Num_Acc;lum;departement;commune;agglomeration;intersection;meteo;type_collision;lat;long;date
202400000567.0;1;80;80116;1;4;1.0;3.0;49.7521;2.659796;2024-05-02 10:15:00
202400000568.0;1;63;63160;1;1;1.0;7.0;45.57554;3.315103;2024-10-24 18:01:00
202400000569.0;5;75;75118;2;1;1.0;2.0;48.89936;2.35873;2024-09-17 22:40:00
202400000570.0;5;49;49223;2;2;1.0;3.0;47.401715;-0.525257;2024-04-30 23:40:00
202400000571.0;1;76;76711;2;1;1.0;7.0;50.061828;1.370904;2024-10-25 15:40:00
202400000572.0;1;75;75116;2;4;1.0;2.0;48.874175;2.244882;2024-09-18 19:10:00
202400000573.0;1;22;22207;1;1;1.0;7.0;48.606791;-3.497155;2024-05-02 13:45:00
202400000574.0;1;61;61414;2;1;1.0;2.0;48.523877;0.538254;2024-10-24 17:15:00
202400000575.0;5;89;89024;2;2;1.0;3.0;47.80179;3.56356;2024-08-10 22:50:00
202400000576.0;1;61;61283;1;1;1.0;6.0;48.807026;-0.108479;2024-10-24 07:58:00
202400000577.0;1;22;22183;1;1;1.0;2.0;48.169277;-2.628951;2024-04-29 13:00:00
202400000578.0;1;75;75116;2;4;1.0;1.0;48.858442;2.260764;2024-09-18 12:00:00
202400000579.0;1;86;86194;2;2;1.0;3.0;46.56827;0.34377;2024-08-07 11:00:00
202400000580.0;3;29;29185;1;1;1.0;6.0;48.66971639;-4.20180564;2024-05-02 07:30:00
202400000581.0;1;55;55502;2;1;1.0;1.0;49.492741;5.195739;2024-10-25 16:10:00
202400000582.0;1;75;75116;2;2;1.0;3.0;48.855579;2.270292;2024-09-18 10:30:00
202400000583.0;5;85;85191;2;6;1.0;6.0;46.666156;-1.445115;2024-08-13 23:53:00
202400000584.0;2;31;31033;2;6;1.0;6.0;43.350749;1.473938;2024-05-02 18:35:00
202400000585.0;1;12;12044;1;1;1.0;1.0;43.807705;2.865356;2024-10-25 15:30:00
202400000586.0;1;75;75115;2;2;1.0;6.0;48.846554;2.286138;2024-09-18 08:16:00
202400000587.0;1;54;54447;1;1;1.0;6.0;48.54385875;6.74208641;2024-05-01 09:56:00
202400000588.0;1;42;42059;1;1;1.0;5.0;45.643426;4.368063;2024-10-24 13:50:00
202400000589.0;3;46;46234;1;1;1.0;7.0;44.640975;1.315323;2024-10-24 20:15:00
202400000590.0;2;84;84007;1;3;1.0;1.0;43.9574;4.80304;2024-08-13 21:05:00
202400000591.0;1;75;75114;2;3;1.0;6.0;48.835021;2.324008;2024-09-17 16:15:00
202400000592.0;1;83;83062;2;9;9.0;6.0;43.11545487;5.98111398;2024-08-13 10:00:00
202400000593.0;1;46;46231;2;4;1.0;6.0;44.502088;1.137562;2024-10-24 15:30:00
202400000594.0;1;82;82033;2;1;1.0;6.0;44.0511;1.09813;2024-08-13 18:20:00
202400000595.0;1;25;25228;1;1;1.0;1.0;47.51611;6.866611;2024-10-25 12:35:00
202400000596.0;1;82;82033;2;1;1.0;2.0;44.04958;1.10826;2024-08-13 18:10:00
202400000597.0;1;45;45193;1;1;2.0;1.0;47.794025;2.084248;2024-05-01 07:10:00
202400000598.0;2;44;44067;1;3;1.0;3.0;47.625285;-1.831069;2024-10-22 19:50:00
202400000599.0;1;78;78621;2;1;1.0;2.0;48.778351;2.004744;2024-08-13 12:25:00
202400000600.0;1;73;73241;1;1;1.0;7.0;45.60459415;6.30907148;2024-05-01 16:54:00
202400000601.0;1;43;43203;1;1;2.0;7.0;45.16245338;4.04161;2024-04-28 17:00:00
202400000602.0;5;78;78172;1;4;1.0;2.0;49.002786;2.080781;2024-08-13 23:30:00
202400000603.0;1;21;21640;1;1;2.0;1.0;47.503142;4.263707;2024-05-02 17:40:00
202400000604.0;1;77;77373;2;1;1.0;1.0;48.80341;2.62178;2024-08-13 08:00:00
202400000605.0;3;77;77131;1;1;1.0;7.0;48.83048;3.08734;2024-08-12 22:15:00
202400000606.0;1;21;21562;1;1;1.0;1.0;47.556126;5.377915;2024-05-01 18:45:00
202400000607.0;2;21;21534;1;1;1.0;7.0;47.030428;4.906726;2024-05-02 20:30:00
202400000608.0;1;76;76351;2;2;1.0;3.0;49.49421;0.13845;2024-08-12 12:50:00
202400000609.0;3;40;40175;1;1;1.0;6.0;43.821744;-0.363831;2024-05-01 02:00:00
202400000610.0;1;27;27685;1;1;1.0;6.0;48.921153;0.783484;2024-05-01 19:50:00
202400000611.0;1;69;69290;2;1;1.0;4.0;45.70814;4.89922;2024-08-13 13:15:00
202400000612.0;1;37;37045;1;1;1.0;6.0;47.024811;0.627809;2024-05-02 17:30:00
202400000613.0;5;67;67482;2;1;1.0;1.0;48.59689;7.74148;2024-08-13 22:15:00
202400000614.0;1;67;67462;2;6;1.0;6.0;48.26430067;7.44174868;2024-08-12 17:55:00
202400000615.0;1;60;60030;1;1;1.0;6.0;49.35432226;2.10784721;2024-02-26 10:30:00
202400000616.0;1;64;64445;2;1;2.0;2.0;43.31521713;-0.37786558;2024-08-13 12:40:00
202400000617.0;1;987;98715;2;1;1.0;3.0;-17.546202;-149.582007;2024-05-01 07:50:00
202400000618.0;1;64;64445;2;1;1.0;3.0;43.3035;-0.36455;2024-08-12 15:45:00
202400000619.0;2;67;67117;1;1;1.0;7.0;48.76430281;7.34295248;2024-05-02 04:59:00
202400000620.0;1;90;90034;1;1;3.0;2.0;47.64624;6.910824;2024-05-02 14:00:00
202400000621.0;1;59;59512;2;2;8.0;3.0;50.707689;3.186766;2024-08-13 12:00:00
202400000622.0;1;59;59569;2;3;1.0;3.0;50.394437;3.140235;2024-08-12 14:30:00
202400000623.0;3;976;97617;1;1;1.0;5.0;-12.796401;45.130763;2024-05-01 22:15:00
202400000624.0;3;77;77065;1;2;9.0;6.0;48.456758;2.519951;2024-05-02 05:40:00
202400000625.0;1;59;59334;1;1;1.0;3.0;50.39117;3.04705;2024-08-10 08:40:00
202400000626.0;3;973;97305;1;9;1.0;6.0;4.941946;-52.413529;2024-04-30 19:15:00
202400000627.0;1;54;54395;2;2;1.0;1.0;48.69205;6.17993;2024-08-13 07:50:00
202400000628.0;3;971;97117;1;1;1.0;6.0;16.298196;-61.344556;2024-05-01 02:08:00
202400000629.0;1;2B;2B134;2;1;1.0;6.0;42.63478;8.939062;2024-05-01 17:50:00
202400000630.0;1;50;50129;2;1;1.0;7.0;49.658843;-1.6777;2024-08-10 13:35:00
202400000631.0;1;83;83138;1;1;1.0;1.0;43.588205;6.730472;2024-04-30 08:18:00
202400000632.0;1;49;49007;2;1;1.0;5.0;47.47155;-0.52156;2024-08-13 19:12:00
202400000633.0;1;89;89257;2;3;1.0;2.0;47.964843;3.522778;2024-03-20 07:40:00
202400000634.0;1;49;49007;1;1;1.0;4.0;47.4686;-0.587;2024-08-13 16:51:00
202400000635.0;1;71;71588;1;1;3.0;2.0;46.465305;4.086705;2024-05-02 16:20:00
202400000636.0;2;71;71176;1;1;1.0;6.0;46.49265594;4.04164271;2024-05-01 06:00:00
202400000637.0;1;45;45302;2;1;1.0;1.0;47.936931;1.889001;2024-08-13 16:20:00
202400000638.0;1;1;1397;2;3;1.0;3.0;46.312501;6.118848;2024-04-29 19:15:00
202400000639.0;1;45;45234;2;2;2.0;3.0;47.91191;1.89709;2024-08-13 08:25:00
202400000640.0;1;69;69191;2;3;2.0;3.0;45.80194883;4.82016217;2024-05-01 19:00:00
202400000641.0;1;45;45234;2;1;1.0;6.0;47.90624;1.90757;2024-08-12 19:10:00
202400000642.0;1;86;86274;2;1;1.0;6.0;47.068413;0.004333;2024-04-30 11:00:00
202400000643.0;1;45;45004;2;2;1.0;2.0;47.979675;2.73309;2024-08-13 19:00:00
202400000644.0;1;86;86100;1;2;2.0;3.0;46.55221;0.237878;2024-05-01 15:30:00
202400000645.0;1;42;42187;2;5;1.0;6.0;46.04203;4.07302;2024-08-13 10:47:00
202400000646.0;1;86;86019;1;1;3.0;7.0;46.738874;0.466129;2024-05-01 12:55:00
202400000647.0;1;40;40088;2;1;1.0;6.0;43.71334;-1.04865;2024-08-05 15:15:00
202400000648.0;1;29;29124;2;2;1.0;3.0;48.566218;-4.319526;2024-04-08 08:10:00
202400000649.0;1;40;40279;2;1;1.0;7.0;43.72454488;-1.05857313;2024-07-31 15:35:00
202400000650.0;1;37;37214;2;6;1.0;6.0;47.41003;0.66748;2024-08-13 16:10:00
202400000651.0;5;69;69382;1;1;1.0;5.0;45.73468;4.8187;2024-05-01 04:57:00
202400000652.0;1;91;91161;1;1;1.0;7.0;48.7053;2.30579;2024-05-01 11:15:00
202400000653.0;1;35;35238;2;1;1.0;5.0;48.10906402;-1.71774179;2024-08-13 17:15:00
202400000654.0;3;77;77384;1;1;1.0;3.0;48.601274;2.600935;2024-05-01 04:17:00
202400000655.0;1;35;35238;2;3;1.0;3.0;48.1102024;-1.68621629;2024-08-13 15:50:00
202400000656.0;1;93;93066;1;1;1.0;2.0;48.91936344;2.35754643;2024-05-01 13:40:00
202400000657.0;1;74;74010;2;1;1.0;6.0;45.90932;6.11715;2024-02-26 12:50:00
202400000658.0;1;35;35238;2;1;1.0;3.0;48.12871;-1.68767;2024-08-13 15:35:00
202400000659.0;5;74;74010;2;1;1.0;3.0;45.91178;6.13149;2024-02-13 06:50:00
202400000660.0;5;37;37261;2;6;2.0;7.0;47.43021;0.7053;2024-02-19 06:06:00
202400000661.0;1;35;35051;2;6;2.0;2.0;48.10980362;-1.609139;2024-08-13 08:30:00
202400000662.0;3;987;98735;1;1;1.0;3.0;-17.5509414;-149.55215335;2024-04-19 19:00:00
202400000663.0;1;976;97611;2;1;1.0;7.0;-12.777;45.232;2024-04-30 06:50:00
202400000664.0;1;35;35238;2;1;2.0;3.0;48.10601;-1.66645;2024-08-13 07:35:00
202400000665.0;3;974;97411;1;9;1.0;6.0;-20.8855;55.43986;2024-05-01 03:00:00
202400000666.0;5;34;34129;2;1;1.0;6.0;43.58292;3.92549;2024-08-13 21:15:00
202400000667.0;5;974;97411;2;9;1.0;3.0;-20.8895;55.47735;2024-04-30 22:50:00
202400000668.0;5;973;97302;2;2;1.0;3.0;4.9388003;-52.33173788;2024-04-29 19:02:00
202400000669.0;1;34;34336;1;2;1.0;3.0;43.30502;3.29484;2024-08-10 19:00:00
202400000670.0;1;69;69387;2;1;1.0;6.0;45.74776;4.83872;2024-04-30 19:17:00
202400000671.0;1;33;33009;2;2;1.0;3.0;44.6564;-1.17634;2024-08-13 14:50:00
202400000672.0;1;69;69383;2;6;1.0;6.0;45.75346;4.89183;2024-04-30 14:35:00
202400000673.0;1;972;97213;2;1;1.0;7.0;14.6197;-60.99459;2024-04-30 16:10:00
202400000674.0;1;31;31555;2;3;1.0;3.0;43.57607592;1.4511314;2024-08-13 19:45:00
202400000675.0;1;972;97209;1;1;1.0;1.0;14.60589;-61.0561;2024-04-30 07:20:00
202400000676.0;2;31;31555;2;8;1.0;3.0;43.578;1.44743;2024-08-12 20:55:00
202400000677.0;1;971;97113;1;1;1.0;6.0;16.22211;-61.47821;2024-04-30 17:10:00
202400000678.0;1;29;29019;2;1;1.0;6.0;48.385599;-4.528021;2024-08-12 09:30:00
202400000679.0;2;971;97113;1;3;1.0;2.0;16.21779437;-61.49084061;2024-04-29 16:36:00
202400000680.0;1;2A;2A004;1;1;1.0;2.0;41.92852;8.76835;2024-04-30 16:40:00
202400000681.0;1;22;22113;1;1;1.0;3.0;48.74412;-3.53568;2024-08-12 20:30:00
202400000682.0;1;95;95218;2;1;1.0;6.0;49.022797;2.110499;2024-04-29 15:30:00
202400000683.0;1;95;95018;2;1;1.0;6.0;48.949062;2.253406;2024-02-26 12:25:00
202400000684.0;1;13;13206;2;2;1.0;1.0;43.29029;5.37606;2024-08-13 10:32:00
202400000685.0;1;13;13209;2;1;1.0;1.0;43.2595;5.41426;2024-08-13 08:30:00
202400000686.0;1;91;91570;2;5;1.0;3.0;48.62579;2.31398;2024-04-29 15:30:00
202400000687.0;5;88;88209;2;1;1.0;1.0;48.19572;6.43772;2024-04-26 23:10:00
202400000688.0;1;87;87085;2;1;1.0;7.0;45.83295;1.25582;2024-04-29 10:55:00
202400000689.0;1;13;13216;2;3;1.0;3.0;43.36256052;5.31886038;2024-08-13 09:20:00
202400000690.0;5;87;87085;2;1;2.0;7.0;45.82651;1.25728;2024-04-28 23:07:00
202400000691.0;1;13;13047;2;6;1.0;6.0;43.51053;4.9883;2024-08-13 09:05:00
202400000692.0;5;87;87085;2;2;2.0;5.0;45.82604;1.26802;2024-04-26 22:07:00
202400000693.0;1;13;13098;1;1;1.0;2.0;43.44513;5.02521;2024-08-12 17:25:00
202400000694.0;1;85;85191;2;6;1.0;3.0;46.673857;-1.40328;2024-04-30 17:45:00
202400000695.0;1;12;12084;1;1;1.0;1.0;44.0492;3.04611;2024-08-12 17:10:00
202400000696.0;1;83;83062;1;1;1.0;6.0;43.13961;6.02832;2024-04-30 10:50:00
202400000697.0;1;10;10362;2;3;1.0;7.0;48.29334;4.05013;2024-08-12 18:10:00
202400000698.0;1;83;83137;2;3;1.0;3.0;43.14001051;5.91307342;2024-04-30 07:40:00
202400000699.0;3;80;80131;1;1;1.0;1.0;49.84001;2.40457;2024-04-30 05:15:00
202400000700.0;1;75;75115;2;1;1.0;2.0;48.831424;2.282854;2024-08-13 10:15:00
202400000701.0;1;77;77326;1;3;1.0;1.0;48.58155;2.55377;2024-04-25 12:53:00
202400000702.0;1;75;75118;2;1;1.0;4.0;48.900841;2.341275;2024-08-12 10:15:00
202400000703.0;1;77;77251;1;1;1.0;6.0;48.6107663;2.5422771;2024-04-29 15:20:00
202400000704.0;5;75;75118;2;7;1.0;6.0;48.895191;2.346586;2024-08-12 03:12:00
202400000705.0;1;77;77445;1;9;8.0;6.0;48.594283;2.568008;2024-04-29 13:33:00
202400000706.0;1;76;76351;2;1;1.0;3.0;49.4912;0.126;2024-04-30 07:30:00
202400000707.0;1;75;75120;2;2;1.0;3.0;48.866664;2.397136;2024-08-12 15:15:00
202400000708.0;1;74;74012;2;1;1.0;6.0;46.19034;6.23366;2024-04-30 14:45:00
202400000709.0;1;71;71153;2;1;8.0;6.0;46.80664;4.4305;2024-04-30 17:16:00
202400000710.0;1;75;75118;2;2;1.0;3.0;48.899423;2.344272;2024-08-13 19:30:00
202400000711.0;1;67;67482;2;1;1.0;1.0;48.57504;7.75966;2024-04-30 19:10:00
202400000712.0;1;75;75117;2;2;1.0;3.0;48.883121;2.287414;2024-08-13 17:20:00
202400000713.0;1;67;67482;2;3;1.0;3.0;48.55291;7.74386;2024-04-30 12:40:00
202400000714.0;1;75;75117;2;3;8.0;3.0;48.884521;2.287033;2024-08-13 08:45:00
202400000715.0;1;67;67447;2;1;1.0;3.0;48.59925;7.74255;2024-04-29 19:40:00
202400000716.0;1;75;75113;2;1;1.0;6.0;48.821355;2.368403;2024-08-13 14:41:00
202400000717.0;1;66;66136;2;1;2.0;6.0;42.69253;2.89178;2024-04-30 10:30:00
202400000718.0;1;75;75112;2;3;1.0;6.0;48.851604;2.374859;2024-08-13 13:20:00
202400000719.0;1;94;94073;1;1;1.0;7.0;48.75404;2.36972;2024-08-13 20:15:00
202400000720.0;1;59;59515;2;3;1.0;3.0;50.327782;3.432859;2024-04-24 09:40:00
202400000721.0;1;59;59606;2;1;1.0;6.0;50.363541;3.529803;2024-04-05 16:25:00
202400000722.0;1;94;94054;2;1;1.0;3.0;48.74000711;2.40006691;2024-08-13 12:01:00
202400000723.0;1;94;94077;2;1;1.0;6.0;48.72542;2.43685;2024-08-12 13:35:00
202400000724.0;1;59;59299;1;9;2.0;2.0;50.64661;3.19581;2024-04-30 19:30:00
202400000725.0;5;94;94079;2;1;1.0;6.0;48.82672159;2.53855768;2024-08-12 22:35:00
202400000726.0;1;59;59350;2;1;1.0;6.0;50.6448;3.06044;2024-04-30 10:10:00
202400000727.0;4;56;56260;2;4;1.0;6.0;47.6543;-2.78342;2024-04-30 23:50:00
202400000728.0;1;94;94071;2;3;1.0;3.0;48.77816;2.5118;2024-08-12 15:25:00
202400000729.0;1;56;56121;2;1;3.0;6.0;47.75003;-3.36154;2024-04-30 17:17:00
202400000730.0;1;93;93066;2;1;1.0;3.0;48.938427;2.353008;2024-08-13 12:20:00
202400000731.0;1;56;56098;2;3;7.0;2.0;47.77525;-3.34617;2024-04-29 15:00:00
202400000732.0;1;93;93066;2;9;8.0;6.0;48.91527269;2.35787205;2024-08-13 12:00:00
202400000733.0;1;51;51454;2;2;1.0;3.0;49.25228;4.049387;2024-04-30 15:45:00
202400000734.0;1;93;93053;2;1;1.0;3.0;48.88704;2.46801;2024-08-13 19:15:00
202400000735.0;1;51;51108;2;1;1.0;6.0;48.95;4.37;2024-04-28 17:43:00
202400000736.0;1;93;93053;2;1;1.0;3.0;48.90094322;2.45557237;2024-08-13 15:06:00
202400000737.0;1;50;50129;2;3;1.0;3.0;49.63413;-1.59571;2024-04-29 18:20:00
202400000738.0;1;93;93048;2;1;8.0;1.0;48.86584233;2.43018872;2024-08-13 14:40:00
202400000739.0;1;49;49007;2;2;1.0;2.0;47.48708;-0.54;2024-04-29 13:42:00
202400000740.0;5;93;93046;2;2;1.0;3.0;48.9129;2.5184;2024-08-13 01:00:00
202400000741.0;1;47;47001;2;1;1.0;2.0;44.18911;0.63039;2024-04-30 18:05:00
202400000742.0;1;93;93029;2;1;1.0;3.0;48.93686549;2.44777525;2024-08-13 18:35:00
202400000743.0;1;93;93029;2;1;1.0;6.0;48.92873856;2.4526416;2024-08-13 19:00:00
202400000744.0;1;44;44109;2;6;1.0;3.0;47.20679016;-1.53951645;2024-04-30 20:30:00
202400000745.0;1;37;37214;2;1;1.0;6.0;47.40835;0.67738;2024-04-30 20:00:00
202400000746.0;1;93;93027;2;6;1.0;3.0;48.9210191;2.41032074;2024-08-13 18:15:00
202400000747.0;1;37;37122;2;6;1.0;1.0;47.33551;0.65273;2024-04-30 08:45:00
202400000748.0;1;93;93008;2;1;7.0;6.0;48.91314;2.427653;2024-07-28 09:45:00
202400000749.0;5;36;36044;2;1;1.0;3.0;46.79428;1.70533;2024-04-30 21:40:00
202400000750.0;1;92;92078;2;8;1.0;3.0;48.93512931;2.32879525;2024-08-13 13:12:00
202400000751.0;1;35;35238;1;1;1.0;6.0;48.09033378;-1.6298309;2024-04-30 08:20:00
202400000752.0;1;92;92062;2;2;1.0;3.0;48.88345361;2.23571717;2024-07-02 18:30:00
202400000753.0;1;33;33065;2;3;1.0;5.0;44.81494;-0.52767;2024-04-30 18:30:00
202400000754.0;1;92;92026;2;1;1.0;6.0;48.89377;2.24865;2024-08-13 18:20:00
202400000755.0;1;33;33063;2;1;1.0;3.0;44.85897;-0.58949;2024-04-30 11:30:00
202400000756.0;2;92;92025;2;3;1.0;3.0;48.92981;2.24604;2024-08-13 06:20:00
202400000757.0;1;33;33529;2;9;1.0;2.0;44.6467311;-1.1577766;2024-04-30 11:50:00
202400000758.0;1;92;92025;2;1;1.0;3.0;48.91421662;2.22957454;2024-08-12 14:30:00
202400000759.0;1;31;31555;2;1;1.0;6.0;43.56463;1.4018;2024-04-30 17:46:00
202400000760.0;1;60;60533;2;1;7.0;3.0;49.531455;2.732576;2024-08-12 14:30:00
202400000761.0;5;31;31555;2;9;2.0;2.0;43.61358;1.45082;2024-04-29 02:20:00
202400000762.0;1;34;34276;1;2;1.0;2.0;43.776292;3.86281;2024-08-14 09:00:00
202400000763.0;1;2;2615;1;1;1.0;6.0;49.908345;3.243295;2024-08-13 16:40:00
202400000764.0;1;27;27229;2;1;1.0;6.0;49.0329;1.15522;2024-04-30 11:20:00
202400000765.0;1;25;25204;1;2;1.0;2.0;46.9313;6.36046;2024-04-30 16:10:00
202400000766.0;3;6;6161;2;1;1.0;3.0;43.6272403;7.1326239;2024-08-13 23:00:00
202400000767.0;1;25;25462;2;3;1.0;6.0;46.90177;6.35986;2024-04-29 14:50:00
202400000768.0;1;974;97410;1;1;1.0;1.0;-21.0957;55.67804;2024-08-10 13:00:00
202400000769.0;1;25;25056;2;1;1.0;6.0;47.24246;6.023424;2024-04-30 12:25:00
202400000770.0;1;62;62405;2;3;1.0;1.0;50.290289;2.958989;2024-08-12 13:50:00
202400000771.0;1;19;19269;2;1;1.0;6.0;45.53923;1.794382;2024-08-13 11:20:00
202400000772.0;1;25;25056;2;1;1.0;7.0;47.24411;6.0048;2024-04-30 14:21:00
202400000773.0;1;76;76377;2;3;1.0;6.0;49.48855;1.140287;2024-08-14 11:15:00
202400000774.0;1;22;22278;2;6;1.0;2.0;48.51096;-2.75086;2024-04-30 08:55:00
202400000775.0;2;82;82030;1;1;1.0;6.0;44.005645;1.094357;2024-08-13 06:50:00
202400000776.0;5;21;21231;2;3;1.0;3.0;47.340875;5.062741;2024-02-27 02:05:00
202400000777.0;1;82;82195;1;1;1.0;1.0;44.063398;1.287889;2024-08-13 15:00:00
202400000778.0;1;69;69084;1;2;1.0;3.0;46.183396;4.705088;2024-07-09 17:10:00
202400000779.0;1;19;19031;2;6;1.0;3.0;45.15648;1.50431;2024-04-29 16:35:00
202400000780.0;1;32;32384;1;1;1.0;6.0;43.734782;0.491665;2024-08-13 11:50:00
202400000781.0;1;17;17306;2;6;1.0;3.0;45.648913;-1.024503;2024-04-30 14:30:00
202400000782.0;1;12;12133;2;6;2.0;6.0;44.292516;2.559385;2024-08-14 12:00:00
202400000783.0;1;17;17306;2;1;1.0;6.0;45.628284;-1.052903;2024-04-30 09:25:00
202400000784.0;1;14;14366;2;1;1.0;7.0;49.144935;0.223051;2024-04-30 14:35:00
202400000785.0;1;46;46073;1;1;1.0;1.0;44.4024328;1.62032418;2024-08-13 17:00:00
202400000786.0;1;13;13211;2;3;1.0;3.0;43.2839;5.4667;2024-04-30 19:05:00
202400000787.0;1;47;47185;1;1;2.0;7.0;44.452125;0.964576;2024-08-14 12:00:00
202400000788.0;1;13;13216;2;1;1.0;2.0;43.36259;5.33607;2024-04-30 20:15:00
202400000789.0;1;47;47106;2;6;1.0;3.0;44.493498;0.947791;2024-08-12 14:59:00
202400000790.0;1;13;13213;2;2;1.0;3.0;43.34431386;5.44326097;2024-04-30 16:00:00
202400000791.0;1;13;13211;2;3;1.0;5.0;43.29607;5.48649;2024-04-30 07:06:00
202400000792.0;2;86;86064;2;1;2.0;3.0;46.260795;0.430052;2024-08-13 06:45:00
202400000793.0;1;34;34293;1;1;1.0;6.0;43.591115;2.700437;2024-08-13 15:51:00
202400000794.0;1;13;13047;2;3;1.0;3.0;43.50618;4.96915;2024-04-30 17:30:00
202400000795.0;1;13;13001;2;1;1.0;1.0;43.51423;5.43151;2024-04-30 13:25:00
202400000796.0;1;39;39128;2;6;1.0;3.0;46.958791;5.405967;2024-08-10 20:20:00
202400000797.0;1;11;11069;2;1;1.0;7.0;43.2141;2.3471;2024-04-30 13:30:00
202400000798.0;1;38;38444;2;1;1.0;1.0;44.87511;5.82402;2024-08-14 15:15:00
202400000799.0;1;11;11069;2;2;2.0;3.0;43.2101;2.36448;2024-04-29 16:30:00
202400000800.0;1;5;5046;1;1;1.0;6.0;44.551734;6.483956;2024-08-13 11:00:00
202400000801.0;1;11;11069;1;4;3.0;3.0;43.20419;2.38646;2024-04-29 13:20:00
202400000802.0;1;64;64436;2;4;2.0;3.0;43.239783;-1.296709;2024-08-14 15:45:00
202400000803.0;1;10;10333;2;6;1.0;7.0;48.28;4.05;2024-04-19 20:10:00
202400000804.0;1;10;10423;2;1;7.0;1.0;48.238199;4.383243;2024-08-13 15:45:00
202400000805.0;1;6;6069;2;1;1.0;3.0;43.63297;6.91754;2024-04-29 08:30:00
202400000806.0;3;7;7009;1;1;6.0;6.0;45.2325;4.799738;2024-08-13 21:55:00
202400000807.0;1;2;2722;2;6;2.0;3.0;49.37077;3.32327;2024-04-27 19:10:00
202400000808.0;2;24;24520;1;1;1.0;6.0;44.901712;1.197853;2024-08-13 21:00:00
202400000809.0;1;1;1053;2;2;8.0;3.0;46.209665;5.230125;2024-04-30 13:20:00
202400000810.0;3;4;4001;1;1;1.0;2.0;44.062079;6.168212;2024-08-10 04:55:00
202400000811.0;1;75;75112;2;1;1.0;3.0;48.827646;2.393653;2024-04-30 16:10:00
202400000812.0;1;75;75116;2;1;1.0;3.0;48.87388971;2.27520669;2024-04-30 14:00:00
202400000813.0;3;17;17101;1;1;1.0;7.0;45.957975;-0.350565;2024-08-14 04:30:00
202400000814.0;5;75;75112;2;1;1.0;3.0;48.827816;2.394984;2024-04-30 04:30:00
202400000815.0;5;75;75105;2;3;1.0;3.0;48.841655;2.351981;2024-04-30 01:50:00
202400000816.0;1;48;48051;1;1;1.0;3.0;44.245875;3.947847;2024-08-13 13:50:00
202400000817.0;1;75;75120;2;3;1.0;6.0;48.864976;2.397353;2024-04-30 17:03:00
202400000818.0;1;6;6152;1;1;1.0;6.0;43.623798;7.004196;2024-08-14 10:50:00
202400000819.0;1;75;75120;2;2;2.0;3.0;48.853493;2.410592;2024-04-30 08:20:00
202400000820.0;3;60;60533;1;1;1.0;2.0;49.54042885;2.72695684;2024-08-14 01:00:00
202400000821.0;1;75;75120;2;2;8.0;3.0;48.848877;2.399418;2024-04-30 08:29:00
202400000822.0;1;974;97408;2;1;1.0;2.0;-20.937137;55.332545;2024-08-13 12:45:00
202400000823.0;1;75;75115;2;2;1.0;1.0;48.828493;2.30137;2024-04-30 19:50:00
202400000824.0;5;971;97114;2;1;1.0;3.0;16.134029;-61.577822;2024-07-30 19:00:00
202400000825.0;1;75;75114;2;3;1.0;6.0;48.83308;2.33152;2024-04-29 10:55:00
202400000826.0;1;34;34145;1;2;1.0;1.0;43.668873;4.143401;2024-08-11 20:30:00
202400000827.0;1;34;34145;2;1;1.0;3.0;43.67983;4.144582;2024-06-27 17:30:00
202400000828.0;1;75;75112;2;3;1.0;3.0;48.84763;2.389053;2024-04-29 19:35:00
202400000829.0;1;83;83047;2;1;1.0;3.0;43.125378;6.059309;2024-08-14 16:00:00
202400000830.0;3;54;54186;1;6;1.0;7.0;48.739875;6.223428;2024-08-14 00:20:00
202400000831.0;5;75;75108;2;3;1.0;3.0;48.87376681;2.32704699;2024-04-29 22:58:00
202400000832.0;1;3;3200;1;1;1.0;6.0;46.574302;3.304401;2024-08-14 15:43:00
202400000833.0;1;75;75103;2;2;1.0;6.0;48.865988;2.353776;2024-04-29 13:30:00
202400000834.0;1;63;63417;1;1;1.0;1.0;45.82810307;3.04668674;2024-08-13 18:19:00
202400000835.0;2;94;94015;2;2;2.0;3.0;48.83249;2.5311;2024-04-27 20:40:00
202400000836.0;1;38;38545;2;1;1.0;2.0;45.048076;5.668302;2024-08-12 11:30:00
202400000837.0;1;94;94038;2;1;1.0;1.0;48.77799877;2.36326084;2024-04-30 20:20:00
202400000838.0;1;7;7324;2;1;1.0;6.0;45.068766;4.830594;2024-08-14 15:20:00
202400000839.0;1;94;94022;2;3;1.0;3.0;48.7624186;2.40664691;2024-04-30 18:15:00
202400000840.0;1;69;69028;2;1;1.0;1.0;45.720934;4.703462;2024-08-12 11:35:00
202400000841.0;1;94;94069;2;5;1.0;3.0;48.81809;2.42438;2024-04-30 16:20:00
202400000842.0;1;81;81251;1;1;2.0;6.0;43.548136;2.08384;2024-08-14 18:30:00
202400000843.0;1;79;79020;1;2;1.0;3.0;46.431239;-0.309645;2024-07-30 08:30:00
202400000844.0;1;94;94017;2;2;1.0;3.0;48.8121767;2.53400919;2024-04-24 07:55:00
202400000845.0;3;40;40184;1;1;1.0;6.0;44.17931261;-1.28807112;2024-08-13 22:13:00
202400000846.0;1;33;33238;1;1;1.0;7.0;44.728168;-0.621779;2024-08-11 11:20:00
202400000847.0;1;94;94002;2;2;1.0;6.0;48.8145143;2.4121753;2024-04-26 18:35:00
202400000848.0;1;33;33159;1;1;1.0;7.0;45.218362;-0.580451;2024-08-13 12:40:00
202400000849.0;1;33;33449;2;2;1.0;3.0;44.895898;-0.735655;2024-08-01 18:30:00
202400000850.0;1;49;49298;2;6;1.0;3.0;47.454903;-0.66581;2024-07-22 16:45:00
202400000851.0;1;14;14488;2;3;1.0;2.0;49.273342;-0.254064;2024-08-14 08:10:00