Num_Acc;lum;departement;commune;agglomeration;intersection;meteo;type_collision;lat;long;date
202400000852.0;3;56;56241;1;9;1.0;6.0;47.341629;-3.216215;2024-08-14 03:45:00
202400000853.0;1;22;22178;1;1;1.0;1.0;48.685634;-2.999933;2024-08-09 17:25:00
202400000854.0;1;13;13214;1;1;1.0;2.0;43.33439187;5.38303265;2024-08-12 17:20:00
202400000855.0;1;69;69290;1;1;1.0;4.0;45.69805;4.97661;2024-08-12 11:10:00
202400000856.0;1;33;33318;1;1;1.0;6.0;44.78506;-0.62953;2024-08-12 17:20:00
202400000857.0;1;33;33013;1;1;1.0;3.0;44.8687;-0.498559;2024-08-08 08:05:00
202400000858.0;1;75;75113;1;1;1.0;6.0;48.81636547;2.35978336;2024-08-13 12:20:00
202400000859.0;1;91;91136;1;1;1.0;6.0;48.71515;2.26842;2024-08-12 20:30:00
202400000860.0;1;93;93051;1;1;1.0;2.0;48.83550949;2.5693073;2024-08-13 12:54:00
202400000861.0;1;77;77450;1;1;1.0;7.0;48.713981;2.599719;2024-08-13 11:30:00
202400000862.0;1;94;94069;1;1;1.0;4.0;48.8168746;2.44756528;2024-08-12 18:20:00
202400000863.0;1;94;94074;1;1;1.0;6.0;48.76893701;2.45045185;2024-08-12 15:40:00
202400000864.0;1;94;94081;1;1;1.0;6.0;48.77525185;2.41208883;2024-08-12 09:18:00
202400000865.0;1;77;77146;1;1;1.0;6.0;48.83168;2.647564;2024-08-12 08:15:00
202400000866.0;1;35;35288;2;2;1.0;3.0;48.646321;-1.988633;2024-04-03 14:45:00
202400000867.0;1;988;98818;2;2;1.0;3.0;-22.27744;166.44986;2024-08-17 16:35:00
202400000868.0;1;974;97416;2;1;1.0;6.0;-21.3331;55.45728;2024-08-12 11:45:00
202400000869.0;5;974;97416;2;2;1.0;3.0;-21.34019;55.47539;2024-08-11 00:05:00
202400000870.0;1;973;97302;2;1;1.0;6.0;4.93976748;-52.33316392;2024-08-12 16:30:00
202400000871.0;1;973;97302;2;1;1.0;3.0;4.93084;-52.30567;2024-08-12 09:20:00
202400000872.0;1;973;97302;2;3;1.0;3.0;4.91994339;-52.31957486;2024-08-12 08:50:00
202400000873.0;5;972;97213;1;1;1.0;5.0;14.61806;-61.0344;2024-08-06 20:40:00
202400000874.0;1;972;97209;2;1;1.0;2.0;14.607735;-61.070452;2024-08-11 10:10:00
202400000875.0;5;69;69381;2;1;1.0;6.0;45.77127;4.83826;2024-08-12 03:30:00
202400000876.0;1;2A;2A004;1;1;1.0;4.0;41.92748;8.77694;2024-08-12 15:15:00
202400000877.0;1;91;91434;2;2;1.0;6.0;48.65524;2.34726;2024-08-12 13:58:00
202400000878.0;1;89;89024;1;1;1.0;1.0;47.82331;3.60518;2024-08-09 20:05:00
202400000879.0;1;30;30351;2;6;1.0;6.0;43.9583;4.7763;2024-08-07 16:30:00
202400000880.0;1;84;84007;2;2;1.0;3.0;43.9432;4.8657;2024-08-07 12:00:00
202400000881.0;1;30;30351;2;3;1.0;3.0;43.9554;4.7921;2024-08-07 08:45:00
202400000882.0;1;83;83061;1;1;1.0;1.0;43.48452255;6.7772634;2024-08-11 18:30:00
202400000883.0;1;80;80021;2;1;1.0;6.0;49.91123;2.30058;2024-08-11 19:10:00
202400000884.0;1;78;78551;2;1;1.0;3.0;48.89723;2.08535;2024-08-12 14:25:00
202400000885.0;1;77;77083;2;1;1.0;6.0;48.85176;2.59843;2024-08-04 20:30:00
202400000886.0;1;76;76322;2;1;7.0;6.0;49.41938;1.04434;2024-08-12 13:30:00
202400000887.0;1;76;76351;2;2;1.0;6.0;49.506554;0.1482922;2024-07-26 09:10:00
202400000888.0;1;69;69290;2;6;1.0;2.0;45.70418;4.90349;2024-08-12 18:30:00
202400000889.0;1;69;69290;2;3;1.0;3.0;45.71251;4.95589;2024-08-12 11:40:00
202400000890.0;1;67;67482;2;3;1.0;3.0;48.58251;7.70344;2024-08-12 19:10:00
202400000891.0;5;67;67462;2;1;1.0;6.0;48.2632;7.44983;2024-08-11 01:08:00
202400000892.0;1;64;64483;2;1;1.0;6.0;43.38849;-1.64824;2024-08-12 20:25:00
202400000893.0;5;64;64102;2;1;2.0;7.0;43.50351;-1.4675;2024-08-12 23:45:00
202400000894.0;1;64;64102;2;1;1.0;7.0;43.49648;-1.46913;2024-08-12 11:20:00
202400000895.0;1;61;61001;2;2;1.0;6.0;48.424803;0.09114;2024-08-12 09:49:00
202400000896.0;1;59;59599;2;2;1.0;3.0;50.734655;3.185379;2024-08-12 12:10:00
202400000897.0;5;59;59512;2;2;1.0;3.0;50.69111;3.16023;2024-08-12 01:30:00
202400000898.0;4;56;56036;1;1;1.0;6.0;47.77447;-3.36798;2024-08-11 02:07:00
202400000899.0;1;56;56162;2;6;7.0;3.0;47.73246;-3.43109;2024-08-11 14:00:00
202400000900.0;1;54;54395;2;1;1.0;3.0;48.69652;6.1811;2024-08-11 14:35:00
202400000901.0;1;51;51454;2;1;1.0;6.0;49.246503;4.012355;2024-08-11 19:30:00
202400000902.0;1;51;51454;2;1;1.0;3.0;49.25944;4.028602;2024-08-11 17:10:00
202400000903.0;1;51;51454;2;6;1.0;3.0;49.2819;4.01174;2024-08-10 17:50:00
202400000904.0;1;35;35238;2;1;1.0;6.0;48.13241;-1.69933;2024-08-12 16:00:00
202400000905.0;1;33;33550;2;3;1.0;3.0;44.792726;-0.567316;2024-08-07 11:25:00
202400000906.0;1;33;33529;2;1;1.0;3.0;44.64102;-1.155926;2024-08-12 20:00:00
202400000907.0;4;29;29039;2;1;1.0;3.0;47.875545;-3.919217;2024-08-11 22:20:00
202400000908.0;1;29;29019;2;1;1.0;4.0;48.393901;-4.492897;2024-08-12 17:50:00
202400000909.0;5;27;27375;2;1;1.0;6.0;49.21414;1.15836;2024-08-12 00:08:00
202400000910.0;1;26;26198;1;1;1.0;1.0;44.52535437;4.77778673;2024-08-12 10:15:00
202400000911.0;1;22;22187;1;9;1.0;6.0;48.53384;-2.74633;2024-08-12 20:00:00
202400000912.0;1;14;14220;2;1;1.0;3.0;49.35961;0.07498;2024-08-12 19:00:00
202400000913.0;4;14;14715;2;1;1.0;6.0;49.3643;0.08671;2024-08-11 01:00:00
202400000914.0;5;13;13208;2;1;1.0;3.0;43.25594;5.37658;2024-08-12 22:15:00
202400000915.0;1;13;13213;2;1;1.0;1.0;43.32357;5.45035;2024-08-11 12:55:00
202400000916.0;5;13;13207;2;9;1.0;1.0;43.28475;5.35001;2024-08-11 03:14:00
202400000917.0;1;13;13001;2;1;1.0;3.0;43.5247483;5.44378624;2024-08-07 16:00:00
202400000918.0;1;7;7316;2;1;1.0;7.0;44.91739;4.86017;2024-08-10 18:25:00
202400000919.0;1;94;94028;1;1;1.0;2.0;48.78707;2.44233;2024-07-08 17:34:00
202400000920.0;1;93;93066;2;3;8.0;3.0;48.94368;2.34752;2024-07-10 10:45:00
202400000921.0;5;93;93051;2;6;1.0;2.0;48.84029;2.55091;2024-07-10 00:25:00
202400000922.0;1;93;93029;2;1;1.0;3.0;48.92034967;2.45241374;2024-07-10 14:45:00
202400000923.0;1;93;93008;2;1;1.0;2.0;48.90591;2.42223;2024-07-09 18:20:00
202400000924.0;1;93;93005;2;1;1.0;6.0;48.9290988;2.49526504;2024-07-09 09:30:00
202400000925.0;1;92;92076;2;1;2.0;6.0;48.84496427;2.15274007;2024-07-09 15:38:00
202400000926.0;5;92;92050;2;1;1.0;7.0;48.88843527;2.22535372;2024-07-09 23:00:00
202400000927.0;5;92;92024;2;2;1.0;1.0;48.90850924;2.300116;2024-07-08 23:15:00
202400000928.0;1;92;92012;2;1;1.0;3.0;48.82981565;2.24567413;2024-07-10 20:10:00
202400000929.0;1;92;92012;2;1;1.0;3.0;48.83270401;2.25017416;2024-07-10 12:40:00
202400000930.0;1;92;92007;2;6;1.0;6.0;48.7970381;2.29930446;2024-07-09 07:10:00
202400000931.0;1;92;92002;2;3;1.0;3.0;48.76306769;2.3055777;2024-07-10 20:00:00
202400000932.0;1;60;60232;1;2;1.0;3.0;49.588069;2.507844;2024-07-11 16:45:00
202400000933.0;3;60;60102;1;6;1.0;6.0;49.302097;2.558849;2024-07-11 04:40:00
202400000934.0;1;63;63026;1;1;1.0;7.0;45.660862;3.040069;2024-07-09 20:30:00
202400000935.0;1;51;51433;1;1;1.0;7.0;48.73638;4.673996;2024-07-10 16:00:00
202400000936.0;2;85;85290;1;1;1.0;7.0;46.55294;-1.019787;2024-07-10 22:30:00
202400000937.0;1;12;12098;2;3;7.0;6.0;44.553449;2.671826;2024-07-10 17:08:00
202400000938.0;2;71;71170;1;1;1.0;6.0;46.90028824;4.82249644;2024-07-11 05:45:00
202400000939.0;1;87;87085;2;1;2.0;7.0;45.81982;1.22359;2024-02-11 12:35:00
202400000940.0;1;87;87085;2;1;5.0;7.0;45.83245;1.25923;2024-02-07 15:12:00
202400000941.0;2;85;85194;2;6;2.0;2.0;46.49982;-1.75642;2024-02-10 17:55:00
202400000942.0;1;84;84007;2;3;1.0;6.0;43.94282;4.80538;2024-02-11 16:30:00
202400000943.0;3;84;84007;1;1;2.0;4.0;43.89048;4.9115;2024-02-10 18:00:00
202400000944.0;3;82;82033;1;1;6.0;6.0;44.0341;1.17375;2024-02-11 02:21:00
202400000945.0;1;76;76351;2;1;1.0;7.0;49.49998568;0.12858241;2024-02-10 11:30:00
202400000946.0;5;76;76351;2;1;1.0;2.0;49.5004;0.1382;2024-02-11 20:55:00
202400000947.0;1;76;76351;1;1;1.0;2.0;49.5021;0.18879;2024-02-11 16:10:00
202400000948.0;1;76;76351;2;2;2.0;3.0;49.50749;0.15405;2024-02-10 11:15:00
202400000949.0;5;70;70513;2;3;2.0;3.0;47.6285;6.1288;2024-02-12 19:30:00
202400000950.0;1;69;69266;2;2;1.0;3.0;45.76049328;4.92047029;2024-02-12 17:00:00
202400000951.0;1;64;64122;2;1;1.0;2.0;43.4771;-1.5448;2024-02-12 17:15:00
202400000952.0;5;64;64102;2;1;1.0;2.0;43.50647;-1.48559;2024-02-11 19:09:00
202400000953.0;5;61;61169;2;1;3.0;6.0;48.750378;-0.563178;2024-02-08 18:05:00
202400000954.0;5;59;59163;2;1;1.0;;50.68459;3.15023;2024-02-11 21:20:00
202400000955.0;5;59;59574;2;1;2.0;6.0;50.34812;3.28102;2024-02-10 18:30:00
202400000956.0;1;55;55029;2;1;1.0;6.0;48.76971;5.1639;2024-02-07 08:00:00
202400000957.0;1;51;51454;2;1;1.0;4.0;49.226781;4.028438;2024-02-12 16:47:00
202400000958.0;5;49;49007;2;6;2.0;3.0;47.4652;-0.55715;2024-02-12 07:36:00
202400000959.0;5;45;45147;1;1;1.0;6.0;47.939008;1.930319;2024-02-12 07:34:00
202400000960.0;5;37;37261;2;1;1.0;2.0;47.37414;0.70052;2024-02-12 18:00:00
202400000961.0;5;34;34172;2;1;2.0;6.0;43.60867;3.84566;2024-02-12 19:00:00
202400000962.0;1;33;33281;2;3;8.0;1.0;44.83769;-0.6673;2024-02-12 09:30:00
202400000963.0;2;33;33318;2;6;1.0;6.0;44.789992;-0.634767;2024-02-11 18:30:00
202400000964.0;5;25;25056;2;1;1.0;3.0;47.221372;5.967335;2024-02-12 18:30:00
202400000965.0;3;15;15014;1;1;3.0;6.0;44.94274;2.44841;2024-02-11 03:19:00
202400000966.0;3;14;14243;1;1;2.0;6.0;49.39776;0.21438;2024-02-11 06:20:00
202400000967.0;1;14;14118;2;1;2.0;7.0;49.17294;-0.34456;2024-02-11 17:45:00
202400000968.0;5;13;13212;2;1;1.0;3.0;43.319;5.43937;2024-02-12 18:25:00
202400000969.0;2;13;13001;2;6;1.0;3.0;43.52194;5.43262;2024-02-12 18:30:00
202400000970.0;3;12;12145;1;1;2.0;1.0;44.08831918;3.08824664;2024-02-11 19:30:00
202400000971.0;1;6;6083;2;1;1.0;2.0;43.774647;7.496236;2024-02-08 17:00:00
202400000972.0;5;6;6069;2;9;1.0;3.0;43.64108;6.90849;2024-02-12 21:15:00
202400000973.0;5;75;75117;2;1;1.0;1.0;48.881911;2.282727;2024-02-10 20:45:00
202400000974.0;5;75;75117;2;3;1.0;6.0;48.888757;2.308875;2024-02-12 19:00:00
202400000975.0;1;75;75117;2;4;1.0;7.0;48.884433;2.301261;2024-02-12 12:20:00
202400000976.0;5;75;75115;2;1;1.0;7.0;48.842457;2.284918;2024-02-12 20:00:00
202400000977.0;1;75;75110;2;2;1.0;6.0;48.881092;2.365145;2024-02-12 08:55:00
202400000978.0;1;75;75104;2;1;1.0;3.0;48.850719;2.359659;2024-02-12 10:00:00
202400000979.0;1;93;93046;2;1;1.0;1.0;48.92748;2.54797;2024-02-12 11:25:00
202400000980.0;5;93;93063;2;1;2.0;1.0;48.877273;2.43711;2024-02-11 02:00:00
202400000981.0;5;93;93079;2;3;1.0;6.0;48.952976;2.336926;2024-02-12 18:40:00
202400000982.0;5;93;93014;2;3;1.0;3.0;48.90649;2.54936;2024-02-12 19:05:00
202400000983.0;5;93;93001;2;3;1.0;3.0;48.91517644;2.40446359;2024-02-11 23:30:00
202400000984.0;1;92;92051;2;2;1.0;3.0;48.89073993;2.27054375;2024-02-12 11:00:00
202400000985.0;1;92;92040;2;6;1.0;2.0;48.8217764;2.25018203;2024-02-12 11:30:00
202400000986.0;1;92;92040;2;1;1.0;6.0;48.82851626;2.26747146;2024-02-12 11:08:00
202400000987.0;5;92;92035;2;1;1.0;2.0;48.91008511;2.25493523;2024-02-12 19:55:00
202400000988.0;1;974;97411;2;2;1.0;3.0;-20.87591;55.448132;2024-06-06 09:00:00
202400000989.0;1;92;92012;2;1;1.0;2.0;48.831;2.245;2024-02-12 14:09:00
202400000990.0;1;972;97227;1;1;1.0;3.0;14.497179;-60.976825;2024-02-12 17:15:00
202400000991.0;1;971;97101;1;1;1.0;5.0;16.27904;-61.49825;2024-06-07 09:50:00
202400000992.0;3;22;22030;1;1;2.0;6.0;48.704514;-3.379004;2024-01-17 22:20:00
202400000993.0;1;971;97113;2;1;1.0;3.0;16.21227;-61.47561;2024-06-06 09:00:00
202400000994.0;1;974;97410;2;1;1.0;3.0;-21.072297;55.703076;2024-02-13 16:25:00
202400000995.0;1;971;97101;1;1;1.0;3.0;16.29453;-61.50138;2024-06-06 09:45:00
202400000996.0;3;62;62260;1;1;3.0;6.0;50.38459698;2.25907946;2024-02-08 21:30:00
202400000997.0;1;2A;2A004;2;1;1.0;1.0;41.93116;8.73425;2024-06-07 16:50:00
202400000998.0;1;91;91103;2;4;1.0;2.0;48.62506;2.29744;2024-06-07 15:00:00
202400000999.0;1;83;83087;1;1;2.0;5.0;43.385402;5.749004;2024-02-09 17:15:00
202400001000.0;3;19;19241;1;1;2.0;6.0;45.67457684;2.08711839;2024-02-13 00:15:00
202400001001.0;1;91;91425;1;1;1.0;3.0;48.64746;2.26493;2024-05-28 18:20:00
202400001002.0;1;91;91201;2;1;1.0;3.0;48.67384;2.41214;2024-06-07 18:50:00
202400001003.0;3;79;79195;2;3;5.0;7.0;46.942487;-0.591781;2024-02-13 07:10:00
202400001004.0;1;87;87085;2;2;1.0;6.0;45.869262;1.268361;2024-06-06 15:50:00
202400001005.0;2;60;60299;1;2;1.0;1.0;49.63394323;2.21726364;2024-02-13 07:30:00
202400001006.0;1;87;87085;1;4;1.0;3.0;45.8778;1.15929;2024-06-06 13:33:00
202400001007.0;3;64;64419;1;1;1.0;6.0;43.27194745;-0.20792294;2024-02-11 23:50:00
202400001008.0;1;7;7092;1;1;1.0;7.0;44.681333;4.558934;2024-02-12 08:00:00
202400001009.0;2;53;53147;2;6;1.0;2.0;48.294358;-0.61237;2024-02-12 07:40:00
202400001010.0;5;84;84007;2;4;1.0;1.0;43.92887;4.80266;2024-06-07 23:25:00
202400001011.0;1;4;4209;2;1;1.0;6.0;44.191489;5.945081;2024-02-13 14:00:00
202400001012.0;2;85;85140;2;1;5.0;3.0;46.749072;-0.815664;2024-02-13 07:30:00
202400001013.0;1;81;81065;2;1;1.0;6.0;43.6122172;2.2529368;2024-06-07 09:35:00
202400001014.0;1;17;17008;1;2;2.0;3.0;46.243635;-1.015828;2024-02-07 14:45:00
202400001015.0;1;81;81004;2;1;1.0;6.0;43.92274;2.146;2024-06-07 08:47:00
202400001016.0;1;973;97309;2;1;1.0;3.0;4.89879862;-52.27390677;2024-02-13 10:00:00
202400001017.0;3;44;44094;1;1;1.0;2.0;47.313428;-1.412129;2024-02-12 21:45:00
202400001018.0;1;80;80021;2;6;1.0;3.0;49.906724;2.318116;2024-06-07 06:30:00
202400001019.0;3;974;97421;1;1;5.0;7.0;-21.013178;55.480195;2024-02-09 02:00:00
202400001020.0;3;78;78311;2;1;1.0;7.0;48.936645;2.183238;2024-06-07 21:50:00
202400001021.0;1;13;13040;1;3;1.0;2.0;43.479748;5.550756;2024-02-12 08:17:00
202400001022.0;1;11;11190;2;1;1.0;6.0;43.248454;2.660896;2024-02-12 14:00:00
202400001023.0;1;84;84036;1;1;1.0;1.0;43.925282;4.960255;2024-02-13 09:00:00
202400001024.0;1;78;78401;2;1;1.0;2.0;49.00351;1.90677;2024-06-07 15:10:00
202400001025.0;5;6;6011;2;1;1.0;6.0;43.705959;7.334849;2024-02-12 22:40:00
202400001026.0;1;78;78401;2;9;1.0;6.0;49.007101;1.905499;2024-06-07 14:15:00
202400001027.0;1;68;68154;2;6;1.0;2.0;47.779223;7.347472;2024-02-12 14:40:00
202400001028.0;1;77;77169;2;1;1.0;7.0;48.83003;2.6052;2024-06-07 15:45:00
202400001029.0;3;57;57413;1;1;1.0;6.0;49.102568;6.640881;2024-02-12 22:00:00
202400001030.0;1;77;77288;2;1;1.0;6.0;48.54389;2.66106;2024-06-05 12:10:00
202400001031.0;1;7;7324;2;1;1.0;3.0;45.055347;4.836385;2024-02-13 13:25:00
202400001032.0;1;65;65059;2;1;1.0;6.0;43.065275;0.152648;2024-02-13 14:05:00
202400001033.0;2;86;86229;2;1;1.0;7.0;47.073032;-0.0299414;2024-02-12 18:15:00
202400001034.0;1;77;77487;2;3;1.0;3.0;48.528959;2.697188;2024-06-05 12:26:00
202400001035.0;1;29;29046;2;6;1.0;3.0;48.094678;-4.347362;2024-02-11 13:40:00
202400001036.0;1;77;77243;2;1;1.0;6.0;48.87588;2.70141;2024-06-07 17:00:00
202400001037.0;5;59;59611;1;1;1.0;2.0;50.692845;2.983051;2024-02-01 18:25:00
202400001038.0;3;69;69288;1;1;1.0;6.0;45.67041685;5.04600959;2024-02-12 01:05:00
202400001039.0;1;76;76540;2;1;1.0;7.0;49.43242;1.08922;2024-06-07 21:00:00
202400001040.0;1;59;59581;1;1;1.0;4.0;50.69879;2.79834;2024-02-11 10:10:00
202400001041.0;1;76;76540;2;2;1.0;6.0;49.44097;1.0828;2024-06-07 15:30:00
202400001042.0;2;92;92050;1;1;2.0;3.0;48.91427665;2.21944304;2024-02-09 18:11:00
202400001043.0;1;76;76540;2;3;1.0;7.0;49.43717;1.06446;2024-06-06 16:00:00
202400001044.0;3;78;78640;1;1;1.0;2.0;48.781373;2.222972;2024-02-11 19:50:00
202400001045.0;1;72;72181;2;1;1.0;2.0;47.99963;0.20671;2024-06-07 14:00:00
202400001046.0;3;92;92036;1;1;2.0;6.0;48.93914505;2.30230165;2024-02-10 18:30:00
202400001047.0;3;95;95500;1;1;1.0;1.0;49.03932051;2.08540438;2024-02-11 02:29:00
202400001048.0;1;72;72181;2;2;1.0;3.0;47.9684;0.20818;2024-06-07 09:00:00
202400001049.0;2;93;93005;1;1;1.0;2.0;48.96017102;2.47352704;2024-02-11 07:30:00
202400001050.0;1;71;71270;2;2;1.0;6.0;46.30483;4.82818;2024-06-07 09:25:00
202400001051.0;3;95;95500;1;1;1.0;2.0;49.03790652;2.08943382;2024-02-10 23:00:00
202400001052.0;1;69;69266;2;1;1.0;1.0;45.77087;4.86375;2024-06-07 13:18:00
202400001053.0;3;93;93027;1;1;1.0;6.0;48.92581889;2.39958903;2024-02-10 22:30:00
202400001054.0;3;92;92036;1;1;1.0;3.0;48.93788873;2.31490731;2024-02-10 20:40:00
202400001055.0;5;67;67482;2;3;1.0;3.0;48.58141;7.73861;2024-06-07 23:35:00
202400001056.0;1;66;66136;2;1;1.0;3.0;42.701;2.88931;2024-06-07 17:30:00
202400001057.0;1;95;95241;1;1;2.0;1.0;49.04653407;2.43883155;2024-02-10 16:00:00
202400001058.0;1;66;66136;2;1;1.0;2.0;42.69456;2.901421;2024-06-07 15:30:00
202400001059.0;1;94;94081;1;1;1.0;5.0;48.77409978;2.4089616;2024-02-12 12:35:00
202400001060.0;1;66;66136;2;2;1.0;3.0;42.6906;2.9013;2024-06-07 13:50:00
202400001061.0;3;94;94069;1;1;1.0;6.0;48.8171458;2.42648721;2024-02-12 01:44:00
202400001062.0;1;66;66136;2;1;1.0;6.0;42.68667;2.90724;2024-06-07 12:55:00
202400001063.0;1;66;66136;2;1;1.0;7.0;42.68829;2.90918;2024-06-07 07:50:00
202400001064.0;1;973;97302;2;1;1.0;5.0;4.92743557;-52.29076579;2024-02-11 09:40:00
202400001065.0;1;65;65226;1;1;1.0;7.0;43.24075;0.01495;2024-06-06 17:35:00
202400001066.0;1;973;97302;2;3;1.0;3.0;4.91832297;-52.31276393;2024-02-09 10:30:00
202400001067.0;1;64;64445;1;3;1.0;2.0;43.33123;-0.3584;2024-06-07 18:50:00
202400001068.0;5;69;69386;2;3;1.0;3.0;45.77024;4.8607;2024-02-11 21:05:00
202400001069.0;1;64;64445;2;1;1.0;3.0;43.3112456;-0.36339775;2024-06-06 17:05:00
202400001070.0;5;2A;2A004;2;1;1.0;6.0;41.932;8.74;2024-02-12 00:30:00
202400001071.0;1;95;95219;2;1;2.0;6.0;48.98298072;2.2446388;2024-02-11 15:20:00
202400001072.0;1;63;63113;1;2;1.0;3.0;45.77051396;3.14670324;2024-06-06 18:15:00
202400001073.0;3;91;91685;1;3;1.0;6.0;48.66406;2.29554;2024-02-12 01:40:00
202400001074.0;1;63;63113;2;2;2.0;3.0;45.76945255;3.09090257;2024-06-06 13:00:00
202400001075.0;5;91;91161;2;2;1.0;3.0;48.71531;2.298277;2024-02-11 01:40:00
202400001076.0;1;81;81065;2;2;1.0;3.0;43.60763;2.24191;2024-02-11 18:40:00
202400001077.0;5;62;62270;2;2;1.0;3.0;50.46764;2.50291;2024-06-06 23:20:00
202400001078.0;3;77;77350;1;1;1.0;7.0;48.76764;2.64684;2024-02-11 04:15:00
202400001079.0;1;59;59009;2;1;1.0;6.0;50.63014;3.14676;2024-06-07 18:25:00
202400001080.0;1;69;69266;2;2;2.0;2.0;45.77929427;4.86246304;2024-02-11 14:25:00
202400001081.0;1;59;59350;2;1;1.0;3.0;50.6083;3.0598;2024-06-07 17:10:00
202400001082.0;1;64;64249;2;3;1.0;3.0;43.42428;-1.60471;2024-02-11 14:50:00
202400001083.0;1;59;59328;2;1;1.0;3.0;50.65157;3.04072;2024-06-05 11:20:00
202400001084.0;1;63;63113;2;1;1.0;6.0;45.77397;3.1003;2024-02-11 13:03:00
202400001085.0;1;54;54184;2;1;1.0;3.0;48.705135;6.229008;2024-06-07 19:15:00
202400001086.0;1;60;60057;2;9;2.0;6.0;49.4289;2.08549;2024-02-10 18:29:00
202400001087.0;1;54;54300;2;3;1.0;3.0;48.66087;6.22678;2024-06-05 18:45:00
202400001088.0;5;59;59350;2;1;2.0;1.0;50.61653;3.07416;2024-02-10 23:05:00
202400001089.0;5;54;54521;2;1;3.0;6.0;49.47304;5.90551;2024-02-11 20:30:00
202400001090.0;1;54;54261;2;3;1.0;6.0;49.52464;5.7933;2024-06-07 17:29:00
202400001091.0;1;54;54382;1;1;1.0;6.0;49.54661;5.79952;2024-02-11 13:05:00
202400001092.0;1;51;51454;2;3;1.0;3.0;49.24916;4.01658;2024-06-07 07:50:00
202400001093.0;1;54;54036;1;3;2.0;7.0;49.292708;6.002459;2024-02-11 12:00:00
202400001094.0;1;54;54099;1;4;2.0;7.0;49.24241769;6.0245204;2024-02-11 12:38:00
202400001095.0;3;51;51474;2;1;1.0;3.0;49.26828;3.99559;2024-06-06 22:35:00
202400001096.0;5;45;45338;2;6;2.0;6.0;47.9893;2.69522;2024-02-11 06:05:00
202400001097.0;1;51;51454;2;1;1.0;3.0;49.24471;4.05291;2024-06-06 17:45:00
202400001098.0;1;50;50218;1;1;1.0;4.0;48.82593;-1.55997;2024-06-07 08:45:00
202400001099.0;5;37;37261;2;1;8.0;3.0;47.42169;0.70197;2024-02-11 19:40:00
202400001100.0;1;50;50532;2;1;1.0;3.0;48.81022;-1.57033;2024-06-06 18:34:00
202400001101.0;1;37;37233;2;2;1.0;3.0;47.39129;0.73033;2024-02-11 16:30:00
202400001102.0;1;50;50129;2;5;1.0;6.0;49.64542;-1.63814;2024-06-06 18:15:00
202400001103.0;1;34;34172;2;1;1.0;1.0;43.59421;3.87217;2024-02-11 18:00:00
202400001104.0;1;45;45234;2;1;1.0;6.0;47.847438;1.937443;2024-06-07 19:55:00
202400001105.0;2;34;34172;2;1;1.0;6.0;43.6277;3.81554;2024-02-11 18:50:00
202400001106.0;1;45;45286;2;1;7.0;3.0;47.87971;1.93516;2024-06-07 18:30:00
202400001107.0;5;25;25580;2;6;2.0;3.0;47.45448;6.82883;2024-02-10 20:05:00
202400001108.0;1;45;45147;2;1;1.0;6.0;47.930193;1.912986;2024-06-07 08:30:00
202400001109.0;1;42;42218;2;6;3.0;6.0;45.4093;4.3866;2024-05-15 08:10:00
202400001110.0;5;25;25056;2;3;1.0;5.0;47.252546;6.014362;2024-02-11 07:57:00
202400001111.0;2;22;22113;1;1;1.0;7.0;48.74254;-3.41498;2024-02-11 08:25:00
202400001112.0;1;40;40192;2;3;1.0;3.0;43.89072776;-0.48745575;2024-06-05 12:45:00
202400001113.0;2;22;22113;1;1;1.0;7.0;48.71549;-3.3979;2024-02-10 18:10:00
202400001114.0;1;38;38179;2;2;2.0;1.0;45.18524;5.77889;2024-06-07 18:00:00
202400001115.0;5;13;13209;2;1;3.0;7.0;43.25926;5.39768;2024-02-09 17:30:00
202400001116.0;5;37;37261;2;3;1.0;6.0;47.3733161;0.68673402;2024-06-06 04:05:00
202400001117.0;1;5;5061;2;1;1.0;6.0;44.553359;6.07283;2024-01-31 10:45:00
202400001118.0;1;35;35278;2;1;1.0;6.0;48.15432;-1.68668;2024-06-07 09:15:00
202400001119.0;1;75;75117;2;1;8.0;2.0;48.885277;2.287123;2024-02-09 11:10:00
202400001120.0;1;31;31582;1;1;1.0;6.0;43.408939;1.71684;2024-10-24 14:40:00
202400001121.0;1;35;35238;2;2;1.0;3.0;48.10698;-1.67057;2024-06-07 08:50:00
202400001122.0;1;75;75119;2;3;1.0;6.0;48.880173;2.375637;2024-02-11 15:00:00
202400001123.0;1;75;75117;2;2;2.0;6.0;48.895848;2.326736;2024-02-10 10:45:00
202400001124.0;5;34;34172;2;1;1.0;2.0;43.61165;3.82703;2024-06-07 22:00:00
202400001125.0;1;3;3176;1;1;1.0;5.0;46.367239;3.287224;2024-10-25 15:50:00
202400001126.0;1;34;34172;2;1;1.0;2.0;43.60969;3.82239;2024-06-07 11:15:00
202400001127.0;5;75;75115;2;3;1.0;6.0;48.848543;2.297281;2024-02-11 00:40:00
202400001128.0;1;75;75115;2;3;2.0;6.0;48.845569;2.294644;2024-02-10 11:00:00
202400001129.0;1;34;34172;2;2;1.0;3.0;43.59991;3.87528;2024-06-06 20:05:00
202400001130.0;1;58;58047;1;1;1.0;7.0;47.225951;3.757657;2024-10-24 14:30:00
202400001131.0;1;75;75115;2;2;2.0;6.0;48.845512;2.28456;2024-02-11 16:25:00
202400001132.0;2;34;34003;2;1;1.0;2.0;43.31441;3.45962;2024-06-07 19:25:00
202400001133.0;1;66;66016;2;9;1.0;6.0;42.48203;3.128911;2024-10-24 11:20:00
202400001134.0;1;75;75112;2;7;1.0;3.0;48.840243;2.379225;2024-02-09 12:30:00
202400001135.0;5;33;33063;2;6;1.0;1.0;44.89648;-0.55085;2024-06-07 23:40:00