Num_Acc;lum;departement;commune;agglomeration;intersection;meteo;type_collision;lat;long;date
202400001136.0;1;72;72328;2;1;1.0;6.0;48.032832;0.243063;2024-10-24 16:20:00
202400001137.0;1;33;33069;2;1;2.0;6.0;44.870083;-0.611768;2024-06-07 12:30:00
202400001138.0;5;75;75110;2;2;2.0;7.0;48.873793;2.358301;2024-02-11 06:40:00
202400001139.0;5;33;33063;2;3;1.0;6.0;44.83511;-0.56434;2024-06-06 01:00:00
202400001140.0;4;75;75108;2;7;1.0;3.0;48.865896;2.319917;2024-02-11 01:01:00
202400001141.0;5;6;6108;2;1;1.0;6.0;43.580002;6.96012;2024-10-24 22:45:00
202400001142.0;1;29;29232;2;1;1.0;2.0;47.966276;-4.084219;2024-06-07 19:00:00
202400001143.0;3;50;50182;1;1;2.0;6.0;49.179462;-1.483098;2024-10-25 04:00:00
202400001144.0;1;75;75107;2;2;2.0;6.0;48.860542;2.295624;2024-02-10 17:00:00
202400001145.0;1;29;29019;2;6;1.0;2.0;48.415183;-4.479709;2024-06-06 10:30:00
202400001146.0;1;9;9057;1;1;1.0;6.0;42.899912;1.307786;2024-10-24 10:14:00
202400001147.0;1;94;94022;2;3;2.0;1.0;48.77278;2.40011;2024-02-11 08:00:00
202400001148.0;5;94;94069;2;4;2.0;7.0;48.815844;2.458661;2024-02-10 22:15:00
202400001149.0;1;16;16044;1;2;1.0;3.0;46.018862;0.273322;2024-10-21 11:00:00
202400001150.0;1;93;93030;2;3;2.0;2.0;48.948242;2.414141;2024-02-11 15:35:00
202400001151.0;1;27;27229;2;6;1.0;3.0;49.01703;1.17098;2024-06-06 08:35:00
202400001152.0;2;16;16303;1;1;1.0;1.0;45.463011;-0.108787;2024-10-24 19:00:00
202400001153.0;5;93;93005;2;1;1.0;7.0;48.92012317;2.49975845;2024-02-11 00:15:00
202400001154.0;4;92;92025;2;1;2.0;3.0;48.91938285;2.22231209;2024-02-11 07:00:00
202400001155.0;2;22;22106;1;3;1.0;1.0;48.5117;-2.7078;2024-06-07 21:45:00
202400001156.0;5;92;92024;2;1;1.0;6.0;48.91216698;2.31160605;2024-02-11 02:38:00
202400001157.0;1;21;21054;2;1;1.0;6.0;47.016832;4.823216;2024-06-05 18:10:00
202400001158.0;3;7;7090;1;1;2.0;3.0;44.739921;4.655714;2024-10-24 21:50:00
202400001159.0;5;92;92012;2;9;1.0;3.0;48.83935984;2.23134828;2024-02-11 20:20:00
202400001160.0;1;19;19031;2;1;1.0;6.0;45.15602;1.53526;2024-06-07 17:22:00
202400001161.0;5;60;60223;2;6;1.0;6.0;49.42608;2.646718;2024-02-12 07:33:00
202400001162.0;1;53;53097;2;6;1.0;3.0;48.156231;-0.396522;2024-10-23 12:00:00
202400001163.0;5;17;17291;1;3;1.0;7.0;46.173;-1.119;2024-06-07 22:25:00
202400001164.0;1;85;85039;1;1;1.0;6.0;47.007577;-1.21429;2024-10-25 13:53:00
202400001165.0;5;91;91235;2;2;2.0;6.0;48.641184;2.363898;2024-02-12 18:56:00
202400001166.0;1;17;17274;2;9;1.0;3.0;46.152;-1.104;2024-06-07 19:45:00
202400001167.0;3;85;85108;1;1;1.0;6.0;46.93213;-1.36058;2024-10-25 02:15:00
202400001168.0;1;71;71286;1;1;1.0;1.0;46.593854;4.502002;2024-02-12 17:20:00
202400001169.0;5;13;13001;2;3;1.0;3.0;43.51442;5.46986;2024-06-07 00:20:00
202400001170.0;1;9;9225;2;3;8.0;3.0;43.12411;1.62092;2024-06-07 08:00:00
202400001171.0;3;33;33284;1;1;1.0;4.0;44.665471;-0.81706;2024-10-24 21:15:00
202400001172.0;5;33;33081;2;2;3.0;1.0;44.634956;-0.308545;2024-02-10 01:15:00
202400001173.0;2;31;31022;2;1;6.0;6.0;43.664531;1.430449;2024-02-10 07:05:00
202400001174.0;3;987;98715;1;1;1.0;6.0;-17.575671;-149.5917;2024-10-24 20:10:00
202400001175.0;1;6;6069;2;3;1.0;2.0;43.6487;6.9364;2024-06-06 17:35:00
202400001176.0;1;974;97401;2;1;1.0;1.0;-21.251052;55.341734;2024-02-12 19:30:00
202400001177.0;1;1;1451;1;9;1.0;2.0;46.22835;5.20353;2024-06-07 20:20:00
202400001178.0;1;69;69027;2;1;1.0;6.0;45.671997;4.753459;2024-10-22 14:15:00
202400001179.0;1;75;75119;2;1;1.0;3.0;48.882114;2.401694;2024-06-06 07:10:00
202400001180.0;3;40;40014;1;1;1.0;6.0;44.061501;-0.312424;2024-02-11 19:10:00
202400001181.0;3;17;17157;1;1;1.0;2.0;45.89967;-0.593734;2024-10-23 20:05:00
202400001182.0;3;21;21247;1;1;3.0;7.0;47.482324;4.17601;2024-02-11 18:00:00
202400001183.0;1;974;97408;1;1;1.0;6.0;-20.924754;55.367408;2024-10-21 07:41:00
202400001184.0;1;75;75119;2;3;1.0;3.0;48.887326;2.367058;2024-06-07 16:30:00
202400001185.0;1;43;43191;1;1;1.0;2.0;45.361976;3.282681;2024-02-11 14:45:00
202400001186.0;1;75;75118;2;3;1.0;3.0;48.893307;2.359676;2024-06-07 15:50:00
202400001187.0;1;37;37194;1;1;1.0;3.0;47.4984739;0.8493939;2024-02-06 13:30:00
202400001188.0;1;13;13087;1;3;1.0;3.0;43.489257;5.637993;2024-06-21 18:10:00
202400001189.0;1;75;75116;2;3;1.0;3.0;48.83951;2.256549;2024-06-07 12:00:00
202400001190.0;1;61;61385;1;1;1.0;7.0;48.79663;0.336477;2024-02-12 09:30:00
202400001191.0;4;45;45155;2;1;1.0;6.0;47.685987;2.630161;2024-10-22 01:20:00
202400001192.0;1;75;75116;2;3;1.0;6.0;48.870876;2.288;2024-06-04 16:45:00
202400001193.0;1;91;91376;1;1;1.0;7.0;48.579051;2.290177;2024-10-25 17:10:00
202400001194.0;1;75;75114;2;1;1.0;6.0;48.821872;2.328298;2024-06-06 18:30:00
202400001195.0;3;56;56031;1;1;2.0;5.0;47.863356;-3.015087;2024-02-10 19:50:00
202400001196.0;1;75;75112;2;1;1.0;2.0;48.829525;2.401228;2024-05-31 18:30:00
202400001197.0;3;84;84129;1;1;5.0;6.0;44.026778;4.882227;2024-10-12 05:00:00
202400001198.0;1;75;75111;2;3;1.0;3.0;48.869102;2.374266;2024-06-07 18:25:00
202400001199.0;3;81;81145;1;1;1.0;1.0;43.9124582;1.8344118;2024-02-11 19:45:00
202400001200.0;2;83;83068;2;3;1.0;3.0;43.29155428;6.61025923;2024-07-29 21:00:00
202400001201.0;1;75;75110;2;1;1.0;1.0;48.868141;2.363726;2024-06-07 09:33:00
202400001202.0;1;42;42302;2;1;7.0;6.0;45.489505;4.450386;2024-02-11 09:55:00
202400001203.0;1;6;6048;1;1;8.0;6.0;43.798699;7.354708;2024-10-25 09:00:00
202400001204.0;1;75;75109;2;2;1.0;6.0;48.87758;2.340758;2024-06-06 18:50:00
202400001205.0;1;47;47174;1;2;2.0;3.0;44.064045;0.371121;2024-02-10 15:50:00
202400001206.0;1;89;89257;2;3;7.0;3.0;47.963597;3.510515;2024-10-24 17:25:00
202400001207.0;1;75;75116;2;1;1.0;3.0;48.849842;2.259854;2024-06-07 19:00:00
202400001208.0;1;75;75107;2;1;1.0;6.0;48.851081;2.314609;2024-06-07 13:05:00
202400001209.0;1;29;29026;1;1;1.0;3.0;48.21705513;-4.04317276;2024-02-10 13:05:00
202400001210.0;1;68;68163;2;9;1.0;3.0;47.658447;7.510153;2024-10-22 11:50:00
202400001211.0;1;75;75107;2;2;1.0;6.0;48.862836;2.313453;2024-06-07 10:00:00
202400001212.0;1;31;31136;2;1;1.0;3.0;43.74887;1.431988;2024-02-09 14:00:00
202400001213.0;1;75;75107;2;3;1.0;7.0;48.862296;2.306317;2024-06-07 09:00:00
202400001214.0;3;3;3170;1;1;1.0;6.0;46.514726;3.091546;2024-01-26 19:40:00
202400001215.0;5;57;57596;1;1;1.0;6.0;49.159647;6.857682;2024-10-24 21:40:00
202400001216.0;5;75;75107;2;1;1.0;6.0;48.859592;2.29712;2024-06-07 04:18:00
202400001217.0;1;58;58065;2;1;1.0;6.0;47.05416;3.658228;2024-02-12 14:45:00
202400001218.0;3;72;72247;1;1;1.0;7.0;47.99099;0.12723;2024-02-12 18:20:00
202400001219.0;5;94;94078;2;7;1.0;2.0;48.746199;2.446868;2024-06-06 23:00:00
202400001220.0;1;7;7272;1;1;3.0;7.0;44.50832;4.415216;2024-10-24 14:20:00
202400001221.0;3;14;14311;1;2;1.0;5.0;49.144057;-0.549724;2024-02-05 07:30:00
202400001222.0;1;94;94011;2;3;1.0;6.0;48.76598;2.48521;2024-06-06 20:30:00
202400001223.0;1;1;1185;2;2;3.0;6.0;45.950603;5.61153;2024-10-12 15:00:00
202400001224.0;1;50;50353;1;1;1.0;6.0;48.631774;-1.50841;2024-02-12 12:15:00
202400001225.0;1;94;94073;2;3;7.0;6.0;48.763245;2.400465;2024-06-07 15:30:00
202400001226.0;3;9;9285;1;1;1.0;6.0;42.847511;1.192532;2024-02-12 02:00:00
202400001227.0;1;1;1385;1;3;1.0;3.0;46.197745;5.169475;2024-10-23 11:43:00
202400001228.0;3;43;43153;1;1;8.0;7.0;45.32758608;4.239685;2024-02-11 20:45:00
202400001229.0;1;94;94077;2;2;1.0;3.0;48.732428;2.416717;2024-06-07 08:12:00
202400001230.0;5;40;40122;2;1;1.0;7.0;43.825464;-0.554965;2024-02-11 18:40:00
202400001231.0;1;33;33114;1;1;5.0;2.0;45.109559;-0.379377;2024-10-23 07:50:00
202400001232.0;3;87;87203;1;1;1.0;6.0;45.639028;1.41549;2024-02-08 18:14:00
202400001233.0;1;94;94018;2;1;7.0;3.0;48.82588;2.39263;2024-06-07 19:45:00
202400001234.0;3;14;14609;1;1;1.0;3.0;49.267525;-0.736814;2024-10-24 02:30:00
202400001235.0;1;94;94011;2;1;1.0;6.0;48.76449;2.4861;2024-06-07 19:08:00
202400001236.0;3;62;62876;1;1;1.0;6.0;50.07941;2.796535;2024-10-25 04:47:00
202400001237.0;1;13;13091;1;1;1.0;1.0;43.615052;5.318574;2024-02-12 14:45:00
202400001238.0;1;94;94002;2;2;1.0;3.0;48.809964;2.414322;2024-06-07 12:47:00
202400001239.0;1;59;59645;1;1;1.0;7.0;50.269292;3.242941;2024-10-25 13:00:00
202400001240.0;3;971;97115;1;1;2.0;6.0;16.253618;-61.665957;2024-02-10 21:30:00
202400001241.0;1;93;93071;2;3;1.0;3.0;48.939614;2.511302;2024-06-07 17:25:00
202400001242.0;5;13;13215;1;1;1.0;2.0;43.34676777;5.37260261;2024-10-20 04:21:00
202400001243.0;1;77;77382;2;2;2.0;6.0;48.900478;2.871541;2024-02-10 15:56:00
202400001244.0;5;93;93070;2;1;1.0;6.0;48.91248;2.32749;2024-06-07 02:40:00
202400001245.0;5;77;77349;2;2;2.0;1.0;49.0794;2.67622;2024-02-08 18:00:00
202400001246.0;1;33;33550;1;1;1.0;2.0;44.770624;-0.554771;2024-10-23 18:50:00
202400001247.0;3;93;93055;2;1;1.0;3.0;48.89536937;2.41486788;2024-06-07 01:10:00
202400001248.0;1;13;13035;1;1;1.0;3.0;43.693531;5.042934;2024-02-11 17:25:00
202400001249.0;1;93;93032;2;3;1.0;3.0;48.87856505;2.53303528;2024-06-07 08:10:00
202400001250.0;2;44;44047;2;1;1.0;6.0;47.216864;-1.725234;2024-02-09 17:30:00
202400001251.0;1;59;59009;1;1;1.0;2.0;50.64539;3.14544;2024-10-23 17:58:00
202400001252.0;2;27;27348;1;1;1.0;7.0;49.31217;1.158028;2024-02-12 07:45:00
202400001253.0;1;93;93032;2;2;1.0;3.0;48.87299;2.55608;2024-06-06 09:15:00
202400001254.0;1;59;59350;1;1;1.0;2.0;50.62213;3.08304;2024-10-23 18:07:00
202400001255.0;3;60;60528;1;1;2.0;7.0;49.24198622;1.87521601;2024-02-12 01:45:00
202400001256.0;1;93;93008;2;3;1.0;6.0;48.91105;2.44647;2024-06-07 14:50:00
202400001257.0;1;62;62637;1;1;2.0;2.0;50.4652473;2.97548977;2024-10-21 17:40:00
202400001258.0;2;59;59125;2;1;8.0;1.0;50.15449;3.184699;2024-02-10 07:40:00
202400001259.0;2;59;59491;1;1;1.0;7.0;50.40626;3.44208;2024-10-22 07:10:00
202400001260.0;1;92;92051;2;2;1.0;3.0;48.88744563;2.27856874;2024-06-07 15:28:00
202400001261.0;1;59;59578;2;1;1.0;1.0;50.672739;2.479096;2024-02-12 08:45:00
202400001262.0;1;92;92050;2;1;1.0;6.0;48.89415;2.19574;2024-06-06 13:15:00
202400001263.0;3;62;62637;1;1;1.0;2.0;50.46699873;2.97611872;2024-10-18 19:30:00
202400001264.0;1;13;13215;1;1;1.0;2.0;43.36643455;5.36080529;2024-02-11 16:05:00
202400001265.0;1;92;92044;2;1;1.0;6.0;48.8865277;2.28471422;2024-06-07 16:50:00
202400001266.0;3;91;91136;1;1;1.0;2.0;48.71385218;2.27453396;2024-10-24 19:30:00
202400001267.0;1;13;13043;1;1;1.0;7.0;43.39123;5.26418;2024-02-11 08:00:00
202400001268.0;1;92;92024;2;9;1.0;3.0;48.90210973;2.31427217;2024-06-07 20:54:00
202400001269.0;3;13;13015;1;1;1.0;2.0;43.45328;5.39642;2024-02-11 00:45:00
202400001270.0;1;92;92024;2;6;1.0;6.0;48.91076484;2.31299043;2024-06-07 08:25:00
202400001271.0;1;91;91037;1;1;1.0;2.0;48.53927939;2.49890007;2024-10-24 08:55:00
202400001272.0;1;92;92012;2;1;1.0;2.0;48.8453118;2.23713273;2024-06-07 07:45:00
202400001273.0;1;92;92025;1;1;1.0;3.0;48.92201331;2.22672771;2024-10-24 18:20:00
202400001274.0;3;13;13015;1;1;1.0;2.0;43.45328;5.39642;2024-02-11 00:39:00
202400001275.0;3;13;13033;1;1;3.0;3.0;43.37297691;5.18996026;2024-02-09 22:18:00
202400001276.0;1;92;92036;1;1;1.0;2.0;48.93510157;2.26605905;2024-10-24 17:30:00
202400001277.0;1;50;50541;1;1;1.0;4.0;48.836906;-1.4853;2024-06-05 18:30:00
202400001278.0;3;13;13085;1;1;3.0;3.0;43.255;5.5939;2024-02-10 04:14:00
202400001279.0;3;78;78322;1;1;1.0;4.0;48.781401;2.167502;2024-10-23 19:00:00
202400001280.0;1;47;47145;2;3;1.0;1.0;44.129103;0.662296;2024-06-08 12:00:00
202400001281.0;3;13;13005;1;1;3.0;7.0;43.324;5.59914;2024-02-10 03:22:00
202400001282.0;1;92;92025;1;1;5.0;3.0;48.92201331;2.22672771;2024-10-23 08:20:00
202400001283.0;3;35;35180;1;1;1.0;7.0;48.285467;-1.916374;2024-06-08 00:30:00
202400001284.0;3;91;91103;1;1;1.0;7.0;48.62457;2.301051;2024-02-11 21:15:00
202400001285.0;5;91;91235;2;6;1.0;6.0;48.622889;2.367607;2024-06-08 02:10:00
202400001286.0;1;93;93005;1;1;1.0;4.0;48.96120283;2.4736986;2024-10-23 15:55:00
202400001287.0;3;91;91235;1;1;1.0;1.0;48.62694;2.35422;2024-02-11 18:20:00
202400001288.0;2;18;18070;1;3;7.0;1.0;47.501629;2.563052;2024-06-06 20:26:00
202400001289.0;3;91;91136;1;1;2.0;6.0;48.7106;2.2874;2024-02-10 21:20:00
202400001290.0;1;93;93007;1;1;1.0;3.0;48.94617059;2.44137667;2024-10-23 09:50:00
202400001291.0;2;49;49092;1;1;1.0;1.0;47.207091;-0.636113;2024-06-07 07:55:00
202400001292.0;3;91;91689;1;9;2.0;2.0;48.74858692;2.32746005;2024-02-10 23:35:00
202400001293.0;1;94;94073;1;1;1.0;3.0;48.76675234;2.37881635;2024-10-24 15:45:00
202400001294.0;3;974;97414;1;1;1.0;3.0;-21.24263843;55.45336103;2024-06-08 02:55:00
202400001295.0;3;91;91689;1;1;2.0;2.0;48.739122;2.319796;2024-02-10 22:00:00
202400001296.0;1;94;94073;1;1;1.0;2.0;48.76035941;2.38284097;2024-10-24 12:06:00
202400001297.0;2;14;14436;1;1;1.0;2.0;49.25076393;-0.68216085;2024-06-08 05:24:00
202400001298.0;3;94;94017;1;1;1.0;2.0;48.82816654;2.50398825;2024-10-24 07:00:00
202400001299.0;2;92;92036;1;1;3.0;2.0;48.93602815;2.28853583;2024-02-10 17:10:00
202400001300.0;1;71;71443;1;2;8.0;3.0;46.923795;4.943681;2024-06-06 13:45:00
202400001301.0;3;77;77083;1;1;1.0;2.0;48.83120762;2.60505058;2024-10-24 06:05:00
202400001302.0;4;95;95500;1;1;1.0;4.0;49.03923046;2.08563124;2024-02-11 02:35:00
202400001303.0;1;38;38429;1;1;1.0;7.0;44.867093;5.604594;2024-06-07 15:40:00
202400001304.0;2;62;62081;1;1;1.0;6.0;50.22377757;3.03638202;2024-06-08 05:05:00
202400001305.0;3;77;77121;1;1;1.0;2.0;48.83224646;2.66800241;2024-10-23 22:15:00
202400001306.0;5;93;93007;1;1;8.0;5.0;48.94353028;2.43541292;2024-02-10 22:10:00
202400001307.0;1;27;27552;1;1;1.0;7.0;49.006482;0.443658;2024-06-07 16:30:00
202400001308.0;2;35;35238;2;1;1.0;6.0;48.12128;-1.707397;2024-06-25 22:25:00
202400001309.0;1;57;57163;1;1;1.0;7.0;48.64302;7.253163;2024-06-08 11:30:00
202400001310.0;1;38;38544;2;1;1.0;6.0;45.54217;4.86267;2024-05-31 16:48:00
202400001311.0;4;94;94042;1;1;2.0;3.0;48.82836797;2.47558356;2024-02-11 05:30:00
202400001312.0;1;56;56231;1;3;1.0;3.0;47.696484;-2.685857;2024-06-07 18:00:00
202400001313.0;3;94;94044;1;1;2.0;6.0;48.7580093;2.47075818;2024-02-11 04:44:00
202400001314.0;1;38;38544;2;1;2.0;6.0;45.52312;4.87025;2024-05-03 20:35:00
202400001315.0;1;77;77242;1;2;1.0;3.0;48.487014;3.212407;2024-06-07 14:40:00
202400001316.0;3;94;94079;1;1;8.0;4.0;48.83572828;2.53991099;2024-02-11 02:50:00
202400001317.0;1;79;79329;1;1;1.0;7.0;46.992504;-0.249306;2024-06-08 12:00:00
202400001318.0;3;93;93051;1;1;2.0;2.0;48.83617975;2.54134798;2024-02-11 02:15:00
202400001319.0;1;33;33335;1;1;1.0;3.0;44.810671;-0.355031;2024-06-06 10:10:00
202400001320.0;1;71;71516;1;3;1.0;6.0;46.765873;5.226587;2024-06-08 12:37:00
202400001321.0;1;71;71248;2;1;1.0;3.0;46.560937;4.929266;2024-06-08 11:45:00
202400001322.0;1;1;1160;2;3;1.0;3.0;46.25667;6.109698;2024-06-29 20:30:00
202400001323.0;1;61;61142;1;1;1.0;2.0;48.363944;0.625743;2024-05-30 10:20:00
202400001324.0;3;974;97416;1;1;1.0;1.0;-21.29842;55.41974;2024-10-23 23:20:00
202400001325.0;1;61;61066;1;1;1.0;1.0;48.505488;0.40085;2024-06-07 17:55:00
202400001326.0;2;974;97416;2;6;1.0;6.0;-21.28201;55.47421;2024-10-23 06:25:00
202400001327.0;1;44;44129;1;1;1.0;5.0;47.42321;-2.089977;2024-06-07 19:00:00
202400001328.0;1;44;44014;1;1;1.0;7.0;47.104803;-1.490048;2024-06-07 16:30:00
202400001329.0;5;973;97302;2;1;1.0;7.0;4.91243393;-52.3210727;2024-10-22 20:50:00
202400001330.0;1;44;44005;1;2;1.0;3.0;47.132626;-1.859549;2024-06-07 17:00:00
202400001331.0;1;973;97302;2;1;1.0;2.0;4.91872;-52.3128;2024-10-22 17:10:00
202400001332.0;1;29;29281;1;2;1.0;3.0;48.00614455;-3.82277366;2024-06-08 09:24:00
202400001333.0;5;69;69388;2;2;1.0;3.0;45.7351121;4.85342731;2024-10-23 21:10:00
202400001334.0;3;29;29056;1;1;1.0;6.0;48.43692819;-4.29357652;2024-06-07 22:45:00
202400001335.0;1;69;69387;2;1;2.0;6.0;45.74741774;4.83518702;2024-10-16 15:30:00
202400001336.0;1;29;29220;1;3;1.0;3.0;47.85466589;-4.24316835;2024-06-07 16:45:00
202400001337.0;1;69;69382;2;1;1.0;6.0;45.7620771;4.83437192;2024-10-23 15:15:00
202400001338.0;1;31;31490;2;1;1.0;6.0;43.746006;1.370732;2024-06-04 07:30:00
202400001339.0;1;971;97101;2;3;1.0;3.0;16.2519;-61.52663;2024-10-22 07:15:00
202400001340.0;1;91;91027;2;1;1.0;2.0;48.71233;2.37132;2024-10-23 14:10:00
202400001341.0;2;84;84025;1;1;1.0;7.0;43.865821;5.159554;2024-06-06 06:15:00
202400001342.0;4;3;3118;2;6;1.0;6.0;46.114925;3.201141;2024-06-08 00:50:00
202400001343.0;1;87;87050;2;3;1.0;3.0;45.88346;1.24335;2024-10-23 10:25:00
202400001344.0;1;15;15170;2;1;1.0;7.0;45.326437;2.679956;2024-06-07 13:30:00
202400001345.0;5;87;87085;2;1;1.0;7.0;45.82409;1.27192;2024-10-22 07:32:00
202400001346.0;2;1;1373;2;1;1.0;6.0;46.133354;5.55317;2024-06-08 07:45:00
202400001347.0;5;87;87085;2;1;1.0;6.0;45.81124;1.27395;2024-10-22 07:47:00
202400001348.0;1;6;6125;1;1;1.0;6.0;44.145104;6.758314;2024-06-07 19:05:00
202400001349.0;2;83;83129;2;9;1.0;6.0;43.0944388;5.84655046;2024-10-12 19:15:00
202400001350.0;1;83;83069;2;1;1.0;6.0;43.1164;6.1416;2024-10-22 11:10:00
202400001351.0;1;50;50419;2;2;1.0;3.0;48.953536;-1.441623;2024-06-07 19:20:00
202400001352.0;1;43;43084;1;1;2.0;3.0;44.99542;3.886532;2024-06-08 10:10:00
202400001353.0;1;82;82033;1;1;1.0;2.0;44.05939338;1.09855342;2024-10-23 13:10:00
202400001354.0;1;80;80021;1;1;2.0;6.0;49.89608;2.30365;2024-10-21 09:40:00
202400001355.0;1;10;10094;1;1;1.0;1.0;48.500341;4.576728;2024-06-07 19:20:00
202400001356.0;3;7;7313;1;9;1.0;3.0;45.312156;4.766833;2024-06-07 21:15:00
202400001357.0;5;78;78440;2;3;1.0;3.0;48.98386;1.911637;2024-10-23 20:20:00
202400001358.0;2;78;78401;2;2;5.0;2.0;49.01016;1.90393;2024-10-23 08:45:00
202400001359.0;1;24;24577;1;1;1.0;1.0;44.82401449;1.16785601;2024-06-08 14:40:00
202400001360.0;2;78;78401;2;3;5.0;3.0;49.01393;1.90044;2024-10-23 07:38:00
202400001361.0;1;17;17041;1;1;1.0;1.0;46.231153;-0.81316;2024-06-07 17:30:00
202400001362.0;1;77;77337;2;6;1.0;6.0;48.84378;2.6195;2024-10-23 15:30:00
202400001363.0;4;87;87072;1;1;1.0;6.0;45.662137;1.431897;2024-06-08 01:51:00
202400001364.0;5;76;76561;2;1;1.0;3.0;49.296687;1.011099;2024-10-23 21:00:00
202400001365.0;1;30;30275;2;4;1.0;7.0;44.121899;4.208504;2024-06-08 08:33:00
202400001366.0;1;76;76351;2;2;1.0;6.0;49.49563;0.09433;2024-10-23 10:10:00
202400001367.0;1;973;97309;2;1;1.0;3.0;4.92333955;-52.28303897;2024-06-08 07:00:00
202400001368.0;1;69;69102;1;1;1.0;6.0;45.88305256;4.3968086;2024-06-08 16:35:00
202400001369.0;5;76;76351;2;3;1.0;3.0;49.498753;0.159212;2024-10-23 07:10:00
202400001370.0;1;6;6088;1;1;1.0;6.0;43.718233;7.214026;2024-06-08 20:13:00
202400001371.0;3;13;13032;1;1;1.0;3.0;43.573317;5.360977;2024-06-08 00:15:00
202400001372.0;1;72;72181;2;1;1.0;6.0;47.97696;0.20755;2024-10-22 12:35:00
202400001373.0;1;30;30347;1;1;1.0;6.0;43.750901;4.254069;2024-06-06 13:55:00
202400001374.0;1;72;72181;2;3;1.0;3.0;48.01909;0.18472;2024-10-22 11:50:00
202400001375.0;1;17;17465;1;1;1.0;7.0;45.964866;-0.550368;2024-06-07 13:25:00
202400001376.0;1;62;62355;1;1;1.0;7.0;50.336559;2.924809;2024-06-08 11:30:00
202400001377.0;5;69;69256;2;3;1.0;3.0;45.78622767;4.92596583;2024-10-23 21:49:00
202400001378.0;2;77;77407;1;1;1.0;2.0;48.51810747;2.50515431;2024-06-08 04:40:00
202400001379.0;5;69;69256;2;3;1.0;2.0;45.76636;4.92976;2024-10-23 19:00:00
202400001380.0;1;77;77023;1;1;1.0;7.0;49.01374618;2.8708878;2024-06-07 18:40:00
202400001381.0;3;77;77420;1;1;1.0;6.0;49.040059;2.68126;2024-06-07 23:10:00
202400001382.0;5;67;67218;2;3;1.0;3.0;48.52343;7.7115;2024-10-23 05:10:00
202400001383.0;1;78;78531;1;1;1.0;6.0;49.009614;1.614261;2024-06-08 13:58:00
202400001384.0;2;84;84150;1;1;1.0;1.0;44.339109;4.948316;2024-06-08 05:40:00
202400001385.0;3;63;63308;2;3;2.0;3.0;45.75821439;3.06339651;2024-10-23 07:30:00
202400001386.0;1;84;84042;1;1;1.0;6.0;43.755535;5.405638;2024-06-07 20:19:00
202400001387.0;1;62;62244;1;9;1.0;3.0;50.91448827;1.92170247;2024-10-20 14:30:00
202400001388.0;1;13;13053;1;1;1.0;6.0;43.730003;5.212798;2024-06-06 17:25:00
202400001389.0;1;987;98729;1;1;2.0;1.0;-17.545353;-149.779615;2024-11-30 17:05:00
202400001390.0;1;13;13041;2;1;1.0;1.0;43.451497;5.469722;2024-04-14 09:00:00
202400001391.0;1;47;47293;1;1;5.0;7.0;44.15553022;0.70334548;2024-11-30 15:30:00
202400001392.0;1;59;59090;2;1;1.0;4.0;50.70853;3.1048;2024-10-23 13:00:00
202400001393.0;1;68;68063;2;1;1.0;6.0;47.805801;7.182307;2024-06-07 10:39:00
202400001394.0;2;11;11151;1;1;1.0;2.0;43.191332;2.458019;2024-11-30 07:10:00
202400001395.0;1;68;68298;1;1;1.0;1.0;48.201309;7.12575;2024-06-07 18:20:00
202400001396.0;3;76;76320;1;1;1.0;1.0;49.895394;1.464508;2024-12-01 00:24:00
202400001397.0;1;58;58194;2;1;1.0;4.0;46.99612;3.12412;2024-10-23 15:42:00
202400001398.0;1;67;67345;2;3;2.0;4.0;48.784205;7.861351;2024-05-31 14:00:00
202400001399.0;3;77;77382;1;1;1.0;2.0;48.8885328;2.89537179;2024-11-30 00:04:00
202400001400.0;1;57;57463;2;1;1.0;3.0;49.10162;6.19837;2024-10-23 17:15:00
202400001401.0;3;972;97229;1;1;1.0;6.0;14.628829;-61.11616;2024-11-30 18:20:00
202400001402.0;1;38;38562;1;1;2.0;2.0;45.08429;5.759073;2024-06-08 09:20:00
202400001403.0;3;56;56098;1;1;1.0;7.0;47.77839;-3.35218;2024-10-22 06:55:00
202400001404.0;3;35;35226;1;1;1.0;1.0;48.4273;-1.892674;2024-12-01 19:20:00
202400001405.0;1;69;69117;1;1;1.0;6.0;45.843409;4.734625;2024-06-08 12:05:00
202400001406.0;4;65;65370;1;1;1.0;7.0;43.092193;0.132147;2024-06-08 01:00:00
202400001407.0;1;26;26138;1;1;1.0;2.0;44.405487;4.729067;2024-11-30 11:45:00
202400001408.0;2;72;72244;1;1;1.0;7.0;47.778848;-0.3184;2024-06-08 05:45:00
202400001409.0;5;54;54528;2;5;1.0;3.0;48.6805;5.88318;2024-10-23 19:25:00
202400001410.0;5;59;59088;2;1;1.0;1.0;50.639779;2.876975;2024-12-01 19:20:00
202400001411.0;1;54;54395;2;1;1.0;6.0;48.68333;6.19043;2024-10-22 16:15:00
202400001412.0;5;85;85196;2;1;1.0;1.0;46.834588;-1.191966;2024-11-30 20:45:00
202400001413.0;1;22;22273;1;4;1.0;1.0;48.570261;-2.48791;2024-06-08 10:55:00
202400001414.0;5;51;51454;2;1;1.0;2.0;49.261801;4.051398;2024-10-22 21:25:00
202400001415.0;1;34;34169;2;1;1.0;1.0;43.663828;3.863486;2024-11-30 15:15:00
202400001416.0;1;51;51454;2;1;1.0;6.0;49.244863;4.016688;2024-10-22 15:32:00
202400001417.0;3;57;57262;1;1;1.0;7.0;48.968668;6.720543;2024-11-29 18:05:00
202400001418.0;1;60;60138;2;1;1.0;2.0;49.217182;2.599643;2024-06-08 12:00:00