Num_Acc;lum;departement;commune;agglomeration;intersection;meteo;type_collision;lat;long;date
202400001419.0;1;2B;2B242;1;1;1.0;3.0;42.405238;9.531133;2024-11-30 12:33:00
202400001420.0;1;60;60041;2;1;1.0;7.0;49.385348;2.230783;2024-06-07 20:57:00
202400001421.0;3;50;50129;2;1;1.0;6.0;49.65471;-1.70401;2024-10-21 20:55:00
202400001422.0;1;33;33523;1;1;5.0;6.0;44.753198;-0.250052;2024-11-30 11:15:00
202400001423.0;1;80;80458;1;1;1.0;1.0;49.952808;2.477202;2024-06-08 15:20:00
202400001424.0;3;69;69214;1;1;9.0;6.0;46.007932;4.32282;2024-12-01 02:45:00
202400001425.0;1;80;80383;1;1;1.0;6.0;49.719453;2.776473;2024-06-08 12:35:00
202400001426.0;3;71;71404;1;1;5.0;6.0;46.7569424;4.71409701;2024-12-01 03:50:00
202400001427.0;5;71;71190;2;1;5.0;6.0;46.974354;4.492547;2024-11-30 22:10:00
202400001428.0;5;49;49246;2;1;1.0;4.0;47.41467;-0.50669;2024-10-22 19:30:00
202400001429.0;1;59;59400;1;1;1.0;3.0;50.642832;2.678941;2024-06-08 12:15:00
202400001430.0;3;89;89246;1;1;5.0;1.0;47.604832;4.030008;2024-12-01 00:12:00
202400001431.0;1;42;42218;2;1;1.0;3.0;45.41864115;4.41877887;2024-10-23 11:15:00
202400001432.0;1;13;13214;1;1;1.0;2.0;43.32276;5.37829;2024-06-07 17:45:00
202400001433.0;1;63;63366;1;1;1.0;1.0;45.48716688;3.36171214;2024-12-01 10:55:00
202400001434.0;1;57;57039;1;1;8.0;2.0;49.03706956;6.11786052;2024-05-27 13:30:00
202400001435.0;1;63;63409;1;1;1.0;6.0;45.53138813;3.0392063;2024-11-30 13:40:00
202400001436.0;1;38;38185;2;1;1.0;2.0;45.1653;5.7088;2024-10-22 17:15:00
202400001437.0;1;33;33192;1;4;1.0;1.0;44.78918;-0.60512;2024-06-07 20:45:00
202400001438.0;1;55;55253;2;1;1.0;6.0;49.110995;5.001007;2024-12-01 16:30:00
202400001439.0;5;37;37233;2;6;1.0;3.0;47.38488;0.73688;2024-10-23 07:20:00
202400001440.0;3;22;22025;1;1;1.0;6.0;48.426936;-3.384373;2024-11-30 02:00:00
202400001441.0;1;62;62186;1;1;1.0;5.0;50.43682105;2.74303627;2024-06-06 08:00:00
202400001442.0;1;34;34172;2;1;1.0;1.0;43.60951;3.83731;2024-10-23 09:10:00
202400001443.0;2;91;91216;1;1;1.0;3.0;48.68456;2.32805;2024-06-07 21:48:00
202400001444.0;1;33;33063;2;1;7.0;5.0;44.87106998;-0.566294;2024-10-23 17:20:00
202400001445.0;1;94;94043;1;1;1.0;5.0;48.80698476;2.34657371;2024-06-07 17:30:00
202400001446.0;2;33;33281;2;2;1.0;3.0;44.83772;-0.64086;2024-10-23 18:25:00
202400001447.0;2;33;33039;2;9;1.0;6.0;44.81236;-0.55082;2024-10-23 18:45:00
202400001448.0;1;33;33069;2;2;1.0;3.0;44.85713498;-0.59108598;2024-10-23 17:50:00
202400001449.0;1;30;30189;2;3;2.0;2.0;43.833;4.3678;2024-10-12 14:30:00
202400001450.0;1;29;29019;2;6;1.0;3.0;48.40445;-4.4967;2024-10-22 18:00:00
202400001451.0;1;27;27299;2;3;7.0;3.0;49.04144;1.15906;2024-10-23 16:35:00
202400001452.0;1;27;27229;2;1;1.0;6.0;49.03283;1.13957;2024-10-22 09:55:00
202400001453.0;3;22;22360;1;1;1.0;5.0;48.47607;-2.7457;2024-10-23 06:40:00
202400001454.0;1;21;21054;2;1;1.0;2.0;47.0393;4.840394;2024-10-23 11:55:00
202400001455.0;1;17;17415;1;1;1.0;6.0;45.72564;-0.67895;2024-10-23 18:10:00
202400001456.0;1;11;11262;2;6;1.0;5.0;43.19361;3.00947;2024-10-22 12:30:00
202400001457.0;1;10;10387;2;2;1.0;3.0;48.29442;4.07846;2024-10-23 14:20:00
202400001458.0;1;10;10387;2;1;1.0;6.0;48.2866;4.0735;2024-10-22 17:15:00
202400001459.0;5;75;75119;2;4;1.0;4.0;48.89281;2.39561;2024-10-22 22:40:00
202400001460.0;1;75;75118;2;2;1.0;3.0;48.895563;2.328323;2024-10-23 16:45:00
202400001461.0;1;75;75118;2;4;1.0;3.0;48.895741;2.371339;2024-10-23 10:00:00
202400001462.0;1;75;75117;2;2;1.0;3.0;48.894051;2.314203;2024-10-23 09:35:00
202400001463.0;1;75;75117;2;2;1.0;6.0;48.885021;2.320792;2024-10-23 08:35:00
202400001464.0;1;75;75116;2;1;1.0;2.0;48.84396;2.27138;2024-10-23 17:22:00
202400001465.0;1;75;75116;2;1;1.0;6.0;48.842735;2.258716;2024-10-23 10:00:00
202400001466.0;1;75;75113;2;3;1.0;3.0;48.841938;2.367903;2024-10-23 12:17:00
202400001467.0;3;75;75112;2;1;1.0;6.0;48.847638;2.389341;2024-10-23 19:00:00
202400001468.0;1;75;75112;2;4;1.0;1.0;48.84668;2.36693;2024-10-23 16:15:00
202400001469.0;1;75;75109;2;2;8.0;3.0;48.871094;2.345774;2024-10-23 08:20:00
202400001470.0;5;75;75109;2;2;1.0;6.0;48.873059;2.328317;2024-10-22 22:50:00
202400001471.0;5;75;75108;2;1;1.0;6.0;48.867409;2.307032;2024-10-23 20:10:00
202400001472.0;5;75;75104;2;2;1.0;6.0;48.853968;2.364865;2024-10-23 21:40:00
202400001473.0;1;75;75103;2;4;1.0;6.0;48.866887;2.361891;2024-10-23 15:50:00
202400001474.0;1;75;75104;2;1;1.0;7.0;48.853867;2.367163;2024-10-23 13:00:00
202400001475.0;5;94;94054;2;1;1.0;1.0;48.743119;2.386291;2024-10-22 22:30:00
202400001476.0;5;94;94019;2;3;1.0;3.0;48.80073;2.54229;2024-10-22 20:00:00
202400001477.0;3;93;93078;2;2;1.0;2.0;48.96220615;2.55894184;2024-10-23 18:35:00
202400001478.0;3;93;93073;1;1;2.0;6.0;48.99020628;2.54714967;2024-10-22 03:30:00
202400001479.0;1;93;93059;2;1;1.0;2.0;48.9632;2.35985;2024-10-23 15:20:00
202400001480.0;1;93;93079;2;1;1.0;6.0;48.95332828;2.3364453;2024-10-23 18:10:00
202400001481.0;5;93;93027;2;6;1.0;3.0;48.92998248;2.38595467;2024-10-22 21:25:00
202400001482.0;1;93;93027;2;2;1.0;2.0;48.92484246;2.41491174;2024-10-22 14:15:00
202400001483.0;1;93;93030;2;2;1.0;6.0;48.9494;2.4148;2024-10-22 09:54:00
202400001484.0;5;93;93057;2;1;1.0;1.0;48.91462887;2.50210492;2024-10-22 20:35:00
202400001485.0;1;93;93005;2;3;1.0;6.0;48.93709094;2.49870443;2024-10-23 16:30:00
202400001486.0;1;93;93078;2;1;1.0;6.0;48.95401;2.54886;2024-10-23 09:15:00
202400001487.0;1;93;93001;2;1;1.0;3.0;48.91347442;2.39381594;2024-10-23 10:35:00
202400001488.0;1;93;93001;2;2;1.0;1.0;48.91455632;2.38573556;2024-10-21 12:05:00
202400001489.0;1;92;92078;2;1;1.0;6.0;48.93690045;2.33074281;2024-10-22 16:00:00
202400001490.0;1;92;92075;2;1;1.0;3.0;48.82180289;2.29159042;2024-10-23 09:35:00
202400001491.0;1;92;92046;2;1;1.0;6.0;48.8148062;2.2866194;2024-10-22 16:15:00
202400001492.0;1;92;92072;2;1;1.0;6.0;48.8260927;2.22013235;2024-10-23 15:25:00
202400001493.0;1;92;92063;2;4;1.0;3.0;48.88269552;2.18222156;2024-10-22 08:25:00
202400001494.0;1;92;92044;2;1;1.0;2.0;48.88658049;2.28414059;2024-10-23 14:29:00
202400001495.0;1;92;92040;2;1;1.0;6.0;48.82164947;2.26603637;2024-10-23 13:30:00
202400001496.0;1;92;92040;2;1;1.0;3.0;48.83147493;2.27955944;2024-10-23 09:19:00
202400001497.0;1;92;92026;2;1;1.0;2.0;48.89197416;2.25881159;2024-10-23 11:27:00
202400001498.0;1;92;92004;2;1;1.0;2.0;48.92856925;2.27884265;2024-10-22 17:30:00
202400001499.0;1;92;92002;2;1;1.0;1.0;48.73742418;2.28749325;2024-10-23 17:50:00
202400001500.0;1;37;37022;2;3;1.0;3.0;47.196053;0.183595;2024-10-23 17:05:00
202400001501.0;5;33;33243;2;2;1.0;3.0;44.915655;-0.241246;2024-10-23 20:00:00
202400001502.0;2;33;33015;1;6;1.0;1.0;44.909861;-0.258189;2024-10-21 17:30:00
202400001503.0;3;60;60281;1;1;1.0;6.0;49.505064;2.682209;2024-10-20 20:10:00
202400001504.0;1;60;60216;1;3;1.0;3.0;49.46267603;2.47275209;2024-10-23 17:40:00
202400001505.0;1;31;31113;2;3;1.0;6.0;43.514452;1.4996612;2024-10-23 11:50:00
202400001506.0;3;972;97220;2;1;1.0;6.0;14.495833;-60.883741;2024-10-04 18:15:00
202400001507.0;1;59;59107;2;1;1.0;6.0;51.07874;2.514877;2024-10-23 18:30:00
202400001508.0;3;68;68315;1;1;1.0;1.0;47.882672;7.256781;2024-10-23 19:15:00
202400001509.0;5;77;77398;2;1;1.0;6.0;48.875493;3.296073;2024-10-24 01:10:00
202400001510.0;1;35;35003;1;2;1.0;3.0;48.307015;-1.594622;2024-10-23 10:45:00
202400001511.0;1;59;59562;1;1;1.0;3.0;50.097483;3.980323;2024-10-24 13:10:00
202400001512.0;3;56;56123;1;1;1.0;6.0;47.671846;-2.310101;2024-10-24 04:00:00
202400001513.0;1;59;59282;1;1;1.0;3.0;50.830879;2.478683;2024-10-23 14:30:00
202400001514.0;1;2B;2B238;1;1;1.0;1.0;42.265904;9.208753;2024-10-23 15:45:00
202400001515.0;1;82;82079;1;1;1.0;1.0;43.898712;1.356585;2024-10-23 15:50:00
202400001516.0;1;33;33505;1;3;8.0;7.0;44.772125;-0.321897;2024-10-15 17:40:00
202400001517.0;4;71;71244;1;1;1.0;6.0;46.567742;5.041553;2024-10-23 22:20:00
202400001518.0;3;71;71014;1;1;1.0;7.0;46.973382;4.334579;2024-10-23 21:00:00
202400001519.0;1;55;55102;1;3;1.0;1.0;49.20958906;5.32092412;2024-10-24 13:50:00
202400001520.0;3;42;42140;1;1;1.0;6.0;45.456308;4.060392;2024-10-23 23:00:00
202400001521.0;3;34;34310;2;1;1.0;3.0;43.419876;3.16121;2024-10-21 06:15:00
202400001522.0;5;68;68135;1;2;1.0;1.0;47.590949;7.54997;2024-10-22 18:20:00
202400001523.0;1;39;39017;1;1;1.0;6.0;46.762931;5.567997;2024-10-24 16:30:00
202400001524.0;1;39;39411;1;1;1.0;3.0;46.687073;5.61322;2024-10-24 17:20:00
202400001525.0;1;44;44064;1;1;1.0;5.0;47.090922;-1.319046;2024-10-22 16:35:00
202400001526.0;2;44;44131;2;6;1.0;3.0;47.123293;-2.123762;2024-10-23 09:50:00
202400001527.0;3;29;29190;1;9;1.0;6.0;48.35404492;-4.72961005;2024-10-23 20:35:00
202400001528.0;1;15;15004;2;1;1.0;6.0;45.059758;3.062122;2024-10-23 16:00:00
202400001529.0;5;1;1093;2;3;1.0;6.0;46.117119;4.951063;2024-09-13 21:10:00
202400001530.0;2;72;72134;1;1;5.0;6.0;47.72287334;0.44342536;2024-10-24 08:00:00
202400001531.0;5;6;6032;2;1;9.0;2.0;43.730143;7.405858;2024-10-24 17:10:00
202400001532.0;1;60;60616;2;2;1.0;3.0;49.351519;1.774904;2024-10-24 14:40:00
202400001533.0;1;64;64493;2;3;7.0;3.0;43.32122;-1.041333;2024-10-23 17:35:00
202400001534.0;1;7;7151;1;1;2.0;2.0;45.021362;4.363439;2024-10-22 14:00:00
202400001535.0;5;40;40046;2;3;1.0;3.0;44.389055;-1.157934;2024-10-23 19:50:00
202400001536.0;1;34;34172;2;1;1.0;2.0;43.59593;3.86257;2024-03-23 18:00:00
202400001537.0;1;34;34172;2;1;1.0;3.0;43.64752;3.84304;2024-03-23 10:10:00
202400001538.0;1;34;34003;2;3;1.0;3.0;43.30496;3.46551;2024-03-22 14:30:00
202400001539.0;1;33;33249;2;6;1.0;3.0;44.86587;-0.51288;2024-03-22 18:10:00
202400001540.0;1;30;30007;2;1;1.0;3.0;44.13585;4.079311;2024-03-23 16:20:00
202400001541.0;1;28;28404;1;1;1.0;3.0;48.72796;1.34472;2024-03-23 09:30:00
202400001542.0;5;16;16102;2;6;1.0;3.0;45.69427;-0.347592;2024-03-23 00:50:00
202400001543.0;1;13;13210;2;2;1.0;3.0;43.28692821;5.41247177;2024-03-22 16:25:00
202400001544.0;1;13;13005;2;9;1.0;3.0;43.29224;5.59097;2024-03-23 11:00:00
202400001545.0;1;13;13005;2;1;1.0;3.0;43.29709;5.58547;2024-03-23 08:15:00
202400001546.0;1;11;11069;2;9;1.0;3.0;43.20776;2.31069;2024-03-23 12:35:00
202400001547.0;5;6;6088;2;1;1.0;3.0;43.71822;7.28205;2024-03-23 21:00:00
202400001548.0;5;6;6029;2;6;1.0;3.0;43.554067;6.97296;2024-03-22 05:30:00
202400001549.0;1;75;75115;2;1;1.0;2.0;48.830488;2.285177;2024-03-23 13:20:00
202400001550.0;5;75;75114;2;4;3.0;6.0;48.827009;2.324978;2024-03-22 23:30:00
202400001551.0;1;75;75118;2;1;1.0;6.0;48.887876;2.348686;2024-03-23 13:30:00
202400001552.0;1;75;75116;2;1;2.0;2.0;48.865497;2.244883;2024-03-23 14:45:00
202400001553.0;5;75;75115;2;2;1.0;1.0;48.838318;2.298463;2024-03-23 01:30:00
202400001554.0;1;75;75114;2;2;1.0;3.0;48.822666;2.32269;2024-03-22 17:25:00
202400001555.0;5;75;75109;2;3;1.0;3.0;48.87342;2.329696;2024-03-23 02:00:00
202400001556.0;5;75;75108;2;7;1.0;6.0;48.864225;2.301985;2024-03-23 01:01:00
202400001557.0;2;75;75107;2;2;1.0;1.0;48.862837;2.31346;2024-03-23 05:30:00
202400001558.0;5;94;94068;2;1;1.0;6.0;48.804533;2.496556;2024-03-23 19:35:00
202400001559.0;2;94;94068;2;1;1.0;6.0;48.78553;2.49526;2024-03-23 07:00:00
202400001560.0;1;94;94076;2;3;1.0;3.0;48.80714404;2.36309119;2024-03-22 15:40:00
202400001561.0;5;94;94017;2;1;2.0;6.0;48.81620273;2.50192434;2024-03-23 05:00:00
202400001562.0;1;59;59402;1;3;1.0;1.0;50.876904;2.245564;2024-07-10 10:55:00
202400001563.0;5;93;93071;2;1;2.0;6.0;48.937062;2.535218;2024-03-23 20:15:00
202400001564.0;1;93;93071;2;1;1.0;6.0;48.933748;2.528095;2024-03-23 12:45:00
202400001565.0;1;79;79320;1;2;1.0;3.0;46.467291;-0.459548;2024-07-07 11:40:00
202400001566.0;1;93;93072;2;3;1.0;3.0;48.969179;2.379249;2024-03-23 07:40:00
202400001567.0;1;2A;2A271;2;1;1.0;2.0;41.95282068;8.78693148;2024-07-10 19:10:00
202400001568.0;1;93;93010;2;5;1.0;3.0;48.88904;2.47146;2024-03-23 13:30:00
202400001569.0;1;65;65126;2;1;1.0;7.0;43.270737;0.429089;2024-07-10 09:35:00
202400001570.0;1;93;93063;2;1;1.0;3.0;48.87393;2.44047;2024-03-23 11:23:00
202400001571.0;5;93;93008;2;2;2.0;4.0;48.90188;2.44464;2024-03-23 19:30:00
202400001572.0;1;81;81070;1;3;1.0;3.0;43.792895;1.758598;2024-07-10 18:50:00
202400001573.0;1;92;92075;2;1;8.0;2.0;48.82172495;2.28945681;2024-03-23 08:35:00
202400001574.0;1;47;47052;2;2;7.0;3.0;44.312365;0.092086;2024-07-11 13:20:00
202400001575.0;5;92;92072;2;1;1.0;2.0;48.82321577;2.21002239;2024-03-23 21:00:00
202400001576.0;1;68;68338;1;2;3.0;3.0;48.084308;7.288817;2024-07-11 17:10:00
202400001577.0;1;92;92020;2;2;1.0;3.0;48.80253;2.28616;2024-03-23 11:35:00
202400001578.0;5;92;92040;2;3;2.0;3.0;48.8279361;2.27109271;2024-03-22 23:15:00
202400001579.0;1;39;39470;1;1;1.0;7.0;46.509447;6.10953;2024-07-11 12:00:00
202400001580.0;1;92;92024;2;1;2.0;3.0;48.89916849;2.31326169;2024-03-23 16:22:00
202400001581.0;5;92;92023;2;9;9.0;3.0;48.7868046;2.2452786;2024-03-23 01:45:00
202400001582.0;5;92;92012;2;1;2.0;3.0;48.83644739;2.24525356;2024-03-23 19:30:00
202400001583.0;1;25;25154;1;1;8.0;1.0;47.115818;5.90867;2024-07-10 18:35:00
202400001584.0;5;92;92012;2;1;9.0;6.0;48.83569168;2.23271991;2024-03-23 20:10:00
202400001585.0;1;44;44069;2;1;2.0;6.0;47.330838;-2.423704;2024-07-09 10:30:00
202400001586.0;1;92;92012;2;1;2.0;3.0;48.83418332;2.24262536;2024-03-23 14:05:00
202400001587.0;1;35;35176;2;2;1.0;6.0;47.82104575;-1.82163566;2024-03-23 09:55:00
202400001588.0;3;37;37058;1;1;2.0;6.0;47.250135;0.203419;2024-03-23 23:40:00
202400001589.0;1;44;44111;1;2;1.0;3.0;47.40749167;-1.73246563;2024-07-06 18:30:00
202400001590.0;1;76;76287;1;1;4.0;6.0;49.561465;1.043444;2024-03-23 17:50:00
202400001591.0;1;38;38184;1;1;1.0;1.0;45.653708;5.082636;2024-07-10 18:10:00
202400001592.0;1;71;71273;1;1;1.0;6.0;46.673676;3.805389;2024-03-24 09:20:00
202400001593.0;1;38;38529;1;1;1.0;1.0;45.129243;5.823458;2024-07-10 11:16:00
202400001594.0;1;33;33098;1;1;1.0;1.0;44.688915;-0.31575;2024-03-24 16:55:00
202400001595.0;1;76;76210;2;1;2.0;3.0;49.860877;1.202461;2024-03-23 19:00:00
202400001596.0;1;2;2634;2;1;1.0;6.0;49.705652;4.153272;2024-07-11 13:18:00
202400001597.0;3;31;31445;2;1;1.0;6.0;43.584484;1.559743;2024-03-23 19:50:00
202400001598.0;1;50;50151;1;3;1.0;6.0;49.211304;-1.558551;2024-07-11 15:00:00
202400001599.0;1;51;51192;1;1;1.0;7.0;49.058008;3.603215;2024-03-24 16:10:00
202400001600.0;1;974;97414;2;1;1.0;6.0;-21.266821;55.438939;2024-03-24 15:15:00
202400001601.0;1;50;50021;1;4;1.0;1.0;49.406436;-1.250017;2024-07-11 12:45:00
202400001602.0;1;59;59309;1;5;1.0;3.0;50.968941;2.571037;2024-03-23 15:45:00
202400001603.0;1;18;18092;2;1;1.0;7.0;47.072694;2.650602;2024-07-11 18:07:00
202400001604.0;3;60;60380;2;1;2.0;6.0;49.138509;3.08644;2024-03-24 03:50:00
202400001605.0;1;36;36006;1;1;1.0;7.0;46.56928581;1.49389386;2024-07-10 18:00:00
202400001606.0;1;63;63091;1;9;1.0;6.0;45.42506;3.272499;2024-03-22 13:23:00
202400001607.0;1;63;63411;1;2;1.0;3.0;45.596583;3.219721;2024-03-22 18:17:00
202400001608.0;1;4;4031;1;1;1.0;1.0;43.928638;6.144844;2024-07-07 17:45:00
202400001609.0;5;30;30202;2;3;1.0;1.0;44.258555;4.641391;2024-03-23 20:00:00
202400001610.0;3;85;85288;1;2;1.0;3.0;46.51698;-1.623314;2024-07-11 05:50:00
202400001611.0;2;34;34270;2;4;1.0;3.0;43.580869;3.848074;2024-03-22 18:40:00
202400001612.0;3;85;85294;2;1;1.0;7.0;46.351726;-1.451118;2024-07-11 03:20:00
202400001613.0;3;57;57426;1;2;2.0;3.0;49.29235829;6.2779544;2024-03-24 00:30:00
202400001614.0;1;17;17091;1;1;1.0;3.0;46.279921;-1.073291;2024-07-08 18:20:00
202400001615.0;1;57;57370;2;9;1.0;6.0;49.393891;6.275865;2024-03-14 10:45:00
202400001616.0;1;48;48094;1;1;1.0;7.0;44.350004;3.229718;2024-07-10 19:41:00
202400001617.0;1;62;62524;2;1;1.0;1.0;50.662405;1.826961;2024-03-24 11:00:00
202400001618.0;1;52;52017;1;1;1.0;7.0;47.957542;4.996183;2024-05-27 11:40:00
202400001619.0;1;51;51171;1;1;2.0;7.0;49.393945;3.868137;2024-03-23 16:45:00
202400001620.0;3;19;19229;1;1;1.0;6.0;45.13477728;1.44506333;2024-03-23 23:05:00
202400001621.0;1;61;61081;1;1;1.0;7.0;48.639473;0.209019;2024-03-24 09:05:00
202400001622.0;1;21;21581;1;1;2.0;6.0;47.095296;5.353448;2024-07-10 14:17:00
202400001623.0;3;13;13045;1;1;1.0;1.0;43.832638;4.74037;2024-03-23 22:35:00
202400001624.0;1;2;2806;1;1;1.0;6.0;49.189585;3.4658;2024-03-22 16:27:00
202400001625.0;1;69;69206;1;1;1.0;2.0;46.03431101;4.72591573;2024-07-11 09:05:00
202400001626.0;1;26;26069;1;1;1.0;6.0;44.829418;5.391841;2024-03-24 16:00:00
202400001627.0;2;13;13103;1;1;1.0;7.0;43.63871301;5.02529116;2024-07-10 19:15:00
202400001628.0;1;6;6105;2;7;1.0;3.0;43.662278;7.057056;2024-03-22 17:52:00
202400001629.0;1;60;60253;1;1;6.0;4.0;49.602812;2.158728;2024-03-24 15:24:00
202400001630.0;1;987;98722;1;1;1.0;1.0;-17.590941;-149.390652;2024-07-10 15:55:00
202400001631.0;3;64;64082;1;2;1.0;3.0;43.45847832;-1.01572305;2024-03-23 23:00:00
202400001632.0;1;988;98802;1;1;1.0;2.0;-21.884956;166.069765;2024-04-10 13:55:00
202400001633.0;2;43;43018;1;2;7.0;3.0;44.98785279;3.73873712;2024-03-23 18:24:00
202400001634.0;1;974;97408;2;1;1.0;6.0;-20.959626;55.322744;2024-07-11 10:00:00
202400001635.0;1;27;27001;1;3;1.0;3.0;49.16912;0.694828;2024-02-20 09:40:00
202400001636.0;1;77;77089;1;2;1.0;3.0;48.497907;2.941122;2024-07-11 17:25:00
202400001637.0;1;95;95199;2;1;1.0;6.0;49.031938;2.337105;2024-07-11 11:15:00
202400001638.0;1;17;17317;1;1;1.0;1.0;45.41908;-0.632738;2024-03-18 15:34:00
202400001639.0;1;73;73241;1;1;2.0;6.0;45.620148;6.311906;2024-03-24 15:40:00
202400001640.0;5;42;42279;2;2;2.0;3.0;45.512764;4.268285;2024-03-24 05:55:00
202400001641.0;1;78;78615;1;1;1.0;5.0;48.848941;1.961387;2024-07-10 16:40:00
202400001642.0;3;69;69050;1;1;1.0;3.0;45.86332228;4.63455372;2024-03-23 00:08:00
202400001643.0;2;30;30211;2;1;1.0;1.0;43.826842;4.489038;2024-07-09 20:55:00
202400001644.0;1;34;34157;2;1;1.0;6.0;43.423962;3.601885;2024-05-23 16:45:00
202400001645.0;1;13;13013;1;6;1.0;7.0;43.416037;5.577686;2024-03-23 18:35:00
202400001646.0;3;34;34090;1;3;1.0;7.0;43.664682;3.924319;2024-07-11 03:55:00
202400001647.0;1;976;97603;2;1;1.0;6.0;-12.880505;45.214105;2024-03-13 10:00:00
202400001648.0;1;987;98725;2;1;1.0;1.0;-17.50620271;-149.47538853;2024-03-23 15:25:00
202400001649.0;1;84;84147;1;1;1.0;3.0;43.702924;5.441558;2024-07-11 10:40:00
202400001650.0;5;971;97128;1;1;1.0;3.0;16.231554;-61.417866;2024-03-23 20:50:00
202400001651.0;1;13;13059;1;6;1.0;2.0;43.660203;5.494688;2024-07-11 14:54:00
202400001652.0;1;6;6058;2;6;1.0;6.0;43.730096;6.792895;2024-03-24 16:00:00
202400001653.0;3;3;3298;1;1;2.0;6.0;46.29675;3.425731;2024-03-24 04:17:00
202400001654.0;1;58;58117;1;1;1.0;3.0;47.007548;3.09764;2024-07-11 19:50:00
202400001655.0;1;38;38097;2;1;1.0;1.0;45.763766;5.185429;2024-03-24 15:55:00
202400001656.0;3;26;26233;1;1;1.0;7.0;44.288273;5.104512;2024-03-23 19:10:00
202400001657.0;1;67;67529;2;7;1.0;6.0;48.708975;7.800947;2024-05-13 09:15:00
202400001658.0;2;1;1262;2;3;1.0;3.0;45.849253;5.050873;2024-03-23 05:45:00
202400001659.0;1;3;3100;2;2;1.0;3.0;46.533742;3.745968;2024-07-11 18:10:00
202400001660.0;1;1;1405;1;1;1.0;1.0;46.139776;5.170569;2024-03-23 17:20:00
202400001661.0;1;63;63213;1;1;1.0;3.0;45.819902;3.248949;2024-07-10 20:45:00
202400001662.0;1;69;69254;1;1;1.0;6.0;45.950605;4.423692;2024-03-23 14:20:00
202400001663.0;1;86;86173;1;9;1.0;5.0;46.99806;0.052392;2024-03-23 15:52:00
202400001664.0;3;33;33067;2;1;2.0;6.0;45.041478;-0.587717;2024-03-23 22:50:00
202400001665.0;1;22;22282;1;1;8.0;7.0;48.574531;-2.237059;2024-03-23 10:45:00
202400001666.0;1;60;60010;1;1;1.0;6.0;49.2057;2.109678;2024-03-24 18:00:00
202400001667.0;1;7;7324;2;1;1.0;2.0;45.073962;4.817392;2024-07-11 09:10:00
202400001668.0;3;69;69199;1;1;1.0;2.0;45.68663786;4.84650522;2024-03-23 04:15:00
202400001669.0;1;1;1202;2;1;1.0;3.0;45.902347;5.345948;2024-07-10 15:15:00
202400001670.0;5;92;92050;1;1;1.0;2.0;48.89880161;2.21573659;2024-03-22 14:04:00
202400001671.0;1;81;81271;1;1;1.0;6.0;43.768382;1.723276;2024-07-11 13:10:00
202400001672.0;1;93;93053;1;1;1.0;2.0;48.89885;2.4694;2024-03-23 10:45:00
202400001673.0;1;95;95176;1;1;1.0;2.0;48.98861374;2.20310397;2024-03-22 17:55:00
202400001674.0;1;17;17336;1;1;1.0;4.0;45.783286;-0.711322;2024-07-10 18:40:00
202400001675.0;1;94;94002;2;3;1.0;3.0;48.79095;2.42573;2024-03-21 16:40:00
202400001676.0;1;33;33322;1;3;1.0;3.0;44.967386;-0.644953;2024-07-03 19:30:00
202400001677.0;1;987;98735;2;1;1.0;2.0;-17.5321133;-149.5558071;2024-03-22 09:30:00
202400001678.0;1;987;98735;2;1;1.0;3.0;-17.53772;-149.5632;2024-03-22 07:55:00
202400001679.0;1;50;50444;1;1;1.0;1.0;49.045667;-0.949234;2024-07-11 11:15:00
202400001680.0;1;974;97411;2;1;1.0;6.0;-20.87274;55.44848;2024-03-22 18:00:00
202400001681.0;1;14;14762;1;1;1.0;7.0;48.810849;-0.870913;2024-07-10 14:10:00
202400001682.0;2;69;69388;2;1;1.0;6.0;45.73853275;4.86053185;2024-03-22 18:30:00
202400001683.0;1;22;22070;2;1;2.0;6.0;48.560498;-3.15136;2024-07-09 10:50:00
202400001684.0;1;22;22162;2;1;1.0;6.0;48.77186;-3.038948;2024-07-10 17:50:00
202400001685.0;1;69;69387;2;3;1.0;3.0;45.73429769;4.83540253;2024-03-22 13:00:00
202400001686.0;1;69;69149;2;2;1.0;3.0;45.72434;4.78074;2024-03-22 16:30:00
202400001687.0;1;76;76164;1;1;1.0;1.0;49.531448;0.754151;2024-07-11 07:10:00
202400001688.0;1;69;69389;2;3;1.0;6.0;45.77555;4.80266;2024-03-22 12:15:00
202400001689.0;1;62;62128;2;1;1.0;6.0;50.305993;2.951417;2024-07-09 13:15:00
202400001690.0;4;971;97107;2;1;1.0;1.0;16.02565;-61.57394;2024-03-22 19:15:00
202400001691.0;3;59;59614;2;1;1.0;7.0;50.151588;3.459961;2024-07-11 03:00:00
202400001692.0;1;2A;2A004;2;3;1.0;3.0;41.93443;8.75077;2024-03-22 13:04:00
202400001693.0;3;59;59139;2;1;1.0;6.0;50.117383;3.410908;2024-07-10 22:30:00
202400001694.0;1;91;91228;1;1;1.0;3.0;48.61433;2.42996;2024-07-10 17:52:00
202400001695.0;3;95;95539;2;4;2.0;2.0;49.00589546;2.35561954;2024-03-22 22:50:00
202400001696.0;1;91;91136;1;9;1.0;6.0;48.715234;2.269018;2024-07-10 17:30:00
202400001697.0;1;95;95252;2;6;1.0;1.0;48.98916423;2.21186221;2024-03-22 17:35:00
202400001698.0;1;91;91064;1;1;1.0;7.0;48.74969048;2.20813394;2024-07-10 15:56:00
202400001699.0;1;95;95582;2;3;1.0;6.0;48.9736445;2.25305431;2024-03-22 16:20:00