Num_Acc;lum;departement;commune;agglomeration;intersection;meteo;type_collision;lat;long;date
202400001700.0;1;91;91687;1;1;1.0;3.0;48.66561;2.36327;2024-07-10 16:20:00
202400001701.0;1;95;95210;2;9;1.0;6.0;48.97168454;2.30837882;2024-03-19 16:45:00
202400001702.0;3;91;91617;1;1;2.0;6.0;48.63401;2.53522;2024-07-10 02:27:00
202400001703.0;1;95;95277;1;1;1.0;2.0;48.98202531;2.50014325;2024-07-10 19:40:00
202400001704.0;1;91;91345;2;1;1.0;4.0;48.7005;2.29629;2024-03-22 08:00:00
202400001705.0;1;91;91027;2;6;1.0;6.0;48.7124;2.40225;2024-03-22 10:35:00
202400001706.0;1;93;93066;1;1;1.0;5.0;48.90751824;2.35850551;2024-07-10 08:20:00
202400001707.0;1;91;91174;2;1;1.0;6.0;48.60509;2.46987;2024-03-22 17:00:00
202400001708.0;1;87;87085;2;1;1.0;6.0;45.84666;1.24978;2024-03-21 10:36:00
202400001709.0;2;86;86194;2;1;1.0;1.0;46.572732;0.362387;2024-03-22 18:45:00
202400001710.0;1;84;84007;2;1;1.0;6.0;43.93693;4.87136;2024-03-22 17:30:00
202400001711.0;1;93;93029;1;1;1.0;4.0;48.91845143;2.42885396;2024-07-10 07:30:00
202400001712.0;1;30;30011;2;6;1.0;3.0;43.95821429;4.75889361;2024-03-21 10:15:00
202400001713.0;3;95;95582;1;1;1.0;5.0;48.97595969;2.24215631;2024-07-09 23:40:00
202400001714.0;1;82;82033;2;2;1.0;3.0;44.0388;1.10872;2024-03-22 14:40:00
202400001715.0;1;93;93051;1;1;1.0;2.0;48.83648222;2.54751096;2024-07-10 19:05:00
202400001716.0;1;80;80021;2;3;1.0;3.0;49.88665;2.31682;2024-03-21 10:10:00
202400001717.0;3;77;77373;1;1;1.0;2.0;48.787559;2.61757;2024-07-09 04:30:00
202400001718.0;2;44;44109;2;1;1.0;3.0;47.23460496;-1.56343636;2024-07-01 08:30:00
202400001719.0;1;77;77188;2;1;1.0;7.0;48.486205;2.755065;2024-03-11 11:45:00
202400001720.0;1;45;45234;2;1;1.0;2.0;47.917636;1.925722;2024-07-09 10:28:00
202400001721.0;1;77;77067;2;1;1.0;6.0;48.58924;2.59912;2024-03-20 18:05:00
202400001722.0;1;77;77132;2;1;1.0;3.0;48.868831;2.792513;2024-03-22 15:20:00
202400001723.0;5;14;14752;2;1;2.0;1.0;49.076609;-0.659317;2024-03-04 19:35:00
202400001724.0;3;77;77186;2;1;1.0;6.0;48.40051;2.70756;2024-03-22 04:00:00
202400001725.0;1;50;50099;2;1;1.0;6.0;49.302125;-1.23799;2024-04-17 16:30:00
202400001726.0;5;76;76296;2;2;1.0;3.0;49.5184;0.26399;2024-03-22 00:40:00
202400001727.0;1;74;74010;1;1;1.0;3.0;45.89779;6.11464;2024-03-22 18:35:00
202400001728.0;5;988;98818;2;6;1.0;2.0;-22.26031;166.4447;2024-07-07 17:35:00
202400001729.0;5;72;72181;2;1;2.0;6.0;48.01283;0.17664;2024-03-23 00:50:00
202400001730.0;1;987;98736;2;1;1.0;3.0;-17.53381;-149.55306;2024-07-09 12:05:00
202400001731.0;1;72;72181;2;1;1.0;2.0;47.97409;0.17337;2024-03-22 16:45:00
202400001732.0;1;72;72181;2;1;1.0;2.0;47.99847;0.1883;2024-03-22 08:10:00
202400001733.0;1;976;97611;2;1;1.0;6.0;-12.784;45.229;2024-07-09 06:55:00
202400001734.0;3;974;97416;1;1;1.0;7.0;-21.31292;55.43782;2024-07-09 04:30:00
202400001735.0;5;72;72181;2;2;1.0;3.0;48.005351;0.193372;2024-03-22 01:04:00
202400001736.0;2;974;97416;1;1;1.0;3.0;-21.31967;55.48943;2024-07-09 17:25:00
202400001737.0;1;72;72181;2;1;1.0;2.0;47.978876;0.205052;2024-03-21 16:10:00
202400001738.0;1;69;69276;1;1;1.0;1.0;45.67794;4.84704;2024-03-22 14:00:00
202400001739.0;1;974;97416;1;3;1.0;1.0;-21.28437;55.46688;2024-07-09 17:00:00
202400001740.0;1;69;69271;1;1;1.0;3.0;45.72749;4.96394;2024-03-22 10:40:00
202400001741.0;1;974;97411;1;1;1.0;2.0;-20.89596;55.37532;2024-07-09 16:30:00
202400001742.0;1;66;66136;2;1;1.0;6.0;42.6834;2.90452;2024-03-22 08:35:00
202400001743.0;1;972;97209;1;1;1.0;3.0;14.6152;-61.04515;2024-07-08 13:50:00
202400001744.0;1;64;64125;1;1;1.0;1.0;43.43281;-1.57636;2024-03-22 09:40:00
202400001745.0;1;64;64024;2;1;1.0;3.0;43.48155;-1.50947;2024-03-22 15:30:00
202400001746.0;1;971;97120;2;2;1.0;3.0;16.24094;-61.53518;2024-07-09 12:25:00
202400001747.0;1;64;64102;2;1;1.0;7.0;43.50221;-1.47832;2024-03-22 10:25:00
202400001748.0;1;971;97113;1;1;1.0;2.0;16.21527;-61.42912;2024-07-08 16:00:00
202400001749.0;1;64;64024;2;1;5.0;3.0;43.48288;-1.52069;2024-03-22 08:36:00
202400001750.0;1;2A;2A004;2;1;1.0;6.0;41.92;8.74;2024-07-09 19:24:00
202400001751.0;1;63;63245;1;1;1.0;1.0;45.90072899;3.08800191;2024-03-21 16:55:00
202400001752.0;1;63;63113;2;1;1.0;6.0;45.78166;3.07919;2024-03-22 15:16:00
202400001753.0;1;84;84007;2;1;1.0;6.0;43.94863;4.8062;2024-07-08 09:50:00
202400001754.0;1;62;62244;2;1;2.0;6.0;50.92535385;1.88259709;2024-03-22 17:50:00
202400001755.0;1;83;83069;2;1;1.0;3.0;43.11000137;6.1705184;2024-07-09 14:30:00
202400001756.0;1;62;62041;2;1;1.0;2.0;50.29567;2.75401;2024-03-22 07:40:00
202400001757.0;5;59;59122;2;1;2.0;6.0;50.17327;3.24374;2024-03-22 20:30:00
202400001758.0;1;80;80674;2;1;1.0;2.0;49.90148;2.33196;2024-07-08 14:00:00
202400001759.0;1;58;58194;2;3;1.0;6.0;46.99357;3.16396;2024-03-22 11:55:00
202400001760.0;1;78;78383;2;3;1.0;6.0;48.760013;1.943723;2024-07-09 10:00:00
202400001761.0;1;57;57463;2;9;1.0;6.0;49.11452;6.22362;2024-03-22 16:58:00
202400001762.0;2;56;56121;2;1;3.0;4.0;47.76258;-3.39167;2024-03-22 17:55:00
202400001763.0;1;56;56098;2;3;1.0;3.0;47.77612;-3.35648;2024-03-21 14:00:00
202400001764.0;1;54;54395;2;1;1.0;3.0;48.67921886;6.17392749;2024-03-22 12:20:00
202400001765.0;1;77;77083;1;1;1.0;2.0;48.84826;2.60461;2024-07-08 16:30:00
202400001766.0;5;54;54395;2;5;1.0;3.0;48.69171;6.19281;2024-03-21 23:11:00
202400001767.0;1;54;54575;1;1;1.0;6.0;49.47252;5.80278;2024-03-22 07:30:00
202400001768.0;1;54;54099;2;6;1.0;7.0;49.25538;5.94782;2024-03-22 15:20:00
202400001769.0;1;77;77335;1;1;2.0;4.0;48.95886;2.82574;2024-07-09 16:20:00
202400001770.0;1;52;52448;2;2;1.0;6.0;48.63895;4.94378;2024-03-20 16:00:00
202400001771.0;1;73;73065;2;1;7.0;2.0;45.56401;5.92588;2024-07-08 16:00:00
202400001772.0;1;50;50129;2;2;8.0;3.0;49.65192;-1.55527;2024-03-21 16:45:00
202400001773.0;1;72;72181;2;1;1.0;6.0;48.00331;0.19669;2024-07-08 16:40:00
202400001774.0;1;50;50129;2;1;1.0;2.0;49.65403;-1.64937;2024-03-20 16:50:00
202400001775.0;1;72;72181;2;2;1.0;3.0;48.01088;0.18363;2024-07-08 20:40:00
202400001776.0;1;50;50129;2;3;1.0;3.0;49.62792;-1.65619;2024-03-20 17:45:00
202400001777.0;1;49;49007;2;1;1.0;3.0;47.46946;-0.55609;2024-03-22 17:00:00
202400001778.0;1;72;72181;2;3;1.0;3.0;47.9778;0.20265;2024-07-07 20:05:00
202400001779.0;1;49;49007;2;6;1.0;3.0;47.48869;-0.54534;2024-03-22 08:58:00
202400001780.0;1;71;71306;2;3;1.0;1.0;46.67193;4.38433;2024-07-09 08:45:00
202400001781.0;1;47;47031;2;3;1.0;3.0;44.1777;0.63952;2024-03-22 11:10:00
202400001782.0;1;71;71076;2;1;1.0;6.0;46.78642164;4.85094935;2024-07-09 09:18:00
202400001783.0;1;45;45284;2;2;1.0;3.0;47.90846;1.93854;2024-03-22 17:37:00
202400001784.0;1;69;69282;2;2;1.0;3.0;45.76326;5.0074;2024-07-08 11:40:00
202400001785.0;1;45;45208;2;1;7.0;3.0;48.00122716;2.73432434;2024-03-22 11:40:00
202400001786.0;1;42;42316;2;4;1.0;2.0;45.39528;4.26313;2024-03-22 16:00:00
202400001787.0;1;69;69264;2;2;1.0;3.0;45.9892;4.72277;2024-07-09 06:45:00
202400001788.0;1;41;41295;2;1;1.0;2.0;47.5814;1.37376;2024-03-22 08:30:00
202400001789.0;1;69;69013;2;9;1.0;3.0;46.00793924;4.72701745;2024-07-03 07:10:00
202400001790.0;1;38;38151;2;9;1.0;1.0;45.15138;5.70658;2024-03-21 16:30:00
202400001791.0;1;66;66136;2;3;1.0;6.0;42.67909;2.90442;2024-07-08 15:35:00
202400001792.0;1;37;37195;2;6;1.0;3.0;47.38283;0.65458;2024-03-21 07:30:00
202400001793.0;3;36;36044;2;4;1.0;6.0;46.80123025;1.71479121;2024-03-22 19:40:00
202400001794.0;1;64;64122;2;1;1.0;4.0;43.45295;-1.55459;2024-07-09 16:25:00
202400001795.0;1;63;63113;2;1;1.0;7.0;45.77486;3.09491;2024-07-09 14:17:00
202400001796.0;5;35;35238;2;3;2.0;3.0;48.11024296;-1.68459324;2024-03-22 21:55:00
202400001797.0;1;62;62498;2;1;1.0;2.0;50.42739304;2.81075102;2024-07-04 11:50:00
202400001798.0;1;35;35238;2;1;8.0;2.0;48.12886648;-1.68384168;2024-03-22 15:45:00
202400001799.0;1;62;62244;2;1;2.0;7.0;50.91213;1.87719;2024-07-09 11:30:00
202400001800.0;5;60;60057;2;1;1.0;6.0;49.43484;2.102;2024-07-09 23:45:00
202400001801.0;5;34;34172;2;2;1.0;3.0;43.60079;3.89753;2024-03-22 19:55:00
202400001802.0;5;33;33063;2;1;1.0;7.0;44.82218;-0.54177;2024-03-23 00:01:00
202400001803.0;1;59;59350;2;1;8.0;3.0;50.64632;3.00925;2024-07-09 13:10:00
202400001804.0;1;59;59009;1;1;1.0;6.0;50.6273;3.18529;2024-07-09 10:45:00
202400001805.0;3;33;33249;2;1;1.0;3.0;44.86703;-0.51293;2024-03-22 23:50:00
202400001806.0;1;57;57463;2;1;1.0;7.0;49.115089;6.191843;2024-07-09 13:30:00
202400001807.0;1;33;33063;2;1;1.0;3.0;44.87419;-0.57208;2024-03-22 15:20:00
202400001808.0;1;33;33063;2;4;1.0;6.0;44.84781;-0.576341;2024-03-22 11:10:00
202400001809.0;1;56;56260;1;1;2.0;2.0;47.6691;-2.76614;2024-07-09 08:50:00
202400001810.0;1;31;31555;2;1;1.0;6.0;43.56016;1.40427;2024-03-22 16:33:00
202400001811.0;1;56;56260;2;6;2.0;2.0;47.68412;-2.76699;2024-07-09 09:00:00
202400001812.0;1;29;29019;2;2;1.0;3.0;48.377306;-4.543633;2024-03-20 14:50:00
202400001813.0;1;56;56121;2;6;3.0;3.0;47.74724;-3.37657;2024-07-08 08:30:00
202400001814.0;3;26;26198;1;1;1.0;6.0;44.55353673;4.71066713;2024-03-22 03:51:00
202400001815.0;5;54;54184;2;3;1.0;6.0;48.70715262;6.2159282;2024-07-09 01:30:00
202400001816.0;1;25;25462;2;3;1.0;3.0;46.91082;6.35211;2024-03-22 17:38:00
202400001817.0;1;25;25056;2;6;1.0;3.0;47.24413;5.98281;2024-03-22 16:35:00
202400001818.0;1;51;51454;2;3;1.0;3.0;49.24764;4.05121;2024-07-09 12:57:00
202400001819.0;1;21;21231;2;3;1.0;3.0;47.32025;5.06549;2024-03-22 10:42:00
202400001820.0;1;50;50599;2;6;2.0;3.0;49.59926;-1.59745;2024-07-09 08:40:00
202400001821.0;1;18;18279;2;6;1.0;3.0;47.21862;2.06175;2024-03-21 16:35:00
202400001822.0;1;13;13214;2;1;1.0;1.0;43.3245;5.39412;2024-03-22 14:40:00
202400001823.0;1;13;13210;2;1;1.0;3.0;43.27508;5.41594;2024-03-22 12:10:00
202400001824.0;1;50;50129;2;2;3.0;2.0;49.65725;-1.69499;2024-07-08 18:00:00
202400001825.0;1;13;13215;2;1;1.0;3.0;43.33923593;5.38120947;2024-03-22 09:30:00
202400001826.0;1;49;49007;2;2;1.0;3.0;47.47444;-0.51958;2024-07-08 14:22:00
202400001827.0;5;13;13210;2;1;1.0;1.0;43.28648616;5.4161893;2024-03-22 05:15:00
202400001828.0;1;13;13004;2;7;1.0;3.0;43.67517;4.63101;2024-03-22 08:00:00
202400001829.0;1;49;49007;2;1;1.0;6.0;47.48105;-0.53373;2024-07-08 10:51:00
202400001830.0;3;10;10357;2;9;1.0;6.0;48.2967;4.1286;2024-03-22 23:20:00
202400001831.0;1;10;10387;2;2;1.0;3.0;48.29664;4.08553;2024-03-22 16:02:00
202400001832.0;1;6;6029;2;7;1.0;6.0;43.54951;6.98111;2024-03-22 09:00:00
202400001833.0;3;44;44162;1;1;2.0;6.0;47.20094;-1.61949;2024-07-09 22:55:00
202400001834.0;5;75;75119;2;1;1.0;2.0;48.88566;2.397454;2024-03-21 03:30:00
202400001835.0;2;44;44109;2;6;2.0;3.0;47.21608;-1.55661;2024-07-09 20:20:00
202400001836.0;5;75;75105;2;3;1.0;6.0;48.8376351;2.354382;2024-03-22 20:15:00
202400001837.0;5;75;75120;2;2;1.0;1.0;48.865511;2.398008;2024-03-21 05:20:00
202400001838.0;3;42;42184;2;9;2.0;6.0;46.0298;4.04483;2024-07-09 22:28:00
202400001839.0;5;75;75117;2;3;1.0;6.0;48.882604;2.322052;2024-03-22 20:45:00
202400001840.0;1;34;34172;2;1;1.0;3.0;43.60708;3.8557;2024-07-09 20:10:00
202400001841.0;5;75;75117;2;3;1.0;7.0;48.883348;2.325809;2024-03-22 02:05:00
202400001842.0;1;75;75116;2;3;1.0;4.0;48.857585;2.276453;2024-03-22 16:20:00
202400001843.0;1;34;34172;2;3;1.0;3.0;43.61911;3.88654;2024-07-08 19:15:00
202400001844.0;1;75;75116;2;7;1.0;3.0;48.86250637;2.28680581;2024-03-22 10:45:00
202400001845.0;1;33;33281;2;6;8.0;1.0;44.8372;-0.64663;2024-07-09 21:00:00
202400001846.0;1;75;75114;2;2;1.0;7.0;48.822614;2.314967;2024-03-21 18:45:00
202400001847.0;1;75;75114;2;3;1.0;3.0;48.821212;2.334297;2024-03-21 09:15:00
202400001848.0;1;33;33069;2;3;1.0;6.0;44.86358;-0.58193;2024-07-08 15:30:00
202400001849.0;1;31;31565;1;1;1.0;2.0;43.09415676;0.68473041;2024-07-08 17:30:00
202400001850.0;1;29;29232;2;1;2.0;7.0;47.99492618;-4.07245959;2024-07-09 09:06:00
202400001851.0;5;29;29039;2;6;2.0;3.0;47.88851;-3.91863;2024-07-09 22:25:00
202400001852.0;3;25;25056;1;1;1.0;6.0;47.22617;6.04225;2024-07-09 23:25:00
202400001853.0;1;19;19031;2;1;1.0;3.0;45.15346;1.50883;2024-07-09 18:00:00
202400001854.0;1;17;17306;2;1;1.0;3.0;45.62776;-1.01538;2024-07-09 07:50:00
202400001855.0;3;17;17380;2;1;1.0;7.0;45.659;-1.127;2024-07-09 04:25:00
202400001856.0;5;14;14327;1;1;1.0;6.0;49.21741;-0.31225;2024-07-07 01:55:00
202400001857.0;5;13;13206;2;2;1.0;3.0;43.29224;5.37731;2024-07-08 22:51:00
202400001858.0;5;13;13210;2;1;1.0;3.0;43.27956;5.41761;2024-07-09 03:50:00
202400001859.0;1;13;13203;2;3;1.0;6.0;43.31773;5.37413;2024-07-08 11:25:00
202400001860.0;1;13;13208;2;2;1.0;3.0;43.27844;5.39231;2024-07-08 10:04:00
202400001861.0;3;13;13098;1;1;1.0;1.0;43.4421;5.03025;2024-07-08 22:05:00
202400001862.0;1;13;13028;2;1;1.0;1.0;43.1982;5.6327;2024-07-09 19:35:00
202400001863.0;3;13;13001;1;1;1.0;7.0;43.57912;5.44919;2024-07-09 04:10:00
202400001864.0;1;11;11262;2;1;1.0;2.0;43.17473153;2.99270153;2024-07-09 18:55:00
202400001865.0;1;10;10387;2;1;7.0;6.0;48.27965;4.06962;2024-07-08 17:15:00
202400001866.0;1;7;7102;2;6;1.0;3.0;44.93944;4.86538;2024-07-09 11:08:00
202400001867.0;1;6;6088;2;1;1.0;5.0;43.71743;7.2943;2024-07-09 16:20:00
202400001868.0;1;75;75114;2;1;1.0;7.0;48.820999;2.320122;2024-09-17 14:55:00
202400001869.0;2;76;76165;2;3;1.0;1.0;49.28701;1.02295;2024-12-03 08:30:00
202400001870.0;1;6;6069;2;1;1.0;7.0;43.63948;6.90905;2024-07-09 19:05:00
202400001871.0;1;75;75113;2;5;1.0;7.0;48.826264;2.378152;2024-09-18 15:10:00
202400001872.0;1;76;76575;2;2;1.0;3.0;49.39149;1.06996;2024-09-18 13:35:00
202400001873.0;1;5;5023;1;1;1.0;1.0;44.87019;6.60501;2024-07-09 12:10:00
202400001874.0;3;26;26340;1;3;4.0;7.0;44.21585277;5.54326773;2024-12-22 23:00:00
202400001875.0;1;75;75111;2;3;1.0;3.0;48.852925;2.38858;2024-09-18 12:30:00
202400001876.0;1;60;60673;2;1;1.0;6.0;49.614352;2.128559;2024-12-21 11:30:00
202400001877.0;1;75;75114;2;1;1.0;3.0;48.825623;2.300965;2024-07-09 08:55:00
202400001878.0;5;75;75108;2;3;1.0;6.0;48.8748825;2.31985205;2024-09-18 05:22:00
202400001879.0;3;88;88039;1;1;2.0;1.0;48.309681;6.060894;2024-09-26 07:03:00
202400001880.0;5;34;34146;2;8;1.0;6.0;43.68119;4.093924;2024-10-18 20:50:00
202400001881.0;1;94;94081;2;1;1.0;6.0;48.794045;2.402132;2024-09-18 13:45:00
202400001882.0;1;75;75119;2;1;1.0;4.0;48.889128;2.396297;2024-07-08 18:15:00
202400001883.0;1;59;59603;2;2;1.0;6.0;50.328505;3.483334;2024-09-11 10:00:00
202400001884.0;1;94;94016;2;3;1.0;2.0;48.78649;2.32448;2024-09-18 12:30:00
202400001885.0;5;94;94022;2;1;1.0;7.0;48.76413481;2.40593791;2024-09-18 01:10:00
202400001886.0;1;88;88366;2;1;1.0;6.0;48.359906;5.891017;2024-11-20 15:34:00
202400001887.0;1;75;75113;2;2;1.0;3.0;48.817392;2.366803;2024-07-09 13:46:00
202400001888.0;5;88;88487;2;3;1.0;1.0;47.931429;6.492877;2024-10-28 04:20:00
202400001889.0;1;94;94068;2;3;1.0;6.0;48.79094566;2.51565302;2024-09-18 09:40:00
202400001890.0;5;75;75119;2;1;1.0;6.0;48.900223;2.382005;2024-07-08 21:25:00
202400001891.0;1;61;61168;2;1;1.0;6.0;48.575501;-0.369978;2024-06-14 18:20:00
202400001892.0;5;93;93072;2;1;1.0;3.0;48.95757;2.37895;2024-09-18 22:05:00
202400001893.0;1;75;75117;2;1;1.0;3.0;48.881158;2.315353;2024-07-09 19:30:00
202400001894.0;1;88;88058;1;1;7.0;3.0;48.323447;5.959927;2024-08-01 10:40:00
202400001895.0;1;93;93070;2;9;1.0;6.0;48.90394668;2.33918277;2024-09-18 09:52:00
202400001896.0;3;28;28346;1;1;1.0;6.0;48.71238;1.092807;2024-12-11 17:30:00
202400001897.0;1;75;75117;2;1;1.0;6.0;48.884487;2.293087;2024-07-09 10:25:00
202400001898.0;1;85;85194;2;1;1.0;6.0;46.51678387;-1.78264976;2024-11-08 08:45:00
202400001899.0;1;93;93064;2;1;1.0;6.0;48.88469559;2.48312389;2024-09-18 16:40:00
202400001900.0;3;75;75117;2;5;1.0;3.0;48.875718;2.288973;2024-07-08 22:48:00
202400001901.0;3;35;35291;1;1;6.0;1.0;48.590976;-1.634935;2024-12-07 22:40:00
202400001902.0;5;93;93077;2;3;1.0;3.0;48.88264;2.52548;2024-09-17 22:05:00
202400001903.0;1;49;49331;2;3;1.0;3.0;47.685365;-0.865292;2024-12-21 09:15:00
202400001904.0;1;75;75116;2;2;1.0;3.0;48.874451;2.29295;2024-07-09 17:25:00
202400001905.0;1;93;93053;2;1;1.0;6.0;48.88369335;2.45517879;2024-09-18 19:00:00
202400001906.0;3;91;91359;2;1;2.0;6.0;48.39244;2.392018;2024-11-08 06:00:00
202400001907.0;1;75;75116;2;1;1.0;3.0;48.844518;2.266235;2024-07-09 09:50:00
202400001908.0;1;44;44109;2;6;1.0;3.0;47.22192894;-1.57846493;2024-11-26 12:50:00
202400001909.0;5;93;93048;2;2;1.0;3.0;48.85756361;2.43328183;2024-09-18 20:25:00
202400001910.0;1;75;75116;2;1;1.0;3.0;48.867218;2.283148;2024-07-08 16:55:00
202400001911.0;1;44;44109;2;6;6.0;6.0;47.25019048;-1.53006018;2024-11-21 15:17:00
202400001912.0;1;93;93079;2;2;1.0;3.0;48.96173;2.34302;2024-09-17 19:30:00
202400001913.0;1;75;75113;2;1;1.0;3.0;48.819978;2.344251;2024-07-09 09:45:00
202400001914.0;1;75;75118;2;3;1.0;3.0;48.89704;2.35979;2024-04-15 14:05:00
202400001915.0;1;75;75112;2;3;1.0;6.0;48.845401;2.369715;2024-07-08 13:55:00
202400001916.0;5;92;92020;2;6;1.0;7.0;48.80071331;2.28379816;2024-09-17 23:00:00
202400001917.0;1;69;69270;1;6;2.0;2.0;45.65097263;4.924031;2024-12-19 14:50:00
202400001918.0;1;75;75112;2;3;1.0;1.0;48.83536;2.40657;2024-07-08 08:50:00
202400001919.0;1;92;92024;2;1;1.0;6.0;48.8977728;2.31102705;2024-09-18 15:45:00
202400001920.0;1;44;44109;1;1;1.0;2.0;47.19645918;-1.61416617;2024-08-16 16:59:00
202400001921.0;1;44;44190;2;1;1.0;3.0;47.20653594;-1.50654753;2024-05-11 11:20:00
202400001922.0;1;92;92023;2;1;1.0;3.0;48.77700837;2.23025769;2024-09-18 17:15:00
202400001923.0;5;75;75111;2;3;1.0;3.0;48.851628;2.390482;2024-06-28 02:40:00
202400001924.0;1;44;44143;2;6;1.0;3.0;47.16136331;-1.5549613;2024-05-10 10:50:00
202400001925.0;1;92;92012;2;1;1.0;3.0;48.83897405;2.24815339;2024-09-18 09:15:00
202400001926.0;1;75;75110;2;2;1.0;6.0;48.881564;2.365828;2024-07-09 16:50:00
202400001927.0;5;75;75110;2;2;1.0;3.0;48.87964;2.368103;2024-07-09 00:45:00
202400001928.0;1;92;92004;2;1;1.0;3.0;48.91680587;2.30621874;2024-09-18 09:55:00
202400001929.0;1;75;75109;2;2;1.0;6.0;48.874049;2.34243;2024-07-09 15:50:00
202400001930.0;1;75;75108;2;3;8.0;6.0;48.867591;2.301239;2024-07-09 17:25:00
202400001931.0;5;92;92002;2;2;1.0;3.0;48.73465955;2.28538692;2024-09-17 23:15:00
202400001932.0;1;75;75101;2;1;1.0;7.0;48.859412;2.336391;2024-07-09 12:00:00
202400001933.0;1;95;95580;2;1;1.0;7.0;49.08787967;2.55616925;2024-09-17 17:28:00
202400001934.0;1;75;75101;2;3;1.0;7.0;48.865345;2.327302;2024-07-09 09:10:00
202400001935.0;5;39;39333;2;1;1.0;6.0;46.430595;5.726058;2024-09-18 19:40:00
202400001936.0;1;75;75101;2;3;1.0;7.0;48.866346;2.327302;2024-07-09 08:15:00
202400001937.0;1;60;60337;2;2;7.0;3.0;49.440101;2.737248;2024-09-18 16:35:00
202400001938.0;1;94;94081;2;1;1.0;6.0;48.794258;2.385139;2024-07-09 14:50:00
202400001939.0;1;94;94046;2;3;1.0;6.0;48.8056;2.44513;2024-07-09 14:10:00
202400001940.0;1;94;94016;2;1;1.0;6.0;48.788681;2.324532;2024-07-09 19:45:00
202400001941.0;1;22;22121;2;3;1.0;1.0;48.632561;-2.986473;2024-09-19 15:00:00
202400001942.0;1;93;93073;2;6;1.0;3.0;48.97956;2.54106;2024-07-09 13:35:00
202400001943.0;3;11;11146;1;1;1.0;6.0;43.17839822;2.48927204;2024-09-19 00:30:00
202400001944.0;1;93;93055;2;1;1.0;2.0;48.91392;2.41033;2024-07-09 17:08:00
202400001945.0;1;93;93051;2;1;1.0;3.0;48.834;2.554;2024-07-09 17:50:00
202400001946.0;1;93;93048;2;1;1.0;6.0;48.8777506;2.45941543;2024-07-09 19:30:00
202400001947.0;3;31;31282;1;1;1.0;1.0;43.671434;1.456617;2024-09-18 20:30:00
202400001948.0;1;58;58089;1;1;1.0;3.0;47.371026;3.214086;2024-09-19 08:00:00
202400001949.0;1;93;93032;2;5;1.0;4.0;48.87447952;2.55194619;2024-07-08 18:31:00
202400001950.0;1;93;93029;2;1;8.0;3.0;48.93623;2.45602;2024-07-08 15:05:00
202400001951.0;1;62;62849;1;1;1.0;3.0;50.40988357;1.65591154;2024-09-19 08:00:00
202400001952.0;1;30;30141;2;1;1.0;7.0;44.097974;4.68091;2024-09-11 17:00:00
202400001953.0;1;93;93007;2;1;1.0;3.0;48.92504;2.46444;2024-07-09 18:15:00
202400001954.0;1;93;93001;2;1;1.0;6.0;48.91491;2.40315;2024-07-09 14:00:00
202400001955.0;1;78;78591;2;1;1.0;6.0;48.891873;1.680847;2024-09-19 10:20:00
202400001956.0;1;92;92062;2;1;1.0;4.0;48.88528916;2.25092384;2024-07-09 08:40:00
202400001957.0;1;80;80088;1;2;1.0;1.0;49.92241;3.083618;2024-09-19 13:20:00
202400001958.0;1;92;92050;2;6;3.0;3.0;48.89568713;2.21586943;2024-07-09 15:10:00
202400001959.0;1;33;33311;2;3;1.0;3.0;44.686624;-0.365856;2024-09-16 14:15:00
202400001960.0;5;92;92049;2;2;1.0;7.0;48.81968897;2.31286409;2024-07-08 01:15:00
202400001961.0;1;92;92012;2;4;1.0;2.0;48.83317436;2.2418915;2024-07-09 20:05:00
202400001962.0;1;92;92004;2;1;1.0;2.0;48.91116336;2.29855925;2024-07-09 17:40:00
202400001963.0;1;71;71014;2;2;1.0;5.0;46.957435;4.299442;2024-09-19 11:15:00
202400001964.0;1;43;43040;1;4;1.0;3.0;45.2874565;3.36361651;2024-07-09 11:45:00
202400001965.0;1;61;61153;1;2;1.0;3.0;48.725421;-0.177884;2024-09-19 13:45:00
202400001966.0;1;68;68112;2;1;1.0;3.0;47.90504;7.220935;2024-07-09 17:40:00
202400001967.0;1;49;49373;1;1;1.0;1.0;47.138884;-0.5691;2024-09-19 15:40:00
202400001968.0;1;29;29020;1;1;3.0;6.0;48.06922822;-4.04781781;2024-07-09 10:40:00
202400001969.0;1;34;34300;2;6;1.0;6.0;43.42337;3.311713;2024-09-17 09:45:00
202400001970.0;1;83;83070;2;1;1.0;6.0;43.13339;6.365536;2024-07-10 14:00:00
202400001971.0;2;71;71336;1;1;1.0;6.0;46.727707;4.96232;2024-06-19 20:38:00
202400001972.0;1;29;29220;2;1;1.0;4.0;47.857505;-4.224104;2024-09-18 17:20:00
202400001973.0;2;66;66141;2;1;1.0;1.0;42.743762;2.915588;2024-07-10 06:08:00
202400001974.0;3;83;83026;1;9;1.0;6.0;43.445753;6.200151;2024-07-07 02:30:00
202400001975.0;1;85;85089;1;1;1.0;3.0;46.73164;-1.28665;2024-09-19 15:10:00
202400001976.0;1;57;57556;1;1;1.0;7.0;49.058612;6.936455;2024-07-07 12:00:00
202400001977.0;3;95;95652;1;1;1.0;6.0;49.12392284;2.38462113;2024-07-07 22:20:00
202400001978.0;1;26;26124;1;1;1.0;3.0;44.82421112;4.86087084;2024-09-17 11:25:00
202400001979.0;1;51;51625;1;1;1.0;7.0;48.771859;3.411869;2024-07-10 08:30:00
202400001980.0;1;56;56234;2;1;1.0;7.0;47.512983;-3.126764;2024-07-10 15:50:00
202400001981.0;1;72;72272;1;3;1.0;3.0;47.902487;0.697932;2024-09-19 17:45:00
202400001982.0;1;77;77414;1;2;1.0;3.0;48.615947;3.293447;2024-07-10 17:35:00
202400001983.0;1;2B;2B251;2;1;1.0;7.0;42.011618;9.324646;2024-07-07 13:20:00