Num_Acc;lum;departement;commune;agglomeration;intersection;meteo;type_collision;lat;long;date
202400001984.0;1;14;14231;1;1;1.0;1.0;49.203902;-0.018389;2024-09-19 15:00:00
202400001985.0;2;64;64145;2;3;1.0;1.0;43.195591;-0.274068;2024-09-19 07:30:00
202400001986.0;1;73;73059;2;1;1.0;6.0;45.72664921;5.89140138;2024-09-18 18:00:00
202400001987.0;1;40;40126;2;2;1.0;2.0;43.701614;-0.929723;2024-09-19 10:50:00
202400001988.0;3;4;4110;1;1;1.0;6.0;44.03595;6.108887;2024-09-19 05:40:00
202400001989.0;1;85;85051;1;1;1.0;3.0;46.705587;-1.062691;2024-09-18 12:45:00
202400001990.0;1;30;30240;1;5;7.0;3.0;44.0251;4.197571;2024-09-18 08:10:00
202400001991.0;1;69;69244;2;1;1.0;6.0;45.764593;4.75811;2024-09-19 13:15:00
202400001992.0;5;987;98715;2;1;1.0;3.0;-17.555812;-149.603492;2024-09-18 21:00:00
202400001993.0;1;6;6088;1;1;2.0;3.0;43.723607;7.228307;2024-09-18 16:50:00
202400001994.0;1;13;13032;1;2;1.0;5.0;43.592164;5.254211;2024-09-19 10:25:00
202400001995.0;1;971;97103;1;6;2.0;6.0;16.238494;-61.592105;2024-09-16 14:45:00
202400001996.0;1;971;97115;2;1;1.0;1.0;16.262501;-61.644652;2024-09-17 15:15:00
202400001997.0;1;971;97106;2;1;1.0;6.0;16.149632;-61.773296;2024-09-18 15:00:00
202400001998.0;1;45;45065;2;1;1.0;6.0;48.273761;2.293509;2024-09-18 17:40:00
202400001999.0;1;95;95625;2;1;1.0;7.0;49.1036505;1.96251072;2024-09-18 19:40:00
202400002000.0;3;84;84078;1;1;1.0;7.0;44.238558;4.694338;2024-09-18 22:00:00
202400002001.0;3;25;25074;1;1;1.0;3.0;47.182982;6.70121;2024-11-30 23:44:00
202400002002.0;1;84;84026;1;2;1.0;3.0;43.73021;5.367698;2024-09-19 16:45:00
202400002003.0;1;84;84054;1;1;1.0;1.0;43.9072;5.023863;2024-09-19 14:50:00
202400002004.0;1;29;29195;1;1;1.0;3.0;48.60922531;-4.53049868;2024-11-29 11:25:00
202400002005.0;1;57;57160;2;1;1.0;6.0;49.208375;6.695486;2024-09-18 16:25:00
202400002006.0;3;14;14121;1;1;1.0;6.0;49.160126;-0.765367;2024-12-01 19:15:00
202400002007.0;3;60;60516;1;1;9.0;1.0;49.405659;1.794966;2024-11-29 23:30:00
202400002008.0;1;81;81099;2;1;1.0;1.0;43.902171;1.894965;2024-09-19 17:45:00
202400002009.0;1;33;33051;2;6;1.0;1.0;44.640292;-0.973481;2024-09-12 14:30:00
202400002010.0;1;16;16071;1;1;1.0;5.0;45.920423;0.743852;2024-12-01 15:00:00
202400002011.0;2;44;44026;1;1;1.0;3.0;47.292788;-1.422815;2024-09-18 07:45:00
202400002012.0;1;4;4049;2;9;1.0;6.0;44.093447;6.009468;2024-11-28 14:00:00
202400002013.0;3;27;27226;2;3;1.0;3.0;49.307466;1.613204;2024-11-30 23:10:00
202400002014.0;3;60;60341;1;1;1.0;5.0;49.087801;2.732763;2024-09-19 00:00:00
202400002015.0;3;17;17269;1;3;5.0;3.0;45.233823;-0.245529;2024-11-30 19:03:00
202400002016.0;1;87;87146;1;1;1.0;1.0;45.576787;1.481717;2024-12-01 17:00:00
202400002017.0;1;13;13212;1;1;1.0;3.0;43.31899096;5.42240764;2024-09-18 17:15:00
202400002018.0;3;24;24225;2;1;5.0;6.0;44.840946;0.366066;2024-12-01 00:45:00
202400002019.0;1;972;97224;2;1;1.0;1.0;14.652262;-61.032217;2024-12-01 07:30:00
202400002020.0;1;13;13215;1;1;1.0;4.0;43.35196;5.36649;2024-09-18 13:00:00
202400002021.0;3;2B;2B220;1;1;1.0;1.0;42.44069;9.201319;2024-11-30 23:55:00
202400002022.0;5;83;83138;1;1;1.0;7.0;43.606818;6.712518;2024-11-30 18:00:00
202400002023.0;4;33;33167;1;1;1.0;6.0;44.81954;-0.51984;2024-09-16 03:05:00
202400002024.0;1;13;13030;1;1;1.0;2.0;43.26883595;5.72542727;2024-12-01 11:30:00
202400002025.0;1;91;91064;1;1;1.0;3.0;48.74473;2.19155;2024-09-18 18:35:00
202400002026.0;3;13;13004;1;1;1.0;1.0;43.484376;4.708114;2024-11-02 00:01:00
202400002027.0;5;92;92036;1;1;1.0;6.0;48.93770079;2.29361057;2024-09-18 01:40:00
202400002028.0;4;13;13066;1;1;1.0;2.0;43.88609895;4.91631746;2024-12-01 04:15:00
202400002029.0;1;78;78007;1;1;8.0;4.0;48.90058;2.00531;2024-09-17 14:36:00
202400002030.0;3;70;70310;1;6;8.0;6.0;47.696527;6.466972;2024-11-30 06:00:00
202400002031.0;2;21;21265;2;1;5.0;6.0;47.243515;4.972324;2024-12-01 08:00:00
202400002032.0;3;8;8194;1;1;1.0;6.0;49.7067006;4.90008152;2024-12-01 00:50:00
202400002033.0;1;92;92048;1;1;8.0;5.0;48.78596965;2.22285882;2024-09-17 09:33:00
202400002034.0;4;55;55351;1;1;5.0;6.0;49.53224627;5.36108789;2024-12-01 04:15:00
202400002035.0;1;93;93066;1;1;1.0;6.0;48.93302862;2.37638683;2024-09-17 18:45:00
202400002036.0;5;44;44109;1;2;1.0;2.0;47.260523;-1.499167;2024-11-30 00:50:00
202400002037.0;1;93;93066;1;1;1.0;2.0;48.91936344;2.35754643;2024-09-17 17:10:00
202400002038.0;1;33;33067;2;6;1.0;6.0;45.039226;-0.558704;2024-11-29 11:20:00
202400002039.0;1;93;93027;1;1;1.0;2.0;48.93857444;2.41556063;2024-09-17 11:40:00
202400002040.0;1;14;14325;1;1;1.0;2.0;49.284502;-0.331532;2024-11-30 10:40:00
202400002041.0;1;59;59285;1;1;8.0;7.0;50.259937;3.397415;2024-12-01 12:45:00
202400002042.0;1;93;93001;2;1;1.0;6.0;48.915974;2.405292;2024-04-25 09:00:00
202400002043.0;1;13;13214;2;1;1.0;2.0;43.33005;5.39559;2024-11-21 09:49:00
202400002044.0;1;93;93001;2;1;2.0;6.0;48.912558;2.40169;2024-04-17 08:00:00
202400002045.0;1;13;13215;1;1;1.0;4.0;43.36643455;5.36080529;2024-11-29 15:10:00
202400002046.0;1;93;93001;2;1;1.0;2.0;48.914703;2.382673;2024-04-09 18:45:00
202400002047.0;1;93;93001;2;1;1.0;6.0;48.90853;2.38721;2024-03-03 14:20:00
202400002048.0;1;69;69266;1;1;1.0;4.0;45.78244;4.89252;2024-11-03 12:00:00
202400002049.0;3;67;67471;1;1;1.0;2.0;48.63491;7.72491;2024-11-26 18:30:00
202400002050.0;1;93;93001;2;2;1.0;6.0;48.917442;2.379452;2024-03-04 18:00:00
202400002051.0;4;33;33013;1;1;1.0;4.0;44.8686;-0.5026;2024-11-30 22:15:00
202400002052.0;1;93;93001;2;5;1.0;3.0;48.90882639;2.37781318;2024-03-06 17:10:00
202400002053.0;2;33;33397;1;1;5.0;6.0;44.907286;-0.491119;2024-11-30 17:15:00
202400002054.0;2;93;93001;2;1;2.0;3.0;48.908;2.37866;2024-03-11 18:30:00
202400002055.0;4;91;91589;1;1;1.0;4.0;48.67746;2.33815;2024-11-30 19:24:00
202400002056.0;1;93;93001;2;1;1.0;5.0;48.907547;2.379135;2024-03-13 16:40:00
202400002057.0;1;91;91161;1;1;1.0;2.0;48.711;2.2975;2024-11-29 11:19:00
202400002058.0;1;93;93001;2;7;1.0;6.0;48.91821;2.40198;2024-03-15 11:10:00
202400002059.0;5;92;92050;1;1;1.0;2.0;48.89604606;2.19506712;2024-11-30 02:05:00
202400002060.0;1;93;93001;2;2;1.0;6.0;48.90382;2.39213;2024-03-16 09:10:00
202400002061.0;1;78;78455;1;1;1.0;3.0;48.856834;2.055198;2024-11-29 12:39:00
202400002062.0;3;95;95127;1;1;1.0;6.0;49.04357;2.07574;2024-11-30 07:35:00
202400002063.0;1;93;93001;2;1;1.0;3.0;48.91177;2.400836;2024-03-18 14:40:00
202400002064.0;1;93;93053;1;1;1.0;2.0;48.89806947;2.46934982;2024-11-30 14:40:00
202400002065.0;1;93;93001;2;1;1.0;6.0;48.92205827;2.37346414;2024-03-22 13:30:00
202400002066.0;1;93;93001;2;9;1.0;6.0;48.90924;2.386603;2024-03-28 17:00:00
202400002067.0;3;93;93027;1;1;1.0;3.0;48.92309613;2.38217175;2024-11-29 17:45:00
202400002068.0;5;93;93001;2;1;2.0;6.0;48.91548;2.404906;2024-03-23 21:50:00
202400002069.0;3;93;93010;1;1;1.0;2.0;48.88936381;2.47384038;2024-11-29 22:00:00
202400002070.0;5;93;93001;2;2;2.0;6.0;48.906022;2.389695;2024-02-10 20:55:00
202400002071.0;1;93;93007;1;1;1.0;5.0;48.95491941;2.45727922;2024-11-29 15:30:00
202400002072.0;1;94;94073;1;1;1.0;2.0;48.76022821;2.38292839;2024-11-29 11:45:00
202400002073.0;1;93;93001;2;2;1.0;3.0;48.913796;2.382935;2024-02-27 07:55:00
202400002074.0;1;93;93001;2;1;2.0;6.0;48.911685;2.380752;2024-02-21 15:13:00
202400002075.0;1;13;13209;2;1;1.0;2.0;43.25850866;5.39425023;2024-07-03 08:40:00
202400002076.0;1;974;97411;1;1;1.0;7.0;-20.9105;55.50187;2024-11-29 08:30:00
202400002077.0;2;93;93001;2;2;1.0;6.0;48.917237;2.38665;2024-02-06 07:50:00
202400002078.0;5;988;98818;2;1;1.0;6.0;-22.27446;166.43917;2024-09-17 21:50:00
202400002079.0;5;973;97302;2;1;1.0;1.0;4.936;-52.31362;2024-11-28 18:05:00
202400002080.0;2;976;97611;1;1;2.0;1.0;45.16376;-12.78954;2024-09-17 17:20:00
202400002081.0;1;973;97302;2;3;2.0;3.0;4.93803657;-52.30636221;2024-11-28 13:55:00
202400002082.0;1;974;97416;2;9;1.0;3.0;-21.34365;55.47388;2024-09-17 15:15:00
202400002083.0;2;973;97302;2;3;2.0;3.0;4.91369;-52.32081;2024-11-28 07:30:00
202400002084.0;1;974;97416;1;1;1.0;2.0;-21.31932;55.48942;2024-09-17 08:15:00
202400002085.0;1;69;69386;2;1;1.0;6.0;45.7701075;4.8616788;2024-11-29 13:00:00
202400002086.0;1;974;97407;2;1;1.0;3.0;-20.93251;55.29487;2024-09-17 11:45:00
202400002087.0;5;972;97213;1;9;1.0;2.0;14.63;-60.99106;2024-11-29 03:45:00
202400002088.0;1;972;97209;2;1;8.0;6.0;14.61183;-61.07135;2024-11-26 16:55:00
202400002089.0;1;973;97302;2;1;1.0;3.0;4.92773;-52.29168;2024-09-17 17:03:00
202400002090.0;1;69;69387;2;1;1.0;6.0;45.74802;4.84395;2024-09-16 11:30:00
202400002091.0;1;2B;2B120;1;1;1.0;4.0;42.65056;9.4407;2024-11-29 15:03:00
202400002092.0;1;971;97101;1;1;1.0;3.0;16.25693;-61.52086;2024-11-28 12:20:00
202400002093.0;1;69;69383;2;1;1.0;1.0;45.76355;4.85205;2024-09-17 11:15:00
202400002094.0;5;971;97101;1;1;1.0;6.0;16.27818;-61.4816;2024-11-28 02:07:00
202400002095.0;1;69;69388;2;2;8.0;6.0;45.73964;4.8595;2024-09-17 18:20:00
202400002096.0;1;2A;2A004;2;3;1.0;3.0;41.933876;8.753507;2024-11-29 15:50:00
202400002097.0;1;95;95539;2;9;1.0;6.0;49.00677;2.35124;2024-11-29 16:30:00
202400002098.0;1;2A;2A004;2;1;1.0;3.0;41.92917;8.72771;2024-09-17 12:13:00
202400002099.0;1;93;93006;2;2;8.0;6.0;48.87220934;2.42632627;2024-04-30 18:10:00
202400002100.0;1;95;95607;2;1;1.0;3.0;49.02511;2.22147;2024-11-29 10:30:00
202400002101.0;5;91;91021;2;1;1.0;6.0;48.58083;2.24162;2024-11-29 19:30:00
202400002102.0;5;95;95280;2;1;1.0;5.0;49.01647898;2.46902793;2024-09-16 23:40:00
202400002103.0;1;93;93006;2;2;1.0;3.0;48.87081;2.41733;2024-04-30 17:30:00
202400002104.0;1;91;91549;2;6;7.0;6.0;48.63687;2.33267;2024-11-29 11:40:00
202400002105.0;5;95;95426;2;9;1.0;1.0;49.0236271;2.29591473;2024-09-17 20:15:00
202400002106.0;1;93;93047;2;2;2.0;3.0;48.90234;2.56082;2024-04-30 08:25:00
202400002107.0;1;93;93057;2;1;1.0;7.0;48.906843;2.512263;2024-04-29 17:00:00
202400002108.0;1;91;91201;2;1;1.0;6.0;48.68;2.43;2024-09-17 15:50:00
202400002109.0;1;93;93010;2;1;1.0;6.0;48.91683;2.48393;2024-04-29 18:50:00
202400002110.0;1;91;91471;2;6;7.0;6.0;48.69631;2.18441;2024-11-28 13:32:00
202400002111.0;1;91;91434;2;4;1.0;6.0;48.66176;2.34807;2024-09-17 17:20:00
202400002112.0;1;92;92064;2;1;1.0;3.0;48.84338;2.21659;2024-04-30 14:12:00
202400002113.0;5;91;91657;2;1;1.0;6.0;48.7;2.41;2024-11-28 19:05:00
202400002114.0;1;91;91286;2;1;1.0;3.0;48.64872;2.37652;2024-09-17 08:30:00
202400002115.0;1;92;92051;1;1;2.0;3.0;48.88582927;2.25677061;2024-04-30 09:30:00
202400002116.0;5;91;91201;2;1;1.0;6.0;48.68502;2.40658;2024-11-28 19:08:00
202400002117.0;1;92;92049;2;9;1.0;2.0;48.818359;2.30881324;2024-04-29 13:10:00
202400002118.0;3;91;91174;2;9;1.0;6.0;48.6172;2.46513;2024-11-29 18:45:00
202400002119.0;1;87;87085;2;3;1.0;3.0;45.85227486;1.24957681;2024-09-16 19:10:00
202400002120.0;1;92;92044;2;3;2.0;6.0;48.89513848;2.28765213;2024-04-30 07:48:00
202400002121.0;1;91;91223;2;9;1.0;2.0;48.43776;2.16487;2024-11-29 14:15:00
202400002122.0;1;80;80021;2;1;1.0;1.0;49.88597;2.2662;2024-09-11 16:00:00
202400002123.0;1;87;87085;2;2;1.0;3.0;45.83502;1.2606;2024-11-28 15:01:00
202400002124.0;1;92;92040;2;6;8.0;2.0;48.82796918;2.27373326;2024-04-30 19:00:00
202400002125.0;1;92;92036;2;9;2.0;3.0;48.92618412;2.28512701;2024-04-30 09:35:00
202400002126.0;1;78;78401;2;3;1.0;3.0;49.013285;1.925556;2024-09-16 18:34:00
202400002127.0;1;83;83137;2;3;1.0;3.0;43.12464405;5.95698763;2024-11-28 13:15:00
202400002128.0;5;92;92024;2;3;2.0;1.0;48.90369806;2.30323613;2024-04-30 23:12:00
202400002129.0;1;78;78440;2;1;1.0;3.0;48.98629;1.91505;2024-09-16 17:50:00
202400002130.0;5;83;83126;2;1;1.0;1.0;43.10779;5.87746;2024-11-29 06:29:00
202400002131.0;1;92;92024;2;1;1.0;6.0;48.90473604;2.30036545;2024-04-30 17:14:00
202400002132.0;2;78;78297;2;3;1.0;6.0;48.76555;2.05906;2024-09-17 07:00:00
202400002133.0;2;81;81065;1;1;1.0;2.0;43.61558;2.19282;2024-11-29 17:50:00
202400002134.0;2;92;92002;2;2;2.0;3.0;48.75139683;2.3044458;2024-04-30 06:24:00
202400002135.0;5;78;78208;2;1;1.0;6.0;48.76856;1.96448;2024-09-17 05:20:00
202400002136.0;1;81;81004;2;1;1.0;6.0;43.92887;2.14283;2024-11-29 13:05:00
202400002137.0;5;80;80021;2;1;1.0;7.0;49.88885;2.2968;2024-11-27 18:35:00
202400002138.0;5;78;78498;2;1;1.0;1.0;48.92324;2.02709;2024-09-17 21:30:00
202400002139.0;1;37;37199;1;1;1.0;1.0;47.06551692;0.50462879;2024-04-30 19:00:00
202400002140.0;1;77;77337;2;1;1.0;2.0;48.85043;2.63163;2024-09-16 17:05:00
202400002141.0;1;71;71305;1;1;1.0;3.0;46.485437;4.892929;2024-05-01 13:05:00
202400002142.0;1;78;78133;2;3;1.0;3.0;48.90658;2.04736;2024-11-28 11:20:00
202400002143.0;1;70;70550;2;6;1.0;3.0;47.61765;6.153886;2024-09-17 09:00:00
202400002144.0;2;86;86261;2;1;1.0;3.0;46.581331;0.481733;2024-04-30 19:55:00
202400002145.0;1;67;67482;2;3;2.0;6.0;48.57092;7.75086;2024-09-16 16:50:00
202400002146.0;1;78;78401;2;1;1.0;5.0;49.00291;1.90652;2024-11-29 15:30:00
202400002147.0;1;50;50592;2;1;8.0;6.0;48.971008;-1.06054;2024-05-01 11:05:00
202400002148.0;1;66;66136;2;1;1.0;6.0;42.701;2.88953;2024-09-17 16:15:00
202400002149.0;3;77;77374;1;1;1.0;3.0;48.79014;2.71446;2024-11-29 00:14:00
202400002150.0;1;19;19117;1;4;2.0;7.0;45.09988074;1.47799588;2024-04-30 18:20:00
202400002151.0;1;64;64445;2;1;1.0;3.0;43.30197;-0.35896;2024-09-17 09:30:00
202400002152.0;1;77;77053;2;1;1.0;3.0;48.688187;2.603745;2024-11-28 14:02:00
202400002153.0;2;77;77288;2;1;1.0;6.0;48.54662;2.66322;2024-11-28 08:12:00
202400002154.0;3;56;56053;1;1;2.0;6.0;47.747202;-2.56843;2024-05-01 00:50:00
202400002155.0;1;64;64102;2;1;1.0;3.0;43.50449;-1.4672;2024-09-16 19:20:00
202400002156.0;5;76;76540;2;3;1.0;3.0;49.44573;1.07932;2024-11-29 19:50:00
202400002157.0;1;76;76351;2;1;1.0;6.0;49.50014345;0.16394466;2024-11-29 12:30:00
202400002158.0;1;64;64024;2;1;1.0;4.0;43.46327;-1.52;2024-09-16 11:45:00
202400002159.0;1;72;72181;2;1;1.0;6.0;48.00281;0.17055;2024-11-28 14:05:00
202400002160.0;1;76;76271;1;1;1.0;5.0;49.568225;1.163449;2024-05-01 15:40:00
202400002161.0;1;63;63300;2;1;1.0;6.0;45.89051841;3.11711311;2024-09-13 17:40:00
202400002162.0;1;71;71306;2;1;1.0;7.0;46.68027;4.36908;2024-11-29 12:15:00
202400002163.0;1;63;63245;1;1;1.0;6.0;45.88453857;3.07999746;2024-09-17 09:36:00
202400002164.0;1;69;69256;2;2;1.0;6.0;45.77641;4.91519;2024-11-27 11:30:00
202400002165.0;1;63;63014;2;1;1.0;3.0;45.75268;3.13216;2024-09-17 16:30:00
202400002166.0;1;65;65247;2;1;1.0;7.0;43.090011;0.043929;2024-04-30 11:15:00
202400002167.0;5;69;69271;2;1;2.0;6.0;45.74386;4.93731;2024-11-28 23:05:00
202400002168.0;1;63;63113;2;1;1.0;6.0;45.79323122;3.11766565;2024-09-17 16:15:00
202400002169.0;5;69;69290;2;1;2.0;6.0;45.6969;4.94462;2024-11-28 19:05:00
202400002170.0;1;65;65395;1;8;1.0;3.0;43.107061;-0.185909;2024-04-30 11:30:00
202400002171.0;3;68;68224;1;1;5.0;6.0;47.76543799;7.34615386;2024-11-29 00:35:00
202400002172.0;1;62;62215;2;1;1.0;2.0;50.49683859;2.94851181;2024-09-17 10:10:00
202400002173.0;3;63;63146;1;1;3.0;6.0;45.7166371;3.37562598;2024-04-30 01:10:00
202400002174.0;5;67;67043;2;1;5.0;1.0;48.61522;7.75274;2024-11-29 19:45:00
202400002175.0;1;12;12056;1;1;1.0;6.0;44.286595;2.45788;2024-04-30 18:30:00
202400002176.0;1;59;59041;2;1;1.0;5.0;50.21434;3.8477;2024-09-16 16:15:00
202400002177.0;5;67;67482;2;3;5.0;3.0;48.597;7.703;2024-11-29 17:35:00
202400002178.0;1;47;47214;1;1;1.0;6.0;44.31317807;0.25253638;2024-04-23 20:15:00
202400002179.0;1;59;59350;2;1;1.0;3.0;50.617991;3.050062;2024-09-17 13:30:00
202400002180.0;2;39;39539;1;1;8.0;6.0;46.946388;5.70758;2024-05-01 07:15:00
202400002181.0;1;67;67180;2;1;1.0;4.0;48.80187;7.79145;2024-11-28 11:45:00
202400002182.0;1;59;59378;2;1;1.0;2.0;50.66157;3.09542;2024-09-17 08:25:00
202400002183.0;1;66;66136;2;2;7.0;6.0;42.69413;2.87225;2024-11-29 10:00:00
202400002184.0;1;54;54395;2;2;8.0;3.0;48.69076673;6.18250787;2024-09-16 15:45:00
202400002185.0;1;35;35099;1;3;1.0;5.0;48.061952;-1.556416;2024-04-29 16:25:00
202400002186.0;1;54;54300;2;1;1.0;2.0;48.66461;6.2174;2024-09-16 09:50:00
202400002187.0;1;29;29217;1;1;1.0;6.0;47.88490155;-3.73622215;2024-04-24 15:10:00
202400002188.0;5;64;64335;1;3;1.0;3.0;43.31708;-0.42965;2024-11-29 19:05:00
202400002189.0;1;51;51454;2;3;1.0;3.0;49.24625;4.04449;2024-09-17 08:28:00
202400002190.0;1;64;64335;1;1;1.0;3.0;43.32567;-0.40706;2024-11-29 16:20:00
202400002191.0;1;14;14102;1;2;1.0;3.0;49.228034;0.211996;2024-04-26 11:15:00
202400002192.0;1;64;64445;2;1;1.0;6.0;43.30835;-0.33772;2024-11-29 11:00:00
202400002193.0;1;51;51454;2;1;1.0;1.0;49.239845;4.013671;2024-09-16 16:30:00
202400002194.0;1;14;14480;1;6;1.0;2.0;49.331597;-1.073844;2024-04-30 14:25:00
202400002195.0;1;64;64102;1;1;1.0;4.0;43.50132;-1.4821;2024-11-29 14:25:00
202400002196.0;1;50;50129;2;2;1.0;3.0;49.63089;-1.62201;2024-09-13 12:45:00
202400002197.0;1;7;7126;1;1;2.0;1.0;44.452814;4.41542;2024-05-01 14:30:00
202400002198.0;1;64;64140;1;1;1.0;7.0;43.52788;-1.4712;2024-11-29 11:20:00
202400002199.0;1;49;49328;2;2;8.0;3.0;47.245252;-0.095192;2024-09-17 08:54:00
202400002200.0;3;23;23255;1;1;1.0;6.0;46.25127;2.243453;2024-04-30 22:20:00
202400002201.0;1;63;63212;1;3;2.0;3.0;45.88177688;3.09597194;2024-11-29 08:15:00
202400002202.0;1;52;52550;1;1;1.0;6.0;48.509298;4.940028;2024-05-01 17:45:00
202400002203.0;1;47;47001;2;1;1.0;3.0;44.18593;0.62493;2024-09-16 12:35:00
202400002204.0;1;60;60159;2;6;1.0;3.0;49.42188;2.82144;2024-11-28 15:40:00
202400002205.0;1;24;24331;1;2;8.0;3.0;44.79223276;0.40883303;2024-05-01 10:15:00
202400002206.0;1;45;45234;2;1;1.0;6.0;47.9259;1.89061;2024-09-17 15:20:00
202400002207.0;1;59;59599;2;1;1.0;2.0;50.71878;3.15748;2024-11-29 08:45:00
202400002208.0;1;44;44109;2;1;1.0;6.0;47.23184;-1.51734;2024-09-16 13:25:00
202400002209.0;5;59;59512;2;3;5.0;6.0;50.69127;3.18968;2024-11-29 07:00:00
202400002210.0;3;973;97307;1;2;1.0;2.0;4.89393;-52.354553;2024-04-30 21:25:00
202400002211.0;1;38;38185;2;2;1.0;3.0;45.18784;5.7216;2024-09-17 18:00:00
202400002212.0;3;59;59008;1;1;1.0;2.0;50.344668;3.256916;2024-11-29 19:55:00
202400002213.0;5;42;42005;2;2;1.0;1.0;45.520489;4.278115;2024-04-30 21:35:00
202400002214.0;1;38;38053;2;1;1.0;6.0;45.59684587;5.27416775;2024-09-17 11:39:00
202400002215.0;1;56;56098;2;3;1.0;6.0;47.76221;-3.35075;2024-11-29 08:50:00
202400002216.0;3;987;98714;1;1;1.0;7.0;-16.486409;-151.756988;2024-04-30 19:00:00
202400002217.0;1;45;45144;1;1;9.0;7.0;47.818846;2.129567;2024-04-30 10:55:00
202400002218.0;1;37;37261;2;3;1.0;3.0;47.3735;0.68445;2024-09-17 08:20:00
202400002219.0;1;54;54339;2;1;1.0;2.0;48.7070889;6.18949234;2024-11-29 13:30:00
202400002220.0;1;77;77095;1;1;2.0;1.0;48.963626;2.767149;2024-04-30 17:55:00
202400002221.0;1;52;52121;2;1;1.0;6.0;48.11057;5.13898;2024-11-06 17:10:00
202400002222.0;1;35;35115;2;2;1.0;1.0;48.35278;-1.19216;2024-09-17 18:25:00
202400002223.0;1;95;95355;1;9;1.0;2.0;49.15350666;1.77687474;2024-05-01 15:15:00
202400002224.0;1;35;35115;2;1;1.0;6.0;48.35428;-1.20447;2024-09-12 17:00:00
202400002225.0;1;51;51454;2;1;1.0;3.0;49.24458;4.01249;2024-11-29 15:35:00
202400002226.0;1;78;78147;1;1;1.0;6.0;49.004893;1.485913;2024-05-01 18:26:00
202400002227.0;5;34;34172;2;1;3.0;1.0;43.648648;3.864677;2024-09-17 19:45:00
202400002228.0;1;51;51454;2;2;1.0;6.0;49.246575;4.03189;2024-11-29 11:15:00
202400002229.0;1;2A;2A247;2;2;1.0;6.0;41.611367;9.286677;2024-04-30 15:20:00
202400002230.0;1;33;33550;2;2;1.0;3.0;44.78036;-0.57207;2024-09-17 18:54:00
202400002231.0;2;34;34056;1;1;1.0;6.0;43.429239;3.435988;2024-04-30 18:15:00
202400002232.0;2;33;33032;2;1;1.0;3.0;44.89931;-0.52885;2024-09-17 08:40:00
202400002233.0;5;49;49007;2;1;1.0;5.0;47.48255;-0.54953;2024-11-29 17:55:00
202400002234.0;1;34;34058;2;1;8.0;5.0;43.679481;4.004307;2024-04-30 17:45:00
202400002235.0;1;31;31555;2;1;1.0;2.0;43.62654562;1.43290848;2024-09-17 17:05:00
202400002236.0;1;49;49007;2;1;1.0;6.0;47.47362;-0.54236;2024-11-29 17:45:00
202400002237.0;1;29;29232;2;1;1.0;1.0;47.994625;-4.131272;2024-09-17 18:00:00
202400002238.0;1;46;46042;1;1;1.0;4.0;44.4918;1.40618;2024-11-29 14:35:00
202400002239.0;1;83;83037;1;1;1.0;5.0;43.368628;5.973634;2024-04-30 18:05:00
202400002240.0;5;29;29019;2;3;1.0;2.0;48.375351;-4.52823;2024-09-17 08:12:00
202400002241.0;5;44;44162;2;6;5.0;6.0;47.22846;-1.63519;2024-11-30 00:10:00
202400002242.0;1;13;13093;1;1;1.0;7.0;43.692884;5.388599;2024-04-30 07:30:00
202400002243.0;1;29;29019;2;6;1.0;6.0;48.39404;-4.52878;2024-09-16 14:50:00
202400002244.0;5;43;43157;2;1;1.0;6.0;45.04954;3.89658;2024-11-28 19:00:00
202400002245.0;1;13;13041;2;1;1.0;1.0;43.451131;5.469003;2024-04-27 19:50:00
202400002246.0;2;27;27681;2;1;1.0;2.0;49.08819;1.48968;2024-09-17 07:05:00
202400002247.0;1;43;43157;1;1;8.0;2.0;45.02768;3.90327;2024-11-28 08:45:00
202400002248.0;3;57;57620;1;1;1.0;1.0;49.205612;5.994608;2024-05-01 01:30:00
202400002249.0;1;85;85226;2;1;1.0;6.0;46.76813;-1.962588;2024-04-29 18:20:00
202400002250.0;1;27;27684;2;6;1.0;3.0;49.01553;1.18744;2024-09-17 16:55:00
202400002251.0;3;35;35051;1;1;1.0;4.0;48.11213;-1.58486;2024-11-29 18:50:00
202400002252.0;1;60;60439;2;2;2.0;6.0;49.314665;2.322409;2024-04-30 20:45:00
202400002253.0;1;27;27229;2;1;1.0;2.0;49.01922;1.15598;2024-09-17 16:55:00
202400002254.0;2;35;35238;2;1;1.0;7.0;48.11504;-1.69925;2024-11-29 17:10:00
202400002255.0;1;13;13071;1;1;1.0;3.0;43.39330763;5.29952667;2024-04-29 10:23:00
202400002256.0;1;22;22360;2;6;1.0;3.0;48.49354;-2.76148;2024-09-17 09:05:00
202400002257.0;2;35;35238;2;1;1.0;5.0;48.10533;-1.73429;2024-11-29 16:55:00
202400002258.0;5;83;83137;1;1;1.0;6.0;43.12535;5.9066;2024-04-29 00:45:00
202400002259.0;1;33;33550;1;1;1.0;6.0;44.781369;-0.581327;2024-04-30 09:41:00
202400002260.0;1;35;35238;1;1;1.0;2.0;48.12968262;-1.71067536;2024-11-29 15:15:00
202400002261.0;1;22;22113;2;9;1.0;3.0;48.73042119;-3.46910834;2024-09-17 17:35:00
202400002262.0;1;33;33013;1;1;1.0;4.0;44.86884;-0.50454;2024-04-25 12:45:00
202400002263.0;1;35;35238;2;1;1.0;3.0;48.106;-1.72359;2024-11-29 12:20:00
202400002264.0;1;19;19031;2;3;1.0;3.0;45.16743;1.55049;2024-09-17 09:50:00
202400002265.0;3;34;34336;1;9;1.0;7.0;43.32092;3.29226;2024-11-29 02:09:00
202400002266.0;1;19;19031;2;2;1.0;3.0;45.15297;1.53532;2024-09-17 07:54:00
202400002267.0;5;62;62193;1;1;2.0;6.0;50.9355107;1.86643744;2024-04-26 22:25:00