Num_Acc;lum;departement;commune;agglomeration;intersection;meteo;type_collision;lat;long;date
202400002268.0;5;33;33039;2;3;1.0;3.0;44.81063;-0.57389;2024-11-29 20:00:00
202400002269.0;1;17;17333;1;1;1.0;7.0;45.60302;-0.97343;2024-09-17 17:30:00
202400002270.0;1;33;33318;1;1;1.0;6.0;44.76842;-0.71924;2024-11-29 13:00:00
202400002271.0;1;91;91228;1;1;1.0;5.0;48.6315;2.40743;2024-04-30 17:54:00
202400002272.0;5;33;33119;2;6;1.0;3.0;44.85916;-0.53849;2024-11-28 18:35:00
202400002273.0;5;13;13106;2;1;3.0;5.0;43.40156448;5.36431208;2024-09-17 19:30:00
202400002274.0;2;91;91589;1;1;2.0;3.0;48.6746;2.3419;2024-04-30 08:25:00
202400002275.0;1;31;31555;2;1;1.0;3.0;43.61997;1.42392;2024-11-29 11:35:00
202400002276.0;1;13;13214;2;9;1.0;6.0;43.32478;5.38435;2024-09-17 17:10:00
202400002277.0;1;78;78646;1;1;1.0;3.0;48.792184;2.094137;2024-04-30 18:05:00
202400002278.0;5;31;31555;2;1;2.0;6.0;43.593;1.44444;2024-11-20 17:45:00
202400002279.0;1;13;13213;2;1;1.0;3.0;43.33848;5.43263;2024-09-17 15:50:00
202400002280.0;1;95;95018;1;1;1.0;3.0;48.9585871;2.27405291;2024-04-30 12:00:00
202400002281.0;1;31;31555;2;1;1.0;2.0;43.6063;1.44827;2024-11-27 15:40:00
202400002282.0;5;13;13214;2;1;1.0;3.0;43.33382;5.39024;2024-09-16 20:30:00
202400002283.0;2;93;93010;1;1;1.0;2.0;48.91421205;2.47719385;2024-04-30 07:10:00
202400002284.0;5;29;29232;2;1;1.0;2.0;47.98524215;-4.0738666;2024-11-29 20:54:00
202400002285.0;1;13;13213;2;1;1.0;3.0;43.31939;5.40861;2024-09-17 11:25:00
202400002286.0;1;77;77372;1;1;1.0;3.0;48.894163;2.665511;2024-04-30 19:30:00
202400002287.0;5;25;25539;2;1;1.0;1.0;47.45431;6.87536;2024-11-29 20:33:00
202400002288.0;1;13;13209;2;1;7.0;1.0;43.25613;5.41156;2024-09-17 08:45:00
202400002289.0;1;94;94073;1;1;1.0;2.0;48.75384198;2.38000556;2024-04-30 15:25:00
202400002290.0;1;13;13209;2;1;1.0;3.0;43.25101747;5.42207036;2024-09-16 15:55:00
202400002291.0;1;22;22113;2;2;3.0;1.0;48.748;-3.4589;2024-11-21 13:20:00
202400002292.0;3;94;94046;1;1;1.0;6.0;48.81309216;2.44867926;2024-04-30 02:45:00
202400002293.0;1;13;13207;2;2;1.0;3.0;43.28795;5.3606;2024-09-16 08:41:00
202400002294.0;1;17;17415;2;2;1.0;1.0;45.74679;-0.61476;2024-11-29 11:25:00
202400002295.0;5;10;10387;2;1;1.0;7.0;48.30179;4.07528;2024-09-16 21:30:00
202400002296.0;1;77;77121;1;1;1.0;2.0;48.83126;2.682357;2024-04-29 18:00:00
202400002297.0;1;17;17415;2;1;1.0;2.0;45.76474;-0.64145;2024-11-29 10:15:00
202400002298.0;1;7;7281;2;1;1.0;6.0;44.9459;4.84369;2024-09-17 19:10:00
202400002299.0;5;95;95218;2;1;1.0;6.0;49.017676;2.112053;2024-02-27 21:00:00
202400002300.0;1;17;17306;1;1;7.0;2.0;45.63099;-1.00694;2024-11-29 08:58:00
202400002301.0;1;1;1344;2;1;1.0;2.0;46.20164;5.20737;2024-09-17 10:28:00
202400002302.0;5;17;17300;2;2;1.0;3.0;46.16424;-1.14891;2024-11-29 06:31:00
202400002303.0;1;75;75117;2;1;1.0;2.0;48.88016671;2.28125632;2024-09-17 17:30:00
202400002304.0;1;14;14366;2;1;1.0;3.0;49.14356;0.2195;2024-11-29 12:20:00
202400002305.0;1;75;75117;2;2;1.0;6.0;48.883035;2.324023;2024-09-17 13:13:00
202400002306.0;1;14;14167;1;2;7.0;3.0;49.19135;-0.29564;2024-11-29 09:10:00
202400002307.0;1;987;98736;1;1;1.0;4.0;-17.52682;-149.54505;2024-04-29 10:00:00
202400002308.0;1;75;75106;2;3;1.0;6.0;48.852748;2.343847;2024-09-17 09:20:00
202400002309.0;5;10;10333;2;6;1.0;3.0;48.2785;4.0666;2024-11-29 17:25:00
202400002310.0;5;987;98736;2;1;1.0;3.0;-17.53385;-149.5473;2024-04-28 01:39:00
202400002311.0;5;75;75119;2;2;1.0;3.0;48.883046;2.385452;2024-09-17 01:20:00
202400002312.0;1;10;10387;2;2;1.0;1.0;48.3141;4.0613;2024-11-29 14:00:00
202400002313.0;3;75;75117;2;1;1.0;1.0;48.881155;2.314615;2024-09-17 21:00:00
202400002314.0;1;974;97416;2;1;1.0;3.0;-21.3359;55.46901;2024-04-29 16:55:00
202400002315.0;1;10;10357;2;1;1.0;4.0;48.27902;4.12359;2024-11-28 16:40:00
202400002316.0;1;75;75117;2;2;1.0;6.0;48.887913;2.299768;2024-09-16 12:30:00
202400002317.0;1;974;97411;2;1;1.0;2.0;-20.9083004;55.50335276;2024-04-29 07:30:00
202400002318.0;1;10;10387;2;2;1.0;6.0;48.29875;4.07051;2024-11-28 14:30:00
202400002319.0;1;75;75116;2;2;1.0;6.0;48.840713;2.265009;2024-09-17 17:45:00
202400002320.0;3;973;97302;2;9;1.0;7.0;4.91713;-52.32148;2024-04-27 05:15:00
202400002321.0;5;8;8480;2;9;5.0;6.0;49.7427;4.73939;2024-11-29 04:45:00
202400002322.0;1;75;75114;2;1;1.0;2.0;48.832123;2.314723;2024-09-16 19:20:00
202400002323.0;3;973;97302;1;1;1.0;2.0;4.90199348;-52.32483387;2024-04-27 20:45:00
202400002324.0;1;6;6027;2;3;1.0;6.0;43.65881;7.14756;2024-11-29 14:35:00
202400002325.0;5;5;5061;2;1;1.0;3.0;44.57516;6.0831;2024-11-29 19:40:00
202400002326.0;5;75;75109;2;2;1.0;3.0;48.871579;2.343202;2024-09-17 19:30:00
202400002327.0;1;972;97213;1;1;1.0;4.0;14.6235;-60.9887;2024-04-29 13:10:00
202400002328.0;1;6;6069;2;3;1.0;1.0;43.642981;6.95709;2024-08-12 17:25:00
202400002329.0;1;75;75113;2;1;1.0;2.0;48.818397;2.369347;2024-11-29 10:00:00
202400002330.0;1;75;75108;2;7;8.0;6.0;48.873216;2.310048;2024-09-17 13:15:00
202400002331.0;1;75;75119;2;3;1.0;6.0;48.895785;2.383595;2024-08-12 17:00:00
202400002332.0;1;971;97101;1;1;1.0;6.0;16.27670042;-61.52475178;2024-04-29 09:30:00
202400002333.0;5;75;75116;2;1;1.0;5.0;48.861171;2.263891;2024-11-29 17:35:00
202400002334.0;1;75;75101;2;2;1.0;3.0;48.863989;2.33227;2024-09-17 08:45:00
202400002335.0;1;75;75118;2;5;1.0;6.0;48.88828695;2.35143453;2024-08-12 17:10:00
202400002336.0;1;971;97101;2;1;1.0;3.0;16.25444;-61.52275;2024-04-29 07:00:00
202400002337.0;1;75;75104;2;1;1.0;7.0;48.849393;2.361812;2024-09-16 18:16:00
202400002338.0;5;75;75105;2;2;1.0;6.0;48.841413;2.354708;2024-11-29 18:00:00
202400002339.0;1;75;75118;2;7;7.0;3.0;48.89597;2.346018;2024-08-12 12:10:00
202400002340.0;1;971;97101;2;4;1.0;3.0;16.27060686;-61.5054667;2024-04-28 09:10:00
202400002341.0;1;75;75103;2;3;1.0;2.0;48.858818;2.364511;2024-09-16 17:00:00
202400002342.0;1;75;75108;2;2;1.0;3.0;48.879507;2.321827;2024-08-12 13:40:00
202400002343.0;1;75;75105;2;4;1.0;4.0;48.839728;2.351178;2024-11-28 09:27:00
202400002344.0;4;971;97113;2;1;1.0;7.0;16.2226;-61.52311;2024-04-28 01:55:00
202400002345.0;1;94;94052;2;9;1.0;3.0;48.833234;2.471343;2024-09-17 15:00:00
202400002346.0;5;75;75119;2;7;1.0;6.0;48.889881;2.396623;2024-11-29 19:05:00
202400002347.0;1;88;88413;2;1;1.0;7.0;48.29172;6.94021;2024-04-29 08:11:00
202400002348.0;2;94;94043;2;1;1.0;6.0;48.812616;2.361638;2024-09-17 19:00:00
202400002349.0;1;75;75108;2;2;1.0;3.0;48.871372;2.310067;2024-08-12 09:10:00
202400002350.0;1;75;75116;2;2;1.0;3.0;48.853035;2.261873;2024-11-29 12:05:00
202400002351.0;1;94;94003;2;1;1.0;2.0;48.81089593;2.3382774;2024-09-16 18:50:00
202400002352.0;2;87;87085;2;3;1.0;3.0;45.84910259;1.26263022;2024-04-27 06:50:00
202400002353.0;1;75;75114;2;1;1.0;6.0;48.82174;2.332572;2024-11-29 09:55:00
202400002354.0;1;94;94065;1;1;1.0;2.0;48.75395;2.36858;2024-09-17 19:36:00
202400002355.0;1;77;77284;2;9;1.0;2.0;48.952;2.90111;2024-04-29 12:50:00
202400002356.0;5;75;75102;2;3;1.0;3.0;48.870192;2.342616;2024-08-12 02:25:00
202400002357.0;5;75;75112;2;1;1.0;6.0;48.834082;2.420351;2024-11-29 03:00:00
202400002358.0;1;94;94033;2;1;1.0;6.0;48.8558;2.4819;2024-09-17 15:30:00
202400002359.0;1;77;77181;2;1;1.0;7.0;48.826964;2.715726;2024-04-29 09:00:00
202400002360.0;1;94;94046;2;3;1.0;3.0;48.80442;2.4435;2024-08-12 14:20:00
202400002361.0;5;75;75101;2;3;1.0;3.0;48.869574;2.325887;2024-11-29 18:15:00
202400002362.0;1;94;94028;2;6;1.0;3.0;48.77738;2.4553;2024-09-16 08:30:00
202400002363.0;1;76;76447;2;3;2.0;3.0;49.55036;0.17502;2024-04-27 13:30:00
202400002364.0;1;75;75109;2;2;1.0;6.0;48.875749;2.342002;2024-11-29 12:20:00
202400002365.0;1;94;94079;2;1;1.0;2.0;48.8266;2.5393;2024-08-12 09:55:00
202400002366.0;1;94;94054;2;1;1.0;6.0;48.74495;2.40776;2024-09-17 15:45:00
202400002367.0;1;76;76351;2;3;1.0;3.0;49.49526;0.10341;2024-04-28 16:50:00
202400002368.0;1;75;75109;2;2;1.0;6.0;48.87148;2.343053;2024-11-29 12:15:00
202400002369.0;1;94;94069;2;1;1.0;3.0;48.81563891;2.45897037;2024-09-17 18:00:00
202400002370.0;1;93;93027;2;1;7.0;3.0;48.92607;2.41639;2024-08-12 14:40:00
202400002371.0;1;76;76351;2;1;2.0;6.0;49.495003;0.138009;2024-04-27 19:25:00
202400002372.0;5;93;93059;2;1;1.0;6.0;48.96429612;2.35921699;2024-09-17 20:30:00
202400002373.0;5;75;75108;2;4;1.0;3.0;48.8749;2.304535;2024-11-29 20:30:00
202400002374.0;1;93;93014;2;1;1.0;6.0;48.90715559;2.54974902;2024-08-12 12:10:00
202400002375.0;2;93;93072;2;1;1.0;3.0;48.94826;2.37847;2024-09-17 15:10:00
202400002376.0;1;71;71270;2;3;3.0;6.0;46.30293242;4.82873663;2024-04-29 08:35:00
202400002377.0;5;75;75108;2;5;1.0;6.0;48.874858;2.319893;2024-11-29 06:05:00
202400002378.0;1;93;93001;2;1;1.0;3.0;48.91330686;2.38709172;2024-08-12 09:30:00
202400002379.0;1;69;69092;2;1;8.0;6.0;46.00552;4.71482;2024-04-29 14:30:00
202400002380.0;5;75;75103;2;4;1.0;7.0;48.862716;2.364631;2024-11-28 20:50:00
202400002381.0;2;66;66136;2;2;3.0;6.0;42.68721;2.90052;2024-04-29 08:15:00
202400002382.0;1;92;92050;2;1;1.0;5.0;48.88572;2.19693;2024-07-01 19:20:00
202400002383.0;5;94;94076;2;2;1.0;3.0;48.78081783;2.35551971;2024-11-28 20:50:00
202400002384.0;5;92;92050;2;1;1.0;7.0;48.899256;2.21005395;2024-08-12 01:30:00
202400002385.0;1;59;59041;2;2;1.0;1.0;50.210371;3.849777;2024-04-29 05:49:00
202400002386.0;1;94;94034;2;4;7.0;6.0;48.75615363;2.32167935;2024-11-29 11:45:00
202400002387.0;5;92;92023;2;2;1.0;3.0;48.79666;2.27446;2024-08-01 22:48:00
202400002388.0;3;59;59211;1;1;1.0;1.0;50.38274;3.026575;2024-04-28 22:05:00
202400002389.0;1;93;93071;2;9;1.0;1.0;48.94832267;2.52114773;2024-11-29 12:30:00
202400002390.0;1;57;57672;2;1;1.0;6.0;49.35915;6.16558;2024-04-29 10:25:00
202400002391.0;1;35;35165;1;3;1.0;3.0;47.956946;-1.357895;2024-08-13 18:25:00
202400002392.0;1;2A;2A189;2;1;7.0;3.0;41.69857203;8.84142593;2024-08-09 11:00:00
202400002393.0;1;93;93070;2;1;1.0;3.0;48.90484535;2.32844853;2024-11-29 13:52:00
202400002394.0;1;56;56098;2;3;1.0;2.0;47.76414;-3.36052;2024-04-29 12:10:00
202400002395.0;3;67;67273;1;1;1.0;7.0;48.861517;7.254238;2024-08-13 03:30:00
202400002396.0;1;56;56121;2;1;1.0;6.0;47.75487;-3.36618;2024-04-28 17:30:00
202400002397.0;5;93;93048;2;9;1.0;7.0;48.876331;2.454458;2024-11-29 20:00:00
202400002398.0;1;56;56121;2;1;1.0;7.0;47.734203;-3.396696;2024-04-26 10:41:00
202400002399.0;3;84;84043;1;4;1.0;6.0;44.008219;4.942045;2024-08-13 03:15:00
202400002400.0;1;93;93047;2;2;1.0;3.0;48.88847096;2.54766378;2024-11-29 12:03:00
202400002401.0;1;50;50129;2;2;1.0;6.0;49.63751;-1.60565;2024-04-28 08:00:00
202400002402.0;3;27;27027;1;1;1.0;7.0;48.901275;1.231102;2024-08-12 22:00:00
202400002403.0;1;93;93031;2;1;1.0;6.0;48.9594058;2.30411442;2024-11-29 16:20:00
202400002404.0;2;35;35308;2;1;1.0;6.0;48.456641;-1.826509;2024-08-09 21:30:00
202400002405.0;1;50;50129;2;2;1.0;2.0;49.64894;-1.64421;2024-04-28 19:00:00
202400002406.0;5;93;93031;2;2;1.0;1.0;48.95446739;2.31765175;2024-11-28 22:40:00
202400002407.0;1;49;49015;2;6;1.0;3.0;47.51847;-0.60713;2024-04-29 12:10:00
202400002408.0;1;63;63329;1;1;1.0;7.0;46.07657182;2.81226544;2024-08-11 11:00:00
202400002409.0;1;93;93029;2;1;1.0;3.0;48.92909002;2.45826211;2024-11-29 08:00:00
202400002410.0;1;42;42218;2;1;1.0;5.0;45.42503;4.40693;2024-04-24 11:00:00
202400002411.0;3;44;44195;1;1;1.0;7.0;47.371644;-1.927317;2024-08-12 22:15:00
202400002412.0;5;92;92063;2;2;1.0;6.0;48.88494376;2.16906108;2024-11-29 19:10:00
202400002413.0;1;38;38185;2;2;1.0;1.0;45.18788723;5.72170839;2024-04-29 18:15:00
202400002414.0;1;87;87020;1;1;1.0;3.0;45.940646;1.317072;2024-08-07 17:40:00
202400002415.0;1;92;92051;2;1;1.0;6.0;48.88280752;2.26749882;2024-11-29 09:38:00
202400002416.0;5;37;37214;2;2;1.0;1.0;47.41302;0.67221;2024-03-29 23:25:00
202400002417.0;1;47;47233;2;8;8.0;3.0;44.525701;0.109499;2024-08-12 18:19:00
202400002418.0;5;92;92051;2;1;1.0;2.0;48.87445041;2.253723;2024-11-29 07:36:00
202400002419.0;5;92;92020;2;1;1.0;6.0;48.80012587;2.28482589;2024-11-29 00:15:00
202400002420.0;1;37;37261;2;6;1.0;2.0;47.43191;0.69788;2024-04-29 11:30:00
202400002421.0;1;2B;2B143;1;1;1.0;3.0;42.220811;9.538;2024-08-12 12:45:00
202400002422.0;5;92;92049;2;1;1.0;7.0;48.82132107;2.31284603;2024-11-28 23:06:00
202400002423.0;1;35;35238;2;2;1.0;6.0;48.11084127;-1.69253352;2024-04-29 14:45:00
202400002424.0;1;62;62044;1;1;1.0;3.0;50.47902591;1.76653685;2024-08-12 19:20:00
202400002425.0;1;92;92026;2;2;1.0;3.0;48.89677006;2.26431817;2024-11-29 15:00:00
202400002426.0;1;57;57541;1;1;1.0;7.0;48.975217;7.573657;2024-08-11 07:51:00
202400002427.0;1;34;34172;2;3;1.0;3.0;43.597945;3.878425;2024-04-29 18:30:00
202400002428.0;1;92;92026;2;1;1.0;6.0;48.89343318;2.24679789;2024-11-29 14:50:00
202400002429.0;1;57;57311;1;1;1.0;1.0;48.99256785;6.84186534;2024-08-12 17:40:00
202400002430.0;1;34;34172;2;1;1.0;3.0;43.62643;3.88363;2024-04-29 18:30:00
202400002431.0;2;92;92025;2;3;1.0;6.0;48.92608596;2.25301199;2024-11-29 18:05:00
202400002432.0;1;19;19033;1;1;1.0;1.0;45.59534958;1.94648128;2024-08-12 07:30:00
202400002433.0;1;34;34032;2;1;1.0;6.0;43.34552;3.21228;2024-04-26 14:40:00
202400002434.0;5;33;33281;2;1;1.0;6.0;44.83509;-0.63141;2024-04-29 21:50:00
202400002435.0;1;19;19023;1;9;1.0;3.0;45.126469;1.733667;2024-08-12 12:46:00
202400002436.0;5;92;92024;2;1;1.0;3.0;48.89914272;2.30321936;2024-11-29 18:10:00
202400002437.0;3;56;56057;2;1;1.0;6.0;48.015072;-3.486255;2024-08-10 22:58:00
202400002438.0;1;33;33281;2;1;1.0;2.0;44.831;-0.665;2024-04-29 18:30:00
202400002439.0;5;92;92012;2;2;1.0;1.0;48.83732317;2.24578066;2024-11-29 18:26:00
202400002440.0;1;56;56258;2;1;1.0;6.0;47.588903;-3.031612;2024-08-13 14:11:00
202400002441.0;1;30;30007;2;1;1.0;4.0;44.13404;4.07672;2024-04-29 12:10:00
202400002442.0;1;47;47100;2;1;2.0;1.0;44.216317;0.605498;2024-11-20 12:45:00
202400002443.0;3;56;56137;1;3;1.0;3.0;47.729059;-2.69392;2024-08-13 05:45:00
202400002444.0;5;25;25462;2;1;3.0;6.0;46.893528;6.364845;2024-04-28 05:20:00
202400002445.0;3;60;60646;1;1;1.0;6.0;49.476253;2.069228;2024-11-27 21:45:00
202400002446.0;3;76;76390;1;1;1.0;1.0;49.70688634;0.30730247;2024-08-12 23:00:00
202400002447.0;5;17;17300;2;9;1.0;3.0;46.15593;-1.16324;2024-04-29 21:50:00
202400002448.0;3;76;76263;1;1;1.0;6.0;49.472503;1.509547;2024-08-13 03:00:00
202400002449.0;1;51;51217;2;6;1.0;6.0;49.07476;3.638231;2024-11-27 12:00:00
202400002450.0;1;13;13214;2;1;1.0;7.0;43.32742;5.38469;2024-04-29 11:30:00
202400002451.0;1;11;11203;1;1;1.0;3.0;43.238778;2.759821;2024-11-29 13:05:00
202400002452.0;3;80;80443;1;2;1.0;3.0;49.867575;1.905205;2024-08-11 22:30:00
202400002453.0;1;13;13001;1;3;1.0;1.0;43.51454;5.35104;2024-04-29 15:50:00
202400002454.0;3;86;86117;1;1;1.0;1.0;46.472796;0.896978;2024-11-24 19:15:00
202400002455.0;1;32;32012;1;8;1.0;3.0;43.651506;0.788425;2024-08-12 20:24:00
202400002456.0;2;10;10362;2;1;1.0;6.0;48.2907;4.0547;2024-04-28 07:00:00
202400002457.0;1;7;7281;2;1;1.0;6.0;44.949;4.84601;2024-04-27 14:20:00
202400002458.0;1;89;89380;2;3;1.0;7.0;48.075484;3.092571;2024-08-13 10:50:00
202400002459.0;3;83;83049;1;1;1.0;5.0;43.253392;6.10033;2024-11-30 18:50:00
202400002460.0;1;63;63430;2;1;1.0;7.0;45.858471;3.551824;2024-08-13 11:30:00
202400002461.0;1;974;97413;1;1;2.0;6.0;-21.177865;55.327789;2024-11-30 15:05:00
202400002462.0;5;75;75118;2;1;3.0;2.0;48.901118;2.354841;2024-04-27 21:20:00
202400002463.0;3;12;12122;1;1;1.0;6.0;44.028529;3.09646;2024-11-29 18:50:00
202400002464.0;1;75;75105;2;3;1.0;3.0;48.850415;2.347345;2024-04-29 17:20:00
202400002465.0;5;62;62344;2;1;1.0;6.0;50.525814;2.349744;2024-11-29 19:30:00
202400002466.0;1;63;63047;1;1;1.0;6.0;45.59121032;2.72618957;2024-08-13 17:30:00
202400002467.0;1;62;62683;2;1;8.0;7.0;50.30737485;2.1291647;2024-11-21 13:55:00
202400002468.0;1;75;75117;2;3;1.0;3.0;48.878254;2.295664;2024-04-29 13:40:00
202400002469.0;1;49;49053;1;1;1.0;3.0;47.171788;-0.222108;2024-08-12 14:20:00
202400002470.0;3;56;56248;1;1;5.0;2.0;47.594813;-2.622324;2024-11-30 01:40:00
202400002471.0;1;75;75115;2;3;1.0;2.0;48.846632;2.299624;2024-04-29 12:52:00
202400002472.0;1;12;12195;1;1;1.0;6.0;43.873334;2.765744;2024-08-12 15:45:00
202400002473.0;1;12;12026;1;1;1.0;7.0;44.419498;2.816319;2024-08-12 17:10:00
202400002474.0;1;22;22055;2;3;1.0;7.0;48.629721;-2.834497;2024-08-12 16:25:00
202400002475.0;1;59;59262;2;1;9.0;7.0;50.798151;2.650087;2024-11-29 09:00:00
202400002476.0;1;25;25050;1;1;1.0;5.0;47.113773;6.618876;2024-08-13 13:42:00
202400002477.0;3;67;67435;1;2;9.0;3.0;48.900526;7.074978;2024-11-29 05:00:00
202400002478.0;1;75;75111;2;2;1.0;2.0;48.867176;2.382791;2024-04-29 18:15:00
202400002479.0;1;25;25315;2;6;7.0;3.0;47.448281;6.583455;2024-08-01 09:25:00
202400002480.0;1;76;76463;1;1;1.0;1.0;49.413158;1.711421;2024-11-29 14:30:00
202400002481.0;1;75;75111;2;3;1.0;7.0;48.859825;2.388746;2024-04-29 09:35:00
202400002482.0;1;44;44019;1;1;1.0;2.0;47.306983;-1.900431;2024-08-13 10:15:00
202400002483.0;3;82;82171;1;3;5.0;7.0;44.015715;1.174926;2024-11-29 20:00:00
202400002484.0;3;75;75108;2;3;1.0;3.0;48.874353;2.301023;2024-04-29 01:15:00
202400002485.0;1;44;44101;2;1;1.0;6.0;47.186887;-1.67821;2024-08-12 09:30:00
202400002486.0;5;75;75113;2;3;1.0;6.0;48.838261;2.342061;2024-04-28 20:50:00
202400002487.0;2;61;61150;1;1;1.0;1.0;48.727552;0.410259;2024-11-29 17:30:00
202400002488.0;3;29;29158;1;1;3.0;2.0;47.81604;-4.320494;2024-06-21 21:20:00
202400002489.0;1;3;3022;1;1;1.0;6.0;46.197329;3.0498;2024-08-13 10:00:00
202400002490.0;1;94;94076;2;2;1.0;3.0;48.80582707;2.36362454;2024-04-29 16:30:00
202400002491.0;2;49;49307;1;1;1.0;5.0;47.465744;-0.425506;2024-11-29 07:55:00
202400002492.0;2;26;26148;2;1;7.0;6.0;45.250967;5.01299;2024-08-13 07:20:00
202400002493.0;1;94;94016;2;1;1.0;3.0;48.79928895;2.32499023;2024-04-29 12:45:00
202400002494.0;1;42;42181;2;8;1.0;3.0;45.98789;4.216057;2024-11-29 15:30:00
202400002495.0;1;58;58185;1;1;1.0;7.0;47.15439;4.123532;2024-08-07 18:40:00
202400002496.0;1;94;94038;2;9;1.0;6.0;48.78414;2.34579;2024-04-29 10:40:00
202400002497.0;2;66;66218;1;6;1.0;3.0;42.450944;1.955314;2024-08-13 20:20:00
202400002498.0;3;94;94073;1;1;1.0;6.0;48.753623;2.375589;2024-04-29 00:02:00
202400002499.0;2;2;2089;1;1;5.0;1.0;49.364433;3.381665;2024-11-29 06:55:00
202400002500.0;1;94;94002;2;2;8.0;1.0;48.81452;2.41397;2024-04-28 10:15:00
202400002501.0;2;2;2782;1;4;1.0;3.0;49.914038;3.193545;2024-11-29 07:10:00
202400002502.0;1;66;66063;1;1;1.0;5.0;42.474297;2.84915;2024-08-13 12:40:00
202400002503.0;1;93;93077;2;2;1.0;6.0;48.88837;2.50539;2024-04-29 20:00:00
202400002504.0;2;26;26326;1;3;1.0;3.0;44.341626;4.790396;2024-11-21 18:15:00
202400002505.0;1;72;72310;1;9;1.0;3.0;48.034859;0.202078;2024-08-10 16:50:00
202400002506.0;1;92;92078;2;1;1.0;3.0;48.93249955;2.32537687;2024-04-29 06:55:00
202400002507.0;3;6;6163;1;1;1.0;6.0;44.030099;7.579697;2024-08-12 22:00:00
202400002508.0;1;92;92050;2;1;1.0;6.0;48.89051807;2.18184704;2024-04-29 19:05:00
202400002509.0;2;9;9173;1;1;1.0;6.0;43.051905;1.57355;2024-11-30 07:30:00
202400002510.0;1;14;14570;1;1;1.0;6.0;49.077868;0.326698;2024-08-11 12:40:00
202400002511.0;2;92;92044;2;2;1.0;2.0;48.89061295;2.28639686;2024-04-28 05:40:00
202400002512.0;1;50;50096;1;1;1.0;1.0;49.635807;-1.370716;2024-08-13 15:50:00
202400002513.0;1;92;92025;2;7;1.0;6.0;48.91457;2.22931;2024-04-29 10:30:00
202400002514.0;1;50;50491;1;1;1.0;1.0;49.195205;-1.010817;2024-08-13 15:00:00
202400002515.0;1;92;92024;2;1;1.0;3.0;48.89804426;2.30450925;2024-04-25 08:50:00
202400002516.0;1;64;64147;1;1;1.0;3.0;43.440425;-1.322474;2024-11-29 14:45:00
202400002517.0;2;90;90028;1;1;1.0;6.0;47.534617;7.091739;2024-08-12 20:40:00
202400002518.0;3;64;64078;1;1;1.0;7.0;43.456853;-0.32737;2024-11-29 23:35:00
202400002519.0;3;45;45069;1;1;1.0;6.0;48.059424;2.301232;2024-08-13 03:30:00
202400002520.0;1;92;92007;2;1;1.0;2.0;48.79590383;2.31757808;2024-04-29 16:56:00
202400002521.0;1;64;64518;2;1;1.0;6.0;43.3077;-0.260775;2024-11-30 08:18:00
202400002522.0;1;16;16393;1;1;1.0;6.0;45.74433;0.146213;2024-08-13 17:15:00
202400002523.0;1;24;24516;1;1;1.0;7.0;44.975318;1.331213;2024-08-12 15:00:00
202400002524.0;2;60;60004;1;2;1.0;3.0;49.55865538;1.9417879;2024-04-15 20:30:00
202400002525.0;3;53;53096;1;1;1.0;6.0;48.3005845;-0.96698047;2024-11-29 03:00:00
202400002526.0;1;85;85029;1;1;1.0;6.0;46.96392;-2.00474;2024-08-13 13:40:00
202400002527.0;2;53;53062;2;1;1.0;3.0;47.83144228;-0.6898427;2024-11-29 15:30:00
202400002528.0;1;60;60403;1;1;1.0;4.0;49.507892;2.016721;2024-03-28 08:10:00
202400002529.0;1;27;27498;2;3;1.0;1.0;49.149956;0.830364;2024-08-12 12:25:00
202400002530.0;3;85;85130;1;1;5.0;2.0;46.774976;-1.675683;2024-11-29 21:25:00
202400002531.0;2;33;33144;2;2;1.0;3.0;44.389151;-0.220853;2024-04-28 19:45:00
202400002532.0;1;48;48079;1;1;7.0;6.0;44.828696;3.437809;2024-08-13 09:35:00
202400002533.0;3;48;48034;2;1;1.0;6.0;44.416996;3.232;2024-08-09 03:51:00
202400002534.0;1;81;81297;2;1;1.0;6.0;43.917541;2.07846;2024-04-30 16:15:00
202400002535.0;1;37;37281;1;3;2.0;1.0;47.404591;0.819865;2024-11-28 10:35:00
202400002536.0;1;1;1288;1;9;1.0;7.0;46.199156;5.933776;2024-04-30 16:30:00
202400002537.0;1;48;48094;1;1;1.0;3.0;44.303006;3.27104;2024-08-12 11:10:00
202400002538.0;1;30;30212;2;3;1.0;3.0;43.94163;4.57285;2024-11-29 12:40:00
202400002539.0;1;52;52365;1;1;1.0;7.0;48.06509873;4.94803088;2024-08-13 10:45:00
202400002540.0;1;29;29189;1;1;2.0;2.0;48.38396312;-4.39024191;2024-04-10 11:35:00
202400002541.0;3;41;41252;1;1;9.0;6.0;47.692895;1.435432;2024-04-29 02:00:00
202400002542.0;1;67;67176;1;1;1.0;1.0;48.894548;7.658212;2024-08-12 17:55:00
202400002543.0;1;65;65010;1;2;2.0;3.0;43.197073;0.156523;2024-04-29 09:52:00
202400002544.0;1;30;30169;1;1;1.0;1.0;43.772891;4.332132;2024-08-12 18:00:00
202400002545.0;1;69;69244;2;1;1.0;6.0;45.761034;4.774938;2024-08-13 10:14:00
202400002546.0;1;7;7031;1;1;1.0;7.0;44.393546;4.212549;2024-08-12 07:58:00
202400002547.0;1;51;51163;1;1;1.0;3.0;48.849771;3.839507;2024-04-29 15:30:00
202400002548.0;3;28;28092;1;1;1.0;6.0;48.334942;1.866388;2024-08-12 21:30:00
202400002549.0;1;79;79123;1;1;1.0;7.0;46.786691;-0.650554;2024-04-30 15:50:00
202400002550.0;1;974;97417;2;1;1.0;1.0;-21.360394;55.764429;2024-08-13 11:20:00