Num_Acc;lum;departement;commune;agglomeration;intersection;meteo;type_collision;lat;long;date
202400002551.0;1;2A;2A228;2;4;7.0;3.0;41.846302;8.782927;2024-04-29 16:35:00
202400002552.0;3;973;97311;1;1;1.0;7.0;5.360016;-54.085307;2024-08-11 19:15:00
202400002553.0;1;2A;2A130;1;1;1.0;1.0;41.883333;8.954608;2024-04-29 10:30:00
202400002554.0;1;82;82018;1;2;1.0;3.0;44.097895;1.510899;2024-03-05 13:45:00
202400002555.0;3;81;81070;1;1;2.0;7.0;43.788153;1.741796;2024-04-25 21:00:00
202400002556.0;3;973;97312;1;1;1.0;1.0;5.341397;-52.92935;2024-08-11 19:59:00
202400002557.0;3;973;97305;1;1;1.0;2.0;5.000167;-52.457131;2024-08-12 02:30:00
202400002558.0;1;89;89268;1;2;2.0;1.0;47.955186;3.610897;2024-04-29 17:00:00
202400002559.0;3;66;66037;2;1;1.0;6.0;42.695073;3.025247;2024-08-13 02:50:00
202400002560.0;3;41;41232;1;1;1.0;6.0;47.434242;2.026527;2024-04-29 21:40:00
202400002561.0;1;5;5178;1;1;1.0;6.0;44.36278539;5.88094711;2024-08-13 13:45:00
202400002562.0;2;68;68258;1;9;1.0;1.0;47.826212;7.285228;2024-04-29 05:45:00
202400002563.0;1;68;68327;1;1;1.0;6.0;47.622494;7.410407;2024-06-09 14:45:00
202400002564.0;1;68;68165;1;1;1.0;7.0;47.437009;7.345121;2024-04-30 14:50:00
202400002565.0;1;55;55410;1;1;1.0;1.0;49.493539;5.320537;2024-08-13 08:40:00
202400002566.0;1;31;31493;1;1;2.0;2.0;43.225881;0.747972;2024-04-30 09:20:00
202400002567.0;1;3;3173;2;1;7.0;2.0;46.473849;3.958055;2024-08-09 15:30:00
202400002568.0;1;73;73116;1;1;1.0;7.0;45.22637101;6.30915132;2024-07-14 14:27:00
202400002569.0;1;66;66149;2;3;3.0;6.0;42.615458;2.418044;2024-04-30 10:50:00
202400002570.0;1;64;64273;1;1;1.0;7.0;43.265597;-1.227797;2024-04-30 13:35:00
202400002571.0;1;38;38407;1;3;1.0;1.0;45.314637;5.650837;2024-08-09 06:28:00
202400002572.0;1;21;21032;1;1;2.0;7.0;46.991357;4.619349;2024-04-27 12:15:00
202400002573.0;1;24;24087;1;1;2.0;3.0;44.856466;1.069928;2024-04-29 14:10:00
202400002574.0;1;31;31451;2;2;7.0;1.0;43.452872;1.993761;2024-08-09 10:35:00
202400002575.0;1;17;17093;2;1;1.0;6.0;45.885255;-1.196013;2024-08-12 14:45:00
202400002576.0;1;85;85280;1;1;1.0;2.0;46.851453;-1.921234;2024-04-30 09:50:00
202400002577.0;3;17;17347;1;3;1.0;7.0;45.927355;-0.516038;2024-04-30 05:30:00
202400002578.0;1;33;33494;1;1;1.0;1.0;44.941003;-0.836012;2024-08-11 13:25:00
202400002579.0;1;30;30091;1;1;1.0;7.0;43.764282;4.159579;2024-04-29 13:00:00
202400002580.0;1;62;62894;1;1;1.0;6.0;50.77568812;1.65384039;2024-08-09 18:09:00
202400002581.0;1;52;52438;1;3;1.0;1.0;47.806151;5.557478;2024-04-30 07:30:00
202400002582.0;1;62;62351;1;1;1.0;2.0;50.4318049;2.89351717;2024-08-10 18:40:00
202400002583.0;1;8;8412;2;1;1.0;7.0;49.317242;4.830498;2024-04-28 16:10:00
202400002584.0;1;78;78291;1;1;1.0;4.0;48.969075;1.739338;2024-08-05 11:15:00
202400002585.0;1;973;97307;2;2;1.0;3.0;4.854323;-52.332644;2024-04-30 12:05:00
202400002586.0;5;92;92050;1;1;1.0;3.0;48.89973557;2.21198323;2024-08-11 04:20:00
202400002587.0;1;31;31230;1;1;2.0;3.0;43.720715;1.433491;2024-04-29 14:15:00
202400002588.0;1;95;95394;1;1;1.0;7.0;49.05087297;2.18852857;2024-08-12 16:40:00
202400002589.0;1;1;1033;1;1;3.0;6.0;46.160088;5.77889;2024-04-28 17:18:00
202400002590.0;1;93;93027;1;1;1.0;2.0;48.93723664;2.410615;2024-08-12 13:10:00
202400002591.0;1;11;11262;1;1;3.0;3.0;43.153665;2.961094;2024-04-29 10:30:00
202400002592.0;1;93;93013;1;1;1.0;2.0;48.94022999;2.42355031;2024-08-12 07:35:00
202400002593.0;3;987;98714;2;1;1.0;6.0;-16.388;-151.765;2024-04-28 05:15:00
202400002594.0;1;987;98722;1;1;1.0;1.0;-17.516196;-149.409943;2024-04-28 11:25:00
202400002595.0;5;93;93029;1;1;1.0;3.0;48.92501602;2.42564723;2024-08-12 00:49:00
202400002596.0;5;988;98814;2;3;1.0;3.0;-20.91347;167.25971;2024-04-28 19:50:00
202400002597.0;1;93;93066;1;1;1.0;6.0;48.92248535;2.35610341;2024-08-11 20:40:00
202400002598.0;1;94;94011;1;1;1.0;6.0;48.76174912;2.49312615;2024-08-12 12:40:00
202400002599.0;1;14;14083;2;1;1.0;7.0;49.21976705;0.0697057;2024-04-11 15:05:00
202400002600.0;1;78;78442;2;6;7.0;2.0;48.814125;1.903167;2024-04-29 08:24:00
202400002601.0;3;14;14106;1;1;9.0;1.0;49.221774;-0.236576;2024-02-24 23:03:00
202400002602.0;1;83;83115;2;1;1.0;6.0;43.311147;6.633044;2024-04-29 09:00:00
202400002603.0;3;83;83042;1;1;1.0;6.0;43.250263;6.547047;2024-04-30 01:00:00
202400002604.0;2;988;98818;2;3;1.0;3.0;-22.25361;166.45674;2024-08-12 06:30:00
202400002605.0;1;67;67348;2;1;1.0;2.0;48.466413;7.471181;2024-04-27 14:30:00
202400002606.0;1;976;97611;2;6;1.0;3.0;-12.7758;45.22459;2024-08-11 12:45:00
202400002607.0;1;974;97416;1;1;1.0;6.0;-21.2905;55.45091;2024-08-11 11:00:00
202400002608.0;1;69;69255;1;1;2.0;1.0;45.735459;4.668208;2024-04-29 09:40:00
202400002609.0;5;69;69383;2;1;1.0;3.0;45.75312;4.8946;2024-08-11 03:40:00
202400002610.0;2;22;22262;2;1;1.0;1.0;48.404851;-2.910347;2024-04-25 20:15:00
202400002611.0;1;22;22390;1;1;1.0;7.0;48.70756;-3.06444;2024-04-30 09:50:00
202400002612.0;2;972;97213;1;1;1.0;6.0;14.6091;-60.95389;2024-08-11 06:00:00
202400002613.0;1;62;62560;2;1;2.0;3.0;50.81553961;1.70189065;2024-04-28 09:35:00
202400002614.0;5;972;97213;1;9;1.0;3.0;14.616029;-61.009031;2024-08-10 23:16:00
202400002615.0;1;42;42237;1;1;1.0;2.0;45.445226;4.427563;2024-04-29 14:00:00
202400002616.0;1;69;69202;2;3;1.0;3.0;45.72441527;4.78063807;2024-08-11 08:00:00
202400002617.0;1;91;91434;1;1;1.0;2.0;48.668325;2.354361;2024-04-29 16:50:00
202400002618.0;5;69;69381;2;3;1.0;3.0;45.76681;4.83007;2024-08-11 02:00:00
202400002619.0;1;92;92002;1;1;1.0;3.0;48.76006049;2.2803335;2024-04-29 18:13:00
202400002620.0;1;91;91136;2;9;1.0;3.0;48.705611;2.27793;2024-08-11 20:05:00
202400002621.0;1;91;91692;1;1;1.0;3.0;48.692801;2.173193;2024-04-29 15:00:00
202400002622.0;5;86;86194;2;9;1.0;2.0;46.596374;0.329437;2024-08-04 01:07:00
202400002623.0;1;94;94034;1;1;1.0;5.0;48.75884006;2.32440976;2024-04-29 11:35:00
202400002624.0;1;94;94065;1;1;1.0;3.0;48.76003747;2.34634112;2024-04-29 07:45:00
202400002625.0;3;84;84087;1;2;1.0;3.0;44.11102;4.80672;2024-08-11 23:00:00
202400002626.0;1;78;78423;1;1;1.0;6.0;48.785196;2.0349;2024-04-28 17:35:00
202400002627.0;1;83;83126;2;5;1.0;3.0;43.1077;5.8771;2024-08-11 10:20:00
202400002628.0;1;92;92048;1;1;1.0;4.0;48.79379358;2.21880725;2024-04-28 16:55:00
202400002629.0;1;76;76212;2;3;7.0;7.0;49.4419507;1.16497;2024-08-11 15:55:00
202400002630.0;2;93;93053;1;1;1.0;7.0;48.90199338;2.46851218;2024-04-29 20:38:00
202400002631.0;1;69;69259;2;4;1.0;3.0;45.70308;4.88745;2024-08-11 14:10:00
202400002632.0;1;93;93064;1;1;1.0;3.0;48.87190855;2.48124719;2024-04-29 17:05:00
202400002633.0;5;67;67218;2;1;1.0;7.0;48.51978;7.716187;2024-08-11 23:00:00
202400002634.0;1;67;67482;2;1;1.0;6.0;48.57189;7.75548;2024-08-11 20:03:00
202400002635.0;1;93;93008;1;1;1.0;3.0;48.90968596;2.44631612;2024-04-29 08:05:00
202400002636.0;2;67;67482;2;1;1.0;6.0;48.58388;7.73734;2024-08-11 20:35:00
202400002637.0;3;92;92078;1;1;1.0;4.0;48.92915584;2.32918032;2024-04-28 21:45:00
202400002638.0;1;64;64024;2;1;1.0;3.0;43.49472;-1.54485;2024-08-11 18:58:00
202400002639.0;1;94;94065;1;1;1.0;3.0;48.75412388;2.35158219;2024-04-29 13:00:00
202400002640.0;1;59;59512;2;1;1.0;6.0;50.69426;3.17298;2024-08-11 12:15:00
202400002641.0;1;56;56260;2;3;1.0;3.0;47.65994;-2.78695;2024-08-11 09:26:00
202400002642.0;3;54;54099;1;1;1.0;6.0;49.27401;5.95872;2024-08-10 05:30:00
202400002643.0;3;77;77296;1;1;1.0;5.0;48.6289;2.628842;2024-04-28 23:49:00
202400002644.0;3;36;36159;2;3;1.0;3.0;46.79672989;1.72995508;2024-08-10 22:40:00
202400002645.0;5;988;98818;2;1;1.0;6.0;-22.24068;166.4705;2024-04-27 23:25:00
202400002646.0;2;34;34108;2;1;1.0;6.0;43.44921;3.75701;2024-07-18 21:15:00
202400002647.0;1;34;34172;2;1;1.0;7.0;43.60619;3.89833;2024-08-11 17:05:00
202400002648.0;1;33;33529;2;1;1.0;2.0;44.6118;-1.2027;2024-08-11 16:30:00
202400002649.0;1;29;29232;1;1;7.0;6.0;47.98722753;-4.05001425;2024-08-10 15:00:00
202400002650.0;1;27;27229;1;1;1.0;6.0;49.00328;1.14961;2024-08-11 09:25:00
202400002651.0;3;22;22113;1;6;1.0;7.0;48.72386;-3.43113;2024-08-11 23:50:00
202400002652.0;1;14;14117;2;2;1.0;3.0;49.28592;-0.12257;2024-08-10 12:05:00
202400002653.0;1;13;13208;2;1;1.0;1.0;43.25842;5.37873;2024-08-11 14:00:00
202400002654.0;3;12;12145;1;1;1.0;1.0;44.12919327;3.04589868;2024-08-11 21:14:00
202400002655.0;5;6;6104;2;1;1.0;6.0;43.760675;7.464452;2024-08-09 22:00:00
202400002656.0;1;75;75112;2;1;1.0;2.0;48.828471;2.397418;2024-08-09 11:55:00
202400002657.0;5;75;75120;1;1;1.0;2.0;48.870536;2.413224;2024-08-10 22:00:00
202400002658.0;1;75;75117;2;2;1.0;6.0;48.882602;2.282711;2024-08-11 13:25:00
202400002659.0;2;75;75117;2;5;1.0;3.0;48.880945;2.30028;2024-08-10 20:48:00
202400002660.0;1;75;75116;2;7;1.0;2.0;48.86963202;2.28506881;2024-08-11 13:40:00
202400002661.0;5;75;75113;2;1;1.0;7.0;48.835501;2.360723;2024-08-11 02:45:00
202400002662.0;1;75;75110;2;3;1.0;1.0;48.876388;2.35751;2024-08-11 15:19:00
202400002663.0;5;75;75110;2;2;1.0;3.0;48.883618;2.349546;2024-08-11 04:05:00
202400002664.0;1;75;75104;2;2;1.0;2.0;48.847484;2.365618;2024-08-11 18:30:00
202400002665.0;1;75;75101;2;3;1.0;6.0;48.86216;2.33716;2024-08-11 16:50:00
202400002666.0;5;94;94044;2;1;1.0;3.0;48.74068;2.48324;2024-08-10 21:30:00
202400002667.0;1;93;93070;2;9;1.0;6.0;48.904309;2.338727;2024-08-11 14:33:00
202400002668.0;1;93;93064;2;1;1.0;3.0;48.88153;2.48012;2024-08-11 19:05:00
202400002669.0;1;92;92012;2;1;1.0;3.0;48.84331808;2.23804379;2024-08-10 17:40:00
202400002670.0;1;31;31558;1;1;1.0;6.0;43.471266;1.74011;2024-08-11 17:40:00
202400002671.0;1;974;97415;2;1;1.0;7.0;-21.058398;55.26599;2024-08-10 17:24:00
202400002672.0;1;54;54322;1;1;1.0;3.0;49.471819;5.59674;2024-08-12 16:10:00
202400002673.0;1;22;22164;1;1;1.0;7.0;48.568784;-3.28638;2024-08-12 10:51:00
202400002674.0;1;62;62086;1;2;1.0;3.0;50.21814247;2.57834556;2024-08-11 14:20:00
202400002675.0;3;95;95056;1;1;1.0;6.0;49.10141709;2.36129769;2024-08-11 22:40:00
202400002676.0;1;62;62759;1;1;1.0;6.0;50.667158;1.879874;2024-08-11 19:57:00
202400002677.0;1;19;19058;1;1;1.0;6.0;45.47733127;2.18012202;2024-08-11 18:45:00
202400002678.0;4;19;19176;2;1;1.0;7.0;45.38049062;2.01336508;2024-08-11 03:10:00
202400002679.0;1;56;56251;1;1;1.0;6.0;47.635682;-2.66504;2024-08-11 15:20:00
202400002680.0;1;2B;2B354;1;8;1.0;6.0;42.136462;9.146043;2024-08-11 13:00:00
202400002681.0;1;69;69108;1;8;1.0;3.0;46.17280004;4.74119143;2024-08-08 08:04:00
202400002682.0;1;11;11299;1;1;1.0;5.0;43.138056;2.300627;2024-08-12 13:35:00
202400002683.0;1;61;61126;1;1;1.0;7.0;48.519731;0.384473;2024-08-11 09:15:00
202400002684.0;1;55;55013;1;5;1.0;3.0;49.414121;5.663141;2024-08-09 11:05:00
202400002685.0;1;12;12052;2;6;1.0;3.0;44.557183;2.071829;2024-08-12 10:40:00
202400002686.0;1;39;39074;2;1;1.0;6.0;47.231432;5.5643;2024-08-09 19:00:00
202400002687.0;3;44;44053;2;1;1.0;6.0;47.47178;-2.059372;2024-08-11 04:30:00
202400002688.0;1;44;44217;1;1;1.0;7.0;47.310707;-1.708546;2024-08-11 18:30:00
202400002689.0;1;29;29173;1;6;1.0;3.0;48.0116249;-4.19671764;2024-08-11 10:09:00
202400002690.0;1;15;15033;1;1;7.0;7.0;45.0192;2.839698;2024-08-05 18:38:00
202400002691.0;1;15;15215;1;1;1.0;1.0;44.978449;2.492346;2024-08-12 17:30:00
202400002692.0;1;70;70128;1;1;1.0;6.0;47.757805;6.36662;2024-08-12 09:20:00
202400002693.0;5;58;58079;2;6;1.0;6.0;47.459437;3.520855;2024-08-11 22:00:00
202400002694.0;3;58;58152;1;1;1.0;6.0;46.870873;3.152032;2024-08-06 23:57:00
202400002695.0;3;72;72087;1;6;1.0;1.0;47.936616;0.747585;2024-08-10 00:15:00
202400002696.0;1;72;72298;1;2;7.0;3.0;47.922705;0.480427;2024-08-08 12:22:00
202400002697.0;3;50;50568;1;1;1.0;6.0;49.004145;-1.415549;2024-08-12 03:00:00
202400002698.0;1;90;90093;2;9;1.0;7.0;47.682169;6.83988;2024-08-11 18:40:00
202400002699.0;3;36;36105;1;1;1.0;6.0;46.73653571;1.02521959;2024-08-12 04:55:00
202400002700.0;1;7;7128;2;1;1.0;7.0;45.115169;4.543444;2024-08-12 14:30:00
202400002701.0;1;24;24564;1;2;8.0;3.0;45.231715;0.263371;2024-08-12 08:50:00
202400002702.0;2;24;24352;1;2;1.0;6.0;45.25936917;0.29749274;2024-08-11 20:22:00
202400002703.0;3;28;28052;1;1;1.0;6.0;48.554924;1.512787;2024-08-10 03:48:00
202400002704.0;1;87;87064;1;3;7.0;2.0;45.714533;1.768579;2024-08-11 11:45:00
202400002705.0;1;30;30002;1;1;1.0;7.0;43.969484;4.101001;2024-08-11 18:15:00
202400002706.0;1;52;52550;2;3;7.0;3.0;48.499047;4.947109;2024-08-11 09:20:00
202400002707.0;1;10;10357;1;1;1.0;7.0;48.28592;4.164642;2024-08-12 12:43:00
202400002708.0;1;18;18141;1;1;1.0;7.0;47.140709;2.186644;2024-08-11 19:40:00
202400002709.0;1;18;18245;1;1;1.0;6.0;46.59504474;2.51368843;2024-08-12 07:34:00
202400002710.0;2;67;67067;1;1;1.0;6.0;48.695705;7.723002;2024-08-12 06:10:00
202400002711.0;1;13;13058;1;1;1.0;3.0;43.747444;4.831259;2024-08-10 07:50:00
202400002712.0;5;976;97616;2;1;1.0;6.0;-12.851072;45.104413;2024-08-11 18:20:00
202400002713.0;1;69;69264;1;1;1.0;6.0;45.986735;4.737039;2024-08-12 19:16:00
202400002714.0;3;13;13001;1;1;1.0;2.0;43.5252581;5.40539196;2024-08-08 04:00:00
202400002715.0;1;62;62427;1;1;1.0;2.0;50.385671;2.980811;2024-08-09 15:30:00
202400002716.0;1;33;33005;1;6;1.0;3.0;44.776854;-1.050873;2024-08-07 10:28:00
202400002717.0;1;987;98712;2;6;1.0;2.0;-17.52471473;-149.51890826;2024-08-11 07:15:00
202400002718.0;1;987;98723;1;1;1.0;7.0;-9.770571;-138.965113;2024-08-11 14:40:00
202400002719.0;1;987;98722;1;1;1.0;7.0;-17.592;-149.391;2024-08-09 14:40:00
202400002720.0;1;44;44109;2;6;1.0;6.0;47.2540577;-1.57640525;2024-05-07 18:57:00
202400002721.0;1;44;44109;2;3;1.0;6.0;47.217749;-1.5553749;2024-04-30 14:00:00
202400002722.0;1;44;44190;2;3;1.0;6.0;47.19060411;-1.52172994;2024-04-30 10:35:00
202400002723.0;1;44;44162;2;1;1.0;6.0;47.20757049;-1.6125674;2024-04-28 19:30:00
202400002724.0;1;44;44109;2;1;1.0;3.0;47.22515141;-1.58382802;2024-04-23 18:25:00
202400002725.0;1;44;44109;2;6;1.0;3.0;47.22088454;-1.57032858;2024-04-22 09:10:00
202400002726.0;1;88;88388;1;1;2.0;3.0;48.145152;6.390407;2024-12-19 14:30:00
202400002727.0;1;88;88487;1;1;1.0;5.0;47.956026;6.452107;2024-11-03 16:00:00
202400002728.0;3;13;13026;1;1;1.0;2.0;43.37900472;5.16585354;2024-10-05 22:58:00
202400002729.0;1;91;91200;2;1;1.0;6.0;48.536499;2.0024;2024-12-18 08:20:00
202400002730.0;5;28;28149;1;1;1.0;6.0;48.607622;0.914969;2024-12-25 04:06:00
202400002731.0;3;28;28405;1;9;5.0;3.0;48.748705;1.269135;2024-12-27 19:36:00
202400002732.0;5;28;28214;1;1;2.0;7.0;48.479127;1.017812;2024-11-25 21:00:00
202400002733.0;1;71;71508;1;1;1.0;1.0;46.645552;5.122982;2024-09-28 15:45:00
202400002734.0;1;14;14308;1;1;8.0;6.0;49.223483;-0.113908;2024-12-22 15:25:00
202400002735.0;3;73;73179;1;1;2.0;1.0;45.608232;5.859795;2024-10-30 23:45:00
202400002736.0;2;28;28108;1;2;2.0;3.0;48.133108;1.602684;2024-12-10 17:30:00
202400002737.0;3;28;28252;1;1;2.0;6.0;48.255111;0.991758;2024-10-27 00:15:00
202400002738.0;1;57;57463;1;1;1.0;7.0;49.08899;6.22457;2024-12-14 12:03:00
202400002739.0;1;14;14555;1;1;1.0;2.0;49.30813807;0.29950456;2024-12-16 14:00:00
202400002740.0;1;82;82170;1;3;1.0;3.0;44.14573213;1.00584286;2024-08-03 17:30:00
202400002741.0;1;55;55369;1;1;1.0;7.0;48.81040576;5.227561;2024-04-22 13:37:00
202400002742.0;3;987;98729;2;1;1.0;7.0;-17.492805;-149.905014;2024-12-08 02:20:00
202400002743.0;5;987;98738;1;1;1.0;1.0;-17.578791;-149.613962;2024-11-29 19:30:00
202400002744.0;3;74;74042;1;1;2.0;5.0;46.10346048;6.35891676;2024-12-22 19:50:00
202400002745.0;5;74;74280;2;1;1.0;6.0;45.888966;6.312531;2024-12-21 18:30:00
202400002746.0;2;74;74005;1;1;1.0;1.0;46.338914;6.457719;2024-12-11 17:20:00
202400002747.0;1;13;13071;1;1;1.0;6.0;43.40691417;5.32791407;2024-09-15 16:15:00
202400002748.0;1;84;84025;2;1;1.0;6.0;43.889689;5.150442;2024-10-12 17:20:00
202400002749.0;3;43;43137;1;1;1.0;1.0;45.29162809;4.14783843;2024-11-29 19:30:00
202400002750.0;1;91;91122;2;1;1.0;6.0;48.69614;2.16239;2024-11-24 10:45:00
202400002751.0;3;14;14316;1;1;5.0;6.0;49.25843;-0.051981;2024-11-05 02:00:00
202400002752.0;1;14;14061;2;5;1.0;3.0;48.931316;-0.840253;2024-07-11 18:30:00
202400002753.0;3;10;10424;1;1;1.0;6.0;48.475823;4.58986;2024-12-31 05:44:00
202400002754.0;5;2B;2B033;2;3;1.0;3.0;42.67644;9.44075;2024-11-29 23:50:00
202400002755.0;1;2B;2B313;2;6;1.0;3.0;42.372741;9.529717;2024-10-29 12:10:00
202400002756.0;1;2B;2B303;1;1;8.0;6.0;42.284088;9.550788;2024-10-26 09:00:00
202400002757.0;2;2B;2B096;2;1;8.0;7.0;42.281706;9.16397;2024-10-25 17:30:00
202400002758.0;1;2B;2B307;2;1;1.0;1.0;42.384558;9.530025;2024-10-22 18:36:00
202400002759.0;1;2B;2B029;1;1;2.0;5.0;42.675999;9.371853;2024-10-22 10:45:00
202400002760.0;5;2B;2B033;2;1;1.0;1.0;42.70617;9.45319;2024-10-11 19:34:00
202400002761.0;2;2B;2B077;1;9;1.0;1.0;42.466921;9.491769;2024-10-11 07:30:00
202400002762.0;1;2B;2B298;2;9;1.0;6.0;42.680507;9.302561;2024-09-28 15:40:00
202400002763.0;1;2B;2B007;1;1;1.0;1.0;42.286866;8.905363;2024-09-03 12:30:00
202400002764.0;1;60;60414;2;1;2.0;6.0;49.2568;2.43752;2024-12-21 12:35:00
202400002765.0;2;2B;2B007;1;1;1.0;3.0;42.306832;8.951583;2024-08-31 19:35:00
202400002766.0;1;2B;2B029;1;1;1.0;3.0;42.677301;9.385344;2024-08-22 09:00:00
202400002767.0;1;84;84099;1;2;1.0;3.0;43.867351;5.119953;2024-12-05 14:15:00
202400002768.0;3;84;84088;1;1;1.0;1.0;44.003095;5.017576;2024-11-25 17:50:00
202400002769.0;1;84;84088;1;1;1.0;3.0;43.990588;5.040981;2024-11-04 11:15:00
202400002770.0;5;974;97411;2;1;1.0;2.0;-20.91633;55.4941;2024-11-29 23:10:00
202400002771.0;3;26;26364;1;1;9.0;7.0;44.906435;5.38571;2024-12-13 19:40:00
202400002772.0;1;72;72181;2;9;1.0;3.0;48.02013;0.14427;2024-08-21 13:15:00
202400002773.0;2;974;97416;1;1;1.0;7.0;-21.30455;55.42772;2024-02-10 05:50:00
202400002774.0;5;987;98735;1;1;1.0;6.0;-17.59191;-149.306924;2024-11-03 03:45:00
202400002775.0;1;987;98729;2;1;1.0;7.0;-17.56061389;-149.87158701;2024-07-23 16:30:00
202400002776.0;5;973;97302;2;3;1.0;1.0;4.94392833;-52.30819881;2024-02-10 19:38:00
202400002777.0;1;987;98722;2;1;1.0;7.0;-17.602014;-149.303619;2024-08-22 16:50:00
202400002778.0;4;973;97302;1;1;1.0;6.0;4.90473002;-52.31870234;2024-02-09 23:14:00
202400002779.0;3;987;98729;1;1;1.0;1.0;-17.527654;-149.905647;2024-08-11 06:20:00
202400002780.0;1;987;98722;1;1;1.0;7.0;-17.5701546;-149.31719542;2024-12-10 14:40:00
202400002781.0;5;69;69387;2;2;2.0;3.0;45.7299;4.83804;2024-02-10 17:55:00
202400002782.0;1;88;88068;2;1;7.0;1.0;48.309003;6.808263;2024-12-31 15:35:00
202400002783.0;3;972;97213;2;6;1.0;7.0;14.62592299;-60.97898742;2024-02-10 05:50:00
202400002784.0;1;88;88181;2;1;7.0;1.0;48.18652;7.002518;2024-12-27 15:55:00
202400002785.0;5;972;97213;1;1;1.0;3.0;14.61653896;-60.98989992;2024-02-10 01:10:00
202400002786.0;1;88;88099;1;1;7.0;3.0;48.214851;6.438965;2024-12-27 11:25:00
202400002787.0;1;88;88413;1;1;1.0;7.0;48.29201;6.92161;2024-12-24 15:30:00
202400002788.0;5;88;88413;2;1;1.0;1.0;48.28632;6.9495;2024-12-17 19:20:00
202400002789.0;1;972;97209;2;1;1.0;5.0;14.6059;-61.0652;2024-02-10 10:30:00
202400002790.0;5;88;88413;2;1;1.0;1.0;48.28235;6.94255;2024-12-13 19:30:00
202400002791.0;5;972;97209;2;1;1.0;7.0;14.61531;-61.06186;2024-02-09 18:20:00
202400002792.0;1;88;88513;2;2;1.0;6.0;48.346242;6.325456;2024-12-09 08:10:00
202400002793.0;5;69;69034;2;1;2.0;6.0;45.79471635;4.84693371;2024-02-10 18:26:00
202400002794.0;3;88;88090;1;3;1.0;3.0;48.376364;6.271434;2024-11-21 07:00:00
202400002795.0;1;971;97101;2;1;1.0;3.0;16.27085;-61.51554;2024-02-09 14:55:00
202400002796.0;1;14;14726;2;1;2.0;7.0;48.852989;-0.675398;2024-05-21 09:40:00
202400002797.0;5;95;95585;2;6;2.0;6.0;48.9828919;2.37024765;2024-02-10 20:40:00
202400002798.0;3;84;84035;1;1;6.0;2.0;43.850344;5.064654;2024-12-20 17:00:00
202400002799.0;5;95;95582;2;2;2.0;6.0;48.97219618;2.25619192;2024-02-10 19:40:00
202400002800.0;3;84;84026;1;3;1.0;4.0;43.716454;5.375517;2024-12-18 18:00:00
202400002801.0;5;88;88160;2;1;2.0;3.0;48.18696;6.46454;2024-02-10 18:10:00
202400002802.0;1;84;84116;2;1;1.0;6.0;44.25323;5.094867;2024-12-17 11:40:00
202400002803.0;5;81;81004;2;1;2.0;6.0;43.92429;2.17768;2024-02-10 05:00:00
202400002804.0;1;78;78551;2;1;2.0;6.0;48.894757;2.097214;2024-02-10 11:10:00
202400002805.0;1;84;84086;1;2;1.0;3.0;43.835777;5.174668;2024-12-12 11:45:00
202400002806.0;1;78;78146;2;1;2.0;1.0;48.90432;2.15209;2024-02-09 17:04:00
202400002807.0;3;84;84118;1;4;1.0;6.0;43.919118;5.383108;2024-12-09 18:27:00
202400002808.0;1;77;77438;2;1;2.0;6.0;48.8681;2.6761;2024-02-09 16:50:00
202400002809.0;1;84;84092;1;3;1.0;3.0;43.976561;4.858055;2024-12-04 12:38:00
202400002810.0;3;76;76319;1;1;2.0;3.0;49.3418;1.01392;2024-02-10 19:30:00
202400002811.0;3;84;84099;1;1;1.0;1.0;43.870596;5.131345;2024-11-25 18:00:00
202400002812.0;2;71;71486;2;1;1.0;6.0;46.6545;4.3442;2024-02-10 19:45:00
202400002813.0;2;84;84043;2;9;1.0;6.0;44.000722;4.920529;2024-11-21 07:20:00
202400002814.0;1;69;69271;2;1;3.0;6.0;45.73270464;4.97081668;2024-02-10 13:45:00
202400002815.0;3;66;66136;1;1;1.0;2.0;42.6764;2.86731;2024-02-09 18:30:00
202400002816.0;3;84;84150;1;1;1.0;1.0;44.322727;4.939578;2024-11-19 18:15:00
202400002817.0;5;62;62270;2;1;3.0;6.0;50.47125405;2.5180943;2024-02-10 19:50:00
202400002818.0;1;84;84025;2;1;1.0;3.0;43.868132;5.147557;2024-11-10 14:30:00
202400002819.0;5;59;59098;1;1;2.0;6.0;50.76652;3.08635;2024-02-10 18:30:00
202400002820.0;1;84;84003;1;1;1.0;6.0;43.904185;5.435679;2024-10-20 13:00:00
202400002821.0;1;59;59350;2;2;1.0;3.0;50.6227;3.06413;2024-02-09 15:15:00
202400002822.0;1;84;84051;1;1;1.0;5.0;43.859798;5.260112;2024-09-29 14:10:00
202400002823.0;5;54;54395;2;1;2.0;6.0;48.700657;6.185324;2024-02-10 18:45:00
202400002824.0;1;84;84072;1;2;1.0;3.0;44.044753;5.151646;2024-09-11 09:30:00
202400002825.0;1;51;51454;2;1;2.0;6.0;49.238835;4.030635;2024-02-10 14:07:00
202400002826.0;5;51;51454;2;1;1.0;6.0;49.25947;4.045;2024-02-10 02:50:00
202400002827.0;1;84;84030;2;9;1.0;1.0;44.10709;5.10559;2024-08-28 12:00:00
202400002828.0;5;51;51454;2;1;2.0;6.0;49.25939;4.03111;2024-02-09 20:15:00
202400002829.0;1;84;84138;2;9;1.0;6.0;44.386366;4.989834;2024-07-23 16:50:00
202400002830.0;1;51;51454;2;1;1.0;6.0;49.259318;4.037006;2024-02-09 16:35:00
202400002831.0;2;46;46042;1;1;2.0;1.0;44.49763;1.45139;2024-02-09 07:50:00