Num_Acc;lum;departement;commune;agglomeration;intersection;meteo;type_collision;lat;long;date
202400002832.0;1;28;28415;1;1;5.0;4.0;48.684133;1.448586;2024-12-27 16:49:00
202400002833.0;5;44;44143;2;9;2.0;6.0;47.16857;-1.54275;2024-02-10 18:45:00
202400002834.0;3;33;33143;1;1;2.0;4.0;44.9688;-0.43658;2024-12-25 01:30:00
202400002835.0;3;14;14543;1;1;1.0;7.0;49.19996318;-0.48401716;2024-12-12 00:05:00
202400002836.0;1;35;35055;2;6;1.0;3.0;48.09003;-1.62339;2024-02-10 15:25:00
202400002837.0;3;972;97213;1;1;1.0;3.0;14.63213;-61.00837;2024-10-30 18:40:00
202400002838.0;5;34;34172;2;3;8.0;1.0;43.61116;3.87195;2024-02-10 18:40:00
202400002839.0;1;972;97213;1;1;1.0;2.0;14.61705;-61.00839;2024-10-23 16:34:00
202400002840.0;5;34;34172;2;1;3.0;7.0;43.60296;3.90527;2024-02-10 05:30:00
202400002841.0;3;972;97213;1;1;9.0;1.0;14.64255;-60.97628;2024-09-08 20:25:00
202400002842.0;5;33;33063;2;1;2.0;3.0;44.83849;-0.621579;2024-02-10 19:15:00
202400002843.0;5;972;97213;2;2;1.0;3.0;14.615573;-61.001052;2024-08-15 20:58:00
202400002844.0;1;33;33063;2;1;1.0;3.0;44.84789;-0.54765;2024-02-10 11:00:00
202400002845.0;1;972;97213;1;1;1.0;2.0;14.61818;-61.03456;2024-08-03 14:25:00
202400002846.0;3;30;30243;1;1;2.0;7.0;44.097962;4.080638;2024-02-09 20:25:00
202400002847.0;2;972;97213;1;1;1.0;6.0;14.66842;-60.99314;2024-07-16 18:00:00
202400002848.0;1;28;28404;2;9;2.0;6.0;48.72011;1.37356;2024-02-10 16:00:00
202400002849.0;1;62;62133;2;1;1.0;6.0;50.42256971;2.91693766;2024-09-20 19:15:00
202400002850.0;1;28;28134;1;1;1.0;4.0;48.74658;1.38225;2024-02-09 15:10:00
202400002851.0;1;27;27351;2;1;2.0;6.0;49.236504;1.176557;2024-02-10 10:25:00
202400002852.0;1;49;49248;1;2;1.0;3.0;47.660618;-1.091509;2024-04-26 17:43:00
202400002853.0;1;14;14118;2;6;1.0;2.0;49.17467;-0.35335;2024-02-10 15:00:00
202400002854.0;1;91;91552;1;1;1.0;5.0;48.60577;2.24987;2024-11-30 09:30:00
202400002855.0;5;13;13203;2;1;1.0;1.0;43.31184;5.38238;2024-02-10 23:27:00
202400002856.0;1;91;91333;2;7;8.0;6.0;48.61562;2.26104;2024-11-21 08:23:00
202400002857.0;5;13;13206;2;2;1.0;3.0;43.28832;5.39277;2024-02-10 20:10:00
202400002858.0;5;91;91549;2;7;1.0;6.0;48.65293;2.31434;2024-11-08 19:52:00
202400002859.0;5;13;13209;2;1;2.0;3.0;43.24798;5.39959;2024-02-09 18:00:00
202400002860.0;5;6;6088;2;1;3.0;6.0;43.68675;7.23753;2024-02-10 07:00:00
202400002861.0;3;57;57416;1;1;1.0;4.0;48.990598;6.104783;2024-12-06 07:40:00
202400002862.0;5;75;75116;2;1;1.0;5.0;48.876323;2.278525;2024-02-09 22:35:00
202400002863.0;3;57;57647;1;9;8.0;3.0;49.31833673;6.07588654;2024-12-04 17:25:00
202400002864.0;5;75;75108;2;2;3.0;6.0;48.875683;2.319586;2024-02-08 22:35:00
202400002865.0;1;2A;2A330;1;1;1.0;7.0;42.0668174;8.97887707;2024-08-26 19:00:00
202400002866.0;5;75;75119;2;3;2.0;1.0;48.887329;2.36706;2024-02-10 21:05:00
202400002867.0;5;72;72181;2;6;8.0;3.0;47.99822;0.1886;2024-09-12 23:50:00
202400002868.0;5;75;75119;2;3;2.0;7.0;48.89513;2.382756;2024-02-10 18:40:00
202400002869.0;3;59;59153;1;1;1.0;1.0;50.445;3.59;2024-10-22 22:25:00
202400002870.0;3;13;13215;1;1;1.0;7.0;43.32627247;5.35990923;2024-12-30 22:20:00
202400002871.0;5;75;75118;2;1;1.0;5.0;48.8838;2.349032;2024-02-09 23:40:00
202400002872.0;1;73;73008;2;1;2.0;6.0;45.70693204;5.91494598;2024-11-19 14:55:00
202400002873.0;5;75;75117;2;2;1.0;6.0;48.878661;2.300855;2024-02-10 19:30:00
202400002874.0;2;78;78158;2;1;2.0;6.0;48.825552;2.122841;2024-12-17 08:00:00
202400002875.0;5;75;75117;2;3;1.0;6.0;48.878347;2.2956;2024-02-10 03:15:00
202400002876.0;5;22;22161;2;3;1.0;1.0;48.565025;-3.142562;2024-12-28 18:55:00
202400002877.0;5;75;75115;2;2;2.0;6.0;48.849419;2.303786;2024-02-09 19:15:00
202400002878.0;5;22;22176;2;6;1.0;3.0;48.447522;-2.747526;2024-12-30 07:10:00
202400002879.0;1;75;75108;2;2;2.0;6.0;48.872565;2.310041;2024-02-10 17:55:00
202400002880.0;3;22;22171;1;1;2.0;3.0;48.403402;-2.823985;2024-12-03 21:00:00
202400002881.0;5;75;75108;2;2;1.0;3.0;48.873693;2.31466;2024-02-10 01:55:00
202400002882.0;1;22;22045;1;3;8.0;3.0;48.44501;-2.947973;2024-12-30 15:30:00
202400002883.0;5;94;94003;2;1;2.0;2.0;48.79912;2.344954;2024-02-10 19:00:00
202400002884.0;1;94;94076;2;1;2.0;1.0;48.78264757;2.35518386;2024-02-10 14:50:00
202400002885.0;3;71;71040;1;1;1.0;3.0;46.69173;4.37877;2024-11-08 23:20:00
202400002886.0;5;93;93064;2;9;2.0;6.0;48.881732;2.476351;2024-02-09 06:48:00
202400002887.0;1;39;39078;1;2;1.0;3.0;47.105843;5.518076;2024-07-20 11:34:00
202400002888.0;5;93;93006;2;2;1.0;3.0;48.85804347;2.42155999;2024-02-10 03:15:00
202400002889.0;1;43;43012;2;6;1.0;3.0;45.371176;4.20697;2024-11-08 16:25:00
202400002890.0;1;92;92046;2;1;2.0;6.0;48.816601;2.30216861;2024-02-10 12:45:00
202400002891.0;2;59;59360;2;8;1.0;6.0;50.613582;3.024681;2024-11-15 19:40:00
202400002892.0;1;92;92051;2;1;2.0;6.0;48.8827696;2.26755363;2024-02-10 16:30:00
202400002893.0;1;84;84087;2;1;1.0;1.0;44.133;4.8;2024-12-12 07:50:00
202400002894.0;1;92;92050;2;7;2.0;6.0;48.88827;2.19345;2024-02-10 12:00:00
202400002895.0;5;60;60057;2;1;2.0;1.0;49.42382;2.10542;2024-12-30 07:40:00
202400002896.0;1;92;92049;2;3;2.0;3.0;48.81068967;2.30792373;2024-02-10 13:15:00
202400002897.0;3;28;28417;1;1;2.0;6.0;48.614569;1.54918;2024-11-15 02:23:00
202400002898.0;5;92;92020;2;1;1.0;7.0;48.805552;2.28327702;2024-02-10 07:10:00
202400002899.0;5;92;92012;2;1;2.0;3.0;48.82488913;2.23508584;2024-02-10 20:20:00
202400002900.0;1;84;84031;2;3;1.0;3.0;44.03261;5.05803;2024-11-28 16:30:00
202400002901.0;3;84;84080;1;1;1.0;6.0;44.02172;5.02353;2024-11-22 18:32:00
202400002902.0;2;92;92004;2;2;2.0;3.0;48.90616456;2.28134823;2024-02-09 17:40:00
202400002903.0;1;51;51040;2;1;1.0;6.0;48.798182;4.665812;2024-02-11 08:45:00
202400002904.0;1;38;38544;2;1;1.0;6.0;45.53836;4.87196;2024-12-30 08:20:00
202400002905.0;3;2A;2A094;1;1;3.0;6.0;41.86625479;9.07409415;2024-02-11 00:30:00
202400002906.0;1;86;86162;1;1;8.0;6.0;46.925458;0.4503;2024-02-11 15:00:00
202400002907.0;1;38;38544;2;6;1.0;3.0;45.51818;4.91808;2024-12-16 12:00:00
202400002908.0;3;11;11069;1;1;1.0;2.0;43.196323;2.2964;2024-02-10 20:05:00
202400002909.0;3;38;38516;2;1;1.0;3.0;45.201;5.74175;2024-11-15 18:20:00
202400002910.0;3;68;68097;2;1;1.0;6.0;48.169348;7.194457;2024-02-09 19:00:00
202400002911.0;5;972;97203;2;1;8.0;6.0;14.865611;-61.11138;2024-02-10 22:10:00
202400002912.0;1;987;98724;2;1;1.0;2.0;-16.736619;-151.031628;2024-11-19 11:20:00
202400002913.0;1;62;62160;2;9;1.0;3.0;50.71388092;1.60310823;2024-12-26 13:15:00
202400002914.0;1;30;30209;1;6;1.0;1.0;43.987772;4.747427;2024-02-11 15:00:00
202400002915.0;1;62;62758;2;3;1.0;6.0;50.72547196;1.62468821;2024-12-20 16:00:00
202400002916.0;3;83;83131;1;1;1.0;1.0;43.224849;6.021575;2024-02-11 05:45:00
202400002917.0;3;62;62194;2;1;8.0;7.0;50.48799;2.49494;2024-12-14 22:50:00
202400002918.0;3;62;62611;1;1;1.0;6.0;50.237544;2.825654;2024-02-10 21:18:00
202400002919.0;1;56;56034;1;1;1.0;7.0;47.598878;-3.059864;2024-02-11 12:00:00
202400002920.0;4;62;62555;2;1;1.0;6.0;50.50390188;2.51024179;2024-11-15 18:30:00
202400002921.0;3;80;80522;1;1;2.0;6.0;49.876006;1.772272;2024-02-10 20:20:00
202400002922.0;3;11;11254;1;1;2.0;6.0;43.19163;2.10226;2024-02-11 01:00:00
202400002923.0;1;61;61028;1;1;2.0;6.0;48.826927;-0.240669;2024-02-10 08:30:00
202400002924.0;1;25;25586;1;1;2.0;7.0;47.463148;6.889318;2024-02-11 12:10:00
202400002925.0;3;44;44067;1;1;1.0;6.0;47.617237;-1.823934;2024-02-11 19:35:00
202400002926.0;5;44;44132;1;1;1.0;3.0;47.279068;-2.30092477;2024-12-12 17:50:00
202400002927.0;3;44;44146;1;1;1.0;7.0;47.774633;-1.455646;2024-02-10 20:35:00
202400002928.0;3;32;32446;2;1;3.0;7.0;43.476747;0.273499;2024-12-21 23:30:00
202400002929.0;3;29;29244;1;1;2.0;2.0;48.53113232;-4.17850299;2024-02-07 05:30:00
202400002930.0;5;31;31033;2;1;1.0;6.0;43.342058;1.486321;2024-02-11 04:50:00
202400002931.0;1;32;32319;2;1;1.0;1.0;43.604767;0.043591;2024-11-06 17:15:00
202400002932.0;1;38;38439;1;1;2.0;6.0;45.367871;6.044047;2024-02-10 11:00:00
202400002933.0;1;43;43154;1;1;1.0;1.0;44.76337233;3.88501083;2024-12-31 11:30:00
202400002934.0;2;2;2748;1;1;2.0;6.0;49.07803;3.628482;2024-02-10 18:00:00
202400002935.0;1;91;91521;2;3;1.0;3.0;48.65675;2.40976;2024-07-18 19:40:00
202400002936.0;1;72;72071;2;1;1.0;6.0;47.68462;0.417836;2024-02-11 07:40:00
202400002937.0;5;62;62194;2;2;1.0;1.0;50.49425789;2.47850516;2024-12-24 19:40:00
202400002938.0;3;60;60026;1;2;1.0;3.0;49.574803;2.11033;2024-02-11 02:00:00
202400002939.0;1;43;43218;1;1;1.0;1.0;45.064352;4.008958;2024-02-11 17:50:00
202400002940.0;3;16;16137;1;1;1.0;6.0;45.607718;0.475867;2024-02-11 19:40:00
202400002941.0;1;7;7313;1;1;3.0;6.0;45.310451;4.755321;2024-02-11 15:00:00
202400002942.0;3;17;17291;1;1;1.0;2.0;46.172231;-1.120051;2024-10-14 20:10:00
202400002943.0;5;8;8282;2;1;2.0;6.0;49.866369;4.432801;2024-02-09 19:40:00
202400002944.0;4;1;1274;1;1;2.0;6.0;46.161013;5.652705;2024-02-08 21:50:00
202400002945.0;3;32;32296;1;1;2.0;3.0;43.755357;-0.045018;2024-10-26 19:15:00
202400002946.0;3;42;42279;1;1;1.0;2.0;45.514042;4.224088;2024-02-11 18:35:00
202400002947.0;1;13;13117;2;3;1.0;2.0;43.45540945;5.24483446;2024-11-17 14:46:00
202400002948.0;1;976;97613;2;1;2.0;6.0;-12.757635;45.079967;2024-02-09 16:30:00
202400002949.0;5;75;75117;2;3;1.0;3.0;48.89449;2.31341;2024-03-17 22:30:00
202400002950.0;2;69;69268;1;1;1.0;1.0;45.641168;4.754076;2024-02-11 07:15:00
202400002951.0;1;13;13114;1;1;1.0;2.0;43.543252;5.324684;2024-02-11 17:00:00
202400002952.0;3;38;38053;1;1;5.0;4.0;45.58891;5.26149;2024-12-27 17:40:00
202400002953.0;1;62;62079;1;1;2.0;6.0;50.09956294;2.87168957;2024-02-11 13:55:00
202400002954.0;1;74;74281;2;1;7.0;6.0;46.37052;6.48824;2024-11-26 15:50:00
202400002955.0;3;977;97701;1;1;2.0;6.0;17.902976;-62.832098;2024-02-11 03:15:00
202400002956.0;1;74;74159;1;1;8.0;1.0;46.03896;6.61113;2024-12-28 14:50:00
202400002957.0;5;74;74116;1;3;2.0;3.0;46.054778;6.284802;2024-12-15 02:00:00
202400002958.0;3;34;34344;1;1;1.0;5.0;43.567243;4.062501;2024-02-09 19:30:00
202400002959.0;3;74;74282;2;1;1.0;1.0;45.985677;6.129405;2024-12-18 17:20:00
202400002960.0;3;83;83068;1;1;3.0;1.0;43.27393532;6.51322065;2024-02-10 06:00:00
202400002961.0;1;6;6070;1;1;1.0;7.0;43.802064;6.902009;2024-02-11 15:07:00
202400002962.0;1;74;74264;2;2;1.0;1.0;46.053942;6.558092;2024-12-03 12:05:00
202400002963.0;5;74;74264;2;1;2.0;7.0;46.057148;6.551639;2024-12-02 17:30:00
202400002964.0;1;13;13014;1;1;1.0;7.0;43.520341;5.172023;2024-02-11 11:38:00
202400002965.0;1;57;57303;2;3;1.0;3.0;49.216994;6.170669;2024-02-10 14:45:00
202400002966.0;3;14;14227;1;1;1.0;5.0;49.273433;-0.022155;2024-11-02 20:15:00
202400002967.0;3;73;73307;1;1;1.0;7.0;45.177522;6.487883;2024-02-10 23:45:00
202400002968.0;2;42;42089;1;1;2.0;6.0;45.622768;3.977984;2024-02-11 06:30:00
202400002969.0;5;38;38344;2;1;2.0;6.0;45.360561;4.801116;2024-02-10 18:30:00
202400002970.0;1;971;97107;2;1;1.0;7.0;16.05189504;-61.56557769;2024-12-29 17:25:00
202400002971.0;5;33;33473;2;1;2.0;1.0;45.13884;-0.443192;2024-02-08 18:40:00
202400002972.0;1;34;34108;2;6;1.0;3.0;43.42325;3.72328;2024-11-29 10:00:00
202400002973.0;5;78;78190;2;1;1.0;6.0;48.87995;2.14112;2024-12-26 20:46:00
202400002974.0;3;59;59535;1;9;1.0;3.0;50.769242;2.74128;2024-02-09 23:00:00
202400002975.0;4;33;33281;1;1;1.0;6.0;44.83079;-0.67517;2024-09-07 21:10:00
202400002976.0;3;13;13071;1;1;3.0;6.0;43.41574;5.36488;2024-02-10 06:47:00
202400002977.0;5;35;35281;2;2;1.0;3.0;48.090321;-1.69276;2024-12-06 19:30:00
202400002978.0;1;83;83137;1;1;2.0;6.0;43.13258891;5.98224062;2024-02-09 14:00:00
202400002979.0;1;35;35178;1;1;1.0;7.0;48.29428;-1.44561;2024-11-27 16:20:00
202400002980.0;3;67;67365;1;1;1.0;4.0;48.53622;7.71089;2024-02-06 18:02:00
202400002981.0;1;49;49015;2;2;2.0;3.0;47.50338;-0.586086;2024-09-25 10:48:00
202400002982.0;5;33;33487;1;1;3.0;1.0;44.95052;-0.4629;2024-02-10 04:40:00
202400002983.0;1;972;97217;1;1;1.0;3.0;14.468633;-60.882046;2024-12-01 17:30:00
202400002984.0;4;33;33550;1;1;3.0;6.0;44.782443;-0.585315;2024-02-10 00:45:00
202400002985.0;1;61;61339;2;1;2.0;2.0;48.763887;-0.244606;2024-10-25 12:30:00
202400002986.0;2;91;91136;1;1;2.0;6.0;48.71069;2.28706;2024-02-10 18:00:00
202400002987.0;1;972;97209;2;1;1.0;2.0;14.61063;-61.08305;2024-10-27 12:55:00
202400002988.0;1;972;97209;1;1;1.0;6.0;14.61457;-61.05056;2024-10-29 14:25:00
202400002989.0;1;78;78640;1;1;2.0;6.0;48.778086;2.213409;2024-02-10 14:30:00
202400002990.0;5;972;97213;1;1;2.0;2.0;14.60705;-61.00425;2024-10-27 23:54:00
202400002991.0;3;972;97213;1;1;1.0;1.0;14.62667;-60.98839;2024-10-26 18:46:00
202400002992.0;1;78;78321;1;1;3.0;6.0;48.798756;1.915542;2024-02-10 15:30:00
202400002993.0;1;972;97213;1;1;1.0;2.0;14.59664;-60.99582;2024-10-18 06:45:00
202400002994.0;1;972;97209;2;1;1.0;5.0;14.62;-61.06;2024-10-17 09:00:00
202400002995.0;1;972;97209;2;1;1.0;2.0;14.61216;-61.07713;2024-10-16 14:35:00
202400002996.0;2;92;92036;1;1;2.0;2.0;48.93788866;2.29766722;2024-02-10 17:45:00
202400002997.0;1;95;95241;1;1;2.0;6.0;49.04663178;2.45596073;2024-02-10 10:00:00
202400002998.0;1;972;97213;1;2;1.0;3.0;14.6215;-60.9882;2024-10-09 08:15:00
202400002999.0;3;95;95277;1;1;1.0;2.0;48.97696983;2.49221556;2024-02-10 05:00:00
202400003000.0;5;988;98818;2;1;1.0;1.0;-22.25939;166.46691;2024-02-09 23:00:00
202400003001.0;3;972;97213;1;1;1.0;4.0;14.59645;-60.99402;2024-10-08 19:10:00
202400003002.0;2;974;97407;1;9;1.0;7.0;-20.9543;55.30865;2024-02-09 06:15:00
202400003003.0;1;972;97213;1;1;1.0;2.0;14.59572;-60.98576;2024-10-08 06:40:00
202400003004.0;1;973;97302;2;1;1.0;3.0;4.92828491;-52.29318649;2024-02-09 12:40:00
202400003005.0;5;972;97213;1;1;1.0;2.0;14.63138;-61.00831;2024-10-02 02:05:00
202400003006.0;1;973;97302;1;1;1.0;2.0;4.92854;-52.329;2024-02-09 10:30:00
202400003007.0;1;972;97213;1;9;3.0;6.0;14.65179;-61.01113;2024-09-26 06:10:00
202400003008.0;5;972;97209;1;1;1.0;2.0;14.61662;-61.06037;2024-09-18 18:20:00
202400003009.0;1;973;97302;1;4;1.0;2.0;4.90625327;-52.3217386;2024-02-09 09:35:00
202400003010.0;4;972;97213;1;9;1.0;7.0;14.59603;-60.99021;2024-09-15 18:10:00
202400003011.0;1;973;97302;2;1;1.0;6.0;4.93395;-52.31051;2024-02-09 07:45:00
202400003012.0;1;972;97213;1;1;1.0;3.0;14.60277;-60.997749;2024-09-10 05:55:00
202400003013.0;1;69;69387;2;2;2.0;3.0;45.72673203;4.83084619;2024-02-09 10:50:00
202400003014.0;1;972;97209;1;4;1.0;6.0;14.61617;-61.07192;2024-08-23 13:10:00
202400003015.0;4;972;97213;1;1;1.0;7.0;14.61390201;-60.99459915;2024-02-09 01:00:00
202400003016.0;1;972;97213;2;1;1.0;3.0;14.6344;-61.01618;2024-08-18 10:15:00
202400003017.0;1;2B;2B037;2;1;1.0;2.0;42.61988;9.43763;2024-02-09 14:45:00
202400003018.0;1;972;97213;1;1;1.0;3.0;14.61795;-61.03171;2024-08-07 16:30:00
202400003019.0;1;2B;2B033;2;1;1.0;6.0;42.67253;9.44354;2024-02-09 10:35:00
202400003020.0;1;972;97213;1;3;1.0;3.0;14.63854;-61.0101;2024-07-30 12:45:00
202400003021.0;1;971;97120;1;1;1.0;3.0;16.25066;-61.54397;2024-02-08 09:45:00
202400003022.0;1;81;81002;1;6;1.0;3.0;43.511153;2.334935;2024-10-25 15:05:00
202400003023.0;1;2A;2A004;2;9;2.0;3.0;41.93552;8.73621;2024-02-09 16:03:00
202400003024.0;2;80;80160;1;1;7.0;5.0;49.853141;2.355618;2024-10-28 17:15:00
202400003025.0;3;95;95500;2;3;8.0;6.0;49.04484;2.07671;2024-02-09 07:30:00
202400003026.0;3;28;28229;1;3;2.0;2.0;48.464026;1.428268;2024-12-28 23:45:00
202400003027.0;5;91;91471;2;9;1.0;6.0;48.70608;2.1915;2024-02-09 19:00:00
202400003028.0;3;28;28405;1;2;5.0;2.0;48.748758;1.269103;2024-12-27 23:00:00
202400003029.0;5;91;91434;2;2;1.0;3.0;48.661687;2.362774;2024-02-09 05:20:00
202400003030.0;1;38;38563;2;1;7.0;6.0;45.3579;5.59257;2024-12-12 11:50:00
202400003031.0;1;83;83137;2;4;1.0;3.0;43.12937;5.93022;2024-02-08 11:45:00
202400003032.0;1;78;78640;2;1;1.0;6.0;48.784965;2.221869;2024-01-11 14:05:00
202400003033.0;5;38;38563;2;1;1.0;1.0;45.35159;5.59025;2024-12-21 18:45:00
202400003034.0;1;24;24557;2;1;1.0;6.0;45.18844;0.75932;2024-11-06 13:30:00
202400003035.0;1;91;91286;1;1;1.0;3.0;48.64819;2.38635;2024-06-07 10:30:00
202400003036.0;3;84;84095;1;1;1.0;2.0;43.750226;5.332628;2024-12-06 07:30:00
202400003037.0;1;91;91589;1;1;1.0;2.0;48.67662;2.34012;2024-06-07 08:50:00
202400003038.0;5;72;72181;2;1;2.0;3.0;48.0081;0.19957;2024-02-09 20:45:00
202400003039.0;5;84;84087;1;1;1.0;3.0;44.11041;4.84927;2024-11-29 23:40:00
202400003040.0;1;92;92036;1;1;1.0;2.0;48.93684568;2.29256988;2024-06-06 18:45:00
202400003041.0;5;72;72181;2;1;2.0;2.0;48.01199;0.18473;2024-02-08 20:15:00
202400003042.0;1;74;74281;2;1;1.0;1.0;46.375;6.4838;2024-12-01 16:40:00
202400003043.0;5;38;38563;1;6;9.0;6.0;45.37871883;5.57182789;2024-11-23 04:00:00
202400003044.0;1;78;78242;1;1;1.0;2.0;48.804889;2.049999;2024-06-06 12:30:00
202400003045.0;1;71;71306;2;1;1.0;6.0;46.68035174;4.36440307;2024-02-09 12:35:00
202400003046.0;1;75;75118;2;1;3.0;3.0;48.884539;2.362645;2024-11-19 16:00:00
202400003047.0;1;71;71270;2;6;3.0;3.0;46.3238;4.82667;2024-02-09 15:35:00
202400003048.0;1;93;93053;1;1;1.0;2.0;48.89937884;2.46926068;2024-06-07 11:05:00
202400003049.0;5;93;93007;2;3;2.0;2.0;48.94994053;2.46395999;2024-12-25 06:50:00
202400003050.0;1;71;71076;2;1;1.0;3.0;46.81223943;4.84923767;2024-02-08 16:55:00
202400003051.0;1;93;93027;1;1;1.0;2.0;48.92521284;2.39306196;2024-06-07 11:30:00
202400003052.0;1;93;93007;2;1;1.0;6.0;48.94003;2.44117;2024-12-15 10:04:00
202400003053.0;1;93;93001;1;1;1.0;2.0;48.9213055;2.37563789;2024-06-07 11:30:00
202400003054.0;2;69;69276;1;6;2.0;2.0;45.67886;4.85029;2024-02-09 19:50:00
202400003055.0;5;93;93007;2;1;2.0;3.0;48.94250417;2.4671874;2024-12-08 22:00:00
202400003056.0;1;93;93007;2;1;2.0;6.0;48.92120826;2.47359881;2024-10-08 18:20:00
202400003057.0;1;93;93066;1;1;1.0;5.0;48.92279921;2.3485996;2024-06-07 07:10:00
202400003058.0;1;69;69029;2;1;1.0;3.0;45.72937;4.92919;2024-02-08 14:25:00
202400003059.0;1;93;93007;2;3;1.0;3.0;48.9267;2.4714;2024-08-21 13:45:00
202400003060.0;3;67;67267;2;3;2.0;6.0;48.56424;7.69485;2024-02-09 18:15:00
202400003061.0;4;93;93048;1;1;1.0;2.0;48.87018346;2.43076748;2024-06-07 02:50:00
202400003062.0;1;93;93007;2;3;1.0;3.0;48.93554123;2.46850515;2024-07-19 17:30:00
202400003063.0;5;93;93007;2;3;1.0;6.0;48.93967;2.47178;2024-07-18 02:10:00
202400003064.0;1;67;67482;2;9;2.0;5.0;48.595014;7.741957;2024-02-09 16:30:00
202400003065.0;2;17;17224;1;2;1.0;3.0;45.878096;-0.316806;2024-10-21 07:15:00
202400003066.0;5;84;84031;2;6;1.0;3.0;44.03437;5.05109;2024-02-16 19:30:00
202400003067.0;1;93;93007;2;1;1.0;3.0;48.94688;2.45945;2024-07-17 17:40:00
202400003068.0;1;974;97411;2;1;1.0;7.0;-20.88694;55.45744;2024-06-06 09:00:00
202400003069.0;1;67;67482;2;8;1.0;3.0;48.58862;7.75477;2024-02-09 14:15:00
202400003070.0;1;87;87103;2;1;1.0;6.0;46.007511;1.168912;2024-10-23 15:30:00
202400003071.0;1;93;93007;2;2;1.0;3.0;48.94656;2.44614;2024-07-16 18:40:00
202400003072.0;1;65;65226;1;1;1.0;6.0;43.2393;0.01869;2024-02-09 15:00:00
202400003073.0;1;973;97302;2;6;1.0;3.0;4.9331066;-52.30926919;2024-06-06 13:25:00
202400003074.0;2;8;8491;1;1;5.0;6.0;49.742451;4.857486;2024-10-24 07:36:00
202400003075.0;3;73;73010;1;1;1.0;6.0;45.756584;5.95856;2024-12-15 18:45:00
202400003076.0;1;64;64024;2;6;2.0;2.0;43.46021;-1.49625;2024-02-09 08:10:00
202400003077.0;1;973;97302;2;3;1.0;3.0;4.93436506;-52.30881608;2024-06-06 08:00:00
202400003078.0;2;8;8361;1;4;1.0;3.0;49.851654;4.619601;2024-10-24 07:15:00
202400003079.0;1;63;63113;2;1;1.0;3.0;45.78539;3.08589;2024-02-09 07:47:00
202400003080.0;3;28;28398;1;1;2.0;2.0;48.237087;1.054054;2024-12-31 04:45:00
202400003081.0;1;69;69387;2;4;1.0;3.0;45.74668;4.84413;2024-06-06 18:30:00
202400003082.0;3;68;68066;1;1;1.0;3.0;48.070509;7.385216;2024-10-23 19:25:00
202400003083.0;5;60;60175;2;1;5.0;6.0;49.25088;2.47387;2024-12-29 18:48:00
202400003084.0;1;59;59501;2;1;1.0;4.0;50.377597;3.252069;2024-02-02 11:45:00
202400003085.0;1;69;69383;2;2;2.0;3.0;45.76129;4.86651;2024-06-06 15:10:00
202400003086.0;5;57;57672;2;1;1.0;6.0;49.37156;6.16456;2024-02-08 21:29:00
202400003087.0;1;972;97209;1;1;1.0;2.0;14.61627;-61.0436;2024-06-05 17:05:00
202400003088.0;1;987;98715;2;9;1.0;3.0;-17.560226;-149.608056;2024-10-22 07:35:00
202400003089.0;1;57;57306;2;1;2.0;6.0;49.32851792;6.0632515;2024-02-08 10:45:00
202400003090.0;1;971;97105;1;1;1.0;6.0;15.99962;-61.7238;2024-06-06 16:45:00
202400003091.0;2;987;98714;1;1;1.0;7.0;-16.47666975;-151.75861359;2024-10-23 06:40:00
202400003092.0;1;2A;2A004;2;1;1.0;3.0;41.93076;8.76306;2024-06-06 08:19:00
202400003093.0;1;56;56098;2;1;1.0;3.0;47.76663;-3.33559;2024-02-09 12:30:00
202400003094.0;1;95;95585;2;2;1.0;6.0;48.97773126;2.37114519;2024-06-06 14:30:00
202400003095.0;1;91;91339;2;1;1.0;6.0;48.63015;2.26756;2024-06-06 17:05:00
202400003096.0;5;54;54395;2;1;2.0;6.0;48.68997;6.14331;2024-02-09 19:30:00
202400003097.0;1;971;97117;1;3;1.0;3.0;16.296518;-61.349545;2024-10-24 13:27:00
202400003098.0;1;91;91477;2;3;1.0;1.0;48.71607;2.25988;2024-06-06 08:00:00
202400003099.0;1;54;54547;2;3;1.0;3.0;48.662838;6.162306;2024-02-09 09:00:00
202400003100.0;1;41;41155;1;1;1.0;3.0;47.659917;1.541101;2024-10-24 09:55:00
202400003101.0;1;54;54395;2;1;2.0;6.0;48.70094;6.17761;2024-02-08 15:00:00
202400003102.0;1;87;87085;2;3;1.0;3.0;45.8362;1.26395;2024-06-05 18:40:00
202400003103.0;1;51;51454;2;1;1.0;6.0;49.24378;4.03503;2024-02-09 10:40:00
202400003104.0;5;45;45042;2;2;2.0;3.0;47.813421;2.402422;2024-10-02 19:40:00
202400003105.0;5;51;51454;2;6;2.0;6.0;49.2645;4.01035;2024-02-08 18:35:00
202400003106.0;2;77;77339;1;1;1.0;7.0;48.361886;2.465932;2024-10-22 18:35:00
202400003107.0;1;84;84007;2;1;1.0;4.0;43.92115;4.80923;2024-06-05 10:30:00
202400003108.0;5;49;49007;2;6;1.0;3.0;47.47056;-0.54459;2024-02-09 21:01:00
202400003109.0;5;78;78171;2;1;5.0;1.0;48.744428;1.660609;2024-10-23 06:25:00
202400003110.0;1;83;83137;2;3;1.0;3.0;43.12831338;5.89899918;2024-06-06 19:00:00
202400003111.0;1;30;30155;2;1;1.0;7.0;43.819507;4.473243;2024-10-23 16:05:00
202400003112.0;1;83;83153;2;1;1.0;6.0;43.07606963;5.90622497;2024-06-06 09:10:00
202400003113.0;1;49;49007;2;1;2.0;4.0;47.44877;-0.53535;2024-02-08 08:30:00
202400003114.0;3;13;13094;1;1;1.0;1.0;43.785926;4.745289;2024-10-23 21:45:00