Num_Acc;lum;departement;commune;agglomeration;intersection;meteo;type_collision;lat;long;date
202400003115.0;1;81;81004;2;1;1.0;6.0;43.92413;2.1544;2024-06-06 14:12:00
202400003116.0;5;45;45284;2;3;1.0;3.0;47.914931;1.958327;2024-02-09 07:15:00
202400003117.0;5;79;79191;2;1;1.0;6.0;46.33656;-0.42186;2024-06-06 23:00:00
202400003118.0;1;77;77085;2;1;1.0;1.0;48.86219772;2.75008057;2024-06-05 16:40:00
202400003119.0;5;25;25284;2;3;1.0;3.0;47.522533;6.818991;2024-10-24 19:00:00
202400003120.0;5;44;44109;2;3;2.0;3.0;47.20845;-1.57399;2024-02-09 19:40:00
202400003121.0;2;72;72181;2;1;1.0;6.0;47.9913;0.22754;2024-06-06 19:45:00
202400003122.0;1;44;44109;2;1;1.0;6.0;47.26417;-1.57407;2024-02-09 14:50:00
202400003123.0;3;21;21699;1;1;1.0;6.0;47.204923;5.329388;2024-10-24 00:58:00
202400003124.0;1;71;71270;2;6;1.0;1.0;46.30911;4.82039;2024-06-05 08:09:00
202400003125.0;1;43;43046;2;1;1.0;7.0;45.06009;3.89737;2024-02-03 16:40:00
202400003126.0;1;69;69266;2;1;1.0;3.0;45.75796115;4.91658439;2024-06-06 21:10:00
202400003127.0;1;52;52416;1;1;1.0;3.0;48.043592;5.480155;2024-10-23 17:36:00
202400003128.0;1;69;69386;2;2;1.0;3.0;45.76856;4.85062;2024-06-06 19:20:00
202400003129.0;1;69;69275;2;1;1.0;2.0;45.76792053;4.9751581;2024-06-06 18:00:00
202400003130.0;5;37;37261;2;3;1.0;3.0;47.37416;0.69866;2024-02-09 22:05:00
202400003131.0;1;68;68072;1;3;1.0;1.0;47.700711;7.422836;2024-10-24 10:10:00
202400003132.0;1;69;69256;2;4;1.0;6.0;45.78784125;4.91436534;2024-06-06 09:30:00
202400003133.0;1;69;69259;2;1;1.0;6.0;45.69967;4.88191;2024-06-06 08:25:00
202400003134.0;1;57;57433;2;6;1.0;6.0;49.20834607;6.1498586;2024-10-18 08:45:00
202400003135.0;5;68;68224;2;1;1.0;7.0;47.729899;7.299031;2024-06-06 03:25:00
202400003136.0;1;35;35278;1;1;2.0;4.0;48.17986;-1.719234;2024-02-09 13:30:00
202400003137.0;5;67;67482;2;4;1.0;3.0;48.54624;7.77159;2024-06-06 21:55:00
202400003138.0;1;42;42037;1;1;1.0;5.0;45.661852;4.04519;2024-10-24 18:00:00
202400003139.0;2;34;34301;2;1;1.0;3.0;43.41014;3.67614;2024-02-07 18:35:00
202400003140.0;1;64;64269;2;6;1.0;3.0;43.29925;-0.30719;2024-06-06 16:25:00
202400003141.0;2;17;17146;1;1;1.0;1.0;45.908876;-0.975004;2024-10-24 07:45:00
202400003142.0;1;64;64348;2;1;1.0;3.0;43.33698;-0.39109;2024-06-06 16:50:00
202400003143.0;5;34;34172;2;1;1.0;2.0;43.61869;3.8463;2024-02-09 21:45:00
202400003144.0;1;64;64284;2;3;1.0;3.0;43.2805;-0.38305;2024-06-06 08:50:00
202400003145.0;1;33;33382;2;1;1.0;3.0;45.133814;-0.486606;2024-09-20 18:50:00
202400003146.0;1;64;64445;2;1;1.0;2.0;43.3164;-0.36146;2024-06-05 08:10:00
202400003147.0;1;34;34172;2;1;1.0;3.0;43.64201;3.81857;2024-02-09 14:24:00
202400003148.0;1;64;64024;2;1;1.0;3.0;43.494182;-1.51869727;2024-06-06 18:15:00
202400003149.0;1;49;49301;1;1;7.0;3.0;47.133108;-1.189871;2024-10-23 17:45:00
202400003150.0;1;64;64024;2;1;1.0;2.0;43.49644;-1.51156;2024-06-06 15:00:00
202400003151.0;1;44;44172;2;1;1.0;6.0;47.249006;-1.488111;2024-10-23 15:05:00
202400003152.0;5;33;33063;2;2;1.0;3.0;44.83855;-0.60459;2024-02-09 21:30:00
202400003153.0;1;64;64024;2;1;1.0;2.0;43.52112;-1.5017;2024-06-06 09:35:00
202400003154.0;5;31;31555;1;1;1.0;3.0;43.63774;1.47702;2024-02-09 20:00:00
202400003155.0;1;35;35015;1;1;5.0;1.0;48.171767;-1.185987;2024-10-22 10:20:00
202400003156.0;1;64;64102;2;1;1.0;3.0;43.49264;-1.48327;2024-06-06 08:20:00
202400003157.0;3;30;30028;2;9;1.0;7.0;44.15692;4.61499;2024-02-03 19:35:00
202400003158.0;1;64;64102;2;3;1.0;3.0;43.50156;-1.44585;2024-06-05 18:07:00
202400003159.0;1;2;2443;1;1;1.0;6.0;49.044043;3.265525;2024-10-24 18:10:00
202400003160.0;1;64;64102;2;9;1.0;3.0;43.49374;-1.49147;2024-06-05 11:20:00
202400003161.0;2;59;59139;2;6;1.0;1.0;50.126817;3.4181;2024-10-22 17:55:00
202400003162.0;1;29;29019;1;4;2.0;5.0;48.42308814;-4.51076368;2024-02-08 12:23:00
202400003163.0;1;64;64102;2;6;1.0;3.0;43.49128579;-1.46884739;2024-06-05 09:20:00
202400003164.0;1;29;29019;2;1;2.0;6.0;48.379603;-4.53465;2024-02-07 17:10:00
202400003165.0;3;1;1275;1;1;1.0;2.0;45.80942;4.93299;2024-10-19 20:50:00
202400003166.0;1;62;62194;2;6;1.0;3.0;50.48322496;2.47414649;2024-06-05 20:15:00
202400003167.0;1;62;62193;2;6;1.0;6.0;50.95338188;1.83854127;2024-06-06 11:30:00
202400003168.0;3;57;57356;1;1;1.0;2.0;49.44840227;6.11968517;2024-10-22 05:25:00
202400003169.0;1;59;59512;2;3;1.0;3.0;50.70326;3.17378;2024-06-05 17:20:00
202400003170.0;1;78;78423;1;1;5.0;6.0;48.794328;2.049801;2024-10-23 09:00:00
202400003171.0;1;27;27375;2;6;1.0;2.0;49.21547;1.16823;2024-02-09 07:50:00
202400003172.0;1;59;59378;1;6;1.0;3.0;50.68673;3.1025;2024-06-06 08:50:00
202400003173.0;4;78;78402;1;1;1.0;6.0;48.963881;1.778354;2024-10-22 05:30:00
202400003174.0;2;27;27229;2;9;2.0;6.0;49.01007;1.16745;2024-02-08 07:55:00
202400003175.0;2;59;59009;1;1;1.0;6.0;50.64855;3.14922;2024-06-05 06:40:00
202400003176.0;1;59;59183;2;3;1.0;6.0;51.02864;2.35184;2024-06-05 15:40:00
202400003177.0;5;25;25056;2;1;2.0;3.0;47.245999;6.029661;2024-02-09 20:05:00
202400003178.0;3;93;93005;1;1;1.0;4.0;48.96017102;2.47352704;2024-10-22 21:45:00
202400003179.0;1;56;56121;2;2;1.0;3.0;47.75372;-3.36234;2024-06-05 18:32:00
202400003180.0;1;19;19275;2;3;1.0;1.0;45.56956235;2.33116347;2024-02-05 16:13:00
202400003181.0;1;77;77146;1;1;1.0;3.0;48.83151;2.64542;2024-10-23 17:30:00
202400003182.0;1;54;54025;2;1;1.0;2.0;48.66199;6.2533;2024-06-05 16:20:00
202400003183.0;1;14;14327;2;3;1.0;3.0;49.19522;-0.32785;2024-02-06 16:45:00
202400003184.0;1;54;54395;2;1;1.0;6.0;48.703251;6.1554;2024-06-05 12:00:00
202400003185.0;1;77;77169;1;1;1.0;2.0;48.82051241;2.61575004;2024-10-23 11:40:00
202400003186.0;1;13;13213;2;1;1.0;3.0;43.33094;5.4072;2024-02-08 15:00:00
202400003187.0;1;54;54273;2;1;3.0;1.0;49.16635;5.8878;2024-05-17 16:45:00
202400003188.0;3;94;94022;1;1;1.0;2.0;48.77678786;2.4174609;2024-10-22 23:50:00
202400003189.0;5;13;13001;2;1;2.0;1.0;43.52455;5.45352;2024-02-09 19:29:00
202400003190.0;1;51;51058;2;3;1.0;3.0;49.21977;3.99286;2024-06-05 18:25:00
202400003191.0;5;12;12202;2;1;1.0;7.0;44.36256;2.56194;2024-02-08 19:20:00
202400003192.0;1;51;51454;2;1;1.0;2.0;49.263869;4.017853;2024-06-05 12:50:00
202400003193.0;1;10;10387;2;1;2.0;6.0;48.27802;4.0676;2024-02-08 10:03:00
202400003194.0;3;77;77438;1;1;1.0;6.0;48.86262798;2.66812122;2024-10-22 21:00:00
202400003195.0;1;51;51454;2;2;1.0;3.0;49.27077;4.0111;2024-06-05 11:10:00
202400003196.0;5;6;6069;2;1;2.0;3.0;43.65341;6.92859;2024-02-09 18:25:00
202400003197.0;2;35;35253;1;2;1.0;6.0;48.256198;-1.411897;2024-06-08 22:00:00
202400003198.0;1;49;49007;2;1;1.0;3.0;47.46467;-0.59369;2024-06-05 07:27:00
202400003199.0;3;2;2738;1;9;2.0;2.0;49.66396;3.26418;2024-02-08 05:00:00
202400003200.0;1;47;47001;2;1;2.0;6.0;44.19492;0.61235;2024-06-06 08:15:00
202400003201.0;5;75;75112;2;1;1.0;3.0;48.830927;2.402991;2024-02-09 06:55:00
202400003202.0;1;42;42218;2;2;1.0;6.0;45.463702;4.381772;2024-06-06 16:30:00
202400003203.0;5;75;75119;2;1;1.0;6.0;48.894065;2.381031;2024-02-09 07:05:00
202400003204.0;1;35;35179;1;2;1.0;3.0;48.506463;-1.887904;2024-06-02 18:27:00
202400003205.0;5;75;75114;2;2;2.0;3.0;48.833688;2.331938;2024-02-08 22:05:00
202400003206.0;1;41;41018;2;9;1.0;6.0;47.59353;1.31041;2024-06-05 08:48:00
202400003207.0;1;44;44162;2;1;1.0;2.0;47.242;-1.623;2024-10-11 17:20:00
202400003208.0;1;75;75114;2;2;2.0;6.0;48.839561;2.336721;2024-02-08 13:36:00
202400003209.0;1;40;40192;2;9;1.0;3.0;43.88435;-0.46108;2024-06-03 15:37:00
202400003210.0;2;44;44109;2;6;1.0;6.0;47.19886445;-1.5326805;2024-10-10 08:50:00
202400003211.0;5;75;75113;2;2;2.0;3.0;48.826173;2.357296;2024-02-08 22:40:00
202400003212.0;1;38;38053;2;1;1.0;3.0;45.58926;5.27621;2024-06-06 18:35:00
202400003213.0;1;34;34032;2;3;1.0;6.0;43.34339;3.22335;2024-06-05 16:50:00
202400003214.0;1;75;75111;2;3;1.0;3.0;48.856672;2.382009;2024-02-09 15:45:00
202400003215.0;1;74;74298;2;3;1.0;3.0;46.1857;6.2515;2024-08-23 20:00:00
202400003216.0;1;31;31069;2;1;1.0;2.0;43.63041948;1.38028085;2024-06-06 17:00:00
202400003217.0;1;75;75101;2;2;8.0;3.0;48.858525;2.348231;2024-02-09 09:05:00
202400003218.0;5;31;31555;2;9;1.0;3.0;43.60698;1.44738;2024-06-06 23:36:00
202400003219.0;1;29;29019;2;6;1.0;6.0;48.409348;-4.465644;2024-06-06 18:00:00
202400003220.0;1;29;29019;2;2;1.0;6.0;48.40257;-4.481994;2024-06-13 09:05:00
202400003221.0;1;69;69275;2;2;1.0;5.0;45.76383;4.94561;2024-04-12 19:40:00
202400003222.0;1;28;28220;2;1;1.0;3.0;48.42513;1.47997;2024-06-05 09:45:00
202400003223.0;1;23;23096;2;3;1.0;6.0;46.170962;1.877834;2024-06-05 12:15:00
202400003224.0;1;974;97411;1;9;1.0;1.0;-20.8972;55.4863;2024-10-22 15:10:00
202400003225.0;1;973;97302;2;1;1.0;7.0;4.9175;-52.31295;2024-10-22 09:49:00
202400003226.0;1;18;18033;1;1;1.0;2.0;47.07688;2.43986;2024-06-05 17:35:00
202400003227.0;1;17;17415;2;1;1.0;2.0;45.74725;-0.6345;2024-06-06 12:40:00
202400003228.0;1;973;97302;2;3;1.0;3.0;4.93206;-52.29717;2024-10-21 17:00:00
202400003229.0;1;69;69383;2;1;1.0;6.0;45.76281;4.84662;2024-10-22 15:45:00
202400003230.0;1;17;17300;2;1;1.0;4.0;46.16191;-1.1656;2024-06-05 09:58:00
202400003231.0;1;972;97209;2;3;2.0;3.0;14.61339;-61.0731;2024-10-22 06:20:00
202400003232.0;2;14;14327;2;2;1.0;1.0;49.20327;-0.32979;2024-06-05 20:45:00
202400003233.0;5;95;95585;2;9;1.0;3.0;48.97841653;2.38786722;2024-10-22 22:55:00
202400003234.0;1;95;95280;2;3;1.0;6.0;49.02754;2.46368;2024-10-22 09:30:00
202400003235.0;5;13;13203;2;3;1.0;3.0;43.31896;5.37913;2024-06-07 00:05:00
202400003236.0;1;95;95572;1;9;8.0;3.0;49.060827;2.143969;2024-10-21 15:26:00
202400003237.0;5;13;13208;2;2;1.0;3.0;43.28022;5.38678;2024-06-07 00:40:00
202400003238.0;1;91;91570;2;1;1.0;6.0;48.63744;2.30502;2024-10-22 16:15:00
202400003239.0;1;13;13210;2;1;1.0;3.0;43.2807;5.4012;2024-06-06 19:10:00
202400003240.0;3;91;91685;2;3;1.0;6.0;48.65554;2.30562;2024-10-22 07:25:00
202400003241.0;5;13;13201;2;3;1.0;3.0;43.29911447;5.38264508;2024-06-06 02:26:00
202400003242.0;1;91;91027;2;1;1.0;3.0;48.70833;2.37143;2024-10-22 10:00:00
202400003243.0;1;13;13216;2;6;1.0;3.0;43.34;5.34;2024-06-05 12:30:00
202400003244.0;5;91;91589;2;1;1.0;6.0;48.68629;2.34151;2024-10-22 07:10:00
202400003245.0;1;13;13047;2;8;1.0;3.0;43.50857083;4.97778564;2024-06-05 17:45:00
202400003246.0;1;87;87085;2;3;2.0;7.0;45.83313;1.24849;2024-10-17 09:25:00
202400003247.0;1;12;12013;1;1;1.0;1.0;44.534781;2.231221;2024-05-18 11:50:00
202400003248.0;1;87;87085;2;3;1.0;3.0;45.82354;1.25114;2024-10-21 09:13:00
202400003249.0;1;87;87085;2;1;1.0;6.0;45.82037;1.23758;2024-10-21 09:54:00
202400003250.0;1;11;11262;2;1;1.0;4.0;43.151753;2.979366;2024-06-06 16:52:00
202400003251.0;1;87;87085;2;3;2.0;6.0;45.83514;1.25221;2024-10-17 16:15:00
202400003252.0;1;10;10297;2;1;1.0;2.0;48.31454;4.09886;2024-06-06 14:10:00
202400003253.0;2;87;87050;1;3;1.0;3.0;45.8987;1.2221;2024-10-21 07:54:00
202400003254.0;1;10;10387;2;1;1.0;6.0;48.29653;4.08547;2024-06-06 16:16:00
202400003255.0;1;84;84007;2;2;1.0;3.0;43.93394;4.83138;2024-10-22 09:40:00
202400003256.0;1;10;10357;1;1;1.0;4.0;48.2957;4.1378;2024-06-05 16:44:00
202400003257.0;5;83;83137;2;1;1.0;6.0;43.12368;5.94985;2024-10-22 06:52:00
202400003258.0;1;9;9225;2;2;1.0;3.0;43.1111;1.60903;2024-06-05 18:55:00
202400003259.0;1;81;81004;2;1;1.0;6.0;43.93432;2.1746;2024-10-21 15:35:00
202400003260.0;1;4;4112;2;1;1.0;6.0;43.82757;5.79852;2024-06-05 17:25:00
202400003261.0;1;80;80021;1;1;1.0;3.0;49.89273;2.30233;2024-10-21 17:54:00
202400003262.0;1;4;4112;1;1;1.0;1.0;43.8323;5.76226;2024-06-02 10:05:00
202400003263.0;1;78;78423;2;1;1.0;6.0;48.77538;2.02991;2024-10-21 17:34:00
202400003264.0;1;75;75114;2;1;1.0;2.0;48.81869;2.331751;2024-06-05 12:10:00
202400003265.0;1;78;78172;2;2;1.0;3.0;49.005367;2.095524;2024-10-22 18:20:00
202400003266.0;1;75;75119;2;1;1.0;6.0;48.885821;2.38462;2024-06-06 19:15:00
202400003267.0;1;75;75118;2;1;1.0;6.0;48.896389;2.328586;2024-06-06 19:00:00
202400003268.0;4;78;78672;1;1;2.0;6.0;48.92744;2.01492;2024-10-22 01:15:00
202400003269.0;1;75;75118;2;7;1.0;6.0;48.88489;2.359348;2024-06-06 17:05:00
202400003270.0;1;77;77495;1;1;1.0;2.0;48.56176;2.64521;2024-10-21 08:27:00
202400003271.0;5;77;77284;2;9;8.0;6.0;48.95657;2.87393;2024-10-22 18:53:00
202400003272.0;1;75;75117;2;2;1.0;3.0;48.883677;2.295325;2024-06-05 16:05:00
202400003273.0;1;75;75116;2;1;1.0;3.0;48.851332;2.259015;2024-06-06 19:20:00
202400003274.0;1;69;69266;2;3;1.0;2.0;45.75474611;4.90198092;2024-10-22 17:30:00
202400003275.0;1;75;75116;2;1;1.0;1.0;48.859473;2.282524;2024-06-06 15:30:00
202400003276.0;5;69;69115;2;6;1.0;2.0;45.97888;4.7342;2024-10-22 07:35:00
202400003277.0;1;75;75116;2;1;1.0;3.0;48.853987;2.241871;2024-06-06 08:45:00
202400003278.0;1;69;69290;1;2;2.0;3.0;45.71504;4.92549;2024-10-22 08:00:00
202400003279.0;1;75;75115;2;1;1.0;3.0;48.847488;2.303529;2024-06-06 14:30:00
202400003280.0;1;75;75111;2;2;1.0;6.0;48.856597;2.379221;2024-06-06 09:35:00
202400003281.0;5;69;69029;2;1;1.0;3.0;45.72283066;4.92010074;2024-10-21 23:05:00
202400003282.0;1;75;75111;2;1;1.0;3.0;48.851342;2.394086;2024-06-05 08:50:00
202400003283.0;1;69;69029;2;2;1.0;3.0;45.73938;4.9114;2024-10-21 17:50:00
202400003284.0;5;75;75110;2;2;1.0;1.0;48.86981;2.36069;2024-06-05 22:35:00
202400003285.0;1;69;69290;2;3;1.0;2.0;45.68769927;4.9350019;2024-10-21 16:58:00
202400003286.0;1;75;75109;2;7;1.0;3.0;48.876534;2.330945;2024-06-06 19:00:00
202400003287.0;1;69;69290;2;3;7.0;3.0;45.71809842;4.90980729;2024-10-21 11:30:00
202400003288.0;1;75;75104;2;2;1.0;3.0;48.856164;2.35713;2024-06-06 09:30:00
202400003289.0;1;64;64348;2;1;1.0;3.0;43.32014;-0.39253;2024-10-21 16:45:00
202400003290.0;1;75;75104;2;3;1.0;6.0;48.855421;2.35294;2024-06-05 17:50:00
202400003291.0;1;62;62573;2;1;1.0;1.0;50.4902;2.89155;2024-10-22 12:15:00
202400003292.0;1;94;94081;2;2;1.0;3.0;48.78605;2.39186;2024-06-05 17:30:00
202400003293.0;5;59;59183;2;2;2.0;3.0;51.02653;2.38073;2024-10-22 05:05:00
202400003294.0;1;94;94068;2;2;1.0;3.0;48.79331;2.49784;2024-06-04 18:15:00
202400003295.0;1;56;56098;2;2;1.0;3.0;47.77193;-3.33729;2024-10-21 16:42:00
202400003296.0;5;94;94011;2;4;1.0;6.0;48.76299;2.4798;2024-06-05 04:40:00
202400003297.0;1;54;54547;1;1;1.0;2.0;48.66203;6.16014;2024-10-21 09:05:00
202400003298.0;1;51;51454;2;1;1.0;6.0;49.24275;4.00091;2024-10-22 17:20:00
202400003299.0;1;94;94078;2;3;1.0;2.0;48.74836001;2.43544956;2024-06-06 19:20:00
202400003300.0;1;49;49007;2;1;3.0;3.0;47.478;-0.547;2024-10-21 18:30:00
202400003301.0;1;94;94017;2;1;1.0;3.0;48.81782;2.48851;2024-06-15 12:00:00
202400003302.0;1;42;42127;2;3;1.0;3.0;46.06066;4.05949;2024-10-21 17:00:00
202400003303.0;1;94;94017;2;3;1.0;3.0;48.819425;2.48654;2024-06-05 14:49:00
202400003304.0;2;41;41018;2;1;1.0;5.0;47.59093;1.29919;2024-10-21 18:15:00
202400003305.0;1;93;93051;2;1;1.0;3.0;48.84720518;2.55289114;2024-06-06 16:10:00
202400003306.0;1;34;34172;2;1;1.0;5.0;43.62584;3.81819;2024-10-21 15:30:00
202400003307.0;5;93;93051;2;2;1.0;3.0;48.8303;2.5852;2024-06-05 22:03:00
202400003308.0;1;34;34129;2;9;1.0;1.0;43.58019;3.92195;2024-10-21 14:30:00
202400003309.0;1;93;93014;2;1;1.0;6.0;48.91117;2.54833;2024-06-06 08:45:00
202400003310.0;1;34;34172;2;6;1.0;3.0;43.58908;3.8907;2024-10-21 13:35:00
202400003311.0;5;93;93010;2;3;1.0;1.0;48.91356;2.47855;2024-06-06 01:15:00
202400003312.0;1;33;33281;2;5;3.0;3.0;44.85117;-0.64468;2024-10-17 17:40:00
202400003313.0;1;93;93008;2;3;1.0;6.0;48.90589;2.43776;2024-06-05 12:05:00
202400003314.0;5;31;31555;2;6;3.0;3.0;43.61016;1.37256;2024-10-22 05:50:00
202400003315.0;1;92;92064;2;9;1.0;3.0;48.8415007;2.22170037;2024-06-05 11:45:00
202400003316.0;5;92;92047;2;1;1.0;6.0;48.83830733;2.17364985;2024-06-05 03:20:00
202400003317.0;1;29;29019;2;3;2.0;3.0;48.392994;-4.462158;2024-10-21 09:10:00
202400003318.0;1;92;92063;2;3;1.0;3.0;48.87056943;2.1842401;2024-06-06 09:10:00
202400003319.0;1;13;13117;2;4;1.0;6.0;43.42366;5.26663;2024-10-22 13:10:00
202400003320.0;1;13;13039;1;9;1.0;2.0;43.47136;4.9072;2024-10-22 17:20:00
202400003321.0;1;92;92051;2;3;1.0;3.0;48.88140508;2.27127725;2024-06-06 10:30:00
202400003322.0;1;13;13203;2;1;1.0;3.0;43.3091606;5.38026349;2024-10-21 11:30:00
202400003323.0;2;92;92044;2;9;1.0;7.0;48.90006491;2.28221226;2024-06-06 20:58:00
202400003324.0;5;13;13063;2;1;1.0;6.0;43.58473398;4.99096066;2024-10-21 07:25:00
202400003325.0;1;92;92024;2;1;1.0;2.0;48.9048;2.31291;2024-06-06 18:20:00
202400003326.0;1;13;13001;2;1;1.0;3.0;43.53202;5.42233;2024-10-21 18:05:00
202400003327.0;5;92;92002;2;3;1.0;6.0;48.74748427;2.30381548;2024-06-05 23:42:00
202400003328.0;3;11;11262;2;1;1.0;2.0;43.19296;2.98055;2024-10-21 20:50:00
202400003329.0;1;37;37210;1;1;1.0;1.0;47.19529892;0.30690005;2024-06-06 10:30:00
202400003330.0;1;37;37072;2;1;1.0;7.0;47.166644;0.257162;2024-06-06 08:45:00
202400003331.0;1;11;11069;1;1;1.0;5.0;43.22438;2.32808;2024-10-21 11:40:00
202400003332.0;1;10;10081;1;1;1.0;7.0;48.3286;4.0537;2024-10-21 16:40:00
202400003333.0;1;80;80193;1;2;1.0;1.0;49.705603;2.390074;2024-06-07 12:30:00
202400003334.0;1;10;10343;2;1;1.0;6.0;48.27927;4.09933;2024-10-21 16:30:00
202400003335.0;2;26;26323;2;1;1.0;7.0;45.05644;5.101402;2024-06-05 21:30:00
202400003336.0;1;40;40065;2;3;1.0;6.0;43.644577;-1.434917;2024-06-05 18:03:00
202400003337.0;1;6;6030;2;6;1.0;3.0;43.56904;7.018674;2024-10-22 14:15:00
202400003338.0;5;974;97410;1;1;1.0;6.0;-21.039115;55.708746;2024-06-07 20:49:00
202400003339.0;2;6;6029;2;1;1.0;1.0;43.563;6.956;2024-10-22 07:45:00
202400003340.0;5;84;84091;2;1;1.0;6.0;44.185582;4.7576;2024-05-30 21:00:00
202400003341.0;3;84;84102;1;1;1.0;6.0;43.917414;5.329512;2024-06-07 02:30:00
202400003342.0;1;2;2738;2;2;1.0;6.0;49.65567;3.29909;2024-10-21 10:30:00
202400003343.0;1;30;30217;2;1;1.0;1.0;43.975717;4.686758;2024-06-02 17:35:00
202400003344.0;1;75;75116;2;1;1.0;4.0;48.848924;2.252872;2024-10-17 15:10:00
202400003345.0;1;91;91573;2;4;1.0;3.0;48.626754;2.517382;2024-06-06 18:30:00
202400003346.0;1;67;67355;2;1;1.0;7.0;48.997117;7.128276;2024-06-06 20:00:00
202400003347.0;1;75;75118;2;1;1.0;2.0;48.901208;2.353476;2024-10-22 17:03:00
202400003348.0;1;67;67165;1;1;1.0;7.0;48.49855;7.160704;2024-06-07 18:00:00
202400003349.0;5;75;75119;2;7;2.0;6.0;48.877748;2.370639;2024-10-22 00:40:00
202400003350.0;1;12;12223;1;1;1.0;1.0;44.74828;2.870634;2024-06-06 16:00:00
202400003351.0;1;75;75117;2;3;1.0;6.0;48.879306;2.280698;2024-10-21 17:40:00
202400003352.0;1;25;25391;1;2;1.0;4.0;47.162029;6.648059;2024-06-06 16:30:00
202400003353.0;1;75;75115;2;1;1.0;3.0;48.833424;2.304086;2024-10-22 13:25:00
202400003354.0;1;25;25578;2;1;1.0;5.0;47.147532;6.343912;2024-06-06 13:25:00
202400003355.0;2;44;44048;1;1;1.0;7.0;47.379061;-1.255;2024-06-04 20:50:00
202400003356.0;1;75;75115;2;7;1.0;3.0;48.836778;2.278885;2024-10-22 08:30:00
202400003357.0;1;44;44158;2;1;1.0;3.0;47.274145;-1.791662;2024-06-07 06:50:00
202400003358.0;3;3;3258;1;1;1.0;7.0;46.190794;3.407907;2024-06-06 23:30:00
202400003359.0;1;75;75112;2;3;1.0;2.0;48.84059346;2.39934736;2024-10-22 09:45:00
202400003360.0;1;3;3128;1;1;2.0;7.0;46.404091;2.498242;2024-06-01 19:10:00
202400003361.0;1;75;75112;2;2;1.0;3.0;48.838937;2.389279;2024-10-21 16:10:00
202400003362.0;2;75;75111;2;3;1.0;6.0;48.860239;2.371945;2024-10-22 18:30:00
202400003363.0;1;66;66150;1;1;1.0;7.0;42.395905;2.491086;2024-06-05 12:13:00
202400003364.0;1;75;75110;2;3;1.0;2.0;48.878057;2.356476;2024-10-22 08:48:00
202400003365.0;1;72;72364;1;2;1.0;6.0;47.675386;0.323067;2024-06-06 18:45:00
202400003366.0;1;75;75109;2;1;1.0;3.0;48.883419;2.347995;2024-10-22 12:55:00
202400003367.0;1;14;14400;1;3;1.0;3.0;49.287448;-0.598449;2024-06-06 15:50:00
202400003368.0;1;50;50372;1;1;1.0;6.0;49.319136;-1.537281;2024-06-07 08:50:00
202400003369.0;1;75;75108;1;3;1.0;7.0;48.874517;2.302189;2024-10-21 15:10:00
202400003370.0;4;18;18003;2;6;1.0;7.0;47.19428;2.563798;2024-06-07 01:01:00
202400003371.0;1;75;75107;2;1;1.0;3.0;48.8632373;2.31942415;2024-10-22 17:31:00
202400003372.0;1;10;10232;1;1;1.0;6.0;48.10136528;4.39595014;2024-06-07 19:34:00
202400003373.0;1;75;75107;2;3;1.0;6.0;48.86110595;2.32418615;2024-10-22 13:45:00
202400003374.0;1;36;36103;1;1;1.0;7.0;47.10390487;1.39258121;2024-05-26 16:45:00
202400003375.0;1;16;16416;1;2;1.0;7.0;45.82228;0.487883;2024-06-06 20:25:00
202400003376.0;1;75;75107;2;2;1.0;3.0;48.85444748;2.33044615;2024-10-22 12:15:00
202400003377.0;1;7;7216;1;1;1.0;3.0;44.964411;4.626548;2024-06-07 14:40:00
202400003378.0;5;75;75101;2;2;2.0;7.0;48.863418;2.350937;2024-10-22 00:20:00
202400003379.0;1;7;7338;2;1;2.0;6.0;44.905929;4.6508;2024-06-07 16:20:00
202400003380.0;1;75;75101;2;2;1.0;7.0;48.863925;2.342345;2024-10-15 18:30:00
202400003381.0;1;37;37254;1;1;1.0;2.0;47.183938;0.846419;2024-06-06 19:00:00
202400003382.0;1;75;75103;2;3;1.0;3.0;48.857609;2.367999;2024-10-20 19:05:00
202400003383.0;1;48;48129;1;3;8.0;3.0;44.72117;3.781013;2024-06-06 10:55:00
202400003384.0;5;94;94074;2;1;1.0;1.0;48.72773;2.47551;2024-10-21 19:06:00
202400003385.0;3;24;24568;1;1;1.0;6.0;44.844087;0.093529;2024-06-07 01:15:00
202400003386.0;1;94;94068;2;2;1.0;6.0;48.79939;2.49907;2024-10-22 14:00:00
202400003387.0;5;94;94043;2;1;2.0;3.0;48.81299;2.36131;2024-10-22 00:15:00
202400003388.0;1;973;97309;2;2;1.0;1.0;4.885587;-52.275825;2024-06-06 17:35:00
202400003389.0;1;68;68278;1;1;1.0;6.0;47.74896566;7.42054687;2024-06-07 12:45:00
202400003390.0;1;94;94041;2;1;1.0;3.0;48.81457253;2.40329146;2024-10-22 08:50:00
202400003391.0;5;94;94028;2;1;2.0;6.0;48.79872194;2.4652116;2024-10-22 00:10:00
202400003392.0;1;38;38150;2;4;1.0;1.0;45.206215;5.849398;2024-06-06 10:25:00
202400003393.0;1;6;6088;1;1;1.0;4.0;43.72245827;7.22431944;2024-06-07 08:15:00
202400003394.0;5;94;94017;2;3;1.0;3.0;48.81271;2.5141;2024-10-21 04:45:00
202400003395.0;1;93;93059;2;1;1.0;6.0;48.96352553;2.35591761;2024-10-22 09:00:00
202400003396.0;1;971;97121;2;1;1.0;3.0;16.215633;-61.782711;2024-06-01 10:15:00
202400003397.0;5;93;93066;2;5;1.0;3.0;48.91538;2.35779;2024-10-22 20:42:00
202400003398.0;1;33;33527;2;3;1.0;1.0;44.63097;-1.032051;2024-06-04 18:20:00
202400003399.0;5;93;93032;2;3;2.0;3.0;48.87917972;2.54657857;2024-10-21 22:37:00
202400003400.0;1;91;91041;1;1;1.0;3.0;48.564105;2.228959;2024-06-06 08:20:00