Num_Acc;lum;departement;commune;agglomeration;intersection;meteo;type_collision;lat;long;date
202400003401.0;1;91;91200;1;9;1.0;2.0;48.536465;2.015368;2024-06-06 19:53:00
202400003402.0;1;93;93079;2;3;1.0;3.0;48.95412052;2.3351785;2024-10-22 16:50:00
202400003403.0;1;66;66013;1;1;1.0;3.0;42.576058;2.518637;2024-06-07 08:44:00
202400003404.0;5;93;93029;2;1;2.0;6.0;48.91933;2.4524;2024-10-21 22:00:00
202400003405.0;1;93;93010;2;1;1.0;6.0;48.8919529;2.48925979;2024-10-22 12:00:00
202400003406.0;1;83;83030;1;1;1.0;1.0;43.37592;6.088507;2024-06-06 16:20:00
202400003407.0;5;92;92064;1;1;1.0;6.0;48.83405461;2.22211428;2024-10-21 08:00:00
202400003408.0;1;52;52269;2;1;1.0;6.0;47.854624;5.3247;2024-06-06 15:00:00
202400003409.0;1;92;92051;2;2;1.0;3.0;48.88186975;2.28017226;2024-10-22 19:04:00
202400003410.0;1;88;88474;1;1;1.0;2.0;48.298926;5.732127;2024-06-07 17:26:00
202400003411.0;5;92;92049;2;1;1.0;3.0;48.81476351;2.30995148;2024-10-21 20:07:00
202400003412.0;1;57;57360;1;3;7.0;3.0;49.15779243;6.96911162;2024-06-07 11:55:00
202400003413.0;1;84;84143;1;1;1.0;7.0;43.99031;5.159352;2024-10-19 16:50:00
202400003414.0;1;73;73253;1;1;1.0;6.0;45.50954148;6.56512028;2024-06-05 17:40:00
202400003415.0;1;95;95487;2;1;1.0;3.0;49.14879827;2.28055644;2024-10-23 14:00:00
202400003416.0;1;1;1185;1;9;1.0;1.0;45.981296;5.575384;2024-06-07 08:32:00
202400003417.0;1;41;41055;1;1;7.0;2.0;47.49843;1.228656;2024-10-22 18:30:00
202400003418.0;3;69;69249;1;1;1.0;6.0;45.67728953;4.63530961;2024-06-07 03:30:00
202400003419.0;1;21;21529;1;1;1.0;2.0;47.409466;4.342078;2024-10-23 11:40:00
202400003420.0;2;83;83073;1;1;1.0;7.0;43.395787;6.291647;2024-10-23 17:25:00
202400003421.0;1;69;69273;2;1;1.0;3.0;45.683796;4.93277;2024-06-04 16:08:00
202400003422.0;1;56;56165;2;6;1.0;3.0;47.943084;-2.39724;2024-10-22 18:30:00
202400003423.0;1;79;79049;1;1;1.0;2.0;46.896515;-0.473678;2024-06-06 14:35:00
202400003424.0;5;63;63178;2;1;2.0;6.0;45.54346887;3.25531125;2024-10-22 22:45:00
202400003425.0;2;17;17385;1;1;1.0;7.0;45.932076;-1.303119;2024-06-07 07:25:00
202400003426.0;1;12;12021;1;1;1.0;5.0;44.295235;2.107176;2024-10-23 12:24:00
202400003427.0;1;44;44103;1;1;1.0;3.0;47.329956;-2.182272;2024-06-06 16:25:00
202400003428.0;1;22;22354;1;1;1.0;1.0;48.571184;-3.244679;2024-10-22 12:20:00
202400003429.0;1;22;22161;1;6;1.0;6.0;48.574804;-3.14349;2024-06-05 14:15:00
202400003430.0;1;39;39478;2;1;2.0;1.0;46.380744;5.832785;2024-10-22 10:30:00
202400003431.0;1;27;27315;1;1;1.0;1.0;49.24761;1.521435;2024-06-07 15:45:00
202400003432.0;2;29;29077;1;1;7.0;6.0;48.635921;-4.418321;2024-10-22 09:30:00
202400003433.0;1;76;76043;1;1;1.0;7.0;49.599224;0.728391;2024-06-06 17:30:00
202400003434.0;3;2;2382;1;3;1.0;1.0;49.865036;3.211752;2024-10-19 05:30:00
202400003435.0;1;60;60589;1;1;1.0;4.0;49.212383;2.432512;2024-06-06 18:00:00
202400003436.0;1;80;80461;1;3;1.0;5.0;49.902718;2.390925;2024-06-07 13:44:00
202400003437.0;1;72;72316;1;1;2.0;3.0;48.334871;0.378556;2024-10-20 12:00:00
202400003438.0;1;62;62471;2;4;1.0;6.0;50.671829;2.2434;2024-06-06 19:40:00
202400003439.0;1;14;14336;1;1;1.0;7.0;49.141526;-0.652943;2024-10-23 16:45:00
202400003440.0;1;50;50304;1;3;1.0;1.0;48.944303;-1.38961;2024-10-23 10:45:00
202400003441.0;1;59;59401;1;3;1.0;6.0;50.772103;2.674377;2024-06-07 13:55:00
202400003442.0;1;60;60151;1;1;1.0;6.0;49.434502;2.863489;2024-10-23 15:55:00
202400003443.0;1;83;83137;1;1;1.0;6.0;43.12779581;5.92583657;2024-06-06 19:05:00
202400003444.0;5;60;60104;2;4;5.0;6.0;49.627823;2.300338;2024-10-20 01:15:00
202400003445.0;5;64;64495;2;3;2.0;3.0;43.356249;-1.569197;2024-10-14 19:30:00
202400003446.0;1;36;36021;2;1;1.0;6.0;46.98174801;1.97428093;2024-10-22 12:15:00
202400003447.0;1;33;33122;1;1;1.0;4.0;44.75292;-0.69081;2024-06-06 17:10:00
202400003448.0;1;33;33039;1;1;1.0;3.0;44.79145;-0.54019;2024-06-06 16:33:00
202400003449.0;1;36;36065;1;2;1.0;5.0;47.0501791;2.02437086;2024-10-22 18:15:00
202400003450.0;1;24;24183;1;1;1.0;6.0;45.00415183;1.05330348;2024-10-15 15:00:00
202400003451.0;1;33;33550;1;1;1.0;4.0;44.7779;-0.5645;2024-06-04 10:35:00
202400003452.0;3;94;94065;1;1;1.0;6.0;48.75032218;2.35570164;2024-06-06 03:08:00
202400003453.0;1;85;85028;2;2;2.0;3.0;46.390408;-0.688504;2024-10-19 12:55:00
202400003454.0;2;27;27105;1;2;5.0;3.0;49.311012;0.849973;2024-10-23 08:00:00
202400003455.0;1;92;92047;1;1;1.0;4.0;48.83595348;2.18276684;2024-06-05 15:49:00
202400003456.0;2;30;30294;1;9;1.0;7.0;44.130441;4.123752;2024-10-23 07:45:00
202400003457.0;1;6;6018;1;6;1.0;1.0;43.61539;7.080871;2024-10-23 08:00:00
202400003458.0;1;987;98715;2;1;7.0;3.0;-17.554293;-149.601549;2024-10-22 15:00:00
202400003459.0;2;33;33468;1;1;1.0;1.0;44.800132;0.032474;2024-10-22 18:00:00
202400003460.0;1;11;11202;1;1;1.0;7.0;42.856596;3.032237;2024-10-22 16:30:00
202400003461.0;1;92;92048;1;9;1.0;4.0;48.80367737;2.21401506;2024-06-05 07:53:00
202400003462.0;1;77;77344;1;1;5.0;1.0;49.057966;2.799095;2024-10-23 08:45:00
202400003463.0;1;93;93005;1;1;1.0;2.0;48.95493345;2.47355044;2024-06-06 12:00:00
202400003464.0;3;92;92078;1;1;1.0;6.0;48.92764791;2.33254761;2024-06-06 02:50:00
202400003465.0;1;13;13105;2;2;1.0;3.0;43.745212;5.070931;2024-10-17 16:25:00
202400003466.0;1;17;17155;2;1;1.0;6.0;45.731217;-1.09715;2024-10-23 16:20:00
202400003467.0;2;33;33533;1;1;1.0;7.0;44.564469;-0.277319;2024-10-21 19:15:00
202400003468.0;1;22;22326;1;1;1.0;6.0;48.444045;-2.410394;2024-10-22 18:40:00
202400003469.0;1;60;60341;1;6;1.0;2.0;49.097258;2.740354;2024-10-22 13:21:00
202400003470.0;1;13;13001;1;1;1.0;2.0;43.47648474;5.4078131;2024-10-22 18:28:00
202400003471.0;1;13;13081;1;1;1.0;2.0;43.47811878;5.23904762;2024-10-22 10:00:00
202400003472.0;3;33;33448;1;1;1.0;2.0;44.715448;-0.518511;2024-10-21 07:45:00
202400003473.0;2;59;59581;1;1;1.0;2.0;50.69661;2.80243;2024-10-16 18:30:00
202400003474.0;1;91;91228;1;1;1.0;4.0;48.62831;2.41236;2024-10-22 14:20:00
202400003475.0;2;92;92025;1;1;1.0;2.0;48.91903976;2.22360689;2024-10-21 19:57:00
202400003476.0;2;93;93066;1;1;1.0;6.0;48.93311271;2.3757853;2024-10-22 18:25:00
202400003477.0;1;93;93064;1;1;1.0;5.0;48.88657;2.4827;2024-10-22 11:00:00
202400003478.0;3;95;95582;1;1;1.0;2.0;48.98269853;2.24130481;2024-10-21 19:45:00
202400003479.0;2;94;94079;1;1;1.0;2.0;48.8354459;2.53871181;2024-10-22 08:00:00
202400003480.0;5;94;94052;1;1;2.0;2.0;48.84229175;2.49300327;2024-10-22 06:40:00
202400003481.0;1;75;75106;2;4;8.0;6.0;48.854181;2.338944;2024-04-04 12:00:00
202400003482.0;1;74;74118;1;1;1.0;3.0;46.18191;6.22619;2024-06-13 17:40:00
202400003483.0;1;74;74243;1;1;1.0;1.0;46.142167;6.096323;2024-08-21 13:57:00
202400003484.0;1;74;74193;1;1;1.0;7.0;46.11898557;6.18008047;2024-06-24 11:15:00
202400003485.0;1;74;74043;1;4;1.0;3.0;46.261889;6.356669;2024-07-20 11:55:00
202400003486.0;1;74;74118;1;1;1.0;2.0;46.17195472;6.2107689;2024-08-17 12:30:00
202400003487.0;1;74;74206;2;3;2.0;5.0;46.320089;6.498606;2024-07-21 09:10:00
202400003488.0;5;74;74012;2;1;1.0;1.0;46.1942;6.23375;2024-08-04 03:15:00
202400003489.0;5;74;74008;2;1;1.0;3.0;46.1944;6.22412;2024-08-09 22:45:00
202400003490.0;1;74;74275;1;9;1.0;7.0;45.816734;6.244395;2024-08-10 11:10:00
202400003491.0;1;74;74080;1;1;1.0;7.0;45.87984422;6.44777083;2024-08-20 16:20:00
202400003492.0;1;74;74058;1;1;1.0;7.0;46.282124;6.82001;2024-07-24 17:39:00
202400003493.0;1;74;74043;1;1;1.0;2.0;46.272992;6.341976;2024-07-02 10:45:00
202400003494.0;1;74;74006;2;1;1.0;6.0;46.000958;6.117885;2024-07-05 20:00:00
202400003495.0;1;74;74105;2;1;1.0;2.0;46.310263;6.301625;2024-07-27 16:55:00
202400003496.0;1;74;74010;2;1;1.0;6.0;45.888384;6.11548;2024-06-29 16:40:00
202400003497.0;3;74;74312;1;1;1.0;7.0;46.06998;6.47608;2024-07-21 22:45:00
202400003498.0;1;74;74043;2;6;1.0;6.0;46.265953;6.36831;2024-06-24 18:55:00
202400003499.0;1;75;75112;2;1;1.0;3.0;48.8329;2.3835;2024-03-22 17:45:00
202400003500.0;1;75;75111;2;7;1.0;2.0;48.853517;2.369553;2024-03-22 12:10:00
202400003501.0;1;75;75111;2;7;1.0;6.0;48.857707;2.380376;2024-03-22 07:40:00
202400003502.0;2;75;75110;2;4;1.0;6.0;48.87610242;2.36062843;2024-03-22 18:44:00
202400003503.0;1;75;75104;2;3;1.0;7.0;48.854434;2.355021;2024-03-22 13:17:00
202400003504.0;1;94;94074;2;1;1.0;2.0;48.76515514;2.44172913;2024-03-22 13:40:00
202400003505.0;5;94;94068;2;2;1.0;3.0;48.79169534;2.50363049;2024-03-21 19:45:00
202400003506.0;1;94;94068;2;1;1.0;3.0;48.78624;2.48568;2024-03-21 13:10:00
202400003507.0;1;94;94076;2;2;1.0;6.0;48.795777;2.367648;2024-03-22 16:45:00
202400003508.0;5;94;94037;2;9;1.0;3.0;48.81570158;2.35612075;2024-03-21 05:07:00
202400003509.0;1;94;94033;2;1;1.0;6.0;48.85378702;2.48785615;2024-03-21 09:55:00
202400003510.0;1;93;93048;2;2;1.0;6.0;48.85763;2.42771;2024-03-22 09:00:00
202400003511.0;1;93;93057;2;3;1.0;6.0;48.90787;2.493859;2024-03-22 18:20:00
202400003512.0;1;93;93005;2;2;1.0;5.0;48.952877;2.49448;2024-03-22 08:00:00
202400003513.0;5;92;92046;2;1;1.0;6.0;48.81233672;2.29934514;2024-03-22 00:10:00
202400003514.0;5;92;92050;2;1;2.0;6.0;48.90964366;2.21753526;2024-03-22 22:10:00
202400003515.0;1;92;92050;2;3;1.0;3.0;48.91006358;2.2151168;2024-03-21 07:43:00
202400003516.0;1;92;92050;1;4;1.0;2.0;48.91867237;2.22263512;2024-03-21 08:10:00
202400003517.0;2;92;92048;2;1;1.0;7.0;48.81625395;2.24470791;2024-03-22 07:00:00
202400003518.0;1;92;92036;2;3;1.0;3.0;48.91805388;2.30924816;2024-03-22 18:20:00
202400003519.0;1;92;92036;2;1;1.0;6.0;48.92339175;2.29471993;2024-03-21 17:50:00
202400003520.0;5;92;92036;2;3;1.0;3.0;48.93818781;2.300492;2024-03-22 00:10:00
202400003521.0;1;92;92026;2;1;1.0;3.0;48.89985074;2.26136148;2024-03-22 14:30:00
202400003522.0;1;92;92026;2;1;1.0;6.0;48.89117376;2.25759512;2024-03-22 13:05:00
202400003523.0;2;92;92023;2;6;1.0;1.0;48.80538476;2.25922018;2024-03-21 20:15:00
202400003524.0;1;92;92019;2;3;1.0;6.0;48.76552161;2.26034492;2024-03-22 12:45:00
202400003525.0;1;92;92012;2;1;1.0;3.0;48.83519313;2.24099225;2024-03-21 08:55:00
202400003526.0;1;92;92004;2;3;1.0;6.0;48.9097143;2.28987318;2024-03-21 10:24:00
202400003527.0;1;49;49092;2;6;1.0;3.0;47.216788;-0.720634;2024-03-07 11:50:00
202400003528.0;3;76;76041;1;1;2.0;3.0;49.643047;0.755737;2024-03-22 19:50:00
202400003529.0;1;972;97213;1;1;7.0;3.0;14.655107;-60.973156;2024-03-22 15:40:00
202400003530.0;1;63;63446;1;2;1.0;5.0;46.054184;3.207351;2024-03-23 12:30:00
202400003531.0;1;29;29053;1;1;8.0;6.0;48.3035132;-4.18494774;2024-03-22 14:50:00
202400003532.0;3;47;47233;1;1;1.0;1.0;44.5450732;0.0875468;2024-03-22 20:55:00
202400003533.0;1;62;62499;1;3;2.0;3.0;50.37822474;1.72883892;2024-03-22 14:34:00
202400003534.0;1;56;56033;1;1;1.0;6.0;47.816587;-2.084924;2024-03-23 14:05:00
202400003535.0;5;77;77159;2;1;1.0;7.0;48.479657;3.139536;2024-03-22 21:40:00
202400003536.0;1;76;76228;1;2;2.0;5.0;49.636495;0.82038;2024-03-22 17:30:00
202400003537.0;1;2B;2B319;1;1;1.0;6.0;42.414301;9.529921;2024-03-23 13:30:00
202400003538.0;3;65;65284;1;1;1.0;4.0;43.186443;0.017257;2024-03-22 20:40:00
202400003539.0;1;63;63453;2;1;1.0;7.0;45.785067;3.290148;2024-03-23 14:50:00
202400003540.0;1;76;76711;2;3;1.0;3.0;50.056533;1.384202;2024-03-23 12:00:00
202400003541.0;3;49;49008;1;1;1.0;2.0;47.576652;-0.947286;2024-03-21 19:45:00
202400003542.0;1;42;42234;1;3;1.0;3.0;45.527817;4.384103;2024-03-21 14:00:00
202400003543.0;3;25;25240;1;1;1.0;1.0;47.047588;6.639401;2024-03-22 21:15:00
202400003544.0;1;25;25529;2;1;1.0;3.0;47.309154;6.594538;2024-03-22 15:22:00
202400003545.0;1;38;38044;2;4;7.0;3.0;45.491818;5.385447;2024-03-21 08:20:00
202400003546.0;1;2;2665;1;1;1.0;5.0;49.254249;3.368125;2024-03-23 11:20:00
202400003547.0;3;2;2261;2;1;2.0;3.0;49.700132;3.682217;2024-03-23 00:30:00
202400003548.0;1;54;54076;2;9;1.0;2.0;48.55946;6.39958;2024-03-22 15:45:00
202400003549.0;3;72;72021;1;1;1.0;6.0;47.864533;-0.160729;2024-03-23 06:00:00
202400003550.0;3;72;72143;1;1;1.0;1.0;47.844515;0.481961;2024-03-22 05:45:00
202400003551.0;1;14;14578;1;1;1.0;3.0;49.369698;0.210114;2024-03-23 12:00:00
202400003552.0;1;90;90007;1;1;1.0;1.0;47.59181;6.798606;2024-03-23 15:00:00
202400003553.0;1;9;9189;1;1;1.0;1.0;42.63004;1.825775;2024-03-23 18:30:00
202400003554.0;1;9;9328;1;1;1.0;1.0;42.79072937;1.68438032;2024-03-23 09:10:00
202400003555.0;1;21;21614;1;2;1.0;3.0;47.441573;5.21042;2024-03-22 17:00:00
202400003556.0;1;21;21196;1;1;1.0;1.0;46.933274;4.751863;2024-03-23 15:10:00
202400003557.0;1;85;85254;1;2;1.0;3.0;46.798546;-0.725119;2024-03-22 17:50:00
202400003558.0;1;52;52550;1;9;1.0;6.0;48.508872;4.940329;2024-03-23 07:50:00
202400003559.0;1;52;52425;1;1;7.0;3.0;47.640587;5.224198;2024-03-22 18:20:00
202400003560.0;2;18;18140;1;1;1.0;3.0;47.139351;1.964064;2024-03-22 18:00:00
202400003561.0;3;82;82051;1;1;1.0;6.0;44.177864;1.134768;2024-07-08 01:40:00
202400003562.0;1;82;82088;2;1;1.0;7.0;44.151624;1.977308;2024-07-09 17:55:00
202400003563.0;3;31;31161;1;1;1.0;2.0;43.48145269;1.55249411;2024-03-22 20:45:00
202400003564.0;2;65;65119;1;1;1.0;6.0;43.415912;0.035105;2024-07-09 21:00:00
202400003565.0;1;51;51507;1;1;4.0;7.0;49.086403;4.970369;2024-03-23 10:15:00
202400003566.0;1;988;98827;1;1;1.0;7.0;-21.319221;164.994028;2024-03-23 15:45:00
202400003567.0;3;71;71173;1;2;2.0;3.0;46.749014;5.177216;2024-07-09 21:35:00
202400003568.0;1;973;97306;1;1;1.0;1.0;5.598533;-53.70629;2024-03-22 16:00:00
202400003569.0;1;63;63430;1;1;1.0;6.0;45.836256;3.506345;2024-07-09 11:55:00
202400003570.0;1;12;12177;1;4;1.0;1.0;44.413383;2.88316;2024-07-10 14:55:00
202400003571.0;1;12;12224;2;1;1.0;7.0;44.469745;2.9689;2024-07-09 17:45:00
202400003572.0;1;30;30010;1;1;1.0;1.0;44.041592;3.984786;2024-03-23 09:30:00
202400003573.0;5;12;12048;2;1;2.0;6.0;44.671311;2.578979;2024-07-09 23:45:00
202400003574.0;1;34;34128;2;1;1.0;1.0;43.91899;3.72649;2024-03-23 15:10:00
202400003575.0;1;68;68134;2;2;1.0;3.0;48.016683;7.308472;2024-07-09 18:35:00
202400003576.0;2;13;13084;1;4;1.0;1.0;43.723994;5.315527;2024-03-23 18:25:00
202400003577.0;3;39;39056;1;1;2.0;1.0;46.752938;5.43953;2024-07-09 22:50:00
202400003578.0;1;67;67313;2;1;2.0;6.0;48.538566;7.45375;2024-03-18 08:00:00
202400003579.0;1;42;42051;1;9;1.0;7.0;45.484176;4.713811;2024-03-23 12:20:00
202400003580.0;5;25;25240;1;2;1.0;1.0;47.075697;6.617793;2024-07-09 21:56:00
202400003581.0;1;26;26085;1;2;1.0;3.0;44.504525;4.743798;2024-03-21 13:00:00
202400003582.0;3;44;44130;1;1;1.0;1.0;47.10899;-1.545085;2024-07-08 22:40:00
202400003583.0;1;7;7324;1;1;1.0;6.0;45.06516;4.793531;2024-03-23 17:30:00
202400003584.0;1;44;44223;2;1;1.0;6.0;47.055578;-1.512879;2024-07-10 12:45:00
202400003585.0;1;1;1043;2;1;1.0;3.0;45.833143;4.991854;2024-03-23 11:05:00
202400003586.0;3;44;44119;1;1;1.0;6.0;46.984768;-1.783685;2024-07-10 05:30:00
202400003587.0;3;85;85016;1;1;1.0;6.0;46.65826;-1.62316;2024-03-22 00:10:00
202400003588.0;1;60;60342;2;1;1.0;6.0;49.311375;2.44916;2024-03-22 17:00:00
202400003589.0;1;35;35023;2;6;1.0;3.0;48.208429;-1.941492;2024-07-10 12:20:00
202400003590.0;1;35;35117;1;1;3.0;2.0;48.130062;-2.232177;2024-07-09 13:00:00
202400003591.0;2;29;29220;1;1;1.0;7.0;47.857505;-4.224104;2024-07-10 06:25:00
202400003592.0;5;60;60057;2;2;1.0;3.0;49.408493;2.112454;2024-03-22 23:00:00
202400003593.0;1;58;58245;1;1;1.0;1.0;46.807058;3.649285;2024-07-10 13:15:00
202400003594.0;1;59;59611;1;1;2.0;1.0;50.672258;3.003189;2024-03-22 15:50:00
202400003595.0;3;59;59044;1;1;1.0;6.0;50.607591;3.265085;2024-03-23 03:50:00
202400003596.0;1;66;66036;1;1;1.0;1.0;42.52119506;2.20713615;2024-07-10 15:35:00
202400003597.0;1;13;13211;1;1;1.0;2.0;43.29060006;5.48826347;2024-03-22 16:47:00
202400003598.0;1;6;6120;1;9;1.0;7.0;44.305701;6.90495;2024-07-10 11:30:00
202400003599.0;1;6;6073;1;1;1.0;6.0;44.198436;7.125621;2024-07-07 12:40:00
202400003600.0;5;33;33550;1;1;1.0;3.0;44.771676;-0.555283;2024-03-22 21:45:00
202400003601.0;2;90;90091;1;6;7.0;2.0;47.689838;6.959903;2024-07-09 06:33:00
202400003602.0;1;33;33162;1;1;1.0;4.0;44.87884;-0.62907;2024-03-20 17:20:00
202400003603.0;1;21;21071;1;1;1.0;7.0;47.458432;5.303285;2024-07-09 10:00:00
202400003604.0;1;40;40011;1;1;1.0;6.0;43.57563593;-0.78661859;2024-07-07 20:45:00
202400003605.0;4;59;59359;1;1;1.0;5.0;50.98405;2.22903;2024-03-21 04:35:00
202400003606.0;1;24;24520;2;1;1.0;6.0;44.87225631;1.20986044;2024-07-09 16:35:00
202400003607.0;1;91;91549;1;1;1.0;4.0;48.62537;2.33599;2024-03-22 15:00:00
202400003608.0;1;85;85289;1;1;1.0;6.0;46.6751617;-0.6553838;2024-07-10 08:20:00
202400003609.0;1;91;91136;1;1;1.0;4.0;48.713539;2.286675;2024-03-22 11:56:00
202400003610.0;1;85;85108;2;3;1.0;3.0;46.906781;-1.377687;2024-06-14 18:10:00
202400003611.0;1;78;78073;1;1;1.0;2.0;48.79871;2.00248;2024-03-22 18:05:00
202400003612.0;1;92;92023;1;1;1.0;2.0;48.77619602;2.22827948;2024-03-22 13:00:00
202400003613.0;1;27;27448;1;1;1.0;1.0;49.011588;1.325682;2024-07-10 12:47:00
202400003614.0;1;987;98714;1;1;1.0;2.0;-16.482304;-151.749172;2024-07-09 13:30:00
202400003615.0;1;78;78640;1;1;1.0;4.0;48.780232;2.185329;2024-03-21 08:00:00
202400003616.0;1;95;95582;1;1;1.0;3.0;48.96713514;2.25481677;2024-03-22 16:45:00
202400003617.0;1;77;77094;1;1;1.0;7.0;48.955834;2.785438;2024-07-09 18:45:00
202400003618.0;5;93;93066;1;1;1.0;2.0;48.91030991;2.35797606;2024-03-21 19:30:00
202400003619.0;1;78;78003;2;1;1.0;3.0;48.51033;1.838952;2024-07-06 19:30:00
202400003620.0;1;94;94052;1;1;1.0;5.0;48.83730625;2.49415341;2024-03-22 11:07:00
202400003621.0;1;94;94074;1;1;1.0;2.0;48.76556759;2.45886624;2024-03-22 10:03:00
202400003622.0;1;66;66037;2;1;1.0;3.0;42.698393;3.023874;2024-07-09 18:10:00
202400003623.0;3;75;75112;1;1;1.0;7.0;48.82033;2.46061;2024-03-22 05:40:00
202400003624.0;1;33;33069;2;1;1.0;2.0;44.87451;-0.62719;2024-01-19 11:10:00
202400003625.0;1;6;6015;1;1;1.0;1.0;43.827019;7.342097;2024-07-09 19:30:00
202400003626.0;2;987;98735;2;6;1.0;2.0;-17.53301;-149.569;2024-03-20 18:32:00
202400003627.0;1;4;4039;1;1;1.0;1.0;43.838272;6.493886;2024-07-10 14:30:00
202400003628.0;1;974;97416;1;1;1.0;6.0;-21.30333;55.42446;2024-03-21 16:40:00
202400003629.0;1;71;71024;1;1;1.0;6.0;46.331783;4.022749;2024-07-08 13:25:00
202400003630.0;1;974;97416;1;1;1.0;4.0;-21.31602;55.49148;2024-03-21 07:55:00
202400003631.0;1;69;69190;2;6;1.0;3.0;45.76071;4.70588;2024-07-03 18:00:00
202400003632.0;1;973;97309;2;1;1.0;3.0;4.90563863;-52.30478704;2024-03-21 11:40:00
202400003633.0;1;973;97302;2;1;1.0;3.0;4.91016385;-52.30817199;2024-03-20 17:50:00
202400003634.0;1;973;97302;2;1;1.0;2.0;4.91821;-52.32155;2024-03-20 15:00:00
202400003635.0;1;69;69207;1;1;1.0;3.0;45.88558773;4.80955297;2024-07-05 13:25:00
202400003636.0;1;65;65463;1;1;1.0;2.0;42.878964;0.02444;2024-07-10 13:10:00
202400003637.0;1;973;97302;2;3;1.0;3.0;4.93795854;-52.30645001;2024-03-18 12:15:00
202400003638.0;3;79;79048;1;6;2.0;7.0;46.347505;-0.310283;2024-07-10 00:06:00
202400003639.0;1;69;69387;2;3;1.0;2.0;45.73150189;4.82988314;2024-03-21 09:15:00
202400003640.0;1;69;69381;2;1;1.0;2.0;45.76684;4.83002;2024-03-21 17:31:00
202400003641.0;1;17;17336;1;3;1.0;1.0;45.776724;-0.698647;2024-07-09 15:00:00
202400003642.0;3;971;97101;1;1;1.0;1.0;16.27386;-61.49951;2024-03-20 21:20:00
202400003643.0;3;33;33168;1;1;1.0;6.0;44.837803;0.031393;2024-07-07 01:35:00
202400003644.0;1;971;97120;2;1;1.0;6.0;16.24114;-61.53586;2024-03-20 13:30:00
202400003645.0;1;85;85178;2;9;1.0;2.0;46.771515;-1.515309;2024-07-10 10:15:00
202400003646.0;5;95;95219;2;3;1.0;2.0;48.99257571;2.26060599;2024-03-21 23:30:00
202400003647.0;1;85;85240;2;1;1.0;3.0;46.930587;-0.900638;2024-07-10 13:30:00
202400003648.0;2;95;95127;1;1;1.0;3.0;49.0556698;2.0486176;2024-03-21 07:16:00
202400003649.0;1;91;91589;2;3;1.0;6.0;48.68217;2.35591;2024-03-21 08:00:00
202400003650.0;1;44;44037;1;2;1.0;3.0;47.126819;-1.450453;2024-07-08 18:30:00
202400003651.0;1;91;91432;2;6;7.0;3.0;48.7014;2.33916;2024-03-20 09:15:00
202400003652.0;1;22;22262;2;1;2.0;6.0;48.403284;-2.910878;2024-07-09 13:10:00
202400003653.0;1;88;88209;2;1;9.0;3.0;48.19735;6.43712;2024-03-19 16:20:00
202400003654.0;1;76;76473;2;1;1.0;6.0;49.496668;0.759628;2024-07-07 10:00:00
202400003655.0;1;86;86214;2;1;7.0;3.0;46.563;0.345844;2024-03-21 14:00:00
202400003656.0;1;13;13106;1;1;1.0;2.0;43.38849;5.35109;2024-07-08 07:00:00
202400003657.0;1;86;86027;2;2;1.0;1.0;46.578765;0.314848;2024-03-20 11:25:00
202400003658.0;1;13;13026;1;1;1.0;2.0;43.3786;5.1674;2024-07-08 09:35:00
202400003659.0;1;84;84007;2;2;1.0;3.0;43.948;4.82222;2024-03-12 10:00:00
202400003660.0;3;69;69297;1;1;1.0;2.0;45.62084413;4.81315864;2024-07-08 22:15:00
202400003661.0;1;78;78133;2;1;1.0;3.0;48.91;2.03943;2024-03-21 13:55:00
202400003662.0;1;78;78172;2;1;1.0;6.0;49.007113;2.115597;2024-03-21 10:35:00
202400003663.0;3;54;54557;1;1;1.0;2.0;48.69236739;6.06554747;2024-07-06 23:50:00
202400003664.0;1;77;77243;2;9;1.0;3.0;48.879;2.70895;2024-03-21 07:50:00
202400003665.0;1;78;78238;1;1;1.0;6.0;48.970526;1.884999;2024-07-08 15:40:00
202400003666.0;1;77;77181;2;3;1.0;3.0;48.82315;2.70712;2024-03-20 17:25:00
202400003667.0;1;95;95277;1;1;1.0;3.0;48.97380183;2.48838243;2024-07-09 14:15:00
202400003668.0;3;76;76382;1;1;5.0;5.0;49.58905;0.53603;2024-03-21 22:35:00
202400003669.0;1;95;95582;1;1;1.0;3.0;48.97562164;2.24024027;2024-07-09 07:00:00
202400003670.0;1;74;74010;2;1;1.0;6.0;45.91007;6.12377;2024-03-21 18:00:00
202400003671.0;1;93;93053;1;1;1.0;3.0;48.88711502;2.47350081;2024-07-08 17:30:00
202400003672.0;5;72;72181;2;7;1.0;6.0;48.0013;0.19766;2024-03-20 20:40:00
202400003673.0;1;94;94018;1;1;1.0;3.0;48.81991032;2.40340948;2024-07-09 16:45:00
202400003674.0;1;69;69276;1;1;1.0;3.0;45.6780884;4.84665589;2024-03-20 15:30:00
202400003675.0;1;94;94074;1;1;1.0;4.0;48.76541;2.45926;2024-07-09 10:10:00
202400003676.0;1;68;68066;2;3;1.0;1.0;48.07871;7.37084;2024-03-21 17:20:00
202400003677.0;5;73;73008;2;6;2.0;3.0;45.69696;5.9075;2024-02-22 19:30:00
202400003678.0;5;64;64445;2;1;1.0;3.0;43.31135581;-0.36963781;2024-02-18 19:05:00
202400003679.0;1;64;64122;2;1;1.0;6.0;43.4837;-1.5439;2024-03-21 08:50:00
202400003680.0;3;44;44162;1;1;8.0;3.0;47.20116286;-1.61989696;2024-06-29 05:00:00
202400003681.0;1;82;82079;1;1;1.0;7.0;43.934924;1.360213;2024-04-14 19:00:00