Num_Acc;lum;departement;commune;agglomeration;intersection;meteo;type_collision;lat;long;date
202400003682.0;1;64;64024;2;1;1.0;3.0;43.5156275;-1.50125627;2024-03-21 17:10:00
202400003683.0;3;82;82124;1;1;9.0;6.0;44.017777;1.304761;2024-04-10 09:55:00
202400003684.0;1;64;64102;2;1;1.0;2.0;43.50315;-1.47526;2024-03-21 12:40:00
202400003685.0;3;14;14175;2;1;2.0;6.0;49.215137;-0.654491;2024-05-05 22:25:00
202400003686.0;1;63;63113;2;9;1.0;6.0;45.81119;3.1093;2024-03-20 13:24:00
202400003687.0;1;62;62573;2;1;1.0;6.0;50.49532;2.89549;2024-03-20 17:01:00
202400003688.0;1;29;29039;2;1;1.0;6.0;47.88375;-3.91932;2024-04-20 19:45:00
202400003689.0;1;62;62244;2;3;1.0;3.0;50.9296;1.86988;2024-03-20 17:15:00
202400003690.0;1;29;29019;2;7;1.0;3.0;48.416276;-4.492249;2024-04-27 20:15:00
202400003691.0;1;62;62178;2;1;1.0;3.0;50.49754;2.58163;2024-03-21 12:15:00
202400003692.0;1;987;98736;1;1;1.0;3.0;-17.53991718;-149.54545856;2024-07-08 09:15:00
202400003693.0;1;60;60057;2;1;1.0;6.0;49.44045;2.07667;2024-03-21 08:15:00
202400003694.0;1;973;97302;2;1;1.0;6.0;4.93516;-52.29372;2024-07-08 09:26:00
202400003695.0;1;56;56260;2;1;1.0;6.0;47.65678;-2.7381;2024-03-20 19:17:00
202400003696.0;1;972;97213;2;1;1.0;2.0;14.61834;-61.03115;2024-07-08 10:30:00
202400003697.0;1;972;97209;1;1;1.0;3.0;14.61853;-61.03932;2024-07-08 13:50:00
202400003698.0;1;56;56260;2;1;1.0;2.0;47.68173;-2.7687;2024-03-21 17:48:00
202400003699.0;1;56;56260;2;1;1.0;3.0;47.64811;-2.78556;2024-03-21 12:20:00
202400003700.0;3;971;97113;1;1;1.0;3.0;16.22491;-61.47735;2024-07-06 21:10:00
202400003701.0;3;56;56121;2;6;1.0;7.0;47.76506;-3.39577;2024-03-21 00:11:00
202400003702.0;1;54;54357;2;2;1.0;3.0;48.71293;6.1671;2024-03-21 07:05:00
202400003703.0;2;2A;2A004;2;1;1.0;6.0;41.934;8.749;2024-07-08 19:46:00
202400003704.0;1;54;54395;2;2;1.0;6.0;48.685719;6.181368;2024-03-20 15:30:00
202400003705.0;1;2A;2A004;1;1;1.0;1.0;41.94785;8.735038;2024-07-08 19:40:00
202400003706.0;2;95;95491;2;9;1.0;6.0;48.9993;2.23979;2024-07-07 07:36:00
202400003707.0;1;49;49328;2;2;1.0;6.0;47.259514;-0.078753;2024-03-21 17:35:00
202400003708.0;1;49;49007;2;1;1.0;7.0;47.47084;-0.54531;2024-03-20 12:15:00
202400003709.0;1;91;91201;2;1;1.0;1.0;48.66052;2.428077;2024-07-08 15:10:00
202400003710.0;1;47;47201;1;1;1.0;3.0;44.1651784;0.59605551;2024-03-21 13:35:00
202400003711.0;1;83;83144;2;9;1.0;6.0;43.13697582;6.00265503;2024-07-08 08:05:00
202400003712.0;1;45;45286;2;1;1.0;1.0;47.88922;1.92438;2024-03-21 08:45:00
202400003713.0;1;80;80021;2;2;1.0;1.0;49.87540172;2.31449425;2024-07-07 20:55:00
202400003714.0;1;45;45234;2;2;1.0;3.0;47.90077;1.87667;2024-03-21 07:43:00
202400003715.0;1;44;44109;2;1;1.0;3.0;47.20835;-1.54925;2024-03-21 11:00:00
202400003716.0;3;77;77186;1;6;1.0;1.0;48.39704;2.6932;2024-07-07 00:01:00
202400003717.0;1;44;44109;2;2;1.0;3.0;47.21059;-1.57359;2024-03-21 09:30:00
202400003718.0;1;37;37261;2;1;1.0;6.0;47.37365;0.6791;2024-03-21 08:20:00
202400003719.0;1;76;76341;1;1;1.0;4.0;49.50973;0.19851;2024-07-06 16:35:00
202400003720.0;5;34;34301;2;3;1.0;6.0;43.4124;3.68595;2024-03-20 19:57:00
202400003721.0;1;76;76351;2;2;1.0;3.0;49.48938;0.10299;2024-07-08 08:30:00
202400003722.0;1;34;34172;2;1;1.0;6.0;43.62649;3.83852;2024-03-21 12:13:00
202400003723.0;1;76;76351;2;1;1.0;6.0;49.49396;0.13634;2024-07-06 19:05:00
202400003724.0;1;34;34172;2;1;1.0;3.0;43.61149;3.82843;2024-03-21 08:45:00
202400003725.0;1;34;34172;2;1;1.0;6.0;43.60483;3.8983;2024-03-21 09:45:00
202400003726.0;1;73;73065;2;3;1.0;3.0;45.57659567;5.91944152;2024-07-04 09:40:00
202400003727.0;1;34;34172;2;1;8.0;3.0;43.61226;3.82399;2024-03-20 16:40:00
202400003728.0;1;72;72181;2;9;1.0;3.0;48.00661;0.192254;2024-07-07 19:15:00
202400003729.0;1;33;33063;2;3;1.0;3.0;44.8298;-0.59616;2024-03-21 19:00:00
202400003730.0;1;71;71306;2;6;1.0;3.0;46.6635;4.3407;2024-07-08 07:50:00
202400003731.0;1;33;33281;2;1;1.0;2.0;44.84712;-0.71564;2024-03-21 16:15:00
202400003732.0;5;31;31555;2;3;1.0;3.0;43.59712694;1.42709747;2024-03-21 04:40:00
202400003733.0;1;69;69275;2;2;1.0;3.0;45.76395;4.9564;2024-07-08 18:55:00
202400003734.0;1;29;29232;1;1;1.0;6.0;48.03732559;-4.07945257;2024-03-21 14:00:00
202400003735.0;1;67;67482;2;1;1.0;7.0;48.57544;7.74999;2024-07-08 18:05:00
202400003736.0;1;29;29039;1;2;1.0;3.0;47.89426;-3.889813;2024-03-21 16:37:00
202400003737.0;1;67;67482;2;1;1.0;1.0;48.569248;7.734946;2024-07-08 17:55:00
202400003738.0;5;29;29019;2;8;1.0;3.0;48.37579481;-4.55489169;2024-03-19 20:20:00
202400003739.0;1;59;59599;2;3;1.0;3.0;50.70886;3.15973;2024-07-08 20:45:00
202400003740.0;1;59;59220;2;9;1.0;6.0;50.603551;3.075061;2024-07-08 18:20:00
202400003741.0;1;27;27229;2;1;1.0;2.0;49.01879;1.16429;2024-03-21 07:40:00
202400003742.0;1;18;18033;2;6;1.0;7.0;47.10183;2.41314;2024-03-21 08:00:00
202400003743.0;1;58;58194;2;3;1.0;3.0;46.9949;3.15292;2024-06-21 21:44:00
202400003744.0;1;56;56260;2;1;1.0;2.0;47.65315;-2.76944;2024-07-08 14:00:00
202400003745.0;1;17;17300;2;4;1.0;6.0;46.15948;-1.19971;2024-03-20 17:10:00
202400003746.0;1;13;13208;2;1;1.0;3.0;43.28070579;5.38826335;2024-03-21 17:30:00
202400003747.0;1;54;54547;2;9;1.0;6.0;48.66731;6.19013;2024-07-07 06:50:00
202400003748.0;2;13;13211;2;3;1.0;6.0;43.29006473;5.44102057;2024-03-11 04:30:00
202400003749.0;1;50;50218;2;9;2.0;2.0;48.83797;-1.56667;2024-07-08 11:30:00
202400003750.0;1;50;50129;2;1;2.0;7.0;49.61707;-1.61726;2024-07-05 12:50:00
202400003751.0;1;13;13211;2;1;1.0;2.0;43.289;5.43211;2024-03-20 16:25:00
202400003752.0;1;13;13028;2;1;1.0;1.0;43.18648;5.60002;2024-03-21 17:00:00
202400003753.0;1;46;46042;1;1;1.0;7.0;44.44703;1.41968;2024-05-14 15:00:00
202400003754.0;5;13;13001;2;3;1.0;3.0;43.53376;5.46293;2024-03-21 20:30:00
202400003755.0;1;45;45004;2;2;1.0;3.0;47.98658;2.8023;2024-07-07 20:25:00
202400003756.0;1;11;11069;2;9;1.0;3.0;43.21577;2.3484;2024-03-21 07:50:00
202400003757.0;1;45;45208;2;2;1.0;3.0;48.00135;2.7243;2024-07-06 18:35:00
202400003758.0;5;42;42186;2;1;1.0;1.0;45.521698;4.598732;2024-07-07 23:58:00
202400003759.0;5;6;6088;2;1;1.0;7.0;43.69427;7.25771;2024-03-22 01:04:00
202400003760.0;1;41;41018;2;1;1.0;7.0;47.594234;1.352366;2024-07-07 17:55:00
202400003761.0;1;37;37261;2;6;1.0;2.0;47.37361;0.67829;2024-07-08 13:52:00
202400003762.0;2;1;1053;2;2;1.0;3.0;46.21024;5.22151;2024-03-21 19:00:00
202400003763.0;1;37;37195;2;3;1.0;7.0;47.3935;0.66283;2024-07-08 13:08:00
202400003764.0;1;75;75115;2;1;1.0;3.0;48.834941;2.26804;2024-03-21 18:20:00
202400003765.0;1;75;75117;2;1;1.0;2.0;48.88264301;2.28318608;2024-03-21 16:40:00
202400003766.0;1;35;35238;2;2;2.0;3.0;48.10977616;-1.68421;2024-07-08 10:05:00
202400003767.0;1;75;75117;2;1;1.0;6.0;48.880137;2.281895;2024-03-21 08:55:00
202400003768.0;1;75;75117;2;1;1.0;2.0;48.879273;2.281529;2024-03-21 08:10:00
202400003769.0;5;31;31555;2;3;1.0;3.0;43.56218;1.390441;2024-07-09 00:01:00
202400003770.0;1;28;28220;1;9;1.0;3.0;48.41618;1.46373;2024-07-03 11:01:00
202400003771.0;1;75;75118;2;3;1.0;3.0;48.90094;2.37013;2024-03-21 14:00:00
202400003772.0;1;26;26362;1;1;1.0;6.0;44.90231755;4.88389813;2024-07-07 08:00:00
202400003773.0;5;75;75116;2;7;1.0;6.0;48.859982;2.290385;2024-03-21 01:15:00
202400003774.0;1;75;75114;2;4;1.0;7.0;48.82779;2.328965;2024-03-21 08:15:00
202400003775.0;2;25;25056;2;4;1.0;3.0;47.25246;6.01674;2024-07-08 22:00:00
202400003776.0;5;75;75113;2;4;1.0;6.0;48.827673;2.371311;2024-03-21 22:16:00
202400003777.0;2;25;25056;2;2;1.0;3.0;47.23554;5.9828;2024-07-08 04:50:00
202400003778.0;1;75;75113;2;4;1.0;3.0;48.825731;2.347981;2024-03-21 17:00:00
202400003779.0;4;14;14059;2;1;1.0;6.0;49.34857;0.05015;2024-07-08 04:00:00
202400003780.0;5;75;75112;2;1;1.0;4.0;48.828392;2.388366;2024-03-19 19:20:00
202400003781.0;1;13;13117;1;1;1.0;2.0;43.42761;5.26172;2024-07-08 11:45:00
202400003782.0;1;75;75110;2;3;1.0;7.0;48.874908;2.358929;2024-03-21 17:25:00
202400003783.0;1;5;5023;2;1;1.0;6.0;44.887131;6.639098;2024-07-08 12:24:00
202400003784.0;1;75;75109;2;4;1.0;3.0;48.871;2.334132;2024-03-21 08:40:00
202400003785.0;1;75;75107;2;3;1.0;3.0;48.853858;2.304782;2024-03-21 12:20:00
202400003786.0;5;75;75112;2;1;1.0;2.0;48.828768;2.398716;2024-07-07 22:13:00
202400003787.0;1;75;75107;2;4;1.0;6.0;48.852217;2.326753;2024-03-21 07:49:00
202400003788.0;5;75;75115;2;3;1.0;6.0;48.85746818;2.29106516;2024-07-07 21:00:00
202400003789.0;1;94;94081;2;3;1.0;6.0;48.793761;2.398867;2024-03-20 18:35:00
202400003790.0;1;75;75119;2;2;1.0;3.0;48.885776;2.370957;2024-07-08 09:43:00
202400003791.0;1;94;94046;2;3;1.0;3.0;48.796183;2.433698;2024-03-21 08:05:00
202400003792.0;2;75;75116;2;7;1.0;3.0;48.851292;2.278499;2024-07-08 06:40:00
202400003793.0;1;94;94011;2;6;1.0;2.0;48.76844;2.48844;2024-03-20 17:15:00
202400003794.0;1;75;75115;2;1;1.0;3.0;48.846389;2.317443;2024-07-07 13:30:00
202400003795.0;1;94;94055;2;9;1.0;2.0;48.7969;2.54843;2024-03-21 07:30:00
202400003796.0;1;93;93070;2;1;1.0;3.0;48.90949417;2.33866525;2024-03-21 17:09:00
202400003797.0;5;75;75114;2;2;1.0;3.0;48.82136316;2.33436137;2024-07-08 01:17:00
202400003798.0;1;75;75113;2;3;1.0;1.0;48.827348;2.377273;2024-07-08 12:23:00
202400003799.0;1;93;93066;2;1;1.0;4.0;48.91394584;2.35753012;2024-03-21 08:11:00
202400003800.0;1;75;75120;2;1;1.0;6.0;48.86996;2.40878;2024-07-07 09:00:00
202400003801.0;1;75;75108;2;2;1.0;6.0;48.870518;2.305245;2024-07-08 16:15:00
202400003802.0;1;75;75108;2;7;1.0;3.0;48.87778;2.29827;2024-07-08 10:40:00
202400003803.0;1;93;93055;2;1;1.0;2.0;48.89362;2.41026;2024-03-21 12:30:00
202400003804.0;1;75;75108;2;2;1.0;3.0;48.875031;2.309196;2024-07-08 09:50:00
202400003805.0;1;93;93007;2;2;1.0;3.0;48.928034;2.479687;2024-03-21 08:30:00
202400003806.0;1;75;75107;2;1;1.0;6.0;48.86276205;2.31842905;2024-07-08 09:40:00
202400003807.0;1;75;75101;2;3;1.0;7.0;48.864659;2.329316;2024-07-08 09:40:00
202400003808.0;5;93;93007;2;1;1.0;3.0;48.950177;2.45573;2024-03-20 22:30:00
202400003809.0;1;92;92078;2;1;1.0;3.0;48.93498;2.32497;2024-03-20 18:46:00
202400003810.0;1;75;75102;2;2;1.0;3.0;48.8705395;2.33937174;2024-07-07 17:50:00
202400003811.0;1;92;92048;2;2;1.0;3.0;48.78768725;2.22776055;2024-03-21 11:00:00
202400003812.0;1;94;94043;2;2;1.0;6.0;48.807963;2.356931;2024-07-07 14:15:00
202400003813.0;1;94;94077;2;1;1.0;6.0;48.73720514;2.40842816;2024-07-08 08:05:00
202400003814.0;1;92;92036;2;3;1.0;6.0;48.93377586;2.31338149;2024-03-20 18:50:00
202400003815.0;1;94;94079;2;2;8.0;1.0;48.83276;2.54427;2024-07-08 12:22:00
202400003816.0;5;92;92025;2;2;1.0;6.0;48.92566019;2.24720138;2024-03-19 19:35:00
202400003817.0;1;94;94018;2;3;1.0;6.0;48.82172;2.40978;2024-07-08 20:20:00
202400003818.0;5;92;92019;2;2;1.0;2.0;48.77644993;2.27827728;2024-03-20 20:20:00
202400003819.0;2;93;93064;2;7;1.0;3.0;48.87742;2.48446;2024-07-08 06:30:00
202400003820.0;1;93;93055;2;2;1.0;3.0;48.89309;2.42414;2024-07-08 09:25:00
202400003821.0;1;92;92072;2;2;1.0;3.0;48.82642047;2.21927834;2024-07-08 16:32:00
202400003822.0;1;92;92051;2;2;1.0;3.0;48.88341177;2.27350507;2024-07-08 06:12:00
202400003823.0;4;92;92024;2;1;1.0;6.0;48.90409912;2.29499133;2024-07-07 02:39:00
202400003824.0;1;92;92004;2;1;1.0;6.0;48.93175066;2.27588511;2024-07-08 11:00:00
202400003825.0;1;34;34088;1;1;1.0;5.0;43.546402;3.738999;2024-07-07 18:20:00
202400003826.0;1;54;54192;1;1;1.0;2.0;48.56264977;6.28679752;2024-07-08 16:40:00
202400003827.0;1;2A;2A348;2;1;1.0;6.0;42.11552;8.689238;2024-07-08 19:50:00
202400003828.0;1;24;24372;1;1;1.0;3.0;45.14822336;0.54395199;2024-07-09 13:50:00
202400003829.0;1;43;43185;1;1;1.0;1.0;45.38553119;3.31847704;2024-07-09 19:10:00
202400003830.0;1;974;97422;2;1;1.0;1.0;-21.259257;55.502934;2024-07-08 13:30:00
202400003831.0;1;972;97207;1;9;1.0;3.0;14.601577;-60.953071;2024-07-09 08:50:00
202400003832.0;1;972;97208;1;1;1.0;2.0;14.730664;-61.099885;2024-07-08 14:35:00
202400003833.0;1;88;88256;1;1;7.0;7.0;48.154735;6.756978;2024-07-07 16:16:00
202400003834.0;2;36;36018;1;1;1.0;3.0;46.63269065;1.1026454;2024-07-09 05:25:00
202400003835.0;1;50;50546;1;1;1.0;6.0;49.058443;-1.097286;2024-07-09 15:25:00
202400003836.0;1;50;50363;1;1;1.0;6.0;48.995805;-1.168166;2024-07-09 14:20:00
202400003837.0;1;62;62211;2;1;3.0;1.0;50.353838;2.617672;2024-07-02 13:35:00
202400003838.0;1;34;34309;1;1;1.0;1.0;43.679232;3.909438;2024-07-08 17:40:00
202400003839.0;1;57;57556;2;9;1.0;2.0;49.051067;6.911232;2024-07-09 16:30:00
202400003840.0;1;51;51380;2;1;1.0;3.0;48.873033;3.524508;2024-07-09 09:15:00
202400003841.0;1;19;19252;1;2;1.0;6.0;45.42087787;2.45662196;2024-07-09 17:30:00
202400003842.0;1;56;56234;2;1;1.0;5.0;47.542551;-3.134861;2024-06-03 16:00:00
202400003843.0;3;56;56157;1;1;2.0;6.0;47.774817;-2.719604;2024-07-09 02:00:00
202400003844.0;1;2B;2B012;1;1;1.0;6.0;42.229502;9.275122;2024-07-08 16:25:00
202400003845.0;1;2B;2B319;1;9;1.0;4.0;42.420467;9.52866;2024-07-09 14:00:00
202400003846.0;3;82;82076;1;1;1.0;7.0;44.12059;1.354043;2024-07-08 22:48:00
202400003847.0;1;63;63148;1;3;1.0;5.0;45.88860054;3.18241246;2024-07-09 17:30:00
202400003848.0;1;61;61181;2;1;1.0;5.0;48.786587;0.300498;2024-07-08 17:40:00
202400003849.0;1;12;12186;1;1;1.0;6.0;43.877263;2.585049;2024-07-07 19:40:00
202400003850.0;1;47;47226;1;3;1.0;3.0;44.625038;0.312638;2024-07-08 16:56:00
202400003851.0;1;34;34261;1;1;7.0;7.0;43.74856;3.581543;2024-07-07 12:10:00
202400003852.0;1;25;25578;1;1;1.0;3.0;47.146751;6.328661;2024-07-09 07:10:00
202400003853.0;1;44;44217;1;3;1.0;3.0;47.30990219;-1.74800992;2024-07-02 17:30:00
202400003854.0;3;31;31345;1;1;1.0;5.0;43.384224;1.439359;2024-07-08 22:40:00
202400003855.0;1;72;72089;2;9;1.0;5.0;48.123186;-0.016764;2024-07-08 12:30:00
202400003856.0;1;5;5056;2;1;1.0;7.0;44.645231;6.131524;2024-07-09 12:09:00
202400003857.0;1;64;64547;1;4;1.0;1.0;43.426152;-1.460178;2024-07-04 11:37:00
202400003858.0;1;7;7334;1;1;1.0;7.0;44.411129;4.160664;2024-07-09 12:50:00
202400003859.0;1;4;4075;1;1;1.0;1.0;44.20565;5.986969;2024-07-08 13:25:00
202400003860.0;3;87;87072;1;1;1.0;6.0;45.662872;1.437321;2024-07-09 00:45:00
202400003861.0;1;87;87154;1;1;1.0;7.0;45.916426;0.917187;2024-06-27 19:10:00
202400003862.0;1;87;87017;1;1;1.0;6.0;46.144102;1.100779;2024-07-09 08:08:00
202400003863.0;1;30;30004;2;1;1.0;1.0;43.733348;4.184369;2024-07-08 17:18:00
202400003864.0;1;30;30073;1;1;1.0;3.0;43.954962;4.556703;2024-07-09 10:00:00
202400003865.0;1;30;30188;1;3;1.0;3.0;44.0303;4.150912;2024-07-09 10:30:00
202400003866.0;3;88;88408;1;6;1.0;6.0;47.936457;6.639787;2024-07-07 23:55:00
202400003867.0;1;77;77333;1;1;1.0;2.0;48.26188693;2.72336744;2024-07-09 14:25:00
202400003868.0;1;44;44020;1;1;1.0;3.0;47.175095;-1.6118;2024-06-20 08:15:00
202400003869.0;1;37;37079;1;2;1.0;3.0;47.340782;1.036738;2024-07-09 08:00:00
202400003870.0;1;28;28372;1;1;1.0;1.0;48.644366;1.589928;2024-07-05 18:00:00
202400003871.0;3;2B;2B298;2;9;1.0;7.0;42.673357;9.30189;2024-07-07 21:50:00
202400003872.0;1;66;66008;1;6;1.0;3.0;42.550908;3.006349;2024-07-09 09:15:00
202400003873.0;1;66;66144;1;3;1.0;3.0;42.62238364;2.86717415;2024-07-03 19:55:00
202400003874.0;5;34;34090;2;3;1.0;3.0;43.640609;3.938773;2024-07-03 22:00:00
202400003875.0;1;6;6091;1;1;1.0;1.0;43.797329;7.404824;2024-07-09 09:35:00
202400003876.0;1;4;4171;1;1;1.0;3.0;43.795152;6.386436;2024-07-06 15:24:00
202400003877.0;1;26;26002;1;1;1.0;3.0;45.241264;4.84261;2024-07-08 15:00:00
202400003878.0;1;70;70279;2;6;1.0;3.0;47.448678;5.580325;2024-07-04 20:00:00
202400003879.0;1;68;68329;1;1;1.0;1.0;48.05163374;7.10712063;2024-07-08 10:00:00
202400003880.0;1;42;42328;1;1;1.0;2.0;45.573542;3.985591;2024-07-04 18:50:00
202400003881.0;1;38;38277;1;1;1.0;1.0;45.002847;5.699694;2024-07-09 08:35:00
202400003882.0;3;17;17409;1;1;1.0;7.0;45.677476;-1.022823;2024-07-09 03:05:00
202400003883.0;1;33;33035;2;2;1.0;3.0;45.056243;-0.600686;2024-06-30 19:00:00
202400003884.0;1;85;85083;1;1;1.0;1.0;46.987352;-2.273108;2024-07-09 15:00:00
202400003885.0;3;44;44179;1;1;1.0;1.0;47.330912;-1.4557;2024-07-06 22:30:00
202400003886.0;1;76;76489;1;1;2.0;1.0;49.509885;0.312467;2024-07-09 10:30:00
202400003887.0;1;59;59254;2;1;1.0;2.0;50.29078;3.19729;2024-07-08 18:30:00
202400003888.0;1;33;33249;1;1;1.0;7.0;44.88442;-0.5128;2024-07-08 16:55:00
202400003889.0;1;91;91340;1;1;1.0;2.0;48.60188;2.43843;2024-07-08 17:25:00
202400003890.0;5;93;93005;2;9;1.0;7.0;48.95267;2.46773;2024-09-17 05:58:00
202400003891.0;1;93;93062;2;1;1.0;3.0;48.89564;2.51428;2024-09-17 19:00:00
202400003892.0;1;93;93051;2;6;1.0;2.0;48.83785715;2.58171737;2024-09-17 08:55:00
202400003893.0;1;93;93053;2;2;1.0;3.0;48.87868389;2.4578733;2024-09-17 09:50:00
202400003894.0;1;93;93027;2;5;1.0;3.0;48.92616;2.39678;2024-09-17 14:10:00
202400003895.0;5;93;93010;2;1;1.0;6.0;48.89213381;2.48591942;2024-09-17 03:30:00
202400003896.0;1;93;93007;2;2;1.0;3.0;48.92019;2.47024;2024-09-17 17:25:00
202400003897.0;1;93;93027;2;1;1.0;3.0;48.92440968;2.41446672;2024-09-17 15:30:00
202400003898.0;1;92;92063;2;1;1.0;6.0;48.87204601;2.16194652;2024-09-17 18:30:00
202400003899.0;5;92;92040;2;6;1.0;2.0;48.82784922;2.27369159;2024-09-17 22:20:00
202400003900.0;5;62;62534;2;6;1.0;3.0;50.707809;2.118741;2024-09-17 20:15:00
202400003901.0;5;95;95487;2;1;2.0;3.0;49.15369081;2.27290881;2024-09-07 05:30:00
202400003902.0;1;84;84137;2;1;1.0;7.0;44.238692;5.063833;2024-09-17 15:25:00
202400003903.0;1;22;22093;1;1;1.0;4.0;48.464043;-2.543585;2024-09-07 11:57:00
202400003904.0;1;30;30141;1;3;1.0;3.0;44.12136;4.68499;2024-09-18 08:00:00
202400003905.0;2;61;61497;1;1;1.0;6.0;48.456705;0.127568;2024-09-17 20:55:00
202400003906.0;1;51;51530;2;3;1.0;3.0;49.150135;4.253696;2024-09-16 16:50:00
202400003907.0;1;51;51161;2;1;1.0;7.0;49.042032;4.176886;2024-09-14 19:15:00
202400003908.0;1;76;76452;1;1;1.0;7.0;49.55503865;1.09224379;2024-09-18 16:15:00
202400003909.0;1;82;82184;1;1;1.0;6.0;44.039636;1.557639;2024-09-18 11:00:00
202400003910.0;2;11;11437;1;1;1.0;1.0;43.238098;2.243153;2024-09-18 07:45:00
202400003911.0;1;25;25326;1;1;1.0;7.0;47.233485;5.78594;2024-09-18 16:05:00
202400003912.0;1;35;35306;1;3;1.0;3.0;48.580199;-1.949934;2024-09-16 17:40:00
202400003913.0;1;29;29158;2;2;1.0;3.0;47.811753;-4.340135;2024-09-18 12:25:00
202400003914.0;1;38;38126;2;2;1.0;6.0;45.216082;5.754438;2024-09-17 18:00:00
202400003915.0;1;2;2693;1;1;1.0;7.0;49.251;3.296692;2024-09-18 13:15:00
202400003916.0;3;26;26357;1;1;1.0;7.0;44.266803;4.904897;2024-09-18 07:15:00
202400003917.0;1;72;72080;1;4;1.0;3.0;48.146551;0.67137837;2024-09-18 12:00:00
202400003918.0;1;18;18138;1;1;1.0;3.0;47.091696;2.288595;2024-09-17 14:00:00
202400003919.0;1;18;18242;1;1;1.0;7.0;46.83671;2.949421;2024-09-16 17:15:00
202400003920.0;1;7;7346;2;3;1.0;3.0;44.485455;4.681275;2024-09-18 10:00:00
202400003921.0;1;38;38249;1;3;1.0;1.0;45.223044;5.821469;2024-09-17 17:46:00
202400003922.0;1;17;17228;1;1;1.0;1.0;45.663074;-0.945827;2024-09-11 14:45:00
202400003923.0;1;973;97311;2;3;1.0;3.0;5.49353458;-54.01196659;2024-09-18 12:55:00
202400003924.0;5;91;91662;2;1;1.0;6.0;48.51309;2.119165;2024-09-15 04:30:00
202400003925.0;1;91;91180;1;1;1.0;6.0;48.450044;2.505473;2024-09-16 11:15:00
202400003926.0;1;83;83016;1;1;1.0;3.0;43.214219;5.811419;2024-09-17 11:25:00
202400003927.0;3;49;49248;1;1;1.0;7.0;47.759637;-0.99422;2024-11-30 01:00:00
202400003928.0;1;13;13100;1;1;1.0;1.0;43.794742;4.81626;2024-09-17 19:00:00
202400003929.0;1;71;71176;2;3;1.0;2.0;46.491088;4.002875;2024-09-17 16:00:00
202400003930.0;3;6;6123;1;1;1.0;4.0;43.664294;7.180048;2024-11-30 02:13:00
202400003931.0;3;71;71325;2;1;1.0;1.0;46.492085;3.960196;2024-09-17 06:14:00
202400003932.0;1;42;42265;1;2;1.0;3.0;45.444386;4.729233;2024-09-17 11:00:00
202400003933.0;3;59;59488;1;1;1.0;5.0;50.193976;3.202922;2024-11-29 21:00:00
202400003934.0;1;42;42261;2;3;1.0;6.0;45.720866;4.35322;2024-09-18 12:45:00
202400003935.0;1;987;98722;2;1;1.0;1.0;-17.592;-149.391;2024-11-28 13:15:00
202400003936.0;1;38;38507;1;1;1.0;3.0;45.738916;5.183823;2024-09-16 08:40:00
202400003937.0;1;988;98802;1;1;1.0;7.0;-21.869345;166.039124;2024-11-30 12:30:00
202400003938.0;1;1;1297;1;1;1.0;1.0;45.879254;5.088558;2024-09-16 10:00:00
202400003939.0;3;986;98613;1;6;1.0;1.0;-13.285063;-176.235681;2024-11-29 19:15:00
202400003940.0;1;45;45010;2;1;5.0;6.0;48.129041;2.252562;2024-11-30 12:00:00
202400003941.0;1;35;35206;2;3;1.0;2.0;48.06259586;-1.69932157;2024-08-01 20:30:00
202400003942.0;1;77;77145;1;1;5.0;1.0;48.614598;2.748084;2024-11-30 14:45:00
202400003943.0;1;76;76495;2;1;1.0;2.0;49.570857;0.948305;2024-09-18 12:45:00
202400003944.0;3;78;78305;1;1;9.0;7.0;48.91472;1.881473;2024-11-28 23:55:00
202400003945.0;4;66;66182;1;6;1.0;2.0;42.73245;3.025966;2024-11-30 01:50:00
202400003946.0;1;2;2555;1;2;1.0;3.0;48.937182;3.31697;2024-09-17 17:40:00
202400003947.0;1;34;34050;1;1;1.0;3.0;43.629708;4.055114;2024-11-29 13:05:00
202400003948.0;3;5;5151;1;1;1.0;6.0;44.860812;6.591089;2024-11-30 04:47:00
202400003949.0;1;59;59400;2;2;1.0;3.0;50.642917;2.639476;2024-09-16 12:00:00
202400003950.0;3;13;13042;1;1;1.0;1.0;43.267019;5.651414;2024-11-30 05:15:00
202400003951.0;1;91;91286;1;1;1.0;2.0;48.64365425;2.39086211;2024-09-17 08:00:00
202400003952.0;1;93;93063;1;1;1.0;2.0;48.87725188;2.44440551;2024-09-16 14:45:00
202400003953.0;5;38;38087;2;9;1.0;6.0;45.57349;4.810826;2024-11-29 18:30:00
202400003954.0;1;93;93027;1;1;1.0;4.0;48.93608477;2.40504069;2024-09-16 13:00:00
202400003955.0;3;38;38215;1;2;5.0;6.0;45.57287;4.957382;2024-11-29 07:05:00
202400003956.0;1;38;38276;2;1;1.0;6.0;45.564259;5.30343;2024-11-27 12:40:00
202400003957.0;3;93;93064;1;1;1.0;2.0;48.88186621;2.47323178;2024-09-16 06:30:00
202400003958.0;1;69;69009;1;1;1.0;1.0;45.925812;4.727694;2024-11-30 15:20:00
202400003959.0;2;93;93005;1;1;1.0;2.0;48.96248856;2.47096625;2024-09-15 07:25:00
202400003960.0;2;35;35047;2;6;1.0;6.0;48.025886;-1.734378;2024-11-26 08:23:00
202400003961.0;1;93;93051;1;1;1.0;6.0;48.83463546;2.5828148;2024-09-16 18:40:00
202400003962.0;1;55;55029;2;1;1.0;6.0;48.7748;5.16837;2024-04-08 19:00:00
202400003963.0;1;60;60134;1;1;8.0;4.0;49.31597953;2.44268391;2024-11-18 07:42:00
202400003964.0;1;84;84088;1;1;1.0;1.0;44.007486;5.022672;2024-05-31 16:10:00