Num_Acc;lum;departement;commune;agglomeration;intersection;meteo;type_collision;lat;long;date
202400003965.0;3;13;13210;1;1;1.0;2.0;43.28489979;5.41754007;2024-11-29 18:48:00
202400003966.0;2;57;57597;1;1;1.0;7.0;49.25818;6.0781;2024-07-17 21:25:00
202400003967.0;1;83;83137;2;1;1.0;2.0;43.12018223;5.94855286;2024-11-28 14:55:00
202400003968.0;1;28;28085;2;3;1.0;3.0;48.44203;1.49344;2024-07-17 17:30:00
202400003969.0;2;69;69029;1;1;1.0;3.0;45.73338106;4.90053351;2024-11-21 06:00:00
202400003970.0;5;42;42005;1;1;1.0;2.0;45.52856;4.28612;2024-11-28 20:15:00
202400003971.0;4;75;75112;2;1;3.0;2.0;48.833091;2.38334;2024-03-30 04:10:00
202400003972.0;1;57;57690;2;3;1.0;2.0;49.091792;6.710523;2024-07-19 18:40:00
202400003973.0;3;33;33318;1;1;1.0;4.0;44.788036;-0.632624;2024-11-29 18:56:00
202400003974.0;1;987;98735;2;1;1.0;2.0;-17.536663;-149.560322;2024-09-16 11:14:00
202400003975.0;1;33;33550;1;1;1.0;4.0;44.774007;-0.556285;2024-11-28 10:05:00
202400003976.0;1;987;98736;2;9;1.0;3.0;-17.53071;-149.55293;2024-09-16 10:45:00
202400003977.0;4;33;33249;1;1;1.0;4.0;44.8742;-0.50725;2024-11-27 18:45:00
202400003978.0;1;987;98736;1;6;1.0;3.0;-17.53425;-149.54863;2024-09-15 15:57:00
202400003979.0;1;78;78640;1;1;1.0;3.0;48.782248;2.223115;2024-11-29 15:43:00
202400003980.0;1;976;97611;2;1;3.0;3.0;-12.801835;45.210154;2024-09-16 13:28:00
202400003981.0;5;92;92051;1;1;1.0;3.0;48.88162963;2.27055354;2024-11-23 23:40:00
202400003982.0;1;974;97416;2;9;1.0;3.0;-21.29603;55.44986;2024-09-16 08:45:00
202400003983.0;1;95;95018;1;1;1.0;3.0;48.96242661;2.26643738;2024-11-29 14:00:00
202400003984.0;1;974;97416;2;9;1.0;6.0;-21.31167;55.47276;2024-09-16 06:50:00
202400003985.0;3;95;95018;1;1;1.0;2.0;48.96133067;2.2686043;2024-11-29 07:20:00
202400003986.0;1;974;97411;1;1;1.0;3.0;-20.89624;55.47368;2024-09-15 17:00:00
202400003987.0;5;93;93005;1;1;1.0;2.0;48.9422986;2.47831903;2024-11-29 04:00:00
202400003988.0;3;973;97302;2;1;1.0;6.0;4.92744278;-52.31825021;2024-09-15 20:30:00
202400003989.0;1;95;95256;1;1;1.0;3.0;49.05753412;2.20816076;2024-11-28 10:05:00
202400003990.0;4;973;97302;2;1;1.0;7.0;4.93785;-52.32372;2024-09-14 23:55:00
202400003991.0;1;93;93005;1;1;1.0;2.0;48.95088858;2.47455129;2024-11-28 09:08:00
202400003992.0;1;92;92036;1;1;1.0;3.0;48.94651571;2.2827709;2024-11-27 17:50:00
202400003993.0;1;69;69383;2;2;8.0;3.0;45.75354;4.85196;2024-09-16 17:30:00
202400003994.0;1;93;93027;1;1;1.0;3.0;48.93280145;2.4032219;2024-11-27 10:30:00
202400003995.0;1;77;77121;1;1;1.0;2.0;48.83662222;2.66498382;2024-11-29 08:00:00
202400003996.0;3;972;97213;1;1;1.0;2.0;14.5959;-60.98834;2024-09-15 19:50:00
202400003997.0;1;69;69384;2;1;1.0;3.0;45.77384915;4.82402802;2024-09-14 08:50:00
202400003998.0;1;34;34301;2;6;1.0;3.0;43.417395;3.723589;2024-07-24 20:35:00
202400003999.0;1;971;97101;1;1;1.0;2.0;16.28423558;-61.44647956;2024-09-15 12:00:00
202400004000.0;5;971;97113;1;1;1.0;3.0;16.23744;-61.50104;2024-09-14 18:30:00
202400004001.0;1;2A;2A004;2;1;1.0;6.0;41.92794;8.70654;2024-09-16 12:10:00
202400004002.0;1;95;95582;2;3;1.0;3.0;48.96756421;2.27183848;2024-09-15 18:40:00
202400004003.0;4;34;34301;1;1;1.0;3.0;43.41622;3.70633;2024-07-26 22:30:00
202400004004.0;1;91;91027;2;1;1.0;3.0;48.70119;2.38599;2024-09-16 11:55:00
202400004005.0;1;93;93029;2;1;1.0;3.0;48.92037787;2.45247812;2024-06-28 12:59:00
202400004006.0;2;93;93029;2;3;1.0;6.0;48.91711178;2.45675462;2024-06-21 21:15:00
202400004007.0;1;91;91326;2;2;1.0;6.0;48.68895;2.38506;2024-09-16 12:15:00
202400004008.0;2;93;93029;2;1;1.0;3.0;48.9151281;2.46392818;2024-06-25 20:45:00
202400004009.0;1;93;93029;2;1;2.0;6.0;48.91867512;2.42032584;2024-06-21 08:20:00
202400004010.0;1;93;93029;2;1;1.0;6.0;48.93293;2.45554;2024-06-17 16:40:00
202400004011.0;2;91;91027;2;2;1.0;3.0;48.70875;2.3714;2024-09-16 07:00:00
202400004012.0;5;93;93029;2;1;1.0;6.0;48.9267;2.42799;2024-06-16 22:50:00
202400004013.0;1;93;93029;2;9;1.0;1.0;48.92527472;2.43598255;2024-06-08 13:45:00
202400004014.0;1;91;91433;1;1;1.0;2.0;48.45855;2.17727;2024-09-16 08:30:00
202400004015.0;1;93;93029;2;1;1.0;6.0;48.92492882;2.44178423;2024-06-07 13:50:00
202400004016.0;1;88;88413;1;9;1.0;7.0;48.32009;6.91485;2024-09-07 07:19:00
202400004017.0;1;87;87085;2;1;1.0;6.0;45.82377;1.22389;2024-09-16 10:04:00
202400004018.0;1;93;93029;2;3;1.0;2.0;48.9227507;2.45741308;2024-06-03 07:16:00
202400004019.0;1;87;87065;2;1;1.0;6.0;45.81832;1.29672;2024-09-13 16:46:00
202400004020.0;1;93;93029;2;3;3.0;3.0;48.9207;2.44967;2024-06-01 15:40:00
202400004021.0;1;86;86158;2;1;7.0;6.0;46.63412;0.33068;2024-09-13 18:52:00
202400004022.0;1;13;13099;1;3;1.0;1.0;43.687907;5.700713;2024-07-07 10:15:00
202400004023.0;1;84;84080;2;6;1.0;6.0;44.03348;4.99546;2024-09-16 07:20:00
202400004024.0;1;988;98818;2;2;1.0;6.0;-22.23935;166.47614;2024-11-28 15:50:00
202400004025.0;1;84;84007;2;2;1.0;3.0;43.92859;4.80952;2024-09-16 10:45:00
202400004026.0;1;974;97416;1;1;1.0;2.0;-21.29932;55.43668;2024-11-28 17:40:00
202400004027.0;1;83;83062;2;1;1.0;2.0;43.12442442;6.01591372;2024-09-16 18:05:00
202400004028.0;1;974;97409;2;3;1.0;5.0;-20.96452;55.65233;2024-11-28 14:00:00
202400004029.0;1;80;80674;1;1;1.0;6.0;49.91160663;2.34365197;2024-09-15 14:10:00
202400004030.0;1;80;80674;1;1;1.0;7.0;49.90671;2.34714;2024-09-15 10:30:00
202400004031.0;5;974;97407;2;1;1.0;2.0;-20.94311;55.29214;2024-11-29 00:40:00
202400004032.0;5;80;80021;2;1;1.0;7.0;49.8967;2.30059;2024-09-15 02:50:00
202400004033.0;3;972;97209;1;1;1.0;6.0;14.61764;-61.03967;2024-11-28 01:00:00
202400004034.0;2;77;77288;1;1;1.0;3.0;48.55101;2.67226;2024-09-15 06:59:00
202400004035.0;1;69;69384;2;1;2.0;5.0;45.78159531;4.83911248;2024-11-28 08:25:00
202400004036.0;1;76;76447;1;6;1.0;7.0;49.54423587;0.20101256;2024-09-14 18:30:00
202400004037.0;1;76;76351;2;2;1.0;3.0;49.522403;0.104706;2024-09-14 19:10:00
202400004038.0;1;72;72181;2;6;7.0;3.0;48.01755;0.2185;2024-09-15 09:40:00
202400004039.0;3;2B;2B037;2;8;1.0;3.0;42.06;9.43;2024-11-27 19:20:00
202400004040.0;1;971;97101;2;1;1.0;2.0;16.25388;-61.53873;2024-11-28 15:00:00
202400004041.0;1;69;69092;1;2;1.0;3.0;45.98124;4.69373;2024-09-16 15:45:00
202400004042.0;3;64;64373;1;1;1.0;6.0;43.27731;-0.36231;2024-09-16 21:45:00
202400004043.0;1;971;97113;2;2;1.0;3.0;16.21659;-61.50919;2024-11-27 15:53:00
202400004044.0;1;95;95585;2;6;1.0;6.0;48.97854;2.38757;2024-11-28 10:15:00
202400004045.0;5;64;64445;2;2;1.0;1.0;43.31372653;-0.37759898;2024-09-16 21:18:00
202400004046.0;1;95;95277;1;1;1.0;2.0;48.97799;2.45082;2024-11-28 10:30:00
202400004047.0;1;63;63075;2;1;1.0;2.0;45.77561;3.06639;2024-09-16 13:24:00
202400004048.0;1;95;95598;2;1;1.0;7.0;48.9915;2.29922;2024-11-28 13:30:00
202400004049.0;1;62;62065;2;1;1.0;2.0;50.40398456;2.83560365;2024-09-11 13:10:00
202400004050.0;1;95;95488;2;1;7.0;6.0;49.00257;2.18599;2024-11-28 16:00:00
202400004051.0;5;62;62270;2;1;2.0;7.0;50.47218;2.51476;2024-09-12 01:45:00
202400004052.0;1;91;91589;2;3;1.0;3.0;48.67427;2.35283;2024-11-28 13:15:00
202400004053.0;1;62;62642;2;1;1.0;1.0;50.4552;2.48054;2024-09-12 17:45:00
202400004054.0;1;60;60463;2;1;1.0;6.0;49.27077;2.46547;2024-09-16 11:37:00
202400004055.0;1;60;60159;2;1;1.0;6.0;49.41635;2.83255;2024-09-15 12:15:00
202400004056.0;5;91;91286;2;2;2.0;3.0;48.649108;2.379197;2024-11-27 17:57:00
202400004057.0;5;91;91174;2;1;1.0;6.0;48.60297;2.47764;2024-11-28 19:00:00
202400004058.0;1;59;59585;2;8;1.0;3.0;50.57531265;3.04951854;2024-09-13 09:14:00
202400004059.0;1;974;97416;1;1;1.0;2.0;-21.29944;55.42254;2024-04-28 17:45:00
202400004060.0;5;91;91228;2;1;2.0;6.0;48.62496;2.45139;2024-11-27 17:20:00
202400004061.0;1;974;97416;1;1;1.0;6.0;-21.29832;55.49826;2024-04-28 16:30:00
202400004062.0;1;56;56260;2;9;1.0;3.0;47.653436;-2.783634;2024-09-16 12:50:00
202400004063.0;3;30;30011;1;1;1.0;7.0;43.93316;4.7451;2024-11-27 22:35:00
202400004064.0;3;974;97411;2;1;1.0;6.0;-20.88885;55.4722;2024-04-28 06:05:00
202400004065.0;1;56;56083;2;1;1.0;6.0;47.80687;-3.2691235;2024-09-16 13:50:00
202400004066.0;1;84;84007;2;1;1.0;6.0;43.92475;4.87891;2024-11-27 09:30:00
202400004067.0;5;974;97411;2;1;1.0;3.0;-20.89267153;55.48564535;2024-04-27 18:20:00
202400004068.0;1;56;56121;2;6;1.0;2.0;47.7583402;-3.3901063;2024-09-14 17:11:00
202400004069.0;1;84;84007;2;1;1.0;2.0;43.94483;4.79405;2024-11-27 08:30:00
202400004070.0;1;51;51454;2;1;1.0;7.0;49.25643;4.03247;2024-09-15 16:20:00
202400004071.0;1;972;97213;2;1;1.0;1.0;14.61785;-60.99913;2024-04-28 17:50:00
202400004072.0;2;83;83090;2;1;1.0;1.0;43.12266959;5.84747433;2024-11-27 16:50:00
202400004073.0;1;51;51172;2;1;1.0;7.0;49.22208;4.04057;2024-09-15 12:15:00
202400004074.0;5;95;95585;2;9;1.0;2.0;48.98619759;2.37748439;2024-04-28 23:15:00
202400004075.0;1;51;51454;2;2;1.0;7.0;49.26226;4.02117;2024-09-14 17:50:00
202400004076.0;1;83;83137;2;6;1.0;3.0;43.13156;5.98181;2024-11-27 14:40:00
202400004077.0;5;84;84080;2;6;1.0;6.0;44.0362;4.99878;2024-04-28 04:00:00
202400004078.0;1;45;45338;2;4;1.0;7.0;47.990578;2.707126;2024-09-15 10:13:00
202400004079.0;5;83;83126;2;3;1.0;6.0;43.09821897;5.8979094;2024-11-28 19:10:00
202400004080.0;5;83;83137;2;1;1.0;2.0;43.12199282;5.89453483;2024-04-28 23:00:00
202400004081.0;1;80;80021;2;1;1.0;3.0;49.9079;2.31901;2024-11-27 14:20:00
202400004082.0;1;41;41018;2;1;1.0;1.0;47.58628;1.32977;2024-09-15 17:30:00
202400004083.0;1;83;83123;1;1;1.0;6.0;43.13861;5.77244;2024-04-28 18:30:00
202400004084.0;1;80;80021;2;1;1.0;7.0;49.916;2.24933;2024-11-27 10:15:00
202400004085.0;1;37;37261;2;1;1.0;6.0;47.37535;0.66531;2024-09-15 10:30:00
202400004086.0;3;78;78297;1;1;1.0;2.0;48.7812;2.09763;2024-11-28 17:30:00
202400004087.0;1;81;81060;2;2;1.0;3.0;44.05353;2.15964;2024-04-27 18:30:00
202400004088.0;5;37;37233;1;1;1.0;1.0;47.3808;0.73226;2024-09-15 01:40:00
202400004089.0;5;77;77083;2;1;1.0;6.0;48.84345;2.58339;2024-11-28 19:55:00
202400004090.0;5;77;77374;2;1;2.0;6.0;48.79429228;2.70133657;2024-11-27 18:10:00
202400004091.0;1;35;35238;2;1;1.0;3.0;48.10212;-1.66825;2024-09-16 07:55:00
202400004092.0;1;34;34172;2;1;1.0;6.0;43.63587;3.82248;2024-09-16 08:30:00
202400004093.0;2;77;77330;2;1;2.0;6.0;48.92589142;2.88431857;2024-11-27 08:00:00
202400004094.0;1;77;77199;2;1;1.0;6.0;48.93819;2.93835;2024-04-28 17:30:00
202400004095.0;1;77;77276;2;6;2.0;1.0;48.9426;2.87934;2024-11-27 13:55:00
202400004096.0;1;33;33318;2;3;1.0;6.0;44.817851;-0.604277;2024-09-16 18:20:00
202400004097.0;1;77;77085;2;3;8.0;3.0;48.85507;2.75239;2024-04-28 09:55:00
202400004098.0;5;77;77132;2;1;1.0;3.0;48.870462;2.795751;2024-11-28 18:00:00
202400004099.0;1;33;33318;2;9;1.0;1.0;44.80283;-0.64519;2024-09-16 17:45:00
202400004100.0;1;74;74012;2;2;1.0;3.0;46.18623;6.23765;2024-04-27 17:00:00
202400004101.0;3;76;76157;1;1;1.0;2.0;49.46104;1.04182;2024-11-28 20:10:00
202400004102.0;2;31;31555;2;1;1.0;7.0;43.586991;1.460334;2024-09-08 20:40:00
202400004103.0;1;67;67482;2;3;1.0;7.0;48.5923;7.74405;2024-04-28 13:15:00
202400004104.0;5;76;76351;2;2;1.0;3.0;49.49861;0.15933;2024-11-27 18:10:00
202400004105.0;5;31;31555;2;3;1.0;1.0;43.6217;1.425;2024-09-15 03:55:00
202400004106.0;4;76;76351;2;1;1.0;6.0;49.513789;0.17504;2024-11-26 18:25:00
202400004107.0;5;31;31555;2;1;1.0;3.0;43.64282568;1.42820254;2024-09-14 22:24:00
202400004108.0;1;67;67180;2;1;1.0;3.0;48.79357;7.80761;2024-04-25 14:10:00
202400004109.0;1;76;76217;2;1;1.0;6.0;49.93052;1.09137;2024-11-28 16:00:00
202400004110.0;5;64;64122;2;6;1.0;7.0;43.46224;-1.5706;2024-04-28 04:55:00
202400004111.0;1;29;29232;2;1;1.0;3.0;47.987955;-4.119778;2024-09-16 18:50:00
202400004112.0;1;76;76217;2;1;1.0;6.0;49.92629801;1.07870277;2024-11-23 16:00:00
202400004113.0;1;29;29039;2;2;1.0;6.0;47.873238;-3.921714;2024-09-16 11:45:00
202400004114.0;1;64;64125;2;9;1.0;6.0;43.43931607;-1.59023345;2024-04-28 10:40:00
202400004115.0;1;26;26362;2;1;7.0;6.0;44.93034427;4.89344358;2024-09-16 09:30:00
202400004116.0;1;72;72181;2;2;1.0;3.0;47.97777;0.20813;2024-11-27 16:00:00
202400004117.0;5;63;63164;2;1;1.0;6.0;45.83725;3.14484;2024-04-28 01:45:00
202400004118.0;2;72;72181;2;1;1.0;7.0;47.98246;0.22885;2024-11-27 08:20:00
202400004119.0;5;18;18033;2;2;1.0;3.0;47.106333;2.411337;2024-09-15 20:57:00
202400004120.0;3;72;72181;2;9;3.0;6.0;48.0101;0.2069;2024-11-25 08:20:00
202400004121.0;1;62;62041;2;5;1.0;3.0;50.29648419;2.76294708;2024-04-14 11:15:00
202400004122.0;1;69;69256;2;3;2.0;1.0;45.78159;4.93167;2024-11-28 14:15:00
202400004123.0;1;68;68066;2;2;1.0;5.0;48.09077;7.37063;2024-11-26 14:22:00
202400004124.0;5;67;67447;2;1;1.0;6.0;48.60931;7.73866;2024-11-28 16:40:00
202400004125.0;5;60;60057;2;1;1.0;2.0;49.44196;2.10319;2024-04-28 22:45:00
202400004126.0;3;30;30032;1;1;1.0;1.0;43.75666;4.61437;2024-09-14 02:00:00
202400004127.0;2;67;67482;2;1;1.0;6.0;48.59714;7.74169;2024-11-28 07:15:00
202400004128.0;1;67;67482;2;1;1.0;6.0;48.5843083;7.74596505;2024-11-27 11:05:00
202400004129.0;1;11;11262;2;1;1.0;2.0;43.18178;2.98475;2024-09-16 16:50:00
202400004130.0;1;59;59650;2;2;1.0;3.0;50.71104;3.20706;2024-04-28 19:35:00
202400004131.0;1;66;66136;2;1;1.0;6.0;42.69725;2.87811;2024-11-28 12:30:00
202400004132.0;1;6;6069;2;1;1.0;2.0;43.65017;6.9203;2024-09-16 19:50:00
202400004133.0;1;66;66136;2;1;1.0;6.0;42.68765375;2.88562238;2024-11-26 14:10:00
202400004134.0;1;59;59068;2;1;1.0;3.0;50.204137;3.818665;2024-04-28 19:00:00
202400004135.0;1;6;6155;2;9;7.0;2.0;43.56906;7.07035;2024-09-16 16:45:00
202400004136.0;3;62;62628;2;2;1.0;6.0;50.42354;2.88446;2024-11-29 00:30:00
202400004137.0;1;75;75114;2;4;1.0;3.0;48.82469724;2.30442792;2024-09-16 10:45:00
202400004138.0;5;62;62065;2;1;1.0;6.0;50.40684;2.82422;2024-11-27 17:40:00
202400004139.0;5;59;59350;2;1;2.0;1.0;50.61553393;3.04829836;2024-04-28 02:00:00
202400004140.0;1;75;75116;2;1;1.0;7.0;48.876926;2.276461;2024-09-16 09:45:00
202400004141.0;1;62;62563;2;1;1.0;6.0;50.47690369;2.73149152;2024-11-28 07:50:00
202400004142.0;1;59;59273;2;9;1.0;3.0;51.00706;2.13343;2024-04-26 14:00:00
202400004143.0;1;75;75117;2;3;1.0;7.0;48.891092;2.318016;2024-09-16 08:55:00
202400004144.0;5;62;62178;2;1;1.0;3.0;50.49212161;2.56780243;2024-11-28 19:25:00
202400004145.0;1;54;54367;1;1;1.0;7.0;49.50251;5.79246;2024-04-28 08:50:00
202400004146.0;1;75;75115;2;2;1.0;3.0;48.845015;2.310692;2024-09-14 08:15:00
202400004147.0;3;56;56098;1;1;8.0;2.0;47.78972;-3.29342;2024-11-28 19:20:00
202400004148.0;1;38;38185;2;1;2.0;2.0;45.17972903;5.71612269;2024-04-28 19:00:00
202400004149.0;1;75;75114;2;3;1.0;6.0;48.81698;2.332154;2024-09-16 12:23:00
202400004150.0;1;54;54431;2;2;1.0;3.0;48.90572;6.05992;2024-11-27 15:40:00
202400004151.0;1;34;34172;2;1;1.0;2.0;43.60083;3.84001;2024-04-26 17:49:00
202400004152.0;1;75;75109;2;5;1.0;6.0;48.86992;2.328003;2024-09-16 14:15:00
202400004153.0;1;54;54382;2;4;7.0;3.0;49.53513;5.76597;2024-11-28 14:35:00
202400004154.0;5;34;34172;2;3;2.0;3.0;43.61993;3.86532;2024-04-27 00:25:00
202400004155.0;1;75;75108;2;5;1.0;7.0;48.864917;2.310279;2024-09-16 13:15:00
202400004156.0;1;51;51454;1;1;1.0;2.0;49.22472;4.10859;2024-11-28 13:35:00
202400004157.0;1;75;75107;2;3;1.0;2.0;48.857613;2.332712;2024-09-16 09:40:00
202400004158.0;1;33;33318;2;1;1.0;7.0;44.771577;-0.72631;2024-04-28 15:00:00
202400004159.0;5;51;51454;2;1;2.0;1.0;49.27339;4.05753;2024-11-27 16:50:00
202400004160.0;1;75;75107;2;2;1.0;2.0;48.862677;2.310404;2024-09-16 10:00:00
202400004161.0;3;31;31555;2;1;1.0;6.0;43.61293;1.40218;2024-04-28 03:15:00
202400004162.0;1;51;51454;2;1;2.0;6.0;49.25814;4.03832;2024-11-27 14:53:00
202400004163.0;1;94;94068;2;3;9.0;2.0;48.79915;2.47122;2024-09-13 10:00:00
202400004164.0;1;51;51172;2;1;2.0;6.0;49.21699;4.04683;2024-11-27 14:10:00
202400004165.0;1;22;22113;1;1;1.0;6.0;48.71478;-3.39709;2024-04-26 13:00:00
202400004166.0;2;49;49328;2;3;8.0;3.0;47.25912;-0.08265;2024-11-27 08:53:00
202400004167.0;1;47;47201;1;1;1.0;3.0;44.17073;0.60848;2024-11-28 16:41:00
202400004168.0;1;94;94041;2;2;1.0;3.0;48.82145;2.39032;2024-09-16 10:46:00
202400004169.0;1;13;13054;1;6;8.0;3.0;43.3937;5.19342;2024-04-28 11:20:00
202400004170.0;1;44;44162;2;1;8.0;6.0;47.2103954;-1.613904;2024-11-28 13:30:00
202400004171.0;1;94;94021;2;1;1.0;2.0;48.772573;2.340739;2024-09-16 18:30:00
202400004172.0;5;13;13208;2;1;2.0;6.0;43.276372;5.397606;2024-04-28 06:00:00
202400004173.0;1;94;94038;2;1;1.0;1.0;48.77456;2.33014;2024-09-16 11:20:00
202400004174.0;3;39;39150;1;1;8.0;6.0;47.062108;5.44392;2024-11-27 19:57:00
202400004175.0;1;11;11262;2;6;1.0;3.0;43.15788;2.985639;2024-04-22 12:05:00
202400004176.0;5;94;94054;2;1;1.0;3.0;48.7463628;2.41376683;2024-09-15 22:15:00
202400004177.0;1;34;34172;2;1;7.0;6.0;43.61895;3.86381;2024-11-28 16:15:00
202400004178.0;1;6;6088;2;1;8.0;6.0;43.719714;7.262357;2024-04-28 10:48:00
202400004179.0;1;94;94017;2;1;1.0;3.0;48.81990352;2.48386838;2024-09-16 17:45:00
202400004180.0;1;34;34172;2;1;1.0;3.0;43.59534;3.86172;2024-11-28 11:50:00
202400004181.0;3;4;4070;1;1;1.0;1.0;44.07591;6.19012;2024-04-27 22:05:00
202400004182.0;1;34;34172;2;1;1.0;6.0;43.59554;3.87489;2024-11-28 10:50:00
202400004183.0;1;93;93071;2;3;1.0;3.0;48.92817;2.53811;2024-09-16 07:30:00
202400004184.0;1;93;93070;2;9;1.0;6.0;48.90982067;2.34179417;2024-09-15 14:00:00
202400004185.0;1;34;34172;2;3;1.0;3.0;43.59166;3.87311;2024-11-28 08:40:00
202400004186.0;1;3;3321;1;4;1.0;3.0;46.57769;3.37629;2024-04-28 16:48:00
202400004187.0;1;93;93039;2;3;1.0;3.0;48.938385;2.33838719;2024-09-16 16:30:00
202400004188.0;5;33;33039;2;9;1.0;3.0;44.81623;-0.55001;2024-11-28 20:00:00
202400004189.0;1;3;3190;2;9;1.0;6.0;46.55217;3.33528;2024-04-27 11:52:00
202400004190.0;1;93;93048;2;3;1.0;1.0;48.86331389;2.43648211;2024-09-16 14:40:00
202400004191.0;2;32;32013;2;3;1.0;3.0;43.64976;0.59812;2024-11-28 07:30:00
202400004192.0;1;1;1283;2;1;1.0;3.0;46.26079;5.65868;2024-04-26 19:51:00
202400004193.0;1;93;93032;2;1;1.0;6.0;48.87139575;2.56890714;2024-09-15 18:50:00
202400004194.0;1;31;31483;2;1;1.0;6.0;43.10836;0.71632;2024-11-28 16:40:00
202400004195.0;1;75;75115;2;1;2.0;3.0;48.825793;2.299593;2024-04-27 16:15:00
202400004196.0;1;30;30007;2;1;1.0;2.0;44.12364;4.09159;2024-11-28 12:15:00
202400004197.0;1;93;93079;2;3;1.0;5.0;48.96002788;2.35060073;2024-09-16 08:10:00
202400004198.0;1;29;29232;1;9;5.0;6.0;48.00186361;-4.14317768;2024-11-28 15:30:00
202400004199.0;1;75;75115;2;1;1.0;4.0;48.826474;2.297076;2024-04-27 13:15:00
202400004200.0;5;93;93010;2;1;1.0;6.0;48.89744967;2.4803879;2024-09-15 21:10:00
202400004201.0;1;75;75117;2;1;1.0;2.0;48.893406;2.303123;2024-04-28 07:50:00
202400004202.0;4;75;75110;2;3;1.0;6.0;48.871306;2.370315;2024-04-28 21:00:00
202400004203.0;5;93;93005;2;2;1.0;3.0;48.92268;2.49564;2024-09-16 20:15:00
202400004204.0;1;13;13204;2;1;1.0;1.0;43.31499;5.40294;2024-11-28 11:30:00
202400004205.0;1;13;13028;2;1;1.0;3.0;43.17647879;5.60627592;2024-11-27 14:45:00
202400004206.0;1;93;93007;2;1;1.0;1.0;48.94793;2.4671;2024-09-16 12:50:00
202400004207.0;1;75;75108;2;7;8.0;2.0;48.87382326;2.29587972;2024-04-28 15:00:00
202400004208.0;3;93;93007;2;1;1.0;6.0;48.92615;2.46747;2024-09-15 22:25:00
202400004209.0;5;11;11262;2;1;1.0;6.0;43.18359;2.9988;2024-11-28 20:00:00
202400004210.0;1;75;75101;2;3;1.0;7.0;48.857217;2.347461;2024-04-28 18:00:00
202400004211.0;1;11;11069;2;1;1.0;7.0;43.21229;2.35707;2024-11-28 16:20:00
202400004212.0;5;92;92033;2;2;1.0;3.0;48.85182547;2.20544782;2024-09-15 23:40:00
202400004213.0;5;94;94043;2;6;1.0;2.0;48.8095;2.36245;2024-04-28 21:30:00
202400004214.0;5;6;6069;2;1;1.0;3.0;43.63032;6.95892;2024-11-28 19:40:00
202400004215.0;1;92;92049;2;3;1.0;3.0;48.81706824;2.33142301;2024-09-16 08:30:00
202400004216.0;5;6;6069;2;1;1.0;3.0;43.64353;6.94615;2024-11-28 06:50:00
202400004217.0;1;92;92049;2;1;8.0;3.0;48.81735715;2.32723027;2024-09-16 09:00:00
202400004218.0;5;94;94073;2;2;2.0;2.0;48.75956;2.39677;2024-04-28 01:00:00
202400004219.0;1;94;94028;2;1;1.0;6.0;48.7851;2.45794;2024-04-28 14:00:00
202400004220.0;1;3;3321;2;1;1.0;3.0;46.54294;3.3432;2024-11-28 08:50:00
202400004221.0;1;92;92048;2;6;1.0;3.0;48.78653;2.22355;2024-09-16 08:30:00
202400004222.0;2;92;92036;2;1;1.0;6.0;48.9264;2.29243;2024-09-16 06:25:00
202400004223.0;1;3;3185;2;6;2.0;3.0;46.33694;2.58728;2024-11-28 14:21:00
202400004224.0;1;94;94017;2;1;1.0;4.0;48.81455;2.48095;2024-04-28 12:30:00
202400004225.0;1;92;92036;2;3;1.0;6.0;48.93375871;2.31337823;2024-09-14 18:50:00
202400004226.0;5;75;75112;2;1;1.0;5.0;48.836796;2.412611;2024-11-27 20:30:00
202400004227.0;1;92;92023;2;1;1.0;3.0;48.79191325;2.26754934;2024-09-16 16:47:00
202400004228.0;1;92;92012;2;9;1.0;7.0;48.8422746;2.23047763;2024-09-16 10:00:00
202400004229.0;1;75;75116;2;1;2.0;4.0;48.844085;2.254681;2024-11-27 14:15:00
202400004230.0;5;92;92007;2;3;1.0;6.0;48.79600331;2.31853209;2024-09-15 23:40:00
202400004231.0;1;93;93078;2;6;1.0;4.0;48.96157;2.55496;2024-04-28 17:30:00
202400004232.0;1;65;65175;1;1;1.0;7.0;42.918249;0.513139;2024-09-15 11:20:00
202400004233.0;1;75;75118;2;2;2.0;3.0;48.88556;2.349531;2024-11-27 16:15:00
202400004234.0;1;93;93072;2;3;1.0;3.0;48.9467;2.38647;2024-04-28 17:56:00
202400004235.0;2;33;33352;2;5;7.0;6.0;44.58022;-0.034273;2024-09-16 08:05:00
202400004236.0;2;75;75117;2;7;1.0;3.0;48.880928;2.283955;2024-11-27 16:30:00
202400004237.0;5;92;92012;2;1;2.0;6.0;48.84133;2.22543;2024-04-27 23:39:00
202400004238.0;1;77;77478;1;1;1.0;6.0;48.974316;3.068469;2024-09-17 10:45:00
202400004239.0;1;972;97227;2;1;1.0;1.0;14.469817;-60.922349;2024-09-16 10:30:00
202400004240.0;1;75;75116;2;7;1.0;3.0;48.862747;2.287467;2024-11-28 08:20:00
202400004241.0;1;2A;2A249;2;6;1.0;3.0;41.673894;8.901707;2024-04-28 12:45:00
202400004242.0;1;29;29181;1;1;1.0;4.0;48.48627491;-4.27639992;2024-09-17 08:48:00
202400004243.0;5;75;75115;2;2;1.0;3.0;48.849446;2.281634;2024-11-28 20:00:00
202400004244.0;1;22;22182;1;2;1.0;3.0;48.543363;-2.961277;2024-04-27 12:35:00
202400004245.0;2;75;75115;2;1;1.0;1.0;48.842349;2.285153;2024-11-28 17:05:00
202400004246.0;1;29;29095;1;1;1.0;2.0;48.45800984;-4.36340456;2024-09-17 07:32:00
202400004247.0;1;974;97410;1;1;1.0;2.0;-21.102427;55.716092;2024-09-17 17:05:00
202400004248.0;1;75;75113;2;2;1.0;3.0;48.820991;2.350793;2024-11-28 09:26:00