Num_Acc;lum;departement;commune;agglomeration;intersection;meteo;type_collision;lat;long;date
202400004249.0;3;67;67430;1;1;1.0;7.0;48.34197079;7.3677871;2024-04-28 04:00:00
202400004250.0;1;84;84039;1;1;1.0;1.0;44.105461;4.857159;2024-09-17 14:50:00
202400004251.0;5;75;75113;2;1;2.0;6.0;48.823232;2.374045;2024-11-27 18:00:00
202400004252.0;1;76;76534;1;1;1.0;1.0;49.58950912;0.22966482;2024-04-29 17:00:00
202400004253.0;1;34;34270;2;1;1.0;6.0;43.579703;3.822894;2024-09-17 15:00:00
202400004254.0;2;41;41223;1;1;1.0;7.0;47.619442;1.235747;2024-04-28 19:25:00
202400004255.0;1;75;75109;2;2;1.0;6.0;48.876257;2.331896;2024-11-28 11:37:00
202400004256.0;1;51;51227;1;1;1.0;1.0;48.89220273;4.29690427;2024-09-16 11:40:00
202400004257.0;1;974;97413;1;1;1.0;6.0;-21.156268;55.297188;2024-04-28 17:34:00
202400004258.0;1;80;80710;1;2;1.0;3.0;50.005201;1.72509;2024-09-16 15:00:00
202400004259.0;1;974;97413;2;1;1.0;6.0;-21.173587;55.295182;2024-04-26 09:15:00
202400004260.0;5;75;75108;2;3;1.0;6.0;48.874077;2.298208;2024-11-27 17:15:00
202400004261.0;1;34;34107;1;1;1.0;7.0;43.598544;2.846156;2024-09-14 09:40:00
202400004262.0;3;34;34199;1;1;3.0;6.0;43.444678;3.421061;2024-04-29 05:50:00
202400004263.0;1;25;25212;2;3;1.0;2.0;47.278712;5.993471;2024-09-17 08:33:00
202400004264.0;1;75;75107;2;3;1.0;7.0;48.859252;2.330234;2024-11-28 13:56:00
202400004265.0;1;58;58086;1;1;1.0;2.0;47.373477;2.923307;2024-04-28 17:40:00
202400004266.0;2;29;29241;1;1;1.0;1.0;47.983976;-3.802058;2024-09-16 20:00:00
202400004267.0;1;57;57345;2;1;1.0;6.0;49.350094;6.299028;2024-04-27 11:33:00
202400004268.0;5;75;75104;2;3;8.0;6.0;48.855097;2.361679;2024-11-26 19:45:00
202400004269.0;1;15;15154;1;4;1.0;3.0;44.942423;2.611645;2024-09-15 11:50:00
202400004270.0;1;51;51212;1;1;1.0;2.0;48.77413574;4.29193284;2024-04-28 15:35:00
202400004271.0;1;94;94068;2;2;1.0;1.0;48.7980267;2.48986486;2024-11-28 10:35:00
202400004272.0;1;1;1141;2;3;1.0;7.0;45.816762;5.677936;2024-09-15 16:30:00
202400004273.0;3;2A;2A017;1;1;1.0;6.0;42.00376225;8.71040494;2024-04-27 20:30:00
202400004274.0;1;94;94076;2;3;1.0;6.0;48.79258142;2.36652911;2024-11-28 12:30:00
202400004275.0;1;72;72115;1;1;1.0;7.0;47.660373;0.447274;2024-09-17 18:35:00
202400004276.0;1;94;94022;2;1;1.0;6.0;48.7655;2.40901;2024-11-28 13:00:00
202400004277.0;1;6;6059;1;3;8.0;3.0;43.728751;7.371483;2024-09-17 15:30:00
202400004278.0;5;94;94071;2;1;8.0;6.0;48.769894;2.522835;2024-11-28 17:10:00
202400004279.0;2;80;80354;2;1;1.0;6.0;49.984696;1.768166;2024-04-28 20:45:00
202400004280.0;1;50;50130;1;1;1.0;1.0;48.806482;-1.192263;2024-09-17 10:30:00
202400004281.0;1;33;33226;1;1;1.0;7.0;44.700298;-0.354534;2024-04-29 10:40:00
202400004282.0;5;93;93073;2;4;8.0;2.0;49.00718411;2.55828927;2024-11-28 01:50:00
202400004283.0;1;89;89088;1;1;1.0;6.0;47.847403;3.323772;2024-04-29 08:20:00
202400004284.0;1;60;60277;2;1;1.0;1.0;49.423003;2.042494;2024-09-17 18:34:00
202400004285.0;5;93;93072;2;1;1.0;6.0;48.95578383;2.37808743;2024-11-28 17:15:00
202400004286.0;1;86;86086;1;3;1.0;3.0;46.823327;0.691835;2024-04-28 18:15:00
202400004287.0;5;93;93050;2;1;1.0;6.0;48.85656923;2.52418363;2024-11-24 00:10:00
202400004288.0;1;64;64368;1;2;1.0;3.0;43.390136;-1.097316;2024-09-16 17:50:00
202400004289.0;3;39;39223;1;1;2.0;1.0;46.928143;5.65002;2024-04-28 21:45:00
202400004290.0;1;16;16009;2;3;1.0;6.0;45.979052;0.56861;2024-09-17 13:00:00
202400004291.0;3;4;4088;1;1;1.0;6.0;43.926753;5.791109;2024-09-16 21:10:00
202400004292.0;5;93;93032;2;2;2.0;4.0;48.88272315;2.53509521;2024-11-27 20:20:00
202400004293.0;1;38;38130;2;3;8.0;6.0;45.393188;5.26663;2024-04-29 08:30:00
202400004294.0;2;30;30062;1;3;7.0;6.0;43.792194;4.205446;2024-09-13 08:00:00
202400004295.0;5;38;38030;2;1;1.0;6.0;45.341144;5.472028;2024-09-15 00:05:00
202400004296.0;5;93;93029;2;3;1.0;3.0;48.91786;2.46664;2024-11-27 19:10:00
202400004297.0;1;2;2643;1;1;1.0;5.0;49.397764;3.153205;2024-04-29 15:50:00
202400004298.0;1;93;93008;2;1;1.0;6.0;48.9089;2.44578;2024-11-28 12:40:00
202400004299.0;2;35;35353;1;1;1.0;6.0;48.12564489;-1.73514515;2024-09-15 08:10:00
202400004300.0;2;93;93053;2;1;1.0;7.0;48.90386;2.4691;2024-11-28 07:50:00
202400004301.0;1;42;42279;1;1;1.0;6.0;45.480314;4.240642;2024-09-17 16:00:00
202400004302.0;1;2;2424;1;1;1.0;1.0;49.414224;3.343041;2024-04-29 11:15:00
202400004303.0;1;71;71187;1;1;1.0;6.0;46.76423;4.49856;2024-09-17 09:29:00
202400004304.0;1;93;93001;2;2;1.0;6.0;48.91743;2.3869;2024-11-28 11:35:00
202400004305.0;2;14;14371;1;1;1.0;6.0;48.98641;0.319676;2024-04-29 08:20:00
202400004306.0;1;13;13103;1;1;1.0;2.0;43.675073;5.095253;2024-09-16 16:40:00
202400004307.0;1;92;92078;2;1;1.0;6.0;48.93429143;2.33183831;2024-11-28 13:45:00
202400004308.0;3;50;50124;2;3;2.0;1.0;48.670139;-1.142567;2024-04-27 20:36:00
202400004309.0;3;28;28092;1;1;1.0;2.0;48.358423;1.877235;2024-09-17 01:35:00
202400004310.0;1;92;92050;2;1;1.0;6.0;48.91230906;2.22395673;2024-11-28 09:00:00
202400004311.0;1;64;64106;1;2;2.0;3.0;43.306818;-1.009701;2024-04-29 07:50:00
202400004312.0;5;974;97420;2;1;2.0;6.0;-20.90912;55.609622;2024-08-11 18:45:00
202400004313.0;1;37;37027;2;2;1.0;1.0;47.325036;1.005973;2024-09-16 09:00:00
202400004314.0;5;92;92026;2;3;1.0;6.0;48.90217131;2.27370392;2024-11-27 18:00:00
202400004315.0;4;16;16347;1;1;1.0;7.0;45.279768;0.1276087;2024-04-28 22:00:00
202400004316.0;5;92;92023;2;1;3.0;6.0;48.7914095;2.26222873;2024-11-27 17:50:00
202400004317.0;1;58;58214;2;1;1.0;1.0;47.07615;3.106459;2024-09-17 16:00:00
202400004318.0;1;973;97305;1;1;1.0;2.0;4.924235;-52.389389;2024-08-11 14:00:00
202400004319.0;1;24;24082;1;1;1.0;5.0;44.86262;1.264603;2024-04-29 16:50:00
202400004320.0;1;92;92002;2;3;1.0;3.0;48.75189518;2.29797408;2024-11-28 13:45:00
202400004321.0;2;67;67313;2;1;1.0;2.0;48.538521;7.454948;2024-09-15 19:30:00
202400004322.0;1;971;97115;1;1;1.0;1.0;16.27106;-61.654018;2024-08-11 06:45:00
202400004323.0;3;35;35146;1;1;8.0;6.0;48.24842898;-1.78889796;2024-11-28 20:30:00
202400004324.0;3;67;67131;2;1;2.0;7.0;48.486452;7.72945;2024-09-08 03:50:00
202400004325.0;3;977;97701;2;1;1.0;7.0;17.893001;-62.809761;2024-08-12 02:30:00
202400004326.0;1;24;24354;1;1;1.0;1.0;45.140217;0.045748;2024-04-28 18:30:00
202400004327.0;3;21;21599;1;1;1.0;1.0;47.647484;5.178364;2024-11-14 03:00:00
202400004328.0;1;33;33165;1;6;1.0;1.0;44.826192;-0.431814;2024-08-09 10:41:00
202400004329.0;1;24;24311;2;1;3.0;1.0;45.5222513;0.66052079;2024-04-27 19:10:00
202400004330.0;2;73;73284;2;4;1.0;3.0;45.477021;6.527577;2024-09-16 17:56:00
202400004331.0;3;71;71150;1;1;1.0;6.0;46.235139;4.794604;2024-11-29 03:00:00
202400004332.0;1;41;41220;1;1;1.0;5.0;47.711787;1.602306;2024-08-07 16:08:00
202400004333.0;1;37;37050;2;2;1.0;5.0;47.341055;0.722952;2024-04-29 10:15:00
202400004334.0;1;27;27230;2;2;1.0;3.0;48.864761;1.415402;2024-11-29 13:15:00
202400004335.0;2;95;95370;1;1;1.0;7.0;49.15204867;1.97881301;2024-08-12 01:55:00
202400004336.0;2;11;11421;2;3;1.0;3.0;43.214176;2.861348;2024-11-26 07:28:00
202400004337.0;1;34;34162;1;6;1.0;2.0;43.465074;3.508736;2024-08-11 08:00:00
202400004338.0;1;8;8038;1;4;1.0;3.0;49.46811;4.240594;2024-04-28 19:27:00
202400004339.0;1;63;63181;1;1;2.0;5.0;46.01711449;3.08748948;2024-11-28 14:30:00
202400004340.0;1;90;90015;1;1;2.0;6.0;47.59161546;6.85644731;2024-04-28 15:15:00
202400004341.0;1;83;83150;2;1;1.0;6.0;43.732949;5.828848;2024-08-11 16:35:00
202400004342.0;5;23;23176;2;6;2.0;7.0;46.23868304;1.49371147;2024-11-28 19:55:00
202400004343.0;1;69;69235;1;1;3.0;1.0;45.531801;4.851456;2024-04-28 09:14:00
202400004344.0;3;62;62009;1;1;5.0;7.0;50.19156124;2.69419021;2024-11-29 05:30:00
202400004345.0;1;5;5065;1;6;1.0;3.0;44.665845;6.614628;2024-08-10 10:00:00
202400004346.0;1;78;78569;1;1;1.0;2.0;48.546232;1.91288;2024-04-29 10:15:00
202400004347.0;5;57;57097;2;1;1.0;6.0;49.179699;6.496718;2024-11-28 17:42:00
202400004348.0;1;37;37072;2;1;1.0;7.0;47.193897;0.23273;2024-04-24 15:30:00
202400004349.0;1;2B;2B050;1;1;1.0;6.0;42.53807;8.790371;2024-11-29 11:45:00
202400004350.0;1;28;28007;2;9;1.0;7.0;48.852447;1.445941;2024-04-18 15:45:00
202400004351.0;1;13;13027;1;2;1.0;3.0;43.862474;4.849498;2024-02-24 16:00:00
202400004352.0;1;78;78128;1;1;8.0;1.0;48.674505;1.955802;2024-04-28 18:10:00
202400004353.0;5;71;71591;1;6;1.0;2.0;46.449553;4.886421;2024-11-28 19:45:00
202400004354.0;3;13;13099;1;1;1.0;6.0;43.715686;5.783116;2024-04-28 21:50:00
202400004355.0;1;67;67229;1;4;1.0;3.0;48.669822;7.421157;2024-08-11 17:45:00
202400004356.0;1;89;89186;1;1;1.0;6.0;48.005551;3.797203;2024-11-29 09:00:00
202400004357.0;1;33;33029;1;1;3.0;6.0;44.651709;-0.74258;2024-04-27 16:20:00
202400004358.0;1;63;63213;1;1;1.0;7.0;45.843659;3.274784;2024-08-12 12:05:00
202400004359.0;1;44;44215;1;1;1.0;1.0;47.161795;-1.492145;2024-04-25 19:00:00
202400004360.0;1;63;63362;2;4;1.0;3.0;45.91877239;3.24817121;2024-11-27 15:43:00
202400004361.0;1;22;22379;2;1;1.0;7.0;48.817461;-3.356205;2024-04-28 14:56:00
202400004362.0;1;87;87161;1;1;1.0;1.0;45.861302;1.516607;2024-08-12 16:45:00
202400004363.0;2;63;63087;1;1;2.0;6.0;45.425594;3.083725;2024-11-28 17:45:00
202400004364.0;1;33;33104;1;1;1.0;3.0;45.032975;-0.787577;2024-08-12 17:45:00
202400004365.0;3;61;61474;1;1;1.0;3.0;48.749058;0.016264;2024-11-29 20:01:00
202400004366.0;1;62;62474;2;1;1.0;3.0;50.67725464;1.64613836;2024-04-29 14:45:00
202400004367.0;3;12;12021;1;1;1.0;6.0;44.312472;2.125629;2024-11-28 20:54:00
202400004368.0;1;33;33312;1;1;1.0;3.0;44.966867;-0.553224;2024-08-12 10:10:00
202400004369.0;1;13;13071;1;1;1.0;2.0;43.41222988;5.36422948;2024-04-27 12:50:00
202400004370.0;1;31;31247;2;1;1.0;6.0;43.081129;0.671872;2024-11-28 09:55:00
202400004371.0;1;85;85003;1;1;1.0;3.0;46.740713;-1.566893;2024-08-10 14:40:00
202400004372.0;3;38;38315;2;1;2.0;6.0;45.535543;5.660362;2024-11-28 17:20:00
202400004373.0;3;69;69204;1;1;1.0;5.0;45.68716494;4.81057022;2024-04-27 00:10:00
202400004374.0;1;56;56007;2;2;1.0;3.0;47.675358;-2.988399;2024-07-21 16:45:00
202400004375.0;1;6;6032;1;1;1.0;6.0;43.724836;7.393981;2024-11-29 11:00:00
202400004376.0;1;67;67152;1;1;1.0;4.0;48.5273;7.6847;2024-04-23 16:30:00
202400004377.0;1;22;22242;1;1;1.0;6.0;48.59945027;-2.384414;2024-08-12 09:30:00
202400004378.0;3;64;64276;1;1;1.0;6.0;43.105855;-0.649245;2024-11-25 02:00:00
202400004379.0;3;94;94021;1;1;1.0;7.0;48.77137155;2.34509948;2024-04-28 22:30:00
202400004380.0;1;62;62627;1;1;7.0;7.0;50.303897;3.017421;2024-08-09 17:00:00
202400004381.0;4;53;53271;2;1;2.0;6.0;48.340843;-0.283556;2024-11-27 23:00:00
202400004382.0;5;93;93066;1;1;1.0;2.0;48.91224353;2.3578075;2024-04-28 00:20:00
202400004383.0;1;59;59618;2;1;1.0;1.0;50.32427838;4.04697163;2024-08-10 15:27:00
202400004384.0;5;4;4088;2;1;1.0;1.0;43.955441;5.775263;2024-11-28 23:25:00
202400004385.0;1;95;95572;1;1;2.0;6.0;49.0328605;2.10794605;2024-04-27 19:20:00
202400004386.0;5;27;27543;2;1;8.0;6.0;48.785788;1.363418;2024-11-26 07:30:00
202400004387.0;1;59;59158;2;1;7.0;1.0;50.450038;3.198545;2024-08-12 11:30:00
202400004388.0;1;94;94028;1;1;1.0;2.0;48.79983715;2.44627859;2024-04-28 13:48:00
202400004389.0;3;59;59465;1;1;1.0;6.0;50.115209;3.570637;2024-08-10 01:55:00
202400004390.0;1;17;17057;1;3;1.0;3.0;46.167622;-0.836354;2024-11-28 08:10:00
202400004391.0;1;77;77294;1;1;3.0;2.0;48.970177;2.597213;2024-04-27 20:00:00
202400004392.0;3;13;13117;1;1;1.0;7.0;43.47635;5.23763;2024-05-05 21:38:00
202400004393.0;1;13;13085;1;1;1.0;7.0;43.2624;5.5896;2024-08-11 19:15:00
202400004394.0;1;93;93051;1;1;1.0;2.0;48.83662815;2.54787956;2024-04-27 12:00:00
202400004395.0;2;30;30224;1;1;1.0;5.0;43.918538;4.241023;2024-11-28 16:55:00
202400004396.0;1;94;94046;1;1;1.0;6.0;48.80856288;2.44905786;2024-04-27 07:20:00
202400004397.0;2;66;66172;2;1;1.0;6.0;42.714086;2.851709;2024-11-28 17:05:00
202400004398.0;2;13;13212;2;1;1.0;2.0;43.30933966;5.42489187;2024-08-11 06:50:00
202400004399.0;3;74;74282;1;1;1.0;1.0;46.03678155;6.24024452;2024-02-24 04:30:00
202400004400.0;5;13;13202;1;9;1.0;7.0;43.2943;5.36396;2024-08-09 01:40:00
202400004401.0;1;13;13103;1;1;1.0;3.0;43.62643;5.118577;2024-11-23 10:15:00
202400004402.0;1;74;74236;2;9;1.0;6.0;45.90501;6.700453;2024-02-20 17:20:00
202400004403.0;4;971;97116;1;1;1.0;3.0;16.320453;-61.489127;2024-11-22 18:35:00
202400004404.0;1;971;97126;1;1;1.0;7.0;15.939841;-61.270146;2024-11-28 11:50:00
202400004405.0;1;83;83144;1;1;1.0;4.0;43.1392422;5.9973456;2024-08-10 15:20:00
202400004406.0;3;74;74019;1;1;8.0;1.0;45.937686;6.144552;2024-02-11 06:00:00
202400004407.0;5;74;74225;2;1;2.0;6.0;45.859151;5.950277;2024-02-07 18:15:00
202400004408.0;1;69;69256;1;1;1.0;2.0;45.7963116;4.94410421;2024-08-09 11:45:00
202400004409.0;3;77;77420;1;1;1.0;2.0;49.048192;2.694397;2024-11-24 05:20:00
202400004410.0;1;74;74070;1;1;1.0;7.0;46.29105138;6.27150226;2024-02-04 08:30:00
202400004411.0;1;77;77251;1;1;1.0;7.0;48.619458;2.553622;2024-08-11 18:09:00
202400004412.0;2;77;77183;2;1;1.0;6.0;48.945441;3.125203;2024-11-29 16:45:00
202400004413.0;1;74;74311;1;1;1.0;6.0;46.161802;6.411515;2024-02-03 15:30:00
202400004414.0;1;94;94021;1;1;1.0;2.0;48.76360182;2.34384403;2024-08-11 16:30:00
202400004415.0;3;77;77440;2;1;3.0;1.0;48.949088;3.07351;2024-11-19 17:35:00
202400004416.0;2;77;77217;1;1;1.0;3.0;48.676939;2.665789;2024-11-28 18:00:00
202400004417.0;3;74;74272;2;1;1.0;5.0;45.945506;6.039069;2024-01-28 01:20:00
202400004418.0;1;94;94076;1;1;1.0;4.0;48.79406378;2.34526514;2024-08-11 11:56:00
202400004419.0;1;66;66171;2;6;1.0;6.0;42.622228;3.010141;2024-11-28 16:15:00
202400004420.0;3;74;74211;1;1;1.0;6.0;46.100443;6.268966;2024-01-01 05:00:00
202400004421.0;5;66;66171;1;1;1.0;6.0;42.625497;3.023386;2024-11-28 19:10:00
202400004422.0;1;94;94034;1;1;1.0;2.0;48.75120273;2.32960518;2024-08-11 08:05:00
202400004423.0;1;987;98735;2;2;1.0;6.0;-17.544686;-149.575624;2024-04-26 08:59:00
202400004424.0;3;77;77251;1;1;1.0;2.0;48.64509329;2.54658043;2024-08-09 05:45:00
202400004425.0;2;34;34022;2;3;1.0;3.0;43.657861;4.011472;2024-11-27 07:40:00
202400004426.0;4;974;97407;2;1;1.0;3.0;-20.94769;55.29594;2024-04-27 18:40:00
202400004427.0;1;34;34327;1;1;1.0;2.0;43.66902;3.968328;2024-11-29 09:15:00
202400004428.0;1;92;92064;1;1;1.0;2.0;48.83949368;2.20466483;2024-08-11 15:50:00
202400004429.0;5;972;97213;1;1;1.0;2.0;14.64615364;-61.02329688;2024-04-26 22:13:00
202400004430.0;1;92;92050;1;1;1.0;7.0;48.90203098;2.19992423;2024-08-11 08:45:00
202400004431.0;5;71;71176;2;2;3.0;6.0;46.486063;3.990282;2024-11-28 18:20:00
202400004432.0;1;972;97213;2;4;1.0;3.0;14.62275;-61.01893;2024-04-27 10:00:00
202400004433.0;1;54;54305;2;3;1.0;6.0;48.748077;6.200883;2024-11-29 14:30:00
202400004434.0;1;972;97213;2;1;1.0;2.0;14.61081;-61.00189;2024-04-27 10:40:00
202400004435.0;1;92;92047;1;1;1.0;4.0;48.83231571;2.15438418;2024-08-10 19:45:00
202400004436.0;1;971;97113;1;1;1.0;7.0;16.23102;-61.46655;2024-04-27 08:40:00
202400004437.0;4;971;97101;2;9;2.0;7.0;16.29408;-61.51131;2024-04-27 02:50:00
202400004438.0;1;95;95018;1;1;1.0;2.0;48.95863789;2.27437326;2024-08-11 07:00:00
202400004439.0;1;95;95582;2;1;1.0;6.0;48.97702211;2.24108916;2024-08-10 20:00:00
202400004440.0;5;971;97101;2;1;1.0;2.0;16.25324518;-61.54762298;2024-04-26 23:15:00
202400004441.0;1;74;74147;2;1;1.0;6.0;45.778386;6.202988;2024-05-31 17:05:00
202400004442.0;1;91;91479;2;9;1.0;3.0;48.70576;2.36345;2024-04-27 11:40:00
202400004443.0;1;83;83126;2;2;1.0;3.0;43.10604557;5.86717602;2024-04-27 15:00:00
202400004444.0;3;74;74256;1;3;2.0;3.0;45.973065;6.630152;2024-04-24 21:13:00
202400004445.0;1;83;83061;2;1;1.0;6.0;43.43315;6.72198;2024-04-23 07:55:00
202400004446.0;5;81;81004;2;1;1.0;6.0;43.93672;2.14682;2024-04-27 03:38:00
202400004447.0;1;74;74109;1;1;2.0;5.0;46.070581;5.855026;2024-05-07 19:50:00
202400004448.0;1;78;78350;2;1;1.0;6.0;48.861022;2.122416;2024-03-28 11:45:00
202400004449.0;1;74;74104;1;1;1.0;3.0;45.795106;6.213166;2024-05-28 10:30:00
202400004450.0;5;78;78498;2;3;2.0;6.0;48.93901;2.0593;2024-04-27 23:45:00
202400004451.0;1;74;74063;2;1;1.0;6.0;46.275447;6.838539;2024-05-20 10:45:00
202400004452.0;1;77;77384;1;1;1.0;1.0;48.601389;2.607778;2024-04-27 18:58:00
202400004453.0;2;77;77487;2;1;2.0;1.0;48.52264;2.69345;2024-04-27 07:20:00
202400004454.0;1;74;74256;1;3;1.0;3.0;45.923297;6.634219;2024-05-26 11:20:00
202400004455.0;1;77;77433;1;1;1.0;7.0;48.758544;3.07075;2024-04-27 08:30:00
202400004456.0;3;74;74112;2;1;1.0;3.0;45.929722;6.120393;2024-05-25 22:00:00
202400004457.0;3;76;76497;1;1;3.0;7.0;49.37943406;1.05019856;2024-04-27 03:20:00
202400004458.0;2;74;74010;2;1;1.0;6.0;45.91489;6.11794;2024-04-27 20:05:00
202400004459.0;1;74;74267;2;1;1.0;7.0;45.846384;6.147465;2024-05-24 07:30:00
202400004460.0;2;74;74065;1;1;2.0;7.0;46.03473261;5.96896623;2024-05-27 06:30:00
202400004461.0;5;71;71270;2;3;1.0;3.0;46.30532;4.83584;2024-04-27 22:45:00
202400004462.0;4;71;71445;2;1;1.0;6.0;46.76841;4.86616;2024-04-27 04:01:00
202400004463.0;1;74;74236;2;1;1.0;6.0;45.90686525;6.70419216;2024-05-21 09:20:00
202400004464.0;1;74;74291;1;1;8.0;1.0;46.038967;5.888543;2024-04-16 17:00:00
202400004465.0;1;69;69266;2;3;2.0;3.0;45.75954022;4.89191398;2024-04-26 11:30:00
202400004466.0;1;74;74002;1;3;1.0;3.0;45.820026;6.026226;2024-02-21 09:41:00
202400004467.0;1;66;66136;2;1;2.0;6.0;42.73990246;2.89016604;2024-04-27 11:50:00
202400004468.0;1;35;35238;2;1;1.0;3.0;48.118578;-1.662575;2024-01-17 10:15:00
202400004469.0;5;64;64102;2;1;2.0;7.0;43.48643;-1.47064;2024-04-27 23:54:00
202400004470.0;1;64;64102;2;1;2.0;7.0;43.47119;-1.49153;2024-04-27 18:40:00
202400004471.0;1;84;84039;1;1;1.0;3.0;44.0725975;4.88279972;2024-02-21 15:30:00
202400004472.0;3;84;84087;1;1;1.0;6.0;44.108188;4.851515;2024-02-21 04:35:00
202400004473.0;5;63;63113;2;7;2.0;6.0;45.77716;3.08159;2024-04-27 23:45:00
202400004474.0;1;84;84071;2;1;1.0;6.0;43.86739;5.146687;2024-02-14 13:00:00
202400004475.0;1;63;63164;1;2;1.0;2.0;45.82382;3.13425;2024-04-27 19:15:00
202400004476.0;3;84;84129;1;3;1.0;1.0;44.024798;4.87264;2024-01-23 18:00:00
202400004477.0;2;84;84129;2;1;2.0;3.0;43.99134;4.869085;2024-01-17 17:45:00
202400004478.0;3;84;84129;1;1;1.0;6.0;44.024036;4.844563;2024-02-12 07:30:00
202400004479.0;5;988;98818;2;3;1.0;4.0;-22.27879;166.44318;2024-08-10 21:40:00
202400004480.0;1;976;97611;2;7;1.0;7.0;-12.79448;45.21684;2024-08-09 16:55:00
202400004481.0;1;62;62193;1;1;1.0;5.0;50.94978;1.90548;2024-04-26 15:50:00
202400004482.0;1;976;97611;1;1;1.0;2.0;-12.79302;45.21997;2024-08-06 10:20:00
202400004483.0;1;56;56260;2;3;2.0;6.0;47.67345;-2.76309;2024-04-27 17:50:00
202400004484.0;1;54;54547;2;9;1.0;3.0;48.66906883;6.19506061;2024-04-26 17:25:00
202400004485.0;1;976;97611;2;7;1.0;3.0;-12.7775;45.23169;2024-08-09 09:20:00
202400004486.0;5;974;97416;2;1;1.0;3.0;-21.32352;55.44525;2024-08-10 05:00:00
202400004487.0;1;51;51454;2;1;1.0;4.0;49.246583;4.050909;2024-04-27 16:50:00
202400004488.0;5;974;97411;2;1;2.0;2.0;-20.89013;55.46508;2024-08-10 23:50:00
202400004489.0;1;49;49267;1;1;1.0;3.0;47.46635;-0.51624;2024-04-27 18:44:00
202400004490.0;3;49;49267;1;1;1.0;7.0;47.467;-0.5152;2024-04-27 23:59:00
202400004491.0;2;974;97411;2;1;1.0;3.0;-20.90364;55.50342;2024-08-10 18:58:00
202400004492.0;1;49;49007;2;1;1.0;1.0;47.45557;-0.57113;2024-04-27 14:50:00
202400004493.0;1;973;97302;2;3;1.0;3.0;4.94176436;-52.30414876;2024-08-07 17:00:00
202400004494.0;1;45;45234;2;2;8.0;3.0;47.84622;1.9409;2024-04-27 15:45:00
202400004495.0;1;973;97302;1;1;1.0;2.0;4.90578;-52.32086;2024-08-06 16:10:00
202400004496.0;1;38;38185;2;5;1.0;3.0;45.15894;5.70941;2024-04-26 20:30:00
202400004497.0;1;973;97302;2;1;1.0;2.0;4.92160165;-52.30399811;2024-08-09 12:20:00
202400004498.0;1;37;37122;2;1;1.0;2.0;47.34725;0.6525;2024-04-27 19:00:00
202400004499.0;3;972;97213;1;1;2.0;6.0;14.618164;-61.028896;2024-08-09 00:51:00
202400004500.0;5;37;37261;2;1;1.0;2.0;47.36742;0.6982;2024-04-27 21:05:00
202400004501.0;1;69;69384;2;1;1.0;4.0;45.77524;4.83926;2024-08-10 14:00:00
202400004502.0;1;33;33550;2;2;3.0;6.0;44.78403;-0.566309;2024-04-27 16:30:00
202400004503.0;5;971;97101;2;9;1.0;6.0;16.24972;-61.52357;2024-08-09 20:05:00
202400004504.0;1;33;33119;2;1;1.0;2.0;44.85522864;-0.53160042;2024-04-27 11:40:00
202400004505.0;1;971;97103;1;1;1.0;2.0;16.27072;-61.5498;2024-08-09 11:50:00
202400004506.0;1;33;33063;2;6;8.0;3.0;44.83034;-0.60285;2024-04-27 11:00:00
202400004507.0;1;971;97107;2;1;1.0;6.0;16.04552;-61.5629;2024-08-08 09:30:00
202400004508.0;1;29;29051;1;1;1.0;3.0;47.99880102;-4.04937996;2024-04-26 16:15:00
202400004509.0;5;28;28404;2;9;2.0;3.0;48.719188;1.348829;2024-04-26 21:25:00
202400004510.0;1;2A;2A004;2;1;1.0;2.0;41.94653;8.76483;2024-08-10 12:15:00
202400004511.0;1;95;95585;2;1;1.0;2.0;48.98474761;2.39917821;2024-08-10 18:38:00
202400004512.0;1;25;25056;2;3;1.0;1.0;47.25986;6.0466;2024-04-27 08:45:00
202400004513.0;1;22;22360;2;6;1.0;7.0;48.49314;-2.76093;2024-04-27 09:40:00
202400004514.0;1;91;91201;2;4;1.0;3.0;48.68622;2.41812;2024-08-10 19:45:00
202400004515.0;1;21;21617;2;1;1.0;6.0;47.33912;4.99729;2024-04-26 19:11:00
202400004516.0;1;91;91432;1;1;1.0;2.0;48.69407179;2.3197782;2024-08-06 08:10:00
202400004517.0;1;19;19031;2;1;1.0;3.0;45.15988863;1.54564369;2024-04-26 18:49:00
202400004518.0;1;83;83123;1;1;1.0;6.0;43.14231657;5.77822065;2024-08-06 06:55:00
202400004519.0;1;19;19031;2;3;2.0;3.0;45.15708656;1.50624365;2024-04-26 17:22:00
202400004520.0;1;80;80021;2;1;1.0;2.0;49.88832;2.28972;2024-08-10 19:10:00
202400004521.0;1;14;14118;2;2;8.0;3.0;49.18393;-0.38639;2024-04-26 17:00:00
202400004522.0;1;80;80021;2;1;1.0;3.0;49.8912;2.3067;2024-08-10 17:25:00
202400004523.0;1;13;13103;1;1;2.0;3.0;43.63562022;5.12702385;2024-04-26 12:30:00
202400004524.0;1;11;11069;2;2;2.0;3.0;43.208;2.33684;2024-04-27 19:40:00
202400004525.0;2;79;79259;1;3;5.0;3.0;46.944544;-0.234;2024-08-10 06:20:00
202400004526.0;5;6;6088;2;2;8.0;3.0;43.69497;7.26638;2024-04-27 02:17:00
202400004527.0;1;77;77475;2;1;1.0;6.0;48.95824;2.96264;2024-08-10 12:20:00
202400004528.0;2;75;75118;2;1;1.0;2.0;48.900701;2.334452;2024-04-26 19:30:00
202400004529.0;1;77;77058;2;1;1.0;3.0;48.83971;2.72705;2024-08-10 10:10:00