Num_Acc;lum;departement;commune;agglomeration;intersection;meteo;type_collision;lat;long;date
202400004530.0;1;75;75120;2;1;1.0;4.0;48.87611;2.4096;2024-04-26 19:45:00
202400004531.0;1;75;75112;2;1;1.0;3.0;48.833671;2.408099;2024-04-26 19:05:00
202400004532.0;1;76;76561;2;3;1.0;2.0;49.29844;1.03006;2024-08-09 17:00:00
202400004533.0;1;75;75105;2;2;2.0;6.0;48.839669;2.336663;2024-04-27 14:45:00
202400004534.0;1;72;72181;2;2;1.0;1.0;47.9822;0.2258;2024-08-10 15:00:00
202400004535.0;1;75;75119;2;2;3.0;7.0;48.877257;2.406794;2024-04-27 15:00:00
202400004536.0;1;71;71076;2;1;1.0;6.0;46.7842;4.85447;2024-07-12 15:26:00
202400004537.0;1;75;75119;2;1;1.0;6.0;48.875158;2.384248;2024-04-27 11:15:00
202400004538.0;1;75;75118;2;3;1.0;3.0;48.895875;2.328457;2024-04-26 15:45:00
202400004539.0;5;69;69259;2;2;1.0;3.0;45.69526;4.88022;2024-08-11 00:15:00
202400004540.0;1;75;75115;2;5;2.0;2.0;48.846778;2.2855633;2024-04-27 19:05:00
202400004541.0;5;75;75111;2;7;2.0;6.0;48.853484;2.36961;2024-04-27 02:45:00
202400004542.0;1;69;69259;2;3;1.0;6.0;45.69892;4.89997;2024-08-10 15:40:00
202400004543.0;5;75;75111;2;3;2.0;6.0;48.852999;2.393039;2024-04-27 00:50:00
202400004544.0;1;67;67447;2;3;7.0;3.0;48.60384;7.75601;2024-08-10 09:55:00
202400004545.0;1;75;75101;2;2;2.0;6.0;48.864197;2.347607;2024-04-27 14:55:00
202400004546.0;1;65;65286;2;3;1.0;3.0;43.10815;-0.0679;2024-08-10 13:25:00
202400004547.0;5;94;94081;2;2;2.0;3.0;48.77812;2.3965;2024-04-26 23:45:00
202400004548.0;5;94;94059;2;1;2.0;6.0;48.80603173;2.57155645;2024-04-27 02:50:00
202400004549.0;1;64;64483;2;6;1.0;3.0;43.39717;-1.64472;2024-08-10 11:25:00
202400004550.0;1;94;94060;1;1;2.0;6.0;48.77143;2.58578;2024-04-27 16:00:00
202400004551.0;1;94;94071;2;3;1.0;3.0;48.76275127;2.51944113;2024-04-27 11:10:00
202400004552.0;1;63;63014;2;1;1.0;2.0;45.74482;3.10844;2024-08-10 12:15:00
202400004553.0;1;93;93051;2;2;2.0;2.0;48.84305;2.54541;2024-04-27 15:30:00
202400004554.0;1;93;93050;2;1;1.0;2.0;48.86233;2.52999;2024-04-27 11:20:00
202400004555.0;1;63;63113;2;2;1.0;6.0;45.78319;3.08427;2024-08-10 10:00:00
202400004556.0;1;93;93050;2;1;1.0;6.0;48.8676;2.53282;2024-04-27 07:20:00
202400004557.0;1;62;62270;1;9;1.0;3.0;50.47455;2.5182;2024-08-10 20:35:00
202400004558.0;5;93;93032;2;3;1.0;6.0;48.88342;2.52896;2024-04-26 21:00:00
202400004559.0;1;59;59163;2;1;1.0;6.0;50.67928;3.15441;2024-08-10 20:45:00
202400004560.0;1;56;56121;2;1;1.0;6.0;47.75223;-3.37858;2024-08-10 12:57:00
202400004561.0;1;92;92073;2;1;2.0;5.0;48.86681;2.22099;2024-04-27 20:00:00
202400004562.0;5;54;54521;2;4;1.0;6.0;49.474978;5.906896;2024-08-10 03:10:00
202400004563.0;1;92;92050;2;1;2.0;4.0;48.9108;2.21578;2024-04-27 16:35:00
202400004564.0;1;50;50218;2;1;1.0;2.0;48.8357;-1.58006;2024-08-10 17:08:00
202400004565.0;5;92;92024;2;6;3.0;3.0;48.90343278;2.28968722;2024-04-27 21:45:00
202400004566.0;1;49;49007;2;2;1.0;4.0;47.47043;-0.54759;2024-08-10 14:50:00
202400004567.0;5;92;92071;2;1;3.0;7.0;48.77896407;2.29094803;2024-04-27 21:40:00
202400004568.0;1;49;49007;2;2;1.0;2.0;47.45711;-0.55406;2024-08-10 12:30:00
202400004569.0;1;45;45302;2;1;1.0;3.0;47.96299;1.88872;2024-08-10 10:37:00
202400004570.0;3;43;43089;2;1;1.0;7.0;45.05087871;3.84599521;2024-08-06 22:20:00
202400004571.0;1;43;43041;2;1;1.0;3.0;45.0481;3.91663;2024-08-10 10:55:00
202400004572.0;1;41;41269;2;1;1.0;7.0;47.79978;1.03266;2024-08-10 18:45:00
202400004573.0;1;92;92004;2;2;2.0;3.0;48.92948109;2.28188869;2024-04-27 19:15:00
202400004574.0;1;37;37261;2;1;1.0;7.0;47.43346;0.69906;2024-08-05 21:05:00
202400004575.0;3;43;43110;1;1;3.0;6.0;45.30560627;3.40969621;2024-04-28 01:00:00
202400004576.0;5;34;34301;2;1;1.0;2.0;43.40728;3.66702;2024-03-09 00:25:00
202400004577.0;1;33;33069;2;1;1.0;6.0;44.87022;-0.61234;2024-08-10 18:40:00
202400004578.0;1;30;30243;1;3;1.0;3.0;44.09596;4.08;2024-08-09 16:50:00
202400004579.0;2;95;95487;2;6;2.0;4.0;49.15748954;2.26403154;2024-04-27 20:30:00
202400004580.0;4;29;29019;2;3;1.0;3.0;48.393921;-4.43443;2024-08-10 22:45:00
202400004581.0;3;36;36228;2;1;8.0;6.0;47.1551217;1.56865782;2024-04-27 23:20:00
202400004582.0;1;26;26198;2;6;1.0;3.0;44.54175156;4.75268126;2024-08-10 13:50:00
202400004583.0;5;974;97422;2;1;1.0;1.0;-21.283403;55.523802;2024-04-27 04:45:00
202400004584.0;1;22;22113;2;1;1.0;2.0;48.75869;-3.47038;2024-08-10 11:45:00
202400004585.0;1;17;17306;2;9;1.0;6.0;45.62351;-1.01931;2024-08-10 08:08:00
202400004586.0;1;15;15014;2;6;1.0;3.0;44.92227;2.42778;2024-08-10 12:15:00
202400004587.0;1;22;22354;1;1;1.0;7.0;48.571496;-3.263841;2024-04-27 17:10:00
202400004588.0;1;13;13005;2;1;1.0;2.0;43.31709754;5.58650259;2024-08-10 11:00:00
202400004589.0;1;13;13004;1;1;1.0;4.0;43.64903;4.68213;2024-08-09 10:30:00
202400004590.0;1;13;13001;2;5;1.0;3.0;43.5284;5.42809;2024-08-10 07:50:00
202400004591.0;1;10;10387;2;3;1.0;6.0;48.28591;4.08277;2024-08-10 11:55:00
202400004592.0;1;6;6088;2;2;1.0;6.0;43.70641;7.26856;2024-08-10 13:47:00
202400004593.0;1;6;6104;1;1;1.0;3.0;43.76026;7.45239;2024-08-10 07:50:00
202400004594.0;5;6;6030;2;6;1.0;3.0;43.56764;7.01643;2024-08-10 05:25:00
202400004595.0;1;1;1053;2;2;1.0;3.0;46.22275;5.251;2024-08-09 16:50:00
202400004596.0;2;75;75115;2;1;1.0;2.0;48.832469;2.280644;2024-08-10 20:00:00
202400004597.0;1;75;75119;2;1;1.0;6.0;48.884402;2.365952;2024-08-10 16:05:00
202400004598.0;1;75;75116;2;3;1.0;3.0;48.859684;2.282097;2024-08-10 12:50:00
202400004599.0;1;75;75104;2;3;1.0;3.0;48.851523;2.363707;2024-08-10 17:15:00
202400004600.0;1;75;75110;2;2;1.0;6.0;48.88160017;2.36574322;2024-08-10 15:07:00
202400004601.0;1;75;75109;2;2;1.0;3.0;48.874144;2.337308;2024-08-10 15:12:00
202400004602.0;1;94;94081;2;3;1.0;3.0;48.79378;2.41353;2024-08-10 18:40:00
202400004603.0;1;94;94041;2;3;1.0;6.0;48.8158;2.36837;2024-08-10 16:30:00
202400004604.0;5;93;93066;2;1;1.0;6.0;48.94112903;2.38653422;2024-08-10 01:30:00
202400004605.0;2;93;93055;2;3;1.0;6.0;48.89655219;2.40082784;2024-08-10 05:37:00
202400004606.0;5;93;93048;2;2;1.0;3.0;48.87295034;2.45354221;2024-08-10 22:20:00
202400004607.0;1;93;93031;2;1;1.0;6.0;48.94941;2.33096;2024-08-10 08:20:00
202400004608.0;5;93;93027;2;3;1.0;4.0;48.92305;2.41314;2024-08-10 22:15:00
202400004609.0;1;93;93008;2;6;1.0;3.0;48.91307891;2.43654915;2024-08-10 15:50:00
202400004610.0;1;92;92064;2;1;3.0;3.0;48.85501448;2.21550548;2024-08-17 14:20:00
202400004611.0;1;60;60159;1;1;1.0;6.0;49.39098;2.78813;2024-12-28 11:45:00
202400004612.0;3;60;60352;1;6;8.0;7.0;49.236823;1.808882;2024-12-12 21:15:00
202400004613.0;1;92;92063;1;6;1.0;3.0;48.8831;2.18026;2024-08-10 10:40:00
202400004614.0;1;92;92050;2;3;1.0;3.0;48.91008681;2.21508253;2024-08-10 16:00:00
202400004615.0;1;27;27681;2;2;1.0;3.0;49.089;1.4755;2024-08-27 11:10:00
202400004616.0;3;27;27165;2;1;1.0;1.0;48.950225;0.946841;2024-08-20 23:40:00
202400004617.0;1;92;92040;2;2;1.0;3.0;48.82523571;2.26774818;2024-08-10 08:40:00
202400004618.0;1;27;27518;1;1;1.0;6.0;49.457999;0.517548;2024-07-19 16:34:00
202400004619.0;5;92;92060;2;9;1.0;3.0;48.78023593;2.25799727;2024-08-10 00:30:00
202400004620.0;5;38;38053;2;3;2.0;3.0;45.58669;5.2744;2024-11-21 19:30:00
202400004621.0;2;24;24135;1;1;1.0;1.0;45.238548;0.788875;2024-08-11 05:15:00
202400004622.0;3;38;38053;1;1;3.0;7.0;45.62228;5.28111;2024-12-02 20:56:00
202400004623.0;1;63;63302;2;1;1.0;7.0;45.71410048;3.13800216;2024-08-10 18:30:00
202400004624.0;1;24;24442;1;1;1.0;1.0;45.10328949;0.49125295;2024-08-11 10:00:00
202400004625.0;1;34;34301;2;6;1.0;3.0;43.40915;3.70505;2024-11-17 09:30:00
202400004626.0;1;28;28177;1;1;1.0;6.0;48.438241;1.524466;2024-08-11 12:25:00
202400004627.0;5;93;93066;2;2;1.0;1.0;48.93854;2.35081;2024-12-30 19:02:00
202400004628.0;2;94;94068;2;3;2.0;6.0;48.798832;2.473508;2024-02-08 08:10:00
202400004629.0;1;974;97412;2;1;1.0;2.0;-21.381475;55.648654;2024-08-11 13:00:00
202400004630.0;1;93;93066;2;1;1.0;6.0;48.94806925;2.35177696;2024-12-27 13:55:00
202400004631.0;1;94;94042;2;5;2.0;3.0;48.82018;2.46734;2024-02-09 08:15:00
202400004632.0;5;93;93066;2;3;2.0;3.0;48.92505672;2.36771944;2024-12-22 22:20:00
202400004633.0;2;63;63143;1;3;7.0;3.0;46.045439;3.259458;2024-08-10 20:06:00
202400004634.0;1;94;94003;2;3;2.0;1.0;48.79890144;2.3410323;2024-02-08 14:30:00
202400004635.0;3;46;46148;1;1;1.0;6.0;44.33734;1.574199;2024-08-11 05:25:00
202400004636.0;5;93;93066;2;2;2.0;3.0;48.92955449;2.34100615;2024-12-19 06:45:00
202400004637.0;1;26;26247;1;1;1.0;6.0;45.16319607;4.82640622;2024-08-11 11:55:00
202400004638.0;5;94;94021;2;2;1.0;5.0;48.76069;2.36455;2024-02-09 19:20:00
202400004639.0;1;93;93066;2;3;1.0;2.0;48.93024731;2.35049907;2024-11-28 11:30:00
202400004640.0;1;79;79057;2;3;1.0;7.0;46.154456;-0.230269;2024-08-11 16:15:00
202400004641.0;5;94;94016;2;3;1.0;6.0;48.788471;2.332639;2024-02-09 18:45:00
202400004642.0;5;93;93066;2;1;4.0;2.0;48.92872;2.35675;2024-11-21 23:25:00
202400004643.0;1;2A;2A269;1;9;1.0;5.0;41.826595;9.404498;2024-08-07 09:45:00
202400004644.0;5;94;94077;2;2;1.0;3.0;48.737423;2.419237;2024-02-09 05:00:00
202400004645.0;1;93;93066;2;3;2.0;3.0;48.94075323;2.35660672;2024-11-19 13:20:00
202400004646.0;5;94;94017;2;6;1.0;6.0;48.81143;2.536521;2024-02-09 20:42:00
202400004647.0;1;44;44154;2;1;3.0;3.0;47.242976;-2.157644;2024-09-25 13:24:00
202400004648.0;2;94;94017;2;6;8.0;6.0;48.80595;2.53377;2024-02-09 08:00:00
202400004649.0;1;69;69066;1;3;1.0;2.0;46.082775;4.31153;2024-08-10 09:10:00
202400004650.0;1;44;44054;1;2;1.0;3.0;47.63514055;-1.30209446;2024-10-04 17:25:00
202400004651.0;5;94;94071;2;2;1.0;2.0;48.7809;2.51221;2024-02-08 20:45:00
202400004652.0;1;71;71015;1;1;1.0;6.0;46.953397;4.378374;2024-08-11 10:50:00
202400004653.0;5;25;25056;2;1;2.0;6.0;47.23817;6.00814;2024-12-08 02:45:00
202400004654.0;1;93;93073;2;3;1.0;6.0;48.9565;2.57249;2024-02-09 16:04:00
202400004655.0;2;61;61394;2;1;1.0;6.0;48.278401;0.604439;2024-12-10 16:50:00
202400004656.0;1;71;71009;1;1;1.0;1.0;47.077853;4.100554;2024-08-10 14:00:00
202400004657.0;3;61;61230;1;1;1.0;6.0;48.556727;0.745085;2024-08-10 02:30:00
202400004658.0;4;93;93059;2;1;1.0;2.0;48.95349;2.35587;2024-02-09 20:00:00
202400004659.0;5;74;74010;2;3;5.0;3.0;45.89642;6.11168;2024-12-28 23:34:00
202400004660.0;1;55;55527;1;1;1.0;7.0;49.21117673;5.01168126;2024-08-11 16:45:00
202400004661.0;1;93;93071;2;3;2.0;1.0;48.946792;2.523912;2024-02-09 15:40:00
202400004662.0;5;24;24557;1;1;2.0;4.0;45.18906978;0.75374946;2024-12-05 18:50:00
202400004663.0;1;93;93066;2;2;2.0;3.0;48.939579;2.368991;2024-02-09 10:00:00
202400004664.0;4;82;82186;2;6;2.0;2.0;44.112614;0.882812;2024-08-07 06:00:00
202400004665.0;1;49;49069;1;2;1.0;3.0;47.280001;-1.206758;2024-07-08 10:30:00
202400004666.0;1;32;32312;1;1;2.0;6.0;43.616765;0.675745;2024-12-19 12:55:00
202400004667.0;1;93;93066;2;9;2.0;3.0;48.93912762;2.37981797;2024-02-08 16:50:00
202400004668.0;1;12;12238;1;1;1.0;6.0;44.214156;3.011702;2024-08-11 12:10:00
202400004669.0;1;32;32312;1;1;2.0;6.0;43.61908898;0.67109257;2024-12-09 16:50:00
202400004670.0;1;93;93053;2;3;1.0;3.0;48.8945;2.4436;2024-02-09 14:00:00
202400004671.0;1;91;91312;2;8;1.0;6.0;48.73712;2.23155;2024-10-27 14:30:00
202400004672.0;4;47;47210;1;8;1.0;3.0;44.26086;0.350522;2024-08-10 05:15:00
202400004673.0;2;22;22135;1;1;1.0;6.0;48.575058;-3.377936;2024-08-10 19:45:00
202400004674.0;1;93;93050;2;2;1.0;6.0;48.857175;2.531158;2024-02-09 14:20:00
202400004675.0;3;84;84095;1;1;1.0;1.0;43.742732;5.343218;2024-12-05 18:15:00
202400004676.0;4;93;93048;2;3;2.0;6.0;48.86379488;2.43126154;2024-02-08 18:00:00
202400004677.0;1;28;28391;1;1;8.0;1.0;48.21884;1.950846;2024-12-09 13:55:00
202400004678.0;1;39;39350;1;3;1.0;3.0;46.990772;5.644643;2024-08-09 11:30:00
202400004679.0;5;28;28280;2;1;2.0;7.0;48.323663;0.815417;2024-12-05 06:00:00
202400004680.0;1;93;93005;2;2;8.0;6.0;48.92919;2.495266;2024-02-09 14:50:00
202400004681.0;3;28;28140;2;9;1.0;6.0;48.613088;1.674273;2024-11-01 03:20:00
202400004682.0;5;25;25527;1;1;1.0;2.0;47.186194;5.8235;2024-08-10 21:45:00
202400004683.0;1;92;92046;2;2;1.0;3.0;48.81825268;2.29226956;2024-02-09 17:20:00
202400004684.0;1;28;28121;1;1;1.0;1.0;48.113964;1.860638;2024-10-17 18:00:00
202400004685.0;1;29;29111;1;1;1.0;2.0;48.57706306;-4.23090582;2024-08-10 18:50:00
202400004686.0;1;92;92046;2;1;1.0;3.0;48.81494479;2.28251266;2024-02-09 14:00:00
202400004687.0;1;13;13001;1;1;1.0;3.0;43.482298;5.385489;2024-11-28 08:45:00
202400004688.0;1;971;97117;1;1;1.0;1.0;16.325138;-61.328398;2024-07-16 15:15:00
202400004689.0;3;92;92077;2;3;2.0;3.0;48.82667262;2.19010279;2024-02-08 20:10:00
202400004690.0;1;92;92064;2;1;1.0;6.0;48.85080645;2.21330217;2024-02-09 14:40:00
202400004691.0;1;31;31487;1;9;7.0;6.0;43.16370581;0.68970601;2024-08-09 10:00:00
202400004692.0;1;24;24053;1;1;1.0;1.0;45.11496;0.77374;2024-10-30 10:30:00
202400004693.0;5;92;92033;2;1;2.0;6.0;48.84549043;2.18715513;2024-02-08 00:50:00
202400004694.0;1;84;84017;1;1;1.0;7.0;44.124317;5.260499;2024-08-09 12:50:00
202400004695.0;1;92;92050;2;1;1.0;3.0;48.89633875;2.21990275;2024-02-09 13:00:00
202400004696.0;5;93;93008;2;2;1.0;6.0;48.906683;2.445608;2024-04-16 22:15:00
202400004697.0;3;26;26376;1;1;1.0;7.0;44.439135;5.28804;2024-08-11 03:00:00
202400004698.0;5;92;92040;2;9;1.0;3.0;48.8301908;2.2653113;2024-02-09 07:05:00
202400004699.0;2;59;59400;2;1;1.0;6.0;50.637546;2.641222;2024-12-11 05:25:00
202400004700.0;1;66;66187;1;1;1.0;1.0;42.80411244;2.43994117;2024-08-10 17:45:00
202400004701.0;5;92;92025;2;3;1.0;3.0;48.91671451;2.23779165;2024-02-09 18:50:00
202400004702.0;5;972;97213;1;6;1.0;2.0;14.65673;-60.97276;2024-05-31 23:30:00
202400004703.0;1;92;92012;2;5;8.0;3.0;48.84122;2.22528;2024-02-09 08:50:00
202400004704.0;1;14;14318;2;3;1.0;6.0;49.326982;-0.470486;2024-08-04 08:20:00
202400004705.0;1;972;97213;1;1;1.0;2.0;14.61841;-61.02457;2024-05-31 08:35:00
202400004706.0;1;92;92002;2;9;1.0;6.0;48.73967804;2.28615296;2024-02-09 13:30:00
202400004707.0;1;90;90104;1;1;1.0;7.0;47.610038;6.914171;2024-08-10 18:37:00
202400004708.0;1;972;97213;1;1;1.0;2.0;14.621;-61.021;2024-05-24 09:00:00
202400004709.0;1;92;92002;2;1;1.0;3.0;48.76326706;2.30901074;2024-02-09 08:12:00
202400004710.0;1;64;64257;1;1;1.0;1.0;43.150507;-0.327637;2024-08-11 10:25:00
202400004711.0;1;24;24164;2;6;2.0;7.0;45.332644;1.048594;2024-02-09 14:00:00
202400004712.0;3;972;97213;1;1;1.0;3.0;14.602622;-60.997637;2024-05-19 21:15:00
202400004713.0;1;7;7023;1;1;1.0;7.0;44.520129;4.34711;2024-08-10 11:20:00
202400004714.0;1;85;85012;2;6;1.0;7.0;46.884872;-2.11799;2024-08-10 18:55:00
202400004715.0;1;972;97213;2;1;1.0;3.0;14.6177;-61.00532;2024-05-07 13:30:00
202400004716.0;1;22;22237;1;6;7.0;3.0;48.526304;-2.251312;2024-02-09 12:40:00
202400004717.0;1;972;97213;1;1;1.0;2.0;14.59652;-60.97785;2024-04-30 10:20:00
202400004718.0;1;85;85223;1;1;1.0;1.0;46.57729;-1.104579;2024-02-10 09:39:00
202400004719.0;1;27;27126;2;3;1.0;3.0;49.328059;0.564165;2024-08-10 14:45:00
202400004720.0;1;37;37117;2;1;1.0;2.0;47.4228093;0.29608566;2024-08-11 09:20:00
202400004721.0;1;972;97213;1;3;8.0;3.0;14.6442;-61.02339;2024-04-29 07:20:00
202400004722.0;3;85;85153;1;1;1.0;1.0;46.74999;-1.101036;2024-02-09 20:15:00
202400004723.0;1;30;30352;1;1;1.0;1.0;43.811955;4.094135;2024-08-09 19:20:00
202400004724.0;3;51;51287;1;1;2.0;2.0;49.082355;3.962352;2024-02-10 00:10:00
202400004725.0;1;972;97213;1;1;1.0;4.0;14.61812;-61.02189;2024-04-25 08:50:00
202400004726.0;1;10;10363;1;9;1.0;6.0;48.2211;4.1284;2024-08-11 13:32:00
202400004727.0;1;78;78031;2;1;1.0;3.0;48.94627;1.695226;2024-02-09 15:10:00
202400004728.0;5;972;97213;1;1;1.0;7.0;14.64121965;-60.99302448;2024-04-24 22:30:00
202400004729.0;2;61;61404;1;1;8.0;6.0;48.56174;0.505607;2024-02-09 17:55:00
202400004730.0;3;13;13069;2;1;1.0;3.0;43.632983;5.150402;2024-08-11 05:03:00
202400004731.0;1;972;97213;1;1;2.0;2.0;14.618;-61.019;2024-04-13 07:40:00
202400004732.0;3;42;42212;1;1;1.0;6.0;45.966932;4.134958;2024-02-09 22:55:00
202400004733.0;1;1;1331;2;1;1.0;6.0;46.106497;5.453652;2024-08-10 16:50:00
202400004734.0;1;972;97213;1;1;1.0;4.0;14.61822;-61.02097;2024-04-12 07:55:00
202400004735.0;1;42;42013;2;1;2.0;5.0;45.646433;4.289807;2024-02-10 09:00:00
202400004736.0;2;38;38048;1;1;7.0;3.0;45.607185;5.110155;2024-08-10 19:45:00
202400004737.0;3;47;47097;1;1;2.0;6.0;44.24461175;0.38370895;2024-02-10 06:00:00
202400004738.0;5;84;84054;2;1;1.0;2.0;43.925335;5.062519;2024-12-29 20:35:00
202400004739.0;5;84;84031;2;1;2.0;6.0;44.0523;5.03726;2024-12-22 23:10:00
202400004740.0;1;35;35248;1;1;1.0;6.0;48.54410854;-1.6087769;2024-02-09 14:45:00
202400004741.0;5;84;84031;2;1;1.0;6.0;44.0827;5.06741;2024-12-22 05:50:00
202400004742.0;1;63;63430;1;1;1.0;2.0;45.86136984;3.50105353;2024-08-11 08:25:00
202400004743.0;1;29;29207;1;4;8.0;3.0;48.54630262;-3.81693042;2024-02-10 08:45:00
202400004744.0;1;84;84026;1;1;1.0;6.0;43.718512;5.377185;2024-12-19 16:05:00
202400004745.0;3;36;36200;1;1;1.0;2.0;46.61255235;1.52657926;2024-08-10 23:30:00
202400004746.0;1;84;84031;2;1;1.0;3.0;44.06731;5.07117;2024-12-16 09:50:00
202400004747.0;1;29;29037;1;3;1.0;2.0;47.87871391;-4.1383801;2024-02-09 15:50:00
202400004748.0;3;58;58207;1;1;1.0;6.0;47.095107;3.185799;2024-02-10 03:40:00
202400004749.0;1;11;11379;1;1;1.0;2.0;43.027114;2.952361;2024-08-10 14:10:00
202400004750.0;5;49;49007;2;2;1.0;3.0;47.47799;-0.592;2024-12-16 21:07:00
202400004751.0;1;58;58021;2;1;2.0;6.0;46.784829;3.229256;2024-02-10 14:40:00
202400004752.0;1;987;98733;2;1;1.0;6.0;-17.731509;-149.579646;2024-08-10 09:30:00
202400004753.0;3;80;80109;1;1;5.0;1.0;50.262187;1.974385;2024-11-07 07:30:00
202400004754.0;1;66;66053;2;6;1.0;7.0;42.529413;3.076998;2024-02-04 17:00:00
202400004755.0;1;91;91593;1;1;1.0;6.0;48.540545;2.077146;2024-08-11 12:14:00
202400004756.0;5;93;93008;2;3;1.0;1.0;48.91193;2.43491;2024-06-22 23:17:00
202400004757.0;1;2B;2B093;1;1;1.0;6.0;42.610851;8.89126;2024-08-11 07:20:00
202400004758.0;1;85;85194;2;9;1.0;6.0;46.5167;-1.7835;2024-11-08 08:30:00
202400004759.0;2;16;16253;1;1;1.0;1.0;46.040956;0.035008;2024-02-09 17:30:00
202400004760.0;1;71;71176;2;1;1.0;2.0;46.48418;3.98732;2024-08-11 12:55:00
202400004761.0;5;93;93014;2;1;1.0;6.0;48.90616;2.55112;2024-03-07 21:30:00
202400004762.0;1;7;7230;1;3;1.0;3.0;44.68623;4.466929;2024-02-03 10:50:00
202400004763.0;1;88;88273;1;1;1.0;1.0;48.217676;6.50569;2024-08-11 12:35:00
202400004764.0;5;3;3310;2;2;1.0;3.0;46.126073;3.43666;2024-12-15 21:14:00
202400004765.0;1;34;34153;1;1;1.0;7.0;43.728569;3.800561;2024-02-06 08:00:00
202400004766.0;1;63;63150;2;1;1.0;7.0;45.89836;3.049403;2024-08-11 10:00:00
202400004767.0;1;3;3023;2;2;1.0;3.0;46.11637;3.409499;2024-11-23 10:00:00
202400004768.0;1;63;63284;2;2;1.0;2.0;45.79822384;3.24042467;2024-08-09 18:00:00
202400004769.0;3;21;21042;1;1;1.0;6.0;47.030585;5.090122;2024-02-09 20:50:00
202400004770.0;1;3;3095;2;1;1.0;3.0;46.13456;3.44349;2024-11-12 11:00:00
202400004771.0;1;73;73006;2;6;1.0;3.0;45.555046;6.644019;2024-08-10 16:55:00
202400004772.0;3;3;3023;2;1;1.0;3.0;46.124728;3.401958;2024-10-20 20:40:00
202400004773.0;1;3;3310;2;1;2.0;6.0;46.12354;3.42128;2024-09-27 18:25:00
202400004774.0;3;77;77071;1;1;1.0;5.0;48.19606;2.809174;2024-02-09 21:30:00
202400004775.0;1;7;7042;2;1;1.0;7.0;44.368889;4.643442;2024-08-11 16:33:00
202400004776.0;1;75;75105;2;3;1.0;6.0;48.837632;2.354382;2024-10-24 12:00:00
202400004777.0;1;1;1027;2;6;1.0;2.0;45.842008;5.111958;2024-08-09 10:59:00
202400004778.0;2;77;77238;1;1;2.0;3.0;48.868723;3.091729;2024-02-07 16:50:00
202400004779.0;1;3;3095;2;1;7.0;3.0;46.135368;3.434703;2024-04-05 17:30:00
202400004780.0;1;69;69160;1;1;1.0;6.0;46.136579;4.490833;2024-08-08 19:02:00
202400004781.0;1;83;83065;1;1;3.0;6.0;43.226525;6.57216;2024-02-10 07:50:00
202400004782.0;2;13;13018;1;6;2.0;7.0;43.860215;4.962902;2024-02-09 06:30:00
202400004783.0;1;3;3095;2;6;1.0;2.0;46.137542;3.447832;2024-03-25 12:40:00
202400004784.0;1;17;17058;2;2;1.0;3.0;45.83315;-1.126882;2024-08-10 12:10:00
202400004785.0;5;28;28404;2;9;1.0;6.0;48.73109;1.33974;2024-12-28 18:15:00
202400004786.0;2;1;1249;2;2;3.0;1.0;45.826743;4.968127;2024-02-09 17:35:00
202400004787.0;1;69;69171;1;1;2.0;6.0;45.80710494;4.60290536;2024-02-10 16:45:00
202400004788.0;3;28;28404;2;1;2.0;6.0;48.72847;1.32186;2024-12-24 07:25:00
202400004789.0;5;33;33300;1;2;1.0;5.0;45.248714;-1.002795;2024-08-10 21:40:00
202400004790.0;1;85;85088;2;6;1.0;3.0;46.708695;-1.91772;2024-02-10 11:10:00
202400004791.0;5;28;28134;2;9;2.0;6.0;48.73233;1.35921;2024-12-19 19:00:00
202400004792.0;1;33;33439;2;6;1.0;6.0;45.116071;-0.400701;2024-08-10 07:20:00
202400004793.0;1;29;29179;1;6;8.0;6.0;48.56162;-4.321484;2024-02-10 09:45:00
202400004794.0;1;28;28134;2;1;1.0;6.0;48.72471;1.36895;2024-12-15 11:25:00
202400004795.0;3;29;29180;1;1;2.0;6.0;48.42694;-4.11741226;2024-02-09 21:30:00
202400004796.0;3;60;60176;1;1;9.0;6.0;49.23375946;2.92538881;2024-11-22 20:22:00
202400004797.0;1;80;80784;1;1;8.0;1.0;49.932258;2.551613;2024-02-10 10:00:00
202400004798.0;2;84;84089;2;1;1.0;6.0;43.684594;5.504826;2024-12-17 07:25:00
202400004799.0;3;59;59430;1;1;2.0;1.0;50.13973331;3.52137079;2024-02-09 23:30:00
202400004800.0;1;13;13001;1;1;1.0;2.0;43.49249;5.41253;2024-02-08 07:45:00
202400004801.0;3;32;32013;1;1;5.0;5.0;43.65683998;0.59712946;2024-12-27 19:59:00
202400004802.0;5;83;83069;1;1;2.0;2.0;43.11621422;6.11089349;2024-02-09 05:45:00
202400004803.0;2;13;13118;1;1;1.0;7.0;43.553462;5.237067;2024-11-30 17:25:00
202400004804.0;1;83;83137;1;1;1.0;3.0;43.12460846;5.9037878;2024-02-08 08:14:00
202400004805.0;1;41;41161;2;8;1.0;1.0;47.534718;2.032964;2024-11-08 14:40:00
202400004806.0;1;59;59271;1;1;3.0;6.0;51.00768;2.32408;2024-02-08 10:50:00
202400004807.0;1;91;91086;1;1;1.0;3.0;48.624158;2.380509;2024-02-09 10:20:00
202400004808.0;3;88;88475;1;1;4.0;1.0;48.10405;5.721645;2024-11-23 06:27:00
202400004809.0;3;88;88101;1;1;1.0;1.0;48.148801;6.578118;2024-11-24 02:30:00
202400004810.0;5;94;94043;1;1;2.0;3.0;48.80756706;2.34698475;2024-02-09 00:25:00
202400004811.0;1;88;88440;1;1;4.0;6.0;48.267698;5.862064;2024-12-22 14:30:00
202400004812.0;5;94;94037;1;1;2.0;6.0;48.81566207;2.33656078;2024-02-09 00:57:00