Num_Acc;lum;departement;commune;agglomeration;intersection;meteo;type_collision;lat;long;date
202400004813.0;1;88;88486;2;3;7.0;1.0;48.005939;6.717732;2024-12-27 10:40:00
202400004814.0;3;78;78043;1;1;1.0;3.0;48.84975;2.070353;2024-02-09 19:10:00
202400004815.0;1;88;88181;2;1;1.0;1.0;48.183252;7.00903;2024-12-21 10:18:00
202400004816.0;1;78;78007;1;1;1.0;4.0;48.895385;2.007125;2024-02-09 17:05:00
202400004817.0;3;88;88101;1;1;3.0;1.0;48.143948;6.604875;2024-12-21 18:45:00
202400004818.0;1;92;92051;1;1;1.0;6.0;48.88483447;2.26044686;2024-02-09 11:20:00
202400004819.0;3;78;78140;1;1;1.0;6.0;48.9611;1.930122;2024-02-09 05:50:00
202400004820.0;1;88;88047;1;1;2.0;5.0;48.205828;6.169553;2024-12-21 15:53:00
202400004821.0;5;92;92063;1;1;2.0;3.0;48.89000239;2.17016741;2024-02-08 22:10:00
202400004822.0;3;88;88372;2;1;1.0;2.0;48.393739;6.815767;2024-12-20 18:55:00
202400004823.0;1;92;92064;1;1;2.0;5.0;48.83737301;2.1886429;2024-02-08 08:20:00
202400004824.0;1;88;88321;2;3;8.0;2.0;48.353747;5.696293;2024-12-17 09:04:00
202400004825.0;2;92;92025;1;1;2.0;2.0;48.92210032;2.22649712;2024-02-08 07:30:00
202400004826.0;2;88;88161;2;1;8.0;1.0;48.129499;6.176301;2024-12-16 16:35:00
202400004827.0;4;88;88415;2;6;1.0;1.0;48.02136;6.61003;2024-12-15 19:55:00
202400004828.0;4;92;92023;1;1;2.0;2.0;48.77706717;2.22483516;2024-02-07 20:50:00
202400004829.0;1;88;88268;1;1;2.0;1.0;48.285972;7.068864;2024-12-07 09:20:00
202400004830.0;3;84;84106;2;3;1.0;3.0;44.230648;4.880676;2024-11-14 18:00:00
202400004831.0;1;84;84137;2;1;1.0;6.0;44.250975;5.061029;2024-12-30 11:50:00
202400004832.0;1;95;95241;1;1;2.0;2.0;49.0457462;2.4509345;2024-02-08 12:30:00
202400004833.0;1;84;84019;2;1;1.0;6.0;44.279824;4.745933;2024-12-03 12:45:00
202400004834.0;4;74;74105;2;1;5.0;3.0;46.29836;6.30877;2024-12-28 18:30:00
202400004835.0;3;74;74002;1;1;1.0;1.0;45.819745;6.008137;2024-10-28 05:41:00
202400004836.0;3;95;95572;1;1;2.0;5.0;49.03172857;2.1168561;2024-02-07 20:00:00
202400004837.0;1;74;74099;2;2;1.0;1.0;45.868908;6.62843;2024-08-31 14:56:00
202400004838.0;2;93;93051;1;1;1.0;5.0;48.83558148;2.56793626;2024-02-09 07:00:00
202400004839.0;3;77;77468;1;1;3.0;6.0;48.849903;2.661418;2024-02-09 00:30:00
202400004840.0;4;93;93005;2;1;2.0;2.0;48.9588095;2.48577911;2024-02-26 21:55:00
202400004841.0;1;974;97416;2;1;1.0;2.0;-21.29955;55.49075;2024-02-08 07:35:00
202400004842.0;3;91;91179;1;1;3.0;3.0;48.571682;2.46887;2024-11-18 23:50:00
202400004843.0;3;44;44020;2;1;1.0;6.0;47.1814122;-1.61159635;2024-12-27 20:40:00
202400004844.0;2;974;97411;2;1;1.0;3.0;-20.90147;55.50059;2024-02-07 16:00:00
202400004845.0;1;84;84065;1;1;1.0;7.0;43.741088;5.299391;2024-12-28 17:15:00
202400004846.0;1;974;97411;2;9;1.0;6.0;-20.88559;55.4541;2024-02-06 18:05:00
202400004847.0;1;84;84101;1;1;1.0;7.0;43.973214;5.09594;2024-12-26 12:25:00
202400004848.0;1;973;97302;2;3;1.0;3.0;4.93483;-52.30848;2024-02-08 11:30:00
202400004849.0;5;84;84003;2;2;2.0;6.0;43.880507;5.384674;2024-12-13 20:30:00
202400004850.0;2;973;97302;2;1;1.0;6.0;4.92903;-52.29692;2024-02-07 06:00:00
202400004851.0;5;44;44109;2;1;1.0;6.0;47.20707127;-1.57359362;2024-12-25 01:00:00
202400004852.0;2;2B;2B033;2;1;1.0;1.0;42.68065;9.44683;2024-02-08 07:00:00
202400004853.0;1;44;44109;2;1;1.0;6.0;47.25962074;-1.55864686;2024-12-18 08:20:00
202400004854.0;3;44;44190;1;1;1.0;6.0;47.2113114;-1.48474935;2024-11-29 03:50:00
202400004855.0;4;91;91552;1;1;2.0;6.0;48.60416;2.24865;2024-02-07 21:00:00
202400004856.0;3;44;44162;2;1;1.0;6.0;47.225085;-1.620766;2024-11-25 00:10:00
202400004857.0;5;91;91027;2;1;2.0;2.0;48.70594;2.4;2024-02-08 06:20:00
202400004858.0;2;91;91228;2;3;2.0;3.0;48.621878;2.42521;2024-02-07 07:55:00
202400004859.0;3;24;24037;1;1;1.0;5.0;44.89205957;0.45681953;2024-11-30 18:08:00
202400004860.0;1;91;91659;1;1;3.0;3.0;48.577071;2.464155;2024-11-19 14:30:00
202400004861.0;1;84;84007;2;2;1.0;5.0;43.93384;4.83156;2024-02-07 11:50:00
202400004862.0;1;91;91521;1;1;2.0;3.0;48.6337;2.40079;2024-11-19 15:15:00
202400004863.0;5;83;83069;2;6;1.0;1.0;43.11196;6.11637;2024-02-08 04:40:00
202400004864.0;3;91;91617;1;1;2.0;6.0;48.63804517;2.53555536;2024-11-19 06:10:00
202400004865.0;1;80;80674;2;9;2.0;3.0;49.91158;2.33517;2024-02-07 09:50:00
202400004866.0;3;91;91235;1;1;2.0;3.0;48.62542994;2.35934615;2024-11-18 20:25:00
202400004867.0;3;91;91064;1;1;1.0;2.0;48.7468;2.21952;2024-11-17 19:00:00
202400004868.0;1;91;91377;1;1;1.0;2.0;48.727497;2.303805;2024-10-18 09:00:00
202400004869.0;1;77;77243;1;1;1.0;6.0;48.87051;2.71472;2024-02-08 13:20:00
202400004870.0;1;69;69387;2;1;1.0;6.0;45.78027;4.86378;2024-12-18 08:55:00
202400004871.0;1;34;34032;2;1;1.0;6.0;43.336802;3.217523;2024-09-26 11:30:00
202400004872.0;1;76;76351;2;3;2.0;4.0;49.52257;0.08851;2024-02-08 08:45:00
202400004873.0;5;84;84003;2;1;1.0;3.0;43.878469;5.386605;2024-11-17 17:40:00
202400004874.0;1;84;84003;2;1;2.0;7.0;43.876057;5.387577;2024-10-14 16:20:00
202400004875.0;1;76;76351;2;2;2.0;3.0;49.51839;0.11846;2024-02-07 12:45:00
202400004876.0;1;84;84118;1;1;1.0;7.0;43.991827;5.389051;2024-08-31 17:15:00
202400004877.0;5;74;74218;2;1;2.0;1.0;46.38287;6.51197;2024-02-08 07:29:00
202400004878.0;1;91;91468;1;1;1.0;2.0;48.57331697;2.46729963;2024-11-30 10:45:00
202400004879.0;1;73;73008;2;6;1.0;7.0;45.69428703;5.90861499;2024-02-08 08:55:00
202400004880.0;3;91;91174;1;1;1.0;6.0;48.6241;2.4689;2024-11-28 21:49:00
202400004881.0;5;71;71059;2;1;2.0;3.0;46.81376;4.4817;2024-02-07 19:10:00
202400004882.0;3;91;91689;1;1;1.0;3.0;48.7379;2.31772;2024-10-29 18:30:00
202400004883.0;2;44;44143;2;1;1.0;3.0;47.1776624;-1.5469629;2024-11-22 09:00:00
202400004884.0;5;69;69266;2;2;1.0;2.0;45.77106;4.88756;2024-02-08 06:20:00
202400004885.0;5;44;44114;2;1;1.0;3.0;47.25485142;-1.62908193;2024-11-13 07:20:00
202400004886.0;1;69;69264;2;1;1.0;6.0;45.99274;4.71887;2024-02-08 14:00:00
202400004887.0;2;44;44114;2;1;1.0;6.0;47.28280016;-1.61768629;2024-10-23 09:10:00
202400004888.0;3;91;91689;1;1;2.0;7.0;48.74768;2.32706;2024-11-25 07:25:00
202400004889.0;1;69;69092;2;3;2.0;3.0;45.99275;4.70494;2024-02-08 09:10:00
202400004890.0;1;44;44114;2;6;1.0;7.0;47.24841592;-1.60960352;2024-10-06 09:50:00
202400004891.0;1;69;69290;2;1;1.0;3.0;45.7083;4.98347;2024-02-08 16:50:00
202400004892.0;5;44;44109;2;3;1.0;6.0;47.21556475;-1.57491686;2024-09-01 22:40:00
202400004893.0;5;67;67043;2;1;1.0;6.0;48.61407;7.75204;2024-02-07 22:00:00
202400004894.0;1;44;44109;2;6;1.0;7.0;47.25959942;-1.51108819;2024-08-23 08:05:00
202400004895.0;1;67;67218;2;8;2.0;6.0;48.52939;7.73272;2024-02-07 09:00:00
202400004896.0;1;44;44109;2;1;1.0;3.0;47.21725237;-1.54426077;2024-08-07 11:10:00
202400004897.0;5;44;44109;2;1;1.0;6.0;47.2573974;-1.56627778;2024-08-04 00:05:00
202400004898.0;1;66;66136;2;1;1.0;2.0;42.69158103;2.87216842;2024-02-07 17:20:00
202400004899.0;1;44;44109;2;6;1.0;3.0;47.2665294;-1.51371562;2024-08-02 09:05:00
202400004900.0;5;44;44109;2;1;1.0;7.0;47.208314;-1.56911934;2024-07-27 22:20:00
202400004901.0;5;63;63113;2;5;1.0;1.0;45.77299;3.1209;2024-02-08 19:22:00
202400004902.0;5;61;61001;2;1;2.0;6.0;48.43909;0.08314;2024-02-08 07:50:00
202400004903.0;1;44;44114;2;1;1.0;3.0;47.2418828;-1.59460494;2024-07-02 18:05:00
202400004904.0;5;61;61001;2;6;2.0;3.0;48.43432;0.09356;2024-02-08 07:40:00
202400004905.0;1;74;74312;1;1;8.0;6.0;46.065043;6.50749;2024-12-27 14:15:00
202400004906.0;1;74;74168;1;1;1.0;1.0;46.010361;5.996808;2024-12-14 16:35:00
202400004907.0;1;59;59599;2;2;2.0;3.0;50.71172925;3.16617128;2024-02-08 11:40:00
202400004908.0;4;74;74238;2;1;1.0;7.0;46.227513;6.659201;2024-12-26 22:50:00
202400004909.0;1;59;59272;2;9;8.0;6.0;50.99675;2.10654;2024-02-08 13:45:00
202400004910.0;1;74;74044;2;6;7.0;3.0;46.145927;6.148208;2024-12-16 11:15:00
202400004911.0;1;57;57630;2;1;3.0;6.0;48.73902;7.06724;2024-02-07 12:59:00
202400004912.0;3;74;74016;1;1;1.0;2.0;46.134914;6.126449;2024-12-16 17:25:00
202400004913.0;1;56;56121;2;2;2.0;3.0;47.75572;-3.35483;2024-02-07 14:35:00
202400004914.0;1;74;74012;2;1;1.0;2.0;46.192601;6.241289;2024-12-26 16:45:00
202400004915.0;5;54;54439;2;3;1.0;2.0;48.70482;6.2564;2024-02-07 18:02:00
202400004916.0;3;74;74159;2;1;9.0;6.0;46.027307;6.618361;2024-12-17 00:10:00
202400004917.0;1;74;74012;2;1;1.0;6.0;46.196754;6.240938;2024-12-25 14:25:00
202400004918.0;1;53;53034;1;9;1.0;5.0;48.067481;-0.663575;2024-02-08 15:20:00
202400004919.0;1;74;74081;2;9;1.0;6.0;46.061728;6.582516;2024-12-20 15:35:00
202400004920.0;5;51;51454;2;1;2.0;4.0;49.23175;4.03608;2024-02-08 07:50:00
202400004921.0;1;74;74275;1;1;4.0;7.0;45.833942;6.236769;2024-12-22 15:30:00
202400004922.0;2;51;51454;2;3;2.0;7.0;49.26662;4.02755;2024-02-08 07:55:00
202400004923.0;3;74;74081;1;1;8.0;1.0;46.050432;6.593294;2024-12-25 01:10:00
202400004924.0;1;51;51453;1;1;2.0;1.0;48.99756696;4.30263175;2024-02-08 08:00:00
202400004925.0;1;74;74256;2;3;1.0;6.0;45.942821;6.638135;2024-12-20 15:15:00
202400004926.0;3;46;46042;2;1;2.0;1.0;44.4598333;1.43199945;2024-02-08 19:40:00
202400004927.0;3;74;74080;2;1;3.0;7.0;45.906812;6.420575;2024-12-22 06:28:00
202400004928.0;1;43;43157;2;1;1.0;6.0;45.0396;3.88816;2024-02-03 14:15:00
202400004929.0;1;37;37233;2;6;2.0;3.0;47.38493;0.73664;2024-02-08 13:20:00
202400004930.0;1;74;74169;2;1;2.0;1.0;46.067749;6.533802;2024-12-16 15:50:00
202400004931.0;3;74;74220;1;1;1.0;6.0;46.140066;6.282029;2024-12-16 17:30:00
202400004932.0;1;37;37261;2;3;2.0;7.0;47.36841;0.71032;2024-02-08 12:55:00
202400004933.0;1;74;74035;1;1;1.0;1.0;45.812619;5.950942;2024-12-16 13:56:00
202400004934.0;1;37;37261;2;9;2.0;6.0;47.38143;0.70671;2024-02-08 11:50:00
202400004935.0;1;37;37122;2;1;2.0;6.0;47.34037;0.65421;2024-02-07 12:15:00
202400004936.0;1;74;74223;1;1;4.0;1.0;46.095972;6.619204;2024-12-14 10:05:00
202400004937.0;4;35;35238;1;6;2.0;3.0;48.08143;-1.67459;2024-02-08 07:20:00
202400004938.0;5;44;44109;2;3;1.0;3.0;47.19537894;-1.5353357;2024-06-29 00:24:00
202400004939.0;5;35;35238;2;1;2.0;3.0;48.09421484;-1.68125305;2024-02-08 08:00:00
202400004940.0;1;44;44143;2;1;1.0;6.0;47.189045;-1.5518012;2024-06-28 09:30:00
202400004941.0;1;34;34172;2;6;1.0;2.0;43.62141;3.89476;2024-02-07 10:10:00
202400004942.0;1;84;84035;1;1;6.0;1.0;43.85898;5.01142;2024-12-20 16:25:00
202400004943.0;1;2B;2B050;1;1;1.0;6.0;42.551709;8.772857;2024-11-28 10:00:00
202400004944.0;1;32;32013;2;1;8.0;3.0;43.6486;0.57966;2024-02-08 17:50:00
202400004945.0;5;31;31069;2;1;2.0;6.0;43.64694;1.37138;2024-02-08 21:19:00
202400004946.0;3;91;91661;1;1;1.0;2.0;48.6941;2.2311;2024-11-25 21:39:00
202400004947.0;1;31;31555;2;2;1.0;3.0;43.62613;1.43723;2024-02-08 15:00:00
202400004948.0;1;30;30189;2;3;1.0;6.0;43.8423;4.385;2024-12-30 09:52:00
202400004949.0;1;60;60138;1;1;1.0;4.0;49.213336;2.605562;2024-10-07 09:25:00
202400004950.0;1;19;19031;2;2;1.0;3.0;45.16147;1.54084;2024-02-07 15:25:00
202400004951.0;1;60;60286;2;1;7.0;6.0;49.664739;1.94038;2024-10-01 15:45:00
202400004952.0;4;18;18279;2;1;2.0;6.0;47.22405;2.07016;2024-02-08 01:42:00
202400004953.0;2;55;55181;2;3;1.0;3.0;49.21289799;5.62403027;2024-10-30 06:50:00
202400004954.0;3;14;14118;2;3;2.0;7.0;49.161232;-0.341982;2024-02-08 07:50:00
202400004955.0;5;13;13209;2;1;1.0;3.0;43.257215;5.402982;2024-02-08 20:30:00
202400004956.0;5;14;14220;2;6;4.0;2.0;49.35994;0.08093;2024-11-21 19:08:00
202400004957.0;5;13;13210;2;1;1.0;6.0;43.286066;5.404582;2024-02-08 20:00:00
202400004958.0;1;13;13214;2;1;1.0;1.0;43.33117;5.38937;2024-02-08 07:25:00
202400004959.0;2;74;74007;1;3;1.0;1.0;46.070186;6.321173;2024-12-13 07:15:00
202400004960.0;1;13;13214;2;1;1.0;6.0;43.34433;5.38417;2024-02-03 11:00:00
202400004961.0;1;13;13028;2;1;1.0;3.0;43.19200811;5.61710569;2024-02-08 15:00:00
202400004962.0;3;74;74171;1;1;1.0;3.0;46.314769;6.324509;2024-12-12 21:10:00
202400004963.0;1;13;13004;2;4;1.0;3.0;43.67862;4.63057;2024-02-08 11:10:00
202400004964.0;1;74;74143;2;3;1.0;6.0;45.897938;6.823293;2024-12-12 08:30:00
202400004965.0;5;13;13001;2;1;1.0;6.0;43.52613;5.46499;2024-02-02 19:30:00
202400004966.0;1;74;74280;2;1;1.0;6.0;45.883716;6.320915;2024-12-09 15:35:00
202400004967.0;2;11;11069;2;1;1.0;2.0;43.21635;2.35433;2024-02-07 07:45:00
202400004968.0;1;32;32119;2;1;1.0;6.0;43.862298;0.101143;2024-11-21 12:10:00
202400004969.0;5;10;10387;2;1;2.0;7.0;48.2977;4.067;2024-02-08 18:30:00
202400004970.0;5;8;8409;2;7;3.0;6.0;49.69881;4.92548;2024-02-08 18:30:00
202400004971.0;1;32;32043;1;9;1.0;5.0;43.707355;0.252004;2024-11-29 10:50:00
202400004972.0;1;7;7281;2;1;1.0;3.0;44.94486;4.84546;2024-02-07 09:55:00
202400004973.0;2;32;32121;1;2;1.0;3.0;43.556833;1.019926;2024-11-21 17:45:00
202400004974.0;1;6;6088;2;2;1.0;3.0;43.702;7.25595;2024-02-08 14:14:00
202400004975.0;1;29;29158;2;1;6.0;1.0;47.80217;-4.36076;2024-11-21 16:00:00
202400004976.0;1;6;6069;2;1;1.0;3.0;43.6385;6.9506;2024-02-08 10:30:00
202400004977.0;1;13;13021;1;1;1.0;2.0;43.333447;5.158171;2024-11-28 15:40:00
202400004978.0;5;6;6029;2;1;1.0;1.0;43.55504;6.97213;2024-02-08 18:15:00
202400004979.0;1;62;62473;1;1;1.0;7.0;50.62962761;2.46963716;2024-12-16 10:55:00
202400004980.0;1;4;4070;2;1;1.0;1.0;44.08042;6.19985;2024-02-08 08:58:00
202400004981.0;5;62;62108;2;3;1.0;3.0;50.40937;1.5659;2024-10-03 22:40:00
202400004982.0;2;1;1053;2;6;2.0;3.0;46.2029;5.24491;2024-02-08 08:10:00
202400004983.0;5;75;75113;2;1;2.0;2.0;48.826081;2.387937;2024-02-08 19:30:00
202400004984.0;1;44;44162;2;1;1.0;4.0;47.21475771;-1.63805127;2024-05-07 19:40:00
202400004985.0;1;44;44109;2;2;1.0;3.0;47.258239;-1.5153618;2024-05-02 17:00:00
202400004986.0;5;75;75118;2;1;2.0;5.0;48.891015;2.349614;2024-02-08 23:00:00
202400004987.0;1;44;44109;2;1;1.0;6.0;47.2119863;-1.59707284;2024-04-30 15:55:00
202400004988.0;5;64;64102;2;1;1.0;6.0;43.48497157;-1.49491395;2024-01-19 23:15:00
202400004989.0;1;75;75117;2;3;2.0;3.0;48.89639212;2.31032118;2024-02-08 16:15:00
202400004990.0;1;75;75114;2;1;2.0;6.0;48.834475;2.334154;2024-02-07 11:35:00
202400004991.0;1;44;44109;2;1;1.0;3.0;47.1941106;-1.53186828;2024-04-17 09:05:00
202400004992.0;1;75;75113;2;3;2.0;6.0;48.820438;2.359086;2024-02-08 16:30:00
202400004993.0;1;62;62108;2;1;1.0;6.0;50.40764;1.56763;2024-10-31 16:25:00
202400004994.0;3;84;84142;1;1;1.0;6.0;43.967268;4.982445;2024-12-07 05:45:00
202400004995.0;5;75;75111;2;2;2.0;6.0;48.868933;2.380468;2024-02-08 18:25:00
202400004996.0;1;75;75108;2;1;2.0;7.0;48.864256;2.302786;2024-02-08 09:30:00
202400004997.0;3;84;84004;1;3;1.0;3.0;44.099806;5.061371;2024-10-18 22:35:00
202400004998.0;1;75;75107;2;1;2.0;6.0;48.85106;2.31463;2024-02-08 14:32:00
202400004999.0;1;75;75107;2;2;2.0;6.0;48.851698;2.323534;2024-02-08 10:40:00
202400005000.0;2;84;84122;1;1;1.0;1.0;44.100052;4.938982;2024-08-31 07:00:00
202400005001.0;1;75;75107;2;1;2.0;6.0;48.860367;2.321353;2024-02-07 14:30:00
202400005002.0;5;74;74012;2;1;2.0;6.0;46.1968;6.2411;2024-12-23 19:55:00
202400005003.0;2;94;94078;2;3;2.0;3.0;48.735009;2.450049;2024-02-08 18:00:00
202400005004.0;5;74;74010;2;6;1.0;3.0;45.91174;6.13142;2024-12-18 23:20:00
202400005005.0;1;94;94046;2;2;2.0;5.0;48.81272178;2.45311725;2024-02-08 16:15:00
202400005006.0;1;74;74010;2;1;1.0;3.0;45.9001;6.116;2024-12-13 13:10:00
202400005007.0;1;93;93078;2;1;2.0;6.0;48.95882;2.54439;2024-02-08 15:20:00
202400005008.0;2;74;74012;2;3;9.0;3.0;46.177834;6.23762;2024-12-02 07:50:00
202400005009.0;5;93;93059;2;1;8.0;6.0;48.96338;2.37057;2024-02-08 19:40:00
202400005010.0;1;73;73181;2;3;1.0;6.0;45.48487329;6.53261393;2024-09-12 11:15:00
202400005011.0;5;93;93005;2;6;2.0;1.0;48.930125;2.506772;2024-02-08 18:20:00
202400005012.0;1;73;73003;1;1;1.0;6.0;45.49979112;6.51267037;2024-09-04 15:35:00
202400005013.0;1;93;93005;2;9;8.0;1.0;48.94307;2.503724;2024-02-08 09:05:00
202400005014.0;1;19;19146;2;9;1.0;2.0;45.31679128;1.76988452;2024-10-21 11:10:00
202400005015.0;5;93;93066;2;3;2.0;3.0;48.93992;2.362758;2024-02-08 19:45:00
202400005016.0;1;50;50272;1;3;1.0;6.0;48.939268;-1.529707;2024-11-15 16:05:00
202400005017.0;1;93;93066;2;1;2.0;3.0;48.92066572;2.35693485;2024-02-08 09:00:00
202400005018.0;3;73;73106;1;1;1.0;1.0;45.65831888;6.16281822;2024-10-31 18:35:00
202400005019.0;1;93;93064;2;3;2.0;6.0;48.86272206;2.49601007;2024-02-08 08:30:00
202400005020.0;1;64;64445;2;2;1.0;3.0;43.32484248;-0.35755268;2024-01-19 12:00:00
202400005021.0;5;93;93032;2;2;2.0;3.0;48.89889;2.54647;2024-02-08 05:25:00
202400005022.0;1;84;84143;1;4;1.0;1.0;43.994906;5.155174;2024-09-30 16:55:00
202400005023.0;1;93;93032;2;1;3.0;6.0;48.88336106;2.52883762;2024-02-07 11:10:00
202400005024.0;1;84;84099;2;1;1.0;1.0;43.850413;5.107902;2024-09-29 08:30:00
202400005025.0;1;93;93057;2;3;2.0;3.0;48.908395;2.49766;2024-02-08 08:27:00
202400005026.0;3;84;84092;1;1;1.0;6.0;43.95312;4.878391;2024-10-13 20:00:00
202400005027.0;1;63;63113;2;1;1.0;2.0;45.7668;3.0893;2024-07-19 13:14:00
202400005028.0;5;93;93005;2;3;2.0;6.0;48.935083;2.497236;2024-02-08 19:10:00
202400005029.0;5;44;44190;2;6;1.0;6.0;47.2089455;-1.48944176;2024-03-28 19:30:00
202400005030.0;3;95;95488;1;1;1.0;6.0;49.0129501;2.14951244;2024-06-05 01:30:00
202400005031.0;1;93;93001;2;1;2.0;2.0;48.91513825;2.3795405;2024-02-08 15:40:00
202400005032.0;2;9;9282;2;8;1.0;6.0;43.236337;1.582714;2024-08-09 21:10:00
202400005033.0;2;93;93010;1;1;1.0;3.0;48.91163586;2.4760898;2024-06-04 21:15:00
202400005034.0;1;92;92078;1;1;2.0;6.0;48.92762;2.32632;2024-02-08 10:57:00
202400005035.0;1;44;44162;2;1;1.0;7.0;47.214922;-1.647641;2024-03-20 14:10:00
202400005036.0;4;92;92073;2;1;2.0;7.0;48.86807466;2.22519207;2024-02-07 22:26:00
202400005037.0;1;77;77146;1;1;1.0;2.0;48.832229;2.655009;2024-06-06 13:55:00
202400005038.0;1;44;44143;2;1;1.0;6.0;47.193502;-1.5723612;2024-03-14 17:10:00
202400005039.0;5;92;92072;2;3;2.0;6.0;48.82590591;2.20113739;2024-02-07 19:26:00
202400005040.0;1;93;93051;1;1;1.0;2.0;48.83494286;2.58003118;2024-06-06 09:00:00
202400005041.0;1;44;44109;2;1;1.0;2.0;47.213358;-1.597772;2024-03-13 17:25:00
202400005042.0;1;88;88413;2;1;1.0;2.0;48.27813;6.95842;2024-02-03 14:30:00
202400005043.0;1;92;92020;2;1;1.0;2.0;48.80602919;2.28646874;2024-02-08 13:25:00
202400005044.0;1;92;92012;2;9;2.0;6.0;48.83699939;2.24334526;2024-02-07 16:00:00
202400005045.0;1;76;76255;1;4;1.0;1.0;50.06178393;1.42469072;2024-06-07 20:17:00
202400005046.0;1;44;44020;1;1;1.0;2.0;47.17348509;-1.59311634;2024-05-27 08:50:00
202400005047.0;1;64;64102;2;8;1.0;6.0;43.48340629;-1.45383347;2024-01-03 13:04:00
202400005048.0;1;974;97415;2;2;1.0;3.0;-20.997393;55.283423;2024-02-06 08:15:00
202400005049.0;1;974;97411;2;2;1.0;6.0;-20.89185;55.48193;2024-01-25 13:25:00
202400005050.0;1;44;44047;2;1;1.0;3.0;47.234768;-1.664428;2024-03-11 09:30:00
202400005051.0;1;44;44109;2;1;1.0;6.0;47.24453647;-1.56120422;2024-05-25 14:05:00
202400005052.0;2;44;44190;1;1;1.0;7.0;47.19120938;-1.49005904;2024-05-25 06:45:00
202400005053.0;1;6;6130;1;1;1.0;3.0;43.668248;6.854759;2024-01-20 13:30:00
202400005054.0;1;44;44109;2;1;1.0;2.0;47.22877954;-1.5766267;2024-05-24 17:33:00
202400005055.0;1;44;44162;2;6;1.0;3.0;47.23472202;-1.62608686;2024-05-23 08:30:00
202400005056.0;1;62;62332;1;2;2.0;3.0;50.21893993;2.76034309;2024-02-08 14:15:00
202400005057.0;1;44;44109;2;3;1.0;3.0;47.2250246;-1.55911339;2024-05-21 08:40:00
202400005058.0;4;30;30047;1;1;2.0;2.0;43.781494;4.450362;2024-02-09 07:30:00
202400005059.0;1;44;44114;2;6;8.0;3.0;47.254;-1.615;2024-05-21 16:15:00
202400005060.0;1;57;57067;2;1;1.0;6.0;49.310925;6.190689;2024-01-11 10:00:00
202400005061.0;1;44;44109;2;1;1.0;6.0;47.22905191;-1.56952557;2024-05-18 14:30:00
202400005062.0;1;19;19276;1;1;8.0;6.0;45.41083362;1.57514692;2024-02-09 08:35:00
202400005063.0;1;44;44109;2;1;8.0;6.0;47.20941127;-1.55629939;2024-05-17 11:30:00
202400005064.0;1;76;76697;1;1;3.0;7.0;49.805;1.187111;2024-02-07 11:00:00
202400005065.0;1;63;63287;1;3;2.0;3.0;45.52255;3.302523;2024-02-09 09:30:00
202400005066.0;5;987;98736;2;2;1.0;5.0;-17.51667;-149.5333;2024-06-04 18:50:00
202400005067.0;1;972;97209;1;1;1.0;3.0;14.61457;-61.04794;2024-06-05 08:15:00
202400005068.0;1;42;42159;1;2;8.0;3.0;45.808401;3.781958;2024-02-09 08:05:00
202400005069.0;1;2B;2B033;2;1;1.0;2.0;42.67982;9.43873;2024-06-05 11:44:00
202400005070.0;3;35;35162;1;1;2.0;1.0;48.470339;-1.130304;2024-02-08 07:15:00
202400005071.0;1;971;97120;2;9;1.0;6.0;16.24055;-61.53315;2024-06-05 09:47:00
202400005072.0;1;29;29026;2;1;1.0;6.0;48.198176;-4.087269;2024-02-09 17:15:00
202400005073.0;1;971;97105;2;3;1.0;3.0;16.0060371;-61.73548758;2024-06-05 06:30:00
202400005074.0;3;29;29177;1;3;1.0;1.0;48.43263441;-4.69218158;2024-01-26 19:00:00
202400005075.0;3;2A;2A004;2;1;1.0;6.0;41.92798723;8.7353754;2024-06-05 22:45:00
202400005076.0;1;2A;2A004;2;3;1.0;4.0;41.95857;8.78069;2024-06-05 11:16:00
202400005077.0;1;95;95598;2;1;1.0;2.0;48.99380956;2.30629583;2024-06-05 12:40:00
202400005078.0;1;91;91657;2;2;1.0;3.0;48.69662;2.43596;2024-06-03 19:50:00
202400005079.0;1;87;87085;2;1;1.0;6.0;45.87588;1.30242;2024-06-04 17:34:00
202400005080.0;1;87;87085;2;1;1.0;6.0;45.83770732;1.23996377;2024-06-03 16:27:00
202400005081.0;3;86;86194;2;1;1.0;3.0;46.569773;0.30977;2024-06-02 22:10:00
202400005082.0;1;86;86194;2;1;1.0;5.0;46.57665;0.32438;2024-05-13 17:15:00
202400005083.0;1;85;85191;2;2;1.0;3.0;46.693687;-1.424947;2024-06-05 19:10:00
202400005084.0;1;84;84087;1;3;1.0;3.0;44.11816;4.87082;2024-06-05 18:40:00
202400005085.0;1;83;83137;2;2;1.0;6.0;43.14015;5.91325;2024-06-05 11:30:00
202400005086.0;1;80;80021;2;1;1.0;3.0;49.87279;2.33182;2024-06-02 17:05:00
202400005087.0;1;78;78423;2;2;1.0;3.0;48.77178;2.04555;2024-06-05 21:35:00
202400005088.0;1;74;74008;2;1;1.0;6.0;46.19611;6.22008;2024-06-05 09:00:00
202400005089.0;1;73;73065;2;1;1.0;6.0;45.57223;5.91686;2024-06-01 16:15:00
202400005090.0;1;73;73011;2;1;1.0;6.0;45.66696941;6.39011031;2024-06-05 13:40:00
202400005091.0;1;72;72003;2;1;1.0;2.0;47.98368;0.15185;2024-06-04 18:25:00
202400005092.0;1;72;72181;2;8;1.0;3.0;47.99181;0.20526;2024-06-04 14:38:00
202400005093.0;1;69;69275;2;3;1.0;3.0;45.76972;4.9493;2024-06-05 07:35:00
202400005094.0;2;69;69290;2;1;1.0;6.0;45.6852876;4.94536743;2024-06-04 22:05:00
202400005095.0;1;69;69096;2;2;7.0;1.0;45.61017;4.78369;2024-06-05 07:30:00