Num_Acc;lum;departement;commune;agglomeration;intersection;meteo;type_collision;lat;long;date
202400005096.0;1;67;67482;2;1;1.0;1.0;48.586;7.73;2024-06-04 16:30:00
202400005097.0;1;66;66136;2;1;1.0;6.0;42.68831;2.90793;2024-06-05 07:00:00
202400005098.0;1;64;64445;2;2;1.0;3.0;43.29988;-0.37948;2024-06-05 09:00:00
202400005099.0;1;64;64102;2;1;1.0;2.0;43.49331145;-1.47304625;2024-06-04 18:25:00
202400005100.0;1;63;63113;2;3;1.0;1.0;45.79044705;3.11716139;2024-06-05 18:00:00
202400005101.0;1;63;63113;2;9;1.0;3.0;45.80002;3.11237;2024-06-05 13:44:00
202400005102.0;1;62;62065;2;1;1.0;1.0;50.40702;2.82009;2024-06-05 18:53:00
202400005103.0;1;59;59426;2;6;1.0;3.0;50.74252;3.14396;2024-06-05 09:30:00
202400005104.0;5;59;59648;2;2;1.0;3.0;50.59696;3.05124;2024-06-05 23:20:00
202400005105.0;5;57;57672;2;1;1.0;1.0;49.35669;6.169153;2024-05-30 22:44:00
202400005106.0;1;51;51454;2;1;1.0;6.0;49.26121;4.03866;2024-06-05 08:30:00
202400005107.0;1;49;49007;2;7;1.0;7.0;47.46021;-0.53713;2024-06-04 19:17:00
202400005108.0;1;49;49353;2;1;1.0;7.0;47.44322;-0.48353;2024-06-04 13:32:00
202400005109.0;1;49;49007;2;1;1.0;4.0;47.47319;-0.55636;2024-06-04 16:12:00
202400005110.0;1;49;49007;2;1;1.0;3.0;47.4936;-0.52816;2024-06-04 09:56:00
202400005111.0;5;45;45234;2;1;1.0;1.0;47.920994;1.897986;2024-06-05 23:00:00
202400005112.0;1;74;74158;2;9;1.0;1.0;46.255031;6.333495;2024-04-25 18:52:00
202400005113.0;1;43;43157;1;1;1.0;7.0;45.0177;3.89654;2024-06-05 13:00:00
202400005114.0;3;13;13039;1;1;1.0;1.0;43.45629;4.90901;2024-02-23 18:55:00
202400005115.0;1;36;36044;2;2;1.0;5.0;46.80808;1.69205;2024-06-05 13:20:00
202400005116.0;4;974;97411;2;1;1.0;7.0;-20.93441;55.49232;2024-10-21 22:40:00
202400005117.0;1;973;97302;1;1;1.0;6.0;4.89917;-52.32650113;2024-10-20 07:00:00
202400005118.0;1;35;35238;2;6;1.0;2.0;48.13242;-1.69135;2024-06-05 11:00:00
202400005119.0;5;973;97302;2;1;1.0;6.0;4.94451;-52.3103;2024-10-20 03:50:00
202400005120.0;1;33;33063;2;9;1.0;6.0;44.85033299;-0.57459489;2024-06-05 14:30:00
202400005121.0;3;69;69387;2;3;1.0;3.0;45.75242;4.84922;2024-10-21 19:38:00
202400005122.0;1;33;33063;2;2;7.0;3.0;44.84547;-0.59356;2024-06-05 08:30:00
202400005123.0;1;33;33529;1;1;1.0;1.0;44.53695;-1.23734;2024-06-05 19:30:00
202400005124.0;1;69;69387;2;2;1.0;3.0;45.74655;4.84024;2024-10-21 14:30:00
202400005125.0;1;33;33009;2;6;1.0;3.0;44.65555;-1.15268;2024-06-05 14:15:00
202400005126.0;1;69;69386;2;1;1.0;3.0;45.77201;4.85877;2024-10-21 14:05:00
202400005127.0;5;31;31555;2;9;1.0;3.0;43.64287938;1.41603202;2024-06-05 22:00:00
202400005128.0;2;31;31555;2;2;1.0;3.0;43.61908;1.42567;2024-06-05 05:30:00
202400005129.0;1;69;69387;2;3;1.0;2.0;45.75102;4.83849;2024-10-21 10:50:00
202400005130.0;1;27;27229;2;1;1.0;3.0;49.02012;1.15905;2024-06-04 14:55:00
202400005131.0;2;971;97105;2;1;3.0;1.0;15.99299256;-61.73052013;2024-10-20 06:40:00
202400005132.0;1;27;27229;2;1;1.0;3.0;49.00344;1.15154;2024-06-04 08:35:00
202400005133.0;1;95;95277;1;1;1.0;6.0;48.98397537;2.47086575;2024-10-21 13:10:00
202400005134.0;1;22;22215;2;1;1.0;1.0;48.50527;-2.81119;2024-06-05 08:20:00
202400005135.0;1;91;91691;2;1;1.0;6.0;48.71485;2.47375;2024-10-21 08:35:00
202400005136.0;1;87;87085;2;3;1.0;3.0;45.85111;1.25271;2024-10-18 09:06:00
202400005137.0;1;19;19031;2;2;1.0;3.0;45.16622;1.52059;2024-06-05 11:42:00
202400005138.0;5;86;86194;2;1;2.0;6.0;46.57568;0.32952;2024-10-20 06:33:00
202400005139.0;1;17;17200;2;1;1.0;7.0;46.18161;-1.16978;2024-06-05 06:10:00
202400005140.0;2;84;84007;2;1;1.0;1.0;43.94639;4.83298;2024-10-21 18:15:00
202400005141.0;1;14;14333;2;1;1.0;3.0;49.40003;0.24099;2024-06-05 18:55:00
202400005142.0;1;84;84034;1;1;1.0;2.0;43.88903;4.92337;2024-10-21 13:30:00
202400005143.0;1;13;13215;2;3;1.0;1.0;43.32922;5.36552;2024-06-05 09:15:00
202400005144.0;1;83;83123;2;1;1.0;3.0;43.12139;5.80513;2024-10-03 11:00:00
202400005145.0;1;1;1344;2;1;1.0;3.0;46.2008;5.19896;2024-06-05 14:25:00
202400005146.0;1;75;75113;2;1;1.0;6.0;48.81803;2.352164;2024-06-05 20:00:00
202400005147.0;5;81;81065;2;2;1.0;3.0;43.60219;2.24358;2024-10-21 20:30:00
202400005148.0;1;75;75119;2;1;1.0;4.0;48.880749;2.405164;2024-06-04 09:40:00
202400005149.0;1;75;75118;2;1;1.0;2.0;48.900942;2.357553;2024-06-03 11:30:00
202400005150.0;5;78;78401;2;1;2.0;2.0;48.999554;1.90778;2024-10-21 06:05:00
202400005151.0;1;75;75120;2;1;1.0;3.0;48.854377;2.414079;2024-06-03 09:30:00
202400005152.0;1;75;75120;2;3;1.0;2.0;48.846934;2.413866;2024-06-05 14:35:00
202400005153.0;1;77;77284;2;1;1.0;6.0;48.96261706;2.88530231;2024-10-21 16:10:00
202400005154.0;1;75;75120;2;9;1.0;3.0;48.846899;2.413904;2024-06-05 08:05:00
202400005155.0;2;76;76575;2;6;2.0;6.0;49.385369;1.070711;2024-10-21 07:50:00
202400005156.0;1;75;75119;2;3;1.0;6.0;48.884312;2.367681;2024-06-05 11:45:00
202400005157.0;5;76;76351;2;2;3.0;6.0;49.49413;0.13873;2024-10-21 07:15:00
202400005158.0;1;75;75117;2;3;1.0;3.0;48.897397;2.323117;2024-06-05 11:23:00
202400005159.0;1;75;75117;2;2;1.0;3.0;48.888408;2.3172286;2024-06-05 10:50:00
202400005160.0;1;67;67365;2;1;1.0;6.0;48.55609;7.70885;2024-10-20 13:52:00
202400005161.0;1;64;64024;2;1;1.0;6.0;43.49277;-1.51851;2024-10-21 11:15:00
202400005162.0;1;75;75116;2;1;1.0;5.0;48.869484;2.237746;2024-06-05 09:40:00
202400005163.0;5;64;64102;2;1;1.0;6.0;43.49107;-1.45308;2024-10-21 07:15:00
202400005164.0;2;75;75113;2;2;1.0;6.0;48.825639;2.347166;2024-06-05 08:55:00
202400005165.0;1;75;75112;2;3;1.0;6.0;48.851895;2.373698;2024-06-05 18:00:00
202400005166.0;1;59;59428;2;6;1.0;3.0;50.18655;3.22582;2024-10-21 15:30:00
202400005167.0;1;75;75110;2;2;1.0;6.0;48.881331;2.364691;2024-06-05 10:50:00
202400005168.0;1;56;56121;2;1;1.0;7.0;47.75787;-3.39031;2024-10-19 14:00:00
202400005169.0;1;75;75109;2;3;1.0;6.0;48.87574;2.328554;2024-06-05 10:05:00
202400005170.0;1;94;94052;2;2;1.0;3.0;48.839293;2.475511;2024-06-03 15:40:00
202400005171.0;1;56;56083;2;1;1.0;7.0;47.79981;-3.28893;2024-10-18 11:37:00
202400005172.0;1;94;94054;2;1;1.0;2.0;48.749983;2.410466;2024-06-05 13:10:00
202400005173.0;1;55;55545;2;1;1.0;7.0;49.1606;5.38688;2024-10-19 17:00:00
202400005174.0;1;94;94017;2;1;1.0;2.0;48.82674;2.49469;2024-06-04 08:30:00
202400005175.0;1;55;55545;2;1;1.0;7.0;49.14791;5.40275;2024-10-14 11:10:00
202400005176.0;1;93;93066;2;2;1.0;6.0;48.93853;2.35652;2024-06-05 17:39:00
202400005177.0;1;93;93064;2;1;1.0;1.0;48.872742;2.477397;2024-06-05 07:15:00
202400005178.0;1;54;54274;2;5;1.0;1.0;48.67471;6.206;2024-10-20 13:15:00
202400005179.0;1;93;93053;2;1;8.0;1.0;48.89107;2.47104;2024-05-30 16:38:00
202400005180.0;1;92;92078;2;1;1.0;6.0;48.93353869;2.33115154;2024-06-04 11:28:00
202400005181.0;1;51;51454;2;1;1.0;3.0;49.27365;4.00106;2024-10-20 17:20:00
202400005182.0;1;92;92046;2;1;1.0;6.0;48.82112864;2.29699874;2024-06-05 15:49:00
202400005183.0;5;51;51454;2;1;1.0;6.0;49.24595;4.05978;2024-10-20 01:55:00
202400005184.0;1;92;92040;2;1;1.0;6.0;48.81984886;2.26741827;2024-06-05 07:30:00
202400005185.0;1;50;50532;1;6;3.0;3.0;48.80408;-1.54847;2024-10-21 15:12:00
202400005186.0;1;92;92036;2;1;1.0;3.0;48.9264;2.3155;2024-06-05 09:44:00
202400005187.0;1;92;92024;2;2;1.0;6.0;48.90089315;2.30807626;2024-06-05 12:18:00
202400005188.0;5;50;50129;2;6;8.0;5.0;49.65778;-1.667974;2024-10-19 19:30:00
202400005189.0;1;92;92012;2;9;1.0;1.0;48.8330244;2.25369304;2024-06-05 09:44:00
202400005190.0;1;49;49246;2;1;8.0;3.0;47.42959;-0.5279;2024-10-20 09:00:00
202400005191.0;1;92;92002;2;3;1.0;3.0;48.7568056;2.30636314;2024-06-05 09:25:00
202400005192.0;2;48;48095;2;1;5.0;1.0;44.52891;3.47264;2024-10-20 07:30:00
202400005193.0;1;45;45232;2;3;1.0;1.0;47.871357;1.904108;2024-10-21 16:30:00
202400005194.0;1;974;97415;1;1;1.0;5.0;-20.963243;55.303572;2024-06-02 06:30:00
202400005195.0;1;45;45075;2;1;1.0;3.0;47.892751;1.820497;2024-10-21 15:10:00
202400005196.0;1;62;62327;1;1;1.0;1.0;50.51923364;2.29953135;2024-06-06 16:20:00
202400005197.0;1;37;37261;2;2;1.0;3.0;47.37943;0.68158;2024-10-21 12:45:00
202400005198.0;1;43;43185;1;3;1.0;1.0;45.416332;3.301166;2024-06-05 18:15:00
202400005199.0;2;37;37214;2;1;1.0;6.0;47.41019;0.66812;2024-10-21 07:45:00
202400005200.0;1;76;76404;1;6;1.0;3.0;49.578184;0.239886;2024-06-06 16:23:00
202400005201.0;5;35;35238;2;3;8.0;6.0;48.10791;-1.67335;2024-10-21 20:40:00
202400005202.0;3;971;97132;1;1;2.0;6.0;15.998667;-61.639996;2024-06-05 02:30:00
202400005203.0;1;14;14061;1;1;1.0;6.0;48.951789;-0.803638;2024-06-05 14:00:00
202400005204.0;1;35;35238;2;3;2.0;3.0;48.11146;-1.6909;2024-10-21 10:45:00
202400005205.0;1;67;67472;1;1;1.0;1.0;48.814533;7.958416;2024-06-06 07:30:00
202400005206.0;2;35;35189;1;1;3.0;4.0;48.15099;-1.70004;2024-10-21 07:45:00
202400005207.0;1;33;33522;2;3;1.0;3.0;44.79403;-0.58985;2024-10-21 17:30:00
202400005208.0;1;34;34270;1;1;1.0;3.0;43.588149;3.825249;2024-06-05 16:50:00
202400005209.0;1;33;33318;2;2;7.0;2.0;44.79999;-0.67246;2024-10-21 10:35:00
202400005210.0;3;33;33281;2;1;1.0;6.0;44.838381;-0.617253;2024-10-21 02:30:00
202400005211.0;1;4;4033;1;1;1.0;1.0;44.451601;6.371845;2024-06-05 16:00:00
202400005212.0;5;31;31555;2;1;1.0;6.0;43.61553;1.44479;2024-10-21 23:05:00
202400005213.0;1;2B;2B319;2;9;1.0;3.0;42.420415;9.528633;2024-06-06 08:30:00
202400005214.0;1;65;65460;1;3;1.0;3.0;43.401692;0.053392;2024-06-05 14:00:00
202400005215.0;1;31;31483;2;1;1.0;2.0;43.09725634;0.71131268;2024-10-21 13:50:00
202400005216.0;1;81;81201;1;1;1.0;2.0;44.078645;2.23516;2024-06-05 14:00:00
202400005217.0;1;89;89460;1;1;1.0;1.0;48.353269;3.085688;2024-06-05 17:35:00
202400005218.0;3;30;30243;2;1;1.0;4.0;44.09612;4.07993;2024-10-21 20:10:00
202400005219.0;5;17;17415;2;1;1.0;7.0;45.7337;-0.64559;2024-10-21 07:45:00
202400005220.0;5;13;13056;2;1;1.0;2.0;43.40198879;5.04732468;2024-10-22 00:30:00
202400005221.0;5;13;13215;2;1;1.0;1.0;43.32726;5.36588;2024-10-21 21:30:00
202400005222.0;1;49;49002;1;2;1.0;3.0;47.314301;0.002393;2024-06-05 17:10:00
202400005223.0;1;13;13211;2;3;1.0;3.0;43.301;5.501;2024-10-21 14:45:00
202400005224.0;1;12;12257;1;4;1.0;3.0;44.534084;2.023287;2024-06-05 21:00:00
202400005225.0;5;13;13047;2;1;1.0;3.0;43.49872;4.9806;2024-10-21 21:20:00
202400005226.0;1;47;47208;1;1;1.0;2.0;44.268486;0.05697;2024-06-04 12:05:00
202400005227.0;1;68;68267;1;1;1.0;7.0;47.765147;7.232909;2024-06-05 20:11:00
202400005228.0;2;10;10343;2;3;1.0;1.0;48.26816;4.09871;2024-10-20 19:15:00
202400005229.0;1;44;44163;2;1;1.0;1.0;47.40731;-1.097952;2024-06-05 17:10:00
202400005230.0;2;5;5061;1;3;1.0;3.0;44.55094;6.02928;2024-10-21 19:22:00
202400005231.0;1;29;29260;1;1;1.0;6.0;48.42615026;-4.6042234;2024-05-10 11:00:00
202400005232.0;1;75;75117;2;3;1.0;3.0;48.889293;2.291298;2024-10-21 08:40:00
202400005233.0;1;38;38224;2;1;1.0;1.0;44.873883;5.723029;2024-06-04 11:20:00
202400005234.0;5;75;75108;2;1;1.0;6.0;48.864839;2.306724;2024-10-21 18:50:00
202400005235.0;1;2;2419;1;1;1.0;6.0;49.973264;3.79635;2024-06-06 09:35:00
202400005236.0;1;75;75108;2;2;8.0;6.0;48.869973;2.311816;2024-10-21 12:18:00
202400005237.0;1;2;2290;1;4;1.0;6.0;49.008094;3.375174;2024-06-06 17:00:00
202400005238.0;2;75;75107;2;4;1.0;3.0;48.862565;2.319008;2024-10-21 07:50:00
202400005239.0;1;3;3062;1;1;1.0;7.0;46.194923;3.176658;2024-06-05 20:30:00
202400005240.0;1;75;75101;2;2;1.0;7.0;48.860089;2.349007;2024-10-21 11:55:00
202400005241.0;2;15;15199;1;1;1.0;7.0;44.863808;3.057997;2024-06-05 18:30:00
202400005242.0;5;94;94073;1;1;2.0;3.0;48.7532;2.37932;2024-10-21 22:00:00
202400005243.0;1;15;15019;1;4;1.0;7.0;45.291901;2.391425;2024-06-06 08:30:00
202400005244.0;1;66;66004;1;1;1.0;6.0;42.58437;2.083883;2024-06-05 17:45:00
202400005245.0;1;94;94048;2;3;1.0;3.0;48.736007;2.550186;2024-10-21 18:00:00
202400005246.0;5;6;6079;2;9;1.0;3.0;43.533182;6.931225;2024-05-31 23:00:00
202400005247.0;1;93;93055;2;1;1.0;4.0;48.89118695;2.40215336;2024-10-21 16:05:00
202400005248.0;1;92;92078;2;2;1.0;6.0;48.93557826;2.32870817;2024-10-21 11:30:00
202400005249.0;1;14;14011;1;2;1.0;3.0;49.13127;-0.723448;2024-06-04 10:25:00
202400005250.0;1;92;92062;2;9;1.0;3.0;48.88733417;2.2327289;2024-10-21 08:30:00
202400005251.0;1;14;14610;1;3;1.0;3.0;49.177143;-0.512106;2024-06-05 18:10:00
202400005252.0;5;92;92023;2;1;8.0;6.0;48.8164311;2.25336157;2024-10-21 19:04:00
202400005253.0;1;33;33243;2;1;1.0;6.0;44.908808;-0.235217;2024-10-21 18:50:00
202400005254.0;1;47;47145;1;1;1.0;6.0;44.140457;0.649416;2024-10-21 08:50:00
202400005255.0;1;60;60297;1;2;1.0;3.0;49.64040188;2.002563;2024-06-05 13:25:00
202400005256.0;1;69;69273;2;1;2.0;2.0;45.685738;4.904886;2024-10-22 08:14:00
202400005257.0;1;16;16292;2;1;1.0;6.0;46.030928;0.203582;2024-06-05 14:35:00
202400005258.0;1;49;49343;1;2;8.0;3.0;46.996946;-0.842541;2024-10-21 17:50:00
202400005259.0;1;16;16066;1;4;1.0;1.0;45.329756;-0.071712;2024-06-05 15:18:00
202400005260.0;2;10;10363;2;3;1.0;3.0;48.186697;4.168984;2024-10-22 07:25:00
202400005261.0;1;7;7349;2;1;1.0;2.0;44.807897;4.785219;2024-06-05 11:05:00
202400005262.0;3;67;67445;1;1;1.0;7.0;48.299383;7.422595;2024-10-21 21:00:00
202400005263.0;1;21;21345;1;1;1.0;1.0;47.56716;4.852827;2024-06-06 17:30:00
202400005264.0;1;24;24326;1;1;1.0;6.0;44.991186;1.066983;2024-06-06 17:05:00
202400005265.0;3;42;42198;1;2;1.0;3.0;46.011911;3.950422;2024-10-20 10:52:00
202400005266.0;1;42;42157;2;1;1.0;3.0;46.130114;4.016289;2024-10-16 18:15:00
202400005267.0;1;85;85024;1;2;1.0;3.0;46.946165;-1.896346;2024-06-06 09:15:00
202400005268.0;1;41;41252;1;1;1.0;6.0;47.695985;1.439633;2024-10-20 10:45:00
202400005269.0;1;85;85047;1;1;1.0;3.0;46.80887;-1.80533;2024-06-06 09:15:00
202400005270.0;1;85;85051;2;6;1.0;7.0;46.684975;-1.036829;2024-06-05 17:30:00
202400005271.0;5;1;1033;2;1;1.0;1.0;46.103036;5.817685;2024-10-21 21:15:00
202400005272.0;1;12;12270;1;1;1.0;2.0;44.261798;3.068147;2024-10-22 09:35:00
202400005273.0;1;28;28047;1;1;1.0;5.0;48.309916;1.684341;2024-06-04 18:00:00
202400005274.0;3;28;28199;1;1;1.0;3.0;48.207801;1.833558;2024-04-16 00:20:00
202400005275.0;1;30;30012;1;1;1.0;4.0;43.913198;4.725537;2024-06-06 11:30:00
202400005276.0;1;80;80680;2;3;1.0;1.0;49.816991;2.707357;2024-10-22 09:40:00
202400005277.0;1;30;30266;2;1;1.0;3.0;44.255113;4.291706;2024-06-06 10:15:00
202400005278.0;1;30;30173;1;1;1.0;7.0;44.134569;4.171971;2024-06-05 17:15:00
202400005279.0;1;63;63040;1;6;1.0;7.0;45.7334;3.344243;2024-10-22 08:15:00
202400005280.0;1;30;30284;1;1;1.0;1.0;44.146944;4.076212;2024-06-05 17:30:00
202400005281.0;1;61;61211;2;1;3.0;3.0;48.543528;-0.578214;2024-10-21 10:45:00
202400005282.0;1;68;68375;2;1;1.0;6.0;47.774803;7.228392;2024-06-05 12:20:00
202400005283.0;2;49;49120;1;1;1.0;1.0;47.372271;-0.617402;2024-10-22 07:40:00
202400005284.0;2;41;41059;1;4;1.0;3.0;47.41419;1.449704;2024-10-18 17:00:00
202400005285.0;1;38;38405;1;3;1.0;2.0;45.371655;5.690199;2024-06-05 17:10:00
202400005286.0;1;44;44157;1;3;1.0;3.0;46.923208;-1.709715;2024-10-21 12:15:00
202400005287.0;3;67;67194;1;1;3.0;7.0;48.723171;7.883211;2024-05-31 03:50:00
202400005288.0;1;976;97606;1;1;1.0;3.0;-12.915979;45.159178;2024-06-04 07:00:00
202400005289.0;1;29;29105;2;6;1.0;2.0;48.505122;-4.072199;2024-10-22 15:21:00
202400005290.0;1;987;98724;2;1;1.0;3.0;-16.710192;-151.035308;2024-06-05 16:15:00
202400005291.0;1;2;2589;1;2;1.0;3.0;49.450545;3.539819;2024-10-22 12:30:00
202400005292.0;1;3;3208;1;1;1.0;6.0;46.422309;3.906541;2024-10-22 10:44:00
202400005293.0;1;973;97306;1;1;1.0;2.0;5.598424;-53.70631;2024-06-06 07:51:00
202400005294.0;1;15;15204;1;2;1.0;5.0;44.935177;2.330577;2024-10-21 15:50:00
202400005295.0;3;971;97129;1;1;1.0;1.0;16.287867;-61.670873;2024-06-05 19:50:00
202400005296.0;1;1;1338;1;1;1.0;6.0;45.708903;5.561517;2024-10-19 15:40:00
202400005297.0;1;13;13025;2;1;1.0;1.0;43.490884;5.534534;2024-06-06 11:40:00
202400005298.0;1;70;70245;1;9;1.0;6.0;47.860426;6.381608;2024-10-21 17:25:00
202400005299.0;5;6;6079;2;1;1.0;6.0;43.529983;6.947326;2024-10-21 20:15:00
202400005300.0;2;91;91587;2;1;1.0;4.0;48.691854;2.285941;2024-06-05 21:40:00
202400005301.0;1;5;5036;1;1;1.0;1.0;44.632452;6.561831;2024-10-22 10:30:00
202400005302.0;1;66;66129;1;1;1.0;3.0;42.582079;2.915969;2024-06-06 18:40:00
202400005303.0;1;13;13062;2;1;1.0;1.0;43.425066;5.498976;2024-06-05 20:00:00
202400005304.0;3;68;68204;1;1;1.0;6.0;48.010249;7.0537;2024-06-05 23:25:00
202400005305.0;1;45;45146;1;1;1.0;3.0;47.693097;1.954622;2024-10-20 18:00:00
202400005306.0;1;36;36014;1;1;1.0;7.0;46.504965;1.541755;2024-10-22 13:20:00
202400005307.0;1;3;3190;2;1;1.0;5.0;46.577127;3.324314;2024-06-05 14:35:00
202400005308.0;1;44;44209;1;1;1.0;7.0;47.296804;-1.611922;2024-06-05 18:30:00
202400005309.0;1;7;7255;1;3;1.0;1.0;44.757819;4.710485;2024-10-19 15:40:00
202400005310.0;1;40;40211;1;1;1.0;6.0;43.625724;-1.185333;2024-10-21 17:15:00
202400005311.0;2;69;69140;1;2;7.0;3.0;45.902202;4.676507;2024-06-05 19:00:00
202400005312.0;1;85;85146;1;1;1.0;6.0;46.974092;-1.287793;2024-10-22 18:30:00
202400005313.0;2;973;97309;1;1;1.0;2.0;4.89843;-52.294536;2024-10-22 06:00:00
202400005314.0;1;33;33357;1;1;1.0;4.0;44.49072;-0.293224;2024-06-05 16:40:00
202400005315.0;3;68;68253;1;1;8.0;3.0;47.78434574;7.47661652;2024-10-22 19:20:00
202400005316.0;1;33;33330;2;1;1.0;1.0;44.850005;-0.440032;2024-05-30 18:40:00
202400005317.0;1;36;36127;1;2;3.0;3.0;46.59130064;2.00494051;2024-10-17 16:00:00
202400005318.0;1;34;34157;1;1;1.0;6.0;43.421632;3.537941;2024-10-21 16:55:00
202400005319.0;1;50;50041;1;2;1.0;3.0;49.626204;-1.798689;2024-06-05 14:50:00
202400005320.0;1;14;14733;1;6;7.0;3.0;49.24848753;-0.62255949;2024-06-06 08:10:00
202400005321.0;3;29;29234;1;2;3.0;3.0;47.85200303;-3.51018454;2024-10-21 07:40:00
202400005322.0;1;22;22050;2;1;1.0;6.0;48.450979;-2.041028;2024-06-05 18:45:00
202400005323.0;1;28;28007;2;1;1.0;6.0;48.857525;1.435798;2024-10-22 11:20:00
202400005324.0;3;77;77352;1;1;1.0;6.0;48.650618;2.771387;2024-10-22 07:20:00
202400005325.0;1;91;91129;2;1;1.0;6.0;48.479939;2.320977;2024-10-21 13:17:00
202400005326.0;1;22;22176;1;3;1.0;3.0;48.449938;-2.706848;2024-05-29 12:35:00
202400005327.0;1;30;30130;1;1;1.0;7.0;44.359011;3.918288;2024-10-22 14:00:00
202400005328.0;3;83;83107;2;1;1.0;6.0;43.441013;6.59489;2024-10-22 18:18:00
202400005329.0;2;60;60010;1;1;1.0;3.0;49.22378147;2.10478091;2024-06-05 21:00:00
202400005330.0;1;73;73307;1;1;1.0;6.0;45.17733218;6.49123078;2024-10-22 15:30:00
202400005331.0;1;80;80338;2;3;7.0;6.0;49.896742;2.503123;2024-06-06 07:15:00
202400005332.0;2;69;69176;1;1;2.0;1.0;45.67789683;4.70573859;2024-10-22 07:40:00
202400005333.0;1;62;62604;2;2;1.0;3.0;50.615274;1.631212;2024-06-06 15:50:00
202400005334.0;3;9;9099;1;1;1.0;1.0;42.985594;1.562719;2024-10-21 19:52:00
202400005335.0;1;59;59411;1;2;1.0;1.0;50.478507;3.124838;2024-06-06 16:50:00
202400005336.0;1;33;33122;1;1;1.0;3.0;44.726442;-0.731102;2024-06-04 19:35:00
202400005337.0;1;33;33233;1;1;1.0;4.0;45.159611;-0.348436;2024-09-24 15:40:00
202400005338.0;1;59;59343;1;1;2.0;6.0;50.59944;3.13758;2024-06-01 08:50:00
202400005339.0;1;94;94021;1;1;1.0;3.0;48.76191441;2.34024905;2024-06-05 10:20:00
202400005340.0;5;33;33449;2;2;1.0;5.0;44.892506;-0.710187;2024-10-22 07:00:00
202400005341.0;1;78;78423;1;1;1.0;3.0;48.796786;2.025593;2024-06-05 17:30:00
202400005342.0;2;85;85302;1;1;1.0;1.0;46.948918;-0.991779;2024-10-21 08:50:00
202400005343.0;1;92;92025;1;1;1.0;3.0;48.92755851;2.23725934;2024-06-04 07:40:00
202400005344.0;1;94;94073;1;1;1.0;2.0;48.7542676;2.38140831;2024-06-05 18:00:00
202400005345.0;1;13;13211;1;1;1.0;2.0;43.28631198;5.43087085;2024-10-21 13:00:00
202400005346.0;1;94;94028;1;1;1.0;2.0;48.78988004;2.44029159;2024-06-05 17:00:00
202400005347.0;1;59;59090;1;1;2.0;5.0;50.71472;3.12348;2024-10-18 12:26:00
202400005348.0;1;976;97611;1;1;1.0;6.0;45.23097;12.75862;2024-06-03 15:00:00
202400005349.0;3;91;91689;1;1;1.0;3.0;48.72355;2.31218;2024-10-21 19:30:00
202400005350.0;5;974;97411;1;1;2.0;6.0;-20.8952;55.5012;2024-06-05 00:01:00
202400005351.0;1;974;97411;1;1;1.0;2.0;-20.87469;55.43266;2024-06-04 15:50:00
202400005352.0;1;91;91340;1;1;1.0;5.0;48.59932;2.44014;2024-10-21 14:30:00
202400005353.0;1;974;97411;2;1;1.0;3.0;-20.90171;55.49672;2024-06-04 08:40:00
202400005354.0;3;92;92036;1;1;1.0;6.0;48.93353738;2.2742432;2024-10-20 06:32:00
202400005355.0;1;974;97407;2;1;1.0;6.0;-20.93793;55.29574;2024-06-04 09:45:00
202400005356.0;2;974;97407;2;6;1.0;3.0;-20.94054;55.30808;2024-06-04 06:15:00
202400005357.0;1;93;93064;1;1;1.0;2.0;48.88638237;2.48441756;2024-10-21 09:45:00
202400005358.0;1;69;69149;2;1;1.0;6.0;45.7101;4.80662;2024-06-04 20:35:00
202400005359.0;3;94;94069;1;1;1.0;2.0;48.81661087;2.44867515;2024-10-21 19:20:00
202400005360.0;5;69;69384;2;1;1.0;6.0;45.77443;4.81528;2024-06-04 19:30:00
202400005361.0;1;62;62108;2;3;1.0;3.0;50.40593;1.57262;2024-07-16 13:10:00
202400005362.0;1;69;69389;2;9;1.0;3.0;45.78681;4.78672;2024-06-04 13:50:00
202400005363.0;2;44;44109;2;2;1.0;3.0;47.20968802;-1.52945564;2024-10-07 17:03:00
202400005364.0;1;2B;2B033;2;1;1.0;4.0;42.6285;9.44431;2024-06-04 07:54:00
202400005365.0;1;47;47001;2;1;1.0;3.0;44.20548;0.62836;2024-10-20 16:05:00
202400005366.0;1;971;97101;1;1;1.0;3.0;16.2404;-61.51132;2024-06-04 16:20:00
202400005367.0;1;987;98736;1;6;1.0;3.0;-17.52819;-149.54866;2024-10-20 06:25:00
202400005368.0;2;987;98736;2;1;1.0;1.0;-17.54138;-149.55227;2024-10-19 18:05:00
202400005369.0;2;972;97209;2;1;2.0;3.0;14.61203;-61.07018;2024-10-19 18:05:00
202400005370.0;2;95;95277;2;1;2.0;1.0;48.9810291;2.48035848;2024-10-19 18:10:00
202400005371.0;4;95;95219;2;9;1.0;3.0;48.99806727;2.25360571;2024-10-20 20:10:00
202400005372.0;1;91;91521;2;1;2.0;1.0;48.65182;2.41387;2024-10-19 18:20:00
202400005373.0;1;86;86194;2;3;1.0;6.0;46.569134;0.369485;2024-10-20 18:05:00
202400005374.0;1;84;84031;2;1;1.0;2.0;44.05077;5.04154;2024-10-19 18:13:00
202400005375.0;1;84;84031;2;1;1.0;3.0;44.05054;5.03534;2024-10-18 17:55:00
202400005376.0;5;82;82121;2;1;1.0;3.0;44.02802;1.36866;2024-10-20 07:15:00
202400005377.0;5;82;82033;2;9;1.0;7.0;44.06536864;1.09716314;2024-10-20 20:45:00
202400005378.0;1;77;77284;2;4;1.0;3.0;48.95919;2.8727;2024-10-20 17:50:00
202400005379.0;1;76;76231;1;1;1.0;6.0;49.28695808;0.98600367;2024-10-20 09:25:00