Num_Acc;lum;departement;commune;agglomeration;intersection;meteo;type_collision;lat;long;date
202400005380.0;3;69;69013;2;1;1.0;6.0;46.01866;4.72091;2024-10-20 06:00:00
202400005381.0;5;67;67180;1;1;1.0;3.0;48.7993;7.83681;2024-10-20 18:35:00
202400005382.0;3;66;66136;1;1;1.0;1.0;42.72729364;2.86004484;2024-10-20 20:00:00
202400005383.0;1;66;66136;2;1;1.0;4.0;42.67852;2.90488;2024-10-19 18:20:00
202400005384.0;1;63;63300;2;3;1.0;3.0;45.884;3.1237;2024-10-19 17:02:00
202400005385.0;2;63;63019;1;1;1.0;6.0;45.7982;3.1615;2024-10-20 19:07:00
202400005386.0;5;63;63113;2;2;1.0;3.0;45.76674;3.10726;2024-10-19 06:36:00
202400005387.0;5;62;62563;2;1;2.0;6.0;50.47033381;2.71699644;2024-10-20 02:00:00
202400005388.0;3;60;60175;2;1;2.0;6.0;49.25942012;2.46126473;2024-10-19 01:00:00
202400005389.0;1;59;59426;1;1;1.0;2.0;50.7433;3.1509;2024-10-20 16:20:00
202400005390.0;5;59;59650;2;9;2.0;3.0;50.70323;3.19561;2024-10-20 22:05:00
202400005391.0;1;59;59041;2;6;1.0;7.0;50.205849;3.851867;2024-10-19 12:05:00
202400005392.0;1;56;56260;2;1;8.0;2.0;47.6581;-2.76511;2024-10-20 15:00:00
202400005393.0;1;45;45004;1;1;1.0;6.0;47.98522;2.81831;2024-10-20 11:47:00
202400005394.0;5;37;37233;2;1;5.0;1.0;47.39122644;0.72555891;2024-10-20 02:50:00
202400005395.0;1;37;37208;2;5;2.0;3.0;47.36572;0.71535;2024-10-19 15:20:00
202400005396.0;5;36;36044;2;1;1.0;6.0;46.81094762;1.68825611;2024-10-19 04:50:00
202400005397.0;3;35;35238;2;1;2.0;6.0;48.13259;-1.66739;2024-10-21 02:10:00
202400005398.0;1;35;35238;2;2;2.0;3.0;48.12836;-1.66411;2024-10-20 18:20:00
202400005399.0;1;33;33063;2;1;1.0;3.0;44.858516;-0.624723;2024-10-20 11:15:00
202400005400.0;3;33;33119;2;1;1.0;6.0;44.85335;-0.50585;2024-10-20 04:25:00
202400005401.0;2;31;31555;2;1;1.0;6.0;43.57812;1.43946;2024-10-20 19:00:00
202400005402.0;5;31;31557;2;1;1.0;2.0;43.577524;1.3268021;2024-10-20 00:01:00
202400005403.0;1;31;31555;2;1;1.0;6.0;43.613647;1.476349;2024-10-20 09:00:00
202400005404.0;1;31;31557;2;1;1.0;6.0;43.58796;1.35293;2024-10-20 09:24:00
202400005405.0;1;30;30007;2;6;1.0;1.0;44.12863;4.07628;2024-10-19 16:20:00
202400005406.0;1;27;27701;2;9;1.0;5.0;49.2474;1.18576;2024-10-20 15:40:00
202400005407.0;1;27;27229;2;1;1.0;7.0;49.02389;1.12884;2024-10-20 15:51:00
202400005408.0;5;26;26362;2;1;1.0;6.0;44.89870728;4.8817277;2024-10-20 05:50:00
202400005409.0;3;22;22215;1;1;2.0;3.0;48.48657;-2.83375;2024-10-20 22:32:00
202400005410.0;1;19;19031;2;6;1.0;3.0;45.1565;1.50427;2024-10-20 09:53:00
202400005411.0;1;13;13071;1;1;1.0;3.0;43.41396128;5.34479106;2024-10-20 19:11:00
202400005412.0;5;13;13103;2;1;1.0;6.0;43.65634;5.08543;2024-10-20 05:05:00
202400005413.0;5;13;13204;2;1;1.0;2.0;43.30971;5.40067;2024-10-20 21:47:00
202400005414.0;2;13;13208;2;1;1.0;3.0;43.27342;5.39267;2024-10-20 19:05:00
202400005415.0;1;13;13206;2;8;1.0;3.0;43.29212;5.38003;2024-10-20 14:30:00
202400005416.0;5;13;13212;2;1;1.0;6.0;43.30582;5.4185;2024-10-19 20:00:00
202400005417.0;1;13;13209;2;1;1.0;3.0;43.2731871;5.41427228;2024-10-19 15:55:00
202400005418.0;5;13;13001;2;2;1.0;3.0;43.529;5.436;2024-10-20 19:20:00
202400005419.0;1;7;7281;1;1;1.0;7.0;44.93488194;4.81564917;2024-10-20 15:45:00
202400005420.0;1;5;5061;1;6;1.0;2.0;44.55734653;6.05499566;2024-10-04 14:50:00
202400005421.0;1;5;5061;2;6;8.0;3.0;44.55787;6.06875;2024-10-09 08:55:00
202400005422.0;2;2;2408;2;2;1.0;6.0;49.56881;3.63195;2024-10-19 19:20:00
202400005423.0;1;75;75112;2;4;2.0;4.0;48.83584454;2.41193354;2024-10-20 17:30:00
202400005424.0;5;75;75118;2;4;1.0;2.0;48.900819;2.333069;2024-10-19 21:20:00
202400005425.0;1;75;75112;2;1;1.0;2.0;48.840464;2.413466;2024-10-19 16:30:00
202400005426.0;5;75;75120;2;2;2.0;7.0;48.847178;2.411278;2024-10-20 00:05:00
202400005427.0;1;75;75119;2;3;8.0;6.0;48.885153;2.379431;2024-10-19 17:55:00
202400005428.0;1;75;75116;2;2;1.0;3.0;48.874942;2.271105;2024-10-20 17:30:00
202400005429.0;1;75;75115;2;1;1.0;3.0;48.844923;2.311768;2024-10-20 15:40:00
202400005430.0;5;75;75115;2;4;1.0;3.0;48.845012;2.319967;2024-10-20 02:45:00
202400005431.0;5;75;75113;2;4;7.0;6.0;48.82732973;2.36905852;2024-10-20 00:55:00
202400005432.0;5;75;75110;2;3;1.0;6.0;48.872445;2.34797;2024-10-20 00:42:00
202400005433.0;2;47;47060;1;1;1.0;6.0;44.123091;0.763854;2024-03-19 19:05:00
202400005434.0;3;8;8115;1;1;1.0;6.0;49.62444308;4.85854101;2024-03-21 20:50:00
202400005435.0;1;73;73269;1;2;1.0;3.0;45.680535;5.790278;2024-03-22 08:30:00
202400005436.0;1;43;43033;1;1;1.0;5.0;45.314597;3.209848;2024-03-20 14:30:00
202400005437.0;5;45;45247;2;3;1.0;3.0;48.010439;2.693158;2024-03-20 21:12:00
202400005438.0;1;18;18272;1;1;1.0;1.0;47.273646;2.740048;2024-03-22 11:15:00
202400005439.0;1;84;84116;2;1;1.0;2.0;44.258343;5.097319;2024-03-22 14:00:00
202400005440.0;1;81;81238;2;3;1.0;2.0;43.478471;2.486435;2024-03-22 15:30:00
202400005441.0;1;11;11203;2;1;1.0;3.0;43.19883;2.758293;2024-03-18 16:45:00
202400005442.0;1;86;86198;1;1;1.0;7.0;46.542561;0.589593;2024-03-21 15:40:00
202400005443.0;3;35;35063;1;1;5.0;2.0;48.31780661;-1.33057533;2024-03-22 01:40:00
202400005444.0;1;6;6064;1;1;1.0;1.0;43.769048;7.180188;2024-03-21 09:37:00
202400005445.0;1;83;83116;1;3;1.0;1.0;43.458659;5.835607;2024-03-21 15:30:00
202400005446.0;2;95;95660;1;1;1.0;3.0;49.07489794;2.3469528;2024-03-22 06:33:00
202400005447.0;1;51;51247;1;2;1.0;1.0;48.868625;3.848546;2024-03-21 09:15:00
202400005448.0;1;51;51149;1;1;1.0;4.0;48.9016;4.447703;2024-03-21 08:00:00
202400005449.0;1;76;76689;1;6;1.0;4.0;49.70380204;0.50578013;2024-03-21 16:30:00
202400005450.0;1;80;80500;1;2;1.0;1.0;50.016281;1.576163;2024-03-21 18:00:00
202400005451.0;3;80;80622;1;1;1.0;7.0;49.925274;2.142602;2024-03-22 01:30:00
202400005452.0;1;11;11094;1;1;1.0;6.0;43.035207;2.415147;2024-03-21 11:48:00
202400005453.0;1;89;89418;1;1;1.0;6.0;47.850636;4.038935;2024-03-21 16:30:00
202400005454.0;1;63;63453;2;6;1.0;3.0;45.786275;3.280626;2024-03-21 07:00:00
202400005455.0;1;61;61332;1;3;5.0;4.0;48.703579;-0.346627;2024-03-21 09:35:00
202400005456.0;3;61;61508;1;1;5.0;6.0;48.935567;0.208375;2024-03-22 05:35:00
202400005457.0;1;46;46293;1;1;1.0;6.0;44.883949;1.565241;2024-03-19 15:25:00
202400005458.0;1;25;25527;2;2;1.0;3.0;47.183595;5.812181;2024-03-22 07:30:00
202400005459.0;1;25;25612;1;1;1.0;6.0;47.340335;6.081104;2024-03-21 14:00:00
202400005460.0;2;31;31311;1;1;1.0;1.0;43.81675787;1.52794257;2024-03-18 18:25:00
202400005461.0;1;84;84050;1;1;1.0;1.0;43.883078;5.189012;2024-03-21 18:00:00
202400005462.0;1;3;3304;2;3;1.0;1.0;46.166989;3.336244;2024-03-20 17:00:00
202400005463.0;1;15;15265;1;2;1.0;1.0;45.330497;2.428008;2024-03-22 15:50:00
202400005464.0;1;58;58229;1;1;1.0;7.0;47.422135;3.883356;2024-03-21 13:00:00
202400005465.0;3;14;14161;1;1;1.0;1.0;49.223259;0.11909;2024-03-22 05:20:00
202400005466.0;2;14;14716;1;1;5.0;1.0;49.180311;-0.716273;2024-03-21 08:15:00
202400005467.0;1;43;43137;2;9;1.0;3.0;45.289813;4.170114;2024-03-20 12:30:00
202400005468.0;1;10;10323;2;1;1.0;3.0;48.504258;3.735157;2024-03-22 14:21:00
202400005469.0;3;36;36226;1;1;1.0;6.0;46.60362834;1.8650213;2024-03-22 19:50:00
202400005470.0;3;7;7337;1;1;1.0;6.0;45.233902;4.721079;2024-03-21 23:00:00
202400005471.0;1;4;4209;2;6;1.0;3.0;44.186201;5.939701;2024-03-01 13:16:00
202400005472.0;1;4;4022;1;1;1.0;6.0;43.9604642;6.34397569;2024-03-21 16:00:00
202400005473.0;1;27;27463;1;1;1.0;1.0;49.126719;0.636263;2024-03-22 16:28:00
202400005474.0;1;87;87187;1;1;1.0;1.0;45.559865;1.190547;2024-03-22 17:15:00
202400005475.0;1;8;8251;1;1;1.0;1.0;49.748762;4.452027;2024-03-22 10:15:00
202400005476.0;1;35;35206;1;1;1.0;5.0;48.04104664;-1.62531611;2024-03-21 17:15:00
202400005477.0;4;69;69244;2;2;1.0;6.0;45.763062;4.780431;2024-03-21 20:10:00
202400005478.0;3;1;1089;1;1;1.0;2.0;45.967185;5.307679;2024-03-20 22:03:00
202400005479.0;1;42;42255;1;1;1.0;6.0;45.891726;3.863293;2024-03-21 08:00:00
202400005480.0;1;69;69097;1;1;1.0;1.0;45.50788916;4.72241892;2024-02-08 09:30:00
202400005481.0;2;971;97115;1;1;1.0;1.0;16.264159;-61.644539;2024-03-17 06:30:00
202400005482.0;1;33;33085;1;1;1.0;1.0;44.774834;-0.492454;2024-03-22 16:10:00
202400005483.0;1;77;77329;2;3;7.0;3.0;48.259209;2.81139;2024-03-21 17:35:00
202400005484.0;1;13;13027;1;6;1.0;3.0;43.894313;4.822494;2024-03-21 18:10:00
202400005485.0;1;42;42165;1;1;1.0;1.0;45.779919;4.324391;2024-03-22 15:20:00
202400005486.0;2;42;42107;1;1;7.0;1.0;45.543047;3.947219;2024-03-22 17:45:00
202400005487.0;1;38;38449;2;1;1.0;6.0;45.649801;5.100199;2024-03-21 17:00:00
202400005488.0;1;1;1027;1;3;1.0;3.0;45.834694;5.083569;2024-03-20 08:00:00
202400005489.0;1;64;64230;1;1;1.0;7.0;43.227858;-0.434593;2024-03-21 14:45:00
202400005490.0;3;33;33517;1;1;1.0;6.0;45.056023;-0.707771;2024-03-22 20:15:00
202400005491.0;1;33;33256;2;1;1.0;7.0;44.977292;-0.605149;2024-03-22 15:15:00
202400005492.0;1;22;22277;1;2;1.0;3.0;48.405681;-2.872689;2024-03-22 13:15:00
202400005493.0;3;60;60134;1;1;1.0;7.0;49.311841;2.424127;2024-03-22 01:35:00
202400005494.0;1;59;59036;2;1;1.0;2.0;50.121257;3.933401;2024-03-22 12:00:00
202400005495.0;1;13;13028;1;1;1.0;3.0;43.2078059;5.6161685;2024-03-21 18:00:00
202400005496.0;1;67;67124;1;1;1.0;3.0;48.52181;7.63491;2024-03-20 09:00:00
202400005497.0;1;33;33090;1;1;1.0;3.0;44.7707;-0.6609;2024-03-21 16:05:00
202400005498.0;2;33;33162;1;1;1.0;6.0;44.85906;-0.66149;2024-03-21 06:50:00
202400005499.0;1;59;59179;1;1;1.0;6.0;50.29766095;3.36698567;2024-03-18 10:30:00
202400005500.0;1;91;91617;1;1;1.0;2.0;48.631759;2.520932;2024-03-21 17:30:00
202400005501.0;1;92;92060;1;1;1.0;4.0;48.77324523;2.24198907;2024-03-21 17:00:00
202400005502.0;1;91;91228;1;1;1.0;2.0;48.624808;2.417792;2024-03-21 12:40:00
202400005503.0;2;91;91521;1;1;1.0;7.0;48.62633;2.39777;2024-03-21 06:10:00
202400005504.0;1;92;92036;1;1;7.0;5.0;48.935952;2.28705609;2024-03-21 16:45:00
202400005505.0;3;95;95500;1;1;1.0;2.0;49.03816574;2.08861975;2024-03-21 20:05:00
202400005506.0;1;95;95018;1;1;1.0;2.0;48.959158;2.27298835;2024-03-21 08:15:00
202400005507.0;4;93;93027;1;1;1.0;6.0;48.92610771;2.40185402;2024-03-21 02:50:00
202400005508.0;1;93;93053;1;1;1.0;6.0;48.89292727;2.47244859;2024-03-20 08:00:00
202400005509.0;1;93;93066;1;1;1.0;5.0;48.92985457;2.36307976;2024-03-20 09:00:00
202400005510.0;3;94;94004;1;1;1.0;6.0;48.749097;2.508562;2024-03-21 18:30:00
202400005511.0;2;94;94022;1;1;1.0;5.0;48.77637562;2.42140187;2024-03-21 19:25:00
202400005512.0;1;94;94065;1;1;1.0;2.0;48.75377346;2.36791259;2024-03-21 09:30:00
202400005513.0;1;75;75112;1;1;1.0;2.0;48.825091;2.463879;2024-03-20 14:00:00
202400005514.0;1;77;77373;1;1;1.0;2.0;48.79060444;2.61841859;2024-03-20 08:00:00
202400005515.0;2;94;94028;1;1;1.0;5.0;48.77622723;2.42988971;2024-03-20 06:30:00
202400005516.0;1;44;44190;2;1;8.0;2.0;47.19097565;-1.52260338;2024-03-07 13:20:00
202400005517.0;5;44;44109;2;3;8.0;2.0;47.20889932;-1.56721683;2024-03-06 00:20:00
202400005518.0;1;44;44109;2;6;8.0;3.0;47.20678936;-1.53329691;2024-03-06 09:50:00
202400005519.0;1;44;44190;2;1;8.0;3.0;47.1893146;-1.51375981;2024-03-01 09:45:00
202400005520.0;5;14;14118;2;3;9.0;6.0;49.17242193;-0.38114727;2024-01-19 22:55:00
202400005521.0;1;44;44162;2;1;1.0;6.0;47.211;-1.629;2024-03-01 17:10:00
202400005522.0;5;75;75120;2;3;1.0;2.0;48.847939;2.416146;2024-01-07 06:35:00
202400005523.0;1;974;97411;2;2;1.0;6.0;-20.8953;55.4966;2024-03-20 09:50:00
202400005524.0;1;974;97411;2;1;1.0;6.0;-20.899;55.47587;2024-03-20 07:25:00
202400005525.0;1;69;69383;2;2;1.0;6.0;45.74442;4.88782;2024-03-20 16:50:00
202400005526.0;5;69;69389;2;3;1.0;3.0;45.77497;4.80806;2024-03-20 20:30:00
202400005527.0;1;91;91345;1;1;1.0;5.0;48.68856;2.32483;2024-07-08 10:21:00
202400005528.0;1;2B;2B037;2;1;1.0;4.0;42.61;9.41;2024-03-20 08:44:00
202400005529.0;1;95;95219;2;6;1.0;6.0;48.98577128;2.25599483;2024-03-20 08:50:00
202400005530.0;1;78;78118;1;1;1.0;2.0;48.98632;1.667273;2024-07-08 17:50:00
202400005531.0;1;78;78640;1;1;1.0;7.0;48.781111;2.222771;2024-07-06 20:40:00
202400005532.0;5;91;91103;2;1;1.0;3.0;48.59957;2.29338;2024-03-20 20:10:00
202400005533.0;1;95;95256;1;1;1.0;6.0;49.0544054;2.20094562;2024-07-08 21:30:00
202400005534.0;1;89;89024;1;2;1.0;3.0;47.78934;3.5503;2024-03-18 07:20:00
202400005535.0;3;95;95607;1;1;1.0;2.0;49.01377761;2.2191127;2024-07-08 00:05:00
202400005536.0;1;87;87085;2;2;1.0;3.0;45.8398;1.23481;2024-03-20 09:21:00
202400005537.0;1;92;92036;1;1;1.0;3.0;48.94364712;2.28775617;2024-07-07 21:05:00
202400005538.0;1;87;87050;2;1;1.0;3.0;45.86466;1.23802;2024-03-19 16:37:00
202400005539.0;1;94;94004;1;1;1.0;3.0;48.7502564;2.51474261;2024-07-08 09:00:00
202400005540.0;1;87;87065;2;1;1.0;2.0;45.81551;1.3137;2024-03-19 15:45:00
202400005541.0;5;93;93008;2;1;4.0;2.0;48.9;2.45;2024-01-08 22:30:00
202400005542.0;1;87;87085;2;7;1.0;3.0;45.83294;1.2558;2024-03-18 17:08:00
202400005543.0;3;93;93027;1;1;1.0;6.0;48.927509;2.40851641;2024-02-07 01:20:00
202400005544.0;1;87;87085;2;1;1.0;6.0;45.83453;1.27028;2024-03-18 11:46:00
202400005545.0;1;85;85194;2;1;1.0;7.0;46.50392;-1.78834;2024-03-20 17:45:00
202400005546.0;1;85;85194;2;1;1.0;1.0;46.4833065;-1.7238342;2024-03-20 16:30:00
202400005547.0;3;93;93029;1;1;1.0;7.0;48.9191414;2.42853445;2024-02-06 23:00:00
202400005548.0;1;84;84080;1;6;1.0;6.0;44.0191;4.96835;2024-03-20 09:30:00
202400005549.0;1;84;84007;2;3;8.0;7.0;43.94077;4.81678;2024-03-17 15:20:00
202400005550.0;5;78;78440;2;2;1.0;3.0;48.98767;1.92236;2024-03-19 20:30:00
202400005551.0;1;78;78644;2;9;1.0;6.0;48.75961;1.96445;2024-03-16 18:35:00
202400005552.0;1;77;77449;2;2;1.0;1.0;48.85384;2.77373;2024-03-20 09:00:00
202400005553.0;1;93;93066;2;9;1.0;5.0;48.91505893;2.35777974;2024-02-06 17:45:00
202400005554.0;1;76;76351;2;3;1.0;6.0;49.50877;0.10897;2024-03-19 11:30:00
202400005555.0;3;93;93053;1;1;2.0;7.0;48.88402776;2.45995123;2024-02-06 17:45:00
202400005556.0;5;974;97411;2;1;1.0;6.0;-20.89214664;55.44452906;2024-07-08 02:10:00
202400005557.0;5;69;69266;2;4;1.0;3.0;45.75962755;4.88997087;2024-03-20 20:05:00
202400005558.0;3;973;97302;2;1;1.0;7.0;4.94432;-52.31775;2024-07-07 21:00:00
202400005559.0;2;69;69029;2;9;1.0;3.0;45.73032;4.88967;2024-03-19 19:45:00
202400005560.0;5;69;69386;2;2;1.0;3.0;45.76521;4.8679;2024-07-07 22:48:00
202400005561.0;1;67;67482;2;3;1.0;3.0;48.58748;7.73868;2024-03-20 10:00:00
202400005562.0;2;69;69259;2;2;1.0;2.0;45.69708;4.88756;2024-07-07 05:50:00
202400005563.0;1;64;64122;2;1;1.0;6.0;43.4807;-1.5587;2024-03-20 11:10:00
202400005564.0;5;2B;2B033;2;1;1.0;1.0;42.69457;9.45245;2024-07-07 06:15:00
202400005565.0;2;64;64122;2;2;1.0;1.0;43.4624;-1.5512;2024-03-20 07:00:00
202400005566.0;1;95;95424;2;9;1.0;1.0;48.985391;2.197203;2024-07-07 17:30:00
202400005567.0;2;62;62498;2;4;1.0;3.0;50.437;2.8421;2024-03-20 05:20:00
202400005568.0;1;91;91377;2;1;1.0;6.0;48.73021;2.2764;2024-07-07 13:30:00
202400005569.0;1;54;54547;1;1;1.0;2.0;48.66371205;6.18920267;2024-03-19 17:25:00
202400005570.0;5;51;51454;1;1;1.0;6.0;49.23412;4.07849;2024-03-20 20:05:00
202400005571.0;1;51;51454;2;9;1.0;3.0;49.23601;4.00618;2024-03-20 14:20:00
202400005572.0;1;88;88428;1;1;1.0;3.0;48.30639;6.90756;2024-07-07 21:10:00
202400005573.0;1;51;51454;2;1;1.0;2.0;49.24703;4.03435;2024-03-20 15:49:00
202400005574.0;1;86;86066;2;2;1.0;3.0;46.81126;0.52739;2024-07-06 18:00:00
202400005575.0;1;49;49328;2;6;1.0;3.0;47.25355;-0.08536;2024-03-20 14:40:00
202400005576.0;1;84;84031;2;1;1.0;2.0;44.07951;5.06689;2024-07-07 17:10:00
202400005577.0;1;49;49099;2;1;2.0;6.0;47.06185;-0.87883;2024-02-21 15:30:00
202400005578.0;1;84;84080;1;3;1.0;5.0;44.03588;5.00704;2024-07-06 13:20:00
202400005579.0;1;49;49007;2;1;1.0;6.0;47.46168;-0.54691;2024-03-19 14:05:00
202400005580.0;1;37;37261;2;1;1.0;3.0;47.38139985;0.69263488;2024-03-20 13:20:00
202400005581.0;1;35;35238;2;1;1.0;6.0;48.12933174;-1.67310432;2024-03-20 18:30:00
202400005582.0;1;76;76114;2;3;1.0;3.0;49.56271;0.47468;2024-07-06 18:35:00
202400005583.0;1;34;34032;1;3;1.0;3.0;43.35174;3.22022;2024-03-20 09:10:00
202400005584.0;1;33;33318;2;1;1.0;7.0;44.80798;-0.64942;2024-03-20 08:40:00
202400005585.0;5;74;74010;2;6;2.0;3.0;45.9072;6.14084;2024-07-07 05:14:00
202400005586.0;1;33;33075;2;2;1.0;3.0;44.879638;-0.626792;2024-03-17 11:40:00
202400005587.0;5;73;73065;1;1;1.0;6.0;45.58269405;5.91121852;2024-07-07 05:35:00
202400005588.0;2;63;63308;1;1;1.0;1.0;45.74908;3.0462;2024-07-07 21:15:00
202400005589.0;2;33;33063;2;2;1.0;3.0;44.85921;-0.5894;2024-03-20 06:40:00
202400005590.0;5;62;62239;2;6;1.0;6.0;50.92943;1.79821;2024-07-07 03:40:00
202400005591.0;5;31;31149;2;6;1.0;3.0;43.60912246;1.35273993;2024-03-20 20:20:00
202400005592.0;1;60;60159;2;3;1.0;3.0;49.39684;2.79647;2024-07-23 16:30:00
202400005593.0;1;28;28134;2;6;1.0;3.0;48.74207;1.38771;2024-03-20 17:15:00
202400005594.0;1;56;56206;1;9;1.0;3.0;47.66972;-2.72508;2024-07-07 16:20:00
202400005595.0;1;27;27299;2;1;1.0;7.0;49.05692;1.16835;2024-03-19 08:30:00
202400005596.0;1;54;54254;1;1;1.0;7.0;49.48698;5.8139;2024-07-07 14:10:00
202400005597.0;1;25;25056;2;1;7.0;3.0;47.24133;5.99247;2024-03-20 14:20:00
202400005598.0;3;47;47201;1;1;1.0;3.0;44.17082;0.61138;2024-07-05 23:10:00
202400005599.0;1;25;25056;2;2;1.0;1.0;47.245;6.003;2024-03-19 18:39:00
202400005600.0;1;45;45338;2;2;1.0;2.0;47.98111;2.71636;2024-07-07 11:55:00
202400005601.0;1;23;23096;2;3;1.0;3.0;46.16526;1.8731;2024-03-19 10:40:00
202400005602.0;1;37;37261;2;2;1.0;3.0;47.38729;0.67659;2024-07-07 08:15:00
202400005603.0;1;19;19031;2;1;1.0;3.0;45.15769643;1.5448662;2024-03-20 20:00:00
202400005604.0;1;34;34301;2;1;1.0;3.0;43.40484;3.66303;2024-07-07 11:30:00
202400005605.0;1;17;17415;2;6;1.0;3.0;45.72443;-0.6403;2024-03-20 07:45:00
202400005606.0;1;34;34172;2;1;1.0;6.0;43.60118;3.88166;2024-07-07 10:42:00
202400005607.0;1;17;17306;2;1;1.0;6.0;45.636102;-1.037195;2024-03-20 09:55:00
202400005608.0;1;29;29039;1;3;8.0;7.0;47.87446;-3.87913;2024-07-07 10:50:00
202400005609.0;5;13;13208;2;1;1.0;1.0;43.263;5.393;2024-03-20 23:25:00
202400005610.0;1;13;13210;2;1;1.0;1.0;43.27;5.426;2024-03-20 18:00:00
202400005611.0;1;13;13209;2;1;1.0;3.0;43.26580651;5.39972215;2024-03-20 11:30:00
202400005612.0;1;13;13214;2;1;1.0;6.0;43.32555;5.3811;2024-07-07 20:10:00
202400005613.0;1;13;13209;2;1;1.0;2.0;43.27112546;5.39186613;2024-03-20 06:55:00
202400005614.0;1;12;12176;1;1;2.0;1.0;44.37416;2.59661;2024-03-18 08:30:00
202400005615.0;1;7;7116;1;1;1.0;1.0;44.63952;4.37219;2024-07-06 12:15:00
202400005616.0;1;9;9225;2;1;1.0;3.0;43.11869;1.61432;2024-03-20 13:40:00
202400005617.0;1;6;6088;2;2;1.0;6.0;43.707;7.25981;2024-07-07 14:50:00
202400005618.0;5;6;6027;2;2;1.0;3.0;43.6589521;7.1627534;2024-03-20 05:38:00
202400005619.0;1;6;6088;2;2;1.0;3.0;43.716612;7.257327;2024-07-07 13:20:00
202400005620.0;1;6;6004;2;1;1.0;1.0;43.60109;7.09574;2024-03-19 13:10:00
202400005621.0;1;4;4070;2;1;1.0;6.0;44.11961;6.23425;2024-07-07 19:00:00
202400005622.0;1;75;75119;2;3;1.0;3.0;48.885696;2.370844;2024-03-20 16:45:00
202400005623.0;5;3;3185;2;7;1.0;1.0;46.34838;2.59485;2024-07-06 00:29:00
202400005624.0;3;75;75116;2;1;1.0;2.0;48.861638;2.230232;2024-03-20 19:00:00
202400005625.0;5;75;75116;2;1;1.0;3.0;48.846575;2.254875;2024-07-06 01:58:00
202400005626.0;1;75;75116;2;1;1.0;6.0;48.861694;2.230258;2024-03-17 17:30:00
202400005627.0;2;75;75118;2;1;1.0;4.0;48.900984;2.348038;2024-07-05 05:50:00
202400005628.0;2;75;75115;2;3;1.0;6.0;48.835251;2.285466;2024-03-20 19:15:00
202400005629.0;1;75;75107;2;3;1.0;2.0;48.849801;2.323321;2024-07-06 18:00:00
202400005630.0;1;75;75115;2;2;1.0;2.0;48.847344;2.297769;2024-03-20 18:59:00
202400005631.0;1;75;75115;2;2;1.0;7.0;48.846861;2.316711;2024-03-20 17:30:00
202400005632.0;1;75;75120;2;1;1.0;5.0;48.868742;2.413252;2024-07-06 16:37:00
202400005633.0;1;75;75106;2;5;1.0;1.0;48.852037;2.329806;2024-07-07 12:50:00
202400005634.0;1;75;75119;2;1;1.0;6.0;48.882243;2.39205;2024-07-07 09:40:00
202400005635.0;1;75;75115;2;3;1.0;3.0;48.851562;2.300269;2024-03-20 13:15:00
202400005636.0;5;75;75116;2;1;1.0;6.0;48.860068;2.29068;2024-07-06 23:40:00
202400005637.0;1;75;75113;2;3;1.0;3.0;48.833255;2.356825;2024-03-20 16:50:00
202400005638.0;1;75;75115;2;1;1.0;6.0;48.827896;2.271613;2024-07-07 19:00:00
202400005639.0;1;75;75112;2;1;1.0;3.0;48.842558;2.439242;2024-03-19 18:20:00
202400005640.0;5;75;75115;2;2;1.0;3.0;48.84917;2.281854;2024-07-05 23:45:00
202400005641.0;1;75;75110;2;1;7.0;7.0;48.876683;2.360946;2024-03-20 16:40:00
202400005642.0;1;75;75113;2;3;1.0;2.0;48.835762;2.35859;2024-07-06 12:40:00
202400005643.0;1;75;75107;2;3;1.0;1.0;48.85925;2.330207;2024-03-20 09:38:00
202400005644.0;1;75;75108;2;5;1.0;7.0;48.874842;2.305156;2024-07-07 14:53:00
202400005645.0;2;75;75107;2;3;1.0;7.0;48.859055;2.293263;2024-03-20 07:19:00
202400005646.0;5;75;75108;2;3;1.0;7.0;48.868003;2.30468;2024-07-06 04:20:00
202400005647.0;1;75;75104;2;3;1.0;6.0;48.860885;2.353321;2024-03-20 19:10:00
202400005648.0;1;75;75101;2;3;1.0;3.0;48.866556;2.334074;2024-07-07 15:30:00
202400005649.0;5;75;75104;2;3;1.0;6.0;48.85522;2.361143;2024-03-20 00:45:00
202400005650.0;1;75;75101;2;1;1.0;1.0;48.864992;2.328388;2024-03-19 11:30:00
202400005651.0;1;94;94078;2;1;1.0;2.0;48.746993;2.450619;2024-07-07 16:30:00
202400005652.0;1;75;75104;2;2;1.0;7.0;48.85436083;2.35495037;2024-03-19 09:05:00
202400005653.0;5;94;94076;2;1;1.0;6.0;48.79006;2.37402;2024-07-07 03:05:00
202400005654.0;1;94;94081;2;1;1.0;4.0;48.78861;2.37632;2024-03-20 18:20:00
202400005655.0;1;94;94034;2;9;1.0;3.0;48.753547;2.328037;2024-07-07 11:00:00
202400005656.0;5;94;94073;2;3;1.0;3.0;48.768626;2.368813;2024-03-20 22:00:00
202400005657.0;1;93;93073;1;1;1.0;6.0;48.98949045;2.52173717;2024-07-07 17:30:00
202400005658.0;1;94;94022;2;3;1.0;6.0;48.76576;2.40483;2024-03-20 14:02:00
202400005659.0;5;93;93072;2;3;1.0;3.0;48.94867;2.38056;2024-07-07 02:45:00
202400005660.0;2;77;77291;1;1;1.0;2.0;49.00517;2.58922;2024-03-20 06:40:00
202400005661.0;1;93;93048;2;1;1.0;3.0;48.86718612;2.44564176;2024-07-07 18:55:00
202400005662.0;5;93;93066;2;5;1.0;3.0;48.915427;2.357656;2024-03-20 19:15:00
202400005663.0;1;93;93064;2;1;1.0;4.0;48.862656;2.493578;2024-03-20 11:50:00