Num_Acc;lum;departement;commune;agglomeration;intersection;meteo;type_collision;lat;long;date
202400005664.0;2;92;92051;2;1;1.0;7.0;48.8892771;2.25936091;2024-07-07 05:00:00
202400005665.0;2;92;92050;2;1;1.0;7.0;48.88563867;2.21943516;2024-07-07 05:45:00
202400005666.0;1;93;93053;2;5;1.0;1.0;48.89049;2.4595;2024-03-19 12:05:00
202400005667.0;1;78;78356;1;1;1.0;7.0;48.745436;2.020304;2024-07-07 16:45:00
202400005668.0;1;93;93071;2;1;1.0;3.0;48.92976274;2.51717949;2024-03-20 12:30:00
202400005669.0;1;92;92046;2;1;1.0;3.0;48.8192484;2.29763675;2024-03-20 12:30:00
202400005670.0;1;76;76543;1;2;1.0;3.0;49.610962;0.497644;2024-07-06 21:15:00
202400005671.0;1;49;49244;1;1;8.0;7.0;47.371417;-0.83429;2024-07-07 17:00:00
202400005672.0;5;92;92073;2;9;1.0;4.0;48.86689677;2.229406;2024-03-20 19:38:00
202400005673.0;1;8;8232;1;1;1.0;1.0;49.737749;4.95625;2024-07-07 19:15:00
202400005674.0;1;92;92012;2;1;1.0;2.0;48.83573;2.24232;2024-03-20 12:29:00
202400005675.0;1;62;62745;1;3;2.0;7.0;50.470084;1.90792;2024-07-06 09:15:00
202400005676.0;1;51;51423;2;1;1.0;6.0;48.755099;4.841988;2024-03-21 17:15:00
202400005677.0;2;28;28085;1;1;1.0;6.0;48.438027;1.524353;2024-07-08 05:35:00
202400005678.0;1;5;5174;1;3;1.0;3.0;44.912692;6.671973;2024-03-21 15:10:00
202400005679.0;3;71;71481;1;1;1.0;6.0;46.19831;4.778141;2024-07-07 23:00:00
202400005680.0;1;76;76404;1;2;1.0;1.0;49.55247514;0.24805496;2024-03-20 18:10:00
202400005681.0;1;67;67437;2;1;1.0;7.0;48.740502;7.375194;2024-07-07 17:00:00
202400005682.0;1;22;22229;1;3;1.0;3.0;48.296603;-3.223833;2024-07-07 18:00:00
202400005683.0;1;74;74112;2;1;1.0;5.0;45.933778;6.084972;2024-03-20 16:55:00
202400005684.0;1;77;77242;2;1;1.0;6.0;48.486953;3.231697;2024-03-21 09:35:00
202400005685.0;1;83;83070;2;3;1.0;3.0;43.151783;6.444195;2024-07-08 13:35:00
202400005686.0;1;41;41184;1;1;1.0;7.0;47.690501;0.936649;2024-07-07 15:35:00
202400005687.0;1;79;79096;1;2;1.0;2.0;46.846984;-0.699584;2024-03-21 16:45:00
202400005688.0;5;2B;2B096;2;9;1.0;3.0;42.301393;9.166793;2024-03-21 19:24:00
202400005689.0;1;62;62773;1;1;8.0;7.0;50.63626111;1.77467121;2024-07-08 19:56:00
202400005690.0;3;82;82156;1;9;2.0;6.0;43.993934;0.982418;2024-03-20 20:22:00
202400005691.0;1;56;56101;1;1;1.0;7.0;47.868625;-3.067546;2024-07-06 14:14:00
202400005692.0;1;71;71367;1;1;1.0;5.0;46.639301;5.28429;2024-03-20 16:40:00
202400005693.0;1;69;69248;1;1;1.0;6.0;46.0392709;4.32703395;2024-07-08 09:20:00
202400005694.0;1;49;49215;1;2;1.0;3.0;47.101849;-0.098405;2024-03-21 12:55:00
202400005695.0;1;12;12286;1;1;1.0;6.0;43.909519;2.746968;2024-03-20 17:00:00
202400005696.0;2;69;69066;2;3;1.0;3.0;46.100372;4.322332;2024-06-18 21:24:00
202400005697.0;1;47;47306;1;1;1.0;6.0;44.3800579;0.50046685;2024-03-20 15:30:00
202400005698.0;1;71;71263;2;3;1.0;5.0;46.635664;5.212516;2024-07-08 18:26:00
202400005699.0;1;68;68018;1;3;1.0;1.0;47.659251;7.158097;2024-03-20 17:00:00
202400005700.0;2;71;71162;2;3;1.0;3.0;46.980094;4.347363;2024-07-08 19:55:00
202400005701.0;3;71;71014;1;1;1.0;7.0;46.971691;4.329327;2024-07-06 22:45:00
202400005702.0;1;35;35327;1;1;1.0;2.0;48.103262;-1.461343;2024-03-21 09:00:00
202400005703.0;1;89;89025;2;1;1.0;6.0;47.492397;3.908306;2024-07-08 09:45:00
202400005704.0;3;35;35023;1;1;1.0;1.0;48.15609965;-1.96922824;2024-03-19 19:50:00
202400005705.0;1;89;89419;1;1;1.0;1.0;47.7388;3.3332;2024-07-07 16:45:00
202400005706.0;4;38;38144;1;4;1.0;5.0;45.580496;5.063099;2024-03-18 19:40:00
202400005707.0;2;76;76374;2;6;1.0;3.0;50.015682;1.498134;2024-07-07 21:25:00
202400005708.0;1;3;3188;1;3;1.0;1.0;46.288596;3.253638;2024-03-21 16:20:00
202400005709.0;3;49;49002;1;3;1.0;6.0;47.334037;0.027488;2024-07-07 03:52:00
202400005710.0;1;58;58082;1;1;1.0;7.0;47.121169;3.931459;2024-03-19 10:30:00
202400005711.0;2;29;29250;1;1;1.0;6.0;48.22186042;-3.5874725;2024-07-07 08:30:00
202400005712.0;1;66;66015;2;1;1.0;7.0;42.562462;2.878407;2024-03-19 18:20:00
202400005713.0;1;38;38029;2;1;1.0;6.0;45.578892;5.526528;2024-06-25 08:15:00
202400005714.0;1;2;2185;1;1;1.0;7.0;49.126606;3.180006;2024-07-07 17:30:00
202400005715.0;1;3;3089;1;1;1.0;6.0;46.216783;3.006542;2024-07-07 20:00:00
202400005716.0;1;6;6153;2;1;1.0;5.0;44.066493;7.202214;2024-03-21 12:15:00
202400005717.0;1;1;1147;2;1;1.0;7.0;46.418911;5.293533;2024-07-07 16:05:00
202400005718.0;1;26;26112;1;1;1.0;3.0;44.387891;5.2316;2024-07-08 15:50:00
202400005719.0;1;58;58039;2;1;1.0;3.0;47.420734;3.605704;2024-07-06 17:15:00
202400005720.0;1;14;14578;1;3;1.0;3.0;49.355421;0.170822;2024-07-06 16:18:00
202400005721.0;1;5;5184;1;1;1.0;2.0;44.405964;5.960941;2024-07-08 12:35:00
202400005722.0;1;50;50615;2;1;2.0;1.0;49.507652;-1.466197;2024-07-08 10:00:00
202400005723.0;1;16;16339;1;1;1.0;1.0;45.82084;-0.115925;2024-07-07 16:00:00
202400005724.0;1;4;4166;2;9;1.0;6.0;43.815818;6.096929;2024-07-07 11:30:00
202400005725.0;1;37;37064;1;2;1.0;3.0;46.875142;0.875572;2024-07-07 17:22:00
202400005726.0;1;48;48086;1;1;1.0;1.0;44.633742;3.892722;2024-07-07 12:10:00
202400005727.0;1;34;34333;1;9;1.0;2.0;43.491771;3.774512;2024-07-08 12:20:00
202400005728.0;1;82;82037;1;1;7.0;6.0;44.14251985;1.50102192;2024-07-08 12:33:00
202400005729.0;1;91;91085;1;1;1.0;2.0;48.546968;2.215762;2024-07-01 16:00:00
202400005730.0;3;31;31036;1;1;2.0;1.0;43.531508;1.575744;2024-07-07 01:00:00
202400005731.0;3;13;13087;1;1;1.0;1.0;43.489148;5.630997;2024-07-08 00:15:00
202400005732.0;1;45;45119;1;1;1.0;1.0;48.154463;2.227757;2024-07-07 18:30:00
202400005733.0;1;45;45254;2;1;1.0;3.0;47.66741;2.608373;2024-06-25 07:55:00
202400005734.0;2;77;77364;1;1;1.0;7.0;49.007532;2.772344;2024-07-07 05:20:00
202400005735.0;1;2A;2A247;1;1;1.0;3.0;41.640807;9.22374;2024-07-08 12:35:00
202400005736.0;5;66;66037;2;9;1.0;6.0;42.678824;3.031215;2024-07-08 01:08:00
202400005737.0;1;83;83065;1;1;1.0;3.0;43.261601;6.596952;2024-07-08 19:15:00
202400005738.0;1;13;13119;2;1;1.0;3.0;43.255952;5.566238;2024-07-07 20:31:00
202400005739.0;1;57;57348;2;1;1.0;7.0;49.105905;7.003328;2024-07-08 08:50:00
202400005740.0;1;73;73178;1;1;1.0;7.0;45.72872778;6.13000004;2024-07-04 19:15:00
202400005741.0;1;69;69019;1;1;1.0;6.0;46.130051;4.72609;2024-07-07 16:46:00
202400005742.0;1;65;65123;1;1;2.0;6.0;43.003455;0.192539;2024-07-06 12:20:00
202400005743.0;1;17;17155;2;5;7.0;6.0;45.732116;-1.098901;2024-07-08 09:30:00
202400005744.0;1;27;27279;2;2;1.0;3.0;49.084073;1.612061;2024-07-07 17:20:00
202400005745.0;1;62;62201;2;4;1.0;1.0;50.5622314;1.61739564;2024-07-06 11:30:00
202400005746.0;3;38;38442;1;1;1.0;6.0;45.335763;5.807278;2024-09-15 00:01:00
202400005747.0;1;59;59401;1;1;1.0;1.0;50.774774;2.66274;2024-06-30 07:03:00
202400005748.0;1;26;26235;2;6;6.0;2.0;44.360168;4.695625;2024-09-15 17:05:00
202400005749.0;3;13;13005;1;1;1.0;2.0;43.28848507;5.54834252;2024-07-06 00:31:00
202400005750.0;3;69;69152;1;1;1.0;2.0;45.71187;4.82428;2024-07-06 03:45:00
202400005751.0;1;69;69171;1;1;1.0;5.0;45.82031579;4.60559912;2024-09-16 12:10:00
202400005752.0;3;42;42218;1;1;1.0;6.0;45.43468702;4.43040383;2024-07-07 04:35:00
202400005753.0;1;19;19211;2;1;1.0;1.0;45.18169991;1.63784553;2024-09-15 16:40:00
202400005754.0;1;91;91521;1;1;1.0;4.0;48.6414259;2.39297032;2024-07-07 16:30:00
202400005755.0;2;72;72244;2;7;1.0;6.0;47.766359;-0.324762;2024-08-21 08:41:00
202400005756.0;1;91;91228;1;1;1.0;4.0;48.62087;2.42492;2024-07-07 13:05:00
202400005757.0;1;72;72154;1;2;1.0;3.0;47.685586;-0.078444;2024-09-14 15:20:00
202400005758.0;1;77;77384;1;1;1.0;6.0;48.594397;2.637365;2024-07-07 09:45:00
202400005759.0;1;91;91363;1;1;1.0;7.0;48.63401;2.21953;2024-07-07 08:40:00
202400005760.0;1;27;27436;1;1;1.0;2.0;48.917381;1.00982;2024-09-16 15:15:00
202400005761.0;1;33;33281;1;1;1.0;2.0;44.82002;-0.67366;2024-09-16 18:50:00
202400005762.0;3;91;91347;1;1;1.0;3.0;48.62216;2.28501;2024-07-07 02:50:00
202400005763.0;1;78;78158;1;1;1.0;2.0;48.84007;2.11562;2024-07-06 17:00:00
202400005764.0;1;59;59560;1;1;1.0;6.0;50.52478;3.04209;2024-09-13 08:30:00
202400005765.0;2;59;59532;1;1;3.0;2.0;50.9587;2.16269;2024-09-13 07:50:00
202400005766.0;1;93;93078;1;1;1.0;4.0;48.96165006;2.5451386;2024-07-07 18:10:00
202400005767.0;3;91;91235;1;1;1.0;3.0;48.62594;2.35302;2024-09-15 23:20:00
202400005768.0;1;93;93053;1;1;1.0;5.0;48.8833591;2.45795473;2024-07-06 21:45:00
202400005769.0;3;95;95675;1;1;1.0;6.0;49.05632608;2.54910176;2024-09-15 22:40:00
202400005770.0;1;93;93027;1;1;1.0;5.0;48.92581369;2.39761993;2024-07-06 11:10:00
202400005771.0;3;93;93066;1;1;1.0;2.0;48.90515615;2.35842786;2024-09-15 21:15:00
202400005772.0;1;95;95306;1;1;1.0;7.0;49.00273532;2.1701546;2024-07-05 17:50:00
202400005773.0;1;93;93078;1;1;1.0;2.0;48.96300436;2.52239723;2024-09-15 17:45:00
202400005774.0;2;77;77175;1;1;1.0;2.0;48.665522;2.612933;2024-07-07 06:00:00
202400005775.0;4;93;93010;1;1;1.0;6.0;48.89094081;2.47316485;2024-09-14 23:00:00
202400005776.0;3;93;93078;1;1;1.0;2.0;48.96569101;2.55693444;2024-09-14 21:20:00
202400005777.0;1;77;77294;1;1;1.0;4.0;48.967294;2.603831;2024-07-06 19:30:00
202400005778.0;1;93;93064;1;1;1.0;2.0;48.87923146;2.47630036;2024-09-14 12:00:00
202400005779.0;1;94;94028;1;1;1.0;3.0;48.7849558;2.44038354;2024-07-06 16:20:00
202400005780.0;1;93;93027;1;1;1.0;6.0;48.92479271;2.3919189;2024-09-13 13:15:00
202400005781.0;1;77;77141;1;1;1.0;3.0;48.853363;2.837375;2024-07-06 14:50:00
202400005782.0;1;93;93008;2;1;8.0;3.0;48.90894648;2.44997758;2024-08-07 09:25:00
202400005783.0;1;93;93051;1;1;1.0;5.0;48.8349731;2.57612997;2024-07-06 14:00:00
202400005784.0;1;93;93005;1;1;1.0;3.0;48.96017102;2.47352704;2024-06-03 14:18:00
202400005785.0;5;974;97407;2;9;1.0;3.0;-20.93942;55.29581;2024-07-03 20:40:00
202400005786.0;1;93;93027;2;2;8.0;1.0;48.92095;2.38327;2024-04-28 19:00:00
202400005787.0;1;93;93001;2;1;1.0;6.0;48.918521;2.392694;2024-07-05 12:10:00
202400005788.0;1;93;93079;2;1;1.0;1.0;48.95204;2.33827;2024-04-25 18:15:00
202400005789.0;5;44;44114;2;3;8.0;7.0;47.25231515;-1.57647103;2024-06-30 23:06:00
202400005790.0;5;976;97611;2;1;1.0;7.0;-12.78003;45.22394;2024-07-06 02:55:00
202400005791.0;1;93;93079;2;1;1.0;3.0;48.9549;2.34654;2024-04-21 14:40:00
202400005792.0;1;974;97416;2;1;1.0;6.0;-21.34017;55.4638;2024-07-05 14:00:00
202400005793.0;1;93;93079;2;3;1.0;3.0;48.95001;2.34102;2024-04-20 16:15:00
202400005794.0;1;974;97416;1;1;1.0;3.0;-21.35362;55.51272;2024-07-05 08:00:00
202400005795.0;1;974;97411;2;1;1.0;7.0;-20.88995;55.46192;2024-07-06 06:20:00
202400005796.0;1;93;93079;2;1;1.0;6.0;48.96407;2.34926;2024-04-21 18:20:00
202400005797.0;5;974;97407;2;1;1.0;3.0;-20.94667;55.2987;2024-07-05 19:00:00
202400005798.0;1;93;93027;2;2;1.0;3.0;48.924787;2.415044;2024-04-30 14:50:00
202400005799.0;5;69;69386;2;2;1.0;3.0;45.7695;4.85238;2024-07-06 23:26:00
202400005800.0;1;93;93007;2;2;2.0;3.0;48.940643;2.431195;2024-04-19 19:00:00
202400005801.0;1;69;69387;2;1;2.0;6.0;45.74282;4.83597;2024-07-06 18:40:00
202400005802.0;1;69;69383;2;2;1.0;3.0;45.75757;4.85643;2024-07-05 18:10:00
202400005803.0;1;93;93072;2;2;1.0;2.0;48.95525433;2.37925351;2024-04-19 09:15:00
202400005804.0;1;972;97209;1;1;1.0;7.0;14.60811;-61.04229;2024-07-06 16:25:00
202400005805.0;1;93;93031;2;1;1.0;3.0;48.959891;2.298695;2024-04-18 19:22:00
202400005806.0;1;972;97213;1;1;1.0;2.0;14.61319;-61.00248;2024-07-06 11:45:00
202400005807.0;1;2A;2A004;2;1;1.0;6.0;41.92011;8.73475;2024-07-06 16:15:00
202400005808.0;5;93;93013;2;1;1.0;3.0;48.93247;2.42305;2024-04-16 21:25:00
202400005809.0;1;95;95268;1;1;1.0;3.0;48.96585166;2.40854766;2024-07-06 20:20:00
202400005810.0;1;91;91549;2;1;1.0;6.0;48.6497;2.3292;2024-07-06 18:45:00
202400005811.0;1;93;93027;2;3;1.0;3.0;48.92734334;2.37678587;2024-04-16 16:25:00
202400005812.0;5;91;91691;2;6;1.0;2.0;48.70699;2.49601;2024-07-06 00:27:00
202400005813.0;1;93;93027;2;1;1.0;6.0;48.93201;2.38638;2024-04-16 10:05:00
202400005814.0;1;91;91589;2;2;1.0;6.0;48.6834;2.33744;2024-07-06 18:30:00
202400005815.0;2;93;93027;2;9;1.0;6.0;48.92949;2.38592;2024-04-11 20:00:00
202400005816.0;1;93;93030;2;1;1.0;6.0;48.95329975;2.44293451;2024-04-11 12:20:00
202400005817.0;1;84;84080;2;1;1.0;2.0;44.03382;4.99835;2024-07-05 19:15:00
202400005818.0;1;84;84080;1;1;1.0;7.0;44.03472;4.94806;2024-07-05 16:55:00
202400005819.0;1;93;93027;2;1;1.0;2.0;48.9266;2.39521;2024-04-11 11:40:00
202400005820.0;1;83;83126;2;1;1.0;6.0;43.10224214;5.87550408;2024-07-06 10:09:00
202400005821.0;1;93;93013;2;1;1.0;3.0;48.93217;2.42317;2024-04-11 11:25:00
202400005822.0;1;81;81065;1;1;7.0;1.0;43.5835345;2.3088552;2024-07-05 14:35:00
202400005823.0;1;78;78551;2;1;2.0;6.0;48.893481;2.088311;2024-07-06 09:07:00
202400005824.0;1;93;93031;2;3;1.0;2.0;48.957322;2.309901;2024-04-05 15:00:00
202400005825.0;1;77;77058;2;1;1.0;2.0;48.83809;2.70994;2024-07-06 13:40:00
202400005826.0;5;93;93066;2;2;3.0;3.0;48.91816727;2.35789847;2024-04-04 05:00:00
202400005827.0;5;93;93031;2;2;1.0;1.0;48.958143;2.293847;2024-04-01 22:00:00
202400005828.0;1;76;76540;2;3;1.0;2.0;49.44900315;1.06518285;2024-07-05 17:00:00
202400005829.0;5;76;76165;2;6;1.0;6.0;49.27991;1.02396;2024-07-06 03:15:00
202400005830.0;1;93;93027;2;2;1.0;6.0;48.91973434;2.38269663;2024-03-29 09:18:00
202400005831.0;1;71;71306;2;3;3.0;6.0;46.67196;4.38441;2024-07-06 13:40:00
202400005832.0;1;93;93013;2;3;1.0;2.0;48.94028189;2.43089944;2024-03-27 14:24:00
202400005833.0;1;69;69029;2;9;8.0;2.0;45.72505;4.92474;2024-07-06 11:15:00
202400005834.0;1;93;93013;2;1;2.0;6.0;48.934;2.42523;2024-03-26 13:28:00
202400005835.0;1;68;68297;2;6;1.0;3.0;47.6;7.55;2024-07-04 06:30:00
202400005836.0;5;93;93027;2;2;2.0;2.0;48.92809735;2.39010358;2024-03-23 22:00:00
202400005837.0;1;64;64483;2;6;1.0;3.0;43.39158;-1.65479;2024-07-05 20:35:00
202400005838.0;1;93;93031;2;1;1.0;6.0;48.95282;2.31352;2024-03-20 14:30:00
202400005839.0;1;64;64445;2;9;8.0;3.0;43.32107;-0.37894;2024-07-06 11:15:00
202400005840.0;5;93;93031;2;1;1.0;6.0;48.95634;2.30516;2024-03-20 05:00:00
202400005841.0;2;64;64102;2;1;1.0;6.0;43.48099;-1.47733;2024-07-06 21:50:00
202400005842.0;1;93;93027;2;3;1.0;3.0;48.92491279;2.40540147;2024-03-14 14:35:00
202400005843.0;1;64;64102;2;1;1.0;3.0;43.49331;-1.46195;2024-07-06 19:12:00
202400005844.0;1;93;93001;2;2;1.0;6.0;48.91948425;2.37803042;2024-03-14 09:05:00
202400005845.0;5;95;95210;2;1;1.0;6.0;48.962862;2.30442;2024-03-12 19:10:00
202400005846.0;3;59;59152;2;2;1.0;3.0;50.76201;3.00793;2024-07-06 00:35:00
202400005847.0;1;93;93027;2;1;1.0;6.0;48.920511;2.382957;2024-03-12 12:30:00
202400005848.0;1;51;51172;2;1;1.0;6.0;49.21654;4.05784;2024-07-06 12:50:00
202400005849.0;1;93;93031;2;1;1.0;6.0;48.96172;2.29522;2024-03-28 09:45:00
202400005850.0;1;51;51055;2;2;1.0;3.0;49.27554;4.05662;2024-07-05 11:10:00
202400005851.0;2;93;93027;2;9;1.0;3.0;48.93793;2.38866;2024-03-11 08:00:00
202400005852.0;1;49;49007;2;2;1.0;3.0;47.47723;-0.55332;2024-07-06 17:10:00
202400005853.0;3;93;93027;2;2;1.0;5.0;48.92798;2.39052;2024-03-10 22:35:00
202400005854.0;1;93;93027;2;9;1.0;3.0;48.92338;2.38534;2024-03-08 16:02:00
202400005855.0;1;93;93079;2;3;1.0;3.0;48.95533417;2.33339041;2024-03-08 15:05:00
202400005856.0;1;42;42218;2;3;1.0;3.0;45.4293593;4.41096925;2024-07-01 16:10:00
202400005857.0;1;38;38185;2;1;8.0;2.0;45.18119;5.7252;2024-07-06 13:00:00
202400005858.0;1;38;38053;2;6;1.0;6.0;45.5905;5.27941;2024-06-26 17:30:00
202400005859.0;1;38;38053;1;1;1.0;2.0;45.60548;5.23069;2024-06-04 16:25:00
202400005860.0;1;92;92025;2;1;1.0;2.0;48.92104608;2.24482559;2024-09-15 11:20:00
202400005861.0;1;38;38053;2;3;8.0;3.0;45.5887;5.26259;2024-07-06 14:50:00
202400005862.0;2;50;50517;1;1;1.0;2.0;49.420389;-1.243086;2024-06-06 05:50:00
202400005863.0;1;37;37261;2;3;1.0;3.0;47.39129081;0.69535133;2024-07-06 06:30:00
202400005864.0;1;974;97416;1;1;1.0;3.0;-21.3422;55.4872;2024-09-15 12:00:00
202400005865.0;1;35;35238;1;1;1.0;2.0;48.08446;-1.64092;2024-07-06 15:05:00
202400005866.0;1;974;97416;1;1;1.0;4.0;-21.32783;55.45127;2024-09-14 11:15:00
202400005867.0;5;34;34172;2;2;1.0;3.0;43.60825;3.88242;2024-07-06 00:45:00
202400005868.0;1;34;34198;1;1;1.0;3.0;43.565344;3.957973;2024-07-05 17:00:00
202400005869.0;5;31;31555;2;1;8.0;6.0;43.57347;1.39461;2024-07-07 01:45:00
202400005870.0;5;974;97411;2;5;8.0;3.0;-20.87496;55.45401;2024-09-15 20:00:00
202400005871.0;5;27;27229;2;7;1.0;3.0;49.027687;1.150395;2024-07-06 03:50:00
202400005872.0;1;974;97411;2;2;1.0;3.0;-20.8882;55.4741;2024-09-15 12:20:00
202400005873.0;1;2A;2A004;2;1;1.0;3.0;41.94792;8.77392;2024-09-14 15:48:00
202400005874.0;1;22;22278;2;1;1.0;6.0;48.51028;-2.76258;2024-07-06 16:39:00
202400005875.0;3;73;73040;1;1;9.0;6.0;45.355561;7.029635;2024-11-29 02:31:00
202400005876.0;1;21;21054;2;1;1.0;3.0;47.02215;4.84602;2024-07-05 16:10:00
202400005877.0;2;95;95450;1;1;1.0;6.0;49.02486;2.06055;2024-09-15 06:15:00
202400005878.0;1;26;26347;1;1;8.0;6.0;45.06902493;4.86572027;2024-11-28 15:00:00
202400005879.0;1;81;81011;1;1;1.0;4.0;43.738791;1.822434;2024-11-29 15:10:00
202400005880.0;5;9;9306;2;6;1.0;6.0;42.845391;1.600946;2024-11-29 18:00:00
202400005881.0;5;91;91549;2;4;1.0;3.0;48.64589;2.32178;2024-09-14 22:40:00
202400005882.0;1;33;33051;2;9;1.0;4.0;44.640437;-0.973792;2024-11-29 10:50:00
202400005883.0;5;49;49023;2;6;2.0;3.0;47.210218;-0.997009;2024-11-28 17:30:00
202400005884.0;3;35;35287;1;1;1.0;3.0;48.61033217;-2.10199893;2024-11-29 18:45:00
202400005885.0;3;76;76718;2;1;1.0;6.0;49.607818;0.720774;2024-11-29 00:40:00
202400005886.0;1;77;77438;1;9;1.0;5.0;48.86659;2.67716;2024-09-14 18:40:00
202400005887.0;5;60;60589;2;1;1.0;6.0;49.243278;2.469676;2024-11-28 19:45:00
202400005888.0;1;69;69256;2;1;1.0;5.0;45.76538;4.92372;2024-09-15 18:00:00
202400005889.0;1;13;13212;1;1;1.0;2.0;43.32094032;5.42272447;2024-11-28 14:10:00
202400005890.0;1;64;64102;2;1;1.0;6.0;43.49242;-1.47371;2024-09-15 10:59:00
202400005891.0;3;13;13117;1;1;1.0;2.0;43.46662;5.23426;2024-11-27 23:55:00
202400005892.0;2;62;62573;2;1;1.0;1.0;50.49505;2.8969;2024-09-15 18:30:00
202400005893.0;1;13;13005;1;1;1.0;3.0;43.27733491;5.58710982;2024-11-27 11:40:00
202400005894.0;3;60;60057;2;1;1.0;7.0;49.40968505;2.09041178;2024-09-15 01:40:00
202400005895.0;1;59;59286;2;1;1.0;6.0;50.60771;2.98703;2024-09-13 17:00:00
202400005896.0;5;83;83137;1;1;1.0;5.0;43.12213051;5.95580131;2024-11-27 17:40:00
202400005897.0;2;69;69259;1;9;1.0;3.0;45.68358948;4.8829859;2024-11-27 17:20:00
202400005898.0;1;58;58194;2;3;1.0;3.0;46.99236;3.16279;2024-09-15 13:10:00
202400005899.0;4;33;33397;1;1;1.0;2.0;44.910162;-0.487822;2024-11-28 20:15:00
202400005900.0;3;33;33063;1;1;1.0;2.0;44.887061;-0.571016;2024-11-25 19:15:00
202400005901.0;1;51;51230;2;9;1.0;6.0;49.04603;3.9547;2024-09-13 16:50:00
202400005902.0;1;94;94034;1;1;1.0;3.0;48.75573207;2.33422362;2024-11-28 08:40:00
202400005903.0;1;45;45147;2;3;1.0;3.0;47.92114;1.897927;2024-09-15 15:10:00
202400005904.0;5;78;78321;1;1;8.0;4.0;48.798152;1.913021;2024-11-27 18:29:00
202400005905.0;3;78;78217;1;1;8.0;2.0;48.96295;1.83534;2024-11-27 19:20:00
202400005906.0;5;92;92050;1;1;3.0;2.0;48.89847128;2.21701091;2024-11-27 17:30:00
202400005907.0;5;33;33522;2;3;1.0;3.0;44.7962;-0.59235;2024-09-15 22:15:00
202400005908.0;1;92;92072;1;1;2.0;2.0;48.82128224;2.21946107;2024-11-27 08:21:00
202400005909.0;3;93;93010;1;1;1.0;2.0;48.90653393;2.47247712;2024-11-28 19:00:00
202400005910.0;1;33;33063;2;2;1.0;6.0;44.86459;-0.56372;2024-09-15 12:40:00
202400005911.0;1;93;93010;1;9;1.0;3.0;48.90059002;2.46986417;2024-11-28 15:45:00
202400005912.0;1;93;93013;1;1;1.0;2.0;48.94131163;2.42816534;2024-11-28 12:45:00
202400005913.0;1;31;31555;2;1;1.0;3.0;43.65354;1.42067;2024-09-15 07:35:00
202400005914.0;3;31;31555;2;9;1.0;2.0;43.60073;1.3979;2024-09-15 02:49:00
202400005915.0;1;95;95018;1;1;1.0;4.0;48.9585871;2.27405291;2024-11-28 10:30:00
202400005916.0;1;22;22113;2;9;1.0;7.0;48.7364;-3.4445;2024-09-15 09:50:00
202400005917.0;2;93;93029;1;1;1.0;2.0;48.91782322;2.42890514;2024-11-27 06:40:00
202400005918.0;1;22;22113;1;1;1.0;3.0;48.76186;-3.47132;2024-09-14 14:20:00
202400005919.0;1;94;94028;1;1;1.0;4.0;48.776362;2.433254;2024-11-28 08:15:00
202400005920.0;5;13;13102;2;1;1.0;3.0;43.423;5.235;2024-09-15 05:00:00
202400005921.0;1;93;93063;2;3;1.0;6.0;48.88285955;2.42820382;2024-06-28 08:30:00
202400005922.0;1;13;13028;2;6;1.0;3.0;43.18787;5.60225;2024-09-14 19:35:00
202400005923.0;1;13;13005;2;1;1.0;1.0;43.29;5.57;2024-09-15 16:25:00
202400005924.0;5;93;93006;2;3;1.0;3.0;48.87036;2.42701;2024-06-23 03:11:00
202400005925.0;5;6;6088;2;1;1.0;6.0;43.7345305;7.2938939;2024-09-15 21:45:00
202400005926.0;1;6;6029;2;1;1.0;6.0;43.557257;6.961866;2024-09-14 16:00:00
202400005927.0;1;4;4112;2;2;1.0;3.0;43.83812;5.78036;2024-09-15 10:40:00
202400005928.0;1;3;3185;2;6;1.0;6.0;46.33124;2.60047;2024-09-13 16:40:00
202400005929.0;5;93;93063;2;3;2.0;3.0;48.87984;2.43527;2024-06-16 21:30:00
202400005930.0;1;75;75119;2;2;1.0;5.0;48.878173;2.409375;2024-09-15 19:10:00
202400005931.0;5;75;75118;2;1;1.0;2.0;48.888424;2.359884;2024-09-15 03:30:00
202400005932.0;1;75;75116;2;7;1.0;3.0;48.863201;2.268264;2024-09-10 14:10:00
202400005933.0;1;93;93063;2;1;1.0;3.0;48.87713;2.44275;2024-06-12 08:22:00
202400005934.0;1;75;75115;2;2;1.0;6.0;48.8460621;2.27697551;2024-09-15 18:35:00
202400005935.0;1;75;75115;2;2;1.0;6.0;48.843104;2.28347;2024-09-13 13:00:00
202400005936.0;1;75;75111;2;1;1.0;3.0;48.864603;2.368709;2024-09-15 17:24:00
202400005937.0;1;93;93063;2;1;1.0;3.0;48.88281566;2.43640427;2024-06-10 15:10:00
202400005938.0;5;75;75109;2;3;1.0;3.0;48.881514;2.331623;2024-09-15 01:35:00
202400005939.0;1;75;75107;2;7;1.0;3.0;48.862289;2.301941;2024-09-15 18:50:00
202400005940.0;1;93;93045;2;2;1.0;6.0;48.881016;2.41999315;2024-06-05 18:30:00
202400005941.0;1;75;75107;2;1;1.0;3.0;48.854423;2.309588;2024-09-14 10:24:00
202400005942.0;1;974;97416;1;1;1.0;2.0;-21.30589478;55.42926157;2024-11-27 14:25:00
202400005943.0;1;75;75104;2;2;1.0;7.0;48.855216;2.361145;2024-09-15 11:55:00
202400005944.0;1;33;33546;1;3;2.0;3.0;44.854772;-0.150735;2024-03-24 09:15:00
202400005945.0;1;974;97411;1;7;1.0;3.0;-20.88058732;55.46000111;2024-11-27 09:15:00
202400005946.0;5;973;97302;2;1;1.0;6.0;4.93955;-52.3287;2024-11-27 20:25:00