Num_Acc;lum;departement;commune;agglomeration;intersection;meteo;type_collision;lat;long;date
202400005947.0;3;11;11106;1;1;1.0;6.0;43.244859;3.064499;2024-04-28 03:20:00
202400005948.0;5;93;93005;2;6;1.0;4.0;48.9547636;2.51004525;2024-09-15 21:30:00
202400005949.0;2;11;11261;1;1;1.0;6.0;43.179152;2.663616;2024-04-28 06:45:00
202400005950.0;5;69;69387;2;2;1.0;3.0;45.74777;4.83368;2024-11-28 22:45:00
202400005951.0;1;93;93071;2;3;1.0;3.0;48.93374826;2.53238342;2024-09-15 19:50:00
202400005952.0;1;71;71522;1;2;3.0;3.0;46.609341;4.987085;2024-04-28 10:30:00
202400005953.0;1;93;93066;2;1;1.0;2.0;48.93599924;2.35001808;2024-09-15 19:45:00
202400005954.0;5;69;69386;2;3;1.0;6.0;45.77285;4.84212;2024-11-27 17:50:00
202400005955.0;5;69;69383;2;1;1.0;6.0;45.75313146;4.85506445;2024-11-27 18:10:00
202400005956.0;1;89;89086;1;1;1.0;1.0;47.851615;3.042097;2024-04-28 12:38:00
202400005957.0;1;93;93053;2;3;1.0;7.0;48.89674869;2.47060272;2024-09-15 13:16:00
202400005958.0;5;69;69387;2;1;1.0;3.0;45.73734196;4.83975003;2024-11-27 07:00:00
202400005959.0;1;93;93010;2;1;1.0;6.0;48.89888519;2.48651505;2024-09-15 19:40:00
202400005960.0;3;63;63430;1;1;8.0;6.0;45.843697;3.553144;2024-04-28 00:40:00
202400005961.0;1;92;92064;1;1;1.0;2.0;48.83752319;2.20333971;2024-09-15 12:30:00
202400005962.0;3;69;69034;2;3;1.0;1.0;45.79046;4.83978;2024-11-27 18:30:00
202400005963.0;2;55;55171;1;1;1.0;6.0;49.17805176;5.47487838;2024-04-28 06:00:00
202400005964.0;5;92;92026;2;1;1.0;3.0;48.89948436;2.2399627;2024-09-15 21:50:00
202400005965.0;1;69;69389;2;1;7.0;5.0;45.78583;4.80376;2024-11-27 15:15:00
202400005966.0;1;92;92007;2;9;1.0;3.0;48.79677955;2.32198477;2024-09-15 18:20:00
202400005967.0;1;49;49003;1;1;1.0;6.0;47.279796;-0.346742;2024-04-28 16:05:00
202400005968.0;1;69;69389;2;3;1.0;3.0;45.79114;4.8152;2024-11-27 07:55:00
202400005969.0;1;92;92004;2;1;1.0;6.0;48.90879131;2.28512987;2024-09-14 19:45:00
202400005970.0;1;971;97101;1;1;1.0;6.0;16.27223;-61.54581;2024-11-26 08:50:00
202400005971.0;1;49;49307;1;1;2.0;7.0;47.42522;-0.377687;2024-04-27 15:30:00
202400005972.0;1;43;43040;1;1;1.0;1.0;45.280934;3.39632;2024-09-15 10:40:00
202400005973.0;1;2A;2A004;2;1;1.0;6.0;41.92369;8.73918;2024-11-27 12:09:00
202400005974.0;1;34;34150;1;1;6.0;1.0;43.346496;3.506634;2024-04-22 09:15:00
202400005975.0;1;91;91425;2;1;2.0;3.0;48.64657;2.27405;2024-11-27 08:15:00
202400005976.0;1;25;25240;1;1;3.0;6.0;47.048981;6.64212;2024-04-28 16:30:00
202400005977.0;1;43;43040;2;3;1.0;5.0;45.29090598;3.3852443;2024-09-14 12:15:00
202400005978.0;1;2A;2A357;1;1;1.0;6.0;41.738336;9.058099;2024-09-15 15:00:00
202400005979.0;1;29;29010;2;1;1.0;7.0;48.51749;-4.115459;2024-04-27 16:05:00
202400005980.0;2;87;87085;2;1;1.0;6.0;45.84119;1.20773;2024-11-26 08:02:00
202400005981.0;1;31;31113;2;1;1.0;6.0;43.516019;1.498523;2024-09-13 09:20:00
202400005982.0;2;29;29249;2;1;1.0;6.0;48.18394723;-3.81033706;2024-04-28 06:15:00
202400005983.0;1;29;29024;2;9;1.0;6.0;48.274298;-3.58125;2024-04-26 18:55:00
202400005984.0;3;31;31152;1;1;2.0;6.0;43.35040315;0.89173257;2024-04-25 03:25:00
202400005985.0;2;13;13078;2;3;1.0;2.0;43.391631;4.800017;2024-09-15 19:45:00
202400005986.0;3;31;31319;1;1;8.0;6.0;43.230688;1.476095;2024-04-28 05:23:00
202400005987.0;2;26;26172;1;1;8.0;7.0;45.312305;4.986733;2024-04-28 06:18:00
202400005988.0;5;84;84035;2;1;1.0;5.0;43.84527;5.04406;2024-11-27 07:00:00
202400005989.0;1;83;83049;1;1;1.0;2.0;43.23788476;6.08417903;2024-09-16 18:00:00
202400005990.0;3;51;51298;1;1;1.0;7.0;49.023405;3.716726;2024-09-14 19:45:00
202400005991.0;3;50;50364;1;1;3.0;6.0;49.133764;-1.503453;2024-04-28 02:00:00
202400005992.0;1;83;83062;2;1;7.0;4.0;43.12558;6.00499;2024-11-27 09:30:00
202400005993.0;1;26;26005;1;1;6.0;7.0;44.51501;4.781656;2024-09-14 17:35:00
202400005994.0;5;83;83034;1;1;1.0;6.0;43.10074447;6.06019056;2024-11-26 18:35:00
202400005995.0;3;974;97410;2;1;1.0;7.0;-21.045934;55.661888;2024-09-13 19:00:00
202400005996.0;1;10;10323;2;1;1.0;6.0;48.510056;3.728125;2024-04-28 15:00:00
202400005997.0;1;81;81163;2;1;1.0;6.0;43.49459;2.37919;2024-11-27 14:30:00
202400005998.0;1;42;42036;1;1;1.0;1.0;45.53109146;4.5538249;2024-09-16 08:30:00
202400005999.0;2;10;10233;1;1;6.0;6.0;48.5148513;3.92118573;2024-04-28 05:45:00
202400006000.0;1;48;48005;1;1;1.0;2.0;44.594887;3.253605;2024-09-16 15:57:00
202400006001.0;2;7;7007;1;1;3.0;7.0;44.95042852;4.71680679;2024-04-28 19:00:00
202400006002.0;1;78;78208;2;6;2.0;3.0;48.772163;1.952713;2024-11-27 09:35:00
202400006003.0;1;21;21592;1;1;1.0;7.0;47.339404;4.756544;2024-09-14 17:50:00
202400006004.0;1;21;21336;1;1;8.0;6.0;47.852806;4.358987;2024-04-28 11:40:00
202400006005.0;2;40;40058;1;1;8.0;6.0;44.08671606;-0.46650213;2024-04-27 07:00:00
202400006006.0;1;62;62302;1;1;1.0;7.0;50.58748;1.96586;2024-09-15 17:00:00
202400006007.0;5;78;78498;2;2;2.0;6.0;48.92977;2.03704;2024-11-22 18:30:00
202400006008.0;3;24;24014;1;1;2.0;6.0;45.08494302;1.18731914;2024-04-27 22:28:00
202400006009.0;1;30;30182;2;1;1.0;6.0;43.851082;4.155691;2024-04-27 13:15:00
202400006010.0;1;77;77385;2;3;1.0;3.0;48.849375;3.231195;2024-09-13 08:40:00
202400006011.0;3;88;88193;2;1;1.0;6.0;48.25332;7.085886;2024-04-27 20:50:00
202400006012.0;1;3;3100;1;1;1.0;6.0;46.513648;3.751874;2024-09-16 14:00:00
202400006013.0;5;973;97309;2;1;2.0;6.0;4.892829;-52.273936;2024-04-27 23:30:00
202400006014.0;1;79;79308;1;1;1.0;2.0;46.365429;-0.493907;2024-09-16 15:20:00
202400006015.0;1;77;77085;2;1;2.0;3.0;48.863238;2.742967;2024-11-27 08:06:00
202400006016.0;3;44;44048;1;9;3.0;6.0;47.359816;-1.322737;2024-04-27 23:50:00
202400006017.0;5;77;77312;2;1;2.0;7.0;48.3398611;2.72930311;2024-11-27 07:30:00
202400006018.0;1;79;79119;1;3;1.0;1.0;46.550706;-0.479289;2024-09-13 16:35:00
202400006019.0;5;987;98715;2;1;1.0;1.0;-17.548841;-149.596946;2024-04-27 19:30:00
202400006020.0;1;6;6029;1;1;1.0;6.0;43.557416;6.957945;2024-04-28 18:35:00
202400006021.0;1;76;76351;2;3;1.0;2.0;49.50717;0.13063;2024-11-26 15:30:00
202400006022.0;1;33;33130;1;1;1.0;7.0;44.493077;-0.197754;2024-04-28 19:40:00
202400006023.0;1;2B;2B150;1;1;1.0;5.0;42.567953;8.823824;2024-09-14 07:50:00
202400006024.0;5;73;73065;2;2;1.0;3.0;45.58115;5.8898;2024-11-27 19:45:00
202400006025.0;2;60;60531;1;1;1.0;7.0;49.44493135;2.69697992;2024-04-28 06:20:00
202400006026.0;5;974;97406;2;7;1.0;6.0;-21.13543;55.620899;2024-04-27 22:30:00
202400006027.0;1;73;73065;2;6;1.0;3.0;45.57678675;5.89785397;2024-11-27 16:10:00
202400006028.0;3;80;80832;1;2;1.0;3.0;50.167116;2.011952;2024-09-14 21:50:00
202400006029.0;3;971;97118;1;1;2.0;1.0;16.181829;-61.683233;2024-04-27 01:20:00
202400006030.0;1;81;81217;1;1;1.0;6.0;43.991203;1.704614;2024-09-16 09:15:00
202400006031.0;5;70;70550;2;6;1.0;2.0;47.625847;6.138793;2024-11-27 21:15:00
202400006032.0;3;77;77171;2;1;2.0;2.0;48.894196;2.809355;2024-04-27 22:15:00
202400006033.0;1;11;11220;1;1;1.0;3.0;43.203393;2.5203;2024-09-15 18:30:00
202400006034.0;5;69;69259;2;1;1.0;3.0;45.71693;4.87756;2024-11-27 17:46:00
202400006035.0;3;89;89125;1;1;1.0;1.0;47.585037;3.515368;2024-09-16 03:15:00
202400006036.0;1;84;84132;1;2;1.0;3.0;43.900583;5.004535;2024-04-28 14:30:00
202400006037.0;1;71;71192;1;1;1.0;6.0;46.84684187;4.1459179;2024-04-28 13:57:00
202400006038.0;5;69;69091;2;3;1.0;3.0;45.58545899;4.76294741;2024-11-27 07:00:00
202400006039.0;1;49;49323;1;3;1.0;3.0;47.532227;-0.495808;2024-09-14 09:30:00
202400006040.0;3;68;68294;1;4;2.0;7.0;48.238937;7.226429;2024-04-28 04:10:00
202400006041.0;2;49;49323;1;6;1.0;6.0;47.508825;-0.471066;2024-09-08 06:18:00
202400006042.0;1;67;67043;2;3;1.0;3.0;48.61477;7.73261;2024-11-27 07:45:00
202400006043.0;1;54;54368;1;1;8.0;2.0;48.52083272;6.78034544;2024-04-27 16:20:00
202400006044.0;3;25;25532;2;1;1.0;6.0;47.229124;6.112465;2024-09-16 01:30:00
202400006045.0;5;64;64445;2;1;1.0;7.0;43.3133;-0.3693;2024-11-27 17:40:00
202400006046.0;1;42;42129;1;1;2.0;1.0;45.356854;4.674935;2024-04-26 12:00:00
202400006047.0;1;44;44100;1;1;1.0;3.0;47.113759;-1.349916;2024-09-16 07:55:00
202400006048.0;1;64;64102;2;1;1.0;3.0;43.48492;-1.48998;2024-11-26 12:55:00
202400006049.0;3;38;38442;1;1;2.0;7.0;45.314827;5.783765;2024-04-28 03:00:00
202400006050.0;2;63;63103;1;3;1.0;3.0;45.90915;3.08503;2024-11-26 07:50:00
202400006051.0;1;44;44087;1;1;1.0;1.0;46.985997;-1.864799;2024-09-15 14:40:00
202400006052.0;1;7;7245;1;1;1.0;1.0;45.090831;4.81817;2024-04-27 16:10:00
202400006053.0;1;7;7245;1;1;1.0;2.0;45.075824;4.779439;2024-04-27 17:45:00
202400006054.0;1;29;29216;1;2;1.0;2.0;47.973496;-4.150639;2024-08-31 18:10:00
202400006055.0;5;59;59512;2;9;2.0;3.0;50.68766944;3.17479124;2024-11-27 05:30:00
202400006056.0;1;69;69184;1;1;8.0;6.0;45.604286;4.560412;2024-04-27 15:40:00
202400006057.0;2;59;59350;2;1;2.0;3.0;50.641;2.973;2024-11-27 17:05:00
202400006058.0;1;65;65059;1;1;1.0;6.0;43.068903;0.161018;2024-04-28 15:40:00
202400006059.0;1;31;31587;1;1;1.0;4.0;43.785874;1.449165;2024-08-19 10:25:00
202400006060.0;2;56;56121;2;6;1.0;7.0;47.73578;-3.36537;2024-11-26 08:20:00
202400006061.0;3;9;9185;1;1;1.0;1.0;43.24256439;1.66644439;2024-04-28 03:30:00
202400006062.0;1;84;84072;2;3;1.0;4.0;44.063382;5.128587;2024-09-15 12:00:00
202400006063.0;5;51;51454;2;1;1.0;4.0;49.242256;4.045248;2024-11-26 17:40:00
202400006064.0;1;66;66184;1;1;6.0;7.0;42.78599737;2.50289798;2024-09-15 13:00:00
202400006065.0;1;86;86274;1;2;1.0;2.0;47.070743;-0.001459;2024-04-26 19:30:00
202400006066.0;1;72;72346;1;1;1.0;6.0;47.87204236;0.01710474;2024-09-15 14:00:00
202400006067.0;1;51;51454;2;2;1.0;3.0;49.25148;4.04218;2024-11-26 15:30:00
202400006068.0;1;14;14520;1;1;1.0;4.0;49.134255;0.148423;2024-09-15 12:00:00
202400006069.0;3;49;49099;1;6;1.0;7.0;47.03603;-0.90583;2024-11-28 01:30:00
202400006070.0;1;62;62128;2;2;1.0;3.0;50.3116093;2.93140179;2024-04-28 12:20:00
202400006071.0;1;49;49099;2;1;1.0;6.0;47.05539;-0.87177;2024-11-25 16:50:00
202400006072.0;2;5;5046;1;1;1.0;7.0;44.56041584;6.51233912;2024-09-15 20:07:00
202400006073.0;1;59;59044;1;1;6.0;6.0;50.609317;3.232861;2024-04-28 08:20:00
202400006074.0;5;13;13202;1;1;1.0;7.0;43.30399546;5.36676618;2024-04-26 20:40:00
202400006075.0;1;60;60199;1;2;1.0;3.0;49.612848;2.170977;2024-09-15 19:00:00
202400006076.0;5;49;49246;1;1;2.0;5.0;47.42842482;-0.5049902;2024-11-26 18:45:00
202400006077.0;3;33;33143;1;1;3.0;6.0;44.959189;-0.44653;2024-04-27 01:10:00
202400006078.0;5;45;45062;2;1;1.0;6.0;47.989207;1.882229;2024-09-05 22:40:00
202400006079.0;1;49;49007;2;1;1.0;6.0;47.44759;-0.55822;2024-11-26 15:15:00
202400006080.0;1;91;91136;1;1;2.0;6.0;48.71189;2.28483;2024-04-27 18:25:00
202400006081.0;1;45;45147;2;1;2.0;3.0;47.939621;1.932435;2024-11-27 10:25:00
202400006082.0;1;64;64106;1;2;1.0;3.0;43.3068;-1.009704;2024-09-16 10:36:00
202400006083.0;1;94;94065;1;1;1.0;3.0;48.75508805;2.3449117;2024-04-27 11:45:00
202400006084.0;5;42;42071;2;1;3.0;6.0;46.031381;4.0836;2024-11-25 18:10:00
202400006085.0;1;64;64297;1;1;1.0;1.0;43.18349;-1.173257;2024-09-14 09:30:00
202400006086.0;1;78;78640;1;1;2.0;3.0;48.777495;2.220985;2024-04-27 13:45:00
202400006087.0;1;40;40192;2;6;1.0;2.0;43.90244948;-0.47979409;2024-11-26 10:10:00
202400006088.0;3;18;18080;1;1;1.0;7.0;46.922454;2.849354;2024-09-15 02:58:00
202400006089.0;3;38;38516;2;1;1.0;6.0;45.19757759;5.75282335;2024-11-27 20:00:00
202400006090.0;1;78;78466;1;1;1.0;2.0;48.932748;1.974188;2024-04-26 17:35:00
202400006091.0;1;10;10323;2;1;1.0;6.0;48.516846;3.716034;2024-09-16 07:48:00
202400006092.0;1;37;37261;2;3;2.0;6.0;47.39241;0.68544;2024-11-27 11:55:00
202400006093.0;1;78;78640;1;1;1.0;2.0;48.779637;2.222552;2024-04-26 20:00:00
202400006094.0;1;16;16175;1;1;1.0;6.0;45.55590906;-0.03879703;2024-09-15 17:50:00
202400006095.0;1;95;95572;1;1;1.0;6.0;49.03331417;2.10991981;2024-04-27 09:06:00
202400006096.0;1;37;37261;2;6;1.0;6.0;47.41023367;0.72095391;2024-11-26 10:35:00
202400006097.0;1;7;7001;1;1;1.0;3.0;44.891908;4.391119;2024-09-15 12:15:00
202400006098.0;1;93;93007;1;1;1.0;4.0;48.95037545;2.44884564;2024-04-27 10:00:00
202400006099.0;5;35;35238;2;1;8.0;1.0;48.10249;-1.6799;2024-11-27 18:15:00
202400006100.0;1;53;53185;2;6;1.0;3.0;48.4625;-0.192175;2024-09-15 16:15:00
202400006101.0;1;92;92036;1;1;1.0;6.0;48.93788866;2.29766722;2024-04-27 07:55:00
202400006102.0;1;35;35238;2;1;2.0;2.0;48.08407;-1.67855;2024-11-27 12:58:00
202400006103.0;2;93;93027;1;1;2.0;6.0;48.92484911;2.39194036;2024-04-27 07:19:00
202400006104.0;1;40;40164;1;1;1.0;2.0;44.121976;-0.290762;2024-09-15 14:20:00
202400006105.0;1;33;33281;1;1;1.0;2.0;44.81135;-0.70435;2024-11-27 12:20:00
202400006106.0;1;4;4031;1;1;1.0;6.0;43.945056;6.122164;2024-09-16 11:45:00
202400006107.0;1;33;33318;2;1;1.0;6.0;44.79824;-0.62132;2024-11-27 10:10:00
202400006108.0;1;95;95582;1;1;1.0;4.0;48.97031508;2.24969695;2024-04-26 19:05:00
202400006109.0;1;85;85047;1;1;1.0;1.0;46.861447;-1.864081;2024-09-14 13:30:00
202400006110.0;2;33;33063;2;3;1.0;6.0;44.866633;-0.623721;2024-11-27 07:50:00
202400006111.0;1;93;93066;1;1;1.0;2.0;48.92257446;2.34654665;2024-04-26 18:25:00
202400006112.0;1;85;85287;1;1;1.0;1.0;46.698894;-0.862912;2024-09-15 16:15:00
202400006113.0;2;33;33318;2;1;1.0;3.0;44.79292;-0.70269;2024-11-27 07:20:00
202400006114.0;1;95;95219;1;1;1.0;3.0;48.98928807;2.24393887;2024-04-26 13:00:00
202400006115.0;3;27;27232;1;2;1.0;3.0;49.2969;1.553038;2024-09-14 20:00:00
202400006116.0;3;31;31555;1;1;1.0;4.0;43.60576;1.39426;2024-11-27 17:35:00
202400006117.0;1;23;23031;2;1;1.0;6.0;46.348711;2.214561;2024-09-12 09:30:00
202400006118.0;5;30;30007;2;1;1.0;7.0;44.10962;4.10296;2024-11-26 18:30:00
202400006119.0;5;64;64140;2;2;3.0;3.0;43.52268;-1.48932;2024-02-26 19:50:00
202400006120.0;1;48;48127;1;1;1.0;6.0;44.640164;3.479072;2024-09-15 15:55:00
202400006121.0;5;29;29019;2;1;1.0;4.0;48.42255903;-4.47687371;2024-11-24 18:40:00
202400006122.0;2;64;64102;2;6;2.0;3.0;43.48136;-1.48256;2024-02-19 07:54:00
202400006123.0;2;28;28085;2;1;8.0;6.0;48.44608;1.49897;2024-11-27 08:05:00
202400006124.0;1;19;19085;1;1;1.0;6.0;45.312661;1.853964;2024-09-15 13:22:00
202400006125.0;5;987;98735;2;1;1.0;6.0;-17.54041333;-149.56980622;2024-04-24 23:00:00
202400006126.0;3;26;26339;1;1;1.0;6.0;44.59086244;4.75167834;2024-11-27 21:05:00
202400006127.0;1;45;45061;1;1;1.0;6.0;48.058115;2.735692;2024-09-16 17:55:00
202400006128.0;1;976;97611;2;1;1.0;3.0;-12.79172;45.22231;2024-04-26 07:51:00
202400006129.0;1;14;14271;2;1;2.0;3.0;49.15234;-0.3709;2024-11-25 08:50:00
202400006130.0;1;13;13208;2;9;1.0;6.0;43.27009;5.39268;2024-11-27 13:00:00
202400006131.0;1;6;6084;1;9;1.0;3.0;43.605882;6.935199;2024-09-16 17:45:00
202400006132.0;5;974;97416;2;3;1.0;3.0;-21.33797;55.46083;2024-04-26 18:35:00
202400006133.0;1;67;67084;1;1;1.0;7.0;48.31581;7.481126;2024-09-16 08:15:00
202400006134.0;5;13;13211;2;6;1.0;2.0;43.28932;5.43724;2024-11-27 00:35:00
202400006135.0;1;974;97416;2;1;1.0;6.0;-21.32986568;55.47926438;2024-04-26 15:58:00
202400006136.0;2;72;72198;1;1;1.0;2.0;48.04186167;0.14958111;2024-09-16 07:14:00
202400006137.0;3;974;97411;1;1;1.0;7.0;-20.90346;55.4061;2024-04-25 22:55:00
202400006138.0;1;7;7281;2;1;1.0;5.0;44.9451;4.85551;2024-11-26 10:16:00
202400006139.0;5;6;6088;1;4;1.0;6.0;43.719;7.28442;2024-11-28 00:21:00
202400006140.0;1;57;57510;1;1;1.0;2.0;49.129007;6.26313;2024-09-13 18:35:00
202400006141.0;1;974;97411;2;1;1.0;2.0;-20.90553;55.48507;2024-04-24 14:00:00
202400006142.0;1;6;6088;2;1;1.0;6.0;43.71744;7.27483;2024-11-27 15:10:00
202400006143.0;1;33;33234;1;6;2.0;2.0;44.784712;-0.505489;2024-09-08 09:30:00
202400006144.0;3;973;97302;2;1;1.0;2.0;4.93585;-52.3078;2024-04-25 21:30:00
202400006145.0;1;95;95170;2;1;1.0;7.0;49.0373545;1.94591403;2024-09-15 17:20:00
202400006146.0;5;6;6069;2;1;1.0;3.0;43.6475237;6.91862;2024-11-27 18:15:00
202400006147.0;5;69;69387;2;2;2.0;3.0;45.74733;4.84307;2024-04-26 05:50:00
202400006148.0;1;6;6077;1;1;1.0;1.0;43.869973;7.347944;2024-09-15 18:00:00
202400006149.0;1;1;1053;2;2;1.0;6.0;46.20967;5.22753;2024-11-27 08:10:00
202400006150.0;1;972;97209;1;1;1.0;2.0;14.60746;-61.07325;2024-04-26 16:00:00
202400006151.0;1;5;5007;1;1;1.0;3.0;44.711793;6.74243;2024-09-16 10:30:00
202400006152.0;5;4;4242;2;1;1.0;6.0;43.884957;5.861742;2024-09-15 20:00:00
202400006153.0;5;971;97101;1;1;1.0;6.0;16.24882;-61.53118;2024-04-25 23:15:00
202400006154.0;5;75;75120;2;3;2.0;6.0;48.863745;2.407691;2024-11-27 19:05:00
202400006155.0;1;67;67411;1;1;1.0;7.0;48.495987;7.406023;2024-09-14 08:00:00
202400006156.0;1;57;57143;1;1;1.0;6.0;49.259233;6.100389;2024-09-14 11:17:00
202400006157.0;5;75;75120;2;1;1.0;3.0;48.85214;2.402963;2024-11-26 20:15:00
202400006158.0;1;2A;2A004;2;1;1.0;6.0;41.93057;8.7372;2024-04-26 16:30:00
202400006159.0;1;95;95210;2;1;1.0;3.0;48.96894874;2.29645719;2024-04-26 15:45:00
202400006160.0;1;75;75118;2;3;2.0;1.0;48.886104;2.359487;2024-11-27 15:10:00
202400006161.0;2;95;95427;2;1;1.0;3.0;48.96263584;2.3387146;2024-04-25 20:00:00
202400006162.0;1;38;38412;2;3;1.0;5.0;45.388588;5.724258;2024-09-15 17:45:00
202400006163.0;1;75;75117;2;2;1.0;6.0;48.895217;2.311983;2024-11-27 16:05:00
202400006164.0;1;95;95555;2;1;1.0;7.0;48.964404;2.28683;2024-04-26 10:45:00
202400006165.0;5;75;75117;2;1;1.0;6.0;48.89144;2.31991;2024-11-26 23:55:00
202400006166.0;1;91;91421;2;9;1.0;6.0;48.705885;2.454006;2024-04-26 10:25:00
202400006167.0;1;69;69047;1;2;1.0;3.0;45.90213941;4.67639974;2024-09-16 18:30:00
202400006168.0;1;91;91027;2;1;1.0;6.0;48.7071;2.39614;2024-04-26 18:35:00
202400006169.0;1;75;75111;2;3;2.0;6.0;48.858143;2.371945;2024-11-27 08:25:00
202400006170.0;1;50;50643;1;1;1.0;3.0;49.577565;-1.708497;2024-09-16 13:45:00
202400006171.0;1;91;91027;2;1;1.0;3.0;48.71362;2.3784;2024-04-26 08:15:00
202400006172.0;5;75;75110;2;2;2.0;6.0;48.875781;2.348248;2024-11-27 16:30:00
202400006173.0;1;14;14488;1;1;1.0;2.0;49.276947;-0.281053;2024-09-16 12:25:00
202400006174.0;1;83;83137;2;1;1.0;3.0;43.11995;5.94907;2024-04-25 15:40:00
202400006175.0;5;75;75109;2;3;1.0;3.0;48.880439;2.327055;2024-11-27 07:10:00
202400006176.0;1;35;35363;1;1;1.0;6.0;48.025216;-1.684492;2024-09-15 11:15:00
202400006177.0;3;83;83062;1;1;1.0;2.0;43.14410017;6.03842676;2024-04-25 00:35:00
202400006178.0;2;60;60103;2;1;1.0;2.0;49.411441;2.237166;2024-09-16 07:39:00
202400006179.0;5;75;75108;2;3;2.0;2.0;48.874978;2.305939;2024-11-27 18:45:00
202400006180.0;1;83;83069;2;1;1.0;6.0;43.12334678;6.1469132;2024-04-23 15:52:00
202400006181.0;1;75;75108;2;7;1.0;7.0;48.868982;2.310114;2024-11-27 12:59:00
202400006182.0;1;80;80021;2;1;1.0;3.0;49.89495;2.30829;2024-04-22 16:50:00
202400006183.0;1;75;75108;2;1;1.0;6.0;48.867179;2.309245;2024-11-27 08:30:00
202400006184.0;1;78;78418;1;1;1.0;3.0;48.91672;2.14979;2024-04-26 19:15:00
202400006185.0;5;75;75107;2;3;1.0;3.0;48.859396;2.32974;2024-11-26 22:40:00
202400006186.0;1;13;13211;1;1;1.0;3.0;43.2909;5.4811;2024-09-15 15:48:00
202400006187.0;1;78;78609;1;1;1.0;1.0;49.01257;1.90811;2024-04-26 19:15:00
202400006188.0;5;75;75101;2;1;1.0;1.0;48.862492;2.336065;2024-11-26 20:15:00
202400006189.0;2;13;13212;1;1;1.0;2.0;43.2929;5.4242;2024-09-14 20:27:00
202400006190.0;1;78;78401;2;1;1.0;6.0;49.0099;1.90618;2024-04-26 09:40:00
202400006191.0;1;75;75102;2;1;1.0;6.0;48.8661;2.345231;2024-11-26 15:50:00
202400006192.0;1;78;78382;2;9;8.0;6.0;49.00206;2.05941;2024-04-26 15:20:00
202400006193.0;1;13;13211;1;1;1.0;2.0;43.2944;5.4683;2024-09-14 14:00:00
202400006194.0;1;75;75101;2;2;1.0;6.0;48.861985;2.350165;2024-11-26 15:20:00
202400006195.0;5;94;94081;2;3;1.0;3.0;48.80448929;2.40861109;2024-11-27 07:00:00
202400006196.0;1;76;76108;2;3;1.0;6.0;49.46467256;1.11449651;2024-04-26 19:45:00
202400006197.0;1;13;13033;1;1;1.0;2.0;43.373156;5.18513;2024-09-14 12:30:00
202400006198.0;5;94;94037;2;2;2.0;1.0;48.81494;2.34887;2024-11-27 18:10:00
202400006199.0;1;83;83137;1;1;1.0;2.0;43.12717959;5.91671394;2024-09-14 16:55:00
202400006200.0;1;72;72181;2;6;1.0;3.0;48.00558;0.20161;2024-04-26 12:40:00
202400006201.0;1;94;94041;2;1;2.0;3.0;48.8048313;2.38744578;2024-11-27 12:35:00
202400006202.0;1;91;91689;1;1;1.0;2.0;48.73001;2.3147;2024-09-15 12:30:00
202400006203.0;1;94;94073;2;1;1.0;1.0;48.752534;2.371701;2024-11-27 14:10:00
202400006204.0;5;67;67482;2;3;1.0;3.0;48.58098188;7.7697587;2024-04-25 20:45:00
202400006205.0;2;75;75113;1;1;1.0;2.0;48.816409;2.358981;2024-09-15 07:05:00
202400006206.0;5;94;94022;2;9;2.0;1.0;48.764532;2.405255;2024-11-27 19:15:00
202400006207.0;1;78;78158;1;1;1.0;6.0;48.840989;2.104863;2024-09-15 19:33:00
202400006208.0;1;66;66136;2;1;1.0;2.0;42.72770347;2.90000439;2024-04-26 16:15:00
202400006209.0;5;93;93066;2;3;1.0;3.0;48.9448;2.3535;2024-11-26 23:15:00
202400006210.0;1;66;66136;1;1;1.0;2.0;42.67989836;2.86277533;2024-04-24 17:30:00
202400006211.0;1;78;78646;1;1;1.0;5.0;48.791383;2.102041;2024-09-15 16:20:00
202400006212.0;5;92;92033;2;1;2.0;6.0;48.8469267;2.19578862;2024-11-27 18:20:00
202400006213.0;1;64;64260;2;9;1.0;3.0;43.35556;-1.76767;2024-04-26 11:50:00
202400006214.0;1;78;78217;1;1;1.0;2.0;48.965884;1.814129;2024-09-15 15:30:00
202400006215.0;2;92;92064;2;2;2.0;6.0;48.85052;2.21705;2024-11-27 18:30:00
202400006216.0;5;64;64102;2;1;1.0;6.0;43.4869;-1.48029;2024-04-24 22:27:00
202400006217.0;1;92;92012;1;1;1.0;7.0;48.84842319;2.22997214;2024-09-15 13:10:00
202400006218.0;1;62;62771;2;1;1.0;6.0;50.41669;2.87899;2024-04-22 19:45:00
202400006219.0;2;92;92064;2;2;2.0;3.0;48.85793621;2.21083884;2024-11-27 15:57:00
202400006220.0;3;78;78431;1;1;1.0;5.0;48.943571;1.950825;2024-09-15 06:35:00
202400006221.0;1;92;92063;2;3;2.0;3.0;48.88596187;2.17570268;2024-11-27 08:33:00
202400006222.0;5;62;62178;2;2;8.0;3.0;50.49066757;2.56485918;2024-04-26 23:35:00
202400006223.0;3;78;78646;1;1;1.0;6.0;48.789835;2.119552;2024-09-15 05:40:00
202400006224.0;1;92;92050;2;1;2.0;5.0;48.90724565;2.21318342;2024-11-27 09:50:00
202400006225.0;1;57;57143;2;1;1.0;3.0;49.25988;6.08995;2024-04-22 18:30:00
202400006226.0;1;74;74012;2;3;1.0;1.0;46.1928;6.2286;2024-07-04 16:05:00
202400006227.0;1;92;92050;2;1;2.0;6.0;48.89737062;2.19760314;2024-11-27 09:18:00
202400006228.0;1;54;54482;2;1;1.0;6.0;48.705;6.19824;2024-04-26 15:20:00
202400006229.0;1;74;74012;2;1;1.0;6.0;46.19479;6.23396;2024-07-08 16:00:00