Num_Acc;lum;departement;commune;agglomeration;intersection;meteo;type_collision;lat;long;date
202400006230.0;2;92;92050;2;2;1.0;3.0;48.89683;2.22407;2024-11-26 17:05:00
202400006231.0;1;51;51454;2;6;1.0;3.0;49.26471;4.01008;2024-04-26 18:43:00
202400006232.0;1;74;74012;2;1;1.0;6.0;46.18892;6.23959;2024-07-08 07:40:00
202400006233.0;1;92;92040;2;1;2.0;6.0;48.81944526;2.25971237;2024-11-27 09:07:00
202400006234.0;1;51;51454;2;6;1.0;3.0;49.22501;4.09663;2024-04-26 08:00:00
202400006235.0;1;974;97415;2;1;8.0;7.0;-21.005967;55.299763;2024-11-25 15:00:00
202400006236.0;1;74;74010;2;2;1.0;2.0;45.91251;6.11255;2024-06-26 15:35:00
202400006237.0;3;95;95487;2;6;1.0;3.0;49.14802966;2.28184819;2024-11-28 07:15:00
202400006238.0;1;51;51172;2;6;1.0;2.0;49.22055;4.06381;2024-04-25 18:05:00
202400006239.0;1;74;74010;2;1;1.0;6.0;45.901;6.1225;2024-07-05 06:25:00
202400006240.0;1;31;31446;2;1;1.0;6.0;43.54653367;1.47396118;2024-11-27 15:00:00
202400006241.0;1;51;51454;2;3;1.0;6.0;49.27819;4.01521;2024-04-24 16:10:00
202400006242.0;1;50;50502;1;9;1.0;6.0;49.09877;-1.11946;2024-04-25 11:30:00
202400006243.0;1;74;74010;2;1;1.0;5.0;45.91094;6.11323;2024-06-18 09:00:00
202400006244.0;1;44;44193;1;1;1.0;2.0;47.642803;-1.515437;2024-11-28 14:30:00
202400006245.0;5;49;49007;1;2;1.0;3.0;47.47438;-0.55235;2024-04-27 00:40:00
202400006246.0;3;81;81101;1;6;1.0;7.0;43.994729;2.170824;2024-11-28 03:40:00
202400006247.0;1;49;49007;2;2;1.0;3.0;47.47444;-0.51963;2024-04-26 15:23:00
202400006248.0;1;49;49007;2;1;1.0;7.0;47.49228;-0.55441;2024-04-25 20:10:00
202400006249.0;1;11;11397;2;3;1.0;5.0;43.206818;2.436626;2024-11-27 17:25:00
202400006250.0;1;42;42044;2;3;1.0;2.0;45.39497348;4.33567107;2024-04-26 13:40:00
202400006251.0;1;38;38169;2;8;1.0;3.0;45.19069;5.68934;2024-04-26 19:35:00
202400006252.0;1;89;89464;2;2;1.0;1.0;48.089041;3.286731;2024-11-28 15:40:00
202400006253.0;1;61;61230;1;1;1.0;6.0;48.526304;0.71322;2024-11-28 10:10:00
202400006254.0;1;37;37261;2;3;1.0;3.0;47.37668;0.67558;2024-04-26 19:40:00
202400006255.0;4;86;86281;1;6;1.0;6.0;46.685593;0.302116;2024-11-27 04:55:00
202400006256.0;1;33;33519;1;1;1.0;6.0;44.894108;-0.673454;2024-08-11 12:00:00
202400006257.0;3;31;31232;1;3;5.0;1.0;43.779089;1.267505;2024-11-27 19:00:00
202400006258.0;1;37;37261;2;1;1.0;4.0;47.38087;0.69884;2024-04-26 12:50:00
202400006259.0;1;14;14488;2;1;1.0;1.0;49.277895;-0.259367;2024-08-10 08:45:00
202400006260.0;1;37;37214;1;1;1.0;7.0;47.39512944;0.6470376;2024-04-26 08:30:00
202400006261.0;3;15;15215;1;3;1.0;2.0;44.977466;2.521513;2024-11-22 18:30:00
202400006262.0;1;80;80799;2;2;1.0;3.0;49.870532;2.511808;2024-07-29 14:40:00
202400006263.0;1;1;1163;1;1;1.0;7.0;46.36581;5.169336;2024-11-27 08:36:00
202400006264.0;1;35;35281;1;6;1.0;3.0;48.07430359;-1.712282;2024-04-26 12:45:00
202400006265.0;1;69;69034;1;1;1.0;3.0;45.79347606;4.87557607;2024-08-09 11:59:00
202400006266.0;1;35;35238;2;1;2.0;6.0;48.10255;-1.70405;2024-04-26 13:55:00
202400006267.0;3;72;72125;1;1;2.0;1.0;47.94930189;0.642322;2024-11-27 21:25:00
202400006268.0;1;91;91235;1;1;1.0;6.0;48.627;2.3545;2024-08-10 15:30:00
202400006269.0;1;35;35238;2;3;1.0;2.0;48.10839355;-1.69597417;2024-04-25 19:30:00
202400006270.0;1;7;7199;1;6;7.0;6.0;44.49132;4.274256;2024-11-27 13:10:00
202400006271.0;1;91;91689;1;1;1.0;2.0;48.7284;2.3053;2024-08-10 12:10:00
202400006272.0;1;34;34172;2;1;2.0;3.0;43.61936;3.8879;2024-04-26 14:10:00
202400006273.0;3;91;91521;1;1;2.0;2.0;48.6362;2.39973;2024-08-09 22:00:00
202400006274.0;1;7;7327;1;3;1.0;2.0;44.521325;4.330206;2024-11-27 16:20:00
202400006275.0;1;31;31555;2;1;1.0;7.0;43.65814;1.4197;2024-04-26 17:30:00
202400006276.0;5;30;30170;2;1;1.0;3.0;43.973646;3.587422;2024-11-27 20:55:00
202400006277.0;1;31;31555;2;1;1.0;6.0;43.60936;1.35442;2024-04-26 14:10:00
202400006278.0;5;76;76684;1;1;1.0;6.0;49.47744232;0.45833489;2024-11-28 18:37:00
202400006279.0;1;92;92047;1;1;1.0;4.0;48.83397544;2.16646875;2024-08-10 19:25:00
202400006280.0;1;31;31433;1;1;1.0;2.0;43.534487;1.390661;2024-11-23 15:40:00
202400006281.0;1;27;27229;2;3;2.0;6.0;49.02573;1.14651;2024-04-26 17:08:00
202400006282.0;3;6;6152;1;1;1.0;6.0;43.627506;7.049666;2024-11-27 17:30:00
202400006283.0;1;92;92064;1;1;1.0;2.0;48.83954496;2.20338008;2024-08-10 13:54:00
202400006284.0;1;27;27229;2;6;1.0;3.0;48.998639;1.154905;2024-04-26 13:27:00
202400006285.0;4;26;26058;1;1;1.0;6.0;44.96449;4.88715;2024-04-24 00:47:00
202400006286.0;1;78;78007;1;1;1.0;6.0;48.896701;2.00652;2024-08-10 12:15:00
202400006287.0;1;13;13040;1;1;1.0;2.0;43.479448;5.556121;2024-11-28 09:00:00
202400006288.0;1;25;25547;2;1;1.0;1.0;47.51414;6.82906;2024-04-23 12:40:00
202400006289.0;5;78;78089;2;3;2.0;3.0;49.035838;1.57481;2024-11-25 07:25:00
202400006290.0;1;95;95604;1;1;1.0;4.0;49.10819189;2.55180077;2024-08-10 10:40:00
202400006291.0;1;66;66180;2;9;1.0;6.0;42.773613;2.988091;2024-11-27 15:30:00
202400006292.0;1;22;22113;2;1;1.0;2.0;48.73758;-3.44482;2024-04-26 19:45:00
202400006293.0;1;18;18279;2;1;1.0;3.0;47.220805;2.078819;2024-04-25 12:10:00
202400006294.0;1;34;34166;1;3;1.0;6.0;43.357255;3.332098;2024-11-27 15:55:00
202400006295.0;1;93;93006;1;1;1.0;6.0;48.86759911;2.42748043;2024-08-10 07:55:00
202400006296.0;5;83;83065;1;1;1.0;7.0;43.264017;6.611875;2024-11-28 19:50:00
202400006297.0;1;14;14366;2;3;1.0;7.0;49.14613;0.225;2024-04-26 16:40:00
202400006298.0;1;987;98735;1;1;1.0;3.0;-17.53883;-149.55474;2024-08-09 12:50:00
202400006299.0;1;13;13056;2;3;1.0;2.0;43.41759;5.05848;2024-04-03 17:40:00
202400006300.0;1;13;13094;2;6;1.0;3.0;43.786865;4.752614;2024-11-28 11:00:00
202400006301.0;1;13;13203;2;1;1.0;2.0;43.31;5.37;2024-04-26 20:10:00
202400006302.0;2;974;97409;1;9;1.0;3.0;-20.93395;55.65969;2024-08-09 18:00:00
202400006303.0;1;13;13005;2;1;8.0;3.0;43.286;5.597;2024-04-26 15:30:00
202400006304.0;1;974;97409;2;3;1.0;3.0;-20.96675;55.65952;2024-08-09 11:00:00
202400006305.0;2;50;50139;2;3;2.0;3.0;49.054105;-1.030177;2024-11-27 17:15:00
202400006306.0;1;9;9207;1;1;1.0;2.0;42.93137;1.62938;2024-04-26 19:05:00
202400006307.0;3;974;97407;1;1;1.0;6.0;-20.95427;55.31368;2024-08-07 20:10:00
202400006308.0;1;59;59139;2;1;1.0;6.0;50.117269;3.416169;2024-11-20 13:15:00
202400006309.0;5;6;6088;2;2;1.0;2.0;43.70132;7.27781;2024-04-26 04:55:00
202400006310.0;5;6;6088;2;1;1.0;6.0;43.714193;7.274951;2024-04-26 02:04:00
202400006311.0;3;13;13043;1;1;1.0;6.0;43.39166;5.26445;2024-11-27 22:27:00
202400006312.0;1;973;97302;2;1;1.0;3.0;4.93919116;-52.31861883;2024-08-09 18:20:00
202400006313.0;5;33;33063;1;1;1.0;6.0;44.880716;-0.541372;2024-11-25 23:10:00
202400006314.0;1;6;6069;2;6;1.0;3.0;43.64989;6.93199;2024-04-26 09:00:00
202400006315.0;3;33;33080;1;1;1.0;6.0;44.733139;-0.531566;2024-11-25 21:40:00
202400006316.0;5;973;97302;2;1;1.0;3.0;4.94412;-52.3091;2024-08-09 19:45:00
202400006317.0;1;6;6027;2;1;2.0;3.0;43.661;7.144;2024-04-26 11:10:00
202400006318.0;1;973;97302;2;1;1.0;3.0;4.93543;-52.31284;2024-08-07 07:30:00
202400006319.0;5;75;75117;2;1;1.0;3.0;48.88826;2.29189;2024-04-24 22:30:00
202400006320.0;1;91;91661;1;1;2.0;5.0;48.69588;2.23593;2024-11-27 08:35:00
202400006321.0;5;69;69386;2;2;1.0;3.0;45.76932;4.85044;2024-08-10 01:15:00
202400006322.0;5;75;75116;2;1;1.0;4.0;48.874475;2.275778;2024-04-24 21:06:00
202400006323.0;1;75;75106;2;1;1.0;6.0;48.846151;2.326096;2024-04-26 10:30:00
202400006324.0;1;92;92025;1;1;2.0;4.0;48.93542176;2.2605831;2024-11-27 10:00:00
202400006325.0;1;69;69383;2;1;1.0;3.0;45.76001;4.86299;2024-08-09 20:36:00
202400006326.0;1;75;75119;2;2;1.0;1.0;48.88567;2.386902;2024-04-26 20:00:00
202400006327.0;2;69;69387;2;1;1.0;6.0;45.74471;4.83054;2024-08-09 05:05:00
202400006328.0;1;92;92036;1;1;1.0;2.0;48.93568401;2.26177329;2024-11-26 09:20:00
202400006329.0;1;75;75118;2;2;1.0;6.0;48.88467;2.329466;2024-04-26 09:40:00
202400006330.0;1;75;75116;2;1;1.0;6.0;48.872619;2.279392;2024-04-26 18:04:00
202400006331.0;3;92;92025;1;1;2.0;6.0;48.92973823;2.24175921;2024-11-25 21:25:00
202400006332.0;1;972;97213;1;1;1.0;5.0;14.59642;-60.9953;2024-08-09 15:54:00
202400006333.0;1;75;75116;2;1;1.0;3.0;48.864013;2.23662;2024-04-23 17:25:00
202400006334.0;1;78;78007;1;1;1.0;4.0;48.898434;2.005777;2024-11-25 16:51:00
202400006335.0;1;972;97213;1;1;1.0;2.0;14.6211;-61.01958;2024-08-09 16:50:00
202400006336.0;1;75;75115;2;1;1.0;1.0;48.84183;2.28974;2024-04-26 10:50:00
202400006337.0;3;78;78423;1;1;2.0;6.0;48.79737;2.04092;2024-11-19 01:55:00
202400006338.0;3;92;92023;1;1;2.0;2.0;48.7769763;2.22831062;2024-11-18 19:45:00
202400006339.0;1;75;75113;2;2;1.0;6.0;48.831091;2.344245;2024-04-26 15:17:00
202400006340.0;3;93;93006;1;1;1.0;7.0;48.8667928;2.42555663;2024-11-26 23:15:00
202400006341.0;3;972;97213;1;1;1.0;5.0;14.617811;-61.018731;2024-08-08 19:30:00
202400006342.0;1;75;75113;2;1;1.0;3.0;48.822257;2.367863;2024-04-26 09:00:00
202400006343.0;3;93;93048;1;1;1.0;3.0;48.87356555;2.43687765;2024-11-26 19:15:00
202400006344.0;1;972;97209;2;1;1.0;6.0;14.59872;-61.05315;2024-08-07 15:50:00
202400006345.0;5;75;75117;2;5;1.0;3.0;48.886372;2.32239;2024-04-26 21:15:00
202400006346.0;1;93;93027;1;1;1.0;5.0;48.9344735;2.39765242;2024-11-26 16:45:00
202400006347.0;3;971;97113;1;1;1.0;7.0;16.23718;-61.47279;2024-08-09 01:00:00
202400006348.0;5;75;75108;2;2;1.0;1.0;48.874192;2.323939;2024-04-26 05:10:00
202400006349.0;1;93;93010;1;1;1.0;1.0;48.91454975;2.47732254;2024-11-26 11:35:00
202400006350.0;1;75;75107;2;1;1.0;7.0;48.859857;2.291979;2024-04-26 08:46:00
202400006351.0;1;91;91570;2;1;7.0;6.0;48.63741;2.30496;2024-08-06 12:31:00
202400006352.0;5;75;75107;2;3;1.0;7.0;48.862288;2.306328;2024-04-25 23:20:00
202400006353.0;1;95;95572;1;1;1.0;3.0;49.03324212;2.10687909;2024-11-26 08:55:00
202400006354.0;3;75;75112;1;1;1.0;6.0;48.81664;2.45189;2024-11-24 22:20:00
202400006355.0;5;75;75101;2;2;2.0;2.0;48.865282;2.343077;2024-04-26 23:10:00
202400006356.0;1;91;91064;1;3;1.0;3.0;48.76141;2.21557;2024-08-03 16:00:00
202400006357.0;5;77;77288;2;1;1.0;7.0;48.526164;2.655838;2024-11-10 02:40:00
202400006358.0;1;75;75104;2;3;1.0;6.0;48.85512;2.361707;2024-04-26 11:45:00
202400006359.0;1;91;91114;2;1;1.0;6.0;48.700493;2.493658;2024-08-05 16:45:00
202400006360.0;1;76;76565;1;9;1.0;3.0;49.89514;1.07785;2024-08-28 18:30:00
202400006361.0;1;94;94081;2;2;7.0;6.0;48.78113679;2.40316039;2024-04-26 09:45:00
202400006362.0;1;73;73107;2;1;1.0;6.0;45.453004;5.882095;2024-08-31 14:45:00
202400006363.0;5;91;91687;2;3;1.0;6.0;48.652;2.37;2024-08-10 00:25:00
202400006364.0;3;73;73315;1;1;1.0;6.0;45.50557996;6.16840939;2024-08-15 22:00:00
202400006365.0;1;94;94067;2;3;1.0;3.0;48.84665;2.41647;2024-04-26 07:25:00
202400006366.0;4;73;73213;1;1;1.0;6.0;45.56713183;5.96480401;2024-07-14 23:11:00
202400006367.0;1;91;91027;2;1;1.0;3.0;48.70883;2.37135;2024-08-09 06:00:00
202400006368.0;1;94;94078;2;2;1.0;6.0;48.74861;2.43515;2024-04-26 19:40:00
202400006369.0;5;94;94073;2;3;1.0;6.0;48.75015;2.37;2024-04-26 00:45:00
202400006370.0;1;73;73100;1;1;1.0;1.0;45.54689;5.678591;2024-06-29 19:30:00
202400006371.0;1;89;89024;2;1;1.0;3.0;47.79708;3.54621;2024-08-08 12:15:00
202400006372.0;1;94;94028;2;5;1.0;6.0;48.795375;2.458899;2024-04-24 16:45:00
202400006373.0;1;74;74031;1;2;2.0;2.0;46.094063;6.103989;2024-09-28 11:40:00
202400006374.0;1;87;87085;2;1;1.0;6.0;45.83228;1.25855;2024-08-06 17:05:00
202400006375.0;1;94;94048;2;6;1.0;3.0;48.72955911;2.5416044;2024-04-26 13:30:00
202400006376.0;1;93;93029;2;1;2.0;1.0;48.92431;2.45147;2024-05-29 13:45:00
202400006377.0;5;84;84007;2;1;1.0;1.0;43.94255;4.80552;2024-08-09 21:15:00
202400006378.0;1;93;93059;2;1;1.0;3.0;48.951332;2.357931;2024-04-26 18:00:00
202400006379.0;1;93;93029;2;3;2.0;3.0;48.92277256;2.45747557;2024-05-29 13:29:00
202400006380.0;1;84;84007;2;1;1.0;7.0;43.941972;4.842392;2024-08-06 18:15:00
202400006381.0;5;93;93001;2;9;1.0;6.0;48.91798;2.40751;2024-04-26 01:20:00
202400006382.0;5;93;93029;2;3;1.0;6.0;48.91778984;2.45533884;2024-05-28 03:55:00
202400006383.0;1;93;93066;2;3;1.0;6.0;48.93017168;2.35649228;2024-04-26 11:25:00
202400006384.0;1;84;84007;2;1;1.0;2.0;43.93859;4.78379;2024-08-08 09:00:00
202400006385.0;3;93;93015;2;3;1.0;3.0;48.91553556;2.58970213;2024-04-24 21:15:00
202400006386.0;1;93;93029;2;3;1.0;6.0;48.92172379;2.42015719;2024-05-27 16:30:00
202400006387.0;1;83;83137;2;2;1.0;6.0;43.13504;5.91642;2024-08-09 11:30:00
202400006388.0;1;93;93014;2;2;1.0;3.0;48.9015;2.54705;2024-04-25 18:45:00
202400006389.0;1;93;93029;2;2;1.0;3.0;48.9222772;2.42026538;2024-05-25 18:50:00
202400006390.0;1;83;83137;2;1;1.0;6.0;43.14023;5.91312;2024-08-09 08:40:00
202400006391.0;1;92;92022;2;1;1.0;3.0;48.79994272;2.18606266;2024-04-25 13:50:00
202400006392.0;1;83;83103;2;1;1.0;1.0;43.18128;5.92326;2024-08-07 06:50:00
202400006393.0;1;93;93029;2;1;1.0;6.0;48.9229;2.44585;2024-05-24 18:55:00
202400006394.0;3;92;92050;2;6;2.0;3.0;48.88696774;2.20069805;2024-04-26 21:45:00
202400006395.0;1;93;93029;2;1;1.0;2.0;48.92278;2.44724;2024-05-24 09:45:00
202400006396.0;1;80;80021;2;6;1.0;3.0;49.875573;2.282224;2024-08-09 18:45:00
202400006397.0;1;92;92036;2;3;1.0;3.0;48.94261369;2.30296755;2024-04-25 09:35:00
202400006398.0;1;93;93013;2;1;1.0;3.0;48.92984;2.42213;2024-05-23 12:45:00
202400006399.0;1;92;92025;2;1;1.0;1.0;48.92443261;2.24777913;2024-04-25 15:30:00
202400006400.0;1;92;92024;2;7;1.0;6.0;48.90114775;2.30784237;2024-04-26 19:10:00
202400006401.0;1;93;93029;2;2;1.0;3.0;48.91967696;2.45105267;2024-05-21 09:32:00
202400006402.0;1;78;78418;2;6;1.0;3.0;48.911953;2.146518;2024-08-06 18:15:00
202400006403.0;1;92;92024;2;2;1.0;3.0;48.90853151;2.30012494;2024-04-22 18:40:00
202400006404.0;1;93;93029;2;1;8.0;6.0;48.92506764;2.44803786;2024-05-17 20:40:00
202400006405.0;5;78;78297;2;1;1.0;6.0;48.77297;2.07813;2024-08-09 06:00:00
202400006406.0;1;92;92019;2;1;1.0;2.0;48.76091;2.27991;2024-04-26 14:12:00
202400006407.0;1;13;13214;1;1;1.0;7.0;43.33003215;5.39614677;2024-07-30 09:10:00
202400006408.0;1;92;92012;2;1;1.0;3.0;48.83056;2.22789;2024-04-26 17:22:00
202400006409.0;1;54;54285;1;1;1.0;7.0;48.74994987;6.54718637;2024-04-27 13:50:00
202400006410.0;1;72;72181;1;6;1.0;2.0;47.9551;0.22762;2024-08-08 15:35:00
202400006411.0;1;13;13215;1;1;1.0;4.0;43.35434;5.3643;2024-07-27 12:30:00
202400006412.0;1;57;57677;2;9;2.0;7.0;49.245961;6.224511;2024-04-27 08:05:00
202400006413.0;2;13;13056;1;1;1.0;7.0;43.4098;5.03777;2024-07-25 20:40:00
202400006414.0;1;95;95487;2;1;2.0;6.0;49.151289;2.29161;2024-04-27 18:15:00
202400006415.0;1;71;71270;2;9;1.0;3.0;46.29701;4.8163;2024-08-09 08:50:00
202400006416.0;3;13;13005;1;1;1.0;7.0;43.29385952;5.55725008;2024-07-25 01:39:00
202400006417.0;3;71;71556;1;1;1.0;6.0;46.274743;4.787657;2024-04-27 01:10:00
202400006418.0;1;65;65340;2;1;1.0;6.0;43.278588;0.106639;2024-04-26 19:00:00
202400006419.0;1;71;71153;2;2;1.0;3.0;46.79949;4.44487;2024-08-06 10:00:00
202400006420.0;1;13;13215;1;1;1.0;2.0;43.3765;5.35604;2024-07-25 15:20:00
202400006421.0;1;62;62677;1;2;1.0;3.0;50.34109504;2.02974549;2024-04-27 07:30:00
202400006422.0;1;59;59164;1;1;1.0;7.0;50.158109;3.577552;2024-04-26 15:40:00
202400006423.0;2;13;13071;1;1;1.0;2.0;43.40401;5.34161;2024-07-19 05:45:00
202400006424.0;1;69;69266;2;9;1.0;3.0;45.76208097;4.91994008;2024-08-09 07:45:00
202400006425.0;2;11;11049;2;9;1.0;6.0;43.237123;2.104708;2024-04-22 07:30:00
202400006426.0;1;63;63236;1;1;2.0;7.0;45.58777867;2.77499324;2024-04-26 15:39:00
202400006427.0;3;63;63076;1;1;1.0;7.0;45.49463114;3.5974433;2024-04-27 01:25:00
202400006428.0;1;69;69029;2;1;1.0;6.0;45.73561988;4.91033778;2024-08-09 10:20:00
202400006429.0;1;12;12043;1;1;6.0;6.0;44.257218;2.557797;2024-04-27 11:40:00
202400006430.0;3;34;34223;1;1;1.0;6.0;43.43226;3.221312;2024-04-27 00:30:00
202400006431.0;1;31;31537;1;2;1.0;3.0;43.112861;0.793886;2024-04-27 10:15:00
202400006432.0;1;69;69091;2;2;1.0;3.0;45.60182;4.77054;2024-08-06 17:15:00
202400006433.0;1;2;2795;1;3;1.0;3.0;49.415179;3.106899;2024-04-27 15:43:00
202400006434.0;5;67;67482;2;1;1.0;2.0;48.547366;7.770336;2024-08-10 00:30:00
202400006435.0;1;14;14174;1;1;2.0;1.0;48.869451;-0.589671;2024-04-27 15:20:00
202400006436.0;1;7;7317;2;1;6.0;7.0;45.229909;4.771575;2024-04-27 14:10:00
202400006437.0;5;66;66136;2;3;1.0;3.0;42.69838;2.8873;2024-08-07 23:25:00
202400006438.0;1;24;24316;1;1;1.0;1.0;45.206465;0.033479;2024-04-26 18:00:00
202400006439.0;3;85;85020;2;1;1.0;1.0;46.36816;-0.569239;2024-04-27 00:01:00
202400006440.0;2;27;27467;2;1;1.0;6.0;49.352375;0.518686;2024-04-25 08:40:00
202400006441.0;1;66;66136;2;1;1.0;6.0;42.69872;2.889;2024-08-07 16:01:00
202400006442.0;1;28;28264;1;1;3.0;6.0;48.432621;1.037452;2024-04-27 17:15:00
202400006443.0;1;987;98734;1;1;1.0;3.0;-17.76224906;-149.50239301;2024-04-24 13:00:00
202400006444.0;1;66;66136;2;1;1.0;3.0;42.67758;2.8505;2024-08-06 20:00:00
202400006445.0;1;72;72328;1;1;3.0;2.0;48.052784;0.262674;2024-04-27 10:45:00
202400006446.0;4;973;97307;1;6;1.0;7.0;4.838154;-52.318482;2024-04-26 22:50:00
202400006447.0;1;66;66136;2;1;1.0;6.0;42.68951;2.89755;2024-08-04 17:57:00
202400006448.0;4;34;34255;1;1;2.0;1.0;43.677898;3.820925;2024-04-26 03:45:00
202400006449.0;1;64;64260;2;6;1.0;3.0;43.37341942;-1.7697347;2024-08-09 18:10:00
202400006450.0;1;64;64237;1;1;1.0;6.0;43.26469;-0.3652;2024-08-06 08:25:00
202400006451.0;1;64;64445;2;3;8.0;3.0;43.30294;-0.35787;2024-08-07 12:40:00
202400006452.0;1;64;64122;2;9;1.0;6.0;43.48749;-1.55414;2024-08-09 20:30:00
202400006453.0;1;64;64102;2;2;1.0;3.0;43.49141;-1.46936;2024-08-09 20:10:00
202400006454.0;3;64;64140;2;1;1.0;7.0;43.51193525;-1.48865551;2024-08-08 02:09:00
202400006455.0;1;64;64102;2;1;1.0;2.0;43.50962;-1.44366;2024-08-08 14:40:00
202400006456.0;1;64;64024;2;6;1.0;3.0;43.49401;-1.51887;2024-08-08 09:40:00
202400006457.0;1;62;62525;2;1;7.0;6.0;50.73682;2.27374;2024-08-05 17:40:00
202400006458.0;5;59;59599;2;2;1.0;3.0;50.73292;3.18196;2024-08-09 04:50:00
202400006459.0;1;59;59599;2;8;1.0;6.0;50.71641;3.16453;2024-08-08 19:00:00
202400006460.0;1;59;59560;1;1;1.0;2.0;50.55938;3.04662;2024-08-06 16:45:00
202400006461.0;1;57;57221;2;1;1.0;3.0;49.31639434;6.12492085;2024-08-05 16:14:00
202400006462.0;5;56;56260;2;1;1.0;7.0;47.65735;-2.75496;2024-08-09 01:30:00
202400006463.0;4;54;54395;2;1;1.0;3.0;48.68168634;6.19772136;2024-08-09 21:55:00
202400006464.0;1;54;54280;2;1;1.0;6.0;49.223465;6.011231;2024-08-09 13:40:00
202400006465.0;1;51;51454;2;1;1.0;2.0;49.268172;4.018485;2024-08-08 19:00:00
202400006466.0;1;50;50129;2;1;1.0;6.0;49.6419;-1.63573;2024-08-08 13:50:00
202400006467.0;1;49;49007;2;6;1.0;3.0;47.44838;-0.53788;2024-08-09 16:50:00
202400006468.0;1;48;48095;2;7;1.0;7.0;44.5169;3.49919;2024-08-07 15:25:00
202400006469.0;5;47;47027;2;1;1.0;6.0;44.40449;0.66942;2024-08-09 04:15:00
202400006470.0;1;36;36159;2;2;1.0;3.0;46.764926;1.709689;2024-08-05 17:32:00
202400006471.0;4;64;64519;2;6;2.0;6.0;43.36167;-0.385404;2024-02-09 07:40:00
202400006472.0;1;36;36005;2;1;1.0;7.0;46.762629;1.804021;2024-02-08 14:50:00
202400006473.0;3;35;35278;1;3;1.0;6.0;48.14633624;-1.66863978;2024-08-09 02:15:00
202400006474.0;1;7;7013;1;1;2.0;6.0;45.189946;4.762262;2024-02-09 12:55:00
202400006475.0;1;40;40068;2;1;8.0;1.0;43.750862;-0.866627;2024-02-08 14:05:00
202400006476.0;1;24;24261;1;1;2.0;1.0;44.98603135;0.91294885;2024-02-08 16:08:00
202400006477.0;1;34;34301;2;1;1.0;2.0;43.4024;3.66965;2024-08-05 18:00:00
202400006478.0;1;24;24156;1;1;1.0;7.0;45.04056766;0.86860657;2024-01-28 15:20:00
202400006479.0;3;28;28364;1;1;1.0;1.0;48.169044;1.55091;2024-02-06 00:37:00
202400006480.0;1;68;68300;1;1;2.0;6.0;47.78298;7.402342;2024-02-09 13:00:00
202400006481.0;5;34;34172;2;3;1.0;3.0;43.63443;3.82249;2024-08-06 02:00:00
202400006482.0;2;91;91132;1;1;2.0;2.0;48.507791;2.201257;2024-02-08 17:35:00
202400006483.0;5;6;6088;1;1;1.0;6.0;43.731645;7.277839;2024-02-08 20:15:00
202400006484.0;2;51;51518;1;1;3.0;6.0;49.28790423;3.98455545;2024-02-08 17:30:00
202400006485.0;5;34;34172;1;1;1.0;2.0;43.584782;3.89048;2024-02-09 02:00:00
202400006486.0;1;45;45067;1;1;2.0;6.0;47.891296;1.762275;2024-02-07 16:02:00
202400006487.0;5;34;34172;2;3;1.0;3.0;43.58045;3.88114;2024-08-09 04:15:00
202400006488.0;1;38;38035;1;1;1.0;6.0;45.509956;5.08255;2024-02-02 14:00:00
202400006489.0;5;60;60482;1;1;2.0;6.0;49.137895;2.503638;2024-02-08 21:20:00
202400006490.0;3;34;34032;2;1;1.0;7.0;43.35213;3.25086;2024-08-08 02:58:00
202400006491.0;1;13;13076;2;1;1.0;1.0;43.807945;4.996263;2024-02-06 09:15:00
202400006492.0;1;13;13035;1;1;3.0;1.0;43.69313;4.997121;2024-02-09 10:45:00
202400006493.0;5;33;33063;2;1;1.0;6.0;44.85606;-0.57127;2024-08-07 00:10:00
202400006494.0;1;13;13097;1;3;2.0;3.0;43.584471;4.765255;2024-02-09 11:00:00
202400006495.0;1;33;33522;2;3;1.0;3.0;44.7935;-0.58488;2024-08-09 17:30:00
202400006496.0;5;71;71491;2;2;1.0;6.0;46.41081381;4.03630215;2024-02-09 07:20:00
202400006497.0;3;73;73285;1;1;2.0;6.0;45.61740341;6.81195305;2024-02-09 01:40:00
202400006498.0;3;38;38484;1;1;2.0;1.0;45.564041;4.908872;2024-02-09 05:50:00
202400006499.0;5;1;1142;2;3;2.0;3.0;45.851391;5.062535;2024-02-08 23:25:00
202400006500.0;1;46;46174;1;1;1.0;1.0;44.651498;2.106049;2024-02-08 16:45:00
202400006501.0;1;33;33009;2;6;1.0;6.0;44.65891;-1.18421;2024-08-09 19:08:00
202400006502.0;1;56;56237;1;1;1.0;1.0;48.010769;-2.927384;2024-02-09 13:10:00
202400006503.0;1;59;59126;1;6;3.0;1.0;50.304859;3.134051;2024-02-08 13:15:00
202400006504.0;1;31;31555;2;1;1.0;2.0;43.56707;1.4582;2024-08-06 13:50:00
202400006505.0;3;69;69286;1;1;1.0;3.0;45.80878;4.91826;2024-02-03 20:40:00
202400006506.0;1;31;31555;2;1;1.0;6.0;43.55373;1.49661;2024-08-08 13:40:00
202400006507.0;1;27;27229;2;1;1.0;6.0;49.03004;1.16261;2024-08-09 16:35:00
202400006508.0;3;33;33249;1;1;1.0;4.0;44.880345;-0.525151;2024-02-07 07:00:00
202400006509.0;1;27;27229;2;2;1.0;3.0;49.02565;1.15571;2024-08-06 14:14:00
202400006510.0;1;91;91521;1;1;2.0;2.0;48.63301258;2.40559816;2024-02-08 16:10:00
202400006511.0;1;22;22278;2;6;2.0;2.0;48.51808;-2.7488;2024-08-06 14:56:00
202400006512.0;1;19;19031;2;1;1.0;6.0;45.16739184;1.54992002;2024-08-09 13:45:00
202400006513.0;1;91;91064;1;1;2.0;4.0;48.7509;2.2224;2024-02-08 08:45:00