Num_Acc;lum;departement;commune;agglomeration;intersection;meteo;type_collision;lat;long;date
202400006514.0;1;15;15014;2;6;1.0;3.0;44.92227;2.42778;2024-08-06 17:00:00
202400006515.0;1;91;91103;1;1;2.0;6.0;48.624882;2.304695;2024-02-08 11:30:00
202400006516.0;1;14;14557;2;1;1.0;2.0;49.33862;0.09716;2024-08-09 19:56:00
202400006517.0;1;94;94021;1;1;2.0;3.0;48.76446314;2.34264629;2024-02-08 07:45:00
202400006518.0;1;14;14118;2;1;1.0;6.0;49.17796;-0.35997;2024-08-01 14:09:00
202400006519.0;1;91;91286;1;1;2.0;3.0;48.65494;2.37964;2024-02-08 09:40:00
202400006520.0;3;91;91521;1;1;2.0;7.0;48.62736;2.3993;2024-02-08 00:03:00
202400006521.0;5;14;14118;2;2;1.0;1.0;49.18832;-0.35991;2024-08-07 22:10:00
202400006522.0;1;84;84031;2;1;1.0;6.0;44.05443;5.05191;2024-11-27 11:00:00
202400006523.0;1;974;97411;2;1;1.0;6.0;-20.90029;55.49201;2024-02-07 14:15:00
202400006524.0;3;13;13039;1;1;1.0;7.0;43.46171;4.91928;2024-08-07 04:30:00
202400006525.0;1;44;44114;2;1;1.0;1.0;47.2752045;-1.65239057;2024-03-04 09:09:00
202400006526.0;1;973;97302;2;3;1.0;3.0;4.92923625;-52.30232477;2024-02-07 16:10:00
202400006527.0;5;13;13204;2;1;1.0;1.0;43.31577;5.40109;2024-08-09 21:50:00
202400006528.0;3;84;84062;1;1;1.0;7.0;43.873086;5.111743;2024-11-11 01:30:00
202400006529.0;1;50;50626;1;1;1.0;6.0;48.914314;-1.38807;2024-11-11 14:30:00
202400006530.0;1;69;69381;2;3;1.0;2.0;45.76821;4.82732;2024-02-07 14:55:00
202400006531.0;1;13;13201;2;1;1.0;1.0;43.29354;5.38216;2024-08-09 14:00:00
202400006532.0;3;50;50549;1;1;5.0;2.0;48.836281;-1.434596;2024-11-01 18:00:00
202400006533.0;5;95;95539;2;1;2.0;3.0;48.99530558;2.34288396;2024-01-02 17:15:00
202400006534.0;1;11;11069;2;9;1.0;3.0;43.22826;2.39605;2024-08-09 20:15:00
202400006535.0;1;17;17299;2;6;1.0;6.0;45.94340355;-0.96021374;2024-09-17 08:37:00
202400006536.0;1;11;11069;2;1;1.0;1.0;43.21532;2.34518;2024-08-09 14:20:00
202400006537.0;2;95;95280;2;1;2.0;5.0;49.01716877;2.46809713;2024-02-07 08:10:00
202400006538.0;1;35;35222;2;8;1.0;6.0;48.533445;-1.559731;2024-08-18 15:14:00
202400006539.0;1;91;91333;2;9;1.0;3.0;48.6229;2.26697;2024-02-06 13:50:00
202400006540.0;1;10;10387;2;1;1.0;3.0;48.30069;4.07554;2024-08-09 17:50:00
202400006541.0;1;44;44109;2;6;1.0;3.0;47.221;-1.556;2024-02-29 08:15:00
202400006542.0;1;44;44114;2;1;1.0;7.0;47.25697389;-1.62350598;2024-02-29 14:00:00
202400006543.0;1;91;91122;2;3;2.0;1.0;48.69814;2.15797;2024-02-07 11:00:00
202400006544.0;1;9;9207;2;3;1.0;3.0;42.938;1.632;2024-08-06 15:40:00
202400006545.0;1;44;44162;2;1;1.0;3.0;47.22531469;-1.62752107;2024-02-28 13:00:00
202400006546.0;1;8;8105;2;1;1.0;6.0;49.76361;4.69961;2024-08-08 11:00:00
202400006547.0;1;91;91589;2;2;2.0;4.0;48.700324;2.352773;2024-02-07 09:20:00
202400006548.0;1;44;44109;2;1;1.0;6.0;47.2081133;-1.54043397;2024-02-06 09:55:00
202400006549.0;1;7;7102;2;2;1.0;3.0;44.92767;4.8622;2024-08-09 19:00:00
202400006550.0;1;44;44109;2;1;1.0;6.0;47.25090382;-1.57670315;2024-01-24 15:30:00
202400006551.0;1;91;91027;2;3;2.0;6.0;48.710042;2.38549;2024-02-07 08:18:00
202400006552.0;1;6;6069;2;4;1.0;6.0;43.64196;6.94263;2024-08-06 08:35:00
202400006553.0;3;44;44162;1;1;1.0;2.0;47.203134;-1.6223775;2024-01-23 20:15:00
202400006554.0;1;91;91223;2;1;1.0;2.0;48.4347;2.16914;2024-02-06 16:00:00
202400006555.0;5;2;2408;2;9;1.0;6.0;49.57644;3.63252;2024-07-27 00:10:00
202400006556.0;2;44;44109;2;1;1.0;2.0;47.21650319;-1.54698907;2024-01-23 07:35:00
202400006557.0;1;75;75119;2;1;1.0;2.0;48.900355;2.382103;2024-08-09 18:45:00
202400006558.0;2;44;44109;2;6;1.0;3.0;47.24645498;-1.50123616;2024-01-23 18:35:00
202400006559.0;1;89;89024;2;1;1.0;3.0;47.81038;3.57134;2024-02-06 13:20:00
202400006560.0;1;75;75115;2;1;1.0;2.0;48.826185;2.298358;2024-08-09 09:20:00
202400006561.0;5;44;44109;2;6;1.0;3.0;47.2073899;-1.57211253;2024-01-19 17:40:00
202400006562.0;5;87;87085;2;3;1.0;6.0;45.83025;1.26489;2024-02-06 01:20:00
202400006563.0;5;75;75106;2;2;1.0;7.0;48.847818;2.329567;2024-08-08 22:05:00
202400006564.0;1;75;75117;2;7;1.0;6.0;48.877797;2.282382;2024-08-09 12:55:00
202400006565.0;1;44;44109;2;6;1.0;3.0;47.2316217;-1.56860884;2024-01-18 13:40:00
202400006566.0;3;44;44162;2;1;1.0;6.0;47.21030074;-1.6607258;2024-01-18 18:10:00
202400006567.0;5;78;78650;2;9;2.0;6.0;48.8898;2.1429;2024-02-07 20:40:00
202400006568.0;5;75;75115;2;1;1.0;6.0;48.843197;2.321974;2024-08-09 02:10:00
202400006569.0;1;44;44184;2;1;1.0;6.0;47.2710032;-2.23855162;2024-01-05 12:50:00
202400006570.0;1;75;75114;2;1;1.0;7.0;48.835749;2.328327;2024-08-09 10:10:00
202400006571.0;1;25;25558;2;1;1.0;7.0;47.158759;6.113219;2024-12-18 15:13:00
202400006572.0;5;44;44162;2;1;1.0;6.0;47.2403368;-1.61203314;2024-01-05 22:30:00
202400006573.0;5;77;77288;1;1;1.0;7.0;48.56005;2.64684;2024-02-06 19:50:00
202400006574.0;5;44;44020;1;1;3.0;7.0;47.18188831;-1.61232233;2024-01-05 00:40:00
202400006575.0;5;75;75113;2;2;1.0;3.0;48.825576;2.374615;2024-08-08 02:13:00
202400006576.0;1;44;44162;1;6;1.0;7.0;47.22548404;-1.62228789;2024-01-01 13:20:00
202400006577.0;1;77;77114;1;1;1.0;6.0;48.73697077;2.70135931;2024-02-06 12:45:00
202400006578.0;5;75;75112;2;1;1.0;3.0;48.841651;2.377356;2024-08-09 02:30:00
202400006579.0;3;972;97213;1;1;1.0;6.0;14.61461;-61.01274;2024-12-14 02:30:00
202400006580.0;5;77;77132;2;1;2.0;3.0;48.87498;2.8019;2024-02-07 19:46:00
202400006581.0;1;75;75111;2;2;1.0;6.0;48.859343;2.386841;2024-08-09 13:12:00
202400006582.0;3;71;71040;1;1;1.0;7.0;46.7266;4.3743;2024-11-17 06:30:00
202400006583.0;1;75;75110;2;1;1.0;6.0;48.870135;2.362338;2024-08-09 08:44:00
202400006584.0;1;69;69091;2;1;1.0;6.0;45.59457;4.76986;2024-11-26 11:20:00
202400006585.0;1;88;88383;2;1;1.0;1.0;48.010095;6.603337;2024-08-12 17:15:00
202400006586.0;5;76;76540;2;2;2.0;6.0;49.44897;1.06697;2024-02-07 18:20:00
202400006587.0;1;75;75108;2;2;1.0;6.0;48.870444;2.305129;2024-08-09 19:25:00
202400006588.0;1;71;71270;2;3;1.0;3.0;46.30236;4.83028;2024-02-06 17:40:00
202400006589.0;1;75;75115;2;1;1.0;3.0;48.847501;2.298501;2024-08-09 11:10:00
202400006590.0;3;88;88364;1;9;2.0;1.0;48.339535;6.111896;2024-11-30 19:30:00
202400006591.0;2;69;69276;2;1;1.0;1.0;45.6678;4.85393;2024-02-07 07:55:00
202400006592.0;1;88;88447;2;1;1.0;1.0;47.945188;6.770124;2024-11-25 12:50:00
202400006593.0;1;75;75104;2;2;2.0;3.0;48.853385;2.367124;2024-08-09 19:15:00
202400006594.0;1;88;88347;1;1;1.0;7.0;48.157927;6.184992;2024-11-22 14:45:00
202400006595.0;1;69;69091;2;3;1.0;2.0;45.57213;4.79431;2024-02-07 13:25:00
202400006596.0;1;94;94046;2;1;1.0;3.0;48.813051;2.421721;2024-08-08 16:00:00
202400006597.0;3;88;88358;1;1;2.0;1.0;48.107274;6.582055;2024-11-19 23:50:00
202400006598.0;2;67;67365;2;3;1.0;3.0;48.54859;7.70944;2024-02-06 17:45:00
202400006599.0;1;88;88350;1;2;8.0;3.0;48.371509;5.927502;2024-11-13 13:00:00
202400006600.0;1;94;94041;2;2;1.0;6.0;48.8117254;2.40300769;2024-08-09 10:50:00
202400006601.0;2;67;67482;2;3;1.0;6.0;48.552859;7.743891;2024-02-06 17:20:00
202400006602.0;1;31;31555;2;8;1.0;3.0;43.573689;1.4193551;2024-10-24 17:18:00
202400006603.0;1;66;66136;2;9;1.0;6.0;42.69155;2.87242;2024-02-07 11:40:00
202400006604.0;1;95;95313;2;9;1.0;6.0;49.125469;2.24609256;2024-10-11 17:20:00
202400006605.0;1;94;94073;2;2;1.0;3.0;48.754297;2.375102;2024-08-09 11:20:00
202400006606.0;1;66;66136;2;3;1.0;3.0;42.6719;2.90494;2024-02-07 09:55:00
202400006607.0;4;47;47157;2;8;1.0;6.0;44.50734937;0.16007155;2024-10-26 05:40:00
202400006608.0;1;94;94022;2;1;1.0;6.0;48.752722;2.4057;2024-08-09 16:25:00
202400006609.0;5;44;44109;2;1;1.0;7.0;47.23999346;-1.55994657;2024-12-05 08:00:00
202400006610.0;1;66;66136;2;1;1.0;6.0;42.68669687;2.90735096;2024-02-07 10:00:00
202400006611.0;1;93;93066;2;2;1.0;3.0;48.92936;2.35666;2024-08-09 10:00:00
202400006612.0;5;74;74012;2;1;1.0;3.0;46.19341;6.24299;2024-12-16 05:47:00
202400006613.0;3;66;66136;1;1;1.0;2.0;42.73;2.8813;2024-02-07 05:15:00
202400006614.0;5;74;74012;2;1;1.0;6.0;46.19252;6.22888;2024-12-15 20:03:00
202400006615.0;5;54;54395;2;1;1.0;7.0;48.678837;6.20491;2024-02-07 04:30:00
202400006616.0;1;93;93006;2;9;1.0;3.0;48.86344588;2.41441137;2024-08-09 19:10:00
202400006617.0;5;54;54495;2;1;1.0;7.0;48.68358503;6.24491644;2024-02-07 02:10:00
202400006618.0;1;14;14228;2;1;1.0;6.0;49.295926;-0.380477;2024-11-13 12:25:00
202400006619.0;1;93;93001;2;7;1.0;3.0;48.911799;2.379563;2024-08-09 08:55:00
202400006620.0;5;974;97415;1;1;1.0;6.0;-21.079775;55.230761;2024-11-09 22:00:00
202400006621.0;1;92;92063;2;1;1.0;6.0;48.87625;2.18563;2024-08-08 19:35:00
202400006622.0;1;54;54395;2;3;8.0;2.0;48.67967;6.1986;2024-02-06 12:20:00
202400006623.0;1;2B;2B188;1;1;1.0;3.0;42.60004;9.381037;2024-11-16 14:30:00
202400006624.0;1;92;92050;2;5;1.0;3.0;48.87867603;2.21073478;2024-08-09 08:44:00
202400006625.0;5;51;51454;2;6;2.0;6.0;49.257003;4.039361;2024-02-07 05:40:00
202400006626.0;1;3;3310;2;1;1.0;6.0;46.11255;3.44089;2024-04-06 16:30:00
202400006627.0;1;83;83054;1;1;1.0;3.0;43.154745;6.041837;2024-12-26 10:00:00
202400006628.0;1;49;49007;2;1;1.0;3.0;47.46663;-0.55338;2024-02-06 14:20:00
202400006629.0;5;92;92050;2;2;1.0;3.0;48.89730912;2.19757039;2024-08-08 23:01:00
202400006630.0;5;23;23096;2;1;3.0;6.0;46.18025;1.87405;2024-11-19 18:10:00
202400006631.0;1;49;49007;1;1;1.0;2.0;47.46923;-0.60116;2024-02-06 08:30:00
202400006632.0;1;92;92050;2;2;1.0;3.0;48.88881004;2.20320627;2024-08-08 10:10:00
202400006633.0;1;19;19019;2;3;8.0;6.0;44.979517;1.836924;2024-12-19 15:30:00
202400006634.0;1;13;13112;1;1;1.0;1.0;43.524328;5.2458;2024-10-31 08:19:00
202400006635.0;5;45;45234;2;2;2.0;3.0;47.91705;1.93966;2024-02-07 22:54:00
202400006636.0;1;92;92044;2;3;1.0;3.0;48.89958338;2.28395802;2024-08-09 12:30:00
202400006637.0;5;44;44190;2;6;2.0;2.0;47.20479;-1.52354;2024-02-07 19:30:00
202400006638.0;1;92;92025;2;3;7.0;3.0;48.92925863;2.26401511;2024-08-09 17:00:00
202400006639.0;1;13;13071;1;1;1.0;4.0;43.41018;5.285;2024-10-03 14:30:00
202400006640.0;1;92;92024;2;1;1.0;7.0;48.89796294;2.30789289;2024-08-09 16:30:00
202400006641.0;1;14;14085;1;1;1.0;6.0;49.275995;0.34534;2024-11-17 13:58:00
202400006642.0;1;37;37122;2;1;2.0;3.0;47.35041;0.65623;2024-02-07 09:15:00
202400006643.0;1;39;39063;1;1;1.0;1.0;46.586662;5.830983;2024-08-09 10:30:00
202400006644.0;2;30;30060;1;1;1.0;2.0;43.772906;4.410238;2024-12-29 18:20:00
202400006645.0;1;63;63113;2;1;1.0;6.0;45.77924;3.10041;2024-06-29 12:07:00
202400006646.0;5;35;35238;2;1;1.0;3.0;48.10755;-1.68455;2024-02-07 20:20:00
202400006647.0;1;83;83043;1;2;1.0;3.0;43.234495;6.272947;2024-08-08 17:40:00
202400006648.0;3;13;13056;1;1;2.0;1.0;43.3948353;5.06680284;2024-09-08 21:06:00
202400006649.0;1;6;6149;2;1;1.0;6.0;43.743739;7.310232;2024-08-05 07:30:00
202400006650.0;5;35;35115;2;3;2.0;6.0;48.34997;-1.20177;2024-02-07 07:30:00
202400006651.0;1;13;13202;1;1;1.0;6.0;43.330072;5.355104;2024-08-30 18:10:00
202400006652.0;1;13;13085;1;1;1.0;1.0;43.24096364;5.59318208;2024-08-07 10:40:00
202400006653.0;1;34;34032;2;1;1.0;7.0;43.33665;3.21999;2024-02-02 08:35:00
202400006654.0;1;76;76487;1;1;1.0;3.0;49.800277;1.315704;2024-08-10 20:09:00
202400006655.0;3;13;13211;1;1;1.0;2.0;43.29297841;5.47637741;2024-07-29 03:00:00
202400006656.0;1;974;97412;2;1;1.0;6.0;-21.38078;55.614144;2024-08-09 10:00:00
202400006657.0;5;33;33522;2;6;2.0;3.0;44.8066;-0.58618;2024-02-07 18:50:00
202400006658.0;1;1;1443;2;3;1.0;6.0;46.001473;5.029249;2024-12-24 09:27:00
202400006659.0;5;33;33281;2;2;2.0;6.0;44.835048;-0.627285;2024-02-07 18:55:00
202400006660.0;1;972;97233;1;1;1.0;1.0;14.709806;-61.149516;2024-08-09 09:30:00
202400006661.0;3;83;83096;1;3;1.0;2.0;43.473742;5.76632;2024-05-31 23:55:00
202400006662.0;5;28;28006;2;6;1.0;7.0;48.451614;1.429456;2024-08-09 21:15:00
202400006663.0;3;33;33529;2;2;2.0;3.0;44.63350531;-1.13271708;2024-02-07 19:45:00
202400006664.0;2;988;98805;2;2;1.0;3.0;-22.20769;166.468202;2024-02-19 06:20:00
202400006665.0;1;31;31555;2;2;1.0;3.0;43.60507;1.47867;2024-02-07 11:00:00
202400006666.0;1;62;62804;2;2;1.0;3.0;50.24036015;2.43155158;2024-08-09 13:40:00
202400006667.0;3;38;38563;2;6;8.0;6.0;45.37281;5.56978;2024-10-13 01:30:00
202400006668.0;2;30;30007;2;1;1.0;3.0;44.12029;4.08473;2024-02-07 18:55:00
202400006669.0;1;57;57150;2;1;1.0;3.0;49.152904;6.447131;2024-08-09 20:30:00
202400006670.0;1;974;97407;1;3;1.0;5.0;-20.95868;55.31939;2024-06-29 14:35:00
202400006671.0;1;19;19105;1;9;1.0;7.0;45.1265582;1.66779846;2024-08-07 14:00:00
202400006672.0;3;27;27681;2;3;2.0;3.0;49.08676;1.49605;2024-02-07 17:20:00
202400006673.0;3;27;27375;1;1;2.0;6.0;49.20581;1.14179;2024-02-07 20:09:00
202400006674.0;5;91;91692;2;2;1.0;3.0;48.68463;2.19051;2024-11-12 18:30:00
202400006675.0;2;27;27229;2;1;1.0;6.0;49.02208;1.14419;2024-02-06 17:43:00
202400006676.0;1;73;73030;2;6;1.0;6.0;45.57211648;5.97722501;2024-10-09 11:35:00
202400006677.0;1;65;65409;1;1;1.0;6.0;43.387242;0.138102;2024-08-10 15:45:00
202400006678.0;2;78;78384;2;1;1.0;7.0;48.95095;1.99532;2024-12-27 07:20:00
202400006679.0;5;27;27229;2;2;1.0;3.0;49.0127;1.1365;2024-02-05 18:30:00
202400006680.0;2;11;11288;2;1;1.0;6.0;43.254541;2.264643;2024-08-09 20:05:00
202400006681.0;1;13;13043;2;1;1.0;1.0;43.39378;5.23139;2024-02-07 08:40:00
202400006682.0;3;42;42330;1;1;8.0;5.0;45.48004336;4.34660375;2024-11-17 02:10:00
202400006683.0;1;89;89307;1;2;7.0;3.0;47.920318;3.713191;2024-08-10 13:45:00
202400006684.0;5;13;13212;2;1;1.0;2.0;43.31788783;5.44348717;2024-02-07 06:25:00
202400006685.0;5;24;24557;2;1;1.0;6.0;45.19066;0.73873;2024-10-29 19:20:00
202400006686.0;1;61;61151;1;1;1.0;6.0;48.717667;0.564101;2024-08-10 08:55:00
202400006687.0;5;92;92072;2;1;2.0;2.0;48.82872739;2.22421065;2024-02-09 20:40:00
202400006688.0;3;34;34150;2;1;1.0;1.0;43.319995;3.541691;2024-08-10 01:15:00
202400006689.0;1;10;10265;2;1;1.0;4.0;48.3049;4.03513;2024-02-06 17:44:00
202400006690.0;5;73;73228;1;3;1.0;7.0;45.53408051;5.89322448;2024-10-29 18:00:00
202400006691.0;1;10;10325;2;1;1.0;6.0;48.2625;4.0713;2024-02-06 16:49:00
202400006692.0;1;39;39299;1;4;1.0;3.0;46.955187;5.378097;2024-08-10 14:10:00
202400006693.0;1;10;10387;2;1;1.0;6.0;48.3067;4.0633;2024-02-06 12:15:00
202400006694.0;1;10;10387;2;1;1.0;7.0;48.2928;4.08545;2024-02-06 09:08:00
202400006695.0;1;13;13081;1;1;1.0;4.0;43.4792;5.2396;2024-12-12 07:50:00
202400006696.0;1;25;25271;2;3;1.0;3.0;47.048063;6.488646;2024-08-09 19:20:00
202400006697.0;3;8;8409;2;1;1.0;7.0;49.694601;4.922113;2024-08-08 01:40:00
202400006698.0;1;44;44137;2;1;1.0;3.0;47.377145;-2.011321;2024-08-09 16:15:00
202400006699.0;5;29;29237;1;8;1.0;6.0;48.487085;-4.163561;2024-11-28 17:35:00
202400006700.0;1;6;6088;2;3;1.0;3.0;43.73466;7.29667;2024-02-06 08:02:00
202400006701.0;1;1;1036;1;1;1.0;1.0;45.903529;5.634445;2024-07-31 08:30:00
202400006702.0;1;974;97411;1;1;1.0;1.0;-20.89847;55.40505;2024-11-16 16:35:00
202400006703.0;5;6;6069;2;2;1.0;3.0;43.66262;6.93377;2024-02-07 19:20:00
202400006704.0;1;26;26275;1;1;1.0;6.0;44.241326;4.82192;2024-08-03 19:00:00
202400006705.0;1;6;6069;2;1;1.0;6.0;43.63408;6.93217;2024-02-07 13:50:00
202400006706.0;1;75;75117;2;3;2.0;2.0;48.884667;2.307747;2024-11-18 14:20:00
202400006707.0;1;54;54546;1;1;1.0;7.0;48.96342007;6.03317857;2024-08-09 20:15:00
202400006708.0;1;14;14740;1;1;1.0;7.0;49.006841;0.433005;2024-08-09 17:00:00
202400006709.0;1;978;97801;1;1;1.0;3.0;18.098636;-63.045226;2024-12-20 16:00:00
202400006710.0;5;75;75106;2;1;2.0;2.0;48.848708;2.327744;2024-02-07 19:30:00
202400006711.0;2;59;59586;2;1;2.0;3.0;50.534565;3.170614;2024-12-09 07:39:00
202400006712.0;1;18;18158;1;1;1.0;5.0;47.102279;2.529559;2024-08-10 15:24:00
202400006713.0;1;75;75106;2;4;1.0;6.0;48.845657;2.3256;2024-02-07 16:00:00
202400006714.0;1;14;14630;2;6;1.0;1.0;49.2667;-0.674055;2024-10-31 12:25:00
202400006715.0;1;10;10083;1;3;1.0;3.0;48.1607;4.2369;2024-08-10 14:40:00
202400006716.0;1;75;75119;2;5;2.0;3.0;48.88949;2.39578;2024-02-07 09:00:00
202400006717.0;3;28;28393;1;1;1.0;6.0;48.620314;1.416614;2024-11-16 18:25:00
202400006718.0;1;7;7101;1;1;1.0;7.0;44.419605;4.308894;2024-08-10 14:50:00
202400006719.0;1;75;75117;2;2;1.0;6.0;48.878347;2.295559;2024-02-07 11:20:00
202400006720.0;1;33;33429;1;1;3.0;1.0;44.442789;-0.436438;2024-10-26 13:59:00
202400006721.0;3;7;7030;1;1;1.0;6.0;44.877806;4.532788;2024-08-08 21:15:00
202400006722.0;1;19;19031;2;1;1.0;2.0;45.15202;1.54093;2024-12-03 08:35:00
202400006723.0;1;75;75115;2;3;2.0;3.0;48.837385;2.291957;2024-02-07 16:50:00
202400006724.0;3;7;7303;1;1;1.0;6.0;44.804242;4.627798;2024-08-08 23:25:00
202400006725.0;1;75;75115;2;3;1.0;3.0;48.838907;2.297601;2024-02-06 12:45:00
202400006726.0;1;62;62758;2;3;2.0;2.0;50.73456;1.62656;2024-09-08 18:51:00
202400006727.0;5;85;85146;2;3;1.0;2.0;46.945768;-1.291915;2024-08-09 05:15:00
202400006728.0;5;75;75114;2;7;1.0;3.0;48.828013;2.326933;2024-02-07 00:01:00
202400006729.0;2;73;73255;1;1;2.0;7.0;45.30312801;6.27912283;2024-10-06 07:30:00
202400006730.0;1;17;17423;1;4;1.0;3.0;45.396431;-0.592103;2024-08-08 08:45:00
202400006731.0;1;75;75114;2;2;1.0;7.0;48.82959;2.328405;2024-02-06 13:25:00
202400006732.0;1;30;30061;1;1;1.0;1.0;43.92853;4.256279;2024-08-10 14:30:00
202400006733.0;1;75;75113;2;2;2.0;7.0;48.826627;2.363674;2024-02-07 13:15:00
202400006734.0;2;33;33218;1;1;1.0;7.0;45.087505;-0.199835;2024-12-01 17:15:00
202400006735.0;5;75;75113;2;7;2.0;6.0;48.843663;2.364768;2024-02-07 07:00:00
202400006736.0;1;52;52313;1;2;1.0;3.0;48.19522325;5.25794038;2024-08-10 08:40:00
202400006737.0;1;75;75115;2;3;9.0;4.0;48.827564;2.301087;2024-09-26 09:00:00
202400006738.0;5;75;75113;2;1;1.0;3.0;48.838327;2.360591;2024-02-06 21:45:00
202400006739.0;1;6;6088;1;1;1.0;3.0;43.668318;7.198062;2024-08-10 08:10:00
202400006740.0;1;91;91235;2;3;7.0;3.0;48.637907;2.360848;2024-06-24 15:00:00
202400006741.0;1;75;75110;2;1;2.0;3.0;48.873213;2.35646;2024-02-07 13:40:00
202400006742.0;3;6;6149;1;1;1.0;6.0;43.74412709;7.35525511;2024-08-10 01:20:00
202400006743.0;1;57;57582;1;1;1.0;3.0;49.28504;6.17336;2024-11-28 11:00:00
202400006744.0;1;75;75107;2;3;2.0;7.0;48.85747;2.291071;2024-02-07 13:40:00
202400006745.0;1;971;97101;2;1;1.0;7.0;16.25774;-61.51984;2024-12-03 10:00:00
202400006746.0;1;73;73179;1;1;1.0;2.0;45.578319;5.836744;2024-08-09 15:30:00
202400006747.0;1;75;75103;2;3;2.0;1.0;48.865635;2.356898;2024-02-07 14:40:00
202400006748.0;5;34;34123;2;1;1.0;2.0;43.613722;3.807465;2024-12-25 21:04:00
202400006749.0;3;44;44215;1;1;1.0;6.0;47.173152;-1.51464345;2024-12-31 19:45:00
202400006750.0;1;988;98831;1;1;1.0;1.0;-21.04753;164.70603;2024-08-10 08:00:00
202400006751.0;1;75;75103;2;2;8.0;6.0;48.86288;2.362564;2024-02-07 13:10:00
202400006752.0;3;973;97311;2;1;1.0;6.0;5.499099;-54.032747;2024-08-09 05:45:00
202400006753.0;1;75;75101;2;1;8.0;2.0;48.861738;2.350012;2024-02-06 12:15:00
202400006754.0;5;44;44190;2;3;1.0;6.0;47.1953798;-1.5044309;2024-12-29 03:35:00
202400006755.0;1;971;97106;2;1;1.0;6.0;16.114013;-61.7724;2024-08-09 11:00:00
202400006756.0;5;94;94028;2;1;1.0;6.0;48.78273;2.46209;2024-02-07 03:55:00
202400006757.0;5;44;44162;2;3;1.0;7.0;47.23946221;-1.6279162;2024-12-27 23:50:00
202400006758.0;1;94;94073;2;1;2.0;2.0;48.76620392;2.3999662;2024-02-07 10:10:00
202400006759.0;1;44;44020;1;1;1.0;7.0;47.164173;-1.627865;2024-08-09 20:35:00
202400006760.0;2;44;44114;2;1;1.0;3.0;47.25391923;-1.61703592;2024-12-27 16:20:00
202400006761.0;5;44;44109;2;1;1.0;7.0;47.21057002;-1.5519546;2024-12-23 19:50:00
202400006762.0;5;94;94002;2;3;2.0;6.0;48.80945605;2.41039184;2024-02-07 05:50:00
202400006763.0;2;44;44009;1;1;1.0;7.0;47.2299943;-1.46945643;2024-12-22 09:00:00
202400006764.0;1;83;83047;2;3;1.0;2.0;43.151088;6.080532;2024-08-06 18:20:00
202400006765.0;2;44;44109;1;1;1.0;6.0;47.2666986;-1.5840007;2024-12-21 15:40:00
202400006766.0;1;71;71588;1;2;1.0;3.0;46.465717;4.073386;2024-08-09 19:51:00
202400006767.0;1;93;93073;1;3;2.0;4.0;49.001363;2.536913;2024-02-07 13:00:00
202400006768.0;1;44;44109;2;1;1.0;3.0;47.21058383;-1.59203179;2024-12-17 16:35:00
202400006769.0;2;93;93014;2;5;2.0;6.0;48.90816;2.53289;2024-02-07 19:10:00
202400006770.0;1;68;68063;2;1;1.0;2.0;47.794775;7.17222;2024-08-09 12:20:00
202400006771.0;5;44;44109;2;3;1.0;3.0;47.20318938;-1.60391629;2024-11-08 13:30:00
202400006772.0;1;67;67408;2;1;1.0;1.0;48.643961;7.390537;2024-08-10 14:10:00
202400006773.0;5;93;93064;2;3;2.0;1.0;48.88522;2.49536;2024-02-07 22:40:00
202400006774.0;5;44;44109;2;1;1.0;3.0;47.21451208;-1.54982877;2024-11-04 17:14:00
202400006775.0;1;93;93051;2;1;1.0;6.0;48.84407;2.56531;2024-02-06 13:50:00
202400006776.0;1;73;73135;1;4;1.0;6.0;45.302248;6.35322;2024-08-10 16:20:00
202400006777.0;5;61;61001;2;6;8.0;3.0;48.418334;0.097675;2024-03-05 20:45:00
202400006778.0;1;93;93031;2;2;2.0;6.0;48.952777;2.327511;2024-02-07 16:14:00
202400006779.0;1;73;73123;1;1;1.0;3.0;45.87163059;6.48082763;2024-07-31 14:15:00
202400006780.0;1;75;75107;2;4;2.0;7.0;48.859783;2.32204;2024-11-19 10:30:00
202400006781.0;1;38;38507;2;6;1.0;7.0;45.755259;5.1903;2024-08-10 15:15:00
202400006782.0;2;93;93046;2;1;2.0;6.0;48.9205709;2.53132725;2024-11-19 16:10:00
202400006783.0;1;93;93027;2;3;1.0;6.0;48.9243;2.38444;2024-02-05 07:45:00
202400006784.0;4;38;38455;1;1;1.0;6.0;45.624172;5.283426;2024-08-10 02:40:00
202400006785.0;3;49;49328;1;1;1.0;2.0;47.282195;-0.06241;2024-08-25 05:40:00
202400006786.0;5;93;93005;2;2;2.0;6.0;48.919839;2.487155;2024-02-07 20:00:00
202400006787.0;1;81;81046;1;2;1.0;3.0;43.847334;2.021431;2024-08-10 18:20:00
202400006788.0;1;78;78646;1;1;3.0;6.0;48.802847;2.110163;2024-11-19 15:40:00
202400006789.0;1;92;92050;2;3;1.0;4.0;48.88772735;2.18565559;2024-02-06 09:20:00
202400006790.0;2;84;84031;2;1;1.0;6.0;44.05511;5.04447;2024-11-29 17:00:00
202400006791.0;1;9;9282;2;3;1.0;3.0;43.250095;1.566882;2024-08-10 19:00:00
202400006792.0;1;92;92051;2;1;2.0;3.0;48.87936;2.26707;2024-02-07 14:23:00
202400006793.0;5;84;84080;1;1;1.0;7.0;44.02901;4.97562;2024-11-28 04:30:00
202400006794.0;1;9;9146;1;1;1.0;1.0;43.207803;1.497874;2024-08-09 16:30:00
202400006795.0;3;44;44035;1;1;1.0;3.0;47.27153753;-1.55654876;2024-09-21 01:35:00
202400006796.0;3;92;92020;2;2;2.0;3.0;48.80180212;2.28376383;2024-02-07 18:25:00