Num_Acc;lum;departement;commune;agglomeration;intersection;meteo;type_collision;lat;long;date
202400006797.0;1;33;33326;2;1;1.0;7.0;45.32892203;-0.57718928;2024-08-09 15:40:00
202400006798.0;5;92;92040;2;1;2.0;6.0;48.82278508;2.24977267;2024-02-07 20:45:00
202400006799.0;1;42;42189;2;1;1.0;1.0;45.424355;4.316169;2024-11-23 13:15:00
202400006800.0;2;14;14762;1;4;1.0;3.0;48.815488;-0.888701;2024-08-09 20:20:00
202400006801.0;5;92;92062;2;1;1.0;6.0;48.89110856;2.23879248;2024-02-06 23:00:00
202400006802.0;1;61;61001;2;1;1.0;6.0;48.426457;0.092451;2024-10-28 17:45:00
202400006803.0;1;29;29169;1;1;1.0;1.0;48.06617082;-4.20083827;2024-08-09 10:00:00
202400006804.0;5;92;92060;2;1;1.0;6.0;48.77992816;2.27363849;2024-02-06 21:50:00
202400006805.0;3;74;74265;1;1;8.0;6.0;45.793951;6.339583;2024-12-06 20:00:00
202400006806.0;1;74;74175;1;1;2.0;7.0;46.40211337;6.75673467;2024-09-09 16:20:00
202400006807.0;5;60;60628;1;1;1.0;6.0;49.422759;2.151118;2024-08-09 21:56:00
202400006808.0;5;92;92012;2;6;2.0;7.0;48.83350323;2.24340963;2024-02-07 06:10:00
202400006809.0;1;74;74124;1;1;1.0;6.0;46.128913;6.079409;2024-12-06 14:00:00
202400006810.0;1;92;92009;2;1;2.0;2.0;48.90859548;2.25768583;2024-02-07 12:44:00
202400006811.0;1;74;74018;1;1;1.0;7.0;46.10111897;6.31361532;2024-10-20 15:10:00
202400006812.0;1;80;80016;2;9;2.0;6.0;49.99665;2.659051;2024-02-08 15:55:00
202400006813.0;1;74;74297;1;1;1.0;7.0;45.932129;5.931308;2024-12-04 08:30:00
202400006814.0;1;80;80338;2;3;1.0;3.0;49.900958;2.50492;2024-08-10 15:00:00
202400006815.0;3;62;62336;1;1;6.0;3.0;50.56654518;2.27493219;2024-02-04 19:30:00
202400006816.0;3;74;74116;1;4;1.0;1.0;46.07349187;6.28863251;2024-09-21 01:50:00
202400006817.0;1;73;73085;2;6;1.0;6.0;45.81912;5.84809;2024-01-25 10:00:00
202400006818.0;1;40;40304;2;1;1.0;7.0;43.659282;-1.428263;2024-02-06 12:00:00
202400006819.0;1;74;74067;2;1;1.0;1.0;45.89672;6.078274;2024-10-29 08:15:00
202400006820.0;1;42;42237;1;1;1.0;6.0;45.44046;4.45692;2024-08-08 09:55:00
202400006821.0;1;6;6161;2;1;1.0;2.0;43.654675;7.12512;2024-02-08 08:30:00
202400006822.0;5;74;74104;1;3;8.0;3.0;45.777854;6.232933;2024-12-06 21:00:00
202400006823.0;1;33;33487;1;1;1.0;2.0;44.95343;-0.45714;2024-08-09 18:22:00
202400006824.0;1;74;74166;2;3;1.0;3.0;46.384145;6.526823;2024-10-30 12:30:00
202400006825.0;1;59;59346;1;1;2.0;3.0;50.600947;3.132896;2024-08-08 16:59:00
202400006826.0;1;74;74180;1;1;1.0;6.0;46.34024266;6.27919025;2024-11-30 14:40:00
202400006827.0;2;6;6161;2;3;1.0;5.0;43.640145;7.139724;2024-02-06 17:50:00
202400006828.0;2;91;91086;1;1;1.0;1.0;48.623;2.386;2024-08-09 20:48:00
202400006829.0;1;28;28161;1;1;1.0;6.0;48.24846;1.117929;2024-02-06 17:25:00
202400006830.0;4;91;91689;1;1;1.0;3.0;48.74592;2.32423;2024-08-09 00:05:00
202400006831.0;3;74;74005;2;3;1.0;3.0;46.342751;6.482048;2024-11-30 23:17:00
202400006832.0;1;71;71550;1;1;1.0;2.0;46.50273167;4.90409787;2024-02-08 14:20:00
202400006833.0;3;78;78418;1;1;1.0;2.0;48.917772;2.120324;2024-08-08 01:35:00
202400006834.0;3;74;74032;1;4;5.0;6.0;46.220914;6.553972;2024-11-02 20:51:00
202400006835.0;3;972;97210;1;1;1.0;1.0;14.604214;-60.932499;2024-02-07 22:20:00
202400006836.0;3;78;78073;1;1;1.0;3.0;48.799205;1.995571;2024-08-07 23:55:00
202400006837.0;2;74;74309;1;1;2.0;1.0;46.129675;6.028814;2024-11-28 17:45:00
202400006838.0;1;83;83048;2;1;1.0;3.0;43.20552;6.570511;2024-02-08 08:50:00
202400006839.0;1;74;74282;1;1;3.0;7.0;46.026469;6.228991;2024-11-28 09:34:00
202400006840.0;1;94;94028;1;1;1.0;3.0;48.79449381;2.44220497;2024-08-09 15:20:00
202400006841.0;1;82;82103;1;1;1.0;6.0;43.837924;0.926478;2024-02-08 15:50:00
202400006842.0;3;77;77059;1;1;1.0;2.0;48.8455465;2.6626142;2024-08-08 22:20:00
202400006843.0;3;74;74197;1;3;1.0;3.0;46.14335768;6.31477314;2024-11-27 06:24:00
202400006844.0;2;74;74112;2;6;1.0;6.0;45.935218;6.123574;2024-11-26 16:20:00
202400006845.0;1;33;33251;1;2;1.0;3.0;44.517591;-0.590468;2024-01-25 14:57:00
202400006846.0;3;57;57283;1;1;1.0;7.0;49.2424;6.14439;2024-06-01 00:55:00
202400006847.0;3;74;74021;1;1;1.0;2.0;46.16572;6.25088;2024-11-25 06:05:00
202400006848.0;5;55;55463;2;1;2.0;6.0;48.89718862;5.53391118;2024-02-07 18:05:00
202400006849.0;3;74;74313;1;1;4.0;7.0;46.049795;6.149753;2024-11-23 02:40:00
202400006850.0;2;49;49214;1;1;2.0;6.0;47.523574;-0.615079;2024-02-08 08:05:00
202400006851.0;2;74;74161;1;1;1.0;6.0;45.876793;6.01892;2024-11-05 17:45:00
202400006852.0;2;47;47095;1;1;1.0;6.0;44.42214166;0.2979447;2024-02-08 07:40:00
202400006853.0;2;74;74157;2;1;1.0;2.0;46.337495;6.519045;2024-11-15 16:58:00
202400006854.0;1;29;29220;2;1;2.0;2.0;47.876044;-4.222258;2024-02-08 17:40:00
202400006855.0;1;74;74010;2;1;1.0;6.0;45.877307;6.089832;2024-10-30 15:00:00
202400006856.0;1;74;74249;1;1;1.0;6.0;46.3551215;6.6383813;2024-10-06 17:30:00
202400006857.0;3;1;1165;1;4;1.0;3.0;46.079587;4.80478;2024-01-29 20:25:00
202400006858.0;1;74;74289;1;1;1.0;7.0;45.89183;5.936576;2024-09-03 15:55:00
202400006859.0;3;1;1426;1;1;1.0;6.0;46.27829;5.349162;2024-02-03 20:30:00
202400006860.0;1;35;35238;1;1;1.0;6.0;48.08112;-1.66493;2024-06-27 13:25:00
202400006861.0;1;85;85151;1;1;2.0;1.0;46.97793;-0.919104;2024-02-07 14:03:00
202400006862.0;2;17;17299;2;1;1.0;7.0;45.943767;-0.959793;2024-08-01 21:05:00
202400006863.0;1;32;32256;1;1;2.0;7.0;43.526149;0.40452;2024-10-22 10:40:00
202400006864.0;5;70;70511;2;7;8.0;6.0;47.591462;5.728207;2024-02-06 19:10:00
202400006865.0;2;32;32290;1;1;5.0;7.0;43.985832;0.180003;2024-10-23 08:40:00
202400006866.0;3;54;54523;1;1;3.0;6.0;48.569338;5.955974;2024-02-07 20:10:00
202400006867.0;1;32;32249;1;1;1.0;5.0;43.712289;0.861386;2024-10-24 13:00:00
202400006868.0;3;72;72039;1;3;2.0;3.0;48.20359;0.43146;2024-02-08 19:30:00
202400006869.0;1;78;78208;2;3;1.0;6.0;48.768689;1.949079;2024-12-02 09:15:00
202400006870.0;3;14;14582;1;1;1.0;6.0;49.098965;0.207539;2024-02-04 07:30:00
202400006871.0;2;14;14543;2;1;2.0;1.0;49.196718;-0.459016;2024-02-08 07:45:00
202400006872.0;5;28;28134;2;1;5.0;4.0;48.74835;1.36066;2024-11-30 18:15:00
202400006873.0;1;5;5011;1;1;1.0;6.0;44.54899947;6.2009802;2024-02-08 12:35:00
202400006874.0;1;28;28223;2;1;1.0;7.0;48.72425;1.40076;2024-11-29 13:30:00
202400006875.0;1;5;5124;2;1;1.0;1.0;44.577924;6.126198;2024-02-08 09:00:00
202400006876.0;3;28;28134;1;9;5.0;6.0;48.763;1.3686;2024-11-27 22:00:00
202400006877.0;1;28;28134;2;1;3.0;3.0;48.73163;1.37651;2024-11-25 10:00:00
202400006878.0;1;24;24115;2;1;1.0;6.0;45.246099;0.685844;2024-02-07 14:55:00
202400006879.0;5;28;28007;2;1;1.0;6.0;48.852486;1.438957;2024-11-19 05:10:00
202400006880.0;1;4;4209;2;7;7.0;6.0;44.197011;5.944578;2024-02-07 15:39:00
202400006881.0;1;28;28140;2;6;1.0;3.0;48.603904;1.672776;2024-10-22 13:30:00
202400006882.0;5;38;38544;2;3;1.0;1.0;45.52772;4.88029;2024-10-29 05:50:00
202400006883.0;1;37;37062;1;1;3.0;6.0;47.532965;0.305858;2024-02-07 14:14:00
202400006884.0;1;38;38053;2;3;1.0;3.0;45.58861;5.26919;2024-10-15 18:00:00
202400006885.0;5;37;37050;2;1;2.0;6.0;47.336747;0.687574;2024-02-07 18:45:00
202400006886.0;1;38;38053;2;3;1.0;6.0;45.58996;5.28172;2024-10-12 10:00:00
202400006887.0;1;30;30313;1;1;1.0;6.0;43.96378;4.23205;2024-02-08 16:20:00
202400006888.0;1;93;93001;2;2;9.0;3.0;48.90884102;2.3905966;2024-06-14 15:45:00
202400006889.0;1;987;98745;1;1;2.0;6.0;-16.636056;-151.467489;2024-02-07 12:45:00
202400006890.0;1;92;92002;2;1;2.0;6.0;48.75421768;2.30534032;2024-11-18 11:50:00
202400006891.0;2;986;98611;2;1;1.0;7.0;-14.293121;-178.094387;2024-01-16 18:00:00
202400006892.0;2;93;93047;2;1;1.0;7.0;48.900841;2.559601;2024-11-24 17:25:00
202400006893.0;5;974;97415;2;1;1.0;2.0;-21.050903;55.224003;2024-02-08 22:00:00
202400006894.0;3;38;38337;1;1;1.0;1.0;45.34658541;5.49391508;2024-12-21 00:15:00
202400006895.0;1;971;97116;1;1;1.0;3.0;16.302089;-61.443336;2024-02-01 11:10:00
202400006896.0;3;84;84082;1;3;1.0;3.0;44.060006;5.185697;2024-12-31 20:05:00
202400006897.0;1;28;28015;1;1;1.0;3.0;48.447636;1.777065;2024-02-06 16:05:00
202400006898.0;1;14;14685;2;1;1.0;6.0;49.255461;-0.450786;2024-11-26 15:45:00
202400006899.0;5;62;62621;2;3;1.0;6.0;50.875059;2.023949;2024-10-07 20:10:00
202400006900.0;1;45;45283;2;1;2.0;1.0;47.902933;2.70342;2024-02-03 14:00:00
202400006901.0;3;50;50523;1;9;1.0;6.0;49.47099;-1.248933;2024-10-27 00:15:00
202400006902.0;1;77;77225;1;1;2.0;1.0;48.883321;3.0065;2024-02-04 11:35:00
202400006903.0;1;91;91044;1;1;1.0;6.0;48.678232;2.283107;2024-12-27 08:30:00
202400006904.0;1;2A;2A041;1;1;1.0;6.0;41.378604;9.218345;2024-02-08 09:56:00
202400006905.0;1;83;83088;1;1;1.0;7.0;43.309972;5.988386;2024-02-08 17:00:00
202400006906.0;3;28;28134;1;1;1.0;2.0;48.7367034;1.36216205;2024-11-26 07:45:00
202400006907.0;2;5;5118;1;1;1.0;6.0;44.269235;5.774646;2024-02-07 17:30:00
202400006908.0;2;62;62160;2;1;1.0;3.0;50.73244345;1.62248987;2024-10-17 08:00:00
202400006909.0;5;57;57683;2;6;2.0;6.0;49.30171259;6.15793577;2024-02-07 19:25:00
202400006910.0;1;62;62160;2;3;1.0;3.0;50.73335;1.59986;2024-10-13 16:30:00
202400006911.0;3;57;57145;1;3;2.0;3.0;49.107028;6.282957;2024-02-07 07:00:00
202400006912.0;1;62;62688;2;9;1.0;3.0;50.43323301;1.60781108;2024-07-30 17:45:00
202400006913.0;1;31;31248;2;1;1.0;2.0;43.451949;1.398276;2024-02-08 10:00:00
202400006914.0;1;62;62688;2;6;1.0;2.0;50.41859;1.63527;2024-07-26 18:30:00
202400006915.0;1;33;33114;1;1;1.0;2.0;45.09764;-0.380874;2024-02-07 16:10:00
202400006916.0;2;62;62757;1;9;1.0;7.0;50.73561;2.19166;2024-05-19 08:30:00
202400006917.0;1;72;72154;2;1;2.0;6.0;47.698101;-0.069952;2024-02-07 14:15:00
202400006918.0;1;2B;2B350;2;1;3.0;5.0;42.522393;9.401061;2024-10-03 07:37:00
202400006919.0;1;22;22098;1;1;1.0;5.0;48.428546;-2.563001;2024-02-06 16:35:00
202400006920.0;1;91;91441;1;1;1.0;2.0;48.50792669;2.510565;2024-09-14 08:20:00
202400006921.0;3;35;35076;1;2;5.0;3.0;48.05891085;-1.79912631;2024-02-02 05:50:00
202400006922.0;1;19;19272;2;1;1.0;6.0;45.26637;1.77069;2024-11-27 16:15:00
202400006923.0;1;13;13215;1;1;1.0;3.0;43.3483;5.3708;2024-02-07 09:51:00
202400006924.0;1;64;64483;2;3;1.0;3.0;43.38308;-1.6508;2024-12-31 14:25:00
202400006925.0;1;60;60103;2;1;1.0;2.0;49.41064;2.247358;2024-12-31 14:30:00
202400006926.0;5;75;75116;2;1;2.0;7.0;48.853257;2.241548;2024-11-18 23:50:00
202400006927.0;4;33;33162;1;1;1.0;4.0;44.869379;-0.645472;2024-02-06 19:03:00
202400006928.0;3;59;59564;1;1;1.0;2.0;50.33995651;3.46684088;2024-02-06 22:24:00
202400006929.0;1;93;93077;2;5;1.0;1.0;48.87545;2.52612;2024-06-15 15:10:00
202400006930.0;3;59;59580;1;1;1.0;6.0;50.82567;2.58525;2024-02-04 20:38:00
202400006931.0;2;93;93032;2;1;2.0;6.0;48.89904177;2.54383922;2024-06-14 20:20:00
202400006932.0;1;91;91689;1;1;2.0;3.0;48.72477891;2.31259525;2024-02-07 16:55:00
202400006933.0;1;93;93046;2;3;1.0;2.0;48.91784155;2.53467679;2024-06-10 08:20:00
202400006934.0;1;974;97410;1;1;1.0;1.0;-21.048262;55.669457;2024-12-30 06:00:00
202400006935.0;1;91;91471;1;1;2.0;5.0;48.69794;2.19223;2024-02-07 12:30:00
202400006936.0;1;94;94038;1;1;2.0;3.0;48.77696046;2.34657501;2024-02-07 11:20:00
202400006937.0;2;19;19255;1;3;1.0;3.0;45.370441;1.725615;2024-12-23 17:15:00
202400006938.0;1;91;91521;1;1;2.0;7.0;48.6343;2.40607;2024-02-07 11:15:00
202400006939.0;1;29;29233;1;3;1.0;1.0;47.861197;-3.578984;2024-08-05 11:20:00
202400006940.0;1;2A;2A004;1;1;1.0;3.0;41.93023016;8.80923271;2024-06-04 07:50:00
202400006941.0;5;34;34113;2;1;1.0;6.0;43.497433;3.711941;2024-01-23 22:45:00
202400006942.0;1;91;91432;1;1;3.0;5.0;48.69254;2.32131;2024-02-07 13:29:00
202400006943.0;1;2A;2A004;2;1;1.0;3.0;41.92822;8.79456;2024-06-03 11:15:00
202400006944.0;5;74;74010;2;1;1.0;6.0;45.92562;6.12564;2024-11-26 18:36:00
202400006945.0;1;91;91689;1;1;3.0;5.0;48.728574;2.305468;2024-02-07 08:30:00
202400006946.0;1;95;95277;2;9;1.0;3.0;48.98448;2.43567;2024-06-04 19:30:00
202400006947.0;3;57;57022;1;1;9.0;6.0;49.38631302;6.01883422;2024-11-22 22:30:00
202400006948.0;1;30;30189;2;1;1.0;1.0;43.8294;4.3786;2024-12-16 11:05:00
202400006949.0;1;95;95427;2;3;1.0;3.0;48.96741616;2.3388505;2024-06-04 06:45:00
202400006950.0;2;78;78043;1;1;1.0;5.0;48.836556;2.089423;2024-02-06 10:15:00
202400006951.0;1;91;91377;2;1;1.0;3.0;48.73569;2.29685;2024-06-04 18:21:00
202400006952.0;5;30;30189;2;3;1.0;6.0;43.83;4.36;2024-12-02 17:25:00
202400006953.0;1;93;93053;1;1;1.0;6.0;48.89707199;2.46965129;2024-02-05 15:15:00
202400006954.0;1;91;91161;2;6;1.0;3.0;48.70249;2.32058;2024-06-04 11:10:00
202400006955.0;3;63;63414;1;1;2.0;2.0;45.73345852;3.5606204;2024-11-19 21:10:00
202400006956.0;1;987;98735;2;4;1.0;6.0;-17.54293032;-149.5681715;2024-02-06 11:45:00
202400006957.0;1;93;93005;2;1;1.0;7.0;48.93024664;2.49383801;2024-06-16 14:53:00
202400006958.0;1;91;91377;2;1;1.0;3.0;48.71964;2.26415;2024-06-04 07:45:00
202400006959.0;3;974;97411;1;1;1.0;6.0;-20.88829;55.44025;2024-02-07 03:40:00
202400006960.0;1;85;85191;2;9;1.0;1.0;46.68117;-1.39233;2024-06-04 13:00:00
202400006961.0;1;974;97411;2;9;1.0;3.0;-20.87599;55.4506;2024-02-05 10:30:00
202400006962.0;1;84;84007;2;9;1.0;5.0;43.94383;4.796;2024-06-03 18:25:00
202400006963.0;1;84;84143;1;1;1.0;1.0;43.998017;5.147696;2024-10-20 14:33:00
202400006964.0;1;974;97411;2;9;1.0;6.0;-20.88805;55.46476;2024-02-05 07:00:00
202400006965.0;1;83;83137;2;1;1.0;3.0;43.12477;5.89647;2024-06-03 07:15:00
202400006966.0;1;14;14047;2;1;1.0;3.0;49.287081;-0.70386;2024-10-08 15:17:00
202400006967.0;5;69;69386;2;6;1.0;3.0;45.76606;4.85594;2024-02-06 19:20:00
202400006968.0;2;73;73011;2;2;7.0;6.0;45.67131;6.3804;2024-10-29 16:30:00
202400006969.0;1;82;82033;2;3;1.0;3.0;44.05245;1.10102;2024-06-04 19:38:00
202400006970.0;5;42;42187;2;2;1.0;3.0;46.04574;4.07022;2024-10-11 19:15:00
202400006971.0;5;77;77384;1;1;1.0;6.0;48.61437;2.61632;2024-06-04 03:40:00
202400006972.0;1;69;69383;2;9;1.0;6.0;45.75257439;4.86792907;2024-02-06 09:00:00
202400006973.0;1;77;77122;2;1;1.0;6.0;48.66303;2.55762;2024-06-03 16:20:00
202400006974.0;1;30;30189;1;1;1.0;6.0;43.81049;4.36085;2024-11-14 16:00:00
202400006975.0;1;30;30189;2;1;1.0;6.0;43.8398;4.3558;2024-11-13 16:50:00
202400006976.0;1;77;77449;2;1;1.0;3.0;48.8567;2.77947;2024-06-04 08:00:00
202400006977.0;1;76;76319;2;1;1.0;6.0;49.35514;0.9944;2024-06-04 20:00:00
202400006978.0;5;972;97213;1;4;1.0;2.0;14.61465;-61.01286;2024-11-17 04:25:00
202400006979.0;1;76;76540;2;2;1.0;3.0;49.4385;1.09997;2024-06-04 12:35:00
202400006980.0;1;972;97213;1;1;3.0;3.0;14.62625;-61.03;2024-12-20 15:20:00
202400006981.0;3;972;97213;1;1;1.0;5.0;14.59617;-60.99451;2024-02-05 19:40:00
202400006982.0;3;972;97213;2;1;1.0;6.0;14.64017;-60.9769;2024-02-04 20:20:00
202400006983.0;3;76;76351;1;1;1.0;6.0;49.52413;0.16989;2024-06-04 00:05:00
202400006984.0;5;75;75107;2;7;2.0;7.0;48.85844606;2.31335002;2024-11-19 17:55:00
202400006985.0;2;72;72181;2;6;1.0;3.0;48.00559;0.21775;2024-06-04 04:50:00
202400006986.0;5;972;97209;2;1;1.0;1.0;14.60555965;-61.05954708;2024-02-04 01:15:00
202400006987.0;1;1;1447;1;3;1.0;3.0;46.200367;5.398605;2024-08-22 11:15:00
202400006988.0;1;72;72181;2;1;1.0;2.0;48.01374;0.16971;2024-06-03 15:00:00
202400006989.0;5;69;69381;2;1;8.0;2.0;45.7683;4.82666;2024-02-06 18:15:00
202400006990.0;1;69;69029;2;1;1.0;6.0;45.7467;4.91789;2024-06-03 07:40:00
202400006991.0;1;50;50419;1;2;2.0;4.0;48.954509;-1.478283;2024-12-25 12:45:00
202400006992.0;1;67;67482;2;1;8.0;2.0;48.585;7.742;2024-06-03 19:52:00
202400006993.0;1;67;67482;2;1;8.0;6.0;48.548;7.753;2024-06-03 16:35:00
202400006994.0;1;971;97125;1;2;1.0;3.0;16.270112;-61.279442;2024-07-24 08:15:00
202400006995.0;5;19;19031;2;1;1.0;3.0;45.15628431;1.50343019;2024-11-27 18:09:00
202400006996.0;1;64;64122;2;2;1.0;3.0;43.48204731;-1.5435335;2024-06-04 16:50:00
202400006997.0;2;1;1283;2;1;1.0;3.0;46.26266;5.65386;2024-09-23 19:29:00
202400006998.0;1;2B;2B077;1;1;1.0;3.0;42.463803;9.496146;2024-09-30 13:35:00
202400006999.0;1;63;63113;2;2;1.0;3.0;45.80647;3.11426;2024-06-04 18:25:00
202400007000.0;1;62;62083;1;1;1.0;6.0;50.45931225;2.60968637;2024-06-04 19:25:00
202400007001.0;5;62;62510;1;1;1.0;7.0;50.42102926;2.76696405;2024-06-03 21:30:00
202400007002.0;1;2B;2B030;1;1;1.0;6.0;42.864877;9.344366;2024-09-15 17:00:00
202400007003.0;1;62;62108;2;1;1.0;3.0;50.40928436;1.56674731;2024-06-03 08:55:00
202400007004.0;1;50;50046;2;3;8.0;3.0;49.142071;-0.943483;2024-10-10 15:35:00
202400007005.0;1;61;61001;2;1;1.0;6.0;48.415576;0.098687;2024-06-04 07:45:00
202400007006.0;1;60;60159;2;1;1.0;6.0;49.39848;2.78903;2024-06-03 21:15:00
202400007007.0;1;85;85213;2;1;1.0;5.0;46.600142;-1.327243;2024-06-18 17:30:00
202400007008.0;1;45;45063;1;1;1.0;6.0;47.636564;2.420511;2024-11-30 15:40:00
202400007009.0;1;59;59512;2;2;1.0;3.0;50.6940727;3.18795244;2024-06-04 08:20:00
202400007010.0;1;59;59328;2;1;1.0;6.0;50.63639;3.02606;2024-06-04 19:00:00
202400007011.0;1;59;59588;2;1;1.0;1.0;51.03694;2.41423;2024-05-28 17:30:00
202400007012.0;1;57;57463;2;1;1.0;3.0;49.11457;6.18181;2024-06-04 09:42:00
202400007013.0;1;56;56260;1;1;1.0;4.0;47.66395;-2.78745;2024-06-03 08:50:00
202400007014.0;1;54;54578;2;1;1.0;2.0;48.67407;6.15166;2024-06-03 17:00:00
202400007015.0;1;54;54547;2;3;1.0;3.0;48.65908;6.180315;2024-06-03 13:15:00
202400007016.0;1;54;54184;2;1;1.0;2.0;48.70178566;6.22401774;2024-06-03 13:15:00
202400007017.0;1;54;54395;2;1;1.0;6.0;48.70210551;6.17982298;2024-06-03 11:45:00
202400007018.0;1;49;49007;2;1;1.0;3.0;47.47372;-0.57049;2024-06-03 14:50:00
202400007019.0;1;49;49007;2;1;1.0;2.0;47.47435;-0.56835;2024-06-03 12:00:00
202400007020.0;1;47;47001;1;1;1.0;6.0;44.21644332;0.60844946;2024-06-03 17:35:00
202400007021.0;2;44;44109;2;2;1.0;3.0;47.22545;-1.57371;2024-06-04 22:00:00
202400007022.0;1;34;34108;2;9;1.0;6.0;43.45355;3.75393;2024-06-03 17:15:00
202400007023.0;1;34;34172;2;1;1.0;1.0;43.61044;3.90432;2024-06-04 19:20:00
202400007024.0;1;33;33529;2;1;1.0;3.0;44.6166;-1.13796;2024-06-04 18:00:00
202400007025.0;1;29;29039;1;2;1.0;3.0;47.90854395;-3.91872392;2024-06-03 08:30:00
202400007026.0;1;28;28134;2;1;1.0;6.0;48.73601;1.36638;2024-06-04 10:20:00
202400007027.0;1;27;27681;2;3;1.0;3.0;49.097913;1.489301;2024-06-04 18:30:00
202400007028.0;1;27;27375;2;1;1.0;2.0;49.21527;1.16895;2024-06-04 11:55:00
202400007029.0;1;25;25056;2;6;1.0;6.0;47.261232;6.014293;2024-06-04 21:05:00
202400007030.0;1;14;14437;1;1;1.0;2.0;49.17058;-0.30383;2024-06-03 18:35:00
202400007031.0;5;13;13208;2;1;1.0;3.0;43.271861;5.39034;2024-06-05 00:15:00
202400007032.0;5;13;13210;2;1;1.0;3.0;43.26610958;5.41966045;2024-06-04 01:00:00
202400007033.0;1;13;13047;1;4;1.0;3.0;43.59938;4.93607;2024-06-04 15:40:00
202400007034.0;1;13;13001;1;6;1.0;3.0;43.47923279;5.39405645;2024-06-04 08:45:00
202400007035.0;1;11;11069;2;1;1.0;2.0;43.21622;2.35973;2024-06-03 13:25:00
202400007036.0;1;7;7316;1;1;1.0;4.0;44.91106;4.85471;2024-06-04 11:15:00
202400007037.0;1;1;1344;1;1;1.0;2.0;46.21353;5.20445;2024-06-04 16:00:00
202400007038.0;1;75;75114;2;1;1.0;2.0;48.824936;2.303477;2024-06-04 16:05:00
202400007039.0;1;75;75116;2;1;1.0;2.0;48.858742;2.261929;2024-06-03 12:35:00
202400007040.0;1;75;75104;2;2;1.0;3.0;48.85084;2.361452;2024-06-04 13:33:00
202400007041.0;1;75;75111;2;3;1.0;6.0;48.850543;2.379401;2024-06-04 11:20:00
202400007042.0;1;75;75106;2;2;1.0;3.0;48.851463;2.337056;2024-06-04 09:45:00
202400007043.0;1;75;75106;2;7;1.0;2.0;48.847501;2.34077;2024-06-03 09:15:00
202400007044.0;1;75;75119;2;3;1.0;3.0;48.874974;2.382622;2024-06-04 14:40:00
202400007045.0;1;75;75116;2;1;1.0;3.0;48.873322;2.243882;2024-06-04 18:00:00
202400007046.0;1;75;75116;2;3;1.0;6.0;48.858822;2.288958;2024-06-03 16:30:00
202400007047.0;3;75;75112;2;7;1.0;1.0;48.840676;2.434454;2024-06-04 02:40:00
202400007048.0;1;75;75112;2;1;1.0;5.0;48.845029;2.371601;2024-06-03 16:55:00
202400007049.0;1;75;75110;2;2;1.0;3.0;48.871797;2.36718;2024-06-04 18:20:00
202400007050.0;1;75;75110;2;7;1.0;6.0;48.869964;2.362769;2024-06-04 15:40:00
202400007051.0;1;75;75108;2;1;1.0;2.0;48.872709;2.318064;2024-06-04 10:00:00
202400007052.0;5;75;75108;2;1;1.0;2.0;48.870282;2.32543;2024-06-04 02:00:00
202400007053.0;1;94;94003;2;3;1.0;3.0;48.80585;2.32579;2024-06-04 16:40:00
202400007054.0;2;94;94041;2;1;1.0;1.0;48.810661;2.406532;2024-06-03 21:40:00
202400007055.0;1;94;94065;1;4;1.0;2.0;48.754214;2.354404;2024-06-04 19:05:00
202400007056.0;1;93;93078;2;2;1.0;3.0;48.962198;2.55913;2024-06-03 21:20:00
202400007057.0;5;93;93066;2;2;1.0;2.0;48.921467;2.361466;2024-06-04 23:00:00
202400007058.0;1;93;93066;2;3;1.0;3.0;48.936272;2.372394;2024-06-04 16:45:00
202400007059.0;1;93;93055;2;1;1.0;3.0;48.89565151;2.4059844;2024-06-04 15:30:00
202400007060.0;1;93;93050;2;1;1.0;3.0;48.87392911;2.55249739;2024-06-04 06:45:00
202400007061.0;1;93;93046;2;2;1.0;3.0;48.90596;2.52356;2024-06-04 18:40:00
202400007062.0;1;93;93006;2;2;1.0;1.0;48.876;2.42;2024-06-04 18:50:00
202400007063.0;1;93;93079;2;3;1.0;3.0;48.95425;2.33493;2024-06-04 17:30:00
202400007064.0;1;75;75109;2;2;1.0;3.0;48.8743104;2.3381424;2024-10-20 16:35:00
202400007065.0;1;93;93010;2;3;1.0;6.0;48.9017;2.487401;2024-04-30 11:30:00
202400007066.0;5;75;75107;2;7;2.0;6.0;48.857685;2.300177;2024-10-19 18:42:00
202400007067.0;5;93;93005;2;2;1.0;3.0;48.92685;2.5091;2024-06-04 22:56:00
202400007068.0;1;75;75101;2;3;1.0;1.0;48.859588;2.346789;2024-10-20 17:10:00
202400007069.0;1;93;93001;2;3;1.0;3.0;48.911706;2.375081;2024-06-04 09:45:00
202400007070.0;1;92;92033;2;1;1.0;6.0;48.84385236;2.19085346;2024-06-04 17:45:00
202400007071.0;1;75;75103;2;2;1.0;7.0;48.86492;2.3632;2024-10-19 16:45:00
202400007072.0;1;92;92064;2;1;1.0;4.0;48.84468128;2.22034335;2024-06-03 08:53:00
202400007073.0;1;92;92062;2;3;1.0;3.0;48.87981005;2.23997712;2024-06-04 21:02:00
202400007074.0;1;75;75103;2;3;1.0;3.0;48.869002;2.355569;2024-10-18 16:48:00
202400007075.0;1;92;92044;2;3;1.0;3.0;48.89926864;2.29346448;2024-06-04 14:30:00
202400007076.0;5;94;94044;2;1;2.0;6.0;48.750184;2.482351;2024-10-20 06:00:00
202400007077.0;1;92;92026;2;2;1.0;2.0;48.90068759;2.27515988;2024-06-04 15:45:00
202400007078.0;1;94;94068;2;1;1.0;6.0;48.80055995;2.48406592;2024-10-19 12:40:00
202400007079.0;5;92;92023;2;1;1.0;1.0;48.77598907;2.22884631;2024-06-04 02:45:00