Num_Acc;lum;departement;commune;agglomeration;intersection;meteo;type_collision;lat;long;date
202400007080.0;1;92;92012;2;1;1.0;7.0;48.82357496;2.24347597;2024-06-04 10:00:00
202400007081.0;5;93;93072;2;2;1.0;3.0;48.95897704;2.3822279;2024-10-20 02:15:00
202400007082.0;1;92;92002;2;1;1.0;6.0;48.76641;2.3102;2024-06-04 13:50:00
202400007083.0;1;6;6149;1;1;1.0;3.0;43.748204;7.356248;2024-06-05 08:35:00
202400007084.0;1;22;22177;1;1;1.0;3.0;48.63958;-2.970332;2024-06-02 16:00:00
202400007085.0;5;93;93064;2;2;2.0;3.0;48.86456806;2.4970153;2024-10-19 19:15:00
202400007086.0;1;69;69279;2;1;1.0;3.0;45.7786363;5.03654181;2024-06-05 07:42:00
202400007087.0;1;93;93045;2;1;1.0;3.0;48.88002699;2.41863285;2024-10-20 13:35:00
202400007088.0;1;28;28196;2;2;7.0;3.0;48.304457;1.248568;2024-06-03 17:15:00
202400007089.0;1;51;51217;1;1;1.0;7.0;49.06376256;3.65369332;2024-06-02 20:30:00
202400007090.0;1;93;93010;2;9;1.0;1.0;48.91335;2.48148;2024-10-20 14:35:00
202400007091.0;1;54;54234;2;1;1.0;1.0;49.533547;5.689019;2024-06-03 14:15:00
202400007092.0;5;93;93008;2;4;2.0;6.0;48.90664;2.4692;2024-10-19 19:30:00
202400007093.0;5;51;51388;2;3;1.0;3.0;49.142183;4.37317;2024-05-23 22:41:00
202400007094.0;5;92;92046;2;1;1.0;7.0;48.81691296;2.30677888;2024-10-20 20:55:00
202400007095.0;1;83;83049;1;2;1.0;5.0;43.244238;6.095468;2024-06-04 16:30:00
202400007096.0;5;974;97413;2;1;2.0;6.0;-21.216761;55.308191;2024-06-04 18:12:00
202400007097.0;1;92;92076;1;1;2.0;7.0;48.83709213;2.14936182;2024-10-19 17:30:00
202400007098.0;1;50;50095;1;2;8.0;7.0;49.086094;-1.177801;2024-06-05 07:45:00
202400007099.0;2;62;62664;1;1;1.0;1.0;50.186763;2.582412;2024-06-05 20:35:00
202400007100.0;1;92;92050;2;1;1.0;2.0;48.88775333;2.18664497;2024-10-20 17:15:00
202400007101.0;3;56;56243;1;1;1.0;6.0;47.642022;-2.734872;2024-06-01 01:50:00
202400007102.0;1;34;34249;2;1;1.0;7.0;43.734337;3.982775;2024-10-21 10:50:00
202400007103.0;1;79;79202;2;1;1.0;6.0;46.645625;-0.243343;2024-06-05 12:25:00
202400007104.0;1;2B;2B125;1;1;1.0;3.0;42.450418;9.359643;2024-06-05 13:00:00
202400007105.0;3;60;60365;1;1;1.0;2.0;49.59372989;2.02826947;2024-10-20 20:38:00
202400007106.0;1;80;80130;1;2;1.0;1.0;49.890975;2.15037;2024-06-05 17:45:00
202400007107.0;1;33;33400;1;1;1.0;6.0;44.71077903;0.0523138;2024-06-05 12:25:00
202400007108.0;3;62;62812;1;1;5.0;6.0;50.62529683;2.05296616;2024-10-19 22:55:00
202400007109.0;2;71;71392;2;1;1.0;6.0;46.656477;4.684006;2024-06-04 21:10:00
202400007110.0;1;6;6031;1;1;1.0;1.0;43.772116;7.330284;2024-10-21 12:25:00
202400007111.0;3;54;54582;1;1;1.0;7.0;49.478589;5.537544;2024-10-20 14:50:00
202400007112.0;1;63;63412;1;1;1.0;1.0;45.408905;3.888624;2024-06-05 11:10:00
202400007113.0;1;55;55189;1;1;1.0;7.0;49.186752;5.460849;2024-06-05 15:30:00
202400007114.0;1;83;83070;2;6;1.0;2.0;43.136314;6.356728;2024-10-20 10:45:00
202400007115.0;1;49;49026;2;1;1.0;1.0;47.500935;-0.795028;2024-06-04 16:20:00
202400007116.0;3;8;8402;1;1;2.0;6.0;49.58320313;4.48714891;2024-10-20 05:54:00
202400007117.0;1;42;42062;1;9;1.0;5.0;45.602959;4.383845;2024-06-04 18:00:00
202400007118.0;1;31;31033;2;9;1.0;1.0;43.351426;1.47694;2024-06-04 17:45:00
202400007119.0;3;72;72293;1;1;1.0;6.0;47.85290824;-0.0317502;2024-06-03 23:20:00
202400007120.0;3;21;21223;1;1;1.0;5.0;47.350614;4.988769;2024-10-20 21:30:00
202400007121.0;1;53;53240;1;1;1.0;3.0;47.81250808;-1.02572051;2024-05-25 17:15:00
202400007122.0;1;62;62192;2;1;2.0;6.0;50.214073;2.993683;2024-10-21 16:30:00
202400007123.0;1;21;21379;1;1;1.0;7.0;47.136899;4.376249;2024-06-01 09:00:00
202400007124.0;3;40;40227;1;1;1.0;6.0;44.329865;-0.777712;2024-10-20 22:20:00
202400007125.0;2;21;21579;1;4;1.0;1.0;47.615215;4.896566;2024-06-03 07:20:00
202400007126.0;3;57;57465;1;2;2.0;1.0;49.317178;6.293557;2024-10-06 21:15:00
202400007127.0;1;24;24087;1;1;1.0;5.0;44.856713;1.069515;2024-06-04 16:30:00
202400007128.0;2;57;57426;1;2;8.0;3.0;49.292417;6.278096;2024-10-10 19:30:00
202400007129.0;1;4;4204;1;9;1.0;6.0;43.915331;6.408956;2024-06-05 12:15:00
202400007130.0;1;37;37111;1;1;1.0;7.0;47.198519;1.101079;2024-06-05 11:55:00
202400007131.0;1;37;37132;2;1;1.0;1.0;47.128509;0.995427;2024-06-01 17:00:00
202400007132.0;1;59;59159;1;2;2.0;2.0;50.968171;2.228937;2024-10-21 08:55:00
202400007133.0;3;37;37099;1;1;1.0;6.0;47.305513;0.564208;2024-05-23 23:35:00
202400007134.0;5;82;82072;2;6;1.0;6.0;44.113022;0.855649;2024-10-20 00:48:00
202400007135.0;1;8;8089;2;1;1.0;6.0;49.426615;4.954792;2024-06-03 19:02:00
202400007136.0;5;973;97309;2;1;1.0;6.0;4.913203;-52.273137;2024-06-04 20:10:00
202400007137.0;1;11;11436;1;1;1.0;6.0;43.043614;2.839097;2024-10-20 14:50:00
202400007138.0;1;6;6018;1;1;1.0;3.0;43.616209;7.110611;2024-05-31 17:40:00
202400007139.0;1;11;11436;1;1;1.0;6.0;43.041975;2.857577;2024-10-20 12:15:00
202400007140.0;1;95;95371;1;1;1.0;7.0;49.0718;2.504615;2024-05-25 06:30:00
202400007141.0;1;61;61394;2;1;8.0;7.0;48.282175;0.605433;2024-10-20 12:40:00
202400007142.0;1;55;55457;2;1;7.0;6.0;49.08526209;5.72163972;2024-10-21 16:40:00
202400007143.0;1;27;27022;2;1;1.0;6.0;49.175114;1.351292;2024-06-03 16:20:00
202400007144.0;1;55;55001;2;1;1.0;7.0;48.52136451;5.49615473;2024-10-21 13:15:00
202400007145.0;1;77;77065;1;1;1.0;6.0;48.459967;2.518144;2024-06-04 12:00:00
202400007146.0;1;11;11202;1;1;1.0;1.0;42.912906;3.020961;2024-06-04 17:50:00
202400007147.0;1;47;47004;1;1;7.0;3.0;44.288001;0.355768;2024-10-21 15:50:00
202400007148.0;1;78;78128;1;3;1.0;3.0;48.676494;1.987166;2024-06-04 07:45:00
202400007149.0;1;86;86032;1;1;7.0;1.0;46.684155;0.573588;2024-10-21 16:50:00
202400007150.0;2;67;67033;1;1;1.0;7.0;48.747665;7.677394;2024-06-03 21:04:00
202400007151.0;2;86;86076;2;1;1.0;7.0;46.659113;0.28006;2024-10-20 18:35:00
202400007152.0;1;74;74102;1;4;1.0;1.0;45.903456;6.211326;2024-06-04 18:40:00
202400007153.0;1;26;26170;2;3;1.0;6.0;44.896831;4.956988;2024-06-04 19:40:00
202400007154.0;1;25;25438;2;1;1.0;2.0;47.146413;5.856134;2024-10-21 17:35:00
202400007155.0;1;26;26064;1;2;1.0;3.0;44.910466;5.055535;2024-06-04 18:56:00
202400007156.0;1;29;29300;1;1;1.0;6.0;47.88123383;-3.6745833;2024-10-17 11:41:00
202400007157.0;1;40;40277;1;1;1.0;6.0;43.66496468;-1.03909658;2024-06-04 07:15:00
202400007158.0;1;29;29150;2;1;1.0;2.0;47.80465124;-3.68343153;2024-10-17 10:42:00
202400007159.0;1;14;14322;1;6;1.0;3.0;49.254235;-0.72366;2024-06-05 15:25:00
202400007160.0;1;29;29220;2;1;1.0;1.0;47.857766;-4.243078;2024-10-21 17:30:00
202400007161.0;1;22;22162;2;6;1.0;3.0;48.767413;-3.039656;2024-06-05 07:40:00
202400007162.0;1;13;13212;1;1;1.0;2.0;43.29317;5.4249;2024-06-04 17:45:00
202400007163.0;3;29;29167;1;1;3.0;5.0;47.96861129;-4.28582668;2024-10-21 08:15:00
202400007164.0;1;13;13202;1;1;1.0;3.0;43.2977;5.36331;2024-06-03 17:46:00
202400007165.0;3;31;31033;2;1;1.0;7.0;43.3391;1.483288;2024-10-16 19:10:00
202400007166.0;1;31;31561;2;1;7.0;3.0;43.65366517;1.4895004;2024-08-27 18:12:00
202400007167.0;1;13;13071;1;1;1.0;5.0;43.38665562;5.30755579;2024-06-03 09:05:00
202400007168.0;1;3;3025;2;3;1.0;3.0;46.442206;3.361789;2024-10-20 12:00:00
202400007169.0;1;83;83090;1;1;1.0;6.0;43.12671297;5.82361989;2024-06-04 20:10:00
202400007170.0;3;58;58136;1;1;1.0;2.0;47.077706;3.479249;2024-10-20 20:00:00
202400007171.0;3;57;57039;1;6;1.0;7.0;49.03750221;6.12084389;2024-06-04 03:55:00
202400007172.0;5;54;54029;2;1;1.0;7.0;49.373582;5.901042;2024-10-21 05:25:00
202400007173.0;1;78;78646;1;1;1.0;5.0;48.793133;2.074706;2024-06-04 17:30:00
202400007174.0;5;60;60291;2;2;1.0;1.0;49.656197;3.051592;2024-10-20 20:23:00
202400007175.0;1;92;92048;1;1;1.0;2.0;48.80447019;2.21374866;2024-06-03 18:50:00
202400007176.0;1;73;73162;1;1;1.0;6.0;45.61994396;6.27525442;2024-10-19 10:20:00
202400007177.0;1;92;92025;1;1;1.0;2.0;48.92332788;2.22863039;2024-06-03 13:50:00
202400007178.0;1;73;73128;1;1;7.0;1.0;45.731168;5.921738;2024-10-20 16:14:00
202400007179.0;1;93;93053;1;1;1.0;2.0;48.88380049;2.46676219;2024-06-04 19:00:00
202400007180.0;1;43;43047;1;1;7.0;1.0;44.93824908;3.92680606;2024-10-21 16:25:00
202400007181.0;1;95;95491;1;1;1.0;4.0;49.00479;2.24522;2024-06-04 08:50:00
202400007182.0;3;10;10353;1;1;1.0;7.0;48.4341;3.9127;2024-10-20 05:25:00
202400007183.0;1;93;93066;1;1;1.0;2.0;48.9261806;2.33837893;2024-06-04 12:15:00
202400007184.0;1;21;21577;2;9;1.0;3.0;47.105989;5.254979;2024-10-20 15:15:00
202400007185.0;1;93;93010;1;1;1.0;2.0;48.89182572;2.47324767;2024-06-04 09:45:00
202400007186.0;1;40;40313;1;1;1.0;3.0;43.831698;-0.82435;2024-07-29 18:20:00
202400007187.0;1;95;95582;1;1;1.0;4.0;48.96925218;2.25070233;2024-06-03 14:30:00
202400007188.0;2;40;40233;1;1;1.0;1.0;43.638451;-0.987461;2024-10-19 07:25:00
202400007189.0;1;94;94022;1;1;1.0;3.0;48.77662114;2.41804614;2024-06-04 09:00:00
202400007190.0;1;24;24252;1;3;1.0;3.0;44.94698455;1.22229874;2024-10-21 17:26:00
202400007191.0;1;94;94028;1;1;1.0;3.0;48.79983715;2.44627859;2024-06-03 17:40:00
202400007192.0;1;94;94017;1;1;1.0;2.0;48.829277;2.48195396;2024-06-03 17:00:00
202400007193.0;1;28;28199;2;1;1.0;1.0;48.199374;1.885378;2024-10-19 12:25:00
202400007194.0;1;44;44109;2;1;1.0;6.0;47.22376086;-1.56476347;2024-05-16 14:50:00
202400007195.0;1;44;44109;2;1;1.0;6.0;47.24749354;-1.51416315;2024-05-16 08:15:00
202400007196.0;2;30;30089;1;1;1.0;4.0;43.844417;4.591062;2024-10-21 17:45:00
202400007197.0;1;44;44020;1;1;8.0;3.0;47.16678264;-1.5735279;2024-05-16 08:50:00
202400007198.0;3;48;48072;1;1;1.0;6.0;44.502459;3.353856;2024-10-21 06:40:00
202400007199.0;1;67;67140;1;9;8.0;6.0;48.863838;8.058636;2024-09-23 17:55:00
202400007200.0;1;44;44109;2;2;8.0;3.0;47.22866834;-1.57710955;2024-05-02 18:30:00
202400007201.0;1;44;44190;2;1;8.0;6.0;47.18780466;-1.48878567;2024-04-24 10:15:00
202400007202.0;1;44;44162;2;3;8.0;6.0;47.24006907;-1.59635584;2024-04-22 12:50:00
202400007203.0;2;53;53008;1;1;2.0;5.0;48.337118;-0.541602;2024-10-21 08:35:00
202400007204.0;1;44;44162;2;1;8.0;6.0;47.22585103;-1.61556499;2024-04-19 11:05:00
202400007205.0;1;44;44109;2;6;8.0;6.0;47.21626431;-1.53410743;2024-04-19 16:30:00
202400007206.0;1;34;34032;1;1;1.0;2.0;43.343312;3.289094;2024-10-20 10:30:00
202400007207.0;1;44;44109;2;2;1.0;3.0;47.19779163;-1.54250423;2024-04-18 18:10:00
202400007208.0;1;69;69007;2;1;1.0;1.0;45.492653;4.817612;2024-10-20 17:30:00
202400007209.0;1;44;44109;2;1;1.0;3.0;47.22119204;-1.53139004;2024-04-15 06:25:00
202400007210.0;1;988;98814;1;1;1.0;6.0;-21.07626;167.31162;2024-10-15 11:00:00
202400007211.0;1;44;44109;2;1;8.0;6.0;47.21669182;-1.51842646;2024-04-15 07:35:00
202400007212.0;5;44;44109;2;6;8.0;6.0;47.212786;-1.55381662;2024-04-14 00:05:00
202400007213.0;1;973;97303;2;6;1.0;7.0;5.480197;-53.211602;2024-10-20 09:30:00
202400007214.0;1;44;44109;2;3;1.0;2.0;47.22931147;-1.52759867;2024-04-14 09:27:00
202400007215.0;3;77;77483;1;1;2.0;7.0;49.011936;2.940323;2024-10-19 21:15:00
202400007216.0;1;973;97302;2;1;1.0;2.0;4.92549574;-52.31274658;2024-06-03 12:50:00
202400007217.0;5;973;97302;2;1;1.0;6.0;4.92874;-52.31949;2024-06-02 19:25:00
202400007218.0;1;69;69388;2;2;1.0;6.0;45.74332;4.8743;2024-06-03 20:10:00
202400007219.0;1;78;78108;1;9;1.0;7.0;48.713491;1.818881;2024-08-12 18:11:00
202400007220.0;1;69;69382;2;1;8.0;2.0;45.75414;4.83463;2024-06-03 09:40:00
202400007221.0;1;66;66215;1;1;1.0;6.0;42.710609;2.496943;2024-10-20 15:40:00
202400007222.0;1;69;69034;2;1;1.0;6.0;45.81274;4.84751;2024-06-03 08:30:00
202400007223.0;3;83;83023;1;1;3.0;6.0;43.394711;6.141744;2024-10-17 20:50:00
202400007224.0;5;971;97101;1;1;1.0;7.0;16.2487;-61.52494;2024-06-01 02:45:00
202400007225.0;1;5;5181;1;1;1.0;6.0;45.03324064;6.38421163;2024-10-21 11:45:00
202400007226.0;3;971;97101;1;1;3.0;6.0;16.28013;-61.51071;2024-06-02 04:00:00
202400007227.0;1;95;95582;2;9;1.0;3.0;48.97715896;2.24346319;2024-06-03 13:25:00
202400007228.0;1;25;25505;1;2;1.0;3.0;47.472603;6.33976;2024-10-21 08:10:00
202400007229.0;1;95;95203;2;1;1.0;3.0;48.98345834;2.27216363;2024-06-03 08:05:00
202400007230.0;1;95;95288;2;1;1.0;6.0;48.98796;2.33574;2024-06-03 08:20:00
202400007231.0;1;88;88513;1;2;1.0;3.0;48.350716;6.318297;2024-10-18 11:00:00
202400007232.0;1;91;91549;2;6;1.0;3.0;48.62353;2.34137;2024-06-03 08:16:00
202400007233.0;1;88;88090;1;1;1.0;7.0;48.369094;6.277732;2024-10-20 17:40:00
202400007234.0;1;91;91201;2;3;1.0;2.0;48.688051;2.392402;2024-06-02 17:35:00
202400007235.0;4;64;64460;2;1;1.0;6.0;43.194913;-0.581479;2024-10-20 22:15:00
202400007236.0;1;91;91027;2;1;1.0;3.0;48.70876;2.37145;2024-06-03 13:00:00
202400007237.0;3;60;60342;1;1;2.0;6.0;49.312352;2.447097;2024-10-21 05:20:00
202400007238.0;4;87;87085;2;2;1.0;3.0;45.83607;1.25061;2024-06-03 04:11:00
202400007239.0;1;13;13212;1;1;1.0;2.0;43.2949446;5.42444612;2024-10-20 13:00:00
202400007240.0;2;87;87085;2;1;1.0;2.0;45.81687;1.22707;2024-06-02 21:24:00
202400007241.0;2;87;87085;2;2;1.0;3.0;45.83229;1.27399;2024-05-31 20:40:00
202400007242.0;1;91;91689;1;1;1.0;2.0;48.74842;2.32783;2024-10-20 09:10:00
202400007243.0;1;84;84031;2;1;1.0;6.0;44.056858;5.047513;2024-06-02 18:45:00
202400007244.0;3;93;93064;1;1;1.0;4.0;48.87758173;2.47736938;2024-10-20 19:56:00
202400007245.0;3;93;93078;1;1;2.0;6.0;48.96361976;2.52140428;2024-10-20 01:50:00
202400007246.0;2;84;84007;2;3;1.0;3.0;43.9506;4.80237;2024-06-03 06:30:00
202400007247.0;3;92;92078;1;1;2.0;6.0;48.92830843;2.33162459;2024-10-20 01:30:00
202400007248.0;1;83;83137;2;1;1.0;3.0;43.12688;5.91583;2024-06-02 16:50:00
202400007249.0;1;83;83129;2;1;1.0;6.0;43.09353;5.84493;2024-06-01 10:40:00
202400007250.0;3;77;77055;1;1;1.0;2.0;48.90035015;2.65378388;2024-10-20 22:02:00
202400007251.0;1;83;83129;2;1;1.0;3.0;43.09388;5.83944;2024-05-31 14:15:00
202400007252.0;1;80;80021;1;1;1.0;7.0;49.90353;2.24866;2024-06-02 21:40:00
202400007253.0;1;94;94017;1;1;1.0;2.0;48.8268961;2.5128995;2024-10-20 14:45:00
202400007254.0;3;77;77294;1;1;1.0;7.0;48.95994344;2.62106698;2024-10-19 02:40:00
202400007255.0;1;78;78551;1;9;1.0;5.0;48.942193;2.121973;2024-06-03 17:50:00
202400007256.0;1;73;73121;2;2;1.0;3.0;45.62753486;6.31610021;2024-05-31 17:45:00
202400007257.0;1;78;78440;2;9;1.0;3.0;48.98861;1.91345;2024-06-03 16:30:00
202400007258.0;1;84;84076;2;1;1.0;7.0;43.706089;5.657165;2024-06-01 16:15:00
202400007259.0;1;50;50393;1;3;8.0;1.0;48.922161;-1.154267;2024-06-30 09:20:00
202400007260.0;5;44;44109;2;1;1.0;6.0;47.21926604;-1.55860891;2024-10-10 23:10:00
202400007261.0;1;75;75113;2;3;1.0;6.0;48.827309;2.347028;2024-10-17 13:05:00
202400007262.0;1;44;44109;2;6;1.0;7.0;47.21070453;-1.55951649;2024-10-08 09:50:00
202400007263.0;2;84;84007;2;1;5.0;2.0;43.94577;4.80365;2024-10-15 07:45:00
202400007264.0;1;45;45338;2;1;8.0;6.0;47.98094;2.72192;2024-10-14 07:55:00
202400007265.0;1;74;74178;1;1;1.0;3.0;45.940467;5.928712;2024-08-19 07:15:00
202400007266.0;1;74;74112;2;6;1.0;3.0;45.936312;6.086821;2024-08-12 08:15:00
202400007267.0;1;74;74010;1;2;1.0;3.0;45.937762;6.154452;2024-08-17 16:30:00
202400007268.0;1;74;74140;1;3;7.0;3.0;46.244815;6.477556;2024-08-10 14:20:00
202400007269.0;1;69;69386;2;2;1.0;1.0;45.77088;4.85854;2024-10-18 16:15:00
202400007270.0;1;972;97209;2;1;1.0;6.0;14.5986;-61.05295;2024-10-19 08:05:00
202400007271.0;5;69;69382;2;1;1.0;2.0;45.75285;4.83338;2024-10-19 23:25:00
202400007272.0;1;69;69034;1;1;1.0;5.0;45.79038;4.84188;2024-10-19 15:20:00
202400007273.0;5;2B;2B033;2;3;8.0;3.0;42.70128;9.45041;2024-10-19 06:19:00
202400007274.0;1;971;97113;1;1;1.0;6.0;16.21862;-61.5126;2024-10-19 07:00:00
202400007275.0;5;971;97101;1;1;1.0;6.0;16.25769;-61.51181;2024-10-19 02:20:00
202400007276.0;5;2A;2A004;2;9;2.0;3.0;41.91783;8.73707;2024-10-19 23:45:00
202400007277.0;5;91;91549;2;1;2.0;6.0;48.64217;2.33367;2024-10-19 20:00:00
202400007278.0;1;91;91027;2;2;1.0;3.0;48.70582;2.36768;2024-10-18 17:10:00
202400007279.0;1;91;91228;2;3;2.0;1.0;48.63545;2.45079;2024-10-18 17:48:00
202400007280.0;5;90;90010;2;4;1.0;3.0;47.65457;6.84495;2024-10-18 21:41:00
202400007281.0;2;83;83137;2;3;7.0;1.0;43.12960562;5.96847296;2024-10-19 17:30:00
202400007282.0;1;83;83137;2;1;8.0;2.0;43.13667;5.91531;2024-10-18 14:30:00
202400007283.0;5;76;76561;2;1;5.0;1.0;49.30021613;1.01791897;2024-10-19 20:30:00
202400007284.0;1;73;73008;2;1;1.0;3.0;45.68804528;5.91119152;2024-10-18 12:00:00
202400007285.0;1;72;72181;2;1;1.0;5.0;47.98;0.222;2024-10-18 17:50:00
202400007286.0;5;71;71076;2;1;1.0;6.0;46.785;4.85468;2024-10-19 19:35:00
202400007287.0;1;70;70550;2;1;8.0;6.0;47.6182;6.16099;2024-10-18 16:45:00
202400007288.0;1;69;69264;2;4;1.0;2.0;45.9901;4.70714;2024-10-19 13:40:00
202400007289.0;1;67;67482;2;1;1.0;2.0;48.56412;7.70784;2024-10-18 12:40:00
202400007290.0;1;66;66136;1;1;1.0;3.0;42.67381;2.86267;2024-10-19 12:00:00
202400007291.0;5;64;64445;2;6;2.0;6.0;43.30575;-0.37636;2024-10-19 01:00:00
202400007292.0;1;64;64445;1;1;2.0;7.0;43.32258;-0.31423;2024-10-18 14:25:00
202400007293.0;1;61;61006;2;6;8.0;3.0;48.74913;-0.01442;2024-10-14 18:10:00
202400007294.0;5;59;59152;2;1;2.0;1.0;50.76719;3.02963;2024-10-19 20:50:00
202400007295.0;5;59;59378;2;1;3.0;6.0;50.6724;3.10345;2024-10-19 19:30:00
202400007296.0;2;59;59009;2;1;2.0;1.0;50.613;3.142;2024-10-18 18:10:00
202400007297.0;1;58;58194;2;1;1.0;3.0;46.9921;3.12315;2024-10-18 16:38:00
202400007298.0;1;54;54395;2;3;1.0;3.0;48.67723;6.19915;2024-10-19 09:34:00
202400007299.0;5;54;54395;2;1;2.0;6.0;48.69795;6.17707;2024-10-19 06:00:00
202400007300.0;1;51;51230;2;4;1.0;6.0;49.046207;3.94833;2024-10-19 13:28:00
202400007301.0;3;51;51230;2;6;2.0;6.0;49.03911;3.9682;2024-10-18 22:26:00
202400007302.0;1;49;49328;2;6;3.0;3.0;47.25367;-0.08524;2024-10-19 13:30:00
202400007303.0;5;45;45232;2;9;2.0;6.0;47.843575;1.916157;2024-10-19 18:52:00
202400007304.0;1;44;44109;2;1;2.0;6.0;47.21465;-1.5659;2024-10-19 10:01:00
202400007305.0;5;37;37261;2;1;8.0;1.0;47.36562;0.67517;2024-10-19 22:14:00
202400007306.0;5;37;37261;2;2;1.0;3.0;47.37719;0.70686;2024-10-19 22:00:00
202400007307.0;1;35;35238;2;2;7.0;3.0;48.10178;-1.68439;2024-10-19 16:10:00
202400007308.0;1;33;33162;2;2;1.0;3.0;44.88;-0.628;2024-10-18 16:00:00
202400007309.0;5;31;31555;2;1;1.0;6.0;43.58359;1.44413;2024-10-19 19:30:00
202400007310.0;1;31;31555;2;1;1.0;1.0;43.628449;1.460232;2024-10-19 17:30:00
202400007311.0;1;29;29039;2;1;1.0;7.0;47.89067;-3.92254;2024-10-18 09:02:00
202400007312.0;3;27;27299;2;1;2.0;6.0;49.03759;1.17374;2024-10-20 01:20:00
202400007313.0;1;19;19031;2;3;8.0;1.0;45.15787;1.55379;2024-10-19 12:02:00
202400007314.0;3;17;17306;2;1;8.0;6.0;45.62005;-1.000766;2024-10-20 23:00:00
202400007315.0;1;14;14101;1;1;1.0;1.0;49.16249;-0.42718;2024-10-18 17:30:00
202400007316.0;5;13;13206;2;9;1.0;3.0;43.28825649;5.3803382;2024-10-19 21:35:00
202400007317.0;1;13;13213;2;1;1.0;3.0;43.33936;5.44057;2024-10-19 14:30:00
202400007318.0;1;13;13208;2;1;1.0;3.0;43.25842755;5.39427217;2024-10-19 07:25:00
202400007319.0;1;13;13001;2;9;1.0;3.0;43.48074;5.38901;2024-10-18 17:10:00
202400007320.0;1;9;9225;2;1;1.0;1.0;43.11231;1.61945;2024-10-19 18:45:00
202400007321.0;2;75;75119;2;1;1.0;2.0;48.88566;2.397454;2024-10-18 17:50:00
202400007322.0;1;75;75119;2;7;1.0;4.0;48.878056;2.409399;2024-10-19 15:40:00
202400007323.0;1;75;75112;2;1;2.0;6.0;48.8452;2.392389;2024-10-19 11:45:00
202400007324.0;1;75;75111;2;7;1.0;6.0;48.857725;2.38031;2024-10-19 15:20:00
202400007325.0;5;75;75111;2;2;1.0;2.0;48.857625;2.384619;2024-10-19 00:10:00
202400007326.0;5;75;75111;2;4;1.0;2.0;48.865314;2.374445;2024-10-19 00:48:00
202400007327.0;5;75;75110;2;5;1.0;6.0;48.87651174;2.35584319;2024-10-19 06:21:00
202400007328.0;1;75;75109;2;5;1.0;7.0;48.872008;2.340047;2024-10-19 16:20:00
202400007329.0;1;75;75109;2;3;2.0;3.0;48.870979;2.334182;2024-10-18 09:40:00
202400007330.0;5;94;94067;2;1;1.0;3.0;48.84374921;2.41706192;2024-10-19 00:35:00
202400007331.0;5;94;94081;2;9;1.0;3.0;48.78262;2.39391;2024-10-19 01:40:00
202400007332.0;2;94;94004;2;3;2.0;7.0;48.75452;2.50601;2024-10-19 18:30:00
202400007333.0;5;93;93078;2;6;2.0;2.0;48.95214;2.55075;2024-10-19 21:30:00
202400007334.0;1;93;93005;2;1;1.0;3.0;48.94748;2.51637;2024-10-19 14:20:00
202400007335.0;1;93;93048;2;1;2.0;3.0;48.8554661;2.43647502;2024-10-19 15:10:00
202400007336.0;1;93;93048;2;1;2.0;3.0;48.87349396;2.45404243;2024-10-19 13:30:00
202400007337.0;5;93;93006;2;3;1.0;3.0;48.86722;2.41894;2024-10-19 00:30:00
202400007338.0;5;93;93001;2;3;2.0;1.0;48.92266917;2.37143627;2024-10-19 21:20:00
202400007339.0;1;92;92078;2;6;1.0;1.0;48.92572;2.32666;2024-10-19 09:45:00
202400007340.0;1;92;92040;2;3;8.0;3.0;48.82309969;2.27339409;2024-10-19 13:40:00
202400007341.0;1;92;92004;1;1;1.0;3.0;48.91449957;2.31002077;2024-10-18 11:10:00
202400007342.0;1;42;42162;1;3;1.0;2.0;46.008517;3.983027;2024-10-19 10:40:00
202400007343.0;5;57;57434;2;1;1.0;6.0;48.722552;6.782556;2024-10-19 19:00:00
202400007344.0;1;14;14061;1;2;2.0;3.0;48.904823;-0.833802;2024-10-19 09:25:00
202400007345.0;1;974;97413;1;9;1.0;6.0;-21.231689;55.296487;2024-10-20 14:10:00
202400007346.0;1;59;59562;1;1;1.0;3.0;50.09553;3.984912;2024-10-15 12:06:00
202400007347.0;1;81;81288;1;1;1.0;6.0;43.453246;2.031677;2024-10-13 11:25:00
202400007348.0;1;81;81171;1;1;1.0;1.0;43.837003;1.836948;2024-10-19 13:19:00
202400007349.0;3;11;11327;1;1;1.0;1.0;43.171093;2.294329;2024-10-19 19:30:00
202400007350.0;5;71;71208;2;3;1.0;3.0;46.910101;5.157435;2024-10-20 18:55:00
202400007351.0;1;63;63211;1;1;1.0;7.0;45.45152481;3.70357095;2024-10-20 16:00:00
202400007352.0;3;49;49323;1;1;2.0;6.0;47.503265;-0.481725;2024-10-19 00:05:00
202400007353.0;1;12;12093;1;1;1.0;6.0;44.674764;2.537622;2024-10-20 12:04:00
202400007354.0;3;35;35302;1;1;2.0;6.0;48.190932;-2.161496;2024-10-20 05:45:00
202400007355.0;4;29;29249;2;1;3.0;6.0;48.161269;-3.786013;2024-10-20 05:00:00
202400007356.0;1;29;29075;2;2;8.0;6.0;48.433675;-4.396484;2024-10-10 11:50:00
202400007357.0;2;38;38408;2;2;1.0;3.0;45.584121;4.998712;2024-10-20 18:57:00
202400007358.0;5;38;38384;2;1;1.0;6.0;45.343761;5.338143;2024-10-19 20:50:00
202400007359.0;1;1;1433;2;1;1.0;7.0;46.479028;5.10875;2024-10-19 16:12:00
202400007360.0;3;1;1317;1;1;9.0;6.0;46.208943;5.343615;2024-10-19 02:10:00
202400007361.0;4;26;26165;2;1;1.0;6.0;44.76835953;4.84082937;2024-10-19 20:25:00