Num_Acc;lum;departement;commune;agglomeration;intersection;meteo;type_collision;lat;long;date
202400007362.0;1;58;58003;1;9;1.0;6.0;47.204606;4.163845;2024-10-20 15:50:00
202400007363.0;1;50;50533;1;1;2.0;7.0;49.219671;-1.426163;2024-10-20 12:20:00
202400007364.0;5;60;60577;2;1;5.0;6.0;49.44500774;1.81142399;2024-10-20 04:00:00
202400007365.0;2;10;10220;2;2;1.0;3.0;48.501165;3.784393;2024-10-20 18:15:00
202400007366.0;3;36;36003;1;1;1.0;7.0;46.79557125;1.92624539;2024-10-19 02:00:00
202400007367.0;4;21;21317;2;2;1.0;3.0;47.525517;5.110316;2024-10-19 23:00:00
202400007368.0;3;24;24172;1;1;1.0;6.0;44.941299;1.025929;2024-10-19 23:00:00
202400007369.0;1;37;37099;1;1;3.0;1.0;47.288763;0.524275;2024-10-19 16:15:00
202400007370.0;3;52;52062;1;1;5.0;6.0;47.796871;5.315744;2024-10-19 00:30:00
202400007371.0;3;60;60245;1;1;1.0;7.0;49.632199;1.728361;2024-03-21 04:20:00
202400007372.0;1;64;64256;1;3;1.0;3.0;43.420635;-1.314368;2024-03-21 17:00:00
202400007373.0;1;73;73010;1;1;1.0;1.0;45.78623;5.865626;2024-03-16 16:00:00
202400007374.0;1;40;40152;1;2;1.0;3.0;43.979217;-1.089712;2024-03-20 18:15:00
202400007375.0;1;4;4209;1;1;1.0;5.0;44.214258;5.924737;2024-03-01 13:41:00
202400007376.0;1;87;87117;1;1;1.0;6.0;45.78453429;1.7277208;2024-03-20 15:30:00
202400007377.0;1;52;52484;1;1;7.0;7.0;48.43964072;5.19109719;2024-03-21 12:00:00
202400007378.0;1;8;8162;1;1;1.0;6.0;49.735218;4.623254;2024-03-20 13:45:00
202400007379.0;1;88;88516;2;1;7.0;6.0;48.20413;5.944365;2024-03-20 15:37:00
202400007380.0;1;4;4091;1;1;4.0;5.0;43.985505;5.912629;2024-03-10 13:50:00
202400007381.0;1;38;38193;2;3;1.0;3.0;45.623266;5.213101;2024-03-06 16:00:00
202400007382.0;1;13;13051;2;3;1.0;3.0;43.58594419;5.13030948;2024-03-21 17:40:00
202400007383.0;1;95;95042;2;6;1.0;3.0;49.06548438;2.3001332;2024-03-21 17:05:00
202400007384.0;1;95;95353;2;1;1.0;3.0;49.07981525;2.31761551;2024-03-20 19:20:00
202400007385.0;1;33;33122;1;1;1.0;2.0;44.713348;-0.745697;2024-03-20 12:00:00
202400007386.0;1;36;36057;1;1;1.0;6.0;46.88632588;1.72632337;2024-02-21 13:05:00
202400007387.0;3;36;36134;1;1;1.0;6.0;46.41495896;1.46711564;2024-03-18 22:00:00
202400007388.0;1;13;13103;1;1;1.0;1.0;43.617747;5.106175;2024-03-18 13:00:00
202400007389.0;3;988;98827;1;1;3.0;7.0;-21.32502;165.08812;2024-03-21 03:30:00
202400007390.0;1;37;37210;1;1;1.0;7.0;47.217016;0.335577;2024-03-19 15:59:00
202400007391.0;2;91;91179;2;1;1.0;6.0;48.563264;2.483747;2024-03-14 07:50:00
202400007392.0;3;66;66164;1;1;1.0;6.0;42.799407;2.909639;2024-03-19 23:25:00
202400007393.0;1;84;84092;1;1;1.0;4.0;43.960187;4.847685;2024-03-21 13:50:00
202400007394.0;1;70;70446;1;1;7.0;1.0;47.483293;5.615301;2024-03-20 15:40:00
202400007395.0;1;63;63038;2;1;1.0;7.0;45.510822;2.930582;2024-03-20 15:15:00
202400007396.0;1;38;38071;2;2;1.0;3.0;45.085847;5.731773;2024-03-06 09:15:00
202400007397.0;3;33;33248;1;1;1.0;7.0;45.076421;-0.828221;2024-03-20 00:01:00
202400007398.0;1;33;33274;2;9;1.0;6.0;44.724875;-0.549284;2024-03-20 17:20:00
202400007399.0;3;44;44073;1;1;1.0;6.0;47.447982;-1.649323;2024-03-20 20:55:00
202400007400.0;2;14;14332;1;2;1.0;3.0;48.872308;-0.190587;2024-03-19 06:00:00
202400007401.0;1;59;59120;1;1;1.0;2.0;50.756122;2.625486;2024-03-20 17:30:00
202400007402.0;1;13;13216;1;1;1.0;2.0;43.35557748;5.34706133;2024-03-20 12:55:00
202400007403.0;1;91;91477;1;1;1.0;7.0;48.71891;2.25653;2024-03-20 09:20:00
202400007404.0;1;94;94076;1;1;1.0;5.0;48.78729395;2.34586985;2024-03-20 08:15:00
202400007405.0;1;92;92036;1;1;1.0;6.0;48.93353738;2.2742432;2024-03-19 16:25:00
202400007406.0;1;93;93053;1;1;1.0;2.0;48.89707199;2.46965129;2024-03-20 11:30:00
202400007407.0;1;95;95450;1;9;1.0;6.0;49.01817611;2.08089218;2024-03-18 18:30:00
202400007408.0;1;988;98818;2;1;1.0;2.0;-22.25036;166.4637;2024-03-20 11:43:00
202400007409.0;1;987;98735;1;1;1.0;2.0;-17.53346;-149.5599;2024-03-18 12:53:00
202400007410.0;1;974;97411;2;1;1.0;7.0;-20.88751;55.46348;2024-03-19 16:10:00
202400007411.0;1;973;97309;2;1;1.0;6.0;4.91362;-52.30847;2024-03-19 14:40:00
202400007412.0;2;972;97213;1;1;1.0;6.0;14.6355;-60.99171;2024-03-19 05:40:00
202400007413.0;1;69;69152;2;1;1.0;6.0;45.70384;4.82571;2024-03-19 08:35:00
202400007414.0;1;69;69389;2;2;1.0;3.0;45.78389;4.80817;2024-03-18 17:10:00
202400007415.0;1;2A;2A004;2;1;1.0;6.0;41.9132;8.72625;2024-03-19 10:42:00
202400007416.0;1;2A;2A004;1;1;1.0;4.0;41.94235;8.80899;2024-03-19 10:26:00
202400007417.0;1;2A;2A004;2;1;1.0;6.0;41.94183;8.74989;2024-03-19 09:38:00
202400007418.0;1;91;91477;2;1;1.0;6.0;48.70654;2.23882;2024-03-19 16:05:00
202400007419.0;1;91;91471;2;1;1.0;1.0;48.7;2.18819;2024-03-19 13:18:00
202400007420.0;1;91;91174;2;2;1.0;6.0;48.600491;2.480605;2024-03-19 08:30:00
202400007421.0;1;86;86066;2;6;1.0;3.0;46.8113;0.54482;2024-03-18 16:55:00
202400007422.0;5;84;84007;2;1;1.0;3.0;43.92;4.8;2024-03-18 22:45:00
202400007423.0;1;83;83137;2;3;1.0;3.0;43.12854895;5.89061661;2024-03-19 15:00:00
202400007424.0;1;83;83123;2;1;1.0;3.0;43.12225783;5.80043596;2024-03-15 07:40:00
202400007425.0;1;83;83118;2;1;1.0;6.0;43.42515;6.76889;2024-02-12 12:25:00
202400007426.0;1;81;81065;2;1;1.0;6.0;43.6015;2.2393;2024-03-19 19:00:00
202400007427.0;1;80;80021;2;1;1.0;6.0;49.91057;2.31229;2024-03-19 19:05:00
202400007428.0;1;80;80021;2;1;1.0;2.0;49.89759;2.29526;2024-03-19 10:25:00
202400007429.0;3;80;80021;2;1;1.0;7.0;49.89568;2.30539;2024-03-16 02:42:00
202400007430.0;3;78;78674;1;1;1.0;6.0;48.818633;2.021941;2024-03-17 03:10:00
202400007431.0;1;78;78498;1;1;1.0;3.0;48.942224;2.06006;2024-03-19 10:51:00
202400007432.0;5;76;76540;2;2;1.0;6.0;49.42828;1.08099;2024-03-19 18:50:00
202400007433.0;1;76;76540;2;4;1.0;3.0;49.45348;1.08529;2024-03-19 09:00:00
202400007434.0;1;76;76447;2;3;1.0;1.0;49.56502;0.20278;2024-03-15 12:00:00
202400007435.0;1;74;74010;2;3;1.0;3.0;45.9032;6.1277;2024-03-19 15:30:00
202400007436.0;1;71;71270;2;1;1.0;1.0;46.29378;4.80853;2024-03-19 13:25:00
202400007437.0;5;69;69266;2;1;1.0;3.0;45.76651;4.89794;2024-03-19 20:05:00
202400007438.0;1;69;69290;2;1;1.0;3.0;45.69601;4.95717;2024-03-18 18:45:00
202400007439.0;1;67;67482;2;1;1.0;3.0;48.57801;7.70253;2024-03-19 08:55:00
202400007440.0;1;67;67267;2;1;1.0;6.0;48.56429;7.69501;2024-03-18 16:30:00
202400007441.0;1;64;64445;2;3;1.0;3.0;43.30597714;-0.32802075;2024-03-19 10:40:00
202400007442.0;1;64;64102;2;1;1.0;7.0;43.4931;-1.47291;2024-03-19 08:36:00
202400007443.0;1;62;62895;2;3;1.0;3.0;50.49235;2.84604;2024-03-19 14:47:00
202400007444.0;1;62;62244;2;2;1.0;1.0;50.92464;1.88487;2024-03-19 15:25:00
202400007445.0;1;59;59009;1;2;1.0;3.0;50.64264439;3.14488517;2024-03-19 16:40:00
202400007446.0;1;59;59009;2;1;7.0;6.0;50.6466;3.12807;2024-03-18 17:15:00
202400007447.0;1;59;59220;2;1;1.0;6.0;50.603036;3.067202;2024-03-18 07:30:00
202400007448.0;5;58;58194;2;1;1.0;6.0;46.99615;3.12423;2024-03-16 06:00:00
202400007449.0;1;56;56260;2;1;1.0;3.0;47.65653;-2.78238;2024-03-19 10:10:00
202400007450.0;2;56;56121;2;1;8.0;7.0;47.75568;-3.35456;2024-03-18 08:00:00
202400007451.0;5;55;55545;2;1;1.0;7.0;49.1622;5.37096;2024-03-17 01:00:00
202400007452.0;1;55;55545;2;1;1.0;7.0;49.15064051;5.39776593;2024-03-04 10:40:00
202400007453.0;5;54;54300;2;1;2.0;1.0;48.65967;6.23217;2024-03-18 19:20:00
202400007454.0;1;54;54395;2;2;2.0;3.0;48.68811787;6.19997442;2024-03-18 18:25:00
202400007455.0;1;54;54395;2;3;1.0;6.0;48.6836;6.18548;2024-03-18 16:40:00
202400007456.0;1;54;54498;1;1;2.0;1.0;48.7227;6.27315;2024-03-18 09:00:00
202400007457.0;2;54;54323;2;3;1.0;3.0;49.52762;5.75861;2024-03-19 18:00:00
202400007458.0;1;54;54227;1;1;1.0;3.0;49.176762;5.905299;2024-03-19 17:25:00
202400007459.0;1;50;50129;2;1;1.0;6.0;49.64236;-1.63888;2024-03-16 17:45:00
202400007460.0;3;49;49099;1;1;1.0;6.0;47.03139091;-0.9106614;2024-01-27 01:08:00
202400007461.0;1;17;17306;1;4;1.0;3.0;45.632697;-0.990235;2024-07-05 17:36:00
202400007462.0;1;49;49246;1;1;1.0;4.0;47.4111;-0.50785;2024-03-18 18:08:00
202400007463.0;1;13;13056;2;1;1.0;6.0;43.41191;5.04385;2024-07-06 08:08:00
202400007464.0;2;49;49007;2;1;1.0;3.0;47.481;-0.527;2024-03-18 19:13:00
202400007465.0;1;13;13203;2;1;1.0;6.0;43.3178;5.37271;2024-07-06 20:30:00
202400007466.0;1;49;49007;2;1;1.0;5.0;47.46903;-0.60527;2024-03-18 16:10:00
202400007467.0;5;13;13206;2;1;1.0;3.0;43.29142621;5.38303236;2024-07-06 01:15:00
202400007468.0;1;13;13215;2;1;1.0;1.0;43.34019805;5.3567217;2024-07-05 16:30:00
202400007469.0;1;46;46224;2;3;1.0;3.0;44.4693;1.41298;2024-01-28 16:50:00
202400007470.0;1;13;13063;2;1;1.0;3.0;43.59542;4.99518;2024-07-05 20:00:00
202400007471.0;1;44;44109;2;1;1.0;6.0;47.2351;-1.54594;2024-03-19 12:00:00
202400007472.0;5;10;10387;2;3;1.0;6.0;48.2906;4.0758;2024-07-06 01:50:00
202400007473.0;1;43;43140;2;1;1.0;6.0;45.05646;3.91497;2024-03-18 09:00:00
202400007474.0;1;42;42095;2;1;1.0;6.0;45.38397;4.28367;2024-03-18 17:50:00
202400007475.0;1;6;6029;2;9;1.0;3.0;43.55941;7.01699;2024-07-05 16:50:00
202400007476.0;1;2;2691;2;1;1.0;6.0;49.84908;3.26863;2024-07-06 20:43:00
202400007477.0;1;41;41018;2;1;1.0;4.0;47.59675;1.31592;2024-03-19 17:55:00
202400007478.0;1;1;1053;2;1;2.0;6.0;46.20844;5.22756;2024-07-06 11:15:00
202400007479.0;1;40;40192;2;3;7.0;3.0;43.89307794;-0.47238281;2024-03-18 17:16:00
202400007480.0;1;40;40088;1;1;1.0;7.0;43.68505;-1.03512;2024-03-18 18:30:00
202400007481.0;1;75;75119;2;1;1.0;3.0;48.900495;2.373846;2024-07-06 12:30:00
202400007482.0;2;40;40279;2;3;1.0;6.0;43.72095889;-1.05221309;2024-02-22 20:20:00
202400007483.0;1;75;75120;2;1;1.0;6.0;48.848316;2.414768;2024-07-06 07:45:00
202400007484.0;1;37;37261;2;1;1.0;3.0;47.36815;0.70619;2024-03-19 07:45:00
202400007485.0;1;75;75120;2;2;1.0;3.0;48.871724;2.404361;2024-07-06 15:30:00
202400007486.0;5;35;35115;2;1;1.0;7.0;48.35457864;-1.19708852;2024-02-16 01:50:00
202400007487.0;1;75;75116;2;3;1.0;6.0;48.848811;2.264758;2024-07-05 17:20:00
202400007488.0;5;33;33063;2;2;1.0;3.0;44.81953;-0.57223;2024-03-19 21:15:00
202400007489.0;5;75;75110;2;2;1.0;3.0;48.878511;2.35405;2024-07-06 00:05:00
202400007490.0;1;75;75109;2;3;1.0;3.0;48.87651;2.346152;2024-07-06 18:01:00
202400007491.0;1;75;75109;2;2;1.0;6.0;48.878767;2.345346;2024-07-06 13:27:00
202400007492.0;1;33;33063;2;3;1.0;3.0;44.86419;-0.57371;2024-03-19 18:20:00
202400007493.0;5;75;75115;2;3;1.0;3.0;48.85529;2.289694;2024-07-06 00:51:00
202400007494.0;1;33;33249;2;1;1.0;3.0;44.88114;-0.5171;2024-03-19 18:20:00
202400007495.0;1;75;75101;2;2;1.0;7.0;48.8612408;2.34958693;2024-07-06 19:20:00
202400007496.0;2;94;94041;2;1;1.0;2.0;48.80937;2.40749;2024-07-06 21:20:00
202400007497.0;3;94;94033;2;6;1.0;6.0;48.8443;2.4788;2024-07-06 02:00:00
202400007498.0;1;94;94054;2;8;1.0;2.0;48.74703;2.41664;2024-07-05 08:44:00
202400007499.0;1;31;31555;2;1;1.0;3.0;43.54876455;1.41635388;2024-03-19 08:45:00
202400007500.0;1;93;93027;2;1;1.0;3.0;48.92597678;2.41618886;2024-07-06 18:30:00
202400007501.0;1;25;25056;2;3;1.0;6.0;47.23455;5.98411;2024-03-19 16:30:00
202400007502.0;1;22;22113;2;1;1.0;2.0;48.74336;-3.44373;2024-03-18 08:18:00
202400007503.0;1;93;93047;2;2;1.0;3.0;48.90139;2.57042;2024-07-06 15:35:00
202400007504.0;5;92;92051;2;1;1.0;3.0;48.88300366;2.26790079;2024-07-06 00:29:00
202400007505.0;3;16;16102;2;6;1.0;2.0;45.69439;-0.3338;2024-03-19 23:30:00
202400007506.0;1;92;92049;2;2;1.0;3.0;48.81358843;2.30682921;2024-07-06 16:50:00
202400007507.0;1;92;92044;2;1;1.0;7.0;48.89266;2.29596;2024-07-06 18:33:00
202400007508.0;1;14;14118;2;6;1.0;2.0;49.17068;-0.3398;2024-03-19 16:30:00
202400007509.0;1;92;92035;2;3;1.0;6.0;48.91117523;2.25465891;2024-07-06 16:20:00
202400007510.0;3;13;13117;1;1;1.0;2.0;43.42689062;5.24996116;2024-03-19 20:20:00
202400007511.0;1;92;92012;2;9;1.0;3.0;48.84809;2.24175;2024-07-06 19:20:00
202400007512.0;1;92;92012;2;1;1.0;3.0;48.82700371;2.2435627;2024-07-06 15:40:00
202400007513.0;1;13;13207;2;1;1.0;3.0;43.27322;5.36308;2024-03-18 15:35:00
202400007514.0;1;6;6088;2;1;1.0;6.0;43.72349;7.28304;2024-03-19 16:02:00
202400007515.0;1;976;97617;2;1;1.0;1.0;-12.789642;45.130886;2024-07-06 10:50:00
202400007516.0;1;6;6069;1;1;1.0;3.0;43.65011;6.96019;2024-03-18 17:50:00
202400007517.0;2;40;40291;1;1;1.0;2.0;43.67129283;-1.31883429;2024-07-06 05:13:00
202400007518.0;1;6;6029;1;1;1.0;2.0;43.556124;6.9572068;2024-03-19 11:00:00
202400007519.0;1;59;59616;2;1;1.0;1.0;50.466379;3.547538;2024-06-28 09:45:00
202400007520.0;5;6;6114;2;1;1.0;6.0;43.749878;7.29147;2024-07-07 00:30:00
202400007521.0;2;75;75113;2;1;1.0;3.0;48.820674;2.376784;2024-03-19 18:00:00
202400007522.0;1;40;40065;2;1;1.0;6.0;43.649928;-1.442071;2024-07-07 14:30:00
202400007523.0;1;75;75115;2;1;1.0;2.0;48.828966;2.288562;2024-03-18 12:55:00
202400007524.0;3;81;81139;1;2;1.0;6.0;43.668574;2.111424;2024-07-07 04:15:00
202400007525.0;1;75;75116;2;1;1.0;7.0;48.83502965;2.25995797;2024-03-19 15:05:00
202400007526.0;1;68;68227;1;2;1.0;3.0;48.097368;7.491866;2024-07-07 10:50:00
202400007527.0;1;75;75120;2;2;1.0;6.0;48.856576;2.394488;2024-03-18 14:38:00
202400007528.0;5;974;97401;1;1;1.0;2.0;-21.210739;55.356921;2024-07-07 18:30:00
202400007529.0;1;75;75106;2;4;1.0;6.0;48.845226;2.328474;2024-03-19 16:10:00
202400007530.0;5;972;97225;2;1;2.0;6.0;14.75445;-61.169477;2024-07-06 00:30:00
202400007531.0;5;75;75120;2;7;1.0;6.0;48.864625;2.398762;2024-03-19 20:20:00
202400007532.0;1;11;11067;1;1;1.0;6.0;43.211213;2.832499;2024-07-07 19:35:00
202400007533.0;1;75;75118;2;3;1.0;3.0;48.888728;2.331849;2024-03-19 14:20:00
202400007534.0;1;1;1109;1;1;1.0;3.0;46.152754;5.909743;2024-07-07 17:40:00
202400007535.0;5;971;97109;2;1;2.0;6.0;15.991313;-61.715296;2024-07-07 00:50:00
202400007536.0;1;75;75118;2;3;1.0;3.0;48.885751;2.364993;2024-03-19 13:10:00
202400007537.0;1;42;42036;1;1;2.0;6.0;45.535604;4.550518;2024-07-06 20:30:00
202400007538.0;1;51;51238;1;1;1.0;7.0;48.911148;3.837233;2024-07-07 09:00:00
202400007539.0;5;75;75117;2;3;1.0;7.0;48.87683979;2.2854833;2024-03-19 20:50:00
202400007540.0;1;77;77026;1;1;1.0;7.0;48.618995;3.385185;2024-07-07 16:40:00
202400007541.0;1;75;75117;2;1;1.0;6.0;48.885179;2.290666;2024-03-19 16:35:00
202400007542.0;1;75;75117;2;1;1.0;6.0;48.888194;2.295542;2024-03-19 08:25:00
202400007543.0;1;75;75114;2;1;1.0;7.0;48.817619;2.33246;2024-03-19 11:00:00
202400007544.0;1;80;80762;1;2;1.0;3.0;49.942466;3.043535;2024-07-07 09:45:00
202400007545.0;1;63;63168;1;1;1.0;7.0;45.74534542;3.39508653;2024-07-07 15:40:00
202400007546.0;1;75;75113;2;3;1.0;6.0;48.820808;2.350882;2024-03-19 15:35:00
202400007547.0;3;61;61061;1;1;2.0;6.0;48.444447;0.894677;2024-07-06 05:30:00
202400007548.0;5;75;75108;2;2;1.0;6.0;48.877782;2.316293;2024-03-19 19:45:00
202400007549.0;1;49;49018;1;1;2.0;7.0;47.530767;-0.083068;2024-07-06 07:30:00
202400007550.0;1;75;75108;2;1;1.0;4.0;48.864577;2.303843;2024-03-19 08:50:00
202400007551.0;1;12;12066;2;1;1.0;6.0;44.415069;2.419422;2024-07-07 18:20:00
202400007552.0;1;39;39177;2;1;1.0;6.0;46.688363;5.661819;2024-07-07 17:15:00
202400007553.0;1;75;75106;2;3;1.0;6.0;48.850256;2.332643;2024-03-19 10:45:00
202400007554.0;1;44;44072;1;1;1.0;1.0;47.489412;-2.29743;2024-07-07 16:15:00
202400007555.0;1;75;75104;2;2;1.0;6.0;48.85564466;2.34831816;2024-03-19 17:26:00
202400007556.0;1;44;44072;1;1;1.0;3.0;47.468979;-2.308347;2024-07-06 17:00:00
202400007557.0;1;75;75104;2;2;1.0;6.0;48.855637;2.348355;2024-03-19 17:13:00
202400007558.0;4;35;35302;2;1;1.0;6.0;48.17838724;-2.18167394;2024-07-06 01:10:00
202400007559.0;1;94;94078;2;3;1.0;5.0;48.73059;2.44685;2024-03-18 18:45:00
202400007560.0;1;29;29162;2;1;1.0;3.0;48.19217445;-3.98473867;2024-07-07 11:00:00
202400007561.0;1;29;29048;1;1;1.0;7.0;48.11200276;-4.0108693;2024-07-06 22:05:00
202400007562.0;1;94;94003;2;1;1.0;6.0;48.79831876;2.33629324;2024-03-19 08:30:00
202400007563.0;1;31;31574;1;1;1.0;6.0;43.438396;1.415112;2024-07-06 11:55:00
202400007564.0;3;94;94028;2;9;1.0;6.0;48.79026;2.44932;2024-03-18 20:25:00
202400007565.0;1;38;38417;1;1;1.0;6.0;45.393221;5.975318;2024-07-07 14:45:00
202400007566.0;1;94;94054;2;3;1.0;2.0;48.7419;2.386237;2024-03-19 15:30:00
202400007567.0;1;1;1216;1;1;3.0;6.0;45.731655;5.524042;2024-07-06 14:45:00
202400007568.0;1;94;94054;2;2;1.0;2.0;48.74784;2.39857;2024-03-19 11:40:00
202400007569.0;1;26;26063;2;3;7.0;6.0;44.27512;5.272257;2024-07-04 08:45:00
202400007570.0;2;93;93070;2;2;1.0;3.0;48.90531214;2.34411973;2024-03-18 19:15:00
202400007571.0;2;93;93064;2;1;1.0;3.0;48.87558;2.46853;2024-03-19 18:45:00
202400007572.0;3;72;72100;1;1;1.0;7.0;47.793683;0.005364;2024-07-07 02:37:00
202400007573.0;1;93;93064;2;1;1.0;3.0;48.881549;2.481654;2024-03-19 12:20:00
202400007574.0;1;6;6119;1;1;1.0;1.0;44.288899;6.899457;2024-07-07 13:50:00
202400007575.0;1;93;93055;2;2;1.0;6.0;48.89077;2.409885;2024-03-19 17:10:00
202400007576.0;3;45;45098;1;1;1.0;1.0;47.837814;1.780766;2024-07-02 01:00:00
202400007577.0;1;93;93051;2;3;1.0;6.0;48.83970667;2.54049987;2024-03-19 14:00:00
202400007578.0;1;64;64010;1;1;2.0;1.0;43.329205;-1.01836;2024-07-06 15:40:00
202400007579.0;3;93;93048;2;2;1.0;3.0;48.87309;2.45369;2024-03-19 23:00:00
202400007580.0;1;93;93032;2;2;1.0;3.0;48.87621;2.5497;2024-03-19 10:20:00
202400007581.0;1;73;73100;2;6;1.0;3.0;45.543321;5.703133;2024-07-07 08:15:00
202400007582.0;5;93;93010;2;1;1.0;3.0;48.90184;2.47079;2024-03-19 20:16:00
202400007583.0;3;36;36194;1;1;1.0;6.0;46.929898;1.376917;2024-07-07 02:45:00
202400007584.0;1;93;93007;2;3;1.0;6.0;48.93746;2.45916;2024-03-18 08:30:00
202400007585.0;2;53;53211;1;1;1.0;6.0;48.329256;-0.856239;2024-07-05 20:45:00
202400007586.0;1;92;92064;2;1;1.0;4.0;48.84658104;2.21411777;2024-03-19 14:46:00
202400007587.0;1;85;85029;1;1;1.0;7.0;46.97226;-2.02164;2024-07-06 18:10:00
202400007588.0;1;17;17024;1;1;1.0;7.0;46.007127;-0.383384;2024-07-06 15:35:00
202400007589.0;1;92;92064;2;1;1.0;6.0;48.84273391;2.21102679;2024-03-19 11:30:00
202400007590.0;1;52;52194;1;1;8.0;7.0;48.588857;5.043218;2024-07-07 15:00:00
202400007591.0;1;92;92020;2;1;1.0;6.0;48.80087019;2.28046775;2024-03-18 17:35:00
202400007592.0;5;92;92036;2;9;1.0;6.0;48.93381909;2.31377614;2024-03-18 19:10:00
202400007593.0;1;973;97309;2;3;1.0;1.0;4.92240647;-52.29055032;2024-07-06 16:00:00
202400007594.0;1;72;72339;1;1;1.0;6.0;47.957399;0.018196;2024-07-06 09:05:00
202400007595.0;1;92;92012;2;1;1.0;6.0;48.83727327;2.22422147;2024-03-19 08:35:00
202400007596.0;1;89;89378;1;1;1.0;6.0;47.520566;3.988461;2024-07-06 16:18:00
202400007597.0;1;92;92004;2;1;1.0;6.0;48.91517926;2.2828685;2024-03-19 07:23:00
202400007598.0;3;24;24521;2;3;1.0;3.0;45.237328;0.872158;2024-03-19 20:15:00
202400007599.0;1;34;34270;1;1;1.0;3.0;43.560818;3.828065;2024-06-06 13:45:00
202400007600.0;2;974;97417;2;1;1.0;7.0;-21.361183;55.762267;2024-07-07 18:05:00
202400007601.0;5;973;97312;2;3;3.0;1.0;5.373699;-52.951489;2024-07-05 22:00:00
202400007602.0;1;29;29233;2;1;1.0;7.0;47.867916;-3.548913;2024-07-06 18:00:00
202400007603.0;1;12;12053;1;2;1.0;2.0;44.432945;1.944323;2024-03-19 17:45:00
202400007604.0;2;91;91654;1;6;1.0;3.0;48.473718;2.425189;2024-07-06 05:40:00
202400007605.0;3;83;83085;1;1;2.0;1.0;43.506554;6.566512;2024-03-10 19:35:00
202400007606.0;3;91;91226;2;1;1.0;7.0;48.492215;2.16524;2024-07-06 00:38:00
202400007607.0;1;11;11041;1;1;1.0;3.0;43.306865;2.87123;2024-03-20 17:45:00
202400007608.0;5;66;66175;1;6;3.0;6.0;42.543101;2.91444;2024-07-06 21:45:00
202400007609.0;1;83;83070;2;1;1.0;6.0;43.137389;6.368396;2024-03-20 10:15:00
202400007610.0;1;84;84068;1;1;1.0;1.0;43.78465;5.346029;2024-07-07 11:55:00
202400007611.0;1;24;24553;1;3;1.0;2.0;45.239663;0.532687;2024-03-19 17:50:00
202400007612.0;1;6;6057;2;1;1.0;1.0;43.8331287;7.3622711;2024-07-06 15:15:00
202400007613.0;1;59;59159;2;1;1.0;1.0;50.978139;2.218139;2024-03-20 13:05:00
202400007614.0;1;54;54364;1;1;1.0;7.0;48.60189947;6.12020016;2024-07-07 07:00:00
202400007615.0;3;80;80620;2;1;1.0;6.0;49.937815;2.948617;2024-03-20 21:10:00
202400007616.0;1;42;42147;2;4;1.0;1.0;45.606315;4.071658;2024-07-07 14:45:00
202400007617.0;1;80;80215;2;1;7.0;1.0;50.140788;2.00184;2024-03-19 16:45:00
202400007618.0;1;82;82079;1;1;1.0;1.0;43.907178;1.334834;2024-03-19 09:40:00
202400007619.0;3;7;7042;1;1;3.0;1.0;44.351243;4.638805;2024-07-06 23:40:00
202400007620.0;1;42;42149;2;1;1.0;6.0;45.633317;4.240229;2024-03-11 17:10:00
202400007621.0;1;1;1249;2;1;1.0;6.0;45.822149;4.957366;2024-07-07 07:07:00
202400007622.0;1;46;46131;2;2;1.0;3.0;44.627034;1.820887;2024-03-20 10:15:00
202400007623.0;1;60;60116;2;1;1.0;1.0;49.320795;2.329504;2024-07-07 11:05:00
202400007624.0;2;68;68258;1;9;1.0;2.0;47.826367;7.285373;2024-03-19 18:30:00
202400007625.0;3;29;29207;1;6;1.0;6.0;48.56315678;-3.82994767;2024-03-18 01:00:00
202400007626.0;3;80;80541;1;1;1.0;1.0;49.635925;2.524967;2024-07-07 02:45:00
202400007627.0;1;15;15261;2;3;1.0;2.0;45.226335;2.354969;2024-03-20 15:20:00
202400007628.0;1;80;80002;1;1;1.0;2.0;49.842798;2.831039;2024-07-07 13:15:00
202400007629.0;1;70;70363;2;6;1.0;3.0;47.639846;6.076437;2024-03-18 13:35:00
202400007630.0;1;6;6090;2;1;1.0;1.0;43.58387;6.923707;2024-03-20 17:10:00
202400007631.0;1;62;62865;2;3;1.0;6.0;50.33221;2.97685093;2024-07-06 19:00:00
202400007632.0;1;10;10055;2;1;1.0;6.0;48.132089;4.361863;2024-03-17 06:30:00
202400007633.0;3;59;59379;1;1;1.0;3.0;50.287653;3.230581;2024-07-07 01:00:00
202400007634.0;3;24;24197;1;1;1.0;6.0;44.896301;0.439319;2024-03-18 01:00:00
202400007635.0;3;13;13106;1;1;1.0;3.0;43.38449;5.35104;2024-07-05 22:35:00
202400007636.0;1;27;27129;1;9;1.0;2.0;49.074224;0.523674;2024-03-19 17:00:00
202400007637.0;3;13;13215;1;1;1.0;2.0;43.37361297;5.36106253;2024-07-02 04:47:00
202400007638.0;1;37;37085;1;1;1.0;1.0;47.25146327;0.89492244;2024-03-20 07:50:00
202400007639.0;1;13;13212;1;1;1.0;7.0;43.31208482;5.42426348;2024-07-05 14:10:00
202400007640.0;1;24;24168;1;9;1.0;3.0;44.700264;0.565023;2024-03-19 17:30:00
202400007641.0;1;91;91617;1;1;1.0;2.0;48.63814582;2.53519714;2024-07-05 18:15:00
202400007642.0;1;6;6030;1;1;1.0;4.0;43.5681807;6.9737209;2024-03-20 08:00:00
202400007643.0;1;91;91617;1;1;1.0;2.0;48.6374;2.53534;2024-07-05 15:20:00
202400007644.0;2;92;92050;1;1;1.0;6.0;48.90337154;2.20555861;2024-07-06 07:17:00