Num_Acc;lum;departement;commune;agglomeration;intersection;meteo;type_collision;lat;long;date
202400007645.0;1;86;86123;1;1;1.0;2.0;46.493489;0.084353;2024-03-18 14:55:00
202400007646.0;3;93;93064;1;1;1.0;2.0;48.87120979;2.4819423;2024-07-05 02:00:00
202400007647.0;1;987;98722;1;1;2.0;1.0;-17.592;-149.391;2024-03-19 15:30:00
202400007648.0;1;971;97128;1;1;1.0;2.0;16.285056;-61.345596;2024-03-19 11:20:00
202400007649.0;1;95;95500;1;1;1.0;5.0;49.03909404;2.08598414;2024-07-05 20:15:00
202400007650.0;3;2B;2B313;1;1;1.0;7.0;42.377346;9.516048;2024-03-20 03:00:00
202400007651.0;1;93;93048;1;1;1.0;2.0;48.86636948;2.48142569;2024-07-05 20:30:00
202400007652.0;2;34;34017;1;1;1.0;6.0;43.473648;3.471379;2024-03-19 18:50:00
202400007653.0;1;95;95572;1;1;1.0;3.0;49.04618222;2.13069058;2024-07-05 18:00:00
202400007654.0;1;94;94028;1;1;1.0;6.0;48.80301088;2.44831306;2024-07-06 06:25:00
202400007655.0;1;1;1249;1;1;1.0;1.0;45.828899;4.938736;2024-03-20 18:30:00
202400007656.0;1;93;93051;1;1;1.0;6.0;48.83620546;2.5559632;2024-07-05 07:00:00
202400007657.0;5;9;9331;2;6;1.0;6.0;43.184542;1.609926;2024-03-17 02:00:00
202400007658.0;1;988;98818;2;2;8.0;6.0;-22.27265;166.4401;2024-07-05 13:00:00
202400007659.0;5;33;33438;2;2;1.0;3.0;44.572383;-0.239473;2024-03-19 19:40:00
202400007660.0;1;974;97411;2;1;1.0;2.0;-20.89072;55.50106;2024-07-03 15:45:00
202400007661.0;2;35;35072;1;3;1.0;3.0;48.229644;-1.199269;2024-03-19 19:10:00
202400007662.0;1;974;97407;2;9;1.0;6.0;-20.93442;55.30809;2024-07-05 13:00:00
202400007663.0;1;76;76343;1;1;1.0;3.0;49.636189;1.652112;2024-03-20 08:00:00
202400007664.0;1;69;69387;2;2;1.0;3.0;45.75044386;4.85694222;2024-07-05 08:50:00
202400007665.0;1;972;97213;1;1;1.0;4.0;14.61796;-61.03306;2024-07-05 07:45:00
202400007666.0;2;60;60575;1;1;1.0;5.0;49.27669396;2.20442137;2024-03-19 19:15:00
202400007667.0;5;80;80479;2;1;1.0;6.0;49.773307;1.853026;2024-03-19 19:30:00
202400007668.0;1;69;69202;2;2;1.0;2.0;45.74957044;4.79567261;2024-07-02 11:45:00
202400007669.0;1;13;13210;2;9;1.0;6.0;43.28257;5.39438;2024-03-18 17:24:00
202400007670.0;1;971;97120;2;3;1.0;7.0;16.24539;-61.53809;2024-07-05 15:00:00
202400007671.0;3;13;13071;1;1;1.0;6.0;43.40466068;5.31696557;2024-03-17 21:22:00
202400007672.0;1;971;97101;1;1;1.0;6.0;16.2756;-61.52022;2024-07-05 06:30:00
202400007673.0;1;33;33122;1;1;1.0;2.0;44.74278;-0.70731;2024-03-19 15:50:00
202400007674.0;1;971;97101;1;1;1.0;2.0;16.24102;-61.49571;2024-07-04 12:30:00
202400007675.0;1;59;59478;1;1;2.0;4.0;50.93141;2.46993;2024-03-15 07:05:00
202400007676.0;1;971;97120;2;3;1.0;2.0;16.24246;-61.53312;2024-06-28 17:00:00
202400007677.0;1;2A;2A004;2;1;1.0;6.0;41.92648;8.73464;2024-07-05 14:00:00
202400007678.0;1;95;95563;2;2;1.0;3.0;49.02063;2.24325;2024-07-05 14:00:00
202400007679.0;1;91;91103;2;4;1.0;3.0;48.60274;2.28715;2024-07-05 10:00:00
202400007680.0;1;91;91201;2;1;1.0;6.0;48.6791;2.42485;2024-07-04 11:35:00
202400007681.0;5;91;91687;2;9;1.0;2.0;48.64806;2.36675;2024-07-06 00:55:00
202400007682.0;5;91;91027;2;1;1.0;2.0;48.705801;2.367766;2024-07-06 00:05:00
202400007683.0;5;91;91027;2;2;1.0;3.0;48.71615;2.37102;2024-07-03 22:00:00
202400007684.0;1;91;91228;1;2;1.0;2.0;48.62221;2.41666;2024-07-04 18:30:00
202400007685.0;1;89;89024;2;9;1.0;3.0;47.79288;3.5875;2024-07-03 17:55:00
202400007686.0;1;87;87085;1;1;1.0;6.0;45.83491;1.21536;2024-07-04 20:01:00
202400007687.0;1;87;87038;1;3;1.0;3.0;45.90184;1.22867;2024-07-04 15:04:00
202400007688.0;1;85;85194;2;1;1.0;2.0;46.4801;-1.75269;2024-07-02 20:25:00
202400007689.0;1;84;84031;2;1;1.0;2.0;44.04917;5.03661;2024-07-05 14:05:00
202400007690.0;5;84;84007;2;3;1.0;6.0;43.95168;4.81939;2024-07-06 00:55:00
202400007691.0;1;84;84007;2;3;1.0;3.0;43.93415;4.8699;2024-07-05 16:15:00
202400007692.0;1;84;84007;2;1;1.0;6.0;43.92669;4.87715;2024-07-04 13:06:00
202400007693.0;1;80;80379;2;1;1.0;7.0;49.868153;2.379651;2024-07-05 21:30:00
202400007694.0;1;80;80021;2;1;1.0;7.0;49.89459;2.28239;2024-07-05 14:45:00
202400007695.0;1;80;80021;2;1;1.0;7.0;49.87436;2.2879;2024-07-05 12:40:00
202400007696.0;5;78;78621;1;6;1.0;4.0;48.77955;2.00815;2024-07-05 22:50:00
202400007697.0;1;77;77350;2;3;1.0;6.0;48.77185;2.67545;2024-07-05 20:40:00
202400007698.0;1;76;76216;2;1;1.0;6.0;49.46965;1.05032;2024-07-05 20:20:00
202400007699.0;1;69;69029;2;1;1.0;6.0;45.73371978;4.88908678;2024-07-04 14:40:00
202400007700.0;1;67;67482;2;3;1.0;3.0;48.58306;7.7723;2024-07-05 17:45:00
202400007701.0;1;67;67043;2;2;1.0;3.0;48.61407;7.75219;2024-07-05 14:35:00
202400007702.0;1;65;65440;2;5;1.0;3.0;43.22852533;0.07507991;2024-07-03 19:30:00
202400007703.0;1;64;64129;2;1;1.0;6.0;43.31491;-0.38451;2024-07-05 18:30:00
202400007704.0;1;64;64129;2;6;1.0;3.0;43.30523;-0.40124;2024-07-05 18:30:00
202400007705.0;1;64;64445;2;4;1.0;3.0;43.29411;-0.36345;2024-07-05 13:15:00
202400007706.0;1;64;64269;1;1;1.0;4.0;43.30249;-0.30821;2024-07-04 18:00:00
202400007707.0;1;64;64122;2;1;1.0;3.0;43.48912;-1.55283;2024-07-04 15:10:00
202400007708.0;1;64;64024;2;3;7.0;3.0;43.48016;-1.52241;2024-07-05 17:41:00
202400007709.0;5;63;63113;2;3;1.0;3.0;45.78269;3.08657;2024-07-06 00:45:00
202400007710.0;1;62;62758;2;1;3.0;6.0;50.72513639;1.62834334;2024-07-05 09:45:00
202400007711.0;1;59;59291;2;2;1.0;6.0;50.24405;3.91277;2024-07-05 17:50:00
202400007712.0;5;59;59350;2;1;1.0;3.0;50.63337;3.08174;2024-07-06 00:01:00
202400007713.0;1;59;59350;2;3;8.0;1.0;50.64696;2.97911;2024-07-05 19:30:00
202400007714.0;1;56;56162;2;1;1.0;6.0;47.70431;-3.45874;2024-07-04 12:20:00
202400007715.0;1;54;54395;2;1;1.0;2.0;48.681352;6.197971;2024-07-05 13:25:00
202400007716.0;1;54;54304;2;2;1.0;2.0;48.694214;6.131817;2024-07-05 08:45:00
202400007717.0;1;51;51454;2;1;1.0;2.0;49.28815;4.02345;2024-07-04 16:10:00
202400007718.0;1;49;49007;2;3;1.0;3.0;47.49162;-0.55744;2024-07-05 14:05:00
202400007719.0;1;49;49007;2;1;1.0;2.0;47.46325;-0.55242;2024-07-05 13:20:00
202400007720.0;1;45;45234;2;2;1.0;3.0;47.922274;1.892385;2024-07-05 14:45:00
202400007721.0;1;41;41018;2;1;1.0;1.0;47.59874;1.29409;2024-07-05 20:35:00
202400007722.0;1;41;41018;2;1;1.0;6.0;47.58898;1.33908;2024-07-05 09:42:00
202400007723.0;5;38;38185;2;2;1.0;1.0;45.18613041;5.72467893;2024-07-06 00:01:00
202400007724.0;1;37;37233;2;3;1.0;1.0;47.38917;0.71524;2024-07-05 20:45:00
202400007725.0;1;37;37233;2;1;1.0;2.0;47.3796;0.72367;2024-07-05 18:25:00
202400007726.0;1;37;37261;2;9;1.0;3.0;47.39001;0.68629;2024-07-05 17:45:00
202400007727.0;1;36;36044;2;1;1.0;3.0;46.810928;1.691971;2024-07-05 15:15:00
202400007728.0;1;35;35051;2;1;1.0;3.0;48.10777;-1.61503;2024-07-05 15:20:00
202400007729.0;1;35;35051;1;1;1.0;4.0;48.09933;-1.61425;2024-07-05 15:15:00
202400007730.0;1;35;35051;1;1;1.0;3.0;48.13333;-1.57434;2024-07-05 12:20:00
202400007731.0;1;33;33281;2;1;1.0;2.0;44.840388;-0.628845;2024-07-05 20:00:00
202400007732.0;3;29;29019;1;1;1.0;2.0;48.39488177;-4.43824344;2024-07-06 01:26:00
202400007733.0;1;22;22278;2;2;1.0;6.0;48.50157;-2.76935;2024-07-05 13:40:00
202400007734.0;1;22;22113;2;1;1.0;4.0;48.73004464;-3.46497685;2024-07-02 15:55:00
202400007735.0;5;16;16358;2;3;1.0;1.0;45.66223;0.13448;2024-07-04 23:30:00
202400007736.0;1;15;15014;1;1;2.0;7.0;44.90077;2.41659;2024-07-04 11:50:00
202400007737.0;1;14;14118;2;9;1.0;3.0;49.21075;-0.359159;2024-05-06 16:45:00
202400007738.0;5;13;13077;2;1;1.0;6.0;43.4067;4.99059;2024-06-27 00:50:00
202400007739.0;1;13;13214;2;9;1.0;1.0;43.34845;5.377;2024-07-05 18:00:00
202400007740.0;5;13;13208;2;1;1.0;3.0;43.251;5.3892;2024-07-05 02:30:00
202400007741.0;1;13;13207;2;1;1.0;3.0;43.29217;5.35973;2024-07-04 20:29:00
202400007742.0;1;12;12145;1;4;1.0;3.0;44.13844393;3.02589785;2024-07-05 10:30:00
202400007743.0;1;6;6069;2;9;1.0;5.0;43.64526;6.94174;2024-07-05 18:45:00
202400007744.0;1;6;6069;1;1;1.0;3.0;43.62526;6.91523;2024-07-05 16:15:00
202400007745.0;1;6;6027;2;1;1.0;3.0;43.659165;7.165466;2024-07-05 18:30:00
202400007746.0;1;4;4112;2;1;1.0;6.0;43.83757;5.77827;2024-07-05 11:15:00
202400007747.0;5;3;3185;2;1;1.0;2.0;46.33297;2.61467;2024-07-05 22:40:00
202400007748.0;1;75;75117;2;1;1.0;7.0;48.899685;2.31964;2024-07-05 12:00:00
202400007749.0;1;75;75118;2;1;1.0;5.0;48.900701;2.334452;2024-07-04 08:40:00
202400007750.0;5;75;75113;2;1;1.0;2.0;48.826215;2.38778;2024-07-04 00:15:00
202400007751.0;1;75;75120;2;7;1.0;1.0;48.853618;2.414285;2024-07-05 15:20:00
202400007752.0;1;75;75120;2;2;1.0;1.0;48.848935;2.406539;2024-07-04 17:00:00
202400007753.0;5;75;75116;2;2;1.0;3.0;48.872502;2.264386;2024-07-05 01:10:00
202400007754.0;1;75;75114;2;3;1.0;6.0;48.826868;2.306747;2024-07-05 13:15:00
202400007755.0;1;84;84065;1;1;1.0;6.0;43.754508;5.284864;2024-07-14 12:35:00
202400007756.0;3;84;84087;1;3;1.0;3.0;44.16831;4.84191;2024-06-17 04:45:00
202400007757.0;1;987;98735;2;3;1.0;1.0;-17.53545;-149.557789;2024-09-13 15:28:00
202400007758.0;5;974;97416;2;1;1.0;2.0;-21.33696;55.4721;2024-09-14 22:15:00
202400007759.0;1;974;97416;1;1;1.0;2.0;-21.33076;55.46838;2024-09-14 14:35:00
202400007760.0;1;973;97302;2;6;1.0;3.0;4.90749;-52.32207;2024-09-14 09:25:00
202400007761.0;5;69;69386;2;2;1.0;1.0;45.7725433;4.84305024;2024-09-14 03:50:00
202400007762.0;5;69;69382;2;1;1.0;6.0;45.76481855;4.83814716;2024-09-14 02:08:00
202400007763.0;1;95;95572;2;1;2.0;6.0;49.03828936;2.11796045;2024-09-13 17:20:00
202400007764.0;1;91;91326;2;1;1.0;4.0;48.69305;2.37074;2024-09-14 15:05:00
202400007765.0;3;89;89387;1;1;1.0;1.0;48.19628;3.31336;2024-09-01 21:25:00
202400007766.0;1;84;84035;2;6;6.0;3.0;43.83745;5.04362;2024-09-14 11:30:00
202400007767.0;1;83;83137;2;1;1.0;6.0;43.11821;5.93736;2024-09-13 12:50:00
202400007768.0;1;80;80164;1;1;1.0;2.0;49.90323;2.36364;2024-09-14 13:10:00
202400007769.0;1;79;79191;2;2;1.0;5.0;46.31353;-0.46576;2024-09-13 19:23:00
202400007770.0;1;78;78172;2;1;1.0;6.0;48.99438;2.09615;2024-09-14 16:10:00
202400007771.0;1;72;72181;2;9;1.0;6.0;47.97614;0.21694;2024-09-13 10:05:00
202400007772.0;1;71;71040;2;2;1.0;3.0;46.71229;4.39498;2024-09-14 10:00:00
202400007773.0;2;69;69266;2;3;1.0;6.0;45.75421;4.88941;2024-09-14 19:45:00
202400007774.0;1;69;69266;2;3;1.0;6.0;45.7625;4.87831;2024-09-14 18:34:00
202400007775.0;1;69;69264;2;9;1.0;6.0;45.99087;4.71074;2024-09-13 16:50:00
202400007776.0;5;67;67447;2;1;1.0;7.0;48.60534;7.73655;2024-09-14 03:45:00
202400007777.0;1;64;64445;2;2;1.0;2.0;43.30483;-0.37041;2024-09-14 19:10:00
202400007778.0;1;64;64348;2;1;1.0;2.0;43.32285;-0.3897;2024-09-14 13:15:00
202400007779.0;2;64;64125;1;1;1.0;4.0;43.44678;-1.5447;2024-09-14 19:50:00
202400007780.0;1;64;64122;2;1;1.0;2.0;43.49119693;-1.54495239;2024-09-13 17:55:00
202400007781.0;1;64;64102;2;1;1.0;2.0;43.49995;-1.4545;2024-09-14 18:54:00
202400007782.0;1;13;13212;1;1;1.0;2.0;43.2957;5.4248;2024-07-18 08:20:00
202400007783.0;1;13;13071;1;1;1.0;7.0;43.38920178;5.30380036;2024-07-09 19:30:00
202400007784.0;1;64;64102;2;1;1.0;3.0;43.48512;-1.47623;2024-09-14 09:00:00
202400007785.0;1;13;13070;2;1;1.0;3.0;43.28582;5.51205;2024-07-04 08:25:00
202400007786.0;1;62;62133;2;1;1.0;3.0;50.41258292;2.91069468;2024-09-11 19:10:00
202400007787.0;1;13;13026;1;1;1.0;2.0;43.375;5.176;2024-07-08 10:15:00
202400007788.0;1;13;13211;1;1;1.0;3.0;43.28771;5.5024;2024-07-02 16:30:00
202400007789.0;1;58;58194;2;3;1.0;1.0;46.99417;3.17472;2024-09-13 13:25:00
202400007790.0;1;987;98735;2;1;1.0;3.0;-17.5319;-149.57084;2024-11-25 17:46:00
202400007791.0;1;974;97411;2;1;1.0;3.0;-20.88889;55.44561;2024-11-26 16:50:00
202400007792.0;3;49;49267;1;3;1.0;3.0;47.4707;-0.45279;2024-09-14 21:00:00
202400007793.0;1;44;44162;2;9;7.0;6.0;47.24533;-1.60993;2024-09-14 10:25:00
202400007794.0;1;973;97302;1;1;1.0;2.0;4.8987;-52.32671;2024-11-26 15:20:00
202400007795.0;1;37;37261;2;2;1.0;6.0;47.42289829;0.68571594;2024-09-14 17:15:00
202400007796.0;1;973;97302;2;1;2.0;3.0;4.91379202;-52.32081932;2024-11-26 07:56:00
202400007797.0;1;37;37261;2;1;1.0;2.0;47.40157;0.68688;2024-09-14 15:50:00
202400007798.0;1;973;97302;2;1;1.0;3.0;4.93052;-52.31396;2024-11-26 07:20:00
202400007799.0;2;973;97302;2;1;1.0;1.0;4.93413774;-52.31682944;2024-11-25 18:20:00
202400007800.0;1;35;35238;2;1;1.0;2.0;48.09335075;-1.6908887;2024-09-14 10:00:00
202400007801.0;1;973;97302;2;6;1.0;2.0;4.92967;-52.30332;2024-11-25 17:37:00
202400007802.0;2;976;97612;1;1;1.0;1.0;-12.702385;45.060478;2024-04-27 06:00:00
202400007803.0;1;35;35238;2;6;1.0;3.0;48.13236074;-1.69094503;2024-09-13 16:45:00
202400007804.0;5;83;83116;1;1;2.0;6.0;43.449492;5.877208;2024-04-27 00:01:00
202400007805.0;1;34;34172;2;1;1.0;3.0;43.5969;3.88696;2024-09-14 19:15:00
202400007806.0;1;973;97302;2;1;1.0;4.0;4.9289;-52.29521;2024-11-25 09:40:00
202400007807.0;1;987;98733;1;1;1.0;3.0;-17.721525;-149.581014;2024-04-25 07:00:00
202400007808.0;5;69;69387;2;1;1.0;6.0;45.72329;4.84243;2024-11-26 20:10:00
202400007809.0;1;30;30007;2;3;1.0;3.0;44.133;4.093;2024-09-14 13:15:00
202400007810.0;3;988;98833;1;1;2.0;7.0;-21.53421;165.82857;2024-04-27 18:19:00
202400007811.0;5;69;69388;2;2;1.0;3.0;45.74572;4.86071;2024-11-26 22:00:00
202400007812.0;3;29;29232;1;1;1.0;2.0;48.01282623;-4.07362863;2024-09-09 21:30:00
202400007813.0;3;27;27681;1;1;1.0;7.0;49.10352;1.51018;2024-09-13 23:45:00
202400007814.0;1;95;95446;2;1;1.0;3.0;49.130254;2.170363;2024-04-26 17:45:00
202400007815.0;1;69;69387;2;3;1.0;1.0;45.73429;4.83539;2024-11-26 15:31:00
202400007816.0;1;22;22360;1;1;1.0;2.0;48.469648;-2.774916;2024-09-13 17:35:00
202400007817.0;1;69;69383;2;1;8.0;3.0;45.75396;4.85937;2024-11-26 08:00:00
202400007818.0;1;91;91207;2;1;1.0;6.0;48.581721;2.230756;2024-04-15 10:02:00
202400007819.0;4;22;22187;1;6;1.0;6.0;48.54828;-2.79342;2024-09-14 03:50:00
202400007820.0;3;972;97213;1;1;1.0;2.0;14.59437;-60.98199;2024-11-26 18:40:00
202400007821.0;1;19;19031;2;6;1.0;3.0;45.15645;1.50424;2024-09-14 20:08:00
202400007822.0;5;91;91661;1;1;2.0;2.0;48.702896;2.257104;2024-04-27 04:30:00
202400007823.0;1;972;97213;1;1;2.0;2.0;14.6183;-61.0261;2024-11-26 09:31:00
202400007824.0;1;14;14366;2;3;1.0;2.0;49.15294;0.22361;2024-09-14 10:25:00
202400007825.0;1;78;78276;1;1;2.0;1.0;49.069368;1.590528;2024-04-27 15:55:00
202400007826.0;2;2B;2B289;1;1;1.0;6.0;42.354564;9.171739;2024-04-27 06:00:00
202400007827.0;1;972;97209;1;1;1.0;4.0;14.61452;-61.04977;2024-11-26 11:30:00
202400007828.0;1;14;14271;1;1;1.0;4.0;49.13636;-0.37519;2024-09-13 19:20:00
202400007829.0;1;972;97209;2;9;2.0;2.0;14.60515;-61.08791;2024-11-25 16:15:00
202400007830.0;1;83;83023;2;6;1.0;3.0;43.41570236;6.06171656;2024-04-27 14:57:00
202400007831.0;5;13;13208;2;1;1.0;1.0;43.23584;5.36145;2024-09-15 00:40:00
202400007832.0;1;69;69034;2;1;1.0;3.0;45.79183;4.84374;2024-11-26 12:55:00
202400007833.0;1;38;38344;2;1;1.0;4.0;45.36493044;4.79771689;2024-04-27 09:50:00
202400007834.0;1;13;13202;2;1;1.0;5.0;43.32703;5.35591;2024-09-14 15:00:00
202400007835.0;1;95;95219;2;1;1.0;3.0;48.99191;2.25794;2024-11-26 11:20:00
202400007836.0;1;31;31505;1;1;1.0;6.0;43.166696;1.082438;2024-04-26 09:35:00
202400007837.0;1;17;17228;1;1;1.0;7.0;45.62921;-0.963943;2024-04-26 19:20:00
202400007838.0;5;13;13216;2;4;1.0;1.0;43.36299635;5.31640711;2024-09-14 01:30:00
202400007839.0;1;95;95218;2;1;1.0;4.0;49.01538761;2.09129307;2024-11-26 10:15:00
202400007840.0;3;72;72264;2;1;1.0;2.0;47.826136;-0.316093;2024-04-26 04:24:00
202400007841.0;1;13;13001;2;1;1.0;3.0;43.52414;5.45151;2024-09-14 19:45:00
202400007842.0;1;49;49301;2;1;2.0;2.0;47.122281;-0.993104;2024-04-24 15:30:00
202400007843.0;1;91;91228;2;2;1.0;3.0;48.63152;2.44119;2024-11-26 13:20:00
202400007844.0;1;6;6027;2;1;1.0;5.0;43.65473;7.14988;2024-09-14 11:00:00
202400007845.0;1;91;91174;2;1;2.0;6.0;48.59916;2.47994;2024-11-25 12:40:00
202400007846.0;1;44;44215;2;6;1.0;3.0;47.180124;-1.4987;2024-04-24 09:50:00
202400007847.0;3;88;88383;2;1;3.0;6.0;48.01427;6.59982;2024-11-25 17:15:00
202400007848.0;1;4;4112;2;1;1.0;2.0;43.8304;5.7834;2024-09-13 08:45:00
202400007849.0;1;50;50294;1;1;1.0;1.0;49.588424;-1.653603;2024-04-27 08:10:00
202400007850.0;1;86;86157;1;1;1.0;1.0;46.52433;0.44578;2024-11-26 16:45:00
202400007851.0;3;60;60446;1;1;2.0;2.0;49.1339199;2.79801376;2024-04-26 23:15:00
202400007852.0;1;3;3185;2;6;1.0;3.0;46.33701;2.587418;2024-09-13 15:15:00
202400007853.0;1;86;86157;2;1;6.0;6.0;46.551947;0.401079;2024-11-21 12:20:00
202400007854.0;3;2;2282;1;1;1.0;1.0;49.555716;3.708787;2024-04-27 02:10:00
202400007855.0;1;75;75120;2;1;1.0;3.0;48.866049;2.413204;2024-09-13 12:20:00
202400007856.0;1;59;59034;1;1;1.0;1.0;50.537463;3.087024;2024-04-27 10:40:00
202400007857.0;1;84;84031;1;1;1.0;6.0;44.04235;5.07562;2024-11-12 10:10:00
202400007858.0;5;75;75105;2;3;1.0;3.0;48.851762;2.349562;2024-09-13 23:25:00
202400007859.0;1;83;83090;1;1;1.0;2.0;43.12608109;5.88263494;2024-04-25 08:30:00
202400007860.0;1;83;83137;2;1;1.0;6.0;43.12022;5.94302;2024-11-26 14:40:00
202400007861.0;1;75;75118;2;2;1.0;3.0;48.888341;2.349575;2024-09-14 09:30:00
202400007862.0;1;42;42218;1;1;1.0;6.0;45.42303;4.41292;2024-04-25 16:10:00
202400007863.0;5;83;83061;2;1;1.0;6.0;43.43643;6.76381;2024-11-26 17:56:00
202400007864.0;1;75;75110;2;3;1.0;3.0;48.876516;2.355854;2024-09-14 09:00:00
202400007865.0;1;83;83141;1;1;1.0;1.0;43.50235424;6.48853024;2024-11-25 13:00:00
202400007866.0;1;33;33096;1;1;2.0;4.0;44.89033;-0.50277;2024-04-26 14:35:00
202400007867.0;1;75;75116;2;1;1.0;7.0;48.85631;2.264013;2024-08-23 12:20:00
202400007868.0;1;33;33013;1;1;1.0;2.0;44.86433;-0.50361;2024-04-24 19:50:00
202400007869.0;1;80;80261;1;1;2.0;5.0;49.86099;2.265;2024-11-25 16:25:00
202400007870.0;1;75;75114;2;4;1.0;6.0;48.83142;2.337996;2024-09-14 08:00:00
202400007871.0;1;80;80164;1;1;6.0;3.0;49.90199;2.35941;2024-11-24 11:20:00
202400007872.0;1;93;93053;1;1;1.0;5.0;48.88394634;2.46838028;2024-04-26 08:30:00
202400007873.0;5;75;75109;2;1;1.0;6.0;48.87349;2.329094;2024-09-14 04:40:00
202400007874.0;1;95;95218;2;1;8.0;6.0;49.01308751;2.09083781;2024-11-12 10:45:00
202400007875.0;1;95;95572;1;1;1.0;4.0;49.03785208;2.12338183;2024-04-26 12:05:00
202400007876.0;1;94;94081;2;1;1.0;6.0;48.794657;2.397751;2024-09-14 12:45:00
202400007877.0;1;93;93066;1;1;1.0;5.0;48.91623043;2.35752085;2024-04-26 07:38:00
202400007878.0;1;94;94068;2;2;1.0;3.0;48.80725;2.516777;2024-09-14 14:20:00
202400007879.0;3;77;77114;1;1;1.0;4.0;48.73807871;2.70157404;2024-11-26 20:00:00
202400007880.0;3;95;95582;1;1;1.0;6.0;48.97282083;2.24738326;2024-04-26 01:20:00
202400007881.0;5;94;94071;2;1;2.0;1.0;48.77386;2.525268;2024-09-13 21:45:00
202400007882.0;1;76;76319;1;1;1.0;3.0;49.35979;0.9932;2024-11-26 11:45:00
202400007883.0;1;987;98735;2;1;1.0;3.0;-17.54274;-149.5709;2024-04-25 07:00:00
202400007884.0;5;93;93070;2;2;1.0;3.0;48.90482;2.32227;2024-09-14 21:45:00
202400007885.0;1;76;76497;2;1;1.0;2.0;49.38924;1.04433;2024-11-26 09:35:00
202400007886.0;5;69;69383;2;2;1.0;3.0;45.74547;4.88584;2024-04-25 23:50:00
202400007887.0;1;72;72181;1;1;5.0;2.0;48.02838;0.17789;2024-11-26 07:50:00
202400007888.0;1;93;93014;2;1;1.0;2.0;48.90294;2.54758;2024-09-14 13:30:00
202400007889.0;1;69;69386;2;2;1.0;3.0;45.77238;4.8537;2024-04-25 16:05:00
202400007890.0;1;72;72181;2;6;1.0;3.0;48.02574;0.17588;2024-11-25 13:29:00
202400007891.0;1;972;97209;2;1;1.0;2.0;14.60469;-61.06455;2024-04-25 11:55:00
202400007892.0;1;71;71076;2;1;1.0;6.0;46.77857;4.84841;2024-11-25 17:30:00
202400007893.0;1;67;67482;2;1;1.0;3.0;48.56603;7.76005;2024-11-26 12:20:00
202400007894.0;2;972;97209;2;1;1.0;2.0;14.61;-61.077;2024-04-24 18:10:00
202400007895.0;5;93;93046;2;3;1.0;6.0;48.92396;2.54085;2024-09-14 00:30:00
202400007896.0;1;67;67482;2;1;1.0;3.0;48.586;7.739;2024-11-26 08:25:00
202400007897.0;3;93;93046;2;1;1.0;6.0;48.92548;2.55243;2024-09-13 23:55:00
202400007898.0;5;69;69384;2;1;2.0;3.0;45.78145104;4.83268842;2024-04-26 01:30:00
202400007899.0;5;64;64024;2;3;8.0;1.0;43.4934;-1.50882;2024-11-25 17:55:00
202400007900.0;1;69;69034;2;1;1.0;6.0;45.79182;4.84373;2024-04-25 14:25:00
202400007901.0;1;93;93079;2;1;1.0;3.0;48.95589402;2.33546155;2024-09-14 19:05:00
202400007902.0;1;971;97113;1;1;1.0;7.0;16.20769653;-61.46064699;2024-04-24 06:51:00
202400007903.0;1;64;64102;2;1;8.0;2.0;43.4782;-1.49299;2024-11-25 16:55:00
202400007904.0;1;93;93027;2;1;1.0;2.0;48.92474572;2.40114212;2024-09-14 09:00:00
202400007905.0;5;971;97101;1;1;1.0;6.0;16.27095703;-61.51412487;2024-04-23 22:40:00
202400007906.0;1;64;64024;2;1;3.0;3.0;43.45822;-1.4984;2024-11-25 09:20:00
202400007907.0;5;971;97101;2;1;1.0;6.0;16.23951817;-61.51970923;2024-04-23 20:25:00
202400007908.0;5;93;93027;2;2;1.0;3.0;48.925;2.415;2024-09-13 22:05:00
202400007909.0;5;63;63300;2;1;2.0;6.0;45.88347227;3.12445968;2024-11-25 17:30:00
202400007910.0;1;91;91122;2;9;1.0;1.0;48.69311;2.16172;2024-04-25 13:45:00
202400007911.0;5;63;63032;2;1;2.0;6.0;45.75105;3.09647;2024-11-25 17:15:00
202400007912.0;1;93;93008;2;9;1.0;3.0;48.90493575;2.42027998;2024-09-14 13:20:00
202400007913.0;1;91;91223;2;9;1.0;7.0;48.45009;2.17206;2024-04-24 18:00:00
202400007914.0;5;59;59527;2;1;2.0;6.0;50.66334;3.05009;2024-11-26 07:10:00
202400007915.0;2;93;93001;2;1;1.0;3.0;48.91534942;2.40458322;2024-09-13 20:00:00
202400007916.0;1;87;87085;2;1;1.0;6.0;45.82681;1.26029;2024-04-23 13:41:00
202400007917.0;1;92;92073;2;1;1.0;6.0;48.86367931;2.20897995;2024-09-14 11:00:00
202400007918.0;1;85;85194;2;6;1.0;3.0;46.48893;-1.7504;2024-04-22 08:00:00
202400007919.0;5;59;59009;2;5;8.0;3.0;50.6465;3.12475;2024-11-25 19:00:00
202400007920.0;1;92;92050;2;1;1.0;6.0;48.88555519;2.19632864;2024-09-14 13:00:00
202400007921.0;1;84;84087;2;1;1.0;3.0;44.137;4.818;2024-04-24 12:20:00
202400007922.0;5;92;92050;2;1;1.0;6.0;48.89601241;2.23345712;2024-09-14 00:30:00
202400007923.0;2;59;59183;2;1;3.0;6.0;51.03447;2.36599;2024-11-26 08:00:00
202400007924.0;1;83;83126;2;2;1.0;1.0;43.11385609;5.86614937;2024-04-25 15:55:00
202400007925.0;1;92;92035;2;1;1.0;3.0;48.90999389;2.2549738;2024-09-14 19:20:00
202400007926.0;1;59;59183;2;1;2.0;3.0;51.032252;2.375758;2024-11-26 11:15:00
202400007927.0;1;83;83129;2;1;1.0;3.0;43.09389;5.85131;2024-04-25 15:25:00
202400007928.0;1;92;92026;2;1;1.0;6.0;48.8922069;2.2438687;2024-09-14 18:52:00
202400007929.0;3;56;56121;2;1;2.0;2.0;47.76048;-3.38289;2024-11-25 17:45:00