Num_Acc;lum;departement;commune;agglomeration;intersection;meteo;type_collision;lat;long;date
202400007930.0;1;92;92012;2;1;1.0;7.0;48.83343229;2.23335961;2024-09-14 19:00:00
202400007931.0;1;81;81065;2;1;1.0;5.0;43.59925;2.23216;2024-04-25 20:35:00
202400007932.0;1;54;54395;2;1;1.0;6.0;48.700985;6.186047;2024-11-26 11:25:00
202400007933.0;5;9;9141;2;1;1.0;7.0;42.936538;0.963503;2024-09-15 04:00:00
202400007934.0;2;78;78418;2;1;1.0;1.0;48.90753;2.156;2024-04-25 20:40:00
202400007935.0;1;60;60374;2;1;1.0;6.0;49.54461055;2.50851989;2024-09-15 15:30:00
202400007936.0;1;54;54395;2;2;6.0;3.0;48.68402;6.17163;2024-11-25 08:04:00
202400007937.0;1;78;78498;2;1;1.0;7.0;48.93782;2.0545;2024-04-25 13:40:00
202400007938.0;5;80;80016;2;9;1.0;3.0;50.00571636;2.66053677;2024-09-14 20:44:00
202400007939.0;1;51;51454;2;6;1.0;3.0;49.24234;4.0245;2024-11-26 14:50:00
202400007940.0;1;71;71286;1;1;1.0;7.0;46.598259;4.493165;2024-09-14 11:35:00
202400007941.0;1;51;51506;2;1;2.0;1.0;48.94951;4.3897;2024-11-25 14:11:00
202400007942.0;1;77;77418;1;1;1.0;1.0;48.53871;3.201348;2024-04-25 18:24:00
202400007943.0;1;49;49092;2;1;7.0;6.0;47.217491;-0.726486;2024-09-15 10:10:00
202400007944.0;2;49;49328;2;3;1.0;3.0;47.253013;-0.08402;2024-11-26 08:00:00
202400007945.0;1;77;77284;2;2;1.0;2.0;48.950509;2.879808;2024-04-24 14:40:00
202400007946.0;1;68;68295;1;3;1.0;3.0;48.027408;7.402047;2024-09-15 11:35:00
202400007947.0;2;49;49007;2;1;2.0;6.0;47.47678;-0.54824;2024-11-25 18:22:00
202400007948.0;1;77;77243;2;1;1.0;6.0;48.87855;2.7053;2024-04-24 11:57:00
202400007949.0;3;22;22093;1;1;1.0;6.0;48.45455;-2.492947;2024-09-14 21:00:00
202400007950.0;1;49;49007;2;8;2.0;3.0;47.4470012;-0.56126565;2024-11-25 10:27:00
202400007951.0;1;971;97132;2;1;1.0;6.0;15.975522;-61.635302;2024-09-13 13:00:00
202400007952.0;1;76;76341;1;1;1.0;4.0;49.50763675;0.19560814;2024-04-24 17:25:00
202400007953.0;1;46;46042;2;1;1.0;6.0;44.45665688;1.42583656;2024-11-26 16:30:00
202400007954.0;1;76;76414;2;1;1.0;6.0;49.91227;1.10579;2024-04-25 07:00:00
202400007955.0;3;50;50487;1;1;1.0;3.0;48.50153448;-1.34459406;2024-09-15 06:00:00
202400007956.0;1;45;45232;2;6;1.0;3.0;47.856922;1.902964;2024-11-26 13:32:00
202400007957.0;1;74;74012;2;1;1.0;6.0;46.192441;6.245795;2024-04-25 19:20:00
202400007958.0;1;45;45235;2;7;8.0;6.0;47.94087;1.82083;2024-11-26 09:30:00
202400007959.0;1;71;71270;2;1;1.0;6.0;46.30245;4.83001;2024-04-24 15:25:00
202400007960.0;1;35;35251;1;2;1.0;3.0;48.247297;-1.619335;2024-09-14 13:50:00
202400007961.0;5;44;44109;2;1;1.0;6.0;47.2102;-1.60341;2024-11-26 18:30:00
202400007962.0;3;57;57674;1;1;1.0;6.0;48.911867;6.407175;2024-09-15 00:05:00
202400007963.0;5;69;69266;2;6;1.0;3.0;45.77228;4.86591;2024-04-25 22:10:00
202400007964.0;5;43;43157;2;2;6.0;3.0;45.03986;3.88684;2024-11-25 17:25:00
202400007965.0;5;69;69256;2;3;1.0;3.0;45.76464318;4.91927819;2024-04-25 21:45:00
202400007966.0;1;19;19276;1;1;1.0;1.0;45.40162224;1.57260901;2024-08-13 15:45:00
202400007967.0;5;40;40088;2;1;1.0;6.0;43.71226;-1.06136;2024-11-22 20:00:00
202400007968.0;5;69;69259;2;2;1.0;3.0;45.69235;4.87294;2024-04-25 06:15:00
202400007969.0;1;56;56185;1;1;1.0;1.0;47.778473;-3.455672;2024-09-14 14:20:00
202400007970.0;1;65;65440;2;1;1.0;3.0;43.21945;0.08584;2024-04-25 11:40:00
202400007971.0;1;40;40279;2;1;1.0;4.0;43.72284;-1.05154;2024-11-20 16:30:00
202400007972.0;5;64;64189;2;1;2.0;7.0;43.38452;-1.6664;2024-04-26 02:40:00
202400007973.0;1;38;38544;2;1;1.0;6.0;45.53845;4.87156;2024-11-15 11:12:00
202400007974.0;1;64;64024;2;6;3.0;3.0;43.46017;-1.49635;2024-04-25 09:12:00
202400007975.0;5;35;35238;2;1;1.0;6.0;48.08663691;-1.67212587;2024-11-26 20:05:00
202400007976.0;1;63;63113;2;1;1.0;3.0;45.80159;3.13051;2024-04-25 09:00:00
202400007977.0;1;56;56126;1;1;1.0;1.0;47.526138;-2.309242;2024-09-15 15:45:00
202400007978.0;1;62;62498;2;1;1.0;3.0;50.44253007;2.82549477;2024-04-24 14:30:00
202400007979.0;1;35;35238;1;1;1.0;2.0;48.08051;-1.67652;2024-11-26 08:15:00
202400007980.0;1;76;76554;1;1;1.0;7.0;49.4855054;1.34767056;2024-09-15 17:36:00
202400007981.0;1;62;62274;2;1;1.0;1.0;50.44022;2.99506;2024-04-24 17:30:00
202400007982.0;1;62;62510;2;9;1.0;6.0;50.42087;2.77734;2024-04-19 08:40:00
202400007983.0;1;81;81136;1;1;1.0;7.0;44.0183573;1.677528;2024-09-15 10:10:00
202400007984.0;1;34;34032;2;1;1.0;6.0;43.34798;3.22197;2024-11-25 15:50:00
202400007985.0;1;62;62624;2;1;7.0;3.0;50.41451;2.98408;2024-04-23 07:45:00
202400007986.0;1;81;81217;1;1;1.0;7.0;43.980726;1.7064;2024-09-14 18:20:00
202400007987.0;1;33;33063;2;1;1.0;2.0;44.86078;-0.61384;2024-11-26 12:10:00
202400007988.0;1;61;61006;1;1;1.0;2.0;48.723199;0.003407;2024-04-11 16:50:00
202400007989.0;1;39;39500;1;1;1.0;6.0;46.958259;5.886011;2024-09-15 18:30:00
202400007990.0;1;33;33281;2;9;8.0;3.0;44.8331;-0.6974;2024-11-06 15:12:00
202400007991.0;1;59;59512;2;2;1.0;3.0;50.68457;3.1926;2024-04-25 07:30:00
202400007992.0;5;31;31555;2;7;1.0;6.0;43.60867;1.44612;2024-11-26 18:45:00
202400007993.0;2;59;59271;2;1;1.0;3.0;51.0232;2.30761;2024-04-25 19:29:00
202400007994.0;1;44;44096;1;2;1.0;3.0;47.446371;-1.205556;2024-09-14 14:15:00
202400007995.0;1;59;59024;2;1;1.0;3.0;50.33417142;3.22447839;2024-04-24 17:50:00
202400007996.0;1;30;30189;2;1;1.0;7.0;43.8109;4.3086;2024-10-23 17:30:00
202400007997.0;1;38;38134;1;1;1.0;6.0;45.441375;5.045085;2024-09-14 15:00:00
202400007998.0;1;56;56260;2;1;1.0;2.0;47.66354;-2.75585;2024-04-25 11:35:00
202400007999.0;2;30;30007;2;3;1.0;3.0;44.12388;4.07101;2024-11-26 17:00:00
202400008000.0;3;38;38134;1;1;1.0;7.0;45.450016;4.994659;2024-09-15 00:40:00
202400008001.0;1;56;56098;2;2;7.0;3.0;47.77189;-3.33873;2024-04-24 08:10:00
202400008002.0;1;29;29019;2;1;1.0;1.0;48.3931;-4.5402;2024-11-25 12:10:00
202400008003.0;1;54;54025;2;3;1.0;3.0;48.66189;6.24706;2024-04-25 08:20:00
202400008004.0;2;29;29019;2;6;2.0;2.0;48.41277;-4.507577;2024-11-25 08:35:00
202400008005.0;1;54;54304;2;1;3.0;6.0;48.69958;6.13367;2024-04-24 17:40:00
202400008006.0;1;38;38175;1;1;1.0;5.0;45.272341;5.914763;2024-09-15 17:39:00
202400008007.0;1;28;28220;2;6;1.0;3.0;48.42755;1.46837;2024-11-20 13:55:00
202400008008.0;1;54;54328;2;9;1.0;6.0;48.61694;6.17427;2024-04-24 09:38:00
202400008009.0;5;27;27681;2;1;1.0;6.0;49.0764;1.50979;2024-11-26 18:04:00
202400008010.0;1;2;2422;2;1;1.0;1.0;49.930403;3.622346;2024-09-15 18:00:00
202400008011.0;1;2;2649;2;1;1.0;4.0;49.152201;3.387389;2024-09-15 11:15:00
202400008012.0;1;53;53130;2;1;1.0;3.0;48.05631;-0.79705;2024-04-25 16:35:00
202400008013.0;1;2;2305;1;1;1.0;6.0;49.131605;3.521612;2024-09-14 11:45:00
202400008014.0;3;25;25056;1;1;1.0;2.0;47.26532;6.00499;2024-11-26 17:20:00
202400008015.0;1;50;50129;2;1;1.0;2.0;49.6089;-1.59988;2024-04-24 19:50:00
202400008016.0;1;3;3043;1;1;1.0;1.0;46.230812;3.283796;2024-09-14 16:45:00
202400008017.0;2;17;17306;2;1;1.0;6.0;45.63498;-1.029;2024-11-26 17:20:00
202400008018.0;1;43;43157;2;9;1.0;3.0;45.04072;3.88833;2024-04-25 11:35:00
202400008019.0;1;1;1391;1;1;1.0;7.0;46.365558;5.372282;2024-09-15 15:20:00
202400008020.0;1;41;41269;2;1;1.0;6.0;47.79459;1.0725;2024-04-25 09:35:00
202400008021.0;5;14;14118;2;1;1.0;2.0;49.20799;-0.36202;2024-11-26 18:30:00
202400008022.0;1;37;37208;2;3;2.0;2.0;47.36185;0.72034;2024-04-25 13:50:00
202400008023.0;1;58;58223;1;1;1.0;7.0;47.015697;3.507171;2024-09-15 12:00:00
202400008024.0;5;14;14118;2;3;2.0;2.0;49.2057;-0.36164;2024-11-25 20:15:00
202400008025.0;1;6;6016;1;1;1.0;6.0;44.094374;6.97377;2024-09-14 16:55:00
202400008026.0;1;37;37122;1;1;1.0;2.0;47.33652;0.6699;2024-04-25 08:00:00
202400008027.0;1;5;5139;1;1;1.0;6.0;44.710588;5.891397;2024-09-14 17:30:00
202400008028.0;1;35;35278;2;1;1.0;3.0;48.13741763;-1.68747559;2024-04-25 11:00:00
202400008029.0;1;9;9235;1;1;8.0;6.0;43.034656;0.996899;2024-09-14 18:35:00
202400008030.0;1;14;14383;1;1;2.0;4.0;49.15936;-0.40849;2024-11-25 08:15:00
202400008031.0;1;34;34172;2;2;1.0;3.0;43.604526;3.887694;2024-04-25 14:00:00
202400008032.0;1;45;45130;2;3;1.0;3.0;47.794386;1.722021;2024-09-14 14:00:00
202400008033.0;5;34;34003;2;1;1.0;3.0;43.288;3.443;2024-04-24 22:50:00
202400008034.0;2;13;13117;2;1;1.0;3.0;43.44528;5.24478;2024-11-26 17:15:00
202400008035.0;1;33;33063;2;2;1.0;6.0;44.8323;-0.56702;2024-04-25 15:40:00
202400008036.0;1;10;10063;1;1;5.0;1.0;48.375594;4.536088;2024-09-15 07:00:00
202400008037.0;1;33;33063;2;1;2.0;6.0;44.83728;-0.57376;2024-04-24 19:20:00
202400008038.0;1;13;13117;2;1;1.0;1.0;43.44076;5.24688;2024-11-26 09:45:00
202400008039.0;1;7;7092;1;1;1.0;7.0;44.699654;4.565978;2024-09-15 10:54:00
202400008040.0;1;31;31555;1;1;1.0;4.0;43.603301;1.400573;2024-04-25 15:25:00
202400008041.0;5;13;13208;2;1;1.0;3.0;43.2638;5.3778;2024-11-26 23:40:00
202400008042.0;1;21;21647;1;3;1.0;3.0;46.979067;5.151365;2024-09-14 14:30:00
202400008043.0;1;31;31555;1;1;1.0;3.0;43.6346725;1.47779118;2024-04-25 08:40:00
202400008044.0;1;13;13204;2;1;1.0;2.0;43.31597;5.401;2024-11-26 15:23:00
202400008045.0;5;31;31555;1;1;2.0;6.0;43.60424;1.48573;2024-04-25 01:27:00
202400008046.0;1;4;4121;1;1;1.0;1.0;44.009681;6.198499;2024-09-15 16:00:00
202400008047.0;5;13;13204;2;1;1.0;3.0;43.30646;5.4009;2024-11-17 04:40:00
202400008048.0;1;30;30189;1;1;1.0;7.0;43.8581;4.4176;2024-04-21 18:30:00
202400008049.0;1;85;85162;1;1;1.0;7.0;46.3918;-0.6392;2024-09-15 11:00:00
202400008050.0;1;30;30243;2;1;1.0;2.0;44.0611;4.09016;2024-04-24 16:45:00
202400008051.0;1;13;13028;2;1;1.0;2.0;43.18623231;5.65857706;2024-11-25 16:35:00
202400008052.0;1;13;13005;2;2;1.0;7.0;43.29563;5.56837;2024-11-26 09:25:00
202400008053.0;5;28;28085;2;2;1.0;3.0;48.44765;1.52622;2024-04-25 00:10:00
202400008054.0;3;67;67152;1;6;1.0;6.0;48.522428;7.666349;2024-09-10 20:25:00
202400008055.0;1;13;13005;2;1;8.0;3.0;43.29193629;5.56157875;2024-11-26 08:00:00
202400008056.0;1;27;27375;2;1;1.0;6.0;49.21615;1.17418;2024-04-24 17:20:00
202400008057.0;1;11;11069;2;1;1.0;6.0;43.20818;2.32863;2024-11-24 16:45:00
202400008058.0;1;27;27229;2;1;1.0;6.0;49.02656;1.13941;2024-04-25 17:40:00
202400008059.0;1;7;7070;2;8;7.0;3.0;44.96132;4.85079;2024-11-26 08:25:00
202400008060.0;1;25;25462;2;3;1.0;3.0;46.89937;6.35025;2024-04-24 18:45:00
202400008061.0;5;4;4112;2;1;1.0;2.0;43.813;5.784;2024-11-26 17:55:00
202400008062.0;1;25;25462;2;2;1.0;3.0;46.917263;6.343205;2024-04-24 17:15:00
202400008063.0;5;4;4070;2;1;1.0;1.0;44.0866;6.21558;2024-11-26 20:00:00
202400008064.0;1;1;1289;1;1;1.0;1.0;46.16991;5.1908;2024-11-26 14:30:00
202400008065.0;1;25;25056;2;3;1.0;3.0;47.2274;6.03887;2024-04-25 13:35:00
202400008066.0;1;25;25056;2;1;2.0;6.0;47.246207;6.022023;2024-04-24 17:15:00
202400008067.0;1;75;75120;2;7;1.0;2.0;48.847022;2.41147;2024-11-26 16:30:00
202400008068.0;1;22;22278;2;1;1.0;6.0;48.512;-2.762;2024-04-24 19:34:00
202400008069.0;1;75;75119;2;3;1.0;6.0;48.887327;2.367062;2024-11-26 08:53:00
202400008070.0;1;22;22113;2;1;1.0;4.0;48.73621;-3.4378;2024-04-24 16:20:00
202400008071.0;3;18;18248;1;1;3.0;7.0;46.942396;2.417572;2024-09-05 04:20:00
202400008072.0;5;75;75117;2;3;1.0;3.0;48.883309;2.315688;2024-11-26 19:20:00
202400008073.0;1;36;36122;1;1;1.0;7.0;47.09127299;1.85390432;2024-09-14 13:30:00
202400008074.0;1;19;19031;2;2;1.0;3.0;45.16557563;1.52894497;2024-04-24 15:50:00
202400008075.0;1;75;75116;2;1;1.0;6.0;48.86314;2.276514;2024-11-26 12:40:00
202400008076.0;2;75;75113;2;1;1.0;6.0;48.83126;2.342476;2024-11-26 16:30:00
202400008077.0;5;75;75112;2;3;1.0;3.0;48.839886;2.382325;2024-11-25 20:23:00
202400008078.0;1;19;19031;2;2;1.0;1.0;45.16538339;1.52056109;2024-04-24 09:55:00
202400008079.0;1;77;77238;1;2;1.0;3.0;48.868752;3.091772;2024-09-15 15:24:00
202400008080.0;1;75;75112;2;1;3.0;7.0;48.842611;2.40522;2024-11-25 10:25:00
202400008081.0;3;13;13103;2;6;1.0;6.0;43.63361;5.07661;2024-04-25 04:35:00
202400008082.0;1;75;75110;2;1;1.0;3.0;48.879859;2.3636;2024-11-26 14:03:00
202400008083.0;1;13;13026;1;9;1.0;6.0;43.39275;5.18238;2024-04-04 10:22:00
202400008084.0;1;75;75109;2;2;1.0;3.0;48.875152;2.337136;2024-11-26 08:30:00
202400008085.0;1;13;13209;2;6;1.0;3.0;43.24575;5.395;2024-04-25 19:00:00
202400008086.0;5;75;75108;2;2;1.0;2.0;48.870967;2.300903;2024-11-26 18:59:00
202400008087.0;1;30;30206;1;1;1.0;4.0;43.911986;4.405658;2024-09-14 19:35:00
202400008088.0;1;13;13203;2;1;1.0;2.0;43.30783602;5.37632383;2024-04-25 17:30:00
202400008089.0;1;83;83053;1;1;1.0;7.0;43.175561;5.844281;2024-09-15 10:15:00
202400008090.0;1;75;75107;2;3;8.0;3.0;48.857474;2.291053;2024-11-26 08:40:00
202400008091.0;1;13;13212;2;1;1.0;6.0;43.29488;5.43366;2024-04-24 12:30:00
202400008092.0;5;75;75103;2;1;2.0;7.0;48.866779;2.364051;2024-11-25 17:00:00
202400008093.0;1;13;13214;2;1;1.0;3.0;43.34125559;5.3652491;2024-04-25 09:25:00
202400008094.0;1;13;13042;1;3;1.0;2.0;43.271761;5.644172;2024-09-15 12:45:00
202400008095.0;1;94;94041;2;1;1.0;3.0;48.80229;2.39755;2024-11-26 12:35:00
202400008096.0;1;13;13208;2;1;1.0;2.0;43.26148;5.37493;2024-04-24 07:52:00
202400008097.0;2;94;94052;2;2;1.0;3.0;48.84128522;2.48281708;2024-11-26 17:10:00
202400008098.0;1;25;25032;1;3;1.0;2.0;47.380735;6.377703;2024-09-15 17:45:00
202400008099.0;1;94;94076;2;9;2.0;3.0;48.78678;2.367384;2024-11-26 09:45:00
202400008100.0;1;68;68111;1;1;1.0;3.0;48.004388;7.282847;2024-09-15 11:45:00
202400008101.0;1;13;13005;1;3;1.0;3.0;43.32351;5.58997;2024-04-25 10:20:00
202400008102.0;5;94;94073;1;1;1.0;2.0;48.75384031;2.37234253;2024-11-26 19:49:00
202400008103.0;1;11;11069;2;1;1.0;6.0;43.21655;2.34849;2024-04-25 09:25:00
202400008104.0;1;55;55122;2;1;1.0;7.0;48.766201;5.582131;2024-09-15 19:00:00
202400008105.0;1;3;3191;1;1;1.0;6.0;46.417378;2.913163;2024-09-15 11:45:00
202400008106.0;5;94;94065;1;1;2.0;3.0;48.755139;2.354012;2024-11-26 05:20:00
202400008107.0;1;5;5023;2;4;1.0;3.0;44.90935;6.62639;2024-04-20 13:00:00
202400008108.0;5;94;94033;2;1;1.0;6.0;48.84826;2.47814;2024-11-26 18:15:00
202400008109.0;1;17;17089;1;1;1.0;3.0;45.759844;-0.556397;2024-09-14 17:30:00
202400008110.0;1;75;75118;2;1;1.0;4.0;48.900967;2.339902;2024-04-25 10:15:00
202400008111.0;1;75;75119;2;1;1.0;2.0;48.900581;2.386129;2024-04-25 09:25:00
202400008112.0;5;94;94022;2;3;8.0;1.0;48.77288;2.40006;2024-11-26 19:30:00
202400008113.0;1;33;33051;2;6;1.0;4.0;44.644132;-0.978416;2024-09-14 16:45:00
202400008114.0;5;94;94017;2;3;2.0;6.0;48.81263;2.52734;2024-11-26 07:20:00
202400008115.0;1;75;75120;2;1;1.0;5.0;48.851873;2.414958;2024-04-25 08:50:00
202400008116.0;1;22;22012;1;1;1.0;6.0;48.589574;-2.4414;2024-09-10 13:00:00
202400008117.0;5;75;75113;2;1;1.0;6.0;48.81612;2.359911;2024-04-24 21:55:00
202400008118.0;1;94;94004;2;3;8.0;6.0;48.751194;2.510237;2024-11-26 09:45:00
202400008119.0;3;35;35221;1;5;1.0;6.0;47.863144;-1.747674;2024-09-15 06:30:00
202400008120.0;5;94;94071;2;1;2.0;6.0;48.77468;2.52531;2024-11-25 19:58:00
202400008121.0;1;75;75106;2;7;1.0;3.0;48.847496;2.340778;2024-04-25 10:00:00
202400008122.0;1;76;76055;1;1;1.0;2.0;49.639966;0.73455;2024-09-14 15:40:00
202400008123.0;1;93;93072;2;1;1.0;6.0;48.95204819;2.38423233;2024-11-26 12:50:00
202400008124.0;5;13;13214;1;1;1.0;6.0;43.329957;5.40314938;2024-09-13 21:30:00
202400008125.0;1;75;75106;2;3;1.0;6.0;48.84808288;2.32496095;2024-04-24 17:30:00
202400008126.0;5;93;93070;2;2;2.0;2.0;48.90734952;2.34413266;2024-11-25 22:40:00
202400008127.0;1;75;75119;2;4;1.0;6.0;48.89588;2.381573;2024-04-25 09:20:00
202400008128.0;1;94;94043;1;1;1.0;4.0;48.81528168;2.35618039;2024-09-14 10:00:00
202400008129.0;5;93;93053;2;1;2.0;3.0;48.9018817;2.46019936;2024-11-26 22:45:00
202400008130.0;1;13;13077;1;1;1.0;2.0;43.42438;5.00489;2024-03-15 17:00:00
202400008131.0;1;78;78640;1;1;1.0;2.0;48.778727;2.204274;2024-09-14 10:30:00
202400008132.0;1;75;75118;2;3;1.0;3.0;48.894734;2.346929;2024-04-25 18:30:00
202400008133.0;1;75;75116;2;1;1.0;6.0;48.863231;2.237529;2024-04-25 09:05:00
202400008134.0;5;93;93032;2;1;1.0;1.0;48.88323348;2.52805352;2024-11-12 18:35:00
202400008135.0;1;78;78321;1;1;1.0;2.0;48.79655;1.907749;2024-09-13 18:25:00
202400008136.0;1;32;32036;1;3;1.0;3.0;43.581102;0.089318;2024-03-23 16:00:00
202400008137.0;5;93;93031;2;1;1.0;6.0;48.95428;2.30795;2024-11-26 22:11:00
202400008138.0;1;75;75115;2;1;1.0;3.0;48.841578;2.319017;2024-04-25 14:37:00
202400008139.0;3;93;93053;1;1;1.0;2.0;48.89707199;2.46965129;2024-09-14 20:00:00
202400008140.0;1;93;93031;2;1;1.0;6.0;48.95280786;2.3136072;2024-11-26 16:15:00
202400008141.0;1;974;97416;1;1;7.0;2.0;-21.3065;55.43008;2024-08-08 10:40:00
202400008142.0;1;75;75114;2;3;1.0;3.0;48.84133;2.33107;2024-04-24 12:41:00
202400008143.0;1;92;92078;1;1;1.0;4.0;48.92946154;2.32797319;2024-09-14 16:30:00
202400008144.0;2;93;93027;2;1;2.0;3.0;48.92196;2.40287;2024-11-25 16:50:00
202400008145.0;1;974;97416;1;1;1.0;3.0;-21.3595;55.53611;2024-08-07 08:50:00
202400008146.0;1;75;75114;2;3;1.0;7.0;48.83159;2.32552;2024-04-25 10:45:00
202400008147.0;1;93;93001;2;1;1.0;6.0;48.91190754;2.37959419;2024-11-26 14:04:00
202400008148.0;3;93;93039;1;1;1.0;2.0;48.92667897;2.33583977;2024-09-14 01:00:00
202400008149.0;1;974;97411;2;1;1.0;3.0;-20.89594;55.49908;2024-08-08 09:18:00
202400008150.0;1;75;75113;2;3;1.0;6.0;48.826782;2.365057;2024-04-25 10:30:00
202400008151.0;1;75;75112;2;1;1.0;6.0;48.831601;2.388054;2024-04-25 15:05:00
202400008152.0;5;92;92078;2;2;1.0;4.0;48.93489;2.32498;2024-11-16 21:10:00
202400008153.0;2;95;95678;1;1;1.0;2.0;49.07320761;2.232809;2024-09-13 07:12:00
202400008154.0;1;974;97407;2;1;1.0;3.0;-20.94081;55.30744;2024-08-08 11:25:00
202400008155.0;5;92;92075;2;1;1.0;3.0;48.82361136;2.29700491;2024-11-26 18:50:00
202400008156.0;1;75;75112;2;1;1.0;2.0;48.830213;2.393094;2024-04-25 12:00:00
202400008157.0;3;94;94079;1;1;1.0;2.0;48.83511153;2.53838213;2024-09-14 23:00:00
202400008158.0;1;974;97407;2;1;1.0;2.0;-20.93454;55.31878;2024-08-07 16:15:00
202400008159.0;1;75;75109;2;3;1.0;6.0;48.87219417;2.33285737;2024-04-25 08:30:00
202400008160.0;1;92;92063;2;3;1.0;2.0;48.85912316;2.18472853;2024-11-26 12:30:00
202400008161.0;1;94;94018;1;1;1.0;5.0;48.82253799;2.39690691;2024-09-14 19:40:00
202400008162.0;5;92;92051;2;1;1.0;7.0;48.88628801;2.2615613;2024-11-26 18:40:00
202400008163.0;1;973;97302;2;2;1.0;3.0;4.93214841;-52.2971929;2024-08-07 10:59:00
202400008164.0;1;94;94068;2;3;1.0;3.0;48.78604059;2.48883111;2024-04-25 08:00:00
202400008165.0;1;92;92050;2;1;1.0;2.0;48.888;2.19568;2024-11-25 14:00:00
202400008166.0;3;77;77249;1;1;2.0;7.0;48.73993577;2.61273317;2024-09-14 01:40:00
202400008167.0;1;973;97302;2;1;1.0;3.0;4.91802;-52.32155;2024-08-08 15:40:00
202400008168.0;2;94;94073;2;3;1.0;3.0;48.754133;2.386385;2024-04-25 20:00:00
202400008169.0;1;92;92020;2;4;1.0;3.0;48.81029021;2.2822047;2024-11-26 09:00:00
202400008170.0;5;77;77083;1;1;1.0;2.0;48.834092;2.589246;2024-09-13 23:35:00
202400008171.0;1;94;94073;1;3;1.0;3.0;48.7545;2.3861;2024-04-25 09:35:00
202400008172.0;1;973;97302;2;1;1.0;7.0;4.91757089;-52.31306791;2024-08-06 13:10:00
202400008173.0;1;92;92048;2;4;1.0;3.0;48.79622741;2.21782207;2024-11-25 16:30:00
202400008174.0;3;77;77122;1;1;1.0;6.0;48.652723;2.614184;2024-09-13 23:20:00
202400008175.0;1;973;97302;2;1;1.0;3.0;4.92925228;-52.30871111;2024-08-06 12:33:00
202400008176.0;1;93;93073;2;6;1.0;6.0;48.96101;2.57088;2024-04-25 09:15:00
202400008177.0;5;92;92040;2;1;1.0;3.0;48.8213664;2.27319762;2024-11-26 18:04:00
202400008178.0;1;987;98735;2;1;1.0;7.0;-17.542814;-149.568054;2024-09-13 07:41:00
202400008179.0;1;93;93078;2;6;1.0;2.0;48.96205588;2.55487919;2024-04-24 09:30:00
202400008180.0;1;973;97302;2;1;1.0;1.0;4.94222915;-52.32300586;2024-08-08 11:12:00
202400008181.0;1;92;92012;2;2;1.0;6.0;48.82846518;2.23869771;2024-11-26 12:00:00
202400008182.0;1;976;97611;2;1;1.0;1.0;-12.79103;45.22253;2024-09-13 07:15:00
202400008183.0;1;93;93066;2;1;1.0;6.0;48.93992;2.36964;2024-04-25 17:50:00
202400008184.0;1;80;80016;2;3;7.0;3.0;50.000826;2.641104;2024-11-26 16:20:00
202400008185.0;1;69;69387;2;3;1.0;3.0;45.75285;4.84224;2024-08-08 11:40:00
202400008186.0;5;974;97416;2;3;1.0;3.0;-21.3371;55.45905;2024-09-13 21:20:00
202400008187.0;1;93;93066;2;3;1.0;3.0;48.915698;2.344196;2024-04-25 08:39:00
202400008188.0;2;54;54345;1;2;1.0;5.0;48.59846191;6.25985742;2024-11-27 07:15:00
202400008189.0;1;69;69383;2;4;1.0;1.0;45.75191;4.85288;2024-08-08 11:25:00
202400008190.0;1;93;93053;2;1;1.0;3.0;48.886563;2.473079;2024-04-25 17:45:00
202400008191.0;1;974;97411;2;3;1.0;3.0;-20.89271;55.45556;2024-09-13 13:15:00
202400008192.0;1;68;68112;2;2;1.0;6.0;47.912926;7.204789;2024-11-27 09:30:00
202400008193.0;1;87;87085;2;3;1.0;7.0;45.83685022;1.26617789;2024-08-07 18:13:00
202400008194.0;3;973;97302;2;1;1.0;7.0;4.91927;-52.3175;2024-09-13 19:45:00
202400008195.0;1;93;93050;2;2;1.0;3.0;48.868831;2.528782;2024-04-25 07:45:00
202400008196.0;1;87;87085;2;3;1.0;7.0;45.83984;1.2707;2024-08-07 11:18:00
202400008197.0;1;33;33138;1;3;7.0;1.0;45.037035;-0.11939;2024-11-13 09:00:00
202400008198.0;1;973;97302;2;2;1.0;3.0;4.91927;-52.31755;2024-09-12 17:30:00
202400008199.0;1;87;87085;1;1;1.0;6.0;45.84647053;1.27693499;2024-08-05 12:43:00
202400008200.0;1;93;93048;2;2;1.0;3.0;48.85738583;2.44006991;2024-04-25 09:45:00
202400008201.0;3;10;10003;1;2;1.0;3.0;48.251655;3.719336;2024-11-26 17:30:00
202400008202.0;1;973;97302;2;1;1.0;6.0;4.92321217;-52.32064238;2024-09-12 17:47:00
202400008203.0;1;86;86066;1;1;1.0;1.0;46.82352;0.59763;2024-08-07 14:15:00
202400008204.0;1;93;93010;2;2;1.0;1.0;48.90714;2.48879;2024-04-25 18:00:00
202400008205.0;1;10;10352;1;1;2.0;1.0;48.35407218;4.10362959;2024-11-27 14:20:00
202400008206.0;1;69;69388;2;1;1.0;6.0;45.73678;4.86246;2024-09-13 19:00:00
202400008207.0;1;92;92026;2;1;1.0;3.0;48.90590716;2.25766075;2024-04-25 15:00:00
202400008208.0;1;84;84007;2;6;1.0;2.0;43.95016;4.86077;2024-08-08 15:00:00
202400008209.0;1;69;69386;2;1;1.0;3.0;45.7637163;4.86162891;2024-09-13 16:40:00
202400008210.0;5;1;1419;2;1;1.0;5.0;46.236099;6.008969;2024-11-26 18:05:00
202400008211.0;1;92;92023;2;3;2.0;3.0;48.79164;2.26338;2024-04-02 17:50:00
202400008212.0;1;30;30011;2;3;1.0;3.0;43.96095;4.75323;2024-08-08 11:30:00
202400008213.0;5;60;60176;2;6;2.0;6.0;49.225207;2.879636;2024-11-27 17:50:00