Num_Acc;lum;departement;commune;agglomeration;intersection;meteo;type_collision;lat;long;date
202400008214.0;1;69;69387;2;3;1.0;6.0;45.74085;4.85621;2024-09-13 16:10:00
202400008215.0;1;92;92004;2;1;1.0;3.0;48.9173922;2.3097893;2024-04-25 09:15:00
202400008216.0;2;83;83126;2;2;1.0;6.0;43.10291512;5.87405361;2024-08-05 05:20:00
202400008217.0;1;92;92004;2;2;1.0;3.0;48.9112;2.29852;2024-04-23 12:47:00
202400008218.0;1;30;30356;1;6;1.0;2.0;43.83153;4.44033;2024-11-27 13:50:00
202400008219.0;1;69;69383;2;3;1.0;1.0;45.75463;4.86745;2024-09-13 08:45:00
202400008220.0;2;95;95205;1;1;1.0;3.0;49.02523949;2.38699929;2024-04-23 07:45:00
202400008221.0;1;82;82033;2;1;1.0;6.0;44.03822;1.10569;2024-08-08 11:05:00
202400008222.0;1;972;97213;1;1;2.0;6.0;14.63868;-60.99175;2024-09-13 17:50:00
202400008223.0;1;19;19150;1;1;1.0;1.0;45.075987;1.602277;2024-11-26 16:25:00
202400008224.0;1;80;80021;2;1;1.0;6.0;49.88478;2.33475;2024-08-07 06:17:00
202400008225.0;1;17;17407;2;2;1.0;3.0;46.171508;-1.00386;2024-04-25 15:20:00
202400008226.0;1;56;56234;2;6;3.0;7.0;47.523222;-3.133689;2024-11-27 11:00:00
202400008227.0;1;80;80021;2;1;1.0;3.0;49.88354;2.32522;2024-08-07 13:44:00
202400008228.0;5;972;97213;1;1;1.0;2.0;14.59274;-60.983784;2024-09-12 22:40:00
202400008229.0;1;11;11148;1;1;1.0;6.0;43.171158;2.69931;2024-04-25 09:20:00
202400008230.0;1;2B;2B123;1;1;1.0;1.0;42.032827;9.382678;2024-11-27 13:40:00
202400008231.0;5;69;69381;2;1;1.0;2.0;45.76842;4.82686;2024-09-14 00:40:00
202400008232.0;1;974;97404;1;9;1.0;1.0;-21.254121;55.384557;2024-04-26 08:05:00
202400008233.0;1;78;78208;1;6;1.0;2.0;48.789535;1.973824;2024-08-08 17:50:00
202400008234.0;1;33;33036;2;6;1.0;1.0;44.43155898;-0.21647688;2024-11-27 15:45:00
202400008235.0;1;2B;2B033;2;1;8.0;3.0;9.4446;42.6772;2024-09-13 11:52:00
202400008236.0;3;35;35197;1;1;1.0;6.0;48.231713;-1.62205;2024-04-25 22:20:00
202400008237.0;1;78;78423;2;2;1.0;3.0;48.76589;2.01832;2024-08-08 09:25:00
202400008238.0;1;63;63286;1;1;1.0;1.0;46.069963;2.993549;2024-11-27 14:22:00
202400008239.0;1;62;62524;1;1;1.0;6.0;50.65003757;1.82066834;2024-04-25 18:45:00
202400008240.0;1;971;97101;2;1;1.0;3.0;16.25491;-61.53255;2024-09-13 10:05:00
202400008241.0;1;56;56158;1;6;1.0;7.0;47.675488;-2.799604;2024-04-25 08:20:00
202400008242.0;1;77;77373;2;1;1.0;6.0;48.80299;2.61381;2024-08-07 15:16:00
202400008243.0;5;61;61287;2;1;1.0;6.0;48.815211;-0.570366;2024-11-25 19:15:00
202400008244.0;1;971;97113;1;3;1.0;3.0;16.21893;-61.50271;2024-09-11 13:08:00
202400008245.0;3;2B;2B150;1;9;1.0;3.0;42.599424;8.839552;2024-04-26 04:45:00
202400008246.0;1;77;77373;2;1;1.0;3.0;48.80625;2.61666;2024-08-08 06:38:00
202400008247.0;1;61;61474;1;1;1.0;1.0;48.767546;0.198612;2024-11-26 11:33:00
202400008248.0;1;971;97101;2;1;1.0;6.0;16.2394;-61.52094;2024-09-13 06:55:00
202400008249.0;1;77;77237;1;1;1.0;6.0;48.81011;2.75672;2024-08-07 17:30:00
202400008250.0;1;61;61474;1;3;1.0;3.0;48.760079;0.098085;2024-04-26 07:55:00
202400008251.0;4;971;97101;1;1;1.0;6.0;16.24822;-61.52662;2024-09-12 18:50:00
202400008252.0;3;49;49125;1;1;2.0;5.0;47.181706;-0.256081;2024-11-27 07:30:00
202400008253.0;1;12;12056;2;1;1.0;6.0;44.277109;2.434384;2024-04-26 17:25:00
202400008254.0;1;76;76351;2;2;1.0;3.0;49.50461;0.10825;2024-08-07 18:00:00
202400008255.0;3;46;46307;1;1;1.0;6.0;44.505152;1.049774;2024-04-23 22:00:00
202400008256.0;1;971;97101;1;3;1.0;3.0;16.28262;-61.48573;2024-09-11 12:18:00
202400008257.0;2;49;49018;1;1;5.0;3.0;47.551702;-0.104606;2024-11-26 07:15:00
202400008258.0;1;76;76351;2;3;1.0;3.0;49.51805;0.11771;2024-08-05 18:00:00
202400008259.0;1;95;95585;2;1;1.0;6.0;48.97913;2.38156;2024-09-13 18:19:00
202400008260.0;1;41;41043;1;2;1.0;3.0;47.283245;1.49453;2024-04-22 17:30:00
202400008261.0;5;49;49218;2;2;2.0;3.0;47.266238;-1.025137;2024-11-25 17:30:00
202400008262.0;1;41;41063;2;1;1.0;6.0;47.247729;1.43965;2024-04-25 08:15:00
202400008263.0;1;76;76026;2;1;1.0;1.0;49.88063;1.13067;2024-08-08 14:35:00
202400008264.0;1;68;68062;1;1;1.0;4.0;47.637085;7.217031;2024-04-25 13:44:00
202400008265.0;5;91;91103;1;1;1.0;4.0;48.60412;2.32046;2024-09-13 21:57:00
202400008266.0;5;74;74118;1;1;1.0;6.0;46.18234;6.23013;2024-08-08 21:45:00
202400008267.0;4;39;39286;2;3;5.0;6.0;46.375552;5.765634;2024-04-25 02:00:00
202400008268.0;1;91;91377;2;9;1.0;6.0;48.72903;2.24496;2024-09-13 18:30:00
202400008269.0;1;68;68200;2;1;1.0;1.0;47.620945;7.106394;2024-11-27 13:45:00
202400008270.0;3;73;73065;1;3;1.0;7.0;45.58553;5.90803;2024-08-08 00:01:00
202400008271.0;1;39;39154;2;3;1.0;3.0;46.574404;5.748666;2024-04-26 19:10:00
202400008272.0;5;91;91201;2;3;8.0;3.0;48.69027;2.41118;2024-09-13 23:37:00
202400008273.0;1;72;72181;2;2;1.0;3.0;48.012419;0.180451;2024-08-07 17:46:00
202400008274.0;1;84;84051;1;1;8.0;7.0;43.858281;5.264254;2024-04-26 14:55:00
202400008275.0;2;68;68338;1;1;1.0;4.0;48.076201;7.288678;2024-11-27 07:40:00
202400008276.0;2;3;3018;1;6;2.0;7.0;46.265282;3.289311;2024-04-25 19:00:00
202400008277.0;1;91;91027;2;2;1.0;3.0;48.71613;2.37087;2024-09-13 08:30:00
202400008278.0;3;44;44187;1;4;1.0;1.0;47.1943321;-2.05140084;2024-11-25 21:00:00
202400008279.0;1;69;69029;2;2;1.0;5.0;45.72622;4.88703;2024-08-08 08:49:00
202400008280.0;1;21;21250;1;1;1.0;5.0;47.747902;4.790377;2024-04-25 16:15:00
202400008281.0;1;31;31232;1;1;1.0;6.0;43.7391971;1.262248;2024-11-27 16:30:00
202400008282.0;3;86;86194;2;1;2.0;3.0;46.56997;0.323558;2024-09-12 22:15:00
202400008283.0;2;67;67482;2;3;1.0;3.0;48.554529;7.745031;2024-08-08 20:30:00
202400008284.0;1;40;40127;1;1;1.0;4.0;43.798265;-0.290279;2024-04-26 16:07:00
202400008285.0;1;17;17158;2;6;1.0;7.0;46.22857;-0.878692;2024-04-26 09:30:00
202400008286.0;2;67;67482;2;1;8.0;6.0;48.53451;7.77135;2024-08-08 05:50:00
202400008287.0;1;86;86194;2;6;1.0;3.0;46.559745;0.37641;2024-09-12 13:30:00
202400008288.0;1;3;3254;1;2;1.0;3.0;46.294813;3.27046;2024-11-26 11:50:00
202400008289.0;2;15;15187;1;1;1.0;7.0;45.032186;3.066301;2024-11-26 16:55:00
202400008290.0;1;83;83009;2;9;1.0;6.0;43.13797271;5.76177961;2024-09-10 10:30:00
202400008291.0;5;67;67267;2;3;1.0;3.0;48.56477;7.69769;2024-08-07 04:15:00
202400008292.0;1;30;30311;1;2;3.0;4.0;43.950509;3.999855;2024-04-26 11:25:00
202400008293.0;3;70;70312;1;1;5.0;6.0;47.599486;6.723075;2024-11-27 01:17:00
202400008294.0;1;83;83034;2;1;6.0;3.0;43.10885547;6.04665667;2024-09-13 08:30:00
202400008295.0;1;64;64122;2;3;1.0;3.0;43.48039;-1.54549;2024-08-08 17:18:00
202400008296.0;5;56;56178;1;1;1.0;2.0;48.061826;-2.943392;2024-04-25 22:30:00
202400008297.0;3;24;24567;1;1;5.0;2.0;45.358358;0.870752;2024-11-26 22:00:00
202400008298.0;1;77;77146;2;2;1.0;1.0;48.82483412;2.63134696;2024-09-13 14:30:00
202400008299.0;1;53;53210;1;1;1.0;6.0;47.785105;-0.460439;2024-04-14 15:40:00
202400008300.0;1;64;64125;2;1;1.0;1.0;43.42986;-1.60194;2024-08-07 12:55:00
202400008301.0;1;24;24253;1;1;1.0;6.0;45.45664028;0.46755236;2024-11-27 14:00:00
202400008302.0;1;77;77487;2;1;1.0;3.0;48.53416955;2.68443044;2024-09-12 12:20:00
202400008303.0;5;85;85146;2;1;2.0;6.0;46.97789;-1.31067;2024-11-27 07:05:00
202400008304.0;1;13;13051;1;3;8.0;3.0;43.546903;5.165071;2024-04-26 12:14:00
202400008305.0;1;62;62525;2;1;1.0;3.0;50.73965;2.27368;2024-08-02 19:25:00
202400008306.0;1;6;6018;1;1;2.0;6.0;43.616532;7.068373;2024-04-26 15:05:00
202400008307.0;1;76;76351;2;3;1.0;6.0;49.51465;0.1051;2024-09-12 16:50:00
202400008308.0;5;27;27467;2;2;3.0;3.0;49.349185;0.530613;2024-11-18 17:30:00
202400008309.0;1;62;62498;2;3;1.0;6.0;50.43526102;2.83605132;2024-08-07 20:20:00
202400008310.0;1;72;72003;2;3;1.0;2.0;47.97147;0.16166;2024-09-13 17:15:00
202400008311.0;3;27;27488;1;2;8.0;3.0;49.413265;1.313779;2024-11-15 17:10:00
202400008312.0;1;42;42166;1;3;1.0;1.0;45.99325;4.106269;2024-04-26 11:20:00
202400008313.0;1;62;62193;2;2;1.0;3.0;50.9489311;1.84846562;2024-08-07 11:10:00
202400008314.0;1;72;72003;2;3;1.0;6.0;47.96845;0.15432;2024-09-12 09:30:00
202400008315.0;1;62;62193;1;1;1.0;3.0;50.934;1.838;2024-08-07 11:50:00
202400008316.0;3;17;17241;2;4;1.0;1.0;45.214447;-0.182562;2024-11-26 17:30:00
202400008317.0;3;91;91666;1;3;1.0;3.0;48.666225;2.208509;2024-04-26 00:31:00
202400008318.0;1;69;69282;2;1;1.0;6.0;45.77856;5.01865;2024-09-13 08:20:00
202400008319.0;1;62;62188;1;1;1.0;3.0;50.54248676;2.4584498;2024-08-04 15:15:00
202400008320.0;1;51;51183;1;1;8.0;6.0;49.32323548;3.9829974;2024-04-26 12:45:00
202400008321.0;2;37;37281;2;3;1.0;1.0;47.41198413;0.80735385;2024-11-26 08:20:00
202400008322.0;1;69;69264;2;1;1.0;3.0;45.98879;4.71503;2024-09-13 11:45:00
202400008323.0;3;30;30004;1;1;2.0;2.0;43.73238918;4.19218816;2024-04-26 03:44:00
202400008324.0;1;62;62041;2;6;1.0;3.0;50.2972;2.76955;2024-08-04 10:10:00
202400008325.0;1;69;69199;2;1;2.0;3.0;45.71424539;4.85492706;2024-09-12 11:30:00
202400008326.0;5;987;98738;2;3;1.0;1.0;-17.638869;-149.609091;2024-11-25 21:15:00
202400008327.0;3;30;30169;1;1;1.0;2.0;43.78696607;4.29790461;2024-04-26 01:06:00
202400008328.0;1;73;73065;1;1;1.0;6.0;45.60704166;5.88963479;2024-11-27 12:45:00
202400008329.0;1;66;66136;2;3;1.0;6.0;42.73515;2.89754;2024-09-13 07:37:00
202400008330.0;3;972;97230;1;1;1.0;3.0;14.730435;-60.965281;2024-04-26 03:55:00
202400008331.0;1;59;59599;2;2;1.0;6.0;50.730497;3.139982;2024-08-08 06:45:00
202400008332.0;3;971;97116;1;1;1.0;2.0;16.314682;-61.48417;2024-11-26 19:40:00
202400008333.0;1;972;97224;2;9;1.0;6.0;14.672772;-61.033773;2024-04-25 16:20:00
202400008334.0;1;64;64483;1;1;1.0;3.0;43.4047;-1.6025;2024-09-13 12:35:00
202400008335.0;1;57;57672;2;1;1.0;6.0;49.360807;6.170663;2024-08-06 10:10:00
202400008336.0;2;33;33527;2;8;1.0;3.0;44.634135;-1.028574;2024-04-23 07:00:00
202400008337.0;5;64;64445;2;9;1.0;6.0;43.31654;-0.36092;2024-09-13 20:23:00
202400008338.0;3;77;77091;1;1;1.0;6.0;48.740342;2.85696;2024-11-27 05:35:00
202400008339.0;1;56;56260;2;1;1.0;3.0;47.65959;-2.77375;2024-08-07 07:51:00
202400008340.0;4;28;28039;2;1;1.0;6.0;48.43258;1.704467;2024-04-26 01:00:00
202400008341.0;3;56;56162;1;1;1.0;6.0;47.7223;-3.45666;2024-08-08 00:31:00
202400008342.0;1;64;64445;2;2;1.0;3.0;43.31917;-0.3675;2024-09-13 15:45:00
202400008343.0;2;45;45028;2;3;1.0;3.0;47.780091;1.624295;2024-04-22 06:15:00
202400008344.0;1;34;34113;2;3;1.0;6.0;43.501422;3.715278;2024-11-26 11:35:00
202400008345.0;2;64;64284;2;9;1.0;6.0;43.27935;-0.38927;2024-09-13 08:35:00
202400008346.0;1;56;56121;2;3;1.0;3.0;47.73999;-3.3933;2024-08-06 20:35:00
202400008347.0;1;45;45028;2;1;1.0;6.0;47.78096;1.623627;2024-04-05 15:50:00
202400008348.0;1;13;13014;1;1;1.0;6.0;43.510433;5.129355;2024-04-25 13:00:00
202400008349.0;5;34;34213;2;3;1.0;6.0;43.487315;3.667288;2024-11-13 18:00:00
202400008350.0;1;56;56121;2;1;1.0;3.0;47.762407;-3.39352;2024-08-06 17:53:00
202400008351.0;1;63;63300;1;3;1.0;2.0;45.90169925;3.09239485;2024-09-12 08:15:00
202400008352.0;1;13;13086;1;1;8.0;1.0;43.356842;5.609722;2024-04-26 15:45:00
202400008353.0;1;68;68154;2;1;1.0;1.0;47.775171;7.356436;2024-11-26 15:35:00
202400008354.0;1;56;56098;1;1;1.0;2.0;47.766047;-3.305152;2024-08-06 15:39:00
202400008355.0;1;88;88178;1;1;1.0;7.0;48.175931;6.393421;2024-04-25 18:40:00
202400008356.0;5;62;62548;1;6;1.0;7.0;50.94858141;1.96786603;2024-09-13 21:10:00
202400008357.0;1;67;67550;1;1;1.0;2.0;48.939301;7.733645;2024-10-28 16:15:00
202400008358.0;1;51;51172;2;7;1.0;3.0;49.21957;4.04138;2024-08-07 09:55:00
202400008359.0;1;73;73303;1;1;1.0;6.0;45.752163;6.445155;2024-04-26 17:40:00
202400008360.0;1;59;59350;2;1;1.0;2.0;50.61626;3.0743;2024-09-13 12:55:00
202400008361.0;1;51;51506;2;1;1.0;6.0;48.94887;4.3857;2024-08-08 14:40:00
202400008362.0;2;1;1376;2;6;5.0;3.0;45.820899;4.990081;2024-11-27 06:50:00
202400008363.0;5;59;59378;2;1;1.0;6.0;50.671;3.081;2024-09-13 02:35:00
202400008364.0;1;50;50218;2;1;1.0;6.0;48.8376877;-1.59008;2024-08-08 18:46:00
202400008365.0;1;35;35334;2;6;1.0;3.0;48.159881;-1.58672;2024-11-12 15:45:00
202400008366.0;2;33;33553;1;3;7.0;3.0;45.024916;-0.426279;2024-04-25 20:15:00
202400008367.0;1;59;59043;2;3;1.0;3.0;50.737608;2.738075;2024-09-13 10:00:00
202400008368.0;2;27;27422;1;1;1.0;7.0;49.214787;1.263041;2024-11-27 16:30:00
202400008369.0;1;33;33380;1;2;1.0;1.0;45.29089;-0.568797;2024-04-25 16:00:00
202400008370.0;1;49;49353;2;6;1.0;3.0;47.44077;-0.49863;2024-08-06 15:20:00
202400008371.0;1;13;13043;1;1;1.0;2.0;43.3819;5.2271;2024-11-26 09:20:00
202400008372.0;1;45;45234;2;1;1.0;6.0;47.897794;1.884131;2024-08-08 16:50:00
202400008373.0;1;50;50139;1;9;2.0;3.0;49.053852;-1.00482;2024-04-26 17:30:00
202400008374.0;3;13;13056;1;1;1.0;6.0;43.41192771;5.02527795;2024-11-25 04:55:00
202400008375.0;1;45;45208;2;3;1.0;3.0;48.00331;2.74129;2024-08-08 18:44:00
202400008376.0;3;83;83027;1;1;1.0;6.0;43.17283847;5.77007432;2024-11-26 04:15:00
202400008377.0;5;43;43157;2;1;1.0;7.0;45.04204468;3.88239831;2024-08-09 01:40:00
202400008378.0;3;60;60352;1;6;1.0;7.0;49.236543;1.809182;2024-04-26 01:00:00
202400008379.0;5;69;69389;2;1;1.0;4.0;45.76182642;4.80653338;2024-11-16 22:50:00
202400008380.0;1;13;13202;2;1;1.0;2.0;43.31336;5.36671;2024-04-21 15:50:00
202400008381.0;1;43;43046;1;1;1.0;1.0;45.06464501;3.90715152;2024-08-08 09:20:00
202400008382.0;2;67;67482;1;1;1.0;2.0;48.57146;7.72903;2024-11-25 07:05:00
202400008383.0;1;42;42095;2;2;1.0;6.0;45.38883;4.28583;2024-08-08 09:30:00
202400008384.0;1;33;33550;1;1;1.0;2.0;44.778617;-0.556497;2024-11-26 13:05:00
202400008385.0;1;69;69029;1;1;1.0;2.0;45.728;4.9058;2024-04-24 08:45:00
202400008386.0;1;38;38185;2;1;1.0;6.0;45.19058789;5.71571499;2024-08-08 08:30:00
202400008387.0;1;91;91645;1;1;1.0;2.0;48.75968;2.26918;2024-04-25 20:10:00
202400008388.0;1;91;91471;1;1;1.0;7.0;48.691405;2.19236;2024-04-25 15:32:00
202400008389.0;1;75;75114;1;1;1.0;2.0;48.81792411;2.33413771;2024-04-25 14:00:00
202400008390.0;4;35;35238;2;5;1.0;3.0;48.08367;-1.675;2024-08-07 00:15:00
202400008391.0;3;91;91659;1;1;1.0;5.0;48.57715;2.46422;2024-11-26 17:30:00
202400008392.0;1;77;77251;1;1;1.0;7.0;48.62522769;2.54038761;2024-11-26 11:45:00
202400008393.0;1;35;35281;2;1;1.0;2.0;48.09137;-1.70408;2024-08-08 20:15:00
202400008394.0;1;91;91589;1;1;1.0;2.0;48.6781;2.3365;2024-11-26 10:20:00
202400008395.0;1;35;35051;2;1;1.0;3.0;48.1092;-1.609;2024-08-08 12:50:00
202400008396.0;1;78;78640;1;1;1.0;7.0;48.77785;2.21612;2024-11-26 09:45:00
202400008397.0;1;35;35115;2;1;1.0;7.0;48.35082;-1.20413;2024-08-07 13:30:00
202400008398.0;5;34;34172;2;1;1.0;7.0;43.59167;3.87894;2024-08-08 02:58:00
202400008399.0;1;34;34129;2;6;1.0;3.0;43.576213;3.873608;2024-08-07 19:13:00
202400008400.0;3;95;95424;1;1;2.0;3.0;48.99145143;2.19160719;2024-11-26 18:30:00
202400008401.0;3;33;33065;1;1;1.0;6.0;44.80686;-0.5178;2024-08-08 00:10:00
202400008402.0;5;33;33529;2;1;1.0;6.0;44.61694;-1.20169;2024-08-08 02:16:00
202400008403.0;1;971;97113;1;1;1.0;1.0;16.21985;-61.4786;2024-02-06 13:05:00
202400008404.0;1;2A;2A004;2;1;1.0;6.0;41.93510154;8.7364161;2024-02-06 10:00:00
202400008405.0;1;26;26058;2;1;1.0;3.0;44.9553;4.89038;2024-08-07 14:05:00
202400008406.0;3;89;89024;1;1;1.0;3.0;47.78324;3.6146;2024-01-26 23:40:00
202400008407.0;1;25;25462;2;1;1.0;3.0;46.900027;6.336218;2024-08-06 11:36:00
202400008408.0;1;84;84031;2;9;1.0;3.0;44.05337;5.05035;2024-02-06 16:35:00
202400008409.0;1;25;25388;2;1;1.0;3.0;47.49808;6.80209;2024-08-08 19:55:00
202400008410.0;1;25;25056;2;1;1.0;6.0;47.22967;6.02471;2024-08-08 14:49:00
202400008411.0;1;83;83090;2;1;1.0;6.0;43.14874;5.84682;2024-02-05 13:15:00
202400008412.0;1;25;25056;2;3;7.0;3.0;47.245905;6.000887;2024-08-08 12:05:00
202400008413.0;1;83;83126;1;6;1.0;2.0;43.12071688;5.85264873;2024-01-27 14:50:00
202400008414.0;5;18;18279;2;1;1.0;6.0;47.232826;2.039638;2024-08-07 02:03:00
202400008415.0;5;80;80021;2;1;8.0;7.0;49.8852412;2.28046;2024-02-04 18:50:00
202400008416.0;1;14;14715;2;1;1.0;7.0;49.36418;0.08261;2024-08-07 12:45:00
202400008417.0;5;80;80021;2;3;2.0;6.0;49.9002;2.31587;2024-02-03 18:25:00
202400008418.0;1;14;14341;1;1;1.0;2.0;49.14662;-0.35879;2024-07-11 16:45:00
202400008419.0;1;13;13071;1;1;1.0;5.0;43.40832;5.31667;2024-08-07 14:20:00
202400008420.0;5;76;76540;2;3;1.0;3.0;49.4396761;1.0861311;2024-02-06 23:00:00
202400008421.0;5;76;76351;2;1;1.0;6.0;49.52063;0.11342;2024-02-06 06:50:00
202400008422.0;1;13;13071;2;1;1.0;2.0;43.40757;5.29619;2024-08-07 15:15:00
202400008423.0;5;13;13203;2;9;1.0;1.0;43.3;5.4;2024-08-08 20:00:00
202400008424.0;1;76;76026;1;3;1.0;2.0;49.8622885;1.11093585;2024-02-06 11:40:00
202400008425.0;1;13;13208;2;1;7.0;1.0;43.27202298;5.38277678;2024-08-07 15:10:00
202400008426.0;1;74;74012;2;9;1.0;1.0;46.19662;6.24694;2024-02-06 08:15:00
202400008427.0;1;12;12202;2;4;1.0;5.0;44.3551152;2.57942855;2024-07-18 10:00:00
202400008428.0;1;72;72181;2;6;1.0;3.0;48.01757;0.21884;2024-02-06 09:00:00
202400008429.0;1;12;12013;1;1;1.0;6.0;44.514895;2.23831;2024-08-05 17:10:00
202400008430.0;1;8;8480;1;1;1.0;7.0;49.73337658;4.73073798;2024-08-08 20:10:00
202400008431.0;1;72;72181;2;1;1.0;6.0;48.00813;0.18966;2024-02-05 08:09:00
202400008432.0;5;6;6088;2;1;1.0;3.0;43.691489;7.24785202;2024-08-08 21:15:00
202400008433.0;1;71;71076;2;3;1.0;3.0;46.79172;4.86793;2024-02-06 07:55:00
202400008434.0;1;6;6083;2;1;1.0;6.0;43.77757;7.49419;2024-08-08 10:15:00
202400008435.0;1;6;6069;2;1;1.0;6.0;43.65801;6.92697;2024-07-24 20:30:00
202400008436.0;1;69;69264;2;2;1.0;3.0;45.99444;4.71492;2024-02-06 11:05:00
202400008437.0;1;69;69013;1;1;5.0;7.0;46.01666066;4.70710539;2024-02-06 08:30:00
202400008438.0;1;5;5061;2;3;1.0;2.0;44.55113;6.05511;2024-08-08 18:40:00
202400008439.0;1;69;69264;2;6;1.0;7.0;45.98893;4.72714;2024-02-05 14:30:00
202400008440.0;5;75;75116;2;1;1.0;6.0;48.839637;2.254165;2024-08-08 00:10:00
202400008441.0;1;75;75118;2;1;1.0;2.0;48.900887;2.362974;2024-08-07 18:45:00
202400008442.0;2;69;69290;1;1;1.0;4.0;45.69048152;4.99027669;2024-02-05 18:00:00
202400008443.0;1;75;75120;2;1;1.0;2.0;48.866049;2.413204;2024-08-07 17:00:00
202400008444.0;1;65;65047;2;1;1.0;3.0;43.24161;0.09518;2024-02-06 16:25:00
202400008445.0;5;75;75114;2;1;1.0;3.0;48.816851;2.33621;2024-08-07 21:00:00
202400008446.0;1;64;64483;2;1;1.0;2.0;43.39864;-1.64004;2024-02-06 14:15:00
202400008447.0;5;64;64102;2;1;1.0;7.0;43.50432;-1.44644;2024-02-05 19:06:00
202400008448.0;1;75;75113;2;1;1.0;3.0;48.822313;2.380221;2024-08-07 13:10:00
202400008449.0;1;63;63113;2;1;1.0;6.0;45.76697;3.11793;2024-02-06 13:52:00
202400008450.0;1;75;75108;2;3;1.0;3.0;48.868712;2.301733;2024-08-07 10:46:00
202400008451.0;1;60;60159;2;1;1.0;6.0;49.40411;2.81086;2024-02-05 16:55:00
202400008452.0;1;75;75105;2;3;1.0;3.0;48.850282;2.344563;2024-08-08 08:50:00
202400008453.0;5;59;59599;2;1;1.0;6.0;50.725036;3.152477;2024-02-06 18:20:00
202400008454.0;1;75;75120;2;3;1.0;1.0;48.863997;2.391631;2024-08-08 19:00:00
202400008455.0;5;59;59457;2;3;1.0;3.0;50.66539;2.96878;2024-02-06 20:15:00
202400008456.0;2;75;75119;2;3;1.0;6.0;48.879198;2.392479;2024-08-08 20:20:00
202400008457.0;2;75;75119;2;2;1.0;1.0;48.886089;2.389887;2024-08-05 05:20:00
202400008458.0;1;59;59368;2;3;1.0;1.0;50.64652;3.08115;2024-02-06 10:00:00
202400008459.0;1;75;75117;2;3;1.0;2.0;48.898974;2.321744;2024-08-08 16:15:00
202400008460.0;1;57;57463;2;2;1.0;6.0;49.11215;6.21616;2024-02-06 12:05:00
202400008461.0;1;75;75115;2;3;1.0;2.0;48.836476;2.299195;2024-08-08 19:40:00
202400008462.0;3;69;69142;1;1;1.0;2.0;45.72634;4.81689;2024-11-10 01:30:00
202400008463.0;5;51;51454;2;2;1.0;3.0;49.23402;4.03973;2024-02-06 19:00:00
202400008464.0;1;75;75114;2;3;1.0;3.0;48.824678;2.326082;2024-08-08 13:30:00
202400008465.0;1;976;97610;2;1;1.0;3.0;-12.737261;45.154624;2024-11-07 16:40:00
202400008466.0;1;51;51172;1;1;1.0;5.0;49.21779;4.05785;2024-02-06 08:30:00
202400008467.0;1;75;75113;2;3;1.0;6.0;48.83734123;2.37388104;2024-08-08 10:10:00
202400008468.0;1;38;38544;2;9;1.0;6.0;45.52;4.87;2024-04-23 19:15:00
202400008469.0;4;49;49307;1;1;2.0;7.0;47.47424;-0.33571;2024-02-05 21:00:00
202400008470.0;5;75;75113;2;1;1.0;3.0;48.82549;2.38128;2024-08-07 05:40:00
202400008471.0;5;49;49007;2;1;8.0;6.0;47.44534;-0.54119;2024-02-05 07:20:00
202400008472.0;3;69;69299;1;1;1.0;6.0;45.71343;5.07077;2024-12-17 18:50:00
202400008473.0;1;75;75112;2;2;1.0;1.0;48.836222;2.402894;2024-08-07 18:40:00
202400008474.0;5;47;47001;2;1;1.0;3.0;44.18735;0.61802;2024-02-06 18:32:00
202400008475.0;1;75;75112;2;1;2.0;6.0;48.832383;2.399101;2024-08-07 08:30:00
202400008476.0;3;45;45004;1;1;8.0;3.0;47.97574;2.73978;2024-02-06 20:50:00
202400008477.0;1;62;62771;2;1;1.0;1.0;50.41978;2.86586;2024-09-30 10:15:00
202400008478.0;5;75;75110;2;2;1.0;3.0;48.875185;2.370351;2024-08-08 23:15:00
202400008479.0;3;972;97213;1;1;1.0;6.0;14.61799;-61.03087;2024-04-23 19:55:00
202400008480.0;5;44;44109;2;3;1.0;3.0;47.22470845;-1.60139258;2024-02-06 05:15:00
202400008481.0;5;75;75109;2;2;1.0;3.0;48.872515;2.337609;2024-08-08 00:30:00
202400008482.0;5;73;73008;2;9;1.0;6.0;45.69966;5.88956;2024-10-17 19:20:00
202400008483.0;1;75;75114;2;3;7.0;6.0;48.829;2.328;2024-08-08 15:25:00
202400008484.0;5;42;42187;2;1;1.0;3.0;46.03227995;4.07669834;2024-02-05 18:32:00
202400008485.0;1;73;73008;2;3;2.0;6.0;45.68809;5.91044;2024-10-08 12:01:00
202400008486.0;1;75;75104;2;2;1.0;2.0;48.8477;2.3654;2024-08-08 19:50:00
202400008487.0;5;36;36202;2;1;8.0;6.0;46.77584;1.64786;2024-02-06 07:15:00
202400008488.0;1;94;94067;2;1;1.0;3.0;48.83541017;2.41537401;2024-11-17 15:12:00
202400008489.0;1;94;94073;2;3;9.0;6.0;48.76584001;2.39809546;2024-08-08 17:10:00
202400008490.0;1;34;34032;2;3;1.0;3.0;43.33947;3.21559;2024-02-04 16:00:00
202400008491.0;5;83;83123;2;1;1.0;2.0;43.13967;5.7823;2024-12-05 23:20:00
202400008492.0;1;93;93073;2;2;1.0;3.0;48.94176237;2.58642912;2024-08-08 17:45:00
202400008493.0;1;33;33063;2;4;5.0;3.0;44.859;-0.5895;2024-02-06 09:00:00
202400008494.0;1;93;93078;2;2;1.0;3.0;48.95544689;2.54366934;2024-08-08 15:00:00
202400008495.0;1;37;37276;1;2;5.0;3.0;47.58226154;0.86151767;2024-12-28 10:59:00
202400008496.0;5;33;33063;2;1;1.0;2.0;44.8434;-0.55501;2024-02-05 20:30:00
202400008497.0;5;93;93046;2;1;1.0;6.0;48.912673;2.514442;2024-08-08 00:10:00
202400008498.0;5;77;77373;2;9;1.0;6.0;48.77703;2.59521;2024-11-17 01:21:00