Num_Acc;lum;departement;commune;agglomeration;intersection;meteo;type_collision;lat;long;date
202400008499.0;5;33;33063;2;3;1.0;6.0;44.814506;-0.553563;2024-02-05 06:00:00
202400008500.0;1;13;13210;2;2;1.0;2.0;43.26945797;5.42120778;2024-11-09 12:00:00
202400008501.0;1;93;93053;2;1;1.0;3.0;48.89174655;2.47099471;2024-08-08 07:10:00
202400008502.0;5;33;33009;2;3;1.0;3.0;44.65681;-1.17034;2024-02-06 20:35:00
202400008503.0;1;92;92078;1;1;1.0;2.0;48.93064617;2.3321414;2024-08-08 09:43:00
202400008504.0;5;94;94077;2;3;2.0;3.0;48.74092479;2.40833616;2024-11-18 17:20:00
202400008505.0;1;31;31555;1;1;1.0;2.0;43.55283;1.40854;2024-02-06 11:20:00
202400008506.0;1;92;92050;2;2;1.0;3.0;48.88670322;2.2096429;2024-08-07 08:55:00
202400008507.0;5;93;93073;2;1;2.0;1.0;48.96236817;2.55958378;2024-11-19 05:30:00
202400008508.0;1;92;92002;2;1;1.0;7.0;48.75241;2.30472;2024-08-08 14:15:00
202400008509.0;5;30;30189;2;3;1.0;1.0;43.82172998;4.38412428;2024-01-23 18:45:00
202400008510.0;1;30;30007;2;1;1.0;2.0;44.14576;4.09991;2024-02-06 12:10:00
202400008511.0;1;93;93032;2;3;3.0;5.0;48.86627802;2.56220541;2024-05-29 15:45:00
202400008512.0;3;51;51649;2;3;1.0;3.0;48.725174;4.584737;2024-08-08 21:35:00
202400008513.0;1;30;30243;2;3;1.0;3.0;44.06853;4.09698;2024-02-05 07:50:00
202400008514.0;1;51;51295;2;2;1.0;3.0;48.702401;4.539708;2024-07-29 11:25:00
202400008515.0;1;93;93032;2;3;1.0;2.0;48.88951;2.54524;2024-05-23 10:15:00
202400008516.0;5;987;98745;2;1;1.0;7.0;-16.635026;-151.491199;2024-12-31 23:45:00
202400008517.0;2;29;29232;2;1;1.0;4.0;47.97980774;-4.09718378;2024-02-06 18:00:00
202400008518.0;1;85;85223;1;1;1.0;5.0;46.58001;-1.1094;2024-08-08 18:10:00
202400008519.0;1;63;63001;2;7;1.0;2.0;46.021564;3.202267;2024-08-01 15:30:00
202400008520.0;1;18;18127;1;1;1.0;7.0;46.75121;2.20125;2024-07-23 07:20:00
202400008521.0;1;59;59553;2;6;1.0;1.0;50.600809;2.962975;2024-08-08 15:00:00
202400008522.0;1;26;26198;2;1;1.0;3.0;44.53435;4.74597;2024-02-06 15:55:00
202400008523.0;5;74;74010;2;1;2.0;6.0;45.9013;6.132;2024-11-19 17:55:00
202400008524.0;4;85;85082;2;1;1.0;3.0;46.876416;-0.901614;2024-08-09 04:30:00
202400008525.0;1;23;23096;2;1;1.0;6.0;46.17688;1.87566;2024-02-05 14:40:00
202400008526.0;3;85;85064;2;1;1.0;6.0;46.832747;-1.307353;2024-08-08 23:20:00
202400008527.0;1;75;75106;2;2;2.0;7.0;48.852839;2.337007;2024-11-19 09:38:00
202400008528.0;1;37;37123;1;1;1.0;6.0;47.344842;0.409455;2024-08-09 08:56:00
202400008529.0;2;22;22278;2;1;3.0;2.0;48.51849;-2.78269;2024-01-04 17:20:00
202400008530.0;1;75;75106;2;3;1.0;7.0;48.854075;2.331518;2024-11-18 14:00:00
202400008531.0;1;62;62630;1;1;1.0;1.0;50.30136854;2.54155951;2024-08-02 15:50:00
202400008532.0;3;17;17415;2;1;1.0;7.0;45.73386621;-0.62666671;2024-02-06 18:40:00
202400008533.0;1;62;62007;1;3;1.0;7.0;50.344071;2.650328;2024-08-07 19:45:00
202400008534.0;5;93;93051;2;1;2.0;4.0;48.84034;2.55286;2024-11-18 18:10:00
202400008535.0;2;13;13103;2;1;8.0;3.0;43.63962;5.09401;2024-02-06 07:45:00
202400008536.0;1;30;30034;2;1;1.0;7.0;43.752726;4.493006;2024-08-07 19:30:00
202400008537.0;5;93;93050;2;1;2.0;6.0;48.86176214;2.53021896;2024-11-18 19:05:00
202400008538.0;2;13;13056;2;3;1.0;1.0;43.39843;5.07106;2024-01-31 18:00:00
202400008539.0;1;56;56195;2;1;1.0;6.0;47.519762;-2.298385;2024-08-09 11:20:00
202400008540.0;1;27;27340;1;1;1.0;2.0;49.364426;0.825477;2024-07-05 16:25:00
202400008541.0;1;56;56087;2;1;1.0;7.0;47.592511;-2.845373;2024-08-08 15:30:00
202400008542.0;1;13;13214;2;1;1.0;3.0;43.32951;5.37484;2024-02-06 16:12:00
202400008543.0;5;971;97113;2;3;1.0;7.0;16.21799;-61.49073;2024-11-03 19:55:00
202400008544.0;1;2B;2B309;2;3;1.0;3.0;42.743301;9.457882;2024-08-09 07:45:00
202400008545.0;1;13;13211;2;3;1.0;3.0;43.28764669;5.46479916;2024-02-06 15:50:00
202400008546.0;1;80;80620;2;1;1.0;2.0;49.930688;2.937264;2024-08-09 18:00:00
202400008547.0;1;13;13214;2;1;1.0;3.0;43.33919956;5.37816195;2024-02-06 08:35:00
202400008548.0;5;82;82124;2;2;1.0;7.0;44.003508;1.298565;2024-02-12 19:45:00
202400008549.0;2;13;13047;1;1;1.0;7.0;43.55217688;5.01167536;2024-02-06 17:45:00
202400008550.0;1;82;82125;1;1;1.0;6.0;43.95325353;1.18758872;2024-08-09 09:20:00
202400008551.0;1;35;35319;1;4;1.0;3.0;48.02831053;-1.94182545;2024-12-26 11:50:00
202400008552.0;1;71;71428;1;1;1.0;6.0;46.204074;4.315811;2024-08-08 16:45:00
202400008553.0;5;6;6004;2;1;1.0;1.0;43.590183;7.110092;2024-02-06 20:20:00
202400008554.0;3;38;38455;1;1;1.0;7.0;45.635515;5.29173;2024-12-29 06:25:00
202400008555.0;3;89;89446;1;1;1.0;6.0;47.455509;3.713379;2024-08-09 03:50:00
202400008556.0;5;6;6004;2;1;1.0;1.0;43.579669;7.089601;2024-02-06 06:30:00
202400008557.0;1;61;61463;1;2;1.0;3.0;48.595167;-0.384009;2024-08-08 16:38:00
202400008558.0;1;75;75119;2;1;1.0;3.0;48.886182;2.37145;2024-02-06 15:20:00
202400008559.0;1;28;28092;1;1;1.0;5.0;48.338184;1.867493;2024-10-24 15:55:00
202400008560.0;3;76;76070;1;1;1.0;6.0;49.72756152;1.24074274;2024-11-24 18:00:00
202400008561.0;1;49;49347;1;2;1.0;1.0;47.626363;-0.450976;2024-08-09 11:46:00
202400008562.0;1;75;75118;2;3;1.0;6.0;48.889061;2.359897;2024-02-06 15:55:00
202400008563.0;4;63;63124;2;6;1.0;6.0;45.7464;3.21183;2024-08-24 01:15:00
202400008564.0;1;12;12270;1;1;7.0;6.0;44.347426;2.955102;2024-08-09 10:40:00
202400008565.0;1;75;75115;2;3;1.0;6.0;48.84157;2.318329;2024-02-06 16:00:00
202400008566.0;2;42;42323;2;8;1.0;6.0;45.565979;4.292994;2024-08-08 06:20:00
202400008567.0;1;34;34301;2;1;1.0;1.0;43.41206;3.68149;2024-10-02 13:00:00
202400008568.0;1;75;75115;2;3;1.0;6.0;48.841379;2.280969;2024-02-06 10:50:00
202400008569.0;1;42;42139;1;1;1.0;1.0;45.265146;4.371378;2024-08-08 17:20:00
202400008570.0;2;74;74010;2;6;1.0;1.0;45.921133;6.133285;2024-11-22 17:00:00
202400008571.0;1;75;75114;2;3;8.0;6.0;48.83585955;2.33773604;2024-02-05 09:55:00
202400008572.0;1;47;47310;1;1;1.0;1.0;44.37482339;0.34710627;2024-08-09 17:10:00
202400008573.0;3;74;74275;2;1;3.0;1.0;45.853158;6.214925;2024-11-19 19:15:00
202400008574.0;2;75;75114;2;2;1.0;6.0;48.837541;2.322937;2024-02-05 07:00:00
202400008575.0;5;74;74309;2;1;2.0;6.0;46.118006;6.037288;2024-11-20 06:25:00
202400008576.0;1;34;34237;2;1;7.0;6.0;43.502286;3.31623;2024-08-05 10:00:00
202400008577.0;1;75;75112;2;2;1.0;3.0;48.81723087;2.45876983;2024-02-06 09:30:00
202400008578.0;1;22;22264;1;1;1.0;3.0;48.746936;-3.208973;2024-08-07 18:30:00
202400008579.0;3;74;74262;1;3;1.0;4.0;46.133631;6.31256;2024-11-13 17:58:00
202400008580.0;5;94;94041;2;1;1.0;1.0;48.81909823;2.39880413;2024-02-05 22:48:00
202400008581.0;1;25;25403;1;1;1.0;1.0;47.026128;6.619692;2024-08-09 16:45:00
202400008582.0;2;74;74012;2;1;3.0;6.0;46.18595;6.24768;2024-11-19 08:05:00
202400008583.0;5;94;94073;2;1;2.0;3.0;48.76844;2.370512;2024-02-06 17:40:00
202400008584.0;1;25;25418;1;1;1.0;1.0;47.251322;6.191861;2024-08-08 11:20:00
202400008585.0;1;74;74008;2;3;1.0;3.0;46.19494;6.21792;2024-11-20 12:55:00
202400008586.0;1;94;94077;2;2;1.0;3.0;48.73741956;2.41921708;2024-02-06 08:40:00
202400008587.0;1;29;29185;2;1;2.0;6.0;48.686526;-4.167092;2024-08-08 14:00:00
202400008588.0;1;93;93078;2;6;1.0;2.0;48.96159;2.55597;2024-02-06 08:45:00
202400008589.0;3;74;74165;1;2;1.0;3.0;45.825971;5.974953;2024-11-20 07:15:00
202400008590.0;1;2;2666;1;1;1.0;1.0;49.698643;4.129786;2024-08-09 11:35:00
202400008591.0;3;74;74256;2;1;1.0;6.0;45.932502;6.63497;2024-11-15 18:35:00
202400008592.0;1;93;93055;2;2;1.0;3.0;48.90036;2.3953;2024-02-06 15:30:00
202400008593.0;2;15;15168;1;1;1.0;7.0;45.007717;3.205218;2024-08-08 19:00:00
202400008594.0;5;93;93013;2;3;1.0;3.0;48.93525685;2.42638738;2024-02-04 23:00:00
202400008595.0;2;74;74081;2;3;1.0;3.0;46.061498;6.56351;2024-11-14 17:09:00
202400008596.0;2;1;1196;1;3;1.0;6.0;46.355288;5.092308;2024-08-08 20:15:00
202400008597.0;1;93;93001;2;1;1.0;3.0;48.913594;2.393313;2024-02-06 15:00:00
202400008598.0;1;6;6090;2;1;1.0;7.0;43.593866;6.93004;2024-08-09 18:40:00
202400008599.0;3;74;74220;1;6;5.0;6.0;46.120994;6.269653;2024-11-10 05:30:00
202400008600.0;4;92;92078;2;3;1.0;3.0;48.92975428;2.32603133;2024-02-06 20:50:00
202400008601.0;1;14;14371;1;1;1.0;5.0;49.04558478;0.15374621;2024-08-07 19:00:00
202400008602.0;1;74;74267;2;1;1.0;7.0;45.848766;6.145898;2024-11-07 16:45:00
202400008603.0;5;92;92075;2;1;1.0;6.0;48.81645647;2.27528143;2024-02-05 22:32:00
202400008604.0;1;92;92048;2;1;1.0;7.0;48.81136;2.21056;2024-02-06 13:14:00
202400008605.0;3;14;14486;1;1;1.0;6.0;48.990761;-0.227065;2024-08-07 00:15:00
202400008606.0;5;92;92012;2;1;1.0;2.0;48.83102102;2.23486644;2024-02-06 00:25:00
202400008607.0;1;74;74148;1;1;1.0;1.0;45.796614;6.106381;2024-11-01 16:26:00
202400008608.0;3;14;14370;2;1;1.0;7.0;49.233812;-0.892431;2024-08-08 21:40:00
202400008609.0;5;94;94076;2;3;2.0;6.0;48.78536;2.37061;2024-11-18 17:25:00
202400008610.0;1;60;60009;1;1;1.0;5.0;49.384664;2.100534;2024-08-08 14:00:00
202400008611.0;1;92;92002;2;3;1.0;3.0;48.73617008;2.30239114;2024-02-06 08:01:00
202400008612.0;1;64;64405;2;1;1.0;6.0;43.346834;-0.26195;2024-08-09 16:00:00
202400008613.0;3;57;57433;1;6;9.0;7.0;49.220288;6.147838;2024-11-01 05:50:00
202400008614.0;2;71;71047;2;2;1.0;3.0;46.622622;3.775951;2024-02-06 18:28:00
202400008615.0;1;43;43111;1;1;1.0;6.0;44.87145;3.881543;2024-08-07 11:50:00
202400008616.0;1;10;10328;1;1;7.0;1.0;48.35431;4.265013;2024-08-08 15:40:00
202400008617.0;3;28;28161;1;1;1.0;2.0;48.257302;1.132195;2024-02-07 04:55:00
202400008618.0;1;13;13026;2;6;1.0;6.0;43.38985;5.16211;2024-11-25 10:50:00
202400008619.0;1;16;16295;1;1;1.0;7.0;45.81822;0.144732;2024-08-09 16:50:00
202400008620.0;1;51;51217;1;1;2.0;6.0;49.072488;3.648791;2024-02-07 12:50:00
202400008621.0;1;88;88484;1;1;2.0;6.0;48.115354;6.34542;2024-11-18 14:15:00
202400008622.0;1;7;7009;2;1;1.0;2.0;45.241647;4.793521;2024-08-09 18:35:00
202400008623.0;3;25;25020;1;1;2.0;5.0;47.491944;6.814825;2024-02-07 04:51:00
202400008624.0;5;88;88160;2;2;1.0;6.0;48.17293;6.44512;2024-11-12 19:32:00
202400008625.0;1;21;21399;1;2;1.0;3.0;47.21485;4.561609;2024-08-08 17:30:00
202400008626.0;1;62;62752;2;3;1.0;3.0;50.46190804;1.64956353;2024-02-04 15:45:00
202400008627.0;1;88;88349;2;1;4.0;1.0;48.158206;7.009031;2024-11-22 13:05:00
202400008628.0;3;85;85096;1;1;1.0;7.0;46.877854;-1.789742;2024-08-08 21:45:00
202400008629.0;1;68;68315;2;1;1.0;6.0;47.886877;7.230156;2024-01-24 11:25:00
202400008630.0;3;44;44129;1;1;1.0;7.0;47.418564;-2.043629;2024-02-05 19:50:00
202400008631.0;2;88;88165;2;1;1.0;3.0;48.351837;6.864614;2024-11-13 06:55:00
202400008632.0;1;37;37084;1;1;1.0;6.0;47.55300362;0.33986306;2024-08-09 12:20:00
202400008633.0;1;50;50137;1;1;2.0;1.0;48.865978;-1.202005;2024-02-07 11:20:00
202400008634.0;1;88;88521;1;1;1.0;3.0;48.323886;6.630614;2024-11-12 14:40:00
202400008635.0;1;37;37279;1;1;1.0;3.0;47.56176446;0.29711723;2024-08-09 15:15:00
202400008636.0;3;51;51227;1;1;6.0;6.0;48.90871105;4.36617191;2024-02-07 05:20:00
202400008637.0;1;62;62160;2;1;1.0;7.0;50.71301;1.59887;2024-08-02 11:35:00
202400008638.0;1;30;30248;2;2;1.0;2.0;43.99706;4.268494;2024-08-09 17:32:00
202400008639.0;3;59;59533;2;2;1.0;3.0;50.191376;3.405349;2024-02-06 06:45:00
202400008640.0;1;62;62160;2;1;1.0;6.0;50.72527387;1.60334176;2024-08-01 10:30:00
202400008641.0;1;18;18140;1;1;1.0;2.0;47.168156;1.994963;2024-08-09 08:20:00
202400008642.0;1;79;79062;2;1;1.0;7.0;46.817808;-0.6668;2024-02-06 17:10:00
202400008643.0;1;62;62160;2;3;1.0;1.0;50.72016;1.60159;2024-07-19 17:25:00
202400008644.0;1;6;6085;1;1;1.0;3.0;43.577919;6.983668;2024-08-08 15:05:00
202400008645.0;1;32;32107;1;1;1.0;1.0;43.906632;0.37388;2024-02-06 16:45:00
202400008646.0;1;59;59129;1;1;1.0;3.0;50.510206;3.194629;2024-09-28 16:15:00
202400008647.0;3;49;49125;2;2;1.0;6.0;47.187268;-0.27122;2024-02-06 22:20:00
202400008648.0;1;6;6029;1;1;1.0;2.0;43.559356;6.96471;2024-08-08 17:30:00
202400008649.0;1;73;73008;2;6;1.0;3.0;45.69429265;5.89993894;2024-07-20 10:05:00
202400008650.0;1;49;49228;1;2;1.0;3.0;47.488039;0.075215;2024-02-06 11:00:00
202400008651.0;1;21;21173;1;9;7.0;3.0;47.043165;4.888701;2024-08-09 15:18:00
202400008652.0;1;46;46264;1;1;1.0;1.0;44.57293663;1.38379823;2024-02-07 09:55:00
202400008653.0;1;30;30189;1;1;1.0;2.0;43.807453;4.336402;2024-08-02 17:10:00
202400008654.0;1;44;44067;1;1;1.0;3.0;47.637963;-1.850392;2024-02-06 13:26:00
202400008655.0;1;11;11202;1;1;7.0;6.0;42.921455;3.015683;2024-07-24 16:20:00
202400008656.0;3;17;17291;1;1;1.0;2.0;46.1761;-1.10627;2024-11-17 03:16:00
202400008657.0;1;31;31118;1;1;1.0;3.0;43.806953;1.404104;2024-02-07 12:30:00
202400008658.0;3;988;98808;1;1;1.0;1.0;-21.27895;165.62299;2024-08-08 20:35:00
202400008659.0;5;13;13208;2;1;1.0;7.0;43.2748;5.3999;2024-11-17 22:55:00
202400008660.0;3;38;38141;1;1;1.0;7.0;45.511787;5.229219;2024-02-05 22:00:00
202400008661.0;1;978;97801;2;1;1.0;3.0;18.084843;-63.076286;2024-03-04 17:30:00
202400008662.0;1;6;6038;2;1;1.0;1.0;43.678912;6.973747;2024-02-07 14:45:00
202400008663.0;5;13;13208;2;1;1.0;2.0;43.25109;5.38801;2024-07-05 00:12:00
202400008664.0;5;977;97701;1;6;1.0;3.0;17.904099;-62.848041;2024-08-09 05:10:00
202400008665.0;5;21;21603;2;1;1.0;6.0;47.492281;4.340342;2024-02-06 07:27:00
202400008666.0;3;977;97701;1;1;1.0;1.0;17.898238;-62.798603;2024-08-08 01:00:00
202400008667.0;1;40;40273;2;1;1.0;7.0;43.529175;-1.414195;2024-02-07 08:40:00
202400008668.0;1;75;75119;2;3;1.0;2.0;48.878268;2.398366;2024-11-19 12:45:00
202400008669.0;1;40;40044;1;1;1.0;1.0;43.554116;-1.303468;2024-02-06 15:30:00
202400008670.0;3;972;97224;2;1;3.0;1.0;14.670084;-61.035082;2024-08-09 00:45:00
202400008671.0;5;75;75109;2;7;2.0;6.0;48.871215;2.332411;2024-11-19 19:20:00
202400008672.0;1;29;29147;2;1;7.0;6.0;47.90339736;-3.58940433;2024-08-07 14:03:00
202400008673.0;1;30;30075;1;1;1.0;5.0;43.856223;4.24568;2024-02-02 08:50:00
202400008674.0;2;75;75109;2;3;2.0;3.0;48.883851;2.328654;2024-11-19 08:05:00
202400008675.0;1;77;77027;2;1;1.0;6.0;48.13749922;2.47747553;2024-08-08 15:50:00
202400008676.0;1;75;75109;2;7;2.0;3.0;48.883451;2.329891;2024-11-18 09:00:00
202400008677.0;3;80;80318;1;1;1.0;6.0;50.02641678;2.09877491;2024-01-21 06:00:00
202400008678.0;1;95;95690;1;1;1.0;7.0;49.07885625;1.81480396;2024-08-07 19:24:00
202400008679.0;1;75;75102;2;7;2.0;3.0;48.870447;2.332192;2024-11-18 15:47:00
202400008680.0;1;78;78206;1;1;1.0;3.0;48.951754;1.912828;2024-08-09 08:45:00
202400008681.0;5;94;94060;1;1;1.0;2.0;48.784176;2.565832;2024-11-17 19:25:00
202400008682.0;5;93;93047;2;1;2.0;2.0;48.89848233;2.55250774;2024-11-19 18:55:00
202400008683.0;1;34;34333;1;9;1.0;3.0;43.496347;3.792461;2024-02-06 14:40:00
202400008684.0;1;66;66180;1;9;1.0;2.0;42.78725455;3.00913811;2024-08-08 18:40:00
202400008685.0;1;973;97309;2;1;1.0;1.0;4.89527;-52.25946;2024-02-07 14:30:00
202400008686.0;3;59;59459;1;1;3.0;2.0;50.37386;3.47617;2024-11-16 23:55:00
202400008687.0;1;6;6085;1;1;1.0;3.0;43.6061487;7.000606;2024-02-07 11:00:00
202400008688.0;1;13;13014;1;1;1.0;3.0;43.518649;5.200288;2024-08-05 12:45:00
202400008689.0;5;25;25462;2;7;1.0;3.0;46.90536;6.35641;2024-11-16 18:00:00
202400008690.0;3;13;13062;1;1;1.0;7.0;43.420583;5.516013;2024-08-09 01:50:00
202400008691.0;1;6;6085;2;1;1.0;3.0;43.58233;6.997916;2024-02-06 07:45:00
202400008692.0;5;93;93029;2;2;1.0;2.0;48.91926;2.46038;2024-12-20 00:01:00
202400008693.0;3;971;97125;1;1;1.0;7.0;16.268918;-61.278037;2024-02-06 19:45:00
202400008694.0;1;63;63284;2;1;1.0;6.0;45.788157;3.267493;2024-08-08 11:30:00
202400008695.0;5;977;97701;2;9;1.0;3.0;17.897891;-62.849109;2024-02-06 19:10:00
202400008696.0;1;38;38003;1;1;1.0;1.0;45.327832;4.863167;2024-08-09 13:55:00
202400008697.0;1;85;85008;1;1;3.0;2.0;46.624684;-1.439665;2024-12-22 12:10:00
202400008698.0;4;9;9039;1;1;1.0;1.0;43.063407;1.881002;2024-08-08 23:10:00
202400008699.0;1;37;37056;1;2;1.0;5.0;47.31549988;0.40770733;2024-02-06 16:30:00
202400008700.0;1;48;48009;1;2;1.0;3.0;44.731878;3.29121;2024-12-20 16:20:00
202400008701.0;3;31;31433;2;1;1.0;2.0;43.52173197;1.39404725;2024-08-09 05:50:00
202400008702.0;2;34;34327;2;1;1.0;3.0;43.653854;3.966756;2024-02-05 06:45:00
202400008703.0;1;13;13041;2;6;1.0;3.0;43.462356;5.482674;2024-11-14 07:33:00
202400008704.0;1;40;40314;2;1;1.0;6.0;43.674402;-1.112108;2024-08-09 20:10:00
202400008705.0;1;30;30176;1;1;1.0;7.0;43.923515;3.580545;2024-10-23 16:20:00
202400008706.0;3;13;13066;1;4;1.0;3.0;43.863959;4.913249;2024-02-06 18:20:00
202400008707.0;1;33;33104;1;1;1.0;1.0;45.032402;-0.786606;2024-08-09 06:45:00
202400008708.0;4;93;93066;2;6;1.0;6.0;48.93594873;2.34286378;2024-12-09 19:10:00
202400008709.0;1;69;69116;2;3;1.0;1.0;45.805477;4.774139;2024-01-25 17:00:00
202400008710.0;1;85;85003;1;1;1.0;4.0;46.73059;-1.58166;2024-08-08 11:35:00
202400008711.0;5;93;93062;2;6;2.0;6.0;48.89928;2.51734;2024-11-18 17:30:00
202400008712.0;1;18;18264;1;1;1.0;7.0;47.430845;2.65955;2024-12-20 14:15:00
202400008713.0;1;50;50099;2;1;2.0;2.0;49.306869;-1.252519;2024-08-09 09:10:00
202400008714.0;1;22;22093;1;2;1.0;7.0;48.448006;-2.553731;2024-08-08 07:55:00
202400008715.0;1;21;21337;2;3;1.0;3.0;47.276791;5.384052;2024-12-18 13:45:00
202400008716.0;1;33;33114;1;1;1.0;4.0;45.102672;-0.380718;2024-02-01 15:00:00
202400008717.0;1;2;2684;2;3;1.0;6.0;49.914777;4.114104;2024-08-09 15:20:00
202400008718.0;5;33;33449;2;3;3.0;6.0;44.892632;-0.716068;2024-12-20 17:45:00
202400008719.0;1;33;33114;1;1;1.0;6.0;45.103486;-0.380638;2024-02-01 15:10:00
202400008720.0;1;62;62893;2;1;2.0;6.0;50.77771;1.61421;2024-07-15 15:50:00
202400008721.0;1;62;62206;1;1;2.0;6.0;50.43465557;1.69332427;2024-02-07 08:00:00
202400008722.0;2;13;13214;2;1;1.0;3.0;43.33813;5.37761;2024-02-06 17:50:00
202400008723.0;5;62;62893;2;2;1.0;3.0;50.76528;1.60842;2024-07-11 01:00:00
202400008724.0;1;13;13202;1;1;1.0;2.0;43.29495034;5.36321621;2024-02-05 07:31:00
202400008725.0;1;62;62643;2;2;1.0;3.0;50.7053;1.59097;2024-07-02 19:55:00
202400008726.0;3;13;13106;1;1;1.0;4.0;43.395;5.3505;2024-02-05 21:43:00
202400008727.0;5;62;62160;2;1;1.0;7.0;50.72732;1.60392;2024-06-27 23:15:00
202400008728.0;1;13;13071;1;1;1.0;3.0;43.40358;5.30885;2024-02-05 14:00:00
202400008729.0;1;84;84144;1;4;1.0;1.0;43.895357;5.548804;2024-09-14 17:25:00
202400008730.0;1;13;13215;2;1;1.0;2.0;43.36765;5.36087;2024-02-05 13:00:00
202400008731.0;1;84;84087;1;2;1.0;3.0;44.133;4.8;2024-09-14 10:00:00
202400008732.0;1;13;13117;1;1;1.0;4.0;43.432;5.25804;2024-02-05 13:00:00
202400008733.0;3;84;84022;1;1;1.0;6.0;44.284721;5.016879;2024-10-24 00:15:00
202400008734.0;1;84;84087;2;3;8.0;6.0;44.13432;4.83701;2024-10-16 16:40:00
202400008735.0;3;69;69297;1;1;5.0;5.0;45.58987088;4.79785427;2024-02-06 06:50:00
202400008736.0;3;91;91645;1;1;1.0;7.0;48.76007978;2.25655746;2024-02-06 19:14:00
202400008737.0;1;84;84137;2;9;1.0;6.0;44.242816;5.079632;2024-10-11 10:45:00
202400008738.0;1;91;91661;1;1;1.0;3.0;48.7085;2.2512;2024-02-06 16:18:00
202400008739.0;1;84;84040;1;9;1.0;6.0;44.22321;5.093182;2024-10-07 18:15:00
202400008740.0;1;84;84137;2;6;7.0;6.0;44.250975;5.061029;2024-10-05 09:40:00
202400008741.0;1;91;91161;1;1;1.0;4.0;48.6987;2.31324;2024-02-06 09:05:00
202400008742.0;1;84;84034;1;1;1.0;6.0;43.905105;4.948059;2024-10-04 13:47:00
202400008743.0;1;91;91086;1;1;1.0;2.0;48.623884;2.375942;2024-02-06 08:50:00
202400008744.0;1;75;75120;2;1;2.0;2.0;48.866962;2.413435;2024-11-19 10:10:00
202400008745.0;3;94;94034;1;1;1.0;2.0;48.75628517;2.33422052;2024-02-05 23:42:00
202400008746.0;1;2B;2B301;1;1;6.0;7.0;42.662273;9.133415;2024-09-28 16:00:00
202400008747.0;2;91;91064;1;1;1.0;3.0;48.7432426;2.18899644;2024-02-06 07:40:00
202400008748.0;1;2B;2B314;1;1;1.0;3.0;42.663157;9.155474;2024-09-15 15:20:00
202400008749.0;5;92;92051;1;1;1.0;6.0;48.88062384;2.27330471;2024-02-05 19:45:00
202400008750.0;1;2B;2B298;2;1;1.0;1.0;42.681225;9.303285;2024-09-15 11:00:00
202400008751.0;5;78;78431;1;1;2.0;2.0;48.943056;1.951105;2024-02-05 18:05:00
202400008752.0;1;2B;2B314;1;1;1.0;6.0;42.657507;9.231404;2024-09-12 14:15:00
202400008753.0;3;94;94028;1;1;2.0;2.0;48.79162094;2.44097743;2024-02-06 17:40:00
202400008754.0;5;84;84003;2;1;1.0;1.0;43.880194;5.39153;2024-07-28 00:10:00
202400008755.0;5;93;93048;2;1;8.0;6.0;48.86516905;2.43774676;2024-01-18 00:15:00
202400008756.0;4;94;94017;1;1;8.0;5.0;48.83044403;2.49190676;2024-02-06 07:30:00
202400008757.0;1;1;1249;2;1;1.0;5.0;45.860025;4.911034;2024-12-20 08:00:00
202400008758.0;5;988;98818;2;3;1.0;3.0;-22.27903;166.46262;2024-02-04 21:10:00
202400008759.0;1;69;69003;2;6;7.0;1.0;45.876867;4.835406;2024-10-27 09:30:00
202400008760.0;1;974;97409;1;1;1.0;4.0;-20.94191;55.64613;2024-02-05 16:45:00
202400008761.0;1;973;97302;1;1;1.0;2.0;4.90599;-52.32147;2024-02-05 16:00:00
202400008762.0;5;75;75107;2;2;2.0;3.0;48.856219;2.304837;2024-11-18 19:40:00
202400008763.0;1;972;97213;1;1;1.0;2.0;14.61787;-61.01859;2024-02-05 14:15:00
202400008764.0;1;75;75107;2;3;2.0;3.0;48.856802;2.33036;2024-11-18 11:40:00
202400008765.0;3;971;97101;2;1;1.0;4.0;16.25801;-61.51983;2024-02-03 21:10:00
202400008766.0;5;94;94041;2;3;2.0;6.0;48.81198;2.39735;2024-11-18 17:40:00
202400008767.0;5;971;97105;2;1;1.0;6.0;15.99432;-61.73092;2024-02-05 19:17:00
202400008768.0;3;34;34024;1;3;1.0;1.0;43.473189;3.692018;2024-12-04 18:15:00
202400008769.0;1;95;95585;2;1;1.0;6.0;48.99396;2.38192;2024-02-05 13:30:00
202400008770.0;1;95;95197;2;1;1.0;6.0;48.96056068;2.32640785;2024-11-17 15:00:00
202400008771.0;1;77;77449;2;1;1.0;6.0;48.84172;2.7765;2024-11-16 09:19:00
202400008772.0;2;87;87085;1;3;5.0;1.0;45.861726;1.163514;2024-02-04 07:58:00
202400008773.0;1;32;32013;2;7;1.0;7.0;43.64929;0.59106;2024-11-16 17:15:00
202400008774.0;1;87;87050;1;1;1.0;6.0;45.90566;1.20427;2024-02-02 15:58:00
202400008775.0;1;13;13056;2;3;7.0;6.0;43.4068;5.05109;2024-10-25 11:40:00
202400008776.0;1;87;87085;2;3;1.0;3.0;45.83782;1.26357;2024-02-02 09:04:00
202400008777.0;1;74;74116;1;1;1.0;2.0;46.06677226;6.28947571;2024-10-28 17:00:00
202400008778.0;5;74;74012;2;1;1.0;7.0;46.18755;6.23224;2024-11-12 19:37:00
202400008779.0;1;74;74010;1;1;1.0;7.0;45.90776;6.200345;2024-10-31 13:00:00
202400008780.0;5;86;86194;2;2;1.0;3.0;46.60168;0.324247;2024-02-04 04:50:00