Num_Acc;lum;departement;commune;agglomeration;intersection;meteo;type_collision;lat;long;date
202400008781.0;1;83;83126;2;3;1.0;3.0;43.0841656;5.86469972;2024-02-01 10:00:00
202400008782.0;1;74;74035;1;2;1.0;1.0;45.81416;5.950985;2024-11-02 14:55:00
202400008783.0;1;80;80001;2;1;1.0;6.0;50.10448;1.82931;2024-02-05 16:10:00
202400008784.0;1;74;74056;1;1;1.0;1.0;45.991793;6.926735;2024-10-31 12:40:00
202400008785.0;1;74;74027;1;1;1.0;7.0;45.89858;6.286175;2024-11-05 10:50:00
202400008786.0;5;74;74010;2;6;1.0;3.0;45.890068;6.114621;2024-10-31 18:15:00
202400008787.0;1;74;74225;2;1;1.0;1.0;45.844575;5.955116;2024-10-31 08:37:00
202400008788.0;5;77;77288;2;1;1.0;3.0;48.53598498;2.64965235;2024-02-05 19:35:00
202400008789.0;5;74;74211;2;2;1.0;3.0;46.1101;6.275355;2024-10-27 18:36:00
202400008790.0;1;77;77059;1;1;1.0;3.0;48.84973;2.6776;2024-02-05 11:40:00
202400008791.0;1;43;43157;2;9;8.0;7.0;45.05003;3.8994;2024-10-17 09:40:00
202400008792.0;3;43;43211;1;1;2.0;7.0;45.24781321;4.14056706;2024-10-17 04:45:00
202400008793.0;3;43;43162;1;1;6.0;6.0;45.18202624;4.050055;2024-10-12 20:45:00
202400008794.0;1;76;76322;2;3;1.0;6.0;49.40922;1.07056;2024-02-05 12:40:00
202400008795.0;1;43;43157;1;6;1.0;6.0;45.04984758;3.90353692;2024-10-11 15:45:00
202400008796.0;5;76;76351;2;2;2.0;1.0;49.48396;0.13107;2024-02-04 01:40:00
202400008797.0;1;2B;2B033;2;1;1.0;4.0;42.66855;9.44326;2024-09-30 16:20:00
202400008798.0;5;69;69256;2;1;1.0;1.0;45.78319427;4.93186129;2024-02-05 18:20:00
202400008799.0;1;2B;2B037;1;1;1.0;6.0;42.63021;9.43828;2024-09-27 16:14:00
202400008800.0;1;69;69264;2;1;1.0;6.0;45.9852;4.73867;2024-02-05 11:05:00
202400008801.0;1;50;50395;1;1;2.0;1.0;49.609076;-1.330376;2024-10-25 09:30:00
202400008802.0;2;69;69276;2;9;1.0;3.0;45.68227;4.86848;2024-02-04 17:25:00
202400008803.0;4;972;97213;2;1;1.0;6.0;14.59612;-60.98875;2024-08-30 20:45:00
202400008804.0;5;69;69199;2;1;1.0;3.0;45.71179;4.85977;2024-02-04 02:00:00
202400008805.0;1;67;67043;2;1;1.0;6.0;48.61143;7.75118;2024-02-03 11:40:00
202400008806.0;5;77;77018;2;1;1.0;3.0;48.85225;2.79496;2024-12-27 19:30:00
202400008807.0;1;64;64102;2;1;1.0;6.0;43.49018;-1.45311;2024-02-05 09:10:00
202400008808.0;5;974;97415;2;1;1.0;6.0;-21.048152;55.264637;2024-12-25 00:43:00
202400008809.0;5;64;64102;2;1;1.0;2.0;43.486;-1.475;2024-02-04 19:17:00
202400008810.0;1;26;26301;2;6;1.0;3.0;45.114723;4.963524;2024-12-18 15:20:00
202400008811.0;4;63;63113;2;1;1.0;6.0;45.79476;3.10915;2024-02-05 20:40:00
202400008812.0;1;85;85284;1;2;1.0;3.0;46.7911475;-1.8820309;2024-05-18 18:00:00
202400008813.0;1;63;63113;2;2;1.0;3.0;45.7701;3.08126;2024-02-05 13:59:00
202400008814.0;1;27;27103;2;1;1.0;6.0;49.35602;0.820262;2024-12-24 14:10:00
202400008815.0;1;91;91103;2;6;1.0;6.0;48.60911;2.31284;2024-08-21 18:45:00
202400008816.0;5;62;62667;2;2;2.0;3.0;50.71269987;1.58643258;2024-01-31 22:50:00
202400008817.0;5;91;91174;2;9;1.0;6.0;48.6155;2.456;2024-08-09 02:00:00
202400008818.0;1;59;59350;2;1;1.0;3.0;50.622484;3.053397;2024-02-05 18:40:00
202400008819.0;5;59;59350;2;2;8.0;3.0;50.63503;3.04015;2024-02-05 06:35:00
202400008820.0;3;50;50003;2;1;1.0;6.0;49.050311;-1.576083;2024-10-18 00:15:00
202400008821.0;1;52;52121;2;1;2.0;7.0;48.09901;5.13493;2024-02-03 16:30:00
202400008822.0;3;50;50209;1;1;2.0;6.0;49.615993;-1.43908;2024-10-16 05:50:00
202400008823.0;5;51;51573;2;1;1.0;3.0;49.2485;3.9946;2024-02-05 19:54:00
202400008824.0;1;57;57194;1;1;1.0;5.0;49.41922267;6.11029908;2024-06-24 16:24:00
202400008825.0;5;51;51454;2;1;2.0;1.0;49.28346;4.02262;2024-02-04 21:00:00
202400008826.0;5;93;93010;2;7;8.0;3.0;48.88914;2.47125;2024-12-24 17:40:00
202400008827.0;1;49;49007;2;1;1.0;3.0;47.44859;-0.53858;2024-02-02 16:37:00
202400008828.0;3;60;60288;1;1;5.0;6.0;49.56152;1.885357;2024-12-29 19:30:00
202400008829.0;5;37;37261;2;1;8.0;2.0;47.36153;0.70943;2024-02-05 18:00:00
202400008830.0;1;988;98812;1;9;1.0;2.0;-20.617763;164.333518;2024-12-27 09:30:00
202400008831.0;3;11;11145;1;1;6.0;6.0;43.198896;3.170832;2024-12-19 23:30:00
202400008832.0;2;37;37261;2;2;8.0;3.0;47.39341;0.67186;2024-02-04 18:10:00
202400008833.0;2;34;34129;2;1;1.0;6.0;43.58999;3.93416;2024-02-05 07:45:00
202400008834.0;1;42;42149;1;1;1.0;1.0;45.650517;4.222344;2024-12-27 11:30:00
202400008835.0;3;94;94073;1;1;2.0;6.0;48.75525081;2.38268699;2024-11-19 00:46:00
202400008836.0;1;31;31555;2;3;1.0;3.0;43.6059257;1.42815426;2024-02-05 16:20:00
202400008837.0;1;31;31555;2;1;1.0;6.0;43.60889;1.44634;2024-02-05 12:15:00
202400008838.0;3;91;91228;2;2;2.0;3.0;48.63113;2.42494;2024-05-30 22:10:00
202400008839.0;1;91;91228;2;1;1.0;6.0;48.62453;2.41963;2024-05-03 16:30:00
202400008840.0;1;29;29232;2;1;1.0;3.0;48.003833;-4.098403;2024-02-05 14:15:00
202400008841.0;1;91;91136;2;9;2.0;1.0;48.709916;2.264669;2024-04-28 08:50:00
202400008842.0;1;29;29019;2;7;1.0;3.0;48.39973;-4.497347;2024-02-05 16:05:00
202400008843.0;1;25;25462;2;1;1.0;3.0;46.90883;6.35537;2024-02-05 14:15:00
202400008844.0;1;91;91648;1;1;1.0;5.0;48.563232;2.35822;2024-04-24 19:50:00
202400008845.0;5;25;25462;2;2;1.0;6.0;46.90332;6.3555;2024-02-05 07:15:00
202400008846.0;3;38;38053;2;1;1.0;2.0;45.58257;5.29475;2024-08-31 23:15:00
202400008847.0;1;15;15014;2;1;7.0;2.0;44.9138;2.45528;2024-02-03 16:50:00
202400008848.0;1;38;38053;2;6;1.0;2.0;45.58566;5.26897;2024-08-27 08:50:00
202400008849.0;1;13;13215;2;1;1.0;3.0;43.32810767;5.36327977;2024-02-05 15:10:00
202400008850.0;5;74;74002;2;1;1.0;1.0;45.82019;6.033248;2024-10-26 03:11:00
202400008851.0;1;13;13203;2;1;1.0;6.0;43.30922065;5.37656959;2024-02-05 09:15:00
202400008852.0;1;74;74280;1;1;1.0;3.0;45.895642;6.301013;2024-10-25 15:56:00
202400008853.0;1;13;13005;2;6;1.0;6.0;43.29606;5.59547;2024-02-05 16:20:00
202400008854.0;5;74;74243;1;1;1.0;7.0;46.13280075;6.09864861;2024-10-25 21:45:00
202400008855.0;5;10;10387;2;6;1.0;3.0;48.29073;4.08782;2024-02-05 04:52:00
202400008856.0;1;74;74010;2;1;1.0;1.0;45.887783;6.102632;2024-10-24 12:15:00
202400008857.0;1;74;74108;2;1;1.0;6.0;45.827599;6.200355;2024-10-24 08:45:00
202400008858.0;5;6;6088;2;2;1.0;3.0;43.70222;7.26577;2024-02-05 20:50:00
202400008859.0;1;74;74056;2;1;1.0;6.0;45.909025;6.843416;2024-10-24 10:20:00
202400008860.0;1;5;5061;1;1;1.0;7.0;44.58130585;6.08129203;2024-02-05 12:50:00
202400008861.0;3;74;74250;1;1;1.0;4.0;46.07521;6.38019;2024-10-21 19:40:00
202400008862.0;1;5;5061;2;6;1.0;3.0;44.5655;6.09248;2024-01-23 16:25:00
202400008863.0;2;74;74118;1;1;2.0;4.0;46.17723;6.23563;2024-10-17 07:07:00
202400008864.0;5;75;75106;2;2;1.0;6.0;48.85276;2.343818;2024-02-05 19:15:00
202400008865.0;1;74;74185;1;3;1.0;3.0;46.163912;6.236671;2024-10-21 16:20:00
202400008866.0;1;75;75112;2;1;1.0;2.0;48.829235;2.41994;2024-02-05 14:55:00
202400008867.0;1;74;74010;1;1;1.0;1.0;45.867403;6.072543;2024-10-14 17:30:00
202400008868.0;1;75;75111;2;3;1.0;3.0;48.859155;2.379477;2024-02-05 09:30:00
202400008869.0;3;74;74295;1;1;8.0;1.0;46.314183;6.6101;2024-10-13 20:30:00
202400008870.0;1;75;75110;2;4;1.0;6.0;48.87329666;2.35873595;2024-02-05 08:15:00
202400008871.0;4;74;74262;1;1;5.0;2.0;46.1321;6.32121;2024-10-12 03:20:00
202400008872.0;5;75;75107;2;2;1.0;3.0;48.861051;2.313239;2024-02-05 06:56:00
202400008873.0;5;94;94067;2;3;1.0;2.0;48.845987;2.422832;2024-02-05 01:30:00
202400008874.0;3;74;74282;1;1;1.0;1.0;46.03705215;6.24124098;2024-10-05 01:00:00
202400008875.0;1;94;94046;2;1;1.0;6.0;48.814959;2.424102;2024-02-05 17:06:00
202400008876.0;1;74;74173;2;1;2.0;6.0;45.858138;6.61296;2024-09-01 16:00:00
202400008877.0;1;94;94019;2;1;1.0;3.0;48.803738;2.539396;2024-02-04 14:40:00
202400008878.0;5;68;68166;2;5;2.0;3.0;47.78857909;7.31005431;2024-12-04 19:10:00
202400008879.0;2;93;93078;2;1;2.0;3.0;48.963346;2.534763;2024-02-04 07:00:00
202400008880.0;1;46;46042;2;1;1.0;6.0;44.44921;1.44561;2024-12-05 13:55:00
202400008881.0;1;93;93064;2;2;1.0;3.0;48.87073286;2.50115561;2024-02-05 17:00:00
202400008882.0;1;93;93013;2;3;1.0;3.0;48.93686;2.43165;2024-02-05 08:50:00
202400008883.0;1;94;94046;2;2;1.0;3.0;48.81146;2.43749;2024-01-13 09:30:00
202400008884.0;1;38;38175;2;1;1.0;6.0;45.272236;5.921057;2024-12-20 11:30:00
202400008885.0;1;93;93027;2;2;2.0;3.0;48.9244;2.40165;2024-02-03 10:42:00
202400008886.0;1;34;34077;2;3;1.0;3.0;43.651754;3.897539;2024-11-28 17:00:00
202400008887.0;5;93;93008;2;1;2.0;7.0;48.908499;2.451632;2024-02-04 06:10:00
202400008888.0;1;972;97213;1;1;1.0;4.0;14.61987;-61.00579;2024-06-15 16:40:00
202400008889.0;1;92;92012;2;9;1.0;3.0;48.8441;2.24976;2024-02-05 07:55:00
202400008890.0;3;972;97213;1;1;1.0;3.0;14.59928;-60.99885;2024-06-15 21:30:00
202400008891.0;1;972;97213;2;6;1.0;2.0;14.62375;-60.9879;2024-06-20 10:35:00
202400008892.0;5;972;97213;1;1;1.0;1.0;14.64805;-61.01054;2024-06-23 03:29:00
202400008893.0;1;972;97213;1;1;1.0;1.0;14.65561;-60.98609;2024-06-11 07:55:00
202400008894.0;5;972;97213;2;6;1.0;6.0;14.6222;-61.006552;2024-06-07 02:20:00
202400008895.0;1;59;59305;1;1;1.0;2.0;50.88778;2.51287;2024-06-08 08:00:00
202400008896.0;1;43;43040;2;1;1.0;6.0;45.315122;3.374943;2024-09-20 16:15:00
202400008897.0;3;2;2359;1;1;5.0;6.0;49.812486;3.288656;2024-12-28 17:50:00
202400008898.0;1;73;73151;1;3;7.0;1.0;45.50261981;6.03810489;2024-10-27 16:15:00
202400008899.0;1;73;73213;1;1;1.0;6.0;45.55539705;5.95339887;2024-10-26 14:05:00
202400008900.0;1;84;84089;1;2;1.0;4.0;43.706546;5.504943;2024-06-22 10:25:00
202400008901.0;1;84;84086;1;9;1.0;4.0;43.86235;5.177414;2024-09-27 17:30:00
202400008902.0;1;19;19058;1;1;8.0;6.0;45.484526;2.153374;2024-10-25 17:00:00
202400008903.0;3;19;19274;2;1;5.0;2.0;45.163801;1.481577;2024-11-06 04:00:00
202400008904.0;1;19;19106;1;3;1.0;7.0;45.305074;2.14073;2024-10-24 16:35:00
202400008905.0;1;19;19228;2;9;1.0;3.0;45.32462105;2.20503151;2024-08-05 17:35:00
202400008906.0;5;42;42218;2;1;8.0;5.0;45.441;4.40359;2024-11-11 18:30:00
202400008907.0;1;68;68149;1;6;1.0;2.0;47.60045598;7.58401206;2024-11-29 16:00:00
202400008908.0;1;33;33281;1;3;1.0;6.0;44.84662;-0.72067;2024-08-22 21:10:00
202400008909.0;1;27;27082;1;1;1.0;1.0;49.002266;1.051083;2024-08-28 13:00:00
202400008910.0;1;77;77111;2;1;1.0;2.0;48.85562;2.77036;2024-12-16 12:30:00
202400008911.0;1;45;45075;2;1;1.0;3.0;47.90032;1.8534;2024-12-09 11:50:00
202400008912.0;1;28;28033;2;2;1.0;7.0;48.506412;1.057917;2024-09-13 17:45:00
202400008913.0;2;84;84031;2;1;1.0;2.0;44.05333;5.06498;2024-08-22 21:00:00
202400008914.0;1;84;84015;1;1;1.0;3.0;44.179865;5.247002;2024-07-11 15:45:00
202400008915.0;1;78;78621;2;1;1.0;2.0;48.774415;2.006524;2024-06-03 16:15:00
202400008916.0;5;77;77216;2;3;8.0;2.0;48.313;2.68321;2024-06-02 05:25:00
202400008917.0;1;77;77186;1;6;1.0;3.0;48.408264;2.686843;2024-06-03 11:39:00
202400008918.0;1;76;76575;2;3;1.0;3.0;49.39859;1.06705;2024-06-02 13:00:00
202400008919.0;2;76;76351;2;2;1.0;7.0;49.507134;0.175;2024-06-02 21:50:00
202400008920.0;4;76;76341;2;1;1.0;7.0;49.5051;0.20481;2024-06-03 02:30:00
202400008921.0;5;76;76351;2;6;1.0;7.0;49.4914;0.1325;2024-06-01 03:05:00
202400008922.0;1;74;74012;2;1;1.0;2.0;46.18462;6.24694;2024-06-03 11:25:00
202400008923.0;1;73;73065;2;2;1.0;3.0;45.56743;5.93758;2024-05-10 17:35:00
202400008924.0;1;72;72181;1;9;1.0;3.0;48.02966;0.18386;2024-06-01 14:40:00
202400008925.0;1;71;71540;2;9;1.0;2.0;46.76649;4.44725;2024-06-03 08:15:00
202400008926.0;1;64;64445;2;2;1.0;1.0;43.30328;-0.37844;2024-06-03 10:10:00
202400008927.0;1;64;64445;2;1;7.0;6.0;43.30021;-0.36763;2024-06-03 08:50:00
202400008928.0;1;64;64445;2;1;1.0;6.0;43.3184911;-0.34581453;2024-06-02 11:10:00
202400008929.0;5;64;64122;2;1;1.0;6.0;43.46431108;-1.54262692;2024-05-18 00:39:00
202400008930.0;1;64;64122;2;3;1.0;3.0;43.48657;-1.54325;2024-06-02 13:10:00
202400008931.0;1;62;62065;2;1;1.0;7.0;50.39036;2.831093;2024-05-11 20:55:00
202400008932.0;1;62;62193;2;1;1.0;2.0;50.94701;1.92077;2024-06-03 18:25:00
202400008933.0;1;59;59599;2;1;1.0;6.0;50.71687258;3.15854565;2024-06-03 08:20:00
202400008934.0;1;59;59350;2;1;1.0;5.0;50.62301;3.09871;2024-05-25 17:50:00
202400008935.0;1;51;51454;2;1;1.0;3.0;49.25194;4.06337;2024-06-03 12:40:00
202400008936.0;1;51;51454;2;3;1.0;2.0;49.26836;4.06885;2024-06-03 14:30:00
202400008937.0;1;51;51454;2;3;1.0;3.0;49.25908;4.00964;2024-06-03 12:15:00
202400008938.0;1;51;51058;2;1;2.0;6.0;49.22564;4.00517;2024-06-02 09:20:00
202400008939.0;1;50;50147;1;1;1.0;1.0;49.0570515;-1.4615149;2024-06-02 12:35:00
202400008940.0;1;46;46042;1;1;2.0;3.0;44.47374;1.4326;2024-06-01 13:38:00
202400008941.0;3;45;45068;1;1;1.0;6.0;48.025955;2.740759;2024-06-04 01:30:00
202400008942.0;1;44;44109;2;6;1.0;6.0;47.22964973;-1.57215761;2024-06-03 16:40:00
202400008943.0;1;43;43089;2;1;1.0;7.0;45.04625;3.86578;2024-06-03 12:30:00
202400008944.0;5;42;42218;2;2;1.0;3.0;45.4416;4.3789;2024-05-11 23:23:00
202400008945.0;1;37;37122;2;1;1.0;3.0;47.34671;0.65846;2024-06-03 08:00:00
202400008946.0;1;35;35238;2;6;7.0;3.0;48.0895;-1.68262;2024-06-03 10:25:00
202400008947.0;1;34;34032;1;2;1.0;2.0;43.33444;3.1646;2024-06-02 13:45:00
202400008948.0;1;33;33281;2;1;1.0;2.0;44.82997;-0.65995;2024-06-03 13:50:00
202400008949.0;1;33;33318;2;1;1.0;2.0;44.7854;-0.6824;2024-06-03 12:05:00
202400008950.0;1;33;33529;2;1;1.0;6.0;44.6393;-1.1546;2024-06-03 13:45:00
202400008951.0;3;31;31555;2;1;1.0;3.0;43.5803847;1.39474131;2024-06-03 23:35:00
202400008952.0;1;31;31069;2;1;1.0;2.0;43.647975;1.375703;2024-06-03 18:00:00
202400008953.0;1;31;31555;2;1;1.0;3.0;43.56361316;1.42506081;2024-06-03 07:20:00
202400008954.0;1;30;30007;2;1;1.0;1.0;44.10712;4.09641;2024-06-03 10:20:00
202400008955.0;1;28;28134;2;1;1.0;6.0;48.73253;1.36489;2024-06-03 10:25:00
202400008956.0;1;27;27229;2;2;1.0;3.0;49.02754;1.1553;2024-06-03 16:30:00
202400008957.0;1;27;27229;2;1;1.0;3.0;49.02272;1.14867;2024-06-03 15:25:00
202400008958.0;1;17;17300;2;3;1.0;6.0;46.16267;-1.16073;2024-06-03 12:22:00
202400008959.0;1;16;16358;2;6;1.0;3.0;45.67307;0.12567;2024-06-03 18:20:00
202400008960.0;1;15;15012;2;1;1.0;2.0;44.90201;2.45782;2024-06-01 17:20:00
202400008961.0;1;13;13117;1;3;1.0;3.0;43.42723;5.23544;2024-06-03 13:05:00
202400008962.0;1;13;13205;2;2;1.0;3.0;43.28713461;5.39175693;2024-06-03 11:40:00
202400008963.0;1;13;13208;2;1;1.0;3.0;43.26875575;5.38547695;2024-06-03 12:00:00
202400008964.0;1;13;13047;2;6;1.0;3.0;43.49909;4.98624;2024-06-03 18:50:00
202400008965.0;1;7;7281;2;1;1.0;3.0;44.94542;4.84292;2024-06-03 17:30:00
202400008966.0;1;6;6088;2;1;1.0;6.0;43.72477;7.2570451;2024-06-03 07:26:00
202400008967.0;1;3;3185;2;2;1.0;3.0;46.33842;2.57445;2024-06-03 09:20:00
202400008968.0;1;1;1053;2;3;1.0;3.0;46.20791;5.22428;2024-06-03 10:10:00
202400008969.0;5;75;75116;2;1;1.0;7.0;48.87705;2.279356;2024-06-02 22:00:00
202400008970.0;1;75;75120;2;3;1.0;6.0;48.868673;2.389643;2024-06-03 10:10:00
202400008971.0;1;75;75120;2;3;1.0;6.0;48.851572;2.399522;2024-06-03 08:50:00
202400008972.0;5;75;75114;2;2;2.0;3.0;48.822661;2.314846;2024-06-01 22:17:00
202400008973.0;1;75;75120;2;5;2.0;6.0;48.856275;2.404894;2024-06-01 10:12:00
202400008974.0;1;75;75110;2;4;1.0;6.0;48.882406;2.369134;2024-06-03 15:25:00
202400008975.0;1;75;75109;2;3;1.0;1.0;48.878989;2.329588;2024-06-03 12:55:00
202400008976.0;1;75;75107;2;3;1.0;6.0;48.859907;2.296742;2024-06-03 15:02:00
202400008977.0;1;75;75115;2;1;1.0;3.0;48.829341;2.294969;2024-06-03 08:45:00
202400008978.0;1;75;75101;2;2;1.0;2.0;48.867444;2.326212;2024-06-03 19:15:00
202400008979.0;5;94;94067;2;2;1.0;3.0;48.84591;2.42369;2024-06-02 02:50:00
202400008980.0;1;94;94068;2;2;1.0;3.0;48.79246;2.49153;2024-06-03 07:30:00
202400008981.0;1;94;94041;2;2;1.0;6.0;48.81308;2.37082;2024-06-03 14:25:00
202400008982.0;1;94;94076;2;1;1.0;6.0;48.796529;2.354644;2024-06-02 21:17:00
202400008983.0;1;94;94019;2;6;1.0;6.0;48.8047203;2.55413774;2024-06-03 15:30:00
202400008984.0;1;52;52093;1;1;1.0;6.0;47.79781344;5.41897894;2024-10-20 15:15:00
202400008985.0;1;94;94075;2;3;1.0;5.0;48.73429828;2.52032161;2024-06-03 11:10:00
202400008986.0;3;88;88116;1;1;2.0;7.0;47.938319;6.82664;2024-10-16 20:14:00
202400008987.0;1;93;93062;2;2;1.0;3.0;48.89701;2.52304;2024-06-03 09:00:00
202400008988.0;5;93;93057;2;2;1.0;3.0;48.912472;2.505736;2024-06-02 21:40:00
202400008989.0;3;95;95678;1;1;2.0;6.0;49.07329;2.241898;2024-10-20 03:30:00
202400008990.0;1;93;93001;2;3;1.0;3.0;48.903563;2.389723;2024-06-02 20:19:00
202400008991.0;1;973;97309;2;1;1.0;6.0;4.925293;-52.286167;2024-10-20 10:15:00
202400008992.0;1;92;92046;2;1;1.0;6.0;48.81402;2.28707;2024-06-03 18:40:00
202400008993.0;1;92;92064;2;9;1.0;2.0;48.84144351;2.22123814;2024-06-03 15:30:00
202400008994.0;1;987;98715;2;1;1.0;3.0;-17.564586;-149.612178;2024-10-19 05:30:00
202400008995.0;1;92;92050;2;2;1.0;3.0;48.89012471;2.18063687;2024-06-03 21:20:00
202400008996.0;5;92;92051;2;1;1.0;6.0;48.88698365;2.26478049;2024-06-03 02:30:00
202400008997.0;3;69;69027;2;3;1.0;6.0;45.680302;4.768238;2024-10-19 21:45:00
202400008998.0;1;92;92050;2;3;1.0;3.0;48.88574;2.20106;2024-06-03 18:30:00
202400008999.0;1;92;92023;2;1;1.0;6.0;48.78430712;2.24109507;2024-06-03 11:01:00
202400009000.0;1;72;72175;1;3;1.0;7.0;47.707231;0.093609;2024-10-19 11:45:00
202400009001.0;1;92;92007;2;1;1.0;6.0;48.80540431;2.32367098;2024-06-03 14:50:00
202400009002.0;1;971;97125;2;1;1.0;2.0;16.262326;-61.28545;2024-10-16 09:00:00
202400009003.0;1;50;50027;1;2;8.0;3.0;48.692968;-1.441306;2024-06-04 18:40:00
202400009004.0;2;6;6054;1;1;1.0;6.0;43.764508;7.323745;2024-06-04 05:30:00
202400009005.0;1;33;33199;2;1;1.0;1.0;44.62439;-1.065897;2024-10-20 15:00:00
202400009006.0;1;95;95480;2;1;1.0;6.0;49.10975927;2.2063714;2024-06-04 15:34:00
202400009007.0;3;91;91671;2;1;2.0;6.0;48.457729;2.26173;2024-10-19 01:30:00
202400009008.0;1;95;95052;2;9;1.0;6.0;49.14441853;2.28575268;2024-06-04 13:40:00
202400009009.0;1;66;66171;2;1;1.0;3.0;42.62901;3.033702;2024-10-20 14:30:00
202400009010.0;1;49;49188;1;1;1.0;7.0;47.574702;-0.322874;2024-06-03 13:30:00
202400009011.0;3;66;66037;1;1;1.0;6.0;42.706533;2.988957;2024-10-19 22:00:00
202400009012.0;1;63;63349;1;1;5.0;3.0;45.94562;2.869905;2024-06-03 10:45:00
202400009013.0;3;34;34067;1;1;2.0;6.0;43.915153;3.702039;2024-10-19 07:10:00
202400009014.0;1;62;62166;1;1;1.0;3.0;50.45563669;2.39007065;2024-06-03 15:20:00
202400009015.0;1;83;83018;1;1;1.0;6.0;43.33514587;6.17702355;2024-06-04 07:15:00
202400009016.0;1;5;5038;1;1;2.0;6.0;44.71925446;6.76142514;2024-10-19 16:21:00
202400009017.0;1;4;4197;2;1;1.0;6.0;43.789243;5.771792;2024-10-20 12:00:00
202400009018.0;1;30;30047;1;3;1.0;2.0;43.795098;4.422442;2024-06-03 14:30:00
202400009019.0;1;3;3187;1;1;1.0;6.0;46.347935;3.452625;2024-10-20 09:00:00
202400009020.0;1;56;56158;1;6;1.0;3.0;47.699838;-2.796106;2024-06-04 09:45:00
202400009021.0;1;77;77239;1;2;1.0;3.0;48.655636;3.14945;2024-06-03 10:15:00
202400009022.0;4;61;61211;2;1;1.0;6.0;48.542423;-0.578665;2024-05-15 23:50:00
202400009023.0;1;1;1396;1;1;1.0;5.0;45.872277;5.385801;2024-10-20 14:05:00
202400009024.0;1;55;55010;1;1;1.0;6.0;48.64269;5.021476;2024-06-04 20:00:00
202400009025.0;1;49;49167;1;1;1.0;1.0;47.403534;-0.500146;2024-06-03 18:10:00
202400009026.0;1;17;17308;2;2;1.0;4.0;45.871377;-0.960083;2024-10-19 15:25:00
202400009027.0;2;25;25620;1;1;2.0;1.0;47.008648;6.480476;2024-06-03 20:28:00
202400009028.0;1;25;25482;1;1;1.0;6.0;47.26792;5.836685;2024-06-04 12:50:00
202400009029.0;3;40;40244;1;1;2.0;6.0;43.703444;-1.17794;2024-10-18 23:30:00
202400009030.0;3;24;24382;1;1;1.0;6.0;44.841276;0.667167;2024-10-20 06:30:00
202400009031.0;1;44;44092;2;1;1.0;4.0;47.671984;-1.912522;2024-06-02 15:50:00
202400009032.0;1;7;7010;1;3;7.0;3.0;45.26298899;4.6672073;2024-06-03 16:45:00
202400009033.0;5;40;40267;2;1;1.0;6.0;43.977769;-0.233114;2024-06-02 22:50:00
202400009034.0;3;50;50294;1;1;1.0;6.0;49.602436;-1.638293;2024-10-19 21:00:00
202400009035.0;1;24;24291;1;1;1.0;3.0;45.064098;1.17656;2024-06-03 12:20:00
202400009036.0;3;80;80105;1;2;1.0;3.0;49.743487;2.884748;2024-10-20 04:26:00
202400009037.0;1;30;30268;1;1;1.0;3.0;44.231732;4.145746;2024-06-04 17:00:00
202400009038.0;1;8;8449;1;1;1.0;6.0;49.711549;4.553919;2024-06-02 10:30:00
202400009039.0;1;69;69273;1;1;1.0;5.0;45.67908096;4.89697312;2024-09-27 19:00:00
202400009040.0;1;6;6088;1;1;1.0;7.0;43.71822;7.213978;2024-06-04 08:36:00
202400009041.0;1;974;97417;2;1;1.0;4.0;-21.352875;55.785482;2024-06-03 11:45:00
202400009042.0;1;974;97408;1;1;1.0;3.0;-20.909974;55.356417;2024-06-04 13:15:00
202400009043.0;1;92;92064;1;1;1.0;2.0;48.84146307;2.22135306;2024-10-18 17:13:00
202400009044.0;1;92;92036;1;1;8.0;2.0;48.9348887;2.26784952;2024-10-18 13:18:00
202400009045.0;1;78;78590;1;1;1.0;3.0;48.681979;1.982646;2024-06-03 18:25:00
202400009046.0;1;13;13081;1;1;1.0;1.0;43.492884;5.221295;2024-06-03 12:35:00
202400009047.0;1;40;40294;1;1;1.0;6.0;43.657859;-1.012448;2024-05-28 11:02:00
202400009048.0;5;95;95277;1;1;1.0;2.0;48.97768924;2.46264476;2024-10-18 22:45:00
202400009049.0;1;33;33219;1;2;1.0;2.0;44.97613;-0.393507;2024-06-03 12:00:00
202400009050.0;1;33;33535;1;1;1.0;3.0;44.827303;-0.459902;2024-06-03 17:20:00
202400009051.0;1;77;77363;1;1;8.0;3.0;48.91014515;2.63702434;2024-10-18 15:20:00
202400009052.0;1;50;50599;2;1;1.0;6.0;49.588923;-1.600955;2024-06-02 10:30:00
202400009053.0;5;69;69382;2;1;1.0;3.0;45.76223512;4.83812304;2024-10-18 20:00:00
202400009054.0;2;14;14646;1;2;1.0;3.0;48.92991;-0.205031;2024-06-03 06:35:00
202400009055.0;1;69;69034;2;2;1.0;3.0;45.81246;4.85967;2024-10-18 12:05:00
202400009056.0;1;22;22299;1;2;1.0;3.0;48.482038;-1.961544;2024-06-03 19:27:00
202400009057.0;1;22;22162;2;1;1.0;2.0;48.767165;-3.057386;2024-06-03 12:15:00
202400009058.0;5;2B;2B033;2;6;1.0;3.0;42.678;9.443;2024-10-18 19:41:00
202400009059.0;1;67;67482;1;1;1.0;2.0;48.57972;7.72459;2024-05-31 15:25:00
202400009060.0;1;971;97113;1;1;2.0;7.0;16.22268;-61.52449;2024-10-08 12:25:00
202400009061.0;3;33;33122;1;1;1.0;2.0;44.724648;-0.733285;2024-06-03 23:17:00
202400009062.0;1;59;59343;1;1;1.0;6.0;50.59078;3.09776;2024-05-31 06:25:00
202400009063.0;1;971;97101;1;3;1.0;3.0;16.2652478;-61.48090839;2024-10-16 07:47:00
202400009064.0;1;94;94038;1;1;1.0;3.0;48.78216297;2.34689144;2024-06-03 20:05:00