Num_Acc;lum;departement;commune;agglomeration;intersection;meteo;type_collision;lat;long;date
202400009065.0;1;2A;2A004;2;1;1.0;3.0;41.9404;8.7507;2024-10-18 11:37:00
202400009066.0;1;94;94034;1;1;1.0;2.0;48.75582579;2.33773375;2024-06-03 07:30:00
202400009067.0;1;91;91689;1;3;8.0;3.0;48.74059;2.336316;2024-10-18 10:50:00
202400009068.0;1;92;92036;1;1;1.0;3.0;48.93368348;2.27544143;2024-06-03 08:00:00
202400009069.0;2;92;92064;1;1;1.0;3.0;48.83812303;2.19111804;2024-06-03 06:00:00
202400009070.0;1;91;91657;2;1;8.0;3.0;48.69977;2.41852;2024-10-18 11:05:00
202400009071.0;1;78;78362;1;1;1.0;7.0;48.975703;1.724171;2024-06-01 17:52:00
202400009072.0;3;91;91691;2;1;2.0;1.0;48.699408;2.487446;2024-10-18 06:45:00
202400009073.0;3;78;78208;1;1;2.0;7.0;48.799994;1.981554;2024-05-31 22:45:00
202400009074.0;5;88;88413;2;1;1.0;2.0;48.28345;6.95658;2024-10-17 22:43:00
202400009075.0;4;95;95582;1;1;2.0;6.0;48.96404017;2.26342765;2024-06-02 03:40:00
202400009076.0;5;86;86194;2;2;1.0;3.0;46.581078;0.352835;2024-10-18 20:33:00
202400009077.0;1;44;44114;2;1;8.0;5.0;47.26462193;-1.59395143;2024-04-11 09:18:00
202400009078.0;1;44;44109;2;1;1.0;6.0;47.2001127;-1.61258385;2024-04-11 12:48:00
202400009079.0;1;84;84007;2;1;8.0;2.0;43.94457;4.79491;2024-10-18 08:00:00
202400009080.0;5;44;44143;2;6;1.0;7.0;47.17877297;-1.52816013;2024-04-09 23:39:00
202400009081.0;1;81;81065;1;1;8.0;6.0;43.63891;2.19522;2024-10-18 18:00:00
202400009082.0;1;44;44109;2;3;8.0;3.0;47.21448563;-1.57215642;2024-04-09 14:31:00
202400009083.0;2;80;80021;1;1;1.0;7.0;49.90207;2.30013;2024-10-18 18:40:00
202400009084.0;1;44;44109;2;6;1.0;3.0;47.23778995;-1.58612259;2024-04-09 07:35:00
202400009085.0;1;44;44143;2;1;1.0;7.0;47.1658427;-1.55186933;2024-04-09 08:40:00
202400009086.0;1;44;44109;2;1;8.0;6.0;47.22189203;-1.58995661;2024-04-08 09:49:00
202400009087.0;3;78;78217;2;9;3.0;6.0;48.929067;1.790255;2024-09-08 23:10:00
202400009088.0;2;44;44162;2;6;1.0;3.0;47.215;-1.639;2024-04-05 07:08:00
202400009089.0;1;62;62193;2;1;1.0;6.0;50.96072;1.83441;2024-05-26 10:45:00
202400009090.0;5;78;78297;2;1;8.0;7.0;48.76651;2.07563;2024-10-18 20:15:00
202400009091.0;1;974;97416;2;1;1.0;2.0;-21.34291;55.48138;2024-06-02 13:20:00
202400009092.0;1;78;78644;2;1;8.0;2.0;48.75798;1.95756;2024-10-18 17:50:00
202400009093.0;1;69;69388;2;2;1.0;3.0;45.74178;4.8621;2024-06-02 20:10:00
202400009094.0;1;69;69034;2;1;1.0;3.0;45.79627;4.83335;2024-05-27 14:20:00
202400009095.0;5;69;69382;2;2;1.0;3.0;45.73406;4.81799;2024-06-02 05:40:00
202400009096.0;1;77;77269;1;2;1.0;3.0;48.542457;2.70406577;2024-10-17 17:30:00
202400009097.0;1;2A;2A004;2;3;1.0;3.0;41.92489;8.73887;2024-06-02 15:42:00
202400009098.0;1;95;95574;2;1;1.0;3.0;49.016552;2.263418;2024-06-02 14:00:00
202400009099.0;1;77;77251;2;1;1.0;6.0;48.63039;2.55579;2024-10-17 16:30:00
202400009100.0;1;84;84080;1;1;1.0;1.0;44.0106;4.96636;2024-06-01 17:45:00
202400009101.0;3;77;77186;1;1;2.0;6.0;48.3537;2.61582;2024-10-18 05:45:00
202400009102.0;1;83;83126;2;6;1.0;3.0;43.084;5.866;2024-06-02 19:30:00
202400009103.0;1;79;79329;2;2;1.0;3.0;46.98377;-0.21432;2024-06-02 11:16:00
202400009104.0;1;76;76026;2;6;1.0;1.0;49.88270437;1.14191526;2024-06-02 20:30:00
202400009105.0;1;73;73065;2;6;1.0;3.0;45.58592;5.92301;2024-06-02 11:30:00
202400009106.0;5;74;74012;2;9;2.0;6.0;46.19;6.23;2024-10-18 05:20:00
202400009107.0;1;69;69266;2;2;2.0;3.0;45.76615;4.89063;2024-06-02 13:20:00
202400009108.0;1;69;69091;2;9;1.0;3.0;45.58457;4.74968;2024-06-01 16:20:00
202400009109.0;5;66;66136;2;1;1.0;6.0;42.70786317;2.89128721;2024-06-02 02:15:00
202400009110.0;2;72;72181;2;3;2.0;3.0;48.00659;0.19714;2024-10-17 18:15:00
202400009111.0;1;65;65286;2;1;1.0;6.0;43.0916926;-0.04520971;2024-06-01 10:00:00
202400009112.0;1;64;64445;2;1;1.0;2.0;43.29601;-0.37595;2024-06-02 16:25:00
202400009113.0;5;71;71270;2;1;2.0;7.0;46.32094455;4.82320577;2024-10-17 19:45:00
202400009114.0;1;71;71445;1;6;8.0;3.0;46.77739655;4.87793301;2024-10-18 18:20:00
202400009115.0;1;62;62178;2;1;1.0;2.0;50.48666218;2.56028972;2024-06-02 19:55:00
202400009116.0;1;60;60057;2;9;1.0;3.0;49.43089;2.09062;2024-06-02 10:30:00
202400009117.0;1;59;59650;2;1;1.0;6.0;50.70426;3.22566;2024-06-02 20:15:00
202400009118.0;5;64;64102;2;1;1.0;1.0;43.49233;-1.47447;2024-10-18 19:54:00
202400009119.0;1;57;57487;1;9;1.0;1.0;49.09831;6.11799;2024-06-02 15:59:00
202400009120.0;1;56;56260;2;1;1.0;6.0;47.669928;-2.748194;2024-06-02 18:58:00
202400009121.0;1;64;64102;2;6;3.0;3.0;43.47873;-1.4557;2024-10-17 15:25:00
202400009122.0;1;44;44162;2;6;1.0;6.0;47.24602;-1.61698;2024-06-02 12:10:00
202400009123.0;3;63;63113;2;1;2.0;1.0;45.8098;3.1317;2024-10-18 19:57:00
202400009124.0;5;35;35238;2;2;1.0;3.0;48.10982;-1.66558;2024-06-02 02:20:00
202400009125.0;5;62;62193;2;1;1.0;3.0;50.95159892;1.87533867;2024-10-18 20:50:00
202400009126.0;3;33;33529;1;1;1.0;1.0;44.643;-1.1541;2024-06-02 01:26:00
202400009127.0;1;59;59599;2;7;1.0;6.0;50.72343;3.16051;2024-10-18 14:00:00
202400009128.0;4;31;31555;2;9;1.0;6.0;43.6162223;1.43987954;2024-06-02 04:45:00
202400009129.0;1;59;59328;2;1;2.0;5.0;50.65416;3.01938;2024-10-18 12:20:00
202400009130.0;1;25;25056;2;7;2.0;3.0;47.24555;6.02885;2024-06-02 19:10:00
202400009131.0;5;58;58194;2;1;3.0;1.0;46.98821;3.12312;2024-10-17 22:05:00
202400009132.0;1;22;22113;1;1;1.0;2.0;48.77117;-3.48499;2024-05-31 16:30:00
202400009133.0;1;18;18279;2;1;8.0;1.0;47.23875;2.02757;2024-06-01 17:00:00
202400009134.0;1;57;57757;2;3;1.0;3.0;49.3585788;6.19824573;2024-10-15 14:05:00
202400009135.0;1;56;56121;2;6;1.0;3.0;47.75262;-3.37742;2024-10-17 17:10:00
202400009136.0;1;13;13054;2;3;1.0;3.0;43.40741;5.20795;2024-06-02 13:30:00
202400009137.0;2;56;56121;2;6;8.0;3.0;47.7412247;-3.358292;2024-10-17 08:00:00
202400009138.0;1;13;13215;2;1;1.0;3.0;43.3789;5.35698;2024-06-02 18:35:00
202400009139.0;1;11;11069;1;1;1.0;6.0;43.21356;2.27621;2024-06-02 17:50:00
202400009140.0;1;54;54547;2;1;1.0;2.0;48.65771;6.17793;2024-10-17 16:45:00
202400009141.0;1;10;10297;2;1;1.0;3.0;48.31361;4.09802;2024-06-02 18:16:00
202400009142.0;5;51;51454;2;1;2.0;2.0;49.24289;4.03489;2024-10-18 19:50:00
202400009143.0;1;75;75118;2;1;1.0;4.0;48.900984;2.348038;2024-06-02 19:35:00
202400009144.0;1;51;51454;2;6;8.0;3.0;49.28711;4.0277;2024-10-18 11:47:00
202400009145.0;1;75;75120;2;3;1.0;3.0;48.854217;2.414651;2024-06-02 13:45:00
202400009146.0;1;51;51454;2;1;1.0;2.0;49.21469;4.01662;2024-10-16 17:15:00
202400009147.0;5;75;75120;2;2;1.0;2.0;48.867543;2.396397;2024-06-02 03:00:00
202400009148.0;1;49;49007;2;1;1.0;5.0;47.46356;-0.59453;2024-10-18 17:32:00
202400009149.0;2;75;75119;2;2;8.0;3.0;48.899769;2.387923;2024-06-02 06:15:00
202400009150.0;5;46;46042;2;9;3.0;6.0;44.44553;1.44138;2024-10-17 19:50:00
202400009151.0;1;75;75118;2;2;1.0;3.0;48.891827;2.343926;2024-06-02 21:11:00
202400009152.0;2;44;44143;2;1;8.0;6.0;47.18625;-1.54212;2024-10-18 08:20:00
202400009153.0;1;75;75117;2;2;1.0;6.0;48.895128;2.311907;2024-06-02 20:15:00
202400009154.0;1;75;75115;2;2;1.0;3.0;48.842899;2.295072;2024-06-02 06:50:00
202400009155.0;3;42;42184;2;9;1.0;1.0;46.04305;4.0446;2024-10-19 00:10:00
202400009156.0;1;75;75110;2;2;1.0;1.0;48.873873;2.35838;2024-06-02 18:00:00
202400009157.0;2;75;75107;2;1;1.0;6.0;48.852677;2.313175;2024-06-02 06:30:00
202400009158.0;3;37;37233;1;1;1.0;6.0;47.40071;0.74308;2024-10-18 05:10:00
202400009159.0;5;75;75107;2;1;8.0;7.0;48.848044;2.311323;2024-06-02 00:01:00
202400009160.0;1;94;94081;2;1;2.0;2.0;48.78026916;2.39570671;2024-06-02 16:08:00
202400009161.0;5;35;35238;2;6;1.0;3.0;48.132439;-1.690244;2024-10-18 20:50:00
202400009162.0;1;94;94002;2;1;1.0;2.0;48.807759;2.417918;2024-06-02 18:20:00
202400009163.0;1;35;35238;2;6;1.0;1.0;48.13104;-1.63457;2024-10-18 16:20:00
202400009164.0;1;93;93066;2;9;1.0;3.0;48.929719;2.361693;2024-06-02 19:00:00
202400009165.0;1;34;34172;2;1;1.0;3.0;43.610792;3.83896;2024-10-18 18:55:00
202400009166.0;1;93;93031;2;9;2.0;3.0;48.95237545;2.30722278;2024-06-02 13:00:00
202400009167.0;3;33;33039;1;1;1.0;3.0;44.81445;-0.53532;2024-10-18 20:25:00
202400009168.0;1;93;93001;2;1;1.0;3.0;48.91098795;2.37924724;2024-06-01 19:30:00
202400009169.0;1;33;33063;2;9;1.0;6.0;44.84109;-0.56947;2024-10-18 13:57:00
202400009170.0;1;92;92078;2;9;1.0;3.0;48.93482378;2.32081014;2024-06-02 20:57:00
202400009171.0;1;31;31069;2;1;3.0;6.0;43.635897;1.394317;2024-10-18 15:25:00
202400009172.0;1;92;92073;2;1;1.0;6.0;48.87609;2.22905;2024-06-02 12:35:00
202400009173.0;2;29;29232;2;1;1.0;3.0;48.015835;-4.08739;2024-10-17 18:00:00
202400009174.0;3;26;26362;1;1;2.0;7.0;44.9032062;4.90734816;2024-10-18 23:30:00
202400009175.0;1;92;92049;2;1;3.0;3.0;48.81085607;2.3264755;2024-06-01 19:28:00
202400009176.0;2;25;25462;1;1;2.0;1.0;46.89219;6.33913;2024-10-18 07:45:00
202400009177.0;1;92;92026;2;1;1.0;1.0;48.89906;2.26644;2024-06-02 17:02:00
202400009178.0;2;19;19031;2;1;2.0;6.0;45.15522;1.53307;2024-10-18 08:13:00
202400009179.0;1;92;92012;2;1;1.0;2.0;48.82988;2.23076;2024-06-02 21:45:00
202400009180.0;1;17;17300;2;1;1.0;1.0;46.16239;-1.15866;2024-10-18 16:41:00
202400009181.0;1;92;92012;2;1;1.0;3.0;48.83282407;2.24577427;2024-06-02 20:03:00
202400009182.0;2;15;15014;2;3;1.0;6.0;44.905042;2.427423;2024-10-17 07:55:00
202400009183.0;1;95;95116;1;1;1.0;6.0;49.16071612;2.32922354;2024-06-03 11:55:00
202400009184.0;1;14;14220;2;2;1.0;6.0;49.35691;0.0724;2024-10-18 10:50:00
202400009185.0;1;31;31282;1;1;1.0;1.0;43.666614;1.467662;2024-06-02 14:30:00
202400009186.0;5;14;14118;2;1;3.0;3.0;49.193688;-0.394243;2024-10-16 19:25:00
202400009187.0;3;972;97227;1;1;2.0;6.0;14.497636;-60.977125;2024-06-02 00:01:00
202400009188.0;1;13;13028;2;1;1.0;3.0;43.20072;5.62097;2024-10-10 17:35:00
202400009189.0;1;13;13005;2;9;1.0;3.0;43.28761;5.58717;2024-10-18 15:50:00
202400009190.0;1;83;83152;2;1;1.0;6.0;43.16001;6.464715;2024-06-03 12:20:00
202400009191.0;1;10;10387;2;2;1.0;3.0;48.26891;4.08448;2024-10-18 08:05:00
202400009192.0;1;62;62307;1;1;1.0;1.0;50.92322458;1.71684891;2024-06-03 17:30:00
202400009193.0;1;10;10387;2;3;8.0;7.0;48.3107;4.0745;2024-10-17 08:16:00
202400009194.0;1;22;22341;1;2;1.0;6.0;48.399263;-2.379034;2024-06-03 19:55:00
202400009195.0;1;75;75118;2;3;2.0;3.0;48.890197;2.35988;2024-10-17 15:14:00
202400009196.0;1;23;23216;1;1;8.0;6.0;45.830706;1.812841;2024-06-02 17:15:00
202400009197.0;1;75;75106;2;5;8.0;6.0;48.85365089;2.33842868;2024-10-17 14:25:00
202400009198.0;1;75;75119;2;4;8.0;6.0;48.880986;2.37386;2024-10-18 18:25:00
202400009199.0;5;75;75119;2;2;8.0;6.0;48.883635;2.396969;2024-10-18 00:10:00
202400009200.0;1;35;35024;2;1;1.0;7.0;48.176901;-1.659382;2024-05-31 12:25:00
202400009201.0;1;75;75118;2;1;1.0;3.0;48.900348;2.332228;2024-10-18 13:00:00
202400009202.0;2;75;75117;2;2;1.0;3.0;48.884483;2.319509;2024-10-18 18:35:00
202400009203.0;1;75;75116;2;7;1.0;3.0;48.847493;2.258437;2024-10-18 18:45:00
202400009204.0;1;75;75115;2;3;2.0;6.0;48.846926;2.294319;2024-10-17 11:00:00
202400009205.0;1;75;75110;2;4;1.0;6.0;48.87201;2.36982;2024-10-18 14:15:00
202400009206.0;1;75;75108;2;3;2.0;2.0;48.870518;2.305263;2024-10-18 09:40:00
202400009207.0;5;75;75109;2;2;3.0;2.0;48.873754;2.327068;2024-10-18 03:20:00
202400009208.0;5;75;75108;2;3;2.0;7.0;48.871486;2.302457;2024-10-18 01:30:00
202400009209.0;1;75;75104;2;3;2.0;6.0;48.855264;2.352807;2024-10-18 15:10:00
202400009210.0;2;75;75101;2;7;2.0;7.0;48.867917;2.329872;2024-10-18 09:05:00
202400009211.0;5;75;75102;2;3;2.0;3.0;48.870414;2.34909;2024-10-18 01:15:00
202400009212.0;5;75;75101;2;1;2.0;6.0;48.864545;2.33635;2024-10-17 18:35:00
202400009213.0;3;94;94028;2;1;2.0;2.0;48.79965;2.44845;2024-10-18 06:30:00
202400009214.0;1;94;94018;2;1;2.0;3.0;48.81833;2.41244;2024-10-18 08:00:00
202400009215.0;1;94;94071;2;3;2.0;1.0;48.776316;2.511184;2024-10-18 16:00:00
202400009216.0;2;93;93066;2;1;3.0;3.0;48.9153;2.35095;2024-10-17 20:00:00
202400009217.0;1;93;93066;2;1;2.0;1.0;48.93693;2.37201;2024-10-18 08:00:00
202400009218.0;5;93;93048;2;2;1.0;3.0;48.86397133;2.43614674;2024-10-18 19:40:00
202400009219.0;1;93;93046;2;9;1.0;6.0;48.91387;2.51552;2024-10-18 14:20:00
202400009220.0;1;92;92073;2;3;1.0;6.0;48.86141423;2.19981283;2024-10-15 09:03:00
202400009221.0;1;92;92064;2;1;2.0;7.0;48.85052147;2.21762225;2024-10-18 10:35:00
202400009222.0;1;92;92063;2;3;8.0;2.0;48.87056229;2.18423657;2024-10-21 10:35:00
202400009223.0;1;92;92050;2;1;2.0;3.0;48.89648381;2.22528934;2024-10-18 08:10:00
202400009224.0;1;92;92036;2;1;2.0;3.0;48.93008445;2.29508087;2024-10-18 12:25:00
202400009225.0;1;92;92036;2;1;1.0;3.0;48.93206596;2.29012191;2024-10-18 10:30:00
202400009226.0;2;92;92036;2;1;2.0;2.0;48.93356;2.30277;2024-10-18 08:00:00
202400009227.0;1;92;92025;2;2;3.0;3.0;48.91453152;2.2291781;2024-10-17 16:15:00
202400009228.0;5;92;92007;2;1;1.0;3.0;48.80160608;2.31273808;2024-10-18 18:50:00
202400009229.0;1;39;39364;1;1;8.0;6.0;46.756725;5.857902;2024-10-18 15:00:00
202400009230.0;1;21;21473;1;1;2.0;3.0;47.243738;5.073635;2024-10-18 12:25:00
202400009231.0;3;974;97422;1;1;1.0;6.0;-21.253217;55.498858;2024-10-19 00:30:00
202400009232.0;5;974;97404;2;1;1.0;6.0;-21.26461;55.364972;2024-10-19 01:30:00
202400009233.0;2;27;27306;1;1;1.0;6.0;49.002379;1.184721;2024-10-18 18:50:00
202400009234.0;1;80;80736;1;1;8.0;6.0;50.01846;1.898736;2024-10-18 12:46:00
202400009235.0;1;12;12165;1;1;1.0;1.0;44.504904;2.580644;2024-10-19 14:22:00
202400009236.0;1;46;46080;1;3;1.0;3.0;44.520479;1.351664;2024-10-15 15:30:00
202400009237.0;3;25;25390;1;1;5.0;1.0;46.997114;6.471688;2024-10-18 19:40:00
202400009238.0;3;44;44169;1;1;1.0;2.0;47.23182;-1.40345;2024-10-17 22:00:00
202400009239.0;2;44;44128;1;1;1.0;2.0;47.542548;-1.903438;2024-10-18 18:45:00
202400009240.0;3;15;15262;1;1;8.0;6.0;45.018154;3.056602;2024-10-18 03:00:00
202400009241.0;3;1;1036;1;1;1.0;6.0;45.889695;5.661864;2024-10-19 02:15:00
202400009242.0;1;70;70296;1;1;1.0;1.0;47.42861;6.219506;2024-10-18 17:45:00
202400009243.0;1;26;26056;1;3;1.0;2.0;44.591105;5.131903;2024-10-19 14:30:00
202400009244.0;3;58;58266;2;1;1.0;6.0;47.207594;3.496007;2024-10-19 19:45:00
202400009245.0;1;14;14326;1;1;1.0;2.0;49.154624;0.267971;2024-10-18 17:15:00
202400009246.0;1;64;64489;1;1;3.0;1.0;43.331234;-1.180955;2024-10-18 10:30:00
202400009247.0;1;87;87154;2;3;8.0;3.0;45.894395;0.90023;2024-10-18 16:20:00
202400009248.0;1;13;13091;2;1;7.0;7.0;43.620163;5.306203;2024-10-19 09:05:00
202400009249.0;1;13;13016;1;1;1.0;2.0;43.39333312;5.58601706;2024-10-18 14:45:00
202400009250.0;3;6;6123;1;1;1.0;2.0;43.667949;7.196791;2024-10-19 00:49:00
202400009251.0;1;95;95370;1;1;2.0;1.0;49.15211771;1.97873701;2024-10-19 16:00:00
202400009252.0;1;91;91200;2;2;1.0;1.0;48.523686;2.005246;2024-10-05 08:36:00
202400009253.0;3;13;13004;1;1;1.0;7.0;43.642023;4.711246;2024-10-19 01:45:00
202400009254.0;1;38;38468;1;1;1.0;3.0;45.333248;4.80566;2024-10-19 12:00:00
202400009255.0;4;86;86137;2;1;1.0;6.0;47.012339;0.083644;2024-10-13 22:25:00
202400009256.0;3;33;33483;1;1;3.0;6.0;44.913619;-0.408366;2024-10-19 04:20:00
202400009257.0;1;72;72378;1;1;1.0;7.0;47.80391;-0.29765;2024-10-18 15:40:00
202400009258.0;1;29;29144;1;1;7.0;3.0;48.44302622;-4.1834118;2024-10-19 15:00:00
202400009259.0;1;22;22300;1;1;1.0;1.0;48.266684;-2.788982;2024-10-19 13:55:00
202400009260.0;1;60;60010;1;1;2.0;5.0;49.204322;2.156045;2024-10-19 11:10:00
202400009261.0;1;13;13215;1;1;1.0;3.0;43.39071033;5.35120523;2024-10-17 14:15:00
202400009262.0;3;69;69297;1;1;1.0;6.0;45.61529872;4.80999736;2024-10-18 05:30:00
202400009263.0;3;57;57474;1;1;1.0;1.0;49.26082;6.1774;2024-10-17 00:47:00
202400009264.0;5;33;33075;1;1;1.0;4.0;44.889922;-0.611644;2024-10-18 19:45:00
202400009265.0;1;92;92063;1;1;1.0;6.0;48.88653915;2.16571926;2024-10-18 14:10:00
202400009266.0;1;78;78291;1;1;1.0;2.0;48.970201;1.734753;2024-10-18 13:40:00
202400009267.0;2;78;78362;1;1;2.0;3.0;48.975689;1.724078;2024-10-18 08:36:00
202400009268.0;1;78;78007;1;1;3.0;6.0;48.902051;2.005076;2024-10-17 18:13:00
202400009269.0;1;78;78165;1;1;3.0;6.0;48.799359;1.994224;2024-10-17 15:30:00
202400009270.0;1;92;92047;1;1;2.0;7.0;48.83459228;2.17162733;2024-10-17 11:30:00
202400009271.0;1;78;78423;1;1;1.0;2.0;48.79661;2.026604;2024-10-16 15:01:00
202400009272.0;3;95;95042;1;1;3.0;6.0;49.05896463;2.30346921;2024-10-18 01:00:00
202400009273.0;3;93;93063;1;1;3.0;2.0;48.8792756;2.44906039;2024-10-18 02:30:00
202400009274.0;1;94;94046;1;1;1.0;3.0;48.80959275;2.44911608;2024-10-18 17:45:00
202400009275.0;1;94;94017;1;1;1.0;2.0;48.82871666;2.47812084;2024-10-18 16:25:00
202400009276.0;1;77;77258;1;1;2.0;6.0;48.83237602;2.65440781;2024-10-18 08:20:00
202400009277.0;3;94;94073;1;1;2.0;2.0;48.77079111;2.38643311;2024-10-17 03:10:00
202400009278.0;3;32;32107;1;1;1.0;5.0;43.972804;0.405958;2024-05-10 22:25:00
202400009279.0;1;29;29023;1;1;1.0;7.0;48.652531;-3.938706;2024-08-19 10:55:00
202400009280.0;5;974;97416;2;1;1.0;2.0;-21.31433;55.49361;2024-10-16 18:45:00
202400009281.0;5;974;97411;2;1;1.0;6.0;-20.88528;55.46828;2024-10-18 01:10:00
202400009282.0;3;974;97411;2;6;1.0;3.0;-20.90067;55.48763;2024-10-17 18:31:00
202400009283.0;2;974;97411;1;1;1.0;6.0;-20.89426;55.50234;2024-10-17 06:00:00
202400009284.0;1;974;97407;1;1;1.0;3.0;-20.93012;55.31123;2024-10-17 13:20:00
202400009285.0;5;974;97407;1;1;1.0;6.0;-20.9511;55.29889;2024-10-17 03:10:00
202400009286.0;1;973;97302;1;6;1.0;3.0;4.90816;-52.32249;2024-10-17 08:20:00
202400009287.0;1;69;69386;2;1;3.0;6.0;45.77026;4.86087;2024-10-17 08:05:00
202400009288.0;1;69;69386;2;1;1.0;1.0;45.77345;4.84143;2024-10-16 11:40:00
202400009289.0;1;69;69389;2;2;3.0;6.0;45.77864;4.80253;2024-10-17 09:50:00
202400009290.0;5;95;95088;2;1;8.0;5.0;48.96056093;2.44895395;2024-10-17 05:55:00
202400009291.0;3;95;95388;1;1;3.0;5.0;49.02363;1.97213;2024-10-17 19:40:00
202400009292.0;1;91;91514;2;1;2.0;6.0;48.67174;2.54034;2024-10-17 17:10:00
202400009293.0;1;91;91657;2;1;8.0;1.0;48.6923;2.4312;2024-10-17 08:10:00
202400009294.0;1;87;87075;2;3;1.0;1.0;45.80994;1.22005;2024-10-16 17:35:00
202400009295.0;5;81;81065;2;3;1.0;3.0;43.60242;2.2563;2024-10-16 20:45:00
202400009296.0;5;78;78440;2;1;1.0;2.0;48.98202;1.91238;2024-10-17 04:50:00
202400009297.0;1;78;78123;2;1;2.0;2.0;48.93908;2.03411;2024-10-17 15:00:00
202400009298.0;1;91;91339;1;1;1.0;7.0;48.63101776;2.24926829;2024-03-19 09:00:00
202400009299.0;3;91;91161;1;1;1.0;2.0;48.69795;2.31443;2024-03-19 00:08:00
202400009300.0;1;92;92036;1;1;1.0;2.0;48.93484397;2.26726483;2024-03-18 12:19:00
202400009301.0;1;92;92062;1;1;1.0;3.0;48.89074658;2.24044138;2024-03-18 09:20:00
202400009302.0;1;93;93006;1;1;1.0;3.0;48.86611228;2.41541368;2024-03-19 17:40:00
202400009303.0;1;93;93008;1;1;1.0;3.0;48.90667489;2.45703757;2024-03-19 18:05:00
202400009304.0;1;95;95018;1;1;1.0;3.0;48.95621389;2.27718895;2024-03-19 07:55:00
202400009305.0;1;95;95527;1;1;1.0;5.0;48.9971614;2.5186402;2024-03-18 17:45:00
202400009306.0;1;95;95527;1;1;1.0;2.0;49.00052596;2.52228228;2024-03-18 15:45:00
202400009307.0;1;95;95277;1;1;1.0;2.0;48.97380183;2.48838243;2024-03-18 13:50:00
202400009308.0;1;93;93008;1;1;1.0;3.0;48.91273457;2.43680722;2024-03-18 08:40:00
202400009309.0;1;987;98735;1;2;1.0;1.0;-17.52992;-149.56072;2024-03-18 07:00:00
202400009310.0;1;976;97611;2;1;1.0;3.0;-12.77561;45.22379;2024-03-18 11:15:00
202400009311.0;1;974;97411;2;3;1.0;7.0;-20.89189;55.46733;2024-03-18 10:15:00
202400009312.0;1;974;97409;2;3;1.0;6.0;-20.93326;55.65392;2024-03-18 07:30:00
202400009313.0;2;974;97407;2;1;1.0;7.0;-20.94485;55.31648;2024-03-18 19:10:00
202400009314.0;1;973;97302;1;1;1.0;1.0;4.92230429;-52.32743025;2024-03-18 07:50:00
202400009315.0;1;69;69388;2;3;8.0;3.0;45.73615317;4.85302167;2024-03-18 10:30:00
202400009316.0;1;972;97213;1;1;1.0;3.0;14.62671;-60.98902;2024-03-18 07:40:00
202400009317.0;1;972;97213;1;1;1.0;6.0;14.63255;-60.96157;2024-03-17 17:00:00
202400009318.0;2;971;97113;1;9;2.0;4.0;16.21834552;-61.47745103;2024-03-11 17:20:00
202400009319.0;2;2A;2A004;2;1;1.0;6.0;41.94644847;8.76735538;2024-03-18 19:20:00
202400009320.0;1;95;95607;2;1;1.0;6.0;49.028898;2.205443;2024-03-18 15:30:00
202400009321.0;1;91;91457;2;1;7.0;2.0;48.580823;2.25297;2024-03-18 08:00:00
202400009322.0;5;87;87085;2;3;1.0;6.0;45.8467;1.26101;2024-03-17 21:29:00
202400009323.0;1;86;86194;2;2;2.0;1.0;46.601592;0.324338;2024-03-18 09:35:00
202400009324.0;1;84;84007;2;1;1.0;2.0;43.93514;4.85236;2024-03-17 09:00:00
202400009325.0;5;76;76540;2;1;1.0;6.0;49.44189;1.117;2024-03-18 20:20:00
202400009326.0;5;76;76351;2;1;2.0;6.0;49.52302;0.11345;2024-03-15 23:00:00
202400009327.0;1;72;72181;2;9;2.0;2.0;47.96274;0.17701;2024-03-17 14:23:00
202400009328.0;1;72;72181;2;7;2.0;2.0;47.97301;0.21199;2024-03-17 13:38:00
202400009329.0;1;72;72181;2;2;2.0;5.0;47.98406;0.18609;2024-03-17 08:45:00
202400009330.0;2;68;68271;2;3;1.0;1.0;47.746838;7.367849;2024-02-29 07:26:00
202400009331.0;5;64;64132;2;3;1.0;3.0;43.31002;-0.3259;2024-03-16 21:15:00
202400009332.0;1;64;64140;2;1;1.0;2.0;43.51739;-1.48643;2024-03-18 08:50:00
202400009333.0;1;60;60159;2;3;1.0;3.0;49.40815249;2.83579607;2024-03-18 12:30:00
202400009334.0;4;59;59421;2;9;2.0;6.0;50.700484;3.136419;2024-03-18 07:25:00
202400009335.0;5;59;59368;2;8;1.0;6.0;50.64784;3.07765;2024-03-18 21:30:00
202400009336.0;1;59;59343;2;2;1.0;3.0;50.59128;3.10411;2024-03-18 09:00:00
202400009337.0;1;56;56121;2;6;1.0;6.0;47.76343;-3.39496;2024-03-16 17:12:00
202400009338.0;1;50;50165;2;1;1.0;3.0;48.8502501;-1.5731926;2024-03-16 18:08:00
202400009339.0;1;47;47201;2;3;2.0;3.0;44.16398;0.61171;2024-03-18 07:55:00
202400009340.0;1;44;44109;2;6;1.0;6.0;47.21821;-1.51545;2024-03-18 17:00:00
202400009341.0;1;44;44109;2;2;1.0;5.0;47.21393;-1.54524;2024-03-18 15:15:00
202400009342.0;4;44;44162;2;6;8.0;3.0;47.23828;-1.5957;2024-03-18 06:35:00
202400009343.0;1;37;37261;2;2;1.0;4.0;47.43559;0.69848;2024-03-18 12:30:00
202400009344.0;1;37;37050;1;1;8.0;4.0;47.33083421;0.6785481;2024-03-18 08:40:00
202400009345.0;2;37;37261;2;6;1.0;3.0;47.41452;0.69109;2024-03-17 20:40:00
202400009346.0;1;35;35055;2;1;1.0;3.0;48.09827;-1.62454;2024-03-14 18:10:00
202400009347.0;3;35;35238;1;1;1.0;6.0;48.12844;-1.71184;2024-03-17 04:50:00