Num_Acc;lum;departement;commune;agglomeration;intersection;meteo;type_collision;lat;long;date
202400009348.0;5;34;34032;2;2;1.0;3.0;43.34028;3.22309;2024-03-17 19:40:00
202400009349.0;1;33;33550;2;4;1.0;1.0;44.76267;-0.57081;2024-03-18 18:40:00
202400009350.0;5;31;31555;2;1;1.0;3.0;43.56584;1.39602;2024-03-18 22:50:00
202400009351.0;1;30;30007;2;5;1.0;7.0;44.13414;4.08899;2024-03-18 15:15:00
202400009352.0;3;28;28332;1;1;1.0;7.0;48.72340585;1.40260756;2024-03-18 19:20:00
202400009353.0;1;25;25056;2;2;1.0;5.0;47.251;6.00911;2024-03-18 13:10:00
202400009354.0;1;22;22360;2;6;1.0;2.0;48.48507;-2.73995;2024-03-18 19:25:00
202400009355.0;1;22;22113;2;1;1.0;3.0;48.7311;-3.44668;2024-03-14 17:15:00
202400009356.0;5;19;19031;2;9;1.0;3.0;45.15738007;1.52373219;2024-03-17 19:40:00
202400009357.0;2;17;17306;2;3;1.0;6.0;45.625013;-1.030126;2024-03-18 18:55:00
202400009358.0;1;15;15014;2;1;1.0;6.0;44.933764;2.438764;2024-03-17 09:30:00
202400009359.0;1;13;13028;2;1;1.0;4.0;43.18901343;5.63306123;2024-03-18 08:50:00
202400009360.0;1;13;13004;2;1;1.0;6.0;43.6899697;4.6340424;2024-03-18 17:15:00
202400009361.0;5;10;10333;2;1;1.0;6.0;48.2836;4.0524;2024-03-17 05:35:00
202400009362.0;1;75;75114;2;1;1.0;6.0;48.828458;2.327415;2024-07-03 19:11:00
202400009363.0;1;10;10387;2;3;1.0;3.0;48.31721;4.07397;2024-03-13 16:19:00
202400009364.0;1;75;75113;2;1;1.0;6.0;48.825951;2.374036;2024-07-05 15:20:00
202400009365.0;1;6;6069;2;1;1.0;7.0;43.66577;6.93096;2024-03-18 07:35:00
202400009366.0;1;75;75112;2;7;1.0;3.0;48.847326;2.395738;2024-06-24 18:40:00
202400009367.0;1;6;6069;2;3;1.0;3.0;43.66221;6.93418;2024-03-18 08:00:00
202400009368.0;1;75;75110;2;1;1.0;3.0;48.870575;2.366281;2024-07-05 19:45:00
202400009369.0;5;6;6029;2;1;1.0;7.0;43.573822;6.959418;2024-03-19 01:30:00
202400009370.0;1;75;75110;2;6;1.0;6.0;48.879388;2.367372;2024-07-05 15:30:00
202400009371.0;2;6;6029;2;1;1.0;5.0;43.5534663;7.0077262;2024-03-18 07:35:00
202400009372.0;5;75;75110;2;2;1.0;6.0;48.880061;2.367107;2024-07-05 02:45:00
202400009373.0;1;75;75108;2;1;1.0;7.0;48.878876;2.303531;2024-07-05 12:50:00
202400009374.0;1;75;75119;2;1;1.0;2.0;48.90071;2.3712;2024-03-18 10:30:00
202400009375.0;1;75;75108;2;1;1.0;6.0;48.870982;2.304035;2024-07-05 10:35:00
202400009376.0;5;75;75114;2;1;1.0;2.0;48.819703;2.326987;2024-03-17 01:20:00
202400009377.0;1;75;75107;2;1;1.0;7.0;48.86135041;2.29707599;2024-07-05 18:55:00
202400009378.0;1;75;75120;2;3;1.0;3.0;48.871649;2.402343;2024-03-18 09:15:00
202400009379.0;1;75;75101;2;3;1.0;3.0;48.862518;2.33813;2024-07-05 16:30:00
202400009380.0;1;75;75115;2;3;2.0;3.0;48.855127;2.289451;2024-03-17 10:50:00
202400009381.0;1;75;75101;2;3;1.0;3.0;48.869693;2.326615;2024-07-05 13:00:00
202400009382.0;1;75;75103;2;1;1.0;7.0;48.862336;2.356063;2024-07-05 09:30:00
202400009383.0;1;75;75110;2;3;1.0;6.0;48.877435;2.349115;2024-03-18 14:05:00
202400009384.0;5;75;75101;2;1;1.0;2.0;48.859705;2.348885;2024-07-04 23:50:00
202400009385.0;2;75;75101;2;2;1.0;3.0;48.86634275;2.33418167;2024-07-03 21:10:00
202400009386.0;1;75;75109;2;3;1.0;6.0;48.875712;2.327805;2024-03-18 07:45:00
202400009387.0;1;94;94081;2;1;1.0;2.0;48.774131;2.368954;2024-07-05 19:40:00
202400009388.0;5;75;75102;2;1;9.0;3.0;48.870466;2.331142;2024-03-17 03:30:00
202400009389.0;1;94;94081;2;2;1.0;3.0;48.789419;2.388928;2024-07-04 20:25:00
202400009390.0;1;75;75108;2;3;1.0;3.0;48.872062;2.300438;2024-03-18 15:45:00
202400009391.0;1;94;94081;2;3;1.0;6.0;48.79014059;2.39162399;2024-07-04 13:18:00
202400009392.0;5;94;94022;2;2;2.0;4.0;48.754895;2.411555;2024-03-18 04:35:00
202400009393.0;1;94;94078;2;1;1.0;6.0;48.73557;2.44694;2024-07-05 16:50:00
202400009394.0;1;94;94068;2;2;1.0;3.0;48.7965;2.47598;2024-07-05 08:25:00
202400009395.0;1;94;94022;2;2;1.0;3.0;48.7549;2.41149;2024-03-18 18:05:00
202400009396.0;1;94;94052;2;1;1.0;2.0;48.84183;2.48364;2024-07-05 18:23:00
202400009397.0;1;93;93078;2;1;1.0;4.0;48.958402;2.54769;2024-03-18 14:08:00
202400009398.0;1;94;94041;2;1;1.0;2.0;48.81938;2.3997;2024-07-05 10:30:00
202400009399.0;1;93;93059;2;3;1.0;3.0;48.96086;2.35888;2024-03-18 08:30:00
202400009400.0;1;94;94021;2;1;1.0;6.0;48.77187917;2.35875821;2024-07-05 13:20:00
202400009401.0;1;93;93064;2;3;1.0;6.0;48.8803972;2.49361418;2024-03-18 17:30:00
202400009402.0;1;94;94060;2;1;8.0;4.0;48.780096;2.577047;2024-07-03 10:00:00
202400009403.0;2;93;93050;2;3;1.0;3.0;48.86264;2.53023;2024-03-18 06:20:00
202400009404.0;1;93;93073;1;1;1.0;1.0;48.99012;2.56982;2024-07-04 21:45:00
202400009405.0;1;93;93066;2;2;1.0;3.0;48.942041;2.365449;2024-07-05 16:00:00
202400009406.0;1;93;93006;2;2;1.0;3.0;48.87485;2.43126;2024-03-18 09:20:00
202400009407.0;1;93;93064;2;9;1.0;6.0;48.867685;2.493184;2024-07-05 18:45:00
202400009408.0;1;93;93010;2;1;1.0;3.0;48.906712;2.485734;2024-03-18 10:55:00
202400009409.0;1;93;93053;2;9;1.0;3.0;48.90047868;2.45266914;2024-07-05 06:15:00
202400009410.0;1;93;93005;2;3;1.0;6.0;48.949278;2.512437;2024-03-18 14:10:00
202400009411.0;1;93;93051;2;1;1.0;3.0;48.83956839;2.57622242;2024-07-05 08:35:00
202400009412.0;1;93;93005;2;6;1.0;6.0;48.952356;2.517659;2024-03-18 08:45:00
202400009413.0;1;93;93048;2;3;1.0;6.0;48.87141074;2.45877238;2024-07-04 13:45:00
202400009414.0;2;92;92072;2;9;1.0;3.0;48.8264;2.21927;2024-03-18 18:59:00
202400009415.0;1;93;93063;2;2;1.0;3.0;48.87962171;2.44862836;2024-07-04 18:30:00
202400009416.0;1;92;92022;2;1;1.0;3.0;48.80279057;2.18652606;2024-03-17 18:30:00
202400009417.0;1;92;92064;2;1;2.0;7.0;48.84864675;2.22240204;2024-03-17 12:23:00
202400009418.0;1;93;93031;2;3;1.0;3.0;48.94811599;2.33821705;2024-07-05 14:56:00
202400009419.0;1;93;93005;2;2;1.0;3.0;48.9245;2.50575;2024-07-05 16:30:00
202400009420.0;1;92;92012;2;9;1.0;4.0;48.82482862;2.2352407;2024-03-18 07:30:00
202400009421.0;1;93;93001;2;9;1.0;2.0;48.918412;2.402256;2024-07-05 16:00:00
202400009422.0;1;92;92004;2;9;1.0;2.0;48.90400919;2.28549922;2024-03-17 16:45:00
202400009423.0;1;92;92046;2;1;1.0;3.0;48.81735938;2.3073957;2024-07-05 09:00:00
202400009424.0;1;60;60587;1;3;1.0;3.0;49.352071;2.609623;2024-03-14 17:25:00
202400009425.0;1;92;92064;2;1;1.0;2.0;48.84991285;2.22384113;2024-07-05 14:00:00
202400009426.0;1;92;92051;2;1;1.0;3.0;48.8823638;2.27804607;2024-07-05 18:49:00
202400009427.0;5;974;97415;2;2;1.0;1.0;-20.984772;55.28897;2024-03-16 00:45:00
202400009428.0;1;92;92044;2;3;1.0;6.0;48.89259138;2.28724551;2024-07-05 17:00:00
202400009429.0;2;976;97610;1;1;1.0;1.0;-12.729935;45.180287;2024-03-19 05:28:00
202400009430.0;1;24;24442;1;1;1.0;6.0;45.109343;0.508584;2024-03-19 17:40:00
202400009431.0;1;92;92044;2;3;1.0;3.0;48.89804235;2.27656013;2024-05-02 08:40:00
202400009432.0;1;92;92035;2;1;1.0;3.0;48.90556584;2.25481832;2024-07-04 11:16:00
202400009433.0;5;40;40065;2;2;1.0;5.0;43.65282;-1.444351;2024-03-17 20:20:00
202400009434.0;1;92;92025;2;7;7.0;3.0;48.91849892;2.23959891;2024-07-04 13:00:00
202400009435.0;1;71;71383;1;1;1.0;6.0;46.419553;4.866608;2024-03-17 13:12:00
202400009436.0;3;17;17414;1;6;1.0;7.0;46.210539;-1.135513;2024-03-17 02:58:00
202400009437.0;1;92;92012;2;1;1.0;3.0;48.83339;2.24456;2024-07-05 08:50:00
202400009438.0;1;14;14738;1;1;1.0;2.0;49.163999;-0.438209;2024-03-18 09:24:00
202400009439.0;3;92;92004;2;2;1.0;3.0;48.91114526;2.29880655;2024-07-05 23:00:00
202400009440.0;1;63;63388;1;1;1.0;6.0;45.99975572;2.76370796;2024-07-05 17:25:00
202400009441.0;2;65;65069;1;1;1.0;3.0;43.072975;0.396173;2024-03-18 18:30:00
202400009442.0;1;12;12172;1;1;1.0;2.0;44.600491;2.667347;2024-07-05 11:15:00
202400009443.0;1;85;85065;1;1;1.0;1.0;46.897878;-1.22431;2024-07-06 12:30:00
202400009444.0;1;63;63130;1;3;1.0;1.0;46.182248;2.767562;2024-03-19 13:45:00
202400009445.0;2;62;62767;2;1;1.0;1.0;50.383059;2.337549;2024-07-05 22:00:00
202400009446.0;2;47;47069;2;1;1.0;6.0;44.222441;0.566588;2024-03-17 20:30:00
202400009447.0;1;41;41149;2;1;1.0;6.0;47.752954;0.869081;2024-07-05 17:50:00
202400009448.0;1;68;68258;1;1;1.0;3.0;47.84136651;7.28859918;2024-03-19 18:14:00
202400009449.0;1;66;66141;2;6;1.0;3.0;42.737147;2.915787;2024-07-05 16:00:00
202400009450.0;1;44;44063;2;6;7.0;3.0;47.084749;-1.262741;2024-03-19 08:30:00
202400009451.0;3;62;62819;2;1;1.0;6.0;50.775255;2.198344;2024-07-04 02:00:00
202400009452.0;1;44;44154;1;1;1.0;6.0;47.228409;-2.154275;2024-03-19 16:55:00
202400009453.0;1;62;62273;2;1;6.0;3.0;50.61153;1.829717;2024-07-06 14:00:00
202400009454.0;3;35;35331;1;6;1.0;3.0;48.105532;-1.918665;2024-03-05 19:15:00
202400009455.0;1;51;51115;2;1;7.0;1.0;49.194444;4.01149;2024-07-04 16:50:00
202400009456.0;2;29;29210;1;1;1.0;1.0;48.57258455;-4.00446296;2024-03-19 07:30:00
202400009457.0;1;56;56164;1;1;1.0;1.0;47.660076;-2.812747;2024-07-05 19:00:00
202400009458.0;1;29;29110;1;1;1.0;7.0;48.07936659;-3.91234085;2024-03-19 16:40:00
202400009459.0;3;2B;2B185;1;1;1.0;6.0;42.629874;9.350486;2024-07-06 05:30:00
202400009460.0;1;31;31100;1;1;1.0;3.0;43.317161;1.619797;2024-03-18 10:20:00
202400009461.0;1;38;38012;2;1;1.0;6.0;45.61265571;5.61498214;2024-03-18 16:56:00
202400009462.0;2;65;65035;2;2;1.0;1.0;43.398702;0.074941;2024-07-05 20:15:00
202400009463.0;1;84;84051;1;6;1.0;3.0;43.859359;5.266453;2024-03-19 17:10:00
202400009464.0;1;64;64235;1;1;1.0;1.0;43.337965;-1.065175;2024-03-18 18:40:00
202400009465.0;1;71;71263;1;3;2.0;2.0;46.633596;5.256663;2024-07-06 17:42:00
202400009466.0;1;43;43018;1;1;1.0;2.0;45.013743;3.799043;2024-03-19 12:19:00
202400009467.0;1;7;7330;1;1;1.0;7.0;44.40605998;4.41761705;2024-03-17 17:55:00
202400009468.0;1;71;71305;1;2;3.0;5.0;46.464752;4.893814;2024-07-06 17:00:00
202400009469.0;5;88;88304;2;2;3.0;3.0;48.303647;6.134368;2024-03-15 18:45:00
202400009470.0;1;978;97801;2;1;1.0;6.0;18.065087;-63.012042;2024-03-19 10:15:00
202400009471.0;1;89;89300;1;1;1.0;3.0;47.558693;4.119192;2024-06-28 18:20:00
202400009472.0;2;6;6018;1;1;1.0;3.0;43.616295;7.06555;2024-03-19 17:25:00
202400009473.0;1;76;76711;2;1;1.0;3.0;50.063496;1.381681;2024-07-06 18:50:00
202400009474.0;1;987;98745;2;3;1.0;3.0;-16.62;-151.496;2024-03-18 07:35:00
202400009475.0;1;47;47310;2;4;1.0;3.0;44.381501;0.328774;2024-07-06 19:00:00
202400009476.0;1;6;6088;1;1;1.0;2.0;43.732174;7.237812;2024-03-18 17:54:00
202400009477.0;1;39;39286;1;1;2.0;1.0;46.381089;5.798679;2024-07-06 09:20:00
202400009478.0;1;987;98733;2;1;1.0;3.0;-17.696;-149.548;2024-03-18 07:30:00
202400009479.0;2;44;44129;2;1;1.0;6.0;47.44297;-2.128338;2024-06-24 22:30:00
202400009480.0;5;973;97357;2;4;1.0;1.0;4.27215795;-54.38014278;2024-03-18 21:30:00
202400009481.0;1;84;84019;2;3;1.0;6.0;44.273979;4.744163;2024-03-18 11:30:00
202400009482.0;1;44;44212;1;1;1.0;1.0;47.16125525;-1.29055023;2024-07-05 21:00:00
202400009483.0;2;44;44146;1;1;1.0;6.0;47.79968643;-1.46260285;2024-07-05 21:20:00
202400009484.0;5;55;55351;1;1;1.0;7.0;49.522102;5.383751;2024-03-18 19:45:00
202400009485.0;1;46;46102;2;1;1.0;6.0;44.60808;2.040206;2024-03-18 18:15:00
202400009486.0;1;31;31182;2;1;7.0;3.0;43.699132;1.398155;2024-07-05 17:20:00
202400009487.0;4;38;38174;2;2;1.0;6.0;45.390309;5.362288;2024-07-06 01:10:00
202400009488.0;1;33;33256;1;1;1.0;1.0;44.9944297;-0.59354603;2024-03-15 17:00:00
202400009489.0;1;3;3254;1;1;1.0;3.0;46.316999;3.331776;2024-07-05 15:40:00
202400009490.0;1;35;35105;1;1;1.0;1.0;48.1031;-1.099636;2024-03-18 17:30:00
202400009491.0;1;60;60141;2;1;1.0;6.0;49.189575;2.462755;2024-03-18 12:30:00
202400009492.0;1;70;70578;1;2;1.0;2.0;47.325611;5.888726;2024-07-05 19:00:00
202400009493.0;1;13;13215;1;1;1.0;3.0;43.37;5.36;2024-03-14 08:20:00
202400009494.0;1;72;72039;1;2;1.0;3.0;48.173752;0.414219;2024-07-05 09:30:00
202400009495.0;1;83;83129;1;1;1.0;4.0;43.12046952;5.84538608;2024-03-18 08:15:00
202400009496.0;1;72;72319;1;9;1.0;3.0;48.131575;0.091678;2024-06-25 17:25:00
202400009497.0;1;9;9228;1;1;1.0;1.0;42.739968;1.786394;2024-07-03 13:55:00
202400009498.0;1;57;57672;1;1;1.0;4.0;49.34837;6.16012;2024-03-16 15:00:00
202400009499.0;1;59;59507;1;1;8.0;7.0;50.61266;3.0876;2024-03-15 11:43:00
202400009500.0;1;45;45276;2;1;1.0;5.0;47.625496;2.732528;2024-07-05 18:20:00
202400009501.0;1;95;95154;1;1;2.0;6.0;49.03391905;2.5402584;2024-03-15 13:05:00
202400009502.0;1;988;98818;2;3;1.0;3.0;-22.23993;166.44752;2024-03-16 15:00:00
202400009503.0;2;73;73110;1;2;1.0;6.0;45.627856;6.434416;2024-07-05 21:00:00
202400009504.0;1;988;98818;2;1;8.0;6.0;-22.24441;166.4495;2024-03-16 10:42:00
202400009505.0;1;18;18169;1;1;1.0;3.0;46.726369;2.435143;2024-07-05 15:00:00
202400009506.0;1;974;97409;2;1;1.0;2.0;-20.93703;55.64868;2024-03-17 18:00:00
202400009507.0;1;10;10087;2;1;1.0;3.0;47.956633;4.066755;2024-07-05 17:45:00
202400009508.0;2;36;36001;1;1;1.0;6.0;46.44821802;1.80390917;2024-07-05 21:45:00
202400009509.0;1;69;69388;2;3;8.0;3.0;45.7358;4.85314;2024-03-17 11:35:00
202400009510.0;5;972;97213;1;9;1.0;6.0;14.64561552;-60.99070887;2024-03-16 20:50:00
202400009511.0;1;7;7291;1;1;1.0;1.0;44.34682008;4.5012995;2024-07-06 14:40:00
202400009512.0;1;972;97209;1;1;1.0;2.0;14.62217;-61.06046;2024-03-17 16:30:00
202400009513.0;1;7;7110;2;4;1.0;7.0;44.4808;4.23928;2024-07-05 20:05:00
202400009514.0;1;972;97209;2;1;1.0;2.0;14.61349;-61.07211;2024-03-17 12:25:00
202400009515.0;1;7;7260;2;3;1.0;3.0;44.712437;4.712405;2024-07-05 18:15:00
202400009516.0;5;972;97209;1;1;2.0;6.0;14.61135;-61.08008;2024-03-16 05:20:00
202400009517.0;1;53;53245;1;2;1.0;2.0;48.305852;-0.998946;2024-07-06 10:40:00
202400009518.0;2;69;69142;2;1;2.0;3.0;45.71906;4.81832;2024-03-17 17:00:00
202400009519.0;5;69;69034;2;1;2.0;7.0;45.81055;4.85793;2024-03-17 19:10:00
202400009520.0;1;21;21089;1;1;1.0;7.0;47.103035;5.12171;2024-07-05 18:15:00
202400009521.0;2;21;21616;1;1;1.0;6.0;46.955294;4.816668;2024-07-06 19:15:00
202400009522.0;1;76;76476;2;1;1.0;1.0;49.48211;0.58491;2024-03-16 15:00:00
202400009523.0;1;70;70513;1;1;1.0;7.0;47.64547;6.10032;2024-03-16 15:40:00
202400009524.0;1;40;40218;2;2;1.0;3.0;43.94885;0.011347;2024-07-05 20:15:00
202400009525.0;3;4;4167;1;1;1.0;6.0;44.167707;6.247519;2024-07-06 00:30:00
202400009526.0;1;69;69256;2;3;8.0;1.0;45.77716;4.9248;2024-03-17 16:55:00
202400009527.0;1;85;85295;1;1;1.0;6.0;47.003267;-1.27315;2024-07-06 08:40:00
202400009528.0;1;64;64373;2;1;1.0;1.0;43.28661;-0.35971;2024-03-17 16:52:00
202400009529.0;3;68;68066;1;1;1.0;1.0;48.09461826;7.38249484;2024-07-06 00:05:00
202400009530.0;3;62;62126;2;1;1.0;6.0;50.52293819;2.67037426;2024-03-16 23:00:00
202400009531.0;1;10;10380;1;1;1.0;7.0;48.528242;4.181082;2024-07-06 08:15:00
202400009532.0;1;62;62108;2;1;1.0;3.0;50.40816;1.59094;2024-03-16 15:00:00
202400009533.0;1;6;6085;2;1;1.0;3.0;43.611355;6.977879;2024-07-06 10:15:00
202400009534.0;4;61;61169;2;2;2.0;3.0;48.746476;-0.569703;2024-03-16 05:55:00
202400009535.0;1;69;69039;2;3;1.0;3.0;45.980458;4.507656;2024-07-05 19:00:00
202400009536.0;5;60;60175;2;1;2.0;6.0;49.25309;2.48698;2024-03-15 20:50:00
202400009537.0;1;13;13001;1;1;1.0;2.0;43.51195759;5.45536187;2024-07-05 17:40:00
202400009538.0;4;59;59512;2;2;1.0;3.0;50.67375;3.19329;2024-03-17 22:20:00
202400009539.0;1;17;17146;1;3;1.0;2.0;45.90549;-0.947759;2024-07-05 09:40:00
202400009540.0;5;59;59512;2;3;2.0;6.0;50.69785;3.16671;2024-03-17 22:05:00
202400009541.0;1;59;59244;1;1;1.0;2.0;50.15371105;3.14976832;2024-07-06 15:25:00
202400009542.0;1;56;56260;2;1;1.0;7.0;47.66733;-2.72519;2024-03-17 16:51:00
202400009543.0;2;42;42170;1;1;1.0;6.0;46.01835;4.1256;2024-03-17 07:45:00
202400009544.0;1;13;13051;1;1;1.0;2.0;43.57665915;5.2114392;2024-07-03 17:00:00
202400009545.0;1;987;98748;1;1;1.0;2.0;-17.772882;-149.309349;2024-07-05 08:40:00
202400009546.0;1;38;38185;2;9;1.0;2.0;45.16852;5.73049;2024-03-16 15:30:00
202400009547.0;1;971;97115;1;1;1.0;6.0;16.257887;-61.636713;2024-07-05 18:00:00
202400009548.0;5;38;38053;1;1;1.0;6.0;45.58419;5.28876;2024-03-16 05:17:00
202400009549.0;2;36;36044;2;1;2.0;6.0;46.80768727;1.69784367;2024-03-02 20:30:00
202400009550.0;3;77;77257;1;1;1.0;3.0;49.032768;3.004503;2024-07-06 00:45:00
202400009551.0;3;95;95535;1;1;1.0;6.0;49.06665389;1.96151718;2024-07-04 23:25:00
202400009552.0;3;36;36063;1;9;8.0;3.0;46.83926;1.67546;2024-03-16 23:45:00
202400009553.0;1;34;34090;2;1;7.0;6.0;43.642287;3.942619;2024-07-05 19:00:00
202400009554.0;1;34;34172;2;1;1.0;7.0;43.603695;3.88984;2024-03-17 17:25:00
202400009555.0;1;83;83065;2;3;1.0;3.0;43.264113;6.621966;2024-07-06 13:05:00
202400009556.0;5;28;28404;2;9;2.0;7.0;48.720499;1.359234;2024-03-17 03:10:00
202400009557.0;1;13;13081;1;1;1.0;3.0;43.496892;5.215019;2024-07-05 16:42:00
202400009558.0;1;58;58160;2;1;2.0;3.0;46.999672;3.090768;2024-07-06 13:50:00
202400009559.0;1;25;25462;2;6;1.0;3.0;46.90236;6.34631;2024-03-17 10:40:00
202400009560.0;3;73;73290;1;1;1.0;6.0;45.215135;6.967006;2024-07-02 02:30:00
202400009561.0;5;25;25056;2;1;1.0;6.0;47.229793;6.02413;2024-03-17 03:50:00
202400009562.0;2;38;38087;2;1;1.0;2.0;45.58707;4.78611;2024-07-05 19:50:00
202400009563.0;5;22;22113;2;1;1.0;6.0;48.748;-3.48412;2024-03-17 19:35:00
202400009564.0;1;7;7322;1;1;3.0;6.0;44.675859;4.247247;2024-06-20 14:50:00
202400009565.0;1;14;14118;2;1;2.0;3.0;49.178629;-0.3590276;2024-03-15 16:08:00
202400009566.0;1;1;1043;2;2;2.0;3.0;45.835232;4.999514;2024-07-06 16:32:00
202400009567.0;2;13;13117;2;3;1.0;3.0;43.43553;5.26386;2024-03-17 18:30:00
202400009568.0;1;1;1160;2;1;1.0;6.0;46.258211;6.113055;2024-07-04 17:20:00
202400009569.0;2;81;81219;1;1;1.0;3.0;43.5787806;1.9984578;2024-07-05 18:50:00
202400009570.0;4;13;13208;2;1;1.0;4.0;43.25521944;5.37628953;2024-03-17 22:30:00
202400009571.0;1;31;31263;1;1;1.0;1.0;43.402682;1.397544;2024-06-30 18:50:00
202400009572.0;1;17;17452;1;1;1.0;7.0;45.720533;-1.229546;2024-07-06 17:45:00
202400009573.0;1;13;13213;2;4;1.0;3.0;43.3201407;5.40945768;2024-03-17 13:45:00
202400009574.0;1;16;16078;1;1;1.0;6.0;45.741272;0.1882696;2024-07-06 16:21:00
202400009575.0;1;85;85113;2;1;1.0;7.0;46.728022;-2.349089;2024-07-03 11:30:00
202400009576.0;1;53;53119;1;1;1.0;7.0;48.0365;-0.777196;2024-07-05 19:40:00
202400009577.0;5;13;13201;2;2;1.0;3.0;43.30349;5.38597;2024-03-17 00:30:00
202400009578.0;1;22;22178;1;1;1.0;3.0;48.695932;-3.025006;2024-07-06 16:20:00
202400009579.0;1;6;6004;2;2;1.0;3.0;43.5722091;7.1044154;2024-03-17 14:20:00
202400009580.0;1;22;22162;1;1;2.0;1.0;48.76278;-3.016798;2024-07-06 13:35:00
202400009581.0;1;75;75112;2;1;2.0;3.0;48.831344;2.404078;2024-03-17 14:10:00
202400009582.0;1;75;75117;2;1;1.0;7.0;48.88260497;2.28311026;2024-03-16 13:35:00
202400009583.0;1;60;60575;2;1;1.0;6.0;49.29002;2.20053;2024-07-06 11:05:00
202400009584.0;1;60;60542;1;1;7.0;1.0;49.412202;2.188725;2024-07-06 20:13:00
202400009585.0;2;80;80212;2;1;1.0;6.0;49.911675;2.50263;2024-07-05 22:00:00
202400009586.0;1;75;75113;2;1;1.0;3.0;48.825237;2.385529;2024-03-15 13:20:00
202400009587.0;1;80;80307;1;1;1.0;2.0;49.943508;2.852379;2024-07-05 19:40:00
202400009588.0;5;75;75115;2;2;1.0;6.0;48.842869;2.312388;2024-03-17 19:35:00
202400009589.0;1;13;13215;1;1;1.0;2.0;43.34667;5.37269;2024-07-04 18:20:00
202400009590.0;5;94;94018;2;1;1.0;3.0;48.82588;2.39263;2024-03-16 21:10:00
202400009591.0;1;13;13033;1;1;1.0;3.0;43.37409;5.19657;2024-06-30 18:42:00
202400009592.0;5;93;93039;2;1;1.0;1.0;48.934693;2.339023;2024-03-16 23:15:00
202400009593.0;3;13;13056;1;1;1.0;2.0;43.39834;5.04607;2024-07-05 03:20:00
202400009594.0;5;13;13210;1;1;1.0;6.0;43.28259;5.39401;2024-07-03 00:01:00
202400009595.0;1;83;83144;2;1;1.0;4.0;43.13525855;5.99079429;2024-07-04 15:35:00
202400009596.0;3;33;33039;1;1;1.0;2.0;44.78868;-0.54106;2024-07-05 03:55:00
202400009597.0;1;93;93046;2;2;2.0;6.0;48.91042;2.52458;2024-03-17 12:40:00
202400009598.0;1;91;91689;1;1;1.0;3.0;48.74173508;2.32163161;2024-07-05 06:30:00
202400009599.0;1;92;92024;2;2;1.0;3.0;48.90088757;2.30804157;2024-03-17 18:35:00
202400009600.0;1;78;78640;1;1;1.0;3.0;48.778045;2.213659;2024-07-04 17:30:00
202400009601.0;1;92;92012;2;3;1.0;6.0;48.83499664;2.25167871;2024-03-16 14:10:00
202400009602.0;1;78;78423;1;1;1.0;2.0;48.797964;2.008509;2024-07-04 07:55:00
202400009603.0;1;92;92002;2;1;1.0;4.0;48.76693;2.31031;2024-03-16 15:50:00
202400009604.0;1;78;78646;1;1;8.0;2.0;48.793376;2.080828;2024-07-03 16:25:00
202400009605.0;1;93;93008;1;1;1.0;2.0;48.90624472;2.45978415;2024-07-05 15:30:00
202400009606.0;1;60;60149;1;1;1.0;7.0;49.327779;2.686522;2024-03-17 17:00:00
202400009607.0;1;93;93007;1;1;1.0;2.0;48.93347428;2.48088336;2024-07-05 15:15:00
202400009608.0;1;59;59511;1;1;1.0;3.0;50.446492;3.348126;2024-03-18 17:15:00
202400009609.0;1;95;95563;1;1;1.0;6.0;49.01010159;2.23152626;2024-07-05 14:00:00
202400009610.0;1;80;80155;1;1;1.0;3.0;50.11482;2.012853;2024-03-16 15:15:00
202400009611.0;1;95;95306;1;1;1.0;7.0;48.99605104;2.1811692;2024-07-05 12:00:00
202400009612.0;1;82;82097;1;1;1.0;6.0;43.9312706;0.93438312;2024-03-17 12:00:00
202400009613.0;1;82;82044;2;1;1.0;6.0;43.945011;1.367267;2024-02-07 10:00:00
202400009614.0;3;41;41080;1;9;2.0;6.0;47.332814;1.165277;2024-03-17 05:00:00
202400009615.0;1;976;97611;2;7;1.0;3.0;-12.771;45.224;2024-07-03 07:25:00
202400009616.0;1;22;22025;2;6;1.0;7.0;48.407933;-3.405625;2024-03-15 15:30:00
202400009617.0;1;976;97611;2;1;1.0;2.0;-12.75932;45.2299;2024-07-03 06:50:00
202400009618.0;5;974;97416;2;1;1.0;3.0;-21.34367;55.46963;2024-07-04 17:40:00
202400009619.0;2;31;31280;1;1;1.0;1.0;43.260019;1.321235;2024-03-18 17:45:00
202400009620.0;1;974;97411;2;1;1.0;2.0;-20.8978;55.476;2024-07-04 11:30:00
202400009621.0;3;973;97302;1;1;1.0;2.0;4.90716;-52.32267;2024-07-04 19:15:00
202400009622.0;2;973;97302;2;1;3.0;3.0;4.93687;-52.326;2024-06-27 18:33:00
202400009623.0;1;973;97302;2;1;1.0;3.0;4.9442;-52.30948;2024-07-04 17:01:00
202400009624.0;5;973;97302;2;1;1.0;3.0;4.9422;-52.3048;2024-07-03 23:30:00
202400009625.0;5;973;97302;2;1;1.0;7.0;4.90425;-52.3177;2024-07-03 01:55:00
202400009626.0;5;69;69388;2;2;1.0;3.0;45.732407;4.86400338;2024-07-04 01:00:00
202400009627.0;3;972;97213;2;6;1.0;3.0;14.6185;-61.00457;2024-07-03 20:15:00
202400009628.0;1;972;97209;2;1;1.0;3.0;14.6044;-61.0594;2024-07-03 13:00:00
202400009629.0;1;69;69149;2;2;1.0;3.0;45.69769;4.82468;2024-07-03 10:15:00
202400009630.0;1;2B;2B120;2;1;1.0;2.0;42.3812;9.274;2024-07-04 15:50:00