Num_Acc;lum;departement;commune;agglomeration;intersection;meteo;type_collision;lat;long;date
202400009631.0;4;971;97101;1;1;1.0;6.0;16.25078;-61.52779;2024-07-02 22:15:00
202400009632.0;1;2A;2A004;2;6;1.0;3.0;41.94617;8.77221;2024-07-04 13:05:00
202400009633.0;1;95;95288;2;2;1.0;3.0;48.99076997;2.3502481;2024-07-04 21:00:00
202400009634.0;1;95;95555;2;1;1.0;3.0;48.96323737;2.29105766;2024-07-04 13:20:00
202400009635.0;1;91;91549;2;1;1.0;2.0;48.64639;2.3352;2024-07-03 19:35:00
202400009636.0;1;91;91421;2;1;8.0;2.0;48.695393;2.453022;2024-07-03 17:50:00
202400009637.0;3;88;88463;1;1;1.0;7.0;48.24098;6.89396;2024-07-04 22:05:00
202400009638.0;1;87;87085;1;1;1.0;6.0;45.8796055;1.28845306;2024-07-03 19:30:00
202400009639.0;1;84;84007;2;1;1.0;1.0;43.953476;4.82043;2024-07-03 16:55:00
202400009640.0;1;83;83137;2;1;1.0;6.0;43.13078;5.9607;2024-07-04 15:05:00
202400009641.0;1;83;83061;1;4;1.0;3.0;43.42417;6.71266;2024-07-04 07:10:00
202400009642.0;3;83;83061;2;1;1.0;1.0;43.37283;6.7145;2024-06-29 23:17:00
202400009643.0;1;81;81163;2;2;2.0;3.0;43.49172923;2.37282978;2024-07-03 10:35:00
202400009644.0;2;81;81004;1;1;1.0;2.0;43.91621;2.16209;2024-07-04 21:15:00
202400009645.0;1;79;79329;2;2;1.0;3.0;46.98483;-0.21863;2024-07-04 12:50:00
202400009646.0;1;77;77014;2;1;1.0;4.0;48.41871;2.73701;2024-06-21 18:45:00
202400009647.0;1;76;76216;2;1;1.0;3.0;49.46001774;1.05481155;2024-07-04 18:25:00
202400009648.0;5;76;76540;2;2;2.0;6.0;49.43995;1.0892;2024-07-04 03:25:00
202400009649.0;1;74;74012;2;1;1.0;6.0;46.1989;6.24;2024-07-03 11:22:00
202400009650.0;1;74;74305;1;9;1.0;3.0;46.20038;6.27546;2024-07-03 19:00:00
202400009651.0;1;72;72181;2;1;1.0;3.0;48.01308;0.222721;2024-07-03 15:15:00
202400009652.0;1;71;71499;2;1;1.0;1.0;46.6527;4.3078;2024-07-04 07:15:00
202400009653.0;1;69;69266;2;2;8.0;3.0;45.77923607;4.85954242;2024-07-03 10:45:00
202400009654.0;1;69;69264;2;1;1.0;2.0;45.98214;4.74163;2024-07-04 18:40:00
202400009655.0;5;68;68297;2;9;1.0;3.0;47.60546;7.54291;2024-07-04 00:24:00
202400009656.0;1;65;65286;2;1;1.0;3.0;43.09975;-0.03992;2024-07-03 17:10:00
202400009657.0;1;64;64545;2;3;1.0;6.0;43.36252;-1.69804;2024-07-03 16:30:00
202400009658.0;1;64;64132;2;1;8.0;3.0;43.28924;-0.35448;2024-07-04 14:25:00
202400009659.0;1;64;64132;2;6;1.0;3.0;43.30548;-0.32899;2024-07-04 10:20:00
202400009660.0;1;63;63113;1;3;1.0;3.0;45.78298046;3.1184274;2024-07-04 09:05:00
202400009661.0;1;62;62250;2;1;1.0;6.0;50.44789;2.94404;2024-07-03 09:55:00
202400009662.0;1;62;62193;2;2;1.0;3.0;50.94505;1.86774;2024-07-04 15:55:00
202400009663.0;1;62;62457;2;1;1.0;7.0;50.45874852;2.52241802;2024-07-04 10:40:00
202400009664.0;1;59;59431;1;2;1.0;3.0;50.68331;2.84068;2024-06-28 19:50:00
202400009665.0;1;56;56260;2;1;1.0;4.0;47.668918;-2.767171;2024-07-04 18:00:00
202400009666.0;1;56;56260;2;9;1.0;3.0;47.66011;-2.78794;2024-07-03 17:00:00
202400009667.0;1;56;56260;2;1;2.0;7.0;47.639;-2.768;2024-07-03 15:17:00
202400009668.0;1;51;51454;2;1;1.0;3.0;49.24408;4.04971;2024-07-04 10:30:00
202400009669.0;5;51;51454;2;2;2.0;3.0;49.26999;4.02221;2024-07-04 04:20:00
202400009670.0;1;51;51454;2;1;1.0;4.0;49.23766;4.04455;2024-07-03 18:07:00
202400009671.0;1;50;50218;2;1;1.0;3.0;48.83767;-1.53946;2024-07-03 16:55:00
202400009672.0;1;50;50129;2;7;1.0;3.0;49.63385;-1.62239;2024-07-03 11:15:00
202400009673.0;1;49;49099;2;2;1.0;3.0;47.07375;-0.86762;2024-06-12 09:15:00
202400009674.0;1;47;47031;2;1;1.0;1.0;44.1845;0.63234;2024-07-04 14:35:00
202400009675.0;1;47;47001;2;1;1.0;2.0;44.19407;0.62427;2024-07-03 17:10:00
202400009676.0;1;45;45302;2;1;1.0;6.0;47.945141;1.895244;2024-07-04 17:40:00
202400009677.0;2;45;45338;1;9;1.0;6.0;47.9811;2.7085;2024-07-03 21:46:00
202400009678.0;3;45;45338;2;1;1.0;6.0;47.982756;2.706569;2024-07-03 02:28:00
202400009679.0;1;44;44162;2;6;1.0;6.0;47.20862263;-1.61206752;2024-07-04 21:00:00
202400009680.0;2;95;95572;1;1;1.0;3.0;49.04477365;2.12970186;2024-11-26 17:00:00
202400009681.0;1;93;93048;1;1;2.0;2.0;48.87128596;2.43253383;2024-11-25 14:50:00
202400009682.0;1;93;93053;1;1;2.0;3.0;48.89906682;2.46975562;2024-11-25 08:35:00
202400009683.0;5;95;95018;1;1;2.0;3.0;48.95083853;2.27990658;2024-11-25 07:25:00
202400009684.0;3;95;95218;1;1;1.0;4.0;49.03585049;2.09574401;2024-11-23 18:30:00
202400009685.0;3;94;94028;1;1;1.0;2.0;48.79871719;2.44499982;2024-11-26 18:15:00
202400009686.0;1;82;82033;1;3;8.0;6.0;44.03414427;1.17438868;2024-09-23 11:37:00
202400009687.0;1;84;84125;1;1;1.0;6.0;44.182439;5.372038;2024-09-15 16:50:00
202400009688.0;4;84;84081;1;1;6.0;6.0;43.92453989;4.91334991;2024-09-15 04:15:00
202400009689.0;1;84;84007;1;1;1.0;2.0;43.9088;4.88647;2024-09-14 10:00:00
202400009690.0;1;84;84089;2;1;1.0;7.0;43.696657;5.519621;2024-09-13 17:40:00
202400009691.0;1;84;84007;2;1;1.0;1.0;43.92368;4.79971;2024-09-12 19:30:00
202400009692.0;1;93;93029;2;6;1.0;6.0;48.91501;2.43139;2024-04-30 18:30:00
202400009693.0;1;74;74010;1;1;2.0;1.0;45.838061;6.059464;2024-09-09 11:00:00
202400009694.0;1;93;93029;2;6;2.0;2.0;48.91725547;2.42966661;2024-04-27 18:00:00
202400009695.0;1;93;93029;2;2;1.0;3.0;48.923464;2.445785;2024-04-23 16:18:00
202400009696.0;1;93;93029;2;1;1.0;2.0;48.922975;2.445841;2024-03-19 17:22:00
202400009697.0;5;93;93027;2;3;2.0;3.0;48.91941;2.4136;2024-03-13 06:15:00
202400009698.0;1;93;93029;2;1;1.0;3.0;48.91774747;2.43018869;2024-03-07 08:55:00
202400009699.0;1;93;93029;2;1;2.0;6.0;48.91744203;2.44792879;2024-03-05 08:25:00
202400009700.0;1;93;93029;2;2;1.0;3.0;48.91773458;2.43112273;2024-03-04 08:10:00
202400009701.0;1;93;93029;2;1;1.0;3.0;48.92351;2.46052;2024-03-29 15:00:00
202400009702.0;1;93;93029;2;3;8.0;3.0;48.91862;2.44886;2024-02-21 12:10:00
202400009703.0;3;56;56098;2;8;1.0;3.0;47.75952;-3.34634;2024-09-12 22:22:00
202400009704.0;1;93;93029;2;2;8.0;6.0;48.91983911;2.45138884;2024-02-11 14:40:00
202400009705.0;1;54;54547;2;3;1.0;3.0;48.67176835;6.18084624;2024-09-13 15:10:00
202400009706.0;1;93;93029;2;1;3.0;1.0;48.91955035;2.4460955;2024-02-10 17:08:00
202400009707.0;1;54;54323;2;1;7.0;6.0;49.51828;5.76339;2024-09-13 13:45:00
202400009708.0;5;93;93029;2;1;1.0;6.0;48.9231;2.44664;2024-02-09 22:45:00
202400009709.0;3;51;51454;2;4;2.0;3.0;49.22527;4.026;2024-09-12 23:00:00
202400009710.0;1;93;93029;2;2;1.0;3.0;48.9162;2.46504;2024-02-02 12:45:00
202400009711.0;1;51;51108;2;1;1.0;6.0;48.96042;4.37296;2024-09-12 18:17:00
202400009712.0;5;93;93029;2;1;1.0;6.0;48.93202;2.45542;2024-01-24 18:00:00
202400009713.0;1;50;50147;2;1;1.0;6.0;49.04995;-1.44406;2024-09-13 11:10:00
202400009714.0;1;93;93029;2;2;1.0;6.0;48.91756635;2.45016289;2024-01-16 11:30:00
202400009715.0;5;49;49007;2;1;1.0;6.0;47.45812;-0.53395;2024-09-14 00:25:00
202400009716.0;1;93;93029;2;6;2.0;6.0;48.91491968;2.43158072;2024-01-02 13:40:00
202400009717.0;1;49;49007;2;1;1.0;3.0;47.46777;-0.54829;2024-09-13 12:35:00
202400009718.0;5;93;93029;2;1;2.0;3.0;48.91552544;2.44231127;2024-01-06 19:35:00
202400009719.0;1;45;45147;2;3;1.0;3.0;47.93528;1.91752;2024-09-13 14:15:00
202400009720.0;1;44;44162;2;6;1.0;3.0;47.22324;-1.61242;2024-09-13 19:56:00
202400009721.0;2;988;98818;2;1;1.0;1.0;-22.26808;166.42998;2024-11-16 05:10:00
202400009722.0;4;42;42184;2;1;1.0;6.0;46.05324;4.05451;2024-09-13 04:15:00
202400009723.0;1;78;78117;1;1;1.0;2.0;48.78739755;2.14639485;2024-04-25 17:05:00
202400009724.0;1;987;98735;2;3;1.0;3.0;-17.534;-149.56;2024-11-12 17:13:00
202400009725.0;1;37;37261;2;1;1.0;7.0;47.37476;0.67891;2024-09-13 12:50:00
202400009726.0;1;37;37261;2;6;1.0;2.0;47.43206;0.69702;2024-09-13 09:20:00
202400009727.0;1;92;92063;1;1;1.0;2.0;48.87144806;2.15681022;2024-04-24 07:35:00
202400009728.0;1;974;97416;2;3;1.0;3.0;-21.34331;55.48213;2024-11-25 08:25:00
202400009729.0;1;93;93005;1;1;1.0;2.0;48.93850214;2.47965223;2024-04-25 07:50:00
202400009730.0;5;974;97411;2;3;2.0;3.0;-20.89268;55.46392;2024-11-25 21:10:00
202400009731.0;5;35;35238;2;2;1.0;3.0;48.09527;-1.63761;2024-09-13 21:25:00
202400009732.0;1;93;93066;1;1;1.0;2.0;48.90752236;2.35821845;2024-04-24 17:20:00
202400009733.0;5;974;97411;2;2;2.0;3.0;-20.87985;55.45451;2024-11-24 20:15:00
202400009734.0;1;35;35115;1;1;1.0;4.0;48.33918;-1.21285;2024-09-13 17:45:00
202400009735.0;1;94;94044;1;1;1.0;2.0;48.75735007;2.47768368;2024-04-25 14:30:00
202400009736.0;5;974;97411;1;1;1.0;6.0;-20.88735;55.44095;2024-11-24 01:07:00
202400009737.0;5;34;34172;2;1;1.0;2.0;43.6137;3.8862;2024-09-13 20:25:00
202400009738.0;1;94;94081;1;1;1.0;7.0;48.77482657;2.41105832;2024-04-25 09:00:00
202400009739.0;1;973;97302;2;1;1.0;3.0;4.93266;-52.30823;2024-11-25 09:18:00
202400009740.0;1;34;34172;2;1;1.0;3.0;43.60686;3.89313;2024-09-13 14:20:00
202400009741.0;5;973;97302;2;3;1.0;3.0;4.93389474;-52.32710284;2024-11-24 23:13:00
202400009742.0;5;33;33318;2;1;1.0;1.0;44.81188;-0.6211;2024-09-13 21:30:00
202400009743.0;5;62;62033;1;2;2.0;2.0;50.45304;2.87632;2024-02-18 18:45:00
202400009744.0;5;33;33522;2;3;1.0;1.0;44.79622;-0.59236;2024-09-13 20:30:00
202400009745.0;5;69;69152;2;2;8.0;3.0;45.69765;4.82477;2024-11-25 19:40:00
202400009746.0;5;974;97411;2;1;1.0;1.0;-20.90808;55.50394;2024-04-24 18:00:00
202400009747.0;3;971;97113;1;1;1.0;6.0;16.21374;-61.42463;2024-11-23 05:30:00
202400009748.0;4;974;97411;2;1;1.0;6.0;-20.90229;55.5031;2024-04-24 02:10:00
202400009749.0;1;33;33281;2;3;1.0;3.0;44.83205;-0.62675;2024-09-13 12:30:00
202400009750.0;5;95;95427;2;1;2.0;1.0;48.97700752;2.34837999;2024-11-25 21:05:00
202400009751.0;1;33;33281;2;4;1.0;3.0;44.838495;-0.618851;2024-09-13 12:00:00
202400009752.0;5;69;69388;2;3;1.0;3.0;45.73188;4.86051;2024-04-24 22:50:00
202400009753.0;2;95;95288;2;1;3.0;6.0;48.9852119;2.35666741;2024-11-25 08:15:00
202400009754.0;1;33;33281;2;6;1.0;6.0;44.82374;-0.65033;2024-09-13 08:25:00
202400009755.0;1;69;69388;2;8;1.0;6.0;45.73409;4.86402;2024-04-24 10:35:00
202400009756.0;2;91;91477;2;1;2.0;6.0;48.72101;2.26127;2024-11-25 08:00:00
202400009757.0;2;33;33318;2;2;1.0;1.0;44.80078;-0.60851;2024-09-13 08:10:00
202400009758.0;1;972;97213;1;1;1.0;3.0;14.62891;-61.02826;2024-04-24 17:08:00
202400009759.0;1;91;91201;2;3;1.0;6.0;48.690287;2.411121;2024-11-24 14:35:00
202400009760.0;5;33;33063;2;1;2.0;6.0;44.87481;-0.55063;2024-09-13 04:30:00
202400009761.0;1;972;97209;2;4;1.0;5.0;14.6248;-61.05089;2024-04-22 08:55:00
202400009762.0;1;91;91691;2;1;1.0;6.0;48.72072;2.51169;2024-11-23 16:30:00
202400009763.0;5;87;87085;2;1;1.0;6.0;45.83138;1.26099;2024-11-22 18:24:00
202400009764.0;1;31;31555;2;1;1.0;6.0;43.63671834;1.44244641;2024-09-13 17:50:00
202400009765.0;1;69;69034;2;6;1.0;2.0;45.80368;4.86082;2024-04-24 11:45:00
202400009766.0;3;87;87085;2;1;1.0;6.0;45.80378;1.25453;2024-11-24 05:20:00
202400009767.0;5;2A;2A004;2;1;1.0;1.0;41.91766155;8.7245661;2024-04-24 21:50:00
202400009768.0;3;31;31555;2;1;1.0;5.0;43.62112;1.41807;2024-09-13 04:20:00
202400009769.0;1;87;87085;2;2;1.0;3.0;45.86874;1.29646;2024-11-22 10:13:00
202400009770.0;1;88;88160;1;3;1.0;3.0;48.15007;6.45521;2024-04-23 17:00:00
202400009771.0;5;28;28134;2;1;1.0;1.0;48.73016;1.37963;2024-09-13 07:00:00
202400009772.0;1;87;87085;2;1;1.0;2.0;45.83522;1.26221;2024-04-22 16:32:00
202400009773.0;4;26;26362;1;1;1.0;2.0;44.9532988;4.93509293;2024-09-13 20:25:00
202400009774.0;1;85;85194;2;1;1.0;6.0;46.51366;-1.77569;2024-04-24 10:15:00
202400009775.0;1;17;17306;2;1;1.0;3.0;45.62727;-0.99741;2024-09-13 16:15:00
202400009776.0;2;84;84031;2;7;1.0;3.0;44.05588;5.05225;2024-11-25 07:30:00
202400009777.0;1;85;85194;2;3;1.0;6.0;46.49542;-1.77747;2024-04-19 13:55:00
202400009778.0;1;83;83069;2;1;8.0;7.0;43.11995;6.12909;2024-11-21 11:35:00
202400009779.0;1;85;85191;2;2;1.0;3.0;46.66381;-1.4111;2024-04-24 09:55:00
202400009780.0;1;17;17306;2;6;1.0;3.0;45.64303;-1.04779;2024-09-13 15:20:00
202400009781.0;3;78;78621;2;3;2.0;3.0;48.773149;1.992242;2024-11-25 18:20:00
202400009782.0;5;84;84007;2;2;1.0;3.0;43.943408;4.81901;2024-04-24 22:15:00
202400009783.0;1;14;14118;2;3;1.0;3.0;49.182247;-0.357259;2024-09-13 16:25:00
202400009784.0;1;13;13102;2;1;1.0;1.0;43.42244;5.23344;2024-09-11 15:50:00
202400009785.0;1;83;83103;1;1;1.0;3.0;43.16873241;5.92073143;2024-04-24 07:20:00
202400009786.0;5;77;77373;2;2;1.0;6.0;48.78158;2.61832;2024-11-24 20:35:00
202400009787.0;1;13;13201;2;1;1.0;6.0;43.29886;5.37413;2024-09-12 15:10:00
202400009788.0;3;77;77495;1;9;8.0;6.0;48.5541149;2.62785827;2024-11-25 20:00:00
202400009789.0;1;83;83126;2;9;7.0;3.0;43.0918;5.87821;2024-04-24 18:40:00
202400009790.0;1;83;83050;2;1;1.0;6.0;43.53598646;6.46058485;2024-04-21 18:05:00
202400009791.0;5;76;76351;2;3;1.0;3.0;49.49154;0.1383;2024-11-24 05:00:00
202400009792.0;1;11;11069;1;1;1.0;5.0;43.225708;2.330236;2024-09-13 11:20:00
202400009793.0;1;82;82033;1;1;1.0;6.0;44.032329;1.099121;2024-04-23 13:20:00
202400009794.0;5;74;74010;2;3;1.0;3.0;45.90443;6.13426;2024-11-25 18:35:00
202400009795.0;1;10;10387;2;2;1.0;6.0;48.2866;4.0774;2024-09-13 15:42:00
202400009796.0;5;67;67482;2;1;6.0;6.0;48.59727;7.70461;2024-11-25 18:20:00
202400009797.0;1;10;10387;2;3;1.0;1.0;48.29929;4.07182;2024-09-12 19:14:00
202400009798.0;1;77;77269;2;1;1.0;4.0;48.5417833;2.68518801;2024-04-22 08:10:00
202400009799.0;4;62;62510;2;9;2.0;6.0;50.42907;2.74951;2024-11-25 07:25:00
202400009800.0;1;59;59599;2;2;2.0;6.0;50.737999;3.162314;2024-11-25 11:20:00
202400009801.0;1;9;9122;2;1;1.0;4.0;42.975112;1.60821;2024-09-13 13:00:00
202400009802.0;5;59;59650;2;2;1.0;3.0;50.70841;3.18628;2024-11-25 20:15:00
202400009803.0;1;7;7102;2;1;1.0;3.0;44.93912;4.87387;2024-09-12 07:55:00
202400009804.0;1;72;72181;2;2;1.0;3.0;47.99278415;0.17406464;2024-04-24 06:50:00
202400009805.0;1;6;6069;2;1;1.0;6.0;43.663697;6.931736;2024-09-13 08:40:00
202400009806.0;1;72;72181;2;9;1.0;2.0;47.98951;0.20581;2024-04-23 16:12:00
202400009807.0;1;75;75119;2;1;1.0;7.0;48.900581;2.386129;2024-09-13 09:05:00
202400009808.0;3;59;59560;1;1;2.0;2.0;50.53843;3.01842;2024-11-25 07:20:00
202400009809.0;1;71;71076;2;3;1.0;3.0;46.80148;4.8591;2024-04-24 19:13:00
202400009810.0;1;75;75115;2;1;2.0;3.0;48.828966;2.288562;2024-09-12 18:45:00
202400009811.0;1;58;58194;2;1;1.0;6.0;46.99303;3.1571;2024-11-22 10:10:00
202400009812.0;1;71;71076;2;1;2.0;3.0;46.77445;4.8647;2024-04-24 14:02:00
202400009813.0;1;75;75117;2;1;1.0;2.0;48.899447;2.318284;2024-09-12 17:40:00
202400009814.0;1;56;56260;2;6;1.0;3.0;47.66292;-2.76217;2024-11-25 08:20:00
202400009815.0;1;66;66136;2;1;1.0;6.0;42.70385;2.9431;2024-04-24 17:00:00
202400009816.0;3;56;56098;2;1;1.0;6.0;47.77624;-3.35807;2024-11-23 04:15:00
202400009817.0;1;75;75117;2;2;1.0;3.0;48.894467;2.313443;2024-09-13 14:50:00
202400009818.0;1;64;64335;2;1;1.0;2.0;43.32926;-0.44607;2024-04-24 07:45:00
202400009819.0;5;47;47001;2;2;2.0;6.0;44.19413;0.62824;2024-11-25 18:47:00
202400009820.0;5;64;64024;2;1;1.0;7.0;43.4815;-1.52083;2024-04-24 03:30:00
202400009821.0;1;75;75116;2;2;1.0;3.0;48.839559;2.263321;2024-09-12 08:50:00
202400009822.0;5;44;44109;2;6;8.0;2.0;47.21285;-1.55367;2024-11-25 22:10:00
202400009823.0;1;63;63113;2;1;1.0;6.0;45.76919;3.11889;2024-04-24 14:45:00
202400009824.0;1;75;75114;2;2;1.0;6.0;48.826139;2.328918;2024-09-12 10:20:00
202400009825.0;4;62;62570;2;1;1.0;6.0;50.4024;2.87876;2024-04-14 01:00:00
202400009826.0;1;38;38169;2;2;1.0;3.0;45.19993;5.69123;2024-11-25 08:25:00
202400009827.0;5;75;75113;2;2;1.0;3.0;48.832232;2.379769;2024-09-13 21:19:00
202400009828.0;1;56;56260;1;1;2.0;4.0;47.667003;-2.729657;2024-04-24 18:30:00
202400009829.0;2;37;37122;2;3;3.0;2.0;47.34372998;0.62750727;2024-11-25 08:35:00
202400009830.0;1;75;75113;2;2;1.0;3.0;48.832634;2.371002;2024-09-13 12:30:00
202400009831.0;1;56;56121;2;1;1.0;3.0;47.74805;-3.37012;2024-04-23 12:15:00
202400009832.0;3;36;36202;1;1;8.0;4.0;46.77048773;1.66333437;2024-11-25 18:15:00
202400009833.0;1;51;51454;2;2;1.0;6.0;49.24682;4.0439;2024-04-23 15:20:00
202400009834.0;1;75;75112;2;3;1.0;2.0;48.842934;2.405255;2024-09-12 08:35:00
202400009835.0;5;35;35238;2;3;1.0;3.0;48.11027404;-1.68510586;2024-11-25 19:20:00
202400009836.0;2;49;49007;2;1;1.0;3.0;47.44879;-0.56287;2024-04-23 20:00:00
202400009837.0;1;75;75108;2;1;1.0;6.0;48.876122;2.323639;2024-09-13 10:41:00
202400009838.0;5;31;31555;1;1;2.0;4.0;43.62449;1.41615;2024-11-25 19:15:00
202400009839.0;1;45;45208;2;2;1.0;3.0;48.00156579;2.72276683;2024-04-23 11:10:00
202400009840.0;5;75;75107;2;3;1.0;2.0;48.859839;2.300669;2024-09-13 03:10:00
202400009841.0;1;22;22278;2;1;1.0;3.0;48.5016;-2.73703;2024-11-24 14:50:00
202400009842.0;1;42;42044;2;2;1.0;6.0;45.39572;4.31793;2024-04-24 15:20:00
202400009843.0;1;75;75101;2;2;1.0;6.0;48.85723759;2.34709918;2024-09-13 16:20:00
202400009844.0;3;17;17415;2;1;1.0;6.0;45.735077;-0.644958;2024-11-25 07:25:00
202400009845.0;2;37;37261;2;6;8.0;3.0;47.3747;0.7163;2024-04-24 19:35:00
202400009846.0;1;75;75104;2;2;1.0;3.0;48.85082534;2.36144632;2024-09-13 10:20:00
202400009847.0;1;35;35238;2;1;1.0;3.0;48.10821;-1.70017;2024-04-24 08:45:00
202400009848.0;1;75;75102;2;2;1.0;3.0;48.868311;2.330316;2024-09-13 10:10:00
202400009849.0;1;34;34301;2;1;1.0;6.0;43.40723;3.67837;2024-04-24 16:50:00
202400009850.0;1;13;13039;1;1;2.0;5.0;43.47019;4.94536;2024-11-16 14:10:00
202400009851.0;1;94;94067;2;2;7.0;3.0;48.84749141;2.41863003;2024-09-13 08:15:00
202400009852.0;1;34;34198;2;1;1.0;3.0;43.573;3.945;2024-04-24 20:30:00
202400009853.0;5;13;13214;2;1;1.0;3.0;43.31646;5.38337;2024-11-25 20:30:00
202400009854.0;1;94;94044;2;1;1.0;6.0;48.751431;2.49006;2024-09-13 09:00:00
202400009855.0;1;34;34172;2;1;1.0;1.0;43.6408;3.81865;2024-04-21 17:10:00
202400009856.0;1;94;94058;2;1;8.0;3.0;48.8372;2.496;2024-09-13 17:10:00
202400009857.0;1;13;13203;2;4;8.0;3.0;43.30713;5.3752;2024-11-25 08:30:00
202400009858.0;1;34;34172;2;3;1.0;3.0;43.59737;3.86428;2024-04-24 09:36:00
202400009859.0;1;94;94058;2;2;1.0;5.0;48.8390143;2.50867546;2024-09-13 12:10:00
202400009860.0;1;75;75117;2;2;2.0;3.0;48.883269;2.319153;2024-11-25 09:30:00
202400009861.0;5;33;33281;2;1;1.0;2.0;44.82645;-0.62403;2024-04-24 22:00:00
202400009862.0;1;75;75116;2;1;2.0;6.0;48.872052;2.290906;2024-11-25 09:30:00
202400009863.0;3;94;94028;1;1;2.0;6.0;48.79159315;2.44820479;2024-09-12 20:45:00
202400009864.0;5;75;75116;2;1;1.0;6.0;48.864366;2.273838;2024-11-24 17:30:00
202400009865.0;1;94;94060;2;1;1.0;3.0;48.78424102;2.5786314;2024-09-13 19:25:00
202400009866.0;1;31;31555;2;3;2.0;3.0;43.56753;1.39741;2024-04-24 20:05:00
202400009867.0;1;75;75116;2;1;1.0;6.0;48.878021;2.259604;2024-11-24 14:15:00
202400009868.0;1;31;31555;2;1;1.0;3.0;43.64957;1.43878;2024-04-24 08:00:00
202400009869.0;3;75;75115;2;3;1.0;2.0;48.848609;2.302371;2024-11-25 20:45:00
202400009870.0;1;93;93064;2;1;1.0;2.0;48.87141691;2.48316217;2024-09-13 09:00:00
202400009871.0;1;27;27229;2;1;1.0;6.0;49.020002;1.146163;2024-04-24 09:05:00
202400009872.0;1;75;75114;2;3;8.0;3.0;48.837539;2.32305;2024-11-25 15:10:00
202400009873.0;1;25;25056;1;1;1.0;6.0;47.26526;6.00534;2024-04-24 16:05:00
202400009874.0;2;75;75114;2;2;1.0;6.0;48.83276;2.311552;2024-11-23 17:00:00
202400009875.0;1;93;93077;2;1;2.0;2.0;48.88201385;2.49681973;2024-09-13 17:20:00
202400009876.0;1;13;13056;2;1;1.0;1.0;43.40871;5.05626;2024-03-23 17:30:00
202400009877.0;1;75;75111;2;2;3.0;3.0;48.858727;2.378598;2024-11-25 08:20:00
202400009878.0;1;93;93046;2;2;1.0;3.0;48.92401;2.5391;2024-09-13 16:00:00
202400009879.0;1;13;13212;2;1;1.0;3.0;43.29657;5.41325;2024-04-24 11:05:00
202400009880.0;1;75;75110;2;1;2.0;7.0;48.874469;2.36173;2024-11-25 09:00:00
202400009881.0;2;93;93055;2;1;1.0;6.0;48.89160764;2.41490562;2024-09-13 07:15:00
202400009882.0;1;93;93051;2;1;1.0;6.0;48.84840612;2.54270554;2024-09-13 08:45:00
202400009883.0;5;75;75108;2;7;8.0;3.0;48.873488;2.296101;2024-11-25 18:35:00
202400009884.0;1;13;13213;2;1;1.0;7.0;43.34357644;5.4313996;2024-04-24 11:15:00
202400009885.0;1;93;93063;2;6;1.0;6.0;48.88329815;2.42448263;2024-09-13 16:00:00
202400009886.0;1;75;75108;2;3;3.0;3.0;48.877886;2.318158;2024-11-25 13:00:00
202400009887.0;1;11;11262;2;2;6.0;3.0;43.18278;2.97927;2024-04-23 21:05:00
202400009888.0;5;93;93014;2;9;1.0;6.0;48.9066094;2.53207602;2024-09-13 01:00:00
202400009889.0;1;75;75108;2;4;3.0;3.0;48.875038;2.306055;2024-11-25 11:40:00
202400009890.0;5;75;75103;2;2;2.0;7.0;48.86445;2.351657;2024-11-25 07:00:00
202400009891.0;1;93;93008;1;1;1.0;5.0;48.90566293;2.46954069;2024-09-13 15:00:00
202400009892.0;1;11;11069;1;1;1.0;4.0;43.22056;2.37983;2024-04-22 09:40:00
202400009893.0;1;94;94042;2;2;2.0;3.0;48.82004;2.47345;2024-11-25 16:10:00
202400009894.0;5;93;93008;2;8;1.0;3.0;48.90845287;2.4514367;2024-09-13 04:50:00
202400009895.0;2;94;94034;2;1;2.0;6.0;48.75576;2.32212;2024-11-25 16:10:00
202400009896.0;1;4;4112;2;1;1.0;2.0;43.83333;5.78333;2024-04-21 19:50:00
202400009897.0;1;93;93005;2;2;1.0;2.0;48.92588065;2.49079227;2024-09-13 18:00:00
202400009898.0;1;94;94022;2;9;2.0;3.0;48.766868;2.414539;2024-11-25 08:50:00
202400009899.0;1;75;75120;2;7;1.0;6.0;48.864904;2.398858;2024-04-24 15:35:00
202400009900.0;5;93;93071;2;1;1.0;3.0;48.93866365;2.51308863;2024-09-12 21:50:00
202400009901.0;5;94;94019;2;1;1.0;6.0;48.79289;2.52935;2024-11-24 00:10:00
202400009902.0;1;75;75119;2;3;1.0;7.0;48.880051;2.398437;2024-04-24 12:48:00
202400009903.0;1;92;92073;2;1;8.0;2.0;48.86527224;2.2194303;2024-09-10 17:30:00
202400009904.0;1;93;93078;2;1;2.0;6.0;48.95547;2.53292;2024-11-25 08:35:00
202400009905.0;1;92;92050;2;1;1.0;1.0;48.90781509;2.21369751;2024-09-13 10:00:00
202400009906.0;1;75;75116;2;3;1.0;3.0;48.856589;2.266333;2024-04-24 14:00:00
202400009907.0;2;92;92050;2;9;1.0;3.0;48.89435248;2.223351;2024-09-13 07:45:00
202400009908.0;1;93;93051;2;2;2.0;3.0;48.84778247;2.55276918;2024-11-25 14:38:00
202400009909.0;1;75;75115;2;3;2.0;6.0;48.839076;2.292344;2024-04-24 14:50:00
202400009910.0;5;93;93074;2;3;1.0;2.0;48.93505;2.56965;2024-11-25 19:30:00
202400009911.0;5;92;92044;2;2;1.0;3.0;48.89172;2.28679;2024-09-13 01:45:00
202400009912.0;1;75;75114;2;3;8.0;3.0;48.835363;2.329262;2024-04-24 18:00:00
202400009913.0;1;93;93057;2;4;2.0;6.0;48.89956698;2.49898911;2024-11-25 08:20:00
202400009914.0;1;92;92026;2;1;1.0;6.0;48.89787184;2.24041298;2024-09-13 09:30:00