Num_Acc;lum;departement;commune;agglomeration;intersection;meteo;type_collision;lat;long;date
202400009915.0;5;93;93005;2;1;2.0;6.0;48.95888667;2.47695006;2024-11-18 17:48:00
202400009916.0;1;92;92023;2;6;1.0;1.0;48.80030195;2.24897772;2024-09-13 18:05:00
202400009917.0;1;75;75113;2;3;1.0;3.0;48.831838;2.379118;2024-04-24 08:23:00
202400009918.0;2;92;92064;2;3;2.0;6.0;48.84889077;2.22087823;2024-11-18 16:40:00
202400009919.0;1;92;92012;2;1;1.0;3.0;48.83535;2.24252;2024-09-13 16:55:00
202400009920.0;1;75;75111;2;3;1.0;3.0;48.854771;2.372767;2024-04-24 12:55:00
202400009921.0;5;92;92051;2;3;1.0;3.0;48.87589241;2.2478722;2024-11-25 20:13:00
202400009922.0;1;92;92012;2;1;1.0;6.0;48.83573;2.24232;2024-09-13 12:12:00
202400009923.0;2;75;75117;2;3;1.0;7.0;48.882581;2.32206;2024-04-17 19:30:00
202400009924.0;1;92;92020;2;9;3.0;6.0;48.80414;2.28847;2024-11-25 11:29:00
202400009925.0;1;92;92004;2;1;1.0;3.0;48.91986892;2.27985229;2024-09-13 08:27:00
202400009926.0;1;92;92040;2;1;2.0;6.0;48.81887541;2.25817144;2024-11-25 08:55:00
202400009927.0;1;94;94078;2;4;1.0;3.0;48.72560904;2.44472153;2024-04-24 06:50:00
202400009928.0;1;92;92009;2;1;1.0;3.0;48.91974324;2.27538298;2024-09-13 07:55:00
202400009929.0;1;92;92025;2;2;1.0;6.0;48.92471752;2.24010676;2024-11-24 14:00:00
202400009930.0;1;94;94042;2;2;1.0;3.0;48.81491509;2.46328229;2024-04-29 12:30:00
202400009931.0;1;34;34202;1;1;1.0;1.0;43.585365;3.785563;2024-07-31 17:00:00
202400009932.0;2;92;92023;2;9;2.0;7.0;48.77702958;2.22972035;2024-11-25 05:50:00
202400009933.0;1;94;94058;2;1;1.0;6.0;48.834861;2.504757;2024-04-03 09:45:00
202400009934.0;1;92;92071;2;9;2.0;2.0;48.7789;2.28866;2024-11-25 12:10:00
202400009935.0;2;1;1089;1;4;1.0;1.0;45.968665;5.318064;2024-09-14 18:55:00
202400009936.0;5;92;92071;2;7;2.0;6.0;48.77817867;2.29068215;2024-11-25 07:39:00
202400009937.0;1;94;94038;2;6;1.0;3.0;48.77118;2.34986;2024-04-24 06:40:00
202400009938.0;1;40;40304;2;1;7.0;3.0;43.656707;-1.442031;2024-09-13 10:36:00
202400009939.0;1;94;94071;2;1;1.0;6.0;48.778836;2.51933;2024-04-24 18:00:00
202400009940.0;1;2;2017;1;1;1.0;2.0;49.703286;3.436111;2024-11-26 12:49:00
202400009941.0;1;93;93073;2;1;1.0;6.0;48.94554087;2.56750301;2024-04-24 16:20:00
202400009942.0;3;95;95504;1;1;2.0;6.0;49.1209935;2.26356626;2024-11-24 21:20:00
202400009943.0;5;972;97204;2;1;2.0;1.0;14.709109;-61.166589;2024-09-13 19:45:00
202400009944.0;3;81;81096;1;1;1.0;6.0;43.893215;2.423408;2024-11-26 01:50:00
202400009945.0;1;93;93066;2;1;1.0;3.0;48.943745;2.352868;2024-04-24 12:10:00
202400009946.0;3;11;11353;1;1;1.0;6.0;43.252134;2.930598;2024-09-14 04:00:00
202400009947.0;1;974;97405;1;2;1.0;3.0;-21.370135;55.580778;2024-10-31 06:00:00
202400009948.0;2;93;93033;2;2;1.0;3.0;48.85816;2.57152;2024-04-23 20:10:00
202400009949.0;5;83;83004;2;4;1.0;3.0;43.456174;6.483082;2024-11-24 17:35:00
202400009950.0;5;88;88349;2;3;1.0;3.0;48.17098;7.013998;2024-08-16 22:15:00
202400009951.0;5;93;93046;2;1;1.0;2.0;48.92043;2.53984;2024-04-23 23:22:00
202400009952.0;1;30;30151;1;3;6.0;3.0;44.150119;4.368696;2024-09-14 11:05:00
202400009953.0;1;22;22020;1;1;1.0;2.0;48.325384;-2.257776;2024-11-24 10:10:00
202400009954.0;5;92;92064;2;3;1.0;3.0;48.84852;2.21845;2024-04-23 22:05:00
202400009955.0;1;18;18279;1;1;2.0;2.0;47.24393;2.062597;2024-11-25 12:03:00
202400009956.0;1;56;56032;1;2;1.0;7.0;47.961972;-2.265185;2024-09-14 17:00:00
202400009957.0;2;92;92040;2;1;1.0;2.0;48.83047983;2.26728127;2024-04-24 19:45:00
202400009958.0;1;62;62285;1;1;1.0;1.0;50.161843;2.880251;2024-11-26 12:25:00
202400009959.0;1;56;56034;2;9;1.0;3.0;47.584045;-3.075094;2024-09-14 09:55:00
202400009960.0;5;92;92036;2;1;1.0;6.0;48.93358799;2.31097471;2024-04-23 05:00:00
202400009961.0;5;51;51492;2;2;2.0;2.0;48.547428;3.767227;2024-11-25 16:50:00
202400009962.0;3;56;56067;1;1;1.0;6.0;47.785826;-2.896646;2024-09-14 03:50:00
202400009963.0;1;92;92036;2;1;1.0;6.0;48.93291481;2.29321253;2024-04-23 20:10:00
202400009964.0;3;19;19025;1;1;2.0;7.0;45.410201;1.309948;2024-12-26 06:15:00
202400009965.0;1;92;92025;2;1;1.0;6.0;48.92605925;2.23261679;2024-04-22 19:20:00
202400009966.0;1;79;79170;1;1;1.0;7.0;46.182497;-0.632368;2024-11-26 08:45:00
202400009967.0;1;76;76400;1;1;1.0;2.0;49.830668;0.913923;2024-09-14 17:29:00
202400009968.0;4;80;80253;2;1;2.0;6.0;50.153957;2.348413;2024-11-24 02:20:00
202400009969.0;1;92;92012;2;1;1.0;2.0;48.82886912;2.22995692;2024-04-23 19:50:00
202400009970.0;1;31;31541;2;1;1.0;1.0;43.677432;1.364086;2024-09-13 17:30:00
202400009971.0;3;80;80199;1;1;1.0;1.0;49.948672;2.902708;2024-09-14 01:25:00
202400009972.0;1;66;66024;1;1;1.0;4.0;42.53459411;2.83176899;2024-04-25 12:30:00
202400009973.0;1;81;81063;1;1;1.0;7.0;43.95736;2.110813;2024-11-25 11:23:00
202400009974.0;1;34;34114;2;1;1.0;7.0;43.655034;3.554447;2024-11-23 09:50:00
202400009975.0;5;974;97422;2;1;1.0;1.0;-21.264923;55.516839;2024-04-24 19:55:00
202400009976.0;1;76;76711;2;3;1.0;3.0;50.057387;1.386369;2024-09-14 18:25:00
202400009977.0;3;34;34021;1;1;1.0;7.0;43.443292;2.916312;2024-11-24 00:01:00
202400009978.0;3;61;61007;1;1;1.0;7.0;48.816359;-0.537815;2024-09-13 22:05:00
202400009979.0;1;974;97401;2;1;1.0;3.0;-21.23836535;55.3318921;2024-04-24 16:30:00
202400009980.0;1;55;55200;1;1;1.0;7.0;49.173504;5.305495;2024-09-14 12:30:00
202400009981.0;1;62;62155;1;1;1.0;7.0;50.774868;2.032743;2024-04-20 15:15:00
202400009982.0;1;39;39462;1;1;1.0;1.0;47.134206;5.569048;2024-11-26 11:05:00
202400009983.0;1;91;91666;1;1;1.0;7.0;48.6863;2.227605;2024-04-24 19:50:00
202400009984.0;1;46;46144;1;1;1.0;7.0;44.84244;1.54967162;2024-08-29 16:46:00
202400009985.0;1;44;44087;2;1;1.0;3.0;46.991611;-1.819085;2024-11-22 10:55:00
202400009986.0;3;34;34313;1;1;1.0;6.0;43.563119;3.484769;2024-09-14 00:17:00
202400009987.0;1;971;97109;2;1;1.0;5.0;15.996944;-61.694273;2024-04-23 15:34:00
202400009988.0;5;25;25453;2;1;1.0;6.0;47.216362;6.545528;2024-09-13 22:45:00
202400009989.0;3;35;35010;1;1;8.0;6.0;48.561862;-1.706357;2024-11-22 19:20:00
202400009990.0;1;6;6062;2;1;1.0;6.0;44.002782;7.55368;2024-09-14 09:40:00
202400009991.0;3;1;1338;1;2;1.0;3.0;45.66798;5.609878;2024-11-24 18:00:00
202400009992.0;1;62;62171;1;1;1.0;1.0;50.46372842;2.31539139;2024-04-24 17:55:00
202400009993.0;1;14;14570;1;2;1.0;3.0;49.069543;0.330105;2024-09-14 11:00:00
202400009994.0;3;70;70292;1;1;4.0;4.0;47.81252;5.917597;2024-11-21 17:40:00
202400009995.0;1;67;67420;1;1;1.0;5.0;48.49259;7.248911;2024-04-25 16:20:00
202400009996.0;3;81;81101;1;1;2.0;6.0;43.9917933;2.1744777;2024-04-25 00:05:00
202400009997.0;5;45;45098;2;3;2.0;3.0;47.83022;1.768665;2024-11-18 17:38:00
202400009998.0;1;89;89013;2;9;1.0;6.0;47.876289;3.53126;2024-04-24 18:40:00
202400009999.0;1;18;18114;1;1;1.0;7.0;46.748132;2.262186;2024-10-27 09:50:00
202400010000.0;5;63;63178;2;9;1.0;3.0;45.551173;3.256432;2024-04-24 21:00:00
202400010001.0;3;43;43190;1;1;2.0;7.0;45.035339;3.993954;2024-09-14 02:25:00
202400010002.0;1;43;43223;1;1;6.0;6.0;45.2546318;4.34232667;2024-11-25 09:00:00
202400010003.0;1;61;61432;1;1;1.0;6.0;48.746791;0.669095;2024-04-25 16:01:00
202400010004.0;5;10;10064;2;1;1.0;7.0;48.391619;4.529902;2024-09-13 22:30:00
202400010005.0;1;55;55106;1;1;1.0;1.0;49.21017012;5.2514981;2024-04-25 16:20:00
202400010006.0;3;21;21037;1;2;2.0;5.0;46.98733;4.736577;2024-11-25 17:55:00
202400010007.0;1;10;10034;1;3;1.0;3.0;48.0884;4.3803;2024-09-14 11:45:00
202400010008.0;3;68;68060;1;1;1.0;2.0;47.744251;7.150737;2024-04-24 21:50:00
202400010009.0;1;40;40284;2;1;1.0;6.0;43.659633;-1.307834;2024-11-26 12:15:00
202400010010.0;1;40;40217;1;1;1.0;1.0;44.344952;-1.05031;2024-09-14 14:30:00
202400010011.0;1;17;17340;1;1;1.0;7.0;46.070112;-0.789406;2024-11-26 15:38:00
202400010012.0;1;85;85050;1;1;1.0;7.0;46.516306;-1.329453;2024-09-13 13:18:00
202400010013.0;2;39;39470;1;3;1.0;4.0;46.466847;6.073589;2024-04-25 07:12:00
202400010014.0;1;34;34337;1;9;1.0;3.0;43.538955;3.877391;2024-09-14 11:20:00
202400010015.0;1;37;37050;2;1;1.0;1.0;47.34129689;0.72329718;2024-11-22 16:15:00
202400010016.0;2;44;44085;1;1;1.0;7.0;47.680844;-1.406089;2024-04-24 20:45:00
202400010017.0;1;14;14543;1;1;1.0;6.0;49.229229;-0.482637;2024-04-24 16:05:00
202400010018.0;1;973;97309;2;1;1.0;3.0;4.897206;-52.274054;2024-09-14 12:15:00
202400010019.0;3;42;42279;1;1;1.0;6.0;45.512121;4.234886;2024-11-26 19:08:00
202400010020.0;2;50;50238;1;9;1.0;7.0;49.569703;-1.80856;2024-04-24 19:50:00
202400010021.0;1;30;30060;1;1;1.0;7.0;43.785433;4.40003;2024-09-14 17:10:00
202400010022.0;1;73;73128;2;6;1.0;6.0;45.7262839;5.92046589;2024-04-25 08:00:00
202400010023.0;2;17;17308;2;1;3.0;6.0;45.871313;-0.959995;2024-11-25 08:00:00
202400010024.0;3;91;91180;1;1;1.0;7.0;48.447963;2.496128;2024-09-13 23:20:00
202400010025.0;5;10;10033;2;1;1.0;6.0;48.240609;4.717029;2024-04-24 22:55:00
202400010026.0;3;40;40224;1;1;3.0;1.0;43.545282;-1.123738;2024-11-25 18:45:00
202400010027.0;1;53;53137;1;6;1.0;7.0;48.071376;-0.894071;2024-04-24 08:15:00
202400010028.0;2;66;66065;1;1;1.0;1.0;42.61897307;2.97723055;2024-09-13 19:25:00
202400010029.0;3;25;25110;1;1;1.0;1.0;46.906272;6.260372;2024-11-26 07:15:00
202400010030.0;3;21;21459;1;1;1.0;6.0;47.441441;5.290153;2024-04-23 23:25:00
202400010031.0;1;85;85047;2;1;1.0;6.0;46.844464;-1.861469;2024-04-25 19:00:00
202400010032.0;1;13;13030;1;1;6.0;1.0;43.265886;5.748408;2024-09-13 16:00:00
202400010033.0;1;85;85102;1;1;1.0;1.0;46.85358;-1.629078;2024-04-25 07:10:00
202400010034.0;3;77;77065;1;1;1.0;2.0;48.471556;2.52265;2024-11-26 07:35:00
202400010035.0;1;85;85047;2;1;1.0;6.0;46.837048;-1.874033;2024-04-24 17:00:00
202400010036.0;1;13;13004;1;1;1.0;1.0;43.620171;4.499588;2024-08-23 13:30:00
202400010037.0;5;988;98805;2;1;2.0;6.0;-22.21194;166.47945;2024-04-24 18:15:00
202400010038.0;1;974;97406;2;1;2.0;1.0;-21.141287;55.62662;2024-11-25 13:30:00
202400010039.0;1;49;49007;2;2;1.0;1.0;47.473174;-0.599914;2024-04-01 13:00:00
202400010040.0;1;66;66175;1;1;1.0;6.0;42.542975;2.912257;2024-11-26 12:18:00
202400010041.0;1;42;42228;1;1;1.0;1.0;45.53502;4.085307;2024-09-14 10:40:00
202400010042.0;1;11;11170;2;6;1.0;3.0;43.09839;3.10809;2024-04-24 11:41:00
202400010043.0;3;6;6031;1;1;1.0;6.0;43.765117;7.322028;2024-11-25 20:30:00
202400010044.0;2;62;62487;2;1;2.0;1.0;50.84064621;1.77556718;2024-08-09 06:49:00
202400010045.0;1;38;38076;1;1;1.0;1.0;45.590074;5.473101;2024-09-13 18:40:00
202400010046.0;5;71;71372;2;1;2.0;1.0;46.185212;4.753953;2024-11-25 20:15:00
202400010047.0;1;33;33005;2;9;1.0;3.0;44.744491;-1.094966;2024-04-24 15:30:00
202400010048.0;1;13;13211;1;1;1.0;3.0;43.29332;5.47488;2024-08-08 15:10:00
202400010049.0;1;69;69039;1;1;1.0;6.0;45.97847928;4.50744152;2024-09-13 17:00:00
202400010050.0;5;57;57160;2;1;2.0;6.0;49.199632;6.690588;2024-11-25 18:00:00
202400010051.0;1;83;83137;1;1;1.0;2.0;43.12541571;5.93689702;2024-08-06 20:05:00
202400010052.0;1;69;69269;2;1;1.0;3.0;45.708884;4.583691;2024-09-14 11:00:00
202400010053.0;1;78;78564;1;1;1.0;4.0;48.5149;1.90787;2024-04-24 12:13:00
202400010054.0;1;92;92025;1;1;1.0;2.0;48.92444761;2.23134581;2024-08-08 16:30:00
202400010055.0;1;85;85113;2;2;1.0;3.0;46.725775;-2.357356;2024-09-12 11:18:00
202400010056.0;3;38;38494;1;4;5.0;1.0;45.689595;5.383185;2024-11-26 07:15:00
202400010057.0;3;93;93064;1;1;1.0;6.0;48.88665911;2.48118004;2024-08-08 02:00:00
202400010058.0;1;974;97415;1;1;1.0;5.0;-21.022031;55.232375;2024-04-25 12:30:00
202400010059.0;3;44;44047;2;1;1.0;3.0;47.242575;-1.670016;2024-11-26 07:00:00
202400010060.0;3;77;77058;1;1;1.0;6.0;48.83005655;2.70502617;2024-08-07 05:00:00
202400010061.0;1;14;14228;2;6;1.0;3.0;49.288271;-0.378615;2024-09-13 18:15:00
202400010062.0;1;22;22067;1;1;8.0;6.0;48.538347;-3.168654;2024-09-14 10:00:00
202400010063.0;1;91;91326;2;2;1.0;6.0;48.69167;2.37849;2024-05-06 08:30:00
202400010064.0;1;60;60157;2;3;1.0;3.0;49.371608;2.416177;2024-11-26 16:20:00
202400010065.0;1;973;97305;1;3;1.0;3.0;5.061572;-52.561794;2024-04-24 17:20:00
202400010066.0;1;35;35228;2;1;1.0;6.0;48.580764;-2.058829;2024-09-14 17:10:00
202400010067.0;1;91;91479;2;1;1.0;6.0;48.70992;2.3636;2024-05-09 13:10:00
202400010068.0;1;13;13104;1;1;1.0;7.0;43.341862;5.131044;2024-04-25 08:30:00
202400010069.0;3;59;59610;1;1;6.0;7.0;50.276608;3.436792;2024-11-23 22:45:00
202400010070.0;1;91;91103;2;1;1.0;6.0;48.60533;2.31429;2024-04-12 08:05:00
202400010071.0;1;66;66037;2;3;1.0;3.0;42.695166;3.025247;2024-04-25 07:55:00
202400010072.0;1;59;59019;2;1;3.0;2.0;50.29232;3.535652;2024-11-25 13:20:00
202400010073.0;1;59;59497;1;1;2.0;1.0;50.73847425;2.35938072;2024-09-13 15:30:00
202400010074.0;1;44;44109;2;2;1.0;3.0;47.21619587;-1.56573393;2024-07-25 16:20:00
202400010075.0;3;83;83090;1;1;1.0;7.0;43.1258;5.8800524;2024-11-25 19:26:00
202400010076.0;1;13;13117;1;1;1.0;2.0;43.42153273;5.26887776;2024-08-25 18:00:00
202400010077.0;1;75;75118;2;1;1.0;2.0;48.900654;2.369798;2024-08-07 18:10:00
202400010078.0;1;83;83071;1;3;1.0;1.0;43.126249;6.198628;2024-04-24 17:05:00
202400010079.0;1;33;33013;1;1;3.0;2.0;44.866;-0.50392;2024-11-25 11:23:00
202400010080.0;1;83;83137;1;1;1.0;3.0;43.12529939;5.90724511;2024-09-12 18:10:00
202400010081.0;2;5;5053;2;1;1.0;6.0;44.344031;5.774399;2024-04-24 09:15:00
202400010082.0;5;75;75120;2;1;1.0;2.0;48.864257;2.413279;2024-08-05 21:25:00
202400010083.0;3;33;33281;1;1;1.0;6.0;44.8511;-0.66719;2024-11-24 05:50:00
202400010084.0;3;69;69259;1;1;2.0;6.0;45.6866255;4.87290859;2024-09-08 06:00:00
202400010085.0;1;73;73285;2;1;1.0;1.0;45.622745;6.791438;2024-04-24 12:55:00
202400010086.0;3;33;33550;1;1;1.0;2.0;44.781304;-0.58146;2024-11-18 18:00:00
202400010087.0;1;75;75116;2;1;1.0;4.0;48.857807;2.259546;2024-08-05 19:40:00
202400010088.0;1;33;33550;1;1;1.0;2.0;44.77433;-0.55632;2024-09-13 07:25:00
202400010089.0;1;73;73064;2;4;1.0;1.0;45.543746;5.983802;2024-04-25 16:40:00
202400010090.0;1;33;33096;1;1;1.0;2.0;44.9009795;-0.49427748;2024-09-13 07:45:00
202400010091.0;2;7;7245;2;1;1.0;1.0;45.067438;4.782507;2024-04-25 15:15:00
202400010092.0;1;75;75119;2;3;1.0;3.0;48.886954;2.38642;2024-08-07 13:55:00
202400010093.0;3;59;59581;1;1;1.0;6.0;50.69411374;2.80816349;2024-11-24 06:35:00
202400010094.0;1;72;72244;1;1;1.0;1.0;47.738876;-0.322455;2024-04-25 07:48:00
202400010095.0;1;75;75115;2;1;1.0;1.0;48.834866;2.282517;2024-08-07 14:50:00
202400010096.0;1;62;62351;1;1;1.0;2.0;50.43262923;2.9182223;2024-09-11 17:30:00
202400010097.0;1;75;75115;2;2;2.0;3.0;48.828632;2.301417;2024-08-07 06:45:00
202400010098.0;1;91;91659;1;1;2.0;6.0;48.578002;2.46352375;2024-11-25 11:25:00
202400010099.0;3;59;59160;1;1;1.0;2.0;50.42719046;3.64352421;2024-09-08 22:15:00
202400010100.0;1;14;14040;1;1;1.0;5.0;49.26523219;-0.75483732;2024-04-25 14:10:00
202400010101.0;1;75;75114;2;1;1.0;6.0;48.837632;2.322448;2024-08-05 20:00:00
202400010102.0;1;94;94065;1;1;1.0;2.0;48.74810007;2.35808257;2024-09-13 18:40:00
202400010103.0;1;94;94003;1;1;3.0;3.0;48.8019795;2.34359623;2024-11-25 10:55:00
202400010104.0;1;91;91339;1;1;1.0;7.0;48.63066;2.24974;2024-09-13 13:30:00
202400010105.0;5;92;92036;1;1;1.0;7.0;48.93540166;2.26544968;2024-11-25 18:20:00
202400010106.0;1;27;27165;2;3;1.0;3.0;48.953832;0.949523;2024-04-24 10:40:00
202400010107.0;5;75;75113;2;4;1.0;2.0;48.827571;2.349019;2024-08-07 01:35:00
202400010108.0;1;78;78640;1;1;1.0;2.0;48.780355;2.222657;2024-09-11 19:21:00
202400010109.0;1;33;33550;1;1;1.0;2.0;44.77901;-0.55286;2024-04-23 13:10:00
202400010110.0;1;75;75108;2;1;1.0;3.0;48.868017;2.300327;2024-08-07 09:06:00
202400010111.0;1;95;95582;1;1;1.0;6.0;48.97279909;2.24708506;2024-09-13 10:20:00
202400010112.0;3;92;92025;1;1;1.0;4.0;48.93400494;2.25573622;2024-11-24 17:51:00
202400010113.0;2;93;93010;1;1;1.0;6.0;48.91857885;2.47854047;2024-09-13 07:15:00
202400010114.0;1;75;75108;2;1;1.0;6.0;48.875414;2.325405;2024-08-04 13:03:00
202400010115.0;1;91;91689;1;1;1.0;3.0;48.749295;2.328403;2024-04-24 18:15:00
202400010116.0;1;93;93010;1;1;1.0;3.0;48.90299746;2.47090403;2024-09-12 16:55:00
202400010117.0;2;92;92047;1;1;1.0;4.0;48.83251548;2.15568071;2024-11-24 16:25:00
202400010118.0;1;91;91174;1;1;1.0;2.0;48.62157;2.4628;2024-04-24 11:20:00
202400010119.0;5;75;75108;2;2;1.0;3.0;48.864607;2.310368;2024-08-06 23:07:00
202400010120.0;2;95;95018;1;1;1.0;3.0;48.9496723;2.2802208;2024-09-12 06:20:00
202400010121.0;1;94;94034;1;1;1.0;4.0;48.75418164;2.33255408;2024-04-24 09:10:00
202400010122.0;1;78;78362;1;1;8.0;6.0;48.9723;1.73104;2024-11-23 16:24:00
202400010123.0;1;95;95500;1;1;1.0;2.0;49.04180063;2.08026946;2024-09-11 16:45:00
202400010124.0;3;42;42110;1;1;1.0;6.0;45.49422;4.5431;2024-07-07 05:54:00
202400010125.0;2;94;94068;2;1;1.0;3.0;48.80823;2.50923;2024-08-04 19:58:00
202400010126.0;1;94;94037;1;1;1.0;3.0;48.81567897;2.33682579;2024-04-24 06:50:00
202400010127.0;1;92;92063;1;1;1.0;7.0;48.87275388;2.15724373;2024-04-23 18:25:00
202400010128.0;1;84;84081;2;3;1.0;3.0;43.953251;4.896137;2024-08-18 13:40:00
202400010129.0;1;92;92078;1;1;1.0;2.0;48.92769932;2.33288884;2024-09-11 18:23:00
202400010130.0;1;93;93073;2;1;1.0;2.0;48.97752941;2.51692838;2024-08-07 18:15:00
202400010131.0;1;93;93053;1;1;1.0;2.0;48.90248612;2.46764973;2024-04-24 15:40:00
202400010132.0;2;74;74081;1;2;3.0;6.0;46.073845;6.565388;2024-09-26 18:20:00
202400010133.0;1;93;93013;1;1;1.0;3.0;48.94159134;2.42933219;2024-09-11 13:00:00
202400010134.0;1;93;93006;1;1;1.0;5.0;48.86966029;2.42972435;2024-04-24 08:15:00
202400010135.0;1;95;95582;1;1;2.0;3.0;48.97580684;2.23902181;2024-09-11 07:30:00
202400010136.0;1;74;74158;1;1;2.0;4.0;46.2621;6.319282;2024-09-24 18:00:00
202400010137.0;1;93;93055;2;5;1.0;4.0;48.89864;2.40711;2024-08-07 07:30:00
202400010138.0;1;74;74267;2;3;3.0;3.0;45.847277;6.146641;2024-09-26 16:50:00
202400010139.0;1;93;93005;2;1;1.0;2.0;48.95811063;2.47794508;2024-08-07 17:30:00
202400010140.0;3;93;93010;1;9;1.0;5.0;48.91077692;2.47549241;2024-04-23 22:30:00
202400010141.0;1;74;74094;2;9;3.0;6.0;46.185456;6.290137;2024-09-26 10:20:00
202400010142.0;3;77;77373;1;9;1.0;7.0;48.778375;2.614813;2024-04-24 22:25:00
202400010143.0;1;93;93005;2;1;1.0;3.0;48.95300163;2.49575702;2024-08-07 14:00:00
202400010144.0;3;92;92036;1;1;2.0;2.0;48.94355783;2.28738079;2024-09-11 06:30:00
202400010145.0;1;94;94018;1;1;8.0;3.0;48.82253799;2.39690691;2024-04-24 08:00:00
202400010146.0;3;74;74112;1;1;2.0;3.0;45.922972;6.084757;2024-09-22 20:45:00
202400010147.0;2;74;74021;1;1;1.0;7.0;46.166115;6.273108;2024-09-17 19:30:00
202400010148.0;3;92;92036;1;1;3.0;6.0;48.93775248;2.29462802;2024-09-11 01:50:00
202400010149.0;2;77;77083;1;1;1.0;4.0;48.83322;2.59434;2024-04-24 05:55:00
202400010150.0;1;92;92012;2;2;1.0;3.0;48.84451065;2.25143981;2024-08-07 11:20:00
202400010151.0;1;987;98735;2;1;2.0;7.0;-17.543726;-149.570879;2024-09-12 07:48:00
202400010152.0;3;19;19275;1;9;1.0;3.0;45.54234;2.29784;2024-01-20 18:40:00
202400010153.0;1;1;1443;2;1;1.0;2.0;46.002247;5.028141;2024-08-08 15:30:00
202400010154.0;1;74;74166;1;1;1.0;1.0;46.381288;6.512886;2024-09-15 11:05:00
202400010155.0;1;13;13005;2;1;1.0;3.0;43.30844945;5.54246657;2024-02-19 07:40:00
202400010156.0;1;22;22094;2;1;7.0;4.0;48.606887;-2.150263;2024-08-04 08:55:00
202400010157.0;1;74;74280;2;3;1.0;3.0;45.89898;6.289276;2024-09-03 10:30:00
202400010158.0;1;974;97412;1;1;1.0;1.0;-21.316443;55.641139;2024-08-07 08:00:00
202400010159.0;3;974;97411;1;1;1.0;2.0;-20.87422;55.41892;2024-09-12 22:35:00
202400010160.0;1;74;74272;1;3;1.0;1.0;45.9431112;6.027935;2024-06-27 14:30:00
202400010161.0;1;988;98818;2;1;2.0;4.0;-22.24725;166.46161;2024-04-23 11:30:00
202400010162.0;3;35;35098;1;1;1.0;6.0;47.783728;-1.698096;2024-08-08 07:00:00
202400010163.0;5;976;97611;2;1;1.0;6.0;-12.78399;45.21897;2024-04-23 18:35:00
202400010164.0;1;973;97302;1;1;1.0;4.0;4.90553;-52.32033;2024-09-11 16:40:00
202400010165.0;1;1;1033;1;1;1.0;5.0;46.121574;5.81887;2024-08-07 15:06:00
202400010166.0;1;973;97302;2;1;1.0;7.0;4.94011;-52.3051;2024-09-11 12:20:00
202400010167.0;1;976;97611;2;1;1.0;5.0;-12.8113;45.20281;2024-04-23 12:35:00
202400010168.0;1;74;74020;1;4;2.0;3.0;46.346335;6.523755;2024-08-07 08:05:00
202400010169.0;1;974;97411;2;1;1.0;6.0;-20.89589;55.41324;2024-04-23 07:15:00
202400010170.0;1;59;59260;2;1;7.0;7.0;51.061528;2.522152;2024-08-07 18:30:00
202400010171.0;1;974;97416;2;1;1.0;3.0;-21.34359;55.47768;2024-11-24 12:10:00
202400010172.0;3;974;97413;2;1;1.0;6.0;-21.198166;55.293251;2024-08-08 19:00:00
202400010173.0;5;974;97411;2;2;1.0;3.0;-20.87952;55.44383;2024-04-23 05:35:00
202400010174.0;2;974;97411;2;3;1.0;6.0;-20.87247;55.44971;2024-11-24 05:00:00
202400010175.0;1;973;97302;2;1;1.0;3.0;4.92220577;-52.31940445;2024-09-11 07:25:00
202400010176.0;1;65;65149;2;1;1.0;7.0;43.220392;0.240321;2024-08-08 10:30:00
202400010177.0;1;973;97302;2;6;2.0;3.0;4.92437;-52.32425;2024-04-22 18:10:00
202400010178.0;5;2B;2B120;2;1;1.0;1.0;42.65312;9.44083;2024-11-24 19:05:00
202400010179.0;3;50;50251;1;1;1.0;7.0;49.498047;-1.43819;2024-08-03 00:30:00
202400010180.0;1;69;69387;2;3;1.0;3.0;45.73417;4.83541;2024-04-23 18:45:00
202400010181.0;1;2A;2A004;2;1;1.0;2.0;41.94333;8.75362;2024-11-24 13:15:00
202400010182.0;1;62;62767;2;1;1.0;6.0;50.381789;2.336187;2024-08-02 17:15:00
202400010183.0;1;69;69388;2;2;1.0;1.0;45.74338;4.87425;2024-04-23 12:00:00
202400010184.0;5;95;95268;2;1;1.0;7.0;48.97183919;2.39801466;2024-11-24 04:46:00
202400010185.0;2;83;83116;1;1;1.0;7.0;43.477724;5.865058;2024-08-03 21:05:00
202400010186.0;1;972;97209;2;1;1.0;2.0;14.61475;-61.04816;2024-04-22 16:50:00
202400010187.0;5;69;69386;2;1;1.0;1.0;45.77330661;4.84137118;2024-09-12 22:25:00
202400010188.0;1;56;56017;1;1;1.0;7.0;47.888266;-2.81561;2024-06-28 19:30:00
202400010189.0;5;83;83137;2;5;1.0;3.0;43.11462878;5.94523197;2024-11-23 18:20:00
202400010190.0;1;69;69389;2;4;8.0;3.0;45.80388;4.83873;2024-04-23 17:45:00
202400010191.0;1;56;56240;1;1;1.0;6.0;47.541304;-2.783447;2024-08-08 15:45:00
202400010192.0;1;83;83129;2;1;1.0;2.0;43.11503;5.80933;2024-11-22 17:00:00
202400010193.0;3;56;56240;1;1;1.0;6.0;47.541346;-2.69282;2024-08-06 22:20:00
202400010194.0;1;2B;2B033;2;1;8.0;6.0;42.69728;9.45088;2024-04-22 10:56:00