Num_Acc;lum;departement;commune;agglomeration;intersection;meteo;type_collision;lat;long;date
202400010195.0;1;971;97101;1;1;1.0;6.0;16.24911;-61.5347;2024-04-23 06:50:00
202400010196.0;5;78;78423;2;2;8.0;3.0;48.78686;2.03937;2024-11-24 17:57:00
202400010197.0;1;82;82119;1;1;1.0;6.0;44.218647;1.505299;2024-08-07 18:05:00
202400010198.0;1;972;97213;2;1;1.0;6.0;14.61477;-61.00216;2024-09-12 12:14:00
202400010199.0;1;971;97105;2;1;1.0;2.0;16.0018;-61.72565;2024-04-23 17:20:00
202400010200.0;1;65;65235;1;1;1.0;6.0;43.1985374;0.00659079;2024-08-07 12:45:00
202400010201.0;1;971;97105;2;9;1.0;6.0;15.99621;-61.73131;2024-04-23 07:40:00
202400010202.0;1;81;81084;2;1;1.0;2.0;43.501457;2.213509;2024-08-05 09:50:00
202400010203.0;1;95;95252;2;1;1.0;6.0;48.98626799;2.22226585;2024-04-23 17:40:00
202400010204.0;1;77;77373;2;1;1.0;1.0;48.774742;2.601351;2024-11-24 13:00:00
202400010205.0;1;71;71469;1;1;1.0;1.0;46.283659;4.529876;2024-08-08 15:00:00
202400010206.0;1;95;95219;2;6;1.0;3.0;48.98218179;2.24602735;2024-04-23 18:55:00
202400010207.0;1;76;76216;2;1;1.0;3.0;49.45947;1.0552;2024-11-24 14:10:00
202400010208.0;1;972;97209;2;1;1.0;2.0;14.62233;-61.07812;2024-09-11 16:15:00
202400010209.0;1;63;63236;1;1;1.0;7.0;45.563767;2.830868;2024-08-07 17:15:00
202400010210.0;1;95;95252;2;2;1.0;3.0;48.98620496;2.23679265;2024-04-23 16:00:00
202400010211.0;1;64;64189;2;1;6.0;2.0;43.38826068;-1.67316198;2024-11-24 16:00:00
202400010212.0;2;91;91687;2;1;1.0;3.0;48.67573;2.3857;2024-04-23 07:35:00
202400010213.0;5;64;64445;2;2;1.0;6.0;43.29826;-0.36246;2024-11-24 19:20:00
202400010214.0;1;42;42150;1;1;1.0;6.0;45.725821;4.041896;2024-08-07 17:00:00
202400010215.0;1;84;84007;2;3;1.0;6.0;43.93144;4.81712;2024-04-23 16:50:00
202400010216.0;1;64;64373;2;1;1.0;2.0;43.27644;-0.35142;2024-11-24 09:45:00
202400010217.0;1;46;46038;1;1;1.0;2.0;44.922595;1.827856;2024-08-07 17:50:00
202400010218.0;1;82;82121;2;3;1.0;2.0;44.01276;1.34599;2024-04-22 08:40:00
202400010219.0;5;62;62570;2;1;1.0;1.0;50.39794761;2.88216752;2024-11-24 19:00:00
202400010220.0;3;44;44088;1;1;1.0;7.0;47.112174;-1.403203;2024-08-03 22:34:00
202400010221.0;1;69;69382;2;1;1.0;3.0;45.75036413;4.83175278;2024-09-12 08:05:00
202400010222.0;1;78;78545;1;1;1.0;6.0;48.81476;2.07838;2024-04-10 17:50:00
202400010223.0;1;59;59152;1;1;6.0;2.0;50.766063;3.03018;2024-11-24 11:20:00
202400010224.0;1;50;50165;2;1;1.0;1.0;48.84755;-1.57789;2024-11-22 14:50:00
202400010225.0;1;78;78029;2;9;1.0;3.0;48.976285;1.851325;2024-04-23 14:35:00
202400010226.0;1;2A;2A004;2;1;2.0;6.0;41.93854;8.75461;2024-09-12 12:40:00
202400010227.0;3;44;44131;2;1;1.0;6.0;47.114167;-2.09443;2024-08-08 00:45:00
202400010228.0;1;95;95428;2;9;1.0;6.0;48.98106685;2.32042492;2024-09-11 19:30:00
202400010229.0;1;49;49007;2;1;1.0;6.0;47.471;-0.5648;2024-11-24 16:35:00
202400010230.0;1;95;95288;1;1;1.0;6.0;48.984676;2.358835;2024-09-11 17:00:00
202400010231.0;2;49;49007;2;1;1.0;1.0;47.475;-0.5354;2024-11-24 06:35:00
202400010232.0;1;38;38479;1;1;1.0;2.0;45.441555;5.203443;2024-08-06 17:55:00
202400010233.0;1;76;76540;2;3;1.0;2.0;49.4381;1.08296;2024-04-23 17:50:00
202400010234.0;1;91;91549;2;1;1.0;6.0;48.63641;2.33234;2024-09-12 16:10:00
202400010235.0;3;70;70111;1;1;1.0;6.0;47.643768;6.286143;2024-08-07 23:45:00
202400010236.0;1;76;76157;1;1;1.0;7.0;49.44163;1.03053;2024-04-23 16:10:00
202400010237.0;1;91;91339;1;1;1.0;2.0;48.62316;2.26067;2024-09-12 08:25:00
202400010238.0;5;34;34172;2;2;2.0;1.0;43.60284;3.863664;2024-11-24 20:40:00
202400010239.0;1;76;76681;2;2;7.0;3.0;49.41753;1.09545;2024-04-23 09:00:00
202400010240.0;1;91;91477;2;1;8.0;6.0;48.71984;2.25965;2024-09-12 18:10:00
202400010241.0;1;26;26191;1;4;1.0;2.0;44.547711;4.821244;2024-08-07 17:19:00
202400010242.0;5;76;76351;2;1;2.0;6.0;49.48964489;0.11393234;2024-04-23 02:00:00
202400010243.0;5;92;92012;2;1;1.0;1.0;48.83374158;2.24331433;2024-02-05 06:40:00
202400010244.0;5;34;34172;2;1;2.0;2.0;43.591275;3.857481;2024-11-24 21:28:00
202400010245.0;1;91;91377;2;1;1.0;3.0;48.71946;2.2994;2024-09-12 14:46:00
202400010246.0;1;37;37226;1;1;1.0;7.0;47.093559;0.62356;2024-02-04 12:50:00
202400010247.0;3;72;72360;1;4;1.0;1.0;48.029212;0.117052;2024-08-08 01:15:00
202400010248.0;1;73;73031;2;4;1.0;3.0;45.57672104;5.93208209;2024-04-23 13:30:00
202400010249.0;1;91;91174;2;1;1.0;3.0;48.61369;2.48551;2024-09-12 08:05:00
202400010250.0;1;37;37077;2;1;1.0;6.0;47.3552;0.451265;2024-02-05 16:40:00
202400010251.0;3;34;34198;1;1;2.0;6.0;43.55184;3.97014;2024-11-24 01:20:00
202400010252.0;1;64;64427;2;4;1.0;3.0;43.41426;-0.852138;2024-08-07 18:36:00
202400010253.0;4;49;49092;2;1;1.0;6.0;47.225477;-0.72469;2024-02-05 19:30:00
202400010254.0;1;70;70550;2;3;8.0;3.0;47.6194;6.14806;2024-04-22 07:50:00
202400010255.0;1;64;64403;1;1;1.0;7.0;43.371599;-0.844638;2024-08-03 15:53:00
202400010256.0;5;87;87085;2;2;1.0;3.0;45.82603;1.26793;2024-09-11 22:59:00
202400010257.0;1;66;66136;2;1;1.0;3.0;42.6948;2.88982;2024-04-23 13:30:00
202400010258.0;1;34;34088;1;1;1.0;2.0;43.550197;3.730792;2024-02-05 17:14:00
202400010259.0;1;87;87085;2;1;2.0;6.0;45.83895;1.28109;2024-09-11 17:19:00
202400010260.0;1;18;18103;2;2;1.0;3.0;47.139552;1.842983;2024-08-08 08:50:00
202400010261.0;1;64;64445;2;1;1.0;7.0;43.30262;-0.35669;2024-04-23 18:22:00
202400010262.0;1;81;81065;2;1;8.0;6.0;43.6022;2.24312;2024-09-11 07:40:00
202400010263.0;3;16;16103;1;1;1.0;7.0;45.522849;0.390937;2024-08-08 00:45:00
202400010264.0;5;69;69046;2;2;1.0;2.0;45.649105;4.793464;2024-01-31 21:45:00
202400010265.0;1;64;64284;1;1;1.0;7.0;43.24992552;-0.42699963;2024-04-22 11:30:00
202400010266.0;1;81;81004;2;6;1.0;6.0;43.9221277;2.148946;2024-09-12 16:15:00
202400010267.0;1;51;51443;1;1;1.0;7.0;48.584688;3.638738;2024-01-20 11:40:00
202400010268.0;2;53;53111;1;1;1.0;3.0;48.35858;-0.611233;2024-08-06 21:45:00
202400010269.0;1;63;63075;2;1;1.0;6.0;45.77233002;3.06384444;2024-04-23 17:50:00
202400010270.0;1;71;71522;1;1;1.0;6.0;46.61028953;4.98708901;2024-02-05 16:45:00
202400010271.0;1;77;77079;1;6;7.0;3.0;48.40965;2.7974;2024-09-12 08:00:00
202400010272.0;1;62;62160;2;1;2.0;2.0;50.7156;1.60183;2024-04-23 20:10:00
202400010273.0;1;85;85095;1;1;1.0;1.0;46.91726;-1.767267;2024-08-08 07:45:00
202400010274.0;1;86;86263;1;3;8.0;1.0;46.532098;0.35344;2024-02-06 10:30:00
202400010275.0;1;62;62643;2;1;1.0;6.0;50.7045657;1.59655305;2024-04-22 11:35:00
202400010276.0;1;87;87126;1;2;1.0;2.0;45.861657;0.818825;2024-08-07 17:20:00
202400010277.0;2;34;34076;1;3;1.0;3.0;43.662738;3.447969;2024-02-06 17:50:00
202400010278.0;1;76;76447;2;2;1.0;7.0;49.53972;0.17848;2024-09-11 14:10:00
202400010279.0;1;52;52300;1;1;1.0;7.0;48.520515;5.030676;2024-08-05 11:00:00
202400010280.0;1;76;76414;2;1;1.0;6.0;49.92374;1.11959;2024-09-12 16:25:00
202400010281.0;3;44;44171;2;1;1.0;1.0;47.136323;-1.737401;2024-02-05 18:40:00
202400010282.0;1;59;59122;2;3;7.0;6.0;50.16201;3.24829;2024-04-22 14:10:00
202400010283.0;1;52;52265;1;1;1.0;1.0;48.568827;5.034957;2024-08-08 16:00:00
202400010284.0;1;72;72181;2;1;1.0;2.0;48.00239;0.21103;2024-09-11 17:10:00
202400010285.0;1;2;2461;2;2;1.0;6.0;49.591578;3.137168;2024-02-06 17:44:00
202400010286.0;1;66;66136;2;1;1.0;6.0;42.70094214;2.88944453;2024-09-12 15:50:00
202400010287.0;1;57;57672;2;6;1.0;3.0;49.35325;6.13433;2024-04-21 14:40:00
202400010288.0;1;66;66136;2;2;1.0;6.0;42.69606134;2.90564507;2024-09-11 13:00:00
202400010289.0;1;56;56083;2;1;1.0;6.0;47.82019;-3.25238;2024-04-22 15:50:00
202400010290.0;1;84;84051;1;2;1.0;6.0;43.864801;5.242663;2024-02-05 15:00:00
202400010291.0;5;64;64129;2;1;1.0;7.0;43.30729;-0.39034;2024-09-12 21:30:00
202400010292.0;4;60;60006;1;6;1.0;6.0;49.32446934;2.60275126;2024-02-06 18:20:00
202400010293.0;1;56;56121;2;6;1.0;3.0;47.74789;-3.38913;2024-04-22 14:30:00
202400010294.0;1;6;6018;1;1;1.0;6.0;43.616473;7.068168;2024-08-08 16:25:00
202400010295.0;1;63;63245;2;1;3.0;2.0;45.89164846;3.09215248;2024-09-11 17:13:00
202400010296.0;1;54;54300;2;3;1.0;3.0;48.65694962;6.21699974;2024-04-22 17:30:00
202400010297.0;1;6;6079;1;1;7.0;3.0;43.54462214;6.94008045;2024-08-08 14:29:00
202400010298.0;2;64;64147;1;1;1.0;3.0;43.466742;-1.288962;2024-02-05 17:20:00
202400010299.0;1;51;51454;2;7;1.0;3.0;49.24175;4.01732;2024-04-23 08:15:00
202400010300.0;1;63;63113;2;1;2.0;3.0;45.77326;3.09001;2024-09-11 16:45:00
202400010301.0;1;18;18165;1;1;1.0;1.0;47.326869;2.253796;2024-02-06 09:37:00
202400010302.0;1;7;7134;2;1;1.0;3.0;44.506353;4.288351;2024-08-07 17:15:00
202400010303.0;1;45;45232;2;1;1.0;3.0;47.84623;1.91634;2024-04-23 14:25:00
202400010304.0;1;62;62498;2;1;1.0;6.0;50.43227;2.82946;2024-09-11 18:50:00
202400010305.0;1;62;62193;2;9;1.0;3.0;50.93982475;1.87786031;2024-09-12 07:45:00
202400010306.0;3;40;40333;1;1;5.0;3.0;43.966118;-0.72396;2024-02-04 07:00:00
202400010307.0;1;37;37261;2;1;1.0;6.0;47.35971;0.69144;2024-04-23 16:51:00
202400010308.0;3;37;37173;1;1;1.0;6.0;47.17115319;1.31794685;2024-08-08 00:48:00
202400010309.0;3;27;27384;1;1;1.0;6.0;49.361918;0.339863;2024-02-05 22:15:00
202400010310.0;1;37;37261;2;1;1.0;3.0;47.43573;0.69832;2024-04-22 08:20:00
202400010311.0;1;62;62041;2;3;1.0;6.0;50.29545983;2.77116841;2024-09-12 11:50:00
202400010312.0;1;34;34301;2;1;1.0;6.0;43.39413;3.66493;2024-04-22 12:05:00
202400010313.0;1;59;59599;2;1;1.0;6.0;50.72446;3.14605;2024-09-12 09:00:00
202400010314.0;1;30;30352;2;1;1.0;5.0;43.791156;4.095497;2024-02-04 17:45:00
202400010315.0;3;30;30123;1;1;1.0;7.0;43.723777;4.154559;2024-08-07 04:05:00
202400010316.0;1;59;59068;1;9;1.0;6.0;50.21209;3.81792;2024-09-11 13:20:00
202400010317.0;1;34;34172;2;1;1.0;3.0;43.62624;3.86609;2024-04-23 08:00:00
202400010318.0;1;987;98738;2;1;2.0;2.0;-17.593405;-149.611752;2024-02-05 11:35:00
202400010319.0;1;73;73257;1;1;1.0;3.0;45.457083;6.519871;2024-08-07 08:30:00
202400010320.0;5;34;34032;2;9;1.0;1.0;43.34183;3.21842;2024-04-19 20:50:00
202400010321.0;1;59;59350;2;3;1.0;3.0;50.62391;3.04325;2024-09-12 19:50:00
202400010322.0;1;65;65417;1;1;1.0;4.0;43.216108;0.105443;2024-01-31 15:50:00
202400010323.0;2;59;59350;2;1;1.0;6.0;50.6373;3.05167;2024-09-12 20:00:00
202400010324.0;1;31;31555;2;1;1.0;3.0;43.63104;1.43222;2024-04-17 07:30:00
202400010325.0;1;69;69252;1;1;1.0;3.0;45.54296217;4.66705517;2024-08-08 17:25:00
202400010326.0;3;53;53146;1;1;1.0;7.0;48.211988;-0.70404;2024-02-05 06:50:00
202400010327.0;3;31;31555;1;1;1.0;6.0;43.62455;1.41798;2024-04-23 04:35:00
202400010328.0;1;57;57463;2;1;1.0;6.0;49.10832;6.17357;2024-09-12 12:55:00
202400010329.0;3;988;98811;1;1;8.0;6.0;-21.0584;164.852504;2024-02-02 23:15:00
202400010330.0;1;973;97357;1;1;1.0;6.0;4.280782;-54.387721;2024-08-07 16:30:00
202400010331.0;1;29;29232;2;1;1.0;2.0;47.994005;-4.09217;2024-04-23 18:05:00
202400010332.0;1;34;34183;1;1;1.0;1.0;43.297269;3.131211;2024-02-05 07:50:00
202400010333.0;1;56;56260;2;2;1.0;3.0;47.66129;-2.75529;2024-09-12 14:44:00
202400010334.0;1;971;97129;2;1;2.0;6.0;16.27464065;-61.67202115;2024-08-07 15:00:00
202400010335.0;1;27;27562;2;1;1.0;6.0;49.10513;1.45648;2024-04-23 09:30:00
202400010336.0;1;56;56121;2;9;1.0;3.0;47.74516;-3.38122;2024-09-11 14:20:00
202400010337.0;1;27;27229;2;1;1.0;7.0;49.018559;1.126614;2024-04-23 17:49:00
202400010338.0;1;34;34344;2;2;1.0;4.0;43.563535;4.085911;2024-02-05 15:50:00
202400010339.0;1;78;78389;2;1;1.0;3.0;48.801539;1.819526;2024-04-26 14:45:00
202400010340.0;1;83;83127;1;1;1.0;1.0;43.285484;5.892666;2024-02-06 12:20:00
202400010341.0;2;84;84063;1;1;1.0;6.0;44.263058;4.669919;2024-08-07 21:00:00
202400010342.0;4;51;51454;2;3;1.0;3.0;49.255423;4.024596;2024-09-12 20:30:00
202400010343.0;1;27;27229;2;3;1.0;3.0;49.03075;1.16051;2024-04-23 15:15:00
202400010344.0;1;88;88418;1;1;8.0;3.0;48.272318;6.665311;2024-02-06 09:52:00
202400010345.0;1;83;83094;1;1;1.0;6.0;43.333786;6.564996;2024-08-04 11:50:00
202400010346.0;1;51;51055;2;1;1.0;2.0;49.2849;4.02766;2024-09-10 17:50:00
202400010347.0;1;69;69241;2;1;1.0;7.0;45.636202;4.727157;2024-08-07 12:20:00
202400010348.0;5;25;25056;2;3;1.0;3.0;47.2542;6.03875;2024-04-23 23:15:00
202400010349.0;1;73;73232;1;1;1.0;1.0;45.55819796;6.89756528;2024-02-04 15:15:00
202400010350.0;3;26;26179;1;6;1.0;6.0;45.04926496;4.86635864;2024-02-03 00:30:00
202400010351.0;1;49;49378;1;1;1.0;3.0;47.3057;-0.0678;2024-09-08 18:40:00
202400010352.0;1;46;46055;2;1;1.0;1.0;44.57564425;2.07029608;2024-08-08 07:35:00
202400010353.0;3;9;9157;2;2;1.0;3.0;42.9712;1.866662;2024-02-04 02:20:00
202400010354.0;1;49;49246;2;1;1.0;1.0;47.433209;-0.530775;2024-09-11 16:23:00
202400010355.0;1;33;33256;2;3;1.0;3.0;44.967656;-0.612783;2024-08-07 18:30:00
202400010356.0;5;49;49007;2;1;1.0;7.0;47.4884;-0.54471;2024-09-10 22:46:00
202400010357.0;1;40;40125;1;2;1.0;3.0;43.650223;-1.098027;2024-02-06 12:50:00
202400010358.0;1;22;22186;2;1;1.0;6.0;48.578066;-2.563462;2024-08-07 16:35:00
202400010359.0;1;47;47001;2;3;1.0;3.0;44.20903;0.61147;2024-09-12 15:00:00
202400010360.0;1;60;60559;1;1;1.0;6.0;49.42550908;2.30158854;2024-08-07 17:10:00
202400010361.0;2;33;33227;2;1;1.0;1.0;44.538748;-0.247211;2024-02-03 18:25:00
202400010362.0;1;85;85054;1;1;1.0;6.0;46.682611;-1.70397;2024-02-06 17:55:00
202400010363.0;1;80;80039;1;1;1.0;4.0;50.084105;1.445861;2024-08-07 15:05:00
202400010364.0;1;47;47201;2;6;1.0;4.0;44.16974;0.60922;2024-09-11 12:55:00
202400010365.0;1;13;13215;1;1;1.0;3.0;43.369;5.361;2024-06-14 18:55:00
202400010366.0;5;44;44198;2;1;1.0;3.0;47.135764;-1.520678;2024-02-06 08:15:00
202400010367.0;1;59;59569;1;1;1.0;7.0;50.381045;3.139265;2024-08-05 12:33:00
202400010368.0;1;45;45234;2;3;1.0;3.0;47.91229;1.90895;2024-09-11 16:30:00
202400010369.0;1;2;2720;2;1;1.0;3.0;49.572819;3.891378;2024-02-06 10:10:00
202400010370.0;1;80;80799;1;6;1.0;7.0;49.856634;2.523894;2024-01-30 13:50:00
202400010371.0;4;44;44009;1;1;2.0;2.0;47.21481;-1.480197;2024-09-13 02:00:00
202400010372.0;5;59;59378;1;1;1.0;4.0;50.68703708;3.11105475;2024-07-19 04:50:00
202400010373.0;5;13;13210;2;1;1.0;6.0;43.28344682;5.40009299;2024-02-05 01:20:00
202400010374.0;1;44;44190;2;1;2.0;3.0;47.18828;-1.48361;2024-09-12 19:00:00
202400010375.0;1;91;91471;1;1;1.0;2.0;48.69486;2.1931;2024-08-07 18:52:00
202400010376.0;1;59;59284;1;1;1.0;4.0;50.41573;3.41461;2024-02-02 13:35:00
202400010377.0;1;43;43059;1;4;1.0;7.0;45.33021111;3.66501036;2024-05-18 17:45:00
202400010378.0;1;43;43041;2;1;1.0;6.0;45.04598879;3.928107;2024-09-12 18:00:00
202400010379.0;1;92;92002;1;1;1.0;3.0;48.76254211;2.30281958;2024-02-05 17:31:00
202400010380.0;1;43;43157;1;1;3.0;7.0;45.04947;3.90292;2024-09-11 18:40:00
202400010381.0;1;43;43080;1;1;1.0;5.0;45.32433981;3.85421337;2024-05-28 15:30:00
202400010382.0;1;91;91617;1;1;2.0;2.0;48.63626;2.53573;2024-02-05 10:30:00
202400010383.0;3;61;61221;2;1;5.0;6.0;48.747483;-0.466695;2024-05-19 22:50:00
202400010384.0;1;44;44026;2;1;1.0;6.0;47.26420045;-1.50664426;2024-07-24 16:24:00
202400010385.0;1;93;93027;1;1;2.0;5.0;48.92221493;2.37893164;2024-02-03 10:50:00
202400010386.0;5;88;88160;2;1;5.0;3.0;48.17785;6.45779;2024-10-31 19:20:00
202400010387.0;1;44;44212;1;1;1.0;7.0;47.175446;-1.239905;2024-07-05 19:40:00
202400010388.0;1;95;95424;1;1;2.0;6.0;48.98972671;2.19836417;2024-02-03 10:45:00
202400010389.0;1;74;74012;2;1;1.0;3.0;46.19811;6.26361;2024-06-06 19:43:00
202400010390.0;5;88;88413;2;1;1.0;3.0;48.28567;6.96283;2024-10-21 21:15:00
202400010391.0;2;92;92036;1;1;1.0;6.0;48.93838168;2.31330853;2024-02-03 06:30:00
202400010392.0;1;95;95256;1;1;1.0;6.0;49.04631824;2.18534422;2024-02-02 15:20:00
202400010393.0;1;987;98735;1;1;1.0;2.0;-17.53041;-149.57254;2024-08-05 17:00:00
202400010394.0;1;57;57160;2;1;1.0;6.0;49.188996;6.695598;2024-10-16 09:50:00
202400010395.0;3;77;77294;1;1;1.0;3.0;48.965623;2.607644;2024-02-05 19:15:00
202400010396.0;3;974;97416;1;3;1.0;6.0;-21.30978;55.47006;2024-08-06 05:55:00
202400010397.0;5;971;97105;2;1;1.0;6.0;15.98989;-61.72752;2024-12-14 02:20:00
202400010398.0;1;69;69276;2;1;1.0;6.0;45.6745;4.8599;2024-08-05 20:00:00
202400010399.0;5;73;73008;2;3;1.0;6.0;45.68546221;5.90716392;2024-12-31 18:08:00
202400010400.0;1;94;94028;1;1;1.0;4.0;48.776362;2.433254;2024-02-05 07:45:00
202400010401.0;1;69;69290;2;2;1.0;5.0;45.71188;4.92024;2024-08-05 11:45:00
202400010402.0;5;27;27229;2;3;1.0;3.0;49.02196;1.14102;2024-12-20 23:40:00
202400010403.0;1;75;75118;2;4;1.0;6.0;48.898718;2.360546;2024-02-04 14:50:00
202400010404.0;1;69;69259;2;1;1.0;6.0;45.7235;4.8744;2024-08-05 09:40:00
202400010405.0;5;93;93064;2;1;1.0;1.0;48.87961609;2.46588547;2024-12-22 19:30:00
202400010406.0;5;67;67482;2;3;1.0;7.0;48.611871;7.778499;2024-08-05 23:13:00
202400010407.0;5;28;28404;1;1;9.0;1.0;48.734839;1.327099;2024-10-26 03:25:00
202400010408.0;1;976;97611;2;1;1.0;5.0;-12.7594;45.22981;2024-02-04 10:35:00
202400010409.0;1;59;59163;2;2;1.0;3.0;50.673233;3.147508;2024-08-05 17:38:00
202400010410.0;3;73;73316;1;1;1.0;6.0;45.482803;6.141779;2024-09-29 20:00:00
202400010411.0;1;37;37261;2;9;1.0;6.0;47.36234794;0.69574079;2024-08-06 13:45:00
202400010412.0;1;974;97416;1;1;1.0;2.0;-21.30464;55.46211;2024-02-04 13:00:00
202400010413.0;2;73;73330;1;4;2.0;1.0;45.703347;5.787193;2024-09-28 06:45:00
202400010414.0;1;974;97416;1;1;1.0;7.0;-21.3122;55.43688;2024-02-04 09:30:00
202400010415.0;5;37;37261;2;3;1.0;3.0;47.40902;0.7209;2024-08-06 00:30:00
202400010416.0;1;37;37208;2;2;1.0;3.0;47.35598;0.74387;2024-08-05 16:25:00
202400010417.0;1;73;73098;1;1;1.0;3.0;45.64214736;5.993931;2024-08-08 19:40:00
202400010418.0;1;974;97407;1;3;1.0;3.0;-20.93687313;55.32449019;2024-02-04 18:10:00
202400010419.0;5;974;97407;2;1;1.0;6.0;-20.93752;55.29957;2024-02-04 01:10:00
202400010420.0;1;37;37233;2;6;1.0;2.0;47.39204138;0.72546422;2024-08-05 14:40:00
202400010421.0;5;38;38421;2;2;2.0;3.0;45.18579;5.76149;2024-09-27 06:05:00
202400010422.0;1;973;97302;2;1;1.0;1.0;4.93529875;-52.29521424;2024-02-04 12:23:00
202400010423.0;1;37;37214;2;6;7.0;6.0;47.40056604;0.67885047;2024-08-05 07:55:00
202400010424.0;1;38;38151;2;3;1.0;3.0;45.15426;5.70751;2024-09-06 19:43:00
202400010425.0;1;973;97302;2;1;1.0;7.0;4.94213;-52.30459;2024-02-03 16:45:00
202400010426.0;1;34;34172;2;2;1.0;3.0;43.63466;3.87314;2024-08-05 17:35:00
202400010427.0;1;38;38544;2;1;1.0;1.0;45.51474;4.91565;2024-09-06 13:20:00
202400010428.0;2;973;97302;2;1;1.0;2.0;4.93587;-52.32758;2024-02-03 06:25:00
202400010429.0;5;13;13204;2;1;1.0;2.0;43.31401;5.40532;2024-08-06 02:40:00
202400010430.0;2;972;97209;2;1;1.0;6.0;14.61528;-61.07857;2024-02-04 05:05:00
202400010431.0;1;38;38544;1;1;1.0;3.0;45.51995;4.89503;2024-09-02 17:25:00
202400010432.0;3;13;13047;1;1;1.0;1.0;43.55773;4.96532;2024-08-05 22:40:00
202400010433.0;2;972;97209;2;1;1.0;6.0;14.6266;-61.05598;2024-02-04 06:00:00
202400010434.0;1;74;74012;2;1;1.0;6.0;46.19704;6.26314;2024-11-08 16:20:00
202400010435.0;1;75;75114;2;1;1.0;3.0;48.819133;2.329596;2024-08-06 09:15:00
202400010436.0;1;972;97209;2;9;1.0;7.0;14.61139;-61.04269;2024-02-03 15:25:00
202400010437.0;1;69;69385;2;1;1.0;6.0;45.76002754;4.78803711;2024-02-04 11:30:00
202400010438.0;1;75;75120;2;1;1.0;2.0;48.855447;2.413826;2024-08-05 15:05:00
202400010439.0;5;74;74010;2;2;1.0;6.0;45.9072;6.1409;2024-10-29 19:17:00
202400010440.0;2;971;97101;1;1;1.0;6.0;16.26678;-61.47689;2024-02-04 06:30:00
202400010441.0;1;75;75120;2;1;1.0;5.0;48.852713;2.414464;2024-08-05 11:25:00
202400010442.0;5;74;74010;2;6;1.0;6.0;45.89859;6.11837;2024-10-18 19:15:00
202400010443.0;1;95;95539;1;1;2.0;2.0;49.00004731;2.35971177;2024-02-04 13:45:00
202400010444.0;5;75;75114;2;4;1.0;2.0;48.81930986;2.32870996;2024-08-04 23:40:00
202400010445.0;1;74;74010;2;2;2.0;3.0;45.90705;6.10918;2024-10-07 16:15:00
202400010446.0;5;95;95280;2;6;2.0;3.0;49.01254666;2.47038134;2024-02-03 20:45:00
202400010447.0;3;75;75120;2;1;1.0;6.0;48.871428;2.413002;2024-08-05 23:00:00
202400010448.0;5;972;97213;1;9;1.0;3.0;14.61855;-61.02084;2024-12-21 19:08:00
202400010449.0;3;971;97113;1;1;1.0;7.0;16.25022038;-61.47397757;2024-10-14 18:25:00
202400010450.0;5;91;91687;2;9;1.0;3.0;48.64813;2.36671;2024-02-04 19:10:00
202400010451.0;1;52;52045;2;6;1.0;6.0;48.66026;4.9733;2024-12-19 08:25:00
202400010452.0;3;91;91223;1;1;2.0;7.0;48.40706;2.12422;2024-02-04 06:15:00
202400010453.0;2;52;52448;2;9;1.0;2.0;48.63725;4.94574;2024-11-28 17:00:00
202400010454.0;1;84;84007;2;3;1.0;6.0;43.92949;4.81893;2024-02-04 17:00:00
202400010455.0;3;69;69199;1;1;1.0;2.0;45.71612;4.84301;2024-12-10 19:00:00
202400010456.0;1;83;83123;1;9;1.0;6.0;43.1375;5.7754;2024-02-03 14:10:00
202400010457.0;1;75;75120;2;1;1.0;4.0;48.853568;2.41404;2024-08-05 15:28:00
202400010458.0;1;987;98735;2;2;8.0;7.0;-17.53102;-149.55326;2024-07-13 06:30:00
202400010459.0;1;78;78586;2;2;2.0;3.0;48.94904;2.19864;2024-02-03 10:23:00
202400010460.0;1;75;75117;2;1;1.0;4.0;48.890245;2.298465;2024-08-05 09:55:00
202400010461.0;1;42;42305;2;1;1.0;5.0;45.47218;4.43947;2024-10-29 13:20:00
202400010462.0;1;75;75120;2;3;1.0;3.0;48.858755;2.409823;2024-08-06 21:40:00
202400010463.0;1;75;75120;2;2;1.0;3.0;48.853473;2.410811;2024-08-06 17:00:00
202400010464.0;1;19;19272;2;3;1.0;6.0;45.26871037;1.76982182;2024-12-19 16:18:00
202400010465.0;1;77;77058;2;6;2.0;3.0;48.83443;2.70544;2024-02-04 12:05:00
202400010466.0;1;75;75117;2;2;1.0;2.0;48.880846;2.312479;2024-08-05 17:00:00
202400010467.0;1;92;92051;2;1;1.0;6.0;48.88665107;2.26217933;2024-12-29 11:50:00
202400010468.0;1;76;76451;2;1;1.0;6.0;49.472;1.09397;2024-02-04 11:53:00
202400010469.0;5;75;75115;2;1;1.0;6.0;48.853337;2.289738;2024-08-06 21:15:00
202400010470.0;3;71;71445;1;9;1.0;1.0;46.77763;4.87776;2024-02-04 06:20:00
202400010471.0;2;91;91027;2;1;1.0;4.0;48.7163;2.39294;2024-01-05 16:55:00
202400010472.0;1;75;75107;2;2;1.0;3.0;48.859521;2.329281;2024-08-06 15:35:00
202400010473.0;3;64;64483;2;3;1.0;3.0;43.413;-1.615;2024-02-04 07:20:00
202400010474.0;1;26;26065;2;2;1.0;1.0;44.719833;4.956599;2024-08-29 14:00:00
202400010475.0;5;62;62204;2;1;8.0;6.0;50.400117;1.88334;2024-12-09 18:20:00
202400010476.0;1;62;62826;2;3;1.0;3.0;50.5168;1.5838;2024-02-04 09:50:00
202400010477.0;5;54;54136;2;1;2.0;3.0;49.16389;5.84162;2024-02-02 18:00:00
202400010478.0;3;971;97111;2;1;1.0;1.0;16.324485;-61.784406;2024-12-31 20:10:00