Num_Acc;lum;departement;commune;agglomeration;intersection;meteo;type_collision;lat;long;date
202400010479.0;1;43;43205;2;1;1.0;6.0;45.31776422;4.32738651;2024-09-18 15:59:00
202400010480.0;1;38;38563;2;3;1.0;2.0;45.39279;5.57094;2024-02-03 10:00:00
202400010481.0;1;24;24086;1;1;1.0;6.0;44.79379738;1.14012122;2024-10-30 12:45:00
202400010482.0;1;37;37195;2;1;1.0;6.0;47.38967;0.66196;2024-02-04 13:50:00
202400010483.0;3;24;24014;1;1;1.0;6.0;45.088051;1.188862;2024-10-28 18:13:00
202400010484.0;5;34;34172;2;3;1.0;3.0;43.611234;3.82864;2024-02-04 03:20:00
202400010485.0;2;24;24547;2;1;1.0;3.0;45.128497;1.318595;2024-10-27 17:50:00
202400010486.0;1;29;29051;1;1;1.0;7.0;48.00799601;-4.02877155;2024-02-04 16:30:00
202400010487.0;5;24;24374;2;2;2.0;3.0;44.793044;0.596995;2024-10-26 23:22:00
202400010488.0;3;28;28134;1;9;2.0;1.0;48.74596;1.36307;2024-02-04 07:35:00
202400010489.0;1;3;3310;2;1;1.0;7.0;46.140535;3.415133;2024-03-14 16:45:00
202400010490.0;5;27;27681;2;1;1.0;7.0;49.09645;1.47035;2024-02-03 18:35:00
202400010491.0;1;3;3310;2;4;1.0;3.0;46.128504;3.435518;2024-05-02 20:30:00
202400010492.0;3;70;70285;1;1;1.0;1.0;47.58422;6.74419;2024-02-04 20:20:00
202400010493.0;1;3;3310;2;4;1.0;3.0;46.129391;3.431648;2024-05-08 19:10:00
202400010494.0;2;17;17291;2;1;1.0;1.0;46.18819;-1.11518;2024-02-04 19:30:00
202400010495.0;3;9;9207;1;1;1.0;6.0;42.934313;1.626931;2024-09-29 00:50:00
202400010496.0;5;13;13211;2;1;1.0;1.0;43.30787192;5.50118806;2024-02-04 03:35:00
202400010497.0;1;9;9225;2;1;1.0;3.0;43.11523;1.60673;2024-09-02 18:25:00
202400010498.0;5;13;13215;2;3;1.0;1.0;43.36541;5.34296;2024-02-03 23:40:00
202400010499.0;1;88;88424;2;1;1.0;1.0;48.267;6.984;2024-10-10 15:45:00
202400010500.0;1;13;13005;2;1;1.0;3.0;43.2857;5.5548;2024-02-04 11:00:00
202400010501.0;1;42;42218;2;1;1.0;6.0;45.42694;4.40237;2024-12-30 17:08:00
202400010502.0;3;9;9225;1;1;1.0;2.0;43.09745;1.63308;2024-02-04 19:20:00
202400010503.0;1;5;5061;2;9;7.0;6.0;44.56581;6.08693;2024-12-26 14:31:00
202400010504.0;1;9;9265;1;1;1.0;7.0;43.09458505;1.63356453;2024-02-04 17:00:00
202400010505.0;1;64;64485;2;6;1.0;3.0;43.165733;-1.233797;2024-12-30 16:55:00
202400010506.0;1;85;85213;1;1;1.0;7.0;46.550735;-1.390984;2024-11-16 16:00:00
202400010507.0;4;1;1053;2;2;1.0;1.0;46.21027;5.22133;2024-02-04 18:25:00
202400010508.0;1;971;97104;2;3;1.0;3.0;16.011741;-61.739935;2024-12-20 15:45:00
202400010509.0;1;75;75120;2;4;2.0;7.0;48.86314315;2.41344631;2024-02-03 08:30:00
202400010510.0;5;67;67130;2;1;1.0;7.0;48.417869;7.664943;2024-12-31 03:10:00
202400010511.0;5;75;75120;2;1;1.0;2.0;48.850935;2.415435;2024-02-02 18:00:00
202400010512.0;1;83;83061;2;4;1.0;1.0;43.42544;6.71446;2024-12-16 11:50:00
202400010513.0;5;75;75119;2;2;1.0;6.0;48.878282;2.37296;2024-02-03 23:17:00
202400010514.0;3;78;78362;1;1;1.0;1.0;48.98107;1.72083;2024-12-31 22:05:00
202400010515.0;5;75;75119;2;2;1.0;3.0;48.885977;2.382145;2024-02-04 20:17:00
202400010516.0;1;51;51108;2;1;1.0;1.0;48.97783;4.36064;2024-12-20 13:30:00
202400010517.0;1;75;75119;2;2;1.0;6.0;48.894431;2.381489;2024-02-04 14:49:00
202400010518.0;1;49;49099;2;1;1.0;7.0;47.07262;-0.84979;2024-12-24 11:35:00
202400010519.0;1;75;75117;2;4;1.0;3.0;48.89813;2.324016;2024-02-04 12:10:00
202400010520.0;1;5;5061;2;1;1.0;2.0;44.57563;6.11315;2024-12-30 10:10:00
202400010521.0;5;78;78575;2;1;8.0;6.0;48.709632;2.063136;2024-12-31 23:55:00
202400010522.0;1;75;75115;2;1;1.0;3.0;48.830227;2.292294;2024-02-04 09:30:00
202400010523.0;1;89;89402;1;1;1.0;6.0;48.018334;3.824213;2024-12-31 14:45:00
202400010524.0;2;75;75107;2;1;2.0;6.0;48.861202;2.295235;2024-02-03 17:45:00
202400010525.0;5;75;75102;2;2;1.0;7.0;48.8634;2.35096;2024-02-04 02:10:00
202400010526.0;3;988;98814;1;1;1.0;6.0;-20.814542;167.246665;2024-12-30 23:00:00
202400010527.0;1;75;75110;2;1;1.0;6.0;48.876645;2.360887;2024-08-06 17:15:00
202400010528.0;1;94;94046;2;3;2.0;3.0;48.79739291;2.43329197;2024-02-04 10:40:00
202400010529.0;3;91;91338;1;1;5.0;2.0;48.6351;2.063429;2024-12-31 18:30:00
202400010530.0;1;75;75107;2;1;1.0;3.0;48.855369;2.307226;2024-08-06 15:16:00
202400010531.0;5;93;93059;2;1;1.0;3.0;48.948007;2.359492;2024-02-04 19:00:00
202400010532.0;1;73;73248;2;9;7.0;6.0;45.276072;6.343467;2024-12-31 15:15:00
202400010533.0;1;75;75107;2;3;1.0;2.0;48.84798;2.316165;2024-08-06 11:30:00
202400010534.0;1;59;59240;2;1;1.0;6.0;50.177811;3.960507;2024-12-29 15:20:00
202400010535.0;1;93;93053;2;3;1.0;3.0;48.88986;2.461873;2024-02-04 13:57:00
202400010536.0;2;95;95678;1;1;1.0;3.0;49.07315956;2.23044139;2024-12-31 15:50:00
202400010537.0;1;75;75101;2;2;1.0;1.0;48.859538;2.348784;2024-08-06 08:10:00
202400010538.0;5;93;93010;2;3;1.0;1.0;48.904445;2.480389;2024-02-04 18:35:00
202400010539.0;3;93;93007;1;1;2.0;3.0;48.95491941;2.45727922;2024-12-24 17:20:00
202400010540.0;1;75;75104;2;2;1.0;3.0;48.857535;2.35143;2024-08-05 20:10:00
202400010541.0;5;93;93005;2;3;2.0;3.0;48.951294;2.513778;2024-02-04 02:00:00
202400010542.0;2;57;57050;1;1;8.0;3.0;48.699565;6.956331;2024-10-02 18:50:00
202400010543.0;1;94;94076;2;1;1.0;3.0;48.792203;2.36959;2024-08-06 11:50:00
202400010544.0;1;71;71381;1;1;1.0;1.0;46.5329167;4.56987032;2024-02-05 09:10:00
202400010545.0;1;973;97302;2;1;2.0;3.0;4.93765;-52.29835;2024-12-31 12:30:00
202400010546.0;2;49;49220;1;3;1.0;3.0;47.718139;-0.391313;2024-02-05 07:35:00
202400010547.0;5;94;94037;2;2;1.0;3.0;48.81423;2.34985;2024-08-04 22:07:00
202400010548.0;1;81;81144;1;2;1.0;3.0;43.95518;2.1839;2024-12-28 14:10:00
202400010549.0;2;36;36135;1;1;1.0;6.0;47.02202609;1.60812695;2024-02-05 08:00:00
202400010550.0;2;94;94033;2;3;7.0;3.0;48.86011;2.47823;2024-08-06 18:55:00
202400010551.0;5;51;51454;2;1;1.0;6.0;49.246525;4.009622;2024-12-29 19:00:00
202400010552.0;3;76;76148;1;1;2.0;6.0;49.779103;1.352327;2024-02-03 22:55:00
202400010553.0;1;19;19031;2;1;1.0;7.0;45.15332768;1.54903114;2024-12-31 12:44:00
202400010554.0;3;974;97405;2;1;3.0;6.0;-21.336124;55.556952;2024-01-29 00:01:00
202400010555.0;1;94;94028;2;3;1.0;3.0;48.78417;2.47141;2024-08-06 19:12:00
202400010556.0;5;2;2243;2;1;2.0;6.0;49.400628;3.364872;2024-12-31 18:00:00
202400010557.0;1;40;40156;1;1;5.0;1.0;44.317723;-0.848855;2024-02-05 09:55:00
202400010558.0;3;79;79020;1;2;1.0;7.0;46.442045;-0.303562;2024-02-02 03:20:00
202400010559.0;5;93;93062;2;6;3.0;6.0;48.90037;2.52903;2024-01-02 01:30:00
202400010560.0;1;93;93062;2;2;1.0;4.0;48.89246676;2.51922727;2024-08-06 18:10:00
202400010561.0;1;19;19256;1;1;1.0;7.0;45.37271;2.32275;2024-02-03 14:45:00
202400010562.0;2;35;35029;1;1;1.0;1.0;48.474182;-1.790334;2024-12-31 08:00:00
202400010563.0;1;93;93027;2;1;1.0;3.0;48.9223;2.38355;2024-08-06 17:15:00
202400010564.0;2;79;79002;1;1;1.0;1.0;46.702138;-0.31405;2024-02-01 07:35:00
202400010565.0;1;12;12096;2;1;7.0;6.0;44.520798;2.761683;2024-12-31 11:30:00
202400010566.0;1;29;29178;1;1;8.0;7.0;48.54748491;-4.68929559;2024-12-28 10:30:00
202400010567.0;1;2A;2A362;2;2;1.0;3.0;41.699773;9.347544;2024-02-04 16:45:00
202400010568.0;1;93;93057;2;4;1.0;3.0;48.90969;2.49093;2024-08-06 13:25:00
202400010569.0;1;71;71204;1;1;1.0;6.0;46.829891;4.82604;2024-02-02 11:45:00
202400010570.0;2;29;29117;2;3;1.0;3.0;48.578609;-4.522419;2024-12-31 17:05:00
202400010571.0;1;92;92040;2;3;1.0;3.0;48.82069797;2.24692851;2024-08-06 19:45:00
202400010572.0;2;63;63455;1;1;1.0;2.0;45.65531065;3.16364705;2024-12-19 07:58:00
202400010573.0;1;71;71056;2;3;1.0;3.0;46.643336;5.179783;2024-02-03 10:54:00
202400010574.0;1;9;9160;2;1;1.0;6.0;42.937842;1.849673;2024-12-20 09:20:00
202400010575.0;1;92;92025;2;2;1.0;3.0;48.92737859;2.2470063;2024-08-05 12:25:00
202400010576.0;1;84;84089;2;6;1.0;3.0;43.687761;5.483725;2024-08-10 14:45:00
202400010577.0;1;71;71390;1;3;1.0;3.0;46.704983;4.295633;2024-02-05 08:17:00
202400010578.0;3;82;82033;1;1;5.0;6.0;44.08191;1.15778;2024-12-30 19:45:00
202400010579.0;3;35;35136;1;1;2.0;6.0;47.928723;-1.500642;2024-07-25 00:17:00
202400010580.0;3;63;63055;2;1;8.0;1.0;45.839272;2.816432;2024-02-05 00:30:00
202400010581.0;1;94;94002;2;1;1.0;3.0;48.78142747;2.42893589;2024-12-31 15:00:00
202400010582.0;1;61;61385;1;1;2.0;6.0;48.813674;0.30274;2024-02-04 10:30:00
202400010583.0;1;23;23090;1;1;1.0;7.0;45.784053;1.996996;2024-12-30 15:45:00
202400010584.0;3;86;86293;1;1;1.0;3.0;46.433888;0.240262;2024-02-04 19:00:00
202400010585.0;1;11;11397;2;1;2.0;1.0;43.201962;2.432163;2024-12-31 15:40:00
202400010586.0;1;6;6060;1;1;1.0;3.0;43.751358;7.275519;2024-08-07 08:55:00
202400010587.0;1;68;68082;2;6;1.0;3.0;47.860967;7.345745;2024-02-05 08:30:00
202400010588.0;1;1;1095;1;1;1.0;1.0;46.271447;5.42771;2024-12-31 12:05:00
202400010589.0;2;31;31574;2;1;1.0;6.0;43.428922;1.432356;2024-02-05 17:30:00
202400010590.0;1;4;4079;1;1;1.0;6.0;44.05664;6.016018;2024-12-27 13:49:00
202400010591.0;2;38;38311;2;1;1.0;6.0;45.406872;5.097313;2024-02-04 17:50:00
202400010592.0;5;6;6149;2;1;1.0;1.0;43.74777;7.346166;2024-08-06 22:10:00
202400010593.0;3;85;85076;2;6;1.0;6.0;47.0684631;-1.262426;2024-11-10 01:30:00
202400010594.0;1;22;22372;2;1;1.0;7.0;48.51922;-2.848667;2024-08-07 19:45:00
202400010595.0;1;2;2295;2;1;1.0;6.0;49.902329;3.914071;2024-02-03 09:05:00
202400010596.0;1;42;42069;2;3;1.0;7.0;45.991643;4.065204;2024-08-06 20:15:00
202400010597.0;1;15;15088;1;1;1.0;6.0;44.929088;2.257746;2024-02-04 15:00:00
202400010598.0;3;13;13050;1;1;1.0;1.0;43.650035;5.273759;2024-12-31 20:00:00
202400010599.0;1;974;97412;2;1;1.0;1.0;-21.377738;55.622084;2024-08-03 17:00:00
202400010600.0;3;971;97111;1;1;1.0;7.0;16.299787;-61.799989;2024-12-31 20:30:00
202400010601.0;3;72;72161;1;4;1.0;1.0;47.740045;0.571804;2024-02-04 18:30:00
202400010602.0;3;12;12197;1;1;8.0;6.0;44.024329;2.535009;2024-08-07 05:30:00
202400010603.0;2;67;67122;1;1;9.0;7.0;48.648392;7.295887;2024-12-28 15:45:00
202400010604.0;2;16;16147;1;4;5.0;1.0;45.494101;0.299386;2024-02-05 07:50:00
202400010605.0;1;35;35272;1;3;1.0;3.0;48.00573;-1.201179;2024-08-05 16:50:00
202400010606.0;3;69;69283;1;1;2.0;2.0;45.67348;4.94724;2024-12-14 21:15:00
202400010607.0;3;4;4124;1;1;1.0;6.0;43.74932;6.067779;2024-02-03 18:01:00
202400010608.0;3;2B;2B009;1;1;1.0;3.0;42.116195;9.488025;2024-08-07 04:00:00
202400010609.0;3;1;1320;1;1;1.0;6.0;46.30511706;4.89702702;2024-02-04 01:50:00
202400010610.0;3;69;69290;1;1;2.0;2.0;45.70511423;4.96148853;2024-12-14 22:45:00
202400010611.0;1;34;34270;2;1;1.0;3.0;43.56123;3.849345;2024-08-07 20:30:00
202400010612.0;1;34;34270;2;9;1.0;6.0;43.57483;3.830414;2024-08-06 10:05:00
202400010613.0;1;69;69244;2;4;1.0;2.0;45.769181;4.78747;2024-02-03 11:20:00
202400010614.0;1;19;19241;1;1;1.0;7.0;45.686317;2.10183;2024-08-01 16:40:00
202400010615.0;3;42;42218;1;1;1.0;2.0;45.41036567;4.39486108;2024-12-29 18:00:00
202400010616.0;1;76;76036;2;2;1.0;7.0;49.832248;1.038573;2024-08-06 15:50:00
202400010617.0;1;17;17482;1;2;1.0;3.0;46.150108;-0.809678;2024-02-04 15:00:00
202400010618.0;1;2B;2B286;2;3;1.0;1.0;42.48487;9.479903;2024-08-06 11:15:00
202400010619.0;5;974;97407;2;3;1.0;6.0;-20.95987;55.31486;2024-12-31 20:15:00
202400010620.0;3;2B;2B346;1;1;1.0;6.0;42.510901;9.452282;2024-08-07 00:55:00
202400010621.0;1;69;69248;1;1;1.0;7.0;46.07215;4.3354;2024-07-28 10:50:00
202400010622.0;1;974;97407;2;1;1.0;6.0;-20.93746;55.307;2024-12-31 15:30:00
202400010623.0;3;69;69235;1;1;1.0;1.0;45.538114;4.844965;2024-01-31 20:15:00
202400010624.0;1;63;63319;1;1;1.0;7.0;45.545372;3.934479;2024-08-07 15:00:00
202400010625.0;1;971;97101;2;1;1.0;6.0;16.27374;-61.49929;2024-12-31 16:40:00
202400010626.0;1;78;78349;1;1;1.0;7.0;48.565138;1.976217;2024-02-05 14:20:00
202400010627.0;1;971;97101;1;1;1.0;6.0;16.26085;-61.51695;2024-12-30 11:55:00
202400010628.0;1;91;91661;1;1;1.0;6.0;48.69811396;2.24217316;2024-02-04 08:24:00
202400010629.0;1;12;12208;1;1;1.0;1.0;43.955765;2.859299;2024-08-06 19:16:00
202400010630.0;1;974;97418;2;1;1.0;6.0;-20.93111;55.520289;2024-02-05 07:50:00
202400010631.0;1;2A;2A004;2;9;1.0;2.0;41.94583;8.76217;2024-12-31 11:50:00
202400010632.0;1;46;46112;2;1;1.0;1.0;44.558712;1.475161;2024-08-06 14:00:00
202400010633.0;3;973;97304;1;1;1.0;2.0;5.137664;-52.716737;2024-02-04 22:00:00
202400010634.0;5;95;95210;2;1;8.0;6.0;48.964118;2.303107;2024-12-28 18:30:00
202400010635.0;1;86;86139;1;1;1.0;1.0;46.440341;0.105454;2024-08-07 07:30:00
202400010636.0;1;971;97107;1;3;1.0;6.0;16.037394;-61.58435;2024-02-04 10:50:00
202400010637.0;1;29;29153;2;1;1.0;2.0;47.82536783;-3.79560252;2024-08-04 19:15:00
202400010638.0;2;971;97114;1;1;1.0;6.0;16.133086;-61.580531;2024-01-19 05:50:00
202400010639.0;5;87;87050;2;3;1.0;3.0;45.86358;1.23798;2024-12-31 08:01:00
202400010640.0;1;971;97111;2;1;7.0;7.0;16.28587;-61.795371;2024-02-04 11:05:00
202400010641.0;1;29;29031;2;3;1.0;3.0;47.76961782;-3.56056711;2024-08-04 11:30:00
202400010642.0;3;66;66208;1;1;1.0;2.0;42.628428;2.94546247;2024-02-04 20:00:00
202400010643.0;5;87;87085;2;3;5.0;4.0;45.84213;1.25868;2024-12-30 19:58:00
202400010644.0;1;29;29163;1;3;1.0;2.0;48.55322426;-3.83671669;2024-07-31 11:00:00
202400010645.0;5;84;84007;2;1;1.0;7.0;43.94311;4.8157;2024-12-30 20:35:00
202400010646.0;1;3;3254;2;1;1.0;6.0;46.305661;3.288895;2024-08-07 08:40:00
202400010647.0;1;83;83071;1;1;1.0;3.0;43.128066;6.209346;2024-02-05 11:45:00
202400010648.0;1;82;82033;1;1;8.0;7.0;44.04253;1.13509;2024-12-31 13:00:00
202400010649.0;3;6;6143;1;1;1.0;6.0;43.942902;7.046283;2024-02-04 20:00:00
202400010650.0;1;3;3287;1;4;1.0;1.0;46.398316;3.178911;2024-08-06 17:15:00
202400010651.0;5;80;80021;2;2;2.0;7.0;49.89428;2.28069;2024-12-30 19:27:00
202400010652.0;3;70;70310;2;1;2.0;1.0;47.679107;6.517972;2024-02-04 19:50:00
202400010653.0;1;1;1263;2;2;7.0;3.0;46.07690487;4.76960599;2024-08-07 08:00:00
202400010654.0;1;70;70193;1;1;7.0;7.0;47.323669;5.753703;2024-08-03 17:35:00
202400010655.0;5;78;78502;2;1;1.0;6.0;48.87844;2.10828;2024-12-31 01:55:00
202400010656.0;1;67;67137;2;1;1.0;3.0;48.489607;7.699359;2024-02-04 10:00:00
202400010657.0;1;58;58264;1;1;1.0;6.0;46.790658;3.150673;2024-08-07 09:50:00
202400010658.0;3;63;63470;1;1;5.0;1.0;45.86448423;3.04028189;2024-02-04 20:05:00
202400010659.0;1;6;6038;2;1;1.0;6.0;43.680621;6.970686;2024-08-07 13:15:00
202400010660.0;3;38;38148;1;1;1.0;1.0;45.618387;5.489465;2024-02-04 23:20:00
202400010661.0;5;78;78172;2;3;1.0;6.0;49.00453;2.11538;2024-12-31 19:05:00
202400010662.0;1;6;6079;2;4;1.0;3.0;43.544712;6.938328;2024-08-02 11:45:00
202400010663.0;3;38;38155;1;1;1.0;6.0;45.403271;5.750978;2024-02-04 18:34:00
202400010664.0;1;9;9280;1;1;1.0;3.0;42.890166;1.485032;2024-02-04 13:40:00
202400010665.0;1;50;50410;1;3;1.0;1.0;48.616055;-1.488712;2024-08-07 19:05:00
202400010666.0;1;77;77018;2;1;8.0;6.0;48.85016;2.81966;2024-12-31 09:55:00
202400010667.0;5;9;9336;2;1;1.0;5.0;42.919832;1.831176;2024-02-04 07:15:00
202400010668.0;2;9;9223;1;7;1.0;6.0;42.867859;1.208015;2024-08-06 18:00:00
202400010669.0;5;77;77131;2;1;2.0;2.0;48.80492409;3.0920052;2024-12-30 19:10:00
202400010670.0;1;44;44047;1;1;1.0;1.0;47.239123;-1.697763;2024-01-19 15:30:00
202400010671.0;1;76;76231;2;3;1.0;6.0;49.29263;0.99621;2024-12-31 09:05:00
202400010672.0;1;60;60591;2;3;7.0;3.0;49.419656;1.98844;2024-08-05 19:20:00
202400010673.0;3;62;62887;1;1;1.0;2.0;50.593747;1.644114;2024-02-04 19:05:00
202400010674.0;5;73;73065;2;3;1.0;6.0;45.56543;5.91617;2024-12-31 19:50:00
202400010675.0;1;64;64391;1;1;1.0;1.0;43.268253;-0.818058;2024-08-06 20:20:00
202400010676.0;5;59;59035;2;9;2.0;1.0;50.119162;3.927873;2024-02-04 19:15:00
202400010677.0;1;64;64488;1;1;1.0;1.0;43.382283;-0.219727;2024-08-04 15:15:00
202400010678.0;5;72;72181;2;2;1.0;1.0;47.98628;0.22504;2024-12-31 17:50:00
202400010679.0;1;16;16175;1;1;1.0;7.0;45.467585;0.001528;2024-08-03 13:45:00
202400010680.0;1;13;13215;1;1;1.0;4.0;43.366583;5.360759;2024-02-03 12:20:00
202400010681.0;5;71;71270;2;3;5.0;6.0;46.3026;4.8198;2024-12-31 07:30:00
202400010682.0;1;37;37028;1;1;1.0;7.0;46.830141;0.98289;2024-08-06 12:30:00
202400010683.0;3;13;13085;1;1;1.0;2.0;43.26139808;5.590988;2024-02-03 01:22:00
202400010684.0;1;30;30315;1;1;1.0;7.0;43.950501;4.673309;2024-08-06 19:05:00
202400010685.0;2;52;52298;1;1;8.0;6.0;47.70739119;5.41299583;2024-08-01 07:35:00
202400010686.0;5;69;69029;2;1;5.0;4.0;45.74739;4.92296;2024-12-31 18:25:00
202400010687.0;3;42;42307;1;1;1.0;2.0;45.553965;4.682986;2024-02-03 19:10:00
202400010688.0;1;978;97801;2;1;1.0;6.0;18.100002;-63.05661;2024-08-05 17:50:00
202400010689.0;1;69;69290;2;1;1.0;6.0;45.69400212;4.94108781;2024-12-31 14:56:00
202400010690.0;1;91;91340;1;1;1.0;2.0;48.60533508;2.43611693;2024-02-04 17:30:00
202400010691.0;1;68;68376;2;1;7.0;6.0;47.79629;7.31439;2024-12-31 09:29:00
202400010692.0;1;67;67389;1;1;1.0;3.0;48.659309;7.757531;2024-08-06 09:30:00
202400010693.0;1;91;91689;1;1;1.0;6.0;48.73019;2.3147;2024-02-04 14:00:00
202400010694.0;1;38;38464;1;1;1.0;7.0;45.53844928;5.39242029;2024-08-07 15:07:00
202400010695.0;1;64;64024;2;3;1.0;3.0;43.48337;-1.51114;2024-12-30 17:05:00
202400010696.0;2;91;91235;1;1;2.0;7.0;48.62572;2.35308;2024-02-04 07:45:00
202400010697.0;1;95;95675;1;1;1.0;6.0;49.06056057;2.55149228;2024-02-04 14:50:00
202400010698.0;1;62;62765;2;9;1.0;6.0;50.75043613;2.25420168;2024-12-26 09:35:00
202400010699.0;3;93;93064;1;1;1.0;6.0;48.87687;2.47754;2024-02-04 00:35:00
202400010700.0;1;30;30189;1;1;1.0;4.0;43.827996;4.391802;2024-08-07 11:43:00
202400010701.0;1;62;62617;2;1;1.0;7.0;50.4761299;2.68872178;2024-12-31 09:15:00
202400010702.0;1;62;62895;2;1;1.0;6.0;50.49137797;2.8472507;2024-12-22 16:30:00
202400010703.0;1;93;93006;1;1;1.0;5.0;48.86690246;2.42530059;2024-02-03 14:30:00
202400010704.0;1;17;17286;2;3;1.0;1.0;46.245898;-1.494838;2024-08-05 07:50:00
202400010705.0;5;61;61001;2;6;1.0;6.0;48.418455;0.097284;2024-12-31 22:05:00
202400010706.0;4;94;94028;1;1;2.0;3.0;48.79815808;2.4447798;2024-02-03 18:15:00
202400010707.0;1;987;98735;1;1;1.0;7.0;-17.51665944;-149.40830112;2024-08-03 13:30:00
202400010708.0;5;59;59599;2;1;1.0;2.0;50.70981864;3.15312034;2024-12-31 19:40:00
202400010709.0;1;94;94069;1;1;1.0;5.0;48.81719761;2.42988825;2024-02-02 13:10:00
202400010710.0;3;13;13040;1;1;1.0;2.0;43.479579;5.555443;2024-06-18 22:35:00
202400010711.0;1;59;59508;2;1;1.0;3.0;50.736192;3.132532;2024-12-31 11:50:00
202400010712.0;5;75;75104;2;1;1.0;7.0;48.850012;2.366914;2024-02-03 06:20:00
202400010713.0;5;2B;2B168;1;1;1.0;3.0;42.620128;8.952286;2024-08-06 22:15:00
202400010714.0;1;974;97416;1;1;1.0;7.0;-21.27572;55.47019;2024-02-03 14:30:00
202400010715.0;5;59;59512;2;2;2.0;6.0;50.66984;3.15479;2024-12-31 02:00:00
202400010716.0;1;56;56121;2;6;1.0;3.0;47.75496;-3.39157;2024-12-30 15:04:00
202400010717.0;1;55;55049;1;2;1.0;3.0;48.769626;5.061307;2024-08-06 19:00:00
202400010718.0;5;972;97209;2;6;1.0;3.0;14.60391;-61.06126;2024-02-02 23:20:00
202400010719.0;1;73;73249;1;1;1.0;7.0;45.52739029;5.99271441;2024-08-05 19:00:00
202400010720.0;5;54;54395;2;1;1.0;3.0;48.68805;6.18253;2024-12-31 20:35:00
202400010721.0;5;95;95019;2;1;2.0;1.0;48.98597798;2.41097431;2024-02-03 20:30:00
202400010722.0;1;42;42046;1;1;1.0;2.0;45.635647;4.05477;2024-08-06 15:44:00
202400010723.0;5;54;54547;2;2;1.0;6.0;48.66379413;6.17324352;2024-12-30 17:39:00
202400010724.0;1;95;95203;2;2;1.0;3.0;48.99464963;2.27790842;2024-02-02 13:00:00
202400010725.0;1;54;54395;2;2;1.0;3.0;48.68686603;6.18537918;2024-12-30 08:20:00
202400010726.0;2;81;81219;1;2;1.0;3.0;43.567422;1.94899;2024-08-06 21:20:00
202400010727.0;5;95;95203;2;4;2.0;6.0;48.995239;2.283453;2024-02-02 19:15:00
202400010728.0;1;65;65059;1;1;1.0;7.0;42.980281;0.10922;2024-07-29 12:15:00
202400010729.0;5;51;51172;2;1;1.0;6.0;49.22261;4.05314;2024-12-31 19:40:00
202400010730.0;1;31;31458;2;6;1.0;2.0;43.511133;1.368104;2024-08-05 13:15:00
202400010731.0;1;51;51454;2;1;1.0;3.0;49.26776;4.02441;2024-12-31 14:25:00
202400010732.0;1;95;95555;2;3;1.0;3.0;48.96435471;2.28265436;2024-02-02 11:00:00
202400010733.0;3;51;51453;1;1;1.0;2.0;49.000358;4.338144;2024-12-20 07:00:00
202400010734.0;1;87;87156;2;2;1.0;1.0;45.874417;1.4053;2024-08-07 10:45:00
202400010735.0;1;91;91471;2;2;2.0;3.0;48.68575;2.1838;2024-02-03 12:10:00
202400010736.0;1;49;49015;1;1;1.0;6.0;47.49787;-0.62231;2024-12-31 14:00:00
202400010737.0;5;91;91174;2;9;1.0;6.0;48.61893;2.46225;2024-02-03 19:25:00
202400010738.0;1;40;40314;1;3;1.0;3.0;43.675609;-1.098617;2024-08-06 18:00:00
202400010739.0;4;45;45004;2;6;2.0;6.0;47.97546;2.74108;2024-12-31 01:50:00
202400010740.0;5;84;84007;1;3;1.0;6.0;43.933171;4.83313;2024-02-03 23:20:00
202400010741.0;5;41;41018;2;1;8.0;6.0;47.57325;1.31286;2024-12-31 01:45:00
202400010742.0;1;40;40114;1;1;1.0;5.0;43.7868252;-1.07354011;2024-08-06 08:30:00
202400010743.0;1;84;84007;2;3;1.0;6.0;43.95352;4.81165;2024-02-03 14:25:00
202400010744.0;1;37;37122;2;3;8.0;3.0;47.35307;0.65945;2024-12-31 10:00:00
202400010745.0;1;33;33530;1;1;1.0;7.0;45.110076;-0.535963;2024-08-06 10:00:00
202400010746.0;3;80;80131;1;1;8.0;2.0;49.84868355;2.41173506;2024-02-02 18:21:00
202400010747.0;1;33;33063;2;3;1.0;6.0;44.85937;-0.55607;2024-12-31 15:29:00
202400010748.0;1;61;61203;1;1;8.0;6.0;48.394758;0.016789;2024-08-03 14:00:00
202400010749.0;5;33;33063;2;1;1.0;1.0;44.82277;-0.60263;2024-12-30 18:15:00
202400010750.0;5;76;76575;1;3;2.0;4.0;49.39362;1.1117;2024-02-03 18:45:00
202400010751.0;3;56;56009;1;1;1.0;2.0;47.326007;-3.196265;2024-08-05 05:15:00
202400010752.0;3;31;31555;2;1;5.0;1.0;43.56923;1.37349;2024-12-31 19:15:00
202400010753.0;5;76;76540;2;1;2.0;1.0;49.43961044;1.08536661;2024-02-03 05:45:00
202400010754.0;1;26;26362;2;1;1.0;3.0;44.93658;4.89904;2024-12-31 13:50:00
202400010755.0;1;69;69266;2;1;1.0;5.0;45.78263;4.88953;2024-02-03 12:10:00
202400010756.0;1;19;19272;2;9;1.0;3.0;45.25414;1.76368;2024-12-31 12:42:00
202400010757.0;1;69;69029;2;6;1.0;3.0;45.73481984;4.90545377;2024-02-03 09:30:00
202400010758.0;1;17;17300;2;1;8.0;6.0;46.15903;-1.14787;2024-12-31 12:30:00
202400010759.0;2;67;67482;2;3;1.0;1.0;48.60556;7.71525;2024-02-03 17:30:00
202400010760.0;2;15;15014;2;1;1.0;2.0;44.90086;2.43931;2024-12-31 17:05:00
202400010761.0;1;64;64445;2;3;1.0;3.0;43.29267;-0.37804;2024-02-03 14:00:00