Num_Acc;lum;departement;commune;agglomeration;intersection;meteo;type_collision;lat;long;date
202400010762.0;5;13;13211;2;1;1.0;3.0;43.29431;5.42667;2024-12-31 07:30:00
202400010763.0;1;63;63063;2;9;1.0;6.0;45.8288503;3.09820622;2024-02-03 09:45:00
202400010764.0;1;13;13028;2;3;1.0;2.0;43.18707;5.61508;2024-12-30 15:00:00
202400010765.0;3;62;62457;2;1;2.0;6.0;50.46379;2.54922;2024-02-03 01:01:00
202400010766.0;5;62;62178;2;9;2.0;7.0;50.49004042;2.56353115;2024-01-25 19:05:00
202400010767.0;1;12;12013;2;4;9.0;6.0;44.53931;2.26583;2024-12-30 14:20:00
202400010768.0;1;59;59009;2;1;1.0;6.0;50.62636;3.12943;2024-02-02 08:10:00
202400010769.0;3;10;10362;2;1;1.0;2.0;48.29859;4.01311;2024-12-30 17:30:00
202400010770.0;5;56;56260;2;1;1.0;6.0;47.65608;-2.77357;2024-02-03 02:25:00
202400010771.0;1;10;10333;2;6;1.0;3.0;48.27;4.0498;2024-12-30 11:14:00
202400010772.0;1;56;56260;2;1;1.0;7.0;47.66621;-2.75641;2024-01-30 16:10:00
202400010773.0;2;10;10325;2;1;2.0;7.0;48.26765;4.06217;2024-12-30 08:50:00
202400010774.0;1;49;49007;2;1;1.0;2.0;47.47346;-0.54159;2024-02-03 10:50:00
202400010775.0;1;7;7281;2;1;1.0;2.0;44.944;4.85599;2024-12-30 15:30:00
202400010776.0;1;45;45075;2;2;1.0;3.0;47.88818;1.84171;2024-02-03 14:55:00
202400010777.0;1;6;6029;2;1;1.0;3.0;43.55368;7.02079;2024-12-31 16:00:00
202400010778.0;2;6;6004;2;1;1.0;3.0;43.6071382;7.123995;2024-12-31 07:25:00
202400010779.0;5;44;44184;2;2;1.0;5.0;47.28275;-2.20934;2024-02-03 18:20:00
202400010780.0;1;5;5061;2;3;1.0;1.0;44.57250804;6.10815972;2024-12-30 14:35:00
202400010781.0;5;42;42186;2;4;8.0;4.0;45.5249;4.6032;2024-02-03 19:00:00
202400010782.0;5;5;5023;2;3;1.0;3.0;44.90391416;6.62821054;2024-12-30 17:35:00
202400010783.0;5;38;38185;2;1;1.0;1.0;45.16989554;5.74136496;2024-02-03 22:15:00
202400010784.0;1;75;75114;2;1;1.0;2.0;48.824101;2.307761;2024-12-31 10:43:00
202400010785.0;5;37;37261;2;2;2.0;3.0;47.38879;0.68466;2024-02-03 08:05:00
202400010786.0;5;35;35238;2;1;1.0;6.0;48.09518561;-1.6504346;2024-02-04 01:40:00
202400010787.0;1;75;75115;2;1;2.0;2.0;48.836504;2.305522;2024-12-31 11:05:00
202400010788.0;1;75;75114;2;3;1.0;6.0;48.830798;2.329377;2024-12-30 13:55:00
202400010789.0;5;35;35238;2;2;1.0;3.0;48.09871;-1.69449;2024-02-03 21:05:00
202400010790.0;2;35;35238;1;1;1.0;2.0;48.11678;-1.7192;2024-02-03 19:40:00
202400010791.0;1;75;75108;2;2;2.0;3.0;48.877635;2.312555;2024-12-30 14:47:00
202400010792.0;5;34;34172;2;7;1.0;3.0;43.61033;3.89041;2024-02-03 23:15:00
202400010793.0;5;94;94081;2;2;8.0;6.0;48.78507531;2.38843102;2024-12-30 20:50:00
202400010794.0;4;34;34172;2;1;1.0;2.0;43.60801;3.92996;2024-02-03 19:00:00
202400010795.0;5;94;94046;2;3;1.0;3.0;48.81007;2.43294;2024-12-31 20:25:00
202400010796.0;4;34;34172;2;1;1.0;2.0;43.59185;3.87838;2024-02-03 01:50:00
202400010797.0;1;94;94028;2;3;8.0;2.0;48.799889;2.452241;2024-12-31 16:05:00
202400010798.0;1;93;93048;2;1;1.0;6.0;48.8630496;2.44246495;2024-12-31 16:30:00
202400010799.0;1;93;93005;2;3;1.0;2.0;48.95802048;2.5048392;2024-12-31 14:40:00
202400010800.0;5;92;92063;2;1;1.0;2.0;48.87235548;2.16284104;2024-12-22 21:40:00
202400010801.0;1;92;92062;2;3;1.0;3.0;48.87568675;2.23704368;2024-12-31 09:15:00
202400010802.0;1;92;92048;2;6;1.0;3.0;48.82005381;2.24266134;2024-12-31 10:40:00
202400010803.0;1;92;92040;2;1;1.0;3.0;48.82138553;2.26220906;2024-12-31 12:58:00
202400010804.0;5;92;92025;2;1;1.0;6.0;48.91823553;2.2389464;2024-12-30 18:30:00
202400010805.0;1;92;92024;2;1;1.0;3.0;48.9091624;2.31293052;2024-12-31 12:30:00
202400010806.0;1;92;92023;2;1;1.0;2.0;48.77679;2.23236;2024-12-31 12:40:00
202400010807.0;5;974;97414;1;1;1.0;6.0;-21.284446;55.393238;2024-12-31 19:40:00
202400010808.0;3;51;51254;1;1;5.0;7.0;48.625307;3.679487;2024-12-31 20:10:00
202400010809.0;1;69;69006;1;1;9.0;7.0;45.97277;4.340436;2024-12-31 15:00:00
202400010810.0;3;12;12206;1;1;1.0;6.0;44.435408;2.261161;2024-12-31 23:00:00
202400010811.0;3;12;12063;1;1;1.0;1.0;44.017632;3.14312;2024-12-31 18:25:00
202400010812.0;1;6;6152;2;1;1.0;1.0;43.621716;7.038728;2024-12-31 13:00:00
202400010813.0;5;68;68117;2;1;1.0;2.0;48.042458;7.176726;2024-12-31 19:00:00
202400010814.0;1;63;63213;1;3;5.0;1.0;45.825383;3.223962;2024-12-31 16:20:00
202400010815.0;3;54;54304;1;1;1.0;2.0;48.68072304;6.1190629;2024-12-30 04:35:00
202400010816.0;3;62;62186;1;1;2.0;7.0;50.43489627;2.71511855;2024-12-28 02:35:00
202400010817.0;3;59;59426;1;1;1.0;7.0;50.76301;3.16121;2024-12-27 02:49:00
202400010818.0;3;92;92036;1;1;1.0;2.0;48.93340854;2.32131327;2024-12-30 22:00:00
202400010819.0;1;95;95277;1;1;1.0;6.0;48.97522;2.49115;2024-12-30 10:00:00
202400010820.0;3;77;77294;1;1;1.0;2.0;48.96454041;2.61065613;2024-12-30 23:05:00
202400010821.0;1;77;77337;1;1;2.0;2.0;48.82814833;2.61805928;2024-12-30 10:55:00
202400010822.0;1;974;97411;2;3;1.0;3.0;-20.90376;55.49444;2024-12-30 13:50:00
202400010823.0;1;974;97411;2;1;1.0;6.0;-20.90004;55.48231;2024-12-30 06:25:00
202400010824.0;5;974;97409;2;9;1.0;3.0;-20.97226;55.66748;2024-12-30 21:50:00
202400010825.0;1;973;97302;2;1;3.0;7.0;4.91013;-52.30831;2024-12-30 14:30:00
202400010826.0;5;972;97209;2;9;1.0;3.0;14.6064;-61.07551;2024-12-28 19:15:00
202400010827.0;5;69;69142;1;1;1.0;2.0;45.73022;4.81532;2024-12-30 00:35:00
202400010828.0;5;2A;2A004;2;1;1.0;6.0;41.91326;8.72733;2024-12-30 17:47:00
202400010829.0;1;91;91657;2;1;1.0;6.0;48.702779;2.429065;2024-12-29 12:55:00
202400010830.0;5;91;91657;2;1;1.0;6.0;48.69626;2.43379;2024-12-29 00:50:00
202400010831.0;5;91;91687;2;3;1.0;1.0;48.64743;2.36392;2024-12-30 19:20:00
202400010832.0;1;87;87065;2;3;1.0;3.0;45.79829;1.29561;2024-12-28 14:31:00
202400010833.0;5;78;78238;2;1;1.0;6.0;48.96639;1.86552;2024-12-30 18:07:00
202400010834.0;1;2A;2A006;1;1;1.0;1.0;41.972533;8.77961;2024-06-01 08:00:00
202400010835.0;1;65;65017;1;9;1.0;3.0;42.748935;0.191016;2024-06-02 17:30:00
202400010836.0;1;63;63381;1;1;5.0;6.0;45.860428;2.967231;2024-06-03 11:00:00
202400010837.0;1;42;42092;1;1;5.0;1.0;45.50137815;4.38618749;2024-06-03 11:20:00
202400010838.0;1;41;41241;1;2;1.0;3.0;47.435096;1.907943;2024-06-03 16:10:00
202400010839.0;2;41;41002;1;1;2.0;7.0;47.334257;1.235576;2024-06-02 06:20:00
202400010840.0;2;39;39367;1;1;3.0;1.0;46.559556;6.008065;2024-06-02 20:10:00
202400010841.0;1;25;25459;2;1;2.0;7.0;46.837151;6.281359;2024-06-02 16:45:00
202400010842.0;3;31;31517;2;1;3.0;6.0;43.32618711;1.32233977;2024-02-16 05:40:00
202400010843.0;2;15;15069;1;1;2.0;3.0;45.171434;3.041303;2024-06-02 18:45:00
202400010844.0;1;15;15192;1;1;1.0;6.0;45.051097;2.707019;2024-06-03 16:10:00
202400010845.0;1;26;26086;1;1;1.0;3.0;44.68694;5.462683;2024-06-02 17:25:00
202400010846.0;1;58;58095;2;1;1.0;6.0;46.826978;3.450112;2024-06-02 17:00:00
202400010847.0;3;58;58046;1;1;1.0;6.0;46.844661;3.656277;2024-06-03 04:00:00
202400010848.0;1;6;6089;1;1;1.0;6.0;43.6703899;6.9836245;2024-06-03 14:00:00
202400010849.0;1;14;14165;1;1;1.0;6.0;49.340713;-0.868177;2024-06-02 20:45:00
202400010850.0;4;14;14480;2;3;1.0;2.0;49.327071;-1.083183;2024-06-02 00:10:00
202400010851.0;1;50;50350;1;1;1.0;1.0;49.034851;-1.325548;2024-06-03 16:45:00
202400010852.0;1;50;50084;1;1;1.0;2.0;49.04502;-1.466042;2024-06-02 10:30:00
202400010853.0;1;50;50412;1;1;1.0;7.0;49.353728;-1.697774;2024-06-02 16:30:00
202400010854.0;2;60;60509;2;6;1.0;6.0;49.307841;2.606777;2024-06-03 08:05:00
202400010855.0;1;18;18075;1;1;1.0;7.0;47.017771;3.033772;2024-06-03 12:30:00
202400010856.0;1;16;16280;2;6;1.0;2.0;45.75238;0.352947;2024-06-03 08:00:00
202400010857.0;1;7;7172;1;1;1.0;3.0;45.280526;4.723983;2024-06-03 17:31:00
202400010858.0;1;40;40243;1;1;1.0;3.0;43.931574;-0.933001;2024-06-02 12:00:00
202400010859.0;3;40;40265;1;1;1.0;6.0;43.994158;-0.127813;2024-06-02 03:00:00
202400010860.0;1;30;30036;1;2;1.0;3.0;43.773976;4.284647;2024-06-03 16:25:00
202400010861.0;1;31;31091;1;9;1.0;6.0;43.71880526;1.40122542;2024-06-03 12:50:00
202400010862.0;1;987;98738;2;3;1.0;3.0;-17.618;-149.549;2024-06-02 11:30:00
202400010863.0;1;1;1331;1;1;2.0;6.0;46.11458;5.473613;2024-06-02 10:00:00
202400010864.0;1;69;69244;2;1;2.0;3.0;45.76603;4.765298;2024-06-02 18:25:00
202400010865.0;1;13;13025;1;1;1.0;2.0;43.48574166;5.53350136;2024-06-03 08:36:00
202400010866.0;3;27;27701;1;1;1.0;6.0;49.240059;1.195686;2024-06-03 03:25:00
202400010867.0;1;13;13103;1;1;1.0;1.0;43.626788;5.121136;2024-06-03 13:35:00
202400010868.0;1;972;97224;2;1;2.0;1.0;14.675819;-61.042035;2024-06-02 16:05:00
202400010869.0;3;34;34209;1;1;1.0;7.0;43.293278;3.360336;2024-06-03 00:30:00
202400010870.0;1;38;38320;2;1;2.0;6.0;45.82793;5.426254;2024-06-02 14:00:00
202400010871.0;1;7;7235;1;4;2.0;1.0;44.82396586;4.19426372;2024-06-02 10:40:00
202400010872.0;1;86;86104;1;1;8.0;6.0;46.119918;0.323331;2024-06-02 15:55:00
202400010873.0;1;85;85071;1;6;1.0;3.0;46.751753;-1.86997;2024-05-30 10:45:00
202400010874.0;1;14;14609;1;3;1.0;5.0;49.267847;-0.738482;2024-06-03 16:25:00
202400010875.0;1;76;76728;2;1;8.0;1.0;49.485266;1.011783;2024-06-01 19:25:00
202400010876.0;1;60;60282;2;1;1.0;1.0;49.179875;2.418555;2024-06-03 19:20:00
202400010877.0;1;80;80442;1;1;1.0;1.0;49.740883;3.022777;2024-06-03 17:15:00
202400010878.0;1;59;59252;1;2;1.0;3.0;50.716203;2.93969;2024-06-03 12:10:00
202400010879.0;1;13;13071;1;1;1.0;4.0;43.41309;5.28116;2024-05-31 12:55:00
202400010880.0;3;13;13106;1;1;1.0;2.0;43.38298612;5.35139202;2024-06-02 01:50:00
202400010881.0;1;77;77291;1;1;1.0;1.0;49.01485;2.58875;2024-10-16 16:05:00
202400010882.0;1;67;67152;1;1;1.0;3.0;48.5284;7.69418;2024-05-28 17:50:00
202400010883.0;3;77;77374;1;1;2.0;7.0;48.79604;2.7167;2024-10-17 21:10:00
202400010884.0;2;92;92072;1;1;2.0;7.0;48.82490955;2.22113968;2024-06-01 21:00:00
202400010885.0;1;93;93007;1;1;1.0;3.0;48.92635915;2.48128763;2024-06-02 16:34:00
202400010886.0;5;77;77284;2;1;1.0;3.0;48.9568;2.91699;2024-10-17 20:00:00
202400010887.0;1;95;95306;1;1;1.0;4.0;49.00640579;2.16383247;2024-06-02 14:40:00
202400010888.0;1;95;95488;1;1;1.0;6.0;49.02486562;2.13226004;2024-06-02 14:15:00
202400010889.0;1;77;77276;1;3;1.0;3.0;48.92709;2.87936;2024-10-17 09:00:00
202400010890.0;4;93;93063;1;1;1.0;3.0;48.87844318;2.44713993;2024-06-01 21:50:00
202400010891.0;1;77;77335;1;1;1.0;3.0;48.95898335;2.8299577;2024-10-17 09:30:00
202400010892.0;5;94;94052;1;1;1.0;2.0;48.8433103;2.49314406;2024-06-02 02:00:00
202400010893.0;3;77;77468;1;9;2.0;6.0;48.83244993;2.66426256;2024-06-01 21:45:00
202400010894.0;1;77;77131;2;4;1.0;3.0;48.79997;3.08762;2024-10-17 07:57:00
202400010895.0;1;44;44109;2;1;1.0;6.0;47.25070057;-1.55115587;2024-04-04 05:04:00
202400010896.0;1;44;44109;2;7;8.0;7.0;47.2136184;-1.58704101;2024-04-04 17:45:00
202400010897.0;2;76;76451;2;2;2.0;6.0;49.4626;1.08175;2024-10-17 08:00:00
202400010898.0;1;44;44109;2;2;8.0;2.0;47.21966092;-1.55428762;2024-04-03 16:34:00
202400010899.0;1;44;44162;2;1;8.0;6.0;47.22183149;-1.60659249;2024-04-01 14:11:00
202400010900.0;1;76;76351;2;1;1.0;7.0;49.49767;0.10418;2024-10-17 14:10:00
202400010901.0;1;44;44109;2;1;8.0;3.0;47.2434338;-1.52714968;2024-04-01 13:57:00
202400010902.0;1;76;76351;2;3;1.0;6.0;49.50656;0.15721;2024-10-16 14:20:00
202400010903.0;4;29;29019;2;6;2.0;6.0;48.3829;-4.48771;2024-03-31 01:45:00
202400010904.0;1;76;76351;2;2;1.0;3.0;49.52425;0.09687;2024-10-15 08:00:00
202400010905.0;2;84;84031;2;3;1.0;3.0;44.05191;5.05572;2024-01-29 18:01:00
202400010906.0;2;74;74118;2;1;3.0;6.0;46.16626;6.189;2024-10-17 08:10:00
202400010907.0;1;84;84031;2;1;1.0;6.0;44.05241;5.04151;2024-01-26 10:00:00
202400010908.0;2;84;84031;2;1;1.0;2.0;44.06396;5.04902;2024-01-16 19:30:00
202400010909.0;1;62;62139;1;1;7.0;3.0;50.70856125;2.25376654;2024-02-17 15:55:00
202400010910.0;1;71;71306;2;2;1.0;1.0;46.67416;4.37239;2024-10-17 17:50:00
202400010911.0;2;62;62040;2;1;1.0;6.0;50.73350437;2.2975827;2024-02-22 18:37:00
202400010912.0;5;71;71306;2;1;1.0;6.0;46.67746;4.35879;2024-10-17 04:20:00
202400010913.0;2;62;62765;2;3;1.0;1.0;50.74638;2.26164;2024-02-05 17:00:00
202400010914.0;1;69;69266;2;2;3.0;6.0;45.76182;4.88476;2024-10-17 08:30:00
202400010915.0;2;74;74082;2;9;8.0;5.0;46.141374;6.13625;2024-03-05 18:05:00
202400010916.0;1;69;69264;2;9;2.0;6.0;45.97792;4.73891;2024-10-16 10:20:00
202400010917.0;1;69;69276;2;1;1.0;6.0;45.67156;4.86;2024-10-16 16:12:00
202400010918.0;1;974;97411;2;7;1.0;3.0;-20.88638;55.4698;2024-06-01 14:25:00
202400010919.0;1;68;68066;2;6;1.0;3.0;48.0783;7.33303;2024-10-17 10:50:00
202400010920.0;3;973;97302;2;3;1.0;3.0;4.92210218;-52.312592;2024-06-01 19:10:00
202400010921.0;2;67;67043;2;2;1.0;3.0;48.62997;7.77649;2024-10-17 18:20:00
202400010922.0;1;69;69388;2;1;1.0;3.0;45.7331861;4.87964138;2024-06-01 12:00:00
202400010923.0;1;67;67267;2;1;1.0;2.0;48.55955;7.69054;2024-10-17 13:55:00
202400010924.0;5;69;69386;2;3;1.0;3.0;45.76569;4.85117;2024-06-01 04:05:00
202400010925.0;1;66;66136;2;3;1.0;3.0;42.68764;2.89976;2024-10-16 17:45:00
202400010926.0;1;69;69383;2;1;1.0;3.0;45.75274;4.86965;2024-05-31 17:00:00
202400010927.0;1;66;66136;2;1;1.0;6.0;42.68636;2.90639;2024-10-16 16:45:00
202400010928.0;5;2B;2B033;1;3;1.0;2.0;42.66867;9.44368;2024-06-01 02:30:00
202400010929.0;1;64;64260;2;3;1.0;6.0;43.35904;-1.77169;2024-10-16 12:40:00
202400010930.0;1;971;97113;2;1;1.0;1.0;16.20991;-61.4723;2024-06-01 11:30:00
202400010931.0;1;64;64102;2;1;1.0;3.0;43.49771;-1.44937;2024-10-16 18:30:00
202400010932.0;1;2A;2A004;2;1;1.0;6.0;41.9245;8.73798;2024-06-01 18:58:00
202400010933.0;1;2A;2A004;2;3;1.0;3.0;41.92421;8.73907;2024-05-31 17:43:00
202400010934.0;1;60;60159;2;3;1.0;3.0;49.40691;2.8301;2024-10-11 08:30:00
202400010935.0;1;95;95277;2;3;1.0;3.0;48.98551664;2.44697928;2024-06-01 20:00:00
202400010936.0;1;95;95203;2;1;2.0;3.0;48.99398;2.26849;2024-06-01 15:00:00
202400010937.0;1;59;59599;2;1;2.0;1.0;50.70481;3.15871;2024-10-17 13:30:00
202400010938.0;5;84;84007;2;3;1.0;3.0;43.95109;4.80266;2024-06-02 01:07:00
202400010939.0;1;59;59220;2;9;1.0;3.0;50.60831;3.06559;2024-09-15 17:00:00
202400010940.0;5;83;83137;1;1;1.0;1.0;43.13469674;5.97737896;2024-06-01 22:45:00
202400010941.0;5;59;59431;1;1;2.0;6.0;50.71;2.81027;2024-10-17 05:45:00
202400010942.0;1;82;82033;1;3;1.0;3.0;44.073337;1.138684;2024-06-01 14:10:00
202400010943.0;2;56;56260;2;1;8.0;6.0;47.65867;-2.74793;2024-10-17 08:20:00
202400010944.0;2;78;78440;2;1;1.0;3.0;48.986;1.91215;2024-06-01 21:05:00
202400010945.0;5;54;54357;2;6;1.0;3.0;48.71077;6.17263;2024-10-16 18:35:00
202400010946.0;5;78;78168;2;9;2.0;6.0;48.74898;1.92582;2024-06-01 22:20:00
202400010947.0;1;54;54395;2;6;1.0;6.0;48.68715;6.18854;2024-10-16 11:00:00
202400010948.0;1;77;77284;2;1;2.0;2.0;48.9468;2.90479;2024-06-01 16:05:00
202400010949.0;5;51;51454;2;9;1.0;3.0;49.2268;4.02493;2024-10-16 21:10:00
202400010950.0;1;69;69259;2;2;1.0;1.0;45.69245;4.873;2024-06-01 19:46:00
202400010951.0;1;51;51454;2;2;1.0;3.0;49.27346;4.02397;2024-10-16 13:25:00
202400010952.0;1;67;67482;2;3;2.0;3.0;48.58455;7.74075;2024-06-01 17:20:00
202400010953.0;1;64;64445;2;1;1.0;3.0;43.33957;-0.37765;2024-06-01 16:30:00
202400010954.0;1;50;50129;2;3;3.0;3.0;49.61291;-1.65095;2024-10-16 16:15:00
202400010955.0;3;64;64102;2;2;1.0;2.0;43.49814525;-1.49078655;2024-06-01 00:10:00
202400010956.0;1;62;62826;2;3;2.0;3.0;50.51232276;1.61593705;2024-05-31 12:25:00
202400010957.0;1;50;50129;2;3;1.0;2.0;49.62679;-1.63452;2024-10-14 12:40:00
202400010958.0;3;62;62510;1;1;2.0;3.0;50.43418;2.75229;2024-06-01 00:20:00
202400010959.0;1;49;49246;1;1;2.0;2.0;47.4338;-0.53628;2024-10-16 13:40:00
202400010960.0;1;54;54431;2;1;1.0;2.0;48.894965;6.052139;2024-05-27 18:09:00
202400010961.0;1;54;54525;1;1;1.0;1.0;49.467237;5.889585;2024-05-31 13:00:00
202400010962.0;1;49;49007;2;2;1.0;6.0;47.47657;-0.54967;2024-10-16 10:53:00
202400010963.0;1;54;54099;1;1;1.0;2.0;49.262;5.931;2024-06-01 11:50:00
202400010964.0;5;48;48095;2;1;2.0;7.0;44.51788;3.4955;2024-10-17 19:06:00
202400010965.0;1;51;51474;2;1;1.0;6.0;49.266976;3.990732;2024-06-01 10:50:00
202400010966.0;1;50;50147;1;9;1.0;4.0;49.06926;-1.43076;2024-05-29 14:00:00
202400010967.0;1;47;47001;2;1;3.0;2.0;44.1963;0.633;2024-10-17 12:45:00
202400010968.0;1;45;45338;1;1;2.0;1.0;47.989;2.696;2024-06-01 18:00:00
202400010969.0;5;44;44184;2;3;1.0;3.0;47.2704;-2.2248;2024-10-17 20:00:00
202400010970.0;5;38;38185;2;3;3.0;1.0;45.18886;5.70582;2024-10-17 18:44:00
202400010971.0;1;45;45208;2;3;2.0;5.0;47.988914;2.732408;2024-05-31 18:45:00
202400010972.0;1;45;45208;1;2;2.0;3.0;48.005417;2.744353;2024-05-31 18:43:00
202400010973.0;1;38;38053;2;3;1.0;3.0;45.60378;5.26673;2024-10-16 17:00:00
202400010974.0;1;45;45004;1;9;2.0;6.0;47.97026;2.73386;2024-05-31 18:15:00
202400010975.0;1;43;43157;2;1;1.0;6.0;45.02485;3.88281;2024-06-01 11:00:00
202400010976.0;1;37;37261;2;2;1.0;3.0;47.37975693;0.67981571;2024-09-18 18:21:00
202400010977.0;5;37;37261;2;2;2.0;3.0;47.39756;0.6994;2024-10-17 06:10:00
202400010978.0;4;42;42044;2;1;1.0;1.0;45.39452;4.3231;2024-06-01 22:54:00
202400010979.0;1;37;37233;2;6;1.0;3.0;47.39218;0.72532;2024-10-16 08:00:00
202400010980.0;1;38;38185;2;9;8.0;6.0;45.1773;5.72435;2024-06-01 12:25:00
202400010981.0;1;34;34108;2;6;1.0;3.0;43.44682;3.75386;2024-05-13 09:20:00
202400010982.0;5;37;37233;2;6;8.0;3.0;47.38225;0.7306;2024-10-16 06:55:00
202400010983.0;1;34;34301;2;1;1.0;3.0;43.40128;3.69696;2024-05-05 16:45:00
202400010984.0;1;34;34172;2;1;1.0;6.0;43.60368;3.88969;2024-10-16 14:20:00
202400010985.0;5;31;31555;2;1;1.0;6.0;43.6249186;1.47498697;2024-06-01 23:18:00
202400010986.0;1;31;31555;2;1;1.0;6.0;43.64034;1.45338;2024-06-01 15:25:00
202400010987.0;1;34;34032;2;2;1.0;7.0;43.34479;3.23404;2024-10-16 12:18:00
202400010988.0;1;31;31555;2;1;1.0;6.0;43.610576;1.439942;2024-06-01 09:54:00
202400010989.0;2;33;33200;2;1;3.0;3.0;44.87968;-0.68425;2024-10-17 08:10:00
202400010990.0;5;28;28085;2;1;1.0;3.0;48.45497;1.53008;2024-06-01 23:15:00
202400010991.0;5;31;31555;2;1;1.0;7.0;43.64787529;1.43679231;2024-10-17 01:10:00
202400010992.0;1;26;26362;1;1;1.0;7.0;44.91523;4.90806;2024-06-01 10:30:00
202400010993.0;1;17;17415;1;1;1.0;7.0;45.71421;-0.67058;2024-06-01 17:40:00
202400010994.0;1;29;29019;2;2;2.0;3.0;48.402056;-4.494537;2024-10-16 18:35:00
202400010995.0;5;17;17415;2;1;1.0;2.0;45.74071;-0.64162;2024-06-01 05:50:00
202400010996.0;1;29;29019;2;1;2.0;6.0;48.402741;-4.466468;2024-10-16 08:30:00
202400010997.0;5;13;13210;2;1;1.0;2.0;43.27911;5.41349;2024-06-01 22:30:00
202400010998.0;1;13;13208;2;2;1.0;3.0;43.2479;5.38378;2024-06-01 19:30:00
202400010999.0;1;19;19031;2;1;3.0;6.0;45.15975;1.51383;2024-10-17 08:45:00
202400011000.0;1;13;13211;2;1;1.0;3.0;43.28424;5.436;2024-06-01 13:52:00
202400011001.0;1;14;14437;1;1;1.0;2.0;49.1817;-0.32502;2024-10-14 15:50:00
202400011002.0;5;13;13211;2;1;1.0;3.0;43.29204;5.45978;2024-06-01 02:20:00
202400011003.0;1;11;11262;2;6;1.0;6.0;43.1813;3.0295;2024-06-01 12:12:00
202400011004.0;1;13;13212;2;9;1.0;1.0;43.31;5.42;2024-10-17 17:10:00
202400011005.0;1;11;11262;2;9;1.0;6.0;43.174942;3.026972;2024-06-01 10:39:00
202400011006.0;1;13;13210;2;1;1.0;2.0;43.28405;5.39578;2024-10-17 13:54:00
202400011007.0;1;11;11069;1;2;1.0;3.0;43.20414;2.38642;2024-05-31 17:55:00
202400011008.0;1;13;13214;2;1;1.0;3.0;43.31704737;5.38180578;2024-10-16 17:50:00
202400011009.0;1;1;1053;2;2;8.0;3.0;46.20196;5.22095;2024-06-01 13:49:00
202400011010.0;1;10;10387;2;1;1.0;3.0;48.2953;4.0844;2024-10-16 15:57:00
202400011011.0;2;75;75118;2;1;2.0;3.0;48.900758;2.337189;2024-06-01 18:15:00
202400011012.0;1;75;75105;2;2;2.0;3.0;48.851126;2.351305;2024-06-01 14:50:00
202400011013.0;2;3;3310;2;2;1.0;3.0;46.1273;3.43421;2024-10-17 07:35:00
202400011014.0;1;75;75117;2;3;1.0;6.0;48.879034;2.302358;2024-06-01 12:00:00
202400011015.0;1;3;3190;2;1;1.0;6.0;46.5609;3.3184;2024-10-16 16:40:00
202400011016.0;1;75;75115;2;1;2.0;3.0;48.842626;2.284582;2024-06-01 15:45:00
202400011017.0;1;75;75113;2;1;1.0;2.0;48.817522;2.349559;2024-10-17 08:10:00
202400011018.0;5;75;75115;2;2;1.0;3.0;48.84286;2.31238;2024-06-01 02:51:00
202400011019.0;1;75;75112;2;1;1.0;3.0;48.82759547;2.39349067;2024-10-17 09:23:00
202400011020.0;1;75;75114;2;5;1.0;3.0;48.82136;2.342568;2024-05-31 17:15:00
202400011021.0;2;75;75114;2;1;1.0;3.0;48.820099;2.325741;2024-10-16 18:25:00
202400011022.0;1;75;75113;2;1;2.0;6.0;48.822036;2.36832;2024-06-01 12:45:00
202400011023.0;1;75;75106;2;1;2.0;6.0;48.843576;2.325046;2024-10-17 12:50:00
202400011024.0;1;75;75120;2;2;1.0;3.0;48.876801;2.411995;2024-10-16 15:25:00
202400011025.0;1;75;75112;2;2;2.0;6.0;48.847151;2.406263;2024-06-01 15:00:00
202400011026.0;1;75;75120;2;3;1.0;6.0;48.873474;2.383092;2024-10-16 13:10:00
202400011027.0;1;75;75109;2;2;2.0;2.0;48.869919;2.328023;2024-06-01 14:38:00
202400011028.0;1;75;75119;2;1;2.0;7.0;48.896733;2.370741;2024-10-17 16:20:00
202400011029.0;1;75;75108;2;2;8.0;1.0;48.875124;2.314903;2024-06-01 18:00:00
202400011030.0;5;75;75119;2;3;1.0;3.0;48.884688;2.398909;2024-10-17 04:50:00
202400011031.0;5;94;94081;2;3;9.0;3.0;48.80448982;2.40515694;2024-05-31 22:20:00
202400011032.0;1;75;75119;2;1;1.0;2.0;48.878485;2.403208;2024-10-16 16:28:00
202400011033.0;2;75;75118;2;3;3.0;3.0;48.89809137;2.34426963;2024-10-17 17:10:00
202400011034.0;5;94;94046;2;2;2.0;1.0;48.81049;2.45269;2024-06-01 04:20:00
202400011035.0;1;75;75116;2;7;2.0;3.0;48.877388;2.279159;2024-10-17 16:10:00
202400011036.0;1;94;94011;2;1;2.0;6.0;48.76092;2.4932;2024-06-01 13:30:00
202400011037.0;1;75;75116;2;1;1.0;5.0;48.860935;2.240225;2024-10-17 07:35:00
202400011038.0;1;94;94075;2;1;2.0;3.0;48.733363;2.515797;2024-06-01 15:10:00
202400011039.0;2;94;94071;2;1;2.0;3.0;48.756731;2.542604;2024-06-01 08:50:00
202400011040.0;5;75;75115;2;3;2.0;3.0;48.834568;2.266949;2024-10-17 20:00:00
202400011041.0;1;75;75115;2;1;1.0;3.0;48.835832;2.309636;2024-10-16 12:15:00
202400011042.0;1;93;93071;2;2;2.0;3.0;48.930562;2.529702;2024-06-01 13:10:00
202400011043.0;1;93;93047;2;1;1.0;2.0;48.89487303;2.54829025;2024-05-31 19:40:00
202400011044.0;2;75;75112;2;3;1.0;3.0;48.82923;2.39021;2024-10-16 18:30:00
202400011045.0;5;92;92062;2;3;2.0;7.0;48.88544025;2.2279349;2024-06-01 23:00:00
202400011046.0;1;75;75111;2;4;8.0;3.0;48.852941;2.388507;2024-10-17 12:21:00
202400011047.0;2;92;92026;2;1;2.0;2.0;48.88776039;2.25187942;2024-06-01 18:40:00