Num_Acc;lum;departement;commune;agglomeration;intersection;meteo;type_collision;lat;long;date
202400011048.0;1;75;75110;2;3;1.0;6.0;48.87949307;2.35718036;2024-10-17 09:12:00
202400011049.0;3;33;33243;1;1;1.0;6.0;44.914333;-0.216663;2024-06-02 02:30:00
202400011050.0;5;75;75108;2;2;2.0;3.0;48.874178;2.298991;2024-10-17 18:50:00
202400011051.0;2;39;39208;1;1;3.0;6.0;46.638458;5.942629;2024-06-02 06:15:00
202400011052.0;1;75;75107;2;3;3.0;6.0;48.848468;2.320563;2024-10-17 16:30:00
202400011053.0;5;75;75101;2;3;2.0;3.0;48.860571;2.349353;2024-10-17 01:00:00
202400011054.0;5;8;8067;2;1;1.0;2.0;49.62335499;5.18304437;2024-05-31 22:10:00
202400011055.0;3;94;94078;2;1;1.0;6.0;48.75365318;2.44452788;2024-10-17 05:24:00
202400011056.0;1;71;71214;1;1;2.0;7.0;46.652801;4.587506;2024-06-02 16:00:00
202400011057.0;5;94;94073;2;3;2.0;3.0;48.76562;2.39656;2024-10-17 20:00:00
202400011058.0;1;33;33002;1;2;1.0;3.0;44.522306;-0.046524;2024-06-01 10:52:00
202400011059.0;1;94;94065;2;3;1.0;3.0;48.750152;2.354545;2024-10-17 10:30:00
202400011060.0;3;49;49092;1;1;1.0;6.0;47.192002;-0.706601;2024-06-02 03:45:00
202400011061.0;1;94;94022;2;1;2.0;6.0;48.76773;2.41715;2024-10-17 10:16:00
202400011062.0;2;68;68043;2;3;2.0;1.0;47.860133;7.260205;2024-06-01 19:30:00
202400011063.0;1;92;92064;2;1;2.0;2.0;48.85525357;2.2155081;2024-10-17 09:25:00
202400011064.0;3;60;60527;2;1;2.0;6.0;49.086333;2.906592;2024-06-02 02:45:00
202400011065.0;1;92;92051;2;2;2.0;6.0;48.88819571;2.26462696;2024-10-17 16:05:00
202400011066.0;3;974;97413;2;1;1.0;1.0;-21.205708;55.296389;2024-05-31 19:00:00
202400011067.0;5;92;92044;2;2;2.0;3.0;48.89136281;2.28274494;2024-10-17 20:17:00
202400011068.0;1;62;62289;2;3;1.0;3.0;50.45607156;1.76067434;2024-06-01 14:30:00
202400011069.0;1;92;92040;2;1;8.0;7.0;48.8297062;2.26459359;2024-10-17 09:00:00
202400011070.0;1;62;62524;2;1;1.0;3.0;50.66552094;1.82888618;2024-06-02 17:15:00
202400011071.0;5;92;92024;2;1;3.0;7.0;48.89689599;2.30926216;2024-10-17 18:55:00
202400011072.0;5;92;92012;2;1;2.0;7.0;48.82901432;2.2294338;2024-10-17 21:40:00
202400011073.0;1;59;59074;2;1;8.0;3.0;50.086466;3.443983;2024-05-29 12:50:00
202400011074.0;1;74;74225;2;1;1.0;6.0;45.87048;5.94384;2024-06-01 18:50:00
202400011075.0;1;92;92012;2;1;2.0;1.0;48.84677961;2.23915704;2024-10-17 10:10:00
202400011076.0;1;71;71073;2;1;1.0;1.0;46.91408;4.75398;2024-05-30 13:35:00
202400011077.0;5;92;92002;2;9;8.0;3.0;48.73474962;2.3097302;2024-10-17 06:20:00
202400011078.0;5;37;37271;2;2;2.0;1.0;47.231393;0.497856;2024-10-17 21:20:00
202400011079.0;1;71;71543;2;3;1.0;3.0;46.55715;4.91522;2024-05-31 08:50:00
202400011080.0;1;61;61037;1;1;2.0;7.0;48.425783;0.487679;2024-05-28 13:42:00
202400011081.0;1;35;35239;2;1;1.0;1.0;47.911215;-1.38888;2024-10-16 14:10:00
202400011082.0;1;49;49244;1;1;1.0;6.0;47.327523;-0.969873;2024-10-17 16:30:00
202400011083.0;2;55;55348;1;1;8.0;7.0;48.572199;5.29202;2024-06-02 04:38:00
202400011084.0;3;12;12208;2;1;1.0;7.0;43.95912696;2.89654613;2024-06-02 03:30:00
202400011085.0;1;34;34148;2;3;2.0;3.0;43.367665;3.155671;2024-10-18 09:00:00
202400011086.0;1;39;39397;2;1;2.0;3.0;46.523862;5.620655;2024-06-02 15:45:00
202400011087.0;3;2A;2A276;1;1;1.0;1.0;41.729766;8.805188;2024-10-14 19:14:00
202400011088.0;1;26;26338;1;1;2.0;7.0;44.596375;4.819836;2024-10-17 11:05:00
202400011089.0;1;44;44069;1;1;1.0;4.0;47.35083;-2.422303;2024-06-01 14:10:00
202400011090.0;1;76;76503;1;1;1.0;6.0;49.526827;1.009076;2024-10-16 09:20:00
202400011091.0;2;44;44130;1;9;1.0;5.0;47.120256;-1.53152;2024-06-01 06:03:00
202400011092.0;3;31;31163;1;1;3.0;5.0;43.582738;1.592438;2024-10-17 19:35:00
202400011093.0;1;29;29212;2;2;1.0;2.0;48.372879;-4.589624;2024-05-31 11:51:00
202400011094.0;1;21;21599;1;1;1.0;2.0;47.621589;5.179008;2024-10-18 14:51:00
202400011095.0;1;29;29061;2;1;1.0;3.0;48.429386;-4.467863;2024-05-31 18:42:00
202400011096.0;1;67;67426;2;3;7.0;2.0;48.351789;7.288753;2024-10-12 11:45:00
202400011097.0;2;46;46227;1;1;3.0;6.0;44.385219;1.856539;2024-10-17 18:25:00
202400011098.0;1;2;2141;1;4;2.0;3.0;49.977901;3.904352;2024-06-01 19:50:00
202400011099.0;1;1;1354;1;3;1.0;2.0;46.248139;6.041485;2024-10-18 15:42:00
202400011100.0;3;2;2060;2;1;2.0;1.0;49.83756;3.103504;2024-06-01 22:00:00
202400011101.0;3;19;19072;1;1;2.0;3.0;45.21049;1.516081;2024-10-16 20:40:00
202400011102.0;1;3;3108;1;1;5.0;6.0;46.184139;2.941611;2024-06-02 17:45:00
202400011103.0;2;56;56039;1;1;1.0;1.0;47.861492;-2.92747;2024-10-17 19:20:00
202400011104.0;3;1;1420;2;3;1.0;6.0;46.171116;4.798933;2024-05-31 22:50:00
202400011105.0;1;56;56010;2;6;2.0;3.0;47.882089;-3.017536;2024-10-16 09:40:00
202400011106.0;1;7;7197;1;1;2.0;1.0;45.230955;4.674549;2024-06-02 15:00:00
202400011107.0;1;27;27037;1;2;1.0;3.0;49.08161;0.829597;2024-06-02 07:45:00
202400011108.0;1;69;69214;2;3;1.0;5.0;45.980894;4.32591;2024-10-18 17:10:00
202400011109.0;3;38;38310;1;1;1.0;6.0;45.24005;5.496278;2024-06-02 02:20:00
202400011110.0;3;12;12077;1;1;2.0;1.0;43.938721;3.200508;2024-10-15 19:55:00
202400011111.0;1;13;13029;1;1;1.0;3.0;43.559854;5.075405;2024-06-02 18:40:00
202400011112.0;3;34;34332;1;1;2.0;6.0;43.316972;3.428317;2024-10-17 19:53:00
202400011113.0;2;22;22248;2;1;1.0;3.0;48.622812;-3.08704;2024-10-07 07:48:00
202400011114.0;1;21;21054;1;1;2.0;5.0;47.03736;4.857094;2024-06-01 13:40:00
202400011115.0;3;39;39470;1;1;2.0;6.0;46.489447;6.040731;2024-10-18 00:45:00
202400011116.0;2;974;97403;2;1;1.0;1.0;-21.258189;55.464478;2024-06-02 05:45:00
202400011117.0;1;39;39191;1;3;3.0;1.0;46.832027;5.606461;2024-10-18 08:52:00
202400011118.0;1;6;6128;1;1;1.0;1.0;43.711882;7.115954;2024-06-02 17:00:00
202400011119.0;1;44;44003;2;6;2.0;3.0;47.373474;-1.183734;2024-10-15 15:00:00
202400011120.0;3;29;29054;1;1;1.0;7.0;48.408088;-3.899186;2024-10-17 19:30:00
202400011121.0;3;3;3298;1;6;3.0;1.0;46.304497;3.425551;2024-06-01 02:05:00
202400011122.0;1;29;29072;2;1;1.0;3.0;47.797154;-4.290542;2024-10-18 10:35:00
202400011123.0;2;2;2468;1;1;5.0;7.0;49.724722;3.784388;2024-10-18 07:55:00
202400011124.0;1;7;7087;1;3;1.0;3.0;44.651982;4.267561;2024-06-01 10:00:00
202400011125.0;1;15;15135;1;1;2.0;6.0;44.993424;2.151818;2024-10-18 11:00:00
202400011126.0;2;33;33433;2;1;1.0;6.0;44.919081;-0.435848;2024-06-01 06:25:00
202400011127.0;2;70;70044;1;1;1.0;6.0;47.690519;6.13499;2024-10-18 07:15:00
202400011128.0;5;14;14663;2;1;1.0;7.0;49.285573;-0.68156;2024-06-01 23:45:00
202400011129.0;2;66;66149;1;1;8.0;7.0;42.618834;2.445617;2024-10-17 19:04:00
202400011130.0;1;29;29255;1;1;1.0;7.0;48.5541262;-4.25386694;2024-06-01 11:30:00
202400011131.0;1;50;50523;2;1;7.0;4.0;49.430916;-1.300989;2024-10-17 18:50:00
202400011132.0;2;50;50453;1;1;5.0;6.0;48.844961;-1.199224;2024-10-18 08:00:00
202400011133.0;3;59;59419;2;1;1.0;6.0;50.520034;3.287246;2024-06-01 23:35:00
202400011134.0;3;45;45203;1;1;3.0;6.0;47.852133;1.720777;2024-10-17 22:44:00
202400011135.0;3;91;91103;1;1;2.0;2.0;48.62437;2.3001;2024-06-01 03:50:00
202400011136.0;1;40;40224;2;1;3.0;6.0;43.544219;-1.105392;2024-10-17 10:30:00
202400011137.0;3;91;91103;1;1;2.0;2.0;48.62437;2.3001;2024-06-01 03:50:00
202400011138.0;1;17;17166;1;1;1.0;7.0;46.115773;-0.872405;2024-10-18 15:50:00
202400011139.0;1;92;92036;1;1;1.0;2.0;48.93513721;2.26665421;2024-06-01 19:20:00
202400011140.0;1;92;92063;1;1;8.0;6.0;48.891392;2.17589725;2024-05-31 19:08:00
202400011141.0;3;87;87090;1;2;3.0;3.0;46.318118;1.322265;2024-10-17 18:00:00
202400011142.0;1;92;92019;1;1;8.0;3.0;48.77621518;2.23316898;2024-05-31 17:36:00
202400011143.0;1;87;87116;1;6;2.0;3.0;46.138348;1.056211;2024-10-18 13:30:00
202400011144.0;1;93;93078;1;1;2.0;3.0;48.96361976;2.52140428;2024-06-01 17:35:00
202400011145.0;3;30;30146;1;1;8.0;4.0;43.972037;4.101035;2024-10-18 07:20:00
202400011146.0;3;95;95018;1;1;2.0;2.0;48.94970996;2.28053232;2024-06-01 04:50:00
202400011147.0;1;987;98734;1;1;1.0;3.0;-17.76101616;-149.50947046;2024-10-17 11:15:00
202400011148.0;3;93;93064;1;1;2.0;6.0;48.88670628;2.47783272;2024-06-01 01:30:00
202400011149.0;1;19;19180;1;1;3.0;6.0;45.51284304;2.22786231;2024-10-17 17:20:00
202400011150.0;3;95;95582;1;1;3.0;6.0;48.96669962;2.25550739;2024-06-01 00:25:00
202400011151.0;1;49;49030;1;1;8.0;7.0;47.355455;-0.078621;2024-10-17 09:29:00
202400011152.0;1;78;78043;2;2;1.0;1.0;48.838739;2.086684;2024-10-16 13:20:00
202400011153.0;1;971;97103;1;1;1.0;3.0;16.254488;-61.556327;2024-10-17 17:18:00
202400011154.0;3;77;77520;1;1;3.0;2.0;48.311743;2.642684;2024-10-18 00:23:00
202400011155.0;2;71;71052;1;2;1.0;3.0;46.603252;4.894471;2024-10-18 18:30:00
202400011156.0;1;88;88131;1;1;1.0;1.0;48.16817;6.658093;2024-10-18 14:07:00
202400011157.0;1;81;81140;1;1;2.0;6.0;43.677401;1.881473;2024-10-18 15:35:00
202400011158.0;1;31;31429;1;1;8.0;1.0;43.49232;1.52379;2024-10-16 17:00:00
202400011159.0;3;17;17100;1;2;8.0;3.0;45.732599;-0.452006;2024-10-17 07:15:00
202400011160.0;1;50;50041;1;1;1.0;1.0;49.594822;-1.768847;2024-10-17 17:40:00
202400011161.0;1;29;29057;1;1;1.0;3.0;47.92878228;-3.97912496;2024-10-17 17:45:00
202400011162.0;4;22;22245;1;1;2.0;7.0;48.653187;-3.332189;2024-10-17 00:05:00
202400011163.0;1;35;35244;1;2;1.0;3.0;48.390875;-1.487655;2024-10-17 10:15:00
202400011164.0;2;27;27020;2;2;2.0;1.0;48.996723;1.074911;2024-10-07 18:50:00
202400011165.0;1;76;76057;2;2;1.0;6.0;49.54532;0.952678;2024-10-18 15:33:00
202400011166.0;1;59;59117;2;1;1.0;1.0;50.285312;3.154814;2024-10-17 09:05:00
202400011167.0;1;13;13071;1;1;2.0;2.0;43.41269032;5.2816386;2024-10-17 18:00:00
202400011168.0;1;59;59350;1;1;1.0;2.0;50.616292;3.066547;2024-10-15 13:15:00
202400011169.0;3;92;92048;1;1;2.0;3.0;48.81130205;2.21297347;2024-10-17 00:51:00
202400011170.0;4;92;92036;1;1;1.0;2.0;48.93540166;2.26544968;2024-10-16 20:13:00
202400011171.0;1;92;92062;1;1;1.0;2.0;48.89288335;2.2338962;2024-10-16 08:10:00
202400011172.0;1;95;95582;1;1;1.0;2.0;48.9633556;2.26447223;2024-10-16 11:50:00
202400011173.0;1;95;95018;1;1;1.0;2.0;48.96078636;2.26969648;2024-10-16 10:00:00
202400011174.0;3;95;95018;1;1;2.0;6.0;48.95528809;2.27796417;2024-10-15 19:45:00
202400011175.0;2;94;94052;1;1;2.0;3.0;48.83826565;2.49372861;2024-10-17 08:10:00
202400011176.0;3;77;77468;1;1;3.0;4.0;48.83251521;2.65929855;2024-10-16 21:50:00
202400011177.0;1;94;94074;1;1;1.0;2.0;48.76842391;2.45091344;2024-10-16 18:49:00
202400011178.0;1;94;94004;1;1;1.0;5.0;48.75424597;2.50970006;2024-10-16 08:50:00
202400011179.0;1;93;93073;2;2;1.0;3.0;48.97667;2.55848;2024-10-17 11:40:00
202400011180.0;1;93;93053;2;7;2.0;3.0;48.90159019;2.45920944;2024-10-17 14:45:00
202400011181.0;1;93;93051;2;1;8.0;3.0;48.82943;2.56527;2024-10-17 17:45:00
202400011182.0;1;93;93048;2;2;8.0;3.0;48.85284;2.44478;2024-10-17 13:25:00
202400011183.0;5;93;93006;2;4;3.0;3.0;48.87242252;2.42152738;2024-10-17 01:40:00
202400011184.0;1;93;93047;2;1;3.0;6.0;48.90159959;2.56144524;2024-10-17 16:45:00
202400011185.0;1;38;38289;1;1;1.0;6.0;45.126275;6.043124;2024-08-10 13:00:00
202400011186.0;1;38;38179;2;1;1.0;2.0;45.17338;5.78986;2024-07-30 18:20:00
202400011187.0;2;38;38151;2;1;1.0;3.0;45.15318;5.71132;2024-07-16 06:20:00
202400011188.0;1;38;38185;1;1;1.0;6.0;45.1646;5.72487;2024-07-10 19:25:00
202400011189.0;1;38;38185;2;7;1.0;7.0;45.19029174;5.72661817;2024-07-05 17:00:00
202400011190.0;1;38;38185;2;2;1.0;3.0;45.1872;5.72759;2024-06-30 13:54:00
202400011191.0;1;38;38421;2;9;1.0;6.0;45.17848;5.77434;2024-06-26 07:40:00
202400011192.0;1;74;74286;2;1;1.0;7.0;46.316451;6.675214;2024-08-07 19:45:00
202400011193.0;1;74;74276;1;1;1.0;5.0;46.143537;6.614993;2024-07-18 10:30:00
202400011194.0;1;74;74249;1;1;1.0;3.0;46.365706;6.618383;2024-07-20 19:15:00
202400011195.0;1;74;74280;1;3;1.0;3.0;45.89926;6.348993;2024-08-06 11:45:00
202400011196.0;1;74;74311;2;2;1.0;1.0;46.151309;6.4117;2024-07-30 09:40:00
202400011197.0;1;74;74196;1;1;1.0;7.0;46.016452;6.561104;2024-07-29 16:15:00
202400011198.0;1;74;74257;1;3;1.0;3.0;46.009367;5.978994;2024-07-28 09:25:00
202400011199.0;3;74;74236;1;1;1.0;7.0;45.863226;6.727064;2024-08-03 22:30:00
202400011200.0;1;74;74026;1;1;1.0;1.0;45.979958;6.050554;2024-08-03 16:52:00
202400011201.0;1;74;74002;1;2;1.0;1.0;45.820463;6.033812;2024-08-06 16:40:00
202400011202.0;1;74;74127;1;1;1.0;1.0;46.352289;6.530331;2024-08-06 11:10:00
202400011203.0;2;74;74123;1;1;1.0;6.0;45.730573;6.301861;2024-08-04 07:19:00
202400011204.0;5;74;74275;2;1;1.0;3.0;45.84271;6.213467;2024-08-01 22:30:00
202400011205.0;1;74;74173;2;1;1.0;6.0;45.84366684;6.59055519;2024-08-02 16:40:00
202400011206.0;1;74;74256;2;1;1.0;7.0;45.939041;6.630348;2024-07-22 17:40:00
202400011207.0;1;74;74308;2;1;1.0;3.0;46.356377;6.608223;2024-06-08 12:20:00
202400011208.0;2;74;74073;1;1;2.0;6.0;46.347653;6.632888;2024-06-02 21:30:00
202400011209.0;1;84;84031;1;1;1.0;2.0;44.06908;5.04286;2024-06-20 18:42:00
202400011210.0;5;44;44162;2;1;1.0;7.0;47.21998346;-1.62557686;2024-10-07 20:50:00
202400011211.0;2;974;97416;2;2;1.0;3.0;-21.341686;55.472435;2024-10-16 06:25:00
202400011212.0;1;974;97411;2;1;1.0;6.0;-20.88013;55.44624;2024-10-16 15:45:00
202400011213.0;1;974;97411;2;1;1.0;6.0;-20.8906;55.46565;2024-10-16 08:45:00
202400011214.0;1;974;97411;2;1;1.0;6.0;-20.91264;55.47457;2024-10-16 07:20:00
202400011215.0;1;973;97302;2;1;1.0;6.0;4.94468;-52.31436;2024-10-16 12:38:00
202400011216.0;1;973;97302;2;1;1.0;5.0;4.93167141;-52.30722213;2024-10-16 09:50:00
202400011217.0;1;973;97302;1;1;1.0;2.0;4.90533;-52.32331;2024-10-16 09:52:00
202400011218.0;3;38;38218;1;1;1.0;7.0;45.336442;5.154777;2024-03-17 20:45:00
202400011219.0;1;72;72054;1;1;2.0;1.0;48.00714174;0.34229803;2024-03-18 10:15:00
202400011220.0;5;6;6059;1;1;1.0;5.0;43.714651;7.348711;2024-03-17 21:40:00
202400011221.0;1;14;14123;2;1;1.0;7.0;49.233257;-0.442114;2024-03-17 18:15:00
202400011222.0;1;50;50087;1;1;1.0;1.0;49.560386;-1.611128;2024-03-18 13:30:00
202400011223.0;2;45;45103;1;1;1.0;7.0;48.096971;2.584984;2024-02-27 17:30:00
202400011224.0;1;7;7078;2;6;8.0;2.0;45.254483;4.687868;2024-03-18 12:30:00
202400011225.0;1;40;40110;2;1;1.0;6.0;43.63993724;-0.37827403;2024-03-15 10:40:00
202400011226.0;2;27;27658;1;1;1.0;3.0;49.11324;0.913045;2024-03-18 19:27:00
202400011227.0;1;17;17043;1;2;1.0;3.0;46.0613;-0.594887;2024-03-15 14:10:00
202400011228.0;1;23;23008;2;1;1.0;6.0;45.954611;2.166898;2024-03-18 08:15:00
202400011229.0;1;87;87089;1;1;2.0;7.0;46.214615;1.120005;2024-03-17 17:10:00
202400011230.0;1;37;37234;1;1;1.0;1.0;47.19256029;1.02492481;2024-03-18 07:45:00
202400011231.0;5;30;30133;2;6;1.0;7.0;43.522216;4.138107;2024-03-15 20:30:00
202400011232.0;3;973;97307;1;1;1.0;1.0;4.905571;-52.366505;2024-03-18 01:15:00
202400011233.0;1;31;31187;2;1;1.0;6.0;43.537172;1.231327;2024-03-18 11:15:00
202400011234.0;1;30;30347;1;1;1.0;1.0;43.727156;4.259123;2024-03-17 17:55:00
202400011235.0;5;978;97801;2;3;1.0;1.0;18.087683;-63.066089;2024-03-17 21:20:00
202400011236.0;3;69;69244;2;1;1.0;3.0;45.764834;4.772527;2024-03-15 22:55:00
202400011237.0;2;6;6018;2;3;1.0;3.0;43.630113;7.093357;2024-03-18 07:20:00
202400011238.0;5;987;98715;2;2;1.0;3.0;-17.57348559;-149.6154803;2024-03-16 19:30:00
202400011239.0;1;38;38466;1;3;2.0;2.0;45.375052;5.962942;2024-03-18 10:55:00
202400011240.0;2;13;13032;1;1;1.0;7.0;43.561891;5.38152;2024-03-17 05:50:00
202400011241.0;2;62;62323;1;1;1.0;6.0;50.29487792;2.88465076;2024-03-12 08:00:00
202400011242.0;1;987;98714;1;1;1.0;3.0;-16.51098;-151.722366;2024-03-17 14:50:00
202400011243.0;4;987;98754;1;1;1.0;1.0;-16.83594963;-151.42303705;2024-03-17 01:00:00
202400011244.0;2;971;97117;2;1;1.0;3.0;16.324289;-61.354061;2024-03-15 18:30:00
202400011245.0;1;13;13087;1;1;1.0;3.0;43.489529;5.641726;2024-03-13 15:25:00
202400011246.0;5;37;37281;2;1;8.0;1.0;47.40528716;0.80128446;2024-03-17 21:00:00
202400011247.0;5;71;71342;2;1;2.0;6.0;46.461741;4.105282;2024-03-17 19:53:00
202400011248.0;1;73;73179;2;3;1.0;1.0;45.59920993;5.87743789;2024-03-18 13:40:00
202400011249.0;1;38;38012;1;1;1.0;6.0;45.585159;5.596204;2024-03-18 11:37:00
202400011250.0;1;26;26377;1;1;1.0;7.0;44.309401;5.039291;2024-03-18 17:00:00
202400011251.0;3;60;60282;1;1;1.0;2.0;49.209026;2.450981;2024-03-17 20:00:00
202400011252.0;1;13;13005;1;1;1.0;2.0;43.25649;5.52635;2024-03-17 14:35:00
202400011253.0;3;42;42330;1;1;1.0;2.0;45.47275;4.36298;2024-03-17 20:23:00
202400011254.0;1;91;91136;1;1;1.0;6.0;48.7108;2.28851;2024-03-17 14:40:00
202400011255.0;1;91;91179;1;1;2.0;2.0;48.56372792;2.47804387;2024-03-17 08:05:00
202400011256.0;3;95;95682;1;1;1.0;6.0;49.06773722;2.38036219;2024-03-17 19:00:00
202400011257.0;1;93;93064;1;1;8.0;2.0;48.87077944;2.48219132;2024-03-17 16:50:00
202400011258.0;1;95;95582;1;1;2.0;6.0;48.97507308;2.24260437;2024-03-17 13:40:00
202400011259.0;3;93;93053;1;1;1.0;6.0;48.90248612;2.46764973;2024-03-17 02:52:00
202400011260.0;3;93;93007;1;1;1.0;5.0;48.95037545;2.44884564;2024-03-16 22:20:00
202400011261.0;1;95;95018;1;1;1.0;2.0;48.96242661;2.26643738;2024-03-16 16:30:00
202400011262.0;2;77;77122;1;1;1.0;6.0;48.65879;2.61264;2024-03-17 17:50:00
202400011263.0;3;94;94018;1;1;1.0;6.0;48.81803121;2.41100013;2024-03-17 02:15:00
202400011264.0;3;92;92025;2;1;1.0;3.0;48.91882598;2.24044766;2024-03-16 19:10:00
202400011265.0;5;44;44109;2;2;1.0;1.0;47.18633987;-1.52761213;2024-03-15 20:30:00
202400011266.0;1;974;97416;1;1;1.0;3.0;-21.3433;55.48;2024-03-16 13:30:00
202400011267.0;1;974;97411;1;1;1.0;2.0;-20.88565;55.47202;2024-03-16 10:20:00
202400011268.0;1;44;44109;2;3;1.0;3.0;47.20703;-1.53945;2024-07-04 16:20:00
202400011269.0;1;974;97411;2;3;1.0;6.0;-20.88398;55.45049;2024-03-16 12:10:00
202400011270.0;1;69;69385;2;1;1.0;1.0;45.75028;4.77297;2024-03-16 16:25:00
202400011271.0;5;43;43002;2;6;1.0;1.0;45.04961672;3.88756701;2024-07-04 00:15:00
202400011272.0;3;41;41269;2;1;1.0;6.0;47.79681;1.05529;2024-07-03 22:40:00
202400011273.0;5;2B;2B120;2;1;1.0;2.0;9.44085;42.6516;2024-03-16 20:58:00
202400011274.0;1;38;38053;2;1;1.0;6.0;45.58675;5.27514;2024-07-04 12:00:00
202400011275.0;1;37;37233;2;6;1.0;7.0;47.38232221;0.73052073;2024-07-04 06:45:00
202400011276.0;1;2B;2B120;1;1;1.0;2.0;42.65176;9.44097;2024-03-16 13:39:00
202400011277.0;1;36;36044;2;1;1.0;2.0;46.80824;1.70375;2024-07-04 10:40:00
202400011278.0;2;95;95428;2;1;1.0;1.0;49.007578;2.317675;2024-03-16 19:00:00
202400011279.0;1;34;34129;2;1;1.0;6.0;43.591257;3.908206;2024-07-04 14:45:00
202400011280.0;1;91;91477;2;3;1.0;1.0;48.71879;2.22534;2024-03-16 15:00:00
202400011281.0;3;91;91027;2;1;2.0;1.0;48.71456;2.40544;2024-03-16 00:44:00
202400011282.0;2;34;34172;2;3;1.0;4.0;43.63679;3.84483;2024-06-30 21:00:00
202400011283.0;5;91;91589;2;4;1.0;1.0;48.68676;2.3529;2024-03-16 21:48:00
202400011284.0;1;83;83069;2;1;1.0;6.0;43.1162;6.0913;2024-03-15 08:40:00
202400011285.0;1;34;34003;2;1;1.0;2.0;43.30885;3.4769;2024-07-04 16:20:00
202400011286.0;1;78;78418;2;6;1.0;3.0;48.91199;2.1464;2024-03-16 13:55:00
202400011287.0;1;33;33063;2;1;1.0;3.0;44.84235;-0.57967;2024-07-04 13:45:00
202400011288.0;5;77;77373;2;1;1.0;3.0;48.794023;2.611357;2024-03-16 19:30:00
202400011289.0;1;33;33281;2;6;1.0;6.0;44.81388;-0.71342;2024-07-03 19:45:00
202400011290.0;1;33;33200;2;1;1.0;7.0;44.881;-0.672;2024-07-03 20:15:00
202400011291.0;1;77;77288;2;1;1.0;6.0;48.539599;2.664325;2024-03-14 13:17:00
202400011292.0;1;31;31555;2;1;1.0;3.0;43.64787;1.42205;2024-07-04 08:20:00
202400011293.0;5;77;77449;2;1;1.0;6.0;48.854;2.77643;2024-03-16 19:51:00
202400011294.0;1;29;29232;2;1;1.0;2.0;47.992784;-4.084227;2024-06-29 12:00:00
202400011295.0;1;77;77449;2;1;1.0;1.0;48.84385;2.77754;2024-03-15 18:05:00
202400011296.0;1;29;29254;2;1;1.0;6.0;48.59577021;-3.84153207;2024-07-03 15:25:00
202400011297.0;5;77;77186;2;1;1.0;2.0;48.349889;2.696;2024-03-16 23:58:00
202400011298.0;1;28;28134;1;1;1.0;2.0;48.74646;1.38678;2024-07-04 07:35:00
202400011299.0;5;69;69256;2;2;2.0;3.0;45.7778;4.91842;2024-03-15 19:40:00
202400011300.0;1;26;26362;2;9;1.0;3.0;44.91405;4.87797;2024-07-04 08:20:00
202400011301.0;1;65;65440;2;3;1.0;3.0;43.23330316;0.08218414;2024-03-16 14:00:00
202400011302.0;1;64;64284;2;1;1.0;6.0;43.28776;-0.38611;2024-03-16 14:30:00
202400011303.0;1;25;25462;2;1;1.0;2.0;46.91705;6.34415;2024-07-04 17:15:00
202400011304.0;1;64;64102;2;1;1.0;2.0;43.48819;-1.49156;2024-03-16 11:20:00
202400011305.0;1;22;22113;2;1;1.0;7.0;48.72506;-3.43923;2024-07-04 10:25:00
202400011306.0;3;63;63063;1;2;1.0;3.0;45.83375;3.08674;2024-03-16 19:59:00
202400011307.0;1;19;19031;2;5;1.0;3.0;45.1662;1.5205;2024-07-03 18:20:00
202400011308.0;1;59;59598;2;1;1.0;1.0;50.660594;3.235638;2024-03-16 10:55:00
202400011309.0;1;17;17306;2;1;1.0;2.0;45.64879;-1.0243;2024-07-04 16:45:00
202400011310.0;1;14;14327;1;1;3.0;7.0;49.207453;-0.31675;2024-05-05 17:53:00
202400011311.0;1;54;54528;2;1;1.0;1.0;48.677332;5.897184;2024-03-16 11:30:00
202400011312.0;1;54;54547;2;3;1.0;6.0;48.66064;6.1861;2024-03-16 10:30:00
202400011313.0;1;49;49007;2;1;1.0;6.0;47.46852;-0.55846;2024-03-16 13:05:00
202400011314.0;1;13;13212;2;3;1.0;3.0;43.29571;5.42277;2024-07-03 15:38:00
202400011315.0;1;45;45232;2;3;1.0;1.0;47.85795;1.90517;2024-03-15 17:35:00
202400011316.0;1;44;44114;2;1;1.0;6.0;47.24650467;-1.60086214;2024-03-16 10:40:00
202400011317.0;1;13;13028;2;3;1.0;3.0;43.2048;5.60353;2024-07-04 07:45:00
202400011318.0;5;38;38053;2;1;1.0;7.0;45.58456;5.27863;2024-03-16 21:23:00
202400011319.0;1;10;10333;2;6;1.0;3.0;48.2821;4.05964;2024-07-03 15:35:00
202400011320.0;5;38;38053;2;1;1.0;2.0;45.59696;5.23316;2024-03-15 21:57:00
202400011321.0;1;6;6088;2;1;1.0;6.0;43.73684;7.30624;2024-07-04 16:45:00
202400011322.0;5;35;35238;2;2;1.0;2.0;48.11253;-1.68733;2024-03-16 21:27:00
202400011323.0;1;6;6069;1;1;1.0;3.0;43.625388;6.927414;2024-07-04 17:35:00
202400011324.0;5;33;33063;2;9;1.0;3.0;44.83502;-0.57206;2024-03-16 21:50:00
202400011325.0;1;6;6027;2;3;1.0;5.0;43.66025;7.17413;2024-07-04 08:00:00
202400011326.0;1;27;27229;2;3;1.0;6.0;49.03466;1.15543;2024-03-16 11:09:00
202400011327.0;1;75;75117;2;1;1.0;2.0;48.900501;2.324889;2024-07-04 08:50:00
202400011328.0;1;25;25462;1;1;1.0;3.0;46.89981;6.32258;2024-03-15 15:45:00
202400011329.0;1;75;75112;2;1;1.0;3.0;48.830276;2.402037;2024-07-04 09:20:00