Num_Acc;lum;departement;commune;agglomeration;intersection;meteo;type_collision;lat;long;date
202400011330.0;1;22;22278;2;3;1.0;1.0;48.49985;-2.74427;2024-03-16 10:15:00
202400011331.0;1;75;75115;2;1;1.0;2.0;48.83058;2.285285;2024-07-03 09:55:00
202400011332.0;5;13;13203;2;3;1.0;3.0;43.31282;5.38454;2024-03-16 22:10:00
202400011333.0;1;75;75116;2;1;1.0;3.0;48.871993;2.27402;2024-07-03 08:00:00
202400011334.0;5;13;13211;2;1;1.0;1.0;43.28685517;5.44545891;2024-03-16 04:45:00
202400011335.0;1;13;13047;2;1;1.0;7.0;43.49072;4.98569;2024-03-16 16:30:00
202400011336.0;1;75;75120;2;2;1.0;6.0;48.870782;2.399224;2024-07-04 09:20:00
202400011337.0;5;13;13001;2;1;1.0;3.0;43.52096;5.43563;2024-03-16 21:20:00
202400011338.0;1;75;75117;2;3;1.0;3.0;48.883564;2.281924;2024-07-04 16:30:00
202400011339.0;1;13;13001;2;9;1.0;3.0;43.52409898;5.43298745;2024-03-16 12:00:00
202400011340.0;1;10;10333;1;6;8.0;6.0;48.26858;4.0525;2024-03-16 10:33:00
202400011341.0;1;75;75116;2;7;1.0;3.0;48.864582;2.293704;2024-07-04 13:00:00
202400011342.0;5;6;6088;2;1;1.0;6.0;43.68709;7.23837;2024-03-16 04:06:00
202400011343.0;1;75;75116;2;2;1.0;6.0;48.86762;2.27702;2024-07-04 09:00:00
202400011344.0;1;75;75118;2;3;1.0;6.0;48.900509;2.33531;2024-03-16 12:25:00
202400011345.0;5;75;75115;2;2;1.0;3.0;48.839219;2.308286;2024-07-03 23:55:00
202400011346.0;5;75;75118;2;2;2.0;3.0;48.891225;2.343636;2024-03-15 23:10:00
202400011347.0;1;75;75114;2;1;1.0;2.0;48.833036;2.317556;2024-07-04 13:30:00
202400011348.0;1;75;75117;2;3;1.0;6.0;48.878186;2.284139;2024-03-16 18:45:00
202400011349.0;1;75;75114;2;1;1.0;6.0;48.834511;2.334877;2024-07-03 20:35:00
202400011350.0;1;75;75117;2;6;1.0;2.0;48.879049;2.280481;2024-03-16 11:15:00
202400011351.0;1;75;75113;2;1;1.0;6.0;48.830341;2.355985;2024-07-04 16:40:00
202400011352.0;1;75;75112;2;3;1.0;2.0;48.84205;2.38645;2024-07-04 08:05:00
202400011353.0;5;75;75116;2;2;2.0;3.0;48.857364;2.26472;2024-03-16 03:50:00
202400011354.0;1;75;75110;2;1;1.0;6.0;48.882787;2.350263;2024-07-04 19:00:00
202400011355.0;5;75;75116;2;2;1.0;3.0;48.867842;2.291879;2024-03-16 01:30:00
202400011356.0;1;75;75110;2;3;1.0;6.0;48.877839;2.361594;2024-07-04 09:25:00
202400011357.0;1;75;75114;2;3;1.0;7.0;48.825467;2.302315;2024-03-15 09:45:00
202400011358.0;1;75;75108;2;7;1.0;3.0;48.86473123;2.30134338;2024-07-04 16:15:00
202400011359.0;5;75;75112;2;3;1.0;2.0;48.846463;2.378847;2024-03-16 02:30:00
202400011360.0;5;75;75109;2;1;1.0;7.0;48.879611;2.336092;2024-03-15 23:30:00
202400011361.0;1;75;75108;2;3;1.0;6.0;48.866098;2.313825;2024-03-16 15:41:00
202400011362.0;5;75;75107;2;1;1.0;3.0;48.85975755;2.29228556;2024-07-03 22:20:00
202400011363.0;1;75;75107;2;1;1.0;1.0;48.862185;2.300522;2024-03-16 18:00:00
202400011364.0;1;75;75104;2;3;1.0;6.0;48.854292;2.363712;2024-07-04 09:10:00
202400011365.0;1;75;75102;2;3;1.0;7.0;48.86605;2.339915;2024-03-16 14:30:00
202400011366.0;1;94;94081;2;3;1.0;3.0;48.77405628;2.36785343;2024-07-04 08:03:00
202400011367.0;2;94;94016;2;1;1.0;3.0;48.78722;2.32145;2024-03-16 19:00:00
202400011368.0;1;94;94078;2;1;1.0;2.0;48.73182;2.4468;2024-07-04 12:20:00
202400011369.0;1;94;94022;2;9;1.0;3.0;48.77347;2.40947;2024-03-16 17:20:00
202400011370.0;5;94;94004;2;3;2.0;6.0;48.74903215;2.50732242;2024-03-15 22:15:00
202400011371.0;1;94;94068;2;9;1.0;3.0;48.79571;2.50863;2024-07-04 06:38:00
202400011372.0;1;95;95527;2;4;1.0;3.0;49.00463577;2.54807711;2024-03-16 09:45:00
202400011373.0;1;94;94018;2;1;1.0;1.0;48.82606;2.40705;2024-07-04 08:50:00
202400011374.0;3;77;77291;1;1;2.0;2.0;49.0049295;2.58935165;2024-03-16 06:00:00
202400011375.0;1;93;93078;2;2;8.0;3.0;48.95812;2.5583;2024-07-03 11:25:00
202400011376.0;1;93;93014;2;9;1.0;3.0;48.90821;2.53426;2024-03-16 12:19:00
202400011377.0;1;93;93072;2;3;1.0;6.0;48.9588;2.39783;2024-07-03 20:25:00
202400011378.0;1;92;92026;2;3;1.0;2.0;48.89980784;2.27265644;2024-03-16 11:15:00
202400011379.0;1;93;93070;2;1;1.0;2.0;48.91155282;2.33666539;2024-07-04 11:00:00
202400011380.0;1;92;92025;2;9;1.0;1.0;48.91824147;2.23893706;2024-03-15 18:15:00
202400011381.0;1;93;93039;2;9;1.0;6.0;48.935778;2.339279;2024-07-04 13:10:00
202400011382.0;5;92;92024;2;1;1.0;2.0;48.91010201;2.30344605;2024-03-16 05:21:00
202400011383.0;1;93;93074;2;5;1.0;3.0;48.93344;2.56097;2024-07-04 17:52:00
202400011384.0;4;76;76279;2;9;9.0;6.0;49.615006;0.592645;2024-03-17 02:26:00
202400011385.0;2;93;93029;2;1;1.0;6.0;48.9299;2.44161;2024-07-04 21:30:00
202400011386.0;1;37;37153;1;1;1.0;2.0;47.47928661;0.76255068;2024-03-15 15:45:00
202400011387.0;1;2A;2A203;1;1;1.0;7.0;42.296461;8.677053;2024-03-16 13:30:00
202400011388.0;1;95;95452;2;8;1.0;7.0;49.13253935;2.28162232;2024-03-15 15:10:00
202400011389.0;1;93;93014;2;5;1.0;6.0;48.897072;2.531647;2024-07-04 15:25:00
202400011390.0;1;31;31547;1;2;1.0;3.0;43.504278;1.248187;2024-03-16 09:50:00
202400011391.0;1;92;92078;2;2;1.0;3.0;48.9280493;2.33124179;2024-07-04 08:45:00
202400011392.0;1;92;92073;2;3;1.0;1.0;48.86220208;2.21126965;2024-07-04 12:12:00
202400011393.0;1;972;97225;1;1;1.0;1.0;14.758968;-61.162434;2024-03-16 14:45:00
202400011394.0;1;23;23101;1;1;1.0;3.0;46.289453;1.925477;2024-03-16 16:05:00
202400011395.0;1;92;92063;2;2;7.0;6.0;48.87867295;2.18652114;2024-07-04 08:00:00
202400011396.0;1;21;21177;1;1;1.0;6.0;47.3676;4.408505;2024-03-17 09:30:00
202400011397.0;5;92;92050;1;1;1.0;4.0;48.9154506;2.21998358;2024-07-02 23:17:00
202400011398.0;3;71;71333;1;1;8.0;1.0;46.7744812;4.9622231;2024-03-16 19:20:00
202400011399.0;1;92;92050;2;9;1.0;3.0;48.8943463;2.18481839;2024-07-02 13:30:00
202400011400.0;2;76;76615;1;1;2.0;6.0;49.596595;0.201659;2024-03-17 07:00:00
202400011401.0;1;92;92049;2;1;1.0;6.0;48.82194;2.31372;2024-07-04 13:15:00
202400011402.0;1;79;79213;2;6;1.0;3.0;46.63593;-0.24598;2024-03-17 12:30:00
202400011403.0;1;92;92024;2;1;1.0;3.0;48.90284273;2.29689693;2024-07-04 11:45:00
202400011404.0;1;2B;2B043;1;1;1.0;6.0;42.781165;9.480064;2024-03-16 15:10:00
202400011405.0;1;974;97415;1;1;1.0;3.0;-21.009162;55.277196;2024-07-03 16:40:00
202400011406.0;3;65;65075;1;1;1.0;6.0;42.856077;0.342636;2024-03-17 02:00:00
202400011407.0;1;974;97415;2;1;2.0;7.0;-21.02671;55.291491;2024-07-04 11:30:00
202400011408.0;1;65;65448;1;1;1.0;7.0;43.283774;0.36242;2024-03-16 15:10:00
202400011409.0;1;69;69018;1;1;1.0;1.0;46.16366917;4.56964926;2024-03-16 13:15:00
202400011410.0;3;12;12140;1;1;1.0;6.0;44.385511;1.897974;2024-07-03 22:15:00
202400011411.0;1;81;81309;1;4;1.0;3.0;44.0900965;1.8059017;2024-03-17 15:40:00
202400011412.0;1;47;47015;1;1;1.0;1.0;44.055048;0.647067;2024-07-05 15:35:00
202400011413.0;1;11;11129;2;9;1.0;6.0;42.936326;2.231201;2024-03-17 14:15:00
202400011414.0;1;11;11263;1;1;1.0;3.0;42.887481;2.127657;2024-03-14 11:40:00
202400011415.0;1;1;1244;1;6;1.0;5.0;45.905836;5.21536;2024-06-12 18:58:00
202400011416.0;1;71;71248;1;1;1.0;6.0;46.558147;4.9269294;2024-03-16 18:25:00
202400011417.0;1;26;26140;1;1;1.0;1.0;45.103085;5.096583;2024-07-04 19:00:00
202400011418.0;3;63;63036;1;1;1.0;7.0;45.514317;3.205304;2024-03-16 20:10:00
202400011419.0;1;63;63178;2;1;1.0;7.0;45.536511;3.247358;2024-03-16 11:50:00
202400011420.0;1;52;52114;1;1;1.0;7.0;48.051693;4.900932;2024-07-05 11:55:00
202400011421.0;1;55;55463;1;1;2.0;7.0;48.891143;5.614631;2024-03-17 16:05:00
202400011422.0;1;95;95452;1;1;1.0;6.0;49.12282922;2.30447378;2024-07-05 15:50:00
202400011423.0;3;12;12056;1;1;1.0;6.0;44.289514;2.462225;2024-03-16 20:55:00
202400011424.0;1;95;95487;2;6;1.0;6.0;49.15748852;2.26370736;2024-07-05 07:30:00
202400011425.0;4;47;47252;2;1;1.0;6.0;44.399364;0.603229;2024-03-16 21:15:00
202400011426.0;1;84;84069;1;1;1.0;6.0;44.157332;5.147223;2024-06-24 13:00:00
202400011427.0;1;1;1304;2;1;1.0;4.0;46.056779;5.341067;2024-03-17 12:30:00
202400011428.0;3;31;31228;2;1;1.0;6.0;43.685276;1.595485;2024-07-04 03:15:00
202400011429.0;2;1;1196;1;1;1.0;6.0;46.351327;5.138673;2024-03-17 05:00:00
202400011430.0;1;13;13078;1;1;1.0;3.0;43.427875;4.763409;2024-06-24 09:00:00
202400011431.0;1;66;66003;2;2;7.0;6.0;42.47478;2.664523;2024-03-16 10:30:00
202400011432.0;3;83;83073;1;1;1.0;6.0;43.40345965;6.3011387;2024-07-05 00:26:00
202400011433.0;1;974;97412;2;1;1.0;6.0;-21.378508;55.620909;2024-07-05 08:00:00
202400011434.0;2;18;18065;1;1;1.0;7.0;46.820517;2.129695;2024-03-16 18:35:00
202400011435.0;3;972;97221;1;1;1.0;7.0;14.541263;-60.951864;2024-07-03 19:30:00
202400011436.0;1;7;7056;1;3;1.0;1.0;45.338591;4.731084;2024-03-17 09:55:00
202400011437.0;3;35;35085;1;1;1.0;6.0;48.42421;-1.755506;2024-07-05 01:20:00
202400011438.0;3;21;21445;1;1;1.0;6.0;47.319494;4.320481;2024-03-16 03:00:00
202400011439.0;1;46;46091;1;1;1.0;1.0;44.36729;1.628863;2024-07-03 12:50:00
202400011440.0;2;27;27039;2;1;1.0;1.0;49.377972;0.856199;2024-03-16 18:40:00
202400011441.0;1;27;27192;2;2;1.0;3.0;49.161011;0.932591;2024-03-16 14:20:00
202400011442.0;1;14;14061;2;2;1.0;3.0;48.91625547;-0.90971392;2024-07-04 17:20:00
202400011443.0;5;27;27011;2;1;2.0;1.0;49.204158;0.934675;2024-03-16 20:40:00
202400011444.0;5;30;30341;2;2;1.0;3.0;43.691692;4.274932;2024-03-15 21:30:00
202400011445.0;1;974;97410;1;1;1.0;5.0;-21.01334644;55.69054811;2024-07-05 15:11:00
202400011446.0;4;26;26325;2;6;1.0;3.0;45.29790408;4.81155038;2024-06-30 01:20:00
202400011447.0;3;21;21423;1;1;1.0;2.0;46.992154;4.854762;2024-03-16 05:50:00
202400011448.0;3;65;65301;1;1;1.0;7.0;43.297702;0.206326;2024-07-04 22:40:00
202400011449.0;1;973;97311;2;1;1.0;6.0;5.494572;-54.030767;2024-03-17 07:00:00
202400011450.0;1;72;72155;2;1;1.0;6.0;47.878158;0.227095;2024-07-04 18:20:00
202400011451.0;3;977;97701;1;1;1.0;6.0;17.92;-62.85;2024-03-17 04:29:00
202400011452.0;3;37;37253;1;1;1.0;6.0;47.28595982;0.98894861;2024-03-16 21:45:00
202400011453.0;1;62;62279;2;6;1.0;7.0;50.30279244;2.72572746;2024-06-28 20:50:00
202400011454.0;1;66;66037;1;1;1.0;3.0;42.70716816;2.980944;2024-03-16 15:30:00
202400011455.0;1;83;83018;1;1;1.0;1.0;43.339685;6.157869;2024-07-05 15:50:00
202400011456.0;3;34;34157;1;1;1.0;2.0;43.427244;3.558821;2024-03-16 06:27:00
202400011457.0;1;59;59454;1;3;1.0;3.0;50.789604;2.481341;2024-07-04 18:15:00
202400011458.0;1;5;5166;1;1;1.0;2.0;44.436687;5.713089;2024-03-16 11:15:00
202400011459.0;1;67;67463;1;1;1.0;7.0;48.9135;8.107948;2024-07-04 12:40:00
202400011460.0;1;11;11422;1;1;1.0;7.0;43.234143;2.416928;2024-07-05 19:50:00
202400011461.0;1;13;13097;1;1;1.0;7.0;43.56134;4.797419;2024-03-17 14:25:00
202400011462.0;3;89;89439;1;1;1.0;6.0;47.965384;3.677239;2024-07-05 04:45:00
202400011463.0;1;70;70279;1;3;1.0;1.0;47.424842;5.6132841;2024-03-16 10:55:00
202400011464.0;1;61;61214;2;1;1.0;1.0;48.760697;0.638526;2024-07-04 15:10:00
202400011465.0;1;34;34224;1;3;1.0;3.0;43.451751;3.209038;2024-06-26 12:45:00
202400011466.0;3;68;68063;1;1;1.0;7.0;47.783043;7.16801;2024-03-17 18:30:00
202400011467.0;2;68;68349;1;3;1.0;1.0;47.596455;7.564795;2024-06-27 05:10:00
202400011468.0;1;68;68012;2;3;2.0;3.0;47.776471;7.13379;2024-03-17 11:00:00
202400011469.0;1;39;39392;1;1;1.0;7.0;47.218147;5.557135;2024-06-23 10:30:00
202400011470.0;3;57;57159;1;1;2.0;1.0;49.056897;6.568762;2024-03-16 03:30:00
202400011471.0;1;44;44099;2;2;1.0;3.0;47.619723;-1.378387;2024-07-05 10:25:00
202400011472.0;1;42;42094;2;1;1.0;4.0;45.7399;4.191864;2024-03-16 14:50:00
202400011473.0;1;31;31232;1;3;1.0;6.0;43.74889;1.249609;2024-07-05 11:00:00
202400011474.0;1;13;13202;1;1;1.0;1.0;43.29955;5.37102;2024-03-16 07:15:00
202400011475.0;2;84;84017;1;1;1.0;6.0;44.120195;5.233366;2024-07-04 21:45:00
202400011476.0;5;33;33143;1;1;1.0;6.0;44.97772;-0.43184;2024-03-15 23:30:00
202400011477.0;1;3;3144;1;1;1.0;7.0;46.394098;3.763845;2024-07-04 18:45:00
202400011478.0;1;91;91286;1;1;1.0;2.0;48.65415;2.38058;2024-03-16 14:50:00
202400011479.0;1;3;3099;1;1;1.0;3.0;46.391992;3.040617;2024-07-04 17:35:00
202400011480.0;1;1;1124;2;1;1.0;7.0;46.451886;5.233848;2024-07-04 18:05:00
202400011481.0;2;91;91161;1;1;8.0;3.0;48.698583;2.313499;2024-03-16 06:37:00
202400011482.0;1;26;26114;2;1;1.0;3.0;44.517952;5.079889;2024-06-28 13:05:00
202400011483.0;1;78;78423;1;1;1.0;2.0;48.784131;2.034302;2024-03-16 15:45:00
202400011484.0;1;72;72126;1;2;1.0;3.0;48.02942;-0.098711;2024-06-01 16:30:00
202400011485.0;3;95;95241;1;1;2.0;2.0;49.04733495;2.43640924;2024-03-16 02:20:00
202400011486.0;3;93;93027;1;1;2.0;6.0;48.92644303;2.40293928;2024-03-16 00:40:00
202400011487.0;1;90;90081;1;2;1.0;1.0;47.524707;7.109324;2024-07-05 06:50:00
202400011488.0;1;9;9140;1;1;1.0;6.0;42.742348;1.835167;2024-07-05 07:50:00
202400011489.0;1;92;92078;1;1;1.0;4.0;48.93631371;2.31904047;2024-03-15 16:30:00
202400011490.0;1;93;93078;1;1;1.0;6.0;48.95809287;2.53061231;2024-03-15 07:30:00
202400011491.0;1;45;45233;1;1;1.0;1.0;48.201287;2.415045;2024-07-05 11:25:00
202400011492.0;1;64;64065;2;1;1.0;4.0;43.35383969;-1.62069261;2024-07-04 13:30:00
202400011493.0;1;10;10126;1;1;1.0;7.0;48.268155;4.611747;2024-07-05 14:40:00
202400011494.0;1;77;77373;1;1;1.0;4.0;48.77496007;2.61237869;2024-03-16 15:30:00
202400011495.0;1;40;40044;1;1;1.0;1.0;43.548375;-1.325683;2024-07-03 17:45:00
202400011496.0;3;974;97416;1;1;1.0;6.0;-21.32159;55.45795;2024-03-15 20:15:00
202400011497.0;1;85;85265;1;1;7.0;7.0;46.401838;-0.72293;2024-07-05 08:30:00
202400011498.0;1;85;85039;1;1;1.0;3.0;46.99232;-1.15247;2024-07-04 17:25:00
202400011499.0;1;973;97302;2;1;1.0;3.0;4.93907;-52.30055;2024-03-15 13:54:00
202400011500.0;1;87;87126;2;1;1.0;6.0;45.820626;0.825726;2024-07-05 15:09:00
202400011501.0;5;69;69383;2;1;1.0;3.0;45.75275906;4.86970556;2024-03-15 19:30:00
202400011502.0;1;37;37084;1;3;1.0;3.0;47.574;0.35601;2024-07-04 18:15:00
202400011503.0;5;69;69383;2;1;1.0;3.0;45.75473;4.87468;2024-03-15 18:50:00
202400011504.0;1;48;48016;1;1;1.0;1.0;44.472134;3.45431;2024-07-05 18:50:00
202400011505.0;1;69;69388;2;1;1.0;3.0;45.73416;4.88252;2024-03-15 13:20:00
202400011506.0;1;987;98734;1;1;1.0;3.0;-17.75500818;-149.52140808;2024-07-05 08:55:00
202400011507.0;1;972;97213;1;1;1.0;1.0;14.59405;-60.98238;2024-03-15 09:30:00
202400011508.0;1;6;6084;2;3;1.0;1.0;43.618022;6.969564;2024-07-03 09:45:00
202400011509.0;1;33;33122;2;9;1.0;3.0;44.734676;-0.776446;2024-07-04 17:57:00
202400011510.0;3;972;97209;2;1;1.0;1.0;14.60205883;-61.05694781;2024-03-14 21:25:00
202400011511.0;1;6;6085;2;1;1.0;3.0;43.59843;6.984826;2024-07-05 17:45:00
202400011512.0;1;69;69384;2;1;1.0;3.0;45.77387;4.82545;2024-03-15 11:10:00
202400011513.0;5;987;98735;1;1;1.0;1.0;-17.569882;-149.605894;2024-07-05 03:30:00
202400011514.0;1;69;69149;2;1;1.0;6.0;45.70047;4.82644;2024-03-13 15:45:00
202400011515.0;5;6;6155;1;1;1.0;4.0;43.60451;7.066306;2024-07-05 03:47:00
202400011516.0;5;971;97101;2;3;1.0;3.0;16.24249;-61.53012;2024-03-15 18:25:00
202400011517.0;2;36;36243;1;1;1.0;3.0;47.00577993;1.34072601;2024-07-05 08:00:00
202400011518.0;1;971;97101;1;1;1.0;2.0;16.26374;-61.51124;2024-03-14 08:00:00
202400011519.0;1;17;17434;1;1;1.0;3.0;46.094662;-0.751362;2024-07-05 07:05:00
202400011520.0;1;971;97120;2;1;3.0;7.0;16.23468;-61.53214;2024-03-09 08:10:00
202400011521.0;1;988;98821;1;1;2.0;1.0;-22.0022;166.21631;2024-07-05 12:30:00
202400011522.0;5;95;95582;2;1;3.0;6.0;48.9715164;2.2581476;2024-03-15 21:25:00
202400011523.0;1;976;97608;2;1;1.0;3.0;-12.783925;45.258334;2024-06-21 07:10:00
202400011524.0;1;95;95203;2;1;1.0;6.0;48.98512939;2.28112757;2024-03-14 12:30:00
202400011525.0;1;974;97423;2;1;1.0;3.0;-21.122891;55.263513;2024-07-05 14:45:00
202400011526.0;5;95;95598;2;1;2.0;6.0;48.98112064;2.29389757;2024-03-15 19:50:00
202400011527.0;1;974;97418;1;1;7.0;7.0;-20.920477;55.569985;2024-07-05 10:00:00
202400011528.0;1;973;97311;2;1;1.0;1.0;5.492986;-54.01823;2024-07-05 14:45:00
202400011529.0;5;91;91201;2;4;1.0;4.0;48.68644;2.40442;2024-03-14 20:15:00
202400011530.0;3;971;97115;1;6;1.0;2.0;16.27504917;-61.65933967;2024-07-03 19:00:00
202400011531.0;1;88;88160;2;2;1.0;3.0;48.17648;6.4339;2024-03-14 18:10:00
202400011532.0;2;971;97107;2;1;1.0;5.0;16.105185;-61.565205;2024-06-30 18:45:00
202400011533.0;2;88;88160;2;1;1.0;3.0;48.1816;6.4689;2024-03-14 18:47:00
202400011534.0;1;77;77183;2;2;1.0;3.0;48.948094;3.129671;2024-07-03 19:09:00
202400011535.0;1;85;85191;2;1;1.0;7.0;46.670375;-1.4591716;2024-02-27 15:05:00
202400011536.0;1;84;84031;2;3;1.0;3.0;44.03985;5.03223;2024-03-15 15:28:00
202400011537.0;1;2B;2B047;2;3;7.0;3.0;42.333312;9.007078;2024-07-05 07:10:00
202400011538.0;1;84;84007;2;1;1.0;3.0;43.95544;4.82894;2024-03-14 19:20:00
202400011539.0;2;11;11099;1;1;1.0;1.0;43.291709;2.35616;2024-07-05 06:15:00
202400011540.0;1;83;83137;2;1;1.0;6.0;43.12587789;5.90581492;2024-03-15 08:10:00
202400011541.0;2;4;4096;1;1;1.0;7.0;44.43459;6.743953;2024-07-03 21:30:00
202400011542.0;1;80;80021;2;1;1.0;3.0;49.90931;2.26054;2024-03-15 08:20:00
202400011543.0;1;13;13100;2;1;1.0;3.0;43.785162;4.847638;2024-07-04 20:35:00
202400011544.0;1;13;13100;2;4;1.0;2.0;43.793278;4.824039;2024-07-04 11:50:00
202400011545.0;1;26;26271;1;3;1.0;2.0;45.01526154;4.85550642;2024-07-04 11:00:00
202400011546.0;1;78;78643;2;1;1.0;5.0;48.97338;1.98753;2024-03-15 15:40:00
202400011547.0;3;26;26179;2;3;1.0;5.0;45.10253702;4.8837018;2024-07-04 22:30:00
202400011548.0;1;76;76108;2;1;2.0;3.0;49.4578713;1.09428227;2024-03-15 12:00:00
202400011549.0;1;74;74010;2;1;1.0;6.0;45.9092;6.139;2024-03-14 15:50:00
202400011550.0;1;1;1262;2;3;1.0;3.0;45.849235;5.05087;2024-07-03 08:05:00
202400011551.0;1;74;74010;2;2;1.0;3.0;45.9114;6.12159;2024-03-14 13:20:00
202400011552.0;1;33;33019;2;1;1.0;6.0;44.680498;-1.011869;2024-06-28 13:30:00
202400011553.0;1;2;2555;2;1;1.0;3.0;48.967006;3.33009;2024-07-04 20:30:00
202400011554.0;1;80;80561;1;1;1.0;7.0;49.646403;2.542176;2024-07-04 17:00:00
202400011555.0;1;59;59387;1;1;9.0;2.0;50.29254;3.276431;2024-07-04 15:18:00
202400011556.0;1;13;13215;1;1;1.0;2.0;43.35267;5.36576;2024-07-04 15:20:00
202400011557.0;1;13;13211;1;1;1.0;4.0;43.29297841;5.47637741;2024-06-29 12:04:00
202400011558.0;1;13;13071;1;1;1.0;5.0;43.37210124;5.32036195;2024-07-03 19:30:00
202400011559.0;1;83;83137;2;1;1.0;6.0;43.12699683;5.91543203;2024-07-04 12:50:00
202400011560.0;1;57;57474;1;9;1.0;2.0;49.26649611;6.1761978;2024-07-04 15:55:00
202400011561.0;1;54;54232;1;1;1.0;1.0;48.68341479;5.9476161;2024-06-28 17:00:00
202400011562.0;1;33;33143;1;1;1.0;4.0;44.95917204;-0.44626143;2024-07-04 12:10:00
202400011563.0;1;33;33318;1;1;3.0;2.0;44.78806;-0.63254;2024-07-04 11:15:00
202400011564.0;1;33;33075;1;1;1.0;1.0;44.89017;-0.61271;2024-07-02 13:20:00
202400011565.0;1;91;91064;1;1;1.0;4.0;48.74906;2.21208;2024-07-04 18:09:00
202400011566.0;1;91;91377;1;1;1.0;6.0;48.72559;2.3007;2024-07-04 09:45:00
202400011567.0;1;92;92048;1;1;1.0;3.0;48.80093966;2.21554546;2024-07-04 08:40:00
202400011568.0;2;92;92036;1;1;1.0;6.0;48.93800765;2.29989311;2024-07-03 05:50:00
202400011569.0;1;93;93063;1;1;1.0;3.0;48.87402843;2.43782792;2024-07-04 16:35:00
202400011570.0;1;93;93066;1;1;1.0;2.0;48.91936344;2.35754643;2024-07-04 14:50:00
202400011571.0;1;93;93010;1;1;1.0;5.0;48.9033736;2.47126769;2024-07-04 09:40:00
202400011572.0;1;93;93053;2;9;1.0;3.0;48.88398177;2.46266324;2024-07-03 21:00:00
202400011573.0;1;93;93078;1;1;1.0;3.0;48.96839101;2.50823077;2024-07-03 14:05:00
202400011574.0;1;93;93063;1;1;1.0;2.0;48.87528738;2.44004158;2024-07-03 08:55:00
202400011575.0;1;94;94073;1;1;1.0;2.0;48.77111483;2.39012767;2024-07-04 17:45:00
202400011576.0;1;77;77363;1;1;1.0;2.0;48.914799;2.634244;2024-07-04 17:25:00
202400011577.0;1;94;94079;1;1;1.0;2.0;48.83343374;2.53492004;2024-07-04 17:15:00
202400011578.0;1;45;45234;2;3;1.0;6.0;47.89019;1.88696;2024-04-08 18:29:00
202400011579.0;3;974;97404;1;1;2.0;7.0;-21.258401;55.34351;2024-04-29 00:10:00
202400011580.0;1;44;44143;2;6;1.0;3.0;47.1616846;-1.54988272;2024-06-12 08:42:00
202400011581.0;1;44;44184;2;3;1.0;3.0;47.30196223;-2.18372249;2024-06-07 17:04:00
202400011582.0;1;49;49099;2;1;1.0;6.0;47.05024;-0.88486;2024-04-13 15:02:00
202400011583.0;1;2A;2A004;2;1;1.0;1.0;41.91723;8.73559;2024-07-03 19:55:00
202400011584.0;1;91;91421;2;1;1.0;3.0;48.69785;2.47032;2024-07-03 09:13:00
202400011585.0;1;91;91228;2;1;1.0;6.0;48.62937;2.45325;2024-07-03 10:30:00
202400011586.0;1;84;84007;2;2;1.0;6.0;43.94709;4.81435;2024-06-30 11:40:00
202400011587.0;1;84;84007;2;6;1.0;3.0;43.92961;4.82027;2024-07-02 20:05:00
202400011588.0;1;83;83137;2;2;1.0;6.0;43.13563;5.92659;2024-07-03 13:30:00
202400011589.0;1;76;76351;2;1;1.0;6.0;49.48875;0.14008;2024-07-02 17:25:00
202400011590.0;3;73;73065;1;4;1.0;6.0;45.60545457;5.88998181;2024-07-03 03:40:00
202400011591.0;1;69;69092;1;4;2.0;7.0;46.00293;4.6799;2024-07-03 07:00:00
202400011592.0;5;69;69290;2;1;1.0;1.0;45.68893;4.92385;2024-07-02 04:00:00
202400011593.0;1;69;69029;1;3;1.0;5.0;45.7252;4.92473;2024-07-01 13:00:00
202400011594.0;1;64;64445;2;1;1.0;6.0;43.30798;-0.36052;2024-07-03 15:25:00
202400011595.0;1;64;64348;2;6;1.0;3.0;43.30096;-0.41031;2024-07-03 08:30:00
202400011596.0;1;63;63014;2;6;1.0;2.0;45.75165681;3.10879558;2024-07-03 08:35:00
202400011597.0;1;62;62400;1;1;2.0;1.0;50.47216;2.58643;2024-07-03 19:00:00
202400011598.0;1;60;60159;2;6;1.0;6.0;49.40154;2.79706;2024-07-03 09:00:00
202400011599.0;3;59;59512;2;2;1.0;3.0;50.70776;3.18672;2024-07-03 00:40:00
202400011600.0;2;59;59410;2;9;1.0;6.0;50.64202;3.11208;2024-07-03 20:40:00
202400011601.0;1;59;59350;2;3;8.0;1.0;50.619017;3.073304;2024-07-03 12:50:00
202400011602.0;1;59;59247;2;1;1.0;6.0;50.63505;3.18837;2024-06-29 06:50:00
202400011603.0;1;57;57227;2;2;1.0;3.0;49.186647;6.905035;2024-07-02 09:45:00
202400011604.0;2;56;56098;1;1;1.0;6.0;47.78109;-3.33511;2024-07-03 07:15:00
202400011605.0;5;33;33032;2;1;1.0;1.0;44.90725;-0.53092;2024-11-24 18:05:00
202400011606.0;5;33;33063;2;3;1.0;2.0;44.84972;-0.59652;2024-11-24 19:20:00
202400011607.0;3;33;33281;2;3;1.0;6.0;44.84212;-0.66068;2024-11-24 18:45:00
202400011608.0;5;32;32013;2;1;8.0;6.0;43.651;0.58392;2024-11-24 06:05:00
202400011609.0;3;31;31555;2;3;1.0;3.0;43.62094;1.46135;2024-11-24 18:10:00
202400011610.0;5;27;27562;2;1;8.0;4.0;49.09804;1.45675;2024-11-23 18:00:00
202400011611.0;1;22;22113;2;1;3.0;3.0;48.728;-3.4583;2024-11-23 12:46:00