Num_Acc;lum;departement;commune;agglomeration;intersection;meteo;type_collision;lat;long;date
202400011612.0;3;13;13071;2;1;1.0;3.0;43.41354;5.34273;2024-11-24 18:30:00
202400011613.0;5;13;13211;2;1;1.0;3.0;43.30606593;5.51072601;2024-11-24 18:30:00
202400011614.0;1;13;13210;2;1;1.0;3.0;43.26972222;5.3904368;2024-11-22 15:30:00
202400011615.0;5;11;11262;2;2;1.0;3.0;43.190277;3.0061199;2024-11-23 02:45:00
202400011616.0;1;11;11262;2;2;1.0;3.0;43.183492;3.008171;2024-11-23 15:15:00
202400011617.0;5;6;6083;2;6;1.0;6.0;43.77901;7.507523;2024-11-23 17:32:00
202400011618.0;1;75;75116;2;1;1.0;3.0;48.836323;2.256396;2024-11-23 09:20:00
202400011619.0;1;75;75116;2;1;2.0;3.0;48.866593;2.268615;2024-11-19 10:35:00
202400011620.0;5;75;75120;2;1;1.0;2.0;48.870611;2.393719;2024-11-24 19:25:00
202400011621.0;5;75;75113;2;3;1.0;1.0;48.831811;2.356795;2024-11-24 21:10:00
202400011622.0;5;75;75110;2;7;1.0;6.0;48.877921;2.351762;2024-11-24 17:25:00
202400011623.0;1;75;75108;2;5;1.0;6.0;48.877205;2.30032;2024-11-23 12:43:00
202400011624.0;5;75;75108;2;7;1.0;3.0;48.864503;2.320408;2024-11-23 23:45:00
202400011625.0;5;75;75101;2;3;1.0;3.0;48.863849;2.342358;2024-11-24 03:50:00
202400011626.0;5;75;75102;2;3;1.0;7.0;48.869708;2.351908;2024-11-24 02:00:00
202400011627.0;2;94;94046;2;1;1.0;6.0;48.81008022;2.43800488;2024-11-24 16:20:00
202400011628.0;5;94;94041;2;1;1.0;6.0;48.807711;2.386905;2024-11-22 23:50:00
202400011629.0;1;93;93073;2;2;1.0;3.0;48.96546;2.56928;2024-11-24 13:05:00
202400011630.0;3;93;93073;1;1;1.0;6.0;49.01189;2.56179;2024-11-24 06:40:00
202400011631.0;5;93;93064;2;9;1.0;3.0;48.88335577;2.48101473;2024-11-23 22:50:00
202400011632.0;1;93;93066;2;2;1.0;3.0;48.91816;2.35774;2024-11-24 15:15:00
202400011633.0;2;93;93047;2;2;1.0;3.0;48.89936777;2.55951347;2024-11-24 17:25:00
202400011634.0;5;93;93007;2;1;8.0;6.0;48.93568923;2.46802236;2024-11-24 19:10:00
202400011635.0;5;92;92075;2;3;1.0;3.0;48.82195167;2.28924282;2024-11-24 00:20:00
202400011636.0;5;92;92051;2;1;1.0;6.0;48.88266906;2.26790875;2024-11-24 17:35:00
202400011637.0;1;92;92025;2;9;8.0;3.0;48.91459435;2.2290684;2024-11-22 16:40:00
202400011638.0;5;92;92002;2;1;1.0;7.0;48.75065667;2.3045142;2024-11-24 20:10:00
202400011639.0;1;47;47100;1;1;3.0;7.0;44.23958877;0.60429024;2024-11-25 11:30:00
202400011640.0;3;95;95313;1;1;1.0;6.0;49.12570879;2.25342372;2024-11-24 23:35:00
202400011641.0;2;37;37153;1;1;1.0;6.0;47.51484282;0.81112862;2024-11-24 07:23:00
202400011642.0;3;54;54345;1;1;6.0;7.0;48.61059227;6.27426624;2024-11-24 19:15:00
202400011643.0;1;33;33327;2;1;1.0;7.0;44.657149;-0.360051;2024-11-24 12:35:00
202400011644.0;1;85;85188;1;1;1.0;1.0;46.626084;-1.040654;2024-11-25 17:00:00
202400011645.0;3;27;27306;1;1;4.0;6.0;48.972066;1.199967;2024-11-23 05:50:00
202400011646.0;2;83;83049;1;1;1.0;3.0;43.24952801;6.07807875;2024-11-25 07:50:00
202400011647.0;2;95;95352;2;9;1.0;2.0;49.10985227;2.42901336;2024-11-25 16:55:00
202400011648.0;1;76;76692;1;2;1.0;3.0;49.693983;0.638473;2024-11-22 15:30:00
202400011649.0;3;2A;2A181;1;1;1.0;1.0;41.942;8.918935;2024-11-24 18:30:00
202400011650.0;3;2B;2B319;1;1;1.0;3.0;42.428169;9.525425;2024-11-25 16:45:00
202400011651.0;3;82;82185;1;1;1.0;7.0;44.37453;0.900804;2024-11-24 18:30:00
202400011652.0;3;82;82051;1;1;2.0;6.0;44.169154;1.117601;2024-11-24 06:00:00
202400011653.0;1;82;82131;1;2;1.0;3.0;44.25382;1.491939;2024-11-23 17:30:00
202400011654.0;3;71;71161;1;1;1.0;6.0;46.59912;3.97765;2024-11-24 03:10:00
202400011655.0;2;89;89042;1;1;1.0;7.0;47.609418;4.197393;2024-11-25 07:30:00
202400011656.0;1;35;35227;1;6;1.0;3.0;48.175863;-1.925429;2024-11-24 10:40:00
202400011657.0;1;3;3157;1;1;6.0;4.0;46.204979;3.499726;2024-11-24 16:00:00
202400011658.0;1;3;3213;1;3;1.0;5.0;46.449833;2.607729;2024-11-24 13:45:00
202400011659.0;1;1;1363;2;2;1.0;3.0;46.035139;5.384524;2024-11-24 15:30:00
202400011660.0;1;14;14005;1;1;1.0;1.0;49.082422;-0.166308;2024-11-24 10:40:00
202400011661.0;2;64;64436;1;1;2.0;1.0;43.229688;-1.300914;2024-11-25 17:00:00
202400011662.0;1;22;22113;2;1;1.0;6.0;48.75327;-3.45835;2024-04-23 09:50:00
202400011663.0;5;18;18136;2;1;1.0;7.0;46.697276;2.372827;2024-11-24 17:50:00
202400011664.0;2;43;43079;1;1;6.0;7.0;45.19946258;3.50441309;2024-11-23 16:15:00
202400011665.0;1;18;18279;1;1;1.0;5.0;47.27124;2.11229;2024-04-17 15:30:00
202400011666.0;3;4;4116;1;2;1.0;3.0;44.000162;5.938904;2024-11-23 18:00:00
202400011667.0;2;17;17471;1;1;1.0;6.0;46.060606;-0.294775;2024-11-24 17:45:00
202400011668.0;1;17;17338;1;1;1.0;2.0;46.135047;-0.727887;2024-11-22 13:30:00
202400011669.0;1;15;15012;1;1;1.0;6.0;44.8918;2.44641;2024-04-21 15:20:00
202400011670.0;2;17;17260;1;2;1.0;3.0;45.244271;-0.202485;2024-11-24 17:20:00
202400011671.0;1;13;13205;2;8;1.0;3.0;43.29561;5.39788;2024-04-23 11:00:00
202400011672.0;3;87;87205;1;1;6.0;6.0;45.716563;1.288919;2024-11-24 05:30:00
202400011673.0;1;13;13206;2;1;1.0;6.0;43.28305;5.3902;2024-04-22 07:50:00
202400011674.0;3;30;30276;1;1;1.0;7.0;43.587281;4.223459;2024-11-24 04:05:00
202400011675.0;1;13;13028;2;1;1.0;3.0;43.20674;5.60189;2024-04-23 12:20:00
202400011676.0;5;22;22211;2;3;1.0;6.0;48.704113;-3.450691;2024-11-23 23:25:00
202400011677.0;4;69;69244;2;9;8.0;7.0;45.772376;4.791225;2024-11-21 20:47:00
202400011678.0;3;67;67248;1;1;1.0;2.0;48.478846;7.54617;2024-11-15 20:35:00
202400011679.0;1;13;13001;2;1;1.0;3.0;43.57142515;5.39627344;2024-04-23 18:30:00
202400011680.0;3;57;57073;2;4;1.0;3.0;49.13927;6.801878;2024-11-23 21:10:00
202400011681.0;3;27;27554;1;1;1.0;6.0;49.092433;1.366174;2024-11-25 02:57:00
202400011682.0;1;6;6069;2;1;2.0;5.0;43.64876;6.94476;2024-04-22 17:30:00
202400011683.0;1;34;34123;2;3;1.0;3.0;43.616708;3.79744;2024-11-23 16:30:00
202400011684.0;1;3;3185;2;1;1.0;6.0;46.358278;2.584551;2024-04-16 16:30:00
202400011685.0;5;987;98714;1;1;1.0;7.0;-16.525324;-151.737649;2024-11-24 03:00:00
202400011686.0;1;2;2738;2;1;1.0;6.0;49.664222;3.278942;2024-04-23 20:10:00
202400011687.0;5;987;98733;2;1;1.0;1.0;-17.69726824;-149.58363712;2024-11-23 21:30:00
202400011688.0;1;75;75113;2;4;1.0;3.0;48.82594268;2.38696754;2024-04-23 19:00:00
202400011689.0;1;976;97615;2;1;1.0;6.0;-12.794282;45.281266;2024-11-21 07:30:00
202400011690.0;1;75;75117;2;1;1.0;2.0;48.889591;2.297417;2024-04-22 18:30:00
202400011691.0;1;974;97418;2;1;3.0;1.0;-20.914183;55.541446;2024-11-23 07:30:00
202400011692.0;1;75;75115;2;1;1.0;3.0;48.835195;2.272085;2024-04-22 17:20:00
202400011693.0;2;91;91338;2;5;2.0;3.0;48.644582;2.067511;2024-11-24 16:43:00
202400011694.0;1;75;75112;2;1;1.0;4.0;48.844941;2.414035;2024-04-21 19:50:00
202400011695.0;5;84;84132;2;1;1.0;1.0;43.922;5.014347;2024-11-25 06:55:00
202400011696.0;1;75;75119;2;1;1.0;6.0;48.878776;2.37739;2024-04-23 18:55:00
202400011697.0;1;41;41018;2;1;2.0;6.0;47.57958;1.3458;2024-09-11 09:11:00
202400011698.0;5;38;38537;2;1;1.0;6.0;45.632736;5.147341;2024-11-09 19:30:00
202400011699.0;1;75;75117;2;2;1.0;6.0;48.880495;2.299629;2024-04-23 09:40:00
202400011700.0;5;7;7324;2;1;6.0;2.0;45.070649;4.827236;2024-11-24 21:40:00
202400011701.0;5;37;37261;2;3;8.0;3.0;47.41445;0.68757;2024-09-12 05:00:00
202400011702.0;1;75;75115;2;3;1.0;3.0;48.831253;2.302517;2024-04-22 15:20:00
202400011703.0;1;69;69242;1;1;2.0;1.0;46.13653645;4.76174144;2024-11-21 09:45:00
202400011704.0;1;37;37261;2;2;1.0;3.0;47.38402;0.69156;2024-09-12 14:30:00
202400011705.0;1;75;75114;2;3;1.0;6.0;48.832233;2.312915;2024-04-23 15:40:00
202400011706.0;5;17;17021;2;4;1.0;7.0;45.754615;-1.13885;2024-11-24 18:30:00
202400011707.0;1;33;33012;1;1;2.0;6.0;44.984653;-0.680401;2024-11-19 12:35:00
202400011708.0;1;35;35238;2;1;1.0;6.0;48.09256;-1.69142;2024-09-12 10:45:00
202400011709.0;1;75;75114;2;3;1.0;6.0;48.835021;2.324061;2024-04-22 08:30:00
202400011710.0;3;60;60009;2;1;3.0;6.0;49.40193868;2.11646891;2024-11-25 07:50:00
202400011711.0;1;75;75113;2;1;1.0;3.0;48.834982;2.358101;2024-04-23 16:10:00
202400011712.0;1;35;35238;2;3;1.0;3.0;48.1052079;-1.70405567;2024-09-11 18:00:00
202400011713.0;1;59;59256;1;1;1.0;7.0;50.568193;3.12428;2024-11-22 15:30:00
202400011714.0;1;75;75111;2;2;1.0;3.0;48.865249;2.374549;2024-04-23 19:50:00
202400011715.0;1;59;59011;2;1;7.0;6.0;50.531083;2.929399;2024-11-24 12:00:00
202400011716.0;1;34;34198;2;2;1.0;3.0;43.57789;3.9358;2024-09-12 12:45:00
202400011717.0;1;75;75111;2;4;1.0;6.0;48.854466;2.378058;2024-04-23 13:00:00
202400011718.0;1;29;29039;1;1;1.0;7.0;47.92667151;-3.89387002;2024-09-11 19:50:00
202400011719.0;2;13;13106;1;1;2.0;6.0;43.3954;5.35153;2024-11-24 07:54:00
202400011720.0;3;13;13019;1;1;1.0;7.0;43.4251958;5.37669759;2024-11-24 03:10:00
202400011721.0;1;75;75108;2;7;1.0;3.0;48.865836;2.319874;2024-04-23 12:57:00
202400011722.0;3;27;27299;1;1;1.0;6.0;49.042639;1.172425;2024-09-11 20:30:00
202400011723.0;1;13;13106;1;1;1.0;2.0;43.39066;5.35107;2024-11-19 15:45:00
202400011724.0;1;94;94068;2;2;1.0;6.0;48.79357;2.51451;2024-04-23 14:30:00
202400011725.0;1;26;26198;2;1;1.0;2.0;44.55386293;4.74881887;2024-09-12 10:47:00
202400011726.0;1;94;94073;2;6;1.0;6.0;48.76865;2.36841;2024-04-23 09:35:00
202400011727.0;5;83;83137;1;1;1.0;4.0;43.12476769;5.90137449;2024-11-23 18:45:00
202400011728.0;1;16;16102;2;3;1.0;3.0;45.687695;-0.311694;2024-09-12 18:43:00
202400011729.0;1;94;94079;2;3;1.0;3.0;48.82673;2.53738;2024-04-23 18:30:00
202400011730.0;5;16;16015;2;1;2.0;6.0;45.65599;0.14524;2024-09-12 20:35:00
202400011731.0;2;94;94017;2;6;7.0;6.0;48.816969;2.520256;2024-04-23 07:50:00
202400011732.0;1;83;83137;1;1;1.0;4.0;43.12324819;5.95888522;2024-11-22 16:25:00
202400011733.0;1;15;15014;2;1;1.0;3.0;44.91211;2.44235;2024-09-12 18:15:00
202400011734.0;3;69;69287;1;1;6.0;2.0;45.68779;4.99471;2024-11-24 20:20:00
202400011735.0;3;93;93071;2;3;1.0;6.0;48.94228;2.53271;2024-04-22 21:56:00
202400011736.0;1;13;13216;2;2;1.0;3.0;43.36205;5.31637;2024-09-12 16:30:00
202400011737.0;1;93;93006;1;1;2.0;3.0;48.86627623;2.41437177;2024-11-18 09:15:00
202400011738.0;5;93;93062;2;2;1.0;3.0;48.90275;2.52047;2024-04-23 20:55:00
202400011739.0;1;13;13005;1;1;1.0;3.0;43.30614;5.60406;2024-09-12 14:30:00
202400011740.0;3;77;77058;1;1;2.0;2.0;48.82957827;2.74332614;2024-11-19 20:45:00
202400011741.0;1;93;93055;2;3;1.0;3.0;48.884906;2.411148;2024-04-23 08:40:00
202400011742.0;3;30;30010;1;1;1.0;7.0;44.053128;3.991728;2024-09-17 22:00:00
202400011743.0;5;93;93046;2;1;1.0;6.0;48.913489;2.524559;2024-04-23 05:00:00
202400011744.0;5;74;74012;2;1;1.0;6.0;46.183;6.2468;2024-09-23 21:30:00
202400011745.0;1;13;13001;2;2;1.0;1.0;43.5238;5.4352;2024-09-12 16:20:00
202400011746.0;1;92;92064;2;1;1.0;7.0;48.83664;2.22192;2024-04-23 17:00:00
202400011747.0;1;84;84089;2;6;1.0;3.0;43.681761;5.501697;2024-08-02 09:45:00
202400011748.0;1;11;11262;2;2;7.0;3.0;43.18848;3.00521;2024-08-22 19:50:00
202400011749.0;1;92;92047;2;3;1.0;3.0;48.83055112;2.17856991;2024-04-23 09:15:00
202400011750.0;1;10;10362;2;3;2.0;3.0;48.2965;4.05107;2024-09-11 18:38:00
202400011751.0;3;88;88086;2;8;1.0;1.0;48.198098;6.729068;2024-07-23 00:34:00
202400011752.0;1;92;92044;2;1;1.0;2.0;48.89205;2.28509;2024-04-23 13:40:00
202400011753.0;1;6;6088;2;3;1.0;6.0;43.7017709;7.2781209;2024-09-12 07:45:00
202400011754.0;1;974;97416;1;1;1.0;1.0;-21.33223;55.45818;2024-11-23 09:55:00
202400011755.0;1;92;92044;2;1;1.0;3.0;48.89886192;2.29385144;2024-04-23 09:00:00
202400011756.0;1;6;6104;2;1;1.0;1.0;43.7533176;7.4444458;2024-09-07 10:01:00
202400011757.0;3;974;97407;1;1;1.0;6.0;-20.94757;55.32264;2024-11-23 22:20:00
202400011758.0;1;92;92044;2;2;1.0;6.0;48.89866937;2.28680348;2024-04-22 08:48:00
202400011759.0;1;973;97302;2;1;1.0;3.0;4.93583053;-52.29567254;2024-11-23 10:00:00
202400011760.0;5;1;1283;2;2;2.0;3.0;46.258576;5.657986;2024-09-12 05:56:00
202400011761.0;5;69;69387;2;3;1.0;3.0;45.73015;4.8381;2024-11-23 17:30:00
202400011762.0;1;92;92036;2;1;1.0;1.0;48.92392563;2.30982685;2024-04-22 17:50:00
202400011763.0;1;1;1289;1;2;3.0;3.0;46.16491;5.22067;2024-09-11 17:53:00
202400011764.0;2;972;97213;1;1;2.0;6.0;14.6167;-61.0082;2024-11-23 17:30:00
202400011765.0;1;92;92024;2;9;1.0;3.0;48.90323878;2.31266109;2024-04-23 09:00:00
202400011766.0;1;75;75115;2;1;3.0;3.0;48.83468;2.274681;2024-09-12 17:40:00
202400011767.0;1;972;97213;2;1;1.0;2.0;14.60342;-61.00189;2024-11-23 11:05:00
202400011768.0;1;92;92004;2;1;1.0;2.0;48.91451314;2.31139668;2024-04-23 18:35:00
202400011769.0;1;75;75112;2;1;1.0;3.0;48.841357;2.413552;2024-09-12 17:25:00
202400011770.0;5;974;97415;2;6;1.0;6.0;-21.026162;55.26556;2024-04-13 05:50:00
202400011771.0;2;972;97213;2;1;2.0;2.0;14.59719;-60.99829;2024-11-23 06:00:00
202400011772.0;2;31;31423;1;1;1.0;6.0;43.41086721;1.08015239;2024-04-23 20:30:00
202400011773.0;5;75;75116;2;1;1.0;6.0;48.844967;2.255002;2024-09-12 00:45:00
202400011774.0;2;972;97209;2;6;1.0;1.0;14.61684;-61.05794;2024-11-22 17:50:00
202400011775.0;5;972;97207;2;3;1.0;2.0;14.572499;-60.981749;2024-04-22 23:15:00
202400011776.0;1;75;75105;2;2;1.0;3.0;48.847095;2.341949;2024-09-12 07:20:00
202400011777.0;5;69;69385;2;2;1.0;3.0;45.75617484;4.7821662;2024-11-22 17:25:00
202400011778.0;1;71;71566;2;3;1.0;3.0;46.891643;5.024174;2024-04-23 16:40:00
202400011779.0;1;75;75117;2;5;1.0;3.0;48.881265;2.295548;2024-09-12 12:30:00
202400011780.0;2;91;91272;2;1;1.0;6.0;48.711842;2.165127;2024-04-23 09:28:00
202400011781.0;5;2B;2B120;2;1;1.0;2.0;42.65311;9.44098;2024-11-23 22:40:00
202400011782.0;1;971;97107;2;1;1.0;6.0;16.03997;-61.5664;2024-11-20 08:10:00
202400011783.0;1;75;75117;2;3;1.0;5.0;48.891817;2.301573;2024-09-11 16:40:00
202400011784.0;1;77;77444;1;1;1.0;6.0;48.69249;3.39572;2024-04-24 13:45:00
202400011785.0;5;95;95268;2;1;1.0;1.0;48.97669294;2.39191948;2024-11-22 18:35:00
202400011786.0;3;55;55008;1;3;4.0;1.0;49.271865;5.661231;2024-01-21 03:33:00
202400011787.0;1;75;75117;2;1;1.0;7.0;48.890701;2.320004;2024-09-11 16:15:00
202400011788.0;1;46;46127;2;4;1.0;6.0;44.73589896;1.3826859;2024-04-23 09:20:00
202400011789.0;1;75;75116;2;1;1.0;3.0;48.871559;2.295426;2024-09-12 13:50:00
202400011790.0;5;84;84035;2;1;1.0;6.0;43.83315;5.02773;2024-11-23 04:30:00
202400011791.0;1;29;29217;1;1;1.0;7.0;47.88712081;-3.76714163;2024-04-22 11:10:00
202400011792.0;2;70;70119;1;1;1.0;7.0;47.343272;5.904819;2024-04-23 19:30:00
202400011793.0;5;84;84007;1;6;2.0;6.0;43.92456;4.86179;2024-11-23 23:08:00
202400011794.0;1;75;75116;2;7;1.0;3.0;48.848116;2.259012;2024-09-11 17:00:00
202400011795.0;5;14;14287;2;3;1.0;6.0;49.136936;-0.249363;2024-04-23 21:15:00
202400011796.0;1;82;82121;2;1;1.0;1.0;44.00755;1.36028;2024-11-23 15:25:00
202400011797.0;5;75;75114;2;7;1.0;3.0;48.83455;2.332628;2024-09-11 20:10:00
202400011798.0;3;78;78551;1;1;1.0;7.0;48.94159;2.11382;2024-11-24 00:40:00
202400011799.0;1;73;73121;1;6;1.0;3.0;45.624297;6.322345;2024-03-26 15:00:00
202400011800.0;1;75;75113;2;1;2.0;1.0;48.84025;2.37017;2024-09-12 18:40:00
202400011801.0;1;53;53271;1;1;1.0;1.0;48.363449;-0.279593;2024-04-23 18:50:00
202400011802.0;4;78;78126;1;1;1.0;6.0;48.84849;2.1089;2024-11-23 06:30:00
202400011803.0;2;75;75113;2;2;1.0;2.0;48.834176;2.344844;2024-09-12 06:20:00
202400011804.0;1;27;27284;2;5;1.0;6.0;49.287999;1.790948;2024-04-02 15:50:00
202400011805.0;5;74;74010;2;1;1.0;2.0;45.90841;6.12361;2024-11-23 21:28:00
202400011806.0;1;31;31395;1;1;1.0;2.0;43.46733107;1.31501198;2024-04-23 08:30:00
202400011807.0;1;75;75113;2;1;1.0;3.0;48.823767;2.357912;2024-09-11 13:55:00
202400011808.0;1;971;97103;2;1;1.0;1.0;16.242437;-61.57102;2024-04-23 16:11:00
202400011809.0;5;71;71306;2;6;1.0;1.0;46.66613;4.35813;2024-11-23 19:15:00
202400011810.0;5;75;75112;2;2;2.0;2.0;48.848098;2.399126;2024-09-11 01:15:00
202400011811.0;1;34;34240;1;2;1.0;3.0;43.638957;3.99341;2024-04-24 08:38:00
202400011812.0;1;71;71486;2;2;1.0;2.0;46.6431;4.3706;2024-11-23 16:00:00
202400011813.0;1;75;75111;2;1;2.0;6.0;48.859897;2.37893;2024-09-12 18:15:00
202400011814.0;5;69;69259;2;1;1.0;6.0;45.69573403;4.87374648;2024-11-23 18:20:00
202400011815.0;1;4;4245;2;9;1.0;3.0;43.872982;5.843343;2024-04-24 08:30:00
202400011816.0;1;64;64129;2;2;1.0;7.0;43.30197963;-0.39238304;2024-11-23 15:50:00
202400011817.0;1;94;94078;2;9;1.0;3.0;48.748496;2.453186;2024-09-12 12:35:00
202400011818.0;3;74;74128;1;4;1.0;3.0;46.152048;6.320668;2024-02-23 20:30:00
202400011819.0;5;63;63300;2;9;9.0;3.0;45.88385317;3.11557889;2024-11-22 20:16:00
202400011820.0;1;40;40184;2;7;1.0;7.0;44.213472;-1.292052;2024-04-14 13:30:00
202400011821.0;1;94;94068;2;3;1.0;3.0;48.79569;2.492229;2024-09-11 18:00:00
202400011822.0;1;62;62119;2;9;7.0;3.0;50.52089;2.65392;2024-11-22 14:40:00
202400011823.0;4;94;94073;1;1;2.0;7.0;48.763073;2.368711;2024-09-12 22:00:00
202400011824.0;1;80;80561;2;2;1.0;3.0;49.645003;2.565401;2024-04-24 19:00:00
202400011825.0;1;59;59299;1;2;1.0;3.0;50.64852;3.19658;2024-11-23 14:00:00
202400011826.0;1;94;94022;2;9;1.0;3.0;48.772837;2.400086;2024-09-12 16:10:00
202400011827.0;5;59;59017;2;1;1.0;6.0;50.68077;2.88842;2024-11-23 18:25:00
202400011828.0;5;59;59400;2;2;2.0;7.0;50.642579;2.639578;2024-04-23 22:50:00
202400011829.0;5;13;13214;1;1;1.0;2.0;43.33009926;5.3992846;2024-04-23 19:00:00
202400011830.0;1;54;54184;2;1;1.0;2.0;48.70786;6.24429;2024-11-23 14:15:00
202400011831.0;5;94;94075;2;3;1.0;1.0;48.70601;2.53036;2024-09-12 04:40:00
202400011832.0;3;13;13088;1;1;1.0;7.0;43.3797;5.2212;2024-04-23 02:10:00
202400011833.0;5;54;54578;2;2;1.0;3.0;48.67009;6.15794;2024-11-22 17:52:00
202400011834.0;1;94;94002;2;3;1.0;3.0;48.796216;2.427486;2024-08-20 07:45:00
202400011835.0;1;47;47001;2;1;1.0;6.0;44.2012;0.63463;2024-11-23 11:53:00
202400011836.0;1;13;13212;1;1;1.0;3.0;43.30321587;5.42537928;2024-04-22 16:15:00
202400011837.0;1;45;45286;2;1;1.0;6.0;47.89315;1.91619;2024-11-23 15:30:00
202400011838.0;1;94;94002;2;1;8.0;6.0;48.80458;2.41263;2024-09-11 10:25:00
202400011839.0;1;67;67152;1;1;1.0;4.0;48.52615;7.67334;2024-04-23 09:15:00
202400011840.0;5;45;45234;2;6;1.0;6.0;47.9187;1.92519;2024-11-23 06:25:00
202400011841.0;1;93;93053;2;9;1.0;6.0;48.90036;2.46528;2024-09-12 13:50:00
202400011842.0;1;78;78208;1;1;1.0;6.0;48.8;1.96925;2024-04-23 19:27:00
202400011843.0;1;37;37214;2;1;1.0;2.0;47.42375744;0.66255963;2024-11-23 15:00:00
202400011844.0;1;78;78646;1;1;1.0;2.0;48.79243;2.08947;2024-04-23 09:45:00
202400011845.0;1;93;93057;2;1;1.0;2.0;48.90936;2.51859;2024-09-12 15:15:00
202400011846.0;5;33;33119;2;3;8.0;2.0;44.85577;-0.53469;2024-11-23 20:27:00
202400011847.0;1;78;78029;1;1;1.0;2.0;48.965495;1.849495;2024-04-22 17:00:00
202400011848.0;1;93;93061;2;1;1.0;3.0;48.88414478;2.40803003;2024-09-11 17:05:00
202400011849.0;2;33;33550;2;6;1.0;1.0;44.78263;-0.57666;2024-11-23 18:40:00
202400011850.0;1;93;93007;1;1;1.0;4.0;48.94405205;2.43712529;2024-04-23 16:00:00
202400011851.0;1;93;93027;2;3;2.0;3.0;48.92944;2.37626;2024-09-12 14:10:00
202400011852.0;1;33;33063;2;2;1.0;3.0;44.84577;-0.58406;2024-11-23 14:50:00
202400011853.0;1;93;93053;1;1;1.0;3.0;48.88416228;2.46099709;2024-04-23 13:05:00
202400011854.0;1;93;93013;2;3;1.0;3.0;48.93495;2.42594;2024-09-12 10:20:00
202400011855.0;1;93;93005;1;1;1.0;3.0;48.95091347;2.47454259;2024-04-23 13:45:00
202400011856.0;1;31;31555;1;1;1.0;4.0;43.575328;1.496524;2024-11-23 15:42:00
202400011857.0;2;93;93013;2;3;1.0;3.0;48.93895;2.42417;2024-09-12 06:20:00
202400011858.0;1;93;93010;2;9;2.0;6.0;48.90611;2.48048;2024-09-12 14:00:00
202400011859.0;1;93;93063;1;1;1.0;4.0;48.87528738;2.44004158;2024-04-23 09:00:00
202400011860.0;2;28;28134;2;2;4.0;3.0;48.75044;1.35313;2024-11-22 17:00:00
202400011861.0;1;93;93001;2;1;1.0;1.0;48.90345402;2.39169142;2024-09-12 12:40:00
202400011862.0;1;93;93027;1;1;1.0;5.0;48.92786049;2.40957519;2024-04-22 07:05:00
202400011863.0;3;27;27234;1;1;1.0;6.0;49.02299;1.19333;2024-11-23 01:00:00
202400011864.0;1;92;92064;2;3;2.0;7.0;48.84939747;2.21377149;2024-09-12 19:45:00
202400011865.0;1;94;94028;1;1;1.0;3.0;48.79510362;2.44232708;2024-04-23 16:50:00
202400011866.0;1;15;15014;2;1;1.0;7.0;44.93378;2.44861;2024-11-22 16:45:00
202400011867.0;1;92;92048;2;1;2.0;1.0;48.78905883;2.21175201;2024-09-12 13:50:00
202400011868.0;1;94;94017;1;1;1.0;6.0;48.83052214;2.48890382;2024-04-23 15:02:00
202400011869.0;1;13;13209;1;1;8.0;7.0;43.23878;5.47969;2024-11-23 13:50:00
202400011870.0;1;92;92023;2;1;1.0;3.0;48.78423949;2.24872202;2024-09-12 08:30:00
202400011871.0;5;13;13207;2;1;1.0;5.0;43.27673359;5.3577185;2024-11-23 01:50:00
202400011872.0;1;95;95277;2;1;3.0;6.0;48.97859212;2.45406032;2024-02-18 14:00:00
202400011873.0;1;92;92019;2;1;1.0;2.0;48.77858;2.2797;2024-09-12 18:15:00
202400011874.0;1;91;91326;2;1;2.0;6.0;48.68433;2.38178;2024-02-18 11:15:00
202400011875.0;3;13;13047;1;1;1.0;5.0;43.57478982;4.98397376;2024-11-22 17:30:00
202400011876.0;1;92;92012;2;1;1.0;3.0;48.835087;2.22570844;2024-09-12 09:20:00
202400011877.0;2;12;12013;2;1;1.0;6.0;44.52684;2.24758;2024-11-22 09:00:00
202400011878.0;1;59;59508;1;3;1.0;3.0;50.74355;3.14049;2024-02-19 08:30:00
202400011879.0;2;11;11262;2;1;8.0;6.0;43.18948;3.00744;2024-11-22 17:22:00
202400011880.0;1;92;92009;2;2;2.0;2.0;48.91273852;2.27229416;2024-09-12 13:30:00
202400011881.0;1;52;52121;2;2;1.0;2.0;48.09908;5.15317;2024-02-19 16:00:00
202400011882.0;1;7;7070;2;3;1.0;5.0;44.95897;4.84765;2024-11-23 12:45:00
202400011883.0;1;92;92002;2;3;1.0;3.0;48.75152911;2.29719222;2024-09-12 09:00:00
202400011884.0;1;45;45234;2;1;2.0;2.0;47.91179;1.92189;2024-02-22 09:10:00
202400011885.0;5;987;98735;1;1;1.0;6.0;-17.53685;-149.55508;2024-04-21 03:05:00
202400011886.0;1;47;47282;1;1;2.0;3.0;44.089562;0.531768;2024-08-17 16:05:00
202400011887.0;5;3;3190;2;1;1.0;2.0;46.54984;3.3389;2024-11-23 19:10:00
202400011888.0;5;69;69383;2;2;1.0;6.0;45.75449;4.86606;2024-04-22 23:00:00
202400011889.0;1;24;24236;1;1;1.0;3.0;45.16963333;0.5637145;2024-09-08 17:40:00
202400011890.0;1;75;75113;2;1;1.0;3.0;48.843022;2.366395;2024-11-23 16:17:00
202400011891.0;1;69;69383;2;1;1.0;6.0;45.76278;4.84846;2024-04-22 18:05:00
202400011892.0;5;75;75106;2;3;1.0;6.0;48.847398;2.31823;2024-11-23 19:20:00
202400011893.0;1;17;17172;1;3;1.0;3.0;45.58329;-0.674956;2024-09-12 16:05:00
202400011894.0;1;69;69383;2;3;2.0;3.0;45.75452244;4.88131939;2024-04-22 15:40:00