Num_Acc;lum;departement;commune;agglomeration;intersection;meteo;type_collision;lat;long;date
202400011895.0;5;75;75111;2;3;1.0;2.0;48.862118;2.372967;2024-11-23 21:50:00
202400011896.0;1;972;97204;1;1;2.0;3.0;14.680525;-61.168817;2024-09-09 13:20:00
202400011897.0;1;972;97225;2;1;3.0;6.0;14.748641;-61.177706;2024-09-09 07:00:00
202400011898.0;1;69;69386;2;2;1.0;6.0;45.76375257;4.8514007;2024-04-22 12:30:00
202400011899.0;5;75;75109;2;2;1.0;3.0;48.882351;2.345728;2024-11-23 01:10:00
202400011900.0;1;75;75108;2;7;8.0;2.0;48.864739;2.301321;2024-11-23 14:59:00
202400011901.0;3;974;97414;1;1;1.0;5.0;-21.287361;55.399759;2024-09-12 22:50:00
202400011902.0;1;2B;2B033;2;1;8.0;6.0;42.69728;9.45088;2024-04-22 16:27:00
202400011903.0;5;94;94046;2;2;8.0;6.0;48.8043754;2.43250769;2024-11-22 18:53:00
202400011904.0;1;2B;2B033;2;1;8.0;2.0;42.69728;9.45088;2024-04-22 10:12:00
202400011905.0;1;38;38239;2;2;3.0;3.0;45.329482;5.56914;2024-09-11 18:50:00
202400011906.0;1;971;97113;1;1;1.0;1.0;16.24428;-61.46237;2024-03-16 12:45:00
202400011907.0;5;93;93077;2;2;1.0;3.0;48.87802;2.52491;2024-11-23 17:20:00
202400011908.0;3;42;42271;1;1;1.0;2.0;45.449252;4.603985;2024-09-13 20:45:00
202400011909.0;1;93;93062;2;1;1.0;6.0;48.90138;2.52888;2024-11-23 10:10:00
202400011910.0;1;2A;2A004;2;3;1.0;3.0;41.93706;8.80359;2024-04-22 11:55:00
202400011911.0;1;14;14475;1;1;1.0;2.0;49.131935;-0.564964;2024-09-12 11:20:00
202400011912.0;1;95;95060;2;9;1.0;6.0;49.04459;2.20983;2024-04-22 17:35:00
202400011913.0;1;93;93055;2;3;1.0;3.0;48.91404999;2.41136299;2024-11-23 15:30:00
202400011914.0;1;93;93006;2;3;1.0;6.0;48.86206682;2.41650224;2024-11-23 11:25:00
202400011915.0;1;95;95210;2;1;1.0;2.0;48.97507405;2.29827225;2024-04-22 18:25:00
202400011916.0;2;44;44187;1;1;1.0;5.0;47.264062;-2.036687;2024-09-12 07:20:00
202400011917.0;1;93;93001;2;1;1.0;3.0;48.91015696;2.38499776;2024-11-23 15:30:00
202400011918.0;1;88;88087;2;3;1.0;3.0;48.16781;6.43482;2024-04-20 14:45:00
202400011919.0;1;57;57540;2;1;2.0;6.0;48.767065;7.263939;2024-09-13 15:00:00
202400011920.0;3;92;92022;2;1;4.0;3.0;48.8077732;2.19168127;2024-11-22 01:05:00
202400011921.0;3;86;86133;2;1;1.0;6.0;46.52609;0.33195;2024-04-21 05:40:00
202400011922.0;1;59;59624;2;1;1.0;6.0;50.029861;3.294436;2024-09-12 16:30:00
202400011923.0;3;56;56061;1;1;1.0;6.0;47.759666;-2.146153;2024-09-12 08:43:00
202400011924.0;1;84;84007;2;1;1.0;3.0;43.917635;4.809399;2024-04-22 13:00:00
202400011925.0;5;92;92064;2;1;1.0;7.0;48.84294686;2.22092181;2024-11-23 17:40:00
202400011926.0;1;80;80021;2;1;1.0;6.0;49.8978;2.29547;2024-04-21 17:28:00
202400011927.0;1;82;82112;2;1;1.0;6.0;44.102252;1.086389;2024-09-13 11:00:00
202400011928.0;1;92;92026;2;1;1.0;3.0;48.90521424;2.25592956;2024-11-23 12:12:00
202400011929.0;1;78;78640;2;9;1.0;6.0;48.7812;2.2086;2024-04-18 13:25:00
202400011930.0;1;92;92025;2;9;1.0;3.0;48.93356402;2.25220489;2024-11-23 11:50:00
202400011931.0;1;11;11040;1;2;6.0;1.0;43.15498;2.862926;2024-09-13 13:00:00
202400011932.0;1;77;77284;2;1;1.0;6.0;48.95154;2.90801;2024-04-22 15:00:00
202400011933.0;1;80;80693;2;1;2.0;3.0;49.907302;2.609871;2024-11-22 11:25:00
202400011934.0;5;76;76351;2;1;1.0;6.0;49.47824;0.14024;2024-04-21 01:05:00
202400011935.0;1;11;11255;2;1;1.0;1.0;43.184844;2.931343;2024-09-11 15:15:00
202400011936.0;3;95;95395;1;1;1.0;1.0;49.0420831;2.39655562;2024-11-23 23:40:00
202400011937.0;5;72;72181;2;1;1.0;6.0;48.00993;0.17904;2024-04-21 04:45:00
202400011938.0;2;63;63276;2;2;1.0;6.0;45.838594;3.498982;2024-09-13 07:30:00
202400011939.0;5;85;85233;2;1;2.0;3.0;46.521744;-1.084262;2024-11-23 17:57:00
202400011940.0;1;69;69029;2;3;1.0;2.0;45.74186572;4.9165368;2024-04-22 07:30:00
202400011941.0;1;63;63034;1;1;1.0;7.0;45.7960786;3.3040239;2024-09-10 17:30:00
202400011942.0;1;14;14061;1;1;6.0;6.0;48.935494;-0.919386;2024-11-24 11:45:00
202400011943.0;3;30;30299;1;1;2.0;7.0;44.026897;4.459529;2024-11-23 18:10:00
202400011944.0;1;12;12037;1;1;1.0;7.0;44.022501;2.681174;2024-09-12 13:00:00
202400011945.0;1;69;69091;2;1;8.0;3.0;45.56973;4.79716;2024-04-22 11:15:00
202400011946.0;1;22;22251;2;1;1.0;6.0;48.570686;-2.817795;2024-09-11 10:49:00
202400011947.0;3;76;76755;2;1;8.0;6.0;49.690995;0.53435;2024-11-22 18:50:00
202400011948.0;1;67;67482;2;3;1.0;3.0;48.56362;7.74196;2024-04-22 10:45:00
202400011949.0;3;44;44069;1;1;1.0;1.0;47.316923;-2.453427;2024-09-12 21:00:00
202400011950.0;2;82;82097;1;3;1.0;3.0;43.9726;0.950425;2024-11-23 17:45:00
202400011951.0;5;67;67482;2;4;2.0;3.0;48.57858;7.7488;2024-04-21 05:10:00
202400011952.0;1;29;29135;2;6;1.0;3.0;47.83479378;-4.18918343;2024-09-12 17:20:00
202400011953.0;5;65;65258;2;1;1.0;3.0;43.124374;0.384967;2024-11-23 22:22:00
202400011954.0;5;64;64102;2;1;1.0;6.0;43.48488;-1.49552;2024-04-21 06:08:00
202400011955.0;2;65;65002;1;1;1.0;4.0;43.14343626;-0.02598798;2024-11-22 17:19:00
202400011956.0;2;59;59334;1;1;2.0;6.0;50.391651;3.046693;2024-04-20 20:10:00
202400011957.0;3;89;89315;1;1;1.0;6.0;47.759023;3.758585;2024-11-24 17:00:00
202400011958.0;1;70;70236;1;1;1.0;3.0;47.732454;6.101918;2024-09-13 09:20:00
202400011959.0;1;61;61145;2;1;1.0;7.0;48.590645;-0.655982;2024-11-24 11:30:00
202400011960.0;1;72;72344;1;6;1.0;3.0;47.93903663;0.15681803;2024-09-12 09:40:00
202400011961.0;1;54;54096;1;1;1.0;6.0;49.443138;5.869548;2024-04-22 14:15:00
202400011962.0;1;61;61123;1;2;1.0;3.0;48.823541;0.020602;2024-11-23 14:50:00
202400011963.0;1;14;14540;2;1;1.0;7.0;49.16952;0.242456;2024-09-13 14:18:00
202400011964.0;3;55;55566;1;1;1.0;7.0;49.02318;5.414414;2024-11-24 17:45:00
202400011965.0;1;50;50429;1;1;1.0;7.0;49.000915;-1.546776;2024-09-12 16:25:00
202400011966.0;3;55;55204;1;1;1.0;2.0;49.039556;5.434542;2024-11-22 22:54:00
202400011967.0;1;60;60670;1;1;1.0;6.0;49.290531;2.529999;2024-09-13 10:45:00
202400011968.0;1;49;49261;2;1;1.0;3.0;47.339714;-0.225756;2024-11-24 11:15:00
202400011969.0;1;16;16421;2;1;1.0;7.0;45.66434756;0.45439571;2024-09-13 11:40:00
202400011970.0;1;51;51108;2;2;2.0;3.0;48.93872;4.38272;2024-04-22 18:25:00
202400011971.0;2;47;47004;1;1;1.0;6.0;44.295849;0.331221;2024-11-23 17:55:00
202400011972.0;1;53;53180;1;1;1.0;7.0;47.818383;-0.939529;2024-09-12 18:00:00
202400011973.0;1;22;22079;1;1;4.0;1.0;48.400955;-2.722775;2024-11-21 08:10:00
202400011974.0;1;49;49353;2;6;1.0;3.0;47.44953;-0.48591;2024-04-22 09:45:00
202400011975.0;1;40;40185;1;1;1.0;6.0;43.597295;-0.348164;2024-09-13 09:15:00
202400011976.0;3;29;29076;1;3;2.0;6.0;48.43643309;-4.57760786;2024-11-23 06:30:00
202400011977.0;1;45;45234;2;1;1.0;2.0;47.88515;1.8973;2024-04-22 10:20:00
202400011978.0;3;31;31145;1;1;9.0;6.0;43.330536;1.52895;2024-11-23 19:05:00
202400011979.0;1;4;4024;1;1;1.0;7.0;44.197682;6.370461;2024-09-12 16:20:00
202400011980.0;1;44;44184;2;6;1.0;3.0;47.26708;-2.22148;2024-04-22 15:35:00
202400011981.0;1;50;50487;2;3;6.0;6.0;48.49593;-1.420686;2024-11-23 12:27:00
202400011982.0;1;17;17353;2;1;1.0;3.0;45.988762;-1.029829;2024-09-12 12:15:00
202400011983.0;3;60;60021;1;1;1.0;7.0;49.574775;3.115826;2024-11-24 04:50:00
202400011984.0;1;34;34108;2;1;1.0;1.0;43.436641;3.700805;2024-04-22 08:00:00
202400011985.0;1;30;30348;2;9;1.0;3.0;44.050148;4.135207;2024-09-12 18:35:00
202400011986.0;1;18;18281;2;1;1.0;1.0;47.197207;2.175293;2024-11-23 16:13:00
202400011987.0;3;10;10031;1;1;8.0;6.0;48.545934;3.553786;2024-11-24 05:38:00
202400011988.0;3;13;13118;1;2;1.0;1.0;43.55036;5.236479;2024-09-13 05:30:00
202400011989.0;3;34;34129;1;1;1.0;2.0;43.55177;3.89346;2024-04-21 03:00:00
202400011990.0;1;24;24547;1;1;1.0;7.0;45.11816;1.317812;2024-11-24 11:45:00
202400011991.0;1;68;68267;1;1;1.0;2.0;47.741113;7.235119;2024-09-10 16:40:00
202400011992.0;1;33;33075;2;2;1.0;3.0;44.879648;-0.6268;2024-04-22 08:15:00
202400011993.0;5;85;85084;2;6;1.0;3.0;46.775057;-1.232046;2024-11-23 19:50:00
202400011994.0;3;8;8255;2;1;1.0;6.0;49.616786;5.227164;2024-11-15 01:10:00
202400011995.0;1;30;30169;1;9;1.0;6.0;43.796879;4.307247;2024-09-12 18:00:00
202400011996.0;1;77;77474;1;1;1.0;2.0;48.957228;2.794368;2024-09-13 08:20:00
202400011997.0;1;38;38229;2;1;1.0;1.0;45.217751;5.785747;2024-11-22 12:03:00
202400011998.0;1;13;13047;2;4;6.0;2.0;43.49572;4.97388;2024-04-22 06:45:00
202400011999.0;1;987;98729;2;1;1.0;7.0;-17.485049;-149.816705;2024-11-23 07:00:00
202400012000.0;3;66;66065;1;1;1.0;5.0;42.59519651;2.98107147;2024-09-13 00:40:00
202400012001.0;1;988;98814;1;3;2.0;6.0;-21.038194;167.272579;2024-11-24 15:00:00
202400012002.0;1;83;83047;2;3;7.0;3.0;43.122146;6.063541;2024-09-13 07:45:00
202400012003.0;5;75;75116;2;1;1.0;5.0;48.844085;2.254681;2024-04-21 04:20:00
202400012004.0;1;971;97117;2;3;1.0;3.0;16.33023;-61.344711;2024-11-23 15:40:00
202400012005.0;1;21;21540;1;1;6.0;6.0;47.328207;5.104308;2024-11-24 10:22:00
202400012006.0;1;13;13105;1;1;1.0;3.0;43.740747;5.103214;2024-09-12 09:10:00
202400012007.0;1;75;75106;2;3;1.0;3.0;48.848303;2.341566;2024-04-22 11:05:00
202400012008.0;1;21;21183;1;1;1.0;6.0;47.240871;5.286076;2024-09-12 11:10:00
202400012009.0;1;18;18207;2;2;1.0;3.0;46.9938;2.248265;2024-11-22 15:45:00
202400012010.0;1;75;75106;2;3;1.0;3.0;48.85153;2.338265;2024-04-06 18:20:00
202400012011.0;1;55;55122;2;3;1.0;6.0;48.761879;5.592953;2024-09-13 15:20:00
202400012012.0;2;34;34327;1;2;2.0;3.0;43.658989;3.980924;2024-11-23 17:15:00
202400012013.0;1;75;75111;2;3;1.0;3.0;48.849318;2.390099;2024-04-22 18:30:00
202400012014.0;1;42;42046;2;4;1.0;3.0;45.641929;4.046128;2024-09-12 15:10:00
202400012015.0;3;84;84067;1;1;1.0;3.0;44.068605;5.021146;2024-11-23 21:25:00
202400012016.0;2;40;40114;1;1;1.0;7.0;43.81242;-1.073045;2024-09-12 19:30:00
202400012017.0;3;69;69001;1;1;6.0;6.0;45.84744276;4.39913853;2024-11-23 23:58:00
202400012018.0;1;75;75103;2;3;1.0;2.0;48.865319;2.356589;2024-04-22 18:15:00
202400012019.0;1;85;85226;1;3;1.0;3.0;46.733897;-1.950465;2024-09-12 13:20:00
202400012020.0;1;94;94068;2;3;1.0;6.0;48.80668;2.51038;2024-04-20 18:20:00
202400012021.0;1;50;50025;2;2;1.0;3.0;48.678625;-1.341432;2024-09-13 09:35:00
202400012022.0;3;35;35019;2;1;6.0;6.0;48.42576004;-1.5737926;2024-11-24 02:50:00
202400012023.0;1;94;94043;2;2;1.0;6.0;48.812441;2.353247;2024-04-22 09:30:00
202400012024.0;1;60;60139;2;6;1.0;1.0;49.157001;2.255185;2024-11-15 14:30:00
202400012025.0;2;35;35012;1;1;1.0;1.0;47.854674;-1.641351;2024-09-12 08:00:00
202400012026.0;1;94;94048;2;2;8.0;2.0;48.72747;2.53925;2024-04-21 15:00:00
202400012027.0;1;27;27213;1;2;1.0;3.0;49.205044;1.508528;2024-04-17 17:15:00
202400012028.0;1;93;93073;2;3;1.0;3.0;48.95118;2.56744;2024-04-22 09:00:00
202400012029.0;1;62;62060;2;1;1.0;6.0;50.23710612;2.11807458;2024-09-12 18:05:00
202400012030.0;1;93;93071;2;1;2.0;3.0;48.92704;2.51988;2024-04-22 14:25:00
202400012031.0;1;13;13207;1;1;1.0;2.0;43.2826;5.3935;2024-09-12 08:20:00
202400012032.0;5;93;93064;2;1;1.0;6.0;48.867633;2.493249;2024-04-21 23:20:00
202400012033.0;1;93;93045;2;3;1.0;1.0;48.880406;2.418144;2024-04-21 17:20:00
202400012034.0;3;13;13056;1;1;2.0;2.0;43.39796194;5.07484271;2024-09-12 00:42:00
202400012035.0;1;92;92064;2;1;1.0;6.0;48.84750265;2.21855307;2024-04-22 18:40:00
202400012036.0;1;13;13071;1;1;1.0;2.0;43.4116;5.36455;2024-09-07 11:20:00
202400012037.0;1;92;92064;2;1;1.0;3.0;48.84663235;2.21410418;2024-04-22 13:15:00
202400012038.0;1;92;92063;2;1;1.0;3.0;48.85777877;2.186405;2024-04-22 10:22:00
202400012039.0;1;67;67482;2;1;1.0;5.0;48.5987;7.75261;2024-09-08 14:35:00
202400012040.0;1;92;92049;2;1;1.0;3.0;48.81453435;2.31463715;2024-04-22 14:07:00
202400012041.0;1;92;92026;2;9;9.0;3.0;48.89852455;2.25583005;2024-04-20 19:45:00
202400012042.0;1;33;33550;1;1;1.0;4.0;44.778777;-0.557189;2024-09-12 17:50:00
202400012043.0;1;92;92026;2;1;1.0;3.0;48.9029565;2.2714051;2024-04-16 20:40:00
202400012044.0;3;59;59343;1;1;1.0;6.0;50.60042;3.11445;2024-09-12 04:00:00
202400012045.0;1;91;91434;1;1;2.0;2.0;48.668;2.3556;2024-09-12 17:15:00
202400012046.0;5;92;92024;2;1;1.0;3.0;48.90440106;2.29909873;2024-04-09 22:45:00
202400012047.0;2;94;94038;1;1;1.0;4.0;48.77730361;2.34638358;2024-09-12 07:14:00
202400012048.0;1;92;92014;2;1;1.0;6.0;48.78117691;2.31901431;2024-04-22 17:10:00
202400012049.0;3;92;92048;1;1;1.0;2.0;48.79123833;2.22009228;2024-09-11 21:30:00
202400012050.0;1;33;33478;2;7;1.0;6.0;45.014508;-0.001131;2024-04-21 11:55:00
202400012051.0;1;76;76054;1;1;1.0;6.0;49.909547;1.381209;2024-04-23 18:30:00
202400012052.0;1;93;93066;1;1;1.0;7.0;48.92418411;2.34161019;2024-09-11 14:20:00
202400012053.0;1;91;91666;1;1;1.0;1.0;48.667597;2.199336;2024-04-23 17:10:00
202400012054.0;1;77;77517;1;1;1.0;2.0;48.906665;2.639833;2024-09-12 14:30:00
202400012055.0;1;83;83091;2;3;1.0;3.0;43.222511;6.14176;2024-04-23 09:30:00
202400012056.0;1;94;94052;1;1;1.0;3.0;48.83441554;2.49343043;2024-09-12 11:11:00
202400012057.0;1;79;79307;2;3;1.0;5.0;46.134322;0.122195;2024-03-23 18:00:00
202400012058.0;1;77;77384;1;1;1.0;2.0;48.60121398;2.63442069;2024-09-12 09:00:00
202400012059.0;1;95;95026;1;1;1.0;6.0;49.130745;2.360795;2024-04-22 17:00:00
202400012060.0;1;14;14047;2;6;1.0;6.0;49.27878;-0.71851;2024-06-19 18:31:00
202400012061.0;1;65;65258;2;1;1.0;2.0;43.111272;0.385042;2024-04-23 16:50:00
202400012062.0;1;65;65330;2;1;1.0;6.0;43.429564;0.0474;2024-04-23 11:15:00
202400012063.0;2;44;44109;2;9;2.0;6.0;47.23334;-1.55967;2024-09-11 07:00:00
202400012064.0;1;71;71479;1;1;2.0;6.0;46.834758;4.439099;2024-04-01 18:08:00
202400012065.0;5;92;92023;2;1;1.0;2.0;48.81530925;2.27722174;2024-04-16 19:00:00
202400012066.0;1;63;63378;2;1;1.0;7.0;45.6679076;3.23892206;2024-04-22 12:30:00
202400012067.0;1;63;63368;1;1;1.0;6.0;45.68888815;3.29217555;2024-04-23 14:15:00
202400012068.0;1;974;97416;1;1;1.0;4.0;-21.31447;55.44019;2024-09-11 11:15:00
202400012069.0;1;47;47280;2;1;1.0;1.0;44.399705;0.8047;2024-04-22 16:55:00
202400012070.0;1;31;31579;1;1;1.0;4.0;43.738174;1.496029;2024-04-22 16:00:00
202400012071.0;1;974;97416;1;1;1.0;2.0;-21.33112;55.4674;2024-09-11 07:50:00
202400012072.0;1;50;50412;2;1;1.0;6.0;49.333905;-1.698653;2024-04-23 11:30:00
202400012073.0;1;60;60577;1;1;1.0;6.0;49.454701;1.788099;2024-04-21 17:33:00
202400012074.0;1;53;53027;1;1;1.0;7.0;47.89997;-0.41696;2024-04-21 15:40:00
202400012075.0;5;974;97411;2;4;1.0;2.0;-20.91032;55.47757;2024-09-11 19:40:00
202400012076.0;1;53;53247;1;5;1.0;3.0;48.120583;-1.019854;2024-04-22 17:55:00
202400012077.0;1;974;97411;2;2;1.0;3.0;-20.87627;55.44923;2024-09-11 11:15:00
202400012078.0;5;21;21638;2;6;1.0;6.0;47.514954;5.175397;2024-04-21 05:25:00
202400012079.0;3;974;97407;1;1;1.0;2.0;-20.95898;55.30843;2024-09-11 18:35:00
202400012080.0;5;69;69388;2;1;1.0;6.0;45.73569;4.88875;2024-09-11 01:05:00
202400012081.0;1;87;87032;1;1;1.0;3.0;45.641048;0.984596;2024-04-23 16:15:00
202400012082.0;1;30;30050;1;1;1.0;7.0;43.927657;4.049073;2024-04-21 16:34:00
202400012083.0;2;95;95323;2;2;1.0;6.0;49.0210292;2.02187955;2024-09-10 07:25:00
202400012084.0;5;973;97309;2;3;1.0;3.0;4.89889483;-52.27388665;2024-04-12 19:30:00
202400012085.0;1;91;91103;1;9;1.0;3.0;48.58814;2.30422;2024-09-11 20:00:00
202400012086.0;1;33;33284;1;1;1.0;4.0;44.657176;-0.828781;2024-04-19 16:40:00
202400012087.0;1;34;34022;1;1;1.0;2.0;43.65699057;3.99655722;2024-04-22 17:20:00
202400012088.0;1;89;89387;2;1;1.0;3.0;48.1758;3.28984;2024-08-24 13:30:00
202400012089.0;1;30;30189;1;1;1.0;2.0;43.807945;4.353096;2024-04-22 11:50:00
202400012090.0;1;87;87050;1;1;2.0;6.0;45.85668;1.24586;2024-09-11 13:20:00
202400012091.0;1;988;98830;1;9;1.0;7.0;-20.75913;165.11664;2024-04-21 14:15:00
202400012092.0;1;77;77089;1;3;1.0;3.0;48.497867;2.97516;2024-04-22 15:30:00
202400012093.0;1;77;77508;1;6;1.0;1.0;48.81602;2.841897;2024-04-22 08:20:00
202400012094.0;1;81;81004;2;1;1.0;6.0;43.9317308;2.1658619;2024-09-10 17:45:00
202400012095.0;1;34;34157;1;3;1.0;5.0;43.45355;3.549051;2024-04-23 14:10:00
202400012096.0;1;84;84067;1;1;1.0;6.0;44.07007;5.028332;2024-04-17 17:46:00
202400012097.0;1;80;80021;2;1;2.0;3.0;49.89264;2.3077;2024-09-09 11:25:00
202400012098.0;1;83;83068;1;6;2.0;2.0;43.28131;6.582586;2024-04-22 16:30:00
202400012099.0;1;13;13059;2;1;1.0;1.0;43.642776;5.538021;2024-04-22 14:55:00
202400012100.0;2;67;67463;1;1;1.0;7.0;48.890102;8.09171;2024-04-22 19:00:00
202400012101.0;1;78;78551;2;1;1.0;6.0;48.903115;2.093477;2024-09-11 17:10:00
202400012102.0;1;7;7326;2;1;8.0;6.0;44.767886;4.165433;2024-04-22 18:00:00
202400012103.0;3;50;50041;1;2;1.0;6.0;49.644096;-1.771545;2024-04-22 23:50:00
202400012104.0;1;27;27008;1;1;1.0;6.0;49.313499;1.190295;2024-04-23 14:45:00
202400012105.0;1;78;78005;1;4;1.0;3.0;48.978916;2.0831;2024-09-11 19:15:00
202400012106.0;1;77;77495;2;1;1.0;6.0;48.56591;2.61655;2024-09-10 16:45:00
202400012107.0;1;33;33063;2;2;1.0;3.0;44.842498;-0.591253;2024-02-03 13:50:00
202400012108.0;1;76;76567;1;2;1.0;3.0;49.752977;1.544759;2024-04-22 10:45:00
202400012109.0;2;31;31555;2;9;8.0;3.0;43.56873877;1.45153876;2024-02-03 17:25:00
202400012110.0;1;59;59212;2;1;1.0;6.0;50.645038;2.721069;2024-04-19 08:45:00
202400012111.0;1;77;77143;1;1;1.0;3.0;48.98871;2.88191;2024-09-11 14:30:00
202400012112.0;1;59;59350;1;1;1.0;3.0;50.62713;3.08346;2024-04-20 13:00:00
202400012113.0;1;77;77284;2;1;1.0;6.0;48.95923;2.87714;2024-09-11 12:50:00
202400012114.0;5;59;59350;1;1;1.0;7.0;50.62237;3.02409;2024-04-20 02:35:00
202400012115.0;1;77;77143;1;1;8.0;7.0;48.98132;2.87457;2024-09-11 10:15:00
202400012116.0;1;19;19272;2;3;1.0;3.0;45.27094;1.76944;2024-02-02 15:40:00
202400012117.0;1;92;92025;1;1;1.0;2.0;48.9216638;2.22632534;2024-04-22 09:20:00
202400012118.0;1;16;16102;2;1;1.0;6.0;45.693034;-0.326813;2024-02-03 13:57:00
202400012119.0;5;69;69256;2;3;2.0;3.0;45.76643;4.92986;2024-09-12 00:15:00
202400012120.0;1;95;95042;1;1;1.0;2.0;49.06219202;2.32376321;2024-04-22 08:20:00
202400012121.0;5;14;14118;2;1;1.0;7.0;49.16378;-0.35881;2024-02-03 19:06:00
202400012122.0;1;69;69256;2;1;1.0;6.0;45.78601;4.92663;2024-09-11 12:30:00
202400012123.0;1;93;93053;1;1;1.0;3.0;48.89937884;2.46926068;2024-04-22 10:00:00
202400012124.0;1;69;69264;2;2;1.0;6.0;45.98584;4.715;2024-09-11 13:55:00
202400012125.0;1;93;93007;1;1;1.0;2.0;48.93333787;2.48068994;2024-04-22 08:00:00
202400012126.0;1;13;13203;2;3;1.0;3.0;43.30445;5.37509;2024-02-03 07:15:00
202400012127.0;5;64;64445;2;9;1.0;2.0;43.31901;-0.36026;2024-09-07 22:00:00
202400012128.0;4;93;93064;1;1;1.0;2.0;48.88401889;2.47154067;2024-04-21 22:20:00
202400012129.0;1;13;13028;2;1;1.0;1.0;43.193;5.6097;2024-02-03 15:45:00
202400012130.0;1;9;9225;2;7;1.0;6.0;43.11592;1.61017;2024-02-03 12:25:00
202400012131.0;1;62;62133;2;1;1.0;7.0;50.41662;2.91233;2024-09-11 09:50:00
202400012132.0;3;95;95604;1;1;1.0;3.0;49.12303;2.55701;2024-04-21 04:40:00
202400012133.0;1;75;75117;2;1;1.0;4.0;48.89781;2.31361;2024-02-03 11:40:00
202400012134.0;1;13;13212;1;1;1.0;4.0;43.29932;5.42532;2024-08-05 17:22:00
202400012135.0;1;62;62270;2;9;1.0;4.0;50.46711722;2.5014782;2024-09-04 17:35:00
202400012136.0;1;75;75118;2;1;1.0;6.0;48.898564;2.356844;2024-02-03 09:05:00
202400012137.0;3;974;97411;1;1;2.0;4.0;-20.88372;55.39155;2024-04-21 19:30:00
202400012138.0;1;83;83137;1;1;1.0;2.0;43.12212803;5.95605755;2024-07-25 11:40:00
202400012139.0;1;59;59196;2;1;1.0;6.0;50.63614;2.96553;2024-09-05 14:30:00
202400012140.0;1;974;97411;1;1;1.0;1.0;-20.88571;55.49733;2024-04-21 16:30:00
202400012141.0;5;75;75105;2;3;8.0;6.0;48.84491;2.342364;2024-02-03 18:10:00
202400012142.0;1;33;33281;1;1;1.0;7.0;44.85621;-0.6629;2024-08-06 09:09:00
202400012143.0;1;973;97302;1;1;2.0;6.0;4.92112758;-52.33042628;2024-04-21 13:10:00
202400012144.0;1;75;75115;2;2;8.0;7.0;48.838742;2.269875;2024-02-03 13:50:00
202400012145.0;1;56;56098;2;3;8.0;7.0;47.75693;-3.34498;2024-09-10 16:50:00
202400012146.0;3;92;92072;1;1;1.0;7.0;48.82499763;2.221007;2024-08-05 23:00:00
202400012147.0;4;973;97309;2;1;2.0;7.0;4.90929;-52.30778;2024-04-21 05:58:00
202400012148.0;5;75;75112;2;1;1.0;2.0;48.83275;2.38329;2024-02-02 21:15:00
202400012149.0;1;56;56121;2;9;1.0;3.0;47.73237;-3.37976;2024-09-10 12:15:00
202400012150.0;1;971;97101;1;1;1.0;3.0;16.25315;-61.54237;2024-04-21 13:26:00
202400012151.0;1;95;95527;1;1;1.0;2.0;48.99881679;2.52018602;2024-08-05 18:45:00
202400012152.0;1;75;75110;2;3;8.0;3.0;48.871774;2.371955;2024-02-03 14:30:00
202400012153.0;1;53;53130;2;9;1.0;6.0;48.062397;-0.749692;2024-09-11 10:30:00
202400012154.0;5;971;97101;1;9;3.0;7.0;16.25467;-61.47575;2024-04-20 21:25:00
202400012155.0;1;77;77146;1;1;1.0;3.0;48.81497228;2.62559359;2024-08-06 18:40:00
202400012156.0;5;51;51454;2;1;1.0;6.0;49.25589;4.03261;2024-09-11 21:00:00
202400012157.0;5;94;94067;2;5;2.0;6.0;48.84655033;2.41748169;2024-02-03 22:00:00
202400012158.0;1;971;97120;1;1;1.0;6.0;16.24067;-61.53356;2024-04-20 11:30:00
202400012159.0;2;34;34172;2;1;1.0;7.0;43.616896;3.869148;2024-05-19 19:35:00
202400012160.0;5;94;94080;2;3;2.0;6.0;48.845384;2.428812;2024-02-02 22:10:00
202400012161.0;1;51;51454;2;2;1.0;3.0;49.270828;4.011111;2024-09-11 13:15:00
202400012162.0;3;95;95203;2;6;1.0;6.0;48.99347445;2.28194296;2024-04-21 04:20:00
202400012163.0;5;94;94052;2;1;2.0;6.0;48.84163105;2.48331956;2024-02-03 00:25:00
202400012164.0;2;51;51454;2;1;2.0;6.0;49.25699;4.03938;2024-09-11 07:10:00
202400012165.0;1;973;97302;2;1;1.0;1.0;4.93958149;-52.31805503;2024-08-05 16:22:00
202400012166.0;1;972;97209;1;9;1.0;6.0;14.60186;-61.04256;2024-08-05 14:15:00
202400012167.0;5;51;51506;2;6;1.0;2.0;48.9447;4.39091;2024-09-07 00:33:00
202400012168.0;1;95;95476;1;1;1.0;4.0;49.05696942;2.04149734;2024-04-16 17:30:00
202400012169.0;5;94;94060;2;5;1.0;2.0;48.79111;2.57754;2024-02-02 21:00:00
202400012170.0;1;49;49007;2;1;1.0;3.0;47.47939;-0.54203;2024-09-11 19:19:00
202400012171.0;3;972;97209;2;1;2.0;1.0;14.61512;-61.08164;2024-08-04 18:45:00
202400012172.0;1;93;93047;2;2;1.0;3.0;48.89934799;2.55949366;2024-02-02 15:20:00
202400012173.0;1;49;49267;2;1;1.0;3.0;47.47408;-0.51516;2024-09-10 15:15:00
202400012174.0;1;91;91692;1;3;1.0;4.0;48.67533;2.18971;2024-04-21 17:20:00
202400012175.0;1;69;69389;2;2;1.0;3.0;45.77871;4.80492;2024-08-05 15:00:00
202400012176.0;1;93;93071;2;1;1.0;2.0;48.94396;2.51262;2024-02-03 16:35:00