Num_Acc;lum;departement;commune;agglomeration;intersection;meteo;type_collision;lat;long;date
202400012177.0;1;41;41212;1;1;1.0;2.0;47.56754;1.37119;2024-09-10 17:50:00
202400012178.0;1;971;97101;2;1;1.0;6.0;16.26363;-61.51282;2024-08-05 17:14:00
202400012179.0;1;91;91174;2;2;1.0;1.0;48.61301;2.46411;2024-04-21 12:15:00
202400012180.0;5;92;92050;2;2;1.0;3.0;48.90084037;2.21494925;2024-02-02 20:24:00
202400012181.0;2;37;37208;2;6;3.0;3.0;47.3671;0.72053;2024-09-11 07:00:00
202400012182.0;3;971;97101;1;1;1.0;6.0;16.2748;-61.48602;2024-08-04 02:30:00
202400012183.0;1;91;91223;2;1;1.0;6.0;48.428981;2.15261;2024-04-21 10:10:00
202400012184.0;5;92;92049;2;1;1.0;6.0;48.81722257;2.32173157;2024-02-03 23:30:00
202400012185.0;4;971;97101;1;1;1.0;6.0;16.26442;-61.51189;2024-08-04 01:55:00
202400012186.0;1;83;83090;2;1;1.0;7.0;43.12666;5.86441;2024-04-21 09:00:00
202400012187.0;1;35;35238;2;1;1.0;2.0;48.10835;-1.69599;2024-09-11 15:40:00
202400012188.0;3;971;97101;1;1;1.0;6.0;16.27296;-61.46711;2024-08-03 18:40:00
202400012189.0;1;92;92048;2;2;8.0;3.0;48.79648761;2.21765417;2024-02-03 15:10:00
202400012190.0;1;35;35238;2;1;1.0;6.0;48.11101;-1.64899;2024-09-11 09:55:00
202400012191.0;1;78;78551;2;9;1.0;6.0;48.892804;2.058059;2024-04-20 15:15:00
202400012192.0;5;92;92026;2;9;2.0;6.0;48.89463;2.25687;2024-02-03 02:10:00
202400012193.0;5;95;95268;1;9;1.0;2.0;48.963347;2.398668;2024-07-31 23:10:00
202400012194.0;1;78;78423;2;4;8.0;6.0;48.778977;2.035852;2024-04-21 16:10:00
202400012195.0;1;92;92024;2;1;1.0;6.0;48.90146489;2.31505644;2024-02-03 12:45:00
202400012196.0;2;31;31555;1;1;2.0;4.0;43.61153;1.38004;2024-09-11 19:18:00
202400012197.0;1;91;91377;2;4;1.0;3.0;48.73451;2.27028;2024-08-03 15:12:00
202400012198.0;5;92;92007;2;3;1.0;1.0;48.80158;2.30032;2024-02-03 19:55:00
202400012199.0;1;29;29019;2;6;1.0;3.0;48.386669;-4.515066;2024-09-10 08:00:00
202400012200.0;1;89;89287;2;1;1.0;2.0;48.18304;3.24303;2024-08-02 11:20:00
202400012201.0;3;50;50541;1;1;1.0;7.0;48.837182;-1.508946;2024-01-12 21:15:00
202400012202.0;1;87;87085;2;1;1.0;6.0;45.85;1.26311;2024-08-02 14:20:00
202400012203.0;1;28;28134;2;8;1.0;3.0;48.733497;1.353779;2024-09-11 17:35:00
202400012204.0;1;22;22311;1;1;1.0;3.0;48.559227;-2.240524;2024-02-03 16:35:00
202400012205.0;1;25;25056;2;8;2.0;3.0;47.21988;5.97327;2024-09-11 11:55:00
202400012206.0;1;77;77441;2;1;1.0;3.0;48.42918933;2.74332443;2024-04-21 12:50:00
202400012207.0;1;49;49092;1;1;1.0;1.0;47.299322;-0.739635;2024-02-03 16:20:00
202400012208.0;1;84;84007;2;3;1.0;3.0;43.95329;4.81384;2024-08-04 09:00:00
202400012209.0;3;22;22360;1;1;1.0;6.0;48.49335;-2.76294;2024-09-11 23:55:00
202400012210.0;3;31;31575;1;1;1.0;6.0;43.525977;1.427799;2024-02-03 20:45:00
202400012211.0;1;83;83137;2;1;1.0;6.0;43.12672;5.9082;2024-08-05 19:20:00
202400012212.0;3;974;97412;2;9;1.0;6.0;-21.368035;55.622913;2024-02-04 01:00:00
202400012213.0;1;22;22215;2;1;1.0;3.0;48.4913;-2.79576;2024-09-10 17:45:00
202400012214.0;3;78;78172;2;1;1.0;2.0;49.013311;2.08974;2024-12-11 18:30:00
202400012215.0;1;62;62261;2;1;1.0;3.0;50.48619453;1.61743587;2024-02-03 15:45:00
202400012216.0;1;83;83062;2;3;1.0;1.0;43.14112;6.03005;2024-08-05 14:20:00
202400012217.0;5;77;77379;2;9;9.0;6.0;48.55614306;3.3031261;2024-12-16 21:20:00
202400012218.0;1;14;14118;2;3;1.0;6.0;49.17823;-0.36219;2024-09-10 18:20:00
202400012219.0;3;44;44149;1;1;1.0;3.0;47.485882;-1.629463;2024-02-03 20:15:00
202400012220.0;1;83;83062;2;9;1.0;3.0;43.12861;6.01916;2024-08-05 10:45:00
202400012221.0;1;13;13103;2;9;1.0;6.0;43.63709;5.09544;2024-09-11 12:10:00
202400012222.0;5;77;77449;2;2;2.0;3.0;48.85100929;2.78678465;2024-12-30 20:45:00
202400012223.0;1;83;83034;1;1;1.0;1.0;43.10328;6.05564;2024-08-04 06:10:00
202400012224.0;1;30;30315;1;4;1.0;7.0;43.952278;4.712078;2024-02-04 13:30:00
202400012225.0;1;13;13207;2;1;1.0;3.0;43.29029;5.36889;2024-09-10 09:30:00
202400012226.0;1;83;83118;2;1;1.0;1.0;43.43586762;6.79438984;2024-08-01 14:45:00
202400012227.0;5;76;76351;2;1;1.0;6.0;49.515104;0.112419;2024-12-27 19:30:00
202400012228.0;1;10;10333;2;2;2.0;3.0;48.27723;4.0587;2024-09-09 17:55:00
202400012229.0;1;56;56036;1;1;1.0;5.0;47.816083;-3.335482;2024-02-03 17:05:00
202400012230.0;1;82;82033;2;1;1.0;7.0;44.06481258;1.13472381;2024-08-05 21:00:00
202400012231.0;2;72;72181;2;1;1.0;2.0;48.01579;0.15282;2024-12-30 06:40:00
202400012232.0;1;3;3101;1;2;2.0;3.0;46.398811;2.535443;2024-09-11 19:10:00
202400012233.0;1;76;76488;1;2;8.0;3.0;49.784312;0.609677;2024-02-03 13:10:00
202400012234.0;5;71;71306;2;4;1.0;6.0;46.67299387;4.36098486;2024-12-30 19:50:00
202400012235.0;1;82;82033;2;2;1.0;3.0;44.03882;1.10871;2024-08-05 19:30:00
202400012236.0;1;2A;2A362;2;1;1.0;6.0;41.698039;9.344156;2024-02-04 11:10:00
202400012237.0;1;2;2304;2;1;1.0;6.0;49.663298;3.363656;2024-09-04 08:00:00
202400012238.0;1;67;67482;2;1;8.0;6.0;48.586905;7.74654;2024-12-30 10:50:00
202400012239.0;1;82;82033;1;1;1.0;2.0;44.04870784;1.1192075;2024-08-05 07:30:00
202400012240.0;1;81;81073;1;1;1.0;3.0;43.944948;2.305289;2024-01-30 11:25:00
202400012241.0;1;66;66136;2;3;1.0;3.0;42.7094;2.88559;2024-12-28 12:01:00
202400012242.0;1;81;81065;2;1;1.0;2.0;43.60213;2.25035;2024-08-05 21:10:00
202400012243.0;1;64;64335;1;1;1.0;7.0;43.34277;-0.4126;2024-12-30 14:30:00
202400012244.0;2;71;71014;2;2;1.0;3.0;46.946177;4.303535;2024-02-03 17:25:00
202400012245.0;1;75;75117;2;1;1.0;5.0;48.879379;2.281345;2024-09-11 17:55:00
202400012246.0;5;81;81257;2;6;1.0;1.0;43.94464;2.19858;2024-08-06 01:15:00
202400012247.0;1;64;64445;2;1;1.0;6.0;43.29869;-0.36892;2024-12-29 12:25:00
202400012248.0;1;89;89189;1;2;8.0;3.0;48.285595;3.261086;2024-02-03 08:45:00
202400012249.0;3;63;63196;1;1;5.0;6.0;45.96064609;3.41817833;2024-02-03 22:50:00
202400012250.0;1;80;80021;2;8;1.0;7.0;49.90082;2.2698;2024-08-03 18:15:00
202400012251.0;5;64;64024;2;1;1.0;1.0;43.52263;-1.5011;2024-12-30 04:00:00
202400012252.0;1;75;75116;2;1;1.0;2.0;48.874364;2.275955;2024-09-11 10:35:00
202400012253.0;1;61;61066;1;1;5.0;6.0;48.510655;0.405507;2024-02-01 08:45:00
202400012254.0;1;80;80001;2;1;1.0;3.0;50.102852;1.853049;2024-08-05 14:41:00
202400012255.0;1;49;49183;1;1;1.0;7.0;47.493327;-0.970273;2024-01-18 15:50:00
202400012256.0;1;75;75120;2;1;1.0;3.0;48.863502;2.413408;2024-09-11 08:30:00
202400012257.0;1;42;42128;1;1;5.0;6.0;45.918811;4.322305;2024-02-04 13:00:00
202400012258.0;5;62;62041;2;1;8.0;6.0;50.29228;2.77694;2024-12-30 06:45:00
202400012259.0;1;78;78551;1;1;1.0;2.0;48.88878;2.08592;2024-08-04 16:00:00
202400012260.0;3;49;49099;1;1;1.0;7.0;47.01712;-0.90038;2024-12-23 21:10:00
202400012261.0;5;75;75120;2;1;2.0;6.0;48.86489591;2.41262019;2024-09-11 05:15:00
202400012262.0;1;42;42092;1;1;1.0;1.0;45.498549;4.38369;2024-02-04 09:45:00
202400012263.0;1;49;49007;2;1;1.0;6.0;47.452371;-0.555925;2024-12-30 15:00:00
202400012264.0;1;77;77475;2;2;1.0;2.0;48.957751;2.947171;2024-08-05 07:40:00
202400012265.0;5;47;47252;2;1;5.0;1.0;44.401959;0.588176;2024-02-04 07:00:00
202400012266.0;5;75;75114;2;3;2.0;7.0;48.820927;2.321828;2024-09-11 04:15:00
202400012267.0;1;76;76351;2;1;1.0;7.0;49.51983;0.07264;2024-08-02 19:40:00
202400012268.0;2;47;47119;1;1;1.0;7.0;44.19658567;-0.02590143;2024-02-02 17:30:00
202400012269.0;1;49;49007;2;2;1.0;3.0;47.46009;-0.61446;2024-12-30 11:48:00
202400012270.0;3;34;34252;1;1;1.0;6.0;43.659668;3.092378;2024-02-02 21:30:00
202400012271.0;1;75;75115;2;1;1.0;3.0;48.828966;2.288562;2024-09-10 18:15:00
202400012272.0;1;76;76351;2;3;2.0;7.0;49.492;0.118;2024-08-03 15:10:00
202400012273.0;1;42;42218;1;1;1.0;6.0;45.39851002;4.45122004;2024-12-17 13:10:00
202400012274.0;1;15;15144;1;1;7.0;2.0;44.865709;2.294013;2024-02-04 12:20:00
202400012275.0;1;40;40192;2;2;1.0;6.0;43.89479478;-0.48521161;2024-12-18 16:34:00
202400012276.0;1;75;75117;2;2;8.0;6.0;48.884466;2.319517;2024-09-09 17:55:00
202400012277.0;5;33;33063;2;6;1.0;6.0;44.85536239;-0.61433449;2024-12-31 01:30:00
202400012278.0;1;1;1457;1;3;8.0;3.0;46.2286;4.989837;2024-02-03 13:30:00
202400012279.0;1;71;71059;1;4;1.0;7.0;46.78622;4.48463;2024-08-05 20:20:00
202400012280.0;3;90;90007;1;1;2.0;1.0;47.599508;6.812578;2024-02-04 04:29:00
202400012281.0;1;75;75101;2;2;1.0;6.0;48.864197;2.347609;2024-09-09 09:52:00
202400012282.0;1;33;33281;2;1;5.0;1.0;44.827037;-0.686623;2024-12-30 11:30:00
202400012283.0;5;69;69266;2;2;1.0;6.0;45.76529;4.8716;2024-08-05 02:00:00
202400012284.0;1;64;64051;1;1;1.0;2.0;43.423347;-1.102409;2024-02-03 15:19:00
202400012285.0;5;33;33529;2;1;1.0;1.0;44.62511;-1.13788;2024-12-30 20:30:00
202400012286.0;1;75;75105;2;1;2.0;3.0;48.849577;2.351019;2024-09-11 08:25:00
202400012287.0;1;67;67482;2;3;1.0;7.0;48.5716;7.7704;2024-08-05 10:10:00
202400012288.0;1;18;18054;1;1;1.0;1.0;46.87807;2.780241;2024-02-04 15:45:00
202400012289.0;1;64;64132;2;1;1.0;1.0;43.30756;-0.32739;2024-08-05 18:35:00
202400012290.0;5;30;30007;2;6;1.0;3.0;44.12536;4.09158;2024-12-30 18:20:00
202400012291.0;1;75;75120;2;3;8.0;6.0;48.858699;2.409835;2024-09-10 17:45:00
202400012292.0;1;64;64024;2;1;1.0;7.0;43.4916;-1.517;2024-08-05 20:38:00
202400012293.0;1;7;7230;1;3;7.0;1.0;44.6860586;4.46693979;2024-02-04 12:05:00
202400012294.0;3;22;22113;1;1;1.0;6.0;48.7168;-3.406;2024-12-30 20:20:00
202400012295.0;1;75;75119;2;3;1.0;3.0;48.884171;2.384207;2024-09-11 09:30:00
202400012296.0;1;14;14118;2;1;8.0;1.0;49.17285;-0.37619;2024-12-29 15:35:00
202400012297.0;1;64;64024;2;1;1.0;2.0;43.47597;-1.52805;2024-08-05 10:38:00
202400012298.0;3;87;87205;1;1;5.0;3.0;45.77180372;1.28945589;2024-02-04 04:39:00
202400012299.0;3;8;8367;2;1;2.0;6.0;49.91458252;4.52998012;2024-02-04 03:10:00
202400012300.0;1;64;64102;2;1;1.0;3.0;43.48783;-1.48206;2024-08-05 10:40:00
202400012301.0;2;13;13071;2;1;1.0;5.0;43.41738;5.35871;2024-12-30 18:50:00
202400012302.0;1;75;75117;2;2;1.0;3.0;48.880098;2.287886;2024-09-11 09:45:00
202400012303.0;1;62;62842;1;1;1.0;7.0;50.46856;2.83629;2024-07-22 21:15:00
202400012304.0;5;67;67152;2;9;1.0;6.0;48.520875;7.69294;2024-02-03 17:45:00
202400012305.0;5;13;13208;2;1;1.0;1.0;43.26891;5.37964;2024-12-30 18:10:00
202400012306.0;1;61;61006;2;1;1.0;3.0;48.739791;-0.022909;2024-07-22 15:10:00
202400012307.0;5;973;97309;2;3;1.0;3.0;4.924341;-52.28451;2024-02-03 20:25:00
202400012308.0;2;75;75117;2;2;8.0;3.0;48.881946;2.313545;2024-09-11 08:00:00
202400012309.0;1;60;60159;2;3;1.0;6.0;49.43349;2.84545;2024-08-04 09:45:00
202400012310.0;1;95;95371;1;1;8.0;5.0;49.07176149;2.50472739;2024-02-04 13:45:00
202400012311.0;1;13;13207;2;1;1.0;6.0;43.292;5.358;2024-12-30 15:15:00
202400012312.0;1;75;75116;2;2;1.0;3.0;48.86451479;2.26649344;2024-09-11 09:15:00
202400012313.0;1;988;98807;1;1;2.0;7.0;-20.69886;164.98199;2024-02-04 07:30:00
202400012314.0;1;13;13206;2;1;1.0;1.0;43.28442;5.38507;2024-12-30 14:30:00
202400012315.0;1;60;60057;2;1;1.0;1.0;49.433742;2.09749389;2024-08-05 15:15:00
202400012316.0;1;75;75115;2;1;1.0;6.0;48.83168961;2.28136629;2024-09-11 16:40:00
202400012317.0;5;13;13210;2;1;1.0;1.0;43.27435717;5.41485767;2024-12-30 02:40:00
202400012318.0;1;59;59421;2;1;1.0;3.0;50.69798;3.13976;2024-08-01 18:30:00
202400012319.0;1;75;75115;2;3;1.0;6.0;48.83835;2.293961;2024-09-11 15:10:00
202400012320.0;1;75;75116;2;3;1.0;1.0;48.841502;2.266544;2024-12-28 15:54:00
202400012321.0;3;974;97420;1;1;1.0;5.0;-20.915246;55.615025;2024-02-04 02:15:00
202400012322.0;1;59;59599;2;1;1.0;3.0;50.70502;3.15707;2024-08-05 13:00:00
202400012323.0;1;75;75115;2;3;1.0;7.0;48.834939;2.296106;2024-09-11 13:00:00
202400012324.0;3;971;97119;1;1;1.0;6.0;16.391543;-61.481981;2024-02-04 02:20:00
202400012325.0;1;75;75111;2;1;8.0;3.0;48.863402;2.384509;2024-12-30 14:05:00
202400012326.0;2;59;59299;2;1;1.0;6.0;50.66843;3.20211;2024-08-05 22:20:00
202400012327.0;5;94;94028;2;9;1.0;6.0;48.79737;2.46396;2024-12-30 19:30:00
202400012328.0;3;77;77358;1;2;2.0;1.0;48.991243;2.877544;2024-02-02 19:00:00
202400012329.0;1;56;56121;2;6;1.0;2.0;47.74851;-3.37427;2024-08-03 17:28:00
202400012330.0;3;77;77277;1;1;1.0;6.0;48.730804;2.897515;2024-01-22 06:20:00
202400012331.0;5;94;94043;2;1;2.0;3.0;48.8133;2.35897;2024-12-29 01:20:00
202400012332.0;1;94;94021;2;1;8.0;6.0;48.77082884;2.36242039;2024-12-30 10:30:00
202400012333.0;1;75;75115;2;1;1.0;4.0;48.841918;2.313649;2024-09-10 09:25:00
202400012334.0;1;21;21133;1;4;1.0;6.0;47.193012;4.960067;2024-02-02 15:00:00
202400012335.0;1;56;56121;2;3;1.0;3.0;47.754504;-3.36266;2024-08-02 15:22:00
202400012336.0;1;92;92076;2;9;2.0;4.0;48.83306766;2.15341017;2024-12-30 10:30:00
202400012337.0;5;75;75114;2;2;1.0;6.0;48.838816;2.339664;2024-09-10 19:55:00
202400012338.0;5;92;92040;2;9;1.0;3.0;48.82053652;2.24644706;2024-12-30 19:00:00
202400012339.0;5;54;54526;2;6;1.0;3.0;48.69330193;6.21206045;2024-08-05 22:30:00
202400012340.0;3;31;31193;1;1;5.0;3.0;43.267968;1.085597;2024-02-03 18:35:00
202400012341.0;1;75;75113;2;2;8.0;4.0;48.822214;2.358617;2024-09-11 09:47:00
202400012342.0;3;12;12140;1;1;5.0;1.0;44.392932;1.876527;2024-12-30 18:30:00
202400012343.0;3;17;17228;2;1;1.0;7.0;45.646928;-0.959394;2024-02-04 03:38:00
202400012344.0;1;54;54526;2;2;1.0;3.0;48.69294;6.21151;2024-08-05 12:00:00
202400012345.0;1;75;75112;2;1;1.0;1.0;48.852599;2.37149;2024-09-10 11:15:00
202400012346.0;1;24;24068;2;6;7.0;6.0;44.843919;0.90855;2024-02-02 16:45:00
202400012347.0;1;68;68162;2;1;1.0;6.0;48.136584;7.26611;2024-12-30 12:00:00
202400012348.0;1;51;51454;2;1;1.0;7.0;49.25782;4.02176;2024-08-05 19:45:00
202400012349.0;3;972;97214;1;1;1.0;1.0;14.842921;-61.081291;2024-12-30 18:45:00
202400012350.0;1;33;33256;2;1;1.0;1.0;44.97013169;-0.61172032;2024-02-03 16:45:00
202400012351.0;1;75;75107;2;3;1.0;5.0;48.859249;2.330206;2024-09-11 08:57:00
202400012352.0;3;56;56031;1;1;1.0;6.0;47.85349;-2.986806;2024-12-30 20:00:00
202400012353.0;5;75;75101;2;1;8.0;6.0;48.86052693;2.33137071;2024-09-10 20:15:00
202400012354.0;1;51;51454;2;1;1.0;3.0;49.259084;4.044105;2024-08-04 13:10:00
202400012355.0;3;79;79157;1;1;6.0;7.0;47.007713;-0.17252;2024-12-07 20:25:00
202400012356.0;1;85;85097;1;1;1.0;4.0;46.93537;-1.084105;2024-02-04 09:30:00
202400012357.0;1;82;82042;1;1;1.0;7.0;44.226366;1.201115;2024-12-20 13:50:00
202400012358.0;1;49;49099;2;6;1.0;3.0;47.03102;-0.91504;2024-08-04 17:35:00
202400012359.0;4;85;85302;1;1;1.0;7.0;46.950345;-1.00251;2024-02-04 00:50:00
202400012360.0;2;82;82062;2;1;5.0;6.0;43.906079;1.227778;2024-12-29 08:10:00
202400012361.0;1;49;49007;2;1;1.0;3.0;47.47131;-0.54681;2024-08-05 18:00:00
202400012362.0;2;72;72025;2;9;9.0;3.0;47.67369113;-0.16520619;2024-01-29 07:50:00
202400012363.0;3;49;49259;1;1;1.0;7.0;47.37153;-0.648301;2024-12-30 21:15:00
202400012364.0;2;49;49007;2;1;1.0;7.0;47.45136;-0.54756;2024-08-03 21:09:00
202400012365.0;1;68;68074;1;1;5.0;7.0;47.483743;7.254158;2024-12-31 14:15:00
202400012366.0;3;22;22067;2;1;1.0;3.0;48.565873;-3.174791;2024-02-03 21:15:00
202400012367.0;2;49;49007;2;1;1.0;7.0;47.47246;-0.58398;2024-08-03 06:38:00
202400012368.0;3;2;2095;1;1;5.0;6.0;49.972961;3.49229;2024-12-31 05:00:00
202400012369.0;1;27;27439;2;9;1.0;2.0;49.05981027;1.17444576;2024-02-03 16:30:00
202400012370.0;1;47;47323;2;9;1.0;6.0;44.41008;0.73547;2024-08-03 17:20:00
202400012371.0;1;84;84017;1;1;1.0;5.0;44.120195;5.233366;2024-12-31 13:23:00
202400012372.0;3;60;60528;1;1;2.0;6.0;49.24523;1.870129;2024-02-03 22:07:00
202400012373.0;1;45;45234;2;1;1.0;3.0;47.90699;1.90401;2024-08-05 18:00:00
202400012374.0;2;15;15045;1;1;1.0;6.0;44.854661;2.99926;2024-12-31 07:10:00
202400012375.0;3;80;80561;2;9;2.0;6.0;49.65048;2.578279;2024-02-04 02:45:00
202400012376.0;1;45;45208;2;1;1.0;1.0;47.996302;2.726498;2024-08-03 16:20:00
202400012377.0;3;13;13211;1;1;1.0;3.0;43.32373198;5.42258838;2024-02-02 20:00:00
202400012378.0;1;15;15187;2;3;1.0;3.0;45.038081;3.067364;2024-12-30 10:00:00
202400012379.0;1;13;13210;1;1;1.0;2.0;43.32436;5.42258;2024-02-02 10:30:00
202400012380.0;5;38;38185;2;2;1.0;1.0;45.16825709;5.74394524;2024-08-05 23:30:00
202400012381.0;3;50;50388;1;1;2.0;3.0;49.001597;-1.459091;2024-12-09 21:45:00
202400012382.0;3;13;13215;1;1;1.0;3.0;43.39529563;5.3513243;2024-02-03 04:50:00
202400012383.0;1;37;37233;2;2;7.0;6.0;47.38960949;0.7203545;2024-08-05 10:08:00
202400012384.0;3;83;83035;1;1;1.0;6.0;43.19037073;5.76537435;2024-02-03 02:44:00
202400012385.0;1;37;37261;2;1;1.0;6.0;47.39066;0.69333;2024-08-05 08:40:00
202400012386.0;1;73;73159;1;1;5.0;1.0;45.46373763;6.0459888;2024-12-30 10:00:00
202400012387.0;1;35;35288;2;1;1.0;6.0;48.66368115;-1.98835534;2024-07-31 18:30:00
202400012388.0;1;92;92019;1;1;1.0;2.0;48.75991009;2.27202522;2024-02-03 16:14:00
202400012389.0;1;91;91617;1;1;2.0;6.0;48.63536;2.5357;2024-02-03 10:10:00
202400012390.0;5;73;73171;2;6;1.0;6.0;45.50148528;6.0511449;2024-12-04 19:00:00
202400012391.0;1;95;95394;1;1;2.0;6.0;49.05017557;2.18406622;2024-02-03 11:45:00
202400012392.0;1;53;53125;1;4;8.0;1.0;48.459896;-1.00835;2024-12-19 08:15:00
202400012393.0;1;35;35238;1;1;1.0;4.0;48.1079415;-1.71746011;2024-08-05 13:55:00
202400012394.0;3;95;95241;1;1;1.0;6.0;49.04756591;2.43582836;2024-02-03 02:30:00
202400012395.0;4;94;94069;1;1;1.0;3.0;48.81738599;2.43672252;2024-02-02 18:00:00
202400012396.0;3;24;24197;1;1;5.0;1.0;44.907221;0.448916;2024-12-30 07:24:00
202400012397.0;5;33;33063;2;1;1.0;2.0;44.86701;-0.56235;2024-08-05 23:20:00
202400012398.0;1;988;98818;2;1;8.0;6.0;-22.2665;166.4413;2024-02-02 10:45:00
202400012399.0;1;4;4209;2;1;1.0;7.0;44.201647;5.939521;2024-12-31 13:45:00
202400012400.0;1;33;33063;2;1;1.0;2.0;44.83183293;-0.5571565;2024-08-05 15:15:00
202400012401.0;1;974;97411;2;2;1.0;6.0;-20.89837;55.48586;2024-01-31 16:50:00
202400012402.0;3;72;72386;1;9;2.0;2.0;48.050876;0.30678;2024-12-30 17:45:00
202400012403.0;1;28;28220;2;1;1.0;3.0;48.4168408;1.4597942;2024-08-05 17:10:00
202400012404.0;5;80;80799;1;6;1.0;7.0;49.854711;2.519195;2024-12-31 01:30:00
202400012405.0;5;974;97409;2;2;1.0;1.0;-20.969;55.65554;2024-02-02 20:20:00
202400012406.0;1;974;97407;2;2;1.0;3.0;-20.93894;55.29225;2024-02-02 13:30:00
202400012407.0;1;988;98805;2;2;1.0;3.0;-22.193793;166.449711;2024-12-29 10:00:00
202400012408.0;1;973;97302;2;1;1.0;6.0;4.93522794;-52.32852727;2024-02-02 12:30:00
202400012409.0;1;25;25056;2;3;1.0;1.0;47.25169;5.99118;2024-08-05 10:30:00
202400012410.0;2;13;13051;2;2;1.0;3.0;43.592941;5.128046;2024-12-30 17:45:00
202400012411.0;1;973;97302;2;1;1.0;3.0;4.94437103;-52.3096472;2024-02-02 10:39:00
202400012412.0;1;14;14366;2;3;1.0;1.0;49.14366;0.24311;2024-08-05 17:58:00
202400012413.0;2;69;69388;2;2;1.0;6.0;45.73056;4.86447;2024-02-02 08:00:00
202400012414.0;1;14;14366;2;1;1.0;7.0;49.145656;0.269179;2024-08-02 15:40:00
202400012415.0;1;972;97209;2;1;1.0;2.0;14.61445;-61.04943;2024-02-02 08:37:00
202400012416.0;1;14;14487;1;1;1.0;6.0;49.173858;0.212454;2024-08-04 17:45:00
202400012417.0;1;33;33205;1;1;8.0;4.0;44.596992;-0.361615;2024-12-30 15:25:00
202400012418.0;1;69;69382;2;3;1.0;3.0;45.75881503;4.8309047;2024-02-02 14:15:00
202400012419.0;1;13;13117;2;1;1.0;1.0;43.42472036;5.27183135;2024-08-05 19:30:00
202400012420.0;1;11;11170;2;3;1.0;3.0;43.107888;3.094556;2024-12-28 15:00:00
202400012421.0;1;69;69385;2;1;1.0;6.0;45.75231;4.82219;2024-02-02 09:00:00
202400012422.0;1;988;98808;2;3;1.0;7.0;-21.300012;165.46338;2024-12-30 06:26:00
202400012423.0;5;13;13201;2;2;1.0;3.0;43.29433;5.37901;2024-08-05 22:25:00
202400012424.0;5;69;69381;2;3;1.0;3.0;45.76778;4.83788;2024-02-01 19:38:00
202400012425.0;3;986;98613;1;1;1.0;1.0;-13.327949;-176.191907;2024-04-27 20:30:00
202400012426.0;1;2B;2B120;1;1;1.0;5.0;42.64991;9.44063;2024-02-02 09:20:00
202400012427.0;5;13;13215;2;6;1.0;3.0;43.38065;5.36263;2024-08-05 04:30:00
202400012428.0;2;2B;2B033;2;1;7.0;6.0;42.704746;9.441647;2024-02-02 09:05:00
202400012429.0;1;13;13005;2;9;1.0;3.0;43.28851;5.54781;2024-08-05 19:18:00
202400012430.0;5;2A;2A004;2;1;1.0;6.0;41.92495;8.73825;2024-02-02 07:05:00
202400012431.0;1;29;29234;1;3;1.0;2.0;47.87925689;-3.4983566;2024-12-31 15:40:00
202400012432.0;5;95;95428;2;3;1.0;1.0;48.9884748;2.32777164;2024-01-30 20:05:00
202400012433.0;1;12;12146;1;1;1.0;1.0;44.32657;2.58371;2024-07-15 16:40:00
202400012434.0;3;2B;2B355;1;1;1.0;1.0;42.514701;9.393375;2024-12-30 19:56:00
202400012435.0;5;91;91161;2;3;8.0;6.0;48.710328;2.297611;2024-02-02 06:30:00
202400012436.0;2;10;10387;2;1;1.0;3.0;48.29169;4.09308;2024-08-05 21:10:00
202400012437.0;1;66;66037;2;2;1.0;3.0;42.688973;3.031862;2024-12-31 11:20:00
202400012438.0;1;11;11178;1;1;7.0;6.0;43.343376;1.861775;2024-12-29 15:05:00
202400012439.0;5;69;69204;2;1;5.0;1.0;45.679931;4.789293;2024-12-30 20:02:00
202400012440.0;1;91;91228;2;1;1.0;6.0;48.6306;2.43085;2024-02-02 15:42:00
202400012441.0;3;44;44052;1;1;1.0;3.0;47.343897;-2.097101;2024-12-30 17:54:00
202400012442.0;2;29;29042;2;6;1.0;7.0;48.24829018;-4.41871701;2024-12-29 17:35:00
202400012443.0;2;87;87085;2;3;1.0;3.0;45.84319349;1.21863842;2024-01-31 08:05:00
202400012444.0;1;6;6088;2;1;1.0;6.0;43.710335;7.270961;2024-08-05 07:45:00
202400012445.0;3;60;60222;1;2;5.0;3.0;49.468976;2.261961;2024-12-30 18:50:00
202400012446.0;1;30;30011;1;1;1.0;5.0;43.95413;4.75673;2024-02-02 12:45:00
202400012447.0;1;5;5023;2;3;1.0;3.0;44.90443093;6.62793428;2024-08-04 09:50:00
202400012448.0;3;57;57206;1;9;2.0;2.0;49.31035838;6.11302575;2024-12-30 19:50:00
202400012449.0;1;83;83137;2;1;1.0;6.0;43.1285282;5.9144606;2024-02-02 13:10:00
202400012450.0;1;75;75114;2;1;1.0;2.0;48.824004;2.307669;2024-08-04 19:25:00
202400012451.0;1;75;75120;2;1;1.0;2.0;48.867845;2.413241;2024-08-02 18:38:00
202400012452.0;5;83;83061;2;2;1.0;3.0;43.42765489;6.74572703;2024-02-02 20:40:00
202400012453.0;1;78;78350;2;1;1.0;1.0;48.876313;2.117144;2024-02-02 16:10:00
202400012454.0;1;75;75117;2;3;1.0;3.0;48.880618;2.281036;2024-08-05 10:55:00
202400012455.0;2;92;92025;1;1;1.0;4.0;48.93400494;2.25573622;2024-12-28 17:35:00
202400012456.0;5;78;78372;2;1;1.0;3.0;48.881089;2.097457;2024-02-01 18:25:00
202400012457.0;3;972;97213;1;1;1.0;3.0;14.6222;-61.006552;2024-07-13 21:55:00
202400012458.0;1;75;75116;2;5;1.0;6.0;48.867854;2.281071;2024-08-04 19:50:00
202400012459.0;2;77;77083;2;6;1.0;7.0;48.83785;2.58515;2024-02-01 17:50:00