Num_Acc;lum;departement;commune;agglomeration;intersection;meteo;type_collision;lat;long;date
202400012460.0;1;91;91174;2;3;2.0;3.0;48.58074;2.47636;2024-06-10 16:00:00
202400012461.0;1;75;75110;2;3;1.0;6.0;48.879264;2.366744;2024-08-05 16:20:00
202400012462.0;2;77;77373;1;1;1.0;2.0;48.790864;2.61848;2024-01-16 08:20:00
202400012463.0;1;3;3310;2;2;1.0;6.0;46.130559;3.433182;2024-07-01 10:35:00
202400012464.0;5;75;75108;2;3;1.0;2.0;48.868698;2.301741;2024-08-05 06:50:00
202400012465.0;4;76;76486;2;1;1.0;6.0;49.3023;0.99227;2024-02-02 20:00:00
202400012466.0;3;3;3001;2;1;5.0;3.0;46.10081;3.42894;2024-02-03 02:40:00
202400012467.0;1;75;75103;2;3;1.0;6.0;48.864977;2.358276;2024-08-05 09:10:00
202400012468.0;5;3;3310;2;1;1.0;6.0;46.120688;3.42651;2024-01-08 19:00:00
202400012469.0;2;76;76231;1;1;8.0;3.0;49.28776;0.97436;2024-02-02 08:00:00
202400012470.0;1;974;97411;2;1;1.0;6.0;-20.89564;55.49056;2024-12-28 17:30:00
202400012471.0;5;75;75101;2;3;1.0;2.0;48.862752;2.335272;2024-08-04 03:45:00
202400012472.0;5;76;76351;2;6;2.0;7.0;49.45842;0.18599;2024-02-01 19:30:00
202400012473.0;1;973;97302;2;1;2.0;6.0;4.93453;-52.3271;2024-12-29 10:50:00
202400012474.0;1;94;94073;1;9;1.0;6.0;48.754257;2.374202;2024-08-05 19:40:00
202400012475.0;2;76;76351;2;1;2.0;6.0;49.49001;0.12614;2024-02-01 08:15:00
202400012476.0;5;69;69387;2;1;5.0;2.0;45.75360659;4.83835893;2024-12-29 02:30:00
202400012477.0;1;94;94073;2;2;1.0;3.0;48.754295;2.375111;2024-08-05 15:25:00
202400012478.0;5;74;74012;2;3;1.0;1.0;46.18451;6.22874;2024-02-02 21:10:00
202400012479.0;1;972;97209;1;1;1.0;7.0;14.61594;-61.05729;2024-12-29 11:15:00
202400012480.0;1;94;94033;2;1;1.0;1.0;48.85244;2.44963;2024-08-05 08:35:00
202400012481.0;2;69;69149;2;3;5.0;3.0;45.71437;4.80969;2024-12-29 16:45:00
202400012482.0;1;73;73008;2;1;1.0;2.0;45.69078;5.91052;2024-01-25 11:05:00
202400012483.0;1;94;94017;2;3;1.0;3.0;48.81281;2.51404;2024-08-05 13:40:00
202400012484.0;1;72;72181;2;9;1.0;6.0;48.02012;0.2097;2024-02-02 10:26:00
202400012485.0;5;95;95252;2;2;1.0;2.0;48.98445;2.24067;2024-12-29 07:15:00
202400012486.0;4;95;95527;1;4;1.0;3.0;49.00800456;2.52519786;2024-08-05 01:40:00
202400012487.0;5;72;72181;2;6;1.0;2.0;48.01126;0.18929;2024-02-01 19:30:00
202400012488.0;5;91;91027;2;1;2.0;4.0;48.70943714;2.37144828;2024-12-29 17:30:00
202400012489.0;5;93;93055;2;2;1.0;6.0;48.89392502;2.40965152;2024-08-04 22:30:00
202400012490.0;1;72;72181;2;9;1.0;3.0;48.00111;0.18891;2024-02-01 13:55:00
202400012491.0;1;83;83062;2;1;1.0;6.0;43.11340163;5.99004579;2024-12-29 10:15:00
202400012492.0;1;93;93050;2;1;1.0;6.0;48.855046;2.524506;2024-08-05 11:40:00
202400012493.0;1;78;78586;2;1;1.0;6.0;48.9384;2.15096;2024-12-29 09:15:00
202400012494.0;1;93;93046;2;1;1.0;6.0;48.90818;2.532755;2024-08-05 20:30:00
202400012495.0;5;76;76108;2;1;2.0;6.0;49.47224;1.12244;2024-12-29 05:15:00
202400012496.0;2;72;72181;2;3;1.0;2.0;47.96036;0.20813;2024-01-31 17:45:00
202400012497.0;1;93;93014;2;1;2.0;6.0;48.91481;2.54883;2024-08-03 21:25:00
202400012498.0;5;76;76217;2;1;1.0;2.0;49.91017;1.06672;2024-12-29 18:00:00
202400012499.0;1;71;71445;1;1;1.0;2.0;46.78219;4.88608;2024-02-02 15:10:00
202400012500.0;1;93;93057;2;2;1.0;3.0;48.90281;2.50844;2024-08-05 09:30:00
202400012501.0;5;69;69259;2;1;1.0;7.0;45.71706;4.85774;2024-12-29 23:50:00
202400012502.0;1;70;70550;2;2;7.0;6.0;47.615822;6.153006;2024-01-29 13:45:00
202400012503.0;5;69;69029;2;9;1.0;3.0;45.73269179;4.90158753;2024-12-29 19:50:00
202400012504.0;5;93;93005;2;1;1.0;3.0;48.92516052;2.49069431;2024-08-05 22:20:00
202400012505.0;5;66;66136;2;1;1.0;6.0;42.72137;2.87722;2024-12-29 21:30:00
202400012506.0;1;93;93001;2;1;1.0;6.0;48.91087261;2.38499737;2024-08-05 17:40:00
202400012507.0;5;69;69256;2;2;1.0;1.0;45.77404;4.92103;2024-02-02 22:48:00
202400012508.0;2;64;64483;2;1;1.0;3.0;43.40201;-1.62728;2024-12-28 17:58:00
202400012509.0;2;92;92035;2;2;2.0;3.0;48.90672261;2.23879266;2024-08-03 21:15:00
202400012510.0;1;62;62427;2;1;1.0;3.0;50.40145241;2.97701669;2024-12-23 14:15:00
202400012511.0;1;69;69199;2;3;1.0;3.0;45.71227;4.86251;2024-02-02 16:20:00
202400012512.0;1;56;56260;2;3;1.0;2.0;47.65507;-2.77496;2024-12-29 15:50:00
202400012513.0;1;92;92024;2;2;1.0;3.0;48.90003;2.30622;2024-08-05 09:51:00
202400012514.0;5;64;64122;2;6;1.0;2.0;43.45835;-1.54749;2024-02-02 21:20:00
202400012515.0;4;64;64024;2;1;2.0;2.0;43.48044;-1.52768;2024-02-03 02:20:00
202400012516.0;1;35;35151;1;4;1.0;6.0;47.844631;-1.954365;2024-08-04 18:15:00
202400012517.0;1;56;56260;2;1;1.0;3.0;47.65342;-2.75767;2024-12-28 17:00:00
202400012518.0;1;54;54323;2;3;1.0;6.0;49.51615;5.77763;2024-12-29 10:00:00
202400012519.0;1;64;64024;2;3;8.0;2.0;43.49875;-1.50695;2024-02-01 17:22:00
202400012520.0;1;39;39300;2;1;7.0;6.0;46.686178;5.562276;2024-12-28 15:25:00
202400012521.0;1;37;37082;1;2;1.0;3.0;47.356251;0.273805;2024-07-18 08:40:00
202400012522.0;5;62;62563;2;6;1.0;6.0;50.47018348;2.75176596;2024-02-02 02:30:00
202400012523.0;3;29;29232;1;1;1.0;6.0;48.03918399;-4.07541312;2024-12-29 05:00:00
202400012524.0;1;86;86128;2;2;1.0;3.0;46.810543;0.320353;2024-08-05 09:35:00
202400012525.0;1;19;19031;2;1;1.0;1.0;45.15862167;1.53600001;2024-12-28 17:17:00
202400012526.0;1;59;59560;2;1;1.0;6.0;50.553078;3.031806;2024-02-02 08:10:00
202400012527.0;3;22;22368;2;1;1.0;6.0;48.558086;-2.06257;2024-08-06 02:45:00
202400012528.0;1;13;13056;2;2;1.0;3.0;43.42887;5.039;2024-12-28 11:45:00
202400012529.0;1;68;68112;2;2;1.0;6.0;47.908885;7.211087;2024-08-05 15:10:00
202400012530.0;5;59;59350;2;2;1.0;3.0;50.62913;3.07547;2024-02-02 07:25:00
202400012531.0;5;8;8409;2;3;2.0;5.0;49.69737;4.93144;2024-12-28 19:00:00
202400012532.0;5;4;4070;2;1;1.0;6.0;44.08638;6.2308;2024-12-30 00:45:00
202400012533.0;5;59;59350;2;2;1.0;3.0;50.61792662;3.02988614;2024-02-02 00:30:00
202400012534.0;1;13;13078;1;3;1.0;3.0;43.430702;4.760503;2024-08-03 13:50:00
202400012535.0;5;4;4070;2;7;1.0;6.0;44.08574;6.21796;2024-11-13 06:30:00
202400012536.0;1;57;57751;2;1;1.0;6.0;49.1489136;6.17156982;2024-02-02 15:20:00
202400012537.0;1;83;83054;1;1;7.0;2.0;43.154354;6.041021;2024-07-25 17:30:00
202400012538.0;2;56;56083;2;1;2.0;6.0;47.81348;-3.2477;2024-02-02 08:00:00
202400012539.0;5;75;75119;2;2;1.0;3.0;48.882377;2.370433;2024-12-29 20:00:00
202400012540.0;3;972;97203;1;1;1.0;1.0;14.833094;-61.101151;2024-08-05 19:20:00
202400012541.0;1;56;56121;2;1;1.0;6.0;47.74998;-3.3634;2024-02-01 18:00:00
202400012542.0;1;75;75115;2;2;1.0;6.0;48.840475;2.295722;2024-12-29 10:50:00
202400012543.0;1;35;35172;1;5;1.0;1.0;48.415014;-1.839094;2024-08-05 16:00:00
202400012544.0;2;56;56083;1;1;2.0;2.0;47.78886;-3.28816;2024-02-02 08:10:00
202400012545.0;5;75;75109;2;2;1.0;3.0;48.875855;2.340359;2024-12-28 18:15:00
202400012546.0;1;54;54528;2;1;7.0;1.0;48.679499;5.888414;2024-01-29 17:11:00
202400012547.0;5;75;75117;2;3;1.0;6.0;48.884861;2.29791;2024-12-29 06:50:00
202400012548.0;3;35;35235;1;4;1.0;6.0;47.905515;-1.188178;2024-08-04 04:10:00
202400012549.0;1;67;67391;1;1;1.0;7.0;48.672649;7.31153;2024-08-04 16:10:00
202400012550.0;1;75;75104;2;2;1.0;6.0;48.858037;2.349778;2024-12-29 11:40:00
202400012551.0;1;54;54395;2;2;1.0;3.0;48.6795766;6.18975788;2024-02-02 09:20:00
202400012552.0;1;22;22018;2;2;1.0;1.0;48.66011;-3.221101;2024-08-06 16:50:00
202400012553.0;1;52;52121;2;1;1.0;2.0;48.09344;5.13577;2024-01-30 13:10:00
202400012554.0;3;94;94060;2;3;8.0;3.0;48.78088;2.57346;2024-12-29 06:00:00
202400012555.0;1;79;79307;2;1;1.0;1.0;46.133978;0.115093;2024-08-04 16:55:00
202400012556.0;5;93;93050;2;1;1.0;2.0;48.85445;2.53224;2024-12-29 17:45:00
202400012557.0;2;51;51454;2;1;1.0;2.0;49.2738;4.0584;2024-02-02 17:00:00
202400012558.0;1;44;44195;1;1;1.0;6.0;47.37659;-1.945058;2024-08-05 14:15:00
202400012559.0;5;93;93047;2;2;2.0;3.0;48.8902;2.55205;2024-12-29 19:10:00
202400012560.0;1;51;51454;2;1;2.0;2.0;49.25101;4.05055;2024-02-01 12:20:00
202400012561.0;3;87;87143;1;1;1.0;6.0;45.916499;1.121765;2024-08-04 04:40:00
202400012562.0;1;51;51212;1;1;1.0;7.0;48.75940403;4.28194486;2024-08-06 10:50:00
202400012563.0;2;92;92064;2;1;2.0;4.0;48.84030961;2.22120032;2024-12-29 18:20:00
202400012564.0;1;51;51454;2;2;1.0;3.0;49.25861;4.01848;2024-02-01 12:20:00
202400012565.0;1;59;59663;1;1;1.0;3.0;50.87123001;2.47012552;2024-08-05 12:40:00
202400012566.0;5;92;92044;2;1;2.0;7.0;48.88754919;2.28249852;2024-12-29 18:55:00
202400012567.0;3;38;38563;1;1;1.0;1.0;45.38952;5.57309;2024-02-02 20:50:00
202400012568.0;1;67;67199;1;1;1.0;3.0;48.957767;6.994895;2024-08-04 11:30:00
202400012569.0;1;38;38185;2;1;1.0;1.0;45.1887;5.74458;2024-02-02 08:30:00
202400012570.0;1;76;76336;1;4;1.0;7.0;49.82727;0.764902;2024-08-05 19:15:00
202400012571.0;5;92;92024;2;1;2.0;2.0;48.91064;2.30548;2024-12-29 01:35:00
202400012572.0;3;38;38053;1;6;1.0;1.0;45.60721;5.25272;2024-02-02 05:45:00
202400012573.0;1;76;76655;2;2;1.0;6.0;49.862838;0.713489;2024-08-06 10:55:00
202400012574.0;5;92;92007;2;1;2.0;3.0;48.80202095;2.3182252;2024-12-29 17:08:00
202400012575.0;3;1;1290;1;1;5.0;6.0;45.907928;5.159706;2024-12-29 22:30:00
202400012576.0;3;79;79351;2;5;1.0;6.0;46.410752;-0.538609;2024-08-04 22:00:00
202400012577.0;2;37;37233;2;6;1.0;3.0;47.38985;0.72443;2024-02-02 18:30:00
202400012578.0;5;80;80228;2;1;1.0;7.0;50.24447878;1.6189009;2024-08-04 22:50:00
202400012579.0;1;76;76652;1;1;1.0;1.0;49.811833;1.258707;2024-12-29 16:50:00
202400012580.0;3;35;35278;1;1;1.0;6.0;48.15458;-1.702;2024-02-02 01:45:00
202400012581.0;4;1;1033;1;1;2.0;6.0;46.110651;5.805041;2024-12-19 21:00:00
202400012582.0;5;35;35238;2;1;1.0;6.0;48.11925;-1.7075;2024-02-01 22:30:00
202400012583.0;1;82;82093;2;3;1.0;1.0;43.929708;1.08299;2024-08-04 07:30:00
202400012584.0;5;56;56053;2;2;1.0;3.0;47.7328604;-2.58919045;2024-12-29 20:35:00
202400012585.0;1;35;35115;2;1;5.0;6.0;48.35977404;-1.18982188;2024-02-02 11:00:00
202400012586.0;5;80;80533;2;1;2.0;6.0;50.067302;1.386729;2024-12-07 19:30:00
202400012587.0;1;63;63276;1;1;7.0;3.0;45.85929966;3.47635606;2024-08-06 10:29:00
202400012588.0;1;71;71157;1;1;1.0;7.0;46.504596;5.333776;2024-12-28 10:45:00
202400012589.0;5;34;34129;2;2;1.0;3.0;43.58285;3.92536;2024-02-02 20:15:00
202400012590.0;1;89;89485;1;1;1.0;6.0;47.5648;3.7806;2024-12-30 15:15:00
202400012591.0;1;63;63022;1;1;1.0;2.0;45.43462286;3.30247417;2024-08-05 19:00:00
202400012592.0;3;33;33281;2;1;1.0;3.0;44.82779;-0.6746;2024-02-03 00:11:00
202400012593.0;1;63;63267;1;1;1.0;6.0;45.900118;3.631282;2024-12-30 15:10:00
202400012594.0;1;12;12258;1;1;1.0;6.0;44.2285257;2.19692409;2024-08-06 11:15:00
202400012595.0;3;47;47019;1;1;5.0;6.0;44.268499;0.723893;2024-12-29 00:35:00
202400012596.0;5;33;33063;2;2;1.0;3.0;44.836216;-0.5808431;2024-02-02 22:22:00
202400012597.0;1;12;12088;1;3;1.0;6.0;44.647615;2.850241;2024-08-04 19:10:00
202400012598.0;5;29;29232;2;1;2.0;6.0;47.997081;-4.100565;2024-02-02 21:00:00
202400012599.0;1;68;68273;1;1;1.0;6.0;47.529648;7.288431;2024-08-05 18:00:00
202400012600.0;1;29;29232;2;1;1.0;5.0;47.99498;-4.07919;2024-02-02 15:30:00
202400012601.0;1;1;1304;2;1;7.0;4.0;46.041753;5.336722;2024-12-27 11:20:00
202400012602.0;1;25;25357;1;1;1.0;7.0;46.958384;6.406199;2024-08-05 16:00:00
202400012603.0;4;26;26042;2;4;1.0;6.0;44.853975;4.90797;2024-12-29 23:00:00
202400012604.0;2;29;29220;1;1;1.0;6.0;47.88804805;-4.20969292;2024-08-03 06:35:00
202400012605.0;5;29;29019;2;2;2.0;3.0;48.413064;-4.48669;2024-02-02 02:10:00
202400012606.0;3;2;2141;1;1;1.0;3.0;49.96063378;3.9119258;2024-08-05 23:45:00
202400012607.0;1;40;40046;1;1;5.0;1.0;44.41885425;-1.07374191;2024-12-30 09:45:00
202400012608.0;1;29;29019;2;3;1.0;3.0;48.415314;-4.486747;2024-02-01 13:15:00
202400012609.0;2;84;84030;1;1;1.0;6.0;44.082807;5.109715;2024-08-06 05:00:00
202400012610.0;3;24;24211;1;1;1.0;1.0;45.017729;0.421364;2024-12-29 17:45:00
202400012611.0;2;29;29019;2;2;2.0;3.0;48.396604;-4.529505;2024-02-01 08:35:00
202400012612.0;1;3;3018;1;1;1.0;1.0;46.256752;3.287884;2024-08-06 15:30:00
202400012613.0;1;6;6030;1;1;1.0;2.0;43.570241;6.974387;2024-12-29 17:00:00
202400012614.0;1;28;28085;2;1;8.0;7.0;48.44;1.475;2024-01-30 12:40:00
202400012615.0;3;91;91017;1;1;1.0;6.0;48.592839;2.044133;2024-12-29 19:55:00
202400012616.0;3;1;1124;1;1;1.0;1.0;46.418452;5.237442;2024-08-05 21:30:00
202400012617.0;5;28;28085;2;1;5.0;6.0;48.44221;1.49353;2024-02-02 01:30:00
202400012618.0;5;978;97801;2;1;2.0;1.0;18.070493;-63.082155;2024-12-29 22:15:00
202400012619.0;1;70;70398;1;1;7.0;1.0;47.803773;6.316805;2024-08-06 09:30:00
202400012620.0;1;27;27229;2;1;2.0;2.0;49.01955;1.18307;2024-02-01 08:21:00
202400012621.0;1;73;73176;1;1;1.0;3.0;45.621121;6.858323;2024-12-29 15:00:00
202400012622.0;1;58;58083;2;1;1.0;6.0;47.254772;3.680291;2024-08-06 09:35:00
202400012623.0;5;26;26362;2;1;1.0;3.0;44.935023;4.8973918;2024-02-02 18:50:00
202400012624.0;3;73;73054;1;1;1.0;1.0;45.603627;6.772782;2024-12-29 18:30:00
202400012625.0;1;26;26252;2;1;1.0;6.0;44.86306822;4.90387201;2024-02-02 10:15:00
202400012626.0;5;1;1043;2;1;1.0;7.0;45.826646;4.998887;2024-12-28 18:30:00
202400012627.0;1;66;66063;1;1;1.0;3.0;42.48682513;2.8372407;2024-08-06 10:45:00
202400012628.0;2;19;19031;2;2;1.0;3.0;45.16479;1.51526;2024-02-01 18:00:00
202400012629.0;1;72;72165;2;9;1.0;1.0;48.082623;0.41666;2024-08-05 17:20:00
202400012630.0;1;17;17219;1;1;8.0;4.0;45.825233;-1.090398;2024-12-30 16:40:00
202400012631.0;3;17;17274;1;1;1.0;7.0;46.15763;-1.07504;2024-02-02 03:20:00
202400012632.0;1;56;56146;1;1;8.0;7.0;48.143078;-3.005163;2024-12-29 14:50:00
202400012633.0;1;14;14078;1;2;1.0;3.0;49.277309;-0.849279;2024-08-04 17:00:00
202400012634.0;1;13;13203;1;1;1.0;3.0;43.317;5.364;2024-12-29 14:30:00
202400012635.0;1;5;5142;1;1;1.0;6.0;44.777235;6.010498;2024-08-05 12:30:00
202400012636.0;1;16;16015;2;1;1.0;3.0;45.651028;0.1428008;2024-02-02 15:20:00
202400012637.0;1;13;13015;1;1;1.0;2.0;43.4283;5.39939;2024-12-27 13:35:00
202400012638.0;3;14;14059;1;1;1.0;7.0;49.33162;0.05184;2024-02-01 22:15:00
202400012639.0;1;45;45272;1;1;1.0;2.0;47.799783;1.931291;2024-08-05 19:30:00
202400012640.0;1;14;14366;2;1;1.0;7.0;49.14335;0.22906;2024-02-01 16:10:00
202400012641.0;3;69;69276;1;1;5.0;1.0;45.67701;4.84794;2024-12-29 05:25:00
202400012642.0;1;64;64326;1;1;1.0;2.0;43.293794;-0.727801;2024-08-05 10:00:00
202400012643.0;2;13;13075;2;1;1.0;3.0;43.33836709;5.45330282;2024-02-02 18:40:00
202400012644.0;1;43;43152;1;3;1.0;3.0;45.08382809;3.85720618;2024-08-06 14:40:00
202400012645.0;1;33;33366;1;1;1.0;4.0;45.008868;-0.428398;2024-12-28 16:11:00
202400012646.0;5;13;13208;2;1;1.0;3.0;43.28146482;5.38184881;2024-02-02 20:05:00
202400012647.0;1;36;36007;1;2;1.0;3.0;46.94510703;1.44047313;2024-08-06 09:30:00
202400012648.0;1;91;91687;1;1;1.0;2.0;48.662092;2.36889;2024-12-29 14:40:00
202400012649.0;1;7;7041;1;1;1.0;7.0;45.26288;4.686014;2024-08-05 10:25:00
202400012650.0;5;13;13211;2;1;1.0;3.0;43.29253;5.45975;2024-02-02 18:15:00
202400012651.0;5;94;94043;1;1;1.0;6.0;48.81594025;2.35678126;2024-12-29 07:37:00
202400012652.0;1;24;24388;1;1;1.0;7.0;44.85667354;0.91483507;2024-08-05 14:00:00
202400012653.0;1;13;13213;1;6;1.0;2.0;43.32985;5.42946;2024-02-02 14:30:00
202400012654.0;2;93;93048;1;1;1.0;4.0;48.8708613;2.43145626;2024-12-29 15:45:00
202400012655.0;1;24;24082;1;1;1.0;1.0;44.86589198;1.26778364;2024-08-04 19:45:00
202400012656.0;1;24;24479;1;1;7.0;7.0;45.50730934;0.79238892;2024-07-31 15:00:00
202400012657.0;5;13;13005;2;1;1.0;2.0;43.29865;5.56913;2024-02-01 23:10:00
202400012658.0;3;77;77294;1;1;1.0;2.0;48.96164633;2.61726537;2024-12-29 18:30:00
202400012659.0;1;37;37098;1;1;1.0;6.0;47.057248;0.627626;2024-08-06 07:25:00
202400012660.0;3;13;13001;2;1;1.0;6.0;43.56319;5.40747;2024-02-03 01:00:00
202400012661.0;1;48;48104;1;1;1.0;7.0;44.653452;3.075914;2024-08-06 08:30:00
202400012662.0;1;28;28027;1;1;2.0;1.0;48.146933;0.963235;2024-09-25 07:40:00
202400012663.0;1;13;13001;2;1;1.0;3.0;43.5320325;5.44493038;2024-02-02 08:30:00
202400012664.0;2;28;28309;1;1;1.0;7.0;48.37347;1.59615;2024-09-18 19:20:00
202400012665.0;1;8;8070;2;2;1.0;1.0;49.486695;4.173694;2024-08-06 10:30:00
202400012666.0;1;13;13001;2;2;1.0;3.0;43.52900183;5.43939629;2024-02-02 07:40:00
202400012667.0;3;28;28191;2;1;1.0;6.0;48.602053;1.650195;2024-09-13 19:50:00
202400012668.0;1;6;6152;2;1;1.0;2.0;43.642588;7.010247;2024-08-06 08:53:00
202400012669.0;1;12;12202;2;2;1.0;3.0;44.35408;2.56387;2024-01-26 15:35:00
202400012670.0;1;13;13001;1;1;1.0;1.0;43.517918;5.430036;2024-08-06 16:50:00
202400012671.0;5;74;74012;2;3;1.0;1.0;46.18539047;6.22581005;2024-10-25 22:55:00
202400012672.0;5;74;74081;2;6;1.0;6.0;46.061008;6.580125;2024-10-20 22:45:00
202400012673.0;4;12;12202;2;2;9.0;3.0;44.34825;2.57283;2024-01-21 03:15:00
202400012674.0;1;12;12202;2;1;1.0;6.0;44.35328;2.57683;2024-01-17 13:00:00
202400012675.0;3;74;74010;1;1;2.0;7.0;45.854977;6.093577;2024-10-17 22:10:00
202400012676.0;3;13;13032;1;1;1.0;2.0;43.53585657;5.35589912;2024-08-04 05:00:00
202400012677.0;1;11;11069;1;1;1.0;4.0;43.2187;2.38147;2024-02-02 17:11:00
202400012678.0;5;74;74010;2;1;1.0;6.0;45.889195;6.079776;2024-10-04 22:15:00
202400012679.0;1;74;74185;1;1;1.0;6.0;46.149142;6.218959;2024-08-28 12:15:00
202400012680.0;1;971;97118;1;1;1.0;1.0;16.20361;-61.645076;2024-07-31 17:50:00
202400012681.0;2;11;11069;2;9;1.0;3.0;43.21034;2.34971;2024-02-01 17:26:00
202400012682.0;3;28;28317;1;2;1.0;7.0;48.431411;1.744058;2024-08-05 21:40:00
202400012683.0;3;33;33029;1;1;1.0;2.0;44.682843;-0.786746;2024-09-30 07:00:00
202400012684.0;5;10;10362;2;3;1.0;1.0;48.2951;4.0444;2024-01-24 20:59:00
202400012685.0;1;13;13208;2;1;1.0;3.0;43.26778715;5.39155298;2024-07-02 09:50:00
202400012686.0;1;77;77031;2;1;1.0;1.0;48.683502;2.950054;2024-08-06 13:05:00
202400012687.0;5;10;10265;2;1;1.0;6.0;48.2996;4.0491;2024-02-01 18:35:00
202400012688.0;1;84;84031;2;1;1.0;3.0;44.06024;5.04876;2024-08-17 09:50:00
202400012689.0;1;10;10060;1;1;1.0;3.0;48.2609;4.093;2024-02-01 12:14:00
202400012690.0;1;34;34022;2;3;1.0;6.0;43.659509;4.017783;2024-08-05 18:20:00
202400012691.0;1;84;84031;1;1;1.0;2.0;44.04632;5.02397;2024-08-15 09:47:00
202400012692.0;1;7;7070;1;1;1.0;5.0;44.97802;4.85108;2024-02-02 08:20:00
202400012693.0;1;5;5136;1;1;1.0;3.0;44.69217028;6.61212902;2024-08-06 16:50:00
202400012694.0;1;84;84031;2;1;1.0;3.0;44.05453;5.04506;2024-08-11 20:45:00
202400012695.0;1;7;7316;2;1;1.0;1.0;44.89281;4.85059;2024-02-02 10:40:00
202400012696.0;1;4;4019;2;2;1.0;3.0;44.387627;6.639857;2024-08-06 09:50:00
202400012697.0;1;84;84080;2;1;7.0;3.0;44.03035;4.96907;2024-08-19 07:49:00
202400012698.0;2;13;13059;1;6;1.0;3.0;43.647605;5.491437;2024-08-05 07:50:00
202400012699.0;1;6;6088;2;1;1.0;2.0;43.67869;7.22965;2024-02-02 15:40:00
202400012700.0;1;84;84031;1;6;1.0;7.0;44.06083;5.03913;2024-08-03 16:40:00
202400012701.0;3;84;84031;2;1;2.0;6.0;44.07368;5.08738;2024-08-02 21:40:00
202400012702.0;2;67;67519;1;1;1.0;7.0;48.668998;7.827407;2024-08-05 05:20:00
202400012703.0;1;6;6069;2;9;1.0;3.0;43.65053;6.92212;2024-02-02 13:50:00
202400012704.0;1;84;84080;2;1;1.0;6.0;44.03354;4.99792;2024-08-01 10:24:00
202400012705.0;1;69;69255;2;4;7.0;6.0;45.731981;4.658394;2024-08-04 09:35:00
202400012706.0;3;84;84031;1;6;1.0;7.0;44.073524;5.058488;2024-07-23 04:40:00
202400012707.0;1;6;6069;2;1;1.0;2.0;43.65763;6.92206;2024-02-02 10:45:00
202400012708.0;1;9;9157;1;1;1.0;1.0;42.964104;1.873692;2024-08-05 15:10:00
202400012709.0;1;84;84089;2;6;1.0;3.0;43.681894;5.500755;2024-07-20 15:51:00
202400012710.0;5;6;6029;2;1;1.0;6.0;43.55776;7.01712;2024-02-02 02:50:00
202400012711.0;1;84;84056;1;1;1.0;6.0;44.136453;4.937448;2024-03-13 15:03:00
202400012712.0;2;6;6004;2;3;1.0;6.0;43.5949074;7.1071558;2024-02-02 07:05:00
202400012713.0;3;19;19151;1;1;2.0;7.0;45.08336845;1.51425862;2024-10-26 20:55:00
202400012714.0;1;72;72244;1;3;7.0;3.0;47.777708;-0.319537;2024-08-05 21:10:00
202400012715.0;5;974;97407;2;6;1.0;3.0;-20.9397;55.30329;2024-12-28 23:20:00
202400012716.0;1;2B;2B037;2;6;1.0;3.0;42.3742;9.2614;2024-12-28 15:50:00
202400012717.0;1;50;50616;1;3;8.0;3.0;48.671679;-1.369922;2024-08-06 14:00:00
202400012718.0;1;2A;2A004;2;9;1.0;3.0;41.93761;8.75097;2024-12-28 14:20:00
202400012719.0;1;29;29046;2;3;1.0;7.0;48.0789582;-4.32238353;2024-07-31 11:00:00
202400012720.0;1;2A;2A004;2;3;1.0;3.0;41.93768;8.74238;2024-12-28 11:06:00
202400012721.0;3;22;22168;2;2;1.0;3.0;48.801016;-3.473375;2024-08-04 22:45:00
202400012722.0;4;22;22162;2;3;1.0;6.0;48.782542;-3.038476;2024-08-05 23:40:00
202400012723.0;1;91;91286;2;6;8.0;6.0;48.66927;2.39354;2024-12-28 14:22:00
202400012724.0;3;27;27114;2;1;1.0;6.0;48.962751;1.430948;2024-08-06 00:30:00
202400012725.0;5;91;91228;2;9;1.0;3.0;48.63084;2.43412;2024-12-28 19:02:00
202400012726.0;1;59;59659;2;1;1.0;6.0;50.016302;4.009504;2024-08-06 17:05:00
202400012727.0;1;91;91692;1;1;1.0;6.0;48.6729;2.1972;2024-08-05 18:40:00
202400012728.0;3;77;77459;1;1;5.0;1.0;48.54223486;3.34411431;2024-12-27 19:45:00
202400012729.0;1;92;92050;1;1;1.0;7.0;48.89224922;2.18406703;2024-08-04 20:45:00
202400012730.0;5;68;68066;2;6;5.0;7.0;48.09542;7.375;2024-12-28 06:00:00
202400012731.0;2;95;95277;1;1;1.0;2.0;48.97316958;2.48646812;2024-08-04 20:40:00
202400012732.0;4;66;66136;2;2;1.0;3.0;42.70149274;2.89408743;2024-12-28 19:30:00
202400012733.0;1;64;64024;2;9;1.0;3.0;43.5018;-1.5205;2024-12-28 13:24:00
202400012734.0;3;77;77495;1;1;1.0;2.0;48.57525736;2.63912291;2024-08-03 02:53:00
202400012735.0;2;64;64102;2;1;1.0;6.0;43.49069;-1.46252;2024-12-28 09:30:00
202400012736.0;1;63;63113;2;1;1.0;6.0;45.78635476;3.08466911;2024-12-28 12:15:00
202400012737.0;1;14;14475;1;1;1.0;2.0;49.115414;-0.578113;2024-02-28 13:15:00
202400012738.0;3;54;54149;1;1;9.0;6.0;49.43543604;5.90932488;2024-12-28 05:40:00
202400012739.0;5;34;34301;2;9;1.0;6.0;43.406;3.684;2024-08-03 00:50:00
202400012740.0;5;51;51454;2;3;1.0;6.0;49.24726;4.04498;2024-12-27 17:35:00
202400012741.0;5;95;95323;2;1;1.0;6.0;49.01317;2.03225;2024-04-29 03:50:00
202400012742.0;1;46;46042;2;1;1.0;6.0;44.44252;1.44166;2024-12-28 16:20:00
202400012743.0;3;988;98818;2;1;1.0;6.0;-22.22845;166.44446;2024-08-04 20:00:00