Num_Acc;lum;departement;commune;agglomeration;intersection;meteo;type_collision;lat;long;date
202400012744.0;5;35;35115;2;6;1.0;3.0;48.3533;-1.198678;2024-12-28 07:50:00
202400012745.0;1;974;97411;2;1;1.0;6.0;-20.89134;55.45499;2024-08-04 11:50:00
202400012746.0;1;33;33529;2;1;1.0;7.0;44.641303;-1.134789;2024-12-28 16:10:00
202400012747.0;5;2A;2A004;1;6;1.0;7.0;41.92706;8.77917;2024-08-04 00:01:00
202400012748.0;5;29;29039;2;6;1.0;3.0;47.89436187;-3.91378747;2024-12-28 18:00:00
202400012749.0;1;95;95277;1;1;1.0;4.0;48.97762705;2.46379338;2024-08-04 15:50:00
202400012750.0;3;26;26252;1;9;5.0;7.0;44.87073;4.86289;2024-12-28 03:30:00
202400012751.0;1;91;91552;2;1;1.0;6.0;48.5955;2.26764;2024-08-04 17:28:00
202400012752.0;1;90;90010;2;1;1.0;6.0;47.63736;6.83837;2024-08-04 13:45:00
202400012753.0;3;14;14271;1;1;1.0;4.0;49.1368;-0.37125;2024-12-27 17:25:00
202400012754.0;1;83;83090;2;1;1.0;2.0;43.13084601;5.84424931;2024-08-04 20:10:00
202400012755.0;5;13;13103;2;1;1.0;6.0;43.63895321;5.09533962;2024-12-28 19:00:00
202400012756.0;1;83;83126;2;3;1.0;1.0;43.08879075;5.89894177;2024-08-03 19:55:00
202400012757.0;5;13;13203;2;2;1.0;3.0;43.31271;5.36975;2024-12-28 18:08:00
202400012758.0;3;13;13213;2;1;1.0;1.0;43.4926;5.37348;2024-12-28 07:45:00
202400012759.0;1;82;82121;2;6;1.0;6.0;44.02386672;1.3419275;2024-08-04 16:10:00
202400012760.0;3;13;13001;2;6;1.0;7.0;43.48788;5.3523;2024-12-28 18:45:00
202400012761.0;3;82;82121;1;1;1.0;1.0;44.0117767;1.38623833;2024-08-04 04:15:00
202400012762.0;5;7;7102;2;6;1.0;6.0;44.93821;4.86883;2024-12-28 19:40:00
202400012763.0;5;75;75119;2;1;1.0;6.0;48.898578;2.385088;2024-12-27 17:55:00
202400012764.0;1;75;75111;2;2;1.0;6.0;48.866687;2.373595;2024-12-28 14:20:00
202400012765.0;1;94;94069;1;1;2.0;2.0;48.81725883;2.42989898;2024-06-01 14:10:00
202400012766.0;2;77;77373;1;1;2.0;7.0;48.80238;2.62687;2024-05-31 06:45:00
202400012767.0;1;987;98735;2;9;1.0;3.0;-17.54042919;-149.56982714;2024-05-31 13:42:00
202400012768.0;1;976;97611;2;1;1.0;6.0;-12.8144;45.20091;2024-05-31 12:35:00
202400012769.0;1;974;97416;2;3;1.0;3.0;-21.32606;55.47458;2024-05-31 08:00:00
202400012770.0;1;974;97407;2;1;1.0;3.0;-20.94571;55.29749;2024-05-31 14:20:00
202400012771.0;1;973;97302;2;1;1.0;2.0;4.92319952;-52.30385399;2024-05-31 13:00:00
202400012772.0;1;973;97302;2;1;1.0;3.0;4.93761;-52.32471;2024-05-31 11:30:00
202400012773.0;1;973;97302;2;3;1.0;3.0;4.92978;-52.29038;2024-05-30 07:47:00
202400012774.0;1;973;97302;2;3;1.0;1.0;4.91065253;-52.32147771;2024-05-29 12:35:00
202400012775.0;2;69;69387;2;2;1.0;3.0;45.75199;4.83688;2024-05-31 20:55:00
202400012776.0;5;972;97213;1;1;1.0;2.0;14.59611;-60.98865;2024-04-30 21:25:00
202400012777.0;1;972;97209;2;9;1.0;3.0;14.60456;-61.06538;2024-05-31 10:25:00
202400012778.0;1;2B;2B033;2;1;1.0;7.0;42.69322;9.45018;2024-05-31 18:40:00
202400012779.0;1;91;91692;2;1;2.0;6.0;48.6827;2.16638;2024-05-31 13:40:00
202400012780.0;2;91;91687;2;3;2.0;3.0;48.6824;2.3776;2024-05-31 05:15:00
202400012781.0;1;91;91433;2;1;3.0;3.0;48.45;2.2;2024-05-31 16:00:00
202400012782.0;5;87;87085;2;3;1.0;3.0;45.81742;1.25276;2024-05-31 05:11:00
202400012783.0;3;85;85194;1;1;1.0;7.0;46.51405949;-1.73504055;2024-05-31 23:10:00
202400012784.0;1;30;30011;2;1;1.0;3.0;43.96126;4.74891;2024-05-30 20:00:00
202400012785.0;1;83;83144;1;6;1.0;3.0;43.13815;6.01757;2024-05-29 16:35:00
202400012786.0;1;83;83126;2;2;1.0;3.0;43.10761;5.87704;2024-05-29 17:15:00
202400012787.0;1;83;83061;1;1;1.0;6.0;43.50163079;6.79395747;2024-05-31 14:47:00
202400012788.0;1;81;81163;2;6;1.0;3.0;43.4991669;2.38647723;2024-05-29 18:20:00
202400012789.0;1;80;80001;2;3;2.0;2.0;50.118166;1.819112;2024-05-31 16:00:00
202400012790.0;1;78;78311;2;1;2.0;6.0;48.926893;2.189615;2024-05-31 20:00:00
202400012791.0;1;77;77468;2;1;2.0;6.0;48.85934;2.65019;2024-05-22 13:10:00
202400012792.0;1;77;77014;2;2;8.0;6.0;48.41548;2.72035;2024-05-31 12:20:00
202400012793.0;1;69;69029;2;3;2.0;3.0;45.72569;4.911;2024-05-30 20:45:00
202400012794.0;1;69;69259;1;1;1.0;2.0;45.71821988;4.87158256;2024-05-30 08:50:00
202400012795.0;1;66;66136;2;1;1.0;2.0;42.70481;2.89103;2024-05-31 17:45:00
202400012796.0;1;64;64445;2;2;1.0;1.0;43.31901278;-0.36412463;2024-05-31 19:48:00
202400012797.0;1;63;63103;1;3;1.0;3.0;45.9194985;3.05324154;2024-05-28 18:10:00
202400012798.0;1;63;63113;2;1;1.0;7.0;45.78133;3.08806;2024-05-31 15:30:00
202400012799.0;1;63;63113;2;1;1.0;2.0;45.78603;3.13615;2024-05-31 13:57:00
202400012800.0;1;63;63113;2;1;1.0;6.0;45.78525;3.08471;2024-05-31 11:00:00
202400012801.0;1;59;59350;2;3;2.0;;50.64207;3.01734;2024-05-31 13:05:00
202400012802.0;1;59;59378;2;1;1.0;2.0;50.67166;3.09731;2024-05-30 20:05:00
202400012803.0;1;57;57672;2;1;1.0;6.0;49.3585;6.17022;2024-05-30 16:45:00
202400012804.0;1;56;56260;2;6;1.0;3.0;47.64999;-2.77055;2024-05-31 12:30:00
202400012805.0;1;56;56098;2;2;1.0;3.0;47.75826;-3.3277377;2024-05-31 12:30:00
202400012806.0;1;54;54339;2;1;1.0;1.0;48.713676;6.193644;2024-05-30 14:30:00
202400012807.0;1;54;54395;2;2;1.0;3.0;48.688932;6.188552;2024-05-30 13:20:00
202400012808.0;1;49;49007;2;1;1.0;6.0;47.48458;-0.52885;2024-05-31 12:35:00
202400012809.0;1;49;49007;2;2;1.0;5.0;47.46;-0.53721;2024-05-30 18:39:00
202400012810.0;1;45;45169;2;3;1.0;3.0;47.91513;1.84463;2024-05-31 12:46:00
202400012811.0;5;42;42187;2;3;2.0;6.0;46.05165;4.07396;2024-06-01 00:21:00
202400012812.0;5;42;42187;2;3;1.0;6.0;46.04492506;4.08706382;2024-05-31 21:22:00
202400012813.0;1;41;41226;1;6;2.0;3.0;47.82431;1.07693;2024-05-30 19:45:00
202400012814.0;3;37;37233;2;1;1.0;6.0;47.40202;0.74973;2024-05-31 06:00:00
202400012815.0;1;35;35238;2;3;1.0;3.0;48.10635;-1.69513;2024-05-31 12:00:00
202400012816.0;1;34;34172;2;1;1.0;6.0;43.62548;3.81565;2024-05-31 12:00:00
202400012817.0;1;33;33167;2;3;1.0;5.0;44.82634;-0.52665;2024-05-31 07:24:00
202400012818.0;1;31;31555;2;1;1.0;6.0;43.60084;1.42787;2024-05-31 21:14:00
202400012819.0;1;31;31555;2;1;1.0;3.0;43.58643591;1.42929286;2024-05-31 12:33:00
202400012820.0;1;29;29019;2;2;1.0;3.0;48.398239;-4.477598;2024-05-31 20:23:00
202400012821.0;3;28;28223;1;1;2.0;3.0;48.72125;1.41305;2024-05-31 21:50:00
202400012822.0;1;27;27528;2;2;2.0;3.0;49.25784;1.20824;2024-05-31 13:50:00
202400012823.0;1;27;27229;2;6;2.0;3.0;49.01144;1.15239;2024-05-31 20:25:00
202400012824.0;1;27;27229;2;1;3.0;3.0;49.00033;1.14767;2024-05-30 13:17:00
202400012825.0;1;25;25056;2;1;3.0;1.0;47.23137;6.03578;2024-05-31 12:55:00
202400012826.0;1;15;15012;1;9;2.0;7.0;44.90167;2.49661;2024-05-30 08:30:00
202400012827.0;1;14;14574;1;1;1.0;7.0;49.161053;0.190994;2024-05-30 15:15:00
202400012828.0;1;14;14574;1;1;1.0;5.0;49.163758;0.188123;2024-05-30 14:06:00
202400012829.0;5;13;13203;2;3;1.0;3.0;43.31887;5.37899;2024-05-31 22:39:00
202400012830.0;1;13;13203;2;1;1.0;1.0;43.31535;5.37318;2024-05-31 20:00:00
202400012831.0;1;13;13207;2;2;1.0;3.0;43.29024;5.35749;2024-05-31 11:05:00
202400012832.0;1;13;13001;2;1;1.0;2.0;43.52564307;5.43864151;2024-05-31 10:30:00
202400012833.0;1;10;10333;2;6;1.0;3.0;48.282;4.0594;2024-05-31 14:13:00
202400012834.0;1;10;10387;2;2;8.0;6.0;48.29688;4.0755;2024-05-30 18:19:00
202400012835.0;1;10;10387;2;1;1.0;6.0;48.3055;4.0858;2024-05-30 13:39:00
202400012836.0;1;10;10343;2;9;1.0;3.0;48.2767;4.0933;2024-05-30 07:36:00
202400012837.0;1;2;2304;2;3;1.0;2.0;49.66358;3.36948;2024-05-27 17:50:00
202400012838.0;1;1;1289;2;1;1.0;6.0;46.18174;5.20551;2024-05-23 10:15:00
202400012839.0;1;75;75118;2;2;1.0;6.0;48.888279;2.351485;2024-05-31 17:30:00
202400012840.0;1;75;75118;2;3;2.0;6.0;48.894361;2.366009;2024-05-31 16:30:00
202400012841.0;1;75;75118;2;2;8.0;6.0;48.890868;2.360007;2024-05-31 10:40:00
202400012842.0;1;75;75108;2;4;2.0;7.0;48.864871;2.31808;2024-05-31 18:50:00
202400012843.0;1;75;75101;2;3;1.0;1.0;48.858521;2.348221;2024-05-31 08:00:00
202400012844.0;1;75;75104;2;1;8.0;6.0;48.854683;2.354369;2024-05-30 20:27:00
202400012845.0;1;75;75101;2;7;1.0;3.0;48.863936;2.335199;2024-05-30 16:22:00
202400012846.0;1;75;75103;2;2;2.0;2.0;48.868978;2.355754;2024-05-30 14:40:00
202400012847.0;1;94;94080;2;1;2.0;3.0;48.84797306;2.43469208;2024-05-31 09:15:00
202400012848.0;1;94;94078;2;1;1.0;6.0;48.73717294;2.46940062;2024-05-30 20:00:00
202400012849.0;1;94;94073;2;4;2.0;4.0;48.75939;2.370286;2024-05-30 09:00:00
202400012850.0;2;94;94033;2;3;2.0;6.0;48.85632857;2.4963668;2024-05-31 07:00:00
202400012851.0;1;94;94022;2;3;1.0;2.0;48.773851;2.39949;2024-05-30 17:47:00
202400012852.0;1;92;92063;2;6;2.0;2.0;48.86211282;2.19637996;2024-05-31 18:00:00
202400012853.0;1;92;92063;2;1;2.0;3.0;48.88096494;2.18451476;2024-05-29 12:09:00
202400012854.0;4;92;92050;1;6;1.0;6.0;48.90780377;2.21064967;2024-05-30 23:45:00
202400012855.0;1;92;92050;2;3;2.0;2.0;48.88349;2.19801;2024-05-30 15:00:00
202400012856.0;1;92;92025;2;1;1.0;3.0;48.92413178;2.23791897;2024-05-30 09:15:00
202400012857.0;1;92;92024;2;2;1.0;6.0;48.900722;2.31419876;2024-05-31 07:50:00
202400012858.0;1;92;92023;1;9;3.0;2.0;48.7844637;2.24926472;2024-05-31 20:55:00
202400012859.0;1;92;92004;2;1;1.0;2.0;48.90410651;2.28599507;2024-05-31 10:00:00
202400012860.0;5;974;97415;2;6;1.0;2.0;-20.991794;55.287586;2024-05-31 21:45:00
202400012861.0;1;8;8403;2;2;1.0;2.0;49.494135;4.365188;2024-05-31 19:45:00
202400012862.0;1;91;91390;2;9;1.0;2.0;48.317326;2.093668;2024-05-27 20:30:00
202400012863.0;1;45;45187;1;1;1.0;1.0;47.873785;2.463512;2024-05-24 16:17:00
202400012864.0;3;63;63116;1;1;2.0;1.0;46.00226749;3.0938783;2024-06-01 01:20:00
202400012865.0;1;1;1354;1;6;1.0;3.0;46.236828;6.044192;2024-05-31 19:49:00
202400012866.0;1;83;83140;2;1;1.0;1.0;43.415234;5.917339;2024-05-30 18:15:00
202400012867.0;1;4;4126;1;1;1.0;7.0;44.40581;6.334058;2024-05-31 17:45:00
202400012868.0;1;2B;2B346;2;7;1.0;6.0;42.493579;9.438254;2024-04-06 09:15:00
202400012869.0;1;82;82195;1;1;1.0;7.0;44.072029;1.285406;2024-05-31 19:00:00
202400012870.0;1;33;33394;2;1;1.0;6.0;44.892689;-0.157397;2024-05-31 11:50:00
202400012871.0;1;32;32181;1;1;1.0;3.0;43.419154;0.239178;2024-06-01 13:20:00
202400012872.0;2;11;11206;2;1;1.0;6.0;43.04537;2.222891;2024-05-31 20:56:00
202400012873.0;1;71;71093;1;1;1.0;6.0;46.8202529;5.23647498;2024-06-01 17:00:00
202400012874.0;2;61;61063;1;1;1.0;5.0;48.711861;-0.394076;2024-05-12 05:45:00
202400012875.0;2;12;12088;1;1;2.0;6.0;44.66781512;2.84938931;2024-05-31 07:30:00
202400012876.0;2;34;34229;1;1;2.0;7.0;43.508931;2.794819;2024-05-31 05:45:00
202400012877.0;1;34;34187;1;3;1.0;2.0;43.557474;2.923329;2024-05-30 10:40:00
202400012878.0;2;68;68062;1;1;1.0;7.0;47.62926055;7.21076314;2024-06-01 04:45:00
202400012879.0;1;39;39520;2;1;1.0;1.0;46.993661;5.553792;2024-05-31 19:30:00
202400012880.0;1;973;97302;2;3;1.0;3.0;4.91917385;-52.29721999;2024-10-16 07:40:00
202400012881.0;1;25;25321;1;1;1.0;3.0;47.058776;6.677096;2024-05-29 15:00:00
202400012882.0;1;25;25203;1;1;8.0;6.0;47.179168;6.484645;2024-05-31 17:30:00
202400012883.0;1;29;29174;1;3;1.0;3.0;47.92149509;-4.25456645;2024-06-01 15:00:00
202400012884.0;1;972;97213;1;1;1.0;7.0;14.61823;-61.0331;2024-10-16 13:00:00
202400012885.0;1;31;31037;2;2;1.0;3.0;43.369283;1.78221;2024-05-30 16:15:00
202400012886.0;1;2;2315;1;1;2.0;3.0;49.700684;3.196118;2024-06-01 17:45:00
202400012887.0;1;69;69202;2;3;1.0;3.0;45.74957115;4.79566752;2024-10-16 09:15:00
202400012888.0;1;3;3236;2;6;2.0;2.0;46.202;3.433388;2024-05-31 10:20:00
202400012889.0;1;58;58287;1;1;3.0;7.0;46.764505;3.943722;2024-06-01 13:00:00
202400012890.0;5;10;10187;2;1;1.0;6.0;48.074337;4.464245;2024-06-01 01:00:00
202400012891.0;3;24;24394;1;1;1.0;6.0;45.43848;0.40953;2024-06-01 00:01:00
202400012892.0;1;95;95219;2;6;1.0;3.0;48.98069181;2.2507342;2024-10-16 14:00:00
202400012893.0;1;4;4094;1;1;1.0;1.0;43.75042;5.803957;2024-05-31 09:15:00
202400012894.0;3;85;85145;1;1;1.0;6.0;46.708;-0.95372;2024-05-28 23:15:00
202400012895.0;1;85;85008;1;1;1.0;7.0;46.6042;-1.502449;2024-06-01 15:05:00
202400012896.0;1;91;91326;2;2;1.0;3.0;48.690749;2.380192;2024-10-16 10:43:00
202400012897.0;1;27;27383;1;2;2.0;2.0;48.744112;0.842814;2024-05-31 17:15:00
202400012898.0;1;28;28232;1;1;2.0;6.0;48.524144;0.970254;2024-06-01 07:56:00
202400012899.0;1;87;87085;2;1;1.0;7.0;45.84357;1.23581;2024-10-15 14:10:00
202400012900.0;1;28;28130;1;1;1.0;6.0;48.546025;1.104239;2024-06-01 18:50:00
202400012901.0;1;87;87059;1;1;1.0;6.0;46.196824;1.068538;2024-05-31 19:00:00
202400012902.0;3;87;87003;1;1;2.0;6.0;46.268227;1.365539;2024-06-01 02:17:00
202400012903.0;1;52;52114;2;6;2.0;3.0;48.034378;4.914359;2024-05-31 16:15:00
202400012904.0;2;1;1228;1;1;2.0;6.0;46.131731;5.520008;2024-05-31 20:10:00
202400012905.0;1;973;97309;2;9;1.0;1.0;4.907137;-52.272858;2024-06-01 08:00:00
202400012906.0;1;53;53108;1;1;1.0;6.0;48.083028;-1.027544;2024-05-31 15:20:00
202400012907.0;5;84;84007;2;3;3.0;3.0;43.95325;4.813858;2024-10-13 02:00:00
202400012908.0;2;45;45051;2;2;8.0;3.0;47.831553;2.367157;2024-05-31 21:00:00
202400012909.0;1;78;78120;1;1;2.0;3.0;48.635718;1.996594;2024-05-31 15:19:00
202400012910.0;2;30;30258;2;1;1.0;7.0;43.673566;4.414224;2024-06-01 19:40:00
202400012911.0;1;83;83137;2;1;2.0;4.0;43.12824;5.91664;2024-10-16 13:30:00
202400012912.0;3;11;11281;1;1;1.0;6.0;43.259104;2.061642;2024-06-01 02:45:00
202400012913.0;1;84;84003;2;1;1.0;6.0;43.87676;5.393646;2024-06-01 14:10:00
202400012914.0;1;13;13007;1;1;1.0;3.0;43.342939;5.656618;2024-05-29 16:49:00
202400012915.0;1;83;83137;2;1;8.0;2.0;43.12012275;5.88788867;2024-10-16 09:20:00
202400012916.0;1;13;13030;1;1;1.0;1.0;43.268589;5.736076;2024-05-31 17:30:00
202400012917.0;1;88;88091;1;1;8.0;7.0;48.189493;6.579837;2024-05-31 14:00:00
202400012918.0;3;73;73211;1;1;1.0;7.0;45.7186923;6.49567947;2024-06-01 04:19:00
202400012919.0;3;38;38467;1;1;1.0;7.0;45.668622;5.33545;2024-06-01 03:00:00
202400012920.0;1;81;81060;2;1;1.0;1.0;44.05765;2.1641;2024-10-16 12:30:00
202400012921.0;2;85;85092;2;4;1.0;3.0;46.463936;-0.801369;2024-05-31 21:00:00
202400012922.0;1;14;14325;2;4;2.0;3.0;49.27818332;-0.31743503;2024-05-31 15:45:00
202400012923.0;1;22;22214;1;1;1.0;3.0;48.746805;-2.98068;2024-05-31 17:50:00
202400012924.0;1;59;59534;1;1;1.0;6.0;50.133303;3.912989;2024-05-31 17:45:00
202400012925.0;1;77;77404;2;3;1.0;3.0;48.52913;3.25384;2024-10-16 09:45:00
202400012926.0;1;13;13106;1;1;1.0;4.0;43.388;5.351;2024-05-31 12:44:00
202400012927.0;1;13;13043;1;1;1.0;2.0;43.39127;5.26385;2024-05-27 14:30:00
202400012928.0;1;77;77447;1;1;1.0;6.0;48.55263108;2.55904638;2024-10-15 16:25:00
202400012929.0;1;13;13211;1;1;1.0;2.0;43.29412401;5.45835278;2024-04-30 15:30:00
202400012930.0;1;13;13005;1;1;1.0;3.0;43.28992464;5.55419007;2024-05-29 12:45:00
202400012931.0;1;77;77284;2;1;1.0;3.0;48.96067595;2.88334185;2024-10-16 09:00:00
202400012932.0;3;13;13056;1;1;1.0;2.0;43.39965809;5.09574943;2024-05-26 20:52:00
202400012933.0;1;67;67482;1;1;1.0;4.0;48.5869;7.71593;2024-05-31 15:52:00
202400012934.0;1;76;76498;2;3;1.0;3.0;49.42814;1.048454;2024-10-16 18:25:00
202400012935.0;1;33;33550;1;1;1.0;7.0;44.778338;-0.556803;2024-05-31 21:25:00
202400012936.0;1;76;76575;1;2;1.0;6.0;49.381199;1.109877;2024-10-16 11:30:00
202400012937.0;1;33;33096;1;1;1.0;2.0;44.90322;-0.4933;2024-05-31 12:55:00
202400012938.0;1;92;92078;1;1;2.0;4.0;48.92875327;2.33034474;2024-05-31 19:50:00
202400012939.0;3;93;93053;1;1;2.0;2.0;48.8837557;2.45953658;2024-05-30 19:10:00
202400012940.0;5;74;74010;2;1;8.0;5.0;45.91607;6.12383;2024-10-16 23:30:00
202400012941.0;3;77;77018;1;1;1.0;6.0;48.83581269;2.8081959;2024-05-31 23:12:00
202400012942.0;1;73;73087;2;1;1.0;3.0;45.56329107;5.89348419;2024-10-13 11:20:00
202400012943.0;1;974;97411;2;3;1.0;3.0;-20.88513;55.46264;2024-05-30 13:30:00
202400012944.0;1;974;97411;2;1;1.0;3.0;-20.89035;55.45945;2024-05-30 07:30:00
202400012945.0;5;69;69264;2;1;8.0;6.0;45.97824622;4.73862433;2024-10-16 19:10:00
202400012946.0;2;974;97407;2;3;1.0;3.0;-20.946021;55.292992;2024-05-30 17:20:00
202400012947.0;1;69;69387;2;1;2.0;1.0;45.75131;4.84857;2024-05-30 12:02:00
202400012948.0;1;69;69389;2;4;8.0;3.0;45.7747;4.79393;2024-05-30 19:00:00
202400012949.0;1;2A;2A004;2;1;1.0;3.0;41.9384918;8.75451162;2024-05-30 16:45:00
202400012950.0;1;69;69259;2;2;1.0;3.0;45.72122;4.89075;2024-10-15 13:38:00
202400012951.0;1;95;95051;2;9;1.0;3.0;49.01100563;2.20169211;2024-05-30 19:15:00
202400012952.0;1;91;91201;2;1;3.0;4.0;48.67941;2.41;2024-05-29 15:05:00
202400012953.0;5;64;64445;2;2;1.0;1.0;43.30931;-0.34413;2024-10-15 22:06:00
202400012954.0;2;91;91286;2;6;3.0;6.0;48.65397;2.39375;2024-05-30 14:40:00
202400012955.0;1;83;83144;2;6;1.0;6.0;43.14151;6.00089;2024-05-30 15:00:00
202400012956.0;1;64;64102;2;1;8.0;1.0;43.46911;-1.48998;2024-10-15 17:15:00
202400012957.0;1;83;83123;2;1;1.0;3.0;43.12776;5.79911;2024-05-30 18:15:00
202400012958.0;1;81;81144;1;6;1.0;3.0;43.96481;2.1833;2024-05-29 17:12:00
202400012959.0;1;80;80021;2;1;1.0;3.0;49.879018;2.302757;2024-05-29 14:15:00
202400012960.0;5;63;63113;2;2;1.0;3.0;45.7942;3.1109;2024-10-16 20:21:00
202400012961.0;1;63;63075;2;1;1.0;6.0;45.76849835;3.05682242;2024-10-16 08:35:00
202400012962.0;1;78;78168;2;5;2.0;5.0;48.74687;1.92121;2024-05-29 09:20:00
202400012963.0;3;77;77462;1;1;1.0;2.0;49.00942;2.65065;2024-05-30 23:00:00
202400012964.0;1;77;77169;2;1;1.0;3.0;48.8321;2.5873;2024-05-30 16:00:00
202400012965.0;1;77;77079;2;1;1.0;6.0;48.40606;2.79941;2024-05-30 09:34:00
202400012966.0;1;59;59410;2;1;1.0;3.0;50.64631;3.10837;2024-10-16 09:25:00
202400012967.0;1;77;77335;1;1;1.0;3.0;48.96985;2.829798;2024-05-30 12:27:00
202400012968.0;1;56;56098;1;4;1.0;3.0;47.77854;-3.34952;2024-10-15 15:20:00
202400012969.0;1;77;77369;1;1;1.0;6.0;48.98711;2.9119;2024-05-30 06:20:00
202400012970.0;1;71;71306;2;2;1.0;2.0;46.68713755;4.34689254;2024-05-30 08:20:00
202400012971.0;1;54;54526;2;2;1.0;6.0;48.680603;6.225972;2024-10-15 17:50:00
202400012972.0;1;69;69266;2;1;1.0;6.0;45.76256;4.88125;2024-05-30 18:25:00
202400012973.0;5;69;69115;2;1;1.0;7.0;45.97802;4.71748;2024-05-24 23:45:00
202400012974.0;1;54;54357;2;6;1.0;1.0;48.71049;6.17251;2024-10-15 09:40:00
202400012975.0;1;69;69264;2;1;1.0;3.0;45.98408;4.73536;2024-05-29 17:40:00
202400012976.0;1;51;51230;2;1;1.0;6.0;49.04388;3.95392;2024-10-11 09:30:00
202400012977.0;1;50;50218;2;1;1.0;6.0;48.83795;-1.56537;2024-10-15 11:45:00
202400012978.0;1;69;69029;2;4;8.0;3.0;45.74592688;4.9270055;2024-05-29 07:30:00
202400012979.0;5;49;49007;2;2;3.0;3.0;47.45304;-0.56549;2024-10-16 19:25:00
202400012980.0;1;69;69271;1;8;1.0;3.0;45.73833;4.94319;2024-05-29 09:58:00
202400012981.0;1;69;69259;2;8;1.0;6.0;45.70467;4.88755;2024-05-28 08:30:00
202400012982.0;1;45;45147;2;1;1.0;4.0;47.935484;1.895933;2024-10-16 13:10:00
202400012983.0;1;64;64445;2;1;2.0;2.0;43.31153;-0.36535;2024-05-30 12:00:00
202400012984.0;5;45;45234;1;9;1.0;1.0;47.91086;1.93158;2024-10-16 06:50:00
202400012985.0;1;64;64445;2;1;2.0;6.0;43.31866;-0.35981;2024-05-30 11:20:00
202400012986.0;1;64;64122;2;1;1.0;6.0;43.48026;-1.53941;2024-05-30 21:00:00
202400012987.0;1;64;64102;2;1;2.0;7.0;43.47907;-1.49233;2024-05-30 07:30:00
202400012988.0;1;45;45004;2;6;2.0;2.0;47.97798;2.72925;2024-10-15 12:30:00
202400012989.0;1;63;63300;2;1;2.0;6.0;45.88798;3.11395;2024-05-30 18:25:00
202400012990.0;1;38;38151;2;1;2.0;2.0;45.14689474;5.70502236;2024-10-16 12:30:00
202400012991.0;1;38;38151;1;9;2.0;3.0;45.15177064;5.72130277;2024-10-16 08:55:00
202400012992.0;1;61;61001;2;3;1.0;4.0;48.41781;0.08953;2024-05-30 16:00:00
202400012993.0;1;35;35238;2;1;1.0;3.0;48.10425981;-1.68434411;2024-10-16 08:15:00
202400012994.0;1;59;59650;2;2;1.0;6.0;50.7112195;3.20675039;2024-05-30 07:14:00
202400012995.0;5;34;34301;2;3;8.0;3.0;43.4074;3.68066;2024-10-15 19:30:00
202400012996.0;5;34;34172;2;9;2.0;3.0;43.62613;3.87723;2024-10-16 21:45:00
202400012997.0;1;34;34172;2;1;2.0;4.0;43.61557;3.81886;2024-10-16 08:15:00
202400012998.0;5;33;33063;2;1;1.0;6.0;44.8612;-0.55474;2024-10-16 20:35:00
202400012999.0;2;33;33281;2;2;1.0;6.0;44.8543;-0.65772;2024-10-16 07:55:00
202400013000.0;1;32;32013;2;3;1.0;3.0;43.63381;0.58834;2024-10-16 16:15:00
202400013001.0;1;27;27229;2;1;1.0;6.0;49.02016;1.15182;2024-10-16 17:45:00
202400013002.0;1;27;27229;2;9;1.0;2.0;49.03243;1.14111;2024-10-16 11:10:00
202400013003.0;3;27;27299;1;1;1.0;6.0;49.048862;1.180549;2024-10-16 01:10:00
202400013004.0;1;25;25204;1;1;1.0;3.0;46.9248;6.33876;2024-10-16 11:00:00
202400013005.0;2;19;19031;2;3;2.0;2.0;45.155625;1.480408;2024-10-16 20:25:00
202400013006.0;1;14;14181;2;3;1.0;3.0;49.15878357;-0.33795297;2024-10-14 16:55:00
202400013007.0;5;13;13208;2;3;2.0;3.0;43.27395;5.38504;2024-10-16 00:10:00
202400013008.0;1;11;11069;2;1;1.0;3.0;43.22323;2.33598;2024-10-15 16:25:00
202400013009.0;5;7;7281;2;1;2.0;3.0;44.94601;4.84886;2024-10-16 06:55:00
202400013010.0;1;4;4070;2;3;2.0;3.0;44.10268;6.22961;2024-10-16 09:10:00
202400013011.0;5;3;3185;2;1;1.0;6.0;46.3263;2.6088;2024-10-15 23:15:00
202400013012.0;3;75;75112;2;1;1.0;3.0;48.827765;2.393486;2024-10-16 07:15:00
202400013013.0;5;75;75116;2;1;1.0;2.0;48.841427;2.254148;2024-10-16 04:35:00
202400013014.0;5;75;75106;2;3;1.0;1.0;48.849187;2.338428;2024-10-15 07:04:00
202400013015.0;1;75;75119;2;2;1.0;6.0;48.901677;2.385472;2024-10-16 12:46:00
202400013016.0;1;75;75119;2;1;1.0;6.0;48.891519;2.38065;2024-10-16 12:55:00
202400013017.0;1;75;75119;2;2;1.0;3.0;48.893794;2.373328;2024-10-16 12:55:00
202400013018.0;1;75;75119;2;1;1.0;6.0;48.878819;2.392592;2024-10-16 08:20:00
202400013019.0;1;75;75118;2;2;1.0;6.0;48.891565;2.349606;2024-10-16 13:10:00
202400013020.0;1;75;75115;2;1;1.0;6.0;48.839718;2.273818;2024-10-16 15:55:00
202400013021.0;1;75;75114;2;3;1.0;3.0;48.832094;2.310473;2024-10-16 12:05:00
202400013022.0;1;75;75112;2;2;1.0;3.0;48.837378;2.391825;2024-10-15 17:55:00
202400013023.0;1;75;75110;2;2;1.0;6.0;48.873829;2.358316;2024-10-16 08:51:00
202400013024.0;1;75;75110;2;3;1.0;6.0;48.875279;2.373166;2024-10-16 09:20:00
202400013025.0;1;75;75110;2;4;1.0;2.0;48.873289;2.358747;2024-10-16 08:18:00
202400013026.0;5;75;75108;2;3;2.0;3.0;48.875353;2.324985;2024-10-16 21:10:00
202400013027.0;2;94;94068;2;1;8.0;1.0;48.78994456;2.50409069;2024-10-15 18:30:00