Num_Acc;lum;departement;commune;agglomeration;intersection;meteo;type_collision;lat;long;date
202400013028.0;5;94;94016;2;3;1.0;3.0;48.79922;2.33297;2024-10-16 20:35:00
202400013029.0;1;94;94011;2;1;1.0;4.0;48.76515;2.47929;2024-10-16 18:19:00
202400013030.0;1;94;94073;2;3;1.0;3.0;48.75575167;2.40481308;2024-10-14 18:40:00
202400013031.0;1;94;94017;2;2;1.0;1.0;48.80630607;2.53005803;2024-10-16 16:30:00
202400013032.0;1;93;93073;2;1;1.0;3.0;48.95258;2.56346;2024-10-16 18:20:00
202400013033.0;1;93;93051;2;1;1.0;1.0;48.84503374;2.55624;2024-10-16 11:50:00
202400013034.0;2;93;93051;2;1;1.0;6.0;48.84887084;2.53790455;2024-10-16 07:35:00
202400013035.0;1;93;93045;2;2;1.0;6.0;48.87897899;2.41301179;2024-10-16 09:00:00
202400013036.0;1;93;93057;2;2;1.0;3.0;48.915299;2.500049;2024-10-16 15:58:00
202400013037.0;1;93;93001;2;1;1.0;3.0;48.90750695;2.37294144;2024-10-15 18:36:00
202400013038.0;1;92;92051;2;1;1.0;6.0;48.8858077;2.26916447;2024-10-16 08:20:00
202400013039.0;1;92;92044;2;1;1.0;6.0;48.89612585;2.27339633;2024-10-16 13:45:00
202400013040.0;1;92;92040;2;2;1.0;6.0;48.82524112;2.26777643;2024-10-16 14:45:00
202400013041.0;1;92;92026;2;1;1.0;2.0;48.90113294;2.26003647;2024-10-16 15:30:00
202400013042.0;1;92;92007;2;6;1.0;2.0;48.79695918;2.29941487;2024-10-16 09:58:00
202400013043.0;1;80;80213;2;4;7.0;3.0;49.804944;2.383969;2024-10-16 14:15:00
202400013044.0;5;65;65362;2;3;2.0;1.0;42.964258;-0.074254;2024-10-17 07:45:00
202400013045.0;2;65;65344;1;1;1.0;2.0;43.192161;-0.015557;2024-10-16 18:40:00
202400013046.0;1;32;32254;1;2;2.0;3.0;43.540266;0.454624;2024-10-17 09:00:00
202400013047.0;1;63;63262;1;1;1.0;2.0;45.70038482;3.16055417;2024-10-16 14:30:00
202400013048.0;3;49;49329;1;1;2.0;7.0;47.378737;-0.65315;2024-10-16 18:35:00
202400013049.0;1;46;46132;1;3;1.0;1.0;44.745617;1.801988;2024-10-16 17:55:00
202400013050.0;1;68;68062;1;3;1.0;3.0;47.628599;7.221574;2024-10-16 15:17:00
202400013051.0;3;25;25157;1;1;2.0;6.0;46.87492;6.400223;2024-10-16 20:50:00
202400013052.0;3;31;31136;1;6;1.0;6.0;43.751317;1.432916;2024-10-16 22:50:00
202400013053.0;1;3;3168;1;1;1.0;7.0;46.608111;2.660102;2024-10-16 16:10:00
202400013054.0;2;1;1265;2;1;3.0;2.0;46.173943;5.566426;2024-10-17 07:45:00
202400013055.0;1;6;6059;1;1;1.0;6.0;43.729701;7.35805;2024-10-17 13:30:00
202400013056.0;1;6;6059;1;1;1.0;6.0;43.720518;7.36853;2024-10-17 10:50:00
202400013057.0;3;10;10148;1;1;2.0;6.0;48.4618;3.5882;2024-10-17 01:30:00
202400013058.0;1;10;10437;2;1;2.0;1.0;48.140263;4.302191;2024-10-17 15:00:00
202400013059.0;1;16;16253;1;1;2.0;6.0;46.041773;0.015763;2024-10-17 11:43:00
202400013060.0;2;40;40273;2;1;3.0;6.0;43.526767;-1.393767;2024-10-17 07:50:00
202400013061.0;3;4;4157;1;1;2.0;1.0;43.894259;6.071963;2024-10-17 06:30:00
202400013062.0;1;87;87082;1;1;1.0;1.0;45.598114;1.094261;2024-10-15 14:20:00
202400013063.0;1;87;87037;1;1;2.0;6.0;45.652681;0.829178;2024-10-17 12:50:00
202400013064.0;1;37;37177;1;1;2.0;6.0;47.18419825;1.2722071;2024-10-16 16:40:00
202400013065.0;1;24;24293;1;9;1.0;1.0;44.785071;1.005045;2024-10-14 17:20:00
202400013066.0;1;1;1451;1;1;1.0;6.0;46.264578;5.242485;2024-10-16 16:36:00
202400013067.0;1;987;98715;1;9;1.0;3.0;-17.576629;-149.599306;2024-10-16 16:35:00
202400013068.0;5;974;97418;2;1;1.0;6.0;-20.949517;55.516818;2024-10-17 00:01:00
202400013069.0;1;45;45335;1;3;1.0;3.0;47.805589;2.088926;2024-10-16 16:00:00
202400013070.0;5;2B;2B168;2;1;1.0;6.0;42.631038;8.952463;2024-10-16 07:20:00
202400013071.0;1;34;34213;1;3;1.0;3.0;43.471071;3.681192;2024-10-16 08:40:00
202400013072.0;3;69;69163;2;1;2.0;6.0;45.905968;4.780625;2024-10-13 22:00:00
202400013073.0;1;31;31263;2;1;8.0;2.0;43.414938;1.396025;2024-10-14 16:47:00
202400013074.0;1;40;40257;1;1;2.0;6.0;44.240065;-1.207337;2024-10-16 18:50:00
202400013075.0;2;22;22162;2;6;1.0;3.0;48.778457;-3.057042;2024-10-17 08:00:00
202400013076.0;1;22;22162;2;2;2.0;3.0;48.78237;-3.05163;2024-10-16 17:00:00
202400013077.0;1;27;27136;1;1;2.0;6.0;49.003952;1.443243;2024-10-17 13:00:00
202400013078.0;1;60;60042;1;2;1.0;3.0;49.33734469;2.45492671;2024-10-16 10:25:00
202400013079.0;1;69;69277;1;1;1.0;2.0;45.72878;4.97727;2024-10-13 10:40:00
202400013080.0;2;33;33063;1;1;1.0;2.0;44.883749;-0.556952;2024-10-16 07:00:00
202400013081.0;3;91;91228;1;1;1.0;3.0;48.62648;2.41504;2024-10-16 18:50:00
202400013082.0;1;91;91174;1;1;1.0;3.0;48.62308;2.46639;2024-10-16 17:10:00
202400013083.0;1;91;91174;1;1;1.0;3.0;48.61045039;2.44425416;2024-10-16 10:35:00
202400013084.0;1;75;75116;1;1;1.0;3.0;48.84821542;2.24778235;2024-10-15 18:20:00
202400013085.0;3;78;78640;1;1;1.0;4.0;48.784195;2.223028;2024-10-15 20:16:00
202400013086.0;1;78;78646;1;1;1.0;6.0;48.78501;2.1555;2024-10-15 10:45:00
202400013087.0;1;92;92036;1;1;1.0;3.0;48.93459097;2.26845903;2024-10-15 09:50:00
202400013088.0;1;78;78140;1;1;1.0;3.0;48.960934;1.930043;2024-10-15 09:00:00
202400013089.0;1;92;92050;1;1;1.0;3.0;48.89493716;2.22826373;2024-10-15 08:05:00
202400013090.0;3;95;95018;1;1;1.0;6.0;48.96295185;2.26532238;2024-10-15 04:00:00
202400013091.0;1;93;93039;2;3;1.0;3.0;48.95054;2.30681;2024-04-25 13:00:00
202400013092.0;1;93;93066;2;3;2.0;3.0;48.929914;2.355873;2024-05-31 21:00:00
202400013093.0;1;93;93066;2;1;8.0;1.0;48.92613;2.36125;2024-05-31 09:50:00
202400013094.0;1;93;93066;2;1;2.0;3.0;48.945072;2.341541;2024-05-31 07:30:00
202400013095.0;2;93;93066;2;1;1.0;1.0;48.932433;2.348833;2024-05-31 05:41:00
202400013096.0;4;93;93066;2;9;2.0;6.0;48.933034;2.342454;2024-05-30 22:16:00
202400013097.0;1;93;93066;2;1;8.0;5.0;48.91483;2.36175;2024-05-27 07:45:00
202400013098.0;1;93;93066;2;3;1.0;3.0;48.926177;2.362408;2024-05-25 17:05:00
202400013099.0;1;93;93066;2;1;1.0;3.0;48.94605;2.34303;2024-05-24 17:15:00
202400013100.0;1;93;93066;2;2;1.0;6.0;48.93253097;2.35545722;2024-05-18 18:38:00
202400013101.0;1;93;93066;2;1;1.0;3.0;48.93310558;2.34825611;2024-05-18 16:50:00
202400013102.0;1;93;93066;1;9;1.0;4.0;48.92162039;2.36151695;2024-05-17 09:30:00
202400013103.0;1;93;93066;2;2;2.0;3.0;48.928466;2.368839;2024-05-14 12:00:00
202400013104.0;1;93;93008;2;6;1.0;2.0;48.90018199;2.44131982;2024-03-28 16:30:00
202400013105.0;2;93;93008;2;6;1.0;3.0;48.91264;2.43688;2024-01-28 18:00:00
202400013106.0;1;91;91691;2;6;1.0;3.0;48.71061;2.48829;2024-08-06 19:35:00
202400013107.0;1;987;98736;2;1;1.0;6.0;-17.53932;-149.5449;2024-10-14 15:00:00
202400013108.0;1;987;98735;1;2;1.0;3.0;-17.5352;-149.5556;2024-10-14 11:41:00
202400013109.0;1;976;97611;2;9;1.0;2.0;-12.79226;45.22091;2024-10-15 08:10:00
202400013110.0;1;973;97302;2;3;1.0;3.0;4.93777;-52.29867;2024-10-15 07:50:00
202400013111.0;1;973;97302;2;6;1.0;3.0;4.93932;-52.3183;2024-10-14 11:48:00
202400013112.0;1;69;69388;2;2;1.0;3.0;45.73109;4.86844;2024-10-15 12:10:00
202400013113.0;1;69;69383;2;1;8.0;1.0;45.76244;4.84129;2024-10-15 08:40:00
202400013114.0;1;972;97209;2;9;1.0;1.0;14.61036;-61.048126;2024-10-15 16:00:00
202400013115.0;1;972;97209;2;3;1.0;3.0;14.60308;-61.06866;2024-10-15 15:35:00
202400013116.0;5;972;97209;1;1;1.0;1.0;14.61747;-61.04083;2024-10-10 23:00:00
202400013117.0;2;69;69149;1;6;1.0;3.0;45.69347;4.82782;2024-10-15 18:40:00
202400013118.0;1;2B;2B033;2;1;1.0;6.0;42.6922;9.44991;2024-10-15 15:35:00
202400013119.0;2;971;97101;1;1;1.0;2.0;16.25305;-61.54578;2024-10-13 05:30:00
202400013120.0;1;2A;2A004;2;1;1.0;2.0;41.94157397;8.74776453;2024-10-15 12:10:00
202400013121.0;1;95;95268;2;1;1.0;3.0;48.95867534;2.41102932;2024-10-15 17:30:00
202400013122.0;1;91;91687;2;1;1.0;6.0;48.65841;2.36642;2024-10-15 18:00:00
202400013123.0;1;91;91479;2;2;1.0;3.0;48.70724;2.36151;2024-10-15 13:15:00
202400013124.0;1;87;87085;2;1;1.0;7.0;45.83759;1.28285;2024-10-12 13:01:00
202400013125.0;5;85;85191;2;1;3.0;6.0;46.6745;-1.4351;2024-10-15 07:00:00
202400013126.0;1;84;84035;2;1;2.0;6.0;43.851224;5.033296;2024-10-14 15:30:00
202400013127.0;1;84;84007;2;1;1.0;5.0;43.943894;4.796227;2024-10-15 17:10:00
202400013128.0;1;83;83069;1;3;1.0;3.0;43.12447;6.1888;2024-10-14 08:00:00
202400013129.0;1;78;78029;2;1;1.0;1.0;48.95986;1.84256;2024-10-15 11:50:00
202400013130.0;1;72;72181;2;9;1.0;6.0;47.97185;0.21852;2024-10-14 12:45:00
202400013131.0;1;71;71499;2;1;2.0;3.0;46.64869;4.28701;2024-10-15 08:40:00
202400013132.0;1;71;71270;1;1;2.0;3.0;46.3533;4.8471;2024-10-15 08:50:00
202400013133.0;1;69;69266;2;3;1.0;3.0;45.74937;4.91388;2024-10-15 14:30:00
202400013134.0;5;69;69259;2;1;2.0;2.0;45.69578477;4.88779502;2024-10-14 06:20:00
202400013135.0;5;69;69259;2;1;1.0;6.0;45.71071121;4.88264546;2024-10-14 01:58:00
202400013136.0;1;71;71153;2;2;1.0;3.0;46.79697;4.4482;2024-03-13 17:30:00
202400013137.0;5;67;67482;2;3;1.0;3.0;48.56935;7.77812;2024-10-15 20:50:00
202400013138.0;5;69;69286;2;3;2.0;3.0;45.81477027;4.89512667;2024-03-15 19:10:00
202400013139.0;1;69;69115;2;1;2.0;6.0;45.97828967;4.73713832;2024-03-15 13:55:00
202400013140.0;1;63;63300;2;2;1.0;3.0;45.89094;3.110318;2024-10-15 17:02:00
202400013141.0;5;69;69259;2;2;1.0;1.0;45.70614;4.87793;2024-03-14 20:20:00
202400013142.0;5;63;63113;2;2;1.0;3.0;45.77372;3.08003;2024-10-15 20:00:00
202400013143.0;1;69;69259;2;8;1.0;6.0;45.69572;4.87222;2024-03-14 12:00:00
202400013144.0;1;63;63113;2;1;1.0;3.0;45.78818772;3.08992624;2024-10-15 09:35:00
202400013145.0;1;68;68066;2;1;1.0;3.0;48.06946;7.3651;2024-03-13 10:20:00
202400013146.0;1;64;64132;2;1;1.0;3.0;43.28272;-0.34072;2024-03-15 08:55:00
202400013147.0;1;63;63032;2;3;1.0;4.0;45.75348;3.0866;2024-10-15 08:54:00
202400013148.0;5;64;64122;2;1;1.0;7.0;43.49348;-1.55344;2024-03-15 23:40:00
202400013149.0;5;62;62193;2;6;1.0;7.0;50.95211;1.83295;2024-10-13 21:15:00
202400013150.0;1;63;63300;2;3;1.0;3.0;45.89520414;3.10887605;2024-03-14 17:20:00
202400013151.0;1;59;59033;2;6;1.0;6.0;50.2027;3.83584;2024-10-15 16:40:00
202400013152.0;2;59;59043;2;1;5.0;3.0;50.71959;2.80488;2024-10-15 09:20:00
202400013153.0;5;63;63113;2;9;1.0;3.0;45.78038;3.08377;2024-03-15 20:46:00
202400013154.0;5;56;56260;2;9;1.0;3.0;47.66998;-2.74529;2024-10-15 07:35:00
202400013155.0;2;63;63113;2;1;1.0;3.0;45.7824;3.07424;2024-03-15 18:30:00
202400013156.0;5;56;56121;2;2;1.0;3.0;47.76115;-3.38626;2024-10-14 20:00:00
202400013157.0;1;62;62330;2;1;1.0;2.0;50.55001974;2.76112116;2024-03-06 08:30:00
202400013158.0;1;56;56121;2;1;1.0;6.0;47.74773;-3.36958;2024-10-14 18:25:00
202400013159.0;1;62;62753;2;1;2.0;1.0;50.29394685;2.79087427;2024-03-15 13:19:00
202400013160.0;5;54;54580;2;2;1.0;6.0;49.46902;5.92992;2024-10-15 19:24:00
202400013161.0;1;59;59122;2;1;1.0;6.0;50.17852;3.24404;2024-03-13 15:15:00
202400013162.0;5;50;50129;2;3;1.0;3.0;49.63569;-1.62333;2024-10-12 19:50:00
202400013163.0;1;58;58194;2;1;1.0;6.0;46.995;3.15074;2024-03-13 17:00:00
202400013164.0;1;58;58194;2;3;1.0;3.0;46.99231;3.14581;2024-03-14 16:45:00
202400013165.0;1;56;56260;2;1;1.0;7.0;47.65254;-2.78538;2024-03-15 13:43:00
202400013166.0;1;56;56121;2;1;1.0;6.0;47.76169;-3.38839;2024-03-14 13:10:00
202400013167.0;5;54;54395;2;2;1.0;3.0;48.69633;6.16727;2024-03-14 19:05:00
202400013168.0;1;54;54547;2;1;8.0;6.0;48.65216;6.13717;2024-03-14 08:30:00
202400013169.0;1;51;51454;2;2;2.0;3.0;49.23193;4.01416;2024-03-15 15:40:00
202400013170.0;1;49;49007;2;1;1.0;3.0;47.46827;-0.52041;2024-03-12 18:45:00
202400013171.0;5;44;44162;2;1;1.0;6.0;47.22905;-1.63019;2024-03-12 20:05:00
202400013172.0;5;38;38185;2;2;1.0;1.0;45.1912;5.72133;2024-03-15 19:22:00
202400013173.0;1;38;38185;2;3;1.0;3.0;45.17777028;5.71015745;2024-03-15 07:20:00
202400013174.0;1;36;36202;2;1;1.0;3.0;46.80437381;1.62784701;2024-03-14 18:25:00
202400013175.0;2;34;34172;2;1;1.0;6.0;43.63639;3.86429;2024-03-15 18:00:00
202400013176.0;1;34;34032;1;1;1.0;6.0;43.32785;3.17621;2024-03-15 09:30:00
202400013177.0;1;33;33281;2;1;1.0;6.0;44.832481;-0.64551;2024-03-15 18:20:00
202400013178.0;1;31;31555;2;1;1.0;6.0;43.58206053;1.41487867;2024-03-13 16:57:00
202400013179.0;1;27;27681;2;1;1.0;2.0;49.095;1.467;2024-03-15 08:42:00
202400013180.0;1;27;27229;2;1;1.0;3.0;49.021548;1.127385;2024-03-14 16:45:00
202400013181.0;1;27;27229;2;1;1.0;7.0;49.022178;1.184281;2024-03-14 11:03:00
202400013182.0;5;22;22278;2;6;1.0;3.0;48.50248;-2.73783;2024-03-15 23:25:00
202400013183.0;1;15;15014;2;1;1.0;6.0;44.933377;2.450215;2024-03-14 11:10:00
202400013184.0;2;15;15014;2;1;1.0;3.0;44.91241;2.4395;2024-03-14 06:50:00
202400013185.0;1;14;14271;2;9;1.0;3.0;49.14832;-0.3763;2024-03-14 18:35:00
202400013186.0;1;14;14327;2;3;1.0;2.0;49.21398;-0.35249;2024-03-14 09:00:00
202400013187.0;1;14;14125;1;1;8.0;6.0;49.23262;-0.3725;2024-02-11 14:54:00
202400013188.0;1;13;13063;2;9;1.0;3.0;43.59915;5.00603;2024-03-15 17:20:00
202400013189.0;1;13;13028;2;6;1.0;3.0;43.19218;5.60446;2024-03-15 15:00:00
202400013190.0;1;13;13005;2;1;1.0;3.0;43.2782;5.55315;2024-03-15 12:45:00
202400013191.0;1;13;13005;2;3;1.0;3.0;43.28816;5.57182;2024-03-12 12:00:00
202400013192.0;1;6;6088;2;2;1.0;6.0;43.69959;7.25927;2024-03-15 15:54:00
202400013193.0;2;6;6069;2;1;1.0;6.0;43.654966;6.927344;2024-03-15 18:50:00
202400013194.0;1;6;6027;2;3;1.0;6.0;43.6578;7.16408;2024-03-15 11:45:00
202400013195.0;1;6;6027;2;1;1.0;6.0;43.66438;7.14998;2024-03-15 07:50:00
202400013196.0;3;6;6004;1;1;1.0;6.0;43.61708;7.1293;2024-03-15 01:30:00
202400013197.0;5;1;1053;2;1;8.0;7.0;46.19427;5.21416;2024-03-15 20:10:00
202400013198.0;1;75;75120;2;2;1.0;2.0;48.867311;2.389019;2024-03-15 18:20:00
202400013199.0;1;75;75120;2;2;1.0;6.0;48.872117;2.377058;2024-03-15 15:28:00
202400013200.0;1;75;75119;2;1;1.0;3.0;48.874187;2.383876;2024-03-15 14:00:00
202400013201.0;1;75;75118;2;1;8.0;6.0;48.895119;2.330498;2024-03-15 13:10:00
202400013202.0;5;75;75117;2;3;2.0;7.0;48.878186;2.284162;2024-03-15 20:30:00
202400013203.0;1;75;75115;2;2;1.0;6.0;48.838307;2.298476;2024-03-15 12:04:00
202400013204.0;1;75;75115;2;3;2.0;7.0;48.834443;2.284041;2024-03-15 10:35:00
202400013205.0;1;75;75114;2;3;1.0;3.0;48.826872;2.326502;2024-03-15 10:00:00
202400013206.0;1;75;75114;2;2;1.0;6.0;48.826189;2.3128;2024-03-14 17:00:00
202400013207.0;1;75;75113;2;2;1.0;6.0;48.838456;2.35708;2024-03-15 17:15:00
202400013208.0;1;75;75112;2;1;1.0;6.0;48.849078;2.373349;2024-03-14 15:20:00
202400013209.0;1;75;75111;2;2;1.0;6.0;48.868416;2.379566;2024-03-15 16:00:00
202400013210.0;1;75;75111;2;2;1.0;2.0;48.87191795;2.37690389;2024-03-15 12:00:00
202400013211.0;5;75;75109;2;2;1.0;4.0;48.872972;2.333267;2024-03-15 00:20:00
202400013212.0;5;75;75108;2;2;1.0;6.0;48.864999;2.313697;2024-03-15 05:02:00
202400013213.0;5;75;75101;2;3;2.0;6.0;48.86037;2.340694;2024-03-15 21:00:00
202400013214.0;5;75;75101;2;2;1.0;3.0;48.863417;2.350951;2024-03-15 01:05:00
202400013215.0;1;94;94074;2;1;1.0;3.0;48.73815373;2.46271983;2024-03-15 13:50:00
202400013216.0;5;94;94074;2;3;1.0;1.0;48.75180908;2.45719045;2024-03-15 00:10:00
202400013217.0;1;54;54547;2;1;1.0;6.0;48.66228;6.17093;2024-07-02 17:35:00
202400013218.0;1;49;49007;2;1;1.0;7.0;47.4709;-0.57213;2024-07-01 17:16:00
202400013219.0;1;94;94065;2;4;1.0;2.0;48.75386;2.36522;2024-03-15 15:50:00
202400013220.0;1;45;45232;2;3;1.0;3.0;47.85094;1.90787;2024-07-03 09:55:00
202400013221.0;1;94;94033;2;1;8.0;2.0;48.85321;2.46894;2024-03-15 11:30:00
202400013222.0;1;41;41018;2;1;1.0;6.0;47.59303;1.30019;2024-06-26 09:25:00
202400013223.0;1;94;94028;2;1;2.0;6.0;48.769551;2.464661;2024-03-13 08:45:00
202400013224.0;1;39;39198;2;3;1.0;3.0;47.093926;5.497779;2024-07-03 15:35:00
202400013225.0;1;94;94022;2;2;1.0;2.0;48.76426747;2.40577412;2024-03-15 15:10:00
202400013226.0;1;93;93073;2;2;1.0;3.0;49.00247;2.53334;2024-03-14 13:30:00
202400013227.0;1;37;37261;2;6;1.0;3.0;47.43214;0.69711;2024-07-03 14:00:00
202400013228.0;1;37;37214;2;9;1.0;6.0;47.42595;0.65499;2024-07-03 11:40:00
202400013229.0;1;93;93066;2;1;1.0;3.0;48.938896;2.344958;2024-03-15 07:00:00
202400013230.0;2;93;93053;2;3;1.0;3.0;48.8865;2.44732;2024-03-15 18:00:00
202400013231.0;1;36;36044;2;1;1.0;4.0;46.79723423;1.70647502;2024-07-03 18:30:00
202400013232.0;1;93;93033;2;1;1.0;1.0;48.85986;2.5808;2024-03-15 07:45:00
202400013233.0;5;35;35238;2;3;1.0;1.0;48.12933;-1.67407;2024-07-03 22:15:00
202400013234.0;5;93;93046;2;3;1.0;1.0;48.924536;2.544844;2024-03-15 19:10:00
202400013235.0;1;35;35055;2;1;1.0;6.0;48.08464;-1.62755;2024-07-03 19:20:00
202400013236.0;5;93;93010;2;9;2.0;6.0;48.88982158;2.4936258;2024-03-15 21:15:00
202400013237.0;1;34;34108;1;1;1.0;2.0;43.46458;3.7667;2024-07-03 16:43:00
202400013238.0;1;34;34172;2;3;1.0;6.0;43.62004;3.85117;2024-07-03 19:10:00
202400013239.0;5;93;93001;2;5;2.0;3.0;48.91504389;2.38124728;2024-03-15 19:45:00
202400013240.0;4;33;33063;2;1;1.0;6.0;44.83994;-0.60301;2024-07-04 01:40:00
202400013241.0;2;92;92051;2;1;1.0;2.0;48.88897388;2.27248585;2024-03-15 18:45:00
202400013242.0;1;33;33550;2;3;1.0;1.0;44.76812;-0.58312;2024-07-03 10:35:00
202400013243.0;1;92;92050;2;1;1.0;3.0;48.8833;2.20125;2024-03-15 10:30:00
202400013244.0;1;29;29232;2;4;1.0;3.0;48.01357;-4.10767;2024-06-29 10:20:00
202400013245.0;1;92;92035;2;7;3.0;2.0;48.90671532;2.23851693;2024-03-15 12:55:00
202400013246.0;1;25;25056;2;1;1.0;6.0;47.223417;5.973104;2024-07-03 18:30:00
202400013247.0;1;34;34276;1;1;1.0;6.0;43.761599;3.883463;2024-03-16 10:20:00
202400013248.0;1;17;17299;2;6;1.0;3.0;45.944593;-0.961582;2024-07-03 15:20:00
202400013249.0;1;31;31044;2;3;1.0;3.0;43.60472153;1.49535969;2024-03-12 18:10:00
202400013250.0;1;67;67202;2;6;1.0;3.0;48.761789;7.564487;2024-03-16 17:25:00
202400013251.0;1;13;13117;2;1;1.0;1.0;43.42219;5.28647;2024-07-03 20:00:00
202400013252.0;3;974;97410;2;1;1.0;6.0;-21.028305;55.686108;2024-03-15 00:30:00
202400013253.0;3;13;13056;1;9;1.0;6.0;43.34595;5.06174;2024-07-02 23:40:00
202400013254.0;1;83;83049;1;1;1.0;5.0;43.24915009;6.07277009;2024-03-16 13:50:00
202400013255.0;3;13;13216;2;4;1.0;1.0;43.35358;5.3444;2024-07-03 23:45:00
202400013256.0;1;72;72231;2;1;2.0;3.0;47.937877;0.363927;2024-03-15 13:20:00
202400013257.0;1;13;13207;2;1;1.0;1.0;43.28084;5.3527;2024-07-02 15:19:00
202400013258.0;1;15;15259;1;1;1.0;6.0;45.110895;3.136272;2024-03-15 15:55:00
202400013259.0;1;11;11069;2;1;1.0;6.0;43.23478;2.36694;2024-07-03 12:40:00
202400013260.0;3;36;36026;1;1;8.0;2.0;46.92964415;1.74599093;2024-03-16 04:45:00
202400013261.0;1;6;6069;2;1;1.0;1.0;43.68173;6.960225;2024-07-03 17:10:00
202400013262.0;1;71;71023;1;2;1.0;3.0;46.671335;4.977794;2024-03-16 13:55:00
202400013263.0;1;6;6069;2;3;1.0;1.0;43.65615;6.928943;2024-07-03 18:25:00
202400013264.0;2;80;80024;1;1;1.0;1.0;49.92747;2.245905;2024-03-16 06:45:00
202400013265.0;1;6;6027;2;1;1.0;6.0;43.6635;7.14986;2024-07-03 07:00:00
202400013266.0;3;12;12243;2;3;1.0;6.0;44.012058;2.964544;2024-03-16 01:00:00
202400013267.0;1;75;75120;2;1;1.0;3.0;48.867845;2.413241;2024-07-03 19:40:00
202400013268.0;1;75;75117;2;1;1.0;7.0;48.899447;2.318284;2024-07-03 08:25:00
202400013269.0;1;39;39013;1;1;1.0;1.0;46.891808;5.730578;2024-03-16 15:50:00
202400013270.0;1;75;75117;2;1;1.0;2.0;48.89261;2.302462;2024-07-03 10:46:00
202400013271.0;1;31;31502;1;1;1.0;1.0;43.194758;0.730054;2024-03-15 17:00:00
202400013272.0;5;75;75106;2;5;1.0;2.0;48.853764;2.333346;2024-07-03 00:15:00
202400013273.0;1;31;31104;1;2;1.0;7.0;43.347535;1.248032;2024-03-15 16:15:00
202400013274.0;1;75;75117;2;2;1.0;3.0;48.88264;2.31038;2024-07-03 13:28:00
202400013275.0;1;38;38516;2;2;1.0;3.0;45.200497;5.759129;2024-03-14 13:50:00
202400013276.0;5;75;75117;2;2;1.0;7.0;48.888021;2.288715;2024-07-01 23:30:00
202400013277.0;1;3;3107;1;1;1.0;6.0;46.117633;3.064048;2024-03-15 16:30:00
202400013278.0;3;15;15169;1;1;1.0;1.0;45.342622;2.480692;2024-03-12 21:00:00
202400013279.0;1;75;75116;2;2;1.0;3.0;48.866552;2.280101;2024-07-02 20:50:00
202400013280.0;1;58;58024;1;1;1.0;7.0;47.137381;3.606198;2024-03-16 10:00:00
202400013281.0;1;75;75113;2;2;1.0;6.0;48.820987;2.350642;2024-07-03 18:00:00
202400013282.0;1;54;54045;1;3;1.0;3.0;48.568547;6.357361;2024-03-12 13:40:00
202400013283.0;1;75;75113;2;1;1.0;3.0;48.825341;2.381069;2024-07-03 11:00:00
202400013284.0;1;72;72115;2;1;1.0;7.0;47.663191;0.470363;2024-03-16 17:45:00
202400013285.0;1;7;7129;1;1;1.0;7.0;44.985584;4.60042;2024-03-16 16:30:00
202400013286.0;1;75;75109;2;7;1.0;3.0;48.883393;2.327515;2024-07-03 13:00:00
202400013287.0;1;17;17403;1;1;1.0;7.0;45.419581;-0.462901;2024-03-15 18:00:00
202400013288.0;1;48;48092;2;1;1.0;6.0;44.555169;3.291132;2024-03-16 11:00:00
202400013289.0;5;94;94046;2;1;1.0;2.0;48.79732;2.43337;2024-07-03 00:45:00
202400013290.0;3;8;8408;1;1;2.0;6.0;49.87463955;4.64612063;2024-03-16 00:30:00
202400013291.0;1;94;94054;2;1;1.0;6.0;48.74175;2.40159;2024-07-03 17:20:00
202400013292.0;3;973;97307;1;1;2.0;1.0;4.843761;-52.337537;2024-03-16 02:30:00
202400013293.0;1;93;93072;2;1;1.0;3.0;48.95077838;2.38718826;2024-07-03 12:30:00
202400013294.0;1;13;13051;2;1;1.0;1.0;43.61473;5.134687;2024-03-16 13:40:00
202400013295.0;1;93;93064;2;9;1.0;1.0;48.863043;2.486959;2024-07-03 11:20:00
202400013296.0;3;6;6088;1;1;1.0;6.0;43.732034;7.278442;2024-03-16 01:03:00
202400013297.0;1;93;93051;2;1;1.0;3.0;48.8458;2.52943;2024-07-03 12:25:00
202400013298.0;1;974;97417;2;3;1.0;1.0;-21.357874;55.770437;2024-03-16 16:45:00
202400013299.0;5;93;93010;2;1;1.0;3.0;48.90843187;2.48982942;2024-07-03 00:20:00
202400013300.0;1;973;97306;1;1;1.0;7.0;5.598424;-53.70631;2024-03-15 20:20:00
202400013301.0;1;92;92075;2;1;1.0;3.0;48.82348937;2.28345931;2024-07-03 09:00:00
202400013302.0;1;33;33199;2;1;1.0;3.0;44.643052;-1.058893;2024-02-01 12:20:00
202400013303.0;1;92;92025;2;3;1.0;3.0;48.93099577;2.24390137;2024-07-03 20:10:00
202400013304.0;1;92;92025;2;1;8.0;3.0;48.92218214;2.23552966;2024-07-02 09:30:00
202400013305.0;1;77;77317;2;1;1.0;5.0;48.603479;2.882021;2024-03-14 08:10:00
202400013306.0;1;92;92024;2;3;1.0;2.0;48.90411591;2.3028903;2024-07-03 18:45:00
202400013307.0;1;21;21716;2;1;1.0;6.0;47.174915;4.963436;2024-03-15 16:10:00
202400013308.0;1;92;92023;2;3;1.0;3.0;48.81233867;2.26931494;2024-07-03 19:49:00
202400013309.0;1;10;10300;2;2;1.0;3.0;48.4428;4.3572;2024-03-16 10:10:00
202400013310.0;5;92;92012;2;1;1.0;3.0;48.83822294;2.2377423;2024-07-03 00:01:00
202400013311.0;5;92;92014;2;3;1.0;3.0;48.78317297;2.31685889;2024-07-03 01:35:00