Num_Acc;lum;departement;commune;agglomeration;intersection;meteo;type_collision;lat;long;date
202400013312.0;2;88;88348;1;2;1.0;3.0;48.263927;6.664324;2024-02-28 19:35:00
202400013313.0;4;974;97415;2;1;1.0;7.0;-20.990274;55.326429;2024-07-03 01:00:00
202400013314.0;1;81;81099;2;1;1.0;1.0;43.91667;1.907768;2024-03-16 12:00:00
202400013315.0;1;28;28012;1;1;1.0;2.0;48.084093;1.125224;2024-07-04 14:00:00
202400013316.0;1;47;47157;2;3;1.0;6.0;44.497508;0.165798;2024-03-16 10:50:00
202400013317.0;2;974;97412;2;1;2.0;7.0;-21.349207;55.604183;2024-07-04 06:00:00
202400013318.0;1;972;97222;1;1;3.0;6.0;14.691428;-60.954294;2024-07-03 10:20:00
202400013319.0;1;76;76533;1;1;1.0;7.0;49.470669;0.262985;2024-03-16 14:45:00
202400013320.0;1;83;83004;1;1;1.0;5.0;43.44192873;6.45858675;2024-07-03 11:55:00
202400013321.0;1;12;12113;1;1;1.0;1.0;44.250214;2.336783;2024-07-03 17:15:00
202400013322.0;1;91;91458;2;4;1.0;6.0;48.660809;2.242387;2024-07-04 16:50:00
202400013323.0;3;974;97414;2;1;1.0;6.0;-21.282656;55.397047;2024-07-04 20:39:00
202400013324.0;1;50;50601;1;9;1.0;3.0;48.980749;-0.948569;2024-07-04 14:00:00
202400013325.0;1;62;62181;1;1;1.0;7.0;50.16311071;2.69577813;2024-07-04 09:20:00
202400013326.0;1;69;69100;2;1;1.0;7.0;45.672798;4.79624;2024-07-04 16:40:00
202400013327.0;1;51;51440;1;6;1.0;3.0;49.300638;4.32658;2024-07-04 13:15:00
202400013328.0;3;83;83137;1;1;1.0;6.0;43.12647341;5.89419007;2024-03-15 01:40:00
202400013329.0;1;51;51282;2;4;1.0;2.0;49.250494;3.907324;2024-07-03 16:30:00
202400013330.0;1;69;69012;1;1;2.0;7.0;46.17391864;4.5450037;2024-07-03 13:25:00
202400013331.0;2;33;33397;1;1;1.0;6.0;44.90541;-0.49215;2024-03-15 19:50:00
202400013332.0;1;63;63040;1;1;1.0;7.0;45.721559;3.319008;2024-07-04 19:40:00
202400013333.0;1;42;42026;1;1;1.0;1.0;46.19025115;4.07603592;2024-07-04 18:00:00
202400013334.0;1;34;34012;2;3;1.0;1.0;43.70038;3.682979;2024-07-01 11:00:00
202400013335.0;1;33;33063;1;1;1.0;6.0;44.882682;-0.551695;2024-03-15 14:50:00
202400013336.0;1;39;39269;1;3;8.0;5.0;46.362374;5.706939;2024-07-03 18:25:00
202400013337.0;3;25;25278;1;1;1.0;6.0;47.222537;6.296437;2024-07-03 23:30:00
202400013338.0;1;33;33550;1;1;1.0;2.0;44.7849;-0.54212;2024-03-14 09:00:00
202400013339.0;1;38;38473;1;2;1.0;3.0;45.355082;5.232078;2024-07-03 19:08:00
202400013340.0;1;1;1420;2;1;1.0;3.0;46.166642;4.793423;2024-06-30 17:30:00
202400013341.0;1;1;1093;1;1;1.0;1.0;46.108964;4.941825;2024-07-04 14:30:00
202400013342.0;3;78;78158;1;1;1.0;6.0;48.84139;2.10646;2024-03-15 04:35:00
202400013343.0;1;1;1072;1;1;1.0;3.0;46.184234;5.305058;2024-06-29 15:10:00
202400013344.0;1;70;70075;1;1;1.0;7.0;47.340697;5.699206;2024-07-04 16:19:00
202400013345.0;3;92;92064;1;1;1.0;2.0;48.83709107;2.18731042;2024-03-14 19:30:00
202400013346.0;1;66;66003;2;6;1.0;3.0;42.481312;2.678191;2024-07-04 13:35:00
202400013347.0;1;6;6074;1;1;1.0;6.0;43.95809601;7.29930985;2024-07-01 17:30:00
202400013348.0;3;6;6119;1;1;1.0;7.0;44.327056;6.859524;2024-07-04 04:30:00
202400013349.0;3;93;93005;1;1;3.0;3.0;48.97262523;2.49400692;2024-03-15 19:15:00
202400013350.0;1;6;6032;1;1;1.0;7.0;43.727935;7.407769;2024-07-04 17:55:00
202400013351.0;1;6;6150;2;9;1.0;3.0;43.750398;7.406286;2024-07-04 11:45:00
202400013352.0;1;93;93027;1;1;1.0;3.0;48.93750528;2.41176005;2024-03-15 13:00:00
202400013353.0;1;14;14229;2;1;1.0;3.0;49.231533;-0.047066;2024-07-03 17:15:00
202400013354.0;3;95;95572;1;1;1.0;6.0;49.04851178;2.13475699;2024-03-14 20:30:00
202400013355.0;2;64;64453;2;1;1.0;7.0;43.179164;-0.10849;2024-07-03 21:45:00
202400013356.0;1;95;95582;1;1;1.0;3.0;48.96616526;2.25770962;2024-03-14 14:00:00
202400013357.0;1;43;43221;1;1;1.0;3.0;44.98484083;3.71234963;2024-07-03 18:20:00
202400013358.0;1;93;93053;1;1;1.0;5.0;48.88722551;2.47394088;2024-03-14 08:50:00
202400013359.0;1;16;16281;2;1;1.0;6.0;45.73437;0.371754;2024-07-03 16:45:00
202400013360.0;1;85;85213;1;1;1.0;7.0;46.574902;-1.343694;2024-07-03 07:49:00
202400013361.0;1;93;93001;1;1;1.0;7.0;48.92145;2.37534;2024-03-13 18:00:00
202400013362.0;1;988;98818;2;1;1.0;6.0;-22.27274;166.45077;2024-03-14 14:34:00
202400013363.0;1;37;37266;2;1;1.0;6.0;47.29108174;0.73466787;2024-07-02 18:00:00
202400013364.0;1;987;98735;2;7;1.0;3.0;-17.534228;-149.567319;2024-03-13 14:46:00
202400013365.0;1;30;30100;2;1;1.0;3.0;44.001239;4.202244;2024-07-03 16:00:00
202400013366.0;1;976;97611;2;1;1.0;3.0;-12.801;45.208;2024-03-14 07:10:00
202400013367.0;2;52;52212;1;9;1.0;3.0;48.40086263;5.15895188;2024-07-04 05:20:00
202400013368.0;5;974;97411;2;9;2.0;3.0;-20.89097;55.48016;2024-03-15 03:45:00
202400013369.0;1;31;31588;2;3;1.0;3.0;43.530876;1.369506;2024-07-04 11:24:00
202400013370.0;1;13;13044;1;1;1.0;2.0;43.6202286;5.0150945;2024-07-03 18:10:00
202400013371.0;1;974;97411;2;1;1.0;4.0;-20.88966;55.45208;2024-03-14 16:50:00
202400013372.0;2;973;97302;2;1;1.0;6.0;4.92953;-52.3152;2024-03-13 17:48:00
202400013373.0;1;66;66108;2;3;1.0;3.0;42.693898;2.696709;2024-07-03 19:38:00
202400013374.0;1;973;97302;2;1;1.0;6.0;4.93607727;-52.33240306;2024-03-13 15:05:00
202400013375.0;1;13;13065;1;1;7.0;2.0;43.692685;4.918549;2024-07-04 08:50:00
202400013376.0;1;973;97302;2;1;2.0;3.0;4.92682;-52.31935;2024-03-13 13:00:00
202400013377.0;1;987;98747;2;1;1.0;1.0;-17.756;-148.736;2024-07-02 07:50:00
202400013378.0;1;69;69383;2;2;1.0;3.0;45.75785;4.84879;2024-03-14 13:30:00
202400013379.0;1;974;97420;2;1;1.0;6.0;-20.904963;55.605599;2024-07-03 11:30:00
202400013380.0;1;69;69386;2;2;1.0;3.0;45.76625986;4.85944733;2024-03-08 09:40:00
202400013381.0;1;974;97408;1;1;1.0;2.0;-20.909613;55.357039;2024-07-03 12:25:00
202400013382.0;1;2B;2B033;1;1;1.0;2.0;42.67372;9.44384;2024-03-14 08:06:00
202400013383.0;1;971;97117;1;1;2.0;1.0;16.376469;-61.413381;2024-07-03 18:15:00
202400013384.0;1;45;45198;1;1;1.0;1.0;48.20453;2.288407;2024-07-04 09:00:00
202400013385.0;5;95;95203;2;2;1.0;1.0;48.99407959;2.27972093;2024-03-13 19:40:00
202400013386.0;1;91;91471;2;1;1.0;6.0;48.70045;2.19227;2024-03-14 12:10:00
202400013387.0;1;77;77437;1;1;1.0;5.0;49.026276;2.815847;2024-07-01 15:00:00
202400013388.0;5;91;91589;2;1;2.0;6.0;48.69069;2.3615;2024-03-14 23:50:00
202400013389.0;5;2A;2A247;2;1;1.0;1.0;41.604163;9.27711;2024-07-03 23:30:00
202400013390.0;5;91;91027;2;1;8.0;6.0;48.71362;2.37123;2024-02-25 00:55:00
202400013391.0;1;30;30128;1;1;1.0;3.0;43.739065;4.343312;2024-07-04 11:40:00
202400013392.0;5;91;91228;2;2;1.0;1.0;48.63111;2.41523;2024-02-23 21:20:00
202400013393.0;1;11;11099;1;3;1.0;3.0;43.25982483;2.39579137;2024-07-03 17:50:00
202400013394.0;1;84;84087;2;3;1.0;2.0;44.135;4.811;2024-03-13 16:40:00
202400013395.0;5;84;84007;2;6;1.0;6.0;43.91594;4.88913;2024-03-14 00:55:00
202400013396.0;1;26;26124;1;1;1.0;3.0;44.833721;4.861847;2024-07-04 12:20:00
202400013397.0;3;84;84007;2;2;1.0;3.0;43.92962;4.82095;2024-03-13 05:20:00
202400013398.0;1;83;83069;1;1;1.0;6.0;43.1134572;6.10164133;2024-03-14 16:40:00
202400013399.0;1;26;26362;1;1;1.0;2.0;44.926777;4.880558;2024-07-04 11:40:00
202400013400.0;3;78;78551;1;9;1.0;1.0;48.94854;2.07401;2024-03-14 20:35:00
202400013401.0;1;21;21295;1;1;1.0;1.0;47.230454;5.000914;2024-07-04 05:20:00
202400013402.0;1;77;77438;2;9;1.0;6.0;48.85473;2.66664;2024-03-13 18:00:00
202400013403.0;1;55;55553;1;1;3.0;6.0;48.78937698;5.632535;2024-07-04 07:35:00
202400013404.0;5;38;38349;2;4;1.0;6.0;45.319519;4.769834;2024-07-03 22:40:00
202400013405.0;1;76;76351;2;3;1.0;6.0;49.516007;0.097179;2024-03-14 13:50:00
202400013406.0;1;76;76351;2;2;1.0;3.0;49.515432;0.105289;2024-03-13 14:20:00
202400013407.0;1;81;81283;2;2;1.0;3.0;43.936133;1.953941;2024-07-03 15:06:00
202400013408.0;5;76;76351;2;8;1.0;3.0;49.49342;0.10363;2024-03-13 20:35:00
202400013409.0;1;65;65059;2;1;1.0;3.0;43.058333;0.155311;2024-07-04 10:35:00
202400013410.0;1;69;69266;2;1;1.0;3.0;45.77043;4.87477;2024-03-14 17:30:00
202400013411.0;1;31;31478;1;2;8.0;1.0;43.448884;1.916234;2024-07-01 19:15:00
202400013412.0;1;69;69290;2;1;1.0;7.0;45.68957;4.98279;2024-03-13 17:15:00
202400013413.0;1;16;16061;1;2;1.0;3.0;45.7250768;0.25843083;2024-07-04 15:00:00
202400013414.0;1;69;69290;2;1;1.0;2.0;45.71963478;4.93390517;2024-03-13 15:30:00
202400013415.0;5;29;29042;1;1;1.0;6.0;48.24816493;-4.41964801;2024-07-04 04:00:00
202400013416.0;1;67;67482;2;1;1.0;6.0;48.57303;7.75566;2024-03-14 16:20:00
202400013417.0;3;35;35228;1;1;1.0;7.0;48.58669169;-2.06926136;2024-07-04 03:30:00
202400013418.0;1;67;67043;1;1;1.0;3.0;48.62025;7.7203;2024-03-14 09:45:00
202400013419.0;1;59;59025;2;6;1.0;3.0;50.59419641;2.82858253;2024-06-26 09:30:00
202400013420.0;5;67;67482;2;3;8.0;3.0;48.58073;7.72774;2024-03-13 19:10:00
202400013421.0;1;13;13212;2;1;1.0;4.0;43.29737;5.42476;2024-07-03 08:55:00
202400013422.0;1;66;66136;1;1;1.0;4.0;42.72763;2.9044;2024-03-14 07:30:00
202400013423.0;1;69;69007;1;9;1.0;6.0;45.50620909;4.84125726;2024-07-03 13:20:00
202400013424.0;2;64;64102;2;1;7.0;6.0;43.48583;-1.49106;2024-03-13 18:40:00
202400013425.0;1;78;78362;1;1;1.0;2.0;48.973384;1.729487;2024-07-03 15:15:00
202400013426.0;1;92;92036;1;1;1.0;2.0;48.93704302;2.29351401;2024-07-02 20:20:00
202400013427.0;1;64;64024;2;1;1.0;3.0;43.49142;-1.49606;2024-03-13 17:30:00
202400013428.0;1;92;92025;1;1;1.0;3.0;48.93367421;2.25327642;2024-07-01 17:35:00
202400013429.0;1;64;64140;2;3;1.0;1.0;43.52248;-1.48994;2024-03-13 07:20:00
202400013430.0;1;93;93007;1;1;1.0;3.0;48.93230265;2.48082971;2024-07-03 16:30:00
202400013431.0;1;63;63014;2;1;1.0;2.0;45.76406;3.11277;2024-03-14 13:55:00
202400013432.0;1;95;95351;1;1;1.0;2.0;49.038495;2.48439157;2024-07-03 07:00:00
202400013433.0;1;95;95252;1;1;1.0;3.0;48.97788631;2.23221621;2024-07-02 20:25:00
202400013434.0;1;62;62186;2;3;1.0;1.0;50.43936722;2.71912458;2024-03-14 18:20:00
202400013435.0;1;95;95582;1;1;1.0;2.0;48.97011903;2.249862;2024-07-02 18:50:00
202400013436.0;1;59;59599;2;1;1.0;7.0;50.709647;3.167533;2024-03-14 09:15:00
202400013437.0;1;93;93066;1;1;1.0;2.0;48.92651876;2.33646316;2024-07-02 19:40:00
202400013438.0;1;59;59220;2;2;1.0;6.0;50.60601;3.06465;2024-03-14 07:25:00
202400013439.0;4;94;94004;1;1;1.0;2.0;48.74381089;2.51253033;2024-07-03 03:30:00
202400013440.0;1;91;91692;2;1;1.0;3.0;48.687501;2.196691;2024-01-16 14:15:00
202400013441.0;1;56;56121;2;3;1.0;3.0;47.75953;-3.36743;2024-03-13 15:00:00
202400013442.0;5;54;54395;2;3;1.0;1.0;48.69019;6.18759;2024-03-13 23:30:00
202400013443.0;1;14;14654;1;1;1.0;7.0;49.047011;-0.014613;2024-03-29 07:45:00
202400013444.0;2;54;54451;1;1;1.0;7.0;49.507136;5.752529;2024-03-14 18:00:00
202400013445.0;3;49;49099;2;1;1.0;7.0;47.07168;-0.8547;2024-03-23 22:00:00
202400013446.0;5;50;50129;2;3;1.0;3.0;49.64335;-1.62882;2024-03-12 20:00:00
202400013447.0;5;49;49267;2;1;1.0;6.0;47.47101;-0.51539;2024-03-12 19:15:00
202400013448.0;3;49;49099;2;3;1.0;6.0;47.06225;-0.8805;2024-02-24 23:00:00
202400013449.0;1;49;49007;2;1;1.0;3.0;47.472;-0.541;2024-03-12 17:01:00
202400013450.0;1;16;16271;2;1;1.0;1.0;45.613;0.181;2024-04-20 19:20:00
202400013451.0;1;45;45285;2;1;1.0;6.0;47.9214;1.88362;2024-03-14 08:30:00
202400013452.0;1;976;97611;2;1;1.0;6.0;-12.77956;45.22752;2024-06-26 17:00:00
202400013453.0;5;41;41226;2;2;1.0;3.0;47.80653943;1.07209301;2024-03-14 22:00:00
202400013454.0;5;974;97416;2;3;1.0;6.0;-21.33492;55.46408;2024-07-02 18:35:00
202400013455.0;5;38;38151;2;6;1.0;1.0;45.14808;5.73466;2024-03-13 19:50:00
202400013456.0;1;974;97416;2;9;1.0;3.0;-21.33;55.47;2024-07-02 09:40:00
202400013457.0;5;37;37261;2;7;1.0;6.0;47.39053;0.69181;2024-03-13 19:50:00
202400013458.0;5;974;97409;2;1;1.0;6.0;-20.94204;55.64733;2024-07-02 22:45:00
202400013459.0;1;37;37261;2;1;1.0;2.0;47.38358;0.7111;2024-03-14 09:35:00
202400013460.0;2;974;97407;2;1;1.0;6.0;-20.93851;55.29623;2024-07-02 18:50:00
202400013461.0;1;69;69387;2;1;1.0;3.0;45.74089;4.82747;2024-07-01 11:45:00
202400013462.0;1;35;35281;1;1;1.0;4.0;48.06314;-1.71868;2024-03-13 09:30:00
202400013463.0;1;972;97209;1;1;3.0;2.0;14.6118;-61.04257;2024-07-01 12:15:00
202400013464.0;1;34;34301;2;2;1.0;6.0;43.4064;3.69987;2024-03-13 14:30:00
202400013465.0;1;2B;2B037;1;1;1.0;4.0;42.61;9.41667;2024-07-02 17:44:00
202400013466.0;1;2B;2B033;2;1;1.0;3.0;9.4443;42.6772;2024-07-01 12:03:00
202400013467.0;5;34;34172;2;1;1.0;3.0;43.601666;3.852174;2024-03-14 21:30:00
202400013468.0;1;971;97113;1;1;2.0;2.0;16.21365;-61.47771;2024-07-01 17:50:00
202400013469.0;5;33;33063;2;2;1.0;3.0;44.83698;-0.60679;2024-03-14 20:15:00
202400013470.0;1;91;91552;2;2;1.0;1.0;48.59357;2.26312;2024-07-02 12:00:00
202400013471.0;4;33;33063;2;1;1.0;6.0;44.85153;-0.58974;2024-03-14 19:50:00
202400013472.0;1;33;33162;2;9;1.0;6.0;44.87962;-0.62683;2024-03-14 08:55:00
202400013473.0;1;91;91549;2;3;1.0;3.0;48.64605;2.314219;2024-07-01 17:30:00
202400013474.0;5;31;31555;2;1;1.0;6.0;43.62535351;1.47548586;2024-03-14 21:00:00
202400013475.0;1;91;91469;1;1;1.0;5.0;48.4028;2.14089;2024-07-01 17:20:00
202400013476.0;1;31;31555;2;1;1.0;4.0;43.6488398;1.4353736;2024-03-14 15:55:00
202400013477.0;1;30;30007;2;6;1.0;7.0;44.145344;4.08794;2024-03-13 17:10:00
202400013478.0;2;87;87085;2;1;1.0;2.0;45.8324;1.25668;2024-06-30 06:20:00
202400013479.0;2;29;29019;2;6;1.0;3.0;48.402043;-4.502468;2024-03-13 19:30:00
202400013480.0;1;84;84031;2;4;1.0;1.0;44.03745;5.05046;2024-07-01 17:20:00
202400013481.0;1;29;29019;2;3;8.0;3.0;48.396948;-4.483113;2024-03-13 09:20:00
202400013482.0;1;83;83098;2;3;1.0;3.0;43.1066;6.0218;2024-07-02 18:10:00
202400013483.0;1;25;25056;2;3;1.0;3.0;47.2599;6.046577;2024-03-14 16:46:00
202400013484.0;1;80;80674;2;1;1.0;3.0;49.90218;2.32476;2024-07-01 16:55:00
202400013485.0;1;25;25056;2;6;1.0;6.0;47.21405;5.96795;2024-03-14 07:55:00
202400013486.0;1;80;80021;2;1;1.0;7.0;49.88748;2.3053;2024-07-01 11:10:00
202400013487.0;1;22;22360;1;6;2.0;3.0;48.48383;-2.73488;2024-02-21 18:51:00
202400013488.0;3;78;78168;2;1;1.0;6.0;48.739457;1.910234;2024-07-03 00:45:00
202400013489.0;1;76;76366;2;3;1.0;1.0;49.5069;1.039955;2024-07-02 08:45:00
202400013490.0;1;76;76351;2;3;1.0;6.0;49.49227;0.12329;2024-07-01 19:00:00
202400013491.0;1;74;74012;2;1;1.0;6.0;46.1947;6.24014;2024-07-01 16:00:00
202400013492.0;1;73;73065;2;3;1.0;5.0;45.56027037;5.92505523;2024-07-02 18:20:00
202400013493.0;1;72;72181;2;2;1.0;5.0;47.9862;0.2254;2024-07-02 12:30:00
202400013494.0;3;72;72181;2;9;1.0;6.0;48.0003942;0.217976;2024-07-02 00:40:00
202400013495.0;1;72;72181;2;2;1.0;2.0;47.98959;0.20693;2024-07-01 21:08:00
202400013496.0;1;71;71306;2;1;1.0;3.0;46.67262;4.36607;2024-07-01 11:44:00
202400013497.0;1;71;71076;2;3;1.0;3.0;46.78887891;4.83595043;2024-07-02 07:35:00
202400013498.0;1;69;69276;2;1;1.0;6.0;45.67028357;4.85017257;2024-07-01 10:30:00
202400013499.0;1;67;67482;2;3;8.0;3.0;48.56406;7.70508;2024-06-30 18:00:00
202400013500.0;1;64;64445;2;2;1.0;3.0;43.29586;-0.36599;2024-07-02 19:00:00
202400013501.0;1;64;64132;2;1;2.0;4.0;43.29285;-0.32907;2024-07-01 17:05:00
202400013502.0;1;64;64132;2;3;1.0;7.0;43.28696;-0.35463;2024-07-01 16:15:00
202400013503.0;1;63;63014;2;3;1.0;5.0;45.74972;3.10573;2024-07-02 16:08:00
202400013504.0;1;59;59193;1;1;1.0;1.0;50.58162;3.01197;2024-07-02 11:10:00
202400013505.0;1;59;59220;2;1;1.0;3.0;50.60661;3.0659;2024-07-01 17:20:00
202400013506.0;1;59;59350;2;9;1.0;6.0;50.62080329;3.07721325;2024-03-06 13:29:00
202400013507.0;1;57;57631;2;3;1.0;3.0;49.10901;7.06354;2024-07-01 16:45:00
202400013508.0;1;56;56162;2;6;1.0;6.0;47.70978;-3.43858;2024-07-01 11:43:00
202400013509.0;1;54;54395;2;3;1.0;3.0;48.692242;6.172626;2024-07-02 12:20:00
202400013510.0;1;54;54274;2;1;2.0;2.0;48.673094;6.206388;2024-07-01 09:45:00
202400013511.0;1;54;54575;1;1;1.0;1.0;49.47215;5.84044;2024-07-01 14:45:00
202400013512.0;1;51;51573;2;1;8.0;1.0;49.24775;4.00628;2024-07-02 17:40:00
202400013513.0;1;51;51058;2;7;1.0;3.0;49.21708;3.99229;2024-07-02 06:00:00
202400013514.0;1;50;50165;2;1;1.0;2.0;48.84452;-1.58522;2024-07-02 17:18:00
202400013515.0;1;50;50129;2;1;1.0;3.0;49.63938;-1.61908;2024-07-01 08:00:00
202400013516.0;1;49;49007;2;1;1.0;3.0;47.46491;-0.60244;2024-07-01 14:25:00
202400013517.0;1;49;49007;2;1;1.0;3.0;47.45014;-0.55994;2024-07-01 08:00:00
202400013518.0;1;49;49267;2;1;1.0;3.0;47.47063;-0.51804;2024-06-28 15:00:00
202400013519.0;1;45;45208;2;1;1.0;3.0;47.99771;2.72142;2024-07-02 14:30:00
202400013520.0;1;40;40088;2;1;1.0;6.0;43.70859;-1.05585;2024-06-15 10:55:00
202400013521.0;1;37;37208;2;1;1.0;6.0;47.35489476;0.72224271;2024-07-02 21:20:00
202400013522.0;1;35;35238;2;1;1.0;3.0;48.12875;-1.68782;2024-07-02 18:00:00
202400013523.0;1;35;35206;1;1;2.0;5.0;48.0793895;-1.68848008;2024-07-02 09:00:00
202400013524.0;1;34;34301;1;1;1.0;5.0;43.363716;3.60924;2024-07-02 13:15:00
202400013525.0;1;34;34301;2;9;1.0;3.0;43.41379;3.67198;2024-07-02 13:10:00
202400013526.0;5;13;13214;1;1;1.0;5.0;43.32477293;5.37850846;2024-11-22 18:15:00
202400013527.0;3;13;13106;1;1;2.0;2.0;43.38642;5.35077;2024-11-19 19:15:00
202400013528.0;5;34;34108;1;6;1.0;3.0;43.41766;3.724718;2024-07-01 22:35:00
202400013529.0;2;34;34032;2;7;1.0;6.0;43.34501;3.21552;2024-06-30 20:00:00
202400013530.0;3;83;83062;1;1;1.0;4.0;43.14229207;6.0352296;2024-11-22 17:35:00
202400013531.0;1;33;33318;2;1;1.0;1.0;44.80154;-0.6168;2024-07-02 14:10:00
202400013532.0;5;33;33039;1;1;1.0;4.0;44.798635;-0.536739;2024-11-23 18:31:00
202400013533.0;1;33;33550;1;2;1.0;3.0;44.746683;-0.563832;2024-07-01 17:10:00
202400013534.0;1;91;91064;1;1;1.0;4.0;48.76529;2.22999;2024-11-23 12:45:00
202400013535.0;1;94;94034;1;1;2.0;2.0;48.75814463;2.32679159;2024-11-23 11:05:00
202400013536.0;1;26;26362;1;3;1.0;3.0;44.93900266;4.96459723;2024-07-02 18:00:00
202400013537.0;3;92;92064;1;1;1.0;2.0;48.83887386;2.1936047;2024-11-23 01:50:00
202400013538.0;3;95;95527;1;1;1.0;6.0;49.01367;2.53019;2024-11-23 01:00:00
202400013539.0;3;92;92078;1;1;1.0;6.0;48.92768258;2.33292863;2024-11-23 01:00:00
202400013540.0;1;13;13202;2;1;1.0;3.0;43.30329;5.37373;2024-07-02 15:20:00
202400013541.0;3;94;94028;1;1;2.0;2.0;48.79088233;2.44053125;2024-11-22 20:55:00
202400013542.0;1;13;13103;2;6;1.0;3.0;43.62886;5.12053;2024-07-01 16:00:00
202400013543.0;1;13;13028;2;1;1.0;3.0;43.19027;5.604;2024-07-02 09:15:00
202400013544.0;1;974;97416;1;3;1.0;3.0;-21.33036;55.4569;2024-11-22 10:50:00
202400013545.0;1;13;13005;2;3;1.0;3.0;43.2944;5.55732;2024-07-02 16:00:00
202400013546.0;1;974;97411;1;1;1.0;2.0;-20.89636;55.50457;2024-11-22 11:30:00
202400013547.0;1;974;97407;2;3;2.0;3.0;-20.94112;55.29701;2024-11-22 07:40:00
202400013548.0;1;13;13001;2;1;1.0;2.0;43.51749984;5.44290478;2024-07-02 12:15:00
202400013549.0;3;973;97302;1;1;1.0;6.0;4.90472057;-52.3186208;2024-11-21 19:23:00
202400013550.0;1;12;12202;2;6;1.0;3.0;44.36511086;2.57408515;2024-06-24 15:15:00
202400013551.0;1;973;97302;2;6;1.0;3.0;4.92699;-52.29;2024-11-21 17:21:00
202400013552.0;3;7;7019;1;1;1.0;6.0;44.59842;4.42013;2024-06-28 01:10:00
202400013553.0;1;973;97302;1;1;1.0;3.0;4.90553387;-52.32324922;2024-11-21 07:40:00
202400013554.0;5;69;69388;2;3;1.0;3.0;45.73055;4.86449;2024-11-22 20:25:00
202400013555.0;5;69;69387;2;2;1.0;3.0;45.748;4.83906;2024-11-22 21:00:00
202400013556.0;5;69;69387;2;3;1.0;3.0;45.74567;4.83597;2024-11-22 19:24:00
202400013557.0;5;69;69388;2;1;1.0;6.0;45.73592698;4.87397275;2024-11-22 18:50:00
202400013558.0;2;972;97213;1;1;1.0;6.0;14.6333;-61.0271;2024-11-22 17:22:00
202400013559.0;1;972;97213;2;1;2.0;3.0;14.64242;-61.03138;2024-11-22 06:50:00
202400013560.0;1;971;97113;1;9;1.0;7.0;16.2152;-61.47918;2024-11-22 15:00:00
202400013561.0;5;95;95563;2;9;1.0;6.0;49.02;2.2403;2024-11-22 16:55:00
202400013562.0;1;91;91691;2;3;1.0;6.0;48.71845;2.48854;2024-11-22 14:57:00
202400013563.0;5;91;91228;2;2;1.0;6.0;48.63065;2.41281;2024-11-22 18:45:00
202400013564.0;1;87;87085;2;1;6.0;6.0;45.85478;1.27238;2024-11-21 16:40:00
202400013565.0;5;87;87085;2;1;1.0;4.0;45.8376251;1.23158991;2024-11-21 08:30:00
202400013566.0;5;84;84031;2;3;1.0;6.0;44.04999;5.03854;2024-11-22 19:20:00
202400013567.0;5;84;84007;2;1;1.0;1.0;43.92911;4.81265;2024-11-22 16:15:00
202400013568.0;4;83;83123;1;1;1.0;2.0;43.12417335;5.79066983;2024-11-21 19:30:00
202400013569.0;5;79;79191;2;3;9.0;1.0;46.31261;-0.44159;2024-11-22 19:55:00
202400013570.0;1;74;74010;2;1;8.0;2.0;45.92204;6.121;2024-11-22 09:40:00
202400013571.0;1;72;72181;2;1;1.0;6.0;48.01749;0.15284;2024-11-22 14:45:00
202400013572.0;5;72;72181;1;1;1.0;3.0;48.02816217;0.17520189;2024-11-21 22:00:00
202400013573.0;1;69;69264;2;1;1.0;3.0;45.98767;4.72134;2024-11-22 11:20:00
202400013574.0;5;69;69264;2;1;8.0;2.0;45.9857;4.72268;2024-11-22 06:50:00
202400013575.0;5;69;69199;2;1;1.0;3.0;45.69005749;4.86163994;2024-11-22 23:30:00
202400013576.0;4;69;69290;1;1;2.0;6.0;45.70005;4.97023;2024-11-22 01:45:00
202400013577.0;5;67;67482;2;1;8.0;6.0;48.57196;7.75486;2024-11-22 17:50:00
202400013578.0;5;67;67180;2;3;1.0;5.0;48.805424;7.779457;2024-11-22 19:10:00
202400013579.0;1;64;64483;2;1;3.0;6.0;43.38846;-1.65873;2024-11-22 09:30:00
202400013580.0;5;64;64445;2;1;1.0;3.0;43.29865337;-0.37255079;2024-11-22 23:05:00
202400013581.0;5;64;64445;2;9;1.0;6.0;43.29723;-0.37587;2024-11-22 20:00:00
202400013582.0;1;64;64445;2;1;2.0;7.0;43.29526;-0.35693;2024-11-22 08:55:00
202400013583.0;1;64;64445;2;3;1.0;6.0;43.30628;-0.36421;2024-11-21 14:05:00
202400013584.0;1;64;64122;1;1;2.0;3.0;43.45211;-1.55578;2024-11-22 13:50:00
202400013585.0;4;64;64102;2;1;1.0;4.0;43.5117;-1.4685;2024-11-22 20:10:00
202400013586.0;1;59;59599;2;1;1.0;2.0;50.717516;3.145477;2024-11-22 14:30:00
202400013587.0;1;56;56098;2;2;1.0;3.0;47.76672;-3.35906;2024-11-22 15:00:00
202400013588.0;5;54;54395;2;2;1.0;6.0;48.69647943;6.19299531;2024-11-22 07:20:00
202400013589.0;1;54;54395;2;3;1.0;3.0;48.7032;6.154819;2024-11-21 10:40:00
202400013590.0;5;54;54395;2;3;1.0;3.0;48.6800925;6.19540393;2024-11-20 18:00:00
202400013591.0;1;51;51454;2;1;4.0;7.0;49.264;4.01847;2024-11-22 10:15:00
202400013592.0;3;51;51058;2;1;1.0;6.0;49.21612;3.99754;2024-11-21 17:55:00
202400013593.0;5;50;50129;2;1;8.0;1.0;49.65187;-1.64694;2024-11-21 08:20:00
202400013594.0;5;50;50129;2;6;3.0;2.0;49.63658;-1.59591;2024-11-18 17:45:00
202400013595.0;1;49;49099;2;3;1.0;6.0;47.06153;-0.8745;2024-11-21 15:55:00