Num_Acc;lum;departement;commune;agglomeration;intersection;meteo;type_collision;lat;long;date
202400013596.0;1;49;49353;2;1;1.0;6.0;47.45;-0.50717;2024-11-22 10:22:00
202400013597.0;5;49;49007;2;1;1.0;6.0;47.4671;-0.52567;2024-11-21 22:00:00
202400013598.0;5;49;49246;2;6;4.0;6.0;47.44760341;-0.5097384;2024-11-21 08:06:00
202400013599.0;5;49;49007;2;2;4.0;3.0;47.46001;-0.5585;2024-11-21 08:20:00
202400013600.0;1;49;49007;2;1;1.0;2.0;47.45684;-0.57209;2024-11-20 16:20:00
202400013601.0;5;38;38563;2;1;2.0;3.0;45.36522;5.584676;2024-11-22 19:30:00
202400013602.0;5;38;38185;2;2;1.0;3.0;45.1861;5.7247;2024-11-22 18:10:00
202400013603.0;5;37;37233;2;6;9.0;7.0;47.38013;0.72666;2024-11-22 05:45:00
202400013604.0;3;35;35238;1;1;1.0;2.0;48.14202063;-1.66279701;2024-11-23 01:00:00
202400013605.0;1;35;35278;1;1;1.0;2.0;48.15608;-1.6999;2024-11-22 14:30:00
202400013606.0;1;76;76217;2;1;1.0;2.0;49.91008;1.08536;2024-04-19 12:00:00
202400013607.0;2;35;35238;2;1;1.0;3.0;48.11646;-1.67329;2024-11-22 08:20:00
202400013608.0;5;34;34172;2;1;1.0;3.0;43.62068;3.89042;2024-11-22 17:25:00
202400013609.0;1;71;71270;2;2;1.0;2.0;46.32039779;4.83200625;2024-04-19 17:35:00
202400013610.0;1;34;34172;2;2;1.0;3.0;43.62071;3.85786;2024-11-22 10:05:00
202400013611.0;1;66;66136;1;1;1.0;4.0;42.71202;2.92432;2024-04-21 08:20:00
202400013612.0;1;65;65286;2;1;1.0;3.0;43.10582;-0.04106;2024-04-19 11:33:00
202400013613.0;3;33;33063;2;1;8.0;4.0;44.88788;-0.55488;2024-11-22 20:30:00
202400013614.0;1;63;63113;2;1;1.0;6.0;45.78132;3.09005;2024-04-21 16:20:00
202400013615.0;5;33;33063;2;2;1.0;3.0;44.82817685;-0.56869;2024-11-22 20:55:00
202400013616.0;1;60;60463;1;1;1.0;6.0;49.28261;2.45024;2024-04-20 17:45:00
202400013617.0;5;33;33063;2;3;1.0;3.0;44.81784;-0.57733;2024-11-22 18:15:00
202400013618.0;1;59;59512;2;2;1.0;1.0;50.691044;3.156239;2024-04-21 13:30:00
202400013619.0;5;33;33063;2;2;2.0;2.0;44.82792;-0.59334;2024-11-22 01:45:00
202400013620.0;1;59;59350;2;2;1.0;3.0;50.63793;3.02347;2024-04-20 11:35:00
202400013621.0;5;33;33063;2;6;1.0;6.0;44.896369;-0.550665;2024-11-18 00:01:00
202400013622.0;3;59;59122;2;1;1.0;6.0;50.17783;3.21561;2024-04-21 02:00:00
202400013623.0;3;30;30331;1;1;1.0;6.0;44.11445;4.58131;2024-11-14 00:16:00
202400013624.0;1;56;56260;2;1;1.0;6.0;47.6538;-2.7354;2024-04-21 13:50:00
202400013625.0;1;29;29019;2;6;1.0;2.0;48.42257538;-4.47700816;2024-11-22 12:35:00
202400013626.0;2;54;54099;1;1;1.0;7.0;49.253698;5.988912;2024-04-21 19:10:00
202400013627.0;2;27;27229;2;1;9.0;2.0;49.01461;1.16304;2024-11-21 17:08:00
202400013628.0;1;45;45208;2;1;1.0;3.0;47.99522;2.74227;2024-04-21 17:49:00
202400013629.0;5;44;44109;2;6;1.0;6.0;47.20986;-1.5615;2024-04-21 21:44:00
202400013630.0;5;43;43157;2;2;8.0;3.0;45.04830092;3.89296972;2024-04-21 04:50:00
202400013631.0;5;26;26362;2;3;1.0;3.0;44.92713;4.89981;2024-11-22 22:45:00
202400013632.0;2;37;37122;2;3;1.0;6.0;47.34807;0.65835;2024-04-21 20:35:00
202400013633.0;5;34;34172;2;1;1.0;2.0;43.63576;3.84645;2024-04-22 01:05:00
202400013634.0;1;34;34003;2;1;1.0;2.0;43.2909;3.4809;2024-04-21 14:43:00
202400013635.0;5;22;22278;2;1;2.0;6.0;48.50836;-2.76026;2024-11-22 07:53:00
202400013636.0;5;33;33063;2;4;1.0;6.0;44.83349921;-0.57422608;2024-04-22 01:50:00
202400013637.0;1;33;33063;2;3;1.0;6.0;44.82952;-0.56454;2024-04-21 17:20:00
202400013638.0;1;15;15014;1;1;1.0;6.0;44.92418049;2.47152637;2024-11-22 07:50:00
202400013639.0;5;33;33063;2;1;1.0;6.0;44.84413326;-0.58802654;2024-04-21 02:25:00
202400013640.0;1;33;33318;2;9;1.0;3.0;44.78501;-0.66242;2024-04-19 13:45:00
202400013641.0;3;14;14366;2;1;4.0;3.0;49.14669;0.25898;2024-11-21 07:35:00
202400013642.0;1;31;31555;2;1;1.0;3.0;43.56495;1.39467;2024-04-21 17:12:00
202400013643.0;5;13;13054;2;1;1.0;1.0;43.41997801;5.22569179;2024-11-22 19:20:00
202400013644.0;1;22;22113;2;1;1.0;7.0;48.72182;-3.4818;2024-04-19 17:50:00
202400013645.0;5;17;17415;2;1;1.0;7.0;45.74762143;-0.61252282;2024-04-21 22:00:00
202400013646.0;1;13;13202;2;3;1.0;3.0;43.30326;5.37394;2024-11-22 11:50:00
202400013647.0;5;17;17300;2;1;1.0;7.0;46.14754;-1.15064;2024-04-21 05:05:00
202400013648.0;2;13;13213;2;6;1.0;1.0;43.32958;5.41986;2024-11-22 07:19:00
202400013649.0;5;13;13211;2;1;8.0;1.0;43.29129;5.4434;2024-11-22 02:30:00
202400013650.0;1;13;13117;2;3;1.0;1.0;43.45026;5.25257;2024-04-21 19:15:00
202400013651.0;5;13;13206;2;1;1.0;2.0;43.26619;5.38229;2024-11-22 01:30:00
202400013652.0;1;13;13210;2;1;1.0;3.0;43.27001;5.40626;2024-04-21 18:45:00
202400013653.0;3;11;11262;2;2;8.0;7.0;43.19022;3.00615;2024-11-22 07:10:00
202400013654.0;1;13;13028;1;1;1.0;1.0;43.1828403;5.66886493;2024-04-20 15:35:00
202400013655.0;5;11;11069;2;2;2.0;6.0;43.20811;2.354428;2024-11-21 18:25:00
202400013656.0;1;13;13005;2;6;1.0;3.0;43.30383561;5.57223327;2024-04-21 12:00:00
202400013657.0;5;11;11069;2;1;2.0;3.0;43.224224;2.336018;2024-11-21 18:00:00
202400013658.0;1;13;13004;2;2;1.0;3.0;43.67539;4.63968;2024-04-21 16:30:00
202400013659.0;5;10;10333;2;3;4.0;3.0;48.28036;4.04532;2024-11-22 17:40:00
202400013660.0;5;6;6088;2;1;2.0;6.0;43.70284;7.27886;2024-04-21 23:30:00
202400013661.0;1;7;7186;2;1;1.0;1.0;44.7313;4.59033;2024-11-22 12:25:00
202400013662.0;5;6;6104;2;1;2.0;1.0;43.76049;7.4829;2024-04-21 21:30:00
202400013663.0;1;6;6159;1;9;1.0;3.0;43.71047;7.31944;2024-11-22 09:25:00
202400013664.0;1;6;6104;2;4;1.0;3.0;43.764625;7.456425;2024-04-21 16:20:00
202400013665.0;1;6;6088;2;7;1.0;3.0;43.69723;7.2629;2024-11-21 15:00:00
202400013666.0;1;6;6104;2;1;1.0;6.0;43.75311;7.44017;2024-11-22 14:40:00
202400013667.0;1;6;6069;2;1;1.0;3.0;43.647697;6.937209;2024-04-21 12:05:00
202400013668.0;1;6;6029;2;1;1.0;3.0;43.55028;6.98777;2024-11-18 14:00:00
202400013669.0;1;75;75113;2;1;1.0;3.0;48.816114;2.362523;2024-11-20 15:00:00
202400013670.0;5;75;75112;2;1;1.0;4.0;48.842254;2.413632;2024-04-20 23:30:00
202400013671.0;1;75;75120;2;9;1.0;6.0;48.848263;2.414947;2024-04-21 15:45:00
202400013672.0;1;75;75113;2;1;2.0;2.0;48.819197;2.371793;2024-11-18 15:30:00
202400013673.0;5;75;75120;2;2;8.0;6.0;48.85616;2.405005;2024-04-21 03:57:00
202400013674.0;5;75;75120;2;3;1.0;3.0;48.847939;2.411334;2024-11-22 20:36:00
202400013675.0;2;75;75119;2;5;1.0;3.0;48.880076;2.398363;2024-04-21 08:30:00
202400013676.0;5;75;75117;2;2;8.0;6.0;48.891558;2.318476;2024-11-22 00:30:00
202400013677.0;1;75;75117;2;4;1.0;2.0;48.894991;2.315536;2024-04-20 15:15:00
202400013678.0;1;75;75113;2;5;1.0;1.0;48.825844;2.350466;2024-04-21 17:25:00
202400013679.0;1;75;75116;2;3;8.0;5.0;48.85299;2.264819;2024-11-22 10:15:00
202400013680.0;1;75;75113;2;1;2.0;3.0;48.823914;2.357956;2024-04-21 17:50:00
202400013681.0;1;75;75114;2;1;1.0;6.0;48.827363;2.325702;2024-11-22 09:28:00
202400013682.0;1;75;75113;2;3;1.0;3.0;48.834003;2.364695;2024-04-21 17:40:00
202400013683.0;5;75;75113;2;1;1.0;6.0;48.820023;2.372091;2024-11-22 20:00:00
202400013684.0;5;75;75111;2;2;1.0;1.0;48.86811;2.372473;2024-04-21 05:50:00
202400013685.0;3;75;75111;2;2;1.0;3.0;48.866351;2.368848;2024-11-22 22:10:00
202400013686.0;1;75;75116;2;5;1.0;6.0;48.858307;2.272636;2024-04-21 18:50:00
202400013687.0;1;75;75108;2;4;1.0;6.0;48.880135;2.319936;2024-11-22 12:15:00
202400013688.0;2;94;94078;2;3;1.0;3.0;48.73907;2.44674;2024-04-21 06:40:00
202400013689.0;5;75;75107;2;1;1.0;3.0;48.862094;2.320815;2024-11-22 18:23:00
202400013690.0;1;93;93005;2;1;1.0;6.0;48.93295;2.5043;2024-04-21 10:23:00
202400013691.0;1;75;75102;2;7;8.0;7.0;48.865926;2.341364;2024-11-22 09:40:00
202400013692.0;1;93;93048;2;2;8.0;3.0;48.86234627;2.4437352;2024-04-21 18:48:00
202400013693.0;5;75;75101;2;1;4.0;6.0;48.860634;2.340694;2024-11-21 17:15:00
202400013694.0;1;93;93047;2;1;2.0;2.0;48.901063;2.558142;2024-04-21 15:10:00
202400013695.0;1;75;75102;2;3;4.0;6.0;48.869888;2.339034;2024-11-21 14:40:00
202400013696.0;1;92;92051;2;1;1.0;3.0;48.88005;2.25084;2024-04-21 19:50:00
202400013697.0;1;92;92026;2;9;1.0;3.0;48.89748517;2.2384149;2024-04-21 12:45:00
202400013698.0;5;94;94078;2;1;1.0;2.0;48.74669418;2.45276635;2024-11-22 18:15:00
202400013699.0;1;92;92036;2;1;1.0;7.0;48.91434;2.29699;2024-04-21 17:25:00
202400013700.0;1;974;97415;1;1;1.0;6.0;-21.002604;55.300209;2024-04-21 10:50:00
202400013701.0;5;94;94068;2;1;4.0;6.0;48.80100157;2.51866239;2024-11-22 02:30:00
202400013702.0;5;94;94068;2;1;4.0;7.0;48.80535729;2.48316114;2024-11-21 22:55:00
202400013703.0;1;94;94041;2;1;1.0;3.0;48.81345736;2.38877769;2024-11-22 16:30:00
202400013704.0;1;94;94041;2;1;2.0;6.0;48.812953;2.37056;2024-11-22 14:45:00
202400013705.0;3;86;86272;1;1;1.0;6.0;46.82728;0.472325;2024-04-18 21:35:00
202400013706.0;1;94;94037;2;1;4.0;3.0;48.8168871;2.33279758;2024-11-22 08:35:00
202400013707.0;1;68;68177;1;2;1.0;3.0;47.935545;7.17948;2024-04-22 18:10:00
202400013708.0;1;95;95487;2;9;1.0;1.0;49.15508098;2.26818411;2024-04-22 08:25:00
202400013709.0;1;94;94028;2;6;2.0;3.0;48.76701;2.47229;2024-11-22 13:15:00
202400013710.0;1;11;11148;1;3;1.0;3.0;43.18049;2.679334;2024-04-20 14:45:00
202400013711.0;1;95;95527;1;2;4.0;3.0;49.01146507;2.54251814;2024-11-22 10:20:00
202400013712.0;1;11;11203;1;1;1.0;6.0;43.232369;2.772202;2024-04-21 18:10:00
202400013713.0;5;93;93064;2;1;4.0;5.0;48.87736083;2.48509884;2024-11-21 23:15:00
202400013714.0;5;971;97109;2;1;1.0;1.0;15.989343;-61.679714;2024-04-21 19:30:00
202400013715.0;1;84;84127;2;1;1.0;6.0;44.179703;4.857813;2024-04-21 16:10:00
202400013716.0;1;93;93047;2;1;4.0;6.0;48.8870822;2.55399501;2024-11-22 09:13:00
202400013717.0;2;12;12270;1;1;1.0;3.0;44.293699;3.09719;2024-04-21 20:45:00
202400013718.0;1;93;93057;2;1;1.0;2.0;48.90990416;2.51396842;2024-11-22 14:10:00
202400013719.0;3;83;83140;1;1;1.0;1.0;43.406108;5.93781;2024-04-22 04:30:00
202400013720.0;1;94;94041;2;1;1.0;3.0;48.81935054;2.3964707;2024-09-11 09:30:00
202400013721.0;5;93;93008;2;1;4.0;3.0;48.8972799;2.43511713;2024-11-22 02:00:00
202400013722.0;2;51;51035;2;1;1.0;1.0;48.802963;3.92015;2024-04-21 19:44:00
202400013723.0;5;93;93008;2;1;4.0;2.0;48.89956;2.44727;2024-11-21 22:50:00
202400013724.0;3;32;32334;1;1;1.0;7.0;43.581743;1.137085;2024-04-22 00:40:00
202400013725.0;1;94;94028;1;1;1.0;5.0;48.78335;2.47242;2024-09-10 17:23:00
202400013726.0;1;94;94022;2;1;1.0;6.0;48.76553;2.40903;2024-09-11 19:10:00
202400013727.0;1;92;92040;2;3;1.0;3.0;48.8166136;2.27504924;2024-11-22 14:20:00
202400013728.0;1;71;71294;2;4;1.0;3.0;46.840486;4.736127;2024-04-21 16:12:00
202400013729.0;1;92;92051;2;9;1.0;6.0;48.87988809;2.27668628;2024-11-22 11:30:00
202400013730.0;1;11;11262;1;1;1.0;6.0;43.145301;2.905599;2024-04-22 18:20:00
202400013731.0;5;94;94060;2;3;8.0;3.0;48.77931061;2.58274426;2024-09-11 01:40:00
202400013732.0;3;93;93064;2;1;1.0;6.0;48.87503;2.48708;2024-09-11 22:10:00
202400013733.0;1;92;92051;2;1;2.0;6.0;48.88659372;2.26767629;2024-11-22 09:30:00
202400013734.0;4;61;61257;2;1;1.0;2.0;48.50408;-0.386399;2024-04-21 23:10:00
202400013735.0;5;92;92051;2;1;8.0;6.0;48.88484;2.25503;2024-11-20 18:46:00
202400013736.0;1;49;49369;1;1;9.0;6.0;47.415019;0.078348;2024-04-21 12:45:00
202400013737.0;1;93;93048;2;1;1.0;3.0;48.86052693;2.43718922;2024-09-11 19:10:00
202400013738.0;3;34;34277;1;1;1.0;6.0;43.851705;3.540634;2024-04-21 00:15:00
202400013739.0;5;92;92051;2;1;2.0;6.0;48.87854565;2.27911368;2024-11-18 19:20:00
202400013740.0;1;93;93027;2;1;1.0;3.0;48.92231127;2.41221428;2024-09-11 12:44:00
202400013741.0;1;92;92050;2;1;9.0;6.0;48.89043386;2.18005747;2024-11-22 13:13:00
202400013742.0;1;29;29251;1;2;1.0;3.0;48.68453744;-3.7778119;2024-04-22 07:25:00
202400013743.0;1;93;93007;2;2;1.0;6.0;48.92446;2.46353;2024-09-11 08:40:00
202400013744.0;1;29;29197;2;3;1.0;3.0;48.01521528;-4.49296205;2024-04-22 13:15:00
202400013745.0;1;92;92064;2;1;1.0;6.0;48.84442389;2.2091838;2024-09-11 10:30:00
202400013746.0;1;92;92050;2;3;2.0;3.0;48.9100124;2.22801916;2024-11-22 09:55:00
202400013747.0;1;92;92012;2;1;1.0;6.0;48.8417;2.22913;2024-09-11 12:20:00
202400013748.0;1;70;70386;1;1;1.0;1.0;47.702322;5.942643;2024-04-22 18:50:00
202400013749.0;5;92;92050;2;1;2.0;1.0;48.88616926;2.21285731;2024-11-18 17:26:00
202400013750.0;1;92;92012;2;1;1.0;7.0;48.82553;2.24807;2024-09-11 13:20:00
202400013751.0;2;54;54102;1;1;1.0;1.0;48.71351783;5.85794449;2024-04-20 19:01:00
202400013752.0;1;92;92044;2;2;1.0;6.0;48.8989395;2.28771374;2024-11-22 11:30:00
202400013753.0;1;92;92004;2;1;1.0;3.0;48.91105;2.29853;2024-09-11 12:45:00
202400013754.0;2;6;6042;2;1;8.0;6.0;43.998354;7.137331;2024-04-22 08:00:00
202400013755.0;1;5;5098;2;1;1.0;6.0;44.490777;6.550727;2024-04-22 10:50:00
202400013756.0;1;92;92025;2;1;1.0;2.0;48.91845772;2.23956864;2024-11-22 15:15:00
202400013757.0;1;71;71235;2;3;1.0;3.0;46.3236093;4.79571495;2024-09-11 09:50:00
202400013758.0;2;64;64137;1;6;1.0;3.0;43.19834;-0.24303;2024-04-22 07:10:00
202400013759.0;1;92;92024;2;1;1.0;6.0;48.91054892;2.30759844;2024-11-22 08:00:00
202400013760.0;1;24;24019;1;1;2.0;1.0;45.163279;1.085853;2024-09-11 18:20:00
202400013761.0;5;92;92024;2;1;4.0;7.0;48.91275;2.31118;2024-11-22 02:10:00
202400013762.0;1;16;16073;2;3;1.0;3.0;45.269726;0.034477;2024-04-20 16:15:00
202400013763.0;3;53;53148;1;1;1.0;7.0;47.79865764;-0.88345604;2024-04-21 06:00:00
202400013764.0;1;92;92002;2;5;1.0;6.0;48.74598059;2.31419072;2024-11-22 11:20:00
202400013765.0;1;40;40271;1;1;1.0;3.0;43.563702;-1.203797;2024-04-21 17:55:00
202400013766.0;1;84;84088;1;9;1.0;4.0;44.026223;5.052225;2024-09-06 09:20:00
202400013767.0;1;92;92002;2;1;4.0;2.0;48.74014903;2.27950126;2024-11-22 10:00:00
202400013768.0;1;24;24434;1;1;1.0;6.0;45.348617;0.489272;2024-04-22 11:15:00
202400013769.0;1;972;97210;1;1;1.0;2.0;14.601213;-60.934532;2024-09-11 17:40:00
202400013770.0;1;28;28401;1;1;1.0;1.0;48.454638;0.97715;2024-04-22 18:54:00
202400013771.0;1;83;83004;1;1;1.0;7.0;43.460364;6.525407;2024-09-12 16:00:00
202400013772.0;3;9;9167;1;1;3.0;2.0;43.306779;1.329893;2024-11-22 05:50:00
202400013773.0;1;30;30004;1;2;1.0;3.0;43.71242;4.19827;2024-04-20 11:30:00
202400013774.0;2;51;51326;1;1;1.0;2.0;49.11309456;4.35779839;2024-09-10 06:50:00
202400013775.0;3;41;41104;2;1;9.0;6.0;47.593709;1.460178;2024-11-22 23:40:00
202400013776.0;1;68;68203;1;1;1.0;7.0;47.906842;7.297722;2024-09-07 14:35:00
202400013777.0;1;30;30322;1;1;1.0;6.0;44.070415;3.832727;2024-04-21 11:55:00
202400013778.0;5;6;6161;1;1;1.0;6.0;43.6462;7.13635;2024-11-22 20:20:00
202400013779.0;1;44;44113;1;1;1.0;6.0;47.57869;-1.629474;2024-09-12 17:35:00
202400013780.0;3;30;30061;1;1;6.0;5.0;43.925632;4.254413;2024-04-20 21:47:00
202400013781.0;3;83;83116;1;1;1.0;1.0;43.45633;5.846239;2024-09-12 00:20:00
202400013782.0;1;83;83031;1;1;1.0;4.0;43.392929;6.354869;2024-11-19 08:00:00
202400013783.0;1;83;83116;1;1;1.0;1.0;43.42376;5.852591;2024-09-11 17:25:00
202400013784.0;1;973;97307;1;6;3.0;3.0;4.834522;-52.325239;2024-04-22 12:15:00
202400013785.0;3;71;71195;1;1;1.0;2.0;46.513752;4.911801;2024-11-22 23:45:00
202400013786.0;3;62;62297;1;1;1.0;1.0;50.83494219;2.2004149;2024-09-11 23:20:00
202400013787.0;3;73;73252;1;1;1.0;2.0;45.4463941;6.28517479;2024-04-21 03:30:00
202400013788.0;2;95;95352;1;1;1.0;1.0;49.1034873;2.42381735;2024-09-12 07:05:00
202400013789.0;2;1;1237;2;2;1.0;1.0;46.208702;5.610114;2024-04-22 06:55:00
202400013790.0;1;1;1446;2;2;7.0;3.0;46.022904;4.898422;2024-11-23 12:55:00
202400013791.0;1;51;51140;1;6;1.0;3.0;49.183625;3.851505;2024-09-11 16:40:00
202400013792.0;3;33;33130;1;1;1.0;6.0;44.499015;-0.198784;2024-04-21 22:00:00
202400013793.0;3;29;29142;1;1;2.0;7.0;48.16883246;-4.04750897;2024-11-23 07:15:00
202400013794.0;1;62;62817;2;1;1.0;2.0;50.2786123;2.8200032;2024-04-22 07:20:00
202400013795.0;1;59;59037;2;1;1.0;6.0;50.189309;3.382591;2024-09-11 18:45:00
202400013796.0;1;971;97128;2;1;1.0;3.0;16.249014;-61.339454;2024-03-26 15:40:00
202400013797.0;5;62;62580;2;1;8.0;6.0;50.402082;2.43997934;2024-11-22 21:50:00
202400013798.0;1;56;56061;2;3;1.0;3.0;47.76117;-2.136557;2024-08-10 14:00:00
202400013799.0;1;66;66115;1;1;1.0;6.0;42.540269;2.8784;2024-02-19 11:15:00
202400013800.0;1;83;83073;2;1;1.0;1.0;43.381768;6.312997;2024-11-23 11:50:00
202400013801.0;2;11;11379;1;1;1.0;1.0;43.054276;2.94631;2024-04-21 20:00:00
202400013802.0;1;2B;2B318;1;1;1.0;2.0;42.435664;9.519492;2024-09-12 17:30:00
202400013803.0;3;33;33140;2;1;1.0;6.0;44.778271;-0.340608;2024-09-10 21:45:00
202400013804.0;2;56;56166;1;9;1.0;1.0;47.914156;-3.348708;2024-11-22 09:00:00
202400013805.0;1;83;83063;1;1;1.0;3.0;43.325568;6.474198;2024-04-21 16:40:00
202400013806.0;1;11;11005;1;1;1.0;1.0;43.167447;2.232349;2024-09-11 14:45:00
202400013807.0;3;55;55171;1;1;8.0;6.0;49.176906;5.469491;2024-11-23 04:00:00
202400013808.0;1;83;83068;1;1;1.0;3.0;43.26905;6.547809;2024-04-12 07:55:00
202400013809.0;3;63;63223;1;1;2.0;6.0;46.10390955;2.91665871;2024-09-11 21:26:00
202400013810.0;1;12;12162;1;1;1.0;3.0;44.304871;2.443648;2024-11-22 14:15:00
202400013811.0;1;6;6099;1;1;3.0;1.0;43.951932;6.877165;2024-04-22 16:10:00
202400013812.0;3;61;61274;1;3;2.0;3.0;48.510037;0.951154;2024-09-11 05:25:00
202400013813.0;1;29;29212;1;6;2.0;7.0;48.36271957;-4.60064747;2024-11-19 10:00:00
202400013814.0;2;26;26072;1;1;8.0;6.0;45.112073;4.887886;2024-04-22 06:00:00
202400013815.0;1;3;3254;2;1;1.0;2.0;46.312575;3.283858;2024-11-23 09:15:00
202400013816.0;1;49;49048;1;1;2.0;5.0;47.593383;-0.490769;2024-09-08 19:13:00
202400013817.0;1;38;38019;1;1;1.0;3.0;45.4212555;4.82791492;2024-04-21 14:45:00
202400013818.0;1;70;70245;1;1;4.0;6.0;47.858706;6.392723;2024-11-22 13:45:00
202400013819.0;1;89;89055;2;1;1.0;1.0;47.989993;3.612351;2024-04-22 09:10:00
202400013820.0;3;50;50543;1;1;1.0;6.0;48.63237;-1.294971;2024-11-23 03:00:00
202400013821.0;1;68;68062;2;3;8.0;2.0;47.619055;7.223484;2024-09-10 18:40:00
202400013822.0;5;53;53110;2;3;1.0;6.0;47.873958;-0.522521;2024-11-22 18:00:00
202400013823.0;1;38;38110;1;1;1.0;1.0;45.584728;4.891899;2024-04-16 07:10:00
202400013824.0;1;3;3138;1;1;1.0;3.0;46.2472;3.6116;2024-09-12 10:00:00
202400013825.0;1;81;81038;2;2;1.0;3.0;43.8854443;1.9038268;2024-04-22 17:25:00
202400013826.0;3;17;17394;2;1;1.0;7.0;46.115053;-0.682802;2024-11-23 06:45:00
202400013827.0;1;50;50580;1;1;1.0;3.0;49.520793;-1.750624;2024-09-11 16:20:00
202400013828.0;1;40;40283;1;1;1.0;6.0;43.748855;-1.005507;2024-04-21 16:05:00
202400013829.0;3;17;17309;1;1;1.0;7.0;45.184651;-0.010229;2024-11-23 01:37:00
202400013830.0;1;36;36088;2;1;3.0;2.0;46.949479;1.988075;2024-09-11 18:20:00
202400013831.0;3;60;60138;1;1;1.0;1.0;49.216695;2.600425;2024-04-21 22:13:00
202400013832.0;1;16;16287;1;1;8.0;6.0;45.608484;0.079774;2024-09-11 12:20:00
202400013833.0;2;31;31587;2;3;1.0;1.0;43.768587;1.39713;2024-11-23 08:35:00
202400013834.0;1;62;62128;2;1;1.0;2.0;50.313736;2.935501;2024-04-22 08:30:00
202400013835.0;3;40;40152;1;2;1.0;7.0;43.944795;-1.084248;2024-09-12 01:20:00
202400013836.0;1;13;13213;2;1;1.0;3.0;43.32494;5.42419;2024-04-21 19:30:00
202400013837.0;1;35;35206;2;3;1.0;6.0;48.041553;-1.670029;2024-11-22 16:20:00
202400013838.0;1;24;24547;2;2;1.0;6.0;45.12536458;1.30501628;2024-09-12 11:00:00
202400013839.0;3;6;6027;1;1;1.0;6.0;43.660491;7.160372;2024-11-23 02:10:00
202400013840.0;2;85;85264;1;1;1.0;6.0;46.713768;-0.682675;2024-09-12 20:20:00
202400013841.0;1;13;13117;1;1;6.0;2.0;43.45417014;5.23712977;2024-04-20 20:00:00
202400013842.0;1;87;87127;1;1;1.0;1.0;45.586969;1.219354;2024-09-12 14:00:00
202400013843.0;1;13;13211;2;1;1.0;4.0;43.28848;5.44278;2024-04-20 19:45:00
202400013844.0;3;62;62019;1;1;1.0;5.0;50.422413;2.720423;2024-11-22 18:15:00
202400013845.0;3;37;37218;1;1;1.0;6.0;46.970077;1.044624;2024-09-11 21:20:00
202400013846.0;1;83;83144;1;1;1.0;2.0;43.13933231;5.99724126;2024-04-20 15:00:00
202400013847.0;1;48;48127;1;2;1.0;3.0;44.612193;3.422284;2024-09-09 16:45:00
202400013848.0;5;69;69029;2;1;1.0;2.0;45.72527;4.92226;2024-01-03 20:00:00
202400013849.0;2;31;31254;1;1;1.0;2.0;43.548781;1.499505;2024-11-22 17:25:00
202400013850.0;1;91;91179;1;1;1.0;7.0;48.56718;2.47302;2024-04-21 16:45:00
202400013851.0;1;988;98805;2;6;1.0;3.0;-22.220865;166.471324;2024-09-11 13:30:00
202400013852.0;1;91;91174;1;1;1.0;2.0;48.61021;2.44332;2024-04-21 16:50:00
202400013853.0;1;13;13114;1;1;1.0;2.0;43.544955;5.343797;2024-11-23 12:35:00
202400013854.0;3;35;35210;1;1;1.0;6.0;48.122473;-1.7856;2024-09-10 06:35:00
202400013855.0;1;91;91434;1;1;1.0;7.0;48.668346;2.354154;2024-04-21 12:30:00
202400013856.0;3;987;98750;1;1;1.0;7.0;-16.82750492;-151.40346765;2024-11-22 21:55:00
202400013857.0;3;91;91689;1;1;1.0;7.0;48.7328;2.31572;2024-04-20 04:30:00
202400013858.0;1;39;39014;1;4;2.0;5.0;47.138592;5.508957;2024-09-11 15:55:00
202400013859.0;1;78;78217;1;1;1.0;6.0;48.963104;1.837474;2024-04-21 17:40:00
202400013860.0;2;66;66037;2;6;1.0;6.0;42.69839534;3.02304804;2024-11-23 05:15:00
202400013861.0;1;92;92036;1;1;1.0;3.0;48.93605164;2.2885251;2024-04-19 16:15:00
202400013862.0;1;34;34031;1;1;6.0;2.0;43.37671293;3.42130871;2024-09-11 14:19:00
202400013863.0;1;11;11322;1;3;1.0;3.0;43.001038;2.965375;2024-11-22 14:45:00
202400013864.0;1;77;77520;1;1;1.0;6.0;48.313191;2.635989;2024-09-12 15:00:00
202400013865.0;1;93;93053;1;1;1.0;2.0;48.88700598;2.47505141;2024-04-21 14:35:00
202400013866.0;2;34;34209;1;1;1.0;7.0;43.317135;3.360293;2024-11-01 16:50:00
202400013867.0;1;973;97312;1;1;1.0;2.0;5.409717;-53.02812;2024-09-09 08:00:00
202400013868.0;1;94;94073;1;1;1.0;5.0;48.77079111;2.38643311;2024-04-21 14:20:00
202400013869.0;5;13;13020;2;6;1.0;1.0;43.3965;5.549871;2024-11-22 22:40:00
202400013870.0;1;971;97108;1;3;1.0;3.0;15.880359;-61.233931;2024-09-12 13:55:00
202400013871.0;3;74;74056;2;1;2.0;6.0;45.919065;6.874233;2024-01-18 18:40:00
202400013872.0;1;74;74104;1;1;1.0;1.0;45.813292;6.208123;2024-02-18 13:12:00
202400013873.0;1;45;45297;2;1;8.0;3.0;47.77419;2.372453;2024-09-12 08:30:00
202400013874.0;2;67;67028;2;6;1.0;6.0;48.374839;7.588892;2024-11-20 15:10:00
202400013875.0;5;74;74293;1;1;1.0;7.0;46.270251;6.282206;2024-02-01 21:44:00
202400013876.0;1;77;77437;2;9;1.0;6.0;49.035519;2.800714;2024-09-07 11:48:00
202400013877.0;1;74;74256;2;1;1.0;6.0;45.935852;6.629503;2024-02-17 09:25:00
202400013878.0;1;67;67028;2;6;1.0;6.0;48.372259;7.593296;2024-11-20 11:10:00