Num_Acc;lum;departement;commune;agglomeration;intersection;meteo;type_collision;lat;long;date
202400013879.0;1;83;83138;1;6;1.0;3.0;43.609989;6.731988;2024-09-11 19:00:00
202400013880.0;1;74;74010;2;9;2.0;6.0;45.887596;6.099881;2024-02-09 16:00:00
202400013881.0;3;74;74104;2;1;1.0;6.0;45.796938;6.212878;2024-02-17 23:53:00
202400013882.0;1;23;23067;1;1;7.0;6.0;45.71237262;2.28107929;2024-11-14 12:15:00
202400013883.0;1;74;74165;1;4;1.0;1.0;45.827883;5.974744;2024-01-16 13:17:00
202400013884.0;3;74;74282;1;9;4.0;6.0;45.97885061;6.22369326;2024-01-09 17:30:00
202400013885.0;5;10;10006;2;2;1.0;3.0;48.535072;4.142897;2024-09-10 02:05:00
202400013886.0;2;86;86054;1;1;7.0;6.0;46.224337;0.327252;2024-11-22 08:00:00
202400013887.0;1;69;69067;1;1;1.0;2.0;45.748151;4.578123;2024-09-11 11:30:00
202400013888.0;5;59;59350;2;1;8.0;3.0;50.62843;3.03752;2024-02-19 23:06:00
202400013889.0;5;60;60439;2;1;1.0;6.0;49.311365;2.323231;2024-11-22 00:20:00
202400013890.0;1;974;97416;1;1;1.0;1.0;-21.30358162;55.49908841;2024-04-20 12:00:00
202400013891.0;1;81;81099;1;4;2.0;1.0;43.927597;1.915743;2024-09-11 18:25:00
202400013892.0;1;974;97416;2;1;1.0;2.0;-21.34754;55.50171;2024-04-19 16:35:00
202400013893.0;2;974;97411;1;9;1.0;1.0;-20.88691;55.43791;2024-04-20 06:00:00
202400013894.0;3;13;13216;1;1;1.0;4.0;43.34451;5.34686;2024-11-21 20:15:00
202400013895.0;1;974;97411;2;1;1.0;3.0;-20.8933;55.46252;2024-04-19 16:55:00
202400013896.0;1;35;35001;1;2;1.0;3.0;48.132141;-1.520019;2024-09-11 17:38:00
202400013897.0;1;973;97302;2;1;1.0;1.0;4.92187;-52.31203;2024-04-20 09:45:00
202400013898.0;5;13;13214;1;1;1.0;2.0;43.33475;5.38259;2024-11-21 18:45:00
202400013899.0;2;54;54232;1;1;2.0;6.0;48.68058136;5.93929052;2024-09-10 07:00:00
202400013900.0;1;33;33122;1;1;1.0;4.0;44.743335;-0.706281;2024-09-11 13:45:00
202400013901.0;5;973;97302;2;2;1.0;3.0;4.93303;-52.3328;2024-04-20 01:32:00
202400013902.0;1;13;13070;1;1;1.0;4.0;43.28578;5.51291;2024-11-21 16:30:00
202400013903.0;5;973;97302;2;9;1.0;7.0;4.92894141;-52.30020046;2024-04-20 00:41:00
202400013904.0;1;91;91235;1;1;1.0;4.0;48.6241;2.371;2024-09-11 15:15:00
202400013905.0;1;13;13212;2;1;1.0;2.0;43.29655;5.42453;2024-11-21 07:23:00
202400013906.0;1;69;69383;2;1;1.0;6.0;45.7606;4.8581;2024-04-20 19:00:00
202400013907.0;1;92;92025;1;1;8.0;4.0;48.92961983;2.24118814;2024-09-11 10:24:00
202400013908.0;1;92;92036;1;1;2.0;2.0;48.93396369;2.27854997;2024-09-11 09:45:00
202400013909.0;3;13;13211;1;1;1.0;2.0;43.29057634;5.48838204;2024-11-16 18:01:00
202400013910.0;1;69;69386;2;2;1.0;3.0;45.76784;4.85069;2024-04-20 12:55:00
202400013911.0;1;93;93008;1;1;1.0;3.0;48.91200351;2.43837476;2024-09-10 16:50:00
202400013912.0;3;59;59462;1;1;1.0;2.0;50.5102145;3.0285714;2024-11-21 03:19:00
202400013913.0;2;69;69381;2;9;1.0;6.0;45.77232182;4.83834132;2024-04-20 07:15:00
202400013914.0;1;95;95219;1;1;1.0;3.0;48.99650497;2.24646002;2024-09-09 14:15:00
202400013915.0;5;94;94028;1;9;1.0;2.0;48.780132;2.441081;2024-09-10 23:00:00
202400013916.0;1;972;97213;2;1;1.0;2.0;14.64817;-60.97438;2024-04-20 12:00:00
202400013917.0;1;42;42218;2;1;1.0;6.0;45.44820809;4.38600258;2024-04-28 13:30:00
202400013918.0;3;91;91570;1;1;4.0;4.0;48.62527;2.30697;2024-11-22 07:00:00
202400013919.0;5;972;97209;2;1;1.0;1.0;14.61095;-61.07618;2024-04-19 19:40:00
202400013920.0;1;42;42218;2;2;1.0;3.0;45.442077;4.408362;2024-03-19 10:10:00
202400013921.0;1;971;97101;1;1;1.0;7.0;16.28374;-61.47856;2024-04-20 07:45:00
202400013922.0;1;91;91477;2;1;1.0;6.0;48.70511;2.24232;2024-04-20 08:55:00
202400013923.0;5;84;84007;2;6;1.0;1.0;43.92876;4.81178;2024-04-19 22:10:00
202400013924.0;5;42;42218;2;2;1.0;3.0;45.433934;4.392508;2024-03-17 21:30:00
202400013925.0;1;83;83103;2;1;1.0;1.0;43.17948443;5.92270052;2024-04-20 16:20:00
202400013926.0;1;42;42176;1;1;1.0;2.0;46.05079285;3.95741701;2024-02-29 09:55:00
202400013927.0;1;83;83062;1;1;1.0;1.0;43.11517231;6.04573846;2024-04-20 10:15:00
202400013928.0;1;83;83129;2;5;1.0;6.0;43.10321373;5.81284475;2024-04-16 12:40:00
202400013929.0;1;974;97416;1;1;1.0;6.0;-21.32767;55.47715;2024-09-10 13:30:00
202400013930.0;1;80;80021;2;1;1.0;3.0;49.90346;2.2869;2024-04-20 16:40:00
202400013931.0;1;974;97416;2;1;1.0;7.0;-21.29583;55.47184;2024-09-10 07:20:00
202400013932.0;3;94;94021;1;1;4.0;5.0;48.76988941;2.34441754;2024-11-21 23:23:00
202400013933.0;1;78;78481;2;1;1.0;6.0;48.904417;2.115301;2024-04-20 11:45:00
202400013934.0;3;94;94021;1;1;4.0;3.0;48.77043046;2.34474022;2024-11-21 23:23:00
202400013935.0;5;75;75107;2;1;1.0;6.0;48.86349139;2.31350183;2024-12-27 22:01:00
202400013936.0;5;75;75107;2;3;1.0;7.0;48.846113;2.314249;2024-12-28 00:40:00
202400013937.0;1;77;77464;2;1;1.0;7.0;48.88237;2.70555;2024-04-20 20:00:00
202400013938.0;3;92;92072;1;1;1.0;3.0;48.82499763;2.221007;2024-11-22 18:50:00
202400013939.0;1;974;97411;1;1;1.0;4.0;-20.88313;55.39251;2024-09-09 07:45:00
202400013940.0;5;75;75102;2;2;1.0;2.0;48.868143;2.343605;2024-12-28 21:15:00
202400013941.0;1;77;77132;2;1;1.0;2.0;48.87441;2.802;2024-04-20 13:55:00
202400013942.0;1;974;97409;1;1;1.0;1.0;-20.96521;55.61556;2024-09-09 16:15:00
202400013943.0;2;78;78423;1;1;4.0;6.0;48.79822;2.0432;2024-11-21 17:35:00
202400013944.0;1;94;94068;2;2;8.0;3.0;48.78599895;2.49520352;2024-12-28 12:30:00
202400013945.0;1;76;76681;2;7;1.0;3.0;49.41111;1.09312;2024-04-20 18:30:00
202400013946.0;3;92;92025;1;1;1.0;5.0;48.93209062;2.2474493;2024-11-21 04:49:00
202400013947.0;5;973;97302;1;1;1.0;3.0;4.90281;-52.32435;2024-09-09 19:00:00
202400013948.0;2;73;73008;2;2;1.0;2.0;45.70464602;5.89091372;2024-04-20 20:00:00
202400013949.0;3;92;92050;1;1;2.0;3.0;48.90384699;2.20688403;2024-11-20 17:05:00
202400013950.0;5;94;94041;2;1;1.0;1.0;48.81111;2.40321;2024-12-28 18:30:00
202400013951.0;5;75;75120;2;1;1.0;6.0;48.86339493;2.4139148;2024-02-01 01:00:00
202400013952.0;1;973;97302;2;1;1.0;6.0;4.92106;-52.32208;2024-09-09 16:30:00
202400013953.0;1;72;72181;2;3;1.0;3.0;47.96607;0.20956;2024-04-19 16:20:00
202400013954.0;3;95;95582;1;1;4.0;6.0;48.9657215;2.25905663;2024-11-21 23:30:00
202400013955.0;5;94;94078;2;1;1.0;2.0;48.73303;2.4487;2024-12-27 23:00:00
202400013956.0;5;75;75119;2;2;1.0;6.0;48.885863;2.382267;2024-02-02 18:45:00
202400013957.0;1;72;72181;2;1;1.0;4.0;48.00409;0.20171;2024-04-19 14:00:00
202400013958.0;3;93;93072;2;1;8.0;1.0;48.95994;2.37636;2024-12-28 19:55:00
202400013959.0;1;972;97213;1;1;1.0;4.0;14.61819;-61.02885;2024-09-10 17:05:00
202400013960.0;3;95;95394;1;1;4.0;4.0;49.04710157;2.18446331;2024-11-21 23:40:00
202400013961.0;1;75;75117;2;3;1.0;2.0;48.885912;2.303863;2024-02-02 15:55:00
202400013962.0;1;69;69256;2;1;1.0;1.0;45.77187;4.90349;2024-04-20 17:30:00
202400013963.0;5;92;92064;2;1;1.0;2.0;48.84101677;2.2071821;2024-12-28 17:20:00
202400013964.0;1;75;75117;2;2;1.0;6.0;48.879072;2.290959;2024-02-02 12:05:00
202400013965.0;3;95;95582;1;1;4.0;7.0;48.96556782;2.25950631;2024-11-22 00:05:00
202400013966.0;1;69;69092;2;6;1.0;7.0;45.99499979;4.7072409;2024-04-16 17:15:00
202400013967.0;1;972;97213;1;1;1.0;3.0;14.61682;-61.03243;2024-09-10 09:45:00
202400013968.0;5;92;92036;2;1;1.0;3.0;48.92703789;2.28880048;2024-12-28 19:10:00
202400013969.0;2;75;75116;2;2;1.0;1.0;48.857687;2.263572;2024-01-31 18:30:00
202400013970.0;1;93;93010;1;1;1.0;3.0;48.90207598;2.47041227;2024-11-20 11:30:00
202400013971.0;5;92;92060;2;1;5.0;6.0;48.78319;2.27456;2024-12-28 02:15:00
202400013972.0;1;67;67482;2;1;9.0;3.0;48.58314;7.69725;2024-04-20 18:55:00
202400013973.0;1;972;97209;2;1;1.0;2.0;14.61841;-61.03746;2024-09-10 10:15:00
202400013974.0;5;92;92023;2;7;5.0;6.0;48.78486;2.23778;2024-12-28 02:45:00
202400013975.0;2;93;93005;1;1;2.0;3.0;48.94886832;2.47513461;2024-11-19 17:20:00
202400013976.0;1;75;75114;2;3;1.0;3.0;48.829712;2.326095;2024-02-02 12:35:00
202400013977.0;5;64;64102;2;3;1.0;3.0;43.49452;-1.47778;2024-04-20 23:18:00
202400013978.0;3;972;97209;2;1;3.0;7.0;14.61;-61.05085;2024-09-09 05:08:00
202400013979.0;5;92;92032;2;3;1.0;3.0;48.783228;2.28668332;2024-12-28 19:42:00
202400013980.0;1;95;95527;1;1;2.0;2.0;48.98623911;2.50657336;2024-11-19 14:50:00
202400013981.0;1;75;75114;2;2;1.0;6.0;48.826179;2.3196;2024-01-31 11:05:00
202400013982.0;1;971;97101;2;2;1.0;2.0;16.25039;-61.51986;2024-09-10 14:30:00
202400013983.0;5;92;92002;2;1;1.0;7.0;48.74262138;2.28665672;2024-12-28 22:53:00
202400013984.0;1;75;75056;1;1;2.0;6.0;48.86634267;2.41388619;2024-11-19 08:00:00
202400013985.0;1;63;63113;2;5;1.0;3.0;45.76679;3.10702;2024-04-20 17:58:00
202400013986.0;1;2A;2A065;1;1;1.0;7.0;42.12253;8.647431;2024-12-28 11:30:00
202400013987.0;1;75;75110;2;2;1.0;3.0;48.871759;2.357192;2024-02-02 14:31:00
202400013988.0;4;59;59279;2;1;2.0;6.0;50.77945;3.12506;2024-04-20 22:25:00
202400013989.0;1;971;97113;1;1;1.0;2.0;16.2176;-61.49372;2024-09-10 07:20:00
202400013990.0;1;95;95252;1;1;2.0;5.0;48.9773115;2.23313127;2024-11-18 08:40:00
202400013991.0;1;2A;2A212;1;1;1.0;6.0;42.21205;8.656465;2024-12-29 10:00:00
202400013992.0;1;75;75107;2;1;1.0;6.0;48.855124;2.304106;2024-02-02 10:30:00
202400013993.0;1;59;59350;2;1;1.0;6.0;50.6198;3.0545;2024-04-19 17:15:00
202400013994.0;5;74;74078;1;1;5.0;6.0;45.980644;5.915644;2024-11-21 06:45:00
202400013995.0;1;2A;2A004;2;9;1.0;3.0;41.94484;8.75761;2024-08-07 11:10:00
202400013996.0;1;94;94081;2;3;1.0;3.0;48.791545;2.382753;2024-02-02 13:45:00
202400013997.0;1;56;56083;2;2;1.0;3.0;47.81063;-3.25234;2024-04-20 10:40:00
202400013998.0;5;14;14366;2;6;1.0;2.0;49.14425;0.22107;2024-05-22 22:20:00
202400013999.0;1;95;95585;2;1;8.0;6.0;48.98398735;2.38777608;2024-09-10 15:30:00
202400014000.0;1;94;94068;2;3;2.0;2.0;48.81165646;2.46886633;2024-02-01 09:30:00
202400014001.0;1;52;52384;1;1;5.0;2.0;47.80275453;5.22479758;2024-12-29 16:45:00
202400014002.0;1;95;95585;2;1;1.0;6.0;48.984142;2.387309;2024-09-10 08:30:00
202400014003.0;1;54;54263;2;3;1.0;1.0;49.22452;6.00055;2024-04-19 17:45:00
202400014004.0;1;974;97412;2;1;1.0;1.0;-21.373522;55.604462;2024-09-21 07:00:00
202400014005.0;1;67;67117;1;1;8.0;7.0;48.767404;7.314588;2024-12-29 13:30:00
202400014006.0;5;94;94058;2;1;1.0;3.0;48.83537498;2.4964455;2024-02-02 21:10:00
202400014007.0;1;95;95277;2;1;1.0;3.0;49.00031;2.41955;2024-09-10 10:20:00
202400014008.0;1;51;51525;2;2;1.0;3.0;48.919202;4.398828;2024-04-20 17:27:00
202400014009.0;1;94;94052;2;3;1.0;3.0;48.83705277;2.47655853;2024-02-02 17:00:00
202400014010.0;1;95;95219;2;9;1.0;6.0;48.99745564;2.2540791;2024-09-10 08:07:00
202400014011.0;1;19;19072;1;1;1.0;5.0;45.2167899;1.51364705;2024-12-29 15:30:00
202400014012.0;3;49;49246;1;1;1.0;2.0;47.43486;-0.50861;2024-04-20 06:25:00
202400014013.0;1;94;94015;2;1;1.0;6.0;48.844579;2.533153;2024-02-02 16:05:00
202400014014.0;1;971;97132;1;1;1.0;1.0;15.989013;-61.635457;2024-12-28 16:30:00
202400014015.0;1;45;45004;2;1;8.0;7.0;47.972937;2.74916;2024-04-16 17:52:00
202400014016.0;1;91;91552;1;1;1.0;4.0;48.603276;2.248128;2024-09-10 17:50:00
202400014017.0;2;67;67105;2;1;7.0;6.0;48.863346;7.184179;2024-12-28 16:08:00
202400014018.0;1;94;94028;2;1;2.0;2.0;48.788799;2.454848;2024-02-01 14:50:00
202400014019.0;1;43;43041;2;9;1.0;3.0;45.04839432;3.91584843;2024-04-19 17:00:00
202400014020.0;3;80;80341;1;1;1.0;7.0;49.913091;2.102916;2024-12-29 00:30:00
202400014021.0;1;91;91549;2;3;1.0;6.0;48.63977;2.34892;2024-09-10 11:40:00
202400014022.0;5;94;94022;2;1;1.0;6.0;48.765178;2.407966;2024-02-02 05:10:00
202400014023.0;3;11;11290;1;1;1.0;6.0;43.16385;1.822265;2024-12-28 17:40:00
202400014024.0;1;37;37261;2;1;1.0;3.0;47.38666;0.68007;2024-04-19 17:10:00
202400014025.0;3;42;42177;1;1;5.0;6.0;46.123218;4.107808;2024-12-29 06:20:00
202400014026.0;1;83;83137;2;1;1.0;1.0;43.12858;5.91307;2024-09-10 13:30:00
202400014027.0;5;94;94019;2;3;1.0;3.0;48.79940303;2.5453898;2024-01-31 21:40:00
202400014028.0;1;83;83069;2;1;1.0;6.0;43.11894;6.13372;2024-09-09 14:40:00
202400014029.0;1;34;34108;2;1;7.0;2.0;43.44854;3.75277;2024-04-20 18:15:00
202400014030.0;1;86;86244;2;1;1.0;1.0;46.359801;0.053204;2024-12-28 14:45:00
202400014031.0;1;93;93078;2;6;1.0;3.0;48.96483;2.55297;2024-02-02 13:50:00
202400014032.0;1;80;80021;2;1;1.0;6.0;49.88434;2.31221;2024-09-09 08:40:00
202400014033.0;1;34;34317;2;1;1.0;6.0;43.790783;3.459433;2024-12-20 10:30:00
202400014034.0;1;80;80021;2;1;1.0;7.0;49.88855;2.26752;2024-09-08 19:50:00
202400014035.0;5;34;34172;2;1;1.0;6.0;43.58193;3.88022;2024-04-20 04:45:00
202400014036.0;3;44;44021;1;1;2.0;6.0;47.063165;-1.916063;2024-12-28 16:55:00
202400014037.0;1;93;93073;1;2;1.0;3.0;49.00259;2.53331;2024-02-02 12:15:00
202400014038.0;1;13;13083;1;1;1.0;1.0;43.915329;4.785845;2024-12-27 08:38:00
202400014039.0;1;80;80021;2;3;1.0;3.0;49.88620743;2.28673071;2024-09-08 17:30:00
202400014040.0;1;93;93077;2;6;1.0;6.0;48.886691;2.51232;2024-02-02 08:40:00
202400014041.0;1;33;33522;2;6;1.0;1.0;44.8125;-0.59079;2024-04-20 19:05:00
202400014042.0;3;2;2359;1;1;5.0;6.0;49.809739;3.286795;2024-12-28 17:45:00
202400014043.0;5;93;93006;2;3;2.0;6.0;48.876207;2.422337;2024-02-02 21:25:00
202400014044.0;1;78;78168;2;2;1.0;3.0;48.74679;1.92113;2024-09-09 19:20:00
202400014045.0;3;33;33529;1;1;1.0;1.0;44.62675;-1.15815;2024-04-20 01:30:00
202400014046.0;3;1;1163;1;1;5.0;6.0;46.366931;5.160348;2024-12-29 02:00:00
202400014047.0;1;93;93010;2;3;1.0;6.0;48.90051371;2.47653466;2024-02-02 09:10:00
202400014048.0;1;31;31555;2;1;1.0;6.0;43.606176;1.446056;2024-04-20 15:30:00
202400014049.0;1;16;16281;2;1;1.0;6.0;45.740734;0.383021;2024-12-28 14:50:00
202400014050.0;3;85;85018;1;1;8.0;7.0;46.91257;-2.092;2024-12-28 21:35:00
202400014051.0;1;93;93008;2;1;1.0;1.0;48.9141;2.42592;2024-02-02 16:20:00
202400014052.0;1;77;77058;2;9;1.0;3.0;48.83399;2.72287;2024-09-10 08:50:00
202400014053.0;3;31;31555;2;1;1.0;5.0;43.606;1.393;2024-04-20 01:35:00
202400014054.0;1;30;30062;1;1;1.0;6.0;43.776533;4.183069;2024-12-29 10:20:00
202400014055.0;1;31;31555;2;1;1.0;6.0;43.644358;1.453;2024-04-19 17:45:00
202400014056.0;2;24;24293;1;1;8.0;3.0;44.797684;1.004718;2024-12-29 08:50:00
202400014057.0;1;93;93008;2;2;8.0;4.0;48.90390869;2.43970782;2024-02-02 08:20:00
202400014058.0;1;27;27229;2;1;1.0;3.0;49.03142;1.15208;2024-04-20 20:01:00
202400014059.0;1;35;35352;1;6;1.0;6.0;48.049239;-1.608569;2024-12-27 15:00:00
202400014060.0;1;76;76540;2;2;2.0;2.0;49.43650185;1.13434083;2024-09-10 15:20:00
202400014061.0;5;6;6084;1;2;1.0;1.0;43.64094094;6.98453665;2024-12-28 17:40:00
202400014062.0;5;92;92073;2;1;1.0;3.0;48.87942186;2.23514771;2024-02-02 18:40:00
202400014063.0;5;13;13209;2;6;1.0;1.0;43.2626;5.40472;2024-04-20 23:05:00
202400014064.0;1;74;74012;2;1;1.0;3.0;46.19556;6.26143;2024-09-10 17:10:00
202400014065.0;5;92;92051;2;1;1.0;2.0;48.87900933;2.27950859;2024-02-02 01:24:00
202400014066.0;5;13;13063;2;6;1.0;1.0;43.59816;5.00582;2024-04-20 02:50:00
202400014067.0;1;92;92044;2;1;1.0;6.0;48.88830909;2.28166357;2024-02-02 13:30:00
202400014068.0;1;74;74305;2;1;1.0;3.0;46.20385;6.27856;2024-09-10 08:30:00
202400014069.0;3;72;72022;1;1;1.0;5.0;47.77451766;-0.21424301;2024-12-28 21:33:00
202400014070.0;3;11;11069;2;1;1.0;6.0;43.2321;2.35269;2024-04-20 03:55:00
202400014071.0;1;92;92026;2;1;1.0;6.0;48.89507;2.24978;2024-02-02 19:45:00
202400014072.0;1;66;66172;2;1;1.0;1.0;42.70955947;2.85039693;2024-12-29 12:00:00
202400014073.0;1;73;73087;2;6;1.0;3.0;45.571965;5.89046;2024-09-10 07:45:00
202400014074.0;1;92;92014;2;1;1.0;3.0;48.7863957;2.31169179;2024-02-02 16:33:00
202400014075.0;1;11;11069;2;1;1.0;1.0;43.21444;2.29035;2024-04-19 18:55:00
202400014076.0;1;83;83001;1;1;1.0;6.0;43.541502;6.836565;2024-12-29 10:30:00
202400014077.0;1;72;72181;2;1;1.0;6.0;48.01549;0.21298;2024-09-09 09:30:00
202400014078.0;5;92;92004;2;6;8.0;6.0;48.91254069;2.29603636;2024-02-01 20:30:00
202400014079.0;5;6;6088;2;1;1.0;6.0;43.68418;7.23501;2024-04-20 02:40:00
202400014080.0;1;67;67482;2;1;8.0;6.0;48.60279;7.78286;2024-09-09 11:10:00
202400014081.0;5;38;38475;2;2;5.0;2.0;45.668145;5.143063;2024-12-28 20:09:00
202400014082.0;3;76;76543;1;2;8.0;3.0;49.610969;0.497649;2024-02-02 18:15:00
202400014083.0;1;6;6069;1;1;1.0;3.0;43.64994;6.94967;2024-04-19 16:20:00
202400014084.0;1;65;65100;1;2;1.0;1.0;43.26313388;0.02712449;2024-09-10 18:35:00
202400014085.0;1;73;73073;2;2;8.0;3.0;45.810323;5.795052;2024-02-03 11:10:00
202400014086.0;1;3;3098;2;1;1.0;2.0;46.35843;2.61718;2024-04-20 14:56:00
202400014087.0;5;60;60142;2;3;1.0;6.0;49.125539;2.533502;2024-12-28 19:37:00
202400014088.0;5;64;64483;1;1;1.0;2.0;43.41311;-1.61577;2024-09-10 21:15:00
202400014089.0;1;43;43096;2;4;1.0;3.0;45.288429;3.41855;2024-02-03 14:30:00
202400014090.0;1;971;97125;2;1;1.0;6.0;16.304926;-61.272538;2024-12-29 12:45:00
202400014091.0;1;64;64102;2;9;2.0;7.0;43.49232099;-1.47408307;2024-09-09 09:05:00
202400014092.0;1;1;1053;2;3;1.0;3.0;46.2041;5.2242;2024-04-02 07:52:00
202400014093.0;1;45;45227;1;3;1.0;1.0;47.717691;2.579529;2024-12-29 12:10:00
202400014094.0;1;75;75119;2;1;1.0;2.0;48.882044;2.401477;2024-04-20 01:20:00
202400014095.0;1;63;63113;2;1;1.0;1.0;45.80732;3.11931;2024-09-10 18:57:00
202400014096.0;1;62;62393;1;1;1.0;1.0;50.92049278;2.00112306;2024-02-02 13:55:00
202400014097.0;3;77;77099;1;1;5.0;6.0;48.137626;2.698388;2024-12-28 19:10:00
202400014098.0;4;75;75120;2;1;1.0;3.0;48.859012;2.41433;2024-04-19 20:58:00
202400014099.0;2;11;11111;1;1;1.0;7.0;43.209375;2.818615;2024-02-03 07:15:00
202400014100.0;1;59;59032;2;1;1.0;2.0;50.33589;3.52384;2024-09-08 08:00:00
202400014101.0;1;77;77470;1;1;5.0;6.0;48.736822;2.763539;2024-12-28 15:10:00
202400014102.0;1;75;75118;2;1;1.0;6.0;48.890037;2.349006;2024-04-20 18:50:00
202400014103.0;1;59;59599;2;1;1.0;3.0;50.743925;3.178403;2024-09-10 07:50:00
202400014104.0;2;67;67437;2;3;1.0;3.0;48.73453;7.371413;2024-02-02 18:35:00
202400014105.0;5;2A;2A247;2;6;1.0;3.0;41.60285334;9.2766881;2024-12-28 20:50:00
202400014106.0;1;59;59009;2;1;1.0;6.0;50.625;3.1529;2024-09-10 09:05:00
202400014107.0;5;66;66008;2;1;1.0;6.0;42.546216;3.028976;2024-12-28 22:36:00
202400014108.0;5;75;75111;2;2;1.0;3.0;48.865168;2.367665;2024-04-20 22:10:00
202400014109.0;1;971;97132;1;1;1.0;5.0;15.995573;-61.638193;2024-01-20 06:55:00
202400014110.0;2;75;75111;2;1;1.0;6.0;48.856412;2.390968;2024-04-20 06:00:00
202400014111.0;1;59;59350;2;9;1.0;3.0;50.63146;3.07157;2024-08-31 15:15:00
202400014112.0;3;66;66164;1;1;1.0;4.0;42.775692;2.90237;2024-12-28 18:50:00
202400014113.0;1;59;59278;1;6;1.0;3.0;50.61138;2.951959;2024-02-02 14:55:00
202400014114.0;2;75;75108;2;2;1.0;3.0;48.873495;2.320994;2024-04-19 16:25:00
202400014115.0;3;66;66108;1;1;1.0;6.0;42.714567;2.681533;2024-12-28 23:50:00
202400014116.0;5;94;94041;2;8;1.0;6.0;48.8146;2.36916;2024-04-20 21:50:00
202400014117.0;1;54;54528;1;4;1.0;4.0;48.64006;5.86461;2024-09-09 16:05:00
202400014118.0;5;66;66208;1;1;1.0;6.0;42.63768287;2.93711543;2024-12-28 21:35:00
202400014119.0;3;60;60358;1;3;1.0;3.0;49.204259;2.932942;2024-02-02 20:52:00
202400014120.0;1;94;94021;2;3;1.0;3.0;48.77169;2.35973;2024-04-19 15:20:00
202400014121.0;1;54;54395;2;1;1.0;2.0;48.68307936;6.20295167;2024-09-09 14:00:00
202400014122.0;1;95;95149;1;1;2.0;3.0;49.12893713;2.43133628;2024-02-03 14:10:00
202400014123.0;1;93;93031;2;1;1.0;6.0;48.95837402;2.28994846;2024-04-19 18:30:00
202400014124.0;1;65;65427;2;1;1.0;7.0;42.968284;0.610828;2024-12-28 13:49:00
202400014125.0;1;65;65185;1;1;1.0;1.0;43.271979;-0.114927;2024-02-02 18:00:00
202400014126.0;1;93;93031;2;1;1.0;6.0;48.958325;2.289717;2024-04-19 18:53:00
202400014127.0;3;17;17232;1;1;1.0;7.0;45.653202;-0.805242;2024-12-28 00:50:00
202400014128.0;1;51;51454;2;1;1.0;6.0;49.2258;4.01676;2024-09-10 10:45:00
202400014129.0;1;11;11262;1;1;1.0;1.0;43.212964;3.031969;2024-02-03 08:45:00
202400014130.0;1;13;13213;1;1;1.0;3.0;43.33001;5.40668;2024-12-13 13:33:00
202400014131.0;1;50;50129;2;1;1.0;6.0;49.62648;-1.64595;2024-09-09 13:00:00
202400014132.0;3;93;93048;2;2;2.0;3.0;48.870449;2.431744;2024-04-20 00:30:00
202400014133.0;3;63;63003;2;1;5.0;7.0;45.54044564;3.74859095;2024-02-03 03:30:00
202400014134.0;1;83;83137;1;9;1.0;2.0;43.12242456;5.9565804;2024-12-28 13:00:00
202400014135.0;5;49;49367;2;1;1.0;7.0;47.600903;-0.832809;2024-02-02 21:35:00
202400014136.0;1;49;49015;2;1;1.0;7.0;47.51461;-0.60085;2024-09-08 13:30:00
202400014137.0;5;93;93010;2;3;2.0;2.0;48.88911;2.47791;2024-04-20 01:00:00
202400014138.0;1;33;33550;1;1;1.0;3.0;44.787131;-0.541225;2024-12-28 19:05:00
202400014139.0;2;44;44190;2;9;8.0;3.0;47.18873;-1.50284;2024-09-10 20:30:00
202400014140.0;3;86;86147;1;4;1.0;4.0;46.415583;0.231314;2024-02-02 20:45:00
202400014141.0;1;92;92046;2;1;1.0;2.0;48.81308616;2.30184513;2024-04-20 11:15:00
202400014142.0;3;91;91174;1;1;1.0;7.0;48.622453;2.464523;2024-12-28 17:13:00
202400014143.0;1;92;92035;2;1;1.0;3.0;48.90573028;2.2390008;2024-04-20 15:26:00
202400014144.0;1;43;43157;2;1;1.0;3.0;45.03717;3.8878;2024-09-10 09:00:00
202400014145.0;1;94;94038;1;1;1.0;3.0;48.7772797;2.34594496;2024-12-28 14:00:00
202400014146.0;3;39;39462;1;1;1.0;1.0;47.126297;5.556242;2024-01-30 22:55:00
202400014147.0;3;77;77251;1;1;5.0;7.0;48.62094138;2.54771357;2024-12-27 23:39:00
202400014148.0;1;40;40088;2;9;1.0;6.0;43.71910884;-1.05276436;2024-09-07 14:44:00
202400014149.0;3;1;1113;1;2;5.0;7.0;46.164681;5.077084;2024-02-03 03:25:00
202400014150.0;3;93;93066;1;1;1.0;3.0;48.92985457;2.36307976;2024-12-28 17:10:00
202400014151.0;1;38;38179;2;1;1.0;3.0;45.18538;5.80198;2024-09-10 19:20:00
202400014152.0;1;72;72115;1;3;1.0;3.0;47.682529;0.443847;2024-02-02 16:46:00
202400014153.0;3;77;77249;1;1;5.0;6.0;48.75479227;2.61509983;2024-12-28 04:45:00
202400014154.0;3;50;50389;1;1;2.0;6.0;49.0187502;-1.364033;2024-02-03 06:00:00
202400014155.0;1;38;38185;2;1;1.0;6.0;45.17277;5.72625;2024-09-10 16:03:00
202400014156.0;3;77;77514;1;1;1.0;6.0;48.94034169;2.62839637;2024-12-26 21:30:00
202400014157.0;1;38;38169;2;9;1.0;2.0;45.19766;5.69461;2024-09-06 17:00:00
202400014158.0;1;974;97411;2;3;1.0;3.0;-20.89743;55.46525;2024-12-27 14:00:00
202400014159.0;1;73;73128;2;1;1.0;1.0;45.724357;5.921524;2024-02-03 09:15:00
202400014160.0;1;972;97213;1;9;1.0;7.0;14.6235;-60.98907;2024-12-27 14:35:00