Num_Acc;lum;departement;commune;agglomeration;intersection;meteo;type_collision;lat;long;date
202400014161.0;1;37;37261;2;2;1.0;3.0;47.36834;0.71037;2024-09-10 12:30:00
202400014162.0;1;43;43257;1;2;1.0;3.0;45.041474;3.754787;2024-02-02 13:25:00
202400014163.0;1;972;97209;1;1;1.0;3.0;14.61831;-61.03654;2024-12-26 16:40:00
202400014164.0;1;37;37261;2;3;1.0;3.0;47.39357;0.67338;2024-09-09 14:55:00
202400014165.0;3;85;85090;1;2;1.0;3.0;46.8251209;-0.805738;2024-02-02 21:15:00
202400014166.0;5;2B;2B033;2;9;1.0;2.0;42.66635;9.4427;2024-12-27 03:26:00
202400014167.0;1;37;37261;2;3;1.0;4.0;47.38344;0.71109;2024-09-09 12:25:00
202400014168.0;5;27;27284;2;2;2.0;6.0;49.277671;1.773439;2024-02-02 18:17:00
202400014169.0;5;971;97113;1;9;1.0;3.0;16.20768623;-61.46112442;2024-12-27 01:00:00
202400014170.0;3;17;17473;1;1;1.0;7.0;46.000778;-0.301437;2024-02-03 01:50:00
202400014171.0;1;33;33065;2;3;1.0;1.0;44.8221;-0.495;2024-09-10 08:50:00
202400014172.0;2;95;95680;2;1;1.0;6.0;49.0036563;2.39635706;2024-12-27 08:20:00
202400014173.0;5;30;30029;2;3;1.0;7.0;44.305727;4.343843;2024-02-03 18:50:00
202400014174.0;1;33;33063;2;1;1.0;3.0;44.87051;-0.56485;2024-09-10 07:45:00
202400014175.0;1;95;95426;2;1;1.0;4.0;49.02534755;2.29855466;2024-12-27 08:20:00
202400014176.0;3;30;30152;1;1;1.0;7.0;44.242801;4.177337;2024-02-03 03:20:00
202400014177.0;3;95;95424;2;9;1.0;6.0;48.99021087;2.20088124;2024-12-26 17:37:00
202400014178.0;1;33;33167;2;6;2.0;3.0;44.84334;-0.50392;2024-09-09 08:41:00
202400014179.0;3;8;8024;1;1;2.0;6.0;49.48636;4.106312;2024-02-02 22:50:00
202400014180.0;5;95;95210;2;1;1.0;2.0;48.96928379;2.30529428;2024-12-26 23:55:00
202400014181.0;1;978;97801;2;1;1.0;6.0;18.099523;-63.06029;2024-02-02 12:45:00
202400014182.0;1;29;29232;2;1;1.0;6.0;47.97521;-4.128169;2024-09-10 17:10:00
202400014183.0;5;95;95306;2;1;5.0;6.0;49.02349195;2.12413609;2024-12-27 23:50:00
202400014184.0;1;987;98715;1;1;1.0;6.0;-17.569345;-149.599628;2024-02-02 10:10:00
202400014185.0;1;29;29232;2;1;1.0;3.0;47.98145316;-4.12027375;2024-09-10 08:20:00
202400014186.0;1;91;91228;2;6;1.0;6.0;48.61375;2.42548;2024-12-27 14:10:00
202400014187.0;1;9;9160;2;1;1.0;7.0;42.9339325;1.84930533;2024-02-02 10:30:00
202400014188.0;1;28;28209;2;1;1.0;2.0;48.46526;1.48044;2024-09-10 08:20:00
202400014189.0;3;90;90039;1;1;9.0;7.0;47.64451;6.80629;2024-12-28 00:55:00
202400014190.0;1;27;27701;1;1;1.0;1.0;49.234921;1.203872;2024-09-10 16:20:00
202400014191.0;1;85;85035;1;1;1.0;1.0;46.638578;-1.8741985;2024-02-02 15:05:00
202400014192.0;5;87;87085;2;2;1.0;3.0;45.83451;1.22591;2024-12-26 22:06:00
202400014193.0;1;85;85178;1;1;1.0;6.0;46.779209;-1.483755;2024-02-03 14:25:00
202400014194.0;1;25;25056;2;1;8.0;6.0;47.25139;6.01668;2024-09-10 17:30:00
202400014195.0;5;85;85194;2;9;1.0;6.0;46.5135;-1.78019;2024-12-26 17:50:00
202400014196.0;1;25;25056;2;1;1.0;6.0;47.2472;5.99328;2024-09-10 15:45:00
202400014197.0;1;83;83123;2;1;1.0;6.0;43.12066;5.80778;2024-12-14 08:50:00
202400014198.0;1;72;72244;1;1;1.0;1.0;47.790335;-0.305023;2024-01-15 13:50:00
202400014199.0;1;22;22215;2;1;1.0;6.0;48.50024;-2.76376;2024-09-10 10:05:00
202400014200.0;1;78;78208;2;2;1.0;6.0;48.770268;1.97037;2024-12-27 12:00:00
202400014201.0;1;14;14530;1;1;8.0;4.0;49.214696;-0.277812;2024-02-03 09:45:00
202400014202.0;1;19;19031;2;6;1.0;7.0;45.15801;1.49411;2024-09-09 15:31:00
202400014203.0;5;72;72181;2;1;1.0;2.0;48.00192;0.20977;2024-12-27 19:40:00
202400014204.0;1;27;27275;2;1;1.0;7.0;49.157622;1.346909;2024-02-03 14:15:00
202400014205.0;5;71;71270;2;1;1.0;6.0;46.29034;4.81321;2024-12-25 17:45:00
202400014206.0;1;17;17415;2;3;1.0;5.0;45.74198;-0.66246;2024-09-10 09:10:00
202400014207.0;1;13;13001;1;1;1.0;2.0;43.51023127;5.41669198;2024-02-02 12:30:00
202400014208.0;5;69;69091;2;9;1.0;3.0;45.59333;4.7641;2024-12-26 07:30:00
202400014209.0;1;15;15014;2;2;2.0;3.0;44.913307;2.433119;2024-09-09 07:30:00
202400014210.0;3;13;13005;1;9;1.0;1.0;43.28373262;5.58423456;2024-01-28 20:42:00
202400014211.0;1;13;13103;2;3;1.0;3.0;43.64756;5.09277;2024-09-10 19:20:00
202400014212.0;3;67;67218;1;3;5.0;5.0;48.538195;7.745514;2024-12-27 21:45:00
202400014213.0;1;13;13071;1;1;1.0;2.0;43.39602793;5.29855233;2024-01-31 12:31:00
202400014214.0;1;13;13023;1;1;1.0;7.0;43.20984681;5.62428124;2024-02-02 15:30:00
202400014215.0;1;67;67482;2;8;1.0;3.0;48.57479;7.73014;2024-12-26 11:15:00
202400014216.0;1;13;13063;2;3;1.0;3.0;43.58413;5.00328;2024-09-10 08:45:00
202400014217.0;1;69;69286;1;1;1.0;3.0;45.844414;4.91350348;2024-01-29 08:00:00
202400014218.0;1;66;66136;2;3;1.0;3.0;42.69602;2.9146;2024-12-27 17:10:00
202400014219.0;1;13;13047;1;1;1.0;3.0;43.54607;5.01021;2024-09-10 09:20:00
202400014220.0;5;64;64129;2;1;5.0;7.0;43.31259159;-0.37751891;2024-12-27 21:53:00
202400014221.0;1;33;33039;1;1;1.0;2.0;44.806331;-0.529557;2024-02-01 12:10:00
202400014222.0;1;7;7186;2;1;1.0;5.0;44.73419;4.59403;2024-09-10 15:30:00
202400014223.0;3;33;33550;1;1;1.0;3.0;44.777981;-0.55731;2024-02-01 07:46:00
202400014224.0;1;64;64445;1;6;1.0;3.0;43.31642;-0.37474;2024-12-26 08:55:00
202400014225.0;1;7;7281;1;9;1.0;7.0;44.92801;4.79918;2024-09-10 18:35:00
202400014226.0;1;64;64122;2;9;1.0;3.0;43.47574;-1.53503;2024-12-27 15:51:00
202400014227.0;4;33;33550;1;1;1.0;6.0;44.783992;-0.589787;2024-01-31 20:40:00
202400014228.0;5;62;62186;2;1;1.0;2.0;50.45507;2.72111;2024-12-26 19:35:00
202400014229.0;1;6;6088;2;4;1.0;3.0;43.7160296;7.2632265;2024-09-10 14:09:00
202400014230.0;1;59;59554;1;1;1.0;7.0;50.45043154;3.33978643;2024-01-27 09:10:00
202400014231.0;1;59;59152;2;9;5.0;6.0;50.76559;3.00811;2024-12-27 09:30:00
202400014232.0;1;92;92063;1;1;1.0;6.0;48.88961195;2.16890822;2024-02-01 14:25:00
202400014233.0;1;2;2722;2;1;1.0;6.0;49.37356;3.31044;2024-08-24 13:05:00
202400014234.0;1;59;59378;2;2;1.0;3.0;50.66222;3.09635;2024-12-27 11:30:00
202400014235.0;5;93;93008;1;1;1.0;2.0;48.90892746;2.44905923;2024-02-02 18:05:00
202400014236.0;1;75;75112;2;1;1.0;2.0;48.843158;2.413707;2024-09-10 15:45:00
202400014237.0;5;59;59271;2;2;1.0;3.0;51.02231;2.30433;2024-12-26 18:20:00
202400014238.0;3;93;93005;1;1;1.0;3.0;48.9721357;2.4946119;2024-02-02 06:50:00
202400014239.0;1;75;75118;2;1;1.0;5.0;48.901076;2.345273;2024-09-10 10:45:00
202400014240.0;5;58;58194;2;3;1.0;3.0;46.98652;3.15154;2024-12-26 22:20:00
202400014241.0;5;95;95018;1;1;1.0;3.0;48.9585871;2.27405291;2024-02-02 05:20:00
202400014242.0;5;56;56260;2;1;1.0;6.0;47.67414;-2.76566;2024-12-27 06:40:00
202400014243.0;1;75;75106;2;1;8.0;5.0;48.846653;2.325479;2024-09-10 15:35:00
202400014244.0;1;974;97411;2;1;1.0;1.0;-20.88898;55.48325;2024-01-29 13:10:00
202400014245.0;1;55;55505;2;1;1.0;7.0;49.17165126;5.35388114;2024-12-10 12:00:00
202400014246.0;1;973;97302;2;1;1.0;3.0;4.93829436;-52.30099171;2024-02-01 08:20:00
202400014247.0;1;55;55545;2;1;1.0;7.0;49.16321;5.38628;2024-11-20 12:00:00
202400014248.0;1;75;75118;2;2;1.0;3.0;48.890504;2.349608;2024-09-10 16:35:00
202400014249.0;1;973;97302;1;1;1.0;2.0;4.902;-52.32489;2024-01-31 13:25:00
202400014250.0;3;54;54431;2;2;1.0;6.0;48.89836526;6.04474828;2024-12-24 17:50:00
202400014251.0;1;75;75117;2;2;1.0;6.0;48.875241;2.294797;2024-09-10 07:25:00
202400014252.0;3;78;78168;2;1;1.0;6.0;48.74664;1.9282;2024-08-04 22:10:00
202400014253.0;5;69;69388;2;3;1.0;3.0;45.74064599;4.86283259;2024-02-01 19:45:00
202400014254.0;1;75;75116;2;1;1.0;7.0;48.841427;2.254148;2024-09-10 09:20:00
202400014255.0;5;54;54304;2;1;1.0;1.0;48.69452;6.12925;2024-12-26 20:10:00
202400014256.0;1;69;69387;2;1;1.0;6.0;45.73587;4.83148;2024-02-01 18:25:00
202400014257.0;1;75;75116;2;3;1.0;6.0;48.853967;2.268982;2024-09-10 13:50:00
202400014258.0;5;77;77373;2;1;1.0;6.0;48.77988;2.61348;2024-08-04 22:50:00
202400014259.0;1;75;75114;2;1;1.0;7.0;48.820591;2.333985;2024-09-10 09:30:00
202400014260.0;1;69;69386;2;2;1.0;3.0;45.76899157;4.85701546;2024-02-01 10:50:00
202400014261.0;3;54;54451;1;1;1.0;4.0;49.50823;5.7522;2024-12-27 00:20:00
202400014262.0;1;76;76410;2;3;1.0;3.0;49.47654;1.0478;2024-08-04 14:30:00
202400014263.0;1;972;97213;2;9;1.0;6.0;14.61253;-60.99877;2024-01-31 07:50:00
202400014264.0;1;75;75114;2;2;1.0;3.0;48.832444;2.320547;2024-09-09 12:45:00
202400014265.0;5;51;51454;2;3;1.0;1.0;49.26499;4.06025;2024-12-27 21:10:00
202400014266.0;1;66;66136;2;2;1.0;3.0;42.6896069;2.8844288;2024-08-03 17:45:00
202400014267.0;5;69;69389;2;1;1.0;3.0;45.7724302;4.81089167;2024-02-01 19:25:00
202400014268.0;1;75;75114;2;3;2.0;6.0;48.833257;2.336455;2024-09-09 08:40:00
202400014269.0;5;51;51454;2;1;1.0;6.0;49.23854;4.02291;2024-12-26 19:00:00
202400014270.0;1;2B;2B033;2;1;1.0;6.0;42.67872;9.44301;2024-02-01 14:13:00
202400014271.0;1;61;61006;2;1;7.0;6.0;48.742585;-0.019947;2024-07-11 08:20:00
202400014272.0;1;75;75111;2;1;1.0;3.0;48.852959;2.389665;2024-09-10 18:00:00
202400014273.0;2;49;49007;2;1;1.0;6.0;47.44822;-0.56348;2024-12-26 18:30:00
202400014274.0;5;95;95585;2;1;1.0;2.0;48.98397154;2.38780476;2024-01-20 22:00:00
202400014275.0;1;59;59650;2;1;1.0;3.0;50.70429;3.2026;2024-08-04 20:30:00
202400014276.0;5;75;75110;2;1;1.0;3.0;48.87561;2.372794;2024-09-09 22:50:00
202400014277.0;1;47;47323;2;2;7.0;6.0;44.4057969;0.7068105;2024-12-27 16:10:00
202400014278.0;1;95;95197;2;1;2.0;6.0;48.96643031;2.31826255;2024-02-01 08:30:00
202400014279.0;5;44;44190;2;1;1.0;6.0;47.20808;-1.51506;2024-12-26 18:10:00
202400014280.0;1;75;75114;2;7;1.0;6.0;48.843544;2.324672;2024-09-10 10:25:00
202400014281.0;1;59;59386;2;1;1.0;3.0;50.68128;3.08397;2024-08-04 20:00:00
202400014282.0;5;91;91552;2;9;1.0;4.0;48.601;2.24702;2024-01-31 06:45:00
202400014283.0;1;75;75104;2;3;1.0;6.0;48.859931;2.354418;2024-09-10 10:55:00
202400014284.0;1;59;59368;2;2;1.0;6.0;50.64482;3.07606;2024-08-04 13:25:00
202400014285.0;1;94;94044;2;1;1.0;2.0;48.75887;2.481;2024-09-10 07:10:00
202400014286.0;1;91;91434;2;3;2.0;3.0;48.656114;2.353404;2024-02-01 10:30:00
202400014287.0;5;42;42187;1;1;1.0;5.0;46.04804952;4.08793128;2024-12-27 18:39:00
202400014288.0;1;94;94068;2;1;1.0;3.0;48.80336;2.48923;2024-09-10 09:50:00
202400014289.0;1;37;37261;2;9;8.0;6.0;47.39636;0.68848;2024-12-27 12:35:00
202400014290.0;1;47;47031;2;3;1.0;3.0;44.18525;0.63195;2024-08-03 09:25:00
202400014291.0;1;91;91027;2;3;1.0;3.0;48.70955;2.38011;2024-01-31 17:10:00
202400014292.0;1;94;94021;2;9;1.0;6.0;48.76239;2.356;2024-09-10 10:25:00
202400014293.0;1;34;34301;2;3;1.0;2.0;43.4071;3.6671;2024-12-27 12:45:00
202400014294.0;1;33;33529;2;3;1.0;3.0;44.63594;-1.14266;2024-08-04 09:52:00
202400014295.0;1;91;91223;2;3;8.0;1.0;48.43169;2.15146;2024-02-01 16:25:00
202400014296.0;1;94;94011;2;1;1.0;2.0;48.76985;2.47663;2024-09-09 10:15:00
202400014297.0;2;31;31555;2;1;1.0;6.0;43.58796;1.45956;2024-08-04 20:03:00
202400014298.0;5;33;33167;2;3;8.0;3.0;44.83594888;-0.53029458;2024-12-27 06:50:00
202400014299.0;1;87;87085;2;3;1.0;3.0;45.8387737;1.21316314;2024-01-31 12:24:00
202400014300.0;5;33;33063;2;7;1.0;3.0;44.83368;-0.58478;2024-12-25 18:05:00
202400014301.0;5;84;84007;2;1;1.0;3.0;43.94996;4.80189;2024-02-01 22:00:00
202400014302.0;1;29;29051;2;2;1.0;5.0;48.000216;-4.054708;2024-08-04 18:55:00
202400014303.0;5;93;93051;2;3;1.0;3.0;48.82659846;2.56753922;2024-09-09 22:45:00
202400014304.0;5;31;31557;2;1;1.0;7.0;43.58739048;1.3172704;2024-12-27 19:40:00
202400014305.0;5;29;29232;2;1;1.0;7.0;47.9852;-4.1062;2024-08-04 05:15:00
202400014306.0;3;93;93047;2;1;1.0;6.0;48.89510369;2.54831851;2024-09-10 02:40:00
202400014307.0;2;83;83062;2;1;1.0;1.0;43.13726;6.0267;2024-02-01 07:40:00
202400014308.0;1;31;31555;2;2;1.0;3.0;43.645152;1.4694061;2024-12-27 15:00:00
202400014309.0;1;30;30007;2;1;1.0;7.0;44.10597;4.08844;2024-12-25 17:00:00
202400014310.0;1;27;27229;2;6;1.0;3.0;49.03275;1.1556;2024-08-04 19:30:00
202400014311.0;1;93;93048;2;1;1.0;6.0;48.86846;2.43348;2024-09-10 17:38:00
202400014312.0;5;83;83069;2;3;1.0;3.0;43.11343;6.12969;2024-02-01 18:35:00
202400014313.0;1;13;13214;2;1;1.0;7.0;43.34402104;5.3845185;2024-08-04 06:00:00
202400014314.0;1;93;93048;2;1;1.0;3.0;48.87252694;2.45325253;2024-09-10 08:55:00
202400014315.0;5;80;80021;2;1;1.0;6.0;49.88348;2.31982;2024-01-31 20:15:00
202400014316.0;1;27;27229;2;2;2.0;2.0;49.01181;1.16531;2024-12-26 14:30:00
202400014317.0;1;80;80001;2;1;1.0;6.0;50.10443;1.82853;2024-02-01 17:20:00
202400014318.0;1;13;13214;1;2;1.0;2.0;43.31805;5.39038;2024-08-04 15:50:00
202400014319.0;1;93;93048;2;3;1.0;3.0;48.85778818;2.43480742;2024-09-10 07:30:00
202400014320.0;3;78;78486;1;1;1.0;6.0;48.680675;1.841366;2024-02-01 04:30:00
202400014321.0;1;25;25462;2;3;9.0;3.0;46.91817;6.34375;2024-12-27 15:00:00
202400014322.0;2;93;93048;2;1;1.0;1.0;48.86875;2.45146;2024-09-09 05:50:00
202400014323.0;1;13;13208;2;1;1.0;2.0;43.26469653;5.37351857;2024-08-03 08:30:00
202400014324.0;1;76;76429;2;4;2.0;6.0;49.41607;1.14038;2024-02-01 09:15:00
202400014325.0;1;13;13005;2;6;1.0;3.0;43.29776452;5.58854878;2024-08-04 07:45:00
202400014326.0;1;17;17415;1;1;1.0;1.0;45.73019;-0.6267;2024-12-27 09:45:00
202400014327.0;1;93;93046;2;2;1.0;6.0;48.92160629;2.52527475;2024-09-10 18:24:00
202400014328.0;1;7;7102;2;1;1.0;7.0;44.93578;4.85611;2024-08-04 18:30:00
202400014329.0;1;76;76351;2;4;1.0;2.0;49.50363;0.17928;2024-01-31 15:00:00
202400014330.0;1;93;93008;2;1;1.0;2.0;48.91027;2.41512;2024-09-10 10:20:00
202400014331.0;2;17;17333;2;1;1.0;3.0;45.6127;-0.9985;2024-12-27 08:55:00
202400014332.0;1;4;4112;2;6;1.0;2.0;43.82255;5.79154;2024-08-04 11:10:00
202400014333.0;5;76;76351;2;1;1.0;1.0;49.5045986;0.14107105;2024-01-31 18:20:00
202400014334.0;2;93;93005;2;1;1.0;6.0;48.93683;2.50453;2024-09-10 18:06:00
202400014335.0;1;4;4112;2;6;1.0;3.0;43.8225;5.79606;2024-08-02 19:00:00
202400014336.0;1;13;13211;2;3;1.0;3.0;43.28932239;5.4363909;2024-12-27 09:00:00
202400014337.0;1;93;93001;2;1;1.0;6.0;48.90740641;2.37670841;2024-09-03 16:20:00
202400014338.0;1;4;4112;1;1;1.0;1.0;43.84571;5.83349;2024-08-02 08:25:00
202400014339.0;1;71;71076;2;2;1.0;3.0;46.80652;4.84449;2024-02-01 08:30:00
202400014340.0;5;13;13203;2;1;1.0;1.0;43.3108;5.37314;2024-12-24 17:30:00
202400014341.0;1;92;92078;2;2;1.0;3.0;48.93486613;2.32482612;2024-09-10 09:00:00
202400014342.0;1;75;75116;2;1;1.0;2.0;48.8657;2.268245;2024-08-03 16:30:00
202400014343.0;1;69;69266;2;3;8.0;6.0;45.75768;4.8829;2024-02-01 13:00:00
202400014344.0;1;12;12176;2;6;1.0;3.0;44.373544;2.59123;2024-12-12 10:10:00
202400014345.0;1;92;92051;2;1;1.0;6.0;48.8832082;2.25979641;2024-09-10 09:05:00
202400014346.0;1;75;75116;2;1;1.0;3.0;48.848112;2.253383;2024-07-30 13:30:00
202400014347.0;3;65;65433;1;1;1.0;1.0;43.20059;0.0966;2024-02-01 18:58:00
202400014348.0;1;92;92050;2;1;1.0;6.0;48.89107888;2.2073704;2024-09-10 12:30:00
202400014349.0;2;75;75113;2;2;1.0;2.0;48.831893;2.341108;2024-08-03 13:00:00
202400014350.0;1;92;92050;2;1;1.0;3.0;48.91804366;2.2221297;2024-09-10 09:45:00
202400014351.0;2;64;64445;2;6;1.0;3.0;43.30801;-0.33935;2024-02-01 18:00:00
202400014352.0;5;10;10387;2;1;1.0;6.0;48.29413;4.0777;2024-12-26 18:15:00
202400014353.0;1;92;92071;2;1;1.0;3.0;48.77902599;2.28277355;2024-09-10 17:55:00
202400014354.0;1;64;64445;2;2;1.0;3.0;43.31633;-0.33966;2024-02-01 13:45:00
202400014355.0;1;75;75111;2;2;1.0;3.0;48.862466;2.366884;2024-08-04 15:30:00
202400014356.0;1;92;92014;2;1;1.0;7.0;48.78111;2.31603;2024-09-10 07:55:00
202400014357.0;1;6;6088;1;2;1.0;3.0;43.67676;7.20128;2024-12-27 15:20:00
202400014358.0;1;64;64445;2;6;1.0;3.0;43.30384;-0.35614;2024-01-30 10:10:00
202400014359.0;1;14;14455;1;1;3.0;7.0;49.000312;-0.360191;2024-09-07 17:00:00
202400014360.0;1;6;6088;2;9;1.0;6.0;43.708705;7.189915;2024-12-27 15:00:00
202400014361.0;2;93;93072;2;1;1.0;7.0;48.947281;2.373384;2024-08-04 21:10:00
202400014362.0;3;64;64125;2;9;8.0;1.0;43.44758;-1.57474;2024-02-01 20:30:00
202400014363.0;1;11;11203;2;1;1.0;2.0;43.203189;2.762246;2024-09-10 14:00:00
202400014364.0;1;6;6088;2;9;1.0;3.0;43.6804;7.20855;2024-12-27 10:29:00
202400014365.0;1;63;63113;2;9;1.0;6.0;45.78074456;3.08531553;2024-02-01 16:50:00
202400014366.0;1;6;6064;2;1;1.0;1.0;43.764485;7.195165;2024-09-11 08:25:00
202400014367.0;3;6;6104;2;1;1.0;1.0;43.7561;7.4491;2024-12-27 22:00:00
202400014368.0;5;93;93046;2;2;1.0;3.0;48.911707;2.509556;2024-08-04 02:25:00
202400014369.0;3;62;62510;2;1;2.0;3.0;50.41119;2.77333;2024-02-01 02:50:00
202400014370.0;1;5;5061;2;1;1.0;6.0;44.55759;6.06813;2024-12-27 14:50:00
202400014371.0;1;93;93005;2;7;1.0;3.0;48.93873207;2.48906851;2024-08-04 10:30:00
202400014372.0;1;60;60159;1;6;1.0;3.0;49.40099;2.82901;2024-01-31 08:00:00
202400014373.0;1;44;44087;1;1;1.0;5.0;46.970165;-1.81283;2024-09-10 16:30:00
202400014374.0;1;75;75116;2;1;1.0;4.0;48.876429;2.278361;2024-12-27 14:40:00
202400014375.0;1;59;59650;2;9;1.0;1.0;50.6993;3.23113;2024-02-01 16:00:00
202400014376.0;1;92;92025;2;1;1.0;2.0;48.93384329;2.25576532;2024-08-04 06:40:00
202400014377.0;4;79;79032;2;5;1.0;7.0;46.469936;-0.511476;2024-09-08 22:15:00
202400014378.0;1;75;75118;2;1;1.0;3.0;48.900744;2.361604;2024-12-26 11:00:00
202400014379.0;1;75;75119;2;1;1.0;7.0;48.879011;2.408813;2024-12-27 12:00:00
202400014380.0;3;76;76258;1;1;1.0;6.0;49.648389;0.609548;2024-08-04 03:55:00
202400014381.0;4;59;59024;2;1;1.0;2.0;50.33362;3.23395;2024-01-31 21:13:00
202400014382.0;1;2A;2A004;1;1;2.0;3.0;41.941648;8.807988;2024-09-10 17:20:00
202400014383.0;1;75;75106;2;3;1.0;6.0;48.851747;2.337399;2024-12-27 12:50:00
202400014384.0;5;2A;2A271;2;1;1.0;7.0;41.95327747;8.78965259;2024-09-11 04:00:00
202400014385.0;3;35;35250;1;2;1.0;6.0;48.014918;-1.577096;2024-08-05 01:33:00
202400014386.0;4;57;57757;2;1;1.0;1.0;49.34791288;6.17645144;2024-02-01 00:05:00
202400014387.0;5;75;75110;2;3;1.0;3.0;48.876129;2.360629;2024-12-26 23:45:00
202400014388.0;1;9;9109;1;1;1.0;7.0;43.202172;1.46139;2024-08-04 12:30:00
202400014389.0;1;55;55166;1;3;1.0;3.0;49.119431;5.38594;2024-09-10 18:40:00
202400014390.0;1;54;54431;2;2;2.0;6.0;48.90572;6.05996;2024-02-01 10:55:00
202400014391.0;1;12;12284;1;1;1.0;7.0;44.068424;2.728944;2024-09-10 11:00:00
202400014392.0;1;94;94078;2;1;1.0;5.0;48.735417;2.45398;2024-12-27 16:00:00
202400014393.0;5;54;54028;2;1;1.0;6.0;49.20489;5.98579;2024-02-01 19:00:00
202400014394.0;1;974;97422;2;6;1.0;3.0;-21.276993;55.521603;2024-08-04 14:35:00
202400014395.0;1;94;94076;2;1;1.0;2.0;48.794546;2.36109;2024-12-27 15:07:00
202400014396.0;1;1;1079;1;1;2.0;5.0;45.947056;5.686216;2024-09-11 16:50:00
202400014397.0;1;54;54099;1;1;1.0;6.0;49.24939361;6.01675272;2024-02-01 13:35:00
202400014398.0;1;972;97227;1;1;1.0;1.0;14.468508;-60.923368;2024-08-04 17:25:00
202400014399.0;1;94;94028;2;1;1.0;6.0;48.78986;2.45247;2024-12-27 15:40:00
202400014400.0;1;22;22004;1;1;1.0;6.0;48.614924;-3.276951;2024-09-10 18:15:00
202400014401.0;5;94;94004;2;1;9.0;6.0;48.75043614;2.537164;2024-12-27 01:13:00
202400014402.0;1;63;63408;1;3;1.0;6.0;45.982851;2.791096;2024-08-04 16:45:00
202400014403.0;5;47;47001;2;3;1.0;3.0;44.2026;0.61183;2024-02-01 18:51:00
202400014404.0;1;93;93072;2;1;1.0;3.0;48.94921519;2.38401187;2024-12-27 15:00:00
202400014405.0;1;44;44072;1;1;1.0;5.0;47.456953;-2.313958;2024-09-11 09:15:00
202400014406.0;1;44;44184;2;9;1.0;3.0;47.27981;-2.20241;2024-01-31 16:55:00
202400014407.0;3;59;59478;1;2;3.0;3.0;50.956582;2.465309;2024-08-03 21:35:00
202400014408.0;1;93;93029;2;1;7.0;2.0;48.93599554;2.45339305;2024-12-27 14:20:00
202400014409.0;5;44;44109;2;6;2.0;3.0;47.24996732;-1.52359045;2024-02-01 19:00:00
202400014410.0;1;2;2755;1;1;8.0;6.0;49.49021419;3.54857653;2024-09-10 17:15:00
202400014411.0;5;93;93001;2;1;1.0;6.0;48.9177896;2.37926135;2024-12-27 18:20:00
202400014412.0;3;34;34184;1;1;1.0;2.0;43.512736;3.443313;2024-08-03 23:15:00
202400014413.0;1;43;43157;2;1;1.0;2.0;45.02657882;3.88182865;2024-02-01 11:25:00
202400014414.0;1;1;1266;2;1;1.0;6.0;46.335799;5.1256;2024-09-10 12:00:00
202400014415.0;5;92;92072;2;1;1.0;2.0;48.8247;2.21356;2024-12-27 18:00:00
202400014416.0;1;56;56058;1;1;7.0;7.0;47.4694365;-2.334431;2024-08-04 16:20:00
202400014417.0;1;6;6151;1;1;1.0;6.0;43.882784;7.190573;2024-09-10 16:55:00
202400014418.0;1;92;92051;2;1;1.0;6.0;48.88370442;2.27257535;2024-12-27 13:53:00
202400014419.0;3;38;38563;2;2;2.0;3.0;45.39634;5.56991;2024-02-01 06:25:00
202400014420.0;1;77;77134;1;1;1.0;7.0;48.643777;3.289102;2024-08-04 14:30:00
202400014421.0;1;5;5140;1;1;1.0;7.0;44.51464;6.157338;2024-09-11 13:55:00
202400014422.0;1;92;92026;2;3;1.0;2.0;48.9022762;2.28156611;2024-12-27 11:30:00
202400014423.0;5;38;38544;2;9;1.0;6.0;45.52825;4.87391;2024-02-01 17:50:00
202400014424.0;3;76;76646;1;9;1.0;1.0;49.834412;0.66345;2024-08-04 22:20:00
202400014425.0;5;92;92002;2;1;1.0;6.0;48.76006794;2.30148397;2024-12-27 18:10:00
202400014426.0;1;37;37261;2;1;1.0;6.0;47.392718;0.6910049;2024-01-31 16:24:00
202400014427.0;1;5;5170;1;1;1.0;4.0;44.45394;6.043768;2024-09-10 12:05:00
202400014428.0;1;37;37208;2;1;1.0;2.0;47.36765;0.72232;2024-02-01 08:55:00
202400014429.0;1;82;82080;2;3;1.0;1.0;44.078771;1.200651;2024-08-05 19:10:00
202400014430.0;1;14;14409;1;1;1.0;3.0;49.277605;-0.184718;2024-12-27 11:55:00
202400014431.0;1;65;65050;1;1;1.0;7.0;42.847146;0.409423;2024-08-05 07:30:00
202400014432.0;1;35;35238;2;1;1.0;3.0;48.13727;-1.65864;2024-02-01 17:00:00
202400014433.0;2;60;60296;2;1;1.0;6.0;49.497095;1.806058;2024-09-02 07:20:00
202400014434.0;1;65;65362;1;1;1.0;3.0;42.958264;-0.078573;2024-08-04 10:45:00
202400014435.0;1;47;47230;1;1;1.0;1.0;44.49874912;0.85016671;2024-12-27 15:30:00
202400014436.0;1;35;35238;2;6;1.0;3.0;48.11861;-1.65565;2024-02-01 17:05:00
202400014437.0;5;31;31467;2;1;1.0;6.0;43.70109;1.40426;2024-12-27 18:20:00
202400014438.0;1;81;81291;1;3;1.0;6.0;44.005449;2.123612;2024-08-03 19:00:00
202400014439.0;1;35;35238;2;6;1.0;6.0;48.12163;-1.7039;2024-02-01 11:40:00
202400014440.0;1;38;38383;1;1;1.0;6.0;45.375783;5.657771;2024-12-27 13:30:00
202400014441.0;5;34;34108;2;1;5.0;1.0;43.427904;3.728153;2024-01-31 19:15:00
202400014442.0;1;89;89388;1;2;1.0;3.0;47.931483;3.269648;2024-08-04 18:43:00
202400014443.0;5;34;34003;2;1;1.0;6.0;43.31252;3.47436;2024-01-30 20:20:00
202400014444.0;3;55;55489;1;4;1.0;7.0;49.14584;5.272638;2024-08-04 23:25:00