Num_Acc;lum;departement;commune;agglomeration;intersection;meteo;type_collision;lat;long;date
202400014445.0;5;85;85109;2;1;1.0;6.0;46.859956;-1.02432;2024-12-27 21:00:00
202400014446.0;5;33;33550;2;1;1.0;2.0;44.77843;-0.56606;2024-01-31 21:00:00
202400014447.0;1;22;22119;2;1;1.0;3.0;48.620648;-3.538531;2024-08-04 18:40:00
202400014448.0;1;56;56057;1;2;1.0;3.0;48.027949;-3.477404;2024-12-27 15:00:00
202400014449.0;1;31;31555;2;6;1.0;4.0;43.5699;1.37461;2024-02-01 14:35:00
202400014450.0;1;22;22203;1;1;1.0;1.0;48.333052;-2.804883;2024-08-05 17:25:00
202400014451.0;2;56;56075;1;1;1.0;1.0;47.887284;-2.121193;2024-12-28 17:30:00
202400014452.0;2;31;31483;2;4;1.0;3.0;43.11241;0.74697;2024-02-01 07:50:00
202400014453.0;1;76;76500;2;1;1.0;6.0;49.898947;1.661242;2024-12-27 15:55:00
202400014454.0;1;44;44154;1;1;1.0;4.0;47.268179;-2.1617;2024-08-05 12:35:00
202400014455.0;1;38;38408;1;1;1.0;6.0;45.600069;5.00747;2024-07-28 08:40:00
202400014456.0;1;79;79012;1;3;2.0;3.0;46.474591;-0.58574;2024-12-24 14:40:00
202400014457.0;5;29;29232;2;3;1.0;3.0;47.99496559;-4.1080936;2024-02-01 21:25:00
202400014458.0;1;38;38333;1;1;1.0;7.0;45.068247;5.515351;2024-08-04 17:00:00
202400014459.0;1;69;69248;1;1;1.0;3.0;46.0334579;4.29266036;2024-12-23 14:30:00
202400014460.0;5;29;29232;2;1;2.0;1.0;47.98306;-4.067647;2024-01-31 18:30:00
202400014461.0;3;63;63011;1;1;1.0;7.0;46.21715282;2.74152959;2024-12-27 21:45:00
202400014462.0;1;84;84072;1;1;1.0;3.0;44.062588;5.128866;2024-08-05 11:20:00
202400014463.0;3;29;29151;1;9;8.0;3.0;48.60484753;-3.82056077;2024-02-01 20:30:00
202400014464.0;1;3;3260;1;1;1.0;6.0;46.433421;2.987745;2024-08-02 07:50:00
202400014465.0;3;61;61491;1;1;5.0;1.0;48.593831;0.695028;2024-12-27 18:01:00
202400014466.0;1;26;26198;2;1;1.0;6.0;44.55357;4.7447;2024-01-31 12:41:00
202400014467.0;1;15;15196;2;6;1.0;3.0;44.858462;2.307917;2024-08-05 11:00:00
202400014468.0;1;61;61092;1;1;8.0;1.0;48.75495;0.720886;2024-12-26 13:15:00
202400014469.0;5;25;25462;2;9;2.0;3.0;46.90997;6.33418;2024-02-01 19:35:00
202400014470.0;1;49;49090;1;1;1.0;6.0;47.63882931;-0.54445566;2024-12-28 15:07:00
202400014471.0;1;50;50619;1;1;1.0;6.0;49.613866;-1.361543;2024-08-05 16:35:00
202400014472.0;5;25;25462;2;1;2.0;6.0;46.914397;6.345797;2024-02-01 18:12:00
202400014473.0;1;50;50353;1;1;1.0;6.0;48.619211;-1.510899;2024-08-05 08:40:00
202400014474.0;1;25;25058;2;1;1.0;3.0;47.206997;5.999218;2024-12-27 12:12:00
202400014475.0;1;45;45067;1;1;1.0;3.0;47.902749;1.758891;2024-07-28 17:10:00
202400014476.0;5;25;25056;2;3;2.0;6.0;47.22856;5.986536;2024-02-01 17:58:00
202400014477.0;1;44;44089;1;1;1.0;6.0;47.345733;-1.866968;2024-12-21 11:20:00
202400014478.0;1;10;10011;1;1;1.0;7.0;48.260027;4.722276;2024-08-04 11:50:00
202400014479.0;3;44;44108;1;1;1.0;6.0;47.1356;-1.279506;2024-12-27 23:22:00
202400014480.0;1;22;22113;2;6;1.0;3.0;48.72584;-3.44098;2024-02-01 14:00:00
202400014481.0;1;10;10238;2;1;1.0;3.0;48.257745;4.340265;2024-08-04 13:45:00
202400014482.0;3;29;29117;1;1;2.0;3.0;48.58529984;-4.50765831;2024-12-23 19:40:00
202400014483.0;1;19;19031;2;3;1.0;6.0;45.15725;1.523;2024-01-31 17:25:00
202400014484.0;2;7;7112;1;1;1.0;6.0;44.778172;4.30325;2024-08-04 07:00:00
202400014485.0;1;38;38006;1;1;1.0;6.0;45.391398;6.112497;2024-12-28 12:40:00
202400014486.0;3;7;7296;1;1;1.0;6.0;44.570975;4.383686;2024-08-02 23:00:00
202400014487.0;1;19;19031;2;3;1.0;3.0;45.16779;1.53285;2024-01-29 18:15:00
202400014488.0;1;53;53245;1;1;1.0;4.0;48.27913658;-1.04782724;2024-08-04 11:30:00
202400014489.0;5;19;19031;2;1;1.0;2.0;45.15179943;1.50266433;2024-01-25 19:30:00
202400014490.0;1;1;1229;1;2;5.0;5.0;46.333358;5.162716;2024-12-28 11:15:00
202400014491.0;1;24;24301;1;1;1.0;7.0;45.03559465;1.37513638;2024-08-04 18:00:00
202400014492.0;5;18;18279;1;6;9.0;7.0;47.245482;2.076336;2024-02-01 22:15:00
202400014493.0;1;27;27260;1;1;1.0;1.0;49.393833;0.414791;2024-08-05 16:40:00
202400014494.0;1;70;70477;2;6;1.0;7.0;47.56199;6.629825;2024-12-28 14:20:00
202400014495.0;3;37;37266;1;1;1.0;6.0;47.304738;0.694274;2024-08-05 05:10:00
202400014496.0;3;72;72011;1;1;1.0;6.0;48.30504342;0.0045481;2024-12-27 02:25:00
202400014497.0;1;30;30172;1;1;1.0;7.0;43.994173;3.85118;2024-08-05 11:30:00
202400014498.0;1;15;15014;2;1;1.0;3.0;44.93292;2.44016;2024-02-01 12:50:00
202400014499.0;5;14;14714;1;1;1.0;6.0;49.216563;-0.795355;2024-12-24 04:15:00
202400014500.0;1;976;97602;1;1;1.0;2.0;-12.715179;45.126364;2024-08-05 09:30:00
202400014501.0;3;10;10238;1;1;5.0;1.0;48.241881;4.340962;2024-12-27 23:00:00
202400014502.0;1;15;15014;2;1;1.0;2.0;44.91328;2.44433;2024-01-31 17:25:00
202400014503.0;1;45;45169;1;1;1.0;3.0;47.910252;1.84942;2024-08-05 16:56:00
202400014504.0;5;14;14333;2;2;1.0;3.0;49.40033;0.24079;2024-01-31 19:00:00
202400014505.0;1;21;21561;1;1;9.0;5.0;47.424799;4.847342;2024-12-28 11:15:00
202400014506.0;2;60;60612;1;1;1.0;2.0;49.20439424;2.61012411;2024-08-05 22:23:00
202400014507.0;1;988;98805;1;1;1.0;3.0;-22.173081;166.415679;2024-12-28 07:00:00
202400014508.0;2;13;13117;2;2;1.0;3.0;43.4233;5.28373;2024-02-01 07:30:00
202400014509.0;2;987;98723;1;1;1.0;7.0;-9.727;-138.981;2024-08-03 05:10:00
202400014510.0;5;13;13203;2;9;1.0;3.0;43.30986;5.37356;2024-02-01 19:00:00
202400014511.0;1;1;1151;1;1;5.0;4.0;46.073489;5.3144;2024-12-28 15:50:00
202400014512.0;1;988;98829;1;1;1.0;1.0;-21.73355;166.103282;2024-08-03 09:35:00
202400014513.0;5;13;13206;2;3;1.0;3.0;43.2913;5.3811;2024-01-30 17:40:00
202400014514.0;1;37;37003;1;3;1.0;6.0;47.39325262;1.00387001;2024-08-04 11:51:00
202400014515.0;3;13;13001;1;1;1.0;2.0;43.512176;5.456536;2024-12-19 22:49:00
202400014516.0;1;77;77365;1;1;1.0;1.0;48.717668;3.038492;2024-08-04 14:45:00
202400014517.0;3;2;2297;1;1;1.0;2.0;49.075272;3.354263;2024-12-27 19:00:00
202400014518.0;1;13;13047;1;1;1.0;2.0;43.53688;4.97477;2024-01-31 13:15:00
202400014519.0;3;66;66208;1;1;1.0;6.0;42.63537421;2.93922901;2024-08-04 23:48:00
202400014520.0;5;976;97613;2;1;1.0;6.0;-12.75639;45.082483;2024-12-27 21:40:00
202400014521.0;2;13;13005;2;1;1.0;6.0;43.29715;5.56839;2024-02-01 07:35:00
202400014522.0;1;30;30010;1;1;1.0;6.0;44.062856;3.98157;2024-08-04 20:40:00
202400014523.0;1;51;51562;1;1;7.0;2.0;49.205051;4.089146;2024-12-27 12:10:00
202400014524.0;1;34;34344;2;9;1.0;3.0;43.562862;4.086348;2024-08-02 11:10:00
202400014525.0;1;11;11069;2;3;1.0;3.0;43.22789;2.3854;2024-01-30 15:25:00
202400014526.0;1;83;83065;2;1;1.0;1.0;43.26382;6.611675;2024-08-05 13:50:00
202400014527.0;3;38;38401;1;1;1.0;4.0;45.560564;5.418599;2024-12-27 20:35:00
202400014528.0;1;10;10387;2;2;1.0;2.0;48.29668;4.08531;2024-01-28 10:20:00
202400014529.0;1;71;71481;1;2;1.0;3.0;46.19795;4.763619;2024-08-05 09:05:00
202400014530.0;1;988;98822;1;1;3.0;6.0;-20.938054;165.360117;2024-12-14 12:50:00
202400014531.0;1;38;38376;1;1;1.0;6.0;45.436063;5.779452;2024-08-04 19:35:00
202400014532.0;1;2;2408;2;1;1.0;6.0;49.550929;3.619382;2024-01-27 13:45:00
202400014533.0;1;974;97414;2;1;1.0;1.0;-21.239887;55.455076;2024-12-27 15:50:00
202400014534.0;1;81;81142;1;1;1.0;1.0;43.523049;2.083781;2024-08-05 17:40:00
202400014535.0;2;75;75115;2;1;8.0;3.0;48.828461;2.289694;2024-02-01 17:10:00
202400014536.0;5;977;97701;2;1;1.0;1.0;17.906526;-62.828099;2024-12-28 01:00:00
202400014537.0;3;46;46055;1;4;1.0;7.0;44.583453;2.091511;2024-08-04 00:50:00
202400014538.0;3;77;77277;1;1;2.0;6.0;48.714723;2.869256;2024-12-27 19:40:00
202400014539.0;5;33;33324;2;1;1.0;2.0;44.829675;0.218951;2024-07-03 23:00:00
202400014540.0;1;75;75120;2;1;2.0;6.0;48.86295203;2.41407484;2024-02-01 08:25:00
202400014541.0;1;78;78346;1;3;1.0;3.0;48.9278;1.570272;2024-12-19 12:50:00
202400014542.0;1;85;85092;1;1;1.0;5.0;46.454038;-0.828219;2024-08-04 11:09:00
202400014543.0;5;66;66225;2;1;1.0;1.0;42.530876;2.904221;2024-12-28 18:15:00
202400014544.0;1;75;75113;2;1;2.0;2.0;48.819992;2.374139;2024-02-01 08:05:00
202400014545.0;1;75;75118;2;3;1.0;6.0;48.884166;2.338704;2024-01-31 12:21:00
202400014546.0;1;14;14658;2;1;1.0;1.0;48.842619;-1.051093;2024-08-04 20:55:00
202400014547.0;1;66;66176;2;3;1.0;1.0;42.78476;2.96707;2024-10-30 10:00:00
202400014548.0;1;29;29124;1;1;1.0;7.0;48.57762151;-4.31447517;2024-08-04 17:30:00
202400014549.0;1;75;75106;2;1;1.0;6.0;48.848036;2.330322;2024-02-01 11:50:00
202400014550.0;1;25;25626;2;1;5.0;6.0;47.344501;6.412518;2024-12-28 08:15:00
202400014551.0;1;76;76057;1;6;1.0;3.0;49.535417;0.962452;2024-08-02 15:00:00
202400014552.0;1;68;68154;2;6;1.0;6.0;47.77432;7.361615;2024-12-28 14:50:00
202400014553.0;1;75;75106;2;2;1.0;2.0;48.851588;2.331142;2024-01-31 11:40:00
202400014554.0;1;13;13215;1;1;1.0;3.0;43.34906;5.37009;2024-08-04 20:25:00
202400014555.0;1;55;55255;2;2;1.0;5.0;49.433599;5.379586;2024-12-28 14:25:00
202400014556.0;1;75;75120;2;1;2.0;5.0;48.864018;2.391956;2024-02-01 09:00:00
202400014557.0;1;13;13211;1;1;1.0;4.0;43.2937699;5.45719727;2024-08-04 14:25:00
202400014558.0;5;75;75118;2;2;1.0;6.0;48.89122;2.343644;2024-01-31 21:25:00
202400014559.0;1;13;13214;1;1;1.0;3.0;43.33077644;5.38780715;2024-08-04 07:30:00
202400014560.0;2;1;1211;2;1;7.0;2.0;46.124785;5.206771;2024-12-27 15:34:00
202400014561.0;5;13;13215;1;1;1.0;7.0;43.38181453;5.3519974;2024-08-04 02:35:00
202400014562.0;5;75;75117;2;2;1.0;6.0;48.893464;2.32536;2024-02-01 18:00:00
202400014563.0;1;79;79270;2;1;2.0;1.0;46.409277;-0.206975;2024-12-22 14:30:00
202400014564.0;3;83;83137;1;1;1.0;6.0;43.12289546;5.95772266;2024-08-04 05:00:00
202400014565.0;5;75;75116;2;1;1.0;3.0;48.857237;2.287019;2024-02-01 18:30:00
202400014566.0;3;1;1275;1;1;1.0;6.0;45.807919;4.929066;2024-08-04 05:20:00
202400014567.0;1;33;33227;2;1;1.0;6.0;44.545616;-0.256993;2024-12-23 10:45:00
202400014568.0;1;75;75115;2;3;1.0;6.0;48.852227;2.291236;2024-02-01 17:50:00
202400014569.0;1;33;33550;1;1;1.0;6.0;44.779429;-0.549881;2024-08-04 18:55:00
202400014570.0;1;60;60450;1;1;5.0;1.0;49.228374;2.295542;2024-12-28 14:10:00
202400014571.0;5;75;75115;2;1;1.0;6.0;48.845037;2.311755;2024-02-01 17:10:00
202400014572.0;1;91;91589;1;1;1.0;4.0;48.67592356;2.34025016;2024-08-04 15:50:00
202400014573.0;5;75;75113;2;1;1.0;3.0;48.824856;2.379483;2024-02-01 18:15:00
202400014574.0;1;91;91553;1;1;1.0;6.0;48.63097;2.48932;2024-08-04 14:50:00
202400014575.0;2;83;83137;1;1;1.0;2.0;43.122139;5.95594954;2024-12-26 17:20:00
202400014576.0;1;93;93064;1;1;1.0;3.0;48.88427014;2.46958851;2024-08-04 18:00:00
202400014577.0;1;75;75110;2;4;2.0;6.0;48.874391;2.374144;2024-02-01 10:48:00
202400014578.0;1;83;83137;1;1;1.0;4.0;43.12994235;5.97837713;2024-12-25 12:10:00
202400014579.0;1;93;93066;1;1;1.0;2.0;48.92290239;2.35725128;2024-08-04 16:20:00
202400014580.0;5;94;94081;2;1;1.0;2.0;48.79086062;2.40223078;2024-02-01 03:53:00
202400014581.0;3;59;59256;1;1;1.0;1.0;50.56488;3.16302;2024-12-25 22:00:00
202400014582.0;1;80;80569;1;1;1.0;7.0;49.893793;2.65113;2024-05-30 20:05:00
202400014583.0;3;91;91521;1;1;1.0;7.0;48.63558;2.40168;2024-12-27 07:35:00
202400014584.0;1;94;94022;2;8;2.0;6.0;48.763665;2.406007;2024-02-01 09:15:00
202400014585.0;1;74;74133;2;1;1.0;3.0;46.18328;6.1978;2024-06-03 08:28:00
202400014586.0;1;93;93066;1;1;1.0;2.0;48.92985457;2.36307976;2024-12-27 08:50:00
202400014587.0;1;88;88487;2;1;1.0;7.0;47.92612;6.468158;2024-04-06 17:30:00
202400014588.0;5;94;94079;2;3;1.0;2.0;48.82731231;2.54589647;2024-01-30 18:20:00
202400014589.0;1;92;92036;1;1;8.0;7.0;48.92398;2.30967;2024-08-02 10:00:00
202400014590.0;3;95;95277;1;4;1.0;6.0;48.97330726;2.4896663;2024-12-27 01:40:00
202400014591.0;5;94;94017;2;3;1.0;6.0;48.81434353;2.51165052;2024-02-01 19:35:00
202400014592.0;1;44;44109;2;1;1.0;4.0;47.2146967;-1.52491641;2024-07-22 17:30:00
202400014593.0;1;93;93078;2;9;1.0;6.0;48.95998;2.55661;2024-02-01 16:35:00
202400014594.0;5;988;98818;2;3;1.0;1.0;-22.27103;166.45242;2024-08-03 17:30:00
202400014595.0;1;50;50046;1;3;2.0;5.0;49.152871;-0.940028;2024-10-10 17:05:00
202400014596.0;3;974;97411;1;9;1.0;7.0;-20.88585;55.43899;2024-12-26 23:12:00
202400014597.0;4;93;93005;2;1;8.0;6.0;48.96061;2.50129;2024-01-26 03:07:00
202400014598.0;1;974;97416;2;2;1.0;3.0;-21.2987;55.45371;2024-08-02 07:10:00
202400014599.0;5;974;97411;2;1;1.0;1.0;-20.89542;55.48924;2024-12-26 20:20:00
202400014600.0;1;974;97411;2;1;1.0;6.0;-20.90215;55.46307;2024-08-03 08:10:00
202400014601.0;5;93;93064;2;2;1.0;5.0;48.867808;2.484873;2024-01-31 20:10:00
202400014602.0;1;973;97302;1;2;1.0;3.0;4.91924475;-52.31760103;2024-08-03 13:20:00
202400014603.0;5;93;93064;2;2;1.0;3.0;48.866898;2.497661;2024-02-01 18:50:00
202400014604.0;3;973;97302;2;6;1.0;7.0;4.89696722;-52.32850188;2024-08-03 02:10:00
202400014605.0;1;93;93064;2;2;2.0;6.0;48.875093;2.48395;2024-02-01 08:25:00
202400014606.0;1;972;97213;2;6;1.0;2.0;14.61777;-61.03153;2024-08-03 06:50:00
202400014607.0;1;93;93046;2;2;2.0;3.0;48.92409;2.53909;2024-02-01 09:51:00
202400014608.0;5;2B;2B033;2;9;1.0;3.0;42.7047;9.45422;2024-08-03 23:55:00
202400014609.0;2;93;93014;2;1;2.0;7.0;48.90858;2.53479;2024-02-01 08:19:00
202400014610.0;5;2A;2A004;2;1;1.0;2.0;41.93524;8.74675;2024-08-03 23:40:00
202400014611.0;1;92;92078;2;3;8.0;3.0;48.92973;2.32598;2024-02-01 15:20:00
202400014612.0;5;83;83137;2;6;1.0;3.0;43.12124;5.9413;2024-08-03 00:55:00
202400014613.0;1;92;92063;2;1;1.0;6.0;48.87133576;2.16072661;2024-01-31 13:50:00
202400014614.0;1;80;80261;2;1;1.0;3.0;49.871102;2.279993;2024-08-03 15:50:00
202400014615.0;5;92;92050;2;3;1.0;6.0;48.89081588;2.21581239;2024-02-01 18:38:00
202400014616.0;5;92;92048;2;1;1.0;6.0;48.80723737;2.23597705;2024-02-01 20:13:00
202400014617.0;1;71;71306;2;1;1.0;6.0;46.67947;4.36698;2024-08-03 18:25:00
202400014618.0;5;92;92026;2;2;1.0;6.0;48.89055793;2.24838978;2024-02-01 18:30:00
202400014619.0;5;69;69266;2;1;1.0;6.0;45.76703;4.89227;2024-08-03 21:50:00
202400014620.0;1;68;68166;2;1;1.0;6.0;47.79056;7.343226;2024-08-01 09:25:00
202400014621.0;5;92;92024;2;3;1.0;3.0;48.90089344;2.30552334;2024-01-31 23:40:00
202400014622.0;5;67;67482;2;3;8.0;3.0;48.58501;7.74301;2024-08-03 03:55:00
202400014623.0;1;92;92012;2;1;1.0;6.0;48.84302929;2.23821938;2024-02-01 16:25:00
202400014624.0;5;92;92002;2;1;1.0;6.0;48.74477755;2.30332267;2024-01-31 22:32:00
202400014625.0;1;60;60223;2;2;2.0;3.0;49.43083118;2.64025731;2024-02-01 09:15:00
202400014626.0;5;63;63113;2;2;1.0;3.0;45.78794;3.08378;2024-08-03 22:10:00
202400014627.0;1;71;71139;1;1;5.0;7.0;46.63899203;4.55726384;2024-02-02 09:30:00
202400014628.0;1;63;63063;1;1;1.0;6.0;45.833;3.114;2024-08-03 07:05:00
202400014629.0;5;61;61001;2;1;1.0;6.0;48.42201;0.08954;2024-08-03 00:05:00
202400014630.0;2;59;59360;2;1;2.0;6.0;50.61359;3.00215;2024-08-03 19:00:00
202400014631.0;2;59;59588;1;1;2.0;1.0;51.04415;2.44332;2024-08-03 21:15:00
202400014632.0;1;54;54547;2;2;1.0;1.0;48.6581424;6.17767963;2024-08-03 17:45:00
202400014633.0;1;54;54395;2;2;1.0;3.0;48.69001188;6.17183912;2024-08-03 14:55:00
202400014634.0;1;51;51055;2;6;1.0;3.0;49.28643;4.02759;2024-08-03 14:26:00
202400014635.0;4;49;49007;2;1;1.0;6.0;47.48565;-0.53339;2024-08-03 02:43:00
202400014636.0;1;47;47201;2;6;1.0;3.0;44.19459664;0.60329138;2024-08-02 16:50:00
202400014637.0;1;44;44162;2;1;1.0;6.0;47.21425;-1.64799;2024-08-03 15:00:00
202400014638.0;1;44;44055;2;1;8.0;6.0;47.28145;-2.40087;2024-08-03 20:25:00
202400014639.0;3;38;38516;1;3;1.0;4.0;45.19239;5.7464;2024-08-04 01:24:00
202400014640.0;1;38;38151;2;9;1.0;6.0;45.15826;5.7222;2024-08-03 17:20:00
202400014641.0;1;35;35238;2;1;1.0;6.0;48.10625;-1.66752;2024-08-03 13:50:00
202400014642.0;5;34;34172;2;6;1.0;3.0;43.58878;3.89008;2024-08-04 00:35:00
202400014643.0;5;34;34172;2;1;1.0;1.0;43.581795;3.884766;2024-08-03 23:15:00
202400014644.0;1;34;34172;2;1;1.0;2.0;43.6277;3.85844;2024-08-03 11:46:00
202400014645.0;1;33;33063;2;2;1.0;3.0;44.87844;-0.54778;2024-08-03 18:45:00
202400014646.0;4;33;33119;2;1;1.0;5.0;44.84336;-0.53198;2024-08-03 02:00:00
202400014647.0;5;33;33032;2;1;1.0;6.0;44.90548;-0.52971;2024-08-02 23:40:00
202400014648.0;3;33;33075;2;1;1.0;4.0;44.88848077;-0.58833316;2024-08-03 01:08:00
202400014649.0;2;31;31483;2;6;1.0;6.0;43.11171667;0.6958589;2024-08-03 06:35:00
202400014650.0;5;28;28085;2;9;1.0;7.0;48.44893;1.48333;2024-08-03 00:40:00
202400014651.0;1;25;25056;2;2;1.0;3.0;47.246193;6.034091;2024-08-03 19:30:00
202400014652.0;1;14;14366;2;9;2.0;1.0;49.14495;0.26713;2024-08-03 17:40:00
202400014653.0;5;13;13209;2;1;1.0;3.0;43.27238582;5.39959033;2024-08-04 00:20:00
202400014654.0;3;13;13047;1;1;1.0;1.0;43.56436;4.98425;2024-08-03 05:00:00
202400014655.0;1;11;11069;2;3;1.0;2.0;43.199163;2.32703;2024-08-03 11:50:00
202400014656.0;1;7;7019;1;1;1.0;1.0;44.59238;4.42251;2024-08-03 13:55:00
202400014657.0;1;6;6088;2;1;1.0;6.0;43.720606;7.287684;2024-08-03 19:30:00
202400014658.0;1;5;5061;2;1;1.0;6.0;44.56923;6.10268;2024-07-25 14:40:00
202400014659.0;1;5;5023;2;1;1.0;6.0;44.886173;6.634247;2024-08-02 17:20:00
202400014660.0;1;75;75120;2;1;1.0;2.0;48.85993;2.413982;2024-08-03 18:20:00
202400014661.0;5;75;75112;2;1;1.0;3.0;48.83687;2.412401;2024-08-02 22:30:00
202400014662.0;5;75;75119;2;4;1.0;6.0;48.882431;2.370456;2024-08-03 00:15:00
202400014663.0;1;75;75118;2;2;1.0;1.0;48.898517;2.359368;2024-08-03 16:20:00
202400014664.0;1;75;75115;2;1;1.0;6.0;48.839137;2.268794;2024-08-03 19:00:00
202400014665.0;5;75;75113;2;2;1.0;6.0;48.826154;2.357317;2024-08-03 03:44:00
202400014666.0;1;75;75112;1;2;1.0;3.0;48.843414;2.370737;2024-08-03 06:55:00
202400014667.0;1;75;75107;2;2;1.0;3.0;48.858847;2.303552;2024-08-03 16:04:00
202400014668.0;5;75;75107;2;7;1.0;7.0;48.862828;2.311698;2024-08-03 01:20:00
202400014669.0;1;94;94018;2;2;1.0;3.0;48.823763;2.407491;2024-08-03 13:00:00
202400014670.0;3;94;94070;1;1;1.0;5.0;48.71426;2.56154;2024-08-02 22:26:00
202400014671.0;1;93;93055;2;3;1.0;2.0;48.90324401;2.39591736;2024-08-03 14:15:00
202400014672.0;1;93;93032;2;9;1.0;5.0;48.86560701;2.56419393;2024-08-03 18:30:00
202400014673.0;1;93;93051;2;1;1.0;3.0;48.8497;2.55888;2024-08-03 06:20:00
202400014674.0;1;93;93047;2;4;1.0;3.0;48.903;2.56219;2024-08-03 12:20:00
202400014675.0;1;93;93010;2;1;1.0;6.0;48.90567099;2.47752434;2024-08-02 21:20:00
202400014676.0;5;92;92040;2;3;1.0;3.0;48.82088775;2.24996209;2024-08-03 22:50:00
202400014677.0;1;92;92025;2;1;1.0;6.0;48.92790713;2.24960354;2024-08-03 12:00:00
202400014678.0;1;92;92025;2;3;1.0;3.0;48.93345082;2.26436734;2024-08-02 16:50:00
202400014679.0;1;92;92024;2;1;2.0;6.0;48.90510652;2.29840529;2024-08-03 20:00:00
202400014680.0;1;92;92023;2;9;1.0;6.0;48.78689113;2.23703469;2024-08-03 09:30:00
202400014681.0;5;92;92004;2;9;2.0;1.0;48.90536745;2.28823328;2024-08-03 03:30:00
202400014682.0;1;92;92004;2;1;1.0;3.0;48.9235748;2.2850672;2024-08-03 16:27:00
202400014683.0;1;76;76622;1;1;1.0;6.0;49.48181122;0.6117475;2024-08-04 17:50:00
202400014684.0;1;50;50493;1;1;1.0;1.0;48.836588;-1.45659;2024-08-02 15:30:00
202400014685.0;1;71;71446;1;2;1.0;3.0;46.577592;4.533985;2024-08-03 09:35:00
202400014686.0;1;974;97413;2;3;1.0;1.0;-21.177424;55.289463;2024-08-04 10:45:00
202400014687.0;1;59;59220;2;2;1.0;6.0;50.60292617;3.06910605;2024-05-30 19:10:00
202400014688.0;1;59;59507;2;3;1.0;1.0;50.59758;3.09682;2024-05-29 20:50:00
202400014689.0;1;14;14738;1;1;1.0;4.0;49.163228;-0.444002;2024-08-03 10:15:00
202400014690.0;1;57;57672;1;1;1.0;2.0;49.335636;6.157031;2024-05-28 13:25:00
202400014691.0;1;62;62436;1;1;1.0;7.0;50.35700735;2.33686687;2024-08-03 18:00:00
202400014692.0;1;57;57480;2;1;1.0;2.0;49.09578;6.15678;2024-05-30 15:31:00
202400014693.0;1;19;19136;1;3;1.0;7.0;45.5762973;2.13613871;2024-08-03 18:00:00
202400014694.0;3;57;57463;2;1;1.0;6.0;49.13002776;6.21852994;2024-05-12 04:05:00
202400014695.0;1;56;56028;1;1;1.0;7.0;47.626536;-2.284035;2024-08-04 14:30:00
202400014696.0;1;56;56260;1;9;1.0;3.0;47.66881;-2.72406;2024-05-30 12:10:00
202400014697.0;1;79;79129;2;1;1.0;1.0;46.321062;-0.292143;2024-08-04 11:49:00
202400014698.0;1;56;56121;2;3;1.0;3.0;47.75767;-3.37277;2024-05-30 11:40:00
202400014699.0;1;81;81084;1;1;1.0;1.0;43.495077;2.2057967;2024-08-04 12:00:00
202400014700.0;1;54;54395;2;2;1.0;3.0;48.67700392;6.20786011;2024-05-29 11:40:00
202400014701.0;1;71;71290;1;1;1.0;6.0;46.388467;4.615266;2024-08-02 16:03:00
202400014702.0;1;52;52448;2;1;1.0;3.0;48.64422;4.95271;2024-05-27 07:55:00
202400014703.0;1;51;51108;2;1;1.0;6.0;48.95359;4.36389;2024-05-30 17:38:00
202400014704.0;1;89;89208;1;1;1.0;7.0;47.594414;3.864613;2024-08-03 15:30:00
202400014705.0;5;63;63233;2;2;1.0;1.0;46.181;2.806674;2024-08-03 23:45:00
202400014706.0;1;49;49015;2;6;1.0;3.0;47.50208;-0.58495;2024-05-29 14:50:00
202400014707.0;1;49;49007;2;1;8.0;6.0;47.45989;-0.54585;2024-05-29 07:22:00
202400014708.0;1;22;22047;2;9;1.0;1.0;48.310797;-3.048695;2024-08-04 10:00:00
202400014709.0;1;44;44109;2;1;1.0;3.0;47.23104802;-1.58730447;2024-05-30 18:05:00
202400014710.0;3;39;39286;1;1;1.0;6.0;46.40402;5.768455;2024-08-04 04:22:00
202400014711.0;1;44;44109;2;1;2.0;6.0;47.2601;-1.49939;2024-05-29 17:00:00
202400014712.0;1;39;39171;1;9;1.0;3.0;46.662706;5.43819;2024-08-04 17:05:00
202400014713.0;1;42;42218;2;1;1.0;6.0;45.4275;4.4176;2024-05-03 13:10:00
202400014714.0;3;25;25186;1;1;1.0;6.0;47.330563;5.946908;2024-08-04 00:47:00
202400014715.0;3;29;29081;1;1;1.0;6.0;48.364066;-3.773498;2024-08-04 00:45:00
202400014716.0;1;42;42218;2;2;1.0;3.0;45.44326;4.41328;2024-05-24 19:25:00
202400014717.0;1;1;1305;2;6;1.0;7.0;46.429354;4.938623;2024-08-04 14:00:00
202400014718.0;1;42;42218;2;1;1.0;3.0;45.4236;4.3948;2024-04-13 09:40:00
202400014719.0;3;26;26001;1;1;1.0;7.0;44.700165;5.396487;2024-08-04 01:00:00
202400014720.0;1;42;42218;2;1;1.0;3.0;45.47262;4.39612;2024-05-24 11:13:00
202400014721.0;1;72;72363;1;3;1.0;3.0;48.094122;0.541372;2024-08-04 08:22:00
202400014722.0;1;43;43264;1;1;1.0;7.0;45.1927402;3.37779079;2024-08-03 19:10:00
202400014723.0;1;42;42218;2;2;2.0;5.0;45.4642;4.3819;2024-05-01 20:30:00
202400014724.0;1;37;37122;2;1;1.0;2.0;47.3438;0.66406;2024-05-30 12:20:00
202400014725.0;1;35;35238;2;3;8.0;6.0;48.11217296;-1.6711919;2024-05-30 17:00:00
202400014726.0;1;34;34301;2;1;8.0;6.0;43.41241;3.66131;2024-05-30 14:30:00
202400014727.0;5;33;33063;2;1;1.0;6.0;44.83188;-0.55828;2024-05-31 02:15:00