Num_Acc;lum;departement;commune;agglomeration;intersection;meteo;type_collision;lat;long;date
202400014728.0;1;33;33200;2;3;8.0;3.0;44.88862;-0.67416;2024-05-30 09:45:00
202400014729.0;1;33;33281;2;2;8.0;3.0;44.838553;-0.618853;2024-05-30 08:45:00
202400014730.0;1;33;33063;2;2;1.0;3.0;44.83338;-0.59891;2024-05-29 13:05:00
202400014731.0;1;33;33063;2;9;8.0;6.0;44.84864;-0.5755;2024-05-29 08:50:00
202400014732.0;1;33;33529;2;1;1.0;3.0;44.62407;-1.135215;2024-05-30 16:56:00
202400014733.0;1;33;33009;2;3;2.0;3.0;44.65675;-1.16517;2024-05-30 07:40:00
202400014734.0;1;30;30007;2;1;8.0;3.0;44.142808;4.103843;2024-05-30 11:50:00
202400014735.0;1;26;26362;2;3;1.0;3.0;44.91182;4.88839;2024-05-30 18:00:00
202400014736.0;1;19;19031;2;1;1.0;3.0;45.14756;1.4828;2024-05-24 19:10:00
202400014737.0;1;19;19031;2;2;1.0;3.0;45.16072;1.54368;2024-05-30 11:30:00
202400014738.0;1;17;17306;2;1;1.0;3.0;45.62394;-1.0268;2024-05-30 08:00:00
202400014739.0;1;13;13106;2;1;1.0;3.0;43.4088;5.36724;2024-05-30 06:30:00
202400014740.0;1;13;13215;2;1;1.0;3.0;43.3;5.4;2024-05-30 18:00:00
202400014741.0;1;13;13212;2;1;1.0;2.0;43.306;5.47;2024-05-30 08:30:00
202400014742.0;1;13;13201;2;1;1.0;6.0;43.29687;5.37638;2024-05-22 18:30:00
202400014743.0;1;13;13004;2;2;1.0;3.0;43.69422566;4.63979382;2024-05-30 17:50:00
202400014744.0;1;13;13001;2;1;1.0;2.0;43.48559;5.34824;2024-05-30 07:45:00
202400014745.0;1;11;11069;2;2;1.0;3.0;43.21017;2.36449;2024-05-27 07:30:00
202400014746.0;1;10;10362;2;2;2.0;3.0;48.29301;4.00918;2024-05-29 07:25:00
202400014747.0;1;6;6069;2;3;1.0;2.0;43.63073;6.9587;2024-05-30 17:25:00
202400014748.0;1;6;6027;2;1;1.0;3.0;43.656365;7.176989;2024-05-30 19:00:00
202400014749.0;1;1;1053;2;1;1.0;2.0;46.1978;5.2393;2024-05-30 18:00:00
202400014750.0;1;1;1451;2;3;1.0;3.0;46.213017;5.218254;2024-05-29 17:00:00
202400014751.0;1;75;75116;2;1;1.0;2.0;48.857246;2.258489;2024-05-30 18:14:00
202400014752.0;1;75;75114;2;1;2.0;2.0;48.824292;2.30637;2024-05-30 08:45:00
202400014753.0;5;75;75120;2;1;2.0;6.0;48.868742;2.413252;2024-05-29 23:45:00
202400014754.0;1;75;75118;2;2;2.0;3.0;48.884562;2.359419;2024-05-29 16:25:00
202400014755.0;1;75;75105;2;3;1.0;6.0;48.852735;2.343859;2024-05-27 13:50:00
202400014756.0;1;75;75117;2;3;2.0;7.0;48.879318;2.280702;2024-05-30 12:40:00
202400014757.0;1;75;75116;2;3;8.0;3.0;48.859456;2.266024;2024-05-30 15:50:00
202400014758.0;1;75;75116;2;2;8.0;6.0;48.845368;2.25757;2024-05-29 10:30:00
202400014759.0;5;75;75116;2;2;8.0;3.0;48.866356;2.231625;2024-05-30 00:50:00
202400014760.0;5;75;75115;2;2;1.0;1.0;48.846188;2.295173;2024-05-30 01:27:00
202400014761.0;1;75;75114;2;3;3.0;3.0;48.824387;2.331095;2024-05-29 20:15:00
202400014762.0;1;75;75112;2;3;2.0;2.0;48.835806;2.453089;2024-05-29 16:00:00
202400014763.0;5;75;75110;2;3;2.0;4.0;48.882557;2.366944;2024-05-29 23:20:00
202400014764.0;1;75;75107;2;1;2.0;2.0;48.852648;2.313606;2024-05-29 17:40:00
202400014765.0;1;75;75101;2;1;1.0;6.0;48.859598;2.335296;2024-05-30 16:30:00
202400014766.0;1;75;75102;2;3;2.0;1.0;48.867022;2.352912;2024-05-29 16:45:00
202400014767.0;1;75;75102;2;3;2.0;7.0;48.867064;2.352956;2024-05-29 10:10:00
202400014768.0;1;94;94080;2;1;1.0;3.0;48.84613529;2.42190117;2024-05-30 07:00:00
202400014769.0;1;94;94074;2;3;2.0;6.0;48.744657;2.470029;2024-05-30 16:00:00
202400014770.0;1;94;94042;2;1;2.0;6.0;48.81601457;2.46500708;2024-05-30 11:45:00
202400014771.0;1;94;94041;2;1;2.0;4.0;48.81623576;2.37696826;2024-05-30 13:00:00
202400014772.0;1;94;94028;1;1;2.0;2.0;48.79886;2.44592;2024-05-29 16:20:00
202400014773.0;1;94;94028;2;6;3.0;2.0;48.77413;2.4397;2024-05-29 09:10:00
202400014774.0;1;94;94018;2;3;1.0;6.0;48.82237;2.41236;2024-05-30 17:00:00
202400014775.0;1;94;94071;2;1;2.0;2.0;48.77339904;2.53015692;2024-05-29 16:30:00
202400014776.0;1;93;93050;2;3;2.0;7.0;48.86936426;2.55557656;2024-05-29 16:30:00
202400014777.0;1;93;93074;2;1;1.0;6.0;48.932305;2.566849;2024-05-30 16:50:00
202400014778.0;1;93;93013;2;2;1.0;3.0;48.935;2.426;2024-05-30 16:35:00
202400014779.0;1;93;93013;2;2;2.0;6.0;48.93321953;2.4240607;2024-05-28 10:07:00
202400014780.0;1;93;93027;2;1;2.0;6.0;48.92706;2.39336;2024-05-29 09:23:00
202400014781.0;1;93;93001;2;5;1.0;2.0;48.90887;2.37814;2024-05-30 16:30:00
202400014782.0;1;92;92046;2;1;2.0;7.0;48.81441;2.27964;2024-05-30 08:30:00
202400014783.0;1;92;92062;2;1;2.0;3.0;48.88247962;2.24756062;2024-05-30 09:02:00
202400014784.0;1;92;92020;2;1;2.0;3.0;48.79911581;2.29427952;2024-05-30 20:52:00
202400014785.0;2;92;92048;1;6;8.0;7.0;48.79748965;2.23235214;2024-05-30 06:45:00
202400014786.0;1;92;92025;2;2;1.0;3.0;48.90893416;2.23660201;2024-05-30 09:40:00
202400014787.0;2;92;92024;2;3;1.0;2.0;48.90830204;2.30433244;2024-05-30 20:45:00
202400014788.0;1;17;17262;1;2;1.0;3.0;45.745942;-0.710582;2024-05-31 16:35:00
202400014789.0;3;1;1143;2;1;3.0;6.0;46.372813;6.156936;2024-05-30 02:30:00
202400014790.0;1;1;1360;2;1;1.0;6.0;46.209496;5.957835;2024-05-20 14:13:00
202400014791.0;1;36;36129;1;1;3.0;6.0;46.625723;1.917382;2024-05-30 16:17:00
202400014792.0;1;34;34270;2;4;1.0;3.0;43.575168;3.853787;2024-05-31 15:40:00
202400014793.0;2;59;59331;1;1;2.0;7.0;50.112625;3.709946;2024-05-30 07:58:00
202400014794.0;1;56;56169;1;1;1.0;1.0;47.714674;-3.240414;2024-05-30 17:00:00
202400014795.0;1;82;82044;1;1;1.0;5.0;43.931899;1.382089;2024-05-31 07:50:00
202400014796.0;1;71;71092;1;1;1.0;1.0;46.577345;5.175607;2024-05-31 18:15:00
202400014797.0;1;71;71380;1;1;1.0;3.0;46.6851718;5.3784262;2024-01-22 10:30:00
202400014798.0;1;89;89345;2;3;1.0;3.0;48.000217;3.728099;2024-05-31 14:15:00
202400014799.0;1;42;42289;1;1;1.0;6.0;45.923534;4.201087;2024-05-31 06:20:00
202400014800.0;1;34;34178;1;3;1.0;3.0;43.429892;3.151939;2024-05-29 15:00:00
202400014801.0;1;22;22229;1;3;8.0;3.0;48.285681;-3.244601;2024-05-27 18:25:00
202400014802.0;1;44;44049;2;2;1.0;3.0;47.287082;-2.508633;2024-05-30 18:00:00
202400014803.0;1;38;38422;1;1;1.0;3.0;45.154155;5.879949;2024-05-29 14:10:00
202400014804.0;3;72;72356;2;1;1.0;6.0;47.753697;0.445542;2024-05-30 22:00:00
202400014805.0;2;73;73067;1;1;3.0;6.0;45.3638134;6.28736245;2024-05-30 20:30:00
202400014806.0;3;10;10139;1;1;2.0;1.0;48.425758;4.655017;2024-05-31 03:30:00
202400014807.0;1;7;7201;1;1;1.0;5.0;44.429106;4.332036;2024-05-31 12:30:00
202400014808.0;1;37;37050;2;1;3.0;7.0;47.336503;0.693233;2024-05-30 13:45:00
202400014809.0;1;30;30269;1;1;1.0;7.0;44.127921;3.864655;2024-05-30 18:45:00
202400014810.0;1;52;52376;1;1;1.0;6.0;48.476222;5.285969;2024-05-31 16:54:00
202400014811.0;1;973;97307;1;1;2.0;3.0;4.83422;-52.339511;2024-05-30 16:45:00
202400014812.0;1;17;17337;2;1;1.0;6.0;45.973225;-1.350927;2024-05-31 08:35:00
202400014813.0;1;17;17324;1;2;1.0;3.0;45.398695;-0.563082;2024-05-31 10:00:00
202400014814.0;1;971;97103;2;1;1.0;3.0;16.265612;-61.583433;2024-05-30 07:00:00
202400014815.0;1;971;97117;1;2;1.0;3.0;16.303726;-61.324868;2024-05-30 08:40:00
202400014816.0;1;971;97117;2;1;1.0;3.0;16.325591;-61.351953;2024-05-29 10:30:00
202400014817.0;1;977;97701;2;1;1.0;1.0;17.89295;-62.809739;2024-05-30 16:20:00
202400014818.0;1;77;77508;1;1;2.0;1.0;48.82064;2.841704;2024-05-31 14:30:00
202400014819.0;1;2B;2B148;2;1;1.0;3.0;42.546232;9.442239;2024-05-29 17:25:00
202400014820.0;1;83;83112;2;1;7.0;6.0;43.18320472;5.69163442;2024-05-30 19:40:00
202400014821.0;1;83;83099;1;1;1.0;1.0;43.455491;6.703489;2024-05-29 17:30:00
202400014822.0;1;13;13041;1;3;1.0;3.0;43.448767;5.446773;2024-05-30 16:25:00
202400014823.0;3;68;68226;2;1;1.0;6.0;48.042635;7.137583;2024-05-09 00:01:00
202400014824.0;1;42;42299;1;2;1.0;5.0;45.612593;4.078897;2024-05-31 12:45:00
202400014825.0;5;38;38474;2;1;2.0;7.0;45.212967;5.670718;2024-05-29 22:45:00
202400014826.0;1;81;81131;2;3;1.0;3.0;43.897374;1.993128;2024-05-31 16:15:00
202400014827.0;1;33;33449;2;3;1.0;1.0;44.893496;-0.763233;2024-05-31 15:30:00
202400014828.0;2;85;85211;1;1;1.0;6.0;46.60179;-1.54854;2024-05-31 05:55:00
202400014829.0;3;85;85177;1;1;1.0;6.0;46.387744;-0.87468;2024-05-30 05:00:00
202400014830.0;1;85;85003;1;1;1.0;7.0;46.74317;-1.621528;2024-05-30 16:17:00
202400014831.0;2;49;49301;1;1;1.0;3.0;47.053977;-1.049345;2024-05-30 20:25:00
202400014832.0;1;29;29198;1;1;1.0;6.0;48.61764789;-4.33169104;2024-05-30 14:20:00
202400014833.0;1;22;22093;2;3;2.0;6.0;48.469244;-2.517167;2024-05-29 12:15:00
202400014834.0;1;76;76222;2;3;1.0;6.0;49.47865759;0.86975321;2024-05-31 07:41:00
202400014835.0;5;13;13215;2;9;1.0;6.0;43.33188505;5.35414144;2024-05-29 05:05:00
202400014836.0;1;13;13117;1;1;1.0;2.0;43.42468796;5.26516861;2024-05-30 17:30:00
202400014837.0;1;13;13001;2;1;1.0;2.0;43.52735;5.42701;2024-05-29 09:05:00
202400014838.0;1;13;13212;1;1;1.0;2.0;43.29325;5.42496;2024-05-30 08:40:00
202400014839.0;1;13;13216;1;1;1.0;3.0;43.35147;5.34803;2024-05-29 08:15:00
202400014840.0;1;33;33397;1;1;2.0;4.0;44.9019;-0.49364;2024-05-30 07:50:00
202400014841.0;1;33;33249;1;1;2.0;2.0;44.87161;-0.50571;2024-05-30 07:20:00
202400014842.0;1;33;33318;1;1;1.0;3.0;44.787692;-0.637787;2024-05-28 16:27:00
202400014843.0;1;59;59183;1;1;1.0;5.0;51.01009;2.33078;2024-05-26 12:39:00
202400014844.0;3;92;92072;1;1;2.0;6.0;48.8211533;2.21942397;2024-05-30 05:00:00
202400014845.0;1;92;92047;1;1;2.0;4.0;48.83459228;2.17162733;2024-05-29 18:20:00
202400014846.0;1;92;92050;1;1;2.0;2.0;48.89847128;2.21701091;2024-02-29 13:15:00
202400014847.0;1;93;93005;1;1;1.0;5.0;48.96906921;2.48125604;2024-05-30 18:15:00
202400014848.0;1;93;93078;1;1;1.0;2.0;48.96742731;2.51064901;2024-05-30 17:35:00
202400014849.0;5;92;92078;1;1;1.0;6.0;48.92830843;2.33162459;2024-05-30 05:00:00
202400014850.0;1;95;95256;1;1;2.0;2.0;49.0550617;2.20194139;2024-05-29 19:00:00
202400014851.0;2;95;95218;1;1;2.0;6.0;49.03512876;2.09846616;2024-05-29 20:45:00
202400014852.0;2;93;93078;1;1;3.0;6.0;48.9584243;2.53351004;2024-05-29 21:35:00
202400014853.0;1;94;94018;1;1;1.0;3.0;48.82392287;2.39473975;2024-05-30 09:45:00
202400014854.0;1;94;94017;1;1;2.0;4.0;48.82750405;2.50777674;2024-05-30 06:55:00
202400014855.0;1;94;94022;1;1;2.0;2.0;48.77659469;2.41691046;2024-05-29 09:49:00
202400014856.0;1;44;44109;2;1;8.0;3.0;47.21967516;-1.5544093;2024-03-30 11:54:00
202400014857.0;1;44;44109;2;1;1.0;6.0;47.22026743;-1.55858954;2024-03-28 11:03:00
202400014858.0;1;44;44114;2;2;8.0;3.0;47.24821981;-1.60445164;2024-03-27 10:55:00
202400014859.0;1;44;44109;2;1;1.0;3.0;47.2539307;-1.5143716;2024-03-17 13:58:00
202400014860.0;1;44;44109;2;2;8.0;3.0;47.21970712;-1.51626213;2024-03-15 13:40:00
202400014861.0;1;44;44109;2;2;1.0;3.0;47.21835;-1.54351;2024-01-31 09:00:00
202400014862.0;1;32;32115;1;1;5.0;1.0;43.775608;0.182303;2024-01-26 09:21:00
202400014863.0;1;987;98735;1;1;1.0;3.0;-17.53088;-149.56354;2024-05-28 13:30:00
202400014864.0;1;974;97411;2;1;1.0;6.0;-20.90098;55.49246;2024-05-29 07:30:00
202400014865.0;1;974;97411;2;1;1.0;3.0;-20.88554;55.46393;2024-05-27 11:25:00
202400014866.0;1;973;97302;2;1;1.0;2.0;4.93131;-52.30633;2024-05-29 17:05:00
202400014867.0;1;973;97302;1;6;1.0;3.0;4.89713;-52.32839;2024-05-29 10:45:00
202400014868.0;1;973;97302;2;1;1.0;7.0;4.94076;-52.32371;2024-05-28 13:00:00
202400014869.0;1;973;97302;2;1;2.0;6.0;4.92072;-52.32162;2024-05-29 07:10:00
202400014870.0;1;972;97209;2;1;1.0;2.0;14.61642;-61.07154;2024-05-29 14:00:00
202400014871.0;1;972;97209;2;1;1.0;3.0;14.62135;-61.04301;2024-05-28 05:55:00
202400014872.0;1;69;69389;2;1;1.0;6.0;45.78647706;4.79528861;2024-05-29 18:12:00
202400014873.0;1;69;69389;2;1;1.0;3.0;45.76438;4.80669;2024-05-29 09:20:00
202400014874.0;1;95;95427;2;1;2.0;6.0;48.97508813;2.33772218;2024-05-28 16:20:00
202400014875.0;1;91;91645;2;2;2.0;6.0;48.74522;2.28307;2024-05-29 09:10:00
202400014876.0;1;91;91589;2;1;2.0;6.0;48.697095;2.349584;2024-05-29 14:10:00
202400014877.0;5;49;49007;2;1;1.0;1.0;47.48951;-0.54665;2024-10-14 21:50:00
202400014878.0;1;87;87085;2;1;1.0;6.0;45.81839;1.26387;2024-05-28 18:09:00
202400014879.0;2;45;45234;2;1;1.0;1.0;47.89789;1.90564;2024-10-15 07:55:00
202400014880.0;1;83;83069;2;9;1.0;3.0;43.11327;6.129;2024-05-29 13:00:00
202400014881.0;1;82;82033;2;1;1.0;6.0;44.05868097;1.09879115;2024-05-27 15:25:00
202400014882.0;2;37;37208;2;6;8.0;6.0;47.36609;0.7174;2024-10-15 07:50:00
202400014883.0;1;69;69266;2;2;1.0;3.0;45.76379;4.88181;2024-05-29 19:15:00
202400014884.0;5;37;37122;2;6;8.0;3.0;47.34892;0.66502;2024-10-15 07:30:00
202400014885.0;1;69;69290;2;1;1.0;3.0;45.69689;4.95845;2024-05-28 17:15:00
202400014886.0;2;35;35238;1;1;1.0;6.0;48.08068;-1.67307;2024-10-15 19:25:00
202400014887.0;1;69;69029;2;1;1.0;7.0;45.73122;4.91759;2024-05-28 17:00:00
202400014888.0;1;35;35238;2;1;1.0;3.0;48.1033;-1.67903;2024-10-15 17:20:00
202400014889.0;2;68;68166;2;1;1.0;1.0;47.78893;7.31552;2024-05-11 06:46:00
202400014890.0;1;67;67482;2;1;1.0;3.0;48.554735;7.766402;2024-05-28 07:05:00
202400014891.0;1;35;35238;2;6;1.0;3.0;48.10385;-1.71187;2024-10-15 13:15:00
202400014892.0;1;64;64445;2;1;1.0;6.0;43.32283;-0.34671;2024-05-28 12:05:00
202400014893.0;1;35;35115;2;3;2.0;3.0;48.3526;-1.19621;2024-10-15 13:10:00
202400014894.0;1;64;64122;2;1;1.0;1.0;43.4727;-1.5351;2024-05-29 09:05:00
202400014895.0;1;64;64102;2;9;1.0;6.0;43.49032;-1.46744;2024-05-28 19:13:00
202400014896.0;1;64;64024;2;1;1.0;2.0;43.47161;-1.50172;2024-05-28 18:42:00
202400014897.0;5;33;33063;2;3;1.0;3.0;44.82333;-0.57069;2024-10-15 19:50:00
202400014898.0;1;64;64024;2;9;1.0;3.0;43.51255577;-1.50017828;2024-05-28 17:39:00
202400014899.0;1;33;33009;2;4;2.0;7.0;44.6565388;-1.16414502;2024-10-15 09:00:00
202400014900.0;1;64;64024;2;1;1.0;2.0;43.49382058;-1.52372807;2024-05-28 18:52:00
202400014901.0;1;31;31555;2;3;1.0;2.0;43.65024;1.42861;2024-10-15 16:10:00
202400014902.0;1;64;64102;2;1;1.0;3.0;43.50797;-1.48771;2024-05-28 16:30:00
202400014903.0;5;63;63075;2;1;1.0;6.0;45.77134465;3.05741251;2024-05-30 01:40:00
202400014904.0;1;19;19272;2;1;1.0;6.0;45.2675;1.76886;2024-10-14 16:04:00
202400014905.0;1;62;62570;2;2;1.0;3.0;50.40381748;2.88301992;2024-05-24 14:45:00
202400014906.0;1;60;60684;2;1;3.0;1.0;49.2802309;2.4978188;2024-05-29 19:00:00
202400014907.0;5;15;15014;2;1;1.0;6.0;44.92785;2.44188;2024-10-15 07:25:00
202400014908.0;5;59;59512;2;2;1.0;3.0;50.68853796;3.18564679;2024-05-29 22:00:00
202400014909.0;1;14;14699;2;2;1.0;3.0;49.340165;0.103051;2024-10-15 11:10:00
202400014910.0;5;59;59009;2;1;1.0;2.0;50.66331;3.13754;2024-05-29 23:00:00
202400014911.0;5;13;13206;2;2;2.0;2.0;43.28800575;5.37909434;2024-10-15 22:05:00
202400014912.0;1;13;13212;2;3;1.0;3.0;43.31783113;5.43887647;2024-10-15 11:20:00
202400014913.0;1;13;13215;2;1;1.0;5.0;43.37749049;5.36122243;2024-10-14 09:20:00
202400014914.0;1;13;13005;2;1;1.0;6.0;43.29595;5.5675;2024-10-15 12:20:00
202400014915.0;2;11;11069;2;1;2.0;6.0;43.21;2.34;2024-10-15 18:50:00
202400014916.0;1;59;59350;2;1;1.0;6.0;50.6309;3.07203;2024-05-28 09:30:00
202400014917.0;1;10;10297;2;1;1.0;1.0;48.32832;4.10919;2024-10-15 09:56:00
202400014918.0;1;57;57480;2;1;1.0;6.0;49.09999;6.15501;2024-05-28 08:50:00
202400014919.0;1;7;7281;1;9;2.0;7.0;44.93678502;4.78754461;2024-10-14 10:40:00
202400014920.0;1;6;6088;2;1;1.0;6.0;43.70484;7.2865;2024-10-14 16:39:00
202400014921.0;1;56;56260;2;1;2.0;5.0;47.67124;-2.72235;2024-05-29 08:18:00
202400014922.0;1;75;75117;2;1;1.0;3.0;48.893337;2.303411;2024-10-14 15:40:00
202400014923.0;5;75;75105;2;2;1.0;3.0;48.84932876;2.35601762;2024-10-14 22:39:00
202400014924.0;1;75;75117;2;2;1.0;3.0;48.878714;2.294225;2024-10-15 16:30:00
202400014925.0;5;75;75115;2;2;1.0;3.0;48.842845;2.31239;2024-10-14 21:20:00
202400014926.0;5;75;75114;2;2;3.0;6.0;48.823231;2.325529;2024-10-09 22:20:00
202400014927.0;5;75;75105;2;2;2.0;6.0;48.850298;2.342568;2024-10-15 19:45:00
202400014928.0;1;75;75111;2;3;1.0;2.0;48.86651213;2.37657863;2024-10-14 12:45:00
202400014929.0;1;75;75110;2;2;1.0;3.0;48.874941;2.357322;2024-10-15 17:01:00
202400014930.0;1;75;75109;2;3;1.0;6.0;48.879415;2.339977;2024-10-15 10:05:00
202400014931.0;1;75;75107;2;3;8.0;3.0;48.862826;2.313435;2024-10-14 14:07:00
202400014932.0;1;94;94068;2;5;1.0;3.0;48.79263;2.49742;2024-10-14 12:05:00
202400014933.0;1;94;94033;2;1;1.0;2.0;48.85509;2.49289;2024-10-15 07:55:00
202400014934.0;1;94;94046;2;1;1.0;1.0;48.811698;2.422659;2024-10-15 15:35:00
202400014935.0;2;94;94043;2;1;1.0;3.0;48.81589;2.35923;2024-10-15 07:30:00
202400014936.0;5;94;94041;2;2;2.0;1.0;48.81944649;2.39793777;2024-10-15 19:13:00
202400014937.0;1;94;94041;2;9;1.0;3.0;48.80785;2.38683;2024-10-15 09:15:00
202400014938.0;1;94;94017;2;3;1.0;3.0;48.80629347;2.53003845;2024-10-14 16:40:00
202400014939.0;2;93;93066;2;3;1.0;3.0;48.94554027;2.36374793;2024-10-15 07:40:00
202400014940.0;1;93;93074;2;1;1.0;3.0;48.93526;2.57079;2024-10-15 13:53:00
202400014941.0;1;93;93047;2;9;8.0;6.0;48.89736694;2.57476343;2024-10-15 12:25:00
202400014942.0;1;93;93005;2;6;1.0;3.0;48.9433;2.48219;2024-10-15 18:45:00
202400014943.0;1;92;92020;2;1;1.0;6.0;48.79685403;2.28052084;2024-10-15 08:50:00
202400014944.0;1;92;92040;2;1;1.0;3.0;48.83068;2.27818;2024-10-15 17:55:00
202400014945.0;5;92;92024;2;3;1.0;3.0;48.89887867;2.31278211;2024-10-15 22:30:00
202400014946.0;1;974;97415;1;1;1.0;5.0;-20.970757;55.308995;2024-10-16 08:30:00
202400014947.0;3;35;35120;1;1;1.0;6.0;48.213686;-1.771143;2024-10-15 19:40:00
202400014948.0;1;1;1045;1;2;1.0;3.0;45.963173;5.040447;2024-10-15 16:40:00
202400014949.0;1;62;62057;2;9;1.0;3.0;50.873344;2.067876;2024-10-16 10:25:00
202400014950.0;1;27;27306;1;1;8.0;1.0;48.999064;1.178525;2024-10-14 11:35:00
202400014951.0;1;1;1033;1;1;1.0;1.0;46.162344;5.777081;2024-10-15 12:12:00
202400014952.0;2;42;42032;1;1;1.0;7.0;45.527193;4.530637;2024-10-16 07:00:00
202400014953.0;3;83;83057;1;9;3.0;6.0;43.379959;6.241071;2024-10-16 02:10:00
202400014954.0;2;56;56083;1;1;1.0;2.0;47.788248;-3.278915;2024-10-15 07:45:00
202400014955.0;1;56;56240;1;1;1.0;1.0;47.547154;-2.69636;2024-10-15 17:20:00
202400014956.0;3;56;56147;1;1;2.0;7.0;47.531828;-2.293401;2024-10-15 23:51:00
202400014957.0;4;69;69065;1;1;1.0;2.0;46.17013449;4.74653454;2024-10-14 22:30:00
202400014958.0;1;63;63397;1;1;1.0;6.0;45.62572233;2.68888048;2024-10-16 11:00:00
202400014959.0;1;61;61098;1;1;1.0;6.0;48.580553;0.169022;2024-10-13 15:55:00
202400014960.0;1;42;42052;2;1;1.0;7.0;46.158239;4.179681;2024-10-11 18:00:00
202400014961.0;1;25;25212;2;3;1.0;6.0;47.283298;5.992806;2024-10-16 16:45:00
202400014962.0;1;29;29007;1;1;2.0;6.0;48.41195028;-3.70381528;2024-10-13 14:45:00
202400014963.0;1;1;1348;1;3;1.0;3.0;46.189522;4.823787;2024-10-14 14:30:00
202400014964.0;1;1;1096;1;2;1.0;3.0;46.177877;5.073079;2024-10-16 08:20:00
202400014965.0;3;14;14431;1;1;1.0;6.0;49.076391;-0.039686;2024-10-16 03:20:00
202400014966.0;1;14;14277;1;6;1.0;3.0;49.08302001;-0.34327447;2024-10-15 14:15:00
202400014967.0;1;60;60044;2;4;1.0;6.0;49.304507;2.329971;2024-10-16 09:00:00
202400014968.0;1;28;28264;1;1;1.0;6.0;48.418806;1.051641;2024-10-16 12:50:00
202400014969.0;2;37;37132;2;1;8.0;1.0;47.13366837;0.99899197;2024-10-14 07:35:00
202400014970.0;1;30;30284;1;6;3.0;2.0;44.145847;4.068375;2024-10-16 10:00:00
202400014971.0;2;973;97307;2;1;1.0;1.0;4.879659;-52.33685;2024-10-13 06:05:00
202400014972.0;1;72;72223;1;1;1.0;2.0;47.883154;-0.114927;2024-10-16 08:45:00
202400014973.0;1;17;17382;1;1;1.0;2.0;46.198726;-0.704327;2024-10-16 09:00:00
202400014974.0;1;974;97403;2;1;1.0;6.0;-21.249666;55.470915;2024-10-16 11:40:00
202400014975.0;1;33;33527;2;6;1.0;3.0;44.62603;-1.03368;2024-10-11 11:45:00
202400014976.0;2;95;95199;2;6;2.0;6.0;49.03389802;2.34219342;2024-10-07 18:45:00
202400014977.0;1;91;91587;2;3;1.0;3.0;48.674146;2.277535;2024-10-15 08:00:00
202400014978.0;1;2B;2B303;1;1;1.0;3.0;42.294064;9.546819;2024-10-15 16:00:00
202400014979.0;1;2B;2B042;2;1;1.0;6.0;42.587707;9.504805;2024-10-15 16:45:00
202400014980.0;1;34;34294;1;1;1.0;6.0;43.706446;4.118993;2024-10-15 15:45:00
202400014981.0;1;84;84132;1;2;1.0;3.0;43.900679;5.004755;2024-10-15 17:30:00
202400014982.0;5;5;5177;2;1;1.0;7.0;44.569844;6.684327;2024-10-15 20:00:00
202400014983.0;1;68;68185;2;3;5.0;7.0;48.271262;7.285634;2024-10-16 08:50:00
202400014984.0;1;73;73069;1;3;1.0;3.0;45.54201119;6.20645821;2024-10-16 08:35:00
202400014985.0;1;42;42328;1;1;2.0;7.0;45.566117;3.968598;2024-10-16 13:57:00
202400014986.0;1;42;42256;1;1;1.0;2.0;45.510103;4.178061;2024-10-15 15:05:00
202400014987.0;1;46;46102;2;9;1.0;6.0;44.607116;2.033262;2024-10-16 10:07:00
202400014988.0;1;31;31420;1;1;1.0;4.0;43.500005;1.387367;2024-10-16 17:15:00
202400014989.0;1;85;85011;1;1;1.0;6.0;46.937656;-2.16774;2024-10-15 16:30:00
202400014990.0;5;76;76057;2;3;1.0;6.0;49.527827;0.950103;2024-10-15 20:26:00
202400014991.0;1;59;59449;2;1;1.0;6.0;50.471081;3.244572;2024-10-15 16:10:00
202400014992.0;1;59;59595;1;1;1.0;1.0;50.22218219;3.31019573;2024-10-15 15:52:00
202400014993.0;3;13;13216;1;1;8.0;6.0;43.36485284;5.33920548;2024-10-15 02:05:00
202400014994.0;3;83;83047;1;1;2.0;4.0;43.12626484;6.08235697;2024-10-14 06:30:00
202400014995.0;1;57;57764;1;1;8.0;4.0;49.464231;6.12135;2024-10-14 15:25:00
202400014996.0;1;67;67365;1;1;2.0;4.0;48.541484;7.722012;2024-10-10 18:05:00
202400014997.0;1;78;78297;1;1;1.0;3.0;48.7922;2.05441;2024-10-14 08:25:00
202400014998.0;1;77;77373;1;1;1.0;2.0;48.78141669;2.61606542;2024-10-14 12:30:00
202400014999.0;3;94;94028;1;1;1.0;2.0;48.78360149;2.44040787;2024-10-13 23:35:00
202400015000.0;3;91;91377;1;1;3.0;3.0;48.72215;2.29626;2024-07-27 03:58:00
202400015001.0;1;91;91692;2;6;1.0;6.0;48.67386;2.195;2024-07-26 14:45:00
202400015002.0;1;38;38151;2;2;1.0;3.0;45.14466938;5.71054906;2024-07-14 07:20:00
202400015003.0;1;38;38151;2;9;1.0;3.0;45.15277;5.71098;2024-07-07 18:25:00
202400015004.0;1;66;66207;1;1;1.0;7.0;42.60157;2.77314;2024-06-16 06:20:00
202400015005.0;1;43;43185;2;9;1.0;6.0;45.405442;3.319291;2024-07-13 19:27:00
202400015006.0;1;43;43157;2;1;1.0;6.0;45.04287;3.88047;2024-07-20 17:42:00
202400015007.0;1;43;43041;2;1;1.0;6.0;45.05268;3.9111;2024-07-20 11:20:00
202400015008.0;1;43;43038;1;4;7.0;1.0;45.32924283;3.31653845;2024-07-18 19:50:00
202400015009.0;1;43;43061;1;4;1.0;4.0;45.0779;3.963844;2024-07-16 18:00:00