Num_Acc;lum;departement;commune;agglomeration;intersection;meteo;type_collision;lat;long;date
202400015010.0;1;43;43102;1;3;1.0;3.0;45.161256;4.174271;2024-07-10 13:00:00
202400015011.0;5;974;97409;2;6;2.0;6.0;-20.9327;55.6485;2024-06-07 18:25:00
202400015012.0;1;972;97209;2;1;1.0;3.0;14.60767;-61.05921;2024-10-14 13:00:00
202400015013.0;5;972;97209;1;1;2.0;7.0;14.61621;-61.04361;2024-10-13 22:50:00
202400015014.0;5;69;69034;2;1;1.0;1.0;45.80368;4.86133;2024-10-14 01:25:00
202400015015.0;5;95;95219;2;6;1.0;3.0;48.99265;2.24857;2024-10-13 22:22:00
202400015016.0;1;91;91201;2;3;1.0;3.0;48.690272;2.411089;2024-10-13 16:45:00
202400015017.0;1;84;84007;2;1;1.0;2.0;43.95065;4.81993;2024-10-14 19:30:00
202400015018.0;5;83;83123;2;1;8.0;1.0;43.13508659;5.77894096;2024-10-13 05:25:00
202400015019.0;1;82;82033;2;1;1.0;2.0;44.07249;1.16881;2024-10-14 11:50:00
202400015020.0;1;82;82033;2;1;1.0;2.0;44.05155;1.10626;2024-10-13 11:23:00
202400015021.0;2;77;77288;2;2;1.0;3.0;48.5435;2.67566;2024-10-14 19:15:00
202400015022.0;3;77;77059;1;1;1.0;6.0;48.84936;2.68456;2024-10-14 22:25:00
202400015023.0;5;76;76540;2;6;5.0;7.0;49.42615795;1.08710146;2024-10-14 19:15:00
202400015024.0;1;76;76351;2;2;1.0;3.0;49.4934956;0.11667361;2024-10-11 08:00:00
202400015025.0;1;72;72181;2;1;1.0;3.0;47.98241;0.22807;2024-10-14 08:00:00
202400015026.0;4;71;71445;2;1;1.0;3.0;46.77265;4.89298;2024-10-14 21:45:00
202400015027.0;3;67;67482;2;1;8.0;2.0;48.613282;7.77298;2024-10-13 20:10:00
202400015028.0;1;66;66136;2;1;1.0;1.0;42.70471;2.90198;2024-10-14 13:40:00
202400015029.0;1;63;63300;1;3;1.0;4.0;45.87615622;3.0997324;2024-10-14 17:00:00
202400015030.0;1;63;63113;2;1;1.0;3.0;45.789598;3.06114882;2024-10-14 14:30:00
202400015031.0;1;59;59350;2;3;2.0;3.0;50.623097;3.050564;2024-10-14 14:25:00
202400015032.0;1;54;54395;2;1;1.0;3.0;48.69674;6.1682;2024-10-13 12:05:00
202400015033.0;1;51;51454;2;1;1.0;6.0;49.263449;4.019792;2024-10-13 16:20:00
202400015034.0;1;51;51454;2;1;1.0;6.0;49.23513;4.00785;2024-10-13 11:00:00
202400015035.0;1;51;51230;2;3;1.0;2.0;49.046;3.964;2024-10-14 11:32:00
202400015036.0;1;49;49099;2;4;1.0;3.0;47.05434;-0.85768;2024-10-11 12:55:00
202400015037.0;1;41;41018;2;1;1.0;3.0;47.58964;1.34087;2024-10-14 16:05:00
202400015038.0;1;40;40063;2;9;8.0;6.0;43.71183;-0.97654;2024-10-10 08:00:00
202400015039.0;1;37;37261;2;1;1.0;6.0;47.40136;0.68634;2024-10-14 19:00:00
202400015040.0;5;35;35238;2;1;1.0;6.0;48.11689;-1.6589;2024-10-15 00:15:00
202400015041.0;1;34;34198;2;1;1.0;6.0;43.576609;3.934748;2024-10-09 17:10:00
202400015042.0;3;34;34336;1;6;1.0;7.0;43.32114;3.29233;2024-10-13 02:30:00
202400015043.0;1;33;33063;2;1;1.0;6.0;44.82012;-0.54972;2024-10-14 18:30:00
202400015044.0;5;31;31555;2;3;1.0;3.0;43.6051;1.47899;2024-10-14 19:31:00
202400015045.0;5;31;31555;2;1;1.0;1.0;43.62807423;1.41050398;2024-10-14 19:10:00
202400015046.0;3;29;29039;1;1;1.0;6.0;47.88124077;-3.88389283;2024-10-13 21:25:00
202400015047.0;1;29;29019;2;3;1.0;3.0;48.42923657;-4.50051218;2024-10-12 14:30:00
202400015048.0;1;14;14118;2;3;1.0;3.0;49.19363;-0.34795;2024-10-09 15:44:00
202400015049.0;2;13;13071;2;1;2.0;5.0;43.38358;5.34483;2024-10-14 07:00:00
202400015050.0;1;13;13213;2;1;1.0;3.0;43.32539;5.41949;2024-10-14 12:30:00
202400015051.0;3;13;13210;2;1;1.0;3.0;43.28515662;5.41321272;2024-10-14 06:10:00
202400015052.0;1;7;7316;2;1;1.0;2.0;44.89327;4.85094;2024-10-13 17:45:00
202400015053.0;3;1;1289;1;1;9.0;6.0;46.17761;5.23294;2024-10-14 06:14:00
202400015054.0;1;75;75116;2;1;1.0;3.0;48.8619346;2.2646;2024-10-14 10:40:00
202400015055.0;1;75;75106;2;2;1.0;7.0;48.843081;2.326404;2024-10-04 15:00:00
202400015056.0;5;75;75107;2;2;1.0;2.0;48.862505;2.310436;2024-10-13 04:56:00
202400015057.0;5;75;75107;2;2;1.0;1.0;48.862505;2.310436;2024-10-13 04:56:00
202400015058.0;1;75;75117;2;1;1.0;2.0;48.879533;2.282594;2024-10-14 12:40:00
202400015059.0;1;75;75117;2;1;1.0;4.0;48.877555;2.294359;2024-10-10 17:00:00
202400015060.0;1;75;75115;2;3;1.0;3.0;48.82994443;2.29566336;2024-10-14 09:40:00
202400015061.0;1;75;75107;2;2;1.0;6.0;48.85911;2.293181;2024-10-10 13:00:00
202400015062.0;5;75;75112;2;1;1.0;3.0;48.844443;2.396071;2024-10-13 19:50:00
202400015063.0;1;75;75110;2;3;1.0;6.0;48.86986;2.360713;2024-10-14 09:10:00
202400015064.0;5;75;75109;2;3;1.0;3.0;48.87721012;2.34901249;2024-10-14 06:03:00
202400015065.0;1;75;75108;2;1;1.0;3.0;48.873554;2.313745;2024-10-14 11:00:00
202400015066.0;5;75;75107;2;3;1.0;7.0;48.850129;2.317733;2024-10-14 21:00:00
202400015067.0;1;75;75114;2;3;1.0;6.0;48.82781102;2.3289738;2024-10-14 11:35:00
202400015068.0;1;75;75104;2;3;1.0;7.0;48.855911;2.357962;2024-10-14 09:50:00
202400015069.0;5;94;94081;2;1;1.0;6.0;48.78528;2.40775;2024-10-14 19:40:00
202400015070.0;1;94;94081;2;1;1.0;5.0;48.7781;2.41398;2024-10-13 19:00:00
202400015071.0;1;94;94068;2;1;1.0;4.0;48.80514;2.48469;2024-10-13 11:13:00
202400015072.0;1;94;94028;2;1;1.0;6.0;48.7839;2.44766;2024-10-13 16:40:00
202400015073.0;5;94;94069;2;1;1.0;3.0;48.81571;2.46158;2024-10-14 20:35:00
202400015074.0;2;93;93051;2;1;8.0;6.0;48.83229462;2.55420685;2024-10-14 18:00:00
202400015075.0;5;93;93048;2;1;9.0;6.0;48.86328427;2.48068367;2024-10-13 01:10:00
202400015076.0;1;93;93047;2;2;1.0;3.0;48.89248036;2.54781434;2024-10-14 14:30:00
202400015077.0;1;93;93005;2;2;1.0;3.0;48.94927406;2.48886827;2024-10-14 16:50:00
202400015078.0;1;92;92050;2;1;1.0;6.0;48.89270698;2.19586133;2024-10-13 10:20:00
202400015079.0;1;92;92040;2;2;1.0;3.0;48.82310072;2.27339376;2024-10-12 12:30:00
202400015080.0;1;92;92040;2;1;1.0;3.0;48.82947;2.26186;2024-10-13 15:45:00
202400015081.0;1;92;92026;2;1;1.0;6.0;48.90398774;2.27250651;2024-10-10 10:52:00
202400015082.0;1;92;92026;2;1;1.0;3.0;48.90297161;2.26660654;2024-10-14 09:31:00
202400015083.0;1;13;13209;2;6;1.0;3.0;43.2413625;5.43844704;2024-03-14 12:30:00
202400015084.0;1;39;39106;1;1;1.0;3.0;46.455274;5.714296;2024-10-15 16:00:00
202400015085.0;1;13;13214;2;1;1.0;3.0;43.3299;5.36986;2024-03-14 08:00:00
202400015086.0;1;13;13214;2;1;1.0;2.0;43.32523859;5.38158983;2024-03-13 17:55:00
202400015087.0;1;13;13005;2;1;1.0;2.0;43.28191;5.60384;2024-03-14 18:18:00
202400015088.0;1;81;81080;1;2;1.0;3.0;44.02273;1.940297;2024-10-15 08:00:00
202400015089.0;5;13;13005;2;1;1.0;1.0;43.29547;5.56836;2024-03-13 19:40:00
202400015090.0;1;66;66144;1;1;1.0;2.0;42.64717342;2.861247;2024-10-15 09:25:00
202400015091.0;2;6;6104;2;1;1.0;3.0;43.76229;7.47849;2024-03-14 18:00:00
202400015092.0;5;6;6030;2;1;1.0;6.0;43.57124;7.014117;2024-03-14 00:45:00
202400015093.0;1;33;33205;1;9;1.0;3.0;44.592114;-0.380761;2024-10-10 07:45:00
202400015094.0;1;3;3185;2;1;1.0;1.0;46.32454;2.60982;2024-03-13 18:17:00
202400015095.0;3;972;97212;1;1;1.0;6.0;14.721071;-61.019901;2024-10-14 18:15:00
202400015096.0;5;75;75114;2;1;1.0;2.0;48.81933812;2.32815206;2024-03-14 00:35:00
202400015097.0;1;63;63206;1;1;1.0;1.0;45.95690394;2.95681824;2024-10-15 10:20:00
202400015098.0;1;75;75105;2;1;1.0;6.0;48.84989;2.35823;2024-03-14 12:30:00
202400015099.0;1;75;75106;2;2;1.0;3.0;48.851586;2.326813;2024-03-14 08:47:00
202400015100.0;1;12;12011;1;4;1.0;3.0;44.204472;2.675455;2024-10-15 09:00:00
202400015101.0;1;75;75119;2;1;1.0;1.0;48.883937;2.374658;2024-03-14 19:30:00
202400015102.0;1;75;75117;2;1;1.0;3.0;48.890782;2.302939;2024-03-14 16:35:00
202400015103.0;3;21;21652;1;1;5.0;6.0;47.214178;4.605718;2024-10-15 01:45:00
202400015104.0;1;75;75117;2;1;1.0;3.0;48.888747;2.293538;2024-03-14 11:11:00
202400015105.0;1;62;62804;1;1;2.0;7.0;50.238861;2.453127;2024-10-12 14:20:00
202400015106.0;1;75;75117;2;2;7.0;1.0;48.894826;2.31845;2024-03-14 08:00:00
202400015107.0;1;83;83092;1;1;8.0;3.0;43.30901801;6.25401657;2024-10-15 17:10:00
202400015108.0;1;75;75116;2;1;1.0;7.0;48.852061;2.231975;2024-03-14 15:50:00
202400015109.0;5;75;75113;2;2;1.0;6.0;48.83137;2.37576;2024-03-14 20:26:00
202400015110.0;1;75;75111;2;7;1.0;6.0;48.848853;2.397352;2024-03-14 18:40:00
202400015111.0;1;75;75111;2;3;1.0;7.0;48.855561;2.390141;2024-03-14 18:00:00
202400015112.0;1;75;75111;2;1;1.0;6.0;48.854712;2.385434;2024-03-14 16:25:00
202400015113.0;1;75;75111;2;1;1.0;6.0;48.855445;2.384211;2024-03-14 13:00:00
202400015114.0;1;75;75111;2;1;1.0;3.0;48.867488;2.382404;2024-03-14 09:00:00
202400015115.0;1;75;75108;2;1;1.0;3.0;48.87643;2.29719;2024-03-14 12:25:00
202400015116.0;1;75;75108;2;3;1.0;2.0;48.880887;2.321084;2024-03-14 11:30:00
202400015117.0;1;75;75108;2;1;1.0;3.0;48.866212;2.318805;2024-03-13 13:46:00
202400015118.0;1;75;75107;2;2;1.0;3.0;48.854344;2.326115;2024-03-14 07:08:00
202400015119.0;5;75;75107;2;2;1.0;6.0;48.856062;2.325904;2024-03-13 05:50:00
202400015120.0;1;75;75103;2;2;1.0;3.0;48.869313;2.354299;2024-03-14 17:30:00
202400015121.0;1;75;75101;2;1;1.0;6.0;48.863173;2.323486;2024-03-14 13:20:00
202400015122.0;1;75;75117;2;1;1.0;4.0;48.883981;2.285279;2024-07-02 15:40:00
202400015123.0;5;94;94041;2;3;1.0;6.0;48.808426;2.407518;2024-03-13 22:40:00
202400015124.0;1;75;75118;2;1;1.0;4.0;48.900984;2.348038;2024-07-01 14:05:00
202400015125.0;5;94;94078;2;3;1.0;3.0;48.7276;2.44544;2024-03-13 23:40:00
202400015126.0;5;75;75106;2;2;1.0;3.0;48.853171;2.335848;2024-07-01 05:00:00
202400015127.0;1;94;94068;2;1;1.0;2.0;48.79336;2.52185;2024-03-14 13:00:00
202400015128.0;1;75;75106;2;3;1.0;6.0;48.842694;2.327751;2024-07-02 14:52:00
202400015129.0;1;94;94055;2;6;8.0;6.0;48.78670614;2.53047545;2024-03-13 16:30:00
202400015130.0;3;75;75120;2;7;1.0;3.0;48.853405;2.413749;2024-07-01 23:50:00
202400015131.0;1;94;94018;2;1;1.0;6.0;48.82179986;2.40905848;2024-03-14 12:45:00
202400015132.0;1;75;75119;2;1;1.0;6.0;48.888546;2.370858;2024-07-02 16:00:00
202400015133.0;1;93;93078;2;6;1.0;6.0;48.95053;2.54701;2024-03-14 17:54:00
202400015134.0;1;75;75119;2;2;1.0;6.0;48.896082;2.384104;2024-07-02 11:00:00
202400015135.0;1;93;93078;1;1;1.0;1.0;48.96315;2.51959;2024-03-14 08:10:00
202400015136.0;1;75;75118;2;4;1.0;6.0;48.887245;2.351078;2024-07-02 16:30:00
202400015137.0;1;75;75117;2;4;1.0;3.0;48.896168;2.31023;2024-07-02 16:50:00
202400015138.0;5;93;93001;2;2;1.0;1.0;48.917775;2.379246;2024-03-13 19:20:00
202400015139.0;1;75;75115;2;2;1.0;2.0;48.837365;2.289455;2024-07-02 17:10:00
202400015140.0;5;93;93066;2;9;1.0;3.0;48.934554;2.342543;2024-03-14 20:00:00
202400015141.0;1;75;75113;2;2;1.0;6.0;48.831397;2.358165;2024-07-01 16:45:00
202400015142.0;1;93;93008;2;1;1.0;3.0;48.9077;2.42269;2024-03-14 14:42:00
202400015143.0;1;75;75112;2;2;1.0;2.0;48.845549;2.39523;2024-07-02 09:10:00
202400015144.0;1;93;93005;2;1;1.0;3.0;48.943852;2.480521;2024-03-14 12:30:00
202400015145.0;1;75;75110;2;3;1.0;2.0;48.870372;2.349544;2024-07-02 13:40:00
202400015146.0;1;93;93005;2;6;1.0;1.0;48.928361;2.502673;2024-03-14 07:30:00
202400015147.0;1;75;75108;2;1;1.0;3.0;48.86855;2.311518;2024-07-02 16:26:00
202400015148.0;1;75;75108;2;7;1.0;3.0;48.866125;2.307999;2024-07-02 08:59:00
202400015149.0;1;92;92020;2;1;1.0;2.0;48.81077046;2.29937553;2024-03-13 14:30:00
202400015150.0;1;92;92048;2;1;1.0;6.0;48.80656139;2.23877549;2024-03-14 12:30:00
202400015151.0;1;75;75107;2;1;1.0;2.0;48.862146;2.299995;2024-07-02 18:40:00
202400015152.0;1;75;75114;2;1;8.0;7.0;48.817221;2.334311;2024-07-02 09:15:00
202400015153.0;1;92;92044;2;2;1.0;3.0;48.88837084;2.28685096;2024-03-13 14:05:00
202400015154.0;1;75;75107;2;2;1.0;3.0;48.862287;2.305439;2024-07-02 09:15:00
202400015155.0;1;92;92026;2;1;1.0;3.0;48.900654;2.26048699;2024-03-14 10:05:00
202400015156.0;1;92;92025;2;1;2.0;6.0;48.91425211;2.22954765;2024-03-12 17:30:00
202400015157.0;1;75;75102;2;2;1.0;3.0;48.866239;2.352539;2024-07-02 14:00:00
202400015158.0;1;92;92002;2;1;1.0;6.0;48.75636644;2.30396605;2024-03-14 11:15:00
202400015159.0;1;75;75101;2;3;1.0;7.0;48.856923;2.343475;2024-07-01 14:20:00
202400015160.0;1;94;94038;2;1;1.0;2.0;48.7758443;2.32536873;2024-07-02 18:25:00
202400015161.0;5;92;92014;2;2;1.0;3.0;48.78309886;2.31519324;2024-03-14 00:20:00
202400015162.0;1;94;94038;2;1;1.0;6.0;48.76851;2.32447;2024-07-02 16:40:00
202400015163.0;1;35;35328;1;3;8.0;3.0;47.807785;-2.052725;2024-03-14 18:30:00
202400015164.0;1;94;94028;2;9;1.0;7.0;48.78097;2.43607;2024-07-01 20:20:00
202400015165.0;2;62;62295;1;1;2.0;6.0;50.60445819;2.28361881;2024-03-15 07:15:00
202400015166.0;1;94;94028;2;5;1.0;3.0;48.77766289;2.46049279;2024-06-30 19:30:00
202400015167.0;1;26;26379;2;1;1.0;6.0;45.050938;4.983404;2024-03-13 17:30:00
202400015168.0;1;94;94079;2;1;1.0;2.0;48.82342;2.54124;2024-07-01 12:00:00
202400015169.0;1;42;42069;2;1;1.0;3.0;46.0008;4.065644;2024-03-13 09:10:00
202400015170.0;1;94;94079;2;1;1.0;6.0;48.82282;2.54237;2024-07-01 09:04:00
202400015171.0;1;972;97225;2;2;1.0;3.0;14.741086;-61.175008;2024-03-14 13:30:00
202400015172.0;1;94;94018;2;1;2.0;3.0;48.82845;2.40278;2024-07-02 19:25:00
202400015173.0;1;28;28022;1;1;6.0;3.0;48.470389;1.415777;2024-03-15 11:54:00
202400015174.0;1;93;93055;2;9;1.0;3.0;48.89971;2.40935;2024-07-02 11:45:00
202400015175.0;1;67;67532;1;6;1.0;3.0;48.677495;7.503791;2024-03-15 13:10:00
202400015176.0;1;93;93050;2;1;1.0;3.0;48.865794;2.529183;2024-07-02 17:00:00
202400015177.0;1;1;1354;2;3;1.0;6.0;46.261809;6.029949;2024-03-15 13:25:00
202400015178.0;1;93;93048;2;2;1.0;3.0;48.87307;2.45366;2024-07-01 14:48:00
202400015179.0;1;6;6130;2;1;1.0;3.0;43.688311;6.859442;2024-03-13 11:05:00
202400015180.0;1;62;62752;1;1;1.0;6.0;50.48569649;1.66301617;2024-03-14 16:50:00
202400015181.0;1;93;93048;2;1;1.0;2.0;48.86361;2.43632;2024-07-01 11:50:00
202400015182.0;1;59;59260;1;1;1.0;3.0;51.00931804;2.54813759;2024-03-13 16:15:00
202400015183.0;1;93;93079;2;1;2.0;2.0;48.953578;2.335919;2024-07-02 18:55:00
202400015184.0;1;68;68029;1;1;1.0;2.0;47.92328076;7.26839228;2024-03-15 15:20:00
202400015185.0;1;93;93029;2;1;1.0;6.0;48.91634861;2.44236678;2024-07-02 13:40:00
202400015186.0;1;974;97413;1;1;1.0;3.0;-21.2123;55.322117;2024-03-10 15:30:00
202400015187.0;1;93;93027;2;2;1.0;3.0;48.92913;2.39675;2024-07-01 18:30:00
202400015188.0;5;65;65346;2;1;1.0;1.0;43.166605;0.177796;2024-03-12 19:30:00
202400015189.0;1;93;93008;2;9;1.0;3.0;48.90493444;2.47010773;2024-07-02 13:40:00
202400015190.0;1;58;58214;1;1;1.0;3.0;47.08708747;3.10591258;2024-03-14 16:30:00
202400015191.0;1;93;93057;2;1;1.0;2.0;48.91644352;2.50490644;2024-07-01 20:30:00
202400015192.0;1;89;89461;1;1;8.0;7.0;48.235759;3.578183;2024-02-23 13:20:00
202400015193.0;1;51;51368;2;1;1.0;7.0;49.169952;4.715576;2024-03-14 18:00:00
202400015194.0;1;92;92078;2;1;1.0;3.0;48.93565532;2.33610141;2024-07-02 18:47:00
202400015195.0;1;51;51197;1;1;8.0;1.0;49.077183;4.653654;2024-03-15 07:50:00
202400015196.0;1;92;92063;2;1;1.0;1.0;48.87098433;2.18737632;2024-06-25 22:20:00
202400015197.0;2;51;51161;1;1;1.0;6.0;49.041117;4.176521;2024-03-15 06:30:00
202400015198.0;1;92;92062;2;1;1.0;7.0;48.87983474;2.24415046;2024-07-02 21:40:00
202400015199.0;5;92;92049;2;1;1.0;6.0;48.81679;2.32146;2024-07-02 23:00:00
202400015200.0;1;76;76549;1;1;1.0;1.0;49.761038;0.932491;2024-03-14 18:25:00
202400015201.0;1;92;92020;2;1;1.0;7.0;48.79897765;2.28439057;2024-07-02 13:20:00
202400015202.0;1;32;32296;2;1;1.0;6.0;43.758918;-0.033109;2024-03-14 15:00:00
202400015203.0;1;92;92048;2;1;1.0;5.0;48.80597;2.23575;2024-07-02 18:53:00
202400015204.0;1;32;32268;1;1;1.0;5.0;43.60465;0.994735;2024-03-13 14:44:00
202400015205.0;5;92;92044;2;1;1.0;6.0;48.89686;2.28843;2024-07-02 23:50:00
202400015206.0;1;92;92024;2;1;1.0;7.0;48.90336;2.30552;2024-07-02 09:30:00
202400015207.0;1;71;71230;2;2;1.0;3.0;46.595778;4.052217;2024-03-15 10:50:00
202400015208.0;1;89;89025;2;1;1.0;6.0;47.490449;3.907855;2024-03-13 10:00:00
202400015209.0;1;92;92012;2;1;1.0;6.0;48.83319366;2.26048297;2024-07-02 09:05:00
202400015210.0;3;49;49368;1;2;1.0;3.0;47.39844;0.019682;2024-01-31 18:15:00
202400015211.0;1;92;92007;2;2;1.0;6.0;48.79587403;2.3171331;2024-07-02 15:36:00
202400015212.0;1;49;49228;1;2;1.0;3.0;47.500953;0.148391;2024-03-14 16:00:00
202400015213.0;1;92;92004;2;3;1.0;2.0;48.90734635;2.28305376;2024-07-02 14:06:00
202400015214.0;1;974;97415;1;1;1.0;6.0;-21.073678;55.308974;2024-07-02 17:30:00
202400015215.0;1;41;41164;1;1;1.0;4.0;47.271717;1.407065;2024-03-14 17:25:00
202400015216.0;3;68;68050;1;2;1.0;3.0;47.652262;7.046832;2024-03-13 18:41:00
202400015217.0;1;54;54462;1;1;8.0;1.0;48.612468;6.331277;2024-07-02 18:10:00
202400015218.0;3;22;22347;1;9;1.0;6.0;48.777347;-3.194908;2024-03-14 22:15:00
202400015219.0;3;66;66136;1;1;1.0;2.0;42.66652264;2.86158442;2024-07-03 00:20:00
202400015220.0;1;39;39434;2;1;1.0;6.0;46.832329;5.7063;2024-03-15 10:10:00
202400015221.0;3;25;25617;1;1;1.0;6.0;47.342836;6.73949;2024-03-14 19:42:00
202400015222.0;1;22;22014;1;1;1.0;2.0;48.496886;-2.249064;2024-07-01 08:32:00
202400015223.0;1;35;35095;2;3;1.0;6.0;48.543761;-1.759841;2024-03-15 15:30:00
202400015224.0;1;36;36013;1;1;1.0;1.0;47.041217;1.582707;2024-06-30 13:30:00
202400015225.0;1;31;31132;1;1;1.0;6.0;42.867501;0.608561;2024-03-13 12:30:00
202400015226.0;1;31;31445;2;1;1.0;6.0;43.585487;1.52782;2024-07-02 19:10:00
202400015227.0;1;38;38134;1;1;1.0;1.0;45.425523;5.012721;2024-03-14 08:05:00
202400015228.0;1;59;59278;2;1;7.0;6.0;50.61147722;2.96977669;2024-06-28 07:20:00
202400015229.0;3;38;38453;1;1;1.0;6.0;45.092592;5.301476;2024-03-14 22:30:00
202400015230.0;1;34;34270;2;1;1.0;3.0;43.575525;3.845901;2024-07-02 06:55:00
202400015231.0;1;38;38222;1;1;1.0;7.0;45.436599;5.58072;2024-03-15 16:25:00
202400015232.0;2;51;51507;2;1;1.0;6.0;49.087933;4.885624;2024-07-02 19:45:00
202400015233.0;3;82;82192;1;1;1.0;6.0;43.924149;1.51533;2024-06-23 02:50:00
202400015234.0;1;38;38065;1;3;1.0;3.0;45.427823;5.401497;2024-03-14 17:50:00
202400015235.0;1;82;82039;1;1;1.0;3.0;44.095464;1.453551;2024-07-02 14:50:00
202400015236.0;1;66;66106;2;6;1.0;3.0;42.491223;2.799183;2024-03-13 18:15:00
202400015237.0;1;33;33540;2;1;1.0;7.0;45.378437;-1.153031;2024-06-28 19:50:00
202400015238.0;1;54;54386;1;1;1.0;7.0;48.46750567;6.44311666;2024-03-14 14:10:00
202400015239.0;1;10;10179;1;1;1.0;6.0;48.12;4.0462;2024-02-03 13:00:00
202400015240.0;1;61;61168;2;1;2.0;6.0;48.600884;-0.342872;2024-07-02 08:40:00
202400015241.0;1;7;7313;2;1;2.0;2.0;45.322095;4.760755;2024-03-15 11:48:00
202400015242.0;1;55;55398;1;1;1.0;6.0;48.659548;5.71877;2024-07-03 08:48:00
202400015243.0;5;40;40134;2;3;1.0;1.0;44.211695;-0.920121;2024-03-15 20:00:00
202400015244.0;1;12;12068;1;1;1.0;1.0;44.321018;2.336003;2024-07-03 07:50:00
202400015245.0;1;42;42280;1;1;8.0;6.0;45.27824;4.431428;2024-07-02 11:30:00
202400015246.0;1;85;85051;2;6;1.0;6.0;46.6816001;-1.0493433;2024-01-26 09:18:00
202400015247.0;5;46;46251;2;1;1.0;6.0;44.861014;1.879805;2024-07-02 22:39:00
202400015248.0;2;27;27261;1;2;5.0;3.0;49.218943;0.960982;2024-03-14 07:20:00
202400015249.0;1;41;41242;2;2;1.0;3.0;47.279291;1.559463;2024-06-28 16:50:00
202400015250.0;1;17;17443;1;1;1.0;1.0;46.080941;-1.008854;2024-03-13 16:50:00
202400015251.0;1;37;37151;2;1;1.0;6.0;47.43613668;0.63971986;2024-03-14 18:00:00
202400015252.0;1;34;34203;2;2;1.0;3.0;43.40387;3.512616;2024-06-23 18:10:00
202400015253.0;1;39;39471;1;1;1.0;6.0;46.720167;5.485911;2024-07-03 12:10:00
202400015254.0;1;88;88037;1;1;1.0;1.0;47.994016;6.736446;2024-03-14 17:35:00
202400015255.0;1;13;13037;2;9;7.0;3.0;43.55041305;5.21897963;2024-03-14 08:36:00
202400015256.0;1;44;44154;2;1;1.0;3.0;47.223955;-2.157113;2024-06-30 12:15:00
202400015257.0;1;29;29272;1;1;8.0;5.0;47.96429153;-3.96996103;2024-07-03 14:55:00
202400015258.0;1;33;33122;2;9;1.0;7.0;44.735973;-0.774198;2024-03-14 18:40:00
202400015259.0;1;17;17038;1;1;1.0;2.0;45.212943;-0.293884;2024-03-13 14:35:00
202400015260.0;3;38;38394;1;1;1.0;6.0;45.09091;5.223055;2024-07-03 00:30:00
202400015261.0;3;38;38052;2;1;1.0;6.0;45.099349;6.009626;2024-03-14 00:30:00
202400015262.0;3;2;2124;2;1;1.0;6.0;49.749496;3.378044;2024-07-03 00:02:00
202400015263.0;1;78;78506;1;1;1.0;6.0;48.517598;1.790629;2024-03-10 14:40:00
202400015264.0;1;84;84017;1;1;6.0;7.0;44.119573;5.248246;2024-06-29 14:15:00
202400015265.0;1;988;98807;1;3;8.0;3.0;-20.683642;164.966256;2024-03-14 12:30:00
202400015266.0;3;6;6148;1;1;1.0;2.0;43.722924;7.076198;2024-07-03 02:01:00
202400015267.0;1;976;97615;2;1;1.0;6.0;-12.796145;45.275044;2024-03-13 08:20:00
202400015268.0;1;60;60291;2;1;1.0;1.0;49.65163;3.069472;2024-07-03 09:30:00
202400015269.0;1;13;13025;1;1;1.0;6.0;43.495725;5.567644;2024-03-13 16:20:00
202400015270.0;1;36;36076;1;1;1.0;6.0;46.68853073;0.97166136;2024-06-26 19:15:00
202400015271.0;1;45;45155;1;1;1.0;7.0;47.730304;2.66846;2024-03-14 09:30:00
202400015272.0;1;7;7313;1;1;1.0;1.0;45.309966;4.753204;2024-07-02 17:40:00
202400015273.0;1;30;30257;2;1;1.0;3.0;43.876226;4.469837;2024-03-14 14:30:00
202400015274.0;1;71;71024;2;1;1.0;6.0;46.303215;4.025143;2024-03-15 16:45:00
202400015275.0;1;17;17177;1;2;1.0;3.0;45.930535;-0.251446;2024-07-02 17:00:00
202400015276.0;1;67;67205;2;1;1.0;3.0;48.69914;7.78538;2024-03-14 17:15:00
202400015277.0;3;87;87089;1;1;1.0;6.0;46.210665;1.179228;2024-06-28 23:00:00
202400015278.0;3;38;38565;1;1;1.0;6.0;45.265626;5.655186;2024-03-14 00:07:00
202400015279.0;3;987;98738;2;1;1.0;1.0;-17.618;-149.549;2024-07-03 05:30:00
202400015280.0;2;26;26331;1;2;1.0;3.0;45.052135;5.292342;2024-03-14 18:30:00
202400015281.0;1;13;13051;1;3;1.0;3.0;43.599903;5.131527;2024-07-02 18:25:00
202400015282.0;1;69;69241;1;3;1.0;4.0;45.620742;4.713253;2024-03-13 16:09:00
202400015283.0;1;78;78466;1;1;1.0;3.0;48.9373;1.97601;2024-07-02 18:00:00
202400015284.0;3;81;81219;1;1;1.0;2.0;43.567516;1.95017;2024-03-14 23:25:00
202400015285.0;1;17;17385;1;1;1.0;1.0;45.927744;-1.285089;2024-07-03 08:40:00
202400015286.0;1;51;51437;1;1;3.0;7.0;49.22731249;3.8248349;2024-07-02 16:39:00
202400015287.0;1;81;81038;1;3;1.0;3.0;43.892952;1.893361;2024-03-15 12:40:00
202400015288.0;1;971;97125;1;1;1.0;2.0;16.277033;-61.285214;2024-07-02 13:00:00
202400015289.0;1;40;40257;1;1;1.0;3.0;44.26;-1.183851;2024-03-14 14:00:00
202400015290.0;4;77;77382;2;1;1.0;7.0;48.897294;2.877737;2024-07-03 00:01:00
202400015291.0;1;95;95308;1;6;1.0;2.0;49.105174;2.129202;2024-07-02 17:35:00
202400015292.0;1;40;40202;2;1;1.0;1.0;43.692027;-0.998573;2024-03-14 17:40:00