Num_Acc;lum;departement;commune;agglomeration;intersection;meteo;type_collision;lat;long;date
202400015293.0;3;66;66210;2;3;1.0;3.0;42.636311;2.754336;2024-07-02 23:00:00
202400015294.0;1;14;14762;2;1;1.0;3.0;48.840126;-0.88821;2024-03-07 13:30:00
202400015295.0;1;30;30345;1;1;1.0;1.0;44.284398;3.997436;2024-07-03 14:00:00
202400015296.0;1;22;22118;2;1;1.0;2.0;48.45469;-2.037774;2024-03-14 13:25:00
202400015297.0;1;5;5181;1;1;1.0;3.0;45.032971;6.396575;2024-07-02 17:40:00
202400015298.0;1;60;60700;1;1;1.0;2.0;49.38265962;2.14785719;2024-03-14 08:30:00
202400015299.0;1;4;4193;1;1;1.0;5.0;44.530719;6.709857;2024-07-02 12:10:00
202400015300.0;5;89;89257;2;1;2.0;6.0;47.97101;3.505136;2024-07-02 22:40:00
202400015301.0;1;71;71342;2;3;1.0;3.0;46.45325538;4.1048332;2024-07-03 10:50:00
202400015302.0;1;59;59256;1;1;1.0;7.0;50.58092036;3.13848495;2024-03-14 16:25:00
202400015303.0;1;21;21639;2;9;1.0;1.0;47.193551;5.374627;2024-06-27 19:15:00
202400015304.0;1;38;38494;1;2;1.0;3.0;45.69503;5.380425;2024-07-02 17:00:00
202400015305.0;1;13;13005;1;1;1.0;3.0;43.28848507;5.54834252;2024-03-13 14:50:00
202400015306.0;1;69;69171;1;3;1.0;3.0;45.798192;4.588519;2024-07-01 10:25:00
202400015307.0;1;13;13005;1;1;1.0;2.0;43.2866;5.536432;2024-03-13 17:15:00
202400015308.0;1;81;81038;2;3;1.0;3.0;43.878048;1.911525;2024-07-01 07:20:00
202400015309.0;1;33;33096;1;1;1.0;4.0;44.90173872;-0.49394021;2024-03-14 15:53:00
202400015310.0;1;65;65059;1;3;1.0;6.0;43.080784;0.149099;2024-07-02 20:02:00
202400015311.0;2;91;91692;1;1;1.0;3.0;48.680073;2.191169;2024-03-14 18:42:00
202400015312.0;1;31;31287;2;6;1.0;1.0;43.396541;1.261131;2024-06-28 18:46:00
202400015313.0;1;91;91589;1;1;1.0;5.0;48.67400718;2.34272718;2024-03-14 09:05:00
202400015314.0;1;62;62444;1;1;1.0;6.0;50.876489;1.703503;2024-06-23 17:57:00
202400015315.0;1;13;13005;1;1;1.0;2.0;43.28877777;5.54788239;2024-07-02 08:00:00
202400015316.0;1;91;91477;1;1;1.0;5.0;48.7188;2.25919;2024-03-14 08:45:00
202400015317.0;1;13;13070;1;1;1.0;2.0;43.28584555;5.51204403;2024-06-27 19:30:00
202400015318.0;1;92;92036;1;1;1.0;3.0;48.93554103;2.28513973;2024-03-14 16:25:00
202400015319.0;3;13;13215;1;1;1.0;2.0;43.36183;5.36044;2024-07-01 01:10:00
202400015320.0;1;92;92064;1;1;1.0;7.0;48.83971299;2.19936868;2024-03-14 15:00:00
202400015321.0;1;92;92063;1;1;1.0;6.0;48.86286475;2.16034716;2024-03-14 13:35:00
202400015322.0;1;62;62624;1;1;1.0;4.0;50.42606;3.00438;2024-06-28 12:55:00
202400015323.0;1;92;92050;1;1;1.0;7.0;48.90454939;2.20759606;2024-03-14 06:50:00
202400015324.0;1;59;59090;1;1;1.0;2.0;50.71897907;3.12385535;2024-06-28 18:00:00
202400015325.0;1;77;77384;1;1;1.0;7.0;48.601494;2.600398;2024-07-02 19:15:00
202400015326.0;3;93;93010;1;1;1.0;3.0;48.90435356;2.4716561;2024-03-13 22:20:00
202400015327.0;1;78;78362;1;1;1.0;2.0;48.975948;1.722832;2024-07-02 10:00:00
202400015328.0;1;93;93053;1;1;1.0;4.0;48.89769795;2.46976275;2024-03-13 18:00:00
202400015329.0;1;93;93010;1;1;1.0;5.0;48.90396716;2.47131617;2024-07-02 17:30:00
202400015330.0;1;93;93064;1;1;1.0;2.0;48.87334812;2.47976661;2024-03-13 11:40:00
202400015331.0;1;93;93063;1;1;1.0;6.0;48.87356555;2.43687765;2024-07-02 15:10:00
202400015332.0;1;92;92036;1;1;1.0;2.0;48.94067835;2.29263081;2024-07-02 08:00:00
202400015333.0;3;95;95582;1;1;1.0;3.0;48.96257178;2.26331788;2024-03-13 05:40:00
202400015334.0;1;93;93006;1;1;1.0;3.0;48.86885597;2.42913736;2024-07-01 18:30:00
202400015335.0;3;95;95042;1;1;1.0;2.0;49.05688567;2.28750144;2024-03-12 23:30:00
202400015336.0;3;95;95527;1;1;1.0;6.0;48.98219333;2.5019667;2024-03-11 21:50:00
202400015337.0;1;93;93010;1;1;1.0;4.0;48.90337187;2.47129404;2024-07-01 19:00:00
202400015338.0;1;93;93051;1;1;1.0;2.0;48.83454247;2.58415688;2024-07-02 16:30:00
202400015339.0;3;95;95018;1;1;2.0;4.0;48.9603364;2.27113018;2024-03-11 19:15:00
202400015340.0;1;93;93051;1;1;1.0;3.0;48.83618469;2.55322258;2024-03-14 09:20:00
202400015341.0;3;94;94022;1;1;1.0;2.0;48.77655361;2.41915812;2024-07-02 01:35:00
202400015342.0;1;94;94069;1;1;1.0;7.0;48.81744251;2.42067218;2024-07-01 15:40:00
202400015343.0;1;94;94042;1;1;1.0;3.0;48.82814739;2.47294564;2024-03-13 07:15:00
202400015344.0;5;974;97411;2;1;1.0;7.0;-20.89918;55.46029;2024-03-13 20:20:00
202400015345.0;1;94;94052;1;1;1.0;2.0;48.8433103;2.49314406;2024-07-01 09:50:00
202400015346.0;1;972;97213;1;1;1.0;6.0;14.59406;-60.98378;2024-03-13 12:45:00
202400015347.0;1;76;76681;2;2;1.0;6.0;49.4237;1.09232;2024-06-25 07:10:00
202400015348.0;1;972;97209;1;3;1.0;3.0;14.63083;-61.05989;2024-03-12 07:45:00
202400015349.0;1;95;95607;2;1;1.0;6.0;49.02613427;2.22191647;2024-01-24 10:40:00
202400015350.0;5;69;69152;2;1;1.0;7.0;45.70900465;4.82123599;2024-03-13 05:50:00
202400015351.0;1;44;44109;2;1;1.0;6.0;47.21782923;-1.55938736;2024-06-25 10:00:00
202400015352.0;5;74;74010;2;9;2.0;3.0;45.894;6.102;2024-04-17 20:20:00
202400015353.0;5;95;95607;2;6;8.0;2.0;49.00541888;2.2099383;2024-03-13 23:45:00
202400015354.0;5;987;98735;2;2;1.0;3.0;-17.535986;-149.566467;2024-06-30 02:00:00
202400015355.0;1;91;91425;2;1;1.0;2.0;48.64664;2.27423;2024-03-13 09:10:00
202400015356.0;1;974;97411;2;2;1.0;6.0;-20.8804;55.45739;2024-07-01 12:00:00
202400015357.0;1;973;97302;2;1;1.0;7.0;4.92162285;-52.32972407;2024-07-01 09:30:00
202400015358.0;5;91;91122;2;1;1.0;3.0;48.69605;2.155;2024-03-13 19:45:00
202400015359.0;5;973;97302;2;1;1.0;7.0;4.93246;-52.31081;2024-07-01 02:35:00
202400015360.0;2;91;91377;2;1;8.0;3.0;48.73125;2.29116;2024-03-12 18:30:00
202400015361.0;1;69;69383;2;1;1.0;3.0;45.75369;4.8768;2024-07-01 18:45:00
202400015362.0;1;91;91174;2;1;8.0;2.0;48.61102;2.45421;2024-03-13 11:31:00
202400015363.0;5;69;69385;2;2;1.0;6.0;45.75639;4.79754;2024-07-01 22:20:00
202400015364.0;1;91;91174;2;3;1.0;3.0;48.610938;2.453245;2024-03-13 07:30:00
202400015365.0;1;69;69034;2;1;1.0;3.0;45.78288;4.83653;2024-07-01 17:45:00
202400015366.0;1;88;88160;2;6;2.0;6.0;48.17633;6.4514;2024-03-13 13:30:00
202400015367.0;1;69;69034;2;1;1.0;3.0;45.81121;4.84585;2024-07-01 09:30:00
202400015368.0;1;87;87085;2;3;1.0;6.0;45.82645;1.25175;2024-03-12 13:58:00
202400015369.0;1;971;97101;1;1;1.0;4.0;16.25353;-61.53509;2024-06-29 16:10:00
202400015370.0;1;971;97113;1;1;1.0;3.0;16.21766;-61.49139;2024-06-30 07:30:00
202400015371.0;1;83;83137;2;3;1.0;3.0;43.12737575;5.91959485;2024-03-13 09:45:00
202400015372.0;1;971;97113;1;1;1.0;3.0;16.21177;-61.44075;2024-06-30 06:30:00
202400015373.0;1;83;83069;2;1;1.0;1.0;43.1148495;6.17569327;2024-03-12 09:15:00
202400015374.0;2;77;77513;2;3;1.0;3.0;48.955088;2.870267;2024-03-13 18:40:00
202400015375.0;5;971;97101;1;9;1.0;3.0;16.2567;-61.45977;2024-06-29 22:50:00
202400015376.0;1;77;77186;1;1;8.0;6.0;48.406999;2.638321;2024-03-13 11:15:00
202400015377.0;1;76;76351;2;2;1.0;3.0;49.48864;0.10595;2024-03-13 09:10:00
202400015378.0;1;91;91477;2;1;1.0;6.0;48.712155;2.2151413;2024-07-01 09:10:00
202400015379.0;1;72;72181;2;6;8.0;6.0;48.00791;0.19819;2024-03-12 14:50:00
202400015380.0;1;87;87085;2;1;1.0;3.0;45.85844826;1.28620505;2024-06-28 19:20:00
202400015381.0;1;69;69290;2;9;2.0;3.0;45.71464;4.95959;2024-03-11 15:20:00
202400015382.0;1;87;87114;2;3;1.0;3.0;45.82676;1.2915;2024-06-29 17:12:00
202400015383.0;1;68;68166;2;1;1.0;7.0;47.79144;7.33229;2024-03-09 15:20:00
202400015384.0;1;67;67482;2;8;8.0;6.0;48.5916;7.7066;2024-03-12 13:40:00
202400015385.0;1;83;83123;2;1;1.0;3.0;43.12240883;5.82230404;2024-06-28 08:35:00
202400015386.0;1;80;80021;2;1;1.0;6.0;49.917;2.248;2024-06-27 17:50:00
202400015387.0;1;64;64445;2;2;1.0;3.0;43.304897;-0.358171;2024-03-13 14:00:00
202400015388.0;1;80;80021;2;1;1.0;6.0;49.90983;2.29387;2024-06-30 16:00:00
202400015389.0;1;64;64445;2;1;1.0;6.0;43.29903;-0.37294;2024-03-12 08:35:00
202400015390.0;2;78;78643;2;3;1.0;1.0;48.975781;1.985272;2024-07-01 21:55:00
202400015391.0;1;64;64284;2;1;3.0;2.0;43.293795;-0.38682;2024-03-11 13:45:00
202400015392.0;1;76;76681;1;1;1.0;2.0;49.42058;1.10705;2024-07-01 07:15:00
202400015393.0;1;63;63113;2;3;1.0;6.0;45.77382;3.08496;2024-03-13 12:40:00
202400015394.0;1;63;63113;2;1;1.0;3.0;45.77412106;3.07696715;2024-03-13 10:55:00
202400015395.0;1;76;76351;2;1;1.0;6.0;49.52373562;0.11454034;2024-06-28 18:00:00
202400015396.0;1;49;49007;2;1;1.0;2.0;47.45852;-0.53002;2024-03-12 08:41:00
202400015397.0;5;49;49007;2;1;1.0;6.0;47.47893;-0.57629;2024-03-12 19:45:00
202400015398.0;1;76;76351;2;3;1.0;6.0;49.5001;0.13196;2024-06-28 15:25:00
202400015399.0;1;45;45285;2;1;1.0;6.0;47.90576;1.86924;2024-03-13 08:00:00
202400015400.0;1;72;72181;2;1;1.0;1.0;48.01286;0.18797;2024-06-30 19:45:00
202400015401.0;1;71;71153;2;3;1.0;3.0;46.78926;4.43201;2024-06-27 17:20:00
202400015402.0;5;45;45068;2;3;1.0;3.0;48.02105012;2.73721334;2024-03-13 21:35:00
202400015403.0;1;69;69266;2;1;1.0;2.0;45.76280341;4.87778795;2024-07-01 21:00:00
202400015404.0;1;44;44109;2;2;1.0;1.0;47.20549;-1.60668;2024-03-13 17:50:00
202400015405.0;1;69;69286;2;1;1.0;6.0;45.82295675;4.88995922;2024-06-27 10:10:00
202400015406.0;1;43;43041;2;1;1.0;3.0;45.0493;3.91934;2024-03-13 13:00:00
202400015407.0;3;42;42127;2;1;1.0;2.0;46.08357;4.07188;2024-03-13 19:40:00
202400015408.0;2;69;69290;2;5;1.0;3.0;45.71693;4.9283;2024-07-01 21:00:00
202400015409.0;1;38;38318;2;1;1.0;6.0;45.52887;4.91599;2024-03-10 14:20:00
202400015410.0;1;64;64445;2;3;8.0;3.0;43.30855;-0.36314;2024-06-30 13:35:00
202400015411.0;1;35;35281;2;1;2.0;6.0;48.09053;-1.69491;2024-03-12 08:00:00
202400015412.0;1;60;60175;2;1;1.0;7.0;49.2539;2.48727;2024-06-29 21:05:00
202400015413.0;1;33;33069;2;1;1.0;3.0;44.86888;-0.58964;2024-03-13 18:10:00
202400015414.0;5;59;59350;2;1;1.0;6.0;50.647909;3.085966;2024-06-22 03:35:00
202400015415.0;1;33;33069;2;2;1.0;3.0;44.85707;-0.59115;2024-03-13 10:30:00
202400015416.0;1;57;57508;2;1;1.0;6.0;49.33929;6.04802;2024-06-30 11:20:00
202400015417.0;1;31;31555;1;9;1.0;4.0;43.6061;1.3684;2024-03-13 14:20:00
202400015418.0;1;57;57672;2;1;1.0;5.0;49.355829;6.163625;2024-06-29 12:30:00
202400015419.0;1;31;31069;2;1;1.0;3.0;43.61747798;1.38842136;2024-03-13 08:46:00
202400015420.0;1;56;56098;2;8;1.0;6.0;47.772895;-3.334056;2024-07-01 14:59:00
202400015421.0;1;31;31555;2;3;1.0;3.0;43.63498;1.43092;2024-03-07 17:50:00
202400015422.0;1;52;52534;2;9;1.0;1.0;48.66492;4.90518;2024-06-22 20:30:00
202400015423.0;1;29;29232;2;1;1.0;3.0;47.973255;-4.131993;2024-03-13 13:30:00
202400015424.0;1;51;51055;2;1;1.0;3.0;49.282728;4.052554;2024-06-30 11:47:00
202400015425.0;1;27;27681;1;4;1.0;3.0;49.076899;1.463932;2024-03-13 08:20:00
202400015426.0;1;50;50129;2;1;1.0;4.0;49.64829;-1.64902;2024-06-28 14:20:00
202400015427.0;1;18;18213;2;3;1.0;7.0;47.09659;2.44797;2024-03-13 17:00:00
202400015428.0;1;49;49099;2;4;1.0;6.0;47.06095;-0.87114;2024-07-01 10:30:00
202400015429.0;5;14;14333;2;1;1.0;7.0;49.40488;0.2431;2024-03-12 19:54:00
202400015430.0;5;13;13208;2;1;1.0;1.0;43.24623;5.38873;2024-03-13 23:20:00
202400015431.0;1;45;45234;2;9;1.0;2.0;47.899482;1.913555;2024-07-01 10:40:00
202400015432.0;1;13;13005;2;3;1.0;3.0;43.29645;5.56941;2024-03-13 17:00:00
202400015433.0;1;40;40192;1;1;1.0;5.0;43.87666458;-0.46553135;2024-06-29 15:55:00
202400015434.0;1;11;11069;2;1;1.0;3.0;43.22587;2.35069;2024-03-13 16:00:00
202400015435.0;5;38;38185;2;1;1.0;6.0;45.16162;5.72881;2024-06-29 23:20:00
202400015436.0;5;10;10387;2;1;1.0;7.0;48.2982;4.0566;2024-03-10 21:45:00
202400015437.0;2;7;7019;1;1;4.0;1.0;44.60807;4.40343;2024-03-10 18:10:00
202400015438.0;2;34;34129;1;1;1.0;2.0;43.58568;3.89543;2024-07-01 06:00:00
202400015439.0;1;6;6088;2;1;1.0;6.0;43.66659;7.21343;2024-03-13 13:30:00
202400015440.0;5;34;34172;2;1;1.0;1.0;43.60548;3.86105;2024-06-30 01:45:00
202400015441.0;1;6;6088;2;1;1.0;6.0;43.70203;7.27629;2024-03-13 10:22:00
202400015442.0;1;75;75112;2;1;1.0;3.0;48.828999;2.400134;2024-03-13 07:50:00
202400015443.0;1;33;33063;1;3;8.0;3.0;44.866326;-0.536905;2024-07-01 20:20:00
202400015444.0;1;75;75117;2;1;2.0;2.0;48.883981;2.285279;2024-03-11 16:40:00
202400015445.0;5;33;33063;2;3;1.0;3.0;44.86582;-0.5611;2024-06-30 22:05:00
202400015446.0;1;75;75108;2;2;1.0;3.0;48.874586;2.29697;2024-03-13 10:53:00
202400015447.0;1;33;33069;2;3;1.0;3.0;44.869749;-0.614476;2024-06-30 15:35:00
202400015448.0;1;75;75107;2;2;8.0;3.0;48.857268;2.309945;2024-03-12 18:59:00
202400015449.0;1;30;30189;2;1;1.0;5.0;43.8252;4.3712;2024-06-28 17:27:00
202400015450.0;1;75;75105;2;2;1.0;3.0;48.853819;2.344354;2024-03-12 18:00:00
202400015451.0;1;28;28404;2;4;1.0;6.0;48.721383;1.32383;2024-06-29 05:20:00
202400015452.0;1;75;75118;2;2;1.0;6.0;48.894225;2.352867;2024-03-13 16:30:00
202400015453.0;1;27;27229;2;1;1.0;6.0;49.03421;1.13213;2024-07-01 15:35:00
202400015454.0;1;75;75118;2;1;1.0;2.0;48.89887;2.344199;2024-03-13 13:20:00
202400015455.0;5;27;27229;2;1;1.0;1.0;49.029599;1.152701;2024-06-30 22:55:00
202400015456.0;1;75;75115;2;2;2.0;3.0;48.83439;2.265179;2024-03-12 17:10:00
202400015457.0;1;26;26362;2;1;1.0;3.0;44.9351;4.91855;2024-07-01 21:10:00
202400015458.0;1;14;14333;2;9;1.0;2.0;49.42008;0.25999;2024-07-01 10:06:00
202400015459.0;1;13;13106;2;1;1.0;1.0;43.39141382;5.37337906;2024-07-01 20:00:00
202400015460.0;1;13;13106;2;9;1.0;1.0;43.39873;5.36597;2024-07-01 11:40:00
202400015461.0;1;13;13213;2;4;1.0;6.0;43.33726;5.43589;2024-07-01 18:50:00
202400015462.0;1;13;13203;2;1;1.0;3.0;43.31;5.39;2024-07-01 06:53:00
202400015463.0;1;13;13047;1;1;1.0;3.0;43.52735722;4.96144321;2024-07-01 20:20:00
202400015464.0;3;11;11262;1;9;1.0;6.0;43.19959;2.96422;2024-06-22 02:30:00
202400015465.0;1;2;2243;2;6;1.0;2.0;49.40023;3.35477;2024-06-28 08:35:00
202400015466.0;1;75;75115;2;1;1.0;2.0;48.826761;2.295778;2024-06-30 05:20:00
202400015467.0;1;75;75105;2;2;1.0;3.0;48.851388;2.343189;2024-07-01 18:31:00
202400015468.0;1;75;75105;2;3;1.0;1.0;48.846286;2.34025;2024-07-01 14:25:00
202400015469.0;1;75;75105;2;3;1.0;3.0;48.843098;2.342658;2024-07-01 09:25:00
202400015470.0;5;75;75119;2;1;1.0;3.0;48.888248;2.391309;2024-07-01 22:45:00
202400015471.0;1;75;75119;2;1;1.0;6.0;48.882859;2.384275;2024-07-01 19:40:00
202400015472.0;1;75;75119;2;1;1.0;7.0;48.883843;2.373999;2024-07-01 17:40:00
202400015473.0;5;75;75117;2;1;1.0;7.0;48.877132;2.284673;2024-07-01 22:30:00
202400015474.0;3;57;57041;1;1;3.0;2.0;49.41024302;5.92116786;2024-08-24 19:50:00
202400015475.0;1;987;98735;2;1;1.0;2.0;-17.53395298;-149.56100821;2024-11-18 05:27:00
202400015476.0;1;75;75114;2;1;1.0;3.0;48.820543;2.337411;2024-07-01 14:20:00
202400015477.0;3;974;97416;1;1;3.0;2.0;-21.31137;55.43562;2024-11-21 23:40:00
202400015478.0;1;75;75111;2;2;1.0;3.0;48.86505;2.374701;2024-07-01 19:15:00
202400015479.0;1;974;97416;1;1;3.0;6.0;-21.30458;55.49823;2024-11-21 13:45:00
202400015480.0;1;75;75111;2;3;1.0;3.0;48.858702;2.384702;2024-07-01 11:35:00
202400015481.0;5;974;97411;2;1;1.0;3.0;-20.88976;55.46299;2024-11-21 19:16:00
202400015482.0;1;75;75104;2;3;8.0;3.0;48.855398;2.352841;2024-07-01 13:00:00
202400015483.0;1;974;97411;2;6;1.0;2.0;-20.90246;55.50269;2024-11-21 17:55:00
202400015484.0;5;75;75101;2;2;1.0;1.0;48.861701;2.341245;2024-06-30 21:35:00
202400015485.0;1;972;97213;1;1;2.0;3.0;14.61328;-61.01097;2024-11-21 12:10:00
202400015486.0;1;69;69385;2;3;2.0;3.0;45.75963;4.82792;2024-11-21 14:52:00
202400015487.0;2;94;94078;2;2;1.0;5.0;48.73304;2.45081;2024-07-01 21:19:00
202400015488.0;1;69;69384;2;3;1.0;6.0;45.78289871;4.82919537;2024-11-20 12:45:00
202400015489.0;1;971;97101;2;1;1.0;7.0;16.24966;-61.52343;2024-11-21 08:00:00
202400015490.0;5;2A;2A004;2;1;6.0;6.0;41.92995;8.75703;2024-11-21 05:25:00
202400015491.0;1;95;95607;2;7;1.0;6.0;49.02706;2.22344;2024-11-20 09:55:00
202400015492.0;5;91;91514;2;1;4.0;1.0;48.67;2.54;2024-11-21 17:30:00
202400015493.0;4;91;91114;2;1;9.0;6.0;48.69231;2.50072;2024-11-20 07:20:00
202400015494.0;1;87;87085;2;1;3.0;6.0;45.82528;1.2725;2024-11-21 12:10:00
202400015495.0;1;87;87085;2;1;2.0;4.0;45.81926915;1.25060678;2024-11-21 08:30:00
202400015496.0;1;84;84007;2;3;1.0;2.0;43.9167;4.88534;2024-11-20 13:00:00
202400015497.0;1;83;83069;2;1;1.0;6.0;43.11989;6.12625;2024-11-21 08:55:00
202400015498.0;3;80;80725;1;1;9.0;7.0;49.86128;2.25539;2024-11-21 02:30:00
202400015499.0;3;77;77462;1;1;4.0;6.0;49.00451378;2.6439178;2024-11-21 21:30:00
202400015500.0;5;77;77307;2;2;1.0;1.0;48.87798;2.74474;2024-11-20 23:50:00
202400015501.0;5;77;77464;2;1;1.0;6.0;48.88191;2.70479;2024-11-20 18:30:00
202400015502.0;1;76;76305;2;3;1.0;3.0;49.50709;0.2199;2024-11-20 11:00:00
202400015503.0;1;72;72181;2;1;4.0;2.0;48.00674977;0.17201543;2024-11-21 11:40:00
202400015504.0;1;69;69092;2;1;2.0;6.0;45.99859;4.70641;2024-11-21 15:00:00
202400015505.0;1;69;69290;2;2;3.0;3.0;45.71123;4.90201;2024-11-20 10:30:00
202400015506.0;5;68;68224;2;1;4.0;6.0;47.74874;7.34687;2024-11-21 18:18:00
202400015507.0;5;66;66136;2;1;1.0;6.0;42.68401;2.90238;2024-11-21 19:15:00
202400015508.0;1;66;66136;1;9;1.0;3.0;42.70626011;2.89805174;2024-11-21 08:22:00
202400015509.0;2;66;66136;2;3;2.0;3.0;42.68723;2.90182;2024-11-21 07:40:00
202400015510.0;5;64;64269;2;1;2.0;6.0;43.29723;-0.30434;2024-11-20 18:35:00
202400015511.0;5;64;64024;2;9;3.0;4.0;43.4937;-1.52238;2024-11-20 18:36:00
202400015512.0;3;63;63113;1;1;6.0;6.0;45.7682;3.14728;2024-11-21 20:05:00
202400015513.0;1;63;63075;2;1;2.0;6.0;45.7802941;3.07125807;2024-11-21 10:40:00
202400015514.0;1;61;61006;2;1;1.0;1.0;48.747493;-0.026314;2024-11-20 12:10:00
202400015515.0;1;59;59339;1;1;1.0;6.0;50.68227;3.21962;2024-11-21 11:19:00
202400015516.0;1;59;59560;2;1;1.0;6.0;50.55372;3.03202;2024-11-20 15:00:00
202400015517.0;5;58;58194;2;6;1.0;3.0;47.00101;3.15595;2024-11-20 17:55:00
202400015518.0;1;57;57491;2;1;7.0;6.0;49.25285;6.0444;2024-11-20 10:38:00
202400015519.0;3;56;56162;1;1;1.0;5.0;47.752064;-3.419684;2024-11-17 18:00:00
202400015520.0;5;49;49328;2;6;1.0;2.0;47.26708;-0.06992;2024-11-19 18:20:00
202400015521.0;2;49;49007;2;2;2.0;1.0;47.4517;-0.5446;2024-11-20 18:50:00
202400015522.0;1;47;47001;2;1;2.0;2.0;44.19879;0.61228;2024-11-20 13:50:00
202400015523.0;5;46;46042;1;3;3.0;3.0;44.43633;1.40917;2024-11-20 17:40:00
202400015524.0;1;45;45169;2;6;2.0;3.0;47.90093;1.85574;2024-11-21 12:50:00
202400015525.0;5;45;45208;2;1;4.0;6.0;48.00746;2.74095;2024-11-21 18:25:00
202400015526.0;3;44;44172;2;1;1.0;4.0;47.23893;-1.48499;2024-11-17 18:55:00
202400015527.0;2;42;42270;2;1;2.0;1.0;45.39086;4.22826;2024-11-20 17:16:00
202400015528.0;3;38;38151;2;9;8.0;6.0;45.14317;5.72837;2024-11-21 17:39:00
202400015529.0;1;37;37261;2;2;4.0;6.0;47.37603;0.69453;2024-11-21 09:20:00
202400015530.0;1;37;37261;2;6;4.0;7.0;47.42497823;0.71191674;2024-11-21 10:10:00
202400015531.0;2;37;37261;2;1;4.0;6.0;47.38693;0.70325;2024-11-21 08:20:00
202400015532.0;1;35;35238;2;2;1.0;6.0;48.10883;-1.71017;2024-11-20 16:07:00
202400015533.0;1;34;34172;2;3;2.0;1.0;43.63215;3.85592;2024-11-21 13:00:00
202400015534.0;1;34;34172;2;1;1.0;1.0;43.60507;3.85523;2024-11-20 16:10:00
202400015535.0;1;32;32013;2;9;8.0;6.0;43.65963;0.5921;2024-11-21 15:25:00
202400015536.0;1;31;31149;2;1;1.0;3.0;43.59626;1.35277;2024-11-21 16:40:00
202400015537.0;5;29;29232;2;1;1.0;2.0;47.994658;-4.096346;2024-11-20 21:38:00
202400015538.0;4;29;29232;2;1;3.0;6.0;47.99173;-4.11886;2024-11-21 08:23:00
202400015539.0;5;29;29019;2;1;6.0;3.0;48.39224862;-4.54652351;2024-11-21 05:40:00
202400015540.0;5;29;29019;2;1;1.0;6.0;48.389743;-4.52537;2024-11-20 20:10:00
202400015541.0;1;27;27681;2;3;4.0;6.0;49.09139;1.48486;2024-11-21 11:30:00
202400015542.0;1;15;15014;2;1;3.0;3.0;44.91607;2.42967;2024-11-21 10:00:00
202400015543.0;5;13;13202;2;1;2.0;3.0;43.30752;5.36692;2024-11-21 17:45:00
202400015544.0;1;10;10333;2;6;1.0;6.0;48.28102;4.05204;2024-11-20 16:30:00
202400015545.0;1;10;10387;2;2;1.0;6.0;48.28872;4.08039;2024-11-20 11:30:00
202400015546.0;1;10;10321;2;1;7.0;6.0;48.29018;4.01903;2024-11-20 08:34:00
202400015547.0;2;7;7281;1;9;1.0;3.0;44.95926;4.81777;2024-11-21 07:10:00
202400015548.0;1;6;6069;2;1;1.0;6.0;43.655868;6.922225;2024-11-21 08:25:00
202400015549.0;5;75;75105;2;2;4.0;6.0;48.848063;2.35052;2024-11-21 19:20:00
202400015550.0;1;75;75119;2;1;4.0;6.0;48.878155;2.396515;2024-11-21 10:28:00
202400015551.0;4;75;75116;2;1;4.0;6.0;48.860311;2.268086;2024-11-21 17:40:00
202400015552.0;1;75;75116;2;2;4.0;6.0;48.840867;2.265297;2024-11-21 11:30:00
202400015553.0;5;75;75117;2;7;1.0;2.0;48.884859;2.297907;2024-11-21 04:20:00
202400015554.0;5;75;75115;2;3;2.0;6.0;48.842867;2.282221;2024-11-20 18:00:00
202400015555.0;1;75;75113;2;3;4.0;6.0;48.825797;2.357389;2024-11-21 11:10:00
202400015556.0;5;75;75112;2;1;1.0;1.0;48.829844;2.391135;2024-11-21 00:40:00
202400015557.0;1;75;75109;2;2;1.0;3.0;48.875543;2.32666;2024-11-21 09:10:00
202400015558.0;5;75;75109;2;3;1.0;3.0;48.869779;2.326517;2024-11-20 16:30:00
202400015559.0;5;75;75103;2;2;8.0;6.0;48.868636;2.355424;2024-11-21 21:47:00
202400015560.0;5;75;75102;2;4;1.0;7.0;48.869141;2.343164;2024-11-21 01:05:00
202400015561.0;5;94;94080;2;1;4.0;6.0;48.84815875;2.44566889;2024-11-21 17:50:00
202400015562.0;1;94;94046;2;2;1.0;3.0;48.81207;2.44359;2024-11-20 14:00:00
202400015563.0;1;94;94033;2;1;4.0;6.0;48.8501646;2.48896015;2024-11-21 09:45:00
202400015564.0;1;94;94079;2;1;1.0;1.0;48.833239;2.535646;2024-11-20 08:55:00
202400015565.0;1;77;77291;1;1;4.0;2.0;49.0042;2.57757;2024-11-21 15:00:00
202400015566.0;5;93;93062;2;1;9.0;2.0;48.89147;2.51245;2024-11-21 19:45:00
202400015567.0;1;93;93062;2;1;4.0;2.0;48.89267452;2.51982461;2024-11-21 09:45:00
202400015568.0;5;93;93064;2;1;4.0;6.0;48.8635;2.49206;2024-11-21 17:45:00
202400015569.0;1;93;93008;2;1;4.0;3.0;48.91061676;2.43215561;2024-11-21 10:10:00
202400015570.0;1;93;93005;2;1;1.0;6.0;48.94669302;2.49275406;2024-11-21 09:30:00
202400015571.0;5;92;92046;2;3;1.0;3.0;48.81626655;2.30584905;2024-11-21 00:50:00
202400015572.0;5;92;92062;2;2;1.0;3.0;48.88477062;2.24787846;2024-11-21 06:25:00
202400015573.0;2;92;92040;2;1;4.0;2.0;48.82138317;2.25349344;2024-11-21 10:50:00
202400015574.0;2;92;92025;2;2;8.0;6.0;48.92256565;2.24788114;2024-11-21 08:10:00
202400015575.0;5;92;92023;2;3;2.0;3.0;48.78847;2.24982;2024-11-20 19:45:00
202400015576.0;1;92;92012;2;2;4.0;3.0;48.83615762;2.23662525;2024-11-21 12:12:00