Num_Acc;lum;departement;commune;agglomeration;intersection;meteo;type_collision;lat;long;date
202400015577.0;1;92;92014;2;3;4.0;3.0;48.78002431;2.31557216;2024-11-21 14:40:00
202400015578.0;3;26;26077;1;1;1.0;3.0;45.164626;5.037714;2024-11-20 18:45:00
202400015579.0;2;83;83136;1;1;1.0;6.0;43.45779;6.310551;2024-11-18 17:10:00
202400015580.0;5;6;6149;2;3;1.0;3.0;43.735042;7.305672;2024-11-20 18:45:00
202400015581.0;1;2;2776;1;1;1.0;7.0;50.005039;3.176406;2024-11-21 16:10:00
202400015582.0;3;972;97221;2;6;1.0;3.0;14.524381;-60.983015;2024-11-21 21:40:00
202400015583.0;1;63;63035;1;1;3.0;7.0;45.97156487;3.1368545;2024-11-21 15:10:00
202400015584.0;3;38;38194;1;1;8.0;2.0;45.341378;5.446987;2024-11-21 19:45:00
202400015585.0;3;6;6025;1;1;1.0;6.0;43.826423;7.164652;2024-11-21 01:10:00
202400015586.0;1;79;79136;1;1;5.0;7.0;46.177022;-0.043216;2024-11-19 13:35:00
202400015587.0;1;21;21478;1;1;4.0;5.0;47.368841;4.840786;2024-11-21 12:50:00
202400015588.0;3;77;77240;1;1;8.0;1.0;48.7847;3.274741;2024-11-21 20:35:00
202400015589.0;3;51;51569;1;1;1.0;1.0;49.25004;3.944371;2024-11-21 18:00:00
202400015590.0;3;51;51303;2;8;1.0;7.0;49.012196;4.186987;2024-11-22 18:35:00
202400015591.0;3;56;56117;2;1;1.0;6.0;47.883355;-2.832348;2024-11-22 18:55:00
202400015592.0;1;76;76240;1;1;4.0;6.0;49.701364;0.364158;2024-11-21 13:20:00
202400015593.0;5;82;82037;2;4;6.0;6.0;44.164161;1.536246;2024-11-21 19:14:00
202400015594.0;5;33;33138;1;3;1.0;4.0;45.059445;-0.103705;2024-11-14 19:15:00
202400015595.0;5;11;11397;2;1;2.0;6.0;43.20611;2.433523;2024-11-21 18:35:00
202400015596.0;2;49;49003;2;1;1.0;6.0;47.260405;-0.341087;2024-11-22 07:35:00
202400015597.0;3;68;68374;1;1;4.0;3.0;48.05614;7.226987;2024-11-21 17:50:00
202400015598.0;5;44;44069;2;6;3.0;3.0;47.325091;-2.410507;2024-11-19 17:45:00
202400015599.0;2;44;44058;1;1;2.0;6.0;47.789445;-1.348475;2024-11-21 08:10:00
202400015600.0;2;29;29072;2;3;7.0;3.0;47.80608457;-4.27934788;2024-11-21 16:10:00
202400015601.0;1;1;1134;1;6;8.0;6.0;46.288044;4.871734;2024-11-21 08:35:00
202400015602.0;1;6;6079;2;1;1.0;6.0;43.565593;6.940134;2024-11-21 13:50:00
202400015603.0;3;90;90009;1;1;1.0;6.0;47.476144;6.937137;2024-11-20 23:40:00
202400015604.0;1;60;60068;2;1;1.0;6.0;49.299732;2.800806;2024-11-22 12:20:00
202400015605.0;1;73;73184;1;1;1.0;2.0;45.57380908;5.79349772;2024-01-28 17:00:00
202400015606.0;3;36;36016;1;1;6.0;6.0;46.52726028;1.13355961;2024-11-21 20:15:00
202400015607.0;1;53;53162;1;1;4.0;1.0;48.25843649;-0.62367766;2024-11-21 16:30:00
202400015608.0;5;92;92012;2;1;1.0;2.0;48.84392426;2.2459352;2024-04-20 00:01:00
202400015609.0;5;85;85084;2;1;8.0;6.0;46.802703;-1.128266;2024-11-22 07:50:00
202400015610.0;1;92;92007;2;1;1.0;6.0;48.80037551;2.31813437;2024-04-20 13:30:00
202400015611.0;3;87;87057;1;1;6.0;6.0;46.227056;1.227078;2024-11-21 19:15:00
202400015612.0;1;92;92004;2;1;1.0;3.0;48.91312479;2.28288768;2024-04-20 14:50:00
202400015613.0;2;30;30249;1;1;1.0;6.0;43.802019;4.217328;2024-11-21 17:50:00
202400015614.0;1;34;34322;1;3;1.0;5.0;43.798959;3.876913;2024-04-20 15:05:00
202400015615.0;3;10;10003;1;1;4.0;6.0;48.266798;3.738956;2024-11-21 19:41:00
202400015616.0;1;22;22209;2;1;1.0;7.0;48.576139;-2.148991;2024-04-21 15:48:00
202400015617.0;1;36;36228;1;4;1.0;3.0;47.15377985;1.56633496;2024-04-18 09:05:00
202400015618.0;1;76;76305;1;1;4.0;3.0;49.49526003;0.2455935;2024-11-22 12:15:00
202400015619.0;3;988;98810;1;1;1.0;7.0;-20.584931;164.525221;2024-04-20 02:00:00
202400015620.0;1;28;28196;1;1;1.0;6.0;48.289275;1.265273;2024-04-21 16:15:00
202400015621.0;1;6;6084;1;6;1.0;3.0;43.612279;6.968223;2024-11-22 08:30:00
202400015622.0;3;974;97422;1;1;1.0;6.0;-21.249127;55.497769;2024-04-21 05:00:00
202400015623.0;3;69;69102;1;9;8.0;3.0;45.86573531;4.38871284;2024-11-22 19:45:00
202400015624.0;4;974;97412;2;1;1.0;6.0;-21.381855;55.646465;2024-04-21 04:45:00
202400015625.0;1;987;98715;2;9;1.0;3.0;-17.584;-149.56;2024-11-19 10:15:00
202400015626.0;1;64;64396;1;3;1.0;3.0;43.40138909;-0.63676178;2024-04-21 11:10:00
202400015627.0;1;86;86236;1;1;1.0;7.0;46.671493;0.816104;2024-04-20 16:40:00
202400015628.0;3;6;6155;1;1;1.0;5.0;43.599414;7.053909;2024-11-22 06:00:00
202400015629.0;1;86;86165;2;6;1.0;6.0;46.419874;0.859559;2024-04-20 20:00:00
202400015630.0;3;21;21347;1;1;8.0;4.0;46.996873;4.857855;2024-11-21 18:25:00
202400015631.0;1;71;71303;1;2;7.0;5.0;46.670761;5.270863;2024-04-21 17:10:00
202400015632.0;1;62;62390;2;1;1.0;3.0;50.3887496;1.60861562;2024-04-20 16:20:00
202400015633.0;3;45;45169;1;1;4.0;3.0;47.898916;1.800934;2024-11-22 03:40:00
202400015634.0;3;45;45062;1;1;4.0;4.0;47.985893;1.858116;2024-11-22 00:05:00
202400015635.0;1;44;44217;1;1;1.0;4.0;47.289928;-1.739402;2024-04-20 12:30:00
202400015636.0;5;971;97103;1;1;1.0;3.0;16.253324;-61.576781;2024-11-21 20:05:00
202400015637.0;1;32;32123;1;1;1.0;1.0;43.625902;0.923967;2024-04-20 17:30:00
202400015638.0;3;60;60631;1;1;8.0;6.0;49.15262535;2.58632755;2024-11-22 19:45:00
202400015639.0;1;11;11436;1;1;1.0;6.0;43.042077;2.857797;2024-04-21 12:40:00
202400015640.0;3;62;62829;1;1;2.0;2.0;50.05901311;2.87356482;2024-11-17 03:45:00
202400015641.0;1;11;11116;1;1;1.0;6.0;43.272856;3.029801;2024-04-20 18:30:00
202400015642.0;3;987;98724;1;1;1.0;7.0;-16.766782;-151.000214;2024-11-21 18:30:00
202400015643.0;1;71;71064;1;2;1.0;1.0;46.582492;5.271058;2024-04-11 17:40:00
202400015644.0;3;89;89446;2;1;1.0;7.0;47.464007;3.740829;2024-04-20 23:40:00
202400015645.0;1;55;55184;1;4;4.0;6.0;48.72864312;5.66338778;2024-11-22 12:05:00
202400015646.0;3;55;55502;2;1;1.0;7.0;49.489204;5.18265;2024-04-20 01:19:00
202400015647.0;5;54;54432;2;3;1.0;6.0;48.60200945;6.10289991;2024-11-22 17:19:00
202400015648.0;3;41;41185;1;1;1.0;7.0;47.34107;1.718199;2024-03-24 22:20:00
202400015649.0;1;73;73329;1;1;8.0;1.0;45.623528;5.876336;2024-11-21 11:34:00
202400015650.0;1;86;86293;1;1;1.0;7.0;46.399881;0.274407;2024-04-20 20:15:00
202400015651.0;1;27;27279;2;9;4.0;6.0;49.096618;1.609776;2024-11-21 11:35:00
202400015652.0;1;34;34228;1;1;1.0;7.0;43.437675;2.74155;2024-04-20 15:10:00
202400015653.0;1;2;2495;2;1;4.0;7.0;49.967019;4.034439;2024-11-22 15:25:00
202400015654.0;1;39;39013;1;1;2.0;6.0;46.889366;5.729553;2024-04-21 09:15:00
202400015655.0;1;59;59412;2;1;2.0;7.0;50.12174993;3.54055408;2024-11-18 08:35:00
202400015656.0;1;59;59523;2;1;1.0;6.0;50.587481;3.16233;2024-11-22 15:25:00
202400015657.0;3;39;39327;1;1;8.0;6.0;46.670368;5.50894;2024-04-21 05:15:00
202400015658.0;3;83;83090;1;1;8.0;2.0;43.12616;5.88301;2024-11-21 18:15:00
202400015659.0;1;25;25524;1;1;2.0;1.0;47.447057;6.652844;2024-04-21 07:40:00
202400015660.0;1;78;78423;1;1;1.0;2.0;48.79823;2.04327;2024-11-20 12:40:00
202400015661.0;1;38;38511;2;1;1.0;6.0;45.358267;5.951961;2024-04-19 07:42:00
202400015662.0;5;78;78118;1;1;1.0;4.0;48.98298;1.68517;2024-11-20 06:49:00
202400015663.0;1;3;3052;1;3;1.0;2.0;46.339043;2.709994;2024-04-19 12:20:00
202400015664.0;1;78;78490;1;1;8.0;3.0;48.800441;1.954982;2024-11-20 07:35:00
202400015665.0;1;1;1243;1;1;1.0;6.0;46.054799;4.768195;2024-04-20 16:20:00
202400015666.0;3;93;93064;1;1;4.0;2.0;48.8791675;2.47634149;2024-11-21 17:50:00
202400015667.0;3;64;64221;2;2;1.0;1.0;43.32004;-0.924297;2024-04-20 23:50:00
202400015668.0;1;93;93066;1;1;1.0;3.0;48.92253435;2.35702102;2024-11-21 09:55:00
202400015669.0;3;93;93078;1;1;1.0;6.0;48.96300436;2.52239723;2024-11-20 05:40:00
202400015670.0;5;21;21713;2;1;8.0;6.0;47.295357;5.395957;2024-04-20 05:30:00
202400015671.0;1;85;85026;1;2;1.0;2.0;46.567471;-1.47886;2024-04-20 17:00:00
202400015672.0;3;93;93078;1;1;1.0;5.0;48.96742731;2.51064901;2024-11-20 07:05:00
202400015673.0;1;17;17022;1;1;1.0;3.0;45.90636;-0.503097;2024-04-16 15:43:00
202400015674.0;1;95;95018;1;1;2.0;2.0;48.95676;2.27648;2024-11-19 08:30:00
202400015675.0;3;93;93007;1;1;2.0;2.0;48.94359133;2.43603045;2024-11-18 17:15:00
202400015676.0;1;8;8419;1;1;1.0;1.0;49.736477;4.384081;2024-04-21 11:45:00
202400015677.0;1;95;95582;1;1;2.0;3.0;48.96462384;2.26965306;2024-11-18 08:30:00
202400015678.0;1;974;97413;1;1;1.0;1.0;-21.151135;55.277721;2024-04-21 08:50:00
202400015679.0;1;95;95277;1;1;2.0;4.0;48.98076493;2.49856141;2024-11-18 09:53:00
202400015680.0;3;34;34159;1;9;1.0;1.0;43.52009;3.809745;2024-04-20 23:44:00
202400015681.0;1;35;35275;1;1;1.0;5.0;48.138746;-1.871409;2024-04-18 17:40:00
202400015682.0;3;77;77146;1;1;1.0;4.0;48.8324637;2.65688229;2024-11-20 18:40:00
202400015683.0;3;45;45154;1;1;8.0;7.0;48.013642;1.84437;2024-04-20 04:10:00
202400015684.0;1;34;34172;2;1;1.0;7.0;43.620617;3.833622;2024-08-09 12:00:00
202400015685.0;5;78;78537;1;1;1.0;6.0;48.553184;1.930394;2024-04-21 02:10:00
202400015686.0;1;14;14118;2;3;1.0;3.0;49.19247;-0.37489;2024-07-22 08:40:00
202400015687.0;1;34;34213;1;1;1.0;2.0;43.496936;3.691947;2024-04-20 14:10:00
202400015688.0;1;84;84133;2;1;1.0;3.0;43.721626;5.542173;2024-06-25 08:20:00
202400015689.0;1;83;83023;2;6;1.0;3.0;43.40972;6.062669;2024-04-20 14:15:00
202400015690.0;1;84;84080;1;3;1.0;3.0;44.00765;4.98313;2024-07-31 11:50:00
202400015691.0;1;84;84081;2;6;1.0;3.0;43.939702;4.903078;2024-07-18 13:30:00
202400015692.0;1;13;13041;1;1;1.0;1.0;43.47083;5.453081;2024-04-14 12:50:00
202400015693.0;3;26;26058;1;1;1.0;7.0;44.979432;4.883337;2024-04-21 04:30:00
202400015694.0;1;84;84031;2;2;1.0;3.0;44.05431;5.0422;2024-07-18 12:10:00
202400015695.0;3;35;35292;1;1;1.0;6.0;48.359821;-1.427128;2024-04-20 22:10:00
202400015696.0;1;60;60469;1;1;1.0;7.0;49.279691;2.223723;2024-04-21 09:00:00
202400015697.0;1;84;84142;1;4;1.0;3.0;43.974271;5.039007;2024-07-02 15:25:00
202400015698.0;1;74;74010;2;1;7.0;3.0;45.90852;6.10406;2024-09-18 15:55:00
202400015699.0;3;74;74281;2;1;1.0;6.0;46.37973;6.48545;2024-08-31 00:53:00
202400015700.0;5;74;74119;2;1;1.0;7.0;46.39847;6.57969;2024-08-26 22:05:00
202400015701.0;3;74;74281;1;1;1.0;7.0;46.36562;6.5053;2024-08-24 22:25:00
202400015702.0;1;91;91161;1;1;1.0;4.0;48.698792;2.313203;2024-04-20 11:55:00
202400015703.0;1;57;57058;2;1;1.0;6.0;49.174848;6.936843;2024-09-01 19:15:00
202400015704.0;1;91;91617;1;1;1.0;2.0;48.63123;2.509;2024-04-20 10:20:00
202400015705.0;1;73;73285;1;1;1.0;6.0;45.64214202;6.84552044;2024-06-19 11:50:00
202400015706.0;3;93;93078;1;1;2.0;6.0;48.9661631;2.51563055;2024-04-20 00:20:00
202400015707.0;5;94;94052;1;1;1.0;6.0;48.83118478;2.4908147;2024-04-19 21:45:00
202400015708.0;1;974;97416;2;9;1.0;3.0;-21.34345;55.46819;2024-11-20 14:20:00
202400015709.0;2;72;72181;1;9;2.0;2.0;47.96284;0.17701;2024-02-19 07:40:00
202400015710.0;1;974;97411;1;1;1.0;7.0;-20.88074;55.43879;2024-11-20 07:15:00
202400015711.0;2;72;72181;2;1;2.0;3.0;48.01793;0.21959;2024-02-19 07:20:00
202400015712.0;5;974;97407;2;1;1.0;6.0;-20.95332;55.29431;2024-11-21 00:30:00
202400015713.0;1;974;97407;1;1;1.0;7.0;-20.9579;55.30922;2024-11-20 18:10:00
202400015714.0;1;54;54257;2;3;1.0;3.0;48.653113;6.207318;2024-02-19 08:08:00
202400015715.0;2;973;97302;2;1;1.0;3.0;4.92889;-52.30023;2024-11-20 18:40:00
202400015716.0;5;49;49353;2;1;1.0;3.0;47.44438;-0.50029;2024-02-19 21:01:00
202400015717.0;1;973;97302;2;3;1.0;3.0;4.93148595;-52.30668747;2024-11-20 10:19:00
202400015718.0;1;49;49007;2;1;1.0;3.0;47.45539;-0.55175;2024-02-19 18:13:00
202400015719.0;1;973;97302;2;1;1.0;3.0;4.93713;-52.3331;2024-11-20 07:25:00
202400015720.0;1;29;29019;2;1;1.0;6.0;48.400287;-4.498505;2024-02-19 08:30:00
202400015721.0;1;6;6069;2;1;1.0;6.0;43.654294;6.918784;2024-02-19 13:00:00
202400015722.0;1;973;97302;2;3;1.0;6.0;4.94058839;-52.32973498;2024-11-20 07:45:00
202400015723.0;1;973;97302;2;1;1.0;3.0;4.92340261;-52.31251931;2024-11-19 17:05:00
202400015724.0;1;973;97302;2;1;1.0;2.0;4.94422;-52.30927;2024-11-19 13:00:00
202400015725.0;1;6;6069;2;1;1.0;6.0;43.65667;6.92014;2024-02-18 16:20:00
202400015726.0;1;973;97302;2;1;1.0;7.0;4.94008601;-52.33181906;2024-11-19 08:40:00
202400015727.0;1;973;97302;2;1;1.0;3.0;4.93526401;-52.31248882;2024-11-19 08:00:00
202400015728.0;1;972;97213;1;1;8.0;2.0;14.635822;-61.008573;2024-11-20 10:15:00
202400015729.0;5;6;6069;2;1;1.0;6.0;43.63523;6.95167;2024-02-18 06:00:00
202400015730.0;5;972;97209;1;1;1.0;3.0;14.616;-61.042;2024-11-19 18:10:00
202400015731.0;5;95;95219;2;1;2.0;6.0;48.98179112;2.24658125;2024-11-20 18:20:00
202400015732.0;1;95;95598;2;4;1.0;3.0;48.98217055;2.30078638;2024-11-20 09:45:00
202400015733.0;3;75;75116;2;1;1.0;1.0;48.86276;2.231057;2024-02-15 18:40:00
202400015734.0;1;95;95428;2;3;2.0;3.0;48.97541322;2.3171494;2024-11-19 14:30:00
202400015735.0;5;95;95500;2;1;2.0;6.0;49.05315109;2.09471068;2024-11-18 18:00:00
202400015736.0;1;988;98818;2;6;8.0;2.0;-22.24526;166.46803;2024-04-19 10:15:00
202400015737.0;1;987;98735;1;1;1.0;3.0;-17.5298;-149.555;2024-04-19 08:00:00
202400015738.0;1;974;97411;2;1;1.0;2.0;-20.8805;55.45743;2024-04-19 13:55:00
202400015739.0;3;974;97409;1;1;3.0;5.0;-20.94217753;55.64726615;2024-04-19 21:25:00
202400015740.0;5;973;97302;2;1;2.0;2.0;4.91792;-52.32141;2024-04-08 21:20:00
202400015741.0;1;973;97302;2;1;1.0;6.0;4.92352;-52.31252;2024-04-08 17:18:00
202400015742.0;1;973;97302;2;2;1.0;3.0;4.914461;-52.3209098;2024-04-19 10:45:00
202400015743.0;1;69;69388;2;2;1.0;5.0;45.73115331;4.86637055;2024-04-19 19:40:00
202400015744.0;1;69;69383;2;1;8.0;3.0;45.7443083;4.87489293;2024-02-17 10:35:00
202400015745.0;5;972;97213;1;1;1.0;6.0;14.67516;-60.99025;2024-04-18 04:05:00
202400015746.0;1;972;97209;2;1;1.0;6.0;14.62291;-61.05905;2024-04-18 14:10:00
202400015747.0;5;972;97209;2;1;1.0;3.0;14.63087;-61.06124;2024-04-17 22:00:00
202400015748.0;5;69;69034;2;1;1.0;3.0;45.79432;4.83166;2024-04-19 21:15:00
202400015749.0;1;2B;2B033;1;1;1.0;6.0;42.4132;9.255;2024-04-19 14:20:00
202400015750.0;5;91;91425;2;1;1.0;1.0;48.63896;2.25581;2024-04-18 22:02:00
202400015751.0;5;91;91433;1;6;1.0;7.0;48.45827;2.17647;2024-04-19 04:30:00
202400015752.0;1;87;87085;2;3;1.0;7.0;45.83231;1.25522;2024-04-18 12:12:00
202400015753.0;1;87;87085;2;2;1.0;3.0;45.81859;1.25205;2024-04-16 18:25:00
202400015754.0;1;87;87085;2;1;1.0;3.0;45.82154;1.2418;2024-04-16 16:02:00
202400015755.0;1;87;87085;1;1;1.0;6.0;45.83216;1.1976;2024-04-16 13:35:00
202400015756.0;1;83;83137;2;2;1.0;3.0;43.12517935;5.93103486;2024-04-17 09:15:00
202400015757.0;5;83;83118;2;1;6.0;6.0;43.42251;6.76591;2024-04-15 23:25:00
202400015758.0;1;82;82033;1;4;1.0;3.0;44.07342;1.1744;2024-04-19 13:29:00
202400015759.0;1;81;81065;2;1;1.0;6.0;43.59769;2.26886;2024-04-19 17:00:00
202400015760.0;2;78;78646;2;4;1.0;7.0;48.79042;2.15455;2024-01-22 18:00:00
202400015761.0;1;78;78650;2;1;1.0;6.0;48.891642;2.147609;2024-04-19 12:50:00
202400015762.0;1;78;78440;2;1;2.0;6.0;48.973105;1.910399;2024-04-19 15:30:00
202400015763.0;1;77;77058;2;1;1.0;3.0;48.83510386;2.71018392;2024-04-19 13:20:00
202400015764.0;1;76;76540;2;2;1.0;3.0;49.44532;1.0887;2024-04-19 18:40:00
202400015765.0;5;76;76351;2;2;1.0;3.0;49.50221;0.18453;2024-04-19 00:45:00
202400015766.0;1;76;76565;2;6;1.0;3.0;49.89523339;1.07758284;2024-04-19 11:40:00
202400015767.0;1;72;72181;2;6;7.0;6.0;47.97838;0.21288;2024-04-18 16:15:00
202400015768.0;5;71;71076;2;2;1.0;3.0;46.77492;4.83682;2024-04-19 21:32:00
202400015769.0;1;69;69266;2;1;1.0;6.0;45.74947172;4.91361603;2024-04-19 17:10:00
202400015770.0;3;69;69290;2;2;1.0;1.0;45.70736;4.98659;2024-04-19 21:44:00
202400015771.0;1;69;69290;2;3;1.0;6.0;45.70797504;4.91916726;2024-04-18 18:15:00
202400015772.0;1;67;67482;2;3;1.0;3.0;48.57723;7.78559;2024-04-18 16:15:00
202400015773.0;3;67;67180;1;9;1.0;7.0;48.79203;7.74835;2024-04-19 00:30:00
202400015774.0;1;66;66136;2;1;1.0;6.0;42.70097;2.9376;2024-04-19 17:30:00
202400015775.0;1;66;66136;2;3;1.0;6.0;42.70952;2.89062;2024-04-19 10:50:00
202400015776.0;4;65;65226;1;1;1.0;4.0;43.24039754;0.01823524;2024-04-19 00:44:00
202400015777.0;1;64;64122;2;1;1.0;2.0;43.485205;-1.55259;2024-04-18 16:10:00
202400015778.0;1;63;63075;2;1;1.0;2.0;45.7791;3.06679;2024-04-19 09:50:00
202400015779.0;1;62;62250;2;1;1.0;3.0;50.45139663;2.9399415;2024-02-13 07:10:00
202400015780.0;2;62;62193;2;6;7.0;3.0;50.94589;1.83828;2024-04-19 20:15:00
202400015781.0;1;62;62099;2;1;8.0;6.0;50.26257;2.78516;2024-04-19 13:30:00
202400015782.0;1;60;60159;1;1;1.0;6.0;49.39634;2.89563;2024-04-18 17:45:00
202400015783.0;1;974;97411;1;9;1.0;6.0;-20.90195;55.4437;2024-12-26 08:00:00
202400015784.0;2;59;59350;2;7;8.0;6.0;50.63477;3.06441;2024-04-19 08:15:00
202400015785.0;3;973;97302;2;1;2.0;6.0;4.9368;-52.31479;2024-12-26 19:00:00
202400015786.0;1;58;58194;2;1;1.0;2.0;46.98749;3.13946;2024-04-17 17:45:00
202400015787.0;1;69;69383;2;1;1.0;3.0;45.7481;4.88028;2024-12-26 15:00:00
202400015788.0;1;56;56098;1;1;1.0;6.0;47.783642;-3.338889;2024-04-18 12:10:00
202400015789.0;2;69;69202;2;1;1.0;3.0;45.72843;4.78022;2024-12-25 16:40:00
202400015790.0;1;54;54526;2;1;3.0;4.0;48.681655;6.215925;2024-04-19 16:55:00
202400015791.0;5;91;91514;2;9;2.0;3.0;48.68295;2.53696;2024-12-25 18:30:00
202400015792.0;5;54;54304;2;1;1.0;6.0;48.70046;6.135154;2024-04-19 06:30:00
202400015793.0;1;16;16292;2;6;1.0;2.0;46.029683;0.197142;2024-08-31 11:45:00
202400015794.0;1;87;87085;2;1;1.0;7.0;45.83169;1.25785;2024-12-25 15:28:00
202400015795.0;1;54;54482;2;1;1.0;6.0;48.70385;6.21005;2024-04-18 17:55:00
202400015796.0;1;16;16206;2;6;9.0;7.0;45.876729;0.164537;2024-09-11 13:24:00
202400015797.0;1;86;86214;2;2;2.0;3.0;46.564859;0.356738;2024-12-25 12:30:00
202400015798.0;1;54;54395;2;2;1.0;6.0;48.68417;6.18837;2024-04-18 17:35:00
202400015799.0;1;83;83137;2;1;1.0;2.0;43.12650434;5.92554402;2024-12-26 11:30:00
202400015800.0;1;54;54395;2;2;1.0;3.0;48.68684761;6.18539929;2024-04-18 15:00:00
202400015801.0;1;52;52227;1;1;3.0;1.0;48.183768;5.619593;2024-09-11 10:10:00
202400015802.0;1;82;82121;1;1;1.0;3.0;44.03583;1.40189;2024-12-26 10:10:00
202400015803.0;1;54;54395;2;2;1.0;6.0;48.69047;6.18129;2024-04-18 15:30:00
202400015804.0;2;82;82033;1;1;1.0;6.0;44.03418843;1.17758739;2024-12-26 18:20:00
202400015805.0;3;62;62360;1;6;1.0;6.0;50.90261762;1.81716371;2024-09-02 23:17:00
202400015806.0;5;81;81004;2;1;1.0;7.0;43.924476;2.147791;2024-12-26 21:00:00
202400015807.0;1;54;54280;2;2;2.0;3.0;49.22681;6.01257;2024-04-19 10:45:00
202400015808.0;1;81;81004;2;1;1.0;6.0;43.942735;2.15897;2024-12-26 16:35:00
202400015809.0;1;78;78481;2;2;1.0;1.0;48.90393;2.11506;2024-12-26 12:20:00
202400015810.0;1;50;50218;2;1;1.0;2.0;48.83757;-1.54352;2024-04-19 11:25:00
202400015811.0;1;31;31033;1;1;1.0;3.0;43.375265;1.445915;2024-09-10 15:00:00
202400015812.0;3;72;72363;1;1;1.0;6.0;48.101544;0.539999;2024-09-10 03:10:00
202400015813.0;1;76;76351;2;2;2.0;6.0;49.49078;0.11653;2024-12-24 15:30:00
202400015814.0;1;49;49328;1;1;1.0;6.0;47.2886;-0.04523;2024-04-18 18:15:00
202400015815.0;5;72;72181;2;2;1.0;3.0;48.00802;0.20766;2024-12-26 23:15:00
202400015816.0;1;49;49007;2;2;1.0;3.0;47.47985;-0.52668;2024-04-18 18:15:00
202400015817.0;5;69;69266;2;1;1.0;6.0;45.77368;4.86719;2024-12-26 19:20:00
202400015818.0;1;47;47323;1;1;1.0;7.0;44.4141;0.75214;2024-04-19 10:05:00
202400015819.0;1;66;66136;1;1;1.0;6.0;42.70803661;2.91120529;2024-12-25 13:15:00
202400015820.0;1;43;43041;2;9;1.0;3.0;45.04967794;3.91029036;2024-04-19 13:45:00
202400015821.0;1;66;66136;2;9;1.0;6.0;42.70285;2.90968;2024-12-25 12:15:00
202400015822.0;2;62;62193;2;1;2.0;2.0;50.93553;1.89076;2024-12-26 09:15:00
202400015823.0;1;39;39150;2;1;1.0;3.0;47.066511;5.459103;2024-04-18 17:15:00
202400015824.0;1;84;84087;1;1;1.0;5.0;44.145446;4.775834;2024-09-06 13:20:00
202400015825.0;1;38;38421;2;1;1.0;2.0;45.18314;5.75687;2024-04-19 18:39:00
202400015826.0;5;62;62178;2;2;1.0;3.0;50.47747;2.54417;2024-12-25 19:33:00
202400015827.0;5;77;77001;1;1;1.0;6.0;48.361708;2.57379;2024-09-10 23:40:00
202400015828.0;1;37;37261;2;3;1.0;3.0;47.39173;0.6987;2024-04-17 10:10:00
202400015829.0;1;33;33165;2;1;1.0;3.0;44.824978;-0.438797;2024-09-10 14:45:00
202400015830.0;5;62;62516;2;2;2.0;3.0;50.5474;2.49148;2024-12-20 22:15:00
202400015831.0;1;37;37261;2;3;1.0;3.0;47.3673;0.70015;2024-04-18 08:40:00
202400015832.0;1;56;56260;1;1;1.0;3.0;47.666132;-2.726396;2024-12-26 11:55:00
202400015833.0;3;77;77508;1;1;8.0;2.0;48.792722;2.869459;2024-09-07 22:55:00
202400015834.0;2;49;49328;2;1;1.0;2.0;47.2634;-0.09042;2024-12-12 17:05:00
202400015835.0;1;37;37261;2;1;1.0;3.0;47.39926437;0.67413622;2024-04-12 10:00:00
202400015836.0;3;11;11076;1;1;1.0;6.0;43.298381;1.992195;2024-09-09 04:00:00
202400015837.0;5;49;49328;2;6;1.0;3.0;47.264445;-0.07326;2024-12-06 18:40:00
202400015838.0;3;35;35238;2;2;1.0;3.0;48.11872;-1.68897;2024-04-19 21:30:00
202400015839.0;1;49;49328;2;1;1.0;3.0;47.2469;-0.07713;2024-12-02 10:45:00
202400015840.0;1;34;34057;2;9;1.0;3.0;43.634149;3.906013;2024-09-10 16:17:00
202400015841.0;3;47;47027;1;1;1.0;6.0;44.41557;0.65932;2024-12-26 21:00:00
202400015842.0;1;34;34172;2;3;1.0;3.0;43.60317;3.89839;2024-04-19 19:30:00
202400015843.0;5;40;40192;2;1;1.0;2.0;43.87616;-0.47239;2024-12-23 19:00:00
202400015844.0;5;84;84003;2;2;1.0;3.0;43.873767;5.397173;2024-09-10 20:54:00
202400015845.0;1;33;33318;2;3;1.0;3.0;44.79993;-0.67244;2024-12-25 16:45:00
202400015846.0;1;15;15014;2;1;1.0;7.0;44.935704;2.452797;2024-12-26 16:40:00
202400015847.0;1;33;33063;2;2;1.0;3.0;44.85368;-0.59331;2024-04-19 09:40:00
202400015848.0;1;83;83042;1;1;1.0;6.0;43.256174;6.560168;2024-09-10 18:00:00
202400015849.0;1;14;14118;2;2;1.0;5.0;49.21102;-0.36311;2024-12-26 13:25:00
202400015850.0;1;31;31555;2;1;1.0;3.0;43.55033;1.41714;2024-04-19 14:45:00
202400015851.0;1;69;69243;2;2;2.0;6.0;45.895551;4.432307;2024-09-09 09:30:00
202400015852.0;1;13;13108;1;2;1.0;3.0;43.80514;4.71275;2024-12-24 17:45:00
202400015853.0;1;31;31555;1;1;1.0;4.0;43.56843;1.419615;2024-04-18 18:22:00
202400015854.0;1;30;30032;1;3;1.0;3.0;43.79347;4.58858;2024-12-17 17:15:00
202400015855.0;1;17;17385;1;3;8.0;3.0;45.924043;-1.33338;2024-09-09 11:30:00
202400015856.0;1;29;29019;2;3;1.0;3.0;48.421056;-4.463846;2024-04-19 18:20:00
202400015857.0;3;13;13039;2;1;1.0;7.0;43.46271;4.92329;2024-12-26 20:00:00
202400015858.0;1;33;33240;2;2;1.0;2.0;45.300698;-0.940967;2024-09-04 16:00:00
202400015859.0;5;29;29019;2;3;1.0;4.0;48.403536;-4.484338;2024-04-17 05:35:00