Num_Acc;lum;departement;commune;agglomeration;intersection;meteo;type_collision;lat;long;date
202400015860.0;1;13;13208;2;1;1.0;5.0;43.27507;5.38477;2024-12-26 12:00:00
202400015861.0;1;13;13208;2;9;1.0;6.0;43.2791;5.38715;2024-12-26 11:52:00
202400015862.0;1;27;27681;2;1;1.0;2.0;49.086368;1.474449;2024-02-17 15:20:00
202400015863.0;1;33;33422;2;6;1.0;3.0;44.809559;-0.775389;2024-08-26 08:30:00
202400015864.0;1;25;25056;2;3;2.0;3.0;47.24967;6.02458;2024-04-19 17:10:00
202400015865.0;5;11;11069;2;1;1.0;3.0;43.22877;2.34607;2024-12-26 18:20:00
202400015866.0;5;18;18279;2;1;1.0;6.0;47.22255;2.07857;2024-04-19 21:30:00
202400015867.0;2;6;6029;2;1;7.0;6.0;43.54013;6.95864;2024-12-25 16:00:00
202400015868.0;1;27;27242;1;2;2.0;3.0;48.928435;0.801358;2024-09-09 13:30:00
202400015869.0;1;14;14118;2;3;8.0;3.0;49.167025;-0.336443;2024-04-17 20:50:00
202400015870.0;2;6;6027;2;1;1.0;6.0;43.65177;7.15356;2024-12-25 17:00:00
202400015871.0;3;59;59652;1;1;1.0;7.0;50.279983;3.294021;2024-09-07 23:15:00
202400015872.0;1;75;75116;2;1;2.0;2.0;48.875126;2.276671;2024-12-25 10:00:00
202400015873.0;1;30;30032;1;2;1.0;3.0;43.80154;4.61458;2024-04-17 17:00:00
202400015874.0;1;13;13210;1;1;1.0;2.0;43.28458;5.40579;2024-09-09 08:15:00
202400015875.0;1;75;75120;2;1;2.0;6.0;48.862608;2.413553;2024-12-25 10:00:00
202400015876.0;5;13;13201;2;2;1.0;6.0;43.29646;5.37777;2024-04-20 00:30:00
202400015877.0;1;91;91363;1;1;1.0;3.0;48.667149;2.1914;2024-09-10 18:10:00
202400015878.0;1;75;75112;2;1;1.0;4.0;48.828074;2.396298;2024-12-26 12:35:00
202400015879.0;1;13;13001;2;3;1.0;3.0;43.52146;5.42041;2024-04-19 12:20:00
202400015880.0;5;75;75116;2;1;1.0;6.0;48.843213;2.254373;2024-12-23 06:24:00
202400015881.0;1;92;92019;1;1;1.0;4.0;48.77230954;2.24280014;2024-09-10 18:47:00
202400015882.0;1;11;11262;2;6;1.0;3.0;43.18568;2.98271;2024-04-07 11:46:00
202400015883.0;5;75;75116;2;3;1.0;6.0;48.85116;2.278782;2024-12-25 16:50:00
202400015884.0;1;6;6069;2;1;1.0;6.0;43.64445;6.94334;2024-04-16 16:05:00
202400015885.0;1;75;75112;2;1;1.0;2.0;48.828334;2.388435;2024-12-26 13:45:00
202400015886.0;1;78;78466;1;1;7.0;4.0;48.928354;1.989032;2024-09-10 08:35:00
202400015887.0;1;75;75116;2;1;1.0;2.0;48.85464;2.254711;2024-04-18 18:00:00
202400015888.0;5;75;75112;2;3;1.0;3.0;48.84774;2.377121;2024-12-26 02:08:00
202400015889.0;5;75;75112;2;3;1.0;7.0;48.834256;2.404762;2024-04-18 00:21:00
202400015890.0;2;92;92036;1;1;1.0;4.0;48.91826484;2.30736786;2024-09-09 20:03:00
202400015891.0;1;75;75105;2;7;2.0;3.0;48.847297;2.340756;2024-04-19 15:05:00
202400015892.0;5;75;75111;2;2;1.0;4.0;48.850366;2.392662;2024-12-26 20:40:00
202400015893.0;1;78;78158;1;1;2.0;3.0;48.83477;2.13215;2024-09-09 08:40:00
202400015894.0;1;75;75119;2;1;1.0;3.0;48.890475;2.395948;2024-04-19 08:57:00
202400015895.0;1;95;95151;1;1;1.0;6.0;49.06452185;2.26275423;2024-09-10 16:25:00
202400015896.0;1;75;75111;2;2;1.0;3.0;48.86212;2.372836;2024-12-26 11:55:00
202400015897.0;2;75;75108;2;1;1.0;3.0;48.876271;2.323595;2024-12-26 18:30:00
202400015898.0;1;75;75116;2;3;1.0;2.0;48.875116;2.284039;2024-04-18 15:20:00
202400015899.0;1;92;92036;1;1;1.0;4.0;48.93551602;2.30140548;2024-09-10 11:50:00
202400015900.0;5;6;6161;2;2;1.0;3.0;43.647085;7.1365;2024-02-01 22:30:00
202400015901.0;1;75;75114;2;3;1.0;7.0;48.83165;2.340878;2024-04-19 09:00:00
202400015902.0;5;75;75116;2;7;1.0;2.0;48.874042;2.294207;2024-12-26 00:45:00
202400015903.0;1;75;75114;2;3;1.0;7.0;48.83145;2.31564;2024-04-18 14:55:00
202400015904.0;1;93;93005;1;1;1.0;2.0;48.94503017;2.47686505;2024-09-09 08:10:00
202400015905.0;2;31;31445;2;9;1.0;3.0;43.586404;1.543587;2024-02-02 07:35:00
202400015906.0;5;94;94078;2;2;2.0;3.0;48.738781;2.449601;2024-12-26 07:45:00
202400015907.0;3;972;97223;1;1;1.0;7.0;14.565905;-60.923971;2024-01-28 20:30:00
202400015908.0;3;95;95241;1;1;9.0;6.0;49.04537416;2.47585733;2024-09-09 03:30:00
202400015909.0;1;75;75113;2;3;2.0;2.0;48.822141;2.342091;2024-04-19 17:10:00
202400015910.0;4;92;92036;1;1;1.0;6.0;48.93904803;2.29437724;2024-09-09 05:00:00
202400015911.0;1;94;94068;2;2;8.0;3.0;48.80762011;2.50584465;2024-12-25 12:50:00
202400015912.0;3;92;92078;1;1;8.0;6.0;48.92830843;2.33162459;2024-09-09 01:50:00
202400015913.0;1;63;63171;1;2;1.0;3.0;46.067306;2.775325;2024-02-02 14:30:00
202400015914.0;5;75;75108;2;2;9.0;3.0;48.87392;2.315891;2024-04-19 21:34:00
202400015915.0;1;94;94058;2;1;1.0;6.0;48.84085;2.4979;2024-12-26 12:00:00
202400015916.0;1;77;77059;1;1;1.0;2.0;48.846714;2.662296;2024-09-10 11:30:00
202400015917.0;1;75;75103;2;3;3.0;2.0;48.861393;2.367077;2024-04-19 18:30:00
202400015918.0;1;94;94076;2;1;1.0;3.0;48.79530733;2.35441196;2024-12-26 16:00:00
202400015919.0;3;77;77169;1;1;1.0;6.0;48.815734;2.623688;2024-09-09 22:45:00
202400015920.0;5;94;94041;2;1;1.0;3.0;48.81761;2.39863;2024-12-26 22:40:00
202400015921.0;1;75;75104;2;1;1.0;5.0;48.850025;2.366865;2024-04-18 16:10:00
202400015922.0;5;94;94079;2;3;1.0;6.0;48.82039;2.55671;2024-12-26 18:30:00
202400015923.0;1;93;93051;1;1;2.0;5.0;48.83548969;2.56663434;2024-09-09 18:50:00
202400015924.0;1;94;94067;2;5;7.0;3.0;48.846444;2.417752;2024-04-17 10:51:00
202400015925.0;5;94;94002;2;1;2.0;6.0;48.77663;2.4282;2024-12-26 00:45:00
202400015926.0;1;94;94028;1;1;2.0;3.0;48.79983715;2.44627859;2024-09-09 18:00:00
202400015927.0;1;94;94074;2;1;2.0;6.0;48.767195;2.448234;2024-04-19 18:45:00
202400015928.0;5;93;93071;2;4;1.0;6.0;48.92762624;2.51935333;2024-12-26 18:00:00
202400015929.0;1;94;94078;2;3;8.0;6.0;48.741384;2.45229;2024-04-19 17:20:00
202400015930.0;1;94;94017;1;1;2.0;3.0;48.82676199;2.51252339;2024-09-09 15:50:00
202400015931.0;3;94;94073;1;1;2.0;6.0;48.76210053;2.38167667;2024-09-09 04:20:00
202400015932.0;5;93;93078;2;2;1.0;3.0;48.95550513;2.53888285;2024-12-26 20:25:00
202400015933.0;1;94;94028;2;2;1.0;3.0;48.77757;2.4577;2024-04-18 19:50:00
202400015934.0;2;21;21567;1;1;5.0;3.0;47.127467;4.493299;2024-02-02 06:40:00
202400015935.0;3;94;94073;1;1;2.0;6.0;48.768846;2.37919993;2024-09-09 02:00:00
202400015936.0;5;94;94022;2;1;1.0;2.0;48.76616;2.41132;2024-04-19 05:09:00
202400015937.0;3;42;42284;1;1;2.0;6.0;46.096589;3.989657;2024-02-02 00:01:00
202400015938.0;1;93;93046;2;2;1.0;3.0;48.92314;2.5356;2024-12-26 13:15:00
202400015939.0;3;974;97414;1;1;3.0;7.0;-21.253842;55.435343;2024-01-28 22:10:00
202400015940.0;3;93;93015;1;1;2.0;6.0;48.92584;2.58324;2024-12-26 07:16:00
202400015941.0;3;94;94019;2;1;2.0;1.0;48.7909;2.5228;2024-04-19 21:25:00
202400015942.0;1;42;42189;1;1;1.0;4.0;45.431756;4.34701;2024-02-26 16:20:00
202400015943.0;1;26;26010;2;1;1.0;3.0;45.273485;4.887632;2024-02-01 17:15:00
202400015944.0;1;93;93001;2;1;1.0;7.0;48.9139932;2.3829512;2024-12-26 10:00:00
202400015945.0;1;44;44109;2;6;1.0;3.0;47.25531377;-1.52999753;2024-09-05 13:46:00
202400015946.0;1;94;94059;2;6;2.0;2.0;48.80659;2.58795;2024-04-19 17:50:00
202400015947.0;1;63;63241;1;9;1.0;2.0;45.62171742;3.19750467;2024-01-31 12:30:00
202400015948.0;5;92;92078;2;9;1.0;3.0;48.92556;2.33042;2024-12-26 18:50:00
202400015949.0;1;62;62198;2;1;1.0;1.0;50.37916;2.613835;2024-02-02 12:00:00
202400015950.0;5;42;42218;2;2;1.0;1.0;45.427636;4.383745;2024-01-05 06:10:00
202400015951.0;1;92;92024;2;1;1.0;2.0;48.91024;2.31287;2024-12-26 12:27:00
202400015952.0;5;94;94017;2;2;2.0;3.0;48.81342;2.51126;2024-04-19 21:30:00
202400015953.0;3;79;79066;1;6;1.0;7.0;46.468355;-0.368042;2024-02-02 05:45:00
202400015954.0;1;38;38487;2;1;1.0;3.0;45.5469;4.86491;2024-05-19 14:57:00
202400015955.0;5;92;92023;2;3;1.0;6.0;48.78676195;2.24521413;2024-12-26 19:00:00
202400015956.0;1;2B;2B319;1;1;1.0;5.0;42.425555;9.527496;2024-02-02 08:50:00
202400015957.0;3;38;38317;1;1;1.0;2.0;45.12978;5.69096;2024-05-13 04:45:00
202400015958.0;5;92;92023;2;1;1.0;6.0;48.79201058;2.26398155;2024-12-25 17:50:00
202400015959.0;1;33;33424;1;1;1.0;7.0;45.106981;-0.886658;2024-02-02 12:44:00
202400015960.0;1;94;94002;2;3;1.0;4.0;48.8116;2.41074;2024-04-18 12:35:00
202400015961.0;2;44;44162;2;1;1.0;6.0;47.20708898;-1.65979657;2024-09-05 08:30:00
202400015962.0;2;47;47164;1;1;5.0;1.0;44.673299;0.704488;2024-12-24 08:15:00
202400015963.0;1;71;71340;1;1;1.0;1.0;46.54645293;4.17617562;2024-02-02 11:50:00
202400015964.0;1;93;93078;2;2;1.0;1.0;48.95145;2.52713;2024-04-19 08:40:00
202400015965.0;1;66;66136;2;1;1.0;3.0;42.69126;2.90775;2024-06-29 18:30:00
202400015966.0;1;71;71316;1;1;1.0;6.0;46.320793;4.412041;2024-01-29 16:30:00
202400015967.0;5;83;83058;2;6;1.0;2.0;43.53505208;6.39882687;2024-12-23 18:20:00
202400015968.0;5;93;93072;2;1;9.0;1.0;48.957316;2.377668;2024-04-19 21:25:00
202400015969.0;5;63;63295;2;1;1.0;1.0;46.01575806;3.35461468;2024-02-02 20:30:00
202400015970.0;1;66;66136;2;3;1.0;3.0;42.70307;2.8973;2024-06-28 08:50:00
202400015971.0;1;84;84142;1;2;1.0;2.0;43.97089;5.020269;2024-12-23 10:50:00
202400015972.0;1;61;61474;1;1;2.0;7.0;48.782987;0.049754;2024-02-01 13:50:00
202400015973.0;1;93;93072;2;3;8.0;3.0;48.946734;2.386531;2024-04-18 09:45:00
202400015974.0;2;44;44109;2;6;1.0;6.0;47.25010396;-1.51937661;2024-09-04 07:00:00
202400015975.0;3;46;46311;1;1;5.0;1.0;44.89109887;2.02870117;2024-02-01 18:10:00
202400015976.0;2;42;42032;1;1;1.0;6.0;45.526521;4.535556;2024-12-18 07:30:00
202400015977.0;1;93;93005;2;1;1.0;6.0;48.948933;2.51286;2024-04-19 13:00:00
202400015978.0;1;44;44143;2;1;1.0;6.0;47.17334896;-1.52506222;2024-09-03 18:30:00
202400015979.0;2;68;68240;2;1;1.0;2.0;47.56827;7.29441;2024-02-01 19:05:00
202400015980.0;1;93;93070;2;5;2.0;3.0;48.906639;2.332028;2024-04-19 19:47:00
202400015981.0;3;25;25233;1;1;1.0;6.0;47.152544;6.299661;2024-02-02 01:30:00
202400015982.0;1;44;44162;2;6;1.0;3.0;47.23295644;-1.62833461;2024-09-03 09:05:00
202400015983.0;1;83;83116;2;1;1.0;2.0;43.458651;5.862453;2024-12-18 10:30:00
202400015984.0;2;29;29192;1;1;7.0;6.0;48.685699;-4.031287;2024-01-26 17:45:00
202400015985.0;5;83;83116;2;1;1.0;6.0;43.453227;5.862108;2024-12-21 20:20:00
202400015986.0;1;93;93057;2;3;1.0;3.0;48.91127;2.49131;2024-04-18 19:30:00
202400015987.0;1;44;44114;1;1;1.0;2.0;47.26250396;-1.61006184;2024-09-03 09:00:00
202400015988.0;5;38;38431;2;1;1.0;7.0;45.257365;5.844818;2024-01-26 20:50:00
202400015989.0;1;92;92048;2;2;1.0;6.0;48.81220084;2.21463472;2024-04-18 17:11:00
202400015990.0;1;1;1348;1;1;1.0;7.0;46.162304;4.833218;2024-01-30 16:15:00
202400015991.0;1;93;93066;2;1;2.0;6.0;48.94068873;2.37297885;2024-09-07 15:04:00
202400015992.0;1;19;19259;1;1;1.0;5.0;45.04714218;1.98906041;2024-12-23 09:00:00
202400015993.0;1;92;92022;2;1;8.0;6.0;48.81036;2.19248;2024-04-18 08:55:00
202400015994.0;1;66;66149;1;1;1.0;6.0;42.622978;2.44029;2024-02-02 08:10:00
202400015995.0;1;81;81065;2;1;1.0;6.0;43.62837;2.2631187;2024-09-06 15:30:00
202400015996.0;1;65;65161;1;1;8.0;1.0;43.334828;0.130752;2024-12-23 09:35:00
202400015997.0;1;92;92025;2;2;3.0;3.0;48.90894366;2.23660426;2024-04-19 19:00:00
202400015998.0;1;54;54368;1;2;1.0;3.0;48.534425;6.762815;2024-02-02 10:44:00
202400015999.0;1;44;44109;2;6;1.0;3.0;47.23311311;-1.55645031;2024-09-02 09:20:00
202400016000.0;3;33;33144;1;1;5.0;6.0;44.379177;-0.161684;2024-12-25 18:56:00
202400016001.0;1;92;92024;2;3;1.0;2.0;48.90368255;2.31884909;2024-04-19 08:18:00
202400016002.0;1;50;50550;1;1;1.0;1.0;49.14525;-1.365867;2024-02-01 17:34:00
202400016003.0;1;14;14036;1;1;1.0;7.0;49.170331;-0.216105;2024-05-30 09:45:00
202400016004.0;1;61;61091;1;2;1.0;3.0;48.621805;-0.576505;2024-12-27 12:50:00
202400016005.0;1;92;92012;2;2;1.0;3.0;48.8361678;2.23662955;2024-04-19 13:40:00
202400016006.0;1;92;92007;2;1;1.0;6.0;48.8068498;2.32592118;2024-04-19 08:20:00
202400016007.0;1;50;50433;1;2;1.0;3.0;49.627128;-1.260381;2024-02-02 12:30:00
202400016008.0;1;57;57647;2;3;1.0;3.0;49.31983;6.08549;2024-07-11 08:30:00
202400016009.0;3;68;68060;1;1;5.0;6.0;47.742303;7.148194;2024-12-26 18:25:00
202400016010.0;1;974;97416;1;1;1.0;3.0;-21.29526;55.5094;2024-09-09 08:20:00
202400016011.0;1;60;60368;2;3;1.0;3.0;49.472715;2.865726;2024-02-01 16:30:00
202400016012.0;1;72;72243;1;9;1.0;6.0;47.76269108;0.19827935;2024-04-19 19:50:00
202400016013.0;1;39;39013;2;1;1.0;6.0;46.910363;5.770364;2024-12-27 14:00:00
202400016014.0;3;31;31455;1;1;1.0;7.0;43.27210623;1.19942415;2024-12-26 23:05:00
202400016015.0;1;64;64472;1;1;1.0;1.0;43.371441;-0.316124;2024-02-02 15:50:00
202400016016.0;2;974;97411;2;6;1.0;3.0;-20.90108;55.49678;2024-09-09 18:05:00
202400016017.0;1;59;59594;1;1;8.0;2.0;50.48832;3.433861;2024-04-20 16:35:00
202400016018.0;1;10;10107;1;1;1.0;1.0;48.0719;3.8177;2024-02-02 12:50:00
202400016019.0;5;974;97407;2;1;1.0;2.0;-20.94713;55.29891;2024-09-07 20:00:00
202400016020.0;1;14;14162;1;3;1.0;1.0;48.907883;-0.485684;2024-04-20 11:58:00
202400016021.0;2;16;16120;1;1;8.0;1.0;45.601969;0.26026;2024-02-02 07:45:00
202400016022.0;4;973;97302;2;6;1.0;3.0;4.93931658;-52.31831646;2024-09-09 04:08:00
202400016023.0;3;6;6108;2;1;1.0;1.0;43.5849566;6.9567182;2024-12-27 00:40:00
202400016024.0;1;86;86262;1;1;1.0;1.0;46.407121;0.795843;2024-04-19 19:45:00
202400016025.0;1;7;7172;1;1;1.0;1.0;45.27069034;4.74167659;2024-02-01 16:40:00
202400016026.0;5;973;97302;2;6;1.0;7.0;4.90775;-52.32218;2024-09-08 20:17:00
202400016027.0;2;24;24520;2;3;1.0;6.0;44.88024684;1.21678144;2024-01-25 08:00:00
202400016028.0;3;14;14762;1;4;5.0;7.0;48.863021;-0.833309;2024-12-26 18:45:00
202400016029.0;1;974;97422;1;1;9.0;3.0;-21.2063624;55.59572437;2024-04-20 17:10:00
202400016030.0;1;973;97302;2;2;1.0;3.0;4.93557907;-52.33227172;2024-09-08 11:20:00
202400016031.0;1;4;4049;2;1;1.0;6.0;44.095817;6.010318;2024-02-02 13:15:00
202400016032.0;1;90;90053;2;1;1.0;6.0;47.538539;6.971716;2024-12-27 16:10:00
202400016033.0;1;67;67073;2;2;2.0;3.0;48.270613;7.407622;2024-04-20 09:30:00
202400016034.0;1;69;69388;2;3;9.0;6.0;45.72882;4.86578;2024-09-09 18:25:00
202400016035.0;5;85;85108;2;1;1.0;3.0;46.907048;-1.369624;2024-02-01 18:38:00
202400016036.0;1;60;60509;2;1;1.0;1.0;49.31357058;2.60417497;2024-12-26 14:05:00
202400016037.0;1;972;97209;2;1;1.0;6.0;14.62477;-61.06205;2024-08-27 11:00:00
202400016038.0;1;27;27049;2;1;1.0;1.0;48.945613;0.66168;2024-02-01 15:00:00
202400016039.0;2;60;60541;2;1;5.0;6.0;49.301994;2.689002;2024-12-20 07:39:00
202400016040.0;1;974;97404;1;1;1.0;4.0;-21.258268;55.331936;2024-04-20 09:10:00
202400016041.0;3;972;97209;1;1;3.0;7.0;14.61622;-61.05558;2024-09-08 22:00:00
202400016042.0;2;971;97120;2;1;1.0;6.0;16.24038;-61.53541;2024-09-09 17:55:00
202400016043.0;1;60;60277;2;1;7.0;1.0;49.430239;2.041526;2024-12-20 14:00:00
202400016044.0;1;28;28189;1;2;1.0;3.0;48.22338847;1.80129901;2024-01-31 16:09:00
202400016045.0;1;34;34123;1;1;1.0;5.0;43.62898542;3.77462268;2024-04-19 19:00:00
202400016046.0;2;971;97101;1;1;3.0;6.0;16.25736;-61.52018;2024-09-08 05:20:00
202400016047.0;3;10;10368;1;1;1.0;7.0;48.412931;3.93155;2024-12-26 21:10:00
202400016048.0;3;34;34123;1;1;1.0;6.0;43.621103;3.790498;2024-03-16 00:30:00
202400016049.0;5;17;17434;2;3;2.0;1.0;46.104906;-0.752869;2024-02-01 19:15:00
202400016050.0;5;95;95252;2;9;1.0;3.0;48.97907096;2.23264217;2024-09-09 21:30:00
202400016051.0;3;16;16360;1;1;5.0;6.0;45.455867;-0.130543;2024-12-26 19:00:00
202400016052.0;3;37;37167;1;1;1.0;6.0;47.547219;0.609076;2024-04-19 06:00:00
202400016053.0;1;53;53147;2;1;1.0;6.0;48.290196;-0.619191;2024-12-27 09:15:00
202400016054.0;1;19;19004;1;1;1.0;6.0;45.12547931;1.81262034;2024-04-20 17:04:00
202400016055.0;1;8;8184;1;1;1.0;6.0;49.594359;5.252107;2024-02-01 17:15:00
202400016056.0;1;91;91477;2;2;3.0;3.0;48.72116;2.2514;2024-09-05 09:07:00
202400016057.0;3;18;18279;1;1;5.0;6.0;47.241716;2.043736;2024-02-02 00:35:00
202400016058.0;1;85;85202;1;1;1.0;1.0;46.71336;-1.10234;2024-12-23 17:20:00
202400016059.0;1;89;89464;1;3;8.0;3.0;48.090951;3.296456;2024-04-19 16:35:00
202400016060.0;3;91;91114;1;1;2.0;2.0;48.67749;2.4974;2024-09-09 00:10:00
202400016061.0;1;69;69044;2;1;7.0;6.0;45.772994;4.752654;2024-12-26 10:55:00
202400016062.0;2;33;33527;1;1;1.0;2.0;44.613201;-1.041813;2024-01-30 08:55:00
202400016063.0;1;63;63064;1;1;1.0;1.0;45.8602699;2.47718621;2024-04-19 12:20:00
202400016064.0;1;87;87085;2;1;2.0;7.0;45.83673;1.24305;2024-09-08 17:14:00
202400016065.0;3;17;17463;1;1;5.0;4.0;45.970899;-0.985551;2024-12-27 03:08:00
202400016066.0;1;974;97418;1;1;2.0;5.0;-20.898939;55.521652;2024-02-01 07:15:00
202400016067.0;1;87;87048;1;1;2.0;7.0;45.78309;1.22638;2024-09-08 15:07:00
202400016068.0;1;63;63397;2;2;1.0;6.0;45.606675;2.687675;2024-04-19 18:15:00
202400016069.0;3;38;38332;1;1;1.0;1.0;45.322401;5.490954;2024-12-27 05:40:00
202400016070.0;1;87;87085;2;2;1.0;3.0;45.82121;1.26295;2024-09-08 12:05:00
202400016071.0;5;971;97121;1;1;1.0;5.0;16.187449;-61.775002;2024-01-28 20:15:00
202400016072.0;1;61;61491;1;1;1.0;5.0;48.615806;0.715752;2024-04-18 16:45:00
202400016073.0;3;27;27554;1;1;5.0;2.0;49.082647;1.381662;2024-12-27 00:10:00
202400016074.0;1;61;61369;1;1;1.0;6.0;48.639701;-0.626263;2024-04-20 14:15:00
202400016075.0;1;87;87085;2;1;2.0;6.0;45.83639;1.25393;2024-09-06 17:38:00
202400016076.0;3;34;34145;2;1;1.0;6.0;43.694029;4.130583;2024-02-02 00:01:00
202400016077.0;1;42;42221;2;1;1.0;6.0;45.767119;4.12734;2024-04-19 13:00:00
202400016078.0;5;987;98754;1;1;1.0;1.0;-16.900979;-151.467819;2024-12-25 19:30:00
202400016079.0;5;85;85194;2;6;1.0;6.0;46.51496;-1.75879;2024-09-08 01:10:00
202400016080.0;1;13;13067;2;1;1.0;3.0;43.791815;5.030365;2024-01-31 12:05:00
202400016081.0;1;973;97304;1;1;1.0;7.0;5.125717;-52.731156;2024-12-27 11:08:00
202400016082.0;1;46;46138;1;1;1.0;6.0;44.67917287;1.63177848;2024-04-20 16:00:00
202400016083.0;2;77;77142;2;3;7.0;6.0;48.857173;2.909168;2024-12-27 09:29:00
202400016084.0;2;52;52449;2;1;5.0;3.0;47.833836;5.330011;2024-02-02 08:10:00
202400016085.0;1;83;83137;2;9;1.0;1.0;43.11996;5.88774;2024-09-09 14:45:00
202400016086.0;1;47;47065;2;7;1.0;3.0;44.360721;0.378339;2024-04-17 18:30:00
202400016087.0;1;83;83144;2;1;1.0;6.0;43.134;5.99686;2024-09-09 08:45:00
202400016088.0;1;86;86293;1;1;1.0;6.0;46.4171537;0.248251;2024-04-17 08:48:00
202400016089.0;1;78;78346;2;1;1.0;7.0;48.922487;1.594697;2024-12-27 16:10:00
202400016090.0;3;67;67033;1;9;2.0;4.0;48.761486;7.698774;2024-02-01 18:30:00
202400016091.0;1;83;83123;2;1;1.0;6.0;43.13861;5.77244;2024-08-30 08:30:00
202400016092.0;1;44;44021;1;2;1.0;3.0;47.063749;-1.935611;2024-04-19 19:30:00
202400016093.0;1;73;73157;2;1;1.0;6.0;45.2004493;6.67164311;2024-02-01 16:50:00
202400016094.0;3;2B;2B140;1;1;1.0;1.0;42.495968;9.297175;2024-12-25 21:09:00
202400016095.0;1;81;81018;2;1;2.0;7.0;43.95353;2.22127;2024-09-09 09:00:00
202400016096.0;3;42;42174;1;1;1.0;6.0;45.737773;4.160213;2024-02-02 18:20:00
202400016097.0;1;29;29020;2;1;1.0;6.0;48.09728337;-4.00135569;2024-04-20 12:00:00
202400016098.0;2;80;80021;1;1;2.0;7.0;49.9012;2.23819;2024-09-08 19:10:00
202400016099.0;3;2B;2B199;1;1;1.0;1.0;42.652963;9.043379;2024-12-25 16:50:00
202400016100.0;1;38;38562;2;1;1.0;6.0;45.081854;5.768884;2024-02-01 16:45:00
202400016101.0;1;78;78440;2;1;1.0;3.0;48.97696;1.92057;2024-09-09 20:00:00
202400016102.0;1;34;34033;2;2;1.0;3.0;43.759076;4.077856;2024-12-27 15:35:00
202400016103.0;1;26;26084;1;3;1.0;5.0;45.001643;4.992836;2024-01-31 17:15:00
202400016104.0;1;78;78440;2;1;1.0;6.0;48.97958;1.90766;2024-09-09 15:05:00
202400016105.0;2;34;34058;1;1;1.0;3.0;43.669307;3.969938;2024-12-27 07:50:00
202400016106.0;2;31;31135;2;3;1.0;1.0;43.204832;1.082341;2024-02-02 07:45:00
202400016107.0;1;78;78208;2;1;2.0;3.0;48.79472;1.968;2024-09-09 16:30:00
202400016108.0;1;83;83042;2;1;6.0;6.0;43.245528;6.533223;2024-12-23 14:45:00
202400016109.0;1;16;16232;1;1;1.0;6.0;45.661706;0.310847;2024-02-01 13:40:00
202400016110.0;1;57;57159;2;1;1.0;6.0;49.050045;6.57757;2024-12-27 10:00:00
202400016111.0;5;14;14530;1;6;1.0;3.0;49.239178;-0.26336;2024-02-02 18:35:00
202400016112.0;1;73;73150;1;1;1.0;3.0;45.51587137;6.68580617;2024-12-27 16:30:00
202400016113.0;1;77;77083;2;1;1.0;6.0;48.85088442;2.59099356;2024-09-09 13:50:00
202400016114.0;1;73;73050;1;1;1.0;5.0;45.68276305;5.85111988;2024-12-27 16:20:00
202400016115.0;5;77;77389;1;9;8.0;4.0;48.5178;2.65518;2024-09-09 20:30:00
202400016116.0;3;83;83027;1;1;1.0;5.0;43.20283306;5.73623121;2024-01-31 20:50:00
202400016117.0;5;7;7042;2;1;1.0;3.0;44.377812;4.642931;2024-12-26 18:00:00
202400016118.0;3;91;91553;1;9;1.0;6.0;48.62839;2.48105;2024-02-01 02:28:00
202400016119.0;5;77;77284;2;1;1.0;6.0;48.95766;2.87417;2024-09-09 05:00:00
202400016120.0;5;92;92051;1;1;2.0;6.0;48.87869029;2.27936715;2024-02-01 05:40:00
202400016121.0;2;69;69094;2;1;1.0;6.0;45.745848;4.703012;2024-12-27 17:00:00
202400016122.0;1;76;76351;2;1;2.0;1.0;49.49784054;0.11489511;2024-09-07 10:40:00
202400016123.0;3;78;78165;1;1;1.0;4.0;48.799321;1.99278;2024-01-31 18:55:00
202400016124.0;5;76;76351;2;1;1.0;6.0;49.49981945;0.15871167;2024-09-08 23:40:00
202400016125.0;1;69;69298;2;2;2.0;5.0;45.649225;4.990231;2024-12-23 13:40:00
202400016126.0;5;78;78362;1;1;1.0;4.0;48.976377;1.719695;2024-01-31 07:15:00
202400016127.0;1;44;44215;2;1;1.0;6.0;47.169535;-1.47507;2024-12-26 14:28:00
202400016128.0;1;76;76351;2;3;2.0;3.0;49.48979;0.10987;2024-09-07 10:05:00
202400016129.0;3;95;95572;1;1;1.0;2.0;49.0461075;2.13048003;2024-02-01 18:50:00
202400016130.0;3;44;44026;1;1;2.0;7.0;47.295778;-1.409705;2024-12-26 02:45:00
202400016131.0;5;76;76351;2;6;1.0;6.0;49.48692;0.11456;2024-09-08 01:25:00
202400016132.0;1;93;93010;1;1;1.0;2.0;48.90748049;2.47291995;2024-02-01 16:40:00
202400016133.0;1;80;80545;1;3;1.0;3.0;49.794719;2.557722;2024-12-26 16:15:00
202400016134.0;1;69;69007;1;1;3.0;6.0;45.50134;4.83903;2024-12-22 16:00:00
202400016135.0;1;95;95241;1;1;2.0;3.0;49.04547071;2.4463809;2024-02-01 09:40:00
202400016136.0;1;72;72181;2;9;3.0;6.0;47.97428;0.2425;2024-09-07 17:45:00
202400016137.0;1;69;69259;1;1;1.0;6.0;45.71767316;4.86115975;2024-12-25 13:13:00
202400016138.0;5;95;95527;1;1;1.0;4.0;49.01298285;2.53018495;2024-01-31 19:30:00
202400016139.0;1;69;69276;1;1;1.0;1.0;45.67883;4.85052;2024-09-08 13:00:00
202400016140.0;5;67;67482;2;9;2.0;7.0;48.58945;7.69137;2024-09-08 02:05:00
202400016141.0;2;94;94081;1;1;2.0;5.0;48.77414959;2.40719183;2024-02-01 18:00:00