Num_Acc;lum;departement;commune;agglomeration;intersection;meteo;type_collision;lat;long;date
202400016142.0;1;33;33550;1;1;1.0;2.0;44.782038;-0.583975;2024-12-26 12:05:00
202400016143.0;1;66;66136;2;1;1.0;6.0;42.68125891;2.89425641;2024-09-09 15:10:00
202400016144.0;1;94;94069;1;1;1.0;2.0;48.81739541;2.43812799;2024-01-31 16:15:00
202400016145.0;2;64;64445;2;1;2.0;2.0;43.29264;-0.3601;2024-09-09 19:30:00
202400016146.0;1;91;91064;1;1;1.0;6.0;48.743768;2.19001;2024-12-26 13:55:00
202400016147.0;1;974;97411;2;1;1.0;1.0;-20.91126;55.48583;2024-01-31 18:00:00
202400016148.0;1;64;64445;2;1;1.0;2.0;43.30948;-0.37678;2024-09-09 11:20:00
202400016149.0;1;974;97407;2;9;1.0;3.0;-20.9612;55.3155;2024-01-28 12:15:00
202400016150.0;3;91;91617;1;1;2.0;6.0;48.64163;2.53415;2024-12-26 03:11:00
202400016151.0;4;973;97302;2;6;1.0;7.0;4.92086;-52.3294;2024-01-30 22:20:00
202400016152.0;2;64;64445;2;2;1.0;5.0;43.29831;-0.35835;2024-09-09 07:15:00
202400016153.0;1;69;69388;2;3;1.0;3.0;45.746;4.85928;2024-01-31 13:30:00
202400016154.0;5;64;64102;2;1;2.0;6.0;43.48766;-1.49654;2024-09-09 22:10:00
202400016155.0;3;91;91235;1;1;1.0;4.0;48.62583;2.35606;2024-12-25 22:07:00
202400016156.0;1;69;69142;2;1;1.0;3.0;45.72789;4.81615;2024-01-31 12:30:00
202400016157.0;1;64;64102;2;1;2.0;2.0;43.48706;-1.46277;2024-09-09 18:00:00
202400016158.0;1;69;69389;2;2;1.0;6.0;45.77222;4.80543;2024-01-31 13:45:00
202400016159.0;1;93;93064;1;1;1.0;2.0;48.87263328;2.48072602;2024-12-26 16:55:00
202400016160.0;5;63;63300;2;2;1.0;3.0;45.89096;3.11027;2024-09-08 21:30:00
202400016161.0;5;2A;2A004;2;9;1.0;2.0;41.94523;8.75846;2024-01-31 19:40:00
202400016162.0;1;60;60057;2;1;1.0;6.0;49.42547938;2.08417827;2024-09-07 16:30:00
202400016163.0;1;2A;2A004;2;6;1.0;6.0;41.94178;8.74988;2024-01-31 14:00:00
202400016164.0;3;93;93078;1;1;1.0;4.0;48.96165006;2.5451386;2024-12-26 17:30:00
202400016165.0;1;59;59350;2;1;8.0;7.0;50.63895;3.07797;2024-09-09 09:35:00
202400016166.0;1;95;95203;2;2;1.0;3.0;48.99904;2.27749;2024-01-31 13:35:00
202400016167.0;1;93;93008;1;1;1.0;2.0;48.90626353;2.4595964;2024-12-26 11:30:00
202400016168.0;5;56;56098;2;1;2.0;3.0;47.76488;-3.35923;2024-09-08 23:09:00
202400016169.0;1;95;95288;2;1;1.0;6.0;48.9848664;2.36324286;2024-01-31 10:35:00
202400016170.0;1;51;51454;2;1;1.0;3.0;49.263663;4.02449;2024-09-09 15:40:00
202400016171.0;1;91;91689;1;1;1.0;3.0;48.71457;2.3235;2024-01-31 09:10:00
202400016172.0;1;93;93064;1;1;1.0;2.0;48.87685867;2.47759134;2024-12-26 12:10:00
202400016173.0;1;51;51454;2;1;1.0;6.0;49.23163;4.00684;2024-09-09 07:50:00
202400016174.0;5;87;87085;2;2;1.0;6.0;45.83891;1.25522;2024-01-29 18:57:00
202400016175.0;3;34;34301;2;1;1.0;6.0;43.412;3.69;2024-09-06 22:00:00
202400016176.0;5;51;51454;2;2;1.0;3.0;49.26323;4.02829;2024-09-08 03:03:00
202400016177.0;1;83;83069;2;6;1.0;2.0;43.11988;6.11428;2024-01-31 11:00:00
202400016178.0;3;34;34108;1;1;1.0;1.0;43.44459;3.76344;2024-09-01 21:50:00
202400016179.0;1;82;82121;2;1;1.0;3.0;44.03493;1.37166;2024-01-31 17:50:00
202400016180.0;1;49;49246;2;1;1.0;2.0;47.43689;-0.51439;2024-09-08 11:20:00
202400016181.0;1;59;59527;2;1;1.0;6.0;50.658357;3.05709;2024-12-24 10:00:00
202400016182.0;1;81;81004;2;1;1.0;6.0;43.9284285;2.1634438;2024-01-31 11:50:00
202400016183.0;5;49;49007;2;1;1.0;6.0;47.4547;-0.53455;2024-09-08 06:30:00
202400016184.0;1;974;97413;2;1;1.0;6.0;-21.207039;55.333993;2024-09-30 07:55:00
202400016185.0;1;77;77373;2;2;1.0;3.0;48.79318876;2.60432553;2024-01-13 16:03:00
202400016186.0;1;13;13072;1;1;1.0;3.0;43.461871;5.621299;2024-08-03 11:15:00
202400016187.0;3;45;45234;2;9;1.0;3.0;47.894767;1.904134;2024-09-08 02:12:00
202400016188.0;1;7;7313;2;1;1.0;3.0;45.315608;4.768007;2024-08-03 15:30:00
202400016189.0;3;77;77350;1;1;1.0;5.0;48.761379;2.662985;2024-01-13 08:20:00
202400016190.0;2;987;98735;2;6;8.0;3.0;-17.54335443;-149.56847906;2024-12-24 18:20:00
202400016191.0;5;42;42218;2;6;1.0;3.0;45.42111;4.41086;2024-08-31 01:30:00
202400016192.0;1;7;7308;1;1;1.0;3.0;45.190929;4.774675;2024-08-03 14:15:00
202400016193.0;1;77;77284;2;1;1.0;2.0;48.953;2.886;2024-01-31 16:20:00
202400016194.0;5;974;97411;2;3;1.0;6.0;-20.89792;55.47676;2024-12-25 20:10:00
202400016195.0;1;53;53271;2;1;1.0;6.0;48.344245;-0.278413;2024-08-02 07:45:00
202400016196.0;1;35;35238;2;1;1.0;6.0;48.11705548;-1.70581862;2024-09-09 13:50:00
202400016197.0;2;77;77335;1;1;1.0;3.0;48.95821;2.84223;2024-01-31 08:05:00
202400016198.0;2;973;97302;2;1;2.0;7.0;4.93944235;-52.33460462;2024-12-25 05:00:00
202400016199.0;1;40;40285;1;1;1.0;1.0;43.910477;-0.737586;2024-08-03 15:57:00
202400016200.0;1;35;35238;2;1;1.0;3.0;48.11712082;-1.67696536;2024-09-09 09:15:00
202400016201.0;1;77;77372;1;1;1.0;1.0;48.88119;2.66228;2024-01-31 15:00:00
202400016202.0;5;69;69388;2;3;1.0;6.0;45.73326;4.86236;2024-12-25 18:20:00
202400016203.0;1;24;24376;1;1;8.0;1.0;45.170893;0.094698;2024-08-04 15:14:00
202400016204.0;5;34;34172;2;2;1.0;3.0;43.59968286;3.87562037;2024-09-10 00:45:00
202400016205.0;1;71;71475;2;2;7.0;3.0;46.760986;4.83399;2024-01-30 17:29:00
202400016206.0;1;85;85084;1;1;1.0;7.0;46.774098;-1.160581;2024-08-03 16:37:00
202400016207.0;4;91;91228;2;6;1.0;3.0;48.62549;2.40635;2024-12-25 22:00:00
202400016208.0;1;34;34172;2;5;1.0;3.0;43.61121;3.82861;2024-09-09 08:05:00
202400016209.0;1;87;87195;1;1;1.0;7.0;46.299518;1.097099;2024-08-03 13:50:00
202400016210.0;1;34;34172;2;1;1.0;3.0;43.602064;3.839562;2024-09-09 09:00:00
202400016211.0;1;30;30339;1;1;1.0;7.0;44.0861;3.581246;2024-08-03 15:45:00
202400016212.0;1;68;68297;2;1;2.0;6.0;47.58426;7.56541;2024-01-17 08:55:00
202400016213.0;1;30;30193;1;1;1.0;7.0;43.882295;4.205231;2024-08-04 17:00:00
202400016214.0;5;67;67482;2;1;2.0;3.0;48.5707;7.72575;2024-01-30 18:05:00
202400016215.0;1;33;33281;2;1;1.0;2.0;44.82552;-0.63465;2024-09-09 13:00:00
202400016216.0;5;69;69290;2;1;1.0;1.0;45.68524;4.9463;2024-12-25 18:55:00
202400016217.0;3;52;52044;1;1;1.0;6.0;48.28902439;5.23531325;2024-08-04 05:15:00
202400016218.0;1;30;30189;1;1;1.0;1.0;43.8965;4.2889;2024-09-02 09:45:00
202400016219.0;1;64;64445;2;6;1.0;3.0;43.30465;-0.36822;2024-01-31 16:20:00
202400016220.0;3;13;13050;1;1;1.0;1.0;43.669591;5.244775;2024-08-04 01:45:00
202400016221.0;1;67;67462;2;1;1.0;3.0;48.257754;7.458726;2024-12-24 09:15:00
202400016222.0;5;64;64445;1;3;1.0;3.0;43.31712;-0.32003;2024-01-31 05:10:00
202400016223.0;1;22;22187;2;2;1.0;3.0;48.5343;-2.7556;2024-09-09 19:00:00
202400016224.0;1;62;62498;2;2;1.0;3.0;50.43495;2.83746;2024-12-22 15:20:00
202400016225.0;3;77;77480;1;1;1.0;3.0;48.435123;2.9154;2024-08-03 22:30:00
202400016226.0;1;19;19031;1;1;1.0;7.0;45.13153394;1.51691605;2024-09-08 19:00:00
202400016227.0;1;63;63063;2;2;1.0;6.0;45.82732391;3.10121834;2024-01-31 08:30:00
202400016228.0;5;61;61001;2;1;8.0;6.0;48.436543;0.089349;2024-12-26 00:15:00
202400016229.0;5;976;97608;2;1;1.0;3.0;-12.788654;45.265576;2024-08-04 19:00:00
202400016230.0;5;13;13212;2;1;1.0;3.0;43.30753;5.42538;2024-09-09 22:30:00
202400016231.0;1;971;97112;1;1;1.0;6.0;15.911397;-61.271031;2024-08-03 11:50:00
202400016232.0;1;63;63113;2;3;1.0;2.0;45.77899;3.14491;2024-01-31 08:25:00
202400016233.0;1;13;13028;2;2;1.0;3.0;43.17876;5.59575;2024-09-05 17:30:00
202400016234.0;2;59;59350;2;1;2.0;3.0;50.61892;3.07634;2024-12-20 08:00:00
202400016235.0;3;34;34127;2;6;1.0;6.0;43.649728;4.082311;2024-08-04 03:00:00
202400016236.0;2;75;75113;2;1;1.0;2.0;48.826491;2.389146;2024-09-09 19:55:00
202400016237.0;1;83;83068;2;1;1.0;7.0;43.2677438;6.57410538;2024-08-03 21:30:00
202400016238.0;5;57;57672;2;1;1.0;6.0;49.35372776;6.16191387;2024-01-30 18:10:00
202400016239.0;1;59;59360;2;2;1.0;6.0;50.61212001;3.01163313;2024-12-21 09:50:00
202400016240.0;1;5;5103;1;1;1.0;7.0;44.257771;5.90646;2024-08-04 16:50:00
202400016241.0;1;75;75117;2;1;8.0;2.0;48.889591;2.297417;2024-09-07 19:15:00
202400016242.0;5;54;54395;2;9;1.0;1.0;48.68256;6.16604;2024-01-30 07:45:00
202400016243.0;2;13;13052;2;6;1.0;7.0;43.834627;4.786423;2024-05-13 05:25:00
202400016244.0;2;75;75120;2;1;1.0;5.0;48.873965;2.411229;2024-09-07 20:20:00
202400016245.0;5;44;44162;2;1;1.0;6.0;47.22925641;-1.63982213;2024-01-31 20:45:00
202400016246.0;3;89;89055;2;4;1.0;6.0;47.982874;3.614877;2024-08-04 02:45:00
202400016247.0;5;1;1053;2;1;1.0;2.0;46.197758;5.240194;2024-12-25 00:54:00
202400016248.0;1;75;75119;2;2;1.0;2.0;48.886223;2.396744;2024-09-09 15:56:00
202400016249.0;1;75;75118;2;3;1.0;6.0;48.898694;2.35867;2024-12-25 16:30:00
202400016250.0;1;38;38421;2;3;1.0;3.0;45.18725;5.75808;2024-01-31 16:00:00
202400016251.0;2;21;21416;1;1;1.0;3.0;47.404775;5.34616;2024-08-04 05:30:00
202400016252.0;5;37;37233;2;1;1.0;6.0;47.38463;0.74994;2024-01-31 20:55:00
202400016253.0;5;75;75116;2;1;2.0;6.0;48.84799;2.252005;2024-12-25 03:30:00
202400016254.0;5;75;75119;2;2;1.0;3.0;48.882788;2.370278;2024-09-08 03:07:00
202400016255.0;1;68;68001;1;6;1.0;7.0;48.009133;7.534765;2024-08-04 18:12:00
202400016256.0;1;37;37261;2;1;1.0;7.0;47.40401036;0.68331903;2024-01-31 16:10:00
202400016257.0;1;75;75116;2;3;1.0;6.0;48.836395;2.263779;2024-09-09 13:05:00
202400016258.0;5;75;75116;2;1;2.0;3.0;48.864845;2.243158;2024-12-25 02:40:00
202400016259.0;2;57;57254;1;1;1.0;1.0;49.055808;5.983574;2024-08-03 21:12:00
202400016260.0;5;36;36159;2;2;5.0;1.0;46.76352;1.71566;2024-01-31 08:20:00
202400016261.0;2;75;75114;2;2;2.0;3.0;48.822316;2.314197;2024-09-09 06:42:00
202400016262.0;3;3;3242;1;6;1.0;6.0;46.356057;3.374504;2024-08-04 03:10:00
202400016263.0;5;75;75115;2;2;2.0;3.0;48.843447;2.282793;2024-12-24 22:25:00
202400016264.0;2;35;35238;2;6;1.0;3.0;48.13255885;-1.6907385;2024-01-31 16:45:00
202400016265.0;1;38;38148;2;1;1.0;6.0;45.617317;5.500406;2024-08-03 14:50:00
202400016266.0;1;75;75114;2;2;1.0;3.0;48.83752525;2.3229593;2024-09-07 18:55:00
202400016267.0;3;38;38203;1;1;1.0;6.0;45.0414926;5.76363717;2024-08-03 23:45:00
202400016268.0;5;75;75112;2;1;2.0;1.0;48.83571;2.386089;2024-12-24 23:25:00
202400016269.0;1;75;75111;2;1;8.0;3.0;48.855055;2.373407;2024-09-09 19:20:00
202400016270.0;5;34;34032;2;2;1.0;3.0;43.35275;3.21859;2024-01-29 21:45:00
202400016271.0;1;26;26362;1;3;1.0;3.0;44.94070381;4.97704268;2024-08-03 17:20:00
202400016272.0;5;75;75110;2;2;2.0;6.0;48.884275;2.364645;2024-12-24 20:52:00
202400016273.0;1;75;75108;2;2;8.0;3.0;48.879866;2.320687;2024-09-09 18:15:00
202400016274.0;1;33;33522;2;1;1.0;3.0;44.81878;-0.60151;2024-01-29 08:41:00
202400016275.0;1;69;69037;1;1;1.0;5.0;46.024577;4.508214;2024-08-02 17:40:00
202400016276.0;1;31;31069;2;9;1.0;3.0;43.625942;1.378402;2024-01-31 07:40:00
202400016277.0;5;93;93073;2;3;2.0;3.0;49.00804569;2.55750242;2024-12-25 20:50:00
202400016278.0;1;75;75101;2;2;8.0;3.0;48.860572;2.349375;2024-09-09 10:30:00
202400016279.0;4;30;30243;1;1;1.0;7.0;44.05918;4.09147;2024-01-31 18:15:00
202400016280.0;1;94;94068;2;2;1.0;3.0;48.799418;2.499052;2024-09-09 14:00:00
202400016281.0;1;81;81140;1;1;1.0;2.0;43.681281;1.870852;2024-08-03 14:09:00
202400016282.0;5;92;92077;2;1;2.0;2.0;48.82619;2.19344;2024-12-24 22:49:00
202400016283.0;1;29;29019;2;6;1.0;6.0;48.409207;-4.468661;2024-01-30 11:00:00
202400016284.0;2;31;31291;1;1;1.0;1.0;43.57837;1.217047;2024-07-17 06:15:00
202400016285.0;1;92;92063;2;9;2.0;3.0;48.87028118;2.20340788;2024-12-25 12:30:00
202400016286.0;5;94;94041;2;2;3.0;3.0;48.81525;2.37557;2024-09-08 22:48:00
202400016287.0;5;28;28134;2;1;1.0;6.0;48.74132;1.35296;2024-01-31 07:55:00
202400016288.0;1;60;60318;1;1;1.0;2.0;49.325937;2.652442;2024-12-26 12:30:00
202400016289.0;1;94;94077;2;2;2.0;6.0;48.740692;2.425005;2024-09-09 08:00:00
202400016290.0;4;17;17336;2;3;1.0;3.0;45.786694;-0.717883;2024-08-04 05:50:00
202400016291.0;1;27;27306;2;1;1.0;1.0;49.01336;1.17643;2024-01-30 12:50:00
202400016292.0;3;34;34225;1;1;1.0;6.0;43.374953;3.025231;2024-12-25 22:20:00
202400016293.0;1;93;93031;2;2;8.0;3.0;48.95725643;2.30986232;2024-09-09 09:50:00
202400016294.0;1;14;14325;2;1;1.0;2.0;49.283685;-0.315224;2024-08-04 12:20:00
202400016295.0;1;25;25056;2;1;7.0;6.0;47.2405;6.02083;2024-01-31 15:45:00
202400016296.0;3;27;27161;1;6;1.0;6.0;49.065277;1.028509;2024-08-03 01:15:00
202400016297.0;1;93;93062;2;9;2.0;3.0;48.89650121;2.53021431;2024-09-09 11:45:00
202400016298.0;5;17;17415;2;9;1.0;6.0;45.748979;-0.613256;2024-01-29 05:30:00
202400016299.0;3;60;60028;1;1;1.0;6.0;49.222958;2.547857;2024-08-04 01:30:00
202400016300.0;5;93;93073;2;1;1.0;6.0;49.01088623;2.56716998;2024-09-09 06:00:00
202400016301.0;1;974;97422;1;1;1.0;7.0;-21.171906;55.585349;2024-12-26 08:15:00
202400016302.0;1;62;62148;2;1;1.0;6.0;50.379353;2.905047;2024-08-03 19:23:00
202400016303.0;5;13;13208;2;1;1.0;1.0;43.24883;5.37507;2024-02-01 00:02:00
202400016304.0;5;93;93032;2;3;1.0;3.0;48.876921;2.54907846;2024-09-06 21:00:00
202400016305.0;3;76;76584;1;1;5.0;5.0;49.74746385;1.47726582;2024-12-26 08:05:00
202400016306.0;1;13;13209;2;1;1.0;3.0;43.25524;5.39415;2024-01-31 12:40:00
202400016307.0;1;93;93010;2;1;2.0;6.0;48.90639892;2.48029518;2024-09-09 12:15:00
202400016308.0;3;62;62856;1;1;2.0;6.0;50.36978;2.526662;2024-12-20 04:45:00
202400016309.0;1;13;13106;1;1;1.0;2.0;43.40243132;5.35596718;2024-08-02 17:32:00
202400016310.0;2;13;13005;2;1;1.0;2.0;43.28753;5.53021;2024-01-31 08:05:00
202400016311.0;3;77;77065;1;1;2.0;1.0;48.451891;2.509432;2024-12-25 21:10:00
202400016312.0;1;69;69199;1;1;1.0;3.0;45.71559;4.84368;2024-08-02 12:20:00
202400016313.0;3;13;13005;2;1;1.0;7.0;43.28934;5.53039;2024-01-31 05:25:00
202400016314.0;1;92;92073;2;3;2.0;3.0;48.87322823;2.2295269;2024-09-09 13:00:00
202400016315.0;1;79;79174;2;1;1.0;3.0;46.221773;-0.142731;2024-12-26 12:20:00
202400016316.0;1;4;4112;2;1;1.0;1.0;43.81486;5.79749;2024-01-31 14:00:00
202400016317.0;4;69;69272;1;1;1.0;6.0;45.59731453;4.85240432;2024-08-02 23:45:00
202400016318.0;5;75;75119;2;4;1.0;7.0;48.88227808;2.40105897;2024-01-31 19:00:00
202400016319.0;3;80;80294;1;1;2.0;6.0;49.888787;2.913898;2024-12-25 18:25:00
202400016320.0;1;92;92036;2;2;1.0;2.0;48.92117296;2.32501692;2024-09-09 08:55:00
202400016321.0;1;91;91161;1;1;1.0;7.0;48.71384;2.30903;2024-08-03 17:50:00
202400016322.0;5;80;80354;2;2;1.0;6.0;49.983397;1.767298;2024-12-26 17:57:00
202400016323.0;1;91;91659;1;1;1.0;7.0;48.58273001;2.45713949;2024-08-03 17:20:00
202400016324.0;1;75;75108;2;7;1.0;3.0;48.865083;2.310341;2024-01-30 09:08:00
202400016325.0;5;92;92035;2;2;2.0;3.0;48.90491346;2.23366204;2024-09-08 21:05:00
202400016326.0;3;32;32132;1;1;9.0;1.0;43.820966;0.636778;2024-12-25 18:00:00
202400016327.0;1;92;92002;1;1;1.0;2.0;48.76034112;2.28180753;2024-08-03 13:40:00
202400016328.0;1;92;92012;2;1;2.0;7.0;48.82537;2.24836;2024-09-09 10:00:00
202400016329.0;5;75;75111;2;3;1.0;3.0;48.861375;2.36715;2024-01-31 02:00:00
202400016330.0;1;78;78640;1;1;1.0;4.0;48.778333;2.209563;2024-08-03 14:54:00
202400016331.0;3;49;49323;1;1;2.0;3.0;47.520041;-0.449034;2024-12-26 06:05:00
202400016332.0;1;92;92002;2;1;8.0;3.0;48.75199127;2.30460137;2024-09-09 18:20:00
202400016333.0;1;78;78545;1;9;8.0;7.0;48.817278;2.064141;2024-08-03 07:15:00
202400016334.0;5;75;75117;2;2;1.0;6.0;48.897614;2.324157;2024-01-29 20:38:00
202400016335.0;2;12;12270;2;1;7.0;6.0;44.32244;3.064295;2024-12-26 08:44:00
202400016336.0;3;1;1235;1;1;2.0;1.0;46.047373;5.070465;2024-09-09 04:05:00
202400016337.0;1;92;92025;1;1;1.0;2.0;48.92912436;2.24069854;2024-08-02 13:50:00
202400016338.0;3;41;41059;1;1;2.0;1.0;47.422745;1.448597;2024-12-25 18:00:00
202400016339.0;2;75;75115;2;1;1.0;2.0;48.844637;2.311741;2024-01-30 08:30:00
202400016340.0;1;73;73245;1;1;2.0;3.0;45.693448;5.830312;2024-09-09 12:10:00
202400016341.0;1;34;34139;1;1;1.0;1.0;43.417774;3.227084;2024-12-26 13:15:00
202400016342.0;5;75;75112;2;1;1.0;6.0;48.84265412;2.40120426;2024-01-31 18:30:00
202400016343.0;3;78;78571;1;1;1.0;2.0;48.867328;2.033363;2024-08-02 01:10:00
202400016344.0;1;43;43080;2;7;1.0;3.0;45.3283;3.845741;2024-09-10 11:40:00
202400016345.0;2;75;75109;2;3;1.0;7.0;48.875102;2.340984;2024-01-31 08:05:00
202400016346.0;1;93;93001;1;1;1.0;2.0;48.92107051;2.37460256;2024-08-03 07:10:00
202400016347.0;2;68;68155;2;1;1.0;7.0;48.091596;7.307448;2024-12-25 07:45:00
202400016348.0;1;57;57479;1;1;1.0;1.0;49.416365;6.381219;2024-09-10 08:30:00
202400016349.0;5;75;75109;2;3;1.0;6.0;48.87378833;2.32702902;2024-01-30 23:25:00
202400016350.0;3;95;95527;1;1;1.0;2.0;48.98653821;2.50540597;2024-08-03 00:30:00
202400016351.0;1;39;39285;1;1;1.0;1.0;47.147382;5.643706;2024-12-26 12:19:00
202400016352.0;1;75;75102;2;3;1.0;6.0;48.87005492;2.35095084;2024-01-31 15:35:00
202400016353.0;5;44;44052;1;1;2.0;1.0;47.373673;-2.125865;2024-12-19 18:30:00
202400016354.0;5;93;93066;2;9;1.0;4.0;48.91623043;2.35752085;2024-08-02 21:45:00
202400016355.0;1;972;97214;1;1;1.0;3.0;14.843971;-61.083268;2024-09-07 16:35:00
202400016356.0;1;75;75102;2;3;1.0;3.0;48.870421;2.349103;2024-01-31 13:10:00
202400016357.0;1;972;97227;1;1;3.0;3.0;14.492826;-60.92435;2024-09-07 09:10:00
202400016358.0;3;29;29196;1;1;5.0;1.0;48.52017111;-4.59276722;2024-12-24 19:00:00
202400016359.0;1;94;94033;1;1;1.0;5.0;48.85116637;2.49060216;2024-08-03 12:30:00
202400016360.0;3;31;31399;2;1;2.0;7.0;43.370334;1.278644;2024-12-25 17:50:00
202400016361.0;1;21;21214;1;1;3.0;6.0;47.175231;4.688407;2024-09-09 11:30:00
202400016362.0;1;94;94078;2;3;1.0;3.0;48.755039;2.444396;2024-01-31 08:10:00
202400016363.0;1;14;14326;1;1;2.0;6.0;49.170637;0.296516;2024-12-24 14:50:00
202400016364.0;5;988;98818;2;4;2.0;6.0;-22.28005;166.44387;2024-08-02 21:45:00
202400016365.0;1;83;83036;2;1;1.0;3.0;43.184965;6.544869;2024-09-10 17:45:00
202400016366.0;5;94;94077;2;1;1.0;7.0;48.7284;2.44129;2024-01-31 00:05:00
202400016367.0;1;60;60471;1;2;8.0;6.0;49.60150085;3.01150274;2024-12-25 11:45:00
202400016368.0;1;973;97302;2;3;1.0;3.0;4.94073;-52.32368;2024-08-02 15:00:00
202400016369.0;1;62;62506;2;1;2.0;6.0;50.78145674;1.94297232;2024-09-10 13:20:00
202400016370.0;5;94;94068;2;3;1.0;2.0;48.80194446;2.49294645;2024-01-30 18:40:00
202400016371.0;1;64;64443;1;1;1.0;7.0;43.353612;-0.582619;2024-12-26 12:15:00
202400016372.0;1;6;6064;2;1;1.0;1.0;43.757294;7.182865;2024-09-10 08:55:00
202400016373.0;1;69;69387;2;1;1.0;6.0;45.74370377;4.8502166;2024-08-02 20:00:00
202400016374.0;2;43;43112;2;1;2.0;7.0;45.09017154;3.49542395;2024-12-23 17:18:00
202400016375.0;1;94;94042;2;1;1.0;2.0;48.8202;2.46832;2024-01-31 09:45:00
202400016376.0;1;14;14389;1;1;2.0;4.0;49.063885;-0.684242;2024-09-05 11:10:00
202400016377.0;1;69;69383;2;1;1.0;6.0;45.75277;4.87846;2024-08-02 09:30:00
202400016378.0;5;21;21425;2;4;2.0;6.0;47.625029;4.342177;2024-12-19 18:30:00
202400016379.0;5;94;94016;2;2;1.0;6.0;48.79016;2.32267;2024-01-31 19:30:00
202400016380.0;1;972;97209;2;1;1.0;6.0;14.61436;-61.05029;2024-08-02 15:14:00
202400016381.0;5;14;14061;1;1;1.0;6.0;49.028664;-0.828567;2024-09-10 03:45:00
202400016382.0;3;24;24490;1;3;1.0;3.0;45.239859;0.243632;2024-12-24 18:30:00
202400016383.0;1;12;12145;1;1;1.0;2.0;44.149095;3.017185;2024-09-10 16:56:00
202400016384.0;1;972;97209;2;3;1.0;3.0;14.61567;-61.05828;2024-08-02 14:09:00
202400016385.0;3;85;85210;1;1;2.0;6.0;46.821084;-1.615414;2024-12-24 22:00:00
202400016386.0;1;69;69081;2;1;3.0;7.0;45.78729;4.78309;2024-08-02 19:00:00
202400016387.0;5;94;94081;2;2;1.0;3.0;48.78504;2.38842;2024-01-31 02:30:00
202400016388.0;3;35;35024;1;1;1.0;7.0;48.180231;-1.624893;2024-09-10 03:05:00
202400016389.0;3;8;8264;1;1;1.0;6.0;49.362526;4.51861;2024-12-25 21:18:00
202400016390.0;1;2B;2B033;2;1;1.0;3.0;42.7026;9.4521;2024-08-02 12:39:00
202400016391.0;3;8;8185;1;1;2.0;6.0;49.981254;4.668159;2024-12-25 19:50:00
202400016392.0;5;94;94073;2;3;1.0;3.0;48.7603;2.39952;2024-01-04 17:20:00
202400016393.0;1;76;76361;1;1;2.0;3.0;49.615538;0.156652;2024-09-09 15:05:00
202400016394.0;5;971;97101;2;1;1.0;5.0;16.28952;-61.48063;2024-08-01 21:00:00
202400016395.0;3;2B;2B273;1;1;1.0;6.0;42.428283;9.416817;2024-09-10 21:00:00
202400016396.0;1;93;93064;2;7;1.0;6.0;48.873413;2.482507;2024-01-31 13:30:00
202400016397.0;1;971;97101;1;9;1.0;6.0;16.22599;-61.52413;2024-08-01 18:20:00
202400016398.0;1;65;65169;2;1;1.0;6.0;42.937323;-0.178399;2024-09-09 16:05:00
202400016399.0;5;92;92078;2;2;1.0;3.0;48.92492818;2.32543766;2024-01-31 17:55:00
202400016400.0;2;2A;2A004;2;1;1.0;6.0;41.93846;8.7452;2024-08-02 19:15:00
202400016401.0;1;987;98715;2;1;1.0;3.0;-17.553132;-149.599771;2024-12-25 16:20:00
202400016402.0;1;47;47252;1;1;1.0;6.0;44.394071;0.576535;2024-09-09 18:40:00
202400016403.0;3;49;49223;1;1;2.0;6.0;47.38299704;-0.55739838;2024-12-26 00:06:00
202400016404.0;1;2A;2A004;2;1;1.0;3.0;41.93402;8.75031;2024-08-02 11:08:00
202400016405.0;1;92;92078;2;2;1.0;2.0;48.92493558;2.32543766;2024-01-31 08:30:00
202400016406.0;3;91;91228;2;1;1.0;7.0;48.61934;2.45231;2024-08-03 01:40:00
202400016407.0;1;41;41186;1;3;1.0;3.0;47.856931;1.042773;2024-09-10 10:30:00
202400016408.0;1;92;92062;2;1;1.0;6.0;48.88351193;2.22474396;2024-01-31 10:40:00
202400016409.0;3;91;91223;1;1;1.0;7.0;48.40908;2.12566;2024-08-02 02:50:00
202400016410.0;5;29;29189;2;1;1.0;6.0;48.381616;-4.362349;2024-08-31 01:30:00
202400016411.0;1;87;87085;2;3;1.0;3.0;45.83165;1.23566;2024-08-02 09:23:00
202400016412.0;1;14;14198;1;1;6.0;2.0;49.248997;0.012796;2024-12-22 14:50:00
202400016413.0;5;92;92024;2;2;1.0;6.0;48.90423539;2.29930159;2024-01-31 20:39:00
202400016414.0;1;25;25367;2;2;1.0;3.0;47.444608;6.816585;2024-09-08 10:52:00
202400016415.0;1;87;87075;1;1;1.0;1.0;45.78443;1.1911;2024-08-01 15:08:00
202400016416.0;1;44;44175;2;1;2.0;6.0;47.355668;-2.340023;2024-09-08 17:30:00
202400016417.0;1;84;84007;2;1;1.0;3.0;43.93628;4.82795;2024-07-30 17:00:00
202400016418.0;1;69;69013;1;1;1.0;4.0;46.01120004;4.72966685;2024-12-26 11:33:00
202400016419.0;4;92;92004;2;1;1.0;6.0;48.90621651;2.2848748;2024-01-31 19:40:00
202400016420.0;1;972;97230;1;1;1.0;1.0;14.756686;-60.929993;2024-12-26 09:15:00
202400016421.0;1;44;44131;1;1;1.0;4.0;47.124286;-2.104214;2024-09-09 12:20:00
202400016422.0;1;84;84007;2;3;1.0;3.0;43.948;4.829;2024-08-01 15:20:00
202400016423.0;1;95;95487;1;1;1.0;3.0;49.14847383;2.24858165;2024-02-01 14:30:00