Num_Acc;lum;departement;commune;agglomeration;intersection;meteo;type_collision;lat;long;date
202400016424.0;5;29;29163;2;2;2.0;6.0;48.503704;-3.874787;2024-09-08 01:38:00
202400016425.0;1;83;83126;2;2;1.0;3.0;43.0988314;5.89795853;2024-07-30 15:15:00
202400016426.0;3;45;45324;1;3;1.0;6.0;47.794297;2.21454;2024-12-25 17:38:00
202400016427.0;3;972;97221;1;1;1.0;6.0;14.540863;-60.951462;2024-02-01 02:10:00
202400016428.0;1;15;15187;2;6;1.0;3.0;45.041313;3.086142;2024-09-10 17:35:00
202400016429.0;2;77;77315;2;1;1.0;7.0;48.885168;2.835025;2024-12-26 17:00:00
202400016430.0;1;972;97227;1;1;1.0;3.0;14.468664;-60.936098;2024-01-31 14:30:00
202400016431.0;1;26;26278;1;1;1.0;7.0;44.26975;5.336319;2024-08-07 09:15:00
202400016432.0;1;80;80379;1;1;1.0;5.0;49.868057;2.376679;2024-08-02 20:00:00
202400016433.0;3;13;13089;1;1;1.0;6.0;43.833962;4.950695;2024-12-25 23:30:00
202400016434.0;1;80;80724;2;1;1.0;3.0;49.85992;2.23174;2024-08-02 12:40:00
202400016435.0;3;69;69260;2;3;1.0;1.0;45.650896;4.799883;2024-01-29 18:55:00
202400016436.0;4;18;18101;2;3;5.0;7.0;46.91588;2.896185;2024-09-08 05:30:00
202400016437.0;1;13;13105;1;3;1.0;3.0;43.746646;5.045815;2024-12-23 09:50:00
202400016438.0;3;62;62452;1;1;1.0;7.0;50.687976;2.273741;2024-01-31 17:45:00
202400016439.0;1;36;36003;1;1;1.0;6.0;46.77139975;1.95659053;2024-09-10 08:27:00
202400016440.0;1;80;80021;2;1;1.0;3.0;49.902;2.272;2024-07-31 11:35:00
202400016441.0;3;33;33227;1;9;2.0;6.0;44.528279;-0.240873;2024-12-24 04:45:00
202400016442.0;3;78;78586;1;1;1.0;7.0;48.923383;2.1604;2024-08-02 22:50:00
202400016443.0;5;29;29103;2;1;2.0;6.0;48.449834;-4.251146;2024-12-21 22:42:00
202400016444.0;1;7;7294;1;1;1.0;1.0;44.277332;4.239457;2024-09-09 07:48:00
202400016445.0;1;57;57235;1;1;8.0;1.0;49.29161566;6.47988877;2024-01-31 15:40:00
202400016446.0;1;22;22343;2;4;5.0;6.0;48.769898;-3.5762;2024-12-25 16:24:00
202400016447.0;1;53;53097;1;1;8.0;2.0;48.127451;-0.379276;2024-09-10 10:25:00
202400016448.0;1;78;78621;2;2;1.0;2.0;48.7641;1.9859;2024-08-02 13:20:00
202400016449.0;3;56;56096;1;2;8.0;3.0;47.73972;-3.07078;2024-02-01 07:45:00
202400016450.0;3;60;60047;2;1;2.0;1.0;49.17302;2.725275;2024-12-24 19:24:00
202400016451.0;1;4;4097;1;1;1.0;6.0;44.178492;6.356009;2024-09-06 17:55:00
202400016452.0;3;77;77067;1;1;2.0;2.0;48.590739;2.599876;2024-08-02 04:57:00
202400016453.0;3;76;76685;1;3;1.0;5.0;49.763696;0.519179;2024-01-25 18:25:00
202400016454.0;1;17;17218;2;1;1.0;3.0;46.300947;-0.981817;2024-09-09 11:55:00
202400016455.0;5;72;72181;2;2;1.0;3.0;48.00407;0.19268;2024-08-02 23:40:00
202400016456.0;1;47;47310;2;2;1.0;6.0;44.392146;0.305756;2024-01-30 11:40:00
202400016457.0;1;72;72181;2;1;7.0;1.0;48.01053;0.22525;2024-08-01 13:45:00
202400016458.0;1;37;37050;2;2;1.0;1.0;47.34314672;0.71704298;2024-09-03 13:10:00
202400016459.0;3;47;47140;1;1;5.0;6.0;44.3031002;0.58290434;2024-02-01 05:47:00
202400016460.0;1;71;71306;2;2;1.0;3.0;46.6823;4.36206;2024-08-02 12:05:00
202400016461.0;5;68;68004;2;1;1.0;3.0;47.624349;7.231083;2024-01-26 07:00:00
202400016462.0;1;30;30021;1;1;1.0;7.0;44.004819;4.312209;2024-09-10 16:40:00
202400016463.0;1;71;71105;2;1;7.0;3.0;46.30246;4.79512;2024-08-01 18:20:00
202400016464.0;5;25;25578;2;4;3.0;6.0;47.15247081;6.33746982;2024-02-01 18:15:00
202400016465.0;3;13;13080;1;2;1.0;3.0;43.65593;5.469145;2024-09-09 21:55:00
202400016466.0;1;71;71270;2;1;1.0;7.0;46.28840119;4.81694162;2024-07-31 17:57:00
202400016467.0;1;38;38229;2;1;1.0;6.0;45.206397;5.773072;2024-01-27 15:30:00
202400016468.0;1;71;71076;2;2;1.0;3.0;46.79742887;4.85503167;2024-08-02 13:30:00
202400016469.0;1;91;91579;1;1;1.0;3.0;48.550425;2.346187;2024-09-10 08:25:00
202400016470.0;1;38;38386;1;3;1.0;3.0;45.451453;5.65702;2024-01-31 16:35:00
202400016471.0;1;71;71118;2;9;1.0;3.0;46.79247;4.82858;2024-08-02 13:00:00
202400016472.0;1;66;66213;2;9;1.0;3.0;42.663228;2.8334;2024-09-10 17:50:00
202400016473.0;1;69;69290;2;1;1.0;6.0;45.71487;4.96425;2024-07-19 18:10:00
202400016474.0;1;1;1352;1;2;1.0;3.0;46.387557;5.018703;2024-01-31 15:40:00
202400016475.0;1;27;27701;1;1;1.0;2.0;49.237131;1.199875;2024-09-10 12:05:00
202400016476.0;1;67;67482;2;1;1.0;6.0;48.58406;7.70863;2024-08-02 14:08:00
202400016477.0;3;26;26166;2;1;1.0;3.0;44.760516;4.836597;2024-02-01 05:50:00
202400016478.0;1;45;45121;1;1;2.0;6.0;47.791169;2.849273;2024-09-09 17:30:00
202400016479.0;1;67;67482;2;1;3.0;7.0;48.596891;7.741726;2024-08-02 13:10:00
202400016480.0;1;83;83102;1;1;1.0;7.0;43.681188;6.158116;2024-01-21 15:45:00
202400016481.0;1;95;95012;1;1;1.0;6.0;49.10599259;1.6415464;2024-09-07 14:20:00
202400016482.0;1;64;64411;1;1;1.0;7.0;43.206451;-0.973905;2024-01-31 16:20:00
202400016483.0;1;66;66136;2;1;1.0;2.0;42.70572;2.90241;2024-08-02 11:50:00
202400016484.0;3;34;34154;1;9;2.0;6.0;43.595789;3.940331;2024-09-04 21:00:00
202400016485.0;1;16;16251;1;1;1.0;6.0;45.367373;-0.135741;2024-01-31 16:57:00
202400016486.0;1;64;64348;2;1;1.0;2.0;43.32183;-0.39084;2024-08-01 11:50:00
202400016487.0;1;62;62774;2;9;1.0;7.0;50.95094302;1.77119724;2024-08-02 18:15:00
202400016488.0;3;13;13085;1;3;1.0;2.0;43.248731;5.602325;2024-09-06 03:25:00
202400016489.0;3;85;85096;1;1;1.0;6.0;46.920292;-1.792467;2024-01-31 20:00:00
202400016490.0;3;67;67282;2;1;1.0;7.0;48.61907;7.483819;2024-08-23 00:15:00
202400016491.0;1;62;62894;1;1;1.0;1.0;50.74307767;1.61195773;2024-08-01 16:45:00
202400016492.0;2;85;85025;1;1;1.0;2.0;46.971261;-1.2060338;2024-01-31 08:00:00
202400016493.0;5;59;59392;2;7;1.0;6.0;50.2771;3.97403;2024-06-27 23:10:00
202400016494.0;1;42;42261;2;1;1.0;3.0;45.721297;4.350441;2024-09-10 08:25:00
202400016495.0;1;56;56164;2;9;1.0;3.0;47.66254;-2.7965;2024-08-02 19:09:00
202400016496.0;1;27;27032;1;2;7.0;3.0;48.879139;1.124361;2024-01-31 16:20:00
202400016497.0;1;42;42328;1;4;1.0;3.0;45.569442;4.017493;2024-09-10 09:10:00
202400016498.0;3;50;50502;2;1;1.0;3.0;49.11571;-1.09797;2024-08-03 00:25:00
202400016499.0;1;28;28401;1;2;7.0;3.0;48.470595;0.971695;2024-01-31 17:30:00
202400016500.0;1;69;69228;2;1;2.0;1.0;45.58475;4.626143;2024-09-08 17:50:00
202400016501.0;1;23;23113;1;1;2.0;7.0;46.001582;2.369614;2024-02-01 13:00:00
202400016502.0;1;50;50147;2;3;1.0;3.0;49.053191;-1.4443393;2024-08-02 11:20:00
202400016503.0;1;49;49007;2;1;1.0;6.0;47.47982;-0.52674;2024-08-02 18:50:00
202400016504.0;1;30;30310;1;1;1.0;3.0;44.126319;3.763289;2024-02-01 10:35:00
202400016505.0;1;30;30227;1;1;1.0;1.0;44.243785;4.196692;2024-02-01 12:00:00
202400016506.0;1;33;33498;1;1;1.0;3.0;44.601041;-0.847235;2024-01-31 09:15:00
202400016507.0;1;35;35238;2;2;1.0;3.0;48.10713985;-1.72382087;2024-08-02 11:40:00
202400016508.0;2;57;57144;1;1;7.0;4.0;49.151805;6.837326;2024-02-01 17:23:00
202400016509.0;5;35;35238;2;5;1.0;3.0;48.0867;-1.6743;2024-08-01 22:50:00
202400016510.0;1;14;14016;1;1;1.0;7.0;49.249601;0.063702;2024-01-31 16:30:00
202400016511.0;1;35;35238;2;6;1.0;3.0;48.09707;-1.62981;2024-08-01 12:00:00
202400016512.0;1;34;34108;2;1;1.0;3.0;43.44785;3.74543;2024-08-02 09:50:00
202400016513.0;3;13;13032;1;1;1.0;1.0;43.557412;5.362444;2024-01-31 20:25:00
202400016514.0;1;34;34301;2;1;1.0;6.0;43.4092;3.67276;2024-08-02 10:10:00
202400016515.0;1;971;97128;1;1;1.0;7.0;16.256476;-61.349416;2024-01-31 14:20:00
202400016516.0;1;971;97118;1;1;1.0;2.0;16.233217;-61.590385;2024-02-01 12:00:00
202400016517.0;5;34;34172;2;1;2.0;2.0;43.61804;3.84387;2024-08-02 21:45:00
202400016518.0;3;77;77005;1;1;1.0;6.0;48.936442;2.705019;2024-01-31 21:30:00
202400016519.0;3;66;66190;1;6;1.0;6.0;42.80946486;2.91250885;2024-02-01 01:26:00
202400016520.0;5;34;34172;2;2;1.0;1.0;43.63741;3.82261;2024-08-01 00:27:00
202400016521.0;5;33;33063;2;1;1.0;3.0;44.85038;-0.57475;2024-08-03 00:30:00
202400016522.0;1;34;34154;1;3;5.0;3.0;43.603982;3.998321;2024-01-31 10:10:00
202400016523.0;1;33;33119;2;1;1.0;3.0;44.85517;-0.53427;2024-08-01 10:00:00
202400016524.0;1;32;32013;2;1;8.0;1.0;43.65487;0.58601;2024-08-01 09:55:00
202400016525.0;3;67;67125;1;2;1.0;3.0;48.345846;7.460275;2024-02-01 05:50:00
202400016526.0;5;30;30007;2;1;1.0;6.0;44.11617;4.09139;2024-08-02 03:30:00
202400016527.0;1;29;29254;1;9;1.0;2.0;48.57851064;-3.86133046;2024-08-02 19:00:00
202400016528.0;3;57;57620;1;3;2.0;3.0;49.195952;5.988986;2024-02-01 05:40:00
202400016529.0;1;29;29039;2;1;1.0;6.0;47.869792;-3.894878;2024-08-01 10:10:00
202400016530.0;1;73;73215;1;1;1.0;2.0;45.454475;6.124642;2024-02-01 10:00:00
202400016531.0;1;29;29019;2;1;1.0;2.0;48.42257538;-4.47700816;2024-08-01 17:30:00
202400016532.0;1;69;69074;1;1;1.0;6.0;45.99448;4.677509;2024-02-01 11:25:00
202400016533.0;3;29;29094;1;1;1.0;7.0;48.58115979;-4.33900517;2024-01-29 01:30:00
202400016534.0;1;22;22077;1;1;1.0;3.0;48.531059;-2.410256;2024-01-31 09:55:00
202400016535.0;1;27;27229;2;3;1.0;1.0;49.013558;1.165483;2024-08-01 12:25:00
202400016536.0;2;19;19031;2;1;1.0;7.0;45.15453637;1.52853218;2024-08-02 22:45:00
202400016537.0;2;57;57588;1;1;2.0;1.0;49.474106;6.218927;2024-02-01 07:30:00
202400016538.0;1;15;15014;2;6;1.0;3.0;44.91612;2.42972;2024-08-01 11:50:00
202400016539.0;1;80;80759;1;1;1.0;2.0;49.638858;2.746582;2024-02-01 12:20:00
202400016540.0;3;15;15014;2;1;1.0;6.0;44.91797;2.42989;2024-07-31 03:00:00
202400016541.0;1;62;62014;2;1;1.0;6.0;50.640659;2.397259;2024-02-01 10:39:00
202400016542.0;1;14;14574;1;1;1.0;1.0;49.165048;0.187746;2024-08-02 08:10:00
202400016543.0;1;59;59012;1;1;1.0;1.0;49.974906;4.088598;2024-01-29 10:30:00
202400016544.0;1;33;33366;1;1;1.0;3.0;44.981279;-0.429295;2024-01-31 09:05:00
202400016545.0;1;13;13108;1;2;1.0;3.0;43.80515;4.71272;2024-08-02 07:20:00
202400016546.0;3;93;93064;1;1;1.0;2.0;48.86369651;2.48274872;2024-01-31 19:00:00
202400016547.0;1;13;13205;2;1;1.0;2.0;43.28894867;5.40007532;2024-08-02 20:00:00
202400016548.0;1;95;95351;1;1;1.0;7.0;49.02761049;2.5188229;2024-01-31 16:10:00
202400016549.0;1;92;92078;1;1;1.0;7.0;48.92748315;2.33288455;2024-01-31 13:15:00
202400016550.0;2;94;94017;1;1;1.0;5.0;48.8296743;2.49827109;2024-01-31 19:00:00
202400016551.0;1;13;13213;2;1;1.0;3.0;43.31939165;5.45913885;2024-08-02 08:00:00
202400016552.0;1;987;98735;2;9;1.0;3.0;-17.541;-149.571;2024-01-29 07:00:00
202400016553.0;4;13;13005;2;9;1.0;6.0;43.29472;5.56407;2024-08-02 00:10:00
202400016554.0;1;974;97407;2;1;1.0;3.0;-20.9537;55.30705;2024-01-30 12:35:00
202400016555.0;1;11;11069;2;3;1.0;3.0;43.228408;2.359552;2024-08-02 10:10:00
202400016556.0;4;69;69387;2;2;1.0;3.0;45.74508;4.84212;2024-01-30 23:10:00
202400016557.0;1;972;97209;1;1;2.0;7.0;14.60893;-61.059;2024-01-29 08:35:00
202400016558.0;5;6;6088;2;9;1.0;3.0;43.69978;7.2512;2024-07-12 22:17:00
202400016559.0;1;69;69034;2;1;1.0;6.0;45.79778;4.85132;2024-01-30 10:00:00
202400016560.0;3;2B;2B033;2;9;1.0;6.0;42.70206;9.45156;2024-01-30 19:53:00
202400016561.0;1;2;2408;2;1;1.0;6.0;49.56608;3.61917;2024-07-13 20:45:00
202400016562.0;3;971;97101;1;1;1.0;2.0;16.23503;-61.52348;2024-01-30 19:30:00
202400016563.0;1;971;97101;2;2;1.0;3.0;16.23682965;-61.51248872;2024-01-29 08:40:00
202400016564.0;1;75;75116;2;1;1.0;4.0;48.876942;2.27952;2024-08-02 18:40:00
202400016565.0;1;75;75115;2;1;1.0;2.0;48.829979;2.286309;2024-08-02 17:50:00
202400016566.0;1;75;75116;2;1;1.0;2.0;48.859377;2.262867;2024-08-02 14:30:00
202400016567.0;1;75;75110;2;3;1.0;3.0;48.875813;2.360294;2024-08-02 17:19:00
202400016568.0;1;75;75112;2;1;1.0;4.0;48.833099;2.407166;2024-08-02 11:20:00
202400016569.0;1;75;75118;2;2;1.0;3.0;48.897711;2.32903;2024-08-01 20:10:00
202400016570.0;5;75;75103;2;2;1.0;4.0;48.869296;2.35429;2024-07-30 21:36:00
202400016571.0;1;75;75119;2;1;1.0;3.0;48.884881;2.36989;2024-08-02 17:05:00
202400016572.0;1;75;75119;2;7;1.0;2.0;48.901142;2.371589;2024-08-02 15:10:00
202400016573.0;5;75;75114;2;1;1.0;6.0;48.824321;2.32095;2024-08-02 05:15:00
202400016574.0;1;75;75113;2;3;1.0;6.0;48.829789;2.357156;2024-08-02 09:44:00
202400016575.0;1;75;75113;2;3;1.0;3.0;48.822725;2.373089;2024-08-02 09:15:00
202400016576.0;2;94;94080;2;2;1.0;1.0;48.84858;2.43245;2024-08-02 06:05:00
202400016577.0;5;94;94080;2;1;2.0;6.0;48.84618;2.42199;2024-08-02 03:04:00
202400016578.0;1;94;94080;2;1;1.0;2.0;48.84153648;2.42839801;2024-08-01 17:51:00
202400016579.0;1;94;94055;2;1;1.0;3.0;48.7865571;2.5380327;2024-08-02 19:30:00
202400016580.0;1;94;94079;2;3;1.0;3.0;48.825562;2.535193;2024-08-01 17:20:00
202400016581.0;1;93;93078;2;2;1.0;3.0;48.950769;2.544073;2024-08-01 20:40:00
202400016582.0;1;93;93066;2;3;1.0;3.0;48.945068;2.352701;2024-08-02 15:30:00
202400016583.0;1;93;93066;2;1;1.0;4.0;48.93785;2.34221;2024-08-02 14:30:00
202400016584.0;1;92;92046;2;2;1.0;3.0;48.81918906;2.29778168;2024-08-02 14:10:00
202400016585.0;5;92;92072;2;4;1.0;6.0;48.82791915;2.22498849;2024-08-02 00:40:00
202400016586.0;1;92;92050;2;1;1.0;2.0;48.89751;2.21883;2024-08-01 19:00:00
202400016587.0;1;92;92049;2;9;1.0;6.0;48.82080393;2.31370747;2024-08-02 20:38:00
202400016588.0;1;92;92020;2;3;1.0;1.0;48.80930229;2.30096617;2024-08-02 08:56:00
202400016589.0;1;92;92035;2;1;1.0;7.0;48.9015611;2.23625846;2024-08-01 20:20:00
202400016590.0;1;92;92025;2;4;1.0;6.0;48.91453852;2.2590377;2024-08-02 09:10:00
202400016591.0;1;92;92024;2;6;1.0;7.0;48.91082454;2.31293178;2024-08-01 17:30:00
202400016592.0;5;974;97415;1;1;1.0;6.0;-21.045969;55.313099;2024-08-02 19:40:00
202400016593.0;1;63;63123;2;7;1.0;3.0;45.64691218;3.03531338;2024-07-23 19:15:00
202400016594.0;1;40;40036;2;3;1.0;1.0;43.630453;-1.366414;2024-08-03 15:30:00
202400016595.0;1;17;17131;1;1;1.0;1.0;45.576937;-0.821743;2024-08-02 19:45:00
202400016596.0;1;18;18259;1;1;1.0;6.0;47.482133;2.715833;2024-08-03 13:20:00
202400016597.0;3;974;97422;2;9;1.0;1.0;-21.223771;55.552374;2024-07-30 17:10:00
202400016598.0;1;51;51217;2;1;1.0;6.0;49.081934;3.651838;2024-08-03 08:25:00
202400016599.0;1;972;97214;2;1;1.0;7.0;14.83466;-61.071281;2024-08-02 13:15:00
202400016600.0;1;972;97231;1;1;1.0;2.0;14.529037;-61.015599;2024-08-01 12:00:00
202400016601.0;2;26;26337;1;1;1.0;3.0;44.72843244;4.78774309;2024-08-02 06:50:00
202400016602.0;1;86;86254;2;3;1.0;3.0;46.3793;0.87327;2024-08-02 11:50:00
202400016603.0;1;87;87146;1;1;1.0;5.0;45.56818543;1.49639536;2024-08-02 19:15:00
202400016604.0;1;38;38030;1;1;1.0;1.0;45.346066;5.477884;2024-08-03 11:15:00
202400016605.0;1;60;60069;1;1;1.0;1.0;49.138014;2.949094;2024-08-03 11:40:00
202400016606.0;1;71;71054;1;1;1.0;1.0;46.913291;5.012086;2024-08-02 17:00:00
202400016607.0;1;51;51454;2;1;1.0;1.0;49.283847;3.990793;2024-08-03 15:04:00
202400016608.0;3;59;59571;1;1;8.0;6.0;50.141782;3.546151;2024-08-02 21:40:00
202400016609.0;1;19;19080;2;3;1.0;1.0;45.662514;2.452722;2024-08-03 07:25:00
202400016610.0;3;19;19192;2;1;1.0;6.0;45.12340505;1.90046891;2024-08-02 02:50:00
202400016611.0;1;56;56179;2;1;1.0;6.0;47.831783;-3.40131;2024-08-02 10:15:00
202400016612.0;1;56;56194;2;1;1.0;3.0;47.59843;-2.104113;2024-07-08 11:45:00
202400016613.0;3;81;81171;1;1;1.0;6.0;43.84679391;1.82952476;2024-08-03 00:45:00
202400016614.0;1;81;81208;1;1;1.0;6.0;43.841925;1.868277;2024-08-03 09:30:00
202400016615.0;2;71;71183;1;3;1.0;6.0;46.889718;4.563763;2024-08-02 21:15:00
202400016616.0;1;89;89378;1;1;1.0;3.0;47.529611;3.943888;2024-08-03 11:45:00
202400016617.0;1;42;42156;2;1;7.0;6.0;45.90848432;4.17864472;2024-08-03 08:45:00
202400016618.0;2;42;42286;2;1;1.0;6.0;45.36532783;4.37777795;2024-08-03 20:20:00
202400016619.0;1;68;68307;1;1;1.0;7.0;47.81618934;6.86691127;2024-08-03 17:20:00
202400016620.0;1;22;22182;1;1;1.0;6.0;48.589925;-2.910145;2024-08-02 18:20:00
202400016621.0;1;44;44131;1;1;1.0;1.0;47.105003;-2.050838;2024-08-02 12:45:00
202400016622.0;3;29;29031;1;4;1.0;6.0;47.81508753;-3.56291579;2024-07-18 23:10:00
202400016623.0;1;29;29024;2;6;2.0;3.0;48.27261786;-3.56723411;2024-08-03 17:25:00
202400016624.0;2;29;29117;1;3;1.0;6.0;48.56063;-4.495291;2024-08-02 21:10:00
202400016625.0;1;56;56098;1;1;2.0;3.0;47.77928;-3.34737;2024-05-28 17:15:00
202400016626.0;1;29;29003;1;4;1.0;7.0;48.01978;-4.59199;2024-07-18 08:40:00
202400016627.0;1;54;54395;2;1;1.0;6.0;48.68293;6.16215;2024-05-29 09:10:00
202400016628.0;1;2;2305;1;1;1.0;3.0;49.140948;3.521912;2024-08-02 19:50:00
202400016629.0;1;54;54395;2;6;8.0;3.0;48.70121;6.147951;2024-05-28 19:35:00
202400016630.0;1;1;1108;2;1;1.0;6.0;46.388871;5.34726;2024-08-02 10:45:00
202400016631.0;1;54;54395;2;2;1.0;3.0;48.6973;6.19569;2024-05-28 17:15:00
202400016632.0;1;1;1124;1;3;1.0;3.0;46.414797;5.238376;2024-08-02 17:00:00
202400016633.0;1;54;54099;2;1;2.0;2.0;49.244987;5.945291;2024-05-29 11:34:00
202400016634.0;1;53;53201;2;1;2.0;6.0;48.0793;-0.82754;2024-05-29 12:10:00
202400016635.0;2;66;66149;2;6;1.0;3.0;42.623874;2.426895;2024-08-02 20:30:00
202400016636.0;1;72;72195;1;9;1.0;6.0;47.839086;-0.012199;2024-08-02 17:30:00
202400016637.0;1;51;51454;2;2;8.0;3.0;49.24917;4.01659;2024-05-28 16:30:00
202400016638.0;1;6;6151;1;1;1.0;2.0;43.903342;7.195058;2024-08-03 14:50:00
202400016639.0;1;45;45169;2;2;2.0;3.0;47.91655;1.82716;2024-05-29 08:10:00
202400016640.0;1;50;50543;1;2;1.0;3.0;48.657719;-1.288201;2024-08-03 10:05:00
202400016641.0;1;44;44184;2;1;8.0;6.0;47.26651;-2.2316;2024-05-29 13:10:00
202400016642.0;1;9;9329;1;1;1.0;2.0;42.988718;1.59872;2024-07-31 09:45:00
202400016643.0;5;44;44109;2;1;1.0;3.0;47.20741;-1.55506;2024-05-30 02:00:00
202400016644.0;1;43;43026;1;1;1.0;7.0;45.21675707;3.81780051;2024-08-02 07:15:00
202400016645.0;2;44;44020;1;1;2.0;7.0;47.18225;-1.61302;2024-05-29 21:20:00
202400016646.0;1;21;21501;2;3;1.0;3.0;47.25496073;4.5640254;2024-07-31 21:23:00
202400016647.0;1;42;42218;2;7;1.0;6.0;45.4156;4.3943;2024-04-14 18:06:00
202400016648.0;1;85;85001;2;2;7.0;3.0;46.329928;-1.320511;2024-08-01 19:30:00
202400016649.0;1;42;42218;2;2;1.0;3.0;45.4327;4.3882;2024-04-13 18:20:00
202400016650.0;1;85;85131;1;1;1.0;6.0;46.467809;-1.19757;2024-08-02 18:30:00
202400016651.0;1;37;37122;2;2;1.0;3.0;47.30606127;0.64998172;2024-05-29 08:00:00
202400016652.0;1;85;85042;1;1;1.0;7.0;46.3687;-0.98014;2024-08-02 19:30:00
202400016653.0;1;37;37254;1;1;1.0;6.0;47.19566671;0.79994828;2024-08-03 10:25:00
202400016654.0;1;29;29232;2;2;2.0;6.0;47.9945;-4.10447;2024-05-29 14:25:00
202400016655.0;1;27;27681;1;1;2.0;4.0;49.07838;1.44612;2024-05-29 13:55:00
202400016656.0;2;27;27375;2;6;2.0;7.0;49.2199;1.17923;2024-05-29 20:10:00
202400016657.0;1;70;70285;2;2;2.0;6.0;47.57992;6.76513;2024-05-29 12:40:00
202400016658.0;1;22;22106;2;4;1.0;3.0;48.50036;-2.73595;2024-05-29 13:05:00
202400016659.0;1;19;19031;2;1;1.0;2.0;45.15782;1.54881;2024-05-28 12:33:00
202400016660.0;1;17;17306;2;1;2.0;7.0;45.64894;-1.03742;2024-05-29 19:23:00
202400016661.0;1;17;17333;2;1;2.0;3.0;45.60096;-0.99777;2024-05-29 14:40:00
202400016662.0;1;14;14333;1;1;2.0;3.0;49.41549;0.18953;2024-05-29 13:40:00
202400016663.0;3;14;14118;1;1;8.0;1.0;49.16608;-0.38688;2024-05-28 22:50:00
202400016664.0;1;13;13213;2;1;1.0;2.0;43.32869;5.43226;2024-05-27 20:55:00
202400016665.0;1;13;13075;2;1;1.0;3.0;43.337;5.452;2024-05-29 07:07:00
202400016666.0;1;7;7102;2;9;1.0;7.0;44.93258;4.88085;2024-05-29 13:25:00
202400016667.0;1;6;6069;2;1;1.0;6.0;43.660972;6.923774;2024-05-29 16:20:00
202400016668.0;1;6;6004;2;3;1.0;6.0;43.593034;7.120518;2024-05-28 10:20:00
202400016669.0;1;75;75119;2;4;2.0;7.0;48.882738;2.389996;2024-05-29 08:40:00
202400016670.0;1;75;75118;2;2;2.0;3.0;48.886776;2.361018;2024-05-29 12:00:00
202400016671.0;1;75;75117;2;2;2.0;3.0;48.875152;2.295931;2024-05-29 16:40:00
202400016672.0;1;75;75116;2;2;2.0;3.0;48.872133;2.284151;2024-05-29 08:30:00
202400016673.0;1;75;75115;2;3;2.0;6.0;48.841839;2.303275;2024-05-29 20:30:00
202400016674.0;1;75;75115;2;2;2.0;7.0;48.838655;2.305268;2024-05-29 13:50:00
202400016675.0;1;75;75113;2;3;2.0;3.0;48.82619;2.36701;2024-05-29 09:40:00
202400016676.0;2;75;75114;2;3;2.0;7.0;48.823839;2.323247;2024-05-29 09:20:00
202400016677.0;1;75;75110;2;4;2.0;6.0;48.88151;2.370015;2024-05-29 08:30:00
202400016678.0;1;75;75108;2;3;2.0;7.0;48.87522103;2.31436265;2024-05-29 15:40:00
202400016679.0;1;75;75107;2;3;2.0;6.0;48.859253;2.330217;2024-05-29 14:50:00
202400016680.0;1;75;75113;2;3;2.0;2.0;48.832715;2.362204;2024-05-29 08:15:00
202400016681.0;1;75;75107;2;2;2.0;3.0;48.858155;2.322788;2024-05-29 08:15:00
202400016682.0;1;75;75101;2;2;2.0;3.0;48.867455;2.326214;2024-05-29 12:35:00
202400016683.0;1;94;94058;2;2;2.0;1.0;48.85504688;2.49777858;2024-05-29 14:00:00
202400016684.0;1;93;93064;2;1;3.0;3.0;48.877407;2.4787;2024-05-29 12:15:00
202400016685.0;5;93;93064;2;1;1.0;3.0;48.881407;2.470241;2024-05-28 22:30:00
202400016686.0;1;93;93077;2;2;2.0;3.0;48.88131;2.52229;2024-05-29 09:30:00
202400016687.0;1;93;93046;2;1;2.0;2.0;48.91543;2.52928;2024-05-29 14:20:00
202400016688.0;1;93;93074;2;1;2.0;6.0;48.93484;2.56768;2024-05-29 09:39:00
202400016689.0;1;93;93010;2;2;3.0;3.0;48.90421;2.49133;2024-05-29 19:00:00
202400016690.0;1;92;92064;2;1;2.0;6.0;48.858447;2.21418679;2024-05-29 20:15:00
202400016691.0;1;92;92064;2;9;2.0;3.0;48.84458187;2.22039053;2024-05-29 16:05:00
202400016692.0;1;92;92064;2;1;2.0;7.0;48.84145163;2.22129965;2024-05-29 09:20:00
202400016693.0;1;92;92063;2;1;2.0;7.0;48.87735495;2.17593098;2024-05-29 12:00:00
202400016694.0;1;92;92051;2;9;2.0;2.0;48.88108112;2.25820506;2024-05-29 14:30:00
202400016695.0;1;92;92051;2;1;2.0;3.0;48.89333874;2.2677083;2024-05-29 13:00:00
202400016696.0;1;92;92050;2;2;1.0;3.0;48.88394053;2.21507925;2024-05-28 19:55:00
202400016697.0;1;92;92020;2;1;2.0;3.0;48.80843174;2.29834253;2024-05-29 09:05:00
202400016698.0;1;92;92026;2;1;2.0;3.0;48.8972277;2.25646672;2024-05-29 15:20:00
202400016699.0;1;92;92012;2;4;2.0;3.0;48.83712788;2.23647282;2024-05-29 15:30:00
202400016700.0;1;92;92012;2;1;2.0;7.0;48.84713069;2.24000144;2024-05-29 14:00:00
202400016701.0;1;92;92012;2;1;2.0;7.0;48.83200306;2.23804736;2024-05-29 09:50:00
202400016702.0;5;92;92012;2;1;2.0;6.0;48.83517154;2.22561496;2024-05-28 23:04:00
202400016703.0;5;54;54350;2;1;3.0;7.0;48.58635584;6.60211265;2024-05-29 22:00:00
202400016704.0;1;24;24448;2;9;1.0;3.0;45.328485;1.041625;2024-05-26 17:55:00
202400016705.0;1;60;60440;1;1;1.0;6.0;49.497971;2.631397;2024-05-30 09:30:00
202400016706.0;2;45;45293;2;1;1.0;6.0;47.994637;2.616819;2024-05-26 05:50:00