Num_Acc;lum;departement;commune;agglomeration;intersection;meteo;type_collision;lat;long;date
202400016707.0;1;86;86070;1;2;2.0;3.0;46.562833;0.654652;2024-05-29 14:04:00
202400016708.0;2;83;83019;1;1;1.0;1.0;43.15155;6.3141;2024-05-30 06:30:00
202400016709.0;1;65;65146;2;2;1.0;3.0;43.29477;0.115399;2024-05-29 14:45:00
202400016710.0;1;47;47121;1;3;8.0;2.0;44.348491;0.107345;2024-05-30 10:18:00
202400016711.0;1;89;89471;1;2;1.0;5.0;48.176095;3.412298;2024-05-24 08:15:00
202400016712.0;1;56;56248;2;1;2.0;3.0;47.584896;-2.628862;2024-05-29 17:30:00
202400016713.0;1;56;56002;1;9;1.0;5.0;47.589121;-2.549928;2024-05-30 08:48:00
202400016714.0;1;2B;2B207;1;1;1.0;6.0;42.465659;9.457281;2024-05-30 17:50:00
202400016715.0;1;71;71313;1;1;1.0;6.0;46.956795;4.247299;2024-05-30 17:15:00
202400016716.0;1;63;63154;1;2;1.0;3.0;45.74786583;3.32412773;2024-05-30 18:05:00
202400016717.0;1;12;12209;2;1;1.0;6.0;44.686715;2.660451;2024-05-29 15:40:00
202400016718.0;1;25;25228;2;6;1.0;2.0;47.510799;6.859455;2024-05-18 13:51:00
202400016719.0;1;25;25258;1;1;1.0;7.0;47.219218;5.922532;2024-05-24 18:15:00
202400016720.0;1;44;44223;1;2;8.0;3.0;47.047113;-1.508732;2024-05-29 17:50:00
202400016721.0;1;44;44131;1;1;2.0;1.0;47.111648;-2.00508;2024-05-29 13:40:00
202400016722.0;1;38;38311;2;1;3.0;6.0;45.387028;5.105974;2024-05-30 06:55:00
202400016723.0;1;38;38361;1;1;1.0;6.0;44.875457;5.734305;2024-05-29 20:00:00
202400016724.0;1;15;15087;1;1;3.0;1.0;44.756021;2.455761;2024-05-29 18:25:00
202400016725.0;1;72;72068;2;7;1.0;6.0;47.72799;0.575415;2024-05-30 11:37:00
202400016726.0;3;50;50628;1;2;2.0;6.0;48.720181;-1.223211;2024-05-28 21:45:00
202400016727.0;1;64;64291;1;3;1.0;5.0;43.450442;-1.029689;2024-05-29 14:52:00
202400016728.0;1;7;7346;1;3;1.0;3.0;44.45327809;4.68575451;2024-05-29 10:50:00
202400016729.0;1;40;40195;1;1;1.0;1.0;43.754667;-0.448176;2024-05-28 09:45:00
202400016730.0;1;17;17253;1;1;1.0;1.0;45.990701;-0.897188;2024-05-30 14:08:00
202400016731.0;1;30;30102;1;1;1.0;7.0;43.911173;4.286556;2024-05-30 17:10:00
202400016732.0;1;9;9239;1;3;5.0;3.0;42.683185;2.124631;2024-05-30 14:15:00
202400016733.0;1;973;97311;2;3;3.0;2.0;5.498593;-54.029008;2024-05-28 08:00:00
202400016734.0;2;34;34111;2;1;1.0;6.0;43.930844;3.705134;2024-05-26 19:46:00
202400016735.0;1;67;67336;1;1;1.0;7.0;48.443985;7.699201;2024-05-28 20:10:00
202400016736.0;1;55;55122;2;1;1.0;6.0;48.75808999;5.59082576;2024-05-30 17:05:00
202400016737.0;1;63;63150;2;1;1.0;6.0;45.888866;3.069504;2024-05-30 14:55:00
202400016738.0;1;1;1160;2;2;1.0;3.0;46.255457;6.102144;2024-05-10 18:45:00
202400016739.0;1;1;1160;1;1;1.0;6.0;46.245301;6.094714;2024-04-30 12:00:00
202400016740.0;1;33;33449;2;1;1.0;6.0;44.895455;-0.725196;2024-05-30 07:50:00
202400016741.0;1;14;14658;1;2;8.0;3.0;48.819069;-0.966255;2024-05-29 20:00:00
202400016742.0;1;14;14488;2;1;1.0;6.0;49.269569;-0.256408;2024-05-27 16:50:00
202400016743.0;2;14;14060;1;1;1.0;7.0;49.247946;-0.282168;2024-05-27 21:29:00
202400016744.0;1;27;27031;1;3;1.0;3.0;49.049134;1.116426;2024-05-12 12:00:00
202400016745.0;2;80;80034;1;9;3.0;5.0;49.839609;2.99239;2024-05-30 17:30:00
202400016746.0;1;83;83144;1;1;1.0;2.0;43.14318523;6.01072219;2024-05-29 13:30:00
202400016747.0;1;59;59234;1;1;1.0;7.0;50.3993;3.0869;2024-05-26 13:50:00
202400016748.0;3;59;59196;1;1;3.0;7.0;50.63243;2.96303;2024-05-27 00:44:00
202400016749.0;1;59;59328;1;1;3.0;7.0;50.66592;3.02719;2024-05-26 14:58:00
202400016750.0;3;62;62907;1;1;1.0;6.0;50.49133;2.99219;2024-05-25 02:50:00
202400016751.0;1;94;94043;1;1;2.0;3.0;48.813539;2.3546078;2024-05-29 18:50:00
202400016752.0;1;94;94076;1;1;8.0;3.0;48.7908173;2.34457243;2024-05-29 09:32:00
202400016753.0;1;92;92047;1;1;2.0;3.0;48.83397544;2.16646875;2024-05-29 10:20:00
202400016754.0;1;78;78640;1;1;2.0;3.0;48.781293;2.223001;2024-05-29 08:00:00
202400016755.0;1;92;92025;1;1;1.0;3.0;48.93500468;2.25929339;2024-05-29 09:20:00
202400016756.0;1;92;92036;1;1;1.0;3.0;48.93403705;2.27764322;2024-05-28 08:30:00
202400016757.0;1;95;95572;1;1;2.0;5.0;49.03491224;2.11480807;2024-05-29 11:15:00
202400016758.0;1;95;95018;1;1;2.0;6.0;48.96022959;2.27078238;2024-05-29 07:55:00
202400016759.0;1;93;93005;1;1;1.0;3.0;48.96072159;2.46789896;2024-05-26 18:05:00
202400016760.0;1;77;77517;1;1;2.0;2.0;48.90843855;2.63820456;2024-05-29 08:55:00
202400016761.0;3;77;77258;1;1;1.0;4.0;48.8324637;2.65688229;2024-05-29 00:25:00
202400016762.0;1;6;6029;2;1;1.0;3.0;43.54925;6.9972;2024-05-27 11:15:00
202400016763.0;4;35;35288;2;1;1.0;6.0;48.635792;-2.021987;2024-03-01 02:00:00
202400016764.0;2;74;74007;1;1;1.0;6.0;46.071011;6.325252;2024-03-19 18:00:00
202400016765.0;1;74;74042;2;1;1.0;7.0;46.072661;6.419175;2024-03-17 16:35:00
202400016766.0;1;74;74105;2;5;1.0;3.0;46.30575;6.301268;2024-03-15 08:03:00
202400016767.0;3;74;74042;1;1;2.0;6.0;46.05652153;6.44012475;2024-03-10 20:00:00
202400016768.0;3;74;74260;1;4;1.0;1.0;46.06254196;5.96245384;2024-02-17 18:50:00
202400016769.0;1;987;98735;1;9;1.0;3.0;-17.5336;-149.55881;2024-05-27 11:25:00
202400016770.0;3;974;97416;1;1;2.0;4.0;-21.34998;55.50395;2024-05-28 18:15:00
202400016771.0;1;974;97411;2;3;1.0;1.0;-20.88433;55.45788;2024-05-27 12:20:00
202400016772.0;1;974;97409;2;1;1.0;6.0;-20.96557;55.65177;2024-05-28 15:50:00
202400016773.0;1;974;97407;1;1;7.0;3.0;-20.94503658;55.32189703;2024-05-27 07:43:00
202400016774.0;1;973;97302;2;1;3.0;7.0;4.94435981;-52.31769919;2024-05-28 09:40:00
202400016775.0;1;973;97302;2;1;3.0;2.0;4.91527;-52.32112;2024-05-28 07:00:00
202400016776.0;1;69;69383;2;1;1.0;6.0;45.75999;4.84828;2024-05-28 19:20:00
202400016777.0;1;972;97209;2;1;1.0;6.0;14.60805;-61.07251;2024-05-27 07:50:00
202400016778.0;2;971;97101;1;4;1.0;6.0;16.25427;-61.50037;2024-05-28 18:30:00
202400016779.0;5;971;97113;1;1;1.0;6.0;16.21781326;-61.48640692;2024-05-26 19:20:00
202400016780.0;2;91;91477;1;1;1.0;1.0;48.71914;2.21182;2024-05-28 05:30:00
202400016781.0;1;91;91691;2;6;2.0;3.0;48.707091;2.496189;2024-05-28 12:50:00
202400016782.0;1;91;91421;1;9;1.0;3.0;48.71942;2.44315;2024-05-28 08:10:00
202400016783.0;1;91;91433;1;1;1.0;6.0;48.449881;2.2322465;2024-05-28 06:50:00
202400016784.0;1;33;33348;2;1;1.0;3.0;45.348835;-0.988019;2024-10-14 14:35:00
202400016785.0;1;90;90010;2;6;1.0;3.0;47.63025;6.86441;2024-05-28 17:25:00
202400016786.0;2;71;71201;1;1;1.0;6.0;46.682833;4.622304;2024-10-13 18:05:00
202400016787.0;1;68;68135;2;1;8.0;6.0;47.576989;7.522073;2024-10-13 18:20:00
202400016788.0;1;87;87085;2;2;1.0;7.0;45.83056;1.25462;2024-05-27 19:00:00
202400016789.0;1;87;87085;2;2;1.0;3.0;45.82604;1.268;2024-05-24 15:09:00
202400016790.0;1;31;31033;2;1;1.0;6.0;43.355703;1.463279;2024-10-14 14:00:00
202400016791.0;1;84;84087;1;1;7.0;7.0;44.144282;4.825114;2024-05-28 20:30:00
202400016792.0;1;31;31592;1;1;7.0;3.0;43.728755;1.20531;2024-10-13 18:35:00
202400016793.0;5;84;84007;2;1;1.0;6.0;43.94302;4.81581;2024-05-23 20:00:00
202400016794.0;5;31;31561;2;2;1.0;3.0;43.651607;1.483567;2024-10-13 05:10:00
202400016795.0;1;78;78401;2;3;2.0;3.0;49.00546;1.91405;2024-05-28 11:15:00
202400016796.0;5;31;31581;2;1;1.0;6.0;43.825332;1.430476;2024-10-13 20:10:00
202400016797.0;1;78;78208;2;2;2.0;3.0;48.79197;1.96556;2024-05-28 16:05:00
202400016798.0;2;38;38303;2;1;1.0;3.0;45.287871;5.938395;2024-10-15 07:25:00
202400016799.0;1;77;77284;2;1;2.0;7.0;48.95672;2.8885;2024-05-28 13:45:00
202400016800.0;3;72;72296;1;1;1.0;1.0;48.09901036;0.65927222;2024-10-14 19:50:00
202400016801.0;1;76;76351;2;2;1.0;6.0;49.49746;0.10942;2024-05-27 13:50:00
202400016802.0;1;14;14431;1;1;1.0;3.0;49.067786;-0.121204;2024-10-13 14:55:00
202400016803.0;1;50;50138;1;1;2.0;6.0;49.445912;-1.495063;2024-10-15 15:00:00
202400016804.0;1;72;72181;2;6;2.0;3.0;48.00408;0.20252;2024-05-28 08:30:00
202400016805.0;3;50;50585;1;1;5.0;2.0;49.452329;-1.791211;2024-10-15 06:45:00
202400016806.0;1;71;71270;2;1;1.0;6.0;46.32112;4.82913;2024-05-28 17:29:00
202400016807.0;2;60;60513;1;1;8.0;1.0;49.201848;2.369066;2024-10-14 19:45:00
202400016808.0;1;69;69266;2;2;1.0;3.0;45.76864;4.88444;2024-05-28 13:55:00
202400016809.0;1;69;69259;2;1;1.0;3.0;45.71461745;4.87258335;2024-05-26 10:00:00
202400016810.0;1;64;64490;1;1;2.0;1.0;43.211627;-1.283169;2024-10-15 17:30:00
202400016811.0;1;67;67482;2;1;1.0;7.0;48.5675;7.7704;2024-05-28 16:30:00
202400016812.0;1;43;43244;1;3;1.0;2.0;45.14730133;4.29380844;2024-10-11 13:30:00
202400016813.0;5;64;64445;2;1;1.0;6.0;43.32917107;-0.35271585;2024-05-28 22:20:00
202400016814.0;3;27;27463;1;1;2.0;6.0;49.124935;0.63401;2024-10-10 20:50:00
202400016815.0;3;27;27481;1;1;2.0;6.0;48.740894;0.884249;2024-10-10 21:15:00
202400016816.0;1;63;63113;2;2;1.0;2.0;45.80948307;3.10943663;2024-05-28 09:55:00
202400016817.0;1;62;62624;2;1;1.0;2.0;50.4178105;2.98721302;2024-05-25 19:20:00
202400016818.0;1;17;17053;1;3;1.0;3.0;45.886902;-0.808525;2024-10-15 17:50:00
202400016819.0;3;68;68242;1;1;1.0;6.0;47.97584876;7.37324683;2024-10-15 05:35:00
202400016820.0;1;62;62193;2;3;2.0;3.0;50.95137024;1.89256847;2024-05-28 13:40:00
202400016821.0;1;18;18140;1;1;1.0;7.0;47.161443;1.986752;2024-10-15 16:50:00
202400016822.0;1;60;60057;2;6;2.0;3.0;49.42391;2.10521;2024-05-28 09:00:00
202400016823.0;1;59;59527;2;2;2.0;1.0;50.66161;3.03516;2024-05-28 14:40:00
202400016824.0;1;95;95061;1;1;1.0;3.0;49.05883903;2.25201551;2024-10-15 08:30:00
202400016825.0;2;56;56121;2;2;1.0;3.0;47.7438407;-3.3810829;2024-05-26 20:45:00
202400016826.0;3;1;1213;1;1;1.0;2.0;45.942914;5.294037;2024-10-12 00:10:00
202400016827.0;1;56;56098;2;1;1.0;2.0;47.778623;-3.348612;2024-05-27 09:47:00
202400016828.0;1;987;98715;2;1;1.0;3.0;-17.564277;-149.611892;2024-10-14 13:45:00
202400016829.0;1;54;54395;2;2;1.0;3.0;48.686764;6.185462;2024-05-27 14:45:00
202400016830.0;1;13;13109;1;1;1.0;2.0;43.51270691;5.4864048;2024-10-15 09:45:00
202400016831.0;1;54;54025;1;2;1.0;1.0;48.66322;6.2376;2024-05-27 08:40:00
202400016832.0;1;62;62019;1;1;2.0;2.0;50.4238743;2.71886946;2024-10-14 17:40:00
202400016833.0;1;54;54099;1;9;1.0;7.0;49.24930957;5.96143484;2024-05-27 18:00:00
202400016834.0;1;49;49007;1;1;1.0;3.0;47.45222;-0.51485;2024-05-27 08:52:00
202400016835.0;5;971;97118;1;1;1.0;2.0;16.198809;-61.605814;2024-10-12 18:35:00
202400016836.0;1;978;97801;2;1;1.0;6.0;18.059895;-63.098782;2024-10-12 17:35:00
202400016837.0;1;44;44109;2;1;1.0;1.0;47.2108;-1.5515;2024-05-28 18:50:00
202400016838.0;1;44;44109;2;6;1.0;2.0;47.2172329;-1.60121441;2024-05-28 08:10:00
202400016839.0;2;77;77196;1;1;1.0;2.0;48.947505;2.728729;2024-10-15 07:00:00
202400016840.0;1;37;37122;2;1;1.0;6.0;47.35189;0.66184;2024-05-28 10:12:00
202400016841.0;2;77;77238;1;1;1.0;2.0;48.934031;3.124001;2024-10-15 08:20:00
202400016842.0;1;35;35238;2;2;2.0;3.0;48.09032;-1.69275;2024-05-28 07:40:00
202400016843.0;1;78;78346;1;1;1.0;1.0;48.9049;1.588726;2024-10-14 11:45:00
202400016844.0;1;34;34003;2;1;1.0;1.0;43.30765;3.47747;2024-05-27 08:35:00
202400016845.0;1;84;84054;2;1;2.0;6.0;43.930524;5.06238;2024-10-14 18:00:00
202400016846.0;1;33;33162;2;1;1.0;6.0;44.87453;-0.62853;2024-05-28 19:30:00
202400016847.0;3;83;83106;1;1;1.0;1.0;43.319894;6.06617;2024-10-14 21:38:00
202400016848.0;5;33;33063;2;1;1.0;6.0;44.86495;-0.57473;2024-05-28 22:45:00
202400016849.0;1;83;83023;2;1;1.0;6.0;43.400671;6.058134;2024-10-15 16:35:00
202400016850.0;1;33;33063;2;1;1.0;1.0;44.88581;-0.54972;2024-05-28 18:20:00
202400016851.0;2;6;6077;1;1;1.0;7.0;43.875627;7.352054;2024-10-11 17:00:00
202400016852.0;1;33;33063;2;1;1.0;6.0;44.87404;-0.57446;2024-05-28 18:15:00
202400016853.0;1;6;6048;1;1;1.0;5.0;43.801487;7.322916;2024-10-15 14:10:00
202400016854.0;1;33;33529;2;3;1.0;3.0;44.610443;-1.138156;2024-05-28 14:00:00
202400016855.0;1;13;13042;2;1;1.0;2.0;43.298602;5.621704;2024-10-13 16:30:00
202400016856.0;1;31;31555;2;1;1.0;6.0;43.590765;1.444481;2024-04-30 11:30:00
202400016857.0;1;69;69228;1;1;1.0;1.0;45.616514;4.626285;2024-10-13 17:15:00
202400016858.0;1;29;29232;1;1;1.0;2.0;48.03087886;-4.09411698;2024-05-27 17:30:00
202400016859.0;1;85;85298;1;1;2.0;1.0;46.58715;-1.76173;2024-09-21 18:25:00
202400016860.0;1;29;29019;2;3;1.0;3.0;48.390789;-4.509312;2024-05-28 08:55:00
202400016861.0;1;49;49138;1;1;1.0;3.0;47.416317;-0.16951;2024-10-14 14:15:00
202400016862.0;1;29;29042;2;6;1.0;7.0;48.24818032;-4.47132673;2024-10-11 15:00:00
202400016863.0;1;26;26252;1;2;1.0;3.0;44.87885309;4.86670732;2024-05-28 07:15:00
202400016864.0;1;25;25056;2;4;1.0;2.0;47.225175;5.978907;2024-05-28 18:30:00
202400016865.0;1;35;35047;1;2;1.0;1.0;48.004871;-1.741788;2024-10-10 17:10:00
202400016866.0;5;25;25056;2;1;1.0;3.0;47.2462;6.02219;2024-05-28 21:50:00
202400016867.0;1;33;33122;1;1;1.0;6.0;44.746773;-0.700903;2024-10-14 19:42:00
202400016868.0;1;13;13103;1;6;1.0;7.0;43.64074;5.03703;2024-05-28 05:45:00
202400016869.0;1;13;13213;2;2;1.0;3.0;43.32705;5.40976;2024-05-28 11:35:00
202400016870.0;1;33;33448;1;1;1.0;2.0;44.722962;-0.524302;2024-10-14 08:35:00
202400016871.0;1;10;10387;2;2;1.0;6.0;48.28592;4.08277;2024-05-27 09:25:00
202400016872.0;3;33;33487;1;9;1.0;4.0;44.95103901;-0.46154046;2024-10-14 06:45:00
202400016873.0;1;9;9225;1;9;1.0;6.0;43.12114;1.65263;2024-05-28 12:25:00
202400016874.0;5;33;33065;1;1;1.0;3.0;44.81231;-0.52163;2024-10-14 06:57:00
202400016875.0;1;3;3190;2;9;1.0;3.0;46.54787;3.33768;2024-05-28 13:35:00
202400016876.0;5;33;33249;1;1;1.0;2.0;44.87885;-0.52789;2024-10-11 21:10:00
202400016877.0;1;91;91340;1;1;1.0;3.0;48.59977;2.4398;2024-10-14 08:25:00
202400016878.0;1;75;75119;2;3;2.0;4.0;48.887168;2.3810807;2024-05-28 14:00:00
202400016879.0;1;78;78640;1;1;1.0;5.0;48.777524;2.222174;2024-10-13 14:20:00
202400016880.0;1;75;75119;2;2;8.0;3.0;48.875487;2.397965;2024-05-28 09:15:00
202400016881.0;1;78;78498;1;1;1.0;6.0;48.912883;2.005553;2024-10-13 13:55:00
202400016882.0;1;75;75117;2;3;2.0;3.0;48.895362;2.316385;2024-05-28 14:25:00
202400016883.0;2;78;78206;1;1;1.0;2.0;48.96874;1.917356;2024-10-13 08:00:00
202400016884.0;1;75;75116;2;2;2.0;3.0;48.872192;2.28471;2024-05-28 11:50:00
202400016885.0;3;78;78043;1;1;1.0;5.0;48.826853;2.076967;2024-10-12 04:09:00
202400016886.0;1;75;75116;2;3;8.0;2.0;48.858309;2.283142;2024-05-28 08:30:00
202400016887.0;1;95;95582;1;1;1.0;6.0;48.97011903;2.249862;2024-10-14 14:30:00
202400016888.0;1;95;95060;1;1;1.0;2.0;49.03632652;2.19483097;2024-10-14 09:25:00
202400016889.0;1;75;75115;2;2;8.0;7.0;48.837357;2.289465;2024-05-28 15:00:00
202400016890.0;1;93;93010;1;1;1.0;2.0;48.90625339;2.47214056;2024-10-14 13:55:00
202400016891.0;1;93;93073;1;1;1.0;2.0;48.96676604;2.56065607;2024-10-14 09:40:00
202400016892.0;3;95;95582;1;1;2.0;2.0;48.9685214;2.2516783;2024-10-10 20:50:00
202400016893.0;1;84;84042;2;1;1.0;6.0;43.771734;5.440323;2024-06-24 16:00:00
202400016894.0;1;80;80642;1;3;1.0;3.0;50.146436;2.140853;2024-05-23 07:30:00
202400016895.0;2;80;80159;1;1;1.0;7.0;49.858543;2.466731;2024-04-29 19:39:00
202400016896.0;1;32;32227;1;1;1.0;2.0;43.813256;0.080767;2024-05-20 18:00:00
202400016897.0;1;41;41151;2;1;1.0;6.0;47.342585;1.16917;2024-07-20 18:30:00
202400016898.0;3;24;24301;1;1;1.0;6.0;45.014362;1.441784;2024-07-26 23:10:00
202400016899.0;1;57;57620;1;3;1.0;1.0;49.19663524;5.98965137;2024-07-25 13:50:00
202400016900.0;5;69;69152;2;1;1.0;6.0;45.69603;4.82601;2024-10-13 19:25:00
202400016901.0;1;69;69034;2;2;1.0;3.0;45.79162249;4.8375483;2024-10-11 07:30:00
202400016902.0;1;95;95268;2;1;1.0;6.0;48.96186716;2.39848942;2024-10-13 12:30:00
202400016903.0;1;95;95572;2;1;2.0;6.0;49.03376848;2.12709278;2024-10-12 17:00:00
202400016904.0;1;95;95323;2;2;1.0;6.0;49.01329;2.02772;2024-10-11 15:00:00
202400016905.0;1;91;91347;2;1;8.0;1.0;48.64133;2.29153;2024-10-12 11:50:00
202400016906.0;5;91;91174;2;6;1.0;3.0;48.59716;2.46586;2024-10-13 06:20:00
202400016907.0;4;84;84007;1;1;3.0;1.0;43.88997;4.91563;2024-10-13 01:35:00
202400016908.0;1;83;83137;1;1;8.0;1.0;43.15287;5.96389;2024-10-12 15:40:00
202400016909.0;1;81;81257;2;2;1.0;3.0;43.94877;2.21067;2024-10-12 16:05:00
202400016910.0;4;78;78168;1;6;1.0;3.0;48.74803;1.92631;2024-10-13 20:55:00
202400016911.0;1;77;77058;1;6;1.0;3.0;48.85006;2.73431;2024-10-13 12:00:00
202400016912.0;1;76;76114;2;1;1.0;6.0;49.5689;0.47183;2024-09-23 10:45:00
202400016913.0;1;73;73011;2;2;2.0;6.0;45.67698021;6.38928456;2024-10-08 12:00:00
202400016914.0;1;71;71076;2;1;1.0;2.0;46.79627;4.86284;2024-10-13 15:40:00
202400016915.0;1;69;69091;1;1;1.0;5.0;45.58906446;4.73539773;2024-10-13 17:30:00
202400016916.0;1;64;64445;2;2;1.0;3.0;43.31581;-0.37802;2024-10-13 15:40:00
202400016917.0;1;64;64445;2;1;1.0;7.0;43.30713;-0.34093;2024-10-13 10:40:00
202400016918.0;5;60;60382;1;1;1.0;1.0;49.44330548;2.79531884;2024-10-12 05:30:00
202400016919.0;5;44;44143;2;1;1.0;1.0;47.18801;-1.54783;2024-10-13 03:56:00
202400016920.0;1;35;35051;1;1;1.0;2.0;48.14753;-1.61535;2024-10-13 08:50:00
202400016921.0;1;22;22278;2;3;1.0;3.0;48.50204;-2.73712;2024-10-13 15:34:00
202400016922.0;1;17;17415;2;1;1.0;6.0;45.74935;-0.63392;2024-10-13 16:05:00
202400016923.0;1;14;14243;2;4;1.0;7.0;49.39326;0.20585;2024-10-08 15:55:00
202400016924.0;1;13;13103;1;1;1.0;3.0;43.62704;5.06965;2024-10-13 17:30:00
202400016925.0;4;13;13077;2;1;1.0;4.0;43.40693106;4.98087403;2024-09-05 21:44:00
202400016926.0;1;13;13204;2;1;1.0;1.0;43.29632;5.40015;2024-10-13 16:54:00
202400016927.0;1;13;13211;2;1;1.0;3.0;43.28897216;5.43202328;2024-10-12 10:15:00
202400016928.0;1;13;13047;1;1;1.0;1.0;43.57908;4.98447;2024-10-13 13:55:00
202400016929.0;3;8;8409;2;1;1.0;6.0;49.70238825;4.96306971;2024-10-12 04:05:00
202400016930.0;5;7;7019;2;1;2.0;5.0;44.6199;4.3871;2024-10-13 01:15:00
202400016931.0;1;3;3101;1;2;1.0;3.0;46.37881;2.51914;2024-10-13 12:25:00
202400016932.0;5;1;1031;2;9;2.0;6.0;46.232514;5.623356;2024-10-12 22:54:00
202400016933.0;1;75;75112;2;1;1.0;2.0;48.832542;2.406109;2024-10-11 12:11:00
202400016934.0;5;75;75110;2;2;1.0;6.0;48.877367;2.355112;2024-10-11 00:05:00
202400016935.0;5;75;75120;2;2;1.0;4.0;48.871659;2.392303;2024-10-10 21:45:00
202400016936.0;5;75;75118;2;1;1.0;6.0;48.898519;2.336771;2024-10-13 21:20:00
202400016937.0;5;75;75116;2;3;1.0;6.0;48.858829;2.288978;2024-10-13 02:25:00
202400016938.0;5;75;75115;2;2;1.0;3.0;48.840397;2.30425;2024-10-13 05:30:00
202400016939.0;1;75;75113;2;2;1.0;7.0;48.819118;2.359522;2024-10-13 11:20:00
202400016940.0;1;75;75110;2;3;1.0;3.0;48.87093;2.360804;2024-10-13 14:30:00
202400016941.0;5;94;94074;2;1;1.0;6.0;48.7445;2.46541;2024-10-12 22:20:00
202400016942.0;5;94;94002;2;5;1.0;3.0;48.7959;2.42663;2024-10-13 20:00:00
202400016943.0;1;94;94041;2;2;1.0;3.0;48.81896;2.39923;2024-10-13 12:45:00
202400016944.0;5;93;93073;2;9;2.0;2.0;49.00349559;2.55870581;2024-10-13 05:10:00
202400016945.0;1;93;93066;2;1;1.0;1.0;48.91440561;2.35744389;2024-10-13 10:15:00
202400016946.0;5;93;93055;2;1;1.0;6.0;48.90391237;2.39243306;2024-10-13 19:30:00
202400016947.0;1;93;93053;2;1;1.0;6.0;48.88617613;2.44575763;2024-10-13 11:25:00
202400016948.0;5;92;92062;2;1;1.0;6.0;48.88479475;2.23964015;2024-10-11 19:20:00
202400016949.0;1;92;92050;2;2;1.0;3.0;48.88932487;2.20413432;2024-10-13 15:15:00
202400016950.0;5;92;92012;2;2;1.0;3.0;48.82732935;2.23450921;2024-10-13 20:10:00
202400016951.0;1;78;78356;1;3;1.0;3.0;48.74217;2.055951;2024-10-14 07:49:00
202400016952.0;1;71;71360;1;2;1.0;3.0;46.322119;4.767327;2024-10-13 16:12:00
202400016953.0;1;974;97415;1;1;1.0;2.0;-20.993496;55.28758;2024-10-08 17:30:00
202400016954.0;1;11;11413;1;1;1.0;1.0;43.341113;2.289169;2024-10-14 08:15:00
202400016955.0;1;9;9224;1;1;1.0;1.0;43.08359;1.433136;2024-10-13 12:10:00
202400016956.0;3;22;22190;1;1;1.0;7.0;48.526468;-2.091651;2024-10-13 00:45:00
202400016957.0;1;40;40036;2;1;1.0;6.0;43.642147;-1.341941;2024-10-14 07:55:00
202400016958.0;5;40;40304;2;1;1.0;6.0;43.656975;-1.416971;2024-10-06 02:45:00
202400016959.0;1;49;49188;1;4;1.0;1.0;47.587591;-0.288692;2024-10-14 12:55:00
202400016960.0;2;83;83004;1;3;1.0;6.0;43.46036512;6.47487316;2024-10-10 18:05:00
202400016961.0;1;59;59016;1;1;3.0;1.0;50.970066;2.372477;2024-10-14 10:40:00
202400016962.0;1;79;79007;1;1;1.0;7.0;46.584048;-0.416236;2024-10-13 10:00:00
202400016963.0;4;79;79179;1;6;1.0;7.0;46.705907;-0.598642;2024-10-12 01:18:00
202400016964.0;3;79;79061;1;1;1.0;7.0;46.255812;-0.225123;2024-10-12 22:30:00
202400016965.0;5;80;80597;1;6;1.0;3.0;50.073351;1.589606;2024-09-15 20:45:00
202400016966.0;1;82;82115;1;1;1.0;6.0;44.002107;1.58775;2024-10-13 14:50:00
202400016967.0;3;11;11269;1;1;1.0;4.0;43.295402;2.967355;2024-10-10 21:40:00
202400016968.0;2;41;41106;2;2;1.0;3.0;47.604172;2.036985;2024-10-14 18:55:00
202400016969.0;1;68;68258;2;1;1.0;7.0;47.844184;7.280824;2024-10-14 17:10:00
202400016970.0;1;22;22196;1;1;1.0;6.0;48.77944;-3.14636;2024-10-02 16:05:00
202400016971.0;1;44;44064;1;1;1.0;7.0;47.089834;-1.322522;2024-10-12 13:25:00
202400016972.0;2;44;44096;1;1;5.0;3.0;47.446865;-1.180944;2024-10-11 08:00:00
202400016973.0;5;29;29212;1;1;1.0;1.0;48.36688436;-4.57966692;2024-10-06 06:40:00
202400016974.0;1;31;31145;2;1;1.0;7.0;43.306289;1.528148;2024-10-13 12:20:00
202400016975.0;3;50;50487;1;1;1.0;1.0;48.500361;-1.391205;2024-10-13 19:36:00
202400016976.0;1;16;16167;2;3;2.0;3.0;45.685936;-0.185973;2024-10-12 14:45:00
202400016977.0;1;4;4084;1;1;7.0;6.0;43.952946;6.180443;2024-10-13 16:20:00
202400016978.0;3;85;85204;1;1;1.0;7.0;46.815157;-1.794956;2024-10-13 04:20:00
202400016979.0;1;27;27170;2;1;1.0;6.0;49.247656;0.37729;2024-10-11 12:05:00
202400016980.0;1;17;17098;1;1;1.0;1.0;45.528043;-0.7687;2024-10-14 12:10:00
202400016981.0;1;87;87019;1;1;1.0;6.0;45.764724;1.312051;2024-10-13 14:00:00
202400016982.0;1;987;98734;2;1;1.0;6.0;-17.76096166;-149.51045036;2024-10-13 16:00:00
202400016983.0;1;973;97307;1;1;1.0;3.0;4.859668;-52.33391;2024-10-09 08:30:00
202400016984.0;1;42;42011;1;9;1.0;2.0;45.835318;4.161555;2024-10-11 16:00:00
202400016985.0;1;1;1062;1;1;3.0;2.0;45.856573;5.110939;2024-10-12 15:41:00
202400016986.0;3;82;82049;1;1;1.0;1.0;44.07016683;0.82001761;2024-10-13 04:10:00
202400016987.0;1;36;36101;2;3;1.0;3.0;46.70032139;1.58727049;2024-09-30 15:25:00
202400016988.0;1;14;14712;1;1;1.0;2.0;49.191689;-0.188484;2024-10-11 16:00:00