Num_Acc;lum;departement;commune;agglomeration;intersection;meteo;type_collision;lat;long;date
202400016989.0;1;73;73065;1;1;1.0;3.0;45.602978;5.892406;2024-10-08 16:15:00
202400016990.0;3;77;77333;1;1;1.0;1.0;48.285349;2.695255;2024-10-13 22:50:00
202400016991.0;3;60;60505;1;1;9.0;1.0;49.171351;2.560287;2024-10-12 23:20:00
202400016992.0;3;977;97701;2;1;1.0;6.0;17.912593;-62.814256;2024-10-13 00:30:00
202400016993.0;2;971;97104;2;1;1.0;6.0;16.018926;-61.74697;2024-10-12 18:30:00
202400016994.0;1;78;78380;2;2;1.0;3.0;48.909939;1.846127;2024-10-13 16:10:00
202400016995.0;1;83;83071;1;1;1.0;2.0;43.134728;6.237182;2024-10-13 16:25:00
202400016996.0;2;83;83104;1;1;1.0;1.0;43.612294;5.702248;2024-10-13 19:35:00
202400016997.0;2;13;13096;1;1;2.0;3.0;43.467824;4.415855;2024-10-14 18:15:00
202400016998.0;2;13;13027;1;6;2.0;2.0;43.894367;4.822236;2024-10-14 17:40:00
202400016999.0;5;3;3298;2;1;3.0;7.0;46.318192;3.398053;2024-10-12 22:30:00
202400017000.0;1;73;73075;1;1;1.0;1.0;45.44378572;6.08640609;2024-10-14 13:40:00
202400017001.0;3;69;69140;2;1;1.0;7.0;45.891502;4.690497;2024-10-13 20:44:00
202400017002.0;1;33;33504;1;2;1.0;3.0;44.526925;-0.325534;2024-10-13 11:00:00
202400017003.0;3;49;49301;1;1;1.0;6.0;47.117767;-1.109426;2024-10-13 21:25:00
202400017004.0;2;44;44047;1;9;2.0;3.0;47.24251;-1.670029;2024-10-14 08:00:00
202400017005.0;1;50;50505;1;1;1.0;2.0;48.676163;-1.310082;2024-10-13 11:20:00
202400017006.0;1;35;35047;2;1;1.0;6.0;48.024886;-1.74527;2024-10-04 11:30:00
202400017007.0;1;13;13212;2;1;1.0;2.0;43.2907277;5.42449977;2024-10-13 19:00:00
202400017008.0;3;13;13026;1;1;1.0;3.0;43.37958366;5.16307982;2024-10-12 06:00:00
202400017009.0;1;83;83126;1;1;1.0;3.0;43.11971718;5.86322838;2024-10-13 14:45:00
202400017010.0;1;67;67152;1;9;1.0;7.0;48.52468;7.65725;2024-10-12 18:10:00
202400017011.0;3;91;91286;1;1;1.0;6.0;48.6494;2.38475;2024-10-12 21:15:00
202400017012.0;3;91;91689;1;1;1.0;5.0;48.74569;2.32537;2024-10-13 01:52:00
202400017013.0;3;91;91553;1;1;1.0;4.0;48.63045;2.48649;2024-10-12 23:51:00
202400017014.0;1;95;95277;1;1;2.0;4.0;48.96695166;2.47769618;2024-10-12 17:35:00
202400017015.0;1;93;93078;1;1;2.0;7.0;48.96300436;2.52239723;2024-10-12 14:40:00
202400017016.0;3;95;95061;1;1;1.0;2.0;49.06849224;2.25222096;2024-10-11 20:00:00
202400017017.0;1;93;93010;1;1;2.0;3.0;48.90059002;2.46986417;2024-10-12 13:50:00
202400017018.0;1;93;93005;1;1;2.0;5.0;48.96577048;2.47591738;2024-10-12 12:49:00
202400017019.0;3;95;95500;1;1;1.0;4.0;49.03753486;2.09060913;2024-10-12 05:20:00
202400017020.0;3;93;93053;1;1;1.0;6.0;48.89707199;2.46965129;2024-10-12 04:00:00
202400017021.0;3;93;93005;1;1;1.0;5.0;48.95384453;2.47352068;2024-10-12 02:00:00
202400017022.0;3;93;93010;1;1;1.0;2.0;48.91555081;2.47765535;2024-10-11 21:00:00
202400017023.0;3;77;77141;1;1;1.0;2.0;48.85105714;2.83579486;2024-10-13 05:45:00
202400017024.0;3;77;77169;1;1;2.0;2.0;48.8035342;2.62736421;2024-10-12 20:10:00
202400017025.0;1;94;94028;1;1;2.0;4.0;48.79983715;2.44627859;2024-10-12 13:45:00
202400017026.0;1;94;94018;1;1;3.0;2.0;48.82392287;2.39473975;2024-10-12 13:15:00
202400017027.0;1;44;44009;1;1;1.0;2.0;47.23039832;-1.46985985;2024-10-06 16:43:00
202400017028.0;2;44;44109;2;1;1.0;6.0;47.22128782;-1.55177151;2024-10-03 08:00:00
202400017029.0;1;44;44109;2;6;1.0;3.0;47.24121497;-1.53782643;2024-09-24 15:55:00
202400017030.0;1;14;14366;2;1;1.0;6.0;49.144482;0.261539;2024-10-11 17:35:00
202400017031.0;1;92;92026;2;9;1.0;3.0;48.89202353;2.24439383;2024-10-11 12:50:00
202400017032.0;1;75;75114;2;3;2.0;3.0;48.827795;2.329148;2024-03-11 16:15:00
202400017033.0;1;75;75113;2;2;8.0;6.0;48.833836;2.365158;2024-03-13 13:20:00
202400017034.0;1;75;75101;2;3;1.0;3.0;48.867208;2.328774;2024-03-13 15:39:00
202400017035.0;1;75;75103;2;3;8.0;6.0;48.864168;2.351379;2024-03-13 11:15:00
202400017036.0;5;75;75101;2;2;2.0;7.0;48.860069;2.349089;2024-03-13 00:20:00
202400017037.0;1;75;75101;2;2;8.0;7.0;48.859103;2.346459;2024-03-12 08:55:00
202400017038.0;1;94;94058;2;3;1.0;1.0;48.830063;2.509568;2024-03-03 11:00:00
202400017039.0;1;94;94003;2;1;1.0;6.0;48.809569;2.330582;2024-03-13 17:30:00
202400017040.0;5;94;94028;2;2;1.0;3.0;48.78816;2.44095;2024-03-10 21:50:00
202400017041.0;5;94;94015;2;6;1.0;3.0;48.82922;2.52973;2024-03-13 20:58:00
202400017042.0;2;93;93051;2;1;1.0;6.0;48.84942;2.56209;2024-03-13 07:55:00
202400017043.0;5;93;93033;2;5;2.0;6.0;48.85656;2.57744;2024-03-13 21:45:00
202400017044.0;2;93;93049;2;2;2.0;3.0;48.861904;2.500249;2024-03-13 06:40:00
202400017045.0;1;93;93006;2;2;1.0;7.0;48.86996361;2.42026448;2024-03-13 11:45:00
202400017046.0;5;93;93006;2;2;1.0;6.0;48.86224351;2.41616106;2024-03-12 00:01:00
202400017047.0;1;93;93047;2;1;1.0;6.0;48.899711;2.57741;2024-03-13 12:15:00
202400017048.0;5;92;92064;2;1;1.0;3.0;48.85515;2.22288;2024-03-13 20:38:00
202400017049.0;1;92;92044;2;1;8.0;7.0;48.89239;2.28829;2024-03-13 12:10:00
202400017050.0;1;94;94003;2;2;1.0;3.0;48.805731;2.325703;2024-07-01 11:40:00
202400017051.0;1;92;92025;2;3;2.0;6.0;48.90998071;2.23339251;2024-03-12 12:55:00
202400017052.0;2;94;94076;2;1;1.0;3.0;48.797573;2.366179;2024-07-01 06:15:00
202400017053.0;1;92;92060;2;1;2.0;6.0;48.77721;2.25953;2024-03-12 12:15:00
202400017054.0;5;92;92012;2;6;2.0;6.0;48.83375947;2.24327302;2024-03-12 19:29:00
202400017055.0;5;94;94043;2;3;1.0;3.0;48.81614;2.36435;2024-06-30 23:50:00
202400017056.0;1;12;12140;1;1;1.0;6.0;44.38474;1.899594;2024-03-12 12:15:00
202400017057.0;5;94;94073;2;3;1.0;3.0;48.766512;2.386446;2024-07-01 00:05:00
202400017058.0;1;8;8239;2;1;1.0;6.0;49.394807;4.382773;2024-03-14 10:40:00
202400017059.0;1;94;94028;2;9;1.0;1.0;48.78414718;2.45959961;2024-07-01 18:39:00
202400017060.0;1;94;94011;2;2;1.0;3.0;48.76242182;2.47948927;2024-07-01 18:55:00
202400017061.0;3;87;87120;1;1;2.0;1.0;45.560518;1.500578;2024-03-12 05:40:00
202400017062.0;1;94;94060;2;1;1.0;6.0;48.79339713;2.57938258;2024-07-01 10:00:00
202400017063.0;1;6;6095;1;4;1.0;1.0;43.65007;6.884823;2024-03-14 08:30:00
202400017064.0;1;93;93005;2;2;1.0;1.0;48.9529;2.499005;2024-06-30 20:17:00
202400017065.0;1;34;34270;2;2;1.0;6.0;43.572618;3.834459;2024-03-13 15:00:00
202400017066.0;5;93;93078;2;2;1.0;3.0;48.9525484;2.53500427;2024-07-01 00:01:00
202400017067.0;1;51;51248;2;1;1.0;1.0;48.755899;3.991629;2024-03-02 15:40:00
202400017068.0;1;93;93047;2;3;1.0;3.0;48.89679;2.57571;2024-06-30 19:05:00
202400017069.0;1;93;93008;2;1;1.0;6.0;48.91104313;2.42812729;2024-07-01 16:25:00
202400017070.0;1;31;31541;2;1;1.0;3.0;43.67577933;1.3650298;2024-03-13 08:15:00
202400017071.0;1;92;92063;2;2;1.0;3.0;48.8694984;2.1573827;2024-06-25 21:40:00
202400017072.0;1;55;55488;2;1;1.0;1.0;48.734289;5.245805;2024-03-14 11:30:00
202400017073.0;1;92;92049;2;2;1.0;7.0;48.81532817;2.31762725;2024-06-30 13:20:00
202400017074.0;1;72;72103;1;1;7.0;6.0;47.826071;0.571407;2024-03-13 16:40:00
202400017075.0;1;14;14100;2;1;1.0;6.0;49.043594;-0.32138;2024-03-14 08:45:00
202400017076.0;5;92;92035;2;2;1.0;3.0;48.90462415;2.23941565;2024-06-30 22:17:00
202400017077.0;1;27;27304;2;2;1.0;3.0;49.220479;1.680366;2024-03-13 18:00:00
202400017078.0;1;92;92035;2;1;1.0;3.0;48.906679;2.24605715;2024-06-30 14:00:00
202400017079.0;1;92;92026;2;1;1.0;3.0;48.8946405;2.25073434;2024-07-01 09:15:00
202400017080.0;2;80;80131;1;1;1.0;6.0;49.854147;2.358837;2024-03-13 18:42:00
202400017081.0;5;67;67326;2;1;1.0;7.0;48.62367475;7.69952506;2024-02-10 18:49:00
202400017082.0;1;40;40168;1;1;1.0;2.0;43.815269;-1.193819;2024-07-02 15:29:00
202400017083.0;1;69;69385;2;1;1.0;3.0;45.754533;4.779927;2024-03-14 08:35:00
202400017084.0;1;60;60643;2;1;1.0;6.0;49.558945;2.584166;2024-07-01 19:00:00
202400017085.0;3;83;83096;1;1;1.0;3.0;43.47213227;5.80838656;2024-03-13 22:05:00
202400017086.0;1;60;60040;1;3;1.0;3.0;49.416184;2.611189;2024-07-01 17:35:00
202400017087.0;5;27;27213;2;3;1.0;1.0;49.119999;1.639211;2024-03-13 20:40:00
202400017088.0;1;39;39487;1;1;1.0;1.0;46.571426;5.989807;2024-06-30 19:50:00
202400017089.0;1;42;42330;1;1;3.0;2.0;45.478527;4.351734;2024-03-09 17:55:00
202400017090.0;1;25;25212;1;1;1.0;2.0;47.280767;5.995792;2024-07-02 13:55:00
202400017091.0;1;17;17245;1;3;1.0;7.0;46.138594;-1.009047;2024-07-01 08:30:00
202400017092.0;1;33;33013;1;1;1.0;5.0;44.86467;-0.5038;2024-03-13 14:39:00
202400017093.0;1;16;16186;1;1;1.0;7.0;45.57901;-0.18992;2024-07-01 15:30:00
202400017094.0;1;59;59479;1;1;1.0;7.0;50.40127;3.61722;2024-03-08 10:45:00
202400017095.0;2;68;68029;2;1;1.0;3.0;47.921599;7.243536;2024-06-28 05:30:00
202400017096.0;1;92;92060;1;1;1.0;2.0;48.77452416;2.2403496;2024-03-13 08:30:00
202400017097.0;1;68;68023;2;1;1.0;7.0;48.160122;7.33092;2024-07-02 07:20:00
202400017098.0;1;67;67202;1;1;1.0;6.0;48.73967561;7.56336436;2024-07-02 10:20:00
202400017099.0;5;92;92050;1;1;2.0;7.0;48.90302962;2.19912449;2024-03-12 23:28:00
202400017100.0;1;83;83036;2;1;1.0;6.0;43.19008829;6.528422;2024-07-02 12:25:00
202400017101.0;5;92;92012;1;1;2.0;2.0;48.84817148;2.22577108;2024-03-12 20:33:00
202400017102.0;3;95;95277;1;1;1.0;6.0;48.98124593;2.49850875;2024-03-11 21:30:00
202400017103.0;1;14;14347;1;2;1.0;5.0;49.03717;-0.729546;2024-06-28 18:20:00
202400017104.0;3;93;93066;1;1;2.0;2.0;48.92279781;2.35128419;2024-03-11 18:15:00
202400017105.0;1;50;50487;1;1;1.0;6.0;48.528429;-1.343948;2024-07-02 16:55:00
202400017106.0;1;14;14061;1;1;1.0;2.0;49.022476;-0.837466;2024-07-02 17:28:00
202400017107.0;1;94;94058;1;1;1.0;5.0;48.84340048;2.49314717;2024-03-13 17:20:00
202400017108.0;5;74;74010;2;2;1.0;3.0;45.90846;6.1396;2024-01-11 19:20:00
202400017109.0;1;27;27148;1;1;8.0;2.0;48.974429;0.434818;2024-07-02 07:15:00
202400017110.0;1;74;74010;2;1;1.0;1.0;45.8925;6.0943;2024-01-11 13:15:00
202400017111.0;1;79;79161;1;2;1.0;1.0;46.936807;-0.243899;2024-07-02 11:40:00
202400017112.0;1;974;97411;2;1;1.0;6.0;-20.92533;55.4903;2024-03-12 14:20:00
202400017113.0;1;974;97411;1;9;1.0;6.0;-20.89527;55.4729;2024-03-12 07:40:00
202400017114.0;1;82;82042;1;3;1.0;3.0;44.169738;1.203636;2024-07-02 13:15:00
202400017115.0;1;65;65460;2;6;1.0;2.0;43.387289;0.067388;2024-06-30 17:35:00
202400017116.0;1;973;97302;2;3;1.0;2.0;4.9175039;-52.31285244;2024-03-12 13:22:00
202400017117.0;1;973;97302;2;3;1.0;3.0;4.94286389;-52.30615899;2024-03-11 07:50:00
202400017118.0;3;32;32160;1;1;1.0;1.0;43.601714;1.029732;2024-06-28 01:25:00
202400017119.0;2;42;42048;2;1;1.0;1.0;46.151327;4.172198;2024-05-17 18:10:00
202400017120.0;5;69;69387;2;2;1.0;1.0;45.7491;4.84213;2024-03-13 00:00:00
202400017121.0;1;69;69387;2;2;1.0;3.0;45.74639;4.85008;2024-03-12 14:50:00
202400017122.0;2;29;29146;1;3;1.0;3.0;47.91853531;-3.81582005;2024-06-10 07:35:00
202400017123.0;1;69;69034;2;2;8.0;3.0;45.80221;4.86209;2024-03-12 08:20:00
202400017124.0;2;3;3126;1;6;5.0;6.0;46.073402;3.436081;2024-06-29 06:00:00
202400017125.0;1;971;97113;1;1;1.0;2.0;16.21118;-61.4738;2024-03-11 18:10:00
202400017126.0;1;3;3110;1;9;8.0;1.0;46.127043;3.36062;2024-06-30 15:25:00
202400017127.0;1;70;70282;1;1;1.0;6.0;47.395749;5.793529;2024-07-01 16:40:00
202400017128.0;1;2A;2A004;2;1;1.0;6.0;41.93515;8.7443;2024-03-12 11:59:00
202400017129.0;1;58;58280;2;1;1.0;3.0;46.857976;3.389781;2024-07-01 18:45:00
202400017130.0;2;2A;2A004;2;1;2.0;2.0;41.94346;8.75419;2024-03-11 17:40:00
202400017131.0;1;66;66137;2;1;1.0;6.0;42.46184;2.863805;2024-06-30 10:30:00
202400017132.0;5;95;95680;2;6;1.0;6.0;48.99861665;2.41546271;2024-03-12 19:30:00
202400017133.0;1;54;54072;1;1;1.0;6.0;48.837775;6.09297;2024-07-02 07:00:00
202400017134.0;1;95;95203;2;1;2.0;6.0;48.99514287;2.27527506;2024-03-12 14:55:00
202400017135.0;1;72;72139;1;1;8.0;1.0;48.3085908;0.09513411;2024-07-02 09:05:00
202400017136.0;1;95;95598;2;1;1.0;3.0;48.98803454;2.30160087;2024-03-11 10:15:00
202400017137.0;1;72;72071;1;4;1.0;6.0;47.677272;0.407342;2024-06-25 07:32:00
202400017138.0;1;91;91570;2;1;1.0;6.0;48.63226;2.32585;2024-03-12 08:25:00
202400017139.0;1;6;6108;2;3;1.0;3.0;43.580974;6.958031;2024-06-14 09:20:00
202400017140.0;1;91;91471;2;1;2.0;3.0;48.6822;2.1854;2024-03-12 17:15:00
202400017141.0;1;90;90087;2;1;3.0;1.0;47.670821;6.922857;2024-07-01 15:04:00
202400017142.0;1;91;91122;2;1;1.0;3.0;48.69601;2.16223;2024-03-11 16:30:00
202400017143.0;1;36;36006;2;1;1.0;6.0;46.586754;1.51526;2024-07-02 07:45:00
202400017144.0;5;91;91345;2;2;2.0;6.0;48.693168;2.292827;2024-03-11 18:50:00
202400017145.0;1;16;16181;1;1;1.0;1.0;46.08832;0.674876;2024-07-02 13:20:00
202400017146.0;1;91;91114;2;1;2.0;6.0;48.6938;2.48968;2024-03-12 17:00:00
202400017147.0;1;17;17197;2;1;1.0;3.0;45.436549;-0.448546;2024-07-01 08:00:00
202400017148.0;1;91;91201;2;9;2.0;6.0;48.6821;2.4303;2024-03-11 16:40:00
202400017149.0;2;91;91228;2;1;2.0;6.0;48.63259;2.43395;2024-03-12 17:14:00
202400017150.0;1;37;37211;1;3;1.0;3.0;47.2426942;0.80945796;2024-07-01 07:45:00
202400017151.0;1;91;91228;2;1;8.0;6.0;48.619322;2.428118;2024-03-12 09:30:00
202400017152.0;1;37;37282;1;6;1.0;3.0;46.803239;0.835111;2024-06-25 10:20:00
202400017153.0;3;91;91223;2;9;1.0;2.0;48.43384;2.16763;2024-03-12 19:12:00
202400017154.0;1;37;37273;1;2;1.0;3.0;47.38225199;0.76184499;2024-06-25 14:51:00
202400017155.0;1;89;89387;2;2;1.0;3.0;48.1937;3.29307;2024-03-07 16:40:00
202400017156.0;1;87;87085;2;3;1.0;3.0;45.84572;1.26051;2024-03-11 18:00:00
202400017157.0;1;30;30344;1;3;1.0;5.0;43.736903;4.210875;2024-07-01 17:44:00
202400017158.0;1;87;87085;2;2;1.0;6.0;45.83519;1.26051;2024-03-11 17:00:00
202400017159.0;1;53;53140;1;9;1.0;2.0;48.106174;-0.739823;2024-07-01 08:45:00
202400017160.0;1;87;87085;2;6;1.0;3.0;45.81265;1.28119;2024-03-07 14:53:00
202400017161.0;1;90;90011;1;1;1.0;3.0;47.579298;6.857647;2024-07-02 09:15:00
202400017162.0;1;84;84007;2;2;1.0;3.0;43.94804;4.82222;2024-03-12 13:04:00
202400017163.0;5;6;6088;1;1;1.0;2.0;43.66975;7.20127;2024-07-02 00:15:00
202400017164.0;5;83;83118;2;1;1.0;1.0;43.44008626;6.77568251;2024-03-12 05:50:00
202400017165.0;1;13;13087;1;1;1.0;2.0;43.47255;5.635021;2024-07-02 08:30:00
202400017166.0;1;974;97418;1;1;1.0;3.0;-20.927971;55.57364;2024-07-01 12:34:00
202400017167.0;1;83;83050;2;2;1.0;1.0;43.53235;6.46325;2024-03-11 16:00:00
202400017168.0;1;78;78329;1;3;1.0;3.0;49.051362;1.819372;2024-06-23 21:05:00
202400017169.0;5;78;78440;2;3;2.0;6.0;48.97976;1.91306;2024-03-12 20:20:00
202400017170.0;1;4;4039;1;1;1.0;1.0;43.838118;6.494057;2024-06-30 11:15:00
202400017171.0;1;13;13059;1;1;1.0;1.0;43.621973;5.490847;2024-07-02 07:58:00
202400017172.0;3;77;77373;1;1;2.0;7.0;48.770136;2.633722;2024-03-13 00:35:00
202400017173.0;1;21;21517;1;1;1.0;7.0;47.11864;4.970205;2024-07-01 20:12:00
202400017174.0;5;77;77083;2;6;8.0;3.0;48.842695;2.583806;2024-03-12 06:50:00
202400017175.0;2;77;77407;2;1;2.0;6.0;48.53284;2.53771;2024-02-18 18:30:00
202400017176.0;1;51;51198;1;1;1.0;7.0;49.263968;3.724923;2024-06-23 18:00:00
202400017177.0;5;76;76540;2;2;1.0;6.0;49.4429;1.08444;2024-03-12 01:30:00
202400017178.0;1;44;44209;1;9;1.0;3.0;47.338645;-1.635938;2024-07-01 08:25:00
202400017179.0;3;76;76296;2;1;1.0;7.0;49.518345;0.262105;2024-03-08 21:50:00
202400017180.0;1;38;38377;2;1;1.0;1.0;45.5681775;5.45570567;2024-07-02 11:00:00
202400017181.0;1;38;38415;1;1;1.0;7.0;45.635005;5.245671;2024-06-30 17:23:00
202400017182.0;1;73;73008;2;1;1.0;4.0;45.69501;5.90492;2024-03-11 15:33:00
202400017183.0;1;72;72181;2;9;1.0;6.0;48.01416;0.2208;2024-03-11 17:20:00
202400017184.0;1;69;69121;1;1;1.0;3.0;45.85361086;4.6698803;2024-06-29 16:10:00
202400017185.0;1;72;72181;2;9;1.0;3.0;48.00121;0.18699;2024-03-11 12:05:00
202400017186.0;1;68;68224;2;1;1.0;3.0;47.7457;7.2983;2024-03-11 16:23:00
202400017187.0;5;69;69010;2;2;1.0;3.0;45.83714127;4.61715271;2024-05-19 04:40:00
202400017188.0;1;66;66136;2;3;1.0;3.0;42.69003;2.91161;2024-03-11 18:15:00
202400017189.0;2;64;64421;1;1;2.0;1.0;43.164567;-0.507946;2024-07-01 19:50:00
202400017190.0;1;64;64445;2;1;1.0;2.0;43.31323;-0.36252;2024-03-12 16:25:00
202400017191.0;1;33;33075;1;1;1.0;4.0;44.890045;-0.613629;2024-07-01 17:07:00
202400017192.0;1;64;64102;2;1;1.0;3.0;43.48584;-1.49153;2024-03-11 18:30:00
202400017193.0;1;59;59009;1;1;1.0;7.0;50.64951293;3.13961244;2024-06-27 19:30:00
202400017194.0;1;91;91136;1;1;1.0;3.0;48.715199;2.268896;2024-07-01 18:10:00
202400017195.0;5;63;63113;2;2;1.0;3.0;45.77425;3.0777;2024-03-12 19:07:00
202400017196.0;5;62;62193;2;1;1.0;1.0;50.9382154;1.83672969;2024-03-11 21:05:00
202400017197.0;1;62;62774;1;1;2.0;7.0;50.924499;1.718889;2024-02-04 12:33:00
202400017198.0;1;94;94034;1;1;1.0;3.0;48.75642;2.34164;2024-07-01 15:50:00
202400017199.0;1;56;56260;2;6;1.0;2.0;47.66549;-2.79489;2024-03-11 08:43:00
202400017200.0;1;91;91659;1;1;1.0;5.0;48.59136968;2.44548656;2024-07-01 07:40:00
202400017201.0;1;56;56121;2;3;1.0;3.0;47.74133;-3.37557;2024-03-10 14:35:00
202400017202.0;2;91;91434;1;1;1.0;3.0;48.668494;2.352973;2024-07-01 06:20:00
202400017203.0;3;91;91347;1;1;1.0;3.0;48.622986;2.292168;2024-07-01 02:55:00
202400017204.0;1;51;51454;2;3;1.0;3.0;49.254706;4.032194;2024-03-12 08:55:00
202400017205.0;5;50;50129;2;1;1.0;7.0;49.62234;-1.61273;2024-03-11 21:15:00
202400017206.0;1;92;92050;1;1;1.0;4.0;48.89347708;2.1888457;2024-07-01 17:30:00
202400017207.0;1;47;47031;2;1;1.0;1.0;44.18093;0.63374;2024-03-12 12:30:00
202400017208.0;1;92;92048;1;1;1.0;2.0;48.79551552;2.21784844;2024-07-01 08:30:00
202400017209.0;1;45;45147;2;3;1.0;3.0;47.92507;1.92212;2024-03-11 17:00:00
202400017210.0;1;92;92036;1;1;1.0;4.0;48.92811662;2.30271471;2024-06-30 21:20:00
202400017211.0;1;38;38151;2;1;8.0;6.0;45.15576;5.72113;2024-03-12 11:50:00
202400017212.0;1;78;78640;1;1;1.0;2.0;48.77809;2.2127;2024-06-30 15:05:00
202400017213.0;1;37;37122;2;1;1.0;4.0;47.33827;0.65342;2024-03-11 15:15:00
202400017214.0;1;35;35115;2;6;7.0;6.0;48.35066;-1.19649;2024-03-11 08:19:00
202400017215.0;1;92;92064;1;1;1.0;4.0;48.83921391;2.21834502;2024-06-30 07:35:00
202400017216.0;1;31;31555;2;1;8.0;6.0;43.5629;1.39515;2024-03-12 16:20:00
202400017217.0;1;29;29019;2;3;2.0;2.0;48.412892;-4.502246;2024-03-12 17:35:00
202400017218.0;3;93;93027;1;1;9.0;2.0;48.92568108;2.39637584;2024-07-01 00:45:00
202400017219.0;5;19;19031;2;1;1.0;6.0;45.16793;1.53888;2024-03-11 20:05:00
202400017220.0;3;95;95582;1;1;1.0;6.0;48.96346787;2.26421667;2024-06-30 22:00:00
202400017221.0;1;13;13117;2;1;1.0;3.0;43.47618;5.22776;2024-03-12 08:10:00
202400017222.0;3;77;77237;1;1;1.0;5.0;48.8317403;2.77165291;2024-06-29 01:20:00
202400017223.0;5;13;13210;2;2;1.0;3.0;43.2816;5.42683;2024-03-12 20:55:00
202400017224.0;2;13;13203;2;1;1.0;3.0;43.30893427;5.37074023;2024-03-11 19:20:00
202400017225.0;1;973;97306;1;1;1.0;1.0;5.410347;-53.710399;2024-01-07 15:30:00
202400017226.0;1;13;13208;2;1;1.0;6.0;43.25597462;5.37655688;2024-03-12 15:57:00
202400017227.0;1;44;44109;2;1;1.0;6.0;47.20171277;-1.54590832;2024-06-25 14:35:00
202400017228.0;1;13;13202;2;2;1.0;2.0;43.30629;5.36588;2024-03-12 14:30:00
202400017229.0;1;13;13209;2;3;1.0;3.0;43.24590218;5.42103052;2024-03-12 10:20:00
202400017230.0;1;44;44162;2;3;1.0;1.0;47.21810661;-1.60792887;2024-06-22 16:00:00
202400017231.0;1;13;13005;1;9;1.0;3.0;43.30697;5.55525;2024-03-12 16:00:00
202400017232.0;1;44;44109;2;1;1.0;3.0;47.23623546;-1.54634643;2024-05-24 13:00:00
202400017233.0;5;13;13001;2;1;1.0;1.0;43.52022;5.46042;2024-03-13 00:53:00
202400017234.0;1;44;44143;2;1;1.0;3.0;47.16392697;-1.54242349;2024-05-21 13:25:00
202400017235.0;1;11;11069;2;1;2.0;2.0;43.2098;2.36555;2024-03-11 17:30:00
202400017236.0;1;9;9225;2;6;1.0;6.0;43.104998;1.620066;2024-03-12 11:19:00
202400017237.0;1;987;98735;2;9;1.0;6.0;-17.53319;-149.5661;2024-06-30 11:28:00
202400017238.0;1;6;6029;2;1;1.0;2.0;43.54795;7.04206;2024-03-12 08:15:00
202400017239.0;5;974;97411;2;1;1.0;7.0;-20.88986;55.46319;2024-07-01 00:45:00
202400017240.0;1;6;6030;2;9;1.0;6.0;43.5711734;6.982607;2024-03-12 07:55:00
202400017241.0;5;2A;2A004;2;3;1.0;3.0;41.933923;8.753129;2024-06-30 23:30:00
202400017242.0;1;95;95428;2;1;1.0;6.0;49.00775;2.31638;2024-06-30 19:00:00
202400017243.0;1;6;6027;2;1;1.0;4.0;43.65538;7.15224;2024-03-12 09:00:00
202400017244.0;1;95;95598;2;1;1.0;6.0;48.99272976;2.31088334;2024-06-29 12:10:00
202400017245.0;2;4;4112;2;1;2.0;6.0;43.83067;5.77172;2024-03-11 06:15:00
202400017246.0;1;95;95127;2;1;1.0;6.0;49.05249484;2.04119471;2024-06-30 17:00:00
202400017247.0;1;75;75118;2;2;2.0;6.0;48.894869;2.343226;2024-03-12 16:00:00
202400017248.0;1;91;91161;2;1;1.0;1.0;48.69529;2.31157;2024-06-30 09:30:00
202400017249.0;1;75;75115;2;3;2.0;6.0;48.852798;2.298329;2024-03-12 13:30:00
202400017250.0;1;91;91421;2;1;1.0;2.0;48.71763;2.4453;2024-06-30 15:50:00
202400017251.0;1;83;83126;2;3;1.0;3.0;43.1114;5.88162;2024-06-30 12:00:00
202400017252.0;5;75;75112;2;3;2.0;3.0;48.847256;2.375275;2024-03-11 20:00:00
202400017253.0;1;83;83069;2;2;1.0;3.0;43.10966594;6.12360433;2024-06-30 11:25:00
202400017254.0;1;75;75109;2;2;2.0;1.0;48.882783;2.332071;2024-03-12 14:30:00
202400017255.0;1;75;75103;2;4;8.0;7.0;48.866842;2.361917;2024-03-12 09:35:00
202400017256.0;1;78;78146;2;1;1.0;6.0;48.90273;2.15867;2024-06-30 18:30:00
202400017257.0;1;94;94078;2;3;2.0;2.0;48.7278;2.44561;2024-03-11 17:00:00
202400017258.0;5;78;78208;2;9;1.0;6.0;48.76934;1.96615;2024-06-30 02:42:00
202400017259.0;1;76;76484;1;1;1.0;7.0;49.3387414;1.07226348;2024-06-30 10:30:00
202400017260.0;5;94;94068;2;1;2.0;3.0;48.79788076;2.49993762;2024-03-09 21:15:00
202400017261.0;2;76;76640;2;6;1.0;6.0;49.29045;1.0397;2024-06-30 07:00:00
202400017262.0;1;69;69266;2;1;1.0;6.0;45.78665;4.89419;2024-06-30 07:10:00
202400017263.0;1;93;93071;2;2;2.0;3.0;48.930558;2.529692;2024-03-11 16:45:00
202400017264.0;1;63;63113;2;1;8.0;6.0;45.78534;3.06857;2024-06-30 14:38:00
202400017265.0;1;93;93008;2;1;2.0;6.0;48.910619;2.41433;2024-03-12 12:00:00
202400017266.0;5;62;62065;1;9;1.0;6.0;50.39937188;2.8245928;2024-06-30 22:20:00
202400017267.0;5;59;59512;2;2;1.0;3.0;50.7071;3.16921;2024-06-30 04:15:00
202400017268.0;5;93;93077;2;3;2.0;6.0;48.874009;2.52952;2024-03-12 20:20:00
202400017269.0;1;56;56260;2;1;8.0;6.0;47.6436;-2.7416;2024-06-30 15:50:00
202400017270.0;1;46;46095;1;1;1.0;7.0;44.51835;1.35382;2024-06-28 14:42:00