Num_Acc;lum;departement;commune;agglomeration;intersection;meteo;type_collision;lat;long;date
202400017271.0;1;45;45284;2;1;2.0;2.0;47.90577;1.9506;2024-06-30 07:20:00
202400017272.0;5;93;93046;2;6;2.0;6.0;48.92934;2.5546;2024-03-12 20:05:00
202400017273.0;1;37;37261;2;1;1.0;6.0;47.36246;0.70187;2024-06-29 16:30:00
202400017274.0;1;29;29232;2;1;1.0;3.0;48.01654;-4.09806;2024-06-30 14:10:00
202400017275.0;5;91;91471;2;1;2.0;6.0;48.70588;2.19188;2024-11-18 17:50:00
202400017276.0;3;29;29232;1;1;1.0;7.0;48.03938806;-4.07526401;2024-06-30 03:38:00
202400017277.0;3;93;93010;2;3;1.0;2.0;48.906121;2.482873;2024-03-12 02:00:00
202400017278.0;5;91;91479;2;9;2.0;6.0;48.71;2.36;2024-11-19 17:40:00
202400017279.0;1;92;92077;2;1;1.0;3.0;48.82854905;2.19203174;2024-03-12 08:10:00
202400017280.0;5;87;87085;2;1;2.0;6.0;45.82538;1.27142;2024-11-20 00:39:00
202400017281.0;1;18;18279;2;3;1.0;7.0;47.22522;2.07321;2024-06-30 16:30:00
202400017282.0;2;92;92076;2;9;2.0;3.0;48.83751772;2.15461707;2024-03-12 17:50:00
202400017283.0;1;14;14117;2;1;1.0;7.0;49.285496;-0.139127;2024-06-30 19:15:00
202400017284.0;1;92;92064;2;1;2.0;2.0;48.84909778;2.22394252;2024-03-12 10:05:00
202400017285.0;1;84;84007;2;1;1.0;6.0;43.94557;4.80545;2024-11-19 10:55:00
202400017286.0;3;13;13071;1;1;1.0;1.0;43.41000972;5.32442526;2024-06-30 01:45:00
202400017287.0;1;92;92040;2;2;2.0;1.0;48.82693461;2.27925682;2024-03-12 11:55:00
202400017288.0;5;13;13202;2;1;1.0;3.0;43.296;5.36891;2024-06-30 01:40:00
202400017289.0;1;83;83144;1;6;6.0;3.0;43.14022;6.01016;2024-11-20 13:45:00
202400017290.0;2;92;92004;2;1;2.0;3.0;48.91222128;2.30225301;2024-03-12 19:50:00
202400017291.0;1;6;6029;1;1;1.0;6.0;43.55389;6.9568;2024-06-29 21:10:00
202400017292.0;5;83;83118;2;2;1.0;3.0;43.41493;6.80929;2024-11-14 19:00:00
202400017293.0;1;92;92002;2;9;1.0;3.0;48.77063452;2.31190431;2024-03-12 08:20:00
202400017294.0;1;5;5023;2;9;1.0;3.0;44.883543;6.623299;2024-06-30 10:20:00
202400017295.0;5;81;81004;2;1;2.0;6.0;43.9332;2.1466;2024-11-20 19:20:00
202400017296.0;3;974;97415;2;3;1.0;6.0;-21.034227;55.268867;2024-03-13 03:45:00
202400017297.0;2;3;3101;2;1;1.0;6.0;46.339433;2.567825;2024-06-30 22:10:00
202400017298.0;1;80;80021;2;1;2.0;6.0;49.89086;2.30645;2024-11-19 14:08:00
202400017299.0;1;79;79191;2;1;2.0;7.0;46.30224;-0.46584;2024-11-19 16:10:00
202400017300.0;1;35;35233;1;3;1.0;1.0;48.3568966;-1.77318357;2024-03-05 11:28:00
202400017301.0;1;75;75114;2;9;1.0;2.0;48.82495502;2.30390221;2024-06-30 17:40:00
202400017302.0;5;79;79081;2;1;1.0;7.0;46.36042;-0.37437;2024-11-17 18:00:00
202400017303.0;1;6;6149;1;1;1.0;6.0;43.749223;7.374777;2024-03-11 17:45:00
202400017304.0;5;75;75116;2;1;2.0;2.0;48.875228;2.276512;2024-06-29 22:00:00
202400017305.0;1;78;78638;2;1;1.0;3.0;49.00895;1.96086;2024-11-20 09:30:00
202400017306.0;1;28;28088;2;1;1.0;3.0;48.070132;1.328584;2024-03-13 17:44:00
202400017307.0;1;75;75117;2;2;1.0;3.0;48.88132;2.28236;2024-06-30 15:15:00
202400017308.0;1;77;77152;2;1;1.0;6.0;48.52873;2.64511;2024-11-20 09:35:00
202400017309.0;1;69;69285;1;1;1.0;1.0;45.758233;5.082675;2024-03-12 14:55:00
202400017310.0;3;75;75116;2;1;1.0;3.0;48.850195;2.241929;2024-06-30 06:15:00
202400017311.0;3;77;77288;2;1;2.0;6.0;48.53501;2.65764;2024-11-18 20:14:00
202400017312.0;1;75;75115;2;1;1.0;7.0;48.83487;2.282528;2024-06-30 12:50:00
202400017313.0;5;63;63473;2;1;1.0;1.0;45.93106084;3.09107502;2024-03-12 20:15:00
202400017314.0;3;74;74281;1;1;2.0;2.0;46.35455;6.46965;2024-11-20 20:00:00
202400017315.0;1;75;75112;2;2;1.0;1.0;48.837332;2.391246;2024-06-30 14:15:00
202400017316.0;3;28;28158;1;6;1.0;6.0;48.418692;1.445861;2024-03-12 21:45:00
202400017317.0;3;74;74010;1;1;1.0;6.0;45.89943;6.10704;2024-11-17 04:20:00
202400017318.0;1;75;75112;2;1;1.0;4.0;48.829391;2.439736;2024-06-30 12:00:00
202400017319.0;3;73;73011;2;4;2.0;6.0;45.65962;6.38649;2024-11-20 17:50:00
202400017320.0;1;28;28158;1;4;8.0;1.0;48.407835;1.417161;2024-03-12 15:33:00
202400017321.0;1;75;75110;2;7;1.0;3.0;48.867936;2.362293;2024-06-30 15:55:00
202400017322.0;5;67;67218;2;3;1.0;6.0;48.52255;7.71815;2024-11-20 07:05:00
202400017323.0;3;974;97410;2;1;1.0;6.0;-21.049734;55.69048;2024-03-12 23:30:00
202400017324.0;1;75;75108;2;3;1.0;3.0;48.865243;2.302995;2024-06-30 12:27:00
202400017325.0;1;64;64445;2;1;3.0;2.0;43.3170288;-0.31160831;2024-11-20 10:10:00
202400017326.0;2;75;75101;2;1;1.0;6.0;48.86247;2.330554;2024-06-28 18:35:00
202400017327.0;1;62;62397;2;2;1.0;1.0;50.862991;1.88007;2024-03-12 07:49:00
202400017328.0;5;64;64024;2;3;1.0;3.0;43.48004;-1.51655;2024-11-19 21:50:00
202400017329.0;5;94;94078;2;1;2.0;2.0;48.73828;2.44679;2024-06-30 01:25:00
202400017330.0;1;60;60358;2;3;1.0;3.0;49.19812285;2.91220415;2024-03-13 18:52:00
202400017331.0;1;59;59152;2;1;1.0;6.0;50.7676;3.03325;2024-11-20 09:55:00
202400017332.0;5;94;94071;2;1;2.0;6.0;48.767753;2.52462;2024-06-29 23:30:00
202400017333.0;1;83;83132;2;1;1.0;2.0;43.172191;6.05431;2024-03-13 09:30:00
202400017334.0;1;59;59368;2;2;7.0;6.0;50.65536509;3.0605438;2024-11-20 09:50:00
202400017335.0;1;93;93064;2;1;1.0;6.0;48.88041;2.4783;2024-06-30 18:20:00
202400017336.0;1;56;56098;2;1;1.0;3.0;47.77692;-3.34503;2024-11-16 17:00:00
202400017337.0;1;83;83116;1;1;1.0;1.0;43.440881;5.871511;2024-03-13 17:30:00
202400017338.0;5;93;93050;2;3;2.0;3.0;48.870295;2.554856;2024-06-30 02:30:00
202400017339.0;1;57;57171;1;1;8.0;6.0;48.881328;6.396073;2024-03-12 10:30:00
202400017340.0;1;55;55545;2;1;1.0;7.0;49.15825;5.38875;2024-10-30 14:00:00
202400017341.0;1;77;77137;1;1;1.0;7.0;48.723511;3.293318;2024-03-13 12:50:00
202400017342.0;1;93;93046;2;2;8.0;3.0;48.92014;2.53921;2024-06-30 08:07:00
202400017343.0;5;54;54547;2;6;3.0;3.0;48.64866;6.14519;2024-11-19 18:40:00
202400017344.0;1;65;65418;2;2;7.0;3.0;43.354384;0.193366;2024-03-13 09:35:00
202400017345.0;1;92;92050;2;1;1.0;6.0;48.88892568;2.18867826;2024-06-30 19:17:00
202400017346.0;1;51;51454;2;1;1.0;2.0;49.263277;4.055527;2024-11-20 15:23:00
202400017347.0;1;71;71029;1;1;1.0;6.0;46.853482;5.355712;2024-03-13 17:10:00
202400017348.0;5;50;50147;2;4;1.0;3.0;49.04941;-1.44745;2024-11-17 20:25:00
202400017349.0;1;92;92024;2;1;1.0;4.0;48.90820725;2.3003819;2024-06-30 09:30:00
202400017350.0;1;49;49007;2;1;1.0;6.0;47.45146;-0.53242;2024-11-20 08:30:00
202400017351.0;1;71;71305;1;3;1.0;1.0;46.477713;4.861579;2024-03-12 15:50:00
202400017352.0;1;92;92012;2;1;1.0;7.0;48.83755609;2.24780524;2024-06-30 21:35:00
202400017353.0;1;49;49007;2;3;1.0;6.0;47.45939;-0.53606;2024-11-20 08:27:00
202400017354.0;1;92;92012;2;2;1.0;3.0;48.84052343;2.23022801;2024-06-30 11:45:00
202400017355.0;1;45;45234;2;1;1.0;6.0;47.91591;1.92389;2024-11-20 09:47:00
202400017356.0;1;63;63040;2;9;1.0;6.0;45.725311;3.33935;2024-03-13 14:45:00
202400017357.0;5;44;44109;2;1;2.0;6.0;47.20869;-1.53035;2024-11-19 19:30:00
202400017358.0;1;61;61287;1;1;1.0;6.0;48.811512;-0.562765;2024-03-08 12:30:00
202400017359.0;1;92;92004;2;1;1.0;3.0;48.91550148;2.29259169;2024-06-30 12:45:00
202400017360.0;1;38;38185;2;9;2.0;3.0;45.16456;5.724;2024-11-20 10:00:00
202400017361.0;1;34;34276;2;3;1.0;3.0;43.773898;3.874317;2024-07-01 14:20:00
202400017362.0;3;61;61007;1;2;2.0;3.0;48.773849;-0.428485;2024-03-12 20:05:00
202400017363.0;1;38;38185;2;2;2.0;6.0;45.17073;5.74046;2024-11-20 12:55:00
202400017364.0;3;974;97415;1;1;1.0;1.0;-21.015546;55.270927;2024-07-01 20:25:00
202400017365.0;1;35;35055;2;6;8.0;3.0;48.08829;-1.625;2024-11-20 16:45:00
202400017366.0;1;55;55216;1;3;1.0;1.0;49.296251;5.655183;2024-03-02 09:55:00
202400017367.0;1;49;49192;1;1;2.0;1.0;47.01719;-0.738595;2024-06-29 12:15:00
202400017368.0;1;35;35278;2;6;1.0;3.0;48.14027;-1.6868;2024-11-20 10:15:00
202400017369.0;3;49;49373;1;1;1.0;2.0;47.150204;-0.476916;2024-03-12 19:30:00
202400017370.0;1;28;28161;1;1;1.0;6.0;48.250712;1.121764;2024-07-01 10:35:00
202400017371.0;5;34;34172;2;1;1.0;6.0;43.62013;3.85378;2024-11-20 18:00:00
202400017372.0;3;41;41042;1;1;1.0;3.0;47.239618;1.388226;2024-03-12 20:00:00
202400017373.0;1;67;67073;1;2;1.0;1.0;48.26720744;7.41998792;2024-06-26 13:25:00
202400017374.0;1;34;34172;2;1;1.0;5.0;43.6091;3.85664;2024-11-20 07:45:00
202400017375.0;1;39;39448;1;1;8.0;2.0;47.003789;5.511234;2024-03-12 17:45:00
202400017376.0;1;974;97405;1;2;1.0;3.0;-21.370095;55.5808;2024-04-25 16:45:00
202400017377.0;5;33;33249;2;2;1.0;3.0;44.87015;-0.51228;2024-11-21 00:10:00
202400017378.0;5;11;11148;2;1;1.0;6.0;43.169733;2.685893;2024-06-30 23:15:00
202400017379.0;1;25;25318;1;1;2.0;2.0;46.75396;6.380555;2024-03-13 13:30:00
202400017380.0;5;33;33063;2;3;2.0;3.0;44.8666;-0.62365;2024-11-20 18:45:00
202400017381.0;1;54;54067;1;1;1.0;7.0;49.438162;5.697613;2024-06-29 16:37:00
202400017382.0;1;29;29105;1;1;1.0;6.0;48.51824155;-4.05241367;2024-06-29 14:10:00
202400017383.0;1;22;22337;1;1;1.0;6.0;48.352343;-2.296175;2024-06-30 13:20:00
202400017384.0;4;31;31555;2;1;2.0;4.0;43.56923318;1.42273396;2024-11-20 23:50:00
202400017385.0;1;35;35299;2;1;2.0;1.0;48.63695;-1.900603;2024-03-12 16:15:00
202400017386.0;5;31;31555;2;6;2.0;3.0;43.56742;1.40185;2024-11-20 19:30:00
202400017387.0;1;974;97414;1;1;1.0;3.0;-21.210679;55.400577;2024-06-30 17:00:00
202400017388.0;2;29;29146;1;1;1.0;6.0;47.89771935;-3.81066223;2024-03-13 07:10:00
202400017389.0;3;29;29232;1;1;1.0;3.0;47.95705363;-4.04524417;2024-11-17 00:40:00
202400017390.0;3;974;97413;2;1;1.0;1.0;-21.16103469;55.28741652;2024-05-31 19:00:00
202400017391.0;1;26;26165;1;1;1.0;2.0;44.779832;4.848238;2024-03-12 17:25:00
202400017392.0;3;24;24462;1;1;1.0;6.0;45.002906;0.35941365;2024-06-30 22:37:00
202400017393.0;5;29;29039;2;2;1.0;6.0;47.871829;-3.925329;2024-11-20 18:05:00
202400017394.0;3;5;5170;1;3;1.0;2.0;44.44711012;6.03220086;2024-03-12 22:50:00
202400017395.0;3;56;56102;1;1;1.0;7.0;47.996613;-2.554707;2024-06-30 22:45:00
202400017396.0;4;29;29019;2;1;2.0;6.0;48.397443;-4.517761;2024-11-19 17:20:00
202400017397.0;1;28;28134;2;1;8.0;6.0;48.74833;1.38783;2024-11-19 08:05:00
202400017398.0;1;56;56078;1;1;1.0;7.0;47.808125;-3.502525;2024-06-26 08:35:00
202400017399.0;1;64;64119;1;2;1.0;3.0;43.213129;-0.244478;2024-03-13 10:40:00
202400017400.0;3;16;16377;1;1;1.0;6.0;45.86537;0.361212;2024-03-13 04:40:00
202400017401.0;5;28;28134;2;6;1.0;3.0;48.74596;1.3459;2024-11-17 17:50:00
202400017402.0;1;56;56179;1;1;8.0;3.0;47.814848;-3.407489;2024-07-01 08:10:00
202400017403.0;1;7;7215;1;1;1.0;6.0;44.891744;4.490908;2024-03-13 14:45:00
202400017404.0;2;53;53002;2;1;1.0;6.0;48.230199;-0.767991;2024-03-12 19:20:00
202400017405.0;5;13;13201;2;2;1.0;3.0;43.30046;5.38828;2024-11-20 19:18:00
202400017406.0;1;11;11397;1;1;1.0;2.0;43.20466;2.466334;2024-07-01 11:05:00
202400017407.0;1;13;13005;2;1;1.0;3.0;43.28625379;5.59862942;2024-11-20 12:15:00
202400017408.0;2;71;71558;1;1;1.0;6.0;46.54139;5.24466;2024-07-01 05:00:00
202400017409.0;1;28;28350;1;2;8.0;3.0;48.450927;1.29386;2024-03-10 10:10:00
202400017410.0;1;6;6083;2;1;1.0;1.0;43.7853;7.50464;2024-11-20 12:40:00
202400017411.0;1;49;49138;1;1;1.0;7.0;47.424661;-0.143251;2024-03-13 16:15:00
202400017412.0;1;6;6029;2;1;1.0;6.0;43.5510698;7.0132718;2024-11-20 13:20:00
202400017413.0;1;71;71014;2;1;1.0;6.0;46.951595;4.290993;2024-06-30 21:15:00
202400017414.0;1;1;1077;1;1;1.0;3.0;46.111535;5.4648;2024-03-08 07:30:00
202400017415.0;5;5;5061;2;1;1.0;5.0;44.53955;6.06379;2024-11-15 19:35:00
202400017416.0;1;89;89002;1;2;1.0;3.0;47.717493;3.909899;2024-06-12 18:35:00
202400017417.0;1;49;49007;2;1;1.0;6.0;47.467963;-0.565882;2024-03-13 08:37:00
202400017418.0;3;51;51097;1;1;2.0;6.0;49.030257;4.546752;2024-03-13 02:05:00
202400017419.0;5;75;75116;2;1;1.0;2.0;48.845853;2.255072;2024-11-20 13:25:00
202400017420.0;1;89;89034;1;1;2.0;1.0;47.8128;3.705;2024-07-01 09:20:00
202400017421.0;2;49;49178;1;1;1.0;7.0;47.6292051;-0.96204487;2024-06-16 08:00:00
202400017422.0;5;75;75106;2;2;2.0;3.0;48.852109;2.340361;2024-11-20 00:15:00
202400017423.0;1;69;69086;1;3;1.0;5.0;45.833699;4.669656;2024-03-05 15:00:00
202400017424.0;1;49;49362;2;1;1.0;2.0;47.231743;-0.072709;2024-06-29 17:45:00
202400017425.0;5;75;75116;2;2;1.0;6.0;48.86511;2.234498;2024-11-20 18:00:00
202400017426.0;2;974;97417;2;1;7.0;6.0;-21.359714;55.720543;2024-03-12 18:00:00
202400017427.0;2;34;34150;2;1;1.0;1.0;43.32035;3.539711;2024-06-28 21:00:00
202400017428.0;1;75;75116;2;3;8.0;3.0;48.870981;2.294197;2024-11-20 08:30:00
202400017429.0;1;33;33199;2;1;1.0;6.0;44.636198;-1.081601;2024-03-06 11:00:00
202400017430.0;1;44;44090;1;1;1.0;1.0;46.999375;-1.735947;2024-06-28 15:08:00
202400017431.0;1;75;75115;2;3;1.0;3.0;48.85033;2.29487;2024-11-20 12:45:00
202400017432.0;1;91;91359;1;1;1.0;1.0;48.395773;2.406006;2024-03-13 13:34:00
202400017433.0;1;44;44087;1;1;1.0;1.0;47.030355;-1.81886;2024-06-30 20:45:00
202400017434.0;1;34;34154;2;1;1.0;1.0;43.621526;4.002435;2024-03-06 13:50:00
202400017435.0;1;44;44048;1;3;1.0;3.0;47.39613414;-1.24819279;2024-06-29 17:45:00
202400017436.0;1;84;84122;2;9;1.0;6.0;44.086579;4.97009;2024-03-13 08:48:00
202400017437.0;1;75;75107;2;3;1.0;1.0;48.861105;2.313226;2024-11-20 12:45:00
202400017438.0;1;35;35297;1;1;1.0;6.0;48.177829;-2.193607;2024-06-28 09:50:00
202400017439.0;1;83;83115;1;1;1.0;6.0;43.35534;6.602435;2024-03-13 14:05:00
202400017440.0;5;94;94081;2;1;3.0;6.0;48.795849;2.397975;2024-11-18 19:00:00
202400017441.0;1;38;38272;1;1;1.0;3.0;45.225881;5.316267;2024-06-29 09:45:00
202400017442.0;3;83;83113;1;1;1.0;6.0;43.69707743;5.90173872;2024-03-12 20:25:00
202400017443.0;3;94;94046;2;3;2.0;6.0;48.8049;2.442523;2024-11-20 07:40:00
202400017444.0;5;94;94041;2;1;1.0;3.0;48.81257;2.38628;2024-11-17 22:17:00
202400017445.0;1;25;25350;1;1;1.0;1.0;47.482728;6.686983;2024-03-13 16:55:00
202400017446.0;1;38;38001;2;3;1.0;3.0;45.51056664;5.59776563;2024-06-30 16:30:00
202400017447.0;5;94;94073;2;1;2.0;6.0;48.75697995;2.38852698;2024-11-20 06:35:00
202400017448.0;1;38;38287;1;9;1.0;1.0;45.443663;5.501189;2024-07-01 16:45:00
202400017449.0;2;42;42094;2;2;2.0;3.0;45.736373;4.235884;2024-03-12 07:30:00
202400017450.0;5;94;94033;2;1;3.0;3.0;48.85703;2.49171;2024-11-19 19:20:00
202400017451.0;1;38;38269;2;3;1.0;6.0;44.906438;5.787775;2024-06-29 14:55:00
202400017452.0;3;42;42113;1;1;2.0;6.0;45.746466;4.301265;2024-03-12 20:00:00
202400017453.0;5;94;94028;2;9;2.0;3.0;48.794553;2.459705;2024-11-18 20:22:00
202400017454.0;1;94;94073;2;1;1.0;6.0;48.76863;2.4026;2024-11-20 13:50:00
202400017455.0;1;94;94002;2;1;1.0;6.0;48.80502;2.41931;2024-11-20 12:15:00
202400017456.0;1;26;26057;1;2;1.0;3.0;45.00494581;5.06291628;2024-03-11 12:25:00
202400017457.0;1;3;3149;1;3;1.0;1.0;46.315413;3.258884;2024-06-29 15:00:00
202400017458.0;1;95;95527;1;1;1.0;2.0;49.00709905;2.5114274;2024-11-20 16:20:00
202400017459.0;3;50;50531;2;2;1.0;3.0;48.681267;-1.2525;2024-03-13 20:10:00
202400017460.0;3;93;93053;2;1;3.0;6.0;48.89305111;2.44635042;2024-11-19 18:55:00
202400017461.0;1;3;3258;2;1;1.0;6.0;46.181405;3.38888;2024-07-01 14:05:00
202400017462.0;3;60;60134;1;1;2.0;6.0;49.319015;2.440539;2024-03-11 20:57:00
202400017463.0;1;15;15021;1;1;1.0;7.0;44.765201;2.259396;2024-06-30 17:00:00
202400017464.0;1;93;93051;2;1;1.0;2.0;48.84598914;2.54070371;2024-11-20 08:25:00
202400017465.0;1;2;2676;1;1;2.0;1.0;49.505147;3.855515;2024-03-13 08:15:00
202400017466.0;1;26;26113;2;1;1.0;7.0;44.753336;5.367564;2024-07-01 12:10:00
202400017467.0;5;93;93029;2;1;1.0;3.0;48.92050729;2.4527706;2024-11-20 18:55:00
202400017468.0;1;72;72143;2;1;1.0;6.0;47.869483;0.467547;2024-06-28 19:00:00
202400017469.0;5;93;93027;2;3;2.0;6.0;48.92428;2.38446;2024-11-19 18:33:00
202400017470.0;1;72;72224;1;1;1.0;6.0;48.025137;0.486757;2024-06-28 13:50:00
202400017471.0;1;14;14138;1;1;1.0;6.0;49.248822;-1.03287;2024-06-29 08:45:00
202400017472.0;1;92;92046;2;1;8.0;3.0;48.82009;2.31101;2024-11-20 09:15:00
202400017473.0;5;92;92064;2;3;2.0;6.0;48.84358756;2.22274829;2024-11-20 18:00:00
202400017474.0;1;45;45204;1;3;1.0;6.0;47.797768;1.825472;2024-05-12 13:00:00
202400017475.0;5;92;92020;1;3;3.0;6.0;48.79963221;2.28038996;2024-11-19 18:15:00
202400017476.0;2;10;10114;1;1;2.0;3.0;48.51167435;3.61709028;2024-06-30 07:35:00
202400017477.0;1;16;16335;1;1;1.0;6.0;46.06654392;0.13790309;2024-06-29 17:22:00
202400017478.0;1;92;92036;2;1;1.0;2.0;48.92542216;2.30751559;2024-11-20 10:15:00
202400017479.0;1;53;53013;1;1;1.0;7.0;48.327546;-0.217334;2024-06-26 19:05:00
202400017480.0;1;92;92012;2;1;1.0;6.0;48.84306072;2.22588211;2024-11-20 08:00:00
202400017481.0;1;40;40284;2;1;1.0;6.0;43.660564;-1.304636;2024-06-28 17:00:00
202400017482.0;1;92;92009;2;1;1.0;3.0;48.90686621;2.25809192;2024-11-20 13:17:00
202400017483.0;3;91;91648;1;9;1.0;1.0;48.571546;2.365435;2024-11-14 18:00:00
202400017484.0;1;24;24356;1;1;1.0;1.0;45.02505712;0.97968138;2024-06-29 14:50:00
202400017485.0;1;84;84094;1;1;1.0;1.0;44.27212;5.1322;2024-11-20 14:45:00
202400017486.0;1;24;24355;2;1;1.0;3.0;44.82537;1.183495;2024-06-30 16:45:00
202400017487.0;1;22;22223;1;1;2.0;2.0;48.567322;-3.2073;2024-11-20 09:05:00
202400017488.0;2;8;8264;1;1;1.0;6.0;49.355283;4.504732;2024-06-30 21:45:00
202400017489.0;4;69;69050;1;1;6.0;6.0;45.8544274;4.65040804;2024-06-29 23:00:00
202400017490.0;5;34;34217;2;1;8.0;1.0;43.683019;3.863904;2024-11-01 19:10:00
202400017491.0;3;79;79061;2;1;2.0;7.0;46.230723;-0.23052;2024-11-19 17:15:00
202400017492.0;1;49;49018;2;6;1.0;6.0;47.537686;-0.10132;2024-11-20 09:10:00
202400017493.0;3;51;51617;1;1;1.0;6.0;49.034492;4.357796;2024-07-01 00:10:00
202400017494.0;1;12;12165;1;1;2.0;1.0;44.501977;2.550405;2024-11-21 08:30:00
202400017495.0;3;986;98613;1;1;1.0;6.0;-13.324733;-176.191156;2024-06-15 01:30:00
202400017496.0;1;12;12032;1;4;5.0;1.0;44.302814;2.398506;2024-11-19 13:50:00
202400017497.0;1;974;97419;2;1;1.0;3.0;-21.139458;55.809002;2024-06-30 14:40:00
202400017498.0;3;46;46279;1;1;2.0;6.0;44.74188488;1.97245538;2024-11-20 06:50:00
202400017499.0;1;68;68099;2;3;1.0;1.0;47.689753;7.271469;2024-11-20 08:30:00
202400017500.0;2;22;22046;1;1;8.0;2.0;48.301245;-2.554375;2024-11-18 16:50:00
202400017501.0;1;44;44036;2;1;1.0;7.0;47.715454;-1.363329;2024-11-20 12:30:00
202400017502.0;5;29;29259;2;9;1.0;6.0;48.67837136;-3.98892529;2024-11-20 18:30:00
202400017503.0;2;29;29204;2;1;1.0;6.0;48.50780943;-4.21843193;2024-11-20 07:45:00
202400017504.0;3;29;29054;1;3;1.0;6.0;48.38181691;-3.84502784;2024-11-20 21:50:00
202400017505.0;3;31;31142;1;1;3.0;1.0;42.856132;0.60589;2024-11-20 19:45:00
202400017506.0;1;38;38384;1;2;2.0;3.0;45.338406;5.332865;2024-11-21 11:00:00
202400017507.0;1;2;2215;2;6;1.0;3.0;49.462668;3.823864;2024-11-20 12:50:00
202400017508.0;1;1;1098;1;1;1.0;3.0;45.793635;5.683013;2024-11-20 12:00:00
202400017509.0;3;1;1134;1;1;1.0;3.0;46.289642;4.908416;2024-11-21 06:45:00
202400017510.0;3;70;70405;1;2;1.0;3.0;47.493849;6.107218;2024-11-20 20:25:00
202400017511.0;1;54;54152;2;4;1.0;1.0;48.557875;6.384661;2024-11-20 09:30:00
202400017512.0;1;6;6059;2;1;1.0;7.0;43.730232;7.372545;2024-11-21 14:20:00
202400017513.0;1;50;50452;1;1;4.0;2.0;48.565493;-1.10176;2024-11-21 15:40:00
202400017514.0;3;73;73007;1;1;3.0;6.0;45.560225;6.253093;2024-11-19 20:50:00
202400017515.0;3;53;53121;1;1;1.0;6.0;48.400545;-0.321071;2024-11-20 17:45:00
202400017516.0;4;85;85026;2;1;8.0;3.0;46.544973;-1.400421;2024-11-20 18:25:00
202400017517.0;1;37;37101;1;2;1.0;3.0;47.674548;0.633409;2024-07-20 17:15:00
202400017518.0;3;37;37018;1;1;2.0;6.0;47.339383;0.599045;2024-11-21 18:20:00
202400017519.0;3;30;30004;1;6;1.0;3.0;43.705546;4.191842;2024-11-21 19:45:00
202400017520.0;1;8;8385;1;1;1.0;4.0;49.7562726;4.78485574;2024-11-20 13:10:00
202400017521.0;1;69;69244;2;2;1.0;6.0;45.758231;4.774752;2024-11-20 13:00:00
202400017522.0;1;82;82037;1;1;2.0;1.0;44.1502985;1.51107008;2024-11-20 10:15:00
202400017523.0;1;45;45344;1;1;4.0;6.0;47.786821;1.599605;2024-11-21 13:50:00
202400017524.0;1;84;84078;1;1;2.0;2.0;44.249203;4.710163;2024-11-21 16:45:00
202400017525.0;1;971;97119;1;1;1.0;1.0;16.389552;-61.464037;2024-11-20 10:45:00
202400017526.0;1;971;97117;1;1;1.0;6.0;16.312631;-61.379717;2024-11-18 17:10:00
202400017527.0;3;971;97118;1;1;1.0;6.0;16.238631;-61.588722;2024-11-20 17:55:00
202400017528.0;1;971;97134;1;1;1.0;6.0;16.036572;-61.751417;2024-11-15 09:45:00
202400017529.0;2;29;29234;1;1;8.0;6.0;47.83501365;-3.50164552;2024-11-20 17:00:00
202400017530.0;3;91;91461;1;6;1.0;2.0;48.591994;2.207565;2024-10-02 07:00:00
202400017531.0;1;21;21464;2;1;7.0;6.0;47.140796;4.948638;2024-11-20 10:25:00
202400017532.0;5;42;42005;2;1;1.0;3.0;45.528505;4.271885;2024-11-02 17:56:00
202400017533.0;5;38;38344;2;1;1.0;3.0;45.366029;4.800171;2024-11-19 19:55:00
202400017534.0;3;38;38377;1;1;2.0;7.0;45.572156;5.468551;2024-11-21 17:30:00
202400017535.0;1;38;38317;2;2;1.0;6.0;45.123053;5.697784;2024-11-20 10:50:00
202400017536.0;1;85;85129;2;1;3.0;6.0;46.846233;-1.494048;2024-11-21 08:50:00
202400017537.0;3;49;49301;1;1;2.0;7.0;47.133301;-1.150314;2024-11-19 22:45:00
202400017538.0;5;56;56007;2;1;1.0;6.0;47.67051;-2.991012;2024-11-20 19:15:00
202400017539.0;1;22;22136;1;1;1.0;1.0;48.184533;-2.720009;2024-11-20 13:40:00
202400017540.0;2;60;60612;1;1;1.0;1.0;49.208684;2.566429;2024-11-21 07:54:00
202400017541.0;3;54;54304;1;1;5.0;2.0;48.67868287;6.11987829;2024-11-07 19:05:00
202400017542.0;1;33;33013;1;1;2.0;6.0;44.86157;-0.50351;2024-11-20 09:45:00
202400017543.0;1;94;94034;1;1;2.0;2.0;48.76061147;2.31935953;2024-11-20 08:40:00
202400017544.0;2;92;92050;1;1;8.0;2.0;48.90648919;2.21082598;2024-11-19 07:50:00
202400017545.0;3;94;94044;1;1;4.0;5.0;48.7580093;2.47075818;2024-11-21 22:45:00
202400017546.0;2;77;77468;1;1;2.0;3.0;48.83238556;2.66551763;2024-11-20 18:45:00
202400017547.0;1;24;24193;1;4;1.0;1.0;44.815667;0.365703;2024-09-17 11:04:00
202400017548.0;5;73;73227;1;1;1.0;1.0;45.42851536;6.63375333;2024-07-14 02:50:00
202400017549.0;5;59;59122;2;1;1.0;6.0;50.17648;3.24905;2024-11-16 19:50:00
202400017550.0;1;57;57581;1;1;1.0;1.0;49.02649;6.964973;2024-08-16 08:50:00
202400017551.0;1;974;97416;1;1;1.0;3.0;-21.31698;55.54656;2024-11-19 16:54:00
202400017552.0;1;974;97416;2;1;1.0;5.0;-21.3362;55.47042;2024-02-27 14:15:00
202400017553.0;1;974;97409;1;1;1.0;6.0;-20.935;55.669;2024-11-19 12:30:00