Num_Acc;lum;departement;commune;agglomeration;intersection;meteo;type_collision;lat;long;date
202400017554.0;1;69;69386;2;1;1.0;6.0;45.76937;4.84721;2024-11-19 10:30:00
202400017555.0;1;972;97209;2;1;1.0;2.0;14.61574;-61.07523;2024-11-19 18:00:00
202400017556.0;1;69;69202;2;1;8.0;2.0;45.74938;4.79503;2024-11-19 16:20:00
202400017557.0;1;2B;2B120;2;1;1.0;1.0;42.64577;9.44007;2024-11-18 11:54:00
202400017558.0;5;95;95585;2;2;8.0;1.0;48.98046584;2.38813048;2024-11-14 18:15:00
202400017559.0;5;91;91570;2;1;2.0;2.0;48.6341;2.2993;2024-11-18 17:09:00
202400017560.0;5;91;91286;2;2;1.0;3.0;48.65193;2.38492;2024-11-19 05:40:00
202400017561.0;5;91;91174;2;3;3.0;6.0;48.61508;2.46262;2024-11-19 18:00:00
202400017562.0;2;90;90010;2;2;1.0;6.0;47.6415;6.85584;2024-11-18 16:57:00
202400017563.0;1;87;87085;2;3;1.0;6.0;45.82876;1.25644;2024-11-18 16:59:00
202400017564.0;3;85;85194;2;1;3.0;6.0;46.50408;-1.7907;2024-11-19 18:10:00
202400017565.0;1;83;83137;2;1;1.0;6.0;43.13314539;5.91764022;2024-11-18 10:20:00
202400017566.0;1;80;80674;2;1;2.0;1.0;49.9129;2.3407;2024-11-18 13:00:00
202400017567.0;5;78;78297;2;3;2.0;6.0;48.7753;2.06219;2024-11-18 18:05:00
202400017568.0;3;77;77258;1;1;2.0;4.0;48.83259;2.6211;2024-11-18 17:50:00
202400017569.0;3;77;77143;1;1;3.0;5.0;48.98933;2.87902;2024-11-19 18:04:00
202400017570.0;2;76;76451;2;2;2.0;6.0;49.46596;1.07117;2024-11-19 08:05:00
202400017571.0;1;76;76351;2;1;2.0;6.0;49.50794;0.10018;2024-11-18 14:00:00
202400017572.0;5;76;76341;2;6;3.0;3.0;49.50469;0.19589;2024-11-18 16:15:00
202400017573.0;1;76;76351;2;3;2.0;6.0;49.49318;0.1092;2024-11-18 11:45:00
202400017574.0;5;70;70388;2;3;3.0;6.0;47.61275;6.13499;2024-11-19 19:10:00
202400017575.0;5;70;70261;2;9;3.0;6.0;47.630132;6.175434;2024-11-19 18:16:00
202400017576.0;5;69;69266;2;1;1.0;3.0;45.76343733;4.90457969;2024-11-19 18:40:00
202400017577.0;2;69;69266;2;1;1.0;3.0;45.76366;4.91117;2024-11-19 18:35:00
202400017578.0;2;69;69029;2;3;2.0;3.0;45.73356;4.90858;2024-11-19 07:00:00
202400017579.0;1;69;69290;2;9;1.0;5.0;45.6896;4.94348;2024-11-18 11:00:00
202400017580.0;5;67;67482;2;1;1.0;3.0;48.59145;7.70325;2024-11-18 17:15:00
202400017581.0;1;67;67482;2;1;1.0;6.0;48.561996;7.697584;2024-11-18 14:15:00
202400017582.0;5;66;66136;2;4;1.0;3.0;42.69965;2.8843;2024-11-18 18:05:00
202400017583.0;5;64;64335;2;1;1.0;2.0;43.33502;-0.43626;2024-11-19 18:10:00
202400017584.0;5;64;64102;2;6;1.0;2.0;43.49376;-1.4916;2024-11-18 17:44:00
202400017585.0;5;63;63014;2;2;1.0;2.0;45.75228;3.13169;2024-11-19 18:15:00
202400017586.0;3;62;62139;2;1;2.0;6.0;50.72242;2.28047;2024-11-09 01:30:00
202400017587.0;3;62;62427;2;1;1.0;1.0;50.42534829;2.95009545;2024-11-19 17:30:00
202400017588.0;2;62;62048;2;9;3.0;6.0;50.50471;2.47601;2024-11-18 07:45:00
202400017589.0;3;59;59599;2;1;2.0;6.0;50.729257;3.144756;2024-11-19 07:45:00
202400017590.0;3;59;59350;2;1;9.0;3.0;50.60525;3.0576;2024-11-12 02:17:00
202400017591.0;1;56;56260;2;1;3.0;6.0;47.64623;-2.78009;2024-11-19 16:46:00
202400017592.0;3;56;56260;1;1;2.0;4.0;47.66418;-2.71935;2024-11-19 07:55:00
202400017593.0;2;56;56121;2;1;1.0;7.0;47.76016;-3.38306;2024-11-17 17:50:00
202400017594.0;1;54;54304;2;3;2.0;6.0;48.68458;6.15404;2024-11-18 14:15:00
202400017595.0;2;54;54578;2;1;1.0;3.0;48.67599;6.16283;2024-11-18 08:10:00
202400017596.0;1;54;54547;2;3;1.0;3.0;48.66631;6.17036;2024-11-18 09:55:00
202400017597.0;1;54;54469;1;1;6.0;1.0;49.17539;5.99843;2024-11-19 09:50:00
202400017598.0;5;51;51454;2;1;3.0;6.0;49.231803;4.012323;2024-11-19 16:50:00
202400017599.0;5;51;51454;2;3;2.0;6.0;49.229242;4.014263;2024-11-19 05:00:00
202400017600.0;2;49;49267;1;1;2.0;5.0;47.47313;-0.48976;2024-11-18 17:30:00
202400017601.0;1;38;38479;1;1;1.0;7.0;45.429075;5.190201;2024-04-18 18:16:00
202400017602.0;3;7;7261;1;1;1.0;6.0;44.823694;4.737333;2024-04-19 23:45:00
202400017603.0;1;85;85025;1;1;1.0;7.0;46.954996;-1.173765;2024-04-20 17:40:00
202400017604.0;1;37;37213;1;2;1.0;5.0;47.61714832;0.50580025;2024-04-11 17:50:00
202400017605.0;1;30;30271;1;1;1.0;1.0;44.205235;4.206401;2024-04-20 16:10:00
202400017606.0;1;60;60299;1;9;8.0;7.0;49.607156;2.204862;2024-04-20 09:00:00
202400017607.0;5;67;67212;2;1;8.0;6.0;48.55883;7.653603;2024-04-19 22:53:00
202400017608.0;1;13;13059;1;1;1.0;3.0;43.661313;5.503137;2024-04-20 20:10:00
202400017609.0;1;39;39150;1;1;2.0;6.0;47.068246;5.438911;2024-04-17 15:35:00
202400017610.0;2;83;83097;1;1;1.0;2.0;43.47893859;5.75277229;2024-04-20 06:25:00
202400017611.0;1;17;17044;1;1;1.0;1.0;45.678638;-0.606383;2024-04-19 13:23:00
202400017612.0;1;988;98821;1;1;1.0;7.0;-22.07795;166.297066;2024-04-20 10:20:00
202400017613.0;1;978;97801;2;2;1.0;3.0;18.066979;-63.071158;2024-04-19 17:45:00
202400017614.0;1;978;97801;2;1;1.0;6.0;18.060344;-63.086554;2024-04-19 14:10:00
202400017615.0;1;45;45089;2;2;1.0;1.0;47.908158;2.033962;2024-04-17 14:30:00
202400017616.0;1;2A;2A247;1;1;1.0;3.0;41.65991;9.197227;2024-04-19 15:40:00
202400017617.0;3;2A;2A247;1;1;1.0;6.0;41.597216;9.324903;2024-04-19 22:00:00
202400017618.0;3;66;66208;1;1;1.0;2.0;42.636095;2.938809;2024-04-20 02:15:00
202400017619.0;1;66;66037;2;3;1.0;3.0;42.70576604;3.01558614;2024-04-19 18:51:00
202400017620.0;2;30;30258;2;3;1.0;3.0;43.673288;4.421696;2024-04-19 19:50:00
202400017621.0;1;83;83138;1;1;1.0;6.0;43.614481;6.719835;2024-04-19 16:00:00
202400017622.0;1;71;71235;1;1;1.0;6.0;46.34182985;4.7922473;2024-04-20 12:15:00
202400017623.0;5;67;67345;1;6;1.0;2.0;48.784014;7.859661;2024-03-28 20:50:00
202400017624.0;1;1;1397;1;1;1.0;2.0;46.309081;6.101269;2024-04-05 16:35:00
202400017625.0;1;27;27568;1;1;1.0;7.0;48.945842;0.878305;2024-04-15 16:55:00
202400017626.0;1;13;13106;1;1;1.0;2.0;43.38841;5.35113;2024-04-19 10:04:00
202400017627.0;3;13;13215;1;1;1.0;2.0;43.36971;5.36038;2024-04-18 02:28:00
202400017628.0;1;13;13023;1;9;1.0;2.0;43.20934943;5.62114634;2024-04-19 09:00:00
202400017629.0;1;83;83144;1;1;1.0;3.0;43.13314076;5.98358989;2024-04-17 14:40:00
202400017630.0;1;92;92050;1;1;1.0;4.0;48.89347708;2.1888457;2024-04-19 17:10:00
202400017631.0;1;92;92025;1;1;1.0;2.0;48.92210032;2.22649712;2024-04-19 12:55:00
202400017632.0;1;92;92078;1;1;2.0;6.0;48.92784897;2.33249531;2024-04-19 20:45:00
202400017633.0;1;93;93006;1;1;2.0;5.0;48.86611228;2.41541368;2024-04-19 14:00:00
202400017634.0;1;93;93066;1;1;1.0;5.0;48.90752236;2.35821845;2024-04-19 15:40:00
202400017635.0;3;94;94033;1;1;2.0;3.0;48.85493533;2.48858118;2024-04-19 20:30:00
202400017636.0;3;94;94044;1;1;1.0;6.0;48.75738975;2.47653199;2024-04-19 03:10:00
202400017637.0;5;83;83090;2;1;1.0;1.0;43.1313554;5.84444366;2024-02-18 02:50:00
202400017638.0;5;76;76447;1;1;1.0;7.0;49.53595993;0.19959927;2024-02-18 02:40:00
202400017639.0;5;67;67482;2;3;1.0;3.0;48.562738;7.738495;2024-02-17 20:30:00
202400017640.0;5;67;67482;2;1;1.0;1.0;48.54164;7.766862;2024-02-17 19:25:00
202400017641.0;1;64;64260;2;3;1.0;3.0;43.37421;-1.7688;2024-02-18 16:30:00
202400017642.0;1;973;97302;2;1;2.0;6.0;4.93504043;-52.32105061;2024-04-18 17:38:00
202400017643.0;1;973;97302;2;1;2.0;3.0;4.92394777;-52.31247962;2024-04-18 15:42:00
202400017644.0;1;973;97302;2;1;2.0;5.0;4.93883549;-52.32871503;2024-04-18 08:45:00
202400017645.0;3;973;97302;2;1;2.0;3.0;4.93456;-52.30867;2024-04-17 20:40:00
202400017646.0;1;69;69383;2;2;2.0;2.0;45.75435;4.8458;2024-04-18 16:45:00
202400017647.0;1;69;69388;2;1;1.0;4.0;45.74119509;4.86206965;2024-04-18 13:30:00
202400017648.0;5;972;97213;1;3;1.0;3.0;14.63441;-61.01818;2024-04-18 18:10:00
202400017649.0;1;972;97213;1;1;1.0;6.0;14.61863;-60.99503;2024-04-18 11:10:00
202400017650.0;1;972;97209;2;6;1.0;3.0;14.6031;-61.07881;2024-04-17 16:20:00
202400017651.0;1;2A;2A004;2;1;1.0;6.0;41.944;8.7579;2024-04-18 07:30:00
202400017652.0;5;91;91286;2;1;1.0;6.0;48.65291;2.37283;2024-04-18 21:15:00
202400017653.0;1;59;59139;2;7;2.0;6.0;50.123367;3.408358;2024-12-25 12:10:00
202400017654.0;1;91;91223;2;1;1.0;1.0;48.43332;2.16176;2024-04-18 14:20:00
202400017655.0;1;59;59106;2;1;1.0;1.0;50.579531;3.182817;2024-12-26 14:50:00
202400017656.0;1;88;88160;2;1;1.0;6.0;48.13311;6.43616;2024-04-18 18:05:00
202400017657.0;1;88;88209;2;1;8.0;2.0;48.19773;6.44028;2024-04-17 11:48:00
202400017658.0;1;87;87085;2;1;1.0;7.0;45.85321;1.25896;2024-04-14 17:20:00
202400017659.0;5;13;13212;1;1;1.0;2.0;43.29974682;5.42508985;2024-12-25 00:20:00
202400017660.0;1;87;87065;1;1;1.0;7.0;45.80069;1.27966;2024-04-12 19:15:00
202400017661.0;3;13;13117;1;1;1.0;3.0;43.46038;5.23486;2024-12-24 23:30:00
202400017662.0;1;95;95572;1;1;1.0;6.0;49.03265884;2.11006407;2024-12-25 12:00:00
202400017663.0;1;83;83137;2;1;6.0;6.0;43.12786151;5.91771593;2024-04-17 17:40:00
202400017664.0;4;93;93053;1;1;2.0;2.0;48.8967295;2.47015172;2024-12-25 05:40:00
202400017665.0;3;93;93066;1;1;2.0;2.0;48.92215853;2.35753834;2024-12-24 18:30:00
202400017666.0;1;83;83144;2;6;1.0;3.0;43.13632;5.98734;2024-04-17 07:30:00
202400017667.0;1;44;44109;2;1;1.0;6.0;47.23848276;-1.5033403;2024-12-16 13:28:00
202400017668.0;1;81;81163;1;1;1.0;7.0;43.47213;2.36763;2024-04-17 17:25:00
202400017669.0;2;44;44109;2;2;1.0;3.0;47.2602934;-1.4989901;2024-12-12 16:45:00
202400017670.0;1;80;80021;2;1;1.0;2.0;49.88446;2.2817;2024-04-17 17:15:00
202400017671.0;2;44;44109;2;6;1.0;3.0;47.20545643;-1.55421671;2024-12-11 07:50:00
202400017672.0;1;80;80021;1;1;1.0;3.0;49.90124;2.23826;2024-04-17 12:05:00
202400017673.0;3;44;44215;1;1;1.0;4.0;47.18002558;-1.5034348;2024-12-10 18:15:00
202400017674.0;1;77;77040;1;1;1.0;1.0;48.51879;2.5747;2024-04-17 11:26:00
202400017675.0;5;44;44190;2;1;1.0;3.0;47.1871483;-1.4793123;2024-12-05 21:50:00
202400017676.0;2;74;74298;1;1;1.0;3.0;46.17115;6.25306;2024-10-24 18:05:00
202400017677.0;1;77;77251;2;1;1.0;6.0;48.60876;2.5556;2024-04-17 14:10:00
202400017678.0;1;976;97611;1;1;1.0;1.0;-12.79999;45.21578;2024-12-24 09:40:00
202400017679.0;1;76;76366;2;2;1.0;3.0;49.509049;1.035835;2024-04-17 14:15:00
202400017680.0;5;72;72181;2;1;1.0;7.0;48.00558;0.20162;2024-04-18 06:05:00
202400017681.0;1;973;97302;2;2;1.0;3.0;4.9330234;-52.3328197;2024-12-24 16:35:00
202400017682.0;1;69;69259;2;1;8.0;3.0;45.72016;4.89324;2024-04-18 12:15:00
202400017683.0;1;69;69386;2;2;1.0;6.0;45.76734;4.84527;2024-12-24 09:05:00
202400017684.0;1;972;97209;1;1;1.0;6.0;14.61833;-61.03693;2024-12-24 09:45:00
202400017685.0;1;69;69259;2;8;8.0;3.0;45.69645;4.88378;2024-04-17 19:05:00
202400017686.0;1;972;97209;1;1;1.0;3.0;14.6192;-61.03887;2024-12-24 13:25:00
202400017687.0;1;69;69091;2;1;2.0;5.0;45.58489;4.7504;2024-04-17 17:15:00
202400017688.0;5;69;69382;1;1;1.0;6.0;45.74851937;4.82820615;2024-12-24 05:15:00
202400017689.0;1;2A;2A004;2;1;8.0;3.0;41.931065;8.739621;2024-12-23 16:36:00
202400017690.0;5;67;67482;2;5;1.0;3.0;48.5858;7.74337;2024-04-17 22:15:00
202400017691.0;2;91;91457;2;1;2.0;3.0;48.582398;2.256024;2024-12-24 17:00:00
202400017692.0;1;62;62737;2;1;1.0;6.0;50.46239268;2.67712589;2024-04-17 15:10:00
202400017693.0;1;91;91201;2;1;2.0;5.0;48.68113096;2.42799273;2024-12-24 16:10:00
202400017694.0;1;62;62498;2;9;1.0;3.0;50.44558;2.83854;2024-04-13 08:35:00
202400017695.0;5;91;91687;2;1;2.0;5.0;48.666814;2.376848;2024-12-23 17:20:00
202400017696.0;1;62;62160;2;3;1.0;3.0;50.7297;1.61201;2024-04-18 19:45:00
202400017697.0;5;89;89387;2;1;2.0;6.0;48.19925;3.28721;2024-11-26 17:30:00
202400017698.0;1;83;83144;2;1;1.0;6.0;43.12986;5.99057;2024-12-24 11:20:00
202400017699.0;5;80;80021;2;6;2.0;2.0;49.90792;2.26442;2024-12-24 20:00:00
202400017700.0;1;59;59508;2;1;1.0;6.0;50.74391;3.132169;2024-04-18 08:30:00
202400017701.0;3;77;77350;1;1;2.0;1.0;48.77896;2.70942;2024-12-24 07:45:00
202400017702.0;1;59;59636;2;1;1.0;3.0;50.67874;3.04803;2024-04-12 15:00:00
202400017703.0;5;77;77058;2;1;2.0;6.0;48.8419;2.73819;2024-12-23 18:20:00
202400017704.0;1;76;76451;2;2;2.0;1.0;49.47155;1.07652;2024-12-24 15:50:00
202400017705.0;1;59;59183;1;9;1.0;6.0;51.00434;2.26415;2024-04-18 17:00:00
202400017706.0;1;76;76486;2;1;1.0;2.0;49.30392183;0.9924345;2024-12-23 16:30:00
202400017707.0;1;59;59017;2;3;1.0;6.0;50.685301;2.89034;2024-04-18 10:00:00
202400017708.0;5;76;76447;2;1;2.0;6.0;49.52337;0.19302;2024-12-21 18:10:00
202400017709.0;5;76;76351;2;1;1.0;6.0;49.504753;0.16611;2024-12-21 03:20:00
202400017710.0;1;56;56260;2;6;1.0;2.0;47.66415;-2.75553;2024-04-18 08:15:00
202400017711.0;5;72;72181;2;6;1.0;1.0;47.99755;0.21556;2024-12-24 20:20:00
202400017712.0;1;56;56036;1;1;1.0;2.0;47.791376;-3.317171;2024-04-17 17:13:00
202400017713.0;5;72;72181;2;2;1.0;3.0;47.97133;0.21709;2024-12-23 20:00:00
202400017714.0;1;56;56121;2;1;1.0;3.0;47.760126;-3.382963;2024-04-17 17:55:00
202400017715.0;1;69;69115;2;6;1.0;6.0;45.97903524;4.73107056;2024-12-23 14:30:00
202400017716.0;1;50;50002;2;1;1.0;1.0;49.106259;-1.1444736;2024-04-13 14:15:00
202400017717.0;1;69;69029;2;1;1.0;6.0;45.73406;4.93125;2024-12-24 16:10:00
202400017718.0;1;50;50129;1;1;1.0;6.0;49.65158;-1.71;2024-04-16 16:40:00
202400017719.0;5;67;67482;2;1;9.0;6.0;48.56306;7.75228;2024-12-24 03:55:00
202400017720.0;3;971;97101;1;9;1.0;3.0;16.252;-61.53075;2024-01-28 23:35:00
202400017721.0;1;49;49099;2;3;1.0;3.0;47.053002;-0.855061;2024-04-18 08:00:00
202400017722.0;1;2A;2A004;2;3;1.0;3.0;41.91296;8.72566;2024-01-30 11:01:00
202400017723.0;1;67;67482;2;3;1.0;3.0;48.5892852;7.7526;2024-12-23 12:50:00
202400017724.0;1;49;49099;2;1;1.0;6.0;47.07512;-0.89222;2024-04-04 16:10:00
202400017725.0;3;64;64445;2;1;1.0;3.0;43.3038;-0.34614;2024-12-23 18:15:00
202400017726.0;1;49;49015;1;6;1.0;7.0;47.49054585;-0.58272868;2024-04-17 17:35:00
202400017727.0;1;91;91174;2;3;1.0;3.0;48.59719;2.46597;2024-01-29 14:58:00
202400017728.0;5;63;63224;2;1;3.0;6.0;45.87572;3.12231;2024-12-22 17:20:00
202400017729.0;1;49;49007;2;1;1.0;5.0;47.48833;-0.54389;2024-04-16 08:35:00
202400017730.0;5;91;91589;2;2;1.0;3.0;48.69305;2.36484;2024-01-29 20:25:00
202400017731.0;1;59;59350;2;5;8.0;3.0;50.63031062;3.0350317;2024-12-24 09:45:00
202400017732.0;1;45;45285;2;3;9.0;3.0;47.8969;1.86531;2024-04-18 07:45:00
202400017733.0;5;83;83098;2;1;1.0;5.0;43.1078;6.03066;2024-01-29 19:35:00
202400017734.0;1;57;57631;2;1;1.0;6.0;49.10166;7.053426;2024-12-24 14:25:00
202400017735.0;1;45;45234;2;2;1.0;3.0;47.90896;1.90094;2024-04-17 17:30:00
202400017736.0;1;83;83137;2;3;1.0;3.0;43.1247;5.93295;2024-01-29 11:20:00
202400017737.0;1;44;44109;2;9;1.0;6.0;47.20257;-1.58872;2024-04-18 17:00:00
202400017738.0;1;56;56098;2;1;1.0;6.0;47.76703;-3.35552;2024-12-23 16:11:00
202400017739.0;2;82;82033;1;2;1.0;3.0;44.02526;1.16494;2024-01-29 16:45:00
202400017740.0;5;54;54184;2;9;2.0;6.0;48.71239;6.24744;2024-12-24 20:15:00
202400017741.0;5;54;54304;2;2;2.0;2.0;48.69328;6.12817;2024-12-23 21:00:00
202400017742.0;1;41;41018;2;2;1.0;3.0;47.57977;1.30945;2024-04-16 07:30:00
202400017743.0;1;38;38421;2;1;1.0;6.0;45.18327;5.75577;2024-04-18 18:48:00
202400017744.0;1;54;54482;2;3;1.0;3.0;48.69654;6.20824;2024-12-23 15:10:00
202400017745.0;5;77;77268;2;1;1.0;2.0;48.86100743;2.80916986;2024-01-30 19:00:00
202400017746.0;1;38;38151;2;2;1.0;3.0;45.147798;5.71767;2024-04-17 15:25:00
202400017747.0;5;51;51108;2;1;1.0;3.0;48.95208;4.36808;2024-12-23 17:50:00
202400017748.0;3;77;77186;1;1;1.0;3.0;48.48469;2.66552;2024-01-30 08:00:00
202400017749.0;1;37;37122;2;9;1.0;6.0;47.35041;0.6613;2024-04-17 11:45:00
202400017750.0;3;77;77186;1;1;1.0;6.0;48.35481;2.76266;2024-01-30 01:00:00
202400017751.0;1;35;35238;2;2;1.0;3.0;48.09428232;-1.68179601;2024-04-18 12:20:00
202400017752.0;3;50;50129;2;1;2.0;4.0;49.61673968;-1.58255321;2024-12-23 18:30:00
202400017753.0;3;76;76447;1;4;1.0;1.0;49.55677;0.16576;2024-01-30 04:20:00
202400017754.0;1;42;42218;2;1;2.0;6.0;45.45593;4.38409;2024-12-23 10:30:00
202400017755.0;1;32;32307;1;1;1.0;5.0;43.616682;0.5829;2024-09-09 14:15:00
202400017756.0;1;33;33281;2;2;1.0;3.0;44.84958;-0.65602;2024-04-18 08:45:00
202400017757.0;5;76;76351;2;1;1.0;6.0;49.50013;0.12999;2024-01-30 00:40:00
202400017758.0;2;35;35051;1;6;1.0;2.0;48.1024;-1.61023;2024-12-23 17:25:00
202400017759.0;1;33;33529;2;6;1.0;2.0;44.63708;-1.12896;2024-04-18 15:40:00
202400017760.0;1;69;69256;2;9;1.0;6.0;45.78499826;4.93128299;2024-01-30 12:40:00
202400017761.0;1;35;35115;2;6;1.0;6.0;48.35344;-1.19875;2024-12-23 10:25:00
202400017762.0;1;66;66136;2;3;1.0;3.0;42.69209886;2.88719684;2024-01-30 07:45:00
202400017763.0;1;30;30007;2;1;1.0;2.0;44.13261;4.10574;2024-04-18 14:50:00
202400017764.0;3;31;31555;1;1;1.0;2.0;43.5711;1.37259;2024-12-23 22:45:00
202400017765.0;1;62;62133;2;1;1.0;3.0;50.41987409;2.90835536;2024-01-29 07:50:00
202400017766.0;1;33;33550;1;1;1.0;4.0;44.78616;-0.54155;2024-09-09 16:47:00
202400017767.0;1;29;29232;2;1;1.0;7.0;47.98358546;-4.07442542;2024-12-23 09:00:00
202400017768.0;1;29;29019;2;2;1.0;1.0;48.41565;-4.462251;2024-04-17 13:15:00
202400017769.0;5;62;62193;2;1;1.0;6.0;50.95245152;1.83180196;2024-01-30 18:45:00
202400017770.0;5;26;26252;1;1;1.0;7.0;44.87362236;4.8655057;2024-12-24 03:15:00
202400017771.0;1;33;33090;1;1;2.0;4.0;44.767031;-0.668673;2024-09-09 09:20:00
202400017772.0;1;22;22187;1;2;1.0;3.0;48.53298;-2.7542;2024-04-18 16:28:00
202400017773.0;1;25;25388;2;3;1.0;6.0;47.5092;6.78749;2024-12-24 09:45:00
202400017774.0;1;62;62178;1;1;1.0;3.0;50.49514;2.53834;2024-01-30 15:25:00
202400017775.0;1;22;22215;1;1;2.0;6.0;48.499;-2.77806;2024-12-24 10:28:00
202400017776.0;3;62;62457;1;1;1.0;2.0;50.45125778;2.55144739;2024-01-29 19:15:00
202400017777.0;1;22;22187;1;1;1.0;4.0;48.54245651;-2.76694748;2024-04-18 08:50:00
202400017778.0;1;94;94034;1;1;2.0;5.0;48.76061147;2.31935953;2024-09-09 10:45:00
202400017779.0;1;19;19031;2;1;8.0;3.0;45.15353;1.50911;2024-12-24 16:10:00
202400017780.0;1;22;22113;2;1;1.0;2.0;48.74061;-3.46468;2024-04-18 16:54:00
202400017781.0;5;60;60175;2;2;1.0;3.0;49.26137;2.47422;2024-01-30 07:00:00
202400017782.0;1;91;91339;1;1;2.0;3.0;48.6254;2.26244;2024-09-09 08:26:00
202400017783.0;5;14;14366;2;3;1.0;3.0;49.14482;0.25661;2024-12-23 17:35:00
202400017784.0;1;14;14220;2;1;1.0;6.0;49.35179;0.0753;2024-04-18 19:10:00
202400017785.0;3;91;91521;1;1;2.0;6.0;48.63530039;2.40133882;2024-09-09 05:50:00
202400017786.0;1;59;59410;2;2;8.0;3.0;50.63552;3.10092;2024-01-30 16:00:00
202400017787.0;1;14;14333;2;9;8.0;7.0;49.41992;0.2361;2024-12-23 14:20:00
202400017788.0;1;13;13213;2;1;1.0;4.0;43.3502;5.44295;2024-04-18 09:30:00
202400017789.0;3;91;91692;1;1;2.0;1.0;48.67432;2.19882;2024-09-09 01:30:00
202400017790.0;1;54;54167;2;1;1.0;3.0;48.67287362;5.91675997;2024-01-26 15:50:00
202400017791.0;5;14;14118;2;3;2.0;4.0;49.185365;-0.396522;2024-12-24 18:50:00
202400017792.0;5;13;13213;2;1;1.0;1.0;43.32956;5.4071;2024-04-17 21:40:00
202400017793.0;1;93;93029;1;1;1.0;5.0;48.92256332;2.42727135;2024-09-07 12:20:00
202400017794.0;1;54;54526;2;3;1.0;6.0;48.68802939;6.20742962;2024-01-29 16:30:00
202400017795.0;5;14;14118;2;1;6.0;6.0;49.18454;-0.34927;2024-12-21 22:30:00
202400017796.0;1;13;13206;2;1;1.0;3.0;43.2899;5.376;2024-04-17 09:00:00
202400017797.0;3;93;93048;1;1;1.0;4.0;48.86354514;2.4825764;2024-09-08 01:40:00
202400017798.0;5;13;13212;2;1;1.0;3.0;43.30379;5.42698;2024-12-23 18:50:00
202400017799.0;5;13;13202;2;1;1.0;2.0;43.32531;5.35963;2024-04-16 20:30:00
202400017800.0;1;54;54547;2;6;1.0;2.0;48.66428595;6.17431104;2024-01-29 14:10:00
202400017801.0;1;13;13201;2;1;1.0;1.0;43.2939185;5.38214991;2024-12-24 10:55:00
202400017802.0;1;93;93027;1;1;1.0;3.0;48.9236742;2.38525629;2024-09-07 13:35:00
202400017803.0;1;13;13028;2;6;1.0;3.0;43.19229187;5.60894914;2024-04-17 17:00:00
202400017804.0;2;52;52125;2;1;2.0;1.0;48.10986;5.1601;2024-01-26 17:00:00
202400017805.0;1;10;10387;2;1;8.0;3.0;48.28007;4.06979;2024-12-24 10:44:00
202400017806.0;1;93;93007;1;1;2.0;4.0;48.94841681;2.44555052;2024-09-06 17:05:00
202400017807.0;3;49;49328;1;1;1.0;6.0;47.28967;-0.06963;2024-01-25 19:40:00
202400017808.0;1;13;13004;2;3;1.0;6.0;43.66872;4.63447;2024-04-09 12:00:00
202400017809.0;3;10;10357;1;6;1.0;6.0;48.2957;4.1378;2024-12-24 02:18:00
202400017810.0;1;94;94073;1;1;2.0;3.0;48.76210053;2.38167667;2024-09-09 09:15:00
202400017811.0;1;49;49007;2;3;1.0;3.0;47.47012;-0.56948;2024-01-30 15:59:00
202400017812.0;1;10;10357;1;1;8.0;2.0;48.2956;4.1375;2024-12-23 14:25:00
202400017813.0;1;11;11069;2;1;1.0;2.0;43.20906;2.32487;2024-04-16 17:45:00
202400017814.0;1;70;70482;2;1;1.0;6.0;47.664573;5.968679;2024-09-07 14:00:00
202400017815.0;2;7;7102;2;1;2.0;6.0;44.9331;4.87969;2024-12-23 07:55:00
202400017816.0;2;10;10387;2;1;1.0;6.0;48.2724;4.0803;2024-04-18 20:55:00
202400017817.0;5;49;49007;2;6;1.0;3.0;47.47614;-0.57297;2024-01-30 07:15:00
202400017818.0;1;972;97208;1;1;2.0;6.0;14.70819;-61.09364;2024-09-08 15:00:00
202400017819.0;1;6;6029;2;3;1.0;6.0;43.551778;7.009551;2024-04-18 08:15:00
202400017820.0;2;49;49246;2;1;1.0;1.0;47.43497;-0.49931;2024-01-29 08:25:00
202400017821.0;1;972;97209;1;1;2.0;7.0;14.66262;-61.08592;2024-09-08 17:00:00
202400017822.0;1;75;75119;2;1;1.0;3.0;48.900425;2.390207;2024-04-17 08:30:00
202400017823.0;2;972;97213;1;1;1.0;2.0;14.6147;-61.01282;2024-09-07 18:35:00
202400017824.0;1;75;75120;2;3;1.0;3.0;48.869583;2.380053;2024-04-18 10:15:00
202400017825.0;1;69;69149;2;1;1.0;6.0;45.71153;4.81957;2024-09-08 15:40:00
202400017826.0;1;75;75117;2;3;1.0;6.0;48.897655;2.324677;2024-04-18 11:32:00
202400017827.0;1;6;6029;2;2;1.0;4.0;43.53963;7.03579;2024-12-23 14:55:00
202400017828.0;1;971;97101;1;1;3.0;2.0;16.24073;-61.52258;2024-09-08 08:30:00
202400017829.0;1;75;75117;2;2;8.0;6.0;48.888626;2.315686;2024-04-18 08:15:00
202400017830.0;5;42;42218;2;1;1.0;2.0;45.42443392;4.3753843;2024-01-20 20:00:00
202400017831.0;5;3;3310;2;2;1.0;3.0;46.1367;3.42291;2024-12-23 19:44:00
202400017832.0;1;95;95268;2;1;1.0;6.0;48.97299005;2.39767934;2024-09-08 14:15:00
202400017833.0;5;75;75116;2;3;1.0;6.0;48.857773;2.285541;2024-04-17 22:30:00
202400017834.0;1;42;42275;2;1;2.0;6.0;45.46633127;4.3791794;2024-01-15 16:00:00
202400017835.0;5;75;75120;2;1;1.0;2.0;48.85724;2.414025;2024-12-23 17:40:00
202400017836.0;1;75;75116;2;1;1.0;3.0;48.875467;2.289446;2024-04-17 19:30:00
202400017837.0;1;84;84092;2;2;2.0;3.0;43.95471;4.83812;2024-09-08 09:13:00