Num_Acc;lum;departement;commune;agglomeration;intersection;meteo;type_collision;lat;long;date
202400017838.0;1;75;75115;2;1;1.0;6.0;48.830445;2.292285;2024-04-18 08:55:00
202400017839.0;5;75;75120;2;3;1.0;6.0;48.873375;2.390083;2024-12-24 20:00:00
202400017840.0;1;83;83137;2;1;2.0;3.0;43.12828;5.90529;2024-09-08 10:30:00
202400017841.0;1;75;75112;2;3;1.0;6.0;48.840314;2.392487;2024-04-18 18:00:00
202400017842.0;1;38;38169;2;3;1.0;3.0;45.19704;5.69376;2024-01-30 15:13:00
202400017843.0;3;83;83069;2;1;1.0;6.0;43.15085599;6.14664584;2024-09-08 02:00:00
202400017844.0;5;75;75118;2;2;2.0;6.0;48.898714;2.370291;2024-12-24 17:33:00
202400017845.0;1;75;75110;2;2;1.0;6.0;48.872556;2.363267;2024-04-18 09:20:00
202400017846.0;5;83;83050;2;6;1.0;6.0;43.53265316;6.47091047;2024-09-08 02:45:00
202400017847.0;5;38;38053;2;9;1.0;2.0;45.58457;5.27825;2024-01-30 19:10:00
202400017848.0;1;75;75115;2;5;1.0;6.0;48.842642;2.302675;2024-12-24 09:30:00
202400017849.0;1;75;75108;2;3;1.0;3.0;48.875382;2.324906;2024-04-18 16:40:00
202400017850.0;1;81;81065;2;1;1.0;2.0;43.59669;2.26199;2024-09-08 07:29:00
202400017851.0;5;37;37261;2;9;1.0;2.0;47.36573;0.69858;2024-01-29 17:30:00
202400017852.0;5;75;75113;2;7;2.0;2.0;48.830962;2.355809;2024-12-24 17:45:00
202400017853.0;1;75;75108;2;7;1.0;3.0;48.86924;2.32447;2024-04-18 10:00:00
202400017854.0;1;35;35055;1;3;1.0;3.0;48.07634368;-1.58679716;2024-01-30 12:05:00
202400017855.0;1;78;78643;2;6;1.0;6.0;48.976183;1.982536;2024-09-08 17:25:00
202400017856.0;1;75;75109;2;2;1.0;3.0;48.873269;2.328905;2024-12-23 12:15:00
202400017857.0;1;35;35051;2;6;1.0;4.0;48.10248;-1.61031;2024-01-30 11:15:00
202400017858.0;5;75;75107;2;2;1.0;3.0;48.859522;2.329281;2024-04-17 21:43:00
202400017859.0;1;33;33529;2;1;1.0;6.0;44.609739;-1.1247997;2024-01-30 12:40:00
202400017860.0;3;71;71499;2;1;1.0;6.0;46.67875042;4.25903678;2024-09-08 03:30:00
202400017861.0;1;75;75101;2;4;7.0;6.0;48.867252;2.333612;2024-12-23 10:50:00
202400017862.0;1;75;75103;2;3;1.0;6.0;48.863372;2.358259;2024-04-18 13:30:00
202400017863.0;5;29;29019;2;6;1.0;3.0;48.386962;-4.47101;2024-01-29 08:10:00
202400017864.0;5;69;69282;2;4;1.0;6.0;45.76172;5.02263;2024-09-08 23:40:00
202400017865.0;2;75;75101;2;3;8.0;6.0;48.86247;2.336277;2024-12-22 16:19:00
202400017866.0;5;26;26198;2;1;1.0;6.0;44.54834;4.77395;2024-01-30 19:30:00
202400017867.0;1;64;64122;2;1;8.0;6.0;43.47922;-1.5586;2024-09-08 17:38:00
202400017868.0;1;75;75101;2;2;1.0;3.0;48.856218;2.346495;2024-04-17 18:00:00
202400017869.0;5;13;13211;2;9;1.0;1.0;43.287314;5.43243;2024-01-31 00:35:00
202400017870.0;5;94;94041;2;3;2.0;1.0;48.8244;2.38702;2024-12-24 22:00:00
202400017871.0;4;47;47031;2;1;1.0;2.0;44.1925732;0.64762686;2024-09-08 00:40:00
202400017872.0;5;94;94068;2;2;1.0;3.0;48.79799;2.4917;2024-04-17 00:58:00
202400017873.0;5;13;13212;2;1;1.0;3.0;43.307894;5.426839;2024-01-30 19:10:00
202400017874.0;5;94;94028;2;1;2.0;4.0;48.77990433;2.46559145;2024-12-24 19:45:00
202400017875.0;1;45;45068;2;1;2.0;6.0;48.012;2.72237;2024-09-07 14:40:00
202400017876.0;2;94;94041;2;1;1.0;3.0;48.815463;2.377787;2024-04-18 06:45:00
202400017877.0;1;13;13215;2;1;1.0;3.0;43.37;5.35;2024-01-30 15:30:00
202400017878.0;5;44;44143;2;9;2.0;6.0;47.17797;-1.54408;2024-09-08 02:55:00
202400017879.0;1;94;94017;2;2;1.0;3.0;48.81882337;2.52030936;2024-12-23 13:00:00
202400017880.0;1;94;94041;2;1;2.0;3.0;48.81545605;2.40104949;2024-04-17 14:00:00
202400017881.0;1;13;13206;2;1;1.0;5.0;43.28951;5.38717;2024-01-16 16:30:00
202400017882.0;5;44;44109;2;6;2.0;6.0;47.19829883;-1.60563565;2024-09-08 01:50:00
202400017883.0;1;93;93064;2;1;2.0;3.0;48.87559836;2.48410451;2024-12-24 13:00:00
202400017884.0;1;13;13001;2;1;1.0;3.0;43.547;5.44;2024-01-29 15:45:00
202400017885.0;1;94;94034;2;1;1.0;2.0;48.76322;2.33378;2024-04-18 14:10:00
202400017886.0;1;43;43002;2;1;1.0;2.0;45.05079;3.893;2024-09-07 17:05:00
202400017887.0;5;93;93077;2;9;1.0;7.0;48.87966;2.50419;2024-12-23 19:05:00
202400017888.0;1;7;7316;1;1;1.0;5.0;44.90501;4.85346;2024-01-30 13:30:00
202400017889.0;1;93;93051;2;3;1.0;3.0;48.8481416;2.53193092;2024-04-18 15:40:00
202400017890.0;5;38;38185;2;2;2.0;3.0;45.17052713;5.72761193;2024-09-08 20:50:00
202400017891.0;5;93;93045;2;2;2.0;1.0;48.88125;2.41391;2024-12-24 05:47:00
202400017892.0;1;6;6088;2;1;1.0;6.0;43.7119263;7.288439;2024-01-30 13:07:00
202400017893.0;1;37;37195;2;1;1.0;6.0;47.38524;0.66555;2024-09-08 12:30:00
202400017894.0;1;37;37261;2;1;1.0;6.0;47.36274;0.69622;2024-09-07 16:45:00
202400017895.0;1;93;93030;2;2;2.0;6.0;48.94975;2.41508;2024-12-24 09:00:00
202400017896.0;1;6;6069;2;9;1.0;2.0;43.65259;6.94536;2024-01-30 16:10:00
202400017897.0;1;93;93046;2;2;1.0;3.0;48.92944;2.54109;2024-04-17 13:05:00
202400017898.0;1;34;34129;2;1;1.0;3.0;43.57612;3.875;2024-09-08 12:00:00
202400017899.0;1;6;6069;2;1;1.0;2.0;43.6604;6.9305;2024-01-30 14:40:00
202400017900.0;5;93;93027;2;3;1.0;3.0;48.91977072;2.41297781;2024-12-23 02:00:00
202400017901.0;1;93;93045;2;1;1.0;6.0;48.88082498;2.4195521;2024-04-17 10:05:00
202400017902.0;1;29;29232;2;1;3.0;7.0;47.98559;-4.11124;2024-09-08 17:30:00
202400017903.0;1;6;6030;2;3;1.0;6.0;43.56774;7.0157;2024-01-30 13:39:00
202400017904.0;1;93;93057;2;1;1.0;7.0;48.908701;2.499744;2024-04-18 15:50:00
202400017905.0;2;92;92026;2;2;2.0;4.0;48.89669218;2.26437673;2024-12-24 16:05:00
202400017906.0;1;5;5023;2;1;1.0;6.0;44.88913;6.63318;2024-01-29 12:10:00
202400017907.0;1;93;93008;2;3;1.0;6.0;48.91814;2.41621;2024-04-18 16:13:00
202400017908.0;1;27;27229;2;2;1.0;3.0;49.0064;1.14487;2024-09-08 12:34:00
202400017909.0;2;75;75115;2;1;1.0;3.0;48.830954;2.284024;2024-01-30 17:10:00
202400017910.0;5;92;92024;2;2;2.0;1.0;48.89784363;2.30800644;2024-12-23 23:17:00
202400017911.0;1;93;93007;2;2;1.0;3.0;48.947326;2.438931;2024-04-17 11:00:00
202400017912.0;1;75;75118;2;1;1.0;4.0;48.901076;2.345273;2024-01-30 16:40:00
202400017913.0;5;92;92002;2;1;2.0;3.0;48.77125642;2.31210619;2024-12-24 07:00:00
202400017914.0;1;25;25462;2;1;1.0;3.0;46.90568;6.36607;2024-09-08 10:04:00
202400017915.0;1;92;92078;2;3;1.0;6.0;48.94592249;2.31931812;2024-04-18 17:35:00
202400017916.0;1;31;31184;1;1;8.0;6.0;43.598351;1.535285;2024-12-24 16:17:00
202400017917.0;1;75;75114;2;1;1.0;4.0;48.822561;2.314169;2024-01-29 16:35:00
202400017918.0;1;92;92062;1;1;1.0;3.0;48.88594873;2.22915781;2024-04-18 07:10:00
202400017919.0;1;23;23096;2;6;1.0;2.0;46.17456;1.87199;2024-09-08 17:50:00
202400017920.0;1;87;87202;1;1;1.0;6.0;45.89068678;1.09366261;2024-12-25 11:45:00
202400017921.0;1;92;92025;2;1;1.0;6.0;48.9148869;2.22868004;2024-04-18 18:40:00
202400017922.0;5;75;75105;2;3;1.0;6.0;48.838474;2.357042;2024-01-27 19:45:00
202400017923.0;1;13;13043;2;1;2.0;2.0;43.38427;5.21903;2024-09-08 12:45:00
202400017924.0;3;5;5106;1;1;1.0;6.0;44.531805;6.327009;2024-12-24 22:10:00
202400017925.0;1;75;75116;2;1;1.0;6.0;48.87547471;2.28901586;2024-01-30 16:30:00
202400017926.0;1;92;92024;2;1;8.0;2.0;48.8997426;2.30906904;2024-04-18 09:15:00
202400017927.0;1;13;13213;2;1;8.0;7.0;43.32218773;5.41806352;2024-09-08 15:40:00
202400017928.0;1;7;7330;2;1;1.0;1.0;44.424848;4.368234;2024-12-25 15:40:00
202400017929.0;5;75;75111;2;3;1.0;1.0;48.87025198;2.37648332;2024-01-30 18:40:00
202400017930.0;1;92;92012;2;2;1.0;1.0;48.83106651;2.25724402;2024-04-18 18:30:00
202400017931.0;5;13;13209;2;1;1.0;1.0;43.249;5.4408;2024-09-08 00:30:00
202400017932.0;3;24;24485;1;1;2.0;6.0;45.37203264;0.79777658;2024-12-24 20:30:00
202400017933.0;2;75;75111;2;3;1.0;6.0;48.857966;2.381609;2024-01-30 17:30:00
202400017934.0;3;30;30341;1;1;1.0;7.0;43.594317;4.342604;2024-12-25 04:41:00
202400017935.0;3;10;10060;2;6;1.0;6.0;48.25496;4.09637;2024-09-09 00:20:00
202400017936.0;2;92;92002;2;1;1.0;2.0;48.7550488;2.30568552;2024-04-17 20:05:00
202400017937.0;1;75;75103;2;3;1.0;2.0;48.860845;2.363058;2024-01-30 10:43:00
202400017938.0;1;17;17010;1;1;1.0;1.0;46.108499;-1.084986;2024-04-19 08:40:00
202400017939.0;1;10;10357;2;6;7.0;6.0;48.30052;4.10853;2024-09-08 09:08:00
202400017940.0;5;31;31506;2;2;1.0;2.0;43.56031489;1.53055161;2024-12-25 18:00:00
202400017941.0;1;22;22302;2;1;1.0;6.0;48.593488;-2.186896;2024-04-18 18:35:00
202400017942.0;5;75;75101;2;2;1.0;1.0;48.859531;2.348789;2024-01-29 19:25:00
202400017943.0;1;8;8105;2;1;1.0;1.0;49.75625;4.71974;2024-09-07 17:25:00
202400017944.0;1;31;31547;1;9;1.0;3.0;43.502505;1.266743;2024-04-18 15:30:00
202400017945.0;5;94;94041;2;1;1.0;7.0;48.81738087;2.39874297;2024-01-30 01:05:00
202400017946.0;3;30;30169;1;1;1.0;5.0;43.80059383;4.31178948;2024-12-25 03:05:00
202400017947.0;1;6;6088;2;2;1.0;3.0;43.7026362;7.2800611;2024-09-08 07:50:00
202400017948.0;5;971;97118;2;1;1.0;6.0;16.218739;-61.63358;2024-12-25 01:20:00
202400017949.0;3;35;35206;1;1;1.0;2.0;48.06301532;-1.67847544;2024-04-19 01:18:00
202400017950.0;5;94;94034;2;3;1.0;3.0;48.75586841;2.31405035;2024-01-30 03:20:00
202400017951.0;5;33;33199;2;1;2.0;6.0;44.637346;-1.101838;2024-12-24 05:40:00
202400017952.0;5;6;6088;2;2;1.0;3.0;43.67783;7.20527;2024-09-08 01:45:00
202400017953.0;1;59;59201;1;1;8.0;2.0;50.613698;2.92822;2024-04-18 16:51:00
202400017954.0;1;94;94070;2;1;1.0;4.0;48.719716;2.566964;2024-01-30 14:30:00
202400017955.0;3;21;21406;1;1;1.0;6.0;47.30868;4.722437;2024-04-18 20:17:00
202400017956.0;1;6;6069;2;1;2.0;6.0;43.66072;6.92422;2024-09-08 13:55:00
202400017957.0;1;93;93064;2;1;1.0;6.0;48.87396;2.47894;2024-01-30 15:40:00
202400017958.0;1;19;19196;1;1;1.0;7.0;45.28911932;1.38656704;2024-04-18 17:13:00
202400017959.0;1;4;4070;2;1;1.0;7.0;44.0907543;6.2311163;2024-09-20 08:54:00
202400017960.0;2;19;19285;1;1;1.0;7.0;45.38356324;1.46333184;2024-04-19 07:00:00
202400017961.0;1;93;93062;2;9;1.0;3.0;48.895334;2.510938;2024-01-30 08:25:00
202400017962.0;3;77;77095;1;1;2.0;5.0;48.984104;2.763748;2024-12-24 19:10:00
202400017963.0;1;59;59580;2;1;1.0;6.0;50.810721;2.573219;2024-04-19 08:20:00
202400017964.0;5;81;81081;2;1;1.0;6.0;43.495445;2.151325;2024-04-19 06:20:00
202400017965.0;2;93;93048;2;1;1.0;6.0;48.85873;2.46184;2024-01-29 17:45:00
202400017966.0;1;66;66217;2;7;1.0;3.0;42.611212;2.808037;2024-12-25 12:00:00
202400017967.0;1;75;75120;2;4;1.0;5.0;48.86872228;2.41323978;2024-09-08 14:00:00
202400017968.0;1;93;93048;2;1;1.0;3.0;48.854071;2.438133;2024-01-29 14:45:00
202400017969.0;1;71;71543;2;2;1.0;2.0;46.563984;4.912112;2024-04-12 18:00:00
202400017970.0;1;4;4242;1;1;1.0;2.0;43.89766;5.878903;2024-12-24 09:30:00
202400017971.0;5;75;75115;2;1;1.0;2.0;48.833408;2.278343;2024-09-07 23:00:00
202400017972.0;1;93;93047;2;1;8.0;6.0;48.9022;2.56094;2024-01-30 08:30:00
202400017973.0;1;63;63047;2;3;1.0;7.0;45.590674;2.749398;2024-04-19 16:00:00
202400017974.0;1;69;69287;2;3;1.0;6.0;45.690852;5.033423;2024-12-24 10:58:00
202400017975.0;1;75;75115;2;1;1.0;2.0;48.831897;2.28169;2024-09-06 14:20:00
202400017976.0;1;27;27397;1;1;1.0;7.0;49.036066;1.364413;2024-12-23 16:05:00
202400017977.0;2;93;93010;2;3;1.0;6.0;48.903528;2.47799;2024-01-30 07:33:00
202400017978.0;3;49;49160;1;2;1.0;3.0;47.412627;-0.949472;2024-04-17 22:30:00
202400017979.0;1;42;42264;1;1;1.0;6.0;45.590768;4.339503;2024-04-18 14:15:00
202400017980.0;1;93;93005;2;5;1.0;6.0;48.93735;2.494677;2024-01-30 17:15:00
202400017981.0;1;75;75120;2;5;1.0;2.0;48.856196;2.404932;2024-09-08 15:50:00
202400017982.0;1;76;76116;1;2;1.0;3.0;49.387386;1.221125;2024-12-25 11:55:00
202400017983.0;2;92;92022;2;1;1.0;7.0;48.81102528;2.19534051;2024-01-27 17:30:00
202400017984.0;1;86;86002;1;2;1.0;3.0;46.758534;0.160439;2024-04-18 18:45:00
202400017985.0;1;92;92050;2;1;8.0;2.0;48.89797;2.21403;2024-01-30 10:55:00
202400017986.0;1;60;60211;1;1;1.0;1.0;49.320489;1.774635;2024-12-25 11:00:00
202400017987.0;5;75;75116;2;1;1.0;4.0;48.87119;2.284952;2024-09-08 00:45:00
202400017988.0;1;34;34150;2;3;1.0;7.0;43.35795;3.5282;2024-03-15 16:38:00
202400017989.0;1;92;92040;2;3;1.0;3.0;48.82164784;2.28169477;2024-01-30 13:50:00
202400017990.0;1;75;75116;2;1;1.0;3.0;48.865658;2.289158;2024-09-06 15:50:00
202400017991.0;3;44;44217;1;1;1.0;1.0;47.278538;-1.720047;2024-04-05 21:40:00
202400017992.0;1;13;13005;1;1;1.0;2.0;43.2850032;5.52417765;2024-12-23 12:10:00
202400017993.0;5;92;92026;2;1;1.0;3.0;48.89089;2.24766;2024-01-30 19:20:00
202400017994.0;5;75;75115;2;2;1.0;3.0;48.849409;2.281514;2024-09-08 03:20:00
202400017995.0;5;13;13214;1;1;1.0;3.0;43.33542674;5.37708055;2024-12-23 20:45:00
202400017996.0;1;35;35039;2;2;1.0;3.0;48.105651;-1.485568;2024-04-19 17:15:00
202400017997.0;1;92;92024;2;1;1.0;2.0;48.90775829;2.29861844;2024-01-30 16:50:00
202400017998.0;1;34;34069;1;1;8.0;6.0;43.380692;3.122134;2024-01-30 12:30:00
202400017999.0;5;75;75115;2;1;1.0;3.0;48.844715;2.282723;2024-09-07 23:30:00
202400018000.0;1;58;58079;2;1;1.0;6.0;47.451374;3.501543;2024-04-19 17:05:00
202400018001.0;3;13;13071;1;1;1.0;4.0;43.40498387;5.3398132;2024-12-13 18:48:00
202400018002.0;2;51;51423;1;1;1.0;3.0;48.759683;4.841151;2024-01-31 07:20:00
202400018003.0;1;72;72247;1;1;7.0;1.0;47.97953822;0.11534762;2024-04-19 08:50:00
202400018004.0;1;33;33087;2;1;1.0;6.0;44.627546;-0.063225;2024-01-30 13:00:00
202400018005.0;1;57;57356;1;1;8.0;2.0;49.43664;6.11701;2024-12-21 12:30:00
202400018006.0;1;75;75101;2;3;8.0;3.0;48.858989;2.339873;2024-09-08 17:40:00
202400018007.0;1;36;36103;1;1;1.0;7.0;47.131739;1.452148;2024-01-17 17:00:00
202400018008.0;1;14;14740;1;1;1.0;6.0;49.00373;0.366079;2024-04-19 08:25:00
202400018009.0;1;972;97231;1;3;1.0;1.0;14.530031;-61.020979;2024-01-30 17:09:00
202400018010.0;1;75;75104;2;4;1.0;5.0;48.854039;2.368977;2024-09-08 07:05:00
202400018011.0;1;64;64238;1;2;1.0;3.0;43.248338;-0.082757;2024-04-14 11:06:00
202400018012.0;3;59;59447;1;1;1.0;5.0;50.37174;3.60272;2024-12-23 23:11:00
202400018013.0;1;72;72008;1;1;1.0;1.0;47.92206389;0.2181401;2024-01-31 16:10:00
202400018014.0;3;92;92002;1;1;1.0;2.0;48.73281;2.3121;2024-12-24 20:50:00
202400018015.0;5;94;94016;2;2;1.0;3.0;48.79615;2.321928;2024-09-08 23:00:00
202400018016.0;1;82;82185;1;1;1.0;7.0;44.367628;0.915674;2024-01-29 08:50:00
202400018017.0;1;43;43244;2;1;1.0;6.0;45.114645;4.290475;2024-04-13 09:20:00
202400018018.0;3;63;63195;1;1;1.0;6.0;45.80826149;3.38821148;2024-01-31 04:10:00
202400018019.0;3;91;91228;1;1;1.0;2.0;48.6241;2.41917;2024-12-24 19:55:00
202400018020.0;2;95;95527;1;1;1.0;3.0;49.00052653;2.52678752;2024-09-08 07:55:00
202400018021.0;3;42;42173;1;4;1.0;6.0;45.81736;4.107964;2024-01-30 02:20:00
202400018022.0;3;7;7191;1;6;1.0;6.0;44.585645;4.701553;2024-04-18 20:50:00
202400018023.0;2;93;93001;2;1;2.0;3.0;48.91149091;2.37952454;2024-09-07 08:00:00
202400018024.0;1;29;29241;2;1;5.0;6.0;47.957708;-3.82777;2024-01-30 09:40:00
202400018025.0;1;92;92019;1;1;2.0;2.0;48.75977884;2.27329195;2024-12-24 15:10:00
202400018026.0;5;92;92036;2;3;2.0;6.0;48.93318258;2.29414199;2024-09-08 20:45:00
202400018027.0;1;38;38538;1;6;7.0;3.0;45.230237;5.863523;2024-01-31 15:00:00
202400018028.0;1;78;78640;1;1;1.0;2.0;48.772079;2.227448;2024-12-24 14:40:00
202400018029.0;1;4;4088;2;3;1.0;3.0;43.957968;5.779463;2024-04-18 09:00:00
202400018030.0;1;15;15243;1;1;8.0;6.0;45.239111;2.499046;2024-01-31 09:45:00
202400018031.0;1;92;92036;1;1;2.0;6.0;48.935952;2.28705609;2024-12-24 08:19:00
202400018032.0;1;39;39097;2;1;1.0;6.0;46.74717;5.911264;2024-09-08 12:00:00
202400018033.0;1;85;85029;1;1;1.0;6.0;46.9775;-1.98351;2024-04-19 16:00:00
202400018034.0;3;78;78640;1;1;2.0;2.0;48.780302;2.183726;2024-12-24 21:20:00
202400018035.0;1;70;70149;1;1;1.0;1.0;47.636;6.724459;2024-01-31 12:25:00
202400018036.0;1;57;57028;1;3;1.0;1.0;49.19861502;6.20873882;2024-08-29 14:30:00
202400018037.0;3;85;85089;1;2;1.0;1.0;46.72354;-1.29886;2024-04-18 22:45:00
202400018038.0;3;70;70525;1;1;1.0;6.0;47.655417;5.838092;2024-01-31 06:10:00
202400018039.0;1;78;78158;1;1;1.0;2.0;48.841059;2.106997;2024-12-23 17:07:00
202400018040.0;1;83;83107;1;1;7.0;7.0;43.46602503;6.65061135;2024-09-09 08:01:00
202400018041.0;1;54;54405;1;1;9.0;6.0;48.582302;5.942642;2024-01-30 10:05:00
202400018042.0;5;95;95500;1;1;2.0;3.0;49.03653414;2.09411837;2024-12-24 17:20:00
202400018043.0;1;37;37203;1;3;1.0;3.0;47.416799;0.734252;2024-04-18 18:15:00
202400018044.0;3;972;97218;1;1;1.0;6.0;14.760286;-61.158389;2024-09-07 21:45:00
202400018045.0;1;72;72352;1;1;1.0;1.0;48.206622;0.40378;2024-01-30 10:00:00
202400018046.0;2;95;95365;1;1;2.0;3.0;49.05773707;2.42088314;2024-12-24 15:55:00
202400018047.0;1;63;63289;1;1;1.0;7.0;45.76589058;2.72669334;2024-09-08 10:16:00
202400018048.0;1;61;61497;1;9;1.0;3.0;48.45370467;0.13114403;2024-04-18 19:30:00
202400018049.0;1;64;64040;1;1;1.0;7.0;42.985296;-0.74339;2024-01-28 16:10:00
202400018050.0;1;93;93005;1;1;2.0;2.0;48.95384453;2.47352068;2024-12-24 09:05:00
202400018051.0;1;73;73188;1;1;1.0;2.0;45.619917;6.326725;2024-01-23 13:45:00
202400018052.0;1;42;42041;1;1;1.0;2.0;45.705823;4.164588;2024-04-19 15:00:00
202400018053.0;1;12;12131;1;3;1.0;3.0;44.410179;2.636772;2024-09-06 15:45:00
202400018054.0;3;93;93053;1;1;1.0;2.0;48.89709475;2.46970636;2024-12-23 22:30:00
202400018055.0;5;37;37154;2;1;2.0;1.0;47.286609;0.713233;2024-01-21 06:55:00
202400018056.0;1;973;97309;2;1;1.0;3.0;4.92533;-52.286012;2024-04-19 09:00:00
202400018057.0;3;974;97413;1;1;1.0;1.0;-21.175303;55.308223;2024-09-08 19:30:00
202400018058.0;1;987;98734;1;1;1.0;3.0;-17.712;-149.508;2024-01-30 09:00:00
202400018059.0;1;69;69244;2;1;1.0;3.0;45.754267;4.77752;2024-04-18 12:20:00
202400018060.0;3;77;77294;1;1;5.0;6.0;48.97036674;2.57047531;2024-12-24 19:45:00
202400018061.0;1;50;50467;1;1;8.0;6.0;49.477291;-1.375641;2024-09-08 18:30:00
202400018062.0;1;34;34032;1;1;1.0;3.0;43.35584516;3.2739546;2024-01-31 11:20:00
202400018063.0;1;86;86062;1;1;1.0;2.0;46.660394;0.355597;2024-04-18 15:00:00
202400018064.0;5;75;75107;2;7;1.0;6.0;48.853235;2.313259;2024-06-20 02:20:00
202400018065.0;1;987;98729;2;1;1.0;6.0;-17.577;-150.202;2024-01-30 13:55:00
202400018066.0;3;50;50025;1;9;1.0;6.0;48.700606;-1.346265;2024-09-09 00:30:00
202400018067.0;1;34;34114;1;1;1.0;6.0;43.643591;3.564677;2024-09-07 12:00:00
202400018068.0;1;93;93027;2;2;1.0;1.0;48.92804942;2.38527775;2024-06-29 09:50:00
202400018069.0;5;973;97312;2;2;1.0;1.0;5.37816627;-52.95679656;2024-01-30 19:20:00
202400018070.0;1;45;45008;1;1;1.0;2.0;48.080581;1.851234;2024-04-18 15:39:00
202400018071.0;5;93;93027;2;1;1.0;6.0;48.92527;2.3798;2024-06-26 23:00:00
202400018072.0;5;971;97117;2;3;1.0;6.0;16.33081324;-61.34539783;2024-01-28 18:30:00
202400018073.0;3;59;59047;1;1;2.0;6.0;50.05964931;3.17853496;2024-04-16 03:23:00
202400018074.0;1;87;87122;1;1;8.0;1.0;46.053313;1.358528;2024-09-08 18:10:00
202400018075.0;1;93;93027;2;3;2.0;3.0;48.92252;2.38164;2024-06-21 10:15:00
202400018076.0;2;77;77231;1;1;1.0;6.0;49.000071;3.00724;2024-04-19 07:00:00
202400018077.0;1;77;77183;2;2;1.0;3.0;48.942104;3.138593;2024-01-31 15:55:00
202400018078.0;1;2B;2B148;2;9;1.0;6.0;42.52591;9.442601;2024-01-31 09:45:00
202400018079.0;1;93;93027;2;3;1.0;2.0;48.92445434;2.39581078;2024-06-14 18:30:00
202400018080.0;1;30;30254;1;3;1.0;3.0;44.06982;4.70746;2024-09-07 13:45:00
202400018081.0;1;21;21464;2;2;1.0;6.0;47.13641;4.950038;2024-04-18 14:30:00
202400018082.0;3;66;66227;1;1;1.0;1.0;42.63709881;2.91524738;2024-01-30 20:15:00
202400018083.0;5;93;93027;2;3;1.0;2.0;48.92827498;2.41874099;2024-06-05 01:00:00
202400018084.0;1;62;62749;2;1;1.0;6.0;50.35986846;2.07077888;2024-09-07 12:05:00
202400018085.0;2;21;21390;2;1;1.0;6.0;47.273977;4.991146;2024-04-19 06:07:00
202400018086.0;2;84;84074;2;1;1.0;2.0;43.753249;5.19244;2024-01-31 07:25:00
202400018087.0;1;68;68063;2;1;1.0;7.0;47.800278;7.173477;2024-04-17 10:30:00
202400018088.0;5;988;98818;2;3;1.0;6.0;-22.22793;166.4445;2024-12-24 00:10:00
202400018089.0;3;83;83008;1;1;1.0;6.0;43.520205;6.64999;2024-01-31 18:40:00
202400018090.0;1;57;57465;1;3;8.0;3.0;49.318311;6.285816;2024-09-09 10:13:00
202400018091.0;1;976;97611;2;1;1.0;6.0;-12.77076;45.22549;2024-12-23 14:20:00
202400018092.0;1;7;7130;1;1;4.0;2.0;44.751983;3.985677;2024-04-18 13:20:00
202400018093.0;1;70;70528;1;1;1.0;1.0;47.42961147;5.65798;2024-01-31 14:00:00
202400018094.0;1;19;19067;1;1;2.0;7.0;44.997279;1.779613;2024-09-08 13:00:00
202400018095.0;1;974;97411;2;9;1.0;6.0;-20.89615;55.49157;2024-12-23 07:15:00
202400018096.0;1;67;67368;1;1;7.0;7.0;48.449279;7.424794;2024-01-27 14:50:00
202400018097.0;1;53;53119;1;3;7.0;7.0;47.996506;-0.749849;2024-04-18 08:25:00
202400018098.0;1;56;56112;1;1;1.0;7.0;47.867603;-2.49925;2024-09-06 19:30:00
202400018099.0;5;972;97209;2;1;1.0;7.0;14.62995;-61.05994;2024-12-22 22:00:00
202400018100.0;2;7;7138;1;1;1.0;7.0;44.583399;4.450091;2024-01-30 17:30:00
202400018101.0;2;44;44110;1;1;1.0;2.0;47.415965;-1.526928;2024-04-09 20:48:00
202400018102.0;3;56;56166;1;1;1.0;6.0;47.935509;-3.378564;2024-09-07 04:40:00
202400018103.0;1;65;65042;1;1;1.0;1.0;43.044115;0.165353;2024-01-30 10:20:00
202400018104.0;2;14;14698;1;1;1.0;6.0;49.206765;-0.221443;2024-04-18 06:45:00
202400018105.0;1;972;97209;2;1;1.0;4.0;14.61386;-61.05173;2024-12-21 16:30:00
202400018106.0;3;79;79179;1;1;1.0;7.0;46.702016;-0.569814;2024-09-08 04:43:00
202400018107.0;1;86;86137;1;1;1.0;1.0;47.037957;0.055354;2024-01-30 08:55:00
202400018108.0;1;35;35360;2;1;1.0;6.0;48.118225;-1.208378;2024-04-17 12:35:00
202400018109.0;3;971;97101;1;9;1.0;7.0;16.25456;-61.47839;2024-12-22 23:10:00
202400018110.0;3;47;47024;1;1;1.0;3.0;44.526619;0.145606;2024-01-25 18:45:00
202400018111.0;1;27;27410;1;1;2.0;1.0;49.013526;1.260338;2024-04-19 13:50:00
202400018112.0;2;91;91027;2;1;1.0;3.0;48.71156;2.37132;2024-12-23 08:05:00
202400018113.0;1;80;80606;1;1;1.0;6.0;49.941499;1.781073;2024-09-07 11:45:00
202400018114.0;1;88;88160;2;2;1.0;3.0;48.17;6.44;2024-12-18 12:40:00
202400018115.0;1;82;82186;1;1;8.0;6.0;44.104077;0.884097;2024-09-07 07:30:00
202400018116.0;1;22;22225;2;2;1.0;6.0;48.538247;-3.137305;2024-01-31 10:20:00
202400018117.0;5;87;87085;2;3;1.0;6.0;45.83462;1.26409;2024-12-21 18:26:00
202400018118.0;1;71;71379;1;1;2.0;1.0;46.56683;5.30039;2024-09-09 11:30:00
202400018119.0;2;76;76758;2;1;1.0;6.0;49.616952;0.752671;2024-01-31 08:15:00
202400018120.0;1;13;13001;1;1;1.0;2.0;43.49031207;5.40723114;2024-04-17 12:20:00