Num_Acc;lum;departement;commune;agglomeration;intersection;meteo;type_collision;lat;long;date
202400018121.0;1;87;87085;1;1;1.0;6.0;45.90616;1.27838;2024-12-21 15:35:00
202400018122.0;1;60;60446;1;1;1.0;6.0;49.1360768;2.79865945;2024-01-30 12:10:00
202400018123.0;1;13;13071;1;1;6.0;2.0;43.40498387;5.3398132;2024-04-17 10:30:00
202400018124.0;1;89;89151;1;2;3.0;3.0;48.1157;3.1501;2024-09-07 17:33:00
202400018125.0;5;87;87085;2;1;2.0;2.0;45.82025;1.25342;2024-12-19 18:15:00
202400018126.0;3;80;80034;1;1;1.0;2.0;49.837927;2.991929;2024-01-31 18:25:00
202400018127.0;3;77;77118;1;1;3.0;6.0;48.94518;2.67691;2024-12-22 02:03:00
202400018128.0;3;62;62793;2;1;1.0;6.0;50.41377997;2.6431802;2024-01-31 05:30:00
202400018129.0;3;13;13215;1;1;1.0;5.0;43.40395738;5.30381162;2024-04-14 03:25:00
202400018130.0;1;63;63008;1;1;1.0;7.0;45.88236728;3.71326001;2024-07-18 08:30:00
202400018131.0;2;42;42097;1;1;1.0;6.0;45.50792;4.30246;2024-04-04 20:40:00
202400018132.0;5;76;76540;2;2;2.0;3.0;49.43903;1.08;2024-12-23 22:40:00
202400018133.0;1;83;83123;1;1;1.0;4.0;43.146;5.782;2024-01-30 08:40:00
202400018134.0;1;92;92050;1;1;1.0;2.0;48.89944094;2.21322959;2024-04-18 17:50:00
202400018135.0;1;93;93027;1;1;2.0;2.0;48.93507158;2.40041265;2024-04-18 17:45:00
202400018136.0;1;69;69385;1;1;1.0;3.0;45.75333964;4.81858834;2024-01-30 08:56:00
202400018137.0;1;49;49183;1;2;1.0;1.0;47.508719;-1.030886;2024-09-07 10:43:00
202400018138.0;1;76;76341;1;1;1.0;6.0;49.52432;0.18291;2024-12-22 08:50:00
202400018139.0;1;76;76217;2;1;1.0;6.0;49.91722;1.08759;2024-12-23 12:05:00
202400018140.0;1;12;12188;1;1;2.0;6.0;44.274529;2.74954;2024-09-09 09:50:00
202400018141.0;1;94;94073;1;1;1.0;4.0;48.76210053;2.38167667;2024-04-18 14:50:00
202400018142.0;1;54;54115;1;1;2.0;4.0;48.693625;6.081245;2024-03-15 08:48:00
202400018143.0;2;31;31022;1;1;1.0;2.0;43.67754375;1.41514944;2024-08-02 21:14:00
202400018144.0;1;42;42260;2;1;1.0;3.0;45.833064;3.92338;2024-09-08 10:00:00
202400018145.0;5;76;76114;2;1;1.0;3.0;49.57026;0.48428;2024-12-18 07:40:00
202400018146.0;1;77;77363;1;1;1.0;4.0;48.923079;2.629869;2024-04-17 19:10:00
202400018147.0;1;988;98805;1;1;1.0;6.0;-22.201759;166.452892;2024-07-31 10:10:00
202400018148.0;1;42;42047;1;1;1.0;7.0;45.86626;3.836546;2024-09-08 09:20:00
202400018149.0;1;91;91468;1;1;1.0;2.0;48.57340837;2.46739216;2024-01-30 09:10:00
202400018150.0;1;67;67067;1;9;2.0;7.0;48.71965;7.695912;2024-08-02 19:20:00
202400018151.0;5;67;67482;2;1;8.0;6.0;48.57528;7.75868;2024-12-22 18:50:00
202400018152.0;5;92;92050;1;1;1.0;7.0;48.89464646;2.22977686;2024-01-28 22:46:00
202400018153.0;3;46;46322;1;1;1.0;1.0;44.417429;1.323295;2024-09-08 03:00:00
202400018154.0;3;66;66136;1;3;1.0;3.0;42.69072935;2.85021722;2024-12-21 18:00:00
202400018155.0;5;68;68338;2;6;2.0;7.0;48.08462191;7.28775994;2024-09-09 02:50:00
202400018156.0;1;93;93008;1;1;1.0;2.0;48.91273457;2.43680722;2024-01-30 13:00:00
202400018157.0;1;34;34095;1;1;1.0;5.0;43.526149;3.767023;2024-08-02 10:20:00
202400018158.0;1;65;65286;2;1;1.0;6.0;43.11051832;-0.03790498;2024-12-17 14:00:00
202400018159.0;3;60;60432;1;1;1.0;6.0;49.113799;2.615218;2024-08-03 05:20:00
202400018160.0;1;64;64445;2;1;2.0;2.0;43.29444;-0.36993;2024-12-23 16:25:00
202400018161.0;3;39;39510;1;1;1.0;2.0;46.361;5.896452;2024-09-05 21:25:00
202400018162.0;1;64;64102;2;1;2.0;3.0;43.50034257;-1.46692961;2024-12-22 11:40:00
202400018163.0;1;975;97502;2;1;1.0;1.0;46.775347;-56.181207;2024-08-03 11:15:00
202400018164.0;4;93;93007;1;1;1.0;2.0;48.94214437;2.47816648;2024-01-29 19:35:00
202400018165.0;4;39;39412;2;1;2.0;6.0;46.99051;5.367725;2024-09-08 01:30:00
202400018166.0;5;59;59426;2;1;1.0;6.0;50.75;3.15;2024-12-23 18:20:00
202400018167.0;1;988;98803;1;1;1.0;6.0;-21.464576;165.487924;2024-08-03 11:50:00
202400018168.0;5;59;59343;2;1;1.0;1.0;50.59113;3.11393;2024-12-23 21:00:00
202400018169.0;3;93;93005;1;1;1.0;2.0;48.96489011;2.47555973;2024-01-29 18:30:00
202400018170.0;3;25;25405;1;1;3.0;6.0;46.830222;6.344165;2024-09-08 00:48:00
202400018171.0;3;973;97305;1;1;1.0;1.0;4.998264;-52.454782;2024-08-03 05:00:00
202400018172.0;3;59;59560;1;1;1.0;2.0;50.54233733;3.04553889;2024-12-23 18:40:00
202400018173.0;3;974;97416;1;1;2.0;6.0;-21.307;55.499;2024-01-29 23:00:00
202400018174.0;2;971;97129;1;1;1.0;6.0;16.303263;-61.658798;2024-08-02 18:35:00
202400018175.0;1;44;44003;2;1;8.0;6.0;47.37214;-1.195133;2024-09-08 15:10:00
202400018176.0;1;56;56260;2;6;1.0;6.0;47.65518;-2.76451;2024-12-23 16:13:00
202400018177.0;1;29;29111;1;1;3.0;7.0;48.58596238;-4.18943893;2024-09-08 11:00:00
202400018178.0;4;56;56260;2;1;1.0;6.0;47.66619;-2.78614;2024-11-30 06:10:00
202400018179.0;1;974;97411;2;6;1.0;3.0;-20.89956;55.47965;2024-01-29 17:25:00
202400018180.0;1;45;45340;1;1;8.0;3.0;47.661673;2.349422;2024-08-03 09:00:00
202400018181.0;1;29;29259;1;1;2.0;1.0;48.66627668;-4.01132482;2024-09-08 16:10:00
202400018182.0;5;56;56121;2;6;1.0;3.0;47.76593;-3.40062;2024-12-22 21:37:00
202400018183.0;1;45;45155;2;1;1.0;2.0;47.681396;2.630319;2024-02-27 13:50:00
202400018184.0;1;973;97302;2;1;2.0;7.0;4.9425793;-52.3215428;2024-01-29 17:55:00
202400018185.0;1;29;29235;2;1;2.0;7.0;48.401885;-4.403067;2024-09-07 11:50:00
202400018186.0;5;56;56121;2;1;2.0;6.0;47.75331;-3.37293;2024-12-20 19:15:00
202400018187.0;1;973;97302;2;1;3.0;6.0;4.93751272;-52.32449323;2024-01-29 15:45:00
202400018188.0;3;38;38538;2;1;3.0;6.0;45.224944;5.872418;2024-09-08 20:30:00
202400018189.0;2;54;54395;2;2;1.0;1.0;48.68673;6.20108;2024-12-22 16:42:00
202400018190.0;1;973;97302;1;6;1.0;3.0;4.90782;-52.32221;2024-01-27 10:16:00
202400018191.0;1;1;1335;1;1;1.0;6.0;46.106632;5.074278;2024-09-04 14:15:00
202400018192.0;1;11;11188;2;1;1.0;1.0;42.970052;2.993708;2024-08-01 18:00:00
202400018193.0;5;54;54116;2;3;2.0;6.0;48.59149;6.52749;2024-12-21 18:00:00
202400018194.0;1;973;97302;2;1;2.0;6.0;4.9262994;-52.3137483;2024-01-29 10:50:00
202400018195.0;1;26;26324;2;9;7.0;6.0;44.346018;4.767444;2024-09-09 08:14:00
202400018196.0;5;50;50129;2;1;1.0;6.0;49.62035;-1.64694;2024-12-22 06:20:00
202400018197.0;1;973;97302;2;2;3.0;3.0;4.93105919;-52.31322527;2024-01-29 08:10:00
202400018198.0;3;84;84019;1;1;1.0;1.0;44.271997;4.701462;2024-08-03 03:05:00
202400018199.0;1;66;66137;1;1;1.0;6.0;42.471867;2.853645;2024-09-08 17:30:00
202400018200.0;5;972;97209;1;1;1.0;2.0;14.6179;-61.03977;2024-01-28 20:30:00
202400018201.0;5;42;42187;2;2;1.0;3.0;46.05065;4.06678;2024-11-16 00:49:00
202400018202.0;1;6;6119;1;1;1.0;7.0;44.331746;6.866568;2024-09-07 15:40:00
202400018203.0;2;972;97209;1;1;1.0;6.0;14.64962;-61.08119;2024-01-28 17:30:00
202400018204.0;1;6;6048;2;6;1.0;3.0;43.805451;7.318853;2024-08-02 07:00:00
202400018205.0;5;40;40088;2;1;1.0;6.0;43.71024483;-1.05570859;2024-12-12 22:50:00
202400018206.0;1;69;69034;2;1;1.0;3.0;45.79203;4.8672;2024-01-29 13:00:00
202400018207.0;1;13;13004;1;1;1.0;7.0;43.505143;4.752153;2024-08-01 20:30:00
202400018208.0;1;14;14355;1;2;1.0;3.0;49.281097;-0.52324;2024-08-29 15:40:00
202400018209.0;5;971;97101;1;1;1.0;1.0;16.2651;-61.4875;2024-01-28 22:05:00
202400018210.0;1;71;71299;1;1;1.0;6.0;46.354022;4.702167;2024-08-02 17:45:00
202400018211.0;1;37;37261;2;1;8.0;3.0;47.37364;0.67838;2024-12-23 14:20:00
202400018212.0;5;971;97120;2;3;1.0;1.0;16.24581;-61.5427;2024-01-27 18:50:00
202400018213.0;1;14;14535;2;6;8.0;7.0;49.30139593;-0.46290156;2024-09-07 14:20:00
202400018214.0;3;35;35150;1;4;2.0;3.0;48.3549503;-1.23026758;2024-12-23 18:45:00
202400018215.0;1;67;67156;1;1;1.0;6.0;48.680155;7.760746;2024-07-31 16:15:00
202400018216.0;1;91;91421;2;7;1.0;2.0;48.683181;2.490249;2024-01-29 09:00:00
202400018217.0;1;34;34198;2;1;1.0;6.0;43.56133;3.95081;2024-12-23 10:30:00
202400018218.0;1;57;57415;1;1;1.0;7.0;49.145651;6.128908;2024-08-02 16:00:00
202400018219.0;1;33;33009;2;1;1.0;6.0;44.661249;-1.172563;2024-12-23 14:55:00
202400018220.0;2;90;90041;2;3;1.0;1.0;47.709679;6.925442;2024-09-07 19:10:00
202400018221.0;1;89;89387;2;2;1.0;3.0;48.19544;3.30164;2024-01-29 16:20:00
202400018222.0;1;9;9005;1;1;1.0;7.0;42.908601;1.290668;2024-09-07 14:40:00
202400018223.0;5;31;31555;2;2;1.0;3.0;43.61041;1.44828;2024-12-23 19:40:00
202400018224.0;1;63;63038;1;1;1.0;1.0;45.5005981;2.84811037;2024-08-03 16:45:00
202400018225.0;3;87;87085;1;1;1.0;3.0;45.89742;1.2922;2024-01-25 20:40:00
202400018226.0;1;60;60129;2;1;1.0;6.0;49.515471;3.00997;2024-09-08 18:55:00
202400018227.0;1;31;31555;2;1;1.0;6.0;43.6041;1.44797;2024-12-23 12:55:00
202400018228.0;1;38;38295;1;1;1.0;7.0;45.829232;5.338508;2024-08-03 13:15:00
202400018229.0;1;86;86194;2;1;7.0;6.0;46.588843;0.361264;2024-01-29 09:30:00
202400018230.0;2;45;45204;1;1;8.0;1.0;47.822615;1.835435;2024-09-09 08:35:00
202400018231.0;1;27;27229;2;2;1.0;3.0;49.02403;1.14794;2024-12-23 10:40:00
202400018232.0;1;38;38138;1;1;1.0;1.0;45.735503;5.266352;2024-07-30 18:30:00
202400018233.0;2;86;86194;2;1;1.0;3.0;46.590479;0.343293;2024-01-28 07:30:00
202400018234.0;1;25;25462;2;1;4.0;6.0;46.90577;6.35433;2024-12-23 14:40:00
202400018235.0;1;64;64375;1;1;1.0;1.0;43.321447;-1.153607;2024-09-07 20:10:00
202400018236.0;5;84;84007;2;3;1.0;1.0;43.94091;4.82712;2024-01-29 23:45:00
202400018237.0;3;81;81020;1;1;1.0;7.0;43.867982;2.036033;2024-08-03 02:30:00
202400018238.0;2;18;18173;1;1;1.0;7.0;46.922688;2.655934;2024-09-07 19:30:00
202400018239.0;3;25;25056;1;1;1.0;3.0;47.26999;6.00095;2024-12-23 20:45:00
202400018240.0;1;43;43078;1;1;3.0;7.0;45.00448793;3.91236861;2024-09-08 18:10:00
202400018241.0;3;14;14327;2;1;1.0;1.0;49.21135;-0.33959;2024-12-23 07:19:00
202400018242.0;3;84;84092;1;3;1.0;1.0;43.95294;4.88125;2024-01-28 19:10:00
202400018243.0;1;9;9047;1;1;1.0;3.0;42.910706;1.955502;2024-08-01 18:50:00
202400018244.0;1;8;8480;2;1;1.0;6.0;49.74235;4.74665;2024-12-23 09:44:00
202400018245.0;1;16;16384;1;2;1.0;3.0;45.361305;-0.197845;2024-09-09 17:55:00
202400018246.0;1;83;83137;2;1;1.0;3.0;43.12961;5.92646;2024-01-28 08:55:00
202400018247.0;2;2;2722;2;2;2.0;3.0;49.38772;3.33542;2024-12-20 17:10:00
202400018248.0;1;7;7010;1;9;1.0;1.0;45.244537;4.653025;2024-09-07 16:40:00
202400018249.0;1;17;17351;1;3;1.0;3.0;45.816762;-1.080351;2024-08-03 10:30:00
202400018250.0;2;81;81004;2;9;1.0;3.0;43.9429812;2.1504474;2024-01-29 08:04:00
202400018251.0;1;35;35166;1;1;1.0;6.0;48.149087;-1.34781;2024-08-03 16:15:00
202400018252.0;1;80;80001;1;1;1.0;1.0;50.1013;1.83928;2024-01-28 14:20:00
202400018253.0;2;75;75116;2;1;1.0;5.0;48.864239;2.266641;2024-12-23 09:20:00
202400018254.0;5;7;7349;1;3;2.0;1.0;44.78732;4.771449;2024-09-03 00:25:00
202400018255.0;1;13;13019;1;1;1.0;3.0;43.42208;5.37097;2024-08-01 19:00:00
202400018256.0;5;75;75119;2;1;2.0;2.0;48.890899;2.395809;2024-12-22 06:35:00
202400018257.0;3;78;78642;2;6;1.0;2.0;48.97759;1.97778;2024-01-29 18:20:00
202400018258.0;2;21;21250;1;2;2.0;1.0;47.742364;4.75726;2024-09-09 07:50:00
202400018259.0;5;75;75105;2;2;1.0;6.0;48.849931;2.34907;2024-12-23 19:43:00
202400018260.0;1;76;76351;2;3;1.0;3.0;49.506989;0.135928;2024-01-29 10:00:00
202400018261.0;1;13;13070;1;1;1.0;4.0;43.28499911;5.51803038;2024-08-02 11:20:00
202400018262.0;1;75;75106;2;3;1.0;6.0;48.850383;2.327706;2024-12-23 13:50:00
202400018263.0;1;24;24388;1;1;2.0;3.0;44.87361;0.896248;2024-09-07 14:20:00
202400018264.0;5;76;76351;2;1;1.0;6.0;49.48755;0.14636;2024-01-28 07:15:00
202400018265.0;5;75;75120;2;3;8.0;6.0;48.873407;2.390091;2024-12-22 23:00:00
202400018266.0;1;13;13106;1;1;1.0;4.0;43.39959526;5.34924076;2024-07-31 18:13:00
202400018267.0;3;27;27367;2;3;2.0;6.0;49.230973;0.499095;2024-09-08 01:00:00
202400018268.0;5;76;76351;2;2;1.0;3.0;49.50591;0.15907;2024-01-28 20:20:00
202400018269.0;1;75;75119;2;2;1.0;6.0;48.878264;2.372848;2024-12-23 10:12:00
202400018270.0;5;76;76305;2;1;1.0;7.0;49.50552;0.22175;2024-01-26 20:35:00
202400018271.0;2;27;27690;1;2;1.0;3.0;49.247925;1.611257;2024-09-04 19:40:00
202400018272.0;5;75;75117;2;7;2.0;2.0;48.87798;2.28223;2024-12-23 20:05:00
202400018273.0;3;69;69266;1;1;2.0;3.0;45.78215;4.89164;2024-08-02 21:30:00
202400018274.0;5;69;69266;2;9;1.0;3.0;45.75217591;4.9035068;2024-01-29 18:00:00
202400018275.0;3;1;1275;1;9;1.0;7.0;45.807356;4.926836;2024-07-30 03:15:00
202400018276.0;1;75;75116;2;1;1.0;5.0;48.85997;2.23704;2024-12-23 15:15:00
202400018277.0;3;69;69282;1;1;1.0;1.0;45.75683;4.98824;2024-01-29 07:05:00
202400018278.0;1;17;17111;1;2;1.0;3.0;45.451928;-0.489514;2024-08-08 16:00:00
202400018279.0;1;75;75113;2;3;1.0;6.0;48.8192;2.362076;2024-12-23 15:20:00
202400018280.0;5;69;69264;2;1;1.0;1.0;45.98964;4.72278;2024-01-29 07:30:00
202400018281.0;1;23;23164;1;1;3.0;3.0;46.041153;2.496498;2024-09-07 17:30:00
202400018282.0;5;75;75111;2;2;2.0;3.0;48.851275;2.376073;2024-12-22 21:30:00
202400018283.0;1;59;59580;1;1;1.0;6.0;50.83015;2.58141;2024-07-30 16:20:00
202400018284.0;1;64;64445;2;1;1.0;2.0;43.30928;-0.37685;2024-01-29 17:00:00
202400018285.0;5;75;75104;2;3;2.0;7.0;48.857678;2.35845;2024-12-22 00:15:00
202400018286.0;1;94;94021;1;1;1.0;2.0;48.76388095;2.34165844;2024-08-02 16:40:00
202400018287.0;1;87;87205;1;1;1.0;5.0;45.7642;1.296043;2024-09-08 17:15:00
202400018288.0;2;94;94068;2;1;8.0;6.0;48.807405;2.47983;2024-12-20 17:10:00
202400018289.0;1;64;64102;2;2;1.0;3.0;43.48409;-1.49932;2024-01-28 17:00:00
202400018290.0;1;94;94033;2;1;1.0;2.0;48.85321;2.46899;2024-12-16 08:55:00
202400018291.0;1;63;63113;2;3;1.0;3.0;45.80378919;3.10859978;2024-01-29 12:45:00
202400018292.0;1;91;91136;1;1;1.0;4.0;48.71314;2.28178;2024-08-02 11:55:00
202400018293.0;1;30;30210;2;1;8.0;6.0;43.916026;3.994024;2024-09-07 17:59:00
202400018294.0;1;91;91645;1;1;1.0;7.0;48.75992;2.2642;2024-08-02 09:10:00
202400018295.0;1;93;93031;2;1;1.0;2.0;48.96039123;2.29804535;2024-12-23 13:20:00
202400018296.0;5;62;62774;2;1;1.0;2.0;50.94334;1.74752;2024-01-07 22:20:00
202400018297.0;1;39;39017;1;1;1.0;3.0;46.780865;5.525458;2024-09-08 16:20:00
202400018298.0;5;61;61001;2;1;1.0;6.0;48.42774;0.07735;2024-01-29 18:40:00
202400018299.0;1;91;91689;1;1;1.0;3.0;48.73107;2.31508;2024-08-02 10:10:00
202400018300.0;1;5;5162;1;1;3.0;6.0;44.43807;6.02922;2024-09-08 09:55:00
202400018301.0;1;93;93031;2;3;7.0;2.0;48.95673964;2.29980433;2024-12-23 14:00:00
202400018302.0;2;57;57463;2;2;8.0;6.0;49.11016;6.21983;2024-01-29 08:30:00
202400018303.0;1;91;91174;1;1;1.0;3.0;48.61977;2.45913;2024-08-02 09:20:00
202400018304.0;1;978;97801;2;1;1.0;1.0;18.097346;-63.065869;2024-09-07 16:45:00
202400018305.0;5;93;93029;2;3;1.0;3.0;48.92919086;2.43354893;2024-12-23 21:15:00
202400018306.0;5;56;56121;2;1;1.0;7.0;47.75853;-3.35773;2024-01-26 22:46:00
202400018307.0;3;92;92050;1;1;2.0;7.0;48.8924468;2.18503472;2024-08-02 00:09:00
202400018308.0;1;93;93010;2;9;1.0;3.0;48.90710793;2.48942102;2024-12-23 11:35:00
202400018309.0;3;93;93001;1;1;1.0;2.0;48.92164859;2.37702727;2024-08-02 01:45:00
202400018310.0;1;54;54578;2;3;1.0;2.0;48.6723859;6.15463704;2024-01-29 09:30:00
202400018311.0;3;49;49110;1;1;1.0;5.0;47.52804439;-0.34696903;2024-09-09 02:20:00
202400018312.0;2;94;94073;1;1;1.0;6.0;48.76803575;2.37853024;2024-08-01 21:23:00
202400018313.0;1;51;51108;2;3;7.0;6.0;48.94017;4.38981;2024-01-27 11:00:00
202400018314.0;2;92;92078;2;3;1.0;3.0;48.93515;2.3288;2024-10-03 20:00:00
202400018315.0;3;6;6085;1;1;1.0;5.0;43.58576038;6.99715837;2024-09-09 06:35:00
202400018316.0;1;974;97416;1;1;1.0;2.0;-21.31417271;55.43934238;2024-08-01 14:00:00
202400018317.0;1;67;67202;1;1;1.0;7.0;48.76807;7.550805;2024-08-29 10:17:00
202400018318.0;1;50;50129;2;3;1.0;3.0;49.64722;-1.66886;2024-01-28 16:25:00
202400018319.0;5;92;92078;2;3;2.0;3.0;48.93551094;2.33388506;2024-12-22 23:10:00
202400018320.0;3;49;49353;1;1;1.0;5.0;47.4473;-0.44957;2024-01-29 18:22:00
202400018321.0;1;973;97302;2;3;1.0;3.0;4.94174;-52.30405;2024-08-01 07:25:00
202400018322.0;1;92;92026;2;2;1.0;2.0;48.89779602;2.24022567;2024-12-23 12:30:00
202400018323.0;3;11;11370;1;1;1.0;5.0;43.221784;3.09528;2024-09-08 05:50:00
202400018324.0;2;46;46042;2;1;1.0;3.0;44.4265;1.4418;2024-01-24 17:05:00
202400018325.0;5;92;92025;2;1;1.0;3.0;48.92065177;2.24406593;2024-12-23 07:30:00
202400018326.0;3;38;38530;1;1;2.0;7.0;45.615238;5.197569;2024-09-07 23:45:00
202400018327.0;3;973;97302;2;1;1.0;7.0;4.93762202;-52.32429242;2024-08-01 02:10:00
202400018328.0;4;45;45234;2;1;1.0;6.0;47.92084;1.92047;2024-01-30 00:40:00
202400018329.0;3;13;13105;1;1;1.0;2.0;43.74422;5.086665;2024-09-09 01:00:00
202400018330.0;1;972;97213;2;1;1.0;3.0;14.63325;-60.99082;2024-08-01 07:20:00
202400018331.0;2;41;41018;2;1;1.0;6.0;47.58868;1.331;2024-01-29 18:17:00
202400018332.0;5;92;92024;2;1;2.0;5.0;48.91250943;2.31136143;2024-12-20 18:15:00
202400018333.0;3;33;33229;1;1;1.0;6.0;44.734472;-0.996902;2024-09-07 20:20:00
202400018334.0;1;972;97209;1;2;1.0;3.0;14.62042;-61.04344;2024-08-01 14:15:00
202400018335.0;1;92;92019;2;1;1.0;2.0;48.76531111;2.2712481;2024-12-23 16:20:00
202400018336.0;2;38;38185;2;2;1.0;3.0;45.16401;5.72863;2024-01-29 18:23:00
202400018337.0;3;988;98833;1;1;1.0;7.0;-21.45927;165.8049;2024-09-08 23:00:00
202400018338.0;1;69;69034;2;1;1.0;6.0;45.79549721;4.85834931;2024-07-31 21:10:00
202400018339.0;1;38;38332;1;1;2.0;6.0;45.342083;5.488529;2024-12-23 15:00:00
202400018340.0;5;37;37261;2;1;1.0;3.0;47.37708;0.71437;2024-01-28 01:35:00
202400018341.0;1;972;97230;1;1;1.0;6.0;14.712214;-60.947342;2024-09-06 14:30:00
202400018342.0;5;69;69384;2;1;1.0;2.0;45.77453367;4.81332883;2024-07-31 03:08:00
202400018343.0;1;35;35278;1;1;1.0;2.0;48.15798316;-1.69770151;2024-01-29 12:55:00
202400018344.0;1;77;77328;2;4;1.0;6.0;48.315981;2.420275;2024-09-08 17:50:00
202400018345.0;2;971;97113;1;9;1.0;6.0;16.20751;-61.48103;2024-07-31 18:15:00
202400018346.0;1;35;35238;2;6;1.0;2.0;48.09212;-1.65823;2024-01-29 13:35:00
202400018347.0;1;91;91405;1;1;2.0;1.0;48.425968;2.468791;2024-09-08 16:30:00
202400018348.0;1;2A;2A004;2;1;1.0;3.0;41.94819;8.76529;2024-08-01 15:30:00
202400018349.0;1;31;31555;2;1;1.0;3.0;43.63387;1.46339;2024-01-26 17:03:00
202400018350.0;1;78;78048;1;1;1.0;2.0;48.795264;1.669985;2024-09-06 13:02:00
202400018351.0;5;91;91521;2;9;2.0;2.0;48.65862;2.41255;2024-08-02 00:22:00
202400018352.0;1;13;13107;1;1;1.0;3.0;43.428859;5.458333;2024-08-29 16:30:00
202400018353.0;1;84;84007;2;1;1.0;3.0;43.9462;4.83429;2024-08-01 18:15:00
202400018354.0;1;14;14366;2;4;1.0;3.0;49.14071;0.227253;2024-01-29 10:52:00
202400018355.0;2;71;71297;1;1;1.0;6.0;46.868715;4.274046;2024-09-08 19:50:00
202400018356.0;1;77;77464;2;1;1.0;7.0;48.89042;2.70606;2024-08-01 10:10:00
202400018357.0;5;13;13026;1;1;1.0;6.0;43.3922934;5.17970375;2024-01-27 03:30:00
202400018358.0;1;21;21294;1;1;3.0;3.0;47.086546;5.016503;2024-09-05 14:00:00
202400018359.0;5;13;13203;2;1;1.0;2.0;43.30262;5.37779;2024-01-29 18:45:00
202400018360.0;1;67;67288;2;1;1.0;7.0;48.961835;7.867107;2024-09-07 15:35:00
202400018361.0;5;13;13206;2;1;1.0;2.0;43.29099;5.38006;2024-01-29 18:40:00
202400018362.0;5;73;73065;2;3;1.0;1.0;45.57311221;5.91414937;2024-07-23 22:13:00
202400018363.0;3;67;67432;1;1;1.0;1.0;48.972555;8.086753;2024-09-08 00:50:00
202400018364.0;1;13;13214;2;3;1.0;3.0;43.31894897;5.37920361;2024-01-29 09:00:00
202400018365.0;5;73;73029;2;3;1.0;1.0;45.57051;5.94877;2024-07-26 22:25:00
202400018366.0;2;55;55122;1;1;8.0;2.0;48.756868;5.609894;2024-09-09 06:40:00
202400018367.0;1;73;73065;1;1;1.0;6.0;45.59321;5.89684;2024-08-01 18:50:00
202400018368.0;1;57;57160;2;1;1.0;6.0;49.206457;6.69592;2024-09-08 11:00:00
202400018369.0;5;10;10387;2;2;1.0;3.0;48.30334;4.08536;2024-01-28 22:20:00
202400018370.0;1;63;63213;1;6;1.0;7.0;45.812359;3.240224;2024-09-06 10:30:00
202400018371.0;1;73;73065;1;2;1.0;3.0;45.59399092;5.89759308;2024-08-01 11:40:00
202400018372.0;5;6;6104;1;1;1.0;3.0;43.76227;7.462426;2024-01-28 04:20:00
202400018373.0;1;38;38215;1;1;8.0;1.0;45.602539;4.975058;2024-09-09 12:05:00
202400018374.0;1;73;73011;2;6;7.0;3.0;45.66506;6.38988;2024-07-26 11:10:00
202400018375.0;1;1;1053;2;4;1.0;6.0;46.2107;5.23951;2024-01-29 10:45:00
202400018376.0;2;7;7018;1;1;3.0;1.0;44.697173;4.02146;2024-09-08 18:10:00
202400018377.0;5;72;72181;2;2;1.0;6.0;47.9779;0.2116;2024-08-01 01:15:00
202400018378.0;5;75;75116;2;2;1.0;6.0;48.873593;2.292791;2024-01-29 20:20:00
202400018379.0;1;69;69116;2;1;1.0;6.0;45.810523;4.778449;2024-09-07 18:39:00
202400018380.0;1;69;69259;2;4;1.0;3.0;45.71735;4.85476;2024-07-31 07:55:00
202400018381.0;1;75;75115;2;2;1.0;2.0;48.842096;2.312996;2024-01-29 15:20:00
202400018382.0;5;69;69250;2;1;1.0;6.0;45.792982;4.727747;2024-09-06 21:45:00
202400018383.0;5;75;75112;2;2;1.0;3.0;48.82411;2.42286;2024-01-26 07:05:00
202400018384.0;1;67;67482;2;1;1.0;2.0;48.59044;7.74469;2024-07-31 18:45:00
202400018385.0;1;33;33273;1;1;1.0;1.0;44.834113;-0.814447;2024-09-08 16:30:00
202400018386.0;1;49;49021;1;1;1.0;6.0;47.440258;-0.201568;2024-09-08 15:00:00
202400018387.0;1;67;67482;2;1;1.0;3.0;48.58109;7.75637;2024-07-31 15:55:00
202400018388.0;1;75;75101;2;2;1.0;3.0;48.859633;2.344813;2024-01-28 16:20:00
202400018389.0;1;64;64260;2;3;1.0;3.0;43.35524;-1.76809;2024-07-31 17:04:00
202400018390.0;2;44;44026;1;1;3.0;4.0;47.296637;-1.407151;2024-09-05 20:05:00
202400018391.0;5;94;94081;2;1;1.0;6.0;48.79823;2.38788;2024-01-27 02:26:00
202400018392.0;2;35;35012;1;3;5.0;3.0;47.828391;-1.708041;2024-09-04 06:20:00
202400018393.0;1;94;94028;2;3;1.0;2.0;48.78783;2.43584;2024-01-27 13:10:00
202400018394.0;1;62;62498;2;3;1.0;3.0;50.4229566;2.80624187;2024-07-31 16:00:00
202400018395.0;1;62;62193;2;1;1.0;3.0;50.94572;1.87116;2024-07-31 15:00:00
202400018396.0;1;76;76164;1;1;3.0;1.0;49.545588;0.752971;2024-09-08 18:30:00
202400018397.0;2;94;94003;2;3;1.0;3.0;48.806536;2.34039;2024-01-29 07:35:00
202400018398.0;1;60;60446;1;1;2.0;6.0;49.133539;2.797804;2024-09-09 10:10:00
202400018399.0;1;61;61006;2;9;1.0;3.0;48.744029;-0.019338;2024-08-01 16:10:00
202400018400.0;5;94;94021;2;1;1.0;6.0;48.77058;2.35269;2024-01-29 07:20:00
202400018401.0;1;80;80182;1;1;1.0;1.0;50.214866;1.556497;2024-09-07 11:45:00
202400018402.0;1;59;59599;2;3;1.0;3.0;50.72558;3.14355;2024-08-01 16:00:00
202400018403.0;5;93;93066;2;6;1.0;3.0;48.935534;2.367791;2024-01-29 19:00:00