Num_Acc;lum;departement;commune;agglomeration;intersection;meteo;type_collision;lat;long;date
202400018404.0;1;59;59350;2;1;1.0;3.0;50.60385;3.05669;2024-08-01 11:15:00
202400018405.0;1;59;59638;1;1;1.0;7.0;50.576669;3.270632;2024-09-07 19:50:00
202400018406.0;1;93;93032;2;3;1.0;3.0;48.86727434;2.55873486;2024-01-29 08:40:00
202400018407.0;1;13;13216;1;1;8.0;7.0;43.36393;5.34013;2024-09-08 18:40:00
202400018408.0;1;13;13085;1;1;8.0;3.0;43.2665;5.5873;2024-09-08 15:00:00
202400018409.0;1;59;59271;2;3;1.0;3.0;51.019036;2.305316;2024-07-31 20:00:00
202400018410.0;1;93;93031;2;3;1.0;3.0;48.94807;2.33874;2024-01-29 16:43:00
202400018411.0;1;13;13085;1;1;2.0;2.0;43.2589;5.5921;2024-09-08 15:30:00
202400018412.0;1;56;56260;2;6;1.0;3.0;47.682081;-2.765272;2024-08-01 17:38:00
202400018413.0;1;13;13071;1;1;8.0;2.0;43.40935357;5.36357453;2024-09-08 15:40:00
202400018414.0;5;93;93008;2;3;1.0;7.0;48.90523392;2.44428635;2024-01-29 03:03:00
202400018415.0;1;54;54304;2;1;1.0;6.0;48.69796;6.125;2024-07-31 13:35:00
202400018416.0;3;13;13026;1;1;1.0;2.0;43.40028669;5.10074129;2024-09-07 21:07:00
202400018417.0;1;50;50129;1;9;1.0;3.0;49.64933;-1.71657;2024-07-31 21:00:00
202400018418.0;5;93;93007;2;2;1.0;6.0;48.94542079;2.45137542;2024-01-29 07:30:00
202400018419.0;5;47;47001;2;1;1.0;3.0;44.19652;0.61234;2024-08-01 22:40:00
202400018420.0;1;83;83069;1;1;1.0;3.0;43.11357706;6.11951425;2024-09-06 18:00:00
202400018421.0;1;92;92024;2;3;1.0;3.0;48.90032;2.31509;2024-01-29 16:50:00
202400018422.0;1;42;42275;1;1;1.0;6.0;45.47723;4.38223;2024-07-31 14:40:00
202400018423.0;3;69;69259;1;1;8.0;5.0;45.6868;4.87233;2024-09-08 06:15:00
202400018424.0;5;38;38185;2;2;1.0;3.0;45.18592;5.71695;2024-08-02 00:37:00
202400018425.0;1;92;92019;2;3;1.0;3.0;48.76617045;2.25565571;2024-01-29 17:00:00
202400018426.0;1;33;33122;1;1;8.0;4.0;44.7354;-0.71877;2024-09-08 17:40:00
202400018427.0;1;38;38185;2;6;1.0;2.0;45.16081;5.72045;2024-08-01 09:20:00
202400018428.0;1;92;92012;2;1;1.0;1.0;48.82414;2.23698;2024-01-29 08:30:00
202400018429.0;1;91;91340;1;1;1.0;2.0;48.611;2.432;2024-09-08 12:00:00
202400018430.0;1;37;37261;2;3;1.0;3.0;47.38678723;0.70840207;2024-08-01 19:45:00
202400018431.0;1;72;72051;2;1;2.0;6.0;47.832828;0.080155;2024-01-30 09:20:00
202400018432.0;1;37;37261;2;2;1.0;3.0;47.37974;0.67984;2024-08-01 13:45:00
202400018433.0;1;78;78043;1;1;1.0;2.0;48.841694;2.094726;2024-09-08 12:30:00
202400018434.0;3;40;40152;1;1;1.0;2.0;43.95458;-1.068077;2024-01-30 02:40:00
202400018435.0;1;37;37261;2;6;1.0;3.0;47.36604;0.69816;2024-07-31 15:45:00
202400018436.0;5;34;34301;2;1;1.0;6.0;43.41344;3.70273;2024-07-29 01:47:00
202400018437.0;1;78;78158;1;1;1.0;4.0;48.835163;2.131117;2024-09-07 16:00:00
202400018438.0;1;22;22106;2;1;1.0;2.0;48.49363;-2.71617;2024-07-31 12:50:00
202400018439.0;1;92;92025;1;1;1.0;2.0;48.92865065;2.23945697;2024-09-06 19:32:00
202400018440.0;1;19;19031;2;1;1.0;2.0;45.16474303;1.51388633;2024-07-31 18:19:00
202400018441.0;3;94;94079;1;1;1.0;3.0;48.83592061;2.53990748;2024-09-07 23:50:00
202400018442.0;1;18;18279;2;1;1.0;1.0;47.23573;2.03465;2024-07-31 19:00:00
202400018443.0;5;973;97302;2;2;1.0;3.0;4.93462356;-52.3307029;2024-09-07 20:25:00
202400018444.0;1;973;97302;2;1;1.0;7.0;4.91998;-52.3197;2024-09-07 17:15:00
202400018445.0;1;17;17333;1;1;1.0;2.0;45.61584;-0.98739;2024-08-01 17:47:00
202400018446.0;5;69;69383;2;2;2.0;3.0;45.75613;4.85491;2024-09-08 02:30:00
202400018447.0;1;17;17306;2;2;1.0;3.0;45.63475;-1.02325;2024-08-01 12:40:00
202400018448.0;1;971;97113;1;1;1.0;5.0;16.21763;-61.43712;2024-09-06 14:55:00
202400018449.0;1;14;14117;2;2;1.0;3.0;49.2837;-0.13381;2024-07-31 10:30:00
202400018450.0;1;91;91657;2;1;1.0;3.0;48.70027;2.42024;2024-09-06 17:20:00
202400018451.0;1;13;13213;2;1;1.0;3.0;43.32626209;5.43912037;2024-08-01 16:45:00
202400018452.0;1;91;91421;2;4;1.0;3.0;48.702923;2.454054;2024-09-06 08:05:00
202400018453.0;1;13;13208;2;1;1.0;3.0;43.26683;5.38251;2024-07-31 21:00:00
202400018454.0;1;13;13202;2;1;1.0;2.0;43.2991;5.37382;2024-07-31 17:00:00
202400018455.0;3;77;77373;1;1;1.0;2.0;48.77023;2.63324;2024-09-07 22:30:00
202400018456.0;1;77;77276;1;1;1.0;6.0;48.91663;2.88007;2024-09-07 19:45:00
202400018457.0;1;11;11069;2;3;1.0;3.0;43.2193;2.3545;2024-08-01 12:45:00
202400018458.0;5;8;8409;2;1;3.0;6.0;49.70196;4.94418;2024-07-26 22:59:00
202400018459.0;1;74;74298;2;2;1.0;3.0;46.18521;6.2773;2024-09-07 11:25:00
202400018460.0;1;7;7102;2;1;1.0;3.0;44.93379;4.87856;2024-07-31 18:17:00
202400018461.0;2;72;72181;2;9;1.0;3.0;48.01181;0.20905;2024-09-07 07:30:00
202400018462.0;1;7;7116;2;3;1.0;3.0;44.64336;4.36893;2024-07-31 09:30:00
202400018463.0;5;71;71153;2;6;1.0;3.0;46.79432562;4.44852144;2024-09-07 21:20:00
202400018464.0;1;6;6029;2;3;1.0;1.0;43.55507;7.01282;2024-08-01 09:30:00
202400018465.0;1;6;6123;1;1;1.0;6.0;43.704752;7.171238;2024-07-31 07:25:00
202400018466.0;1;5;5023;2;1;1.0;6.0;44.894159;6.634781;2024-08-01 13:50:00
202400018467.0;1;69;69266;2;2;1.0;3.0;45.76809;4.86578;2024-09-07 12:40:00
202400018468.0;1;3;3185;2;1;1.0;6.0;46.35515;2.58776;2024-08-01 08:20:00
202400018469.0;1;69;69092;2;1;1.0;1.0;45.98466738;4.7015129;2024-09-06 16:30:00
202400018470.0;5;1;1283;2;1;8.0;6.0;46.25062;5.65959;2024-08-01 04:36:00
202400018471.0;5;68;68224;2;8;2.0;1.0;47.74042198;7.32085991;2024-09-07 22:33:00
202400018472.0;1;75;75116;2;1;1.0;4.0;48.843221;2.254364;2024-08-01 18:30:00
202400018473.0;1;67;67482;2;1;1.0;1.0;48.59139;7.70646;2024-09-07 17:45:00
202400018474.0;1;75;75116;2;1;1.0;2.0;48.858333;2.260662;2024-07-31 18:40:00
202400018475.0;1;67;67482;2;1;1.0;1.0;48.5617;7.6959;2024-09-07 17:15:00
202400018476.0;5;75;75120;2;2;2.0;1.0;48.858128;2.404664;2024-07-31 04:48:00
202400018477.0;1;67;67482;2;1;1.0;3.0;48.59302;7.69691;2024-09-06 17:10:00
202400018478.0;1;75;75119;2;2;1.0;3.0;48.897648;2.385482;2024-08-01 16:45:00
202400018479.0;3;64;64284;2;1;1.0;7.0;43.29207;-0.38608;2024-09-07 23:10:00
202400018480.0;1;75;75119;2;1;1.0;2.0;48.879472;2.37176;2024-08-01 11:55:00
202400018481.0;1;64;64348;1;3;1.0;7.0;43.32537;-0.38376;2024-09-07 19:10:00
202400018482.0;5;75;75117;2;3;1.0;7.0;48.89539;2.316429;2024-07-31 21:45:00
202400018483.0;1;64;64102;2;3;1.0;3.0;43.50547;-1.46143;2024-09-07 19:33:00
202400018484.0;1;75;75116;2;5;1.0;6.0;48.858262;2.272611;2024-08-01 08:03:00
202400018485.0;1;75;75116;2;1;1.0;2.0;48.866259;2.268517;2024-07-31 15:00:00
202400018486.0;1;64;64102;2;1;1.0;2.0;43.48506;-1.49452;2024-09-06 16:30:00
202400018487.0;3;63;63113;2;1;8.0;6.0;45.76975;3.11232;2024-09-07 23:40:00
202400018488.0;1;75;75113;2;1;1.0;2.0;48.819229;2.358175;2024-08-01 18:05:00
202400018489.0;1;75;75112;2;1;1.0;3.0;48.82358;2.42927;2024-08-01 13:15:00
202400018490.0;1;63;63113;2;2;1.0;4.0;45.77882;3.11202;2024-09-07 15:00:00
202400018491.0;2;75;75112;2;2;1.0;3.0;48.831828;2.397672;2024-08-01 05:55:00
202400018492.0;5;75;75112;2;1;1.0;6.0;48.847018;2.407765;2024-07-31 21:58:00
202400018493.0;1;58;58194;2;6;2.0;3.0;46.99288;3.16788;2024-09-07 08:30:00
202400018494.0;5;75;75111;2;3;1.0;2.0;48.860959;2.388176;2024-08-01 00:15:00
202400018495.0;1;75;75110;2;3;1.0;6.0;48.875764;2.36027;2024-08-01 11:15:00
202400018496.0;2;75;75107;2;1;3.0;7.0;48.847447;2.316245;2024-08-01 06:25:00
202400018497.0;5;75;75101;2;3;1.0;2.0;48.857701;2.345439;2024-08-01 02:30:00
202400018498.0;1;94;94052;2;1;1.0;4.0;48.831237;2.493011;2024-08-01 18:45:00
202400018499.0;1;94;94042;2;1;1.0;3.0;48.81709;2.47102;2024-07-31 16:45:00
202400018500.0;2;94;94046;2;1;2.0;6.0;48.80235556;2.44537666;2024-08-01 06:30:00
202400018501.0;5;94;94018;1;1;3.0;7.0;48.818498;2.408094;2024-08-01 23:45:00
202400018502.0;1;94;94071;2;6;1.0;3.0;48.762;2.53046;2024-07-31 18:15:00
202400018503.0;1;93;93073;2;2;1.0;3.0;49.00244571;2.53328472;2024-07-31 16:50:00
202400018504.0;1;93;93029;2;3;1.0;3.0;48.92834547;2.43613243;2024-08-01 13:40:00
202400018505.0;1;93;93013;1;1;1.0;3.0;48.94125;2.42562;2024-08-01 12:00:00
202400018506.0;1;93;93010;2;1;1.0;6.0;48.90262467;2.490384;2024-08-01 09:15:00
202400018507.0;1;92;92044;2;2;1.0;3.0;48.89307504;2.29272366;2024-08-01 08:45:00
202400018508.0;5;92;92036;2;1;1.0;6.0;48.91972061;2.31382191;2024-08-01 00:42:00
202400018509.0;1;92;92004;2;1;1.0;6.0;48.91064;2.28916;2024-08-01 19:15:00
202400018510.0;1;24;24462;2;2;1.0;2.0;45.036061;0.352018;2024-08-02 12:43:00
202400018511.0;1;6;6161;2;6;1.0;7.0;43.65678;7.119924;2024-07-31 10:05:00
202400018512.0;2;28;28219;1;1;1.0;6.0;48.234178;1.042821;2024-08-02 06:25:00
202400018513.0;1;974;97422;1;1;1.0;7.0;-21.204438;55.618511;2024-08-01 16:00:00
202400018514.0;1;974;97405;1;1;1.0;2.0;-21.365115;55.549997;2024-08-01 17:25:00
202400018515.0;3;972;97218;2;1;2.0;2.0;14.77065;-61.140364;2024-08-01 19:45:00
202400018516.0;1;83;83086;1;1;1.0;2.0;43.4643604;6.53579736;2024-08-02 18:27:00
202400018517.0;3;14;14027;1;1;1.0;6.0;49.034281;-0.636392;2024-08-01 22:30:00
202400018518.0;1;87;87203;1;1;1.0;4.0;45.66727177;1.38725905;2024-08-02 16:00:00
202400018519.0;1;76;76312;2;1;1.0;7.0;49.48512;1.729499;2024-08-02 09:19:00
202400018520.0;3;79;79130;1;3;1.0;2.0;46.274671;-0.525649;2024-08-01 21:40:00
202400018521.0;1;2A;2A323;1;1;1.0;3.0;42.012514;8.870616;2024-08-02 14:05:00
202400018522.0;1;33;33236;2;1;1.0;7.0;44.684506;-1.237952;2024-07-31 10:15:00
202400018523.0;1;71;71064;1;1;1.0;6.0;46.597094;5.243273;2024-07-31 18:00:00
202400018524.0;1;71;71391;1;1;1.0;6.0;46.819908;4.611082;2024-08-02 14:45:00
202400018525.0;1;75;75113;2;2;2.0;2.0;48.82767;2.371366;2024-05-28 15:10:00
202400018526.0;1;63;63195;2;1;2.0;2.0;45.826033;3.383961;2024-08-02 16:50:00
202400018527.0;1;75;75112;2;2;1.0;3.0;48.837303;2.391216;2024-05-27 12:40:00
202400018528.0;1;61;61402;1;2;1.0;3.0;48.708599;-0.326006;2024-08-02 13:20:00
202400018529.0;1;75;75112;2;3;1.0;6.0;48.836624;2.404112;2024-05-27 08:40:00
202400018530.0;1;61;61015;2;3;1.0;6.0;48.611471;0.229704;2024-07-22 16:25:00
202400018531.0;1;75;75111;2;3;2.0;3.0;48.85296089;2.39696413;2024-05-28 15:10:00
202400018532.0;1;75;75110;2;4;2.0;7.0;48.876504;2.355778;2024-05-28 13:20:00
202400018533.0;1;75;75110;2;3;8.0;3.0;48.878602;2.350523;2024-05-27 16:45:00
202400018534.0;1;35;35339;1;2;1.0;3.0;48.467488;-1.614277;2024-08-01 16:55:00
202400018535.0;2;29;29024;2;1;1.0;6.0;48.277178;-3.583249;2024-07-28 21:22:00
202400018536.0;1;75;75108;2;2;1.0;1.0;48.877753;2.315611;2024-05-28 19:00:00
202400018537.0;1;31;31071;1;2;1.0;3.0;43.342424;1.135862;2024-07-29 09:45:00
202400018538.0;1;75;75116;2;3;1.0;2.0;48.860334;2.291229;2024-05-28 08:39:00
202400018539.0;1;3;3202;1;1;1.0;1.0;46.494611;3.14827;2024-08-02 16:30:00
202400018540.0;1;75;75104;2;2;2.0;6.0;48.847474;2.365586;2024-05-28 10:00:00
202400018541.0;1;1;1305;2;7;1.0;6.0;46.429065;4.938499;2024-08-02 11:15:00
202400018542.0;1;70;70096;1;1;9.0;1.0;47.590869;6.795409;2024-08-02 16:55:00
202400018543.0;1;94;94078;2;3;2.0;3.0;48.72773;2.44571;2024-05-28 10:25:00
202400018544.0;1;94;94068;2;3;2.0;2.0;48.80682692;2.47759134;2024-05-28 16:40:00
202400018545.0;1;6;6129;1;1;1.0;6.0;44.087246;7.106674;2024-08-01 15:42:00
202400018546.0;1;64;64443;1;6;1.0;7.0;43.364857;-0.577201;2024-07-30 15:30:00
202400018547.0;1;94;94015;2;3;2.0;1.0;48.834497;2.520051;2024-05-28 16:30:00
202400018548.0;1;43;43142;1;1;1.0;3.0;45.165284;4.311694;2024-07-26 12:30:00
202400018549.0;5;94;94076;2;3;1.0;3.0;48.7927448;2.3692541;2024-05-27 22:40:00
202400018550.0;1;94;94041;2;3;2.0;6.0;48.81172;2.38491;2024-05-28 11:20:00
202400018551.0;1;7;7101;1;3;1.0;2.0;44.420157;4.310149;2024-08-01 15:20:00
202400018552.0;1;94;94069;2;2;2.0;6.0;48.815;2.46313;2024-05-28 09:15:00
202400018553.0;1;7;7334;2;3;7.0;3.0;44.405575;4.126935;2024-07-12 19:30:00
202400018554.0;1;40;40228;1;1;1.0;3.0;43.626197;-0.836366;2024-07-31 17:05:00
202400018555.0;1;95;95527;1;1;2.0;5.0;48.9949373;2.51593486;2024-05-28 14:48:00
202400018556.0;1;27;27033;1;2;1.0;3.0;49.08853;1.037647;2024-07-24 17:20:00
202400018557.0;1;23;23100;2;1;1.0;3.0;46.17536437;2.08836842;2024-08-02 09:25:00
202400018558.0;1;93;93077;2;2;1.0;6.0;48.88254;2.51838;2024-05-28 21:00:00
202400018559.0;1;37;37132;1;6;1.0;7.0;47.14025092;1.00858086;2024-08-01 18:50:00
202400018560.0;2;93;93050;2;2;1.0;3.0;48.86650625;2.52887249;2024-05-28 05:50:00
202400018561.0;1;30;30284;1;1;1.0;4.0;44.159795;4.059775;2024-08-02 13:10:00
202400018562.0;1;93;93010;2;1;1.0;6.0;48.91425;2.480704;2024-05-28 08:30:00
202400018563.0;1;30;30228;1;1;1.0;1.0;43.925266;4.394033;2024-08-02 17:00:00
202400018564.0;1;92;92073;2;1;1.0;3.0;48.86443209;2.22054309;2024-05-28 19:00:00
202400018565.0;1;48;48146;1;1;1.0;7.0;44.332843;3.388156;2024-08-01 11:00:00
202400018566.0;1;92;92072;2;1;2.0;2.0;48.82374;2.20894;2024-05-28 14:10:00
202400018567.0;1;92;92062;1;1;1.0;6.0;48.89398933;2.23619807;2024-05-28 20:30:00
202400018568.0;1;35;35210;1;6;1.0;3.0;48.147667;-1.756058;2024-08-01 10:00:00
202400018569.0;5;92;92051;2;1;1.0;7.0;48.88833392;2.26496923;2024-05-27 22:30:00
202400018570.0;5;92;92050;2;6;1.0;7.0;48.88736227;2.20035893;2024-05-28 00:20:00
202400018571.0;1;44;44158;1;1;1.0;1.0;47.279855;-1.727139;2024-08-01 17:23:00
202400018572.0;1;92;92050;2;2;1.0;6.0;48.89413522;2.19582313;2024-05-27 20:40:00
202400018573.0;1;971;97115;1;1;2.0;1.0;16.278918;-61.667311;2024-08-02 10:10:00
202400018574.0;1;92;92050;2;9;2.0;3.0;48.89423985;2.22983873;2024-05-27 16:30:00
202400018575.0;1;92;92048;2;1;3.0;7.0;48.7909417;2.22057366;2024-05-28 11:00:00
202400018576.0;1;33;33535;1;6;1.0;7.0;44.834798;-0.479697;2024-08-01 15:00:00
202400018577.0;1;92;92044;2;1;1.0;3.0;48.89692259;2.29560748;2024-05-27 18:30:00
202400018578.0;1;44;44020;2;6;1.0;3.0;47.17268968;-1.62177551;2024-08-01 14:43:00
202400018579.0;5;45;45024;1;1;2.0;7.0;47.803933;1.661769;2024-07-12 00:50:00
202400018580.0;5;92;92036;2;3;1.0;3.0;48.93798385;2.27864557;2024-05-28 01:20:00
202400018581.0;1;92;92025;2;1;1.0;1.0;48.91879852;2.25611127;2024-05-28 09:30:00
202400018582.0;1;34;34004;1;2;7.0;1.0;43.347402;2.858741;2024-08-01 18:45:00
202400018583.0;1;92;92024;2;2;8.0;3.0;48.90081651;2.31599987;2024-05-28 16:45:00
202400018584.0;1;84;84064;1;1;1.0;7.0;44.316571;4.707545;2024-07-05 19:30:00
202400018585.0;1;92;92024;2;1;1.0;3.0;48.89711;2.30898;2024-05-28 09:00:00
202400018586.0;1;83;83146;2;1;2.0;1.0;43.64526484;5.92860519;2024-07-21 10:33:00
202400018587.0;1;5;5178;1;1;1.0;7.0;44.380695;5.911299;2024-08-01 18:50:00
202400018588.0;1;92;92024;2;3;1.0;3.0;48.90211267;2.3070277;2024-05-27 17:55:00
202400018589.0;2;21;21194;1;1;7.0;1.0;47.0839;4.898921;2024-08-01 20:30:00
202400018590.0;1;92;92012;2;2;2.0;6.0;48.83507126;2.22803736;2024-05-28 17:40:00
202400018591.0;5;68;68154;2;9;2.0;3.0;47.765364;7.359874;2024-08-01 21:45:00
202400018592.0;1;86;86092;2;6;1.0;3.0;46.928104;0.603545;2024-05-27 08:00:00
202400018593.0;3;973;97353;2;1;1.0;7.0;3.646826;-54.027974;2024-05-28 20:00:00
202400018594.0;1;67;67081;2;1;1.0;6.0;48.58453;7.506482;2024-07-31 16:30:00
202400018595.0;1;16;16090;1;1;2.0;1.0;45.58695894;-0.01127064;2024-05-29 16:31:00
202400018596.0;1;73;73094;1;1;7.0;1.0;45.79619259;6.52833939;2024-08-01 14:30:00
202400018597.0;1;65;65301;1;1;1.0;6.0;43.296839;0.204685;2024-05-28 16:50:00
202400018598.0;3;38;38085;1;1;1.0;7.0;45.73999;5.16542;2024-07-28 22:50:00
202400018599.0;1;3;3025;1;1;1.0;1.0;46.482272;3.332971;2024-05-29 12:45:00
202400018600.0;2;44;44052;1;6;1.0;7.0;47.318912;-2.048972;2024-08-01 20:55:00
202400018601.0;1;19;19113;2;3;1.0;7.0;45.42043933;2.3299906;2024-05-27 14:30:00
202400018602.0;2;44;44026;1;1;1.0;3.0;47.28083;-1.456933;2024-07-30 06:04:00
202400018603.0;1;82;82112;1;1;1.0;6.0;44.145585;1.104684;2024-05-28 16:45:00
202400018604.0;1;65;65129;2;3;1.0;5.0;43.294793;0.512318;2024-05-28 17:10:00
202400018605.0;2;22;22282;1;1;3.0;6.0;48.597873;-2.248324;2024-07-25 21:34:00
202400018606.0;5;11;11255;2;9;1.0;1.0;43.188802;2.928184;2024-05-28 21:20:00
202400018607.0;1;63;63210;1;1;2.0;1.0;45.928513;3.354408;2024-05-29 09:15:00
202400018608.0;1;59;59249;2;6;2.0;3.0;50.016854;4.039965;2024-08-01 09:00:00
202400018609.0;1;49;49218;1;2;8.0;3.0;47.279688;-1.032683;2024-05-28 18:16:00
202400018610.0;1;13;13213;1;1;1.0;3.0;43.32972;5.41298;2024-07-31 20:18:00
202400018611.0;1;68;68062;2;3;2.0;3.0;47.61238275;7.21697962;2024-05-29 12:15:00
202400018612.0;1;69;69382;2;1;8.0;6.0;45.74718;4.82958;2024-07-17 06:30:00
202400018613.0;1;22;22055;2;1;1.0;6.0;48.601506;-2.821823;2024-05-28 15:05:00
202400018614.0;1;39;39101;2;3;1.0;3.0;47.101903;5.433781;2024-05-28 18:00:00
202400018615.0;1;31;31468;1;1;1.0;6.0;43.261937;0.853844;2024-05-28 09:50:00
202400018616.0;1;1;1049;1;1;2.0;4.0;45.83952;5.01817;2024-07-12 17:00:00
202400018617.0;5;33;33143;1;1;1.0;6.0;44.95657126;-0.45088238;2024-08-01 04:00:00
202400018618.0;1;84;84017;1;2;1.0;3.0;44.121206;5.213281;2024-05-28 14:45:00
202400018619.0;1;59;59009;1;4;1.0;2.0;50.62862;3.13851;2024-07-29 15:10:00
202400018620.0;1;84;84020;1;1;1.0;5.0;43.865738;5.309047;2024-05-29 10:40:00
202400018621.0;1;91;91645;1;1;1.0;2.0;48.76010143;2.25844743;2024-08-01 16:45:00
202400018622.0;1;66;66137;2;1;1.0;6.0;42.464464;2.863124;2024-05-29 10:45:00
202400018623.0;1;5;5045;1;2;1.0;3.0;44.534787;6.466763;2024-05-28 20:30:00
202400018624.0;1;92;92002;1;1;2.0;4.0;48.76346833;2.30949283;2024-08-01 07:35:00
202400018625.0;1;64;64216;1;2;1.0;3.0;43.247493;-0.166115;2024-05-28 18:00:00
202400018626.0;1;92;92051;1;1;7.0;2.0;48.88384066;2.26309334;2024-08-01 12:40:00
202400018627.0;1;36;36088;1;1;2.0;6.0;46.96449305;1.99130416;2024-05-29 18:20:00
202400018628.0;1;92;92050;1;1;1.0;6.0;48.90222912;2.20338204;2024-07-31 16:50:00
202400018629.0;1;7;7198;1;1;3.0;1.0;44.77925831;4.76321416;2024-05-27 17:35:00
202400018630.0;1;93;93027;1;1;1.0;3.0;48.93399243;2.38993411;2024-08-01 18:25:00
202400018631.0;3;24;24291;2;1;1.0;6.0;45.072481;1.169486;2024-05-27 02:00:00
202400018632.0;2;37;37045;1;1;8.0;6.0;47.00372043;0.64335734;2024-05-29 07:36:00
202400018633.0;1;93;93051;1;1;1.0;2.0;48.83494286;2.58003118;2024-07-31 15:10:00
202400018634.0;1;19;19085;1;1;8.0;6.0;45.30580847;1.82465649;2024-05-29 14:30:00
202400018635.0;3;77;77058;1;1;1.0;5.0;48.82869;2.727936;2024-07-28 22:36:00
202400018636.0;1;6;6088;1;1;1.0;3.0;43.733391;7.284011;2024-05-29 08:00:00
202400018637.0;3;32;32119;2;1;1.0;6.0;43.850881;0.104241;2024-03-18 02:00:00
202400018638.0;1;11;11145;1;1;1.0;6.0;43.195978;3.171701;2024-05-27 15:20:00
202400018639.0;1;976;97611;2;1;1.0;6.0;45.23233;-12.78381;2024-07-31 15:15:00
202400018640.0;3;987;98722;1;1;1.0;1.0;-17.56136486;-149.32625771;2024-05-28 00:50:00
202400018641.0;5;13;13007;2;1;1.0;1.0;43.371583;5.666137;2024-04-20 00:55:00
202400018642.0;1;13;13027;2;1;1.0;1.0;43.889078;4.841366;2024-05-29 10:45:00
202400018643.0;1;13;13059;1;1;1.0;2.0;43.630643;5.512514;2024-05-28 16:35:00
202400018644.0;1;57;57654;1;1;1.0;3.0;49.11599;6.363168;2024-05-28 11:55:00
202400018645.0;1;42;42005;2;1;1.0;3.0;45.52874668;4.27190758;2024-05-29 12:00:00
202400018646.0;3;22;22162;2;6;1.0;6.0;48.767363;-3.039844;2024-05-29 01:50:00
202400018647.0;1;76;76276;2;2;2.0;6.0;49.612809;1.545618;2024-05-29 09:30:00
202400018648.0;3;13;13216;1;1;1.0;6.0;43.34756713;5.34483846;2024-05-27 22:12:00
202400018649.0;1;1;1275;1;1;1.0;5.0;45.80724;4.92122;2024-05-23 18:00:00
202400018650.0;1;54;54150;1;1;1.0;6.0;48.79257868;6.11936331;2024-05-27 15:00:00
202400018651.0;1;33;33162;1;1;1.0;7.0;44.876769;-0.632533;2024-05-27 12:30:00
202400018652.0;1;95;95500;1;1;1.0;4.0;49.03692211;2.0927061;2024-05-28 18:20:00
202400018653.0;1;95;95277;1;1;1.0;4.0;48.97345195;2.49067783;2024-05-28 07:40:00
202400018654.0;1;95;95351;1;1;3.0;2.0;49.03028809;2.49648562;2024-05-27 17:40:00
202400018655.0;1;94;94052;1;1;2.0;4.0;48.84320967;2.49265332;2024-05-28 13:15:00
202400018656.0;1;88;88383;2;1;3.0;6.0;48.016377;6.58298;2024-02-22 15:20:00
202400018657.0;5;88;88383;2;1;1.0;2.0;48.01757;6.5923;2024-02-24 18:35:00
202400018658.0;1;88;88131;1;3;1.0;3.0;48.167746;6.655741;2024-01-11 13:45:00
202400018659.0;3;45;45093;1;1;8.0;3.0;48.02781233;1.8408267;2024-02-24 21:15:00
202400018660.0;1;987;98735;2;9;1.0;2.0;-17.54207979;-149.55620313;2024-05-27 13:20:00
202400018661.0;1;974;97411;2;1;1.0;6.0;-20.89468;55.41257;2024-05-27 08:15:00
202400018662.0;3;974;97407;1;9;1.0;3.0;-20.95293;55.29516;2024-05-27 06:00:00
202400018663.0;1;69;69388;2;2;1.0;3.0;45.73215;4.88294;2024-05-27 20:12:00
202400018664.0;1;91;91589;2;1;8.0;6.0;48.683119;2.344454;2024-05-27 13:25:00
202400018665.0;1;91;91286;2;1;8.0;6.0;48.6553;2.3961;2024-05-26 20:46:00
202400018666.0;1;91;91521;2;1;1.0;6.0;48.65108;2.4208;2024-05-27 16:20:00
202400018667.0;1;84;84007;2;1;2.0;4.0;43.9377;4.832;2024-05-27 18:00:00
202400018668.0;1;78;78029;2;2;1.0;3.0;48.972492;1.843797;2024-05-26 13:10:00
202400018669.0;5;77;77350;2;6;1.0;1.0;48.7642;2.67248;2024-05-28 01:52:00
202400018670.0;1;76;76552;2;4;1.0;7.0;49.507454;0.083579;2024-05-24 19:15:00
202400018671.0;1;76;76447;2;1;1.0;1.0;49.533079;0.1873;2024-05-27 09:50:00
202400018672.0;1;76;76351;2;3;1.0;2.0;49.515931;0.120455;2024-05-25 17:35:00
202400018673.0;1;76;76351;2;3;1.0;3.0;49.48271;0.16213;2024-05-25 16:20:00
202400018674.0;1;65;65440;2;3;1.0;1.0;43.21856;0.05767;2024-05-27 20:25:00
202400018675.0;2;64;64335;1;9;1.0;1.0;43.35464;-0.44054;2024-05-27 19:55:00
202400018676.0;1;64;64122;2;1;1.0;6.0;43.48376;-1.55842;2024-05-26 18:45:00
202400018677.0;5;64;64024;1;1;1.0;7.0;43.46383;-1.52369;2024-05-26 05:00:00
202400018678.0;1;63;63113;2;6;1.0;1.0;45.7889583;3.08021128;2024-05-27 16:30:00
202400018679.0;1;63;63113;2;1;8.0;6.0;45.77383;3.07558;2024-05-27 14:35:00
202400018680.0;1;62;62041;2;2;1.0;6.0;50.28948383;2.77497777;2024-05-27 07:35:00
202400018681.0;1;59;59350;2;3;1.0;4.0;50.63696;3.06993;2024-05-27 11:40:00
202400018682.0;1;59;59343;1;1;1.0;1.0;50.59419;3.12364;2024-05-27 09:30:00
202400018683.0;1;58;58194;2;3;1.0;3.0;46.98915;3.17099;2024-05-27 10:30:00
202400018684.0;1;54;54323;1;6;1.0;2.0;49.5175378;5.74823678;2024-05-27 12:44:00
202400018685.0;1;49;49007;2;1;1.0;2.0;47.45796;-0.5443;2024-05-26 09:45:00
202400018686.0;1;47;47001;2;1;1.0;3.0;44.20289;0.62607;2024-05-27 15:25:00