Num_Acc;lum;departement;commune;agglomeration;intersection;meteo;type_collision;lat;long;date
202400018687.0;5;46;46042;2;1;1.0;1.0;44.45127;1.44006;2024-05-25 22:40:00
202400018688.0;5;45;45075;2;2;1.0;3.0;47.89279948;1.84676985;2024-05-27 21:35:00
202400018689.0;1;42;42095;2;1;1.0;2.0;45.39035;4.27946;2024-05-27 13:50:00
202400018690.0;1;41;41226;1;2;1.0;3.0;47.80447;1.0713;2024-05-27 11:24:00
202400018691.0;5;35;35238;2;1;1.0;6.0;48.08917;-1.66835;2024-05-27 02:00:00
202400018692.0;5;34;34172;2;2;1.0;3.0;43.61049;3.91479;2024-05-27 21:35:00
202400018693.0;1;34;34032;1;1;1.0;1.0;43.31199;3.21892;2024-05-24 19:35:00
202400018694.0;1;29;29232;2;1;2.0;1.0;47.991438;-4.125973;2024-05-27 08:28:00
202400018695.0;1;28;28134;2;3;1.0;3.0;48.74933;1.38587;2024-05-27 07:50:00
202400018696.0;1;25;25056;2;3;1.0;3.0;47.23394;6.00671;2024-05-27 08:15:00
202400018697.0;2;22;22187;2;9;1.0;6.0;48.54911;-2.73329;2024-05-27 22:00:00
202400018698.0;1;22;22106;2;1;1.0;6.0;48.49648;-2.72694;2024-05-23 17:54:00
202400018699.0;1;22;22113;2;1;1.0;6.0;48.73137;-3.46452;2024-05-27 11:30:00
202400018700.0;1;14;14117;2;2;1.0;3.0;49.293167;-0.110542;2024-05-27 09:15:00
202400018701.0;1;13;13071;1;1;1.0;1.0;43.41389;5.34517;2024-05-27 07:50:00
202400018702.0;2;75;75116;2;1;1.0;2.0;48.848871;2.252658;2024-05-26 21:30:00
202400018703.0;1;93;93070;2;1;1.0;6.0;48.90705065;2.34186983;2024-10-11 10:23:00
202400018704.0;1;75;75120;2;1;1.0;3.0;48.860805;2.414057;2024-05-25 06:15:00
202400018705.0;1;76;76351;1;1;1.0;1.0;49.52505;0.18132;2024-07-30 08:30:00
202400018706.0;3;75;75111;2;3;1.0;6.0;48.86012;2.37557;2024-05-25 21:35:00
202400018707.0;1;76;76069;2;1;1.0;6.0;49.37076702;1.12709475;2024-07-22 20:15:00
202400018708.0;5;75;75119;2;4;1.0;3.0;48.885321;2.385205;2024-05-27 21:35:00
202400018709.0;1;17;17415;2;1;1.0;6.0;45.73315;-0.61448;2024-10-11 18:22:00
202400018710.0;5;75;75116;2;2;1.0;3.0;48.858558;2.244931;2024-05-27 00:30:00
202400018711.0;1;75;75113;2;2;1.0;6.0;48.82799;2.369401;2024-05-27 07:05:00
202400018712.0;5;92;92025;2;1;1.0;3.0;48.9264;2.2531;2024-10-10 21:40:00
202400018713.0;1;75;75110;2;1;1.0;6.0;48.877033;2.37113;2024-05-27 11:40:00
202400018714.0;1;74;74008;2;1;1.0;6.0;46.1968;6.21984;2024-08-12 07:13:00
202400018715.0;2;75;75101;2;3;1.0;6.0;48.861878;2.34923;2024-05-27 20:43:00
202400018716.0;5;987;98736;2;1;1.0;3.0;-17.535596;-149.538053;2024-10-11 19:59:00
202400018717.0;1;94;94028;2;6;1.0;3.0;48.793625;2.460949;2024-05-26 17:00:00
202400018718.0;1;974;97416;1;1;1.0;3.0;-21.33079;55.48085;2024-10-12 12:35:00
202400018719.0;5;94;94028;2;1;1.0;4.0;48.78072;2.43776;2024-05-25 22:00:00
202400018720.0;3;94;94019;2;1;8.0;6.0;48.792826;2.557123;2024-05-27 04:40:00
202400018721.0;1;974;97416;2;1;1.0;2.0;-21.3314;55.47732;2024-10-12 10:55:00
202400018722.0;1;94;94018;2;6;1.0;3.0;48.81844;2.41086;2024-05-27 08:21:00
202400018723.0;3;974;97411;1;1;1.0;6.0;-20.8998;55.416;2024-10-13 00:30:00
202400018724.0;1;93;93055;2;1;1.0;4.0;48.902304;2.397699;2024-05-27 17:25:00
202400018725.0;1;974;97411;1;1;1.0;6.0;-20.91403;55.50721;2024-10-12 09:30:00
202400018726.0;1;93;93074;2;3;3.0;3.0;48.9358543;2.57567167;2024-05-27 15:43:00
202400018727.0;1;93;93079;2;9;8.0;3.0;48.94952636;2.34228551;2024-05-27 07:50:00
202400018728.0;3;974;97411;1;1;1.0;2.0;-20.87806;55.4053;2024-10-11 21:40:00
202400018729.0;1;93;93014;2;3;1.0;3.0;48.90653663;2.55743911;2024-05-25 21:00:00
202400018730.0;1;974;97407;2;3;1.0;3.0;-20.935429;55.306416;2024-10-11 16:25:00
202400018731.0;1;93;93005;2;2;1.0;3.0;48.940238;2.502212;2024-05-27 20:00:00
202400018732.0;1;93;93001;2;1;1.0;3.0;48.917659;2.382033;2024-05-27 11:55:00
202400018733.0;1;973;97302;2;2;1.0;3.0;4.93874436;-52.32913944;2024-10-12 13:20:00
202400018734.0;1;92;92050;2;6;1.0;1.0;48.88716956;2.19993263;2024-05-27 17:41:00
202400018735.0;1;973;97302;2;1;1.0;6.0;4.91814;-52.31274;2024-10-12 07:45:00
202400018736.0;1;92;92048;2;1;1.0;6.0;48.81878969;2.24104571;2024-05-24 17:27:00
202400018737.0;2;69;69387;2;1;1.0;6.0;45.73687;4.84748;2024-10-12 07:45:00
202400018738.0;1;92;92004;2;6;8.0;1.0;48.90906082;2.28673629;2024-05-27 05:50:00
202400018739.0;1;34;34202;2;1;1.0;1.0;43.585788;3.771417;2024-05-28 07:40:00
202400018740.0;2;972;97209;2;1;1.0;6.0;14.60153;-61.05711;2024-10-11 17:50:00
202400018741.0;1;60;60369;1;1;1.0;6.0;49.347801;2.699804;2024-05-28 18:45:00
202400018742.0;1;9;9289;2;9;8.0;1.0;43.014546;1.110108;2024-05-27 14:00:00
202400018743.0;3;2B;2B033;2;4;1.0;1.0;42.69393;9.45025;2024-10-12 20:41:00
202400018744.0;1;60;60296;1;1;2.0;3.0;49.517742;1.821671;2024-05-28 15:20:00
202400018745.0;3;66;66217;1;1;1.0;2.0;42.60677;2.852669;2024-05-28 00:40:00
202400018746.0;1;62;62621;2;1;1.0;6.0;50.876154;2.006561;2024-05-27 16:50:00
202400018747.0;1;971;97113;2;1;1.0;3.0;16.21621;-61.50363;2024-10-12 12:00:00
202400018748.0;1;67;67534;2;3;1.0;1.0;48.749357;7.507541;2024-05-28 19:00:00
202400018749.0;1;971;97105;2;1;1.0;6.0;16.00245;-61.73819;2024-10-11 13:00:00
202400018750.0;1;54;54011;1;1;1.0;3.0;49.5145194;5.58979869;2024-05-25 13:30:00
202400018751.0;1;14;14061;1;1;1.0;7.0;48.958193;-0.903636;2024-05-26 10:45:00
202400018752.0;5;2A;2A004;2;3;1.0;3.0;41.920466;8.737058;2024-10-12 22:00:00
202400018753.0;1;34;34036;1;1;1.0;6.0;43.689869;3.352064;2024-05-27 17:10:00
202400018754.0;5;91;91161;2;1;1.0;2.0;48.70506;2.3154;2024-10-12 23:16:00
202400018755.0;3;51;51612;1;4;1.0;6.0;48.95522431;3.99611319;2024-05-26 03:45:00
202400018756.0;1;59;59037;1;1;3.0;7.0;50.182922;3.364696;2024-05-27 16:33:00
202400018757.0;2;65;65284;2;9;2.0;6.0;43.184057;0.013486;2024-05-27 19:35:00
202400018758.0;1;91;91345;2;1;1.0;6.0;48.6902;2.29672;2024-10-11 16:00:00
202400018759.0;1;69;69248;1;3;1.0;3.0;46.01808933;4.3148394;2024-05-28 18:00:00
202400018760.0;5;91;91479;2;3;1.0;3.0;48.70575;2.36626;2024-10-12 20:20:00
202400018761.0;1;71;71254;1;2;1.0;3.0;46.916741;5.248868;2024-05-28 16:00:00
202400018762.0;1;12;12294;1;1;2.0;6.0;44.238358;2.880821;2024-05-27 15:00:00
202400018763.0;5;88;88160;2;1;1.0;1.0;48.14626;6.46087;2024-10-12 05:00:00
202400018764.0;1;41;41161;2;1;1.0;2.0;47.543117;2.033792;2024-05-28 16:55:00
202400018765.0;1;86;86009;1;1;1.0;1.0;46.678121;0.669669;2024-05-28 18:00:00
202400018766.0;4;86;86097;2;3;1.0;6.0;46.321939;0.394086;2024-05-28 01:00:00
202400018767.0;5;84;84007;1;3;2.0;3.0;43.92041;4.8896;2024-10-11 23:35:00
202400018768.0;1;34;34079;1;4;1.0;2.0;43.640563;3.412457;2024-05-28 16:00:00
202400018769.0;1;39;39285;1;1;1.0;7.0;47.145977;5.64164;2024-05-26 10:04:00
202400018770.0;5;83;83137;2;3;2.0;6.0;43.13424;5.91349;2024-10-12 18:50:00
202400018771.0;1;31;31377;1;1;1.0;3.0;43.429237;1.723824;2024-05-10 09:45:00
202400018772.0;1;83;83137;2;9;1.0;6.0;43.12612;5.92881;2024-10-12 15:30:00
202400018773.0;1;31;31107;2;1;1.0;1.0;43.296257;1.206785;2024-05-28 09:05:00
202400018774.0;1;1;1024;1;3;7.0;3.0;46.293597;5.155656;2024-05-28 13:45:00
202400018775.0;1;90;90088;2;3;1.0;3.0;47.731005;6.845864;2024-05-27 19:10:00
202400018776.0;5;77;77307;2;9;1.0;7.0;48.87803725;2.74691843;2024-10-11 22:45:00
202400018777.0;1;60;60030;1;1;2.0;3.0;49.347945;2.096812;2024-05-27 18:21:00
202400018778.0;1;72;72181;2;3;1.0;3.0;47.9993;0.1958;2024-10-11 17:40:00
202400018779.0;5;71;71270;2;1;2.0;6.0;46.3029;4.83294;2024-10-13 23:43:00
202400018780.0;1;45;45307;1;1;1.0;5.0;48.09378;2.90545;2024-05-28 10:30:00
202400018781.0;1;71;71270;2;3;1.0;1.0;46.309;4.82888;2024-10-11 16:45:00
202400018782.0;1;64;64495;1;1;2.0;1.0;43.306248;-1.523194;2024-05-27 14:30:00
202400018783.0;1;71;71270;2;6;1.0;6.0;46.30872;4.82033;2024-10-11 13:50:00
202400018784.0;3;18;18054;2;1;1.0;7.0;46.89818;2.747999;2024-05-28 04:50:00
202400018785.0;1;18;18080;1;1;1.0;7.0;46.934895;2.832043;2024-05-27 17:00:00
202400018786.0;5;64;64102;2;1;1.0;2.0;43.48639;-1.46698;2024-10-13 01:23:00
202400018787.0;1;36;36181;1;1;1.0;3.0;46.843555;2.023271;2024-05-28 12:20:00
202400018788.0;5;64;64140;2;3;1.0;1.0;43.5287;-1.47842;2024-10-12 20:03:00
202400018789.0;1;40;40271;1;1;1.0;1.0;43.528327;-1.225373;2024-05-27 19:15:00
202400018790.0;1;63;63224;2;1;1.0;6.0;45.87037707;3.12071264;2024-10-12 15:00:00
202400018791.0;3;13;13051;1;1;1.0;3.0;43.592561;5.109276;2024-05-28 03:30:00
202400018792.0;3;63;63113;2;2;1.0;3.0;45.7649;3.0792;2024-10-13 00:20:00
202400018793.0;2;1;1142;1;1;1.0;2.0;45.852284;5.093869;2024-05-25 06:20:00
202400018794.0;5;59;59286;2;3;2.0;3.0;50.6121;2.99984;2024-10-12 21:10:00
202400018795.0;1;18;18089;1;1;1.0;2.0;46.57203636;2.53453456;2024-05-27 15:50:00
202400018796.0;1;54;54357;2;1;1.0;2.0;48.72199496;6.17220551;2024-10-12 16:10:00
202400018797.0;1;51;51147;1;1;1.0;7.0;49.030113;4.480652;2024-05-27 10:55:00
202400018798.0;1;54;54547;2;1;1.0;3.0;48.6661;6.18233;2024-10-11 16:55:00
202400018799.0;2;54;54395;2;5;1.0;3.0;48.69171576;6.19274318;2024-10-11 17:55:00
202400018800.0;1;76;76457;1;1;1.0;3.0;49.338211;0.975788;2024-05-26 11:30:00
202400018801.0;1;46;46042;2;1;1.0;6.0;44.46633;1.4284;2024-10-12 11:40:00
202400018802.0;1;974;97418;1;1;1.0;3.0;-20.902748;55.551885;2024-05-27 06:50:00
202400018803.0;1;45;45274;1;1;1.0;2.0;47.87179;1.94965;2024-10-12 10:30:00
202400018804.0;1;18;18133;2;1;1.0;1.0;46.94478;2.274983;2024-05-28 18:39:00
202400018805.0;1;38;38185;2;1;1.0;1.0;45.17519;5.74691;2024-10-12 07:35:00
202400018806.0;3;37;37122;2;1;1.0;6.0;47.31012;0.67813;2024-10-13 00:20:00
202400018807.0;1;66;66008;2;1;1.0;3.0;42.55263;3.015559;2024-05-28 12:15:00
202400018808.0;5;34;34172;2;1;2.0;3.0;43.578191;3.876526;2024-10-12 19:10:00
202400018809.0;5;33;33032;1;1;1.0;7.0;44.90636;-0.53012;2024-10-12 20:30:00
202400018810.0;1;83;83065;1;6;1.0;5.0;43.26173;6.586186;2024-05-28 18:32:00
202400018811.0;1;33;33318;2;1;1.0;6.0;44.797864;-0.644475;2024-10-12 10:30:00
202400018812.0;1;13;13107;2;1;1.0;1.0;43.429393;5.437422;2024-05-28 10:30:00
202400018813.0;1;74;74250;1;1;1.0;7.0;46.037038;6.386608;2024-04-08 17:30:00
202400018814.0;5;33;33063;2;3;1.0;3.0;44.84386;-0.57465;2024-10-12 03:15:00
202400018815.0;1;42;42304;1;1;1.0;6.0;45.52989365;4.15699571;2024-05-28 19:00:00
202400018816.0;1;31;31555;2;1;1.0;4.0;43.64732797;1.42166734;2024-10-12 15:17:00
202400018817.0;1;38;38200;2;2;1.0;3.0;45.086623;5.741467;2024-05-24 08:45:00
202400018818.0;1;80;80625;2;1;1.0;6.0;49.721705;2.545604;2024-05-27 20:39:00
202400018819.0;1;28;28134;1;1;8.0;4.0;48.74250729;1.3317322;2024-10-12 16:20:00
202400018820.0;1;59;59212;2;1;1.0;7.0;50.643233;2.720043;2024-05-26 18:40:00
202400018821.0;1;27;27306;2;1;1.0;2.0;49.00955;1.17089;2024-10-12 11:10:00
202400018822.0;3;26;26198;1;1;2.0;6.0;44.55276;4.70647;2024-10-12 23:40:00
202400018823.0;1;13;13106;1;1;1.0;3.0;43.39529563;5.3513243;2024-05-23 08:24:00
202400018824.0;1;15;15014;2;1;1.0;6.0;44.92112;2.43528;2024-10-12 08:30:00
202400018825.0;1;13;13005;1;1;1.0;2.0;43.2900037;5.55273994;2024-05-26 18:10:00
202400018826.0;5;14;14215;2;1;1.0;6.0;49.18967;-0.26853;2024-10-12 19:40:00
202400018827.0;3;42;42237;1;1;1.0;1.0;45.440197;4.456135;2024-05-22 22:30:00
202400018828.0;2;13;13005;2;1;1.0;3.0;43.30825;5.57601;2024-10-11 18:55:00
202400018829.0;1;93;93007;1;1;8.0;2.0;48.95255567;2.45324008;2024-05-27 16:00:00
202400018830.0;5;13;13001;1;2;2.0;1.0;43.4801;5.39438;2024-10-12 20:15:00
202400018831.0;1;95;95572;1;1;1.0;6.0;49.04618222;2.13069058;2024-05-27 13:00:00
202400018832.0;2;13;13001;1;8;7.0;3.0;43.59821186;5.46346559;2024-09-19 18:30:00
202400018833.0;1;10;10333;2;2;1.0;3.0;48.2793;4.0421;2024-10-12 11:30:00
202400018834.0;5;3;3190;2;9;1.0;3.0;46.5675;3.3279;2024-10-12 06:45:00
202400018835.0;5;75;75116;2;1;1.0;5.0;48.85464;2.254711;2024-10-12 04:00:00
202400018836.0;1;75;75120;2;1;1.0;5.0;48.847428;2.41456;2024-10-11 15:45:00
202400018837.0;5;75;75102;2;2;1.0;6.0;48.869607;2.352581;2024-10-11 20:30:00
202400018838.0;5;75;75118;2;2;1.0;3.0;48.890193;2.359961;2024-10-12 23:59:00
202400018839.0;2;75;75117;2;2;2.0;2.0;48.881244;2.301064;2024-10-12 18:30:00
202400018840.0;5;75;75116;2;2;1.0;1.0;48.85857;2.244855;2024-10-12 00:45:00
202400018841.0;5;75;75115;2;2;2.0;3.0;48.840643;2.284242;2024-10-12 19:10:00
202400018842.0;1;75;75112;2;2;1.0;6.0;48.846836;2.36939;2024-10-11 17:15:00
202400018843.0;1;75;75111;2;3;1.0;6.0;48.855854;2.381632;2024-10-12 09:50:00
202400018844.0;1;75;75108;2;1;3.0;1.0;48.86365;2.31047;2024-10-12 12:29:00
202400018845.0;5;75;75103;2;2;1.0;2.0;48.86199;2.35017;2024-10-11 23:25:00
202400018846.0;1;94;94046;2;2;1.0;3.0;48.80185;2.42715;2024-10-12 16:45:00
202400018847.0;5;94;94034;2;1;2.0;6.0;48.7586;2.324229;2024-10-12 20:05:00
202400018848.0;5;94;94054;2;3;1.0;3.0;48.73977;2.38988;2024-10-12 22:00:00
202400018849.0;1;94;94022;2;1;1.0;6.0;48.76358;2.40273;2024-10-12 16:20:00
202400018850.0;1;94;94071;2;3;1.0;6.0;48.77311;2.51797;2024-10-12 13:40:00
202400018851.0;4;93;93078;2;3;1.0;3.0;48.95898;2.54429;2024-10-12 00:05:00
202400018852.0;1;93;93064;2;1;2.0;2.0;48.87716561;2.48008311;2024-10-12 16:50:00
202400018853.0;1;93;93064;2;9;2.0;3.0;48.87734892;2.47820998;2024-10-12 13:10:00
202400018854.0;1;93;93032;2;1;1.0;6.0;48.88294;2.52685;2024-10-12 17:44:00
202400018855.0;5;93;93014;2;2;1.0;6.0;48.91133;2.54966;2024-10-12 00:10:00
202400018856.0;1;93;93010;2;1;1.0;6.0;48.90374804;2.48122985;2024-10-12 11:47:00
202400018857.0;2;92;92051;2;2;2.0;2.0;48.88563368;2.263809;2024-10-12 19:00:00
202400018858.0;5;92;92020;2;2;1.0;3.0;48.80382;2.28791;2024-10-12 00:01:00
202400018859.0;5;92;92026;2;1;2.0;7.0;48.89109862;2.257742;2024-10-12 20:50:00
202400018860.0;5;92;92026;2;1;2.0;3.0;48.9020348;2.23977283;2024-10-12 18:48:00
202400018861.0;2;72;72191;1;1;2.0;2.0;47.793294;0.279508;2024-10-12 07:45:00
202400018862.0;3;60;60338;1;6;1.0;6.0;49.37612354;2.798177;2024-10-12 23:10:00
202400018863.0;3;35;35108;1;3;1.0;6.0;47.949653;-1.400499;2024-10-13 02:33:00
202400018864.0;1;95;95116;1;1;1.0;1.0;49.14395983;2.33077279;2024-10-11 16:45:00
202400018865.0;1;63;63379;1;1;1.0;7.0;45.97971943;3.12805401;2024-10-13 14:15:00
202400018866.0;1;21;21298;1;1;8.0;2.0;47.32681;4.484975;2024-10-12 14:15:00
202400018867.0;3;87;87019;1;1;5.0;5.0;45.744287;1.34059;2024-10-13 06:10:00
202400018868.0;1;83;83054;1;3;1.0;3.0;43.152507;6.03585;2024-10-13 14:30:00
202400018869.0;1;19;19201;1;1;1.0;7.0;45.53825419;2.42718915;2024-10-05 12:27:00
202400018870.0;1;80;80318;2;1;1.0;6.0;50.013604;2.082042;2024-10-13 14:45:00
202400018871.0;3;82;82051;1;1;1.0;6.0;44.195713;1.145282;2024-10-12 06:00:00
202400018872.0;3;65;65100;1;1;1.0;1.0;43.279955;0.069963;2024-10-12 23:20:00
202400018873.0;1;71;71591;1;6;8.0;7.0;46.443757;4.884115;2024-10-13 08:41:00
202400018874.0;1;63;63455;2;1;1.0;3.0;45.67585196;3.17332953;2024-10-13 09:50:00
202400018875.0;2;49;49271;1;2;1.0;3.0;47.541932;-0.716665;2024-10-12 19:00:00
202400018876.0;1;29;29031;1;2;1.0;3.0;47.78169311;-3.54597994;2024-10-08 18:33:00
202400018877.0;1;29;29209;1;3;2.0;2.0;48.54507521;-4.41234935;2024-10-12 14:50:00
202400018878.0;1;31;31175;2;3;1.0;3.0;43.11733;0.770819;2024-09-26 08:15:00
202400018879.0;2;15;15084;1;2;1.0;6.0;44.743744;2.494656;2024-10-13 08:15:00
202400018880.0;1;26;26069;1;1;1.0;7.0;44.834619;5.390162;2024-10-13 15:40:00
202400018881.0;3;58;58059;2;1;1.0;6.0;47.193154;3.014449;2024-10-13 06:10:00
202400018882.0;1;66;66178;1;1;1.0;1.0;42.522344;2.810907;2024-10-12 16:15:00
202400018883.0;1;72;72315;1;3;1.0;3.0;48.179562;-0.120013;2024-10-13 14:45:00
202400018884.0;1;14;14431;1;1;1.0;7.0;49.06738245;-0.11836588;2024-10-13 14:55:00
202400018885.0;3;50;50109;1;1;1.0;1.0;48.901451;-1.442626;2024-10-13 06:30:00
202400018886.0;1;45;45053;2;6;1.0;3.0;47.654604;2.742843;2024-09-30 18:00:00
202400018887.0;1;73;73270;1;1;2.0;6.0;45.570016;6.167799;2024-10-12 16:59:00
202400018888.0;3;18;18088;1;1;2.0;1.0;47.38456;2.433214;2024-10-12 19:35:00
202400018889.0;1;43;43058;1;1;2.0;1.0;45.335518;4.223127;2024-10-12 15:15:00
202400018890.0;5;36;36018;2;1;1.0;6.0;46.631465;1.062426;2024-10-11 19:50:00
202400018891.0;1;36;36045;2;1;2.0;6.0;46.988907;1.171205;2024-10-12 19:00:00
202400018892.0;3;16;16070;2;1;5.0;6.0;45.872796;0.719411;2024-10-13 03:00:00
202400018893.0;1;4;4109;2;1;8.0;7.0;44.065572;5.887288;2024-10-12 14:45:00
202400018894.0;1;4;4174;1;1;1.0;3.0;43.95882;6.734362;2024-10-13 12:45:00
202400018895.0;3;28;28135;1;2;1.0;1.0;48.594889;1.698815;2024-10-13 00:40:00
202400018896.0;1;31;31424;2;1;1.0;6.0;43.566862;1.297207;2024-09-13 18:00:00
202400018897.0;3;1;1204;1;1;2.0;6.0;46.16461;5.701135;2024-10-13 05:35:00
202400018898.0;3;1;1283;1;1;1.0;6.0;46.270385;5.647885;2024-10-12 19:15:00
202400018899.0;5;987;98715;2;1;1.0;1.0;-17.555567;-149.602938;2024-10-12 18:40:00
202400018900.0;3;6;6004;1;1;1.0;2.0;43.60366;7.071413;2024-10-11 20:55:00
202400018901.0;1;17;17465;1;1;1.0;7.0;45.966581;-0.550084;2024-10-12 10:50:00
202400018902.0;1;28;28092;1;1;1.0;2.0;48.355222;1.875272;2024-10-13 10:25:00
202400018903.0;1;987;98722;2;1;1.0;1.0;-17.59805188;-149.3051219;2024-10-12 17:00:00
202400018904.0;3;973;97305;1;1;1.0;1.0;4.938387;-52.409999;2024-10-13 03:30:00
202400018905.0;1;95;95039;1;6;1.0;2.0;49.08983146;2.14645024;2024-10-13 10:30:00
202400018906.0;2;78;78615;1;1;1.0;1.0;48.847937;1.897912;2024-10-13 19:10:00
202400018907.0;1;84;84068;1;1;1.0;7.0;43.762974;5.379117;2024-10-13 16:15:00
202400018908.0;1;83;83101;1;1;1.0;2.0;43.247639;6.647458;2024-10-13 07:30:00
202400018909.0;1;26;26179;1;1;1.0;7.0;45.07604;4.869298;2024-10-13 16:40:00
202400018910.0;3;21;21217;1;1;2.0;7.0;47.211902;4.905546;2024-10-12 23:20:00
202400018911.0;1;73;73005;1;1;1.0;6.0;45.64864338;6.09407723;2024-10-13 13:30:00
202400018912.0;1;19;19236;2;6;1.0;3.0;45.332011;1.879365;2024-10-11 14:15:00
202400018913.0;1;61;61341;1;1;1.0;6.0;48.496466;0.067999;2024-10-13 12:10:00
202400018914.0;1;60;60282;1;1;1.0;6.0;49.192918;2.383347;2024-10-13 10:20:00
202400018915.0;3;60;60628;1;1;1.0;6.0;49.420444;2.154505;2024-10-13 20:15:00
202400018916.0;3;13;13001;1;1;1.0;2.0;43.49438652;5.4067287;2024-10-12 05:50:00
202400018917.0;1;13;13106;1;1;1.0;2.0;43.39959526;5.34924076;2024-10-11 18:00:00
202400018918.0;1;13;13043;1;1;1.0;2.0;43.39129821;5.26458933;2024-10-11 16:24:00
202400018919.0;3;13;13215;1;1;1.0;2.0;43.34261266;5.37589947;2024-10-10 20:55:00
202400018920.0;2;69;69290;1;1;3.0;6.0;45.6952;4.96982;2024-10-08 07:30:00
202400018921.0;1;91;91228;1;1;1.0;2.0;48.62347;2.42005;2024-10-12 16:30:00
202400018922.0;2;91;91161;2;1;1.0;6.0;48.69902415;2.31238604;2024-10-12 07:50:00
202400018923.0;3;91;91477;1;1;1.0;1.0;48.72447;2.24357;2024-10-11 23:35:00
202400018924.0;1;92;92036;1;1;2.0;2.0;48.93540166;2.26544968;2024-10-12 12:50:00
202400018925.0;3;78;78646;1;1;1.0;7.0;48.788809;2.132801;2024-10-11 23:40:00
202400018926.0;3;77;77294;1;1;1.0;3.0;48.96164633;2.61726537;2024-10-11 19:30:00
202400018927.0;3;94;94028;1;1;1.0;3.0;48.79449381;2.44220497;2024-10-11 19:45:00
202400018928.0;1;94;94017;1;1;1.0;3.0;48.8303229;2.48934965;2024-10-11 12:15:00
202400018929.0;1;94;94017;1;1;1.0;3.0;48.83020089;2.495767;2024-10-11 09:20:00
202400018930.0;1;2B;2B033;2;9;1.0;6.0;42.7022;9.45065;2024-10-11 08:42:00
202400018931.0;5;2A;2A004;2;4;1.0;6.0;41.9339;8.75063;2024-10-11 03:15:00
202400018932.0;1;95;95277;2;1;1.0;6.0;48.99146361;2.43075493;2024-10-11 12:00:00
202400018933.0;1;95;95277;2;1;1.0;6.0;48.99104;2.431;2024-10-11 07:55:00
202400018934.0;1;95;95607;2;1;1.0;5.0;49.012731;2.21536713;2024-10-11 16:05:00
202400018935.0;1;91;91377;2;1;1.0;3.0;48.73065;2.2878;2024-10-11 15:00:00
202400018936.0;5;91;91657;2;1;1.0;6.0;48.7;2.423;2024-10-11 20:05:00
202400018937.0;1;91;91432;2;1;1.0;2.0;48.6954;2.33;2024-10-11 15:00:00
202400018938.0;2;91;91228;2;1;1.0;2.0;48.63288;2.43545;2024-10-11 19:00:00
202400018939.0;5;87;87114;1;1;3.0;6.0;45.83658;1.28366;2024-10-09 19:38:00
202400018940.0;1;86;86194;2;1;1.0;3.0;46.5839;0.35186;2024-10-11 14:30:00
202400018941.0;5;84;84007;2;9;1.0;3.0;43.92887;4.81302;2024-10-11 19:10:00
202400018942.0;1;84;84007;2;1;1.0;3.0;43.93711;4.8491;2024-10-11 14:30:00
202400018943.0;1;84;84007;1;1;2.0;3.0;43.92099;4.78148;2024-10-10 08:55:00
202400018944.0;3;83;83126;2;2;1.0;3.0;43.10276;5.87418;2024-10-11 22:05:00
202400018945.0;1;80;80021;2;1;1.0;6.0;49.89049;2.296083;2024-10-11 15:54:00
202400018946.0;5;78;78356;2;6;1.0;7.0;48.75562;2.07112;2024-10-11 23:05:00
202400018947.0;5;77;77294;2;3;1.0;3.0;48.957654;2.602296;2024-10-12 00:30:00
202400018948.0;1;77;77450;2;1;1.0;3.0;48.71143641;2.58126934;2024-10-11 14:30:00
202400018949.0;1;77;77284;1;1;1.0;3.0;48.957281;2.862823;2024-10-11 08:25:00
202400018950.0;4;77;77243;2;1;1.0;6.0;48.8769;2.70422;2024-10-11 06:45:00
202400018951.0;1;76;76351;2;2;1.0;6.0;49.4914;0.11671;2024-10-11 09:10:00
202400018952.0;1;72;72181;2;6;1.0;3.0;47.99261;0.18428;2024-10-11 08:55:00
202400018953.0;1;72;72181;2;1;1.0;4.0;47.97955932;0.20119786;2024-10-10 16:05:00
202400018954.0;1;72;72181;2;2;8.0;2.0;47.9859;0.22529;2024-10-10 07:55:00
202400018955.0;5;71;71306;2;3;1.0;3.0;46.68825;4.35766;2024-10-11 19:55:00
202400018956.0;1;71;71540;1;3;1.0;3.0;46.76971;4.45001;2024-10-11 12:11:00
202400018957.0;1;71;71118;2;1;1.0;6.0;46.79264933;4.80961602;2024-10-11 15:15:00
202400018958.0;2;67;67482;2;3;8.0;3.0;48.52486;7.7786;2024-10-11 07:45:00
202400018959.0;2;64;64129;2;1;1.0;2.0;43.30365;-0.39915;2024-10-11 19:20:00
202400018960.0;5;64;64132;2;2;1.0;3.0;43.28738;-0.35132;2024-10-11 20:20:00
202400018961.0;3;37;37003;1;1;1.0;6.0;47.385784;0.979521;2024-06-28 04:35:00
202400018962.0;3;45;45244;1;1;1.0;6.0;47.78736;2.495393;2024-06-30 21:50:00
202400018963.0;1;91;91129;1;1;1.0;1.0;48.496844;2.283247;2024-06-30 17:15:00
202400018964.0;2;34;34063;1;1;1.0;6.0;43.520983;3.344672;2024-06-30 06:30:00
202400018965.0;1;13;13100;2;1;1.0;2.0;43.792635;4.825718;2024-06-22 14:30:00
202400018966.0;1;13;13059;1;1;1.0;5.0;43.61986;5.492333;2024-07-01 15:55:00
202400018967.0;1;68;68370;2;1;2.0;3.0;47.97479;6.960799;2024-06-30 11:30:00
202400018968.0;1;67;67028;2;7;8.0;1.0;48.380625;7.595716;2024-06-29 17:05:00
202400018969.0;1;1;1043;2;3;1.0;3.0;45.829887;4.995947;2024-07-01 09:40:00