Num_Acc;lum;departement;commune;agglomeration;intersection;meteo;type_collision;lat;long;date
202400018970.0;1;65;65042;1;1;2.0;7.0;43.031506;0.215135;2024-07-01 17:45:00
202400018971.0;1;33;33486;1;2;1.0;3.0;45.088839;-0.573601;2024-06-18 11:50:00
202400018972.0;1;44;44052;2;2;1.0;3.0;47.318298;-2.075375;2024-06-27 14:15:00
202400018973.0;1;56;56005;2;1;1.0;3.0;47.553248;-2.882736;2024-06-27 11:15:00
202400018974.0;1;27;27448;1;1;1.0;1.0;49.0109;1.356267;2024-06-30 11:27:00
202400018975.0;1;62;62681;1;1;1.0;7.0;50.68673819;2.33174586;2024-06-30 10:30:00
202400018976.0;1;13;13216;1;1;1.0;2.0;43.3554;5.34749;2024-06-28 15:58:00
202400018977.0;1;13;13001;1;1;1.0;2.0;43.51549;5.42796;2024-06-25 17:20:00
202400018978.0;1;13;13071;1;1;1.0;6.0;43.39330763;5.29952667;2024-06-28 09:00:00
202400018979.0;1;83;83123;1;9;1.0;6.0;43.15532194;5.76561657;2024-06-30 19:42:00
202400018980.0;2;83;83027;1;1;1.0;6.0;43.16758995;5.7687202;2024-06-29 06:55:00
202400018981.0;1;83;83144;1;1;1.0;2.0;43.13398268;5.98674088;2024-06-28 11:40:00
202400018982.0;3;92;92025;1;1;2.0;2.0;48.92387176;2.22973719;2024-06-30 04:50:00
202400018983.0;3;92;92050;1;1;1.0;6.0;48.91564738;2.22070303;2024-06-30 01:25:00
202400018984.0;1;59;59363;2;1;2.0;5.0;50.215036;3.653339;2024-03-12 13:50:00
202400018985.0;4;59;59315;1;1;2.0;7.0;50.32214362;3.78502258;2024-03-12 23:10:00
202400018986.0;1;93;93008;1;1;1.0;4.0;48.90902313;2.44815409;2024-06-29 17:50:00
202400018987.0;3;59;59534;1;1;1.0;6.0;50.102562;3.875218;2024-03-08 19:30:00
202400018988.0;3;93;93010;1;1;1.0;6.0;48.90653393;2.47247712;2024-06-29 05:00:00
202400018989.0;1;13;13215;1;1;1.0;3.0;43.358282;5.362534;2024-03-12 17:45:00
202400018990.0;1;93;93053;1;1;1.0;2.0;48.90134557;2.4691352;2024-06-29 22:00:00
202400018991.0;1;13;13106;1;1;1.0;4.0;43.38817;5.35114;2024-03-12 16:50:00
202400018992.0;1;95;95527;1;1;1.0;2.0;48.98915;2.50818;2024-06-29 08:05:00
202400018993.0;1;13;13071;1;1;1.0;2.0;43.40972592;5.28550357;2024-03-11 15:14:00
202400018994.0;1;77;77294;1;1;1.0;2.0;48.97462817;2.57871573;2024-06-30 13:40:00
202400018995.0;1;13;13071;1;1;1.0;2.0;43.409498;5.36369;2024-03-12 10:00:00
202400018996.0;1;13;13005;1;1;1.0;3.0;43.28501117;5.57110296;2024-03-12 08:30:00
202400018997.0;1;77;77373;1;1;1.0;6.0;48.79169848;2.61886634;2024-06-29 07:15:00
202400018998.0;3;77;77372;1;1;1.0;6.0;48.87890479;2.66822031;2024-06-29 04:35:00
202400018999.0;1;13;13211;1;1;1.0;5.0;43.29207811;5.45266634;2024-03-12 07:30:00
202400019000.0;5;84;84031;2;3;1.0;1.0;44.05728;5.05011;2024-02-17 19:30:00
202400019001.0;1;13;13215;1;1;1.0;2.0;43.3581884;5.36269145;2024-03-12 07:05:00
202400019002.0;5;93;93048;2;2;1.0;3.0;48.86673;2.44513;2024-01-18 19:35:00
202400019003.0;5;13;13212;1;1;1.0;4.0;43.30515;5.42548;2024-03-11 20:34:00
202400019004.0;1;93;93048;2;2;8.0;6.0;48.8606;2.44347;2024-01-09 15:15:00
202400019005.0;1;13;13056;1;1;1.0;4.0;43.40565;5.03983;2024-03-11 08:20:00
202400019006.0;1;93;93048;2;1;1.0;3.0;48.86250325;2.46605873;2024-01-07 12:10:00
202400019007.0;1;33;33281;1;9;1.0;6.0;44.8329529;-0.69817391;2024-05-12 13:02:00
202400019008.0;3;13;13015;1;1;1.0;2.0;43.45184294;5.39633709;2024-03-11 05:43:00
202400019009.0;5;74;74123;2;2;1.0;1.0;45.748168;6.290063;2024-04-13 21:40:00
202400019010.0;1;74;74206;1;1;1.0;6.0;46.30384146;6.49764394;2024-03-20 15:45:00
202400019011.0;1;67;67152;1;1;1.0;4.0;48.52466;7.65948;2024-03-11 09:00:00
202400019012.0;1;74;74081;2;1;1.0;6.0;46.068927;6.561813;2024-03-26 09:30:00
202400019013.0;2;67;67447;1;1;1.0;2.0;48.60878;7.72721;2024-03-07 18:50:00
202400019014.0;1;74;74116;1;1;1.0;1.0;46.04892;6.263902;2024-04-05 11:11:00
202400019015.0;1;33;33448;1;1;1.0;3.0;44.71786;-0.52017;2024-03-12 08:20:00
202400019016.0;3;33;33080;1;1;1.0;6.0;44.73218;-0.53101;2024-03-12 04:15:00
202400019017.0;1;74;74288;2;3;1.0;3.0;46.103486;5.968977;2024-04-13 18:00:00
202400019018.0;1;91;91432;1;1;1.0;3.0;48.6925;2.32135;2024-03-12 08:50:00
202400019019.0;1;74;74020;1;1;1.0;6.0;46.350593;6.518868;2024-04-06 17:30:00
202400019020.0;1;92;92050;1;1;1.0;4.0;48.91767811;2.22233685;2024-03-11 08:45:00
202400019021.0;1;74;74112;1;1;1.0;6.0;45.945932;6.111698;2024-04-07 19:45:00
202400019022.0;1;93;93053;1;1;2.0;6.0;48.89707199;2.46965129;2024-03-12 14:35:00
202400019023.0;3;92;92078;1;1;9.0;6.0;48.92830843;2.33162459;2024-03-10 22:50:00
202400019024.0;4;74;74104;1;1;1.0;5.0;45.80633;6.211524;2024-03-28 20:50:00
202400019025.0;1;74;74159;1;1;1.0;2.0;46.00636773;6.62884623;2024-03-22 15:00:00
202400019026.0;3;95;95154;1;9;3.0;4.0;49.04345435;2.54437913;2024-03-10 05:40:00
202400019027.0;3;74;74196;1;1;4.0;7.0;46.046686;6.580821;2024-02-23 21:45:00
202400019028.0;1;77;77495;1;1;8.0;2.0;48.579603;2.638025;2024-03-12 09:45:00
202400019029.0;1;44;44109;2;6;1.0;7.0;47.19380878;-1.52894596;2024-02-29 08:55:00
202400019030.0;3;973;97302;2;1;1.0;2.0;4.91986;-52.31946;2024-06-29 02:05:00
202400019031.0;2;44;44109;2;1;8.0;7.0;47.19010555;-1.53300491;2024-02-28 19:00:00
202400019032.0;3;973;97302;2;1;1.0;7.0;4.93916;-52.31872;2024-06-28 23:25:00
202400019033.0;1;44;44109;2;1;8.0;2.0;47.23422094;-1.58073651;2024-02-25 13:30:00
202400019034.0;1;971;97113;1;1;1.0;3.0;16.24102;-61.44093;2024-06-29 16:25:00
202400019035.0;1;44;44109;1;1;8.0;2.0;47.19361124;-1.61349004;2024-02-23 15:45:00
202400019036.0;3;44;44190;1;1;8.0;3.0;47.21167952;-1.48457518;2024-02-23 05:00:00
202400019037.0;1;2A;2A004;2;3;1.0;3.0;41.92583;8.73823;2024-06-28 13:51:00
202400019038.0;1;49;49267;2;1;1.0;3.0;47.47483;-0.49551;2024-11-18 18:03:00
202400019039.0;1;44;44109;2;1;8.0;6.0;47.26438106;-1.57573847;2024-02-22 10:30:00
202400019040.0;5;48;48095;2;9;1.0;6.0;44.51688942;3.49733997;2024-11-18 18:45:00
202400019041.0;3;95;95252;2;3;1.0;2.0;48.98661265;2.22019583;2024-06-29 02:30:00
202400019042.0;1;44;44109;2;1;8.0;6.0;47.21871;-1.53831435;2024-02-21 16:28:00
202400019043.0;5;44;44109;2;6;3.0;6.0;47.25884222;-1.5194942;2024-11-19 18:15:00
202400019044.0;1;95;95127;2;4;1.0;6.0;49.05004361;2.01840252;2024-06-29 20:12:00
202400019045.0;1;987;98735;2;1;1.0;3.0;-17.53408;-149.56133;2024-03-11 07:40:00
202400019046.0;3;43;43078;1;1;8.0;7.0;45.01813;3.90986;2024-11-19 18:40:00
202400019047.0;5;91;91345;2;1;2.0;6.0;48.6817;2.3126;2024-06-29 22:20:00
202400019048.0;1;974;97416;2;9;1.0;3.0;-21.32563;55.48594;2024-03-11 10:30:00
202400019049.0;1;37;37261;2;1;2.0;1.0;47.41234;0.70308;2024-11-19 09:24:00
202400019050.0;1;91;91687;2;1;1.0;6.0;48.652;2.37;2024-06-29 09:40:00
202400019051.0;5;37;37261;2;1;1.0;3.0;47.40141;0.68644;2024-11-19 07:15:00
202400019052.0;1;91;91589;2;9;1.0;6.0;48.67978;2.34419;2024-06-28 17:50:00
202400019053.0;1;974;97411;1;3;1.0;3.0;-20.8982;55.44398;2024-03-11 13:35:00
202400019054.0;3;37;37122;2;1;1.0;6.0;47.36062;0.64647;2024-11-19 06:05:00
202400019055.0;1;974;97411;2;1;2.0;1.0;-20.89967;55.48031;2024-03-11 06:20:00
202400019056.0;1;91;91228;2;2;2.0;3.0;48.62774;2.40868;2024-06-29 19:46:00
202400019057.0;5;35;35281;2;1;2.0;6.0;48.09033258;-1.69734612;2024-11-19 18:00:00
202400019058.0;1;974;97409;2;1;1.0;7.0;-20.9484;55.65815;2024-03-11 17:25:00
202400019059.0;3;91;91469;1;1;1.0;7.0;48.40767;2.17768;2024-06-29 01:30:00
202400019060.0;5;973;97302;2;1;1.0;3.0;4.93485605;-52.31412917;2024-03-10 21:45:00
202400019061.0;5;34;34108;1;3;1.0;3.0;43.47368;3.769918;2024-11-18 18:30:00
202400019062.0;1;78;78383;2;3;1.0;2.0;48.75976;1.94659;2024-06-29 11:05:00
202400019063.0;5;973;97302;2;2;1.0;3.0;4.94235;-52.32241;2024-03-09 19:50:00
202400019064.0;1;78;78498;2;3;1.0;3.0;48.92014;2.02676;2024-06-28 20:45:00
202400019065.0;1;34;34032;2;2;1.0;2.0;43.34249;3.22139;2024-11-18 11:05:00
202400019066.0;1;972;97213;1;9;1.0;5.0;14.65377;-60.97281;2024-03-11 16:40:00
202400019067.0;5;33;33550;2;3;2.0;2.0;44.76388;-0.56051;2024-11-19 18:45:00
202400019068.0;1;77;77438;2;1;1.0;6.0;48.85409;2.66686;2024-06-29 10:55:00
202400019069.0;1;971;97113;1;1;1.0;4.0;16.20863;-61.46992;2024-03-10 09:00:00
202400019070.0;2;33;33063;2;2;8.0;6.0;44.823594;-0.5658229;2024-11-19 07:31:00
202400019071.0;1;76;76540;2;2;1.0;6.0;49.44006;1.08933;2024-06-29 10:45:00
202400019072.0;1;971;97101;1;1;1.0;2.0;16.28537;-61.50555;2024-03-10 06:30:00
202400019073.0;1;33;33065;1;1;1.0;1.0;44.80501;-0.51675;2024-11-18 14:45:00
202400019074.0;5;971;97105;2;1;2.0;6.0;15.99105;-61.72847;2024-03-10 19:50:00
202400019075.0;1;72;72181;2;6;1.0;6.0;48.01758;0.21885;2024-06-29 07:05:00
202400019076.0;1;95;95582;2;1;1.0;6.0;48.96884;2.26678;2024-03-11 09:00:00
202400019077.0;5;31;31555;2;2;1.0;3.0;43.60947721;1.45437688;2024-11-19 20:15:00
202400019078.0;1;71;71270;1;3;7.0;2.0;46.27563;4.78613;2024-06-28 13:45:00
202400019079.0;1;31;31555;2;1;1.0;3.0;43.57403;1.49458;2024-11-19 09:45:00
202400019080.0;3;91;91161;2;1;1.0;1.0;48.71206;2.30837;2024-03-11 03:40:00
202400019081.0;5;30;30189;2;1;2.0;5.0;43.85603;4.40194;2024-11-12 18:45:00
202400019082.0;5;91;91027;2;2;2.0;3.0;48.71619;2.37105;2024-03-11 18:50:00
202400019083.0;1;69;69264;2;2;1.0;3.0;45.9893;4.72274;2024-06-28 14:27:00
202400019084.0;5;29;29019;2;1;2.0;6.0;48.3953;-4.49402;2024-11-18 07:50:00
202400019085.0;5;69;69029;2;1;1.0;6.0;45.72984;4.92005;2024-06-28 23:50:00
202400019086.0;5;91;91223;2;6;1.0;3.0;48.43717;2.16317;2024-03-11 05:20:00
202400019087.0;1;63;63300;1;1;1.0;6.0;45.90766986;3.08670125;2024-06-29 10:09:00
202400019088.0;5;27;27229;2;2;2.0;3.0;49.02731;1.15549;2024-11-19 21:20:00
202400019089.0;1;91;91469;1;3;1.0;1.0;48.39824;2.14348;2024-03-10 12:05:00
202400019090.0;1;62;62427;2;1;1.0;3.0;50.44588;2.96502;2024-06-28 07:30:00
202400019091.0;1;25;25031;2;1;1.0;6.0;47.48739;6.84357;2024-11-18 13:45:00
202400019092.0;1;91;91223;2;9;1.0;4.0;48.4302;2.15797;2024-03-10 10:10:00
202400019093.0;5;15;15014;2;6;2.0;3.0;44.921693;2.435834;2024-11-19 18:30:00
202400019094.0;4;62;62051;1;3;1.0;2.0;50.51681511;2.77406645;2024-06-29 02:10:00
202400019095.0;1;87;87085;2;1;3.0;6.0;45.83217701;1.26470089;2024-03-11 07:36:00
202400019096.0;2;15;15014;2;1;2.0;7.0;44.920547;2.431187;2024-11-19 07:30:00
202400019097.0;3;61;61006;1;1;1.0;6.0;48.74686;-0.03201;2024-06-30 00:08:00
202400019098.0;1;87;87085;2;1;1.0;2.0;45.83974;1.26074;2024-03-09 15:49:00
202400019099.0;2;14;14338;2;3;1.0;6.0;49.296759;-0.07818;2024-11-14 07:30:00
202400019100.0;1;61;61001;2;1;1.0;6.0;48.436873;0.107075;2024-06-28 13:40:00
202400019101.0;5;83;83137;2;3;1.0;3.0;43.12872095;5.96649778;2024-03-11 20:50:00
202400019102.0;5;13;13106;2;1;1.0;1.0;43.39;5.36;2024-11-19 17:20:00
202400019103.0;3;60;60175;1;1;1.0;6.0;49.25331;2.49051;2024-06-29 23:05:00
202400019104.0;1;77;77487;2;1;1.0;2.0;48.53436;2.67872;2024-03-10 12:55:00
202400019105.0;1;13;13103;2;1;1.0;3.0;43.63806;5.09525;2024-11-19 12:20:00
202400019106.0;1;59;59153;1;6;1.0;1.0;50.447;3.585;2024-06-29 19:45:00
202400019107.0;5;13;13212;2;1;1.0;6.0;43.30144839;5.41507943;2024-11-19 19:15:00
202400019108.0;5;77;77438;2;3;1.0;6.0;48.865322;2.690994;2024-03-11 22:15:00
202400019109.0;1;13;13203;2;1;1.0;1.0;43.3144;5.3756;2024-11-19 10:20:00
202400019110.0;1;59;59599;2;2;1.0;3.0;50.73562;3.17537;2024-06-28 16:50:00
202400019111.0;5;72;72003;2;1;1.0;3.0;47.98337037;0.14780102;2024-03-11 06:35:00
202400019112.0;3;13;13047;1;1;1.0;6.0;43.56901;4.97957;2024-11-19 18:50:00
202400019113.0;1;59;59350;2;1;1.0;6.0;50.64299;3.05347;2024-06-29 06:45:00
202400019114.0;1;69;69275;2;1;1.0;3.0;45.77103413;4.96139914;2024-03-11 08:20:00
202400019115.0;3;6;6088;2;1;1.0;3.0;43.688481;7.240641;2024-11-19 01:15:00
202400019116.0;5;59;59507;2;9;1.0;3.0;50.607377;3.076581;2024-06-28 23:20:00
202400019117.0;1;68;68224;2;3;1.0;3.0;47.764568;7.324003;2024-02-18 12:53:00
202400019118.0;1;3;3190;2;6;8.0;3.0;46.56925;3.3256;2024-11-19 14:35:00
202400019119.0;1;56;56260;2;1;1.0;7.0;47.64845;-2.78196;2024-06-29 18:30:00
202400019120.0;2;1;1283;2;1;2.0;6.0;46.26171;5.63873;2024-11-19 16:45:00
202400019121.0;1;66;66136;2;1;1.0;3.0;42.73248;2.89034;2024-03-11 11:10:00
202400019122.0;1;1;1451;1;1;8.0;6.0;46.22701;5.207703;2024-11-19 15:43:00
202400019123.0;1;56;56098;2;1;1.0;2.0;47.77661;-3.33876;2024-06-29 16:10:00
202400019124.0;1;64;64483;2;1;2.0;6.0;43.38738;-1.66127;2024-03-11 14:50:00
202400019125.0;1;64;64445;2;1;3.0;7.0;43.29436;-0.37736;2024-03-11 08:30:00
202400019126.0;1;94;94068;2;2;2.0;6.0;48.803744;2.477048;2024-11-18 11:22:00
202400019127.0;5;34;34172;2;2;1.0;3.0;43.63945;3.82847;2024-06-29 04:30:00
202400019128.0;5;33;33063;2;9;8.0;7.0;44.82117;-0.58266;2024-06-29 03:27:00
202400019129.0;5;94;94058;2;3;3.0;6.0;48.84216185;2.49872768;2024-11-19 18:40:00
202400019130.0;1;62;62498;2;1;1.0;4.0;50.42693;2.80612;2024-02-22 16:45:00
202400019131.0;1;33;33009;2;1;2.0;2.0;44.6601;-1.1678;2024-06-29 20:10:00
202400019132.0;5;94;94046;2;1;2.0;4.0;48.79197735;2.4347177;2024-11-18 18:19:00
202400019133.0;5;59;59650;2;3;2.0;3.0;50.6991;3.22481;2024-03-11 21:15:00
202400019134.0;3;32;32013;1;1;8.0;6.0;43.6295;0.53867;2024-06-30 00:25:00
202400019135.0;4;59;59225;1;1;2.0;6.0;50.28032;3.907143;2024-03-11 04:10:00
202400019136.0;5;94;94021;2;2;3.0;6.0;48.771818;2.35697;2024-11-19 18:15:00
202400019137.0;1;29;29232;2;1;1.0;2.0;48.01388;-4.07987;2024-06-28 18:00:00
202400019138.0;1;57;57672;2;2;1.0;3.0;49.360168;6.157291;2024-03-08 15:00:00
202400019139.0;2;29;29232;2;6;1.0;3.0;47.97952351;-4.12191647;2024-06-28 07:45:00
202400019140.0;5;92;92073;2;1;2.0;3.0;48.87343014;2.22155317;2024-11-18 22:06:00
202400019141.0;1;56;56121;2;1;8.0;7.0;47.76153;-3.4046;2024-03-10 09:50:00
202400019142.0;1;92;92022;2;1;8.0;3.0;48.81845272;2.19767153;2024-11-19 09:55:00
202400019143.0;1;28;28220;2;1;1.0;5.0;48.42644;1.47203;2024-06-28 13:24:00
202400019144.0;1;92;92064;2;1;3.0;6.0;48.857357;2.22031161;2024-11-19 11:40:00
202400019145.0;1;54;54526;2;3;1.0;3.0;48.68799;6.20737;2024-03-10 08:52:00
202400019146.0;3;26;26057;2;1;1.0;7.0;45.02991275;5.04742384;2024-06-29 04:10:00
202400019147.0;5;92;92063;2;9;2.0;6.0;48.88051185;2.18219563;2024-11-19 18:20:00
202400019148.0;5;54;54395;2;3;1.0;6.0;48.69104062;6.17090732;2024-03-10 05:05:00
202400019149.0;5;17;17274;2;1;1.0;2.0;46.155038;-1.096325;2024-06-29 04:28:00
202400019150.0;5;92;92050;2;3;1.0;1.0;48.91260492;2.22466215;2024-11-19 21:20:00
202400019151.0;1;50;50129;2;2;1.0;3.0;49.63376;-1.62238;2024-03-09 18:30:00
202400019152.0;1;14;14557;1;1;1.0;6.0;49.322294;0.087656;2024-06-29 19:35:00
202400019153.0;1;92;92050;2;3;2.0;3.0;48.88569923;2.21973203;2024-11-19 08:44:00
202400019154.0;1;49;49328;1;1;1.0;2.0;47.24698;-0.10546;2024-03-09 14:05:00
202400019155.0;1;14;14366;1;1;1.0;3.0;49.144058;0.264543;2024-06-29 20:10:00
202400019156.0;2;92;92026;2;2;2.0;6.0;48.90042847;2.26081096;2024-11-19 16:25:00
202400019157.0;1;45;45234;2;1;1.0;6.0;47.91209;1.89768;2024-03-11 12:30:00
202400019158.0;1;13;13001;1;1;1.0;6.0;43.53509;5.37031;2024-06-28 17:10:00
202400019159.0;1;40;40279;1;1;4.0;6.0;43.7372;-1.024165;2024-02-24 09:45:00
202400019160.0;5;92;92025;2;8;2.0;3.0;48.91463445;2.22905325;2024-11-18 17:40:00
202400019161.0;1;8;8105;2;1;1.0;3.0;49.77397;4.71147;2024-06-29 12:45:00
202400019162.0;5;92;92024;2;9;1.0;3.0;48.90598174;2.29495302;2024-11-19 18:20:00
202400019163.0;1;38;38151;2;8;1.0;3.0;45.15534042;5.71872711;2024-03-11 12:05:00
202400019164.0;3;6;6069;1;1;1.0;6.0;43.623504;6.927447;2024-06-30 01:00:00
202400019165.0;1;92;92019;2;1;2.0;6.0;48.77010796;2.2505638;2024-11-19 13:30:00
202400019166.0;1;1;1053;2;9;1.0;6.0;46.20802;5.2298;2024-06-29 11:30:00
202400019167.0;3;34;34179;1;1;1.0;6.0;43.607665;3.727144;2024-11-10 23:40:00
202400019168.0;1;36;36159;1;9;1.0;4.0;46.75860157;1.72115207;2024-03-11 08:50:00
202400019169.0;1;974;97415;1;1;1.0;4.0;-20.982398;55.306399;2024-11-19 17:50:00
202400019170.0;5;75;75120;2;1;1.0;5.0;48.854377;2.414079;2024-06-29 04:21:00
202400019171.0;3;86;86272;1;1;5.0;6.0;46.841493;0.477594;2024-11-08 18:30:00
202400019172.0;5;75;75119;2;1;1.0;2.0;48.900638;2.371169;2024-06-29 01:20:00
202400019173.0;5;6;6149;2;1;1.0;3.0;43.74306;7.315976;2024-11-18 18:15:00
202400019174.0;1;75;75119;2;1;1.0;3.0;48.894488;2.39504;2024-06-28 16:40:00
202400019175.0;1;35;35238;2;2;1.0;2.0;48.10361;-1.694;2024-02-18 13:15:00
202400019176.0;1;23;23107;1;1;7.0;1.0;46.04666;1.9384;2024-10-30 12:20:00
202400019177.0;2;75;75117;2;7;1.0;6.0;48.878294;2.298577;2024-06-28 05:00:00
202400019178.0;1;67;67302;2;6;7.0;6.0;48.756111;7.376826;2024-11-20 09:40:00
202400019179.0;1;75;75119;2;1;1.0;2.0;48.898674;2.384198;2024-06-28 18:15:00
202400019180.0;1;75;75118;2;1;1.0;2.0;48.885251;2.329331;2024-06-29 10:45:00
202400019181.0;5;72;72260;2;1;8.0;5.0;47.950509;0.263761;2024-11-18 17:36:00
202400019182.0;1;34;34198;2;1;1.0;6.0;43.56107;3.95298;2024-03-11 14:00:00
202400019183.0;5;77;77385;2;1;3.0;6.0;48.845196;3.235034;2024-11-19 18:35:00
202400019184.0;1;75;75116;2;7;1.0;6.0;48.852758;2.275948;2024-06-29 20:00:00
202400019185.0;3;56;56140;1;1;1.0;6.0;47.928618;-2.804599;2024-11-17 23:30:00
202400019186.0;3;59;59497;1;1;6.0;7.0;50.732795;2.349476;2024-11-19 05:50:00
202400019187.0;1;75;75112;2;2;1.0;2.0;48.833796;2.444861;2024-06-28 16:40:00
202400019188.0;3;76;76377;1;1;2.0;6.0;49.509087;1.147422;2024-11-19 19:15:00
202400019189.0;3;31;31555;1;1;2.0;2.0;43.570422;1.42872;2024-03-11 19:15:00
202400019190.0;1;79;79271;1;4;1.0;3.0;46.516698;-0.363101;2024-11-20 09:50:00
202400019191.0;1;75;75110;2;4;1.0;6.0;48.875857;2.35941;2024-06-29 13:30:00
202400019192.0;5;30;30189;2;1;1.0;3.0;43.83858;4.34343;2024-03-10 05:50:00
202400019193.0;2;33;33011;2;6;8.0;3.0;44.769299;-1.133373;2024-10-31 18:00:00
202400019194.0;1;75;75110;2;4;1.0;6.0;48.879503;2.368003;2024-06-29 12:25:00
202400019195.0;5;63;63016;2;1;2.0;6.0;45.721859;3.614915;2024-11-19 21:35:00
202400019196.0;1;30;30007;2;1;2.0;7.0;44.14829;4.09031;2024-03-11 12:20:00
202400019197.0;1;75;75109;2;1;1.0;6.0;48.876177;2.326898;2024-06-29 18:25:00
202400019198.0;1;63;63430;2;1;2.0;1.0;45.864321;3.575084;2024-11-20 14:02:00
202400019199.0;1;75;75108;2;3;1.0;7.0;48.876717;2.297235;2024-06-29 19:07:00
202400019200.0;4;63;63338;1;1;2.0;6.0;46.143701;2.823277;2024-11-19 18:40:00
202400019201.0;1;17;17299;2;1;1.0;2.0;45.939187;-0.96604;2024-01-13 11:43:00
202400019202.0;3;42;42224;1;1;5.0;1.0;45.344892;4.483173;2024-11-14 06:30:00
202400019203.0;1;75;75108;2;2;1.0;6.0;48.871888;2.30089;2024-06-29 13:38:00
202400019204.0;1;15;15014;2;1;2.0;4.0;44.91639;2.46141;2024-03-11 09:10:00
202400019205.0;1;75;75103;2;3;1.0;6.0;48.866069;2.361109;2024-06-28 16:53:00
202400019206.0;1;44;44015;2;9;2.0;6.0;47.474973;-1.756434;2024-11-19 12:26:00
202400019207.0;1;15;15012;2;3;1.0;3.0;44.89294;2.41585;2024-03-10 10:30:00
202400019208.0;1;94;94078;2;3;1.0;3.0;48.73588;2.45189;2024-06-29 14:31:00
202400019209.0;2;45;45203;2;3;1.0;3.0;47.834484;1.7064;2024-11-20 07:45:00
202400019210.0;1;13;13047;2;1;1.0;2.0;43.50643;4.98535;2024-03-11 14:00:00
202400019211.0;1;94;94044;2;1;1.0;6.0;48.75365;2.49364;2024-06-29 10:56:00
202400019212.0;1;7;7078;2;1;1.0;2.0;45.260774;4.703023;2024-11-16 12:20:00
202400019213.0;1;13;13005;2;1;2.0;3.0;43.2835;5.566;2024-03-11 08:30:00
202400019214.0;5;21;21603;2;1;3.0;6.0;47.492503;4.347448;2024-11-19 17:40:00
202400019215.0;1;94;94052;2;1;2.0;3.0;48.84288931;2.48523483;2024-06-29 19:00:00
202400019216.0;1;11;11069;2;1;1.0;6.0;43.21269;2.34683;2024-03-10 14:20:00
202400019217.0;1;37;37109;2;1;1.0;3.0;47.404949;0.603478;2024-11-20 14:02:00
202400019218.0;1;94;94011;2;1;1.0;6.0;48.7807038;2.47521262;2024-06-28 17:30:00
202400019219.0;1;11;11069;1;1;1.0;7.0;43.21357;2.276;2024-03-09 17:30:00
202400019220.0;1;94;94022;2;1;1.0;3.0;48.761827;2.413732;2024-06-28 16:10:00
202400019221.0;1;10;10362;2;1;1.0;7.0;48.29641;4.05146;2024-03-10 17:25:00
202400019222.0;1;30;30006;1;3;1.0;1.0;43.687142;4.199132;2024-11-17 10:05:00
202400019223.0;5;94;94022;2;1;1.0;7.0;48.761825;2.413798;2024-06-28 23:45:00
202400019224.0;3;77;77305;1;1;3.0;6.0;48.394134;2.982531;2024-11-19 19:05:00
202400019225.0;1;93;93073;2;3;1.0;3.0;48.95023;2.57842;2024-06-29 13:30:00
202400019226.0;1;6;6088;2;1;8.0;2.0;43.697398;7.2889088;2024-03-11 08:30:00
202400019227.0;1;13;13037;2;1;1.0;2.0;43.54444;5.185206;2024-11-19 16:45:00
202400019228.0;2;6;6152;1;1;1.0;7.0;43.625786;7.04656;2024-11-19 17:10:00
202400019229.0;5;6;6088;2;1;2.0;6.0;43.70869;7.26673;2024-03-10 07:45:00
202400019230.0;1;93;93078;2;2;1.0;6.0;48.95103;2.55286;2024-06-28 20:15:00
202400019231.0;2;6;6069;2;1;1.0;6.0;43.6382856;6.9790604;2024-03-11 18:30:00
202400019232.0;1;93;93066;2;1;1.0;6.0;48.923615;2.362569;2024-06-29 17:15:00
202400019233.0;1;973;97305;1;1;1.0;5.0;4.942342;-52.41457;2024-11-20 06:00:00
202400019234.0;5;6;6027;2;1;1.0;6.0;43.657887;7.150856;2024-03-10 20:45:00
202400019235.0;1;93;93051;2;2;1.0;3.0;48.84197;2.56886;2024-06-29 11:15:00
202400019236.0;5;971;97121;2;1;1.0;1.0;16.22588;-61.785403;2024-11-16 02:50:00
202400019237.0;1;2;2738;2;2;1.0;3.0;49.66301;3.28902;2024-03-10 11:25:00
202400019238.0;1;92;92073;2;1;1.0;2.0;48.8640225;2.20851392;2024-06-29 20:06:00
202400019239.0;2;30;30307;1;1;1.0;3.0;44.194557;4.043655;2024-11-20 16:50:00
202400019240.0;5;75;75117;2;1;1.0;6.0;48.88834833;2.29213804;2024-03-09 06:00:00
202400019241.0;1;92;92072;2;3;1.0;3.0;48.82639;2.21928;2024-06-29 08:00:00
202400019242.0;1;11;11410;2;1;1.0;7.0;43.253924;2.40857;2024-11-14 13:51:00
202400019243.0;1;75;75106;2;7;1.0;3.0;48.85377619;2.34426588;2024-03-11 10:30:00
202400019244.0;1;13;13086;2;9;1.0;1.0;43.348057;5.603593;2024-11-19 13:26:00
202400019245.0;1;92;92063;2;1;1.0;7.0;48.88165379;2.17144883;2024-06-29 16:50:00
202400019246.0;1;75;75120;2;2;2.0;6.0;48.875447;2.397931;2024-03-11 15:30:00
202400019247.0;1;92;92040;2;3;1.0;6.0;48.82023915;2.24982727;2024-06-29 12:11:00
202400019248.0;3;26;26165;1;1;1.0;4.0;44.77134293;4.80249595;2024-10-28 18:00:00
202400019249.0;1;75;75120;2;2;1.0;6.0;48.853487;2.410526;2024-03-11 11:10:00
202400019250.0;1;92;92026;2;2;1.0;3.0;48.90222132;2.2394751;2024-06-29 18:38:00
202400019251.0;3;67;67078;1;1;2.0;1.0;48.658768;7.410064;2024-11-18 18:45:00
202400019252.0;1;75;75119;2;7;1.0;6.0;48.877515;2.393802;2024-03-11 06:30:00