Num_Acc;lum;departement;commune;agglomeration;intersection;meteo;type_collision;lat;long;date
202400019253.0;1;42;42285;2;2;1.0;6.0;45.55372;4.120892;2024-11-19 11:38:00
202400019254.0;1;92;92032;2;1;1.0;3.0;48.78337;2.28436;2024-06-29 20:20:00
202400019255.0;5;75;75108;2;2;1.0;3.0;48.873961;2.315879;2024-03-11 22:00:00
202400019256.0;1;42;42147;2;6;1.0;6.0;45.611313;4.065451;2024-11-19 09:15:00
202400019257.0;1;75;75117;2;1;2.0;7.0;48.882654;2.286883;2024-03-11 15:33:00
202400019258.0;1;92;92012;2;6;1.0;3.0;48.82507031;2.2483812;2024-06-29 07:45:00
202400019259.0;1;75;75107;2;2;1.0;6.0;48.850688;2.311619;2024-03-11 13:10:00
202400019260.0;5;38;38449;2;1;5.0;2.0;45.654113;5.124618;2024-11-15 05:40:00
202400019261.0;1;92;92036;2;1;1.0;1.0;48.93371313;2.27908552;2024-06-29 20:15:00
202400019262.0;1;75;75113;2;3;1.0;3.0;48.826818;2.365049;2024-03-11 10:45:00
202400019263.0;1;24;24019;1;1;1.0;1.0;45.15047821;1.11702204;2024-06-30 12:55:00
202400019264.0;1;50;50594;1;2;2.0;2.0;49.586313;-1.721978;2024-11-20 13:45:00
202400019265.0;1;75;75112;2;2;2.0;3.0;48.845876;2.367664;2024-03-11 18:01:00
202400019266.0;1;29;29055;2;1;2.0;6.0;48.55561;-4.341954;2024-11-18 12:15:00
202400019267.0;1;35;35145;2;3;1.0;1.0;47.720319;-1.84889;2024-06-30 09:15:00
202400019268.0;1;75;75111;2;7;1.0;6.0;48.857637;2.38045;2024-03-11 09:15:00
202400019269.0;1;29;29103;2;6;2.0;6.0;48.44822467;-4.26073602;2024-11-19 12:20:00
202400019270.0;1;85;85148;1;1;1.0;3.0;46.400291;-0.8486224;2024-06-30 12:15:00
202400019271.0;5;75;75109;2;3;2.0;6.0;48.875131;2.340965;2024-03-11 18:40:00
202400019272.0;1;35;35166;2;1;1.0;6.0;48.141828;-1.337784;2024-06-18 12:05:00
202400019273.0;1;2A;2A362;1;1;1.0;6.0;41.74306868;9.19922006;2024-06-30 15:45:00
202400019274.0;1;75;75109;2;4;1.0;6.0;48.877893;2.331956;2024-03-11 10:50:00
202400019275.0;1;60;60079;1;3;1.0;3.0;49.147671;2.87183;2024-11-20 14:15:00
202400019276.0;2;972;97232;1;1;1.0;1.0;14.514545;-60.840408;2024-06-29 19:00:00
202400019277.0;1;60;60439;2;6;7.0;6.0;49.317097;2.323807;2024-11-20 12:00:00
202400019278.0;4;94;94081;2;3;2.0;4.0;48.78997;2.37978;2024-03-11 18:20:00
202400019279.0;1;974;97414;2;1;1.0;1.0;-21.272379;55.448754;2024-06-30 14:40:00
202400019280.0;1;62;62318;2;9;7.0;6.0;50.52731588;1.62799788;2024-11-20 16:00:00
202400019281.0;4;94;94016;2;2;2.0;3.0;48.796237;2.321964;2024-03-11 19:55:00
202400019282.0;1;84;84135;1;1;2.0;6.0;44.198896;4.800794;2024-06-29 20:30:00
202400019283.0;1;94;94073;2;2;2.0;1.0;48.76651;2.38618;2024-03-11 17:00:00
202400019284.0;1;59;59278;1;1;1.0;6.0;50.61369307;2.95386171;2024-06-29 19:30:00
202400019285.0;1;62;62560;1;3;3.0;3.0;50.827182;1.698927;2024-11-19 15:00:00
202400019286.0;1;94;94033;2;1;1.0;6.0;48.85085662;2.48325321;2024-03-11 09:00:00
202400019287.0;1;26;26360;1;3;1.0;1.0;44.410957;4.805859;2024-07-18 16:40:00
202400019288.0;1;87;87181;1;4;2.0;3.0;46.042922;1.492832;2024-06-29 17:30:00
202400019289.0;5;14;14047;2;1;1.0;7.0;49.282063;-0.704734;2024-08-25 22:00:00
202400019290.0;5;94;94077;2;3;2.0;3.0;48.732895;2.403665;2024-03-11 19:20:00
202400019291.0;1;30;30202;2;1;1.0;7.0;44.254736;4.646568;2024-06-29 12:00:00
202400019292.0;3;14;14305;1;1;1.0;1.0;49.273457;-0.051622;2024-08-10 23:10:00
202400019293.0;5;94;94019;2;7;3.0;2.0;48.799038;2.545082;2024-03-09 20:30:00
202400019294.0;1;30;30286;1;1;1.0;1.0;43.984972;4.45928;2024-06-30 14:48:00
202400019295.0;1;62;62761;1;1;1.0;6.0;50.23357495;2.84916581;2024-06-30 17:45:00
202400019296.0;1;94;94028;2;3;1.0;6.0;48.7881;2.43976;2024-03-11 08:15:00
202400019297.0;1;14;14530;1;9;1.0;3.0;49.240904;-0.269074;2024-04-17 11:25:00
202400019298.0;1;974;97416;1;1;7.0;1.0;-21.29794;55.43878;2024-11-18 12:10:00
202400019299.0;1;77;77359;2;1;7.0;2.0;48.483931;2.52692;2024-06-28 19:20:00
202400019300.0;3;93;93073;1;1;2.0;5.0;49.00526732;2.55778885;2024-03-11 22:00:00
202400019301.0;1;95;95026;1;1;1.0;1.0;49.14632607;2.37641118;2024-06-30 15:10:00
202400019302.0;1;93;93073;2;3;2.0;6.0;48.95667;2.57265;2024-03-11 17:15:00
202400019303.0;1;51;51369;1;1;1.0;7.0;48.727807;3.685605;2024-06-30 16:10:00
202400019304.0;1;974;97411;2;1;1.0;3.0;-20.88834;55.44453;2024-11-18 08:57:00
202400019305.0;3;93;93072;2;3;2.0;3.0;48.947676;2.386373;2024-03-11 18:05:00
202400019306.0;1;51;51161;1;1;2.0;7.0;49.045696;4.174461;2024-06-29 17:58:00
202400019307.0;1;973;97302;1;6;1.0;3.0;4.89674;-52.32858;2024-11-18 16:00:00
202400019308.0;3;56;56005;2;1;1.0;6.0;47.546386;-2.893803;2024-06-29 01:30:00
202400019309.0;1;93;93062;2;2;8.0;3.0;48.90125;2.51241;2024-03-11 09:00:00
202400019310.0;1;76;76400;2;1;1.0;6.0;49.828709;0.912509;2024-06-29 17:45:00
202400019311.0;1;973;97302;2;1;1.0;3.0;4.93701;-52.31502;2024-11-18 08:20:00
202400019312.0;2;973;97302;1;1;1.0;6.0;4.89791;-52.32753;2024-11-18 05:28:00
202400019313.0;3;79;79329;1;1;2.0;6.0;46.945077;-0.241624;2024-06-30 00:38:00
202400019314.0;1;93;93046;2;2;1.0;1.0;48.92445;2.52253;2024-03-11 07:00:00
202400019315.0;1;973;97302;2;1;1.0;7.0;4.92906;-52.29553;2024-11-17 07:30:00
202400019316.0;5;80;80186;2;1;1.0;7.0;49.807828;2.800806;2024-06-30 02:45:00
202400019317.0;1;82;82112;2;1;1.0;6.0;44.114578;1.121877;2024-06-29 16:30:00
202400019318.0;1;93;93032;2;2;1.0;3.0;48.87299646;2.55608261;2024-03-09 12:00:00
202400019319.0;2;972;97213;1;1;3.0;6.0;14.63791;-61.00986;2024-11-17 19:43:00
202400019320.0;5;93;93008;2;7;2.0;6.0;48.90565;2.46944;2024-03-11 19:55:00
202400019321.0;1;82;82094;2;3;1.0;6.0;44.252102;1.134945;2024-06-29 18:00:00
202400019322.0;1;2B;2B033;2;1;1.0;3.0;42.66492;9.44272;2024-11-18 07:15:00
202400019323.0;1;82;82155;1;1;1.0;7.0;44.146609;1.795616;2024-06-30 11:30:00
202400019324.0;5;93;93005;2;3;1.0;3.0;48.948685;2.502873;2024-03-11 21:10:00
202400019325.0;5;971;97101;1;1;1.0;2.0;16.23827;-61.52291;2024-11-17 01:20:00
202400019326.0;5;92;92049;2;1;1.0;6.0;48.81002781;2.31874752;2024-03-11 01:15:00
202400019327.0;5;971;97101;1;1;1.0;7.0;16.24822;-61.52726;2024-11-16 18:20:00
202400019328.0;1;69;69066;1;1;1.0;5.0;46.0821358;4.31167979;2024-04-11 16:15:00
202400019329.0;1;92;92036;2;2;2.0;6.0;48.92123124;2.29943705;2024-03-11 19:01:00
202400019330.0;4;971;97101;1;1;1.0;6.0;16.2539;-61.54016;2024-11-16 18:45:00
202400019331.0;1;61;61081;2;1;3.0;1.0;48.65173;0.194095;2024-06-29 14:45:00
202400019332.0;1;92;92035;2;1;8.0;6.0;48.90652245;2.25570345;2024-03-11 18:45:00
202400019333.0;5;971;97120;1;1;1.0;2.0;16.23316;-61.53172;2024-11-15 23:40:00
202400019334.0;1;42;42246;1;1;1.0;2.0;45.319276;4.625585;2024-06-23 17:40:00
202400019335.0;1;92;92024;2;1;1.0;6.0;48.90306934;2.31065798;2024-03-11 11:00:00
202400019336.0;1;92;92007;2;3;1.0;3.0;48.79591561;2.29379421;2024-03-11 08:15:00
202400019337.0;3;44;44153;1;6;1.0;2.0;47.683058;-1.446494;2024-06-29 01:25:00
202400019338.0;5;95;95127;2;3;2.0;6.0;49.04512588;2.03807294;2024-11-18 19:00:00
202400019339.0;1;29;29236;1;1;1.0;6.0;47.86251625;-3.71396426;2024-06-28 19:25:00
202400019340.0;2;38;38408;1;1;1.0;6.0;45.589473;5.027527;2024-06-28 20:20:00
202400019341.0;3;85;85191;1;1;8.0;4.0;46.6783;-1.4527;2024-11-18 18:05:00
202400019342.0;3;62;62100;2;3;2.0;3.0;50.4246369;1.91557938;2024-03-10 02:00:00
202400019343.0;1;83;83137;2;2;1.0;6.0;43.1285;5.92461;2024-11-18 08:20:00
202400019344.0;1;1;1007;2;6;1.0;6.0;46.009031;5.362186;2024-03-12 11:00:00
202400019345.0;1;85;85008;1;1;3.0;7.0;46.62735582;-1.43314503;2024-06-29 09:37:00
202400019346.0;1;83;83129;2;9;1.0;6.0;43.07075;5.79457;2024-11-14 16:12:00
202400019347.0;1;76;76728;1;1;1.0;6.0;49.480512;1.008843;2024-03-11 17:10:00
202400019348.0;1;83;83139;1;1;1.0;7.0;43.597316;6.284252;2024-06-30 18:00:00
202400019349.0;1;81;81004;2;6;1.0;3.0;43.926029;2.130745;2024-11-18 17:45:00
202400019350.0;5;76;76210;2;2;2.0;1.0;49.860523;1.203035;2024-03-11 19:00:00
202400019351.0;3;64;64046;1;1;2.0;7.0;43.28134766;-1.13151938;2024-06-30 02:50:00
202400019352.0;4;78;78621;2;2;2.0;6.0;48.779543;1.99079;2024-11-18 19:50:00
202400019353.0;1;974;97412;2;9;1.0;6.0;-21.379407;55.61857;2024-03-12 17:10:00
202400019354.0;2;10;10326;1;1;6.0;7.0;48.454339;4.494824;2024-06-29 19:30:00
202400019355.0;1;83;83036;1;1;1.0;2.0;43.16541329;6.50201394;2024-03-12 08:10:00
202400019356.0;5;77;77284;2;6;3.0;3.0;48.96261;2.87585;2024-11-18 17:15:00
202400019357.0;3;36;36213;2;6;2.0;6.0;46.64564801;0.96386254;2024-06-30 00:30:00
202400019358.0;5;77;77058;2;1;3.0;6.0;48.83363;2.71059;2024-11-18 20:01:00
202400019359.0;1;84;84099;1;1;1.0;2.0;43.874834;5.089095;2024-03-12 08:20:00
202400019360.0;1;7;7052;1;1;1.0;7.0;44.944344;4.748384;2024-06-30 18:10:00
202400019361.0;1;77;77320;2;1;8.0;6.0;48.8144;3.07104;2024-11-14 15:30:00
202400019362.0;1;4;4141;1;1;1.0;7.0;44.008404;5.687184;2024-06-30 15:14:00
202400019363.0;1;38;38226;2;1;3.0;1.0;44.81752;5.7617;2024-03-10 14:56:00
202400019364.0;5;76;76351;2;1;1.0;6.0;49.49961;0.12949;2024-11-15 18:15:00
202400019365.0;1;74;74225;2;6;1.0;6.0;45.864777;5.940083;2024-03-11 10:25:00
202400019366.0;1;4;4172;2;2;1.0;1.0;43.826919;6.129132;2024-06-30 09:45:00
202400019367.0;1;4;4135;1;1;1.0;6.0;43.846119;6.20322;2024-06-30 14:15:00
202400019368.0;3;33;33236;1;1;2.0;6.0;44.779284;-1.167169;2024-03-10 00:40:00
202400019369.0;1;76;76351;2;9;1.0;3.0;49.49635311;0.15737117;2024-11-14 08:53:00
202400019370.0;1;4;4024;1;1;1.0;1.0;44.216959;6.36162;2024-06-30 11:35:00
202400019371.0;1;11;11027;1;1;1.0;1.0;43.186318;2.506127;2024-03-12 11:40:00
202400019372.0;1;71;71076;2;1;1.0;6.0;46.7871;4.85463;2024-11-18 08:50:00
202400019373.0;1;17;17327;1;2;1.0;1.0;46.076595;-0.601137;2024-06-28 16:20:00
202400019374.0;1;41;41139;1;4;1.0;6.0;47.252648;1.515909;2024-03-11 14:15:00
202400019375.0;1;17;17139;1;1;1.0;7.0;46.127434;-0.582254;2024-06-28 19:45:00
202400019376.0;1;29;29097;2;1;1.0;3.0;48.486889;-4.038152;2024-03-11 17:45:00
202400019377.0;1;17;17017;1;1;1.0;7.0;45.934378;-0.696688;2024-06-30 08:20:00
202400019378.0;5;70;70550;2;6;2.0;6.0;47.631313;6.16557;2024-11-18 17:38:00
202400019379.0;1;38;38022;1;1;1.0;6.0;45.664383;5.569366;2024-03-12 10:40:00
202400019380.0;1;87;87036;1;3;1.0;3.0;45.685111;0.967666;2024-06-30 15:41:00
202400019381.0;1;58;58024;1;1;2.0;6.0;47.14319;3.622785;2024-03-12 16:45:00
202400019382.0;5;64;64445;2;1;1.0;2.0;43.29244;-0.3635;2024-11-18 18:24:00
202400019383.0;1;5;5046;2;3;1.0;6.0;44.562989;6.493188;2024-03-12 14:00:00
202400019384.0;1;37;37213;1;2;1.0;1.0;47.64192759;0.49843901;2024-06-30 16:45:00
202400019385.0;1;64;64445;2;1;1.0;3.0;43.29808;-0.3655;2024-11-18 11:30:00
202400019386.0;3;18;18058;2;1;1.0;7.0;46.857121;2.31419;2024-03-10 23:10:00
202400019387.0;3;973;97307;1;2;1.0;6.0;4.834631;-52.325274;2024-06-29 20:34:00
202400019388.0;1;64;64129;2;1;1.0;6.0;43.31741;-0.37838;2024-11-18 09:10:00
202400019389.0;4;43;43025;1;1;8.0;6.0;45.26240414;4.10395846;2024-03-12 02:40:00
202400019390.0;1;67;67389;2;1;1.0;6.0;48.649501;7.730019;2024-06-30 10:30:00
202400019391.0;5;64;64445;2;3;1.0;1.0;43.29886;-0.34515;2024-11-18 07:00:00
202400019392.0;3;10;10107;1;1;2.0;2.0;48.07172;3.817202;2024-03-11 21:10:00
202400019393.0;1;62;62510;2;1;2.0;6.0;50.43453;2.79164;2024-11-14 14:20:00
202400019394.0;1;16;16153;1;1;1.0;2.0;45.667178;-0.181105;2024-03-12 11:30:00
202400019395.0;1;17;17226;1;1;3.0;7.0;45.934826;-0.563951;2024-06-29 17:00:00
202400019396.0;5;62;62193;2;1;2.0;3.0;50.94467;1.90455;2024-11-18 22:05:00
202400019397.0;1;13;13103;1;1;1.0;1.0;43.629327;5.126023;2024-06-30 08:15:00
202400019398.0;1;53;53195;1;2;1.0;5.0;48.176908;-0.679361;2024-03-11 12:15:00
202400019399.0;3;971;97128;1;1;1.0;6.0;16.255343;-61.327572;2024-06-18 21:00:00
202400019400.0;2;60;60159;1;1;1.0;6.0;49.4018;2.85463;2024-11-17 08:15:00
202400019401.0;2;53;53122;1;1;2.0;6.0;48.247669;-0.528846;2024-03-12 06:15:00
202400019402.0;1;17;17430;1;2;1.0;3.0;45.379007;-0.523739;2024-03-11 14:35:00
202400019403.0;1;971;97111;1;1;1.0;1.0;16.343336;-61.771998;2024-06-29 10:00:00
202400019404.0;3;56;56121;2;1;1.0;5.0;47.74842;-3.38709;2024-11-17 00:51:00
202400019405.0;1;30;30249;1;1;1.0;2.0;43.801711;4.216508;2024-03-10 16:10:00
202400019406.0;1;971;97106;1;1;7.0;6.0;16.169114;-61.776488;2024-06-29 17:30:00
202400019407.0;1;33;33099;2;1;1.0;6.0;44.819111;-0.473067;2024-06-24 16:30:00
202400019408.0;3;40;40295;1;1;4.0;4.0;44.412509;-0.81934;2024-02-23 20:35:00
202400019409.0;1;33;33245;1;1;1.0;6.0;44.810118;-0.41728;2024-06-28 17:10:00
202400019410.0;2;56;56098;2;3;1.0;4.0;47.76528;-3.35851;2024-11-16 18:35:00
202400019411.0;1;66;66065;2;6;1.0;2.0;42.601912;2.976887;2024-06-29 16:00:00
202400019412.0;1;1;1450;1;1;1.0;2.0;45.903725;5.230833;2024-03-12 16:30:00
202400019413.0;1;56;56098;2;1;1.0;6.0;47.77321;-3.34751;2024-11-15 12:30:00
202400019414.0;2;5;5038;1;1;1.0;6.0;44.76766193;6.8318587;2024-06-30 05:10:00
202400019415.0;1;33;33122;1;1;1.0;2.0;44.713013;-0.745955;2024-03-12 09:20:00
202400019416.0;5;50;50147;2;1;3.0;6.0;49.06022;-1.435;2024-11-18 17:45:00
202400019417.0;1;976;97607;1;1;1.0;5.0;-12.846485;45.182894;2024-03-12 05:45:00
202400019418.0;1;49;49099;2;3;1.0;3.0;47.06086;-0.87195;2024-11-15 16:05:00
202400019419.0;1;26;26072;1;1;1.0;6.0;45.106954;4.883519;2024-06-30 18:45:00
202400019420.0;2;49;49007;2;1;1.0;6.0;47.47161;-0.54329;2024-11-17 18:23:00
202400019421.0;1;52;52488;2;1;1.0;1.0;47.99142;5.285185;2024-06-29 10:50:00
202400019422.0;3;49;49267;2;1;1.0;2.0;47.469624;-0.447801;2024-11-17 02:50:00
202400019423.0;4;971;97115;1;1;1.0;6.0;16.261162;-61.634704;2024-03-10 22:00:00
202400019424.0;1;16;16163;1;1;1.0;5.0;45.6725;0.0025;2024-06-30 16:30:00
202400019425.0;1;972;97228;2;1;1.0;2.0;14.7941;-61.015411;2024-03-12 06:45:00
202400019426.0;1;47;47001;2;4;1.0;2.0;44.19463;0.64275;2024-11-18 12:30:00
202400019427.0;1;33;33233;1;1;1.0;6.0;45.152249;-0.360541;2024-06-30 13:35:00
202400019428.0;1;95;95462;1;1;1.0;7.0;49.12908036;1.70857811;2024-03-10 18:00:00
202400019429.0;5;45;45068;2;1;2.0;1.0;48.01022;2.72426;2024-11-18 18:12:00
202400019430.0;2;33;33498;1;1;5.0;6.0;44.577538;-0.88382;2024-06-24 07:05:00
202400019431.0;1;57;57260;1;1;1.0;2.0;49.13298275;7.03816355;2024-03-11 08:13:00
202400019432.0;1;42;42170;1;1;1.0;6.0;46.03836;4.14142;2024-11-18 12:50:00
202400019433.0;5;22;22044;2;1;1.0;3.0;48.48947;-2.595649;2024-06-29 23:35:00
202400019434.0;5;73;73089;2;2;1.0;6.0;45.52874957;6.14860223;2024-03-07 19:00:00
202400019435.0;3;40;40192;2;1;1.0;1.0;43.89382;-0.52116;2024-11-14 18:33:00
202400019436.0;1;27;27358;1;1;1.0;6.0;49.047748;1.305122;2024-06-30 07:27:00
202400019437.0;1;38;38537;2;1;1.0;6.0;45.62504;5.153438;2024-03-12 16:15:00
202400019438.0;5;33;33281;2;6;1.0;2.0;44.8135;-0.713648;2024-11-18 20:00:00
202400019439.0;2;69;69276;1;1;1.0;2.0;45.68684;4.86654;2024-06-29 05:50:00
202400019440.0;1;33;33227;2;1;2.0;5.0;44.545692;-0.263153;2024-03-04 16:30:00
202400019441.0;1;33;33065;1;6;1.0;3.0;44.81292;-0.52369;2024-11-18 15:50:00
202400019442.0;1;61;61271;2;6;1.0;6.0;48.610738;-0.118231;2024-03-11 14:25:00
202400019443.0;1;91;91434;1;1;1.0;5.0;48.66815;2.35502;2024-06-29 16:45:00
202400019444.0;1;50;50099;1;2;2.0;3.0;49.305916;-1.262934;2024-03-12 13:00:00
202400019445.0;1;33;33075;2;2;1.0;5.0;44.87964;-0.62678;2024-11-18 08:25:00
202400019446.0;1;91;91216;1;1;1.0;4.0;48.68289;2.32955;2024-06-29 11:40:00
202400019447.0;1;60;60612;2;2;8.0;6.0;49.2017611;2.58236256;2024-02-09 13:20:00
202400019448.0;1;31;31555;2;1;1.0;3.0;43.60925;1.44497;2024-11-18 09:45:00
202400019449.0;1;92;92060;1;1;1.0;4.0;48.77452416;2.2403496;2024-06-28 19:01:00
202400019450.0;5;29;29232;2;1;2.0;2.0;47.982836;-4.11053639;2024-11-18 19:05:00
202400019451.0;1;95;95394;1;1;1.0;7.0;49.05163571;2.18238207;2024-06-28 15:55:00
202400019452.0;3;27;27229;2;1;1.0;3.0;49.0186409;1.1432768;2024-11-17 18:58:00
202400019453.0;5;25;25031;2;9;1.0;6.0;47.4872;6.84226;2024-11-18 19:30:00
202400019454.0;3;13;13005;1;1;2.0;2.0;43.28629;5.56839;2024-03-10 23:27:00
202400019455.0;1;57;57067;1;1;1.0;6.0;49.31680228;6.18267235;2024-03-10 15:44:00
202400019456.0;1;33;33487;1;1;3.0;6.0;44.954;-0.4563;2024-03-11 09:50:00
202400019457.0;3;33;33090;1;1;1.0;6.0;44.76603;-0.670969;2024-03-10 02:50:00
202400019458.0;5;21;21231;2;2;1.0;3.0;47.318695;5.051453;2024-11-16 22:35:00
202400019459.0;3;91;91521;1;1;1.0;7.0;48.63201;2.40076;2024-03-11 02:24:00
202400019460.0;1;17;17415;2;1;8.0;3.0;45.740796;-0.6293;2024-11-18 13:30:00
202400019461.0;5;14;14069;2;3;2.0;7.0;49.1301;0.26626;2024-11-18 06:50:00
202400019462.0;3;92;92036;1;1;2.0;6.0;48.93513721;2.26665421;2024-03-10 02:30:00
202400019463.0;5;14;14117;2;6;1.0;3.0;49.287623;-0.123162;2024-11-08 18:39:00
202400019464.0;1;92;92036;1;1;3.0;2.0;48.93865784;2.29531682;2024-03-09 18:10:00
202400019465.0;1;13;13213;2;1;1.0;6.0;43.33164201;5.40857186;2024-11-18 08:20:00
202400019466.0;3;93;93029;1;1;1.0;6.0;48.92609879;2.42244591;2024-03-11 04:40:00
202400019467.0;1;6;6069;1;1;1.0;6.0;43.65995;6.91067;2024-11-18 16:14:00
202400019468.0;1;44;44109;2;1;1.0;2.0;47.21434644;-1.57108324;2024-02-19 13:00:00
202400019469.0;2;6;6069;2;1;1.0;7.0;43.6377;6.95048;2024-11-18 08:30:00
202400019470.0;2;6;6029;2;1;1.0;7.0;43.56091;7.01675;2024-11-13 08:00:00
202400019471.0;1;44;44109;2;1;8.0;6.0;47.20935906;-1.55579709;2024-02-15 15:35:00
202400019472.0;1;44;44020;1;1;8.0;6.0;47.17832732;-1.60917412;2024-02-14 10:10:00
202400019473.0;1;4;4112;2;1;1.0;2.0;43.82844;5.78745;2024-11-16 13:00:00
202400019474.0;3;60;60374;1;1;2.0;7.0;49.566934;2.512543;2024-11-19 20:00:00
202400019475.0;2;44;44109;2;6;8.0;7.0;47.21200631;-1.54377339;2024-02-14 06:56:00
202400019476.0;5;35;35328;2;1;5.0;1.0;47.775603;-2.081764;2024-11-04 19:40:00
202400019477.0;5;44;44109;2;6;8.0;6.0;47.22971689;-1.57232438;2024-02-14 23:25:00
202400019478.0;2;44;44109;2;1;8.0;3.0;47.22799848;-1.54964502;2024-02-13 08:30:00
202400019479.0;3;14;14162;1;3;2.0;2.0;48.927392;-0.506699;2024-11-18 06:45:00
202400019480.0;4;33;33327;2;6;1.0;6.0;44.647472;-0.351364;2024-11-18 22:00:00
202400019481.0;2;44;44143;2;6;8.0;6.0;47.18865639;-1.55093624;2024-02-13 19:00:00
202400019482.0;1;974;97416;2;2;1.0;3.0;-21.33692;55.46433;2024-03-10 19:30:00
202400019483.0;1;69;69277;2;1;2.0;7.0;45.71863278;4.99235987;2024-11-19 08:00:00
202400019484.0;1;972;97213;2;1;3.0;6.0;14.63037;-60.9878;2024-03-10 08:45:00
202400019485.0;2;23;23245;1;1;8.0;1.0;46.191647;1.806116;2024-11-18 18:45:00
202400019486.0;5;972;97209;1;1;1.0;6.0;14.61466;-61.04921;2024-03-09 22:10:00
202400019487.0;2;86;86066;2;1;3.0;6.0;46.792785;0.587023;2024-03-08 17:30:00
202400019488.0;1;56;56240;1;1;2.0;7.0;47.522055;-2.769188;2024-11-18 13:20:00
202400019489.0;1;83;83069;2;3;1.0;3.0;43.095;6.1312;2024-03-10 11:45:00
202400019490.0;3;81;81144;1;1;2.0;2.0;43.97056;2.183;2024-03-10 20:05:00
202400019491.0;5;67;67463;2;9;2.0;6.0;48.895696;8.096141;2024-11-18 17:25:00
202400019492.0;5;77;77373;2;1;3.0;6.0;48.80319027;2.61070344;2024-03-09 19:00:00
202400019493.0;1;65;65460;1;3;1.0;2.0;43.401711;0.053515;2024-11-16 12:30:00
202400019494.0;3;65;65296;1;1;1.0;6.0;43.557902;-0.046349;2024-11-16 18:50:00
202400019495.0;1;77;77284;2;1;2.0;3.0;48.95315;2.88535;2024-03-09 16:45:00
202400019496.0;1;63;63393;2;2;1.0;6.0;45.889344;3.591827;2024-11-19 15:30:00
202400019497.0;1;77;77186;1;1;1.0;3.0;48.350868;2.695821;2024-03-10 16:20:00
202400019498.0;1;76;76429;2;6;1.0;1.0;49.40897;1.1404;2024-03-10 12:45:00
202400019499.0;2;61;61405;1;1;2.0;6.0;48.299239;0.756683;2024-11-19 07:25:00
202400019500.0;1;76;76212;2;6;1.0;6.0;49.44055044;1.14551575;2024-03-09 16:30:00
202400019501.0;3;12;12122;1;1;1.0;6.0;44.014299;3.118529;2024-11-03 02:42:00
202400019502.0;1;71;71486;2;1;1.0;2.0;46.64270114;4.35123704;2024-03-10 13:10:00
202400019503.0;5;42;42097;2;1;1.0;3.0;45.501584;4.312051;2024-11-18 18:00:00
202400019504.0;1;69;69271;2;1;1.0;6.0;45.73743;4.95589;2024-03-09 17:20:00
202400019505.0;2;68;68201;2;1;3.0;6.0;47.772697;7.001601;2024-11-19 17:12:00
202400019506.0;1;65;65286;2;1;1.0;6.0;43.09426;-0.04649;2024-03-09 17:55:00
202400019507.0;3;44;44220;1;1;1.0;6.0;47.1997;-1.866989;2024-11-17 19:25:00
202400019508.0;1;63;63113;2;1;1.0;2.0;45.77605667;3.09735596;2024-03-10 11:35:00
202400019509.0;1;35;35243;1;2;2.0;1.0;48.378366;-1.255869;2024-11-18 10:45:00
202400019510.0;1;84;84089;2;6;1.0;6.0;43.682053;5.50043;2024-11-18 10:05:00
202400019511.0;3;15;15225;1;1;2.0;1.0;45.199042;2.82104;2024-11-18 18:10:00
202400019512.0;5;62;62178;2;3;2.0;3.0;50.47556405;2.55465683;2024-03-10 22:00:00
202400019513.0;3;1;1272;1;1;2.0;1.0;46.157096;4.997022;2024-11-19 06:36:00
202400019514.0;1;59;59367;2;1;1.0;6.0;50.67531;3.22915;2024-03-10 16:53:00
202400019515.0;1;72;72217;1;1;1.0;7.0;48.06544179;0.22423267;2024-11-14 13:45:00
202400019516.0;1;59;59163;2;2;2.0;1.0;50.669;3.155;2024-03-10 13:50:00
202400019517.0;3;83;83083;1;1;1.0;7.0;43.469494;6.114213;2024-11-18 23:30:00
202400019518.0;1;59;59183;2;9;1.0;3.0;51.0282;2.3507;2024-03-09 09:55:00
202400019519.0;1;36;36121;1;1;1.0;3.0;46.83044857;1.95368822;2024-11-14 15:05:00
202400019520.0;1;54;54149;2;1;1.0;6.0;49.42908;5.93088;2024-03-10 11:30:00
202400019521.0;1;85;85006;1;1;2.0;7.0;46.785562;-1.7467;2024-11-19 08:30:00
202400019522.0;1;46;46042;2;1;3.0;6.0;44.45143;1.44005;2024-03-08 10:20:00
202400019523.0;5;987;98715;2;1;1.0;2.0;-17.584;-149.56;2024-11-16 19:20:00
202400019524.0;1;72;72353;1;1;2.0;6.0;48.17936113;0.779454;2024-11-18 12:47:00
202400019525.0;1;971;97112;1;1;1.0;6.0;15.925986;-61.318474;2024-11-19 15:30:00
202400019526.0;2;28;28372;1;1;1.0;7.0;48.63868;1.591301;2024-11-09 19:45:00
202400019527.0;1;83;83079;1;1;1.0;1.0;43.227933;6.510226;2024-11-19 12:30:00
202400019528.0;5;26;26179;1;6;1.0;6.0;45.06787317;4.87121344;2024-11-18 18:50:00
202400019529.0;1;54;54557;1;6;1.0;3.0;48.69253736;6.05065584;2024-11-15 11:00:00
202400019530.0;5;38;38316;2;1;1.0;6.0;45.755893;5.183697;2024-11-13 19:20:00
202400019531.0;3;85;85088;2;9;8.0;6.0;46.719621;-1.901076;2024-11-19 07:45:00
202400019532.0;1;44;44210;2;1;2.0;6.0;47.289695;-2.209239;2024-11-18 13:35:00
202400019533.0;3;59;59263;1;6;3.0;2.0;50.32596;3.109657;2024-11-18 06:44:00
202400019534.0;1;13;13088;1;1;7.0;2.0;43.3800571;5.22169349;2024-11-18 13:00:00
202400019535.0;3;91;91235;1;1;2.0;4.0;48.6261;2.3542;2024-11-18 21:00:00