Num_Acc;lum;departement;commune;agglomeration;intersection;meteo;type_collision;lat;long;date
202400019536.0;2;78;78133;1;1;1.0;4.0;48.89338;2.00816;2024-11-17 17:32:00
202400019537.0;3;78;78455;1;1;1.0;5.0;48.860341;2.047954;2024-11-17 18:21:00
202400019538.0;3;92;92050;1;1;1.0;3.0;48.9144637;2.21961284;2024-11-16 18:45:00
202400019539.0;5;93;93039;1;1;1.0;2.0;48.92667897;2.33583977;2024-11-18 02:00:00
202400019540.0;1;94;94018;1;1;1.0;2.0;48.81739541;2.41619825;2024-04-17 10:55:00
202400019541.0;1;94;94018;1;1;1.0;7.0;48.82194249;2.39804712;2024-04-17 09:10:00
202400019542.0;1;87;87085;2;1;2.0;1.0;45.81024;1.2396;2024-02-16 17:50:00
202400019543.0;5;76;76351;2;2;1.0;1.0;49.49555;0.14715;2024-02-17 18:05:00
202400019544.0;1;30;30189;2;1;1.0;7.0;43.8231;4.3281;2024-02-16 09:40:00
202400019545.0;5;6;6123;2;3;1.0;3.0;43.6742262;7.1895346;2024-02-17 21:05:00
202400019546.0;1;987;98736;2;1;1.0;7.0;-17.541346;-149.569749;2024-04-12 07:50:00
202400019547.0;1;974;97411;2;6;1.0;2.0;-20.9009;55.48717;2024-04-17 12:20:00
202400019548.0;1;973;97302;2;2;2.0;5.0;4.94163733;-52.33113572;2024-04-17 15:30:00
202400019549.0;1;69;69383;2;2;1.0;3.0;45.75705988;4.85850589;2024-04-17 18:25:00
202400019550.0;1;69;69386;2;1;1.0;3.0;45.77133;4.84099;2024-04-17 06:20:00
202400019551.0;2;69;69149;2;2;8.0;3.0;45.7025;4.8318;2024-04-17 06:30:00
202400019552.0;1;971;97101;1;1;1.0;6.0;16.26486;-61.48855;2024-04-14 08:00:00
202400019553.0;1;971;97101;2;1;1.0;6.0;16.27524;-61.50686;2024-01-10 10:00:00
202400019554.0;3;95;95018;2;3;1.0;1.0;48.94245232;2.25668288;2024-04-17 22:10:00
202400019555.0;5;91;91027;2;2;1.0;5.0;48.71615;2.37085;2024-04-17 00:15:00
202400019556.0;1;91;91174;2;3;1.0;6.0;48.60385;2.4899;2024-04-16 12:15:00
202400019557.0;1;89;89387;1;1;1.0;6.0;48.19089;3.31216;2024-04-17 10:15:00
202400019558.0;1;84;84007;1;1;1.0;3.0;43.88931;4.91483;2024-04-17 14:25:00
202400019559.0;1;83;83129;1;1;1.0;2.0;43.10613;5.81519;2024-04-16 15:00:00
202400019560.0;5;82;82121;2;1;1.0;6.0;44.04947704;1.33242273;2024-04-18 02:35:00
202400019561.0;5;77;77438;2;1;8.0;6.0;48.85991;2.67226;2024-04-17 03:00:00
202400019562.0;5;69;69256;2;1;2.0;7.0;45.78827599;4.93314251;2024-04-17 21:56:00
202400019563.0;1;67;67462;2;3;1.0;3.0;48.25768;7.45864;2024-04-16 12:15:00
202400019564.0;5;64;64335;2;6;1.0;3.0;43.31823;-0.42459;2024-04-18 22:20:00
202400019565.0;1;64;64269;2;9;2.0;3.0;43.28874;-0.31209;2024-04-17 08:25:00
202400019566.0;1;59;59205;2;3;1.0;3.0;50.32399;3.34298;2024-04-17 18:30:00
202400019567.0;1;59;59360;2;1;8.0;6.0;50.61368;3.00637;2024-04-17 19:00:00
202400019568.0;1;50;50129;2;1;1.0;3.0;49.64366;-1.62564;2024-04-15 18:15:00
202400019569.0;1;49;49267;1;1;1.0;2.0;47.47561;-0.50384;2024-04-17 09:10:00
202400019570.0;1;49;49007;2;1;1.0;3.0;47.46331;-0.52901;2024-04-16 16:52:00
202400019571.0;5;45;45234;2;3;8.0;4.0;47.906391;1.907094;2024-04-17 20:40:00
202400019572.0;1;45;45075;2;1;1.0;2.0;47.88729;1.83863;2024-04-17 11:05:00
202400019573.0;3;42;42187;2;1;2.0;6.0;46.03865731;4.06417689;2024-04-17 03:20:00
202400019574.0;1;41;41018;2;1;1.0;2.0;47.6139;1.33036;2024-04-16 14:10:00
202400019575.0;1;974;97413;2;1;1.0;1.0;-21.196876;55.328286;2024-12-24 09:15:00
202400019576.0;1;37;37261;2;2;1.0;3.0;47.40728;0.68505;2024-04-17 12:58:00
202400019577.0;2;67;67472;2;1;2.0;6.0;48.829495;7.965519;2024-12-23 16:30:00
202400019578.0;1;35;35278;1;1;2.0;4.0;48.15688;-1.6991;2024-04-17 12:38:00
202400019579.0;3;15;15108;1;1;4.0;6.0;44.919476;3.213673;2024-12-23 19:00:00
202400019580.0;1;19;19028;2;1;1.0;6.0;45.38998334;2.49439825;2024-12-24 14:30:00
202400019581.0;5;34;34172;2;3;1.0;3.0;43.63226;3.84324;2024-04-17 21:05:00
202400019582.0;1;33;33162;2;1;1.0;3.0;44.88945;-0.649054;2024-04-17 18:50:00
202400019583.0;1;33;33529;2;1;1.0;2.0;44.63215;-1.1465;2024-04-17 09:30:00
202400019584.0;1;56;56206;1;1;8.0;5.0;47.671269;-2.725157;2024-12-24 10:00:00
202400019585.0;5;31;31555;2;3;2.0;3.0;43.57902;1.43685;2024-04-16 23:40:00
202400019586.0;3;79;79147;1;1;1.0;7.0;46.663899;-0.5317;2024-12-23 22:17:00
202400019587.0;3;79;79007;1;1;8.0;1.0;46.556942;-0.413532;2024-12-23 19:30:00
202400019588.0;5;27;27229;2;6;2.0;6.0;49.02053;1.181999;2024-04-18 00:50:00
202400019589.0;1;2A;2A271;2;1;1.0;1.0;41.954272;8.792517;2024-10-14 11:35:00
202400019590.0;1;27;27229;2;1;1.0;6.0;49.02844;1.15279;2024-04-17 12:00:00
202400019591.0;1;32;32051;1;1;8.0;6.0;43.532224;0.892199;2024-12-23 11:40:00
202400019592.0;1;14;14366;2;1;1.0;2.0;49.150128;0.257229;2024-04-17 13:50:00
202400019593.0;1;89;89460;2;2;1.0;3.0;48.335238;3.064196;2024-12-23 13:11:00
202400019594.0;5;14;14366;2;1;1.0;6.0;49.14053;0.23181;2024-04-17 02:00:00
202400019595.0;1;13;13071;2;1;1.0;3.0;43.4025;5.27457;2024-04-17 14:00:00
202400019596.0;1;61;61050;1;3;2.0;2.0;48.439614;0.733444;2024-12-24 13:10:00
202400019597.0;1;13;13117;2;1;1.0;2.0;43.44222;5.2589;2024-04-17 08:00:00
202400019598.0;3;12;12056;1;6;5.0;3.0;44.284095;2.426015;2024-12-24 17:45:00
202400019599.0;1;13;13215;2;1;1.0;2.0;43.34;5.34;2024-03-15 14:15:00
202400019600.0;3;44;44175;1;1;2.0;6.0;47.390781;-2.319301;2024-12-23 19:50:00
202400019601.0;1;13;13215;2;1;1.0;6.0;43.33;5.36;2024-04-17 10:40:00
202400019602.0;1;13;13206;2;9;1.0;3.0;43.3;5.4;2024-04-16 12:00:00
202400019603.0;3;14;14601;2;1;6.0;6.0;49.283862;0.207453;2024-12-22 20:00:00
202400019604.0;1;10;10081;2;1;1.0;6.0;48.3044;4.0325;2024-04-14 15:40:00
202400019605.0;3;9;9139;1;1;4.0;1.0;42.586728;1.795862;2024-12-22 10:43:00
202400019606.0;1;10;10387;2;4;1.0;7.0;48.28601;4.07537;2024-04-16 09:47:00
202400019607.0;3;64;64206;1;1;8.0;1.0;43.071713;-0.606077;2024-12-23 19:30:00
202400019608.0;3;40;40211;1;1;1.0;6.0;43.651479;-1.184378;2024-12-18 21:10:00
202400019609.0;5;6;6088;2;2;1.0;3.0;43.68175;7.21475;2024-04-18 01:12:00
202400019610.0;1;6;6088;2;8;1.0;6.0;43.674942;7.227116;2024-04-17 16:15:00
202400019611.0;3;85;85084;1;1;2.0;3.0;46.7791;-1.21655;2024-12-20 22:29:00
202400019612.0;1;5;5061;2;1;1.0;3.0;44.55965;6.07582;2024-04-13 16:40:00
202400019613.0;1;85;85135;2;1;1.0;7.0;46.53814;-1.23049;2024-12-23 16:25:00
202400019614.0;2;27;27243;1;1;2.0;1.0;49.409036;0.302285;2024-12-24 08:00:00
202400019615.0;1;2;2408;2;1;1.0;3.0;49.5671;3.6296;2024-04-17 12:20:00
202400019616.0;3;27;27157;1;1;2.0;1.0;48.877523;1.002792;2024-12-23 18:00:00
202400019617.0;3;1;1289;1;1;1.0;3.0;46.17916;5.22834;2024-04-17 20:50:00
202400019618.0;1;10;10084;1;1;4.0;7.0;48.401087;4.150214;2024-12-22 14:23:00
202400019619.0;5;75;75116;2;1;2.0;3.0;48.872906;2.274447;2024-04-16 19:30:00
202400019620.0;3;1;1089;1;1;1.0;2.0;45.947703;5.299487;2024-12-24 19:45:00
202400019621.0;3;75;75120;2;3;2.0;3.0;48.854378;2.412901;2024-04-16 23:15:00
202400019622.0;1;75;75119;2;4;8.0;6.0;48.889263;2.371489;2024-04-17 13:21:00
202400019623.0;3;72;72360;1;1;1.0;5.0;48.04554169;0.10761336;2024-12-24 18:05:00
202400019624.0;1;75;75115;2;2;1.0;3.0;48.834699;2.305161;2024-04-17 09:30:00
202400019625.0;1;6;6088;1;1;1.0;2.0;43.716489;7.213495;2024-12-24 11:50:00
202400019626.0;1;75;75114;2;3;2.0;6.0;48.826891;2.326536;2024-04-17 12:25:00
202400019627.0;2;49;49068;1;1;1.0;6.0;47.432965;-0.873241;2024-12-22 17:34:00
202400019628.0;3;33;33552;1;1;2.0;2.0;44.63337776;-0.41564121;2024-12-23 22:30:00
202400019629.0;1;75;75114;2;2;2.0;7.0;48.843001;2.326326;2024-04-16 11:20:00
202400019630.0;2;33;33005;2;1;1.0;6.0;44.745308;-1.093692;2024-12-23 17:15:00
202400019631.0;1;75;75113;2;2;1.0;6.0;48.828474;2.372949;2024-04-17 10:00:00
202400019632.0;1;987;98747;1;1;1.0;3.0;-17.730458;-149.28817;2024-12-24 08:00:00
202400019633.0;1;94;94017;2;1;2.0;6.0;48.81262;2.532572;2024-04-17 15:20:00
202400019634.0;5;34;34213;1;1;1.0;6.0;43.469755;3.675678;2024-12-21 01:12:00
202400019635.0;1;93;93070;2;1;8.0;6.0;48.91587164;2.33084679;2024-04-17 18:00:00
202400019636.0;1;93;93039;2;9;9.0;7.0;48.93572744;2.33786774;2024-04-17 18:00:00
202400019637.0;1;13;13100;1;2;1.0;3.0;43.805962;4.833244;2024-12-23 12:00:00
202400019638.0;5;93;93064;2;3;1.0;6.0;48.867566;2.486136;2024-04-17 06:00:00
202400019639.0;1;13;13066;2;9;1.0;1.0;43.877831;4.903851;2024-12-23 10:17:00
202400019640.0;2;93;93032;2;1;1.0;2.0;48.86743431;2.55828738;2024-04-16 19:30:00
202400019641.0;1;89;89380;1;1;2.0;6.0;48.064429;3.108616;2024-12-21 15:00:00
202400019642.0;1;93;93008;2;1;1.0;3.0;48.903417;2.440044;2024-04-17 09:15:00
202400019643.0;2;65;65193;1;9;1.0;1.0;42.987888;0.572987;2024-01-30 07:45:00
202400019644.0;4;57;57069;1;1;2.0;1.0;49.273408;6.638012;2024-12-24 18:15:00
202400019645.0;2;93;93008;2;1;8.0;6.0;48.9084;2.45142;2024-04-17 06:30:00
202400019646.0;5;38;38524;2;1;3.0;6.0;45.097874;5.681841;2024-12-23 18:06:00
202400019647.0;3;14;14411;1;2;1.0;3.0;48.966833;-0.402276;2024-01-29 18:30:00
202400019648.0;1;92;92064;2;1;7.0;6.0;48.83800427;2.22152925;2024-04-17 08:50:00
202400019649.0;3;17;17409;1;1;1.0;1.0;45.691088;-0.996323;2024-12-23 17:57:00
202400019650.0;3;17;17172;1;3;1.0;4.0;45.557662;-0.668551;2024-01-27 18:25:00
202400019651.0;1;92;92063;2;9;1.0;3.0;48.8739564;2.17809319;2024-04-17 12:35:00
202400019652.0;1;86;86137;2;3;1.0;3.0;47.021571;0.080182;2024-12-23 16:50:00
202400019653.0;2;91;91666;1;1;1.0;1.0;48.685046;2.239553;2024-01-29 19:10:00
202400019654.0;1;92;92062;2;1;2.0;4.0;48.87681774;2.24080503;2024-04-17 14:30:00
202400019655.0;3;85;85226;1;1;1.0;1.0;46.7351;-1.95865;2024-12-20 02:05:00
202400019656.0;1;44;44149;1;1;1.0;7.0;47.470045;-1.588501;2024-01-28 11:55:00
202400019657.0;1;44;44215;1;1;1.0;1.0;47.147323;-1.468875;2024-12-24 15:20:00
202400019658.0;1;92;92025;2;2;1.0;3.0;48.93428637;2.25587833;2024-04-17 08:00:00
202400019659.0;3;22;22339;1;1;2.0;6.0;48.48067;-2.064384;2024-12-23 21:00:00
202400019660.0;1;8;8313;2;3;8.0;7.0;49.512222;4.299903;2024-04-17 18:55:00
202400019661.0;5;62;62297;2;3;1.0;3.0;50.809881;2.149415;2024-01-29 18:15:00
202400019662.0;3;60;60589;1;1;2.0;4.0;49.20522;2.464682;2024-12-24 17:15:00
202400019663.0;3;43;43038;1;1;1.0;1.0;45.34545;3.348668;2024-04-17 19:30:00
202400019664.0;4;56;56222;1;1;1.0;6.0;47.815132;-2.729111;2024-01-28 00:15:00
202400019665.0;3;56;56101;1;1;1.0;6.0;47.826424;-3.200734;2024-01-30 00:40:00
202400019666.0;1;28;28201;1;1;2.0;1.0;48.514213;1.517859;2024-04-17 17:10:00
202400019667.0;3;13;13203;1;1;1.0;4.0;43.30602;5.37488;2024-12-13 17:16:00
202400019668.0;3;87;87148;1;1;1.0;1.0;45.726375;1.343851;2024-04-17 02:54:00
202400019669.0;1;76;76449;1;1;1.0;1.0;49.674849;1.13892;2024-01-30 14:15:00
202400019670.0;1;33;33443;1;1;1.0;6.0;44.651925;-0.048902;2024-01-29 13:12:00
202400019671.0;5;13;13214;1;1;6.0;3.0;43.32987658;5.3943572;2024-12-20 05:07:00
202400019672.0;1;59;59016;1;4;1.0;3.0;50.967657;2.363927;2024-04-18 10:27:00
202400019673.0;1;69;69070;2;1;1.0;1.0;46.013427;4.371743;2024-01-30 12:55:00
202400019674.0;5;83;83137;1;1;6.0;2.0;43.12529939;5.90724511;2024-12-23 04:35:00
202400019675.0;3;69;69109;1;9;2.0;6.0;46.14548896;4.62458077;2024-01-27 03:52:00
202400019676.0;3;30;30125;1;6;1.0;3.0;43.777319;4.429137;2024-04-17 22:20:00
202400019677.0;1;49;49069;1;1;1.0;6.0;47.328381;-1.289354;2024-01-30 17:30:00
202400019678.0;1;89;89239;2;3;1.0;3.0;48.169792;3.344226;2024-04-12 11:35:00
202400019679.0;1;12;12045;2;1;1.0;7.0;44.228204;2.443387;2024-01-30 14:45:00
202400019680.0;1;57;57412;1;1;1.0;4.0;49.114878;6.160769;2024-12-18 12:25:00
202400019681.0;1;76;76163;1;9;7.0;2.0;49.51720486;1.32626081;2024-04-18 13:30:00
202400019682.0;1;46;46330;1;3;1.0;3.0;44.946139;1.703412;2024-01-28 12:35:00
202400019683.0;1;2B;2B063;1;7;1.0;6.0;42.364327;9.365657;2024-04-18 15:30:00
202400019684.0;2;84;84079;1;1;1.0;3.0;44.051647;5.331566;2024-01-28 16:50:00
202400019685.0;3;78;78133;1;1;2.0;5.0;48.88759;2.01172;2024-12-21 21:30:00
202400019686.0;1;80;80737;2;2;1.0;3.0;50.025379;3.045675;2024-04-18 10:30:00
202400019687.0;3;92;92025;1;1;2.0;2.0;48.93269508;2.24971309;2024-12-21 21:20:00
202400019688.0;3;3;3319;1;2;1.0;3.0;46.322927;3.085871;2024-01-30 01:20:00
202400019689.0;3;78;78217;1;1;2.0;6.0;48.96358966;1.82797822;2024-12-21 18:06:00
202400019690.0;1;33;33547;2;1;1.0;1.0;44.466196;-0.368211;2024-04-17 19:10:00
202400019691.0;1;3;3301;1;1;1.0;7.0;46.432633;2.592039;2024-01-30 14:30:00
202400019692.0;3;93;93013;1;1;9.0;2.0;48.94129741;2.42739109;2024-12-23 00:10:00
202400019693.0;1;6;6079;2;1;1.0;2.0;43.565399;6.949252;2024-01-30 09:50:00
202400019694.0;1;63;63085;1;1;1.0;1.0;45.88545602;2.86874099;2024-04-18 09:00:00
202400019695.0;4;75;75120;1;1;1.0;7.0;48.86366908;2.41323762;2024-12-23 00:45:00
202400019696.0;1;14;14209;1;1;1.0;2.0;49.25509641;-0.82330942;2024-01-29 12:20:00
202400019697.0;2;61;61327;1;1;1.0;6.0;48.445781;0.409617;2024-04-17 20:45:00
202400019698.0;3;92;92036;1;1;1.0;7.0;48.93900272;2.29566479;2024-12-23 00:40:00
202400019699.0;1;14;14454;1;1;1.0;7.0;49.152624;-0.476586;2024-01-30 15:40:00
202400019700.0;3;95;95018;1;1;1.0;6.0;48.94970996;2.28053232;2024-12-22 22:10:00
202400019701.0;2;61;61210;1;1;1.0;6.0;48.68722;-0.112073;2024-04-18 06:20:00
202400019702.0;1;44;44143;2;1;7.0;6.0;47.18455846;-1.5593829;2024-12-04 11:00:00
202400019703.0;2;18;18005;1;1;1.0;4.0;47.173962;2.195034;2024-01-30 17:50:00
202400019704.0;1;44;44109;2;1;1.0;3.0;47.22901;-1.562292;2024-12-04 12:35:00
202400019705.0;1;43;43087;1;1;1.0;3.0;45.21346204;4.38146741;2024-01-29 15:45:00
202400019706.0;1;44;44143;2;1;1.0;7.0;47.196791;-1.5622026;2024-12-04 14:10:00
202400019707.0;2;44;44109;2;1;1.0;6.0;47.20841795;-1.53050982;2024-12-03 08:00:00
202400019708.0;1;36;36006;2;1;1.0;6.0;46.588568;1.513963;2024-01-30 10:30:00
202400019709.0;1;44;44116;2;3;1.0;3.0;47.285867;-2.022729;2024-04-17 08:00:00
202400019710.0;2;44;44162;2;1;1.0;1.0;47.2238555;-1.67045482;2024-12-02 09:00:00
202400019711.0;1;44;44190;2;1;2.0;7.0;47.197082;-1.519114;2024-11-27 12:10:00
202400019712.0;1;24;24229;1;1;1.0;1.0;45.129773;1.240146;2024-01-30 12:00:00
202400019713.0;1;29;29205;1;1;1.0;4.0;48.3183329;-3.52066677;2024-04-18 17:00:00
202400019714.0;1;57;57463;2;1;8.0;6.0;49.110554;6.174677;2024-09-08 07:00:00
202400019715.0;1;29;29011;1;1;1.0;1.0;48.436412;-4.531292;2024-04-17 16:15:00
202400019716.0;1;49;49163;1;2;2.0;3.0;47.557747;-0.229573;2024-01-30 10:25:00
202400019717.0;1;973;97302;2;3;2.0;3.0;4.9175023;-52.31282777;2024-12-22 14:39:00
202400019718.0;1;1;1320;2;1;1.0;3.0;46.318978;4.878117;2024-04-16 15:30:00
202400019719.0;5;973;97302;2;1;1.0;3.0;4.94071;-52.30466;2024-12-21 23:10:00
202400019720.0;1;6;6088;1;1;1.0;4.0;43.722513;7.223167;2024-01-24 07:25:00
202400019721.0;3;85;85146;1;1;1.0;1.0;46.935;-1.273144;2024-04-17 23:47:00
202400019722.0;5;69;69388;2;1;2.0;3.0;45.72838972;4.87714963;2024-12-22 19:00:00
202400019723.0;1;64;64314;1;1;2.0;1.0;43.230227;-1.101894;2024-04-17 13:35:00
202400019724.0;2;38;38239;1;1;1.0;2.0;45.337811;5.543461;2024-01-30 07:30:00
202400019725.0;5;69;69383;2;2;1.0;6.0;45.75994;4.84236;2024-12-22 03:22:00
202400019726.0;5;972;97213;2;1;1.0;3.0;14.62476;-61.01859;2024-12-21 22:02:00
202400019727.0;1;45;45302;1;1;2.0;3.0;47.94921152;1.84878743;2024-01-26 11:20:00
202400019728.0;1;36;36064;1;1;1.0;4.0;46.82897089;1.79660528;2024-04-07 10:20:00
202400019729.0;3;988;98813;1;1;1.0;6.0;-21.715241;165.846509;2024-01-29 02:30:00
202400019730.0;2;69;69382;2;3;1.0;2.0;45.7558;4.83549;2024-12-22 07:35:00
202400019731.0;1;27;27425;1;3;1.0;3.0;49.149293;0.665123;2024-04-18 14:30:00
202400019732.0;3;56;56260;2;1;1.0;7.0;47.64378;-2.77119;2024-09-08 00:46:00
202400019733.0;5;2B;2B037;2;9;1.0;5.0;42.62868;9.43776;2024-12-22 06:17:00
202400019734.0;1;17;17434;1;1;1.0;3.0;46.113944;-0.735655;2024-04-16 16:30:00
202400019735.0;3;971;97107;1;1;1.0;2.0;16.051361;-61.57073;2024-01-29 20:10:00
202400019736.0;1;971;97105;2;1;1.0;6.0;16.00833;-61.74008;2024-12-22 12:55:00
202400019737.0;1;17;17323;1;2;1.0;3.0;46.018132;-1.389556;2024-04-17 12:00:00
202400019738.0;5;2A;2A004;2;1;1.0;6.0;41.94182;8.74989;2024-12-21 17:45:00
202400019739.0;1;2B;2B042;2;9;1.0;3.0;42.563099;9.446303;2024-01-29 16:40:00
202400019740.0;1;56;56121;2;6;1.0;3.0;47.76009;-3.38971;2024-09-07 09:00:00
202400019741.0;1;13;13058;1;3;1.0;3.0;43.709998;4.80006;2024-04-17 14:35:00
202400019742.0;2;84;84054;1;9;1.0;1.0;43.896972;5.046571;2024-01-30 18:10:00
202400019743.0;4;91;91228;1;1;2.0;5.0;48.63618901;2.41663277;2024-12-22 17:55:00
202400019744.0;5;54;54528;2;1;1.0;6.0;48.67685;5.88309;2024-09-07 02:35:00
202400019745.0;1;974;97423;2;9;1.0;3.0;-21.122401;55.264734;2024-04-18 08:34:00
202400019746.0;1;974;97423;1;1;1.0;7.0;-21.11540161;55.27142555;2024-04-17 16:00:00
202400019747.0;3;13;13093;2;3;1.0;3.0;43.687028;5.394883;2024-01-28 18:00:00
202400019748.0;5;89;89338;1;9;2.0;3.0;48.222;3.28796;2024-12-21 18:35:00
202400019749.0;3;34;34058;1;1;1.0;7.0;43.683701;4.004259;2024-04-18 04:56:00
202400019750.0;1;13;13015;2;6;1.0;1.0;43.462755;5.409007;2024-01-30 11:10:00
202400019751.0;4;54;54395;2;1;2.0;6.0;48.6768;6.20118;2024-09-08 01:00:00
202400019752.0;1;6;6021;2;1;1.0;6.0;43.857098;7.182682;2024-04-17 20:15:00
202400019753.0;1;38;38317;2;1;1.0;6.0;45.134904;5.701276;2024-01-28 15:40:00
202400019754.0;1;88;88417;1;1;1.0;3.0;48.329001;6.64234;2024-04-14 09:15:00
202400019755.0;5;81;81065;2;3;2.0;3.0;43.605157;2.23716;2024-12-22 17:55:00
202400019756.0;1;81;81128;2;1;1.0;6.0;43.666907;2.344581;2024-01-30 08:15:00
202400019757.0;1;54;54300;1;1;1.0;2.0;48.641974;6.261391;2024-09-07 13:10:00
202400019758.0;5;79;79191;2;1;5.0;7.0;46.33263;-0.45711;2024-12-21 08:30:00
202400019759.0;1;69;69131;1;1;3.0;1.0;45.695479;4.684601;2024-04-17 11:15:00
202400019760.0;3;72;72016;1;1;9.0;7.0;47.875339;-0.341842;2024-01-11 07:41:00
202400019761.0;1;44;44009;1;1;2.0;6.0;47.22922;-1.46892;2024-09-07 18:35:00
202400019762.0;2;44;44179;1;1;1.0;1.0;47.359918;-1.455002;2024-04-15 21:50:00
202400019763.0;3;22;22136;1;1;1.0;6.0;48.181322;-2.731283;2024-01-30 19:20:00
202400019764.0;2;29;29042;1;1;1.0;6.0;48.260627;-4.477444;2024-04-17 07:10:00
202400019765.0;1;37;37261;2;1;1.0;6.0;47.38944;0.68327;2024-09-06 17:20:00
202400019766.0;5;76;76596;2;4;1.0;7.0;49.528899;0.253437;2024-01-29 20:00:00
202400019767.0;1;76;76540;1;1;1.0;3.0;49.43894;1.11594;2024-12-22 15:40:00
202400019768.0;1;29;29032;2;1;1.0;1.0;47.91472231;-4.0715717;2024-04-16 13:30:00
202400019769.0;1;60;60022;1;1;1.0;6.0;49.221644;2.49542;2024-04-17 19:15:00
202400019770.0;5;76;76217;2;1;2.0;1.0;49.92181;1.0837;2024-12-21 00:10:00
202400019771.0;5;60;60628;2;2;1.0;2.0;49.415001;2.162633;2024-01-29 18:36:00
202400019772.0;1;35;35051;1;1;1.0;7.0;48.1469;-1.59269;2024-09-07 14:00:00
202400019773.0;1;80;80561;1;1;1.0;3.0;49.642463;2.577785;2024-04-18 18:10:00
202400019774.0;1;83;83137;1;1;1.0;6.0;43.12237943;5.95668833;2024-01-29 13:00:00
202400019775.0;1;62;62386;2;2;3.0;3.0;50.45225;2.75189;2024-12-21 16:00:00
202400019776.0;1;59;59139;2;1;1.0;2.0;50.131228;3.423798;2024-04-17 18:15:00
202400019777.0;1;54;54027;1;9;1.0;2.0;48.89230805;6.10099554;2024-01-25 11:05:00
202400019778.0;2;62;62239;2;1;2.0;4.0;50.9383698;1.8123064;2024-12-20 15:30:00
202400019779.0;1;35;35278;1;1;1.0;2.0;48.14216;-1.69721;2024-09-07 09:50:00
202400019780.0;3;92;92072;1;1;1.0;2.0;48.81977963;2.21805485;2024-04-17 00:15:00
202400019781.0;5;60;60057;2;2;3.0;6.0;49.43192;2.08976;2024-12-22 03:12:00
202400019782.0;1;54;54312;1;1;1.0;6.0;48.93247124;6.11168146;2024-01-27 09:10:00
202400019783.0;3;93;93007;1;1;2.0;2.0;48.94359133;2.43603045;2024-04-17 00:37:00
202400019784.0;1;54;54280;2;1;1.0;6.0;49.2235208;6.00858539;2024-12-21 15:02:00
202400019785.0;1;33;33192;1;1;1.0;2.0;44.789634;-0.617348;2024-01-29 14:03:00
202400019786.0;1;33;33162;1;1;1.0;3.0;44.87605;-0.66058;2024-09-07 18:45:00
202400019787.0;1;50;50218;2;1;1.0;6.0;48.83744;-1.59781;2024-12-22 16:30:00
202400019788.0;1;77;77373;1;1;1.0;2.0;48.785527;2.616883;2024-04-17 18:45:00
202400019789.0;2;31;31555;2;1;1.0;6.0;43.5824;1.41055;2024-09-07 20:00:00
202400019790.0;1;49;49099;1;1;1.0;1.0;47.08696;-0.85086;2024-12-20 13:10:00
202400019791.0;1;94;94069;1;9;1.0;2.0;48.81731094;2.44243718;2024-04-17 09:55:00
202400019792.0;1;44;44152;1;1;8.0;7.0;47.47474646;-2.00682949;2024-01-16 17:30:00
202400019793.0;3;35;35334;1;1;2.0;6.0;48.14494745;-1.58997595;2024-12-22 21:20:00
202400019794.0;1;74;74298;2;3;1.0;6.0;46.18813;6.268868;2024-02-16 16:45:00
202400019795.0;1;31;31555;2;1;1.0;3.0;43.62731;1.44551;2024-09-06 17:30:00
202400019796.0;5;988;98818;2;1;1.0;7.0;-22.29636;166.44021;2024-02-17 19:19:00
202400019797.0;1;34;34301;2;3;1.0;3.0;43.41053;3.67763;2024-12-22 09:00:00
202400019798.0;5;988;98818;2;6;1.0;6.0;-22.26021;166.44441;2024-01-27 23:50:00
202400019799.0;1;34;34301;2;1;1.0;3.0;43.42015;3.71698;2024-12-21 11:50:00
202400019800.0;1;28;28070;1;1;1.0;3.0;48.46927;1.52422;2024-08-29 14:11:00
202400019801.0;5;34;34172;2;1;1.0;1.0;43.57522;3.85608;2024-12-22 05:00:00
202400019802.0;3;974;97416;2;3;3.0;3.0;-21.34072;55.4691;2024-01-28 18:20:00
202400019803.0;1;974;97416;1;1;1.0;5.0;-21.33227;55.45823;2024-02-16 15:20:00
202400019804.0;1;33;33281;2;1;2.0;6.0;44.82939;-0.66243;2024-12-22 15:30:00
202400019805.0;3;26;26058;2;1;1.0;6.0;44.94472;4.88737;2024-09-07 04:55:00
202400019806.0;1;976;97611;2;1;1.0;6.0;-12.78785;45.22451;2024-04-16 12:55:00
202400019807.0;1;974;97409;2;3;1.0;3.0;-20.96364;55.65617;2024-01-28 10:15:00
202400019808.0;1;976;97611;1;1;1.0;3.0;-12.75857;45.231;2024-04-15 17:05:00
202400019809.0;1;33;33069;2;3;1.0;3.0;44.86251;-0.58461;2024-12-22 11:50:00
202400019810.0;5;30;30007;2;1;1.0;7.0;44.11919;4.08706;2024-12-21 17:50:00
202400019811.0;1;973;97302;2;2;1.0;2.0;4.94437727;-52.3098591;2024-01-28 09:14:00
202400019812.0;5;973;97302;2;1;1.0;7.0;4.9338005;-52.33300388;2024-01-28 03:35:00
202400019813.0;3;974;97416;2;1;1.0;4.0;-21.33179;55.45764;2024-04-16 20:26:00
202400019814.0;1;972;97209;2;1;1.0;2.0;14.62963;-61.05834;2024-01-28 10:45:00
202400019815.0;1;30;30007;2;1;1.0;5.0;44.11328;4.09407;2024-12-21 12:20:00
202400019816.0;5;25;25031;2;2;3.0;5.0;47.47886;6.84244;2024-09-07 21:12:00
202400019817.0;1;25;25462;2;1;4.0;6.0;46.90615;6.36249;2024-12-22 08:40:00