Num_Acc;lum;departement;commune;agglomeration;intersection;meteo;type_collision;lat;long;date
202400019818.0;1;972;97209;1;1;1.0;6.0;14.63443;-61.05472;2024-01-27 14:30:00
202400019819.0;1;974;97411;2;1;1.0;1.0;-20.87431;55.44694;2024-04-16 15:50:00
202400019820.0;1;18;18033;2;6;1.0;6.0;47.09106;2.39368;2024-12-17 10:19:00
202400019821.0;3;22;22360;1;6;1.0;6.0;48.48863;-2.762334;2024-09-08 01:15:00
202400019822.0;3;84;84035;1;1;1.0;7.0;43.819;5.053;2024-01-27 05:50:00
202400019823.0;1;974;97411;2;1;1.0;1.0;-20.90283;55.48753;2024-04-16 11:15:00
202400019824.0;5;13;13202;2;1;1.0;7.0;43.29725;5.36336;2024-12-22 07:10:00
202400019825.0;1;974;97411;2;3;1.0;3.0;-20.87246;55.44968;2024-04-16 07:35:00
202400019826.0;1;7;7019;2;1;1.0;6.0;44.61514;4.40096;2024-12-21 10:00:00
202400019827.0;1;83;83009;2;3;1.0;3.0;43.13629;5.7574;2024-01-28 15:20:00
202400019828.0;1;22;22360;2;6;1.0;2.0;48.48803;-2.74026;2024-09-07 14:20:00
202400019829.0;5;75;75105;2;5;3.0;6.0;48.836873;2.3521858;2024-12-22 02:15:00
202400019830.0;1;974;97411;2;1;1.0;2.0;-20.88884;55.47529;2024-04-15 16:45:00
202400019831.0;1;78;78146;2;1;1.0;3.0;48.89918;2.14694;2024-01-28 11:30:00
202400019832.0;1;75;75116;2;2;3.0;1.0;48.84377;2.269981;2024-12-22 13:05:00
202400019833.0;5;69;69382;2;1;1.0;3.0;45.75364162;4.83401209;2024-04-12 05:28:00
202400019834.0;5;75;75112;2;3;2.0;1.0;48.846081;2.376007;2024-12-22 03:00:00
202400019835.0;2;16;16089;1;3;1.0;3.0;45.66884;-0.32084;2024-09-07 20:25:00
202400019836.0;1;971;97113;2;9;1.0;3.0;16.21443421;-61.43896401;2024-04-16 15:10:00
202400019837.0;1;75;75108;2;3;2.0;6.0;48.871934;2.301181;2024-12-22 16:23:00
202400019838.0;5;13;13026;1;1;1.0;1.0;43.39457;5.12705;2024-09-07 03:30:00
202400019839.0;3;971;97101;1;1;1.0;6.0;16.25371;-61.54037;2024-01-09 22:26:00
202400019840.0;1;77;77276;1;1;1.0;6.0;48.91484166;2.87834706;2024-01-28 09:27:00
202400019841.0;1;75;75108;2;3;1.0;7.0;48.871005;2.303461;2024-12-22 12:00:00
202400019842.0;5;971;97113;1;1;1.0;3.0;16.21806;-61.4988;2024-01-28 02:45:00
202400019843.0;5;13;13208;2;1;1.0;3.0;43.27909;5.38287;2024-09-07 01:07:00
202400019844.0;1;77;77268;2;3;1.0;6.0;48.86177532;2.82269132;2024-01-27 17:00:00
202400019845.0;1;2A;2A004;2;6;1.0;7.0;41.92681;8.73481;2024-04-16 13:19:00
202400019846.0;5;75;75103;2;3;3.0;7.0;48.8595;2.367676;2024-12-22 01:10:00
202400019847.0;5;76;76540;2;3;1.0;6.0;49.44526;1.07326;2024-01-29 01:45:00
202400019848.0;1;95;95018;2;1;1.0;6.0;48.94171235;2.20674244;2024-02-19 09:30:00
202400019849.0;5;94;94033;2;1;2.0;6.0;48.85239;2.48655;2024-12-22 19:00:00
202400019850.0;3;13;13004;1;1;1.0;2.0;43.65967;4.64385;2024-09-07 02:10:00
202400019851.0;3;76;76451;1;1;1.0;2.0;49.47796;1.09405;2024-01-28 18:15:00
202400019852.0;1;94;94017;2;2;1.0;3.0;48.81929;2.51472;2024-12-22 12:00:00
202400019853.0;1;74;74281;2;1;1.0;6.0;46.36836;6.4797;2024-01-28 11:15:00
202400019854.0;5;13;13001;2;5;6.0;7.0;43.52895;5.42388;2024-09-07 01:56:00
202400019855.0;5;93;93066;2;3;2.0;1.0;48.946;2.36626;2024-12-22 06:51:00
202400019856.0;5;91;91691;2;1;2.0;4.0;48.707;2.4968;2024-02-18 18:50:00
202400019857.0;1;69;69266;2;2;1.0;3.0;45.75818;4.89325;2024-01-28 10:15:00
202400019858.0;5;93;93046;2;1;2.0;6.0;48.91315909;2.53814523;2024-12-22 02:47:00
202400019859.0;2;81;81065;2;1;1.0;3.0;43.5979;2.2299;2024-04-05 07:18:00
202400019860.0;1;11;11069;1;1;1.0;4.0;43.227005;2.330462;2024-09-06 17:40:00
202400019861.0;1;64;64125;2;1;1.0;2.0;43.43772;-1.5908;2024-01-28 16:40:00
202400019862.0;1;93;93006;2;3;2.0;6.0;48.8781;2.42135;2024-12-22 16:09:00
202400019863.0;5;93;93031;2;1;2.0;1.0;48.95432789;2.31743932;2024-12-22 18:56:00
202400019864.0;1;64;64024;2;2;1.0;1.0;43.49355076;-1.51005685;2024-01-27 15:00:00
202400019865.0;1;7;7102;2;6;1.0;3.0;44.93769;4.86319;2024-09-07 11:20:00
202400019866.0;5;77;77373;2;6;6.0;6.0;48.776743;2.595548;2024-04-16 03:14:00
202400019867.0;1;26;26083;1;1;2.0;1.0;45.249517;4.947367;2024-12-23 13:40:00
202400019868.0;1;71;71047;2;1;1.0;6.0;46.624504;3.756621;2024-12-23 14:00:00
202400019869.0;1;77;77014;2;1;1.0;1.0;48.41691;2.72528;2024-04-15 13:00:00
202400019870.0;1;63;63032;2;1;1.0;5.0;45.74983;3.09318;2024-01-28 11:55:00
202400019871.0;5;6;6088;2;2;1.0;2.0;43.69475;7.2611;2024-09-07 04:45:00
202400019872.0;1;95;95487;2;1;1.0;6.0;49.1544309;2.26948669;2024-12-23 09:20:00
202400019873.0;1;62;62907;1;9;1.0;3.0;50.4849148;2.98326248;2024-01-28 15:25:00
202400019874.0;1;74;74298;2;1;1.0;5.0;46.19107;6.2558;2024-04-16 16:45:00
202400019875.0;1;77;77505;1;1;1.0;7.0;48.914483;2.976812;2024-12-23 12:00:00
202400019876.0;1;6;6069;2;1;1.0;6.0;43.64081;6.91118;2024-09-07 08:49:00
202400019877.0;1;14;14027;2;1;1.0;6.0;49.02504417;-0.63257036;2024-12-23 10:35:00
202400019878.0;1;62;62498;2;3;1.0;3.0;50.43700404;2.79716009;2024-01-27 16:30:00
202400019879.0;1;72;72181;2;3;1.0;3.0;48.00213;0.20721;2024-04-15 14:30:00
202400019880.0;1;62;62193;2;1;1.0;6.0;50.94645;1.89674;2024-01-26 16:10:00
202400019881.0;3;87;87019;1;1;3.0;6.0;45.747821;1.339645;2024-12-22 17:18:00
202400019882.0;1;72;72181;2;6;1.0;3.0;48.00207;0.17464;2024-04-15 08:30:00
202400019883.0;1;4;4070;2;9;1.0;5.0;44.09317;6.23553;2024-09-06 10:15:00
202400019884.0;3;42;42271;1;1;2.0;6.0;45.479931;4.579132;2024-12-23 21:05:00
202400019885.0;2;59;59279;2;3;1.0;6.0;50.78447;3.12811;2024-01-27 17:15:00
202400019886.0;1;71;71499;2;1;1.0;1.0;46.66307182;4.3227607;2024-04-16 19:47:00
202400019887.0;3;19;19147;2;4;1.0;6.0;45.070069;1.49112;2024-12-22 18:35:00
202400019888.0;1;75;75116;2;1;1.0;2.0;48.837187;2.255484;2024-09-06 12:20:00
202400019889.0;5;59;59009;2;1;1.0;1.0;50.61803;3.15781;2024-01-28 21:33:00
202400019890.0;1;65;65307;1;1;5.0;7.0;43.069172;0.548965;2024-12-17 10:15:00
202400019891.0;1;69;69282;2;2;1.0;3.0;45.76203068;5.0132215;2024-04-16 19:00:00
202400019892.0;1;59;59648;1;1;1.0;6.0;50.592026;3.051658;2024-01-28 15:40:00
202400019893.0;1;63;63050;2;3;8.0;6.0;45.414878;3.331261;2024-12-22 15:30:00
202400019894.0;1;69;69259;2;2;1.0;6.0;45.70614;4.87791;2024-04-16 12:20:00
202400019895.0;1;75;75118;2;7;8.0;3.0;48.896008;2.345979;2024-09-07 16:13:00
202400019896.0;5;59;59122;2;2;1.0;3.0;50.176678;3.22226;2024-01-28 06:04:00
202400019897.0;1;69;69199;2;3;1.0;6.0;45.71170345;4.84191787;2024-04-15 18:00:00
202400019898.0;1;63;63126;1;1;1.0;1.0;45.690623;3.154353;2024-12-23 13:15:00
202400019899.0;5;75;75114;2;1;1.0;2.0;48.822948;2.312951;2024-09-07 01:15:00
202400019900.0;1;61;61404;1;1;1.0;3.0;48.541997;0.514769;2024-12-23 13:40:00
202400019901.0;5;59;59122;2;3;1.0;3.0;50.173461;3.251927;2024-01-27 18:30:00
202400019902.0;2;69;69290;2;2;1.0;3.0;45.71563;4.9619;2024-04-15 06:40:00
202400019903.0;4;61;61486;2;1;2.0;6.0;48.694572;-0.684338;2024-12-20 20:30:00
202400019904.0;1;65;65226;1;1;2.0;7.0;43.22283;0.02699;2024-04-16 19:30:00
202400019905.0;1;59;59431;2;1;1.0;1.0;50.70058;2.84656;2024-01-26 15:50:00
202400019906.0;4;75;75107;2;2;1.0;3.0;48.861156;2.302391;2024-09-06 20:58:00
202400019907.0;2;55;55119;1;1;2.0;2.0;49.373516;5.177307;2024-12-22 08:15:00
202400019908.0;1;64;64189;2;1;2.0;1.0;43.37991102;-1.6691038;2024-04-16 10:54:00
202400019909.0;1;53;53201;2;1;1.0;1.0;48.05864;-0.80781;2024-01-27 11:05:00
202400019910.0;1;46;46185;1;1;2.0;6.0;44.921666;1.62953;2024-12-22 16:45:00
202400019911.0;1;64;64102;2;1;8.0;1.0;43.4962;-1.4896;2024-04-16 16:30:00
202400019912.0;1;35;35238;2;6;1.0;3.0;48.08769288;-1.64478689;2024-01-28 13:25:00
202400019913.0;1;75;75119;2;2;8.0;3.0;48.87558;2.381876;2024-09-07 13:40:00
202400019914.0;3;35;35278;2;1;1.0;6.0;48.139;-1.695;2024-01-28 03:40:00
202400019915.0;3;68;68257;1;1;3.0;6.0;47.498024;7.169437;2024-12-22 06:35:00
202400019916.0;1;64;64102;2;6;1.0;7.0;43.4938;-1.49442;2024-04-16 16:00:00
202400019917.0;1;22;22254;1;1;6.0;1.0;48.688758;-3.283142;2024-12-22 12:10:00
202400019918.0;1;35;35238;2;1;1.0;3.0;48.1206;-1.7114;2024-01-27 17:00:00
202400019919.0;1;75;75116;2;2;1.0;2.0;48.857352;2.264661;2024-09-06 12:45:00
202400019920.0;3;22;22079;2;1;2.0;6.0;48.388891;-2.706177;2024-12-22 21:00:00
202400019921.0;1;64;64024;2;1;8.0;3.0;43.48193;-1.5098;2024-04-16 15:55:00
202400019922.0;1;25;25204;1;1;1.0;3.0;46.9272;6.3581;2024-01-28 11:03:00
202400019923.0;1;44;44025;2;1;7.0;6.0;47.413435;-1.970576;2024-12-23 10:15:00
202400019924.0;1;44;44195;2;1;2.0;7.0;47.370207;-1.951457;2024-12-21 14:30:00
202400019925.0;1;64;64102;2;3;1.0;3.0;43.5097611;-1.44355953;2024-04-15 17:10:00
202400019926.0;1;75;75116;2;3;1.0;3.0;48.864072;2.299486;2024-09-06 15:49:00
202400019927.0;5;13;13208;2;1;1.0;5.0;43.25005;5.37517;2024-01-28 19:30:00
202400019928.0;1;29;29026;2;1;2.0;7.0;48.200983;-4.097621;2024-12-23 15:05:00
202400019929.0;1;63;63113;2;1;1.0;7.0;45.78357;3.07007;2024-04-16 09:00:00
202400019930.0;2;13;13211;2;1;1.0;2.0;43.28141;5.44422;2024-01-28 18:30:00
202400019931.0;1;75;75113;2;3;8.0;6.0;48.829772;2.357105;2024-09-07 15:35:00
202400019932.0;1;59;59507;2;1;8.0;6.0;50.60145;3.09805;2024-04-16 08:20:00
202400019933.0;1;29;29061;1;4;2.0;1.0;48.45377423;-4.47256087;2024-12-20 15:20:00
202400019934.0;1;13;13204;2;9;1.0;1.0;43.31368;5.40592;2024-01-28 17:10:00
202400019935.0;1;59;59183;2;3;6.0;6.0;51.028659;2.351811;2024-04-16 08:30:00
202400019936.0;1;31;31345;1;1;8.0;6.0;43.392395;1.431098;2024-12-23 14:00:00
202400019937.0;5;75;75113;2;2;1.0;3.0;48.833408;2.354196;2024-09-07 01:50:00
202400019938.0;1;59;59178;2;1;1.0;2.0;50.37312;3.06515;2024-04-15 13:45:00
202400019939.0;1;58;58194;2;3;1.0;6.0;46.98987;3.18876;2024-04-16 12:10:00
202400019940.0;1;14;14326;1;1;8.0;1.0;49.17404924;0.30054152;2024-12-22 14:55:00
202400019941.0;1;13;13207;2;1;1.0;3.0;43.27664638;5.37173817;2024-01-26 16:50:00
202400019942.0;1;58;58194;2;1;1.0;6.0;46.99504;3.16349;2024-04-16 08:00:00
202400019943.0;1;50;50031;2;6;1.0;3.0;49.381395;-1.752577;2024-12-23 09:40:00
202400019944.0;1;75;75110;2;1;1.0;6.0;48.878287;2.356567;2024-09-07 10:20:00
202400019945.0;1;13;13208;2;1;1.0;5.0;43.24739;5.37416;2024-01-27 17:00:00
202400019946.0;3;36;36133;1;1;2.0;6.0;46.57615004;1.75881962;2024-12-21 23:30:00
202400019947.0;1;56;56260;2;2;1.0;3.0;47.64302;-2.76076;2024-04-16 16:30:00
202400019948.0;2;13;13047;2;6;1.0;3.0;43.49586;4.98126;2024-01-22 08:10:00
202400019949.0;1;53;53228;1;9;1.0;3.0;48.033115;-0.350919;2024-12-21 15:00:00
202400019950.0;1;54;54174;2;9;1.0;3.0;48.6799;5.87166;2024-04-15 16:07:00
202400019951.0;1;75;75101;2;2;1.0;2.0;48.860112;2.333347;2024-09-07 10:50:00
202400019952.0;3;40;40113;1;1;2.0;6.0;43.721868;-0.935624;2024-12-22 22:15:00
202400019953.0;1;9;9225;2;2;1.0;3.0;43.118843;1.611215;2024-01-28 16:30:00
202400019954.0;1;40;40141;1;1;8.0;6.0;43.725274;-0.806336;2024-12-22 14:40:00
202400019955.0;3;54;54547;2;1;1.0;2.0;48.666799;6.165967;2024-04-15 11:50:00
202400019956.0;1;30;30259;1;1;1.0;6.0;44.101763;4.102471;2024-12-21 07:40:00
202400019957.0;4;75;75118;2;1;1.0;2.0;48.900926;2.358867;2024-01-27 20:15:00
202400019958.0;1;94;94081;2;6;1.0;3.0;48.796137;2.416976;2024-09-06 18:45:00
202400019959.0;2;30;30008;1;1;1.0;1.0;44.202901;4.240677;2024-12-18 17:00:00
202400019960.0;1;75;75118;2;2;1.0;6.0;48.887935;2.332734;2024-01-28 16:18:00
202400019961.0;1;50;50129;2;1;1.0;6.0;49.63843;-1.6105;2024-04-15 15:50:00
202400019962.0;5;75;75113;2;4;1.0;7.0;48.82616095;2.35864145;2024-01-26 06:00:00
202400019963.0;5;94;94068;2;2;1.0;2.0;48.8095;2.50968;2024-09-06 22:25:00
202400019964.0;1;45;45298;2;1;1.0;3.0;47.88562;1.88155;2024-04-16 17:20:00
202400019965.0;1;52;52211;1;1;2.0;5.0;48.31691289;5.1157449;2024-12-22 16:30:00
202400019966.0;5;75;75112;2;3;1.0;6.0;48.839956;2.382324;2024-01-28 21:15:00
202400019967.0;5;987;98734;2;1;1.0;7.0;-17.756166;-149.504571;2024-12-22 19:50:00
202400019968.0;1;45;45234;2;2;1.0;3.0;47.90444;1.913;2024-04-15 17:55:00
202400019969.0;1;93;93073;1;1;1.0;2.0;49.002158;2.536866;2024-09-07 16:05:00
202400019970.0;3;31;31433;1;1;1.0;2.0;43.527774;1.383719;2024-12-15 04:56:00
202400019971.0;1;75;75110;2;3;1.0;6.0;48.874228;2.362861;2024-01-28 14:55:00
202400019972.0;1;38;38185;2;1;2.0;3.0;45.182;5.71;2024-04-16 07:40:00
202400019973.0;3;60;60030;1;9;2.0;2.0;49.32654276;2.09277975;2024-12-22 18:00:00
202400019974.0;3;988;98805;1;1;1.0;6.0;-22.183044;166.433108;2024-12-21 02:20:00
202400019975.0;5;94;94028;2;1;1.0;6.0;48.79202;2.44643;2024-01-28 18:30:00
202400019976.0;1;34;34172;2;2;1.0;1.0;43.57962;3.86912;2024-04-16 18:25:00
202400019977.0;1;1;1067;1;1;4.0;6.0;46.113594;5.488164;2024-12-22 14:00:00
202400019978.0;1;93;93073;2;2;1.0;1.0;48.96483;2.56966;2024-09-06 17:15:00
202400019979.0;1;34;34172;2;1;1.0;6.0;43.61586;3.84192;2024-04-16 12:50:00
202400019980.0;3;42;42279;1;1;3.0;6.0;45.517482;4.267443;2024-12-22 17:10:00
202400019981.0;1;34;34003;2;1;1.0;3.0;43.28858;3.50904;2024-04-16 15:30:00
202400019982.0;4;6;6067;1;9;1.0;5.0;43.784867;7.460017;2024-12-19 17:45:00
202400019983.0;1;93;93070;2;3;1.0;3.0;48.90981408;2.33032197;2024-01-28 11:00:00
202400019984.0;5;93;93032;2;9;1.0;3.0;48.87696;2.54912;2024-09-06 20:50:00
202400019985.0;1;33;33063;1;1;1.0;3.0;44.8793;-0.56398;2024-04-16 14:10:00
202400019986.0;3;988;98824;2;1;2.0;6.0;-20.364549;164.55789;2024-12-21 23:30:00
202400019987.0;5;93;93014;2;4;1.0;7.0;48.91332;2.55373;2024-01-28 00:30:00
202400019988.0;2;33;33097;1;1;1.0;1.0;45.070793;-1.046362;2024-12-22 17:10:00
202400019989.0;1;29;29019;2;2;2.0;6.0;48.381579;-4.487996;2024-04-15 14:10:00
202400019990.0;5;92;92044;2;1;1.0;6.0;48.88655451;2.28447604;2024-01-28 18:10:00
202400019991.0;1;93;93048;2;2;1.0;3.0;48.87106;2.43115;2024-09-07 18:50:00
202400019992.0;1;25;25056;2;1;1.0;6.0;47.2332;6.0146;2024-04-16 14:50:00
202400019993.0;1;77;77031;1;2;1.0;3.0;48.684044;2.936906;2024-12-23 13:40:00
202400019994.0;5;18;18033;2;1;8.0;7.0;47.10411;2.42391;2024-04-15 23:52:00
202400019995.0;1;92;92025;2;2;1.0;3.0;48.92290991;2.24969923;2024-01-28 15:50:00
202400019996.0;3;91;91226;1;4;1.0;6.0;48.505019;2.200323;2024-12-16 23:45:00
202400019997.0;5;13;13208;2;1;1.0;1.0;43.26042911;5.39812561;2024-04-16 23:40:00
202400019998.0;5;92;92024;2;9;1.0;6.0;48.91123;2.31225;2024-01-27 23:45:00
202400019999.0;5;93;93001;2;6;1.0;3.0;48.92195018;2.37420896;2024-09-06 20:48:00
202400020000.0;5;92;92023;2;1;1.0;7.0;48.80427747;2.2580992;2024-01-28 19:30:00
202400020001.0;5;42;42180;1;4;2.0;3.0;45.58952;4.146591;2024-12-23 18:23:00
202400020002.0;1;13;13005;2;1;1.0;2.0;43.28306565;5.59720772;2024-04-15 17:00:00
202400020003.0;2;1;1249;1;1;8.0;7.0;45.86831;4.923549;2024-12-23 16:55:00
202400020004.0;1;71;71166;1;1;1.0;7.0;46.745364;4.058534;2024-01-29 15:10:00
202400020005.0;5;92;92073;2;1;2.0;2.0;48.86819;2.22487;2024-09-07 05:25:00
202400020006.0;1;6;6088;2;1;1.0;3.0;43.69947;7.26044;2024-04-16 09:15:00
202400020007.0;1;1;1160;2;2;1.0;3.0;46.25879;6.112245;2024-12-02 08:15:00
202400020008.0;1;81;81284;2;2;1.0;3.0;43.911068;2.116858;2024-01-29 14:00:00
202400020009.0;1;92;92077;2;1;1.0;2.0;48.82601103;2.19790444;2024-09-07 17:18:00
202400020010.0;1;6;6069;1;1;1.0;5.0;43.63684;6.95661;2024-04-15 10:50:00
202400020011.0;5;69;69112;2;3;2.0;3.0;45.807818;4.664533;2024-12-20 23:35:00
202400020012.0;2;75;75117;2;1;1.0;2.0;48.900558;2.327662;2024-04-16 20:20:00
202400020013.0;1;92;92062;2;9;2.0;2.0;48.89102039;2.23245353;2024-09-07 16:10:00
202400020014.0;1;17;17360;1;1;1.0;1.0;46.165229;-1.333827;2024-12-22 15:17:00
202400020015.0;3;88;88232;1;1;1.0;2.0;48.470844;5.878887;2024-01-28 20:05:00
202400020016.0;1;92;92040;2;1;1.0;7.0;48.82339901;2.26793736;2024-09-07 09:00:00
202400020017.0;1;75;75119;2;1;2.0;2.0;48.900581;2.386129;2024-04-16 11:45:00
202400020018.0;1;61;61074;2;3;2.0;3.0;48.567147;-0.159602;2024-12-22 15:55:00
202400020019.0;3;35;35212;1;1;2.0;6.0;47.89167831;-1.66375011;2024-12-22 22:10:00
202400020020.0;1;75;75113;2;1;1.0;2.0;48.825237;2.385529;2024-04-16 07:30:00
202400020021.0;1;92;92023;2;1;8.0;3.0;48.79265;2.26472;2024-09-07 14:10:00
202400020022.0;1;28;28388;1;1;1.0;5.0;48.390583;1.450812;2024-01-29 08:00:00
202400020023.0;1;75;75105;2;3;1.0;6.0;48.849874;2.349474;2024-04-15 10:40:00
202400020024.0;1;27;27365;1;1;2.0;1.0;49.297801;1.195589;2024-12-22 16:50:00
202400020025.0;1;92;92060;2;1;1.0;3.0;48.77558417;2.25573224;2024-09-06 15:30:00
202400020026.0;3;83;83036;2;3;1.0;6.0;43.194179;6.524999;2024-01-28 19:30:00
202400020027.0;3;27;27213;1;1;6.0;1.0;49.212916;1.541203;2024-12-22 20:10:00
202400020028.0;1;75;75119;2;3;2.0;6.0;48.888769;2.393145;2024-04-16 15:00:00
202400020029.0;1;62;62839;1;1;1.0;6.0;50.14240725;2.9217659;2024-01-29 14:00:00
202400020030.0;3;2A;2A212;1;1;1.0;6.0;42.242411;8.652935;2024-09-08 01:45:00
202400020031.0;2;27;27016;1;9;1.0;3.0;49.23745;1.424124;2024-12-03 16:55:00
202400020032.0;1;75;75119;2;1;2.0;3.0;48.892049;2.381791;2024-04-16 12:55:00
202400020033.0;5;51;51643;1;1;1.0;7.0;49.008878;3.91264;2024-01-13 22:10:00
202400020034.0;3;38;38239;1;1;8.0;6.0;45.326452;5.579773;2024-09-08 03:20:00
202400020035.0;1;42;42322;1;1;1.0;7.0;45.402458;4.532311;2024-09-07 13:00:00
202400020036.0;5;59;59663;2;9;4.0;6.0;50.883062;2.469392;2024-01-18 18:12:00
202400020037.0;1;75;75119;2;3;2.0;2.0;48.901594;2.385489;2024-04-16 09:18:00
202400020038.0;1;59;59400;1;1;2.0;1.0;50.629933;2.666202;2024-12-21 10:29:00
202400020039.0;1;63;63267;1;1;1.0;7.0;45.91123704;3.64526153;2024-01-28 15:30:00
202400020040.0;1;19;19178;1;2;1.0;2.0;45.26978622;1.55974048;2024-08-26 17:30:00
202400020041.0;4;59;59535;2;1;1.0;3.0;50.778861;2.735674;2024-12-22 18:00:00
202400020042.0;1;75;75117;2;3;2.0;4.0;48.880949;2.281252;2024-04-16 18:00:00
202400020043.0;1;63;63040;1;9;2.0;6.0;45.725252;3.351045;2024-09-07 12:45:00
202400020044.0;1;63;63271;1;1;1.0;2.0;45.91956226;3.50986898;2024-01-28 13:50:00
202400020045.0;1;75;75117;2;3;1.0;6.0;48.88802;2.325835;2024-04-16 16:53:00
202400020046.0;3;13;13026;1;1;1.0;2.0;43.40012173;5.09963791;2024-12-21 22:30:00
202400020047.0;3;31;31052;1;1;1.0;6.0;43.401376;1.365631;2024-09-08 04:05:00
202400020048.0;1;49;49132;1;1;1.0;7.0;47.678009;-0.441588;2024-01-28 14:45:00
202400020049.0;1;75;75114;2;3;3.0;6.0;48.82644;2.31019;2024-04-15 16:20:00
202400020050.0;1;3;3127;1;1;2.0;6.0;46.520345;2.720339;2024-09-07 18:40:00
202400020051.0;2;12;12257;1;1;1.0;7.0;44.549194;2.020068;2024-01-28 17:35:00
202400020052.0;1;69;69275;1;1;1.0;4.0;45.77473323;4.98352791;2024-12-11 12:20:00
202400020053.0;1;75;75111;2;1;2.0;3.0;48.860033;2.377661;2024-04-16 09:30:00
202400020054.0;3;18;18248;2;1;8.0;7.0;46.949211;2.435183;2024-09-08 00:30:00
202400020055.0;1;68;68140;1;1;1.0;6.0;47.88869;7.443709;2024-01-29 14:25:00
202400020056.0;1;75;75109;2;2;1.0;6.0;48.87302551;2.32840919;2024-04-16 18:50:00
202400020057.0;1;36;36168;1;9;2.0;6.0;46.52357644;1.2694631;2024-09-07 15:30:00
202400020058.0;1;91;91174;1;1;3.0;5.0;48.6155;2.45441;2024-12-22 15:10:00
202400020059.0;1;44;44069;1;1;1.0;1.0;47.343039;-2.404031;2024-01-28 17:00:00
202400020060.0;1;976;97611;1;1;1.0;3.0;-12.79242;45.22073;2024-07-31 08:00:00
202400020061.0;1;75;75109;2;1;1.0;3.0;48.878875;2.331545;2024-04-16 17:40:00
202400020062.0;1;16;16258;2;6;2.0;2.0;45.473742;0.032959;2024-09-06 16:40:00
202400020063.0;1;91;91521;1;1;2.0;6.0;48.63557;2.40172;2024-12-22 09:00:00
202400020064.0;1;2;2235;1;1;1.0;7.0;49.429465;3.761187;2024-01-28 16:30:00
202400020065.0;2;85;85197;2;1;2.0;6.0;46.894334;-1.421673;2024-09-08 06:45:00
202400020066.0;5;75;75109;2;3;1.0;6.0;48.871076;2.345759;2024-04-15 21:45:00
202400020067.0;1;974;97416;2;3;1.0;3.0;-21.33834;55.4613;2024-07-31 12:50:00
202400020068.0;2;72;72289;1;1;1.0;6.0;48.144019;0.178871;2024-01-27 08:05:00
202400020069.0;3;91;91161;1;1;2.0;4.0;48.69559;2.31797;2024-12-22 02:55:00
202400020070.0;3;973;97309;2;1;1.0;6.0;4.898854;-52.273935;2024-09-08 03:30:00
202400020071.0;1;75;75108;2;4;2.0;3.0;48.871824;2.300875;2024-04-16 18:43:00
202400020072.0;1;974;97411;2;3;1.0;6.0;-20.91873;55.4981;2024-07-31 12:07:00
202400020073.0;1;75;75101;2;3;1.0;6.0;48.865314;2.329783;2024-04-16 11:10:00
202400020074.0;1;14;14614;1;1;1.0;4.0;49.230637;-0.970327;2024-01-28 12:20:00
202400020075.0;2;95;95527;1;1;2.0;2.0;48.98790062;2.50943807;2024-12-22 07:40:00
202400020076.0;1;974;97407;2;9;1.0;3.0;-20.94074;55.29748;2024-07-31 12:05:00
202400020077.0;1;75;75101;2;2;2.0;6.0;48.867532;2.333622;2024-04-15 14:55:00
202400020078.0;1;18;18111;1;1;1.0;7.0;47.290641;2.598095;2024-01-29 10:00:00
202400020079.0;3;93;93078;1;1;2.0;6.0;48.96300436;2.52239723;2024-12-22 05:50:00
202400020080.0;1;38;38485;1;1;1.0;3.0;45.170787;5.649531;2024-09-06 07:42:00
202400020081.0;1;94;94081;2;3;1.0;3.0;48.787932;2.392074;2024-04-16 14:45:00
202400020082.0;3;974;97407;2;1;1.0;1.0;-20.95182458;55.30480313;2024-07-30 18:00:00
202400020083.0;3;93;93005;1;1;1.0;6.0;48.97299672;2.49281358;2024-12-22 03:50:00
202400020084.0;1;18;18223;1;1;1.0;1.0;47.210451;2.394419;2024-01-27 13:55:00
202400020085.0;1;94;94067;2;3;2.0;3.0;48.84592577;2.42304102;2024-04-15 14:09:00
202400020086.0;3;95;95252;1;1;3.0;6.0;48.97624408;2.23643552;2024-12-21 16:50:00
202400020087.0;1;973;97302;2;1;1.0;3.0;4.9353285;-52.29450059;2024-07-31 15:31:00
202400020088.0;1;28;28144;1;1;1.0;7.0;48.243982;0.81654;2024-01-27 11:15:00
202400020089.0;5;69;69244;2;1;3.0;1.0;45.768221;4.749221;2024-09-07 23:55:00
202400020090.0;5;94;94076;2;2;2.0;7.0;48.78607;2.36686;2024-04-16 04:10:00
202400020091.0;3;94;94042;1;1;2.0;2.0;48.82672557;2.46681536;2024-12-22 18:40:00
202400020092.0;1;69;69387;2;2;1.0;3.0;45.75199658;4.84492592;2024-07-31 18:20:00
202400020093.0;1;17;17397;2;1;1.0;2.0;45.886382;-0.672033;2024-01-29 13:30:00
202400020094.0;1;94;94021;2;6;2.0;6.0;48.76839081;2.36788899;2024-04-16 12:00:00
202400020095.0;1;77;77450;1;1;2.0;2.0;48.70838832;2.59888985;2024-12-21 15:10:00
202400020096.0;1;988;98814;1;1;1.0;1.0;-20.95703;167.37712;2024-09-07 16:00:00
202400020097.0;3;17;17353;1;1;1.0;7.0;45.989776;-1.055589;2024-01-27 04:30:00
202400020098.0;1;94;94028;2;1;1.0;3.0;48.782104;2.473712;2024-04-16 15:00:00
202400020099.0;1;69;69149;2;2;1.0;3.0;45.70085;4.82404;2024-07-31 20:00:00
202400020100.0;1;94;94073;1;1;1.0;3.0;48.76286065;2.38135983;2024-12-21 10:30:00
202400020101.0;1;988;98802;1;1;1.0;6.0;-21.85813;165.97544;2024-09-08 09:15:00