Num_Acc;lum;departement;commune;agglomeration;intersection;meteo;type_collision;lat;long;date
202400020102.0;3;17;17322;1;1;1.0;7.0;46.267262;-0.829296;2024-01-29 00:14:00
202400020103.0;1;2B;2B033;2;1;1.0;6.0;42.7022;9.44875;2024-07-31 14:00:00
202400020104.0;1;44;44109;2;6;1.0;3.0;47.20088366;-1.54442048;2024-11-27 14:13:00
202400020105.0;1;988;98802;1;1;1.0;6.0;-21.858332;166.02524;2024-09-07 11:00:00
202400020106.0;1;72;72386;1;1;1.0;2.0;48.051005;0.304184;2024-01-29 08:00:00
202400020107.0;2;44;44143;2;1;1.0;6.0;47.18;-1.533399;2024-11-26 08:30:00
202400020108.0;3;971;97118;1;1;2.0;6.0;16.22201;-61.596614;2024-09-07 23:15:00
202400020109.0;1;2B;2B033;2;1;1.0;4.0;42.69597;9.45241;2024-07-31 10:00:00
202400020110.0;2;44;44114;2;3;1.0;6.0;47.2708254;-1.6230562;2024-11-25 08:15:00
202400020111.0;1;30;30036;2;1;1.0;2.0;43.765895;4.276943;2024-01-29 16:05:00
202400020112.0;1;83;83115;2;1;1.0;2.0;43.340809;6.680122;2024-09-03 11:30:00
202400020113.0;1;84;84031;1;1;1.0;6.0;44.05611;5.03078;2024-07-31 13:00:00
202400020114.0;3;971;97101;1;1;2.0;2.0;16.26272;-61.51383;2024-07-31 18:50:00
202400020115.0;1;84;84004;1;1;1.0;6.0;44.099436;5.063066;2024-08-01 09:48:00
202400020116.0;1;91;91223;1;1;1.0;7.0;48.42798;2.15558;2024-07-30 20:40:00
202400020117.0;1;987;98738;2;3;1.0;3.0;-17.61634659;-149.60911274;2024-01-28 17:16:00
202400020118.0;5;57;57591;1;1;2.0;7.0;49.256643;6.099905;2024-09-08 01:55:00
202400020119.0;1;988;98818;1;4;8.0;3.0;-22.2242;166.47164;2024-12-21 11:20:00
202400020120.0;1;91;91433;1;1;1.0;6.0;48.46926;2.18438;2024-07-29 18:03:00
202400020121.0;3;5;5162;1;1;1.0;6.0;44.439204;6.029413;2024-01-19 23:25:00
202400020122.0;2;38;38464;1;1;8.0;6.0;45.537452;5.399228;2024-09-08 08:04:00
202400020123.0;1;91;91223;2;9;1.0;7.0;48.4273;2.15507;2024-07-30 07:33:00
202400020124.0;3;978;97801;1;1;1.0;1.0;18.094766;-63.03269;2024-01-28 22:50:00
202400020125.0;1;974;97411;2;1;1.0;2.0;-20.88746;55.46339;2024-12-21 12:20:00
202400020126.0;5;6;6152;1;1;1.0;7.0;43.605031;7.060132;2024-01-27 07:10:00
202400020127.0;1;49;49023;2;1;1.0;6.0;47.175737;-1.109501;2024-09-07 17:50:00
202400020128.0;1;88;88428;1;1;7.0;1.0;48.32609;6.90456;2024-07-28 17:05:00
202400020129.0;1;974;97411;2;1;1.0;2.0;-20.88528;55.45083;2024-12-21 12:26:00
202400020130.0;1;22;22178;1;1;1.0;6.0;48.687458;-3.021095;2024-09-07 17:00:00
202400020131.0;1;87;87075;1;1;1.0;1.0;45.81716;1.19104;2024-07-31 10:58:00
202400020132.0;2;51;51118;1;1;1.0;4.0;49.261307;3.961033;2024-01-29 07:50:00
202400020133.0;3;974;97407;2;1;1.0;7.0;-20.95004;55.32009;2024-12-22 01:50:00
202400020134.0;1;34;34213;1;9;1.0;3.0;43.475926;3.685886;2024-01-26 16:00:00
202400020135.0;1;35;35066;2;1;2.0;3.0;48.041713;-1.694024;2024-09-07 18:35:00
202400020136.0;1;87;87085;2;2;1.0;3.0;45.8478;1.25483;2024-07-28 12:14:00
202400020137.0;3;45;45302;1;1;1.0;7.0;47.96139;1.853819;2024-01-27 21:45:00
202400020138.0;1;973;97302;1;1;2.0;5.0;4.92581;-52.32887;2024-12-20 09:32:00
202400020139.0;1;85;85194;2;1;1.0;3.0;46.5038;-1.78821;2024-07-31 08:55:00
202400020140.0;1;60;60612;2;2;1.0;2.0;49.195552;2.577091;2024-09-07 10:47:00
202400020141.0;1;974;97422;1;1;3.0;3.0;-21.233447;55.550137;2024-01-26 12:20:00
202400020142.0;3;80;80236;1;1;1.0;7.0;49.696339;2.596507;2024-09-07 23:00:00
202400020143.0;1;69;69149;2;1;1.0;3.0;45.72104309;4.81113979;2024-12-21 11:15:00
202400020144.0;1;84;84007;2;3;1.0;3.0;43.95245714;4.84306169;2024-07-31 17:00:00
202400020145.0;1;973;97311;1;1;8.0;6.0;5.489061;-54.001193;2024-01-29 12:45:00
202400020146.0;1;13;13015;1;1;1.0;7.0;43.46753554;5.40713194;2024-08-10 10:50:00
202400020147.0;1;95;95424;2;1;2.0;6.0;48.99577;2.1987;2024-12-21 15:20:00
202400020148.0;1;83;83126;2;1;1.0;6.0;43.09709491;5.88370646;2024-07-28 17:45:00
202400020149.0;1;33;33097;1;1;1.0;3.0;45.064064;-1.176905;2024-01-28 15:30:00
202400020150.0;3;69;69297;1;1;1.0;2.0;45.58795597;4.78644758;2024-09-03 05:05:00
202400020151.0;3;45;45171;1;1;1.0;6.0;47.662779;2.258173;2024-01-28 19:30:00
202400020152.0;1;95;95427;2;2;2.0;3.0;48.95965026;2.3284632;2024-12-21 15:00:00
202400020153.0;1;80;80160;2;1;1.0;3.0;49.86191;2.34136;2024-07-30 08:20:00
202400020154.0;1;91;91514;2;9;7.0;6.0;48.67274;2.53711;2024-12-20 10:00:00
202400020155.0;3;77;77508;1;1;1.0;6.0;48.803189;2.846746;2024-01-12 06:35:00
202400020156.0;3;69;69296;1;1;1.0;2.0;45.64207779;4.82741833;2024-09-06 01:05:00
202400020157.0;1;2B;2B307;2;1;1.0;6.0;42.37846;9.530076;2024-01-27 10:10:00
202400020158.0;1;92;92050;1;1;2.0;6.0;48.90037653;2.19977438;2024-09-07 13:15:00
202400020159.0;3;91;91286;2;6;2.0;1.0;48.64919;2.38222;2024-12-21 22:40:00
202400020160.0;5;76;76540;2;1;1.0;6.0;49.43347;1.1072;2024-07-31 05:05:00
202400020161.0;1;66;66171;2;1;1.0;1.0;42.607523;3.025897;2024-01-27 09:45:00
202400020162.0;1;78;78640;1;1;1.0;6.0;48.778757;2.204029;2024-09-06 15:00:00
202400020163.0;3;91;91432;2;1;2.0;7.0;48.70728;2.35125;2024-12-22 00:35:00
202400020164.0;1;13;13115;1;1;1.0;6.0;43.700877;5.224793;2024-01-28 13:25:00
202400020165.0;3;91;91228;2;1;1.0;2.0;48.63789;2.43174;2024-12-21 00:10:00
202400020166.0;1;71;71270;2;1;1.0;6.0;46.31933;4.81374;2024-07-31 07:50:00
202400020167.0;1;95;95241;1;1;1.0;4.0;49.05639571;2.4223111;2024-09-06 17:15:00
202400020168.0;5;85;85191;2;1;2.0;2.0;46.67371;-1.42828;2024-12-21 20:30:00
202400020169.0;1;69;69286;2;1;1.0;2.0;45.81635;4.89956;2024-07-31 16:55:00
202400020170.0;1;93;93007;1;1;1.0;2.0;48.9422986;2.47831903;2024-09-06 10:20:00
202400020171.0;1;33;33073;1;1;1.0;1.0;45.246008;-0.615503;2024-01-28 17:45:00
202400020172.0;1;94;94028;1;1;1.0;2.0;48.79054422;2.44069237;2024-08-30 19:15:00
202400020173.0;1;69;69259;2;3;1.0;3.0;45.70747;4.86882;2024-07-30 17:00:00
202400020174.0;3;22;22156;1;2;1.0;3.0;48.538879;-3.23145;2024-01-26 18:05:00
202400020175.0;1;77;77083;1;1;1.0;6.0;48.833457;2.593202;2024-09-06 15:45:00
202400020176.0;1;13;13071;1;1;1.0;2.0;43.40918;5.28627;2024-01-28 13:10:00
202400020177.0;1;94;94042;1;1;1.0;2.0;48.82800728;2.4730466;2024-09-06 14:20:00
202400020178.0;1;64;64483;2;1;1.0;4.0;43.40145;-1.63763;2024-07-31 12:50:00
202400020179.0;3;83;83129;1;1;1.0;6.0;43.12024732;5.84655534;2024-01-28 06:50:00
202400020180.0;5;987;98735;2;2;1.0;3.0;-17.53275;-149.56333;2024-09-05 20:30:00
202400020181.0;3;69;69271;1;1;1.0;6.0;45.75118;4.98452;2024-01-28 05:20:00
202400020182.0;1;62;62099;2;1;1.0;1.0;50.25254;2.77407;2024-07-30 19:55:00
202400020183.0;1;974;97411;2;3;1.0;3.0;-20.90035;55.49948;2024-09-06 12:10:00
202400020184.0;3;91;91161;1;1;1.0;4.0;48.70159;2.30877;2024-01-28 19:53:00
202400020185.0;1;56;56260;2;6;1.0;3.0;47.65999;-2.79002;2024-07-31 19:55:00
202400020186.0;3;973;97302;2;1;1.0;3.0;4.92918;-52.29653;2024-09-06 19:35:00
202400020187.0;3;94;94034;1;1;1.0;5.0;48.7562037;2.33415003;2024-01-28 06:25:00
202400020188.0;1;51;51454;2;1;1.0;6.0;49.24286;4.022377;2024-07-30 08:22:00
202400020189.0;1;50;50129;2;1;1.0;6.0;49.645;-1.64832;2024-07-30 17:35:00
202400020190.0;1;973;97302;2;1;1.0;2.0;4.92067;-52.32155;2024-09-06 12:50:00
202400020191.0;1;50;50129;2;1;1.0;6.0;49.63713;-1.59545;2024-07-31 16:40:00
202400020192.0;3;91;91340;1;1;1.0;5.0;48.609;2.439;2024-01-27 19:25:00
202400020193.0;5;973;97302;2;1;1.0;3.0;4.92469227;-52.32058525;2024-09-05 21:00:00
202400020194.0;5;49;49007;2;2;1.0;1.0;47.47369;-0.55567;2024-07-06 05:12:00
202400020195.0;1;91;91064;1;1;1.0;2.0;48.77106;2.22888;2024-01-27 16:20:00
202400020196.0;1;69;69387;2;1;1.0;4.0;45.73164;4.82542;2024-09-06 13:00:00
202400020197.0;1;49;49007;2;1;1.0;1.0;47.45759;-0.53306;2024-07-30 19:43:00
202400020198.0;1;94;94077;1;1;1.0;4.0;48.72134868;2.37075153;2024-01-27 12:40:00
202400020199.0;1;972;97213;1;1;1.0;6.0;14.61704;-61.0037;2024-09-06 06:59:00
202400020200.0;1;78;78124;1;1;1.0;6.0;48.911718;2.182884;2024-01-28 09:40:00
202400020201.0;1;45;45147;2;1;1.0;1.0;47.93419;1.90018;2024-07-31 17:00:00
202400020202.0;3;78;78362;1;1;1.0;2.0;48.976388;1.716809;2024-01-28 05:00:00
202400020203.0;1;2B;2B120;1;1;1.0;4.0;42.64926;9.44047;2024-09-06 08:40:00
202400020204.0;5;37;37261;2;6;1.0;3.0;47.41923;0.67386;2024-07-31 05:45:00
202400020205.0;3;93;93005;1;1;1.0;6.0;48.95088858;2.47455129;2024-01-28 21:15:00
202400020206.0;3;95;95277;1;1;1.0;7.0;48.97352265;2.48582988;2024-01-28 21:50:00
202400020207.0;4;971;97113;1;1;1.0;2.0;16.21797;-61.49827;2024-09-06 04:40:00
202400020208.0;1;34;34108;2;1;1.0;2.0;43.46;3.76;2024-07-13 18:50:00
202400020209.0;3;93;93006;1;1;1.0;2.0;48.86896374;2.42891767;2024-01-28 18:40:00
202400020210.0;2;32;32013;1;1;1.0;6.0;43.67928;0.60172;2024-07-31 21:50:00
202400020211.0;1;95;95424;1;1;1.0;3.0;48.9916589;2.19023195;2024-01-28 15:00:00
202400020212.0;1;91;91201;2;3;1.0;1.0;48.6857;2.43432;2024-09-06 17:50:00
202400020213.0;3;93;93073;1;1;1.0;6.0;48.96636;2.55951;2024-01-28 06:50:00
202400020214.0;1;91;91521;1;3;1.0;3.0;48.63211;2.396;2024-09-06 09:40:00
202400020215.0;1;31;31069;1;1;1.0;4.0;43.62514308;1.38593787;2024-07-31 19:30:00
202400020216.0;1;987;98735;2;1;1.0;3.0;-17.534207;-149.567233;2024-01-26 12:11:00
202400020217.0;1;31;31555;2;1;1.0;6.0;43.64095776;1.46199971;2024-07-31 15:12:00
202400020218.0;1;84;84007;1;4;1.0;2.0;43.8914;4.91649;2024-09-06 15:00:00
202400020219.0;1;973;97302;2;2;1.0;3.0;4.9399605;-52.32962966;2024-01-27 07:28:00
202400020220.0;5;83;83069;2;6;1.0;3.0;43.12141;6.13771;2024-06-19 21:20:00
202400020221.0;5;16;16015;2;2;1.0;3.0;45.653406;0.147931;2024-07-31 21:57:00
202400020222.0;1;80;80021;2;1;1.0;6.0;49.87314;2.32417;2024-09-06 19:45:00
202400020223.0;1;973;97302;2;1;1.0;3.0;4.93620999;-52.31585652;2024-01-26 07:39:00
202400020224.0;5;972;97213;1;1;1.0;7.0;14.618266;-61.034885;2024-01-27 20:15:00
202400020225.0;1;13;13213;2;1;1.0;2.0;43.3274;5.4361;2024-07-31 16:15:00
202400020226.0;5;13;13209;2;1;1.0;6.0;43.24;5.4;2024-07-31 04:40:00
202400020227.0;1;80;80021;2;1;1.0;3.0;49.87076;2.30726;2024-09-06 10:35:00
202400020228.0;5;972;97213;1;1;1.0;1.0;14.6278775;-61.02515955;2024-01-27 19:11:00
202400020229.0;1;4;4112;2;1;1.0;3.0;43.831;5.7947;2024-07-28 14:20:00
202400020230.0;1;80;80674;2;1;1.0;3.0;49.90420813;2.32901037;2024-09-06 09:45:00
202400020231.0;1;80;80489;1;1;2.0;7.0;49.86792;2.37572;2024-09-05 17:45:00
202400020232.0;5;2B;2B033;2;1;1.0;1.0;42.69948;9.44665;2024-01-27 23:29:00
202400020233.0;1;75;75112;2;1;1.0;4.0;48.830154;2.386571;2024-07-31 11:15:00
202400020234.0;1;79;79191;2;1;1.0;3.0;46.304215;-0.46008;2024-09-05 14:00:00
202400020235.0;5;75;75110;2;2;3.0;3.0;48.873746;2.358325;2024-07-31 05:24:00
202400020236.0;1;2B;2B033;2;1;1.0;3.0;42.6637;9.43635;2024-01-27 13:34:00
202400020237.0;1;75;75101;2;4;8.0;7.0;48.860468;2.342252;2024-07-31 15:00:00
202400020238.0;4;971;97101;2;1;1.0;1.0;16.27026;-61.5058;2024-01-27 00:05:00
202400020239.0;1;94;94081;2;1;1.0;6.0;48.7990942;2.399207;2024-07-30 16:50:00
202400020240.0;1;77;77221;2;9;1.0;1.0;48.85473;2.70462;2024-09-06 13:45:00
202400020241.0;1;94;94052;2;1;1.0;3.0;48.844611;2.487785;2024-07-31 17:10:00
202400020242.0;1;95;95582;2;2;1.0;3.0;48.98404979;2.2369355;2024-01-27 13:50:00
202400020243.0;1;77;77442;2;9;2.0;6.0;48.42948;2.7477;2024-09-05 09:00:00
202400020244.0;5;94;94052;2;3;1.0;3.0;48.8339;2.4928;2024-07-30 00:27:00
202400020245.0;1;95;95598;2;1;1.0;3.0;48.98048222;2.2972101;2024-01-26 10:10:00
202400020246.0;5;94;94011;2;3;1.0;3.0;48.77734;2.47862;2024-07-30 21:50:00
202400020247.0;1;76;76351;2;2;1.0;3.0;49.514305;0.108594;2024-09-06 09:40:00
202400020248.0;3;91;91425;2;9;1.0;2.0;48.63979;2.27189;2024-01-27 17:50:00
202400020249.0;1;76;76305;2;1;2.0;1.0;49.49886;0.232071;2024-09-05 12:30:00
202400020250.0;5;91;91657;2;1;9.0;3.0;48.7049;2.4373;2024-01-27 06:45:00
202400020251.0;5;94;94011;2;9;1.0;3.0;48.76272;2.478633;2024-07-29 22:55:00
202400020252.0;1;69;69275;2;8;1.0;6.0;45.77202;4.95617;2024-09-06 07:19:00
202400020253.0;2;91;91027;2;2;1.0;3.0;48.7161;2.3709;2024-01-27 07:40:00
202400020254.0;1;93;93073;2;2;1.0;3.0;49.00244;2.5333;2024-07-31 13:30:00
202400020255.0;5;69;69199;2;2;1.0;3.0;45.71224519;4.85507727;2024-09-07 01:00:00
202400020256.0;5;91;91479;2;2;1.0;3.0;48.70864;2.35839;2024-01-27 04:30:00
202400020257.0;1;93;93066;2;2;1.0;6.0;48.93708;2.37188;2024-07-31 09:12:00
202400020258.0;5;83;83129;2;1;1.0;6.0;43.09607;5.83167;2024-01-27 19:45:00
202400020259.0;1;69;69029;2;3;1.0;3.0;45.7371;4.91892;2024-09-06 08:10:00
202400020260.0;1;93;93048;2;1;1.0;6.0;48.87255209;2.45329844;2024-07-31 15:25:00
202400020261.0;5;83;83069;2;2;1.0;3.0;43.11351;6.12992;2024-01-27 23:55:00
202400020262.0;1;69;69259;2;1;1.0;2.0;45.69145;4.88587;2024-09-05 18:45:00
202400020263.0;1;93;93048;2;1;1.0;6.0;48.86089;2.4527;2024-07-31 15:00:00
202400020264.0;5;68;68297;2;6;1.0;7.0;47.58232;7.55637;2024-09-06 01:18:00
202400020265.0;1;77;77058;2;9;1.0;3.0;48.8399;2.6608;2024-01-27 16:05:00
202400020266.0;5;92;92051;2;1;2.0;7.0;48.88066178;2.27572158;2024-07-31 05:10:00
202400020267.0;5;76;76575;2;1;1.0;6.0;49.383133;1.085387;2024-01-27 23:00:00
202400020268.0;1;64;64122;2;6;2.0;3.0;43.46605;-1.53703;2024-09-06 12:15:00
202400020269.0;5;92;92036;2;4;2.0;6.0;48.93348518;2.2961382;2024-07-31 00:45:00
202400020270.0;2;76;76259;2;1;1.0;6.0;49.75585;0.37962;2024-01-27 17:45:00
202400020271.0;1;62;62427;2;1;2.0;6.0;50.4214;2.95444;2024-09-06 13:05:00
202400020272.0;1;60;60057;2;9;1.0;6.0;49.41479;2.06724;2024-09-06 11:45:00
202400020273.0;1;76;76217;2;1;1.0;1.0;49.92286;1.07611;2024-01-26 15:00:00
202400020274.0;1;92;92025;2;9;1.0;1.0;48.92778996;2.24883628;2024-07-30 19:55:00
202400020275.0;5;72;72181;2;1;1.0;6.0;48.004;0.1871;2024-01-27 06:01:00
202400020276.0;1;59;59599;2;1;2.0;6.0;50.73315;3.14347;2024-09-06 13:00:00
202400020277.0;5;69;69259;2;1;1.0;3.0;45.71630072;4.89329442;2024-01-27 18:40:00
202400020278.0;1;92;92007;2;1;1.0;3.0;48.80499182;2.31537603;2024-07-31 11:55:00
202400020279.0;2;59;59009;2;2;8.0;3.0;50.61151;3.16125;2024-09-06 20:35:00
202400020280.0;1;67;67180;2;3;1.0;1.0;48.8135;7.79211;2024-01-27 11:20:00
202400020281.0;2;59;59378;2;1;2.0;6.0;50.66286;3.094997;2024-09-06 07:10:00
202400020282.0;1;24;24188;1;1;1.0;1.0;45.132899;1.012695;2024-08-01 16:50:00
202400020283.0;1;56;56121;2;2;1.0;3.0;47.74269;-3.36071;2024-09-05 18:38:00
202400020284.0;5;60;60057;2;6;2.0;1.0;49.43391;2.06207;2024-01-26 08:15:00
202400020285.0;1;37;37232;1;3;1.0;3.0;47.291172;0.33121;2024-07-31 15:25:00
202400020286.0;1;54;54184;2;6;1.0;3.0;48.7085;6.24405;2024-09-06 19:15:00
202400020287.0;1;59;59206;2;1;1.0;6.0;50.19499;3.26783;2024-01-26 16:30:00
202400020288.0;2;37;37074;1;1;1.0;1.0;47.254206;0.144142;2024-07-31 18:25:00
202400020289.0;1;54;54339;2;1;1.0;2.0;48.70567;6.18683;2024-09-05 13:30:00
202400020290.0;5;49;49007;2;1;1.0;3.0;47.47437;-0.55228;2024-01-27 20:26:00
202400020291.0;1;54;54280;2;3;2.0;3.0;49.22543;6.01491;2024-09-06 08:00:00
202400020292.0;3;2A;2A249;1;1;1.0;1.0;41.66377;8.886175;2024-08-01 03:00:00
202400020293.0;5;44;44109;2;1;1.0;6.0;47.20328995;-1.54188464;2024-01-27 02:50:00
202400020294.0;1;51;51454;2;6;1.0;3.0;49.28527;4.01543;2024-09-06 12:45:00
202400020295.0;1;84;84116;2;1;1.0;3.0;44.258313;5.107312;2024-06-25 11:00:00
202400020296.0;3;41;41226;2;1;1.0;2.0;47.80652231;1.07208589;2024-01-27 02:50:00
202400020297.0;5;51;51454;2;3;2.0;7.0;49.2326;4.02428;2024-09-06 05:30:00
202400020298.0;5;35;35238;2;2;1.0;3.0;48.09373413;-1.67456478;2024-01-27 06:30:00
202400020299.0;1;5;5133;2;3;1.0;3.0;44.93490275;6.58700913;2024-08-01 11:05:00
202400020300.0;1;51;51454;2;1;8.0;7.0;49.24672;4.02364;2024-09-05 18:20:00
202400020301.0;5;34;34172;2;1;1.0;1.0;43.62814;3.86937;2024-01-27 21:15:00
202400020302.0;1;51;51454;2;9;2.0;6.0;49.249374;4.038162;2024-09-05 13:44:00
202400020303.0;1;62;62571;1;4;1.0;1.0;50.459908;1.626813;2024-07-30 18:10:00
202400020304.0;5;33;33063;2;3;1.0;6.0;44.87537;-0.57444;2024-01-27 20:15:00
202400020305.0;1;51;51454;2;1;1.0;2.0;49.23481104;4.02842832;2024-09-05 14:30:00
202400020306.0;3;57;57100;1;1;1.0;7.0;48.775085;7.203748;2024-07-31 22:32:00
202400020307.0;5;33;33281;2;6;1.0;6.0;44.84144;-0.67052;2024-01-27 06:36:00
202400020308.0;1;51;51108;2;2;1.0;3.0;48.95956;4.37106;2024-08-30 20:20:00
202400020309.0;1;59;59037;2;1;1.0;7.0;50.196335;3.382733;2024-07-31 19:50:00
202400020310.0;3;27;27701;1;1;1.0;3.0;49.23752;1.20246;2024-01-27 01:25:00
202400020311.0;1;49;49007;2;1;1.0;1.0;47.4862;-0.54037;2024-09-06 09:20:00
202400020312.0;1;56;56117;2;6;1.0;6.0;47.891733;-2.833228;2024-08-01 18:35:00
202400020313.0;1;49;49015;2;1;1.0;3.0;47.492722;-0.577634;2024-09-05 15:35:00
202400020314.0;1;77;77444;1;1;1.0;6.0;48.691924;3.376923;2024-07-31 14:00:00
202400020315.0;5;45;45286;2;3;1.0;3.0;47.88825;1.92547;2024-09-06 22:30:00
202400020316.0;1;25;25056;2;1;1.0;1.0;47.22493;6.03437;2024-01-27 16:20:00
202400020317.0;1;2A;2A362;1;1;1.0;1.0;41.651658;9.350756;2024-07-31 13:45:00
202400020318.0;1;25;25056;2;9;2.0;6.0;47.24556;6.02804;2024-01-26 16:25:00
202400020319.0;1;41;41018;2;2;1.0;3.0;47.599;1.303;2024-09-06 11:17:00
202400020320.0;3;23;23096;1;1;1.0;6.0;46.18092395;1.88533254;2024-01-25 03:30:00
202400020321.0;1;2B;2B251;2;9;1.0;3.0;42.002111;9.402972;2024-07-30 15:00:00
202400020322.0;1;37;37261;2;1;1.0;6.0;47.35574;0.70127;2024-09-06 18:40:00
202400020323.0;3;89;89417;1;1;1.0;6.0;47.858789;3.89158;2024-08-01 00:30:00
202400020324.0;1;13;13209;2;3;1.0;1.0;43.23959266;5.39270075;2024-01-27 12:00:00
202400020325.0;1;34;34198;1;1;1.0;3.0;43.57366;3.94426;2024-09-06 10:00:00
202400020326.0;1;63;63128;1;2;7.0;1.0;45.914387;3.411587;2024-08-01 10:00:00
202400020327.0;5;33;33281;2;1;1.0;1.0;44.85262;-0.642003;2024-09-06 20:50:00
202400020328.0;5;33;33063;2;1;1.0;7.0;44.86005;-0.56868;2024-09-05 02:05:00
202400020329.0;1;49;49261;1;1;1.0;1.0;47.346713;-0.217502;2024-07-28 15:55:00
202400020330.0;1;42;42287;1;1;1.0;7.0;45.25558989;4.45648625;2024-07-28 16:30:00
202400020331.0;5;30;30189;2;3;1.0;3.0;43.8366;4.3376;2024-09-01 23:35:00
202400020332.0;2;29;29019;2;2;1.0;1.0;48.384907;-4.488949;2024-09-06 07:25:00
202400020333.0;1;39;39492;1;1;1.0;2.0;46.612371;5.596354;2024-08-01 17:00:00
202400020334.0;1;25;25463;2;1;1.0;1.0;47.401762;6.767063;2024-07-31 10:20:00
202400020335.0;1;27;27229;2;1;1.0;7.0;49.034904;1.141481;2024-09-06 17:15:00
202400020336.0;1;27;27229;2;6;1.0;3.0;49.00722;1.15118;2024-09-06 08:20:00
202400020337.0;1;66;66187;1;1;1.0;1.0;42.81491126;2.52033234;2024-08-01 15:55:00
202400020338.0;5;19;19031;2;1;1.0;7.0;45.16072332;1.53292635;2024-09-05 22:15:00
202400020339.0;1;50;50484;2;1;7.0;6.0;48.576501;-1.094166;2024-07-31 10:50:00
202400020340.0;1;17;17291;1;1;1.0;2.0;46.17162;-1.12201;2024-09-06 15:58:00
202400020341.0;1;60;60572;1;1;1.0;1.0;49.372705;3.000576;2024-07-28 19:10:00
202400020342.0;3;15;15012;2;1;1.0;3.0;44.897445;2.468025;2024-09-05 21:20:00
202400020343.0;1;14;14366;1;1;2.0;7.0;49.12948;0.22541;2024-09-05 11:00:00
202400020344.0;1;18;18227;1;1;1.0;2.0;47.495864;2.316656;2024-07-28 18:10:00
202400020345.0;1;7;7139;1;1;1.0;1.0;44.7619297;4.34030238;2024-07-26 16:30:00
202400020346.0;5;13;13206;2;2;1.0;3.0;43.29043;5.37562;2024-09-07 00:15:00
202400020347.0;1;27;27467;2;1;1.0;6.0;49.357633;0.51866;2024-07-31 19:00:00
202400020348.0;5;13;13204;2;3;1.0;3.0;43.30451;5.40103;2024-09-06 01:00:00
202400020349.0;1;13;13069;1;1;1.0;4.0;43.640485;5.181513;2024-08-01 10:00:00
202400020350.0;1;12;12028;1;1;3.0;1.0;44.57266;2.20756;2024-09-03 12:10:00
202400020351.0;1;13;13112;2;6;1.0;2.0;43.534005;5.254641;2024-08-01 07:15:00
202400020352.0;1;10;10081;2;1;1.0;2.0;48.32332;4.03539;2024-09-06 14:20:00
202400020353.0;1;10;10325;1;1;1.0;6.0;48.26286508;4.08156037;2024-09-06 13:25:00
202400020354.0;1;21;21194;1;1;1.0;2.0;47.090754;4.938204;2024-08-01 08:20:00
202400020355.0;1;10;10362;2;1;1.0;3.0;48.29442;4.05855;2024-09-05 18:50:00
202400020356.0;1;11;11202;1;4;1.0;6.0;42.929582;3.00438;2024-07-27 19:45:00
202400020357.0;1;6;6088;2;8;1.0;6.0;43.6920542;7.2465847;2024-09-06 16:12:00
202400020358.0;1;974;97420;1;1;1.0;2.0;-20.901154;55.59082;2024-07-31 16:20:00
202400020359.0;1;6;6088;2;1;1.0;6.0;43.7014573;7.2747845;2024-09-06 15:35:00
202400020360.0;1;6;6069;2;1;1.0;6.0;43.65038;6.92214;2024-09-05 15:00:00
202400020361.0;1;5;5061;2;1;1.0;7.0;44.54879135;6.06724262;2024-08-24 18:11:00
202400020362.0;2;11;11076;2;2;1.0;3.0;43.309847;1.972781;2024-07-30 20:30:00
202400020363.0;3;94;94069;1;1;9.0;4.0;48.81730019;2.42507684;2024-05-27 22:05:00
202400020364.0;1;34;34189;1;1;1.0;1.0;43.270257;2.762407;2024-07-31 09:00:00
202400020365.0;5;1;1053;2;1;1.0;2.0;46.20877;5.23448;2024-09-06 06:00:00
202400020366.0;1;75;75112;2;1;1.0;2.0;48.833569;2.408341;2024-09-06 13:10:00
202400020367.0;1;1;1262;2;6;1.0;3.0;45.848259;5.057917;2024-07-26 17:32:00
202400020368.0;1;94;94073;1;1;1.0;4.0;48.76210053;2.38167667;2024-05-27 13:50:00
202400020369.0;1;75;75116;2;1;1.0;2.0;48.854539;2.254923;2024-09-06 08:55:00
202400020370.0;1;17;17307;1;2;1.0;3.0;45.686053;-0.899704;2024-07-30 14:40:00
202400020371.0;3;77;77363;1;1;2.0;2.0;48.92310726;2.63014241;2024-05-26 03:35:00
202400020372.0;1;75;75113;2;1;1.0;2.0;48.826491;2.389146;2024-09-05 18:20:00
202400020373.0;1;33;33417;1;1;1.0;1.0;44.998766;-0.910664;2024-07-23 16:30:00
202400020374.0;5;84;84031;2;9;1.0;3.0;44.06404;5.06233;2024-01-15 19:05:00
202400020375.0;1;76;76418;1;1;1.0;6.0;49.552013;0.744613;2024-07-31 17:00:00
202400020376.0;5;75;75110;2;2;1.0;6.0;48.879456;2.357605;2024-09-06 00:20:00
202400020377.0;5;84;84080;2;6;2.0;3.0;44.03458;4.99455;2024-01-10 19:25:00
202400020378.0;3;974;97409;1;1;2.0;7.0;-20.97838;55.63662;2024-05-26 19:30:00
202400020379.0;1;83;83123;1;1;1.0;4.0;43.13309232;5.8119948;2024-07-31 16:00:00
202400020380.0;1;75;75120;2;2;1.0;3.0;48.84894;2.406547;2024-09-06 11:54:00
202400020381.0;1;69;69388;2;9;1.0;6.0;45.73648;4.85288;2024-05-26 15:30:00
202400020382.0;1;75;75120;2;3;1.0;6.0;48.852941;2.407475;2024-09-04 16:05:00
202400020383.0;5;69;69389;2;6;1.0;3.0;45.78164;4.80025;2024-05-26 01:10:00
202400020384.0;1;83;83137;2;1;1.0;4.0;43.13138738;5.98036515;2024-07-29 07:30:00
202400020385.0;2;75;75119;2;1;1.0;6.0;48.897709;2.37598;2024-09-06 20:25:00