Num_Acc;lum;departement;commune;agglomeration;intersection;meteo;type_collision;lat;long;date
202400020386.0;1;2B;2B120;2;1;1.0;3.0;42.65;9.41;2024-05-26 10:32:00
202400020387.0;1;59;59603;1;1;1.0;4.0;50.340927;3.476729;2024-07-29 12:45:00
202400020388.0;1;75;75119;2;1;1.0;5.0;48.886242;2.391453;2024-09-06 15:00:00
202400020389.0;1;971;97101;1;1;1.0;6.0;16.27203;-61.51545;2024-05-25 16:40:00
202400020390.0;1;94;94065;1;1;1.0;3.0;48.75511112;2.34366638;2024-07-31 19:50:00
202400020391.0;5;75;75119;2;2;1.0;2.0;48.89513425;2.38274306;2024-09-06 00:05:00
202400020392.0;1;92;92002;1;1;1.0;4.0;48.7604343;2.2880949;2024-07-31 17:00:00
202400020393.0;1;971;97101;1;1;1.0;2.0;16.2716;-61.54826;2024-05-25 15:10:00
202400020394.0;1;75;75118;2;5;1.0;3.0;48.886627;2.332601;2024-09-06 18:30:00
202400020395.0;1;91;91086;1;1;1.0;2.0;48.6238;2.378;2024-07-31 12:30:00
202400020396.0;1;971;97120;2;1;1.0;6.0;16.23744;-61.53642;2024-05-25 11:50:00
202400020397.0;1;91;91340;1;1;1.0;1.0;48.60449528;2.43670098;2024-07-31 13:59:00
202400020398.0;5;75;75118;2;2;1.0;3.0;48.893646;2.336374;2024-09-06 02:50:00
202400020399.0;1;95;95572;1;6;2.0;6.0;49.04920214;2.12736189;2024-05-26 07:00:00
202400020400.0;1;78;78124;1;1;1.0;7.0;48.908607;2.190344;2024-07-30 17:40:00
202400020401.0;1;75;75116;2;2;1.0;3.0;48.871165;2.288844;2024-09-06 19:45:00
202400020402.0;1;93;93007;1;1;1.0;2.0;48.95491941;2.45727922;2024-07-31 19:50:00
202400020403.0;1;91;91064;2;3;1.0;3.0;48.7564;2.20978;2024-05-26 18:55:00
202400020404.0;1;75;75116;2;1;1.0;2.0;48.859377;2.262867;2024-09-06 12:00:00
202400020405.0;1;92;92036;1;1;1.0;6.0;48.94497374;2.28487431;2024-07-31 18:30:00
202400020406.0;1;88;88160;2;1;1.0;3.0;48.15895;6.44873;2024-05-26 17:20:00
202400020407.0;1;75;75108;2;7;1.0;3.0;48.86473358;2.30136216;2024-09-06 08:15:00
202400020408.0;1;93;93013;1;1;2.0;4.0;48.94076452;2.4258532;2024-07-31 09:00:00
202400020409.0;1;81;81163;2;1;1.0;7.0;43.50176;2.38192;2024-05-26 09:35:00
202400020410.0;1;94;94069;1;1;1.0;7.0;48.81730357;2.43236125;2024-07-31 18:10:00
202400020411.0;3;81;81004;1;1;1.0;3.0;43.91517;2.15684;2024-05-26 23:30:00
202400020412.0;1;75;75115;2;2;1.0;3.0;48.83872337;2.2698918;2024-09-06 14:05:00
202400020413.0;4;94;94073;1;1;2.0;4.0;48.75352251;2.37891488;2024-07-31 04:45:00
202400020414.0;1;77;77111;2;2;1.0;3.0;48.85915;2.77535;2024-05-26 18:00:00
202400020415.0;1;75;75109;2;4;1.0;6.0;48.876042;2.344634;2024-09-06 12:50:00
202400020416.0;3;77;77495;1;1;1.0;7.0;48.568613;2.64196;2024-07-30 01:25:00
202400020417.0;1;50;50099;2;1;1.0;3.0;49.307427;-1.22063;2024-04-29 14:20:00
202400020418.0;1;94;94081;2;3;1.0;3.0;48.791118;2.381474;2024-09-04 17:40:00
202400020419.0;1;974;97416;1;9;1.0;6.0;-21.33477;55.48732;2024-07-30 06:45:00
202400020420.0;3;77;77186;1;1;1.0;1.0;48.3689;2.797;2024-05-25 22:50:00
202400020421.0;2;94;94068;2;2;1.0;3.0;48.7956;2.49593;2024-09-06 07:05:00
202400020422.0;1;77;77070;1;1;1.0;2.0;48.79435;3.10734;2024-05-26 11:00:00
202400020423.0;1;974;97411;1;6;1.0;3.0;-20.87665;55.44241;2024-07-30 10:40:00
202400020424.0;1;94;94042;2;2;1.0;1.0;48.81422507;2.46254156;2024-09-06 14:30:00
202400020425.0;1;69;69266;2;1;1.0;3.0;45.76197;4.91713;2024-05-26 19:20:00
202400020426.0;1;973;97302;2;1;1.0;2.0;4.93578617;-52.30288661;2024-07-30 14:45:00
202400020427.0;1;94;94052;2;1;1.0;2.0;48.83382173;2.49198054;2024-09-06 12:00:00
202400020428.0;1;69;69388;2;1;1.0;2.0;45.73087;4.86632;2024-07-30 15:16:00
202400020429.0;1;69;69256;2;3;1.0;3.0;45.77461;4.91535;2024-05-26 13:50:00
202400020430.0;1;94;94041;2;1;1.0;6.0;48.81692;2.39578;2024-09-06 17:30:00
202400020431.0;5;69;69388;2;1;1.0;6.0;45.73538691;4.86715421;2024-07-30 01:00:00
202400020432.0;1;94;94077;2;1;2.0;6.0;48.73704;2.40714;2024-09-05 09:25:00
202400020433.0;1;66;66136;2;3;8.0;3.0;42.70973;2.89049;2024-05-26 17:24:00
202400020434.0;1;69;69382;2;3;1.0;3.0;45.73633;4.81986;2024-07-30 17:55:00
202400020435.0;1;94;94018;2;3;1.0;1.0;48.82142;2.41313;2024-09-06 09:40:00
202400020436.0;1;95;95585;2;1;1.0;6.0;48.9910101;2.3737823;2024-07-30 17:50:00
202400020437.0;1;64;64284;2;1;1.0;1.0;43.2592;-0.39068;2024-05-26 16:25:00
202400020438.0;1;91;91286;2;9;1.0;3.0;48.65165;2.38406;2024-07-30 19:45:00
202400020439.0;1;94;94079;2;1;1.0;1.0;48.8197;2.54867;2024-09-06 16:35:00
202400020440.0;1;87;87085;2;1;1.0;7.0;45.81486;1.23205;2024-07-30 11:28:00
202400020441.0;1;63;63113;2;2;1.0;2.0;45.76666;3.09592;2024-05-26 18:40:00
202400020442.0;1;87;87085;2;3;1.0;3.0;45.84966;1.245;2024-07-26 11:39:00
202400020443.0;5;93;93073;1;1;1.0;5.0;49.00558591;2.53537059;2024-09-05 21:50:00
202400020444.0;1;93;93072;2;9;1.0;6.0;48.94456;2.38695;2024-09-06 07:00:00
202400020445.0;5;59;59421;2;2;1.0;3.0;50.69262;3.13134;2024-05-26 02:57:00
202400020446.0;1;83;83137;2;3;1.0;7.0;43.12589;5.92767;2024-07-30 11:30:00
202400020447.0;1;93;93066;2;1;1.0;3.0;48.92804247;2.34132533;2024-09-06 12:25:00
202400020448.0;1;83;83123;1;1;1.0;6.0;43.13601;5.77761;2024-07-25 07:45:00
202400020449.0;1;57;57463;2;2;1.0;3.0;49.09322;6.17505;2024-05-26 19:35:00
202400020450.0;1;93;93046;2;2;1.0;3.0;48.91300883;2.51840312;2024-09-06 10:10:00
202400020451.0;1;83;83061;1;1;1.0;2.0;43.51389;6.82684;2024-07-28 12:35:00
202400020452.0;1;47;47323;2;4;1.0;7.0;44.42093446;0.72101963;2024-05-25 16:45:00
202400020453.0;1;82;82033;2;3;1.0;6.0;44.03903934;1.10837817;2024-07-30 09:35:00
202400020454.0;5;93;93062;2;2;1.0;3.0;48.89958;2.5236;2024-09-05 21:20:00
202400020455.0;4;42;42218;2;2;1.0;3.0;45.43869189;4.40193856;2024-04-03 13:10:00
202400020456.0;5;78;78423;2;1;2.0;6.0;48.77763;2.01833;2024-07-30 23:30:00
202400020457.0;1;93;93051;2;3;1.0;6.0;48.84454;2.54693;2024-09-06 09:10:00
202400020458.0;1;38;38185;2;2;1.0;3.0;45.18966;5.72474;2024-05-25 14:40:00
202400020459.0;1;78;78208;2;1;1.0;6.0;48.77004;1.9682;2024-07-30 10:45:00
202400020460.0;1;93;93046;2;1;1.0;2.0;48.90648588;2.52406273;2024-09-06 13:35:00
202400020461.0;1;38;38185;2;1;1.0;6.0;45.18767;5.71373;2024-05-21 12:30:00
202400020462.0;1;93;93029;2;1;1.0;2.0;48.91809;2.44784;2024-09-06 16:35:00
202400020463.0;1;35;35281;2;2;1.0;3.0;48.07843;-1.71576;2024-05-26 13:45:00
202400020464.0;1;93;93029;2;3;1.0;3.0;48.92205;2.42083;2024-09-06 15:15:00
202400020465.0;1;34;34301;2;3;1.0;3.0;43.410011;3.688292;2024-05-25 20:10:00
202400020466.0;1;93;93029;2;1;1.0;3.0;48.93366;2.4557;2024-09-06 09:20:00
202400020467.0;1;77;77306;1;1;1.0;1.0;48.58635;2.686424;2024-07-30 16:45:00
202400020468.0;1;34;34301;2;3;1.0;3.0;43.40938;3.67307;2024-05-12 20:10:00
202400020469.0;1;34;34301;2;1;1.0;6.0;43.40468;3.70051;2024-05-26 08:10:00
202400020470.0;1;77;77053;1;1;1.0;6.0;48.70408;2.62671;2024-07-30 07:50:00
202400020471.0;1;33;33063;2;3;1.0;3.0;44.82828;-0.54019;2024-05-25 17:00:00
202400020472.0;1;77;77475;2;1;1.0;2.0;48.958167;2.962517;2024-07-30 13:40:00
202400020473.0;1;29;29232;2;1;1.0;7.0;47.975301;-4.097768;2024-05-25 17:55:00
202400020474.0;1;76;76681;2;2;1.0;1.0;49.417541;1.095406;2024-07-30 19:10:00
202400020475.0;1;29;29151;2;3;1.0;3.0;48.57096951;-3.83786291;2024-05-24 19:10:00
202400020476.0;1;76;76447;2;1;1.0;6.0;49.53855;0.18658;2024-07-28 20:25:00
202400020477.0;3;73;73065;1;1;1.0;6.0;45.59902;5.92487;2024-07-30 04:50:00
202400020478.0;1;22;22278;2;5;1.0;6.0;48.51881;-2.75858;2024-05-26 20:55:00
202400020479.0;1;72;72181;2;9;1.0;3.0;48.01546;0.15577;2024-07-29 15:54:00
202400020480.0;1;22;22113;2;1;1.0;2.0;48.73711;-3.46807;2024-05-21 12:03:00
202400020481.0;2;71;71475;2;1;1.0;6.0;46.77205;4.8325;2024-07-30 07:40:00
202400020482.0;1;16;16358;1;1;1.0;6.0;45.6737;0.14439;2024-05-26 16:33:00
202400020483.0;1;13;13117;2;1;1.0;1.0;43.44194;5.25296;2024-05-25 17:25:00
202400020484.0;5;69;69266;2;2;1.0;3.0;45.76789;4.87799;2024-07-15 23:05:00
202400020485.0;1;69;69290;2;1;1.0;2.0;45.69443;4.93696;2024-07-29 18:45:00
202400020486.0;1;13;13043;2;3;1.0;3.0;43.38509249;5.21722108;2024-05-25 07:40:00
202400020487.0;1;67;67267;2;1;1.0;3.0;48.55651;7.68123;2024-07-29 16:30:00
202400020488.0;5;13;13103;2;1;1.0;1.0;43.62258;5.08821;2024-05-25 21:30:00
202400020489.0;1;13;13047;1;1;1.0;1.0;43.54216;4.95631;2024-05-25 16:40:00
202400020490.0;1;67;67204;2;3;1.0;1.0;48.62371;7.75408;2024-07-29 07:40:00
202400020491.0;2;64;64545;2;4;8.0;1.0;43.36185;-1.70539;2024-07-29 21:40:00
202400020492.0;1;13;13001;1;9;1.0;5.0;43.4946;5.43286;2024-05-26 18:30:00
202400020493.0;5;64;64445;2;3;1.0;3.0;43.29836;-0.36255;2024-07-30 00:06:00
202400020494.0;1;75;75115;2;1;1.0;4.0;48.826376;2.297013;2024-05-25 17:25:00
202400020495.0;1;64;64024;2;3;1.0;3.0;43.50959;-1.52939;2024-07-29 18:01:00
202400020496.0;1;62;62510;2;1;1.0;6.0;50.42563;2.76976;2024-07-29 07:40:00
202400020497.0;1;75;75113;2;2;1.0;6.0;48.833235;2.35554;2024-05-25 09:20:00
202400020498.0;1;61;61001;2;1;1.0;6.0;48.41342;0.09651;2024-07-30 20:10:00
202400020499.0;1;75;75118;2;3;2.0;6.0;48.897124;2.35948;2024-05-26 15:52:00
202400020500.0;1;60;60057;2;1;1.0;6.0;49.42774;2.08849;2024-07-24 14:20:00
202400020501.0;1;75;75116;2;1;1.0;6.0;48.86919;2.28547;2024-05-26 18:20:00
202400020502.0;1;59;59650;2;2;1.0;3.0;50.70325;3.19553;2024-07-30 05:35:00
202400020503.0;1;58;58194;2;1;1.0;5.0;46.99376;3.14878;2024-07-30 10:50:00
202400020504.0;1;57;57672;2;1;2.0;6.0;49.35668933;6.14332148;2024-07-27 14:50:00
202400020505.0;1;55;55545;2;1;1.0;7.0;49.16233;5.37774;2024-07-12 17:40:00
202400020506.0;1;75;75116;2;3;1.0;6.0;48.839198;2.251721;2024-05-26 17:20:00
202400020507.0;1;75;75116;2;1;1.0;6.0;48.867965;2.285795;2024-05-26 13:30:00
202400020508.0;1;55;55545;2;3;1.0;3.0;49.16437;5.3841;2024-07-15 18:59:00
202400020509.0;1;54;54079;2;1;1.0;6.0;48.88299;6.0448;2024-07-29 17:06:00
202400020510.0;1;75;75115;2;7;1.0;3.0;48.835438;2.302695;2024-05-26 15:55:00
202400020511.0;1;75;75114;2;1;1.0;3.0;48.822657;2.315017;2024-05-25 14:30:00
202400020512.0;1;54;54395;2;9;1.0;3.0;48.69388;6.19825;2024-07-29 08:55:00
202400020513.0;1;75;75113;2;4;1.0;2.0;48.826104;2.358829;2024-05-26 16:30:00
202400020514.0;1;75;75113;2;4;1.0;6.0;48.838332;2.356975;2024-05-26 13:45:00
202400020515.0;1;52;52448;2;1;7.0;6.0;48.6385;4.97689;2024-07-29 08:50:00
202400020516.0;5;94;94081;2;3;1.0;2.0;48.79422;2.40165;2024-05-26 04:40:00
202400020517.0;1;49;49099;2;1;1.0;6.0;47.05469846;-0.88179767;2024-06-26 16:15:00
202400020518.0;5;45;45285;2;1;1.0;1.0;47.902781;1.873052;2024-07-30 03:35:00
202400020519.0;1;93;93055;2;3;1.0;3.0;48.894447;2.419819;2024-05-26 11:00:00
202400020520.0;1;44;44055;2;1;7.0;6.0;47.28524;-2.38761;2024-07-30 19:30:00
202400020521.0;1;93;93051;2;2;1.0;6.0;48.84701525;2.53299505;2024-05-26 18:55:00
202400020522.0;5;42;42218;2;2;1.0;3.0;45.43548;4.38952;2024-07-23 23:50:00
202400020523.0;1;93;93057;2;2;1.0;6.0;48.9042;2.50463;2024-05-26 20:00:00
202400020524.0;1;41;41295;1;1;1.0;5.0;47.608088;1.37824;2024-07-30 17:35:00
202400020525.0;1;93;93007;2;3;1.0;6.0;48.949469;2.455559;2024-05-26 10:40:00
202400020526.0;1;37;37261;2;2;1.0;6.0;47.41224;0.70296;2024-07-29 07:00:00
202400020527.0;5;92;92023;2;1;1.0;7.0;48.80765355;2.27402455;2024-05-26 03:05:00
202400020528.0;1;35;35281;2;1;1.0;6.0;48.08284836;-1.71453623;2024-07-30 17:34:00
202400020529.0;1;92;92032;2;1;1.0;6.0;48.79048579;2.28956044;2024-05-26 11:52:00
202400020530.0;1;35;35278;1;1;1.0;2.0;48.14203;-1.66416;2024-07-30 16:30:00
202400020531.0;1;92;92012;2;1;1.0;5.0;48.83060197;2.2335856;2024-05-26 17:10:00
202400020532.0;1;35;35238;1;1;1.0;4.0;48.13253283;-1.7082211;2024-07-30 15:30:00
202400020533.0;5;92;92012;2;2;1.0;3.0;48.84297;2.24375;2024-05-26 01:53:00
202400020534.0;1;35;35115;2;3;1.0;2.0;48.35792;-1.19385;2024-07-29 18:05:00
202400020535.0;5;92;92012;2;1;1.0;6.0;48.82763533;2.2420553;2024-05-26 01:00:00
202400020536.0;1;34;34301;2;1;1.0;6.0;43.396472;3.660312;2024-07-29 19:50:00
202400020537.0;2;34;34172;2;2;1.0;3.0;43.62614;3.8823;2024-07-30 20:50:00
202400020538.0;1;34;34003;2;1;1.0;7.0;43.30708;3.46536;2024-07-29 14:50:00
202400020539.0;1;68;68026;2;1;8.0;2.0;48.144812;7.32418;2024-05-27 11:35:00
202400020540.0;1;33;33162;2;6;1.0;3.0;44.86495;-0.66454;2024-07-30 18:45:00
202400020541.0;1;974;97412;1;6;2.0;1.0;-21.373812;55.59877;2024-05-27 12:10:00
202400020542.0;5;67;67530;2;1;1.0;7.0;48.782968;7.5266;2024-05-26 03:00:00
202400020543.0;1;33;33063;2;2;1.0;3.0;44.85431;-0.56913;2024-07-30 15:13:00
202400020544.0;1;22;22190;1;1;2.0;6.0;48.51568895;-2.03887145;2024-05-26 17:45:00
202400020545.0;1;33;33039;2;6;1.0;3.0;44.7934;-0.53508;2024-07-27 15:00:00
202400020546.0;1;29;29232;2;1;1.0;3.0;47.995478;-4.098001;2024-07-30 09:35:00
202400020547.0;1;87;87148;1;1;1.0;1.0;45.714432;1.356146;2024-05-27 11:35:00
202400020548.0;1;29;29232;2;1;1.0;6.0;47.98092531;-4.10880644;2024-07-30 09:00:00
202400020549.0;1;6;6034;1;1;1.0;6.0;43.796074;7.207772;2024-05-27 07:00:00
202400020550.0;1;29;29019;1;1;1.0;7.0;48.379047;-4.545376;2024-07-29 16:40:00
202400020551.0;3;85;85109;1;1;1.0;7.0;46.89484;-1.05799;2024-05-26 23:00:00
202400020552.0;1;91;91679;1;9;1.0;3.0;48.732884;2.103839;2024-05-27 09:00:00
202400020553.0;1;51;51310;1;1;1.0;7.0;49.2072025;3.92002776;2024-05-26 18:20:00
202400020554.0;5;17;17300;2;9;1.0;3.0;46.1549;-1.13589;2024-07-30 22:16:00
202400020555.0;1;14;14117;2;1;1.0;6.0;49.2913;-0.12072;2024-07-20 12:35:00
202400020556.0;1;79;79164;1;2;1.0;3.0;46.191501;-0.06432;2024-05-25 20:40:00
202400020557.0;3;13;13117;2;1;1.0;3.0;43.4314017;5.2586898;2024-07-30 21:00:00
202400020558.0;2;82;82171;2;1;1.0;1.0;44.005499;1.178005;2024-05-26 06:19:00
202400020559.0;5;13;13208;2;1;1.0;1.0;43.25588;5.38239;2024-07-31 00:01:00
202400020560.0;3;89;89235;1;3;1.0;1.0;47.486063;3.990397;2024-05-26 23:20:00
202400020561.0;1;13;13215;2;3;1.0;3.0;43.34578;5.36842;2024-07-30 08:35:00
202400020562.0;2;61;61484;1;1;1.0;7.0;48.293322;0.60796;2024-05-26 07:30:00
202400020563.0;5;13;13063;2;2;1.0;2.0;43.58606;5.00227;2024-07-30 22:40:00
202400020564.0;1;61;61486;2;1;1.0;7.0;48.767759;-0.724453;2024-05-25 20:00:00
202400020565.0;5;13;13004;2;2;1.0;3.0;43.68215;4.63821;2024-07-30 22:10:00
202400020566.0;1;61;61028;1;1;1.0;5.0;48.836842;-0.235133;2024-05-27 08:38:00
202400020567.0;1;11;11262;2;1;1.0;5.0;43.17204;2.99064;2024-07-30 15:15:00
202400020568.0;1;55;55551;1;1;1.0;7.0;48.98466829;5.7134084;2024-05-09 19:00:00
202400020569.0;1;11;11024;1;9;1.0;6.0;43.13849;2.97111;2024-07-30 09:20:00
202400020570.0;3;49;49121;2;1;1.0;7.0;47.271397;-0.26512;2024-05-27 00:01:00
202400020571.0;1;8;8409;2;1;7.0;6.0;49.69799;4.9217;2024-07-29 10:00:00
202400020572.0;1;42;42092;2;1;1.0;6.0;45.485559;4.381349;2024-05-27 16:50:00
202400020573.0;1;44;44131;2;6;1.0;3.0;47.10414484;-2.06591239;2024-05-25 14:50:00
202400020574.0;1;6;6004;2;2;1.0;3.0;43.55512;7.133476;2024-07-29 16:41:00
202400020575.0;1;5;5061;2;9;1.0;6.0;44.55332;6.07867;2024-07-30 09:48:00
202400020576.0;1;29;29236;1;1;1.0;3.0;47.84615917;-3.70660154;2024-05-25 15:30:00
202400020577.0;1;4;4112;2;1;1.0;6.0;43.82885;5.77924;2024-07-30 13:25:00
202400020578.0;3;29;29173;1;3;1.0;3.0;48.01483058;-4.19868594;2024-05-18 02:30:00
202400020579.0;1;1;1344;1;1;1.0;1.0;46.19122;5.18866;2024-07-29 17:45:00
202400020580.0;1;75;75114;2;1;1.0;4.0;48.822948;2.312951;2024-07-30 13:10:00
202400020581.0;5;38;38062;1;2;1.0;1.0;45.402006;5.979223;2024-05-26 22:20:00
202400020582.0;1;84;84079;1;1;1.0;7.0;44.026026;5.323906;2024-05-26 10:40:00
202400020583.0;1;75;75115;2;1;1.0;4.0;48.833408;2.278343;2024-07-30 12:54:00
202400020584.0;1;3;3019;2;2;1.0;3.0;46.5959;3.670614;2024-05-25 17:15:00
202400020585.0;1;75;75112;2;1;1.0;2.0;48.831934;2.405092;2024-07-29 08:55:00
202400020586.0;1;1;1303;2;4;1.0;3.0;46.088937;5.407178;2024-05-26 15:30:00
202400020587.0;1;75;75115;2;5;1.0;2.0;48.83536426;2.26692259;2024-07-30 11:45:00
202400020588.0;1;66;66147;1;1;5.0;1.0;42.563417;1.777897;2024-05-27 12:00:00
202400020589.0;1;5;5132;1;1;1.0;6.0;44.688862;6.139973;2024-05-23 15:28:00
202400020590.0;1;9;9065;1;1;1.0;6.0;42.899594;1.360534;2024-05-26 11:45:00
202400020591.0;3;21;21704;2;1;1.0;6.0;47.822066;4.711761;2024-05-27 00:30:00
202400020592.0;1;27;27294;2;3;1.0;7.0;49.349727;1.363308;2024-05-20 17:15:00
202400020593.0;1;30;30059;2;2;1.0;3.0;43.6849;4.233121;2024-05-26 19:00:00
202400020594.0;1;13;13091;2;1;1.0;3.0;43.625009;5.293458;2024-05-27 07:45:00
202400020595.0;1;6;6018;2;9;1.0;1.0;43.626959;7.095307;2024-05-21 13:40:00
202400020596.0;1;95;95580;1;1;1.0;1.0;49.08519456;2.52990254;2024-05-27 14:20:00
202400020597.0;1;77;77339;1;1;1.0;2.0;48.383618;2.558098;2024-05-27 14:55:00
202400020598.0;1;973;97304;1;1;1.0;1.0;5.118771;-52.653201;2024-05-26 16:00:00
202400020599.0;1;78;78615;1;1;1.0;3.0;48.842901;1.924345;2024-03-16 11:50:00
202400020600.0;1;66;66115;1;1;8.0;7.0;42.53263346;2.86141545;2024-05-27 15:10:00
202400020601.0;1;6;6077;1;1;1.0;1.0;43.872224;7.351875;2024-05-23 16:30:00
202400020602.0;1;26;26084;1;1;1.0;5.0;44.993394;4.879646;2024-05-27 14:13:00
202400020603.0;1;89;89085;2;9;1.0;3.0;47.94104;3.491844;2024-05-27 15:55:00
202400020604.0;1;71;71342;1;3;1.0;3.0;46.43801;4.093992;2024-05-27 15:28:00
202400020605.0;1;71;71062;1;1;1.0;7.0;46.93059;4.259112;2024-05-26 15:50:00
202400020606.0;1;67;67351;2;1;1.0;7.0;48.952407;7.999239;2024-05-26 17:25:00
202400020607.0;1;54;54111;2;9;1.0;1.0;48.61867598;6.08601808;2024-05-23 13:40:00
202400020608.0;1;38;38236;1;1;1.0;7.0;45.421411;5.704056;2024-05-26 18:45:00
202400020609.0;1;69;69116;2;2;1.0;3.0;45.816571;4.772358;2024-05-25 15:37:00
202400020610.0;1;81;81081;2;1;1.0;6.0;43.491814;2.145794;2024-05-27 14:05:00
202400020611.0;1;65;65059;1;1;1.0;6.0;42.918799;0.189557;2024-02-28 09:35:00
202400020612.0;2;14;14530;2;1;1.0;6.0;49.214165;-0.290365;2024-05-26 06:00:00
202400020613.0;2;80;80410;2;1;1.0;3.0;49.742753;3.083808;2024-05-27 18:55:00
202400020614.0;1;59;59419;1;1;1.0;7.0;50.5234;3.259302;2024-05-26 21:35:00
202400020615.0;1;59;59477;2;1;1.0;6.0;50.51239632;2.91691303;2024-05-26 11:50:00
202400020616.0;1;13;13214;1;1;1.0;3.0;43.33026917;5.38957741;2024-05-26 18:41:00
202400020617.0;1;13;13215;1;1;1.0;2.0;43.37536866;5.36024259;2024-05-25 19:40:00
202400020618.0;1;13;13214;1;1;1.0;2.0;43.3343;5.3771;2024-05-24 19:00:00
202400020619.0;1;13;13088;1;1;1.0;6.0;43.37901;5.22352;2024-05-25 12:15:00
202400020620.0;1;13;13106;1;1;1.0;3.0;43.39426;5.35137;2024-05-24 19:17:00
202400020621.0;3;69;69275;1;1;1.0;2.0;45.77791833;4.96744966;2024-05-26 00:05:00
202400020622.0;1;67;67482;1;1;1.0;2.0;48.58767;7.72812;2024-05-24 09:43:00
202400020623.0;1;94;94021;1;1;1.0;6.0;48.76877597;2.34362068;2024-05-26 10:45:00
202400020624.0;1;91;91659;1;1;1.0;2.0;48.59119;2.44579;2024-05-26 06:00:00
202400020625.0;3;92;92064;1;1;1.0;1.0;48.83793332;2.19049695;2024-05-25 01:05:00
202400020626.0;1;78;78117;1;1;1.0;2.0;48.787879;2.144092;2024-05-25 19:30:00
202400020627.0;1;92;92036;1;1;1.0;6.0;48.93871924;2.30981521;2024-05-26 17:35:00
202400020628.0;1;93;93007;1;1;1.0;4.0;48.93439349;2.48054299;2024-05-26 17:30:00
202400020629.0;1;93;93007;1;1;1.0;2.0;48.93439349;2.48054299;2024-05-25 18:30:00
202400020630.0;1;64;64284;1;1;1.0;3.0;43.28086;-0.38754;2024-10-11 16:10:00
202400020631.0;1;77;77514;1;1;1.0;6.0;48.93546957;2.62810044;2024-05-25 11:45:00
202400020632.0;1;57;57240;2;1;1.0;1.0;49.14486;6.8117;2024-05-12 11:34:00
202400020633.0;2;64;64269;2;1;1.0;4.0;43.29799;-0.30222;2024-10-11 07:30:00
202400020634.0;1;62;62826;2;1;4.0;6.0;50.49808;1.6233;2024-01-20 16:30:00
202400020635.0;1;14;14258;2;1;1.0;7.0;48.890649;-0.184456;2024-02-09 17:20:00
202400020636.0;3;14;14216;1;1;1.0;2.0;48.919961;-0.104413;2024-02-08 05:30:00
202400020637.0;5;64;64024;2;3;1.0;3.0;43.47657316;-1.52634448;2024-10-12 00:30:00
202400020638.0;1;974;97416;1;9;1.0;1.0;-21.30331;55.42425;2024-05-25 10:35:00
202400020639.0;1;974;97416;1;9;2.0;3.0;-21.33038;55.45684;2024-05-25 06:45:00
202400020640.0;1;974;97411;2;1;1.0;7.0;-20.89077;55.46155;2024-05-25 16:40:00
202400020641.0;1;64;64102;2;6;1.0;3.0;43.48683;-1.46889;2024-10-10 17:56:00
202400020642.0;1;974;97407;2;1;1.0;2.0;-20.95889548;55.31986928;2024-05-25 10:35:00
202400020643.0;5;69;69383;2;2;1.0;6.0;45.76354882;4.84494552;2024-05-25 23:00:00
202400020644.0;1;64;64102;2;1;2.0;1.0;43.49678;-1.46317;2024-10-10 11:45:00
202400020645.0;5;69;69387;2;9;1.0;6.0;45.73386502;4.83514027;2024-05-25 22:40:00
202400020646.0;3;69;69034;2;3;1.0;3.0;45.7914;4.86291;2024-05-25 21:45:00
202400020647.0;5;63;63113;2;6;1.0;3.0;45.7822;3.0953;2024-10-11 06:09:00
202400020648.0;1;69;69034;2;1;8.0;1.0;45.79533;4.87467;2024-05-25 18:20:00
202400020649.0;1;971;97101;1;3;1.0;3.0;16.25353;-61.49366;2024-05-25 12:40:00
202400020650.0;1;62;62083;2;1;1.0;6.0;50.45496;2.61686;2024-10-10 18:35:00
202400020651.0;1;62;62250;2;1;1.0;6.0;50.45895;2.94528;2024-10-08 17:10:00
202400020652.0;1;2A;2A004;2;2;1.0;3.0;41.9337;8.74406;2024-05-24 17:55:00
202400020653.0;1;62;62186;2;1;1.0;3.0;50.43834732;2.72359997;2024-10-11 08:10:00
202400020654.0;5;84;84031;2;3;1.0;3.0;44.05209;5.04844;2024-05-25 02:10:00
202400020655.0;1;62;62523;2;1;1.0;7.0;50.43732;2.8717;2024-10-11 09:30:00
202400020656.0;1;83;83062;2;6;1.0;3.0;43.12493641;6.00462395;2024-05-25 15:30:00
202400020657.0;1;83;83009;2;1;1.0;6.0;43.14269;5.74802;2024-05-25 08:00:00
202400020658.0;1;62;62120;2;1;1.0;6.0;50.44234648;2.52059424;2024-10-11 19:00:00
202400020659.0;1;80;80021;2;1;1.0;3.0;49.889186;2.285088;2024-05-25 14:05:00
202400020660.0;1;60;60057;2;1;2.0;6.0;49.43331;2.10361;2024-10-11 12:00:00
202400020661.0;1;78;78650;2;2;1.0;3.0;48.89872;2.11749;2024-05-25 08:00:00
202400020662.0;1;77;77216;2;1;1.0;7.0;48.31432424;2.69336445;2024-05-24 11:45:00
202400020663.0;1;59;59426;2;1;1.0;6.0;50.743267;3.14303;2024-10-11 16:15:00
202400020664.0;5;76;76165;2;5;1.0;3.0;49.28256;1.01752;2024-05-25 02:05:00
202400020665.0;1;57;57227;2;1;1.0;6.0;49.183161;6.894956;2024-10-07 15:55:00
202400020666.0;5;56;56260;2;1;2.0;7.0;47.65375;-2.75742;2024-10-12 00:40:00
202400020667.0;1;76;76114;2;1;1.0;6.0;49.57961;0.47497;2024-05-25 19:15:00
202400020668.0;1;74;74010;2;1;8.0;3.0;45.90195;6.12877;2024-05-24 17:00:00
202400020669.0;1;56;56260;2;1;1.0;7.0;47.667;-2.745;2024-10-11 18:30:00