Num_Acc;lum;departement;commune;agglomeration;intersection;meteo;type_collision;lat;long;date
202400020670.0;1;72;72181;2;6;8.0;6.0;48.01646;0.24075;2024-05-25 17:47:00
202400020671.0;3;56;56098;1;1;1.0;6.0;47.76942;-3.31266;2024-10-11 07:55:00
202400020672.0;1;67;67218;1;1;1.0;1.0;48.53947;7.75432;2024-05-25 17:35:00
202400020673.0;5;56;56121;2;1;1.0;6.0;47.744727;-3.39555;2024-10-10 20:15:00
202400020674.0;1;67;67180;1;3;1.0;3.0;48.891337;7.832864;2024-05-25 15:50:00
202400020675.0;1;65;65440;2;1;1.0;3.0;43.2428;0.0788;2024-05-24 17:36:00
202400020676.0;1;56;56083;2;6;1.0;3.0;47.79966;-3.2606;2024-10-10 10:00:00
202400020677.0;1;64;64348;2;6;1.0;2.0;43.32048;-0.39192;2024-05-25 13:10:00
202400020678.0;1;64;64445;2;1;1.0;6.0;43.3001;-0.37525;2024-05-25 10:45:00
202400020679.0;3;54;54149;1;2;3.0;3.0;49.43893;5.91318;2024-10-09 05:29:00
202400020680.0;1;59;59350;2;9;1.0;6.0;50.63399;3.09603;2024-05-20 17:30:00
202400020681.0;1;51;51454;2;1;1.0;6.0;49.232869;4.007551;2024-10-11 12:45:00
202400020682.0;5;56;56260;2;6;2.0;3.0;47.65499;-2.73979;2024-05-25 22:22:00
202400020683.0;1;56;56260;2;1;1.0;3.0;47.65532;-2.79055;2024-05-24 07:50:00
202400020684.0;1;50;50532;1;1;1.0;2.0;48.8061;-1.5322;2024-10-11 14:25:00
202400020685.0;1;54;54304;2;2;1.0;3.0;48.67758952;6.14873081;2024-05-25 20:55:00
202400020686.0;1;50;50129;1;9;1.0;3.0;49.66142;-1.6896;2024-10-10 14:50:00
202400020687.0;1;54;54575;1;1;1.0;6.0;49.47466;5.83247;2024-05-25 14:25:00
202400020688.0;1;54;54036;1;1;3.0;6.0;49.30080007;6.00469351;2024-05-24 12:35:00
202400020689.0;5;49;49007;2;1;1.0;6.0;47.46903;-0.54973;2024-05-25 23:50:00
202400020690.0;2;49;49328;2;2;5.0;3.0;47.28094;-0.05414;2024-10-11 07:40:00
202400020691.0;1;49;49246;2;1;1.0;3.0;47.43601;-0.5027;2024-05-25 17:38:00
202400020692.0;1;49;49007;1;1;1.0;7.0;47.467914;-0.584888;2024-05-25 12:20:00
202400020693.0;1;47;47001;2;1;2.0;2.0;44.18723;0.62025;2024-10-11 11:15:00
202400020694.0;1;36;36159;1;9;1.0;6.0;46.79198;1.73659;2024-05-24 17:30:00
202400020695.0;1;45;45298;2;1;8.0;1.0;47.892844;1.876837;2024-10-11 09:10:00
202400020696.0;3;35;35051;2;3;1.0;3.0;48.13555;-1.62586;2024-05-25 22:30:00
202400020697.0;1;45;45234;2;1;1.0;6.0;47.902708;1.912284;2024-10-11 07:55:00
202400020698.0;5;34;34172;2;1;1.0;2.0;43.58918;3.85543;2024-05-26 23:30:00
202400020699.0;1;45;45338;2;1;1.0;2.0;47.987972;2.700359;2024-10-11 15:20:00
202400020700.0;5;33;33063;2;1;1.0;2.0;44.84994632;-0.56980044;2024-05-25 05:24:00
202400020701.0;1;45;45068;2;2;1.0;3.0;48.014486;2.736736;2024-10-11 09:15:00
202400020702.0;3;33;33550;2;1;1.0;1.0;44.77322;-0.53733;2024-05-25 01:25:00
202400020703.0;1;33;33063;2;1;1.0;3.0;44.816075;-0.57239;2024-05-24 16:45:00
202400020704.0;1;45;45068;2;1;1.0;1.0;48.013152;2.727824;2024-10-10 10:30:00
202400020705.0;1;33;33039;2;2;1.0;3.0;44.795594;-0.567885;2024-05-23 20:17:00
202400020706.0;3;44;44109;2;1;1.0;3.0;47.23194;-1.58788;2024-10-11 22:05:00
202400020707.0;2;31;31555;2;6;1.0;1.0;43.55799;1.49301;2024-05-25 05:00:00
202400020708.0;1;29;29232;1;1;2.0;3.0;47.97407;-4.054582;2024-05-25 20:05:00
202400020709.0;5;44;44109;2;6;1.0;3.0;47.21759;-1.60196;2024-10-11 20:50:00
202400020710.0;2;29;29254;1;1;1.0;2.0;48.57774741;-3.85384025;2024-05-24 21:40:00
202400020711.0;1;42;42127;2;1;1.0;4.0;46.077;4.036;2024-10-08 17:10:00
202400020712.0;3;22;22360;1;6;2.0;3.0;48.49308;-2.76222;2024-05-25 23:47:00
202400020713.0;5;13;13208;2;6;1.0;3.0;43.25064;5.38927;2024-05-24 23:43:00
202400020714.0;5;42;42095;2;5;1.0;6.0;45.38503;4.28409;2024-10-11 21:00:00
202400020715.0;1;13;13208;2;1;2.0;3.0;43.27367;5.39323;2024-05-24 13:45:00
202400020716.0;1;42;42044;1;1;1.0;7.0;45.39889;4.34119;2024-10-08 16:30:00
202400020717.0;2;8;8105;2;9;1.0;6.0;49.75202;4.70298;2024-05-25 05:00:00
202400020718.0;1;39;39300;2;2;1.0;1.0;46.673799;5.571194;2024-09-24 14:15:00
202400020719.0;1;5;5023;2;3;1.0;3.0;44.90388;6.62826;2024-05-25 13:05:00
202400020720.0;1;38;38053;2;2;1.0;3.0;45.59095;5.28364;2024-10-11 13:00:00
202400020721.0;1;4;4112;2;3;1.0;2.0;43.82057;5.79504;2024-05-25 09:05:00
202400020722.0;1;1;1053;2;1;1.0;3.0;46.187321;5.226739;2024-05-25 20:15:00
202400020723.0;5;37;37261;2;1;1.0;2.0;47.38215;0.69216;2024-10-11 00:45:00
202400020724.0;1;75;75120;2;1;1.0;2.0;48.869643;2.413267;2024-05-25 18:35:00
202400020725.0;5;34;34172;2;4;2.0;1.0;43.59347;3.85976;2024-10-10 01:10:00
202400020726.0;5;75;75120;2;1;1.0;2.0;48.855447;2.413826;2024-05-24 21:20:00
202400020727.0;1;33;33063;2;3;1.0;6.0;44.86207;-0.55473;2024-10-11 18:40:00
202400020728.0;1;75;75118;2;2;1.0;3.0;48.89182;2.34394;2024-05-25 11:50:00
202400020729.0;1;31;31555;2;1;1.0;3.0;43.61642426;1.45364463;2024-10-11 13:00:00
202400020730.0;5;75;75118;2;2;1.0;3.0;48.891268;2.363263;2024-05-25 01:30:00
202400020731.0;4;30;30007;1;1;1.0;7.0;44.11257;4.09408;2024-10-12 00:08:00
202400020732.0;5;29;29173;2;1;1.0;7.0;48.00757881;-4.17766803;2024-10-11 02:20:00
202400020733.0;1;29;29019;2;6;1.0;6.0;48.392864;-4.479229;2024-10-11 10:50:00
202400020734.0;1;25;25462;2;1;1.0;6.0;46.900227;6.360009;2024-10-11 16:55:00
202400020735.0;1;23;23096;2;2;1.0;3.0;46.16867;1.87414;2024-10-10 12:40:00
202400020736.0;1;22;22278;2;1;2.0;1.0;48.50557;-2.74455;2024-10-09 17:05:00
202400020737.0;1;19;19031;2;1;1.0;6.0;45.15787;1.52543;2024-10-11 17:55:00
202400020738.0;1;17;17415;2;3;1.0;3.0;45.74551;-0.62517;2024-10-11 13:15:00
202400020739.0;1;14;14326;2;3;1.0;3.0;49.14742;0.27636;2024-10-11 13:45:00
202400020740.0;1;14;14587;1;1;3.0;6.0;49.19196;-0.42181;2024-10-09 14:14:00
202400020741.0;1;14;14341;2;1;2.0;3.0;49.150686;-0.350985;2024-10-09 16:40:00
202400020742.0;5;13;13056;2;1;1.0;5.0;43.40258;5.05311;2024-10-12 00:50:00
202400020743.0;5;13;13205;2;3;1.0;3.0;43.29759218;5.38867908;2024-10-11 06:45:00
202400020744.0;5;13;13208;2;1;1.0;2.0;43.26023;5.37539;2024-10-11 01:09:00
202400020745.0;5;10;10387;2;3;1.0;3.0;48.29399;4.08175;2024-10-11 22:23:00
202400020746.0;1;10;10387;2;1;2.0;6.0;48.30997;4.0907;2024-10-10 11:35:00
202400020747.0;5;6;6104;2;6;1.0;6.0;43.755942;7.477555;2024-10-10 22:00:00
202400020748.0;2;5;5061;2;1;3.0;6.0;44.54774;6.06593;2024-10-08 08:30:00
202400020749.0;5;75;75119;2;2;1.0;2.0;48.89528;2.3719806;2024-10-11 23:20:00
202400020750.0;1;75;75118;2;5;1.0;3.0;48.896758;2.338496;2024-10-11 15:00:00
202400020751.0;1;75;75116;2;2;1.0;6.0;48.862388;2.270632;2024-10-11 08:15:00
202400020752.0;1;75;75115;2;2;1.0;6.0;48.837229;2.296391;2024-10-11 11:00:00
202400020753.0;5;75;75115;2;2;1.0;3.0;48.8525;2.290584;2024-10-11 05:40:00
202400020754.0;1;75;75114;2;2;1.0;7.0;48.83303;2.335983;2024-10-11 16:25:00
202400020755.0;1;75;75114;2;2;1.0;7.0;48.819768;2.342856;2024-10-11 09:35:00
202400020756.0;1;75;75114;2;1;2.0;4.0;48.833422;2.332674;2024-10-10 18:30:00
202400020757.0;1;75;75114;2;3;8.0;6.0;48.823999;2.316268;2024-10-10 07:55:00
202400020758.0;5;75;75109;2;7;1.0;6.0;48.872714;2.335331;2024-10-11 03:00:00
202400020759.0;5;75;75108;2;1;1.0;3.0;48.869746;2.315284;2024-10-11 21:47:00
202400020760.0;5;75;75108;2;7;1.0;3.0;48.869241;2.324082;2024-10-11 19:45:00
202400020761.0;1;94;94037;2;1;1.0;6.0;48.814296;2.342498;2024-10-11 09:00:00
202400020762.0;5;94;94017;2;1;1.0;3.0;48.81525688;2.50561358;2024-10-10 22:10:00
202400020763.0;1;93;93078;2;2;1.0;3.0;48.95823239;2.55848041;2024-10-11 13:30:00
202400020764.0;1;93;93053;2;1;1.0;1.0;48.89214345;2.44995117;2024-10-10 18:40:00
202400020765.0;1;93;93053;2;1;3.0;2.0;48.8911124;2.44897576;2024-10-10 17:00:00
202400020766.0;5;93;93050;2;3;8.0;3.0;48.85566813;2.52663732;2024-10-10 21:10:00
202400020767.0;5;93;93050;2;4;8.0;6.0;48.85589033;2.52805546;2024-10-10 20:25:00
202400020768.0;2;93;93049;2;1;1.0;6.0;48.8724;2.50785;2024-10-11 07:45:00
202400020769.0;1;93;93063;2;2;1.0;6.0;48.88312;2.43649;2024-10-11 11:10:00
202400020770.0;1;92;92076;2;1;1.0;3.0;48.83772857;2.15925761;2024-10-11 17:50:00
202400020771.0;1;92;92064;2;1;1.0;6.0;48.84479;2.22032;2024-10-11 09:52:00
202400020772.0;1;92;92020;2;1;1.0;2.0;48.81141376;2.2971864;2024-10-11 10:45:00
202400020773.0;1;92;92036;2;1;1.0;2.0;48.94214643;2.30290174;2024-10-11 18:45:00
202400020774.0;1;92;92035;2;9;2.0;3.0;48.90493;2.23363;2024-10-10 13:20:00
202400020775.0;1;92;92026;2;9;1.0;2.0;48.89666029;2.2403647;2024-10-11 08:05:00
202400020776.0;1;92;92025;2;1;8.0;1.0;48.93205847;2.26628289;2024-10-11 07:30:00
202400020777.0;1;92;92025;2;1;1.0;2.0;48.91518349;2.22891882;2024-10-10 16:15:00
202400020778.0;1;92;92024;2;1;1.0;7.0;48.90831914;2.3054029;2024-10-11 09:05:00
202400020779.0;2;92;92012;2;1;1.0;3.0;48.83903452;2.24738583;2024-10-11 07:45:00
202400020780.0;1;92;92004;2;1;1.0;6.0;48.91763;2.3148;2024-10-11 17:50:00
202400020781.0;3;37;37126;1;1;1.0;6.0;47.13386884;0.11825252;2024-10-11 19:45:00
202400020782.0;1;60;60269;1;2;1.0;3.0;49.618139;1.948965;2024-10-11 10:55:00
202400020783.0;1;35;35180;1;2;5.0;3.0;48.283379;-1.954472;2024-10-11 09:45:00
202400020784.0;3;51;51224;1;3;1.0;2.0;48.696286;4.693608;2024-10-11 19:00:00
202400020785.0;1;62;62882;1;1;1.0;1.0;50.67696818;2.15291545;2024-10-12 17:15:00
202400020786.0;1;6;6006;1;1;1.0;7.0;43.758747;7.246605;2024-10-12 13:35:00
202400020787.0;1;50;50553;1;1;1.0;6.0;48.57005334;-1.3335817;2024-10-12 09:50:00
202400020788.0;3;30;30286;1;1;1.0;7.0;44.000456;4.451405;2024-10-11 22:50:00
202400020789.0;1;83;83131;2;1;1.0;5.0;43.203045;6.028597;2024-10-11 17:35:00
202400020790.0;2;51;51564;1;1;2.0;7.0;49.133093;4.102921;2024-10-11 18:00:00
202400020791.0;1;76;76292;2;1;1.0;2.0;49.531511;1.525076;2024-10-11 14:45:00
202400020792.0;1;2A;2A271;2;1;1.0;3.0;41.9581225;8.80271763;2024-10-11 16:55:00
202400020793.0;1;82;82126;1;1;2.0;1.0;44.155562;1.57023;2024-10-10 12:15:00
202400020794.0;3;65;65360;1;1;1.0;6.0;43.102189;-0.131814;2024-10-12 00:30:00
202400020795.0;1;65;65235;2;2;1.0;1.0;43.198829;0.032884;2024-09-30 09:15:00
202400020796.0;5;49;49331;1;6;1.0;1.0;47.69709;-0.870135;2024-09-28 23:40:00
202400020797.0;1;42;42273;1;2;1.0;3.0;46.17752;4.127426;2024-10-11 15:30:00
202400020798.0;1;25;25200;1;1;2.0;5.0;47.326149;6.022053;2024-10-12 13:10:00
202400020799.0;1;29;29037;2;3;1.0;3.0;47.88705113;-4.15582001;2024-10-12 17:50:00
202400020800.0;1;66;66036;1;1;1.0;7.0;42.530125;2.247863;2024-10-12 16:56:00
202400020801.0;1;64;64018;1;3;1.0;3.0;43.356912;-1.045616;2024-10-12 14:55:00
202400020802.0;5;16;16295;2;1;3.0;6.0;45.796486;0.134569;2024-10-09 07:00:00
202400020803.0;3;16;16065;1;3;1.0;3.0;46.077901;0.791321;2024-10-12 00:25:00
202400020804.0;1;21;21603;2;1;1.0;6.0;47.491644;4.335112;2024-10-11 17:15:00
202400020805.0;1;85;85102;1;1;1.0;6.0;46.864446;-1.643035;2024-10-11 17:20:00
202400020806.0;1;27;27333;1;1;1.0;6.0;49.333876;1.683869;2024-10-11 16:10:00
202400020807.0;1;27;27113;1;2;8.0;6.0;49.209579;0.676796;2024-10-12 15:30:00
202400020808.0;2;30;30088;1;1;2.0;6.0;43.846545;4.09804;2024-10-12 18:15:00
202400020809.0;2;30;30184;1;1;2.0;7.0;43.975124;4.226483;2024-10-12 18:56:00
202400020810.0;1;31;31395;1;1;1.0;6.0;43.487202;1.329442;2024-10-11 11:50:00
202400020811.0;1;31;31424;2;1;1.0;2.0;43.56451;1.318493;2024-10-08 15:26:00
202400020812.0;1;35;35352;2;6;1.0;3.0;48.049928;-1.606299;2024-10-11 13:45:00
202400020813.0;5;6;6085;2;6;1.0;3.0;43.618143;6.972338;2024-10-11 20:12:00
202400020814.0;1;34;34113;1;1;1.0;5.0;43.495129;3.720964;2024-10-11 14:50:00
202400020815.0;1;11;11014;1;1;1.0;1.0;43.174852;3.082268;2024-10-12 17:30:00
202400020816.0;1;11;11170;1;1;1.0;2.0;43.123007;3.073318;2024-10-10 16:40:00
202400020817.0;1;13;13114;1;3;1.0;3.0;43.526804;5.289531;2024-10-11 17:40:00
202400020818.0;1;66;66049;1;1;1.0;2.0;42.490224;2.777138;2024-10-10 10:00:00
202400020819.0;3;69;69235;1;1;1.0;7.0;45.531397;4.857126;2024-10-12 01:00:00
202400020820.0;1;988;98823;1;4;1.0;6.0;-21.06619;165.394444;2024-10-10 16:00:00
202400020821.0;1;988;98804;2;3;1.0;3.0;-21.52931;165.97559;2024-10-12 14:40:00
202400020822.0;1;77;77257;2;3;1.0;3.0;49.026585;3.025516;2024-10-11 16:35:00
202400020823.0;2;66;66140;1;1;1.0;2.0;42.692292;2.754887;2024-10-12 19:05:00
202400020824.0;3;34;34154;1;1;1.0;6.0;43.617771;3.983333;2024-10-12 01:13:00
202400020825.0;3;6;6128;1;1;1.0;6.0;43.689121;7.130857;2024-10-11 20:00:00
202400020826.0;2;38;38003;2;1;1.0;6.0;45.342151;4.850898;2024-10-10 17:54:00
202400020827.0;3;38;38545;1;1;1.0;6.0;45.040338;5.670794;2024-10-12 01:48:00
202400020828.0;3;14;14762;1;1;1.0;7.0;48.875666;-0.876032;2024-10-04 22:05:00
202400020829.0;1;29;29055;2;1;1.0;6.0;48.56124759;-4.33653247;2024-10-11 17:20:00
202400020830.0;4;22;22162;2;1;1.0;7.0;48.778606;-3.055605;2024-10-12 00:40:00
202400020831.0;1;13;13056;1;1;2.0;5.0;43.3985;5.08593;2024-10-08 08:20:00
202400020832.0;1;33;33550;1;1;2.0;4.0;44.777712;-0.561891;2024-10-09 07:54:00
202400020833.0;3;91;91617;1;1;1.0;2.0;48.631702;2.519352;2024-10-11 18:40:00
202400020834.0;1;91;91377;1;1;1.0;2.0;48.72595;2.30112;2024-10-11 12:30:00
202400020835.0;3;91;91174;1;1;1.0;7.0;48.61878;2.45814;2024-10-11 01:57:00
202400020836.0;1;92;92048;1;1;1.0;2.0;48.78772156;2.22217275;2024-10-11 14:30:00
202400020837.0;1;92;92025;1;1;1.0;4.0;48.91903976;2.22360689;2024-10-11 10:15:00
202400020838.0;3;78;78640;1;1;1.0;2.0;48.779499;2.222509;2024-10-10 20:24:00
202400020839.0;1;92;92072;1;1;2.0;6.0;48.82602589;2.22262601;2024-10-10 14:55:00
202400020840.0;1;92;92036;1;1;1.0;7.0;48.93370714;2.2742219;2024-10-10 12:58:00
202400020841.0;1;93;93027;1;1;1.0;2.0;48.93857444;2.41556063;2024-10-11 16:30:00
202400020842.0;1;93;93005;1;1;1.0;3.0;48.9601487;2.47352444;2024-10-11 15:20:00
202400020843.0;1;93;93078;1;1;1.0;5.0;48.96923893;2.50452379;2024-10-08 18:00:00
202400020844.0;1;93;93066;1;1;1.0;2.0;48.92536061;2.33939297;2024-10-11 08:30:00
202400020845.0;1;95;95572;1;1;1.0;2.0;49.03467133;2.10094755;2024-10-10 17:40:00
202400020846.0;1;95;95572;1;1;2.0;2.0;49.03527323;2.11585884;2024-10-10 13:15:00
202400020847.0;3;95;95604;1;1;3.0;2.0;49.09810918;2.55024523;2024-10-09 21:40:00
202400020848.0;1;95;95582;1;1;3.0;6.0;48.975373;2.24146664;2024-10-09 14:00:00
202400020849.0;1;95;95582;1;1;3.0;6.0;48.97562164;2.24024027;2024-10-09 12:00:00
202400020850.0;3;94;94073;1;1;2.0;5.0;48.768846;2.37919993;2024-10-10 01:30:00
202400020851.0;5;974;97411;2;1;1.0;6.0;-20.89314;55.48445;2024-10-10 18:20:00
202400020852.0;1;974;97409;2;1;1.0;6.0;-20.97351;55.65876;2024-10-09 17:20:00
202400020853.0;1;69;69388;2;8;1.0;6.0;45.73759;4.86556;2024-10-10 16:30:00
202400020854.0;1;69;69388;2;2;1.0;3.0;45.7321;4.86077;2024-10-10 11:15:00
202400020855.0;4;69;69383;2;2;1.0;1.0;45.75289;4.85346;2024-10-10 06:30:00
202400020856.0;1;69;69382;2;1;8.0;3.0;45.75700935;4.83773363;2024-10-10 18:00:00
202400020857.0;1;91;91201;2;3;2.0;1.0;48.68448;2.43391;2024-10-10 08:10:00
202400020858.0;5;91;91479;2;1;1.0;2.0;48.70782;2.37143;2024-10-10 19:20:00
202400020859.0;1;90;90010;2;3;1.0;3.0;47.636389;6.842722;2024-10-09 15:59:00
202400020860.0;1;84;84035;2;6;1.0;1.0;43.836552;5.04096;2024-10-09 17:55:00
202400020861.0;1;84;84031;2;1;1.0;4.0;44.04917;5.03664;2024-10-09 17:55:00
202400020862.0;1;84;84007;2;1;1.0;2.0;43.9287;4.80658;2024-10-09 09:00:00
202400020863.0;5;83;83137;2;1;1.0;1.0;43.12482;5.9309;2024-10-10 20:17:00
202400020864.0;1;83;83137;2;3;1.0;3.0;43.11062;5.9323;2024-10-09 17:10:00
202400020865.0;1;83;83098;2;9;1.0;3.0;43.10876;6.01232;2024-10-09 10:15:00
202400020866.0;1;83;83069;2;1;1.0;6.0;43.12035;6.13185;2024-10-10 11:05:00
202400020867.0;1;82;82121;2;3;1.0;3.0;44.02714;1.36741;2024-10-10 16:15:00
202400020868.0;5;79;79191;2;2;3.0;3.0;46.33355;-0.43294;2024-10-09 07:40:00
202400020869.0;1;78;78498;1;1;1.0;5.0;48.895112;1.99366;2024-10-10 09:17:00
202400020870.0;2;77;77288;2;1;2.0;6.0;48.52801;2.65554;2024-10-09 07:45:00
202400020871.0;5;76;76540;2;2;1.0;2.0;49.42915;1.09205;2024-10-10 22:45:00
202400020872.0;1;76;76351;2;3;1.0;6.0;49.51715;0.09755;2024-10-08 10:30:00
202400020873.0;5;76;76351;2;2;1.0;3.0;49.508;0.14936;2024-10-08 20:35:00
202400020874.0;1;72;72181;2;1;2.0;6.0;48.01880749;0.16461253;2024-10-09 13:10:00
202400020875.0;1;71;71540;2;1;1.0;1.0;46.79051944;4.4473764;2024-10-09 18:20:00
202400020876.0;1;69;69266;2;6;3.0;3.0;45.78475;4.86352;2024-10-10 08:30:00
202400020877.0;1;67;67482;2;8;1.0;3.0;48.59996;7.78425;2024-10-10 16:24:00
202400020878.0;1;67;67482;2;1;1.0;3.0;48.58704;7.76048;2024-10-10 14:20:00
202400020879.0;1;64;64125;2;9;1.0;3.0;43.43868;-1.58648;2024-10-09 10:02:00
202400020880.0;1;63;63300;2;2;1.0;6.0;45.89756243;3.10671285;2024-10-10 16:50:00
202400020881.0;1;95;95018;1;1;1.0;2.0;48.9603364;2.27113018;2024-06-28 21:05:00
202400020882.0;1;95;95256;1;1;1.0;5.0;49.0550617;2.20194139;2024-06-28 20:50:00
202400020883.0;1;93;93010;1;1;1.0;2.0;48.89957019;2.46959801;2024-06-28 17:15:00
202400020884.0;2;77;77258;1;1;1.0;6.0;48.8324637;2.65688229;2024-06-29 07:05:00
202400020885.0;5;974;97411;2;1;1.0;6.0;-20.89587;55.49209;2024-06-28 19:20:00
202400020886.0;1;973;97302;1;1;1.0;7.0;4.90674;-52.32477;2024-06-28 18:10:00
202400020887.0;2;973;97302;2;1;1.0;2.0;4.91967;-52.31892;2024-06-27 18:25:00
202400020888.0;1;973;97302;2;1;1.0;2.0;4.93396779;-52.3193188;2024-06-27 17:30:00
202400020889.0;1;69;69387;2;2;1.0;3.0;45.75441;4.8454;2024-06-28 18:40:00
202400020890.0;1;69;69383;2;2;1.0;3.0;45.76159284;4.84540055;2024-06-28 17:00:00
202400020891.0;1;69;69386;2;1;1.0;2.0;45.77002;4.84348;2024-06-28 10:20:00
202400020892.0;5;69;69386;2;2;1.0;3.0;45.7678;4.85553;2024-06-28 02:15:00
202400020893.0;2;972;97213;1;1;1.0;2.0;14.61697;-60.9966;2024-06-27 18:40:00
202400020894.0;1;972;97209;1;1;1.0;5.0;14.61821;-61.0362;2024-06-28 10:45:00
202400020895.0;1;971;97113;2;1;1.0;4.0;16.21807;-61.49842;2024-06-28 06:00:00
202400020896.0;1;95;95585;2;1;1.0;3.0;48.98532;2.38814;2024-06-28 17:50:00
202400020897.0;1;95;95277;2;9;1.0;7.0;48.97505761;2.49647677;2024-06-28 18:30:00
202400020898.0;1;95;95582;2;9;1.0;6.0;48.97103799;2.25579859;2024-06-28 15:04:00
202400020899.0;1;91;91027;2;3;7.0;6.0;48.70691;2.3835;2024-06-28 08:45:00
202400020900.0;1;90;90029;2;2;1.0;3.0;47.654085;6.83649;2024-06-25 15:50:00
202400020901.0;1;87;87085;2;3;1.0;3.0;45.8285;1.26266;2024-06-27 21:20:00
202400020902.0;5;30;30351;2;1;1.0;1.0;43.96733;4.8024;2024-06-28 01:50:00
202400020903.0;1;84;84007;2;6;1.0;2.0;43.950281;4.860703;2024-06-27 12:00:00
202400020904.0;1;84;84007;2;2;1.0;4.0;43.92887;4.81305;2024-06-27 10:35:00
202400020905.0;1;81;81065;2;1;1.0;6.0;43.60892;2.24544;2024-06-28 14:00:00
202400020906.0;1;80;80021;2;1;1.0;6.0;49.87091;2.29468;2024-06-27 10:50:00
202400020907.0;1;78;78586;2;9;1.0;6.0;48.941;2.1649;2024-06-28 17:40:00
202400020908.0;1;78;78418;2;9;1.0;1.0;48.92736;2.14029;2024-06-28 18:00:00
202400020909.0;1;78;78481;2;1;1.0;6.0;48.8805;2.09595;2024-06-28 09:30:00
202400020910.0;5;78;78146;2;1;1.0;6.0;48.91018;2.13832;2024-06-28 01:50:00
202400020911.0;1;78;78517;1;1;1.0;3.0;48.65877;1.82486;2024-06-25 17:40:00
202400020912.0;1;78;78621;2;1;1.0;6.0;48.78386;1.9924;2024-06-27 14:30:00
202400020913.0;5;78;78172;1;3;1.0;3.0;49.002215;2.0815;2024-06-28 01:00:00
202400020914.0;1;77;77350;1;1;1.0;6.0;48.76723;2.64937;2024-06-28 19:25:00
202400020915.0;3;77;77067;1;1;1.0;3.0;48.557554;2.599873;2024-06-28 23:25:00
202400020916.0;1;77;77053;1;1;1.0;7.0;48.67159032;2.58494921;2024-06-28 16:30:00
202400020917.0;1;77;77288;2;3;1.0;3.0;48.54524;2.65066;2024-06-28 14:15:00
202400020918.0;1;77;77122;2;3;1.0;3.0;48.666097;2.557448;2024-06-28 13:00:00
202400020919.0;1;76;76351;2;2;1.0;6.0;49.4948;0.11128;2024-06-27 15:25:00
202400020920.0;5;72;72181;2;6;1.0;3.0;47.99913;0.20975;2024-06-28 22:35:00
202400020921.0;2;71;71270;2;1;1.0;6.0;46.30212;4.83113;2024-06-28 21:40:00
202400020922.0;1;69;69290;2;2;1.0;3.0;45.71503;4.92542;2024-06-27 14:10:00
202400020923.0;1;95;95018;1;1;2.0;3.0;48.9585871;2.27405291;2024-11-17 08:15:00
202400020924.0;1;69;69096;2;3;7.0;3.0;45.60578;4.78282;2024-06-28 09:15:00
202400020925.0;1;67;67482;2;1;1.0;6.0;48.59112;7.74182;2024-06-27 15:40:00
202400020926.0;5;93;93053;1;1;1.0;3.0;48.88722551;2.47394088;2024-11-16 18:00:00
202400020927.0;1;64;64445;2;6;8.0;3.0;43.30387;-0.35621;2024-06-28 08:15:00
202400020928.0;2;64;64122;2;1;1.0;2.0;43.48214;-1.55474;2024-06-27 21:30:00
202400020929.0;5;64;64102;2;1;1.0;6.0;43.49472;-1.46852;2024-06-28 22:00:00
202400020930.0;2;95;95252;1;1;1.0;3.0;48.98859238;2.24343194;2024-11-16 19:10:00
202400020931.0;1;63;63032;2;2;3.0;3.0;45.75492446;3.09679806;2024-06-28 16:16:00
202400020932.0;3;93;93007;1;1;1.0;3.0;48.931258;2.48097635;2024-11-16 20:10:00
202400020933.0;1;62;62510;2;1;1.0;6.0;50.42225415;2.77408996;2024-06-28 16:20:00
202400020934.0;5;94;94065;1;1;1.0;6.0;48.75453592;2.34767061;2024-11-17 04:00:00
202400020935.0;1;62;62510;2;3;1.0;3.0;50.41706352;2.77953243;2024-06-24 13:10:00
202400020936.0;1;62;62193;2;7;1.0;3.0;50.93974;1.86932;2024-06-27 18:10:00
202400020937.0;1;59;59426;2;1;1.0;6.0;50.74356134;3.1502223;2024-06-25 15:45:00
202400020938.0;2;38;38185;2;2;1.0;3.0;45.18571;5.71213;2024-08-31 06:30:00
202400020939.0;1;59;59354;2;1;1.0;3.0;50.35838;3.16397;2024-06-26 13:45:00
202400020940.0;1;56;56121;2;1;1.0;3.0;47.7465;-3.36791;2024-06-28 15:58:00
202400020941.0;5;38;38185;2;1;1.0;5.0;45.16342;5.71291;2024-08-20 21:14:00
202400020942.0;1;51;51055;1;1;1.0;2.0;49.28651;4.0285;2024-06-28 15:00:00
202400020943.0;1;50;50532;1;1;1.0;6.0;48.79593;-1.5615;2024-06-28 12:20:00
202400020944.0;1;50;50129;2;2;1.0;2.0;49.63451;-1.60235;2024-06-27 08:25:00
202400020945.0;1;38;38169;2;9;1.0;3.0;45.19562;5.67465;2024-08-08 17:36:00
202400020946.0;1;50;50129;2;2;1.0;3.0;49.63755;-1.60559;2024-06-26 16:50:00
202400020947.0;1;49;49015;1;1;1.0;4.0;47.50133;-0.62092;2024-06-28 14:35:00
202400020948.0;1;14;14705;1;1;7.0;3.0;49.232466;-0.937668;2024-08-18 17:05:00
202400020949.0;1;49;49007;2;2;1.0;3.0;47.47479;-0.55299;2024-06-27 18:55:00
202400020950.0;1;49;49007;2;3;1.0;7.0;47.47192;-0.54206;2024-06-25 21:50:00
202400020951.0;1;75;75112;2;1;8.0;2.0;48.834557;2.410471;2024-11-15 13:00:00
202400020952.0;1;49;49007;2;1;1.0;6.0;47.468;-0.54519;2024-06-27 11:34:00
202400020953.0;5;75;75120;2;2;1.0;3.0;48.84905;2.409236;2024-11-17 23:25:00