Num_Acc;lum;departement;commune;agglomeration;intersection;meteo;type_collision;lat;long;date
202400020954.0;3;44;44184;1;1;9.0;2.0;47.28945;-2.23946;2024-03-10 04:20:00
202400020955.0;5;75;75119;2;4;1.0;3.0;48.881442;2.380628;2024-11-17 01:25:00
202400020956.0;5;37;37233;2;3;5.0;6.0;47.39166;0.7097;2024-03-10 06:00:00
202400020957.0;1;49;49007;2;6;1.0;3.0;47.46066;-0.59627;2024-06-27 09:28:00
202400020958.0;2;37;37261;2;6;5.0;6.0;47.42015;0.71679;2024-03-10 06:40:00
202400020959.0;1;75;75117;2;3;2.0;6.0;48.89774012;2.32900769;2024-11-17 15:10:00
202400020960.0;1;37;37208;2;1;1.0;2.0;47.36850424;0.73511696;2024-06-28 19:25:00
202400020961.0;3;28;28134;2;1;1.0;6.0;48.7226;1.3818;2024-03-10 20:15:00
202400020962.0;1;75;75117;2;7;8.0;7.0;48.88449824;2.29717845;2024-11-17 10:10:00
202400020963.0;1;35;35238;2;3;1.0;3.0;48.11478;-1.65257;2024-06-28 14:00:00
202400020964.0;1;75;75115;2;2;1.0;3.0;48.843078;2.306849;2024-11-17 14:30:00
202400020965.0;5;33;33063;2;1;1.0;2.0;44.85037;-0.60563;2024-06-29 00:12:00
202400020966.0;1;13;13005;2;1;1.0;6.0;43.29065;5.57064;2024-03-10 12:10:00
202400020967.0;1;75;75115;2;7;2.0;3.0;48.836865;2.278842;2024-11-17 09:45:00
202400020968.0;4;33;33032;1;6;1.0;7.0;44.89349;-0.52982;2024-06-28 03:35:00
202400020969.0;5;13;13001;2;2;8.0;3.0;43.52884;5.43774;2024-03-10 22:17:00
202400020970.0;1;27;27681;2;1;1.0;6.0;49.08243;1.47831;2024-06-28 14:40:00
202400020971.0;1;75;75110;2;3;1.0;3.0;48.870183;2.35051;2024-11-16 14:41:00
202400020972.0;1;27;27229;2;1;1.0;6.0;49.0353;1.1356;2024-06-28 11:30:00
202400020973.0;5;1;1283;2;2;1.0;3.0;46.2608;5.6569;2024-03-09 21:57:00
202400020974.0;2;75;75103;2;2;1.0;6.0;48.860524;2.361816;2024-11-17 16:40:00
202400020975.0;2;25;25056;2;6;1.0;6.0;47.23336;5.984;2024-06-28 21:55:00
202400020976.0;3;94;94078;2;1;1.0;7.0;48.7249335;2.45182952;2024-11-17 01:01:00
202400020977.0;1;18;18033;2;1;1.0;7.0;47.0514;2.39652;2024-06-26 12:05:00
202400020978.0;1;75;75118;2;1;1.0;4.0;48.901041;2.350764;2024-03-10 14:30:00
202400020979.0;5;94;94046;2;3;1.0;3.0;48.81009;2.43288;2024-11-17 00:35:00
202400020980.0;1;16;16102;2;1;1.0;5.0;45.688;-0.328;2024-06-25 16:40:00
202400020981.0;1;75;75118;2;1;1.0;1.0;48.900802;2.369807;2024-03-09 10:30:00
202400020982.0;5;94;94038;2;1;1.0;6.0;48.77894;2.3356;2024-11-17 19:00:00
202400020983.0;1;75;75114;2;3;1.0;6.0;48.82461;2.303992;2024-03-08 15:05:00
202400020984.0;1;15;15014;2;3;1.0;6.0;44.91517;2.43979;2024-06-27 18:30:00
202400020985.0;1;93;93049;2;3;2.0;3.0;48.85282685;2.51322742;2024-11-17 10:45:00
202400020986.0;5;75;75115;2;3;2.0;3.0;48.844725;2.321272;2024-03-10 00:30:00
202400020987.0;1;15;15014;1;1;1.0;2.0;44.92963;2.42629;2024-06-27 17:20:00
202400020988.0;1;93;93029;2;1;1.0;2.0;48.93124;2.42897;2024-11-16 12:45:00
202400020989.0;1;13;13212;2;1;1.0;3.0;43.31783085;5.41952513;2024-06-28 10:15:00
202400020990.0;5;75;75119;2;2;2.0;3.0;48.87841;2.374252;2024-03-10 02:40:00
202400020991.0;3;93;93005;2;1;1.0;6.0;48.95829525;2.48506028;2024-11-16 22:35:00
202400020992.0;1;75;75118;2;3;1.0;6.0;48.891305;2.341985;2024-03-10 18:20:00
202400020993.0;1;13;13214;2;1;1.0;1.0;43.34171;5.40385;2024-06-28 07:30:00
202400020994.0;1;92;92012;2;1;1.0;6.0;48.83890255;2.24881411;2024-11-17 14:52:00
202400020995.0;5;75;75117;2;2;2.0;2.0;48.875292;2.294789;2024-03-10 04:30:00
202400020996.0;1;13;13207;2;1;1.0;2.0;43.2767071;5.35778498;2024-06-28 08:40:00
202400020997.0;1;75;75114;2;1;8.0;3.0;48.820927;2.321828;2024-03-10 08:30:00
202400020998.0;5;92;92002;2;3;1.0;3.0;48.74503627;2.29822777;2024-11-16 23:50:00
202400020999.0;5;75;75110;2;3;2.0;3.0;48.877803;2.361638;2024-03-10 00:10:00
202400021000.0;1;13;13004;2;1;1.0;6.0;43.69377;4.63965;2024-06-28 11:30:00
202400021001.0;5;51;51567;1;1;5.0;7.0;48.69062114;4.71438751;2024-11-17 05:40:00
202400021002.0;5;75;75109;2;2;2.0;6.0;48.874668;2.339379;2024-03-09 21:20:00
202400021003.0;5;6;6088;2;1;1.0;3.0;43.6971;7.25142;2024-06-26 23:40:00
202400021004.0;3;36;36233;1;1;1.0;6.0;47.24407599;1.56311097;2024-11-17 02:20:00
202400021005.0;1;75;75107;2;1;2.0;6.0;48.860382;2.326864;2024-03-10 08:20:00
202400021006.0;2;31;31053;2;2;1.0;3.0;43.64611;1.555268;2024-11-17 08:45:00
202400021007.0;1;6;6069;2;3;1.0;3.0;43.636381;6.940725;2024-06-28 14:30:00
202400021008.0;5;75;75104;2;3;1.0;6.0;48.85601;2.353326;2024-03-10 19:50:00
202400021009.0;1;81;81218;2;1;1.0;6.0;43.891832;2.166837;2024-11-16 15:40:00
202400021010.0;1;75;75119;2;3;1.0;3.0;48.879281;2.384352;2024-06-28 09:55:00
202400021011.0;5;75;75101;2;3;1.0;6.0;48.860184;2.348301;2024-03-10 05:14:00
202400021012.0;5;68;68157;2;1;1.0;3.0;48.117395;7.476068;2024-11-16 18:10:00
202400021013.0;1;94;94078;2;1;1.0;1.0;48.75370646;2.4297228;2024-03-10 18:00:00
202400021014.0;1;75;75118;2;3;1.0;6.0;48.89041;2.355835;2024-06-28 17:45:00
202400021015.0;2;94;94041;2;1;1.0;2.0;48.81417;2.37921;2024-03-10 18:30:00
202400021016.0;1;68;68376;1;1;1.0;7.0;47.825754;7.342799;2024-11-17 13:50:00
202400021017.0;5;75;75117;2;1;1.0;7.0;48.891578;2.299853;2024-06-28 00:10:00
202400021018.0;1;94;94022;2;2;8.0;3.0;48.76241153;2.40664691;2024-03-10 16:15:00
202400021019.0;1;69;69283;2;6;5.0;1.0;45.680175;4.959501;2024-11-17 08:53:00
202400021020.0;1;94;94048;2;3;1.0;6.0;48.735381;2.557859;2024-03-10 18:15:00
202400021021.0;3;971;97109;1;6;2.0;6.0;15.990385;-61.716213;2024-11-18 02:00:00
202400021022.0;5;75;75115;2;1;1.0;1.0;48.843311;2.313809;2024-06-28 02:30:00
202400021023.0;1;93;93008;2;3;1.0;6.0;48.903486;2.424362;2024-03-10 15:20:00
202400021024.0;3;26;26216;1;1;5.0;7.0;45.194816;4.915588;2024-11-17 04:23:00
202400021025.0;1;93;93001;2;1;1.0;3.0;48.91285057;2.40201536;2024-03-10 14:30:00
202400021026.0;1;75;75114;2;2;1.0;2.0;48.832752;2.311562;2024-06-27 21:35:00
202400021027.0;1;92;92044;2;6;8.0;3.0;48.886624;2.28356338;2024-03-10 14:00:00
202400021028.0;1;75;75113;2;7;1.0;6.0;48.831916;2.355542;2024-06-27 11:52:00
202400021029.0;3;42;42322;1;4;1.0;1.0;45.419875;4.529698;2024-11-16 17:50:00
202400021030.0;5;92;92050;2;1;2.0;2.0;48.88752;2.20094;2024-03-10 02:45:00
202400021031.0;5;75;75112;2;2;1.0;6.0;48.845687;2.36745;2024-06-27 00:15:00
202400021032.0;1;50;50137;1;1;8.0;6.0;48.858415;-1.209258;2024-11-17 11:50:00
202400021033.0;1;92;92044;2;2;2.0;6.0;48.89812034;2.28518128;2024-03-10 16:50:00
202400021034.0;5;57;57269;2;1;1.0;6.0;49.298987;6.194267;2024-11-16 18:40:00
202400021035.0;1;75;75110;2;2;1.0;3.0;48.871241;2.370124;2024-06-28 12:20:00
202400021036.0;5;92;92035;2;3;1.0;3.0;48.90443985;2.24041772;2024-03-10 21:00:00
202400021037.0;5;51;51596;2;1;1.0;2.0;48.880906;3.61477;2024-11-17 00:58:00
202400021038.0;1;92;92023;2;2;8.0;6.0;48.80990717;2.26932764;2024-03-10 09:30:00
202400021039.0;1;75;75108;2;1;1.0;2.0;48.864726;2.315296;2024-06-28 11:00:00
202400021040.0;5;80;80318;2;3;2.0;6.0;50.016509;2.079678;2024-11-18 18:05:00
202400021041.0;1;92;92012;2;1;1.0;1.0;48.82376626;2.23808536;2024-03-10 16:50:00
202400021042.0;1;75;75108;2;2;1.0;3.0;48.875049;2.309178;2024-06-28 13:55:00
202400021043.0;5;80;80711;2;1;1.0;7.0;50.037266;2.121032;2024-11-17 19:30:00
202400021044.0;1;92;92012;2;1;2.0;2.0;48.82566643;2.24802469;2024-03-10 10:40:00
202400021045.0;3;65;65026;1;1;2.0;6.0;43.286103;0.546412;2024-11-17 23:12:00
202400021046.0;1;75;75107;2;1;1.0;3.0;48.861276;2.323585;2024-06-28 19:25:00
202400021047.0;1;92;92012;2;1;2.0;3.0;48.83573026;2.23950702;2024-03-09 17:40:00
202400021048.0;3;33;33229;1;1;1.0;6.0;44.786235;-0.912242;2024-11-14 21:30:00
202400021049.0;1;75;75107;2;1;1.0;7.0;48.86287498;2.30920225;2024-06-28 19:30:00
202400021050.0;5;92;92002;2;1;2.0;6.0;48.75271974;2.30272043;2024-03-09 19:40:00
202400021051.0;1;63;63201;2;2;1.0;6.0;45.960574;3.387268;2024-11-16 15:30:00
202400021052.0;1;75;75103;2;1;1.0;3.0;48.868518;2.358585;2024-06-28 15:45:00
202400021053.0;3;86;86153;1;1;1.0;2.0;46.415652;0.682995;2024-03-10 22:34:00
202400021054.0;3;63;63368;1;1;1.0;7.0;45.69290816;3.32640521;2024-11-16 18:40:00
202400021055.0;1;75;75104;2;2;1.0;3.0;48.860562;2.349422;2024-06-27 20:45:00
202400021056.0;2;71;71481;1;1;3.0;6.0;46.186504;4.772797;2024-03-10 06:30:00
202400021057.0;2;61;61484;1;1;2.0;6.0;48.270226;0.650725;2024-11-17 08:25:00
202400021058.0;1;94;94044;2;1;1.0;6.0;48.75183;2.48754;2024-06-28 11:30:00
202400021059.0;1;58;58086;2;1;1.0;6.0;47.411394;2.92648;2024-03-08 11:30:00
202400021060.0;1;61;61194;1;1;1.0;7.0;48.762773;-0.166511;2024-11-16 11:15:00
202400021061.0;1;75;75112;2;2;1.0;3.0;48.842109;2.449144;2024-06-28 18:20:00
202400021062.0;1;974;97413;2;3;1.0;1.0;-21.146472;55.276321;2024-03-11 13:40:00
202400021063.0;1;49;49248;1;1;1.0;1.0;47.768775;-1.224761;2024-11-08 15:40:00
202400021064.0;1;34;34114;1;1;1.0;6.0;43.639367;3.577895;2024-03-10 09:35:00
202400021065.0;1;49;49331;2;6;1.0;3.0;47.693083;-0.870464;2024-11-06 12:25:00
202400021066.0;3;30;30312;1;1;2.0;1.0;44.03379;4.79396;2024-03-11 18:47:00
202400021067.0;1;49;49369;2;3;8.0;3.0;47.388947;0.072505;2024-11-15 09:28:00
202400021068.0;5;94;94041;2;2;1.0;3.0;48.81761;2.38153;2024-06-28 03:20:00
202400021069.0;2;30;30131;1;1;3.0;7.0;44.19186;4.48138;2024-03-10 05:00:00
202400021070.0;1;94;94073;2;1;1.0;6.0;48.759511;2.370973;2024-06-28 20:00:00
202400021071.0;3;12;12022;1;1;1.0;2.0;44.015904;3.074584;2024-11-17 19:10:00
202400021072.0;1;34;34270;1;6;1.0;3.0;43.583472;3.847897;2024-03-10 16:15:00
202400021073.0;1;42;42234;1;1;1.0;6.0;45.534818;4.385074;2024-11-16 15:30:00
202400021074.0;1;89;89411;1;1;1.0;7.0;48.151686;3.412371;2024-03-10 16:50:00
202400021075.0;1;94;94028;2;1;1.0;3.0;48.78232671;2.45712206;2024-06-28 18:25:00
202400021076.0;3;41;41135;1;1;1.0;6.0;47.278257;1.866104;2024-11-17 02:30:00
202400021077.0;1;51;51054;1;1;1.0;6.0;49.295695;4.375986;2024-03-10 16:45:00
202400021078.0;1;94;94019;2;1;1.0;3.0;48.801459;2.540914;2024-06-28 15:40:00
202400021079.0;1;34;34300;1;1;3.0;1.0;43.401466;3.33728;2024-11-09 08:30:00
202400021080.0;3;79;79220;1;1;1.0;2.0;46.215669;-0.617627;2024-03-10 19:50:00
202400021081.0;1;34;34339;1;1;1.0;7.0;43.380864;2.908866;2024-11-16 14:30:00
202400021082.0;5;94;94079;2;2;1.0;3.0;48.81799;2.539;2024-06-28 00:35:00
202400021083.0;3;2B;2B043;1;1;1.0;3.0;42.79607;9.489763;2024-03-10 20:15:00
202400021084.0;1;34;34312;1;1;1.0;6.0;43.645524;3.109785;2024-11-15 16:30:00
202400021085.0;1;93;93077;2;3;1.0;6.0;48.88505958;2.5031206;2024-06-28 11:30:00
202400021086.0;1;32;32147;1;1;3.0;7.0;43.599227;0.874143;2024-03-11 09:30:00
202400021087.0;3;22;22137;1;1;1.0;1.0;48.29338232;-3.44444633;2024-11-15 18:15:00
202400021088.0;3;32;32269;1;1;8.0;6.0;43.77606;0.845282;2024-03-10 19:50:00
202400021089.0;1;93;93050;2;1;1.0;2.0;48.8579;2.53353;2024-06-28 13:30:00
202400021090.0;1;72;72023;1;1;1.0;1.0;48.187606;0.212973;2024-11-16 13:00:00
202400021091.0;1;93;93049;2;1;1.0;3.0;48.86264;2.51192;2024-06-28 07:55:00
202400021092.0;1;11;11206;2;1;1.0;3.0;43.050827;2.21948;2024-03-10 17:00:00
202400021093.0;3;50;50431;1;1;2.0;3.0;49.181745;-1.233038;2024-11-17 05:00:00
202400021094.0;1;93;93015;2;6;1.0;3.0;48.91738;2.57292;2024-06-28 21:00:00
202400021095.0;1;61;61402;1;1;4.0;5.0;48.715278;-0.290477;2024-03-10 15:25:00
202400021096.0;5;18;18197;2;9;1.0;3.0;46.731408;2.49432;2024-11-16 18:30:00
202400021097.0;1;93;93046;2;1;1.0;2.0;48.92695;2.5443;2024-06-27 21:05:00
202400021098.0;3;42;42039;1;1;8.0;6.0;45.690608;3.826118;2024-03-11 00:45:00
202400021099.0;1;42;42227;1;1;1.0;6.0;45.707479;3.931732;2024-03-10 14:00:00
202400021100.0;1;93;93046;2;2;1.0;6.0;48.91672;2.5185;2024-06-27 19:15:00
202400021101.0;1;39;39201;1;1;1.0;6.0;46.666452;5.784341;2024-03-11 16:40:00
202400021102.0;1;7;7237;2;9;1.0;3.0;44.829934;4.678714;2024-11-16 09:15:00
202400021103.0;1;29;29031;1;1;7.0;1.0;47.79870443;-3.57539721;2024-03-11 09:00:00
202400021104.0;5;53;53147;2;3;1.0;3.0;48.287469;-0.621511;2024-11-16 17:45:00
202400021105.0;2;93;93072;2;2;7.0;6.0;48.94779;2.38648;2024-06-28 20:30:00
202400021106.0;1;53;53137;1;6;1.0;3.0;48.070828;-0.927878;2024-11-14 16:10:00
202400021107.0;1;31;31258;1;1;1.0;1.0;43.27447659;1.28962755;2024-03-10 18:00:00
202400021108.0;5;92;92046;2;1;1.0;3.0;48.82116543;2.29702002;2024-06-27 22:30:00
202400021109.0;3;21;21408;2;1;1.0;6.0;47.404899;5.017922;2024-11-17 06:35:00
202400021110.0;2;50;50400;2;2;1.0;6.0;49.375409;-1.40507;2024-03-11 18:00:00
202400021111.0;5;92;92051;2;9;1.0;3.0;48.88947211;2.27265463;2024-06-26 22:30:00
202400021112.0;1;40;40094;2;4;1.0;7.0;44.16415947;-1.03448524;2024-11-16 09:10:00
202400021113.0;3;64;64029;2;1;3.0;6.0;43.116633;-0.734823;2024-03-10 21:45:00
202400021114.0;1;17;17197;2;6;1.0;2.0;45.448089;-0.438563;2024-11-16 11:45:00
202400021115.0;3;18;18075;1;1;1.0;2.0;47.012493;3.052375;2024-03-10 19:40:00
202400021116.0;1;92;92050;2;2;1.0;3.0;48.89687;2.22405;2024-06-28 18:45:00
202400021117.0;3;30;30006;1;1;1.0;7.0;43.689171;4.180309;2024-11-17 19:53:00
202400021118.0;1;92;92050;2;1;1.0;3.0;48.88626103;2.21180177;2024-06-28 08:52:00
202400021119.0;1;10;10198;1;1;5.0;7.0;48.16245644;4.04131067;2024-03-11 08:30:00
202400021120.0;2;76;76660;1;9;1.0;2.0;49.44372171;0.27229714;2024-11-17 07:30:00
202400021121.0;3;36;36109;1;1;2.0;1.0;46.57509457;1.95557043;2024-03-10 20:45:00
202400021122.0;1;92;92020;2;1;1.0;2.0;48.80134155;2.28466523;2024-06-27 18:00:00
202400021123.0;1;13;13091;2;3;7.0;1.0;43.613564;5.320462;2024-11-18 08:10:00
202400021124.0;1;40;40284;2;1;1.0;7.0;43.66065;-1.304605;2024-03-08 12:05:00
202400021125.0;3;34;34333;1;1;1.0;6.0;43.497235;3.795809;2024-11-17 02:30:00
202400021126.0;3;85;85204;1;1;5.0;6.0;46.804304;-1.733458;2024-02-17 05:10:00
202400021127.0;2;973;97309;2;6;1.0;3.0;4.8876169;-52.28503847;2024-11-17 17:55:00
202400021128.0;2;92;92044;2;2;1.0;3.0;48.89591601;2.29646695;2024-06-27 21:55:00
202400021129.0;1;85;85034;1;2;1.0;7.0;46.616334;-1.1017549;2024-03-08 11:50:00
202400021130.0;1;6;6152;1;1;1.0;3.0;43.646751;7.021948;2024-11-18 08:40:00
202400021131.0;1;17;17116;1;1;1.0;7.0;45.422262;-0.568741;2024-02-28 17:40:00
202400021132.0;2;63;63195;1;1;7.0;1.0;45.8207845;3.43203275;2024-11-16 16:50:00
202400021133.0;1;92;92036;2;3;1.0;3.0;48.92971798;2.3091867;2024-06-28 16:40:00
202400021134.0;3;23;23112;1;1;2.0;6.0;46.419998;1.877219;2024-03-10 21:30:00
202400021135.0;2;83;83133;1;1;1.0;6.0;43.53466679;6.869399;2024-11-16 17:04:00
202400021136.0;1;92;92036;2;3;1.0;3.0;48.92252;2.29481;2024-06-25 18:30:00
202400021137.0;1;30;30062;2;3;1.0;3.0;43.78278;4.200838;2024-03-11 16:25:00
202400021138.0;2;67;67460;1;9;1.0;3.0;48.769686;7.602169;2024-11-16 07:15:00
202400021139.0;3;30;30120;2;1;3.0;7.0;44.312622;4.128993;2024-03-09 19:40:00
202400021140.0;1;92;92012;2;1;1.0;6.0;48.83408774;2.23117197;2024-06-27 12:28:00
202400021141.0;1;987;98712;2;1;1.0;2.0;-17.525081;-149.528243;2024-11-15 14:30:00
202400021142.0;1;973;97307;1;3;1.0;3.0;4.84823;-52.316079;2024-03-08 17:30:00
202400021143.0;1;92;92007;2;9;1.0;3.0;48.79786221;2.30259258;2024-06-28 18:30:00
202400021144.0;1;78;78349;1;1;1.0;7.0;48.58221;2.01595;2024-11-16 16:40:00
202400021145.0;3;978;97801;2;1;1.0;7.0;18.092471;-63.030635;2024-03-10 20:10:00
202400021146.0;1;987;98714;1;1;1.0;2.0;-16.49098705;-151.7530489;2024-11-16 11:00:00
202400021147.0;1;92;92007;2;3;1.0;3.0;48.79339503;2.3206773;2024-06-28 12:25:00
202400021148.0;1;13;13037;1;9;1.0;3.0;43.54444;5.185206;2024-03-11 07:30:00
202400021149.0;1;988;98803;1;1;1.0;6.0;-21.601188;165.552238;2024-11-17 10:30:00
202400021150.0;1;92;92004;2;1;1.0;2.0;48.91413821;2.31113416;2024-06-28 21:15:00
202400021151.0;1;973;97309;1;3;1.0;3.0;4.890135;-52.287664;2024-03-10 16:45:00
202400021152.0;3;986;98613;2;1;1.0;1.0;-13.285982;-176.180674;2024-11-16 01:00:00
202400021153.0;2;92;92004;2;1;1.0;6.0;48.90704;2.29166;2024-06-27 22:00:00
202400021154.0;5;42;42279;2;6;8.0;3.0;45.516358;4.26328;2024-03-10 22:23:00
202400021155.0;2;54;54262;2;1;1.0;6.0;48.70754445;6.434834;2024-06-29 04:37:00
202400021156.0;3;986;98613;2;1;1.0;1.0;-13.318761;-176.189643;2024-11-15 22:40:00
202400021157.0;1;31;31271;1;9;1.0;7.0;43.559247;1.664225;2024-06-28 16:15:00
202400021158.0;1;17;17140;1;1;1.0;1.0;45.923737;-1.280825;2024-03-11 09:50:00
202400021159.0;1;973;97305;1;3;1.0;1.0;4.937617;-52.409302;2024-11-18 07:20:00
202400021160.0;1;86;86289;1;1;1.0;6.0;46.220539;0.663836;2024-06-28 21:00:00
202400021161.0;1;976;97609;2;1;1.0;7.0;-12.978814;45.115888;2024-03-09 15:50:00
202400021162.0;3;16;16297;2;1;1.0;6.0;45.635701;-0.115895;2024-06-28 23:25:00
202400021163.0;5;29;29233;2;3;1.0;3.0;47.877882;-3.552762;2024-11-17 18:10:00
202400021164.0;1;73;73182;1;4;1.0;6.0;45.67807906;5.93075124;2024-03-11 14:24:00
202400021165.0;4;49;49127;2;1;1.0;6.0;47.6663688;-0.24292499;2024-06-28 23:15:00
202400021166.0;3;45;45155;1;1;2.0;1.0;47.677987;2.663727;2024-11-18 17:50:00
202400021167.0;5;95;95371;2;1;1.0;2.0;49.08332663;2.50476806;2024-03-10 18:50:00
202400021168.0;3;45;45179;1;1;1.0;2.0;47.747865;1.663635;2024-11-14 20:20:00
202400021169.0;1;971;97125;2;1;1.0;1.0;16.245403;-61.300621;2024-03-10 13:20:00
202400021170.0;1;77;77315;2;1;1.0;3.0;48.888131;2.830001;2024-11-15 15:20:00
202400021171.0;1;45;45155;2;1;1.0;6.0;47.699325;2.621157;2024-03-11 08:15:00
202400021172.0;3;2A;2A041;1;1;2.0;7.0;41.454435;9.110928;2024-03-11 16:41:00
202400021173.0;1;51;51298;1;1;1.0;7.0;49.041919;3.678145;2024-06-29 13:00:00
202400021174.0;1;62;62399;2;1;1.0;6.0;50.30536382;2.60488858;2024-06-27 10:15:00
202400021175.0;1;95;95039;2;1;8.0;4.0;49.096527;2.159704;2024-11-17 10:40:00
202400021176.0;1;6;6147;1;1;1.0;3.0;43.779379;7.275562;2024-02-16 15:40:00
202400021177.0;1;51;51002;2;1;1.0;6.0;49.010915;3.866254;2024-06-29 09:25:00
202400021178.0;1;78;78057;2;1;1.0;2.0;49.039879;1.570283;2024-11-16 11:20:00
202400021179.0;1;13;13022;1;1;1.0;1.0;43.225662;5.583458;2024-03-07 07:40:00
202400021180.0;1;2B;2B042;1;1;7.0;1.0;42.579812;9.437578;2024-11-15 08:20:00
202400021181.0;1;19;19213;1;2;1.0;5.0;45.38443075;1.64263849;2024-06-28 10:45:00
202400021182.0;1;71;71090;2;1;1.0;3.0;46.208234;4.764714;2024-03-08 14:15:00
202400021183.0;1;2A;2A288;1;1;1.0;1.0;41.541558;9.196275;2024-11-16 13:45:00
202400021184.0;3;65;65342;1;1;1.0;7.0;43.30623484;0.2488164;2024-06-28 23:30:00
202400021185.0;1;54;54123;2;3;7.0;1.0;48.63259482;6.12724095;2024-03-08 13:56:00
202400021186.0;1;33;33361;1;1;1.0;1.0;44.77821;-0.06021;2024-06-27 18:45:00
202400021187.0;1;33;33433;1;1;2.0;6.0;44.928744;-0.423403;2024-02-26 16:20:00
202400021188.0;1;32;32132;1;1;1.0;2.0;43.816383;0.650602;2024-06-28 16:45:00
202400021189.0;3;34;34329;1;6;1.0;6.0;43.253486;3.251926;2024-11-16 19:20:00
202400021190.0;1;44;44047;2;1;3.0;6.0;47.214431;-1.682212;2024-02-24 11:30:00
202400021191.0;1;11;11258;1;1;7.0;6.0;43.231783;2.962661;2024-06-27 16:50:00
202400021192.0;1;29;29087;2;7;1.0;6.0;48.066084;-4.255624;2024-03-10 18:20:00
202400021193.0;2;6;6047;2;1;1.0;1.0;43.843189;7.047208;2024-11-14 17:30:00
202400021194.0;3;13;13015;1;1;3.0;6.0;43.44670637;5.39571452;2024-03-10 02:50:00
202400021195.0;1;5;5117;1;1;1.0;6.0;44.412486;5.557537;2024-11-17 15:12:00
202400021196.0;1;13;13005;1;1;2.0;3.0;43.28501117;5.57110296;2024-03-09 10:20:00
202400021197.0;1;49;49224;1;1;3.0;1.0;47.340131;0.001346;2024-06-29 11:55:00
202400021198.0;3;13;13071;1;9;2.0;2.0;43.40375432;5.3435014;2024-03-09 05:18:00
202400021199.0;1;42;42038;1;1;1.0;6.0;45.63924;4.211149;2024-06-26 14:20:00
202400021200.0;5;5;5070;2;3;1.0;3.0;44.315216;5.818774;2024-11-17 17:55:00
202400021201.0;5;33;33249;1;9;2.0;6.0;44.883176;-0.517995;2024-03-10 20:40:00
202400021202.0;3;5;5078;1;1;1.0;1.0;44.385871;5.921749;2024-11-16 21:30:00
202400021203.0;1;47;47058;1;2;1.0;3.0;44.268905;0.22066;2024-06-28 15:30:00
202400021204.0;1;91;91689;1;1;1.0;5.0;48.72702;2.31369;2024-03-10 16:50:00
202400021205.0;1;13;13089;1;3;8.0;3.0;43.820082;4.973086;2024-09-04 08:20:00
202400021206.0;1;86;86009;1;2;7.0;3.0;46.685619;0.683376;2024-06-29 08:30:00
202400021207.0;1;95;95582;1;1;1.0;2.0;48.96483389;2.26089512;2024-03-10 17:45:00
202400021208.0;3;29;29218;1;1;1.0;2.0;48.04270699;-4.46928202;2024-06-29 00:30:00
202400021209.0;1;70;70026;2;1;1.0;6.0;47.454225;5.589209;2024-11-15 16:18:00
202400021210.0;3;95;95582;1;1;1.0;5.0;48.96346787;2.26421667;2024-03-10 07:10:00
202400021211.0;3;21;21469;1;1;1.0;6.0;47.357482;5.147808;2024-11-17 17:45:00
202400021212.0;3;93;93066;1;1;2.0;6.0;48.93046874;2.36537451;2024-03-10 03:31:00
202400021213.0;1;2;2159;1;1;1.0;3.0;49.556398;3.25985;2024-06-29 10:40:00
202400021214.0;1;54;54063;1;1;2.0;6.0;48.86348;5.841068;2024-11-17 09:43:00
202400021215.0;1;14;14570;1;1;1.0;6.0;49.064015;0.323449;2024-06-28 16:00:00
202400021216.0;2;77;77450;1;1;1.0;6.0;48.717217;2.599375;2024-03-10 18:30:00
202400021217.0;1;73;73284;1;1;1.0;6.0;45.461696;6.515493;2024-11-16 11:51:00
202400021218.0;1;5;5045;1;3;1.0;1.0;44.53771132;6.47407204;2024-06-29 10:55:00
202400021219.0;1;94;94065;1;1;1.0;4.0;48.75467;2.34658;2024-03-10 16:25:00
202400021220.0;1;42;42037;1;2;1.0;1.0;45.66210929;4.07384304;2024-11-18 17:00:00
202400021221.0;1;90;90065;1;1;1.0;6.0;47.79929;6.839526;2024-06-28 12:39:00
202400021222.0;3;38;38537;2;1;1.0;7.0;45.64004;5.143104;2024-11-17 21:20:00
202400021223.0;5;94;94017;1;1;1.0;5.0;48.82736313;2.50739886;2024-03-10 16:35:00
202400021224.0;1;18;18004;2;2;1.0;1.0;47.224825;2.319006;2024-06-28 12:10:00
202400021225.0;5;74;74173;2;1;1.0;6.0;45.86414344;6.63127586;2024-01-07 02:15:00
202400021226.0;1;44;44035;1;1;1.0;6.0;47.273988;-1.548166;2024-11-16 16:35:00
202400021227.0;1;38;38545;2;3;1.0;7.0;45.043362;5.664423;2024-11-15 16:00:00
202400021228.0;5;36;36088;2;2;1.0;3.0;46.948168;1.994212;2024-06-29 03:25:00
202400021229.0;5;973;97302;2;9;1.0;3.0;4.93187914;-52.32116997;2024-03-08 23:50:00
202400021230.0;2;7;7010;1;9;1.0;6.0;45.231347;4.67719;2024-06-28 21:16:00
202400021231.0;1;75;75116;2;3;1.0;6.0;48.850642;2.271152;2024-03-05 17:45:00
202400021232.0;2;26;26084;2;1;5.0;7.0;44.99487101;4.9463582;2024-11-16 07:20:00
202400021233.0;1;987;98736;1;3;1.0;2.0;-17.53801;-149.53887;2024-03-09 13:45:00
202400021234.0;3;81;81099;1;1;5.0;6.0;43.887687;1.871367;2024-11-17 04:30:00