Num_Acc;lum;departement;commune;agglomeration;intersection;meteo;type_collision;lat;long;date
202400021235.0;3;17;17365;1;3;1.0;2.0;45.227649;-0.213611;2024-06-28 22:30:00
202400021236.0;1;987;98735;2;1;1.0;6.0;-17.5331;-149.56754;2024-02-28 14:23:00
202400021237.0;1;37;37167;1;1;1.0;6.0;47.56533147;0.60654022;2024-06-28 07:10:00
202400021238.0;1;65;65059;2;1;1.0;2.0;43.063705;0.146129;2024-11-16 11:45:00
202400021239.0;5;973;97302;2;1;1.0;2.0;4.94485827;-52.31149793;2024-03-09 21:50:00
202400021240.0;1;30;30182;1;2;1.0;3.0;43.855584;4.178813;2024-06-28 18:54:00
202400021241.0;3;33;33322;1;1;8.0;4.0;44.937714;-0.68627;2024-11-17 19:10:00
202400021242.0;1;14;14229;1;1;1.0;7.0;49.23523;-0.048375;2024-06-28 15:35:00
202400021243.0;1;973;97302;2;2;1.0;3.0;4.91924493;-52.31759995;2024-03-09 11:31:00
202400021244.0;1;33;33256;2;1;1.0;7.0;44.976121;-0.613684;2024-11-17 17:35:00
202400021245.0;3;78;78569;1;1;1.0;2.0;48.55082233;1.921938;2024-06-29 02:45:00
202400021246.0;1;29;29091;1;3;7.0;3.0;48.63924677;-4.38453621;2024-11-17 16:40:00
202400021247.0;3;972;97213;1;9;1.0;1.0;14.63476;-61.01965;2024-03-08 21:00:00
202400021248.0;2;987;98748;1;1;1.0;1.0;-17.756;-148.736;2024-06-28 17:30:00
202400021249.0;3;76;76743;2;3;1.0;7.0;49.528029;0.93092;2024-10-27 02:55:00
202400021250.0;5;972;97209;2;1;1.0;2.0;14.61959;-61.07056;2024-03-08 19:44:00
202400021251.0;1;95;95489;1;1;1.0;7.0;49.013968;2.32784656;2024-06-28 16:19:00
202400021252.0;1;971;97113;1;1;2.0;7.0;16.23526;-61.49016;2024-03-09 10:00:00
202400021253.0;1;971;97101;1;1;1.0;6.0;16.2538;-61.53692;2024-03-09 12:10:00
202400021254.0;1;78;78478;1;1;1.0;2.0;48.470933;1.865723;2024-06-28 19:00:00
202400021255.0;2;59;59268;2;3;1.0;3.0;50.637541;2.736722;2024-10-09 18:20:00
202400021256.0;1;971;97113;2;1;2.0;1.0;16.21876447;-61.50201738;2024-03-09 09:10:00
202400021257.0;1;34;34162;1;6;1.0;7.0;43.465074;3.508736;2024-06-27 19:00:00
202400021258.0;2;13;13071;1;1;1.0;2.0;43.41631044;5.36503646;2024-11-17 18:36:00
202400021259.0;5;971;97113;1;1;2.0;6.0;16.21848;-61.5059;2024-03-09 05:45:00
202400021260.0;1;6;6075;2;1;1.0;1.0;43.822707;7.262561;2024-06-17 20:30:00
202400021261.0;2;13;13211;1;1;1.0;4.0;43.288;5.425;2024-11-15 17:16:00
202400021262.0;1;971;97113;2;1;1.0;2.0;16.22004;-61.51893;2024-03-08 17:30:00
202400021263.0;1;52;52457;1;3;1.0;1.0;47.835773;5.375147;2024-06-28 15:45:00
202400021264.0;1;13;13212;1;1;1.0;2.0;43.30517;5.42551;2024-11-17 12:50:00
202400021265.0;1;971;97101;1;3;1.0;3.0;16.29959;-61.49122;2024-03-08 08:00:00
202400021266.0;3;13;13106;1;1;1.0;2.0;43.40232;5.34652;2024-11-17 06:20:00
202400021267.0;1;68;68123;2;3;1.0;3.0;48.01066118;7.29996228;2024-06-29 11:24:00
202400021268.0;1;971;97101;1;9;1.0;2.0;16.28918;-61.51134;2024-03-08 08:00:00
202400021269.0;3;13;13071;1;1;1.0;1.0;43.41818129;5.36599311;2024-11-17 02:06:00
202400021270.0;1;3;3235;2;1;1.0;6.0;46.25489781;3.48577285;2024-06-29 12:00:00
202400021271.0;1;95;95197;2;1;1.0;6.0;48.96379164;2.33013153;2024-03-09 08:55:00
202400021272.0;3;13;13071;1;1;1.0;6.0;43.39362;5.28003;2024-11-16 20:45:00
202400021273.0;1;56;56176;2;6;7.0;6.0;47.671803;-2.962382;2024-06-28 10:17:00
202400021274.0;3;67;67365;1;1;1.0;6.0;48.53739;7.71561;2024-11-17 04:50:00
202400021275.0;2;91;91377;2;9;2.0;2.0;48.72607;2.28158;2024-02-19 18:40:00
202400021276.0;1;22;22291;2;1;1.0;3.0;48.421536;-3.002744;2024-06-28 17:40:00
202400021277.0;3;91;91659;1;1;1.0;2.0;48.58485662;2.45380878;2024-11-16 23:25:00
202400021278.0;5;86;86194;2;6;2.0;7.0;46.61262;0.34895;2024-03-09 05:50:00
202400021279.0;1;35;35047;2;3;1.0;3.0;48.021017;-1.738486;2024-06-28 09:30:00
202400021280.0;1;92;92036;1;1;1.0;2.0;48.93378736;2.30216366;2024-11-17 15:30:00
202400021281.0;5;84;84007;2;3;1.0;3.0;43.94258;4.80533;2024-03-10 01:20:00
202400021282.0;5;77;77141;1;1;1.0;6.0;48.85404137;2.83845836;2024-11-17 06:15:00
202400021283.0;3;60;60695;1;1;1.0;6.0;49.21246;2.502437;2024-06-29 00:00:00
202400021284.0;2;84;84007;2;3;1.0;2.0;43.95055;4.83404;2024-03-09 20:29:00
202400021285.0;3;60;60695;1;1;1.0;6.0;49.208142;2.496192;2024-06-29 00:30:00
202400021286.0;5;94;94017;2;1;1.0;2.0;48.82785752;2.50428066;2024-11-16 22:50:00
202400021287.0;5;94;94028;1;1;1.0;6.0;48.7894301;2.44046879;2024-11-16 21:20:00
202400021288.0;1;30;30351;2;2;2.0;3.0;43.96287;4.78546;2024-03-09 13:00:00
202400021289.0;1;69;69029;2;1;1.0;2.0;45.74445;4.90617;2024-06-26 19:00:00
202400021290.0;1;93;93008;2;1;1.0;3.0;48.90809231;2.42668033;2024-06-28 10:00:00
202400021291.0;1;33;33550;1;1;1.0;3.0;44.78189;-0.583309;2024-06-28 14:30:00
202400021292.0;1;84;84007;2;2;1.0;3.0;43.9299;4.83822;2024-03-09 09:00:00
202400021293.0;1;94;94034;1;1;1.0;2.0;48.75762305;2.32812012;2024-06-28 18:15:00
202400021294.0;1;93;93048;2;4;1.0;3.0;48.85464;2.43595;2024-06-19 19:25:00
202400021295.0;1;83;83137;1;1;3.0;2.0;43.12483;5.89651;2024-03-09 15:40:00
202400021296.0;1;93;93048;2;1;1.0;6.0;48.86005872;2.44946837;2024-06-15 11:20:00
202400021297.0;1;91;91161;1;1;1.0;2.0;48.7125;2.30798;2024-06-28 16:10:00
202400021298.0;3;82;82033;1;1;1.0;6.0;44.03097;1.15126;2024-03-09 04:52:00
202400021299.0;1;91;91589;1;1;1.0;6.0;48.67738;2.33816;2024-06-28 10:26:00
202400021300.0;5;93;93048;2;3;1.0;3.0;48.86179626;2.43694246;2024-06-05 22:00:00
202400021301.0;1;94;94021;1;1;1.0;3.0;48.76446314;2.34264629;2024-06-28 09:25:00
202400021302.0;1;93;93048;2;2;1.0;5.0;48.857435;2.440071;2024-06-03 15:50:00
202400021303.0;1;93;93029;1;1;1.0;1.0;48.9191414;2.42853445;2024-06-28 09:00:00
202400021304.0;1;81;81033;2;9;1.0;3.0;44.03114;2.13157;2024-03-09 17:50:00
202400021305.0;1;93;93048;2;1;1.0;6.0;48.86116589;2.45321815;2024-06-28 17:20:00
202400021306.0;1;95;95395;1;1;1.0;3.0;49.06789399;2.39451044;2024-06-28 09:10:00
202400021307.0;1;93;93048;2;3;1.0;3.0;48.85685;2.42936;2024-06-30 14:46:00
202400021308.0;1;95;95018;1;1;1.0;5.0;48.95528809;2.27796417;2024-06-28 08:10:00
202400021309.0;1;74;74118;2;1;1.0;5.0;46.17938;6.23216;2024-03-09 14:40:00
202400021310.0;1;93;93048;2;2;1.0;3.0;48.87047;2.4579;2024-05-16 19:40:00
202400021311.0;1;94;94022;1;1;1.0;4.0;48.77613511;2.41472468;2024-06-28 15:15:00
202400021312.0;1;93;93071;2;1;2.0;6.0;48.94835555;2.53024042;2024-05-14 16:30:00
202400021313.0;1;74;74305;2;1;1.0;2.0;46.19907;6.27148;2024-03-08 16:45:00
202400021314.0;1;94;94028;1;1;1.0;2.0;48.79983715;2.44627859;2024-06-28 12:45:00
202400021315.0;1;93;93048;2;9;2.0;3.0;48.8615551;2.43697071;2024-05-05 16:30:00
202400021316.0;1;69;69256;2;1;1.0;2.0;45.78867;4.90759;2024-03-09 13:28:00
202400021317.0;1;14;14228;2;6;1.0;7.0;49.294628;-0.377773;2024-02-29 11:00:00
202400021318.0;1;93;93048;2;2;8.0;3.0;48.8578;2.43842;2024-05-04 16:00:00
202400021319.0;5;69;69264;2;1;1.0;1.0;45.98340722;4.7093174;2024-03-09 20:30:00
202400021320.0;2;974;97411;2;1;1.0;7.0;-20.89118;55.4804;2024-06-27 17:45:00
202400021321.0;1;93;93048;2;1;2.0;6.0;48.86256007;2.44260153;2024-06-01 10:50:00
202400021322.0;1;974;97411;2;1;8.0;6.0;-20.90043;55.47124;2024-06-17 16:15:00
202400021323.0;3;64;64483;2;9;1.0;7.0;43.3992389;-1.6405651;2024-03-09 01:55:00
202400021324.0;1;93;93051;1;1;2.0;7.0;48.8360618;2.55867807;2024-03-30 15:25:00
202400021325.0;1;974;97411;2;1;1.0;2.0;-20.88986;55.46146;2024-06-27 15:00:00
202400021326.0;1;43;43158;1;3;1.0;7.0;45.062988;4.128306;2024-07-10 12:30:00
202400021327.0;2;43;43003;1;1;1.0;7.0;45.1871222;3.67211882;2024-06-08 12:00:00
202400021328.0;1;974;97407;2;3;1.0;3.0;-20.95867;55.31963;2024-06-27 08:00:00
202400021329.0;1;64;64102;2;2;1.0;3.0;43.50351;-1.46792;2024-03-09 18:40:00
202400021330.0;1;43;43135;1;1;1.0;7.0;44.95133156;3.98511441;2024-08-13 13:45:00
202400021331.0;1;69;69387;2;1;1.0;6.0;45.7456992;4.83204707;2024-06-27 17:15:00
202400021332.0;1;63;63113;2;5;2.0;3.0;45.77916;3.09599;2024-03-09 16:13:00
202400021333.0;1;43;43017;1;3;7.0;1.0;45.36734848;3.37290933;2024-08-11 16:20:00
202400021334.0;1;69;69383;2;1;1.0;3.0;45.75200955;4.85968547;2024-06-26 18:15:00
202400021335.0;1;69;69388;2;1;1.0;6.0;45.743478;4.87329945;2024-06-27 15:10:00
202400021336.0;1;43;43115;1;1;1.0;3.0;44.95866526;4.07107312;2024-08-11 11:15:00
202400021337.0;1;59;59467;2;1;1.0;7.0;50.227109;3.857427;2024-03-08 18:00:00
202400021338.0;1;69;69387;1;1;1.0;3.0;45.74685552;4.84505281;2024-06-27 08:45:00
202400021339.0;1;43;43059;1;1;1.0;1.0;45.36277542;3.69654656;2024-08-03 11:26:00
202400021340.0;1;59;59386;1;3;1.0;7.0;50.6714;3.03577;2024-03-09 09:45:00
202400021341.0;1;972;97209;2;1;1.0;7.0;14.61399;-61.07261;2024-06-26 13:20:00
202400021342.0;1;59;59155;2;1;1.0;3.0;51.01831;2.38089;2024-03-09 15:15:00
202400021343.0;1;56;56260;2;9;1.0;3.0;47.6613863;-2.7574893;2024-11-07 08:15:00
202400021344.0;1;2B;2B033;2;1;1.0;6.0;42.69728;9.45088;2024-06-27 17:25:00
202400021345.0;1;54;54357;2;6;1.0;3.0;48.70084;6.13607;2024-03-08 17:30:00
202400021346.0;1;55;55008;1;3;1.0;1.0;49.26618248;5.66272662;2024-07-08 11:40:00
202400021347.0;1;971;97101;2;1;1.0;6.0;16.25327;-61.53204;2024-06-27 09:50:00
202400021348.0;1;55;55122;1;1;1.0;6.0;48.77626306;5.56852646;2024-07-09 18:34:00
202400021349.0;1;54;54549;2;1;8.0;3.0;48.63453;6.31128;2024-03-09 08:30:00
202400021350.0;3;974;97416;2;1;1.0;6.0;-21.30598;55.4272;2024-11-16 20:25:00
202400021351.0;2;95;95277;1;9;1.0;2.0;48.97754209;2.46402459;2024-06-27 21:54:00
202400021352.0;1;51;51454;2;1;1.0;2.0;49.26293;4.02875;2024-03-09 17:30:00
202400021353.0;1;974;97411;1;9;1.0;6.0;-20.89223;55.48674;2024-11-16 18:10:00
202400021354.0;1;51;51454;2;1;1.0;7.0;49.25758;4.06599;2024-03-08 11:25:00
202400021355.0;1;95;95277;2;2;1.0;3.0;48.9869;2.44025;2024-06-26 20:35:00
202400021356.0;1;974;97407;1;9;1.0;3.0;-20.95875;55.31967;2024-11-15 17:00:00
202400021357.0;5;49;49007;2;1;2.0;6.0;47.47377;-0.56752;2024-03-09 21:45:00
202400021358.0;1;95;95607;2;1;1.0;6.0;49.02884;2.20671;2024-06-27 19:05:00
202400021359.0;1;47;47031;1;1;2.0;6.0;44.16676;0.67406;2024-03-09 11:16:00
202400021360.0;3;972;97213;1;4;1.0;3.0;14.64344;-61.01046;2024-11-15 21:35:00
202400021361.0;1;91;91667;2;1;1.0;6.0;48.65719;2.33862;2024-06-27 08:20:00
202400021362.0;5;46;46042;2;3;1.0;3.0;44.44771;1.43268;2024-03-09 19:55:00
202400021363.0;1;2B;2B037;2;9;1.0;3.0;42.63272;9.43512;2024-11-16 12:00:00
202400021364.0;1;91;91021;2;1;1.0;4.0;48.59944;2.24142;2024-06-26 14:15:00
202400021365.0;5;35;35238;2;1;2.0;2.0;48.11109068;-1.64828986;2024-03-09 22:00:00
202400021366.0;5;971;97101;1;2;1.0;6.0;16.23668;-61.51254;2024-11-16 18:40:00
202400021367.0;1;91;91421;2;2;1.0;3.0;48.71052;2.44193;2024-06-26 17:45:00
202400021368.0;2;35;35278;2;1;1.0;2.0;48.16027;-1.68892;2024-03-07 18:20:00
202400021369.0;1;91;91027;2;1;1.0;2.0;48.7133;2.3712;2024-06-27 18:45:00
202400021370.0;1;2A;2A004;2;3;1.0;2.0;41.93699;8.75082;2024-11-16 13:45:00
202400021371.0;1;33;33063;2;6;8.0;6.0;44.87532667;-0.55357844;2024-03-05 16:39:00
202400021372.0;1;91;91027;2;1;1.0;3.0;48.71605;2.3711;2024-06-27 18:00:00
202400021373.0;1;91;91340;2;9;1.0;6.0;48.61;2.44;2024-06-27 17:25:00
202400021374.0;1;2A;2A004;1;1;1.0;4.0;41.93503;8.80202;2024-11-15 16:08:00
202400021375.0;1;31;31483;2;3;1.0;3.0;43.11272;0.75065;2024-03-09 10:00:00
202400021376.0;1;86;86194;1;1;7.0;2.0;46.58255;0.36748;2024-06-27 07:04:00
202400021377.0;2;2A;2A004;2;1;1.0;2.0;41.94456;8.75646;2024-11-15 17:07:00
202400021378.0;5;13;13215;2;1;3.0;1.0;43.38323;5.35851;2024-03-09 19:38:00
202400021379.0;5;95;95197;2;3;1.0;3.0;48.97523673;2.33667716;2024-11-13 19:00:00
202400021380.0;1;13;13210;2;1;1.0;1.0;43.27988;5.41624;2024-03-09 07:45:00
202400021381.0;1;13;13208;2;1;2.0;3.0;43.25435;5.3821;2024-03-08 16:45:00
202400021382.0;3;83;83126;2;9;1.0;1.0;43.11482461;5.85669445;2024-11-16 05:20:00
202400021383.0;1;13;13028;2;6;3.0;1.0;43.19220448;5.6094105;2024-03-08 11:50:00
202400021384.0;5;83;83129;1;1;1.0;1.0;43.07553279;5.80184316;2024-11-16 04:40:00
202400021385.0;1;13;13001;1;1;3.0;2.0;43.59065;5.36205;2024-03-09 16:05:00
202400021386.0;4;82;82121;1;1;1.0;1.0;44.0178;1.32065;2024-11-17 00:01:00
202400021387.0;2;13;13001;2;9;1.0;1.0;43.49247;5.38588;2024-03-09 06:50:00
202400021388.0;5;80;80021;2;1;1.0;3.0;49.87771;2.28257;2024-11-16 19:30:00
202400021389.0;1;11;11069;2;1;1.0;2.0;43.21493;2.33961;2024-03-08 17:05:00
202400021390.0;1;75;75120;2;1;1.0;3.0;48.862739;2.399954;2024-03-09 12:00:00
202400021391.0;1;78;78551;2;1;1.0;6.0;48.89947;2.07499;2024-11-16 12:00:00
202400021392.0;5;75;75119;2;7;1.0;3.0;48.90045;2.386874;2024-03-09 02:00:00
202400021393.0;1;77;77258;2;1;1.0;3.0;48.83661;2.64037;2024-11-16 15:45:00
202400021394.0;5;77;77284;2;1;1.0;1.0;48.95729;2.89427;2024-11-16 19:25:00
202400021395.0;1;75;75119;2;3;1.0;3.0;48.886122;2.383084;2024-03-08 15:56:00
202400021396.0;5;76;76540;2;4;1.0;2.0;49.44737;1.0606;2024-11-16 23:50:00
202400021397.0;5;75;75108;2;2;1.0;6.0;48.864948;2.318026;2024-03-09 06:00:00
202400021398.0;5;76;76540;2;3;1.0;3.0;49.452;1.098;2024-11-16 18:15:00
202400021399.0;1;75;75107;2;2;1.0;6.0;48.85815;2.322783;2024-03-09 08:27:00
202400021400.0;5;73;73029;2;2;1.0;1.0;45.570502;5.948929;2024-11-16 19:20:00
202400021401.0;2;75;75107;2;3;1.0;7.0;48.85922645;2.29769826;2024-03-08 18:30:00
202400021402.0;1;64;64545;2;1;1.0;2.0;43.37002;-1.68282;2024-11-16 17:00:00
202400021403.0;1;64;64445;2;2;1.0;1.0;43.32466;-0.3576;2024-11-16 08:50:00
202400021404.0;1;94;94081;2;5;1.0;6.0;48.794103;2.400783;2024-03-09 12:30:00
202400021405.0;1;64;64445;2;1;1.0;6.0;43.29645;-0.36169;2024-11-15 15:20:00
202400021406.0;5;94;94076;2;1;2.0;5.0;48.7843073;2.35882634;2024-03-09 20:35:00
202400021407.0;5;64;64445;2;1;1.0;2.0;43.31287;-0.37746;2024-11-15 18:10:00
202400021408.0;1;94;94076;2;1;2.0;6.0;48.78482971;2.36693573;2024-03-09 16:30:00
202400021409.0;5;64;64024;2;1;1.0;2.0;43.48017;-1.52186;2024-11-16 20:38:00
202400021410.0;1;94;94073;2;2;1.0;3.0;48.75827;2.39293;2024-03-09 10:45:00
202400021411.0;5;63;63113;2;3;1.0;3.0;45.7862;3.1034;2024-11-16 18:50:00
202400021412.0;1;93;93055;2;3;1.0;6.0;48.89268;2.40222;2024-03-09 12:00:00
202400021413.0;1;62;62624;2;1;1.0;3.0;50.41892;2.9829;2024-11-16 15:30:00
202400021414.0;3;60;60057;2;1;1.0;6.0;49.4119;2.10666;2024-11-15 04:05:00
202400021415.0;1;93;93032;2;2;1.0;3.0;48.886507;2.538019;2024-03-09 10:00:00
202400021416.0;2;59;59508;2;1;1.0;6.0;50.748574;3.118999;2024-11-15 16:30:00
202400021417.0;1;93;93057;2;3;1.0;2.0;48.910055;2.508412;2024-03-09 13:00:00
202400021418.0;1;56;56260;1;1;1.0;7.0;47.67338;-2.71357;2024-11-16 16:00:00
202400021419.0;1;92;92063;2;1;1.0;7.0;48.8625369;2.19419646;2024-03-08 13:25:00
202400021420.0;1;56;56121;2;1;1.0;6.0;47.740961;-3.36424;2024-11-16 11:20:00
202400021421.0;1;92;92050;2;1;2.0;3.0;48.89657574;2.22381163;2024-03-09 13:29:00
202400021422.0;5;92;92036;2;1;1.0;6.0;48.9361805;2.25163928;2024-03-09 05:00:00
202400021423.0;3;51;51242;1;1;1.0;1.0;48.950542;4.298811;2024-11-16 05:30:00
202400021424.0;1;49;49267;2;2;1.0;7.0;47.46847;-0.50633;2024-11-16 09:02:00
202400021425.0;1;41;41204;1;1;5.0;1.0;47.626261;1.404619;2024-03-10 08:15:00
202400021426.0;2;33;33072;1;1;2.0;6.0;44.523498;-0.135891;2024-03-10 06:40:00
202400021427.0;2;10;10412;1;1;3.0;7.0;48.314098;4.126675;2024-03-10 09:20:00
202400021428.0;1;45;45234;2;1;1.0;2.0;47.89166;1.90464;2024-11-16 15:50:00
202400021429.0;1;22;22364;1;1;1.0;7.0;48.440456;-2.128521;2024-03-09 15:05:00
202400021430.0;1;59;59653;2;1;1.0;7.0;50.562253;2.928381;2024-03-08 16:40:00
202400021431.0;5;45;45234;2;2;1.0;3.0;47.92379;1.93761;2024-11-15 23:04:00
202400021432.0;3;44;44184;1;1;1.0;6.0;47.31561745;-2.26997767;2024-10-30 22:30:00
202400021433.0;3;44;44089;1;1;8.0;6.0;47.343712;-1.847318;2024-03-10 05:15:00
202400021434.0;1;62;62306;1;1;1.0;7.0;50.1553138;2.827729;2024-03-09 14:15:00
202400021435.0;2;42;42218;2;1;1.0;6.0;45.46618703;4.37727954;2024-11-15 17:45:00
202400021436.0;3;30;30302;1;1;3.0;7.0;44.07466;4.63248;2024-03-09 22:00:00
202400021437.0;1;51;51380;2;1;2.0;6.0;48.874039;3.543818;2024-03-09 16:40:00
202400021438.0;2;35;35278;1;1;1.0;4.0;48.14155;-1.66866;2024-11-15 17:30:00
202400021439.0;1;76;76577;2;6;1.0;6.0;49.79430433;1.13509781;2024-03-08 16:45:00
202400021440.0;3;76;76273;1;1;9.0;7.0;49.47656;1.177962;2024-03-10 02:20:00
202400021441.0;1;32;32032;2;1;8.0;6.0;43.580057;0.243727;2024-03-09 10:11:00
202400021442.0;5;34;34172;2;2;1.0;1.0;43.62603;3.8824;2024-11-16 21:35:00
202400021443.0;3;71;71353;1;1;3.0;6.0;46.53755113;4.89194079;2024-03-10 05:50:00
202400021444.0;3;89;89380;1;1;2.0;7.0;48.095896;3.08027;2024-03-10 05:24:00
202400021445.0;5;34;34172;2;1;1.0;2.0;43.58743;3.89342;2024-11-16 19:50:00
202400021446.0;1;63;63276;1;1;6.0;1.0;45.83044876;3.4832589;2024-03-09 17:00:00
202400021447.0;5;34;34172;2;4;1.0;3.0;43.613165;3.866771;2024-11-16 22:00:00
202400021448.0;1;61;61287;1;1;1.0;2.0;48.813943;-0.566294;2024-03-10 13:10:00
202400021449.0;1;34;34172;2;1;1.0;6.0;43.61895;3.86379;2024-11-15 15:25:00
202400021450.0;1;3;3236;1;1;8.0;6.0;46.192287;3.421801;2024-03-10 09:40:00
202400021451.0;1;33;33013;2;1;1.0;2.0;44.843;-0.50149;2024-11-16 14:57:00
202400021452.0;1;66;66015;1;6;1.0;3.0;42.554171;2.859063;2024-03-10 15:50:00
202400021453.0;5;33;33063;2;1;1.0;6.0;44.843928;-0.570396;2024-11-16 03:10:00
202400021454.0;1;54;54022;1;1;1.0;1.0;49.008281;6.03767;2024-03-09 16:15:00
202400021455.0;1;36;36102;1;2;1.0;3.0;47.0842495;1.89888261;2024-03-10 15:40:00
202400021456.0;2;16;16145;1;1;1.0;2.0;45.6980197;-0.1258917;2024-03-08 07:15:00
202400021457.0;3;7;7265;1;1;2.0;6.0;45.298822;4.644942;2024-03-10 06:50:00
202400021458.0;3;4;4116;1;1;3.0;1.0;44.021081;5.960292;2024-03-09 21:30:00
202400021459.0;1;27;27578;1;2;1.0;3.0;48.801352;0.99599;2024-03-10 11:45:00
202400021460.0;3;17;17327;2;1;1.0;7.0;46.098122;-0.589169;2024-03-09 02:20:00
202400021461.0;1;85;85191;1;1;1.0;1.0;46.69354;-1.42491;2024-12-21 10:45:00
202400021462.0;1;83;83069;2;1;1.0;2.0;43.11328;6.1244;2024-12-21 13:15:00
202400021463.0;5;81;81065;2;1;1.0;2.0;43.62264;2.27061;2024-12-22 01:25:00
202400021464.0;1;81;81004;1;9;8.0;6.0;43.91044;2.1406;2024-12-20 16:55:00
202400021465.0;1;77;77447;2;9;1.0;3.0;48.56242;2.54875;2024-12-21 14:45:00
202400021466.0;3;77;77243;2;9;1.0;4.0;48.87515;2.72004;2024-12-17 18:40:00
202400021467.0;2;69;69282;2;1;8.0;6.0;45.76438;4.9998;2024-12-21 17:30:00
202400021468.0;5;69;69290;2;1;2.0;6.0;45.69262;4.95544;2024-12-21 20:18:00
202400021469.0;1;68;68066;1;2;1.0;3.0;48.14033;7.45961;2024-12-21 16:15:00
202400021470.0;1;68;68066;2;1;1.0;6.0;48.0761;7.35488;2024-12-20 15:25:00
202400021471.0;3;66;66136;2;3;1.0;3.0;42.6918;2.88689;2024-12-21 22:30:00
202400021472.0;5;66;66136;2;1;1.0;3.0;42.69256;2.8919;2024-12-21 17:30:00
202400021473.0;3;63;63300;1;1;2.0;6.0;45.89554633;3.14080238;2024-12-21 03:30:00
202400021474.0;5;63;63300;2;2;2.0;3.0;45.88694;3.11441;2024-12-21 20:00:00
202400021475.0;3;63;63113;2;9;2.0;6.0;45.76658;3.08656;2024-12-21 20:05:00
202400021476.0;5;63;63113;2;9;1.0;3.0;45.76461;3.12715;2024-12-21 18:00:00
202400021477.0;1;62;62193;2;2;2.0;3.0;50.94155;1.87499;2024-12-20 16:25:00
202400021478.0;3;61;61006;2;6;2.0;2.0;48.73229;-0.035717;2024-12-16 08:15:00
202400021479.0;5;59;59155;2;1;8.0;1.0;51.033014;2.398721;2024-12-21 06:00:00
202400021480.0;1;57;57227;2;1;2.0;5.0;49.18974;6.88251;2024-12-15 15:40:00
202400021481.0;5;54;54578;2;2;2.0;3.0;48.67442;6.15094;2024-12-22 23:55:00
202400021482.0;3;54;54547;2;3;2.0;6.0;48.6653;6.17498;2024-12-21 20:35:00
202400021483.0;3;51;51058;2;1;2.0;6.0;49.21635;3.99118;2024-12-21 02:40:00
202400021484.0;5;49;49007;2;1;2.0;6.0;47.47005;-0.56255;2024-12-22 00:50:00
202400021485.0;1;45;45004;1;3;1.0;3.0;47.96222;2.7876;2024-12-21 13:15:00
202400021486.0;5;35;35238;2;1;2.0;2.0;48.10825027;-1.68322831;2024-12-22 03:05:00
202400021487.0;1;35;35051;1;6;1.0;3.0;48.14111;-1.62833;2024-12-21 14:55:00
202400021488.0;1;35;35238;1;1;1.0;5.0;48.10509;-1.71679;2024-12-21 12:15:00
202400021489.0;2;33;33063;2;3;2.0;1.0;44.84962935;-0.57523191;2024-12-20 17:30:00
202400021490.0;5;31;31555;2;1;1.0;2.0;43.63224631;1.46287277;2024-12-21 04:40:00
202400021491.0;5;31;31555;2;1;1.0;3.0;43.6093322;1.35556161;2024-12-20 21:50:00
202400021492.0;5;29;29232;2;3;2.0;6.0;47.9938;-4.0916;2024-12-20 21:55:00
202400021493.0;3;29;29232;2;1;1.0;6.0;47.97859167;-4.05556116;2024-12-20 08:15:00
202400021494.0;5;28;28404;2;6;2.0;6.0;48.71978;1.34847;2024-12-21 21:45:00
202400021495.0;1;27;27229;2;1;2.0;6.0;49.00199;1.15326;2024-12-21 12:39:00
202400021496.0;5;25;25056;2;1;8.0;6.0;47.24246;6.0295;2024-12-20 22:15:00
202400021497.0;1;22;22360;2;2;2.0;3.0;48.48795;-2.7315;2024-12-21 11:11:00
202400021498.0;5;15;15014;2;1;2.0;6.0;44.92392;2.43732;2024-12-21 08:00:00
202400021499.0;5;13;13205;2;2;1.0;3.0;43.28732;5.38908;2024-12-22 01:19:00
202400021500.0;3;13;13063;1;6;1.0;7.0;43.58821;4.98917;2024-12-21 06:00:00
202400021501.0;5;13;13001;2;9;1.0;3.0;43.52035;5.43532;2024-12-21 06:15:00
202400021502.0;1;11;11069;2;1;2.0;6.0;43.210359;2.353082;2024-12-21 13:35:00
202400021503.0;1;10;10333;2;6;8.0;3.0;48.2821;4.0598;2024-12-21 10:25:00
202400021504.0;3;8;8480;1;1;5.0;5.0;49.73833395;4.77090839;2024-12-21 06:00:00
202400021505.0;3;7;7102;1;1;1.0;7.0;44.9344;4.85832;2024-12-21 22:50:00
202400021506.0;5;6;6088;1;1;1.0;4.0;43.70834;7.27034;2024-12-20 18:45:00
202400021507.0;1;5;5023;1;1;1.0;6.0;44.87503;6.61678;2024-12-20 14:25:00
202400021508.0;1;3;3185;2;9;1.0;6.0;46.3488;2.60141;2024-12-21 16:00:00
202400021509.0;5;75;75116;2;1;1.0;5.0;48.8635;2.265922;2024-12-21 01:55:00
202400021510.0;5;75;75115;2;2;1.0;3.0;48.845287;2.311767;2024-12-20 03:46:00
202400021511.0;2;75;75119;2;1;8.0;6.0;48.886199;2.390875;2024-12-21 08:25:00
202400021512.0;5;75;75117;2;2;1.0;3.0;48.887762;2.318368;2024-12-21 06:25:00
202400021513.0;5;75;75116;2;1;2.0;3.0;48.870133;2.258027;2024-12-21 02:30:00
202400021514.0;5;75;75113;2;2;2.0;6.0;48.819729;2.372865;2024-12-21 21:20:00
202400021515.0;5;75;75110;2;7;2.0;3.0;48.876191;2.367855;2024-12-21 02:55:00
202400021516.0;5;75;75103;2;3;1.0;3.0;48.863311;2.360629;2024-12-21 20:30:00
202400021517.0;5;75;75103;2;1;2.0;7.0;48.865705;2.363673;2024-12-21 00:30:00
202400021518.0;5;75;75104;2;1;2.0;6.0;48.852407;2.360532;2024-12-19 00:15:00