Num_Acc;lum;departement;commune;agglomeration;intersection;meteo;type_collision;lat;long;date
202400021519.0;5;94;94078;2;2;2.0;3.0;48.740044;2.449729;2024-12-21 19:20:00
202400021520.0;5;94;94041;2;1;2.0;6.0;48.8039;2.37755;2024-12-21 06:40:00
202400021521.0;5;94;94079;2;1;2.0;1.0;48.82967;2.53905;2024-12-21 02:30:00
202400021522.0;5;93;93072;2;2;1.0;7.0;48.95585;2.38294;2024-12-21 06:05:00
202400021523.0;5;93;93077;2;2;8.0;3.0;48.8874782;2.50955057;2024-12-21 06:00:00
202400021524.0;1;93;93048;2;1;2.0;3.0;48.85686394;2.42956924;2024-12-21 15:40:00
202400021525.0;1;93;93074;1;1;1.0;2.0;48.93459;2.57978;2024-12-21 12:30:00
202400021526.0;1;93;93046;2;1;2.0;6.0;48.9115;2.5219;2024-12-21 13:40:00
202400021527.0;2;93;93031;2;1;8.0;6.0;48.94668;2.34556;2024-12-21 07:20:00
202400021528.0;5;93;93014;2;6;2.0;3.0;48.90246778;2.5418975;2024-12-21 20:15:00
202400021529.0;5;93;93008;2;1;8.0;1.0;48.90560063;2.46718168;2024-12-21 05:00:00
202400021530.0;5;92;92020;2;2;2.0;1.0;48.79835;2.28751;2024-12-20 17:05:00
202400021531.0;5;92;92071;2;1;2.0;6.0;48.7748578;2.29265571;2024-12-20 18:10:00
202400021532.0;5;92;92012;2;1;2.0;6.0;48.83367707;2.26080313;2024-12-21 01:30:00
202400021533.0;1;60;60669;1;1;1.0;1.0;49.322776;2.49071;2024-12-20 14:00:00
202400021534.0;1;35;35128;1;3;1.0;2.0;48.290296;-1.722525;2024-12-20 15:55:00
202400021535.0;1;94;94018;2;1;8.0;3.0;48.82718367;2.40487754;2024-04-16 09:24:00
202400021536.0;3;35;35356;1;1;1.0;6.0;48.247576;-1.764287;2024-12-21 08:00:00
202400021537.0;1;94;94071;2;3;2.0;2.0;48.77647;2.51125;2024-04-16 11:00:00
202400021538.0;3;67;67061;1;2;3.0;1.0;48.836122;7.485573;2024-12-19 16:45:00
202400021539.0;3;28;28161;1;1;2.0;6.0;48.240527;1.088199;2024-12-20 19:52:00
202400021540.0;1;93;93070;2;3;8.0;3.0;48.906558;2.344204;2024-04-16 16:40:00
202400021541.0;1;972;97220;1;1;1.0;6.0;14.485238;-60.902662;2024-12-22 10:30:00
202400021542.0;3;14;14061;1;1;1.0;6.0;48.969404;-0.870516;2024-12-19 21:45:00
202400021543.0;1;93;93070;2;2;2.0;3.0;48.905951;2.33821;2024-04-16 12:35:00
202400021544.0;1;93;93066;2;1;3.0;6.0;48.938621;2.357411;2024-04-16 12:25:00
202400021545.0;3;62;62397;1;1;6.0;6.0;50.85864843;1.89428632;2024-12-22 04:45:00
202400021546.0;1;93;93027;2;3;2.0;6.0;48.91918;2.38706;2024-04-16 08:20:00
202400021547.0;2;38;38239;1;1;1.0;2.0;45.333225;5.557741;2024-12-21 08:00:00
202400021548.0;1;83;83049;1;6;1.0;2.0;43.236168;6.103077;2024-12-21 14:00:00
202400021549.0;1;93;93062;2;6;1.0;3.0;48.89924;2.51767;2024-04-16 17:30:00
202400021550.0;3;72;72287;2;1;2.0;6.0;47.880121;0.201971;2024-12-22 07:20:00
202400021551.0;1;93;93005;2;1;1.0;1.0;48.937454;2.499144;2024-04-16 16:45:00
202400021552.0;1;50;50393;1;1;8.0;6.0;48.921294;-1.208786;2024-12-22 11:45:00
202400021553.0;1;92;92062;1;1;1.0;6.0;48.88374099;2.24416584;2024-04-16 08:30:00
202400021554.0;1;51;51111;1;1;2.0;2.0;49.18571333;3.82387902;2024-12-21 15:20:00
202400021555.0;1;92;92020;2;1;1.0;6.0;48.80903;2.28345;2024-04-15 19:08:00
202400021556.0;3;56;56094;1;1;2.0;6.0;47.788771;-3.254431;2024-12-22 04:40:00
202400021557.0;1;92;92044;2;1;2.0;3.0;48.90168199;2.28575385;2024-04-16 10:00:00
202400021558.0;3;67;67543;1;1;2.0;2.0;48.502298;7.253436;2024-12-22 17:20:00
202400021559.0;1;92;92040;2;1;1.0;6.0;48.81956;2.25602;2024-04-16 12:51:00
202400021560.0;3;67;67144;1;1;2.0;7.0;48.418809;7.190176;2024-12-21 17:09:00
202400021561.0;1;92;92040;2;1;1.0;3.0;48.82663684;2.27530932;2024-04-16 08:55:00
202400021562.0;1;79;79172;1;1;1.0;1.0;46.552943;-0.30899;2024-12-21 16:50:00
202400021563.0;5;32;32160;1;6;2.0;7.0;43.602863;1.04707;2024-12-22 00:05:00
202400021564.0;1;92;92036;2;9;1.0;1.0;48.92703236;2.31432045;2024-04-14 15:30:00
202400021565.0;3;63;63418;1;1;2.0;7.0;45.76074417;3.48328738;2024-12-21 20:40:00
202400021566.0;1;92;92023;2;1;2.0;2.0;48.77979;2.23759;2024-04-16 14:21:00
202400021567.0;3;61;61330;1;1;2.0;6.0;48.704542;0.376882;2024-12-20 17:05:00
202400021568.0;1;92;92019;2;1;1.0;1.0;48.76795803;2.28617513;2024-04-16 18:53:00
202400021569.0;1;92;92012;2;1;1.0;3.0;48.82862015;2.23829699;2024-04-16 13:30:00
202400021570.0;1;39;39017;2;2;8.0;3.0;46.760381;5.530783;2024-12-22 12:50:00
202400021571.0;2;92;92004;2;1;2.0;3.0;48.91920671;2.28056163;2024-04-16 07:55:00
202400021572.0;1;44;44050;2;6;7.0;3.0;47.412411;-2.167295;2024-12-12 15:15:00
202400021573.0;5;92;92009;2;9;1.0;5.0;48.90661166;2.26005131;2024-04-15 23:35:00
202400021574.0;3;31;31546;1;1;1.0;6.0;43.367402;1.673211;2024-12-21 05:05:00
202400021575.0;5;92;92014;2;1;1.0;3.0;48.78177;2.31751;2024-04-16 20:40:00
202400021576.0;3;2;2503;1;1;2.0;1.0;49.85882;3.539287;2024-12-21 19:30:00
202400021577.0;1;1;1244;1;1;1.0;4.0;45.901963;5.199097;2024-04-12 17:15:00
202400021578.0;1;15;15073;1;1;2.0;6.0;44.911084;3.123337;2024-12-22 14:16:00
202400021579.0;2;974;97422;2;3;1.0;2.0;-21.26598;55.524232;2024-04-16 18:05:00
202400021580.0;1;26;26143;1;1;2.0;6.0;45.265433;5.07298;2024-12-22 10:15:00
202400021581.0;3;26;26006;1;1;1.0;7.0;44.7659;4.895898;2024-12-21 20:10:00
202400021582.0;1;972;97201;2;1;2.0;1.0;14.830844;-61.103967;2024-04-17 11:30:00
202400021583.0;3;58;58281;2;2;2.0;6.0;47.33306;3.091675;2024-12-22 00:15:00
202400021584.0;1;54;54151;1;1;2.0;6.0;49.47361798;5.7356143;2024-04-15 16:14:00
202400021585.0;1;6;6074;1;1;1.0;6.0;43.952409;7.295383;2024-12-21 14:25:00
202400021586.0;1;7;7337;1;6;1.0;7.0;45.244543;4.710238;2024-12-21 16:35:00
202400021587.0;1;51;51326;1;1;1.0;7.0;49.11776187;4.35949145;2024-04-14 19:55:00
202400021588.0;3;7;7172;1;1;1.0;7.0;45.27671;4.734721;2024-12-20 17:30:00
202400021589.0;1;40;40287;1;2;3.0;3.0;44.474298;-1.052547;2024-12-21 10:30:00
202400021590.0;1;83;83049;1;1;6.0;5.0;43.256635;6.063214;2024-04-17 17:50:00
202400021591.0;1;40;40021;1;1;8.0;1.0;43.786015;-1.297842;2024-12-21 16:40:00
202400021592.0;1;50;50592;2;3;2.0;6.0;48.972438;-1.059291;2024-04-16 15:15:00
202400021593.0;3;85;85295;1;1;3.0;6.0;46.9862;-1.20132;2024-12-22 08:00:00
202400021594.0;3;79;79013;2;1;1.0;7.0;46.979469;-0.469655;2024-04-17 05:30:00
202400021595.0;1;973;97307;1;1;1.0;5.0;4.864821;-52.311369;2024-12-21 16:30:00
202400021596.0;2;65;65316;1;1;2.0;1.0;43.204722;0.462327;2024-04-17 07:00:00
202400021597.0;1;44;44028;1;1;8.0;6.0;47.356894;-1.330247;2024-12-21 16:00:00
202400021598.0;3;11;11255;1;1;1.0;6.0;43.163839;2.910047;2024-04-16 23:15:00
202400021599.0;5;89;89025;2;1;2.0;1.0;47.476973;3.90234;2024-04-16 22:25:00
202400021600.0;3;34;34240;1;1;1.0;4.0;43.651626;3.988659;2024-12-21 22:23:00
202400021601.0;1;1;1034;1;1;2.0;1.0;45.708777;5.676396;2024-04-17 09:45:00
202400021602.0;1;86;86082;1;1;1.0;7.0;46.314355;0.218865;2024-04-16 16:06:00
202400021603.0;3;34;34022;1;1;1.0;5.0;43.651789;3.988895;2024-12-21 22:23:00
202400021604.0;1;35;35009;1;2;1.0;3.0;48.504992;-1.739928;2024-04-17 14:10:00
202400021605.0;3;988;98828;1;1;8.0;6.0;-21.66559;165.80865;2024-12-20 20:30:00
202400021606.0;1;38;38130;1;2;1.0;3.0;45.346603;5.246648;2024-04-17 13:55:00
202400021607.0;1;38;38517;2;1;2.0;6.0;45.299224;5.485415;2024-04-17 16:30:00
202400021608.0;3;77;77100;1;1;2.0;5.0;48.490672;2.81692;2024-12-19 04:55:00
202400021609.0;1;78;78398;2;1;2.0;7.0;48.757207;1.829886;2024-12-22 14:20:00
202400021610.0;1;58;58112;1;1;2.0;1.0;46.976338;3.353292;2024-04-17 14:15:00
202400021611.0;1;50;50569;1;2;1.0;3.0;49.051216;-1.325955;2024-04-17 16:48:00
202400021612.0;1;26;26124;1;1;1.0;2.0;44.82613996;4.86023539;2024-12-21 11:45:00
202400021613.0;1;50;50215;2;1;1.0;6.0;49.09684;-1.583764;2024-04-17 10:30:00
202400021614.0;3;73;73054;1;1;4.0;1.0;45.600768;6.804786;2024-12-22 18:00:00
202400021615.0;1;9;9265;1;1;1.0;2.0;43.087563;1.634902;2024-04-13 13:20:00
202400021616.0;1;60;60025;2;1;1.0;7.0;49.415049;3.03668;2024-04-17 18:50:00
202400021617.0;1;60;60220;1;3;2.0;3.0;49.420647;1.862333;2024-04-16 18:40:00
202400021618.0;1;27;27302;2;9;3.0;3.0;49.227892;0.839981;2024-03-26 16:30:00
202400021619.0;1;73;73150;1;1;1.0;5.0;45.57993172;6.73637762;2024-12-21 15:35:00
202400021620.0;3;1;1418;2;1;1.0;6.0;45.821506;5.017217;2024-12-22 01:10:00
202400021621.0;1;1;1185;1;1;4.0;6.0;45.96874;5.580343;2024-12-22 15:05:00
202400021622.0;1;87;87017;1;1;1.0;1.0;46.138341;1.097807;2024-04-16 15:42:00
202400021623.0;5;69;69040;2;1;1.0;6.0;45.802396;4.784546;2024-12-21 17:56:00
202400021624.0;1;30;30109;1;1;1.0;7.0;44.066492;4.237714;2024-04-14 15:06:00
202400021625.0;1;81;81215;1;4;1.0;6.0;43.78519;1.866057;2024-12-20 12:00:00
202400021626.0;1;67;67084;1;1;2.0;7.0;48.310469;7.477124;2024-04-17 09:00:00
202400021627.0;4;49;49194;2;1;2.0;7.0;47.457475;-0.283992;2024-12-21 02:20:00
202400021628.0;1;6;6085;2;3;1.0;1.0;43.598242;7.002509;2024-04-12 14:30:00
202400021629.0;1;68;68297;1;1;2.0;2.0;47.615002;7.517728;2024-04-17 17:30:00
202400021630.0;1;14;14258;2;2;1.0;6.0;48.895403;-0.198709;2024-11-25 09:20:00
202400021631.0;3;14;14066;2;1;3.0;6.0;49.33221541;-0.40911098;2024-12-22 04:15:00
202400021632.0;3;51;51058;1;1;1.0;3.0;49.21485;3.99044;2024-04-13 21:00:00
202400021633.0;1;29;29058;2;1;1.0;2.0;47.90080952;-4.0226961;2024-12-21 12:13:00
202400021634.0;3;51;51657;1;1;1.0;6.0;49.24442616;3.92620342;2024-04-14 04:18:00
202400021635.0;3;76;76099;1;1;2.0;6.0;49.547942;0.854165;2024-12-21 22:04:00
202400021636.0;1;971;97111;1;1;1.0;1.0;16.321751;-61.775485;2024-04-15 15:15:00
202400021637.0;1;33;33234;1;2;1.0;3.0;44.784403;-0.506601;2024-04-11 12:40:00
202400021638.0;1;13;13213;1;1;1.0;2.0;43.32738851;5.41904855;2024-12-20 16:30:00
202400021639.0;1;77;77173;2;1;1.0;7.0;49.035745;2.929216;2024-04-12 08:03:00
202400021640.0;4;13;13100;2;1;1.0;6.0;43.788221;4.841006;2024-04-16 09:24:00
202400021641.0;3;83;83090;1;1;6.0;2.0;43.12565;5.87652;2024-12-20 04:20:00
202400021642.0;1;67;67300;2;1;1.0;3.0;48.539053;7.495755;2024-04-02 08:04:00
202400021643.0;1;1;1238;1;1;3.0;3.0;45.902254;4.812355;2024-12-07 12:00:00
202400021644.0;3;33;33182;1;1;1.0;6.0;45.073702;-0.632186;2024-04-16 22:00:00
202400021645.0;1;67;67043;1;1;1.0;4.0;48.617362;7.726391;2024-12-17 09:30:00
202400021646.0;1;49;49194;1;2;1.0;3.0;47.44440121;-0.28693736;2024-04-16 16:30:00
202400021647.0;1;80;80383;1;1;1.0;3.0;49.721122;2.76319;2024-04-17 14:50:00
202400021648.0;1;77;77251;1;1;2.0;2.0;48.62251414;2.54435624;2024-12-21 15:30:00
202400021649.0;3;59;59035;2;2;1.0;3.0;50.112928;3.945492;2024-04-17 00:10:00
202400021650.0;1;59;59586;2;1;2.0;6.0;50.525722;3.164315;2024-04-16 19:19:00
202400021651.0;3;91;91521;1;1;1.0;7.0;48.6345;2.4059;2024-12-21 08:00:00
202400021652.0;3;13;13211;1;1;1.0;7.0;43.28807985;5.44165529;2024-04-14 01:30:00
202400021653.0;3;94;94003;1;1;2.0;2.0;48.79896363;2.34374287;2024-12-20 21:35:00
202400021654.0;3;13;13026;1;1;1.0;2.0;43.37402;5.18083;2024-04-16 21:05:00
202400021655.0;2;78;78297;1;1;2.0;6.0;48.789194;2.069099;2024-12-21 15:50:00
202400021656.0;1;13;13005;1;1;1.0;2.0;43.324;5.598;2024-04-16 07:40:00
202400021657.0;1;78;78297;1;1;2.0;4.0;48.791903;2.055369;2024-12-21 14:30:00
202400021658.0;1;83;83137;1;1;1.0;4.0;43.12436614;5.96459381;2024-04-15 08:45:00
202400021659.0;5;78;78238;1;1;1.0;2.0;48.970644;1.886059;2024-12-21 06:00:00
202400021660.0;3;92;92036;1;1;2.0;6.0;48.94815749;2.28119607;2024-12-21 05:00:00
202400021661.0;1;33;33039;1;1;1.0;2.0;44.79632;-0.53862;2024-04-16 09:36:00
202400021662.0;2;33;33096;1;1;1.0;3.0;44.89332;-0.49972;2024-04-16 07:09:00
202400021663.0;5;93;93066;1;1;1.0;5.0;48.90751824;2.35850551;2024-12-20 06:30:00
202400021664.0;1;33;33550;1;1;1.0;4.0;44.77459;-0.55662;2024-04-15 17:10:00
202400021665.0;3;95;95277;1;1;1.0;3.0;48.96893169;2.47975723;2024-12-20 05:38:00
202400021666.0;1;62;62628;1;1;1.0;2.0;50.43253869;2.85844849;2024-04-12 18:00:00
202400021667.0;3;94;94071;2;3;2.0;2.0;48.777881;2.511676;2024-03-15 22:15:00
202400021668.0;3;62;62907;1;1;3.0;6.0;50.49573152;2.99954491;2024-04-08 21:35:00
202400021669.0;1;91;91377;1;1;1.0;2.0;48.72766;2.30386;2024-04-16 16:59:00
202400021670.0;1;94;94034;1;1;1.0;2.0;48.75619818;2.33320381;2024-04-16 08:30:00
202400021671.0;5;987;98735;2;2;1.0;1.0;-17.53514;-149.55554;2024-12-19 21:35:00
202400021672.0;3;91;91553;1;1;2.0;2.0;48.63133;2.49056;2024-04-15 23:51:00
202400021673.0;1;974;97407;2;1;1.0;2.0;-20.95908;55.31606;2024-12-06 15:40:00
202400021674.0;1;92;92050;1;1;2.0;2.0;48.90439707;2.20786035;2024-04-16 18:30:00
202400021675.0;4;973;97302;2;1;1.0;3.0;4.93089;-52.31322;2024-12-20 19:40:00
202400021676.0;1;78;78158;1;1;2.0;2.0;48.834888;2.131879;2024-04-16 09:20:00
202400021677.0;1;973;97302;2;3;2.0;3.0;4.91675;-52.32149;2024-12-20 08:15:00
202400021678.0;1;92;92050;1;9;2.0;3.0;48.90887046;2.21442681;2024-04-15 17:35:00
202400021679.0;1;13;13203;2;1;1.0;7.0;43.31803877;5.37817115;2024-01-27 13:40:00
202400021680.0;1;69;69387;2;1;8.0;6.0;45.73921498;4.82895331;2024-12-09 14:52:00
202400021681.0;1;92;92023;1;1;1.0;3.0;48.7767173;2.23193664;2024-04-15 08:30:00
202400021682.0;1;13;13208;2;1;1.0;1.0;43.24363221;5.37037985;2024-01-27 10:15:00
202400021683.0;2;69;69387;2;8;1.0;1.0;45.7294;4.8451;2024-12-20 07:50:00
202400021684.0;1;93;93066;1;1;8.0;3.0;48.91936344;2.35754643;2024-04-16 19:40:00
202400021685.0;5;972;97209;1;1;2.0;6.0;14.61205;-61.07766;2024-12-20 02:20:00
202400021686.0;5;13;13005;2;1;1.0;3.0;43.28537;5.55401;2024-01-27 20:20:00
202400021687.0;1;93;93007;1;1;2.0;4.0;48.93333787;2.48068994;2024-04-15 17:50:00
202400021688.0;1;69;69202;2;3;8.0;3.0;45.74647286;4.78835091;2024-12-20 08:15:00
202400021689.0;3;12;12145;1;1;5.0;1.0;44.089022;3.101505;2024-01-27 05:55:00
202400021690.0;4;971;97101;1;1;1.0;7.0;16.25812;-61.45354;2024-12-20 01:22:00
202400021691.0;1;93;93066;1;1;1.0;2.0;48.91030991;2.35797606;2024-04-15 15:30:00
202400021692.0;1;93;93010;2;2;1.0;1.0;48.90324283;2.48009205;2024-09-06 17:30:00
202400021693.0;2;1;1031;1;1;8.0;7.0;46.23343;5.63227;2024-01-27 18:32:00
202400021694.0;5;971;97113;1;1;1.0;3.0;16.21946;-61.51692;2024-12-19 19:15:00
202400021695.0;1;92;92036;1;1;1.0;2.0;48.94355783;2.28738079;2024-04-15 11:50:00
202400021696.0;1;75;75116;2;3;2.0;7.0;48.872321;2.296358;2024-01-23 13:40:00
202400021697.0;5;2A;2A004;2;1;1.0;7.0;41.929922;8.781028;2024-12-20 23:30:00
202400021698.0;5;93;93005;2;1;1.0;3.0;48.93391847;2.49096394;2024-09-06 23:10:00
202400021699.0;1;94;94028;1;1;2.0;3.0;48.79162094;2.44097743;2024-04-16 12:05:00
202400021700.0;5;75;75113;2;1;1.0;6.0;48.830013;2.372372;2024-01-27 19:40:00
202400021701.0;5;95;95268;2;6;2.0;3.0;48.96125;2.40184;2024-12-20 21:30:00
202400021702.0;1;92;92049;2;1;1.0;3.0;48.81151597;2.30324543;2024-09-06 08:45:00
202400021703.0;1;75;75111;2;3;1.0;2.0;48.861013;2.374827;2024-01-26 16:55:00
202400021704.0;1;75;75112;1;1;2.0;3.0;48.81772509;2.45560527;2024-04-16 10:20:00
202400021705.0;1;87;87085;2;1;2.0;2.0;45.8169;1.25153;2024-12-19 16:34:00
202400021706.0;1;94;94065;1;1;1.0;3.0;48.75450603;2.34891348;2024-04-15 18:30:00
202400021707.0;5;75;75108;2;3;1.0;1.0;48.867807;2.313899;2024-01-27 06:10:00
202400021708.0;1;92;92020;2;3;1.0;1.0;48.80994038;2.28255665;2024-09-06 08:50:00
202400021709.0;3;84;84007;2;1;1.0;3.0;43.92955;4.829;2024-12-16 20:10:00
202400021710.0;1;74;74012;2;1;1.0;6.0;46.19739;6.23965;2024-02-15 09:40:00
202400021711.0;4;75;75107;2;3;1.0;7.0;48.857458;2.291154;2024-01-27 22:10:00
202400021712.0;1;92;92036;2;1;1.0;6.0;48.930159;2.286545;2024-09-06 16:30:00
202400021713.0;1;74;74010;2;1;1.0;1.0;45.889;6.144;2024-02-03 13:40:00
202400021714.0;3;84;84007;2;6;1.0;3.0;43.93997;4.83686;2024-12-20 21:35:00
202400021715.0;1;75;75104;2;2;1.0;7.0;48.85836;2.351926;2024-01-27 15:40:00
202400021716.0;1;59;59646;2;1;1.0;6.0;50.6696;3.12964;2024-02-15 12:20:00
202400021717.0;1;92;92026;2;2;7.0;2.0;48.89013494;2.25625969;2024-09-06 12:20:00
202400021718.0;1;83;83137;2;3;6.0;6.0;43.13122;5.91945;2024-12-20 16:30:00
202400021719.0;1;75;75104;2;3;1.0;5.0;48.851653;2.36766;2024-01-26 13:17:00
202400021720.0;2;92;92025;2;1;1.0;6.0;48.93089304;2.2551973;2024-09-06 20:15:00
202400021721.0;5;59;59574;2;2;1.0;3.0;50.3714;3.26502;2024-02-15 18:40:00
202400021722.0;5;83;83137;2;1;6.0;6.0;43.12716;5.96213;2024-12-20 07:30:00
202400021723.0;2;75;75101;2;1;1.0;3.0;48.862135;2.331003;2024-01-25 08:40:00
202400021724.0;3;92;92025;2;1;1.0;6.0;48.9313139;2.26472729;2024-09-05 20:50:00
202400021725.0;1;27;27229;2;6;1.0;6.0;49.02843;1.18494;2024-02-15 17:07:00
202400021726.0;5;94;94068;2;1;1.0;6.0;48.79963;2.47785;2024-01-26 23:00:00
202400021727.0;1;80;80021;1;1;1.0;2.0;49.9026;2.24127;2024-12-19 15:45:00
202400021728.0;1;92;92014;2;9;1.0;6.0;48.78274;2.31477;2024-09-06 10:45:00
202400021729.0;1;976;97611;2;1;1.0;3.0;-12.76682;45.22478;2024-04-15 10:15:00
202400021730.0;3;28;28012;1;1;2.0;6.0;48.11352;1.115906;2024-09-07 02:30:00
202400021731.0;1;94;94046;2;2;1.0;3.0;48.81005;2.4556;2024-01-27 11:20:00
202400021732.0;1;78;78517;1;9;8.0;3.0;48.65912;1.83474;2024-12-20 13:10:00
202400021733.0;1;976;97611;2;1;1.0;1.0;45.23507;12.78223;2024-04-11 16:45:00
202400021734.0;3;77;77121;1;1;1.0;6.0;48.82324;2.68419;2024-12-20 07:35:00
202400021735.0;5;94;94017;2;1;1.0;2.0;48.813028;2.509929;2024-01-27 06:10:00
202400021736.0;1;14;14712;1;1;1.0;3.0;49.179284;-0.197998;2024-09-07 12:17:00
202400021737.0;1;974;97411;2;1;1.0;7.0;-20.89072;55.46881;2024-04-15 12:15:00
202400021738.0;1;77;77284;2;9;1.0;3.0;48.94838263;2.87992;2024-12-20 13:56:00
202400021739.0;1;59;59335;2;1;1.0;7.0;50.463371;3.415192;2024-09-07 14:45:00
202400021740.0;5;973;97302;1;6;1.0;7.0;4.89703706;-52.32845217;2024-04-15 18:42:00
202400021741.0;5;93;93005;2;6;1.0;3.0;48.930222;2.48173;2024-01-26 22:19:00
202400021742.0;5;973;97302;2;1;1.0;6.0;4.929;-52.29522;2024-04-15 05:01:00
202400021743.0;5;72;72181;2;6;8.0;3.0;47.99732;0.22311;2024-12-20 07:35:00
202400021744.0;5;93;93066;2;3;1.0;3.0;48.914043;2.345367;2024-01-09 20:00:00
202400021745.0;2;60;60374;1;2;1.0;3.0;49.561318;2.487229;2024-09-07 07:40:00
202400021746.0;1;69;69381;2;1;1.0;1.0;45.77275;4.83159;2024-04-15 13:10:00
202400021747.0;1;93;93050;2;3;1.0;7.0;48.86509353;2.55529225;2024-01-27 15:10:00
202400021748.0;1;60;60539;2;1;1.0;7.0;49.29828;2.519238;2024-08-27 11:43:00
202400021749.0;1;72;72181;2;6;8.0;3.0;47.97842;0.21304;2024-12-19 13:12:00
202400021750.0;1;971;97101;2;4;1.0;3.0;16.27060514;-61.50548011;2024-04-15 14:00:00
202400021751.0;1;93;93031;2;3;1.0;6.0;48.96089418;2.29341343;2024-01-27 13:15:00
202400021752.0;1;39;39389;1;1;1.0;2.0;46.716852;5.891962;2024-09-07 15:30:00
202400021753.0;1;69;69256;2;2;1.0;3.0;45.78077;4.9234;2024-12-20 13:40:00
202400021754.0;1;93;93031;2;1;1.0;6.0;48.96049;2.30159;2024-01-27 11:40:00
202400021755.0;1;971;97101;1;1;2.0;3.0;16.24873;-61.51735;2024-04-15 08:30:00
202400021756.0;3;971;97113;1;1;9.0;7.0;16.22128;-61.52186;2024-04-15 00:50:00
202400021757.0;1;42;42187;2;1;1.0;2.0;46.020472;4.05202;2024-09-06 18:50:00
202400021758.0;5;69;69290;2;2;1.0;3.0;45.69430442;4.94116535;2024-12-20 21:30:00
202400021759.0;3;971;97113;1;1;2.0;1.0;16.21825;-61.5175;2024-04-14 00:15:00
202400021760.0;1;69;69096;2;1;1.0;6.0;45.60640385;4.77218017;2024-12-20 11:05:00
202400021761.0;1;971;97105;2;1;1.0;6.0;15.99072;-61.72819;2024-03-22 13:30:00
202400021762.0;1;93;93057;2;2;1.0;6.0;48.904254;2.5047;2024-01-26 11:15:00
202400021763.0;1;31;31454;2;1;8.0;1.0;43.413008;1.112592;2024-09-07 11:00:00
202400021764.0;1;91;91345;2;1;1.0;6.0;48.69364;2.2933;2024-04-15 12:15:00
202400021765.0;5;67;67447;2;3;1.0;3.0;48.61019502;7.73069233;2024-12-20 18:40:00
202400021766.0;1;92;92073;2;1;1.0;3.0;48.87536;2.21909;2024-01-27 13:45:00
202400021767.0;1;77;77401;1;9;1.0;6.0;49.010212;3.146156;2024-09-06 17:00:00
202400021768.0;1;91;91687;2;6;1.0;6.0;48.66088;2.3754;2024-04-15 18:40:00
202400021769.0;1;64;64024;2;3;1.0;7.0;43.50072;-1.53241;2024-12-20 14:00:00
202400021770.0;1;92;92022;2;1;1.0;3.0;48.80722;2.18749;2024-01-27 11:12:00
202400021771.0;3;44;44198;1;1;8.0;1.0;47.13433;-1.515791;2024-09-07 04:10:00
202400021772.0;1;91;91223;2;2;3.0;3.0;48.43609;2.16541;2024-04-15 17:25:00
202400021773.0;1;62;62548;1;3;1.0;3.0;50.93675;1.94067;2024-12-20 08:45:00
202400021774.0;1;10;10003;2;9;1.0;1.0;48.218629;3.737084;2024-09-07 16:43:00
202400021775.0;1;92;92049;2;3;1.0;3.0;48.81751669;2.32544553;2024-01-26 17:30:00
202400021776.0;1;90;90010;2;1;1.0;1.0;47.62859;6.86376;2024-04-15 15:28:00
202400021777.0;1;59;59508;2;1;1.0;6.0;50.744864;3.132153;2024-12-20 14:20:00
202400021778.0;1;92;92026;2;2;1.0;6.0;48.90309203;2.25606161;2024-01-27 15:05:00
202400021779.0;1;83;83086;1;1;1.0;2.0;43.458329;6.557572;2024-09-05 17:30:00
202400021780.0;1;86;86194;2;1;1.0;3.0;46.583779;0.332277;2024-04-14 13:20:00
202400021781.0;5;59;59350;2;1;2.0;1.0;50.61308538;3.03646282;2024-12-20 19:05:00
202400021782.0;1;80;80001;2;1;1.0;3.0;50.116919;1.849986;2024-04-12 12:10:00
202400021783.0;5;92;92024;2;2;1.0;3.0;48.90132895;2.31525019;2024-01-26 18:20:00
202400021784.0;5;974;97402;2;2;1.0;3.0;-20.99668166;55.6799655;2024-02-27 21:30:00
202400021785.0;5;56;56121;2;6;2.0;3.0;47.762;-3.39617;2024-12-20 18:40:00
202400021786.0;5;92;92007;2;1;1.0;7.0;48.79730337;2.30131602;2024-01-26 23:55:00
202400021787.0;1;77;77438;1;1;1.0;2.0;48.86684;2.67556;2024-04-15 12:20:00
202400021788.0;3;72;72124;1;1;1.0;7.0;47.80740806;0.31390601;2024-09-07 02:10:00
202400021789.0;1;92;92002;2;3;1.0;3.0;48.76434868;2.3093808;2024-01-27 09:40:00
202400021790.0;5;56;56121;2;2;2.0;3.0;47.74375;-3.38126;2024-12-19 18:35:00
202400021791.0;1;76;76351;2;3;1.0;2.0;49.48978;0.10992;2024-04-14 19:10:00
202400021792.0;3;47;47132;1;1;5.0;6.0;44.652578;0.525531;2024-01-28 01:00:00
202400021793.0;1;56;56083;2;1;7.0;2.0;47.80433;-3.26245;2024-12-19 12:30:00
202400021794.0;1;14;14713;2;1;1.0;6.0;49.055062;-0.47459;2024-01-28 10:30:00
202400021795.0;5;76;76305;1;3;1.0;3.0;49.50713;0.21981;2024-04-13 00:05:00
202400021796.0;1;50;50487;1;1;1.0;4.0;48.537181;-1.341019;2024-09-07 13:25:00
202400021797.0;2;62;62150;1;1;1.0;6.0;50.413577;1.807745;2024-01-27 18:00:00
202400021798.0;1;76;76351;2;1;1.0;7.0;49.47932;0.1473;2024-04-12 17:28:00
202400021799.0;1;54;54395;2;3;1.0;3.0;48.68747333;6.18349493;2024-12-20 13:45:00
202400021800.0;1;95;95205;2;1;1.0;6.0;49.02127809;2.37494051;2024-01-27 10:35:00