Num_Acc;lum;departement;commune;agglomeration;intersection;meteo;type_collision;lat;long;date
202400021801.0;5;54;54526;2;2;2.0;6.0;48.68146328;6.21580347;2024-12-19 19:25:00
202400021802.0;1;17;17425;1;1;1.0;7.0;45.606502;-0.946283;2024-01-28 08:33:00
202400021803.0;1;2B;2B143;1;1;1.0;6.0;42.156914;9.514761;2024-09-07 17:10:00
202400021804.0;3;73;73065;2;4;1.0;6.0;45.56757412;5.93751222;2024-04-15 04:30:00
202400021805.0;1;2B;2B074;1;1;1.0;6.0;42.26016;9.171309;2024-09-06 15:15:00
202400021806.0;5;54;54367;2;1;1.0;1.0;49.50147312;5.77443659;2024-12-20 22:43:00
202400021807.0;1;71;71486;2;3;1.0;3.0;46.64860147;4.35818732;2024-04-15 16:15:00
202400021808.0;1;36;36244;1;2;1.0;6.0;47.1699112;1.45359099;2024-01-28 17:10:00
202400021809.0;1;82;82110;1;1;7.0;6.0;44.143685;1.411357;2024-09-06 12:30:00
202400021810.0;1;51;51454;2;1;1.0;6.0;49.2777;4.0106;2024-12-20 08:38:00
202400021811.0;5;84;84044;2;1;1.0;6.0;44.216324;5.13157;2024-01-28 00:30:00
202400021812.0;1;71;71486;2;1;1.0;1.0;46.649984;4.3288;2024-04-15 13:50:00
202400021813.0;3;10;10240;1;1;9.0;7.0;48.276892;3.901;2024-01-28 05:18:00
202400021814.0;1;51;51454;2;2;1.0;2.0;49.27009;4.02211;2024-12-20 08:38:00
202400021815.0;1;65;65072;2;1;1.0;7.0;43.286632;0.069347;2024-08-29 19:00:00
202400021816.0;1;71;71497;2;2;1.0;6.0;46.34089;4.82812;2024-04-13 09:00:00
202400021817.0;1;972;97204;1;1;1.0;1.0;14.714393;-61.183698;2024-01-28 09:20:00
202400021818.0;1;71;71428;1;1;1.0;7.0;46.198889;4.304699;2024-09-07 15:00:00
202400021819.0;5;51;51454;2;2;1.0;6.0;49.25021;4.0388;2024-12-19 18:10:00
202400021820.0;1;46;46148;2;1;1.0;6.0;44.33631;1.548064;2024-01-27 16:40:00
202400021821.0;1;69;69286;2;9;1.0;2.0;45.81675263;4.88895135;2024-04-15 18:54:00
202400021822.0;1;89;89093;1;3;1.0;3.0;48.32863;3.113168;2024-09-06 17:10:00
202400021823.0;1;974;97414;2;2;1.0;3.0;-21.276388;55.415742;2024-01-28 13:55:00
202400021824.0;1;69;69092;2;1;1.0;3.0;45.98718621;4.70708565;2024-04-15 11:15:00
202400021825.0;5;50;50129;2;2;3.0;2.0;49.63929;-1.58348;2024-12-18 20:25:00
202400021826.0;1;89;89081;1;3;1.0;3.0;47.84482;3.77651;2024-09-06 16:55:00
202400021827.0;1;23;23075;1;1;1.0;6.0;46.318177;1.66916;2024-01-27 14:30:00
202400021828.0;1;69;69290;2;2;1.0;3.0;45.69433;4.94121;2024-04-15 12:00:00
202400021829.0;1;63;63232;2;1;2.0;7.0;46.007131;3.408546;2024-09-07 10:50:00
202400021830.0;4;49;49007;2;1;1.0;3.0;47.47003;-0.56253;2024-12-20 22:45:00
202400021831.0;1;79;79320;1;2;1.0;3.0;46.467291;-0.459543;2024-01-28 12:00:00
202400021832.0;1;69;69091;2;1;1.0;3.0;45.58525;4.75129;2024-04-15 13:40:00
202400021833.0;3;63;63199;1;1;1.0;6.0;45.616029;3.101783;2024-01-27 20:00:00
202400021834.0;1;68;68266;1;3;1.0;7.0;47.885334;7.40677;2024-09-07 13:20:00
202400021835.0;2;47;47001;2;2;1.0;5.0;44.20601984;0.61163324;2024-12-20 08:10:00
202400021836.0;1;67;67482;2;1;1.0;6.0;48.58752;7.69937;2024-04-14 10:20:00
202400021837.0;4;61;61091;1;1;9.0;6.0;48.630302;-0.515234;2024-01-27 07:20:00
202400021838.0;1;68;68338;1;2;7.0;3.0;48.083813;7.258358;2024-09-06 17:00:00
202400021839.0;1;63;63113;2;1;1.0;6.0;45.76848338;3.08961511;2024-04-15 16:31:00
202400021840.0;1;45;45234;2;2;1.0;3.0;47.9118;1.92314;2024-12-20 13:55:00
202400021841.0;3;49;49200;1;1;1.0;7.0;47.544844;-0.654352;2024-01-28 03:25:00
202400021842.0;1;63;63164;2;1;1.0;7.0;45.82507858;3.14156145;2024-04-14 10:01:00
202400021843.0;1;22;22055;2;1;1.0;6.0;48.599331;-2.825922;2024-09-06 12:28:00
202400021844.0;5;39;39362;2;1;1.0;6.0;46.67402;5.539242;2024-12-10 17:20:00
202400021845.0;1;49;49125;1;3;1.0;3.0;47.214744;-0.372698;2024-01-28 12:05:00
202400021846.0;1;62;62035;2;1;1.0;3.0;50.5292;2.59593;2024-04-14 19:50:00
202400021847.0;3;37;37122;1;1;2.0;6.0;47.30891;0.68249;2024-12-21 01:38:00
202400021848.0;1;25;25320;1;1;1.0;2.0;46.780974;6.296362;2024-09-07 15:08:00
202400021849.0;1;34;34108;1;1;1.0;2.0;43.43612;3.71817;2024-12-20 10:05:00
202400021850.0;3;68;68374;2;1;1.0;2.0;48.065124;7.246087;2024-01-27 18:00:00
202400021851.0;1;25;25282;1;2;1.0;2.0;46.979777;6.337706;2024-09-07 12:15:00
202400021852.0;1;59;59009;2;1;1.0;3.0;50.654952;3.14611;2024-04-15 08:45:00
202400021853.0;1;34;34172;2;9;1.0;3.0;43.60874;3.84984;2024-12-20 13:55:00
202400021854.0;3;22;22025;1;1;1.0;6.0;48.395502;-3.418797;2024-01-26 18:25:00
202400021855.0;1;59;59170;2;1;1.0;6.0;50.35331;3.12635;2024-04-14 16:05:00
202400021856.0;1;33;33119;2;6;1.0;6.0;44.86299;-0.51417;2024-12-20 11:00:00
202400021857.0;1;56;56098;2;1;1.0;7.0;47.772937;-3.35028;2024-04-14 19:22:00
202400021858.0;1;29;29061;1;6;2.0;3.0;48.44993298;-4.4719997;2024-09-07 08:30:00
202400021859.0;1;51;51454;2;1;2.0;7.0;49.26397;4.0401;2024-04-15 15:15:00
202400021860.0;3;33;33063;1;1;5.0;6.0;44.87765;-0.56363;2024-12-20 06:35:00
202400021861.0;1;51;51454;2;1;1.0;7.0;49.247617;4.067724;2024-04-13 18:06:00
202400021862.0;1;31;31555;2;1;1.0;6.0;43.60045;1.45217;2024-12-20 10:50:00
202400021863.0;1;58;58309;1;1;8.0;7.0;46.909536;4.00136;2024-09-07 15:15:00
202400021864.0;3;25;25036;1;1;1.0;5.0;47.18999;5.966392;2024-01-27 19:40:00
202400021865.0;2;50;50129;2;3;1.0;3.0;49.63929;-1.6129;2024-04-12 07:40:00
202400021866.0;1;58;58151;1;1;2.0;2.0;46.899697;3.466883;2024-09-07 14:15:00
202400021867.0;5;29;29019;2;3;3.0;3.0;48.386518;-4.527987;2024-12-20 18:50:00
202400021868.0;3;29;29202;1;1;5.0;7.0;48.43262607;-3.88595488;2024-01-27 18:55:00
202400021869.0;1;14;14654;2;1;1.0;6.0;49.024489;-0.027788;2024-09-07 10:20:00
202400021870.0;1;2;2106;1;1;1.0;7.0;49.399856;3.668312;2024-01-27 15:30:00
202400021871.0;1;49;49328;2;6;1.0;3.0;47.26288;-0.09033;2024-04-11 19:50:00
202400021872.0;5;50;50267;1;1;1.0;6.0;49.211682;-1.519718;2024-09-06 21:40:00
202400021873.0;1;29;29019;2;2;1.0;3.0;48.384881;-4.50099;2024-12-19 17:23:00
202400021874.0;1;49;49267;2;1;1.0;6.0;47.467;-0.50025;2024-04-14 07:55:00
202400021875.0;2;1;1245;1;2;1.0;3.0;46.160665;5.394046;2024-01-26 07:20:00
202400021876.0;1;45;45147;2;1;1.0;3.0;47.93505;1.93093;2024-04-15 08:00:00
202400021877.0;1;50;50378;1;3;1.0;3.0;48.976168;-1.241069;2024-09-06 16:20:00
202400021878.0;5;29;29019;2;6;2.0;3.0;48.40481;-4.477475;2024-12-18 18:25:00
202400021879.0;1;70;70329;1;1;2.0;1.0;47.735763;5.801594;2024-01-26 15:30:00
202400021880.0;1;75;75120;2;1;1.0;3.0;48.848263;2.414947;2024-07-30 11:45:00
202400021881.0;1;44;44109;2;1;1.0;1.0;47.20830133;-1.59833506;2024-04-15 19:40:00
202400021882.0;1;50;50274;1;2;3.0;3.0;48.516654;-1.070255;2024-09-07 11:35:00
202400021883.0;1;42;42044;2;1;1.0;7.0;45.39143712;4.30210322;2024-04-15 19:30:00
202400021884.0;1;75;75112;2;1;1.0;4.0;48.827646;2.393653;2024-07-30 09:18:00
202400021885.0;1;40;40088;2;6;1.0;3.0;43.71378937;-1.04929787;2024-04-11 13:00:00
202400021886.0;1;50;50227;2;1;1.0;3.0;49.461191;-1.404979;2024-01-28 17:30:00
202400021887.0;1;18;18189;1;1;1.0;7.0;47.251938;2.44264;2024-09-06 18:40:00
202400021888.0;5;75;75102;2;3;1.0;7.0;48.867785;2.34379;2024-07-30 01:57:00
202400021889.0;1;35;35206;1;1;1.0;2.0;48.08141;-1.65959;2024-04-15 19:00:00
202400021890.0;1;60;60068;2;1;1.0;6.0;49.297352;2.799813;2024-01-28 10:50:00
202400021891.0;1;43;43051;2;1;1.0;2.0;45.05546287;4.31428189;2024-09-07 11:00:00
202400021892.0;1;7;7009;1;1;1.0;7.0;45.244325;4.786351;2024-01-28 15:45:00
202400021893.0;1;75;75120;2;1;1.0;3.0;48.865153;2.413215;2024-07-29 11:15:00
202400021894.0;1;35;35238;2;2;1.0;6.0;48.10935;-1.67788;2024-04-15 16:00:00
202400021895.0;3;85;85182;2;1;1.0;2.0;46.7854187;-0.8152319;2024-01-28 01:15:00
202400021896.0;5;75;75119;2;1;1.0;3.0;48.888191;2.377558;2024-07-30 23:40:00
202400021897.0;1;43;43244;2;3;1.0;1.0;45.113818;4.295869;2024-08-31 15:40:00
202400021898.0;1;35;35051;1;1;1.0;2.0;48.11515165;-1.56423483;2024-04-15 09:10:00
202400021899.0;1;37;37270;1;1;1.0;1.0;47.40553841;0.85546374;2024-01-27 14:30:00
202400021900.0;2;75;75119;2;7;1.0;3.0;48.90044;2.387024;2024-07-30 21:15:00
202400021901.0;1;33;33063;2;2;1.0;6.0;44.836071;-0.55039;2024-04-15 17:00:00
202400021902.0;1;16;16106;1;1;2.0;3.0;46.025757;0.656291;2024-09-07 11:30:00
202400021903.0;2;30;30114;1;1;1.0;1.0;43.827073;4.122255;2024-01-25 08:30:00
202400021904.0;1;33;33529;1;1;1.0;3.0;44.61757;-1.12928;2024-04-15 14:05:00
202400021905.0;1;7;7110;2;1;1.0;6.0;44.477661;4.229237;2024-09-06 16:10:00
202400021906.0;1;75;75117;2;3;1.0;3.0;48.88583691;2.28891742;2024-07-29 17:00:00
202400021907.0;1;68;68015;1;1;1.0;7.0;47.793701;7.394485;2024-01-27 15:46:00
202400021908.0;1;28;28134;1;1;1.0;2.0;48.746651;1.39904;2024-04-15 12:35:00
202400021909.0;1;75;75117;2;4;1.0;6.0;48.887123;2.313796;2024-07-29 17:00:00
202400021910.0;1;21;21099;2;1;1.0;1.0;47.049387;4.776746;2024-09-06 11:50:00
202400021911.0;1;75;75114;2;2;1.0;3.0;48.830735;2.333879;2024-07-30 14:15:00
202400021912.0;3;13;13086;1;9;1.0;2.0;43.348003;5.616653;2024-01-27 19:00:00
202400021913.0;3;17;17380;2;1;1.0;7.0;45.658596;-1.075871;2024-04-16 01:55:00
202400021914.0;1;4;4144;1;1;1.0;5.0;43.767941;6.327224;2024-09-07 12:00:00
202400021915.0;1;17;17306;2;6;1.0;2.0;45.62366;-1.01354;2024-04-15 09:35:00
202400021916.0;5;66;66026;2;1;1.0;6.0;42.5669466;2.89938748;2024-01-27 22:15:00
202400021917.0;1;4;4135;1;1;1.0;3.0;43.80369;6.233765;2024-09-07 12:30:00
202400021918.0;1;75;75112;2;3;1.0;4.0;48.839362;2.430009;2024-07-30 18:35:00
202400021919.0;1;75;75107;2;1;1.0;7.0;48.862452;2.319255;2024-07-30 13:15:00
202400021920.0;1;14;14366;2;6;1.0;3.0;49.14339;0.22907;2024-04-15 07:40:00
202400021921.0;3;13;13076;1;3;1.0;1.0;43.811909;4.987525;2024-01-28 18:55:00
202400021922.0;1;28;28290;2;2;1.0;1.0;48.412749;1.290945;2024-09-06 18:00:00
202400021923.0;1;94;94033;2;1;7.0;6.0;48.85670758;2.46890339;2024-07-30 18:45:00
202400021924.0;5;13;13014;2;1;1.0;1.0;43.494028;5.169325;2024-01-28 01:10:00
202400021925.0;1;13;13216;2;1;1.0;2.0;43.34957821;5.34220563;2024-04-15 16:20:00
202400021926.0;5;94;94077;2;1;1.0;6.0;48.7277;2.43648;2024-07-30 22:00:00
202400021927.0;1;13;13031;2;1;1.0;1.0;43.378341;5.60527;2024-01-27 16:30:00
202400021928.0;1;8;8090;2;1;1.0;6.0;49.627262;5.174881;2024-08-01 08:05:00
202400021929.0;3;13;13004;1;1;1.0;5.0;43.65066;4.67808;2024-04-15 21:45:00
202400021930.0;1;93;93078;2;2;1.0;3.0;48.95756;2.54534;2024-07-30 09:00:00
202400021931.0;3;71;71433;1;1;5.0;6.0;46.37429;4.205996;2024-01-28 00:45:00
202400021932.0;5;6;6088;1;1;1.0;2.0;43.719241;7.214788;2024-09-06 17:25:00
202400021933.0;1;10;10375;1;1;1.0;1.0;48.28290029;4.17449111;2024-04-14 07:56:00
202400021934.0;4;3;3186;1;1;5.0;6.0;46.327046;2.97501;2024-01-28 07:00:00
202400021935.0;3;93;93072;2;3;1.0;5.0;48.9586;2.39767;2024-07-29 23:50:00
202400021936.0;2;38;38065;1;1;1.0;2.0;45.437129;5.417461;2024-09-05 20:10:00
202400021937.0;1;6;6088;2;9;1.0;3.0;43.71215;7.28848;2024-04-15 19:50:00
202400021938.0;1;93;93064;2;1;1.0;6.0;48.885899;2.476797;2024-07-30 15:40:00
202400021939.0;3;63;63335;1;1;1.0;5.0;45.554787;3.039029;2024-01-27 18:45:00
202400021940.0;1;6;6069;2;1;1.0;6.0;43.654669;6.92696;2024-04-15 15:00:00
202400021941.0;1;34;34146;1;1;1.0;3.0;43.695649;4.087665;2024-09-04 17:45:00
202400021942.0;1;93;93001;2;2;1.0;6.0;48.90338484;2.39162801;2024-07-30 11:44:00
202400021943.0;3;988;98822;2;1;1.0;6.0;-20.91586;165.30285;2024-09-07 03:00:00
202400021944.0;1;6;6027;2;9;1.0;6.0;43.657905;7.160164;2024-04-14 13:00:00
202400021945.0;5;63;63204;2;1;1.0;1.0;45.807941;3.188916;2024-01-27 18:05:00
202400021946.0;1;63;63226;2;6;1.0;7.0;45.765708;3.237941;2024-01-28 09:00:00
202400021947.0;3;974;97418;1;1;1.0;2.0;-20.902427;55.544997;2024-09-07 05:15:00
202400021948.0;1;84;84088;2;3;1.0;3.0;44.008582;5.051573;2024-07-31 16:25:00
202400021949.0;1;3;3310;2;2;1.0;6.0;46.1215;3.42391;2024-04-12 18:05:00
202400021950.0;3;971;97115;1;1;2.0;1.0;16.270233;-61.652986;2024-09-06 22:15:00
202400021951.0;1;67;67149;1;1;1.0;3.0;48.7225919;7.41968215;2024-07-30 18:40:00
202400021952.0;1;73;73249;1;3;1.0;3.0;45.52449882;5.99400759;2024-01-28 14:15:00
202400021953.0;1;75;75115;2;1;1.0;2.0;48.831996;2.281792;2024-04-15 15:15:00
202400021954.0;1;971;97124;2;1;1.0;7.0;16.013208;-61.710173;2024-09-06 08:00:00
202400021955.0;1;7;7131;2;1;1.0;6.0;44.539384;4.401848;2024-01-28 12:30:00
202400021956.0;1;22;22093;1;1;1.0;3.0;48.45783868;-2.51960846;2024-07-29 07:56:00
202400021957.0;1;75;75105;2;3;1.0;2.0;48.845717;2.354667;2024-04-15 14:55:00
202400021958.0;1;1;1386;2;1;1.0;6.0;45.885935;5.362448;2024-01-28 07:30:00
202400021959.0;1;83;83049;1;1;1.0;6.0;43.257706;6.105062;2024-07-31 08:45:00
202400021960.0;1;16;16019;1;1;8.0;7.0;45.710453;0.076442;2024-01-27 16:00:00
202400021961.0;5;91;91386;2;1;2.0;1.0;48.560569;2.426155;2024-09-07 01:00:00
202400021962.0;1;75;75120;2;3;2.0;6.0;48.854743;2.400873;2024-04-15 14:30:00
202400021963.0;1;62;62752;2;1;1.0;3.0;50.46925399;1.6633638;2024-07-30 18:30:00
202400021964.0;1;86;86054;1;1;5.0;1.0;46.211535;0.321413;2024-01-27 08:40:00
202400021965.0;1;64;64230;2;1;1.0;7.0;43.21324064;-0.3845349;2024-01-27 14:10:00
202400021966.0;1;68;68043;2;1;1.0;2.0;47.862564;7.257285;2024-07-30 17:30:00
202400021967.0;3;75;75116;2;2;1.0;1.0;48.858569;2.244864;2024-04-15 04:00:00
202400021968.0;1;6;6048;2;1;1.0;2.0;43.78314;7.33626;2024-09-06 08:30:00
202400021969.0;2;83;83089;2;1;1.0;7.0;43.482368;5.831278;2024-07-30 06:07:00
202400021970.0;1;51;51210;1;1;1.0;7.0;49.071743;3.973097;2024-07-28 18:25:00
202400021971.0;1;13;13004;2;1;1.0;3.0;43.643218;4.726683;2024-09-07 08:20:00
202400021972.0;1;75;75114;2;2;1.0;7.0;48.824874;2.323812;2024-04-15 19:50:00
202400021973.0;1;76;76631;1;1;1.0;3.0;49.512911;0.862805;2024-01-28 15:15:00
202400021974.0;2;52;52276;1;1;1.0;7.0;48.097589;5.23952;2024-09-06 21:00:00
202400021975.0;1;56;56174;1;1;1.0;1.0;47.872331;-2.85769;2024-07-31 17:40:00
202400021976.0;2;80;80090;1;1;1.0;6.0;49.872015;2.835846;2024-01-28 06:45:00
202400021977.0;1;68;68089;1;1;1.0;7.0;47.926868;7.006724;2024-09-07 17:15:00
202400021978.0;1;75;75113;2;2;1.0;3.0;48.835733;2.358613;2024-04-15 07:50:00
202400021979.0;3;83;83123;1;1;1.0;6.0;43.14587271;5.78263649;2024-01-27 00:45:00
202400021980.0;1;56;56165;1;1;1.0;3.0;47.933144;-2.422469;2024-07-30 15:10:00
202400021981.0;1;88;88367;2;9;1.0;3.0;48.343832;6.641372;2024-09-07 10:30:00
202400021982.0;5;83;83137;1;1;1.0;3.0;43.12247;5.95713;2024-01-22 21:00:00
202400021983.0;1;75;75110;2;2;1.0;6.0;48.881637;2.365812;2024-04-15 19:40:00
202400021984.0;1;56;56062;1;1;7.0;2.0;47.69353;-3.315296;2024-07-29 12:15:00
202400021985.0;1;88;88078;2;1;1.0;1.0;48.209407;6.721519;2024-09-06 17:00:00
202400021986.0;1;95;95018;1;1;1.0;2.0;48.96295185;2.26532238;2024-01-26 15:10:00
202400021987.0;1;73;73023;1;1;1.0;1.0;45.23835036;6.76950288;2024-09-06 09:05:00
202400021988.0;1;56;56026;2;3;1.0;3.0;47.964734;-3.167861;2024-07-30 13:50:00
202400021989.0;1;987;98736;2;6;2.0;7.0;-17.540819;-149.568724;2024-04-02 06:10:00
202400021990.0;1;75;75110;2;2;1.0;3.0;48.884221;2.364592;2024-04-15 19:20:00
202400021991.0;1;42;42285;1;1;1.0;2.0;45.566678;4.134377;2024-09-07 11:50:00
202400021992.0;1;974;97411;2;1;2.0;2.0;-20.91801;55.49432;2024-01-26 08:15:00
202400021993.0;3;69;69216;1;1;1.0;1.0;45.78907688;4.50932922;2024-09-06 20:40:00
202400021994.0;1;75;75110;2;2;2.0;3.0;48.882714;2.369833;2024-04-15 17:05:00
202400021995.0;1;76;76629;1;1;1.0;7.0;49.758608;0.961023;2024-07-31 09:15:00
202400021996.0;1;974;97411;2;2;1.0;3.0;-20.88303;55.45012;2024-01-25 08:15:00
202400021997.0;1;32;32076;1;1;1.0;7.0;43.595535;0.722948;2024-07-31 10:15:00
202400021998.0;5;75;75107;2;2;1.0;6.0;48.858586;2.323174;2024-04-15 05:00:00
202400021999.0;1;46;46102;2;1;1.0;6.0;44.611471;2.03025;2024-09-06 16:40:00
202400022000.0;3;71;71263;1;1;1.0;6.0;46.648516;5.229127;2024-07-31 02:30:00
202400022001.0;5;75;75107;2;1;1.0;6.0;48.863412;2.319623;2024-04-14 21:03:00
202400022002.0;1;973;97302;2;3;1.0;3.0;4.93189027;-52.31772467;2024-01-26 18:25:00
202400022003.0;1;87;87005;1;1;8.0;2.0;45.798042;1.389728;2024-09-06 17:55:00
202400022004.0;2;71;71310;1;1;1.0;7.0;46.73870856;4.48300154;2024-07-31 05:55:00
202400022005.0;3;79;79049;2;1;1.0;6.0;46.843489;-0.490176;2024-09-07 01:30:00
202400022006.0;5;75;75102;2;2;1.0;3.0;48.866234;2.352535;2024-04-14 02:50:00
202400022007.0;1;973;97302;2;3;1.0;3.0;4.94116524;-52.32213289;2024-01-26 12:20:00
202400022008.0;1;63;63381;1;3;1.0;2.0;45.82131369;2.92020575;2024-07-31 17:30:00
202400022009.0;3;64;64304;1;6;2.0;7.0;43.473218;-1.395492;2024-09-07 02:40:00
202400022010.0;1;973;97302;2;6;1.0;3.0;4.93266523;-52.3264432;2024-01-26 11:35:00
202400022011.0;1;75;75104;2;2;1.0;3.0;48.857268;2.349218;2024-04-13 16:30:00
202400022012.0;1;42;42023;1;1;1.0;7.0;45.313186;4.597026;2024-07-30 13:50:00
202400022013.0;3;49;49299;1;1;2.0;7.0;47.101209;-0.91903;2024-09-06 21:45:00
202400022014.0;1;973;97309;2;6;1.0;3.0;4.92707;-52.28978;2024-01-26 15:05:00
202400022015.0;1;47;47222;1;1;1.0;1.0;44.28767;0.133982;2024-07-30 13:30:00
202400022016.0;1;94;94068;2;1;1.0;2.0;48.80506841;2.46906334;2024-04-14 19:00:00
202400022017.0;1;973;97302;2;1;2.0;6.0;4.8972;-52.32829;2024-01-25 06:50:00
202400022018.0;1;27;27016;2;2;7.0;3.0;49.241446;1.401645;2024-09-06 14:30:00
202400022019.0;1;47;47066;1;1;1.0;6.0;44.25796534;0.48413662;2024-07-31 08:10:00
202400022020.0;1;93;93072;2;6;1.0;6.0;48.96306;2.37749;2024-04-15 08:15:00
202400022021.0;1;34;34008;1;1;1.0;7.0;43.581153;3.073608;2024-07-31 08:40:00
202400022022.0;5;69;69387;2;2;2.0;3.0;45.75453;4.83994;2024-01-26 20:30:00
202400022023.0;1;93;93066;2;7;3.0;6.0;48.920068;2.34383404;2024-04-15 16:00:00
202400022024.0;1;76;76261;1;1;1.0;5.0;49.567971;1.544952;2024-09-07 15:10:00
202400022025.0;1;60;60666;2;1;2.0;7.0;49.111365;2.639503;2024-09-07 16:18:00
202400022026.0;1;972;97209;1;1;2.0;2.0;14.61147;-61.07917;2024-01-26 08:34:00
202400022027.0;1;93;93051;2;1;1.0;2.0;48.83677;2.55891;2024-04-15 08:45:00
202400022028.0;1;22;22046;1;1;1.0;5.0;48.29969675;-2.52702355;2024-07-30 19:00:00
202400022029.0;1;60;60628;1;1;1.0;2.0;49.426056;2.135113;2024-09-06 18:52:00
202400022030.0;1;39;39283;1;1;1.0;7.0;46.336753;5.687657;2024-07-30 15:08:00
202400022031.0;1;92;92062;2;1;1.0;3.0;48.88652;2.23057;2024-04-15 13:16:00
202400022032.0;1;972;97209;1;1;1.0;2.0;14.61624;-61.06073;2024-01-26 08:30:00
202400022033.0;3;44;44083;1;1;1.0;2.0;46.970858;-1.673615;2024-07-30 22:20:00
202400022034.0;3;95;95205;1;1;1.0;1.0;49.02310031;2.39103913;2024-04-16 01:00:00
202400022035.0;1;971;97120;2;1;1.0;6.0;16.2347;-61.53291;2024-01-23 08:10:00
202400022036.0;1;2;2381;1;1;1.0;1.0;49.908594;4.100733;2024-09-07 17:15:00
202400022037.0;1;971;97113;2;1;1.0;7.0;16.21788;-61.45571;2024-01-24 16:00:00
202400022038.0;1;66;66164;1;9;1.0;3.0;42.78180834;2.89684474;2024-04-16 08:55:00
202400022039.0;5;38;38269;1;3;1.0;1.0;44.933126;5.78588;2024-07-30 21:45:00
202400022040.0;1;13;13212;1;1;2.0;3.0;43.29490378;5.42459882;2024-09-04 16:45:00
202400022041.0;1;51;51425;1;1;1.0;7.0;49.13211;3.681536;2024-04-14 14:30:00
202400022042.0;1;2;2184;2;1;1.0;6.0;49.752687;3.569736;2024-07-31 12:37:00
202400022043.0;1;95;95563;2;3;1.0;1.0;49.010603;2.238407;2024-01-26 16:25:00
202400022044.0;1;84;84017;1;1;1.0;7.0;44.120281;5.24859;2024-07-30 12:25:00
202400022045.0;1;91;91122;2;2;2.0;6.0;48.69433;2.15292;2024-01-26 08:30:00
202400022046.0;1;69;69199;2;1;3.0;5.0;45.70732537;4.84363094;2024-09-05 08:30:00
202400022047.0;1;35;35193;1;1;1.0;6.0;48.245568;-1.718459;2024-04-14 16:55:00
202400022048.0;1;91;91027;2;3;1.0;3.0;48.70512;2.378513;2024-01-26 15:40:00
202400022049.0;1;15;15189;1;3;7.0;3.0;44.949743;2.201579;2024-07-31 10:00:00
202400022050.0;1;33;33003;1;1;2.0;2.0;44.934235;-0.46775;2024-09-06 11:50:00
202400022051.0;1;79;79127;1;2;1.0;3.0;46.185543;-0.513546;2024-04-12 17:20:00
202400022052.0;1;91;91174;2;3;2.0;6.0;48.61376;2.48021;2024-01-26 08:30:00
202400022053.0;2;26;26108;2;6;1.0;3.0;44.726476;5.020677;2024-07-30 06:32:00
202400022054.0;1;59;59566;1;1;1.0;6.0;50.61626;2.98484;2024-09-05 07:59:00
202400022055.0;1;2B;2B342;2;1;1.0;3.0;41.917599;9.38962;2024-04-15 18:00:00
202400022056.0;1;87;87085;2;1;1.0;3.0;45.81455;1.24199;2024-01-25 17:37:00
202400022057.0;1;71;71332;1;1;1.0;7.0;46.65176404;4.97196056;2024-04-16 18:30:00
202400022058.0;3;91;91161;1;1;1.0;2.0;48.69653;2.31651;2024-09-06 03:27:00
202400022059.0;1;5;5164;1;1;1.0;3.0;44.52672789;6.41811433;2024-07-31 14:10:00
202400022060.0;1;87;87085;1;1;2.0;2.0;45.90806;1.29164;2024-01-21 15:15:00
202400022061.0;1;92;92025;1;1;1.0;6.0;48.93326783;2.25212387;2024-09-06 14:10:00
202400022062.0;2;86;86157;2;6;1.0;3.0;46.553442;0.399236;2024-01-25 08:45:00
202400022063.0;1;55;55527;2;1;1.0;6.0;49.228806;5.033495;2024-04-12 17:30:00
202400022064.0;1;50;50227;2;2;1.0;3.0;49.46097;-1.40507;2024-07-31 08:45:00
202400022065.0;1;93;93064;1;1;1.0;3.0;48.88634048;2.48395621;2024-09-06 14:30:00
202400022066.0;3;50;50239;1;1;1.0;7.0;49.118153;-1.150861;2024-07-30 22:15:00
202400022067.0;1;49;49214;2;1;1.0;7.0;47.543562;-0.621135;2024-04-15 17:20:00
202400022068.0;1;93;93001;1;1;3.0;6.0;48.9215593;2.37673223;2024-09-05 08:00:00
202400022069.0;1;86;86066;2;6;1.0;3.0;46.81533278;0.54485967;2024-01-26 10:39:00
202400022070.0;1;90;90088;2;1;1.0;7.0;47.730155;6.852148;2024-07-30 16:30:00
202400022071.0;1;25;25160;1;1;8.0;6.0;47.033013;6.517645;2024-04-16 08:10:00
202400022072.0;2;95;95572;1;1;3.0;6.0;49.03385084;2.11134575;2024-09-05 07:07:00
202400022073.0;5;85;85194;2;6;1.0;3.0;46.513813;-1.7817243;2024-01-25 18:52:00
202400022074.0;1;64;64160;2;3;1.0;3.0;43.361105;-1.401036;2024-07-30 11:35:00
202400022075.0;1;25;25578;2;9;1.0;1.0;47.145532;6.342534;2024-04-15 19:45:00
202400022076.0;1;95;95212;1;1;1.0;3.0;49.0289826;2.53020029;2024-09-04 08:45:00
202400022077.0;5;84;84007;2;1;1.0;6.0;43.947821;4.805841;2024-01-25 19:00:00
202400022078.0;1;25;25195;2;3;2.0;1.0;47.204748;5.877031;2024-04-16 16:45:00
202400022079.0;1;40;40091;1;3;1.0;1.0;43.70456874;-0.31942248;2024-07-30 20:00:00
202400022080.0;1;93;93005;1;1;1.0;2.0;48.96489011;2.47555973;2024-09-04 09:20:00
202400022081.0;1;83;83034;1;1;1.0;6.0;43.1009;6.05959;2024-01-26 15:45:00
202400022082.0;5;44;44018;2;6;2.0;6.0;47.143748;-1.678966;2024-03-30 03:30:00