Num_Acc;lum;departement;commune;agglomeration;intersection;meteo;type_collision;lat;long;date
202400022083.0;1;17;17091;1;9;1.0;3.0;46.279921;-1.07323;2024-07-29 18:32:00
202400022084.0;1;77;77169;1;1;1.0;2.0;48.833506;2.592134;2024-09-06 08:15:00
202400022085.0;1;82;82121;2;1;8.0;3.0;44.032292;1.373867;2024-01-26 14:00:00
202400022086.0;1;1;1374;1;1;1.0;1.0;46.118555;5.301129;2024-04-15 19:16:00
202400022087.0;1;23;23089;1;1;1.0;7.0;46.37289678;1.9916296;2024-07-30 15:50:00
202400022088.0;1;1;1204;1;1;2.0;1.0;46.164013;5.694462;2024-04-16 11:30:00
202400022089.0;1;81;81021;2;3;1.0;3.0;43.50697;2.36925;2024-01-25 10:40:00
202400022090.0;1;14;14456;1;2;1.0;1.0;49.12218681;-0.13161688;2024-04-12 18:45:00
202400022091.0;1;53;53190;1;1;1.0;7.0;48.38997283;-0.39273052;2024-04-14 12:40:00
202400022092.0;1;27;27258;1;1;1.0;7.0;49.319242;0.378433;2024-04-16 13:15:00
202400022093.0;1;81;81065;2;1;1.0;6.0;43.5988659;2.2314357;2024-01-22 16:55:00
202400022094.0;1;27;27032;1;2;1.0;6.0;48.909248;1.144708;2024-04-16 07:31:00
202400022095.0;1;37;37109;1;3;1.0;1.0;47.41277697;0.62084591;2024-07-26 08:45:00
202400022096.0;3;23;23015;1;1;3.0;6.0;46.360753;1.491051;2024-04-15 21:00:00
202400022097.0;5;78;78498;2;1;1.0;2.0;48.91474;2.01979;2024-01-26 21:10:00
202400022098.0;1;13;13077;2;6;1.0;3.0;43.4067;4.98794;2024-03-05 08:30:00
202400022099.0;1;88;88158;2;3;1.0;7.0;48.090994;6.60127;2024-07-30 16:35:00
202400022100.0;1;37;37050;2;2;8.0;6.0;47.347006;0.70697;2024-04-15 17:35:00
202400022101.0;1;974;97416;1;1;1.0;2.0;-21.32262;55.47389;2024-09-05 10:45:00
202400022102.0;1;77;77083;2;1;1.0;6.0;48.84186;2.58616;2024-01-26 14:00:00
202400022103.0;1;10;10045;1;1;1.0;2.0;48.1762;4.4438;2024-07-17 17:05:00
202400022104.0;1;38;38530;1;1;1.0;5.0;45.611351;5.206618;2024-04-16 09:55:00
202400022105.0;1;974;97416;1;1;1.0;2.0;-21.33251;55.46326;2024-09-05 06:45:00
202400022106.0;3;77;77394;1;1;1.0;7.0;48.56793;2.69468;2024-01-25 19:30:00
202400022107.0;2;1;1301;2;1;1.0;6.0;46.249025;5.128469;2024-04-15 19:45:00
202400022108.0;1;13;13044;1;1;1.0;1.0;43.596966;5.045123;2024-07-31 14:15:00
202400022109.0;1;974;97416;2;1;1.0;3.0;-21.28271;55.46347;2024-09-04 16:10:00
202400022110.0;1;33;33284;1;1;1.0;6.0;44.623451;-0.963565;2024-07-29 19:00:00
202400022111.0;1;77;77276;1;6;1.0;3.0;48.91708;2.87994;2024-01-26 15:30:00
202400022112.0;3;988;98827;1;1;1.0;6.0;-21.36169;165.18216;2024-04-16 01:00:00
202400022113.0;1;76;76705;1;6;1.0;6.0;49.31961;1.07396;2024-01-26 15:35:00
202400022114.0;1;11;11076;2;1;8.0;1.0;43.312568;1.947488;2024-07-30 18:45:00
202400022115.0;1;974;97411;2;2;1.0;3.0;-20.88163;55.45506;2024-09-03 14:35:00
202400022116.0;1;45;45324;2;1;1.0;6.0;47.796123;2.197679;2024-04-16 12:45:00
202400022117.0;5;76;76575;2;2;2.0;6.0;49.39842;1.07455;2024-01-26 07:30:00
202400022118.0;1;34;34022;2;3;1.0;3.0;43.658069;4.0123;2024-07-31 18:55:00
202400022119.0;1;69;69388;2;1;1.0;3.0;45.72729;4.86752;2024-09-05 15:30:00
202400022120.0;5;77;77440;2;1;1.0;1.0;48.947526;3.086354;2024-04-06 22:20:00
202400022121.0;1;83;83150;1;1;1.0;2.0;43.718373;5.799515;2024-07-30 16:46:00
202400022122.0;2;76;76351;2;6;1.0;6.0;49.4915;0.133;2024-01-25 08:15:00
202400022123.0;1;83;83008;1;1;1.0;6.0;43.534643;6.724942;2024-07-30 15:40:00
202400022124.0;1;2A;2A114;1;1;1.0;1.0;41.51102;9.1284;2024-04-16 07:20:00
202400022125.0;1;69;69387;2;3;1.0;7.0;45.74824;4.84352;2024-09-04 16:30:00
202400022126.0;5;76;76351;2;1;1.0;6.0;49.48765;0.09852;2024-01-26 02:30:00
202400022127.0;1;4;4143;1;1;1.0;3.0;43.918469;5.92957;2024-07-31 13:45:00
202400022128.0;2;76;76351;2;6;1.0;7.0;49.49153;0.13303;2024-01-25 08:06:00
202400022129.0;1;972;97209;2;9;2.0;6.0;14.61658;-61.05779;2024-09-05 13:00:00
202400022130.0;5;76;76217;2;3;1.0;6.0;49.90501;1.07684;2024-01-26 18:00:00
202400022131.0;1;13;13015;1;1;1.0;1.0;43.431497;5.415874;2024-07-25 14:00:00
202400022132.0;1;2A;2A004;2;1;1.0;3.0;41.95178;8.78267;2024-09-05 16:40:00
202400022133.0;5;67;67205;2;1;1.0;7.0;48.676794;7.783288;2024-07-30 21:35:00
202400022134.0;1;74;74305;2;2;1.0;6.0;46.2027;6.25229;2024-01-26 10:45:00
202400022135.0;1;55;55366;1;1;1.0;1.0;48.80223385;5.11765804;2024-07-28 19:25:00
202400022136.0;1;2A;2A004;2;1;1.0;3.0;41.93422;8.74751;2024-09-04 17:50:00
202400022137.0;5;72;72181;2;1;1.0;6.0;47.9478;0.2128;2024-01-26 23:55:00
202400022138.0;2;38;38565;2;1;1.0;6.0;45.299959;5.637981;2024-07-27 05:40:00
202400022139.0;1;95;95585;2;1;3.0;6.0;48.99122694;2.37187421;2024-09-05 10:30:00
202400022140.0;1;72;72181;2;1;2.0;6.0;47.99467;0.19009;2024-01-26 10:00:00
202400022141.0;2;38;38382;2;2;1.0;3.0;45.235011;5.676497;2024-07-30 20:50:00
202400022142.0;1;95;95252;2;3;1.0;3.0;48.99032;2.22964;2024-09-04 15:58:00
202400022143.0;1;69;69256;2;2;1.0;6.0;45.77552;4.91724;2024-01-26 16:35:00
202400022144.0;1;26;26271;1;2;1.0;3.0;45.03338;4.867673;2024-07-30 17:45:00
202400022145.0;1;91;91377;2;1;2.0;1.0;48.73135;2.2871;2024-09-05 10:30:00
202400022146.0;1;67;67462;2;1;2.0;3.0;48.26227;7.45477;2024-01-24 11:50:00
202400022147.0;1;69;69204;2;9;1.0;6.0;45.700238;4.795452;2024-07-30 08:41:00
202400022148.0;1;64;64445;2;1;1.0;7.0;43.31794;-0.30969;2024-01-26 17:10:00
202400022149.0;1;33;33056;2;1;1.0;3.0;44.923165;-0.634794;2024-07-31 09:20:00
202400022150.0;2;84;84007;2;6;1.0;1.0;43.93572;4.84799;2024-09-05 20:16:00
202400022151.0;1;64;64102;2;1;1.0;6.0;43.49280356;-1.4749521;2024-01-25 17:42:00
202400022152.0;1;14;14762;1;1;1.0;1.0;48.790931;-0.910031;2024-07-21 17:13:00
202400022153.0;1;83;83126;2;1;1.0;6.0;43.10111;5.88776;2024-09-05 18:45:00
202400022154.0;5;63;63113;2;5;2.0;6.0;45.7925;3.11793;2024-01-26 20:37:00
202400022155.0;1;56;56241;2;1;1.0;2.0;47.373325;-3.220021;2024-07-30 20:15:00
202400022156.0;5;83;83129;2;6;8.0;3.0;43.09466024;5.84709239;2024-09-04 05:20:00
202400022157.0;1;22;22008;1;2;1.0;1.0;48.418179;-2.079935;2024-07-29 20:30:00
202400022158.0;1;63;63113;2;8;1.0;3.0;45.80962;3.10711;2024-01-18 15:45:00
202400022159.0;1;80;80021;2;1;1.0;3.0;49.87529;2.28367;2024-09-04 15:45:00
202400022160.0;3;59;59599;2;9;1.0;6.0;50.729225;3.14476;2024-01-26 18:30:00
202400022161.0;1;62;62014;2;3;1.0;1.0;50.66124275;2.36943358;2024-07-26 14:40:00
202400022162.0;3;78;78299;2;1;1.0;6.0;49.00477;1.90082;2024-09-06 00:50:00
202400022163.0;2;59;59378;2;1;2.0;6.0;50.66433;3.08866;2024-01-26 07:55:00
202400022164.0;1;59;59614;1;1;1.0;6.0;50.169082;3.458376;2024-07-26 16:50:00
202400022165.0;1;77;77326;1;1;1.0;6.0;48.58979;2.56359;2024-09-05 18:40:00
202400022166.0;3;54;54395;2;1;1.0;6.0;48.68514425;6.18695766;2024-01-26 04:05:00
202400022167.0;1;13;13212;1;1;1.0;2.0;43.29482;5.42631;2024-07-30 18:20:00
202400022168.0;3;77;77186;1;2;3.0;1.0;48.48371028;2.66588236;2024-09-05 06:35:00
202400022169.0;5;54;54304;2;2;2.0;3.0;48.68034;6.15362;2024-01-25 18:45:00
202400022170.0;1;13;13211;1;1;1.0;2.0;43.28807985;5.44165529;2024-07-30 11:40:00
202400022171.0;5;76;76351;2;2;1.0;3.0;49.52219;0.16091;2024-09-04 20:30:00
202400022172.0;1;54;54274;2;3;1.0;3.0;48.67216;6.20119;2024-01-25 14:00:00
202400022173.0;1;13;13033;1;1;1.0;3.0;43.37304848;5.18576785;2024-07-30 08:40:00
202400022174.0;1;76;76351;2;3;1.0;3.0;49.52173;0.16481;2024-09-03 17:40:00
202400022175.0;5;51;51454;2;1;2.0;6.0;49.226587;4.024019;2024-01-26 07:50:00
202400022176.0;3;73;73065;2;3;3.0;1.0;45.55544122;5.92181292;2024-09-05 05:50:00
202400022177.0;5;51;51454;2;1;1.0;6.0;49.243697;4.04369;2024-01-26 06:40:00
202400022178.0;2;67;67218;2;1;3.0;6.0;48.53352;7.72718;2024-09-05 20:00:00
202400022179.0;1;83;83144;1;1;1.0;4.0;43.14055487;6.00057177;2024-07-30 08:05:00
202400022180.0;5;50;50129;2;1;1.0;6.0;49.63393;-1.6229;2024-01-25 20:25:00
202400022181.0;5;67;67043;2;1;2.0;3.0;48.61536346;7.75282055;2024-09-05 01:00:00
202400022182.0;5;49;49007;2;1;2.0;3.0;47.47015;-0.56228;2024-01-25 05:19:00
202400022183.0;1;66;66136;2;1;1.0;6.0;42.68791;2.90858;2024-09-05 08:25:00
202400022184.0;5;69;69266;1;1;1.0;4.0;45.79118648;4.88339652;2024-07-24 23:15:00
202400022185.0;5;49;49007;1;1;1.0;2.0;47.46776;-0.58483;2024-01-25 07:56:00
202400022186.0;1;65;65440;2;9;1.0;3.0;43.2192644;0.08389636;2024-09-05 14:10:00
202400022187.0;1;59;59343;1;1;1.0;2.0;50.58295075;3.09008033;2024-07-24 16:45:00
202400022188.0;5;49;49007;2;1;2.0;3.0;47.44865;-0.51203;2024-01-24 07:40:00
202400022189.0;1;64;64545;1;1;1.0;1.0;43.362;-1.71632;2024-09-05 13:20:00
202400022190.0;5;44;44109;2;1;1.0;6.0;47.23089;-1.55694;2024-01-26 19:10:00
202400022191.0;1;64;64445;2;1;1.0;7.0;43.30244;-0.32972;2024-09-05 15:50:00
202400022192.0;1;93;93078;1;1;1.0;4.0;48.95883814;2.53476623;2024-07-30 16:45:00
202400022193.0;1;43;43157;2;6;1.0;7.0;45.03464;3.8869;2024-01-26 13:00:00
202400022194.0;1;64;64445;2;6;1.0;3.0;43.32038;-0.35258;2024-09-05 14:50:00
202400022195.0;1;64;64445;2;1;1.0;6.0;43.30357;-0.37824;2024-09-05 07:35:00
202400022196.0;1;42;42223;2;6;1.0;2.0;45.46488201;4.32147726;2024-01-25 17:00:00
202400022197.0;1;93;93078;1;1;1.0;5.0;48.9593458;2.52584113;2024-07-30 16:50:00
202400022198.0;2;41;41018;2;1;1.0;6.0;47.59068;1.3351;2024-01-26 08:05:00
202400022199.0;1;62;62765;2;1;7.0;6.0;50.75389;2.26237;2024-08-21 12:45:00
202400022200.0;5;38;38185;2;1;1.0;3.0;45.17056;5.72764;2024-01-26 06:40:00
202400022201.0;1;62;62757;2;1;1.0;2.0;50.75458;2.23921;2024-09-01 16:40:00
202400022202.0;1;37;37261;2;2;3.0;6.0;47.39189;0.69915;2024-01-26 12:08:00
202400022203.0;1;93;93066;1;1;1.0;4.0;48.90515615;2.35842786;2024-07-30 16:10:00
202400022204.0;1;62;62523;2;1;1.0;3.0;50.43909;2.87606;2024-09-05 12:10:00
202400022205.0;5;37;37261;2;7;1.0;6.0;47.42015;0.70106;2024-01-25 20:30:00
202400022206.0;1;62;62570;2;6;1.0;3.0;50.398382;2.88584089;2024-09-04 15:20:00
202400022207.0;1;35;35281;1;1;1.0;3.0;48.09029;-1.70498;2024-01-26 15:00:00
202400022208.0;1;93;93013;1;1;1.0;2.0;48.94143032;2.42796991;2024-07-30 15:20:00
202400022209.0;1;62;62498;2;9;1.0;3.0;50.44314045;2.8368035;2024-08-23 13:05:00
202400022210.0;5;35;35238;2;3;2.0;6.0;48.12596;-1.66561;2024-01-26 08:15:00
202400022211.0;1;93;93066;1;1;1.0;4.0;48.91859593;2.35735953;2024-07-30 10:45:00
202400022212.0;1;62;62193;2;1;1.0;3.0;50.95138;1.90338;2024-09-05 13:10:00
202400022213.0;5;34;34301;2;1;1.0;2.0;43.41;3.68;2024-01-26 22:00:00
202400022214.0;3;93;93008;1;1;1.0;6.0;48.91075329;2.44277632;2024-07-30 05:00:00
202400022215.0;1;60;60159;2;3;1.0;6.0;49.41749;2.82321;2024-09-04 11:20:00
202400022216.0;1;33;33063;2;1;5.0;6.0;44.88191;-0.55107;2024-01-26 08:20:00
202400022217.0;3;95;95351;1;1;1.0;3.0;49.02967727;2.49931068;2024-07-30 23:15:00
202400022218.0;1;33;33069;2;9;1.0;3.0;44.86942;-0.6072;2024-01-25 13:50:00
202400022219.0;5;59;59350;2;1;1.0;6.0;50.63713;3.05562;2024-09-06 01:00:00
202400022220.0;5;95;95527;1;1;1.0;2.0;48.98224238;2.50206822;2024-07-29 22:20:00
202400022221.0;1;56;56260;2;2;1.0;6.0;47.65169;-2.76775;2024-09-05 20:08:00
202400022222.0;1;29;29232;2;1;1.0;4.0;47.98989423;-4.06456878;2024-01-26 16:20:00
202400022223.0;1;51;51454;2;3;1.0;7.0;49.282407;4.018998;2024-09-04 16:37:00
202400022224.0;1;93;93013;1;1;1.0;4.0;48.94022999;2.42355031;2024-07-29 16:30:00
202400022225.0;1;95;95488;1;1;1.0;6.0;49.01352598;2.14843642;2024-07-29 14:00:00
202400022226.0;5;26;26198;1;3;1.0;3.0;44.53168;4.74263;2024-01-26 18:55:00
202400022227.0;1;50;50502;2;2;1.0;3.0;49.11109;-1.09001;2024-08-31 19:00:00
202400022228.0;5;25;25284;2;1;2.0;6.0;47.53018;6.81022;2024-01-25 18:15:00
202400022229.0;3;49;49099;1;1;1.0;2.0;47.04831;-0.83236;2024-08-19 00:00:00
202400022230.0;1;77;77058;1;1;1.0;4.0;48.8308;2.692695;2024-07-30 19:45:00
202400022231.0;5;25;25056;2;1;1.0;1.0;47.25999;6.03092;2024-01-26 07:30:00
202400022232.0;5;49;49007;2;1;1.0;6.0;47.4787;-0.51751;2024-09-05 04:20:00
202400022233.0;1;77;77373;1;1;1.0;6.0;48.772912;2.611876;2024-07-29 16:50:00
202400022234.0;5;49;49007;2;1;1.0;3.0;47.45564;-0.5299;2024-09-04 22:40:00
202400022235.0;1;45;45208;2;1;1.0;6.0;47.998241;2.743294;2024-07-29 12:50:00
202400022236.0;5;14;14118;2;1;1.0;2.0;49.19156;-0.3757;2024-01-25 21:15:00
202400022237.0;1;45;45232;2;1;2.0;3.0;47.8527;1.91194;2024-09-05 10:34:00
202400022238.0;1;43;43089;2;1;1.0;7.0;45.0522296;3.84412651;2024-05-28 17:25:00
202400022239.0;5;14;14118;2;3;1.0;3.0;49.16693;-0.33855;2024-01-25 21:30:00
202400022240.0;5;43;43157;2;1;7.0;6.0;45.04207;3.88473;2024-05-30 05:50:00
202400022241.0;1;45;45234;2;6;2.0;1.0;47.8798;1.8854;2024-09-05 08:00:00
202400022242.0;5;14;14118;2;1;2.0;7.0;49.19998;-0.39318;2024-01-25 19:05:00
202400022243.0;1;74;74012;2;1;1.0;4.0;46.19413;6.25782;2024-05-30 16:20:00
202400022244.0;1;45;45284;1;1;2.0;3.0;47.92468;1.97724;2024-09-05 07:35:00
202400022245.0;1;13;13043;2;1;1.0;2.0;43.3839;5.21954;2024-01-26 11:00:00
202400022246.0;1;45;45208;2;1;1.0;2.0;47.998229;2.746053;2024-09-05 14:00:00
202400022247.0;5;57;57019;2;1;1.0;7.0;49.25716215;6.11427784;2024-05-25 02:30:00
202400022248.0;2;973;97302;2;6;1.0;7.0;4.90696;-52.32233;2024-07-29 07:10:00
202400022249.0;1;13;13054;2;2;1.0;3.0;43.42109;5.20775;2024-01-25 13:10:00
202400022250.0;2;44;44184;2;1;3.0;3.0;47.26976;-2.23895;2024-09-05 07:00:00
202400022251.0;5;973;97302;2;1;1.0;2.0;4.91919;-52.31276;2024-07-28 22:25:00
202400022252.0;1;11;11069;2;3;1.0;3.0;43.21009;2.3645;2024-01-25 09:00:00
202400022253.0;2;44;44109;2;5;1.0;1.0;47.2093;-1.55542;2024-09-03 21:30:00
202400022254.0;1;972;97209;2;2;1.0;3.0;14.60985;-61.04684;2024-07-27 11:10:00
202400022255.0;1;37;37214;2;1;2.0;2.0;47.39568;0.65703;2024-09-05 11:30:00
202400022256.0;5;6;6027;2;1;1.0;4.0;43.6523;7.1544;2024-01-23 17:45:00
202400022257.0;1;36;36159;2;1;8.0;1.0;46.7738434;1.71059489;2024-09-05 19:45:00
202400022258.0;5;69;69387;2;1;1.0;6.0;45.75181;4.84413;2024-07-29 01:26:00
202400022259.0;5;1;1053;2;3;2.0;6.0;46.19989;5.23347;2024-01-26 18:50:00
202400022260.0;5;35;35238;2;2;2.0;3.0;48.08372;-1.67514;2024-09-05 04:30:00
202400022261.0;5;75;75120;2;1;1.0;7.0;48.86589882;2.41253579;2024-01-25 22:30:00
202400022262.0;5;2B;2B033;2;6;1.0;3.0;42.67131;9.44248;2024-07-29 22:40:00
202400022263.0;1;34;34172;2;1;1.0;3.0;43.62089;3.83363;2024-09-05 17:10:00
202400022264.0;5;75;75105;2;3;2.0;6.0;48.8499248;2.34365112;2024-01-26 06:00:00
202400022265.0;1;2B;2B120;1;1;1.0;2.0;42.61847;9.4762;2024-07-29 18:58:00
202400022266.0;1;34;34003;2;6;1.0;3.0;43.30909;3.47714;2024-09-04 09:33:00
202400022267.0;1;971;97101;1;1;1.0;6.0;16.28071;-61.51117;2024-07-27 15:00:00
202400022268.0;2;75;75120;2;4;2.0;5.0;48.871219;2.404008;2024-01-26 08:25:00
202400022269.0;1;33;33318;2;1;1.0;2.0;44.81228;-0.6447;2024-09-05 08:10:00
202400022270.0;5;75;75117;2;1;2.0;6.0;48.893493;2.303364;2024-01-26 07:40:00
202400022271.0;1;2A;2A004;1;1;1.0;2.0;41.94619;8.73715;2024-07-29 09:45:00
202400022272.0;1;27;27681;1;3;3.0;3.0;49.071;1.472;2024-09-05 15:20:00
202400022273.0;1;95;95277;2;1;1.0;6.0;48.97857;2.50021;2024-07-29 13:40:00
202400022274.0;5;75;75115;2;3;1.0;1.0;48.844957;2.319849;2024-01-26 00:10:00
202400022275.0;1;27;27229;2;2;1.0;2.0;49.03173;1.15862;2024-09-05 19:40:00
202400022276.0;1;95;95280;2;3;1.0;1.0;49.031541;2.45913148;2024-07-29 09:45:00
202400022277.0;1;75;75114;2;3;1.0;3.0;48.835184;2.329996;2024-01-24 14:35:00
202400022278.0;1;27;27229;2;1;2.0;7.0;49.03426;1.14763;2024-09-05 14:08:00
202400022279.0;1;95;95555;2;6;1.0;6.0;48.97633577;2.28766948;2024-07-29 06:55:00
202400022280.0;1;26;26362;2;1;1.0;6.0;44.91430002;4.88477468;2024-09-05 18:45:00
202400022281.0;1;95;95127;2;6;1.0;3.0;49.05105206;2.03174606;2024-07-29 06:15:00
202400022282.0;1;75;75113;2;2;1.0;6.0;48.832182;2.367656;2024-01-26 10:50:00
202400022283.0;1;26;26362;2;1;3.0;6.0;44.91256;4.90879;2024-09-05 07:35:00
202400022284.0;3;75;75112;2;2;1.0;3.0;48.83527505;2.39280179;2024-01-26 21:30:00
202400022285.0;1;26;26198;2;1;1.0;1.0;44.56823427;4.75246668;2024-09-05 19:40:00
202400022286.0;5;95;95218;2;3;1.0;2.0;49.01342586;2.08977853;2024-07-29 05:05:00
202400022287.0;1;75;75117;2;3;1.0;7.0;48.881735;2.285234;2024-05-25 05:50:00
202400022288.0;5;75;75111;2;3;2.0;3.0;48.855379;2.38434;2024-01-25 22:45:00
202400022289.0;1;75;75114;2;1;1.0;7.0;48.827685;2.305111;2024-05-24 10:50:00
202400022290.0;1;25;25204;2;4;3.0;3.0;46.92148;6.34656;2024-09-05 08:20:00
202400022291.0;1;95;95018;2;9;1.0;2.0;48.94810001;2.20605018;2024-07-29 17:40:00
202400022292.0;1;75;75103;2;2;8.0;6.0;48.865975;2.353772;2024-01-25 08:55:00
202400022293.0;2;91;91421;2;1;1.0;6.0;48.70881;2.44104;2024-07-29 06:30:00
202400022294.0;1;75;75111;2;3;1.0;3.0;48.861857;2.383453;2024-05-06 18:05:00
202400022295.0;5;19;19031;2;2;1.0;3.0;45.16422;1.5215;2024-09-05 07:37:00
202400022296.0;5;94;94058;2;1;1.0;2.0;48.849345;2.500638;2024-01-26 17:40:00
202400022297.0;1;91;91027;2;1;1.0;3.0;48.717286;2.399484;2024-07-29 11:10:00
202400022298.0;1;75;75110;2;4;1.0;3.0;48.8814102;2.35141486;2024-05-25 11:18:00
202400022299.0;1;19;19031;2;3;1.0;3.0;45.15353;1.53674;2024-09-04 08:30:00
202400022300.0;5;94;94022;2;3;1.0;6.0;48.76213999;2.41940376;2024-01-26 19:30:00
202400022301.0;1;89;89236;2;1;1.0;2.0;48.17745;3.29425;2024-07-29 19:30:00
202400022302.0;1;75;75108;2;3;1.0;7.0;48.86501648;2.31556427;2024-05-25 09:30:00
202400022303.0;2;94;94073;2;2;1.0;3.0;48.761278;2.403206;2024-01-25 16:30:00
202400022304.0;1;18;18033;2;2;1.0;1.0;47.07964;2.4243;2024-09-05 11:15:00
202400022305.0;1;75;75115;2;1;1.0;3.0;48.834874;2.28261;2024-05-25 19:45:00
202400022306.0;1;88;88160;2;2;1.0;3.0;48.179;6.44457;2024-07-09 15:25:00
202400022307.0;1;87;87085;2;1;1.0;6.0;45.80446485;1.28484964;2024-07-26 12:19:00
202400022308.0;5;93;93046;2;2;1.0;2.0;48.92972;2.54071;2024-01-26 20:20:00
202400022309.0;1;75;75107;2;3;1.0;2.0;48.862826;2.313414;2024-05-25 15:00:00
202400022310.0;1;13;13054;2;2;1.0;3.0;43.41418;5.21222;2024-09-05 08:00:00
202400022311.0;3;85;85194;2;1;1.0;7.0;46.49635;-1.75317;2024-07-29 05:35:00
202400022312.0;1;93;93070;2;1;1.0;2.0;48.913431;2.324022;2024-01-26 12:50:00
202400022313.0;1;75;75103;2;2;1.0;6.0;48.86181725;2.35088128;2024-05-25 18:15:00
202400022314.0;1;85;85191;2;1;1.0;6.0;46.67497;-1.42886;2024-07-29 12:38:00
202400022315.0;1;13;13209;2;3;1.0;3.0;43.24741913;5.42421768;2024-09-05 18:00:00
202400022316.0;2;93;93066;2;1;2.0;3.0;48.918966;2.345144;2024-01-26 08:00:00
202400022317.0;1;75;75101;2;7;1.0;4.0;48.86386458;2.33591598;2024-05-25 11:30:00
202400022318.0;1;84;84007;2;2;1.0;3.0;43.928486;4.809521;2024-07-12 18:15:00
202400022319.0;3;93;93064;2;3;2.0;6.0;48.8649312;2.49022186;2024-01-26 07:55:00
202400022320.0;2;13;13213;1;1;1.0;5.0;43.33987;5.40923;2024-09-05 06:45:00
202400022321.0;2;94;94074;2;3;1.0;2.0;48.76358714;2.44213897;2024-05-25 06:50:00
202400022322.0;1;13;13215;2;1;2.0;2.0;43.33337362;5.35849921;2024-09-04 11:05:00
202400022323.0;1;84;84007;2;6;1.0;3.0;43.93562;4.84858;2024-07-29 12:15:00
202400022324.0;1;93;93047;2;3;1.0;3.0;48.89863681;2.54888847;2024-01-26 14:08:00
202400022325.0;1;94;94071;2;3;1.0;6.0;48.77393059;2.51751827;2024-05-25 13:05:00
202400022326.0;3;93;93010;2;1;1.0;3.0;48.89829;2.488988;2024-01-26 22:00:00
202400022327.0;5;13;13001;2;2;1.0;3.0;43.52419;5.43343;2024-09-05 20:55:00
202400022328.0;1;83;83137;2;1;1.0;4.0;43.12705;5.92118;2024-07-29 19:10:00
202400022329.0;1;93;93078;2;6;1.0;3.0;48.97103866;2.54922509;2024-05-25 17:00:00
202400022330.0;5;93;93007;2;3;2.0;7.0;48.929138;2.478916;2024-01-26 01:25:00
202400022331.0;1;11;11262;2;6;1.0;3.0;43.15965;2.97018;2024-08-30 07:35:00
202400022332.0;1;81;81065;2;2;7.0;3.0;43.5892701;2.1894365;2024-07-29 14:10:00
202400022333.0;1;93;93064;2;1;1.0;1.0;48.881907;2.469113;2024-05-25 12:20:00
202400022334.0;1;10;10387;2;1;1.0;2.0;48.29;4.06765;2024-09-04 09:43:00
202400022335.0;1;93;93005;2;2;1.0;7.0;48.923436;2.485566;2024-01-26 13:45:00
202400022336.0;1;78;78688;2;2;1.0;2.0;48.76442;2.05184;2024-07-29 07:20:00
202400022337.0;2;93;93033;2;7;1.0;3.0;48.858847;2.58151;2024-05-25 21:20:00
202400022338.0;1;92;92022;2;1;7.0;2.0;48.81446031;2.18947524;2024-01-26 15:40:00
202400022339.0;1;9;9122;2;9;1.0;3.0;42.96439;1.61051;2024-09-05 17:45:00
202400022340.0;1;77;77251;1;1;1.0;1.0;48.61881;2.56173;2024-07-28 18:15:00
202400022341.0;1;92;92022;2;1;1.0;6.0;48.80544788;2.1880542;2024-01-23 09:40:00
202400022342.0;1;93;93079;2;3;1.0;6.0;48.96076;2.34271;2024-05-25 14:10:00
202400022343.0;1;5;5061;2;1;1.0;2.0;44.53547442;6.05131567;2024-08-27 16:32:00
202400022344.0;1;77;77058;1;1;1.0;1.0;48.83411945;2.71430739;2024-07-29 11:30:00
202400022345.0;1;92;92064;2;2;2.0;3.0;48.84900482;2.20110476;2024-01-26 11:00:00
202400022346.0;1;93;93001;2;5;1.0;3.0;48.9151;2.38102;2024-05-25 13:30:00
202400022347.0;1;75;75117;2;1;2.0;3.0;48.883981;2.285279;2024-09-05 18:00:00
202400022348.0;1;92;92022;2;1;1.0;7.0;48.81016059;2.19052541;2024-05-25 09:40:00
202400022349.0;1;76;76540;2;2;1.0;3.0;49.43691;1.08734;2024-07-29 20:25:00
202400022350.0;1;75;75112;2;1;2.0;3.0;48.83401;2.409516;2024-09-05 11:04:00
202400022351.0;1;92;92036;2;6;1.0;3.0;48.93680443;2.30364516;2024-01-26 14:00:00
202400022352.0;1;92;92048;2;1;1.0;7.0;48.81876;2.24088;2024-05-24 17:27:00
202400022353.0;1;76;76640;1;1;1.0;2.0;49.26232;1.05742;2024-07-29 07:50:00
202400022354.0;5;92;92019;2;1;1.0;6.0;48.76212;2.28571;2024-05-25 00:10:00
202400022355.0;5;75;75120;2;1;2.0;5.0;48.852658;2.414748;2024-09-05 05:15:00
202400022356.0;1;92;92036;2;3;2.0;4.0;48.93377868;2.31336772;2024-01-26 08:45:00
202400022357.0;1;92;92012;2;1;1.0;2.0;48.83120882;2.2520813;2024-05-25 12:35:00
202400022358.0;5;76;76351;2;2;1.0;3.0;49.49257;0.13757;2024-07-29 00:05:00
202400022359.0;5;75;75115;2;4;1.0;6.0;48.82606989;2.29887307;2024-09-05 00:30:00
202400022360.0;5;92;92025;2;2;1.0;3.0;48.91358266;2.23500531;2024-01-26 20:40:00
202400022361.0;5;76;76351;2;1;1.0;7.0;49.49927;0.15462;2024-07-25 23:30:00
202400022362.0;1;92;92007;2;1;1.0;2.0;48.79899;2.32284;2024-05-25 13:10:00
202400022363.0;1;75;75112;2;1;1.0;3.0;48.830807;2.403154;2024-09-04 11:55:00
202400022364.0;1;92;92023;2;1;8.0;6.0;48.8026493;2.26323992;2024-01-26 12:33:00
202400022365.0;1;76;76351;2;2;1.0;7.0;49.50968;0.15137;2024-07-28 18:50:00
202400022366.0;1;37;37200;2;3;1.0;3.0;47.26998937;0.37004091;2024-05-25 19:15:00