Num_Acc;lum;departement;commune;agglomeration;intersection;meteo;type_collision;lat;long;date
202400022367.0;1;75;75106;2;1;1.0;3.0;48.849199;2.341955;2024-09-05 18:59:00
202400022368.0;5;92;92002;2;6;1.0;3.0;48.7499376;2.30916309;2024-01-26 18:35:00
202400022369.0;4;69;69271;1;4;1.0;6.0;45.74230991;4.94186835;2024-07-28 04:30:00
202400022370.0;1;76;76115;1;2;1.0;3.0;49.605704;0.560587;2024-05-26 11:30:00
202400022371.0;1;66;66136;2;1;1.0;6.0;42.71264;2.88938;2024-07-28 13:54:00
202400022372.0;2;92;92002;2;6;1.0;3.0;48.73838959;2.2754032;2024-01-26 16:50:00
202400022373.0;5;75;75120;2;7;1.0;2.0;48.847033;2.41407;2024-09-05 21:20:00
202400022374.0;1;64;64260;2;1;1.0;7.0;43.35824;-1.77625;2024-07-29 12:45:00
202400022375.0;5;11;11193;2;2;1.0;6.0;43.179277;2.086678;2024-05-26 02:45:00
202400022376.0;1;92;92002;2;1;1.0;6.0;48.7426266;2.28660539;2024-01-26 15:40:00
202400022377.0;4;75;75120;2;2;1.0;3.0;48.866663;2.397101;2024-09-05 20:20:00
202400022378.0;1;64;64102;2;1;1.0;2.0;43.48626;-1.48286;2024-07-28 20:15:00
202400022379.0;5;39;39487;2;1;2.0;6.0;46.57672443;5.96034184;2024-01-26 18:15:00
202400022380.0;1;75;75120;2;1;2.0;2.0;48.850099;2.415106;2024-09-05 16:20:00
202400022381.0;1;71;71047;1;3;2.0;3.0;46.642329;3.774383;2024-05-26 10:25:00
202400022382.0;1;75;75120;2;3;1.0;3.0;48.862418;2.409158;2024-09-04 13:30:00
202400022383.0;1;2A;2A362;1;1;1.0;6.0;41.77589552;9.21549429;2024-05-26 15:00:00
202400022384.0;1;61;61169;2;6;1.0;3.0;48.752236;-0.574767;2024-07-25 13:55:00
202400022385.0;2;62;62461;2;1;7.0;2.0;50.383537;2.04232;2024-01-26 16:50:00
202400022386.0;1;57;57177;2;1;1.0;6.0;48.8148;6.72782;2024-05-24 17:08:00
202400022387.0;1;59;59656;2;1;1.0;6.0;50.77654;3.05328;2024-07-29 18:55:00
202400022388.0;1;75;75119;2;4;2.0;2.0;48.882716;2.389885;2024-09-05 12:43:00
202400022389.0;1;27;27306;1;1;1.0;1.0;48.974953;1.175424;2024-05-25 10:30:00
202400022390.0;1;59;59599;2;1;1.0;1.0;50.74415;3.17879;2024-07-29 19:30:00
202400022391.0;5;75;75116;2;2;1.0;2.0;48.866559;2.280118;2024-09-04 21:15:00
202400022392.0;1;54;54213;1;1;1.0;7.0;49.141969;5.84904;2024-05-26 16:00:00
202400022393.0;4;58;58194;2;1;2.0;6.0;46.99429;3.1704;2024-07-28 02:30:00
202400022394.0;1;75;75115;2;2;2.0;6.0;48.846575;2.308664;2024-09-05 14:25:00
202400022395.0;1;974;97413;2;1;1.0;6.0;-21.195428;55.301077;2024-05-26 10:00:00
202400022396.0;1;58;58194;2;1;1.0;7.0;46.98065;3.18945;2024-07-27 11:45:00
202400022397.0;1;75;75114;2;4;2.0;6.0;48.828777;2.327691;2024-09-05 17:00:00
202400022398.0;1;65;65101;1;2;1.0;2.0;43.208069;0.214298;2024-05-25 15:40:00
202400022399.0;1;56;56260;2;1;1.0;6.0;47.66251;-2.78563;2024-07-25 17:35:00
202400022400.0;1;75;75115;2;3;1.0;1.0;48.831112;2.292452;2024-09-04 13:55:00
202400022401.0;2;54;54395;2;1;1.0;6.0;48.69248;6.19284;2024-07-28 06:52:00
202400022402.0;1;75;75113;2;1;2.0;6.0;48.821841;2.342214;2024-09-05 11:50:00
202400022403.0;1;56;56137;1;3;8.0;3.0;47.745936;-2.691964;2024-05-25 18:45:00
202400022404.0;2;75;75114;2;3;3.0;6.0;48.819671;2.341638;2024-09-05 06:35:00
202400022405.0;1;54;54257;1;5;2.0;1.0;48.64761623;6.18242137;2024-07-27 15:55:00
202400022406.0;1;75;75113;2;1;3.0;6.0;48.830379;2.368375;2024-09-05 08:30:00
202400022407.0;1;76;76441;2;3;1.0;1.0;49.953122;1.589236;2024-05-26 11:50:00
202400022408.0;1;54;54261;1;1;1.0;2.0;49.5149;5.7997;2024-07-29 16:39:00
202400022409.0;2;75;75114;2;1;3.0;6.0;48.831313;2.313061;2024-09-05 07:50:00
202400022410.0;1;2B;2B050;2;1;1.0;6.0;42.536552;8.801368;2024-05-25 11:25:00
202400022411.0;1;51;51454;2;1;1.0;7.0;49.25372;4.0395;2024-07-28 09:00:00
202400022412.0;1;94;94044;2;1;3.0;3.0;48.74915;2.48135;2024-09-05 09:30:00
202400022413.0;1;82;82171;1;1;1.0;6.0;44.01068;1.164213;2024-05-25 07:30:00
202400022414.0;1;49;49099;2;3;1.0;3.0;47.05629;-0.8663;2024-07-16 20:00:00
202400022415.0;1;94;94018;2;3;8.0;1.0;48.82588;2.39263;2024-09-05 10:35:00
202400022416.0;1;46;46042;2;1;1.0;2.0;44.46539;1.42848;2024-07-27 11:10:00
202400022417.0;1;93;93073;1;3;1.0;3.0;49.00847725;2.5615865;2024-09-04 14:40:00
202400022418.0;1;63;63265;1;3;1.0;3.0;45.843984;3.428652;2024-05-25 20:00:00
202400022419.0;1;45;45068;2;6;1.0;6.0;48.011484;2.719683;2024-07-21 18:10:00
202400022420.0;1;93;93062;2;2;2.0;3.0;48.89723;2.53002;2024-09-05 16:50:00
202400022421.0;3;40;40279;1;1;1.0;6.0;43.72655;-1.0928;2024-07-28 05:20:00
202400022422.0;1;34;34186;2;1;1.0;7.0;43.67325;3.264082;2024-05-26 16:55:00
202400022423.0;1;93;93051;2;2;2.0;3.0;48.8454;2.53466;2024-09-05 12:30:00
202400022424.0;1;38;38516;2;1;1.0;2.0;45.1954;5.75071;2024-07-29 07:55:00
202400022425.0;2;25;25356;1;1;1.0;6.0;47.235371;6.784927;2024-05-26 05:45:00
202400022426.0;1;93;93062;2;4;3.0;3.0;48.89815308;2.52719879;2024-09-05 08:35:00
202400022427.0;5;34;34301;2;1;1.0;6.0;43.40681;3.69339;2024-07-29 05:30:00
202400022428.0;1;34;34301;2;1;1.0;2.0;43.414518;3.676375;2024-07-14 19:30:00
202400022429.0;5;25;25015;1;3;1.0;3.0;47.0297;6.086485;2024-05-19 03:45:00
202400022430.0;1;29;29293;2;1;1.0;6.0;47.85224991;-3.85159692;2024-05-25 15:00:00
202400022431.0;1;29;29232;2;1;1.0;4.0;47.97941133;-4.12250636;2024-07-29 10:05:00
202400022432.0;3;29;29106;1;3;3.0;6.0;48.10796407;-4.07654727;2024-05-25 23:20:00
202400022433.0;3;29;29212;1;1;1.0;6.0;48.380593;-4.622408;2024-05-07 23:15:00
202400022434.0;1;29;29019;2;2;1.0;3.0;48.416884;-4.468528;2024-07-29 17:25:00
202400022435.0;1;22;22113;2;1;1.0;2.0;48.75791;-3.45704;2024-07-25 16:56:00
202400022436.0;1;14;14333;2;9;1.0;6.0;49.41770746;0.23042053;2024-07-27 15:35:00
202400022437.0;1;2;2422;2;4;1.0;3.0;49.932367;3.62146;2024-05-26 13:15:00
202400022438.0;1;3;3292;1;1;1.0;6.0;46.402918;3.094368;2024-05-25 16:00:00
202400022439.0;1;13;13054;2;1;1.0;2.0;43.40599613;5.25772753;2024-07-29 19:00:00
202400022440.0;1;5;5164;1;1;1.0;3.0;44.534076;6.392927;2024-05-26 20:35:00
202400022441.0;5;13;13212;2;1;1.0;3.0;43.31456541;5.47713408;2024-07-30 00:40:00
202400022442.0;3;60;60692;2;1;1.0;7.0;49.641036;2.236495;2024-05-26 00:45:00
202400022443.0;1;13;13207;2;1;1.0;3.0;43.28792;5.35947;2024-07-29 20:37:00
202400022444.0;2;16;16181;1;1;1.0;7.0;46.056615;0.683599;2024-05-26 18:50:00
202400022445.0;2;21;21423;1;1;1.0;6.0;46.986584;4.852567;2024-05-26 05:35:00
202400022446.0;1;13;13206;2;1;1.0;2.0;43.28626;5.38488;2024-07-29 20:35:00
202400022447.0;1;87;87132;1;1;1.0;6.0;45.76208922;1.80611372;2024-05-26 14:56:00
202400022448.0;1;52;52407;1;1;3.0;1.0;48.2832;5.479871;2024-05-18 16:15:00
202400022449.0;3;13;13047;1;1;1.0;6.0;43.47523;4.99244;2024-07-29 06:15:00
202400022450.0;1;6;6152;1;1;1.0;3.0;43.626667;6.998823;2024-05-25 18:20:00
202400022451.0;1;13;13004;1;1;1.0;4.0;43.68853;4.64348;2024-07-29 19:45:00
202400022452.0;1;10;10357;1;1;1.0;6.0;48.29482;4.1411;2024-07-28 17:55:00
202400022453.0;2;63;63195;1;1;1.0;2.0;45.8517964;3.38283104;2024-05-26 06:00:00
202400022454.0;1;9;9225;2;1;1.0;1.0;43.11551;1.62814;2024-07-29 15:30:00
202400022455.0;1;83;83001;1;1;1.0;6.0;43.54473;6.812403;2024-05-25 16:53:00
202400022456.0;1;68;68059;1;1;1.0;3.0;47.721874;7.153366;2024-05-26 08:30:00
202400022457.0;1;6;6004;2;1;1.0;3.0;43.59969;7.08616;2024-07-29 20:00:00
202400022458.0;1;6;6088;1;1;1.0;7.0;43.668813;7.199827;2024-05-25 19:10:00
202400022459.0;1;75;75115;2;2;1.0;3.0;48.842351;2.294181;2024-07-29 12:10:00
202400022460.0;1;6;6088;1;1;1.0;6.0;43.698077;7.188465;2024-05-24 07:48:00
202400022461.0;1;75;75117;2;1;1.0;6.0;48.880244;2.281701;2024-07-28 18:10:00
202400022462.0;3;77;77333;1;1;1.0;6.0;48.269126;2.717172;2024-05-25 22:05:00
202400022463.0;1;75;75119;2;2;1.0;3.0;48.89763144;2.38544422;2024-07-29 15:05:00
202400022464.0;2;75;75118;2;2;1.0;6.0;48.892849;2.341955;2024-07-29 21:10:00
202400022465.0;1;974;97417;1;1;2.0;2.0;-21.287135;55.796342;2024-05-25 16:50:00
202400022466.0;5;75;75115;2;5;1.0;6.0;48.847043;2.295887;2024-07-28 22:00:00
202400022467.0;1;972;97224;2;1;1.0;1.0;14.67147;-61.037292;2024-05-25 11:15:00
202400022468.0;1;75;75115;2;7;1.0;6.0;48.845311;2.310982;2024-07-28 06:45:00
202400022469.0;3;77;77192;1;1;1.0;1.0;48.701979;2.912836;2024-05-26 02:25:00
202400022470.0;1;75;75113;2;2;1.0;3.0;48.832316;2.379789;2024-07-29 09:04:00
202400022471.0;1;34;34135;1;1;1.0;3.0;43.276342;3.162206;2024-05-25 13:10:00
202400022472.0;1;75;75111;2;2;1.0;6.0;48.86502536;2.37467462;2024-07-29 21:30:00
202400022473.0;1;83;83071;2;1;1.0;3.0;43.138192;6.236329;2024-05-26 19:00:00
202400022474.0;1;83;83035;1;4;1.0;3.0;43.24861;5.787815;2024-05-26 11:30:00
202400022475.0;1;94;94042;2;9;1.0;3.0;48.82;2.467155;2024-07-29 07:37:00
202400022476.0;1;68;68329;2;1;1.0;7.0;48.050615;7.110192;2024-05-20 12:00:00
202400022477.0;1;67;67303;1;1;7.0;7.0;48.90959;7.741097;2024-05-25 19:10:00
202400022478.0;1;94;94041;2;1;1.0;3.0;48.81951926;2.39637324;2024-07-29 08:50:00
202400022479.0;5;94;94041;2;1;1.0;6.0;48.81291;2.3703;2024-07-29 03:10:00
202400022480.0;1;54;54397;2;1;1.0;6.0;48.61652337;6.10222399;2024-05-25 19:30:00
202400022481.0;1;94;94060;2;1;7.0;6.0;48.79571495;2.56885618;2024-07-29 16:35:00
202400022482.0;1;94;94079;2;1;1.0;2.0;48.83221139;2.54261532;2024-07-29 08:40:00
202400022483.0;1;69;69106;1;1;1.0;1.0;45.928174;4.692788;2024-05-26 10:40:00
202400022484.0;1;94;94055;2;1;2.0;5.0;48.77893266;2.53584462;2024-07-27 18:00:00
202400022485.0;2;69;69112;1;3;7.0;3.0;45.806371;4.641579;2024-05-25 06:50:00
202400022486.0;1;95;95527;1;9;1.0;3.0;49.01467966;2.53079193;2024-07-29 07:40:00
202400022487.0;2;29;29001;1;1;2.0;1.0;48.26715315;-4.29244387;2024-05-25 21:28:00
202400022488.0;1;93;93062;2;1;1.0;6.0;48.89742;2.529024;2024-07-29 19:34:00
202400022489.0;1;78;78640;1;1;1.0;4.0;48.780678;2.178467;2024-05-25 12:50:00
202400022490.0;1;93;93006;2;2;1.0;1.0;48.87534511;2.42440224;2024-07-28 13:00:00
202400022491.0;1;92;92072;2;1;1.0;3.0;48.82701466;2.2242259;2024-05-25 08:05:00
202400022492.0;1;93;93005;2;2;1.0;3.0;48.92396;2.50445;2024-07-29 10:52:00
202400022493.0;1;78;78646;1;1;1.0;5.0;48.79188;2.097477;2024-05-24 16:12:00
202400022494.0;5;78;78321;1;1;1.0;6.0;48.796615;1.907538;2024-05-25 04:25:00
202400022495.0;1;93;93001;2;2;1.0;3.0;48.91629912;2.3816453;2024-07-29 16:50:00
202400022496.0;1;95;95580;1;1;1.0;6.0;49.08422099;2.55129954;2024-05-24 15:45:00
202400022497.0;1;92;92040;2;1;1.0;6.0;48.82889701;2.26443493;2024-07-29 08:37:00
202400022498.0;1;974;97416;1;9;1.0;3.0;-21.29386;55.51077;2024-05-24 12:30:00
202400022499.0;1;92;92036;1;6;1.0;3.0;48.93987656;2.30356264;2024-07-29 08:28:00
202400022500.0;1;92;92024;2;1;1.0;3.0;48.90221728;2.31815064;2024-07-29 21:10:00
202400022501.0;1;974;97411;1;6;1.0;7.0;-20.8783;55.45847;2024-05-24 09:35:00
202400022502.0;1;92;92009;2;2;1.0;6.0;48.90681646;2.26144999;2024-07-29 09:10:00
202400022503.0;5;974;97411;1;1;1.0;2.0;-20.89295;55.50189;2024-05-23 20:00:00
202400022504.0;1;92;92014;2;1;1.0;6.0;48.77967082;2.31559423;2024-07-29 09:00:00
202400022505.0;3;974;97409;2;1;2.0;3.0;-20.9595;55.64825;2024-05-24 18:00:00
202400022506.0;2;14;14741;1;1;1.0;7.0;48.912417;-0.451432;2024-07-27 22:35:00
202400022507.0;1;974;97409;2;1;1.0;2.0;-20.94388;55.64934;2024-05-24 09:40:00
202400022508.0;1;81;81087;1;1;1.0;6.0;43.971139;1.973377;2024-07-30 08:00:00
202400022509.0;1;95;95052;1;1;1.0;6.0;49.14595772;2.30725373;2024-07-25 19:53:00
202400022510.0;1;973;97302;2;3;1.0;3.0;4.94165;-52.32537;2024-05-24 11:35:00
202400022511.0;3;40;40004;1;1;1.0;6.0;43.649716;-1.393987;2024-07-30 04:45:00
202400022512.0;1;972;97209;2;1;1.0;2.0;14.61;-61.04;2024-05-24 18:30:00
202400022513.0;1;974;97404;2;3;7.0;3.0;-21.258756;55.354539;2024-07-29 16:15:00
202400022514.0;1;972;97209;1;1;1.0;2.0;14.61594;-61.0448;2024-05-24 13:39:00
202400022515.0;5;2B;2B033;2;1;1.0;6.0;42.67453;1.407665;2024-05-24 22:29:00
202400022516.0;1;971;97120;2;3;1.0;6.0;16.23565;-61.53743;2024-05-23 13:00:00
202400022517.0;1;26;26191;1;1;1.0;3.0;44.539957;4.805617;2024-07-29 10:00:00
202400022518.0;1;971;97120;2;2;2.0;6.0;16.24404874;-61.53437018;2024-05-23 13:20:00
202400022519.0;1;2A;2A004;2;1;1.0;4.0;41.92847;8.77299;2024-05-24 08:15:00
202400022520.0;1;95;95427;2;1;1.0;1.0;48.9773304;2.35627759;2024-05-24 13:30:00
202400022521.0;1;95;95127;2;1;2.0;6.0;49.05544599;2.04691708;2024-05-21 13:54:00
202400022522.0;1;91;91027;2;3;1.0;3.0;48.71007;2.38548;2024-05-24 17:20:00
202400022523.0;1;91;91479;2;1;1.0;2.0;48.70772;2.37136;2024-05-24 10:10:00
202400022524.0;1;91;91027;2;9;1.0;3.0;48.70881;2.38542;2024-05-24 08:20:00
202400022525.0;1;89;89342;2;3;2.0;3.0;48.21048;3.27629;2024-05-24 14:35:00
202400022526.0;1;87;87085;2;2;1.0;3.0;45.82008;1.25182;2024-05-23 13:39:00
202400022527.0;2;87;87085;2;1;1.0;7.0;45.85185;1.25897;2024-05-22 20:57:00
202400022528.0;1;85;85194;2;2;1.0;6.0;46.50396;-1.77418;2024-05-24 17:50:00
202400022529.0;1;85;85191;2;1;1.0;6.0;46.67892;-1.43012;2024-05-24 12:45:00
202400022530.0;2;83;83129;1;1;1.0;3.0;43.09825409;5.85167563;2024-05-24 05:10:00
202400022531.0;1;82;82033;2;1;1.0;6.0;44.03996;1.1214;2024-05-24 14:15:00
202400022532.0;1;79;79329;2;2;1.0;3.0;46.992368;-0.21349;2024-05-24 07:40:00
202400022533.0;1;79;79191;2;3;1.0;3.0;46.31563;-0.44152;2024-05-24 07:50:00
202400022534.0;1;77;77284;2;3;1.0;3.0;48.95743;2.93623;2024-05-24 06:50:00
202400022535.0;1;74;74012;2;9;8.0;3.0;46.18;6.24;2024-05-24 20:35:00
202400022536.0;1;73;73065;2;1;1.0;6.0;45.57018223;5.91981903;2024-05-09 17:13:00
202400022537.0;1;71;71153;2;2;1.0;3.0;46.79634;4.42925;2024-05-24 19:20:00
202400022538.0;3;69;69199;1;9;1.0;3.0;45.69453;4.84424;2024-05-24 22:00:00
202400022539.0;5;69;69259;2;8;1.0;3.0;45.696;4.88179;2024-05-24 23:00:00
202400022540.0;5;67;67482;2;3;1.0;3.0;48.597039;7.705354;2024-05-24 23:10:00
202400022541.0;1;67;67482;2;1;8.0;3.0;48.59347;7.75484;2024-05-24 07:45:00
202400022542.0;5;64;64445;2;3;1.0;3.0;43.30696;-0.37641;2024-05-24 23:27:00
202400022543.0;1;64;64445;2;2;1.0;3.0;43.30487;-0.3523;2024-05-24 15:10:00
202400022544.0;1;64;64445;2;2;1.0;3.0;43.30152;-0.37536;2024-05-24 10:00:00
202400022545.0;5;64;64445;2;9;1.0;7.0;43.297;-0.37745;2024-05-24 05:05:00
202400022546.0;1;64;64445;2;1;1.0;6.0;43.29993;-0.37002;2024-05-23 18:30:00
202400022547.0;2;62;62771;2;1;2.0;3.0;50.42342;2.84921;2024-05-16 08:00:00
202400022548.0;1;61;61169;1;2;1.0;3.0;48.761663;-0.538972;2024-05-21 17:55:00
202400022549.0;1;59;59650;2;1;1.0;7.0;50.70989;3.19098;2024-05-24 13:15:00
202400022550.0;1;59;59648;2;9;1.0;6.0;50.59947;3.05304;2024-05-24 17:45:00
202400022551.0;1;58;58194;2;3;1.0;3.0;46.98401;3.18366;2024-05-23 20:05:00
202400022552.0;1;56;56260;2;1;1.0;6.0;47.64785;-2.74368;2024-05-24 06:05:00
202400022553.0;3;56;56121;1;1;1.0;1.0;47.738867;-3.380257;2024-05-23 23:40:00
202400022554.0;1;56;56107;1;1;1.0;1.0;47.70571;-3.40832;2024-05-23 17:10:00
202400022555.0;1;54;54395;2;1;1.0;3.0;48.70252206;6.15272462;2024-05-24 13:30:00
202400022556.0;1;54;54547;2;1;3.0;3.0;48.666743;6.166731;2024-05-23 17:00:00
202400022557.0;1;54;54526;2;1;1.0;2.0;48.67967433;6.21686697;2024-05-23 11:00:00
202400022558.0;1;51;51454;2;1;1.0;5.0;49.23134;4.03541;2024-05-24 15:45:00
202400022559.0;1;51;51454;2;1;1.0;6.0;49.25302;4.02659;2024-05-24 13:25:00
202400022560.0;1;51;51454;2;6;1.0;3.0;49.21991;4.02069;2024-05-23 09:45:00
202400022561.0;3;51;51506;1;1;1.0;7.0;48.95847;4.38995;2024-05-23 21:48:00
202400022562.0;1;49;49007;2;1;1.0;3.0;47.48658;-0.56347;2024-05-23 12:46:00
202400022563.0;1;45;45232;2;1;1.0;3.0;47.841119;1.913628;2024-05-24 10:50:00
202400022564.0;1;45;45004;2;1;1.0;6.0;47.970876;2.733712;2024-05-24 11:45:00
202400022565.0;5;35;35238;2;2;1.0;3.0;48.12777;-1.68342;2024-05-25 00:08:00
202400022566.0;1;33;33063;2;6;1.0;3.0;44.86565;-0.57592;2024-05-24 08:05:00
202400022567.0;1;31;31555;2;1;1.0;3.0;43.64693;1.44485;2024-05-24 08:45:00
202400022568.0;2;31;31555;2;1;1.0;3.0;43.56635;1.45883;2024-05-23 20:15:00
202400022569.0;1;27;27229;2;1;1.0;3.0;49.019;1.13911;2024-05-24 16:05:00
202400022570.0;1;22;22360;2;1;1.0;3.0;48.48647;-2.72927;2024-05-24 10:00:00
202400022571.0;1;22;22278;2;1;1.0;1.0;48.50203;-2.73878;2024-05-23 12:00:00
202400022572.0;2;17;17300;2;2;1.0;3.0;46.15489;-1.14516;2024-05-24 21:40:00
202400022573.0;1;16;16089;1;6;1.0;2.0;45.68115;-0.293;2024-05-24 09:42:00
202400022574.0;1;15;15014;2;6;1.0;3.0;44.93172;2.45039;2024-05-23 15:05:00
202400022575.0;1;14;14118;1;4;1.0;2.0;49.195895;-0.375238;2024-05-23 12:55:00
202400022576.0;2;13;13216;2;1;8.0;2.0;43.35371;5.32846;2024-05-24 09:30:00
202400022577.0;1;13;13001;2;1;1.0;3.0;43.52424;5.41243;2024-05-24 18:30:00
202400022578.0;1;13;13001;1;1;1.0;3.0;43.50699;5.33329;2024-05-24 06:45:00
202400022579.0;1;10;10362;2;3;1.0;3.0;48.2974;4.0409;2024-05-23 14:30:00
202400022580.0;1;10;10333;2;2;2.0;2.0;48.2803;4.0627;2024-05-23 14:00:00
202400022581.0;1;63;63113;2;1;1.0;6.0;45.79152185;3.11495394;2024-10-10 16:30:00
202400022582.0;1;6;6069;2;1;1.0;3.0;43.64004;6.97955;2024-05-24 07:45:00
202400022583.0;1;4;4070;2;1;8.0;7.0;44.09231;6.23203;2024-05-24 13:30:00
202400022584.0;1;60;60159;2;3;3.0;3.0;49.40574;2.80858;2024-10-10 14:20:00
202400022585.0;1;2;2722;2;1;1.0;7.0;49.35909;3.31646;2024-05-09 08:05:00
202400022586.0;1;75;75113;2;1;2.0;2.0;48.820004;2.374225;2024-05-23 18:50:00
202400022587.0;1;59;59009;2;2;1.0;6.0;50.66628;3.14153;2024-10-09 13:10:00
202400022588.0;1;75;75115;2;1;1.0;3.0;48.826376;2.297013;2024-05-22 17:00:00
202400022589.0;1;75;75106;2;5;1.0;3.0;48.841984;2.329616;2024-05-23 20:40:00
202400022590.0;1;59;59343;2;2;2.0;6.0;50.585519;3.105131;2024-10-10 08:00:00
202400022591.0;1;75;75119;2;1;1.0;7.0;48.883213;2.369242;2024-05-24 10:15:00
202400022592.0;5;75;75119;2;1;1.0;3.0;48.878859;2.382649;2024-05-23 21:40:00
202400022593.0;1;59;59350;2;3;3.0;5.0;50.63191;3.09367;2024-10-09 14:20:00
202400022594.0;1;59;59183;2;1;1.0;7.0;51.04873;2.41993;2024-10-05 14:30:00
202400022595.0;5;75;75117;2;2;1.0;6.0;48.896451;2.325132;2024-05-24 01:30:00
202400022596.0;1;58;58194;2;1;1.0;4.0;46.9957;3.13111;2024-10-10 16:00:00
202400022597.0;5;75;75116;2;7;1.0;2.0;48.847841;2.257477;2024-05-24 04:40:00
202400022598.0;1;54;54549;2;1;8.0;2.0;48.64146;6.30054;2024-10-08 15:40:00
202400022599.0;1;75;75114;2;3;1.0;3.0;48.826154;2.312742;2024-05-24 09:30:00
202400022600.0;1;75;75112;2;3;1.0;6.0;48.834266;2.404729;2024-05-23 11:45:00
202400022601.0;5;51;51454;2;1;2.0;7.0;49.25763;4.0506;2024-10-10 21:40:00
202400022602.0;1;75;75112;2;1;1.0;3.0;48.834267;2.454735;2024-05-23 09:30:00
202400022603.0;1;94;94068;2;3;1.0;6.0;48.80079201;2.47179615;2024-05-24 17:00:00
202400022604.0;1;51;51454;2;1;8.0;3.0;49.23003;4.06864;2024-10-10 17:10:00
202400022605.0;1;94;94068;2;2;1.0;3.0;48.793621;2.50893;2024-05-24 09:55:00
202400022606.0;1;50;50502;2;1;1.0;1.0;49.11468;-1.09333;2024-10-08 18:55:00
202400022607.0;1;94;94068;2;2;1.0;6.0;48.80326891;2.48473084;2024-05-24 09:00:00
202400022608.0;1;94;94016;2;1;1.0;6.0;48.78818;2.32392;2024-05-22 13:00:00
202400022609.0;1;50;50129;2;2;2.0;3.0;49.63527;-1.58629;2024-10-09 09:15:00
202400022610.0;1;94;94028;2;1;1.0;6.0;48.792024;2.462191;2024-05-23 11:10:00
202400022611.0;1;94;94017;2;1;1.0;6.0;48.81184;2.50942;2024-05-24 12:40:00
202400022612.0;2;49;49328;1;3;1.0;3.0;47.27376604;-0.07991731;2024-10-10 07:45:00
202400022613.0;1;93;93070;2;3;1.0;5.0;48.90662;2.33532;2024-05-24 12:50:00
202400022614.0;1;93;93055;2;3;1.0;3.0;48.90143;2.41298;2024-05-24 11:30:00
202400022615.0;5;49;49328;2;6;1.0;6.0;47.24691;-0.07711;2024-10-10 06:50:00
202400022616.0;1;93;93057;2;3;1.0;3.0;48.91101281;2.49117583;2024-05-24 16:35:00
202400022617.0;1;93;93010;2;3;1.0;1.0;48.90373;2.47631;2024-05-24 06:55:00
202400022618.0;1;92;92072;2;1;1.0;7.0;48.82297;2.22268;2024-05-24 17:45:00
202400022619.0;3;49;49099;1;6;2.0;6.0;47.05936;-0.92182;2024-08-19 02:20:00
202400022620.0;5;92;92064;2;1;1.0;1.0;48.84030383;2.22167391;2024-05-23 22:20:00
202400022621.0;1;49;49007;2;1;3.0;6.0;47.46927;-0.54947;2024-10-09 17:14:00
202400022622.0;1;92;92050;2;1;1.0;3.0;48.89594964;2.21957016;2024-05-23 11:30:00
202400022623.0;1;92;92050;2;2;1.0;3.0;48.89641792;2.21476641;2024-05-22 18:15:00
202400022624.0;1;49;49007;2;1;3.0;2.0;47.45039;-0.52911;2024-10-09 09:13:00
202400022625.0;1;92;92026;2;1;1.0;3.0;48.88954;2.2555;2024-05-24 13:40:00
202400022626.0;5;92;92012;2;1;1.0;7.0;48.83342;2.25396;2024-05-24 23:45:00
202400022627.0;5;45;45147;2;9;1.0;6.0;47.932714;1.928079;2024-10-10 20:27:00
202400022628.0;3;33;33531;1;1;1.0;7.0;44.820538;-0.231657;2024-05-25 01:30:00
202400022629.0;1;44;44109;2;1;3.0;7.0;47.2643;-1.57654;2024-10-09 09:15:00
202400022630.0;1;80;80583;1;2;1.0;3.0;49.792319;2.209561;2024-05-25 11:40:00
202400022631.0;5;43;43190;2;1;8.0;6.0;45.05795;3.9393;2024-10-10 06:25:00
202400022632.0;1;12;12301;1;3;1.0;3.0;44.460136;2.007403;2024-05-24 14:50:00
202400022633.0;1;38;38544;2;1;1.0;3.0;45.52646;4.90503;2024-10-10 07:20:00
202400022634.0;1;67;67352;1;1;2.0;1.0;48.860056;7.460833;2024-05-23 15:15:00
202400022635.0;1;37;37233;2;1;3.0;1.0;47.38181;0.7389;2024-10-09 17:09:00
202400022636.0;1;36;36044;2;1;1.0;6.0;46.80317827;1.70686662;2024-10-10 08:10:00
202400022637.0;1;76;76621;1;1;1.0;4.0;49.659718;1.297374;2024-05-24 18:05:00
202400022638.0;1;35;35238;2;3;1.0;3.0;48.10512;-1.69807;2024-10-10 18:22:00
202400022639.0;1;57;57102;1;1;1.0;6.0;49.276518;6.204314;2024-05-23 14:00:00
202400022640.0;1;51;51621;1;1;1.0;5.0;49.202766;4.973856;2024-05-25 16:45:00
202400022641.0;1;51;51210;1;1;8.0;7.0;49.079938;3.975828;2024-05-24 11:45:00
202400022642.0;1;78;78591;2;1;1.0;1.0;48.893287;1.680688;2024-04-29 18:50:00
202400022643.0;1;35;35238;2;1;1.0;4.0;48.1069;-1.7278;2024-10-10 12:42:00
202400022644.0;1;76;76528;1;2;1.0;3.0;49.9040644;1.58699584;2024-05-25 16:35:00
202400022645.0;1;79;79029;1;1;1.0;1.0;46.556109;-0.189085;2024-05-24 14:30:00
202400022646.0;1;33;33033;1;1;1.0;3.0;44.726648;-0.45118;2024-05-23 14:25:00
202400022647.0;1;35;35055;1;1;2.0;2.0;48.09265308;-1.62587727;2024-10-09 16:30:00
202400022648.0;1;71;71014;2;4;1.0;3.0;46.95541568;4.29022751;2024-05-25 13:10:00
202400022649.0;1;34;34172;2;1;1.0;5.0;43.64612;3.85371;2024-10-10 15:00:00
202400022650.0;1;34;34172;2;1;1.0;2.0;43.609721;3.901685;2024-10-10 08:55:00