Num_Acc;lum;departement;commune;agglomeration;intersection;meteo;type_collision;lat;long;date
202400022651.0;1;34;34172;2;2;1.0;3.0;43.6269;3.86965;2024-10-08 15:10:00
202400022652.0;5;33;33063;2;1;1.0;2.0;44.82504;-0.5984;2024-10-10 20:15:00
202400022653.0;1;29;29232;2;1;1.0;6.0;47.982227;-4.102924;2024-10-10 17:45:00
202400022654.0;1;29;29232;2;1;2.0;1.0;47.998952;-4.130745;2024-10-06 14:00:00
202400022655.0;1;27;27229;2;6;1.0;3.0;49.028592;1.184202;2024-10-10 17:40:00
202400022656.0;5;25;25388;2;1;3.0;7.0;47.51279;6.8017;2024-10-01 21:05:00
202400022657.0;1;24;24322;2;3;1.0;6.0;45.18812;0.71804;2024-10-09 12:10:00
202400022658.0;5;18;18033;2;3;1.0;3.0;47.074893;2.404574;2024-10-02 21:09:00
202400022659.0;1;15;15014;2;3;3.0;2.0;44.90509;2.42745;2024-10-09 16:45:00
202400022660.0;2;13;13203;2;1;1.0;3.0;43.30823822;5.37700589;2024-10-10 07:30:00
202400022661.0;1;6;6088;2;3;1.0;3.0;43.667397;7.208101;2024-10-10 09:29:00
202400022662.0;1;75;75113;2;1;2.0;3.0;48.826635;2.388995;2024-10-10 09:55:00
202400022663.0;1;75;75120;2;4;2.0;6.0;48.866962;2.413435;2024-10-10 08:30:00
202400022664.0;3;75;75120;2;2;2.0;3.0;48.859184;2.402125;2024-10-09 08:14:00
202400022665.0;5;75;75119;2;3;1.0;1.0;48.885161;2.379457;2024-10-10 22:20:00
202400022666.0;2;75;75119;2;7;3.0;2.0;48.889734;2.396033;2024-10-09 16:00:00
202400022667.0;5;75;75117;2;2;1.0;7.0;48.887944;2.288825;2024-10-10 23:25:00
202400022668.0;1;75;75116;2;3;2.0;1.0;48.875109;2.290408;2024-10-10 09:50:00
202400022669.0;5;75;75116;2;7;3.0;6.0;48.858697;2.284669;2024-10-09 20:50:00
202400022670.0;5;75;75115;2;2;2.0;6.0;48.825883;2.300317;2024-10-10 07:15:00
202400022671.0;1;75;75110;2;4;1.0;2.0;48.877395;2.349905;2024-10-10 09:19:00
202400022672.0;5;75;75114;2;1;1.0;3.0;48.840061;2.328475;2024-10-10 21:30:00
202400022673.0;1;75;75107;2;7;8.0;1.0;48.854506;2.30543;2024-10-10 13:00:00
202400022674.0;1;75;75101;2;2;8.0;6.0;48.86199;2.350162;2024-10-10 08:43:00
202400022675.0;1;75;75104;2;2;3.0;3.0;48.851131;2.355908;2024-10-09 09:10:00
202400022676.0;5;94;94042;2;1;3.0;2.0;48.8202;2.467647;2024-10-09 21:45:00
202400022677.0;1;94;94041;2;2;2.0;3.0;48.81454;2.40441;2024-10-10 17:50:00
202400022678.0;1;94;94065;2;1;2.0;5.0;48.74231;2.35345;2024-10-10 16:45:00
202400022679.0;1;94;94002;2;3;2.0;3.0;48.78432;2.427777;2024-10-10 09:15:00
202400022680.0;5;93;93071;2;3;2.0;1.0;48.94022108;2.52162913;2024-10-10 06:45:00
202400022681.0;1;93;93048;2;1;1.0;6.0;48.86010764;2.42915103;2024-10-10 12:30:00
202400022682.0;1;93;93006;2;2;2.0;5.0;48.87086;2.41748;2024-10-10 18:15:00
202400022683.0;1;93;93029;2;1;1.0;6.0;48.92876429;2.45260689;2024-10-10 09:40:00
202400022684.0;2;93;93010;2;1;2.0;6.0;48.90957926;2.47999048;2024-10-10 08:15:00
202400022685.0;1;92;92063;2;9;2.0;1.0;48.88687326;2.17032809;2024-10-09 16:15:00
202400022686.0;5;92;92036;2;1;2.0;6.0;48.93077;2.28598;2024-10-10 07:20:00
202400022687.0;1;92;92035;2;1;3.0;6.0;48.90539638;2.23905791;2024-10-07 18:04:00
202400022688.0;1;92;92023;2;1;3.0;6.0;48.80076542;2.26358458;2024-10-09 15:30:00
202400022689.0;1;92;92023;2;1;2.0;6.0;48.77807213;2.22940676;2024-10-09 08:52:00
202400022690.0;2;92;92012;2;1;3.0;6.0;48.82929536;2.2511293;2024-10-09 17:20:00
202400022691.0;2;92;92004;2;1;2.0;6.0;48.91630161;2.28992611;2024-10-10 07:45:00
202400022692.0;1;92;92004;2;1;3.0;2.0;48.90648;2.29066;2024-10-09 16:15:00
202400022693.0;1;976;97610;2;1;1.0;6.0;-12.747061;45.227451;2024-10-11 15:20:00
202400022694.0;3;50;50565;1;6;2.0;6.0;48.743937;-1.442884;2024-10-09 23:45:00
202400022695.0;1;22;22182;1;2;2.0;3.0;48.556536;-2.933248;2024-10-10 19:08:00
202400022696.0;5;1;1071;2;6;2.0;6.0;46.314539;6.066406;2024-10-11 00:35:00
202400022697.0;3;29;29020;1;1;1.0;1.0;48.07480526;-4.04613055;2024-10-11 03:10:00
202400022698.0;1;59;59463;1;3;1.0;3.0;50.939376;2.326747;2024-10-08 17:30:00
202400022699.0;1;30;30334;1;3;1.0;5.0;44.019623;4.430323;2024-10-10 15:44:00
202400022700.0;2;95;95352;1;9;3.0;5.0;49.10976169;2.42893774;2024-10-10 18:54:00
202400022701.0;3;19;19289;1;1;1.0;6.0;45.20373698;1.40650284;2024-10-10 20:58:00
202400022702.0;5;80;80318;2;2;5.0;3.0;50.01544;2.085525;2024-10-11 05:25:00
202400022703.0;1;63;63364;1;2;1.0;2.0;45.82864996;3.43144086;2024-10-09 14:50:00
202400022704.0;1;63;63003;2;2;1.0;6.0;45.54948179;3.7396203;2024-10-11 15:43:00
202400022705.0;1;46;46237;1;1;1.0;1.0;44.632146;1.932553;2024-10-11 15:53:00
202400022706.0;1;41;41275;1;3;8.0;3.0;47.892259;1.082668;2024-10-10 15:10:00
202400022707.0;3;22;22195;2;1;2.0;6.0;48.853001;-3.123046;2024-10-11 02:30:00
202400022708.0;1;39;39270;1;4;8.0;3.0;47.136704;5.469853;2024-10-06 13:05:00
202400022709.0;2;25;25147;2;6;1.0;6.0;47.226245;5.900476;2024-10-11 07:25:00
202400022710.0;5;29;29284;2;3;1.0;3.0;47.807909;-4.259959;2024-10-10 20:35:00
202400022711.0;1;38;38263;1;1;1.0;7.0;45.282149;5.45643;2024-10-10 10:20:00
202400022712.0;3;2;2450;1;1;1.0;1.0;49.881418;3.599567;2024-10-11 04:23:00
202400022713.0;3;15;15142;1;2;5.0;3.0;44.981716;3.017153;2024-10-11 06:55:00
202400022714.0;1;1;1028;2;3;1.0;3.0;46.110701;4.902788;2024-10-11 16:30:00
202400022715.0;1;72;72183;1;1;3.0;3.0;47.688377;0.490281;2024-10-09 12:50:00
202400022716.0;1;14;14431;2;3;3.0;1.0;49.12156991;-0.1027198;2024-10-09 13:15:00
202400022717.0;1;14;14102;1;2;2.0;1.0;49.228029;0.211996;2024-10-10 14:00:00
202400022718.0;1;14;14077;1;2;1.0;3.0;49.25803;0.302671;2024-10-08 10:00:00
202400022719.0;1;85;85246;1;1;1.0;6.0;46.713068;-1.165487;2024-10-10 17:40:00
202400022720.0;1;30;30071;1;9;1.0;7.0;44.032305;4.136546;2024-10-11 10:41:00
202400022721.0;4;8;8331;2;1;1.0;6.0;49.671291;4.950317;2024-09-21 01:00:00
202400022722.0;1;69;69044;2;3;1.0;3.0;45.76986053;4.74224075;2024-10-11 15:15:00
202400022723.0;5;78;78010;2;1;1.0;1.0;48.92025;1.913869;2024-10-06 19:50:00
202400022724.0;3;988;98811;1;3;1.0;1.0;-21.04995;164.79711;2024-10-12 03:10:00
202400022725.0;2;29;29031;1;1;1.0;6.0;47.82360002;-3.58042247;2024-10-10 07:15:00
202400022726.0;1;77;77183;2;3;2.0;6.0;48.943443;3.121995;2024-10-10 10:30:00
202400022727.0;3;34;34162;1;1;1.0;6.0;43.489066;3.470559;2024-10-10 22:50:00
202400022728.0;1;13;13014;1;1;8.0;1.0;43.522376;5.197864;2024-10-08 08:30:00
202400022729.0;1;68;68063;2;1;1.0;6.0;47.802483;7.181851;2024-10-11 11:16:00
202400022730.0;2;67;67363;1;1;1.0;5.0;48.5932;7.539893;2024-10-09 19:00:00
202400022731.0;3;73;73006;1;1;2.0;7.0;45.551308;6.578472;2024-10-01 04:30:00
202400022732.0;3;73;73095;1;6;1.0;6.0;45.469348;6.123945;2024-09-29 01:50:00
202400022733.0;1;42;42148;1;1;1.0;7.0;45.830466;4.329472;2024-10-11 16:30:00
202400022734.0;1;44;44035;2;1;1.0;3.0;47.280452;-1.549078;2024-10-10 09:55:00
202400022735.0;5;38;38281;1;1;1.0;2.0;45.232011;5.645272;2024-10-10 20:25:00
202400022736.0;5;69;69241;1;1;1.0;1.0;45.634551;4.732779;2024-10-11 06:25:00
202400022737.0;1;69;69204;2;1;1.0;6.0;45.698375;4.794738;2024-10-09 16:30:00
202400022738.0;1;65;65059;2;1;1.0;7.0;43.075914;0.158857;2024-10-11 15:35:00
202400022739.0;2;33;33240;2;3;1.0;3.0;45.303565;-0.924171;2024-10-11 08:43:00
202400022740.0;1;33;33322;1;1;1.0;4.0;44.957332;-0.722544;2024-10-11 12:00:00
202400022741.0;2;33;33051;1;3;1.0;1.0;44.660213;-0.918919;2024-10-11 07:35:00
202400022742.0;1;60;60628;1;1;5.0;5.0;49.42612318;2.1335578;2024-10-11 08:57:00
202400022743.0;1;13;13005;1;1;1.0;2.0;43.291;5.5555;2024-10-10 12:47:00
202400022744.0;1;13;13071;1;1;1.0;2.0;43.4013;5.29962;2024-10-10 10:05:00
202400022745.0;4;33;33013;1;1;8.0;2.0;44.86865;-0.50252;2024-10-10 07:13:00
202400022746.0;2;91;91553;1;1;1.0;5.0;48.63154;2.50178;2024-10-10 18:23:00
202400022747.0;1;91;91549;1;1;2.0;2.0;48.62597;2.34045;2024-10-10 17:17:00
202400022748.0;1;91;91617;1;1;2.0;6.0;48.63804517;2.53555536;2024-10-10 10:20:00
202400022749.0;1;94;94021;1;1;2.0;1.0;48.76030105;2.33820212;2024-10-10 08:50:00
202400022750.0;1;94;94038;1;1;2.0;4.0;48.77844525;2.34673565;2024-10-10 09:25:00
202400022751.0;1;92;92047;1;1;3.0;7.0;48.83231571;2.15438418;2024-10-09 09:30:00
202400022752.0;1;92;92025;1;1;2.0;3.0;48.9238663;2.22972613;2024-10-09 09:26:00
202400022753.0;3;78;78423;1;1;1.0;6.0;48.79597;2.03484;2024-10-09 01:45:00
202400022754.0;3;78;78217;1;1;1.0;2.0;48.965325;1.816367;2024-10-08 23:15:00
202400022755.0;1;95;95582;1;1;2.0;3.0;48.96395155;2.26313134;2024-10-10 17:00:00
202400022756.0;1;95;95641;1;1;3.0;2.0;49.06957407;2.55231568;2024-10-09 09:30:00
202400022757.0;3;93;93005;1;1;1.0;6.0;48.96445891;2.47393611;2024-10-08 21:50:00
202400022758.0;5;93;93064;1;1;1.0;3.0;48.87742669;2.47719169;2024-10-09 01:20:00
202400022759.0;1;94;94028;1;1;3.0;2.0;48.79449381;2.44220497;2024-10-10 16:30:00
202400022760.0;2;44;44162;2;6;1.0;2.0;47.25474673;-1.62949014;2024-10-02 08:45:00
202400022761.0;1;44;44143;2;6;1.0;3.0;47.18615507;-1.55607946;2024-09-20 19:25:00
202400022762.0;1;74;74008;2;1;1.0;2.0;46.19;6.22;2024-08-03 19:00:00
202400022763.0;2;92;92051;2;1;2.0;2.0;48.88411215;2.2704581;2024-05-14 07:15:00
202400022764.0;1;92;92050;1;1;1.0;2.0;48.91069292;2.21618664;2024-07-22 18:50:00
202400022765.0;2;974;97416;1;9;1.0;5.0;-21.30264;55.50113;2024-10-09 05:10:00
202400022766.0;2;974;97416;1;9;1.0;2.0;-21.30264;55.50113;2024-10-09 05:10:00
202400022767.0;1;974;97411;2;1;1.0;7.0;-20.90132;55.5015;2024-10-08 12:00:00
202400022768.0;5;973;97302;2;1;1.0;2.0;4.92921;-52.31559;2024-10-09 20:55:00
202400022769.0;1;973;97302;2;1;1.0;1.0;4.92986;-52.30414;2024-10-09 12:31:00
202400022770.0;2;972;97213;1;1;2.0;6.0;14.67145;-60.99176;2024-10-09 06:00:00
202400022771.0;1;69;69389;2;1;6.0;6.0;45.7748886;4.80542393;2024-10-09 17:30:00
202400022772.0;1;971;97120;1;1;1.0;6.0;16.22358;-61.52587;2024-10-09 06:56:00
202400022773.0;1;971;97101;2;1;1.0;7.0;16.27478;-61.50341;2024-10-08 08:50:00
202400022774.0;5;95;95268;2;6;1.0;1.0;48.97226;2.41982;2024-10-01 19:38:00
202400022775.0;5;95;95277;2;1;3.0;6.0;48.98472039;2.46298441;2024-10-09 22:40:00
202400022776.0;1;95;95500;2;5;3.0;3.0;49.0514277;2.10048196;2024-10-09 18:14:00
202400022777.0;2;91;91549;2;5;3.0;3.0;48.64421;2.32533;2024-10-09 18:40:00
202400022778.0;4;91;91645;2;9;1.0;6.0;48.74165;2.27008;2024-10-09 01:14:00
202400022779.0;1;84;84080;2;6;1.0;6.0;44.0334;4.99517;2024-10-09 14:00:00
202400022780.0;2;84;84007;2;6;3.0;6.0;43.94311;4.84194;2024-10-08 07:40:00
202400022781.0;2;84;84007;2;1;2.0;6.0;43.94783;4.81829;2024-10-08 07:30:00
202400022782.0;2;83;83126;2;6;1.0;6.0;43.10109;5.88836;2024-08-27 19:20:00
202400022783.0;1;79;79191;2;1;3.0;2.0;46.311148;-0.4762;2024-10-09 07:45:00
202400022784.0;1;78;78551;2;1;3.0;6.0;48.90162;2.09438;2024-10-09 08:00:00
202400022785.0;1;78;78401;2;1;1.0;4.0;48.99999;1.9076;2024-10-08 08:45:00
202400022786.0;1;77;77335;1;1;3.0;3.0;48.96924975;2.83086777;2024-10-09 09:20:00
202400022787.0;2;77;77513;2;1;3.0;6.0;48.94941;2.86938;2024-10-09 08:00:00
202400022788.0;1;76;76474;1;1;3.0;1.0;49.49885;1.04095;2024-10-09 17:15:00
202400022789.0;1;76;76540;2;3;1.0;3.0;49.45105;1.1353;2024-08-14 13:10:00
202400022790.0;1;76;76259;2;1;1.0;4.0;49.75356;0.37219;2024-10-08 14:10:00
202400022791.0;1;76;76217;2;1;2.0;2.0;49.92287;1.07606;2024-10-09 11:40:00
202400022792.0;1;73;73065;2;2;1.0;3.0;45.5759;5.90696;2024-10-09 10:38:00
202400022793.0;1;73;73065;2;1;1.0;3.0;45.59705609;5.89225441;2024-10-09 09:00:00
202400022794.0;1;72;72003;1;1;2.0;2.0;47.94457428;0.1605168;2024-10-08 17:15:00
202400022795.0;1;71;71540;2;9;2.0;6.0;46.78672;4.4315;2024-10-09 07:25:00
202400022796.0;1;71;71076;2;1;1.0;2.0;46.77676721;4.84841294;2024-10-09 09:09:00
202400022797.0;2;71;71076;2;1;1.0;6.0;46.78619;4.85713;2024-10-09 07:36:00
202400022798.0;1;69;69282;2;1;6.0;3.0;45.76695868;4.9866022;2024-10-09 18:15:00
202400022799.0;1;69;69264;2;2;1.0;3.0;45.99476;4.7256;2024-10-06 15:55:00
202400022800.0;1;69;69264;2;1;1.0;2.0;45.983;4.73153;2024-10-06 10:40:00
202400022801.0;1;67;67482;2;1;3.0;1.0;48.56734;7.70479;2024-10-08 12:30:00
202400022802.0;1;66;66136;2;2;1.0;3.0;42.68752888;2.90032089;2024-10-09 14:00:00
202400022803.0;1;66;66136;2;1;1.0;6.0;42.70471;2.87977;2024-10-09 11:55:00
202400022804.0;1;64;64445;2;6;2.0;3.0;43.30388;-0.35605;2024-10-09 13:05:00
202400022805.0;5;64;64129;2;3;1.0;7.0;43.30462;-0.39098;2024-10-08 21:23:00
202400022806.0;5;63;63113;2;1;2.0;3.0;45.76927165;3.10324073;2024-10-09 06:50:00
202400022807.0;5;63;63113;2;1;1.0;3.0;45.78723;3.11072;2024-10-09 07:10:00
202400022808.0;5;62;62186;2;1;3.0;6.0;50.45607606;2.72114481;2024-10-09 19:15:00
202400022809.0;1;60;60057;2;9;2.0;6.0;49.44015;2.09599;2024-10-09 10:30:00
202400022810.0;5;59;59650;2;2;1.0;3.0;50.70343;3.21406;2024-10-08 22:00:00
202400022811.0;1;84;84035;2;1;1.0;3.0;43.85173;5.03412;2024-06-27 07:25:00
202400022812.0;1;84;84007;1;7;1.0;7.0;43.92397;4.78782;2024-06-24 15:35:00
202400022813.0;1;84;84007;2;1;1.0;6.0;43.95102;4.82602;2024-06-08 07:05:00
202400022814.0;1;83;83137;2;3;1.0;2.0;43.12464;5.93369;2024-06-27 10:50:00
202400022815.0;1;81;81163;2;1;1.0;6.0;43.47378;2.39183;2024-06-27 13:10:00
202400022816.0;1;81;81065;2;9;1.0;1.0;43.56743;2.26701;2024-06-27 15:35:00
202400022817.0;1;78;78208;2;1;1.0;6.0;48.782578;1.960252;2024-06-26 18:25:00
202400022818.0;1;78;78644;2;1;1.0;3.0;48.757498;1.956621;2024-06-26 16:40:00
202400022819.0;1;77;77373;2;1;1.0;3.0;48.79696;2.61359;2024-06-27 18:00:00
202400022820.0;1;77;77373;1;1;1.0;1.0;48.772159;2.609021;2024-06-27 16:44:00
202400022821.0;1;77;77083;2;2;1.0;1.0;48.85603875;2.58392308;2024-06-22 13:30:00
202400022822.0;1;77;77378;2;3;1.0;6.0;48.52827594;2.54897565;2024-06-27 12:55:00
202400022823.0;1;77;77122;2;1;1.0;2.0;48.664466;2.569529;2024-06-27 17:10:00
202400022824.0;1;77;77458;2;1;1.0;6.0;48.178264;2.733633;2024-06-27 07:45:00
202400022825.0;1;76;76498;2;1;1.0;4.0;49.4330452;1.06072247;2024-06-27 19:40:00
202400022826.0;1;76;76540;2;2;1.0;6.0;49.44645;1.07086;2024-06-27 18:40:00
202400022827.0;1;73;73065;2;6;1.0;1.0;45.57021;5.93524;2024-06-27 10:10:00
202400022828.0;1;73;73008;2;6;1.0;3.0;45.68552;5.906;2024-06-26 11:40:00
202400022829.0;1;71;71153;2;1;1.0;7.0;46.80692;4.43254;2024-06-26 13:35:00
202400022830.0;1;69;69266;2;2;1.0;6.0;45.76458;4.91907;2024-06-27 12:20:00
202400022831.0;1;69;69266;2;1;1.0;1.0;45.76720449;4.90599828;2024-06-26 17:35:00
202400022832.0;1;67;67218;2;1;1.0;3.0;48.53110254;7.7226913;2024-06-26 16:30:00
202400022833.0;1;67;67482;2;1;1.0;6.0;48.54646;7.76646;2024-06-26 17:05:00
202400022834.0;3;65;65100;1;1;2.0;3.0;43.24916455;0.03886931;2024-06-28 01:00:00
202400022835.0;1;64;64102;2;1;1.0;4.0;43.49812;-1.44857;2024-06-26 14:11:00
202400022836.0;1;62;62119;2;1;1.0;1.0;50.52359735;2.62770635;2024-06-27 19:15:00
202400022837.0;1;62;62126;2;1;1.0;6.0;50.52106;2.67909;2024-06-21 10:00:00
202400022838.0;1;59;59648;2;1;1.0;3.0;50.58908;3.04814;2024-06-27 09:20:00
202400022839.0;1;57;57751;2;1;1.0;3.0;49.1413;6.15262;2024-06-27 18:40:00
202400022840.0;1;56;56260;2;6;1.0;3.0;47.66265;-2.76226;2024-06-26 17:15:00
202400022841.0;1;56;56162;1;1;1.0;1.0;47.73151;-3.40658;2024-06-26 18:33:00
202400022842.0;1;54;54367;1;1;1.0;2.0;49.50223491;5.79322815;2024-06-26 17:29:00
202400022843.0;1;54;54280;2;3;1.0;3.0;49.22808;6.017836;2024-06-27 20:53:00
202400022844.0;4;51;51454;2;1;1.0;6.0;49.25570704;4.01505061;2024-06-27 02:40:00
202400022845.0;1;51;51454;2;2;1.0;3.0;49.27348;4.02403;2024-06-26 21:10:00
202400022846.0;1;45;45232;2;1;1.0;3.0;47.87044;1.90396;2024-06-27 17:35:00
202400022847.0;1;43;43251;1;1;1.0;7.0;45.02160938;3.84913937;2024-06-27 19:40:00
202400022848.0;1;37;37261;2;3;1.0;3.0;47.39076;0.67566;2024-06-27 12:50:00
202400022849.0;1;35;35238;2;2;1.0;3.0;48.0981;-1.6555;2024-06-27 12:40:00
202400022850.0;1;35;35238;2;1;1.0;3.0;48.12266921;-1.68611974;2024-06-27 12:50:00
202400022851.0;1;34;34172;2;1;1.0;3.0;43.61174;3.82632;2024-06-26 17:50:00
202400022852.0;1;34;34172;2;1;1.0;3.0;43.58266;3.88677;2024-06-26 11:30:00
202400022853.0;1;33;33167;2;6;1.0;3.0;44.84338;-0.50378;2024-06-27 17:45:00
202400022854.0;1;33;33281;2;1;1.0;6.0;44.8267;-0.664;2024-06-27 15:42:00
202400022855.0;4;28;28134;2;9;1.0;7.0;48.737749;1.34754;2024-06-26 21:35:00
202400022856.0;1;27;27681;2;1;1.0;1.0;49.0872;1.4799;2024-06-27 17:50:00
202400022857.0;1;26;26058;2;9;1.0;7.0;44.9608479;4.88587439;2024-06-27 20:00:00
202400022858.0;1;26;26198;1;1;1.0;2.0;44.53307;4.73583;2024-06-27 18:38:00
202400022859.0;1;25;25388;2;9;1.0;6.0;47.51925;6.78018;2024-06-26 14:20:00
202400022860.0;1;19;19272;2;1;1.0;6.0;45.2642;1.76327;2024-06-27 17:00:00
202400022861.0;1;15;15012;1;1;1.0;7.0;44.8911;2.46964;2024-06-26 12:15:00
202400022862.0;5;13;13043;2;1;1.0;3.0;43.38717;5.22341;2024-06-26 22:30:00
202400022863.0;1;13;13213;2;3;1.0;3.0;43.34362923;5.44606578;2024-06-27 19:30:00
202400022864.0;1;13;13047;2;3;1.0;3.0;43.50323;4.98002;2024-06-27 19:00:00
202400022865.0;1;11;11069;2;1;1.0;6.0;43.20855;2.36751;2024-06-26 16:50:00
202400022866.0;1;9;9225;1;6;1.0;2.0;43.144238;1.605423;2024-06-26 16:35:00
202400022867.0;5;6;6029;2;1;1.0;1.0;43.5517696;6.9608174;2024-06-27 02:30:00
202400022868.0;5;1;1053;2;3;1.0;2.0;46.20768;5.22538;2024-06-26 22:45:00
202400022869.0;1;75;75116;2;1;1.0;3.0;48.837187;2.255484;2024-06-27 20:00:00
202400022870.0;1;75;75113;2;1;1.0;3.0;48.825675;2.386589;2024-06-27 17:40:00
202400022871.0;1;75;75116;2;1;1.0;2.0;48.834928;2.262709;2024-06-27 09:30:00
202400022872.0;1;75;75112;2;1;1.0;4.0;48.830807;2.403154;2024-06-27 08:40:00
202400022873.0;1;75;75112;2;1;1.0;5.0;48.829525;2.401228;2024-06-26 14:10:00
202400022874.0;1;75;75114;2;3;8.0;6.0;48.82396;2.325768;2024-06-26 14:40:00
202400022875.0;5;75;75106;2;4;1.0;6.0;48.852963;2.342784;2024-06-27 22:10:00
202400022876.0;1;75;75105;2;1;1.0;6.0;48.850422;2.350862;2024-06-27 16:42:00
202400022877.0;5;29;29151;2;1;1.0;2.0;48.575474;-3.829433;2024-11-15 22:50:00
202400022878.0;1;75;75120;2;2;1.0;6.0;48.869684;2.38221;2024-06-27 17:10:00
202400022879.0;1;28;28220;2;1;1.0;6.0;48.41953;1.46491;2024-11-16 11:55:00
202400022880.0;1;75;75119;2;2;1.0;6.0;48.886112;2.383099;2024-06-27 13:30:00
202400022881.0;1;75;75118;2;7;1.0;6.0;48.895956;2.34597;2024-06-27 14:50:00
202400022882.0;5;25;25462;2;1;1.0;2.0;46.89722;6.36016;2024-11-15 18:57:00
202400022883.0;1;75;75117;2;7;1.0;3.0;48.887168;2.304893;2024-06-26 15:40:00
202400022884.0;1;19;19031;2;1;1.0;3.0;45.15928;1.53063;2024-11-15 17:10:00
202400022885.0;1;75;75116;2;3;1.0;3.0;48.851362;2.277126;2024-06-26 16:40:00
202400022886.0;1;17;17306;2;1;1.0;3.0;45.62428;-1.02829;2024-11-15 15:25:00
202400022887.0;2;75;75116;2;2;1.0;3.0;48.848088;2.258958;2024-06-26 21:50:00
202400022888.0;1;75;75115;2;2;1.0;6.0;48.841548;2.299147;2024-06-27 17:50:00
202400022889.0;1;75;75115;2;3;1.0;6.0;48.843169;2.304592;2024-06-27 15:00:00
202400022890.0;1;16;16166;2;1;1.0;6.0;45.666985;0.200135;2024-11-15 12:55:00
202400022891.0;5;15;15014;2;1;1.0;6.0;44.92451;2.44718;2024-11-15 17:40:00
202400022892.0;1;75;75114;2;9;1.0;2.0;48.822661;2.314746;2024-06-27 14:15:00
202400022893.0;3;13;13103;1;1;1.0;3.0;43.64017;4.98651;2024-11-15 23:45:00
202400022894.0;1;75;75112;2;1;1.0;6.0;48.84649;2.41502;2024-06-24 17:53:00
202400022895.0;5;13;13208;2;1;1.0;3.0;43.26834;5.387485;2024-11-16 20:10:00
202400022896.0;5;13;13210;2;1;1.0;1.0;43.2718;5.424;2024-11-16 18:30:00
202400022897.0;1;75;75111;2;2;1.0;2.0;48.850457;2.381456;2024-06-27 13:06:00
202400022898.0;5;13;13004;2;1;1.0;3.0;43.68767;4.635;2024-11-16 19:20:00
202400022899.0;5;10;10357;2;3;1.0;3.0;48.29688;4.13337;2024-11-16 20:50:00
202400022900.0;1;75;75110;2;7;1.0;6.0;48.868499;2.362927;2024-06-27 16:53:00
202400022901.0;5;10;10362;2;2;1.0;3.0;48.29263;4.04534;2024-11-15 17:20:00
202400022902.0;1;75;75110;2;2;1.0;6.0;48.88110511;2.36515447;2024-06-27 10:40:00
202400022903.0;1;6;6088;2;1;1.0;7.0;43.66636;7.21108;2024-11-16 15:36:00
202400022904.0;5;6;6069;2;1;1.0;3.0;43.65048;6.92208;2024-11-16 20:35:00
202400022905.0;5;6;6027;2;1;1.0;3.0;43.657211;7.14499;2024-11-16 19:10:00
202400022906.0;1;6;6123;2;1;1.0;1.0;43.68196;7.18952;2024-11-16 09:20:00
202400022907.0;1;6;6004;2;1;1.0;3.0;43.57715;7.11733;2024-11-16 12:50:00
202400022908.0;1;75;75108;2;4;1.0;3.0;48.86682;2.3014;2024-06-27 09:15:00
202400022909.0;5;75;75112;2;1;1.0;3.0;48.831934;2.405092;2024-11-16 19:30:00
202400022910.0;1;75;75108;2;3;1.0;6.0;48.874944;2.319937;2024-06-26 16:15:00
202400022911.0;5;75;75119;2;1;1.0;3.0;48.890069;2.396274;2024-11-15 20:52:00
202400022912.0;1;75;75104;2;3;1.0;1.0;48.853968;2.364865;2024-06-27 10:50:00
202400022913.0;1;75;75120;2;3;1.0;2.0;48.856305;2.410247;2024-11-15 15:02:00
202400022914.0;1;94;94081;2;1;1.0;6.0;48.79603034;2.39996499;2024-06-25 16:00:00
202400022915.0;5;75;75117;2;3;1.0;3.0;48.884615;2.317784;2024-11-16 21:00:00
202400022916.0;1;94;94078;2;9;1.0;6.0;48.74028;2.467;2024-06-27 08:20:00
202400022917.0;1;75;75116;2;3;1.0;3.0;48.853061;2.261816;2024-11-16 09:30:00
202400022918.0;1;94;94068;2;1;1.0;2.0;48.79535596;2.47672196;2024-06-26 18:35:00
202400022919.0;5;75;75113;2;3;1.0;3.0;48.83567;2.34856;2024-11-16 18:00:00
202400022920.0;1;94;94073;2;3;1.0;3.0;48.763847;2.368594;2024-06-27 09:50:00
202400022921.0;1;94;94017;2;1;1.0;1.0;48.8218;2.49872;2024-06-26 14:30:00
202400022922.0;1;75;75113;2;2;1.0;3.0;48.841896;2.367976;2024-11-16 11:54:00
202400022923.0;1;93;93070;2;3;1.0;6.0;48.909867;2.330198;2024-06-27 16:45:00
202400022924.0;5;75;75113;2;2;1.0;3.0;48.820215;2.35285;2024-11-16 02:05:00
202400022925.0;1;93;93039;2;1;1.0;2.0;48.933934;2.340882;2024-06-26 11:27:00
202400022926.0;1;75;75110;2;3;1.0;6.0;48.869488;2.369342;2024-11-16 13:56:00
202400022927.0;1;93;93051;2;2;1.0;3.0;48.8485;2.56543;2024-06-27 14:42:00
202400022928.0;5;94;94076;2;2;1.0;3.0;48.80108;2.36492;2024-11-16 18:15:00
202400022929.0;5;93;93049;2;1;1.0;6.0;48.85259;2.51265;2024-06-27 03:50:00
202400022930.0;1;94;94043;2;1;1.0;6.0;48.8057;2.350963;2024-11-16 13:25:00
202400022931.0;5;93;93046;2;1;1.0;7.0;48.913853;2.525338;2024-06-27 02:30:00
202400022932.0;1;94;94073;2;1;1.0;6.0;48.75248519;2.39901415;2024-11-16 12:00:00
202400022933.0;1;93;93005;2;9;1.0;6.0;48.95056972;2.4972412;2024-06-27 10:10:00
202400022934.0;5;94;94017;2;1;1.0;6.0;48.807315;2.525564;2024-11-15 23:30:00