Num_Acc;lum;departement;commune;agglomeration;intersection;meteo;type_collision;lat;long;date
202400022935.0;1;93;93001;2;1;1.0;2.0;48.916957;2.381898;2024-06-27 08:20:00
202400022936.0;1;94;94048;1;1;8.0;1.0;48.72706486;2.55357993;2024-11-16 13:07:00
202400022937.0;1;92;92063;1;1;1.0;1.0;48.8678053;2.17041707;2024-06-27 09:33:00
202400022938.0;1;92;92062;2;6;1.0;3.0;48.87464035;2.23449647;2024-11-16 16:50:00
202400022939.0;1;92;92062;2;5;1.0;6.0;48.88253172;2.23991203;2024-06-26 09:58:00
202400022940.0;1;92;92072;2;1;1.0;3.0;48.82171518;2.20468104;2024-11-16 14:05:00
202400022941.0;1;92;92025;2;1;1.0;6.0;48.92101881;2.23004115;2024-06-26 13:20:00
202400022942.0;1;92;92051;2;3;1.0;7.0;48.87589756;2.24786617;2024-11-16 09:30:00
202400022943.0;1;92;92004;2;3;1.0;3.0;48.9121;2.2848;2024-06-27 08:20:00
202400022944.0;5;92;92050;2;7;1.0;7.0;48.88714017;2.19993398;2024-11-03 21:00:00
202400022945.0;1;92;92002;2;1;1.0;3.0;48.74939573;2.30414701;2024-06-27 19:00:00
202400022946.0;3;92;92025;2;4;1.0;3.0;48.91504556;2.22847648;2024-11-15 23:20:00
202400022947.0;1;60;60152;1;1;1.0;7.0;49.372433;2.589115;2024-06-27 18:36:00
202400022948.0;2;34;34248;1;1;1.0;6.0;43.760704;3.907882;2024-06-28 06:45:00
202400022949.0;1;92;92023;2;1;1.0;6.0;48.80163523;2.27105632;2024-11-16 10:25:00
202400022950.0;5;92;92060;2;1;1.0;6.0;48.78070138;2.26327457;2024-11-15 21:40:00
202400022951.0;1;11;11203;2;3;7.0;3.0;43.198999;2.768126;2024-06-24 20:05:00
202400022952.0;3;40;40046;1;1;5.0;6.0;44.400502;-1.12869;2024-11-16 18:20:00
202400022953.0;3;26;26005;1;1;1.0;2.0;44.52616;4.796734;2024-06-27 21:15:00
202400022954.0;1;27;27022;2;3;1.0;1.0;49.171853;1.341909;2024-11-16 16:28:00
202400022955.0;1;38;38105;2;1;1.0;3.0;45.405098;5.564693;2024-06-27 17:10:00
202400022956.0;3;44;44195;1;1;1.0;7.0;47.371374;-1.925225;2024-06-28 00:40:00
202400022957.0;1;93;93027;1;1;1.0;2.0;48.93884239;2.41670558;2024-11-16 15:35:00
202400022958.0;1;15;15188;1;9;1.0;3.0;45.04843174;3.11448593;2024-06-28 07:20:00
202400022959.0;1;95;95641;1;1;1.0;3.0;49.07782892;2.55160616;2024-11-16 10:00:00
202400022960.0;1;95;95214;1;1;1.0;3.0;49.08560574;2.41559148;2024-06-28 08:00:00
202400022961.0;3;95;95572;1;1;1.0;6.0;49.030827;2.12237761;2024-11-15 21:20:00
202400022962.0;1;56;56175;1;3;1.0;3.0;47.71218;-2.926821;2024-06-28 11:20:00
202400022963.0;3;93;93010;1;9;1.0;5.0;48.90625339;2.47214056;2024-11-15 20:30:00
202400022964.0;1;59;59094;2;1;1.0;3.0;50.948123;2.192325;2024-06-27 12:25:00
202400022965.0;5;93;93064;1;1;1.0;2.0;48.8791675;2.47634149;2024-11-15 17:10:00
202400022966.0;1;93;93007;1;1;1.0;7.0;48.9422986;2.47831903;2024-11-15 11:20:00
202400022967.0;1;79;79066;1;1;1.0;1.0;46.471329;-0.401924;2024-06-28 14:10:00
202400022968.0;3;77;77514;1;1;1.0;6.0;48.93443456;2.62801014;2024-11-15 21:40:00
202400022969.0;1;2A;2A006;1;1;1.0;6.0;41.976601;8.780222;2024-06-27 20:00:00
202400022970.0;1;80;80296;2;1;1.0;7.0;50.022683;2.038447;2024-06-27 22:25:00
202400022971.0;1;69;69256;2;1;1.0;1.0;45.76986468;4.9144803;2024-06-26 14:20:00
202400022972.0;5;82;82089;1;1;1.0;6.0;44.11908933;0.83600575;2024-05-25 23:00:00
202400022973.0;1;974;97411;2;1;1.0;2.0;-20.89712;55.47681;2024-11-15 15:00:00
202400022974.0;1;71;71014;2;2;1.0;6.0;46.956791;4.303154;2024-06-28 17:38:00
202400022975.0;1;974;97411;2;1;1.0;6.0;-20.89986;55.476;2024-11-15 07:30:00
202400022976.0;1;63;63236;1;1;1.0;1.0;45.58587343;2.82190483;2024-06-27 09:30:00
202400022977.0;1;973;97302;2;2;1.0;3.0;4.93592;-52.32963;2024-11-15 17:48:00
202400022978.0;1;63;63031;2;1;1.0;7.0;45.441457;3.287423;2024-06-26 16:40:00
202400022979.0;1;42;42159;1;1;1.0;7.0;45.815924;3.731768;2024-06-26 08:45:00
202400022980.0;1;973;97302;2;6;1.0;3.0;4.92856;-52.32232;2024-11-15 16:00:00
202400022981.0;1;973;97302;2;1;1.0;2.0;4.91865;-52.31606;2024-11-15 13:35:00
202400022982.0;1;47;47271;1;2;1.0;3.0;44.647681;0.210189;2024-06-28 11:15:00
202400022983.0;1;39;39491;2;1;1.0;6.0;46.416134;5.808324;2024-06-26 15:42:00
202400022984.0;5;69;69383;2;2;1.0;1.0;45.7455858;4.87125925;2024-11-16 02:30:00
202400022985.0;1;25;25592;1;1;1.0;6.0;46.818113;6.246291;2024-06-27 13:30:00
202400022986.0;5;972;97209;2;1;1.0;3.0;14.61;-61.042;2024-11-15 19:30:00
202400022987.0;1;25;25238;1;1;3.0;7.0;47.286158;6.931858;2024-06-27 10:52:00
202400022988.0;1;25;25283;1;1;1.0;7.0;47.071656;5.932188;2024-06-25 18:35:00
202400022989.0;5;69;69389;2;2;1.0;3.0;45.78038688;4.80895782;2024-11-15 21:40:00
202400022990.0;1;25;25415;1;1;1.0;5.0;47.023319;6.298621;2024-06-28 10:22:00
202400022991.0;5;69;69389;2;1;1.0;3.0;45.77281;4.81025;2024-11-15 20:13:00
202400022992.0;1;2;2419;1;2;1.0;3.0;49.950792;3.776089;2024-06-28 11:28:00
202400022993.0;5;69;69034;2;1;1.0;1.0;45.79471;4.84525;2024-11-15 18:05:00
202400022994.0;5;69;69081;2;1;1.0;6.0;45.78631;4.77578;2024-11-15 18:00:00
202400022995.0;2;1;1319;1;2;1.0;3.0;46.060784;4.946857;2024-06-27 05:00:00
202400022996.0;1;69;69034;2;1;2.0;6.0;45.80492;4.85913;2024-11-15 10:42:00
202400022997.0;1;1;1195;2;1;1.0;6.0;46.211853;5.323007;2024-06-24 16:40:00
202400022998.0;3;971;97105;2;6;1.0;6.0;15.99874;-61.72079;2024-11-15 19:05:00
202400022999.0;1;66;66149;2;1;1.0;2.0;42.623042;2.436304;2024-06-28 19:05:00
202400023000.0;1;66;66074;1;1;1.0;5.0;42.636755;2.469826;2024-06-28 10:25:00
202400023001.0;1;2A;2A004;1;1;1.0;4.0;41.92884;8.80965;2024-11-15 08:28:00
202400023002.0;1;54;54435;1;1;1.0;7.0;48.97376651;5.96682072;2024-06-27 17:50:00
202400023003.0;5;91;91514;2;6;1.0;1.0;48.67689;2.53602;2024-11-15 04:50:00
202400023004.0;1;50;50078;1;2;8.0;3.0;49.254781;-1.638401;2024-06-27 19:00:00
202400023005.0;1;91;91589;2;1;1.0;3.0;48.68337;2.34462;2024-11-15 14:05:00
202400023006.0;1;50;50582;2;1;1.0;6.0;48.724629;-0.919649;2024-06-27 16:10:00
202400023007.0;3;91;91228;2;1;1.0;4.0;48.638;2.417;2024-11-15 19:50:00
202400023008.0;1;40;40129;1;1;1.0;1.0;43.654692;-1.247013;2024-06-27 19:55:00
202400023009.0;5;91;91228;2;9;1.0;3.0;48.62256;2.41663;2024-11-14 19:30:00
202400023010.0;1;4;4130;1;1;1.0;7.0;44.058078;5.816917;2024-06-27 09:40:00
202400023011.0;1;86;86194;2;1;1.0;6.0;46.576093;0.375684;2024-11-15 15:00:00
202400023012.0;1;85;85157;1;2;1.0;1.0;46.574177;-1.152057;2024-06-28 08:45:00
202400023013.0;1;86;86194;2;1;1.0;3.0;46.58592;0.3335;2024-11-15 12:40:00
202400023014.0;1;17;17347;1;8;1.0;2.0;45.960973;-0.51713;2024-06-27 14:00:00
202400023015.0;5;84;84080;2;1;3.0;7.0;44.03057;4.99998;2024-11-12 17:45:00
202400023016.0;1;24;24517;1;1;1.0;7.0;44.720103;1.003103;2024-06-24 16:50:00
202400023017.0;5;84;84007;2;3;1.0;1.0;43.9295;4.80475;2024-11-08 17:30:00
202400023018.0;1;3;3010;1;1;1.0;6.0;46.470091;2.54635;2024-06-27 17:00:00
202400023019.0;1;84;84007;2;2;1.0;3.0;43.94016;4.83365;2024-11-15 12:07:00
202400023020.0;1;83;83137;2;1;1.0;6.0;43.11222245;5.93406388;2024-11-15 10:52:00
202400023021.0;1;49;49110;1;1;1.0;5.0;47.56594309;-0.36490917;2024-06-27 17:15:00
202400023022.0;1;83;83069;2;1;1.0;6.0;43.10622;6.12839;2024-11-15 12:18:00
202400023023.0;1;42;42279;2;3;1.0;6.0;45.502704;4.261075;2024-06-27 19:20:00
202400023024.0;1;80;80021;2;3;1.0;3.0;49.871;2.303;2024-11-15 09:01:00
202400023025.0;1;6;6085;2;2;1.0;3.0;43.583698;7.009358;2024-06-26 11:35:00
202400023026.0;1;13;13032;1;1;7.0;2.0;43.587603;5.296612;2024-06-28 07:40:00
202400023027.0;5;78;78440;2;3;1.0;3.0;48.99221;1.902612;2024-11-16 00:57:00
202400023028.0;1;17;17213;1;1;1.0;2.0;46.065921;-0.534017;2024-06-27 15:30:00
202400023029.0;1;78;78440;2;3;1.0;6.0;48.993096;1.9158;2024-11-15 13:10:00
202400023030.0;1;973;97303;1;1;2.0;2.0;5.52661;-53.386452;2024-06-25 16:45:00
202400023031.0;5;78;78123;2;2;1.0;3.0;48.949531;2.038539;2024-11-12 18:10:00
202400023032.0;3;973;97312;1;1;1.0;3.0;5.348341;-52.937064;2024-06-26 19:20:00
202400023033.0;5;78;78498;2;1;1.0;7.0;48.92354;2.03868;2024-11-15 04:05:00
202400023034.0;3;971;97116;1;1;2.0;7.0;16.295689;-61.441888;2024-06-23 19:40:00
202400023035.0;3;77;77350;1;1;1.0;6.0;48.77166;2.70797;2024-11-15 20:00:00
202400023036.0;2;971;97117;2;3;1.0;3.0;16.325272;-61.350929;2024-06-28 05:40:00
202400023037.0;1;76;76351;2;1;1.0;3.0;49.48636;0.11503;2024-11-13 12:45:00
202400023038.0;5;77;77153;2;1;1.0;3.0;49.050414;2.670246;2024-06-27 23:00:00
202400023039.0;5;2A;2A247;2;1;1.0;6.0;41.58841;9.278018;2024-06-28 02:15:00
202400023040.0;5;72;72181;2;8;1.0;3.0;48.00605;0.19179;2024-11-14 19:55:00
202400023041.0;5;72;72181;2;9;1.0;3.0;48.00394;0.20273;2024-11-14 18:30:00
202400023042.0;1;2A;2A041;1;4;1.0;1.0;41.403515;9.168413;2024-06-28 15:50:00
202400023043.0;1;66;66145;1;1;1.0;7.0;42.646042;2.801353;2024-06-28 18:15:00
202400023044.0;1;72;72181;2;1;1.0;3.0;48.02513;0.18057;2024-11-14 12:30:00
202400023045.0;1;34;34145;1;2;1.0;3.0;43.668896;4.143434;2024-06-13 11:30:00
202400023046.0;1;64;64348;2;3;1.0;3.0;43.33819;-0.38002;2024-11-15 15:20:00
202400023047.0;3;8;8146;2;2;1.0;6.0;49.658204;4.33563;2024-03-08 21:15:00
202400023048.0;1;6;6157;2;1;1.0;6.0;43.726778;7.103949;2024-06-23 14:45:00
202400023049.0;1;64;64445;2;1;1.0;3.0;43.2968;-0.367;2024-11-15 13:20:00
202400023050.0;3;31;31117;1;1;1.0;5.0;43.666428;1.554909;2024-03-09 19:45:00
202400023051.0;1;13;13022;2;1;1.0;1.0;43.21712;5.543933;2024-06-28 13:30:00
202400023052.0;1;13;13041;1;1;1.0;2.0;43.448429;5.446354;2024-06-27 15:30:00
202400023053.0;1;33;33122;1;1;1.0;5.0;44.743388;-0.765588;2024-03-09 17:00:00
202400023054.0;1;64;64284;2;1;1.0;6.0;43.28872;-0.38876;2024-11-14 12:25:00
202400023055.0;3;60;60494;1;1;1.0;6.0;49.13158064;2.56043029;2024-03-09 00:00:00
202400023056.0;1;89;89388;1;1;1.0;3.0;47.9393;3.2435;2024-06-28 06:40:00
202400023057.0;3;63;63224;1;1;1.0;7.0;45.85797883;3.13564673;2024-11-14 06:00:00
202400023058.0;1;21;21292;2;3;1.0;3.0;47.234052;5.237613;2024-06-27 12:15:00
202400023059.0;1;62;62510;2;1;1.0;6.0;50.43712;2.78457;2024-11-06 12:30:00
202400023060.0;1;13;13103;1;1;1.0;2.0;43.627386;5.123738;2024-03-10 17:00:00
202400023061.0;1;987;98712;2;1;1.0;3.0;-17.279;-149.542;2024-03-08 10:15:00
202400023062.0;1;67;67246;2;1;1.0;1.0;48.336601;7.539175;2024-06-27 18:35:00
202400023063.0;1;59;59599;2;3;8.0;3.0;50.7298;3.1424;2024-11-15 15:45:00
202400023064.0;2;974;97420;1;9;1.0;6.0;-20.91585616;55.61735639;2024-03-10 07:55:00
202400023065.0;1;56;56036;1;1;1.0;2.0;47.78581;-3.3343;2024-11-15 16:15:00
202400023066.0;1;973;97311;2;1;1.0;3.0;5.439426;-54.037837;2024-03-09 10:45:00
202400023067.0;1;55;55351;1;3;1.0;5.0;49.522057;5.383676;2024-06-28 16:55:00
202400023068.0;3;971;97128;1;1;1.0;2.0;16.217884;-61.417311;2024-03-08 17:50:00
202400023069.0;5;56;56098;2;6;1.0;3.0;47.76613;-3.34429;2024-11-14 18:25:00
202400023070.0;1;55;55351;2;1;1.0;6.0;49.519475;5.366799;2024-06-27 16:30:00
202400023071.0;1;33;33199;2;6;2.0;3.0;44.627872;-1.110571;2024-03-10 08:45:00
202400023072.0;3;54;54528;2;7;1.0;6.0;48.67286;5.89406;2024-11-12 17:06:00
202400023073.0;1;13;13021;1;1;3.0;7.0;43.343992;5.16977;2024-03-09 18:15:00
202400023074.0;1;63;63213;1;1;2.0;1.0;45.84519483;3.27840954;2024-01-26 17:30:00
202400023075.0;1;54;54395;2;1;1.0;3.0;48.6878983;6.1797291;2024-11-15 12:50:00
202400023076.0;1;29;29234;1;1;1.0;6.0;47.85790608;-3.49038372;2024-03-10 09:30:00
202400023077.0;5;42;42022;2;5;1.0;3.0;45.52522;4.226244;2024-06-27 23:45:00
202400023078.0;1;54;54395;2;1;1.0;2.0;48.68236;6.18406;2024-11-15 13:50:00
202400023079.0;5;6;6143;1;1;3.0;1.0;43.946517;7.018583;2024-03-10 00:45:00
202400023080.0;1;1;1249;2;9;1.0;7.0;45.825323;4.942056;2024-04-27 16:05:00
202400023081.0;1;54;54159;2;2;2.0;3.0;48.61495;6.35273;2024-11-14 08:05:00
202400023082.0;1;13;13110;1;1;1.0;3.0;43.470588;5.667518;2024-03-10 16:56:00
202400023083.0;3;71;71232;1;1;3.0;7.0;46.433957;4.199567;2024-03-09 23:35:00
202400023084.0;1;69;69078;1;1;1.0;5.0;45.68644335;4.52451606;2024-06-28 12:00:00
202400023085.0;1;52;52045;2;9;1.0;6.0;48.65555;4.96748;2024-11-13 09:00:00
202400023086.0;1;81;81142;1;1;1.0;3.0;43.534347;2.083197;2024-06-27 18:45:00
202400023087.0;1;51;51454;2;1;1.0;4.0;49.285399;4.023064;2024-11-15 11:05:00
202400023088.0;1;33;33496;1;1;1.0;6.0;44.862118;-0.396694;2024-06-27 13:00:00
202400023089.0;1;69;69019;2;3;1.0;6.0;46.12553;4.736186;2024-03-10 14:00:00
202400023090.0;1;53;53082;1;2;1.0;3.0;47.969662;-0.875221;2024-06-28 10:15:00
202400023091.0;1;17;17058;2;1;1.0;6.0;45.850231;-1.142956;2024-03-10 10:31:00
202400023092.0;1;51;51454;1;1;1.0;3.0;49.23418;4.07871;2024-11-14 16:20:00
202400023093.0;3;27;27275;1;3;1.0;6.0;49.16519;1.368696;2024-03-10 00:30:00
202400023094.0;1;51;51454;2;1;1.0;2.0;49.2323349;4.03681263;2024-11-14 12:50:00
202400023095.0;1;14;14640;1;3;1.0;2.0;49.171685;-0.185613;2024-06-27 18:25:00
202400023096.0;1;51;51108;2;1;1.0;1.0;48.95461;4.35236;2024-11-15 12:00:00
202400023097.0;1;35;35015;1;3;1.0;1.0;48.154535;-1.176052;2024-06-28 16:15:00
202400023098.0;1;33;33063;1;1;1.0;4.0;44.8799;-0.53708;2024-03-09 11:07:00
202400023099.0;5;50;50647;2;1;1.0;7.0;48.84485;-1.55845;2024-11-13 18:45:00
202400023100.0;2;2;2697;1;1;1.0;3.0;49.588848;3.746675;2024-06-28 06:30:00
202400023101.0;5;50;50129;2;1;2.0;2.0;49.64315;-1.62497;2024-11-14 19:50:00
202400023102.0;1;91;91286;1;1;1.0;4.0;48.64806;2.38628;2024-03-09 11:51:00
202400023103.0;1;80;80561;1;1;1.0;7.0;49.650835;2.549429;2024-06-28 18:15:00
202400023104.0;3;91;91377;1;1;1.0;2.0;48.7237;2.2982;2024-03-09 03:58:00
202400023105.0;1;50;50129;2;2;1.0;3.0;49.63642;-1.585;2024-11-12 16:00:00
202400023106.0;1;62;62443;2;1;1.0;6.0;50.442145;2.643937;2024-06-28 11:55:00
202400023107.0;5;49;49267;2;1;1.0;2.0;47.48982;-0.50737;2024-11-15 23:40:00
202400023108.0;1;59;59482;2;1;1.0;3.0;50.705965;2.99007;2024-06-22 20:10:00
202400023109.0;1;92;92023;1;1;1.0;4.0;48.77692034;2.22492564;2024-03-08 16:25:00
202400023110.0;5;49;49267;1;2;1.0;2.0;47.47334;-0.46586;2024-11-15 23:00:00
202400023111.0;1;13;13117;1;1;1.0;2.0;43.43587996;5.25406413;2024-06-27 08:30:00
202400023112.0;1;95;95563;1;1;2.0;6.0;49.01153732;2.22514987;2024-03-09 15:00:00
202400023113.0;3;77;77121;1;1;2.0;6.0;48.840477;2.663979;2024-03-09 20:24:00
202400023114.0;5;44;44109;2;2;1.0;3.0;47.2532;-1.51518;2024-11-16 00:10:00
202400023115.0;1;13;13211;1;1;1.0;4.0;43.29413128;5.47032278;2024-06-26 10:20:00
202400023116.0;1;974;97411;2;1;1.0;5.0;-20.89059;55.4546;2024-03-08 09:30:00
202400023117.0;1;83;83137;1;1;1.0;4.0;43.12490445;5.90491697;2024-06-27 07:40:00
202400023118.0;1;43;43157;2;2;1.0;6.0;45.04287;3.88045;2024-11-15 13:55:00
202400023119.0;3;69;69072;1;1;1.0;6.0;45.83530836;4.74916243;2024-06-26 23:55:00
202400023120.0;5;973;97302;2;1;1.0;2.0;4.92657;-52.30458;2024-03-08 20:20:00
202400023121.0;3;973;97302;2;6;1.0;2.0;4.92494721;-52.32397288;2024-03-07 19:05:00
202400023122.0;3;42;42237;1;1;1.0;6.0;45.45782;4.46958;2024-11-15 18:50:00
202400023123.0;1;67;67482;1;1;1.0;4.0;48.5768;7.7269;2024-06-26 09:50:00
202400023124.0;1;69;69385;2;1;1.0;6.0;45.75420052;4.8131226;2024-03-06 15:50:00
202400023125.0;5;971;97120;2;9;1.0;4.0;16.22895;-61.53146;2024-03-07 23:00:00
202400023126.0;1;41;41018;2;1;1.0;2.0;47.58675;1.33059;2024-11-15 13:15:00
202400023127.0;1;94;94034;1;1;1.0;4.0;48.75895409;2.32434215;2024-06-27 18:30:00
202400023128.0;3;971;97113;2;3;1.0;3.0;16.20823913;-61.49996012;2024-03-06 22:00:00
202400023129.0;2;41;41018;2;1;1.0;1.0;47.59377;1.29826;2024-11-14 17:45:00
202400023130.0;1;95;95369;2;2;1.0;3.0;49.00062155;2.29492217;2024-03-08 11:20:00
202400023131.0;1;91;91312;1;1;1.0;5.0;48.73598;2.22919;2024-06-27 16:00:00
202400023132.0;3;91;91552;1;1;1.0;7.0;48.603759;2.248471;2024-03-09 01:00:00
202400023133.0;1;94;94034;1;1;1.0;2.0;48.75642;2.34146;2024-06-27 14:00:00
202400023134.0;1;88;88209;2;6;1.0;2.0;48.19751;6.41155;2024-03-07 16:15:00
202400023135.0;1;37;37261;2;1;1.0;4.0;47.37259;0.67824;2024-11-15 09:45:00
202400023136.0;1;37;37233;2;3;1.0;7.0;47.39714;0.74129;2024-11-15 08:05:00
202400023137.0;1;91;91553;1;1;1.0;4.0;48.63167;2.49617;2024-06-27 08:30:00
202400023138.0;5;84;84007;2;1;1.0;6.0;43.93529;4.85096;2024-03-09 00:25:00
202400023139.0;1;36;36044;2;3;1.0;3.0;46.815212;1.708328;2024-11-15 14:00:00
202400023140.0;1;83;83062;1;1;3.0;3.0;43.14633458;6.03443021;2024-03-08 12:25:00
202400023141.0;3;91;91161;1;1;1.0;4.0;48.69769051;2.31452912;2024-06-27 02:41:00
202400023142.0;1;80;80489;2;1;1.0;7.0;49.8693;2.36067;2024-03-07 17:30:00
202400023143.0;5;35;35238;2;3;1.0;3.0;48.10739;-1.67848;2024-11-15 21:05:00
202400023144.0;1;78;78238;1;1;1.0;6.0;48.970547;1.880915;2024-06-27 17:50:00
202400023145.0;1;80;80021;2;1;1.0;2.0;49.89361;2.30856;2024-03-07 16:05:00
202400023146.0;1;78;78640;1;1;1.0;3.0;48.78146;2.16812;2024-06-26 19:30:00
202400023147.0;1;78;78238;2;1;1.0;3.0;48.96789;1.8681;2024-03-08 08:00:00
202400023148.0;1;93;93013;1;1;1.0;2.0;48.94024886;2.42276942;2024-06-27 18:25:00
202400023149.0;1;77;77378;2;1;1.0;6.0;48.52064;2.56316;2024-03-08 17:26:00
202400023150.0;3;35;35238;1;1;1.0;2.0;48.125422;-1.715687;2024-11-15 19:10:00
202400023151.0;1;77;77487;2;1;1.0;6.0;48.53091;2.66909;2024-03-08 14:05:00
202400023152.0;1;93;93066;1;1;1.0;5.0;48.92985457;2.36307976;2024-06-27 15:50:00
202400023153.0;1;76;76305;1;1;1.0;6.0;49.46548;0.2004;2024-03-07 11:45:00
202400023154.0;1;35;35238;2;1;1.0;6.0;48.11353;-1.66124;2024-11-15 11:35:00
202400023155.0;1;92;92036;1;1;1.0;2.0;48.94355783;2.28738079;2024-06-27 09:30:00
202400023156.0;1;73;73065;1;1;2.0;5.0;45.58522;5.90774;2024-03-05 15:00:00
202400023157.0;3;95;95582;1;1;1.0;2.0;48.97632763;2.23681612;2024-06-27 02:35:00
202400023158.0;1;34;34172;2;1;1.0;3.0;43.58014;3.87986;2024-11-15 11:10:00
202400023159.0;1;71;71270;2;1;1.0;3.0;46.2828;4.80525;2024-03-08 11:25:00
202400023160.0;1;77;77058;1;1;1.0;4.0;48.83110253;2.68772746;2024-06-27 18:15:00
202400023161.0;1;34;34032;2;1;1.0;7.0;43.33747;3.217;2024-11-15 13:45:00
202400023162.0;1;69;69259;2;1;1.0;2.0;45.71972139;4.8749803;2024-03-08 15:10:00
202400023163.0;1;33;33063;2;1;1.0;6.0;44.84211;-0.56048;2024-11-15 12:35:00
202400023164.0;1;75;75112;2;1;1.0;1.0;48.818238;2.456264;2024-06-27 17:30:00
202400023165.0;1;69;69290;2;6;1.0;6.0;45.71361705;4.96789174;2024-03-07 17:50:00
202400023166.0;3;29;29019;2;1;1.0;6.0;48.396736;-4.464478;2024-11-14 07:45:00
202400023167.0;1;94;94018;1;1;1.0;3.0;48.82253799;2.39690691;2024-06-27 09:13:00
202400023168.0;5;67;67482;1;1;1.0;1.0;48.56133;7.80084;2024-03-09 21:30:00
202400023169.0;3;27;27229;2;1;1.0;1.0;49.00989;1.16724;2024-11-15 17:53:00
202400023170.0;1;67;67482;2;3;8.0;3.0;48.59246;7.70339;2024-03-07 07:10:00
202400023171.0;1;77;77258;1;1;1.0;4.0;48.8300629;2.62477805;2024-06-26 16:30:00
202400023172.0;1;27;27229;2;2;1.0;3.0;49.02309;1.17326;2024-11-15 16:43:00
202400023173.0;1;66;66136;2;5;1.0;3.0;42.70438632;2.89266586;2024-03-08 15:40:00
202400023174.0;1;82;82013;2;6;7.0;3.0;43.879776;0.990921;2024-04-03 08:20:00
202400023175.0;3;25;25204;1;3;1.0;3.0;46.943;6.34289;2024-11-15 17:38:00
202400023176.0;1;64;64140;1;1;1.0;5.0;43.52019604;-1.46425277;2024-03-07 18:55:00
202400023177.0;1;63;63113;2;1;1.0;6.0;45.78327;3.07919;2024-03-08 07:59:00
202400023178.0;1;25;25056;2;3;1.0;6.0;47.2484;6.00445;2024-11-15 10:50:00
202400023179.0;5;62;62510;2;2;1.0;1.0;50.4213;2.77875;2024-03-08 20:10:00
202400023180.0;2;14;14137;1;1;1.0;2.0;49.19393;-0.44422;2024-11-15 07:50:00
202400023181.0;1;60;60057;2;1;3.0;6.0;49.41664302;2.07714115;2024-03-05 17:50:00
202400023182.0;5;13;13206;2;3;1.0;3.0;43.29151;5.38495;2024-11-15 22:40:00
202400023183.0;1;59;59350;2;1;2.0;6.0;50.65103;2.98371;2024-03-02 13:20:00
202400023184.0;2;54;54184;2;6;1.0;7.0;48.707862;6.244152;2024-03-08 18:21:00
202400023185.0;3;54;54395;2;3;1.0;1.0;48.68352;6.18121;2024-03-07 20:45:00
202400023186.0;5;13;13203;2;3;1.0;3.0;43.3088;5.38062;2024-11-15 01:50:00
202400023187.0;5;54;54280;2;3;1.0;3.0;49.23062;6.01022;2024-03-08 18:30:00
202400023188.0;3;13;13047;2;6;1.0;1.0;43.50568;4.98449;2024-11-15 06:20:00
202400023189.0;1;51;51454;2;2;1.0;6.0;49.26719;4.02481;2024-03-08 17:00:00
202400023190.0;3;13;13047;1;1;1.0;1.0;43.58302;4.98578;2024-11-14 22:20:00
202400023191.0;1;50;50129;1;1;1.0;6.0;49.63377;-1.54884;2024-03-06 18:40:00
202400023192.0;5;13;13028;2;9;1.0;3.0;43.17455;5.59784;2024-11-15 18:45:00
202400023193.0;1;49;49007;2;1;1.0;3.0;47.45743;-0.55407;2024-03-07 12:24:00
202400023194.0;1;45;45147;2;1;1.0;6.0;47.93628;1.91174;2024-03-08 16:15:00
202400023195.0;2;11;11069;2;6;1.0;2.0;43.197546;2.357652;2024-11-14 07:20:00
202400023196.0;1;9;9225;2;1;1.0;7.0;43.1123;1.6126;2024-11-15 15:40:00
202400023197.0;5;44;44109;2;1;1.0;1.0;47.20713;-1.55353;2024-03-08 22:10:00
202400023198.0;4;6;6088;1;1;1.0;2.0;43.71866;7.18664;2024-11-15 22:40:00
202400023199.0;1;43;43041;2;9;8.0;2.0;45.05275;3.91309;2024-03-08 08:10:00
202400023200.0;5;36;36044;2;1;1.0;6.0;46.783;1.676;2024-03-08 03:36:00
202400023201.0;3;6;6088;1;1;1.0;6.0;43.754551;7.195664;2024-11-15 20:25:00
202400023202.0;5;75;75120;2;1;1.0;7.0;48.86913;2.395184;2024-11-15 21:20:00
202400023203.0;1;35;35238;1;1;2.0;3.0;48.1088;-1.71764;2024-03-08 17:30:00
202400023204.0;5;75;75110;2;7;1.0;3.0;48.883241;2.369253;2024-11-15 01:05:00
202400023205.0;1;35;35238;2;1;1.0;7.0;48.12929;-1.64448;2024-03-08 16:10:00
202400023206.0;1;34;34172;2;1;3.0;6.0;43.59575;3.8666;2024-03-08 11:50:00
202400023207.0;5;75;75117;2;2;7.0;3.0;48.894386;2.313626;2024-11-15 17:10:00
202400023208.0;5;33;33063;2;2;1.0;6.0;44.86617;-0.56131;2024-03-08 22:30:00
202400023209.0;1;30;30189;2;1;1.0;1.0;43.8394;4.3218;2024-02-23 18:13:00
202400023210.0;5;75;75116;2;1;1.0;3.0;48.874637;2.257109;2024-11-15 18:45:00
202400023211.0;5;30;30189;2;1;1.0;7.0;43.8441;4.3702;2024-03-02 20:50:00
202400023212.0;1;29;29019;2;3;1.0;3.0;48.401669;-4.47973;2024-03-08 11:30:00
202400023213.0;1;75;75116;2;2;1.0;3.0;48.845332;2.258608;2024-11-15 14:15:00
202400023214.0;5;27;27229;2;1;1.0;3.0;49.029184;1.149141;2024-03-07 23:54:00
202400023215.0;1;75;75116;2;7;1.0;3.0;48.872219;2.274348;2024-11-15 09:00:00
202400023216.0;3;26;26058;1;3;1.0;2.0;44.96700437;4.91048098;2024-03-08 04:35:00
202400023217.0;1;75;75115;2;3;1.0;1.0;48.842295;2.310555;2024-11-14 16:20:00
202400023218.0;3;17;17028;2;1;1.0;2.0;46.14328;-1.1235;2024-03-09 00:25:00