Num_Acc;lum;departement;commune;agglomeration;intersection;meteo;type_collision;lat;long;date
202400023219.0;5;75;75105;2;1;1.0;3.0;48.840363;2.337016;2024-11-15 18:30:00
202400023220.0;5;75;75113;2;2;1.0;6.0;48.822203;2.358513;2024-11-15 18:15:00
202400023221.0;2;15;15012;1;1;1.0;3.0;44.8429;2.4765;2024-02-17 19:12:00
202400023222.0;1;75;75113;2;1;1.0;3.0;48.83007;2.382471;2024-11-15 08:30:00
202400023223.0;1;14;14366;2;1;1.0;1.0;49.14717;0.2701;2024-03-08 10:10:00
202400023224.0;5;75;75114;2;3;1.0;3.0;48.820902;2.320551;2024-11-15 01:54:00
202400023225.0;5;13;13205;2;2;1.0;3.0;43.29096;5.39206;2024-03-08 00:56:00
202400023226.0;5;75;75113;2;2;1.0;6.0;48.82618;2.357394;2024-11-14 23:39:00
202400023227.0;1;13;13205;2;3;1.0;3.0;43.28937;5.39669;2024-03-07 10:10:00
202400023228.0;5;75;75110;2;4;1.0;3.0;48.878958;2.362348;2024-11-15 19:24:00
202400023229.0;1;13;13202;2;1;1.0;2.0;43.29710593;5.36319583;2024-03-06 16:20:00
202400023230.0;1;94;94080;2;1;1.0;6.0;48.84958;2.43531;2024-11-15 12:08:00
202400023231.0;5;6;6088;2;1;3.0;6.0;43.6827145;7.2013525;2024-03-08 19:45:00
202400023232.0;5;94;94052;2;7;1.0;6.0;48.835338;2.473833;2024-11-15 19:30:00
202400023233.0;1;3;3095;2;2;1.0;3.0;46.12887;3.43583;2024-03-07 08:00:00
202400023234.0;5;94;94046;2;2;1.0;3.0;48.8058;2.44082;2024-11-15 17:50:00
202400023235.0;1;75;75113;2;1;1.0;2.0;48.824838;2.384286;2024-03-07 07:50:00
202400023236.0;1;94;94028;2;1;8.0;6.0;48.79076;2.46303;2024-11-13 12:15:00
202400023237.0;5;75;75105;2;3;1.0;2.0;48.838878;2.339683;2024-03-08 19:30:00
202400023238.0;1;94;94073;2;3;1.0;3.0;48.75574693;2.40481576;2024-11-15 16:40:00
202400023239.0;1;94;94022;2;9;1.0;3.0;48.768778;2.420698;2024-11-15 14:00:00
202400023240.0;1;75;75106;2;7;7.0;6.0;48.843839;2.324267;2024-03-07 08:43:00
202400023241.0;1;75;75120;2;3;1.0;6.0;48.872214;2.384667;2024-03-08 09:35:00
202400023242.0;5;93;93059;2;1;1.0;3.0;48.9634;2.35968;2024-11-15 20:10:00
202400023243.0;5;75;75120;2;3;1.0;3.0;48.849079;2.411217;2024-03-08 03:00:00
202400023244.0;5;93;93007;2;3;1.0;3.0;48.94463;2.44822;2024-11-15 19:00:00
202400023245.0;5;93;93005;2;9;1.0;6.0;48.93242207;2.49919472;2024-11-15 19:15:00
202400023246.0;1;93;93005;2;1;1.0;6.0;48.95063295;2.49169879;2024-11-15 15:00:00
202400023247.0;1;75;75119;2;2;1.0;3.0;48.890702;2.37669;2024-03-08 14:30:00
202400023248.0;5;92;92064;2;1;1.0;6.0;48.84187182;2.20291436;2024-11-15 22:55:00
202400023249.0;1;92;92049;2;1;1.0;6.0;48.81730887;2.32778616;2024-11-15 08:00:00
202400023250.0;1;75;75118;2;3;1.0;6.0;48.88461;2.347194;2024-03-08 14:55:00
202400023251.0;1;92;92044;2;4;1.0;3.0;48.89829826;2.29431979;2024-11-15 12:00:00
202400023252.0;5;75;75117;2;3;1.0;3.0;48.877967;2.284858;2024-03-07 22:45:00
202400023253.0;1;92;92040;2;7;1.0;1.0;48.82523754;2.26770165;2024-11-15 08:50:00
202400023254.0;5;75;75117;2;2;1.0;1.0;48.886459;2.295768;2024-03-06 19:23:00
202400023255.0;1;34;34069;1;1;1.0;6.0;43.381148;3.121244;2024-11-16 08:30:00
202400023256.0;1;75;75116;2;4;1.0;2.0;48.867205;2.290274;2024-03-08 15:47:00
202400023257.0;1;38;38425;1;1;1.0;6.0;45.405802;4.763067;2024-11-13 13:10:00
202400023258.0;1;75;75116;2;7;1.0;2.0;48.864863;2.294288;2024-03-08 09:45:00
202400023259.0;5;83;83130;1;1;1.0;3.0;43.190472;6.036859;2024-11-15 17:50:00
202400023260.0;2;75;75114;2;7;1.0;7.0;48.834734;2.331266;2024-03-08 18:45:00
202400023261.0;2;974;97410;1;1;1.0;5.0;-21.031259;55.705029;2024-11-16 05:06:00
202400023262.0;1;75;75114;2;4;1.0;6.0;48.837526;2.323033;2024-03-08 12:25:00
202400023263.0;3;971;97109;1;1;1.0;6.0;15.998533;-61.676903;2024-11-15 17:50:00
202400023264.0;1;75;75114;2;3;1.0;3.0;48.829313;2.32268;2024-03-08 10:00:00
202400023265.0;1;83;83019;1;1;7.0;3.0;43.149423;6.317568;2024-11-15 08:20:00
202400023266.0;1;85;85109;2;1;1.0;6.0;46.8920713;-1.0123543;2024-11-13 14:00:00
202400023267.0;5;75;75111;2;3;1.0;3.0;48.848097;2.399091;2024-03-08 20:15:00
202400023268.0;1;23;23257;1;1;8.0;6.0;45.914168;2.03622;2024-11-11 10:20:00
202400023269.0;1;75;75111;2;2;1.0;6.0;48.85873;2.378597;2024-03-08 07:55:00
202400023270.0;1;62;62297;2;1;1.0;7.0;50.82678844;2.1399379;2024-11-15 08:15:00
202400023271.0;1;75;75108;2;1;1.0;3.0;48.869278;2.301072;2024-03-08 16:50:00
202400023272.0;3;57;57374;1;9;2.0;6.0;48.607972;7.019298;2024-11-11 19:15:00
202400023273.0;3;51;51303;1;1;1.0;1.0;49.00051518;4.1786205;2024-11-15 18:05:00
202400023274.0;1;75;75108;2;2;1.0;3.0;48.870534;2.305327;2024-03-08 13:55:00
202400023275.0;5;19;19123;2;1;1.0;1.0;45.194617;1.619099;2024-11-11 18:00:00
202400023276.0;1;75;75107;2;2;1.0;3.0;48.862601;2.310413;2024-03-08 12:19:00
202400023277.0;1;75;75101;2;3;1.0;2.0;48.862403;2.340308;2024-03-08 13:00:00
202400023278.0;1;75;75101;2;2;1.0;6.0;48.860568;2.349375;2024-03-07 14:00:00
202400023279.0;2;65;65460;1;1;8.0;5.0;43.390244;0.066079;2024-11-10 17:50:00
202400023280.0;5;94;94041;2;1;1.0;6.0;48.80824879;2.37567464;2024-03-08 20:15:00
202400023281.0;1;94;94044;2;1;1.0;6.0;48.74877685;2.49916334;2024-03-08 07:50:00
202400023282.0;1;61;61214;2;1;1.0;2.0;48.764559;0.621784;2024-11-15 16:35:00
202400023283.0;1;94;94068;2;1;1.0;3.0;48.79728;2.504506;2024-03-08 19:40:00
202400023284.0;1;94;94068;2;2;1.0;2.0;48.807264;2.475102;2024-03-07 14:15:00
202400023285.0;3;49;49248;1;1;1.0;5.0;47.744258;-1.219053;2024-11-15 19:00:00
202400023286.0;3;44;44096;1;1;5.0;6.0;47.418222;-1.288147;2024-11-16 05:30:00
202400023287.0;1;2;2822;1;1;1.0;7.0;49.330884;3.100548;2024-11-16 16:05:00
202400023288.0;1;94;94068;2;2;1.0;1.0;48.797853;2.498413;2024-03-06 17:15:00
202400023289.0;5;94;94028;2;9;1.0;6.0;48.77261;2.43348;2024-03-07 22:00:00
202400023290.0;3;84;84041;1;1;1.0;6.0;44.103982;5.156772;2024-11-16 03:15:00
202400023291.0;1;93;93066;2;2;1.0;6.0;48.939112;2.369403;2024-03-08 07:10:00
202400023292.0;1;72;72094;2;1;1.0;6.0;47.992283;0.624073;2024-11-16 11:15:00
202400023293.0;1;93;93051;2;1;1.0;2.0;48.84193;2.58076;2024-03-08 13:50:00
202400023294.0;1;93;93050;2;1;1.0;6.0;48.857963;2.524821;2024-03-08 07:45:00
202400023295.0;1;83;83028;1;6;1.0;3.0;43.572921;6.561424;2024-10-22 17:30:00
202400023296.0;2;93;93014;2;1;1.0;6.0;48.90745765;2.53476262;2024-03-08 06:36:00
202400023297.0;3;60;60622;1;1;1.0;7.0;49.676647;2.010584;2024-11-16 04:00:00
202400023298.0;1;7;7005;1;1;8.0;5.0;44.541618;4.614805;2024-11-16 12:40:00
202400023299.0;1;93;93001;2;9;1.0;3.0;48.910879;2.382139;2024-03-08 12:50:00
202400023300.0;1;4;4217;1;1;1.0;6.0;44.145639;6.143954;2024-11-15 09:40:00
202400023301.0;5;92;92046;2;9;1.0;7.0;48.81865041;2.30915308;2024-03-08 19:30:00
202400023302.0;3;85;85292;1;1;1.0;1.0;46.61639;-0.88;2024-11-13 18:25:00
202400023303.0;5;92;92073;2;1;1.0;3.0;48.88064949;2.2284658;2024-03-07 23:30:00
202400023304.0;1;92;92051;2;1;1.0;3.0;48.88455879;2.26185948;2024-03-08 18:20:00
202400023305.0;2;48;48128;1;1;5.0;3.0;44.744097;3.340895;2024-11-15 07:15:00
202400023306.0;1;68;68375;2;6;1.0;3.0;47.815312;7.241865;2024-11-15 15:45:00
202400023307.0;5;92;92050;2;3;1.0;1.0;48.89603804;2.2234152;2024-03-08 19:20:00
202400023308.0;3;988;98805;2;6;2.0;6.0;-22.208882;166.474484;2024-11-17 03:00:00
202400023309.0;2;92;92044;2;1;1.0;6.0;48.89495;2.2942;2024-03-02 19:55:00
202400023310.0;1;6;6088;1;1;1.0;3.0;43.728522;7.260042;2024-11-16 12:40:00
202400023311.0;1;92;92035;2;2;1.0;3.0;48.90581796;2.23598984;2024-03-08 12:25:00
202400023312.0;1;95;95529;2;1;1.0;7.0;49.167718;2.231346;2024-03-08 14:50:00
202400023313.0;1;62;62718;1;1;1.0;2.0;50.312858;2.904051;2024-11-16 14:15:00
202400023314.0;5;68;68005;2;1;1.0;7.0;48.12860528;7.28196505;2024-03-08 23:35:00
202400023315.0;5;987;98712;2;1;1.0;7.0;-17.524337;-149.517873;2024-11-14 22:45:00
202400023316.0;3;972;97227;1;1;1.0;7.0;14.466098;-60.938888;2024-03-09 03:15:00
202400023317.0;3;988;98808;1;3;1.0;6.0;-21.285152;165.644148;2024-11-15 09:00:00
202400023318.0;1;972;97228;1;9;1.0;3.0;14.755322;-61.03336;2024-11-15 15:10:00
202400023319.0;1;57;57465;1;1;1.0;4.0;49.31583732;6.30220556;2024-03-08 15:10:00
202400023320.0;1;56;56021;1;9;1.0;3.0;47.788219;-3.181813;2024-02-24 17:10:00
202400023321.0;1;2A;2A040;1;1;5.0;1.0;42.097872;9.104362;2024-03-01 14:15:00
202400023322.0;1;65;65395;1;1;1.0;1.0;43.103866;-0.142436;2024-03-09 15:30:00
202400023323.0;3;32;32106;2;1;1.0;6.0;43.723401;0.971091;2024-03-09 01:20:00
202400023324.0;5;63;63430;2;1;1.0;6.0;45.844915;3.521574;2024-03-08 19:20:00
202400023325.0;1;61;61007;1;2;1.0;3.0;48.75004;-0.42392;2024-03-07 18:25:00
202400023326.0;3;55;55445;1;1;1.0;7.0;49.39967577;5.62330024;2024-03-09 00:05:00
202400023327.0;1;49;49218;1;1;8.0;1.0;47.275702;-1.133877;2024-03-07 16:35:00
202400023328.0;3;39;39462;1;1;1.0;2.0;47.117891;5.541615;2024-03-07 20:05:00
202400023329.0;1;25;25261;1;1;1.0;7.0;47.301848;6.686305;2024-03-08 16:00:00
202400023330.0;2;25;25193;1;1;1.0;6.0;47.218286;6.859932;2024-03-09 06:45:00
202400023331.0;3;25;25147;1;1;1.0;1.0;47.206676;5.897142;2024-03-09 06:00:00
202400023332.0;2;2;2410;1;1;1.0;6.0;49.24930624;3.04962914;2024-03-04 05:45:00
202400023333.0;1;1;1412;1;2;8.0;3.0;46.165707;4.963178;2024-03-08 14:15:00
202400023334.0;4;45;45282;2;1;1.0;6.0;47.855974;1.847693;2024-03-08 22:40:00
202400023335.0;1;36;36031;1;1;2.0;7.0;46.85311782;1.40163903;2024-03-06 08:45:00
202400023336.0;2;16;16353;1;1;2.0;7.0;45.688255;0.441599;2024-03-08 18:50:00
202400023337.0;3;17;17105;1;1;2.0;1.0;45.969855;-0.123017;2024-03-08 20:00:00
202400023338.0;1;17;17434;1;1;2.0;2.0;46.108068;-0.777336;2024-03-08 09:35:00
202400023339.0;1;68;68252;1;1;1.0;2.0;48.147692;7.369037;2024-03-07 11:40:00
202400023340.0;1;77;77164;1;1;1.0;6.0;48.442213;2.907107;2024-03-08 16:40:00
202400023341.0;1;976;97617;1;1;1.0;3.0;-12.788387;45.156341;2024-03-08 08:00:00
202400023342.0;1;62;62718;1;1;1.0;6.0;50.30055671;2.88798155;2024-03-08 16:15:00
202400023343.0;3;973;97311;1;1;1.0;2.0;5.263102;-54.248428;2024-03-08 19:30:00
202400023344.0;5;971;97117;1;1;1.0;1.0;16.307325;-61.399954;2024-03-07 19:30:00
202400023345.0;1;978;97801;1;1;1.0;3.0;18.054713;-63.085749;2024-03-09 16:15:00
202400023346.0;3;95;95241;1;1;1.0;3.0;49.04034619;2.446111;2024-03-08 22:00:00
202400023347.0;1;83;83066;1;1;3.0;6.0;43.65654542;5.84700511;2024-03-09 16:29:00
202400023348.0;5;52;52269;2;6;1.0;6.0;47.85811182;5.33236085;2024-03-08 18:40:00
202400023349.0;3;38;38064;1;1;2.0;6.0;45.566989;5.38123;2024-03-08 20:20:00
202400023350.0;1;1;1249;2;1;1.0;2.0;45.826642;4.956695;2024-03-08 13:10:00
202400023351.0;1;69;69148;1;1;1.0;1.0;45.6606437;4.69359943;2024-03-06 17:15:00
202400023352.0;2;76;76503;1;2;1.0;3.0;49.540075;1.00909;2024-03-08 18:45:00
202400023353.0;3;60;60446;1;1;2.0;1.0;49.147889;2.819409;2024-03-09 19:45:00
202400023354.0;1;59;59400;2;1;1.0;3.0;50.643297;2.643695;2024-03-08 16:45:00
202400023355.0;1;27;27681;2;1;1.0;1.0;49.08393;1.47811;2024-12-20 08:20:00
202400023356.0;5;13;13005;1;1;1.0;2.0;43.28664642;5.53629823;2024-03-07 18:25:00
202400023357.0;1;27;27229;2;1;2.0;3.0;49.0174;1.124;2024-12-19 14:10:00
202400023358.0;1;13;13071;1;1;1.0;2.0;43.40439894;5.31594824;2024-03-07 16:15:00
202400023359.0;3;33;33003;1;1;1.0;6.0;44.92605;-0.4718;2024-03-08 21:23:00
202400023360.0;2;33;33013;1;1;2.0;4.0;44.86871;-0.49941;2024-03-08 19:25:00
202400023361.0;4;22;22113;1;1;2.0;6.0;48.72422;-3.43101;2024-12-20 03:50:00
202400023362.0;1;33;33550;1;1;2.0;5.0;44.78442;-0.59073;2024-03-08 08:41:00
202400023363.0;1;16;16015;2;1;1.0;6.0;45.65109;0.11654;2024-12-20 17:40:00
202400023364.0;3;33;33075;1;1;1.0;2.0;44.888592;-0.591675;2024-03-07 19:25:00
202400023365.0;5;13;13039;2;1;1.0;3.0;43.43309;4.94782;2024-12-20 23:15:00
202400023366.0;3;91;91553;1;1;1.0;2.0;48.63023;2.48495;2024-03-08 21:40:00
202400023367.0;5;13;13209;2;1;1.0;6.0;43.23721;5.40915;2024-12-20 20:25:00
202400023368.0;3;94;94043;1;1;1.0;2.0;48.80839441;2.34798035;2024-03-08 20:15:00
202400023369.0;3;91;91339;1;1;1.0;6.0;48.62911;2.25529;2024-03-08 06:30:00
202400023370.0;1;13;13203;2;3;1.0;3.0;43.31398;5.38485;2024-12-20 15:15:00
202400023371.0;3;92;92060;1;1;1.0;6.0;48.77432972;2.24097374;2024-03-08 00:55:00
202400023372.0;1;13;13209;2;1;6.0;6.0;43.2468;5.40775;2024-12-20 11:30:00
202400023373.0;2;92;92036;1;1;1.0;5.0;48.93897886;2.30243999;2024-03-08 18:30:00
202400023374.0;1;92;92025;1;1;1.0;2.0;48.93248487;2.24849163;2024-03-08 08:35:00
202400023375.0;5;13;13201;2;2;6.0;3.0;43.3056;5.38;2024-12-20 07:05:00
202400023376.0;3;91;91064;1;1;1.0;2.0;48.74423255;2.19101876;2024-03-07 22:45:00
202400023377.0;5;13;13204;2;1;6.0;3.0;43.31186;5.40391;2024-12-19 23:40:00
202400023378.0;1;78;78646;1;1;1.0;2.0;48.790586;2.070937;2024-03-07 10:08:00
202400023379.0;2;10;10387;2;1;2.0;3.0;48.29373;4.069;2024-12-19 16:30:00
202400023380.0;2;92;92050;1;1;1.0;2.0;48.8943769;2.19077487;2024-03-07 07:53:00
202400023381.0;5;10;10081;2;3;2.0;3.0;48.31475;4.04311;2024-12-19 07:29:00
202400023382.0;1;93;93008;1;1;1.0;2.0;48.91273457;2.43680722;2024-03-08 09:05:00
202400023383.0;3;77;77018;1;1;1.0;2.0;48.835812;2.808195;2024-03-08 19:10:00
202400023384.0;1;6;6029;2;9;1.0;6.0;43.5527717;7.0280946;2024-12-20 12:47:00
202400023385.0;1;974;97409;1;1;8.0;6.0;-20.94343;55.64885;2024-03-06 13:10:00
202400023386.0;2;6;6123;2;1;1.0;3.0;43.6594058;7.1919983;2024-12-20 07:50:00
202400023387.0;1;3;3185;2;2;1.0;3.0;46.342185;2.589232;2024-12-20 12:55:00
202400023388.0;1;973;97302;2;1;1.0;3.0;4.90982;-52.32156;2024-03-07 16:20:00
202400023389.0;1;973;97302;2;6;1.0;6.0;4.93330079;-52.30968475;2024-03-07 06:25:00
202400023390.0;5;75;75105;2;3;1.0;6.0;48.85335;2.34395;2024-12-20 17:25:00
202400023391.0;1;69;69386;2;3;1.0;6.0;45.76724;4.86182;2024-03-07 16:50:00
202400023392.0;2;75;75105;2;3;1.0;3.0;48.851081;2.351277;2024-12-20 17:25:00
202400023393.0;5;69;69389;2;3;1.0;3.0;45.76569;4.8039;2024-03-07 19:35:00
202400023394.0;5;75;75116;2;1;1.0;1.0;48.871714;2.280167;2024-12-20 05:50:00
202400023395.0;1;69;69389;2;3;1.0;3.0;45.78887;4.8077;2024-03-07 08:45:00
202400023396.0;4;75;75114;2;2;8.0;3.0;48.824883;2.318391;2024-12-19 07:32:00
202400023397.0;5;2B;2B033;2;9;1.0;6.0;42.68557;9.44635;2024-03-07 19:21:00
202400023398.0;5;971;97113;1;1;1.0;1.0;16.21768;-61.4944;2024-02-18 22:50:00
202400023399.0;1;75;75106;2;3;1.0;6.0;48.849483;2.332673;2024-12-20 11:48:00
202400023400.0;1;2A;2A004;1;3;1.0;3.0;41.9371;8.80369;2024-03-07 15:50:00
202400023401.0;1;75;75111;2;3;1.0;6.0;48.857913;2.38103;2024-12-20 12:20:00
202400023402.0;1;2A;2A004;2;1;1.0;6.0;41.9212;8.73724;2024-03-07 14:20:00
202400023403.0;5;75;75117;2;1;1.0;2.0;48.88815;2.304436;2024-12-20 07:30:00
202400023404.0;1;95;95277;2;1;1.0;2.0;49.00083301;2.4647185;2024-03-06 17:15:00
202400023405.0;1;75;75102;2;3;1.0;3.0;48.86816;2.343626;2024-12-20 10:00:00
202400023406.0;5;95;95252;2;1;1.0;6.0;48.9827098;2.23111468;2024-03-07 20:04:00
202400023407.0;2;94;94081;2;1;5.0;6.0;48.77591863;2.40168066;2024-12-20 05:00:00
202400023408.0;1;95;95598;2;1;1.0;4.0;48.98636294;2.29664109;2024-03-07 16:30:00
202400023409.0;1;94;94080;2;2;1.0;3.0;48.848575;2.432483;2024-12-20 12:20:00
202400023410.0;1;91;91103;2;1;1.0;3.0;48.60461;2.32255;2024-03-07 11:00:00
202400023411.0;2;94;94068;2;7;1.0;6.0;48.80542;2.50074;2024-12-19 16:40:00
202400023412.0;5;91;91161;2;9;1.0;3.0;48.71251;2.29798;2024-03-07 22:10:00
202400023413.0;5;94;94028;2;4;1.0;3.0;48.78373151;2.4424957;2024-12-19 21:58:00
202400023414.0;1;91;91027;2;1;1.0;1.0;48.70588;2.36876;2024-03-07 12:50:00
202400023415.0;2;94;94073;2;2;1.0;2.0;48.75808;2.40416;2024-12-20 09:20:00
202400023416.0;1;91;91027;2;1;1.0;6.0;48.70872;2.38059;2024-03-07 12:00:00
202400023417.0;1;94;94018;2;3;4.0;3.0;48.8204;2.41218;2024-12-19 15:12:00
202400023418.0;5;91;91027;2;1;2.0;4.0;48.69596;2.39277;2024-02-18 19:15:00
202400023419.0;1;93;93073;2;2;1.0;3.0;48.9605421;2.56464689;2024-12-20 15:00:00
202400023420.0;1;90;90010;2;1;1.0;6.0;47.636924;6.859431;2024-03-07 11:00:00
202400023421.0;3;93;93055;2;2;2.0;3.0;48.88914207;2.41010139;2024-12-20 20:15:00
202400023422.0;1;85;85191;2;5;1.0;3.0;46.6841;-1.4301;2024-03-07 09:00:00
202400023423.0;5;93;93048;2;1;1.0;1.0;48.85338;2.44852;2024-12-19 23:50:00
202400023424.0;2;93;93063;2;1;1.0;6.0;48.88214;2.43207;2024-12-20 08:45:00
202400023425.0;1;93;93029;2;9;1.0;3.0;48.92456355;2.44258606;2024-12-20 09:45:00
202400023426.0;5;84;84007;2;1;1.0;4.0;43.9297;4.82115;2024-02-26 21:51:00
202400023427.0;1;93;93047;2;2;1.0;2.0;48.88999759;2.55402017;2024-12-20 09:10:00
202400023428.0;5;92;92063;2;1;1.0;2.0;48.87083455;2.18403096;2024-12-20 19:30:00
202400023429.0;1;92;92063;2;2;8.0;3.0;48.88758939;2.18533605;2024-12-20 11:45:00
202400023430.0;1;92;92063;2;9;1.0;6.0;48.87908989;2.18115753;2024-12-20 11:26:00
202400023431.0;2;92;92063;2;3;1.0;6.0;48.89060728;2.17638016;2024-12-20 08:25:00
202400023432.0;1;92;92062;2;9;1.0;2.0;48.87986;2.24436;2024-12-20 10:20:00
202400023433.0;3;92;92048;2;1;2.0;6.0;48.78569175;2.21933931;2024-12-16 07:40:00
202400023434.0;1;92;92025;2;1;1.0;6.0;48.91404156;2.22977512;2024-12-20 13:50:00
202400023435.0;2;92;92007;2;1;1.0;2.0;48.79512207;2.30843291;2024-12-20 19:40:00
202400023436.0;1;92;92007;2;1;1.0;3.0;48.79608606;2.32170001;2024-12-20 12:35:00
202400023437.0;1;11;11059;1;1;8.0;7.0;43.170577;2.116424;2024-12-19 09:11:00
202400023438.0;2;80;80016;2;1;1.0;6.0;50.003067;2.652463;2024-12-20 09:15:00
202400023439.0;1;81;81271;2;2;1.0;3.0;43.770036;1.68255;2024-12-20 13:30:00
202400023440.0;1;87;87178;1;1;1.0;6.0;45.881166;1.379213;2024-12-21 15:20:00
202400023441.0;3;73;73085;2;3;1.0;1.0;45.801027;5.857306;2024-12-20 17:30:00
202400023442.0;1;40;40065;2;2;1.0;3.0;43.642722;-1.42333;2024-12-20 12:40:00
202400023443.0;5;6;6161;2;6;1.0;6.0;43.638028;7.133496;2024-12-21 19:25:00
202400023444.0;3;972;97221;1;1;2.0;6.0;14.521515;-60.983369;2024-12-20 22:30:00
202400023445.0;2;57;57731;1;1;3.0;1.0;49.439103;6.085256;2024-12-21 07:45:00
202400023446.0;1;57;57195;1;1;1.0;7.0;49.103067;7.330778;2024-12-18 10:30:00
202400023447.0;3;51;51118;1;4;1.0;2.0;49.273657;3.9448;2024-12-20 17:45:00
202400023448.0;1;51;51281;2;3;8.0;1.0;48.978108;3.955722;2024-12-21 09:55:00
202400023449.0;5;56;56165;2;9;1.0;1.0;47.927533;-2.377719;2024-12-20 18:30:00
202400023450.0;3;76;76128;1;1;2.0;5.0;49.78019;0.686506;2024-12-20 19:50:00
202400023451.0;5;76;76377;2;6;2.0;6.0;49.49157783;1.14455572;2024-12-20 18:30:00
202400023452.0;5;76;76517;1;3;1.0;3.0;49.517384;1.176629;2024-12-18 17:20:00
202400023453.0;3;79;79079;1;1;1.0;3.0;46.969718;-0.898658;2024-12-16 17:08:00
202400023454.0;1;82;82117;2;1;7.0;6.0;44.33681537;1.01856261;2024-12-20 14:00:00
202400023455.0;1;11;11401;2;1;1.0;6.0;42.888527;2.714041;2024-12-20 16:20:00
202400023456.0;1;63;63172;1;1;8.0;1.0;45.57416852;3.06366171;2024-12-20 07:35:00
202400023457.0;5;63;63178;2;1;1.0;2.0;45.54189888;3.25898443;2024-12-20 18:30:00
202400023458.0;1;55;55500;1;1;1.0;7.0;49.345304;5.715044;2024-12-21 11:00:00
202400023459.0;2;46;46208;1;1;2.0;6.0;44.871264;1.625848;2024-12-08 16:30:00
202400023460.0;1;46;46046;1;1;1.0;3.0;44.517631;1.386112;2024-12-20 09:00:00
202400023461.0;3;47;47252;1;1;1.0;2.0;44.429532;0.608223;2024-12-20 18:50:00
202400023462.0;1;29;29189;2;6;8.0;5.0;48.38338059;-4.34966326;2024-12-20 08:55:00
202400023463.0;3;25;25519;1;1;1.0;1.0;47.325451;6.805708;2024-12-21 00:47:00
202400023464.0;5;44;44036;2;6;2.0;7.0;47.706123;-1.383891;2024-11-25 18:40:00
202400023465.0;3;29;29037;1;1;9.0;6.0;47.89171734;-4.20426541;2024-12-21 07:00:00
202400023466.0;3;38;38517;1;1;1.0;5.0;45.298053;5.477945;2024-12-20 20:30:00
202400023467.0;1;2;2141;1;1;2.0;3.0;49.983482;3.888962;2024-12-14 11:10:00
202400023468.0;2;58;58296;1;1;1.0;1.0;46.6914253;3.21501576;2024-12-20 08:00:00
202400023469.0;1;72;72228;1;1;1.0;1.0;47.8380129;-0.21132459;2024-12-20 15:20:00
202400023470.0;5;6;6105;2;1;1.0;4.0;43.671143;7.038615;2024-12-20 18:30:00
202400023471.0;3;73;73300;1;6;1.0;6.0;45.667378;5.89512;2024-12-21 03:15:00
202400023472.0;4;53;53087;1;1;2.0;3.0;47.952475;-0.5011;2024-12-20 23:00:00
202400023473.0;3;24;24180;1;1;5.0;6.0;45.585156;0.925764;2024-12-21 03:00:00
202400023474.0;5;27;27226;2;3;2.0;6.0;49.304524;1.622972;2024-12-16 17:50:00
202400023475.0;1;17;17048;1;1;1.0;7.0;45.8741;-0.377832;2024-12-20 16:15:00
202400023476.0;1;48;48132;1;1;8.0;1.0;44.812672;3.431709;2024-12-21 12:50:00
202400023477.0;1;48;48002;1;1;8.0;6.0;44.87162;3.260842;2024-12-20 15:21:00
202400023478.0;5;987;98752;2;9;1.0;1.0;-17.722;-149.399;2024-12-21 02:00:00
202400023479.0;3;77;77195;1;1;2.0;2.0;48.5797745;2.7403258;2024-12-21 01:00:00
202400023480.0;3;63;63113;1;1;8.0;2.0;45.80545871;3.14574271;2024-12-20 17:10:00
202400023481.0;3;13;13069;1;1;1.0;3.0;43.610943;5.176749;2024-12-20 20:30:00
202400023482.0;1;1;1451;1;1;8.0;2.0;46.22978742;5.28485298;2024-12-09 14:30:00
202400023483.0;1;973;97309;2;3;1.0;1.0;4.925581;-52.286446;2024-12-21 12:15:00
202400023484.0;3;38;38253;1;1;1.0;6.0;44.990845;6.093378;2024-12-20 20:30:00
202400023485.0;1;6;6027;1;1;1.0;6.0;43.654894;7.14637;2024-12-20 13:35:00
202400023486.0;3;67;67506;1;1;1.0;2.0;48.666301;7.736709;2024-12-17 20:45:00
202400023487.0;1;83;83023;1;1;1.0;1.0;43.420908;6.098281;2024-04-15 17:20:00
202400023488.0;1;13;13015;2;6;1.0;2.0;43.42561612;5.38753775;2024-04-08 10:15:00
202400023489.0;1;84;84091;1;1;1.0;4.0;44.170743;4.760878;2024-12-21 10:45:00
202400023490.0;1;70;70279;2;1;1.0;6.0;47.453394;5.603977;2024-04-13 16:45:00
202400023491.0;3;988;98827;1;1;1.0;7.0;-21.346988;165.159003;2024-12-21 19:15:00
202400023492.0;3;29;29230;1;1;5.0;6.0;47.97297496;-3.57425324;2024-12-20 23:00:00
202400023493.0;4;45;45096;2;1;2.0;6.0;47.794123;2.677402;2024-12-21 01:00:00
202400023494.0;3;21;21390;2;4;2.0;6.0;47.277653;4.997631;2024-04-16 01:55:00
202400023495.0;3;66;66165;1;1;1.0;3.0;42.646957;2.558655;2024-12-20 19:50:00
202400023496.0;1;30;30132;2;1;1.0;1.0;44.209257;4.037014;2024-12-21 16:15:00
202400023497.0;1;68;68255;1;1;1.0;3.0;48.01744;7.193524;2024-04-14 18:18:00
202400023498.0;3;89;89438;1;1;1.0;1.0;47.80115;3.663704;2024-12-20 20:30:00
202400023499.0;3;68;68063;2;1;1.0;6.0;47.79763098;7.17356611;2024-12-21 04:13:00
202400023500.0;3;73;73187;1;1;1.0;1.0;45.53128485;6.47585108;2024-12-20 17:55:00