Num_Acc;lum;departement;commune;agglomeration;intersection;meteo;type_collision;lat;long;date
202400023501.0;3;42;42168;1;1;3.0;6.0;45.406646;4.681345;2024-12-19 23:50:00
202400023502.0;3;42;42046;2;1;1.0;6.0;45.645976;4.053837;2024-12-21 04:20:00
202400023503.0;1;38;38565;2;3;1.0;3.0;45.307338;5.622897;2024-04-15 07:45:00
202400023504.0;3;38;38215;1;1;1.0;6.0;45.583335;4.947882;2024-12-21 03:00:00
202400023505.0;1;29;29237;1;2;2.0;3.0;48.46672023;-4.20828174;2024-04-15 08:30:00
202400023506.0;3;38;38545;2;6;1.0;6.0;45.052931;5.677416;2024-12-13 17:41:00
202400023507.0;2;60;60103;1;1;1.0;4.0;49.415609;2.235117;2024-04-15 19:10:00
202400023508.0;4;26;26313;1;1;1.0;7.0;44.96746;4.961591;2024-12-18 17:15:00
202400023509.0;1;69;69290;1;1;1.0;3.0;45.7121;4.96867;2024-03-28 16:33:00
202400023510.0;2;95;95582;1;1;1.0;6.0;48.97642695;2.24155659;2024-04-15 19:30:00
202400023511.0;3;26;26173;1;3;1.0;3.0;44.982668;5.10883;2024-12-20 18:00:00
202400023512.0;1;93;93078;1;1;1.0;5.0;48.96244307;2.54754487;2024-04-15 08:30:00
202400023513.0;1;1;1249;2;1;1.0;6.0;45.827537;4.957715;2024-12-21 16:27:00
202400023514.0;3;93;93078;1;1;1.0;6.0;48.95857237;2.53354347;2024-04-15 02:15:00
202400023515.0;5;69;69191;2;1;1.0;3.0;45.813666;4.818744;2024-12-20 18:55:00
202400023516.0;1;92;92036;1;1;1.0;3.0;48.93841259;2.30032146;2024-04-14 20:15:00
202400023517.0;5;69;69089;2;4;1.0;5.0;45.7374;4.761286;2024-12-20 17:35:00
202400023518.0;3;77;77237;1;1;1.0;2.0;48.830895;2.760597;2024-04-14 21:38:00
202400023519.0;3;81;81038;1;6;1.0;6.0;43.882819;1.898657;2024-12-21 01:00:00
202400023520.0;3;17;17083;2;1;2.0;7.0;45.857916;-0.906834;2024-12-20 18:55:00
202400023521.0;2;44;44210;2;1;1.0;3.0;47.297263;-2.212082;2024-12-20 17:00:00
202400023522.0;5;74;74010;2;1;1.0;5.0;45.912;6.122;2024-01-21 18:15:00
202400023523.0;2;29;29042;1;2;2.0;3.0;48.248773;-4.46186;2024-12-21 17:25:00
202400023524.0;5;50;50188;2;9;1.0;6.0;48.836048;-1.416678;2024-01-14 18:40:00
202400023525.0;1;59;59237;1;1;1.0;7.0;50.771642;2.657297;2024-12-20 15:00:00
202400023526.0;3;57;57413;1;1;1.0;6.0;49.09582898;6.63726544;2024-01-27 04:50:00
202400023527.0;1;13;13215;1;1;1.0;2.0;43.35327;5.36532;2024-12-19 16:15:00
202400023528.0;3;57;57047;2;1;2.0;6.0;49.096906;6.622143;2024-01-22 19:10:00
202400023529.0;2;973;97302;2;1;2.0;6.0;4.92635819;-52.30533689;2024-04-14 06:55:00
202400023530.0;2;13;13005;1;1;1.0;2.0;43.289;5.549;2024-12-19 07:14:00
202400023531.0;5;69;69383;2;1;1.0;3.0;45.75513325;4.8434773;2024-04-14 20:30:00
202400023532.0;5;13;13213;1;1;1.0;2.0;43.33007406;5.41001584;2024-12-15 04:05:00
202400023533.0;1;69;69386;2;6;7.0;3.0;45.76601;4.85577;2024-04-14 17:00:00
202400023534.0;3;69;69266;1;1;1.0;2.0;45.77799073;4.89620755;2024-12-20 02:20:00
202400023535.0;1;972;97209;2;1;1.0;7.0;14.60498;-61.08681;2024-04-14 05:00:00
202400023536.0;3;69;69081;2;1;3.0;2.0;45.77226;4.78837;2024-12-19 23:00:00
202400023537.0;5;69;69389;2;1;1.0;1.0;45.77141;4.81153;2024-04-14 21:30:00
202400023538.0;1;33;33122;1;1;1.0;4.0;44.752687;-0.691387;2024-12-20 16:50:00
202400023539.0;1;69;69385;2;3;1.0;3.0;45.75624;4.80292;2024-04-12 09:20:00
202400023540.0;2;92;92019;1;1;1.0;2.0;48.76000055;2.27578476;2024-12-20 08:15:00
202400023541.0;1;2B;2B120;2;9;1.0;2.0;42.65282;9.44096;2024-04-14 15:30:00
202400023542.0;1;78;78431;1;1;1.0;4.0;48.94235;1.95201;2024-12-20 08:50:00
202400023543.0;1;78;78431;1;1;1.0;6.0;48.94238;1.952;2024-12-20 08:50:00
202400023544.0;1;2A;2A004;1;4;1.0;1.0;41.9298;8.69461;2024-04-13 16:25:00
202400023545.0;3;92;92036;1;1;1.0;6.0;48.93440186;2.28032461;2024-12-20 04:30:00
202400023546.0;1;95;95680;2;1;1.0;6.0;49.00674067;2.4010741;2024-04-14 16:15:00
202400023547.0;3;92;92036;1;1;1.0;3.0;48.92131769;2.30620543;2024-12-19 18:13:00
202400023548.0;1;95;95074;2;1;1.0;2.0;49.02285377;1.99979088;2024-04-14 08:45:00
202400023549.0;2;78;78402;1;1;8.0;2.0;48.964902;1.801438;2024-12-19 16:40:00
202400023550.0;1;93;93006;2;1;2.0;3.0;48.87452957;2.42585086;2024-09-05 14:00:00
202400023551.0;1;91;91645;2;6;1.0;2.0;48.7423;2.2685;2024-04-14 17:45:00
202400023552.0;2;78;78238;1;1;2.0;2.0;48.969816;1.867271;2024-12-19 09:15:00
202400023553.0;1;85;85194;1;1;1.0;7.0;46.5078;-1.70346;2024-04-14 15:27:00
202400023554.0;1;93;93029;2;2;2.0;2.0;48.92208803;2.43328571;2024-09-05 11:10:00
202400023555.0;1;78;78238;1;1;2.0;4.0;48.969;1.86329;2024-12-19 09:15:00
202400023556.0;1;84;84007;2;6;1.0;3.0;43.93819;4.8419;2024-04-14 16:50:00
202400023557.0;5;92;92062;1;1;1.0;6.0;48.88784918;2.25036747;2024-11-19 02:25:00
202400023558.0;1;83;83137;2;3;1.0;3.0;43.11023;5.96943;2024-04-14 09:35:00
202400023559.0;3;92;92072;1;1;2.0;6.0;48.82128224;2.21946107;2024-11-18 21:30:00
202400023560.0;1;93;93008;2;1;2.0;3.0;48.90979;2.44729;2024-09-05 18:30:00
202400023561.0;1;79;79191;1;1;1.0;1.0;46.34366;-0.51066;2024-04-14 14:50:00
202400023562.0;3;92;92064;1;1;3.0;2.0;48.83972687;2.20066775;2024-11-18 19:25:00
202400023563.0;1;93;93008;2;1;2.0;3.0;48.8863676;2.38377187;2024-09-05 09:00:00
202400023564.0;1;93;93027;1;1;1.0;3.0;48.93410011;2.39349648;2024-12-20 16:04:00
202400023565.0;1;93;93064;1;1;1.0;3.0;48.87120979;2.4819423;2024-12-20 12:25:00
202400023566.0;1;93;93001;2;1;1.0;3.0;48.91508502;2.40442169;2024-09-05 18:00:00
202400023567.0;5;92;92064;2;1;1.0;6.0;48.8524;2.20339;2024-09-05 01:22:00
202400023568.0;2;93;93053;1;1;1.0;2.0;48.88722551;2.47394088;2024-12-20 15:00:00
202400023569.0;1;73;73029;2;6;1.0;3.0;45.56455716;5.94678462;2024-04-14 15:00:00
202400023570.0;5;92;92063;2;1;1.0;6.0;48.85874655;2.19420321;2024-08-17 04:35:00
202400023571.0;1;73;73065;1;6;1.0;6.0;45.61278;5.88739;2024-04-14 13:35:00
202400023572.0;1;93;93066;1;1;1.0;4.0;48.9229345;2.34504055;2024-12-20 11:00:00
202400023573.0;1;73;73137;2;3;1.0;3.0;45.55477658;5.91316715;2024-04-13 17:55:00
202400023574.0;1;92;92025;2;2;1.0;3.0;48.92081933;2.25087716;2024-09-05 17:03:00
202400023575.0;2;95;95365;1;1;1.0;7.0;49.06394;2.40369;2024-12-20 07:50:00
202400023576.0;3;73;73065;2;1;1.0;6.0;45.57095018;5.91775507;2024-04-14 03:00:00
202400023577.0;5;13;13208;2;1;1.0;2.0;43.2643;5.37363;2024-08-20 01:53:00
202400023578.0;1;92;92004;2;1;2.0;3.0;48.91955549;2.28018466;2024-09-05 11:00:00
202400023579.0;1;13;13104;2;1;1.0;3.0;43.329064;5.132589;2024-08-07 13:25:00
202400023580.0;5;73;73011;2;2;1.0;3.0;45.6701;6.3884;2024-04-14 21:40:00
202400023581.0;5;988;98818;2;3;1.0;6.0;-22.29022;166.44753;2024-12-19 19:50:00
202400023582.0;5;73;73011;2;1;1.0;6.0;45.65559882;6.36643601;2024-04-14 21:05:00
202400023583.0;1;80;80627;1;1;8.0;4.0;49.808759;2.220204;2024-09-05 08:15:00
202400023584.0;5;987;98735;2;9;1.0;6.0;-17.53309;-149.57271;2024-12-18 22:57:00
202400023585.0;1;17;17230;1;1;1.0;7.0;45.571755;-0.944159;2024-09-01 19:29:00
202400023586.0;1;70;70388;1;3;1.0;3.0;47.610513;6.132577;2024-04-13 15:25:00
202400023587.0;2;974;97416;1;1;1.0;2.0;-21.34462;55.49784;2024-12-19 18:20:00
202400023588.0;5;31;31269;2;1;1.0;6.0;43.492314;1.245893;2024-09-06 00:40:00
202400023589.0;1;974;97422;2;1;1.0;6.0;-21.251042;55.543039;2024-09-06 14:55:00
202400023590.0;1;974;97416;1;1;1.0;4.0;-21.30363;55.4272;2024-12-18 16:20:00
202400023591.0;1;69;69256;2;1;1.0;6.0;45.7652;4.9222;2024-04-14 19:00:00
202400023592.0;1;50;50487;1;1;1.0;6.0;48.525643;-1.346072;2024-09-06 12:15:00
202400023593.0;3;974;97409;2;9;1.0;4.0;-20.94032;55.67755;2024-12-19 20:30:00
202400023594.0;1;67;67482;2;3;7.0;3.0;48.56982;7.79328;2024-04-14 13:25:00
202400023595.0;1;974;97407;1;1;1.0;5.0;-20.94886;55.32176;2024-12-19 18:25:00
202400023596.0;1;64;64335;1;3;1.0;3.0;43.3259;-0.44103;2024-04-13 17:10:00
202400023597.0;3;83;83067;1;1;1.0;7.0;43.35038416;6.29605472;2024-09-06 04:45:00
202400023598.0;1;64;64024;2;1;1.0;7.0;43.48123;-1.51122;2024-04-13 17:00:00
202400023599.0;1;973;97302;2;1;1.0;6.0;4.94194;-52.33024;2024-12-19 08:07:00
202400023600.0;1;51;51115;1;1;1.0;3.0;49.195584;4.026194;2024-08-27 19:00:00
202400023601.0;1;973;97302;2;1;2.0;7.0;4.92237752;-52.31828767;2024-12-09 17:11:00
202400023602.0;1;67;67222;1;3;2.0;3.0;48.896606;7.451134;2024-01-26 09:17:00
202400023603.0;5;63;63014;2;1;1.0;6.0;45.75534;3.103;2024-04-14 22:50:00
202400023604.0;4;76;76755;2;1;1.0;6.0;49.694195;0.533599;2024-09-06 02:55:00
202400023605.0;1;972;97213;1;1;1.0;2.0;14.60834;-61.00523;2024-12-19 10:00:00
202400023606.0;1;63;63113;2;1;1.0;1.0;45.80173972;3.14574838;2024-04-14 16:45:00
202400023607.0;1;42;42338;1;2;1.0;3.0;46.072966;4.118902;2024-01-27 14:00:00
202400023608.0;1;33;33036;1;9;1.0;1.0;44.414645;-0.219343;2024-09-04 18:24:00
202400023609.0;1;972;97209;1;9;1.0;3.0;14.633815;-61.073347;2024-12-18 14:20:00
202400023610.0;5;62;62041;2;3;1.0;3.0;50.28695362;2.77769172;2024-04-13 04:45:00
202400023611.0;1;63;63187;1;1;1.0;7.0;46.23327085;2.87078577;2024-09-06 18:00:00
202400023612.0;3;28;28104;1;1;1.0;6.0;48.503242;1.620269;2024-01-26 20:05:00
202400023613.0;1;63;63022;1;1;1.0;7.0;45.448684;3.298844;2024-09-03 07:20:00
202400023614.0;1;59;59343;2;1;1.0;2.0;50.59221;3.10557;2024-04-13 12:30:00
202400023615.0;5;972;97209;2;1;1.0;6.0;14.61685;-61.05906;2024-12-16 22:20:00
202400023616.0;2;33;33036;2;3;7.0;1.0;44.426944;-0.218589;2024-01-25 16:35:00
202400023617.0;5;69;69382;2;2;9.0;6.0;45.7471;4.82342;2024-12-19 18:10:00
202400023618.0;1;12;12090;1;1;1.0;6.0;44.382409;2.420535;2024-09-05 16:25:00
202400023619.0;1;59;59360;2;2;1.0;3.0;50.6101;3.02064;2024-04-13 15:20:00
202400023620.0;1;22;22271;1;1;1.0;7.0;48.481911;-3.134022;2024-09-05 10:30:00
202400023621.0;5;69;69384;2;1;2.0;6.0;45.78341042;4.82726308;2024-12-19 17:55:00
202400023622.0;3;32;32448;1;1;1.0;1.0;43.675085;0.933886;2024-01-26 22:40:00
202400023623.0;5;59;59527;2;2;1.0;2.0;50.66163;3.035136;2024-04-14 03:30:00
202400023624.0;2;29;29274;1;3;1.0;6.0;47.957054;-3.703079;2024-09-06 06:45:00
202400023625.0;1;69;69384;2;9;3.0;3.0;45.78792;4.81839;2024-12-19 15:45:00
202400023626.0;1;89;89345;1;1;2.0;1.0;48.005673;3.671429;2024-01-26 13:30:00
202400023627.0;1;57;57660;2;1;1.0;3.0;49.19347;6.91599;2024-04-14 16:00:00
202400023628.0;1;29;29199;1;1;1.0;1.0;48.57886139;-3.7116825;2024-09-04 19:15:00
202400023629.0;5;69;69034;2;1;2.0;6.0;45.79508111;4.84732997;2024-12-19 07:00:00
202400023630.0;1;56;56260;1;1;1.0;7.0;47.66938;-2.72364;2024-04-13 15:50:00
202400023631.0;1;61;61464;1;1;1.0;5.0;48.616746;0.152837;2024-01-26 18:15:00
202400023632.0;1;38;38048;1;3;2.0;1.0;45.598771;5.106465;2024-09-05 07:28:00
202400023633.0;3;69;69034;1;1;1.0;2.0;45.78657;4.85057;2024-12-18 17:50:00
202400023634.0;1;54;54357;2;1;1.0;2.0;48.720829;6.171893;2024-04-14 17:30:00
202400023635.0;5;69;69389;2;1;1.0;6.0;45.78138834;4.7995447;2024-12-18 00:50:00
202400023636.0;1;3;3082;2;1;1.0;2.0;46.300068;2.73647;2024-09-05 17:10:00
202400023637.0;1;47;47323;2;1;1.0;6.0;44.4029;0.7048;2024-04-13 09:50:00
202400023638.0;5;55;55527;2;2;1.0;3.0;49.226018;5.036044;2024-01-26 20:00:00
202400023639.0;1;2A;2A004;2;3;1.0;3.0;41.91819245;8.73704374;2024-12-19 14:35:00
202400023640.0;2;58;58123;1;1;5.0;3.0;47.297779;3.618761;2024-09-06 07:25:00
202400023641.0;5;45;45208;2;2;1.0;3.0;48.00172;2.72192;2024-04-13 21:15:00
202400023642.0;3;49;49086;1;3;1.0;3.0;47.29719;-0.450633;2024-01-27 18:30:00
202400023643.0;5;95;95127;2;1;3.0;6.0;49.04422309;2.00997368;2024-12-19 08:13:00
202400023644.0;2;50;50311;1;1;7.0;2.0;48.860381;-1.300979;2024-09-05 20:20:00
202400023645.0;1;44;44102;2;1;1.0;3.0;47.060304;-1.482882;2024-01-27 17:00:00
202400023646.0;1;44;44184;2;6;1.0;3.0;47.27506069;-2.2276651;2024-04-14 17:10:00
202400023647.0;1;91;91691;2;2;2.0;3.0;48.69237;2.48247;2024-12-19 12:05:00
202400023648.0;3;29;29106;1;1;1.0;3.0;48.09752908;-4.07192747;2024-01-27 19:06:00
202400023649.0;1;50;50410;1;2;1.0;3.0;48.567144;-1.470864;2024-09-06 15:50:00
202400023650.0;1;44;44109;2;1;1.0;1.0;47.18797;-1.51564;2024-04-14 19:15:00
202400023651.0;1;91;91657;2;1;1.0;4.0;48.704;2.433;2024-12-19 12:30:00
202400023652.0;5;31;31311;1;3;1.0;3.0;43.818566;1.542072;2024-01-26 18:15:00
202400023653.0;1;60;60471;2;1;2.0;1.0;49.593911;2.979527;2024-09-06 14:50:00
202400023654.0;1;43;43157;2;3;1.0;3.0;45.05551303;3.90263021;2024-04-14 16:14:00
202400023655.0;5;91;91286;2;1;2.0;6.0;48.65287;2.39234;2024-12-18 18:15:00
202400023656.0;1;84;84082;1;1;1.0;7.0;44.080476;5.205696;2024-01-26 15:35:00
202400023657.0;1;87;87085;2;1;1.0;7.0;45.84908;1.26256;2024-12-14 15:42:00
202400023658.0;1;42;42187;2;2;7.0;6.0;46.04078;4.07258;2024-04-12 14:45:00
202400023659.0;1;45;45130;2;2;1.0;3.0;47.794554;1.721852;2024-08-30 16:00:00
202400023660.0;2;38;38185;2;3;1.0;3.0;45.15883352;5.71354777;2024-04-14 19:40:00
202400023661.0;1;7;7300;1;1;1.0;6.0;44.522282;4.619536;2024-09-06 08:15:00
202400023662.0;3;3;3108;1;1;2.0;7.0;46.197211;2.920947;2024-01-26 20:10:00
202400023663.0;5;83;83137;2;3;1.0;3.0;43.12188;5.95562;2024-12-19 05:05:00
202400023664.0;5;38;38151;2;1;1.0;6.0;45.1515;5.70666;2024-04-14 00:15:00
202400023665.0;1;35;35115;2;1;1.0;7.0;48.34352;-1.1955;2024-04-14 16:35:00
202400023666.0;1;70;70031;1;1;3.0;1.0;47.583502;6.534902;2024-01-26 13:45:00
202400023667.0;1;21;21682;1;1;1.0;3.0;47.444137;5.239187;2024-09-06 13:40:00
202400023668.0;5;83;83069;2;4;8.0;3.0;43.10192;6.12332;2024-12-19 17:25:00
202400023669.0;1;34;34108;2;1;7.0;6.0;43.44215;3.75864;2024-04-13 17:45:00
202400023670.0;2;70;70121;2;1;8.0;6.0;47.586958;6.687541;2024-01-27 07:45:00
202400023671.0;1;85;85026;1;1;2.0;6.0;46.54986;-1.40527;2024-09-05 18:30:00
202400023672.0;1;31;31555;2;1;1.0;6.0;43.59239;1.39705;2024-04-14 06:50:00
202400023673.0;1;82;82121;2;2;1.0;3.0;44.03083;1.343;2024-12-19 16:15:00
202400023674.0;1;30;30007;2;1;1.0;7.0;44.13648;4.10945;2024-04-14 18:45:00
202400023675.0;1;27;27105;1;2;1.0;1.0;49.280698;0.882114;2024-06-04 19:47:00
202400023676.0;1;81;81065;2;1;1.0;6.0;43.61007;2.26185;2024-12-19 10:00:00
202400023677.0;2;58;58095;2;1;1.0;5.0;46.820804;3.451459;2024-01-26 18:15:00
202400023678.0;1;77;77379;2;9;2.0;3.0;48.54856414;3.29340373;2024-12-19 09:25:00
202400023679.0;1;27;27681;2;1;1.0;6.0;49.09594;1.4633;2024-04-13 17:30:00
202400023680.0;1;27;27284;2;1;8.0;3.0;49.276061;1.761621;2024-08-29 16:55:00
202400023681.0;5;77;77373;2;3;2.0;3.0;48.80261;2.62111;2024-12-18 19:15:00
202400023682.0;1;14;14179;1;2;1.0;3.0;49.105441;0.381417;2024-01-27 12:30:00
202400023683.0;1;27;27562;2;9;1.0;2.0;49.10318;1.45321;2024-04-13 17:00:00
202400023684.0;4;27;27286;1;1;2.0;7.0;49.179936;0.574186;2024-09-05 06:25:00
202400023685.0;5;77;77279;2;4;5.0;3.0;48.38413;3.02902;2024-12-19 17:00:00
202400023686.0;1;26;26362;2;1;1.0;1.0;44.93184;4.91838;2024-04-14 15:30:00
202400023687.0;5;77;77284;2;1;2.0;3.0;48.9553;2.89068;2024-12-19 07:00:00
202400023688.0;1;64;64477;1;1;1.0;1.0;43.169563;-1.357643;2024-01-27 15:25:00
202400023689.0;1;25;25056;2;5;1.0;3.0;47.259385;6.028758;2024-04-14 18:30:00
202400023690.0;3;37;37139;1;1;1.0;2.0;47.42080483;0.53180695;2024-09-05 22:40:00
202400023691.0;1;18;18033;2;1;1.0;7.0;47.07271;2.40713;2024-04-13 10:14:00
202400023692.0;3;64;64558;1;1;5.0;6.0;43.455692;-1.463529;2024-01-26 00:10:00
202400023693.0;1;76;76447;2;3;1.0;3.0;49.543;0.18187;2024-12-18 11:55:00
202400023694.0;1;10;10051;1;1;1.0;7.0;48.186329;4.005069;2024-01-27 14:45:00
202400023695.0;1;68;68375;2;3;1.0;1.0;47.806843;7.238995;2024-09-05 13:42:00
202400023696.0;1;17;17415;1;1;1.0;4.0;45.73025;-0.62296;2024-04-14 12:10:00
202400023697.0;1;14;14715;2;1;1.0;2.0;49.36322;0.09634;2024-04-14 18:15:00
202400023698.0;1;7;7334;2;9;1.0;3.0;44.407207;4.134706;2024-01-26 17:14:00
202400023699.0;5;73;73222;2;3;2.0;6.0;45.57469;5.95514;2024-12-19 18:30:00
202400023700.0;1;6;6152;1;3;1.0;3.0;43.638265;7.046201;2024-09-06 17:14:00
202400023701.0;1;68;68278;1;1;1.0;6.0;47.753903;7.420095;2024-09-06 15:45:00
202400023702.0;5;69;69266;2;3;2.0;1.0;45.76737;4.89073;2024-12-19 21:05:00
202400023703.0;1;13;13208;2;9;1.0;2.0;43.25974;5.37551;2024-04-12 12:15:00
202400023704.0;1;7;7132;2;3;1.0;3.0;44.517195;4.31179;2024-01-27 15:00:00
202400023705.0;1;13;13216;2;1;1.0;6.0;43.3535724;5.33916547;2024-04-13 18:00:00
202400023706.0;5;987;98738;1;1;1.0;2.0;-17.618;-149.549;2024-09-05 20:45:00
202400023707.0;1;69;69264;2;6;1.0;6.0;45.99531;4.72091;2024-12-19 10:25:00
202400023708.0;1;17;17394;2;3;1.0;3.0;46.137749;-0.667835;2024-01-19 12:40:00
202400023709.0;1;13;13028;1;1;1.0;3.0;43.19971;5.58961;2024-04-13 14:20:00
202400023710.0;1;45;45232;1;1;1.0;2.0;47.8444;1.866177;2024-09-06 08:14:00
202400023711.0;3;69;69276;1;1;2.0;3.0;45.68096184;4.84622674;2024-12-19 18:40:00
202400023712.0;3;87;87014;1;3;1.0;3.0;46.134014;1.371784;2024-01-25 18:15:00
202400023713.0;2;7;7072;1;3;1.0;7.0;44.73588;4.63416;2024-04-14 06:45:00
202400023714.0;1;45;45155;1;1;1.0;3.0;47.714818;2.637362;2024-09-06 17:15:00
202400023715.0;3;26;26088;1;1;1.0;6.0;45.026784;5.102624;2024-01-26 18:10:00
202400023716.0;1;69;69259;2;1;2.0;6.0;45.70041;4.88775;2024-12-19 15:00:00
202400023717.0;2;6;6029;2;1;1.0;2.0;43.549307;6.996999;2024-04-12 19:20:00
202400023718.0;5;34;34344;1;6;1.0;1.0;43.558672;4.057388;2024-09-05 23:50:00
202400023719.0;1;6;6029;2;1;1.0;3.0;43.554296;7.016889;2024-04-14 10:00:00
202400023720.0;3;38;38193;2;2;1.0;3.0;45.613107;5.225866;2024-01-22 21:15:00
202400023721.0;5;69;69259;2;2;2.0;3.0;45.69628435;4.88381343;2024-12-19 07:13:00
202400023722.0;1;34;34022;2;1;1.0;6.0;43.659035;4.016375;2024-09-06 07:55:00
202400023723.0;1;6;6155;2;2;1.0;3.0;43.577032;7.054923;2024-04-14 11:50:00
202400023724.0;3;40;40210;1;9;5.0;6.0;44.090363;-0.998581;2024-01-27 05:00:00
202400023725.0;5;67;67482;2;1;1.0;6.0;48.56053;7.7435;2024-12-19 22:19:00
202400023726.0;1;13;13069;2;1;1.0;3.0;43.630973;5.13598;2024-01-27 16:20:00
202400023727.0;1;83;83127;1;6;1.0;3.0;43.275061;5.804123;2024-09-05 12:50:00
202400023728.0;1;2;2168;2;3;1.0;3.0;49.04111;3.40442;2024-04-12 07:58:00
202400023729.0;1;83;83023;2;9;1.0;6.0;43.408306;6.057898;2024-09-01 12:30:00
202400023730.0;5;69;69244;2;2;2.0;3.0;45.763612;4.773554;2024-01-26 18:50:00
202400023731.0;1;67;67482;2;1;2.0;4.0;48.613212;7.770816;2024-12-19 08:41:00
202400023732.0;5;67;67482;2;1;1.0;6.0;48.58437;7.73613;2024-12-18 18:00:00
202400023733.0;1;5;5118;2;1;1.0;2.0;44.226531;5.858341;2024-09-06 12:29:00
202400023734.0;1;75;75118;2;1;1.0;4.0;48.901041;2.350764;2024-04-14 13:45:00
202400023735.0;5;66;66136;2;9;1.0;6.0;42.71629;2.8958;2024-12-19 05:00:00
202400023736.0;2;63;63193;1;1;1.0;4.0;45.784547;3.203062;2024-01-26 18:15:00
202400023737.0;2;13;13109;1;1;1.0;3.0;43.523515;5.499526;2024-09-02 20:15:00
202400023738.0;2;75;75113;2;1;1.0;2.0;48.817318;2.366127;2024-04-12 21:40:00
202400023739.0;1;34;34129;1;1;1.0;2.0;43.57404318;3.87552381;2024-01-26 10:24:00
202400023740.0;1;32;32207;1;1;1.0;7.0;43.659288;0.662731;2024-09-02 13:20:00
202400023741.0;1;75;75108;2;1;1.0;3.0;48.876294;2.323552;2024-04-14 14:48:00
202400023742.0;1;28;28367;1;1;3.0;7.0;48.145845;1.855659;2024-01-26 10:30:00
202400023743.0;1;66;66136;2;3;1.0;3.0;42.68982;2.87917;2024-12-18 08:00:00
202400023744.0;2;75;75114;2;1;1.0;6.0;48.817721;2.333999;2024-04-14 07:15:00
202400023745.0;1;19;19146;1;3;1.0;3.0;45.33711457;1.74952626;2024-08-25 07:40:00
202400023746.0;1;64;64130;2;1;1.0;2.0;43.34152;-1.75293;2024-12-19 16:25:00
202400023747.0;1;11;11379;1;1;1.0;2.0;43.033129;2.973684;2024-01-27 12:15:00
202400023748.0;1;75;75119;2;1;1.0;3.0;48.89896;2.387003;2024-04-14 10:30:00
202400023749.0;1;75;75115;2;2;1.0;6.0;48.850054;2.295163;2024-04-14 19:20:00
202400023750.0;5;85;85092;2;3;1.0;3.0;46.46308;-0.796785;2024-09-04 21:20:00
202400023751.0;2;62;62540;1;1;2.0;3.0;50.45276;2.56141;2024-12-14 08:45:00
202400023752.0;1;974;97408;2;1;1.0;2.0;-20.959736;55.326832;2024-01-27 10:10:00
202400023753.0;1;75;75112;2;1;1.0;6.0;48.834082;2.383161;2024-04-14 14:26:00
202400023754.0;5;62;62041;2;1;1.0;6.0;50.29734;2.75558;2024-12-19 16:40:00
202400023755.0;1;27;27412;1;6;1.0;3.0;49.246658;1.097506;2024-09-04 17:30:00
202400023756.0;1;77;77315;2;3;2.0;6.0;48.887013;2.827746;2024-01-26 11:00:00
202400023757.0;1;62;62041;2;4;3.0;6.0;50.29707;2.75417;2024-12-19 08:40:00
202400023758.0;1;75;75120;2;3;1.0;3.0;48.851521;2.39953;2024-04-14 19:45:00
202400023759.0;5;13;13214;1;1;2.0;7.0;43.33030819;5.38941647;2024-09-04 23:39:00
202400023760.0;1;2B;2B140;1;1;1.0;6.0;42.505266;9.286591;2024-01-27 11:15:00
202400023761.0;1;61;61169;2;1;1.0;6.0;48.749944;-0.57279;2024-12-12 14:58:00
202400023762.0;1;75;75118;2;2;1.0;3.0;48.89754;2.344673;2024-04-14 11:00:00
202400023763.0;1;13;13081;2;1;7.0;3.0;43.491572;5.233642;2024-01-27 09:45:00
202400023764.0;1;13;13214;1;1;1.0;7.0;43.33436627;5.38287188;2024-09-05 14:17:00
202400023765.0;2;61;61001;2;6;2.0;3.0;48.438888;0.083142;2024-12-19 08:05:00
202400023766.0;1;75;75110;2;2;1.0;6.0;48.870456;2.361125;2024-04-14 16:45:00
202400023767.0;1;13;13014;1;1;1.0;1.0;43.5130566;5.12423587;2024-01-26 16:15:00
202400023768.0;2;60;60159;1;1;1.0;6.0;49.4009;2.82953;2024-12-16 07:50:00
202400023769.0;1;13;13215;1;1;1.0;4.0;43.36643455;5.36080529;2024-09-05 07:30:00
202400023770.0;5;75;75110;2;3;1.0;3.0;48.879591;2.35332;2024-04-13 23:35:00
202400023771.0;1;59;59599;2;9;1.0;6.0;50.7119292;3.1557369;2024-12-18 09:30:00
202400023772.0;1;13;13100;1;1;1.0;3.0;43.793689;4.854444;2024-01-26 15:20:00
202400023773.0;1;13;13071;1;1;2.0;2.0;43.37210124;5.32036195;2024-09-04 07:20:00
202400023774.0;1;75;75110;2;3;1.0;2.0;48.879272;2.358656;2024-04-13 16:50:00
202400023775.0;2;69;69290;1;1;1.0;2.0;45.70585899;4.95929718;2024-09-05 19:30:00
202400023776.0;5;59;59650;2;1;1.0;1.0;50.70501;3.22468;2024-12-19 23:10:00
202400023777.0;3;3;3201;1;1;5.0;7.0;46.118168;3.639479;2024-01-27 06:27:00
202400023778.0;1;75;75107;1;2;1.0;3.0;48.859543;2.329282;2024-04-14 08:18:00
202400023779.0;1;59;59350;2;2;2.0;3.0;50.637226;3.087361;2024-11-25 12:15:00
202400023780.0;1;67;67482;1;1;1.0;4.0;48.58611;7.72017;2024-09-05 09:00:00
202400023781.0;5;75;75107;2;1;1.0;6.0;48.85884;2.33173;2024-04-14 05:35:00
202400023782.0;1;86;86024;2;1;1.0;7.0;46.567731;0.208374;2024-01-27 10:55:00
202400023783.0;1;33;33550;1;1;1.0;4.0;44.772771;-0.555689;2024-09-05 07:00:00