Num_Acc;lum;departement;commune;agglomeration;intersection;meteo;type_collision;lat;long;date
202400023784.0;5;56;56260;2;6;8.0;3.0;47.65979;-2.78112;2024-12-19 23:50:00
202400023785.0;1;72;72154;2;6;1.0;3.0;47.70496;-0.088631;2024-01-26 14:30:00
202400023786.0;1;75;75107;2;1;1.0;6.0;48.863455;2.313522;2024-04-13 13:50:00
202400023787.0;3;62;62766;1;1;1.0;2.0;50.9449016;2.0996457;2024-09-02 05:30:00
202400023788.0;5;91;91479;1;1;1.0;3.0;48.71872;2.37054;2024-09-05 21:30:00
202400023789.0;1;13;13211;2;1;1.0;2.0;43.28694543;5.43567763;2024-01-26 15:45:00
202400023790.0;5;75;75102;2;2;1.0;2.0;48.87069;2.332523;2024-04-14 00:10:00
202400023791.0;1;91;91228;1;1;2.0;3.0;48.61775;2.42745;2024-09-05 14:00:00
202400023792.0;1;69;69256;1;1;1.0;2.0;45.79701;4.93883;2024-01-19 14:40:00
202400023793.0;1;75;75102;2;1;1.0;6.0;48.87125;2.344511;2024-04-13 19:30:00
202400023794.0;3;33;33143;1;1;1.0;2.0;44.975605;-0.433432;2024-01-26 03:45:00
202400023795.0;1;91;91136;1;1;3.0;2.0;48.71179;2.29116;2024-09-05 08:00:00
202400023796.0;5;33;33013;1;1;1.0;2.0;44.845313;-0.501961;2024-01-25 20:00:00
202400023797.0;2;94;94021;1;1;3.0;3.0;48.7702866;2.34542494;2024-09-05 08:10:00
202400023798.0;1;94;94078;2;3;1.0;2.0;48.75124671;2.44531363;2024-04-14 18:20:00
202400023799.0;1;92;92036;1;1;1.0;2.0;48.92727667;2.30317029;2024-01-26 12:10:00
202400023800.0;1;92;92047;1;1;2.0;2.0;48.83231571;2.15438418;2024-09-05 10:30:00
202400023801.0;1;94;94065;2;1;1.0;6.0;48.750869;2.346437;2024-04-14 14:00:00
202400023802.0;1;78;78672;1;1;8.0;4.0;48.929829;1.98424;2024-01-26 09:10:00
202400023803.0;3;78;78238;1;1;3.0;2.0;48.970556;1.884964;2024-09-05 04:30:00
202400023804.0;3;94;94073;2;1;1.0;6.0;48.7572;2.37042;2024-04-14 01:40:00
202400023805.0;2;92;92036;1;1;1.0;3.0;48.92813825;2.30273773;2024-01-26 07:50:00
202400023806.0;1;95;95582;1;1;2.0;6.0;48.96269256;2.26373794;2024-09-05 17:45:00
202400023807.0;1;94;94028;2;1;1.0;2.0;48.77166129;2.43013126;2024-04-14 12:55:00
202400023808.0;1;92;92019;1;1;1.0;3.0;48.77621518;2.23316898;2024-01-25 16:15:00
202400023809.0;1;92;92050;1;1;1.0;6.0;48.89509609;2.22815045;2024-01-25 14:30:00
202400023810.0;1;93;93059;2;2;1.0;1.0;48.94954632;2.3648715;2024-04-14 18:22:00
202400023811.0;1;93;93027;1;1;3.0;5.0;48.92340632;2.38338411;2024-09-05 09:30:00
202400023812.0;1;93;93050;2;2;1.0;1.0;48.85515;2.53323;2024-04-14 18:20:00
202400023813.0;3;95;95277;1;6;1.0;4.0;48.99483122;2.45187715;2024-01-25 21:15:00
202400023814.0;1;92;92050;2;1;1.0;6.0;48.90554726;2.21004373;2024-04-14 15:26:00
202400023815.0;1;94;94081;1;1;1.0;2.0;48.77409948;2.40494042;2024-01-26 12:00:00
202400023816.0;1;92;92020;2;1;1.0;2.0;48.80806514;2.2844789;2024-04-14 14:29:00
202400023817.0;1;93;93001;1;1;3.0;5.0;48.9213619;2.3682189;2024-09-05 08:00:00
202400023818.0;3;94;94069;1;1;2.0;2.0;48.81731613;2.44009667;2024-01-25 21:20:00
202400023819.0;5;92;92071;2;1;1.0;6.0;48.77895;2.29306;2024-04-14 01:25:00
202400023820.0;3;51;51001;1;1;1.0;6.0;48.808164;4.513621;2024-04-14 20:35:00
202400023821.0;1;93;93007;1;1;3.0;2.0;48.94605193;2.44078471;2024-09-05 08:50:00
202400023822.0;3;77;77175;1;1;2.0;4.0;48.666389;2.612912;2024-01-25 01:05:00
202400023823.0;2;71;71075;2;4;1.0;1.0;46.599096;3.844279;2024-04-09 19:45:00
202400023824.0;1;988;98818;2;1;1.0;6.0;-22.26706;166.46507;2024-01-25 11:15:00
202400023825.0;1;92;92036;1;1;1.0;3.0;48.94722536;2.2815668;2024-09-04 07:30:00
202400023826.0;1;976;97611;2;1;1.0;6.0;-12.79;45.22346;2024-01-25 07:00:00
202400023827.0;1;40;40296;2;2;1.0;1.0;43.708357;-1.425385;2024-04-12 18:05:00
202400023828.0;1;972;97213;1;6;1.0;7.0;14.61884;-61.00522;2024-01-25 14:55:00
202400023829.0;1;57;57177;2;9;7.0;3.0;48.806019;6.710173;2024-04-14 18:00:00
202400023830.0;1;93;93053;1;1;1.0;3.0;48.89707199;2.46965129;2024-08-30 09:52:00
202400023831.0;5;972;97209;2;2;1.0;5.0;14.60664;-61.06676;2024-01-23 18:20:00
202400023832.0;1;83;83086;2;1;1.0;4.0;43.47008352;6.58098623;2024-04-14 17:50:00
202400023833.0;1;83;83148;1;1;1.0;6.0;43.42909398;6.39195371;2024-04-14 14:35:00
202400023834.0;5;69;69149;2;3;1.0;1.0;45.72105418;4.81113979;2024-01-25 21:00:00
202400023835.0;1;77;77018;1;1;2.0;2.0;48.840594;2.821249;2024-09-05 10:30:00
202400023836.0;1;11;11203;1;1;1.0;6.0;43.23974;2.758781;2024-04-14 11:15:00
202400023837.0;1;2B;2B033;2;1;1.0;2.0;42.692;9.4492;2024-01-24 16:04:00
202400023838.0;1;57;57620;1;1;1.0;3.0;49.19784944;5.9828496;2024-04-11 14:40:00
202400023839.0;1;94;94069;1;1;2.0;5.0;48.81744084;2.43118632;2024-09-05 09:45:00
202400023840.0;5;95;95598;2;2;8.0;3.0;48.99268682;2.29951858;2024-01-25 22:20:00
202400023841.0;1;86;86202;1;1;1.0;1.0;46.634854;0.730741;2024-04-14 14:45:00
202400023842.0;1;94;94017;1;1;1.0;3.0;48.82945195;2.48321604;2024-09-04 08:30:00
202400023843.0;3;71;71081;1;1;1.0;6.0;46.808439;4.826399;2024-04-15 02:30:00
202400023844.0;1;95;95598;2;2;8.0;1.0;48.99310533;2.30976351;2024-01-25 13:50:00
202400023845.0;1;988;98818;2;3;1.0;6.0;-22.2752;166.45662;2024-09-05 07:37:00
202400023846.0;3;91;91021;1;1;8.0;6.0;48.58828;2.23542;2024-01-24 20:05:00
202400023847.0;1;54;54581;1;4;7.0;3.0;49.12627113;5.8611229;2024-04-15 12:30:00
202400023848.0;1;988;98818;2;1;1.0;3.0;-22.29584;166.44521;2024-09-04 11:26:00
202400023849.0;5;91;91347;2;1;2.0;2.0;48.63473;2.28892;2024-01-24 20:30:00
202400023850.0;1;41;41172;1;2;8.0;3.0;47.94501;1.321192;2024-04-15 15:25:00
202400023851.0;1;974;97416;1;9;1.0;3.0;-21.30009;55.43531;2024-09-04 07:50:00
202400023852.0;1;91;91228;2;9;1.0;2.0;48.619358;2.428104;2024-01-25 14:30:00
202400023853.0;1;57;57235;2;1;1.0;7.0;49.27701206;6.48802525;2024-04-14 16:50:00
202400023854.0;1;51;51191;1;2;1.0;3.0;49.146013;4.817955;2024-04-14 19:00:00
202400023855.0;5;974;97411;2;2;1.0;3.0;-20.90463;55.48162;2024-09-03 21:50:00
202400023856.0;5;89;89387;2;3;1.0;3.0;48.198;3.27102;2024-01-25 19:10:00
202400023857.0;5;972;97209;2;9;1.0;2.0;14.62503;-61.07897;2024-09-03 21:30:00
202400023858.0;1;87;87113;1;1;1.0;1.0;45.88316;1.30794;2024-01-23 14:07:00
202400023859.0;1;80;80024;1;1;2.0;1.0;49.944423;2.252589;2024-04-15 15:25:00
202400023860.0;1;2B;2B037;1;6;1.0;3.0;42.595;9.439;2024-09-04 08:31:00
202400023861.0;1;87;87085;2;3;1.0;3.0;45.87791;1.27508;2024-01-23 13:16:00
202400023862.0;1;69;69012;1;1;1.0;4.0;46.171213;4.558001;2024-04-14 10:25:00
202400023863.0;1;32;32132;2;6;1.0;1.0;43.838505;0.661883;2024-04-11 13:30:00
202400023864.0;1;87;87085;2;2;1.0;6.0;45.82606;1.26791;2024-01-20 15:26:00
202400023865.0;1;2A;2A004;2;1;1.0;2.0;41.94028;8.74972;2024-09-04 08:35:00
202400023866.0;3;71;71073;1;1;1.0;2.0;46.897204;4.762037;2024-04-13 02:10:00
202400023867.0;5;83;83123;2;1;1.0;2.0;43.12056312;5.80819881;2024-01-24 05:00:00
202400023868.0;1;49;49307;1;1;7.0;5.0;47.46527491;-0.42081714;2024-04-15 08:55:00
202400023869.0;1;87;87050;1;1;3.0;6.0;45.85662;1.24514;2024-09-03 14:36:00
202400023870.0;5;82;82033;2;1;2.0;2.0;44.03454;1.11734;2024-01-25 06:30:00
202400023871.0;1;46;46128;1;1;1.0;7.0;44.781953;1.729338;2024-04-14 10:30:00
202400023872.0;5;82;82033;2;1;1.0;7.0;44.04913;1.10634;2024-01-24 18:22:00
202400023873.0;3;46;46214;1;1;1.0;6.0;44.487161;1.314229;2024-04-14 22:10:00
202400023874.0;1;85;85191;2;2;1.0;1.0;46.66056;-1.411533;2024-09-04 16:55:00
202400023875.0;1;47;47251;1;1;1.0;7.0;44.284944;0.232121;2024-04-13 10:10:00
202400023876.0;1;78;78029;2;6;1.0;3.0;48.95949;1.84067;2024-01-25 12:00:00
202400023877.0;1;47;47273;1;1;1.0;1.0;44.247493;0.781494;2024-04-14 12:55:00
202400023878.0;1;84;84007;1;4;3.0;6.0;43.94703;4.84068;2024-09-04 19:00:00
202400023879.0;1;29;29189;2;9;1.0;6.0;48.368466;-4.371643;2024-04-12 10:45:00
202400023880.0;1;84;84007;2;1;3.0;6.0;43.95;4.81667;2024-09-04 17:00:00
202400023881.0;2;68;68135;1;3;1.0;3.0;47.579312;7.531178;2024-04-15 05:45:00
202400023882.0;1;22;22251;1;1;2.0;7.0;48.546402;-2.824978;2024-04-14 19:50:00
202400023883.0;1;30;30351;2;3;1.0;3.0;43.97078;4.77037;2024-09-04 10:00:00
202400023884.0;2;44;44025;1;1;1.0;3.0;47.407593;-1.948276;2024-04-13 20:00:00
202400023885.0;1;44;44187;1;1;1.0;1.0;47.209314;-2.102535;2024-04-11 13:08:00
202400023886.0;1;80;80261;2;1;1.0;3.0;49.87349;2.27183;2024-09-04 07:45:00
202400023887.0;1;21;21210;1;1;1.0;6.0;47.272147;4.591993;2024-07-29 17:35:00
202400023888.0;1;44;44131;2;1;1.0;6.0;47.114648;-2.136182;2024-04-15 16:05:00
202400023889.0;1;78;78168;2;1;1.0;2.0;48.73762;1.90816;2024-09-04 17:30:00
202400023890.0;1;1;1204;1;1;1.0;6.0;46.162192;5.657423;2024-07-30 11:25:00
202400023891.0;3;35;35223;1;1;1.0;2.0;48.01241533;-2.06867248;2024-04-14 23:50:00
202400023892.0;1;77;77053;2;1;1.0;6.0;48.69872;2.60394;2024-01-25 11:35:00
202400023893.0;1;78;78621;1;1;1.0;6.0;48.778663;1.990713;2024-08-29 12:00:00
202400023894.0;1;29;29135;2;1;1.0;6.0;47.830754;-4.182399;2024-04-14 16:50:00
202400023895.0;5;77;77373;2;1;1.0;6.0;48.8078;2.61247;2024-09-05 22:00:00
202400023896.0;1;42;42242;2;1;1.0;1.0;45.541935;4.635099;2024-07-29 16:20:00
202400023897.0;5;77;77132;2;1;2.0;1.0;48.86971;2.79444;2024-01-25 20:05:00
202400023898.0;5;74;74012;2;1;2.0;7.0;46.19148;6.25055;2024-09-04 03:35:00
202400023899.0;3;30;30041;1;1;1.0;7.0;43.975372;4.40091;2024-07-30 05:15:00
202400023900.0;1;31;31471;2;3;1.0;3.0;42.911307;0.695937;2024-04-14 14:40:00
202400023901.0;1;77;77464;2;1;8.0;6.0;48.88385;2.70751;2024-01-25 08:15:00
202400023902.0;2;31;31280;1;1;1.0;7.0;43.232724;1.298181;2024-04-14 17:55:00
202400023903.0;1;72;72181;2;2;7.0;6.0;47.97907;0.22511;2024-09-04 08:50:00
202400023904.0;1;62;62280;2;4;1.0;1.0;50.24518;3.00351;2024-07-26 17:55:00
202400023905.0;1;2;2636;1;1;1.0;7.0;49.8347;3.4415;2024-04-14 17:20:00
202400023906.0;2;76;76351;2;3;1.0;6.0;49.49237;0.09861;2024-01-24 18:25:00
202400023907.0;1;72;72095;2;1;1.0;6.0;48.02547;0.2016;2024-09-03 10:01:00
202400023908.0;1;2;2153;1;4;1.0;1.0;49.552013;3.497128;2024-04-15 08:00:00
202400023909.0;1;72;72181;1;9;1.0;2.0;47.96993625;0.23352452;2024-09-02 18:05:00
202400023910.0;5;72;72181;2;3;2.0;3.0;47.99532;0.22513;2024-01-24 18:45:00
202400023911.0;1;84;84020;1;1;1.0;7.0;43.824155;5.356801;2024-04-12 17:30:00
202400023912.0;1;15;15138;1;1;1.0;6.0;45.131691;2.840588;2024-04-12 13:00:00
202400023913.0;1;41;41181;1;1;1.0;1.0;47.29324832;1.27225142;2024-07-30 14:10:00
202400023914.0;1;72;72095;2;9;2.0;3.0;48.02307;0.20153;2024-01-24 16:30:00
202400023915.0;1;15;15033;1;1;1.0;6.0;44.967189;2.864116;2024-04-13 20:20:00
202400023916.0;1;71;71270;2;4;8.0;3.0;46.32127;4.84495;2024-09-04 15:30:00
202400023917.0;1;65;65388;1;1;1.0;3.0;42.79877;0.294957;2024-07-30 16:35:00
202400023918.0;1;71;71475;2;1;1.0;6.0;46.76758;4.84335;2024-01-24 15:40:00
202400023919.0;3;26;26229;1;1;1.0;7.0;44.248896;5.241659;2024-04-14 20:47:00
202400023920.0;5;69;69275;2;2;2.0;3.0;45.77219;4.96186;2024-09-04 20:00:00
202400023921.0;1;26;26146;1;3;1.0;3.0;44.422619;4.877484;2024-04-13 18:00:00
202400023922.0;2;71;71076;2;9;1.0;2.0;46.79242;4.859184;2024-01-24 07:35:00
202400023923.0;1;71;71310;1;1;1.0;4.0;46.74250526;4.48660799;2024-07-29 15:25:00
202400023924.0;5;67;67447;2;1;1.0;6.0;48.60742;7.75768;2024-09-03 20:20:00
202400023925.0;1;26;26183;1;1;1.0;1.0;44.69827074;5.13207436;2024-04-14 17:00:00
202400023926.0;1;71;71377;1;1;1.0;7.0;46.551324;4.814045;2024-07-30 11:10:00
202400023927.0;1;69;69259;2;3;1.0;3.0;45.71774;4.85477;2024-01-24 16:20:00
202400023928.0;1;14;14174;2;1;1.0;7.0;48.849149;-0.548871;2024-04-13 13:50:00
202400023929.0;1;64;64129;2;1;1.0;2.0;43.31931;-0.37874;2024-09-04 17:25:00
202400023930.0;1;68;68166;2;1;1.0;1.0;47.791116;7.327065;2024-01-05 10:55:00
202400023931.0;1;7;7155;1;1;1.0;1.0;44.617953;4.339506;2024-04-15 11:35:00
202400023932.0;1;64;64445;2;1;3.0;6.0;43.3005;-0.37722;2024-09-04 11:35:00
202400023933.0;3;40;40135;1;1;1.0;7.0;44.10947;-0.553297;2024-04-14 02:40:00
202400023934.0;1;55;55573;2;3;7.0;3.0;48.684317;5.621223;2024-07-30 15:50:00
202400023935.0;1;68;68166;2;6;1.0;2.0;47.794341;7.324071;2024-01-05 12:30:00
202400023936.0;1;28;28407;1;1;1.0;6.0;48.259702;0.897397;2024-04-14 18:40:00
202400023937.0;1;64;64445;2;1;2.0;3.0;43.30444;-0.36739;2024-09-03 13:20:00
202400023938.0;1;42;42154;1;1;1.0;6.0;45.841417;4.236131;2024-07-28 18:50:00
202400023939.0;5;67;67482;2;3;8.0;3.0;48.577238;7.751821;2024-01-25 19:30:00
202400023940.0;1;87;87073;1;1;1.0;7.0;45.741876;1.010372;2024-04-15 16:00:00
202400023941.0;1;64;64125;2;1;1.0;1.0;43.44965;-1.5694;2024-09-02 17:35:00
202400023942.0;1;86;86161;1;1;1.0;6.0;46.891133;0.000805;2024-07-29 17:30:00
202400023943.0;1;87;87199;1;1;1.0;1.0;45.782579;0.839424;2024-04-15 15:05:00
202400023944.0;2;67;67482;2;3;1.0;3.0;48.5757;7.76378;2024-01-25 18:30:00
202400023945.0;1;48;48061;2;1;1.0;6.0;44.333325;3.585429;2024-04-15 12:50:00
202400023946.0;1;64;64024;2;1;2.0;2.0;43.49702;-1.50743;2024-09-03 07:20:00
202400023947.0;1;67;67482;2;1;2.0;3.0;48.57354;7.77116;2024-01-25 08:45:00
202400023948.0;1;86;86082;1;2;1.0;3.0;46.293015;0.234199;2024-07-30 08:00:00
202400023949.0;1;60;60057;2;1;1.0;6.0;49.43210929;2.10617995;2024-08-30 17:59:00
202400023950.0;2;10;10084;1;1;1.0;3.0;48.399;4.1507;2024-04-09 06:25:00
202400023951.0;1;66;66136;2;1;1.0;6.0;42.72364;2.89023;2024-01-25 17:00:00
202400023952.0;1;34;34139;1;1;1.0;1.0;43.426385;3.248305;2024-05-11 11:00:00
202400023953.0;1;59;59426;2;1;1.0;6.0;50.751068;3.152419;2024-09-04 17:52:00
202400023954.0;1;57;57463;2;1;1.0;6.0;49.11833;6.19839;2024-09-04 15:30:00
202400023955.0;1;66;66136;2;1;1.0;3.0;42.69828;2.88732;2024-01-25 15:30:00
202400023956.0;3;44;44003;1;1;1.0;2.0;47.39666552;-1.21098071;2024-04-15 06:40:00
202400023957.0;1;56;56260;2;9;1.0;3.0;47.658545;-2.7641213;2024-09-04 07:45:00
202400023958.0;1;34;34252;1;3;1.0;1.0;43.655686;3.109807;2024-07-29 16:20:00
202400023959.0;5;987;98715;2;1;1.0;6.0;-17.584;-149.56;2024-04-14 02:20:00
202400023960.0;5;66;66136;2;3;1.0;5.0;42.68766;2.89959;2024-01-24 18:25:00
202400023961.0;4;68;68258;2;6;1.0;6.0;47.841883;7.311101;2024-07-29 23:50:00
202400023962.0;1;54;54321;2;2;1.0;6.0;49.53595065;5.80354929;2024-09-04 18:44:00
202400023963.0;3;25;25514;1;1;1.0;6.0;46.77448;6.328962;2024-07-30 02:00:00
202400023964.0;1;51;51454;2;1;2.0;3.0;49.251377;4.033977;2024-09-03 18:10:00
202400023965.0;1;38;38401;1;1;1.0;4.0;45.560556;5.416582;2024-04-14 18:05:00
202400023966.0;1;25;25578;2;1;1.0;6.0;47.151589;6.352082;2024-07-30 20:20:00
202400023967.0;3;38;38053;1;1;1.0;6.0;45.60095057;5.26829228;2024-04-14 00:35:00
202400023968.0;1;64;64102;2;1;1.0;4.0;43.50277;-1.48392;2024-01-25 13:20:00
202400023969.0;1;51;51454;2;1;1.0;3.0;49.24395;4.04985;2024-09-03 10:20:00
202400023970.0;5;64;64024;2;6;1.0;7.0;43.48373;-1.50232;2024-01-25 00:20:00
202400023971.0;2;987;98712;1;6;1.0;6.0;-17.51902286;-149.50754285;2024-04-12 17:25:00
202400023972.0;1;50;50147;2;1;1.0;3.0;49.06549;-1.43223;2024-09-03 17:55:00
202400023973.0;1;29;29031;1;4;1.0;3.0;47.80516396;-3.57995265;2024-07-29 21:00:00
202400023974.0;1;29;29155;1;1;1.0;7.0;48.45678;-5.088802;2024-07-28 15:25:00
202400023975.0;5;64;64102;2;1;1.0;3.0;43.48744222;-1.46185967;2024-01-24 07:20:00
202400023976.0;1;49;49353;1;1;1.0;3.0;47.4461;-0.4964;2024-09-03 18:22:00
202400023977.0;4;973;97308;1;1;1.0;1.0;3.89250674;-51.8067956;2024-04-14 21:20:00
202400023978.0;1;49;49007;2;1;1.0;6.0;47.45218;-0.52534;2024-09-03 09:30:00
202400023979.0;5;62;62570;2;6;2.0;3.0;50.40647;2.86116;2024-01-25 20:40:00
202400023980.0;1;77;77476;1;1;1.0;7.0;49.041293;2.956159;2024-04-14 17:50:00
202400023981.0;1;45;45234;2;1;1.0;2.0;47.914263;1.89648;2024-09-04 10:20:00
202400023982.0;1;3;3052;1;3;1.0;3.0;46.343138;2.699631;2024-07-30 19:35:00
202400023983.0;5;62;62523;2;1;1.0;3.0;50.43692;2.86738;2024-01-24 20:20:00
202400023984.0;1;91;91184;1;1;1.0;5.0;48.425548;2.372564;2024-04-14 17:00:00
202400023985.0;1;15;15127;1;1;1.0;6.0;45.201544;3.091085;2024-07-29 09:15:00
202400023986.0;1;42;42218;2;1;1.0;3.0;45.44538;4.41721;2024-08-26 19:50:00
202400023987.0;1;59;59350;2;1;8.0;6.0;50.62869;3.07247;2024-01-25 09:10:00
202400023988.0;5;59;59183;2;1;1.0;6.0;51.048975;2.40168;2024-01-24 20:30:00
202400023989.0;2;35;35278;2;1;8.0;6.0;48.13605;-1.69335;2024-09-04 20:30:00
202400023990.0;5;83;83115;2;3;1.0;3.0;43.341098;6.680417;2024-04-14 22:15:00
202400023991.0;1;70;70509;1;3;1.0;2.0;47.332756;5.719058;2024-07-26 07:34:00
202400023992.0;2;59;59178;2;1;1.0;6.0;50.37207;3.0862;2024-01-24 17:20:00
202400023993.0;1;35;35238;2;1;1.0;6.0;48.08458;-1.65872;2024-09-04 16:10:00
202400023994.0;1;59;59165;2;1;1.0;6.0;50.38324;3.05521;2024-01-23 08:25:00
202400023995.0;2;54;54416;1;1;1.0;7.0;48.93014055;5.78827143;2024-07-29 21:30:00
202400023996.0;1;71;71513;2;2;1.0;3.0;46.396152;4.86145;2024-04-14 18:10:00
202400023997.0;5;56;56121;2;6;1.0;3.0;47.74132;-3.37318;2024-01-24 21:03:00
202400023998.0;1;73;73262;1;3;1.0;1.0;45.800473;6.493194;2024-04-13 18:15:00
202400023999.0;5;13;13206;2;2;2.0;3.0;43.28998;5.37259;2024-09-04 21:40:00
202400024000.0;2;54;54578;2;3;1.0;6.0;48.67536503;6.16303235;2024-01-24 17:40:00
202400024001.0;1;42;42005;2;1;7.0;3.0;45.53097469;4.26336184;2024-04-14 09:55:00
202400024002.0;1;6;6079;2;1;1.0;4.0;43.530247;6.928632;2024-07-28 12:35:00
202400024003.0;1;13;13202;2;9;3.0;6.0;43.30588;5.36644;2024-09-04 15:25:00
202400024004.0;5;54;54328;2;3;2.0;3.0;48.61585;6.17633;2024-01-24 18:10:00
202400024005.0;1;7;7077;1;1;1.0;1.0;44.65518255;4.52381935;2024-04-14 17:30:00
202400024006.0;1;14;14431;1;1;1.0;7.0;49.067702;-0.120839;2024-07-29 16:17:00
202400024007.0;1;13;13005;2;1;1.0;3.0;43.30492;5.5715;2024-09-01 11:15:00
202400024008.0;5;51;51454;2;1;2.0;6.0;49.25919;4.03168;2024-01-25 18:55:00
202400024009.0;1;5;5068;2;1;1.0;7.0;44.50651051;6.1110405;2024-07-28 11:30:00
202400024010.0;1;87;87062;1;3;1.0;1.0;45.7827791;1.4804137;2024-04-15 16:35:00
202400024011.0;1;11;11069;2;2;1.0;5.0;43.2092;2.36819;2024-09-03 18:40:00
202400024012.0;1;49;49328;2;3;1.0;3.0;47.24654;-0.07571;2024-01-24 16:20:00
202400024013.0;1;64;64160;1;9;1.0;6.0;43.35188;-1.417451;2024-07-23 13:00:00
202400024014.0;1;17;17476;1;2;1.0;3.0;45.37254;-0.440789;2024-04-04 12:25:00
202400024015.0;1;10;10387;2;1;8.0;1.0;48.30686;4.07672;2024-09-03 13:24:00
202400024016.0;3;64;64502;1;1;1.0;1.0;43.546596;-1.18919;2024-07-29 22:24:00
202400024017.0;1;47;47323;2;3;1.0;3.0;44.40797483;0.7224193;2024-01-25 17:20:00
202400024018.0;1;85;85119;2;1;1.0;7.0;46.966272;-1.117575;2024-04-14 11:05:00
202400024019.0;1;10;10321;2;1;1.0;6.0;48.28552;4.02118;2024-09-03 07:43:00
202400024020.0;5;47;47031;2;6;1.0;3.0;44.17993434;0.6259256;2024-01-25 21:00:00
202400024021.0;1;35;35052;1;3;1.0;3.0;48.14878;-1.323574;2024-04-14 18:35:00
202400024022.0;1;5;5061;1;3;2.0;3.0;44.58947;6.08036;2024-09-04 14:30:00
202400024023.0;1;47;47001;2;2;1.0;1.0;44.19541092;0.61700946;2024-01-25 09:15:00
202400024024.0;1;7;7288;1;1;7.0;6.0;44.72407022;4.51670381;2024-07-30 15:30:00
202400024025.0;1;76;76727;1;3;1.0;3.0;49.472032;0.676019;2024-04-14 16:00:00
202400024026.0;1;75;75116;2;1;1.0;3.0;48.869784;2.271684;2024-09-04 09:28:00
202400024027.0;1;45;45234;2;2;1.0;3.0;47.846237;1.940929;2024-01-25 12:30:00
202400024028.0;1;59;59323;1;1;1.0;6.0;50.298607;3.641644;2024-04-13 14:45:00
202400024029.0;1;4;4172;1;3;1.0;3.0;43.844014;6.161377;2024-07-29 09:36:00
202400024030.0;1;75;75114;2;1;1.0;6.0;48.821537;2.327955;2024-09-03 17:30:00
202400024031.0;1;38;38053;2;1;1.0;2.0;45.58875;5.26232;2024-01-24 07:55:00
202400024032.0;1;13;13005;1;1;1.0;2.0;43.28747218;5.54349383;2024-04-14 07:50:00
202400024033.0;1;85;85172;1;3;7.0;1.0;46.803684;-1.982265;2024-07-30 18:00:00
202400024034.0;1;35;35051;2;1;1.0;6.0;48.12453;-1.60055;2024-01-25 17:25:00
202400024035.0;1;75;75106;2;7;1.0;6.0;48.84417;2.324154;2024-09-04 09:55:00
202400024036.0;1;85;85031;1;1;1.0;4.0;46.804721;-0.932414;2024-07-29 18:35:00
202400024037.0;3;13;13056;1;1;1.0;2.0;43.40603496;5.03921825;2024-04-14 00:30:00
202400024038.0;1;35;35206;1;1;1.0;6.0;48.07952;-1.68503;2024-01-25 12:20:00
202400024039.0;1;75;75106;2;1;1.0;6.0;48.858018;2.334294;2024-09-03 15:45:00
202400024040.0;3;35;35238;1;1;8.0;7.0;48.13388;-1.71473;2024-01-25 06:00:00
202400024041.0;1;34;34172;2;1;1.0;6.0;43.59658;3.84506;2024-01-25 08:00:00
202400024042.0;1;75;75119;2;1;1.0;6.0;48.888917;2.393379;2024-09-04 18:15:00
202400024043.0;2;27;27340;1;3;1.0;4.0;49.367174;0.814286;2024-07-29 07:25:00
202400024044.0;1;13;13214;1;1;1.0;5.0;43.33;5.377;2024-04-12 17:00:00
202400024045.0;1;75;75117;2;1;1.0;7.0;48.878492;2.28438;2024-09-04 09:15:00
202400024046.0;3;28;28331;1;1;1.0;1.0;48.386322;1.001102;2024-07-29 22:00:00
202400024047.0;5;33;33039;2;2;1.0;2.0;44.79244082;-0.56111544;2024-01-20 18:00:00
202400024048.0;3;69;69199;1;1;1.0;2.0;45.68819;4.84628;2024-04-13 01:55:00
202400024049.0;5;75;75116;2;1;1.0;3.0;48.839036;2.262651;2024-09-02 21:45:00
202400024050.0;4;28;28099;1;4;1.0;1.0;48.441423;1.210084;2024-07-14 23:45:00
202400024051.0;1;67;67482;1;1;1.0;2.0;48.58731;7.71236;2024-04-13 16:20:00
202400024052.0;1;75;75115;2;1;1.0;3.0;48.841374;2.287296;2024-09-02 10:50:00
202400024053.0;3;91;91521;1;1;1.0;7.0;48.626544;2.398432;2024-04-14 20:10:00
202400024054.0;1;48;48045;1;1;1.0;6.0;44.658763;3.750029;2024-07-29 12:30:00
202400024055.0;5;30;30189;2;1;1.0;7.0;43.8221;4.3454;2024-01-22 20:25:00
202400024056.0;1;93;93027;1;1;1.0;6.0;48.92568108;2.39637584;2024-04-14 17:35:00
202400024057.0;1;75;75111;2;1;1.0;6.0;48.85979;2.370146;2024-09-04 15:30:00
202400024058.0;1;95;95582;1;1;1.0;6.0;48.96346787;2.26421667;2024-04-14 17:00:00
202400024059.0;2;29;29019;2;6;2.0;3.0;48.389109;-4.458269;2024-01-25 07:50:00
202400024060.0;1;13;13091;1;3;1.0;2.0;43.626159;5.292047;2024-07-30 08:45:00
202400024061.0;1;75;75111;2;2;1.0;6.0;48.866095;2.370176;2024-09-04 14:00:00
202400024062.0;2;29;29019;2;9;2.0;1.0;48.408107;-4.468306;2024-01-25 07:55:00
202400024063.0;1;95;95241;1;1;1.0;5.0;49.0462546;2.45395412;2024-04-14 10:10:00
202400024064.0;1;75;75110;2;1;1.0;1.0;48.882249;2.368208;2024-09-04 19:15:00
202400024065.0;3;93;93027;1;1;1.0;6.0;48.92794603;2.41113961;2024-04-14 02:15:00
202400024066.0;1;29;29019;2;1;1.0;1.0;48.400855;-4.484432;2024-01-24 10:00:00