Num_Acc;lum;departement;commune;agglomeration;intersection;meteo;type_collision;lat;long;date
202400024067.0;1;75;75110;2;2;1.0;6.0;48.882835;2.359355;2024-09-04 10:00:00
202400024068.0;1;93;93066;1;1;1.0;3.0;48.92247728;2.35626225;2024-04-13 14:15:00
202400024069.0;1;75;75108;2;3;1.0;3.0;48.873076;2.297236;2024-09-04 11:10:00
202400024070.0;5;94;94004;1;1;1.0;2.0;48.75271809;2.51268268;2024-04-14 05:35:00
202400024071.0;1;75;75107;2;1;1.0;7.0;48.86288;2.315941;2024-09-04 09:10:00
202400024072.0;1;19;19031;2;2;9.0;6.0;45.16053;1.50328;2024-01-20 16:25:00
202400024073.0;5;19;19031;2;1;2.0;6.0;45.15579;1.4824;2024-01-17 22:25:00
202400024074.0;2;75;75113;2;1;1.0;1.0;48.84299069;2.36421168;2024-09-04 06:25:00
202400024075.0;1;77;77083;1;1;1.0;3.0;48.83440389;2.58740902;2024-04-13 16:15:00
202400024076.0;1;19;19031;2;3;2.0;3.0;45.15806421;1.55478217;2024-01-17 13:20:00
202400024077.0;1;45;45317;1;1;1.0;2.0;47.784557;1.597255;2024-07-30 07:58:00
202400024078.0;1;94;94017;2;9;1.0;3.0;48.81987971;2.48243684;2024-09-04 07:54:00
202400024079.0;1;94;94028;1;1;1.0;2.0;48.77604351;2.42843614;2024-04-12 17:00:00
202400024080.0;3;38;38509;1;1;1.0;6.0;45.56057389;5.44214502;2024-07-29 23:05:00
202400024081.0;1;94;94041;2;7;1.0;2.0;48.81132921;2.38401183;2024-09-04 13:20:00
202400024082.0;5;974;97416;2;1;1.0;3.0;-21.33216;55.47907;2024-04-13 04:35:00
202400024083.0;1;13;13210;2;2;1.0;3.0;43.27;5.4;2024-01-25 10:32:00
202400024084.0;1;94;94028;2;1;1.0;2.0;48.80047324;2.4510164;2024-09-02 16:10:00
202400024085.0;1;69;69383;2;2;1.0;2.0;45.75532;4.84298;2024-04-13 18:00:00
202400024086.0;1;13;13067;1;1;1.0;3.0;43.788817;5.045471;2024-07-27 12:30:00
202400024087.0;5;69;69382;2;1;1.0;1.0;45.74842;4.8318;2024-04-13 01:45:00
202400024088.0;1;45;45265;1;1;1.0;7.0;48.12594;2.966357;2024-07-29 19:34:00
202400024089.0;5;94;94046;2;2;1.0;3.0;48.793407;2.436593;2024-09-04 21:00:00
202400024090.0;1;13;13208;2;1;1.0;2.0;43.27483728;5.3846561;2024-01-25 10:00:00
202400024091.0;1;94;94071;2;1;8.0;6.0;48.76472231;2.53470191;2024-09-03 19:06:00
202400024092.0;1;33;33005;2;1;1.0;6.0;44.743773;-1.112087;2024-07-28 20:20:00
202400024093.0;1;69;69034;2;3;1.0;3.0;45.7913;4.8627;2024-04-12 15:30:00
202400024094.0;1;93;93064;2;2;8.0;6.0;48.87122;2.47099;2024-09-04 19:25:00
202400024095.0;1;2B;2B033;1;1;1.0;6.0;42.69574;9.4464;2024-04-13 17:30:00
202400024096.0;1;12;12013;2;3;1.0;3.0;44.54293;2.24691;2024-01-25 15:00:00
202400024097.0;5;971;97111;1;1;1.0;2.0;16.2833;-61.802301;2024-07-28 22:30:00
202400024098.0;1;92;92064;2;1;1.0;6.0;48.84296;2.21338;2024-09-04 13:40:00
202400024099.0;1;2B;2B033;2;1;1.0;3.0;42.679447;9.444402;2024-04-12 18:30:00
202400024100.0;1;45;45063;1;1;1.0;1.0;47.606177;2.387574;2024-07-30 08:55:00
202400024101.0;1;11;11069;2;9;1.0;3.0;43.21257;2.31309;2024-01-24 09:00:00
202400024102.0;1;92;92050;2;1;1.0;5.0;48.89916755;2.2203362;2024-09-04 09:00:00
202400024103.0;1;6;6027;2;1;1.0;6.0;43.659807;7.171127;2024-01-25 11:15:00
202400024104.0;1;77;77382;2;2;1.0;1.0;48.900376;2.85722;2024-07-30 17:00:00
202400024105.0;1;92;92036;2;1;1.0;3.0;48.93358239;2.30711496;2024-09-04 12:30:00
202400024106.0;1;34;34103;1;1;1.0;7.0;43.540803;3.408315;2024-07-29 14:30:00
202400024107.0;1;4;4112;2;1;1.0;2.0;43.83599;5.8022;2024-01-16 12:55:00
202400024108.0;1;3;3185;2;9;1.0;3.0;46.36264;2.59178;2024-01-25 12:23:00
202400024109.0;2;92;92025;2;9;8.0;4.0;48.92302;2.2525;2024-09-03 19:30:00
202400024110.0;1;34;34240;2;2;1.0;6.0;43.649231;3.97837;2024-07-30 13:45:00
202400024111.0;5;1;1451;2;8;1.0;6.0;46.21134;5.21125;2024-01-25 17:35:00
202400024112.0;1;92;92025;2;1;1.0;1.0;48.93099472;2.25519007;2024-09-02 18:45:00
202400024113.0;2;75;75119;2;1;1.0;3.0;48.880227;2.406129;2024-01-24 17:40:00
202400024114.0;1;83;83023;1;1;1.0;5.0;43.403691;6.009028;2024-07-29 13:55:00
202400024115.0;1;92;92012;2;2;1.0;3.0;48.84416338;2.24981797;2024-09-04 12:25:00
202400024116.0;5;75;75115;2;1;1.0;1.0;48.833317;2.278216;2024-01-24 21:30:00
202400024117.0;1;13;13086;2;1;1.0;1.0;43.349152;5.603564;2024-07-20 19:45:00
202400024118.0;5;21;21038;2;1;1.0;6.0;47.195093;5.395647;2024-07-29 00:30:00
202400024119.0;1;75;75113;2;3;1.0;6.0;48.829776;2.357132;2024-01-25 08:50:00
202400024120.0;2;22;22190;2;1;1.0;6.0;48.527125;-2.080359;2024-09-05 20:20:00
202400024121.0;3;75;75118;2;1;1.0;6.0;48.900353;2.332514;2024-01-24 22:35:00
202400024122.0;3;68;68269;1;3;1.0;3.0;48.189015;7.350347;2024-07-29 21:30:00
202400024123.0;1;68;68162;1;1;1.0;1.0;48.143719;7.255601;2024-09-04 14:18:00
202400024124.0;1;75;75117;2;3;2.0;6.0;48.881224;2.312178;2024-01-25 08:35:00
202400024125.0;1;55;55366;1;1;1.0;7.0;48.803556;5.116217;2024-07-29 17:30:00
202400024126.0;1;41;41046;1;1;1.0;6.0;47.63571647;1.95193403;2024-09-04 12:55:00
202400024127.0;1;81;81140;2;1;1.0;6.0;43.698519;1.814903;2024-07-30 09:45:00
202400024128.0;1;75;75116;2;3;1.0;5.0;48.83841219;2.25409788;2024-01-24 16:15:00
202400024129.0;3;12;12131;1;1;2.0;1.0;44.381627;2.657045;2024-09-05 05:20:00
202400024130.0;1;75;75115;2;3;1.0;6.0;48.842206;2.320496;2024-01-25 10:30:00
202400024131.0;3;61;61080;1;6;1.0;3.0;48.56468;-0.13808;2024-07-29 00:10:00
202400024132.0;5;75;75115;2;2;8.0;3.0;48.833899;2.308125;2024-01-24 21:48:00
202400024133.0;1;14;14066;2;1;1.0;6.0;49.335397;-0.411639;2024-07-30 13:03:00
202400024134.0;1;75;75114;2;3;1.0;7.0;48.83599396;2.32762206;2024-01-24 13:40:00
202400024135.0;3;35;35206;1;1;1.0;5.0;48.068932;-1.67696;2024-09-03 23:00:00
202400024136.0;1;56;56023;1;1;1.0;6.0;47.703896;-3.00732;2024-07-21 17:55:00
202400024137.0;1;22;22171;2;1;1.0;6.0;48.406397;-2.817129;2024-07-29 17:45:00
202400024138.0;1;60;60176;2;1;3.0;6.0;49.233321;2.890985;2024-09-05 09:30:00
202400024139.0;1;75;75111;2;3;1.0;3.0;48.855104;2.370381;2024-01-25 09:01:00
202400024140.0;1;22;22210;2;1;1.0;6.0;48.80056;-3.009503;2024-07-28 14:50:00
202400024141.0;1;65;65447;2;1;1.0;3.0;43.185708;0.238352;2024-09-04 17:12:00
202400024142.0;1;75;75110;2;3;1.0;3.0;48.870356;2.351437;2024-01-24 15:45:00
202400024143.0;1;76;76684;1;1;1.0;1.0;49.486179;0.463732;2024-07-30 09:55:00
202400024144.0;1;77;77406;1;1;1.0;7.0;48.860571;3.215344;2024-09-03 08:00:00
202400024145.0;1;75;75109;2;3;1.0;6.0;48.874622;2.331391;2024-01-25 14:50:00
202400024146.0;1;13;13070;1;1;1.0;2.0;43.28503464;5.51675262;2024-07-27 18:30:00
202400024147.0;1;19;19138;1;4;1.0;7.0;45.050123;1.669627;2024-09-02 17:03:00
202400024148.0;1;75;75108;2;2;1.0;3.0;48.879414;2.314295;2024-01-25 09:10:00
202400024149.0;1;69;69266;2;1;1.0;2.0;45.7804236;4.89423926;2024-07-25 11:30:00
202400024150.0;1;56;56198;2;3;2.0;6.0;48.074334;-2.754971;2024-07-11 15:30:00
202400024151.0;1;33;33281;1;1;1.0;6.0;44.846074;-0.670639;2024-07-29 09:12:00
202400024152.0;1;75;75108;2;2;8.0;6.0;48.877633;2.31255;2024-01-25 08:50:00
202400024153.0;1;94;94021;1;1;1.0;3.0;48.76224266;2.34059909;2024-07-29 11:20:00
202400024154.0;1;31;31032;2;6;2.0;3.0;43.68397;1.320737;2024-09-04 12:08:00
202400024155.0;1;94;94004;2;9;1.0;3.0;48.755017;2.505311;2024-01-24 16:30:00
202400024156.0;1;91;91553;1;1;1.0;6.0;48.62896;2.48178;2024-07-29 06:40:00
202400024157.0;1;93;93005;1;1;1.0;3.0;48.97356693;2.49167206;2024-07-29 08:20:00
202400024158.0;5;11;11397;2;4;2.0;3.0;43.206216;2.442222;2024-09-04 22:19:00
202400024159.0;1;44;44143;2;1;1.0;1.0;47.18180711;-1.54536569;2024-07-18 08:30:00
202400024160.0;1;71;71093;1;1;2.0;6.0;46.852025;5.275902;2024-09-05 11:45:00
202400024161.0;5;93;93031;2;9;1.0;2.0;48.9551;2.33358;2024-01-25 20:00:00
202400024162.0;5;974;97411;1;9;1.0;2.0;-20.87601;55.45503;2024-02-14 00:20:00
202400024163.0;1;12;12204;1;1;2.0;6.0;44.122823;3.197225;2024-09-05 07:45:00
202400024164.0;1;46;46034;1;1;1.0;6.0;44.715918;1.893881;2024-09-05 15:40:00
202400024165.0;1;93;93030;2;2;1.0;3.0;48.95664923;2.44518489;2024-01-24 14:50:00
202400024166.0;1;18;18279;2;2;1.0;3.0;47.21914;2.06662;2024-03-21 16:15:00
202400024167.0;1;39;39322;1;1;1.0;7.0;46.619261;5.849898;2024-09-03 13:40:00
202400024168.0;1;92;92063;2;1;1.0;6.0;48.87612247;2.18065935;2024-01-25 09:10:00
202400024169.0;1;29;29163;2;3;1.0;6.0;48.505282;-3.872176;2024-09-04 14:45:00
202400024170.0;1;92;92078;2;2;1.0;3.0;48.93486055;2.32484221;2024-07-28 17:50:00
202400024171.0;5;92;92050;2;1;2.0;2.0;48.89169;2.20835;2024-01-25 17:30:00
202400024172.0;1;1;1019;1;1;1.0;6.0;45.864427;5.55843;2024-08-22 15:55:00
202400024173.0;2;57;57521;2;1;1.0;1.0;49.172754;6.919745;2024-05-27 05:30:00
202400024174.0;1;92;92020;2;1;2.0;1.0;48.80582828;2.28698015;2024-01-25 16:29:00
202400024175.0;2;1;1246;1;2;1.0;3.0;46.240505;5.064453;2024-08-28 04:20:00
202400024176.0;5;988;98818;2;1;1.0;6.0;-22.30671;166.44782;2024-07-28 18:05:00
202400024177.0;2;92;92020;2;3;1.0;1.0;48.80825868;2.29620315;2024-01-24 18:55:00
202400024178.0;1;987;98735;2;1;2.0;7.0;-17.535864;-149.568216;2024-07-27 15:05:00
202400024179.0;1;92;92026;2;6;1.0;3.0;48.902597;2.2749128;2024-01-24 15:45:00
202400024180.0;1;69;69152;2;1;1.0;6.0;45.6941;4.827;2024-07-28 12:50:00
202400024181.0;1;14;14299;1;2;1.0;3.0;49.339714;0.26392;2024-08-30 11:30:00
202400024182.0;2;14;14312;2;9;2.0;6.0;49.381268;-1.055867;2024-09-04 20:02:00
202400024183.0;2;92;92025;2;2;2.0;6.0;48.91461908;2.22902709;2024-01-25 17:15:00
202400024184.0;1;2A;2A004;2;1;1.0;2.0;41.92651;8.73723;2024-07-28 19:20:00
202400024185.0;2;16;16002;1;1;5.0;7.0;46.075393;0.195238;2024-09-05 06:30:00
202400024186.0;1;92;92024;2;1;1.0;6.0;48.89609294;2.30490357;2024-01-25 13:30:00
202400024187.0;5;2A;2A004;2;3;1.0;3.0;41.934;8.744;2024-07-28 22:56:00
202400024188.0;2;7;7188;2;1;2.0;6.0;45.194351;4.68517;2024-09-05 08:30:00
202400024189.0;5;92;92012;2;3;1.0;2.0;48.82686192;2.25181317;2024-01-24 19:10:00
202400024190.0;1;7;7009;2;1;2.0;1.0;45.239581;4.796592;2024-09-04 19:00:00
202400024191.0;5;95;95424;2;2;1.0;3.0;48.98063296;2.18251378;2024-07-28 00:22:00
202400024192.0;1;33;33138;1;1;1.0;1.0;45.018677;-0.106854;2024-01-25 16:50:00
202400024193.0;1;40;40001;2;1;1.0;3.0;43.702207;-0.26354;2024-08-31 10:35:00
202400024194.0;1;86;86066;1;1;2.0;7.0;46.781193;0.531967;2024-07-27 12:05:00
202400024195.0;5;33;33447;2;1;2.0;6.0;45.015377;-0.057251;2024-02-23 19:40:00
202400024196.0;2;30;30009;1;1;3.0;7.0;43.9737;3.411384;2024-09-04 18:50:00
202400024197.0;1;83;83144;2;6;1.0;3.0;43.13674;6.00065;2024-07-28 10:15:00
202400024198.0;2;88;88176;1;1;1.0;1.0;47.96487;6.205559;2024-09-05 06:30:00
202400024199.0;3;71;71481;1;1;8.0;2.0;46.198232;4.778084;2024-01-26 06:30:00
202400024200.0;1;83;83050;2;1;1.0;4.0;43.5358418;6.49461287;2024-07-27 19:15:00
202400024201.0;3;76;76391;1;1;1.0;6.0;49.31914521;0.8995378;2024-07-28 22:00:00
202400024202.0;1;76;76540;2;1;1.0;6.0;49.42508;1.09765;2024-07-28 16:05:00
202400024203.0;1;987;98738;2;1;1.0;1.0;-17.652472;-149.599612;2024-09-04 15:30:00
202400024204.0;1;28;28330;1;1;1.0;1.0;48.083383;1.422429;2024-01-23 09:30:00
202400024205.0;1;73;73065;2;1;1.0;6.0;45.58134;5.91151;2024-07-23 16:50:00
202400024206.0;1;987;98738;2;1;7.0;1.0;-17.618;-149.549;2024-09-03 11:00:00
202400024207.0;1;11;11164;1;1;1.0;3.0;43.282618;2.876256;2024-01-20 11:10:00
202400024208.0;5;71;71153;2;1;1.0;3.0;46.80618;4.42144;2024-07-28 22:30:00
202400024209.0;3;971;97132;1;9;2.0;6.0;15.981303;-61.626112;2024-01-22 21:00:00
202400024210.0;1;13;13001;1;1;5.0;2.0;43.563197;5.46057;2024-09-05 08:40:00
202400024211.0;5;1;1357;2;1;2.0;6.0;46.176814;5.741327;2024-01-23 18:00:00
202400024212.0;1;68;68376;2;1;2.0;6.0;47.79915;7.31602;2024-07-27 18:40:00
202400024213.0;1;83;83031;1;1;1.0;3.0;43.4299;6.329767;2024-01-25 11:25:00
202400024214.0;5;973;97309;2;2;1.0;3.0;4.9078029;-52.27286625;2024-09-04 19:30:00
202400024215.0;1;63;63113;2;6;1.0;3.0;45.80008;3.11227;2024-07-28 18:30:00
202400024216.0;1;89;89297;1;1;1.0;7.0;47.423623;3.77978;2024-05-24 15:00:00
202400024217.0;1;51;51111;1;1;2.0;6.0;49.183674;3.82277;2024-01-25 08:45:00
202400024218.0;5;62;62765;2;1;1.0;3.0;50.7587347;2.27758095;2024-07-29 00:25:00
202400024219.0;1;33;33050;1;1;1.0;2.0;44.532103;-0.130659;2024-09-04 17:15:00
202400024220.0;1;63;63343;1;2;1.0;3.0;45.701998;3.496195;2024-05-24 16:10:00
202400024221.0;3;56;56034;1;1;2.0;2.0;47.635668;-3.053384;2024-01-26 05:00:00
202400024222.0;3;2A;2A041;2;1;1.0;6.0;41.410319;9.183492;2024-09-04 21:30:00
202400024223.0;3;62;62427;2;1;1.0;7.0;50.40441;2.97294;2024-07-29 01:30:00
202400024224.0;1;61;61052;2;1;1.0;7.0;48.676985;0.571138;2024-05-25 16:25:00
202400024225.0;1;79;79202;2;1;1.0;6.0;46.654249;-0.24796;2024-01-25 11:00:00
202400024226.0;1;62;62548;2;1;7.0;7.0;50.95438869;1.95719755;2024-07-27 16:55:00
202400024227.0;1;34;34289;1;3;1.0;3.0;43.390259;3.399743;2024-09-05 12:00:00
202400024228.0;1;59;59367;2;1;1.0;1.0;50.6689;3.20521;2024-07-28 20:40:00
202400024229.0;1;55;55551;1;1;1.0;7.0;48.98049046;5.74812112;2024-05-25 07:10:00
202400024230.0;2;82;82049;1;1;2.0;5.0;44.127067;0.798078;2024-01-25 07:40:00
202400024231.0;1;67;67101;2;9;1.0;6.0;48.523533;7.477779;2024-09-04 15:00:00
202400024232.0;1;47;47031;2;1;1.0;6.0;44.18355;0.63263;2024-07-28 19:55:00
202400024233.0;1;42;42092;1;1;1.0;3.0;45.500181;4.359641;2024-05-25 11:00:00
202400024234.0;1;67;67154;1;1;1.0;7.0;48.373798;7.687511;2024-09-04 12:10:00
202400024235.0;1;68;68082;2;1;3.0;6.0;47.864868;7.34513;2024-05-24 13:43:00
202400024236.0;2;71;71038;1;1;2.0;5.0;46.755291;4.358182;2024-01-26 07:40:00
202400024237.0;1;37;37122;2;2;1.0;3.0;47.35456;0.69524;2024-07-28 09:40:00
202400024238.0;1;31;31451;2;2;1.0;3.0;43.460199;2.003208;2024-09-04 17:30:00
202400024239.0;1;12;12102;1;1;1.0;1.0;44.259623;2.612268;2024-01-25 12:30:00
202400024240.0;1;35;35238;2;1;1.0;2.0;48.08740143;-1.65218174;2024-07-27 18:00:00
202400024241.0;1;68;68340;2;1;1.0;7.0;47.548544;7.159572;2024-05-24 16:20:00
202400024242.0;1;42;42029;1;1;1.0;7.0;45.817958;4.26983;2024-01-26 08:30:00
202400024243.0;5;34;34172;2;1;1.0;6.0;43.617103;3.873419;2024-07-28 21:40:00
202400024244.0;1;17;17283;1;1;1.0;4.0;45.553111;-0.556124;2024-09-04 15:37:00
202400024245.0;3;39;39476;2;1;1.0;6.0;47.039032;5.321181;2024-05-25 04:15:00
202400024246.0;1;42;42059;2;1;1.0;7.0;45.640083;4.394328;2024-01-24 08:15:00
202400024247.0;1;25;25151;1;1;3.0;6.0;47.161878;6.376317;2024-05-22 07:35:00
202400024248.0;1;33;33281;2;2;1.0;3.0;44.84431;-0.64506;2024-07-28 19:00:00
202400024249.0;2;31;31232;2;6;1.0;1.0;43.767573;1.296695;2024-01-25 17:50:00
202400024250.0;1;56;56178;2;2;1.0;3.0;48.068889;-2.974178;2024-09-05 08:00:00
202400024251.0;3;29;29039;1;1;1.0;6.0;47.88644;-3.88465;2024-07-28 04:15:00
202400024252.0;5;19;19272;2;1;1.0;6.0;45.25853512;1.74279536;2024-07-28 03:30:00
202400024253.0;1;35;35299;1;3;1.0;3.0;48.648973;-1.879424;2024-05-25 12:00:00
202400024254.0;2;1;1040;1;3;1.0;2.0;46.37087;5.036212;2024-01-26 06:55:00
202400024255.0;1;31;31396;1;1;1.0;6.0;43.369111;1.59924;2024-05-25 07:15:00
202400024256.0;1;60;60189;1;1;1.0;6.0;49.53801714;3.07356155;2024-01-26 11:30:00
202400024257.0;1;14;14059;2;1;1.0;7.0;49.34858;0.050146;2024-07-28 10:00:00
202400024258.0;1;13;13106;1;1;1.0;2.0;43.3976;5.352;2024-08-17 19:30:00
202400024259.0;1;38;38034;1;1;1.0;6.0;45.330994;5.031449;2024-05-24 19:47:00
202400024260.0;2;10;10019;1;1;8.0;3.0;48.38344587;4.39132432;2024-01-25 16:50:00
202400024261.0;1;13;13117;1;1;1.0;1.0;43.46;5.23;2024-07-28 19:00:00
202400024262.0;1;13;13028;1;1;1.0;6.0;43.20959414;5.62660217;2024-09-04 14:10:00
202400024263.0;3;2;2558;1;1;1.0;7.0;50.043302;3.769609;2024-05-24 22:35:00
202400024264.0;2;40;40002;2;1;1.0;5.0;43.594375;-0.748422;2024-01-18 08:15:00
202400024265.0;1;78;78043;1;1;1.0;5.0;48.845284;2.085945;2024-09-04 08:30:00
202400024266.0;1;13;13043;2;3;1.0;3.0;43.38649277;5.22222833;2024-07-17 20:10:00
202400024267.0;1;2;2322;1;2;1.0;3.0;49.874898;3.448398;2024-05-25 08:15:00
202400024268.0;1;27;27009;1;2;1.0;3.0;48.843643;0.715844;2024-01-15 17:25:00
202400024269.0;1;72;72089;1;1;1.0;6.0;48.118187;-0.022262;2024-05-24 16:40:00
202400024270.0;1;7;7019;2;1;1.0;3.0;44.60234;4.3866;2024-07-26 12:05:00
202400024271.0;5;17;17347;2;2;2.0;6.0;45.943414;-0.514051;2024-01-23 21:34:00
202400024272.0;1;6;6041;1;1;1.0;1.0;43.759611;6.98782;2024-05-25 11:35:00
202400024273.0;5;75;75112;2;1;8.0;2.0;48.841357;2.413552;2024-07-27 21:35:00
202400024274.0;5;6;6079;2;1;1.0;3.0;43.553591;6.954861;2024-05-24 23:35:00
202400024275.0;1;75;75120;2;1;3.0;6.0;48.863502;2.413408;2024-07-27 15:30:00
202400024276.0;1;17;17020;1;3;1.0;3.0;45.509167;-0.301942;2024-01-25 15:35:00
202400024277.0;1;75;75116;2;1;1.0;6.0;48.84769;2.2724;2024-07-28 19:30:00
202400024278.0;1;50;50029;1;1;1.0;2.0;48.620063;-0.80594;2024-05-24 17:45:00
202400024279.0;1;60;60291;1;1;1.0;1.0;49.667996;3.059805;2024-05-24 16:15:00
202400024280.0;1;8;8096;1;1;3.0;1.0;49.707629;4.768871;2024-01-02 11:40:00
202400024281.0;1;75;75116;2;1;1.0;4.0;48.859996;2.229556;2024-07-28 11:45:00
202400024282.0;1;64;64469;2;1;1.0;6.0;43.204355;-0.293552;2024-05-25 09:30:00
202400024283.0;3;8;8336;1;1;1.0;6.0;49.65050514;5.1447646;2024-01-24 22:30:00
202400024284.0;1;75;75115;2;2;1.0;3.0;48.825851;2.300322;2024-07-28 06:15:00
202400024285.0;1;36;36018;2;1;1.0;3.0;46.639798;1.062155;2024-05-24 16:40:00
202400024286.0;1;88;88468;2;1;2.0;1.0;47.879286;6.765202;2024-01-26 11:08:00
202400024287.0;5;75;75113;2;4;1.0;2.0;48.817652;2.360019;2024-07-28 03:52:00
202400024288.0;1;53;53012;1;1;1.0;1.0;47.879996;-0.939604;2024-05-21 16:40:00
202400024289.0;2;67;67388;2;2;1.0;6.0;48.930126;7.658774;2024-01-16 07:45:00
202400024290.0;1;75;75109;2;2;1.0;6.0;48.875638;2.326655;2024-07-28 13:00:00
202400024291.0;3;40;40005;1;4;1.0;6.0;43.610954;-0.428402;2024-05-24 21:36:00
202400024292.0;1;49;49123;1;1;8.0;3.0;47.224709;-0.143595;2024-01-25 14:30:00
202400024293.0;1;27;27656;1;1;1.0;7.0;49.360588;0.474437;2024-05-24 18:55:00
202400024294.0;1;75;75107;2;3;2.0;6.0;48.856108;2.302425;2024-07-27 15:00:00
202400024295.0;1;28;28362;1;1;1.0;7.0;48.389076;0.974007;2024-05-24 19:45:00
202400024296.0;1;94;94076;2;1;1.0;2.0;48.784255;2.367222;2024-07-28 20:00:00
202400024297.0;1;37;37050;2;1;1.0;6.0;47.335778;0.700927;2024-05-24 19:15:00
202400024298.0;5;94;94041;2;1;1.0;6.0;48.82409;2.3876;2024-07-28 04:20:00
202400024299.0;5;30;30259;2;3;1.0;3.0;44.106237;4.123096;2024-05-24 21:52:00
202400024300.0;1;93;93070;2;3;1.0;2.0;48.90939745;2.32970148;2024-07-28 20:00:00
202400024301.0;1;52;52060;1;1;2.0;7.0;47.9252;5.760398;2024-05-24 17:45:00
202400024302.0;1;93;93045;2;2;2.0;3.0;48.88003853;2.41194606;2024-07-27 20:45:00
202400024303.0;1;31;31044;2;6;1.0;3.0;43.590618;1.511092;2024-05-25 19:15:00
202400024304.0;1;93;93010;2;5;1.0;1.0;48.91741507;2.48491199;2024-07-28 15:55:00
202400024305.0;1;6;6155;1;1;1.0;3.0;43.604332;7.064992;2024-05-25 20:00:00
202400024306.0;1;93;93007;2;3;1.0;2.0;48.934432;2.476605;2024-07-19 15:20:00
202400024307.0;1;6;6027;1;1;1.0;7.0;43.663712;7.176862;2024-05-25 09:25:00
202400024308.0;1;988;98815;1;1;1.0;7.0;-21.444805;167.857887;2024-05-12 09:00:00
202400024309.0;1;92;92020;2;6;2.0;6.0;48.80083862;2.28386208;2024-07-27 17:15:00
202400024310.0;1;84;84028;1;1;1.0;7.0;44.236352;4.940736;2024-05-24 18:30:00
202400024311.0;3;92;92036;2;3;8.0;3.0;48.92706738;2.28849792;2024-07-27 22:22:00
202400024312.0;1;13;13027;2;1;1.0;3.0;43.878744;4.849439;2024-05-24 08:30:00
202400024313.0;3;11;11367;1;1;1.0;6.0;43.3927;2.120619;2024-07-28 21:15:00
202400024314.0;1;57;57155;2;9;1.0;1.0;49.110326;6.391844;2024-05-25 16:19:00
202400024315.0;1;86;86140;1;4;1.0;6.0;46.40746;0.712379;2024-07-28 18:00:00
202400024316.0;1;73;73249;2;1;1.0;6.0;45.531853;5.994855;2024-05-25 17:45:00
202400024317.0;1;31;31253;2;1;1.0;2.0;43.467349;1.245913;2024-07-22 14:45:00
202400024318.0;1;81;81271;2;2;1.0;1.0;43.772457;1.684819;2024-05-24 16:00:00
202400024319.0;3;81;81078;1;1;1.0;6.0;43.665733;1.94944;2024-07-28 03:00:00
202400024320.0;1;69;69089;2;1;1.0;1.0;45.750435;4.767972;2024-05-24 18:30:00
202400024321.0;2;71;71550;1;1;1.0;6.0;46.49586605;4.89912122;2024-07-28 20:20:00
202400024322.0;1;19;19082;2;1;1.0;6.0;45.250806;1.660211;2024-05-24 13:55:00
202400024323.0;3;83;83048;2;1;1.0;6.0;43.20428247;6.56304187;2024-07-29 04:20:00
202400024324.0;1;33;33473;1;1;1.0;6.0;45.138416;-0.47856;2024-05-13 18:30:00
202400024325.0;3;1;1401;1;1;1.0;2.0;46.263695;6.000209;2024-07-27 02:26:00
202400024326.0;5;974;97413;2;1;1.0;7.0;-21.217794;55.303823;2024-07-28 20:35:00
202400024327.0;1;60;60346;2;1;1.0;6.0;49.152368;2.442681;2024-05-24 14:50:00
202400024328.0;1;30;30282;2;1;1.0;2.0;44.140322;4.490255;2024-07-29 13:50:00
202400024329.0;1;62;62014;2;2;1.0;3.0;50.63591639;2.39140821;2024-05-24 17:55:00
202400024330.0;1;83;83130;2;9;1.0;1.0;43.199381;6.032251;2024-07-28 07:20:00
202400024331.0;1;83;83073;2;6;1.0;3.0;43.39288219;6.31619489;2024-07-28 17:45:00
202400024332.0;1;13;13212;1;1;1.0;3.0;43.29798995;5.42492892;2024-05-24 18:00:00
202400024333.0;2;57;57603;2;3;7.0;2.0;49.479808;5.95474;2024-07-28 19:10:00
202400024334.0;1;59;59501;1;1;1.0;3.0;50.37647;3.23793;2024-05-20 18:40:00
202400024335.0;1;56;56031;1;2;1.0;3.0;47.848638;-2.97767;2024-07-29 09:20:00
202400024336.0;1;59;59203;1;1;1.0;2.0;50.34516833;3.3010819;2024-05-21 18:11:00
202400024337.0;1;56;56251;1;1;1.0;2.0;47.638234;-2.673256;2024-07-27 16:00:00
202400024338.0;1;67;67072;1;1;1.0;7.0;48.968301;7.245398;2024-07-28 19:15:00
202400024339.0;1;92;92050;1;1;1.0;4.0;48.90223198;2.20380485;2024-05-24 17:25:00
202400024340.0;1;79;79351;1;2;1.0;6.0;46.439328;-0.561042;2024-07-29 09:30:00
202400024341.0;1;2B;2B150;1;1;1.0;7.0;42.603547;8.841333;2024-07-28 12:07:00
202400024342.0;1;93;93010;1;1;1.0;5.0;48.891365;2.473432;2024-05-24 19:10:00
202400024343.0;1;69;69130;1;4;1.0;1.0;46.035616;4.432989;2024-07-27 12:00:00
202400024344.0;1;93;93053;1;1;1.0;2.0;48.89707199;2.46965129;2024-05-24 09:00:00
202400024345.0;1;32;32107;1;1;1.0;6.0;43.978985;0.412229;2024-07-28 20:10:00
202400024346.0;1;41;41095;1;1;1.0;7.0;47.882665;1.224654;2024-07-28 18:45:00
202400024347.0;4;94;94018;1;1;1.0;6.0;48.8177716;2.41217065;2024-05-23 23:15:00
202400024348.0;1;34;34239;2;2;1.0;3.0;43.650188;3.506417;2024-07-27 10:02:00
202400024349.0;1;84;84031;2;6;1.0;3.0;44.04498;5.02823;2024-01-13 16:28:00