Num_Acc;lum;departement;commune;agglomeration;intersection;meteo;type_collision;lat;long;date
202400024350.0;1;34;34284;1;1;1.0;7.0;43.501406;2.74905;2024-07-28 20:30:00
202400024351.0;1;29;29232;2;1;1.0;6.0;47.97953;-4.10308;2024-03-13 15:16:00
202400024352.0;1;39;39470;1;1;1.0;7.0;46.483342;6.049366;2024-07-18 14:00:00
202400024353.0;1;57;57474;2;6;2.0;3.0;49.256252;6.169993;2024-02-10 14:10:00
202400024354.0;1;25;25372;1;9;1.0;2.0;47.452121;6.602998;2024-07-29 09:05:00
202400024355.0;1;976;97611;2;1;1.0;2.0;-12.81339;45.20178;2024-05-23 15:45:00
202400024356.0;3;25;25328;1;1;1.0;6.0;47.187729;5.966091;2024-07-28 06:35:00
202400024357.0;2;974;97411;2;1;1.0;2.0;-20.87946;55.45945;2024-05-23 16:50:00
202400024358.0;1;25;25036;1;1;1.0;3.0;47.198964;5.97233;2024-07-22 16:40:00
202400024359.0;1;974;97409;2;1;1.0;2.0;-20.95058;55.65921;2024-05-23 16:15:00
202400024360.0;1;38;38504;1;1;1.0;7.0;45.303969;5.989673;2024-07-28 19:10:00
202400024361.0;1;974;97409;2;1;1.0;3.0;-20.96358;55.65617;2024-05-22 11:40:00
202400024362.0;2;15;15141;1;1;1.0;6.0;45.163491;2.977746;2024-07-27 05:00:00
202400024363.0;1;974;97407;2;9;1.0;3.0;-20.93858;55.30029;2024-05-23 11:00:00
202400024364.0;1;973;97302;2;1;1.0;6.0;4.942938;-52.30639672;2024-05-23 16:20:00
202400024365.0;1;1;1123;1;3;1.0;3.0;46.245675;4.815391;2024-07-29 18:30:00
202400024366.0;5;972;97213;1;6;1.0;6.0;14.61572;-60.99048;2024-05-23 19:30:00
202400024367.0;1;1;1319;1;2;1.0;3.0;46.060837;4.946852;2024-07-19 13:30:00
202400024368.0;1;972;97213;2;1;2.0;6.0;14.64679;-61.01048;2024-05-23 06:25:00
202400024369.0;1;58;58302;2;1;1.0;6.0;47.206011;3.072031;2024-07-27 07:20:00
202400024370.0;1;972;97209;1;1;1.0;7.0;14.61;-61.0851;2024-05-22 17:22:00
202400024371.0;3;54;54504;1;1;1.0;6.0;49.40169177;5.8794719;2024-07-25 22:15:00
202400024372.0;2;972;97209;1;1;1.0;3.0;14.63085975;-61.04111731;2024-05-21 17:23:00
202400024373.0;1;6;6148;1;1;1.0;1.0;43.689543;7.071124;2024-07-27 09:20:00
202400024374.0;1;5;5127;1;1;1.0;7.0;44.48731;6.270656;2024-07-28 14:30:00
202400024375.0;1;69;69389;2;2;1.0;3.0;45.77006;4.80456;2024-05-23 19:45:00
202400024376.0;3;50;50603;1;9;1.0;6.0;49.042264;-1.555027;2024-07-29 03:40:00
202400024377.0;1;971;97101;1;1;2.0;2.0;16.23394;-61.52351;2024-05-23 07:45:00
202400024378.0;1;2A;2A004;2;1;1.0;2.0;41.91087398;8.64574671;2024-05-23 16:23:00
202400024379.0;2;64;64133;1;6;1.0;3.0;43.225771;-0.250068;2024-07-28 21:10:00
202400024380.0;1;2A;2A004;2;3;1.0;6.0;41.93057;8.73756;2024-05-23 14:40:00
202400024381.0;1;18;18076;2;1;1.0;3.0;46.693104;2.596464;2024-07-29 07:45:00
202400024382.0;1;10;10358;2;9;1.0;3.0;48.1721;4.2144;2024-07-28 19:00:00
202400024383.0;1;95;95598;2;4;1.0;3.0;48.99218207;2.31218085;2024-05-23 16:40:00
202400024384.0;3;7;7010;1;3;1.0;3.0;45.26299;4.667213;2024-07-28 22:00:00
202400024385.0;1;91;91161;1;6;1.0;6.0;48.71252;2.31006;2024-05-23 08:50:00
202400024386.0;1;21;21412;1;1;1.0;6.0;46.956795;4.76723;2024-07-29 06:45:00
202400024387.0;1;91;91201;2;3;1.0;3.0;48.6764;2.4235;2024-05-23 15:30:00
202400024388.0;1;28;28154;2;1;1.0;2.0;48.468205;1.314824;2024-07-28 18:10:00
202400024389.0;1;8;8202;1;3;1.0;2.0;49.947202;4.531646;2024-07-28 15:25:00
202400024390.0;1;91;91027;2;2;1.0;3.0;48.71614;2.37105;2024-05-22 10:30:00
202400024391.0;1;88;88037;1;1;9.0;7.0;47.98361241;6.79883793;2024-07-29 16:00:00
202400024392.0;1;91;91223;2;1;1.0;2.0;48.43557;2.15737;2024-05-23 16:35:00
202400024393.0;1;88;88200;2;1;1.0;1.0;48.230523;6.337998;2024-07-29 12:45:00
202400024394.0;1;63;63311;1;1;1.0;2.0;46.03980764;3.11309444;2024-07-29 10:10:00
202400024395.0;1;89;89024;2;2;1.0;5.0;47.80105;3.58132;2024-05-15 06:58:00
202400024396.0;1;35;35210;1;3;1.0;1.0;48.165831;-1.73838;2024-07-29 12:30:00
202400024397.0;1;88;88087;2;1;1.0;3.0;48.17228;6.43683;2024-05-24 19:25:00
202400024398.0;1;85;85194;2;2;1.0;3.0;46.51323;-1.77648;2024-05-22 08:15:00
202400024399.0;1;31;31254;1;1;1.0;1.0;43.534892;1.512959;2024-07-25 13:00:00
202400024400.0;1;85;85191;2;6;1.0;2.0;46.665024;-1.4150556;2024-05-23 16:40:00
202400024401.0;2;45;45278;2;3;1.0;6.0;47.818907;2.835776;2024-07-28 21:17:00
202400024402.0;1;66;66103;1;1;1.0;5.0;42.643335;2.488902;2024-07-23 11:35:00
202400024403.0;1;84;84007;2;1;1.0;5.0;43.94504;4.79372;2024-05-22 18:05:00
202400024404.0;1;78;78551;1;1;8.0;6.0;48.93803;2.0683;2024-05-23 08:00:00
202400024405.0;1;77;77305;2;3;1.0;3.0;48.39000896;2.9565571;2024-05-23 13:30:00
202400024406.0;1;66;66008;2;3;1.0;3.0;42.58355366;3.03164184;2024-07-29 17:30:00
202400024407.0;1;77;77131;2;1;2.0;6.0;48.80510782;3.09217687;2024-05-22 15:45:00
202400024408.0;1;13;13100;1;3;1.0;2.0;43.784635;4.878284;2024-07-29 12:30:00
202400024409.0;1;76;76351;2;3;1.0;3.0;49.4908;0.11671;2024-05-23 08:25:00
202400024410.0;1;38;38449;1;1;1.0;1.0;45.61878;5.080082;2024-07-29 11:58:00
202400024411.0;1;38;38382;2;1;1.0;3.0;45.226655;5.68589;2024-07-26 19:30:00
202400024412.0;1;76;76351;2;1;1.0;3.0;49.510634;0.119316;2024-05-22 19:55:00
202400024413.0;1;71;71270;2;1;1.0;6.0;46.30011;4.82493;2024-05-22 12:25:00
202400024414.0;1;1;1049;2;3;1.0;3.0;45.845664;5.038288;2024-07-28 08:00:00
202400024415.0;1;69;69208;1;1;7.0;7.0;45.87216;4.6231;2024-07-28 15:24:00
202400024416.0;1;69;69266;2;1;1.0;6.0;45.767;4.88311;2024-05-23 19:15:00
202400024417.0;2;17;17102;1;1;1.0;7.0;45.708217;-0.69128;2024-07-28 06:15:00
202400024418.0;1;27;27240;2;1;1.0;6.0;48.978868;0.788734;2024-07-29 16:20:00
202400024419.0;5;69;69290;2;6;1.0;6.0;45.70120398;4.89969641;2024-05-23 01:10:00
202400024420.0;1;2;2381;1;1;1.0;2.0;49.935188;4.10688;2024-07-29 15:15:00
202400024421.0;2;69;69259;2;3;2.0;3.0;45.70044;4.86774;2024-05-22 20:10:00
202400024422.0;1;13;13106;1;1;1.0;2.0;43.39959526;5.34924076;2024-07-27 19:45:00
202400024423.0;1;69;69271;2;1;1.0;2.0;45.7387;4.96473;2024-05-22 14:47:00
202400024424.0;1;67;67482;2;1;1.0;6.0;48.59772;7.73544;2024-05-21 15:45:00
202400024425.0;1;83;83047;1;1;1.0;1.0;43.13422723;6.04850543;2024-07-28 06:50:00
202400024426.0;3;78;78029;1;1;1.0;2.0;48.963662;1.841681;2024-07-28 05:00:00
202400024427.0;1;65;65440;2;2;1.0;3.0;43.22299;0.08876;2024-05-23 08:55:00
202400024428.0;1;92;92063;1;1;2.0;3.0;48.87132588;2.15734398;2024-07-27 17:25:00
202400024429.0;1;64;64249;1;1;1.0;4.0;43.41627594;-1.61071479;2024-05-23 17:17:00
202400024430.0;1;93;93078;1;1;1.0;5.0;48.96779609;2.50939444;2024-07-28 16:35:00
202400024431.0;1;64;64445;2;1;1.0;6.0;43.30435;-0.36593;2024-05-23 15:10:00
202400024432.0;2;95;95218;1;9;1.0;6.0;49.03516562;2.09832362;2024-07-28 05:30:00
202400024433.0;3;93;93010;1;1;1.0;3.0;48.91441816;2.47750685;2024-07-28 04:30:00
202400024434.0;1;63;63113;2;2;2.0;3.0;45.76715;3.11577;2024-05-23 13:35:00
202400024435.0;3;95;95351;1;1;1.0;6.0;49.0279974;2.50542558;2024-07-28 01:15:00
202400024436.0;1;95;95277;1;1;1.0;6.0;48.97199933;2.48500102;2024-07-27 20:50:00
202400024437.0;1;62;62250;1;1;1.0;4.0;50.46262072;2.96325169;2024-05-23 15:20:00
202400024438.0;1;62;62498;2;5;2.0;6.0;50.43251105;2.82265538;2024-05-22 13:05:00
202400024439.0;2;93;93066;1;1;1.0;5.0;48.91033834;2.35826011;2024-07-27 20:30:00
202400024440.0;1;95;95572;1;1;2.0;6.0;49.03385084;2.11134575;2024-07-27 09:00:00
202400024441.0;1;62;62193;2;1;1.0;6.0;50.94866;1.83008;2024-05-23 13:25:00
202400024442.0;1;987;98735;2;4;1.0;3.0;-17.54973;-149.57762;2024-07-27 07:55:00
202400024443.0;2;62;62160;2;2;1.0;6.0;50.72419843;1.60332102;2024-05-22 07:25:00
202400024444.0;1;976;97611;2;1;1.0;3.0;45.2295;-12.78421;2024-07-27 07:50:00
202400024445.0;1;59;59599;2;1;1.0;3.0;50.70779;3.15725;2024-05-23 11:40:00
202400024446.0;1;974;97411;2;3;1.0;7.0;-20.90386;55.49834;2024-07-27 10:45:00
202400024447.0;1;59;59328;2;1;1.0;2.0;50.6469;3.02658;2024-05-23 17:20:00
202400024448.0;5;69;69388;2;1;1.0;6.0;45.73363103;4.86412435;2024-07-27 05:15:00
202400024449.0;5;972;97213;1;1;2.0;1.0;14.621353;-61.027601;2024-07-27 05:00:00
202400024450.0;1;54;54375;2;9;1.0;1.0;48.90225;6.03675;2024-05-23 10:15:00
202400024451.0;3;972;97213;1;1;1.0;3.0;14.62009;-60.96358;2024-07-26 19:20:00
202400024452.0;1;54;54395;2;2;1.0;3.0;48.67877257;6.19728953;2024-05-22 18:15:00
202400024453.0;5;69;69034;2;1;1.0;6.0;45.7913;4.84074;2024-07-28 00:20:00
202400024454.0;1;54;54149;1;4;1.0;3.0;49.44726;5.91851;2024-05-23 15:10:00
202400024455.0;5;971;97120;2;3;1.0;3.0;16.24132;-61.53706;2024-07-15 01:31:00
202400024456.0;1;49;49246;1;1;1.0;3.0;47.44008;-0.5114;2024-05-22 19:05:00
202400024457.0;1;49;49015;2;2;8.0;3.0;47.50109;-0.58872;2024-05-22 15:15:00
202400024458.0;1;42;42218;2;2;1.0;4.0;45.4489;4.39137;2024-05-22 19:50:00
202400024459.0;1;41;41018;2;1;1.0;6.0;47.59303;1.31175;2024-05-23 16:45:00
202400024460.0;1;37;37261;2;1;8.0;3.0;47.36119;0.70323;2024-05-23 08:00:00
202400024461.0;1;37;37233;2;6;2.0;3.0;47.39203;0.72552;2024-05-21 16:20:00
202400024462.0;1;35;35281;1;1;1.0;2.0;48.08685755;-1.70050554;2024-05-22 17:40:00
202400024463.0;1;34;34301;2;1;1.0;3.0;43.41106;3.70942;2024-05-23 12:00:00
202400024464.0;5;33;33063;2;2;1.0;3.0;44.83244;-0.56967;2024-05-22 02:00:00
202400024465.0;1;31;31557;2;1;1.0;3.0;43.58852;1.35882;2024-05-23 17:35:00
202400024466.0;1;31;31149;2;1;1.0;3.0;43.6051773;1.30734354;2024-05-23 14:52:00
202400024467.0;1;30;30007;2;2;1.0;3.0;44.12565;4.08894;2024-05-23 12:25:00
202400024468.0;1;29;29019;2;3;1.0;3.0;48.402168;-4.462544;2024-05-23 15:30:00
202400024469.0;1;27;27375;2;1;1.0;3.0;49.22027;1.16634;2024-05-23 20:40:00
202400024470.0;1;25;25204;1;1;2.0;1.0;46.94071;6.3432;2024-05-23 08:20:00
202400024471.0;1;19;19031;2;3;1.0;3.0;45.16643;1.53166;2024-05-23 13:55:00
202400024472.0;1;19;19031;2;2;1.0;3.0;45.15602;1.52952;2024-05-23 08:58:00
202400024473.0;1;17;17415;2;1;8.0;2.0;45.743;-0.66881;2024-05-22 09:05:00
202400024474.0;1;30;30032;1;1;1.0;1.0;43.79548;4.60134;2024-05-22 14:25:00
202400024475.0;1;13;13056;2;1;1.0;7.0;43.39948;5.056;2024-05-23 10:10:00
202400024476.0;1;13;13203;2;1;1.0;3.0;43.31573961;5.38382188;2024-05-23 16:10:00
202400024477.0;1;13;13211;2;1;1.0;3.0;43.29141;5.46129;2024-05-23 14:40:00
202400024478.0;1;13;13208;2;1;1.0;3.0;43.26129;5.37478;2024-05-23 11:30:00
202400024479.0;3;11;11069;1;1;1.0;6.0;43.22156;2.28621;2024-05-24 01:50:00
202400024480.0;1;6;6088;2;2;1.0;4.0;43.722539;7.2898;2024-05-23 13:09:00
202400024481.0;1;6;6030;2;3;1.0;1.0;43.568347;7.016484;2024-05-22 15:10:00
202400024482.0;5;3;3310;2;2;1.0;3.0;46.13157;3.42854;2024-05-18 23:30:00
202400024483.0;1;3;3321;2;3;3.0;6.0;46.54499;3.34194;2024-05-23 16:25:00
202400024484.0;1;1;1289;2;3;1.0;3.0;46.18216;5.21405;2024-05-23 19:48:00
202400024485.0;1;1;1053;2;1;1.0;3.0;46.1996;5.2156;2024-05-22 17:58:00
202400024486.0;1;75;75116;2;1;1.0;2.0;48.869784;2.271684;2024-05-23 09:10:00
202400024487.0;1;75;75112;2;1;1.0;3.0;48.844051;2.413842;2024-05-23 11:30:00
202400024488.0;1;75;75117;2;1;1.0;2.0;48.88901;2.294616;2024-05-23 08:55:00
202400024489.0;1;75;75113;2;1;1.0;2.0;48.817614;2.367469;2024-05-23 10:00:00
202400024490.0;1;75;75114;2;3;1.0;6.0;48.833379;2.326415;2024-05-23 17:20:00
202400024491.0;1;75;75111;2;2;1.0;2.0;48.868097;2.372477;2024-05-22 08:15:00
202400024492.0;1;75;75119;2;3;1.0;6.0;48.886203;2.376526;2024-05-23 18:15:00
202400024493.0;1;75;75118;2;2;1.0;6.0;48.899152;2.336436;2024-05-23 16:40:00
202400024494.0;1;75;75117;2;4;1.0;6.0;48.896161;2.310278;2024-05-22 16:20:00
202400024495.0;1;75;75116;2;3;2.0;6.0;48.843582;2.263233;2024-05-23 17:50:00
202400024496.0;5;75;75115;2;7;1.0;6.0;48.836385;2.306627;2024-05-22 22:25:00
202400024497.0;5;75;75115;2;3;1.0;6.0;48.83864;2.294854;2024-05-22 02:55:00
202400024498.0;5;75;75114;2;2;1.0;2.0;48.830086;2.328814;2024-05-22 23:15:00
202400024499.0;5;75;75113;2;4;1.0;6.0;48.821604;2.352554;2024-05-22 21:45:00
202400024500.0;1;75;75112;2;5;1.0;6.0;48.8448;2.40549;2024-05-23 16:20:00
202400024501.0;1;75;75111;2;1;8.0;6.0;48.851242;2.39112;2024-05-23 15:00:00
202400024502.0;1;75;75111;2;1;1.0;3.0;48.853394;2.369534;2024-05-22 17:00:00
202400024503.0;1;75;75105;2;5;1.0;3.0;48.838489;2.350695;2024-05-23 08:30:00
202400024504.0;1;75;75109;2;7;3.0;6.0;48.883218;2.34678;2024-05-22 14:45:00
202400024505.0;1;75;75103;2;2;1.0;6.0;48.86272;2.3543;2024-05-22 09:50:00
202400024506.0;1;94;94080;2;1;1.0;6.0;48.85069897;2.44174361;2024-05-23 16:45:00
202400024507.0;1;94;94068;2;3;1.0;3.0;48.815342;2.473678;2024-05-23 08:35:00
202400024508.0;1;94;94068;2;1;1.0;3.0;48.795992;2.480943;2024-05-22 18:25:00
202400024509.0;1;94;94068;2;3;1.0;3.0;48.79661;2.50597;2024-05-22 17:10:00
202400024510.0;1;94;94003;2;3;1.0;6.0;48.80776;2.33382;2024-05-22 10:25:00
202400024511.0;1;94;94022;2;1;1.0;6.0;48.766358;2.408973;2024-05-23 19:00:00
202400024512.0;1;94;94022;2;1;1.0;6.0;48.762904;2.404801;2024-05-23 09:00:00
202400024513.0;1;94;94055;2;2;1.0;6.0;48.79550987;2.55036624;2024-05-22 12:15:00
202400024514.0;1;57;57631;1;1;1.0;2.0;49.09650768;7.04870478;2024-10-06 14:15:00
202400024515.0;4;94;94018;2;4;1.0;6.0;48.81713163;2.41689831;2024-05-23 02:40:00
202400024516.0;5;56;56083;2;1;2.0;6.0;47.80504;-3.25931;2024-10-08 20:42:00
202400024517.0;1;94;94017;2;1;1.0;3.0;48.821988;2.490999;2024-05-22 18:00:00
202400024518.0;1;56;56107;2;1;1.0;6.0;47.7077;-3.39074;2024-10-08 12:44:00
202400024519.0;1;93;93031;2;2;1.0;6.0;48.958006;2.29389;2024-04-23 18:15:00
202400024520.0;1;52;52121;2;1;1.0;6.0;48.11844;5.14952;2024-10-08 17:15:00
202400024521.0;1;93;93005;2;6;1.0;3.0;48.951419;2.485157;2024-05-23 20:00:00
202400024522.0;1;51;51454;2;1;1.0;7.0;49.24527;4.03893;2024-10-08 16:25:00
202400024523.0;1;92;92022;2;1;1.0;3.0;48.80829737;2.1944654;2024-05-22 18:40:00
202400024524.0;1;92;92036;2;1;1.0;3.0;48.9336;2.30276;2024-05-23 13:00:00
202400024525.0;1;51;51454;2;1;1.0;3.0;49.22308;4.01441;2024-10-08 10:50:00
202400024526.0;1;92;92012;2;1;8.0;2.0;48.8417;2.22533;2024-05-23 15:35:00
202400024527.0;5;50;50129;2;1;8.0;6.0;49.6344;-1.61202;2024-10-08 19:30:00
202400024528.0;1;92;92004;2;2;1.0;3.0;48.92949;2.2819;2024-05-23 18:00:00
202400024529.0;2;50;50129;2;1;8.0;2.0;49.64841;-1.64357;2024-10-08 07:55:00
202400024530.0;2;57;57028;1;6;1.0;3.0;49.209642;6.210397;2024-05-24 08:00:00
202400024531.0;5;50;50129;2;1;1.0;1.0;49.65751;-1.65834;2024-10-07 07:35:00
202400024532.0;1;40;40133;1;2;1.0;6.0;43.61259;-1.403268;2024-05-23 14:25:00
202400024533.0;1;21;21452;1;1;1.0;6.0;47.26563845;5.12926963;2024-05-24 11:09:00
202400024534.0;1;49;49328;2;1;1.0;6.0;47.25146;-0.06925;2024-05-30 16:42:00
202400024535.0;1;21;21599;1;1;8.0;6.0;47.647175;5.178624;2024-05-23 16:44:00
202400024536.0;1;46;46148;2;3;1.0;2.0;44.33909;1.54477;2024-05-23 11:35:00
202400024537.0;1;49;49007;2;1;1.0;2.0;47.47356;-0.54523;2024-10-08 15:10:00
202400024538.0;3;1;1157;1;1;1.0;6.0;46.03035;4.754773;2024-05-11 03:30:00
202400024539.0;1;45;45208;2;1;3.0;3.0;47.998929;2.729036;2024-10-09 14:25:00
202400024540.0;4;26;26009;2;1;1.0;7.0;45.242261;4.803761;2024-05-24 02:30:00
202400024541.0;1;45;45004;1;1;3.0;2.0;48.00197;2.782916;2024-10-09 08:01:00
202400024542.0;1;42;42307;1;1;1.0;1.0;45.552488;4.675664;2024-05-24 18:00:00
202400024543.0;1;44;44114;2;1;1.0;1.0;47.26964;-1.6199;2024-08-30 10:45:00
202400024544.0;1;44;44209;1;1;1.0;6.0;47.31817;-1.643529;2024-05-24 15:35:00
202400024545.0;3;34;34036;1;1;1.0;2.0;43.680989;3.379181;2024-05-24 00:45:00
202400024546.0;1;57;57038;1;6;1.0;2.0;49.475706;5.952755;2024-05-23 17:00:00
202400024547.0;1;56;56129;1;1;3.0;6.0;48.127012;-2.488909;2024-05-22 19:00:00
202400024548.0;5;42;42218;2;1;1.0;6.0;45.43843866;4.39651564;2024-10-05 05:38:00
202400024549.0;1;56;56013;2;6;2.0;3.0;47.666175;-3.179179;2024-05-17 11:00:00
202400024550.0;1;37;37261;2;1;2.0;6.0;47.37488;0.67894;2024-10-09 08:45:00
202400024551.0;1;65;65446;2;3;1.0;3.0;43.326333;0.100658;2024-05-22 07:30:00
202400024552.0;1;32;32158;1;1;1.0;6.0;43.920493;0.737345;2024-05-22 16:30:00
202400024553.0;5;37;37261;2;1;3.0;3.0;47.36389355;0.6858007;2024-10-09 05:50:00
202400024554.0;3;32;32262;1;1;1.0;6.0;43.673265;1.03633;2024-05-24 04:45:00
202400024555.0;1;71;71479;1;1;1.0;1.0;46.833583;4.433474;2024-05-24 16:38:00
202400024556.0;3;61;61207;1;1;2.0;7.0;48.317454;0.480968;2024-05-21 01:20:00
202400024557.0;5;33;33192;2;1;2.0;4.0;44.78529;-0.6056;2024-10-09 20:05:00
202400024558.0;1;68;68338;1;3;1.0;3.0;48.076179;7.257677;2024-05-23 16:22:00
202400024559.0;1;29;29013;1;1;1.0;3.0;48.36665277;-3.94891555;2024-05-23 20:10:00
202400024560.0;5;29;29019;2;2;2.0;3.0;48.413059;-4.496367;2024-10-08 22:51:00
202400024561.0;1;29;29081;1;1;1.0;6.0;48.365467;-3.77672;2024-05-21 09:05:00
202400024562.0;2;29;29019;2;1;2.0;6.0;48.396061;-4.535364;2024-10-08 19:10:00
202400024563.0;1;29;29263;1;3;1.0;3.0;48.22663879;-4.07745722;2024-05-24 12:50:00
202400024564.0;1;38;38399;1;1;2.0;1.0;45.494706;5.140786;2024-05-23 14:00:00
202400024565.0;1;29;29019;2;1;2.0;6.0;48.407566;-4.467743;2024-10-08 17:30:00
202400024566.0;1;2;2608;1;2;1.0;3.0;49.837737;4.061605;2024-05-24 14:50:00
202400024567.0;1;27;27681;1;3;3.0;3.0;49.10782;1.4997;2024-10-09 11:45:00
202400024568.0;1;2;2232;1;2;1.0;6.0;49.23241;2.98147;2024-05-23 16:45:00
202400024569.0;1;27;27229;2;1;1.0;6.0;49.02411;1.12384;2024-10-08 17:40:00
202400024570.0;1;15;15049;1;1;1.0;6.0;45.195179;2.695577;2024-05-24 12:00:00
202400024571.0;1;58;58095;1;1;1.0;7.0;46.795583;3.442706;2024-05-23 20:20:00
202400024572.0;2;27;27229;2;9;2.0;6.0;49.03077;1.16048;2024-10-08 08:00:00
202400024573.0;1;66;66149;1;1;1.0;1.0;42.626554;2.412035;2024-05-23 19:00:00
202400024574.0;5;25;25056;1;9;2.0;2.0;47.26729;6.00355;2024-10-09 19:30:00
202400024575.0;1;54;54010;1;2;1.0;3.0;48.54283591;5.80825925;2024-05-24 19:15:00
202400024576.0;1;13;13056;2;9;1.0;3.0;43.42367;5.04605;2024-10-09 08:15:00
202400024577.0;5;13;13202;2;2;1.0;1.0;43.29925;5.37416;2024-10-09 23:05:00
202400024578.0;5;13;13210;2;1;2.0;2.0;43.28151;5.42334;2024-10-09 18:45:00
202400024579.0;5;13;13028;2;1;1.0;2.0;43.17;5.61;2024-10-05 20:00:00
202400024580.0;5;10;10387;2;1;2.0;6.0;48.27896;4.06884;2024-10-09 20:16:00
202400024581.0;1;6;6029;2;1;1.0;2.0;43.555544;6.971119;2024-10-09 08:50:00
202400024582.0;1;75;75105;2;1;3.0;3.0;48.853093;2.343974;2024-10-09 13:00:00
202400024583.0;1;75;75118;2;3;3.0;3.0;48.892708;2.359722;2024-10-09 15:45:00
202400024584.0;5;75;75113;2;1;2.0;4.0;48.821815;2.3511612;2024-10-09 18:00:00
202400024585.0;5;75;75110;2;2;3.0;2.0;48.876644;2.356201;2024-10-09 19:15:00
202400024586.0;5;75;75109;2;7;2.0;3.0;48.871151;2.332345;2024-10-07 22:10:00
202400024587.0;5;75;75108;2;1;3.0;6.0;48.863508;2.301762;2024-10-09 19:59:00
202400024588.0;1;75;75108;2;2;3.0;6.0;48.871764;2.314205;2024-10-09 12:30:00
202400024589.0;2;75;75101;2;2;2.0;1.0;48.85849167;2.34248847;2024-10-09 08:40:00
202400024590.0;1;75;75101;2;2;1.0;3.0;48.8575;2.347809;2024-10-08 16:23:00
202400024591.0;5;75;75103;2;2;8.0;3.0;48.8677;2.354937;2024-10-08 05:50:00
202400024592.0;1;94;94003;2;1;2.0;6.0;48.81124599;2.32734901;2024-10-09 12:00:00
202400024593.0;3;93;93053;2;3;1.0;6.0;48.89;2.4697;2024-10-08 07:23:00
202400024594.0;5;93;93049;2;4;3.0;3.0;48.86291;2.51252;2024-10-09 19:58:00
202400024595.0;2;93;93048;2;2;3.0;6.0;48.85569641;2.4395723;2024-10-09 18:11:00
202400024596.0;1;93;93029;2;2;3.0;3.0;48.92256;2.45261;2024-10-09 13:05:00
202400024597.0;1;93;93029;2;3;2.0;3.0;48.92525;2.43724;2024-10-09 09:45:00
202400024598.0;1;93;93008;2;6;3.0;3.0;48.90764716;2.42580422;2024-10-09 15:54:00
202400024599.0;2;93;93005;2;6;3.0;1.0;48.92337617;2.49391803;2024-10-09 18:35:00
202400024600.0;5;92;92073;2;3;1.0;1.0;48.87097765;2.2144803;2024-10-09 00:45:00
202400024601.0;1;92;92063;2;9;1.0;3.0;48.88344;2.19096;2024-10-04 16:00:00
202400024602.0;1;92;92063;2;1;8.0;4.0;48.88815;2.16373;2024-10-08 11:00:00
202400024603.0;1;92;92049;2;1;1.0;7.0;48.81856;2.31935;2024-10-07 08:50:00
202400024604.0;1;92;92026;2;3;3.0;2.0;48.89840141;2.2490973;2024-10-09 11:30:00
202400024605.0;2;92;92026;2;1;2.0;6.0;48.89324;2.2524;2024-10-09 07:25:00
202400024606.0;5;92;92004;2;1;3.0;6.0;48.90979;2.28156;2024-10-09 19:15:00
202400024607.0;1;34;34295;1;3;1.0;7.0;43.56479;3.803571;2024-10-09 17:45:00
202400024608.0;1;974;97415;2;1;1.0;1.0;-20.987892;55.295557;2024-10-10 14:00:00
202400024609.0;3;84;84088;1;2;2.0;6.0;44.009754;5.024993;2024-10-10 01:15:00
202400024610.0;1;22;22206;2;3;1.0;3.0;48.540463;-2.973025;2024-10-09 17:55:00
202400024611.0;2;51;51609;2;1;2.0;6.0;49.102147;3.670726;2024-10-10 07:40:00
202400024612.0;2;37;37077;1;1;1.0;2.0;47.332512;0.455418;2024-10-10 07:55:00
202400024613.0;1;30;30047;2;1;1.0;7.0;43.805064;4.433295;2024-10-10 11:35:00
202400024614.0;1;4;4033;1;1;1.0;6.0;44.458087;6.244204;2024-10-10 08:30:00
202400024615.0;3;51;51507;1;1;2.0;2.0;49.090919;4.917323;2024-10-10 02:50:00
202400024616.0;1;51;51436;1;1;1.0;6.0;48.858482;4.487625;2024-10-10 10:05:00
202400024617.0;1;56;56219;1;1;3.0;1.0;47.766258;-2.499089;2024-10-09 13:27:00
202400024618.0;2;77;77025;1;1;3.0;1.0;48.397781;3.197523;2024-10-09 08:22:00
202400024619.0;1;2B;2B329;1;1;1.0;6.0;42.335691;9.176052;2024-10-09 13:40:00
202400024620.0;1;80;80706;1;1;1.0;1.0;50.058048;2.135661;2024-10-08 14:55:00
202400024621.0;1;63;63229;1;1;1.0;2.0;45.787487;3.363533;2024-10-10 18:18:00
202400024622.0;1;68;68049;1;1;1.0;6.0;47.500895;7.325327;2024-10-10 09:00:00
202400024623.0;1;29;29185;2;1;1.0;6.0;48.673138;-4.191713;2024-09-21 17:45:00
202400024624.0;3;31;31170;1;1;6.0;3.0;43.278955;0.72999;2024-10-09 19:30:00
202400024625.0;3;70;70311;2;6;3.0;7.0;47.821223;6.393555;2024-10-07 19:00:00
202400024626.0;1;50;50151;1;1;1.0;3.0;49.1820272;-1.5204006;2024-10-10 17:50:00
202400024627.0;1;45;45166;1;1;1.0;1.0;48.042954;1.801298;2024-10-10 08:15:00
202400024628.0;1;18;18008;1;2;1.0;3.0;46.967339;2.352464;2024-10-09 13:13:00
202400024629.0;3;36;36021;1;1;2.0;3.0;46.97231062;1.95410141;2024-10-10 05:15:00
202400024630.0;5;36;36140;2;6;3.0;7.0;46.888472;1.856475;2024-10-09 22:00:00
202400024631.0;1;16;16175;1;9;3.0;6.0;45.542307;-0.041714;2024-10-09 16:25:00
202400024632.0;1;21;21610;1;1;2.0;7.0;47.250339;5.447781;2024-10-08 09:55:00
202400024633.0;3;23;23240;1;1;6.0;6.0;46.338647;2.224195;2024-10-09 21:40:00