Num_Acc;lum;departement;commune;agglomeration;intersection;meteo;type_collision;lat;long;date
202400024634.0;1;30;30322;2;1;1.0;7.0;44.063564;3.828872;2024-10-10 09:00:00
202400024635.0;1;79;79355;1;1;1.0;2.0;46.311323;-0.352957;2024-08-20 11:25:00
202400024636.0;1;85;85102;1;1;1.0;6.0;46.873306;-1.644269;2024-10-10 12:00:00
202400024637.0;1;24;24077;1;1;1.0;1.0;44.956143;0.585912;2024-10-09 10:23:00
202400024638.0;2;45;45032;1;1;9.0;2.0;48.140555;2.913754;2024-10-10 08:30:00
202400024639.0;1;971;97118;2;1;1.0;1.0;16.223761;-61.611822;2024-10-09 13:30:00
202400024640.0;3;41;41220;1;1;1.0;1.0;47.739843;1.642413;2024-10-10 06:55:00
202400024641.0;1;13;13062;1;3;1.0;3.0;43.42439455;5.47477881;2024-10-07 17:10:00
202400024642.0;1;26;26252;1;1;1.0;5.0;44.86915154;4.8652482;2024-10-09 09:37:00
202400024643.0;1;68;68309;2;1;1.0;6.0;47.65582;7.456192;2024-09-24 18:30:00
202400024644.0;1;46;46109;1;1;2.0;2.0;44.337693;1.500535;2024-10-09 16:54:00
202400024645.0;1;16;16061;1;1;1.0;3.0;45.70783;0.27465;2024-10-10 12:01:00
202400024646.0;1;47;47094;1;1;3.0;1.0;44.43580437;0.25724745;2024-10-09 13:25:00
202400024647.0;1;33;33293;2;1;1.0;7.0;44.87434;-0.429627;2024-10-08 18:45:00
202400024648.0;1;33;33312;2;1;1.0;3.0;44.945988;-0.611522;2024-10-08 16:45:00
202400024649.0;1;85;85071;2;9;7.0;6.0;46.761541;-1.833052;2024-10-10 08:50:00
202400024650.0;1;50;50612;1;1;1.0;6.0;48.676847;-1.45003;2024-10-09 18:00:00
202400024651.0;1;14;14658;1;1;1.0;6.0;48.83448393;-1.028252;2024-10-10 17:30:00
202400024652.0;3;22;22093;1;1;2.0;1.0;48.424516;-2.50602;2024-10-09 19:45:00
202400024653.0;4;76;76099;1;1;3.0;1.0;49.542978;0.847535;2024-10-10 07:20:00
202400024654.0;1;54;54197;1;1;8.0;6.0;48.63380671;6.1819768;2024-10-08 14:40:00
202400024655.0;1;33;33013;1;1;1.0;4.0;44.84529;-0.502029;2024-09-20 17:30:00
202400024656.0;1;91;91479;1;1;3.0;4.0;48.72986;2.36853;2024-10-09 17:45:00
202400024657.0;1;92;92002;1;1;1.0;4.0;48.76314911;2.3053936;2024-10-09 12:30:00
202400024658.0;5;92;92051;1;1;1.0;3.0;48.87880132;2.27905835;2024-10-08 22:00:00
202400024659.0;1;92;92050;1;1;9.0;5.0;48.89706847;2.22199036;2024-10-08 15:30:00
202400024660.0;1;93;93078;1;1;8.0;2.0;48.96176998;2.54505298;2024-10-07 08:15:00
202400024661.0;3;91;91477;1;1;1.0;2.0;48.71765;2.25527;2024-07-13 02:04:00
202400024662.0;1;91;91223;1;1;1.0;6.0;48.4158;2.13012;2024-07-12 17:30:00
202400024663.0;1;91;91064;1;1;1.0;6.0;48.74605;2.19519;2024-07-11 17:40:00
202400024664.0;1;74;74305;2;1;1.0;6.0;46.20908;6.25456;2024-08-07 15:20:00
202400024665.0;1;29;29234;1;2;7.0;3.0;47.84800394;-3.50910819;2024-07-28 17:35:00
202400024666.0;1;974;97416;1;2;1.0;1.0;-21.32924;55.47544;2024-10-08 16:40:00
202400024667.0;1;974;97416;1;1;1.0;2.0;-21.33241;55.48021;2024-10-07 16:30:00
202400024668.0;1;974;97416;2;1;1.0;6.0;-21.3314;55.47221;2024-10-07 14:12:00
202400024669.0;3;974;97411;1;1;1.0;7.0;-20.90222;55.40749;2024-10-08 22:55:00
202400024670.0;1;974;97411;1;1;1.0;2.0;-20.88873545;55.38442442;2024-10-08 09:25:00
202400024671.0;1;974;97411;2;2;1.0;3.0;-20.8907;55.455;2024-10-08 07:15:00
202400024672.0;1;974;97407;2;1;1.0;6.0;-20.9345836;55.31748748;2024-10-08 11:50:00
202400024673.0;1;974;97407;2;1;1.0;7.0;-20.95698;55.31125;2024-10-08 08:40:00
202400024674.0;5;973;97302;2;1;1.0;3.0;4.9439;-52.30795;2024-10-08 20:55:00
202400024675.0;1;973;97302;2;1;1.0;3.0;4.93456;-52.30845;2024-10-08 07:00:00
202400024676.0;1;973;97302;2;1;1.0;5.0;4.932;-52.30741;2024-10-08 10:50:00
202400024677.0;1;973;97302;1;6;1.0;2.0;4.90739;-52.32271;2024-10-08 08:30:00
202400024678.0;1;69;69387;2;3;2.0;6.0;45.74388;4.85014;2024-10-08 17:38:00
202400024679.0;1;69;69383;2;3;3.0;3.0;45.74994;4.88577;2024-10-08 09:00:00
202400024680.0;1;69;69383;2;3;1.0;3.0;45.76215;4.85192;2024-10-08 08:30:00
202400024681.0;1;972;97209;2;1;1.0;7.0;14.61582;-61.05304;2024-10-08 08:20:00
202400024682.0;3;2B;2B120;2;1;1.0;6.0;42.65353;9.44217;2024-10-08 19:35:00
202400024683.0;1;971;97101;1;1;1.0;4.0;16.2536;-61.5489;2024-10-07 15:55:00
202400024684.0;1;971;97120;1;1;1.0;3.0;16.24822213;-61.53749228;2024-10-07 14:45:00
202400024685.0;1;95;95197;2;1;8.0;1.0;48.95902565;2.32472956;2024-10-08 14:30:00
202400024686.0;5;95;95500;2;9;8.0;1.0;49.04618382;2.0846247;2024-10-08 23:20:00
202400024687.0;1;91;91103;2;1;1.0;6.0;48.6;2.31398;2024-10-08 09:15:00
202400024688.0;1;91;91201;2;2;2.0;7.0;48.68359;2.432138;2024-10-08 08:05:00
202400024689.0;1;85;85194;2;1;2.0;7.0;46.497586;-1.78609;2024-10-05 17:50:00
202400024690.0;2;85;85194;2;6;1.0;6.0;46.50699;-1.75702;2024-10-08 07:50:00
202400024691.0;1;84;84007;2;3;1.0;2.0;43.9402;4.82979;2024-10-07 18:45:00
202400024692.0;1;83;83062;2;3;1.0;3.0;43.13506;6.03397;2024-10-07 16:30:00
202400024693.0;5;80;80021;2;1;2.0;7.0;49.88684;2.31596;2024-10-06 21:35:00
202400024694.0;1;77;77374;1;1;8.0;1.0;48.79372151;2.71476023;2024-10-08 10:20:00
202400024695.0;1;77;77058;1;1;2.0;1.0;48.8319;2.6986;2024-10-07 17:27:00
202400024696.0;3;77;77433;1;1;3.0;1.0;48.75546454;3.02839047;2024-10-08 20:00:00
202400024697.0;2;69;69266;2;1;3.0;6.0;45.76813;4.90246;2024-10-08 07:45:00
202400024698.0;1;67;67447;2;1;3.0;7.0;48.60664;7.73389;2024-10-07 09:00:00
202400024699.0;1;66;66136;2;1;1.0;2.0;42.73204;2.90583;2024-10-08 10:00:00
202400024700.0;1;66;66136;2;3;2.0;2.0;42.70466;2.89329;2024-10-07 10:40:00
202400024701.0;1;65;65440;2;9;1.0;3.0;43.21941839;0.05782978;2024-10-07 18:00:00
202400024702.0;1;62;62765;2;1;1.0;2.0;50.74480708;2.26325208;2024-10-03 18:45:00
202400024703.0;1;61;61006;2;6;1.0;3.0;48.741502;-0.025284;2024-10-08 12:05:00
202400024704.0;1;59;59560;2;3;1.0;3.0;50.54908;3.0289;2024-10-08 16:25:00
202400024705.0;1;59;59350;2;3;1.0;3.0;50.615;3.05;2024-10-08 12:25:00
202400024706.0;1;56;56260;2;1;1.0;6.0;47.65871;-2.75522;2024-10-08 15:00:00
202400024707.0;1;56;56260;2;1;8.0;6.0;47.6605;-2.76045;2024-10-07 16:57:00
202400024708.0;1;56;56121;2;1;1.0;6.0;47.74652;-3.35967;2024-10-08 15:15:00
202400024709.0;1;56;56121;2;6;1.0;3.0;47.7329098;-3.3721346;2024-10-08 09:00:00
202400024710.0;1;50;50129;2;1;1.0;1.0;49.6259267;-1.547578;2024-10-04 11:10:00
202400024711.0;1;49;49328;1;1;2.0;2.0;47.260152;-0.089125;2024-10-07 18:30:00
202400024712.0;1;49;49099;2;1;8.0;2.0;47.05685;-0.88882;2024-10-06 16:25:00
202400024713.0;5;49;49246;2;1;1.0;6.0;47.44259;-0.5274;2024-10-07 20:21:00
202400024714.0;2;49;49007;1;1;1.0;2.0;47.4645;-0.5722;2024-10-07 07:17:00
202400024715.0;5;45;45285;2;1;9.0;7.0;47.912719;1.881968;2024-10-08 23:37:00
202400024716.0;4;45;45147;2;1;2.0;6.0;47.921146;1.897925;2024-10-09 22:35:00
202400024717.0;1;45;45302;2;1;1.0;4.0;47.95134;1.86146;2024-10-08 16:25:00
202400024718.0;1;45;45286;2;3;2.0;4.0;47.884331;1.924462;2024-10-08 07:55:00
202400024719.0;1;45;45075;2;1;2.0;2.0;47.887071;1.838714;2024-10-07 16:35:00
202400024720.0;5;45;45068;2;6;2.0;1.0;48.00904;2.72161;2024-10-08 20:25:00
202400024721.0;1;45;45338;2;1;1.0;3.0;47.985103;2.705411;2024-10-07 08:35:00
202400024722.0;1;43;43157;2;1;1.0;6.0;45.04841;3.90263;2024-10-08 13:00:00
202400024723.0;1;37;37261;2;2;1.0;3.0;47.39355;0.68502;2024-10-08 09:05:00
202400024724.0;2;37;37261;2;6;2.0;3.0;47.39533368;0.67746779;2024-10-08 07:40:00
202400024725.0;3;37;37195;2;1;2.0;6.0;47.38974664;0.64776617;2024-10-08 06:05:00
202400024726.0;1;36;36044;2;1;1.0;3.0;46.82082;1.69748;2024-10-08 12:33:00
202400024727.0;1;34;34301;2;9;1.0;3.0;43.41026;3.67687;2024-10-08 16:30:00
202400024728.0;1;31;31555;2;1;1.0;6.0;43.63481;1.46358;2024-10-08 15:45:00
202400024729.0;2;31;31555;2;6;1.0;1.0;43.6239504;1.41935527;2024-10-08 08:00:00
202400024730.0;2;31;31149;2;1;1.0;3.0;43.61032;1.35216;2024-10-08 07:40:00
202400024731.0;1;30;30028;2;1;1.0;7.0;44.15546;4.61246;2024-10-08 16:40:00
202400024732.0;1;29;29232;2;1;1.0;2.0;47.975301;-4.097768;2024-10-08 09:20:00
202400024733.0;2;70;70285;2;3;9.0;7.0;47.57556;6.75917;2024-10-03 18:30:00
202400024734.0;1;23;23096;2;3;1.0;6.0;46.16712;1.87015;2024-10-08 07:55:00
202400024735.0;5;14;14220;2;1;1.0;7.0;49.35441;0.06591;2024-10-08 23:30:00
202400024736.0;1;13;13117;2;1;2.0;4.0;43.42438;5.26578;2024-10-08 08:00:00
202400024737.0;1;13;13208;2;9;1.0;6.0;43.25418;5.38323;2024-10-08 16:30:00
202400024738.0;1;13;13215;2;1;1.0;1.0;43.347;5.36858;2024-10-08 15:10:00
202400024739.0;1;13;13212;2;1;1.0;1.0;43.307;5.413;2024-10-08 14:00:00
202400024740.0;1;13;13047;2;6;1.0;7.0;43.49039;4.98654;2024-10-08 16:30:00
202400024741.0;4;13;13005;2;1;3.0;7.0;43.29835;5.59211;2024-10-08 05:00:00
202400024742.0;2;13;13001;2;4;3.0;3.0;43.52978;5.4133;2024-10-08 08:15:00
202400024743.0;3;11;11262;1;1;1.0;1.0;43.19638;3.0268;2024-10-05 04:10:00
202400024744.0;1;11;11069;2;3;1.0;1.0;43.21622;2.35987;2024-10-08 08:35:00
202400024745.0;1;74;74056;2;1;1.0;6.0;45.923966;6.872717;2024-01-26 12:45:00
202400024746.0;1;44;44109;2;1;1.0;6.0;47.20016579;-1.54390671;2024-06-06 19:20:00
202400024747.0;1;82;82125;2;1;1.0;6.0;43.948223;1.228505;2024-04-23 17:55:00
202400024748.0;2;973;97309;2;1;8.0;6.0;4.91935;-52.30218;2024-06-25 22:00:00
202400024749.0;1;69;69386;2;1;1.0;6.0;45.76509;4.8546;2024-06-26 09:37:00
202400024750.0;1;69;69381;2;1;1.0;2.0;45.77273;4.83618;2024-06-18 17:40:00
202400024751.0;1;69;69384;2;1;1.0;6.0;45.7744;4.81439;2024-06-25 18:15:00
202400024752.0;1;2B;2B033;2;1;1.0;6.0;42.67697;9.44448;2024-06-26 05:35:00
202400024753.0;1;971;97113;2;1;1.0;2.0;16.21359;-61.50085;2024-06-26 08:20:00
202400024754.0;1;95;95539;2;9;7.0;6.0;48.98999;2.36068;2024-06-26 10:40:00
202400024755.0;1;95;95428;2;4;1.0;3.0;48.9933;2.33346;2024-06-25 18:15:00
202400024756.0;5;91;91161;2;1;1.0;7.0;48.7047;2.32206;2024-06-26 03:10:00
202400024757.0;1;91;91326;2;3;1.0;3.0;48.68533;2.38327;2024-06-26 11:45:00
202400024758.0;1;91;91687;2;2;1.0;6.0;48.68153;2.37884;2024-06-12 12:28:00
202400024759.0;1;84;84031;2;1;1.0;6.0;44.05472;5.04422;2024-06-26 15:10:00
202400024760.0;1;83;83129;2;1;1.0;6.0;43.08919599;5.81147164;2024-06-26 20:10:00
202400024761.0;1;83;83069;2;1;1.0;1.0;43.1213;6.13374;2024-06-23 17:50:00
202400024762.0;1;80;80021;2;1;1.0;3.0;49.8801;2.283;2024-06-25 09:30:00
202400024763.0;1;79;79329;1;2;1.0;3.0;46.97783;-0.1807;2024-06-26 14:00:00
202400024764.0;1;77;77152;2;1;1.0;6.0;48.52113;2.64312;2024-06-25 17:30:00
202400024765.0;1;72;72181;2;2;1.0;3.0;47.97336;0.20357;2024-06-26 10:30:00
202400024766.0;1;72;72181;2;1;1.0;6.0;47.99022;0.18246;2024-06-25 19:25:00
202400024767.0;1;69;69290;2;3;1.0;3.0;45.69449;4.94121;2024-06-25 11:55:00
202400024768.0;1;67;67482;2;1;1.0;3.0;48.5713;7.77349;2024-06-25 18:35:00
202400024769.0;1;67;67482;2;1;1.0;6.0;48.58377;7.77116;2024-06-25 11:20:00
202400024770.0;1;67;67043;2;1;1.0;6.0;48.6139;7.7329;2024-06-25 07:30:00
202400024771.0;1;65;65286;2;3;1.0;3.0;43.09355;-0.04758;2024-06-25 19:45:00
202400024772.0;1;64;64348;2;1;1.0;6.0;43.30842341;-0.42232454;2024-06-26 16:00:00
202400024773.0;5;64;64024;2;6;1.0;6.0;43.49675478;-1.50949091;2024-06-26 04:15:00
202400024774.0;1;64;64102;2;1;1.0;7.0;43.48375;-1.45562;2024-06-25 16:25:00
202400024775.0;1;64;64140;2;1;1.0;2.0;43.51889;-1.48646;2024-06-25 13:50:00
202400024776.0;1;63;63014;2;9;1.0;3.0;45.74944;3.13706;2024-06-26 18:36:00
202400024777.0;4;61;61006;2;1;1.0;6.0;48.720458;-0.010671;2024-06-26 00:20:00
202400024778.0;1;60;60665;1;1;1.0;6.0;49.4091;2.77871;2024-06-25 12:40:00
202400024779.0;1;59;59183;2;1;1.0;3.0;51.03979;2.37209;2024-06-26 21:00:00
202400024780.0;1;59;59178;2;1;1.0;3.0;50.4072368;3.12740688;2024-06-25 13:20:00
202400024781.0;1;59;59574;2;1;1.0;6.0;50.36071822;3.28051945;2024-06-25 08:50:00
202400024782.0;1;57;57368;2;1;1.0;6.0;49.339225;6.042386;2024-06-25 14:00:00
202400024783.0;1;56;56260;2;1;1.0;6.0;47.65892;-2.75966;2024-06-26 11:00:00
202400024784.0;1;56;56121;1;6;1.0;2.0;47.736018;-3.365718;2024-06-25 13:15:00
202400024785.0;1;54;54482;2;1;1.0;6.0;48.700764;6.201991;2024-06-25 17:35:00
202400024786.0;1;51;51108;2;3;1.0;3.0;48.95467;4.34881;2024-06-25 08:00:00
202400024787.0;1;51;51108;2;1;1.0;7.0;48.95084;4.36953;2024-06-24 15:44:00
202400024788.0;2;49;49099;2;6;1.0;6.0;47.0395;-0.88522;2024-05-23 21:50:00
202400024789.0;3;49;49099;2;2;1.0;3.0;47.05883;-0.86627;2024-06-09 02:25:00
202400024790.0;1;49;49007;2;1;1.0;6.0;47.48098;-0.56135;2024-06-26 07:45:00
202400024791.0;5;42;42071;2;1;1.0;6.0;46.019669;4.090024;2024-05-01 03:20:00
202400024792.0;1;38;38185;2;1;1.0;6.0;45.18776;5.72327;2024-06-26 19:34:00
202400024793.0;1;37;37214;2;6;1.0;3.0;47.41968;0.66328;2024-06-25 17:02:00
202400024794.0;1;35;35278;1;6;1.0;2.0;48.15464;-1.70087;2024-06-26 10:25:00
202400024795.0;1;35;35238;2;2;1.0;1.0;48.12224666;-1.66174382;2024-06-26 10:00:00
202400024796.0;1;34;34172;2;6;1.0;3.0;43.6183;3.86327;2024-06-26 18:40:00
202400024797.0;1;34;34003;2;1;1.0;2.0;43.28219;3.5174;2024-06-25 08:48:00
202400024798.0;1;33;33318;2;2;1.0;3.0;44.80767;-0.66203;2024-06-26 11:30:00
202400024799.0;1;33;33119;1;1;1.0;6.0;44.857288;-0.538979;2024-06-24 17:00:00
202400024800.0;5;31;31555;2;1;1.0;6.0;43.6028;1.36714;2024-06-26 02:25:00
202400024801.0;3;15;15012;1;6;1.0;3.0;44.89353;2.44299;2024-06-25 22:15:00
202400024802.0;1;15;15014;2;1;1.0;3.0;44.91574;2.42966;2024-06-25 11:10:00
202400024803.0;1;15;15014;2;2;1.0;6.0;44.92859;2.43341;2024-06-25 12:05:00
202400024804.0;5;13;13204;2;1;1.0;3.0;43.29766;5.40632;2024-06-26 22:45:00
202400024805.0;1;13;13205;2;1;1.0;3.0;43.2898;5.3982;2024-06-26 11:24:00
202400024806.0;5;13;13216;2;1;1.0;1.0;43.36034;5.33017;2024-06-26 02:48:00
202400024807.0;5;13;13204;2;2;1.0;2.0;43.30962;5.40293;2024-06-26 01:35:00
202400024808.0;5;13;13005;2;9;1.0;1.0;43.29456428;5.5602622;2024-06-26 22:30:00
202400024809.0;1;13;13001;2;1;1.0;1.0;43.53087;5.41605;2024-06-26 16:30:00
202400024810.0;1;13;13001;2;1;1.0;1.0;43.54924228;5.45604361;2024-06-21 17:10:00
202400024811.0;1;11;11262;2;1;1.0;6.0;43.18784;3.00741;2024-06-26 20:25:00
202400024812.0;1;11;11262;1;1;1.0;6.0;43.158345;2.969263;2024-06-26 09:00:00
202400024813.0;1;11;11069;2;1;1.0;6.0;43.21061852;2.33970165;2024-06-25 16:45:00
202400024814.0;5;6;6088;2;1;1.0;6.0;43.690432;7.242871;2024-06-26 23:05:00
202400024815.0;1;6;6088;2;1;1.0;3.0;43.7084965;7.2758125;2024-06-26 13:06:00
202400024816.0;5;6;6088;2;1;2.0;2.0;43.6813;7.2318;2024-06-25 00:19:00
202400024817.0;1;1;1053;2;3;1.0;6.0;46.211189;5.243419;2024-06-26 07:50:00
202400024818.0;1;21;21605;2;3;1.0;6.0;47.28994;5.103263;2024-11-16 15:30:00
202400024819.0;1;77;77238;1;1;1.0;7.0;48.890653;3.094631;2024-11-11 15:55:00
202400024820.0;1;75;75113;2;1;1.0;3.0;48.816833;2.364982;2024-06-26 11:45:00
202400024821.0;3;77;77317;2;1;1.0;6.0;48.605649;2.900026;2024-11-15 21:45:00
202400024822.0;1;75;75116;2;1;1.0;2.0;48.869067;2.27085;2024-06-26 09:40:00
202400024823.0;3;84;84118;1;1;1.0;6.0;43.963075;5.329249;2024-11-15 22:50:00
202400024824.0;1;75;75105;2;2;1.0;6.0;48.848626;2.348517;2024-06-26 17:25:00
202400024825.0;1;67;67282;2;1;1.0;2.0;48.621741;7.485812;2024-11-13 17:00:00
202400024826.0;1;75;75119;2;3;1.0;6.0;48.888762;2.393133;2024-06-26 08:40:00
202400024827.0;3;38;38449;2;1;8.0;6.0;45.658515;5.100352;2024-11-15 17:40:00
202400024828.0;1;75;75118;2;3;1.0;6.0;48.89772519;2.33750761;2024-06-26 17:15:00
202400024829.0;3;33;33164;1;1;1.0;6.0;44.540758;-0.291175;2024-11-14 19:50:00
202400024830.0;1;75;75118;2;1;1.0;5.0;48.900374;2.370163;2024-06-26 08:50:00
202400024831.0;2;49;49023;1;3;5.0;1.0;47.18031;-0.930356;2024-11-15 08:00:00
202400024832.0;1;75;75117;2;2;1.0;6.0;48.89192;2.322167;2024-06-26 19:20:00
202400024833.0;1;61;61165;1;3;1.0;2.0;48.416975;-0.022817;2024-11-15 13:45:00
202400024834.0;1;75;75117;2;1;1.0;3.0;48.893466;2.315319;2024-06-26 09:50:00
202400024835.0;1;75;75116;2;3;1.0;3.0;48.863961;2.298853;2024-06-26 18:35:00
202400024836.0;5;13;13213;1;1;1.0;2.0;43.32991797;5.40384676;2024-11-14 20:00:00
202400024837.0;1;75;75117;2;4;1.0;3.0;48.879755;2.28936;2024-06-25 19:29:00
202400024838.0;2;13;13211;1;1;1.0;2.0;43.28649;5.43415;2024-11-15 07:20:00
202400024839.0;1;75;75115;2;3;1.0;6.0;48.84671;2.30625;2024-06-26 16:30:00
202400024840.0;3;13;13216;1;1;1.0;3.0;43.35189801;5.34811807;2024-11-14 06:20:00
202400024841.0;3;13;13215;1;1;1.0;6.0;43.33188505;5.35414144;2024-11-14 23:53:00
202400024842.0;1;75;75115;2;2;1.0;6.0;48.842349;2.29416;2024-06-26 14:00:00
202400024843.0;3;13;13005;1;1;1.0;6.0;43.28369465;5.58567883;2024-11-14 20:00:00
202400024844.0;1;75;75115;2;1;1.0;6.0;48.846049;2.307654;2024-06-26 07:15:00
202400024845.0;1;13;13005;1;1;1.0;2.0;43.28664642;5.53629823;2024-11-14 14:30:00
202400024846.0;5;75;75112;2;1;1.0;2.0;48.846832;2.412837;2024-06-26 00:40:00
202400024847.0;1;13;13216;1;1;1.0;3.0;43.3476;5.345;2024-11-13 12:10:00
202400024848.0;1;75;75112;2;2;1.0;2.0;48.849625;2.374305;2024-06-25 18:15:00
202400024849.0;5;83;83137;1;1;1.0;2.0;43.12509627;5.96961742;2024-11-14 19:50:00
202400024850.0;1;75;75112;2;2;1.0;3.0;48.840891;2.404715;2024-06-25 14:20:00
202400024851.0;1;75;75107;2;2;1.0;6.0;48.859234;2.305093;2024-06-26 15:05:00
202400024852.0;3;69;69266;1;1;1.0;4.0;45.77471;4.89899;2024-11-09 00:00:00
202400024853.0;1;75;75107;2;3;1.0;3.0;48.856032;2.325955;2024-06-26 11:50:00
202400024854.0;5;33;33063;1;1;1.0;2.0;44.88083;-0.54213;2024-11-15 21:10:00
202400024855.0;5;75;75107;2;7;1.0;3.0;48.862408;2.30179;2024-06-25 23:25:00
202400024856.0;1;33;33550;1;1;1.0;2.0;44.77564;-0.55671;2024-11-13 11:45:00
202400024857.0;5;94;94081;2;1;1.0;7.0;48.77249;2.37325;2024-06-25 22:40:00
202400024858.0;1;94;94080;2;1;1.0;6.0;48.84750003;2.43392068;2024-06-26 14:30:00
202400024859.0;3;62;62249;1;1;1.0;2.0;50.42441;3.01522;2024-11-15 07:02:00
202400024860.0;3;78;78466;1;1;1.0;1.0;48.92743;1.99181;2024-11-15 18:25:00
202400024861.0;1;94;94074;2;1;1.0;5.0;48.76567;2.4416;2024-06-26 08:15:00
202400024862.0;1;94;94041;2;9;1.0;3.0;48.81266;2.38736;2024-06-26 13:50:00
202400024863.0;1;92;92064;1;1;1.0;4.0;48.83963957;2.19735978;2024-11-15 13:30:00
202400024864.0;1;94;94038;2;1;1.0;3.0;48.77602;2.33992;2024-06-26 13:00:00
202400024865.0;1;92;92025;1;1;1.0;2.0;48.93376075;2.25454017;2024-11-15 13:50:00
202400024866.0;1;77;77291;1;1;1.0;3.0;49.00543;2.61477;2024-06-26 10:45:00
202400024867.0;1;92;92025;1;1;8.0;3.0;48.93213484;2.24735175;2024-11-15 08:00:00
202400024868.0;1;93;93066;2;3;1.0;6.0;48.90827771;2.36441016;2024-06-26 11:00:00
202400024869.0;1;92;92036;1;1;1.0;3.0;48.93726854;2.29465127;2024-11-14 07:45:00
202400024870.0;1;93;93066;2;1;1.0;3.0;48.91103;2.35767;2024-06-26 07:33:00
202400024871.0;1;95;95061;1;1;1.0;6.0;49.06798361;2.25451979;2024-11-15 09:55:00
202400024872.0;1;93;93064;2;1;1.0;2.0;48.880984;2.471565;2024-06-26 15:40:00
202400024873.0;3;95;95306;1;1;1.0;2.0;49.00685223;2.16266973;2024-11-14 22:35:00
202400024874.0;3;94;94015;1;1;1.0;2.0;48.82945356;2.52827231;2024-11-15 19:20:00
202400024875.0;1;93;93055;2;3;1.0;3.0;48.897172;2.399834;2024-06-26 16:45:00
202400024876.0;1;93;93053;2;1;1.0;6.0;48.8921317;2.46769398;2024-06-25 15:10:00
202400024877.0;3;77;77053;1;1;1.0;2.0;48.68816237;2.59637086;2024-11-15 18:30:00
202400024878.0;1;93;93032;2;3;1.0;3.0;48.872996;2.553428;2024-06-26 08:45:00
202400024879.0;1;13;13038;1;1;1.0;3.0;43.72927;4.745579;2024-07-06 16:00:00
202400024880.0;1;988;98818;2;1;7.0;6.0;-22.24115;166.46115;2024-11-15 09:00:00
202400024881.0;1;93;93079;2;2;1.0;3.0;48.96159;2.34283;2024-06-26 17:09:00
202400024882.0;1;93;93029;2;1;1.0;7.0;48.927718;2.448961;2024-06-26 16:00:00
202400024883.0;5;976;97611;2;1;1.0;3.0;-12.7783;45.23177;2024-11-14 19:25:00
202400024884.0;1;93;93008;2;1;1.0;2.0;48.91352;2.43821;2024-06-26 20:50:00
202400024885.0;1;974;97416;2;1;1.0;1.0;-21.29231;55.46599;2024-11-14 11:40:00
202400024886.0;5;973;97302;2;1;1.0;3.0;4.93756;-52.3159;2024-11-14 20:00:00
202400024887.0;5;69;69386;2;1;1.0;6.0;45.7755;4.84306;2024-11-14 18:00:00
202400024888.0;1;92;92062;2;1;1.0;3.0;48.88270116;2.24806345;2024-06-26 11:00:00
202400024889.0;5;92;92040;2;3;1.0;2.0;48.8310541;2.27887774;2024-06-25 23:45:00
202400024890.0;2;92;92024;2;1;1.0;6.0;48.9014174;2.31512922;2024-06-26 20:00:00
202400024891.0;1;69;69386;2;3;1.0;3.0;45.766;4.84444;2024-11-14 14:45:00
202400024892.0;1;92;92004;2;1;1.0;3.0;48.91224772;2.29532146;2024-06-26 19:50:00
202400024893.0;1;60;60402;2;3;1.0;1.0;49.35704;2.756506;2024-06-27 09:20:00
202400024894.0;1;76;76115;2;3;1.0;7.0;49.599238;0.564578;2024-06-27 20:00:00
202400024895.0;1;69;69387;2;1;1.0;6.0;45.7411;4.85492;2024-11-14 09:50:00
202400024896.0;1;37;37031;1;4;7.0;3.0;47.291605;0.187964;2024-06-26 18:00:00
202400024897.0;1;972;97213;1;1;1.0;4.0;14.614;-61.013;2024-11-05 09:50:00
202400024898.0;1;12;12300;2;1;1.0;1.0;44.365511;2.032471;2024-06-27 18:45:00
202400024899.0;1;972;97209;2;3;1.0;3.0;14.62796;-61.05709;2024-11-13 11:20:00
202400024900.0;1;36;36097;1;1;1.0;6.0;47.00261124;1.75852845;2024-06-26 19:15:00
202400024901.0;1;972;97209;1;1;1.0;6.0;14.60952;-61.06576;2024-11-13 09:15:00
202400024902.0;1;86;86165;1;1;1.0;1.0;46.444453;0.829812;2024-06-27 10:20:00
202400024903.0;5;69;69382;2;5;1.0;3.0;45.75723;4.83665;2024-11-14 19:09:00
202400024904.0;1;2B;2B033;2;1;1.0;2.0;42.7089;9.454;2024-11-13 07:41:00
202400024905.0;1;65;65337;1;3;1.0;3.0;43.228939;0.30894;2024-06-27 08:13:00
202400024906.0;1;971;97101;2;3;1.0;3.0;16.27297;-61.50505;2024-11-14 12:30:00
202400024907.0;1;971;97101;1;1;1.0;3.0;16.29304;-61.51134;2024-11-14 08:45:00
202400024908.0;2;14;14738;1;1;1.0;2.0;49.162393;-0.449152;2024-06-26 07:00:00
202400024909.0;1;971;97120;2;1;1.0;2.0;16.24065469;-61.53180599;2024-11-13 13:45:00
202400024910.0;1;2A;2A004;2;2;1.0;3.0;41.93063;8.73774;2024-11-14 13:40:00
202400024911.0;3;95;95607;2;1;1.0;2.0;49.00715652;2.20413744;2024-11-12 03:44:00
202400024912.0;1;95;95210;2;1;1.0;3.0;48.97583766;2.30786952;2024-11-14 14:20:00
202400024913.0;1;44;44113;1;2;1.0;3.0;47.593452;-1.588072;2024-06-27 15:15:00
202400024914.0;1;95;95306;2;1;8.0;6.0;48.98972;2.16375;2024-11-14 08:40:00
202400024915.0;5;91;91425;2;1;1.0;6.0;48.63796;2.27737;2024-11-14 18:20:00
202400024916.0;1;71;71456;1;2;1.0;3.0;46.808982;5.027157;2024-06-27 09:25:00
202400024917.0;1;62;62458;2;1;1.0;7.0;50.804592;2.178174;2024-06-27 07:30:00