Num_Acc;lum;departement;commune;agglomeration;intersection;meteo;type_collision;lat;long;date
202400024918.0;1;91;91521;2;3;1.0;3.0;48.64761;2.39686;2024-11-14 08:10:00
202400024919.0;1;56;56079;1;1;1.0;7.0;47.938668;-2.524747;2024-06-26 18:12:00
202400024920.0;1;56;56124;2;9;1.0;6.0;47.810448;-2.384194;2024-06-26 14:45:00
202400024921.0;1;84;84007;2;3;1.0;3.0;43.93705;4.80491;2024-11-14 17:45:00
202400024922.0;1;56;56053;1;3;1.0;3.0;47.71257;-2.612332;2024-06-27 08:10:00
202400024923.0;1;83;83144;2;1;1.0;6.0;43.13686;6.00251;2024-11-14 16:20:00
202400024924.0;1;56;56206;2;9;1.0;6.0;47.679517;-2.762272;2024-06-26 08:05:00
202400024925.0;1;83;83137;2;3;1.0;3.0;43.12454;5.93475;2024-11-14 12:30:00
202400024926.0;1;82;82121;1;6;1.0;6.0;44.00238;1.34044;2024-11-08 12:25:00
202400024927.0;1;59;59580;1;1;1.0;1.0;50.796482;2.619563;2024-06-26 19:00:00
202400024928.0;1;80;80021;2;1;1.0;7.0;49.87722;2.26199;2024-11-13 17:30:00
202400024929.0;1;78;78440;2;1;1.0;6.0;48.99748;1.91002;2024-11-13 15:20:00
202400024930.0;5;77;77251;2;1;1.0;6.0;48.61391;2.53943;2024-11-13 19:35:00
202400024931.0;3;76;76351;2;2;1.0;3.0;49.514289;0.108591;2024-11-13 18:20:00
202400024932.0;1;59;59268;1;8;1.0;3.0;50.642814;2.775746;2024-06-26 18:30:00
202400024933.0;3;73;73065;1;1;1.0;2.0;45.58714;5.90368;2024-11-14 18:50:00
202400024934.0;1;72;72181;2;3;1.0;3.0;47.97103;0.21067;2024-11-13 13:00:00
202400024935.0;1;71;71306;2;2;1.0;3.0;46.66497269;4.36813563;2024-11-14 15:05:00
202400024936.0;1;67;67310;1;3;1.0;1.0;48.213249;7.519141;2024-06-27 17:49:00
202400024937.0;2;67;67482;2;3;2.0;6.0;48.56729;7.76917;2024-11-13 16:35:00
202400024938.0;2;65;65440;2;2;8.0;3.0;43.24005;0.0517;2024-11-13 17:40:00
202400024939.0;1;76;76159;1;1;1.0;6.0;49.768017;0.637878;2024-06-27 18:20:00
202400024940.0;5;64;64445;2;2;1.0;6.0;43.32469898;-0.35756126;2024-11-14 18:00:00
202400024941.0;1;64;64445;1;1;1.0;2.0;43.32319;-0.31545;2024-11-14 13:00:00
202400024942.0;1;2A;2A008;1;1;1.0;1.0;41.86062023;8.85900848;2024-06-26 16:45:00
202400024943.0;1;64;64373;2;1;8.0;6.0;43.28057;-0.35484;2024-11-14 08:20:00
202400024944.0;1;2B;2B252;1;1;1.0;1.0;42.443285;9.457555;2024-06-27 10:35:00
202400024945.0;1;64;64125;2;3;1.0;1.0;43.4364;-1.5942;2024-11-13 16:20:00
202400024946.0;1;89;89446;1;1;1.0;6.0;47.470233;3.725084;2024-06-27 09:12:00
202400024947.0;1;89;89419;2;1;1.0;2.0;47.72785;3.30886;2024-06-27 10:00:00
202400024948.0;2;89;89292;1;1;3.0;6.0;47.959;3.8344;2024-06-27 19:00:00
202400024949.0;1;62;62108;2;6;1.0;3.0;50.403;1.59239;2024-11-13 15:20:00
202400024950.0;5;60;60463;2;3;2.0;6.0;49.27552;2.47754;2024-11-14 19:00:00
202400024951.0;1;63;63172;1;1;1.0;7.0;45.57233832;3.05939601;2024-06-25 18:42:00
202400024952.0;1;59;59426;2;2;1.0;3.0;50.756761;3.163009;2024-11-14 13:50:00
202400024953.0;1;59;59350;2;1;8.0;6.0;50.62144;3.059214;2024-11-14 15:45:00
202400024954.0;2;63;63146;1;2;1.0;3.0;45.72177802;3.36362775;2024-06-26 21:25:00
202400024955.0;2;61;61050;1;1;1.0;6.0;48.444877;0.714159;2024-06-26 21:50:00
202400024956.0;1;56;56260;2;1;1.0;4.0;47.67096;-2.77089;2024-11-14 12:35:00
202400024957.0;3;56;56098;2;6;1.0;7.0;47.76596;-3.32954;2024-11-14 01:55:00
202400024958.0;1;61;61507;1;1;1.0;6.0;48.538914;0.598154;2024-06-27 16:40:00
202400024959.0;5;83;83137;2;1;1.0;1.0;43.12895768;5.89524221;2024-03-07 21:11:00
202400024960.0;1;41;41209;1;1;7.0;6.0;47.833081;1.129622;2024-06-23 11:00:00
202400024961.0;5;54;54495;2;2;1.0;6.0;48.68555;6.24025;2024-11-14 17:45:00
202400024962.0;2;80;80021;2;1;1.0;1.0;49.87461;2.26648;2024-03-07 17:30:00
202400024963.0;1;29;29185;2;3;1.0;3.0;48.65427687;-4.1692217;2024-06-25 07:40:00
202400024964.0;2;78;78551;1;1;1.0;6.0;48.91635;2.06509;2024-03-07 18:35:00
202400024965.0;1;54;54395;2;3;1.0;3.0;48.68783;6.18228;2024-11-13 16:40:00
202400024966.0;2;2;2014;2;2;1.0;3.0;49.607703;3.302532;2024-06-26 21:40:00
202400024967.0;3;77;77373;1;1;1.0;2.0;48.78375;2.62599;2024-03-07 01:15:00
202400024968.0;1;54;54395;2;1;1.0;7.0;48.67918698;6.19799763;2024-11-13 13:20:00
202400024969.0;5;51;51230;2;6;1.0;6.0;49.0297;3.9534;2024-11-14 19:10:00
202400024970.0;1;54;54157;2;1;1.0;2.0;48.838539;6.072281;2024-06-27 08:15:00
202400024971.0;2;77;77288;2;1;1.0;6.0;48.54624;2.6506;2024-03-07 08:00:00
202400024972.0;1;51;51108;2;3;1.0;6.0;48.954203;4.350964;2024-11-07 13:25:00
202400024973.0;5;77;77284;2;6;1.0;3.0;48.96254;2.87612;2024-03-07 19:30:00
202400024974.0;1;6;6023;1;9;1.0;7.0;43.882036;7.510016;2024-06-26 19:50:00
202400024975.0;2;77;77132;2;9;2.0;1.0;48.9059;2.8003;2024-03-06 17:45:00
202400024976.0;1;49;49099;2;3;8.0;6.0;47.04802;-0.8746;2024-11-10 16:45:00
202400024977.0;1;14;14169;1;1;1.0;6.0;49.299578;-0.517623;2024-06-22 07:55:00
202400024978.0;1;77;77333;2;1;1.0;6.0;48.263226;2.699766;2024-03-07 09:42:00
202400024979.0;5;49;49007;2;1;1.0;6.0;47.47377;-0.57393;2024-11-14 22:15:00
202400024980.0;5;76;76498;2;3;1.0;6.0;49.4267;1.06213;2024-03-07 06:15:00
202400024981.0;1;60;60616;2;1;7.0;3.0;49.360588;1.768998;2024-06-27 14:19:00
202400024982.0;2;49;49246;2;1;1.0;3.0;47.43377;-0.51979;2024-11-13 07:40:00
202400024983.0;1;74;74010;2;4;1.0;3.0;45.91206;6.11343;2024-03-07 09:26:00
202400024984.0;1;16;16308;1;1;1.0;3.0;45.89707;0.455718;2024-06-27 11:20:00
202400024985.0;1;47;47031;1;1;1.0;3.0;44.17763;0.64001;2024-11-14 16:15:00
202400024986.0;1;69;69264;2;1;1.0;2.0;45.98322585;4.71962679;2024-03-07 16:00:00
202400024987.0;2;7;7304;1;1;1.0;7.0;44.387696;4.376169;2024-06-27 06:30:00
202400024988.0;1;47;47001;2;1;1.0;6.0;44.19971;0.61709;2024-11-14 09:20:00
202400024989.0;5;69;69259;2;1;2.0;6.0;45.68908996;4.86493068;2024-02-19 01:30:00
202400024990.0;1;45;45234;2;9;1.0;6.0;47.906356;1.921946;2024-11-14 12:00:00
202400024991.0;1;7;7330;1;1;1.0;3.0;44.406493;4.422222;2024-06-26 20:00:00
202400024992.0;1;66;66136;2;1;1.0;6.0;42.73261;2.88955;2024-03-07 14:45:00
202400024993.0;3;17;17026;1;2;1.0;7.0;45.837127;-0.424712;2024-06-25 00:38:00
202400024994.0;5;64;64445;2;9;1.0;2.0;43.31018;-0.37708;2024-03-07 21:20:00
202400024995.0;1;44;44184;2;1;1.0;5.0;47.27063;-2.25013;2024-11-13 16:45:00
202400024996.0;1;64;64445;2;1;1.0;2.0;43.31654;-0.37814;2024-03-07 09:06:00
202400024997.0;1;88;88372;1;1;7.0;1.0;48.419525;6.895423;2024-06-26 16:15:00
202400024998.0;1;44;44143;2;1;1.0;6.0;47.19203;-1.54757;2024-11-12 08:15:00
202400024999.0;1;64;64125;2;9;1.0;2.0;43.43773203;-1.58976942;2024-03-07 11:50:00
202400025000.0;1;987;98734;1;1;7.0;2.0;-17.75655635;-149.51990604;2024-06-26 16:00:00
202400025001.0;1;34;34172;2;1;1.0;6.0;43.59651;3.84514;2024-11-14 07:15:00
202400025002.0;1;63;63113;2;3;1.0;3.0;45.78760546;3.06289762;2024-03-07 08:00:00
202400025003.0;1;10;10438;1;1;1.0;6.0;48.167849;4.547718;2024-06-26 12:12:00
202400025004.0;5;62;62528;2;1;1.0;6.0;50.45269;2.79611;2024-03-07 19:50:00
202400025005.0;5;33;33063;2;5;1.0;3.0;44.8395;-0.58093;2024-11-14 20:30:00
202400025006.0;1;59;59599;2;1;1.0;6.0;50.725016;3.16735;2024-03-07 15:15:00
202400025007.0;1;24;24091;1;2;1.0;3.0;44.771582;1.218171;2024-06-27 14:30:00
202400025008.0;5;33;33162;2;1;1.0;3.0;44.86194;-0.64442;2024-11-14 18:15:00
202400025009.0;1;6;6085;2;9;1.0;2.0;43.580591;7.006789;2024-06-27 08:50:00
202400025010.0;1;59;59350;2;1;8.0;2.0;50.626429;3.031136;2024-03-06 17:20:00
202400025011.0;1;53;53001;1;2;1.0;3.0;47.989579;-0.853661;2024-06-26 17:04:00
202400025012.0;1;33;33032;2;1;1.0;3.0;44.89123;-0.51639;2024-11-14 08:00:00
202400025013.0;1;59;59017;2;1;7.0;6.0;50.69417;2.88715;2024-03-07 10:40:00
202400025014.0;5;987;98715;2;1;1.0;3.0;-17.552912;-149.599537;2024-06-26 18:30:00
202400025015.0;1;33;33162;2;1;1.0;3.0;44.86095;-0.63981;2024-11-13 17:45:00
202400025016.0;1;56;56260;2;1;1.0;2.0;47.64495;-2.75983;2024-03-07 16:03:00
202400025017.0;1;6;6088;2;1;8.0;3.0;43.724529;7.229626;2024-06-26 16:30:00
202400025018.0;3;33;33529;1;3;1.0;2.0;44.58754;-1.13515;2024-11-13 07:30:00
202400025019.0;1;56;56098;2;2;2.0;3.0;47.763387;-3.3615991;2024-03-06 12:38:00
202400025020.0;3;38;38348;1;1;1.0;2.0;45.572336;5.317307;2024-06-26 02:40:00
202400025021.0;2;31;31555;2;7;1.0;3.0;43.5632141;1.395641;2024-11-14 18:00:00
202400025022.0;1;78;78569;1;1;1.0;6.0;48.548463;1.915922;2024-06-26 16:05:00
202400025023.0;1;51;51454;2;1;1.0;1.0;49.27017;4.05427;2024-03-06 12:20:00
202400025024.0;1;28;28134;1;1;7.0;4.0;48.73750222;1.38327749;2024-11-14 15:50:00
202400025025.0;1;50;50218;2;1;1.0;6.0;48.83322;-1.55149;2024-03-06 17:14:00
202400025026.0;1;988;98805;1;1;1.0;1.0;-22.181494;166.430018;2024-06-24 06:30:00
202400025027.0;1;971;97124;2;1;1.0;6.0;16.014188;-61.709288;2024-06-26 11:00:00
202400025028.0;5;27;27299;2;1;1.0;2.0;49.05717;1.16863;2024-11-13 07:20:00
202400025029.0;1;50;50129;2;1;1.0;2.0;49.63597;-1.58031;2024-03-06 18:25:00
202400025030.0;1;77;77493;2;6;1.0;6.0;48.644819;2.835395;2024-06-26 10:00:00
202400025031.0;1;25;25204;1;2;1.0;3.0;46.925328;6.356591;2024-11-14 13:25:00
202400025032.0;1;49;49007;2;1;1.0;6.0;47.47371;-0.58005;2024-03-06 13:09:00
202400025033.0;1;15;15012;1;1;1.0;6.0;44.84499;2.47002;2024-11-10 16:55:00
202400025034.0;1;34;34199;1;1;1.0;1.0;43.459091;3.430819;2024-06-26 17:00:00
202400025035.0;5;49;49007;2;1;1.0;2.0;47.45183;-0.54484;2024-03-06 19:30:00
202400025036.0;5;13;13210;2;2;1.0;3.0;43.2715;5.42196;2024-11-14 17:10:00
202400025037.0;5;49;49007;2;1;1.0;6.0;47.46064;-0.57203;2024-03-06 20:25:00
202400025038.0;2;84;84092;2;3;7.0;1.0;43.962595;4.863411;2024-06-23 07:15:00
202400025039.0;1;13;13204;2;1;1.0;6.0;43.30858058;5.40114423;2024-11-13 15:40:00
202400025040.0;5;13;13005;2;1;1.0;2.0;43.29748888;5.58708286;2024-11-14 18:00:00
202400025041.0;1;42;42184;2;6;1.0;3.0;46.03104244;4.04583693;2024-03-07 19:28:00
202400025042.0;1;83;83077;1;3;1.0;3.0;43.303168;5.987039;2024-06-26 14:45:00
202400025043.0;5;10;10387;2;4;1.0;6.0;48.28397;4.07281;2024-11-13 21:30:00
202400025044.0;1;83;83055;1;1;1.0;6.0;43.624085;6.671534;2024-05-24 07:20:00
202400025045.0;1;39;39198;2;3;1.0;3.0;47.093917;5.497793;2024-03-06 13:55:00
202400025046.0;1;6;6069;2;4;1.0;5.0;43.662;6.93377;2024-11-14 09:00:00
202400025047.0;1;37;37261;2;1;1.0;3.0;47.38232;0.69212;2024-03-07 11:50:00
202400025048.0;1;13;13110;1;2;1.0;3.0;43.483364;5.686626;2024-06-26 10:00:00
202400025049.0;1;6;6069;2;3;1.0;3.0;43.64858;6.93096;2024-11-14 07:45:00
202400025050.0;5;35;35238;2;2;1.0;3.0;48.12034;-1.70828;2024-03-07 23:00:00
202400025051.0;1;2;2691;2;1;1.0;6.0;49.8652;3.28992;2024-11-13 09:22:00
202400025052.0;1;35;35238;2;1;1.0;3.0;48.133;-1.639;2024-03-07 15:00:00
202400025053.0;1;69;69019;2;1;1.0;6.0;46.119171;4.715747;2024-06-27 11:50:00
202400025054.0;5;1;1031;2;9;1.0;3.0;46.25099;5.6353;2024-11-05 19:55:00
202400025055.0;1;34;34172;2;1;1.0;3.0;43.592563;3.8588;2024-03-07 14:16:00
202400025056.0;1;64;64407;2;1;1.0;7.0;43.477231;-1.433162;2024-06-26 19:59:00
202400025057.0;1;33;33548;1;1;1.0;7.0;44.970696;-0.30184;2024-06-26 06:57:00
202400025058.0;1;34;34172;2;4;1.0;3.0;43.6171;3.87332;2024-03-07 13:00:00
202400025059.0;1;75;75113;2;3;1.0;3.0;48.837288;2.373786;2024-11-13 16:54:00
202400025060.0;5;33;33063;2;1;1.0;2.0;44.83191;-0.55781;2024-03-07 20:30:00
202400025061.0;3;50;50095;1;1;1.0;6.0;49.08823;-1.133523;2024-06-26 02:00:00
202400025062.0;1;75;75120;2;2;1.0;3.0;48.859832;2.388756;2024-11-14 09:50:00
202400025063.0;1;76;76057;2;9;1.0;3.0;49.54567484;0.95428191;2024-06-20 17:45:00
202400025064.0;1;33;33162;2;3;1.0;3.0;44.88734;-0.64221;2024-03-07 18:20:00
202400025065.0;1;62;62235;1;1;7.0;1.0;50.65330996;1.6487844;2024-06-26 13:55:00
202400025066.0;1;33;33009;2;1;1.0;3.0;44.66019;-1.165014;2024-03-06 17:10:00
202400025067.0;1;75;75116;2;3;1.0;3.0;48.851927;2.261178;2024-11-14 08:32:00
202400025068.0;1;59;59378;1;1;1.0;6.0;50.67406;3.1142;2024-06-24 18:13:00
202400025069.0;1;75;75115;2;3;1.0;2.0;48.827567;2.301096;2024-11-14 10:30:00
202400025070.0;1;31;31555;2;1;1.0;3.0;43.609211;1.42351;2024-03-07 11:30:00
202400025071.0;2;91;91471;1;1;1.0;2.0;48.6961;2.1924;2024-06-25 21:51:00
202400025072.0;1;31;31069;1;1;1.0;3.0;43.6445;1.36189;2024-03-07 12:30:00
202400025073.0;5;75;75113;2;2;1.0;3.0;48.820121;2.364641;2024-11-14 20:09:00
202400025074.0;5;28;28134;2;1;1.0;6.0;48.733552;1.353761;2024-03-07 23:45:00
202400025075.0;1;92;92036;1;1;1.0;2.0;48.93565576;2.26424299;2024-06-26 14:20:00
202400025076.0;2;93;93001;1;1;1.0;6.0;48.92093891;2.37306833;2024-06-26 20:50:00
202400025077.0;1;75;75113;2;3;1.0;3.0;48.822828;2.358441;2024-11-14 11:25:00
202400025078.0;5;25;25462;2;2;1.0;3.0;46.90224;6.35437;2024-03-07 05:05:00
202400025079.0;1;93;93053;1;1;1.0;3.0;48.89332229;2.47257373;2024-06-26 07:45:00
202400025080.0;5;75;75108;2;3;1.0;6.0;48.880092;2.313458;2024-11-14 19:40:00
202400025081.0;1;24;24037;1;1;1.0;4.0;44.8339;0.4507;2024-02-26 18:00:00
202400025082.0;3;93;93053;1;1;1.0;3.0;48.88380049;2.46676219;2024-06-25 22:10:00
202400025083.0;5;75;75108;2;1;1.0;7.0;48.866284;2.318582;2024-11-14 06:10:00
202400025084.0;1;94;94018;1;1;1.0;3.0;48.82465601;2.39368239;2024-06-26 09:15:00
202400025085.0;3;94;94042;1;1;1.0;2.0;48.82832701;2.4742197;2024-06-26 03:25:00
202400025086.0;1;75;75108;2;7;1.0;3.0;48.866452;2.321853;2024-11-13 16:05:00
202400025087.0;1;14;14425;1;1;1.0;7.0;49.08782894;0.11214495;2024-03-30 14:15:00
202400025088.0;3;14;14666;2;1;1.0;3.0;49.17844076;-0.21735281;2024-01-02 18:00:00
202400025089.0;5;75;75101;2;2;1.0;6.0;48.864788;2.345133;2024-11-14 20:15:00
202400025090.0;1;13;13056;2;3;1.0;3.0;43.4248;5.05366;2024-02-03 11:50:00
202400025091.0;1;75;75103;2;3;1.0;3.0;48.863068;2.36674;2024-11-14 11:55:00
202400025092.0;1;974;97411;2;1;1.0;1.0;-20.88978;55.47747;2024-06-24 16:50:00
202400025093.0;1;75;75103;2;3;1.0;2.0;48.867182;2.362819;2024-11-14 08:30:00
202400025094.0;2;974;97411;2;6;1.0;7.0;-20.90072;55.49202;2024-06-24 05:25:00
202400025095.0;5;94;94081;2;1;1.0;6.0;48.789709;2.390134;2024-11-13 19:15:00
202400025096.0;1;94;94044;2;1;1.0;6.0;48.75551551;2.48094262;2024-11-14 16:15:00
202400025097.0;1;69;69387;2;3;1.0;3.0;45.74147;4.8404;2024-06-25 18:55:00
202400025098.0;1;972;97213;2;1;2.0;6.0;14.63065;-61.02951;2024-06-25 08:25:00
202400025099.0;5;94;94078;2;1;1.0;3.0;48.72806;2.44587;2024-11-14 06:17:00
202400025100.0;1;972;97209;1;6;1.0;4.0;14.62732;-61.0403;2024-06-24 09:27:00
202400025101.0;1;94;94068;2;2;1.0;6.0;48.80915;2.47218;2024-11-14 09:30:00
202400025102.0;1;971;97113;2;1;2.0;1.0;16.2166251;-61.48112297;2024-06-24 08:40:00
202400025103.0;1;94;94042;2;1;1.0;6.0;48.819995;2.480996;2024-11-14 12:02:00
202400025104.0;5;971;97101;1;1;3.0;6.0;16.29371505;-61.49980724;2024-06-23 20:45:00
202400025105.0;5;94;94046;2;3;1.0;3.0;48.81012;2.43292;2024-11-13 22:40:00
202400025106.0;1;93;93062;2;1;1.0;3.0;48.89622;2.51468;2024-11-14 19:25:00
202400025107.0;1;2A;2A004;2;4;1.0;3.0;41.9313;8.7284;2024-06-25 08:00:00
202400025108.0;5;93;93051;2;1;8.0;3.0;48.84899792;2.53758268;2024-11-12 18:20:00
202400025109.0;5;93;93050;2;1;1.0;3.0;48.87131;2.54438;2024-11-14 18:00:00
202400025110.0;1;93;93079;2;9;1.0;6.0;48.95281;2.34344;2024-11-13 16:29:00
202400025111.0;1;93;93007;2;9;1.0;3.0;48.94046355;2.44545704;2024-11-14 08:55:00
202400025112.0;5;92;92064;2;1;1.0;6.0;48.84614388;2.22391337;2024-11-14 17:51:00
202400025113.0;1;92;92051;2;1;2.0;3.0;48.88950402;2.2725901;2024-11-12 10:15:00
202400025114.0;5;92;92035;2;1;3.0;6.0;48.90961;2.25508;2024-10-07 21:30:00
202400025115.0;1;92;92026;2;1;1.0;2.0;48.8964074;2.24858075;2024-11-14 10:04:00
202400025116.0;1;92;92023;2;1;1.0;6.0;48.80582151;2.25914285;2024-11-14 08:30:00
202400025117.0;2;92;92004;2;1;1.0;6.0;48.91649;2.28934;2024-11-13 17:45:00
202400025118.0;2;86;86153;1;1;1.0;6.0;46.389859;0.680585;2024-11-15 17:30:00
202400025119.0;4;1;1248;1;1;1.0;3.0;45.912743;4.940929;2024-11-15 00:10:00
202400025120.0;1;33;33154;1;3;1.0;2.0;45.096125;-0.040582;2024-11-14 14:45:00
202400025121.0;5;972;97217;2;1;1.0;6.0;14.472372;-60.878441;2024-11-14 18:00:00
202400025122.0;1;38;38373;1;1;1.0;6.0;45.357958;5.544566;2024-11-12 15:20:00
202400025123.0;1;83;83054;2;9;1.0;3.0;43.156084;6.043875;2024-11-08 07:45:00
202400025124.0;1;83;83087;1;1;1.0;3.0;43.385389;5.75;2024-11-14 11:45:00
202400025125.0;5;18;18033;1;1;1.0;7.0;47.04726;2.34529;2024-03-07 19:29:00
202400025126.0;5;62;62819;2;1;1.0;6.0;50.77545998;2.19815969;2024-11-14 18:40:00
202400025127.0;3;51;51105;1;1;5.0;7.0;49.273601;4.091324;2024-11-14 22:30:00
202400025128.0;1;56;56167;1;1;1.0;2.0;47.662407;-2.880146;2024-11-06 15:35:00
202400025129.0;5;18;18033;2;2;1.0;3.0;47.08328;2.38892;2024-03-06 21:40:00
202400025130.0;5;76;76159;2;2;8.0;6.0;49.787644;0.63887;2024-11-15 03:10:00
202400025131.0;5;76;76263;2;7;2.0;6.0;49.465035;1.51599;2024-11-14 21:15:00
202400025132.0;1;17;17415;2;9;1.0;1.0;45.733458;-0.647542;2024-03-06 17:30:00
202400025133.0;1;80;80373;2;1;1.0;1.0;49.98887;1.55316;2024-11-05 12:23:00
202400025134.0;1;11;11206;2;7;1.0;3.0;43.050809;2.219423;2024-11-15 09:55:00
202400025135.0;1;63;63430;2;1;7.0;6.0;45.848469;3.533022;2024-11-15 16:45:00
202400025136.0;3;63;63357;1;1;1.0;6.0;45.47100056;3.15957443;2024-11-15 04:50:00
202400025137.0;1;14;14118;2;1;1.0;4.0;49.17936;-0.34287;2024-03-07 14:35:00
202400025138.0;1;13;13202;2;1;1.0;3.0;43.3027;5.37106;2024-03-07 17:45:00
202400025139.0;1;41;41002;2;1;1.0;1.0;47.331237;1.227579;2024-11-14 07:45:00
202400025140.0;5;34;34101;2;1;1.0;7.0;43.382863;3.46595;2024-11-11 00:40:00
202400025141.0;1;13;13216;2;1;1.0;3.0;43.36252;5.31891;2024-03-07 17:30:00
202400025142.0;1;38;38315;2;1;1.0;3.0;45.536238;5.652168;2024-11-09 14:30:00
202400025143.0;5;2;2227;2;4;2.0;3.0;49.148396;3.575929;2024-11-14 10:09:00
202400025144.0;1;13;13075;2;3;1.0;1.0;43.337663;5.4527925;2024-03-07 08:02:00
202400025145.0;1;13;13047;2;6;1.0;3.0;43.51871;4.96668;2024-03-06 13:50:00
202400025146.0;2;1;1183;2;5;1.0;3.0;46.10471;4.77637;2024-11-14 07:23:00
202400025147.0;1;12;12084;1;1;1.0;2.0;44.081498;3.041513;2024-03-07 15:15:00
202400025148.0;1;9;9056;1;1;1.0;2.0;43.149548;1.589777;2024-11-15 09:15:00
202400025149.0;1;10;10387;2;1;1.0;6.0;48.278;4.0674;2024-03-06 10:53:00
202400025150.0;2;45;45046;1;3;1.0;5.0;47.976148;1.74777;2024-11-14 17:15:00
202400025151.0;5;75;75120;2;1;2.0;5.0;48.874096;2.411362;2024-03-06 17:30:00
202400025152.0;3;75;75115;2;4;1.0;6.0;48.83315152;2.27890134;2024-03-07 06:20:00
202400025153.0;1;36;36053;1;5;1.0;3.0;46.586616;1.245908;2024-11-14 16:20:00
202400025154.0;1;75;75105;2;1;1.0;7.0;48.853339;2.345965;2024-03-07 09:00:00
202400025155.0;1;36;36208;1;2;1.0;7.0;46.52909726;2.0647645;2024-11-15 14:40:00
202400025156.0;1;75;75119;2;6;1.0;3.0;48.886186;2.396439;2024-03-07 14:58:00
202400025157.0;1;7;7117;1;1;1.0;5.0;44.46275015;4.20058641;2024-11-14 16:00:00
202400025158.0;1;75;75117;2;3;1.0;3.0;48.890216;2.317273;2024-03-07 09:10:00
202400025159.0;2;40;40303;1;2;1.0;3.0;44.145061;-0.896716;2024-11-14 18:15:00
202400025160.0;1;75;75116;2;2;1.0;2.0;48.872441;2.294086;2024-03-07 10:10:00
202400025161.0;1;40;40051;2;3;1.0;1.0;43.889741;-0.398064;2024-11-15 15:30:00
202400025162.0;1;75;75117;2;1;1.0;3.0;48.889037;2.293263;2024-03-07 09:40:00
202400025163.0;3;17;17236;1;1;1.0;2.0;45.351546;-0.574787;2024-11-13 18:30:00
202400025164.0;1;75;75115;2;2;1.0;6.0;48.846484;2.285393;2024-03-07 11:29:00
202400025165.0;2;87;87043;1;1;1.0;7.0;45.830436;1.627833;2024-11-15 06:50:00
202400025166.0;3;68;68375;1;1;1.0;7.0;47.772862;7.226855;2024-11-14 03:45:00
202400025167.0;1;75;75115;2;2;1.0;3.0;48.844759;2.279914;2024-03-07 09:45:00
202400025168.0;1;13;13113;2;3;7.0;6.0;43.599441;5.488172;2024-11-15 08:55:00
202400025169.0;1;75;75114;2;1;1.0;2.0;48.835165;2.33312;2024-03-07 16:15:00
202400025170.0;1;64;64216;1;1;1.0;2.0;43.261987;-0.160074;2024-11-15 08:35:00
202400025171.0;1;31;31506;2;1;1.0;6.0;43.549858;1.535516;2024-11-15 12:30:00
202400025172.0;1;75;75114;2;3;1.0;3.0;48.824711;2.326008;2024-03-07 10:30:00
202400025173.0;1;75;75114;2;2;1.0;3.0;48.822623;2.314556;2024-03-04 14:50:00
202400025174.0;5;62;62369;1;9;1.0;6.0;50.325108;2.910905;2024-11-13 21:25:00
202400025175.0;5;75;75112;2;7;1.0;6.0;48.844826;2.402091;2024-03-06 19:00:00
202400025176.0;5;971;97107;1;1;1.0;1.0;16.076486;-61.562201;2024-11-14 17:55:00
202400025177.0;2;29;29233;2;1;1.0;6.0;47.882298;-3.552779;2024-11-15 07:50:00
202400025178.0;5;75;75111;2;2;1.0;3.0;48.860794;2.367867;2024-03-07 22:10:00
202400025179.0;2;78;78381;1;1;1.0;1.0;48.78165;1.605591;2024-11-13 17:25:00
202400025180.0;2;75;75111;2;3;1.0;6.0;48.858;2.381598;2024-03-07 18:20:00
202400025181.0;1;84;84092;2;6;1.0;3.0;43.982193;4.861579;2024-11-15 13:40:00
202400025182.0;5;75;75109;2;3;1.0;3.0;48.876528;2.34652;2024-03-06 21:45:00
202400025183.0;3;83;83088;1;1;1.0;2.0;43.308071;5.993503;2024-11-14 06:32:00
202400025184.0;1;75;75108;2;7;1.0;3.0;48.867263;2.320808;2024-03-07 17:45:00
202400025185.0;1;75;75103;2;3;1.0;7.0;48.867685;2.354913;2024-03-07 11:45:00
202400025186.0;1;68;68113;2;3;1.0;3.0;48.188596;7.395397;2024-11-15 10:00:00
202400025187.0;3;67;67520;1;1;2.0;1.0;48.61597;7.442341;2024-11-14 17:40:00
202400025188.0;5;94;94068;2;3;8.0;2.0;48.81141011;2.46892646;2024-03-05 20:30:00
202400025189.0;1;57;57752;1;1;1.0;6.0;49.076568;7.022929;2024-11-14 10:07:00
202400025190.0;1;57;57039;1;1;2.0;6.0;49.057515;6.107615;2024-11-11 13:56:00
202400025191.0;1;94;94076;2;1;1.0;4.0;48.80046797;2.36531853;2024-03-07 13:10:00
202400025192.0;1;17;17021;2;6;1.0;1.0;45.757841;-1.140475;2024-11-14 16:40:00
202400025193.0;1;94;94038;2;1;1.0;6.0;48.77803;2.3477;2024-03-07 17:30:00
202400025194.0;3;13;13071;1;1;1.0;2.0;43.40498387;5.3398132;2024-11-10 19:20:00
202400025195.0;5;94;94028;2;6;2.0;4.0;48.77478;2.43945;2024-03-05 22:27:00
202400025196.0;1;33;33063;1;1;1.0;3.0;44.887682;-0.576346;2024-11-14 08:30:00
202400025197.0;1;94;94028;2;3;8.0;1.0;48.803579;2.462105;2024-03-05 10:15:00
202400025198.0;3;62;62624;1;1;1.0;2.0;50.42691;3.0015;2024-11-08 18:00:00
202400025199.0;5;94;94022;2;3;1.0;3.0;48.772333;2.402542;2024-03-07 22:45:00
202400025200.0;5;94;94043;1;1;1.0;5.0;48.80698476;2.34657371;2024-11-14 19:00:00
202400025201.0;5;93;93008;1;1;1.0;7.0;48.90892746;2.44905923;2024-11-13 22:20:00