Num_Acc;lum;departement;commune;agglomeration;intersection;meteo;type_collision;lat;long;date
202400025202.0;1;94;94017;2;1;1.0;2.0;48.8156;2.5145;2024-03-07 17:09:00
202400025203.0;1;93;93066;1;1;1.0;2.0;48.91224353;2.3578075;2024-11-13 08:45:00
202400025204.0;1;95;95500;1;1;1.0;4.0;49.03753486;2.09060913;2024-11-12 14:30:00
202400025205.0;1;94;94002;2;3;1.0;3.0;48.80571;2.41096;2024-03-06 17:05:00
202400025206.0;3;94;94017;1;1;1.0;2.0;48.8292705;2.48085549;2024-11-14 18:00:00
202400025207.0;1;93;93013;2;1;1.0;3.0;48.93038314;2.41644233;2024-03-07 14:00:00
202400025208.0;5;93;93047;2;1;1.0;6.0;48.90053322;2.56796408;2024-03-06 19:15:00
202400025209.0;1;94;94073;1;1;1.0;4.0;48.77125451;2.39124438;2024-11-14 13:30:00
202400025210.0;1;94;94073;1;1;1.0;5.0;48.77107455;2.38866733;2024-11-14 10:00:00
202400025211.0;5;93;93057;2;3;1.0;1.0;48.905981;2.500302;2024-03-07 18:45:00
202400025212.0;2;94;94046;1;1;1.0;2.0;48.80959275;2.44911608;2024-11-13 17:50:00
202400025213.0;3;94;94069;1;1;1.0;2.0;48.81626132;2.45282484;2024-11-13 17:55:00
202400025214.0;1;92;92046;2;2;7.0;3.0;48.81281969;2.27969357;2024-03-07 12:45:00
202400025215.0;3;77;77122;1;1;1.0;2.0;48.66330471;2.61359837;2024-11-13 17:45:00
202400025216.0;1;974;97416;2;1;1.0;6.0;-21.29861;55.44978;2024-11-13 07:45:00
202400025217.0;1;92;92073;2;2;1.0;3.0;48.87047293;2.21814555;2024-03-07 16:35:00
202400025218.0;1;974;97411;2;1;1.0;6.0;-20.88493;55.4288;2024-11-13 16:35:00
202400025219.0;5;92;92064;2;1;1.0;3.0;48.85427323;2.21566415;2024-03-07 20:26:00
202400025220.0;1;92;92062;2;1;1.0;2.0;48.88024668;2.24479938;2024-03-07 10:50:00
202400025221.0;1;92;92049;2;2;1.0;3.0;48.8135796;2.30682421;2024-03-07 16:00:00
202400025222.0;5;92;92040;2;1;1.0;3.0;48.82100328;2.26232805;2024-03-07 18:45:00
202400025223.0;1;92;92025;2;1;1.0;6.0;48.91149513;2.23653023;2024-03-07 17:50:00
202400025224.0;2;92;92024;2;1;1.0;3.0;48.90534629;2.31294107;2024-03-07 18:55:00
202400025225.0;5;92;92023;2;1;1.0;1.0;48.79230397;2.26853156;2024-03-07 20:25:00
202400025226.0;1;92;92019;2;2;1.0;3.0;48.77910735;2.28000981;2024-03-07 07:40:00
202400025227.0;1;92;92012;2;3;1.0;5.0;48.83462152;2.22597063;2024-03-07 09:47:00
202400025228.0;5;92;92014;2;1;1.0;6.0;48.77999;2.32435;2024-03-07 00:40:00
202400025229.0;2;2A;2A189;1;1;1.0;1.0;41.69743;8.903818;2024-03-08 06:10:00
202400025230.0;5;22;22368;2;1;1.0;1.0;48.552034;-2.061374;2024-03-07 19:15:00
202400025231.0;1;10;10030;2;1;1.0;3.0;48.337431;4.029896;2024-03-08 12:30:00
202400025232.0;3;972;97207;2;9;1.0;5.0;14.580453;-60.962657;2024-03-05 22:50:00
202400025233.0;4;55;55242;1;1;1.0;2.0;49.12777909;5.64433599;2024-03-08 01:15:00
202400025234.0;1;1;1446;1;2;1.0;3.0;46.022848;4.898432;2024-03-07 08:55:00
202400025235.0;3;86;86165;1;1;1.0;6.0;46.460102;0.861278;2024-03-07 20:50:00
202400025236.0;1;60;60083;2;1;1.0;6.0;49.283302;2.998853;2024-03-07 15:12:00
202400025237.0;3;71;71215;1;1;2.0;3.0;46.867112;4.948719;2024-02-18 19:15:00
202400025238.0;1;38;38186;2;1;1.0;3.0;44.90235;5.567676;2024-03-05 16:55:00
202400025239.0;3;80;80655;2;3;1.0;1.0;49.958247;1.990156;2024-03-07 22:30:00
202400025240.0;1;49;49069;1;1;1.0;7.0;47.273751;-1.197006;2024-02-29 16:30:00
202400025241.0;1;12;12102;1;1;1.0;7.0;44.274566;2.611377;2024-03-07 08:30:00
202400025242.0;1;39;39458;1;2;1.0;3.0;46.616295;5.609478;2024-03-08 08:30:00
202400025243.0;1;29;29220;1;3;1.0;3.0;47.88373139;-4.20516445;2024-03-07 17:00:00
202400025244.0;1;2;2822;1;2;1.0;2.0;49.313394;3.10316;2024-03-08 12:00:00
202400025245.0;3;2;2131;1;9;1.0;6.0;49.391281;3.374487;2024-03-07 18:30:00
202400025246.0;1;56;56121;1;1;2.0;4.0;47.73707;-3.37787;2024-12-19 15:35:00
202400025247.0;2;15;15187;1;1;7.0;6.0;45.032618;3.051426;2024-03-06 18:00:00
202400025248.0;5;54;54375;2;3;2.0;3.0;48.90214029;6.0361129;2024-12-15 17:50:00
202400025249.0;2;26;26005;1;1;1.0;4.0;44.519108;4.77459;2024-03-06 17:30:00
202400025250.0;5;54;54395;2;2;3.0;6.0;48.69722195;6.17032126;2024-12-19 05:10:00
202400025251.0;1;66;66016;2;1;2.0;6.0;42.48098859;3.13013256;2024-03-08 08:15:00
202400025252.0;5;54;54323;2;1;2.0;6.0;49.52141501;5.76032549;2024-12-19 07:45:00
202400025253.0;5;54;54280;2;3;2.0;6.0;49.22322;6.00644;2024-12-19 18:20:00
202400025254.0;1;50;50513;1;2;1.0;3.0;48.968808;-1.296065;2024-03-08 13:50:00
202400025255.0;1;52;52448;2;9;1.0;6.0;48.63986;4.91972;2024-12-10 16:45:00
202400025256.0;1;90;90094;1;9;8.0;5.0;47.581968;6.870677;2024-03-07 13:39:00
202400025257.0;1;50;50218;2;1;1.0;6.0;48.83625;-1.5822;2024-12-19 15:45:00
202400025258.0;3;50;50129;1;1;2.0;6.0;49.62925;-1.55651;2024-12-18 07:20:00
202400025259.0;5;49;49007;2;6;2.0;3.0;47.47427;-0.51584;2024-12-18 20:24:00
202400025260.0;3;24;24311;1;1;1.0;1.0;45.552165;0.67317;2024-03-07 19:20:00
202400025261.0;1;49;49007;2;1;2.0;3.0;47.47431;-0.56684;2024-12-18 16:30:00
202400025262.0;3;4;4116;1;1;1.0;6.0;44.045586;6.014671;2024-03-08 00:50:00
202400025263.0;5;45;45004;2;1;1.0;6.0;47.974416;2.775781;2024-12-19 20:00:00
202400025264.0;1;43;43041;2;1;1.0;3.0;45.04855;3.92177;2024-12-19 11:25:00
202400025265.0;1;4;4127;1;1;1.0;1.0;44.066497;5.978955;2024-03-07 11:00:00
202400025266.0;1;43;43089;2;1;1.0;3.0;45.055846;3.860278;2024-12-19 11:00:00
202400025267.0;5;43;43157;2;1;1.0;3.0;45.04203;3.8848;2024-12-18 19:45:00
202400025268.0;1;30;30346;1;1;2.0;5.0;43.955074;4.534907;2024-03-08 14:50:00
202400025269.0;1;38;38185;2;3;2.0;6.0;45.19358;5.72386;2024-12-19 11:50:00
202400025270.0;1;52;52227;2;1;1.0;6.0;48.172295;5.634944;2024-03-08 15:30:00
202400025271.0;1;37;37261;2;2;1.0;3.0;47.39247;0.68546;2024-12-19 10:45:00
202400025272.0;1;8;8113;2;1;2.0;1.0;49.651501;4.250384;2024-02-29 11:20:00
202400025273.0;5;37;37233;2;2;2.0;3.0;47.39682;0.73837;2024-12-18 17:10:00
202400025274.0;3;67;67108;1;6;9.0;7.0;48.524514;7.584195;2024-03-05 21:00:00
202400025275.0;1;36;36044;2;2;8.0;3.0;46.793;1.691494;2024-12-18 11:13:00
202400025276.0;1;13;13001;2;9;1.0;3.0;43.555176;5.459733;2024-03-06 17:45:00
202400025277.0;3;33;33281;2;1;2.0;6.0;44.84495;-0.63546;2024-12-20 01:53:00
202400025278.0;1;6;6149;1;1;1.0;6.0;43.746282;7.379991;2024-03-08 08:30:00
202400025279.0;5;33;33318;2;1;2.0;3.0;44.80977;-0.6252;2024-12-19 19:05:00
202400025280.0;1;11;11170;1;6;1.0;6.0;43.116993;3.08814;2024-03-07 09:10:00
202400025281.0;2;33;33039;2;2;2.0;3.0;44.81461;-0.55302;2024-12-19 17:10:00
202400025282.0;3;971;97106;1;1;1.0;1.0;16.179052;-61.748416;2024-03-07 18:50:00
202400025283.0;1;33;33192;2;2;1.0;3.0;44.77846;-0.6097;2024-12-18 15:50:00
202400025284.0;1;28;28094;1;1;1.0;6.0;48.646407;1.500664;2024-03-07 15:53:00
202400025285.0;1;33;33063;2;1;2.0;2.0;44.82105;-0.58251;2024-12-19 14:20:00
202400025286.0;2;77;77490;1;1;2.0;5.0;49.039498;3.076946;2024-03-06 18:10:00
202400025287.0;5;33;33063;2;9;1.0;3.0;44.83267;-0.56083;2024-12-19 08:15:00
202400025288.0;4;77;77196;1;1;1.0;2.0;48.948051;2.738541;2024-03-08 00:35:00
202400025289.0;1;33;33063;2;6;1.0;6.0;44.85927;-0.6302;2024-12-18 16:00:00
202400025290.0;3;30;30155;1;1;1.0;6.0;43.829225;4.465857;2024-01-05 22:14:00
202400025291.0;5;83;83023;2;6;1.0;3.0;43.408908;6.042759;2024-03-08 00:30:00
202400025292.0;1;31;31555;2;1;2.0;3.0;43.60045;1.45217;2024-12-19 13:57:00
202400025293.0;1;29;29039;2;6;1.0;3.0;47.888449;-3.918924;2024-12-19 15:50:00
202400025294.0;1;8;8188;2;3;7.0;1.0;49.817074;4.827955;2024-03-08 11:10:00
202400025295.0;5;29;29019;2;2;8.0;6.0;48.386073;-4.500981;2024-12-18 21:20:00
202400025296.0;1;54;54217;2;3;1.0;3.0;48.48210679;6.73460573;2024-03-08 12:56:00
202400025297.0;5;29;29019;2;6;2.0;3.0;48.391411;-4.480327;2024-12-18 18:35:00
202400025298.0;1;29;29019;2;3;1.0;3.0;48.41139;-4.486525;2024-12-18 12:15:00
202400025299.0;4;54;54215;2;3;1.0;1.0;48.754892;6.141337;2024-03-08 04:45:00
202400025300.0;1;29;29019;2;3;1.0;6.0;48.398146;-4.474209;2024-12-16 13:45:00
202400025301.0;1;42;42041;1;1;1.0;2.0;45.710285;4.189439;2024-03-07 15:30:00
202400025302.0;3;38;38026;1;1;1.0;3.0;45.82213;5.312973;2024-03-07 21:45:00
202400025303.0;1;27;27681;1;1;2.0;5.0;49.075058;1.436125;2024-12-19 08:30:00
202400025304.0;1;81;81112;1;1;1.0;6.0;43.9205504;2.0181208;2024-03-08 16:15:00
202400025305.0;1;25;25056;2;6;1.0;3.0;47.24301;6.0076;2024-12-19 11:15:00
202400025306.0;5;25;25056;2;9;2.0;6.0;47.22263;5.95877;2024-12-19 07:55:00
202400025307.0;1;19;19041;1;3;1.0;1.0;45.25090132;1.79229252;2024-03-07 13:35:00
202400025308.0;1;17;17306;2;1;3.0;6.0;45.62749;-1.03203;2024-12-19 09:00:00
202400025309.0;1;35;35152;2;1;1.0;6.0;48.21113;-1.515443;2024-03-07 14:40:00
202400025310.0;1;17;17274;1;1;1.0;1.0;46.15567;-1.07087;2024-12-19 16:40:00
202400025311.0;1;60;60141;2;1;1.0;4.0;49.182629;2.458405;2024-03-07 14:55:00
202400025312.0;5;14;14118;2;1;1.0;6.0;49.18629;-0.36015;2024-12-12 21:39:00
202400025313.0;1;60;60581;2;3;1.0;1.0;49.502864;2.432474;2024-03-07 16:00:00
202400025314.0;5;13;13205;2;9;1.0;3.0;43.28817;5.3952;2024-12-18 21:40:00
202400025315.0;2;13;13213;2;1;1.0;6.0;43.33740403;5.43556958;2024-12-18 07:50:00
202400025316.0;1;60;60395;2;1;1.0;1.0;49.227667;2.141733;2024-03-08 17:30:00
202400025317.0;5;12;12100;1;1;1.0;2.0;44.541307;2.310957;2024-12-05 17:30:00
202400025318.0;1;13;13202;1;1;1.0;3.0;43.31831527;5.36356031;2024-03-06 16:45:00
202400025319.0;2;11;11262;2;1;1.0;3.0;43.17504;3.00368;2024-12-19 07:40:00
202400025320.0;5;11;11069;2;1;2.0;6.0;43.21307;2.37177;2024-12-18 17:50:00
202400025321.0;2;11;11069;2;1;1.0;6.0;43.2118;2.3306;2024-12-19 08:25:00
202400025322.0;1;33;33075;1;1;1.0;4.0;44.8897;-0.60567;2024-03-05 17:53:00
202400025323.0;5;10;10357;2;2;1.0;2.0;48.29756;4.12368;2024-12-19 22:05:00
202400025324.0;1;95;95277;1;1;1.0;4.0;48.97998245;2.49663572;2024-03-07 15:30:00
202400025325.0;5;7;7102;2;2;2.0;6.0;44.93077;4.87649;2024-12-19 08:11:00
202400025326.0;5;6;6083;2;9;1.0;3.0;43.77683;7.50443;2024-12-18 19:00:00
202400025327.0;1;93;93027;1;1;1.0;4.0;48.92242642;2.37962902;2024-03-07 10:20:00
202400025328.0;1;6;6030;2;9;1.0;3.0;43.57155;7.01749;2024-12-18 13:53:00
202400025329.0;1;93;93039;1;1;1.0;3.0;48.9273418;2.33342354;2024-03-07 10:50:00
202400025330.0;2;4;4112;1;1;1.0;4.0;43.81113;5.81033;2024-12-09 07:15:00
202400025331.0;1;93;93013;1;1;1.0;2.0;48.94024886;2.42276942;2024-03-07 08:40:00
202400025332.0;5;75;75115;2;1;8.0;3.0;48.829478;2.287441;2024-12-19 18:40:00
202400025333.0;5;75;75118;2;9;1.0;3.0;48.90090358;2.36372352;2024-12-12 20:40:00
202400025334.0;2;75;75105;2;7;2.0;1.0;48.841738;2.337814;2024-12-19 08:04:00
202400025335.0;1;95;95154;1;1;1.0;4.0;49.04321551;2.54423985;2024-03-07 07:00:00
202400025336.0;5;75;75106;2;2;2.0;1.0;48.84211243;2.32947958;2024-12-18 19:30:00
202400025337.0;3;75;75120;1;1;1.0;5.0;48.86633334;2.41393447;2024-03-06 20:05:00
202400025338.0;1;75;75105;2;1;1.0;3.0;48.839335;2.355114;2024-12-18 15:55:00
202400025339.0;1;93;93066;1;1;1.0;2.0;48.90870238;2.3584095;2024-03-06 18:15:00
202400025340.0;1;75;75118;2;3;2.0;1.0;48.895786;2.371218;2024-12-19 08:05:00
202400025341.0;1;93;93007;1;1;2.0;2.0;48.95491941;2.45727922;2024-03-06 08:45:00
202400025342.0;5;75;75117;2;2;1.0;3.0;48.879267;2.303064;2024-12-19 21:30:00
202400025343.0;3;93;93005;1;1;1.0;4.0;48.95878304;2.46482351;2024-03-05 21:00:00
202400025344.0;1;75;75117;2;2;1.0;3.0;48.890175;2.303738;2024-12-19 11:35:00
202400025345.0;1;94;94046;1;1;1.0;3.0;48.8048863;2.448527;2024-03-07 16:44:00
202400025346.0;5;75;75116;2;1;2.0;6.0;48.868477;2.235562;2024-12-19 03:05:00
202400025347.0;1;75;75116;2;3;1.0;6.0;48.847144;2.270087;2024-12-18 15:20:00
202400025348.0;1;94;94052;1;1;1.0;2.0;48.84027522;2.49328165;2024-03-07 13:25:00
202400025349.0;1;44;44109;2;2;8.0;6.0;47.22192884;-1.55919885;2024-02-12 13:45:00
202400025350.0;1;75;75116;2;3;8.0;3.0;48.868823;2.283315;2024-12-18 09:25:00
202400025351.0;1;75;75115;2;1;1.0;2.0;48.839328;2.316488;2024-12-19 13:05:00
202400025352.0;1;44;44020;1;1;8.0;3.0;47.178658;-1.602996;2024-02-11 09:30:00
202400025353.0;5;75;75115;2;7;1.0;6.0;48.846797;2.285677;2024-12-19 07:05:00
202400025354.0;1;44;44020;1;1;8.0;4.0;47.177;-1.61;2024-02-10 12:10:00
202400025355.0;1;75;75113;2;3;1.0;5.0;48.825957;2.345197;2024-12-18 11:30:00
202400025356.0;1;44;44190;2;6;8.0;3.0;47.19935792;-1.50019996;2024-02-09 11:00:00
202400025357.0;1;44;44190;2;6;8.0;7.0;47.20510903;-1.52265672;2024-02-09 09:25:00
202400025358.0;1;75;75111;2;1;1.0;6.0;48.861325;2.381842;2024-12-19 15:30:00
202400025359.0;5;75;75109;2;1;1.0;6.0;48.873805;2.33899;2024-12-19 22:45:00
202400025360.0;1;44;44109;2;6;8.0;3.0;47.1983598;-1.5885611;2024-02-08 09:15:00
202400025361.0;5;75;75107;2;1;1.0;6.0;48.85983;2.29205;2024-12-19 19:05:00
202400025362.0;1;44;44109;2;1;1.0;7.0;47.24278202;-1.52776847;2024-02-08 15:55:00
202400025363.0;1;94;94068;2;2;1.0;6.0;48.80322;2.48466;2024-12-19 12:00:00
202400025364.0;1;44;44109;2;6;2.0;3.0;47.23764268;-1.58637911;2024-02-08 12:55:00
202400025365.0;5;94;94058;2;1;2.0;6.0;48.8347;2.507365;2024-12-19 19:30:00
202400025366.0;1;44;44143;2;6;8.0;7.0;47.16129534;-1.55525167;2024-02-08 15:15:00
202400025367.0;5;94;94043;2;1;2.0;6.0;48.810689;2.362224;2024-12-19 21:16:00
202400025368.0;1;44;44109;2;6;8.0;3.0;47.22221364;-1.5855791;2024-02-07 11:10:00
202400025369.0;1;94;94037;2;1;2.0;3.0;48.81619945;2.34236804;2024-12-19 10:20:00
202400025370.0;1;44;44109;2;2;8.0;3.0;47.22923038;-1.56947872;2024-02-06 11:25:00
202400025371.0;5;94;94034;2;1;2.0;3.0;48.75249;2.33009;2024-12-18 17:20:00
202400025372.0;5;44;44109;2;6;8.0;3.0;47.21604983;-1.54403032;2024-02-04 18:39:00
202400025373.0;5;94;94028;2;1;2.0;6.0;48.794568;2.456158;2024-12-18 19:15:00
202400025374.0;1;976;97611;2;1;1.0;3.0;-12.77583;45.22674;2024-03-06 10:55:00
202400025375.0;1;94;94028;2;9;1.0;1.0;48.79915751;2.45364296;2024-12-17 17:00:00
202400025376.0;1;93;93059;2;9;2.0;3.0;48.97119;2.36649;2024-12-19 14:20:00
202400025377.0;1;974;97416;2;1;1.0;6.0;-21.27366;55.48992;2024-03-06 07:55:00
202400025378.0;1;93;93055;2;1;2.0;2.0;48.89472017;2.40248945;2024-12-19 16:15:00
202400025379.0;1;69;69383;1;1;1.0;6.0;45.7543;4.86159;2024-03-06 14:30:00
202400025380.0;5;93;93051;2;3;2.0;6.0;48.84634852;2.55318883;2024-12-19 18:34:00
202400025381.0;1;69;69388;2;1;1.0;6.0;45.74031;4.86466;2024-03-06 09:55:00
202400025382.0;5;93;93029;2;3;1.0;6.0;48.9225432;2.42309017;2024-12-19 18:10:00
202400025383.0;2;972;97213;2;2;1.0;6.0;14.61599;-61.00019;2024-03-06 06:45:00
202400025384.0;1;93;93010;2;2;1.0;6.0;48.89966311;2.49747567;2024-12-19 12:35:00
202400025385.0;1;92;92062;2;1;1.0;6.0;48.88492377;2.24740751;2024-12-13 11:20:00
202400025386.0;2;69;69382;2;3;1.0;3.0;45.75947;4.83337;2024-03-06 19:00:00
202400025387.0;1;69;69034;2;1;1.0;6.0;45.79212;4.82415;2024-03-06 15:00:00
202400025388.0;5;92;92051;2;6;1.0;3.0;48.88820541;2.26460606;2024-12-19 17:20:00
202400025389.0;5;92;92050;2;2;2.0;7.0;48.89298581;2.19583601;2024-12-19 08:30:00
202400025390.0;5;2B;2B120;2;1;1.0;2.0;42.6322;9.4384;2024-03-06 18:46:00
202400025391.0;5;92;92050;2;1;2.0;6.0;48.8882714;2.19379015;2024-12-19 05:15:00
202400025392.0;5;971;97107;2;1;1.0;6.0;16.04168;-61.56602;2024-02-04 01:30:00
202400025393.0;1;92;92050;2;2;1.0;1.0;48.89371;2.21199;2024-12-17 09:30:00
202400025394.0;1;971;97105;2;1;1.0;2.0;16.00563;-61.73757;2024-03-06 13:15:00
202400025395.0;5;92;92040;2;1;1.0;6.0;48.81918;2.24965;2024-12-19 19:30:00
202400025396.0;1;91;91021;2;1;1.0;6.0;48.59278;2.24561;2024-03-05 18:08:00
202400025397.0;5;92;92024;2;3;8.0;3.0;48.90378645;2.31218331;2024-12-19 19:30:00
202400025398.0;1;91;91161;2;9;1.0;2.0;48.70487;2.30951;2024-03-06 11:30:00
202400025399.0;5;92;92009;2;6;2.0;3.0;48.90734776;2.26584144;2024-12-19 18:20:00
202400025400.0;5;92;92002;2;9;1.0;6.0;48.75832166;2.30689914;2024-12-19 19:27:00
202400025401.0;1;91;91514;2;1;2.0;6.0;48.68132;2.53874;2024-03-06 08:26:00
202400025402.0;1;63;63302;1;1;8.0;1.0;45.722555;3.154085;2024-12-18 11:35:00
202400025403.0;5;91;91589;1;9;8.0;6.0;48.6707;2.33761;2024-03-06 19:40:00
202400025404.0;1;91;91027;2;1;8.0;3.0;48.6953;2.392;2024-03-06 08:16:00
202400025405.0;1;1;1105;1;1;1.0;4.0;45.898144;4.880585;2024-12-18 09:25:00
202400025406.0;2;25;25305;1;1;6.0;6.0;47.1719841;6.22399951;2024-12-19 15:01:00
202400025407.0;1;5;5079;2;1;9.0;7.0;44.955718;6.548517;2024-12-19 08:45:00
202400025408.0;5;91;91479;2;2;1.0;3.0;48.7103;2.36019;2024-02-18 02:00:00
202400025409.0;5;91;91228;2;1;3.0;6.0;48.64049;2.420018;2024-03-06 04:27:00
202400025410.0;1;972;97221;1;1;1.0;2.0;14.536917;-60.979979;2024-12-18 13:45:00
202400025411.0;1;35;35085;2;1;1.0;6.0;48.413987;-1.754855;2024-12-19 16:15:00
202400025412.0;1;84;84031;1;2;1.0;3.0;44.07502;5.08944;2024-03-06 11:15:00
202400025413.0;2;35;35125;1;1;2.0;1.0;47.941374;-1.249963;2024-12-16 07:25:00
202400025414.0;5;84;84007;2;2;1.0;1.0;43.93414;4.83142;2024-02-25 20:53:00
202400025415.0;1;71;71204;1;1;1.0;2.0;46.85372;4.82671;2024-12-20 12:50:00
202400025416.0;1;83;83129;1;1;1.0;6.0;43.08233;5.84487;2024-03-05 17:09:00
202400025417.0;5;59;59462;2;1;8.0;2.0;50.519495;3.005437;2024-12-18 19:10:00
202400025418.0;5;82;82033;2;1;1.0;6.0;44.03476;1.11675;2024-03-06 21:55:00
202400025419.0;1;974;97413;2;2;1.0;1.0;-21.191284;55.297344;2024-12-20 16:40:00
202400025420.0;1;23;23065;1;1;1.0;7.0;46.28698511;1.5972662;2024-12-18 10:47:00
202400025421.0;2;81;81004;2;9;1.0;2.0;43.91019;2.14056;2024-03-06 18:25:00
202400025422.0;2;47;47010;2;1;1.0;1.0;44.35215772;0.01204736;2024-12-19 17:05:00
202400025423.0;3;77;77326;1;3;8.0;3.0;48.58162;2.55381;2024-03-05 07:00:00
202400025424.0;1;35;35197;1;1;2.0;1.0;48.21262;-1.618912;2024-12-19 13:40:00
202400025425.0;1;76;76351;2;1;2.0;6.0;49.50909;0.1482;2024-03-05 12:40:00
202400025426.0;1;95;95026;1;1;1.0;6.0;49.14531463;2.37602677;2024-12-20 13:40:00
202400025427.0;5;69;69256;2;1;1.0;6.0;45.78368;4.93523;2024-03-06 18:50:00
202400025428.0;1;95;95352;1;1;7.0;3.0;49.11013782;2.42923794;2024-12-20 08:15:00
202400025429.0;1;19;19107;1;1;1.0;1.0;45.120817;1.424607;2024-12-20 09:30:00
202400025430.0;5;69;69290;2;2;1.0;3.0;45.70368;4.91474;2024-03-06 19:00:00
202400025431.0;2;19;19208;1;9;2.0;7.0;45.3265723;2.10952741;2024-12-19 17:15:00
202400025432.0;5;2A;2A004;2;1;1.0;3.0;41.9292;8.7402;2024-04-13 23:30:00
202400025433.0;2;56;56001;2;1;1.0;6.0;47.6334014;-2.1740284;2024-12-19 17:15:00
202400025434.0;5;2A;2A004;2;3;1.0;3.0;41.92584;8.7344;2024-04-13 23:50:00
202400025435.0;5;80;80253;2;1;8.0;7.0;50.181261;2.332524;2024-12-16 19:55:00
202400025436.0;1;2A;2A004;1;1;1.0;3.0;41.92863;8.76568;2024-04-13 14:40:00
202400025437.0;1;2A;2A004;1;9;1.0;1.0;41.93173;8.80311;2024-04-13 10:00:00
202400025438.0;3;89;89265;1;2;1.0;5.0;47.855783;3.6607;2024-12-20 17:35:00
202400025439.0;1;95;95019;2;9;1.0;6.0;48.994257;2.420452;2024-04-13 12:20:00
202400025440.0;1;39;39219;1;1;1.0;1.0;47.170555;5.777661;2024-12-20 12:30:00
202400025441.0;1;95;95582;1;9;1.0;6.0;48.96467;2.25606;2024-04-12 11:55:00
202400025442.0;1;44;44084;1;2;1.0;3.0;47.26151;-1.300271;2024-12-19 12:50:00
202400025443.0;1;95;95428;2;2;1.0;6.0;48.97082033;2.31541827;2024-04-13 12:15:00
202400025444.0;5;91;91552;1;1;1.0;3.0;48.60376;2.2487;2024-04-13 00:01:00
202400025445.0;3;44;44064;1;1;1.0;1.0;47.112682;-1.281458;2024-12-19 21:45:00
202400025446.0;1;91;91657;2;1;1.0;6.0;48.70014;2.42057;2024-04-12 18:35:00
202400025447.0;1;29;29097;1;1;1.0;1.0;48.49712171;-4.07258693;2024-12-20 10:20:00
202400025448.0;1;91;91589;2;2;1.0;3.0;48.68077;2.342714;2024-04-12 12:20:00
202400025449.0;1;29;29264;1;1;2.0;1.0;48.4875025;-4.15355362;2024-12-20 08:45:00
202400025450.0;1;91;91109;1;1;1.0;1.0;48.4594;2.12;2024-04-12 18:33:00
202400025451.0;1;3;3090;1;1;2.0;3.0;46.648504;3.151612;2024-12-19 14:15:00
202400025452.0;1;15;15061;1;1;4.0;6.0;45.181352;2.839092;2024-12-20 10:20:00
202400025453.0;2;83;83137;2;3;1.0;7.0;43.12456;5.95562;2024-04-13 19:55:00
202400025454.0;3;1;1237;1;1;2.0;1.0;46.197389;5.595345;2024-12-19 22:00:00
202400025455.0;1;83;83118;2;3;1.0;6.0;43.42715253;6.78632194;2024-04-08 15:20:00
202400025456.0;3;1;1125;1;1;2.0;6.0;46.249873;5.460904;2024-12-19 20:51:00
202400025457.0;3;70;70384;1;1;9.0;1.0;47.516578;5.94429;2024-12-19 16:55:00
202400025458.0;1;80;80021;2;3;1.0;3.0;49.89265;2.28869;2024-04-13 09:25:00
202400025459.0;2;72;72275;2;1;1.0;6.0;48.06629;0.343671;2024-12-20 08:14:00
202400025460.0;3;50;50349;1;1;4.0;1.0;48.997761;-1.521735;2024-12-19 19:45:00
202400025461.0;1;77;77294;2;1;1.0;3.0;48.9724;2.634;2024-04-13 17:58:00
202400025462.0;2;50;50410;2;1;1.0;6.0;48.549662;-1.504113;2024-12-20 08:20:00
202400025463.0;3;77;77462;1;1;1.0;2.0;49.0275;2.6703;2024-04-13 04:00:00
202400025464.0;3;90;90020;1;1;2.0;7.0;47.620306;6.779133;2024-12-18 18:55:00
202400025465.0;3;77;77372;1;1;1.0;3.0;48.88189;2.655;2024-04-13 20:53:00
202400025466.0;1;43;43268;2;1;8.0;6.0;45.149623;4.125071;2024-12-19 10:45:00
202400025467.0;1;43;43026;1;1;2.0;6.0;45.23848255;3.78761259;2024-12-19 14:30:00
202400025468.0;1;77;77458;2;6;1.0;6.0;48.18288;2.73436;2024-04-12 13:50:00
202400025469.0;1;77;77431;2;1;1.0;6.0;48.26674;2.68762;2024-04-12 10:10:00
202400025470.0;1;10;10254;1;9;1.0;3.0;48.583854;3.516623;2024-12-20 11:37:00
202400025471.0;1;53;53267;1;1;1.0;6.0;48.05550083;-0.45850268;2024-12-20 12:25:00
202400025472.0;2;76;76108;2;2;1.0;3.0;49.47057;1.116239;2024-04-13 20:55:00
202400025473.0;3;85;85008;1;6;1.0;3.0;46.64164;-1.45058;2024-12-20 08:00:00
202400025474.0;1;73;73065;2;1;1.0;2.0;45.58165;5.91132;2024-04-12 16:50:00
202400025475.0;1;72;72181;2;9;1.0;3.0;48.01102;0.18164;2024-04-13 15:50:00
202400025476.0;3;37;37028;1;1;2.0;1.0;46.81902763;0.93007636;2024-12-20 17:45:00
202400025477.0;1;71;71540;1;1;1.0;3.0;46.77529;4.44644;2024-04-13 12:20:00
202400025478.0;3;48;48140;1;1;4.0;6.0;44.818175;3.269881;2024-12-19 23:35:00
202400025479.0;1;69;69092;2;2;7.0;3.0;45.98105;4.69369;2024-04-13 19:50:00
202400025480.0;3;8;8498;1;1;1.0;1.0;49.727212;4.648225;2024-12-19 21:25:00
202400025481.0;1;69;69264;2;1;1.0;6.0;45.98804;4.74342;2024-04-13 14:45:00
202400025482.0;4;68;68375;2;1;2.0;6.0;47.80803;7.239502;2024-12-19 07:42:00
202400025483.0;1;69;69290;1;1;1.0;7.0;45.72054009;4.91996817;2024-04-13 15:30:00
202400025484.0;1;68;68066;2;3;1.0;3.0;48.080631;7.352721;2024-04-10 09:10:00