Num_Acc;lum;departement;commune;agglomeration;intersection;meteo;type_collision;lat;long;date
202400025485.0;1;65;65127;1;1;1.0;5.0;43.12289584;0.31957139;2024-12-20 14:15:00
202400025486.0;5;64;64445;2;3;1.0;7.0;43.30043046;-0.36485839;2024-04-13 21:52:00
202400025487.0;1;64;64122;2;1;1.0;2.0;43.45;-1.55978;2024-04-13 15:15:00
202400025488.0;2;13;13051;1;1;6.0;5.0;43.558501;5.165548;2024-12-20 16:55:00
202400025489.0;1;69;69244;2;1;2.0;3.0;45.75731619;4.77368788;2024-12-19 08:20:00
202400025490.0;5;64;64024;2;1;1.0;3.0;43.49404;-1.51889;2024-04-13 22:00:00
202400025491.0;3;73;73128;1;1;2.0;2.0;45.717065;5.923916;2024-11-22 17:43:00
202400025492.0;2;63;63113;2;6;7.0;3.0;45.76453;3.12533;2024-04-13 20:25:00
202400025493.0;1;971;97103;2;1;1.0;1.0;16.256208;-61.589259;2024-12-20 14:45:00
202400025494.0;1;62;62274;2;1;2.0;6.0;50.44855693;2.98132816;2024-04-13 15:45:00
202400025495.0;3;13;13110;1;1;6.0;2.0;43.47037111;5.66413397;2024-12-20 02:00:00
202400025496.0;1;59;59599;2;1;1.0;6.0;50.73190993;3.13700267;2024-04-13 10:10:00
202400025497.0;2;971;97102;1;1;1.0;6.0;16.465796;-61.474745;2024-12-19 17:20:00
202400025498.0;1;54;54395;2;1;1.0;6.0;48.68915;6.18316;2024-04-13 19:00:00
202400025499.0;4;45;45108;1;1;1.0;5.0;47.600892;2.515074;2024-12-20 17:35:00
202400025500.0;2;54;54323;2;2;1.0;3.0;49.523;5.76442;2024-04-13 08:25:00
202400025501.0;1;77;77010;1;1;1.0;3.0;48.618867;2.860394;2024-12-20 13:20:00
202400025502.0;1;51;51454;2;3;1.0;6.0;49.25145;4.02785;2024-04-13 13:40:00
202400025503.0;3;21;21292;2;1;1.0;7.0;47.240477;5.216736;2024-12-20 02:45:00
202400025504.0;1;8;8190;2;1;5.0;6.0;50.13421;4.847449;2024-12-14 09:00:00
202400025505.0;1;51;51454;2;2;1.0;3.0;49.262559;4.053426;2024-04-13 12:10:00
202400025506.0;1;51;51454;2;1;1.0;3.0;49.26909;4.01074;2024-04-12 18:00:00
202400025507.0;1;74;74094;1;1;1.0;5.0;46.18399;6.302923;2024-12-17 11:18:00
202400025508.0;2;92;92036;1;1;1.0;2.0;48.92099836;2.30632621;2024-09-03 20:14:00
202400025509.0;1;1;1275;1;6;1.0;6.0;45.806401;4.932824;2024-12-20 08:50:00
202400025510.0;3;51;51168;1;1;1.0;2.0;48.90002;4.30274;2024-04-13 04:52:00
202400025511.0;1;23;23067;1;1;1.0;7.0;45.755757;2.236555;2024-12-20 08:40:00
202400025512.0;1;93;93010;1;1;1.0;5.0;48.90207598;2.47041227;2024-09-04 14:22:00
202400025513.0;1;47;47001;2;1;1.0;2.0;44.19311;0.62879;2024-04-12 17:20:00
202400025514.0;2;33;33268;2;1;2.0;4.0;45.044148;-0.67843;2024-12-19 17:30:00
202400025515.0;1;45;45302;1;1;1.0;6.0;47.94913;1.85985;2024-04-13 06:55:00
202400025516.0;2;33;33493;1;1;1.0;7.0;45.316905;-0.802404;2024-12-20 08:00:00
202400025517.0;5;93;93066;1;1;1.0;2.0;48.91626041;2.35780504;2024-09-03 23:55:00
202400025518.0;1;44;44184;2;2;1.0;3.0;47.28308;-2.21128;2024-04-13 08:55:00
202400025519.0;3;33;33504;1;2;3.0;3.0;44.526848;-0.325449;2024-12-19 18:00:00
202400025520.0;1;42;42218;2;1;1.0;3.0;45.44093;4.37426;2024-04-08 09:20:00
202400025521.0;1;93;93066;1;1;1.0;2.0;48.93068415;2.3670759;2024-09-03 16:55:00
202400025522.0;1;49;49269;1;1;1.0;2.0;47.005836;-0.937443;2024-12-19 15:15:00
202400025523.0;1;95;95252;1;1;1.0;7.0;48.98535793;2.21429788;2024-09-03 15:40:00
202400025524.0;3;29;29156;1;3;3.0;2.0;48.426244;-4.237861;2024-12-20 07:50:00
202400025525.0;1;35;35238;2;5;1.0;3.0;48.09725;-1.65782;2024-04-13 11:45:00
202400025526.0;2;35;35360;2;6;1.0;6.0;48.120226;-1.2165;2024-12-20 08:00:00
202400025527.0;2;95;95572;1;1;2.0;6.0;49.03222307;2.1116359;2024-09-03 07:45:00
202400025528.0;3;27;27031;1;1;1.0;1.0;49.059484;1.100532;2024-12-19 19:45:00
202400025529.0;1;34;34172;2;9;1.0;2.0;43.63092;3.84262;2024-04-13 14:00:00
202400025530.0;1;93;93007;1;1;2.0;2.0;48.94548836;2.43972568;2024-09-03 08:30:00
202400025531.0;5;27;27180;2;1;1.0;3.0;49.179736;1.370646;2024-12-19 17:10:00
202400025532.0;5;34;34172;2;2;1.0;6.0;43.626038;3.882379;2024-04-12 22:55:00
202400025533.0;1;93;93066;1;1;1.0;7.0;48.92280772;2.34986237;2024-09-02 18:30:00
202400025534.0;5;31;31555;2;1;1.0;1.0;43.56935;1.51482;2024-04-13 22:09:00
202400025535.0;2;80;80625;2;1;8.0;1.0;49.717973;2.537965;2024-12-20 16:30:00
202400025536.0;1;77;77294;1;1;1.0;2.0;48.959344;2.621784;2024-09-04 16:40:00
202400025537.0;1;29;29232;2;9;1.0;3.0;47.98888;-4.125644;2024-04-13 15:15:00
202400025538.0;5;62;62711;2;1;1.0;3.0;50.80639434;1.73198261;2024-12-16 21:30:00
202400025539.0;1;22;22113;2;6;1.0;3.0;48.73183;-3.46478;2024-04-12 19:25:00
202400025540.0;1;44;44109;2;3;1.0;2.0;47.22739332;-1.5609473;2024-08-27 15:00:00
202400025541.0;3;13;13210;1;1;1.0;2.0;43.2852;5.4232;2024-12-18 18:36:00
202400025542.0;3;19;19031;2;1;1.0;6.0;45.16038;1.535163;2024-04-13 01:40:00
202400025543.0;1;13;13213;1;1;1.0;3.0;43.32996;5.40682;2024-12-18 14:45:00
202400025544.0;1;19;19031;2;1;1.0;2.0;45.14506676;1.47050464;2024-04-13 10:45:00
202400025545.0;1;91;91689;1;1;2.0;3.0;48.7296;2.3144;2024-05-31 14:58:00
202400025546.0;3;13;13071;1;1;1.0;5.0;43.40164;5.29974;2024-12-18 17:30:00
202400025547.0;1;14;14366;2;1;1.0;2.0;49.14666;0.25898;2024-04-13 11:40:00
202400025548.0;5;13;13205;2;1;1.0;1.0;43.2942;5.39818;2024-04-13 06:25:00
202400025549.0;1;33;33013;1;1;2.0;2.0;44.86652;-0.50388;2024-12-19 13:49:00
202400025550.0;1;91;91174;2;1;8.0;2.0;48.5967;2.47918;2024-05-30 18:10:00
202400025551.0;5;13;13210;2;1;1.0;2.0;43.28079381;5.40717262;2024-04-13 03:00:00
202400025552.0;1;33;33075;1;1;2.0;2.0;44.889996;-0.611418;2024-12-19 08:55:00
202400025553.0;3;33;33318;1;1;3.0;6.0;44.789745;-0.645895;2024-12-19 03:40:00
202400025554.0;1;91;91363;1;1;1.0;3.0;48.64688;2.19003;2024-05-30 18:10:00
202400025555.0;5;13;13206;2;2;1.0;3.0;43.29047142;5.37574665;2024-04-13 03:37:00
202400025556.0;5;13;13098;2;7;1.0;7.0;43.46968992;5.01532577;2024-04-13 22:20:00
202400025557.0;3;62;62498;1;1;1.0;4.0;50.42700442;2.83574086;2024-12-08 18:09:00
202400025558.0;3;91;91339;1;1;1.0;6.0;48.62286;2.27084;2024-12-19 21:34:00
202400025559.0;1;13;13005;2;1;1.0;1.0;43.28254;5.54945;2024-04-13 20:00:00
202400025560.0;1;91;91286;1;1;1.0;5.0;48.65286;2.3814;2024-05-30 15:55:00
202400025561.0;1;13;13001;2;1;1.0;1.0;43.53205044;5.42139427;2024-04-13 09:15:00
202400025562.0;3;92;92002;1;1;1.0;4.0;48.7375948;2.3174485;2024-12-19 17:26:00
202400025563.0;3;10;10343;2;1;1.0;7.0;48.27609;4.09336;2024-04-14 00:20:00
202400025564.0;1;91;91235;1;1;1.0;2.0;48.62524;2.36087;2024-12-19 08:55:00
202400025565.0;1;10;10081;2;1;7.0;6.0;48.31136;4.03269;2024-04-13 16:40:00
202400025566.0;3;91;91103;1;1;2.0;7.0;48.62417;2.29925;2024-05-29 22:23:00
202400025567.0;3;91;91689;1;1;1.0;2.0;48.74343;2.32248;2024-12-19 06:50:00
202400025568.0;1;91;91546;2;1;2.0;7.0;48.57339;2.030501;2024-05-28 15:38:00
202400025569.0;1;10;10387;2;2;1.0;3.0;48.29979;4.07941;2024-04-13 12:22:00
202400025570.0;3;91;91377;1;1;2.0;6.0;48.71418;2.28858;2024-12-19 01:15:00
202400025571.0;3;7;7008;1;1;1.0;3.0;44.711586;4.619778;2024-04-13 06:15:00
202400025572.0;2;94;94034;1;1;1.0;4.0;48.75735712;2.32917459;2024-12-18 16:56:00
202400025573.0;1;91;91228;1;1;8.0;4.0;48.62254596;2.42190599;2024-05-28 08:20:00
202400025574.0;1;6;6069;2;1;1.0;3.0;43.641195;6.908219;2024-04-13 18:48:00
202400025575.0;1;44;44162;2;1;1.0;6.0;47.21918202;-1.62126507;2024-08-21 16:00:00
202400025576.0;3;91;91573;1;1;1.0;4.0;48.631341;2.519756;2024-12-18 17:50:00
202400025577.0;1;4;4112;1;1;1.0;1.0;43.8517;5.76824;2024-04-13 18:35:00
202400025578.0;3;91;91377;1;1;1.0;2.0;48.72034;2.29433;2024-05-26 01:56:00
202400025579.0;3;92;92048;1;1;1.0;3.0;48.78947093;2.22122315;2024-12-18 17:30:00
202400025580.0;1;2;2691;2;1;1.0;3.0;49.84160477;3.28540376;2024-04-12 08:20:00
202400025581.0;3;78;78423;1;1;1.0;2.0;48.79464;2.0493;2024-12-18 18:20:00
202400025582.0;3;91;91471;1;1;1.0;7.0;48.70483;2.19267;2024-05-25 03:14:00
202400025583.0;1;92;92012;1;1;1.0;2.0;48.8484534;2.22963261;2024-12-18 08:51:00
202400025584.0;5;75;75112;2;1;1.0;5.0;48.827765;2.393486;2024-04-13 01:40:00
202400025585.0;3;95;95527;1;1;1.0;2.0;49.02722005;2.51571544;2024-12-18 18:20:00
202400025586.0;5;75;75105;2;3;1.0;6.0;48.83849;2.357062;2024-04-13 20:50:00
202400025587.0;1;93;93066;1;1;1.0;2.0;48.91862819;2.35760923;2024-12-18 15:00:00
202400025588.0;1;91;91534;1;1;1.0;3.0;48.7409;2.1836;2024-05-24 17:40:00
202400025589.0;3;988;98805;1;1;1.0;1.0;-22.173814;166.422122;2024-01-26 20:55:00
202400025590.0;1;75;75105;2;2;1.0;6.0;48.848978;2.34985;2024-04-13 12:30:00
202400025591.0;3;95;95219;1;1;1.0;1.0;48.99032046;2.24437538;2024-12-18 17:20:00
202400025592.0;1;6;6018;1;1;1.0;7.0;43.616874;7.096236;2024-01-25 10:30:00
202400025593.0;1;93;93008;1;1;1.0;3.0;48.90960136;2.44592249;2024-12-18 13:45:00
202400025594.0;1;75;75117;2;3;1.0;1.0;48.88672;2.308657;2024-04-13 13:50:00
202400025595.0;1;987;98738;1;1;1.0;1.0;-17.575201;-149.611924;2024-01-02 16:50:00
202400025596.0;3;94;94044;1;1;2.0;2.0;48.75738975;2.47653199;2024-12-19 07:00:00
202400025597.0;1;91;91136;1;1;1.0;4.0;48.7134;2.27934;2024-05-24 15:10:00
202400025598.0;1;75;75106;2;2;1.0;3.0;48.84508068;2.32013762;2024-04-11 09:15:00
202400025599.0;4;94;94042;1;1;2.0;6.0;48.82818677;2.47432101;2024-12-19 01:16:00
202400025600.0;3;971;97116;1;1;1.0;6.0;16.351505;-61.45584;2024-01-26 00:49:00
202400025601.0;1;91;91174;2;1;1.0;6.0;48.61041;2.4623;2024-05-24 12:40:00
202400025602.0;3;977;97701;2;1;1.0;7.0;17.9161316;-62.84608841;2024-01-26 01:15:00
202400025603.0;1;75;75107;2;3;1.0;6.0;48.853742;2.297016;2024-04-13 19:55:00
202400025604.0;3;77;77468;1;1;1.0;6.0;48.83251521;2.65929855;2024-12-18 17:45:00
202400025605.0;1;2A;2A247;2;1;1.0;6.0;41.593625;9.280003;2024-01-26 12:00:00
202400025606.0;3;77;77495;1;9;1.0;7.0;48.59088063;2.64790671;2024-12-18 04:00:00
202400025607.0;1;91;91226;2;2;1.0;3.0;48.492791;2.193237;2024-05-23 18:30:00
202400025608.0;1;75;75114;2;3;1.0;2.0;48.823684;2.323173;2024-04-13 07:30:00
202400025609.0;1;34;34033;2;1;1.0;6.0;43.758077;4.076507;2024-01-26 07:20:00
202400025610.0;3;94;94079;1;1;1.0;6.0;48.82763;2.52595676;2024-12-17 23:00:00
202400025611.0;1;91;91235;1;1;1.0;2.0;48.62591;2.3567;2024-05-23 08:30:00
202400025612.0;1;75;75110;2;2;1.0;3.0;48.883623;2.360512;2024-04-13 10:00:00
202400025613.0;1;26;26271;1;2;1.0;5.0;45.02505976;4.86825228;2024-01-26 09:35:00
202400025614.0;1;91;91339;1;1;8.0;6.0;48.62510609;2.2632426;2024-05-23 07:38:00
202400025615.0;5;62;62617;2;2;1.0;3.0;50.46552402;2.67431748;2024-08-11 04:00:00
202400025616.0;1;69;69009;2;1;1.0;2.0;45.927252;4.709165;2024-01-26 12:50:00
202400025617.0;1;75;75109;2;7;1.0;6.0;48.882188;2.33769;2024-04-12 15:15:00
202400025618.0;3;69;69154;1;1;1.0;6.0;45.759803;4.666598;2024-01-26 00:05:00
202400025619.0;1;62;62737;2;6;1.0;1.0;50.44662;2.69117;2024-08-09 19:40:00
202400025620.0;2;91;91553;1;1;1.0;5.0;48.6314952;2.50254929;2024-05-22 20:13:00
202400025621.0;1;62;62737;2;1;1.0;3.0;50.4487;2.68931;2024-08-06 19:30:00
202400025622.0;5;75;75108;2;2;1.0;2.0;48.880793;2.312576;2024-04-13 03:20:00
202400025623.0;1;69;69171;2;3;1.0;1.0;45.809777;4.600246;2024-01-25 17:00:00
202400025624.0;1;31;31248;1;1;1.0;2.0;43.447015;1.386155;2024-01-25 16:00:00
202400025625.0;1;59;59569;2;3;1.0;3.0;50.36533;3.10693;2024-07-30 09:40:00
202400025626.0;2;75;75102;2;2;1.0;6.0;48.870393;2.340892;2024-04-13 19:59:00
202400025627.0;2;85;85302;1;1;2.0;5.0;46.929939;-0.989676;2024-01-25 16:36:00
202400025628.0;1;59;59178;2;1;1.0;6.0;50.363;3.07899;2024-07-24 10:30:00
202400025629.0;1;91;91689;1;1;2.0;4.0;48.732;2.315;2024-05-22 15:23:00
202400025630.0;1;75;75102;2;3;1.0;3.0;48.870208;2.330161;2024-04-13 16:40:00
202400025631.0;1;76;76464;1;1;1.0;6.0;49.350055;1.263417;2024-01-26 13:10:00
202400025632.0;1;59;59327;2;1;1.0;2.0;50.39236;3.15641;2024-07-19 20:45:00
202400025633.0;1;62;62148;2;1;1.0;6.0;50.38223664;2.90770655;2024-01-26 16:50:00
202400025634.0;3;76;76005;2;1;1.0;7.0;49.41783314;1.11803126;2024-05-03 00:40:00
202400025635.0;1;75;75103;2;3;1.0;3.0;48.86730998;2.36331546;2024-04-13 13:40:00
202400025636.0;1;91;91521;1;1;1.0;4.0;48.6359;2.4006;2024-05-22 07:17:00
202400025637.0;1;62;62810;1;3;1.0;1.0;50.364247;2.794073;2024-01-26 14:20:00
202400025638.0;1;76;76108;1;1;1.0;6.0;49.48216;1.1149;2024-09-19 11:30:00
202400025639.0;4;76;76451;2;1;1.0;6.0;49.45609;1.07671;2024-09-22 03:30:00
202400025640.0;1;75;75101;2;3;1.0;3.0;48.860181;2.33338;2024-04-13 12:45:00
202400025641.0;5;59;59524;2;1;2.0;6.0;50.563547;2.898235;2024-01-26 06:45:00
202400025642.0;2;76;76540;2;3;1.0;6.0;49.43642;1.0996;2024-03-29 19:40:00
202400025643.0;1;91;91179;1;1;1.0;4.0;48.5622;2.48136;2024-05-21 18:00:00
202400025644.0;1;13;13015;1;1;1.0;3.0;43.42801022;5.38616758;2024-01-25 08:00:00
202400025645.0;1;94;94081;2;2;7.0;3.0;48.8036382;2.37737256;2024-04-13 13:55:00
202400025646.0;1;76;76540;2;3;1.0;3.0;49.44838;1.10035;2024-03-25 15:34:00
202400025647.0;1;13;13212;2;1;1.0;4.0;43.29139149;5.42439248;2024-01-25 10:05:00
202400025648.0;5;76;76322;2;1;2.0;7.0;49.41289047;1.04737043;2024-02-25 21:55:00
202400025649.0;1;91;91534;1;1;2.0;6.0;48.73257;2.16762;2024-05-20 20:10:00
202400025650.0;5;94;94081;2;2;1.0;3.0;48.780727;2.382759;2024-04-12 21:35:00
202400025651.0;1;67;67482;2;1;1.0;2.0;48.58669195;7.71643321;2024-01-25 08:08:00
202400025652.0;1;94;94076;2;1;1.0;6.0;48.79267922;2.36483485;2024-04-12 18:15:00
202400025653.0;3;84;84080;1;9;1.0;2.0;44.04638;4.99394;2024-08-05 01:35:00
202400025654.0;1;91;91377;1;1;2.0;2.0;48.719323;2.29306608;2024-05-20 17:30:00
202400025655.0;3;33;33143;1;1;1.0;2.0;44.96078;-0.44435;2024-01-25 07:30:00
202400025656.0;1;74;74012;2;1;1.0;6.0;46.18799;6.23411;2024-10-19 09:03:00
202400025657.0;1;94;94034;2;6;1.0;3.0;48.75329;2.33285;2024-04-13 20:15:00
202400025658.0;2;59;59090;1;1;1.0;4.0;50.71601;3.12354;2024-01-25 07:54:00
202400025659.0;1;976;97611;2;1;1.0;3.0;-12.82016;45.1955;2024-09-26 07:40:00
202400025660.0;1;94;94021;2;4;1.0;2.0;48.76715;2.33622;2024-04-13 20:45:00
202400025661.0;1;91;91692;1;1;1.0;3.0;48.67426;2.17323;2024-09-13 19:40:00
202400025662.0;1;91;91339;1;1;2.0;5.0;48.62319;2.26813;2024-01-25 08:05:00
202400025663.0;1;91;91434;1;1;1.0;5.0;48.66828005;2.35434383;2024-05-20 12:10:00
202400025664.0;3;78;78043;1;1;1.0;6.0;48.841617;2.094577;2024-01-24 18:35:00
202400025665.0;1;91;91136;1;1;1.0;2.0;48.71672;2.26833;2024-05-18 12:30:00
202400025666.0;1;94;94028;2;3;1.0;3.0;48.783;2.46406;2024-04-12 16:30:00
202400025667.0;5;92;92036;1;1;2.0;2.0;48.93434692;2.2696675;2024-01-24 07:15:00
202400025668.0;1;91;91340;1;1;7.0;2.0;48.59864466;2.44032264;2024-05-18 07:40:00
202400025669.0;2;94;94077;2;3;1.0;3.0;48.727328;2.43772;2024-04-13 20:30:00
202400025670.0;3;92;92036;1;1;1.0;3.0;48.93655908;2.29110539;2024-01-24 05:55:00
202400025671.0;1;95;95678;1;9;2.0;3.0;49.07315956;2.23044139;2024-01-25 08:45:00
202400025672.0;1;91;91689;1;1;1.0;3.0;48.74106;2.32035;2024-05-16 20:20:00
202400025673.0;1;94;94022;2;2;1.0;3.0;48.768748;2.420878;2024-04-13 19:25:00
202400025674.0;5;94;94022;2;1;1.0;1.0;48.77279961;2.40215689;2024-04-13 04:05:00
202400025675.0;1;91;91377;1;1;1.0;3.0;48.721;2.294;2024-05-15 14:45:00
202400025676.0;3;93;93007;1;1;2.0;4.0;48.94925302;2.44676549;2024-01-25 06:30:00
202400025677.0;1;93;93048;2;2;1.0;3.0;48.85476;2.41751;2024-04-13 14:37:00
202400025678.0;1;93;93078;1;1;1.0;3.0;48.96910262;2.50581828;2024-01-25 07:45:00
202400025679.0;1;91;91549;1;1;2.0;4.0;48.62589;2.34;2024-05-14 15:00:00
202400025680.0;5;93;93046;2;2;1.0;3.0;48.920127;2.539237;2024-04-13 02:10:00
202400025681.0;3;77;77373;1;1;2.0;2.0;48.76507;2.614906;2024-01-25 18:15:00
202400025682.0;1;94;94015;1;1;2.0;3.0;48.82945356;2.52827231;2024-01-25 09:00:00
202400025683.0;1;93;93057;2;3;1.0;3.0;48.914324;2.503262;2024-04-13 14:05:00
202400025684.0;1;91;91228;1;1;1.0;4.0;48.6265362;2.41547942;2024-05-14 12:20:00
202400025685.0;2;94;94018;1;1;2.0;2.0;48.81758;2.41896;2024-01-25 08:00:00
202400025686.0;1;92;92051;2;3;1.0;3.0;48.8838;2.28175;2024-04-13 17:17:00
202400025687.0;1;91;91161;1;1;1.0;2.0;48.70013;2.31084;2024-06-06 18:16:00
202400025688.0;3;77;77175;1;1;2.0;6.0;48.671834;2.61159;2024-01-24 22:45:00
202400025689.0;1;92;92051;2;2;1.0;2.0;48.88255141;2.27724892;2024-04-13 15:13:00
202400025690.0;3;94;94073;1;1;1.0;3.0;48.77111483;2.39012767;2024-01-24 18:30:00
202400025691.0;1;91;91174;2;1;1.0;6.0;48.60759;2.48122;2024-06-06 15:40:00
202400025692.0;1;92;92051;2;2;1.0;6.0;48.88797414;2.27553463;2024-04-13 13:56:00
202400025693.0;1;94;94042;1;1;1.0;2.0;48.82800728;2.4730466;2024-01-24 15:10:00
202400025694.0;1;92;92040;2;2;1.0;3.0;48.82063539;2.24694943;2024-04-13 15:20:00
202400025695.0;1;91;91228;2;1;1.0;6.0;48.62521;2.424;2024-06-06 11:48:00
202400025696.0;1;974;97407;2;1;1.0;5.0;-20.9361;55.3093;2024-01-23 06:50:00
202400025697.0;1;92;92035;2;2;1.0;3.0;48.90581948;2.23599315;2024-04-12 07:45:00
202400025698.0;1;974;97407;2;2;1.0;6.0;-20.93596;55.29121;2024-01-22 18:25:00
202400025699.0;1;92;92026;2;9;1.0;6.0;48.8910678;2.2413105;2024-04-12 11:13:00
202400025700.0;5;91;91521;2;1;1.0;3.0;48.65241;2.41321;2024-06-05 01:00:00
202400025701.0;1;973;97302;2;1;1.0;3.0;4.92052186;-52.32154012;2024-01-24 09:25:00
202400025702.0;1;24;24066;1;1;1.0;7.0;45.19295574;0.99477679;2024-04-13 12:06:00
202400025703.0;5;69;69387;2;2;1.0;3.0;45.75197;4.83682;2024-01-24 21:05:00
202400025704.0;3;83;83058;1;1;1.0;7.0;43.544504;6.344025;2024-04-13 21:00:00
202400025705.0;2;69;69381;2;1;1.0;1.0;45.77270924;4.83739333;2024-01-24 16:20:00
202400025706.0;1;91;91687;1;1;2.0;2.0;48.66201;2.36948;2024-06-01 14:15:00
202400025707.0;1;52;52422;1;9;1.0;6.0;48.0202;5.0672;2024-04-14 10:25:00
202400025708.0;1;69;69384;2;3;1.0;6.0;45.77641963;4.83490437;2024-01-24 12:00:00
202400025709.0;1;31;31454;1;1;1.0;6.0;43.41631;1.131645;2024-04-12 16:00:00
202400025710.0;3;91;91521;1;1;2.0;6.0;48.63272;2.40605;2024-06-01 03:15:00
202400025711.0;5;2B;2B120;1;1;1.0;3.0;42.64093;9.43726;2024-01-24 17:50:00
202400025712.0;1;95;95428;2;1;1.0;6.0;49.0058494;2.31634785;2024-01-24 14:05:00
202400025713.0;1;57;57232;2;3;1.0;3.0;48.962388;6.798037;2024-04-13 18:33:00
202400025714.0;3;81;81147;1;1;1.0;6.0;43.8250704;2.1676142;2024-04-14 05:40:00
202400025715.0;2;44;44190;2;6;1.0;3.0;47.20866957;-1.48943499;2024-08-16 06:10:00
202400025716.0;3;95;95218;2;2;2.0;3.0;49.01840578;2.09613705;2024-01-25 00:40:00
202400025717.0;1;68;68009;2;1;1.0;3.0;48.113531;7.541572;2024-04-13 17:30:00
202400025718.0;1;19;19072;1;1;1.0;6.0;45.20878165;1.51615609;2024-05-28 09:45:00
202400025719.0;5;95;95127;2;9;2.0;5.0;49.04324586;2.01128662;2024-01-23 22:15:00
202400025720.0;5;26;26325;2;1;1.0;6.0;45.298813;4.811333;2024-04-14 03:40:00
202400025721.0;2;95;95176;2;1;1.0;1.0;48.96139843;2.18621492;2024-01-24 08:15:00
202400025722.0;1;91;91339;2;1;2.0;6.0;48.61687;2.25736;2024-01-23 13:47:00
202400025723.0;1;988;98818;2;1;8.0;4.0;-22.24121;166.45293;2024-09-03 14:55:00
202400025724.0;5;62;62689;2;2;1.0;3.0;50.20752695;2.68999478;2024-04-14 03:46:00
202400025725.0;1;91;91691;2;1;1.0;2.0;48.70661;2.48807;2024-01-24 11:00:00
202400025726.0;1;91;91434;2;1;8.0;6.0;48.6458;2.34638;2024-01-24 15:45:00
202400025727.0;1;19;19140;1;1;1.0;7.0;45.091387;1.925697;2024-04-14 11:30:00
202400025728.0;1;987;98736;2;1;1.0;1.0;-17.530133;-149.55047;2024-09-03 06:56:00
202400025729.0;1;91;91027;2;1;1.0;3.0;48.705775;2.371449;2024-01-23 16:55:00
202400025730.0;1;59;59135;1;1;1.0;2.0;50.79321;2.488419;2024-04-13 16:30:00
202400025731.0;1;973;97302;2;1;1.0;3.0;4.92886;-52.29786;2024-08-30 12:14:00
202400025732.0;1;76;76577;1;1;1.0;2.0;49.793635;1.126013;2024-04-14 11:15:00
202400025733.0;1;89;89387;2;3;1.0;1.0;48.2015;3.2693;2024-01-11 13:05:00
202400025734.0;2;2B;2B037;1;1;1.0;2.0;46.61103;9.43787;2024-08-10 05:45:00
202400025735.0;1;87;87085;2;3;1.0;3.0;45.8338;1.22941;2024-01-20 11:22:00
202400025736.0;3;79;79005;1;1;1.0;1.0;46.842112;-0.208569;2024-04-12 23:40:00
202400025737.0;1;84;84007;2;3;1.0;3.0;43.937114;4.810277;2024-01-23 08:20:00
202400025738.0;5;80;80679;2;1;1.0;6.0;49.987921;3.163435;2024-04-14 01:05:00
202400025739.0;1;971;97113;1;3;1.0;3.0;16.20849;-61.46746;2024-09-02 16:40:00
202400025740.0;1;33;33482;1;1;7.0;6.0;44.682836;-0.118387;2024-04-14 09:15:00
202400025741.0;5;83;83129;2;1;1.0;3.0;43.11376165;5.84588706;2024-01-22 19:15:00
202400025742.0;3;971;97107;2;1;1.0;7.0;16.0255;-61.574;2024-08-31 21:50:00
202400025743.0;1;83;83069;1;1;1.0;7.0;43.15206629;6.1412251;2024-01-23 15:00:00
202400025744.0;1;71;71390;1;2;1.0;3.0;46.728375;4.298733;2024-04-14 18:40:00
202400025745.0;5;971;97105;2;1;2.0;6.0;16.00363;-61.728;2024-09-01 04:40:00
202400025746.0;1;80;80021;2;1;1.0;3.0;49.884;2.335;2024-01-24 14:17:00
202400025747.0;1;95;95306;2;1;8.0;6.0;49.00100655;2.14211855;2024-09-03 11:40:00
202400025748.0;5;89;89345;2;2;1.0;5.0;48.000605;3.719945;2024-04-13 23:00:00
202400025749.0;1;63;63008;1;1;1.0;7.0;45.88099986;3.70447256;2024-04-13 15:50:00
202400025750.0;1;91;91377;2;1;8.0;3.0;48.73604;2.29471;2024-09-03 08:30:00
202400025751.0;2;76;76351;2;2;1.0;3.0;49.51267;0.10416;2024-01-24 07:35:00
202400025752.0;1;61;61151;1;2;1.0;2.0;48.725379;0.571793;2024-04-12 18:30:00
202400025753.0;1;91;91228;2;6;8.0;4.0;48.6197;2.4517;2024-09-03 09:20:00
202400025754.0;1;76;76351;2;3;1.0;7.0;49.50713;0.1716;2024-01-23 15:00:00
202400025755.0;1;49;49080;1;1;1.0;7.0;47.73389;-0.588643;2024-04-05 14:50:00
202400025756.0;1;42;42252;1;1;1.0;6.0;45.791979;3.907415;2024-04-14 14:48:00
202400025757.0;1;69;69013;2;1;1.0;2.0;46.00788;4.72841;2024-01-24 12:10:00
202400025758.0;1;87;87085;2;2;1.0;3.0;45.82772;1.26027;2024-09-02 19:05:00
202400025759.0;1;46;46290;1;1;1.0;7.0;44.748509;1.505637;2024-04-14 17:40:00
202400025760.0;1;67;67482;2;1;8.0;6.0;48.56654;7.76201;2024-01-23 11:15:00
202400025761.0;1;86;86066;1;1;1.0;1.0;46.78368;0.5415;2024-09-02 17:00:00
202400025762.0;1;68;68221;2;3;1.0;7.0;47.54819;7.368999;2024-04-13 10:30:00
202400025763.0;5;64;64260;2;3;1.0;3.0;43.34959;-1.77726;2024-01-23 19:25:00
202400025764.0;1;84;84007;2;3;1.0;3.0;43.954103;4.835207;2024-09-03 07:00:00
202400025765.0;1;25;25173;1;4;7.0;3.0;47.262078;6.72359;2024-04-13 17:54:00
202400025766.0;1;64;64445;2;2;1.0;3.0;43.30927958;-0.34419447;2024-01-19 16:20:00