Num_Acc;lum;departement;commune;agglomeration;intersection;meteo;type_collision;lat;long;date
202400025767.0;1;64;64335;2;3;1.0;6.0;43.31871;-0.42571;2024-01-19 11:00:00
202400025768.0;1;83;83137;2;1;1.0;7.0;43.12384;5.95293;2024-09-03 19:40:00
202400025769.0;5;64;64122;2;6;1.0;7.0;43.47544;-1.54553;2024-01-23 19:00:00
202400025770.0;1;25;25283;2;4;1.0;6.0;47.081028;5.935131;2024-04-13 18:30:00
202400025771.0;1;64;64102;2;1;1.0;1.0;43.48795;-1.47531;2024-01-23 15:10:00
202400025772.0;1;83;83061;2;1;1.0;2.0;43.39057;6.71968;2024-08-29 13:45:00
202400025773.0;1;29;29262;1;2;1.0;1.0;48.45964269;-3.98998227;2024-04-12 09:30:00
202400025774.0;2;63;63113;2;9;1.0;6.0;45.7867794;3.08981761;2024-01-24 17:42:00
202400025775.0;1;29;29209;1;1;1.0;7.0;48.561891;-4.447628;2024-04-13 17:25:00
202400025776.0;1;31;31552;1;1;1.0;7.0;43.235413;0.968165;2024-04-13 15:05:00
202400025777.0;5;59;59299;2;3;1.0;6.0;50.666758;3.18405111;2024-01-24 18:40:00
202400025778.0;1;80;80021;2;1;1.0;2.0;49.89079;2.30633;2024-09-03 20:00:00
202400025779.0;1;31;31443;1;1;1.0;6.0;43.360336;0.733316;2024-04-13 16:00:00
202400025780.0;1;54;54431;2;1;8.0;1.0;48.9158;6.05588;2024-01-24 16:42:00
202400025781.0;1;79;79329;2;1;1.0;1.0;46.984264;-0.20644;2024-09-03 08:58:00
202400025782.0;1;38;38466;1;2;1.0;3.0;45.372631;5.961124;2024-04-13 16:05:00
202400025783.0;1;77;77407;1;1;1.0;6.0;48.53781;2.52301;2024-09-02 12:30:00
202400025784.0;2;52;52448;2;2;1.0;3.0;48.6389;4.96236;2024-01-22 08:15:00
202400025785.0;3;1;1246;2;1;1.0;7.0;46.242121;5.036963;2024-04-14 00:40:00
202400025786.0;1;14;14582;1;1;1.0;6.0;49.066057;0.179096;2024-04-13 10:30:00
202400025787.0;4;51;51454;2;6;1.0;3.0;49.26432;4.00993;2024-01-24 18:30:00
202400025788.0;1;14;14752;2;1;1.0;3.0;49.082197;-0.645972;2024-04-14 17:55:00
202400025789.0;1;51;51230;2;2;1.0;6.0;49.0476;3.9557;2024-01-24 15:06:00
202400025790.0;1;77;77449;2;1;1.0;6.0;48.85176429;2.77984142;2024-09-03 19:15:00
202400025791.0;2;49;49015;1;1;2.0;4.0;47.510733;-0.618266;2024-01-23 17:30:00
202400025792.0;3;83;83135;1;1;1.0;6.0;43.597052;5.985918;2024-04-13 23:55:00
202400025793.0;1;73;73065;2;1;1.0;1.0;45.56708;5.90903;2024-06-19 19:15:00
202400025794.0;1;60;60286;1;3;7.0;2.0;49.66093;1.928685;2024-04-13 19:45:00
202400025795.0;1;41;41018;2;3;2.0;3.0;47.5976;1.32423;2024-01-24 08:25:00
202400025796.0;1;60;60233;2;9;1.0;6.0;49.64742;1.84462;2024-04-13 16:35:00
202400025797.0;5;38;38185;2;9;1.0;6.0;45.19847;5.73841;2024-01-24 17:20:00
202400025798.0;2;73;73065;2;1;1.0;6.0;45.56792;5.92257;2024-09-02 15:45:00
202400025799.0;1;64;64100;2;1;3.0;6.0;43.441597;-1.517712;2024-04-08 16:11:00
202400025800.0;5;38;38185;2;1;1.0;6.0;45.17739;5.74307;2024-01-23 18:35:00
202400025801.0;1;43;43223;1;1;1.0;7.0;45.245087;4.358504;2024-04-14 07:00:00
202400025802.0;5;37;37261;2;1;2.0;3.0;47.40154;0.68744;2024-01-24 01:05:00
202400025803.0;1;71;71153;2;2;1.0;3.0;46.79950524;4.44486998;2024-09-03 10:27:00
202400025804.0;1;7;7010;2;1;1.0;2.0;45.245268;4.668787;2024-04-14 11:10:00
202400025805.0;1;35;35051;2;6;8.0;6.0;48.09946;-1.61617;2024-01-24 15:00:00
202400025806.0;2;21;21030;1;1;1.0;6.0;47.11069743;4.74400115;2024-04-13 19:40:00
202400025807.0;1;35;35238;2;3;8.0;3.0;48.13256;-1.63327;2024-01-24 14:00:00
202400025808.0;3;40;40001;2;1;1.0;6.0;43.700415;-0.264208;2024-04-14 00:00:00
202400025809.0;1;71;71445;1;1;1.0;5.0;46.75981;4.86489;2024-09-02 15:57:00
202400025810.0;5;34;34301;2;1;1.0;3.0;43.40774;3.69835;2024-01-19 19:15:00
202400025811.0;1;24;24520;2;6;1.0;3.0;44.877434;1.219949;2024-04-14 17:20:00
202400025812.0;2;24;24082;1;1;8.0;6.0;44.828193;1.280304;2024-04-09 06:15:00
202400025813.0;5;34;34301;2;4;1.0;1.0;43.4092;3.67288;2024-01-24 19:30:00
202400025814.0;1;69;69091;2;1;1.0;3.0;45.60432;4.76321;2024-09-02 17:40:00
202400025815.0;3;4;4149;1;1;1.0;6.0;44.018944;5.928755;2024-04-13 22:45:00
202400025816.0;5;34;34172;2;4;1.0;3.0;43.5853;3.8696;2024-01-24 03:55:00
202400025817.0;1;85;85047;2;2;1.0;3.0;46.84527;-1.87351;2024-04-12 16:52:00
202400025818.0;1;67;67482;2;3;1.0;3.0;48.59502;7.77846;2024-09-03 12:25:00
202400025819.0;1;17;17347;2;1;1.0;7.0;45.939721;-0.521293;2024-04-13 16:30:00
202400025820.0;1;33;33281;2;1;1.0;4.0;44.841549;-0.649054;2024-01-24 10:30:00
202400025821.0;3;17;17205;2;1;1.0;7.0;45.995693;-0.929536;2024-04-14 00:04:00
202400025822.0;1;67;67482;2;1;1.0;3.0;48.59599;7.7779;2024-09-02 08:40:00
202400025823.0;1;89;89441;1;1;1.0;7.0;47.699;3.8149;2024-04-14 13:45:00
202400025824.0;1;64;64445;2;1;2.0;6.0;43.31647;-0.36089;2024-09-03 13:15:00
202400025825.0;5;36;36070;2;1;1.0;6.0;46.44087558;1.58320604;2024-01-12 18:30:00
202400025826.0;1;33;33119;2;1;1.0;6.0;44.85364;-0.51666;2024-01-15 15:50:00
202400025827.0;1;64;64335;2;1;2.0;7.0;43.31888399;-0.42705595;2024-09-03 11:50:00
202400025828.0;5;31;31555;2;2;1.0;3.0;43.64679;1.43317;2024-01-24 18:25:00
202400025829.0;3;34;34166;1;1;1.0;5.0;43.35919533;3.34322214;2024-04-14 03:00:00
202400025830.0;1;63;63113;2;3;1.0;6.0;45.77737612;3.10282767;2024-09-03 17:05:00
202400025831.0;5;29;29019;2;6;2.0;3.0;48.400775;-4.500167;2024-01-23 18:45:00
202400025832.0;1;13;13011;1;1;1.0;1.0;43.752354;4.832193;2024-04-13 15:10:00
202400025833.0;3;22;22187;2;1;1.0;6.0;48.54822;-2.79314;2024-01-15 23:10:00
202400025834.0;1;38;38118;1;1;1.0;2.0;45.41139019;5.46261983;2024-04-14 13:30:00
202400025835.0;1;63;63113;2;2;1.0;2.0;45.76395537;3.09157044;2024-09-03 10:00:00
202400025836.0;1;15;15014;2;1;1.0;6.0;44.92121;2.4321;2024-01-23 09:00:00
202400025837.0;1;973;97312;1;1;1.0;7.0;5.29479156;-52.91480541;2024-04-13 14:30:00
202400025838.0;1;62;62498;2;1;1.0;6.0;50.442;2.824;2024-09-02 12:30:00
202400025839.0;1;77;77475;1;1;1.0;2.0;48.959039;2.989687;2024-04-03 14:15:00
202400025840.0;5;13;13211;2;1;1.0;3.0;43.28896025;5.4317261;2024-01-24 19:20:00
202400025841.0;1;62;62498;2;9;1.0;6.0;50.43252;2.83597;2024-09-02 12:00:00
202400025842.0;1;2A;2A041;2;9;1.0;1.0;41.402723;9.160709;2024-04-14 17:10:00
202400025843.0;1;13;13211;2;1;1.0;1.0;43.28877;5.43657;2024-01-24 10:55:00
202400025844.0;1;66;66180;2;1;1.0;7.0;42.76936557;3.00166011;2024-04-13 18:00:00
202400025845.0;5;13;13212;2;1;1.0;1.0;43.31991;5.44635;2024-01-23 21:00:00
202400025846.0;3;84;84054;2;3;1.0;1.0;43.921235;5.057013;2024-04-13 20:45:00
202400025847.0;4;62;62035;2;5;8.0;3.0;50.5362948;2.6185568;2024-09-03 23:45:00
202400025848.0;5;12;12202;2;4;1.0;3.0;44.349848;2.568251;2024-01-09 19:40:00
202400025849.0;1;13;13081;2;1;1.0;1.0;43.510894;5.209444;2024-04-14 18:10:00
202400025850.0;1;10;10081;2;1;2.0;2.0;48.30999;4.03981;2024-01-23 15:07:00
202400025851.0;1;62;62753;2;3;1.0;2.0;50.30581575;2.81109144;2024-09-02 12:00:00
202400025852.0;1;13;13096;1;3;1.0;2.0;43.481718;4.404767;2024-04-14 17:45:00
202400025853.0;1;10;10060;2;1;1.0;2.0;48.26244;4.09242;2024-01-23 10:00:00
202400025854.0;1;89;89384;1;1;1.0;7.0;47.9021;3.3503;2024-04-14 13:25:00
202400025855.0;1;59;59606;2;6;1.0;6.0;50.36307;3.52099;2024-08-29 09:15:00
202400025856.0;1;21;21017;1;1;1.0;6.0;47.143077;4.83421;2024-04-14 15:15:00
202400025857.0;3;9;9225;1;1;1.0;6.0;43.10227;1.63269;2024-01-23 05:40:00
202400025858.0;1;68;68296;2;3;1.0;1.0;48.231782;7.370692;2024-04-13 16:14:00
202400025859.0;5;75;75120;2;1;1.0;4.0;48.877218;2.408928;2024-01-23 19:50:00
202400025860.0;5;59;59574;2;2;1.0;3.0;50.341;3.278;2024-08-30 22:20:00
202400025861.0;1;88;88073;1;2;1.0;3.0;48.347308;6.277592;2024-04-13 17:25:00
202400025862.0;5;75;75117;2;3;1.0;7.0;48.878167;2.284264;2024-01-24 19:10:00
202400025863.0;1;54;54460;1;1;1.0;7.0;48.80562;5.963387;2024-04-14 18:00:00
202400025864.0;1;75;75117;2;1;1.0;2.0;48.896888;2.320231;2024-01-24 13:50:00
202400025865.0;1;54;54043;1;1;1.0;7.0;48.58177095;6.104155;2024-04-12 19:35:00
202400025866.0;1;56;56260;2;9;1.0;3.0;47.64565;-2.7797;2024-09-02 16:45:00
202400025867.0;5;75;75116;2;3;1.0;6.0;48.87107;2.274894;2024-01-23 19:00:00
202400025868.0;3;26;26004;1;1;1.0;7.0;44.979849;4.980122;2024-04-14 03:30:00
202400025869.0;1;54;54526;2;5;1.0;1.0;48.68136;6.21606;2024-09-02 12:05:00
202400025870.0;1;75;75115;2;2;1.0;2.0;48.84359234;2.29571334;2024-01-24 11:30:00
202400025871.0;2;26;26235;2;6;1.0;6.0;44.378997;4.699713;2024-04-12 19:05:00
202400025872.0;1;65;65123;1;1;1.0;6.0;42.945566;0.272496;2024-04-13 17:05:00
202400025873.0;1;75;75115;2;1;2.0;6.0;48.850132;2.302684;2024-01-24 08:30:00
202400025874.0;1;85;85019;2;6;1.0;3.0;46.79028;-1.421881;2024-04-14 10:15:00
202400025875.0;1;54;54395;2;1;1.0;6.0;48.67829;6.20917;2024-09-02 07:50:00
202400025876.0;1;75;75111;2;3;1.0;1.0;48.854748;2.378147;2024-01-24 16:38:00
202400025877.0;1;56;56178;2;1;1.0;6.0;48.063352;-2.966728;2024-04-13 19:45:00
202400025878.0;1;27;27070;1;1;1.0;6.0;49.268897;1.415927;2024-04-13 17:45:00
202400025879.0;1;75;75111;2;1;1.0;6.0;48.851964;2.376795;2024-01-24 12:30:00
202400025880.0;1;54;54382;1;1;8.0;3.0;49.5497;5.80602;2024-09-03 17:14:00
202400025881.0;3;27;27020;2;1;1.0;6.0;48.999095;1.108004;2024-04-13 04:57:00
202400025882.0;1;75;75110;2;1;1.0;3.0;48.868562;2.358298;2024-01-24 14:45:00
202400025883.0;1;54;54521;2;1;8.0;6.0;49.47165;5.90871;2024-09-02 13:16:00
202400025884.0;1;59;59634;1;2;1.0;2.0;50.714385;2.482036;2024-04-13 17:30:00
202400025885.0;1;75;75108;2;2;1.0;1.0;48.878084;2.305089;2024-01-24 10:30:00
202400025886.0;1;51;51454;2;1;2.0;6.0;49.28484;4.02486;2024-09-03 15:15:00
202400025887.0;1;13;13070;1;1;1.0;4.0;43.28612245;5.51633961;2024-04-13 16:45:00
202400025888.0;1;75;75108;2;3;1.0;3.0;48.875197;2.316358;2024-01-24 10:03:00
202400025889.0;1;13;13215;1;1;1.0;2.0;43.37569;5.34256;2024-04-09 19:29:00
202400025890.0;1;51;51454;2;6;1.0;2.0;49.2271;4.01469;2024-09-03 09:25:00
202400025891.0;5;75;75107;2;3;1.0;3.0;48.86256807;2.31039852;2024-01-24 06:45:00
202400025892.0;1;51;51454;2;1;1.0;7.0;49.24871;4.0149;2024-09-02 15:12:00
202400025893.0;1;13;13214;1;1;1.0;4.0;43.33315668;5.38480307;2024-04-12 17:20:00
202400025894.0;1;75;75101;2;2;2.0;7.0;48.860113;2.333346;2024-01-24 09:15:00
202400025895.0;1;94;94080;2;1;2.0;6.0;48.85049881;2.44506113;2024-01-23 15:45:00
202400025896.0;1;51;51454;2;1;1.0;2.0;49.264225;4.013399;2024-09-02 15:46:00
202400025897.0;1;13;13215;1;1;1.0;2.0;43.342905;5.37594;2024-04-12 11:35:00
202400025898.0;1;49;49323;2;1;3.0;6.0;47.49565081;-0.49884365;2024-09-02 15:15:00
202400025899.0;1;94;94068;2;1;1.0;6.0;48.79142625;2.4827912;2024-01-24 15:40:00
202400025900.0;4;33;33075;1;1;1.0;4.0;44.88929;-0.60274;2024-04-12 20:55:00
202400025901.0;5;94;94003;2;1;1.0;6.0;48.811407;2.327557;2024-01-24 20:50:00
202400025902.0;1;47;47323;1;1;2.0;4.0;44.4065;0.74047;2024-09-03 11:15:00
202400025903.0;3;92;92002;1;1;1.0;3.0;48.76060033;2.28558497;2024-04-13 20:45:00
202400025904.0;5;94;94038;2;1;2.0;3.0;48.78434;2.32836;2024-01-23 22:12:00
202400025905.0;1;45;45284;2;1;8.0;3.0;47.90867;1.97594;2024-09-03 16:45:00
202400025906.0;1;91;91136;1;1;1.0;4.0;48.71219;2.28867;2024-04-13 14:10:00
202400025907.0;5;93;93070;2;1;1.0;2.0;48.91843;2.3291;2024-01-24 01:40:00
202400025908.0;1;44;44109;2;6;1.0;3.0;47.20044;-1.54433;2024-09-03 10:15:00
202400025909.0;1;91;91103;1;1;1.0;4.0;48.624812;2.302632;2024-04-12 18:35:00
202400025910.0;1;93;93066;2;3;9.0;6.0;48.92624827;2.3731268;2024-01-24 08:30:00
202400025911.0;3;78;78242;1;1;1.0;2.0;48.822249;2.070864;2024-04-13 03:30:00
202400025912.0;1;40;40192;2;1;1.0;4.0;43.92428;-0.49629;2024-08-22 17:45:00
202400025913.0;1;93;93007;1;1;1.0;2.0;48.94419727;2.47746314;2024-04-13 15:50:00
202400025914.0;5;93;93066;2;2;2.0;6.0;48.9388049;2.35940248;2024-01-24 07:40:00
202400025915.0;2;37;37195;2;6;9.0;2.0;47.3828;0.65464;2024-09-03 07:47:00
202400025916.0;1;93;93064;1;1;1.0;5.0;48.87109766;2.48225139;2024-04-13 14:00:00
202400025917.0;1;93;93055;2;3;1.0;6.0;48.89321094;2.40443945;2024-01-24 10:55:00
202400025918.0;2;37;37122;1;1;2.0;6.0;47.33982;0.66687;2024-09-03 06:56:00
202400025919.0;3;95;95527;1;1;1.0;2.0;48.98278289;2.50307168;2024-04-13 06:35:00
202400025920.0;1;36;36159;2;1;1.0;6.0;46.77277064;1.7351602;2024-09-03 19:58:00
202400025921.0;2;93;93048;2;3;2.0;6.0;48.877668;2.45558;2024-01-24 08:30:00
202400025922.0;3;94;94028;1;1;1.0;6.0;48.78927074;2.44014502;2024-04-13 21:50:00
202400025923.0;3;77;77363;1;1;1.0;2.0;48.929749;2.627959;2024-04-12 22:35:00
202400025924.0;2;93;93063;2;2;1.0;6.0;48.87714915;2.44939774;2024-01-23 19:00:00
202400025925.0;1;34;34172;2;2;1.0;3.0;43.60969;3.83792;2024-09-03 14:50:00
202400025926.0;2;94;94028;1;1;1.0;7.0;48.79698818;2.44355794;2024-04-12 20:10:00
202400025927.0;1;31;31483;2;1;1.0;2.0;43.09894087;0.70815951;2024-09-03 12:35:00
202400025928.0;5;971;97120;2;1;1.0;6.0;16.23941;-61.53098;2024-07-26 19:27:00
202400025929.0;2;93;93007;2;6;1.0;3.0;48.94982228;2.46687859;2024-01-24 17:00:00
202400025930.0;1;14;14578;2;2;1.0;3.0;49.349316;0.180958;2024-05-24 15:15:00
202400025931.0;1;93;93001;2;1;1.0;6.0;48.91366497;2.39423312;2024-01-24 10:30:00
202400025932.0;1;77;77083;1;1;1.0;4.0;48.83180534;2.60174191;2024-04-12 18:15:00
202400025933.0;1;29;29232;1;1;8.0;3.0;47.97706919;-4.13363278;2024-09-03 07:45:00
202400025934.0;5;2A;2A004;2;1;2.0;5.0;41.93215;8.74016;2024-07-28 01:00:00
202400025935.0;1;14;14676;1;1;1.0;2.0;49.2951;-0.641268;2024-05-23 15:00:00
202400025936.0;1;92;92078;1;2;1.0;3.0;48.92965;2.32017;2024-01-24 08:25:00
202400025937.0;1;27;27229;1;1;1.0;3.0;49.018852;1.14239;2024-09-03 08:42:00
202400025938.0;1;34;34301;2;3;1.0;3.0;43.40424;3.6973;2024-02-11 17:30:00
202400025939.0;5;91;91514;2;6;3.0;2.0;48.67669;2.53701;2024-07-26 21:30:00
202400025940.0;1;92;92075;2;1;1.0;6.0;48.82184;2.28489;2024-01-24 13:10:00
202400025941.0;1;5;5098;2;1;2.0;6.0;44.492786;6.555802;2024-05-23 18:00:00
202400025942.0;5;987;98735;2;1;1.0;6.0;-17.53388;-149.56074;2024-04-07 04:24:00
202400025943.0;1;25;25056;2;9;1.0;6.0;47.25415;6.01524;2024-09-03 11:00:00
202400025944.0;1;91;91174;2;1;2.0;2.0;48.61116;2.462;2024-07-27 14:45:00
202400025945.0;1;92;92076;1;9;1.0;2.0;48.83281418;2.1532613;2024-01-24 09:30:00
202400025946.0;5;974;97411;1;1;2.0;3.0;-20.88742;55.44112;2024-04-12 05:50:00
202400025947.0;1;22;22278;2;1;1.0;2.0;48.5121;-2.7558;2024-09-03 17:15:00
202400025948.0;1;86;86194;2;9;9.0;2.0;46.57301;0.3402;2024-07-24 17:10:00
202400025949.0;1;92;92063;2;1;1.0;2.0;48.88082289;2.18480587;2024-01-24 14:20:00
202400025950.0;1;45;45258;1;1;1.0;1.0;48.218497;2.457043;2024-05-24 12:15:00
202400025951.0;5;974;97407;2;9;1.0;2.0;-20.94023;55.30811;2024-04-13 00:02:00
202400025952.0;1;64;64218;1;1;1.0;7.0;43.072654;-1.191389;2024-05-24 09:40:00
202400025953.0;1;85;85191;2;6;8.0;6.0;46.648201;-1.434646;2024-07-27 13:15:00
202400025954.0;1;19;19031;2;2;1.0;2.0;45.15753;1.52398;2024-09-02 10:00:00
202400025955.0;5;92;92050;2;1;1.0;3.0;48.88618131;2.18839574;2024-01-23 18:15:00
202400025956.0;5;84;84087;2;1;1.0;6.0;44.137544;4.808466;2024-07-27 22:30:00
202400025957.0;5;60;60587;2;1;1.0;2.0;49.338214;2.605031;2024-01-23 18:45:00
202400025958.0;1;973;97302;2;1;1.0;3.0;4.91453;-52.32099;2024-04-12 18:18:00
202400025959.0;5;17;17200;2;1;2.0;7.0;46.17423;-1.16665;2024-09-03 03:00:00
202400025960.0;1;18;18196;1;2;3.0;3.0;46.762338;2.815408;2024-05-23 12:10:00
202400025961.0;1;65;65130;1;3;1.0;3.0;43.579147;-0.021501;2024-01-24 17:30:00
202400025962.0;1;16;16089;1;3;1.0;3.0;45.67439;-0.34132;2024-09-03 19:45:00
202400025963.0;1;84;84007;2;3;1.0;1.0;43.95133;4.82726;2024-07-27 18:15:00
202400025964.0;1;43;43087;1;1;5.0;1.0;45.20019044;4.35562586;2024-05-23 07:18:00
202400025965.0;1;973;97302;1;1;1.0;5.0;4.91314;-52.32841;2024-04-12 16:00:00
202400025966.0;1;26;26231;1;1;1.0;1.0;45.093735;5.071907;2024-01-24 11:00:00
202400025967.0;1;28;28387;2;1;1.0;6.0;48.31225;0.990792;2024-05-24 11:20:00
202400025968.0;1;83;83137;2;1;1.0;6.0;43.1121;5.9376;2024-07-27 10:30:00
202400025969.0;5;13;13056;2;6;1.0;3.0;43.4192;5.05589;2024-09-03 20:30:00
202400025970.0;3;86;86042;1;1;1.0;1.0;46.962223;0.669349;2024-01-24 19:45:00
202400025971.0;2;17;17266;1;2;1.0;3.0;45.93005;-0.648494;2024-05-24 08:45:00
202400025972.0;5;83;83069;2;3;1.0;3.0;43.08644343;6.1571027;2024-07-26 22:15:00
202400025973.0;1;41;41282;1;1;1.0;7.0;47.356691;1.843053;2024-01-25 14:30:00
202400025974.0;5;13;13214;2;1;1.0;2.0;43.31517;5.38698;2024-09-04 00:54:00
202400025975.0;1;37;37124;1;1;3.0;1.0;47.366044;0.789911;2024-05-17 17:12:00
202400025976.0;1;83;83069;2;6;1.0;6.0;43.11521155;6.12521171;2024-07-27 13:45:00
202400025977.0;2;31;31418;1;1;8.0;3.0;43.608495;1.539652;2024-01-23 07:50:00
202400025978.0;1;10;10387;2;1;1.0;3.0;48.2739;4.0805;2024-09-02 19:00:00
202400025979.0;1;37;37203;2;1;1.0;2.0;47.410022;0.738509;2024-05-23 07:55:00
202400025980.0;5;79;79191;2;1;1.0;1.0;46.30642;-0.4411;2024-07-27 22:24:00
202400025981.0;1;974;97405;1;1;2.0;3.0;-21.363843;55.539869;2024-01-24 16:05:00
202400025982.0;1;33;33052;1;1;1.0;2.0;44.95989;-0.247198;2024-05-23 16:50:00
202400025983.0;3;66;66050;1;1;1.0;7.0;42.776157;2.944057;2024-01-24 22:15:00
202400025984.0;5;987;98738;2;1;1.0;3.0;-17.575087;-149.611822;2024-05-22 19:15:00
202400025985.0;2;51;51237;2;1;8.0;6.0;48.727738;3.554158;2024-01-25 16:40:00
202400025986.0;1;10;10362;2;1;1.0;3.0;48.29359;4.05299;2024-09-02 18:51:00
202400025987.0;1;78;78168;2;6;2.0;6.0;48.75639;1.93019;2024-07-27 10:30:00
202400025988.0;3;51;51237;1;1;9.0;6.0;48.73177;3.597686;2024-01-17 06:55:00
202400025989.0;3;57;57644;1;1;1.0;2.0;49.1179;6.836629;2024-05-21 23:18:00
202400025990.0;5;2B;2B123;2;6;1.0;6.0;42.017684;9.406652;2024-01-24 19:00:00
202400025991.0;1;77;77216;1;1;1.0;6.0;48.31928;2.69733;2024-07-26 18:15:00
202400025992.0;1;2B;2B123;1;1;1.0;6.0;42.041548;9.388547;2024-01-21 17:00:00
202400025993.0;1;976;97617;1;1;1.0;1.0;-12.784871;45.14353;2024-05-23 10:30:00
202400025994.0;1;33;33229;2;6;1.0;2.0;44.703791;-1.038643;2024-05-23 15:25:00
202400025995.0;1;10;10387;2;6;8.0;7.0;48.2879;4.08129;2024-09-02 16:30:00
202400025996.0;1;11;11254;1;1;1.0;1.0;43.194164;2.125458;2024-01-25 09:50:00
202400025997.0;1;71;71153;2;2;1.0;1.0;46.79509;4.42504;2024-07-26 11:05:00
202400025998.0;4;61;61214;2;1;1.0;6.0;48.762298;0.620791;2024-01-24 19:53:00
202400025999.0;1;77;77153;1;1;1.0;1.0;49.060285;2.698216;2024-05-24 12:00:00
202400026000.0;1;67;67447;2;1;1.0;6.0;48.60693;7.73608;2024-07-27 14:20:00
202400026001.0;1;77;77168;1;9;1.0;7.0;48.195731;2.856231;2024-05-22 17:20:00
202400026002.0;1;66;66136;2;3;1.0;3.0;42.72194;2.88511;2024-07-26 18:20:00
202400026003.0;1;6;6029;2;9;1.0;5.0;43.54938;7.00875;2024-09-03 18:30:00
202400026004.0;1;77;77211;1;1;1.0;3.0;48.595741;2.983217;2024-05-22 11:55:00
202400026005.0;5;22;22183;2;3;8.0;3.0;48.142233;-2.605718;2024-01-23 18:15:00
202400026006.0;1;64;64249;2;3;1.0;2.0;43.42373;-1.60896;2024-07-27 11:40:00
202400026007.0;1;75;75120;2;1;1.0;3.0;48.868742;2.413252;2024-09-03 18:15:00
202400026008.0;3;25;25262;1;1;2.0;1.0;47.135615;6.590981;2024-01-25 06:38:00
202400026009.0;5;64;64483;2;3;1.0;3.0;43.38853;-1.6587;2024-07-27 00:40:00
202400026010.0;1;2B;2B257;1;1;1.0;2.0;42.653992;9.267574;2024-05-23 12:30:00
202400026011.0;2;44;44023;2;1;8.0;6.0;47.418389;-1.849533;2024-01-24 18:20:00
202400026012.0;1;61;61006;2;1;1.0;7.0;48.752515;-0.025239;2024-07-22 19:30:00
202400026013.0;1;75;75115;2;1;1.0;5.0;48.83293;2.279507;2024-09-03 16:00:00
202400026014.0;1;26;26108;1;1;1.0;2.0;44.7150162;5.00869789;2024-01-24 15:50:00
202400026015.0;1;30;30130;1;1;3.0;1.0;44.354672;3.953099;2024-05-24 14:45:00
202400026016.0;5;59;59512;2;9;1.0;6.0;50.69006;3.21086;2024-07-28 00:38:00
202400026017.0;1;75;75120;2;1;1.0;3.0;48.869643;2.413267;2024-09-03 15:25:00
202400026018.0;1;54;54196;1;1;1.0;7.0;48.56728372;6.17592573;2024-05-23 13:45:00
202400026019.0;1;59;59636;2;1;1.0;6.0;50.68797;3.05145;2024-07-26 17:40:00
202400026020.0;5;75;75112;2;1;1.0;3.0;48.82911;2.399971;2024-09-03 01:55:00
202400026021.0;1;72;72331;1;1;8.0;2.0;48.090611;0.563328;2024-01-24 15:10:00
202400026022.0;3;57;57606;2;9;3.0;6.0;49.107734;6.689974;2024-07-27 04:09:00
202400026023.0;1;42;42285;2;3;1.0;3.0;45.55372079;4.12096913;2024-05-24 13:07:00
202400026024.0;1;5;5010;2;1;1.0;6.0;44.52410502;5.74727654;2024-01-23 09:20:00
202400026025.0;5;75;75119;2;1;1.0;5.0;48.879032;2.408116;2024-09-03 01:15:00
202400026026.0;3;50;50429;1;1;2.0;6.0;49.012752;-1.54521;2024-01-24 21:01:00
202400026027.0;2;56;56083;2;6;8.0;6.0;47.80252;-3.25975;2024-07-27 06:00:00
202400026028.0;1;75;75119;2;1;1.0;6.0;48.88741236;2.38787949;2024-09-03 08:45:00
202400026029.0;1;31;31248;2;1;1.0;6.0;43.452654;1.40213;2024-05-24 10:45:00
202400026030.0;2;64;64495;1;2;1.0;3.0;43.364822;-1.590453;2024-01-21 18:30:00
202400026031.0;1;51;51454;2;2;3.0;5.0;49.263856;4.017949;2024-07-27 17:15:00
202400026032.0;5;75;75113;2;2;1.0;3.0;48.825716;2.381937;2024-09-03 23:20:00
202400026033.0;1;51;51454;2;1;2.0;6.0;49.250042;4.019688;2024-07-27 15:55:00
202400026034.0;1;75;75110;2;1;1.0;7.0;48.870481;2.370692;2024-09-03 16:15:00
202400026035.0;1;73;73312;1;1;7.0;7.0;45.655981;6.312183;2024-01-20 16:10:00
202400026036.0;1;13;13088;1;1;1.0;2.0;43.381;5.224;2024-05-22 08:13:00
202400026037.0;5;49;49007;1;1;2.0;7.0;47.49557;-0.55462;2024-07-27 04:31:00
202400026038.0;1;75;75111;2;2;1.0;6.0;48.860305;2.378615;2024-09-03 08:15:00
202400026039.0;1;13;13071;1;1;1.0;7.0;43.398;5.298;2024-05-22 06:55:00
202400026040.0;1;16;16393;1;2;1.0;1.0;45.76486104;0.16221731;2024-01-24 14:55:00
202400026041.0;5;75;75110;2;3;1.0;6.0;48.876341;2.353832;2024-09-03 00:40:00
202400026042.0;1;45;45234;2;3;1.0;3.0;47.843498;1.92394;2024-07-26 16:55:00
202400026043.0;3;69;69040;1;1;1.0;2.0;45.79693786;4.77773204;2024-04-12 00:20:00
202400026044.0;1;7;7343;1;1;1.0;2.0;44.556901;4.31767;2024-01-25 14:00:00
202400026045.0;4;33;33318;1;1;1.0;7.0;44.807944;-0.668589;2024-05-23 23:18:00
202400026046.0;1;37;37261;2;9;2.0;3.0;47.39055;0.67265;2024-07-27 13:30:00
202400026047.0;5;37;37109;2;1;1.0;6.0;47.4047326;0.61389823;2024-01-24 08:00:00
202400026048.0;1;75;75108;2;3;8.0;3.0;48.88117;2.315328;2024-09-03 16:40:00
202400026049.0;5;30;30212;2;1;1.0;7.0;43.940359;4.573714;2024-01-25 20:30:00
202400026050.0;1;37;37261;2;3;1.0;3.0;47.4186;0.69345;2024-07-26 16:50:00