Num_Acc;lum;departement;commune;agglomeration;intersection;meteo;type_collision;lat;long;date
202400026051.0;1;75;75108;2;1;2.0;3.0;48.874342;2.315856;2024-09-03 10:02:00
202400026052.0;1;33;33249;1;1;1.0;4.0;44.87865;-0.53043;2024-05-23 08:20:00
202400026053.0;1;8;8173;2;1;2.0;3.0;49.698144;4.777406;2024-01-25 13:20:00
202400026054.0;1;33;33063;2;3;1.0;6.0;44.83506;-0.56344;2024-07-27 17:21:00
202400026055.0;5;95;95394;2;1;1.0;3.0;49.05787829;2.18982163;2024-01-25 06:43:00
202400026056.0;5;33;33063;2;1;1.0;6.0;44.84027;-0.56966;2024-07-27 02:30:00
202400026057.0;2;33;33122;1;1;1.0;4.0;44.7433;-0.70667;2024-05-23 06:05:00
202400026058.0;5;93;93059;2;2;1.0;3.0;48.96005;2.35878;2024-09-02 21:55:00
202400026059.0;1;13;13080;1;2;1.0;3.0;43.655919;5.46911;2024-01-24 16:40:00
202400026060.0;1;33;33063;2;1;7.0;6.0;44.86241;-0.55606;2024-07-26 14:00:00
202400026061.0;1;93;93077;2;3;1.0;3.0;48.88248;2.49783;2024-09-03 19:41:00
202400026062.0;1;62;62766;1;1;2.0;5.0;50.94210218;2.09036153;2024-05-18 09:30:00
202400026063.0;1;6;6085;2;2;1.0;1.0;43.580216;7.005656;2024-01-24 12:00:00
202400026064.0;5;27;27229;2;3;2.0;3.0;49.029371;1.179774;2024-07-26 22:30:00
202400026065.0;1;93;93066;1;1;1.0;2.0;48.92536061;2.33939297;2024-05-23 09:20:00
202400026066.0;1;93;93050;2;3;1.0;6.0;48.86584518;2.53447205;2024-09-03 09:40:00
202400026067.0;3;95;95348;1;1;1.0;7.0;49.07188117;1.95834883;2024-01-24 20:45:00
202400026068.0;1;26;26362;2;9;1.0;6.0;44.922;4.88653;2024-07-27 10:30:00
202400026069.0;1;93;93014;2;1;8.0;3.0;48.90851;2.5391;2024-09-03 07:05:00
202400026070.0;1;94;94022;1;1;1.0;2.0;48.77338115;2.40113955;2024-05-23 19:15:00
202400026071.0;3;83;83079;1;1;1.0;5.0;43.209919;6.489422;2024-01-22 20:10:00
202400026072.0;1;93;93029;2;1;1.0;2.0;48.91606523;2.42431368;2024-09-03 17:25:00
202400026073.0;3;94;94042;1;1;2.0;4.0;48.82854107;2.47576095;2024-05-23 00:35:00
202400026074.0;1;6;6075;1;1;1.0;6.0;43.853732;7.197837;2024-01-12 09:00:00
202400026075.0;1;93;93008;2;1;8.0;6.0;48.90655;2.44294;2024-09-03 09:20:00
202400026076.0;1;17;17415;1;1;1.0;4.0;45.73028;-0.62426;2024-07-27 16:40:00
202400026077.0;2;94;94079;1;1;1.0;2.0;48.83281718;2.53379035;2024-05-22 07:00:00
202400026078.0;1;93;93001;2;9;1.0;6.0;48.906079;2.39187509;2024-09-03 17:50:00
202400026079.0;1;13;13034;1;3;1.0;3.0;43.752675;4.922841;2024-01-25 16:10:00
202400026080.0;1;14;14231;1;1;2.0;6.0;49.213411;0.022411;2024-01-07 12:05:00
202400026081.0;3;17;17291;1;1;1.0;4.0;46.173651;-1.115234;2024-07-27 05:24:00
202400026082.0;1;57;57582;1;1;1.0;2.0;49.29797355;6.16815805;2024-01-25 09:30:00
202400026083.0;2;93;93001;2;2;8.0;5.0;48.91245949;2.38346636;2024-09-03 12:30:00
202400026084.0;5;13;13210;2;1;1.0;3.0;43.27580143;5.42623851;2024-02-18 19:43:00
202400026085.0;1;26;26220;2;1;1.0;6.0;44.35613;5.125508;2024-01-24 10:45:00
202400026086.0;2;92;92050;2;1;1.0;6.0;48.89936738;2.2179231;2024-08-29 20:20:00
202400026087.0;1;15;15014;2;9;1.0;3.0;44.90743;2.42084;2024-07-27 09:10:00
202400026088.0;1;85;85161;1;1;1.0;3.0;46.561589;-1.503647;2024-01-24 10:40:00
202400026089.0;5;92;92040;2;1;1.0;6.0;48.81785872;2.25007832;2024-09-03 05:30:00
202400026090.0;1;13;13208;2;1;1.0;5.0;43.26766985;5.38383365;2024-02-18 11:10:00
202400026091.0;1;14;14366;2;1;1.0;2.0;49.14596;0.22684;2024-07-27 11:40:00
202400026092.0;1;80;80176;1;9;1.0;1.0;49.70987;2.828701;2024-01-25 12:10:00
202400026093.0;1;92;92036;2;1;1.0;7.0;48.92597;2.31333;2024-09-03 11:50:00
202400026094.0;5;974;97416;2;1;1.0;6.0;-21.34344;55.47199;2024-05-23 01:50:00
202400026095.0;5;13;13207;2;1;1.0;3.0;43.27847904;5.35456324;2024-07-27 04:46:00
202400026096.0;1;13;13202;1;1;1.0;2.0;43.31431865;5.36559368;2024-01-24 08:35:00
202400026097.0;1;92;92024;2;2;2.0;3.0;48.90468;2.29361;2024-09-03 09:56:00
202400026098.0;1;13;13214;2;1;1.0;1.0;43.33266;5.38599;2024-07-27 19:00:00
202400026099.0;5;973;97302;1;1;1.0;2.0;4.90117324;-52.32502484;2024-05-22 18:49:00
202400026100.0;1;973;97302;2;6;2.0;3.0;4.93243;-52.32648;2024-05-22 06:45:00
202400026101.0;1;92;92060;2;6;1.0;3.0;48.78090072;2.25580949;2024-09-03 13:20:00
202400026102.0;1;13;13081;1;1;1.0;4.0;43.49581534;5.23949787;2024-01-23 09:50:00
202400026103.0;1;13;13209;2;6;1.0;3.0;43.25089;5.4037;2024-07-26 14:53:00
202400026104.0;1;69;69388;2;3;2.0;3.0;45.73371447;4.87775192;2024-05-22 19:15:00
202400026105.0;1;92;92004;2;9;1.0;3.0;48.9133593;2.28673339;2024-09-03 14:50:00
202400026106.0;5;83;83126;1;1;1.0;3.0;43.11971718;5.86322838;2024-01-23 07:00:00
202400026107.0;1;13;13028;2;1;1.0;3.0;43.20002322;5.59503443;2024-07-26 15:45:00
202400026108.0;1;974;97415;2;1;1.0;3.0;-21.014136;55.264839;2024-09-02 11:00:00
202400026109.0;1;69;69383;2;3;1.0;6.0;45.75491149;4.87726863;2024-05-22 10:00:00
202400026110.0;3;69;69029;1;1;1.0;2.0;45.73715337;4.90355879;2024-01-16 00:05:00
202400026111.0;1;11;11262;2;2;1.0;7.0;43.16134;2.979511;2024-07-27 11:10:00
202400026112.0;1;90;90008;2;9;1.0;6.0;47.62074205;6.83429874;2024-05-21 13:35:00
202400026113.0;1;12;12300;2;6;1.0;3.0;44.35892006;2.02120095;2024-09-03 17:20:00
202400026114.0;1;11;11069;2;1;1.0;6.0;43.2108;2.3032;2024-07-27 15:30:00
202400026115.0;3;42;42099;1;1;1.0;2.0;45.37948;4.27344;2024-01-16 17:40:00
202400026116.0;1;88;88160;2;1;1.0;7.0;48.18189;6.44691;2024-05-22 18:30:00
202400026117.0;1;40;40004;1;3;1.0;1.0;43.651118;-1.387925;2024-08-13 15:50:00
202400026118.0;1;10;10333;2;1;3.0;7.0;48.269;4.0512;2024-07-27 19:20:00
202400026119.0;1;84;84007;2;4;1.0;1.0;43.95257;4.79675;2024-05-22 14:05:00
202400026120.0;1;6;6069;2;1;1.0;3.0;43.63469;6.95172;2024-07-27 07:20:00
202400026121.0;1;57;57463;1;1;1.0;5.0;49.08828419;6.22196314;2024-01-24 13:01:00
202400026122.0;1;31;31467;2;3;1.0;3.0;43.679649;1.42233;2024-09-03 15:00:00
202400026123.0;1;84;84007;2;1;1.0;3.0;43.94193;4.85217;2024-05-21 13:45:00
202400026124.0;1;81;81238;2;1;3.0;6.0;43.4778841;2.4899695;2024-09-04 17:30:00
202400026125.0;1;33;33397;1;1;1.0;3.0;44.912913;-0.482811;2024-01-24 12:50:00
202400026126.0;3;4;4070;2;1;1.0;6.0;44.08274;6.20184;2024-07-27 02:30:00
202400026127.0;1;84;84007;2;2;1.0;3.0;43.94328;4.86571;2024-05-21 09:10:00
202400026128.0;3;10;10240;1;1;8.0;6.0;48.277143;3.906161;2024-09-03 22:40:00
202400026129.0;1;75;75116;2;1;2.0;7.0;48.875228;2.276512;2024-07-27 21:40:00
202400026130.0;1;46;46103;1;1;2.0;7.0;44.275734;1.46277;2024-09-04 15:20:00
202400026131.0;1;94;94003;1;1;1.0;5.0;48.80352187;2.34180952;2024-01-24 16:55:00
202400026132.0;5;83;83137;2;9;1.0;3.0;43.12869;5.89264;2024-05-21 22:55:00
202400026133.0;1;75;75119;2;1;2.0;2.0;48.890069;2.396274;2024-07-27 11:40:00
202400026134.0;1;67;67253;1;1;1.0;1.0;48.647403;7.529175;2024-09-03 16:38:00
202400026135.0;3;91;91689;1;1;1.0;7.0;48.74197;2.3217;2024-01-24 01:51:00
202400026136.0;1;75;75120;2;1;2.0;6.0;48.848316;2.414768;2024-07-27 06:20:00
202400026137.0;1;78;78372;2;3;8.0;2.0;48.88443;2.10023;2024-05-22 10:35:00
202400026138.0;1;58;58059;1;9;1.0;3.0;47.182913;3.038594;2024-09-03 14:00:00
202400026139.0;1;78;78372;2;1;1.0;3.0;48.86794;2.10193;2024-05-22 10:30:00
202400026140.0;1;75;75118;2;1;1.0;3.0;48.900815;2.339917;2024-07-26 16:10:00
202400026141.0;1;78;78206;1;1;1.0;3.0;48.951402;1.94234;2024-01-23 09:38:00
202400026142.0;3;30;30334;1;1;1.0;7.0;44.017169;4.429117;2024-09-04 05:15:00
202400026143.0;1;77;77288;2;3;1.0;6.0;48.533667;2.654611;2024-05-21 16:25:00
202400026144.0;1;75;75120;2;4;2.0;3.0;48.86134563;2.41373599;2024-07-26 10:40:00
202400026145.0;3;93;93064;1;1;1.0;4.0;48.88566369;2.47257834;2024-01-24 01:15:00
202400026146.0;1;62;62864;1;1;1.0;6.0;50.261202;2.944443;2024-08-20 20:00:00
202400026147.0;1;77;77251;1;6;1.0;1.0;48.62649;2.55301;2024-05-16 09:03:00
202400026148.0;3;95;95652;1;1;1.0;6.0;49.113732;2.394665;2024-09-04 00:45:00
202400026149.0;1;75;75114;2;1;2.0;3.0;48.824682;2.305116;2024-07-27 16:26:00
202400026150.0;1;69;69282;2;2;1.0;6.0;45.77576;4.98974;2024-05-22 18:10:00
202400026151.0;1;76;76146;1;1;1.0;3.0;49.578943;1.293147;2024-09-03 19:30:00
202400026152.0;1;75;75115;2;3;3.0;6.0;48.852059;2.288832;2024-07-26 20:30:00
202400026153.0;1;974;97416;2;3;1.0;2.0;-21.33574;55.46824;2024-01-23 10:20:00
202400026154.0;1;66;66136;2;5;1.0;1.0;42.69722;2.88322;2024-05-22 11:10:00
202400026155.0;1;973;97302;2;1;1.0;6.0;4.91986914;-52.31840193;2024-01-23 12:30:00
202400026156.0;1;75;75114;2;3;1.0;3.0;48.829924;2.334204;2024-07-27 13:40:00
202400026157.0;1;59;59650;2;1;1.0;3.0;50.710558;3.210555;2024-05-22 20:20:00
202400026158.0;1;25;25601;2;1;1.0;6.0;47.182977;6.399359;2024-09-03 12:00:00
202400026159.0;1;56;56121;2;2;1.0;6.0;47.74994;-3.3634;2024-05-21 17:40:00
202400026160.0;1;75;75110;2;3;3.0;2.0;48.87058572;2.35500705;2024-07-27 12:40:00
202400026161.0;5;69;69387;2;2;1.0;3.0;45.74816;4.84367;2024-01-24 01:50:00
202400026162.0;1;44;44130;1;1;1.0;3.0;47.112225;-1.538231;2024-09-04 10:55:00
202400026163.0;1;54;54547;2;1;1.0;3.0;48.66736122;6.16813123;2024-05-22 19:45:00
202400026164.0;1;69;69388;2;1;1.0;6.0;45.73391124;4.88465154;2024-01-12 16:00:00
202400026165.0;5;75;75110;2;2;2.0;3.0;48.881597;2.36572;2024-07-26 23:00:00
202400026166.0;1;54;54395;2;3;1.0;3.0;48.68425;6.18044;2024-05-22 11:00:00
202400026167.0;2;44;44002;2;2;1.0;3.0;47.074769;-1.419114;2024-09-04 07:00:00
202400026168.0;1;972;97209;2;1;1.0;6.0;14.60483;-61.08482;2024-01-23 17:00:00
202400026169.0;1;54;54547;2;1;1.0;3.0;48.662714;6.176599;2024-05-21 18:27:00
202400026170.0;1;75;75109;2;3;8.0;6.0;48.875748;2.328553;2024-07-26 16:35:00
202400026171.0;1;29;29257;1;1;1.0;7.0;48.561095;-4.633696;2024-08-30 10:38:00
202400026172.0;1;972;97209;2;1;1.0;6.0;14.60831047;-61.0686707;2024-01-23 06:43:00
202400026173.0;1;94;94081;2;1;1.0;6.0;48.77706675;2.36763203;2024-07-26 17:00:00
202400026174.0;1;54;54395;2;3;2.0;3.0;48.6744;6.17526;2024-05-21 09:56:00
202400026175.0;1;972;97209;1;1;2.0;6.0;14.6132;-61.05264;2024-01-22 16:45:00
202400026176.0;1;49;49007;2;1;2.0;7.0;47.47334;-0.57868;2024-05-21 08:13:00
202400026177.0;2;58;58247;1;9;1.0;5.0;47.003305;3.354151;2024-09-04 18:55:00
202400026178.0;5;94;94080;2;2;2.0;6.0;48.847579;2.43063;2024-07-27 00:45:00
202400026179.0;5;972;97209;2;1;1.0;6.0;14.61294;-61.07347;2024-01-21 23:35:00
202400026180.0;1;45;45075;2;1;1.0;1.0;47.898716;1.855141;2024-05-22 12:45:00
202400026181.0;2;69;69389;2;1;1.0;3.0;45.78338;4.80053;2024-01-23 07:23:00
202400026182.0;3;54;54523;1;1;2.0;1.0;48.567393;5.94856;2024-09-04 05:30:00
202400026183.0;2;94;94034;2;9;3.0;3.0;48.7591;2.32466;2024-07-27 07:45:00
202400026184.0;1;41;41226;1;1;1.0;7.0;47.82451514;1.07734507;2024-05-22 18:00:00
202400026185.0;1;5;5084;1;1;1.0;7.0;44.55280648;6.24471063;2024-09-04 09:48:00
202400026186.0;2;69;69384;2;1;1.0;3.0;45.78685451;4.81709227;2024-01-23 07:45:00
202400026187.0;1;40;40281;2;1;3.0;1.0;43.86337;-0.48622;2024-05-20 11:40:00
202400026188.0;2;94;94017;2;1;8.0;3.0;48.826274;2.522551;2024-07-27 21:15:00
202400026189.0;1;21;21016;1;1;1.0;1.0;47.362636;5.166686;2024-09-03 14:20:00
202400026190.0;1;40;40192;2;1;1.0;3.0;43.89575;-0.46358;2024-05-17 14:50:00
202400026191.0;1;971;97101;2;3;1.0;3.0;16.25764669;-61.5198487;2024-01-23 16:22:00
202400026192.0;5;94;94004;1;3;3.0;6.0;48.72760653;2.53103147;2024-07-26 23:10:00
202400026193.0;1;37;37214;1;3;1.0;3.0;47.43516645;0.64126557;2024-09-03 12:50:00
202400026194.0;1;37;37122;2;1;1.0;6.0;47.34139;0.65474;2024-05-22 09:05:00
202400026195.0;1;971;97101;2;3;2.0;7.0;16.25416188;-61.52301908;2024-01-23 11:12:00
202400026196.0;1;30;30095;1;1;1.0;3.0;43.865082;3.936106;2024-09-04 13:15:00
202400026197.0;1;95;95527;1;1;2.0;1.0;49.00801973;2.52766855;2024-07-27 13:05:00
202400026198.0;1;35;35278;2;1;1.0;1.0;48.14128547;-1.68658565;2024-05-22 08:00:00
202400026199.0;1;48;48009;1;1;1.0;6.0;44.653925;3.292921;2024-08-29 18:30:00
202400026200.0;5;87;87085;2;3;1.0;3.0;45.82959;1.24673;2024-01-19 23:40:00
202400026201.0;1;93;93046;2;2;2.0;3.0;48.91044;2.52749;2024-07-27 14:50:00
202400026202.0;1;35;35281;2;3;1.0;2.0;48.092;-1.69185;2024-05-17 20:45:00
202400026203.0;5;87;87085;2;3;1.0;6.0;45.8200206;1.24485433;2024-01-19 07:30:00
202400026204.0;2;48;48016;1;1;3.0;1.0;44.49573854;3.45921928;2024-09-04 19:30:00
202400026205.0;1;92;92073;2;1;2.0;7.0;48.88021581;2.22292746;2024-07-27 15:00:00
202400026206.0;5;34;34172;2;1;1.0;7.0;43.64121;3.81554;2024-05-22 22:00:00
202400026207.0;1;87;87085;2;1;2.0;6.0;45.82491725;1.27564877;2024-01-18 13:45:00
202400026208.0;1;31;31212;1;1;3.0;6.0;43.709253;1.568368;2024-09-04 10:25:00
202400026209.0;5;92;92050;2;1;2.0;6.0;48.90340269;2.2067517;2024-07-27 01:45:00
202400026210.0;1;34;34172;2;2;1.0;3.0;43.61616;3.88438;2024-05-21 10:00:00
202400026211.0;1;87;87085;2;3;3.0;6.0;45.83647398;1.26521409;2024-01-17 16:14:00
202400026212.0;3;38;38530;1;6;1.0;1.0;45.61358;5.198153;2024-09-01 02:30:00
202400026213.0;1;92;92036;2;4;2.0;6.0;48.93377192;2.31337264;2024-07-27 14:55:00
202400026214.0;1;34;34032;2;2;1.0;6.0;43.34639;3.21906;2024-05-21 14:55:00
202400026215.0;2;92;92023;2;1;1.0;6.0;48.77662;2.23087;2024-07-27 21:10:00
202400026216.0;1;84;84007;2;3;1.0;3.0;43.939884;4.820485;2024-01-22 08:00:00
202400026217.0;1;63;63072;1;1;2.0;7.0;45.85805692;3.72267008;2024-09-04 16:00:00
202400026218.0;1;34;34003;2;1;1.0;2.0;43.27747;3.51294;2024-05-22 11:35:00
202400026219.0;1;83;83126;2;9;1.0;6.0;43.10910037;5.85680562;2024-01-23 09:40:00
202400026220.0;1;83;83069;2;1;1.0;7.0;43.12178216;6.11584461;2024-01-23 13:25:00
202400026221.0;2;976;97603;1;1;3.0;6.0;-12.886048;45.215483;2024-09-04 05:45:00
202400026222.0;1;33;33522;2;6;1.0;3.0;44.80176;-0.58505;2024-05-22 18:40:00
202400026223.0;1;92;92012;2;2;3.0;1.0;48.83079466;2.23471248;2024-07-27 14:20:00
202400026224.0;1;28;28404;2;1;1.0;;48.73324;1.3452;2024-05-22 12:15:00
202400026225.0;1;47;47145;1;1;1.0;7.0;44.133737;0.716701;2024-07-26 07:50:00
202400026226.0;1;49;49068;1;1;1.0;2.0;47.432979;-0.872941;2024-09-03 08:48:00
202400026227.0;1;63;63126;1;1;3.0;3.0;45.68475662;3.14399022;2024-09-04 08:28:00
202400026228.0;2;22;22278;2;1;1.0;6.0;48.50661;-2.76776;2024-05-19 06:20:00
202400026229.0;1;51;51649;2;9;1.0;1.0;48.724712;4.586013;2024-07-25 15:20:00
202400026230.0;3;67;67415;1;1;2.0;7.0;48.923063;7.511516;2024-07-26 20:19:00
202400026231.0;1;13;13208;2;1;1.0;4.0;43.25869;5.37602;2024-05-22 09:45:00
202400026232.0;1;14;14593;1;1;1.0;3.0;49.267374;0.168765;2024-09-01 13:44:00
202400026233.0;1;13;13005;2;3;1.0;3.0;43.2838;5.54269;2024-05-22 13:50:00
202400026234.0;1;38;38046;1;1;1.0;6.0;45.454964;5.376946;2024-09-04 10:17:00
202400026235.0;1;41;41034;1;9;1.0;1.0;47.613663;1.51723;2024-07-28 16:00:00
202400026236.0;1;6;6122;2;1;1.0;6.0;43.745731;7.158172;2024-09-03 16:30:00
202400026237.0;1;69;69043;1;6;1.0;7.0;45.691957;4.765942;2024-07-27 11:06:00
202400026238.0;1;13;13005;2;3;1.0;3.0;43.32344;5.58993;2024-05-22 07:20:00
202400026239.0;3;974;97422;2;1;1.0;6.0;-21.234117;55.540566;2024-07-28 01:40:00
202400026240.0;1;13;13001;1;1;1.0;3.0;43.50255;5.39341;2024-05-22 18:15:00
202400026241.0;1;13;13089;1;3;8.0;3.0;43.820082;4.973086;2024-09-04 08:20:00
202400026242.0;1;73;73123;1;4;8.0;7.0;45.87078384;6.48215345;2024-09-02 12:32:00
202400026243.0;1;12;12176;1;6;3.0;3.0;44.37931;2.56586;2024-05-19 19:30:00
202400026244.0;1;81;81099;1;2;1.0;3.0;43.9210004;1.885971;2024-08-29 17:00:00
202400026245.0;1;83;83086;1;1;1.0;3.0;43.458262;6.557639;2024-07-27 09:35:00
202400026246.0;1;11;11069;1;1;1.0;1.0;43.21379;2.28786;2024-05-21 12:45:00
202400026247.0;1;34;34079;1;1;1.0;2.0;43.629886;3.448988;2024-07-26 12:30:00
202400026248.0;1;10;10387;2;1;1.0;6.0;48.3063;4.0708;2024-05-22 17:00:00
202400026249.0;1;81;81105;1;4;1.0;2.0;43.765204;2.017668;2024-08-28 10:25:00
202400026250.0;5;5;5023;2;6;2.0;6.0;44.88206;6.62288;2024-05-22 00:40:00
202400026251.0;3;31;31229;1;1;2.0;6.0;43.322399;1.087051;2024-09-04 03:15:00
202400026252.0;1;41;41178;1;1;1.0;1.0;47.807433;1.408482;2024-07-27 18:50:00
202400026253.0;3;23;23095;1;1;1.0;7.0;46.127687;1.673784;2024-07-27 23:37:00
202400026254.0;2;33;33256;2;3;1.0;1.0;44.967648;-0.61282;2024-09-04 07:05:00
202400026255.0;5;75;75118;2;1;1.0;5.0;48.900819;2.333069;2024-05-22 00:50:00
202400026256.0;1;79;79034;1;6;1.0;2.0;46.302325;-0.491059;2024-07-26 17:20:00
202400026257.0;1;29;29238;2;1;1.0;6.0;48.31496749;-4.54829056;2024-08-30 17:11:00
202400026258.0;5;75;75120;2;4;1.0;6.0;48.85474;2.410282;2024-05-22 02:50:00
202400026259.0;1;2B;2B319;1;1;1.0;6.0;42.404367;9.490417;2024-07-28 16:45:00
202400026260.0;1;35;35206;1;6;1.0;3.0;48.044704;-1.659826;2024-09-03 18:50:00
202400026261.0;2;75;75120;2;7;9.0;3.0;48.872759;2.389627;2024-05-22 21:35:00
202400026262.0;3;82;82018;1;1;1.0;6.0;44.115298;1.53057;2024-07-26 22:35:00
202400026263.0;1;80;80410;2;1;1.0;3.0;49.74463;3.071344;2024-09-02 09:50:00
202400026264.0;3;61;61153;1;1;1.0;7.0;48.723096;-0.188988;2024-07-27 03:05:00
202400026265.0;1;75;75109;2;2;1.0;6.0;48.874085;2.340742;2024-05-22 09:55:00
202400026266.0;1;61;61474;1;1;2.0;1.0;48.757468;0.22479;2024-07-26 18:20:00
202400026267.0;1;75;75103;2;2;1.0;3.0;48.866259;2.352543;2024-05-21 14:45:00
202400026268.0;1;49;49261;1;1;1.0;7.0;47.36408;-0.223183;2024-07-27 18:05:00
202400026269.0;1;33;33249;1;1;1.0;2.0;44.875454;-0.50775;2024-09-03 13:30:00
202400026270.0;1;94;94080;2;2;8.0;6.0;48.84464;2.43863;2024-05-22 08:15:00
202400026271.0;3;49;49261;1;1;1.0;6.0;47.322038;-0.12958;2024-07-28 00:08:00
202400026272.0;1;94;94016;2;6;1.0;7.0;48.7974;2.34189;2024-05-22 12:48:00
202400026273.0;1;33;33249;1;1;2.0;4.0;44.871342;-0.50562;2024-09-03 08:56:00
202400026274.0;1;49;49292;1;3;1.0;3.0;47.342014;-0.692954;2024-07-28 14:20:00
202400026275.0;1;94;94028;2;3;1.0;3.0;48.79004;2.46103;2024-05-22 19:15:00
202400026276.0;3;59;59043;1;1;1.0;2.0;50.71406;2.76823;2024-08-30 22:35:00
202400026277.0;1;42;42081;2;1;1.0;5.0;45.614036;4.256357;2024-07-28 17:15:00
202400026278.0;1;94;94079;2;3;1.0;3.0;48.82718;2.53182;2024-05-22 18:40:00
202400026279.0;1;91;91617;1;1;2.0;2.0;48.63105;2.513592;2024-09-03 08:00:00
202400026280.0;1;47;47301;1;1;1.0;3.0;44.56603944;0.29177889;2024-07-26 19:30:00
202400026281.0;1;94;94056;1;1;1.0;6.0;48.696898;2.570644;2024-05-19 17:30:00
202400026282.0;1;91;91363;1;1;2.0;3.0;48.66188;2.18747;2024-09-03 08:10:00
202400026283.0;5;93;93064;2;3;1.0;3.0;48.88300301;2.49548435;2024-05-21 23:17:00
202400026284.0;1;86;86053;1;2;1.0;3.0;46.732731;0.192278;2024-07-27 12:30:00
202400026285.0;3;68;68059;1;1;1.0;7.0;47.70429476;7.15289259;2024-07-25 21:45:00
202400026286.0;1;93;93053;2;1;1.0;2.0;48.902241;2.46178;2024-05-22 11:25:00
202400026287.0;1;92;92012;1;1;2.0;4.0;48.84824241;2.23903918;2024-09-03 10:10:00
202400026288.0;1;93;93046;2;2;1.0;3.0;48.92407;2.53469;2024-05-22 14:30:00
202400026289.0;3;44;44217;1;1;1.0;3.0;47.324243;-1.698212;2024-07-22 05:40:00
202400026290.0;1;93;93005;1;1;1.0;6.0;48.93958962;2.47948796;2024-09-02 18:45:00
202400026291.0;1;93;93007;2;3;1.0;3.0;48.926397;2.469167;2024-05-21 10:15:00
202400026292.0;1;35;35070;2;3;1.0;6.0;48.55768;-1.930036;2024-07-27 17:00:00
202400026293.0;1;93;93006;1;1;1.0;3.0;48.86611228;2.41541368;2024-09-02 16:30:00
202400026294.0;5;29;29075;2;1;1.0;6.0;48.418382;-4.429577;2024-07-19 00:05:00
202400026295.0;2;93;93005;2;2;3.0;3.0;48.943275;2.493123;2024-05-22 18:30:00
202400026296.0;1;92;92073;2;1;8.0;6.0;48.86861716;2.21900439;2024-05-21 09:22:00
202400026297.0;1;38;38547;2;1;7.0;5.0;45.23406398;5.87104507;2024-07-27 17:55:00
202400026298.0;1;38;38126;1;1;1.0;6.0;45.2347;5.75106;2024-07-28 14:15:00
202400026299.0;1;92;92062;2;1;1.0;3.0;48.87709;2.24084;2024-05-22 17:00:00
202400026300.0;1;93;93064;1;1;1.0;4.0;48.88318367;2.47202095;2024-09-02 07:00:00
202400026301.0;1;6;6053;1;1;1.0;7.0;44.027255;6.806352;2024-07-27 19:00:00
202400026302.0;5;92;92020;2;1;1.0;6.0;48.79840038;2.27870911;2024-05-22 00:15:00
202400026303.0;3;6;6079;2;1;1.0;7.0;43.535393;6.934605;2024-07-28 01:43:00
202400026304.0;1;92;92048;2;1;1.0;6.0;48.81882;2.23481;2024-05-22 19:56:00
202400026305.0;3;77;77169;1;1;1.0;6.0;48.815457;2.624456;2024-09-03 22:25:00
202400026306.0;1;92;92044;2;4;1.0;6.0;48.89926505;2.29345509;2024-05-21 20:07:00
202400026307.0;3;50;50529;1;1;1.0;6.0;48.771323;-1.188712;2024-07-27 23:15:00
202400026308.0;1;16;16141;1;1;1.0;6.0;45.91062;0.19563;2024-07-28 09:17:00
202400026309.0;1;94;94069;1;1;8.0;4.0;48.81757222;2.43761789;2024-09-03 12:56:00
202400026310.0;1;92;92012;2;1;1.0;2.0;48.83362;2.22684;2024-05-22 17:00:00
202400026311.0;1;16;16230;1;2;1.0;3.0;45.40679;0.137356;2024-07-27 17:30:00
202400026312.0;1;77;77450;1;1;2.0;3.0;48.718296;2.599052;2024-09-03 11:05:00
202400026313.0;1;33;33539;1;2;8.0;1.0;44.868342;-0.312478;2024-05-23 17:22:00
202400026314.0;1;47;47084;1;1;1.0;6.0;44.633559;0.559874;2024-05-17 08:50:00
202400026315.0;1;24;24563;1;1;1.0;1.0;44.993697;1.173473;2024-07-27 19:00:00
202400026316.0;1;77;77258;1;1;1.0;2.0;48.832564;2.656894;2024-09-02 17:45:00
202400026317.0;1;17;17407;2;2;1.0;3.0;46.171495;-1.003895;2024-05-21 20:30:00
202400026318.0;1;4;4135;1;4;1.0;3.0;43.844865;6.217951;2024-07-28 16:21:00
202400026319.0;1;85;85096;1;2;1.0;3.0;46.8993;-1.83255;2024-07-27 19:25:00
202400026320.0;1;14;14579;1;1;1.0;6.0;49.052145;-0.714017;2024-05-22 15:50:00
202400026321.0;3;79;79230;1;1;1.0;7.0;46.292036;0.145741;2024-04-30 22:50:00
202400026322.0;1;28;28008;1;1;8.0;6.0;48.535533;1.197059;2024-07-27 15:10:00
202400026323.0;1;36;36173;1;1;1.0;3.0;46.68429543;1.17867184;2024-05-23 09:05:00
202400026324.0;2;28;28386;1;1;1.0;1.0;48.54231;1.307266;2024-07-25 21:55:00
202400026325.0;1;87;87177;1;1;8.0;1.0;45.804859;1.113561;2024-05-22 14:30:00
202400026326.0;1;30;30212;2;3;1.0;3.0;43.938982;4.566477;2024-07-26 17:00:00
202400026327.0;1;19;19256;1;9;1.0;6.0;45.36662;2.329445;2024-05-23 10:25:00
202400026328.0;3;90;90010;1;1;2.0;6.0;47.631706;6.874158;2024-07-28 05:00:00
202400026329.0;1;63;63195;1;1;8.0;1.0;45.82420404;3.36423298;2024-05-23 17:00:00
202400026330.0;1;61;61046;1;1;2.0;1.0;48.490103;0.745074;2024-05-21 18:55:00
202400026331.0;3;21;21295;1;1;1.0;2.0;47.22243878;5.00840959;2024-07-28 04:00:00
202400026332.0;1;27;27701;1;1;1.0;6.0;49.249501;1.174035;2024-07-28 06:40:00