Num_Acc;lum;departement;commune;agglomeration;intersection;meteo;type_collision;lat;long;date
202400026333.0;1;12;12162;1;1;1.0;1.0;44.350978;2.428284;2024-05-22 14:40:00
202400026334.0;3;47;47318;1;1;2.0;6.0;44.22087707;0.32624277;2024-05-22 20:40:00
202400026335.0;3;11;11202;1;1;1.0;1.0;42.8745174;3.03789139;2024-07-28 00:50:00
202400026336.0;5;987;98731;2;1;1.0;6.0;-8.882511;-140.109672;2024-07-25 22:40:00
202400026337.0;1;47;47278;1;4;1.0;7.0;44.716551;0.25636;2024-05-19 16:07:00
202400026338.0;1;971;97112;1;6;1.0;3.0;15.913564;-61.328226;2024-07-27 14:01:00
202400026339.0;1;68;68332;2;2;1.0;3.0;47.654295;7.265624;2024-05-23 17:20:00
202400026340.0;1;68;68004;2;1;1.0;6.0;47.621585;7.236465;2024-05-16 10:35:00
202400026341.0;1;66;66115;1;1;1.0;1.0;42.53618578;2.87062883;2024-07-28 10:55:00
202400026342.0;1;39;39475;2;1;1.0;6.0;46.433223;5.342358;2024-05-23 07:00:00
202400026343.0;1;30;30130;1;9;1.0;1.0;44.308035;3.971772;2024-07-28 09:50:00
202400026344.0;1;25;25411;2;6;2.0;7.0;47.057393;6.611347;2024-05-23 16:35:00
202400026345.0;1;84;84141;2;1;7.0;3.0;43.953987;4.891247;2024-07-27 17:05:00
202400026346.0;3;13;13082;1;1;1.0;5.0;43.644399;5.379546;2024-07-28 00:50:00
202400026347.0;1;72;72132;2;1;1.0;5.0;48.177712;0.657367;2024-05-23 09:40:00
202400026348.0;1;13;13097;1;6;1.0;3.0;43.640175;4.914923;2024-07-27 09:15:00
202400026349.0;1;6;6089;1;1;1.0;1.0;43.652228;7.028088;2024-05-14 17:15:00
202400026350.0;1;70;70205;2;1;1.0;2.0;47.658255;6.734233;2024-07-27 10:00:00
202400026351.0;2;14;14504;1;1;1.0;6.0;49.21526007;0.32565339;2024-05-23 06:15:00
202400026352.0;1;71;71235;1;1;1.0;6.0;46.361345;4.799454;2024-07-27 15:10:00
202400026353.0;1;8;8312;1;1;1.0;7.0;49.800131;4.533556;2024-07-28 08:56:00
202400026354.0;1;7;7078;2;1;8.0;4.0;45.257062;4.696827;2024-05-23 10:25:00
202400026355.0;1;24;24563;1;3;1.0;3.0;45.037846;1.134295;2024-05-21 18:00:00
202400026356.0;1;38;38003;1;2;1.0;3.0;45.323442;4.85651;2024-07-28 14:00:00
202400026357.0;1;26;26116;1;1;1.0;7.0;44.436002;4.723263;2024-07-28 12:30:00
202400026358.0;1;27;27226;2;4;1.0;6.0;49.312652;1.6112136;2024-05-23 16:36:00
202400026359.0;1;69;69052;1;1;1.0;7.0;45.878642;4.716769;2024-07-28 18:50:00
202400026360.0;1;27;27117;1;1;1.0;1.0;48.983245;0.520762;2024-05-22 12:40:00
202400026361.0;1;81;81105;2;6;1.0;3.0;43.761141;2.003814;2024-07-23 17:30:00
202400026362.0;1;24;24126;1;1;1.0;1.0;44.79604154;0.52252977;2024-05-22 16:20:00
202400026363.0;1;33;33517;2;1;1.0;1.0;45.055504;-0.703501;2024-07-05 15:30:00
202400026364.0;1;31;31476;1;1;1.0;3.0;43.271565;1.134295;2024-05-22 13:15:00
202400026365.0;1;44;44066;1;2;1.0;1.0;47.354681;-1.597934;2024-07-28 11:25:00
202400026366.0;1;88;88022;1;1;1.0;3.0;48.23191511;5.86056232;2024-05-21 10:01:00
202400026367.0;2;971;97103;2;1;1.0;3.0;16.247571;-61.601876;2024-05-22 18:05:00
202400026368.0;2;29;29022;2;1;1.0;5.0;48.25939807;-4.5606673;2024-07-27 21:39:00
202400026369.0;1;987;98735;2;1;1.0;7.0;-17.756;-148.736;2024-05-22 10:40:00
202400026370.0;1;13;13085;1;1;1.0;7.0;43.24822;5.59662;2024-07-23 17:30:00
202400026371.0;4;973;97311;2;1;1.0;6.0;5.478638;-54.023606;2024-05-22 19:00:00
202400026372.0;1;13;13202;2;1;1.0;4.0;43.31327;5.36628;2024-07-23 19:50:00
202400026373.0;1;37;37230;1;3;1.0;2.0;47.46148285;1.0107851;2024-05-17 15:00:00
202400026374.0;1;33;33162;1;1;1.0;6.0;44.859412;-0.660521;2024-07-27 06:52:00
202400026375.0;4;33;33318;1;1;1.0;6.0;44.808855;-0.669799;2024-07-27 02:00:00
202400026376.0;2;91;91179;2;2;2.0;1.0;48.557786;2.499261;2024-05-22 20:30:00
202400026377.0;1;91;91521;1;1;2.0;7.0;48.63553;2.40167;2024-07-27 16:30:00
202400026378.0;1;6;6066;2;1;1.0;3.0;43.835517;7.187247;2024-05-21 18:30:00
202400026379.0;1;91;91174;1;1;1.0;7.0;48.61593;2.4552;2024-07-27 15:20:00
202400026380.0;1;94;94065;1;1;1.0;6.0;48.75359225;2.35593856;2024-07-27 15:45:00
202400026381.0;1;69;69157;1;4;2.0;1.0;45.907039;4.467037;2024-05-20 15:48:00
202400026382.0;2;91;91553;1;1;3.0;6.0;48.6286;2.4805;2024-07-27 06:38:00
202400026383.0;1;69;69297;2;1;1.0;1.0;45.608851;4.807484;2024-05-22 18:30:00
202400026384.0;3;91;91136;1;1;2.0;7.0;48.71056;2.28768;2024-07-27 01:15:00
202400026385.0;1;69;69040;2;1;1.0;6.0;45.794513;4.792984;2024-05-22 15:30:00
202400026386.0;3;91;91174;1;1;3.0;3.0;48.62209;2.4632;2024-07-26 22:40:00
202400026387.0;1;14;14047;2;7;1.0;6.0;49.277591;-0.70047;2024-05-22 17:30:00
202400026388.0;1;92;92063;1;1;2.0;3.0;48.88961195;2.16890822;2024-07-27 11:55:00
202400026389.0;1;27;27412;1;1;1.0;1.0;49.250271;1.102399;2024-05-22 07:35:00
202400026390.0;1;95;95572;1;1;1.0;2.0;49.04116499;2.12821547;2024-07-27 19:20:00
202400026391.0;1;27;27165;2;1;1.0;3.0;48.975421;0.948767;2024-05-22 12:50:00
202400026392.0;1;13;13071;1;1;1.0;7.0;43.404;5.314;2024-05-22 10:27:00
202400026393.0;1;93;93064;1;1;2.0;3.0;48.86773131;2.48195414;2024-07-27 07:35:00
202400026394.0;1;92;92078;1;1;3.0;6.0;48.92928253;2.32938717;2024-07-27 10:10:00
202400026395.0;1;95;95527;1;1;3.0;7.0;49.00473404;2.52582663;2024-07-26 18:10:00
202400026396.0;4;54;54197;1;1;1.0;3.0;48.61813;6.19881;2024-03-29 00:08:00
202400026397.0;5;95;95018;1;1;3.0;2.0;48.95863789;2.27437326;2024-07-26 06:10:00
202400026398.0;1;94;94065;1;1;2.0;3.0;48.74745783;2.35851545;2024-05-22 18:20:00
202400026399.0;1;94;94069;1;1;3.0;3.0;48.81730357;2.4323076;2024-07-27 19:10:00
202400026400.0;1;92;92019;1;1;1.0;3.0;48.76065654;2.28429441;2024-05-22 08:20:00
202400026401.0;1;94;94069;1;1;3.0;5.0;48.81713893;2.44226193;2024-07-27 17:35:00
202400026402.0;3;92;92002;1;1;2.0;6.0;48.76040969;2.29181952;2024-05-21 23:44:00
202400026403.0;3;78;78043;1;1;2.0;6.0;48.83168;2.08305;2024-05-21 22:20:00
202400026404.0;1;93;93051;1;1;3.0;2.0;48.83611442;2.55457974;2024-07-27 17:15:00
202400026405.0;1;92;92072;1;1;1.0;7.0;48.81740264;2.21629518;2024-05-21 18:20:00
202400026406.0;1;93;93066;1;1;1.0;6.0;48.9229345;2.34504055;2024-05-22 09:10:00
202400026407.0;1;77;77373;1;1;2.0;2.0;48.790716;2.618457;2024-07-27 16:45:00
202400026408.0;1;95;95572;1;1;8.0;5.0;49.03432309;2.11289343;2024-05-21 06:00:00
202400026409.0;1;77;77373;1;1;3.0;6.0;48.796174;2.621597;2024-07-27 16:00:00
202400026410.0;1;95;95277;1;1;2.0;2.0;48.96803561;2.47785819;2024-05-20 20:45:00
202400026411.0;1;75;75112;1;1;3.0;2.0;48.81805355;2.45657891;2024-07-27 14:10:00
202400026412.0;3;94;94081;1;1;2.0;7.0;48.77409978;2.4089616;2024-05-21 03:30:00
202400026413.0;3;77;77121;1;1;3.0;2.0;48.830972;2.687261;2024-07-27 04:18:00
202400026414.0;1;45;45187;2;1;1.0;6.0;47.887899;2.513997;2024-03-01 08:50:00
202400026415.0;5;18;18033;2;9;1.0;3.0;47.06302;2.36143;2024-02-12 18:30:00
202400026416.0;1;32;32013;2;3;8.0;3.0;43.6411;0.5953;2024-03-12 17:15:00
202400026417.0;5;17;17299;2;1;2.0;6.0;45.930602;-0.961011;2024-01-03 18:25:00
202400026418.0;5;974;97411;2;1;1.0;7.0;-20.89453;55.49904;2024-07-27 02:40:00
202400026419.0;1;974;97411;1;3;1.0;3.0;-20.918;55.4961;2024-05-21 17:25:00
202400026420.0;5;973;97302;2;1;3.0;3.0;4.92363528;-52.32401991;2024-07-26 19:50:00
202400026421.0;1;974;97411;2;1;1.0;1.0;-20.87732;55.44244;2024-05-20 17:20:00
202400026422.0;1;69;69387;2;2;1.0;6.0;45.74764;4.83505;2024-07-26 11:55:00
202400026423.0;1;974;97407;2;3;1.0;3.0;-20.93366588;55.30790305;2024-05-21 13:35:00
202400026424.0;1;972;97213;1;6;1.0;4.0;14.61988;-60.99413;2024-07-26 16:00:00
202400026425.0;1;973;97302;2;1;1.0;6.0;4.92244156;-52.31324637;2024-05-21 11:35:00
202400026426.0;5;973;97302;2;1;1.0;7.0;4.93160033;-52.31232101;2024-05-20 23:30:00
202400026427.0;1;972;97213;1;3;1.0;3.0;14.62472;-61.00743;2024-07-25 11:24:00
202400026428.0;1;69;69387;2;3;1.0;3.0;45.75078;4.84422;2024-05-21 16:40:00
202400026429.0;5;2B;2B033;2;9;1.0;2.0;42.713;9.45446;2024-07-25 21:15:00
202400026430.0;1;971;97101;1;3;1.0;2.0;16.2395;-61.51994;2024-07-26 15:40:00
202400026431.0;1;69;69383;2;3;1.0;1.0;45.7561;4.86408;2024-05-21 15:40:00
202400026432.0;3;971;97113;1;1;1.0;1.0;16.21755;-61.45741;2024-07-25 19:10:00
202400026433.0;1;69;69386;2;2;1.0;3.0;45.76676;4.8443;2024-05-21 08:50:00
202400026434.0;5;971;97113;1;4;1.0;1.0;16.23438;-61.46771;2024-07-24 21:20:00
202400026435.0;1;69;69386;2;2;1.0;3.0;45.77462;4.84709;2024-05-21 08:15:00
202400026436.0;1;91;91433;1;1;2.0;6.0;48.45901;2.17742;2024-07-26 09:30:00
202400026437.0;1;88;88160;2;1;1.0;6.0;48.19307972;6.45314813;2024-07-09 12:15:00
202400026438.0;5;972;97213;1;1;1.0;2.0;14.61824;-61.02648;2024-05-20 04:28:00
202400026439.0;1;2B;2B037;2;1;1.0;6.0;42.62814;9.4295;2024-05-21 09:41:00
202400026440.0;1;87;87050;2;1;1.0;4.0;45.86823;1.23826;2024-07-25 16:58:00
202400026441.0;1;87;87085;1;1;1.0;2.0;45.87973;1.28873;2024-07-25 16:56:00
202400026442.0;1;971;97113;2;1;1.0;5.0;16.21247;-61.47634;2024-05-21 16:00:00
202400026443.0;1;87;87085;2;1;1.0;2.0;45.84502;1.24247;2024-07-25 12:00:00
202400026444.0;1;971;97113;1;3;1.0;3.0;16.22029;-61.51746;2024-05-20 08:40:00
202400026445.0;5;971;97101;1;1;1.0;7.0;16.2631;-61.49505;2024-05-18 04:25:00
202400026446.0;1;83;83126;2;2;1.0;5.0;43.1027;5.8727;2024-07-25 19:20:00
202400026447.0;1;85;85194;2;2;1.0;6.0;46.495479;-1.784178;2024-05-18 17:40:00
202400026448.0;1;81;81163;2;2;1.0;3.0;43.49492;2.37285;2024-07-26 15:30:00
202400026449.0;1;84;84007;2;3;1.0;6.0;43.94144;4.84721;2024-05-20 11:40:00
202400026450.0;1;80;80021;2;1;1.0;7.0;49.91714;2.25564;2024-05-21 14:40:00
202400026451.0;1;80;80021;2;1;1.0;3.0;49.89;2.30924;2024-07-26 13:50:00
202400026452.0;2;76;76351;1;1;1.0;6.0;49.52472;0.17996;2024-05-18 05:30:00
202400026453.0;5;80;80021;2;1;1.0;6.0;49.89607;2.30362;2024-07-25 23:25:00
202400026454.0;1;80;80021;2;1;1.0;2.0;49.8688;2.25215;2024-07-25 10:20:00
202400026455.0;1;76;76447;2;1;1.0;6.0;49.54754217;0.17653763;2024-05-19 20:20:00
202400026456.0;2;76;76351;2;2;1.0;7.0;49.49260429;0.13202235;2024-05-18 06:00:00
202400026457.0;1;80;80021;2;2;1.0;3.0;49.90859;2.29458;2024-07-24 14:15:00
202400026458.0;1;67;67482;2;1;1.0;6.0;48.57394;7.75541;2024-05-21 18:50:00
202400026459.0;1;79;79329;2;1;1.0;2.0;46.977068;-0.20494;2024-07-26 10:30:00
202400026460.0;1;66;66136;1;1;2.0;3.0;42.72644245;2.89636195;2024-05-21 17:25:00
202400026461.0;1;77;77251;1;1;2.0;3.0;48.610396;2.577729;2024-07-26 13:30:00
202400026462.0;1;66;66136;2;3;1.0;3.0;42.6988;2.8777;2024-05-21 16:30:00
202400026463.0;1;76;76351;2;3;3.0;6.0;49.50011;0.13196;2024-07-25 19:15:00
202400026464.0;1;66;66136;2;1;1.0;2.0;42.6905;2.83542;2024-05-21 09:10:00
202400026465.0;1;72;72181;2;6;1.0;3.0;48.02486;0.17808;2024-07-25 15:15:00
202400026466.0;1;64;64024;2;1;1.0;3.0;43.49665;-1.50915;2024-05-21 19:03:00
202400026467.0;1;69;69013;2;3;1.0;3.0;46.00240345;4.71950582;2024-07-26 13:00:00
202400026468.0;2;69;69259;2;1;1.0;6.0;45.72555;4.85808;2024-07-26 21:55:00
202400026469.0;1;62;62570;2;1;1.0;6.0;50.40153198;2.86225881;2024-05-19 19:30:00
202400026470.0;4;62;62239;2;1;1.0;6.0;50.93413;1.80533;2024-05-12 23:25:00
202400026471.0;1;69;69276;1;2;1.0;3.0;45.6661;4.84626;2024-07-26 19:15:00
202400026472.0;1;62;62126;2;6;1.0;3.0;50.5125255;2.66881657;2024-05-20 17:05:00
202400026473.0;1;68;68066;2;2;1.0;3.0;48.06648;7.34517;2024-07-26 09:05:00
202400026474.0;1;64;64445;2;1;1.0;2.0;43.30685;-0.3417;2024-07-26 17:00:00
202400026475.0;1;60;60175;2;6;1.0;3.0;49.24477;2.46957;2024-05-20 14:11:00
202400026476.0;1;64;64122;2;1;1.0;7.0;43.48892;-1.55292;2024-07-25 20:26:00
202400026477.0;3;56;56098;2;1;1.0;6.0;47.7596;-3.35297;2024-05-19 02:03:00
202400026478.0;1;64;64122;2;1;1.0;7.0;43.48614;-1.54989;2024-07-24 12:27:00
202400026479.0;2;56;56162;1;1;1.0;6.0;47.73275;-3.40415;2024-05-19 06:15:00
202400026480.0;5;64;64024;2;6;1.0;7.0;43.49703;-1.50862;2024-07-25 22:42:00
202400026481.0;5;54;54300;2;1;5.0;6.0;48.66354;6.21905;2024-05-20 04:10:00
202400026482.0;1;64;64024;2;1;1.0;7.0;43.49138698;-1.49607718;2024-07-24 11:20:00
202400026483.0;1;59;59299;2;1;1.0;1.0;50.64885;3.20765;2024-07-26 20:00:00
202400026484.0;1;59;59431;1;1;1.0;1.0;50.6888;2.83039;2024-07-26 20:30:00
202400026485.0;1;56;56260;2;1;1.0;6.0;47.65934;-2.77558;2024-07-26 15:00:00
202400026486.0;5;54;54482;2;2;2.0;3.0;48.70476781;6.20744437;2024-07-26 23:40:00
202400026487.0;1;54;54357;2;2;1.0;6.0;48.71266;6.16297;2024-07-26 16:45:00
202400026488.0;1;10;10387;2;1;1.0;7.0;48.27447;4.08382;2024-10-07 11:33:00
202400026489.0;1;3;3023;2;3;3.0;3.0;46.127;3.39584;2024-10-07 11:35:00
202400026490.0;1;75;75119;2;2;1.0;6.0;48.883222;2.388023;2024-10-08 10:18:00
202400026491.0;1;75;75120;2;1;1.0;3.0;48.861698;2.413912;2024-10-07 14:10:00
202400026492.0;1;75;75105;2;1;1.0;6.0;48.8516;2.350037;2024-10-08 14:00:00
202400026493.0;5;75;75118;2;2;8.0;3.0;48.888354;2.34961;2024-10-08 21:00:00
202400026494.0;1;75;75118;2;2;1.0;3.0;48.898726;2.370248;2024-10-08 07:55:00
202400026495.0;1;75;75117;2;3;1.0;2.0;48.89287;2.316637;2024-10-08 16:50:00
202400026496.0;1;75;75117;2;2;2.0;4.0;48.8831;2.287529;2024-10-07 17:15:00
202400026497.0;1;75;75116;2;3;3.0;6.0;48.866432;2.277663;2024-10-08 17:54:00
202400026498.0;1;75;75113;2;4;1.0;6.0;48.838863;2.360981;2024-10-08 16:10:00
202400026499.0;5;75;75111;2;2;8.0;3.0;48.853309;2.377361;2024-10-08 21:01:00
202400026500.0;1;75;75111;2;2;8.0;1.0;48.86458;2.378033;2024-10-07 12:45:00
202400026501.0;5;75;75108;2;4;9.0;3.0;48.872139;2.321815;2024-10-08 19:30:00
202400026502.0;1;75;75108;2;2;1.0;3.0;48.865036;2.31374;2024-10-08 14:20:00
202400026503.0;1;75;75108;2;3;1.0;6.0;48.874077;2.298217;2024-10-07 13:45:00
202400026504.0;1;75;75107;2;3;1.0;6.0;48.849831;2.323301;2024-10-08 12:00:00
202400026505.0;1;94;94076;2;2;1.0;3.0;48.80411159;2.36416849;2024-10-08 14:10:00
202400026506.0;1;94;94041;2;2;1.0;3.0;48.81634;2.37467;2024-10-08 17:35:00
202400026507.0;1;94;94034;2;1;1.0;2.0;48.75992;2.3217;2024-10-08 11:50:00
202400026508.0;1;93;93072;2;1;1.0;2.0;48.95013508;2.38670971;2024-10-08 09:30:00
202400026509.0;1;93;93066;2;1;1.0;6.0;48.94797;2.35451;2024-10-08 16:50:00
202400026510.0;1;93;93055;2;1;1.0;6.0;48.89442654;2.41929245;2024-10-08 07:48:00
202400026511.0;1;93;93051;2;1;2.0;3.0;48.83288159;2.56633548;2024-10-08 12:25:00
202400026512.0;1;93;93050;2;1;1.0;5.0;48.85666;2.52634;2024-10-08 15:30:00
202400026513.0;5;93;93046;2;1;2.0;3.0;48.92029031;2.53979445;2024-10-08 01:00:00
202400026514.0;1;93;93006;2;1;2.0;1.0;48.86364078;2.42100209;2024-10-07 13:00:00
202400026515.0;1;93;93027;2;1;1.0;3.0;48.92338683;2.39524222;2024-10-08 12:26:00
202400026516.0;1;92;92077;2;1;2.0;2.0;48.82648839;2.18832225;2024-10-07 17:50:00
202400026517.0;5;92;92050;2;2;2.0;3.0;48.90029983;2.20021874;2024-10-08 06:35:00
202400026518.0;1;92;92020;2;6;8.0;7.0;48.80069652;2.28344589;2024-10-07 08:35:00
202400026519.0;5;92;92040;2;1;1.0;1.0;48.82626413;2.26767406;2024-10-08 21:15:00
202400026520.0;5;92;92036;2;6;2.0;3.0;48.93354286;2.30202869;2024-10-08 20:15:00
202400026521.0;1;92;92025;2;3;2.0;3.0;48.91772105;2.23756847;2024-10-07 16:05:00
202400026522.0;5;92;92060;2;4;1.0;6.0;48.77797226;2.27052324;2024-10-08 22:45:00
202400026523.0;1;92;92002;2;4;1.0;3.0;48.74484762;2.29402922;2024-10-08 15:15:00
202400026524.0;3;71;71371;2;1;8.0;7.0;46.343886;4.73408;2024-10-09 00:45:00
202400026525.0;1;15;15066;1;1;2.0;7.0;45.10436;2.664275;2024-10-09 10:40:00
202400026526.0;1;47;47015;2;3;1.0;7.0;44.063814;0.650291;2024-10-08 10:30:00
202400026527.0;1;54;54156;1;1;2.0;6.0;48.37306185;6.1246419;2024-10-09 07:30:00
202400026528.0;5;1;1244;2;1;3.0;6.0;45.901657;5.194052;2024-10-08 06:45:00
202400026529.0;1;69;69273;2;9;1.0;1.0;45.675516;4.92813;2024-10-08 12:40:00
202400026530.0;2;40;40036;2;1;2.0;7.0;43.628772;-1.4;2024-10-08 19:25:00
202400026531.0;1;49;49092;1;2;1.0;3.0;47.227536;-0.642883;2024-10-04 09:45:00
202400026532.0;1;83;83031;1;1;1.0;1.0;43.391655;6.351986;2024-10-08 14:59:00
202400026533.0;1;25;25524;1;1;3.0;6.0;47.425648;6.647072;2024-10-08 13:25:00
202400026534.0;1;6;6140;2;1;1.0;6.0;43.639511;6.84695;2024-10-08 15:40:00
202400026535.0;1;87;87003;1;1;1.0;3.0;46.250683;1.391315;2024-10-08 14:15:00
202400026536.0;5;51;51171;1;3;2.0;3.0;49.375063;3.920381;2024-10-06 19:45:00
202400026537.0;1;2B;2B343;1;1;1.0;2.0;42.493551;9.472328;2024-10-08 12:30:00
202400026538.0;1;82;82187;1;1;1.0;6.0;44.16389;1.918101;2024-10-08 12:15:00
202400026539.0;1;82;82134;1;6;1.0;3.0;44.063298;1.495707;2024-10-08 15:15:00
202400026540.0;1;81;81002;1;6;1.0;3.0;43.511137;2.335019;2024-10-08 17:00:00
202400026541.0;1;71;71345;2;2;2.0;3.0;46.437069;4.802372;2024-10-07 07:15:00
202400026542.0;5;63;63271;2;2;1.0;3.0;45.910973;3.519552;2024-10-08 21:25:00
202400026543.0;3;49;49180;1;1;1.0;6.0;47.40288068;-0.14437258;2024-10-07 20:00:00
202400026544.0;1;42;42092;1;2;1.0;4.0;45.484643;4.364812;2024-10-08 15:15:00
202400026545.0;1;47;47252;2;2;1.0;3.0;44.395918;0.591449;2024-10-08 16:00:00
202400026546.0;1;86;86075;1;1;2.0;3.0;46.791329;0.117128;2024-10-07 08:35:00
202400026547.0;1;86;86211;1;2;2.0;3.0;46.248895;0.278939;2024-10-07 13:45:00
202400026548.0;5;34;34332;2;1;1.0;6.0;43.311674;3.416796;2024-10-08 22:00:00
202400026549.0;1;68;68004;1;1;1.0;4.0;47.63179921;7.26101582;2024-10-09 17:45:00
202400026550.0;4;29;29075;2;6;9.0;6.0;48.437746;-4.402809;2024-10-08 23:05:00
202400026551.0;2;29;29075;1;3;1.0;6.0;48.414701;-4.405115;2024-10-09 08:50:00
202400026552.0;1;31;31115;1;1;1.0;1.0;43.344172;0.903735;2024-10-09 15:00:00
202400026553.0;3;38;38422;2;3;2.0;3.0;45.156115;5.823958;2024-10-06 22:00:00
202400026554.0;1;26;26063;2;3;1.0;3.0;44.276944;5.276613;2024-10-08 15:50:00
202400026555.0;1;66;66178;2;9;1.0;3.0;42.515318;2.787899;2024-10-07 15:15:00
202400026556.0;1;54;54501;1;1;2.0;7.0;48.47036055;6.52012825;2024-10-07 06:56:00
202400026557.0;1;40;40119;2;1;1.0;1.0;43.661333;-0.585467;2024-10-06 17:28:00
202400026558.0;2;40;40053;1;2;7.0;3.0;44.175964;-0.193183;2024-10-04 18:46:00
202400026559.0;1;24;24133;1;1;8.0;6.0;45.566824;0.974125;2024-10-08 15:05:00
202400026560.0;2;4;4008;1;1;1.0;1.0;43.947721;6.688871;2024-10-09 07:10:00
202400026561.0;1;28;28379;1;1;1.0;1.0;48.510691;1.586409;2024-10-07 12:52:00
202400026562.0;3;988;98805;2;1;1.0;6.0;-22.153748;166.464897;2024-10-08 19:00:00
202400026563.0;5;13;13051;2;3;1.0;1.0;43.58941;5.126662;2024-10-09 19:40:00
202400026564.0;1;1;1027;1;1;2.0;4.0;45.853311;5.097694;2024-09-28 10:20:00
202400026565.0;3;34;34240;1;1;1.0;6.0;43.629402;3.966834;2024-10-07 05:25:00
202400026566.0;1;77;77006;1;1;3.0;6.0;48.397867;2.554665;2024-10-09 09:08:00
202400026567.0;3;77;77071;1;1;2.0;6.0;48.211857;2.783616;2024-10-08 20:30:00
202400026568.0;1;45;45155;2;1;1.0;1.0;47.704841;2.632749;2024-10-08 09:20:00
202400026569.0;1;83;83068;1;1;2.0;6.0;43.28066;6.579888;2024-10-08 09:40:00
202400026570.0;1;68;68130;1;1;1.0;7.0;47.94904672;7.53712032;2024-10-09 10:10:00
202400026571.0;1;57;57582;2;1;1.0;1.0;49.283932;6.168995;2024-10-08 18:02:00
202400026572.0;1;42;42304;2;6;1.0;6.0;45.537452;4.188044;2024-10-09 17:30:00
202400026573.0;1;1;1262;1;1;1.0;6.0;45.926827;5.031685;2024-10-04 15:35:00
202400026574.0;1;69;69140;2;1;1.0;7.0;45.8887063;4.68612866;2024-10-08 16:30:00
202400026575.0;1;69;69052;2;3;2.0;3.0;45.876266;4.713634;2024-10-08 18:10:00
202400026576.0;1;69;69021;1;3;7.0;1.0;45.76513559;4.56389971;2024-10-08 16:00:00
202400026577.0;1;81;81112;1;3;1.0;3.0;43.920733;2.026058;2024-10-08 14:30:00
202400026578.0;1;14;14762;2;3;2.0;3.0;48.846566;-0.885606;2024-10-09 18:10:00
202400026579.0;1;14;14352;1;1;2.0;1.0;48.897274;-1.001519;2024-10-09 16:50:00
202400026580.0;3;27;27644;1;1;3.0;6.0;49.145671;1.539427;2024-10-09 06:30:00
202400026581.0;1;59;59249;2;1;3.0;1.0;50.019246;4.056251;2024-10-09 13:40:00
202400026582.0;1;13;13212;1;1;1.0;2.0;43.29144;5.42452;2024-10-08 07:20:00
202400026583.0;3;83;83047;1;1;1.0;6.0;43.13556;6.04458;2024-10-07 21:00:00
202400026584.0;3;69;69142;1;1;1.0;4.0;45.72007;4.81853;2024-10-05 02:05:00
202400026585.0;1;57;57582;1;9;2.0;6.0;49.28588771;6.17205302;2024-10-07 11:37:00
202400026586.0;2;91;91228;1;1;2.0;7.0;48.62336;2.41955;2024-10-08 18:35:00
202400026587.0;1;91;91617;1;1;1.0;3.0;48.63453;2.53515;2024-10-08 16:50:00
202400026588.0;3;91;91103;1;1;2.0;6.0;48.62382;2.2989;2024-10-08 05:55:00
202400026589.0;1;78;78646;1;1;1.0;5.0;48.790664;2.11094;2024-10-08 14:33:00
202400026590.0;3;92;92072;1;1;1.0;6.0;48.82721274;2.2243744;2024-10-07 23:49:00
202400026591.0;1;95;95488;1;1;2.0;2.0;49.02138092;2.13670217;2024-10-08 18:08:00
202400026592.0;1;93;93006;1;1;2.0;6.0;48.8667928;2.42555663;2024-10-08 16:50:00
202400026593.0;1;93;93008;1;1;1.0;2.0;48.90728251;2.45507534;2024-10-08 16:15:00
202400026594.0;1;93;93010;1;1;1.0;2.0;48.90653393;2.47247712;2024-10-08 13:30:00
202400026595.0;1;93;93027;1;1;1.0;3.0;48.93720852;2.40978107;2024-10-08 10:50:00
202400026596.0;1;95;95018;1;1;3.0;2.0;48.95427304;2.27864085;2024-10-07 17:20:00
202400026597.0;1;95;95572;1;1;3.0;3.0;49.03992681;2.12689327;2024-10-07 18:32:00
202400026598.0;2;93;93063;1;1;3.0;6.0;48.87844318;2.44713993;2024-10-07 19:30:00
202400026599.0;2;93;93078;1;1;2.0;6.0;48.96300436;2.52239723;2024-10-06 19:00:00
202400026600.0;1;95;95252;1;1;2.0;6.0;48.98341557;2.21876294;2024-10-06 19:00:00
202400026601.0;1;95;95582;1;1;1.0;6.0;48.96249709;2.26309699;2024-10-06 16:55:00
202400026602.0;1;95;95277;1;1;1.0;6.0;48.97320599;2.48714084;2024-10-06 08:35:00
202400026603.0;1;77;77258;1;1;1.0;2.0;48.8300629;2.62477805;2024-10-08 17:25:00
202400026604.0;3;77;77083;1;1;1.0;3.0;48.8332152;2.59442286;2024-10-08 06:40:00
202400026605.0;1;94;94004;1;1;1.0;5.0;48.75338301;2.51167417;2024-10-07 08:44:00
202400026606.0;1;6;6088;2;3;1.0;1.0;43.699574;7.256245;2024-07-24 17:51:00
202400026607.0;1;22;22113;1;1;1.0;7.0;48.74174;-3.41819;2024-07-17 17:30:00
202400026608.0;2;14;14494;1;1;1.0;3.0;49.261069;-0.094543;2024-06-28 22:00:00
202400026609.0;1;14;14473;1;3;1.0;6.0;49.114666;0.040104;2024-06-27 15:50:00
202400026610.0;2;18;18255;1;1;1.0;2.0;47.036657;2.320034;2024-07-26 21:30:00
202400026611.0;3;44;44131;2;1;1.0;7.0;47.1115808;-2.12378473;2024-10-05 09:10:00
202400026612.0;1;57;57019;2;1;1.0;2.0;49.26189;6.13391;2024-08-03 08:15:00
202400026613.0;1;29;29150;2;6;1.0;2.0;47.80532978;-3.6273107;2024-06-26 18:00:00
202400026614.0;1;988;98818;2;3;1.0;3.0;-22.28213;166.44827;2024-10-05 17:00:00