Num_Acc;lum;departement;commune;agglomeration;intersection;meteo;type_collision;lat;long;date
202400026615.0;2;974;97411;2;1;1.0;6.0;-20.89099;55.4835;2024-10-07 18:00:00
202400026616.0;1;973;97302;2;1;1.0;7.0;4.93642;-52.32597;2024-10-07 16:32:00
202400026617.0;1;973;97302;2;1;1.0;3.0;4.93479;-52.30847;2024-10-07 17:10:00
202400026618.0;1;973;97302;2;1;1.0;7.0;4.93685;-52.3152;2024-10-07 14:10:00
202400026619.0;2;973;97302;2;1;1.0;6.0;4.91651;-52.31765;2024-10-07 08:00:00
202400026620.0;5;973;97302;2;3;1.0;1.0;4.93087;-52.30562;2024-10-04 20:30:00
202400026621.0;1;973;97302;2;1;1.0;3.0;4.92888;-52.29792;2024-10-07 08:15:00
202400026622.0;2;69;69383;2;2;1.0;3.0;45.75912;4.85092;2024-10-07 07:08:00
202400026623.0;1;2B;2B120;1;1;1.0;2.0;42.66922;9.44322;2024-10-07 10:45:00
202400026624.0;5;971;97101;1;1;1.0;2.0;16.23425;-61.52347;2024-10-05 18:11:00
202400026625.0;1;91;91549;2;1;8.0;6.0;48.64578;2.30855;2024-10-07 17:03:00
202400026626.0;1;91;91161;2;1;1.0;6.0;48.71616;2.31514;2024-10-07 08:30:00
202400026627.0;1;91;91114;2;2;8.0;6.0;48.69796;2.50667;2024-10-07 11:00:00
202400026628.0;1;91;91109;2;1;8.0;6.0;48.45743;2.13974;2024-10-07 08:37:00
202400026629.0;1;87;87085;2;1;1.0;6.0;45.82691;1.25954;2024-10-05 18:28:00
202400026630.0;1;87;87085;2;3;1.0;3.0;45.82887;1.24338;2024-10-04 16:21:00
202400026631.0;1;87;87085;2;1;1.0;3.0;45.83591;1.2436;2024-10-04 09:57:00
202400026632.0;5;83;83126;2;1;2.0;6.0;43.11037;5.86193;2024-10-07 19:35:00
202400026633.0;5;81;81004;2;1;2.0;1.0;43.93149;2.14708;2024-10-07 21:55:00
202400026634.0;1;78;78029;2;1;1.0;6.0;48.953735;1.856074;2024-10-07 14:08:00
202400026635.0;5;77;77186;1;6;8.0;3.0;48.40877;2.68629;2024-10-06 23:20:00
202400026636.0;1;76;76305;1;3;1.0;1.0;49.52012;0.23274;2024-10-07 10:00:00
202400026637.0;1;74;74010;2;1;8.0;3.0;45.89396;6.13014;2024-10-07 17:55:00
202400026638.0;1;71;71306;2;1;1.0;7.0;46.6749;4.36515;2024-10-07 19:02:00
202400026639.0;1;69;69264;2;1;1.0;6.0;45.98552;4.72056;2024-10-07 11:35:00
202400026640.0;1;69;69029;2;1;2.0;1.0;45.74841605;4.91710858;2024-10-06 09:15:00
202400026641.0;3;69;69290;1;1;1.0;3.0;45.71899;4.94238;2024-10-06 04:20:00
202400026642.0;1;64;64129;2;2;2.0;3.0;43.30209;-0.39616;2024-10-07 15:45:00
202400026643.0;5;62;62724;2;1;1.0;1.0;50.39165;2.91004;2024-10-04 20:40:00
202400026644.0;1;62;62041;2;2;1.0;6.0;50.29255;2.76902;2024-10-03 18:20:00
202400026645.0;5;60;60057;2;6;2.0;1.0;49.41403521;2.09526873;2024-10-07 23:40:00
202400026646.0;1;59;59009;2;3;1.0;3.0;50.61418;3.1356;2024-10-07 10:10:00
202400026647.0;1;56;56121;2;1;1.0;6.0;47.75739;-3.36937;2024-10-04 16:05:00
202400026648.0;3;56;56121;2;1;1.0;6.0;47.74706;-3.35849;2024-10-05 23:30:00
202400026649.0;1;55;55029;2;1;1.0;1.0;48.77009537;5.17657329;2024-10-05 15:25:00
202400026650.0;1;54;54304;2;1;1.0;1.0;48.68069;6.15524;2024-10-07 09:00:00
202400026651.0;1;54;54395;2;2;2.0;3.0;48.6844;6.18841;2024-10-06 18:45:00
202400026652.0;1;54;54578;2;3;1.0;3.0;48.65877;6.114081;2024-10-06 10:44:00
202400026653.0;3;50;50129;1;6;1.0;7.0;49.65344;-1.57909;2024-10-05 05:15:00
202400026654.0;4;37;37261;2;3;2.0;6.0;47.38294448;0.69631205;2024-10-07 07:55:00
202400026655.0;1;35;35238;2;1;2.0;2.0;48.10871;-1.64556;2024-10-07 12:30:00
202400026656.0;3;35;35051;1;1;2.0;6.0;48.15434;-1.62451;2024-10-07 07:30:00
202400026657.0;1;34;34172;2;2;1.0;3.0;43.60278;3.86362;2024-10-07 15:15:00
202400026658.0;1;31;31483;2;1;1.0;7.0;43.13489563;0.72694621;2024-10-07 11:45:00
202400026659.0;3;23;23096;2;1;1.0;6.0;46.17469;1.86463;2024-10-05 20:15:00
202400026660.0;1;22;22278;2;2;1.0;3.0;48.50878;-2.76102;2024-10-07 17:45:00
202400026661.0;2;22;22278;2;3;2.0;3.0;48.50884;-2.7537;2024-10-07 07:40:00
202400026662.0;1;15;15014;2;1;1.0;6.0;44.929794;2.445315;2024-10-05 12:00:00
202400026663.0;5;13;13211;2;1;1.0;3.0;43.28897361;5.43186955;2024-10-02 07:12:00
202400026664.0;1;6;6029;2;6;2.0;3.0;43.553881;7.005962;2024-10-07 10:20:00
202400026665.0;1;6;6029;2;1;2.0;1.0;43.55066;7.00222;2024-10-07 08:00:00
202400026666.0;1;4;4112;2;1;1.0;2.0;43.82157;5.79214;2024-10-03 12:51:00
202400026667.0;5;75;75112;2;1;1.0;7.0;48.827466;2.392312;2024-10-06 20:05:00
202400026668.0;5;75;75117;2;1;1.0;3.0;48.885193;2.287302;2024-10-05 20:45:00
202400026669.0;1;75;75118;2;3;8.0;3.0;48.890854;2.359921;2024-10-07 16:30:00
202400026670.0;1;75;75118;2;1;8.0;5.0;48.900373;2.368861;2024-10-07 13:27:00
202400026671.0;1;75;75116;2;3;2.0;6.0;48.845429;2.255963;2024-10-07 15:15:00
202400026672.0;1;75;75115;2;2;1.0;3.0;48.843748;2.286386;2024-10-07 12:40:00
202400026673.0;5;75;75115;2;2;1.0;3.0;48.844867;2.310404;2024-10-06 04:05:00
202400026674.0;1;75;75114;2;4;8.0;6.0;48.827804;2.328983;2024-10-07 10:30:00
202400026675.0;2;75;75110;2;2;1.0;3.0;48.869469;2.354331;2024-10-07 08:05:00
202400026676.0;1;75;75108;2;1;2.0;3.0;48.869854;2.304041;2024-10-07 18:40:00
202400026677.0;5;94;94044;2;1;3.0;6.0;48.75413;2.49317;2024-10-07 19:15:00
202400026678.0;1;94;94078;2;1;3.0;6.0;48.729574;2.447958;2024-10-07 13:40:00
202400026679.0;5;94;94003;2;1;2.0;1.0;48.80021;2.33151;2024-10-07 19:45:00
202400026680.0;1;94;94073;2;3;3.0;6.0;48.7668;2.38386;2024-10-07 17:00:00
202400026681.0;1;94;94022;2;3;2.0;3.0;48.75799895;2.40954182;2024-10-06 17:45:00
202400026682.0;2;91;91477;2;1;7.0;3.0;48.70592;2.21076;2024-06-25 12:00:00
202400026683.0;1;91;91691;2;1;1.0;6.0;48.72005;2.50241;2024-06-24 17:35:00
202400026684.0;3;85;85194;2;1;1.0;6.0;46.46299;-1.72058;2024-06-25 23:50:00
202400026685.0;1;84;84087;1;1;1.0;1.0;44.0758;4.77137;2024-06-25 20:30:00
202400026686.0;1;84;84035;2;1;1.0;6.0;43.838258;5.046024;2024-06-25 07:53:00
202400026687.0;1;84;84007;2;1;1.0;2.0;43.94323;4.8001;2024-06-25 09:25:00
202400026688.0;1;83;83144;2;1;1.0;2.0;43.13654;6.00033;2024-06-22 15:15:00
202400026689.0;1;82;82033;1;1;7.0;6.0;44.06374;1.13849;2024-06-25 07:31:00
202400026690.0;1;81;81060;2;1;1.0;3.0;44.0555485;2.1626819;2024-06-25 11:00:00
202400026691.0;1;80;80021;2;1;1.0;7.0;49.9057;2.28953;2024-06-16 14:15:00
202400026692.0;1;79;79329;2;1;1.0;1.0;46.985365;-0.23243;2024-06-24 13:28:00
202400026693.0;1;78;78383;2;1;1.0;3.0;48.764268;1.936131;2024-06-25 07:45:00
202400026694.0;1;77;77373;2;3;1.0;3.0;48.79327;2.60431;2024-06-25 20:00:00
202400026695.0;1;77;77307;2;1;1.0;2.0;48.85546;2.76877;2024-06-25 17:50:00
202400026696.0;1;76;76540;2;2;1.0;3.0;49.4282;1.08106;2024-06-25 17:50:00
202400026697.0;1;76;76351;2;2;1.0;3.0;49.4987;0.15927;2024-06-24 11:15:00
202400026698.0;1;76;76351;2;2;1.0;3.0;49.50786;0.13351;2024-06-23 17:30:00
202400026699.0;1;74;74013;1;9;1.0;4.0;46.348;6.444;2024-06-25 16:35:00
202400026700.0;1;74;74281;1;1;1.0;3.0;46.386;6.493;2024-06-24 18:00:00
202400026701.0;1;74;74118;1;1;1.0;3.0;46.16945;6.20636;2024-06-24 16:07:00
202400026702.0;1;69;69290;2;3;1.0;3.0;45.71247;4.95594;2024-06-24 17:05:00
202400026703.0;1;69;69290;2;1;1.0;5.0;45.69731;4.93508;2024-06-24 15:50:00
202400026704.0;1;69;69276;2;3;1.0;6.0;45.67761;4.84669;2024-06-24 12:00:00
202400026705.0;1;69;69290;2;2;1.0;3.0;45.69512;4.93384;2024-06-24 09:22:00
202400026706.0;1;68;68066;2;1;1.0;3.0;48.08324;7.33893;2024-06-24 21:30:00
202400026707.0;1;67;67482;2;3;1.0;5.0;48.5783;7.74962;2024-06-24 19:00:00
202400026708.0;1;66;66136;2;1;1.0;6.0;42.69393;2.89013;2024-06-24 15:15:00
202400026709.0;5;64;64445;2;1;1.0;7.0;43.30159;-0.37334;2024-06-26 01:28:00
202400026710.0;1;64;64125;2;1;1.0;7.0;43.4356;-1.5934;2024-06-24 17:58:00
202400026711.0;1;64;64102;2;2;1.0;7.0;43.4924;-1.48687;2024-06-24 17:40:00
202400026712.0;1;64;64102;2;1;1.0;6.0;43.50404;-1.44542;2024-06-24 16:36:00
202400026713.0;1;63;63113;2;1;1.0;3.0;45.79798498;3.10734451;2024-06-25 17:25:00
202400026714.0;1;63;63113;2;1;7.0;2.0;45.79029;3.13321;2024-06-25 07:33:00
202400026715.0;1;59;59368;2;1;1.0;4.0;50.65237;3.08086;2024-06-24 17:50:00
202400026716.0;5;57;57463;2;1;1.0;6.0;49.11476082;6.22287512;2024-06-25 01:39:00
202400026717.0;1;56;56162;2;7;1.0;3.0;47.73663;-3.42841;2024-06-24 17:10:00
202400026718.0;1;54;54528;2;1;1.0;1.0;48.65462;5.8948;2024-06-25 19:52:00
202400026719.0;1;54;54329;2;3;1.0;6.0;48.59316;6.50097;2024-06-25 11:40:00
202400026720.0;1;54;54263;2;1;1.0;2.0;49.223221;6.004642;2024-06-25 14:20:00
202400026721.0;1;51;51108;2;1;1.0;1.0;48.95418;4.35029;2024-06-25 11:55:00
202400026722.0;1;47;47001;2;1;1.0;1.0;44.20298;0.61128;2024-06-25 19:28:00
202400026723.0;1;45;45147;2;2;1.0;3.0;47.933567;1.921633;2024-06-25 14:41:00
202400026724.0;1;43;43157;2;9;1.0;3.0;45.04243;3.88986;2024-06-25 15:45:00
202400026725.0;1;42;42183;2;1;3.0;6.0;45.40366;4.36527;2024-06-25 19:35:00
202400026726.0;1;41;41018;2;1;1.0;2.0;47.5922;1.34467;2024-06-24 14:18:00
202400026727.0;1;38;38053;2;2;1.0;3.0;45.58525;5.27082;2024-05-31 17:10:00
202400026728.0;1;37;37122;2;4;1.0;7.0;47.35086397;0.67903635;2024-06-24 17:29:00
202400026729.0;1;35;35051;1;6;1.0;2.0;48.10243284;-1.61019713;2024-06-25 18:20:00
202400026730.0;1;35;35115;2;1;1.0;6.0;48.36207;-1.20844;2024-06-24 10:20:00
202400026731.0;1;974;97411;1;9;1.0;6.0;-20.89282;55.48568;2024-11-13 11:30:00
202400026732.0;5;34;34172;2;3;1.0;3.0;43.6158;3.8976;2024-06-25 22:00:00
202400026733.0;1;34;34003;2;1;1.0;3.0;43.28205;3.51594;2024-06-25 09:05:00
202400026734.0;1;974;97411;2;1;1.0;4.0;-20.8934;55.45682;2024-11-13 07:50:00
202400026735.0;1;973;97302;2;1;1.0;3.0;4.92919207;-52.2958678;2024-11-12 09:20:00
202400026736.0;1;33;33063;2;2;1.0;3.0;44.85434;-0.57229;2024-06-25 22:05:00
202400026737.0;5;69;69383;2;1;1.0;6.0;45.74992;4.86367;2024-11-13 20:05:00
202400026738.0;1;33;33063;2;9;1.0;6.0;44.83551;-0.56462;2024-06-25 20:05:00
202400026739.0;1;69;69388;2;1;1.0;6.0;45.72586;4.87048;2024-11-13 13:45:00
202400026740.0;1;33;33039;2;2;1.0;3.0;44.79688;-0.56833;2024-06-25 16:55:00
202400026741.0;2;69;69387;2;1;1.0;3.0;45.73158;4.82704;2024-11-13 07:15:00
202400026742.0;5;2A;2A004;2;2;1.0;3.0;41.91984;8.73681;2024-11-13 20:13:00
202400026743.0;1;33;33281;2;2;1.0;3.0;44.8345;-0.63721;2024-06-25 19:10:00
202400026744.0;1;95;95680;2;1;8.0;6.0;49.00772764;2.40156889;2024-11-13 13:00:00
202400026745.0;5;95;95555;2;1;1.0;6.0;48.96136;2.28923;2024-11-13 05:30:00
202400026746.0;1;30;30007;2;1;1.0;7.0;44.12137;4.08684;2024-06-25 10:15:00
202400026747.0;5;91;91097;2;1;7.0;6.0;48.68;2.53;2024-11-12 17:35:00
202400026748.0;1;26;26362;2;1;1.0;1.0;44.91171672;4.92215395;2024-06-25 19:55:00
202400026749.0;5;30;30351;2;6;1.0;6.0;43.95837;4.77628;2024-11-13 18:55:00
202400026750.0;1;25;25056;2;4;7.0;3.0;47.252;6.03585;2024-06-25 18:55:00
202400026751.0;1;30;30011;1;6;1.0;2.0;43.9589;4.74695;2024-11-13 12:15:00
202400026752.0;2;17;17306;2;2;1.0;3.0;45.65;-1.032;2024-06-25 21:00:00
202400026753.0;1;30;30351;2;3;1.0;1.0;43.97233;4.77749;2024-11-13 09:30:00
202400026754.0;1;15;15012;2;1;1.0;3.0;44.90169;2.45858;2024-06-23 09:54:00
202400026755.0;1;13;13203;2;1;1.0;3.0;43.3208;5.37478;2024-06-25 20:45:00
202400026756.0;1;13;13203;1;2;1.0;3.0;43.30644;5.3735;2024-06-25 18:40:00
202400026757.0;1;77;77487;2;1;1.0;3.0;48.5375;2.6859;2024-11-12 11:00:00
202400026758.0;1;4;4112;2;1;1.0;2.0;43.83052;5.79104;2024-06-24 10:40:00
202400026759.0;1;77;77447;1;1;1.0;2.0;48.55299;2.56102;2024-11-12 08:45:00
202400026760.0;1;1;1289;1;2;1.0;3.0;46.18046;5.19481;2024-06-25 15:03:00
202400026761.0;1;76;76103;2;3;7.0;6.0;49.41895;1.13505;2024-11-13 11:50:00
202400026762.0;1;75;75115;2;1;1.0;2.0;48.834256;2.275894;2024-06-25 16:00:00
202400026763.0;1;76;76540;2;2;1.0;1.0;49.43575;1.09025;2024-11-13 12:00:00
202400026764.0;1;75;75120;2;1;1.0;3.0;48.861698;2.413912;2024-06-25 09:30:00
202400026765.0;1;75;75117;2;1;1.0;7.0;48.889591;2.297417;2024-06-24 18:15:00
202400026766.0;1;76;76447;1;1;1.0;7.0;49.52352;0.19556;2024-11-09 14:20:00
202400026767.0;5;75;75120;2;2;1.0;3.0;48.853562;2.410754;2024-06-24 22:35:00
202400026768.0;5;76;76351;2;3;2.0;6.0;49.51451;0.15343;2024-11-11 06:00:00
202400026769.0;1;75;75119;2;2;1.0;1.0;48.898893;2.379804;2024-06-25 08:10:00
202400026770.0;5;71;71270;2;9;1.0;1.0;46.31442532;4.81141761;2024-11-12 18:10:00
202400026771.0;1;75;75117;2;2;1.0;7.0;48.88755;2.294736;2024-06-24 17:00:00
202400026772.0;1;69;69256;2;3;1.0;3.0;45.77086783;4.90693639;2024-11-13 16:10:00
202400026773.0;1;75;75116;2;7;1.0;3.0;48.851295;2.278369;2024-06-25 13:50:00
202400026774.0;1;75;75115;2;1;1.0;2.0;48.829136;2.29904;2024-06-25 14:45:00
202400026775.0;2;69;69290;2;1;8.0;4.0;45.71063;4.9766;2024-11-12 08:25:00
202400026776.0;1;75;75115;2;1;1.0;6.0;48.829967;2.275817;2024-06-25 13:51:00
202400026777.0;1;66;66136;2;1;2.0;2.0;42.70157;2.89363;2024-11-13 08:15:00
202400026778.0;1;75;75114;2;3;1.0;3.0;48.819638;2.341933;2024-06-25 17:00:00
202400026779.0;1;75;75112;2;4;1.0;6.0;48.829247;2.390274;2024-06-25 18:00:00
202400026780.0;5;65;65440;2;2;1.0;3.0;43.22624916;0.0767329;2024-11-03 00:45:00
202400026781.0;1;75;75111;2;3;1.0;6.0;48.858771;2.384639;2024-06-25 17:40:00
202400026782.0;1;63;63113;2;2;1.0;6.0;45.76666;3.09597;2024-11-13 09:10:00
202400026783.0;1;75;75111;2;4;1.0;3.0;48.854737;2.369526;2024-06-25 16:00:00
202400026784.0;5;62;62119;2;1;1.0;6.0;50.5242865;2.6281899;2024-11-13 18:30:00
202400026785.0;1;75;75110;2;7;1.0;1.0;48.868144;2.363704;2024-06-25 18:00:00
202400026786.0;3;62;62847;2;8;1.0;1.0;50.50048645;2.66023546;2024-11-10 22:45:00
202400026787.0;1;75;75108;2;5;1.0;3.0;48.876444;2.307891;2024-06-25 20:00:00
202400026788.0;1;62;62041;2;9;1.0;6.0;50.29379;2.77016;2024-11-08 16:30:00
202400026789.0;5;75;75107;2;2;1.0;2.0;48.85956;2.329281;2024-06-25 02:00:00
202400026790.0;5;60;60159;2;6;1.0;6.0;49.40564;2.83783;2024-11-10 00:30:00
202400026791.0;1;75;75101;2;3;1.0;2.0;48.859016;2.339852;2024-06-25 17:25:00
202400026792.0;1;75;75101;2;3;7.0;7.0;48.861516;2.339124;2024-06-25 10:50:00
202400026793.0;1;57;57463;2;3;1.0;3.0;49.113485;6.192354;2024-11-13 13:55:00
202400026794.0;2;75;75102;2;4;1.0;1.0;48.871048;2.33458;2024-06-25 06:30:00
202400026795.0;1;54;54547;2;1;1.0;6.0;48.64876;6.14678;2024-11-12 14:30:00
202400026796.0;1;94;94043;2;1;1.0;6.0;48.81502;2.3607;2024-06-25 11:35:00
202400026797.0;1;50;50002;2;1;1.0;6.0;49.11574;-1.11351;2024-11-12 17:15:00
202400026798.0;1;94;94021;2;1;1.0;7.0;48.76459;2.3562;2024-06-25 12:00:00
202400026799.0;4;49;49007;2;6;1.0;7.0;47.48805;-0.53653;2024-11-13 04:00:00
202400026800.0;2;94;94073;2;3;1.0;3.0;48.74624;2.37055;2024-06-24 08:20:00
202400026801.0;2;49;49007;2;1;1.0;2.0;47.4503;-0.5546;2024-11-12 18:00:00
202400026802.0;1;94;94011;2;3;1.0;4.0;48.77074;2.48997;2024-06-24 08:15:00
202400026803.0;1;94;94017;2;3;1.0;2.0;48.82690559;2.52076256;2024-06-24 13:55:00
202400026804.0;1;39;39300;2;2;1.0;6.0;46.671195;5.568954;2024-11-09 15:54:00
202400026805.0;1;94;94004;2;1;1.0;1.0;48.75705;2.49848;2024-06-25 09:25:00
202400026806.0;1;38;38544;2;1;8.0;7.0;45.50179;4.89384;2024-11-13 08:45:00
202400026807.0;1;93;93073;2;2;1.0;1.0;48.95283;2.58231;2024-06-24 14:15:00
202400026808.0;1;93;93070;2;1;1.0;6.0;48.907117;2.332164;2024-06-24 13:50:00
202400026809.0;3;38;38151;1;1;1.0;4.0;45.15537;5.69929;2024-11-13 17:45:00
202400026810.0;1;93;93066;2;3;1.0;3.0;48.939411;2.345104;2024-06-25 15:20:00
202400026811.0;2;38;38185;2;1;1.0;6.0;45.17302;5.71996;2024-11-13 17:55:00
202400026812.0;1;93;93032;2;3;1.0;3.0;48.87153;2.55429;2024-06-25 16:15:00
202400026813.0;1;38;38185;2;2;8.0;3.0;45.18063;5.735;2024-11-13 15:25:00
202400026814.0;1;93;93047;2;2;1.0;3.0;48.90017;2.56704;2024-06-24 15:45:00
202400026815.0;2;34;34301;2;2;8.0;3.0;43.411207;3.679409;2024-11-13 18:10:00
202400026816.0;1;93;93005;2;9;1.0;3.0;48.953697;2.5056;2024-06-25 17:30:00
202400026817.0;1;34;34301;2;3;1.0;3.0;43.41025;3.6769;2024-11-13 14:20:00
202400026818.0;1;92;92063;2;3;1.0;3.0;48.86355644;2.20081499;2024-06-25 08:30:00
202400026819.0;1;92;92040;2;9;1.0;6.0;48.82391625;2.27264267;2024-06-25 18:20:00
202400026820.0;1;34;34129;2;9;1.0;3.0;43.5762;3.8736;2024-11-13 12:55:00
202400026821.0;4;92;92025;2;3;1.0;3.0;48.91573427;2.23245138;2024-06-21 23:00:00
202400026822.0;2;28;28085;2;1;1.0;6.0;48.44057;1.48251;2024-11-12 17:05:00
202400026823.0;1;92;92024;2;1;1.0;3.0;48.89858097;2.30286419;2024-06-25 20:05:00
202400026824.0;1;19;19031;2;1;1.0;3.0;45.165;1.54328;2024-11-13 15:10:00
202400026825.0;1;60;60308;1;1;1.0;1.0;49.485468;2.669141;2024-06-26 13:59:00
202400026826.0;1;18;18279;2;1;1.0;3.0;47.216237;2.104308;2024-11-08 16:18:00
202400026827.0;1;60;60539;2;1;1.0;3.0;49.299718;2.520198;2024-06-25 18:40:00
202400026828.0;1;39;39130;1;1;3.0;6.0;46.486715;5.842592;2024-06-25 20:50:00
202400026829.0;1;14;14162;1;1;1.0;6.0;48.901081;-0.486901;2024-06-26 11:30:00
202400026830.0;1;44;44141;1;1;1.0;6.0;47.215633;-1.17816;2024-06-26 10:30:00
202400026831.0;3;13;13001;1;2;1.0;3.0;43.57697;5.41039;2024-11-13 18:45:00
202400026832.0;3;974;97405;1;1;2.0;1.0;-21.370305;55.581765;2024-06-15 18:25:00
202400026833.0;1;6;6069;2;1;1.0;2.0;43.6497387;6.923162;2024-11-13 08:00:00
202400026834.0;3;972;97232;1;1;1.0;6.0;14.554654;-60.846148;2024-06-25 19:20:00
202400026835.0;1;27;27507;1;1;1.0;1.0;48.88848;1.264393;2024-06-25 13:30:00
202400026836.0;5;75;75113;2;2;1.0;6.0;48.82641735;2.34179395;2024-11-13 07:14:00
202400026837.0;5;75;75119;2;1;1.0;1.0;48.879223;2.370477;2024-11-13 20:20:00
202400026838.0;1;35;35337;1;3;1.0;3.0;48.306894;-1.820287;2024-06-25 17:40:00
202400026839.0;3;1;1354;1;6;1.0;7.0;46.252241;6.044562;2024-06-05 03:00:00
202400026840.0;1;75;75117;2;7;1.0;6.0;48.887365;2.297698;2024-11-13 16:00:00
202400026841.0;1;60;60176;2;2;1.0;2.0;49.234837;2.887419;2024-06-26 19:05:00
202400026842.0;1;75;75117;2;3;1.0;3.0;48.880327;2.299825;2024-11-13 09:25:00
202400026843.0;2;50;50616;1;1;1.0;7.0;48.668667;-1.37159;2024-06-26 06:00:00
202400026844.0;1;75;75111;2;2;8.0;6.0;48.855686;2.371659;2024-11-13 08:38:00
202400026845.0;3;30;30287;1;1;2.0;7.0;44.20062;4.535079;2024-06-25 23:05:00
202400026846.0;5;75;75110;2;3;1.0;6.0;48.869475;2.354256;2024-11-13 21:55:00
202400026847.0;1;21;21650;1;1;1.0;1.0;47.254825;4.852095;2024-06-26 10:09:00
202400026848.0;2;75;75110;2;3;1.0;6.0;48.87524155;2.3594504;2024-11-13 17:00:00
202400026849.0;1;30;30034;2;6;1.0;3.0;43.752094;4.495618;2024-06-26 07:12:00
202400026850.0;1;75;75109;2;3;1.0;3.0;48.871397;2.337009;2024-11-13 16:29:00
202400026851.0;1;76;76070;2;1;1.0;6.0;49.709956;1.227036;2024-06-25 09:15:00
202400026852.0;1;75;75109;2;2;1.0;6.0;48.873134;2.326771;2024-11-13 10:12:00
202400026853.0;1;2A;2A008;1;1;3.0;3.0;41.8397028;8.88086924;2024-06-25 16:50:00
202400026854.0;5;75;75103;2;4;1.0;6.0;48.860091;2.367414;2024-11-13 18:10:00
202400026855.0;1;2A;2A130;2;1;1.0;6.0;41.88353741;8.79213721;2024-06-26 07:30:00
202400026856.0;5;75;75102;2;2;1.0;7.0;48.86514;2.350365;2024-11-12 21:30:00
202400026857.0;1;82;82089;1;2;1.0;3.0;44.12384889;0.83016305;2024-06-26 13:15:00
202400026858.0;5;94;94044;2;1;1.0;6.0;48.7421;2.48259;2024-11-12 20:08:00
202400026859.0;1;81;81069;1;1;1.0;7.0;44.059096;1.970576;2024-06-25 19:40:00
202400026860.0;5;94;94068;2;1;1.0;6.0;48.79595348;2.48824641;2024-11-12 19:10:00
202400026861.0;1;63;63096;2;2;1.0;6.0;45.749468;3.302432;2024-06-26 09:45:00
202400026862.0;5;94;94028;2;1;1.0;3.0;48.79647159;2.45022476;2024-11-11 00:50:00
202400026863.0;1;55;55215;1;1;9.0;7.0;48.515211;5.480268;2024-06-25 17:00:00
202400026864.0;5;94;94059;2;6;1.0;3.0;48.81612392;2.56202726;2024-11-12 18:15:00
202400026865.0;1;47;47138;1;3;1.0;3.0;44.280777;0.782229;2024-06-25 18:20:00
202400026866.0;1;93;93050;2;1;1.0;3.0;48.8547;2.52286;2024-11-13 09:40:00
202400026867.0;1;68;68307;1;4;3.0;7.0;47.805938;6.858269;2024-06-26 12:35:00
202400026868.0;1;93;93064;2;1;1.0;6.0;48.87133;2.4719;2024-11-13 13:30:00
202400026869.0;1;22;22251;2;3;1.0;2.0;48.575941;-2.815989;2024-06-26 09:45:00
202400026870.0;5;93;93073;2;1;1.0;3.0;48.93835339;2.59231281;2024-11-12 20:45:00
202400026871.0;2;22;22222;1;1;1.0;1.0;48.686509;-2.984612;2024-06-25 19:15:00
202400026872.0;1;39;39556;1;1;1.0;6.0;46.595594;5.727975;2024-06-22 18:00:00
202400026873.0;5;93;93079;2;2;1.0;2.0;48.95159005;2.34292245;2024-11-12 19:15:00
202400026874.0;1;25;25367;2;1;1.0;6.0;47.445422;6.823294;2024-06-25 15:55:00
202400026875.0;1;93;93008;2;3;1.0;3.0;48.90840525;2.42736027;2024-11-13 08:30:00
202400026876.0;2;93;93001;2;2;1.0;6.0;48.90354533;2.38639037;2024-11-13 17:12:00
202400026877.0;1;29;29178;2;3;1.0;1.0;48.54351544;-4.65904936;2024-06-25 20:10:00
202400026878.0;1;92;92076;2;1;1.0;1.0;48.84228386;2.1674066;2024-11-13 09:07:00
202400026879.0;1;2;2361;2;1;1.0;6.0;49.899973;3.627591;2024-06-25 20:08:00
202400026880.0;1;92;92050;2;1;1.0;6.0;48.88896193;2.20414303;2024-11-13 12:35:00
202400026881.0;1;3;3074;1;2;1.0;3.0;46.610845;3.560053;2024-06-23 18:00:00
202400026882.0;5;92;92050;2;2;1.0;3.0;48.89368649;2.21201688;2024-11-12 23:30:00
202400026883.0;2;15;15190;1;1;1.0;6.0;45.232863;2.732999;2024-06-26 04:50:00
202400026884.0;2;92;92050;2;1;1.0;2.0;48.8886;2.18552;2024-11-12 07:41:00
202400026885.0;1;70;70152;2;1;1.0;1.0;47.389681;5.758901;2024-06-25 20:40:00
202400026886.0;1;72;72180;1;1;1.0;7.0;48.36065;0.36851;2024-06-25 20:40:00
202400026887.0;1;92;92050;2;1;1.0;1.0;48.89654;2.20042;2024-11-11 14:45:00
202400026888.0;1;6;6144;1;1;2.0;6.0;43.957638;7.156906;2024-06-26 17:30:00
202400026889.0;1;92;92036;2;1;1.0;2.0;48.92482923;2.28957913;2024-11-13 15:05:00
202400026890.0;5;92;92071;2;1;1.0;2.0;48.77548;2.31369004;2024-11-03 19:26:00
202400026891.0;1;14;14061;1;2;1.0;3.0;48.921385;-0.854852;2024-06-26 10:00:00
202400026892.0;5;92;92007;2;9;1.0;3.0;48.7996;2.31149;2024-11-19 04:10:00
202400026893.0;1;14;14193;1;1;1.0;6.0;49.117078;0.349342;2024-06-25 08:15:00
202400026894.0;1;92;92007;2;1;1.0;4.0;48.80203214;2.31915012;2024-11-13 13:00:00
202400026895.0;1;5;5010;1;1;2.0;3.0;44.552191;5.773187;2024-06-25 20:20:00
202400026896.0;1;37;37072;1;1;1.0;1.0;47.15276327;0.28137946;2024-11-13 15:45:00
202400026897.0;1;50;50217;1;1;7.0;1.0;48.683113;-1.152792;2024-06-26 13:25:00
202400026898.0;1;971;97114;1;5;1.0;5.0;16.147883;-61.583519;2024-11-13 10:45:00
202400026899.0;1;974;97415;1;1;1.0;1.0;-21.036877;55.25769;2024-10-28 15:05:00
202400026900.0;1;60;60518;1;2;1.0;3.0;49.574546;2.182846;2024-06-25 18:00:00