Num_Acc;lum;departement;commune;agglomeration;intersection;meteo;type_collision;lat;long;date
202400026901.0;1;974;97422;2;1;1.0;3.0;-21.279095;55.503801;2024-11-05 08:00:00
202400026902.0;1;64;64160;2;6;7.0;3.0;43.361448;-1.393622;2024-06-25 08:27:00
202400026903.0;1;16;16001;1;1;7.0;7.0;46.11156;0.679607;2024-06-26 18:30:00
202400026904.0;3;35;35206;1;1;1.0;2.0;48.060021;-1.679486;2024-10-30 20:30:00
202400026905.0;1;53;53107;2;1;1.0;6.0;48.406386;-0.800822;2024-06-25 10:15:00
202400026906.0;2;6;6033;2;1;1.0;6.0;43.773329;7.191904;2024-11-13 08:10:00
202400026907.0;1;53;53103;1;1;1.0;1.0;48.080244;-0.882468;2024-06-25 15:45:00
202400026908.0;1;26;26002;1;1;1.0;1.0;45.24266835;4.82021519;2024-11-13 15:05:00
202400026909.0;1;30;30174;2;1;1.0;7.0;44.025322;4.389237;2024-11-13 09:15:00
202400026910.0;2;40;40310;1;2;7.0;1.0;43.76917;-1.303674;2024-06-25 07:50:00
202400026911.0;2;30;30259;2;1;1.0;7.0;44.107217;4.12003;2024-06-26 05:15:00
202400026912.0;1;44;44071;2;1;1.0;2.0;47.193861;-1.443806;2024-11-12 08:30:00
202400026913.0;1;17;17415;1;1;1.0;7.0;45.738567;-0.666862;2024-06-25 10:15:00
202400026914.0;1;57;57106;1;1;1.0;7.0;49.30346692;6.51358837;2024-11-09 11:10:00
202400026915.0;1;79;79066;2;1;1.0;3.0;46.485278;-0.403206;2024-11-14 15:45:00
202400026916.0;1;971;97128;1;1;1.0;3.0;16.218927;-61.406917;2024-06-25 13:37:00
202400026917.0;1;80;80688;1;1;1.0;6.0;50.274692;1.659359;2024-11-13 15:45:00
202400026918.0;1;971;97128;1;1;1.0;3.0;16.217245;-61.414776;2024-06-24 11:30:00
202400026919.0;1;82;82125;1;1;1.0;2.0;43.94934833;1.21662247;2024-11-13 15:35:00
202400026920.0;1;77;77382;1;1;1.0;6.0;48.898613;2.895799;2024-06-26 12:15:00
202400026921.0;1;65;65218;1;1;1.0;6.0;42.988663;0.374876;2024-11-13 14:35:00
202400026922.0;1;66;66164;2;9;1.0;3.0;42.799565;2.882248;2024-06-24 17:45:00
202400026923.0;3;66;66227;2;1;1.0;6.0;42.63696331;2.89481699;2024-06-19 01:00:00
202400026924.0;1;61;61043;2;2;1.0;3.0;48.345311;0.746018;2024-11-10 16:15:00
202400026925.0;1;48;48004;1;1;1.0;7.0;44.476283;3.841428;2024-06-26 12:15:00
202400026926.0;1;39;39399;1;1;1.0;1.0;46.99466;5.677667;2024-11-13 14:20:00
202400026927.0;1;34;34127;1;3;1.0;3.0;43.65182;4.06109;2024-06-15 19:40:00
202400026928.0;1;25;25245;1;1;7.0;6.0;47.194743;6.021135;2024-11-14 16:20:00
202400026929.0;1;84;84034;1;1;1.0;5.0;43.887161;4.942523;2024-06-25 17:00:00
202400026930.0;1;83;83133;1;1;2.0;7.0;43.58151;6.812162;2024-06-24 18:30:00
202400026931.0;1;29;29201;1;1;1.0;1.0;48.40723191;-4.72653506;2024-11-14 11:00:00
202400026932.0;1;4;4156;1;1;1.0;6.0;44.000255;6.045635;2024-06-22 11:25:00
202400026933.0;1;15;15258;2;1;1.0;6.0;44.977952;2.624438;2024-11-14 10:20:00
202400026934.0;1;13;13097;1;9;1.0;2.0;43.612531;4.790243;2024-06-26 16:50:00
202400026935.0;1;26;26112;1;3;1.0;3.0;44.38821;5.232968;2024-10-14 10:00:00
202400026936.0;1;69;69204;2;1;1.0;6.0;45.69437643;4.81950043;2024-06-26 16:20:00
202400026937.0;2;58;58095;2;1;1.0;3.0;46.818201;3.450673;2024-11-14 07:00:00
202400026938.0;1;69;69116;1;1;1.0;1.0;45.840177;4.779075;2024-06-25 20:45:00
202400026939.0;1;72;72132;1;1;9.0;6.0;48.20175817;0.63721978;2024-11-11 10:45:00
202400026940.0;2;49;49023;1;2;1.0;1.0;47.160723;-0.840583;2024-06-24 07:55:00
202400026941.0;3;10;10345;1;2;1.0;3.0;48.41234;4.521182;2024-11-13 22:05:00
202400026942.0;1;27;27191;2;1;1.0;2.0;49.112843;1.235694;2024-06-25 16:25:00
202400026943.0;1;16;16241;1;1;1.0;6.0;45.85148274;0.21858662;2024-11-10 17:00:00
202400026944.0;1;27;27439;1;1;2.0;2.0;49.061902;1.175001;2024-06-22 07:40:00
202400026945.0;3;27;27679;1;1;1.0;1.0;48.791288;0.836871;2024-11-08 18:30:00
202400026946.0;1;59;59053;2;1;1.0;3.0;50.299011;3.802276;2024-06-26 08:15:00
202400026947.0;1;27;27017;1;1;1.0;2.0;48.981717;1.157835;2024-11-11 10:34:00
202400026948.0;1;59;59075;1;1;1.0;1.0;50.140991;3.419967;2024-06-25 14:45:00
202400026949.0;2;52;52221;1;1;1.0;6.0;48.16123829;4.95637465;2024-11-14 06:30:00
202400026950.0;1;13;13202;1;1;1.0;3.0;43.31;5.367;2024-06-24 17:40:00
202400026951.0;1;13;13071;1;1;2.0;3.0;43.418245;5.365972;2024-06-24 19:15:00
202400026952.0;3;79;79256;1;1;1.0;7.0;46.450937;-0.021847;2024-11-13 02:15:00
202400026953.0;3;45;45331;1;1;1.0;1.0;47.741827;2.206578;2024-11-14 06:22:00
202400026954.0;1;13;13071;1;1;1.0;3.0;43.4;5.34;2024-06-20 15:15:00
202400026955.0;3;78;78451;2;4;1.0;3.0;48.938182;1.841315;2024-11-13 17:30:00
202400026956.0;1;83;83069;1;1;1.0;7.0;43.11337644;6.12316784;2024-06-25 13:00:00
202400026957.0;3;30;30156;1;1;1.0;7.0;43.857264;4.421874;2024-11-13 18:05:00
202400026958.0;1;83;83062;1;1;1.0;3.0;43.145935;6.03109825;2024-06-25 08:40:00
202400026959.0;3;34;34154;1;1;1.0;1.0;43.592988;3.949049;2024-11-13 04:15:00
202400026960.0;1;67;67218;1;1;1.0;2.0;48.4966;7.74981;2024-06-24 08:00:00
202400026961.0;1;83;83143;1;1;1.0;1.0;43.450131;6.094923;2024-11-12 16:30:00
202400026962.0;1;33;33096;1;1;1.0;2.0;44.88925;-0.50402;2024-06-25 07:40:00
202400026963.0;3;56;56185;1;3;1.0;3.0;47.784283;-3.449192;2024-11-14 07:30:00
202400026964.0;1;59;59636;1;1;1.0;2.0;50.67225;3.03998;2024-06-23 21:20:00
202400026965.0;3;89;89289;1;1;1.0;6.0;47.962363;3.381869;2024-11-13 17:45:00
202400026966.0;1;91;91689;1;1;1.0;4.0;48.74937922;2.32846856;2024-06-25 15:50:00
202400026967.0;2;68;68217;1;1;1.0;4.0;47.854631;7.056516;2024-11-13 17:15:00
202400026968.0;1;68;68318;2;1;1.0;1.0;47.95708;7.246587;2024-11-13 16:20:00
202400026969.0;1;91;91645;1;1;1.0;3.0;48.75976855;2.2622524;2024-06-25 08:00:00
202400026970.0;1;94;94038;1;1;1.0;4.0;48.77318113;2.34587558;2024-06-25 07:50:00
202400026971.0;5;38;38562;2;1;1.0;6.0;45.07593;5.7743;2024-11-13 17:35:00
202400026972.0;3;77;77251;1;1;1.0;2.0;48.6187;2.55258;2024-06-24 21:42:00
202400026973.0;1;50;50298;1;1;1.0;2.0;49.26506;-1.275444;2024-11-14 15:28:00
202400026974.0;1;92;92072;1;1;1.0;2.0;48.82247896;2.2222285;2024-06-25 17:30:00
202400026975.0;1;78;78043;1;1;1.0;6.0;48.842348;2.097513;2024-06-25 16:11:00
202400026976.0;1;22;22076;1;2;8.0;1.0;48.588002;-2.382399;2024-10-30 15:45:00
202400026977.0;1;78;78571;1;1;1.0;2.0;48.86626;2.035715;2024-06-24 17:05:00
202400026978.0;3;83;83047;1;1;1.0;6.0;43.13270865;6.05807662;2024-11-10 02:10:00
202400026979.0;1;92;92048;1;1;1.0;6.0;48.79123833;2.22009228;2024-06-24 19:07:00
202400026980.0;1;91;91692;1;1;1.0;3.0;48.67116;2.19416;2024-11-13 08:25:00
202400026981.0;1;93;93027;1;1;1.0;3.0;48.93720852;2.40978107;2024-06-25 19:00:00
202400026982.0;3;92;92036;1;1;8.0;3.0;48.93460624;2.26847112;2024-11-12 07:05:00
202400026983.0;1;93;93006;1;1;1.0;7.0;48.8667928;2.42555663;2024-06-24 20:25:00
202400026984.0;1;95;95277;1;1;1.0;3.0;48.96803561;2.47785819;2024-06-24 17:00:00
202400026985.0;3;95;95678;1;1;1.0;5.0;49.06427517;2.21383601;2024-11-12 20:15:00
202400026986.0;1;93;93008;1;1;1.0;2.0;48.90833207;2.45074511;2024-06-24 13:55:00
202400026987.0;1;93;93008;1;1;1.0;3.0;48.91076249;2.44276017;2024-11-12 08:45:00
202400026988.0;1;94;94028;1;1;1.0;3.0;48.79449381;2.44220497;2024-06-25 21:10:00
202400026989.0;3;77;77058;1;1;1.0;5.0;48.82957827;2.74332614;2024-11-13 00:25:00
202400026990.0;1;94;94017;1;1;1.0;5.0;48.82671118;2.52258828;2024-06-25 19:00:00
202400026991.0;1;972;97213;1;6;1.0;3.0;14.622;-61.007;2024-04-12 08:15:00
202400026992.0;1;94;94042;1;1;1.0;4.0;48.82800728;2.4730466;2024-06-25 18:17:00
202400026993.0;5;972;97213;1;1;1.0;5.0;14.63408;-61.01342;2024-04-09 18:15:00
202400026994.0;1;77;77363;1;1;1.0;4.0;48.912424;2.635779;2024-06-25 14:00:00
202400026995.0;1;972;97213;1;1;1.0;3.0;14.63303;-60.99105;2024-04-09 12:10:00
202400026996.0;1;74;74265;1;1;1.0;7.0;45.802038;6.338119;2024-09-06 15:30:00
202400026997.0;1;77;77337;1;1;1.0;6.0;48.830178;2.613696;2024-06-25 10:15:00
202400026998.0;1;82;82030;1;1;1.0;6.0;44.00026648;1.10124135;2024-01-20 14:29:00
202400026999.0;2;74;74105;2;6;1.0;3.0;46.3071346;6.29361176;2024-08-10 18:35:00
202400027000.0;1;44;44109;2;1;1.0;6.0;47.23492042;-1.55152842;2024-06-17 08:30:00
202400027001.0;1;74;74184;1;1;2.0;7.0;46.052358;5.980591;2024-08-18 16:00:00
202400027002.0;2;44;44109;2;1;1.0;3.0;47.23144824;-1.56436688;2024-06-17 20:50:00
202400027003.0;1;74;74056;2;1;1.0;6.0;45.924972;6.871457;2024-09-01 16:00:00
202400027004.0;1;87;87065;2;3;1.0;3.0;45.811837;1.327151;2024-06-24 10:29:00
202400027005.0;1;74;74094;2;3;1.0;3.0;46.218715;6.308094;2024-08-30 07:08:00
202400027006.0;5;65;65002;2;1;4.0;6.0;43.141869;-0.026661;2024-03-09 19:20:00
202400027007.0;5;74;74288;2;2;1.0;3.0;46.108455;5.969406;2024-08-27 05:45:00
202400027008.0;1;988;98818;2;3;1.0;3.0;-22.2839;166.45378;2024-06-25 07:30:00
202400027009.0;4;74;74026;2;1;1.0;6.0;45.966137;6.03577;2024-08-31 21:30:00
202400027010.0;1;987;98736;2;1;1.0;3.0;-17.53656;-149.55289;2024-06-24 08:30:00
202400027011.0;1;74;74299;2;1;1.0;1.0;45.891425;6.170564;2024-09-02 17:00:00
202400027012.0;3;974;97411;2;3;1.0;6.0;-20.88991;55.46405;2024-06-24 20:00:00
202400027013.0;3;74;74001;1;1;1.0;7.0;46.289864;6.749575;2024-08-27 04:00:00
202400027014.0;1;74;74067;2;2;1.0;5.0;45.887617;6.07291;2024-08-21 17:55:00
202400027015.0;1;74;74112;2;2;1.0;3.0;45.93543;6.082639;2024-08-31 10:10:00
202400027016.0;1;74;74021;1;1;1.0;6.0;46.16007;6.281728;2024-08-26 14:50:00
202400027017.0;1;74;74005;1;1;1.0;7.0;46.32485928;6.43546768;2024-07-14 14:30:00
202400027018.0;3;74;74262;1;1;1.0;2.0;46.128527;6.324391;2024-06-28 22:45:00
202400027019.0;1;92;92036;2;6;8.0;1.0;48.93964382;2.2867392;2024-11-12 13:45:00
202400027020.0;5;93;93055;2;1;1.0;6.0;48.89461;2.42084;2024-11-07 21:15:00
202400027021.0;1;62;62537;2;1;1.0;1.0;50.303588;2.408747;2024-05-19 17:00:00
202400027022.0;3;32;32222;1;1;1.0;6.0;43.76137121;-0.10871839;2024-06-08 04:30:00
202400027023.0;2;24;24090;1;1;2.0;6.0;45.292988;0.4057;2024-08-29 17:30:00
202400027024.0;1;974;97411;2;3;1.0;3.0;-20.89186;55.46732;2024-11-12 07:15:00
202400027025.0;1;974;97409;2;1;1.0;7.0;-20.96207;55.65677;2024-11-12 07:22:00
202400027026.0;1;973;97302;2;2;1.0;5.0;4.94199;-52.33238;2024-11-12 17:30:00
202400027027.0;1;973;97302;2;1;1.0;2.0;4.91685;-52.32142;2024-11-12 06:50:00
202400027028.0;1;69;69386;2;3;1.0;6.0;45.76891;4.84605;2024-11-12 17:00:00
202400027029.0;2;972;97213;2;1;1.0;2.0;14.61799;-61.03243;2024-11-12 18:35:00
202400027030.0;3;972;97209;1;1;1.0;6.0;14.67617;-61.08809;2024-11-11 22:30:00
202400027031.0;5;972;97209;2;1;2.0;6.0;14.61988;-61.05427;2024-11-11 01:00:00
202400027032.0;1;971;97101;2;9;1.0;6.0;16.24424;-61.53092;2024-11-12 10:37:00
202400027033.0;1;971;97101;1;1;2.0;6.0;16.27349;-61.46778;2024-11-11 07:00:00
202400027034.0;3;971;97101;1;1;1.0;1.0;16.26274;-61.46399;2024-11-10 23:30:00
202400027035.0;1;2A;2A004;2;1;1.0;2.0;41.93359839;8.74477386;2024-11-12 14:50:00
202400027036.0;1;2A;2A004;1;1;1.0;3.0;41.924069;8.811242;2024-11-12 08:40:00
202400027037.0;5;2A;2A004;2;1;1.0;6.0;41.91878387;8.73886496;2024-11-11 18:05:00
202400027038.0;5;95;95582;2;1;1.0;3.0;48.97563065;2.24764892;2024-11-12 23:00:00
202400027039.0;1;95;95555;2;3;1.0;2.0;48.97504588;2.2976464;2024-11-12 16:00:00
202400027040.0;1;95;95572;2;3;8.0;3.0;49.04378;2.13048;2024-11-12 12:00:00
202400027041.0;1;91;91174;2;3;1.0;3.0;48.60296;2.47675;2024-11-12 15:00:00
202400027042.0;1;91;91174;2;3;1.0;3.0;48.601603;2.48025;2024-11-12 11:20:00
202400027043.0;1;85;85194;2;1;1.0;1.0;46.5056;-1.77524;2024-11-08 09:04:00
202400027044.0;5;85;85194;2;7;1.0;3.0;46.49706;-1.78237;2024-11-06 19:30:00
202400027045.0;2;83;83141;1;9;9.0;3.0;43.49185;6.48503;2024-11-04 06:15:00
202400027046.0;1;77;77403;2;1;1.0;6.0;48.561;3.323;2024-11-06 15:55:00
202400027047.0;1;76;76540;2;1;1.0;6.0;49.43869;1.08837;2024-11-12 14:48:00
202400027048.0;5;71;71076;2;2;1.0;3.0;46.80642421;4.84430552;2024-11-11 18:00:00
202400027049.0;1;66;66136;2;1;1.0;6.0;42.67973;2.90913;2024-03-06 11:25:00
202400027050.0;2;71;71475;2;1;8.0;3.0;46.76335928;4.84250844;2024-11-11 17:00:00
202400027051.0;1;65;65100;1;9;1.0;3.0;43.27162987;0.07075805;2024-03-06 18:00:00
202400027052.0;5;70;70550;2;1;8.0;7.0;47.62333;6.14324;2024-11-11 06:35:00
202400027053.0;1;61;61001;2;6;1.0;3.0;48.43114;0.08985;2024-03-06 14:00:00
202400027054.0;1;69;69013;1;2;1.0;3.0;46.01065;4.71984;2024-11-12 14:00:00
202400027055.0;1;59;59368;2;9;8.0;6.0;50.65183;3.08199;2024-03-05 16:25:00
202400027056.0;5;67;67482;2;1;1.0;3.0;48.593171;7.74347;2024-11-12 21:00:00
202400027057.0;1;64;64545;1;1;1.0;2.0;43.37864;-1.7337;2024-11-12 09:15:00
202400027058.0;5;59;59350;2;2;3.0;3.0;50.63264;3.01752;2024-03-02 19:35:00
202400027059.0;3;64;64445;2;9;2.0;3.0;43.317;-0.37718;2024-11-12 19:55:00
202400027060.0;1;57;57672;2;1;1.0;6.0;49.35737;6.13743;2024-03-04 17:00:00
202400027061.0;1;64;64132;2;1;8.0;7.0;43.28577;-0.34854;2024-11-11 11:40:00
202400027062.0;1;56;56260;2;1;1.0;6.0;47.64916;-2.78231;2024-03-03 16:38:00
202400027063.0;1;63;63308;2;6;2.0;3.0;45.76747;3.05617;2024-11-12 12:35:00
202400027064.0;1;62;62528;2;3;1.0;3.0;50.45131722;2.76248038;2024-11-06 08:30:00
202400027065.0;1;49;49246;2;1;1.0;2.0;47.42640418;-0.50396766;2024-03-05 17:40:00
202400027066.0;3;60;60057;2;1;1.0;4.0;49.41400915;2.08573937;2024-11-12 18:52:00
202400027067.0;1;45;45068;2;3;8.0;3.0;48.0313;2.74341;2024-03-06 11:35:00
202400027068.0;1;59;59599;2;1;1.0;6.0;50.73087;3.17877;2024-11-12 16:05:00
202400027069.0;1;59;59508;2;9;1.0;6.0;50.73636;3.13274;2024-11-12 14:45:00
202400027070.0;1;44;44109;2;1;1.0;3.0;47.22612;-1.54098;2024-03-06 07:50:00
202400027071.0;2;59;59368;2;2;1.0;3.0;50.65133;3.06113;2024-11-12 07:30:00
202400027072.0;2;38;38185;2;1;1.0;6.0;45.19018;5.72978;2024-03-06 19:00:00
202400027073.0;5;57;57463;2;1;5.0;1.0;49.12745;6.18703;2024-11-11 06:35:00
202400027074.0;5;54;54304;1;1;2.0;1.0;48.6935;6.1298;2024-11-11 21:30:00
202400027075.0;5;37;37261;2;2;1.0;3.0;47.3762819;0.71160328;2024-03-06 21:45:00
202400027076.0;1;54;54099;1;4;1.0;3.0;49.26958039;5.89721739;2024-10-31 17:15:00
202400027077.0;1;37;37261;2;6;1.0;3.0;47.42227;0.67958;2024-03-06 08:05:00
202400027078.0;1;51;51454;2;1;1.0;6.0;49.254591;4.025728;2024-11-11 12:53:00
202400027079.0;5;36;36063;2;1;1.0;6.0;46.84192;1.70687;2024-03-06 02:10:00
202400027080.0;1;51;51454;2;1;2.0;7.0;49.26566;4.03911;2024-11-11 12:20:00
202400027081.0;1;45;45302;1;1;1.0;5.0;47.953137;1.854758;2024-11-11 15:50:00
202400027082.0;1;34;34172;2;1;1.0;4.0;43.62931;3.84449;2024-03-06 10:00:00
202400027083.0;1;44;44184;2;1;2.0;1.0;47.25976;-2.26205;2024-11-12 16:50:00
202400027084.0;1;43;43157;2;3;8.0;2.0;45.04948;3.89493;2024-11-12 14:10:00
202400027085.0;5;33;33069;2;2;1.0;3.0;44.86236;-0.59303;2024-03-06 19:30:00
202400027086.0;5;33;33063;2;1;1.0;3.0;44.87209;-0.56128;2024-03-06 17:50:00
202400027087.0;1;33;33063;2;1;1.0;3.0;44.8333;-0.56137;2024-03-06 15:00:00
202400027088.0;5;30;30007;2;9;1.0;1.0;44.09972;4.08118;2024-03-06 21:30:00
202400027089.0;1;29;29039;1;1;1.0;2.0;47.87907018;-3.90409994;2024-03-05 17:20:00
202400027090.0;1;29;29039;2;1;1.0;2.0;47.86146813;-3.88578961;2024-03-05 14:00:00
202400027091.0;1;27;27681;2;1;1.0;6.0;49.102841;1.470295;2024-03-06 14:35:00
202400027092.0;1;21;21054;2;1;1.0;6.0;47.02932;4.85156;2024-03-06 07:40:00
202400027093.0;1;13;13207;2;3;1.0;3.0;43.28803;5.36348;2024-03-05 16:15:00
202400027094.0;1;13;13047;2;1;1.0;6.0;43.49781;4.98642;2024-03-06 10:10:00
202400027095.0;1;91;91228;2;1;1.0;6.0;48.630582;2.427959;2024-07-29 18:30:00
202400027096.0;1;11;11069;1;1;1.0;2.0;43.20312;2.33472;2024-03-05 13:57:00
202400027097.0;1;76;76575;2;2;1.0;2.0;49.39614;1.0774;2024-07-17 16:40:00
202400027098.0;5;10;10387;2;1;1.0;7.0;48.29174;4.07468;2024-03-05 18:54:00
202400027099.0;5;6;6069;2;1;1.0;6.0;43.64111;6.91467;2024-03-06 02:00:00
202400027100.0;1;75;75114;2;1;1.0;7.0;48.81644;2.343045;2024-03-06 12:30:00
202400027101.0;5;32;32013;2;1;1.0;1.0;43.63615;0.58358;2024-10-11 21:05:00
202400027102.0;5;75;75119;2;1;2.0;5.0;48.887361;2.396807;2024-03-06 03:30:00
202400027103.0;5;75;75117;2;1;8.0;3.0;48.883981;2.285279;2024-03-05 18:30:00
202400027104.0;1;32;32013;2;1;1.0;4.0;43.66434295;0.59668422;2024-08-07 15:02:00
202400027105.0;5;75;75116;2;1;1.0;4.0;48.849723;2.252205;2024-03-04 19:30:00
202400027106.0;1;32;32013;1;1;1.0;7.0;43.65308297;0.60182333;2024-08-06 14:26:00
202400027107.0;1;32;32013;2;1;1.0;3.0;43.63485;0.59584;2024-09-19 08:32:00
202400027108.0;1;75;75115;2;3;1.0;6.0;48.843824;2.281943;2024-03-06 10:40:00
202400027109.0;1;32;32013;1;4;1.0;3.0;43.69639;0.60952;2024-09-16 14:20:00
202400027110.0;3;75;75115;2;2;2.0;6.0;48.845511;2.319139;2024-03-06 00:32:00
202400027111.0;1;75;75115;2;3;1.0;6.0;48.84069;2.288855;2024-03-05 08:00:00
202400027112.0;1;32;32013;2;1;2.0;1.0;43.63172;0.58839;2024-09-03 08:45:00
202400027113.0;1;75;75114;2;3;8.0;6.0;48.835506;2.323693;2024-03-05 09:00:00
202400027114.0;1;75;75113;2;3;8.0;3.0;48.834569;2.357832;2024-03-06 08:40:00
202400027115.0;1;32;32013;1;1;1.0;3.0;43.65654;0.61034;2024-08-20 09:55:00
202400027116.0;1;75;75113;2;1;1.0;3.0;48.817416;2.354674;2024-03-06 08:35:00
202400027117.0;1;75;75112;2;2;1.0;3.0;48.848659;2.372514;2024-03-06 09:15:00
202400027118.0;5;32;32013;2;2;1.0;3.0;43.64369459;0.58700323;2024-08-16 04:30:00
202400027119.0;5;75;75111;2;3;1.0;6.0;48.860214;2.38857;2024-03-06 19:25:00
202400027120.0;1;32;32013;1;3;1.0;6.0;43.66665057;0.61576366;2024-08-15 19:10:00
202400027121.0;1;75;75109;2;3;1.0;6.0;48.870883;2.346753;2024-03-06 12:40:00
202400027122.0;5;32;32013;2;1;1.0;3.0;43.6393;0.58459;2024-08-11 21:29:00
202400027123.0;3;75;75108;2;2;2.0;3.0;48.873316;2.324294;2024-03-06 01:00:00
202400027124.0;1;32;32013;2;7;1.0;3.0;43.62858;0.58694;2024-05-02 17:24:00
202400027125.0;1;75;75101;2;1;1.0;3.0;48.864662;2.336348;2024-03-06 11:45:00
202400027126.0;1;94;94081;2;2;2.0;3.0;48.78272;2.39395;2024-03-05 10:10:00
202400027127.0;1;27;27681;2;3;2.0;3.0;49.09349;1.47184;2024-08-30 16:43:00
202400027128.0;3;94;94028;2;1;2.0;6.0;48.77756;2.45699;2024-03-05 19:15:00
202400027129.0;1;27;27562;2;1;1.0;3.0;49.10337;1.46447;2024-08-12 13:20:00
202400027130.0;1;94;94071;2;2;8.0;3.0;48.76497;2.52505;2024-03-05 09:15:00
202400027131.0;1;75;75110;2;4;1.0;6.0;48.870194;2.363658;2024-06-12 06:30:00
202400027132.0;1;987;98735;2;6;1.0;3.0;-17.5413;-149.56525;2024-12-17 12:36:00
202400027133.0;1;93;93066;2;1;1.0;3.0;48.925868;2.372512;2024-03-06 17:05:00
202400027134.0;1;974;97416;1;1;1.0;3.0;-21.29531;55.44515;2024-12-18 08:00:00
202400027135.0;1;974;97416;1;1;1.0;6.0;-21.338;55.49086;2024-12-18 07:45:00
202400027136.0;1;93;93048;2;3;1.0;3.0;48.858649;2.427861;2024-03-06 17:15:00
202400027137.0;5;974;97416;2;1;1.0;7.0;-21.28975;55.45483;2024-12-17 20:05:00
202400027138.0;1;974;97416;2;9;1.0;6.0;-21.30039;55.42724;2024-12-17 09:15:00
202400027139.0;5;93;93032;2;3;2.0;3.0;48.894744;2.54227;2024-03-05 20:00:00
202400027140.0;1;973;97302;2;3;1.0;3.0;4.93651;-52.31434;2024-12-17 13:20:00
202400027141.0;5;93;93010;2;1;2.0;6.0;48.893201;2.47478;2024-03-05 22:45:00
202400027142.0;1;973;97302;2;1;1.0;3.0;4.9185;-52.31547;2024-12-17 07:20:00
202400027143.0;1;69;69387;2;1;1.0;6.0;45.7513145;4.83653359;2024-12-18 08:55:00
202400027144.0;5;93;93005;2;3;2.0;3.0;48.9353;2.493165;2024-03-06 00:10:00
202400027145.0;1;69;69388;2;2;8.0;6.0;45.73956;4.85945;2024-12-18 08:50:00
202400027146.0;1;93;93001;2;1;1.0;3.0;48.91522;2.37551;2024-03-04 08:55:00
202400027147.0;5;69;69387;2;2;1.0;3.0;45.73152;4.82992;2024-12-17 06:19:00
202400027148.0;1;92;92050;2;1;1.0;6.0;48.90113141;2.2163204;2024-03-06 18:10:00
202400027149.0;1;972;97213;2;3;2.0;3.0;14.61848;-60.99497;2024-12-18 12:00:00
202400027150.0;1;92;92050;2;1;2.0;3.0;48.89126;2.20773;2024-03-05 08:00:00
202400027151.0;2;972;97213;1;1;2.0;6.0;14.61912;-61.0051;2024-12-18 06:02:00
202400027152.0;5;92;92040;2;1;1.0;3.0;48.82972713;2.26711535;2024-03-06 22:30:00
202400027153.0;5;972;97213;2;1;1.0;2.0;14.61832;-61.0264;2024-12-17 19:00:00
202400027154.0;1;972;97213;2;9;1.0;7.0;14.61408;-61.03215;2024-12-16 17:05:00
202400027155.0;5;92;92026;2;3;2.0;3.0;48.89102159;2.25514188;2024-03-05 20:15:00
202400027156.0;1;972;97209;2;1;1.0;6.0;14.61704;-61.05995;2024-12-17 10:00:00
202400027157.0;1;2B;2B037;2;1;1.0;3.0;42.6166;9.4166;2024-12-17 13:53:00
202400027158.0;1;92;92004;2;1;1.0;2.0;48.91350304;2.28380156;2024-03-05 16:40:00
202400027159.0;1;92;92004;2;2;2.0;6.0;48.9106841;2.2908774;2024-03-05 15:10:00
202400027160.0;1;2B;2B033;2;1;1.0;4.0;42.702;9.45146;2024-12-17 12:27:00
202400027161.0;1;2B;2B120;2;1;1.0;1.0;42.662;9.434;2024-12-16 16:30:00
202400027162.0;5;92;92014;2;1;8.0;3.0;48.78757451;2.32005098;2024-03-06 20:15:00
202400027163.0;3;971;97101;1;9;3.0;6.0;16.2499;-61.5154;2024-12-17 19:08:00
202400027164.0;1;971;97101;2;1;1.0;3.0;16.26813;-61.50725;2024-12-17 08:35:00
202400027165.0;1;26;26301;2;3;1.0;6.0;45.11925541;4.96901751;2024-03-06 15:55:00
202400027166.0;1;971;97113;2;1;2.0;1.0;16.24579;-61.4573;2024-12-16 16:48:00
202400027167.0;1;2A;2A004;1;1;1.0;6.0;41.92985;8.78112;2024-12-18 08:19:00
202400027168.0;1;974;97405;2;9;1.0;3.0;-21.357816;55.559953;2024-03-07 07:04:00
202400027169.0;1;95;95491;2;3;1.0;2.0;48.99456031;2.24286273;2024-12-17 14:25:00
202400027170.0;2;95;95127;2;1;8.0;6.0;49.04294628;2.07204009;2024-12-17 08:20:00
202400027171.0;1;972;97206;2;1;1.0;7.0;14.485337;-61.032808;2024-03-06 15:55:00
202400027172.0;3;57;57167;1;1;1.0;7.0;49.30264;6.406672;2024-03-06 19:35:00
202400027173.0;1;95;95018;2;1;1.0;6.0;48.95746;2.28761;2024-12-17 10:18:00
202400027174.0;5;91;91477;2;1;8.0;2.0;48.71509;2.25645;2024-12-18 17:20:00
202400027175.0;1;51;51576;2;6;7.0;3.0;49.074504;4.140502;2024-03-07 14:10:00
202400027176.0;1;91;91114;2;2;8.0;3.0;48.70615;2.50994;2024-12-17 13:48:00
202400027177.0;1;91;91421;2;6;8.0;6.0;48.6981;2.46498;2024-12-17 09:50:00
202400027178.0;4;79;79202;2;2;1.0;1.0;46.64508;-0.247442;2024-03-07 20:55:00
202400027179.0;5;91;91421;2;2;1.0;3.0;48.70548;2.43878;2024-12-16 18:15:00
202400027180.0;5;31;31150;2;3;1.0;6.0;43.65153042;1.33122727;2024-03-06 21:25:00
202400027181.0;5;91;91521;2;9;2.0;6.0;48.64981;2.40998;2024-12-16 20:00:00
202400027182.0;1;32;32105;1;1;1.0;1.0;43.620435;1.018789;2024-03-06 09:45:00