Num_Acc;lum;departement;commune;agglomeration;intersection;meteo;type_collision;lat;long;date
202400027183.0;5;87;87085;2;6;2.0;7.0;45.84221;1.25239;2024-12-17 07:15:00
202400027184.0;2;12;12208;2;1;1.0;6.0;43.958453;2.885314;2024-03-07 07:30:00
202400027185.0;5;87;87085;2;3;1.0;3.0;45.84413;1.24052;2024-12-15 19:26:00
202400027186.0;1;47;47098;1;3;1.0;3.0;44.100384;0.440236;2024-03-06 15:30:00
202400027187.0;1;85;85191;2;1;1.0;3.0;46.6617;-1.4425;2024-12-18 10:15:00
202400027188.0;3;84;84007;2;1;1.0;6.0;43.95603;4.81085;2024-12-17 19:19:00
202400027189.0;2;47;47127;1;3;1.0;3.0;44.34449337;0.43525855;2024-03-07 07:40:00
202400027190.0;1;2;2621;1;1;1.0;6.0;49.504276;3.630558;2024-03-07 15:55:00
202400027191.0;1;84;84007;2;1;1.0;4.0;43.88901;4.9226;2024-12-17 15:00:00
202400027192.0;1;58;58099;1;1;1.0;7.0;47.067856;3.849093;2024-03-02 12:00:00
202400027193.0;1;83;83137;2;3;1.0;3.0;43.1203;5.94892;2024-12-18 15:30:00
202400027194.0;1;14;14061;1;2;3.0;3.0;48.988968;-0.915488;2024-03-05 15:50:00
202400027195.0;1;83;83062;2;1;1.0;6.0;43.1292;6.01689;2024-12-16 09:20:00
202400027196.0;1;50;50142;1;1;7.0;7.0;49.69355;-1.371557;2024-03-06 17:15:00
202400027197.0;3;64;64006;1;1;1.0;6.0;42.95409552;-0.61384864;2024-03-06 23:20:00
202400027198.0;3;16;16024;1;1;1.0;6.0;45.821428;0.235369;2024-03-07 20:50:00
202400027199.0;5;83;83069;2;1;1.0;1.0;43.12626929;6.08586037;2024-12-16 18:00:00
202400027200.0;1;7;7167;1;1;1.0;7.0;44.81902;4.617063;2024-03-07 10:40:00
202400027201.0;2;81;81004;2;1;1.0;6.0;43.94401;2.15886;2024-12-17 17:10:00
202400027202.0;1;85;85078;2;1;1.0;6.0;46.3077148;-0.719373;2024-03-07 14:40:00
202400027203.0;5;80;80021;2;1;1.0;3.0;49.91663;2.25768;2024-12-16 18:10:00
202400027204.0;1;27;27246;2;4;1.0;1.0;49.360255;1.357272;2024-03-07 11:50:00
202400027205.0;2;80;80021;2;1;1.0;3.0;49.94022;2.28106;2024-12-17 07:45:00
202400027206.0;1;37;37222;1;1;1.0;2.0;47.0803884;1.04368454;2024-03-06 15:20:00
202400027207.0;1;78;78092;2;1;1.0;3.0;48.87081;2.12495;2024-12-18 14:20:00
202400027208.0;1;78;78356;2;2;7.0;3.0;48.724202;2.091596;2024-03-07 09:40:00
202400027209.0;5;78;78440;2;9;1.0;3.0;48.97362;1.91237;2024-12-12 17:20:00
202400027210.0;1;62;62355;1;1;8.0;2.0;50.334696;2.922664;2024-03-06 08:10:00
202400027211.0;5;78;78208;2;6;1.0;2.0;48.77619;1.95879;2024-12-18 17:40:00
202400027212.0;3;78;78015;2;1;1.0;3.0;48.976329;2.04372;2024-11-27 18:10:00
202400027213.0;1;971;97117;1;3;1.0;3.0;16.311758;-61.386039;2024-02-26 10:45:00
202400027214.0;1;78;78623;1;6;1.0;3.0;48.784823;1.872877;2024-03-07 17:10:00
202400027215.0;1;66;66065;2;1;1.0;3.0;42.61179;2.976254;2024-03-07 07:45:00
202400027216.0;5;77;77390;2;1;1.0;6.0;48.79924;2.63838;2024-12-17 18:05:00
202400027217.0;1;13;13100;2;1;1.0;1.0;43.790765;4.833464;2024-03-07 10:22:00
202400027218.0;5;77;77083;2;1;1.0;7.0;48.84896;2.58151;2024-12-16 17:25:00
202400027219.0;1;64;64481;1;2;1.0;1.0;43.252623;-0.691565;2024-03-07 17:05:00
202400027220.0;1;77;77268;1;1;8.0;2.0;48.85557;2.8018;2024-12-18 10:07:00
202400027221.0;1;64;64376;1;1;1.0;7.0;43.268909;-0.301952;2024-03-07 18:30:00
202400027222.0;5;77;77058;2;6;2.0;3.0;48.84053;2.73245;2024-12-17 07:00:00
202400027223.0;1;33;33227;2;1;8.0;6.0;44.553269;-0.247477;2024-02-15 12:20:00
202400027224.0;1;80;80421;1;1;1.0;2.0;49.764741;2.795281;2024-03-07 15:50:00
202400027225.0;3;77;77186;1;1;8.0;7.0;48.40589;2.63898;2024-12-13 23:40:00
202400027226.0;2;62;62589;1;1;1.0;7.0;50.347042;2.701839;2024-03-07 17:55:00
202400027227.0;5;76;76341;2;1;1.0;6.0;49.5131;0.19835;2024-12-16 18:00:00
202400027228.0;2;59;59268;1;1;1.0;1.0;50.614502;2.747793;2024-03-06 18:30:00
202400027229.0;5;73;73029;2;3;1.0;3.0;45.56442;5.94371;2024-12-18 07:50:00
202400027230.0;1;83;83144;1;1;1.0;3.0;43.13525855;5.99079429;2024-03-06 16:10:00
202400027231.0;1;73;73011;2;1;7.0;6.0;45.67600142;6.3860687;2024-12-16 14:50:00
202400027232.0;1;33;33080;1;1;2.0;4.0;44.74278;-0.53705;2024-03-05 10:00:00
202400027233.0;1;78;78321;1;1;1.0;2.0;48.798899;1.921436;2024-03-06 11:03:00
202400027234.0;5;72;72181;2;1;1.0;6.0;48.01479;0.16016;2024-12-17 22:00:00
202400027235.0;2;78;78158;1;1;1.0;4.0;48.83216;2.14076;2024-03-06 07:40:00
202400027236.0;4;71;71486;1;1;1.0;1.0;46.62961;4.33289;2024-12-17 19:40:00
202400027237.0;1;78;78423;1;1;1.0;3.0;48.79647;2.03542;2024-03-05 17:45:00
202400027238.0;3;78;78238;1;1;2.0;6.0;48.970671;1.879082;2024-03-05 22:20:00
202400027239.0;5;69;69275;2;2;1.0;2.0;45.77038;4.95554;2024-12-17 19:50:00
202400027240.0;1;69;69290;2;1;1.0;1.0;45.68515097;4.94711356;2024-12-18 11:53:00
202400027241.0;3;92;92050;1;1;2.0;4.0;48.91626318;2.22127891;2024-03-05 21:30:00
202400027242.0;1;92;92050;1;1;1.0;7.0;48.89404962;2.23154008;2024-03-05 16:50:00
202400027243.0;1;69;69290;2;3;5.0;3.0;45.7121;4.9029;2024-12-17 08:25:00
202400027244.0;1;78;78043;1;1;1.0;2.0;48.826235;2.076102;2024-03-05 09:04:00
202400027245.0;5;67;67482;2;3;1.0;7.0;48.571659;7.750244;2024-12-16 22:30:00
202400027246.0;1;92;92036;1;1;1.0;3.0;48.9348887;2.26784952;2024-03-05 08:13:00
202400027247.0;3;93;93006;1;9;2.0;7.0;48.86592939;2.41645289;2024-03-05 22:35:00
202400027248.0;4;66;66136;2;3;1.0;3.0;42.69734531;2.88784325;2024-12-18 21:20:00
202400027249.0;1;66;66136;2;1;1.0;6.0;42.69778;2.88024;2024-12-18 13:00:00
202400027250.0;2;94;94073;1;1;1.0;3.0;48.7705058;2.38419907;2024-03-06 18:50:00
202400027251.0;5;66;66136;1;9;1.0;2.0;42.7082902;2.8790617;2024-12-16 19:05:00
202400027252.0;1;66;66136;2;1;1.0;6.0;42.69638;2.88631;2024-12-16 14:23:00
202400027253.0;1;66;66136;1;1;1.0;6.0;42.69749513;2.8612411;2024-12-16 12:15:00
202400027254.0;1;93;93051;1;1;1.0;4.0;48.83583303;2.56002195;2024-03-06 15:25:00
202400027255.0;1;93;93050;2;1;2.0;6.0;48.85946;2.526493;2024-01-23 11:50:00
202400027256.0;1;64;64373;2;1;7.0;3.0;43.27398;-0.34647;2024-12-18 14:00:00
202400027257.0;1;44;44109;2;1;8.0;3.0;47.19979117;-1.53127256;2024-02-04 13:00:00
202400027258.0;1;64;64348;1;1;1.0;6.0;43.32833;-0.39336;2024-12-18 11:55:00
202400027259.0;2;74;74237;2;1;1.0;6.0;46.393669;6.802661;2024-01-03 17:30:00
202400027260.0;1;64;64445;2;1;7.0;6.0;43.32051536;-0.34591377;2024-12-18 10:15:00
202400027261.0;5;74;74108;2;3;2.0;6.0;45.828985;6.18832;2024-01-02 18:25:00
202400027262.0;1;64;64445;2;1;1.0;6.0;43.30783;-0.35967;2024-12-17 11:35:00
202400027263.0;1;64;64445;2;1;1.0;6.0;43.2958;-0.36172;2024-12-16 15:20:00
202400027264.0;1;74;74038;1;3;1.0;3.0;46.19148463;6.4501899;2024-01-01 12:40:00
202400027265.0;1;64;64122;2;9;1.0;6.0;43.48555;-1.54083;2024-12-17 14:30:00
202400027266.0;5;44;44109;2;1;1.0;6.0;47.22481193;-1.52956785;2024-02-03 21:40:00
202400027267.0;5;64;64102;2;1;1.0;6.0;43.49884;-1.48166;2024-12-16 18:20:00
202400027268.0;1;44;44109;2;2;8.0;3.0;47.22742541;-1.54523807;2024-02-02 14:40:00
202400027269.0;1;62;62498;2;1;1.0;6.0;50.44344279;2.83202237;2024-12-16 17:50:00
202400027270.0;1;973;97302;2;6;1.0;3.0;4.9331262;-52.30922341;2024-03-05 17:50:00
202400027271.0;1;62;62119;2;6;1.0;6.0;50.53507;2.63845;2024-12-17 11:00:00
202400027272.0;3;61;61497;1;1;2.0;6.0;48.456333;0.104167;2024-12-17 00:40:00
202400027273.0;1;973;97302;2;3;1.0;3.0;4.9369324;-52.32595235;2024-03-05 16:27:00
202400027274.0;5;59;59009;2;9;1.0;6.0;50.63739;3.13545;2024-12-17 17:15:00
202400027275.0;1;973;97302;2;3;1.0;6.0;4.94351057;-52.30699718;2024-03-05 10:45:00
202400027276.0;1;973;97302;2;9;2.0;7.0;4.94128727;-52.32132018;2024-03-05 07:40:00
202400027277.0;5;59;59560;2;1;2.0;6.0;50.544095;3.023447;2024-12-16 17:45:00
202400027278.0;1;69;69388;2;1;1.0;6.0;45.73891;4.88609;2024-03-05 08:15:00
202400027279.0;1;59;59271;2;7;1.0;6.0;51.01314;2.30312;2024-12-16 15:10:00
202400027280.0;1;972;97213;2;1;1.0;3.0;14.61912;-61.02124;2024-03-05 15:30:00
202400027281.0;4;58;58194;2;3;1.0;3.0;46.98708;3.14746;2024-12-18 05:05:00
202400027282.0;1;971;97101;1;1;1.0;1.0;16.26048;-61.46031;2024-03-04 17:30:00
202400027283.0;3;56;56098;2;1;1.0;6.0;47.75407;-3.32445;2024-12-17 00:57:00
202400027284.0;1;91;91215;2;2;1.0;4.0;48.68541;2.51409;2024-03-04 08:50:00
202400027285.0;5;51;51058;2;1;1.0;4.0;49.21611;3.99761;2024-12-17 18:05:00
202400027286.0;1;91;91691;2;1;1.0;2.0;48.708242;2.495142;2024-03-04 08:50:00
202400027287.0;1;51;51454;2;2;1.0;7.0;49.25738;4.02994;2024-12-17 11:35:00
202400027288.0;5;91;91027;2;1;1.0;2.0;48.716875;2.407492;2024-03-05 20:00:00
202400027289.0;4;51;51454;2;3;2.0;3.0;49.26529;4.05392;2024-12-16 23:30:00
202400027290.0;1;91;91589;2;1;1.0;3.0;48.67793;2.35686;2024-03-05 15:45:00
202400027291.0;5;51;51454;2;3;2.0;1.0;49.240479;4.032902;2024-12-16 17:35:00
202400027292.0;1;91;91027;2;3;1.0;6.0;48.69962;2.37174;2024-03-05 11:00:00
202400027293.0;1;87;87048;1;1;1.0;7.0;45.78276;1.23032;2024-03-04 11:21:00
202400027294.0;1;51;51242;2;3;2.0;3.0;48.95504;4.3289;2024-12-14 15:26:00
202400027295.0;1;86;86194;2;1;1.0;6.0;46.587358;0.364606;2024-03-05 17:50:00
202400027296.0;1;49;49007;2;1;1.0;6.0;47.48843;-0.51563;2024-12-18 12:03:00
202400027297.0;1;86;86194;2;2;7.0;3.0;46.57436;0.36174;2024-03-04 08:50:00
202400027298.0;5;49;49007;2;2;1.0;3.0;47.478;-0.59209;2024-12-16 21:08:00
202400027299.0;1;86;86194;2;3;1.0;3.0;46.586999;0.364986;2024-03-03 17:05:00
202400027300.0;1;47;47031;2;9;1.0;1.0;44.17654;0.63433;2024-12-17 11:44:00
202400027301.0;1;85;85191;2;2;1.0;3.0;46.67205;-1.42747;2024-03-05 09:20:00
202400027302.0;1;45;45067;2;2;1.0;3.0;47.89521;1.80955;2024-12-18 12:00:00
202400027303.0;1;45;45147;2;1;1.0;3.0;47.94395;1.91769;2024-12-17 15:35:00
202400027304.0;1;84;84007;2;2;1.0;3.0;43.94287;4.80853;2024-03-04 12:10:00
202400027305.0;1;45;45004;2;1;1.0;1.0;47.984139;2.732736;2024-12-17 11:50:00
202400027306.0;1;83;83137;2;3;1.0;3.0;43.12865;5.92776;2024-03-05 17:55:00
202400027307.0;5;44;44184;2;2;1.0;1.0;47.27324;-2.20518;2024-12-14 01:50:00
202400027308.0;1;83;83061;1;1;1.0;5.0;43.50112443;6.7884407;2024-02-17 15:00:00
202400027309.0;1;973;97302;2;1;1.0;3.0;4.93922964;-52.3264727;2024-04-12 10:55:00
202400027310.0;5;44;44109;2;1;1.0;6.0;47.22294;-1.59034;2024-12-16 17:40:00
202400027311.0;1;973;97302;2;1;1.0;7.0;4.943556;-52.32335329;2024-04-12 10:18:00
202400027312.0;1;80;80001;2;9;2.0;3.0;50.11662;1.81921;2024-03-05 17:24:00
202400027313.0;1;43;43251;2;1;1.0;7.0;45.02908;3.88045;2024-12-17 11:30:00
202400027314.0;3;78;78418;1;1;2.0;1.0;48.9195;2.13459;2024-03-02 18:50:00
202400027315.0;5;42;42270;1;1;1.0;1.0;45.40577;4.24607;2024-12-17 18:50:00
202400027316.0;1;973;97302;2;1;1.0;3.0;4.93685223;-52.31482655;2024-04-12 08:15:00
202400027317.0;3;78;78383;2;6;1.0;6.0;48.762663;1.94658;2024-01-19 18:25:00
202400027318.0;1;973;97302;2;1;1.0;3.0;4.91135305;-52.32144624;2024-04-11 10:10:00
202400027319.0;5;37;37261;2;6;8.0;3.0;47.43064;0.68696;2024-12-18 18:35:00
202400027320.0;5;77;77450;1;1;1.0;6.0;48.70464;2.59341;2024-03-04 02:00:00
202400027321.0;1;37;37261;2;1;1.0;6.0;47.38850687;0.69897294;2024-12-18 15:00:00
202400027322.0;5;69;69386;2;2;1.0;3.0;45.76377752;4.8670052;2024-04-12 22:33:00
202400027323.0;1;77;77372;2;1;1.0;2.0;48.88306;2.69102;2024-03-05 08:40:00
202400027324.0;1;69;69387;1;1;1.0;2.0;45.75579;4.84136;2024-04-12 17:00:00
202400027325.0;1;35;35238;1;9;8.0;2.0;48.08165452;-1.67647451;2024-12-17 10:30:00
202400027326.0;1;77;77186;1;9;1.0;7.0;48.39389;2.62973;2024-03-04 15:40:00
202400027327.0;1;69;69388;2;3;1.0;6.0;45.74237;4.85825;2024-04-12 17:09:00
202400027328.0;1;74;74012;2;1;1.0;3.0;46.19496;6.26892;2024-03-05 17:24:00
202400027329.0;5;33;33167;2;2;1.0;3.0;44.82822;-0.51818;2024-12-17 21:05:00
202400027330.0;5;74;74010;2;1;2.0;3.0;45.91331;6.11398;2024-03-05 21:25:00
202400027331.0;1;971;97113;1;1;2.0;2.0;16.21777205;-61.49062335;2024-04-12 06:20:00
202400027332.0;5;33;33318;2;1;8.0;6.0;44.78372;-0.67959;2024-12-17 07:30:00
202400027333.0;5;74;74010;2;2;2.0;6.0;45.89671;6.12079;2024-03-05 19:30:00
202400027334.0;5;2A;2A004;2;6;1.0;6.0;41.93394;8.75299;2024-04-12 21:11:00
202400027335.0;3;33;33162;2;2;1.0;1.0;44.879638;-0.626817;2024-12-17 07:50:00
202400027336.0;1;72;72181;2;3;8.0;3.0;47.9995;0.20702;2024-03-04 17:00:00
202400027337.0;1;2A;2A004;2;1;1.0;3.0;41.94786;8.76449;2024-04-12 17:40:00
202400027338.0;5;31;31555;2;1;1.0;3.0;43.60839;1.45306;2024-12-18 19:10:00
202400027339.0;1;91;91377;2;1;1.0;6.0;48.730725;2.273551;2024-04-12 10:30:00
202400027340.0;1;69;69290;2;2;2.0;3.0;45.71039;4.97762;2024-03-03 14:30:00
202400027341.0;1;91;91027;2;1;1.0;3.0;48.69839;2.37186;2024-04-12 16:25:00
202400027342.0;1;31;31555;2;1;1.0;3.0;43.57039;1.38605;2024-12-18 14:00:00
202400027343.0;1;68;68066;2;1;8.0;6.0;48.078899;7.340729;2024-03-04 16:42:00
202400027344.0;1;30;30189;2;1;1.0;7.0;43.81388;4.34567;2024-12-10 14:20:00
202400027345.0;1;67;67482;2;9;8.0;6.0;48.56937;7.70758;2024-03-04 15:15:00
202400027346.0;5;91;91479;1;1;1.0;1.0;48.733586;2.366445;2024-04-12 02:36:00
202400027347.0;5;30;30007;2;1;1.0;2.0;44.1061;4.0892;2024-12-16 18:20:00
202400027348.0;1;66;66136;2;2;1.0;6.0;42.69151;2.88256;2024-03-05 17:25:00
202400027349.0;5;83;83069;2;6;1.0;3.0;43.10786;6.12182;2024-01-22 18:30:00
202400027350.0;1;66;66136;2;6;1.0;3.0;42.68868;2.89506;2024-03-05 09:00:00
202400027351.0;1;91;91228;2;1;1.0;4.0;48.63446;2.43588;2024-04-12 12:30:00
202400027352.0;2;30;30007;2;3;1.0;3.0;44.14299;4.10375;2024-12-16 07:20:00
202400027353.0;5;78;78015;2;1;1.0;6.0;48.975154;2.048022;2024-01-23 20:30:00
202400027354.0;1;66;66136;1;1;1.0;6.0;42.69571044;2.85210013;2024-02-18 16:20:00
202400027355.0;5;29;29232;2;8;1.0;6.0;48.00606;-4.110076;2024-12-11 17:30:00
202400027356.0;1;91;91174;2;3;1.0;3.0;48.59491;2.47844;2024-04-10 18:05:00
202400027357.0;1;65;65226;1;1;2.0;6.0;43.21971;0.02969;2024-03-05 18:45:00
202400027358.0;1;77;77445;2;1;2.0;6.0;48.58688867;2.59408659;2024-01-22 16:35:00
202400027359.0;1;87;87050;1;1;1.0;6.0;45.89641008;1.22952461;2024-04-12 14:30:00
202400027360.0;1;29;29232;2;1;1.0;4.0;47.99871378;-4.11619548;2024-12-17 09:25:00
202400027361.0;2;64;64024;2;1;2.0;6.0;43.48345828;-1.51089214;2024-03-05 07:45:00
202400027362.0;2;76;76231;2;6;1.0;6.0;49.28676;1.00898;2024-01-23 17:55:00
202400027363.0;5;84;84092;2;2;1.0;3.0;43.95482;4.83819;2024-04-12 05:00:00
202400027364.0;1;63;63113;2;1;2.0;6.0;45.7727;3.08992;2024-03-05 11:00:00
202400027365.0;3;29;29019;1;9;1.0;2.0;48.42255903;-4.47687371;2024-12-16 18:40:00
202400027366.0;1;76;76486;2;1;1.0;6.0;49.30234;0.99213;2024-01-23 08:30:00
202400027367.0;5;83;83137;2;3;1.0;3.0;43.14641703;5.91275179;2024-04-11 23:00:00
202400027368.0;5;62;62498;2;1;2.0;3.0;50.43837;2.81184;2024-02-24 19:15:00
202400027369.0;5;27;27681;2;2;1.0;6.0;49.08822;1.47226;2024-12-17 00:40:00
202400027370.0;1;80;80021;2;1;1.0;7.0;49.87763;2.28613;2024-03-19 15:10:00
202400027371.0;2;61;61001;2;3;1.0;2.0;48.436637;0.09933;2024-03-05 07:50:00
202400027372.0;2;27;27375;2;3;1.0;3.0;49.21048;1.17311;2024-12-17 08:25:00
202400027373.0;1;77;77251;1;1;1.0;6.0;48.61585;2.54458;2024-04-11 18:28:00
202400027374.0;5;60;60057;2;7;2.0;6.0;49.43217628;2.10781503;2024-03-04 22:50:00
202400027375.0;5;27;27229;2;3;1.0;7.0;49.0047;1.1381;2024-12-18 17:35:00
202400027376.0;1;77;77288;2;1;9.0;1.0;48.54855928;2.64813841;2024-04-09 19:45:00
202400027377.0;1;76;76414;2;1;1.0;4.0;49.91645;1.09797;2024-01-22 17:05:00
202400027378.0;1;56;56260;2;3;1.0;3.0;47.67729;-2.76127;2024-03-05 13:06:00
202400027379.0;2;27;27229;2;1;1.0;6.0;49.02669;1.14169;2024-12-18 08:15:00
202400027380.0;2;27;27229;2;9;1.0;6.0;49.0168;1.12334;2024-12-18 08:15:00
202400027381.0;5;77;77438;2;4;1.0;3.0;48.85838;2.67053;2024-04-12 22:28:00
202400027382.0;1;56;56121;2;2;1.0;6.0;47.74975;-3.36349;2024-03-05 10:00:00
202400027383.0;1;64;64445;2;1;1.0;3.0;43.31133;-0.36448;2024-01-23 17:40:00
202400027384.0;1;77;77243;2;9;1.0;6.0;48.86886766;2.67936766;2024-04-12 10:40:00
202400027385.0;1;54;54382;1;1;1.0;3.0;49.54665;5.79996;2024-03-05 16:25:00
202400027386.0;1;27;27229;2;3;1.0;3.0;49.028737;1.178895;2024-12-17 16:08:00
202400027387.0;5;64;64102;2;3;1.0;3.0;43.49395;-1.45398;2024-01-23 20:55:00
202400027388.0;1;27;27299;2;1;1.0;6.0;49.0395;1.1581;2024-12-17 08:45:00
202400027389.0;1;77;77014;2;1;1.0;6.0;48.4177;2.7282;2024-04-12 09:20:00
202400027390.0;5;51;51454;2;2;1.0;3.0;49.25023;4.03881;2024-03-05 22:10:00
202400027391.0;5;61;61001;2;2;2.0;3.0;48.44295;0.08776;2024-01-23 18:11:00
202400027392.0;1;76;76540;2;3;1.0;2.0;49.44236852;1.07741562;2024-04-12 18:10:00
202400027393.0;1;51;51454;2;6;1.0;2.0;49.21367;4.0156;2024-03-05 09:55:00
202400027394.0;5;26;26198;2;1;1.0;1.0;44.53474;4.75882;2024-12-18 19:10:00
202400027395.0;1;76;76216;2;1;1.0;6.0;49.47528;1.05567;2024-04-12 17:30:00
202400027396.0;5;59;59512;2;9;1.0;6.0;50.67617287;3.18052631;2024-01-23 06:30:00
202400027397.0;1;26;26198;1;1;1.0;3.0;44.52569093;4.74199533;2024-12-17 17:50:00
202400027398.0;2;47;47323;1;3;3.0;3.0;44.39611;0.74675;2024-03-04 17:35:00
202400027399.0;1;59;59560;2;7;1.0;3.0;50.54516;3.02487;2024-01-23 10:45:00
202400027400.0;2;74;74010;2;6;1.0;3.0;45.90342;6.12203;2024-04-12 19:35:00
202400027401.0;5;25;25056;2;2;1.0;3.0;47.24253;6.02971;2024-12-18 22:05:00
202400027402.0;1;47;47001;2;3;1.0;2.0;44.18265226;0.61747134;2024-03-05 18:20:00
202400027403.0;1;59;59378;2;1;1.0;6.0;50.67307;3.0941;2024-01-23 08:15:00
202400027404.0;1;73;73065;2;2;1.0;3.0;45.57331;5.91549;2024-04-12 13:31:00
202400027405.0;1;47;47201;2;6;1.0;3.0;44.19442426;0.60366118;2024-03-05 16:20:00
202400027406.0;2;22;22106;2;1;1.0;2.0;48.50313;-2.73049;2024-12-13 17:35:00
202400027407.0;5;57;57672;2;1;3.0;6.0;49.36593;6.16677;2024-01-22 07:30:00
202400027408.0;3;35;35206;1;1;8.0;6.0;48.08033;-1.68027;2024-03-05 03:40:00
202400027409.0;1;16;16015;2;1;1.0;3.0;45.63485;0.1541;2024-12-18 13:03:00
202400027410.0;1;69;69266;2;1;1.0;3.0;45.76975;4.87819;2024-04-12 18:20:00
202400027411.0;5;56;56121;2;6;1.0;7.0;47.74769;-3.36509;2024-01-20 23:18:00
202400027412.0;1;34;34172;2;1;1.0;6.0;43.61962;3.84928;2024-03-05 16:00:00
202400027413.0;5;14;14715;2;4;2.0;6.0;49.36069;0.08641;2024-12-18 19:30:00
202400027414.0;1;69;69266;2;3;1.0;1.0;45.76271;4.87821;2024-04-12 14:20:00
202400027415.0;3;13;13117;2;9;1.0;7.0;43.43751285;5.25260289;2024-12-16 23:20:00
202400027416.0;5;33;33529;2;9;2.0;3.0;44.63518;-1.15551;2024-03-05 23:10:00
202400027417.0;2;54;54578;2;3;2.0;2.0;48.67632;6.15726;2024-01-22 07:55:00
202400027418.0;1;69;69259;2;1;1.0;2.0;45.71144966;4.87508621;2024-04-11 17:10:00
202400027419.0;3;13;13077;1;3;1.0;3.0;43.43175;5.00898;2024-12-17 03:20:00
202400027420.0;1;32;32013;2;7;2.0;7.0;43.64701;0.58415;2024-03-04 17:25:00
202400027421.0;2;54;54526;2;1;2.0;5.0;48.69442;6.21458;2024-01-22 07:45:00
202400027422.0;1;69;69271;2;3;1.0;3.0;45.74742;4.96468;2024-04-11 14:20:00
202400027423.0;1;31;31555;2;1;1.0;6.0;43.600822;1.456532;2024-03-05 17:27:00
202400027424.0;1;13;13203;2;1;1.0;2.0;43.32;5.374;2024-12-18 14:00:00
202400027425.0;5;51;51454;2;1;1.0;6.0;49.24211;4.01352;2024-01-23 20:02:00
202400027426.0;1;29;29232;1;6;1.0;2.0;47.99492618;-4.07245959;2024-03-05 08:30:00
202400027427.0;1;13;13216;2;2;1.0;3.0;43.356;5.342;2024-12-18 13:25:00
202400027428.0;1;69;69259;2;2;1.0;3.0;45.69408;4.87514;2024-04-11 12:20:00
202400027429.0;1;29;29019;2;6;3.0;6.0;48.389821;-4.520784;2024-03-04 09:55:00
202400027430.0;1;13;13214;2;1;8.0;3.0;43.33402;5.37374;2024-12-17 14:00:00
202400027431.0;1;51;51454;2;2;2.0;1.0;49.264999;4.060148;2024-01-22 15:00:00
202400027432.0;1;69;69259;2;3;1.0;2.0;45.70668194;4.88751322;2024-04-11 10:05:00
202400027433.0;1;13;13215;2;6;1.0;1.0;43.36107;5.35258;2024-12-16 16:20:00
202400027434.0;1;69;69091;2;1;1.0;7.0;45.58566;4.74728;2024-04-12 12:40:00
202400027435.0;1;26;26252;1;1;1.0;4.0;44.89195823;4.88031149;2024-03-05 10:45:00
202400027436.0;4;48;48095;2;1;8.0;6.0;44.51752;3.47719;2024-01-23 02:27:00
202400027437.0;5;66;66136;2;1;1.0;6.0;42.687567;2.91731536;2024-04-13 00:55:00
202400027438.0;1;25;25204;2;3;2.0;3.0;46.91692;6.35094;2024-03-05 12:57:00
202400027439.0;1;37;37261;2;6;1.0;3.0;47.43057302;0.67319494;2024-01-23 13:50:00
202400027440.0;5;13;13206;2;2;1.0;7.0;43.2908;5.38082;2024-12-16 23:30:00
202400027441.0;1;25;25031;2;1;8.0;2.0;47.47707;6.83874;2024-03-05 11:45:00
202400027442.0;5;37;37261;2;1;1.0;6.0;47.36667;0.70833;2024-01-23 07:55:00
202400027443.0;1;66;66136;2;6;1.0;6.0;42.68671;2.90747;2024-04-12 10:30:00
202400027444.0;5;13;13028;2;1;1.0;6.0;43.18476;5.61755;2024-12-17 19:40:00
202400027445.0;5;25;25056;2;1;1.0;4.0;47.25511;6.02242;2024-03-05 18:48:00
202400027446.0;5;35;35238;2;1;2.0;3.0;48.093779;-1.67334256;2024-01-23 19:15:00
202400027447.0;1;64;64024;2;3;1.0;3.0;43.49336;-1.50875;2024-04-11 18:22:00
202400027448.0;5;13;13001;2;2;1.0;3.0;43.51408;5.46138;2024-12-18 00:10:00
202400027449.0;5;35;35238;2;6;8.0;6.0;48.08651;-1.68243;2024-01-23 18:20:00
202400027450.0;1;25;25056;2;2;1.0;3.0;47.25603;6.02012;2024-03-05 14:26:00
202400027451.0;5;64;64102;2;1;1.0;6.0;43.48617;-1.48925;2024-04-07 22:55:00
202400027452.0;1;11;11262;2;3;1.0;6.0;43.18524;2.99981;2024-12-18 09:28:00
202400027453.0;2;35;35238;2;1;8.0;6.0;48.11987241;-1.71349972;2024-01-23 08:15:00
202400027454.0;1;63;63300;2;1;1.0;6.0;45.8899089;3.11086972;2024-04-12 14:20:00
202400027455.0;1;34;34172;2;1;1.0;4.0;43.5882;3.85472;2024-01-23 13:30:00
202400027456.0;1;22;22360;2;6;1.0;3.0;48.4925;-2.7392;2024-03-05 13:10:00
202400027457.0;5;10;10325;2;6;1.0;6.0;48.26439;4.08325;2024-12-18 07:50:00
202400027458.0;2;33;33039;2;6;1.0;6.0;44.793864;-0.542198;2024-01-19 17:00:00
202400027459.0;1;17;17415;2;3;2.0;3.0;45.72603;-0.641508;2024-03-04 16:45:00
202400027460.0;1;63;63113;2;2;1.0;3.0;45.76673;3.09609;2024-04-12 18:57:00
202400027461.0;5;10;10387;2;1;2.0;6.0;48.30595;4.06215;2024-12-16 08:00:00
202400027462.0;1;33;33032;2;9;1.0;6.0;44.90243;-0.50904;2024-01-23 11:20:00
202400027463.0;1;17;17299;2;1;1.0;2.0;45.95275;-0.96872;2024-03-05 08:00:00
202400027464.0;1;63;63113;2;2;1.0;3.0;45.80647792;3.11424583;2024-04-12 08:45:00
202400027465.0;5;33;33039;2;1;1.0;1.0;44.80491;-0.55882;2024-01-19 07:00:00
202400027466.0;2;6;6004;2;5;1.0;6.0;43.56871;7.11109;2024-12-17 16:30:00
202400027467.0;5;13;13209;2;3;1.0;3.0;43.25185;5.41122;2024-03-05 19:35:00