Num_Acc;lum;departement;commune;agglomeration;intersection;meteo;type_collision;lat;long;date
202400027468.0;1;30;30007;2;1;1.0;2.0;44.11031;4.08068;2024-01-23 08:15:00
202400027469.0;1;62;62774;2;1;1.0;1.0;50.9477647;1.75937298;2024-04-12 19:50:00
202400027470.0;5;3;3321;2;1;1.0;6.0;46.55058;3.3387;2024-12-17 17:36:00
202400027471.0;1;62;62041;2;1;1.0;6.0;50.28181;2.79398;2024-04-12 20:15:00
202400027472.0;1;13;13202;2;1;1.0;2.0;43.31614953;5.36949584;2024-03-05 16:20:00
202400027473.0;1;28;28218;2;9;1.0;6.0;48.4355;1.44156;2024-01-23 08:45:00
202400027474.0;5;2;2738;2;1;1.0;6.0;49.6656;3.29958;2024-12-15 02:20:00
202400027475.0;1;59;59636;2;6;1.0;6.0;50.682973;3.043381;2024-04-09 14:15:00
202400027476.0;5;27;27229;2;1;1.0;3.0;49.017328;1.143393;2024-01-23 21:35:00
202400027477.0;5;10;10387;2;1;1.0;7.0;48.3014;4.0866;2024-03-04 18:50:00
202400027478.0;1;1;1053;1;6;1.0;2.0;46.176457;5.256096;2024-12-17 14:20:00
202400027479.0;1;59;59328;2;3;1.0;3.0;50.63894;3.02136;2024-04-12 15:10:00
202400027480.0;1;75;75116;2;3;8.0;6.0;48.85743;2.273203;2024-12-17 13:40:00
202400027481.0;2;10;10387;2;2;1.0;3.0;48.30605;4.08739;2024-03-04 07:45:00
202400027482.0;5;19;19031;2;3;2.0;6.0;45.15407;1.51126;2024-01-17 06:40:00
202400027483.0;1;58;58194;2;6;1.0;3.0;46.99531;3.16894;2024-04-12 17:20:00
202400027484.0;2;75;75116;2;3;1.0;2.0;48.857913;2.287913;2024-12-18 09:00:00
202400027485.0;2;17;17415;2;1;8.0;3.0;45.748751;-0.644611;2024-01-22 16:50:00
202400027486.0;5;6;6088;2;2;1.0;1.0;43.73468;7.29666;2024-03-06 01:50:00
202400027487.0;5;51;51454;2;2;1.0;1.0;49.25321;4.05403;2024-04-12 01:40:00
202400027488.0;5;75;75112;2;1;1.0;6.0;48.853175;2.370452;2024-12-18 18:45:00
202400027489.0;1;75;75117;2;1;1.0;7.0;48.900188;2.320781;2024-03-05 13:30:00
202400027490.0;1;17;17306;1;1;2.0;3.0;45.64444;-1.04237;2024-01-23 16:34:00
202400027491.0;5;49;49015;2;1;1.0;7.0;47.5142;-0.61287;2024-04-12 23:27:00
202400027492.0;5;75;75110;2;3;1.0;3.0;48.870187;2.350503;2024-12-17 20:15:00
202400027493.0;1;75;75118;2;1;1.0;2.0;48.900744;2.361604;2024-03-04 12:55:00
202400027494.0;1;17;17306;2;1;1.0;6.0;45.62874;-0.99472;2024-01-18 16:00:00
202400027495.0;1;94;94067;2;1;8.0;6.0;48.84102;2.41762;2024-12-17 15:20:00
202400027496.0;1;75;75114;2;1;1.0;6.0;48.8221;2.316797;2024-03-04 10:25:00
202400027497.0;1;43;43157;2;9;1.0;5.0;45.04221;3.88142;2024-04-11 13:55:00
202400027498.0;1;17;17291;1;1;2.0;3.0;46.17352;-1.11561;2024-01-23 14:42:00
202400027499.0;2;94;94033;2;1;2.0;6.0;48.8533;2.48188;2024-12-17 08:05:00
202400027500.0;3;94;94060;2;1;2.0;6.0;48.79212;2.56775;2024-12-18 17:10:00
202400027501.0;5;13;13210;2;3;1.0;3.0;43.28109;5.3993;2024-01-22 21:30:00
202400027502.0;1;75;75115;2;2;1.0;3.0;48.834566;2.266952;2024-03-04 12:37:00
202400027503.0;5;38;38185;2;2;1.0;3.0;45.19014241;5.72422162;2024-04-12 21:35:00
202400027504.0;1;94;94017;2;1;1.0;3.0;48.81326;2.51243;2024-12-18 09:45:00
202400027505.0;1;13;13001;2;1;1.0;7.0;43.54644;5.45482;2024-01-23 08:20:00
202400027506.0;5;37;37261;2;1;1.0;7.0;47.368;0.67606;2024-04-12 21:16:00
202400027507.0;1;75;75119;2;7;1.0;2.0;48.899793;2.388152;2024-03-05 12:45:00
202400027508.0;5;13;13001;1;1;2.0;1.0;43.50801;5.42372;2024-01-22 18:36:00
202400027509.0;1;94;94002;2;2;1.0;6.0;48.7999;2.42697;2024-12-17 14:50:00
202400027510.0;1;37;37214;2;6;1.0;3.0;47.42376;0.65776;2024-04-12 18:10:00
202400027511.0;1;75;75119;2;1;1.0;3.0;48.888364;2.367516;2024-03-05 09:20:00
202400027512.0;5;11;11262;2;3;1.0;6.0;43.1834471;2.99821983;2024-01-23 20:28:00
202400027513.0;1;37;37261;2;1;1.0;3.0;47.42534;0.70957;2024-04-12 13:15:00
202400027514.0;1;75;75118;2;3;1.0;6.0;48.89419;2.336811;2024-03-05 13:30:00
202400027515.0;1;11;11262;2;1;1.0;1.0;43.19096;3.02402;2024-01-23 08:30:00
202400027516.0;5;93;93078;2;6;8.0;3.0;48.95273452;2.56054893;2024-12-18 20:25:00
202400027517.0;1;11;11069;1;1;1.0;6.0;43.192521;2.335513;2024-01-21 16:50:00
202400027518.0;1;75;75114;2;2;1.0;7.0;48.819881;2.325433;2024-03-04 13:35:00
202400027519.0;5;93;93059;2;1;1.0;6.0;48.96285;2.36972;2024-12-18 17:40:00
202400027520.0;5;35;35238;2;1;1.0;1.0;48.10856787;-1.69932559;2024-04-13 00:10:00
202400027521.0;1;10;10297;2;1;1.0;2.0;48.32674;4.11039;2024-01-22 11:30:00
202400027522.0;1;33;33069;2;1;1.0;3.0;44.867745;-0.596694;2024-04-12 08:30:00
202400027523.0;1;75;75108;2;3;8.0;2.0;48.871065;2.316387;2024-03-05 12:55:00
202400027524.0;1;93;93059;2;1;1.0;3.0;48.96992;2.36561;2024-12-18 14:33:00
202400027525.0;1;6;6069;2;1;1.0;1.0;43.642984;6.908521;2024-01-23 13:50:00
202400027526.0;5;33;33281;2;1;1.0;6.0;44.82691;-0.61455;2024-04-12 01:27:00
202400027527.0;1;93;93066;2;1;1.0;3.0;48.92071;2.35771;2024-12-18 16:30:00
202400027528.0;5;75;75107;2;3;2.0;6.0;48.862283;2.306324;2024-03-05 19:30:00
202400027529.0;5;93;93055;2;1;8.0;1.0;48.90319;2.39169;2024-12-18 18:05:00
202400027530.0;5;1;1053;2;2;2.0;3.0;46.19683;5.21047;2024-01-22 17:55:00
202400027531.0;1;75;75102;2;2;1.0;6.0;48.864428;2.346699;2024-03-05 10:00:00
202400027532.0;1;33;33119;2;8;1.0;3.0;44.85507147;-0.53566262;2024-04-11 15:00:00
202400027533.0;5;93;93051;2;1;1.0;3.0;48.84554;2.5653;2024-12-18 18:55:00
202400027534.0;1;75;75117;2;1;1.0;2.0;48.889237;2.296154;2024-01-23 08:55:00
202400027535.0;5;33;33529;2;1;1.0;7.0;44.629498;-1.141537;2024-04-12 23:50:00
202400027536.0;5;94;94078;2;1;2.0;6.0;48.736697;2.467835;2024-03-05 20:30:00
202400027537.0;1;93;93047;2;1;8.0;6.0;48.90126029;2.5720315;2024-12-18 11:20:00
202400027538.0;1;75;75119;2;1;1.0;6.0;48.878764;2.377362;2024-01-23 13:00:00
202400027539.0;1;33;33529;2;1;1.0;7.0;44.646164;-1.16405073;2024-04-12 19:05:00
202400027540.0;1;94;94068;2;3;8.0;3.0;48.79907;2.47334;2024-03-05 08:30:00
202400027541.0;1;92;92062;2;3;1.0;3.0;48.88240478;2.23448731;2024-12-18 12:25:00
202400027542.0;5;75;75118;2;2;1.0;3.0;48.887502;2.333373;2024-01-23 21:15:00
202400027543.0;1;27;27229;2;1;1.0;4.0;49.018971;1.147215;2024-04-11 18:08:00
202400027544.0;3;92;92020;2;1;1.0;3.0;48.79719;2.28608;2024-12-18 18:45:00
202400027545.0;1;94;94068;2;3;1.0;3.0;48.80874;2.5095;2024-03-04 14:30:00
202400027546.0;2;75;75117;2;4;1.0;7.0;48.882234;2.286163;2024-01-23 08:00:00
202400027547.0;1;92;92044;2;1;1.0;7.0;48.89442007;2.28136629;2024-12-18 11:15:00
202400027548.0;1;19;19031;2;6;1.0;2.0;45.14684;1.48265;2024-04-12 10:30:00
202400027549.0;5;92;92040;2;2;1.0;6.0;48.82122;2.26138;2024-12-18 18:50:00
202400027550.0;2;19;19031;2;9;1.0;7.0;45.15331608;1.53626025;2024-04-11 21:10:00
202400027551.0;1;75;75116;2;2;1.0;3.0;48.858569;2.244851;2024-01-22 16:50:00
202400027552.0;5;92;92036;2;4;8.0;6.0;48.91532656;2.29621835;2024-12-18 00:10:00
202400027553.0;5;92;92026;2;2;1.0;3.0;48.90042208;2.2608076;2024-12-18 20:00:00
202400027554.0;1;75;75114;2;2;1.0;3.0;48.825448;2.302309;2024-01-23 13:00:00
202400027555.0;1;92;92026;2;1;1.0;2.0;48.89564063;2.24936754;2024-12-18 14:15:00
202400027556.0;5;75;75108;2;7;2.0;7.0;48.865858;2.319884;2024-01-23 21:30:00
202400027557.0;1;15;15014;1;9;1.0;3.0;44.93085;2.42634;2024-04-11 15:50:00
202400027558.0;1;75;75108;2;2;2.0;3.0;48.874943;2.318482;2024-01-23 11:45:00
202400027559.0;5;92;92024;2;2;2.0;3.0;48.9083021;2.29992673;2024-12-18 20:10:00
202400027560.0;1;15;15012;2;1;1.0;2.0;44.90198;2.46962;2024-04-11 12:45:00
202400027561.0;5;92;92012;2;1;1.0;3.0;48.82432287;2.24194765;2024-12-18 19:25:00
202400027562.0;5;94;94016;2;3;1.0;6.0;48.789156;2.333579;2024-01-23 21:10:00
202400027563.0;4;37;37216;2;1;2.0;6.0;47.146212;0.538063;2024-12-18 23:15:00
202400027564.0;5;13;13204;2;9;1.0;6.0;43.30937;5.40305;2024-04-12 23:30:00
202400027565.0;1;94;94011;2;9;2.0;3.0;48.76267;2.47862;2024-01-23 15:40:00
202400027566.0;2;38;38378;2;3;1.0;6.0;45.439647;4.772052;2024-12-18 17:10:00
202400027567.0;1;94;94017;2;1;1.0;3.0;48.82308;2.49468;2024-01-22 17:00:00
202400027568.0;1;13;13209;1;1;1.0;1.0;43.24203;5.45319;2024-04-12 18:40:00
202400027569.0;1;93;93073;2;1;1.0;6.0;48.94949;2.57367;2024-01-23 08:15:00
202400027570.0;1;52;52058;1;1;3.0;1.0;48.17871;5.140518;2024-12-19 12:10:00
202400027571.0;5;93;93046;2;4;1.0;6.0;48.91525635;2.52859656;2024-01-23 07:05:00
202400027572.0;2;13;13209;2;9;1.0;3.0;43.25228;5.40325;2024-04-12 06:35:00
202400027573.0;5;93;93039;2;2;1.0;3.0;48.935718;2.338582;2024-01-23 20:34:00
202400027574.0;1;26;26169;1;1;1.0;3.0;44.476268;4.766704;2024-12-19 11:55:00
202400027575.0;5;13;13213;2;2;1.0;3.0;43.32636;5.42155;2024-04-11 20:10:00
202400027576.0;5;93;93066;2;1;1.0;2.0;48.9052;2.35888;2024-01-22 21:00:00
202400027577.0;5;1;1285;2;2;1.0;3.0;45.91041;4.816062;2024-12-12 05:35:00
202400027578.0;1;93;93048;2;3;1.0;6.0;48.86979;2.44952;2024-01-23 09:00:00
202400027579.0;5;93;93007;2;1;1.0;6.0;48.94264382;2.46774025;2024-01-23 02:50:00
202400027580.0;1;13;13047;1;1;1.0;4.0;43.52860183;4.96090677;2024-04-12 15:00:00
202400027581.0;1;93;93001;2;2;1.0;6.0;48.90611802;2.38958162;2024-01-23 09:05:00
202400027582.0;5;13;13004;2;3;6.0;3.0;43.6743;4.62161;2024-04-11 02:00:00
202400027583.0;5;93;93001;2;5;1.0;3.0;48.91486856;2.38115251;2024-01-23 05:56:00
202400027584.0;1;10;10387;2;2;1.0;3.0;48.2947;4.08246;2024-04-12 17:15:00
202400027585.0;1;6;6069;2;1;1.0;2.0;43.640089;6.934322;2024-04-12 07:20:00
202400027586.0;1;75;75115;2;1;1.0;2.0;48.831897;2.28169;2024-04-12 12:35:00
202400027587.0;1;93;93001;2;1;2.0;5.0;48.906062;2.372801;2024-01-22 10:25:00
202400027588.0;2;75;75116;2;1;1.0;7.0;48.875228;2.276512;2024-04-12 07:00:00
202400027589.0;1;92;92063;2;6;2.0;3.0;48.88315517;2.18035841;2024-01-23 11:20:00
202400027590.0;1;75;75112;2;1;1.0;3.0;48.82807;2.396298;2024-04-12 09:55:00
202400027591.0;1;92;92050;2;3;1.0;2.0;48.90851438;2.2148741;2024-01-23 15:08:00
202400027592.0;1;92;92050;2;1;1.0;6.0;48.89982817;2.21398669;2024-01-23 08:03:00
202400027593.0;5;75;75114;2;1;1.0;5.0;48.822561;2.314169;2024-04-09 23:20:00
202400027594.0;1;92;92048;2;1;1.0;3.0;48.81536291;2.24633467;2024-01-23 08:30:00
202400027595.0;5;75;75119;2;1;1.0;6.0;48.90013;2.38489;2024-04-07 00:10:00
202400027596.0;1;92;92044;2;1;8.0;2.0;48.89007218;2.29405001;2024-01-23 10:35:00
202400027597.0;1;92;92044;2;1;1.0;6.0;48.89704;2.28918;2024-01-22 16:45:00
202400027598.0;1;75;75120;2;2;1.0;6.0;48.855247;2.401487;2024-04-12 12:00:00
202400027599.0;1;92;92023;1;1;2.0;3.0;48.77859914;2.22896665;2024-01-23 11:41:00
202400027600.0;1;75;75119;2;3;1.0;6.0;48.883076;2.371483;2024-04-12 10:50:00
202400027601.0;3;95;95487;1;1;1.0;6.0;49.14855336;2.24857092;2024-01-23 18:35:00
202400027602.0;1;75;75118;2;2;1.0;6.0;48.89048;2.351484;2024-04-12 17:30:00
202400027603.0;1;75;75116;2;7;1.0;2.0;48.847298;2.273592;2024-04-12 18:00:00
202400027604.0;3;26;26166;1;1;1.0;4.0;44.751031;4.790339;2024-01-23 20:55:00
202400027605.0;1;75;75115;2;3;1.0;2.0;48.833972;2.285368;2024-04-12 19:00:00
202400027606.0;1;86;86028;1;1;1.0;7.0;46.596552;0.4814;2024-01-24 11:15:00
202400027607.0;1;75;75115;2;2;1.0;6.0;48.834752;2.30521;2024-04-12 16:45:00
202400027608.0;5;58;58102;2;1;8.0;3.0;47.377294;3.113488;2024-01-23 08:00:00
202400027609.0;2;85;85215;1;9;8.0;3.0;46.849625;-1.1634175;2024-01-22 17:50:00
202400027610.0;1;75;75115;2;4;1.0;3.0;48.83762;2.309639;2024-04-12 15:00:00
202400027611.0;1;47;47165;2;1;1.0;7.0;44.519805;0.039179;2024-01-23 10:00:00
202400027612.0;3;59;59229;1;1;8.0;3.0;50.039323;4.027133;2024-01-24 06:20:00
202400027613.0;1;75;75114;2;4;1.0;6.0;48.830214;2.325914;2024-04-12 16:40:00
202400027614.0;1;56;56185;1;1;1.0;3.0;47.778873;-3.430862;2024-01-24 16:00:00
202400027615.0;1;65;65025;2;1;1.0;2.0;43.003996;-0.101232;2024-01-24 11:15:00
202400027616.0;1;75;75114;2;7;1.0;6.0;48.827811;2.326612;2024-04-12 15:16:00
202400027617.0;1;75;75113;2;7;1.0;6.0;48.832594;2.346864;2024-04-12 11:15:00
202400027618.0;1;65;65025;2;2;1.0;3.0;43.00636608;-0.09335716;2024-01-23 08:40:00
202400027619.0;5;75;75110;2;2;1.0;6.0;48.873248;2.364218;2024-04-12 21:25:00
202400027620.0;1;75;75109;2;2;1.0;6.0;48.875594;2.326615;2024-04-12 14:53:00
202400027621.0;1;33;33424;1;9;8.0;4.0;45.139468;-0.81824;2024-01-23 10:10:00
202400027622.0;1;75;75102;2;2;1.0;7.0;48.866229;2.352535;2024-04-12 16:58:00
202400027623.0;5;63;63058;2;1;1.0;6.0;45.88962602;3.38890672;2024-01-23 18:45:00
202400027624.0;2;42;42323;2;2;1.0;3.0;45.56676;4.296416;2024-01-23 20:00:00
202400027625.0;1;94;94081;2;2;7.0;3.0;48.78266422;2.39392161;2024-04-12 16:55:00
202400027626.0;1;94;94081;2;2;7.0;3.0;48.79908684;2.4114114;2024-04-12 14:50:00
202400027627.0;1;42;42021;1;1;1.0;1.0;45.514102;4.096822;2024-01-23 14:00:00
202400027628.0;1;94;94068;2;1;1.0;6.0;48.80461;2.47171;2024-04-11 12:45:00
202400027629.0;2;41;41233;2;1;2.0;1.0;47.434984;1.291475;2024-01-24 08:00:00
202400027630.0;1;94;94058;2;1;1.0;6.0;48.840529;2.498782;2024-04-08 13:30:00
202400027631.0;1;29;29004;1;1;2.0;6.0;47.921621;-3.694444;2024-01-23 15:10:00
202400027632.0;1;94;94046;2;3;1.0;6.0;48.8156;2.4258;2024-04-12 18:50:00
202400027633.0;1;1;1449;1;1;1.0;6.0;46.00627;5.258299;2024-01-23 13:15:00
202400027634.0;1;94;94016;2;3;1.0;3.0;48.78831;2.33031;2024-04-12 18:45:00
202400027635.0;1;26;26124;1;1;1.0;2.0;44.82238477;4.86031294;2024-01-24 12:25:00
202400027636.0;5;94;94073;2;3;1.0;3.0;48.75881;2.37251;2024-04-12 21:20:00
202400027637.0;5;58;58095;2;1;1.0;3.0;46.82977;3.463359;2024-01-23 23:25:00
202400027638.0;5;94;94033;2;6;1.0;3.0;48.85282;2.49074;2024-04-11 05:30:00
202400027639.0;1;72;72290;1;1;2.0;6.0;48.16543662;0.11095047;2024-01-21 15:58:00
202400027640.0;2;94;94055;2;1;1.0;2.0;48.79100658;2.53371933;2024-04-11 07:00:00
202400027641.0;1;93;93050;2;3;1.0;6.0;48.86497;2.5347;2024-04-12 10:00:00
202400027642.0;3;14;14504;1;1;1.0;2.0;49.206194;0.334418;2024-01-24 18:40:00
202400027643.0;1;64;64155;1;1;1.0;7.0;43.177947;-1.180719;2024-01-24 12:09:00
202400027644.0;1;93;93048;2;2;1.0;3.0;48.85474;2.41753;2024-04-12 10:30:00
202400027645.0;5;16;16005;2;7;2.0;7.0;45.9001;0.014994;2024-01-23 18:30:00
202400027646.0;1;93;93046;2;2;1.0;6.0;48.91289;2.51855;2024-04-12 08:54:00
202400027647.0;3;4;4123;1;3;1.0;6.0;44.261404;5.876554;2024-01-23 18:37:00
202400027648.0;5;93;93032;2;3;1.0;3.0;48.88312;2.52752;2024-04-12 00:10:00
202400027649.0;3;85;85157;1;1;8.0;6.0;46.5717781;-1.156359;2024-01-24 18:40:00
202400027650.0;4;93;93071;2;1;1.0;2.0;48.941582;2.521155;2024-04-12 06:30:00
202400027651.0;1;87;87057;1;3;1.0;3.0;46.192224;1.237539;2024-01-24 12:15:00
202400027652.0;1;92;92036;2;6;1.0;3.0;48.9345;2.3209;2024-04-12 13:52:00
202400027653.0;2;92;92062;2;1;1.0;6.0;48.89095;2.23978;2024-04-12 11:13:00
202400027654.0;1;30;30003;1;1;1.0;2.0;43.564454;4.1307087;2024-01-23 08:30:00
202400027655.0;1;51;51172;2;2;1.0;3.0;49.22428;4.05183;2024-05-20 16:25:00
202400027656.0;5;92;92025;2;3;1.0;3.0;48.90894769;2.23656997;2024-04-11 22:30:00
202400027657.0;1;68;68375;1;4;1.0;2.0;47.82467244;7.28745923;2024-01-23 10:50:00
202400027658.0;1;93;93051;1;1;1.0;2.0;48.83542191;2.56797802;2024-09-02 07:30:00
202400027659.0;1;92;92024;2;1;1.0;4.0;48.90111637;2.30787849;2024-04-12 15:45:00
202400027660.0;2;978;97801;2;1;1.0;1.0;18.085542;-63.066056;2024-01-24 06:45:00
202400027661.0;1;44;44184;2;3;1.0;3.0;47.27530168;-2.22063214;2024-05-21 14:30:00
202400027662.0;3;91;91179;1;1;1.0;4.0;48.55623;2.49696;2024-01-16 18:44:00
202400027663.0;1;92;92004;2;1;1.0;3.0;48.91679421;2.30617118;2024-04-08 12:20:00
202400027664.0;1;40;40134;1;1;1.0;6.0;44.216447;-0.925426;2024-01-24 12:40:00
202400027665.0;5;92;92002;2;1;1.0;6.0;48.73440773;2.31143296;2024-04-12 22:25:00
202400027666.0;1;44;44109;2;6;1.0;3.0;47.22967895;-1.57235192;2024-08-15 16:15:00
202400027667.0;3;51;51437;1;1;1.0;3.0;49.22191;3.815939;2024-01-23 18:13:00
202400027668.0;1;60;60374;2;3;1.0;3.0;49.552528;2.532799;2024-04-12 15:35:00
202400027669.0;1;44;44109;2;1;1.0;6.0;47.2101516;-1.56876267;2024-08-15 17:05:00
202400027670.0;1;73;73039;1;1;1.0;2.0;45.56890542;5.66922516;2024-01-24 14:45:00
202400027671.0;1;51;51141;2;4;1.0;3.0;48.837265;4.512084;2024-04-04 17:59:00
202400027672.0;1;44;44109;2;1;1.0;7.0;47.26192133;-1.56556655;2024-08-14 16:30:00
202400027673.0;5;44;44109;2;8;1.0;3.0;47.22424;-1.52057;2024-05-22 00:10:00
202400027674.0;1;987;98731;2;1;1.0;6.0;-8.82876;-140.085737;2024-01-23 15:00:00
202400027675.0;1;42;42332;2;3;7.0;6.0;46.018006;4.048784;2024-04-12 11:15:00
202400027676.0;1;44;44143;2;1;1.0;6.0;47.1875379;-1.5518871;2024-08-14 15:10:00
202400027677.0;1;39;39300;2;1;1.0;6.0;46.676217;5.55436;2024-04-20 10:45:00
202400027678.0;3;77;77505;1;1;1.0;2.0;48.914406;2.976501;2024-04-12 23:08:00
202400027679.0;1;37;37014;1;3;2.0;3.0;47.27086133;0.4269399;2024-01-22 11:48:00
202400027680.0;2;38;38053;2;6;1.0;3.0;45.5988;5.26694;2024-05-21 06:43:00
202400027681.0;1;83;83148;2;2;1.0;3.0;43.396504;6.420994;2024-04-13 15:45:00
202400027682.0;1;42;42097;1;1;1.0;5.0;45.49773;4.31346;2024-04-12 10:15:00
202400027683.0;2;2B;2B093;1;1;1.0;3.0;42.621202;8.911441;2024-01-19 07:00:00
202400027684.0;3;83;83048;2;1;1.0;7.0;43.20608512;6.56536433;2024-04-12 21:50:00
202400027685.0;1;44;44109;2;6;1.0;3.0;47.26432372;-1.57419383;2024-08-11 13:00:00
202400027686.0;1;37;37261;2;1;1.0;3.0;47.43565;0.69839;2024-05-20 10:40:00
202400027687.0;2;66;66065;1;1;1.0;6.0;42.590073;3.010898;2024-01-23 18:00:00
202400027688.0;3;35;35363;1;1;1.0;3.0;47.99682635;-1.6937989;2024-04-12 21:25:00
202400027689.0;1;44;44109;2;1;1.0;7.0;47.21673514;-1.54709702;2024-08-10 13:30:00
202400027690.0;1;35;35238;2;1;1.0;6.0;48.0939352;-1.67725035;2024-05-21 17:20:00
202400027691.0;1;83;83068;1;1;1.0;3.0;43.273534;6.509678;2024-01-21 14:40:00
202400027692.0;5;44;44109;2;1;1.0;7.0;47.20689023;-1.55505164;2024-08-09 00:25:00
202400027693.0;1;35;35238;2;1;2.0;6.0;48.08547306;-1.68230185;2024-05-21 15:30:00
202400027694.0;1;62;62042;2;1;1.0;1.0;50.30547011;2.83467937;2024-04-12 18:20:00
202400027695.0;1;44;44109;2;6;1.0;3.0;47.24677655;-1.53732249;2024-08-07 09:05:00
202400027696.0;2;56;56094;1;1;1.0;7.0;47.760034;-3.21187;2024-04-13 19:00:00
202400027697.0;1;35;35238;2;6;8.0;3.0;48.11183568;-1.64635867;2024-05-21 10:00:00
202400027698.0;3;69;69167;1;1;8.0;6.0;46.02463;4.5686;2024-01-20 19:45:00
202400027699.0;3;76;76405;1;1;1.0;1.0;49.831284;1.065502;2024-04-13 05:30:00
202400027700.0;3;2B;2B096;1;1;1.0;6.0;42.281476;9.164116;2024-04-13 02:50:00
202400027701.0;5;34;34172;2;1;1.0;7.0;43.59448;3.86095;2024-05-20 01:10:00
202400027702.0;1;84;84007;2;2;1.0;5.0;43.93399;4.83202;2024-06-22 08:35:00
202400027703.0;1;35;35240;2;6;1.0;3.0;48.094;-1.795267;2024-01-23 16:00:00
202400027704.0;1;33;33281;2;2;1.0;6.0;44.84357;-0.65018;2024-05-21 10:50:00
202400027705.0;1;32;32107;2;1;1.0;7.0;43.9474;0.372237;2024-04-13 10:30:00
202400027706.0;5;84;84007;2;1;1.0;3.0;43.95253;4.81683;2024-06-22 03:50:00
202400027707.0;3;69;69389;1;1;1.0;2.0;45.77047;4.79185;2024-01-22 00:05:00
202400027708.0;1;71;71132;1;2;1.0;3.0;46.601919;4.272759;2024-04-13 19:25:00
202400027709.0;1;33;33063;2;3;1.0;3.0;44.86744;-0.55165;2024-05-21 08:40:00
202400027710.0;1;84;84007;2;1;1.0;1.0;43.94616;4.8057;2024-06-21 13:15:00
202400027711.0;1;89;89309;1;1;1.0;6.0;48.269226;3.181958;2024-04-12 19:20:00
202400027712.0;1;29;29051;2;1;1.0;7.0;48.00050105;-4.04902187;2024-05-21 09:30:00
202400027713.0;1;92;92002;1;1;1.0;5.0;48.7330052;2.31191432;2024-01-23 15:28:00
202400027714.0;1;89;89345;1;1;1.0;7.0;47.999657;3.692243;2024-04-13 14:30:00
202400027715.0;1;29;29039;2;1;1.0;6.0;47.871626;-3.919545;2024-05-21 09:50:00
202400027716.0;1;44;44109;2;3;1.0;3.0;47.19774281;-1.54242858;2024-08-07 19:10:00
202400027717.0;1;92;92048;1;1;1.0;3.0;48.78690915;2.22253888;2024-01-23 09:25:00
202400027718.0;3;63;63211;1;1;1.0;6.0;45.49333478;3.75813425;2024-04-12 22:25:00
202400027719.0;1;27;27562;2;9;1.0;6.0;49.102;1.468;2024-05-20 09:35:00
202400027720.0;1;78;78545;1;1;8.0;4.0;48.81035;2.055634;2024-01-23 09:45:00
202400027721.0;2;44;44109;2;2;1.0;3.0;47.21900173;-1.55381337;2024-08-06 06:30:00
202400027722.0;1;25;25388;2;9;1.0;3.0;47.50326;6.81192;2024-05-21 18:05:00
202400027723.0;1;76;76711;2;1;1.0;3.0;50.055818;1.38873;2024-04-12 08:50:00
202400027724.0;1;92;92036;1;1;1.0;3.0;48.93788866;2.29766722;2024-01-23 09:30:00
202400027725.0;1;13;13019;1;1;1.0;1.0;43.42368;5.36752;2024-05-21 10:40:00
202400027726.0;1;44;44109;2;1;1.0;6.0;47.21955538;-1.54888054;2024-08-03 14:06:00
202400027727.0;3;12;12077;1;1;1.0;7.0;43.895581;3.170736;2024-04-12 22:57:00
202400027728.0;1;93;93066;1;1;1.0;2.0;48.9098737;2.35830324;2024-01-22 17:25:00
202400027729.0;1;42;42095;2;1;1.0;6.0;45.38824;4.29933;2024-05-28 15:50:00
202400027730.0;1;13;13203;2;3;1.0;1.0;43.31998;5.37435;2024-05-21 14:07:00
202400027731.0;3;93;93051;1;1;2.0;2.0;48.83625354;2.55187896;2024-01-23 19:00:00
202400027732.0;1;86;86085;1;1;1.0;6.0;46.860313;0.221341;2024-04-13 15:37:00
202400027733.0;1;13;13208;2;1;1.0;3.0;43.26420309;5.39599938;2024-05-21 12:00:00
202400027734.0;5;42;42044;2;3;1.0;3.0;45.39298;4.30285;2024-05-25 00:45:00
202400027735.0;1;94;94069;1;1;8.0;3.0;48.81713893;2.44226193;2024-01-23 13:50:00
202400027736.0;1;13;13207;2;1;1.0;3.0;43.29221;5.36381;2024-05-20 19:30:00
202400027737.0;1;44;44114;2;1;1.0;2.0;47.25069722;-1.6057837;2024-08-03 11:00:00
202400027738.0;1;94;94073;1;1;8.0;3.0;48.77107455;2.38866733;2024-01-23 09:25:00
202400027739.0;1;86;86016;1;1;1.0;1.0;46.669361;0.292579;2024-04-12 18:06:00
202400027740.0;1;13;13028;2;1;1.0;2.0;43.19102;5.63886;2024-05-21 15:30:00
202400027741.0;2;44;44162;2;6;1.0;3.0;47.22382512;-1.64392763;2024-07-30 07:45:00
202400027742.0;5;971;97120;2;9;1.0;6.0;16.24120406;-61.53662324;2024-01-22 00:01:00
202400027743.0;1;13;13001;2;1;7.0;3.0;43.50445;5.39492;2024-05-21 09:15:00
202400027744.0;1;22;22377;2;3;1.0;3.0;48.663165;-2.872104;2024-04-12 16:55:00
202400027745.0;5;44;44109;2;2;1.0;3.0;47.19802795;-1.54220486;2024-07-30 22:20:00
202400027746.0;1;39;39577;1;1;1.0;1.0;46.800339;5.488207;2024-04-12 17:45:00
202400027747.0;5;974;97416;1;1;1.0;3.0;-21.3187954;55.54848129;2024-01-22 20:20:00
202400027748.0;1;44;44109;2;1;1.0;2.0;47.20806867;-1.58382286;2024-07-27 14:45:00
202400027749.0;1;6;6088;2;1;1.0;6.0;43.73113169;7.25241918;2024-05-21 12:00:00
202400027750.0;5;974;97416;2;1;1.0;5.0;-21.33434;55.4654;2024-01-22 20:35:00