Num_Acc;lum;departement;commune;agglomeration;intersection;meteo;type_collision;lat;long;date
202400027751.0;3;25;25321;1;1;1.0;3.0;47.058838;6.677166;2024-04-12 22:30:00
202400027752.0;1;6;6069;2;1;1.0;3.0;43.653889;6.934479;2024-05-21 09:40:00
202400027753.0;1;974;97416;1;4;1.0;6.0;-21.33809;55.5169;2024-01-22 05:45:00
202400027754.0;1;94;94044;1;1;1.0;5.0;48.75781222;2.47055049;2024-09-01 07:38:00
202400027755.0;1;974;97409;2;1;1.0;3.0;-20.96098;55.66187;2024-01-22 11:30:00
202400027756.0;1;1;1451;1;6;8.0;7.0;46.240306;5.265869;2024-05-21 20:15:00
202400027757.0;1;44;44087;2;1;1.0;1.0;46.998386;-1.81441;2024-04-13 16:59:00
202400027758.0;1;67;67230;1;1;1.0;5.0;48.79697;7.83926;2024-04-11 18:10:00
202400027759.0;3;973;97302;2;1;1.0;6.0;4.9221;-52.31696;2024-01-21 19:05:00
202400027760.0;5;974;97416;2;3;1.0;6.0;-21.33321;55.47149;2024-09-02 19:20:00
202400027761.0;1;29;29276;2;2;1.0;3.0;48.66656968;-4.06963896;2024-04-12 17:40:00
202400027762.0;2;69;69388;2;2;1.0;3.0;45.73111;4.866;2024-01-22 18:50:00
202400027763.0;1;75;75116;2;1;1.0;2.0;48.84053;2.254099;2024-05-21 10:50:00
202400027764.0;1;29;29007;1;1;1.0;7.0;48.43631358;-3.77292415;2024-04-12 19:40:00
202400027765.0;3;974;97411;1;9;1.0;6.0;-20.8774;55.40766;2024-09-01 20:55:00
202400027766.0;5;972;97209;2;1;1.0;6.0;14.61456;-61.04943;2024-01-21 21:00:00
202400027767.0;1;31;31027;1;1;1.0;2.0;43.330664;1.359311;2024-04-13 08:30:00
202400027768.0;1;971;97120;2;1;1.0;7.0;16.24883;-61.54646;2024-01-22 11:15:00
202400027769.0;1;974;97411;2;1;1.0;3.0;-20.88489;55.46003;2024-08-31 15:55:00
202400027770.0;1;75;75119;2;1;1.0;4.0;48.900606;2.373933;2024-05-21 07:15:00
202400027771.0;3;38;38463;2;2;1.0;7.0;45.156705;5.327817;2024-02-17 19:00:00
202400027772.0;5;971;97113;1;1;1.0;3.0;16.21815;-61.50914;2024-09-01 02:55:00
202400027773.0;5;971;97101;1;9;1.0;4.0;16.23375996;-61.52397394;2024-01-20 02:30:00
202400027774.0;1;38;38183;1;1;1.0;6.0;45.595483;5.59217;2024-04-13 10:51:00
202400027775.0;2;75;75118;2;1;1.0;2.0;48.900984;2.348038;2024-05-21 05:40:00
202400027776.0;5;971;97113;1;1;1.0;2.0;16.21836;-61.5068;2024-08-31 19:30:00
202400027777.0;5;95;95598;2;9;1.0;3.0;48.98786359;2.30094458;2024-01-22 22:17:00
202400027778.0;1;75;75112;2;3;2.0;6.0;48.846605;2.376678;2024-05-21 16:30:00
202400027779.0;1;2;2222;1;1;1.0;1.0;49.690624;3.47114;2024-04-13 10:45:00
202400027780.0;1;91;91434;2;1;7.0;6.0;48.66279;2.35821;2024-01-22 16:30:00
202400027781.0;1;971;97113;1;1;1.0;6.0;16.20832;-61.46618;2024-08-31 06:00:00
202400027782.0;5;75;75119;2;1;1.0;6.0;48.89128;2.3958;2024-05-21 13:10:00
202400027783.0;1;3;3155;2;1;1.0;6.0;46.729991;2.938958;2024-04-13 10:05:00
202400027784.0;1;91;91286;2;1;1.0;6.0;48.655172;2.391319;2024-01-22 10:20:00
202400027785.0;1;75;75119;2;1;1.0;6.0;48.889389;2.375003;2024-05-21 12:55:00
202400027786.0;1;91;91433;1;1;8.0;7.0;48.4462182;2.17586964;2024-01-21 16:13:00
202400027787.0;1;75;75117;2;1;8.0;2.0;48.879953;2.282626;2024-05-21 10:40:00
202400027788.0;1;15;15261;1;2;7.0;3.0;45.19983;2.378976;2024-04-13 10:00:00
202400027789.0;1;91;91477;2;9;1.0;2.0;48.70692;2.24347;2024-09-02 11:35:00
202400027790.0;1;85;85194;2;1;1.0;6.0;46.4939324;-1.7643181;2024-01-17 16:20:00
202400027791.0;1;75;75116;2;7;1.0;1.0;48.86469741;2.29418403;2024-05-21 11:55:00
202400027792.0;1;85;85191;2;6;2.0;3.0;46.67461;-1.42886;2024-01-22 09:00:00
202400027793.0;1;87;87085;2;3;1.0;3.0;45.87983003;1.30056202;2024-08-31 11:57:00
202400027794.0;1;26;26108;1;9;7.0;2.0;44.721525;5.008113;2024-04-13 17:00:00
202400027795.0;1;75;75115;2;1;1.0;6.0;48.838495;2.279563;2024-05-21 15:35:00
202400027796.0;1;84;84087;2;1;2.0;6.0;44.15984;4.82845;2024-01-22 15:30:00
202400027797.0;5;87;87085;2;1;1.0;3.0;45.82791;1.26114;2024-08-22 21:35:00
202400027798.0;1;75;75114;2;2;1.0;3.0;48.825474;2.302191;2024-05-20 14:30:00
202400027799.0;1;84;84007;2;1;1.0;1.0;43.95907;4.83205;2024-01-21 08:50:00
202400027800.0;1;84;84007;2;3;1.0;6.0;43.9302;4.8243;2024-09-02 12:00:00
202400027801.0;2;51;51454;2;1;2.0;1.0;49.25461;4.0258;2024-07-26 20:35:00
202400027802.0;1;54;54536;2;2;1.0;3.0;49.316492;5.914727;2024-04-13 12:00:00
202400027803.0;1;75;75113;2;3;1.0;3.0;48.819285;2.353226;2024-05-21 17:00:00
202400027804.0;1;30;30011;1;6;1.0;4.0;43.95914;4.74606;2024-01-20 16:40:00
202400027805.0;1;84;84092;2;1;1.0;6.0;43.95332;4.88052;2024-09-02 10:45:00
202400027806.0;5;50;50129;2;1;1.0;1.0;49.65611;-1.65271;2024-07-24 22:15:00
202400027807.0;2;45;45127;2;2;1.0;3.0;48.144506;2.767176;2024-04-12 20:10:00
202400027808.0;1;75;75112;2;1;1.0;6.0;48.843582;2.373963;2024-05-21 09:10:00
202400027809.0;1;84;84007;2;9;1.0;2.0;43.94186;4.83251;2024-09-01 13:10:00
202400027810.0;5;83;83126;2;2;1.0;3.0;43.09674654;5.86804551;2024-01-18 18:00:00
202400027811.0;1;16;16066;1;1;1.0;6.0;45.339749;-0.047486;2024-04-12 07:20:00
202400027812.0;1;83;83126;2;1;1.0;6.0;43.10106739;5.88797829;2024-09-02 13:00:00
202400027813.0;1;50;50129;2;2;1.0;3.0;49.63754;-1.56852;2024-07-24 16:35:00
202400027814.0;1;83;83126;2;1;1.0;6.0;43.10901;5.86134;2024-01-22 08:45:00
202400027815.0;1;16;16223;1;1;1.0;6.0;45.6699295;0.48563003;2024-04-13 16:30:00
202400027816.0;1;75;75111;2;3;1.0;3.0;48.858545;2.367896;2024-05-21 12:00:00
202400027817.0;1;82;82033;1;1;1.0;3.0;44.03336;1.1214;2024-09-02 08:05:00
202400027818.0;1;75;75110;2;3;1.0;2.0;48.87773;2.35159;2024-05-21 09:15:00
202400027819.0;1;47;47001;2;4;1.0;1.0;44.19763;0.6203;2024-07-26 06:30:00
202400027820.0;1;7;7101;1;2;1.0;3.0;44.393158;4.277195;2024-04-12 13:10:00
202400027821.0;5;78;78621;2;1;1.0;3.0;48.78501;1.98653;2024-09-01 23:15:00
202400027822.0;2;44;44162;2;1;1.0;6.0;47.21073;-1.62275;2024-07-25 05:55:00
202400027823.0;1;75;75109;2;2;1.0;6.0;48.871538;2.337186;2024-05-21 20:05:00
202400027824.0;1;7;7120;1;1;1.0;2.0;44.813948;4.266433;2024-04-12 13:00:00
202400027825.0;1;77;77372;2;9;7.0;3.0;48.8805707;2.68090739;2024-09-02 08:20:00
202400027826.0;1;75;75108;2;1;1.0;3.0;48.866156;2.319064;2024-05-21 15:42:00
202400027827.0;1;40;40281;2;1;1.0;5.0;43.86842;-0.48222;2024-07-23 13:20:00
202400027828.0;1;77;77258;2;6;1.0;1.0;48.8367;2.63854;2024-01-22 16:00:00
202400027829.0;5;75;75108;2;3;3.0;2.0;48.874004;2.297283;2024-05-21 00:25:00
202400027830.0;1;38;38185;2;2;1.0;6.0;45.18805;5.71895;2024-07-26 10:40:00
202400027831.0;1;76;76005;2;1;2.0;6.0;49.40097;1.12516;2024-01-21 09:10:00
202400027832.0;1;77;77186;1;2;1.0;1.0;48.41348;2.6452;2024-09-01 17:50:00
202400027833.0;1;21;21056;1;3;7.0;3.0;47.403952;5.18443;2024-04-12 17:40:00
202400027834.0;1;75;75107;2;1;1.0;4.0;48.858607;2.332209;2024-05-21 08:30:00
202400027835.0;5;33;33063;2;3;1.0;2.0;44.82987;-0.55986;2024-07-27 00:45:00
202400027836.0;1;76;76351;2;1;1.0;7.0;49.49677;0.12704;2024-01-22 11:35:00
202400027837.0;5;76;76351;2;2;1.0;3.0;49.5000584;0.12958414;2024-08-07 22:25:00
202400027838.0;1;40;40117;1;2;1.0;3.0;43.79225;-0.445268;2024-04-12 08:55:00
202400027839.0;5;75;75102;2;3;3.0;3.0;48.8717;2.341611;2024-05-21 00:03:00
202400027840.0;1;32;32013;1;1;1.0;3.0;43.65412;0.6098;2024-07-26 14:15:00
202400027841.0;5;76;76351;2;2;2.0;3.0;49.4933;0.11861;2024-01-22 07:50:00
202400027842.0;1;76;76351;2;3;1.0;7.0;49.4972;0.09816;2024-08-29 13:30:00
202400027843.0;1;94;94003;2;1;1.0;7.0;48.81232;2.32827;2024-05-21 14:30:00
202400027844.0;1;31;31555;2;1;1.0;7.0;43.65139991;1.4326212;2024-07-26 12:05:00
202400027845.0;1;4;4094;1;3;1.0;3.0;43.757656;5.907109;2024-04-12 17:25:00
202400027846.0;5;76;76351;2;4;1.0;3.0;49.51832;0.09577;2024-01-20 19:30:00
202400027847.0;1;76;76552;2;3;1.0;3.0;49.51127;0.08579;2024-08-30 19:45:00
202400027848.0;1;94;94076;2;1;1.0;6.0;48.79799;2.34746;2024-05-20 07:10:00
202400027849.0;1;29;29254;1;1;1.0;6.0;48.59311284;-3.84144017;2024-07-26 08:15:00
202400027850.0;1;30;30228;1;1;1.0;3.0;43.961584;4.334568;2024-04-12 15:50:00
202400027851.0;5;76;76351;2;2;1.0;7.0;49.50928;0.16665;2024-01-19 21:50:00
202400027852.0;1;94;94073;2;5;1.0;3.0;48.75952158;2.37197453;2024-05-21 13:05:00
202400027853.0;2;48;48190;1;1;1.0;6.0;44.811131;3.172034;2024-04-13 06:50:00
202400027854.0;5;74;74012;2;1;1.0;7.0;46.19643;6.23904;2024-09-02 20:55:00
202400027855.0;1;76;76351;2;3;1.0;6.0;49.49824;0.14804;2024-01-19 09:00:00
202400027856.0;1;27;27451;1;1;1.0;5.0;49.02777;1.11219;2024-07-26 10:00:00
202400027857.0;1;72;72003;2;1;1.0;6.0;47.96917;0.15968;2024-09-02 11:45:00
202400027858.0;1;13;13118;1;3;1.0;3.0;43.549077;5.243515;2024-04-12 17:10:00
202400027859.0;5;74;74012;2;6;1.0;6.0;46.1903;6.2332;2024-01-22 20:05:00
202400027860.0;1;72;72181;2;1;1.0;6.0;47.99315;0.19674;2024-09-01 08:15:00
202400027861.0;2;26;26252;1;9;1.0;2.0;44.85851;4.8913;2024-07-26 20:00:00
202400027862.0;1;94;94017;2;3;1.0;4.0;48.81262;2.5316;2024-05-13 17:15:00
202400027863.0;1;1;1049;1;1;1.0;6.0;45.835355;5.03464;2024-04-13 17:59:00
202400027864.0;1;93;93070;2;1;1.0;6.0;48.916217;2.330507;2024-05-21 11:10:00
202400027865.0;1;17;17380;1;1;1.0;1.0;45.65281;-1.12192;2024-07-26 16:50:00
202400027866.0;1;72;72181;2;6;1.0;3.0;48.00915;0.22679;2024-01-21 16:05:00
202400027867.0;1;69;69013;2;1;1.0;5.0;46.01905;4.72073;2024-09-02 10:25:00
202400027868.0;1;91;91679;1;1;1.0;1.0;48.73851;2.108388;2024-04-10 15:20:00
202400027869.0;2;67;67043;2;1;1.0;6.0;48.616465;7.752324;2024-08-30 20:50:00
202400027870.0;1;93;93064;2;1;2.0;3.0;48.877861;2.507465;2024-05-21 18:00:00
202400027871.0;1;49;49223;1;9;1.0;7.0;47.39323029;-0.54007095;2024-04-12 16:45:00
202400027872.0;1;72;72181;2;1;8.0;2.0;47.973599;0.215892;2024-01-21 12:40:00
202400027873.0;1;14;14225;2;1;1.0;2.0;49.2854;-0.110319;2024-07-23 18:00:00
202400027874.0;5;67;67482;2;3;1.0;7.0;48.54972;7.73421;2024-09-02 04:05:00
202400027875.0;1;93;93051;2;1;1.0;3.0;48.82947;2.57345;2024-05-21 14:10:00
202400027876.0;3;69;69266;2;1;2.0;6.0;45.78762;4.88163;2024-01-22 19:15:00
202400027877.0;1;972;97230;1;1;1.0;3.0;14.756893;-60.929146;2024-04-11 11:05:00
202400027878.0;1;14;14341;1;6;1.0;2.0;49.14561;-0.338;2024-07-22 18:40:00
202400027879.0;1;93;93074;1;1;1.0;7.0;48.93455;2.57668;2024-05-21 13:00:00
202400027880.0;2;66;66136;1;1;8.0;1.0;42.66713;2.89906;2024-09-01 06:55:00
202400027881.0;1;37;37072;1;1;1.0;6.0;47.182654;0.264874;2024-04-06 14:50:00
202400027882.0;5;69;69286;2;6;3.0;3.0;45.8294;4.90768;2024-01-22 18:00:00
202400027883.0;1;93;93074;2;1;1.0;2.0;48.93552129;2.56842703;2024-05-21 09:24:00
202400027884.0;5;13;13117;1;6;1.0;3.0;43.45396549;5.23223673;2024-07-26 01:26:00
202400027885.0;1;64;64445;2;3;1.0;6.0;43.30402;-0.37571;2024-09-01 19:45:00
202400027886.0;1;45;45085;2;1;1.0;1.0;47.834578;2.840824;2024-04-13 13:00:00
202400027887.0;1;93;93006;2;1;2.0;6.0;48.86494;2.417494;2024-05-21 17:45:00
202400027888.0;1;69;69275;2;3;2.0;6.0;45.77138;4.95819;2024-01-22 17:30:00
202400027889.0;5;13;13208;2;1;1.0;2.0;43.233;5.3584;2024-07-27 00:20:00
202400027890.0;1;64;64024;2;1;1.0;3.0;43.50165;-1.49551;2024-09-02 16:30:00
202400027891.0;5;69;69091;2;2;2.0;6.0;45.6018343;4.77062421;2024-01-22 19:00:00
202400027892.0;1;77;77034;1;3;7.0;6.0;48.57677;2.781193;2024-04-12 17:45:00
202400027893.0;1;93;93047;2;7;1.0;6.0;48.90146;2.57046;2024-05-21 11:45:00
202400027894.0;5;13;13206;2;2;1.0;3.0;43.29043;5.37578;2024-07-26 22:00:00
202400027895.0;5;2A;2A041;2;1;1.0;7.0;41.390397;9.170478;2024-04-09 20:10:00
202400027896.0;1;63;63212;1;3;1.0;3.0;45.88174573;3.09607923;2024-09-01 10:35:00
202400027897.0;1;67;67218;2;3;1.0;3.0;48.53151;7.71455;2024-01-21 15:35:00
202400027898.0;1;13;13208;2;1;1.0;1.0;43.25000845;5.38938972;2024-07-23 09:00:00
202400027899.0;1;93;93001;2;1;8.0;1.0;48.91644;2.39775;2024-05-21 17:45:00
202400027900.0;1;63;63113;2;1;1.0;3.0;45.76412;3.1234;2024-09-02 18:20:00
202400027901.0;1;66;66037;2;3;1.0;1.0;42.69844133;3.00822616;2024-04-13 11:30:00
202400027902.0;1;63;63113;2;1;8.0;2.0;45.78434217;3.06754053;2024-01-22 08:20:00
202400027903.0;1;13;13047;2;1;1.0;3.0;43.4942;4.99261;2024-07-26 18:40:00
202400027904.0;5;92;92051;2;9;1.0;3.0;48.8825062;2.26843983;2024-04-30 02:00:00
202400027905.0;1;61;61006;2;1;1.0;6.0;48.74602;-0.02143;2024-09-02 11:05:00
202400027906.0;1;92;92048;2;1;1.0;7.0;48.80886616;2.20592326;2024-05-21 20:15:00
202400027907.0;2;62;62498;2;3;2.0;5.0;50.43744742;2.84684515;2024-01-22 07:30:00
202400027908.0;1;30;30330;1;4;1.0;3.0;44.032494;4.00288;2024-04-13 14:45:00
202400027909.0;1;11;11069;2;1;1.0;5.0;43.22825444;2.33656373;2024-07-26 09:50:00
202400027910.0;5;59;59512;2;1;1.0;1.0;50.68387;3.19907;2024-09-02 21:40:00
202400027911.0;1;34;34199;1;1;1.0;7.0;43.486112;3.413647;2024-04-12 16:50:00
202400027912.0;3;60;60057;1;4;2.0;3.0;49.4663498;2.07432014;2024-01-22 19:00:00
202400027913.0;1;34;34202;1;1;1.0;4.0;43.585909;3.790605;2024-05-21 16:45:00
202400027914.0;1;11;11069;1;1;1.0;3.0;43.21373;2.29799;2024-07-25 19:10:00
202400027915.0;1;59;59350;2;2;1.0;6.0;50.630419;3.035105;2024-09-02 18:35:00
202400027916.0;1;59;59599;2;1;1.0;6.0;50.71659;3.15831;2024-01-22 15:10:00
202400027917.0;1;83;83112;2;1;1.0;6.0;43.179367;5.689335;2024-04-12 17:50:00
202400027918.0;1;2A;2A272;1;1;3.0;7.0;41.655122;8.924307;2024-05-20 17:20:00
202400027919.0;1;59;59327;1;1;4.0;7.0;50.38655;3.18065;2024-01-19 08:25:00
202400027920.0;1;11;11069;1;1;1.0;2.0;43.23356;2.36308;2024-07-25 10:10:00
202400027921.0;1;59;59009;2;2;1.0;3.0;50.61507;3.14105;2024-09-02 08:40:00
202400027922.0;1;54;54451;1;1;4.0;2.0;49.50536;5.75232;2024-01-22 11:33:00
202400027923.0;1;58;58214;1;1;1.0;1.0;47.079065;3.122386;2024-04-13 17:30:00
202400027924.0;1;30;30334;2;1;1.0;1.0;44.022161;4.4029;2024-05-22 15:50:00
202400027925.0;1;10;10387;2;2;2.0;3.0;48.29491;4.08184;2024-07-23 09:20:00
202400027926.0;1;51;51454;2;1;1.0;6.0;49.2466;4.0319;2024-09-02 09:10:00
202400027927.0;5;53;53130;2;1;1.0;1.0;48.06092038;-0.7846427;2024-01-22 18:55:00
202400027928.0;1;63;63470;1;1;1.0;7.0;45.84557578;3.00534403;2024-04-13 15:50:00
202400027929.0;1;6;6088;1;1;1.0;6.0;43.743222;7.249221;2024-07-26 10:55:00
202400027930.0;1;49;49323;2;1;3.0;7.0;47.49565081;-0.49884365;2024-08-31 11:41:00
202400027931.0;1;51;51454;2;9;1.0;7.0;49.268011;4.016762;2024-01-22 08:37:00
202400027932.0;1;83;83054;2;2;1.0;3.0;43.152428;6.043215;2024-05-22 17:40:00
202400027933.0;1;38;38072;2;1;1.0;7.0;45.311039;4.8273;2024-04-07 10:50:00
202400027934.0;3;49;49007;2;1;1.0;7.0;47.46267;-0.53225;2024-01-20 04:06:00
202400027935.0;5;49;49007;2;1;1.0;3.0;47.46308;-0.55225;2024-09-01 22:15:00
202400027936.0;1;6;6069;2;3;1.0;3.0;43.63963;6.94144;2024-07-26 16:40:00
202400027937.0;1;56;56231;1;1;3.0;6.0;47.678406;-2.65558;2024-05-21 15:25:00
202400027938.0;1;38;38138;1;1;1.0;7.0;45.734658;5.234476;2024-04-12 06:30:00
202400027939.0;1;49;49007;2;1;1.0;7.0;47.47624;-0.55201;2024-01-19 17:25:00
202400027940.0;1;6;6029;2;1;1.0;6.0;43.55278;7.02983;2024-07-26 09:45:00
202400027941.0;2;42;42103;2;1;1.0;2.0;45.50389;4.56911;2024-01-13 16:15:00
202400027942.0;5;42;42218;2;2;1.0;3.0;45.441427;4.416422;2024-09-02 05:00:00
202400027943.0;1;79;79216;1;2;2.0;3.0;46.270793;-0.334729;2024-05-21 12:30:00
202400027944.0;1;6;6123;2;1;1.0;3.0;43.65776;7.184909;2024-07-26 09:30:00
202400027945.0;1;69;69289;2;2;1.0;3.0;45.647363;5.014894;2024-04-13 10:50:00
202400027946.0;1;37;37122;2;6;3.0;2.0;47.34684123;0.6504693;2024-01-22 11:00:00
202400027947.0;1;39;39198;2;1;1.0;6.0;47.09889;5.505563;2024-08-31 12:30:00
202400027948.0;1;5;5061;2;1;1.0;6.0;44.56175;6.08328;2024-07-23 17:48:00
202400027949.0;1;35;35238;2;1;1.0;6.0;48.10183;-1.63328;2024-01-22 14:20:00
202400027950.0;3;81;81271;1;3;1.0;2.0;43.781575;1.675678;2024-04-13 01:20:00
202400027951.0;5;34;34172;2;1;1.0;6.0;43.60574;3.89356;2024-01-22 18:30:00
202400027952.0;1;32;32152;1;1;1.0;1.0;43.409864;0.14926;2024-05-22 15:10:00
202400027953.0;1;75;75112;2;1;1.0;4.0;48.845831;2.414445;2024-07-25 17:00:00
202400027954.0;1;16;16348;1;1;1.0;6.0;45.6702843;0.03506183;2024-04-13 17:25:00
202400027955.0;1;37;37233;2;3;1.0;2.0;47.39298498;0.70619738;2024-09-02 14:00:00
202400027956.0;5;33;33281;2;1;9.0;2.0;44.848204;-0.679401;2024-01-22 19:00:00
202400027957.0;1;42;42138;1;1;1.0;7.0;45.650356;4.350886;2024-05-21 10:45:00
202400027958.0;5;75;75115;2;1;1.0;3.0;48.825793;2.299593;2024-07-26 00:40:00
202400027959.0;1;56;56213;1;1;2.0;7.0;48.105139;-2.921129;2024-04-10 14:45:00
202400027960.0;1;37;37261;2;1;1.0;7.0;47.37894083;0.67986739;2024-09-01 16:55:00
202400027961.0;5;75;75120;2;1;1.0;6.0;48.861698;2.413912;2024-07-25 23:00:00
202400027962.0;1;46;46334;1;1;2.0;1.0;44.714145;1.443452;2024-05-21 17:30:00
202400027963.0;2;36;36202;1;1;1.0;6.0;46.77140642;1.66132959;2024-09-02 19:50:00
202400027964.0;1;75;75116;2;1;1.0;2.0;48.835006;2.261347;2024-07-25 17:05:00
202400027965.0;1;31;31555;1;1;1.0;4.0;43.56542;1.49381;2024-01-22 09:00:00
202400027966.0;1;13;13070;1;1;1.0;5.0;43.2852;5.5139;2024-04-10 18:20:00
202400027967.0;1;41;41237;1;2;1.0;1.0;47.402133;1.451086;2024-05-21 18:00:00
202400027968.0;1;35;35281;2;2;1.0;5.0;48.09088;-1.70465;2024-09-02 16:00:00
202400027969.0;5;29;29232;2;1;1.0;2.0;47.99269;-4.08961;2024-01-22 07:00:00
202400027970.0;1;33;33249;1;1;1.0;2.0;44.87937;-0.53416;2024-04-12 18:35:00
202400027971.0;1;34;34239;1;2;1.0;2.0;43.65418;3.532834;2024-05-19 10:50:00
202400027972.0;1;27;27229;2;1;1.0;6.0;49.018327;1.125708;2024-09-02 12:14:00
202400027973.0;2;75;75117;2;2;2.0;3.0;48.883295;2.301944;2024-07-26 19:40:00
202400027974.0;4;27;27299;2;1;2.0;1.0;49.056514;1.168032;2024-01-22 05:56:00
202400027975.0;1;33;33063;1;1;1.0;3.0;44.88013;-0.53871;2024-04-12 17:20:00
202400027976.0;1;25;25258;1;1;1.0;1.0;47.215611;5.916342;2024-05-19 13:15:00
202400027977.0;2;75;75119;2;1;2.0;6.0;48.895385;2.394802;2024-07-26 06:24:00
202400027978.0;3;91;91589;1;1;1.0;6.0;48.67292;2.34402;2024-04-12 06:00:00
202400027979.0;1;19;19031;2;2;2.0;3.0;45.16315;1.53752;2024-09-01 14:50:00
202400027980.0;1;35;35010;2;1;1.0;1.0;48.553229;-1.69714;2024-05-22 16:35:00
202400027981.0;5;75;75117;2;1;3.0;2.0;48.895609;2.308486;2024-07-26 00:50:00
202400027982.0;1;92;92047;1;1;1.0;3.0;48.8350422;2.17442129;2024-04-12 17:05:00
202400027983.0;1;29;29302;1;1;1.0;6.0;48.28390623;-4.11525442;2024-05-21 19:40:00
202400027984.0;5;19;19031;2;2;1.0;1.0;45.15739142;1.52370965;2024-08-31 21:25:00
202400027985.0;1;78;78646;1;1;1.0;3.0;48.792937;2.074505;2024-04-12 12:15:00
202400027986.0;1;75;75120;2;1;1.0;4.0;48.856344;2.413923;2024-07-25 14:15:00
202400027987.0;1;13;13210;2;1;1.0;1.0;43.27643;5.43725;2024-01-12 17:48:00
202400027988.0;2;78;78640;1;1;1.0;7.0;48.779733;2.191591;2024-04-12 06:40:00
202400027989.0;1;2;2583;1;1;7.0;1.0;49.445832;3.651672;2024-05-22 20:00:00
202400027990.0;2;13;13071;2;1;1.0;2.0;43.39055;5.31151;2024-09-02 19:30:00
202400027991.0;2;75;75113;2;1;1.0;6.0;48.834496;2.362147;2024-07-24 19:15:00
202400027992.0;2;13;13210;2;9;1.0;1.0;43.2762;5.4225;2024-01-22 18:00:00
202400027993.0;1;3;3109;1;1;3.0;7.0;46.12598;3.284641;2024-05-21 16:30:00
202400027994.0;5;13;13210;2;1;1.0;2.0;43.2678;5.4205;2024-01-22 18:15:00
202400027995.0;1;13;13214;2;1;1.0;3.0;43.32553;5.38071;2024-09-02 15:41:00
202400027996.0;1;75;75120;2;3;1.0;3.0;48.860608;2.409484;2024-07-26 13:30:00
202400027997.0;1;70;70122;1;1;1.0;1.0;47.620874;5.507541;2024-05-21 14:50:00
202400027998.0;1;78;78640;1;1;1.0;5.0;48.777713;2.219741;2024-04-11 17:00:00
202400027999.0;1;13;13204;2;3;1.0;3.0;43.29993104;5.40028589;2024-09-02 10:45:00
202400028000.0;1;58;58215;2;1;1.0;1.0;47.283181;2.96169;2024-05-21 20:30:00
202400028001.0;1;75;75110;2;2;1.0;6.0;48.883793;2.368589;2024-07-26 11:25:00
202400028002.0;1;13;13215;2;1;1.0;5.0;43.37533837;5.35791616;2024-01-22 17:15:00
202400028003.0;1;93;93010;1;1;1.0;5.0;48.89196501;2.47287972;2024-04-12 15:30:00
202400028004.0;1;13;13028;2;1;1.0;3.0;43.19437;5.59994;2024-09-02 10:20:00
202400028005.0;5;6;6138;2;1;1.0;6.0;43.506289;6.942793;2024-05-22 02:00:00
202400028006.0;1;13;13202;2;1;1.0;6.0;43.327;5.35694;2024-01-21 09:55:00
202400028007.0;5;75;75117;2;3;1.0;2.0;48.892121;2.317527;2024-07-25 22:50:00
202400028008.0;5;93;93066;1;1;1.0;2.0;48.91106829;2.35819085;2024-04-12 01:30:00
202400028009.0;1;13;13005;1;1;1.0;1.0;43.27544;5.58923;2024-08-29 17:00:00
202400028010.0;1;14;14735;1;3;1.0;3.0;48.9888662;-0.06360569;2024-05-16 12:30:00
202400028011.0;5;13;13004;2;2;1.0;3.0;43.6761;4.6419;2024-01-21 02:20:00
202400028012.0;1;75;75115;2;4;2.0;3.0;48.84225124;2.32105297;2024-07-26 10:30:00
202400028013.0;1;94;94065;1;1;1.0;3.0;48.75362032;2.36183147;2024-04-12 13:55:00
202400028014.0;1;12;12145;2;6;1.0;2.0;44.09553;3.07654;2024-09-02 13:32:00
202400028015.0;1;14;14676;1;1;1.0;2.0;49.295926;-0.636027;2024-05-17 16:15:00
202400028016.0;1;75;75114;2;9;2.0;3.0;48.82272;2.315104;2024-07-26 19:25:00
202400028017.0;1;75;75116;2;1;1.0;2.0;48.866524;2.268792;2024-09-02 12:50:00
202400028018.0;1;13;13001;1;9;8.0;3.0;43.54982906;5.45640318;2024-01-18 16:45:00
202400028019.0;5;976;97611;2;1;1.0;3.0;-12.80061;45.21566;2024-04-10 20:48:00
202400028020.0;1;14;14355;1;1;1.0;7.0;49.2757331;-0.49417197;2024-05-17 20:10:00
202400028021.0;1;75;75114;2;3;1.0;6.0;48.825753;2.314495;2024-07-26 18:00:00
202400028022.0;1;75;75106;2;4;1.0;6.0;48.843825;2.329148;2024-09-02 17:00:00
202400028023.0;1;7;7010;2;1;1.0;6.0;45.254641;4.669147;2024-05-21 18:50:00
202400028024.0;5;6;6088;2;3;1.0;3.0;43.71704;7.25865;2024-01-22 19:20:00
202400028025.0;1;75;75105;2;1;1.0;6.0;48.84997;2.342404;2024-09-01 16:30:00
202400028026.0;1;974;97411;2;1;8.0;3.0;-20.88769;55.48231;2024-04-11 08:05:00
202400028027.0;1;75;75110;2;3;1.0;6.0;48.879773;2.358664;2024-07-26 15:30:00
202400028028.0;1;6;6069;2;1;1.0;6.0;43.66525;6.9385;2024-01-22 15:15:00
202400028029.0;1;24;24259;1;1;1.0;1.0;44.925561;0.453712;2024-05-21 09:50:00
202400028030.0;1;974;97411;2;1;1.0;2.0;-20.87522;55.45435;2024-04-11 07:15:00
202400028031.0;1;75;75119;2;7;1.0;2.0;48.87816757;2.40938276;2024-09-02 10:15:00
202400028032.0;5;6;6069;2;1;1.0;7.0;43.63409;6.93934;2024-01-22 06:40:00
202400028033.0;1;94;94016;2;2;8.0;5.0;48.79;2.325;2024-07-26 16:10:00
202400028034.0;1;37;37270;1;3;1.0;3.0;47.43795171;0.85611391;2024-05-11 11:15:00