Num_Acc;lum;departement;commune;agglomeration;intersection;meteo;type_collision;lat;long;date
202400028035.0;1;974;97411;2;2;1.0;3.0;-20.88263;55.45769;2024-04-11 08:30:00
202400028036.0;1;75;75118;2;2;1.0;6.0;48.89788;2.344416;2024-09-02 09:10:00
202400028037.0;1;6;6123;2;1;1.0;5.0;43.6657152;7.19667;2024-01-21 17:30:00
202400028038.0;1;94;94028;2;1;2.0;2.0;48.77371;2.43525;2024-07-26 06:00:00
202400028039.0;1;6;6088;1;1;1.0;2.0;43.734577;7.242694;2024-05-21 08:03:00
202400028040.0;1;973;97302;2;1;1.0;6.0;4.93203947;-52.33079106;2024-04-11 17:50:00
202400028041.0;5;75;75116;2;1;1.0;6.0;48.85316444;2.22639978;2024-09-01 05:00:00
202400028042.0;1;27;27102;1;1;1.0;7.0;49.369478;0.770223;2024-05-22 13:20:00
202400028043.0;1;94;94002;2;2;2.0;6.0;48.814577;2.413801;2024-07-26 15:50:00
202400028044.0;1;2;2304;1;1;1.0;2.0;49.667092;3.366998;2024-01-08 12:00:00
202400028045.0;1;973;97302;2;1;1.0;1.0;4.93399;-52.30893;2024-04-11 14:40:00
202400028046.0;1;75;75115;2;7;1.0;3.0;48.832932;2.287241;2024-09-02 13:30:00
202400028047.0;1;77;77265;2;1;1.0;6.0;48.972962;3.180637;2024-05-17 17:40:00
202400028048.0;1;973;97302;2;1;1.0;6.0;4.93670169;-52.31468439;2024-04-11 07:56:00
202400028049.0;1;93;93078;2;4;1.0;6.0;48.96385;2.53733;2024-07-26 14:40:00
202400028050.0;1;75;75105;2;3;1.0;6.0;48.838035;2.351036;2024-01-21 12:36:00
202400028051.0;5;75;75112;2;1;1.0;2.0;48.832843;2.383154;2024-09-02 00:10:00
202400028052.0;1;30;30211;2;1;1.0;3.0;43.826776;4.48946;2024-05-21 18:42:00
202400028053.0;1;93;93046;2;1;2.0;2.0;48.917626;2.534257;2024-07-26 08:15:00
202400028054.0;1;75;75116;2;7;1.0;2.0;48.8608155;2.29126266;2024-01-22 15:30:00
202400028055.0;1;93;93048;2;1;2.0;3.0;48.85980461;2.4356246;2024-07-26 16:30:00
202400028056.0;3;71;71176;1;3;8.0;3.0;46.477399;4.076958;2024-05-21 22:40:00
202400028057.0;1;75;75110;2;7;1.0;3.0;48.882673;2.369854;2024-09-02 13:59:00
202400028058.0;5;75;75115;2;3;1.0;7.0;48.84425;2.3082;2024-01-22 17:40:00
202400028059.0;1;92;92064;2;1;2.0;7.0;48.84978001;2.21797943;2024-07-26 08:50:00
202400028060.0;1;42;42304;2;1;1.0;6.0;45.54682704;4.17101651;2024-05-21 12:20:00
202400028061.0;1;94;94046;2;3;1.0;3.0;48.80065;2.43066;2024-09-02 14:50:00
202400028062.0;1;14;14762;1;1;2.0;7.0;48.869034;-0.872357;2024-05-21 14:00:00
202400028063.0;1;75;75115;2;3;1.0;3.0;48.844432;2.317701;2024-01-22 15:45:00
202400028064.0;1;92;92063;2;1;3.0;7.0;48.87385355;2.18135767;2024-07-26 19:56:00
202400028065.0;1;22;22050;2;1;1.0;6.0;48.435182;-2.066119;2024-05-22 12:20:00
202400028066.0;5;94;94043;2;1;1.0;3.0;48.80859;2.36268;2024-09-02 22:00:00
202400028067.0;1;75;75112;2;3;8.0;6.0;48.85064;2.378819;2024-01-22 12:25:00
202400028068.0;1;92;92062;2;3;1.0;3.0;48.88534001;2.25096166;2024-07-26 12:40:00
202400028069.0;1;94;94038;2;1;1.0;6.0;48.76801;2.32398;2024-09-02 16:45:00
202400028070.0;1;60;60628;1;1;1.0;2.0;49.422855;2.150701;2024-04-15 18:39:00
202400028071.0;5;92;92036;1;2;1.0;3.0;48.9358321;2.27971941;2024-07-22 04:00:00
202400028072.0;1;13;13211;1;1;1.0;2.0;43.29192;5.42596;2024-05-21 09:35:00
202400028073.0;1;94;94054;2;9;1.0;1.0;48.7439;2.40049;2024-09-02 13:45:00
202400028074.0;1;92;92023;2;6;2.0;3.0;48.81129;2.27022;2024-07-26 18:00:00
202400028075.0;1;93;93059;2;9;1.0;2.0;48.97117;2.36611;2024-09-02 15:25:00
202400028076.0;1;69;69117;1;1;1.0;5.0;45.85241;4.74392;2024-04-27 14:30:00
202400028077.0;2;92;92012;2;1;2.0;7.0;48.84378857;2.24802303;2024-07-26 20:00:00
202400028078.0;1;93;93051;2;1;1.0;6.0;48.8398;2.54485;2024-09-02 11:25:00
202400028079.0;5;92;92036;2;1;1.0;2.0;48.91908;2.32151;2024-07-26 00:10:00
202400028080.0;3;59;59109;1;1;2.0;2.0;50.44187038;3.35456047;2024-05-17 21:58:00
202400028081.0;1;78;78356;1;1;1.0;7.0;48.740229;2.022943;2024-07-12 10:42:00
202400028082.0;1;93;93031;2;6;1.0;3.0;48.96173;2.2951;2024-09-02 07:30:00
202400028083.0;1;92;92002;1;1;1.0;3.0;48.73174747;2.30992913;2024-05-21 17:50:00
202400028084.0;1;37;37176;1;3;2.0;3.0;47.08090292;0.58257607;2024-07-27 12:45:00
202400028085.0;1;93;93029;2;1;1.0;1.0;48.91965366;2.45096776;2024-09-02 16:45:00
202400028086.0;1;91;91179;1;1;1.0;3.0;48.55278292;2.49355711;2024-05-21 18:40:00
202400028087.0;1;39;39210;1;1;1.0;6.0;46.756421;5.934391;2024-07-26 17:18:00
202400028088.0;1;94;94034;1;1;2.0;2.0;48.75888658;2.33719736;2024-05-21 09:35:00
202400028089.0;1;93;93027;2;3;1.0;1.0;48.93135522;2.37847307;2024-09-01 14:00:00
202400028090.0;1;11;11197;1;1;1.0;6.0;43.089647;2.184777;2024-07-27 15:20:00
202400028091.0;1;974;97415;1;1;1.0;1.0;-21.019838;55.24974;2024-07-26 13:45:00
202400028092.0;1;92;92073;2;1;1.0;7.0;48.87059831;2.23185271;2024-09-02 10:10:00
202400028093.0;1;92;92072;1;1;1.0;2.0;48.82239432;2.22235729;2024-05-19 21:00:00
202400028094.0;1;974;97415;1;1;1.0;6.0;-21.055632;55.260447;2024-07-26 13:51:00
202400028095.0;1;93;93008;1;1;1.0;2.0;48.91269278;2.43692633;2024-05-21 15:00:00
202400028096.0;1;92;92064;2;2;1.0;3.0;48.8493557;2.2109929;2024-09-02 14:25:00
202400028097.0;1;93;93063;1;1;1.0;7.0;48.87574517;2.44098062;2024-05-21 10:00:00
202400028098.0;1;8;8232;1;1;8.0;1.0;49.78335283;4.99414689;2024-07-26 18:30:00
202400028099.0;1;92;92050;2;1;1.0;6.0;48.88441551;2.21819714;2024-09-02 13:30:00
202400028100.0;2;92;92048;2;1;1.0;6.0;48.79888634;2.23311;2024-09-02 06:40:00
202400028101.0;1;92;92036;1;1;1.0;2.0;48.94122394;2.29162986;2024-05-21 11:30:00
202400028102.0;1;87;87076;1;1;1.0;6.0;46.017156;1.530704;2024-07-26 14:00:00
202400028103.0;1;93;93053;1;1;8.0;7.0;48.88417055;2.46205171;2024-05-21 07:20:00
202400028104.0;1;92;92040;2;1;1.0;3.0;48.8179432;2.25062102;2024-09-02 17:20:00
202400028105.0;1;93;93053;1;1;8.0;2.0;48.88390122;2.46883928;2024-05-21 08:00:00
202400028106.0;1;24;24372;2;6;1.0;1.0;45.1473456;0.52638888;2024-07-26 15:43:00
202400028107.0;1;92;92012;2;1;1.0;3.0;48.82715;2.25221;2024-09-02 19:15:00
202400028108.0;2;24;24367;1;1;1.0;7.0;45.15823143;0.34594059;2024-07-26 19:20:00
202400028109.0;1;95;95277;1;1;2.0;5.0;48.96803561;2.47785819;2024-05-20 16:00:00
202400028110.0;3;71;71090;2;1;1.0;6.0;46.209589;4.784006;2024-09-02 20:50:00
202400028111.0;2;17;17010;1;1;8.0;2.0;46.097638;-1.090736;2024-07-27 06:00:00
202400028112.0;1;50;50454;1;1;5.0;2.0;49.559395;-1.743649;2024-02-05 12:20:00
202400028113.0;1;85;85209;1;1;1.0;6.0;46.522751;-0.989263;2024-07-27 13:59:00
202400028114.0;1;976;97617;1;9;1.0;5.0;-12.791677;45.115625;2024-09-03 08:33:00
202400028115.0;2;50;50604;1;1;5.0;1.0;49.539274;-1.848578;2024-02-02 07:30:00
202400028116.0;3;50;50137;1;1;1.0;6.0;48.869161;-1.20075;2024-07-26 23:35:00
202400028117.0;1;11;11221;2;1;2.0;6.0;43.412678;2.29773;2024-09-01 19:30:00
202400028118.0;1;59;59560;2;3;1.0;3.0;50.550362;3.050171;2024-02-27 13:50:00
202400028119.0;2;57;57330;1;1;1.0;1.0;49.017966;6.979213;2024-07-26 05:12:00
202400028120.0;1;63;63084;1;1;2.0;7.0;45.705632;3.047413;2024-09-01 13:15:00
202400028121.0;1;47;47175;1;1;1.0;7.0;44.554087;0.721149;2024-09-01 12:45:00
202400028122.0;1;89;89291;1;2;1.0;1.0;48.115655;3.289011;2024-07-25 10:00:00
202400028123.0;1;19;19287;1;1;1.0;6.0;45.39735588;1.95895069;2024-07-26 16:15:00
202400028124.0;2;50;50579;1;1;1.0;3.0;49.531587;-1.591022;2024-01-27 18:30:00
202400028125.0;1;17;17407;2;2;1.0;3.0;46.171515;-1.003847;2024-08-28 16:45:00
202400028126.0;1;56;56082;1;1;1.0;6.0;47.967629;-2.489476;2024-07-26 20:11:00
202400028127.0;1;18;18256;1;1;1.0;7.0;47.408479;2.763308;2024-09-02 11:00:00
202400028128.0;5;976;97611;2;1;1.0;3.0;-12.78635;45.21265;2024-05-20 18:40:00
202400028129.0;1;79;79203;1;4;1.0;1.0;46.975787;-0.056305;2024-07-27 14:50:00
202400028130.0;1;974;97416;1;1;2.0;7.0;-21.32608226;55.48502254;2024-05-20 17:25:00
202400028131.0;1;31;31044;2;1;1.0;6.0;43.594694;1.49861;2024-09-02 19:35:00
202400028132.0;3;81;81276;1;1;1.0;6.0;43.91704182;1.69327835;2024-07-25 00:40:00
202400028133.0;5;973;97302;2;1;2.0;3.0;4.93283;-52.32679;2024-05-19 22:20:00
202400028134.0;1;69;69283;2;3;1.0;3.0;45.677862;4.952635;2024-09-02 15:25:00
202400028135.0;1;89;89433;1;1;1.0;2.0;47.503272;3.874354;2024-07-26 16:30:00
202400028136.0;5;69;69386;2;1;2.0;2.0;45.77477;4.8429;2024-05-20 01:40:00
202400028137.0;1;51;51530;2;9;1.0;3.0;49.153289;4.251462;2024-09-02 18:25:00
202400028138.0;1;63;63223;1;1;1.0;1.0;46.12102142;2.91303008;2024-07-26 18:40:00
202400028139.0;1;19;19019;2;1;1.0;7.0;44.978798;1.832399;2024-08-31 18:10:00
202400028140.0;1;69;69382;2;3;1.0;6.0;45.76264;4.83802;2024-05-20 14:40:00
202400028141.0;4;68;68215;1;1;1.0;7.0;47.624909;7.027602;2024-07-26 23:00:00
202400028142.0;1;19;19222;1;1;1.0;6.0;45.166299;1.997133;2024-09-02 10:45:00
202400028143.0;1;2B;2B033;1;9;2.0;3.0;42.6884;9.4283;2024-05-20 19:30:00
202400028144.0;1;29;29225;1;3;7.0;3.0;47.96064463;-4.34413294;2024-07-23 09:25:00
202400028145.0;5;95;95268;2;1;1.0;3.0;48.96585166;2.40854766;2024-05-20 00:16:00
202400028146.0;1;76;76291;2;2;1.0;2.0;49.721341;0.329188;2024-09-02 18:50:00
202400028147.0;1;2B;2B058;1;1;1.0;7.0;42.862313;9.334881;2024-08-14 14:50:00
202400028148.0;1;91;91687;2;1;1.0;2.0;48.6616;2.36356;2024-05-16 18:35:00
202400028149.0;1;33;33506;2;1;1.0;6.0;44.693977;-0.088797;2024-08-29 17:15:00
202400028150.0;1;2;2098;1;1;3.0;1.0;49.001212;3.34299;2024-07-27 10:45:00
202400028151.0;1;32;32213;2;1;8.0;6.0;43.48106;0.915846;2024-09-03 08:20:00
202400028152.0;1;11;11347;1;4;1.0;7.0;42.865417;2.226264;2024-09-02 14:45:00
202400028153.0;1;78;78190;2;1;3.0;1.0;48.878702;2.147395;2024-05-20 18:30:00
202400028154.0;1;9;9173;1;1;1.0;2.0;43.054182;1.585502;2024-07-27 18:00:00
202400028155.0;2;77;77350;1;1;5.0;7.0;48.74852;2.68324;2024-05-19 05:35:00
202400028156.0;1;63;63236;1;1;1.0;3.0;45.570674;2.820182;2024-09-02 17:35:00
202400028157.0;3;9;9174;2;1;1.0;6.0;43.006919;1.605538;2024-07-27 03:30:00
202400028158.0;3;45;45186;1;1;2.0;7.0;48.050829;2.530847;2024-07-27 02:48:00
202400028159.0;1;63;63455;2;4;2.0;1.0;45.666787;3.181435;2024-09-03 19:10:00
202400028160.0;1;77;77058;2;6;1.0;6.0;48.84541;2.73101;2024-05-20 11:05:00
202400028161.0;1;76;76618;1;1;1.0;6.0;49.934646;1.323643;2024-09-02 17:30:00
202400028162.0;1;64;64059;1;1;7.0;2.0;43.281814;-0.243534;2024-07-26 18:10:00
202400028163.0;1;61;61275;2;1;2.0;6.0;48.699766;0.284062;2024-09-02 15:30:00
202400028164.0;1;72;72181;2;2;1.0;2.0;47.9892;0.21539;2024-05-20 18:20:00
202400028165.0;1;7;7103;1;1;1.0;5.0;44.960406;4.349095;2024-07-27 15:50:00
202400028166.0;3;49;49008;1;1;3.0;6.0;47.565413;-0.972523;2024-09-01 04:25:00
202400028167.0;5;59;59421;2;2;1.0;3.0;50.7035;3.13665;2024-05-20 23:13:00
202400028168.0;2;49;49183;1;1;1.0;3.0;47.514498;-0.853538;2024-09-03 06:40:00
202400028169.0;1;7;7181;1;1;1.0;3.0;44.764877;4.75288;2024-07-27 11:00:00
202400028170.0;1;40;40312;2;1;1.0;6.0;43.547144;-1.488717;2024-07-10 20:30:00
202400028171.0;1;59;59650;2;1;1.0;3.0;50.708636;3.183318;2024-05-20 18:35:00
202400028172.0;1;1;1268;1;3;1.0;5.0;45.642983;5.684685;2024-09-03 14:30:00
202400028173.0;1;29;29150;1;1;2.0;7.0;47.777946;-3.616235;2024-09-02 19:15:00
202400028174.0;1;88;88468;2;1;1.0;1.0;47.880779;6.763469;2024-07-27 12:45:00
202400028175.0;5;46;46042;2;9;2.0;6.0;44.46359623;1.45494252;2024-05-11 00:15:00
202400028176.0;1;29;29192;1;1;1.0;1.0;48.63105621;-4.06353575;2024-09-03 10:55:00
202400028177.0;5;78;78455;1;9;3.0;1.0;48.85124;2.05018;2024-07-27 00:30:00
202400028178.0;1;35;35238;2;1;1.0;6.0;48.11283497;-1.71879441;2024-05-20 17:10:00
202400028179.0;1;31;31495;1;4;1.0;3.0;43.40706;1.573867;2024-08-21 12:10:00
202400028180.0;1;67;67115;1;1;2.0;2.0;48.308275;7.475952;2024-07-27 15:50:00
202400028181.0;3;33;33281;2;6;3.0;2.0;44.83325;-0.68752;2024-05-21 00:01:00
202400028182.0;1;31;31341;1;3;1.0;3.0;43.723762;1.258847;2024-09-02 18:00:00
202400028183.0;5;29;29151;2;1;1.0;6.0;48.574527;-3.823078;2024-05-08 01:35:00
202400028184.0;1;3;3106;1;1;1.0;3.0;46.257531;2.69768;2024-09-02 08:45:00
202400028185.0;1;66;66172;2;2;1.0;6.0;42.708315;2.847015;2024-07-26 10:45:00
202400028186.0;1;14;14701;2;1;1.0;2.0;49.32404;0.06603;2024-05-16 17:50:00
202400028187.0;1;15;15265;2;1;1.0;3.0;45.342504;2.434991;2024-09-02 13:15:00
202400028188.0;1;976;97606;2;1;1.0;6.0;-12.934477;45.150992;2024-07-26 15:00:00
202400028189.0;1;6;6038;1;1;1.0;3.0;43.67406;6.980463;2024-09-02 15:20:00
202400028190.0;1;13;13210;2;1;1.0;3.0;43.279;5.415;2024-05-20 12:00:00
202400028191.0;1;30;30034;1;1;1.0;2.0;43.73494179;4.46582954;2024-07-26 20:15:00
202400028192.0;1;64;64371;2;6;1.0;3.0;43.224696;-0.88831;2024-09-03 08:15:00
202400028193.0;1;6;6030;2;3;1.0;2.0;43.5651663;6.9648876;2024-05-20 14:15:00
202400028194.0;2;973;97305;1;1;1.0;2.0;4.931674;-52.399195;2024-07-27 06:10:00
202400028195.0;1;18;18219;1;2;1.0;3.0;47.209322;2.214904;2024-09-02 18:50:00
202400028196.0;3;971;97129;1;1;1.0;6.0;16.333669;-61.712898;2024-07-27 00:01:00
202400028197.0;1;6;6027;2;1;1.0;1.0;43.65854;7.14069;2024-05-20 12:00:00
202400028198.0;3;18;18087;1;2;1.0;7.0;46.886998;2.523508;2024-09-02 22:30:00
202400028199.0;5;5;5023;2;1;1.0;6.0;44.893184;6.640389;2024-05-19 22:40:00
202400028200.0;3;53;53007;1;1;1.0;6.0;48.11280393;-0.64898729;2024-09-02 01:35:00
202400028201.0;1;1;1451;1;2;2.0;3.0;46.25201;5.18319;2024-05-20 18:30:00
202400028202.0;1;971;97118;1;1;1.0;5.0;16.209894;-61.627078;2024-07-27 10:30:00
202400028203.0;2;24;24082;1;1;1.0;3.0;44.868283;1.281361;2024-09-02 20:30:00
202400028204.0;1;1;1053;2;1;1.0;7.0;46.2133;5.25509;2024-05-20 17:15:00
202400028205.0;1;27;27518;1;1;1.0;2.0;49.456172;0.544553;2024-09-03 15:00:00
202400028206.0;2;21;21515;2;3;1.0;7.0;47.315334;5.105896;2024-07-26 21:15:00
202400028207.0;1;75;75117;2;1;1.0;2.0;48.900645;2.32473;2024-05-17 15:50:00
202400028208.0;4;45;45315;1;1;2.0;6.0;47.728297;2.389891;2024-07-27 04:40:00
202400028209.0;1;75;75114;2;2;8.0;6.0;48.821906;2.325516;2024-05-20 20:40:00
202400028210.0;1;27;27302;1;1;1.0;6.0;49.214454;0.807368;2024-09-03 16:13:00
202400028211.0;1;91;91100;1;1;2.0;6.0;48.428774;2.299777;2024-07-26 09:50:00
202400028212.0;1;75;75108;2;3;8.0;7.0;48.874899;2.314376;2024-05-20 14:00:00
202400028213.0;1;66;66008;1;1;1.0;7.0;42.533825;2.990513;2024-07-27 12:00:00
202400028214.0;2;30;30294;1;1;1.0;2.0;44.151428;4.103734;2024-09-02 19:25:00
202400028215.0;1;94;94033;2;3;2.0;6.0;48.85369601;2.48189186;2024-05-20 18:00:00
202400028216.0;1;83;83068;1;1;1.0;1.0;43.273241;6.517822;2024-07-27 13:21:00
202400028217.0;1;93;93078;2;5;1.0;6.0;48.95473;2.55538;2024-05-20 15:00:00
202400028218.0;1;6;6157;1;1;1.0;7.0;43.756713;7.080345;2024-07-26 18:05:00
202400028219.0;2;93;93064;2;1;1.0;3.0;48.885512;2.486659;2024-05-20 06:23:00
202400028220.0;1;68;68301;1;1;1.0;2.0;47.68543;7.42687;2024-07-26 10:50:00
202400028221.0;1;48;48147;1;1;1.0;1.0;44.456085;3.528886;2024-09-02 17:15:00
202400028222.0;1;73;73290;1;1;1.0;7.0;45.228541;6.962188;2024-07-27 16:10:00
202400028223.0;1;72;72047;1;1;1.0;6.0;47.9224107;0.30134641;2024-09-03 08:00:00
202400028224.0;1;93;93046;2;3;2.0;3.0;48.90448;2.52197;2024-05-20 19:00:00
202400028225.0;3;64;64157;2;1;1.0;6.0;43.135668;-0.461061;2024-08-31 01:50:00
202400028226.0;3;73;73173;1;4;1.0;7.0;45.2187626;6.4219813;2024-07-20 03:10:00
202400028227.0;1;93;93008;2;1;1.0;3.0;48.90557;2.46459;2024-05-20 10:18:00
202400028228.0;1;42;42304;2;4;2.0;6.0;45.530335;4.18188;2024-07-27 18:15:00
202400028229.0;1;3;3021;1;9;1.0;4.0;46.11776188;3.1246943;2024-09-02 13:08:00
202400028230.0;1;93;93005;2;9;1.0;2.0;48.95785507;2.46425629;2024-05-20 16:05:00
202400028231.0;1;42;42147;2;7;1.0;6.0;45.611054;4.055184;2024-07-27 17:36:00
202400028232.0;1;92;92004;2;1;1.0;6.0;48.91425267;2.30008185;2024-05-20 12:15:00
202400028233.0;1;973;97309;2;3;1.0;3.0;4.902963;-52.273437;2024-09-03 15:00:00
202400028234.0;1;92;92002;2;1;1.0;6.0;48.75353361;2.30509973;2024-05-20 16:00:00
202400028235.0;5;57;57606;1;1;1.0;6.0;49.135859;6.701639;2024-08-13 20:17:00
202400028236.0;1;38;38349;2;1;7.0;4.0;45.318429;4.773305;2024-07-26 19:40:00
202400028237.0;5;91;91086;2;6;1.0;5.0;48.602212;2.372124;2024-05-20 23:05:00
202400028238.0;1;38;38565;2;1;1.0;3.0;45.298547;5.637462;2024-07-27 10:42:00
202400028239.0;3;34;34095;1;1;1.0;2.0;43.541954;3.78921;2024-09-02 23:30:00
202400028240.0;1;86;86257;1;1;2.0;3.0;46.873566;0.284716;2024-05-21 11:30:00
202400028241.0;1;1;1249;2;1;1.0;7.0;45.819435;4.947689;2024-07-27 18:00:00
202400028242.0;1;84;84045;1;1;1.0;7.0;44.264395;5.14541;2024-05-21 10:15:00
202400028243.0;5;73;73281;1;1;1.0;2.0;45.5783913;5.82134843;2024-09-02 07:20:00
202400028244.0;1;68;68162;2;1;1.0;7.0;48.138979;7.277402;2024-05-20 16:45:00
202400028245.0;3;28;28408;1;1;1.0;6.0;48.37883;1.888036;2024-09-02 02:23:00
202400028246.0;1;69;69255;1;1;1.0;1.0;45.75052514;4.62893236;2024-07-27 12:30:00
202400028247.0;1;972;97204;1;1;1.0;3.0;14.695693;-61.176724;2024-05-20 07:09:00
202400028248.0;3;987;98744;1;9;6.0;1.0;-22.433239;-151.366303;2024-09-01 00:15:00
202400028249.0;1;81;81104;1;1;1.0;7.0;43.777036;1.827099;2024-07-27 14:10:00
202400028250.0;4;23;23247;2;1;1.0;6.0;46.20174;1.757727;2024-05-20 22:30:00
202400028251.0;1;9;9251;1;1;1.0;6.0;43.069248;1.934726;2024-07-27 07:50:00
202400028252.0;1;77;77471;1;1;1.0;1.0;48.349804;2.46583;2024-09-02 16:46:00
202400028253.0;1;31;31476;1;1;1.0;6.0;43.291589;1.148922;2024-07-26 09:35:00
202400028254.0;2;52;52114;1;9;2.0;2.0;48.05650316;4.95631993;2024-05-20 21:30:00
202400028255.0;1;2A;2A247;2;3;1.0;3.0;41.560113;9.277015;2024-09-03 17:20:00
202400028256.0;1;54;54151;1;1;1.0;3.0;49.485075;5.735184;2024-05-20 17:40:00
202400028257.0;1;66;66171;2;6;1.0;3.0;42.618869;3.009648;2024-09-02 14:30:00
202400028258.0;2;33;33077;1;1;1.0;1.0;44.59532678;-0.56089913;2024-07-26 06:50:00
202400028259.0;1;14;14061;1;2;1.0;6.0;48.91718;-0.929995;2024-05-19 16:40:00
202400028260.0;5;6;6021;2;1;1.0;6.0;43.862227;7.187966;2024-08-27 19:48:00
202400028261.0;3;33;33382;1;1;1.0;6.0;45.12981;-0.522221;2024-07-26 21:33:00
202400028262.0;1;41;41114;1;1;1.0;2.0;47.751433;1.543699;2024-05-20 10:15:00
202400028263.0;1;25;25047;2;3;1.0;2.0;47.349502;6.35572;2024-09-02 17:15:00
202400028264.0;1;88;88321;2;1;1.0;1.0;48.357076;5.688279;2024-09-01 19:46:00
202400028265.0;1;62;62043;1;1;1.0;1.0;50.90016114;1.95836326;2024-05-20 15:00:00
202400028266.0;1;27;27312;2;2;2.0;3.0;49.045351;1.308961;2024-07-26 19:30:00
202400028267.0;1;1;1032;2;1;1.0;3.0;45.849561;5.122654;2024-09-03 09:40:00
202400028268.0;2;95;95056;1;1;3.0;2.0;49.08143793;2.35483028;2024-05-20 19:00:00
202400028269.0;1;51;51607;2;9;1.0;2.0;48.948495;3.621122;2024-05-21 13:50:00
202400028270.0;1;46;46102;2;3;1.0;6.0;44.607907;2.028428;2024-09-03 17:20:00
202400028271.0;1;83;83144;1;1;1.0;2.0;43.13561064;5.99192274;2024-07-26 14:40:00
202400028272.0;2;56;56035;1;1;2.0;6.0;47.841794;-2.316313;2024-05-20 20:10:00
202400028273.0;3;46;46055;1;1;1.0;7.0;44.585516;2.078648;2024-08-24 03:15:00
202400028274.0;1;42;42044;1;1;1.0;2.0;45.3903;4.3139;2024-07-22 17:00:00
202400028275.0;3;56;56197;1;1;2.0;6.0;47.892464;-2.467327;2024-05-20 00:10:00
202400028276.0;2;92;92072;1;1;2.0;7.0;48.82701466;2.2242259;2024-07-26 20:55:00
202400028277.0;3;13;13210;1;1;1.0;2.0;43.28433;5.40409;2024-09-01 22:47:00
202400028278.0;1;2B;2B043;1;1;1.0;3.0;42.764776;9.467967;2024-05-21 14:10:00
202400028279.0;1;92;92050;1;1;8.0;7.0;48.9144637;2.21961284;2024-07-26 18:20:00
202400028280.0;3;69;69259;1;1;1.0;6.0;45.7174415;4.86022711;2024-09-02 03:00:00
202400028281.0;1;92;92025;1;1;2.0;6.0;48.93542176;2.2605831;2024-07-26 07:35:00
202400028282.0;1;71;71248;2;3;1.0;3.0;46.56054;4.92922;2024-05-21 10:45:00
202400028283.0;1;33;33192;1;1;1.0;3.0;44.780756;-0.637781;2024-09-02 12:50:00
202400028284.0;1;95;95018;1;1;2.0;6.0;48.95204423;2.27986403;2024-07-26 19:15:00
202400028285.0;1;61;61214;2;1;1.0;6.0;48.760743;0.639218;2024-05-21 10:55:00
202400028286.0;2;94;94069;1;1;3.0;6.0;48.81661087;2.44867515;2024-07-26 20:30:00
202400028287.0;1;95;95582;1;1;8.0;3.0;48.97105157;2.24878136;2024-08-31 08:00:00
202400028288.0;1;49;49367;1;3;2.0;2.0;47.574619;-0.732495;2024-05-20 19:00:00
202400028289.0;1;77;77294;1;1;1.0;6.0;48.9724;2.575254;2024-07-26 13:40:00
202400028290.0;1;93;93027;1;1;1.0;5.0;48.92460473;2.39061534;2024-08-31 11:50:00
202400028291.0;1;42;42149;2;1;8.0;1.0;45.649328;4.232376;2024-05-20 19:05:00
202400028292.0;1;974;97416;1;1;1.0;2.0;-21.35922;55.53593;2024-07-25 08:30:00
202400028293.0;1;34;34219;2;1;1.0;7.0;43.529688;2.830575;2024-05-20 09:35:00
202400028294.0;1;94;94069;1;1;1.0;2.0;48.81740557;2.42988727;2024-09-02 08:57:00
202400028295.0;1;35;35188;2;3;2.0;7.0;48.135693;-1.955851;2024-05-20 17:20:00
202400028296.0;3;93;93051;1;1;1.0;2.0;48.83537225;2.57202249;2024-09-02 06:05:00
202400028297.0;1;973;97302;2;3;1.0;3.0;4.92415;-52.30198;2024-07-25 09:40:00
202400028298.0;1;35;35169;2;1;9.0;6.0;47.983631;-2.042556;2024-05-20 20:35:00
202400028299.0;2;84;84133;2;1;1.0;6.0;43.724684;5.543633;2024-04-13 07:50:00
202400028300.0;1;69;69386;2;2;1.0;3.0;45.77083;4.84566;2024-07-25 20:50:00
202400028301.0;1;54;54040;1;1;1.0;7.0;48.49441913;6.92919731;2024-05-20 14:25:00
202400028302.0;1;84;84062;1;2;1.0;3.0;43.882227;5.102908;2024-04-01 17:15:00
202400028303.0;1;69;69388;2;2;1.0;3.0;45.73119;4.86618;2024-07-25 16:45:00
202400028304.0;1;14;14191;2;1;1.0;7.0;49.329587;-0.456882;2024-05-21 08:25:00
202400028305.0;5;84;84003;2;1;1.0;6.0;43.874092;5.387716;2024-02-18 22:00:00
202400028306.0;1;972;97209;2;1;1.0;2.0;14.61608;-61.04361;2024-07-25 12:00:00
202400028307.0;1;36;36169;1;1;1.0;3.0;46.777713;2.051761;2024-05-19 16:00:00
202400028308.0;1;84;84003;2;3;1.0;2.0;43.875967;5.38528;2024-01-24 14:15:00
202400028309.0;1;69;69389;2;2;1.0;3.0;45.76796;4.80107;2024-07-25 20:35:00
202400028310.0;1;7;7308;2;9;3.0;3.0;45.189795;4.796112;2024-05-20 20:30:00
202400028311.0;1;69;69385;2;2;1.0;1.0;45.7518;4.80889;2024-07-25 11:10:00
202400028312.0;1;53;53126;1;1;1.0;2.0;48.327638;-0.950511;2024-05-21 18:15:00
202400028313.0;5;987;98735;2;1;2.0;7.0;-17.54055826;-149.56809282;2024-08-30 23:40:00
202400028314.0;1;971;97113;1;1;1.0;3.0;16.2414;-61.49408;2024-07-25 16:35:00
202400028315.0;5;37;37001;1;1;1.0;6.0;46.96140128;0.70545807;2024-05-18 22:50:00
202400028316.0;1;69;69385;2;2;1.0;3.0;45.76408;4.79089;2024-09-01 18:15:00