Num_Acc;lum;departement;commune;agglomeration;intersection;meteo;type_collision;lat;long;date
202400028317.0;2;80;80754;1;1;1.0;6.0;49.813675;1.935654;2024-05-20 21:05:00
202400028318.0;1;971;97105;2;1;1.0;3.0;15.996;-61.72718;2024-07-24 14:40:00
202400028319.0;1;95;95183;2;3;1.0;3.0;49.04820714;2.00550109;2024-09-01 19:15:00
202400028320.0;2;88;88327;1;1;8.0;6.0;48.315649;6.368471;2024-05-05 05:45:00
202400028321.0;5;2A;2A004;2;3;1.0;1.0;41.92638081;8.73830304;2024-07-25 21:00:00
202400028322.0;1;13;13051;1;1;1.0;2.0;43.547646;5.155549;2024-05-21 14:20:00
202400028323.0;1;95;95268;2;1;1.0;6.0;48.97169716;2.41584018;2024-07-25 13:45:00
202400028324.0;1;91;91649;1;1;1.0;1.0;48.546728;2.348661;2024-05-20 19:40:00
202400028325.0;1;91;91589;2;1;1.0;3.0;48.68711;2.35436;2024-09-01 17:50:00
202400028326.0;1;91;91174;2;1;1.0;3.0;48.61599;2.46583;2024-07-25 19:00:00
202400028327.0;1;53;53113;1;1;8.0;7.0;48.255256;-0.443122;2024-05-21 08:30:00
202400028328.0;1;91;91687;1;1;1.0;6.0;48.66596;2.36277;2024-09-01 12:13:00
202400028329.0;1;91;91174;2;9;1.0;3.0;48.59368;2.47607;2024-07-25 11:00:00
202400028330.0;5;6;6150;1;1;1.0;1.0;43.741088;7.384572;2024-05-21 08:00:00
202400028331.0;5;971;97106;1;1;1.0;1.0;16.094207;-61.769069;2024-05-15 19:25:00
202400028332.0;1;91;91589;2;3;1.0;3.0;48.68275;2.348034;2024-08-31 12:55:00
202400028333.0;1;89;89024;2;1;1.0;6.0;47.79616;3.58135;2024-07-24 09:40:00
202400028334.0;1;87;87085;2;1;1.0;7.0;45.8502;1.25469;2024-07-24 20:20:00
202400028335.0;1;91;91174;2;3;1.0;6.0;48.612;2.47423;2024-09-01 17:30:00
202400028336.0;1;91;91540;2;1;1.0;6.0;48.54864;2.1278;2024-05-21 07:15:00
202400028337.0;1;30;30011;2;1;1.0;7.0;43.9359;4.7506;2024-09-01 12:30:00
202400028338.0;1;87;87085;2;1;1.0;6.0;45.83249;1.258;2024-07-24 16:24:00
202400028339.0;1;85;85191;2;9;1.0;6.0;46.67779;-1.43083;2024-07-25 19:00:00
202400028340.0;1;11;11066;1;1;1.0;5.0;42.797416;1.922178;2024-05-21 15:15:00
202400028341.0;5;78;78350;1;2;1.0;3.0;48.84688;2.10922;2024-09-01 02:20:00
202400028342.0;5;67;67218;2;1;1.0;6.0;48.54051905;7.72732884;2024-09-01 21:30:00
202400028343.0;1;85;85191;2;2;1.0;3.0;46.68084;-1.43046;2024-07-25 17:15:00
202400028344.0;1;83;83042;2;2;1.0;1.0;43.245297;6.53392;2024-05-19 10:45:00
202400028345.0;1;52;52401;1;1;1.0;7.0;48.03952;5.25865;2024-05-20 12:00:00
202400028346.0;5;67;67447;2;1;1.0;6.0;48.61144;7.7509;2024-09-01 20:15:00
202400028347.0;1;57;57474;2;6;1.0;2.0;49.259718;6.159838;2024-05-18 20:00:00
202400028348.0;1;84;84007;2;9;1.0;3.0;43.9514;4.82733;2024-07-24 14:00:00
202400028349.0;1;57;57408;2;1;1.0;2.0;49.15620546;6.99025975;2024-05-20 14:50:00
202400028350.0;1;67;67218;1;3;1.0;3.0;48.5317;7.70809;2024-09-01 17:00:00
202400028351.0;1;84;84007;2;1;1.0;2.0;43.92969;4.86557;2024-07-24 09:40:00
202400028352.0;1;57;57620;1;1;1.0;1.0;49.203579;5.995059;2024-05-20 12:40:00
202400028353.0;1;83;83137;2;1;1.0;3.0;43.12919;5.92453;2024-07-25 18:10:00
202400028354.0;1;73;73030;2;3;1.0;3.0;45.56357505;5.98177828;2024-05-20 15:45:00
202400028355.0;1;65;65226;2;1;1.0;4.0;43.23825972;0.03884323;2024-08-30 15:10:00
202400028356.0;1;77;77373;2;1;1.0;3.0;48.8031;2.61109;2024-07-25 20:45:00
202400028357.0;1;26;26116;1;1;1.0;7.0;44.412279;4.69716;2024-05-20 15:15:00
202400028358.0;1;64;64122;2;1;1.0;2.0;43.47679;-1.55207;2024-09-01 14:00:00
202400028359.0;1;77;77058;2;3;1.0;3.0;48.83185;2.7176;2024-07-25 16:45:00
202400028360.0;1;17;17164;1;3;2.0;3.0;45.769951;-0.618008;2024-05-12 11:20:00
202400028361.0;5;62;62498;2;9;1.0;3.0;50.4431;2.80299;2024-09-01 22:40:00
202400028362.0;3;76;76640;2;4;2.0;3.0;49.27267;1.03936;2024-07-25 22:00:00
202400028363.0;1;62;62386;2;2;1.0;3.0;50.45388;2.73021;2024-09-01 07:30:00
202400028364.0;1;64;64304;2;3;2.0;6.0;43.491211;-1.38299;2024-05-13 18:00:00
202400028365.0;1;76;76351;2;3;1.0;7.0;49.49996;0.17153;2024-07-24 15:20:00
202400028366.0;1;62;62457;2;9;1.0;3.0;50.45598;2.52828;2024-08-31 10:05:00
202400028367.0;1;29;29288;1;3;1.0;3.0;48.55943712;-4.29228637;2024-05-18 15:05:00
202400028368.0;5;76;76351;2;3;2.0;7.0;49.5147;0.1538;2024-07-23 02:35:00
202400028369.0;1;62;62119;2;3;3.0;1.0;50.51915;2.63965;2024-08-31 16:45:00
202400028370.0;1;56;56260;2;2;8.0;3.0;47.64624;-2.78008;2024-08-31 10:55:00
202400028371.0;1;76;76122;1;2;1.0;3.0;49.826232;1.530447;2024-05-21 17:30:00
202400028372.0;1;72;72181;2;2;1.0;3.0;48.00405;0.19971;2024-07-24 15:30:00
202400028373.0;5;50;50502;2;1;1.0;3.0;49.11464;-1.09552;2024-08-31 23:47:00
202400028374.0;3;80;80064;1;1;2.0;7.0;49.797167;2.603223;2024-04-20 15:39:00
202400028375.0;1;71;71499;2;1;1.0;7.0;46.665;4.2926;2024-07-25 16:45:00
202400028376.0;1;49;49007;1;1;1.0;6.0;47.46816;-0.5858;2024-09-01 10:48:00
202400028377.0;1;62;62881;1;1;1.0;6.0;50.21709;2.173485;2024-05-20 18:00:00
202400028378.0;1;69;69266;2;3;1.0;6.0;45.78147;4.88641;2024-07-25 17:45:00
202400028379.0;5;45;45338;2;2;1.0;3.0;47.981128;2.716368;2024-09-01 21:41:00
202400028380.0;1;69;69290;2;1;1.0;4.0;45.69954;4.93602;2024-07-24 08:35:00
202400028381.0;5;44;44109;2;9;3.0;6.0;47.20054;-1.57829;2024-09-01 05:50:00
202400028382.0;5;68;68066;2;1;1.0;3.0;48.079805;7.327739;2024-07-25 23:11:00
202400028383.0;1;67;67482;2;1;1.0;3.0;48.56945;7.76326;2024-07-25 10:50:00
202400028384.0;1;34;34301;2;2;1.0;3.0;43.4102;3.69743;2024-09-01 11:00:00
202400028385.0;1;67;67482;2;1;1.0;3.0;48.57021;7.75094;2024-07-24 13:00:00
202400028386.0;1;67;67462;1;1;1.0;5.0;48.236063;7.480177;2024-07-24 09:37:00
202400028387.0;1;65;65286;2;1;1.0;2.0;43.10603909;-0.04067347;2024-07-24 13:30:00
202400028388.0;1;64;64445;2;1;1.0;6.0;43.29543626;-0.36788374;2024-07-24 14:15:00
202400028389.0;1;64;64122;2;6;1.0;3.0;43.48098;-1.54069;2024-07-25 21:00:00
202400028390.0;1;64;64122;2;1;1.0;2.0;43.45949;-1.53946;2024-07-25 11:40:00
202400028391.0;5;64;64125;2;1;1.0;1.0;43.45645;-1.57255;2024-07-24 00:55:00
202400028392.0;1;63;63113;2;2;1.0;3.0;45.78332;3.10241;2024-07-25 10:50:00
202400028393.0;2;59;59368;2;2;2.0;3.0;50.65848;3.07647;2024-07-25 20:40:00
202400028394.0;1;59;59009;2;1;1.0;1.0;50.61978;3.1396;2024-07-24 18:00:00
202400028395.0;1;59;59566;2;6;1.0;6.0;50.62487;2.98443;2024-07-24 13:50:00
202400028396.0;1;58;58194;2;3;1.0;2.0;46.98939;3.16285;2024-07-25 16:00:00
202400028397.0;1;56;56260;2;6;1.0;3.0;47.67694;-2.77436;2024-07-25 12:40:00
202400028398.0;4;56;56162;2;1;1.0;7.0;47.73643;-3.42798;2024-07-25 02:24:00
202400028399.0;1;54;54395;2;2;1.0;3.0;48.70168;6.17157;2024-07-25 06:00:00
202400028400.0;1;54;54395;2;5;1.0;1.0;48.69167;6.19251;2024-07-24 18:20:00
202400028401.0;3;54;54575;1;1;1.0;6.0;49.47303;5.80638;2024-07-25 22:55:00
202400028402.0;1;52;52121;2;1;1.0;6.0;48.12623094;5.15492141;2024-07-22 11:30:00
202400028403.0;1;50;50647;2;1;2.0;3.0;48.839284;-1.553107;2024-07-25 18:20:00
202400028404.0;1;48;48095;2;4;1.0;7.0;44.51765;3.49657;2024-07-25 11:55:00
202400028405.0;1;45;45285;2;1;1.0;6.0;47.897117;1.859814;2024-07-25 09:45:00
202400028406.0;1;44;44109;2;1;1.0;2.0;47.19265917;-1.61347568;2024-07-24 16:00:00
202400028407.0;1;94;94056;2;1;8.0;6.0;48.69697;2.57058;2024-10-07 07:40:00
202400028408.0;1;42;42207;2;2;1.0;3.0;45.46435;4.5034;2024-07-25 11:23:00
202400028409.0;2;93;93066;2;9;8.0;2.0;48.94304457;2.36359252;2024-10-07 07:00:00
202400028410.0;1;38;38421;2;1;1.0;3.0;45.18314;5.75702;2024-07-24 14:11:00
202400028411.0;1;93;93066;2;1;2.0;5.0;48.92756;2.35678;2024-10-06 14:43:00
202400028412.0;1;36;36044;2;1;1.0;6.0;46.81132;1.69323;2024-07-24 15:12:00
202400028413.0;5;93;93048;1;6;2.0;3.0;48.86253102;2.45520813;2024-10-07 01:50:00
202400028414.0;1;35;35238;2;1;1.0;6.0;48.10581;-1.67764;2024-07-25 07:00:00
202400028415.0;1;93;93050;2;1;2.0;1.0;48.86584;2.52332;2024-10-07 13:05:00
202400028416.0;1;93;93010;2;2;1.0;6.0;48.89054;2.4959;2024-10-07 08:10:00
202400028417.0;3;35;35051;1;1;5.0;6.0;48.15335;-1.59645;2024-07-25 04:35:00
202400028418.0;1;92;92022;2;1;8.0;7.0;48.81347887;2.1949406;2024-10-07 13:20:00
202400028419.0;1;34;34172;2;1;1.0;6.0;43.62895;3.8569;2024-07-25 13:35:00
202400028420.0;1;92;92072;2;1;7.0;6.0;48.82271089;2.20887959;2024-10-07 08:30:00
202400028421.0;5;92;92049;2;3;2.0;3.0;48.81325955;2.32583731;2024-10-07 19:40:00
202400028422.0;1;33;33318;2;1;1.0;3.0;44.809906;-0.621725;2024-07-25 14:50:00
202400028423.0;5;92;92036;2;8;1.0;1.0;48.93327297;2.30165452;2024-10-05 20:28:00
202400028424.0;1;92;92026;2;2;1.0;3.0;48.90320228;2.26694673;2024-10-07 08:21:00
202400028425.0;1;33;33281;2;1;1.0;4.0;44.84466;-0.67495;2024-07-25 09:30:00
202400028426.0;1;92;92032;2;3;8.0;3.0;48.7844797;2.29180992;2024-10-07 08:50:00
202400028427.0;5;92;92002;2;1;2.0;3.0;48.73621614;2.28204019;2024-10-07 19:20:00
202400028428.0;1;33;33529;2;6;1.0;3.0;44.63012;-1.15431;2024-07-25 16:45:00
202400028429.0;1;59;59594;2;1;1.0;1.0;50.490979;3.451496;2024-10-07 10:50:00
202400028430.0;3;63;63425;1;1;3.0;1.0;45.67665478;3.1269512;2024-10-07 18:25:00
202400028431.0;1;21;21021;1;1;1.0;4.0;47.337344;5.165868;2024-10-05 13:55:00
202400028432.0;1;31;31555;2;1;1.0;3.0;43.56538419;1.41049421;2024-07-25 11:05:00
202400028433.0;1;81;81156;2;1;1.0;2.0;43.916774;2.033157;2024-10-07 16:00:00
202400028434.0;1;34;34114;1;1;3.0;6.0;43.644253;3.562757;2024-10-07 16:30:00
202400028435.0;1;31;31555;2;1;7.0;2.0;43.5840462;1.46167785;2024-07-24 16:25:00
202400028436.0;1;80;80006;1;2;1.0;3.0;50.178998;1.936955;2024-10-07 16:00:00
202400028437.0;3;61;61414;1;1;1.0;6.0;48.531597;0.523213;2024-08-13 02:35:00
202400028438.0;1;22;22229;1;1;1.0;3.0;48.268323;-3.229433;2024-10-05 16:35:00
202400028439.0;1;44;44015;1;1;1.0;1.0;47.454868;-1.795624;2024-10-08 09:10:00
202400028440.0;1;1;1266;2;3;1.0;3.0;46.336034;5.125937;2024-10-07 10:05:00
202400028441.0;1;14;14177;2;1;1.0;2.0;49.212042;0.215297;2024-10-03 14:30:00
202400028442.0;2;45;45148;2;1;1.0;6.0;48.104119;2.773957;2024-10-08 07:49:00
202400028443.0;1;43;43187;1;3;1.0;1.0;45.15956672;3.82871021;2024-10-07 14:38:00
202400028444.0;3;53;53143;1;1;2.0;7.0;47.959554;-0.654706;2024-10-06 02:30:00
202400028445.0;5;40;40313;2;1;1.0;6.0;43.832952;-0.807163;2024-10-07 21:10:00
202400028446.0;1;85;85221;2;1;1.0;6.0;46.907719;-1.996406;2024-10-06 17:20:00
202400028447.0;2;1;1033;1;1;1.0;3.0;46.160431;5.778455;2024-10-04 18:35:00
202400028448.0;1;83;83023;1;1;1.0;1.0;43.3537775;6.08967131;2024-10-03 13:15:00
202400028449.0;1;48;48004;1;1;2.0;6.0;44.474032;3.860857;2024-10-07 13:20:00
202400028450.0;1;13;13041;1;1;1.0;1.0;43.465079;5.468949;2024-10-07 11:45:00
202400028451.0;1;21;21295;2;1;2.0;3.0;47.228822;4.991122;2024-10-07 17:40:00
202400028452.0;5;57;57271;2;1;2.0;5.0;49.103376;6.798531;2024-10-07 20:00:00
202400028453.0;1;1;1386;1;3;1.0;1.0;45.884108;5.345267;2024-10-07 18:30:00
202400028454.0;1;69;69068;2;1;8.0;1.0;45.844842;4.818996;2024-10-07 13:25:00
202400028455.0;3;81;81070;1;1;5.0;2.0;43.803237;1.774818;2024-10-08 06:30:00
202400028456.0;1;33;33056;2;1;1.0;7.0;44.909029;-0.623203;2024-10-08 09:10:00
202400028457.0;3;44;44047;1;1;2.0;2.0;47.243117;-1.670212;2024-10-04 06:05:00
202400028458.0;1;29;29161;1;1;1.0;6.0;47.90120116;-4.02917147;2024-09-19 16:00:00
202400028459.0;1;83;83090;1;1;1.0;2.0;43.12199255;5.83105057;2024-09-24 17:55:00
202400028460.0;3;33;33023;1;1;2.0;5.0;44.69765815;-0.49913712;2024-10-06 05:55:00
202400028461.0;1;59;59560;1;1;1.0;2.0;50.53732;3.05077;2024-09-20 16:20:00
202400028462.0;3;62;62351;1;1;1.0;6.0;50.4321316;2.90356147;2024-10-06 03:50:00
202400028463.0;3;59;59183;1;1;1.0;6.0;51.00809;2.32519;2024-10-04 20:15:00
202400028464.0;1;78;78362;1;1;2.0;5.0;48.975807;1.722824;2024-10-06 17:40:00
202400028465.0;1;92;92047;1;1;1.0;2.0;48.83554429;2.17962441;2024-10-06 17:30:00
202400028466.0;1;78;78007;1;1;2.0;7.0;48.901;2.0049;2024-10-06 14:15:00
202400028467.0;3;78;78140;1;1;2.0;7.0;48.963614;1.926772;2024-10-06 05:35:00
202400028468.0;1;92;92050;1;1;1.0;3.0;48.90384816;2.20690817;2024-10-04 18:10:00
202400028469.0;3;93;93078;1;1;2.0;6.0;48.95857237;2.53354347;2024-10-07 05:10:00
202400028470.0;1;92;92036;1;1;2.0;2.0;48.94364712;2.28775617;2024-10-06 17:15:00
202400028471.0;1;95;95582;1;1;1.0;6.0;48.97445324;2.24505104;2024-10-06 17:45:00
202400028472.0;1;95;95212;1;1;2.0;6.0;49.03384;2.54192;2024-10-06 16:30:00
202400028473.0;3;93;93078;1;1;1.0;2.0;48.96493499;2.55465645;2024-10-06 02:30:00
202400028474.0;3;93;93005;1;1;1.0;2.0;48.95598293;2.47342937;2024-10-05 05:45:00
202400028475.0;3;77;77468;1;1;1.0;2.0;48.83251521;2.65929855;2024-10-07 06:20:00
202400028476.0;3;94;94044;1;1;2.0;6.0;48.75777351;2.47883053;2024-10-06 23:25:00
202400028477.0;3;94;94074;1;1;2.0;6.0;48.76258012;2.46669352;2024-10-06 22:20:00
202400028478.0;1;93;93070;2;1;1.0;3.0;48.916109;2.330629;2024-05-16 14:10:00
202400028479.0;1;93;93070;2;1;1.0;2.0;48.91775612;2.32885838;2024-05-03 19:30:00
202400028480.0;5;93;93070;2;2;1.0;3.0;48.90869;2.34416;2024-04-24 23:25:00
202400028481.0;1;974;97407;2;6;1.0;3.0;-20.93;55.3;2024-06-29 16:15:00
202400028482.0;1;974;97416;2;1;1.0;1.0;-21.27641;55.46956;2024-10-06 09:15:00
202400028483.0;1;974;97411;1;9;1.0;7.0;-20.88834;55.43771;2024-10-06 08:15:00
202400028484.0;1;69;69388;2;1;1.0;3.0;45.7323124;4.88581046;2024-09-30 15:20:00
202400028485.0;5;69;69387;2;1;1.0;6.0;45.74886;4.85177;2024-10-06 04:00:00
202400028486.0;1;972;97209;1;9;1.0;6.0;14.611584;-61.082595;2024-10-05 11:35:00
202400028487.0;1;972;97209;1;1;1.0;6.0;14.5959;-61.05935;2024-10-05 17:15:00
202400028488.0;1;972;97209;2;1;1.0;7.0;14.60808;-61.05457;2024-10-06 06:40:00
202400028489.0;1;95;95280;2;9;1.0;6.0;49.022691;2.457338;2024-10-05 18:10:00
202400028490.0;1;95;95219;2;1;2.0;4.0;48.98665835;2.24752563;2024-10-06 11:10:00
202400028491.0;1;91;91687;2;1;2.0;6.0;48.67426;2.36683;2024-10-06 15:55:00
202400028492.0;1;91;91027;2;2;2.0;3.0;48.69378;2.38916;2024-10-06 12:43:00
202400028493.0;2;90;90010;2;9;1.0;3.0;47.65266;6.85016;2024-10-05 19:10:00
202400028494.0;1;84;84035;2;2;1.0;1.0;43.840423;5.061981;2024-10-06 11:40:00
202400028495.0;1;79;79191;2;2;1.0;3.0;46.34818;-0.47741;2024-10-06 16:35:00
202400028496.0;1;78;78224;2;1;1.0;1.0;48.86913;2.05309;2024-10-05 11:20:00
202400028497.0;5;77;77249;2;3;1.0;6.0;48.73403;2.59513;2024-10-06 00:01:00
202400028498.0;1;73;73065;2;1;1.0;1.0;45.56558;5.92589;2024-10-05 16:30:00
202400028499.0;5;69;69282;2;2;1.0;1.0;45.76538;5.00915;2024-10-06 21:10:00
202400028500.0;2;64;64140;2;2;2.0;3.0;43.52275;-1.48931;2024-10-06 07:30:00
202400028501.0;1;64;64102;2;2;1.0;3.0;43.48408;-1.49931;2024-10-05 18:45:00
202400028502.0;5;59;59488;2;1;1.0;6.0;50.19104;3.16541;2024-10-06 06:00:00
202400028503.0;1;59;59122;2;1;1.0;3.0;50.1733;3.23327;2024-10-05 19:05:00
202400028504.0;5;57;57606;2;1;1.0;6.0;49.101192;6.711231;2024-10-06 01:30:00
202400028505.0;1;56;56260;1;1;2.0;5.0;47.66838;-2.72451;2024-10-06 14:20:00
202400028506.0;1;51;51108;2;1;1.0;6.0;48.941425;4.400946;2024-10-05 16:50:00
202400028507.0;5;45;45147;2;1;8.0;1.0;47.944162;1.916799;2024-10-06 20:50:00
202400028508.0;1;45;45075;2;1;2.0;2.0;47.89416;1.85159;2024-10-06 11:45:00
202400028509.0;3;38;38185;2;1;2.0;6.0;45.18805106;5.71868688;2024-10-06 19:20:00
202400028510.0;3;37;37122;2;1;8.0;6.0;47.34058;0.66463;2024-10-06 20:40:00
202400028511.0;1;37;37122;2;1;2.0;6.0;47.36096;0.68454;2024-10-06 10:05:00
202400028512.0;1;35;35238;2;2;1.0;3.0;48.10897;-1.71033;2024-10-06 12:10:00
202400028513.0;1;35;35238;2;1;2.0;2.0;48.10317;-1.69413;2024-10-06 11:15:00
202400028514.0;1;34;34108;2;3;1.0;3.0;43.4302;3.7251;2024-10-06 18:30:00
202400028515.0;3;33;33200;1;1;8.0;6.0;44.888327;-0.668108;2024-10-06 03:45:00
202400028516.0;1;33;33529;2;3;1.0;3.0;44.622167;-1.140143;2024-10-06 14:10:00
202400028517.0;2;27;27375;2;1;2.0;7.0;49.20997;1.17089;2024-10-06 19:20:00
202400028518.0;1;22;22113;2;1;1.0;2.0;48.73386;-3.44165;2024-10-04 14:55:00
202400028519.0;1;13;13212;2;3;1.0;3.0;43.317884;5.44554626;2024-10-05 15:20:00
202400028520.0;4;13;13047;1;1;1.0;1.0;43.4926;4.97012;2024-10-05 20:45:00
202400028521.0;1;4;4070;2;1;1.0;7.0;44.09133;6.2313;2024-09-30 16:25:00
202400028522.0;5;75;75113;2;1;1.0;3.0;48.816368;2.34441;2024-10-06 19:30:00
202400028523.0;1;75;75120;2;2;2.0;6.0;48.856193;2.404937;2024-10-06 11:35:00
202400028524.0;5;75;75119;2;2;2.0;3.0;48.893799;2.373312;2024-10-06 19:45:00
202400028525.0;1;75;75119;2;3;2.0;6.0;48.878987;2.371292;2024-10-06 12:47:00
202400028526.0;1;75;75118;2;3;2.0;6.0;48.883419;2.334309;2024-10-06 11:00:00
202400028527.0;1;75;75118;2;2;2.0;6.0;48.897882;2.337362;2024-10-06 09:45:00
202400028528.0;5;75;75118;2;3;1.0;3.0;48.884501;2.349477;2024-10-05 20:31:00
202400028529.0;5;75;75116;2;3;2.0;6.0;48.852429;2.268136;2024-10-06 20:30:00
202400028530.0;1;75;75116;2;2;2.0;6.0;48.849668;2.268619;2024-10-06 11:00:00
202400028531.0;1;75;75116;2;7;1.0;3.0;48.847474;2.273629;2024-10-05 16:45:00
202400028532.0;1;75;75112;2;1;1.0;6.0;48.831619;2.420594;2024-10-05 17:45:00
202400028533.0;5;75;75111;2;1;2.0;3.0;48.859089;2.389017;2024-10-06 21:45:00
202400028534.0;5;75;75109;2;3;1.0;6.0;48.874021;2.346508;2024-10-06 01:15:00
202400028535.0;5;75;75109;2;2;1.0;6.0;48.874029;2.345344;2024-10-06 01:15:00
202400028536.0;1;75;75115;2;1;2.0;6.0;48.843656;2.292996;2024-10-06 16:10:00
202400028537.0;5;75;75102;2;2;1.0;6.0;48.867006;2.335887;2024-10-05 21:20:00
202400028538.0;5;94;94052;2;1;1.0;3.0;48.82928368;2.46677265;2024-10-06 05:45:00
202400028539.0;5;94;94041;2;2;2.0;7.0;48.81756;2.39867;2024-10-07 00:01:00
202400028540.0;1;93;93073;2;1;1.0;2.0;49.00386;2.56698;2024-10-05 18:15:00
202400028541.0;5;93;93062;2;1;1.0;7.0;48.903;2.52849;2024-10-05 22:00:00
202400028542.0;5;93;93029;2;9;1.0;6.0;48.92161334;2.44363546;2024-10-05 19:45:00
202400028543.0;1;92;92075;2;2;2.0;3.0;48.82241715;2.2899355;2024-10-06 16:15:00
202400028544.0;1;92;92073;2;1;2.0;3.0;48.86361343;2.20904589;2024-10-06 14:30:00
202400028545.0;1;92;92064;2;3;2.0;3.0;48.85289735;2.20585808;2024-10-06 12:30:00
202400028546.0;1;92;92064;2;1;1.0;6.0;48.84347;2.2207;2024-10-05 11:15:00
202400028547.0;1;92;92048;1;9;2.0;6.0;48.8008305;2.2091496;2024-10-06 11:25:00
202400028548.0;2;92;92024;2;1;1.0;2.0;48.8997741;2.31424525;2024-10-06 19:20:00
202400028549.0;5;92;92004;2;1;2.0;4.0;48.90462656;2.28698999;2024-10-06 19:20:00
202400028550.0;1;37;37022;2;1;1.0;6.0;47.198868;0.184014;2024-10-05 14:45:00
202400028551.0;1;72;72051;1;2;2.0;3.0;47.814855;0.063885;2024-10-07 09:20:00
202400028552.0;1;12;12287;2;1;1.0;6.0;44.323514;1.899058;2024-10-06 12:50:00
202400028553.0;1;54;54089;1;1;2.0;6.0;48.756557;6.252594;2024-10-07 09:45:00
202400028554.0;1;26;26353;1;1;2.0;7.0;44.673843;4.789993;2024-10-07 12:40:00
202400028555.0;1;17;17010;1;6;1.0;3.0;46.104073;-1.093719;2024-10-05 11:00:00
202400028556.0;3;45;45104;2;1;1.0;7.0;48.044693;2.67699;2024-10-05 21:30:00
202400028557.0;1;31;31418;2;6;1.0;6.0;43.611438;1.531903;2024-10-06 17:28:00
202400028558.0;1;31;31044;2;1;1.0;6.0;43.608351;1.494561;2024-10-05 11:20:00
202400028559.0;1;81;81299;1;1;1.0;1.0;43.66261;1.931469;2024-10-06 09:15:00
202400028560.0;1;972;97221;2;1;7.0;6.0;14.528019;-60.980713;2024-10-05 11:20:00
202400028561.0;3;28;28024;1;1;2.0;2.0;48.4159;1.480858;2024-10-06 22:45:00
202400028562.0;2;1;1033;2;1;5.0;3.0;46.124151;5.816107;2024-10-07 06:25:00
202400028563.0;3;2B;2B009;1;1;1.0;1.0;42.085181;9.493067;2024-10-05 20:17:00
202400028564.0;1;62;62763;2;4;2.0;3.0;50.372607;2.358069;2024-09-27 12:15:00
202400028565.0;2;66;66050;1;1;1.0;6.0;42.77732765;2.91553974;2024-10-05 07:30:00
202400028566.0;1;83;83021;1;1;2.0;6.0;43.477884;5.949472;2024-10-07 09:30:00
202400028567.0;1;56;56047;1;1;2.0;7.0;48.053917;-2.76731;2024-10-07 08:30:00
202400028568.0;5;80;80620;2;1;8.0;6.0;49.9344;2.947233;2024-10-07 04:30:00
202400028569.0;5;80;80373;2;9;1.0;3.0;49.986483;1.556126;2024-10-04 19:45:00
202400028570.0;5;82;82142;2;3;1.0;3.0;43.815291;1.313706;2024-10-06 20:55:00
202400028571.0;1;65;65054;1;1;1.0;1.0;43.056613;0.359631;2024-10-06 18:15:00
202400028572.0;1;63;63125;1;1;1.0;4.0;45.77502454;3.55048384;2024-10-06 11:20:00
202400028573.0;2;27;27027;1;4;7.0;1.0;48.910436;1.240955;2024-10-05 19:00:00
202400028574.0;2;63;63227;1;1;1.0;6.0;45.67997733;3.2178088;2024-10-07 07:10:00
202400028575.0;1;61;61394;2;1;1.0;7.0;48.281106;0.605366;2024-10-06 14:40:00
202400028576.0;1;49;49008;1;1;1.0;1.0;47.603212;-0.992889;2024-10-06 16:35:00
202400028577.0;1;49;49018;1;2;2.0;6.0;47.520501;-0.168985;2024-10-07 14:40:00
202400028578.0;3;12;12264;1;1;1.0;6.0;44.433531;2.582136;2024-10-06 20:30:00
202400028579.0;1;39;39441;1;1;1.0;3.0;46.474562;6.02967;2024-10-07 14:04:00
202400028580.0;3;39;39405;1;1;8.0;6.0;47.012275;5.494548;2024-10-06 05:20:00
202400028581.0;1;44;44115;1;1;2.0;5.0;47.352751;-1.266303;2024-10-06 17:20:00
202400028582.0;1;29;29300;1;1;1.0;7.0;47.875868;-3.617034;2024-10-06 19:30:00
202400028583.0;1;2;2713;1;1;7.0;2.0;49.202626;3.561502;2024-10-05 18:00:00
202400028584.0;1;1;1083;1;2;1.0;3.0;46.099037;4.858661;2024-10-07 17:35:00
202400028585.0;1;26;26365;1;1;8.0;6.0;44.756863;5.016804;2024-10-07 08:30:00
202400028586.0;1;26;26165;1;1;1.0;7.0;44.795156;4.873762;2024-10-07 07:45:00
202400028587.0;1;58;58059;2;1;2.0;7.0;47.182036;3.030488;2024-10-06 17:30:00
202400028588.0;5;6;6079;1;1;1.0;1.0;43.521989;6.935894;2024-10-06 23:58:00
202400028589.0;3;64;64405;1;1;1.0;7.0;43.338523;-0.24495;2024-10-06 04:00:00
202400028590.0;1;18;18059;1;1;3.0;7.0;46.644634;2.274186;2024-10-01 09:00:00
202400028591.0;1;18;18229;1;1;8.0;6.0;47.230508;2.407411;2024-10-06 15:20:00
202400028592.0;1;36;36138;1;2;1.0;3.0;46.55191541;2.13656187;2024-10-04 16:30:00
202400028593.0;5;36;36088;2;1;2.0;7.0;46.952335;2.005209;2024-10-06 20:10:00
202400028594.0;1;7;7236;1;1;2.0;7.0;45.084157;4.613611;2024-10-07 13:11:00
202400028595.0;1;21;21670;1;1;1.0;7.0;47.4437;4.664244;2024-10-06 10:00:00
202400028596.0;1;4;4116;1;1;1.0;6.0;44.014338;5.953571;2024-10-03 15:41:00
202400028597.0;1;28;28215;1;2;2.0;2.0;48.348745;1.812181;2024-10-06 17:30:00
202400028598.0;3;37;37146;1;1;2.0;1.0;47.53091592;0.20649156;2024-10-06 22:10:00
202400028599.0;3;37;37167;1;1;2.0;6.0;47.5703751;0.57119161;2024-10-06 22:20:00
202400028600.0;3;52;52140;1;1;1.0;7.0;48.273604;4.991366;2024-10-06 00:05:00