Num_Acc;lum;departement;commune;agglomeration;intersection;meteo;type_collision;lat;long;date
202400028601.0;1;95;95678;1;1;2.0;3.0;49.07298501;2.23432839;2024-10-06 13:05:00
202400028602.0;1;973;97309;2;3;1.0;1.0;4.915288;-52.275025;2024-10-07 07:40:00
202400028603.0;3;51;51454;2;4;1.0;1.0;49.2252665;4.06154776;2024-10-07 00:20:00
202400028604.0;1;45;45006;1;1;2.0;6.0;47.78552;1.846374;2024-10-06 15:12:00
202400028605.0;1;45;45169;1;1;3.0;5.0;47.899261;1.803772;2024-10-07 14:10:00
202400028606.0;2;69;69119;1;1;1.0;6.0;45.508486;4.679248;2024-10-05 09:30:00
202400028607.0;1;974;97419;2;1;1.0;6.0;-21.197711;55.820155;2024-10-06 17:15:00
202400028608.0;5;971;97129;2;1;1.0;6.0;16.315774;-61.702073;2024-10-05 20:02:00
202400028609.0;1;971;97118;2;1;1.0;3.0;16.200143;-61.595809;2024-10-06 12:35:00
202400028610.0;2;971;97121;1;1;7.0;5.0;16.182828;-61.766279;2024-10-04 06:30:00
202400028611.0;3;28;28001;1;1;8.0;5.0;48.774286;1.401658;2024-10-06 21:54:00
202400028612.0;1;78;78380;2;1;1.0;6.0;48.909332;1.855896;2024-10-07 07:45:00
202400028613.0;1;2B;2B307;1;1;1.0;2.0;42.384472;9.530333;2024-10-05 18:10:00
202400028614.0;5;34;34209;2;6;2.0;7.0;43.299834;3.33788;2024-10-06 20:50:00
202400028615.0;3;6;6092;1;1;1.0;7.0;43.766724;7.360254;2024-10-07 00:40:00
202400028616.0;3;973;97302;2;2;8.0;3.0;4.93162999;-52.33247468;2024-06-23 23:47:00
202400028617.0;1;971;97120;2;1;1.0;1.0;16.22985582;-61.53131247;2024-06-23 07:00:00
202400028618.0;1;2A;2A004;2;1;1.0;6.0;41.92819742;8.73846531;2024-06-24 14:30:00
202400028619.0;1;95;95607;2;3;1.0;2.0;49.02130509;2.21572042;2024-06-24 17:40:00
202400028620.0;1;95;95197;2;9;7.0;6.0;48.96350929;2.32866704;2024-06-24 17:50:00
202400028621.0;1;95;95427;2;1;1.0;6.0;48.96436463;2.3361306;2024-06-24 08:30:00
202400028622.0;1;91;91201;2;1;1.0;3.0;48.68719;2.39959;2024-06-24 08:10:00
202400028623.0;1;91;91223;2;1;1.0;6.0;48.43447;2.16928;2024-06-24 07:10:00
202400028624.0;1;90;90010;2;2;1.0;2.0;47.629781;6.842916;2024-06-23 14:20:00
202400028625.0;1;87;87085;2;1;1.0;7.0;45.81472;1.26926;2024-06-24 08:53:00
202400028626.0;5;86;86066;2;1;1.0;7.0;46.81639;0.53954;2024-06-24 00:40:00
202400028627.0;1;84;84007;2;1;1.0;3.0;43.93112;4.84077;2024-06-24 11:45:00
202400028628.0;1;83;83069;2;2;8.0;3.0;43.11715;6.12649;2024-06-24 10:00:00
202400028629.0;1;81;81065;2;1;1.0;7.0;43.59552904;2.22406027;2024-06-24 08:00:00
202400028630.0;1;80;80256;1;1;1.0;6.0;49.91173;2.22092;2024-06-23 17:37:00
202400028631.0;2;80;80021;2;1;1.0;7.0;49.8991;2.3006;2024-06-23 22:00:00
202400028632.0;5;78;78481;2;9;1.0;3.0;48.89252;2.10449;2024-06-24 00:50:00
202400028633.0;1;78;78217;1;1;7.0;2.0;48.95922;1.83853;2024-06-24 21:30:00
202400028634.0;1;78;78423;2;1;1.0;2.0;48.78103;2.02637;2024-06-24 10:35:00
202400028635.0;1;78;78423;2;1;1.0;6.0;48.78724;2.04538;2024-06-24 08:45:00
202400028636.0;1;77;77258;2;1;1.0;3.0;48.83538;2.62695;2024-06-22 10:30:00
202400028637.0;1;77;77487;2;1;1.0;1.0;48.51890682;2.67351251;2024-06-23 14:06:00
202400028638.0;1;76;76351;2;2;1.0;3.0;49.49544;0.09961;2024-06-21 21:40:00
202400028639.0;1;76;76552;2;3;1.0;3.0;49.50742;0.08358;2024-06-21 19:00:00
202400028640.0;1;67;67267;2;6;8.0;3.0;48.56063;7.69311;2024-06-22 19:30:00
202400028641.0;1;64;64260;2;9;1.0;2.0;43.35536161;-1.77826438;2024-06-24 15:30:00
202400028642.0;1;62;62427;2;1;1.0;6.0;50.42441063;2.94434939;2024-06-27 17:15:00
202400028643.0;1;59;59299;2;1;1.0;6.0;50.646;3.1939;2024-06-24 21:45:00
202400028644.0;1;51;51454;2;1;1.0;6.0;49.227839;4.035961;2024-06-23 08:42:00
202400028645.0;1;50;50129;2;1;1.0;3.0;49.64452;-1.63402;2024-06-21 19:20:00
202400028646.0;3;49;49007;2;2;1.0;3.0;47.47731;-0.55326;2024-06-22 00:50:00
202400028647.0;1;43;43046;2;9;1.0;6.0;45.05367;3.89907;2024-06-24 10:40:00
202400028648.0;5;41;41018;2;1;1.0;7.0;47.583;1.339;2024-06-24 22:50:00
202400028649.0;1;41;41018;2;6;1.0;6.0;47.60799;1.33384;2024-06-23 08:20:00
202400028650.0;1;37;37261;2;3;1.0;3.0;47.38237;0.66836;2024-06-24 18:10:00
202400028651.0;1;35;35238;2;2;1.0;3.0;48.10857503;-1.69296205;2024-06-24 11:55:00
202400028652.0;3;34;34172;2;1;1.0;7.0;43.61656;3.82013;2024-06-23 00:40:00
202400028653.0;1;25;25388;2;1;1.0;6.0;47.51002;6.80113;2024-06-24 06:50:00
202400028654.0;1;25;25056;2;1;1.0;2.0;47.22755;5.98221;2024-06-24 15:55:00
202400028655.0;1;22;22113;2;2;1.0;7.0;48.73905;-3.45756;2024-06-20 17:05:00
202400028656.0;1;13;13005;2;3;1.0;3.0;43.29167;5.59027;2024-06-24 14:15:00
202400028657.0;1;13;13005;2;3;1.0;6.0;43.28153;5.55028;2024-06-24 13:05:00
202400028658.0;1;13;13005;2;1;1.0;3.0;43.28341228;5.59570487;2024-06-24 07:30:00
202400028659.0;1;12;12145;1;1;1.0;1.0;44.08824;3.08819;2024-06-24 13:40:00
202400028660.0;1;11;11262;2;3;1.0;6.0;43.18103;3.00898;2024-06-24 10:21:00
202400028661.0;1;11;11262;2;9;1.0;3.0;43.18449;2.99891;2024-06-24 09:05:00
202400028662.0;1;7;7102;2;9;1.0;3.0;44.93601;4.87397;2024-06-24 14:25:00
202400028663.0;1;6;6088;2;1;1.0;6.0;43.66856;7.211582;2024-06-23 15:15:00
202400028664.0;1;6;6027;2;6;1.0;3.0;43.67038;7.12554;2024-06-23 11:00:00
202400028665.0;5;75;75112;2;1;1.0;2.0;48.833191;2.406946;2024-06-23 23:00:00
202400028666.0;5;75;75119;2;3;1.0;6.0;48.891362;2.377889;2024-06-22 23:45:00
202400028667.0;1;75;75106;2;4;1.0;3.0;48.85199;2.339717;2024-06-24 10:50:00
202400028668.0;1;75;75118;2;2;1.0;3.0;48.891181;2.351648;2024-06-23 20:20:00
202400028669.0;1;75;75117;2;2;1.0;3.0;48.88520685;2.30723959;2024-06-23 19:30:00
202400028670.0;1;75;75116;2;4;1.0;3.0;48.836773;2.253655;2024-06-24 14:45:00
202400028671.0;1;75;75116;2;7;1.0;3.0;48.848097;2.257724;2024-06-24 08:00:00
202400028672.0;1;75;75115;2;2;1.0;6.0;48.849179;2.2811902;2024-06-24 13:30:00
202400028673.0;1;75;75115;2;3;1.0;6.0;48.844427;2.283646;2024-06-24 07:30:00
202400028674.0;1;75;75114;2;3;1.0;2.0;48.831178;2.329847;2024-06-23 21:00:00
202400028675.0;1;75;75109;2;2;1.0;6.0;48.877258;2.342691;2024-06-24 18:00:00
202400028676.0;1;75;75108;2;2;1.0;3.0;48.868645;2.299033;2024-06-24 20:00:00
202400028677.0;2;94;94068;2;2;1.0;3.0;48.79802;2.49128;2024-06-23 21:50:00
202400028678.0;5;94;94052;2;7;1.0;3.0;48.83549;2.47419;2024-06-23 23:04:00
202400028679.0;1;94;94068;2;3;1.0;2.0;48.79890568;2.47378099;2024-06-22 20:50:00
202400028680.0;1;95;95527;2;1;7.0;6.0;48.99396459;2.51936384;2024-06-24 12:40:00
202400028681.0;1;93;93072;2;3;1.0;1.0;48.95209;2.38479;2024-06-24 17:30:00
202400028682.0;5;93;93059;2;2;1.0;1.0;48.96843;2.37416;2024-06-23 22:35:00
202400028683.0;1;93;93066;2;1;1.0;3.0;48.9184;2.35858;2024-06-24 09:00:00
202400028684.0;1;93;93053;2;3;1.0;6.0;48.89694;2.46169;2024-06-23 07:30:00
202400028685.0;1;42;42183;2;1;2.0;3.0;45.40024;4.36764;2024-11-12 13:25:00
202400028686.0;1;42;42183;2;1;2.0;6.0;45.40394884;4.36678246;2024-11-12 11:00:00
202400028687.0;1;93;93053;2;1;1.0;2.0;48.879706;2.459725;2024-06-23 14:25:00
202400028688.0;5;37;37261;2;6;1.0;7.0;47.43194;0.69714;2024-11-12 06:20:00
202400028689.0;1;93;93071;2;1;1.0;6.0;48.92482502;2.52340883;2024-06-24 10:20:00
202400028690.0;3;35;35238;1;1;1.0;6.0;48.118825;-1.719281;2024-11-12 05:55:00
202400028691.0;1;93;93031;2;2;1.0;3.0;48.961668;2.295023;2024-06-24 17:40:00
202400028692.0;1;35;35238;2;1;1.0;3.0;48.12538;-1.68545;2024-11-12 16:50:00
202400028693.0;1;92;92050;2;3;1.0;3.0;48.89605726;2.22343603;2024-06-23 16:19:00
202400028694.0;1;35;35055;1;6;1.0;3.0;48.08255643;-1.64013326;2024-11-12 11:00:00
202400028695.0;1;92;92007;2;1;7.0;7.0;48.8101567;2.31413323;2024-06-23 18:40:00
202400028696.0;2;35;35278;1;1;1.0;2.0;48.14197;-1.66369;2024-11-12 07:50:00
202400028697.0;1;92;92036;2;9;1.0;3.0;48.93204816;2.29001825;2024-06-18 17:00:00
202400028698.0;1;92;92035;2;1;1.0;7.0;48.90642;2.24807;2024-06-24 16:30:00
202400028699.0;1;35;35238;2;1;1.0;3.0;48.0866;-1.6882;2024-11-12 07:50:00
202400028700.0;5;34;34172;2;1;2.0;3.0;43.628171;3.893173;2024-11-12 18:30:00
202400028701.0;1;92;92023;2;2;1.0;3.0;48.78343819;2.24668479;2024-06-24 17:40:00
202400028702.0;1;34;34172;2;2;1.0;3.0;43.58534;3.88223;2024-11-12 13:38:00
202400028703.0;5;33;33318;2;1;1.0;6.0;44.7912;-0.65253;2024-11-12 19:40:00
202400028704.0;1;92;92012;2;1;1.0;6.0;48.84375253;2.24771002;2024-06-24 09:15:00
202400028705.0;5;33;33063;2;2;1.0;6.0;44.83302;-0.56147;2024-11-12 02:20:00
202400028706.0;1;37;37271;2;1;1.0;7.0;47.23206056;0.49765375;2024-06-24 17:20:00
202400028707.0;1;32;32013;2;9;1.0;6.0;43.63579;0.55945;2024-11-12 08:58:00
202400028708.0;1;63;63026;1;1;8.0;3.0;45.662437;3.042269;2024-06-21 09:20:00
202400028709.0;5;29;29232;2;7;2.0;4.0;48.003212;-4.108794;2024-11-12 18:31:00
202400028710.0;3;8;8115;2;1;1.0;7.0;49.641873;4.873011;2024-06-22 23:17:00
202400028711.0;1;29;29232;2;3;1.0;6.0;47.986287;-4.098706;2024-11-12 08:45:00
202400028712.0;1;1;1362;1;3;1.0;3.0;45.955298;4.871073;2024-06-18 17:30:00
202400028713.0;3;29;29039;2;1;1.0;6.0;47.92210462;-3.89978478;2024-11-12 07:15:00
202400028714.0;1;95;95205;1;1;1.0;3.0;49.02615379;2.38730004;2024-06-24 17:25:00
202400028715.0;1;26;26058;1;1;2.0;2.0;44.97271209;4.88442398;2024-11-12 09:17:00
202400028716.0;1;22;22011;1;4;1.0;3.0;48.477601;-2.961373;2024-06-25 07:35:00
202400028717.0;5;26;26281;2;6;2.0;6.0;45.04231;5.05653;2024-11-12 18:20:00
202400028718.0;5;22;22106;2;1;2.0;6.0;48.49517;-2.71715;2024-11-12 19:10:00
202400028719.0;1;42;42145;2;9;1.0;3.0;46.034658;4.238488;2024-06-24 19:20:00
202400028720.0;2;88;88478;1;1;1.0;2.0;48.436276;5.862054;2024-06-22 22:10:00
202400028721.0;1;974;97404;2;1;1.0;1.0;-21.27990036;55.37297148;2024-06-25 10:19:00
202400028722.0;1;22;22360;1;1;1.0;2.0;48.48855;-2.76377;2024-11-12 14:00:00
202400028723.0;1;54;54138;1;1;1.0;7.0;49.51986;5.699286;2024-06-23 10:00:00
202400028724.0;3;974;97414;1;1;1.0;2.0;-21.284596;55.423987;2024-06-25 20:30:00
202400028725.0;2;14;14118;2;2;8.0;3.0;49.17463;-0.33841;2024-11-07 16:42:00
202400028726.0;1;13;13039;1;1;8.0;3.0;43.46475;4.92845;2024-11-12 08:00:00
202400028727.0;1;71;71420;1;2;3.0;3.0;46.68832632;4.97506173;2024-06-22 09:15:00
202400028728.0;1;56;56061;1;1;1.0;7.0;47.745853;-2.132305;2024-06-21 21:30:00
202400028729.0;5;13;13213;2;1;1.0;2.0;43.32086;5.4582;2024-11-12 19:35:00
202400028730.0;1;56;56029;1;2;1.0;3.0;47.870132;-3.315216;2024-06-24 17:00:00
202400028731.0;1;13;13208;2;9;2.0;3.0;43.27582228;5.38944298;2024-11-12 16:00:00
202400028732.0;5;13;13005;2;1;2.0;1.0;43.28789;5.55662;2024-11-12 20:10:00
202400028733.0;1;56;56259;1;1;1.0;1.0;47.607769;-2.605648;2024-06-25 09:00:00
202400028734.0;1;13;13070;2;3;2.0;7.0;43.28122;5.52072;2024-11-12 14:40:00
202400028735.0;1;76;76312;2;2;1.0;3.0;49.47839;1.716528;2024-06-24 16:10:00
202400028736.0;5;11;11262;2;9;1.0;3.0;43.190373;3.0062;2024-11-11 18:12:00
202400028737.0;1;80;80620;1;4;1.0;4.0;49.900101;2.923393;2024-06-25 08:15:00
202400028738.0;5;6;6083;2;1;1.0;6.0;43.771821;7.496338;2024-11-11 17:40:00
202400028739.0;1;11;11165;1;1;1.0;6.0;42.876011;2.157698;2024-06-24 16:30:00
202400028740.0;4;6;6004;1;3;1.0;3.0;43.617939;7.128695;2024-11-12 20:30:00
202400028741.0;1;71;71013;1;2;1.0;3.0;46.906939;5.296558;2024-06-25 13:05:00
202400028742.0;1;61;61079;1;1;1.0;6.0;48.215722;0.736749;2024-06-25 11:20:00
202400028743.0;5;75;75118;2;1;1.0;4.0;48.901134;2.348011;2024-11-11 18:10:00
202400028744.0;1;61;61314;1;1;1.0;1.0;48.767988;-0.054062;2024-06-25 07:55:00
202400028745.0;5;75;75113;2;3;1.0;7.0;48.830657;2.381744;2024-11-11 20:05:00
202400028746.0;1;42;42323;2;1;1.0;6.0;45.567827;4.295005;2024-06-24 09:58:00
202400028747.0;5;75;75117;2;1;1.0;7.0;48.895158;2.30641;2024-11-10 23:50:00
202400028748.0;1;68;68062;1;3;1.0;3.0;47.6286335;7.22027014;2024-06-25 12:50:00
202400028749.0;5;75;75119;2;7;1.0;3.0;48.89978233;2.38798946;2024-11-12 22:10:00
202400028750.0;1;22;22296;1;1;7.0;3.0;48.366072;-2.524967;2024-06-25 12:30:00
202400028751.0;2;75;75119;2;1;1.0;2.0;48.875209;2.38234;2024-11-12 16:25:00
202400028752.0;1;39;39520;1;1;1.0;6.0;46.967861;5.565643;2024-06-25 06:30:00
202400028753.0;5;75;75119;2;1;1.0;3.0;48.889494;2.375514;2024-11-11 18:50:00
202400028754.0;1;75;75117;2;3;1.0;7.0;48.881732;2.314589;2024-11-12 12:10:00
202400028755.0;5;29;29197;2;1;1.0;3.0;48.01536179;-4.49456679;2024-06-20 23:00:00
202400028756.0;1;6;6079;2;1;1.0;7.0;43.530435;6.934916;2024-06-25 10:50:00
202400028757.0;1;75;75114;2;2;1.0;3.0;48.820263;2.325717;2024-11-12 13:30:00
202400028758.0;1;45;45341;1;1;1.0;2.0;48.043933;1.662261;2024-06-20 10:10:00
202400028759.0;1;75;75113;2;2;8.0;6.0;48.832168;2.379654;2024-11-12 15:29:00
202400028760.0;1;64;64417;2;9;1.0;6.0;43.175979;-0.250041;2024-06-25 17:48:00
202400028761.0;1;75;75113;2;1;8.0;3.0;48.835183;2.36839;2024-11-12 10:30:00
202400028762.0;1;18;18087;2;1;1.0;7.0;46.886397;2.57461;2024-06-24 17:10:00
202400028763.0;5;75;75109;2;1;1.0;6.0;48.875898;2.329476;2024-11-12 18:50:00
202400028764.0;1;7;7237;1;1;1.0;2.0;44.819906;4.699745;2024-06-24 18:00:00
202400028765.0;5;75;75109;2;2;1.0;3.0;48.871479;2.343061;2024-11-12 18:36:00
202400028766.0;1;21;21020;1;1;1.0;1.0;47.213563;4.476843;2024-06-24 13:00:00
202400028767.0;5;75;75107;2;3;1.0;7.0;48.858277;2.333253;2024-11-12 18:25:00
202400028768.0;1;40;40110;2;1;1.0;1.0;43.639787;-0.378465;2024-06-24 13:15:00
202400028769.0;1;24;24077;1;1;1.0;1.0;44.94648529;0.57450771;2024-06-24 12:25:00
202400028770.0;1;75;75103;2;2;8.0;3.0;48.866231;2.352543;2024-11-12 08:20:00
202400028771.0;5;94;94044;2;1;2.0;6.0;48.75219;2.49169;2024-11-12 07:25:00
202400028772.0;1;48;48178;1;1;1.0;1.0;44.26439763;3.87273459;2024-06-25 14:35:00
202400028773.0;1;94;94038;2;3;1.0;3.0;48.77248;2.35066;2024-11-12 13:30:00
202400028774.0;1;48;48016;1;3;1.0;3.0;44.482591;3.457625;2024-06-25 15:50:00
202400028775.0;1;94;94033;2;5;1.0;6.0;48.8539;2.47007;2024-11-12 10:20:00
202400028776.0;3;94;94065;1;1;2.0;2.0;48.7587;2.35616;2024-11-12 05:20:00
202400028777.0;1;93;93070;2;1;8.0;6.0;48.91267;2.3355;2024-11-11 09:30:00
202400028778.0;1;31;31169;1;1;1.0;5.0;43.51687007;1.53201073;2024-06-24 16:15:00
202400028779.0;1;93;93048;2;9;1.0;3.0;48.85863686;2.42978019;2024-11-12 16:00:00
202400028780.0;1;14;14620;1;1;1.0;2.0;49.30982;0.155783;2024-06-25 13:35:00
202400028781.0;1;55;55117;1;1;1.0;6.0;49.09436893;5.08712533;2024-06-25 13:10:00
202400028782.0;1;93;93046;2;2;1.0;1.0;48.91297187;2.51841903;2024-11-12 16:40:00
202400028783.0;5;62;62369;1;9;1.0;6.0;50.32415619;2.91102193;2024-06-24 04:30:00
202400028784.0;1;93;93032;2;2;2.0;3.0;48.87443718;2.56682396;2024-11-12 08:19:00
202400028785.0;1;77;77196;1;1;1.0;6.0;48.947879;2.733836;2024-06-25 08:35:00
202400028786.0;1;91;91099;1;1;1.0;6.0;48.432475;2.388947;2024-06-24 18:30:00
202400028787.0;1;93;93005;2;1;2.0;4.0;48.95410393;2.50937412;2024-11-12 09:40:00
202400028788.0;1;2A;2A215;1;3;1.0;3.0;41.484932;9.07527;2024-06-25 11:25:00
202400028789.0;5;93;93005;2;1;1.0;3.0;48.94761505;2.50104152;2024-11-11 21:10:00
202400028790.0;1;92;92073;2;1;8.0;3.0;48.86509;2.22685;2024-11-12 16:00:00
202400028791.0;1;11;11295;1;1;1.0;1.0;43.050137;2.882452;2024-06-24 14:00:00
202400028792.0;1;92;92073;2;1;2.0;6.0;48.86628158;2.22049713;2024-11-12 09:40:00
202400028793.0;1;11;11022;1;3;1.0;3.0;43.255276;2.687702;2024-06-25 06:50:00
202400028794.0;1;92;92020;2;1;1.0;4.0;48.81018643;2.2923886;2024-11-11 13:20:00
202400028795.0;1;34;34327;1;9;1.0;3.0;43.658201;3.959842;2024-06-24 17:15:00
202400028796.0;1;92;92048;2;8;8.0;6.0;48.7832657;2.23006502;2024-11-12 10:25:00
202400028797.0;5;92;92026;2;1;1.0;3.0;48.89921942;2.26198711;2024-11-12 17:20:00
202400028798.0;1;83;83071;1;1;1.0;3.0;43.126821;6.204772;2024-06-23 14:25:00
202400028799.0;1;92;92019;2;1;2.0;7.0;48.76796181;2.28466094;2024-11-12 09:00:00
202400028800.0;1;83;83119;2;3;1.0;3.0;43.257923;6.633446;2024-06-24 16:50:00
202400028801.0;5;92;92012;2;2;1.0;6.0;48.8422034;2.23990336;2024-11-11 18:01:00
202400028802.0;1;83;83133;1;1;1.0;1.0;43.54709668;6.83190581;2024-06-15 17:30:00
202400028803.0;1;92;92004;2;1;8.0;3.0;48.91966;2.28517;2024-11-12 08:36:00
202400028804.0;1;5;5053;1;1;1.0;1.0;44.341668;5.776491;2024-06-25 13:49:00
202400028805.0;1;92;92002;2;9;8.0;6.0;48.76202384;2.29928903;2024-11-12 12:50:00
202400028806.0;3;8;8343;1;1;1.0;1.0;49.67484308;5.06342567;2024-11-09 18:58:00
202400028807.0;2;13;13007;2;1;1.0;1.0;43.369685;5.6345;2024-06-23 21:30:00
202400028808.0;1;9;9061;1;9;2.0;7.0;43.122498;1.378623;2024-11-11 15:00:00
202400028809.0;3;81;81099;1;1;1.0;7.0;43.87824971;1.86616409;2024-06-25 00:15:00
202400028810.0;1;6;6161;2;1;1.0;1.0;43.628438;7.133206;2024-11-13 15:40:00
202400028811.0;1;31;31395;2;1;1.0;1.0;43.47026579;1.33067234;2024-06-24 19:15:00
202400028812.0;1;62;62634;1;1;1.0;7.0;50.944774;1.994834;2024-11-13 12:35:00
202400028813.0;1;21;21634;1;1;1.0;6.0;47.151436;4.69929;2024-11-12 15:25:00
202400028814.0;1;33;33051;1;1;1.0;3.0;44.644678;-0.95278;2024-06-24 19:45:00
202400028815.0;1;44;44086;1;1;1.0;6.0;47.676593;-1.560885;2024-11-12 10:30:00
202400028816.0;1;22;22136;1;1;1.0;6.0;48.154932;-2.730535;2024-06-21 20:10:00
202400028817.0;3;34;34194;1;1;3.0;5.0;43.547086;3.448334;2024-11-12 21:15:00
202400028818.0;4;41;41245;2;1;1.0;6.0;47.757641;1.502077;2024-11-13 05:40:00
202400028819.0;1;35;35360;1;2;1.0;3.0;48.12982;-1.231535;2024-06-20 18:48:00
202400028820.0;1;33;33075;1;1;1.0;3.0;44.889131;-0.597808;2024-06-24 08:00:00
202400028821.0;2;50;50159;1;1;1.0;3.0;49.017087;-1.237378;2024-11-13 07:45:00
202400028822.0;5;62;62168;2;1;1.0;3.0;50.61080559;1.93094671;2024-11-12 18:45:00
202400028823.0;3;59;59260;1;1;1.0;6.0;51.04258;2.50521;2024-06-22 04:35:00
202400028824.0;1;59;59378;1;1;1.0;6.0;50.68654;3.11115;2024-06-22 17:40:00
202400028825.0;5;56;56013;2;1;2.0;6.0;47.67573;-3.172603;2024-11-12 18:30:00
202400028826.0;1;91;91345;1;1;1.0;2.0;48.68949;2.324;2024-06-24 13:00:00
202400028827.0;1;91;91553;1;1;1.0;4.0;48.62733;2.47736;2024-06-24 08:50:00
202400028828.0;3;82;82112;1;1;1.0;1.0;44.12652;1.069794;2024-11-09 18:05:00
202400028829.0;1;65;65258;2;6;1.0;3.0;43.12249;0.387842;2024-10-12 11:00:00
202400028830.0;1;94;94043;1;1;1.0;4.0;48.80839441;2.34798035;2024-06-24 06:45:00
202400028831.0;3;32;32213;2;1;8.0;6.0;43.48199;0.917256;2024-11-12 21:00:00
202400028832.0;1;93;93007;1;1;1.0;2.0;48.94353028;2.43541292;2024-06-24 15:45:00
202400028833.0;1;61;61168;2;1;1.0;7.0;48.590525;-0.366121;2024-11-12 14:40:00
202400028834.0;2;42;42011;2;6;1.0;3.0;45.819332;4.186514;2024-11-13 06:50:00
202400028835.0;1;94;94069;1;1;1.0;4.0;48.81730122;2.43258119;2024-06-24 18:55:00
202400028836.0;3;41;41185;1;1;1.0;1.0;47.307768;1.641061;2024-11-09 19:10:00
202400028837.0;1;77;77169;1;1;1.0;3.0;48.808781;2.630125;2024-06-24 17:30:00
202400028838.0;3;39;39042;1;3;1.0;1.0;47.111689;5.52961;2024-11-12 18:00:00
202400028839.0;1;93;93051;1;1;1.0;2.0;48.83569183;2.56273622;2024-06-24 16:15:00
202400028840.0;3;94;94046;1;1;1.0;6.0;48.81577215;2.45029735;2024-06-24 02:32:00
202400028841.0;5;25;25454;2;1;2.0;6.0;47.253889;5.960893;2024-11-12 18:40:00
202400028842.0;2;44;44024;1;6;1.0;3.0;47.176138;-1.704335;2024-11-13 07:55:00
202400028843.0;3;94;94022;1;1;1.0;2.0;48.77312611;2.40005502;2024-06-24 02:20:00
202400028844.0;3;29;29278;1;1;8.0;6.0;48.17200177;-3.75605553;2024-11-03 05:20:00
202400028845.0;1;2;2814;1;1;1.0;1.0;49.924987;3.685945;2024-11-13 09:40:00
202400028846.0;3;94;94028;1;1;1.0;2.0;48.80301088;2.44831306;2024-06-23 01:34:00
202400028847.0;5;70;70538;2;3;1.0;6.0;47.473609;5.793836;2024-11-11 21:13:00
202400028848.0;1;44;44109;2;1;1.0;7.0;47.22128406;-1.51114673;2024-06-12 19:40:00
202400028849.0;1;26;26330;2;1;8.0;2.0;45.287105;4.945886;2024-11-13 07:50:00
202400028850.0;1;58;58088;2;1;1.0;7.0;47.010712;3.16583;2024-11-13 16:50:00
202400028851.0;2;44;44109;2;2;1.0;6.0;47.2219121;-1.55924925;2024-04-20 06:23:00
202400028852.0;1;6;6108;2;1;1.0;6.0;43.592853;6.956906;2024-11-12 16:15:00
202400028853.0;1;44;44109;2;1;1.0;6.0;47.24156387;-1.51481939;2024-02-04 15:20:00
202400028854.0;1;14;14431;2;2;1.0;6.0;49.118697;0.015069;2024-11-12 12:15:00
202400028855.0;1;4;4070;1;1;1.0;1.0;44.07845;6.21222;2024-01-30 13:30:00
202400028856.0;2;14;14623;1;1;1.0;1.0;49.113339;-0.36441;2024-11-13 17:51:00
202400028857.0;2;974;97415;2;3;1.0;3.0;-21.021275;55.265801;2024-02-06 05:00:00
202400028858.0;1;14;14191;2;1;1.0;7.0;49.328429;-0.455158;2024-03-19 10:30:00
202400028859.0;5;14;14542;2;2;1.0;3.0;49.227638;-0.457757;2024-11-10 20:00:00
202400028860.0;5;50;50215;2;1;1.0;7.0;49.097328;-1.592331;2024-11-11 18:00:00
202400028861.0;1;14;14341;2;6;1.0;7.0;49.145204;-0.338494;2024-03-18 18:05:00
202400028862.0;3;14;14130;1;9;2.0;1.0;49.259067;-0.787754;2024-02-14 19:00:00
202400028863.0;1;10;10054;1;2;1.0;3.0;48.376905;3.626357;2024-11-12 12:05:00
202400028864.0;1;16;16167;2;1;2.0;7.0;45.678785;-0.171403;2024-11-12 13:30:00
202400028865.0;1;32;32279;1;1;1.0;6.0;43.688671;0.657489;2024-01-15 10:30:00
202400028866.0;1;7;7094;1;1;2.0;7.0;44.854667;4.731256;2024-11-12 12:15:00
202400028867.0;2;4;4008;1;1;1.0;7.0;43.958327;6.694745;2024-11-05 17:00:00
202400028868.0;5;48;48080;2;1;1.0;1.0;44.724014;3.852178;2024-11-12 22:10:00
202400028869.0;1;976;97611;1;1;1.0;1.0;-12.7926;45.1883;2024-06-23 11:00:00
202400028870.0;1;13;13112;1;3;1.0;3.0;43.517694;5.231474;2024-11-11 15:23:00
202400028871.0;5;69;69387;2;2;1.0;3.0;45.74873;4.84941;2024-06-23 21:30:00
202400028872.0;1;69;69027;1;1;1.0;7.0;45.685841;4.769964;2024-11-12 16:30:00
202400028873.0;1;972;97213;1;1;1.0;2.0;14.6079;-61.00452;2024-06-23 06:00:00
202400028874.0;1;973;97304;2;1;1.0;3.0;5.167256;-52.653287;2024-11-13 14:00:00
202400028875.0;1;972;97209;2;1;1.0;6.0;14.60779;-61.06878;2024-06-22 16:05:00
202400028876.0;5;77;77086;2;3;1.0;6.0;48.549735;2.8938;2024-11-12 19:55:00
202400028877.0;1;69;69202;2;1;1.0;6.0;45.7483;4.81258;2024-06-23 19:45:00
202400028878.0;3;78;78506;1;1;2.0;3.0;48.491227;1.806306;2024-11-08 06:14:00
202400028879.0;5;69;69034;1;1;1.0;3.0;45.78814;4.85454;2024-06-23 04:10:00
202400028880.0;1;13;13030;2;9;1.0;6.0;43.269985;5.678142;2024-11-12 16:39:00
202400028881.0;1;971;97113;2;1;1.0;4.0;16.21772;-61.49165;2024-06-23 11:50:00
202400028882.0;5;31;31451;2;1;1.0;6.0;43.460703;2.009506;2024-11-11 18:45:00