Num_Acc;lum;departement;commune;agglomeration;intersection;meteo;type_collision;lat;long;date
202400028883.0;1;91;91691;2;1;1.0;6.0;48.69654;2.47888;2024-06-23 07:50:00
202400028884.0;1;91;91174;2;1;1.0;6.0;48.6161;2.46692;2024-06-23 19:15:00
202400028885.0;1;17;17421;2;8;1.0;3.0;45.670291;-0.942845;2024-11-12 11:30:00
202400028886.0;1;72;72264;2;1;1.0;6.0;47.839082;-0.315599;2024-11-12 09:20:00
202400028887.0;1;84;84035;2;3;1.0;6.0;43.828587;5.036822;2024-06-22 18:15:00
202400028888.0;2;27;27447;1;2;2.0;3.0;48.961751;0.959501;2024-11-12 08:00:00
202400028889.0;1;83;83069;2;2;1.0;3.0;43.11532;6.12306;2024-06-22 08:15:00
202400028890.0;3;59;59134;2;2;1.0;3.0;50.076122;3.871382;2024-11-13 20:22:00
202400028891.0;1;83;83118;2;3;1.0;3.0;43.4309;6.87042;2024-06-23 11:00:00
202400028892.0;1;78;78190;2;1;1.0;6.0;48.87224;2.14599;2024-06-23 14:00:00
202400028893.0;5;59;59602;2;2;1.0;3.0;50.609387;3.180196;2024-11-12 19:10:00
202400028894.0;1;13;13085;1;1;2.0;3.0;43.2639;5.5882;2024-11-12 16:37:00
202400028895.0;1;78;78299;2;3;1.0;3.0;49.005267;1.900662;2024-06-23 19:05:00
202400028896.0;1;13;13212;1;1;2.0;7.0;43.28588571;5.42578723;2024-11-12 15:40:00
202400028897.0;3;77;77186;1;6;1.0;6.0;48.38995;2.75495;2024-06-23 02:05:00
202400028898.0;1;73;73065;1;1;1.0;6.0;45.59328184;5.89454859;2024-05-12 07:30:00
202400028899.0;1;33;33013;1;1;1.0;3.0;44.867961;-0.504349;2024-11-12 08:37:00
202400028900.0;1;73;73008;2;1;1.0;1.0;45.70726;5.89833;2024-06-17 18:18:00
202400028901.0;1;78;78073;1;1;8.0;4.0;48.798343;2.008494;2024-11-12 16:17:00
202400028902.0;3;78;78431;1;1;1.0;3.0;48.939361;1.955628;2024-11-10 21:30:00
202400028903.0;5;71;71270;2;6;1.0;1.0;46.31046;4.8346;2024-06-23 01:09:00
202400028904.0;3;92;92078;1;1;1.0;6.0;48.92768992;2.33289331;2024-11-12 02:50:00
202400028905.0;5;69;69286;2;4;1.0;3.0;45.81931;4.90734;2024-06-23 21:40:00
202400028906.0;2;95;95252;1;1;1.0;4.0;48.97905792;2.22898099;2024-11-11 17:25:00
202400028907.0;1;63;63113;2;3;1.0;6.0;45.8065;3.1094;2024-06-23 12:08:00
202400028908.0;1;74;74298;2;3;1.0;3.0;46.18754;6.25088;2024-09-06 07:54:00
202400028909.0;4;74;74276;1;1;1.0;6.0;46.122414;6.619402;2024-08-21 21:50:00
202400028910.0;2;62;62119;2;6;8.0;3.0;50.52351873;2.64555359;2024-06-18 22:19:00
202400028911.0;1;74;74197;1;5;1.0;2.0;46.142091;6.316975;2024-08-05 11:30:00
202400028912.0;1;60;60057;2;1;1.0;3.0;49.40986;2.1103;2024-06-23 11:50:00
202400028913.0;5;74;74225;2;1;8.0;6.0;45.872934;5.934618;2024-08-02 21:41:00
202400028914.0;1;59;59378;2;1;1.0;2.0;50.66695;3.07711;2024-06-23 11:20:00
202400028915.0;3;74;74021;1;1;1.0;7.0;46.164246;6.272138;2024-06-17 21:50:00
202400028916.0;1;54;54521;2;1;7.0;6.0;49.47034;5.91226;2024-06-23 20:16:00
202400028917.0;1;19;19173;1;3;1.0;3.0;45.16620002;2.1855576;2024-07-15 12:35:00
202400028918.0;3;50;50218;1;1;1.0;6.0;48.826461;-1.578227;2024-06-23 03:25:00
202400028919.0;1;973;97302;2;6;1.0;3.0;4.9246725;-52.32332003;2024-11-10 16:51:00
202400028920.0;1;49;49328;2;1;1.0;3.0;47.26296;-0.05489;2024-06-23 16:50:00
202400028921.0;2;69;69383;2;3;1.0;1.0;45.74111189;4.88583999;2024-11-11 17:55:00
202400028922.0;1;45;45234;2;1;1.0;6.0;47.897998;1.905135;2024-06-23 16:30:00
202400028923.0;1;69;69383;2;2;1.0;1.0;45.76291;4.86179;2024-11-11 14:15:00
202400028924.0;1;45;45075;2;1;1.0;6.0;47.89383;1.840377;2024-06-23 10:36:00
202400028925.0;1;69;69388;2;8;1.0;3.0;45.74235;4.85821;2024-11-11 14:30:00
202400028926.0;1;44;44109;2;1;1.0;6.0;47.25371;-1.54373;2024-06-22 16:30:00
202400028927.0;5;69;69385;2;1;1.0;3.0;45.76329;4.82583;2024-11-11 04:00:00
202400028928.0;1;42;42170;1;1;1.0;6.0;46.06101;4.11827;2024-06-21 17:15:00
202400028929.0;3;971;97113;1;1;2.0;2.0;16.21773;-61.4914;2024-11-11 02:30:00
202400028930.0;1;37;37122;1;9;1.0;7.0;47.34101108;0.65241694;2024-06-23 10:00:00
202400028931.0;5;91;91286;2;1;1.0;5.0;48.66678;2.39603;2024-11-11 21:39:00
202400028932.0;1;31;31555;2;3;1.0;1.0;43.57999383;1.41211733;2024-06-23 15:20:00
202400028933.0;2;91;91174;2;3;1.0;6.0;48.60886;2.47949;2024-11-11 07:45:00
202400028934.0;2;29;29232;1;1;2.0;6.0;47.98524215;-4.0738666;2024-06-23 06:15:00
202400028935.0;3;84;84080;1;9;1.0;2.0;44.045293;4.985256;2024-11-11 19:35:00
202400028936.0;1;29;29254;1;9;1.0;2.0;48.58212514;-3.86851252;2024-06-22 19:05:00
202400028937.0;5;78;78621;2;3;1.0;3.0;48.77922;2.01082;2024-11-10 20:20:00
202400028938.0;3;27;27554;1;1;2.0;3.0;49.13283;1.42737;2024-06-22 02:00:00
202400028939.0;2;77;77379;2;1;1.0;6.0;48.56008275;3.29930122;2024-11-11 16:40:00
202400028940.0;5;27;27681;2;3;1.0;1.0;49.08411;1.4866;2024-06-21 22:45:00
202400028941.0;1;77;77042;2;9;2.0;1.0;48.81598;3.15102;2024-11-11 13:40:00
202400028942.0;1;17;17300;2;1;1.0;3.0;46.15437;-1.14435;2024-06-22 18:22:00
202400028943.0;5;76;76540;2;2;1.0;3.0;49.44297;1.07781;2024-11-11 18:00:00
202400028944.0;1;13;13209;1;9;1.0;1.0;43.2403;5.45349;2024-06-23 15:15:00
202400028945.0;3;72;72181;2;1;1.0;3.0;48.003295;0.195669;2024-11-11 02:50:00
202400028946.0;1;13;13210;2;9;1.0;3.0;43.27710303;5.39849935;2024-06-23 14:20:00
202400028947.0;5;71;71486;2;1;1.0;6.0;46.658;4.376;2024-11-11 18:50:00
202400028948.0;1;13;13205;2;1;1.0;2.0;43.29303;5.4018;2024-06-23 11:30:00
202400028949.0;5;69;69259;2;9;9.0;6.0;45.7157;4.87812;2024-11-11 18:30:00
202400028950.0;1;67;67482;2;1;8.0;6.0;48.56607;7.70344;2024-11-11 08:50:00
202400028951.0;5;47;47031;2;1;1.0;6.0;44.17877;0.63267;2024-11-11 19:20:00
202400028952.0;1;42;42275;1;1;1.0;6.0;45.47633;4.38222;2024-10-09 12:35:00
202400028953.0;1;37;37261;2;6;1.0;7.0;47.39466;0.7044;2024-11-11 13:05:00
202400028954.0;1;33;33069;2;1;1.0;6.0;44.86778;-0.60321;2024-11-11 13:30:00
202400028955.0;5;32;32013;2;3;1.0;3.0;43.63509;0.58314;2024-11-11 05:52:00
202400028956.0;5;29;29232;2;1;1.0;7.0;47.991194;-4.115457;2024-11-11 23:11:00
202400028957.0;5;29;29232;2;1;1.0;3.0;47.99169;-4.0766;2024-11-11 18:50:00
202400028958.0;1;29;29019;2;2;1.0;3.0;48.384176;-4.500803;2024-11-11 17:32:00
202400028959.0;3;25;25056;2;3;2.0;3.0;47.242751;6.017061;2024-11-11 18:20:00
202400028960.0;3;22;22360;1;1;1.0;6.0;48.47497;-2.73771;2024-11-11 06:38:00
202400028961.0;5;13;13203;2;1;1.0;3.0;43.30409;5.37371;2024-11-11 20:30:00
202400028962.0;5;13;13207;2;1;1.0;3.0;43.27494;5.36106;2024-11-11 19:45:00
202400028963.0;5;13;13214;2;3;1.0;3.0;43.34004;5.39928;2024-11-11 02:30:00
202400028964.0;4;75;75108;2;3;1.0;2.0;48.868378;2.323272;2024-11-11 03:41:00
202400028965.0;1;75;75106;2;2;1.0;3.0;48.847912;2.327761;2024-11-11 12:50:00
202400028966.0;1;75;75119;2;2;1.0;6.0;48.882988;2.385572;2024-11-11 12:12:00
202400028967.0;5;75;75119;2;3;1.0;2.0;48.885173;2.379355;2024-11-11 06:46:00
202400028968.0;1;75;75108;2;7;1.0;3.0;48.864529;2.301299;2024-11-11 10:20:00
202400028969.0;5;75;75115;2;2;1.0;3.0;48.846522;2.285402;2024-11-11 19:48:00
202400028970.0;3;75;75115;2;1;1.0;6.0;48.850567;2.30098;2024-11-10 20:40:00
202400028971.0;5;75;75110;2;1;1.0;3.0;48.87312;2.37005;2024-11-11 17:15:00
202400028972.0;5;75;75107;2;1;1.0;3.0;48.854483;2.309603;2024-11-11 19:43:00
202400028973.0;1;94;94046;2;3;1.0;3.0;48.812415;2.422089;2024-11-11 16:20:00
202400028974.0;5;94;94077;2;9;1.0;6.0;48.731203;2.415749;2024-11-11 20:05:00
202400028975.0;5;94;94075;2;3;1.0;3.0;48.71794;2.5354;2024-11-11 20:30:00
202400028976.0;1;93;93059;2;1;1.0;3.0;48.95471111;2.35814629;2024-11-11 13:20:00
202400028977.0;5;93;93051;2;1;1.0;1.0;48.84586;2.57278;2024-11-10 19:05:00
202400028978.0;3;93;93050;2;1;1.0;6.0;48.87381385;2.55274773;2024-11-11 07:15:00
202400028979.0;3;93;93031;2;1;1.0;6.0;48.95475906;2.32678735;2024-11-11 07:10:00
202400028980.0;5;93;93001;2;6;1.0;2.0;48.9211497;2.37587321;2024-11-11 18:30:00
202400028981.0;1;34;34088;1;1;1.0;7.0;43.574499;3.680441;2024-11-10 12:00:00
202400028982.0;5;71;71360;1;2;1.0;3.0;46.322218;4.767241;2024-11-11 18:00:00
202400028983.0;3;47;47075;1;1;1.0;5.0;44.303213;0.700625;2024-11-12 06:30:00
202400028984.0;1;39;39494;1;1;1.0;3.0;46.588874;5.920921;2024-09-18 15:45:00
202400028985.0;3;24;24059;1;1;1.0;6.0;45.021097;0.377848;2024-11-10 22:40:00
202400028986.0;1;1;1381;1;3;1.0;6.0;46.038312;5.14894;2024-11-11 15:00:00
202400028987.0;3;86;86086;1;1;1.0;6.0;46.824831;0.728203;2024-11-10 21:20:00
202400028988.0;5;1;1007;1;1;1.0;1.0;46.007306;5.341136;2024-11-11 17:37:00
202400028989.0;1;33;33352;2;1;1.0;1.0;44.581531;-0.037283;2024-11-11 15:15:00
202400028990.0;5;57;57066;1;1;1.0;3.0;48.812862;7.009481;2024-11-10 17:20:00
202400028991.0;3;28;28141;1;1;1.0;4.0;48.329138;1.381568;2024-11-11 19:29:00
202400028992.0;3;28;28403;1;1;1.0;6.0;48.373642;1.471095;2024-11-08 21:53:00
202400028993.0;1;1;1353;1;1;1.0;5.0;45.960607;4.800317;2024-11-11 14:00:00
202400028994.0;3;30;30217;2;1;2.0;7.0;43.958298;4.741711;2024-11-12 21:00:00
202400028995.0;5;41;41265;2;1;1.0;6.0;47.776984;0.797979;2024-11-11 17:10:00
202400028996.0;1;62;62773;1;4;1.0;6.0;50.63446;1.780756;2024-11-11 13:30:00
202400028997.0;1;51;51516;1;1;1.0;3.0;48.616839;3.909234;2024-11-12 15:00:00
202400028998.0;1;19;19150;1;2;1.0;3.0;45.070823;1.616921;2024-11-10 16:15:00
202400028999.0;1;6;6064;1;1;1.0;3.0;43.752792;7.182215;2024-12-18 14:55:00
202400029000.0;1;2A;2A271;1;1;1.0;6.0;41.979496;8.833244;2024-12-17 08:45:00
202400029001.0;1;79;79355;2;6;1.0;3.0;46.31488;-0.360339;2024-11-10 10:00:00
202400029002.0;3;11;11325;1;6;1.0;6.0;43.118242;2.285371;2024-12-02 23:45:00
202400029003.0;1;71;71522;1;1;3.0;6.0;46.597595;4.93997;2024-12-19 13:00:00
202400029004.0;5;2B;2B207;2;1;1.0;2.0;42.444674;9.507621;2024-11-11 19:15:00
202400029005.0;1;84;84051;1;1;1.0;6.0;43.864501;5.231938;2024-12-19 11:55:00
202400029006.0;2;82;82155;2;1;1.0;3.0;44.149442;1.748693;2024-11-12 18:00:00
202400029007.0;3;58;58210;1;1;2.0;7.0;47.12452;4.073782;2024-12-19 06:30:00
202400029008.0;1;64;64499;2;7;1.0;6.0;43.470857;-0.925239;2024-12-18 16:00:00
202400029009.0;1;63;63457;1;1;1.0;6.0;45.64329715;3.27304115;2024-10-27 17:10:00
202400029010.0;1;16;16085;2;3;3.0;6.0;45.825005;0.450788;2024-12-19 09:45:00
202400029011.0;3;86;86244;1;4;1.0;3.0;46.384374;0.091243;2024-10-12 20:00:00
202400029012.0;2;4;4139;1;1;2.0;2.0;44.16808;5.847768;2024-12-13 08:30:00
202400029013.0;1;85;85081;1;1;1.0;6.0;46.749863;-1.384465;2024-12-19 16:25:00
202400029014.0;1;72;72320;1;4;1.0;6.0;48.054074;0.183764;2024-12-17 10:00:00
202400029015.0;5;987;98738;2;9;1.0;1.0;-17.61732143;-149.61434841;2024-12-19 01:29:00
202400029016.0;3;63;63113;1;1;1.0;2.0;45.78018648;3.14141651;2024-12-18 23:45:00
202400029017.0;1;72;72123;1;1;1.0;2.0;47.838625;-0.132179;2024-12-19 13:15:00
202400029018.0;3;33;33199;1;1;1.0;2.0;44.614621;-1.054044;2024-12-11 19:55:00
202400029019.0;1;14;14555;1;1;8.0;6.0;49.302649;0.281854;2024-12-18 11:50:00
202400029020.0;3;77;77126;1;1;2.0;1.0;49.013892;2.943134;2024-12-18 19:24:00
202400029021.0;5;78;78089;2;1;1.0;3.0;49.035844;1.574788;2024-12-03 17:15:00
202400029022.0;3;66;66165;1;1;2.0;6.0;42.652488;2.546264;2024-12-19 04:10:00
202400029023.0;1;34;34329;1;1;1.0;6.0;43.259597;3.244218;2024-12-18 16:10:00
202400029024.0;4;83;83047;2;6;1.0;6.0;43.14673;6.068562;2024-12-18 18:20:00
202400029025.0;1;13;13030;2;9;1.0;6.0;43.275932;5.701974;2024-12-19 10:37:00
202400029026.0;1;63;63284;2;2;1.0;3.0;45.795073;3.240216;2024-11-30 09:40:00
202400029027.0;1;38;38407;1;1;3.0;1.0;45.341182;5.664428;2024-12-19 07:47:00
202400029028.0;5;26;26347;2;3;1.0;1.0;45.067618;4.847605;2024-12-18 06:30:00
202400029029.0;1;7;7245;2;1;1.0;6.0;45.077139;4.816929;2024-12-16 14:45:00
202400029030.0;1;1;1275;1;6;5.0;2.0;45.8134516;4.93574202;2024-12-18 09:30:00
202400029031.0;2;49;49023;2;3;2.0;6.0;47.203928;-0.99724;2024-12-18 17:10:00
202400029032.0;1;56;56151;1;2;2.0;3.0;48.093531;-2.907579;2024-12-19 10:20:00
202400029033.0;3;80;80582;1;1;3.0;6.0;49.79948;2.145102;2024-12-19 00:10:00
202400029034.0;1;80;80708;1;1;1.0;2.0;49.690065;2.771945;2024-12-19 11:30:00
202400029035.0;3;59;59449;2;1;2.0;1.0;50.468301;3.252097;2024-12-19 17:10:00
202400029036.0;3;59;59168;1;1;2.0;7.0;50.58509;3.225389;2024-12-19 17:55:00
202400029037.0;1;13;13071;1;1;1.0;2.0;43.406217;5.32315593;2024-12-15 13:50:00
202400029038.0;3;13;13043;1;1;1.0;2.0;43.39129821;5.26458933;2024-12-15 01:13:00
202400029039.0;3;57;57416;1;1;8.0;7.0;48.98961955;6.10486247;2024-12-17 19:50:00
202400029040.0;5;94;94069;2;3;2.0;2.0;48.81702566;2.4198541;2024-03-05 00:01:00
202400029041.0;2;54;54215;1;9;5.0;5.0;48.74118203;6.15300894;2024-11-29 07:20:00
202400029042.0;1;94;94017;2;1;1.0;3.0;48.82326648;2.49508055;2024-03-05 08:40:00
202400029043.0;1;33;33281;1;1;1.0;4.0;44.826621;-0.675274;2024-12-18 08:20:00
202400029044.0;3;91;91432;1;1;1.0;5.0;48.6928;2.3208;2024-12-18 17:30:00
202400029045.0;1;93;93051;2;2;8.0;3.0;48.84952;2.54713;2024-03-05 08:00:00
202400029046.0;1;91;91689;1;1;1.0;3.0;48.739928;2.320256;2024-12-18 12:54:00
202400029047.0;1;91;91161;1;1;1.0;2.0;48.7105;2.3011;2024-12-18 09:52:00
202400029048.0;1;93;93048;2;5;1.0;6.0;48.855;2.41897;2024-03-04 17:40:00
202400029049.0;4;91;91340;1;1;1.0;6.0;48.60115988;2.43869454;2024-12-18 01:10:00
202400029050.0;5;78;78242;1;1;1.0;3.0;48.805933;2.051333;2024-12-18 06:40:00
202400029051.0;5;93;93048;2;1;1.0;6.0;48.862974;2.441747;2024-03-03 19:20:00
202400029052.0;2;78;78073;1;1;1.0;6.0;48.798516;2.005039;2024-12-17 17:10:00
202400029053.0;1;93;93005;2;7;1.0;3.0;48.955857;2.48168;2024-03-04 17:50:00
202400029054.0;1;92;92047;1;1;8.0;3.0;48.83524106;2.17705758;2024-12-17 09:10:00
202400029055.0;5;94;94033;1;1;1.0;2.0;48.85841005;2.48778049;2024-12-18 20:40:00
202400029056.0;1;92;92050;2;1;1.0;6.0;48.88583268;2.2176227;2024-03-04 10:05:00
202400029057.0;1;94;94017;1;1;8.0;3.0;48.82872227;2.47703472;2024-12-18 14:50:00
202400029058.0;3;64;64545;1;1;6.0;6.0;43.359917;-1.72679;2024-11-24 00:10:00
202400029059.0;1;92;92020;2;1;1.0;3.0;48.79468149;2.27324456;2024-03-05 12:15:00
202400029060.0;1;27;27284;2;1;1.0;5.0;49.276807;1.759615;2024-08-17 14:10:00
202400029061.0;1;35;35239;2;4;8.0;3.0;47.91453;-1.380646;2024-03-05 15:52:00
202400029062.0;1;74;74012;2;2;1.0;1.0;46.19795;6.2361;2024-10-15 16:30:00
202400029063.0;1;35;35002;1;1;1.0;1.0;48.01453;-1.479163;2024-01-29 14:36:00
202400029064.0;1;91;91086;2;1;1.0;7.0;48.611629;2.363192;2024-09-30 13:36:00
202400029065.0;1;51;51066;1;1;1.0;7.0;48.667137;4.584067;2024-03-05 09:13:00
202400029066.0;1;76;76575;2;3;1.0;1.0;49.39864178;1.06290042;2024-09-18 18:05:00
202400029067.0;5;76;76540;2;1;1.0;6.0;49.4413635;1.08175064;2024-09-13 23:20:00
202400029068.0;1;76;76540;2;1;1.0;6.0;49.44013;1.08853;2024-09-10 17:55:00
202400029069.0;1;28;28100;1;1;2.0;1.0;48.441237;1.354412;2024-03-05 17:10:00
202400029070.0;4;76;76178;2;3;1.0;1.0;49.30674;1.02801;2024-09-06 00:30:00
202400029071.0;5;76;76540;2;7;1.0;6.0;49.44352;1.09887;2024-08-29 01:50:00
202400029072.0;1;19;19162;1;1;9.0;2.0;45.33906529;1.57226867;2024-03-05 17:15:00
202400029073.0;1;76;76540;2;3;1.0;6.0;49.4399;1.09027;2024-08-27 11:05:00
202400029074.0;1;30;30135;1;1;1.0;3.0;43.828877;4.590504;2024-03-06 09:15:00
202400029075.0;5;76;76540;2;3;1.0;1.0;49.43628911;1.10120206;2024-08-08 22:12:00
202400029076.0;1;62;62566;2;1;1.0;1.0;50.676677;1.860353;2024-03-06 12:15:00
202400029077.0;1;56;56243;2;6;1.0;7.0;47.650504;-2.723306;2024-03-05 14:40:00
202400029078.0;1;13;13004;1;1;1.0;1.0;43.585303;4.457231;2024-08-28 15:50:00
202400029079.0;3;80;80361;1;1;1.0;7.0;49.92661;1.794505;2024-03-05 18:50:00
202400029080.0;3;13;13004;1;1;1.0;2.0;43.64516679;4.69903804;2024-08-01 00:15:00
202400029081.0;1;71;71295;2;3;8.0;3.0;46.800272;5.178241;2024-03-06 07:20:00
202400029082.0;1;13;13004;1;1;7.0;2.0;43.642221;4.564369;2024-07-10 14:50:00
202400029083.0;1;71;71520;2;1;3.0;1.0;46.742156;4.844214;2024-03-05 11:55:00
202400029084.0;1;61;61093;2;1;1.0;6.0;48.729464;-0.674641;2024-03-06 08:40:00
202400029085.0;1;973;97302;2;3;1.0;3.0;4.92798615;-52.31387275;2024-12-16 17:15:00
202400029086.0;1;1;1015;1;1;2.0;6.0;45.729775;5.642638;2024-03-05 13:30:00
202400029087.0;5;69;69387;2;2;1.0;3.0;45.75115;4.84526;2024-12-16 18:45:00
202400029088.0;5;58;58011;2;1;1.0;3.0;47.455962;3.550429;2024-02-06 18:00:00
202400029089.0;1;972;97213;2;1;1.0;1.0;14.61999;-60.96335;2024-12-16 11:49:00
202400029090.0;3;54;54029;1;1;9.0;6.0;49.36369719;5.90710402;2024-03-06 04:40:00
202400029091.0;2;69;69034;2;3;1.0;3.0;45.79138;4.86215;2024-12-16 07:50:00
202400029092.0;1;72;72132;2;1;1.0;6.0;48.179383;0.653075;2024-03-06 16:15:00
202400029093.0;1;971;97101;1;1;1.0;4.0;16.27284;-61.51859;2024-12-16 16:00:00
202400029094.0;1;72;72360;1;1;1.0;1.0;48.021567;0.111848;2024-03-05 11:00:00
202400029095.0;3;971;97101;1;1;1.0;2.0;16.28429;-61.50583;2024-12-14 20:10:00
202400029096.0;3;60;60132;1;1;1.0;6.0;49.627336;2.923307;2024-03-06 00:04:00
202400029097.0;3;971;97101;1;1;1.0;6.0;16.28462;-61.50595;2024-12-14 19:45:00
202400029098.0;3;45;45204;1;1;2.0;7.0;47.79191;1.823752;2024-03-05 19:30:00
202400029099.0;1;2A;2A004;1;9;1.0;3.0;41.93411;8.79195;2024-12-16 15:25:00
202400029100.0;1;18;18265;1;1;7.0;2.0;47.018356;2.97134;2024-03-04 11:30:00
202400029101.0;1;2A;2A004;2;2;1.0;6.0;41.93279;8.73741;2024-12-16 10:10:00
202400029102.0;1;10;10106;1;1;8.0;6.0;48.45912;3.411942;2024-03-06 17:35:00
202400029103.0;5;95;95203;2;1;2.0;2.0;48.99744693;2.26908708;2024-12-16 19:45:00
202400029104.0;3;36;36005;1;1;1.0;6.0;46.762443;1.82608;2024-02-25 22:30:00
202400029105.0;1;7;7334;2;1;1.0;6.0;44.404801;4.131428;2024-03-06 09:20:00
202400029106.0;1;85;85128;2;1;1.0;2.0;46.458971;-1.1369454;2024-03-05 15:35:00
202400029107.0;1;91;91479;2;3;2.0;3.0;48.70575;2.35893;2024-12-16 12:53:00
202400029108.0;5;91;91589;2;2;2.0;3.0;48.69052;2.34975;2024-12-15 18:50:00
202400029109.0;1;27;27660;1;2;2.0;3.0;48.973053;0.508611;2024-03-05 08:50:00
202400029110.0;1;91;91228;2;1;8.0;6.0;48.618262;2.432908;2024-12-16 14:00:00
202400029111.0;3;24;24167;1;1;1.0;2.0;44.68046319;0.42263031;2024-03-05 20:00:00
202400029112.0;1;90;90010;2;1;1.0;2.0;47.63879;6.875596;2024-12-15 13:44:00
202400029113.0;1;987;98738;1;1;1.0;1.0;-17.618214;-149.547105;2024-03-04 11:50:00
202400029114.0;1;89;89024;2;2;8.0;3.0;47.81572;3.57657;2024-12-14 15:55:00
202400029115.0;1;6;6152;1;1;1.0;4.0;43.64388157;7.01497793;2024-02-17 16:35:00
202400029116.0;1;87;87085;2;1;2.0;6.0;45.83204;1.26375;2024-12-13 17:41:00
202400029117.0;3;42;42304;1;1;1.0;1.0;45.53135;4.197818;2024-03-06 05:25:00
202400029118.0;5;87;87085;2;3;2.0;3.0;45.83566;1.25265;2024-12-13 18:04:00
202400029119.0;1;82;82037;1;1;4.0;5.0;44.145261;1.50517;2024-03-05 18:20:00
202400029120.0;1;87;87085;2;2;1.0;3.0;45.82605;1.26791;2024-12-13 16:09:00
202400029121.0;1;53;53262;1;1;1.0;5.0;48.06190306;-0.59281169;2024-03-06 09:45:00
202400029122.0;3;84;84031;1;3;1.0;5.0;44.06932;5.04278;2024-12-16 20:15:00
202400029123.0;3;68;68015;1;1;2.0;6.0;47.789596;7.446893;2024-03-06 00:35:00
202400029124.0;1;84;84007;2;1;1.0;3.0;43.92467;4.85042;2024-12-16 15:15:00
202400029125.0;1;84;84007;2;3;1.0;3.0;43.93252;4.88062;2024-12-16 11:40:00
202400029126.0;1;83;83137;2;1;1.0;6.0;43.11533397;5.98104554;2024-12-16 13:35:00
202400029127.0;1;64;64521;1;1;4.0;4.0;43.411143;-0.56586;2024-03-03 17:50:00
202400029128.0;1;83;83137;2;1;1.0;1.0;43.12584;5.92771;2024-12-14 16:05:00
202400029129.0;3;60;60254;1;1;1.0;2.0;49.45483202;2.70045233;2024-03-06 04:10:00
202400029130.0;5;988;98817;2;3;1.0;6.0;-22.265795;166.61501;2024-03-05 19:30:00
202400029131.0;1;83;83144;2;4;1.0;1.0;43.14273;6.00775;2024-12-14 16:45:00
202400029132.0;1;83;83126;2;1;1.0;6.0;43.11188;5.85019;2024-12-13 15:15:00
202400029133.0;3;971;97118;1;1;1.0;6.0;16.202755;-61.636198;2024-03-05 21:50:00
202400029134.0;1;978;97801;2;1;1.0;1.0;18.0581;-63.096955;2024-03-04 10:20:00
202400029135.0;1;83;83061;2;6;1.0;3.0;43.4307;6.73559;2024-12-12 15:40:00
202400029136.0;2;972;97228;1;1;1.0;7.0;14.77925;-61.028355;2024-03-05 18:30:00
202400029137.0;1;2B;2B307;1;1;1.0;7.0;42.382482;9.517819;2024-03-05 15:20:00
202400029138.0;5;79;79191;2;3;1.0;3.0;46.32141;-0.47915;2024-12-16 05:53:00
202400029139.0;3;34;34285;2;7;1.0;6.0;43.512962;3.487526;2024-03-04 20:30:00
202400029140.0;2;77;77285;2;6;2.0;6.0;48.54908;2.63974;2024-12-16 07:11:00
202400029141.0;1;76;76165;2;3;1.0;6.0;49.28222;1.01893;2024-12-16 12:00:00
202400029142.0;1;89;89298;1;1;2.0;4.0;48.032344;3.12472;2024-03-06 10:25:00
202400029143.0;2;74;74012;2;1;1.0;7.0;46.18782;6.23246;2024-12-16 08:00:00
202400029144.0;5;68;68072;2;3;1.0;1.0;47.694691;7.404772;2024-03-05 18:43:00
202400029145.0;1;73;73065;2;1;1.0;2.0;45.58172;5.91129;2024-12-16 15:00:00
202400029146.0;1;42;42094;2;6;1.0;2.0;45.745404;4.225422;2024-03-06 11:55:00
202400029147.0;1;73;73065;2;1;1.0;4.0;45.58172;5.91129;2024-12-16 15:45:00
202400029148.0;1;26;26309;1;1;4.0;6.0;45.07966245;5.46593428;2024-03-05 17:15:00
202400029149.0;3;72;72003;1;1;8.0;7.0;47.9822;0.13954;2024-12-16 05:00:00
202400029150.0;1;49;49301;1;1;1.0;7.0;47.110064;-1.110413;2024-03-06 12:00:00
202400029151.0;1;56;56167;1;1;3.0;5.0;47.664737;-2.897537;2024-03-01 09:33:00
202400029152.0;1;70;70261;1;1;2.0;5.0;47.624588;6.206015;2024-12-14 13:59:00
202400029153.0;1;29;29103;2;6;1.0;6.0;48.453244;-4.256203;2024-03-05 09:50:00
202400029154.0;1;64;64445;2;1;1.0;6.0;43.31103;-0.3502;2024-12-16 17:10:00
202400029155.0;1;64;64335;1;1;1.0;2.0;43.33544;-0.46134;2024-12-16 08:15:00
202400029156.0;1;27;27525;1;1;1.0;6.0;49.097279;1.348979;2024-03-06 12:30:00
202400029157.0;2;64;64129;2;1;1.0;2.0;43.30577;-0.40301;2024-12-16 07:25:00
202400029158.0;1;60;60103;1;1;1.0;2.0;49.415385;2.261853;2024-03-06 16:30:00
202400029159.0;1;64;64445;2;6;1.0;3.0;43.31305;-0.36899;2024-12-16 09:30:00
202400029160.0;1;13;13106;1;1;1.0;3.0;43.40527907;5.3600054;2024-03-05 15:55:00
202400029161.0;5;64;64445;2;1;1.0;3.0;43.31863;-0.35922;2024-12-16 06:50:00
202400029162.0;5;60;60057;2;1;1.0;6.0;49.43863653;2.08854926;2024-12-16 08:25:00
202400029163.0;3;13;13211;1;1;1.0;2.0;43.29207811;5.45266634;2024-03-04 20:00:00
202400029164.0;5;59;59324;2;3;1.0;3.0;50.29515;4.0863;2024-12-12 17:45:00
202400029165.0;1;13;13071;1;1;1.0;4.0;43.40939184;5.28588321;2024-03-05 13:45:00