Num_Acc;lum;departement;commune;agglomeration;intersection;meteo;type_collision;lat;long;date
202400029166.0;1;59;59527;2;2;2.0;6.0;50.662171;3.050161;2024-12-16 08:30:00
202400029167.0;1;57;57683;2;1;1.0;6.0;49.3011392;6.16238146;2024-12-13 16:28:00
202400029168.0;1;13;13213;1;1;1.0;2.0;43.32632788;5.42112018;2024-03-04 10:27:00
202400029169.0;1;56;56260;1;1;1.0;3.0;47.65289;-2.71543;2024-12-16 08:40:00
202400029170.0;3;13;13117;1;1;1.0;6.0;43.432;5.2581;2024-03-05 00:13:00
202400029171.0;4;56;56036;2;6;1.0;6.0;47.780303;-3.351311;2024-12-14 01:02:00
202400029172.0;1;13;13071;1;1;1.0;2.0;43.40479107;5.34038573;2024-03-04 12:51:00
202400029173.0;1;56;56121;2;9;1.0;3.0;47.76351;-3.36732;2024-12-15 12:50:00
202400029174.0;5;54;54395;2;1;1.0;6.0;48.69164973;6.13843113;2024-12-15 18:10:00
202400029175.0;1;91;91228;1;1;2.0;3.0;48.6255;2.41772;2024-03-05 12:45:00
202400029176.0;5;54;54323;2;1;2.0;6.0;49.52375164;5.76447755;2024-12-16 17:20:00
202400029177.0;3;94;94076;1;1;2.0;2.0;48.78543196;2.34573083;2024-03-05 04:23:00
202400029178.0;1;54;54273;2;6;8.0;6.0;49.15581;5.88394;2024-12-16 12:00:00
202400029179.0;1;93;93005;1;1;8.0;5.0;48.93958962;2.47948796;2024-03-05 08:30:00
202400029180.0;5;51;51454;2;3;1.0;3.0;49.23952;4.00758;2024-12-15 02:25:00
202400029181.0;1;44;44143;2;1;1.0;7.0;47.19382195;-1.57067801;2024-02-01 14:20:00
202400029182.0;3;51;51474;1;1;2.0;1.0;49.28301;3.991896;2024-12-14 17:15:00
202400029183.0;1;51;51108;2;1;8.0;6.0;48.94916;4.37091;2024-12-14 12:03:00
202400029184.0;3;44;44190;1;1;8.0;4.0;47.19102726;-1.49031174;2024-01-31 19:00:00
202400029185.0;1;45;45169;2;2;8.0;3.0;47.92063;1.82638;2024-12-16 12:15:00
202400029186.0;1;45;45286;2;1;1.0;6.0;47.880801;1.934193;2024-12-16 09:40:00
202400029187.0;5;44;44109;2;2;1.0;3.0;47.2614;-1.57095;2024-12-16 22:15:00
202400029188.0;1;44;44143;2;6;8.0;3.0;47.18928357;-1.55196178;2024-01-30 13:20:00
202400029189.0;5;43;43041;2;1;1.0;6.0;45.0529;3.911;2024-12-07 02:40:00
202400029190.0;5;41;41018;2;1;5.0;1.0;47.58213;1.30119;2024-12-16 05:35:00
202400029191.0;1;44;44109;2;1;8.0;4.0;47.21805761;-1.55303704;2024-01-31 08:48:00
202400029192.0;1;37;37261;2;1;2.0;6.0;47.38777;0.67655;2024-12-16 08:35:00
202400029193.0;5;36;36044;2;1;8.0;6.0;46.81570928;1.70882866;2024-12-15 20:05:00
202400029194.0;2;44;44109;2;2;1.0;3.0;47.20694207;-1.53970599;2024-01-30 08:00:00
202400029195.0;5;34;34301;2;3;1.0;6.0;43.3946;3.67727;2024-12-16 19:30:00
202400029196.0;1;34;34172;2;3;1.0;6.0;43.59686;3.88052;2024-12-16 13:35:00
202400029197.0;1;44;44109;2;3;8.0;3.0;47.25438276;-1.51313781;2024-01-30 10:35:00
202400029198.0;5;33;33550;2;1;1.0;3.0;44.76475;-0.56123;2024-12-16 20:04:00
202400029199.0;1;44;44109;2;1;8.0;3.0;47.2719913;-1.51632199;2024-01-30 09:20:00
202400029200.0;1;44;44109;2;1;8.0;6.0;47.26073316;-1.57436549;2024-01-29 10:45:00
202400029201.0;1;44;44109;2;6;8.0;2.0;47.24873457;-1.53035126;2024-01-24 13:20:00
202400029202.0;1;33;33069;2;1;1.0;3.0;44.85597;-0.59224;2024-12-16 15:45:00
202400029203.0;1;44;44109;2;1;8.0;6.0;47.19827283;-1.59922479;2024-01-24 07:30:00
202400029204.0;5;44;44109;2;1;8.0;3.0;47.22216899;-1.55657321;2024-01-21 05:29:00
202400029205.0;1;33;33522;2;6;1.0;3.0;44.80142;-0.581;2024-12-16 09:40:00
202400029206.0;5;44;44143;2;6;8.0;2.0;47.1953603;-1.56230579;2024-01-19 14:00:00
202400029207.0;1;32;32013;2;1;1.0;7.0;43.6495;0.59754;2024-12-16 13:55:00
202400029208.0;2;44;44162;2;1;8.0;6.0;47.22387775;-1.62788141;2024-01-19 08:00:00
202400029209.0;1;976;97611;1;1;1.0;1.0;-12.79215;45.22112;2024-03-04 10:28:00
202400029210.0;3;22;22113;2;4;1.0;3.0;48.72927;-3.47525;2024-12-16 20:05:00
202400029211.0;5;974;97411;2;6;1.0;3.0;-20.89242;55.49162;2024-03-04 21:25:00
202400029212.0;1;973;97302;2;1;1.0;3.0;4.92968519;-52.31333256;2024-03-04 08:00:00
202400029213.0;1;19;19031;2;1;1.0;1.0;45.1569;1.51309;2024-12-16 16:10:00
202400029214.0;2;69;69387;2;2;1.0;3.0;45.74918;4.83842;2024-03-01 05:30:00
202400029215.0;1;19;19031;2;2;1.0;3.0;45.15432;1.51214;2024-12-16 09:45:00
202400029216.0;1;69;69383;2;2;1.0;3.0;45.75998;4.84108;2024-03-04 10:15:00
202400029217.0;1;971;97113;1;1;1.0;3.0;16.20873;-61.47011;2024-03-04 08:00:00
202400029218.0;1;13;13213;2;1;1.0;3.0;43.32;5.44;2024-12-16 13:15:00
202400029219.0;5;971;97101;2;1;1.0;2.0;16.25191;-61.52026;2024-03-03 18:25:00
202400029220.0;1;13;13215;2;1;1.0;1.0;43.34907;5.35898;2024-12-16 08:35:00
202400029221.0;1;971;97113;2;1;1.0;6.0;16.23821684;-61.49960876;2024-03-03 12:30:00
202400029222.0;1;13;13047;2;6;1.0;3.0;43.49829;4.98599;2024-12-16 16:00:00
202400029223.0;5;10;10081;2;6;2.0;6.0;48.30479;4.02664;2024-12-16 19:55:00
202400029224.0;5;971;97120;2;1;1.0;1.0;16.23036;-61.53382;2024-03-03 00:07:00
202400029225.0;1;7;7281;1;1;1.0;1.0;44.930158;4.812462;2024-12-16 10:20:00
202400029226.0;3;971;97107;2;3;1.0;6.0;16.05413;-61.56187;2024-02-29 19:40:00
202400029227.0;1;95;95060;2;1;1.0;6.0;49.0367379;2.21250862;2024-03-04 14:00:00
202400029228.0;1;7;7070;2;3;1.0;6.0;44.96476;4.84937;2024-12-16 10:10:00
202400029229.0;1;6;6030;2;1;7.0;6.0;43.56728;6.99193;2024-12-16 10:15:00
202400029230.0;5;95;95051;2;1;1.0;3.0;49.01080194;2.19286948;2024-03-03 20:45:00
202400029231.0;1;6;6155;2;6;1.0;3.0;43.57408;7.04866;2024-12-15 10:00:00
202400029232.0;1;95;95607;2;3;1.0;3.0;49.02115613;2.1967265;2024-03-04 08:55:00
202400029233.0;1;75;75114;2;1;8.0;2.0;48.817212;2.334982;2024-12-16 10:00:00
202400029234.0;1;95;95252;2;2;1.0;6.0;48.98023839;2.23512419;2024-03-04 07:25:00
202400029235.0;1;95;95210;2;1;1.0;6.0;48.96348;2.31222;2024-03-04 12:30:00
202400029236.0;1;75;75118;2;7;1.0;3.0;48.896053;2.346042;2024-12-17 09:45:00
202400029237.0;1;95;95063;2;1;1.0;3.0;48.9278027;2.21081883;2024-03-04 07:25:00
202400029238.0;5;75;75117;2;4;1.0;3.0;48.891243;2.319301;2024-12-17 20:45:00
202400029239.0;1;91;91021;2;1;2.0;2.0;48.59946;2.2408;2024-02-29 07:57:00
202400029240.0;5;75;75117;2;3;1.0;6.0;48.891109;2.31799;2024-12-17 18:20:00
202400029241.0;1;91;91657;2;1;1.0;3.0;48.707614;2.413718;2024-03-04 09:40:00
202400029242.0;5;91;91114;2;2;2.0;3.0;48.70142;2.49359;2024-03-03 00:15:00
202400029243.0;1;75;75116;2;2;1.0;1.0;48.874924;2.271135;2024-12-16 16:22:00
202400029244.0;1;91;91174;2;3;1.0;6.0;48.60575;2.46487;2024-03-04 14:35:00
202400029245.0;5;75;75115;2;2;1.0;6.0;48.84124;2.290144;2024-12-17 16:53:00
202400029246.0;5;85;85191;2;1;1.0;7.0;46.6682;-1.430929;2024-03-04 04:35:00
202400029247.0;1;75;75115;2;1;2.0;6.0;48.835524;2.309952;2024-12-17 13:30:00
202400029248.0;1;84;84007;2;1;3.0;6.0;43.94395;4.79616;2024-03-03 14:00:00
202400029249.0;1;75;75115;2;2;1.0;7.0;48.838659;2.269738;2024-12-16 17:05:00
202400029250.0;1;83;83137;1;1;1.0;3.0;43.15213;5.96769;2024-03-04 16:50:00
202400029251.0;5;75;75113;2;2;1.0;3.0;48.830773;2.344113;2024-12-17 20:05:00
202400029252.0;1;82;82033;2;1;1.0;2.0;44.04519;1.10379;2024-03-04 09:15:00
202400029253.0;5;75;75113;2;7;1.0;2.0;48.836403;2.359494;2024-12-17 19:15:00
202400029254.0;1;78;78350;2;1;1.0;3.0;48.876561;2.116829;2024-03-04 11:30:00
202400029255.0;1;75;75112;2;1;1.0;3.0;48.8436;2.3699;2024-12-17 12:50:00
202400029256.0;3;78;78350;1;1;1.0;1.0;48.86254;2.10506;2024-03-04 02:35:00
202400029257.0;1;75;75110;2;1;8.0;6.0;48.878291;2.361952;2024-12-17 10:35:00
202400029258.0;5;75;75107;2;1;1.0;1.0;48.86207;2.2994;2024-12-17 18:20:00
202400029259.0;2;77;77132;2;1;1.0;3.0;48.86931;2.79283;2024-03-04 06:45:00
202400029260.0;1;76;76270;1;1;2.0;6.0;49.53129;0.1405;2024-03-01 10:30:00
202400029261.0;5;94;94003;2;1;1.0;1.0;48.8007984;2.34102452;2024-12-17 18:20:00
202400029262.0;1;71;71040;2;1;1.0;7.0;46.692819;4.39132065;2024-03-03 17:00:00
202400029263.0;1;94;94017;2;3;8.0;6.0;48.81888;2.48983;2024-12-17 14:05:00
202400029264.0;3;71;71486;2;1;2.0;6.0;46.65617035;4.37087014;2024-03-02 22:55:00
202400029265.0;1;94;94071;2;9;8.0;3.0;48.77248;2.51897;2024-12-17 11:20:00
202400029266.0;5;71;71540;2;6;1.0;3.0;46.78598;4.43643;2024-03-04 21:40:00
202400029267.0;2;93;93066;2;9;1.0;3.0;48.91539593;2.35784754;2024-12-17 08:25:00
202400029268.0;1;71;71076;2;1;1.0;1.0;46.77983;4.84536;2024-02-25 17:05:00
202400029269.0;5;93;93051;2;3;1.0;6.0;48.84435;2.54545;2024-12-17 17:50:00
202400029270.0;5;69;69266;2;1;1.0;4.0;45.76782;4.90524;2024-03-03 06:15:00
202400029271.0;1;93;93051;2;9;8.0;3.0;48.8422986;2.5672594;2024-12-17 11:40:00
202400029272.0;5;69;69259;2;3;2.0;3.0;45.69493;4.89139;2024-03-03 20:00:00
202400029273.0;1;93;93046;2;1;1.0;6.0;48.91681;2.54623;2024-12-17 12:15:00
202400029274.0;5;69;69271;2;2;2.0;1.0;45.73826;4.96921;2024-03-03 20:20:00
202400029275.0;2;93;93032;2;3;2.0;6.0;48.87305;2.55931;2024-12-17 07:30:00
202400029276.0;5;69;69271;2;2;3.0;3.0;45.73997;4.953;2024-03-03 19:20:00
202400029277.0;5;93;93008;2;6;1.0;1.0;48.90089;2.44122;2024-12-17 17:45:00
202400029278.0;1;69;69271;2;2;3.0;3.0;45.72793;4.96337;2024-03-03 16:00:00
202400029279.0;2;93;93005;2;5;1.0;6.0;48.94729002;2.49225522;2024-12-17 16:50:00
202400029280.0;5;64;64102;2;3;1.0;2.0;43.48776;-1.48276;2024-03-04 06:55:00
202400029281.0;1;92;92078;2;2;1.0;3.0;48.93564316;2.33386785;2024-12-17 10:25:00
202400029282.0;1;59;59599;2;2;1.0;6.0;50.73697735;3.14466645;2024-03-04 18:00:00
202400029283.0;1;92;92046;2;3;1.0;6.0;48.82125028;2.29717657;2024-12-17 13:58:00
202400029284.0;5;92;92073;2;1;1.0;5.0;48.86117;2.2251;2024-12-17 17:10:00
202400029285.0;1;59;59508;2;9;1.0;6.0;50.738945;3.130244;2024-03-04 09:45:00
202400029286.0;5;92;92077;2;3;1.0;3.0;48.8276338;2.18446165;2024-12-17 18:54:00
202400029287.0;1;59;59183;2;1;1.0;6.0;51.03391;2.39138;2024-03-04 08:50:00
202400029288.0;5;92;92051;2;9;1.0;6.0;48.88945378;2.27267354;2024-12-16 03:00:00
202400029289.0;1;54;54257;2;1;8.0;6.0;48.64143;6.19769;2024-03-04 15:50:00
202400029290.0;1;92;92040;2;2;1.0;6.0;48.82260559;2.26797078;2024-12-17 09:13:00
202400029291.0;1;54;54395;2;1;8.0;1.0;48.693109;6.141794;2024-03-04 14:50:00
202400029292.0;3;92;92025;2;1;2.0;3.0;48.93216801;2.26614319;2024-12-16 18:52:00
202400029293.0;2;54;54547;2;1;1.0;2.0;48.65117;6.14559;2024-03-04 07:45:00
202400029294.0;1;92;92002;2;3;1.0;6.0;48.75325627;2.30916783;2024-12-17 11:15:00
202400029295.0;5;51;51573;2;1;1.0;7.0;49.25396;3.97737;2024-03-04 21:20:00
202400029296.0;2;60;60553;1;2;1.0;3.0;49.46539176;2.65968221;2024-12-18 08:00:00
202400029297.0;3;42;42170;1;1;8.0;3.0;46.03671;4.13697;2024-02-25 19:00:00
202400029298.0;1;35;35120;1;3;1.0;3.0;48.2357;-1.805996;2024-12-12 10:55:00
202400029299.0;2;42;42095;1;1;1.0;7.0;45.37843;4.29143;2024-03-04 07:25:00
202400029300.0;1;16;16316;1;1;1.0;7.0;45.594428;-0.294834;2024-12-17 14:00:00
202400029301.0;1;42;42044;2;1;1.0;6.0;45.39499475;4.32908245;2024-02-29 14:50:00
202400029302.0;1;6;6161;2;9;1.0;6.0;43.641619;7.142385;2024-12-17 13:10:00
202400029303.0;1;37;37261;2;1;1.0;7.0;47.41372;0.68676;2024-03-03 07:20:00
202400029304.0;3;31;31547;2;1;1.0;6.0;43.505949;1.299511;2024-12-18 05:00:00
202400029305.0;5;34;34172;2;2;1.0;3.0;43.58907;3.88479;2024-03-04 06:15:00
202400029306.0;3;59;59011;1;1;1.0;1.0;50.515746;2.939594;2024-12-12 22:45:00
202400029307.0;5;33;33063;2;3;2.0;3.0;44.85101;-0.59563;2024-03-04 19:00:00
202400029308.0;2;60;60176;2;2;1.0;1.0;49.23346102;2.89329994;2024-12-17 16:36:00
202400029309.0;1;33;33063;2;1;2.0;3.0;44.87237;-0.56075;2024-03-04 17:20:00
202400029310.0;1;56;56185;2;6;1.0;1.0;47.788601;-3.419784;2024-07-10 15:30:00
202400029311.0;1;31;31555;2;1;1.0;2.0;43.60757002;1.37306839;2024-03-04 08:00:00
202400029312.0;1;76;76243;1;1;2.0;1.0;49.532026;1.361167;2024-12-07 12:10:00
202400029313.0;2;2B;2B286;1;1;1.0;3.0;42.479409;9.481201;2024-12-18 07:35:00
202400029314.0;2;28;28134;2;3;1.0;6.0;48.737455;1.391956;2024-03-04 19:00:00
202400029315.0;3;27;27681;1;1;2.0;6.0;49.0988;1.50542;2024-03-04 20:30:00
202400029316.0;2;33;33424;1;1;1.0;1.0;45.11579;-0.86654;2024-12-18 07:15:00
202400029317.0;5;89;89025;2;6;1.0;1.0;47.487915;3.920086;2024-12-18 17:15:00
202400029318.0;1;27;27681;2;6;1.0;3.0;49.09385;1.46874;2024-03-04 09:00:00
202400029319.0;3;89;89233;1;1;1.0;1.0;47.618;3.75;2024-12-17 23:10:00
202400029320.0;1;27;27229;2;4;1.0;3.0;49.03358;1.14662;2024-03-04 12:35:00
202400029321.0;1;63;63211;1;1;1.0;1.0;45.45650641;3.70994845;2024-12-18 09:45:00
202400029322.0;1;26;26313;2;1;1.0;2.0;44.95776;4.92887;2024-03-04 09:15:00
202400029323.0;1;973;97302;2;2;1.0;3.0;4.93110729;-52.30915233;2024-04-10 10:50:00
202400029324.0;2;61;61462;1;1;2.0;1.0;48.720938;-0.046809;2024-12-18 07:57:00
202400029325.0;5;972;97209;1;3;1.0;7.0;14.61573;-61.05758;2024-04-11 00:45:00
202400029326.0;3;42;42313;1;1;1.0;1.0;45.72929318;4.00867599;2024-12-18 17:34:00
202400029327.0;1;69;69389;2;3;1.0;6.0;45.77512973;4.79445668;2024-04-11 11:40:00
202400029328.0;1;34;34096;1;1;5.0;6.0;43.551176;3.183643;2024-12-18 08:15:00
202400029329.0;5;13;13215;2;1;1.0;2.0;43.34333;5.35351;2024-03-04 21:47:00
202400029330.0;1;29;29202;1;1;1.0;1.0;48.44576277;-3.88223559;2024-12-18 12:45:00
202400029331.0;1;69;69034;2;1;1.0;2.0;45.79743;4.85493;2024-04-11 09:30:00
202400029332.0;1;13;13203;2;1;1.0;3.0;43.31354;5.37693;2024-02-24 17:30:00
202400029333.0;3;2;2820;1;1;2.0;7.0;49.6399;3.245366;2024-12-10 00:42:00
202400029334.0;1;15;15184;1;1;1.0;7.0;44.732223;2.198896;2024-12-17 11:45:00
202400029335.0;1;69;69385;2;3;1.0;3.0;45.75339;4.8047;2024-04-11 09:00:00
202400029336.0;1;13;13005;2;9;1.0;3.0;43.28990858;5.55922543;2024-03-04 15:30:00
202400029337.0;5;43;43153;2;1;1.0;6.0;45.333995;4.24491763;2024-12-17 19:00:00
202400029338.0;1;973;97309;2;1;3.0;7.0;4.916888;-52.27649;2024-12-18 09:00:00
202400029339.0;1;2A;2A004;2;3;1.0;3.0;41.92487;8.73891;2024-04-11 17:20:00
202400029340.0;1;13;13001;2;2;1.0;3.0;43.48854;5.38734;2024-03-04 09:40:00
202400029341.0;1;95;95252;2;1;1.0;6.0;48.99061;2.23329;2024-04-10 11:30:00
202400029342.0;1;4;4112;1;1;1.0;3.0;43.813;5.795;2024-02-20 16:20:00
202400029343.0;1;91;91425;2;2;1.0;6.0;48.6405;2.26846;2024-04-11 19:24:00
202400029344.0;1;2;2738;2;2;1.0;5.0;49.6591;3.2792;2024-02-29 12:20:00
202400029345.0;1;91;91692;1;1;1.0;3.0;48.68333;2.18888;2024-04-11 11:15:00
202400029346.0;4;75;75119;2;1;1.0;3.0;48.878879;2.407906;2024-03-03 21:00:00
202400029347.0;2;75;75120;2;1;1.0;7.0;48.86289851;2.41406858;2024-03-03 07:30:00
202400029348.0;2;91;91477;2;1;1.0;2.0;48.70859;2.25601;2024-04-11 07:04:00
202400029349.0;5;75;75119;2;1;2.0;4.0;48.900355;2.382103;2024-03-02 23:00:00
202400029350.0;1;89;89387;1;1;7.0;1.0;48.19108;3.31848;2024-04-10 08:35:00
202400029351.0;1;75;75105;2;2;1.0;3.0;48.846512;2.351636;2024-03-04 07:55:00
202400029352.0;1;89;89024;2;1;1.0;1.0;47.80395;3.57913;2024-04-10 09:55:00
202400029353.0;1;75;75120;2;1;1.0;6.0;48.863162;2.388587;2024-03-04 18:00:00
202400029354.0;1;88;88160;2;6;1.0;3.0;48.18582;6.46434;2024-04-11 07:55:00
202400029355.0;1;75;75119;2;3;7.0;6.0;48.87784;2.403415;2024-03-04 08:30:00
202400029356.0;5;75;75115;2;1;1.0;2.0;48.8563;2.290044;2024-03-04 19:55:00
202400029357.0;1;87;87085;2;2;1.0;3.0;45.83296;1.25894;2024-04-11 09:45:00
202400029358.0;1;75;75115;2;2;1.0;3.0;48.825844;2.30022;2024-03-04 17:45:00
202400029359.0;1;87;87085;2;2;3.0;6.0;45.85266;1.25922;2024-04-09 17:18:00
202400029360.0;1;87;87085;2;1;3.0;2.0;45.85521;1.24962;2024-04-09 14:54:00
202400029361.0;1;75;75113;2;3;1.0;3.0;48.8389;2.360932;2024-03-04 13:50:00
202400029362.0;1;84;84035;2;1;1.0;2.0;43.830476;5.037189;2024-04-11 08:05:00
202400029363.0;5;75;75112;2;2;1.0;3.0;48.847308;2.375329;2024-03-03 23:00:00
202400029364.0;1;84;84007;1;1;1.0;1.0;43.889;4.92256;2024-04-11 10:45:00
202400029365.0;1;75;75103;2;2;1.0;3.0;48.865467;2.356089;2024-03-04 15:00:00
202400029366.0;1;83;83137;2;1;1.0;5.0;43.12458;5.9341;2024-04-11 12:30:00
202400029367.0;1;75;75103;2;3;1.0;6.0;48.856973;2.368235;2024-03-04 11:40:00
202400029368.0;1;94;94044;2;1;1.0;2.0;48.7574493;2.48240769;2024-03-04 09:00:00
202400029369.0;1;83;83137;2;3;1.0;3.0;43.12814;5.90708;2024-04-11 10:00:00
202400029370.0;3;94;94078;2;3;1.0;3.0;48.75135;2.44521;2024-03-04 05:07:00
202400029371.0;1;80;80021;2;3;1.0;3.0;49.89799;2.29522;2024-04-10 18:30:00
202400029372.0;1;94;94076;2;1;1.0;3.0;48.79430266;2.36908362;2024-03-04 07:50:00
202400029373.0;1;94;94028;2;9;1.0;3.0;48.78048134;2.45800853;2024-03-03 14:20:00
202400029374.0;1;78;78440;2;1;1.0;6.0;48.979608;1.912992;2024-04-11 15:29:00
202400029375.0;1;94;94028;2;3;1.0;5.0;48.79275;2.45924;2024-03-03 13:00:00
202400029376.0;1;77;77258;2;2;1.0;1.0;48.83986;2.62955;2024-04-10 18:30:00
202400029377.0;1;94;94022;2;1;1.0;6.0;48.76380983;2.40802713;2024-03-04 14:35:00
202400029378.0;1;77;77251;2;1;1.0;7.0;48.62257;2.54005;2024-04-11 08:40:00
202400029379.0;5;94;94079;2;2;1.0;2.0;48.83494;2.54717;2024-03-03 18:24:00
202400029380.0;1;94;94060;2;3;1.0;6.0;48.79450722;2.56584565;2024-03-04 08:05:00
202400029381.0;1;77;77296;1;3;1.0;6.0;48.62893;2.5722;2024-04-10 07:48:00
202400029382.0;1;93;93070;2;2;1.0;3.0;48.91314;2.32674;2024-03-04 09:10:00
202400029383.0;1;77;77284;2;4;1.0;6.0;48.95854006;2.87614653;2024-04-11 08:00:00
202400029384.0;1;93;93066;2;3;1.0;3.0;48.9256868;2.36467838;2024-03-04 14:45:00
202400029385.0;3;77;77186;1;6;1.0;7.0;48.39008;2.7553;2024-04-11 00:40:00
202400029386.0;1;93;93051;2;2;1.0;3.0;48.846809;2.558611;2024-03-04 10:20:00
202400029387.0;1;76;76157;2;1;1.0;6.0;49.4488;1.047;2024-04-11 20:15:00
202400029388.0;1;93;93064;2;4;1.0;6.0;48.87264;2.48095;2024-03-04 14:13:00
202400029389.0;1;93;93006;2;3;8.0;3.0;48.858735;2.41469;2024-03-03 13:20:00
202400029390.0;1;74;74305;2;4;1.0;3.0;46.20241;6.25589;2024-04-11 18:40:00
202400029391.0;5;93;93027;2;1;1.0;3.0;48.92495;2.37827;2024-03-03 19:00:00
202400029392.0;2;74;74010;2;6;1.0;3.0;45.89601;6.11117;2024-04-11 20:30:00
202400029393.0;1;72;72181;2;9;2.0;3.0;47.99576;0.17254;2024-04-11 08:47:00
202400029394.0;2;92;92076;2;6;8.0;3.0;48.83287645;2.15036917;2024-03-03 06:00:00
202400029395.0;1;72;72181;2;6;1.0;3.0;48.0089;0.2269;2024-04-10 15:55:00
202400029396.0;1;92;92051;2;2;1.0;6.0;48.87672207;2.25074074;2024-03-04 12:48:00
202400029397.0;1;71;71153;1;1;1.0;6.0;46.7998;4.4405;2024-04-11 13:13:00
202400029398.0;1;92;92050;2;2;1.0;3.0;48.88995591;2.2031951;2024-03-04 15:50:00
202400029399.0;1;69;69264;2;3;1.0;6.0;45.98549;4.72101;2024-04-10 16:30:00
202400029400.0;1;92;92050;2;3;1.0;1.0;48.87783163;2.21610241;2024-03-04 07:08:00
202400029401.0;1;67;67482;2;3;1.0;3.0;48.58962;7.76701;2024-04-11 13:40:00
202400029402.0;1;92;92020;2;1;1.0;2.0;48.80167274;2.28481829;2024-03-04 08:40:00
202400029403.0;1;67;67447;2;1;1.0;6.0;48.60724;7.74944;2024-04-10 15:15:00
202400029404.0;1;92;92048;2;1;7.0;6.0;48.80738154;2.23984243;2024-03-04 09:00:00
202400029405.0;1;66;66136;2;1;2.0;3.0;42.69609;2.89959;2024-04-10 08:10:00
202400029406.0;1;92;92036;2;3;1.0;1.0;48.93572768;2.27964628;2024-03-04 07:04:00
202400029407.0;5;92;92024;2;2;8.0;3.0;48.90852293;2.30012298;2024-03-02 23:20:00
202400029408.0;1;64;64445;2;3;1.0;2.0;43.32176944;-0.36357075;2024-04-11 13:50:00
202400029409.0;1;92;92002;2;9;1.0;3.0;48.7583;2.3069;2024-03-04 09:20:00
202400029410.0;1;64;64024;2;1;1.0;7.0;43.47997524;-1.50772735;2024-04-10 08:25:00
202400029411.0;1;24;24329;2;3;3.0;3.0;45.025684;0.050812;2024-03-04 17:10:00
202400029412.0;1;63;63075;2;1;1.0;2.0;45.77534;3.07369;2024-04-11 15:10:00
202400029413.0;3;17;17425;1;3;2.0;7.0;45.624573;-0.918925;2024-02-09 07:40:00
202400029414.0;1;6;6044;1;1;1.0;1.0;43.682738;7.089556;2024-03-05 10:30:00
202400029415.0;1;63;63113;2;1;1.0;3.0;45.81218;3.12038;2024-04-11 14:04:00
202400029416.0;1;6;6130;1;9;4.0;1.0;43.716123;6.86543;2024-03-04 10:50:00
202400029417.0;1;63;63113;2;2;1.0;4.0;45.76551215;3.10890019;2024-04-11 12:00:00
202400029418.0;3;41;41252;1;1;2.0;2.0;47.698209;1.442814;2024-03-04 21:00:00
202400029419.0;3;56;56251;1;6;2.0;7.0;47.636716;-2.682778;2024-03-04 23:10:00
202400029420.0;2;62;62570;1;2;1.0;6.0;50.39470517;2.87264442;2024-04-10 07:30:00
202400029421.0;1;11;11264;1;1;1.0;5.0;43.21115;2.874813;2024-03-05 17:50:00
202400029422.0;1;71;71543;2;2;1.0;1.0;46.555762;4.907144;2024-03-05 15:55:00
202400029423.0;3;49;49183;1;1;2.0;6.0;47.544203;-1.03588;2024-03-05 04:30:00
202400029424.0;1;62;62758;1;3;5.0;1.0;50.71726;1.66623;2024-04-11 19:20:00
202400029425.0;1;39;39448;1;3;1.0;3.0;47.006839;5.49644;2024-03-04 14:00:00
202400029426.0;3;25;25039;1;1;2.0;2.0;47.144999;6.451355;2024-03-05 04:25:00
202400029427.0;5;59;59599;2;2;1.0;3.0;50.73004;3.15534;2024-04-11 22:30:00
202400029428.0;1;85;85008;1;1;2.0;1.0;46.62778353;-1.43674668;2024-03-04 18:35:00
202400029429.0;1;70;70252;1;1;1.0;6.0;47.561825;5.55997;2024-03-04 11:25:00
202400029430.0;4;14;14614;2;4;2.0;7.0;49.22526;-1.046748;2024-03-04 20:25:00
202400029431.0;2;59;59378;2;3;2.0;1.0;50.673174;3.092083;2024-04-11 07:45:00
202400029432.0;5;9;9182;2;1;1.0;6.0;42.887346;1.349304;2024-03-04 00:00:00
202400029433.0;3;38;38048;1;1;1.0;6.0;45.600694;5.114188;2024-03-04 22:00:00
202400029434.0;1;6;6085;2;1;1.0;2.0;43.608064;7.010114;2024-03-05 01:16:00
202400029435.0;1;56;56260;2;9;1.0;3.0;47.66955;-2.76966;2024-04-11 07:45:00
202400029436.0;1;54;54431;2;3;1.0;3.0;48.90685;6.041448;2024-04-11 19:20:00
202400029437.0;1;54;54431;2;4;1.0;6.0;48.90304;6.04219;2024-04-11 15:08:00
202400029438.0;1;54;54304;2;1;1.0;2.0;48.69492;6.12417;2024-04-10 16:25:00
202400029439.0;1;51;51454;2;1;1.0;7.0;49.26915;4.00161;2024-04-11 13:45:00
202400029440.0;1;51;51454;2;2;8.0;3.0;49.25389;4.04075;2024-04-11 11:35:00
202400029441.0;5;75;75101;2;1;1.0;3.0;48.85806;2.34203;2024-01-22 18:10:00
202400029442.0;1;51;51454;2;1;1.0;6.0;49.27995;4.02138;2024-04-10 17:54:00
202400029443.0;5;75;75104;2;3;1.0;7.0;48.855224;2.361153;2024-01-21 17:25:00
202400029444.0;1;50;50129;2;1;1.0;7.0;49.65688;-1.70909;2024-04-10 07:45:00
202400029445.0;1;94;94078;2;3;2.0;4.0;48.739058;2.446595;2024-01-22 09:30:00
202400029446.0;1;47;47323;2;5;1.0;3.0;44.40342;0.70125;2024-04-11 20:13:00
202400029447.0;5;94;94068;2;6;9.0;7.0;48.79416;2.49579;2024-01-21 02:00:00
202400029448.0;1;47;47201;2;1;1.0;6.0;44.19795083;0.59792393;2024-04-10 14:25:00
202400029449.0;1;94;94073;2;2;1.0;3.0;48.76139665;2.40302593;2024-01-22 16:15:00