Num_Acc;lum;departement;commune;agglomeration;intersection;meteo;type_collision;lat;long;date
202400029450.0;5;94;94033;2;6;1.0;6.0;48.85403;2.49312;2024-01-21 23:10:00
202400029451.0;1;43;43041;2;3;1.0;3.0;45.04804;3.92325;2024-04-11 18:10:00
202400029452.0;5;94;94074;2;3;8.0;6.0;48.766212;2.458309;2024-01-19 22:45:00
202400029453.0;1;37;37195;2;1;1.0;6.0;47.38948;0.65986;2024-04-11 18:35:00
202400029454.0;1;93;93066;2;3;1.0;3.0;48.92548;2.35067;2024-01-22 14:45:00
202400029455.0;1;37;37122;2;1;1.0;2.0;47.32944289;0.66397548;2024-04-11 16:31:00
202400029456.0;5;93;93064;2;1;1.0;6.0;48.8686413;2.4851068;2024-01-22 18:30:00
202400029457.0;1;37;37261;2;3;1.0;2.0;47.36571;0.69866;2024-04-10 16:50:00
202400029458.0;1;93;93062;2;2;1.0;6.0;48.897955;2.512919;2024-01-22 16:21:00
202400029459.0;1;37;37261;2;7;1.0;6.0;47.38925;0.68911;2024-04-10 15:31:00
202400029460.0;1;93;93049;2;2;2.0;3.0;48.86147981;2.50399768;2024-01-22 12:30:00
202400029461.0;1;93;93006;2;1;2.0;3.0;48.86993;2.41652;2024-01-22 13:10:00
202400029462.0;1;35;35051;2;1;1.0;3.0;48.10253;-1.63092;2024-04-11 13:00:00
202400029463.0;5;93;93008;2;9;1.0;6.0;48.90558;2.46718;2024-01-22 21:10:00
202400029464.0;5;34;34154;2;1;1.0;7.0;43.587037;3.936928;2024-04-11 02:15:00
202400029465.0;5;93;93005;2;2;1.0;3.0;48.929116;2.4953;2024-01-22 19:50:00
202400029466.0;1;34;34032;2;1;1.0;3.0;43.34326;3.21626;2024-04-09 12:36:00
202400029467.0;2;92;92046;2;1;8.0;3.0;48.81586945;2.30528086;2024-01-22 07:50:00
202400029468.0;1;92;92064;2;1;2.0;5.0;48.84981;2.22387;2024-01-22 09:30:00
202400029469.0;1;29;29019;2;2;2.0;2.0;48.416286;-4.468328;2024-04-10 13:55:00
202400029470.0;1;92;92063;2;9;1.0;2.0;48.85890337;2.19431095;2024-01-22 17:00:00
202400029471.0;1;92;92051;2;2;2.0;3.0;48.88985697;2.26847863;2024-01-22 08:20:00
202400029472.0;5;92;92050;2;1;1.0;6.0;48.8957492;2.19643933;2024-01-22 18:56:00
202400029473.0;2;25;25056;2;2;1.0;3.0;47.236886;5.975634;2024-04-11 17:00:00
202400029474.0;1;92;92019;2;8;1.0;3.0;48.76203953;2.28635967;2024-01-22 16:00:00
202400029475.0;1;25;25056;2;1;1.0;3.0;47.244;5.991;2024-04-11 16:55:00
202400029476.0;5;92;92012;2;1;8.0;4.0;48.83486;2.24737;2024-01-22 18:53:00
202400029477.0;1;24;24322;2;1;1.0;3.0;45.17886;0.73734;2024-04-10 12:50:00
202400029478.0;5;92;92012;2;2;1.0;6.0;48.85032203;2.23777682;2024-01-22 06:25:00
202400029479.0;1;19;19031;2;1;9.0;1.0;45.14842199;1.4960357;2024-04-11 18:00:00
202400029480.0;5;92;92036;1;1;1.0;5.0;48.92330116;2.28610843;2024-01-21 20:30:00
202400029481.0;3;15;15014;1;1;1.0;6.0;44.95117;2.46553;2024-04-11 21:46:00
202400029482.0;5;92;92002;2;1;1.0;3.0;48.74642;2.29663;2024-01-22 18:30:00
202400029483.0;1;35;35126;2;7;1.0;6.0;47.967959;-1.795208;2024-01-22 13:10:00
202400029484.0;1;15;15014;2;2;1.0;5.0;44.91379;2.43221;2024-04-10 08:55:00
202400029485.0;3;47;47169;1;1;8.0;7.0;44.13581449;0.60393476;2024-01-22 06:50:00
202400029486.0;5;13;13208;2;1;1.0;2.0;43.25452927;5.37594896;2024-04-11 00:45:00
202400029487.0;1;13;13213;2;1;7.0;1.0;43.32517303;5.43387984;2024-04-10 08:15:00
202400029488.0;3;68;68300;1;1;2.0;4.0;47.782348;7.43525;2024-01-22 20:30:00
202400029489.0;3;1;1173;1;1;4.0;1.0;46.367524;6.022434;2024-01-18 19:05:00
202400029490.0;1;13;13004;2;2;1.0;3.0;43.66999108;4.63379342;2024-04-11 12:05:00
202400029491.0;1;6;6095;2;1;1.0;7.0;43.649379;6.883915;2024-01-21 11:50:00
202400029492.0;1;10;10081;2;9;1.0;3.0;48.31107;4.03144;2024-04-10 20:00:00
202400029493.0;3;60;60176;1;1;1.0;6.0;49.21577162;2.91318771;2024-01-23 06:50:00
202400029494.0;2;51;51569;1;1;1.0;5.0;49.262274;3.942547;2024-01-23 07:55:00
202400029495.0;1;10;10343;2;6;1.0;3.0;48.2812;4.0999;2024-04-10 19:40:00
202400029496.0;1;79;79195;2;1;2.0;6.0;46.94652;-0.593825;2024-01-22 10:05:00
202400029497.0;2;6;6029;2;9;1.0;3.0;43.565929;7.002217;2024-04-11 07:45:00
202400029498.0;1;2A;2A271;1;1;7.0;2.0;41.98058391;8.82628879;2024-01-18 13:30:00
202400029499.0;1;1;1053;2;3;1.0;3.0;46.201918;5.210568;2024-04-11 18:25:00
202400029500.0;1;80;80253;2;1;1.0;2.0;50.170226;2.369163;2024-01-22 16:15:00
202400029501.0;1;75;75114;2;1;1.0;2.0;48.820678;2.323145;2024-04-10 17:10:00
202400029502.0;1;65;65004;1;1;1.0;3.0;43.037534;-0.064514;2024-01-21 13:05:00
202400029503.0;1;32;32096;2;1;3.0;6.0;43.932038;-0.053392;2024-01-15 15:45:00
202400029504.0;2;75;75117;2;1;1.0;4.0;48.888588;2.293597;2024-04-09 19:50:00
202400029505.0;1;32;32088;1;1;1.0;6.0;43.722591;0.245208;2024-01-19 09:10:00
202400029506.0;5;75;75119;2;2;1.0;3.0;48.877256;2.406818;2024-04-11 00:20:00
202400029507.0;1;61;61448;2;2;1.0;3.0;48.351534;0.810287;2024-01-22 16:50:00
202400029508.0;1;34;34300;1;1;1.0;1.0;43.412234;3.325875;2024-01-22 14:00:00
202400029509.0;1;75;75120;2;3;1.0;6.0;48.852111;2.415694;2024-04-10 18:30:00
202400029510.0;1;75;75120;2;1;1.0;6.0;48.87451;2.397916;2024-04-10 15:20:00
202400029511.0;3;39;39103;1;1;1.0;5.0;46.986005;5.853202;2024-01-23 05:40:00
202400029512.0;1;75;75119;2;4;8.0;6.0;48.876055;2.381319;2024-04-11 14:10:00
202400029513.0;1;66;66090;1;1;1.0;1.0;42.56186299;2.29141384;2024-01-23 16:35:00
202400029514.0;1;75;75119;2;2;1.0;3.0;48.878704;2.401602;2024-04-11 11:20:00
202400029515.0;1;72;72193;1;9;9.0;6.0;48.09122837;0.806247;2024-01-20 11:30:00
202400029516.0;1;75;75116;2;1;1.0;3.0;48.834986;2.25888;2024-04-10 13:10:00
202400029517.0;1;6;6079;2;6;1.0;6.0;43.53679;6.934789;2024-01-23 15:35:00
202400029518.0;1;75;75115;2;2;1.0;6.0;48.830962;2.296436;2024-04-11 09:40:00
202400029519.0;1;64;64005;1;1;1.0;1.0;43.362099;-0.572534;2024-01-23 10:30:00
202400029520.0;5;75;75113;2;2;1.0;3.0;48.824428;2.376409;2024-04-11 23:10:00
202400029521.0;1;27;27304;2;1;1.0;6.0;49.218981;1.678038;2024-01-21 10:05:00
202400029522.0;5;75;75113;2;1;1.0;6.0;48.825122;2.379718;2024-04-10 23:25:00
202400029523.0;1;30;30133;2;6;1.0;3.0;43.54121475;4.13355768;2024-01-22 10:19:00
202400029524.0;1;75;75112;2;2;1.0;1.0;48.837323;2.39124;2024-04-11 14:15:00
202400029525.0;1;71;71506;1;1;2.0;6.0;46.64815956;5.40563822;2024-01-22 12:20:00
202400029526.0;5;75;75111;2;3;1.0;2.0;48.860124;2.37265;2024-04-11 00:01:00
202400029527.0;5;988;98817;2;3;1.0;6.0;-22.234228;166.57467;2024-01-21 00:55:00
202400029528.0;1;971;97116;2;6;1.0;6.0;16.328536;-61.449022;2024-01-22 10:00:00
202400029529.0;1;75;75110;2;7;1.0;6.0;48.883835;2.368591;2024-04-11 10:40:00
202400029530.0;5;78;78389;2;1;2.0;6.0;48.8018;1.815324;2024-01-22 07:10:00
202400029531.0;1;68;68154;2;1;2.0;6.0;47.773166;7.38955;2024-01-22 16:00:00
202400029532.0;5;1;1202;2;6;2.0;6.0;45.898816;5.347252;2024-01-22 18:00:00
202400029533.0;1;75;75107;2;3;1.0;3.0;48.862869;2.315201;2024-04-11 13:17:00
202400029534.0;2;69;69159;1;3;2.0;3.0;45.96532334;4.67010693;2024-01-22 17:25:00
202400029535.0;5;69;69287;2;1;2.0;2.0;45.696166;5.019547;2024-01-23 18:20:00
202400029536.0;5;75;75107;2;1;1.0;6.0;48.85944;2.29407;2024-04-11 02:18:00
202400029537.0;3;17;17225;2;1;1.0;6.0;45.713027;-1.136634;2024-01-23 07:10:00
202400029538.0;3;86;86019;1;1;1.0;2.0;46.72714;0.430074;2024-01-21 06:00:00
202400029539.0;1;29;29057;2;6;1.0;7.0;47.90645427;-3.98976712;2024-01-16 10:50:00
202400029540.0;5;75;75107;2;2;1.0;3.0;48.857264;2.309934;2024-04-10 23:48:00
202400029541.0;3;60;60612;1;1;1.0;2.0;49.22538559;2.58188581;2024-01-23 03:30:00
202400029542.0;5;75;75107;2;7;1.0;3.0;48.854414;2.305254;2024-04-09 21:35:00
202400029543.0;1;75;75102;2;7;1.0;3.0;48.87026;2.3324;2024-04-10 14:51:00
202400029544.0;3;62;62503;1;1;1.0;5.0;50.86141684;1.73639903;2024-01-22 17:45:00
202400029545.0;1;94;94068;2;1;8.0;3.0;48.79222;2.52156;2024-04-09 08:40:00
202400029546.0;3;59;59188;1;1;4.0;1.0;50.193568;3.901278;2024-01-20 18:00:00
202400029547.0;1;59;59524;2;2;1.0;1.0;50.56409;2.897512;2024-05-21 17:30:00
202400029548.0;1;94;94033;2;2;1.0;1.0;48.843;2.4648;2024-04-11 12:05:00
202400029549.0;3;13;13210;2;1;1.0;3.0;43.28522;5.42149;2024-01-17 19:30:00
202400029550.0;1;69;69266;1;1;1.0;3.0;45.76319122;4.90937814;2024-05-19 20:45:00
202400029551.0;1;67;67204;1;1;1.0;6.0;48.62196;7.72662;2024-01-03 16:15:00
202400029552.0;2;54;54150;1;1;1.0;6.0;48.76572;6.1443;2024-05-19 06:00:00
202400029553.0;1;94;94079;2;3;1.0;3.0;48.82857;2.52843;2024-04-11 18:20:00
202400029554.0;1;67;67447;1;1;1.0;2.0;48.61072;7.72668;2024-05-16 14:40:00
202400029555.0;1;91;91345;1;1;2.0;4.0;48.688224;2.325074;2024-01-22 13:47:00
202400029556.0;1;94;94055;2;3;1.0;3.0;48.78900743;2.5314568;2024-04-10 18:20:00
202400029557.0;1;33;33063;1;1;1.0;4.0;44.88042;-0.53946;2024-05-20 10:50:00
202400029558.0;1;78;78362;1;1;3.0;4.0;48.976049;1.721586;2024-01-22 08:10:00
202400029559.0;1;94;94018;2;3;1.0;2.0;48.8287;2.40242;2024-04-10 14:17:00
202400029560.0;1;78;78029;1;1;1.0;6.0;48.964146;1.84457;2024-01-21 13:50:00
202400029561.0;1;94;94017;1;1;2.0;5.0;48.82648029;2.52228801;2024-05-20 18:20:00
202400029562.0;1;93;93071;2;3;1.0;2.0;48.93772;2.51396;2024-04-10 17:50:00
202400029563.0;3;77;77058;1;1;1.0;2.0;48.82883722;2.73090654;2024-05-18 00:01:00
202400029564.0;1;93;93064;2;7;1.0;7.0;48.882672;2.481632;2024-04-10 18:14:00
202400029565.0;3;78;78291;1;1;9.0;5.0;48.965618;1.750983;2024-01-21 06:00:00
202400029566.0;1;80;80001;2;1;1.0;6.0;50.10302;1.8525;2024-03-03 14:25:00
202400029567.0;1;4;4070;2;9;1.0;6.0;44.09546;6.23555;2024-01-24 12:52:00
202400029568.0;5;93;93050;2;1;1.0;6.0;48.860312;2.536904;2024-04-10 21:55:00
202400029569.0;1;95;95607;1;1;2.0;2.0;49.02112824;2.21140244;2024-01-22 10:45:00
202400029570.0;1;88;88429;2;1;1.0;3.0;48.05046;6.58245;2024-02-05 14:35:00
202400029571.0;1;77;77083;2;1;7.0;6.0;48.85536518;2.58260697;2024-04-10 17:46:00
202400029572.0;3;95;95277;1;1;6.0;6.0;48.9744287;2.488344;2024-01-22 01:10:00
202400029573.0;5;987;98735;2;9;1.0;7.0;-17.5323;-149.56734;2024-05-17 23:45:00
202400029574.0;5;972;97209;2;1;2.0;6.0;14.60199;-61.06704;2024-01-21 04:30:00
202400029575.0;1;93;93007;2;6;1.0;2.0;48.94709194;2.45862007;2024-04-10 11:20:00
202400029576.0;1;974;97411;2;4;1.0;3.0;-20.89562;55.49489;2024-05-19 12:45:00
202400029577.0;5;69;69149;2;1;8.0;3.0;45.71949094;4.80561627;2024-01-21 04:30:00
202400029578.0;1;973;97302;2;3;1.0;1.0;4.92691171;-52.3034901;2024-05-16 12:45:00
202400029579.0;5;92;92063;2;2;1.0;3.0;48.88125927;2.18426549;2024-04-10 21:50:00
202400029580.0;1;971;97101;1;1;1.0;1.0;16.24683;-61.51375;2024-01-21 15:30:00
202400029581.0;1;69;69034;2;1;1.0;2.0;45.78153;4.84272;2024-05-19 17:40:00
202400029582.0;5;92;92020;2;1;1.0;2.0;48.81057062;2.29917097;2024-04-11 23:11:00
202400029583.0;1;91;91114;2;1;1.0;3.0;48.68116;2.4929;2024-01-21 16:00:00
202400029584.0;1;69;69381;2;1;1.0;1.0;45.7696;4.82835;2024-05-19 19:50:00
202400029585.0;3;84;84087;2;1;1.0;3.0;44.13739;4.8007;2024-01-21 19:30:00
202400029586.0;1;92;92048;2;1;1.0;3.0;48.78522021;2.22530481;2024-04-11 12:13:00
202400029587.0;5;971;97101;1;1;1.0;3.0;16.25539;-61.53009;2024-05-18 23:35:00
202400029588.0;5;83;83050;2;1;1.0;6.0;43.53707096;6.46808034;2024-01-16 20:00:00
202400029589.0;5;92;92036;2;3;1.0;6.0;48.93348;2.29963;2024-04-11 21:45:00
202400029590.0;1;971;97113;2;4;1.0;3.0;16.20637;-61.49428;2024-05-17 16:15:00
202400029591.0;1;81;81021;2;1;1.0;1.0;43.50762;2.37592;2024-01-21 17:10:00
202400029592.0;1;2A;2A004;1;1;1.0;7.0;41.933602;8.648225;2024-05-19 19:20:00
202400029593.0;1;92;92026;2;1;1.0;3.0;48.89986579;2.25648254;2024-04-11 09:31:00
202400029594.0;1;2A;2A004;2;2;1.0;3.0;41.91202;8.72272;2024-05-19 09:55:00
202400029595.0;1;81;81065;2;5;1.0;3.0;43.60177;2.24058;2024-01-20 12:00:00
202400029596.0;1;92;92025;2;1;1.0;6.0;48.91435;2.22904;2024-04-11 17:05:00
202400029597.0;5;2A;2A004;2;1;1.0;6.0;41.93407;8.7451;2024-05-19 03:20:00
202400029598.0;1;74;74012;2;1;1.0;2.0;46.19291;6.22542;2024-01-21 15:50:00
202400029599.0;1;75;75116;2;1;1.0;3.0;48.85179205;2.2312113;2024-04-10 13:25:00
202400029600.0;1;69;69275;2;1;8.0;3.0;45.75874595;4.93639097;2024-01-19 15:30:00
202400029601.0;1;91;91657;2;2;1.0;3.0;48.69659;2.43595;2024-05-19 08:00:00
202400029602.0;5;63;63113;2;3;1.0;1.0;45.7865;3.09126;2024-01-21 19:41:00
202400029603.0;1;88;88160;2;1;1.0;3.0;48.17607;6.44737;2024-05-14 18:10:00
202400029604.0;3;45;45232;1;1;1.0;2.0;47.83723;1.91555;2024-01-21 01:00:00
202400029605.0;1;39;39364;1;1;1.0;1.0;46.781283;5.869188;2024-04-12 16:10:00
202400029606.0;1;38;38151;2;1;1.0;3.0;45.1511;5.70925;2024-01-20 16:10:00
202400029607.0;1;84;84007;2;2;1.0;1.0;43.93182;4.83023;2024-05-19 19:30:00
202400029608.0;1;40;40304;2;2;1.0;3.0;43.665342;-1.401519;2024-04-12 14:00:00
202400029609.0;1;83;83034;2;6;1.0;3.0;43.0881;6.07762;2024-05-19 13:30:00
202400029610.0;5;37;37261;2;2;1.0;3.0;47.39286;0.67236;2024-01-21 00:26:00
202400029611.0;1;17;17133;2;1;1.0;3.0;45.596601;-0.709616;2024-04-12 07:40:00
202400029612.0;1;34;34172;2;1;1.0;7.0;43.61064;3.85662;2024-01-20 14:35:00
202400029613.0;1;78;78517;2;1;8.0;3.0;48.622987;1.82874;2024-05-19 12:50:00
202400029614.0;5;32;32013;2;1;1.0;6.0;43.64505;0.58764;2024-01-21 19:15:00
202400029615.0;1;71;71448;1;1;1.0;2.0;46.380422;4.847229;2024-04-12 14:30:00
202400029616.0;1;77;77377;1;1;1.0;2.0;48.70778;2.69591;2024-05-19 16:45:00
202400029617.0;3;25;25388;2;1;1.0;6.0;47.515711;6.795542;2024-01-21 02:05:00
202400029618.0;1;68;68145;1;1;1.0;7.0;48.065644;7.39707;2024-04-12 10:30:00
202400029619.0;1;22;22360;2;1;2.0;6.0;48.47816;-2.76809;2024-01-21 18:10:00
202400029620.0;4;57;57690;1;1;1.0;6.0;49.0768307;6.6936926;2024-04-12 01:15:00
202400029621.0;1;22;22113;2;1;1.0;6.0;48.74596;-3.4849;2024-01-20 15:05:00
202400029622.0;1;1;1427;2;1;1.0;3.0;45.934319;4.792654;2024-04-11 18:30:00
202400029623.0;1;77;77518;1;9;1.0;6.0;48.50074;2.58286;2024-05-19 12:45:00
202400029624.0;1;22;22113;1;1;4.0;6.0;48.73341;-3.42177;2024-01-19 16:45:00
202400029625.0;1;13;13102;2;1;1.0;3.0;43.41455;5.2341;2024-01-21 13:20:00
202400029626.0;1;51;51078;1;1;1.0;7.0;49.078972;4.350843;2024-04-12 06:50:00
202400029627.0;1;76;76476;2;3;1.0;3.0;49.48630099;0.58686205;2024-05-18 16:15:00
202400029628.0;1;13;13075;2;1;1.0;2.0;43.351852;5.475831;2024-01-21 17:05:00
202400029629.0;3;71;71040;1;1;5.0;7.0;46.68335;4.41312;2024-05-19 02:35:00
202400029630.0;1;38;38239;1;1;1.0;1.0;45.324909;5.582637;2024-04-11 15:20:00
202400029631.0;1;72;72008;2;1;1.0;2.0;47.953396;0.180008;2024-04-10 17:02:00
202400029632.0;1;13;13209;2;1;1.0;3.0;43.25091907;5.39818345;2024-01-20 14:30:00
202400029633.0;1;71;71270;2;3;1.0;3.0;46.28484;4.80728;2024-05-18 17:50:00
202400029634.0;1;72;72350;2;7;1.0;6.0;47.887375;0.269444;2024-04-10 10:53:00
202400029635.0;3;13;13001;1;1;1.0;2.0;43.52992;5.35142;2024-01-21 22:00:00
202400029636.0;5;69;69286;2;1;1.0;6.0;45.82038;4.89585;2024-05-20 01:05:00
202400029637.0;4;69;69266;2;1;1.0;2.0;45.78754;4.8826;2024-05-19 03:15:00
202400029638.0;5;75;75118;2;1;1.0;2.0;48.901013;2.349407;2024-01-21 17:30:00
202400029639.0;1;76;76295;1;1;1.0;1.0;49.658211;1.659107;2024-04-11 19:05:00
202400029640.0;5;33;33318;2;1;2.0;6.0;44.81224;-0.64305;2024-09-01 01:00:00
202400029641.0;1;69;69266;2;2;3.0;1.0;45.78757888;4.8812587;2024-05-18 12:30:00
202400029642.0;5;75;75115;2;1;2.0;2.0;48.834914;2.265397;2024-01-21 05:30:00
202400029643.0;1;76;76509;1;1;1.0;5.0;49.495797;1.196854;2024-04-12 15:00:00
202400029644.0;1;33;33063;2;1;8.0;3.0;44.84344;-0.58334;2024-09-01 13:20:00
202400029645.0;1;68;68066;2;1;1.0;6.0;48.10875;7.36359;2024-05-18 11:55:00
202400029646.0;5;75;75112;2;1;1.0;2.0;48.830171;2.402188;2024-01-20 17:25:00
202400029647.0;1;2A;2A324;1;1;2.0;7.0;42.074798;8.995121;2024-04-10 09:30:00
202400029648.0;2;64;64335;2;1;2.0;7.0;43.32339;-0.42056;2024-05-19 20:30:00
202400029649.0;1;33;33200;2;3;1.0;3.0;44.863255;-0.665958;2024-08-31 17:15:00
202400029650.0;1;71;71340;2;3;1.0;2.0;46.562422;4.224841;2024-04-12 12:00:00
202400029651.0;1;75;75112;2;1;4.0;3.0;48.831344;2.404078;2024-01-19 17:05:00
202400029652.0;1;63;63113;2;2;1.0;3.0;45.79410148;3.11244607;2024-05-19 15:25:00
202400029653.0;3;71;71582;1;1;1.0;6.0;46.4691988;4.62090829;2024-04-12 05:00:00
202400029654.0;1;62;62764;2;1;1.0;6.0;50.30491;2.792;2024-05-18 17:35:00
202400029655.0;1;33;33529;2;6;1.0;7.0;44.63085;-1.20192;2024-09-01 17:40:00
202400029656.0;5;59;59152;2;1;1.0;6.0;50.7525;3.0076;2024-05-19 22:15:00
202400029657.0;1;63;63125;1;1;1.0;1.0;45.73303379;3.52826716;2024-04-12 19:00:00
202400029658.0;1;75;75117;2;4;1.0;3.0;48.89780219;2.31314152;2024-01-19 16:10:00
202400029659.0;1;49;49336;1;1;1.0;7.0;47.048414;-0.622423;2024-04-12 12:40:00
202400029660.0;1;59;59599;2;2;1.0;3.0;50.73718;3.17098;2024-05-19 19:40:00
202400029661.0;1;75;75117;2;2;1.0;7.0;48.882601;2.282755;2024-01-21 16:15:00
202400029662.0;1;12;12167;1;1;1.0;6.0;44.230656;1.964772;2024-04-12 19:10:00
202400029663.0;2;59;59512;2;9;1.0;3.0;50.68784;3.18938;2024-05-19 21:45:00
202400029664.0;2;44;44061;1;1;8.0;6.0;47.2373774;-1.9445917;2024-04-12 07:01:00
202400029665.0;5;75;75117;2;3;1.0;7.0;48.877911;2.294385;2024-01-20 00:30:00
202400029666.0;1;38;38029;2;1;1.0;3.0;45.577324;5.51992;2024-04-12 15:10:00
202400029667.0;1;59;59560;2;6;1.0;1.0;50.55752;3.05876;2024-05-19 15:45:00
202400029668.0;1;75;75115;2;1;1.0;1.0;48.847245;2.279192;2024-01-21 15:25:00
202400029669.0;1;31;31555;2;4;1.0;3.0;43.60104;1.42863;2024-09-01 12:30:00
202400029670.0;1;59;59009;2;1;7.0;7.0;50.60763;3.13312;2024-05-19 16:15:00
202400029671.0;1;2;2286;2;3;1.0;1.0;49.982965;3.779018;2024-04-12 15:00:00
202400029672.0;1;75;75112;2;1;1.0;3.0;48.850023;2.374814;2024-01-21 15:20:00
202400029673.0;1;59;59350;2;1;1.0;1.0;50.62307;3.05643;2024-05-19 14:50:00
202400029674.0;1;75;75110;2;1;1.0;6.0;48.87667;2.360893;2024-01-21 15:45:00
202400029675.0;1;72;72146;1;9;1.0;3.0;47.9000879;0.15842294;2024-04-11 16:45:00
202400029676.0;1;59;59410;2;1;1.0;6.0;50.637435;3.115241;2024-05-17 13:30:00
202400029677.0;1;56;56260;2;1;1.0;7.0;47.6394;-2.77136;2024-05-19 17:28:00
202400029678.0;3;18;18033;1;1;1.0;2.0;47.0574;2.35881;2024-09-01 23:10:00
202400029679.0;1;14;14610;2;1;1.0;1.0;49.185645;-0.503477;2024-04-12 18:10:00
202400029680.0;5;75;75110;2;3;1.0;3.0;48.873264;2.358767;2024-01-21 07:14:00
202400029681.0;5;75;75116;2;1;1.0;6.0;48.860983;2.26793;2024-01-21 18:50:00
202400029682.0;1;73;73010;2;1;1.0;3.0;45.785802;5.945087;2024-04-12 09:16:00
202400029683.0;1;54;54395;2;2;1.0;3.0;48.68342889;6.17344201;2024-05-19 14:45:00
202400029684.0;5;75;75101;2;1;1.0;6.0;48.863117;2.32336;2024-01-21 06:35:00
202400029685.0;5;10;10268;2;1;1.0;2.0;48.5028;3.4986;2024-04-11 21:15:00
202400029686.0;5;75;75104;2;3;1.0;1.0;48.85382;2.3682;2024-01-20 00:25:00
202400029687.0;1;31;31555;2;3;2.0;2.0;43.581277;1.438459;2024-05-19 14:50:00
202400029688.0;1;14;14333;2;3;1.0;3.0;49.41938;0.23303;2024-09-01 12:58:00
202400029689.0;1;31;31483;2;1;1.0;6.0;43.105015;0.728415;2024-05-19 10:55:00
202400029690.0;5;85;85234;2;6;1.0;7.0;46.811769;-2.116805;2024-04-11 23:30:00
202400029691.0;5;94;94046;2;2;8.0;1.0;48.81221979;2.43480675;2024-01-21 21:26:00
202400029692.0;3;14;14437;2;1;1.0;7.0;49.16286;-0.30273;2024-09-01 22:00:00
202400029693.0;1;22;22113;1;1;1.0;2.0;48.75233957;-3.50953717;2024-05-18 09:30:00
202400029694.0;1;28;28323;1;2;1.0;3.0;48.659108;1.205106;2024-04-12 14:40:00
202400029695.0;5;94;94046;2;2;1.0;3.0;48.80577;2.44092;2024-01-21 02:30:00
202400029696.0;1;48;48105;1;1;1.0;3.0;44.767882;3.769083;2024-04-12 17:10:00
202400029697.0;1;17;17306;2;6;2.0;3.0;45.63778;-1.03976;2024-05-17 08:45:00
202400029698.0;4;13;13206;2;1;1.0;2.0;43.29091016;5.37970864;2024-09-01 06:15:00
202400029699.0;5;94;94003;2;2;8.0;2.0;48.802103;2.338945;2024-01-21 19:20:00
202400029700.0;1;88;88486;2;1;1.0;1.0;48.004962;6.717732;2024-04-11 12:30:00
202400029701.0;1;13;13209;2;1;1.0;1.0;43.23982;5.45652;2024-09-01 15:30:00
202400029702.0;1;44;44069;1;1;1.0;1.0;47.35083;-2.4223;2024-04-11 11:05:00
202400029703.0;1;63;63014;1;9;1.0;6.0;45.744377;3.145051;2024-04-11 14:00:00
202400029704.0;1;12;12145;2;1;1.0;1.0;44.10706329;3.08288097;2024-08-31 11:20:00
202400029705.0;5;13;13214;2;3;1.0;3.0;43.3224;5.3922;2024-05-19 22:50:00
202400029706.0;1;94;94073;2;2;1.0;3.0;48.75825;2.39294;2024-01-20 16:20:00
202400029707.0;1;69;69204;1;1;1.0;1.0;45.714151;4.774622;2024-04-11 18:10:00
202400029708.0;1;13;13211;2;9;1.0;3.0;43.28987533;5.48696437;2024-05-19 07:00:00
202400029709.0;5;93;93031;2;2;1.0;3.0;48.9528;2.31552;2024-01-21 20:05:00
202400029710.0;1;91;91111;1;1;1.0;2.0;48.624308;2.136765;2024-04-12 10:40:00
202400029711.0;1;9;9122;2;1;1.0;2.0;42.96845;1.60818;2024-08-31 16:45:00
202400029712.0;1;13;13001;1;9;1.0;2.0;43.48726;5.36162;2024-05-18 16:40:00
202400029713.0;5;92;92078;2;2;1.0;3.0;48.93500445;2.32638127;2024-01-20 23:52:00
202400029714.0;5;6;6088;2;2;1.0;3.0;43.70383;7.28994;2024-09-01 23:40:00
202400029715.0;5;6;6088;2;3;1.0;3.0;43.70281;7.2591;2024-05-20 00:05:00
202400029716.0;1;971;97118;2;3;1.0;5.0;16.200334;-61.620244;2024-04-11 17:50:00
202400029717.0;1;4;4070;2;3;1.0;7.0;44.08511;6.22689;2024-05-18 07:30:00
202400029718.0;1;3;3101;2;1;1.0;1.0;46.36716;2.56841;2024-09-01 10:00:00
202400029719.0;5;92;92046;2;2;1.0;6.0;48.81281842;2.27967001;2024-01-21 19:55:00
202400029720.0;1;13;13005;1;2;1.0;3.0;43.30874;5.608043;2024-04-11 08:20:00
202400029721.0;1;3;3190;2;2;7.0;3.0;46.56164;3.3352;2024-05-17 08:49:00
202400029722.0;1;52;52280;1;9;1.0;6.0;47.861877;5.431672;2024-04-11 16:25:00
202400029723.0;3;3;3185;2;1;1.0;6.0;46.34681;2.60363;2024-05-19 05:45:00
202400029724.0;1;75;75116;2;1;1.0;2.0;48.870597;2.272352;2024-09-01 17:30:00
202400029725.0;5;92;92024;2;6;1.0;2.0;48.91061794;2.30598718;2024-01-21 20:45:00
202400029726.0;1;88;88412;1;1;1.0;3.0;48.360469;6.744597;2024-04-11 17:30:00
202400029727.0;1;1;1053;2;3;1.0;6.0;46.20226;5.21496;2024-05-19 13:45:00
202400029728.0;1;75;75114;2;1;1.0;3.0;48.822561;2.314169;2024-05-19 20:10:00
202400029729.0;5;75;75117;2;1;1.0;6.0;48.879273;2.281529;2024-09-01 06:30:00
202400029730.0;1;63;63247;1;1;7.0;7.0;45.57669601;2.93949484;2024-04-12 14:30:00
202400029731.0;4;75;75119;2;1;1.0;2.0;48.900188;2.379269;2024-05-19 03:15:00
202400029732.0;5;1;1244;2;6;2.0;6.0;45.901418;5.189506;2024-01-18 18:05:00
202400029733.0;1;42;42324;1;1;1.0;6.0;45.55042;4.244698;2024-04-12 16:00:00