Num_Acc;lum;departement;commune;agglomeration;intersection;meteo;type_collision;lat;long;date
202400029734.0;1;75;75113;2;1;2.0;3.0;48.817356;2.354566;2024-05-18 18:50:00
202400029735.0;1;42;42046;1;1;1.0;6.0;45.637828;4.068097;2024-04-12 18:00:00
202400029736.0;1;43;43189;1;1;1.0;2.0;45.28125511;3.89380834;2024-01-21 16:40:00
202400029737.0;1;69;69121;1;3;1.0;1.0;45.85670304;4.69901462;2024-04-12 16:30:00
202400029738.0;1;33;33081;2;1;7.0;3.0;44.636027;-0.323814;2024-01-20 16:00:00
202400029739.0;1;75;75118;2;4;2.0;4.0;48.90067334;2.36660421;2024-08-30 14:35:00
202400029740.0;1;75;75110;2;2;1.0;3.0;48.884274;2.361504;2024-05-19 16:03:00
202400029741.0;1;64;64422;2;1;1.0;1.0;43.193871;-0.611302;2024-04-11 12:15:00
202400029742.0;1;31;31547;1;2;1.0;3.0;43.504286;1.248343;2024-01-21 15:00:00
202400029743.0;1;75;75115;2;2;1.0;3.0;48.84302;2.31279;2024-05-18 12:20:00
202400029744.0;1;75;75118;2;2;1.0;6.0;48.89024942;2.35991746;2024-09-01 15:10:00
202400029745.0;3;33;33114;1;9;1.0;2.0;45.088267;-0.382537;2024-04-12 03:05:00
202400029746.0;2;44;44173;1;1;2.0;1.0;47.071258;-1.383682;2024-01-22 08:35:00
202400029747.0;5;75;75117;2;3;1.0;6.0;48.894141;2.320927;2024-05-19 00:30:00
202400029748.0;1;14;14354;2;1;1.0;1.0;49.322563;-0.365987;2024-04-10 13:00:00
202400029749.0;1;972;97229;2;3;1.0;3.0;14.627521;-61.114057;2024-01-21 10:00:00
202400029750.0;1;60;60241;1;1;1.0;7.0;49.127926;2.638001;2024-04-11 20:20:00
202400029751.0;1;75;75117;2;1;1.0;2.0;48.887411;2.319803;2024-09-01 15:55:00
202400029752.0;1;75;75116;2;3;1.0;6.0;48.866701;2.271695;2024-05-18 17:40:00
202400029753.0;3;61;61497;1;1;9.0;6.0;48.462919;0.124014;2024-01-21 05:30:00
202400029754.0;1;59;59092;2;1;1.0;6.0;50.284555;3.316498;2024-04-05 09:40:00
202400029755.0;5;75;75116;2;3;1.0;6.0;48.853382;2.226375;2024-05-18 22:30:00
202400029756.0;1;75;75114;2;1;1.0;3.0;48.826361;2.311086;2024-09-01 16:05:00
202400029757.0;1;13;13213;2;1;1.0;2.0;43.32999602;5.39574649;2024-04-11 18:10:00
202400029758.0;1;75;75115;2;3;1.0;6.0;48.852796;2.298314;2024-05-19 16:15:00
202400029759.0;1;56;56243;2;1;1.0;3.0;47.65196;-2.73338;2024-01-22 11:00:00
202400029760.0;1;13;13212;2;1;1.0;2.0;43.30115228;5.42525078;2024-04-10 19:20:00
202400029761.0;1;76;76689;1;9;1.0;7.0;49.722551;0.522387;2024-01-21 12:50:00
202400029762.0;1;75;75114;2;1;1.0;3.0;48.825551;2.326092;2024-08-31 16:30:00
202400029763.0;3;75;75113;2;1;1.0;6.0;48.829553;2.363819;2024-05-19 05:47:00
202400029764.0;1;13;13211;1;1;1.0;2.0;43.29470359;5.46192848;2024-04-11 08:40:00
202400029765.0;3;89;89273;1;1;2.0;6.0;47.614807;3.172855;2024-01-22 07:30:00
202400029766.0;1;75;75110;2;2;1.0;3.0;48.869337;2.354257;2024-05-19 14:45:00
202400029767.0;3;46;46175;1;1;1.0;7.0;44.612427;1.984923;2024-01-22 03:00:00
202400029768.0;1;13;13215;1;1;1.0;4.0;43.33271;5.35408;2024-04-10 16:15:00
202400029769.0;5;75;75112;2;1;1.0;3.0;48.84548;2.36666;2024-09-01 03:00:00
202400029770.0;3;86;86177;1;1;1.0;6.0;46.669104;0.274535;2024-01-21 00:55:00
202400029771.0;1;67;67482;1;1;7.0;7.0;48.57061;7.7303;2024-04-10 18:00:00
202400029772.0;5;75;75102;2;3;1.0;3.0;48.868936;2.35399;2024-05-19 01:37:00
202400029773.0;5;75;75112;2;1;2.0;6.0;48.841328;2.372914;2024-08-31 23:00:00
202400029774.0;5;75;75104;2;2;1.0;3.0;48.85604;2.34641;2024-05-18 22:05:00
202400029775.0;1;67;67218;1;1;1.0;4.0;48.54292;7.72362;2024-04-10 09:35:00
202400029776.0;2;38;38422;1;1;1.0;7.0;45.14144938;5.88809646;2024-01-21 17:20:00
202400029777.0;2;94;94074;2;3;1.0;3.0;48.77048;2.44039;2024-05-19 05:25:00
202400029778.0;5;3;3264;2;2;1.0;6.0;46.065595;3.465173;2024-01-22 04:00:00
202400029779.0;1;67;67482;1;1;1.0;2.0;48.58412;7.72469;2024-04-10 08:15:00
202400029780.0;1;75;75111;2;2;1.0;3.0;48.85128423;2.39822477;2024-09-01 15:25:00
202400029781.0;1;15;15122;2;1;2.0;6.0;44.711435;2.197947;2024-01-22 10:49:00
202400029782.0;1;77;77384;1;1;1.0;7.0;48.594692;2.614724;2024-04-11 18:05:00
202400029783.0;5;94;94076;2;3;1.0;3.0;48.7854;2.354482;2024-05-19 23:15:00
202400029784.0;1;1;1034;2;2;1.0;6.0;45.759371;5.690808;2024-01-19 09:45:00
202400029785.0;3;91;91689;1;1;1.0;2.0;48.74588;2.32493;2024-04-11 01:38:00
202400029786.0;1;94;94003;2;3;1.0;2.0;48.805629;2.338735;2024-05-19 17:15:00
202400029787.0;5;75;75108;2;2;8.0;3.0;48.875031;2.309197;2024-08-31 23:55:00
202400029788.0;1;72;72054;2;1;2.0;6.0;48.02383665;0.33367217;2024-01-17 11:00:00
202400029789.0;1;92;92036;1;1;1.0;2.0;48.93827869;2.31217146;2024-04-11 13:35:00
202400029790.0;1;94;94028;2;2;1.0;6.0;48.77754552;2.45751473;2024-05-19 17:55:00
202400029791.0;1;43;43020;1;1;1.0;6.0;45.29420308;4.13876513;2024-01-22 10:30:00
202400029792.0;1;94;94017;1;1;1.0;6.0;48.82909642;2.48067967;2024-04-11 20:00:00
202400029793.0;1;94;94022;2;3;1.0;6.0;48.77222;2.40156;2024-05-19 17:50:00
202400029794.0;3;10;10353;1;1;1.0;1.0;48.44710482;3.90632596;2024-01-21 18:00:00
202400029795.0;1;94;94069;1;1;1.0;2.0;48.81731064;2.43546724;2024-04-11 18:35:00
202400029796.0;5;75;75102;2;4;1.0;3.0;48.868694;2.333146;2024-09-01 00:25:00
202400029797.0;5;7;7010;2;6;1.0;7.0;45.240267;4.697696;2024-01-22 19:26:00
202400029798.0;1;93;93078;2;3;1.0;1.0;48.95691;2.55721;2024-05-19 18:20:00
202400029799.0;1;94;94018;1;1;1.0;4.0;48.82253799;2.39690691;2024-04-11 15:05:00
202400029800.0;1;94;94069;2;1;1.0;6.0;48.815429;2.455222;2024-09-01 11:30:00
202400029801.0;3;40;40284;2;1;1.0;6.0;43.659484;-1.308013;2024-01-22 07:40:00
202400029802.0;5;85;85149;1;1;3.0;6.0;46.416861;-1.08189;2024-01-22 07:30:00
202400029803.0;1;94;94028;1;1;1.0;3.0;48.80301088;2.44831306;2024-04-10 17:15:00
202400029804.0;1;93;93071;2;2;1.0;3.0;48.93014125;2.52864057;2024-05-19 17:30:00
202400029805.0;1;94;94075;2;1;1.0;3.0;48.732779;2.513217;2024-09-01 10:00:00
202400029806.0;1;17;17261;1;1;1.0;7.0;45.824792;-0.152564;2024-01-21 16:30:00
202400029807.0;1;77;77363;1;1;1.0;2.0;48.92869685;2.62840045;2024-04-10 10:15:00
202400029808.0;1;93;93050;2;2;1.0;3.0;48.86528;2.52944;2024-05-19 21:05:00
202400029809.0;5;93;93077;2;1;2.0;2.0;48.88519104;2.5036422;2024-08-31 22:30:00
202400029810.0;1;987;98734;2;1;1.0;2.0;-17.75948012;-149.51451391;2024-01-21 06:00:00
202400029811.0;1;976;97611;2;1;1.0;3.0;-12.77898;45.22581;2024-04-10 12:30:00
202400029812.0;1;93;93050;2;3;1.0;1.0;48.86058857;2.54031909;2024-05-19 14:55:00
202400029813.0;1;93;93048;2;1;1.0;6.0;48.87253367;2.45329238;2024-09-01 10:00:00
202400029814.0;1;93;93031;2;1;1.0;6.0;48.957024;2.303636;2024-05-19 06:40:00
202400029815.0;1;31;31424;2;2;1.0;6.0;43.56427205;1.29347116;2024-01-18 16:20:00
202400029816.0;1;974;97416;1;1;7.0;5.0;-21.33185;55.46497;2024-04-09 11:20:00
202400029817.0;5;93;93013;2;1;2.0;6.0;48.93305;2.42284;2024-08-31 21:40:00
202400029818.0;5;25;25388;2;1;1.0;6.0;47.50857;6.80676;2024-07-25 22:50:00
202400029819.0;1;93;93057;2;1;1.0;1.0;48.909796;2.49683;2024-05-19 15:30:00
202400029820.0;5;35;35353;2;2;1.0;3.0;48.1049261;-1.74007505;2024-01-19 00:01:00
202400029821.0;1;974;97411;2;4;1.0;3.0;-20.88542;55.4579;2024-04-10 15:30:00
202400029822.0;1;93;93008;2;1;1.0;3.0;48.9066984;2.43120074;2024-08-31 14:10:00
202400029823.0;1;92;92078;2;4;1.0;1.0;48.93977226;2.32520449;2024-05-18 20:45:00
202400029824.0;1;17;17415;1;1;1.0;4.0;45.72515;-0.64292;2024-07-24 18:22:00
202400029825.0;1;13;13038;2;1;1.0;1.0;43.725468;4.708119;2024-01-22 08:00:00
202400029826.0;1;973;97302;2;3;1.0;3.0;4.93826318;-52.31673628;2024-04-10 12:23:00
202400029827.0;5;92;92024;2;2;1.0;1.0;48.90077043;2.31594068;2024-05-18 22:45:00
202400029828.0;1;93;93005;2;2;1.0;1.0;48.95579;2.50402;2024-09-01 16:20:00
202400029829.0;1;15;15012;1;3;1.0;3.0;44.8782;2.4098;2024-07-24 11:30:00
202400029830.0;4;27;27005;1;1;2.0;2.0;49.17159;1.249094;2024-01-22 05:50:00
202400029831.0;1;92;92012;2;1;1.0;6.0;48.82785534;2.23636678;2024-05-18 17:15:00
202400029832.0;1;69;69034;2;1;1.0;6.0;45.78458;4.83199;2024-04-10 12:05:00
202400029833.0;1;13;13117;1;1;1.0;2.0;43.43961;5.2882;2024-07-25 14:00:00
202400029834.0;3;13;13051;1;1;1.0;2.0;43.60455183;5.15151794;2024-01-21 22:00:00
202400029835.0;5;92;92002;2;3;1.0;3.0;48.7496534;2.30436489;2024-05-18 23:19:00
202400029836.0;1;69;69034;2;1;1.0;2.0;45.78819528;4.85726595;2024-04-10 08:17:00
202400029837.0;1;92;92047;1;1;1.0;4.0;48.82732114;2.15155095;2024-09-01 13:45:00
202400029838.0;3;51;51617;1;1;1.0;6.0;49.034474;4.372698;2024-01-21 02:25:00
202400029839.0;1;24;24262;1;1;1.0;6.0;45.291691;0.941738;2024-05-17 19:15:00
202400029840.0;1;13;13054;2;9;1.0;1.0;43.41108;5.21711;2024-07-25 07:10:00
202400029841.0;1;971;97113;2;1;1.0;6.0;16.20734;-61.48107;2024-04-10 12:00:00
202400029842.0;2;988;98813;1;1;1.0;6.0;-21.696192;165.799913;2024-01-21 04:30:00
202400029843.0;1;49;49244;2;1;2.0;7.0;47.392357;-0.870366;2024-05-20 07:45:00
202400029844.0;1;92;92012;2;9;1.0;6.0;48.84417853;2.23765478;2024-09-01 11:10:00
202400029845.0;3;974;97415;1;1;1.0;2.0;-21.055632;55.227054;2024-01-20 01:40:00
202400029846.0;1;13;13103;2;3;1.0;3.0;43.64203;5.09792;2024-07-25 19:00:00
202400029847.0;5;2A;2A004;1;1;8.0;1.0;41.9289;8.7243;2024-04-10 22:31:00
202400029848.0;3;1;1383;1;1;2.0;1.0;46.07935;5.10055;2024-05-20 02:45:00
202400029849.0;3;35;35239;1;9;2.0;6.0;47.900304;-1.375759;2024-09-02 05:53:00
202400029850.0;3;971;97129;1;1;1.0;1.0;16.309719;-61.677096;2024-01-21 19:45:00
202400029851.0;3;52;52206;1;1;1.0;1.0;48.51752934;4.80893392;2024-05-20 00:20:00
202400029852.0;1;95;95252;1;6;1.0;2.0;48.97724067;2.22841144;2024-04-10 10:30:00
202400029853.0;2;13;13214;2;3;1.0;2.0;43.3377075;5.39447344;2024-07-25 21:30:00
202400029854.0;2;34;34057;2;3;1.0;3.0;43.624438;3.915389;2024-01-19 18:25:00
202400029855.0;1;39;39258;1;1;1.0;3.0;46.522945;5.907492;2024-09-01 12:30:00
202400029856.0;1;91;91570;2;4;7.0;6.0;48.63829;2.31434;2024-04-10 08:00:00
202400029857.0;1;13;13209;2;1;1.0;1.0;43.23991838;5.45164776;2024-07-25 18:10:00
202400029858.0;1;22;22209;1;2;1.0;3.0;48.557232;-2.147167;2024-05-19 15:55:00
202400029859.0;1;84;84019;2;1;1.0;4.0;44.299381;4.749345;2024-01-19 13:30:00
202400029860.0;3;972;97222;1;1;1.0;7.0;14.67055;-60.954769;2024-05-18 21:16:00
202400029861.0;1;13;13203;2;1;1.0;1.0;43.3069;5.38616;2024-07-25 06:30:00
202400029862.0;4;71;71555;2;1;6.0;6.0;46.713672;4.86417;2024-01-22 06:00:00
202400029863.0;1;91;91421;2;6;1.0;3.0;48.71122;2.44216;2024-04-10 19:00:00
202400029864.0;1;81;81163;1;3;1.0;3.0;43.43943795;2.33338237;2024-08-31 16:00:00
202400029865.0;4;13;13203;2;1;1.0;7.0;43.32079;5.37446;2024-07-25 02:50:00
202400029866.0;1;71;71150;1;1;1.0;1.0;46.231658;4.786606;2024-01-21 09:15:00
202400029867.0;1;87;87085;2;1;2.0;7.0;45.82904;1.25147;2024-04-09 13:20:00
202400029868.0;1;46;46082;1;1;2.0;6.0;44.392633;1.600463;2024-05-19 18:00:00
202400029869.0;1;13;13047;2;1;1.0;3.0;43.5086;4.9841;2024-07-25 12:50:00
202400029870.0;3;64;64254;1;1;3.0;6.0;43.507789;-0.605303;2024-05-19 21:00:00
202400029871.0;2;55;55170;1;1;1.0;7.0;49.359905;5.33;2024-01-22 07:15:00
202400029872.0;1;38;38182;1;1;1.0;7.0;45.368474;5.430851;2024-05-20 14:45:00
202400029873.0;5;6;6149;2;1;1.0;2.0;43.742736;7.312788;2024-09-01 22:52:00
202400029874.0;5;83;83137;2;1;1.0;1.0;43.12585;5.96796;2024-04-10 22:15:00
202400029875.0;5;83;83070;2;1;1.0;6.0;43.142498;6.35836;2024-05-20 21:10:00
202400029876.0;2;54;54397;2;2;1.0;6.0;48.611406;6.102106;2024-01-22 16:50:00
202400029877.0;1;13;13047;2;6;1.0;2.0;43.49875;4.98644;2024-07-24 17:20:00
202400029878.0;1;83;83103;1;1;1.0;6.0;43.17007616;5.93433813;2024-04-08 18:25:00
202400029879.0;3;13;13106;1;1;9.0;2.0;43.3902785;5.35118701;2024-01-20 05:30:00
202400029880.0;1;12;12002;1;4;2.0;3.0;44.176368;3.033058;2024-05-20 10:25:00
202400029881.0;1;83;83137;2;9;2.0;3.0;43.12738956;5.91982251;2024-04-09 10:05:00
202400029882.0;1;42;42338;1;6;1.0;3.0;46.07441;4.099343;2024-08-30 12:05:00
202400029883.0;1;13;13028;1;1;1.0;2.0;43.20218;5.58844;2024-07-25 08:50:00
202400029884.0;1;22;22312;1;1;1.0;1.0;48.326253;-2.066972;2024-05-19 18:45:00
202400029885.0;3;31;31454;1;1;1.0;6.0;43.408103;1.136259;2024-09-02 02:15:00
202400029886.0;2;62;62306;1;1;1.0;7.0;50.177118;2.822156;2024-05-20 06:15:00
202400029887.0;1;80;80021;2;3;1.0;3.0;49.89729;2.29815;2024-04-09 18:50:00
202400029888.0;3;13;13215;1;1;1.0;2.0;43.37071343;5.3611563;2024-01-20 18:30:00
202400029889.0;1;59;59562;1;1;1.0;7.0;50.108703;4.002414;2024-05-20 17:10:00
202400029890.0;1;14;14579;1;3;1.0;1.0;49.044395;-0.687895;2024-09-02 10:45:00
202400029891.0;1;78;78224;2;3;1.0;3.0;48.86571;2.06962;2024-04-10 17:35:00
202400029892.0;1;19;19132;1;1;2.0;7.0;45.1133201;1.78191141;2024-05-19 13:15:00
202400029893.0;5;69;69266;1;1;1.0;2.0;45.79343606;4.87587353;2024-01-21 02:20:00
202400029894.0;1;6;6069;2;1;1.0;2.0;43.64898;6.93162;2024-07-25 13:15:00
202400029895.0;1;59;59580;1;1;1.0;7.0;50.81422483;2.52399434;2024-05-19 14:15:00
202400029896.0;3;94;94034;1;1;1.0;2.0;48.75979435;2.32184781;2024-01-21 17:44:00
202400029897.0;1;6;6029;2;1;1.0;3.0;43.55396;7.02349;2024-07-25 09:10:00
202400029898.0;1;71;71475;1;1;1.0;3.0;46.755225;4.833105;2024-09-02 10:15:00
202400029899.0;2;2B;2B305;2;1;1.0;5.0;42.730126;9.459325;2024-05-18 19:30:00
202400029900.0;1;91;91617;1;1;1.0;6.0;48.631556;2.508552;2024-01-21 09:50:00
202400029901.0;2;4;4070;2;1;1.0;6.0;44.08069;6.22194;2024-07-24 21:15:00
202400029902.0;1;82;82056;1;1;1.0;6.0;44.19621193;1.76306087;2024-05-19 19:30:00
202400029903.0;1;76;76351;2;1;1.0;4.0;49.49223;0.16657;2024-04-09 17:05:00
202400029904.0;3;71;71245;1;1;1.0;7.0;46.617068;4.86576;2024-09-01 22:50:00
202400029905.0;4;78;78158;1;1;1.0;3.0;48.84072;2.11129;2024-01-20 22:45:00
202400029906.0;1;65;65388;1;1;1.0;6.0;42.822728;0.283391;2024-05-20 10:20:00
202400029907.0;1;76;76351;2;1;2.0;7.0;49.49346;0.11359;2024-04-09 14:30:00
202400029908.0;1;3;3190;2;9;1.0;3.0;46.56094;3.33824;2024-07-24 16:00:00
202400029909.0;3;93;93027;1;1;2.0;3.0;48.92774;2.41028;2024-01-21 21:30:00
202400029910.0;1;33;33437;2;2;1.0;3.0;44.866593;-0.082507;2024-05-13 11:35:00
202400029911.0;1;2;2168;2;1;1.0;6.0;49.03657;3.38074;2024-07-19 17:00:00
202400029912.0;3;95;95678;1;1;2.0;6.0;49.07315521;2.23856188;2024-01-21 06:45:00
202400029913.0;3;89;89309;1;1;1.0;6.0;48.279734;3.217932;2024-05-19 22:10:00
202400029914.0;1;1;1053;2;2;1.0;6.0;46.208863;5.227608;2024-07-24 14:00:00
202400029915.0;1;93;93007;1;1;1.0;2.0;48.93859255;2.47983863;2024-01-20 16:20:00
202400029916.0;1;49;49200;2;1;2.0;7.0;47.560162;-0.670719;2024-05-20 17:21:00
202400029917.0;3;44;44129;1;1;2.0;7.0;47.443527;-2.081566;2024-08-30 20:45:00
202400029918.0;1;95;95241;1;1;2.0;3.0;49.04653407;2.43883155;2024-01-21 12:50:00
202400029919.0;1;75;75120;2;1;1.0;2.0;48.867845;2.413241;2024-07-25 18:30:00
202400029920.0;2;71;71341;2;1;1.0;6.0;46.955315;5.035037;2024-09-01 20:35:00
202400029921.0;5;95;95641;1;1;1.0;6.0;49.07178909;2.55235818;2024-01-21 01:15:00
202400029922.0;1;49;49307;1;1;1.0;5.0;47.472177;-0.366368;2024-05-17 19:15:00
202400029923.0;1;62;62115;1;1;1.0;7.0;50.25373504;2.68221221;2024-08-29 08:00:00
202400029924.0;1;75;75112;2;4;1.0;3.0;48.82688216;2.38970339;2024-07-25 11:40:00
202400029925.0;1;41;41097;1;1;1.0;3.0;47.29492;1.696744;2024-05-10 18:20:00
202400029926.0;3;95;95018;1;1;1.0;7.0;48.95851377;2.27458283;2024-01-20 19:51:00
202400029927.0;1;75;75119;2;1;1.0;3.0;48.900429;2.383466;2024-07-25 08:30:00
202400029928.0;1;86;86053;1;1;8.0;1.0;46.687433;0.150788;2024-05-20 16:30:00
202400029929.0;1;2A;2A130;1;1;1.0;1.0;41.872852;8.961883;2024-08-31 17:15:00
202400029930.0;1;22;22006;2;1;1.0;7.0;48.700666;-3.313692;2024-05-19 18:30:00
202400029931.0;1;93;93064;1;1;1.0;4.0;48.88006293;2.4757668;2024-01-20 16:00:00
202400029932.0;1;75;75119;2;1;1.0;3.0;48.88343;2.399739;2024-07-24 18:25:00
202400029933.0;3;80;80443;1;1;1.0;6.0;49.852608;1.915205;2024-09-01 04:10:00
202400029934.0;3;25;25024;1;1;1.0;7.0;46.96583;6.398839;2024-05-18 23:15:00
202400029935.0;3;93;93066;1;1;1.0;5.0;48.92290239;2.35725128;2024-01-19 21:00:00
202400029936.0;1;25;25187;2;1;1.0;7.0;47.379012;6.675672;2024-05-19 17:30:00
202400029937.0;1;75;75112;2;1;1.0;5.0;48.834473;2.410696;2024-07-24 08:15:00
202400029938.0;1;82;82132;2;1;1.0;1.0;44.078079;1.616353;2024-09-02 16:40:00
202400029939.0;1;75;75112;1;1;1.0;4.0;48.825146;2.463772;2024-01-21 14:15:00
202400029940.0;1;25;25434;2;1;1.0;1.0;47.108693;6.126613;2024-05-19 17:00:00
202400029941.0;1;75;75119;2;3;1.0;3.0;48.898846;2.378136;2024-07-25 19:20:00
202400029942.0;3;93;93051;1;1;1.0;2.0;48.8359907;2.56003554;2024-01-20 22:39:00
202400029943.0;1;32;32178;1;1;1.0;7.0;43.841821;0.32105;2024-08-31 18:45:00
202400029944.0;2;25;25467;2;6;1.0;6.0;47.25465;5.936463;2024-05-19 06:45:00
202400029945.0;1;75;75113;2;3;1.0;2.0;48.826788;2.357211;2024-07-24 10:05:00
202400029946.0;1;976;97611;2;9;1.0;2.0;-12.76457;45.22543;2024-01-20 12:00:00
202400029947.0;3;35;35069;1;3;1.0;1.0;48.03783453;-1.48999661;2024-05-18 22:30:00
202400029948.0;1;974;97416;1;1;1.0;3.0;-21.31434;55.45783;2024-01-20 15:10:00
202400029949.0;1;75;75110;2;2;1.0;6.0;48.881335;2.36475;2024-07-25 09:40:00
202400029950.0;1;63;63250;1;1;7.0;1.0;45.5796735;3.14957351;2024-09-02 14:15:00
202400029951.0;2;29;29173;1;1;1.0;6.0;48.026363;-4.226133;2024-05-19 22:15:00
202400029952.0;3;974;97411;1;1;1.0;4.0;-20.88482;55.39046;2024-01-20 01:30:00
202400029953.0;1;75;75107;2;3;1.0;3.0;48.862399;2.310403;2024-07-24 10:12:00
202400029954.0;2;31;31356;1;1;1.0;6.0;43.713487;1.248322;2024-05-20 06:15:00
202400029955.0;2;69;69382;2;1;1.0;6.0;45.76377;4.83586;2024-01-19 17:00:00
202400029956.0;3;42;42020;2;3;1.0;6.0;45.617932;4.213391;2024-09-01 04:40:00
202400029957.0;3;38;38338;1;1;1.0;2.0;45.214258;5.489473;2024-05-20 00:15:00
202400029958.0;1;94;94081;2;1;1.0;1.0;48.78125806;2.40295833;2024-07-24 06:40:00
202400029959.0;1;69;69149;2;1;1.0;3.0;45.71242;4.80341;2024-01-20 15:00:00
202400029960.0;3;38;38370;1;1;1.0;6.0;45.141759;5.228664;2024-05-19 00:15:00
202400029961.0;1;971;97101;1;1;1.0;7.0;16.25380482;-61.54030323;2024-01-19 16:05:00
202400029962.0;1;94;94054;2;1;1.0;1.0;48.74297699;2.40118311;2024-07-25 19:05:00
202400029963.0;3;2;2369;1;1;1.0;1.0;49.797951;3.97051;2024-04-25 22:15:00
202400029964.0;1;34;34163;1;6;1.0;3.0;43.629987;3.693777;2024-08-29 06:55:00
202400029965.0;1;93;93073;2;1;1.0;6.0;48.95881;2.57279;2024-07-25 17:15:00
202400029966.0;3;5;5040;1;1;1.0;1.0;44.55150718;6.25565284;2024-05-19 02:30:00
202400029967.0;3;50;50403;1;1;1.0;7.0;49.15382;-1.590968;2024-05-20 03:25:00
202400029968.0;5;91;91552;1;1;1.0;2.0;48.61367;2.25474;2024-01-19 03:53:00
202400029969.0;1;25;25271;1;1;1.0;7.0;47.052259;6.476676;2024-09-01 13:20:00
202400029970.0;5;91;91174;2;1;1.0;6.0;48.61328;2.48587;2024-01-20 22:30:00
202400029971.0;5;93;93066;2;3;1.0;3.0;48.92595621;2.35719392;2024-07-25 00:01:00
202400029972.0;1;18;18221;1;1;1.0;7.0;46.821978;2.376915;2024-05-19 18:40:00
202400029973.0;1;44;44032;1;2;1.0;3.0;47.166121;-1.341464;2024-08-31 18:10:00
202400029974.0;1;93;93046;2;2;1.0;1.0;48.92804;2.54927;2024-07-25 08:49:00
202400029975.0;5;91;91174;2;1;1.0;2.0;48.59941;2.480218;2024-01-20 22:20:00
202400029976.0;1;7;7292;1;2;2.0;3.0;45.168733;4.693898;2024-05-20 19:15:00
202400029977.0;1;93;93006;2;1;1.0;6.0;48.87562853;2.42483318;2024-07-25 17:00:00
202400029978.0;1;29;29130;1;1;1.0;7.0;48.389778;-4.660762;2024-09-01 09:37:00
202400029979.0;1;85;85191;2;1;7.0;6.0;46.69026;-1.4306;2024-01-20 17:05:00
202400029980.0;1;7;7007;1;1;3.0;7.0;44.949887;4.707856;2024-05-20 19:15:00
202400029981.0;5;83;83137;1;1;1.0;6.0;43.14495232;5.90163624;2024-01-20 21:50:00
202400029982.0;1;93;93032;2;1;1.0;2.0;48.88117;2.54789;2024-07-25 07:10:00
202400029983.0;1;53;53251;1;3;3.0;7.0;47.784406;-0.874465;2024-05-20 15:10:00
202400029984.0;1;81;81163;2;1;9.0;7.0;43.4940232;2.3784688;2024-01-20 11:00:00
202400029985.0;1;38;38504;1;1;1.0;2.0;45.302531;5.994067;2024-09-01 11:30:00
202400029986.0;1;78;78642;2;1;4.0;6.0;48.986145;1.970152;2024-01-20 10:00:00
202400029987.0;1;93;93005;2;1;1.0;3.0;48.92178;2.50407;2024-07-25 13:45:00
202400029988.0;1;30;30210;1;1;1.0;1.0;43.920207;4.024547;2024-05-19 13:50:00
202400029989.0;5;76;76217;2;3;1.0;1.0;49.9131;1.07169;2024-01-20 18:15:00
202400029990.0;1;92;92078;2;1;1.0;3.0;48.92582191;2.3229821;2024-07-24 19:15:00
202400029991.0;1;84;84041;1;1;1.0;7.0;44.107171;5.144091;2024-09-02 19:05:00
202400029992.0;1;92;92050;2;1;1.0;7.0;48.90261752;2.18657166;2024-07-24 21:00:00
202400029993.0;1;85;85081;1;1;1.0;6.0;46.797136;-1.32278;2024-09-01 15:20:00
202400029994.0;1;74;74305;2;2;1.0;5.0;46.20231;6.25867;2024-01-19 12:50:00
202400029995.0;1;92;92026;2;2;1.0;3.0;48.89991553;2.23973684;2024-07-25 10:08:00
202400029996.0;1;70;70299;2;6;1.0;6.0;47.625314;5.781016;2024-09-01 13:15:00
202400029997.0;5;72;72181;2;1;1.0;6.0;48.00349;0.20342;2024-01-20 05:20:00
202400029998.0;1;92;92025;2;1;1.0;2.0;48.91425911;2.22950031;2024-07-24 17:13:00
202400029999.0;1;31;31254;2;1;1.0;6.0;43.54471953;1.50394142;2024-05-20 08:15:00
202400030000.0;1;58;58031;2;1;1.0;3.0;47.024294;3.478364;2024-08-31 10:45:00
202400030001.0;1;72;72181;2;1;1.0;6.0;47.99048;0.20605;2024-01-19 14:26:00
202400030002.0;1;34;34202;1;1;1.0;2.0;43.575016;3.746858;2024-07-25 16:35:00
202400030003.0;1;54;54518;1;1;1.0;7.0;48.94670675;5.88294268;2024-08-31 14:12:00
202400030004.0;5;69;69286;2;1;1.0;3.0;45.80786;4.89747;2024-01-20 18:30:00
202400030005.0;1;69;69206;1;1;1.0;2.0;46.07295991;4.74133281;2024-05-08 07:00:00
202400030006.0;5;69;69275;2;1;1.0;6.0;45.76818;4.93824;2024-01-20 02:10:00
202400030007.0;2;35;35120;2;1;1.0;3.0;48.217727;-1.781248;2024-07-24 21:00:00
202400030008.0;1;54;54400;1;1;1.0;7.0;48.848599;6.239253;2024-09-01 15:30:00
202400030009.0;3;971;97125;1;1;1.0;1.0;16.300328;-61.293449;2024-05-19 22:20:00
202400030010.0;4;63;63113;2;1;9.0;6.0;45.79339;3.09735;2024-01-20 05:50:00
202400030011.0;3;971;97129;1;1;1.0;1.0;16.317058;-61.684363;2024-05-20 01:30:00
202400030012.0;1;26;26177;1;2;1.0;3.0;45.108613;4.948284;2024-07-22 16:23:00
202400030013.0;5;59;59009;2;1;5.0;1.0;50.6434;3.1583;2024-01-20 04:40:00
202400030014.0;2;72;72087;1;2;1.0;3.0;47.948589;0.753036;2024-08-30 20:20:00
202400030015.0;1;77;77196;1;1;1.0;7.0;48.948548;2.751389;2024-05-19 18:10:00