Num_Acc;lum;departement;commune;agglomeration;intersection;meteo;type_collision;lat;long;date
202400030016.0;3;57;57606;2;1;8.0;6.0;49.09708;6.72091;2024-01-09 18:25:00
202400030017.0;1;40;40296;2;2;1.0;1.0;43.689435;-1.367213;2024-07-24 19:30:00
202400030018.0;1;14;14672;1;1;1.0;1.0;49.082594;-0.81272;2024-09-02 08:05:00
202400030019.0;1;972;97221;1;1;1.0;1.0;14.501645;-60.980778;2024-07-25 07:07:00
202400030020.0;2;54;54323;2;3;1.0;3.0;49.52729;5.77845;2024-01-20 18:05:00
202400030021.0;3;2B;2B335;1;9;1.0;5.0;42.336445;9.535929;2024-05-19 21:00:00
202400030022.0;1;5;5149;1;1;3.0;1.0;44.637697;6.188414;2024-09-01 15:45:00
202400030023.0;1;45;45147;2;1;1.0;3.0;47.93424;1.91359;2024-01-20 11:35:00
202400030024.0;3;64;64184;1;9;8.0;6.0;43.408717;-0.511055;2024-07-26 03:45:00
202400030025.0;1;83;83099;1;3;1.0;1.0;43.459453;6.666765;2024-05-20 17:20:00
202400030026.0;1;44;44184;2;1;7.0;6.0;47.28593;-2.24591;2024-01-20 10:00:00
202400030027.0;3;83;83066;2;1;1.0;6.0;43.661624;5.852046;2024-05-20 03:45:00
202400030028.0;1;50;50613;2;3;1.0;7.0;49.647662;-1.302435;2024-08-31 14:00:00
202400030029.0;1;34;34247;1;5;1.0;3.0;43.669046;3.841135;2024-07-10 13:15:00
202400030030.0;1;13;13092;2;6;1.0;3.0;43.542565;5.041765;2024-05-19 11:15:00
202400030031.0;1;83;83097;1;1;1.0;3.0;43.467746;5.745335;2024-07-26 13:20:00
202400030032.0;2;73;73270;1;1;3.0;1.0;45.55560672;6.17320061;2024-09-01 18:55:00
202400030033.0;3;13;13030;1;1;1.0;1.0;43.269159;5.71818;2024-05-18 22:05:00
202400030034.0;1;51;51030;2;1;1.0;7.0;49.044781;4.085653;2024-07-26 14:40:00
202400030035.0;3;56;56036;1;1;2.0;6.0;47.824191;-3.386042;2024-07-21 01:55:00
202400030036.0;1;53;53029;1;1;8.0;1.0;47.798833;-0.548843;2024-09-02 15:15:00
202400030037.0;1;13;13094;2;4;1.0;3.0;43.786893;4.747257;2024-05-19 14:50:00
202400030038.0;1;65;65291;1;1;1.0;7.0;43.06326;-0.036725;2024-07-25 10:45:00
202400030039.0;3;71;71086;1;1;1.0;1.0;46.4080044;4.25285236;2024-05-19 21:39:00
202400030040.0;1;53;53136;1;1;1.0;1.0;47.890586;-0.707626;2024-09-02 09:30:00
202400030041.0;1;32;32132;1;1;1.0;1.0;43.84793;0.682547;2024-07-25 17:40:00
202400030042.0;5;55;55551;1;6;1.0;7.0;48.978629;5.715431;2024-07-25 23:24:00
202400030043.0;3;8;8110;1;1;5.0;2.0;49.815057;4.517475;2024-05-20 05:20:00
202400030044.0;1;85;85090;1;2;1.0;2.0;46.85027;-0.931539;2024-08-29 09:45:00
202400030045.0;1;42;42019;2;2;7.0;6.0;45.746021;4.003381;2024-07-26 09:00:00
202400030046.0;1;88;88064;1;3;2.0;3.0;48.260227;6.79719;2024-05-20 15:15:00
202400030047.0;1;47;47138;1;3;1.0;3.0;44.280727;0.782261;2024-07-25 13:30:00
202400030048.0;2;27;27246;2;3;1.0;6.0;49.365387;1.364568;2024-09-01 20:50:00
202400030049.0;1;34;34150;1;1;2.0;1.0;43.328022;3.556212;2024-07-21 10:30:00
202400030050.0;1;26;26220;2;2;1.0;3.0;44.358999;5.124586;2024-05-20 17:40:00
202400030051.0;3;87;87061;1;2;1.0;1.0;46.179897;1.163049;2024-09-01 04:35:00
202400030052.0;2;1;1297;2;1;1.0;6.0;45.890105;5.093799;2024-05-12 20:50:00
202400030053.0;1;44;44123;1;2;1.0;3.0;47.693274;-1.785155;2024-07-25 16:40:00
202400030054.0;1;81;81076;1;1;2.0;3.0;43.572721;1.871096;2024-05-02 08:55:00
202400030055.0;1;13;13044;1;3;7.0;3.0;43.62791;5.057654;2024-09-02 07:10:00
202400030056.0;1;38;38503;1;2;1.0;3.0;45.326763;5.936718;2024-07-25 18:30:00
202400030057.0;1;3;3297;1;1;1.0;6.0;46.547173;2.618694;2024-07-25 07:40:00
202400030058.0;1;50;50041;1;2;1.0;3.0;49.639667;-1.769512;2024-05-19 18:30:00
202400030059.0;1;15;15124;1;1;1.0;7.0;45.30085634;2.61004472;2024-07-26 10:50:00
202400030060.0;5;987;98715;2;3;1.0;7.0;-17.547415;-149.593528;2024-09-01 19:30:00
202400030061.0;1;26;26115;1;1;1.0;1.0;44.706036;5.006043;2024-07-24 10:20:00
202400030062.0;1;80;80002;1;1;1.0;7.0;49.847738;2.831597;2024-05-20 07:00:00
202400030063.0;1;58;58145;1;9;1.0;7.0;47.271542;3.821526;2024-07-26 15:30:00
202400030064.0;1;51;51572;1;9;1.0;7.0;49.037172;4.623383;2024-08-31 13:10:00
202400030065.0;3;13;13015;1;1;1.0;1.0;43.46899;5.40748;2024-05-15 21:25:00
202400030066.0;3;14;14460;1;1;2.0;6.0;49.181114;0.350296;2024-07-23 00:15:00
202400030067.0;3;13;13001;1;1;1.0;7.0;43.51094727;5.41885566;2024-04-08 22:18:00
202400030068.0;1;988;98821;1;1;1.0;6.0;-22.13785;166.40903;2024-08-31 14:45:00
202400030069.0;1;14;14020;1;1;1.0;2.0;49.143329;-0.163607;2024-07-25 09:30:00
202400030070.0;1;13;13215;1;1;1.0;2.0;43.366;5.361;2024-05-19 17:10:00
202400030071.0;1;45;45269;1;1;1.0;6.0;47.850236;1.735134;2024-07-18 18:25:00
202400030072.0;1;77;77176;1;1;1.0;1.0;48.754208;3.013762;2024-09-02 14:50:00
202400030073.0;1;83;83047;1;1;1.0;2.0;43.12624514;6.08255384;2024-05-18 19:25:00
202400030074.0;3;73;73122;1;3;1.0;6.0;45.60369527;5.75083618;2024-07-23 00:30:00
202400030075.0;3;66;66114;1;1;1.0;6.0;42.607851;2.923731;2024-02-25 19:15:00
202400030076.0;1;40;40046;2;1;1.0;5.0;44.440716;-1.240524;2024-07-26 10:34:00
202400030077.0;1;987;98735;2;9;1.0;7.0;-17.540812;-149.559074;2024-05-18 14:35:00
202400030078.0;3;4;4138;1;1;1.0;6.0;43.932772;5.859146;2024-07-25 21:03:00
202400030079.0;1;13;13052;1;1;1.0;1.0;43.824837;4.795661;2024-09-02 10:50:00
202400030080.0;3;974;97416;2;1;1.0;2.0;-21.32804;55.47083;2024-05-18 19:30:00
202400030081.0;1;70;70402;2;1;1.0;6.0;47.533067;5.562623;2024-09-01 09:20:00
202400030082.0;1;85;85277;1;2;1.0;3.0;46.519529;-1.432251;2024-07-25 17:00:00
202400030083.0;1;973;97302;2;3;2.0;3.0;4.92161;-52.31259;2024-05-18 08:30:00
202400030084.0;2;37;37250;1;1;1.0;6.0;47.23985492;0.71472645;2024-07-25 21:10:00
202400030085.0;2;67;67001;2;1;1.0;7.0;48.576266;7.628664;2024-09-01 07:45:00
202400030086.0;5;973;97302;2;1;2.0;7.0;4.91551426;-52.31123579;2024-05-18 01:40:00
202400030087.0;1;8;8004;1;1;1.0;6.0;49.479487;4.168709;2024-07-25 16:40:00
202400030088.0;1;69;69384;2;2;1.0;3.0;45.77718;4.83225;2024-05-18 20:40:00
202400030089.0;1;1;1128;1;1;1.0;2.0;46.466252;5.10184;2024-07-24 12:40:00
202400030090.0;1;88;88076;1;1;1.0;1.0;48.246483;6.729067;2024-09-01 18:50:00
202400030091.0;1;2B;2B033;2;1;1.0;1.0;42.6645;9.43765;2024-05-17 19:56:00
202400030092.0;1;6;6059;1;4;1.0;2.0;43.733182;7.389164;2024-07-24 17:30:00
202400030093.0;1;57;57445;1;1;1.0;2.0;49.00506;6.106693;2024-08-31 12:30:00
202400030094.0;1;45;45270;1;1;1.0;6.0;47.817492;2.316742;2024-07-25 13:30:00
202400030095.0;5;971;97101;1;1;1.0;6.0;16.25309;-61.52403;2024-05-18 01:35:00
202400030096.0;1;77;77103;1;1;2.0;1.0;48.54332;2.802067;2024-07-26 18:05:00
202400030097.0;2;73;73054;1;1;5.0;1.0;45.60877671;6.78245105;2024-08-25 08:15:00
202400030098.0;3;95;95476;1;1;1.0;5.0;49.05775854;2.03665766;2024-05-18 02:28:00
202400030099.0;1;95;95028;1;1;1.0;5.0;49.06956722;2.34052258;2024-07-25 17:30:00
202400030100.0;1;91;91549;1;1;1.0;6.0;48.620615;2.33784;2024-05-18 13:04:00
202400030101.0;1;38;38487;1;3;1.0;3.0;45.56643;4.817537;2024-09-02 16:55:00
202400030102.0;3;95;95141;1;1;2.0;6.0;49.14061924;1.78767139;2024-07-25 21:20:00
202400030103.0;1;34;34058;1;1;1.0;7.0;43.67886;3.947332;2024-07-25 20:09:00
202400030104.0;1;83;83062;1;1;1.0;7.0;43.13333;6.04124;2024-05-18 13:30:00
202400030105.0;1;69;69299;1;2;1.0;3.0;45.71911411;5.06021394;2024-09-02 08:00:00
202400030106.0;1;33;33551;1;3;1.0;7.0;45.090429;-0.639117;2024-08-23 12:30:00
202400030107.0;1;83;83065;1;2;1.0;3.0;43.24381;6.572952;2024-07-26 18:25:00
202400030108.0;1;77;77284;2;1;1.0;2.0;48.9566598;2.90775776;2024-05-18 14:50:00
202400030109.0;1;5;5122;1;1;1.0;6.0;44.76899981;6.56285217;2024-07-26 08:00:00
202400030110.0;1;33;33019;2;2;1.0;3.0;44.688873;-0.998302;2024-09-02 10:35:00
202400030111.0;5;77;77058;2;1;1.0;6.0;48.83083;2.71101;2024-05-18 03:00:00
202400030112.0;1;13;13042;1;6;7.0;3.0;43.279537;5.611814;2024-07-26 11:00:00
202400030113.0;5;72;72181;2;6;2.0;6.0;48.01567;0.15287;2024-05-18 04:30:00
202400030114.0;1;35;35240;1;3;1.0;2.0;48.101606;-1.753757;2024-09-02 15:14:00
202400030115.0;1;13;13004;1;9;1.0;2.0;43.662404;4.585853;2024-07-25 12:10:00
202400030116.0;5;72;72181;2;1;1.0;6.0;47.9393;0.21469;2024-05-18 00:10:00
202400030117.0;1;60;60462;2;1;1.0;6.0;49.328564;2.200071;2024-09-02 10:45:00
202400030118.0;1;21;21297;1;1;1.0;6.0;47.176937;4.986334;2024-07-25 18:30:00
202400030119.0;1;69;69266;2;9;1.0;7.0;45.78522356;4.89805132;2024-05-18 15:25:00
202400030120.0;3;52;52037;1;1;1.0;7.0;47.8992391;5.39139323;2024-07-25 23:30:00
202400030121.0;1;59;59321;1;1;1.0;1.0;50.11743913;3.4831017;2024-08-31 18:40:00
202400030122.0;5;69;69276;2;1;1.0;3.0;45.67042;4.86136;2024-05-18 04:00:00
202400030123.0;1;59;59059;2;1;2.0;6.0;50.124363;3.453519;2024-08-30 18:00:00
202400030124.0;1;73;73179;2;2;1.0;3.0;45.597344;5.874832;2024-07-26 15:45:00
202400030125.0;1;66;66136;1;1;2.0;2.0;42.66453;2.91726;2024-05-18 16:30:00
202400030126.0;1;13;13215;1;1;1.0;2.0;43.3498;5.369;2024-08-31 12:50:00
202400030127.0;1;64;64269;2;1;1.0;1.0;43.28295;-0.31609;2024-04-25 19:58:00
202400030128.0;1;85;85035;1;1;1.0;1.0;46.636752;-1.825125;2024-07-23 14:20:00
202400030129.0;1;13;13215;1;1;1.0;2.0;43.3581884;5.36269145;2024-08-30 12:40:00
202400030130.0;1;64;64335;1;1;2.0;3.0;43.34113;-0.40714;2024-05-18 18:59:00
202400030131.0;1;29;29181;2;2;1.0;3.0;48.48216126;-4.24857113;2024-07-24 18:00:00
202400030132.0;5;69;69382;2;1;1.0;2.0;45.74818469;4.82973953;2024-09-01 04:33:00
202400030133.0;2;69;69142;1;1;1.0;1.0;45.73015;4.81551;2024-09-01 06:45:00
202400030134.0;1;63;63075;2;3;2.0;3.0;45.77766;3.06367;2024-05-18 10:16:00
202400030135.0;2;22;22059;1;1;1.0;1.0;48.412977;-2.863215;2024-07-26 07:05:00
202400030136.0;5;60;60313;1;3;3.0;6.0;49.349933;2.238979;2024-07-26 00:50:00
202400030137.0;3;91;91689;1;1;1.0;4.0;48.74953;2.32808;2024-09-01 06:20:00
202400030138.0;1;59;59367;2;1;1.0;1.0;50.66233;3.21771;2024-05-18 16:25:00
202400030139.0;3;59;59646;2;1;2.0;7.0;50.687764;3.13461;2024-05-18 04:50:00
202400030140.0;2;91;91286;1;1;1.0;2.0;48.64882657;2.38546014;2024-09-01 07:20:00
202400030141.0;1;80;80467;1;1;1.0;2.0;49.675293;2.771645;2024-07-26 07:30:00
202400030142.0;1;92;92002;1;1;1.0;2.0;48.73166279;2.310197;2024-08-31 20:25:00
202400030143.0;1;59;59350;2;1;1.0;3.0;50.63976;3.08661;2024-05-18 16:30:00
202400030144.0;3;93;93013;1;1;1.0;6.0;48.94022999;2.42355031;2024-09-01 04:00:00
202400030145.0;1;59;59312;1;1;8.0;7.0;50.048643;3.207573;2024-07-26 16:45:00
202400030146.0;1;93;93066;1;1;1.0;2.0;48.92901494;2.35961726;2024-08-31 20:00:00
202400030147.0;1;56;56260;2;2;1.0;3.0;47.67025;-2.75713;2024-05-18 09:02:00
202400030148.0;1;13;13211;1;1;1.0;2.0;43.29081591;5.42447805;2024-07-25 10:52:00
202400030149.0;1;56;56121;2;6;1.0;2.0;47.7636;-3.3702;2024-05-18 14:16:00
202400030150.0;1;13;13212;1;1;1.0;2.0;43.29462675;5.42447805;2024-07-24 19:05:00
202400030151.0;1;93;93027;1;1;1.0;4.0;48.92773456;2.4098897;2024-08-31 19:20:00
202400030152.0;1;13;13212;1;1;1.0;7.0;43.29166481;5.42433883;2024-07-24 17:45:00
202400030153.0;1;54;54547;2;1;1.0;3.0;48.66169;6.16463;2024-05-17 17:50:00
202400030154.0;1;93;93078;1;1;1.0;4.0;48.97113985;2.49844915;2024-08-31 17:00:00
202400030155.0;2;51;51454;2;1;1.0;2.0;49.26418;4.05797;2024-05-18 20:20:00
202400030156.0;1;33;33167;1;1;1.0;2.0;44.845792;-0.502461;2024-07-25 17:40:00
202400030157.0;2;33;33063;1;9;1.0;7.0;44.884883;-0.560108;2024-07-24 22:15:00
202400030158.0;1;77;77083;1;1;1.0;4.0;48.832272;2.59931;2024-09-01 11:14:00
202400030159.0;1;49;49007;2;6;1.0;6.0;47.45013;-0.55888;2024-05-18 17:20:00
202400030160.0;1;91;91661;1;1;1.0;3.0;48.68942;2.21983;2024-07-25 14:30:00
202400030161.0;3;77;77294;1;1;1.0;3.0;48.974765;2.578859;2024-09-01 02:24:00
202400030162.0;1;91;91161;1;1;1.0;2.0;48.71489;2.30886;2024-07-25 12:45:00
202400030163.0;1;47;47001;2;1;1.0;5.0;44.19263;0.61489;2024-05-17 16:58:00
202400030164.0;1;77;77121;1;1;1.0;4.0;48.832176;2.669244;2024-08-30 16:20:00
202400030165.0;3;91;91228;1;1;1.0;2.0;48.62765;2.41389;2024-07-25 03:30:00
202400030166.0;3;91;91174;1;1;1.0;2.0;48.61396;2.45223;2024-07-24 23:05:00
202400030167.0;3;77;77384;1;1;1.0;6.0;48.620598;2.630249;2024-08-30 03:45:00
202400030168.0;5;44;44109;2;1;1.0;3.0;47.25983;-1.51844;2024-05-19 00:05:00
202400030169.0;2;95;95582;1;1;1.0;7.0;48.96704119;2.27372777;2024-07-25 21:05:00
202400030170.0;1;62;62765;2;1;1.0;6.0;50.74990281;2.25269151;2024-04-08 15:15:00
202400030171.0;1;41;41018;2;1;2.0;6.0;47.58549;1.33525;2024-05-18 15:40:00
202400030172.0;1;52;52235;1;1;1.0;1.0;48.64938;4.90629;2024-05-10 07:55:00
202400030173.0;2;93;93066;1;1;1.0;4.0;48.9297471;2.36364986;2024-07-25 17:15:00
202400030174.0;1;37;37261;2;1;1.0;2.0;47.40601221;0.7030566;2024-05-18 07:50:00
202400030175.0;1;92;92025;2;2;2.0;3.0;48.91513003;2.23325175;2024-08-30 16:20:00
202400030176.0;1;93;93006;1;1;1.0;2.0;48.8667928;2.42555663;2024-07-24 15:35:00
202400030177.0;1;37;37214;2;1;3.0;6.0;47.39385363;0.64892292;2024-05-17 17:20:00
202400030178.0;1;74;74013;2;6;1.0;7.0;46.347673;6.441656;2024-04-23 15:30:00
202400030179.0;1;94;94046;1;1;1.0;2.0;48.81292733;2.44895577;2024-07-25 17:30:00
202400030180.0;2;31;31555;2;1;1.0;3.0;43.62727;1.43724;2024-05-18 21:17:00
202400030181.0;1;94;94028;1;1;1.0;7.0;48.77623444;2.43292233;2024-07-24 18:00:00
202400030182.0;5;974;97407;2;1;1.0;3.0;-20.94897;55.28733;2024-08-31 21:15:00
202400030183.0;5;31;31555;1;1;2.0;7.0;43.60450012;1.39953375;2024-05-18 01:00:00
202400030184.0;1;44;44109;2;2;8.0;3.0;47.20929381;-1.55561638;2024-07-17 09:20:00
202400030185.0;1;972;97209;2;1;1.0;6.0;14.61642;-61.07185;2024-08-31 13:00:00
202400030186.0;1;44;44143;2;1;8.0;4.0;47.19191222;-1.5752046;2024-07-16 13:00:00
202400030187.0;3;31;31555;2;1;2.0;4.0;43.56449232;1.48575068;2024-05-18 00:50:00
202400030188.0;1;972;97209;2;1;1.0;4.0;14.62327;-61.03894;2024-08-31 09:00:00
202400030189.0;5;44;44109;2;1;8.0;7.0;47.21465313;-1.54914864;2024-07-12 22:20:00
202400030190.0;5;974;97411;2;1;1.0;6.0;-20.891876;55.477373;2024-07-24 18:10:00
202400030191.0;1;971;97113;2;3;1.0;4.0;16.20607;-61.49656;2024-08-31 16:45:00
202400030192.0;5;974;97411;1;9;1.0;7.0;-20.8956;55.49511;2024-07-24 18:50:00
202400030193.0;5;974;97411;1;1;1.0;6.0;-20.92449;55.49958;2024-07-23 20:25:00
202400030194.0;1;971;97101;1;1;1.0;4.0;16.26272;-61.49088;2024-08-31 09:35:00
202400030195.0;1;974;97411;2;1;1.0;3.0;-20.89696;55.4434;2024-07-23 12:10:00
202400030196.0;1;971;97120;2;9;1.0;6.0;16.2482;-61.53759;2024-08-31 05:15:00
202400030197.0;3;973;97302;2;1;3.0;6.0;4.92076388;-52.31714594;2024-07-24 21:50:00
202400030198.0;1;69;69386;2;2;1.0;3.0;45.77379;4.8481;2024-07-24 06:50:00
202400030199.0;1;971;97101;1;1;2.0;4.0;16.2534;-61.5482;2024-08-30 16:45:00
202400030200.0;3;972;97209;2;1;1.0;7.0;14.60131;-61.07937;2024-07-19 00:10:00
202400030201.0;1;69;69381;2;9;1.0;3.0;45.77262;4.83671;2024-07-24 18:45:00
202400030202.0;1;971;97101;1;3;2.0;5.0;16.25415;-61.52299;2024-08-30 15:00:00
202400030203.0;1;971;97120;2;1;1.0;6.0;16.2473054;-61.5386349;2024-07-23 15:36:00
202400030204.0;3;971;97107;2;1;1.0;3.0;16.04566;-61.56331;2024-08-31 18:40:00
202400030205.0;1;971;97101;1;1;1.0;3.0;16.25186;-61.51962;2024-07-23 10:45:00
202400030206.0;1;95;95388;1;1;8.0;1.0;49.02383;1.97441;2024-08-31 18:20:00
202400030207.0;1;89;89342;2;2;1.0;3.0;48.21509;3.27508;2024-07-20 13:15:00
202400030208.0;1;87;87050;2;3;1.0;2.0;45.87695;1.23793;2024-07-24 10:36:00
202400030209.0;5;91;91114;2;6;1.0;2.0;48.683376;2.490532;2024-08-31 22:25:00
202400030210.0;1;87;87085;2;1;1.0;6.0;45.83801;1.23202;2024-07-23 07:55:00
202400030211.0;1;84;84007;2;1;1.0;3.0;43.94771;4.81796;2024-07-23 09:30:00
202400030212.0;1;91;91421;1;9;2.0;4.0;48.70862;2.44231;2024-08-30 17:30:00
202400030213.0;1;83;83062;2;1;1.0;2.0;43.13577052;6.03077888;2024-07-23 17:50:00
202400030214.0;5;91;91521;1;1;2.0;1.0;48.643211;2.420688;2024-08-30 21:04:00
202400030215.0;1;78;78650;2;1;1.0;3.0;48.89567;2.12628;2024-07-24 20:30:00
202400030216.0;5;84;84007;1;1;1.0;6.0;43.92144;4.86143;2024-09-01 00:15:00
202400030217.0;5;78;78440;2;2;1.0;3.0;48.9838;1.91532;2024-07-25 00:23:00
202400030218.0;1;83;83137;2;3;1.0;2.0;43.12493;5.93272;2024-08-31 15:29:00
202400030219.0;3;77;77475;1;1;1.0;1.0;48.95885;2.97787;2024-07-24 00:26:00
202400030220.0;5;83;83098;2;1;1.0;6.0;43.10907191;6.03839743;2024-08-31 00:29:00
202400030221.0;1;72;72181;2;1;1.0;6.0;48.00784;0.2042;2024-07-23 11:40:00
202400030222.0;1;83;83129;2;3;1.0;3.0;43.1071;5.82188;2024-08-30 16:35:00
202400030223.0;1;81;81065;2;1;1.0;6.0;43.6090326;2.24268;2024-08-30 17:30:00
202400030224.0;1;69;69266;2;2;1.0;1.0;45.77007;4.8989;2024-07-24 12:00:00
202400030225.0;1;69;69259;2;3;1.0;3.0;45.72468186;4.85407325;2024-07-23 20:20:00
202400030226.0;3;77;77358;1;1;1.0;1.0;48.98003;2.86414;2024-08-31 21:35:00
202400030227.0;3;76;76384;1;1;1.0;3.0;49.52575;0.52634;2024-08-31 02:30:00
202400030228.0;1;68;68376;2;6;1.0;3.0;47.79666;7.31425;2024-07-24 13:15:00
202400030229.0;1;72;72181;2;9;1.0;6.0;47.99727;0.20323;2024-08-31 18:35:00
202400030230.0;1;67;67482;2;1;8.0;7.0;48.57761;7.77493;2024-07-23 20:40:00
202400030231.0;1;64;64102;2;1;1.0;6.0;43.48355;-1.45389;2024-07-24 18:30:00
202400030232.0;1;72;72181;2;1;1.0;3.0;47.99499;0.17725;2024-08-31 18:20:00
202400030233.0;1;60;60463;2;1;1.0;6.0;49.27162;2.46625;2024-07-24 11:35:00
202400030234.0;1;56;56121;2;1;1.0;3.0;47.7584;-3.37069;2024-07-23 17:57:00
202400030235.0;1;69;69115;1;1;1.0;3.0;45.97896;4.7278;2024-08-30 15:50:00
202400030236.0;1;56;56121;2;6;1.0;3.0;47.74686;-3.36616;2024-07-23 12:06:00
202400030237.0;5;67;67218;2;9;1.0;7.0;48.54985;7.73398;2024-08-31 03:40:00
202400030238.0;1;64;64445;2;1;1.0;7.0;43.29898;-0.33553;2024-08-31 16:00:00
202400030239.0;1;51;51172;2;1;1.0;3.0;49.21659;4.05663;2024-07-24 09:20:00
202400030240.0;1;51;51172;2;2;1.0;3.0;49.2237;4.04782;2024-07-23 14:50:00
202400030241.0;5;59;59650;2;2;1.0;3.0;50.7078;3.18672;2024-08-31 04:06:00
202400030242.0;1;51;51431;1;6;1.0;3.0;49.01990935;3.9506002;2024-07-24 09:45:00
202400030243.0;5;59;59350;2;1;1.0;2.0;50.63655;3.04478;2024-09-01 02:10:00
202400030244.0;1;49;49007;1;1;1.0;6.0;47.4661;-0.5471;2024-07-23 20:28:00
202400030245.0;1;58;58194;2;1;1.0;1.0;46.98108;3.18788;2024-08-30 17:00:00
202400030246.0;1;45;45234;2;1;1.0;6.0;47.90657;1.90445;2024-07-24 21:30:00
202400030247.0;1;57;57463;2;1;1.0;6.0;49.10684;6.17703;2024-08-31 14:20:00
202400030248.0;1;45;45284;1;1;1.0;4.0;47.924315;1.961196;2024-07-24 09:00:00
202400030249.0;1;54;54395;2;2;1.0;3.0;48.69663766;6.17430031;2024-08-31 17:00:00
202400030250.0;1;42;42275;2;1;1.0;3.0;45.47192;4.37231;2024-07-19 19:00:00
202400030251.0;2;49;49328;2;6;1.0;3.0;47.26725;-0.069969;2024-08-31 22:00:00
202400030252.0;1;40;40281;2;9;1.0;3.0;43.8831;-0.50697;2024-07-23 12:04:00
202400030253.0;1;49;49007;2;1;3.0;1.0;47.490773;-0.54805;2024-08-31 10:32:00
202400030254.0;2;35;35238;2;2;1.0;3.0;48.1121;-1.68723;2024-07-24 06:30:00
202400030255.0;1;45;45004;2;1;1.0;6.0;47.9786;2.73308;2024-08-22 11:20:00
202400030256.0;1;35;35051;1;3;1.0;6.0;48.09704;-1.60649;2024-07-23 20:45:00
202400030257.0;1;44;44184;2;1;1.0;6.0;47.2768;-2.21194;2024-08-31 16:40:00
202400030258.0;1;34;34301;2;1;1.0;3.0;43.41209;3.68755;2024-07-24 12:45:00
202400030259.0;1;41;41018;2;1;1.0;7.0;47.58003;1.34504;2024-08-31 14:45:00
202400030260.0;1;37;37122;2;1;1.0;7.0;47.34046;0.65427;2024-08-30 16:35:00
202400030261.0;1;33;33522;2;6;1.0;3.0;44.7988;-0.58267;2024-07-24 20:00:00
202400030262.0;1;35;35051;1;1;2.0;6.0;48.14036;-1.62663;2024-08-31 10:40:00
202400030263.0;1;33;33318;2;1;1.0;7.0;44.786;-0.6697;2024-07-24 13:40:00
202400030264.0;1;35;35238;2;4;3.0;3.0;48.09744953;-1.65727526;2024-08-30 16:35:00
202400030265.0;5;33;33162;2;2;1.0;6.0;44.86482;-0.66458;2024-07-23 23:20:00
202400030266.0;1;31;31555;2;1;1.0;6.0;43.5712;1.49488;2024-07-24 08:15:00
202400030267.0;1;34;34301;2;1;1.0;2.0;43.38228;3.63911;2024-08-30 15:00:00
202400030268.0;1;34;34301;2;1;1.0;6.0;43.40403;3.65971;2024-08-22 15:00:00
202400030269.0;1;29;29232;2;3;1.0;6.0;48.00740614;-4.08305348;2024-07-23 17:30:00
202400030270.0;1;34;34172;2;2;1.0;3.0;43.59114;3.88325;2024-08-31 08:39:00
202400030271.0;1;29;29232;2;1;1.0;3.0;47.991896;-4.10239;2024-07-23 19:45:00
202400030272.0;1;30;30007;2;2;1.0;7.0;44.11988;4.083;2024-08-31 09:05:00
202400030273.0;1;29;29051;2;1;1.0;7.0;47.99600519;-4.06339344;2024-08-31 10:55:00
202400030274.0;3;17;17291;1;1;1.0;2.0;46.179;-1.129;2024-07-24 23:34:00
202400030275.0;1;15;15014;2;1;1.0;4.0;44.91642;2.46155;2024-08-30 17:25:00
202400030276.0;1;16;16015;2;1;2.0;6.0;45.633224;0.173119;2024-06-14 19:07:00
202400030277.0;1;14;14137;1;1;7.0;3.0;49.18409;-0.45852;2024-08-31 17:30:00
202400030278.0;1;13;13117;2;1;1.0;3.0;43.46720649;5.23200274;2024-07-24 13:45:00
202400030279.0;1;13;13206;2;2;1.0;3.0;43.28806;5.3768;2024-08-31 14:54:00
202400030280.0;1;13;13215;2;3;1.0;3.0;43.35951;5.3645;2024-08-31 09:30:00
202400030281.0;1;13;13004;1;2;1.0;3.0;43.66138;4.66019;2024-07-24 09:25:00
202400030282.0;1;13;13001;1;9;7.0;1.0;43.55319287;5.43930816;2024-07-24 14:15:00
202400030283.0;1;13;13001;1;1;1.0;2.0;43.45262;5.30803;2024-08-30 16:15:00
202400030284.0;1;10;10333;2;6;8.0;6.0;48.28381;4.05711;2024-07-23 11:34:00
202400030285.0;3;6;6069;2;1;1.0;6.0;43.657303;6.924502;2024-08-31 22:05:00
202400030286.0;3;7;7231;1;1;1.0;3.0;44.59082628;4.39373821;2024-02-17 19:50:00
202400030287.0;1;6;6069;2;9;1.0;3.0;43.63763;6.95093;2024-08-31 18:40:00
202400030288.0;1;75;75113;2;1;1.0;3.0;48.81840339;2.36934578;2024-07-24 17:10:00
202400030289.0;2;75;75120;2;1;1.0;4.0;48.868742;2.413252;2024-08-31 20:00:00
202400030290.0;1;75;75113;2;1;1.0;3.0;48.817916;2.352035;2024-07-22 18:00:00
202400030291.0;1;75;75119;2;3;1.0;3.0;48.894278;2.377663;2024-08-31 08:40:00
202400030292.0;1;75;75116;2;1;1.0;3.0;48.877655;2.280344;2024-07-24 16:37:00
202400030293.0;1;75;75120;2;3;1.0;6.0;48.8695695;2.380036;2024-07-23 20:12:00
202400030294.0;5;75;75118;2;2;1.0;3.0;48.89025;2.359914;2024-08-31 02:20:00
202400030295.0;5;75;75106;2;3;1.0;7.0;48.850308;2.342545;2024-07-24 22:35:00
202400030296.0;1;75;75117;2;2;1.0;1.0;48.883125;2.287414;2024-08-31 08:15:00
202400030297.0;1;75;75106;2;4;1.0;6.0;48.844214;2.324206;2024-07-24 14:35:00
202400030298.0;5;75;75117;2;3;1.0;6.0;48.878345;2.295568;2024-08-31 01:10:00