Num_Acc;lum;departement;commune;agglomeration;intersection;meteo;type_collision;lat;long;date
202400030299.0;1;75;75116;2;3;1.0;6.0;48.87715;2.283646;2024-07-24 14:40:00
202400030300.0;1;75;75113;2;3;1.0;6.0;48.821121;2.368881;2024-08-31 15:00:00
202400030301.0;1;75;75116;2;3;1.0;1.0;48.859847;2.279783;2024-07-24 12:15:00
202400030302.0;1;75;75112;2;2;1.0;6.0;48.846669;2.372016;2024-08-31 16:00:00
202400030303.0;1;75;75115;2;3;1.0;2.0;48.828463;2.303228;2024-07-24 09:40:00
202400030304.0;5;75;75111;2;2;1.0;3.0;48.868935;2.380473;2024-08-31 02:50:00
202400030305.0;1;75;75115;2;1;1.0;2.0;48.834794;2.277659;2024-07-23 20:05:00
202400030306.0;2;75;75102;2;3;2.0;1.0;48.871704;2.341618;2024-08-30 19:30:00
202400030307.0;1;75;75114;2;3;1.0;3.0;48.82782;2.33032;2024-07-23 12:55:00
202400030308.0;1;94;94078;2;1;1.0;6.0;48.73201;2.44802;2024-08-31 14:59:00
202400030309.0;1;75;75111;2;1;1.0;6.0;48.863438;2.386634;2024-07-24 14:10:00
202400030310.0;1;75;75111;2;7;1.0;3.0;48.849375;2.395335;2024-07-24 11:05:00
202400030311.0;1;94;94021;2;3;1.0;3.0;48.76634;2.34559;2024-08-31 09:40:00
202400030312.0;5;75;75110;2;3;1.0;3.0;48.883605;2.349571;2024-07-23 23:30:00
202400030313.0;1;94;94021;2;3;1.0;3.0;48.768866;2.35189;2024-08-31 08:50:00
202400030314.0;1;75;75109;2;3;1.0;3.0;48.871043;2.345729;2024-07-24 08:55:00
202400030315.0;1;94;94011;2;2;1.0;3.0;48.76264;2.47871;2024-08-31 11:45:00
202400030316.0;5;94;94068;2;1;1.0;7.0;48.79560435;2.52218521;2024-07-24 00:30:00
202400030317.0;1;93;93064;2;2;1.0;5.0;48.8609669;2.48946369;2024-08-31 15:10:00
202400030318.0;1;94;94028;2;1;1.0;3.0;48.78594915;2.45441222;2024-07-23 18:30:00
202400030319.0;5;93;93053;2;1;1.0;6.0;48.88175021;2.45704436;2024-08-30 06:30:00
202400030320.0;1;94;94028;2;1;2.0;2.0;48.778112;2.466652;2024-07-23 11:30:00
202400030321.0;1;93;93053;2;1;2.0;6.0;48.88668793;2.46387615;2024-08-30 11:10:00
202400030322.0;1;94;94077;2;2;1.0;3.0;48.73164;2.41317;2024-07-24 19:20:00
202400030323.0;1;92;92012;2;1;8.0;3.0;48.83624942;2.22794563;2024-08-30 18:15:00
202400030324.0;1;94;94018;2;2;1.0;6.0;48.82149508;2.41378185;2024-07-23 17:50:00
202400030325.0;1;8;8357;1;1;7.0;2.0;49.66553678;4.96817689;2024-08-31 15:50:00
202400030326.0;1;93;93066;2;9;1.0;1.0;48.936932;2.350979;2024-07-24 19:00:00
202400030327.0;1;62;62843;1;2;1.0;3.0;50.481623;2.182031;2024-08-31 10:40:00
202400030328.0;1;93;93057;2;2;1.0;3.0;48.91013;2.5193;2024-07-23 19:37:00
202400030329.0;1;9;9167;1;1;1.0;6.0;43.283649;1.354907;2024-08-31 19:30:00
202400030330.0;1;92;92072;2;1;1.0;6.0;48.82578;2.20588;2024-07-24 09:13:00
202400030331.0;3;5;5161;1;1;1.0;7.0;44.937562;6.580038;2024-09-01 02:00:00
202400030332.0;2;92;92063;2;1;1.0;7.0;48.87477;2.20101;2024-07-24 04:35:00
202400030333.0;1;5;5085;2;1;1.0;7.0;44.934175;6.731948;2024-08-30 15:20:00
202400030334.0;1;92;92063;2;1;1.0;6.0;48.87090088;2.15983048;2024-07-19 07:56:00
202400030335.0;1;92;92051;2;3;1.0;2.0;48.88244564;2.2675395;2024-07-24 12:05:00
202400030336.0;1;21;21192;1;6;1.0;2.0;47.295754;4.946168;2024-08-22 17:12:00
202400030337.0;1;92;92050;2;1;1.0;3.0;48.89654083;2.23124474;2024-07-24 09:55:00
202400030338.0;1;37;37193;1;1;1.0;6.0;47.267201;0.245042;2024-08-28 07:20:00
202400030339.0;1;92;92036;2;1;1.0;6.0;48.93132705;2.28604174;2024-07-23 14:45:00
202400030340.0;3;56;56166;1;6;1.0;6.0;47.901872;-3.335574;2024-08-31 05:00:00
202400030341.0;3;56;56205;1;1;1.0;7.0;47.558262;-2.694268;2024-08-30 00:25:00
202400030342.0;2;80;80262;2;1;1.0;6.0;50.065111;1.885849;2024-09-01 06:00:00
202400030343.0;1;92;92026;2;1;1.0;4.0;48.9002916;2.2742857;2024-07-24 11:40:00
202400030344.0;1;65;65039;1;1;1.0;1.0;42.939334;0.33783;2024-08-31 17:10:00
202400030345.0;1;92;92036;2;1;1.0;2.0;48.93384658;2.28157101;2024-07-23 18:50:00
202400030346.0;1;33;33036;2;6;1.0;6.0;44.435519;-0.238899;2024-08-31 17:40:00
202400030347.0;1;92;92036;2;1;1.0;6.0;48.93310619;2.28116775;2024-07-22 17:20:00
202400030348.0;1;71;71111;1;2;1.0;3.0;46.583937;4.120334;2024-08-31 16:15:00
202400030349.0;1;4;4039;2;1;1.0;6.0;43.841252;6.534677;2024-10-02 16:50:00
202400030350.0;1;78;78356;1;1;1.0;1.0;48.739108;2.063275;2024-07-25 16:25:00
202400030351.0;1;71;71148;2;1;1.0;3.0;46.179169;4.281337;2024-09-01 09:50:00
202400030352.0;1;68;68309;2;1;1.0;6.0;47.65578983;7.456155;2024-09-24 18:30:00
202400030353.0;1;89;89131;1;2;1.0;7.0;47.84201;4.237386;2024-09-01 11:40:00
202400030354.0;1;974;97415;1;1;1.0;3.0;-20.977845;55.329385;2024-05-23 15:45:00
202400030355.0;1;68;68287;1;1;1.0;2.0;47.93702658;7.27904142;2024-10-06 14:00:00
202400030356.0;1;49;49089;1;1;5.0;6.0;47.587113;-0.898218;2024-07-23 08:10:00
202400030357.0;1;1;1443;2;1;1.0;3.0;46.000692;5.019395;2024-07-24 14:30:00
202400030358.0;1;67;67104;1;1;1.0;1.0;48.988399;7.854538;2024-10-06 18:25:00
202400030359.0;1;73;73150;1;1;8.0;6.0;45.5654992;6.71245828;2024-10-06 17:00:00
202400030360.0;5;67;67073;2;1;1.0;6.0;48.272343;7.399161;2024-07-24 21:30:00
202400030361.0;1;73;73006;1;1;1.0;6.0;45.52239728;6.57378355;2024-10-07 14:48:00
202400030362.0;1;38;38097;1;1;1.0;7.0;45.769184;5.199714;2024-10-06 18:00:00
202400030363.0;1;69;69296;1;1;8.0;5.0;45.646043;4.831903;2024-10-07 08:25:00
202400030364.0;2;86;86156;1;1;2.0;6.0;47.008566;0.149407;2024-10-06 07:00:00
202400030365.0;1;33;33322;2;1;1.0;5.0;44.947629;-0.648519;2024-08-28 17:30:00
202400030366.0;1;85;85247;1;2;1.0;3.0;46.969601;-1.074965;2024-10-07 08:55:00
202400030367.0;1;44;44026;2;1;7.0;6.0;47.278556;-1.493459;2024-10-05 16:00:00
202400030368.0;1;14;14047;2;3;1.0;3.0;49.274022;-0.697988;2024-10-05 13:40:00
202400030369.0;1;14;14456;1;1;1.0;1.0;49.107478;-0.174783;2024-10-07 14:01:00
202400030370.0;3;22;22081;1;1;1.0;6.0;48.508516;-2.668862;2024-10-06 23:30:00
202400030371.0;1;76;76559;1;2;1.0;3.0;49.57921;0.628329;2024-10-06 16:00:00
202400030372.0;1;76;76237;1;2;1.0;3.0;49.531136;0.855407;2024-10-06 13:35:00
202400030373.0;3;60;60282;2;1;1.0;7.0;49.18826062;2.42689985;2024-10-07 04:30:00
202400030374.0;5;62;62543;2;1;1.0;6.0;50.637772;2.324027;2024-10-03 20:09:00
202400030375.0;1;62;62560;1;1;1.0;3.0;50.79340537;1.71469103;2024-10-04 18:00:00
202400030376.0;1;62;62103;2;1;2.0;1.0;50.14182512;2.83297888;2024-09-23 09:20:00
202400030377.0;1;13;13215;1;1;2.0;6.0;43.37056776;5.36114433;2024-10-06 11:02:00
202400030378.0;3;13;13216;1;1;1.0;6.0;43.3447;5.3468;2024-10-05 20:45:00
202400030379.0;3;13;13001;1;1;1.0;4.0;43.51416961;5.42691569;2024-10-05 00:10:00
202400030380.0;1;69;69389;1;1;1.0;2.0;45.77981;4.79662;2024-10-05 10:05:00
202400030381.0;1;91;91521;1;1;2.0;6.0;48.6347;2.4057;2024-10-06 14:00:00
202400030382.0;1;91;91136;1;1;2.0;6.0;48.71134;2.28946;2024-10-06 11:35:00
202400030383.0;5;94;94003;1;1;1.0;2.0;48.8019795;2.34359623;2024-10-06 05:10:00
202400030384.0;1;91;91434;1;1;1.0;5.0;48.66826;2.35435;2024-10-05 12:20:00
202400030385.0;1;91;91377;1;9;1.0;6.0;48.721233;2.294641;2024-10-05 10:15:00
202400030386.0;1;78;78490;1;1;2.0;2.0;48.799284;1.935626;2024-10-06 10:00:00
202400030387.0;3;94;94028;1;1;2.0;4.0;48.7761422;2.43067341;2024-10-06 19:45:00
202400030388.0;1;77;77337;1;1;2.0;6.0;48.82902097;2.61865052;2024-10-06 18:00:00
202400030389.0;1;88;88383;1;1;1.0;1.0;47.98664;6.59049;2024-05-20 11:40:00
202400030390.0;1;62;62737;2;1;1.0;7.0;50.46608488;2.68570161;2024-06-15 12:50:00
202400030391.0;3;43;43234;1;1;1.0;7.0;44.97044779;3.53621203;2024-06-22 02:10:00
202400030392.0;1;43;43267;1;1;8.0;5.0;45.20284649;3.94643409;2024-06-22 10:50:00
202400030393.0;1;74;74070;1;3;1.0;1.0;46.284052;6.260383;2024-06-24 16:10:00
202400030394.0;1;74;74012;2;3;1.0;4.0;46.17783;6.23765;2024-08-05 16:00:00
202400030395.0;1;74;74134;2;4;1.0;6.0;46.154277;6.667196;2024-07-20 10:56:00
202400030396.0;1;74;74010;2;1;1.0;1.0;45.880142;6.091415;2024-07-10 20:15:00
202400030397.0;1;74;74012;2;6;1.0;2.0;46.19003;6.2332;2024-08-02 14:30:00
202400030398.0;1;74;74012;2;1;1.0;3.0;46.18439;6.24697;2024-07-29 17:40:00
202400030399.0;3;74;74297;2;1;1.0;1.0;45.921114;5.934961;2024-07-22 22:34:00
202400030400.0;5;74;74010;2;2;1.0;3.0;45.89677;6.12073;2024-08-04 23:35:00
202400030401.0;1;74;74108;2;1;1.0;7.0;45.827066;6.1999;2024-07-17 18:15:00
202400030402.0;1;74;74159;1;2;1.0;3.0;45.995158;6.630673;2024-07-14 11:30:00
202400030403.0;1;74;74278;2;3;1.0;3.0;46.081827;6.538217;2024-07-14 12:45:00
202400030404.0;2;74;74001;1;1;1.0;6.0;46.287937;6.689923;2024-07-14 06:30:00
202400030405.0;1;74;74267;2;1;1.0;6.0;45.873985;6.1415;2024-07-12 17:35:00
202400030406.0;1;74;74236;2;1;1.0;6.0;45.904986;6.700437;2024-07-22 11:35:00
202400030407.0;3;74;74256;2;9;1.0;1.0;45.949893;6.643628;2024-07-13 22:12:00
202400030408.0;1;74;74238;1;1;1.0;5.0;46.247067;6.636627;2024-07-12 15:10:00
202400030409.0;1;74;74293;2;1;1.0;3.0;46.269031;6.258304;2024-07-11 17:00:00
202400030410.0;1;74;74201;1;1;1.0;2.0;46.109061;6.09458;2024-07-02 12:05:00
202400030411.0;5;74;74263;1;1;1.0;1.0;46.335706;6.398538;2024-07-07 01:00:00
202400030412.0;2;74;74191;1;1;1.0;7.0;46.155532;6.705064;2024-07-08 07:00:00
202400030413.0;1;74;74295;1;1;1.0;3.0;46.317488;6.602783;2024-06-28 09:50:00
202400030414.0;1;74;74264;2;1;1.0;2.0;46.055666;6.561161;2024-06-25 17:20:00
202400030415.0;1;74;74137;1;1;3.0;6.0;46.001329;6.203097;2024-07-06 10:20:00
202400030416.0;1;74;74095;1;1;1.0;1.0;45.951112;5.908703;2024-06-28 17:58:00
202400030417.0;1;74;74311;1;1;1.0;7.0;46.172541;6.403439;2024-06-24 15:00:00
202400030418.0;1;74;74164;2;2;2.0;2.0;46.08016633;6.50341851;2024-06-20 11:15:00
202400030419.0;1;74;74233;1;9;1.0;2.0;45.807582;5.983214;2024-06-19 09:15:00
202400030420.0;1;973;97302;2;2;1.0;6.0;4.93878;-52.33174;2024-10-04 13:35:00
202400030421.0;5;973;97302;2;1;1.0;3.0;4.9381;-52.306;2024-10-04 23:12:00
202400030422.0;5;973;97302;2;9;1.0;3.0;4.93145;-52.30647;2024-10-04 19:32:00
202400030423.0;5;69;69387;2;2;1.0;3.0;45.74245;4.84017;2024-10-05 21:05:00
202400030424.0;1;971;97120;2;1;1.0;6.0;16.23694;-61.5348;2024-10-05 08:40:00
202400030425.0;2;971;97113;1;1;1.0;7.0;16.22927;-61.47533;2024-10-05 06:25:00
202400030426.0;3;2A;2A004;2;4;1.0;1.0;41.93219432;8.74071836;2024-10-05 00:35:00
202400030427.0;1;91;91228;2;9;7.0;6.0;48.64099;2.42808;2024-10-05 16:10:00
202400030428.0;1;91;91174;2;6;1.0;3.0;48.61161;2.46177;2024-10-05 12:30:00
202400030429.0;1;30;30011;2;6;1.0;3.0;43.958266;4.745901;2024-10-05 15:00:00
202400030430.0;1;83;83061;2;3;1.0;3.0;43.42577;6.71425;2024-10-05 16:25:00
202400030431.0;1;78;78224;2;1;1.0;2.0;48.86887;2.0714;2024-10-05 17:25:00
202400030432.0;5;78;78172;2;2;1.0;3.0;49.01325;2.09011;2024-10-04 22:55:00
202400030433.0;1;77;77083;2;1;1.0;6.0;48.8404;2.6038;2024-10-05 18:35:00
202400030434.0;1;73;73065;2;1;1.0;6.0;45.5664;5.92125;2024-10-04 17:35:00
202400030435.0;1;72;72181;2;3;1.0;1.0;47.98901;0.1908;2024-10-05 16:45:00
202400030436.0;5;71;71270;2;6;1.0;6.0;46.29504;4.82023;2024-10-04 22:45:00
202400030437.0;5;67;67482;2;3;1.0;3.0;48.56397;7.76111;2024-10-05 23:10:00
202400030438.0;1;64;64122;2;1;1.0;2.0;43.4653;-1.54249;2024-10-04 16:40:00
202400030439.0;1;63;63113;2;2;1.0;2.0;45.78768;3.05762;2024-10-05 13:50:00
202400030440.0;1;63;63113;2;3;1.0;4.0;45.76817;3.08863;2024-10-05 13:00:00
202400030441.0;1;59;59636;2;1;1.0;6.0;50.68492;3.04928;2024-10-04 19:30:00
202400030442.0;1;59;59560;2;1;1.0;6.0;50.54535;3.02512;2024-10-04 10:15:00
202400030443.0;1;59;59122;2;1;1.0;6.0;50.16511;3.24834;2024-10-05 19:35:00
202400030444.0;1;56;56121;2;6;1.0;1.0;47.75838;-3.39047;2024-10-05 17:50:00
202400030445.0;5;51;51454;2;2;1.0;3.0;49.2551;4.0405;2024-10-05 21:15:00
202400030446.0;1;49;49007;2;1;1.0;2.0;47.46572;-0.53138;2024-10-05 17:13:00
202400030447.0;1;49;49353;2;1;1.0;2.0;47.4508;-0.47277;2024-10-05 14:56:00
202400030448.0;5;44;44109;2;6;1.0;1.0;47.23067;-1.52322;2024-10-05 02:00:00
202400030449.0;1;37;37261;2;6;1.0;6.0;47.39459;0.70461;2024-10-05 10:45:00
202400030450.0;5;37;37261;2;2;1.0;3.0;47.39753;0.69946;2024-10-05 04:38:00
202400030451.0;1;34;34172;2;1;1.0;3.0;43.59688;3.83831;2024-10-04 17:15:00
202400030452.0;5;33;33063;2;2;1.0;1.0;44.85825;-0.62321;2024-10-05 20:15:00
202400030453.0;1;33;33550;2;2;1.0;5.0;44.78208;-0.54036;2024-10-05 12:55:00
202400030454.0;5;33;33069;2;2;1.0;6.0;44.85379;-0.59359;2024-10-05 02:50:00
202400030455.0;5;31;31555;1;1;1.0;2.0;43.64322185;1.49442616;2024-10-04 22:35:00
202400030456.0;5;31;31555;1;6;1.0;6.0;43.5690685;1.37399107;2024-10-05 04:30:00
202400030457.0;1;25;25056;2;1;1.0;2.0;47.22401;5.99278;2024-10-05 13:05:00
202400030458.0;5;17;17300;2;2;3.0;3.0;46.150058;-1.154772;2024-10-05 23:08:00
202400030459.0;1;15;15014;2;6;1.0;3.0;44.90658;2.43949;2024-10-04 17:55:00
202400030460.0;1;13;13205;2;1;1.0;3.0;43.29559128;5.40052952;2024-10-05 15:30:00
202400030461.0;1;6;6088;2;6;1.0;3.0;43.702671;7.189244;2024-10-05 11:10:00
202400030462.0;1;6;6069;1;1;1.0;1.0;43.665116;6.892299;2024-10-05 08:55:00
202400030463.0;5;1;1053;2;3;1.0;3.0;46.21297;5.218326;2024-10-05 19:45:00
202400030464.0;1;1;1053;2;1;1.0;2.0;46.19742;5.2624;2024-10-04 16:40:00
202400030465.0;1;75;75113;2;1;1.0;2.0;48.822433;2.380221;2024-10-05 18:35:00
202400030466.0;5;75;75119;2;3;1.0;6.0;48.886383;2.36662;2024-10-05 06:00:00
202400030467.0;1;75;75119;2;2;1.0;6.0;48.884064;2.368701;2024-10-05 08:36:00
202400030468.0;1;75;75117;2;1;1.0;6.0;48.892256;2.319082;2024-10-05 14:35:00
202400030469.0;1;75;75114;2;2;1.0;2.0;48.824755;2.31831;2024-10-04 17:35:00
202400030470.0;5;75;75107;2;1;1.0;7.0;48.854878;2.32575;2024-10-05 02:50:00
202400030471.0;5;75;75107;2;2;1.0;3.0;48.851685;2.319042;2024-10-05 00:30:00
202400030472.0;1;94;94078;2;1;1.0;7.0;48.72873;2.44785;2024-10-05 18:00:00
202400030473.0;1;94;94042;2;9;1.0;6.0;48.81735135;2.46720837;2024-10-05 15:30:00
202400030474.0;5;94;94038;2;2;2.0;1.0;48.78094;2.34127;2024-10-05 06:50:00
202400030475.0;1;94;94069;2;1;1.0;2.0;48.82002988;2.41975687;2024-10-05 19:00:00
202400030476.0;1;94;94071;2;3;1.0;6.0;48.77232242;2.51748517;2024-10-05 13:02:00
202400030477.0;1;94;94071;2;1;1.0;6.0;48.77048;2.50812;2024-10-04 18:20:00
202400030478.0;1;93;93078;2;1;1.0;2.0;48.95703345;2.55488346;2024-10-05 18:30:00
202400030479.0;5;93;93073;2;2;1.0;3.0;48.9622;2.55923;2024-10-05 20:20:00
202400030480.0;1;93;93066;2;3;1.0;3.0;48.92661417;2.34178865;2024-10-05 12:00:00
202400030481.0;1;93;93048;2;2;1.0;1.0;48.86676606;2.44512054;2024-10-04 11:10:00
202400030482.0;1;93;93045;2;1;1.0;3.0;48.87841;2.41483;2024-10-05 12:50:00
202400030483.0;1;93;93079;2;1;1.0;1.0;48.96235639;2.34458699;2024-10-05 11:45:00
202400030484.0;2;93;93029;2;3;1.0;3.0;48.91756423;2.44674683;2024-10-04 18:51:00
202400030485.0;1;93;93001;2;1;1.0;6.0;48.91591;2.38037;2024-10-05 14:46:00
202400030486.0;5;92;92064;2;3;1.0;6.0;48.8541229;2.22263373;2024-10-05 00:50:00
202400030487.0;5;92;92050;2;2;1.0;3.0;48.8973;2.19755;2024-10-05 00:40:00
202400030488.0;1;38;38019;1;1;2.0;3.0;45.427601;4.813321;2024-10-06 07:30:00
202400030489.0;1;17;17030;1;3;1.0;4.0;45.743089;-0.860796;2024-10-04 09:00:00
202400030490.0;3;22;22209;1;1;2.0;1.0;48.581682;-2.126402;2024-10-02 05:55:00
202400030491.0;1;6;6006;2;9;1.0;6.0;43.784817;7.244472;2024-10-04 11:12:00
202400030492.0;1;974;97413;2;1;1.0;7.0;-21.214975;55.314826;2024-10-06 14:15:00
202400030493.0;1;34;34282;1;1;1.0;7.0;43.626709;3.66359;2024-10-04 17:08:00
202400030494.0;3;87;87191;1;1;1.0;6.0;45.72217044;1.02206887;2024-10-05 02:20:00
202400030495.0;1;62;62870;2;6;1.0;2.0;50.40449093;1.72550511;2024-10-05 15:00:00
202400030496.0;1;62;62172;1;1;1.0;3.0;50.2001908;2.81574059;2024-10-05 17:20:00
202400030497.0;1;89;89483;1;9;1.0;7.0;48.260599;3.40574;2024-10-04 09:45:00
202400030498.0;1;51;51030;2;1;1.0;7.0;49.053759;4.001646;2024-10-03 17:55:00
202400030499.0;5;2A;2A271;2;1;1.0;3.0;41.9559723;8.79784137;2024-10-05 20:20:00
202400030500.0;1;69;69006;1;1;1.0;6.0;45.96089991;4.3349256;2024-10-05 13:45:00
202400030501.0;4;71;71343;2;1;1.0;7.0;46.914019;4.634844;2024-10-06 01:00:00
202400030502.0;2;63;63419;2;1;1.0;1.0;46.12104052;2.96193775;2024-10-05 19:15:00
202400030503.0;2;63;63155;1;1;7.0;1.0;45.68219149;3.45487603;2024-10-05 16:45:00
202400030504.0;1;49;49323;2;3;1.0;3.0;47.52074625;-0.44678092;2024-10-04 08:30:00
202400030505.0;1;41;41280;2;1;2.0;3.0;47.301001;1.768194;2024-10-01 18:30:00
202400030506.0;1;39;39478;1;1;1.0;6.0;46.411736;5.930879;2024-10-05 14:00:00
202400030507.0;3;39;39156;1;3;1.0;7.0;46.582669;5.771634;2024-10-06 01:15:00
202400030508.0;1;25;25029;1;1;1.0;7.0;47.03639463;6.34284496;2024-10-05 14:25:00
202400030509.0;3;35;35224;1;1;1.0;1.0;48.552586;-1.867738;2024-10-04 21:30:00
202400030510.0;1;29;29056;2;3;1.0;3.0;48.42833884;-4.30757405;2024-07-13 09:00:00
202400030511.0;1;29;29167;1;2;1.0;3.0;47.97127011;-4.24944215;2024-10-04 17:00:00
202400030512.0;1;31;31033;2;1;1.0;6.0;43.353166;1.469105;2024-10-05 16:35:00
202400030513.0;2;31;31211;2;1;2.0;6.0;43.75481;1.449347;2024-10-06 07:15:00
202400030514.0;3;31;31490;1;1;2.0;6.0;43.755334;1.362798;2024-10-06 04:55:00
202400030515.0;3;2;2160;1;1;1.0;6.0;49.718209;4.016114;2024-10-05 00:10:00
202400030516.0;1;2;2503;1;1;1.0;7.0;49.851697;3.521641;2024-10-05 08:20:00
202400030517.0;1;3;3103;1;1;1.0;1.0;46.325083;3.797809;2024-10-05 16:00:00
202400030518.0;1;3;3103;2;1;7.0;3.0;46.350108;3.793341;2024-10-05 14:10:00
202400030519.0;1;72;72386;1;1;7.0;1.0;48.043316;0.310192;2024-10-04 18:30:00
202400030520.0;1;5;5040;1;1;1.0;2.0;44.55163876;6.25291992;2024-10-05 11:40:00
202400030521.0;3;83;83039;1;1;1.0;6.0;43.52133525;6.01507931;2024-10-04 22:00:00
202400030522.0;1;60;60265;1;1;1.0;3.0;49.567471;2.221798;2024-10-05 16:30:00
202400030523.0;1;64;64420;1;1;1.0;1.0;43.328893;-0.719433;2024-10-05 10:00:00
202400030524.0;1;73;73162;1;1;1.0;1.0;45.60501948;6.25936523;2024-10-05 16:55:00
202400030525.0;1;16;16039;2;1;1.0;2.0;46.042281;0.1691;2024-10-04 17:15:00
202400030526.0;3;16;16287;1;4;2.0;6.0;45.576332;0.013652;2024-10-05 21:30:00
202400030527.0;1;7;7296;1;1;1.0;7.0;44.57854056;4.38106537;2024-10-05 11:10:00
202400030528.0;3;40;40178;1;1;1.0;6.0;43.86057634;-0.43292788;2024-10-06 06:30:00
202400030529.0;2;85;85047;2;3;2.0;7.0;46.852818;-1.873416;2024-10-05 19:30:00
202400030530.0;1;27;27153;1;1;7.0;7.0;49.286857;1.609583;2024-10-04 17:20:00
202400030531.0;1;17;17107;1;2;2.0;3.0;46.055871;-0.939503;2024-09-27 15:20:00
202400030532.0;1;23;23152;1;1;1.0;1.0;46.15812466;2.24677563;2024-10-05 12:10:00
202400030533.0;5;37;37050;2;1;1.0;6.0;47.345368;0.702477;2024-10-05 20:05:00
202400030534.0;1;30;30263;2;3;1.0;7.0;43.96521;3.855976;2024-10-04 15:20:00
202400030535.0;3;48;48064;1;1;1.0;6.0;44.815253;3.141274;2024-10-05 00:10:00
202400030536.0;1;31;31296;1;1;1.0;6.0;43.11945757;0.92302098;2024-10-05 15:10:00
202400030537.0;1;987;98715;2;1;1.0;7.0;-17.558761;-149.606291;2024-10-04 10:15:00
202400030538.0;1;6;6027;1;1;2.0;7.0;43.660855;7.15682;2024-10-04 17:14:00
202400030539.0;1;57;57227;1;1;1.0;6.0;49.17214;6.88331;2024-10-06 11:25:00
202400030540.0;1;988;98808;1;1;1.0;6.0;-21.326395;165.449574;2024-10-04 16:30:00
202400030541.0;1;971;97116;1;3;1.0;3.0;16.321401;-61.42073;2024-10-04 08:30:00
202400030542.0;3;977;97701;2;1;1.0;6.0;17.906304;-62.823687;2024-10-05 03:30:00
202400030543.0;2;33;33535;1;1;1.0;7.0;44.831222;-0.46885;2024-10-04 19:50:00
202400030544.0;1;91;91226;1;1;1.0;5.0;48.47977;2.191743;2024-10-05 14:57:00
202400030545.0;1;91;91226;1;1;1.0;5.0;48.515951;2.203671;2024-10-05 15:55:00
202400030546.0;1;2A;2A247;2;1;1.0;1.0;41.614171;9.279816;2024-10-05 18:16:00
202400030547.0;1;66;66037;2;4;1.0;3.0;42.697841;3.028949;2024-10-04 16:15:00
202400030548.0;1;34;34162;1;2;1.0;3.0;43.485503;3.470894;2024-10-05 16:00:00
202400030549.0;1;13;13210;2;1;1.0;3.0;43.26827597;5.41886842;2024-06-23 07:30:00
202400030550.0;5;13;13216;2;1;1.0;1.0;43.35144;5.34;2024-06-23 00:05:00
202400030551.0;1;12;12305;2;1;1.0;6.0;44.56056;2.23035;2024-06-23 14:20:00
202400030552.0;1;6;6088;2;2;2.0;3.0;43.70499;7.29093;2024-06-23 20:17:00
202400030553.0;5;6;6088;2;2;1.0;3.0;43.696769;7.260551;2024-06-23 03:59:00
202400030554.0;5;6;6004;2;1;1.0;3.0;43.5958991;7.0913457;2024-06-22 01:00:00
202400030555.0;1;75;75116;2;1;2.0;2.0;48.837853;2.254632;2024-06-21 12:35:00
202400030556.0;1;75;75116;2;3;1.0;6.0;48.865183;2.29954;2024-06-23 19:15:00
202400030557.0;1;75;75111;2;2;1.0;6.0;48.85644;2.373511;2024-06-23 13:15:00
202400030558.0;1;75;75101;2;3;1.0;6.0;48.85873;2.341674;2024-06-22 15:00:00
202400030559.0;1;94;94016;2;1;1.0;3.0;48.78612693;2.32783341;2024-06-23 12:15:00
202400030560.0;2;94;94041;2;1;1.0;2.0;48.814;2.373;2024-06-23 06:50:00
202400030561.0;1;93;93051;2;1;7.0;3.0;48.84814342;2.54884154;2024-06-23 18:00:00
202400030562.0;1;93;93010;2;3;1.0;2.0;48.907093;2.488301;2024-06-23 12:55:00
202400030563.0;1;93;93001;2;1;1.0;3.0;48.918531;2.392717;2024-06-23 19:00:00
202400030564.0;1;92;92046;2;1;1.0;6.0;48.81925123;2.29914951;2024-06-23 09:30:00
202400030565.0;1;92;92025;2;3;1.0;3.0;48.93392058;2.25584033;2024-06-23 14:00:00
202400030566.0;2;92;92004;2;3;1.0;7.0;48.90938393;2.27837563;2024-06-23 05:53:00
202400030567.0;1;33;33243;2;3;2.0;3.0;44.911932;-0.217474;2024-06-21 13:30:00
202400030568.0;1;15;15066;1;1;1.0;7.0;45.115052;2.670846;2024-06-23 11:35:00
202400030569.0;1;65;65049;1;1;1.0;7.0;43.498431;0.072159;2024-06-23 16:50:00
202400030570.0;1;14;14150;1;1;1.0;6.0;48.965907;-0.327111;2024-06-23 15:36:00
202400030571.0;3;52;52087;1;5;1.0;3.0;48.096616;5.037805;2024-06-23 22:45:00
202400030572.0;1;40;40036;1;2;1.0;3.0;43.624761;-1.345675;2024-06-24 16:37:00
202400030573.0;2;40;40036;1;9;1.0;6.0;43.641844;-1.373409;2024-06-23 22:00:00
202400030574.0;3;972;97218;1;1;2.0;1.0;14.769891;-61.128438;2024-06-22 18:20:00
202400030575.0;5;59;59037;2;1;1.0;1.0;50.189675;3.391779;2024-06-23 01:46:00
202400030576.0;1;19;19274;1;1;1.0;7.0;45.168317;1.475912;2024-06-23 18:50:00
202400030577.0;1;56;56021;1;1;2.0;4.0;47.780362;-3.200272;2024-06-19 18:55:00
202400030578.0;3;56;56153;1;1;1.0;1.0;47.5683416;-2.3166453;2024-06-23 23:20:00
202400030579.0;1;2A;2A017;1;1;1.0;1.0;41.98128128;8.78854028;2024-06-22 16:45:00
202400030580.0;1;2B;2B050;1;1;1.0;6.0;42.551468;8.771966;2024-06-23 20:00:00
202400030581.0;1;80;80245;2;1;2.0;6.0;50.158267;2.084216;2024-06-22 13:55:00