Num_Acc;lum;departement;commune;agglomeration;intersection;meteo;type_collision;lat;long;date
202400030582.0;3;32;32143;1;1;1.0;7.0;44.005657;0.489578;2024-06-23 21:50:00
202400030583.0;1;89;89309;2;3;1.0;3.0;48.293798;3.195369;2024-06-23 09:45:00
202400030584.0;1;63;63390;1;1;1.0;7.0;46.07764678;3.05605983;2024-06-24 16:50:00
202400030585.0;1;55;55248;2;1;1.0;6.0;48.550276;5.479442;2024-06-22 18:50:00
202400030586.0;3;39;39434;1;1;1.0;7.0;46.825054;5.697784;2024-06-23 01:00:00
202400030587.0;1;31;31232;1;1;1.0;2.0;43.774729;1.277037;2024-06-18 12:20:00
202400030588.0;1;3;3019;1;1;1.0;7.0;46.599306;3.647482;2024-06-23 12:50:00
202400030589.0;1;15;15196;1;1;8.0;6.0;44.884185;2.315133;2024-06-23 17:30:00
202400030590.0;3;1;1140;1;1;2.0;7.0;46.27618;5.092624;2024-06-23 01:20:00
202400030591.0;3;58;58267;2;1;1.0;6.0;47.103812;3.513074;2024-06-24 03:00:00
202400030592.0;1;58;58296;1;1;1.0;1.0;46.69392224;3.21217973;2024-06-24 11:36:00
202400030593.0;1;83;83007;2;1;1.0;7.0;43.616341;6.21735;2024-06-23 17:10:00
202400030594.0;1;83;83083;1;1;1.0;6.0;43.478133;6.137023;2024-06-22 15:25:00
202400030595.0;1;9;9032;1;1;1.0;6.0;42.68712633;1.8240333;2024-06-23 12:19:00
202400030596.0;2;73;73301;1;1;1.0;3.0;45.708876;5.951334;2024-06-23 20:25:00
202400030597.0;1;10;10140;1;1;1.0;2.0;48.032913;3.911444;2024-06-23 10:40:00
202400030598.0;1;16;16221;1;3;1.0;6.0;45.85956;-0.01767;2024-06-24 17:55:00
202400030599.0;1;53;53068;1;3;1.0;3.0;47.799034;-0.907686;2024-06-24 17:55:00
202400030600.0;1;21;21127;1;2;1.0;3.0;47.470139;5.079288;2024-06-20 19:30:00
202400030601.0;3;30;30165;1;1;1.0;7.0;44.099413;4.138412;2024-06-24 01:40:00
202400030602.0;1;88;88237;2;1;1.0;6.0;48.19805;6.27885;2024-06-24 14:11:00
202400030603.0;1;68;68300;1;1;1.0;3.0;47.77423384;7.38436762;2024-06-18 13:30:00
202400030604.0;3;6;6149;1;1;1.0;7.0;43.745584;7.379269;2024-06-24 01:15:00
202400030605.0;1;51;51172;1;1;1.0;2.0;49.21064182;4.05341377;2024-06-23 20:00:00
202400030606.0;3;28;28367;1;1;1.0;7.0;48.140117;1.855273;2024-06-24 01:27:00
202400030607.0;1;22;22183;2;1;2.0;2.0;48.179053;-2.58174;2024-11-11 15:45:00
202400030608.0;3;35;35351;1;1;1.0;6.0;48.058392;-1.929023;2024-11-11 00:30:00
202400030609.0;3;45;45146;1;1;1.0;4.0;47.68502165;1.90453216;2024-06-23 23:15:00
202400030610.0;1;29;29204;1;1;1.0;7.0;48.51883938;-4.21035057;2024-11-10 10:40:00
202400030611.0;2;83;83097;1;1;1.0;6.0;43.48109286;5.74209243;2024-06-24 05:40:00
202400030612.0;1;29;29220;1;6;1.0;3.0;47.86239098;-4.24588436;2024-11-12 16:00:00
202400030613.0;1;987;98750;1;1;1.0;7.0;-16.821;-151.404;2024-06-23 16:00:00
202400030614.0;1;84;84014;2;1;1.0;6.0;43.73579;5.69007;2024-11-10 13:45:00
202400030615.0;1;971;97117;1;1;1.0;1.0;16.342044;-61.397599;2024-06-21 16:00:00
202400030616.0;1;1;1363;1;3;8.0;2.0;46.021086;5.408186;2024-11-11 14:15:00
202400030617.0;3;971;97118;1;2;1.0;3.0;16.207849;-61.629884;2024-06-22 21:30:00
202400030618.0;5;90;90093;2;1;8.0;6.0;47.688499;6.835633;2024-11-10 21:25:00
202400030619.0;1;972;97230;2;1;1.0;3.0;14.73029;-60.964916;2024-06-22 16:20:00
202400030620.0;2;60;60086;1;1;8.0;1.0;49.166286;2.342856;2024-11-12 07:35:00
202400030621.0;1;28;28185;1;1;1.0;2.0;48.769654;1.538172;2024-06-23 16:18:00
202400030622.0;1;18;18110;1;1;1.0;7.0;47.245736;2.919488;2024-11-10 15:20:00
202400030623.0;1;16;16104;2;1;1.0;6.0;46.031571;0.231448;2024-11-11 16:50:00
202400030624.0;5;77;77183;2;1;1.0;1.0;48.948872;3.130342;2024-06-23 21:30:00
202400030625.0;1;27;27104;1;6;1.0;3.0;49.387667;1.299369;2024-11-11 11:25:00
202400030626.0;1;77;77183;2;1;1.0;3.0;48.949027;3.126115;2024-06-08 11:20:00
202400030627.0;1;87;87140;1;1;1.0;7.0;45.92960873;0.9565521;2024-11-11 15:30:00
202400030628.0;1;77;77451;1;1;1.0;7.0;48.907749;3.075485;2024-06-08 20:10:00
202400030629.0;3;8;8275;1;9;1.0;6.0;49.615646;5.337853;2024-11-10 20:20:00
202400030630.0;1;95;95351;2;1;1.0;3.0;49.04949455;2.5003387;2024-06-23 18:35:00
202400030631.0;3;973;97307;1;1;1.0;7.0;4.902107;-52.357481;2024-11-12 02:00:00
202400030632.0;1;2B;2B034;1;9;1.0;2.0;42.636437;9.012531;2024-06-23 18:58:00
202400030633.0;2;1;1352;1;1;1.0;6.0;46.419554;4.977289;2024-11-12 07:30:00
202400030634.0;1;13;13097;1;1;1.0;2.0;43.536603;4.82317;2024-06-24 09:00:00
202400030635.0;3;37;37131;1;1;1.0;1.0;47.4565729;1.01164341;2024-11-12 07:15:00
202400030636.0;3;13;13048;1;1;1.0;6.0;43.58379063;5.63811226;2024-06-22 00:25:00
202400030637.0;1;26;26313;2;6;1.0;2.0;44.968237;4.951036;2024-06-21 16:38:00
202400030638.0;3;53;53034;1;9;1.0;6.0;48.09813621;-0.7049489;2024-11-12 03:56:00
202400030639.0;1;44;44110;2;6;1.0;2.0;47.43795;-1.499843;2024-06-04 07:45:00
202400030640.0;1;51;51428;1;1;1.0;2.0;49.12810864;4.22984074;2024-11-11 11:15:00
202400030641.0;1;60;60103;2;1;7.0;2.0;49.411929;2.258991;2024-06-24 17:49:00
202400030642.0;3;68;68118;2;2;5.0;3.0;47.732462;7.423329;2024-11-06 17:35:00
202400030643.0;1;13;13215;1;1;1.0;2.0;43.36676;5.36055;2024-06-18 12:30:00
202400030644.0;1;13;13215;1;1;1.0;3.0;43.36643455;5.36080529;2024-06-21 19:15:00
202400030645.0;3;69;69242;1;1;1.0;5.0;46.12183306;4.76380839;2024-11-10 18:50:00
202400030646.0;1;69;69081;1;1;1.0;6.0;45.7724496;4.7882419;2024-06-23 07:15:00
202400030647.0;3;987;98748;2;1;1.0;2.0;-17.81;-149.243;2024-11-11 19:40:00
202400030648.0;3;69;69250;1;1;1.0;3.0;45.82022717;4.71281597;2024-06-23 04:00:00
202400030649.0;3;973;97303;1;1;3.0;1.0;5.545148;-53.446984;2024-11-10 23:50:00
202400030650.0;3;69;69297;1;1;8.0;6.0;45.604315;4.798443;2024-06-23 04:40:00
202400030651.0;1;2B;2B079;2;1;1.0;6.0;42.483832;9.280615;2024-11-10 11:59:00
202400030652.0;1;91;91477;1;1;1.0;2.0;48.71761;2.26248;2024-06-23 13:40:00
202400030653.0;1;91;91521;1;1;1.0;6.0;48.639;2.39383;2024-06-22 21:15:00
202400030654.0;1;6;6157;1;1;1.0;7.0;43.741438;7.101996;2024-11-11 09:00:00
202400030655.0;1;78;78531;1;1;1.0;2.0;48.990557;1.645082;2024-06-23 12:30:00
202400030656.0;1;13;13110;2;9;1.0;3.0;43.450567;5.68374;2024-11-11 16:15:00
202400030657.0;1;13;13059;1;1;2.0;2.0;43.649616;5.5408;2024-11-12 09:30:00
202400030658.0;1;92;92048;1;1;1.0;4.0;48.80191535;2.2149201;2024-06-22 15:05:00
202400030659.0;1;63;63226;1;1;1.0;6.0;45.74609257;3.23690417;2024-11-08 13:40:00
202400030660.0;1;93;93005;1;1;1.0;4.0;48.95598293;2.47342937;2024-06-23 13:45:00
202400030661.0;3;38;38392;1;1;5.0;1.0;45.68851;5.282986;2024-11-11 00:01:00
202400030662.0;1;93;93005;1;1;1.0;2.0;48.95493345;2.47355044;2024-06-23 07:25:00
202400030663.0;2;95;95582;1;9;1.0;6.0;48.96627777;2.2725329;2024-06-23 04:55:00
202400030664.0;2;75;75120;1;1;1.0;7.0;48.86633561;2.41388619;2024-06-23 04:45:00
202400030665.0;1;38;38548;1;1;8.0;1.0;45.073123;5.54381;2024-11-11 12:15:00
202400030666.0;3;95;95675;1;1;1.0;3.0;49.06061;2.5511;2024-06-22 22:30:00
202400030667.0;3;69;69228;1;1;1.0;3.0;45.54584254;4.64144902;2024-11-11 17:50:00
202400030668.0;1;92;92036;1;1;2.0;7.0;48.94067835;2.29263081;2024-06-21 12:45:00
202400030669.0;1;79;79049;1;1;2.0;7.0;46.808487;-0.487269;2024-11-12 10:50:00
202400030670.0;1;93;93064;1;1;1.0;2.0;48.86122426;2.48410075;2024-06-22 15:00:00
202400030671.0;1;16;16320;1;1;1.0;6.0;45.765547;0.043688;2024-11-11 12:30:00
202400030672.0;2;94;94022;1;1;1.0;6.0;48.77662114;2.41804614;2024-06-21 20:10:00
202400030673.0;1;72;72154;1;1;1.0;1.0;47.66033713;-0.03440733;2024-11-11 17:15:00
202400030674.0;1;94;94028;1;1;1.0;2.0;48.77623444;2.43292233;2024-06-21 15:30:00
202400030675.0;3;56;56023;1;1;1.0;4.0;47.690988;-3.033739;2024-11-10 19:10:00
202400030676.0;5;987;98735;2;1;1.0;7.0;-17.55;-149.57724;2024-06-21 18:11:00
202400030677.0;5;35;35229;2;6;1.0;2.0;48.112301;-1.224099;2024-11-10 17:40:00
202400030678.0;1;974;97416;1;1;1.0;7.0;-21.27843;55.48881;2024-06-22 12:45:00
202400030679.0;2;80;80570;2;1;1.0;3.0;49.773513;2.481251;2024-11-10 17:10:00
202400030680.0;5;973;97302;2;1;1.0;7.0;4.93723721;-52.31530237;2024-06-21 23:25:00
202400030681.0;5;13;13210;2;1;1.0;3.0;43.28489979;5.41754007;2024-11-07 18:52:00
202400030682.0;5;973;97302;1;6;1.0;2.0;4.92066;-52.33019;2024-06-21 19:20:00
202400030683.0;5;972;97209;2;1;1.0;6.0;14.60961;-61.07341;2024-06-22 04:50:00
202400030684.0;1;92;92002;1;1;1.0;4.0;48.7317457;2.3103109;2024-11-11 14:36:00
202400030685.0;1;2B;2B033;2;1;1.0;3.0;42.682961;9.444499;2024-06-22 15:26:00
202400030686.0;1;95;95428;2;1;1.0;6.0;48.98875266;2.31986046;2024-06-22 15:35:00
202400030687.0;1;91;91689;1;1;1.0;6.0;48.74158;2.32143;2024-11-11 15:18:00
202400030688.0;3;95;95074;2;1;2.0;1.0;49.02097927;1.99788642;2024-06-22 00:10:00
202400030689.0;1;91;91235;1;1;1.0;7.0;48.62490043;2.36740351;2024-11-11 09:22:00
202400030690.0;1;95;95063;2;1;1.0;6.0;48.92824;2.21766;2024-06-22 20:30:00
202400030691.0;1;91;91589;2;1;1.0;6.0;48.67947;2.33545;2024-06-21 18:10:00
202400030692.0;3;77;77296;1;1;1.0;2.0;48.63686831;2.62853221;2024-11-11 01:29:00
202400030693.0;1;44;44109;2;6;1.0;7.0;47.2219623;-1.57865059;2024-10-30 14:45:00
202400030694.0;1;88;88160;2;2;1.0;3.0;48.17913;6.4446;2024-06-22 05:55:00
202400030695.0;1;44;44109;2;1;1.0;7.0;47.21064165;-1.55993555;2024-10-30 12:40:00
202400030696.0;3;84;84019;1;1;1.0;2.0;44.323894;4.739828;2024-08-21 23:35:00
202400030697.0;1;84;84035;1;3;1.0;3.0;43.84025;5.06164;2024-06-22 18:45:00
202400030698.0;5;84;84003;2;1;1.0;1.0;43.880194;5.39153;2024-07-28 00:10:00
202400030699.0;1;84;84054;2;1;1.0;7.0;43.916432;5.067358;2024-07-25 14:50:00
202400030700.0;4;84;84035;2;1;1.0;1.0;43.82769;5.0328;2024-06-22 03:40:00
202400030701.0;5;84;84031;2;1;1.0;7.0;44.04941;5.04935;2024-07-11 22:25:00
202400030702.0;1;84;84007;2;1;1.0;1.0;43.951427;4.827537;2024-06-22 20:27:00
202400030703.0;2;84;84052;1;1;1.0;1.0;43.756457;5.574532;2024-06-24 21:05:00
202400030704.0;1;83;83137;2;1;1.0;3.0;43.12824;5.91649;2024-06-22 15:21:00
202400030705.0;2;81;81065;2;1;1.0;2.0;43.60472;2.25001;2024-06-22 05:30:00
202400030706.0;1;14;14322;1;2;1.0;6.0;49.239597;-0.703533;2024-07-03 10:40:00
202400030707.0;1;80;80021;2;1;1.0;6.0;49.90174;2.30744;2024-06-22 20:45:00
202400030708.0;1;2B;2B120;2;1;1.0;2.0;42.64025;9.43277;2024-11-10 10:30:00
202400030709.0;3;78;78372;2;1;8.0;6.0;48.87681;2.10106;2024-06-22 01:30:00
202400030710.0;1;77;77296;2;1;1.0;6.0;48.61156;2.58716;2024-06-22 18:48:00
202400030711.0;3;971;97113;1;1;2.0;5.0;16.22743;-61.47628;2024-11-09 19:30:00
202400030712.0;5;77;77445;2;1;1.0;6.0;48.60125;2.57022;2024-06-22 03:05:00
202400030713.0;1;76;76108;2;3;1.0;3.0;49.47058;1.11646;2024-06-21 16:00:00
202400030714.0;3;971;97101;1;1;1.0;4.0;16.25295;-61.54538;2024-11-09 19:35:00
202400030715.0;2;2A;2A004;2;1;1.0;6.0;41.92766;8.73525;2024-11-10 06:35:00
202400030716.0;1;76;76324;1;1;1.0;2.0;49.933445;1.152545;2024-06-21 17:05:00
202400030717.0;3;90;90075;1;1;5.0;7.0;47.66091;6.85813;2024-11-10 02:15:00
202400030718.0;5;73;73065;2;3;2.0;2.0;45.56849959;5.91977182;2024-06-21 22:35:00
202400030719.0;1;73;73011;1;1;2.0;6.0;45.65847567;6.38562705;2024-06-21 18:05:00
202400030720.0;1;80;80021;2;1;1.0;3.0;49.88637;2.28823;2024-11-10 13:52:00
202400030721.0;5;77;77373;2;2;1.0;2.0;48.78052;2.61456;2024-11-10 18:40:00
202400030722.0;2;69;69266;2;2;8.0;3.0;45.76941;4.88722;2024-06-22 20:50:00
202400030723.0;1;66;66136;1;1;1.0;2.0;42.67465;2.88602;2024-06-21 18:05:00
202400030724.0;5;77;77096;2;1;1.0;6.0;48.48853;2.69679;2024-11-10 19:20:00
202400030725.0;4;61;61001;2;2;1.0;3.0;48.431879;0.107812;2024-06-22 23:25:00
202400030726.0;1;59;59122;2;2;9.0;1.0;50.17543;3.23701;2024-06-21 16:45:00
202400030727.0;1;77;77169;2;1;1.0;2.0;48.80328;2.62632;2024-11-09 18:50:00
202400030728.0;1;56;56121;2;1;1.0;1.0;47.7475;-3.36905;2024-06-22 17:15:00
202400030729.0;3;76;76575;1;1;2.0;2.0;49.36873221;1.11265031;2024-11-10 00:45:00
202400030730.0;1;54;54578;2;2;2.0;3.0;48.67024;6.1582;2024-06-22 12:00:00
202400030731.0;2;51;51454;2;1;8.0;7.0;49.27539;4.03909;2024-06-22 21:25:00
202400030732.0;1;51;51573;2;1;1.0;2.0;49.24577;3.99746;2024-06-22 19:15:00
202400030733.0;1;74;74298;2;3;1.0;3.0;46.18576;6.25153;2024-11-10 16:15:00
202400030734.0;5;73;73065;2;6;1.0;3.0;45.58981;5.9204;2024-11-10 18:35:00
202400030735.0;1;51;51454;2;1;1.0;4.0;49.22829;4.03089;2024-06-21 16:45:00
202400030736.0;1;49;49267;2;6;1.0;7.0;47.47606;-0.49634;2024-06-22 07:26:00
202400030737.0;5;68;68066;2;1;8.0;3.0;48.079971;7.365864;2024-11-10 22:10:00
202400030738.0;5;42;42218;2;1;1.0;6.0;45.43916045;4.4203146;2024-06-22 01:15:00
202400030739.0;1;64;64269;2;3;1.0;1.0;43.28966;-0.31188;2024-11-10 11:35:00
202400030740.0;2;41;41295;1;1;2.0;7.0;47.604;1.376;2024-06-22 05:05:00
202400030741.0;5;64;64445;2;1;1.0;6.0;43.31294;-0.37745;2024-11-10 04:35:00
202400030742.0;1;38;38179;2;3;8.0;3.0;45.18174;5.77984;2024-06-22 19:10:00
202400030743.0;1;38;38185;2;1;1.0;6.0;45.18691683;5.73604077;2024-06-22 18:10:00
202400030744.0;5;59;59017;2;2;1.0;3.0;50.69135;2.87324;2024-11-10 02:50:00
202400030745.0;5;54;54280;2;9;1.0;6.0;49.22542203;6.01174772;2024-11-04 17:43:00
202400030746.0;1;37;37233;2;3;1.0;6.0;47.39025;0.72585;2024-06-22 12:05:00
202400030747.0;1;37;37261;2;9;1.0;2.0;47.41235;0.70329;2024-06-21 16:50:00
202400030748.0;3;34;34129;1;1;1.0;1.0;43.55898;3.86522;2024-06-22 01:30:00
202400030749.0;1;50;50218;2;1;1.0;4.0;48.83534;-1.57916;2024-11-09 15:35:00
202400030750.0;1;31;31555;2;3;1.0;3.0;43.62316;1.40472;2024-06-21 14:30:00
202400030751.0;3;29;29232;2;1;1.0;6.0;47.97999419;-4.10677976;2024-06-22 05:30:00
202400030752.0;3;47;47323;1;2;1.0;3.0;44.3901;0.71789;2024-11-08 18:07:00
202400030753.0;1;28;28134;2;6;1.0;3.0;48.7467;1.39052;2024-06-22 14:47:00
202400030754.0;5;22;22278;2;1;1.0;6.0;48.50903;-2.75787;2024-06-23 01:35:00
202400030755.0;1;42;42187;2;3;8.0;3.0;46.04873;4.08306;2024-11-10 10:30:00
202400030756.0;1;21;21054;2;3;1.0;3.0;47.018142;4.835724;2024-06-21 17:05:00
202400030757.0;5;19;19031;2;1;1.0;6.0;45.1533;1.53615;2024-06-22 21:44:00
202400030758.0;1;19;19031;2;6;2.0;3.0;45.15648;1.50418;2024-06-22 12:30:00
202400030759.0;5;38;38185;2;1;1.0;4.0;45.16656;5.72902;2024-11-10 18:15:00
202400030760.0;1;19;19031;2;1;1.0;6.0;45.15345;1.52934;2024-06-21 18:06:00
202400030761.0;5;38;38185;2;1;1.0;2.0;45.1832;5.7176;2024-11-10 18:40:00
202400030762.0;1;14;14366;2;2;1.0;3.0;49.148435;0.228295;2024-06-22 14:40:00
202400030763.0;5;13;13210;2;1;2.0;6.0;43.27485;5.41561;2024-06-22 22:17:00
202400030764.0;5;37;37261;2;1;1.0;1.0;47.39798;0.6995;2024-11-10 06:15:00
202400030765.0;5;13;13208;2;1;1.0;5.0;43.26932;5.38602;2024-06-22 03:00:00
202400030766.0;2;13;13203;2;3;1.0;1.0;43.30435;5.37598;2024-06-22 05:30:00
202400030767.0;5;35;35238;2;1;1.0;6.0;48.12451;-1.64378;2024-11-10 04:30:00
202400030768.0;1;13;13205;2;2;1.0;5.0;43.29541;5.40084;2024-06-18 16:30:00
202400030769.0;3;35;35278;1;1;1.0;6.0;48.17011281;-1.68984264;2024-11-09 23:40:00
202400030770.0;5;10;10387;2;9;1.0;7.0;48.298;4.0742;2024-06-23 00:16:00
202400030771.0;1;10;10387;2;1;1.0;7.0;48.30294;4.07703;2024-06-22 20:43:00
202400030772.0;1;7;7102;2;6;1.0;3.0;44.93764;4.86363;2024-06-21 18:40:00
202400030773.0;5;34;34172;2;2;1.0;3.0;43.61609;3.85812;2024-11-11 00:20:00
202400030774.0;1;75;75116;2;1;2.0;2.0;48.866593;2.268615;2024-06-21 11:10:00
202400030775.0;1;75;75120;2;3;2.0;6.0;48.864722;2.410235;2024-06-21 10:01:00
202400030776.0;1;34;34116;2;1;1.0;6.0;43.64237;3.81416;2024-11-08 15:50:00
202400030777.0;5;75;75106;2;1;1.0;3.0;48.8563;2.3406;2024-06-22 01:30:00
202400030778.0;5;75;75111;2;2;2.0;1.0;48.855762;2.391338;2024-06-22 00:30:00
202400030779.0;1;75;75118;2;2;1.0;3.0;48.88834;2.349704;2024-06-22 17:20:00
202400030780.0;1;29;29232;2;6;1.0;3.0;47.97952351;-4.12191647;2024-11-10 14:20:00
202400030781.0;1;75;75115;2;2;1.0;6.0;48.842997;2.312796;2024-06-22 20:05:00
202400030782.0;1;29;29232;2;1;1.0;1.0;48.000136;-4.101344;2024-11-09 15:30:00
202400030783.0;5;25;25056;2;1;1.0;6.0;47.24966;6.03231;2024-11-10 03:10:00
202400030784.0;1;75;75115;2;2;1.0;3.0;48.837221;2.296423;2024-06-22 16:30:00
202400030785.0;1;17;17306;2;3;1.0;6.0;45.62507;-1.02439;2024-11-10 11:35:00
202400030786.0;1;75;75112;2;3;1.0;2.0;48.841119;2.402323;2024-06-22 19:05:00
202400030787.0;1;75;75111;2;3;1.0;3.0;48.850905;2.396445;2024-06-22 20:30:00
202400030788.0;5;15;15014;2;4;5.0;6.0;44.91953;2.41768;2024-11-10 05:05:00
202400030789.0;1;75;75110;2;1;1.0;7.0;48.880462;2.370074;2024-06-22 09:40:00
202400030790.0;5;75;75108;2;3;1.0;3.0;48.871037;2.322415;2024-06-22 00:45:00
202400030791.0;3;13;13056;1;9;1.0;7.0;43.42011;5.02249;2024-11-10 21:30:00
202400030792.0;5;75;75107;2;1;2.0;2.0;48.862218;2.303187;2024-06-22 00:20:00
202400030793.0;1;94;94076;2;1;1.0;1.0;48.78846528;2.35912836;2024-06-22 13:55:00
202400030794.0;1;94;94073;2;2;1.0;2.0;48.75820329;2.39257768;2024-06-21 19:55:00
202400030795.0;5;13;13001;2;2;1.0;3.0;43.52396548;5.447454;2024-11-09 17:00:00
202400030796.0;5;94;94054;2;9;2.0;6.0;48.74596;2.38345;2024-06-21 23:55:00
202400030797.0;5;77;77291;2;1;2.0;1.0;49.01271707;2.5903047;2024-06-22 04:45:00
202400030798.0;1;10;10081;2;1;1.0;6.0;48.3085;4.0399;2024-11-10 09:20:00
202400030799.0;1;93;93066;2;1;1.0;6.0;48.945136;2.375771;2024-06-22 20:00:00
202400030800.0;5;93;93046;2;1;1.0;7.0;48.91341;2.52464;2024-06-22 04:00:00
202400030801.0;4;93;93015;2;1;2.0;1.0;48.91421;2.5791;2024-06-22 01:20:00
202400030802.0;1;93;93057;2;2;1.0;3.0;48.913224;2.505795;2024-06-22 18:00:00
202400030803.0;1;8;8105;2;1;1.0;3.0;49.78559;4.72097;2024-11-10 15:45:00
202400030804.0;5;92;92072;2;2;2.0;6.0;48.8291813;2.22411239;2024-06-22 00:10:00
202400030805.0;5;92;92044;2;2;1.0;3.0;48.89811835;2.28517923;2024-06-22 03:00:00
202400030806.0;4;92;92036;1;9;2.0;6.0;48.93422494;2.28121805;2024-06-22 00:15:00
202400030807.0;5;92;92004;2;1;1.0;3.0;48.91461356;2.30069232;2024-06-21 22:30:00
202400030808.0;1;92;92032;2;1;2.0;6.0;48.78528301;2.28790085;2024-06-22 10:20:00
202400030809.0;1;92;92007;2;6;3.0;6.0;48.80970091;2.31758621;2024-06-22 12:44:00
202400030810.0;5;92;92007;2;5;2.0;3.0;48.79784242;2.31744057;2024-06-22 05:25:00
202400030811.0;1;75;75118;2;4;1.0;2.0;48.90096955;2.34761417;2024-11-10 16:15:00
202400030812.0;5;54;54509;2;1;1.0;6.0;48.631572;6.373296;2024-06-22 23:30:00
202400030813.0;3;35;35168;1;6;1.0;6.0;47.90935108;-1.99117273;2024-06-15 01:30:00
202400030814.0;1;75;75119;2;2;1.0;3.0;48.877078;2.374203;2024-11-10 14:20:00
202400030815.0;3;2A;2A127;1;1;1.0;6.0;41.580343;8.952495;2024-06-23 03:15:00
202400030816.0;1;75;75116;2;1;1.0;6.0;48.860588;2.282132;2024-11-08 17:00:00
202400030817.0;1;6;6149;2;1;1.0;1.0;43.733011;7.292883;2024-06-22 11:35:00
202400030818.0;1;95;95487;2;1;1.0;6.0;49.151124;2.270662;2024-06-23 18:50:00
202400030819.0;1;75;75115;2;3;1.0;3.0;48.846898;2.293098;2024-11-10 15:40:00
202400030820.0;1;36;36233;1;1;3.0;1.0;47.23779994;1.54171821;2024-06-21 10:45:00
202400030821.0;1;63;63004;2;1;1.0;6.0;45.93743567;2.8036748;2024-06-23 12:15:00
202400030822.0;1;75;75115;2;2;1.0;3.0;48.83541;2.281058;2024-11-10 13:00:00
202400030823.0;1;974;97414;2;1;1.0;3.0;-21.257636;55.441401;2024-06-23 08:30:00
202400030824.0;3;58;58048;1;1;2.0;6.0;47.342745;3.196222;2024-06-22 03:00:00
202400030825.0;1;75;75114;2;2;1.0;6.0;48.826161;2.312747;2024-11-10 12:10:00
202400030826.0;1;6;6046;1;1;1.0;4.0;43.770459;7.212117;2024-06-13 17:30:00
202400030827.0;5;75;75108;2;1;1.0;6.0;48.873275;2.314578;2024-11-09 23:15:00
202400030828.0;5;75;75108;2;2;1.0;2.0;48.871925;2.300835;2024-11-10 23:40:00
202400030829.0;1;971;97132;2;1;1.0;2.0;15.960847;-61.671638;2024-06-21 17:15:00
202400030830.0;3;68;68156;1;1;8.0;6.0;47.89020822;7.25097475;2024-06-23 01:40:00
202400030831.0;5;75;75102;2;1;1.0;3.0;48.870397;2.349344;2024-11-09 23:20:00
202400030832.0;1;37;37170;1;1;1.0;2.0;47.593199;0.547128;2024-06-22 15:30:00
202400030833.0;5;94;94033;2;5;1.0;3.0;48.85373;2.46983;2024-11-10 23:25:00
202400030834.0;1;35;35024;1;1;1.0;6.0;48.156152;-1.650743;2024-06-22 11:00:00
202400030835.0;3;56;56234;1;1;1.0;2.0;47.510788;-3.129795;2024-06-23 02:00:00
202400030836.0;1;94;94022;2;2;1.0;3.0;48.75378479;2.40538479;2024-11-10 14:30:00
202400030837.0;1;77;77066;1;3;1.0;3.0;48.691031;3.344843;2024-06-23 11:45:00
202400030838.0;1;94;94054;2;3;8.0;1.0;48.74296;2.38997;2024-11-09 15:20:00
202400030839.0;3;79;79220;1;3;3.0;7.0;46.221482;-0.683727;2024-06-22 05:28:00
202400030840.0;5;93;93078;2;1;1.0;6.0;48.95441009;2.53572464;2024-11-10 18:00:00
202400030841.0;1;2B;2B208;1;1;8.0;7.0;42.326173;9.404951;2024-06-23 16:15:00
202400030842.0;5;93;93039;2;1;1.0;5.0;48.94766522;2.32332148;2024-11-10 17:59:00
202400030843.0;2;34;34270;1;9;1.0;3.0;43.566617;3.841631;2024-12-18 07:45:00
202400030844.0;3;93;93077;2;3;5.0;3.0;48.88664;2.50887;2024-11-10 01:50:00
202400030845.0;1;77;77295;1;1;7.0;1.0;48.557559;2.738793;2024-12-06 14:00:00
202400030846.0;2;93;93055;2;3;1.0;3.0;48.89183108;2.40644038;2024-11-10 17:00:00
202400030847.0;2;78;78601;1;1;1.0;3.0;48.593186;1.832657;2024-12-03 05:08:00
202400030848.0;5;93;93031;2;4;2.0;6.0;48.95927;2.30036;2024-11-10 02:55:00
202400030849.0;1;2B;2B057;1;1;1.0;3.0;42.2502;9.545577;2024-12-18 10:49:00
202400030850.0;2;30;30258;2;1;1.0;7.0;43.679931;4.423301;2024-12-12 17:00:00
202400030851.0;5;93;93029;2;2;5.0;3.0;48.92482947;2.44759355;2024-11-10 01:15:00
202400030852.0;1;13;13041;2;6;7.0;3.0;43.457845;5.46315;2024-12-16 15:35:00
202400030853.0;5;92;92049;2;1;1.0;2.0;48.81616205;2.30917141;2024-11-10 19:40:00
202400030854.0;3;89;89206;1;6;1.0;6.0;47.970675;3.409367;2024-12-18 01:00:00
202400030855.0;1;92;92002;2;1;2.0;2.0;48.76661393;2.3101332;2024-11-10 12:20:00
202400030856.0;1;55;55122;2;1;1.0;6.0;48.758194;5.584217;2024-12-18 10:35:00
202400030857.0;3;972;97204;2;1;2.0;3.0;14.708748;-61.183162;2024-11-11 02:30:00
202400030858.0;3;63;63263;1;1;2.0;4.0;45.76297066;2.99497139;2024-12-11 17:40:00
202400030859.0;3;971;97109;1;1;2.0;1.0;15.991545;-61.681334;2024-11-09 02:45:00
202400030860.0;3;34;34036;1;1;1.0;6.0;43.692329;3.346088;2024-11-06 20:16:00
202400030861.0;1;63;63141;2;1;1.0;6.0;45.79359648;3.05293322;2024-11-05 08:20:00
202400030862.0;5;30;30135;2;3;1.0;3.0;43.828192;4.551513;2024-11-10 17:50:00
202400030863.0;3;69;69216;1;1;5.0;6.0;45.78805648;4.52760414;2024-12-17 17:25:00