Num_Acc;lum;departement;commune;agglomeration;intersection;meteo;type_collision;lat;long;date
202400030864.0;1;6;6108;2;1;1.0;6.0;43.574744;6.951685;2024-11-08 17:00:00
202400030865.0;2;9;9306;2;1;1.0;6.0;42.841132;1.602405;2024-12-18 17:30:00
202400030866.0;2;45;45088;2;1;5.0;1.0;48.16969;1.979891;2024-11-10 07:10:00
202400030867.0;1;17;17240;2;1;1.0;6.0;45.288154;-0.410099;2024-12-17 10:40:00
202400030868.0;3;27;27179;1;6;2.0;6.0;49.137786;0.575312;2024-11-11 05:40:00
202400030869.0;3;64;64501;1;1;9.0;6.0;43.51821;-0.721702;2024-12-17 06:30:00
202400030870.0;5;29;29042;2;1;1.0;6.0;48.2495504;-4.41967706;2024-12-18 07:00:00
202400030871.0;1;76;76541;1;1;8.0;1.0;49.525027;0.980487;2024-12-18 15:50:00
202400030872.0;1;13;13088;1;1;1.0;7.0;43.39141;5.25239;2024-12-16 13:15:00
202400030873.0;1;13;13005;1;1;1.0;6.0;43.28300157;5.57748508;2024-12-16 13:00:00
202400030874.0;3;13;13026;1;1;1.0;2.0;43.3895;5.13775;2024-12-16 00:02:00
202400030875.0;1;30;30037;2;3;1.0;3.0;44.278607;4.129915;2024-11-07 12:05:00
202400030876.0;5;987;98738;2;1;1.0;7.0;-17.618;-149.549;2024-11-08 22:20:00
202400030877.0;1;83;83137;1;1;1.0;5.0;43.12721801;5.92314623;2024-12-17 10:40:00
202400030878.0;1;4;4127;1;1;1.0;2.0;44.06010956;5.96297136;2024-10-21 09:35:00
202400030879.0;3;83;83062;2;1;1.0;2.0;43.14229207;6.0352296;2024-12-16 18:30:00
202400030880.0;3;6;6152;1;1;1.0;7.0;43.604351;7.052053;2024-11-10 17:30:00
202400030881.0;5;1;1249;2;1;1.0;7.0;45.827737;4.969393;2024-11-04 18:40:00
202400030882.0;1;33;33192;1;1;1.0;4.0;44.788195;-0.600569;2024-12-16 08:55:00
202400030883.0;3;62;62634;1;1;1.0;6.0;50.9327;2.00385;2024-12-14 19:18:00
202400030884.0;3;14;14762;1;1;1.0;6.0;48.822244;-0.933784;2024-11-10 05:30:00
202400030885.0;2;59;59431;1;1;1.0;3.0;50.6879;2.8282;2024-11-13 07:00:00
202400030886.0;1;56;56178;2;1;1.0;6.0;48.067953;-2.96368;2024-11-08 11:00:00
202400030887.0;3;59;59582;1;6;1.0;3.0;50.729352;2.623286;2024-11-11 00:45:00
202400030888.0;2;91;91661;1;1;2.0;5.0;48.70274;2.24849;2024-12-17 07:30:00
202400030889.0;1;13;13056;1;1;1.0;2.0;43.39846284;5.08412226;2024-11-08 09:30:00
202400030890.0;3;91;91570;1;1;2.0;2.0;48.62518;2.32926;2024-12-17 05:30:00
202400030891.0;3;13;13215;1;1;1.0;2.0;43.34963;5.36927;2024-11-10 05:25:00
202400030892.0;1;92;92036;1;1;8.0;2.0;48.93444454;2.27968714;2024-12-16 11:00:00
202400030893.0;3;13;13211;1;1;1.0;3.0;43.292;5.45257;2024-11-10 01:10:00
202400030894.0;3;95;95527;1;1;1.0;2.0;48.98608259;2.50437342;2024-12-17 20:00:00
202400030895.0;3;13;13211;1;1;1.0;6.0;43.29191;5.45201;2024-11-10 02:12:00
202400030896.0;3;95;95351;1;1;1.0;2.0;49.03158928;2.49319292;2024-12-17 19:00:00
202400030897.0;1;93;93010;1;1;1.0;2.0;48.91775151;2.47850608;2024-12-17 08:20:00
202400030898.0;3;93;93008;1;1;1.0;3.0;48.91198941;2.43837476;2024-12-16 17:00:00
202400030899.0;2;13;13210;2;1;1.0;2.0;43.2795;5.39474;2024-11-09 18:44:00
202400030900.0;3;95;95604;1;1;1.0;6.0;49.10548;2.55192;2024-12-16 05:20:00
202400030901.0;3;13;13215;1;1;2.0;2.0;43.34994821;5.36891233;2024-11-08 20:45:00
202400030902.0;3;93;93027;1;1;2.0;2.0;48.93803963;2.41408741;2024-12-15 20:05:00
202400030903.0;3;69;69276;1;1;1.0;5.0;45.68408;4.85486;2024-11-09 19:00:00
202400030904.0;1;94;94046;1;1;1.0;3.0;48.81292733;2.44895577;2024-12-17 14:10:00
202400030905.0;3;42;42207;1;1;1.0;6.0;45.46265875;4.49269766;2024-11-09 05:30:00
202400030906.0;3;93;93051;1;1;2.0;3.0;48.83569183;2.56273622;2024-12-16 18:35:00
202400030907.0;1;77;77249;1;1;2.0;1.0;48.75684101;2.61553866;2024-12-16 10:00:00
202400030908.0;3;42;42207;1;1;1.0;4.0;45.45210696;4.47663771;2024-11-09 05:30:00
202400030909.0;2;77;77122;1;1;2.0;6.0;48.6595134;2.61310224;2024-12-16 07:30:00
202400030910.0;2;92;92002;1;1;1.0;2.0;48.73097848;2.3088415;2024-11-10 07:50:00
202400030911.0;1;974;97411;2;1;1.0;7.0;-20.89674;55.46619;2024-08-17 15:20:00
202400030912.0;1;92;92025;1;1;1.0;2.0;48.93541254;2.26118997;2024-11-09 16:38:00
202400030913.0;5;974;97411;2;1;1.0;6.0;-20.89749;55.48496;2024-06-08 18:45:00
202400030914.0;1;95;95212;1;1;1.0;6.0;49.02916218;2.53426909;2024-11-10 10:35:00
202400030915.0;2;974;97411;2;1;8.0;2.0;-20.88809;55.44964;2024-05-29 14:20:00
202400030916.0;3;95;95582;1;1;1.0;6.0;48.96922475;2.25039607;2024-11-09 06:40:00
202400030917.0;5;988;98818;2;2;1.0;1.0;-22.29256;166.44723;2024-11-09 21:45:00
202400030918.0;5;974;97409;2;4;1.0;5.0;-20.96897944;55.65550849;2024-03-14 19:00:00
202400030919.0;5;987;98735;2;1;1.0;7.0;-17.53136;-149.57108;2024-11-09 00:24:00
202400030920.0;5;75;75119;2;1;2.0;6.0;48.896328;2.394569;2024-12-16 00:50:00
202400030921.0;1;974;97416;1;1;1.0;2.0;-21.3157;55.44166;2024-11-09 13:40:00
202400030922.0;4;75;75117;2;7;1.0;3.0;48.881175;2.28415;2024-12-16 17:33:00
202400030923.0;1;974;97416;2;1;1.0;3.0;-21.340678;55.466329;2024-11-08 16:29:00
202400030924.0;1;75;75118;2;2;2.0;3.0;48.897602;2.329012;2024-12-16 08:30:00
202400030925.0;5;75;75116;2;1;1.0;3.0;48.871499;2.289671;2024-12-16 18:20:00
202400030926.0;1;974;97407;1;2;1.0;3.0;-20.93564;55.29461;2024-11-08 16:20:00
202400030927.0;5;75;75114;2;7;2.0;6.0;48.828042;2.326713;2024-12-16 07:40:00
202400030928.0;5;973;97302;2;2;1.0;3.0;4.94057;-52.32975;2024-11-01 08:35:00
202400030929.0;2;75;75113;2;2;2.0;2.0;48.833359;2.354226;2024-12-16 08:10:00
202400030930.0;5;69;69383;2;3;1.0;1.0;45.7579;4.86887;2024-11-08 18:40:00
202400030931.0;1;75;75110;2;1;8.0;3.0;48.875902;2.363835;2024-12-16 14:49:00
202400030932.0;1;75;75110;2;1;2.0;3.0;48.86996;2.361879;2024-12-16 08:30:00
202400030933.0;5;69;69387;2;9;1.0;3.0;45.7478;4.83363;2024-11-09 04:40:00
202400030934.0;1;75;75109;2;7;1.0;3.0;48.876421;2.33112;2024-12-16 15:53:00
202400030935.0;1;972;97209;2;1;1.0;5.0;14.60689;-61.06819;2024-11-09 09:15:00
202400030936.0;5;94;94081;2;1;2.0;2.0;48.7948881;2.40400386;2024-12-14 18:55:00
202400030937.0;1;2B;2B037;2;1;3.0;3.0;42.59252;9.43464;2024-11-09 12:40:00
202400030938.0;1;94;94074;2;1;2.0;1.0;48.76821496;2.45084703;2024-12-16 09:49:00
202400030939.0;4;91;91027;2;1;2.0;1.0;48.70262;2.39965;2024-11-09 06:05:00
202400030940.0;5;94;94068;2;3;2.0;1.0;48.8036;2.4716;2024-12-15 18:45:00
202400030941.0;1;84;84007;2;1;1.0;6.0;43.9557;4.83099;2024-11-09 09:30:00
202400030942.0;5;94;94018;2;2;2.0;3.0;48.82407421;2.41993068;2024-12-15 19:05:00
202400030943.0;2;81;81004;2;9;1.0;3.0;43.93342611;2.14670062;2024-11-08 17:05:00
202400030944.0;5;94;94041;2;5;2.0;3.0;48.81551;2.39311;2024-12-16 00:01:00
202400030945.0;5;78;78208;2;4;1.0;6.0;48.767489;1.956438;2024-11-09 21:40:00
202400030946.0;5;93;93059;2;9;2.0;1.0;48.96200704;2.37046623;2024-12-15 23:12:00
202400030947.0;1;77;77288;2;1;1.0;2.0;48.52719;2.65376;2024-11-09 14:20:00
202400030948.0;5;93;93053;2;1;1.0;6.0;48.9033;2.46642;2024-12-15 07:45:00
202400030949.0;1;93;93050;2;1;2.0;6.0;48.87534;2.52599;2024-12-16 08:50:00
202400030950.0;5;73;73011;2;6;1.0;4.0;45.66487;6.38941;2024-11-08 17:40:00
202400030951.0;5;93;93010;2;1;2.0;6.0;48.906258;2.48346;2024-12-16 05:50:00
202400030952.0;3;92;92040;2;1;1.0;3.0;48.82936113;2.26251807;2024-12-16 18:11:00
202400030953.0;5;72;72181;2;4;2.0;3.0;47.99158;0.17191;2024-11-08 06:55:00
202400030954.0;5;92;92012;2;1;2.0;1.0;48.8294;2.24591;2024-12-15 23:00:00
202400030955.0;2;69;69282;2;4;1.0;6.0;45.76643;5.00558;2024-11-08 17:05:00
202400030956.0;5;67;67482;2;9;1.0;6.0;48.56175;7.76352;2024-11-09 22:45:00
202400030957.0;3;31;31567;1;3;1.0;3.0;43.59413;1.668291;2024-12-16 19:26:00
202400030958.0;5;65;65440;2;1;2.0;6.0;43.23714002;0.04968793;2024-11-09 18:25:00
202400030959.0;5;59;59335;2;1;2.0;1.0;50.459584;3.426775;2024-12-17 00:40:00
202400030960.0;4;64;64445;2;1;2.0;6.0;43.31788;-0.35806;2024-11-09 18:30:00
202400030961.0;2;35;35216;1;1;1.0;6.0;48.19081;-1.819117;2024-12-09 16:30:00
202400030962.0;1;64;64445;2;6;2.0;3.0;43.31784;-0.37838;2024-11-09 11:30:00
202400030963.0;1;83;83031;1;1;1.0;3.0;43.399607;6.360354;2024-12-14 10:10:00
202400030964.0;1;63;63113;2;1;1.0;6.0;45.77539;3.08165;2024-11-09 11:20:00
202400030965.0;2;59;59352;2;1;2.0;6.0;50.72989817;3.09281526;2024-11-09 07:20:00
202400030966.0;1;14;14061;1;1;1.0;6.0;49.014297;-0.874711;2024-12-16 15:20:00
202400030967.0;4;59;59350;2;1;2.0;4.0;50.63819;3.023;2024-11-09 20:45:00
202400030968.0;2;22;22305;1;3;2.0;2.0;48.25632;-2.167032;2024-12-16 16:55:00
202400030969.0;1;58;58194;2;2;1.0;3.0;46.9874;3.1408;2024-11-09 10:45:00
202400030970.0;3;51;51576;1;1;2.0;6.0;49.06135849;4.15715366;2024-12-16 22:30:00
202400030971.0;5;49;49099;2;9;1.0;6.0;47.05101;-0.88678;2024-11-09 19:30:00
202400030972.0;5;47;47032;2;6;2.0;3.0;44.19095388;0.65727049;2024-11-09 18:17:00
202400030973.0;2;61;61168;2;3;1.0;3.0;48.574456;-0.369828;2024-12-16 17:10:00
202400030974.0;1;45;45234;2;3;7.0;6.0;47.83523;1.93586;2024-11-09 11:00:00
202400030975.0;3;34;34338;1;1;1.0;1.0;43.61678;3.409329;2024-12-16 20:45:00
202400030976.0;3;45;45302;2;1;5.0;3.0;47.96341;1.88868;2024-11-09 07:00:00
202400030977.0;5;45;45068;2;1;1.0;6.0;48.0354;2.73853;2024-11-09 21:35:00
202400030978.0;3;44;44187;1;1;1.0;1.0;47.219349;-2.067203;2024-12-17 07:15:00
202400030979.0;5;34;34172;2;1;2.0;6.0;43.64299;3.83842;2024-11-09 19:10:00
202400030980.0;1;70;70399;1;1;1.0;6.0;47.903632;6.0123498;2024-12-15 15:00:00
202400030981.0;5;33;33119;2;2;1.0;3.0;44.85723;-0.53228;2024-11-09 18:40:00
202400030982.0;2;14;14578;1;1;1.0;5.0;49.336952;0.206273;2024-12-16 16:24:00
202400030983.0;5;33;33039;2;1;1.0;3.0;44.78801;-0.56651;2024-11-09 19:00:00
202400030984.0;3;10;10231;1;1;2.0;1.0;48.510658;3.430269;2024-10-14 06:22:00
202400030985.0;1;33;33069;2;3;1.0;6.0;44.86152;-0.58984;2024-11-08 15:20:00
202400030986.0;3;10;10029;1;1;2.0;6.0;48.035024;4.372215;2024-12-16 18:45:00
202400030987.0;1;33;33522;2;3;1.0;1.0;44.79615;-0.59232;2024-11-08 15:30:00
202400030988.0;3;7;7347;1;1;9.0;7.0;45.189863;4.532332;2024-12-16 18:40:00
202400030989.0;1;33;33522;2;6;1.0;5.0;44.81848;-0.60209;2024-11-08 13:00:00
202400030990.0;2;30;30294;1;1;1.0;1.0;44.128507;4.141202;2024-12-17 17:19:00
202400030991.0;1;29;29019;2;1;1.0;7.0;48.384608;-4.502822;2024-11-13 16:10:00
202400030992.0;2;67;67204;1;6;8.0;7.0;48.63875553;7.78031051;2024-12-13 07:30:00
202400030993.0;1;27;27681;2;2;1.0;3.0;49.08141;1.48136;2024-11-09 14:10:00
202400030994.0;1;67;67112;1;1;1.0;4.0;48.51212;7.582551;2024-12-16 07:40:00
202400030995.0;3;44;44082;1;1;1.0;1.0;47.3812;-1.394507;2024-12-16 17:45:00
202400030996.0;1;22;22113;1;1;1.0;6.0;48.74993;-3.42055;2024-11-05 14:23:00
202400030997.0;1;73;73065;1;1;8.0;6.0;45.602885;5.891944;2024-12-14 13:00:00
202400030998.0;1;17;17306;2;1;1.0;2.0;45.642551;-1.024769;2024-11-08 13:25:00
202400030999.0;1;27;27701;1;1;1.0;2.0;49.224265;1.210489;2024-12-16 16:00:00
202400031000.0;2;27;27518;1;1;1.0;6.0;49.453611;0.533032;2024-12-17 08:20:00
202400031001.0;1;17;17299;2;2;1.0;3.0;45.94022;-0.98418;2024-11-09 09:10:00
202400031002.0;1;973;97305;1;1;1.0;3.0;5.052814;-52.522974;2024-12-17 07:40:00
202400031003.0;3;41;41136;1;1;1.0;6.0;47.685889;1.51768;2024-12-16 07:10:00
202400031004.0;5;13;13210;2;1;2.0;5.0;43.28056;5.40787;2024-11-09 20:00:00
202400031005.0;3;6;6069;1;1;2.0;6.0;43.6445;6.96348;2024-11-09 04:00:00
202400031006.0;1;6;6069;2;1;1.0;6.0;43.64485;6.94037;2024-11-05 12:45:00
202400031007.0;1;77;77508;1;6;1.0;3.0;48.823325;2.834172;2024-12-11 08:35:00
202400031008.0;2;3;3013;2;9;1.0;3.0;46.576;3.319;2024-11-09 19:14:00
202400031009.0;1;77;77318;1;2;8.0;3.0;48.792567;2.934862;2024-12-16 12:00:00
202400031010.0;1;1;1289;2;6;1.0;3.0;46.18203;5.20513;2024-11-08 16:05:00
202400031011.0;3;78;78164;1;1;2.0;3.0;48.597635;1.927832;2024-12-16 17:30:00
202400031012.0;1;75;75117;2;2;1.0;6.0;48.897725;2.329015;2024-11-08 16:57:00
202400031013.0;2;6;6157;2;1;7.0;4.0;43.719435;7.113031;2024-12-15 08:55:00
202400031014.0;1;10;10004;1;1;2.0;1.0;48.599941;4.161673;2024-12-16 15:25:00
202400031015.0;3;67;67084;1;1;5.0;1.0;48.325501;7.459284;2024-12-17 06:00:00
202400031016.0;5;57;57663;2;1;3.0;6.0;49.24035;6.173426;2024-11-25 19:00:00
202400031017.0;1;75;75120;2;2;1.0;6.0;48.854753;2.39748;2024-11-08 16:00:00
202400031018.0;1;69;69246;1;2;5.0;3.0;45.935714;4.654824;2024-12-17 07:50:00
202400031019.0;1;75;75120;2;3;8.0;3.0;48.851526;2.399521;2024-11-08 15:00:00
202400031020.0;1;17;17385;2;6;7.0;7.0;45.946562;-1.317308;2024-12-16 12:05:00
202400031021.0;1;33;33248;2;1;1.0;6.0;45.087365;-0.796807;2024-12-16 13:20:00
202400031022.0;5;75;75119;2;1;1.0;2.0;48.888813;2.39351;2024-11-09 02:50:00
202400031023.0;1;33;33056;2;1;1.0;6.0;44.912022;-0.6201;2024-12-16 13:15:00
202400031024.0;5;75;75115;2;1;1.0;3.0;48.85644;2.290038;2024-11-09 20:10:00
202400031025.0;1;14;14529;1;1;2.0;6.0;49.256318;-0.753416;2024-12-16 10:15:00
202400031026.0;5;75;75115;2;1;1.0;2.0;48.8387;2.3116;2024-11-08 19:28:00
202400031027.0;3;22;22068;1;1;1.0;7.0;48.262397;-2.785321;2024-12-17 05:20:00
202400031028.0;5;75;75114;2;2;1.0;3.0;48.826159;2.312744;2024-11-08 20:50:00
202400031029.0;3;76;76503;1;3;1.0;5.0;49.51356054;0.9947015;2024-12-17 07:40:00
202400031030.0;5;75;75113;2;1;1.0;6.0;48.82637361;2.38402784;2024-11-08 20:45:00
202400031031.0;3;60;60139;1;9;2.0;2.0;49.1723574;2.23059797;2024-12-15 20:20:00
202400031032.0;5;75;75109;2;1;1.0;3.0;48.878638;2.33162;2024-11-09 19:38:00
202400031033.0;3;60;60120;1;1;2.0;2.0;49.32364138;2.41843843;2024-12-16 17:20:00
202400031034.0;5;94;94078;2;2;1.0;1.0;48.73559;2.44692;2024-11-09 04:51:00
202400031035.0;5;94;94068;2;2;1.0;1.0;48.80444;2.48614;2024-11-09 04:50:00
202400031036.0;1;94;94041;2;1;1.0;6.0;48.80814828;2.37535813;2024-11-09 15:50:00
202400031037.0;1;94;94041;2;2;1.0;3.0;48.8166;2.39536;2024-11-09 09:15:00
202400031038.0;2;94;94028;2;1;1.0;6.0;48.778453;2.455134;2024-11-09 17:00:00
202400031039.0;2;69;69290;1;1;3.0;2.0;45.70546061;4.96039247;2024-10-17 07:20:00
202400031040.0;5;33;33249;1;1;1.0;3.0;44.88473;-0.51616;2024-12-16 06:50:00
202400031041.0;1;91;91363;1;1;8.0;2.0;48.646273;2.191453;2024-12-16 09:00:00
202400031042.0;3;78;78571;1;1;2.0;2.0;48.865275;2.037515;2024-12-16 01:00:00
202400031043.0;1;92;92048;1;1;2.0;2.0;48.79379358;2.21880725;2024-12-15 15:29:00
202400031044.0;4;78;78238;1;1;1.0;6.0;48.96914;1.86395;2024-12-15 01:05:00
202400031045.0;3;78;78640;1;1;2.0;2.0;48.777713;2.218135;2024-12-14 18:20:00
202400031046.0;3;92;92050;1;1;2.0;6.0;48.8916083;2.17728343;2024-11-18 18:31:00
202400031047.0;1;95;95277;1;1;1.0;4.0;48.97399752;2.48805982;2024-12-14 12:20:00
202400031048.0;1;94;94073;1;1;2.0;4.0;48.7631492;2.38096972;2024-12-16 13:10:00
202400031049.0;3;77;77438;1;1;2.0;6.0;48.86262798;2.66812122;2024-12-16 01:55:00
202400031050.0;1;24;24322;2;2;1.0;3.0;45.18959;0.72022;2024-09-27 16:00:00
202400031051.0;1;93;93029;2;2;8.0;6.0;48.92721764;2.45114744;2024-05-16 16:30:00
202400031052.0;1;93;93029;2;1;1.0;2.0;48.92167209;2.45517969;2024-05-11 08:40:00
202400031053.0;1;93;93029;2;3;1.0;6.0;48.93113;2.45541;2024-05-09 18:50:00
202400031054.0;1;43;43157;2;3;1.0;3.0;45.05057;3.89913;2024-09-27 10:30:00
202400031055.0;1;43;43157;2;1;2.0;6.0;45.04767;3.87832;2024-09-19 18:00:00
202400031056.0;1;43;43157;2;3;1.0;3.0;45.04202;3.88273;2024-09-05 18:10:00
202400031057.0;2;14;14054;2;3;8.0;5.0;48.893989;-0.982917;2024-09-11 20:20:00
202400031058.0;1;25;25315;2;1;1.0;6.0;47.449854;6.580945;2024-07-13 09:50:00
202400031059.0;1;987;98735;2;1;1.0;3.0;-17.5403;-149.5676;2024-12-15 11:25:00
202400031060.0;1;974;97409;2;1;1.0;3.0;-20.933;55.65116;2024-12-15 12:45:00
202400031061.0;1;972;97209;2;3;1.0;3.0;14.6193;-61.03978;2024-12-15 14:45:00
202400031062.0;1;972;97209;1;1;1.0;1.0;14.6192;-61.03887;2024-12-15 11:40:00
202400031063.0;1;2B;2B037;1;1;1.0;3.0;42.36;9.2618;2024-12-15 13:13:00
202400031064.0;1;971;97107;2;1;2.0;3.0;16.04326666;-61.56460941;2024-12-15 16:10:00
202400031065.0;1;2A;2A004;2;6;8.0;2.0;41.90877;8.71145;2024-12-14 15:30:00
202400031066.0;5;95;95539;1;2;1.0;4.0;48.99178077;2.36020435;2024-12-15 00:25:00
202400031067.0;1;95;95051;2;1;1.0;6.0;49.00938978;2.19744533;2024-12-14 12:55:00
202400031068.0;1;91;91477;1;1;1.0;3.0;48.703924;2.231875;2024-12-15 12:35:00
202400031069.0;1;91;91687;2;1;1.0;3.0;48.666853;2.376826;2024-12-15 16:00:00
202400031070.0;5;91;91286;2;1;1.0;6.0;48.665009;2.398;2024-12-15 04:40:00
202400031071.0;5;89;89387;2;3;1.0;3.0;48.19176;3.29725;2024-12-14 18:25:00
202400031072.0;5;88;88160;2;9;8.0;3.0;48.18383;6.44148;2024-12-15 18:00:00
202400031073.0;5;86;86194;2;2;1.0;6.0;46.580985;0.352834;2024-12-15 04:07:00
202400031074.0;5;77;77284;2;1;1.0;6.0;48.95668;2.90825;2024-12-14 17:27:00
202400031075.0;1;74;74012;2;3;2.0;3.0;46.1971;6.2404;2024-12-14 08:30:00
202400031076.0;2;67;67482;2;8;1.0;6.0;48.58237;7.74601;2024-12-15 16:30:00
202400031077.0;1;65;65286;2;1;8.0;1.0;43.09839249;-0.04161716;2024-12-14 11:40:00
202400031078.0;2;64;64445;2;1;1.0;6.0;43.30199;-0.3595;2024-12-15 16:30:00
202400031079.0;1;64;64102;2;6;1.0;3.0;43.47857;-1.49264;2024-12-15 13:50:00
202400031080.0;5;62;62765;2;1;1.0;3.0;50.74862;2.26173;2024-11-26 19:45:00
202400031081.0;1;59;59378;2;1;1.0;3.0;50.66189;3.09646;2024-12-15 14:10:00
202400031082.0;1;59;59566;2;1;1.0;2.0;50.62275;2.98591;2024-12-14 12:15:00
202400031083.0;5;59;59648;2;2;1.0;3.0;50.59959;3.05337;2024-12-14 22:30:00
202400031084.0;4;54;54079;2;3;8.0;3.0;48.87948;6.0547;2024-12-14 18:19:00
202400031085.0;5;54;54099;2;3;2.0;7.0;49.26986742;5.92174351;2024-12-14 16:30:00
202400031086.0;1;50;50502;2;1;8.0;3.0;49.1108;-1.08462;2024-12-13 17:08:00
202400031087.0;3;47;47323;1;1;8.0;7.0;44.39517;0.75386;2024-12-14 22:35:00
202400031088.0;5;42;42095;2;1;1.0;3.0;45.39316;4.29477;2024-12-15 20:20:00
202400031089.0;2;37;37261;2;2;2.0;3.0;47.4066662;0.6916126;2024-12-15 16:50:00
202400031090.0;1;33;33063;2;2;1.0;3.0;44.847293;-0.622906;2024-12-15 09:40:00
202400031091.0;3;29;29232;1;6;1.0;7.0;48.02992834;-4.08839227;2024-12-15 06:30:00
202400031092.0;3;29;29254;1;9;2.0;7.0;48.576585;-3.855452;2024-12-15 23:54:00
202400031093.0;4;29;29039;1;1;1.0;1.0;47.891814;-3.923573;2024-12-14 19:15:00
202400031094.0;3;26;26198;1;1;1.0;6.0;44.55620287;4.72993314;2024-12-16 01:00:00
202400031095.0;1;26;26198;2;1;1.0;6.0;44.55488;4.73696;2024-12-13 13:35:00
202400031096.0;3;22;22113;2;1;2.0;3.0;48.75762;-3.46031;2024-12-10 17:28:00
202400031097.0;1;13;13212;2;1;1.0;7.0;43.31498672;5.4416473;2024-12-15 15:45:00
202400031098.0;5;6;6027;2;2;1.0;3.0;43.65758;7.15109;2024-12-15 18:51:00
202400031099.0;1;5;5061;2;3;1.0;3.0;44.55496;6.07452;2024-11-01 15:05:00
202400031100.0;5;1;1344;2;3;2.0;3.0;46.200973;5.201383;2024-12-14 17:45:00
202400031101.0;1;75;75116;2;1;1.0;2.0;48.866593;2.268615;2024-12-15 08:05:00
202400031102.0;5;75;75120;2;1;1.0;2.0;48.866942;2.41322;2024-12-15 04:20:00
202400031103.0;5;75;75113;2;1;1.0;3.0;48.81629;2.345777;2024-12-14 17:40:00
202400031104.0;2;75;75120;2;4;1.0;2.0;48.862587;2.413767;2024-12-14 17:10:00
202400031105.0;1;75;75115;2;1;1.0;4.0;48.828061;2.290946;2024-12-13 08:50:00
202400031106.0;1;38;38052;2;9;1.0;3.0;45.066949;6.021964;2024-03-05 10:25:00
202400031107.0;1;75;75119;2;1;8.0;7.0;48.8878036;2.373092;2024-12-15 12:26:00
202400031108.0;5;75;75119;2;3;2.0;3.0;48.88443;2.36731;2024-12-15 01:30:00
202400031109.0;1;60;60494;1;3;1.0;5.0;49.10136;2.558518;2024-03-04 08:40:00
202400031110.0;3;976;97608;2;1;1.0;7.0;-12.783323;45.280913;2024-03-05 01:20:00
202400031111.0;2;75;75113;2;3;1.0;6.0;48.822889;2.377832;2024-12-15 08:20:00
202400031112.0;5;971;97116;1;1;2.0;6.0;16.345539;-61.454478;2024-03-03 22:00:00
202400031113.0;5;75;75112;2;2;2.0;2.0;48.84089;2.404743;2024-12-15 00:02:00
202400031114.0;1;77;77107;1;2;2.0;1.0;48.675157;2.813187;2024-02-29 11:30:00
202400031115.0;1;75;75109;2;3;1.0;3.0;48.880678;2.340328;2024-12-15 15:50:00
202400031116.0;1;95;95039;2;1;1.0;3.0;49.07099785;2.17643311;2024-03-01 14:00:00
202400031117.0;1;75;75107;2;3;1.0;6.0;48.851854;2.314714;2024-12-15 10:55:00
202400031118.0;1;83;83068;1;1;1.0;1.0;43.272331;6.503048;2024-03-05 18:30:00
202400031119.0;5;75;75101;2;2;1.0;6.0;48.8669;2.32919;2024-12-15 17:30:00
202400031120.0;5;75;75102;2;2;1.0;6.0;48.870245;2.330145;2024-12-08 01:30:00
202400031121.0;1;83;83068;1;3;1.0;3.0;43.269655;6.54146;2024-03-05 17:20:00
202400031122.0;5;94;94074;2;1;1.0;2.0;48.77103;2.44029;2024-12-14 21:30:00
202400031123.0;1;13;13015;1;1;1.0;3.0;43.447763;5.444391;2024-03-05 10:30:00
202400031124.0;5;89;89099;2;1;1.0;1.0;47.927572;3.547862;2024-03-05 18:50:00
202400031125.0;5;94;94073;2;3;2.0;5.0;48.75414;2.38641;2024-12-14 17:55:00
202400031126.0;1;94;94055;2;9;1.0;1.0;48.79487326;2.55123621;2024-12-15 12:13:00
202400031127.0;1;69;69171;2;4;1.0;4.0;45.811097;4.600562;2024-03-04 14:40:00
202400031128.0;1;86;86123;1;1;7.0;6.0;46.560004;0.091638;2024-03-04 07:15:00
202400031129.0;5;93;93046;2;1;2.0;2.0;48.91465874;2.53326679;2024-12-15 17:05:00
202400031130.0;1;64;64230;2;1;2.0;6.0;43.231673;-0.388062;2024-03-05 09:30:00
202400031131.0;1;93;93027;2;1;1.0;2.0;48.93245;2.40693;2024-12-15 10:10:00
202400031132.0;5;92;92050;2;1;8.0;6.0;48.89672;2.19587;2024-12-13 21:13:00
202400031133.0;1;22;22093;2;6;1.0;3.0;48.531416;-2.576948;2024-03-05 14:10:00
202400031134.0;1;92;92040;2;1;1.0;1.0;48.82237256;2.2520417;2024-12-15 12:18:00
202400031135.0;5;92;92026;2;3;2.0;2.0;48.90040144;2.26073664;2024-12-15 18:45:00
202400031136.0;1;83;83027;1;1;1.0;6.0;43.19450747;5.69220956;2024-03-04 07:20:00
202400031137.0;5;33;33243;2;1;1.0;6.0;44.918822;-0.243416;2024-12-09 07:45:00
202400031138.0;3;33;33346;1;4;1.0;1.0;44.556193;-0.062469;2024-12-10 17:40:00
202400031139.0;3;78;78402;1;1;1.0;2.0;48.96523;1.76431;2024-03-03 21:05:00
202400031140.0;1;41;41276;2;3;8.0;6.0;47.622143;1.323096;2024-12-14 15:35:00
202400031141.0;3;78;78007;1;1;1.0;2.0;48.895822;2.006915;2024-03-03 19:38:00
202400031142.0;1;31;31299;1;1;2.0;6.0;43.45927;1.206822;2024-12-13 14:20:00
202400031143.0;1;5;5085;1;1;1.0;2.0;44.924923;6.688646;2024-12-16 10:35:00
202400031144.0;3;78;78423;1;1;2.0;4.0;48.793273;2.052468;2024-03-02 19:50:00
202400031145.0;3;1;1250;1;1;3.0;1.0;45.986727;4.795886;2024-12-13 18:54:00
202400031146.0;5;83;83036;2;1;1.0;6.0;43.184167;6.543007;2024-12-15 23:30:00