Num_Acc;lum;departement;commune;agglomeration;intersection;meteo;type_collision;lat;long;date
202400031147.0;5;83;83091;2;2;1.0;1.0;43.23231;6.149597;2024-12-14 19:30:00
202400031148.0;3;93;93005;1;1;1.0;5.0;48.93141176;2.48117112;2024-03-04 06:20:00
202400031149.0;5;57;57038;2;1;2.0;6.0;49.471188;5.957192;2024-12-15 19:30:00
202400031150.0;5;93;93008;1;1;1.0;6.0;48.91407642;2.43245842;2024-03-03 22:45:00
202400031151.0;1;80;80710;1;1;1.0;3.0;49.999471;1.734257;2024-12-08 11:30:00
202400031152.0;3;77;77121;1;1;1.0;2.0;48.83662222;2.66498382;2024-03-04 20:15:00
202400031153.0;3;65;65116;1;1;1.0;7.0;42.890826;0.352651;2024-12-16 00:20:00
202400031154.0;1;47;47215;2;1;1.0;7.0;44.39450198;0.69428032;2024-02-23 10:35:00
202400031155.0;1;69;69169;1;1;2.0;6.0;45.991774;4.4032;2024-12-14 11:20:00
202400031156.0;1;11;11262;2;1;3.0;1.0;43.21212;3.012743;2024-12-15 15:00:00
202400031157.0;1;44;44109;2;9;1.0;3.0;47.2623748;-1.5834848;2024-01-17 09:47:00
202400031158.0;1;44;44109;2;1;8.0;6.0;47.24394436;-1.52529993;2024-01-12 17:10:00
202400031159.0;1;44;44162;2;1;8.0;6.0;47.21081842;-1.61357032;2024-01-12 08:30:00
202400031160.0;1;44;44109;2;1;8.0;3.0;47.228153;-1.544837;2024-01-11 15:33:00
202400031161.0;1;44;44172;1;1;8.0;7.0;47.23705673;-1.48132527;2024-01-03 13:50:00
202400031162.0;1;974;97416;1;1;2.0;2.0;-21.3433;55.4965;2024-03-03 11:45:00
202400031163.0;1;974;97409;2;1;1.0;2.0;-21.00146;55.5906;2024-03-02 12:15:00
202400031164.0;3;973;97302;2;3;1.0;3.0;4.92876771;-52.29843289;2024-03-02 05:55:00
202400031165.0;3;69;69387;2;1;2.0;6.0;45.74821641;4.83238654;2024-03-03 18:45:00
202400031166.0;3;971;97105;2;1;1.0;3.0;16.00563;-61.73325;2024-03-03 19:30:00
202400031167.0;1;95;95277;2;1;2.0;1.0;48.985708;2.431868;2024-03-03 07:15:00
202400031168.0;1;91;91687;2;1;1.0;5.0;48.677439;2.383378;2024-03-03 10:35:00
202400031169.0;1;83;83069;2;1;1.0;6.0;43.11346;6.12873;2024-03-02 15:15:00
202400031170.0;2;77;77517;1;1;2.0;1.0;48.90114;2.66399;2024-03-03 08:00:00
202400031171.0;5;64;64445;2;2;3.0;3.0;43.30027;-0.3652;2024-03-03 19:30:00
202400031172.0;5;63;63113;2;2;2.0;3.0;45.78476;3.09974;2024-03-03 06:50:00
202400031173.0;5;62;62215;2;2;2.0;3.0;50.49332732;2.95759624;2024-03-03 02:25:00
202400031174.0;1;45;45234;2;1;3.0;7.0;47.9081;1.90394;2024-03-02 17:25:00
202400031175.0;1;45;45004;2;1;8.0;6.0;47.97267;2.73342;2024-03-03 12:42:00
202400031176.0;1;42;42044;2;2;4.0;3.0;45.39593;4.32202;2024-03-03 15:00:00
202400031177.0;1;35;35278;1;6;1.0;2.0;48.14039;-1.68671;2024-03-03 16:30:00
202400031178.0;1;31;31555;2;3;1.0;3.0;43.62590554;1.4370887;2024-03-03 18:00:00
202400031179.0;5;29;29039;2;1;1.0;7.0;47.856364;-3.900102;2024-03-03 21:40:00
202400031180.0;3;28;28404;1;1;1.0;7.0;48.70877619;1.36990851;2024-03-03 03:50:00
202400031181.0;1;14;14118;2;3;1.0;3.0;49.1812;-0.3984;2024-03-03 17:15:00
202400031182.0;5;13;13208;2;1;2.0;6.0;43.24949;5.37508;2024-03-03 01:19:00
202400031183.0;5;13;13005;2;1;2.0;3.0;43.28784;5.58172;2024-03-03 20:10:00
202400031184.0;4;75;75112;2;1;1.0;3.0;48.828642;2.398889;2024-03-03 20:00:00
202400031185.0;3;75;75116;2;1;2.0;2.0;48.873578;2.275295;2024-03-02 21:00:00
202400031186.0;1;75;75115;2;1;2.0;3.0;48.835298;2.272199;2024-03-02 16:50:00
202400031187.0;2;75;75112;2;1;2.0;4.0;48.845831;2.414209;2024-03-02 16:20:00
202400031188.0;5;75;75116;2;1;1.0;2.0;48.857166;2.25862;2024-03-01 16:50:00
202400031189.0;1;75;75117;2;3;1.0;6.0;48.888008;2.325767;2024-03-03 15:15:00
202400031190.0;5;75;75116;2;2;2.0;3.0;48.874925;2.271105;2024-03-03 06:20:00
202400031191.0;1;75;75115;2;1;1.0;4.0;48.836522;2.276637;2024-03-03 14:45:00
202400031192.0;1;75;75114;2;2;8.0;3.0;48.832946;2.316252;2024-03-03 11:20:00
202400031193.0;5;75;75113;2;3;1.0;7.0;48.833978;2.364721;2024-03-02 05:42:00
202400031194.0;1;75;75108;2;3;1.0;6.0;48.878994;2.314835;2024-03-03 09:50:00
202400031195.0;5;94;94078;2;3;2.0;2.0;48.73895;2.44675;2024-03-03 05:10:00
202400031196.0;5;94;94043;2;9;1.0;6.0;48.81236;2.35261;2024-03-03 19:35:00
202400031197.0;5;94;94043;2;6;2.0;2.0;48.80978;2.36229;2024-03-03 06:30:00
202400031198.0;5;94;94041;2;1;2.0;6.0;48.81447071;2.37879392;2024-03-03 03:45:00
202400031199.0;5;93;93008;2;5;2.0;3.0;48.9072;2.45679;2024-03-02 23:45:00
202400031200.0;3;60;60531;1;1;1.0;1.0;49.421226;2.735837;2024-03-03 23:20:00
202400031201.0;3;974;97404;1;1;1.0;6.0;-21.261421;55.344379;2024-02-03 19:15:00
202400031202.0;3;76;76404;1;6;1.0;6.0;49.578191;0.240047;2024-03-03 22:30:00
202400031203.0;3;974;97410;1;1;2.0;4.0;-21.033172;55.705587;2024-03-03 18:50:00
202400031204.0;3;56;56047;1;1;1.0;6.0;48.060614;-2.763426;2024-03-02 06:45:00
202400031205.0;1;79;79216;1;1;2.0;1.0;46.251108;-0.32807;2024-03-04 13:50:00
202400031206.0;1;82;82180;1;3;1.0;3.0;43.937087;1.041124;2024-03-02 14:15:00
202400031207.0;4;82;82114;1;1;1.0;6.0;43.888638;1.238075;2024-03-03 21:58:00
202400031208.0;3;32;32301;1;1;1.0;3.0;43.710796;0.442393;2024-03-03 19:45:00
202400031209.0;1;71;71543;2;1;1.0;1.0;46.557283;4.903066;2024-03-04 11:20:00
202400031210.0;1;63;63432;1;1;2.0;7.0;45.99026645;3.27393307;2024-03-03 10:10:00
202400031211.0;3;68;68320;1;1;1.0;6.0;47.66193839;7.22301259;2024-03-03 06:00:00
202400031212.0;1;70;70421;1;1;1.0;1.0;47.689867;6.005638;2024-03-04 11:45:00
202400031213.0;3;54;54491;1;1;1.0;7.0;49.33805;5.913112;2024-03-04 01:10:00
202400031214.0;1;14;14654;1;1;1.0;1.0;49.050143;0.029011;2024-02-17 11:50:00
202400031215.0;2;14;14716;1;1;1.0;3.0;49.202149;-0.720895;2024-03-02 18:45:00
202400031216.0;1;60;60245;2;3;1.0;3.0;49.64719621;1.72457922;2024-03-04 15:45:00
202400031217.0;1;45;45062;1;1;3.0;2.0;47.990697;1.881967;2024-03-02 14:20:00
202400031218.0;3;43;43163;1;1;1.0;7.0;45.25597186;4.40062157;2024-03-02 03:00:00
202400031219.0;1;21;21416;1;6;1.0;7.0;47.390585;5.317683;2024-03-03 14:20:00
202400031220.0;1;87;87133;1;9;2.0;3.0;46.20027;1.36651;2024-02-26 14:00:00
202400031221.0;1;8;8121;1;1;1.0;1.0;49.85294037;4.46394448;2024-03-04 14:15:00
202400031222.0;1;76;76351;2;6;1.0;3.0;49.48547;0.13639;2024-04-09 16:45:00
202400031223.0;5;973;97309;2;1;1.0;1.0;4.91486;-52.274607;2024-03-03 19:23:00
202400031224.0;3;64;64141;1;1;3.0;2.0;43.544574;-0.296234;2024-03-04 02:40:00
202400031225.0;1;73;73011;2;1;1.0;2.0;45.66800645;6.39553696;2024-04-10 12:05:00
202400031226.0;1;67;67506;1;1;1.0;2.0;48.665904;7.736768;2024-02-21 08:50:00
202400031227.0;1;71;71540;2;1;1.0;6.0;46.7808;4.43173;2024-04-10 12:25:00
202400031228.0;1;69;69259;2;1;1.0;6.0;45.72958799;4.856987;2024-04-10 19:30:00
202400031229.0;1;6;6150;1;1;3.0;6.0;43.745878;7.382405;2024-03-03 12:47:00
202400031230.0;5;987;98748;1;1;1.0;2.0;-17.76498049;-149.31403398;2024-03-03 00:01:00
202400031231.0;1;69;69290;2;1;1.0;6.0;45.70148887;4.93773937;2024-04-10 18:40:00
202400031232.0;1;987;98722;1;1;1.0;1.0;-17.592;-149.391;2024-03-03 08:50:00
202400031233.0;1;69;69290;2;9;1.0;3.0;45.68678;4.9448;2024-04-10 12:20:00
202400031234.0;5;987;98733;1;1;1.0;1.0;-17.696;-149.548;2024-03-02 21:00:00
202400031235.0;1;66;66136;2;1;6.0;6.0;42.68164406;2.89413035;2024-04-10 10:25:00
202400031236.0;1;66;66136;1;1;1.0;3.0;42.74375;2.89114;2024-04-09 16:40:00
202400031237.0;3;77;77145;1;2;3.0;3.0;48.591852;2.725913;2024-03-02 19:19:00
202400031238.0;1;65;65440;2;6;1.0;3.0;43.24103261;0.07364448;2024-04-08 10:20:00
202400031239.0;3;73;73285;1;1;4.0;6.0;45.628069;6.834955;2024-02-22 22:00:00
202400031240.0;1;63;63113;2;8;1.0;6.0;45.81315;3.12095;2024-04-10 16:45:00
202400031241.0;1;26;26313;2;2;1.0;3.0;44.964263;4.941085;2024-02-27 07:30:00
202400031242.0;1;62;62894;1;1;1.0;3.0;50.77225394;1.63342232;2024-04-10 12:00:00
202400031243.0;4;64;64430;2;1;2.0;3.0;43.481206;-0.751106;2024-03-03 19:05:00
202400031244.0;1;59;59009;2;1;7.0;1.0;50.6344;3.135114;2024-04-10 12:35:00
202400031245.0;1;60;60612;2;1;1.0;6.0;49.201196;2.581385;2024-03-04 16:30:00
202400031246.0;1;59;59043;2;1;1.0;6.0;50.729355;2.735401;2024-04-10 18:50:00
202400031247.0;5;13;13210;1;1;1.0;2.0;43.286186;5.429743;2024-03-03 18:15:00
202400031248.0;1;59;59043;1;1;1.0;6.0;50.71759;2.80946;2024-04-10 16:20:00
202400031249.0;1;83;83123;1;1;1.0;4.0;43.14472418;5.78567088;2024-03-01 11:35:00
202400031250.0;3;69;69149;1;1;1.0;3.0;45.7181;4.8192;2024-03-02 05:30:00
202400031251.0;1;58;58194;2;3;1.0;3.0;46.9932;3.1282;2024-04-09 19:20:00
202400031252.0;1;57;57480;2;1;1.0;6.0;49.0944;6.1527;2024-04-10 15:35:00
202400031253.0;3;42;42207;1;1;1.0;5.0;45.47754;4.49859;2024-03-02 04:45:00
202400031254.0;4;94;94037;1;1;2.0;3.0;48.81703415;2.33585935;2024-03-03 07:00:00
202400031255.0;1;54;54482;2;3;1.0;2.0;48.70377;6.20495;2024-04-09 17:20:00
202400031256.0;3;91;91553;1;1;2.0;6.0;48.62976;2.4839;2024-03-03 05:30:00
202400031257.0;1;54;54482;2;1;1.0;6.0;48.70418;6.19913;2024-04-09 13:15:00
202400031258.0;3;92;92036;1;1;3.0;2.0;48.93529046;2.28393225;2024-03-02 19:20:00
202400031259.0;1;95;95572;1;1;1.0;2.0;49.03529993;2.09858891;2024-03-03 13:00:00
202400031260.0;1;54;54395;2;3;1.0;2.0;48.67391;6.19445;2024-04-09 13:00:00
202400031261.0;1;54;54547;2;1;1.0;3.0;48.653799;6.1777534;2024-04-09 12:42:00
202400031262.0;1;93;93048;1;1;2.0;4.0;48.873008;2.4352839;2024-02-21 15:20:00
202400031263.0;1;54;54274;2;3;1.0;6.0;48.67268;6.20345;2024-04-09 12:00:00
202400031264.0;3;92;92036;1;1;2.0;3.0;48.94355783;2.28738079;2024-02-02 20:30:00
202400031265.0;1;50;50218;2;1;1.0;2.0;48.8198992;-1.572906;2024-04-10 10:25:00
202400031266.0;3;93;93027;1;1;2.0;3.0;48.92291;2.380704;2024-03-02 21:10:00
202400031267.0;2;49;49007;2;2;1.0;3.0;47.48215;-0.52217;2024-04-10 06:55:00
202400031268.0;3;95;95604;1;1;2.0;1.0;49.10663375;2.55125605;2024-03-02 20:00:00
202400031269.0;1;49;49007;2;1;1.0;3.0;47.474;-0.545;2024-04-09 17:30:00
202400031270.0;1;93;93064;1;1;3.0;7.0;48.87746432;2.47722387;2024-03-02 15:40:00
202400031271.0;3;44;44184;1;1;1.0;2.0;47.29281;-2.27142;2024-04-09 22:00:00
202400031272.0;3;77;77438;1;1;1.0;6.0;48.86262798;2.66812122;2024-03-03 20:10:00
202400031273.0;1;42;42071;2;1;1.0;6.0;46.03142543;4.08263773;2024-04-10 19:05:00
202400031274.0;1;77;77053;1;1;1.0;2.0;48.67520109;2.61068573;2024-03-03 17:40:00
202400031275.0;1;41;41018;2;3;1.0;3.0;47.59539;1.330996;2024-04-09 18:05:00
202400031276.0;1;94;94028;1;1;2.0;5.0;48.78901627;2.44014502;2024-03-03 12:07:00
202400031277.0;2;38;38185;2;7;3.0;6.0;45.20514;5.70078;2024-04-09 07:45:00
202400031278.0;1;94;94022;1;1;3.0;2.0;48.7764277;2.41579932;2024-03-02 16:30:00
202400031279.0;3;77;77169;1;1;3.0;2.0;48.82157566;2.61534427;2024-03-01 20:20:00
202400031280.0;2;37;37261;2;2;1.0;3.0;47.38545;0.6926;2024-04-10 20:38:00
202400031281.0;5;92;92025;2;1;3.0;3.0;48.92632445;2.25309333;2024-03-02 19:25:00
202400031282.0;1;87;87065;2;2;1.0;3.0;45.79253305;1.28214777;2024-02-28 10:27:00
202400031283.0;1;37;37261;2;6;1.0;3.0;47.37807;0.69524;2024-04-10 08:40:00
202400031284.0;3;974;97407;1;1;1.0;7.0;-20.95329;55.31574;2024-03-02 04:00:00
202400031285.0;2;37;37122;1;1;7.0;6.0;47.36745714;0.64133093;2024-04-10 07:10:00
202400031286.0;1;973;97302;1;6;1.0;3.0;4.9078;-52.32232;2024-03-02 06:25:00
202400031287.0;5;69;69382;1;1;1.0;6.0;45.74989;4.82517;2024-03-02 03:45:00
202400031288.0;1;37;37261;2;2;1.0;3.0;47.43265;0.68589;2024-04-09 17:38:00
202400031289.0;1;971;97101;1;1;1.0;5.0;16.23579;-61.52365;2024-02-16 15:45:00
202400031290.0;1;35;35238;2;1;1.0;6.0;48.1048106;-1.68419927;2024-04-10 11:20:00
202400031291.0;1;91;91549;2;1;3.0;2.0;48.62926;2.34146;2024-03-02 11:40:00
202400031292.0;1;84;84031;2;1;1.0;3.0;44.05399;5.05256;2024-02-26 17:25:00
202400031293.0;3;33;33200;2;1;1.0;6.0;44.862369;-0.698857;2024-04-10 23:20:00
202400031294.0;1;30;30011;1;3;1.0;3.0;43.9475;4.78618;2024-03-02 17:20:00
202400031295.0;5;31;31555;2;9;1.0;6.0;43.61272;1.4772;2024-04-10 01:00:00
202400031296.0;1;83;83098;1;1;1.0;6.0;43.1090146;6.00317627;2024-03-01 17:10:00
202400031297.0;1;78;78551;2;5;2.0;3.0;48.89928;2.07394;2024-03-02 14:25:00
202400031298.0;1;31;31555;2;3;2.0;3.0;43.60914;1.43063;2024-04-09 16:25:00
202400031299.0;5;74;74012;2;1;1.0;3.0;46.18591;6.23662;2024-03-02 22:20:00
202400031300.0;1;29;29232;2;1;2.0;6.0;47.99853441;-4.12689746;2024-04-10 10:00:00
202400031301.0;1;71;71076;2;1;1.0;2.0;46.77434069;4.86541461;2024-03-02 17:25:00
202400031302.0;1;29;29019;2;1;1.0;6.0;48.379974;-4.527139;2024-04-09 18:45:00
202400031303.0;1;35;35238;2;3;1.0;6.0;48.10516;-1.70048;2024-01-20 12:15:00
202400031304.0;3;65;65440;2;9;8.0;3.0;43.25351061;0.07248711;2024-03-01 23:22:00
202400031305.0;1;29;29019;2;1;1.0;3.0;48.415282;-4.468221;2024-04-09 08:55:00
202400031306.0;1;34;34172;2;1;1.0;3.0;43.61401;3.83806;2024-01-20 13:20:00
202400031307.0;1;64;64445;2;1;2.0;6.0;43.2968;-0.387;2024-03-02 16:00:00
202400031308.0;1;34;34172;2;1;1.0;2.0;43.62195;3.82329;2024-01-19 16:20:00
202400031309.0;1;28;28134;1;1;1.0;5.0;48.744192;1.342873;2024-04-09 15:35:00
202400031310.0;1;31;31483;2;1;1.0;2.0;43.11267592;0.75328701;2024-01-20 12:00:00
202400031311.0;5;28;28220;2;2;1.0;3.0;48.42686;1.47218;2024-04-10 21:45:00
202400031312.0;1;63;63113;2;1;1.0;3.0;45.7831;3.07561;2024-03-02 15:00:00
202400031313.0;3;63;63014;2;6;1.0;7.0;45.75515524;3.14543724;2024-03-02 01:07:00
202400031314.0;1;28;28220;2;1;1.0;3.0;48.42753;1.46819;2024-01-20 15:45:00
202400031315.0;2;62;62753;1;1;1.0;7.0;50.30763763;2.80556935;2024-03-01 07:00:00
202400031316.0;1;27;27229;2;1;1.0;3.0;49.0158;1.1441;2024-04-10 08:50:00
202400031317.0;1;61;61001;2;1;1.0;6.0;48.41525;0.09423;2024-03-01 17:15:00
202400031318.0;1;26;26362;2;1;1.0;6.0;44.93076;4.92296;2024-04-10 09:40:00
202400031319.0;1;59;59650;2;9;3.0;6.0;50.70985;3.1936;2024-03-02 15:20:00
202400031320.0;5;14;14118;2;2;1.0;3.0;49.18476;-0.36019;2024-01-20 20:35:00
202400031321.0;1;59;59368;2;1;1.0;3.0;50.65042;3.07185;2024-02-12 07:35:00
202400031322.0;1;25;25462;2;2;1.0;6.0;46.90464;6.35224;2024-04-10 08:34:00
202400031323.0;5;59;59043;2;1;2.0;6.0;50.73862077;2.72628621;2024-03-01 23:55:00
202400031324.0;1;14;14118;2;3;9.0;3.0;49.199006;-0.390632;2024-01-19 16:00:00
202400031325.0;5;13;13209;2;1;1.0;6.0;43.250611;5.403256;2024-01-20 05:10:00
202400031326.0;1;11;11069;2;1;1.0;6.0;43.211335;2.330081;2024-01-20 09:40:00
202400031327.0;5;75;75116;2;1;1.0;6.0;48.835539;2.25867;2024-01-20 01:20:00
202400031328.0;1;56;56162;1;1;7.0;6.0;47.72336;-3.48469;2024-03-02 10:50:00
202400031329.0;1;75;75119;2;3;1.0;6.0;48.887969;2.389186;2024-01-19 09:50:00
202400031330.0;1;25;25462;1;6;1.0;3.0;46.900134;6.335107;2024-04-10 08:54:00
202400031331.0;5;54;54395;2;2;2.0;1.0;48.69652;6.19309;2024-03-02 20:00:00
202400031332.0;5;75;75116;2;7;1.0;6.0;48.863217;2.287825;2024-01-19 23:45:00
202400031333.0;1;51;51172;2;3;1.0;2.0;49.21985;4.06584;2024-03-02 12:45:00
202400031334.0;5;75;75115;2;3;1.0;6.0;48.843183;2.304601;2024-01-20 17:40:00
202400031335.0;1;25;25056;2;3;1.0;3.0;47.23187;5.97051;2024-04-10 11:30:00
202400031336.0;5;44;44109;2;1;1.0;6.0;47.21054;-1.55206;2024-03-03 01:40:00
202400031337.0;1;75;75114;2;2;1.0;6.0;48.841925;2.329764;2024-01-20 13:20:00
202400031338.0;3;44;44035;1;1;1.0;1.0;47.25716;-1.54575;2024-03-03 01:00:00
202400031339.0;1;25;25056;2;3;1.0;3.0;47.232;6.008;2024-04-10 10:50:00
202400031340.0;1;38;38185;2;1;8.0;1.0;45.17167;5.72021;2024-03-02 17:50:00
202400031341.0;5;75;75114;2;3;1.0;2.0;48.841421;2.329739;2024-01-20 05:35:00
202400031342.0;1;24;24037;2;1;1.0;6.0;44.85215;0.46864;2024-04-10 13:35:00
202400031343.0;1;22;22187;1;9;8.0;6.0;48.5327;-2.81665;2024-04-10 11:25:00
202400031344.0;1;75;75113;2;3;1.0;7.0;48.825339;2.351065;2024-01-20 14:20:00
202400031345.0;1;37;37261;2;1;3.0;4.0;47.37403;0.69734;2024-03-02 13:54:00
202400031346.0;1;19;19272;2;1;1.0;3.0;45.25437179;1.76356047;2024-03-28 08:25:00
202400031347.0;1;37;37261;2;1;1.0;6.0;47.36772;0.70458;2024-03-01 16:55:00
202400031348.0;1;75;75113;2;2;1.0;6.0;48.82599;2.353648;2024-01-19 08:55:00
202400031349.0;1;13;13209;2;1;1.0;2.0;43.26269;5.41226;2024-04-10 11:22:00
202400031350.0;5;75;75111;2;2;1.0;6.0;48.871867;2.376952;2024-01-20 18:56:00
202400031351.0;1;35;35278;1;6;1.0;3.0;48.14416;-1.65719;2024-03-02 14:15:00
202400031352.0;1;13;13063;2;4;1.0;3.0;43.57637;5.01458;2024-04-10 14:45:00
202400031353.0;5;75;75111;2;2;1.0;2.0;48.865278;2.374501;2024-01-20 00:25:00
202400031354.0;2;11;11069;1;1;2.0;7.0;43.19692;2.35745;2024-04-10 07:00:00
202400031355.0;1;35;35238;1;1;1.0;4.0;48.09880736;-1.71407908;2024-03-02 12:00:00
202400031356.0;1;11;11069;1;1;2.0;6.0;43.20283;2.28101;2024-04-09 16:00:00
202400031357.0;5;31;31555;2;1;1.0;7.0;43.600828;1.456533;2024-03-02 05:25:00
202400031358.0;5;94;94041;2;1;2.0;3.0;48.821623;2.390143;2024-01-20 01:30:00
202400031359.0;2;26;26362;2;1;1.0;1.0;44.9136922;4.8892808;2024-03-02 19:10:00
202400031360.0;1;11;11069;2;1;8.0;1.0;43.20423;2.38262;2024-04-09 08:30:00
202400031361.0;1;94;94033;2;1;1.0;3.0;48.8511;2.47462;2024-01-20 13:26:00
202400031362.0;1;10;10387;2;1;1.0;6.0;48.3074;4.0444;2024-04-09 19:45:00
202400031363.0;3;29;29254;1;1;1.0;6.0;48.5883091;-3.84599105;2024-05-18 05:05:00
202400031364.0;5;25;25056;2;2;1.0;3.0;47.24935;6.00283;2024-03-03 00:58:00
202400031365.0;1;29;29019;2;1;1.0;6.0;48.410377;-4.455064;2024-05-18 09:55:00
202400031366.0;5;94;94017;2;1;8.0;2.0;48.80844;2.55185;2024-01-20 20:10:00
202400031367.0;1;6;6088;2;2;1.0;1.0;43.73698;7.2993;2024-04-10 14:56:00
202400031368.0;1;25;25056;2;6;1.0;3.0;47.21531;5.96129;2024-03-02 14:15:00
202400031369.0;1;29;29019;2;2;1.0;6.0;48.401119;-4.453685;2024-05-18 09:30:00
202400031370.0;1;94;94069;2;1;1.0;2.0;48.81770212;2.45072164;2024-01-20 13:00:00
202400031371.0;1;6;6069;1;1;2.0;2.0;43.63629;6.95657;2024-04-10 19:00:00
202400031372.0;1;27;27375;2;1;1.0;6.0;49.21511;1.16752;2024-05-17 16:40:00
202400031373.0;5;94;94028;2;3;8.0;3.0;48.77707;2.46885;2024-01-19 20:05:00
202400031374.0;1;22;22278;2;1;1.0;4.0;48.50572;-2.74534;2024-03-02 08:45:00
202400031375.0;1;22;22278;2;1;1.0;1.0;48.5201;-2.7636;2024-05-18 13:40:00
202400031376.0;1;6;6069;2;1;1.0;3.0;43.659911;6.921895;2024-04-10 08:05:00
202400031377.0;5;93;93066;2;1;1.0;1.0;48.91545201;2.35961705;2024-01-20 06:45:00
202400031378.0;1;18;18279;2;1;2.0;2.0;47.2356;2.08633;2024-03-02 15:20:00
202400031379.0;1;22;22360;1;1;1.0;2.0;48.48275;-2.69231;2024-05-17 17:37:00
202400031380.0;1;5;5061;1;1;1.0;6.0;44.55285375;6.03464842;2024-03-13 09:00:00
202400031381.0;5;14;14225;2;1;1.0;1.0;49.29387;-0.09174;2024-05-18 22:50:00
202400031382.0;5;93;93064;2;3;1.0;6.0;48.87632296;2.46755229;2024-01-20 21:25:00
202400031383.0;3;11;11069;2;1;3.0;3.0;43.2213461;2.32429504;2024-05-17 22:45:00
202400031384.0;2;75;75119;2;2;1.0;3.0;48.89479;2.382352;2024-04-10 20:50:00
202400031385.0;5;93;93031;2;2;9.0;3.0;48.950101;2.328444;2024-01-20 21:15:00
202400031386.0;5;13;13206;2;3;3.0;3.0;43.29059;5.38334;2024-03-03 00:55:00
202400031387.0;1;75;75119;2;1;1.0;6.0;48.875872;2.401664;2024-04-10 09:20:00
202400031388.0;5;10;10387;2;1;1.0;6.0;48.30952;4.07559;2024-05-19 02:20:00
202400031389.0;5;93;93014;2;2;9.0;6.0;48.90452753;2.54858807;2024-01-20 18:55:00
202400031390.0;5;13;13213;2;1;2.0;1.0;43.33834;5.40741;2024-03-02 23:30:00
202400031391.0;1;93;93005;2;9;1.0;6.0;48.956943;2.475896;2024-01-20 13:20:00
202400031392.0;1;75;75118;2;2;1.0;6.0;48.894064;2.349245;2024-04-10 09:00:00
202400031393.0;1;13;13201;2;9;1.0;2.0;43.294;5.374;2024-03-02 09:15:00
202400031394.0;1;92;92062;2;1;1.0;2.0;48.88721412;2.24964774;2024-01-20 12:50:00
202400031395.0;1;9;9225;1;1;1.0;4.0;43.15070514;1.61644131;2024-05-18 11:10:00
202400031396.0;1;75;75115;2;3;1.0;6.0;48.832651;2.300948;2024-04-10 10:37:00
202400031397.0;5;13;13208;2;1;1.0;1.0;43.25366052;5.37606853;2024-03-02 02:30:00
202400031398.0;5;92;92024;2;9;1.0;6.0;48.89955;2.30516;2024-01-20 18:30:00
202400031399.0;1;75;75110;2;1;1.0;7.0;48.874515;2.357802;2024-04-10 15:05:00
202400031400.0;1;6;6069;2;1;1.0;2.0;43.6492;6.93179;2024-05-18 15:30:00
202400031401.0;1;13;13209;2;1;1.0;2.0;43.24665156;5.39597436;2024-02-18 09:16:00
202400031402.0;1;1;1261;1;4;7.0;3.0;45.972726;4.952361;2024-01-20 16:45:00
202400031403.0;1;6;6123;2;1;1.0;2.0;43.65664;7.17829;2024-05-17 15:17:00
202400031404.0;1;75;75108;2;2;1.0;4.0;48.880761;2.312671;2024-04-10 19:26:00
202400031405.0;3;13;13001;1;1;2.0;1.0;43.51026;5.39592;2024-03-02 18:45:00
202400031406.0;5;5;5023;2;6;1.0;6.0;44.894059;6.633356;2024-05-18 22:55:00
202400031407.0;5;62;62053;2;1;4.0;6.0;50.58791;2.129245;2024-01-20 01:00:00
202400031408.0;1;13;13001;2;1;1.0;2.0;43.49011;5.38516;2024-03-02 06:55:00
202400031409.0;1;75;75108;2;3;1.0;6.0;48.86614;2.307569;2024-04-10 13:50:00
202400031410.0;1;1;1053;2;1;1.0;3.0;46.22511;5.22888;2024-05-17 13:45:00
202400031411.0;1;77;77235;1;1;1.0;6.0;48.978358;3.073211;2024-01-21 08:55:00
202400031412.0;1;11;11262;2;1;1.0;3.0;43.1864198;3.00886452;2024-03-01 16:44:00
202400031413.0;1;75;75120;2;4;1.0;3.0;48.856344;2.413923;2024-05-18 18:55:00
202400031414.0;1;75;75102;2;2;1.0;2.0;48.871895;2.34;2024-04-10 17:44:00
202400031415.0;1;972;97231;2;1;1.0;1.0;14.537228;-61.03417;2024-01-19 16:15:00
202400031416.0;5;6;6069;2;1;2.0;2.0;43.6380524;6.9507353;2024-03-02 19:00:00
202400031417.0;1;75;75114;2;1;1.0;5.0;48.822011;2.316797;2024-05-18 09:55:00
202400031418.0;1;94;94081;2;2;2.0;3.0;48.79861;2.38199;2024-04-09 19:55:00
202400031419.0;3;63;63116;1;1;8.0;6.0;45.98996589;3.04112232;2024-01-21 00:05:00
202400031420.0;1;5;5061;2;1;2.0;2.0;44.56145;6.08249;2024-02-22 10:53:00
202400031421.0;1;94;94068;2;1;1.0;6.0;48.804913;2.472704;2024-04-08 18:15:00
202400031422.0;2;86;86070;1;1;1.0;6.0;46.514162;0.695284;2024-01-20 17:15:00
202400031423.0;1;75;75116;2;1;1.0;5.0;48.870483;2.272529;2024-05-17 19:30:00
202400031424.0;1;5;5023;2;1;2.0;6.0;44.89893;6.63377;2024-03-02 15:00:00
202400031425.0;1;85;85215;2;6;1.0;7.0;46.863899;-1.189034;2024-01-20 14:30:00
202400031426.0;1;93;93078;2;6;1.0;2.0;48.9607;2.55536;2024-04-10 09:00:00
202400031427.0;3;30;30315;1;1;1.0;7.0;43.94901344;4.6982679;2024-01-20 19:35:00
202400031428.0;1;75;75104;2;3;1.0;4.0;48.85260373;2.36725312;2024-05-17 15:10:00
202400031429.0;5;93;93071;2;1;1.0;6.0;48.929403;2.530364;2024-04-10 01:40:00
202400031430.0;1;75;75112;2;1;1.0;2.0;48.830807;2.403154;2024-03-01 13:50:00