Num_Acc;lum;departement;commune;agglomeration;intersection;meteo;type_collision;lat;long;date
202400031431.0;4;75;75120;2;1;1.0;2.0;48.86986;2.400028;2024-05-18 02:15:00
202400031432.0;1;30;30286;1;9;1.0;3.0;43.986033;4.455433;2024-01-21 15:40:00
202400031433.0;2;75;75106;2;5;8.0;6.0;48.850347;2.3426266;2024-03-01 17:20:00
202400031434.0;1;93;93048;2;2;1.0;6.0;48.8649;2.43931;2024-04-10 17:00:00
202400031435.0;5;75;75119;2;3;1.0;3.0;48.884368;2.36692;2024-05-18 22:30:00
202400031436.0;3;62;62817;1;1;4.0;1.0;50.272364;2.809002;2024-01-19 20:40:00
202400031437.0;3;61;61303;1;1;4.0;6.0;48.819001;-0.131278;2024-01-21 03:35:00
202400031438.0;1;75;75116;2;2;1.0;6.0;48.857299;2.27304;2024-05-18 10:30:00
202400031439.0;1;93;93046;2;3;1.0;3.0;48.91786;2.53492;2024-04-10 16:18:00
202400031440.0;1;75;75106;2;4;2.0;3.0;48.845934;2.331394;2024-03-02 15:20:00
202400031441.0;3;56;56040;1;1;1.0;1.0;47.892291;-3.340101;2024-01-20 19:30:00
202400031442.0;1;93;93057;2;1;1.0;6.0;48.903643;2.51272;2024-04-10 17:30:00
202400031443.0;1;11;11206;2;1;7.0;6.0;43.055342;2.216016;2024-01-20 10:00:00
202400031444.0;5;75;75116;2;2;1.0;3.0;48.864127;2.277604;2024-05-18 02:00:00
202400031445.0;2;75;75118;2;8;3.0;6.0;48.898385;2.359397;2024-03-02 16:48:00
202400031446.0;5;75;75116;2;4;1.0;6.0;48.841089;2.265616;2024-05-18 00:05:00
202400031447.0;5;75;75117;2;5;2.0;1.0;48.891867;2.30173;2024-03-02 19:45:00
202400031448.0;5;93;93007;2;3;1.0;3.0;48.9436;2.44442;2024-04-10 21:55:00
202400031449.0;1;75;75115;2;2;1.0;6.0;48.832705;2.288378;2024-05-18 15:40:00
202400031450.0;5;75;75117;2;3;1.0;2.0;48.885379;2.326603;2024-03-02 02:00:00
202400031451.0;1;93;93007;2;1;1.0;3.0;48.92541117;2.46556091;2024-04-10 17:00:00
202400031452.0;1;71;71468;1;1;1.0;3.0;46.843255;4.541261;2024-01-20 17:10:00
202400031453.0;1;75;75112;2;2;1.0;3.0;48.827272;2.464372;2024-05-18 11:30:00
202400031454.0;5;75;75116;2;1;2.0;6.0;48.846925;2.273278;2024-03-01 20:45:00
202400031455.0;1;92;92073;2;1;1.0;2.0;48.86465425;2.21897863;2024-04-10 08:27:00
202400031456.0;1;63;63457;1;3;1.0;1.0;45.645983;3.226697;2024-01-20 17:00:00
202400031457.0;1;75;75115;2;2;3.0;7.0;48.845666;2.287977;2024-03-02 12:10:00
202400031458.0;5;75;75112;2;7;1.0;2.0;48.84669518;2.41382718;2024-05-18 04:40:00
202400031459.0;1;92;92062;2;1;1.0;6.0;48.88620788;2.24576819;2024-04-10 08:44:00
202400031460.0;5;49;49125;2;1;1.0;3.0;47.187456;-0.278403;2024-01-20 20:25:00
202400031461.0;1;75;75110;2;1;1.0;1.0;48.881129;2.363996;2024-05-18 21:00:00
202400031462.0;1;75;75114;2;3;8.0;5.0;48.833396;2.332691;2024-03-01 16:15:00
202400031463.0;3;12;12167;1;1;1.0;7.0;44.21827;1.93104;2024-01-21 01:15:00
202400031464.0;1;75;75110;2;1;1.0;6.0;48.879291;2.357068;2024-05-18 09:55:00
202400031465.0;1;92;92051;2;1;1.0;2.0;48.88143625;2.27073097;2024-04-10 19:00:00
202400031466.0;2;47;47239;1;1;1.0;6.0;44.42783342;0.54649906;2024-01-21 18:30:00
202400031467.0;5;75;75114;2;3;2.0;2.0;48.840563;2.321749;2024-02-29 20:45:00
202400031468.0;1;75;75110;2;3;1.0;2.0;48.868837;2.367636;2024-05-17 20:00:00
202400031469.0;1;92;92020;2;3;2.0;3.0;48.81053041;2.28458869;2024-04-09 13:35:00
202400031470.0;1;44;44005;1;1;2.0;7.0;47.11995;-1.843429;2024-01-21 16:15:00
202400031471.0;2;3;3176;1;1;8.0;6.0;46.383109;3.295013;2024-01-20 07:00:00
202400031472.0;5;75;75104;2;3;2.0;3.0;48.85465;2.362734;2024-03-02 21:50:00
202400031473.0;5;75;75108;2;7;1.0;3.0;48.874605;2.320144;2024-05-17 00:22:00
202400031474.0;1;92;92004;2;1;1.0;4.0;48.91117993;2.29861996;2024-04-09 17:20:00
202400031475.0;3;70;70428;1;1;1.0;2.0;47.647661;6.12908;2024-01-19 17:40:00
202400031476.0;1;75;75107;2;3;1.0;6.0;48.848867;2.312731;2024-05-18 09:25:00
202400031477.0;1;75;75102;2;3;2.0;5.0;48.869908;2.342808;2024-03-02 12:00:00
202400031478.0;3;974;97415;2;1;1.0;3.0;-21.026837;55.228444;2024-04-05 22:20:00
202400031479.0;1;94;94022;2;3;1.0;6.0;48.7685452;2.41968566;2024-05-18 10:40:00
202400031480.0;3;70;70163;1;1;1.0;6.0;47.661247;6.214077;2024-01-20 01:45:00
202400031481.0;1;64;64061;2;1;1.0;7.0;43.400945;-0.569912;2024-04-10 15:00:00
202400031482.0;5;94;94081;2;1;2.0;5.0;48.781931;2.416923;2024-03-01 23:20:00
202400031483.0;1;72;72035;1;2;7.0;3.0;47.827966;0.690258;2024-01-20 14:22:00
202400031484.0;1;93;93050;2;2;1.0;1.0;48.857235;2.531303;2024-05-18 10:45:00
202400031485.0;5;94;94068;2;6;2.0;6.0;48.80238365;2.49192533;2024-03-02 02:05:00
202400031486.0;3;14;14591;1;1;9.0;6.0;49.332925;-0.802176;2024-01-21 00:15:00
202400031487.0;2;38;38105;1;1;1.0;5.0;45.405237;5.553417;2024-04-10 19:01:00
202400031488.0;5;93;93049;2;2;1.0;3.0;48.872312;2.507774;2024-05-18 00:40:00
202400031489.0;5;94;94041;2;2;2.0;3.0;48.81932;2.3927;2024-03-02 19:35:00
202400031490.0;1;56;56165;1;1;1.0;6.0;47.919635;-2.405357;2024-04-11 12:20:00
202400031491.0;1;93;93031;2;2;1.0;6.0;48.96171;2.29543;2024-05-18 14:40:00
202400031492.0;2;5;5017;1;4;1.0;1.0;44.56276;6.198097;2024-01-16 07:40:00
202400031493.0;1;74;74010;2;1;1.0;6.0;45.883431;6.142033;2024-04-11 11:57:00
202400031494.0;1;64;64010;1;1;1.0;3.0;43.355172;-1.022286;2024-01-20 17:15:00
202400031495.0;5;94;94046;2;3;2.0;1.0;48.80929;2.45362;2024-03-02 19:40:00
202400031496.0;5;93;93031;2;2;1.0;3.0;48.95013;2.32861;2024-05-17 23:12:00
202400031497.0;1;77;77026;1;1;1.0;7.0;48.583229;3.425707;2024-04-10 18:30:00
202400031498.0;1;7;7009;1;1;1.0;6.0;45.217266;4.803289;2024-01-21 14:45:00
202400031499.0;5;92;92077;2;1;1.0;6.0;48.82833763;2.19035733;2024-05-17 22:05:00
202400031500.0;2;94;94017;2;1;2.0;2.0;48.8160224;2.48801681;2024-03-02 06:10:00
202400031501.0;1;92;92048;2;9;1.0;2.0;48.81773904;2.23023051;2024-05-18 14:10:00
202400031502.0;3;40;40230;2;1;1.0;6.0;43.784205;-0.925502;2024-01-21 07:16:00
202400031503.0;5;92;92026;2;1;1.0;6.0;48.89773201;2.25669426;2024-05-18 04:30:00
202400031504.0;1;93;93070;2;1;2.0;2.0;48.91481;2.32326;2024-03-02 13:00:00
202400031505.0;1;40;40248;1;1;1.0;6.0;43.56944;-1.375811;2024-01-21 15:11:00
202400031506.0;1;49;49125;1;1;1.0;2.0;47.180182;-0.307885;2024-04-10 13:25:00
202400031507.0;1;93;93066;2;1;3.0;3.0;48.925988;2.36343;2024-03-02 19:10:00
202400031508.0;3;24;24408;1;1;1.0;1.0;45.316871;0.794696;2024-01-20 20:45:00
202400031509.0;1;68;68182;1;1;1.0;1.0;47.511636;7.48596;2024-04-11 16:08:00
202400031510.0;1;63;63026;2;1;1.0;2.0;45.66502248;2.98118585;2024-05-18 16:03:00
202400031511.0;1;28;28391;1;1;1.0;6.0;48.188908;1.916283;2024-01-20 13:05:00
202400031512.0;1;93;93057;2;2;2.0;3.0;48.904284;2.504715;2024-03-02 13:30:00
202400031513.0;2;39;39510;1;1;1.0;2.0;46.362108;5.895184;2024-04-10 20:20:00
202400031514.0;5;83;83154;2;1;1.0;6.0;43.506544;6.287809;2024-05-19 03:00:00
202400031515.0;3;93;93005;2;2;3.0;3.0;48.95621127;2.49595106;2024-03-02 12:45:00
202400031516.0;1;41;41208;1;1;2.0;7.0;47.608362;1.047263;2024-05-18 16:40:00
202400031517.0;1;38;38399;2;1;3.0;5.0;45.502927;5.125779;2024-04-09 08:00:00
202400031518.0;3;80;80318;1;1;1.0;5.0;50.025401;2.100175;2024-01-21 06:00:00
202400031519.0;5;93;93005;2;1;2.0;2.0;48.931421;2.497178;2024-03-02 22:00:00
202400031520.0;1;18;18148;1;1;1.0;7.0;47.203119;2.034627;2024-01-21 14:55:00
202400031521.0;2;972;97207;1;1;1.0;1.0;14.566066;-60.965012;2024-05-18 05:15:00
202400031522.0;1;92;92046;2;3;3.0;3.0;48.81921697;2.30151737;2024-03-02 15:00:00
202400031523.0;1;1;1273;2;3;1.0;3.0;46.074131;5.376311;2024-04-11 16:35:00
202400031524.0;5;987;98745;1;1;1.0;6.0;-16.578421;-151.516078;2024-01-20 00:40:00
202400031525.0;3;972;97227;1;1;2.0;2.0;14.46989;-60.944649;2024-05-18 22:00:00
202400031526.0;1;34;34172;1;1;1.0;7.0;43.60256;3.924222;2024-01-20 15:00:00
202400031527.0;1;88;88115;2;1;2.0;6.0;48.176659;6.880118;2024-05-18 18:30:00
202400031528.0;1;92;92033;2;6;2.0;3.0;48.83847492;2.1867156;2024-03-02 14:32:00
202400031529.0;1;7;7078;2;3;1.0;3.0;45.253086;4.696639;2024-04-11 11:25:00
202400031530.0;3;28;28169;1;1;1.0;2.0;48.432497;1.904154;2024-01-21 00:10:00
202400031531.0;3;35;35152;1;1;1.0;2.0;48.217868;-1.50768;2024-05-18 04:00:00
202400031532.0;1;24;24309;1;9;1.0;3.0;45.07475539;0.44741057;2024-05-17 09:45:00
202400031533.0;1;53;53062;1;1;1.0;1.0;47.793279;-0.708414;2024-04-10 15:25:00
202400031534.0;3;77;77343;1;1;1.0;3.0;49.02934274;3.05213928;2024-01-20 19:50:00
202400031535.0;5;92;92012;2;2;1.0;3.0;48.8350084;2.24128515;2024-03-02 01:40:00
202400031536.0;1;56;56175;2;1;1.0;1.0;47.73946;-2.915851;2024-05-19 09:20:00
202400031537.0;3;2B;2B055;1;1;1.0;6.0;42.508473;9.321835;2024-01-21 06:20:00
202400031538.0;1;30;30073;1;1;1.0;2.0;43.95244169;4.56698871;2024-04-11 08:35:00
202400031539.0;5;54;54397;2;1;1.0;6.0;48.620765;6.106467;2024-01-20 03:35:00
202400031540.0;3;39;39271;2;1;1.0;1.0;46.611575;6.006067;2024-03-02 23:10:00
202400031541.0;1;56;56251;1;1;1.0;2.0;47.630694;-2.640957;2024-05-19 08:20:00
202400031542.0;5;42;42304;2;1;1.0;6.0;45.539833;4.183839;2024-01-21 04:20:00
202400031543.0;1;34;34116;2;6;1.0;3.0;43.643876;3.822657;2024-04-05 16:45:00
202400031544.0;1;69;69066;2;2;1.0;7.0;46.119905;4.342687;2024-05-19 17:27:00
202400031545.0;1;52;52469;1;1;1.0;7.0;48.08629773;5.01815557;2024-03-03 13:00:00
202400031546.0;1;42;42304;2;1;2.0;3.0;45.5443196;4.18940373;2024-01-19 12:20:00
202400031547.0;1;32;32242;1;1;1.0;7.0;43.447486;0.578703;2024-05-19 08:40:00
202400031548.0;4;987;98715;2;3;1.0;1.0;-17.560349;-149.593996;2024-04-10 20:20:00
202400031549.0;2;22;22042;1;1;1.0;1.0;48.754654;-3.312786;2024-05-19 04:40:00
202400031550.0;1;80;80421;1;1;1.0;2.0;49.767227;2.795999;2024-01-21 10:15:00
202400031551.0;1;38;38212;2;1;1.0;6.0;45.089297;5.901761;2024-04-10 19:15:00
202400031552.0;1;29;29197;2;1;1.0;1.0;48.01509335;-4.49169;2024-04-25 19:55:00
202400031553.0;1;59;59315;1;1;9.0;3.0;50.30502;3.774319;2024-01-20 15:55:00
202400031554.0;1;1;1363;1;1;1.0;3.0;46.043053;5.366017;2024-04-11 08:10:00
202400031555.0;1;38;38265;2;1;8.0;2.0;44.955202;5.751573;2024-05-18 18:00:00
202400031556.0;3;13;13214;1;1;1.0;2.0;43.32477293;5.37850846;2024-01-19 18:15:00
202400031557.0;5;13;13045;2;1;1.0;1.0;43.852981;4.770864;2024-05-19 02:05:00
202400031558.0;1;34;34295;1;1;1.0;2.0;43.564429;3.803297;2024-04-11 08:40:00
202400031559.0;1;2;2558;1;1;1.0;7.0;50.006105;3.88091;2024-05-19 16:45:00
202400031560.0;2;94;94021;1;1;1.0;3.0;48.76224266;2.34059909;2024-01-20 17:00:00
202400031561.0;1;13;13037;1;1;1.0;3.0;43.561642;5.228119;2024-04-09 10:45:00
202400031562.0;1;91;91689;1;1;1.0;2.0;48.74124;2.32094;2024-01-20 10:50:00
202400031563.0;3;14;14057;1;1;1.0;6.0;49.108591;-0.265579;2024-05-19 01:15:00
202400031564.0;1;34;34123;2;9;1.0;6.0;43.618435;3.792;2024-04-11 08:00:00
202400031565.0;2;91;91086;1;1;1.0;6.0;48.624998;2.395532;2024-01-20 07:45:00
202400031566.0;1;50;50076;2;3;1.0;7.0;48.903765;-1.564742;2024-05-19 11:25:00
202400031567.0;1;987;98714;1;1;1.0;3.0;-16.492619;-151.750464;2024-04-10 11:30:00
202400031568.0;2;94;94018;1;1;1.0;4.0;48.82320034;2.39580432;2024-01-19 19:00:00
202400031569.0;5;50;50082;2;4;1.0;1.0;49.473196;-1.627623;2024-05-18 22:45:00
202400031570.0;1;988;98818;2;1;1.0;1.0;-22.30511;166.45926;2024-01-20 08:37:00
202400031571.0;1;83;83007;1;1;1.0;1.0;43.64681336;6.22300327;2024-05-19 16:00:00
202400031572.0;1;973;97302;2;6;1.0;2.0;4.93129569;-52.33001053;2024-01-19 09:33:00
202400031573.0;1;988;98821;1;1;1.0;7.0;-22.16452;166.39024;2024-04-10 16:00:00
202400031574.0;3;60;60471;1;1;1.0;7.0;49.577426;2.982316;2024-05-19 03:30:00
202400031575.0;1;33;33165;1;1;1.0;3.0;44.825926;-0.424197;2024-04-11 07:20:00
202400031576.0;4;973;97302;2;3;1.0;3.0;4.93803;-52.30632;2024-01-18 21:59:00
202400031577.0;1;18;18164;1;2;1.0;3.0;46.843066;2.981951;2024-05-18 17:00:00
202400031578.0;3;66;66176;1;1;1.0;7.0;42.795279;2.957055;2024-04-10 22:20:00
202400031579.0;1;69;69385;2;2;1.0;7.0;45.75958596;4.79583129;2024-01-19 08:45:00
202400031580.0;2;83;83047;2;6;7.0;6.0;43.155074;6.06941;2024-04-11 19:30:00
202400031581.0;1;7;7129;1;4;1.0;1.0;44.996793;4.605846;2024-05-19 10:10:00
202400031582.0;1;971;97105;2;1;1.0;3.0;15.99928;-61.72161;2024-01-18 15:11:00
202400031583.0;1;13;13066;1;1;9.0;3.0;43.840594;4.883122;2024-04-11 07:20:00
202400031584.0;3;91;91161;2;1;1.0;6.0;48.71308;2.29992;2024-01-19 05:10:00
202400031585.0;1;17;17235;2;1;1.0;7.0;45.804258;-0.399376;2024-05-19 07:10:00
202400031586.0;3;23;23025;1;1;1.0;6.0;46.323216;1.897084;2024-05-19 04:00:00
202400031587.0;2;91;91097;2;1;1.0;3.0;48.68947;2.52549;2024-01-19 08:00:00
202400031588.0;1;13;13027;2;3;6.0;1.0;43.880959;4.860474;2024-04-10 12:00:00
202400031589.0;1;87;87103;1;1;1.0;1.0;46.001098;1.182522;2024-05-18 17:20:00
202400031590.0;3;26;26165;1;1;6.0;7.0;44.797124;4.844713;2024-04-11 04:00:00
202400031591.0;1;91;91228;2;3;1.0;3.0;48.6223;2.41699;2024-01-19 14:40:00
202400031592.0;5;91;91228;2;1;1.0;6.0;48.6301;2.43512;2024-01-16 18:00:00
202400031593.0;1;91;91223;1;1;1.0;7.0;48.4257;2.15413;2024-01-19 12:55:00
202400031594.0;1;30;30133;2;3;7.0;3.0;43.550931;4.124127;2024-05-16 15:45:00
202400031595.0;1;68;68300;1;3;1.0;3.0;47.774356;7.379926;2024-04-10 16:25:00
202400031596.0;5;84;84007;2;1;1.0;6.0;43.94846;4.80087;2024-01-03 18:45:00
202400031597.0;1;67;67324;1;1;1.0;7.0;48.95495865;7.68732639;2024-05-01 19:00:00
202400031598.0;1;83;83137;2;1;1.0;6.0;43.12597;5.93887;2024-01-18 14:15:00
202400031599.0;1;42;42261;1;4;1.0;1.0;45.717666;4.36758;2024-04-11 16:50:00
202400031600.0;1;73;73068;1;1;1.0;6.0;45.56334908;6.20657533;2024-05-18 06:40:00
202400031601.0;1;79;79048;1;1;8.0;1.0;46.382154;-0.270603;2024-04-11 11:05:00
202400031602.0;1;14;14258;2;1;2.0;7.0;48.890249;-0.19565;2024-04-09 09:30:00
202400031603.0;5;77;77458;2;4;2.0;6.0;48.18795;2.73569;2024-01-18 18:53:00
202400031604.0;1;69;69244;2;1;1.0;2.0;45.75506;4.774671;2024-05-19 20:10:00
202400031605.0;5;13;13206;1;9;1.0;7.0;43.29124;5.36627;2024-04-10 03:42:00
202400031606.0;4;76;76705;2;6;5.0;6.0;49.33211;1.09986;2024-01-19 22:17:00
202400031607.0;5;76;76351;2;2;4.0;3.0;49.524174;0.122858;2024-01-18 02:36:00
202400031608.0;1;33;33122;1;1;1.0;2.0;44.723269;-0.734882;2024-04-09 19:50:00
202400031609.0;1;6;6085;2;1;1.0;3.0;43.581357;6.997969;2024-05-17 16:00:00
202400031610.0;1;72;72181;1;1;1.0;2.0;47.94626;0.20746;2024-01-19 14:20:00
202400031611.0;1;33;33122;1;1;1.0;2.0;44.74388;-0.70516;2024-04-09 17:45:00
202400031612.0;1;14;14012;1;1;1.0;6.0;49.243317;-0.020857;2024-05-18 12:45:00
202400031613.0;1;72;72181;2;1;1.0;6.0;47.97293;0.21658;2024-01-19 13:00:00
202400031614.0;3;72;72181;1;1;9.0;7.0;48.01944;0.20408;2024-01-18 21:45:00
202400031615.0;5;971;97103;1;1;1.0;2.0;16.253602;-61.574528;2024-05-18 22:00:00
202400031616.0;1;91;91689;1;1;1.0;4.0;48.72665;2.31363;2024-04-10 19:25:00
202400031617.0;1;69;69264;2;1;1.0;3.0;45.97889;4.71813;2024-01-19 14:35:00
202400031618.0;1;91;91174;1;1;1.0;2.0;48.61187;2.4485;2024-04-10 17:55:00
202400031619.0;1;973;97310;1;1;2.0;3.0;4.387148;-52.308998;2024-05-18 16:00:00
202400031620.0;1;69;69290;1;3;1.0;3.0;45.70349;4.91463;2024-01-19 15:40:00
202400031621.0;1;92;92048;1;1;1.0;3.0;48.79291841;2.21929169;2024-04-09 08:40:00
202400031622.0;3;973;97305;1;1;2.0;1.0;5.069341;-52.541428;2024-05-19 05:30:00
202400031623.0;2;93;93064;1;1;1.0;7.0;48.88562499;2.4728678;2024-04-10 20:30:00
202400031624.0;1;69;69290;2;3;2.0;3.0;45.7022207;4.90120606;2024-01-18 15:40:00
202400031625.0;1;971;97116;2;1;1.0;2.0;16.322883;-61.439034;2024-05-19 10:15:00
202400031626.0;1;95;95394;1;1;1.0;3.0;49.05235925;2.184649;2024-04-10 19:45:00
202400031627.0;1;66;66136;1;6;1.0;2.0;42.67970752;2.91733608;2024-01-18 14:50:00
202400031628.0;3;971;97134;1;1;1.0;1.0;16.043133;-61.755459;2024-05-18 20:50:00
202400031629.0;1;92;92036;1;1;1.0;2.0;48.93863106;2.3014909;2024-04-10 10:15:00
202400031630.0;3;63;63103;2;1;4.0;6.0;45.92553;3.06351;2024-01-18 18:13:00
202400031631.0;1;83;83106;1;1;1.0;6.0;43.319792;6.06662;2024-05-19 06:10:00
202400031632.0;1;95;95527;1;1;1.0;6.0;49.02172295;2.53461784;2024-04-10 08:00:00
202400031633.0;1;62;62771;2;1;7.0;6.0;50.42625;2.8517;2024-01-16 12:30:00
202400031634.0;3;56;56162;1;1;8.0;6.0;47.719997;-3.41542;2024-01-19 07:10:00
202400031635.0;1;13;13099;1;4;1.0;2.0;43.664659;5.75424;2024-05-18 11:05:00
202400031636.0;1;77;77146;1;1;1.0;3.0;48.83227;2.65864;2024-04-10 09:00:00
202400031637.0;1;71;71150;2;3;1.0;6.0;46.248792;4.787416;2024-05-18 17:06:00
202400031638.0;3;88;88160;1;9;2.0;7.0;48.148231;6.490904;2024-05-18 23:30:00
202400031639.0;1;56;56121;2;6;1.0;3.0;47.75504;-3.35455;2024-01-18 15:40:00
202400031640.0;1;88;88253;2;6;1.0;7.0;48.199979;6.478372;2024-05-17 18:40:00
202400031641.0;1;974;97411;1;3;1.0;3.0;-20.91111;55.49929;2024-04-09 07:35:00
202400031642.0;3;54;54351;1;1;1.0;6.0;48.78665061;6.12344027;2024-05-18 22:20:00
202400031643.0;1;56;56121;2;3;7.0;3.0;47.753581;-3.365898;2024-01-18 12:20:00
202400031644.0;1;63;63470;2;1;1.0;6.0;45.87337258;3.03843856;2024-05-19 09:00:00
202400031645.0;1;974;97411;2;2;1.0;5.0;-20.88148;55.44955;2024-04-08 12:30:00
202400031646.0;3;38;38223;2;1;1.0;7.0;45.568818;5.280454;2024-05-19 01:00:00
202400031647.0;2;54;54495;1;6;2.0;4.0;48.698977;6.243035;2024-01-18 07:55:00
202400031648.0;5;69;69287;2;3;1.0;6.0;45.69528331;5.01822842;2024-05-19 02:28:00
202400031649.0;1;974;97407;1;1;1.0;3.0;-20.95935936;55.32171679;2024-04-09 15:50:00
202400031650.0;5;53;53130;2;6;1.0;3.0;48.07342;-0.76792;2024-01-19 19:10:00
202400031651.0;1;33;33056;1;3;1.0;1.0;44.898976;-0.639841;2024-05-18 08:00:00
202400031652.0;1;974;97407;2;9;1.0;3.0;-20.94;55.29;2024-04-07 06:20:00
202400031653.0;1;51;51454;2;2;4.0;2.0;49.26231;4.01754;2024-01-19 09:04:00
202400031654.0;3;56;56152;1;1;1.0;6.0;47.333231;-3.183664;2024-05-19 02:30:00
202400031655.0;1;973;97302;2;6;2.0;7.0;4.92498;-52.32363;2024-04-09 17:50:00
202400031656.0;1;69;69387;2;4;2.0;7.0;45.75047;4.84492;2024-04-09 19:22:00
202400031657.0;1;2;2381;1;3;1.0;6.0;49.932208;4.104472;2024-05-19 18:25:00
202400031658.0;5;49;49099;2;4;1.0;3.0;47.04932;-0.86618;2024-01-18 18:45:00
202400031659.0;1;59;59031;2;3;1.0;3.0;50.27469;3.81662;2024-05-18 17:25:00
202400031660.0;1;49;49007;2;1;1.0;6.0;47.49109;-0.52963;2024-01-19 13:10:00
202400031661.0;1;69;69388;2;2;2.0;1.0;45.74129;4.8619;2024-04-09 10:00:00
202400031662.0;1;13;13207;1;1;1.0;7.0;43.29086;5.36445;2024-05-18 15:50:00
202400031663.0;1;49;49007;2;1;1.0;2.0;47.4437;-0.53554;2024-01-18 13:10:00
202400031664.0;1;972;97213;2;1;1.0;2.0;14.63294;-61.00808;2024-04-09 07:40:00
202400031665.0;1;13;13015;1;1;1.0;2.0;43.42801022;5.38616758;2024-05-17 19:30:00
202400031666.0;3;45;45169;2;3;1.0;6.0;47.931968;1.833781;2024-01-19 07:00:00
202400031667.0;1;972;97209;2;3;1.0;3.0;14.60356;-61.07302;2024-04-09 16:55:00
202400031668.0;1;44;44184;2;1;1.0;4.0;47.26529;-2.25694;2024-01-19 13:55:00
202400031669.0;1;13;13071;1;1;1.0;2.0;43.40425;5.34205;2024-05-17 17:30:00
202400031670.0;1;69;69384;2;1;8.0;1.0;45.77218;4.81605;2024-04-09 12:30:00
202400031671.0;5;44;44114;2;3;1.0;6.0;47.25062;-1.57685;2024-01-19 18:05:00
202400031672.0;1;13;13117;1;1;1.0;3.0;43.43203191;5.25786355;2024-05-17 16:00:00
202400031673.0;1;2B;2B037;2;1;8.0;2.0;42.61666;9.41667;2024-04-09 08:35:00
202400031674.0;1;37;37261;2;1;1.0;2.0;47.41840391;0.71780205;2024-01-19 16:10:00
202400031675.0;3;83;83126;1;1;1.0;6.0;43.11962832;5.85873668;2024-05-17 03:30:00
202400031676.0;1;2B;2B033;2;1;1.0;5.0;42.6748;9.4351;2024-04-08 16:30:00
202400031677.0;5;37;37208;2;2;9.0;3.0;47.35297;0.73293;2024-01-19 07:30:00
202400031678.0;1;95;95585;2;1;1.0;6.0;48.98445347;2.3903203;2024-04-08 18:00:00
202400031679.0;5;35;35238;2;1;1.0;6.0;48.097424;-1.688606;2024-01-20 01:00:00
202400031680.0;1;33;33143;1;1;1.0;4.0;44.954763;-0.454811;2024-05-18 12:14:00
202400031681.0;1;91;91103;2;9;8.0;6.0;48.609457;2.304997;2024-04-08 11:40:00
202400031682.0;1;35;35238;2;1;1.0;2.0;48.12406636;-1.68161228;2024-01-19 15:15:00
202400031683.0;1;94;94038;1;1;1.0;5.0;48.77342126;2.34590575;2024-05-18 10:40:00
202400031684.0;1;91;91326;2;1;1.0;3.0;48.69727;2.37164;2024-04-09 20:20:00
202400031685.0;5;34;34172;2;1;1.0;2.0;43.59988;3.86692;2024-01-18 23:00:00
202400031686.0;1;51;51217;1;3;1.0;5.0;49.084168;3.657417;2024-07-24 08:00:00
202400031687.0;1;93;93066;1;1;1.0;2.0;48.93163435;2.37061507;2024-05-18 09:20:00
202400031688.0;5;29;29232;2;1;1.0;7.0;47.99258;-4.08938;2024-01-19 20:10:00
202400031689.0;5;91;91174;2;1;1.0;3.0;48.61422;2.4592;2024-04-09 22:40:00
202400031690.0;3;93;93048;1;1;1.0;2.0;48.87194401;2.43325545;2024-05-18 00:15:00
202400031691.0;1;29;29232;2;1;1.0;3.0;47.97909029;-4.07440816;2024-01-19 15:30:00
202400031692.0;2;90;90099;2;2;1.0;3.0;47.663089;6.840366;2024-04-07 19:10:00
202400031693.0;1;95;95277;1;1;1.0;2.0;48.95556079;2.45851994;2024-05-17 07:30:00
202400031694.0;1;29;29019;2;3;3.0;6.0;48.416723;-4.460131;2024-01-17 11:30:00
202400031695.0;1;83;83086;1;3;1.0;2.0;43.46864;6.564346;2024-07-25 09:50:00
202400031696.0;5;94;94052;1;1;1.0;6.0;48.83727523;2.49396111;2024-05-18 03:10:00
202400031697.0;2;87;87085;2;2;2.0;6.0;45.83187;1.26399;2024-04-08 07:25:00
202400031698.0;1;13;13106;2;1;1.0;2.0;43.38701;5.35212;2024-02-17 12:30:00
202400031699.0;1;87;87085;2;1;1.0;1.0;45.82078;1.25746;2024-04-07 19:50:00
202400031700.0;5;25;25056;2;1;1.0;1.0;47.22145;5.95876;2024-01-19 22:05:00
202400031701.0;3;988;98818;2;1;2.0;6.0;-22.26299;166.4428;2024-05-17 18:51:00
202400031702.0;3;22;22360;2;1;9.0;6.0;48.47669;-2.77126;2024-01-19 04:50:00
202400031703.0;1;87;87085;2;1;1.0;6.0;45.8832;1.28468;2024-04-07 11:23:00
202400031704.0;1;26;26010;1;2;1.0;2.0;45.276663;4.910315;2024-07-25 16:40:00
202400031705.0;1;987;98736;2;9;1.0;2.0;-17.532288;-149.553122;2024-05-17 08:10:00
202400031706.0;1;14;14118;2;1;1.0;7.0;49.18189;-0.37372;2024-01-19 14:45:00
202400031707.0;1;84;84007;2;1;8.0;6.0;43.94784;4.81829;2024-04-09 14:44:00
202400031708.0;1;976;97611;2;1;1.0;7.0;-12.771;45.222;2024-05-17 12:20:00
202400031709.0;1;38;38419;1;1;1.0;6.0;44.840047;5.613112;2024-07-25 10:00:00
202400031710.0;3;13;13019;1;1;1.0;1.0;43.43489;5.34043;2024-01-19 19:30:00
202400031711.0;1;83;83069;1;9;2.0;2.0;43.12237131;6.16163707;2024-04-09 09:15:00
202400031712.0;5;974;97416;2;3;1.0;3.0;-21.337;55.473;2024-05-17 20:30:00