Num_Acc;lum;departement;commune;agglomeration;intersection;meteo;type_collision;lat;long;date
202400031713.0;5;13;13210;2;1;1.0;3.0;43.279473;5.411274;2024-01-19 21:05:00
202400031714.0;5;974;97411;2;1;1.0;7.0;-20.89935;55.47916;2024-05-18 01:40:00
202400031715.0;2;81;81004;2;1;8.0;4.0;43.92835;2.19696;2024-04-09 08:00:00
202400031716.0;1;13;13208;2;9;1.0;3.0;43.26981;5.3868;2024-01-19 09:00:00
202400031717.0;3;80;80021;1;1;3.0;7.0;49.927;2.319;2024-04-08 20:50:00
202400031718.0;1;56;56102;1;1;1.0;7.0;47.96888;-2.60884;2024-07-13 08:40:00
202400031719.0;5;13;13213;2;1;1.0;3.0;43.32345;5.4193;2024-01-18 23:00:00
202400031720.0;5;974;97411;2;2;1.0;1.0;-20.89196;55.482;2024-05-16 20:00:00
202400031721.0;1;80;80021;2;2;1.0;3.0;49.88654;2.30174;2024-04-08 13:00:00
202400031722.0;4;13;13201;2;2;1.0;3.0;43.29245;5.3749;2024-01-18 06:55:00
202400031723.0;1;2B;2B050;2;1;1.0;1.0;42.554187;8.764526;2024-07-25 20:15:00
202400031724.0;1;78;78440;2;1;1.0;6.0;48.98792;1.89683;2024-04-08 18:30:00
202400031725.0;1;973;97302;2;3;2.0;3.0;4.93704525;-52.31510952;2024-05-17 09:10:00
202400031726.0;3;13;13001;1;1;1.0;7.0;43.52808;5.3519;2024-01-19 19:15:00
202400031727.0;1;11;11069;2;1;1.0;6.0;43.21451;2.34747;2024-01-19 17:10:00
202400031728.0;1;973;97302;2;1;1.0;5.0;4.93399362;-52.32427293;2024-05-15 12:32:00
202400031729.0;1;77;77288;1;3;1.0;6.0;48.54151;2.65097;2024-04-09 17:40:00
202400031730.0;1;6;6088;2;1;1.0;6.0;43.7251394;7.2885008;2024-01-19 08:10:00
202400031731.0;1;80;80005;1;2;1.0;3.0;50.168099;2.094108;2024-07-24 10:30:00
202400031732.0;5;972;97213;1;1;1.0;3.0;14.614957;-61.010148;2024-05-16 21:26:00
202400031733.0;1;73;73008;2;2;1.0;3.0;45.69464;5.9102;2024-04-08 14:58:00
202400031734.0;1;6;6123;2;1;1.0;3.0;43.67886;7.18859;2024-01-18 08:30:00
202400031735.0;5;73;73008;2;6;2.0;3.0;45.69665;5.90755;2024-04-03 06:48:00
202400031736.0;5;75;75114;2;1;1.0;2.0;48.820562;2.323112;2024-01-18 21:00:00
202400031737.0;1;971;97101;1;3;1.0;3.0;16.24474;-61.52401;2024-05-15 11:40:00
202400031738.0;1;32;32107;1;1;1.0;5.0;43.962295;0.387134;2024-07-25 08:45:00
202400031739.0;1;75;75119;2;3;1.0;3.0;48.887019;2.372106;2024-01-19 15:30:00
202400031740.0;1;72;72181;1;9;1.0;7.0;48.0287;0.18071;2024-04-08 20:40:00
202400031741.0;1;95;95585;1;1;1.0;4.0;48.98256408;2.37009995;2024-05-17 17:30:00
202400031742.0;5;75;75118;2;2;1.0;1.0;48.892521;2.34431;2024-01-19 02:50:00
202400031743.0;1;71;71153;2;1;2.0;2.0;46.8012835;4.41024363;2024-04-09 12:15:00
202400031744.0;5;95;95555;2;1;1.0;3.0;48.96470399;2.28671274;2024-05-17 23:08:00
202400031745.0;1;11;11045;1;1;1.0;7.0;43.002544;2.162569;2024-07-24 10:45:00
202400031746.0;3;75;75117;2;4;1.0;7.0;48.886662;2.29048;2024-01-19 20:20:00
202400031747.0;1;69;69290;2;1;1.0;6.0;45.70551;4.92099;2024-04-09 15:40:00
202400031748.0;3;95;95127;2;6;1.0;6.0;49.05317997;2.03233469;2024-05-16 23:00:00
202400031749.0;1;75;75112;2;1;1.0;3.0;48.838314;2.376739;2024-01-18 10:00:00
202400031750.0;3;69;69029;2;1;3.0;3.0;45.74882;4.90199;2024-04-09 03:50:00
202400031751.0;1;91;91201;2;3;1.0;3.0;48.68192;2.43064;2024-05-17 15:42:00
202400031752.0;5;75;75110;2;2;1.0;3.0;48.881114;2.365181;2024-01-21 07:14:00
202400031753.0;1;63;63148;1;3;5.0;3.0;45.891642;3.241621;2024-07-25 06:25:00
202400031754.0;1;69;69259;2;1;1.0;3.0;45.71621555;4.87127205;2024-04-08 18:10:00
202400031755.0;1;91;91326;2;3;1.0;6.0;48.686101;2.378953;2024-05-17 12:10:00
202400031756.0;5;75;75108;2;2;1.0;1.0;48.874592;2.296958;2024-01-19 00:35:00
202400031757.0;1;91;91326;2;1;1.0;3.0;48.693698;2.379385;2024-05-17 09:55:00
202400031758.0;1;67;67482;2;1;1.0;3.0;48.58791;7.75756;2024-04-08 14:30:00
202400031759.0;1;89;89387;2;1;1.0;6.0;48.19554;3.28138;2024-05-16 12:00:00
202400031760.0;2;64;64445;2;1;1.0;6.0;43.33155;-0.36312;2024-04-09 20:00:00
202400031761.0;1;41;41059;1;1;1.0;1.0;47.411209;1.399791;2024-07-24 11:00:00
202400031762.0;5;75;75103;2;2;1.0;6.0;48.859944;2.360767;2024-01-19 00:45:00
202400031763.0;1;88;88160;1;1;1.0;1.0;48.14914711;6.47398353;2024-05-17 20:40:00
202400031764.0;5;75;75103;2;1;1.0;2.0;48.860824;2.362398;2024-01-18 19:30:00
202400031765.0;4;87;87065;1;1;1.0;3.0;45.80622;1.29772;2024-05-16 22:45:00
202400031766.0;1;44;44108;1;1;1.0;3.0;47.1420615;-1.2838495;2024-06-26 19:25:00
202400031767.0;1;64;64269;1;1;8.0;4.0;43.29578;-0.31718;2024-04-08 18:20:00
202400031768.0;1;94;94081;2;1;1.0;3.0;48.80116;2.37968;2024-01-19 12:40:00
202400031769.0;1;84;84035;1;9;1.0;3.0;43.878598;4.979138;2024-05-17 10:50:00
202400031770.0;5;94;94042;2;3;1.0;3.0;48.820093;2.481741;2024-01-19 19:20:00
202400031771.0;1;63;63300;1;6;1.0;3.0;45.90739509;3.12415659;2024-04-06 12:15:00
202400031772.0;1;84;84007;2;3;1.0;1.0;43.94223;4.8166;2024-05-16 10:30:00
202400031773.0;1;93;93049;2;3;1.0;6.0;48.852495;2.511478;2024-01-19 08:40:00
202400031774.0;1;80;80021;2;1;1.0;7.0;49.89681;2.26358;2024-05-17 17:00:00
202400031775.0;5;63;63113;2;3;1.0;3.0;45.76575;3.0865;2024-04-09 22:27:00
202400031776.0;1;44;44128;2;2;1.0;5.0;47.56477;-1.868663;2024-07-25 09:00:00
202400031777.0;2;94;94046;2;1;4.0;2.0;48.81618;2.4199;2024-01-19 08:30:00
202400031778.0;5;80;80021;2;2;1.0;1.0;49.8967;2.29774;2024-05-16 23:50:00
202400031779.0;1;63;63113;2;1;1.0;3.0;45.78207641;3.08153361;2024-04-09 12:10:00
202400031780.0;3;93;93073;2;1;9.0;6.0;48.9842352;2.53508985;2024-01-18 21:00:00
202400031781.0;1;78;78481;2;1;1.0;6.0;48.903644;2.115033;2024-05-17 10:40:00
202400031782.0;1;35;35243;1;3;8.0;1.0;48.33768856;-1.26172514;2024-07-23 08:20:00
202400031783.0;5;78;78297;2;1;1.0;6.0;48.766106;2.078739;2024-05-17 21:45:00
202400031784.0;1;93;93064;2;2;1.0;6.0;48.871188;2.471008;2024-01-19 10:00:00
202400031785.0;5;62;62498;2;9;1.0;3.0;50.42868179;2.836178;2024-04-06 21:45:00
202400031786.0;5;93;93051;2;3;8.0;3.0;48.847836;2.576527;2024-01-18 23:30:00
202400031787.0;1;62;62193;2;1;1.0;2.0;50.95102;1.87289;2024-04-09 18:20:00
202400031788.0;1;29;29105;2;6;2.0;3.0;48.51952693;-4.07649685;2024-07-25 16:10:00
202400031789.0;3;77;77450;2;1;1.0;3.0;48.70844;2.5867;2024-05-17 03:40:00
202400031790.0;5;93;93007;2;3;4.0;3.0;48.93563112;2.46818751;2024-01-19 07:55:00
202400031791.0;1;77;77474;1;1;1.0;6.0;48.9588;2.8237;2024-05-17 19:00:00
202400031792.0;1;12;12059;1;1;1.0;1.0;44.31689884;2.32804298;2024-09-01 16:45:00
202400031793.0;1;62;62193;2;9;1.0;3.0;50.9415;1.85803;2024-03-29 14:30:00
202400031794.0;2;31;31341;1;2;1.0;3.0;43.740997;1.287492;2024-07-24 20:00:00
202400031795.0;5;93;93005;2;1;4.0;1.0;48.95744882;2.46337116;2024-01-19 02:20:00
202400031796.0;1;76;76552;2;1;1.0;2.0;49.50383423;0.08665314;2024-05-16 14:40:00
202400031797.0;5;92;92073;2;1;1.0;6.0;48.86209611;2.21153212;2024-01-19 18:45:00
202400031798.0;1;12;12208;2;1;1.0;3.0;43.953747;2.893548;2024-08-31 14:45:00
202400031799.0;1;61;61143;1;6;1.0;3.0;48.442388;0.059093;2024-04-09 18:30:00
202400031800.0;1;71;71105;2;6;2.0;6.0;46.30637;4.81243;2024-05-16 11:00:00
202400031801.0;1;92;92063;2;1;4.0;1.0;48.89135287;2.17391253;2024-01-18 09:20:00
202400031802.0;1;41;41043;1;1;1.0;6.0;47.289313;1.472458;2024-08-31 16:40:00
202400031803.0;1;59;59599;2;1;1.0;6.0;50.722881;3.149728;2024-04-09 10:00:00
202400031804.0;1;69;69266;2;1;1.0;6.0;45.75676;4.88536;2024-05-17 20:00:00
202400031805.0;1;58;58083;2;1;1.0;1.0;47.259631;3.681702;2024-07-25 18:30:00
202400031806.0;1;69;69256;2;1;1.0;6.0;45.78012;4.9277;2024-05-17 19:40:00
202400031807.0;5;92;92050;2;1;8.0;2.0;48.88742471;2.19847038;2024-01-19 20:10:00
202400031808.0;1;92;92020;2;1;4.0;6.0;48.80142;2.28704;2024-01-19 10:30:00
202400031809.0;1;59;59350;2;2;1.0;1.0;50.61516;3.04857;2024-04-09 13:13:00
202400031810.0;1;14;14371;1;1;1.0;2.0;49.053684;0.172144;2024-07-20 15:45:00
202400031811.0;1;69;69290;2;2;1.0;3.0;45.69502;4.94713;2024-05-17 06:30:00
202400031812.0;1;92;92048;1;1;1.0;2.0;48.80820719;2.24019398;2024-01-19 14:45:00
202400031813.0;1;69;69199;2;3;2.0;3.0;45.70807;4.85875;2024-05-16 11:30:00
202400031814.0;1;83;83147;1;1;1.0;1.0;43.65488219;6.26998631;2024-07-24 17:45:00
202400031815.0;1;92;92026;2;9;1.0;6.0;48.90516082;2.27244624;2024-01-19 09:25:00
202400031816.0;5;92;92026;2;1;1.0;6.0;48.9042;2.26732;2024-01-19 07:15:00
202400031817.0;1;69;69259;2;2;3.0;3.0;45.70312;4.88769;2024-05-16 12:40:00
202400031818.0;1;18;18061;1;2;1.0;2.0;47.139342;2.783728;2024-07-25 15:59:00
202400031819.0;1;44;44057;1;4;8.0;5.0;47.609375;-2.038742;2024-08-31 10:25:00
202400031820.0;2;85;85234;1;1;1.0;1.0;46.796308;-2.020964;2024-07-24 06:30:00
202400031821.0;5;57;57221;2;2;1.0;5.0;49.31774;6.11301;2024-04-06 21:17:00
202400031822.0;1;38;38029;1;2;1.0;2.0;45.578101;5.552841;2024-08-31 15:40:00
202400031823.0;1;85;85051;1;1;7.0;3.0;46.66905;-1.090173;2024-07-25 15:20:00
202400031824.0;5;92;92024;2;1;4.0;7.0;48.90386;2.29051;2024-01-19 20:10:00
202400031825.0;1;69;69096;2;1;1.0;6.0;45.6052;4.77907;2024-05-16 17:00:00
202400031826.0;1;56;56260;2;1;1.0;3.0;47.6647;-2.7947;2024-04-09 15:54:00
202400031827.0;3;2;2006;2;1;1.0;6.0;49.932964;3.522143;2024-08-31 00:09:00
202400031828.0;1;27;27192;1;9;1.0;1.0;49.165599;0.94255;2024-07-23 12:30:00
202400031829.0;1;60;60154;2;1;1.0;6.0;49.319898;2.523116;2024-01-20 12:48:00
202400031830.0;1;56;56121;2;1;1.0;6.0;47.76567;-3.37253;2024-04-08 17:40:00
202400031831.0;1;66;66136;2;1;1.0;5.0;42.69279;2.85982;2024-05-17 13:50:00
202400031832.0;1;24;24297;2;1;9.0;2.0;45.01035484;0.05184442;2024-01-19 09:26:00
202400031833.0;2;37;37018;2;1;1.0;3.0;47.363958;0.630086;2024-05-15 07:10:00
202400031834.0;1;3;3212;2;1;1.0;1.0;46.33118;2.513552;2024-09-01 18:10:00
202400031835.0;1;64;64125;2;1;1.0;7.0;43.45974642;-1.57177985;2024-05-16 11:00:00
202400031836.0;1;54;54395;1;2;1.0;3.0;48.68342656;6.17349297;2024-04-08 09:45:00
202400031837.0;1;33;33327;1;1;1.0;1.0;44.638399;-0.362892;2024-01-19 16:30:00
202400031838.0;1;63;63113;2;3;1.0;6.0;45.78042534;3.08329448;2024-05-17 07:53:00
202400031839.0;1;1;1010;1;1;1.0;6.0;45.922229;5.809622;2024-09-01 10:00:00
202400031840.0;1;38;38195;2;2;1.0;1.0;45.14839;5.376096;2024-07-25 14:45:00
202400031841.0;5;54;54300;2;3;1.0;6.0;48.66110177;6.2229073;2024-04-08 07:00:00
202400031842.0;1;1;1446;1;1;2.0;1.0;46.011419;4.825165;2024-01-17 08:00:00
202400031843.0;1;62;62624;2;9;1.0;1.0;50.41564222;2.98004007;2024-05-09 18:00:00
202400031844.0;2;63;63082;1;1;1.0;6.0;46.059042;3.110139;2024-07-24 22:00:00
202400031845.0;1;1;1280;1;1;1.0;3.0;45.827237;5.546215;2024-08-31 10:55:00
202400031846.0;3;87;87122;1;1;1.0;2.0;46.03064395;1.34831555;2024-01-12 05:00:00
202400031847.0;1;51;51454;2;2;2.0;3.0;49.244069;4.027602;2024-04-08 20:10:00
202400031848.0;1;62;62186;2;6;1.0;3.0;50.4453;2.7226;2024-05-16 21:20:00
202400031849.0;3;83;83131;1;1;1.0;6.0;43.216041;6.025658;2024-01-20 05:40:00
202400031850.0;1;18;18096;1;1;1.0;2.0;47.189191;2.164561;2024-07-24 13:35:00
202400031851.0;1;50;50129;1;3;1.0;3.0;49.61419;-1.64634;2024-04-08 08:20:00
202400031852.0;1;62;62563;2;1;1.0;3.0;50.46495;2.76177;2024-05-16 19:20:00
202400031853.0;1;14;14754;2;3;1.0;3.0;49.324608;-0.003004;2024-08-31 14:36:00
202400031854.0;5;37;37233;1;1;1.0;6.0;47.39423034;0.70615911;2024-01-19 19:01:00
202400031855.0;1;50;50129;2;8;1.0;6.0;49.6278;-1.61876;2024-04-07 14:25:00
202400031856.0;2;59;59178;2;1;1.0;6.0;50.36362;3.08242;2024-05-15 17:50:00
202400031857.0;3;30;30156;1;9;1.0;7.0;43.85361964;4.42364036;2024-07-18 22:45:00
202400031858.0;2;51;51100;1;1;1.0;3.0;48.912445;3.781507;2024-01-18 17:37:00
202400031859.0;5;57;57463;2;1;8.0;6.0;49.14159128;6.16532564;2024-05-16 21:25:00
202400031860.0;1;50;50129;2;6;1.0;7.0;49.63436;-1.61379;2024-04-06 14:45:00
202400031861.0;1;79;79225;2;4;1.0;3.0;46.553438;-0.189471;2024-01-20 12:30:00
202400031862.0;1;9;9318;1;1;9.0;2.0;42.74895;1.773428;2024-09-01 10:30:00
202400031863.0;1;57;57463;2;1;1.0;6.0;49.11919;6.18145;2024-05-16 13:54:00
202400031864.0;1;49;49328;2;1;1.0;6.0;47.2572;-0.08106;2024-04-04 18:30:00
202400031865.0;5;33;33005;2;1;1.0;7.0;44.742249;-1.098096;2024-07-24 22:14:00
202400031866.0;2;56;56098;2;6;1.0;3.0;47.7740935;-3.337594;2024-05-17 08:45:00
202400031867.0;2;79;79304;2;2;1.0;1.0;46.280151;-0.588959;2024-01-19 17:30:00
202400031868.0;1;49;49007;2;3;1.0;3.0;47.47635;-0.56311;2024-04-08 08:44:00
202400031869.0;2;49;49048;2;1;1.0;1.0;47.581119;-0.498568;2024-01-20 17:50:00
202400031870.0;1;77;77094;2;1;1.0;1.0;48.941857;2.776373;2024-07-24 08:25:00
202400031871.0;1;18;18023;2;3;1.0;3.0;47.081431;2.730221;2024-08-31 20:00:00
202400031872.0;1;54;54265;2;1;1.0;6.0;48.645589;6.181803;2024-05-16 17:30:00
202400031873.0;1;44;44114;1;9;1.0;6.0;47.25539;-1.63019;2024-04-08 10:20:00
202400031874.0;2;49;49167;1;1;1.0;7.0;47.387092;-0.491144;2024-01-19 17:42:00
202400031875.0;1;95;95675;2;1;1.0;6.0;49.058465;2.543067;2024-07-19 20:15:00
202400031876.0;2;10;10140;2;9;1.0;3.0;48.049404;3.924091;2024-08-25 20:45:00
202400031877.0;3;47;47271;1;1;1.0;3.0;44.643628;0.195109;2024-01-19 19:15:00
202400031878.0;1;54;54395;2;2;1.0;3.0;48.68338;6.17338;2024-05-16 14:50:00
202400031879.0;1;7;7225;1;1;1.0;2.0;45.263092;4.702352;2024-09-01 14:55:00
202400031880.0;1;38;38185;2;2;1.0;6.0;45.18712;5.72739;2024-04-09 19:25:00
202400031881.0;3;22;22289;1;1;9.0;6.0;48.467145;-3.06083;2024-01-19 23:30:00
202400031882.0;1;51;51454;2;1;1.0;1.0;49.276073;4.004037;2024-05-17 17:30:00
202400031883.0;1;27;27009;1;1;2.0;6.0;48.844921;0.730419;2024-08-30 16:30:00
202400031884.0;1;38;38151;2;1;1.0;6.0;45.14843;5.723;2024-02-16 15:50:00
202400031885.0;1;35;35329;1;1;7.0;1.0;48.52627106;-1.52515501;2024-01-19 15:02:00
202400031886.0;1;13;13076;1;1;1.0;3.0;43.801042;5.004964;2024-07-11 18:30:00
202400031887.0;1;51;51454;2;1;1.0;1.0;49.25198;4.02101;2024-05-17 15:20:00
202400031888.0;1;29;29216;2;6;1.0;6.0;47.970129;-4.140703;2024-01-18 15:15:00
202400031889.0;1;87;87135;1;1;1.0;2.0;45.82187;0.931761;2024-08-30 10:25:00
202400031890.0;1;38;38053;2;1;2.0;3.0;45.60093;5.29313;2024-04-04 13:30:00
202400031891.0;1;49;49267;1;1;3.0;3.0;47.4666;-0.46865;2024-05-17 13:40:00
202400031892.0;3;3;3212;1;1;1.0;1.0;46.31805261;2.50379796;2024-01-20 19:39:00
202400031893.0;1;70;70220;1;1;7.0;1.0;47.397274;5.439048;2024-07-24 17:00:00
202400031894.0;1;48;48099;2;1;1.0;7.0;44.521358;3.262069;2024-09-01 10:00:00
202400031895.0;1;35;35238;2;1;1.0;6.0;48.13104725;-1.69558716;2024-04-09 18:15:00
202400031896.0;3;66;66142;1;1;1.0;6.0;42.491822;2.131294;2024-01-20 04:28:00
202400031897.0;1;37;37233;2;1;1.0;2.0;47.38033;0.72851;2024-05-17 16:00:00
202400031898.0;3;83;83025;1;1;1.0;7.0;43.529353;5.969803;2024-01-19 21:35:00
202400031899.0;1;35;35238;2;1;1.0;6.0;48.08588;-1.64772;2024-04-09 09:50:00
202400031900.0;1;37;37261;2;1;1.0;6.0;47.3754;0.6789;2024-05-17 08:25:00
202400031901.0;1;68;68255;2;4;1.0;3.0;47.997556;7.293989;2024-04-16 08:00:00
202400031902.0;3;88;88010;1;1;1.0;3.0;48.368481;5.870819;2024-01-16 20:45:00
202400031903.0;3;34;34336;1;1;1.0;1.0;43.31851;3.29278;2024-04-07 01:00:00
202400031904.0;2;37;37233;2;6;1.0;3.0;47.39483;0.71831;2024-05-17 07:30:00
202400031905.0;1;52;52182;1;1;1.0;1.0;48.55564504;4.83863994;2024-09-01 15:55:00
202400031906.0;1;987;98715;1;1;1.0;2.0;-17.559418;-149.597247;2024-01-18 16:30:00
202400031907.0;5;34;34172;2;1;1.0;3.0;43.58798;3.89006;2024-05-17 23:30:00
202400031908.0;5;33;33550;2;2;2.0;1.0;44.782;-0.54036;2024-04-09 20:22:00
202400031909.0;3;13;13112;1;1;1.0;1.0;43.515444;5.231466;2024-01-20 19:10:00
202400031910.0;5;33;33522;2;1;1.0;2.0;44.80594;-0.573;2024-05-17 03:35:00
202400031911.0;1;69;69023;1;2;1.0;3.0;46.045722;4.656905;2024-07-25 11:40:00
202400031912.0;1;8;8386;1;2;1.0;3.0;49.451684;4.250379;2024-09-01 09:20:00
202400031913.0;1;33;33162;2;2;8.0;1.0;44.88523;-0.65656;2024-04-09 12:00:00
202400031914.0;1;974;97420;1;1;1.0;5.0;-20.908441;55.597912;2024-01-19 14:30:00
202400031915.0;5;974;97408;2;1;1.0;6.0;-20.964475;55.328082;2024-01-20 21:30:00
202400031916.0;1;81;81200;1;4;1.0;3.0;43.485833;2.01391328;2024-07-24 14:00:00
202400031917.0;1;8;8366;2;1;1.0;6.0;49.719887;4.207404;2024-08-31 18:00:00
202400031918.0;1;29;29039;1;1;1.0;3.0;47.91049864;-3.92031958;2024-05-17 13:51:00
202400031919.0;1;33;33550;2;3;1.0;3.0;44.790176;-0.566857;2024-04-08 16:50:00
202400031920.0;1;972;97228;1;1;1.0;1.0;14.783597;-61.006801;2024-01-19 10:30:00
202400031921.0;2;13;13080;1;1;1.0;1.0;43.63526799;5.45989917;2024-08-30 19:10:00
202400031922.0;1;29;29019;2;6;1.0;2.0;48.40866977;-4.52071846;2024-05-23 13:25:00
202400031923.0;1;31;31395;2;1;1.0;2.0;43.458398;1.325542;2024-07-24 11:54:00
202400031924.0;1;95;95139;1;1;4.0;1.0;49.18190959;1.73750256;2024-01-19 15:40:00
202400031925.0;1;76;76053;2;1;1.0;6.0;49.799069;1.447268;2024-07-23 10:15:00
202400031926.0;1;28;28134;2;2;1.0;3.0;48.7418;1.33574;2024-05-17 12:30:00
202400031927.0;5;978;97801;2;1;2.0;5.0;18.098131;-63.065214;2024-09-01 01:40:00
202400031928.0;3;91;91547;1;2;5.0;3.0;48.41402;1.966596;2024-01-19 18:30:00
202400031929.0;1;28;28085;2;1;1.0;2.0;48.44482;1.49636;2024-04-08 13:45:00
202400031930.0;1;60;60116;1;3;1.0;5.0;49.31618691;2.36829934;2024-07-25 17:15:00
202400031931.0;3;34;34154;1;6;9.0;3.0;43.580329;3.945379;2024-01-12 07:15:00
202400031932.0;5;6;6048;2;1;1.0;6.0;43.786742;7.343578;2024-01-01 21:25:00
202400031933.0;4;80;80561;1;1;1.0;7.0;49.654766;2.592548;2024-07-24 23:20:00
202400031934.0;1;18;18138;1;1;1.0;2.0;47.093659;2.245519;2024-09-01 19:03:00
202400031935.0;1;27;27229;2;1;1.0;6.0;49.02359;1.1431;2024-05-17 15:58:00
202400031936.0;3;80;80212;1;1;1.0;6.0;49.923557;2.520397;2024-07-17 01:15:00
202400031937.0;1;25;25031;2;2;1.0;6.0;47.48201;6.84493;2024-05-17 18:30:00
202400031938.0;1;44;44048;1;1;1.0;6.0;47.3916504;-1.23464856;2024-08-31 14:10:00
202400031939.0;3;13;13076;1;3;1.0;3.0;43.821525;5.003997;2024-01-19 20:03:00
202400031940.0;1;57;57663;1;1;1.0;2.0;49.22911683;6.17903709;2024-07-22 18:20:00
202400031941.0;3;26;26179;1;1;1.0;2.0;45.040249;4.878069;2024-01-20 05:49:00
202400031942.0;1;25;25056;2;1;1.0;5.0;47.24033;6.03358;2024-05-17 19:20:00
202400031943.0;1;44;44180;1;2;8.0;3.0;47.529604;-1.084793;2024-08-30 14:15:00
202400031944.0;1;91;91687;1;1;1.0;3.0;48.66219;2.3692;2024-07-24 14:50:00
202400031945.0;1;22;22113;1;1;8.0;6.0;48.767;-3.425;2024-05-17 07:40:00
202400031946.0;1;33;33284;1;1;1.0;7.0;44.632841;-0.847492;2024-08-31 19:30:00
202400031947.0;1;91;91434;1;1;1.0;2.0;48.66850915;2.35337019;2024-07-24 08:43:00
202400031948.0;3;89;89438;1;1;1.0;4.0;47.79794359;3.65490399;2024-01-19 22:55:00
202400031949.0;1;17;17306;2;1;8.0;3.0;45.6318;-1.00244;2024-05-17 07:35:00
202400031950.0;3;92;92036;1;1;2.0;6.0;48.93601405;2.28857875;2024-07-23 05:08:00
202400031951.0;1;14;14118;2;3;1.0;1.0;49.20043;-0.38735;2024-05-17 07:55:00
202400031952.0;1;92;92025;1;1;2.0;2.0;48.93248487;2.24849163;2024-07-23 09:35:00
202400031953.0;3;64;64269;1;1;2.0;5.0;43.31824164;-0.2888016;2024-09-01 06:30:00
202400031954.0;1;14;14118;2;3;1.0;7.0;49.193707;-0.394509;2024-05-15 19:40:00
202400031955.0;1;92;92047;1;1;1.0;5.0;48.83281316;2.15759293;2024-07-22 08:20:00
202400031956.0;3;49;49298;1;1;1.0;2.0;47.463728;-0.69334;2024-08-31 00:55:00
202400031957.0;1;13;13214;2;9;1.0;3.0;43.33013;5.37981;2024-05-17 09:00:00
202400031958.0;1;93;93008;1;1;1.0;3.0;48.90860149;2.45026633;2024-07-24 20:30:00
202400031959.0;1;95;95682;1;1;1.0;7.0;49.06759248;2.3797408;2024-07-24 12:50:00
202400031960.0;2;13;13213;2;1;1.0;3.0;43.32694;5.43759;2024-01-04 06:58:00
202400031961.0;1;34;34123;2;2;1.0;1.0;43.610997;3.804923;2024-08-31 18:40:00
202400031962.0;1;74;74012;2;1;1.0;3.0;46.19184;6.24223;2024-05-22 17:50:00
202400031963.0;1;13;13215;2;1;1.0;1.0;43.3463;5.36657;2024-05-17 08:20:00
202400031964.0;1;987;98714;2;1;1.0;3.0;-16.388;-151.765;2024-07-26 06:30:00
202400031965.0;1;74;74118;1;1;1.0;3.0;46.17021;6.24055;2024-05-21 09:45:00
202400031966.0;5;13;13215;2;2;1.0;3.0;43.34837;5.3624;2024-05-17 02:15:00
202400031967.0;2;973;97304;1;1;1.0;7.0;5.070554;-52.69279;2024-08-31 18:05:00
202400031968.0;1;73;73011;2;1;1.0;2.0;45.66703552;6.39003843;2024-03-28 17:30:00
202400031969.0;1;13;13208;2;9;1.0;5.0;43.26377624;5.37736699;2024-05-16 15:37:00
202400031970.0;3;77;77257;1;1;1.0;6.0;49.037854;3.005855;2024-08-31 19:45:00
202400031971.0;1;73;73011;2;6;1.0;3.0;45.67020316;6.37758762;2024-03-19 08:25:00
202400031972.0;1;14;14480;2;1;1.0;3.0;49.329511;-1.07821;2024-04-30 19:40:00
202400031973.0;1;11;11262;2;1;1.0;2.0;43.16145;2.98332;2024-05-17 14:37:00
202400031974.0;2;2B;2B134;2;1;1.0;7.0;42.638201;8.935168;2024-09-01 19:15:00
202400031975.0;3;974;97409;2;1;3.0;7.0;-20.95347;55.65819;2024-01-01 02:30:00
202400031976.0;1;34;34289;2;6;1.0;7.0;43.388146;3.420353;2024-08-31 09:40:00
202400031977.0;1;11;11262;2;1;1.0;6.0;43.1837;2.99019;2024-05-17 14:00:00
202400031978.0;5;83;83115;2;1;1.0;6.0;43.308516;6.637368;2024-08-31 22:40:00
202400031979.0;1;974;97416;1;1;1.0;4.0;-21.33103;55.45592;2024-07-23 08:35:00
202400031980.0;1;11;11069;1;1;1.0;2.0;43.23248;2.37182;2024-05-17 08:50:00
202400031981.0;1;83;83008;2;1;1.0;7.0;43.535725;6.7039856;2024-09-01 15:15:00
202400031982.0;1;974;97411;2;1;1.0;6.0;-20.88926;55.42307;2024-07-23 08:30:00
202400031983.0;1;10;10387;2;1;1.0;3.0;48.30398;4.07994;2024-05-17 08:57:00
202400031984.0;1;69;69386;2;1;1.0;5.0;45.77072;4.84103;2024-07-23 09:45:00
202400031985.0;1;21;21200;2;7;1.0;2.0;47.260274;4.978966;2024-08-31 10:22:00
202400031986.0;1;10;10333;2;1;1.0;2.0;48.2836;4.0569;2024-05-16 16:40:00
202400031987.0;1;972;97213;1;1;3.0;4.0;14.617873;-61.019049;2024-07-23 07:20:00
202400031988.0;1;3;3298;2;4;1.0;3.0;46.318365;3.398385;2024-09-01 18:45:00
202400031989.0;1;9;9013;1;1;8.0;4.0;42.974062;1.622731;2024-05-17 18:55:00
202400031990.0;1;972;97213;1;1;3.0;4.0;14.6179;-61.032;2024-07-19 19:23:00
202400031991.0;1;60;60619;1;1;1.0;7.0;49.115388;2.769008;2024-09-01 16:00:00
202400031992.0;5;69;69382;2;1;1.0;3.0;45.75831;4.82854;2024-07-23 05:00:00
202400031993.0;1;6;6069;2;1;1.0;4.0;43.647964;6.939872;2024-05-15 11:45:00
202400031994.0;1;1;1053;2;9;1.0;6.0;46.21067;5.22763;2024-05-17 08:25:00
202400031995.0;1;971;97101;2;1;1.0;7.0;16.2421;-61.52886;2024-04-06 07:00:00
202400031996.0;3;13;13022;1;1;1.0;3.0;43.21391;5.58167;2024-08-25 22:00:00