Num_Acc;lum;departement;commune;agglomeration;intersection;meteo;type_collision;lat;long;date
202400031997.0;1;75;75118;2;1;2.0;2.0;48.900954;2.346667;2024-05-17 19:10:00
202400031998.0;1;971;97101;1;6;1.0;2.0;16.26325;-61.51402;2024-07-20 14:30:00
202400031999.0;3;13;13215;1;1;1.0;7.0;43.3581884;5.36269145;2024-08-31 06:00:00
202400032000.0;1;75;75117;2;1;1.0;2.0;48.888198;2.292365;2024-05-17 11:30:00
202400032001.0;1;91;91114;2;2;1.0;3.0;48.69425;2.50886;2024-07-22 19:10:00
202400032002.0;1;13;13202;1;1;1.0;3.0;43.31222644;5.36688625;2024-08-30 18:20:00
202400032003.0;1;75;75120;2;1;2.0;3.0;48.85228;2.40353;2024-05-17 18:40:00
202400032004.0;1;87;87085;2;1;1.0;7.0;45.80191;1.2624;2024-07-22 18:40:00
202400032005.0;1;75;75118;2;3;1.0;3.0;48.896389;2.345583;2024-05-17 12:00:00
202400032006.0;1;83;83126;1;1;1.0;5.0;43.119858;5.856985;2024-08-30 19:20:00
202400032007.0;1;86;86066;2;2;1.0;3.0;46.81131;0.52743;2024-07-22 15:50:00
202400032008.0;1;75;75117;2;7;8.0;6.0;48.884452;2.297177;2024-05-17 20:00:00
202400032009.0;5;83;83069;2;3;1.0;6.0;43.08641;6.15691;2024-07-22 23:15:00
202400032010.0;1;75;75114;2;3;1.0;2.0;48.82028578;2.32568514;2024-05-17 16:00:00
202400032011.0;3;69;69091;1;1;1.0;4.0;45.58706865;4.75638419;2024-08-31 21:45:00
202400032012.0;5;83;83118;2;1;1.0;6.0;43.41908791;6.77258753;2024-07-15 00:22:00
202400032013.0;1;75;75113;2;2;1.0;3.0;48.834161;2.344858;2024-05-17 09:20:00
202400032014.0;1;80;80021;2;1;1.0;7.0;49.89835;2.26554;2024-07-21 09:40:00
202400032015.0;1;69;69009;1;1;1.0;3.0;45.93917;4.7242;2024-08-07 07:45:00
202400032016.0;1;75;75112;2;1;1.0;6.0;48.84573;2.401516;2024-05-17 13:30:00
202400032017.0;5;78;78299;2;1;1.0;3.0;49.000483;1.8904;2024-07-23 22:55:00
202400032018.0;5;75;75112;2;3;1.0;6.0;48.832201;2.384508;2024-05-16 21:36:00
202400032019.0;3;69;69029;1;9;1.0;2.0;45.72385;4.92789;2024-08-31 03:00:00
202400032020.0;1;77;77390;2;1;1.0;3.0;48.79011;2.65464;2024-07-23 13:00:00
202400032021.0;5;75;75108;2;7;1.0;6.0;48.86909826;2.31034058;2024-05-17 01:40:00
202400032022.0;5;77;77243;2;9;1.0;7.0;48.87311;2.67746;2024-07-23 01:40:00
202400032023.0;1;75;75108;2;3;1.0;1.0;48.870334;2.317656;2024-05-16 19:45:00
202400032024.0;3;67;67482;1;1;1.0;4.0;48.550404;7.731178;2024-08-19 22:53:00
202400032025.0;1;76;76157;2;2;1.0;1.0;49.44611;1.03633;2024-07-21 08:20:00
202400032026.0;1;33;33122;1;1;1.0;2.0;44.73763;-0.71539;2024-08-31 19:45:00
202400032027.0;1;76;76447;1;1;1.0;6.0;49.53496;0.19452;2024-07-19 19:15:00
202400032028.0;5;76;76351;2;2;1.0;3.0;49.51381;0.176;2024-07-19 23:30:00
202400032029.0;1;33;33487;1;1;1.0;2.0;44.95382;-0.45693;2024-08-31 12:20:00
202400032030.0;1;73;73065;2;3;1.0;3.0;45.57013;5.91782;2024-07-23 13:50:00
202400032031.0;1;91;91136;1;1;1.0;7.0;48.7081;2.28789;2024-08-31 19:00:00
202400032032.0;1;72;72181;2;9;1.0;6.0;47.99394;0.19886;2024-07-22 15:20:00
202400032033.0;1;94;94038;1;1;1.0;3.0;48.7885302;2.34472628;2024-08-31 09:35:00
202400032034.0;1;72;72181;2;2;1.0;6.0;47.98104;0.21759;2024-07-22 14:20:00
202400032035.0;1;92;92072;1;1;2.0;6.0;48.82701466;2.2242259;2024-08-30 17:20:00
202400032036.0;1;71;71270;1;1;1.0;7.0;46.282;4.81381;2024-07-22 18:25:00
202400032037.0;1;93;93010;1;1;1.0;2.0;48.91857885;2.47854047;2024-08-31 14:25:00
202400032038.0;5;71;71076;2;2;1.0;3.0;46.79827;4.85215;2024-07-22 00:15:00
202400032039.0;1;95;95277;1;1;1.0;2.0;48.97652538;2.4792559;2024-08-31 15:30:00
202400032040.0;1;69;69092;2;6;1.0;3.0;45.9817744;4.69515324;2024-07-23 08:55:00
202400032041.0;3;93;93053;1;1;1.0;3.0;48.89752191;2.46980926;2024-08-31 02:00:00
202400032042.0;5;93;93027;1;1;1.0;6.0;48.9338085;2.38399696;2024-08-31 02:10:00
202400032043.0;1;69;69029;2;6;1.0;1.0;45.72914;4.90139;2024-07-22 19:55:00
202400032044.0;3;93;93066;1;1;1.0;2.0;48.92566114;2.33952919;2024-08-31 00:30:00
202400032045.0;1;67;67447;2;6;1.0;3.0;48.61102734;7.70579875;2024-07-22 09:00:00
202400032046.0;3;95;95154;1;9;2.0;6.0;49.0345153;2.5407253;2024-08-30 21:00:00
202400032047.0;1;66;66136;1;3;1.0;3.0;42.652376;2.88145959;2024-07-22 16:00:00
202400032048.0;1;93;93008;1;1;9.0;4.0;48.90866349;2.44944155;2024-08-30 13:00:00
202400032049.0;1;65;65286;2;1;1.0;6.0;43.09112966;-0.04615117;2024-07-23 08:10:00
202400032050.0;1;95;95604;1;1;1.0;3.0;49.11883722;2.5559932;2024-08-30 08:00:00
202400032051.0;1;64;64445;2;3;1.0;3.0;43.32331;-0.31557;2024-07-23 06:50:00
202400032052.0;1;64;64445;2;4;7.0;3.0;43.29684;-0.37389;2024-07-22 16:45:00
202400032053.0;3;94;94069;1;1;1.0;4.0;48.81713893;2.44226193;2024-08-30 21:40:00
202400032054.0;1;987;98735;2;1;1.0;3.0;-17.53551;-149.55741;2024-08-29 16:10:00
202400032055.0;1;64;64122;2;1;1.0;2.0;43.460395;-1.547232;2024-07-23 13:40:00
202400032056.0;1;64;64024;2;1;1.0;3.0;43.49602;-1.53686;2024-07-23 17:23:00
202400032057.0;5;974;97411;2;3;2.0;3.0;-20.87414;55.44756;2024-08-30 04:55:00
202400032058.0;1;973;97302;1;6;1.0;3.0;4.90698;-52.32211;2024-08-30 08:20:00
202400032059.0;1;62;62826;2;1;1.0;2.0;50.50805241;1.61135781;2024-07-22 15:40:00
202400032060.0;5;973;97302;2;1;1.0;6.0;4.94538149;-52.30605841;2024-08-30 02:35:00
202400032061.0;1;59;59527;2;1;1.0;3.0;50.66452;3.04974;2024-07-23 10:00:00
202400032062.0;1;973;97302;2;1;1.0;3.0;4.93859;-52.3174;2024-08-29 09:50:00
202400032063.0;1;59;59272;2;3;1.0;3.0;50.98842;2.1106;2024-07-14 11:15:00
202400032064.0;1;69;69387;2;1;1.0;3.0;45.74360773;4.84502272;2024-08-30 16:00:00
202400032065.0;1;59;59122;2;1;1.0;3.0;50.15924;3.25213;2024-07-22 17:40:00
202400032066.0;1;972;97209;2;1;1.0;7.0;14.6114;-61.0723;2024-08-30 17:51:00
202400032067.0;1;54;54395;2;1;1.0;2.0;48.68786;6.19445;2024-07-22 14:15:00
202400032068.0;1;971;97101;2;1;1.0;2.0;16.2518;-61.51899;2024-08-30 08:30:00
202400032069.0;5;51;51573;2;1;1.0;7.0;49.24613;3.98914;2024-07-22 22:30:00
202400032070.0;1;51;51663;2;1;1.0;3.0;49.047;3.967;2024-07-12 12:27:00
202400032071.0;1;91;91027;2;1;2.0;2.0;48.706;2.371;2024-08-30 16:30:00
202400032072.0;1;49;49328;2;6;8.0;3.0;47.261241;-0.098574;2024-07-23 10:10:00
202400032073.0;5;83;83123;2;3;1.0;7.0;43.11661;5.79539;2024-08-29 23:40:00
202400032074.0;1;81;81033;2;1;1.0;2.0;44.02659;2.15625;2024-08-30 06:54:00
202400032075.0;1;46;46191;2;2;1.0;3.0;44.50557;1.38473;2024-07-23 19:20:00
202400032076.0;1;80;80021;2;1;1.0;6.0;49.8722;2.29336;2024-08-29 08:38:00
202400032077.0;5;80;80021;2;1;1.0;7.0;49.90003;2.3039;2024-08-29 02:05:00
202400032078.0;1;44;44109;2;2;1.0;3.0;47.23396238;-1.56646677;2024-07-22 16:50:00
202400032079.0;1;44;44055;2;4;1.0;6.0;47.28174;-2.38229;2024-07-23 20:55:00
202400032080.0;1;76;76351;2;2;1.0;3.0;49.4927;0.13179;2024-08-29 17:35:00
202400032081.0;1;42;42110;2;2;1.0;3.0;45.48506173;4.54188002;2024-07-22 11:05:00
202400032082.0;1;76;76481;2;2;1.0;7.0;49.53021;0.10733;2024-08-29 19:50:00
202400032083.0;5;42;42184;2;2;1.0;6.0;46.03695;4.05206;2024-07-23 22:00:00
202400032084.0;1;69;69266;2;1;1.0;6.0;45.76912;4.88173;2024-08-30 18:00:00
202400032085.0;1;67;67218;2;6;1.0;3.0;48.50145;7.73197;2024-08-30 14:15:00
202400032086.0;2;37;37122;2;2;1.0;3.0;47.35334;0.69776;2024-07-22 21:15:00
202400032087.0;1;64;64445;2;1;1.0;2.0;43.33044;-0.35553;2024-08-30 19:30:00
202400032088.0;1;34;34301;2;1;1.0;2.0;43.4106;3.70818;2024-07-22 10:05:00
202400032089.0;1;64;64125;2;1;1.0;7.0;43.4303;-1.5925;2024-08-30 14:50:00
202400032090.0;1;62;62193;2;1;1.0;6.0;50.95219;1.87804;2024-08-27 18:40:00
202400032091.0;3;34;34003;1;1;1.0;1.0;43.303;3.459;2024-07-23 00:57:00
202400032092.0;5;59;59512;2;2;1.0;3.0;50.69724;3.16598;2024-08-30 01:40:00
202400032093.0;5;33;33039;2;3;1.0;3.0;44.82108;-0.54082;2024-07-23 05:26:00
202400032094.0;1;56;56260;2;1;2.0;6.0;47.67342;-2.7629;2024-08-30 14:35:00
202400032095.0;1;31;31149;2;1;1.0;1.0;43.6036274;1.30557328;2024-07-23 09:40:00
202400032096.0;5;54;54493;2;1;1.0;1.0;49.53175;5.8278;2024-08-30 02:37:00
202400032097.0;3;51;51454;2;1;1.0;3.0;49.274922;4.002382;2024-08-30 23:40:00
202400032098.0;1;31;31069;1;1;1.0;2.0;43.62443;1.38731;2024-07-22 17:15:00
202400032099.0;1;51;51454;2;1;1.0;3.0;49.287262;4.026369;2024-08-30 15:27:00
202400032100.0;1;30;30189;1;2;1.0;3.0;43.8051;4.3365;2024-07-19 09:25:00
202400032101.0;1;29;29232;2;1;1.0;6.0;48.00018;-4.08906;2024-07-22 18:15:00
202400032102.0;1;51;51454;2;3;8.0;3.0;49.24922;4.0165;2024-08-30 11:55:00
202400032103.0;1;29;29232;2;1;1.0;6.0;47.993581;-4.109711;2024-07-22 17:05:00
202400032104.0;1;51;51454;2;1;1.0;6.0;49.254528;4.025551;2024-08-30 06:43:00
202400032105.0;1;29;29232;2;1;1.0;3.0;47.99355411;-4.07332151;2024-07-22 12:36:00
202400032106.0;5;51;51454;2;6;1.0;1.0;49.257063;4.039405;2024-08-29 21:15:00
202400032107.0;1;25;25204;2;2;1.0;3.0;46.92773;6.3492;2024-07-23 14:52:00
202400032108.0;2;51;51454;2;6;1.0;1.0;49.22498;4.09677;2024-08-29 06:15:00
202400032109.0;1;19;19031;2;2;1.0;3.0;45.1667664;1.54552567;2024-07-22 17:00:00
202400032110.0;1;51;51454;2;2;1.0;6.0;49.249622;4.042994;2024-08-29 18:40:00
202400032111.0;1;17;17415;1;3;7.0;3.0;45.72738;-0.6751;2024-07-23 07:20:00
202400032112.0;1;51;51172;2;1;1.0;6.0;49.2138;4.04821;2024-08-29 18:30:00
202400032113.0;4;14;14715;2;1;2.0;6.0;49.374888;0.12853;2024-07-22 21:55:00
202400032114.0;1;14;14118;2;1;1.0;7.0;49.1815;-0.35914;2024-07-23 10:25:00
202400032115.0;1;45;45234;2;1;1.0;4.0;47.89683;1.89548;2024-08-30 19:35:00
202400032116.0;1;13;13208;2;1;1.0;3.0;43.27318;5.3924;2024-07-23 18:30:00
202400032117.0;1;44;44184;2;1;1.0;6.0;47.25953882;-2.22378998;2024-08-29 18:05:00
202400032118.0;1;13;13214;2;1;1.0;1.0;43.33037;5.39548;2024-07-23 19:00:00
202400032119.0;1;13;13215;2;1;1.0;1.0;43.369;5.357;2024-07-23 11:15:00
202400032120.0;1;44;44109;2;8;1.0;3.0;47.20887;-1.58741;2024-08-29 19:16:00
202400032121.0;1;41;41018;2;1;1.0;6.0;47.586598;1.335226;2024-08-30 13:50:00
202400032122.0;1;13;13213;2;3;1.0;3.0;43.33046;5.41543;2024-07-22 16:45:00
202400032123.0;5;11;11262;2;1;1.0;6.0;43.18498;2.98072;2024-07-23 21:45:00
202400032124.0;1;38;38185;2;2;1.0;3.0;45.18210126;5.73428578;2024-08-30 16:08:00
202400032125.0;1;34;34172;2;3;1.0;1.0;43.633909;3.843184;2024-08-30 13:20:00
202400032126.0;1;6;6069;2;1;1.0;4.0;43.65479;6.92712;2024-07-23 14:40:00
202400032127.0;5;33;33550;2;1;1.0;6.0;44.76995;-0.54317;2024-08-30 21:20:00
202400032128.0;1;6;6069;2;1;1.0;5.0;43.62456;6.93502;2024-07-23 09:10:00
202400032129.0;1;29;29232;2;1;1.0;6.0;47.995189;-4.101025;2024-08-30 10:50:00
202400032130.0;1;29;29019;2;1;1.0;1.0;48.398449;-4.509158;2024-08-30 14:45:00
202400032131.0;1;75;75114;2;1;1.0;5.0;48.825337;2.302253;2024-07-23 18:25:00
202400032132.0;1;29;29019;2;1;1.0;2.0;48.405246;-4.463104;2024-08-30 13:20:00
202400032133.0;1;75;75116;2;1;1.0;2.0;48.850649;2.252218;2024-07-23 13:30:00
202400032134.0;1;75;75118;2;1;1.0;2.0;48.901076;2.345273;2024-07-23 11:05:00
202400032135.0;1;29;29019;2;2;1.0;3.0;48.422489;-4.466685;2024-08-29 20:15:00
202400032136.0;1;75;75120;2;1;2.0;3.0;48.863502;2.413408;2024-07-23 08:25:00
202400032137.0;1;25;25462;2;1;1.0;2.0;46.90327;6.35579;2024-08-30 12:40:00
202400032138.0;1;75;75112;2;1;1.0;4.0;48.832542;2.406109;2024-07-22 20:25:00
202400032139.0;1;25;25462;2;1;1.0;6.0;46.90469;6.3558;2024-08-30 10:05:00
202400032140.0;1;75;75114;2;1;1.0;2.0;48.82352;2.310358;2024-07-22 11:20:00
202400032141.0;1;17;17415;2;6;1.0;1.0;45.7411;-0.6223;2024-08-30 07:55:00
202400032142.0;1;75;75119;2;1;1.0;5.0;48.883443;2.399739;2024-07-21 19:45:00
202400032143.0;1;14;14699;1;3;1.0;7.0;49.349339;0.091162;2024-08-28 11:30:00
202400032144.0;1;75;75116;2;1;1.0;2.0;48.834995;2.26404;2024-07-23 14:34:00
202400032145.0;2;13;13043;2;1;1.0;7.0;43.38318;5.20114;2024-08-30 06:15:00
202400032146.0;1;75;75119;2;3;1.0;2.0;48.887197;2.387184;2024-07-23 17:15:00
202400032147.0;2;13;13054;2;1;1.0;1.0;43.40631405;5.2288405;2024-08-29 17:00:00
202400032148.0;1;13;13213;2;1;1.0;6.0;43.31865;5.40873;2024-08-30 19:30:00
202400032149.0;1;75;75119;2;1;2.0;3.0;48.879792;2.370486;2024-07-23 09:30:00
202400032150.0;1;13;13213;2;1;1.0;3.0;43.32208764;5.41796195;2024-08-30 08:30:00
202400032151.0;2;75;75117;2;3;1.0;3.0;48.886328;2.286534;2024-07-23 20:45:00
202400032152.0;5;13;13047;1;1;1.0;2.0;43.48653;4.99488;2024-08-30 23:15:00
202400032153.0;1;75;75116;2;4;8.0;3.0;48.87416127;2.24483371;2024-07-23 13:40:00
202400032154.0;1;10;10387;2;3;1.0;3.0;48.29121;4.10292;2024-08-30 11:23:00
202400032155.0;1;75;75116;2;1;2.0;2.0;48.849023;2.259495;2024-07-23 09:50:00
202400032156.0;1;75;75116;2;3;2.0;6.0;48.839232;2.261492;2024-07-23 09:10:00
202400032157.0;2;10;10387;2;6;1.0;3.0;48.29639;4.0948;2024-08-29 21:00:00
202400032158.0;1;75;75115;2;3;2.0;2.0;48.838333;2.293968;2024-07-23 10:10:00
202400032159.0;1;10;10387;2;1;1.0;4.0;48.28066;4.08604;2024-08-29 18:11:00
202400032160.0;1;75;75115;2;3;2.0;6.0;48.834452;2.284039;2024-07-23 09:48:00
202400032161.0;1;6;6155;2;1;1.0;6.0;43.578875;7.058442;2024-08-29 18:53:00
202400032162.0;1;75;75101;2;2;1.0;6.0;48.869391;2.325222;2024-07-23 16:50:00
202400032163.0;1;3;3185;2;2;1.0;3.0;46.33817;2.59731;2024-08-21 17:45:00
202400032164.0;1;94;94015;2;1;1.0;6.0;48.82834;2.51401;2024-07-21 06:20:00
202400032165.0;1;75;75116;2;1;1.0;4.0;48.861934;2.2646;2024-08-30 08:00:00
202400032166.0;1;94;94038;2;9;1.0;1.0;48.776458;2.353796;2024-07-22 13:00:00
202400032167.0;1;75;75120;2;1;1.0;2.0;48.848263;2.414947;2024-08-27 16:10:00
202400032168.0;1;94;94033;2;9;2.0;2.0;48.85251;2.46525;2024-07-23 12:13:00
202400032169.0;1;75;75115;2;2;8.0;3.0;48.835386;2.26676;2024-08-30 08:45:00
202400032170.0;5;93;93073;2;2;2.0;3.0;48.94021005;2.57733499;2024-07-23 05:15:00
202400032171.0;1;75;75120;2;2;2.0;1.0;48.852677;2.406099;2024-08-30 15:10:00
202400032172.0;1;75;75115;2;1;3.0;3.0;48.848379;2.283127;2024-08-30 15:55:00
202400032173.0;1;93;93078;2;1;1.0;4.0;48.96998;2.55027;2024-07-22 09:40:00
202400032174.0;1;93;93073;2;1;1.0;6.0;48.94546847;2.5674963;2024-07-22 10:15:00
202400032175.0;1;75;75108;2;2;2.0;2.0;48.875039;2.309149;2024-08-30 19:15:00
202400032176.0;1;93;93071;2;1;1.0;6.0;48.93755;2.52941;2024-07-23 15:30:00
202400032177.0;1;75;75103;2;2;1.0;2.0;48.866243;2.35257;2024-08-30 08:25:00
202400032178.0;1;93;93066;2;3;2.0;3.0;48.93273532;2.36598289;2024-07-23 11:00:00
202400032179.0;1;94;94052;2;2;2.0;6.0;48.835813;2.488907;2024-08-30 12:20:00
202400032180.0;3;94;94003;2;1;2.0;6.0;48.812988;2.331882;2024-08-30 20:45:00
202400032181.0;1;93;93074;2;3;1.0;3.0;48.93506846;2.56971359;2024-07-23 14:09:00
202400032182.0;1;94;94043;2;2;2.0;3.0;48.81235863;2.35258985;2024-08-30 18:17:00
202400032183.0;1;93;93046;2;1;1.0;3.0;48.90597;2.51567;2024-07-23 09:40:00
202400032184.0;1;93;93008;2;1;1.0;2.0;48.90761396;2.45481813;2024-07-23 13:20:00
202400032185.0;1;94;94018;2;3;1.0;2.0;48.822074;2.412555;2024-08-30 08:35:00
202400032186.0;1;92;92078;2;1;1.0;6.0;48.93889229;2.32791066;2024-07-04 16:22:00
202400032187.0;1;94;94028;2;1;2.0;3.0;48.79745;2.45649;2024-08-30 18:30:00
202400032188.0;1;93;93072;2;9;3.0;3.0;48.94707316;2.37246752;2024-08-30 16:30:00
202400032189.0;5;92;92078;2;2;1.0;3.0;48.93568233;2.3359344;2024-07-23 03:42:00
202400032190.0;2;92;92077;1;1;2.0;6.0;48.81643;2.16074;2024-07-23 06:06:00
202400032191.0;1;93;93064;2;1;1.0;3.0;48.88301444;2.47992671;2024-08-29 17:45:00
202400032192.0;1;92;92051;2;9;2.0;2.0;48.88500226;2.2558786;2024-07-23 11:11:00
202400032193.0;5;93;93014;2;3;8.0;6.0;48.906444;2.549432;2024-08-30 21:10:00
202400032194.0;1;92;92049;2;1;2.0;7.0;48.81524481;2.31759524;2024-07-23 09:25:00
202400032195.0;5;93;93014;2;1;1.0;6.0;48.90220494;2.53240675;2024-08-30 01:30:00
202400032196.0;1;92;92035;2;1;1.0;1.0;48.90554;2.25503;2024-07-22 18:32:00
202400032197.0;5;93;93014;2;1;1.0;3.0;48.90616;2.55297;2024-08-29 04:50:00
202400032198.0;1;92;92078;2;1;1.0;6.0;48.9348;2.33286;2024-08-31 08:54:00
202400032199.0;1;92;92051;2;1;1.0;2.0;48.87872581;2.27925763;2024-08-29 18:08:00
202400032200.0;1;92;92040;2;1;1.0;7.0;48.82243;2.26715;2024-08-29 16:55:00
202400032201.0;1;92;92035;2;1;1.0;3.0;48.90845;2.25539;2024-07-22 09:10:00
202400032202.0;1;92;92036;2;1;1.0;7.0;48.92504966;2.2973451;2024-08-29 20:15:00
202400032203.0;1;92;92025;2;1;1.0;1.0;48.92219354;2.23570257;2024-07-21 15:03:00
202400032204.0;5;92;92012;2;2;1.0;3.0;48.84270761;2.24892229;2024-08-29 23:09:00
202400032205.0;1;92;92007;2;4;1.0;2.0;48.80668681;2.3258552;2024-07-23 14:30:00
202400032206.0;1;92;92004;2;1;8.0;5.0;48.90913266;2.29137897;2024-08-30 19:00:00
202400032207.0;1;54;54571;1;1;1.0;1.0;48.622882;6.224248;2024-07-23 12:45:00
202400032208.0;1;40;40004;1;1;1.0;3.0;43.65797556;-1.35644958;2024-07-23 14:25:00
202400032209.0;1;92;92004;2;2;1.0;3.0;48.91933;2.28042;2024-08-27 09:45:00
202400032210.0;1;68;68300;1;1;1.0;3.0;47.786601;7.426809;2024-07-24 11:06:00
202400032211.0;1;49;49244;1;2;1.0;3.0;47.358231;-1.064719;2024-08-31 15:50:00
202400032212.0;1;2A;2A100;1;1;1.0;6.0;42.23624226;8.81260272;2024-08-30 10:00:00
202400032213.0;1;2A;2A276;1;1;7.0;1.0;41.752281;8.843136;2024-08-31 07:38:00
202400032214.0;3;34;34032;1;1;1.0;2.0;43.378103;3.298988;2024-07-23 23:00:00
202400032215.0;1;6;6114;2;1;1.0;6.0;43.741135;7.287868;2024-08-31 12:35:00
202400032216.0;1;34;34270;2;1;1.0;6.0;43.569967;3.836561;2024-07-23 17:01:00
202400032217.0;1;57;57161;1;2;1.0;3.0;48.840659;6.834236;2024-08-30 15:16:00
202400032218.0;1;31;31203;2;1;1.0;2.0;43.516416;1.314905;2024-07-10 16:50:00
202400032219.0;1;52;52384;1;1;1.0;2.0;47.80206386;5.22466517;2024-08-31 09:00:00
202400032220.0;1;59;59394;2;1;1.0;1.0;50.077674;3.465744;2024-07-23 17:20:00
202400032221.0;3;974;97410;2;1;1.0;6.0;-21.083159;55.746769;2024-08-31 00:10:00
202400032222.0;3;6;6095;2;1;1.0;7.0;43.643909;6.879051;2024-08-30 04:30:00
202400032223.0;1;77;77301;1;1;1.0;4.0;48.693808;3.438105;2024-07-24 08:32:00
202400032224.0;5;6;6033;1;1;1.0;6.0;43.775099;7.211949;2024-08-30 21:15:00
202400032225.0;1;77;77519;2;1;1.0;2.0;48.650427;3.409869;2024-07-23 19:55:00
202400032226.0;1;974;97413;2;9;1.0;2.0;-21.239482;55.310712;2024-08-30 16:50:00
202400032227.0;1;79;79179;1;3;1.0;1.0;46.679845;-0.613984;2024-07-23 17:05:00
202400032228.0;3;23;23217;1;1;1.0;6.0;45.940646;1.571431;2024-08-30 23:55:00
202400032229.0;1;79;79202;1;1;1.0;3.0;46.638115;-0.21787;2024-07-23 19:10:00
202400032230.0;3;47;47114;1;1;1.0;7.0;44.388546;0.132372;2024-08-31 04:40:00
202400032231.0;1;79;79265;1;1;1.0;1.0;46.970586;-0.133294;2024-07-24 14:30:00
202400032232.0;1;37;37203;1;1;1.0;5.0;47.42757822;0.73425436;2024-08-30 14:44:00
202400032233.0;1;41;41100;1;1;3.0;7.0;47.688533;0.780973;2024-08-31 12:05:00
202400032234.0;1;2A;2A269;1;1;1.0;1.0;41.85328494;9.38814926;2024-07-19 12:15:00
202400032235.0;1;62;62268;2;3;1.0;6.0;50.66763429;1.83582875;2024-08-30 10:10:00
202400032236.0;1;65;65314;1;2;1.0;2.0;43.442637;0.120528;2024-07-18 11:25:00
202400032237.0;5;56;56047;1;1;1.0;6.0;48.030848;-2.75598;2024-08-31 06:00:00
202400032238.0;1;81;81149;1;1;1.0;7.0;43.820424;1.804032;2024-07-22 21:10:00
202400032239.0;3;61;61411;1;1;1.0;6.0;48.448254;0.512634;2024-08-30 23:40:00
202400032240.0;1;71;71346;1;1;1.0;1.0;46.604257;4.212262;2024-07-24 12:00:00
202400032241.0;1;86;86039;1;3;1.0;1.0;46.261841;0.216841;2024-08-31 13:00:00
202400032242.0;1;71;71248;1;1;1.0;6.0;46.55812;4.92647;2024-07-23 19:15:00
202400032243.0;1;68;68374;2;2;1.0;3.0;48.075541;7.286663;2024-08-31 07:40:00
202400032244.0;1;89;89418;2;1;1.0;6.0;47.857826;3.970472;2024-07-24 17:00:00
202400032245.0;1;25;25434;1;1;1.0;1.0;47.104207;6.118655;2024-08-31 11:25:00
202400032246.0;1;89;89237;1;1;1.0;7.0;47.590739;3.700268;2024-07-23 20:15:00
202400032247.0;1;63;63382;1;1;1.0;7.0;46.04282693;2.99360459;2024-07-23 17:30:00
202400032248.0;1;44;44029;1;2;2.0;3.0;47.265387;-1.315082;2024-08-30 08:30:00
202400032249.0;1;63;63178;2;6;1.0;3.0;45.543592;3.224423;2024-07-23 15:55:00
202400032250.0;1;44;44014;1;1;1.0;3.0;47.102966;-1.462204;2024-08-30 17:00:00
202400032251.0;1;63;63321;1;1;1.0;6.0;45.62595065;3.31233498;2024-07-11 09:24:00
202400032252.0;1;44;44061;1;2;2.0;3.0;47.24865;-1.956382;2024-07-10 18:00:00
202400032253.0;1;29;29272;1;1;1.0;7.0;47.954493;-3.90404;2024-08-30 19:55:00
202400032254.0;1;12;12088;1;3;1.0;3.0;44.649288;2.852079;2024-07-23 14:40:00
202400032255.0;1;58;58311;1;1;1.0;3.0;46.928579;3.494146;2024-08-30 17:30:00
202400032256.0;3;34;34205;1;1;1.0;7.0;43.745769;3.282356;2024-07-23 04:15:00
202400032257.0;1;54;54105;1;3;7.0;7.0;48.56050542;5.85116386;2024-08-30 10:10:00
202400032258.0;1;72;72021;1;1;1.0;7.0;47.84581941;-0.16918017;2024-08-31 17:30:00
202400032259.0;1;25;25320;1;1;1.0;1.0;46.776552;6.312268;2024-07-24 15:15:00
202400032260.0;1;73;73124;1;1;1.0;2.0;45.64910714;6.34076893;2024-08-30 18:10:00
202400032261.0;1;44;44142;1;3;1.0;3.0;47.04304575;-1.36129975;2024-07-23 19:00:00
202400032262.0;3;7;7334;1;1;1.0;6.0;44.409137;4.163561;2024-08-31 01:50:00
202400032263.0;1;44;44057;1;1;1.0;7.0;47.578436;-2.077832;2024-07-21 11:30:00
202400032264.0;5;30;30133;2;1;1.0;3.0;43.521214;4.134733;2024-08-29 22:45:00
202400032265.0;1;35;35184;1;1;1.0;6.0;48.19416206;-2.09763229;2024-07-24 10:35:00
202400032266.0;1;30;30321;2;1;1.0;7.0;43.781045;4.082199;2024-08-31 11:20:00
202400032267.0;1;38;38399;2;9;1.0;6.0;45.498718;5.137353;2024-07-23 17:10:00
202400032268.0;1;30;30350;2;1;7.0;7.0;43.99085;3.608977;2024-08-30 10:20:00
202400032269.0;1;48;48068;1;1;1.0;7.0;44.526695;3.371859;2024-08-31 17:50:00
202400032270.0;1;38;38288;1;1;1.0;1.0;45.574098;5.029314;2024-07-19 18:43:00
202400032271.0;4;30;30036;1;1;5.0;7.0;43.788476;4.26424;2024-08-31 03:30:00
202400032272.0;1;15;15028;1;3;1.0;3.0;44.900998;2.618527;2024-07-24 17:00:00
202400032273.0;1;33;33284;1;1;1.0;5.0;44.63959;-0.840797;2024-08-28 15:10:00
202400032274.0;1;1;1128;1;3;1.0;2.0;46.46602;5.10095;2024-07-24 12:00:00
202400032275.0;1;987;98715;2;9;2.0;3.0;-17.551869;-149.592987;2024-08-30 12:35:00
202400032276.0;1;66;66107;1;1;1.0;1.0;42.80291596;2.62515306;2024-07-23 18:00:00
202400032277.0;5;987;98738;1;1;1.0;1.0;-17.618;-149.549;2024-08-28 22:45:00
202400032278.0;1;17;17307;1;3;1.0;1.0;45.681884;-0.907853;2024-08-30 15:45:00
202400032279.0;1;988;98831;1;1;1.0;7.0;-21.026468;164.716623;2024-08-30 09:00:00