Num_Acc;lum;departement;commune;agglomeration;intersection;meteo;type_collision;lat;long;date
202400032280.0;3;988;98825;1;1;1.0;6.0;-21.040647;164.866011;2024-08-31 02:35:00
202400032281.0;1;976;97608;2;9;1.0;3.0;-12.783966;45.258356;2024-08-30 13:10:00
202400032282.0;1;33;33199;2;1;1.0;3.0;44.639489;-1.116196;2024-08-30 14:25:00
202400032283.0;1;83;83107;2;1;1.0;6.0;43.34472;6.703803;2024-08-31 14:30:00
202400032284.0;1;6;6101;1;1;1.0;4.0;43.991718;6.998119;2024-08-31 14:30:00
202400032285.0;1;26;26252;1;1;1.0;6.0;44.86583621;4.86589193;2024-08-31 11:40:00
202400032286.0;1;71;71571;1;2;1.0;3.0;46.387895;4.456346;2024-08-31 10:40:00
202400032287.0;3;57;57222;1;1;1.0;7.0;49.152661;6.891303;2024-08-31 02:30:00
202400032288.0;1;42;42094;2;7;1.0;6.0;45.744269;4.224731;2024-08-30 10:45:00
202400032289.0;3;69;69105;1;2;1.0;1.0;45.97853742;4.65655311;2024-08-30 21:10:00
202400032290.0;1;85;85009;1;3;2.0;1.0;46.443075;-0.880451;2024-08-29 18:45:00
202400032291.0;1;85;85302;1;3;1.0;3.0;46.971241;-0.986345;2024-08-31 11:30:00
202400032292.0;1;49;49260;1;1;1.0;7.0;47.06581;-1.010538;2024-08-30 14:17:00
202400032293.0;1;56;56046;1;1;3.0;4.0;47.65685;-2.99034;2024-08-30 18:05:00
202400032294.0;1;6;6134;1;1;1.0;6.0;43.762446;6.709383;2024-10-05 15:06:00
202400032295.0;1;13;13024;2;1;1.0;1.0;43.718512;5.23755;2024-10-05 09:35:00
202400032296.0;1;13;13027;2;1;1.0;1.0;43.887946;4.853248;2024-10-02 12:25:00
202400032297.0;1;21;21564;1;2;1.0;3.0;47.123169;5.099008;2024-10-05 11:50:00
202400032298.0;1;44;44066;1;1;1.0;7.0;47.35023375;-1.6647005;2024-10-05 14:30:00
202400032299.0;1;26;26084;1;2;1.0;3.0;45.009962;4.962827;2024-10-05 17:20:00
202400032300.0;1;81;81105;2;4;1.0;3.0;43.760014;1.968527;2024-09-30 17:55:00
202400032301.0;3;33;33425;1;1;2.0;1.0;45.0389;-0.462971;2024-10-05 21:00:00
202400032302.0;3;33;33293;1;1;1.0;2.0;44.874461;-0.430269;2024-10-05 06:00:00
202400032303.0;2;85;85016;2;3;1.0;3.0;46.681258;-1.618005;2024-10-05 19:45:00
202400032304.0;1;44;44026;1;3;1.0;3.0;47.269227;-1.480901;2024-10-04 12:05:00
202400032305.0;1;27;27439;1;1;1.0;6.0;49.061452;1.15483;2024-10-01 17:30:00
202400032306.0;1;76;76516;1;1;1.0;3.0;49.715684;1.432128;2024-10-05 14:00:00
202400032307.0;3;76;76541;1;1;8.0;6.0;49.521732;0.96852;2024-10-06 06:30:00
202400032308.0;5;60;60469;2;1;1.0;1.0;49.272747;2.215161;2024-10-05 20:50:00
202400032309.0;1;2;2309;1;1;1.0;2.0;49.517951;3.752797;2024-10-04 17:30:00
202400032310.0;5;13;13202;1;1;1.0;2.0;43.29766;5.36394;2024-10-04 23:35:00
202400032311.0;5;83;83137;2;1;1.0;2.0;43.12127233;5.95302607;2024-10-04 20:35:00
202400032312.0;1;69;69287;1;1;2.0;3.0;45.67855;5.02663;2024-09-26 13:35:00
202400032313.0;3;57;57463;1;1;1.0;2.0;49.11863;6.16053;2024-10-04 04:30:00
202400032314.0;1;94;94038;1;1;1.0;5.0;48.7828929;2.34713213;2024-10-05 17:45:00
202400032315.0;3;91;91179;1;1;1.0;2.0;48.56766;2.47243;2024-10-05 03:31:00
202400032316.0;1;92;92051;1;1;7.0;2.0;48.88397369;2.26271063;2024-10-05 14:25:00
202400032317.0;1;92;92064;1;1;1.0;2.0;48.83850309;2.19236004;2024-10-05 12:00:00
202400032318.0;3;78;78217;1;1;1.0;2.0;48.965789;1.811958;2024-10-05 00:25:00
202400032319.0;1;93;93005;1;1;1.0;2.0;48.96072159;2.46789896;2024-10-05 17:00:00
202400032320.0;1;94;94028;1;1;1.0;5.0;48.7894301;2.44046879;2024-10-05 17:30:00
202400032321.0;1;77;77373;1;1;1.0;6.0;48.76507039;2.61490617;2024-10-05 16:30:00
202400032322.0;1;94;94017;1;1;1.0;2.0;48.82944026;2.48213089;2024-10-05 15:40:00
202400032323.0;1;77;77058;1;1;1.0;6.0;48.82990915;2.70752296;2024-10-05 11:00:00
202400032324.0;1;987;98735;2;2;1.0;3.0;-17.5348;-149.56352;2024-10-04 07:03:00
202400032325.0;1;974;97416;1;1;3.0;3.0;-21.3072;55.45697;2024-10-04 12:20:00
202400032326.0;1;974;97411;1;1;1.0;2.0;-20.87468;55.41764;2024-10-04 07:15:00
202400032327.0;1;973;97302;2;1;1.0;3.0;4.93371;-52.31048;2024-10-04 17:20:00
202400032328.0;5;973;97302;2;1;1.0;1.0;4.94071;-52.30466;2024-10-04 00:20:00
202400032329.0;2;69;69149;2;1;8.0;6.0;45.707011;4.79813203;2024-10-04 07:10:00
202400032330.0;5;2B;2B033;2;1;1.0;3.0;42.71384;9.45428;2024-10-04 06:43:00
202400032331.0;1;971;97120;2;2;1.0;3.0;16.24295;-61.53971;2024-10-04 06:30:00
202400032332.0;1;2A;2A004;1;1;1.0;3.0;41.94153;8.80763;2024-10-04 09:01:00
202400032333.0;4;91;91161;2;1;1.0;6.0;48.71311;2.29797;2024-10-04 22:00:00
202400032334.0;1;91;91471;2;1;1.0;6.0;48.69644;2.18455;2024-10-04 13:49:00
202400032335.0;1;91;91174;2;9;1.0;3.0;48.61218;2.476237;2024-10-04 10:20:00
202400032336.0;5;90;90010;2;1;1.0;3.0;47.65219;6.8504;2024-10-03 20:24:00
202400032337.0;1;87;87085;2;1;1.0;7.0;45.8429;1.23116;2024-10-03 12:31:00
202400032338.0;2;87;87113;2;1;1.0;1.0;45.86787;1.32777;2024-10-02 07:31:00
202400032339.0;1;86;86158;2;1;1.0;1.0;46.616334;0.312185;2024-10-04 17:20:00
202400032340.0;1;86;86066;2;1;2.0;6.0;46.8383;0.5477;2024-10-01 16:20:00
202400032341.0;2;84;84007;2;6;1.0;3.0;43.93539;4.84806;2024-10-04 07:20:00
202400032342.0;1;84;84007;2;2;1.0;2.0;43.9316;4.82861;2024-10-03 12:35:00
202400032343.0;1;84;84007;2;1;1.0;2.0;43.95348;4.81052;2024-10-02 08:00:00
202400032344.0;5;83;83137;2;1;1.0;1.0;43.13371028;5.90325305;2024-10-03 23:00:00
202400032345.0;1;83;83137;2;6;1.0;3.0;43.1208;5.88941;2024-10-04 12:40:00
202400032346.0;3;83;83153;2;1;1.0;7.0;43.08057;5.91288;2024-10-04 00:55:00
202400032347.0;2;79;79191;2;1;1.0;7.0;46.317926;-0.485043;2024-10-04 08:50:00
202400032348.0;1;78;78621;2;3;1.0;6.0;48.77828;1.99673;2024-10-04 12:45:00
202400032349.0;1;77;77053;2;9;1.0;6.0;48.69519;2.60919;2024-09-30 12:06:00
202400032350.0;1;76;76231;2;3;8.0;3.0;49.2897023;0.99918352;2024-10-04 18:00:00
202400032351.0;1;72;72181;2;1;1.0;5.0;47.99604;0.20712;2024-10-04 19:58:00
202400032352.0;1;72;72181;2;9;1.0;3.0;47.99882;0.21007;2024-10-04 18:30:00
202400032353.0;1;72;72181;2;7;1.0;6.0;47.9826;0.2314;2024-10-04 13:20:00
202400032354.0;2;71;71306;2;1;1.0;7.0;46.68768;4.35751;2024-10-04 19:50:00
202400032355.0;1;71;71270;2;3;1.0;1.0;46.30913;4.83349;2024-10-03 17:00:00
202400032356.0;5;69;69199;2;1;1.0;6.0;45.71177005;4.85506666;2024-10-04 03:10:00
202400032357.0;1;64;64445;2;1;1.0;6.0;43.30243;-0.35851;2024-10-04 11:20:00
202400032358.0;1;64;64445;2;2;1.0;3.0;43.31784;-0.34385;2024-10-04 08:50:00
202400032359.0;2;64;64373;1;1;5.0;1.0;43.28438;-0.35379;2024-10-04 07:30:00
202400032360.0;1;64;64445;2;1;1.0;6.0;43.29324;-0.37545;2024-10-03 15:30:00
202400032361.0;1;64;64102;2;1;1.0;2.0;43.49748;-1.48286;2024-10-03 15:15:00
202400032362.0;2;63;63300;2;6;3.0;6.0;45.8912;3.1157;2024-10-03 07:55:00
202400032363.0;5;63;63113;2;1;1.0;3.0;45.78117725;3.06956828;2024-10-05 00:45:00
202400032364.0;1;63;63113;2;9;1.0;3.0;45.78448;3.09857;2024-10-04 09:35:00
202400032365.0;1;59;59560;2;2;1.0;6.0;50.54999;3.02976;2024-10-04 11:40:00
202400032366.0;1;59;59350;1;6;1.0;3.0;50.63438;2.972553;2024-10-04 14:40:00
202400032367.0;1;58;58194;2;1;1.0;5.0;46.98603;3.14179;2024-09-14 19:00:00
202400032368.0;1;56;56260;2;1;1.0;3.0;47.65128;-2.76824;2024-10-04 08:45:00
202400032369.0;1;56;56260;2;3;1.0;3.0;47.65703;-2.79028;2024-10-04 13:20:00
202400032370.0;1;56;56098;2;1;1.0;6.0;47.77713;-3.33823;2024-10-03 17:07:00
202400032371.0;2;56;56121;2;6;1.0;3.0;47.746516;-3.387306;2024-10-04 07:45:00
202400032372.0;2;55;55545;2;1;1.0;1.0;49.15329;5.3968;2024-09-28 07:30:00
202400032373.0;5;54;54395;2;2;1.0;3.0;48.68673443;6.20112777;2024-10-04 23:55:00
202400032374.0;1;54;54395;2;3;1.0;3.0;48.67879;6.1973;2024-10-04 13:30:00
202400032375.0;5;51;51454;2;2;1.0;3.0;49.257925;4.056088;2024-10-04 20:50:00
202400032376.0;1;51;51454;2;9;1.0;6.0;49.2657;4.02607;2024-10-04 15:00:00
202400032377.0;1;51;51454;2;9;1.0;6.0;49.2605;4.05182;2024-10-03 18:15:00
202400032378.0;1;50;50129;1;1;1.0;2.0;49.634793;-1.576575;2024-10-03 17:50:00
202400032379.0;1;49;49007;2;1;1.0;3.0;47.47806417;-0.51474541;2024-10-04 19:00:00
202400032380.0;5;49;49007;2;1;1.0;2.0;47.46685;-0.55225;2024-10-03 20:05:00
202400032381.0;2;47;47032;1;1;1.0;2.0;44.1988;0.68933;2024-10-04 20:00:00
202400032382.0;1;45;45234;2;2;1.0;3.0;47.92277;1.92967;2024-10-04 17:50:00
202400032383.0;1;45;45284;2;3;7.0;6.0;47.90855;1.987213;2024-10-04 09:10:00
202400032384.0;5;44;44184;2;1;1.0;3.0;47.2664;-2.22732;2024-10-04 20:00:00
202400032385.0;1;44;44109;2;9;1.0;1.0;47.22616;-1.55309;2024-10-04 08:45:00
202400032386.0;5;38;38185;2;9;8.0;1.0;45.19367;5.71413;2024-10-04 20:30:00
202400032387.0;1;38;38185;2;5;1.0;6.0;45.18195;5.72803;2024-10-04 10:19:00
202400032388.0;1;38;38053;2;3;1.0;3.0;45.59822;5.2442;2024-09-25 14:24:00
202400032389.0;5;37;37261;2;2;1.0;3.0;47.39755;0.69946;2024-10-05 00:03:00
202400032390.0;5;37;37122;2;1;1.0;7.0;47.35144;0.67158;2024-10-04 21:50:00
202400032391.0;1;37;37261;2;2;1.0;1.0;47.38367516;0.66828516;2024-10-04 12:15:00
202400032392.0;3;35;35281;1;1;1.0;4.0;48.0937;-1.70949;2024-10-04 20:15:00
202400032393.0;1;35;35055;1;6;1.0;3.0;48.07838;-1.63251;2024-10-04 18:00:00
202400032394.0;1;35;35238;1;1;1.0;2.0;48.08160315;-1.67616069;2024-10-04 11:10:00
202400032395.0;5;34;34172;2;1;1.0;2.0;43.61169;3.88269;2024-10-05 00:15:00
202400032396.0;1;34;34032;2;6;1.0;3.0;43.34796;3.25256;2024-09-30 07:43:00
202400032397.0;1;33;33063;2;6;1.0;1.0;44.82382;-0.54463;2024-10-04 14:50:00
202400032398.0;1;33;33063;2;2;1.0;3.0;44.86042;-0.55379;2024-10-04 10:40:00
202400032399.0;1;31;31555;2;1;1.0;3.0;43.569827;1.417996;2024-10-04 14:30:00
202400032400.0;2;29;29019;2;1;1.0;6.0;48.389768;-4.472425;2024-10-03 08:25:00
202400032401.0;1;27;27681;2;1;1.0;3.0;49.09554;1.46592;2024-10-04 17:15:00
202400032402.0;5;27;27375;2;1;1.0;7.0;49.20805;1.15347;2024-10-04 21:30:00
202400032403.0;1;27;27229;2;2;1.0;3.0;49.03185;1.15867;2024-10-04 09:42:00
202400032404.0;1;14;14181;1;1;1.0;2.0;49.14799;-0.32248;2024-10-04 13:55:00
202400032405.0;1;14;14118;2;3;1.0;3.0;49.19279;-0.37478;2024-10-04 10:20:00
202400032406.0;5;13;13071;1;1;1.0;2.0;43.40292;5.31575;2024-10-04 20:45:00
202400032407.0;5;13;13206;2;2;1.0;3.0;43.29081;5.38082;2024-10-04 22:35:00
202400032408.0;5;13;13211;2;1;1.0;6.0;43.29042841;5.44002953;2024-10-04 05:50:00
202400032409.0;1;10;10387;2;2;1.0;3.0;48.29875;4.07039;2024-10-04 12:10:00
202400032410.0;5;8;8105;2;1;1.0;6.0;49.770741;4.724925;2024-10-04 02:06:00
202400032411.0;1;7;7019;2;1;1.0;3.0;44.61464;4.40062;2024-10-04 08:05:00
202400032412.0;1;6;6083;2;2;1.0;3.0;43.767133;7.485705;2024-10-04 07:52:00
202400032413.0;1;4;4112;1;1;1.0;7.0;43.814166;5.79638;2024-10-04 18:10:00
202400032414.0;5;75;75113;2;2;1.0;6.0;48.838287;2.342076;2024-10-04 03:43:00
202400032415.0;1;75;75105;2;3;1.0;3.0;48.843202;2.364136;2024-10-04 12:50:00
202400032416.0;1;75;75120;2;1;1.0;6.0;48.856885;2.405547;2024-10-04 15:50:00
202400032417.0;5;75;75119;2;7;1.0;6.0;48.886229;2.396688;2024-10-04 20:40:00
202400032418.0;1;75;75118;2;4;1.0;6.0;48.892714;2.34875;2024-10-04 13:40:00
202400032419.0;5;75;75116;2;3;1.0;3.0;48.85272;2.280664;2024-10-04 23:10:00
202400032420.0;1;75;75114;2;3;1.0;3.0;48.84124;2.33157;2024-10-04 15:30:00
202400032421.0;1;75;75114;2;1;1.0;3.0;48.834519;2.334879;2024-10-03 18:45:00
202400032422.0;1;75;75114;2;2;1.0;2.0;48.828033;2.321504;2024-10-03 09:35:00
202400032423.0;1;75;75111;2;2;1.0;3.0;48.864576;2.378115;2024-10-04 14:05:00
202400032424.0;5;75;75104;2;2;1.0;1.0;48.856751;2.348959;2024-10-04 03:00:00
202400032425.0;1;94;94078;2;3;8.0;3.0;48.73557;2.44693;2024-10-03 12:45:00
202400032426.0;1;94;94068;2;2;1.0;3.0;48.812966;2.479771;2024-10-02 16:55:00
202400032427.0;1;94;94068;2;4;2.0;3.0;48.8099;2.471;2024-10-02 12:56:00
202400032428.0;1;94;94058;2;5;1.0;3.0;48.84916;2.49573;2024-10-04 18:30:00
202400032429.0;1;94;94018;2;1;1.0;3.0;48.8207;2.41249;2024-10-04 15:15:00
202400032430.0;1;93;93078;2;1;1.0;3.0;48.94636;2.55983;2024-10-04 11:15:00
202400032431.0;1;93;93072;2;1;1.0;3.0;48.95143;2.38522;2024-10-04 15:45:00
202400032432.0;1;93;93070;2;2;1.0;3.0;48.90371355;2.3336622;2024-10-04 17:25:00
202400032433.0;1;93;93070;2;3;1.0;3.0;48.90912;2.32963;2024-10-04 15:49:00
202400032434.0;1;93;93066;2;1;1.0;6.0;48.94124559;2.3837918;2024-10-04 12:47:00
202400032435.0;5;93;93077;2;1;1.0;6.0;48.88257;2.52502;2024-10-04 23:10:00
202400032436.0;5;93;93033;2;1;1.0;1.0;48.86014;2.58038;2024-10-03 20:50:00
202400032437.0;5;93;93048;2;1;1.0;6.0;48.86141629;2.43369162;2024-10-03 20:20:00
202400032438.0;1;93;93032;2;2;1.0;3.0;48.8731;2.5561;2024-10-03 08:30:00
202400032439.0;1;93;93010;2;9;1.0;2.0;48.91791992;2.48035383;2024-10-04 19:30:00
202400032440.0;5;93;93010;2;1;1.0;3.0;48.90727965;2.48967433;2024-10-04 02:20:00
202400032441.0;3;92;92073;2;1;2.0;2.0;48.86352491;2.20918447;2024-10-01 03:50:00
202400032442.0;1;92;92040;2;1;1.0;7.0;48.8217711;2.27042221;2024-10-04 09:01:00
202400032443.0;5;92;92012;2;1;1.0;7.0;48.83578;2.24228;2024-10-04 01:12:00
202400032444.0;1;92;92004;2;1;1.0;6.0;48.91972234;2.31391735;2024-10-02 18:41:00
202400032445.0;3;34;34048;1;1;1.0;6.0;43.790068;4.033659;2024-10-05 01:55:00
202400032446.0;1;52;52147;1;1;1.0;3.0;47.84134194;5.23199039;2024-10-04 17:05:00
202400032447.0;1;91;91363;1;1;1.0;2.0;48.665479;2.197963;2024-10-05 10:20:00
202400032448.0;5;91;91425;2;1;1.0;6.0;48.639286;2.253565;2024-10-05 05:00:00
202400032449.0;3;42;42271;1;1;1.0;6.0;45.473317;4.565157;2024-10-05 02:00:00
202400032450.0;2;77;77228;1;1;1.0;1.0;48.892035;3.306155;2024-10-04 18:50:00
202400032451.0;3;59;59384;1;1;1.0;7.0;50.130476;3.794736;2024-09-29 21:50:00
202400032452.0;1;19;19250;1;6;1.0;7.0;45.48070497;1.53022206;2024-10-04 16:15:00
202400032453.0;1;71;71542;2;4;1.0;1.0;46.69161;4.150713;2024-10-04 17:34:00
202400032454.0;3;71;71412;1;1;1.0;6.0;46.730581;4.438241;2024-10-05 05:28:00
202400032455.0;1;47;47143;2;1;1.0;1.0;44.172551;0.290043;2024-10-03 10:15:00
202400032456.0;2;29;29041;2;6;1.0;6.0;48.05789887;-3.82738806;2024-09-29 05:40:00
202400032457.0;1;50;50487;1;2;1.0;3.0;48.529423;-1.394792;2024-10-05 10:00:00
202400032458.0;1;83;83013;1;1;1.0;7.0;43.756759;6.634905;2024-09-22 16:10:00
202400032459.0;1;60;60150;1;4;5.0;7.0;49.5494566;2.98688447;2024-10-05 09:00:00
202400032460.0;1;18;18108;2;1;1.0;3.0;46.951198;2.941023;2024-10-04 17:30:00
202400032461.0;3;24;24340;1;2;1.0;3.0;44.868097;0.400507;2024-10-04 22:45:00
202400032462.0;1;17;17397;1;2;1.0;1.0;45.864702;-0.658622;2024-10-04 18:00:00
202400032463.0;3;23;23040;1;1;5.0;6.0;46.220717;2.194573;2024-10-05 01:45:00
202400032464.0;1;87;87119;2;1;1.0;3.0;45.688363;1.363834;2024-10-04 17:26:00
202400032465.0;2;88;88075;1;1;8.0;6.0;48.025295;6.959592;2024-10-04 07:53:00
202400032466.0;5;987;98738;1;9;1.0;3.0;-17.618;-149.549;2024-10-02 18:45:00
202400032467.0;1;987;98738;1;1;1.0;3.0;-17.618;-149.549;2024-09-23 08:00:00
202400032468.0;1;33;33321;1;1;1.0;1.0;45.03161;-0.440521;2024-10-04 19:15:00
202400032469.0;3;89;89208;1;1;1.0;2.0;47.625215;3.907557;2024-10-03 22:30:00
202400032470.0;3;51;51282;1;1;1.0;6.0;49.242532;3.887945;2024-10-05 00:10:00
202400032471.0;5;83;83023;2;1;1.0;3.0;43.39955;6.048642;2024-10-04 20:24:00
202400032472.0;1;50;50099;1;1;1.0;1.0;49.318297;-1.246433;2024-10-04 15:00:00
202400032473.0;3;13;13211;1;1;1.0;4.0;43.28694543;5.43567763;2024-10-04 20:49:00
202400032474.0;2;91;91161;1;1;1.0;4.0;48.71078;2.29903;2024-10-04 19:17:00
202400032475.0;3;91;91521;1;1;1.0;1.0;48.63792367;2.39704728;2024-10-04 01:02:00
202400032476.0;3;78;78640;1;1;1.0;3.0;48.777929;2.217037;2024-10-03 23:00:00
202400032477.0;5;92;92050;1;1;1.0;2.0;48.89956451;2.21198236;2024-10-03 18:35:00
202400032478.0;1;92;92012;1;1;1.0;6.0;48.84854462;2.22835052;2024-10-03 12:45:00
202400032479.0;1;93;93066;1;1;1.0;2.0;48.90396482;2.35877771;2024-10-01 18:20:00
202400032480.0;3;93;93064;1;1;1.0;2.0;48.87743609;2.47718096;2024-10-04 00:05:00
202400032481.0;1;95;95018;1;1;1.0;2.0;48.9603364;2.27113018;2024-10-03 17:15:00
202400032482.0;1;95;95500;1;9;1.0;5.0;49.03685745;2.09294147;2024-10-03 14:20:00
202400032483.0;1;93;93005;1;1;1.0;3.0;48.93141176;2.48117112;2024-10-02 18:30:00
202400032484.0;2;95;95572;1;1;1.0;3.0;49.04851178;2.13475699;2024-10-03 07:35:00
202400032485.0;1;95;95572;1;1;1.0;2.0;49.04262927;2.12877913;2024-10-02 16:45:00
202400032486.0;1;974;97411;1;6;1.0;3.0;-20.8767;55.44191;2024-10-03 10:45:00
202400032487.0;1;973;97302;2;1;1.0;3.0;4.93682;-52.31478;2024-10-03 10:00:00
202400032488.0;1;973;97302;2;1;1.0;5.0;4.93665;-52.29696;2024-10-03 06:45:00
202400032489.0;1;973;97302;1;1;1.0;3.0;4.9030685;-52.32430995;2024-10-02 14:35:00
202400032490.0;1;69;69387;2;1;1.0;1.0;45.7424;4.83353;2024-10-03 17:00:00
202400032491.0;3;55;55570;1;1;1.0;6.0;48.856721;5.338674;2024-06-23 04:30:00
202400032492.0;1;49;49125;1;1;1.0;7.0;47.18230719;-0.32002489;2024-06-22 06:30:00
202400032493.0;1;12;12090;1;1;1.0;7.0;44.334792;2.496514;2024-06-23 10:30:00
202400032494.0;1;41;41224;1;1;1.0;7.0;47.98273;0.948375;2024-06-07 13:30:00
202400032495.0;1;34;34114;2;1;1.0;6.0;43.653202;3.550966;2024-06-19 15:10:00
202400032496.0;4;68;68186;2;1;1.0;6.0;47.471854;7.303247;2024-06-23 04:00:00
202400032497.0;1;44;44072;1;1;1.0;3.0;47.410968;-2.350642;2024-06-22 16:00:00
202400032498.0;1;44;44007;1;1;1.0;6.0;47.649012;-1.995692;2024-06-22 15:00:00
202400032499.0;1;29;29047;2;3;1.0;1.0;48.535575;-4.373019;2024-06-22 14:30:00
202400032500.0;1;29;29170;2;1;1.0;3.0;47.958843;-4.161555;2024-06-22 14:58:00
202400032501.0;1;2;2770;1;3;1.0;5.0;49.352917;3.280556;2024-06-22 16:20:00
202400032502.0;1;84;84123;1;1;1.0;6.0;44.115791;5.387737;2024-06-23 13:25:00
202400032503.0;1;1;1304;2;2;8.0;6.0;46.04911;5.335767;2024-06-22 09:00:00
202400032504.0;1;1;1216;1;1;1.0;6.0;45.740385;5.513311;2024-06-23 18:30:00
202400032505.0;1;1;1227;1;1;2.0;6.0;45.7611;5.715146;2024-06-22 20:45:00
202400032506.0;1;45;45118;1;1;1.0;3.0;48.086465;2.070107;2024-06-23 12:45:00
202400032507.0;5;45;45030;2;1;2.0;6.0;48.062124;2.416279;2024-06-23 00:01:00
202400032508.0;1;64;64313;1;3;1.0;1.0;43.276268;-1.107473;2024-06-21 16:45:00
202400032509.0;3;24;24587;1;1;1.0;6.0;44.847837;1.214268;2024-06-22 00:35:00
202400032510.0;3;85;85200;1;1;1.0;6.0;46.520611;-1.505009;2024-06-23 05:00:00
202400032511.0;2;85;85022;1;1;2.0;7.0;46.461201;-1.455788;2024-06-22 07:15:00
202400032512.0;3;85;85051;2;6;1.0;7.0;46.68449;-1.036017;2024-06-23 01:50:00
202400032513.0;1;27;27425;2;1;1.0;1.0;49.151461;0.720345;2024-06-22 15:55:00
202400032514.0;1;87;87105;1;1;1.0;6.0;45.723671;1.608464;2024-06-23 10:40:00
202400032515.0;1;30;30065;1;2;1.0;3.0;43.986886;4.060113;2024-06-21 10:30:00
202400032516.0;2;30;30274;2;1;1.0;7.0;44.177784;4.11828;2024-06-23 06:45:00
202400032517.0;2;31;31555;1;1;2.0;6.0;43.649024;1.434254;2024-05-18 07:10:00
202400032518.0;1;4;4242;1;1;1.0;6.0;43.856239;5.861077;2024-06-22 21:05:00
202400032519.0;1;38;38062;1;1;1.0;7.0;45.399056;5.992636;2024-06-23 17:20:00
202400032520.0;1;69;69027;2;3;1.0;3.0;45.670489;4.76105;2024-06-23 12:30:00
202400032521.0;1;971;97128;1;1;1.0;1.0;16.259911;-61.342651;2024-06-22 17:50:00
202400032522.0;1;971;97111;1;1;1.0;3.0;16.281915;-61.803578;2024-06-16 12:34:00
202400032523.0;1;77;77315;2;3;1.0;3.0;48.889722;2.827923;2024-06-22 18:10:00
202400032524.0;1;91;91482;1;9;1.0;3.0;48.648222;2.043162;2024-06-23 12:45:00
202400032525.0;3;2B;2B148;1;1;1.0;2.0;42.528527;9.455012;2024-06-22 02:30:00
202400032526.0;1;34;34299;1;1;7.0;2.0;43.27387;3.32499;2024-06-18 17:00:00
202400032527.0;1;73;73187;1;1;1.0;2.0;45.458642;6.397594;2024-06-22 15:45:00
202400032528.0;1;38;38565;2;1;1.0;3.0;45.290147;5.624367;2024-06-22 16:15:00
202400032529.0;1;1;1301;2;3;1.0;3.0;46.24809;5.136613;2024-06-22 14:40:00
202400032530.0;1;17;17452;1;2;1.0;5.0;45.775508;-1.164411;2024-06-22 10:45:00
202400032531.0;1;86;86237;2;1;1.0;6.0;46.149324;0.283359;2024-06-23 16:30:00
202400032532.0;1;53;53099;2;3;1.0;7.0;48.033169;-0.70438;2024-06-23 08:00:00
202400032533.0;1;50;50025;2;6;1.0;3.0;48.671457;-1.32589;2024-06-22 15:20:00
202400032534.0;1;29;29001;1;1;2.0;3.0;48.22423607;-4.30473461;2024-06-23 18:00:00
202400032535.0;3;59;59289;1;1;1.0;2.0;50.223268;3.502579;2024-06-23 01:30:00
202400032536.0;1;13;13001;1;1;1.0;3.0;43.52389;5.42696;2024-06-21 18:00:00
202400032537.0;1;13;13026;1;1;1.0;2.0;43.37614702;5.17429736;2024-06-22 06:10:00
202400032538.0;3;13;13043;1;1;1.0;2.0;43.39125;5.26537;2024-06-22 01:00:00
202400032539.0;1;33;33013;1;1;2.0;1.0;44.868197;-0.504266;2024-06-22 07:45:00
202400032540.0;1;91;91174;1;1;1.0;2.0;48.61036;2.44431;2024-06-22 15:10:00
202400032541.0;1;78;78466;1;1;1.0;3.0;48.925514;1.997778;2024-06-21 14:33:00
202400032542.0;1;78;78217;1;1;1.0;2.0;48.965117;1.818881;2024-06-21 19:45:00
202400032543.0;1;93;93010;1;1;8.0;2.0;48.90632258;2.47239637;2024-06-21 16:55:00
202400032544.0;1;45;45232;2;1;1.0;2.0;47.86698;1.8824;2024-04-22 13:50:00
202400032545.0;1;974;97411;2;9;1.0;7.0;-20.89003;55.4632;2024-06-21 08:10:00
202400032546.0;1;974;97407;2;9;1.0;3.0;-20.94;55.29;2024-06-20 14:20:00
202400032547.0;1;973;97302;1;1;8.0;7.0;4.90379;-52.31641;2024-06-21 12:26:00
202400032548.0;5;973;97302;2;2;2.0;3.0;4.94266;-52.32417;2024-06-20 21:40:00
202400032549.0;1;69;69383;2;2;3.0;3.0;45.76355;4.84601;2024-06-21 08:30:00
202400032550.0;1;69;69381;2;1;1.0;2.0;45.76822267;4.82928566;2024-06-21 19:15:00
202400032551.0;1;69;69389;2;1;8.0;2.0;45.78599;4.80805;2024-06-21 20:00:00
202400032552.0;2;2B;2B120;1;1;1.0;4.0;42.64864;9.45319;2024-06-20 20:55:00
202400032553.0;1;971;97105;2;2;1.0;3.0;15.99656619;-61.7316547;2024-06-21 07:20:00
202400032554.0;1;91;91339;2;3;3.0;4.0;48.63524;2.26609;2024-06-21 10:27:00
202400032555.0;1;91;91191;2;1;1.0;3.0;48.72054;2.45804;2024-06-21 18:25:00
202400032556.0;1;91;91421;1;9;2.0;2.0;48.71183;2.44211;2024-06-21 13:00:00
202400032557.0;2;91;91027;2;6;1.0;6.0;48.7087;2.383;2024-06-21 22:30:00
202400032558.0;1;91;91174;2;1;3.0;2.0;48.61131;2.46103;2024-06-21 12:40:00
202400032559.0;5;89;89387;2;9;8.0;6.0;48.20529;3.27754;2024-06-21 22:05:00
202400032560.0;1;94;94017;2;1;1.0;6.0;48.81262946;2.53186208;2024-11-09 15:50:00
202400032561.0;1;87;87085;2;1;1.0;6.0;45.83694;1.2574;2024-06-20 12:25:00
202400032562.0;5;77;77291;2;1;2.0;7.0;49.00498392;2.59222984;2024-11-09 02:45:00
202400032563.0;3;93;93013;2;6;1.0;6.0;48.94320427;2.43275428;2024-11-09 01:20:00