Num_Acc;lum;departement;commune;agglomeration;intersection;meteo;type_collision;lat;long;date
202400032564.0;1;84;84035;2;3;1.0;6.0;43.84182;5.03995;2024-06-21 18:36:00
202400032565.0;5;93;93029;2;3;1.0;1.0;48.9363;2.45125;2024-11-09 00:35:00
202400032566.0;5;83;83126;2;2;1.0;1.0;43.10125092;5.8841157;2024-06-22 01:10:00
202400032567.0;5;93;93057;2;1;1.0;6.0;48.91048;2.49756;2024-11-09 19:40:00
202400032568.0;3;82;82033;1;1;1.0;3.0;44.02244;1.15377;2024-06-22 01:50:00
202400032569.0;5;92;92063;2;1;1.0;7.0;48.87878187;2.1777463;2024-11-09 00:48:00
202400032570.0;1;80;80021;2;1;1.0;3.0;49.8818;2.27887;2024-06-21 10:00:00
202400032571.0;5;92;92036;2;1;1.0;1.0;48.92042426;2.32387573;2024-11-08 21:40:00
202400032572.0;1;78;78551;2;1;2.0;6.0;48.898547;2.062372;2024-06-21 12:15:00
202400032573.0;3;92;92025;2;1;1.0;6.0;48.92999576;2.24579807;2024-11-09 19:05:00
202400032574.0;1;78;78029;2;1;2.0;6.0;48.974034;1.844424;2024-06-21 11:20:00
202400032575.0;1;78;78138;2;1;2.0;6.0;48.97515;2.02959;2024-06-21 11:35:00
202400032576.0;5;92;92012;2;2;1.0;1.0;48.84199245;2.23878667;2024-11-08 20:50:00
202400032577.0;1;77;77407;1;1;2.0;3.0;48.544849;2.513025;2024-06-21 14:00:00
202400032578.0;3;77;77276;1;1;2.0;6.0;48.91413;2.87969;2024-06-21 04:20:00
202400032579.0;1;92;92004;2;2;1.0;3.0;48.91719055;2.28190647;2024-11-09 15:20:00
202400032580.0;1;76;76447;2;1;1.0;7.0;49.533144;0.189042;2024-06-20 12:45:00
202400032581.0;1;92;92004;2;2;1.0;3.0;48.91552251;2.30954379;2024-11-05 16:30:00
202400032582.0;1;76;76351;2;1;1.0;6.0;49.49426;0.10935;2024-06-20 14:15:00
202400032583.0;1;76;76351;2;1;1.0;3.0;49.497295;0.129922;2024-06-20 15:40:00
202400032584.0;5;59;59594;2;1;5.0;2.0;50.491194;3.451116;2024-11-09 20:25:00
202400032585.0;1;73;73011;2;4;1.0;3.0;45.67461945;6.37300104;2024-06-07 16:20:00
202400032586.0;3;76;76556;1;1;5.0;1.0;49.543183;0.468142;2024-11-08 19:20:00
202400032587.0;1;72;72181;2;1;2.0;6.0;47.99646;0.1945;2024-06-21 08:30:00
202400032588.0;4;86;86092;2;1;1.0;6.0;46.93687;0.605959;2024-11-08 18:30:00
202400032589.0;1;72;72181;2;1;1.0;2.0;47.979;0.225;2024-06-20 18:55:00
202400032590.0;3;41;41194;1;1;8.0;1.0;47.329076;1.775537;2024-11-10 03:55:00
202400032591.0;1;6;6161;2;1;1.0;6.0;43.627005;7.132507;2024-11-06 16:30:00
202400032592.0;1;72;72181;2;6;1.0;3.0;48.00776;0.19865;2024-06-20 07:37:00
202400032593.0;1;86;86070;2;1;1.0;7.0;46.573714;0.628374;2024-11-10 13:30:00
202400032594.0;1;41;41123;1;9;1.0;3.0;47.818183;1.403302;2024-11-09 14:15:00
202400032595.0;5;71;71270;2;3;1.0;1.0;46.30044195;4.82429489;2024-06-21 23:00:00
202400032596.0;1;83;83057;1;1;1.0;6.0;43.382719;6.181473;2024-11-10 07:30:00
202400032597.0;3;19;19217;1;1;2.0;6.0;45.036398;1.719897;2024-11-10 00:05:00
202400032598.0;1;71;71076;2;3;1.0;3.0;46.78954;4.83403;2024-06-21 17:50:00
202400032599.0;1;56;56185;1;3;1.0;3.0;47.784247;-3.448994;2024-11-09 16:19:00
202400032600.0;1;69;69266;2;1;1.0;4.0;45.75364162;4.90864505;2024-06-21 18:00:00
202400032601.0;3;56;56179;2;1;1.0;6.0;47.833944;-3.410847;2024-11-08 23:45:00
202400032602.0;1;69;69290;2;1;2.0;2.0;45.71524;4.9629;2024-06-21 13:10:00
202400032603.0;1;79;79157;1;1;1.0;7.0;47.006591;-0.203417;2024-11-10 13:30:00
202400032604.0;1;64;64348;2;1;1.0;2.0;43.308;-0.407;2024-06-21 16:15:00
202400032605.0;1;69;69018;2;3;1.0;6.0;46.15599;4.58466;2024-11-09 09:30:00
202400032606.0;5;64;64024;2;6;1.0;7.0;43.4942;-1.51817;2024-06-22 02:40:00
202400032607.0;1;63;63453;2;3;1.0;3.0;45.769169;3.280722;2024-11-10 11:00:00
202400032608.0;1;64;64102;2;1;2.0;7.0;43.49884;-1.49342;2024-06-20 20:15:00
202400032609.0;3;76;76255;1;1;1.0;6.0;50.06813929;1.4435935;2024-11-10 05:15:00
202400032610.0;1;63;63300;1;1;2.0;7.0;45.89634657;3.14003259;2024-06-21 09:55:00
202400032611.0;1;61;61145;1;1;1.0;7.0;48.579748;-0.618508;2024-11-10 13:25:00
202400032612.0;3;61;61275;1;1;5.0;6.0;48.692886;0.273558;2024-11-08 20:00:00
202400032613.0;1;61;61001;2;2;1.0;3.0;48.427813;0.072098;2024-06-21 19:30:00
202400032614.0;1;61;61194;1;1;5.0;2.0;48.771308;-0.144731;2024-11-09 11:20:00
202400032615.0;1;60;60159;2;1;3.0;3.0;49.38963;2.78734;2024-06-21 09:50:00
202400032616.0;1;61;61153;1;1;5.0;6.0;48.723259;-0.058155;2024-11-09 08:25:00
202400032617.0;2;59;59636;2;1;1.0;6.0;50.69714;3.06329;2024-06-20 16:15:00
202400032618.0;1;55;55498;1;1;5.0;6.0;49.026529;5.294445;2024-11-10 14:46:00
202400032619.0;1;59;59350;2;1;1.0;2.0;50.62261;3.04438;2024-06-20 10:30:00
202400032620.0;3;49;49261;1;1;8.0;5.0;47.306735;-0.246549;2024-11-08 20:00:00
202400032621.0;3;12;12145;1;1;1.0;6.0;44.090509;3.124774;2024-11-09 19:30:00
202400032622.0;5;59;59009;2;4;1.0;3.0;50.624031;3.123378;2024-06-16 22:50:00
202400032623.0;1;42;42276;1;1;1.0;6.0;45.925886;3.783202;2024-11-10 15:20:00
202400032624.0;1;56;56121;2;6;1.0;1.0;47.74446;-3.3954;2024-06-20 14:05:00
202400032625.0;2;42;42097;1;4;1.0;6.0;45.518801;4.28396;2024-11-10 07:00:00
202400032626.0;3;35;35354;1;1;1.0;6.0;48.490452;-1.542764;2024-11-10 06:50:00
202400032627.0;1;51;51454;2;1;8.0;4.0;49.255306;4.021165;2024-06-21 15:35:00
202400032628.0;5;2;2422;2;1;1.0;7.0;49.930443;3.62308;2024-11-09 21:20:00
202400032629.0;1;1;1068;2;3;1.0;6.0;46.079981;5.463998;2024-11-10 16:00:00
202400032630.0;1;51;51454;2;1;2.0;7.0;49.26128;4.02921;2024-06-21 15:50:00
202400032631.0;5;1;1304;2;1;1.0;5.0;46.052986;5.335069;2024-11-09 22:00:00
202400032632.0;1;51;51230;2;1;1.0;6.0;49.03698;3.97071;2024-06-19 19:50:00
202400032633.0;3;14;14571;2;4;9.0;6.0;49.094156;0.310047;2024-11-09 19:40:00
202400032634.0;2;49;49007;2;6;1.0;3.0;47.47428;-0.5158;2024-06-21 06:00:00
202400032635.0;4;14;14287;2;1;2.0;6.0;49.137498;-0.25076;2024-11-09 23:54:00
202400032636.0;5;50;50484;2;1;1.0;6.0;48.572392;-1.09443;2024-11-09 20:35:00
202400032637.0;4;44;44184;2;6;8.0;3.0;47.2665;-2.24039;2024-06-21 22:10:00
202400032638.0;1;50;50379;1;1;8.0;7.0;48.749837;-1.19369;2024-11-10 15:40:00
202400032639.0;1;38;38185;2;9;2.0;3.0;45.17005;5.73736;2024-06-21 13:50:00
202400032640.0;1;9;9189;1;1;2.0;1.0;42.621644;1.82225;2024-11-10 12:00:00
202400032641.0;1;37;37261;2;6;2.0;3.0;47.43003;0.70531;2024-06-20 18:45:00
202400032642.0;3;73;73124;1;1;1.0;6.0;45.654128;6.355848;2024-11-09 01:00:00
202400032643.0;1;34;34108;1;1;1.0;2.0;43.44827;3.7378;2024-06-21 09:30:00
202400032644.0;1;73;73300;2;1;1.0;6.0;45.688951;5.89572;2024-11-10 14:21:00
202400032645.0;1;34;34172;2;1;1.0;6.0;43.61152;3.83895;2024-06-21 07:35:00
202400032646.0;3;53;53147;2;3;1.0;3.0;48.29566328;-0.61579479;2024-11-08 23:10:00
202400032647.0;1;33;33318;2;1;1.0;6.0;44.80987;-0.62955;2024-06-21 18:55:00
202400032648.0;1;33;33318;2;2;1.0;3.0;44.79073;-0.67308;2024-06-21 20:00:00
202400032649.0;1;33;33162;2;3;1.0;3.0;44.88749;-0.64273;2024-06-21 18:55:00
202400032650.0;1;17;17459;1;2;1.0;4.0;45.908909;-0.424958;2024-11-09 12:50:00
202400032651.0;3;37;37250;1;1;1.0;6.0;47.200305;0.664549;2024-11-09 05:45:00
202400032652.0;2;30;30189;2;1;1.0;3.0;43.82597;4.35341;2024-06-11 21:45:00
202400032653.0;4;37;37214;1;1;1.0;6.0;47.425039;0.635501;2024-11-08 23:24:00
202400032654.0;1;28;28134;2;9;1.0;7.0;48.74814;1.34603;2024-06-21 20:40:00
202400032655.0;5;52;52423;2;1;5.0;6.0;48.263887;5.332061;2024-11-10 05:20:00
202400032656.0;1;27;27681;1;1;1.0;1.0;49.12556;1.53235;2024-06-21 11:50:00
202400032657.0;5;38;38193;2;6;1.0;2.0;45.612863;5.230147;2024-11-09 18:40:00
202400032658.0;1;27;27701;2;2;1.0;3.0;49.26486;1.20076;2024-06-21 13:00:00
202400032659.0;1;27;27229;2;1;1.0;6.0;49.0082;1.16022;2024-06-19 18:00:00
202400032660.0;3;973;97309;1;1;1.0;1.0;4.894065;-52.290973;2024-11-09 20:35:00
202400032661.0;1;26;26281;1;6;1.0;3.0;45.05578;5.07171;2024-06-21 12:10:00
202400032662.0;1;22;22113;2;1;2.0;7.0;48.7295;-3.47492;2024-06-18 08:59:00
202400032663.0;3;6;6029;1;1;2.0;5.0;43.561393;6.969366;2024-11-09 20:00:00
202400032664.0;1;18;18033;1;9;8.0;7.0;47.05767;2.33932;2024-06-18 08:42:00
202400032665.0;1;13;13212;2;1;1.0;3.0;43.312845;5.46475;2024-06-21 18:15:00
202400032666.0;3;21;21390;1;1;5.0;5.0;47.265878;5.034678;2024-11-10 00:30:00
202400032667.0;5;13;13216;2;1;1.0;6.0;43.35497;5.34126;2024-06-20 23:24:00
202400032668.0;5;27;27332;1;9;1.0;6.0;49.191505;1.23259;2024-11-10 03:15:00
202400032669.0;3;13;13215;2;2;1.0;3.0;43.34767;5.35906;2024-06-20 23:24:00
202400032670.0;1;11;11262;2;6;1.0;3.0;43.193137;2.980236;2024-06-21 15:35:00
202400032671.0;1;91;91249;1;1;2.0;2.0;48.60460324;2.07966438;2024-11-10 09:30:00
202400032672.0;1;971;97126;1;1;1.0;1.0;15.988955;-61.300149;2024-11-09 14:15:00
202400032673.0;1;10;10387;2;2;1.0;6.0;48.30505;4.05315;2024-06-21 21:38:00
202400032674.0;1;66;66088;1;1;1.0;1.0;42.701306;2.615615;2024-11-10 15:10:00
202400032675.0;1;6;6029;2;2;1.0;7.0;43.547167;7.03169;2024-06-21 19:20:00
202400032676.0;3;66;66180;2;1;1.0;6.0;42.766788;2.98135;2024-11-10 19:50:00
202400032677.0;1;6;6123;2;1;1.0;5.0;43.68;7.18974;2024-06-20 17:42:00
202400032678.0;1;34;34023;2;1;2.0;6.0;43.436701;3.675624;2024-11-09 10:55:00
202400032679.0;3;34;34146;2;1;1.0;7.0;43.66956;4.088951;2024-11-10 17:50:00
202400032680.0;1;4;4070;2;1;1.0;4.0;44.08442;6.20705;2024-06-21 11:30:00
202400032681.0;3;83;83071;1;1;1.0;6.0;43.126292;6.200978;2024-11-10 03:45:00
202400032682.0;5;75;75104;2;3;1.0;6.0;48.85742;2.35191;2024-06-20 23:40:00
202400032683.0;5;52;52447;2;9;1.0;6.0;47.885947;5.252586;2024-11-10 17:30:00
202400032684.0;1;75;75120;2;3;2.0;2.0;48.873373;2.382626;2024-06-21 10:30:00
202400032685.0;1;42;42214;2;1;1.0;1.0;45.664041;4.307199;2024-11-10 16:45:00
202400032686.0;2;75;75119;2;1;1.0;6.0;48.879176;2.401768;2024-06-20 06:00:00
202400032687.0;3;31;31451;1;1;2.0;2.0;43.463753;2.007603;2024-11-10 01:30:00
202400032688.0;3;40;40114;1;1;1.0;6.0;43.809067;-1.041362;2024-11-09 18:45:00
202400032689.0;1;75;75118;2;2;1.0;1.0;48.89710451;2.35921204;2024-06-21 19:12:00
202400032690.0;3;76;76116;1;1;5.0;7.0;49.363653;1.206972;2024-11-09 18:15:00
202400032691.0;1;75;75114;2;1;1.0;6.0;48.822576;2.328885;2024-06-20 13:20:00
202400032692.0;5;60;60103;2;1;1.0;6.0;49.411015;2.241243;2024-11-09 21:15:00
202400032693.0;1;75;75113;2;3;1.0;6.0;48.833248;2.363755;2024-06-21 18:15:00
202400032694.0;2;75;75108;2;1;1.0;3.0;48.86423;2.3104;2024-06-21 21:12:00
202400032695.0;1;59;59044;1;1;8.0;1.0;50.607911;3.267553;2024-11-10 09:30:00
202400032696.0;1;75;75108;2;3;2.0;6.0;48.873096;2.297397;2024-06-21 12:40:00
202400032697.0;3;38;38087;1;1;1.0;3.0;45.58217;4.801518;2024-11-08 20:00:00
202400032698.0;1;75;75107;2;3;2.0;7.0;48.851684;2.324787;2024-06-21 10:55:00
202400032699.0;3;92;92002;1;1;1.0;4.0;48.73429498;2.3143065;2024-11-09 18:30:00
202400032700.0;5;75;75107;2;1;1.0;3.0;48.862854;2.31689;2024-06-21 01:15:00
202400032701.0;5;94;94034;1;1;1.0;2.0;48.75858429;2.32546118;2024-11-09 17:00:00
202400032702.0;1;75;75103;2;3;2.0;7.0;48.861202;2.353481;2024-06-21 14:10:00
202400032703.0;1;91;91689;1;9;5.0;3.0;48.749;2.327;2024-11-09 08:30:00
202400032704.0;1;94;94081;2;1;1.0;5.0;48.79527373;2.40552829;2024-06-21 19:05:00
202400032705.0;4;93;93066;1;1;1.0;6.0;48.92256319;2.35502741;2024-11-09 02:30:00
202400032706.0;1;94;94081;2;3;1.0;3.0;48.80093409;2.40563062;2024-06-21 14:45:00
202400032707.0;1;974;97411;2;1;1.0;5.0;-20.90056;55.44315;2024-11-08 12:30:00
202400032708.0;1;94;94068;2;2;2.0;1.0;48.79774;2.49161;2024-06-21 12:15:00
202400032709.0;1;974;97411;2;1;1.0;3.0;-20.88997;55.49077;2024-11-08 12:40:00
202400032710.0;1;974;97411;2;9;1.0;1.0;-20.89922;55.479;2024-11-08 08:15:00
202400032711.0;1;94;94042;2;2;1.0;3.0;48.814916;2.463181;2024-06-20 20:40:00
202400032712.0;1;974;97409;1;1;1.0;3.0;-20.95242;55.65603;2024-11-07 15:30:00
202400032713.0;1;94;94052;2;1;1.0;3.0;48.833029;2.49402;2024-06-20 13:10:00
202400032714.0;1;71;71422;1;2;5.0;3.0;46.695944;4.761431;2024-12-14 09:00:00
202400032715.0;2;71;71416;2;1;2.0;6.0;46.470254;4.777749;2024-10-31 17:00:00
202400032716.0;1;974;97407;2;3;1.0;3.0;-20.95688;55.31404;2024-11-08 14:00:00
202400032717.0;1;94;94046;2;2;1.0;3.0;48.80276;2.43408;2024-06-21 15:20:00
202400032718.0;1;34;34332;2;4;1.0;6.0;43.310056;3.41783;2024-12-14 11:45:00
202400032719.0;1;973;97302;2;6;1.0;6.0;4.93735764;-52.32591963;2024-11-08 17:00:00
202400032720.0;1;94;94065;1;2;2.0;3.0;48.75554;2.35276;2024-06-21 07:10:00
202400032721.0;3;68;68135;1;6;1.0;1.0;47.582084;7.520871;2024-12-15 23:45:00
202400032722.0;1;973;97302;2;1;1.0;3.0;4.93502;-52.3292;2024-11-08 13:00:00
202400032723.0;3;44;44153;1;1;1.0;7.0;47.694498;-1.449922;2024-12-14 21:36:00
202400032724.0;1;973;97302;2;1;1.0;7.0;4.9279;-52.29209;2024-11-08 07:45:00
202400032725.0;1;94;94033;2;3;8.0;3.0;48.85762;2.49159;2024-06-21 05:55:00
202400032726.0;2;44;44163;1;1;1.0;6.0;47.380321;-1.116958;2024-12-13 17:23:00
202400032727.0;3;973;97302;1;6;1.0;7.0;4.90767106;-52.32238412;2024-11-08 04:50:00
202400032728.0;1;29;29026;1;1;2.0;6.0;48.2061343;-4.07389592;2024-12-14 11:55:00
202400032729.0;5;94;94033;2;2;1.0;3.0;48.85571;2.4764;2024-06-21 00:10:00
202400032730.0;2;972;97213;1;1;2.0;7.0;14.59004;-61.0233;2024-11-08 07:30:00
202400032731.0;3;29;29069;1;1;8.0;7.0;48.41026054;-4.55407875;2024-12-16 06:52:00
202400032732.0;1;94;94011;2;1;2.0;3.0;48.77695852;2.48876381;2024-06-21 09:35:00
202400032733.0;5;2B;2B033;2;1;8.0;6.0;42.68545;1.407665;2024-11-09 00:42:00
202400032734.0;3;29;29173;1;6;1.0;6.0;48.014414;-4.204619;2024-12-12 03:45:00
202400032735.0;3;14;14527;1;1;2.0;6.0;49.13174421;-0.04161447;2024-12-14 21:45:00
202400032736.0;1;94;94028;2;1;1.0;4.0;48.78857;2.46712;2024-06-20 14:00:00
202400032737.0;1;971;97101;2;2;1.0;3.0;16.25449663;-61.53024763;2024-11-08 15:30:00
202400032738.0;3;14;14136;1;1;2.0;6.0;49.34528;-1.07605;2024-12-15 23:48:00
202400032739.0;1;93;93078;2;2;3.0;3.0;48.9487149;2.56073445;2024-06-21 08:30:00
202400032740.0;1;90;90015;2;3;1.0;1.0;47.59606995;6.85999095;2024-12-16 15:10:00
202400032741.0;3;91;91339;1;9;2.0;2.0;48.61994;2.25878;2024-11-08 21:52:00
202400032742.0;5;93;93064;2;6;1.0;6.0;48.877398;2.475333;2024-06-21 02:30:00
202400032743.0;1;60;60508;1;1;1.0;7.0;49.282954;2.639731;2024-12-15 15:15:00
202400032744.0;2;7;7112;1;1;1.0;6.0;44.74358201;4.29827939;2024-12-15 17:30:00
202400032745.0;1;91;91021;2;3;1.0;3.0;48.5888;2.24553;2024-11-08 15:55:00
202400032746.0;1;93;93049;2;2;1.0;3.0;48.87437;2.50676;2024-06-21 18:50:00
202400032747.0;1;91;91691;2;1;8.0;6.0;48.71367;2.48936;2024-11-08 11:20:00
202400032748.0;2;40;40310;1;1;1.0;1.0;43.7293643;-1.34564414;2024-12-15 17:45:00
202400032749.0;1;93;93050;2;2;2.0;3.0;48.85956;2.53738;2024-06-21 08:15:00
202400032750.0;2;17;17026;1;1;5.0;7.0;45.837022;-0.424647;2024-12-16 07:20:00
202400032751.0;5;91;91027;2;1;2.0;1.0;48.70142;2.37172;2024-11-08 17:40:00
202400032752.0;1;93;93048;2;2;1.0;6.0;48.85619051;2.42570043;2024-06-20 17:45:00
202400032753.0;1;17;17344;2;4;1.0;3.0;45.846548;-0.532579;2024-12-15 09:33:00
202400032754.0;1;91;91433;1;6;5.0;3.0;48.45842;2.17649;2024-11-08 15:22:00
202400032755.0;1;93;93032;2;3;1.0;3.0;48.87676;2.53138;2024-06-20 09:15:00
202400032756.0;5;17;17347;2;1;1.0;7.0;45.948434;-0.516867;2024-12-16 07:55:00
202400032757.0;1;93;93007;2;9;3.0;3.0;48.92518101;2.46478647;2024-06-21 09:20:00
202400032758.0;1;91;91223;2;2;8.0;3.0;48.44146;2.14996;2024-11-08 09:30:00
202400032759.0;1;17;17340;1;1;7.0;2.0;46.060243;-0.800106;2024-12-16 09:15:00
202400032760.0;1;92;92078;2;1;1.0;2.0;48.9429702;2.31740785;2024-06-21 17:35:00
202400032761.0;1;23;23030;2;9;1.0;7.0;45.952925;1.745367;2024-12-13 15:40:00
202400032762.0;5;87;87085;2;2;1.0;6.0;45.83607408;1.25060499;2024-11-07 18:40:00
202400032763.0;1;92;92033;2;1;2.0;6.0;48.85190118;2.19734753;2024-06-20 18:41:00
202400032764.0;1;52;52124;1;1;5.0;6.0;47.86914134;5.67289564;2024-12-16 12:44:00
202400032765.0;1;92;92062;2;1;2.0;2.0;48.88144801;2.24639368;2024-06-21 15:45:00
202400032766.0;1;85;85194;2;6;1.0;3.0;46.4928;-1.74766;2024-11-07 09:50:00
202400032767.0;1;30;30036;2;1;1.0;6.0;43.766212;4.28619;2024-12-15 14:00:00
202400032768.0;1;92;92051;2;3;1.0;3.0;48.88429193;2.26969537;2024-06-21 18:10:00
202400032769.0;3;978;97801;2;1;1.0;1.0;18.097887;-63.065611;2024-12-14 05:30:00
202400032770.0;5;84;84007;2;2;1.0;3.0;43.93404;4.83196;2024-11-09 00:05:00
202400032771.0;1;92;92012;2;1;1.0;6.0;48.83183933;2.25217438;2024-06-21 12:00:00
202400032772.0;2;84;84007;2;1;1.0;6.0;43.93191;4.80562;2024-11-07 17:50:00
202400032773.0;3;79;79048;1;1;1.0;2.0;46.339788;-0.312295;2024-12-14 02:25:00
202400032774.0;3;974;97415;1;1;1.0;6.0;-21.017364;55.253881;2024-06-22 04:10:00
202400032775.0;1;54;54597;1;1;1.0;7.0;48.435944;6.167743;2024-06-01 15:01:00
202400032776.0;1;84;84007;2;1;1.0;2.0;43.92493;4.80944;2024-11-07 13:40:00
202400032777.0;1;68;68218;1;1;1.0;4.0;47.743883;7.258787;2024-12-16 11:15:00
202400032778.0;1;86;86182;2;1;1.0;1.0;46.881327;0.317991;2024-06-22 12:10:00
202400032779.0;3;64;64130;1;1;1.0;6.0;43.34105681;-1.73523277;2024-12-15 23:55:00
202400032780.0;1;83;83137;2;2;1.0;3.0;43.12517;5.93103;2024-11-08 13:45:00
202400032781.0;3;66;66145;1;1;1.0;4.0;42.62065996;2.8559196;2024-06-22 00:25:00
202400032782.0;3;63;63113;1;1;1.0;7.0;45.773484;3.142251;2024-12-15 22:00:00
202400032783.0;1;83;83137;2;3;1.0;3.0;43.12627;5.93982;2024-11-08 12:45:00
202400032784.0;1;974;97405;1;9;3.0;3.0;-21.363886;55.539869;2024-05-30 15:30:00
202400032785.0;3;973;97311;1;1;1.0;1.0;5.316817;-54.142385;2024-12-15 20:35:00
202400032786.0;5;83;83137;2;9;1.0;3.0;43.12885;5.88897;2024-11-05 18:00:00
202400032787.0;5;972;97231;2;1;1.0;7.0;14.553834;-61.052302;2024-06-22 00:58:00
202400032788.0;3;972;97221;1;1;1.0;7.0;14.535535;-60.94231;2024-06-21 22:40:00
202400032789.0;5;973;97304;2;1;1.0;6.0;5.17704;-52.651039;2024-12-15 02:00:00
202400032790.0;1;80;80261;2;1;1.0;3.0;49.86326;2.27787;2024-11-07 08:50:00
202400032791.0;3;977;97701;2;1;1.0;7.0;17.903976;-62.846904;2024-12-16 02:00:00
202400032792.0;3;972;97205;1;1;1.0;3.0;14.630988;-61.124389;2024-06-21 23:15:00
202400032793.0;1;77;77465;1;2;8.0;3.0;48.299761;2.947734;2024-12-13 10:30:00
202400032794.0;1;35;35085;1;3;1.0;3.0;48.435849;-1.752512;2024-06-22 16:00:00
202400032795.0;5;77;77426;2;3;1.0;6.0;48.57551;2.826785;2024-12-12 19:00:00
202400032796.0;1;1;1427;2;1;3.0;6.0;45.940183;4.772669;2024-06-21 08:30:00
202400032797.0;5;77;77532;2;1;2.0;1.0;48.561;3.217;2024-11-08 00:10:00
202400032798.0;1;78;78087;1;1;2.0;7.0;48.61664;2.033973;2024-12-16 11:30:00
202400032799.0;3;2A;2A041;1;1;1.0;6.0;41.389491;9.185938;2024-12-16 01:00:00
202400032800.0;1;62;62251;2;2;1.0;3.0;50.64669885;1.83967748;2024-06-22 14:05:00
202400032801.0;3;77;77377;1;1;1.0;5.0;48.7113;2.6964;2024-11-07 17:00:00
202400032802.0;1;19;19279;1;1;3.0;6.0;45.26667608;1.36427796;2024-06-21 16:20:00
202400032803.0;2;66;66180;2;2;1.0;3.0;42.772077;2.99364;2024-12-13 18:18:00
202400032804.0;3;77;77407;1;1;1.0;1.0;48.54538;2.51265;2024-11-08 02:40:00
202400032805.0;5;19;19230;2;4;1.0;6.0;45.43157685;1.45085858;2024-06-21 23:30:00
202400032806.0;3;83;83027;1;1;1.0;6.0;43.167392;5.769153;2024-12-15 17:00:00
202400032807.0;5;76;76136;1;1;1.0;6.0;49.827242;0.959517;2024-06-21 22:50:00
202400032808.0;3;26;26124;1;1;1.0;7.0;44.8367;4.862781;2024-12-16 06:50:00
202400032809.0;1;77;77288;2;3;1.0;6.0;48.54587;2.65183;2024-11-07 08:30:00
202400032810.0;1;79;79306;1;1;2.0;7.0;46.606029;-0.14449;2024-06-21 19:15:00
202400032811.0;1;2A;2A362;2;1;1.0;3.0;41.698842;9.345637;2024-06-06 18:30:00
202400032812.0;2;77;77284;2;1;8.0;2.0;48.95663;2.90826;2024-11-08 16:30:00
202400032813.0;1;21;21699;1;1;1.0;1.0;47.20554;5.332196;2024-12-15 16:45:00
202400032814.0;4;2A;2A139;1;1;1.0;7.0;41.647062;9.345278;2024-06-06 22:22:00
202400032815.0;5;77;77132;2;6;2.0;3.0;48.87421216;2.80224646;2024-11-08 19:42:00
202400032816.0;5;21;21038;2;6;1.0;6.0;47.192483;5.389255;2024-12-14 17:40:00
202400032817.0;1;2B;2B096;1;1;1.0;6.0;42.318082;9.147652;2024-06-21 11:30:00
202400032818.0;1;71;71410;1;1;2.0;6.0;46.695539;5.093434;2024-06-22 16:25:00
202400032819.0;1;77;77438;2;1;8.0;3.0;48.862132;2.674097;2024-11-08 11:50:00
202400032820.0;3;38;38061;1;3;2.0;1.0;45.322401;5.60682;2024-12-14 23:00:00
202400032821.0;3;1;1249;1;1;8.0;3.0;45.85858;4.910677;2024-12-15 19:12:00
202400032822.0;1;76;76341;2;2;1.0;7.0;49.51527;0.19893;2024-11-08 13:00:00
202400032823.0;1;71;71014;2;2;1.0;3.0;46.950255;4.298607;2024-06-21 21:35:00
202400032824.0;3;22;22223;1;1;8.0;1.0;48.565936;-3.192642;2024-12-14 18:00:00
202400032825.0;1;12;12119;1;2;1.0;3.0;44.675069;2.851027;2024-06-21 18:29:00
202400032826.0;1;72;72095;2;6;1.0;3.0;48.0241;0.2016;2024-11-07 14:30:00
202400032827.0;5;76;76464;2;3;2.0;6.0;49.363849;1.251631;2024-12-15 18:15:00
202400032828.0;1;34;34268;1;1;1.0;7.0;43.692391;3.440738;2024-06-21 19:20:00
202400032829.0;1;72;72003;2;6;8.0;6.0;47.9739;0.15898;2024-11-07 13:10:00
202400032830.0;3;62;62283;1;2;2.0;3.0;50.332048;2.277391;2024-12-08 19:30:00
202400032831.0;1;22;22046;1;1;1.0;4.0;48.323287;-2.49409;2024-06-21 17:00:00
202400032832.0;5;69;69266;2;6;1.0;1.0;45.78451;4.8968;2024-11-08 20:00:00
202400032833.0;5;59;59036;2;3;1.0;3.0;50.124855;3.932891;2024-11-20 18:05:00
202400032834.0;1;39;39286;2;1;1.0;7.0;46.389821;5.786346;2024-06-21 09:27:00
202400032835.0;3;25;25022;2;1;1.0;6.0;47.521442;6.658685;2024-06-22 01:00:00
202400032836.0;5;69;69266;2;3;1.0;3.0;45.75937;4.88487;2024-11-08 18:00:00
202400032837.0;1;44;44099;1;1;1.0;7.0;47.620549;-1.396058;2024-06-22 06:40:00
202400032838.0;3;13;13117;1;1;1.0;6.0;43.41819194;5.2736146;2024-12-15 06:47:00
202400032839.0;5;69;69264;2;6;1.0;3.0;45.99527;4.7208;2024-11-08 21:05:00
202400032840.0;1;84;84082;1;1;1.0;1.0;44.058047;5.166723;2024-06-22 06:45:00
202400032841.0;3;13;13215;1;1;1.0;2.0;43.3535;5.36496;2024-12-15 04:25:00
202400032842.0;5;69;69290;2;1;1.0;3.0;45.69532;4.94639;2024-11-08 19:45:00
202400032843.0;3;13;13106;1;1;1.0;2.0;43.40531663;5.36030933;2024-12-15 01:05:00
202400032844.0;1;69;69290;2;2;1.0;1.0;45.69452;4.94121;2024-11-08 13:15:00
202400032845.0;5;13;13212;1;1;2.0;2.0;43.31915276;5.42240059;2024-12-13 23:35:00
202400032846.0;1;3;3110;2;1;1.0;6.0;46.127995;3.357954;2024-06-21 18:30:00