Num_Acc;lum;departement;commune;agglomeration;intersection;meteo;type_collision;lat;long;date
202400032847.0;5;67;67267;2;1;1.0;5.0;48.56328;7.68987;2024-11-08 23:40:00
202400032848.0;3;15;15084;1;2;5.0;6.0;44.758695;2.466731;2024-06-22 03:55:00
202400032849.0;3;83;83137;1;1;1.0;2.0;43.12130629;5.95312715;2024-12-15 17:35:00
202400032850.0;1;58;58260;1;1;8.0;3.0;46.865623;3.187062;2024-06-22 09:10:00
202400032851.0;1;66;66136;2;1;1.0;3.0;42.67835;2.89102;2024-11-08 14:00:00
202400032852.0;5;83;83137;1;1;1.0;2.0;43.12783311;5.9251396;2024-12-13 17:53:00
202400032853.0;1;66;66024;1;1;1.0;7.0;42.53862064;2.83964396;2024-06-21 16:20:00
202400032854.0;1;33;33063;1;1;1.0;7.0;44.883295;-0.554705;2024-12-15 16:25:00
202400032855.0;1;64;64129;2;6;1.0;3.0;43.30517;-0.40138;2024-11-08 13:05:00
202400032856.0;1;14;14371;1;4;1.0;3.0;49.030238;0.243351;2024-06-21 17:00:00
202400032857.0;1;64;64129;2;9;1.0;2.0;43.30343;-0.3989;2024-11-08 09:50:00
202400032858.0;1;33;33063;1;1;1.0;4.0;44.880748;-0.540648;2024-12-15 14:35:00
202400032859.0;1;64;64445;2;1;1.0;7.0;43.30753;-0.33108;2024-11-08 08:50:00
202400032860.0;3;92;92002;1;1;8.0;6.0;48.73507;2.31567;2024-12-15 00:23:00
202400032861.0;1;64;64445;2;1;1.0;2.0;43.30243;-0.38114;2024-11-07 14:50:00
202400032862.0;3;91;91086;1;1;1.0;4.0;48.6255;2.39595;2024-12-14 18:45:00
202400032863.0;4;64;64445;2;2;1.0;3.0;43.30932122;-0.34419715;2024-11-07 06:30:00
202400032864.0;5;64;64102;2;1;1.0;3.0;43.48287;-1.50271;2024-11-08 21:40:00
202400032865.0;3;93;93064;1;1;1.0;5.0;48.87415257;2.47920871;2024-12-15 06:40:00
202400032866.0;5;64;64024;2;3;1.0;3.0;43.51193;-1.50028;2024-11-08 21:40:00
202400032867.0;1;94;94073;1;1;1.0;3.0;48.77083552;2.38789426;2024-12-15 13:30:00
202400032868.0;5;62;62250;2;9;1.0;2.0;50.44633748;2.94399665;2024-11-08 22:55:00
202400032869.0;3;94;94073;1;1;1.0;2.0;48.75424369;2.38104533;2024-12-15 04:50:00
202400032870.0;2;62;62119;2;6;2.0;3.0;50.5407947;2.65136349;2024-11-05 16:45:00
202400032871.0;1;91;91645;1;1;1.0;2.0;48.750367;2.277703;2024-08-26 20:15:00
202400032872.0;1;59;59560;2;1;1.0;6.0;50.54473;3.0245;2024-11-04 09:00:00
202400032873.0;1;91;91377;2;3;1.0;3.0;48.719783;2.300932;2024-08-23 13:15:00
202400032874.0;3;73;73116;1;1;1.0;6.0;45.21159583;6.3068381;2024-07-14 01:50:00
202400032875.0;1;59;59560;1;1;1.0;2.0;50.54936;3.04763;2024-11-07 15:20:00
202400032876.0;2;28;28003;1;1;1.0;1.0;48.713442;1.277901;2024-09-17 18:25:00
202400032877.0;1;59;59360;1;3;1.0;3.0;50.59672;3.03781;2024-11-07 10:15:00
202400032878.0;5;57;57123;2;1;5.0;3.0;49.16371596;6.71729577;2024-11-08 21:34:00
202400032879.0;2;28;28134;2;2;1.0;2.0;48.74382;1.35634;2024-09-29 19:45:00
202400032880.0;1;56;56121;2;1;8.0;6.0;47.74781;-3.36854;2024-11-08 09:30:00
202400032881.0;1;987;98735;2;2;1.0;3.0;-17.53593;-149.56639;2024-12-13 16:55:00
202400032882.0;5;54;54431;1;1;1.0;7.0;48.92389;6.0655;2024-11-06 17:50:00
202400032883.0;1;974;97411;1;9;1.0;7.0;-20.89468;55.37787;2024-12-14 18:20:00
202400032884.0;1;974;97411;2;1;1.0;6.0;-20.89105;55.41992;2024-12-14 09:00:00
202400032885.0;5;51;51454;2;2;1.0;3.0;49.219274;4.024142;2024-11-08 20:35:00
202400032886.0;3;974;97409;1;1;1.0;2.0;-20.95764;55.65717;2024-12-14 21:45:00
202400032887.0;5;973;97302;1;9;1.0;3.0;4.92967397;-52.3293972;2024-12-14 00:45:00
202400032888.0;5;51;51454;2;1;1.0;3.0;49.257667;4.03978;2024-11-08 19:25:00
202400032889.0;3;972;97213;1;1;1.0;2.0;14.59849;-61.00079;2024-12-14 19:10:00
202400032890.0;1;51;51454;2;1;1.0;3.0;49.247948;4.01254;2024-11-08 12:05:00
202400032891.0;5;2A;2A004;2;1;1.0;3.0;41.93414;8.75094;2024-12-15 23:45:00
202400032892.0;2;51;51454;2;2;1.0;3.0;49.24694;4.057352;2024-11-07 19:30:00
202400032893.0;5;91;91549;2;1;8.0;6.0;48.62777;2.34019;2024-12-14 19:00:00
202400032894.0;2;49;49007;1;1;1.0;4.0;47.4695;-0.59545;2024-11-08 07:50:00
202400032895.0;1;91;91457;1;6;1.0;3.0;48.57426;2.25877;2024-12-14 10:53:00
202400032896.0;5;49;49007;2;7;1.0;6.0;47.46734;-0.54539;2024-11-07 19:52:00
202400032897.0;1;91;91114;2;6;1.0;3.0;48.69461;2.502387;2024-12-14 10:05:00
202400032898.0;5;49;49007;2;3;1.0;3.0;47.48512;-0.54563;2024-11-07 18:48:00
202400032899.0;5;30;30011;1;6;1.0;2.0;43.9581;4.74655;2024-12-14 21:30:00
202400032900.0;5;78;78423;2;2;1.0;6.0;48.77967;2.04184;2024-12-14 16:40:00
202400032901.0;1;49;49007;2;2;8.0;3.0;47.45298;-0.56549;2024-11-07 08:35:00
202400032902.0;5;77;77373;2;1;1.0;6.0;48.79751;2.61428;2024-12-14 19:30:00
202400032903.0;1;77;77495;1;1;2.0;7.0;48.55117;2.60625;2024-12-14 15:00:00
202400032904.0;5;47;47001;2;2;1.0;3.0;44.2043;0.62063;2024-11-08 19:35:00
202400032905.0;5;77;77288;2;1;1.0;6.0;48.54746;2.64911;2024-12-13 17:50:00
202400032906.0;1;72;72181;2;1;1.0;6.0;47.98242;0.22733;2024-12-13 14:55:00
202400032907.0;3;45;45004;1;1;9.0;1.0;48.006003;2.81214;2024-11-08 07:10:00
202400032908.0;1;68;68066;2;2;1.0;6.0;48.06981;7.3654;2024-12-07 11:29:00
202400032909.0;5;45;45068;2;3;2.0;2.0;48.010065;2.738283;2024-11-08 02:35:00
202400032910.0;5;66;66136;2;3;1.0;3.0;42.73332255;2.86743164;2024-12-13 18:00:00
202400032911.0;1;44;44109;2;1;1.0;6.0;47.23361;-1.55933;2024-11-08 09:30:00
202400032912.0;5;64;64445;1;1;1.0;4.0;43.32235;-0.30088;2024-12-13 18:15:00
202400032913.0;3;44;44109;2;1;1.0;6.0;47.2322;-1.54487;2024-11-07 20:00:00
202400032914.0;2;64;64445;2;1;1.0;3.0;43.30097;-0.35966;2024-12-13 17:15:00
202400032915.0;1;43;43002;2;2;1.0;3.0;45.05045;3.87577;2024-11-08 13:35:00
202400032916.0;5;62;62193;2;3;1.0;1.0;50.95476007;1.85229081;2024-12-14 17:00:00
202400032917.0;5;40;40281;2;1;1.0;3.0;43.87098;-0.50119;2024-11-06 18:45:00
202400032918.0;5;54;54304;2;3;4.0;6.0;48.67953413;6.14622027;2024-12-14 18:59:00
202400032919.0;1;51;51454;2;9;1.0;7.0;49.22992;4.00748;2024-12-14 13:30:00
202400032920.0;1;38;38053;2;1;1.0;1.0;45.59661;5.23329;2024-11-08 15:20:00
202400032921.0;1;51;51454;2;1;1.0;6.0;49.24263;4.02321;2024-12-14 12:19:00
202400032922.0;5;37;37214;2;1;1.0;2.0;47.41891607;0.66407561;2024-11-07 23:15:00
202400032923.0;5;51;51454;2;4;1.0;3.0;49.23405;4.03972;2024-12-14 02:58:00
202400032924.0;1;36;36044;2;1;1.0;6.0;46.80635;1.69247;2024-11-08 08:16:00
202400032925.0;5;49;49007;2;2;1.0;3.0;47.47539;-0.54864;2024-12-14 18:22:00
202400032926.0;2;36;36063;1;1;1.0;5.0;46.84023047;1.71279967;2024-11-07 18:30:00
202400032927.0;1;35;35238;2;1;1.0;6.0;48.12017;-1.68286;2024-11-08 10:00:00
202400032928.0;1;45;45234;2;2;1.0;3.0;47.88268;1.90382;2024-12-14 10:15:00
202400032929.0;5;34;34172;2;1;1.0;1.0;43.5757;3.87022;2024-11-08 18:25:00
202400032930.0;3;44;44162;1;1;2.0;4.0;47.24058154;-1.62327403;2024-12-14 17:25:00
202400032931.0;1;34;34172;2;1;1.0;3.0;43.62334;3.86128;2024-11-08 14:05:00
202400032932.0;1;43;43157;2;1;4.0;3.0;45.02946;3.88474;2024-12-13 13:20:00
202400032933.0;1;33;33318;2;3;1.0;2.0;44.79903;-0.61944;2024-11-08 18:30:00
202400032934.0;4;42;42184;2;1;2.0;3.0;46.04317;4.04576;2024-12-14 23:30:00
202400032935.0;5;30;30007;2;1;1.0;7.0;44.12747;4.07813;2024-11-08 19:45:00
202400032936.0;1;38;38185;2;1;1.0;3.0;45.18288633;5.73357314;2024-12-13 15:40:00
202400032937.0;5;34;34172;2;1;1.0;2.0;43.60897;3.85488;2024-12-15 00:30:00
202400032938.0;1;27;27229;2;1;1.0;3.0;49.02623;1.158;2024-11-07 13:45:00
202400032939.0;1;19;19031;2;1;1.0;6.0;45.14483082;1.53732678;2024-11-08 10:50:00
202400032940.0;5;33;33069;2;3;2.0;3.0;44.867948;-0.576034;2024-12-15 00:25:00
202400032941.0;1;19;19031;2;2;1.0;3.0;45.15481;1.48061;2024-11-08 08:30:00
202400032942.0;4;17;17415;2;6;8.0;7.0;45.73692;-0.64402;2024-11-08 18:20:00
202400032943.0;5;33;33063;2;3;2.0;3.0;44.83702;-0.55627;2024-12-14 17:49:00
202400032944.0;5;14;14118;2;3;8.0;3.0;49.17482;-0.35246;2024-11-08 19:50:00
202400032945.0;1;13;13028;2;1;1.0;3.0;43.19746001;5.59799518;2024-11-08 12:45:00
202400032946.0;1;33;33249;2;6;1.0;3.0;44.86592;-0.51298;2024-12-13 16:30:00
202400032947.0;1;33;33318;2;1;1.0;7.0;44.810871;-0.6331999;2024-12-13 16:00:00
202400032948.0;3;13;13001;2;9;2.0;2.0;43.50376;5.39561;2024-11-08 19:00:00
202400032949.0;1;11;11069;2;1;1.0;6.0;43.20921;2.30809;2024-11-08 12:25:00
202400032950.0;2;33;33063;2;2;1.0;6.0;44.83487;-0.56335;2024-12-13 08:20:00
202400032951.0;1;10;10387;2;1;8.0;7.0;48.2903;4.0759;2024-11-08 10:03:00
202400032952.0;2;10;10387;2;2;2.0;3.0;48.28797;4.07445;2024-11-08 07:38:00
202400032953.0;1;31;31555;1;1;2.0;3.0;43.57593;1.44202;2024-12-14 09:57:00
202400032954.0;1;29;29019;2;1;1.0;6.0;48.3879;-4.52644;2024-12-14 16:30:00
202400032955.0;1;4;4112;1;1;1.0;4.0;43.81137;5.81033;2024-11-08 08:50:00
202400032956.0;1;27;27681;2;9;8.0;6.0;49.09;1.47;2024-12-14 10:32:00
202400032957.0;1;2;2691;2;3;8.0;1.0;49.85444;3.293228;2024-10-31 11:30:00
202400032958.0;1;25;25462;2;6;2.0;3.0;46.9179;6.34363;2024-12-14 14:27:00
202400032959.0;3;13;13039;1;1;3.0;3.0;43.47844;4.95777;2024-12-14 02:45:00
202400032960.0;5;75;75113;2;1;8.0;2.0;48.81773;2.350708;2024-11-08 19:00:00
202400032961.0;1;13;13203;2;1;1.0;1.0;43.30717339;5.38052149;2024-12-14 10:00:00
202400032962.0;3;75;75112;2;1;1.0;2.0;48.837816;2.412726;2024-11-07 01:15:00
202400032963.0;5;13;13028;2;1;8.0;7.0;43.17569132;5.59708168;2024-12-13 19:20:00
202400032964.0;1;75;75120;2;1;8.0;6.0;48.864889;2.385307;2024-11-08 14:00:00
202400032965.0;1;11;11262;2;1;1.0;6.0;43.15899;2.98203;2024-12-14 11:00:00
202400032966.0;1;75;75120;2;2;8.0;6.0;48.866667;2.397106;2024-11-08 10:35:00
202400032967.0;3;11;11069;2;1;2.0;2.0;43.20872;2.35966;2024-12-14 17:50:00
202400032968.0;1;75;75118;2;2;2.0;5.0;48.897886;2.344424;2024-11-08 08:40:00
202400032969.0;1;10;10387;2;3;2.0;1.0;48.30049;4.07488;2024-12-14 11:35:00
202400032970.0;5;75;75109;2;1;8.0;3.0;48.88034;2.34128;2024-11-07 22:00:00
202400032971.0;1;5;5061;2;3;1.0;6.0;44.54845;6.06688;2024-11-30 13:35:00
202400032972.0;2;3;3101;2;1;8.0;6.0;46.34537;2.55156;2024-12-14 07:50:00
202400032973.0;2;75;75116;2;1;1.0;1.0;48.85171;2.241739;2024-11-08 07:10:00
202400032974.0;5;3;3098;2;3;1.0;3.0;46.35865;2.61717;2024-12-13 18:30:00
202400032975.0;5;75;75116;2;2;1.0;6.0;48.858171;2.274836;2024-11-07 21:20:00
202400032976.0;1;1;1014;2;1;1.0;3.0;46.270467;5.671578;2024-12-13 14:45:00
202400032977.0;5;75;75116;2;3;1.0;3.0;48.874827;2.291729;2024-11-07 19:30:00
202400032978.0;5;75;75119;2;1;1.0;2.0;48.876436;2.378064;2024-12-14 03:35:00
202400032979.0;1;75;75115;2;1;8.0;7.0;48.840987;2.306239;2024-11-08 14:10:00
202400032980.0;2;75;75118;2;1;1.0;2.0;48.900356;2.344251;2024-12-13 17:00:00
202400032981.0;1;75;75114;2;2;8.0;6.0;48.835154;2.32999;2024-11-08 13:40:00
202400032982.0;5;75;75118;2;2;1.0;3.0;48.891691;2.348658;2024-12-13 23:45:00
202400032983.0;5;75;75117;2;2;8.0;3.0;48.885587;2.284607;2024-12-14 21:30:00
202400032984.0;1;75;75112;2;1;1.0;3.0;48.840074;2.393702;2024-11-08 10:40:00
202400032985.0;1;75;75117;2;2;1.0;3.0;48.881261;2.301071;2024-12-14 09:15:00
202400032986.0;5;75;75110;2;4;1.0;6.0;48.8718;2.36458;2024-11-08 18:30:00
202400032987.0;1;75;75115;2;2;1.0;2.0;48.839994;2.290351;2024-12-14 14:40:00
202400032988.0;1;75;75109;2;3;1.0;3.0;48.880015;2.337324;2024-11-08 10:40:00
202400032989.0;2;75;75107;2;1;1.0;6.0;48.851724;2.325921;2024-11-08 17:45:00
202400032990.0;5;75;75113;2;3;1.0;3.0;48.838892;2.360879;2024-12-14 20:20:00
202400032991.0;5;94;94067;2;1;1.0;3.0;48.84642553;2.41740954;2024-11-07 18:25:00
202400032992.0;5;75;75111;2;3;2.0;3.0;48.864754;2.373022;2024-12-14 21:00:00
202400032993.0;5;94;94043;2;6;1.0;3.0;48.80968;2.36263;2024-11-08 19:30:00
202400032994.0;1;75;75110;2;3;1.0;2.0;48.871649;2.372141;2024-12-14 12:25:00
202400032995.0;1;75;75110;2;1;1.0;3.0;48.874467;2.369827;2024-12-14 12:21:00
202400032996.0;5;94;94017;2;9;2.0;3.0;48.81990564;2.48255154;2024-11-07 20:35:00
202400032997.0;5;75;75109;2;2;1.0;6.0;48.876196;2.335357;2024-12-14 02:33:00
202400032998.0;1;94;94047;2;1;2.0;3.0;48.70772715;2.55587777;2024-11-08 08:50:00
202400032999.0;1;75;75107;2;3;1.0;6.0;48.862478;2.310524;2024-12-14 16:40:00
202400033000.0;5;93;93072;2;1;1.0;1.0;48.951155;2.376194;2024-11-08 21:00:00
202400033001.0;1;93;93066;2;3;2.0;3.0;48.94091469;2.34614432;2024-11-08 08:20:00
202400033002.0;5;75;75102;2;1;1.0;6.0;48.864253;2.35094;2024-12-13 18:55:00
202400033003.0;5;93;93064;2;1;1.0;2.0;48.87769;2.47471;2024-11-08 19:30:00
202400033004.0;5;75;75101;2;7;1.0;6.0;48.865421;2.340958;2024-12-13 02:25:00
202400033005.0;5;94;94068;2;7;1.0;3.0;48.802283;2.491917;2024-12-14 20:10:00
202400033006.0;2;93;93048;2;2;8.0;1.0;48.85289;2.42057;2024-11-08 15:30:00
202400033007.0;1;94;94043;2;1;1.0;6.0;48.81257188;2.36144149;2024-12-13 16:50:00
202400033008.0;1;93;93061;2;2;8.0;6.0;48.8804607;2.40830988;2024-11-08 13:05:00
202400033009.0;5;94;94022;2;1;1.0;3.0;48.768585;2.420384;2024-12-14 20:30:00
202400033010.0;5;93;93078;2;3;1.0;1.0;48.9608;2.53368;2024-12-14 02:35:00
202400033011.0;1;93;93064;2;1;1.0;3.0;48.8813687;2.47032109;2024-12-13 14:30:00
202400033012.0;5;93;93050;2;1;1.0;1.0;48.87517;2.53047;2024-12-14 17:30:00
202400033013.0;5;93;93048;2;9;2.0;1.0;48.8763;2.4623;2024-12-14 17:00:00
202400033014.0;5;93;93045;2;1;2.0;6.0;48.88237603;2.42453957;2024-12-14 22:00:00
202400033015.0;2;93;93048;2;1;2.0;6.0;48.87401191;2.44727826;2024-12-14 17:20:00
202400033016.0;5;93;93029;2;1;1.0;6.0;48.93123349;2.45677975;2024-12-14 01:45:00
202400033017.0;1;93;93047;2;1;1.0;6.0;48.89378;2.57801;2024-12-14 11:25:00
202400033018.0;1;93;93001;2;1;1.0;2.0;48.91594826;2.38153267;2024-12-14 11:10:00
202400033019.0;1;92;92075;2;1;1.0;7.0;48.82155933;2.28745423;2024-12-14 10:00:00
202400033020.0;5;92;92077;2;1;1.0;6.0;48.82833;2.19398;2024-12-14 01:25:00
202400033021.0;1;92;92063;2;1;1.0;3.0;48.86785217;2.19499223;2024-12-14 13:15:00
202400033022.0;5;92;92050;2;1;2.0;3.0;48.90163;2.20903;2024-12-14 18:31:00
202400033023.0;1;92;92050;2;1;1.0;3.0;48.88609;2.21344;2024-12-14 12:40:00
202400033024.0;1;92;92048;2;1;1.0;6.0;48.81889484;2.2231249;2024-12-14 11:40:00
202400033025.0;2;92;92007;2;1;1.0;6.0;48.79535599;2.31255656;2024-12-18 07:00:00
202400033026.0;5;92;92036;2;1;1.0;3.0;48.91904;2.29018;2024-12-13 22:30:00
202400033027.0;5;92;92002;2;2;2.0;3.0;48.75138764;2.3044534;2024-12-14 19:00:00
202400033028.0;3;31;31547;1;2;2.0;3.0;43.50419731;1.24821424;2024-12-15 02:20:00
202400033029.0;3;64;64117;1;1;2.0;6.0;43.375265;-0.573177;2024-12-14 00:35:00
202400033030.0;3;4;4203;1;1;9.0;6.0;44.36716;6.319322;2024-12-15 02:30:00
202400033031.0;3;56;56244;1;1;1.0;4.0;47.81495;-2.43907;2024-12-14 23:20:00
202400033032.0;1;67;67025;2;2;1.0;1.0;48.861123;8.081963;2024-12-13 08:20:00
202400033033.0;3;71;71305;1;1;3.0;6.0;46.465734;4.849571;2024-12-13 18:30:00
202400033034.0;5;49;49125;2;6;2.0;6.0;47.19576282;-0.26403138;2024-12-14 20:00:00
202400033035.0;3;35;35096;1;1;1.0;3.0;48.05411;-1.421489;2024-12-13 18:25:00
202400033036.0;1;29;29271;1;9;3.0;7.0;48.58829848;-4.13322308;2024-12-15 11:10:00
202400033037.0;1;29;29259;2;6;8.0;3.0;48.69024005;-3.98907871;2024-12-13 16:30:00
202400033038.0;1;29;29190;2;2;7.0;3.0;48.34457335;-4.71876899;2024-12-15 11:40:00
202400033039.0;1;2;2095;2;1;9.0;7.0;49.983179;3.446714;2024-12-15 15:32:00
202400033040.0;1;15;15003;1;1;8.0;6.0;45.157015;2.334251;2024-12-13 14:45:00
202400033041.0;4;72;72112;1;1;1.0;1.0;48.234064;0.249665;2024-12-15 05:55:00
202400033042.0;3;73;73070;1;1;1.0;1.0;45.609384;5.647659;2024-12-15 17:50:00
202400033043.0;3;10;10287;1;1;8.0;6.0;48.354438;4.34181;2024-12-13 21:40:00
202400033044.0;3;53;53170;1;1;1.0;7.0;48.349347;-0.668063;2024-12-15 01:25:00
202400033045.0;1;40;40029;1;1;3.0;1.0;43.649383;-0.480266;2024-12-14 15:05:00
202400033046.0;3;17;17309;1;1;5.0;1.0;45.170496;-0.056713;2024-12-14 18:00:00
202400033047.0;1;17;17342;2;1;1.0;1.0;45.518106;-0.66772;2024-12-13 16:30:00
202400033048.0;3;37;37250;1;1;1.0;6.0;47.262514;0.726535;2024-12-15 07:00:00
202400033049.0;3;973;97307;2;1;8.0;1.0;4.881519;-52.336383;2024-12-15 04:30:00
202400033050.0;1;39;39471;1;1;2.0;2.0;46.726414;5.506391;2024-12-14 14:40:00
202400033051.0;1;13;13050;1;1;1.0;1.0;43.637659;5.263047;2024-12-15 10:20:00
202400033052.0;5;13;13051;2;6;1.0;2.0;43.584564;5.139692;2024-12-14 20:45:00
202400033053.0;3;95;95678;1;1;8.0;3.0;49.0806661;2.25467048;2024-12-15 00:30:00
202400033054.0;1;69;69244;2;3;8.0;2.0;45.766075;4.764612;2024-12-15 08:50:00
202400033055.0;1;974;97418;2;9;1.0;3.0;-20.898949;55.517934;2024-12-13 15:20:00
202400033056.0;1;973;97304;1;1;1.0;3.0;5.074647;-52.60078;2024-12-14 17:15:00
202400033057.0;1;2A;2A163;1;1;2.0;1.0;41.490706;8.975444;2024-12-06 15:00:00
202400033058.0;5;11;11425;2;1;2.0;7.0;43.275667;2.337888;2024-12-14 17:20:00
202400033059.0;2;34;34057;2;1;7.0;3.0;43.626982;3.898768;2024-12-14 09:10:00
202400033060.0;3;89;89442;1;1;1.0;6.0;48.116428;3.135395;2024-12-15 06:50:00
202400033061.0;3;26;26206;1;9;2.0;7.0;44.840557;4.963449;2024-12-14 22:43:00
202400033062.0;1;69;69019;1;1;1.0;6.0;46.106442;4.710356;2024-12-15 14:55:00
202400033063.0;1;65;65089;1;1;1.0;1.0;42.883315;0.031393;2024-12-15 15:30:00
202400033064.0;2;79;79069;1;1;2.0;7.0;46.776743;-0.477219;2024-12-15 17:15:00
202400033065.0;3;86;86121;1;1;1.0;6.0;46.59833077;0.06818911;2024-12-14 05:39:00
202400033066.0;3;33;33101;1;2;2.0;3.0;45.200615;-0.572609;2024-12-14 19:00:00
202400033067.0;3;35;35047;1;1;1.0;5.0;48.035024;-1.758585;2024-12-14 20:10:00
202400033068.0;3;13;13015;1;1;2.0;5.0;43.42858285;5.38846117;2024-12-14 03:40:00
202400033069.0;1;33;33281;1;1;1.0;5.0;44.835384;-0.676606;2024-12-14 18:30:00
202400033070.0;1;33;33249;1;1;1.0;7.0;44.884607;-0.513312;2024-12-14 14:06:00
202400033071.0;1;33;33063;1;1;2.0;4.0;44.882095;-0.547991;2024-12-14 11:07:00
202400033072.0;1;91;91521;1;1;1.0;5.0;48.633731;2.403459;2024-12-14 13:25:00
202400033073.0;1;91;91434;1;1;1.0;6.0;48.668553;2.353344;2024-12-10 12:30:00
202400033074.0;1;92;92036;1;1;1.0;2.0;48.93784644;2.29759097;2024-12-14 12:20:00
202400033075.0;1;92;92025;1;1;1.0;4.0;48.92210032;2.22649712;2024-12-14 09:10:00
202400033076.0;3;78;78043;1;1;1.0;6.0;48.841952;2.101476;2024-12-13 23:40:00
202400033077.0;1;41;41157;1;2;3.0;3.0;47.454785;1.575712;2024-03-02 09:35:00
202400033078.0;1;85;85290;1;2;1.0;3.0;46.5396084;-1.0226485;2024-03-03 12:05:00
202400033079.0;3;21;21128;1;1;2.0;7.0;47.286826;4.507743;2024-03-03 01:30:00
202400033080.0;3;76;76244;1;1;5.0;3.0;49.711688;1.385264;2024-03-03 02:50:00
202400033081.0;3;58;58086;1;1;3.0;1.0;47.411565;2.945795;2024-03-03 06:15:00
202400033082.0;1;66;66028;2;1;1.0;3.0;42.688407;2.919934;2024-03-03 09:40:00
202400033083.0;1;56;56185;1;1;1.0;1.0;47.792169;-3.391943;2024-03-03 17:40:00
202400033084.0;2;74;74131;1;1;1.0;1.0;46.023236;5.906117;2024-03-03 18:25:00
202400033085.0;5;76;76230;2;1;1.0;6.0;49.470362;1.395237;2024-03-02 21:45:00
202400033086.0;1;80;80808;1;2;1.0;1.0;50.303321;1.843708;2024-03-03 14:50:00
202400033087.0;1;55;55198;1;1;1.0;1.0;49.10139176;5.62143832;2024-03-03 12:30:00
202400033088.0;1;42;42062;2;4;1.0;3.0;45.589287;4.398705;2024-03-02 14:40:00
202400033089.0;3;42;42238;1;1;3.0;7.0;45.794265;3.808833;2024-03-03 03:30:00
202400033090.0;1;44;44096;2;1;2.0;3.0;47.431856;-1.230565;2024-03-01 16:00:00
202400033091.0;1;31;31264;1;1;8.0;6.0;43.33596;1.397946;2024-03-02 17:20:00
202400033092.0;1;3;3029;1;1;2.0;6.0;46.243605;3.460307;2024-03-02 15:50:00
202400033093.0;3;1;1269;1;1;1.0;1.0;46.165105;5.584595;2024-03-02 23:10:00
202400033094.0;2;50;50425;1;1;1.0;7.0;49.526204;-1.643765;2024-03-03 18:30:00
202400033095.0;3;64;64436;1;1;3.0;1.0;43.25183;-1.318617;2024-03-03 04:35:00
202400033096.0;3;7;7225;2;1;3.0;6.0;45.276396;4.678904;2024-03-03 04:59:00
202400033097.0;1;37;37282;2;1;1.0;6.0;46.78494484;0.87545751;2024-03-03 09:55:00
202400033098.0;4;30;30163;1;1;2.0;7.0;43.955754;4.175856;2024-03-02 21:40:00
202400033099.0;3;13;13050;1;1;2.0;7.0;43.649352;5.223988;2024-03-02 21:00:00
202400033100.0;3;3;3031;1;1;3.0;6.0;46.388387;2.71785;2024-03-02 19:35:00
202400033101.0;1;38;38189;1;1;1.0;3.0;45.639488;5.047231;2024-03-01 15:05:00
202400033102.0;5;987;98714;2;1;1.0;6.0;-16.388;-151.765;2024-03-02 00:11:00
202400033103.0;1;988;98822;2;1;1.0;6.0;-20.915446;165.302525;2024-03-03 12:25:00
202400033104.0;3;23;23096;1;9;2.0;6.0;46.18255471;1.8774894;2024-04-09 00:35:00
202400033105.0;1;19;19031;2;1;2.0;2.0;45.163;1.54062;2024-04-09 13:55:00
202400033106.0;2;971;97117;2;1;1.0;3.0;16.334477;-61.366169;2024-02-26 18:30:00
202400033107.0;4;13;13203;2;1;1.0;1.0;43.32054;5.36744;2024-04-09 23:00:00
202400033108.0;3;13;13081;1;1;1.0;1.0;43.504714;5.209268;2024-02-24 18:55:00
202400033109.0;1;13;13022;1;1;8.0;7.0;43.226553;5.586237;2024-03-02 13:55:00
202400033110.0;1;13;13212;2;1;1.0;3.0;43.318;5.459;2024-04-09 07:43:00
202400033111.0;1;13;13030;1;1;8.0;1.0;43.268706;5.675726;2024-03-02 11:30:00
202400033112.0;1;13;13201;2;1;1.0;1.0;43.29347949;5.37426508;2024-04-08 14:30:00
202400033113.0;3;54;54346;1;1;2.0;6.0;48.795896;5.96755;2024-03-02 23:45:00
202400033114.0;1;11;11069;2;1;2.0;3.0;43.205439;2.330322;2024-04-09 17:30:00
202400033115.0;1;10;10325;2;1;1.0;6.0;48.2625;4.0802;2024-04-08 18:10:00
202400033116.0;1;1;1313;1;3;1.0;3.0;46.254076;6.062881;2024-02-28 11:00:00
202400033117.0;1;69;69228;1;1;8.0;7.0;45.595828;4.594286;2024-03-02 16:00:00
202400033118.0;1;6;6088;2;1;1.0;6.0;43.69501;7.26555;2024-04-07 19:25:00
202400033119.0;3;17;17086;1;1;2.0;1.0;45.745395;-0.581825;2024-03-02 06:12:00
202400033120.0;1;6;6004;1;6;1.0;3.0;43.6112;7.12671;2024-04-09 19:32:00
202400033121.0;1;50;50149;1;1;1.0;3.0;49.5562;-1.683534;2024-03-03 12:00:00
202400033122.0;1;6;6004;2;6;2.0;2.0;43.573872;7.090752;2024-04-09 10:45:00
202400033123.0;1;14;14753;2;3;1.0;2.0;48.933742;-0.261687;2024-03-02 15:25:00
202400033124.0;1;4;4112;2;1;1.0;6.0;43.82076;5.78721;2024-04-08 17:05:00
202400033125.0;1;60;60170;1;2;1.0;3.0;49.203651;2.550751;2024-03-03 18:10:00
202400033126.0;1;75;75120;2;1;1.0;3.0;48.869643;2.413267;2024-04-09 17:00:00
202400033127.0;1;75;75116;2;1;1.0;4.0;48.857166;2.25862;2024-04-09 08:15:00
202400033128.0;1;60;60570;1;2;1.0;3.0;49.250674;2.039267;2024-03-03 14:25:00
202400033129.0;5;75;75112;2;1;1.0;5.0;48.83025825;2.40253508;2024-04-07 00:01:00
202400033130.0;3;80;80685;1;1;3.0;6.0;49.702474;2.772063;2024-03-02 20:00:00