Num_Acc;lum;departement;commune;agglomeration;intersection;meteo;type_collision;lat;long;date
202400033131.0;2;75;75105;2;1;1.0;6.0;48.841008;2.362563;2024-04-07 05:54:00
202400033132.0;4;59;59370;2;1;1.0;4.0;50.30785467;3.97707378;2024-03-02 22:50:00
202400033133.0;1;75;75119;2;3;1.0;2.0;48.88009;2.39432;2024-04-09 13:15:00
202400033134.0;3;78;78322;1;1;8.0;2.0;48.78696;2.14949;2024-03-02 01:39:00
202400033135.0;1;75;75119;2;2;1.0;6.0;48.887801;2.389271;2024-04-09 11:25:00
202400033136.0;1;93;93007;1;1;3.0;4.0;48.94925302;2.44676549;2024-03-02 14:50:00
202400033137.0;3;95;95252;1;9;1.0;6.0;48.98651405;2.21082482;2024-03-02 02:50:00
202400033138.0;5;75;75119;2;2;2.0;3.0;48.892316;2.379178;2024-04-09 00:18:00
202400033139.0;1;75;75117;2;2;1.0;1.0;48.879707;2.289299;2024-04-09 10:45:00
202400033140.0;1;92;92036;1;1;1.0;4.0;48.93664875;2.29983248;2024-03-01 16:50:00
202400033141.0;1;75;75116;2;3;2.0;6.0;48.841695;2.266823;2024-04-09 18:20:00
202400033142.0;1;3;3229;2;1;1.0;3.0;46.673546;3.418885;2024-01-19 11:45:00
202400033143.0;1;93;93010;1;1;1.0;2.0;48.90722835;2.47254249;2024-03-01 15:03:00
202400033144.0;5;26;26235;2;1;6.0;7.0;44.384192;4.703532;2024-01-19 19:00:00
202400033145.0;1;75;75115;2;4;1.0;7.0;48.833919;2.290098;2024-04-09 08:15:00
202400033146.0;1;93;93029;1;1;1.0;2.0;48.92075942;2.42793146;2024-03-01 08:15:00
202400033147.0;1;69;69188;1;1;1.0;1.0;45.92166747;4.47264102;2024-01-20 14:50:00
202400033148.0;1;75;75115;2;2;1.0;3.0;48.844702;2.321253;2024-04-08 13:40:00
202400033149.0;1;94;94065;1;1;1.0;2.0;48.75377505;2.36790615;2024-03-01 09:00:00
202400033150.0;1;85;85155;1;1;1.0;2.0;46.708007;-1.42969;2024-01-19 15:45:00
202400033151.0;1;75;75112;2;3;1.0;6.0;48.842334;2.397886;2024-04-09 17:45:00
202400033152.0;2;987;98736;2;1;1.0;3.0;-17.530655;-149.562725;2024-02-29 16:30:00
202400033153.0;5;14;14047;2;3;2.0;6.0;49.287676;-0.711547;2024-01-17 18:30:00
202400033154.0;1;75;75111;2;3;8.0;6.0;48.869346;2.371636;2024-04-09 11:40:00
202400033155.0;1;974;97411;2;3;1.0;1.0;-20.90676;55.50092;2024-02-28 07:20:00
202400033156.0;1;62;62060;2;4;1.0;6.0;50.23263837;2.11543179;2024-01-15 13:48:00
202400033157.0;2;974;97411;1;1;2.0;7.0;-20.88647;55.43732;2024-02-23 05:10:00
202400033158.0;5;13;13212;1;1;1.0;4.0;43.29254;5.42506;2024-01-19 07:00:00
202400033159.0;1;974;97409;2;9;1.0;6.0;-20.96285;55.65857;2024-03-01 18:20:00
202400033160.0;1;75;75109;2;3;1.0;6.0;48.874164;2.327067;2024-04-09 09:49:00
202400033161.0;3;57;57452;1;1;9.0;2.0;49.1666574;6.18097953;2024-01-17 06:05:00
202400033162.0;1;974;97407;2;1;1.0;3.0;-20.95289;55.30341;2024-03-01 08:10:00
202400033163.0;1;973;97302;1;9;1.0;7.0;4.92157119;-52.32975304;2024-03-01 14:30:00
202400033164.0;1;75;75102;2;2;1.0;3.0;48.864413;2.351526;2024-05-16 14:00:00
202400033165.0;1;75;75108;2;2;1.0;3.0;48.868892;2.310335;2024-04-08 15:30:00
202400033166.0;5;973;97302;2;6;1.0;7.0;4.92466;-52.32321;2024-03-01 04:05:00
202400033167.0;1;94;94081;2;3;1.0;1.0;48.78324;2.3898;2024-05-16 19:30:00
202400033168.0;1;75;75108;2;4;1.0;2.0;48.871031;2.322461;2024-04-08 14:29:00
202400033169.0;1;57;57433;1;1;1.0;5.0;49.1958;6.1752;2024-01-08 08:35:00
202400033170.0;5;973;97302;2;3;1.0;3.0;4.92880868;-52.29472071;2024-02-29 21:35:00
202400033171.0;1;94;94067;2;1;2.0;4.0;48.84608;2.42174;2024-05-17 15:00:00
202400033172.0;1;75;75104;2;3;2.0;7.0;48.852435;2.360551;2024-04-09 14:14:00
202400033173.0;1;94;94033;2;3;1.0;3.0;48.85784;2.49149;2024-05-15 08:30:00
202400033174.0;4;33;33366;1;9;1.0;2.0;44.98031;-0.42981;2024-01-19 21:25:00
202400033175.0;2;69;69387;2;8;1.0;3.0;45.73163;4.82404;2024-03-01 06:14:00
202400033176.0;1;75;75103;2;1;2.0;3.0;48.868323;2.359621;2024-04-09 13:10:00
202400033177.0;1;94;94028;2;1;1.0;6.0;48.784415;2.470027;2024-05-16 14:30:00
202400033178.0;1;972;97209;2;9;1.0;6.0;14.61016;-61.0733;2024-03-01 11:25:00
202400033179.0;1;33;33013;1;9;2.0;2.0;44.866763;-0.50383;2024-01-18 15:20:00
202400033180.0;1;75;75104;2;1;1.0;7.0;48.85112;2.36112;2024-04-09 09:30:00
202400033181.0;1;94;94054;2;1;1.0;6.0;48.74522032;2.40447599;2024-05-17 18:20:00
202400033182.0;1;971;97101;1;1;1.0;3.0;16.23718;-61.51165;2024-02-24 07:15:00
202400033183.0;5;75;75101;2;3;1.0;6.0;48.858504;2.348215;2024-04-09 02:15:00
202400033184.0;2;33;33487;1;1;2.0;3.0;44.94534;-0.46564;2024-01-18 08:10:00
202400033185.0;1;94;94059;2;3;1.0;6.0;48.80906353;2.57376328;2024-05-17 08:03:00
202400033186.0;1;94;94017;2;1;1.0;7.0;48.82284433;2.49032432;2024-05-17 08:45:00
202400033187.0;3;93;93006;1;1;8.0;3.0;48.86954736;2.42993693;2024-01-19 00:15:00
202400033188.0;3;971;97113;1;1;2.0;1.0;16.21422;-61.466;2024-02-23 18:00:00
202400033189.0;2;94;94042;2;2;1.0;3.0;48.82004;2.478141;2024-04-08 20:20:00
202400033190.0;3;93;93007;1;1;4.0;6.0;48.93263882;2.48078248;2024-01-18 03:50:00
202400033191.0;1;94;94004;2;3;1.0;3.0;48.74411779;2.50512262;2024-05-14 12:45:00
202400033192.0;1;971;97113;2;9;1.0;1.0;16.212961;-61.50039732;2024-01-29 10:40:00
202400033193.0;1;94;94046;2;2;1.0;6.0;48.80654;2.44324;2024-04-09 07:20:00
202400033194.0;1;77;77175;1;1;1.0;2.0;48.672153;2.61152;2024-01-19 09:55:00
202400033195.0;1;94;94002;2;3;1.0;1.0;48.79903;2.42436;2024-05-17 18:55:00
202400033196.0;1;976;97611;2;1;3.0;6.0;-12.78353;45.23326;2024-01-18 07:00:00
202400033197.0;1;971;97101;1;1;1.0;3.0;16.28594;-61.46031;2024-02-18 06:50:00
202400033198.0;5;94;94037;2;3;1.0;3.0;48.81629;2.34165;2024-04-08 21:10:00
202400033199.0;1;94;94002;2;1;1.0;2.0;48.81412;2.41139;2024-05-16 17:05:00
202400033200.0;1;974;97407;1;1;1.0;7.0;-20.9518;55.3173;2024-01-18 11:55:00
202400033201.0;1;95;95268;2;1;2.0;6.0;48.9729754;2.42103159;2024-03-01 11:15:00
202400033202.0;1;77;77282;2;1;1.0;6.0;49.01466904;2.56419218;2024-05-17 17:20:00
202400033203.0;5;94;94081;2;1;2.0;6.0;48.79461331;2.39692309;2024-04-09 00:01:00
202400033204.0;1;972;97213;1;1;1.0;3.0;14.61845;-61.03071;2024-01-18 17:40:00
202400033205.0;5;95;95555;2;1;3.0;3.0;48.96347;2.27893;2024-03-01 19:20:00
202400033206.0;1;93;93066;2;2;1.0;1.0;48.942952;2.366676;2024-05-17 10:32:00
202400033207.0;1;93;93077;2;1;1.0;3.0;48.88028;2.49612;2024-05-17 13:48:00
202400033208.0;1;972;97213;2;2;1.0;2.0;14.6198;-61.00512;2024-01-18 06:10:00
202400033209.0;1;91;91645;2;9;2.0;3.0;48.73893;2.26703;2024-03-01 09:30:00
202400033210.0;1;93;93066;2;3;1.0;3.0;48.94481657;2.35347246;2024-04-09 17:00:00
202400033211.0;1;972;97209;2;1;1.0;6.0;14.60224;-61.07786;2024-01-18 12:45:00
202400033212.0;1;93;93055;2;1;8.0;2.0;48.89538;2.40895;2024-05-17 18:56:00
202400033213.0;5;84;84007;2;1;1.0;6.0;43.95169;4.8195;2024-03-02 02:10:00
202400033214.0;5;93;93062;2;2;1.0;6.0;48.89644;2.52935;2024-04-09 05:00:00
202400033215.0;3;83;83126;1;1;1.0;6.0;43.05880445;5.85809573;2024-02-29 19:35:00
202400033216.0;1;972;97209;2;3;1.0;3.0;14.61788;-61.07814;2024-01-18 08:15:00
202400033217.0;1;93;93053;2;3;2.0;5.0;48.8955;2.4435;2024-05-14 16:45:00
202400033218.0;2;93;93055;2;1;1.0;2.0;48.890761;2.405145;2024-04-08 20:35:00
202400033219.0;5;69;69385;2;2;3.0;6.0;45.75471;4.78871;2024-01-18 18:30:00
202400033220.0;1;83;83061;2;1;1.0;1.0;43.45818;6.76437;2024-02-16 16:50:00
202400033221.0;1;93;93049;2;2;1.0;3.0;48.8681;2.502;2024-05-17 18:45:00
202400033222.0;1;971;97107;2;9;2.0;6.0;16.04079;-61.5648;2024-01-16 13:00:00
202400033223.0;1;93;93049;2;2;2.0;3.0;48.85282;2.51322;2024-04-09 16:00:00
202400033224.0;1;93;93032;2;1;1.0;6.0;48.89662;2.53682;2024-05-15 19:15:00
202400033225.0;1;82;82121;2;6;8.0;3.0;44.01912;1.35968;2024-03-01 10:00:00
202400033226.0;1;2A;2A004;2;9;1.0;2.0;41.93379;8.75365;2024-01-18 11:18:00
202400033227.0;1;93;93046;2;1;1.0;6.0;48.92854472;2.55621529;2024-04-09 18:30:00
202400033228.0;1;93;93047;2;2;1.0;3.0;48.89242;2.54883;2024-05-17 15:20:00
202400033229.0;5;2A;2A004;2;1;2.0;2.0;41.94666;8.77257;2024-01-18 07:00:00
202400033230.0;1;79;79329;2;3;8.0;6.0;46.980323;-0.21241;2024-03-01 12:45:00
202400033231.0;1;92;92073;2;9;1.0;6.0;48.86948;2.22659;2024-04-08 15:20:00
202400033232.0;1;93;93010;2;1;1.0;2.0;48.899725;2.470977;2024-05-17 20:45:00
202400033233.0;1;91;91692;1;6;4.0;2.0;48.67388;2.19446;2024-01-18 09:30:00
202400033234.0;1;92;92051;2;9;1.0;3.0;48.89432555;2.26723945;2024-04-09 13:00:00
202400033235.0;2;79;79191;2;2;2.0;1.0;46.32169;-0.45554;2024-03-01 08:20:00
202400033236.0;5;93;93010;2;3;1.0;3.0;48.903652;2.477092;2024-05-16 23:55:00
202400033237.0;5;91;91286;1;1;1.0;4.0;48.64973;2.38497;2024-01-18 17:45:00
202400033238.0;1;93;93005;2;1;1.0;3.0;48.925444;2.490736;2024-05-17 16:15:00
202400033239.0;1;78;78650;2;2;2.0;3.0;48.886868;2.135025;2024-03-01 09:20:00
202400033240.0;1;92;92050;2;3;1.0;5.0;48.8866541;2.20665103;2024-04-09 11:45:00
202400033241.0;1;93;93001;2;1;1.0;6.0;48.919285;2.393653;2024-05-17 07:50:00
202400033242.0;1;91;91174;2;6;8.0;3.0;48.61103;2.45336;2024-01-18 08:40:00
202400033243.0;1;92;92020;2;1;1.0;3.0;48.80811;2.29951;2024-04-09 17:40:00
202400033244.0;2;77;77373;2;6;1.0;3.0;48.77850158;2.58622753;2024-03-01 07:00:00
202400033245.0;1;84;84081;2;2;2.0;6.0;43.94105;4.90959;2024-01-17 08:14:00
202400033246.0;1;92;92033;2;1;1.0;4.0;48.85201508;2.20460826;2024-05-17 15:36:00
202400033247.0;1;92;92020;2;1;1.0;3.0;48.80265783;2.29700232;2024-04-08 16:00:00
202400033248.0;5;83;83126;2;9;1.0;3.0;43.1149457;5.8714477;2024-01-15 18:15:00
202400033249.0;1;92;92040;2;1;1.0;6.0;48.81785343;2.24994403;2024-05-16 19:10:00
202400033250.0;1;77;77464;2;3;9.0;1.0;48.88298;2.71492;2024-03-01 09:15:00
202400033251.0;5;77;77169;2;1;1.0;7.0;48.82736;2.60006;2024-01-18 20:15:00
202400033252.0;1;92;92012;2;1;2.0;2.0;48.83906385;2.24729481;2024-04-09 14:25:00
202400033253.0;1;92;92036;2;1;1.0;3.0;48.93363889;2.31165218;2024-05-16 12:55:00
202400033254.0;1;77;77186;1;1;1.0;3.0;48.44356;2.64324;2024-02-28 16:00:00
202400033255.0;4;76;76351;2;1;4.0;2.0;49.490934;0.113286;2024-01-17 19:45:00
202400033256.0;1;92;92007;2;1;1.0;3.0;48.79816116;2.32253194;2024-04-09 18:51:00
202400033257.0;1;92;92036;2;3;1.0;3.0;48.91838401;2.30995417;2024-05-16 08:40:00
202400033258.0;1;76;76217;2;3;1.0;6.0;49.92286;1.07611;2024-01-18 12:00:00
202400033259.0;5;76;76351;2;1;2.0;3.0;49.49118;0.12584;2024-03-01 04:10:00
202400033260.0;5;92;92026;2;9;1.0;3.0;48.900241;2.26095915;2024-05-17 00:40:00
202400033261.0;1;92;92009;2;2;8.0;3.0;48.91691;2.27306;2024-04-05 17:45:00
202400033262.0;1;72;72181;2;6;1.0;3.0;47.96916;0.21495;2024-01-18 13:30:00
202400033263.0;1;65;65304;1;1;1.0;7.0;43.463547;0.006502;2024-04-10 16:30:00
202400033264.0;2;92;92012;2;1;1.0;3.0;48.83343425;2.24432731;2024-05-17 21:30:00
202400033265.0;5;74;74010;2;2;1.0;3.0;45.90645;6.11363;2024-03-01 21:00:00
202400033266.0;5;72;72181;1;6;1.0;4.0;48.03141;0.17863;2024-01-17 19:50:00
202400033267.0;1;92;92002;2;1;1.0;3.0;48.76382187;2.30840975;2024-05-16 16:40:00
202400033268.0;3;73;73011;2;4;1.0;3.0;45.65531376;6.36553024;2024-02-08 19:00:00
202400033269.0;1;69;69264;2;1;2.0;1.0;45.98004;4.73266;2024-01-18 16:20:00
202400033270.0;4;33;33243;2;1;1.0;6.0;44.943607;-0.235235;2024-05-18 02:35:00
202400033271.0;1;8;8268;1;3;2.0;3.0;49.5977248;4.91682118;2024-04-08 12:15:00
202400033272.0;3;72;72181;2;1;2.0;3.0;47.99464;0.19617;2024-02-29 19:00:00
202400033273.0;5;69;69259;2;2;2.0;6.0;45.69631;4.88381;2024-01-18 18:30:00
202400033274.0;2;95;95116;1;1;5.0;1.0;49.15997996;2.31983369;2024-05-18 05:11:00
202400033275.0;1;2A;2A348;1;1;1.0;1.0;42.111913;8.655789;2024-04-09 16:00:00
202400033276.0;1;71;71445;2;1;1.0;3.0;46.77586;4.88889;2024-02-28 11:20:00
202400033277.0;5;67;67447;2;3;2.0;3.0;48.608093;7.73508;2024-01-17 18:00:00
202400033278.0;5;33;33138;2;4;1.0;3.0;45.042391;-0.125871;2024-05-10 21:55:00
202400033279.0;1;71;71550;1;1;1.0;6.0;46.498913;4.901211;2024-04-10 17:00:00
202400033280.0;3;67;67482;2;8;2.0;6.0;48.54886;7.76587;2024-01-17 17:50:00
202400033281.0;1;69;69275;2;1;1.0;5.0;45.77108;4.96145;2024-03-01 12:00:00
202400033282.0;3;51;51398;1;1;1.0;7.0;49.13899824;3.83969551;2024-04-07 05:15:00
202400033283.0;1;33;33030;2;3;2.0;1.0;44.601583;-0.336451;2024-05-17 12:50:00
202400033284.0;5;66;66136;2;3;1.0;3.0;42.69049277;2.88547218;2024-01-18 18:30:00
202400033285.0;1;84;84137;1;1;1.0;6.0;44.217362;5.067648;2024-05-18 11:00:00
202400033286.0;5;69;69259;1;1;1.0;2.0;45.71876;4.87181;2024-03-01 23:20:00
202400033287.0;1;41;41091;1;1;1.0;6.0;47.618;1.26;2024-04-09 19:10:00
202400033288.0;3;66;66136;1;9;1.0;2.0;42.69945;2.91132;2024-01-17 18:20:00
202400033289.0;1;83;83054;1;1;1.0;2.0;43.160685;6.048714;2024-05-17 18:30:00
202400033290.0;3;62;62820;1;1;1.0;1.0;50.352471;2.504368;2024-04-10 05:50:00
202400033291.0;5;63;63113;2;6;3.0;3.0;45.79313;3.09586;2024-01-18 07:03:00
202400033292.0;1;69;69271;2;9;1.0;3.0;45.73854029;4.93565783;2024-03-01 11:20:00
202400033293.0;1;972;97221;1;1;1.0;2.0;14.508002;-60.981481;2024-05-18 05:50:00
202400033294.0;5;57;57143;2;1;2.0;6.0;49.2639;6.09922;2024-01-17 22:00:00
202400033295.0;1;972;97231;1;1;1.0;1.0;14.535177;-61.050339;2024-05-17 12:05:00
202400033296.0;1;69;69029;2;3;1.0;3.0;45.72482;4.89053;2024-02-29 08:55:00
202400033297.0;1;51;51083;1;3;1.0;3.0;49.031186;4.844112;2024-04-09 19:30:00
202400033298.0;3;59;59601;1;1;1.0;2.0;50.07180845;4.10815673;2024-04-09 21:30:00
202400033299.0;1;51;51454;2;1;4.0;3.0;49.2281;4.03756;2024-01-18 13:50:00
202400033300.0;5;69;69199;2;3;1.0;1.0;45.7009;4.85617;2024-02-28 20:45:00
202400033301.0;1;76;76736;1;1;1.0;1.0;49.845856;0.577356;2024-04-10 16:50:00
202400033302.0;3;35;35337;1;1;2.0;7.0;48.297284;-1.819353;2024-05-18 02:00:00
202400033303.0;5;51;51454;2;2;4.0;7.0;49.244008;4.049513;2024-01-18 06:27:00
202400033304.0;1;64;64545;1;1;1.0;1.0;43.38477;-1.69673;2024-03-01 08:14:00
202400033305.0;1;2A;2A271;1;1;1.0;3.0;41.95378214;8.79091054;2024-04-08 19:00:00
202400033306.0;1;6;6064;2;1;1.0;7.0;43.764098;7.177339;2024-05-18 12:40:00
202400033307.0;1;50;50129;2;6;2.0;2.0;49.63451;-1.61367;2024-01-17 12:00:00
202400033308.0;1;62;62215;1;1;1.0;6.0;50.47999505;2.96342083;2024-02-13 13:10:00
202400033309.0;5;71;71373;1;1;1.0;6.0;46.50895244;5.06160025;2024-04-10 20:40:00
202400033310.0;1;59;59553;2;1;1.0;2.0;50.598198;2.938762;2024-05-18 14:45:00
202400033311.0;1;61;61418;1;1;8.0;6.0;48.523561;0.638778;2024-04-06 16:05:00
202400033312.0;5;49;49267;2;1;2.0;3.0;47.47142;-0.51488;2024-01-17 08:15:00
202400033313.0;1;61;61006;1;2;1.0;3.0;48.745271;-0.038772;2024-02-27 12:55:00
202400033314.0;1;68;68203;1;1;1.0;7.0;47.90687716;7.29762646;2024-05-17 17:35:00
202400033315.0;1;25;25406;1;1;1.0;1.0;47.134009;6.041965;2024-04-10 18:15:00
202400033316.0;5;45;45169;2;1;2.0;2.0;47.92779;1.841355;2024-01-18 07:35:00
202400033317.0;1;71;71570;1;1;2.0;1.0;46.858056;4.965144;2024-05-18 10:50:00
202400033318.0;5;59;59512;2;2;2.0;6.0;50.6837;3.16326;2024-02-29 06:55:00
202400033319.0;3;29;29020;1;1;1.0;6.0;48.04487457;-4.06293574;2024-04-10 00:30:00
202400033320.0;1;12;12115;1;1;3.0;7.0;43.979834;3.187661;2024-05-18 09:00:00
202400033321.0;5;45;45234;2;3;2.0;3.0;47.90998;1.933715;2024-01-18 07:50:00
202400033322.0;1;59;59286;2;6;7.0;6.0;50.612216;2.973178;2024-02-13 09:30:00
202400033323.0;1;29;29172;1;1;1.0;6.0;48.18517;-4.224946;2024-04-09 18:50:00
202400033324.0;1;38;38229;2;6;2.0;6.0;45.214974;5.780538;2024-03-27 09:30:00
202400033325.0;1;21;21650;1;1;1.0;5.0;47.255772;4.852481;2024-05-17 16:48:00
202400033326.0;5;56;56260;2;2;1.0;3.0;47.64639;-2.76288;2024-02-27 20:25:00
202400033327.0;1;45;45068;2;2;1.0;2.0;48.00498;2.71848;2024-01-18 15:45:00
202400033328.0;1;62;62655;1;1;1.0;6.0;50.38730324;2.24540353;2024-05-18 15:00:00
202400033329.0;1;43;43130;1;2;8.0;3.0;45.033198;4.248147;2024-04-08 07:50:00
202400033330.0;5;37;37122;2;2;8.0;1.0;47.35558658;0.69863212;2024-01-18 21:10:00
202400033331.0;1;51;51380;1;1;1.0;7.0;48.873741;3.581618;2024-05-17 17:45:00
202400033332.0;5;54;54339;2;1;1.0;1.0;48.73217;6.18365;2024-03-01 18:30:00
202400033333.0;1;7;7349;1;9;1.0;3.0;44.814971;4.792174;2024-04-10 16:30:00
202400033334.0;5;37;37208;2;1;2.0;6.0;47.36926;0.71899;2024-01-17 08:00:00
202400033335.0;2;53;53029;1;1;1.0;6.0;47.80252259;-0.49773986;2024-04-10 07:08:00
202400033336.0;5;51;51454;2;2;1.0;3.0;49.26461;4.05158;2024-03-01 18:35:00
202400033337.0;1;76;76357;1;1;1.0;4.0;49.59405834;0.26509809;2024-05-17 15:36:00
202400033338.0;1;34;34108;2;1;8.0;6.0;43.43853119;3.7425895;2024-01-18 09:42:00
202400033339.0;1;51;51168;1;1;1.0;6.0;48.91466;4.31367;2024-03-01 12:40:00
202400033340.0;1;21;21496;2;9;1.0;7.0;47.304242;5.417642;2024-04-06 16:30:00
202400033341.0;1;34;34172;2;9;1.0;3.0;43.62957;3.87026;2024-01-18 09:20:00
202400033342.0;1;2A;2A324;1;2;1.0;2.0;42.075108;9.002974;2024-05-17 15:30:00
202400033343.0;1;8;8388;1;2;1.0;3.0;49.696197;4.727603;2024-04-10 16:30:00
202400033344.0;5;50;50129;2;2;2.0;3.0;49.65291;-1.65394;2024-02-24 20:00:00
202400033345.0;2;31;31555;1;1;1.0;2.0;43.64152097;1.4218139;2024-01-18 17:00:00
202400033346.0;1;82;82134;2;1;1.0;1.0;44.072573;1.538596;2024-05-18 19:15:00
202400033347.0;1;47;47001;1;9;1.0;3.0;44.18149;0.61901;2024-03-01 10:48:00
202400033348.0;2;8;8003;1;1;1.0;1.0;49.768515;4.745938;2024-04-07 19:30:00
202400033349.0;1;71;71230;1;1;1.0;3.0;46.588044;4.060285;2024-05-18 15:48:00
202400033350.0;1;31;31483;2;2;1.0;3.0;43.10551;0.71646;2024-01-18 13:35:00
202400033351.0;1;71;71014;1;1;1.0;6.0;46.980245;4.255915;2024-05-18 19:15:00
202400033352.0;3;38;38401;1;1;3.0;2.0;45.56023332;5.41192549;2024-04-09 22:10:00
202400033353.0;1;46;46042;2;3;8.0;2.0;44.46393;1.42856;2024-01-19 16:55:00
202400033354.0;1;41;41280;2;1;1.0;6.0;47.298052;1.768123;2024-05-18 16:25:00
202400033355.0;5;971;97106;2;1;1.0;2.0;16.163245;-61.77542;2024-04-09 22:45:00
202400033356.0;1;27;27681;2;1;1.0;2.0;49.07631;1.48692;2024-01-18 16:20:00
202400033357.0;2;68;68307;1;1;2.0;1.0;47.805935;6.858644;2024-05-17 20:15:00
202400033358.0;1;45;45234;2;2;1.0;3.0;47.92279;1.92967;2024-03-01 14:30:00
202400033359.0;1;77;77273;1;3;1.0;3.0;49.04796;2.747199;2024-04-10 08:45:00
202400033360.0;1;22;22294;1;1;3.0;7.0;48.365887;-3.08085;2024-05-17 18:30:00
202400033361.0;5;27;27229;2;1;2.0;3.0;49.01163;1.15234;2024-01-17 18:05:00
202400033362.0;1;78;78548;1;1;1.0;6.0;48.709527;2.001571;2024-04-06 18:45:00
202400033363.0;1;22;22255;2;3;1.0;6.0;48.183289;-2.634251;2024-05-18 09:30:00
202400033364.0;3;26;26362;1;3;1.0;3.0;44.94932;4.93773;2024-01-11 19:30:00
202400033365.0;5;44;44109;2;1;1.0;6.0;47.21342;-1.5631;2024-03-01 03:15:00
202400033366.0;1;63;63284;2;7;1.0;3.0;45.79925;3.244263;2024-04-10 14:04:00
202400033367.0;5;25;25462;2;2;2.0;6.0;46.90379;6.35223;2024-01-18 07:45:00
202400033368.0;1;37;37122;2;1;1.0;3.0;47.35654;0.6626;2024-03-01 13:00:00
202400033369.0;1;69;69005;1;1;1.0;1.0;45.923976;4.74854;2024-04-08 16:30:00
202400033370.0;1;81;81117;1;1;2.0;6.0;43.80346;2.0449449;2024-04-10 09:20:00
202400033371.0;1;14;14366;2;6;1.0;7.0;49.14263;0.22274;2024-01-16 16:39:00
202400033372.0;2;25;25406;2;1;1.0;6.0;47.138881;6.0438;2024-05-18 07:25:00
202400033373.0;1;36;36063;1;2;1.0;3.0;46.84034055;1.70169532;2024-03-01 08:13:00
202400033374.0;1;17;17351;1;1;1.0;7.0;45.822863;-1.068871;2024-04-03 17:30:00
202400033375.0;4;14;14137;1;1;4.0;6.0;49.187964;-0.423804;2024-01-17 19:00:00
202400033376.0;1;26;26113;1;1;1.0;3.0;44.767745;5.318477;2024-05-18 11:15:00
202400033377.0;1;13;13106;2;9;1.0;7.0;43.38867;5.36056;2024-01-18 10:20:00
202400033378.0;1;56;56246;1;3;1.0;1.0;48.050227;-2.960252;2024-04-10 19:08:00
202400033379.0;3;6;6105;1;1;1.0;6.0;43.678185;7.042006;2024-05-18 01:40:00
202400033380.0;1;35;35238;1;1;2.0;4.0;48.1122;-1.71855;2024-03-01 08:30:00
202400033381.0;1;59;59611;2;3;1.0;2.0;50.67831913;2.99347937;2024-04-10 08:45:00
202400033382.0;1;50;50359;1;3;1.0;3.0;48.605021;-0.891502;2024-05-14 08:45:00
202400033383.0;1;34;34172;2;1;1.0;2.0;43.61654;3.9141;2024-03-01 09:45:00
202400033384.0;1;13;13213;2;2;8.0;3.0;43.34351;5.44625;2024-01-17 12:10:00
202400033385.0;1;13;13215;1;1;2.0;2.0;43.34525729;5.37428047;2024-04-09 07:45:00
202400033386.0;1;34;34172;2;1;1.0;6.0;43.60184;3.91787;2024-02-26 08:50:00
202400033387.0;1;13;13047;1;4;1.0;3.0;43.58521;4.94578;2024-01-12 14:45:00
202400033388.0;1;34;34172;2;9;1.0;7.0;43.58572;3.87663;2024-02-29 12:50:00
202400033389.0;1;69;69259;1;1;1.0;3.0;45.71822442;4.86847152;2024-04-08 20:00:00
202400033390.0;1;45;45014;1;1;1.0;7.0;48.198749;2.371287;2024-05-17 12:40:00
202400033391.0;1;11;11069;2;1;1.0;6.0;43.20235;2.32906;2024-01-18 10:25:00
202400033392.0;1;91;91434;1;1;1.0;2.0;48.66955;2.3501;2024-04-09 07:00:00
202400033393.0;1;45;45098;2;1;1.0;3.0;47.819094;1.753636;2024-05-12 11:30:00
202400033394.0;1;33;33063;2;2;2.0;3.0;44.83659;-0.5989;2024-03-01 10:35:00
202400033395.0;2;7;7316;2;9;2.0;2.0;44.89236;4.85053;2024-01-18 08:00:00
202400033396.0;1;78;78466;1;2;1.0;3.0;48.92614;1.99752;2024-04-08 19:00:00
202400033397.0;1;6;6069;2;1;1.0;3.0;43.65325;6.94558;2024-01-18 14:10:00
202400033398.0;1;18;18206;1;2;1.0;3.0;47.147138;2.3569;2024-05-18 12:30:00
202400033399.0;1;33;33529;2;6;2.0;2.0;44.605026;-1.130651;2024-03-01 13:00:00
202400033400.0;1;92;92050;1;1;1.0;6.0;48.90183264;2.20286349;2024-04-08 09:40:00
202400033401.0;1;10;10225;1;1;5.0;6.0;48.50604726;3.56229544;2024-05-18 07:00:00
202400033402.0;1;92;92050;1;1;1.0;3.0;48.89897612;2.21449023;2024-04-08 09:13:00
202400033403.0;1;75;75101;2;3;2.0;3.0;48.865098;2.331606;2024-01-17 13:24:00
202400033404.0;1;30;30325;1;1;3.0;6.0;43.990514;3.688574;2024-05-14 16:45:00
202400033405.0;4;92;92072;1;1;1.0;6.0;48.82701466;2.2242259;2024-04-08 06:20:00
202400033406.0;5;31;31555;2;1;2.0;3.0;43.5983;1.4185;2024-02-29 18:45:00
202400033407.0;1;93;93066;1;1;1.0;2.0;48.92480847;2.34052802;2024-04-09 20:00:00
202400033408.0;1;75;75105;2;3;2.0;3.0;48.850406;2.353521;2024-01-17 11:25:00
202400033409.0;5;29;29019;2;1;1.0;3.0;48.389467;-4.483134;2024-03-08 07:20:00
202400033410.0;1;93;93064;1;1;1.0;4.0;48.87467004;2.47902095;2024-04-09 19:10:00
202400033411.0;1;75;75119;2;1;9.0;3.0;48.882743;2.383655;2024-01-18 14:45:00
202400033412.0;1;67;67045;1;1;1.0;7.0;48.489961;7.507524;2024-05-16 06:50:00
202400033413.0;5;29;29019;2;1;2.0;6.0;48.386337;-4.464993;2024-03-01 01:30:00