Num_Acc;lum;departement;commune;agglomeration;intersection;meteo;type_collision;lat;long;date
202400033980.0;1;83;83126;2;1;1.0;6.0;43.07363;5.87392;2024-08-29 10:10:00
202400033981.0;1;75;75117;2;3;1.0;3.0;48.883206;2.29664;2024-07-22 11:55:00
202400033982.0;1;83;83069;1;1;1.0;3.0;43.11485;6.19324;2024-08-28 09:50:00
202400033983.0;1;75;75112;2;3;1.0;2.0;48.848108;2.39826;2024-07-21 11:00:00
202400033984.0;1;78;78029;2;1;1.0;6.0;48.96257;1.85741;2024-08-29 11:25:00
202400033985.0;1;75;75111;2;4;1.0;6.0;48.863203;2.385653;2024-07-22 17:40:00
202400033986.0;1;77;77251;2;1;1.0;6.0;48.61824;2.54624;2024-08-29 19:14:00
202400033987.0;1;75;75107;2;3;1.0;7.0;48.849416;2.315065;2024-07-22 18:40:00
202400033988.0;1;77;77251;2;1;1.0;3.0;48.61292;2.5478;2024-08-28 19:43:00
202400033989.0;1;75;75107;2;3;1.0;6.0;48.85972;2.307836;2024-07-22 09:33:00
202400033990.0;1;73;73008;2;1;1.0;6.0;45.68896095;5.9040665;2024-08-28 11:53:00
202400033991.0;1;94;94054;2;1;1.0;3.0;48.74488166;2.4067322;2024-07-22 14:10:00
202400033992.0;1;94;94022;2;1;1.0;6.0;48.7651;2.40799;2024-07-22 10:10:00
202400033993.0;2;69;69029;2;1;1.0;3.0;45.74125;4.92;2024-08-29 19:45:00
202400033994.0;1;93;93066;2;4;1.0;6.0;48.915435;2.358131;2024-07-22 17:30:00
202400033995.0;1;69;69259;2;1;1.0;6.0;45.71572;4.87812;2024-08-29 14:30:00
202400033996.0;1;93;93077;2;3;1.0;3.0;48.89123;2.50777;2024-07-22 08:25:00
202400033997.0;5;67;67482;2;1;1.0;3.0;48.54539;7.77202;2024-08-29 20:30:00
202400033998.0;1;93;93031;2;1;1.0;3.0;48.95132889;2.32174873;2024-07-22 15:50:00
202400033999.0;1;92;92072;2;1;1.0;7.0;48.81139904;2.21061632;2024-07-22 13:47:00
202400034000.0;1;67;67267;2;1;7.0;6.0;48.54881;7.68409;2024-08-29 17:30:00
202400034001.0;1;92;92072;2;1;1.0;1.0;48.82578224;2.20597158;2024-07-22 10:50:00
202400034002.0;1;67;67482;2;2;1.0;2.0;48.55709;7.74759;2024-08-29 13:50:00
202400034003.0;5;92;92050;2;3;1.0;6.0;48.90786019;2.2135473;2024-07-22 00:18:00
202400034004.0;1;65;65440;2;1;1.0;6.0;43.23122;0.05477;2024-08-29 17:20:00
202400034005.0;5;92;92025;2;1;1.0;3.0;48.92215265;2.23839927;2024-07-21 23:17:00
202400034006.0;1;35;35176;2;1;1.0;6.0;47.830214;-1.847369;2024-07-22 15:30:00
202400034007.0;5;64;64260;2;3;2.0;3.0;43.36618617;-1.76972888;2024-08-29 21:13:00
202400034008.0;1;66;66063;1;1;1.0;3.0;42.47639124;2.85367727;2024-07-23 16:12:00
202400034009.0;1;64;64445;2;6;1.0;3.0;43.30427;-0.36683;2024-08-28 10:40:00
202400034010.0;1;16;16013;1;2;1.0;1.0;45.624813;-0.077832;2024-07-22 14:00:00
202400034011.0;1;64;64445;2;6;1.0;6.0;43.31285;-0.34554;2024-08-27 18:10:00
202400034012.0;1;41;41148;1;1;6.0;1.0;47.641856;1.424489;2024-03-28 16:50:00
202400034013.0;1;64;64122;2;1;2.0;1.0;43.46484;-1.53677;2024-08-29 10:10:00
202400034014.0;1;31;31116;2;1;1.0;6.0;43.686654;1.451118;2024-06-29 14:00:00
202400034015.0;1;45;45030;1;1;1.0;2.0;48.083034;2.461133;2024-07-17 09:30:00
202400034016.0;1;64;64102;2;1;1.0;4.0;43.51277201;-1.43803619;2024-08-29 19:20:00
202400034017.0;3;42;42232;2;1;1.0;6.0;46.060654;3.920397;2024-07-23 00:30:00
202400034018.0;1;62;62351;2;1;7.0;2.0;50.42998543;2.92210364;2024-08-28 12:45:00
202400034019.0;1;60;60176;2;1;1.0;3.0;49.221318;2.911329;2024-07-23 08:10:00
202400034020.0;1;62;62042;2;3;1.0;6.0;50.29717972;2.83822265;2024-07-21 19:40:00
202400034021.0;5;59;59350;2;1;1.0;4.0;50.64869;3.06812;2024-08-29 00:15:00
202400034022.0;1;57;57057;1;4;1.0;3.0;48.990695;6.380787;2024-07-22 15:55:00
202400034023.0;1;58;58194;2;3;1.0;3.0;46.9926;3.16035;2024-08-29 15:30:00
202400034024.0;1;82;82112;1;3;1.0;3.0;44.09326;1.103257;2024-07-18 15:27:00
202400034025.0;1;33;33506;1;1;1.0;6.0;44.705815;-0.067806;2024-07-21 19:10:00
202400034026.0;1;56;56121;2;2;1.0;3.0;47.75217;-3.37035;2024-08-28 14:32:00
202400034027.0;1;32;32359;1;1;1.0;2.0;43.725398;0.816121;2024-07-23 09:40:00
202400034028.0;1;89;89128;1;2;1.0;3.0;47.601;3.9548;2024-07-20 09:31:00
202400034029.0;1;56;56098;2;3;1.0;3.0;47.7687;-3.3333;2024-08-28 10:55:00
202400034030.0;1;63;63368;1;4;1.0;7.0;45.701032;3.309867;2024-07-23 18:00:00
202400034031.0;1;56;56121;2;1;1.0;6.0;47.73507;-3.38922;2024-08-28 11:41:00
202400034032.0;1;49;49218;1;1;1.0;6.0;47.29756667;-0.89289382;2024-07-22 14:00:00
202400034033.0;1;47;47310;2;1;7.0;6.0;44.395037;0.310627;2024-07-23 16:40:00
202400034034.0;1;54;54274;2;3;1.0;1.0;48.6656;6.2081;2024-08-28 13:30:00
202400034035.0;1;34;34210;1;1;1.0;3.0;43.592219;3.502579;2024-07-11 19:15:00
202400034036.0;1;68;68107;1;1;1.0;2.0;47.630318;7.140062;2024-07-22 14:00:00
202400034037.0;1;51;51454;2;2;1.0;3.0;49.27345;4.02403;2024-08-28 18:00:00
202400034038.0;1;39;39390;2;1;1.0;6.0;46.600574;5.638985;2024-07-18 09:15:00
202400034039.0;1;51;51108;2;6;1.0;3.0;48.978;4.356;2024-08-27 18:55:00
202400034040.0;1;38;38229;2;3;1.0;3.0;45.203891;5.762485;2024-07-22 08:30:00
202400034041.0;1;49;49007;2;2;1.0;1.0;47.45305;-0.53858;2024-08-28 12:00:00
202400034042.0;1;2;2758;2;2;1.0;3.0;49.407366;3.515692;2024-07-21 18:05:00
202400034043.0;2;45;45234;2;2;1.0;3.0;47.9036;1.91845;2024-08-29 19:30:00
202400034044.0;5;45;45208;2;1;1.0;3.0;48.00007;2.73165;2024-08-28 23:00:00
202400034045.0;3;84;84050;1;1;1.0;7.0;43.873581;5.19664;2024-07-19 04:30:00
202400034046.0;1;43;43157;2;1;1.0;6.0;45.02961;3.88473;2024-08-29 08:30:00
202400034047.0;1;3;3292;1;1;1.0;7.0;46.418756;3.111164;2024-07-23 08:00:00
202400034048.0;2;42;42127;2;1;7.0;6.0;46.0628;4.0598;2024-08-29 08:25:00
202400034049.0;1;6;6150;1;1;1.0;7.0;43.728964;7.392941;2024-07-18 15:00:00
202400034050.0;1;41;41212;2;3;1.0;3.0;47.56601;1.36621;2024-08-28 12:15:00
202400034051.0;1;14;14102;1;1;1.0;1.0;49.232059;0.194653;2024-07-21 11:15:00
202400034052.0;1;38;38185;2;1;1.0;3.0;45.18867;5.73326;2024-08-29 18:50:00
202400034053.0;1;14;14274;1;1;1.0;5.0;49.129067;-0.44291;2024-07-22 20:00:00
202400034054.0;1;38;38151;2;2;1.0;3.0;45.15467;5.71229;2024-08-29 14:30:00
202400034055.0;3;5;5011;1;1;1.0;6.0;44.549741;6.201503;2024-07-23 04:00:00
202400034056.0;1;36;36202;2;9;1.0;2.0;46.78740113;1.65471375;2024-08-29 09:21:00
202400034057.0;1;64;64538;1;1;1.0;1.0;43.134631;-1.266662;2024-07-23 14:10:00
202400034058.0;1;73;73067;2;3;1.0;7.0;45.362191;6.304259;2024-07-22 07:10:00
202400034059.0;5;34;34172;2;1;1.0;4.0;43.59832;3.87334;2024-08-29 06:20:00
202400034060.0;3;18;18135;1;1;3.0;7.0;46.652478;2.256194;2024-07-21 01:45:00
202400034061.0;1;33;33063;2;1;1.0;3.0;44.83603;-0.5877;2024-08-29 19:30:00
202400034062.0;1;7;7338;1;1;1.0;6.0;44.891337;4.661905;2024-07-23 13:55:00
202400034063.0;1;29;29232;2;3;1.0;3.0;47.97970535;-4.103297;2024-08-29 16:36:00
202400034064.0;1;85;85204;1;3;1.0;3.0;46.816097;-1.749669;2024-07-11 14:05:00
202400034065.0;5;37;37203;2;1;1.0;1.0;47.40592567;0.73736644;2024-07-22 23:05:00
202400034066.0;1;29;29232;2;1;1.0;2.0;47.99701;-4.10903;2024-08-28 14:25:00
202400034067.0;1;30;30197;1;1;1.0;7.0;44.135514;4.209684;2024-07-23 09:00:00
202400034068.0;1;24;24206;1;1;1.0;1.0;44.763632;1.060073;2024-07-21 16:12:00
202400034069.0;1;25;25056;2;1;7.0;3.0;47.21993;5.97241;2024-08-29 19:00:00
202400034070.0;1;42;42209;1;1;1.0;6.0;45.865585;4.305223;2024-07-22 17:00:00
202400034071.0;1;22;22113;2;6;1.0;3.0;48.74682;-3.46207;2024-08-20 15:35:00
202400034072.0;5;17;17306;2;4;3.0;7.0;45.625368;-1.014166;2024-08-29 05:20:00
202400034073.0;1;30;30189;1;1;1.0;4.0;43.844834;4.416826;2024-07-23 16:00:00
202400034074.0;5;13;13213;2;1;1.0;7.0;43.34687;5.42739;2024-08-29 02:48:00
202400034075.0;1;60;60142;1;1;1.0;3.0;49.135933;2.535653;2024-07-23 15:23:00
202400034076.0;5;13;13213;2;3;1.0;5.0;43.33429;5.43206;2024-08-29 06:30:00
202400034077.0;1;976;97608;2;9;1.0;7.0;-12.781743;45.278022;2024-07-23 12:58:00
202400034078.0;1;13;13063;1;1;1.0;1.0;43.56438;5.02666;2024-08-29 12:00:00
202400034079.0;3;2B;2B168;1;1;1.0;7.0;42.636149;8.967864;2024-07-21 20:45:00
202400034080.0;3;10;10387;2;1;1.0;3.0;48.29166;4.0806;2024-08-28 23:00:00
202400034081.0;1;10;10387;2;2;7.0;1.0;48.30382;4.06198;2024-08-28 13:27:00
202400034082.0;3;2B;2B093;1;1;1.0;1.0;42.621881;8.907965;2024-07-21 00:30:00
202400034083.0;1;7;7019;1;1;1.0;6.0;44.61404;4.40651;2024-08-28 17:50:00
202400034084.0;3;66;66008;2;1;1.0;6.0;42.562631;3.03367;2024-07-14 05:35:00
202400034085.0;1;6;6159;1;1;1.0;3.0;43.71235;7.32008;2024-08-29 11:55:00
202400034086.0;1;83;83151;2;1;1.0;6.0;43.43081267;6.13472908;2024-07-22 19:30:00
202400034087.0;1;6;6029;2;1;1.0;3.0;43.5594602;6.9681826;2024-08-28 11:05:00
202400034088.0;1;83;83138;1;2;7.0;3.0;43.617264;6.713094;2024-07-19 15:40:00
202400034089.0;2;1;1451;1;1;1.0;2.0;46.24847;5.23023;2024-08-28 20:15:00
202400034090.0;1;71;71372;2;2;1.0;3.0;46.17641809;4.73873511;2024-07-22 18:50:00
202400034091.0;1;71;71069;1;1;1.0;6.0;46.33419494;4.70182418;2024-07-22 20:30:00
202400034092.0;1;75;75116;2;1;1.0;4.0;48.861934;2.2646;2024-08-29 15:50:00
202400034093.0;1;73;73328;1;4;1.0;3.0;45.657524;5.894546;2024-07-23 12:25:00
202400034094.0;1;75;75114;2;1;1.0;3.0;48.821752;2.317932;2024-08-28 09:00:00
202400034095.0;1;42;42073;1;1;1.0;6.0;45.792469;4.304538;2024-07-23 09:30:00
202400034096.0;1;75;75112;2;1;1.0;4.0;48.826916;2.390358;2024-08-28 07:20:00
202400034097.0;1;69;69159;1;2;1.0;3.0;45.97834197;4.65611683;2024-07-22 17:15:00
202400034098.0;1;75;75108;2;2;1.0;6.0;48.869102;2.310388;2024-08-29 14:53:00
202400034099.0;1;33;33233;1;1;1.0;6.0;45.115162;-0.367398;2024-07-21 12:00:00
202400034100.0;1;75;75118;2;2;1.0;3.0;48.898197;2.352502;2024-08-29 11:40:00
202400034101.0;1;33;33019;2;3;1.0;1.0;44.695431;-0.981018;2024-07-22 10:05:00
202400034102.0;1;75;75112;2;2;1.0;6.0;48.83486;2.405562;2024-08-28 16:44:00
202400034103.0;1;44;44047;1;3;1.0;2.0;47.252742;-1.691208;2024-07-18 18:25:00
202400034104.0;1;75;75116;2;1;1.0;4.0;48.841434;2.254139;2024-08-28 07:40:00
202400034105.0;1;29;29087;2;1;1.0;7.0;48.068284;-4.255413;2024-07-19 12:00:00
202400034106.0;1;75;75115;2;3;1.0;7.0;48.851506;2.292034;2024-08-29 12:10:00
202400034107.0;1;60;60141;1;1;1.0;2.0;49.169036;2.506278;2024-07-18 12:35:00
202400034108.0;1;75;75112;2;3;1.0;6.0;48.84769922;2.39467674;2024-08-29 14:25:00
202400034109.0;1;60;60022;1;1;1.0;2.0;49.228373;2.527869;2024-07-22 15:45:00
202400034110.0;5;75;75111;2;4;2.0;3.0;48.852857;2.388506;2024-08-29 21:20:00
202400034111.0;1;75;75110;2;1;1.0;6.0;48.880544;2.36618;2024-08-29 13:18:00
202400034112.0;1;69;69282;1;1;1.0;2.0;45.7527;5.0145;2024-07-19 17:20:00
202400034113.0;1;59;59094;1;1;1.0;7.0;50.95872;2.18233;2024-07-11 14:20:00
202400034114.0;5;75;75108;2;2;1.0;6.0;48.869348;2.324831;2024-08-29 02:15:00
202400034115.0;1;91;91086;1;1;1.0;2.0;48.6232;2.38567;2024-07-22 15:15:00
202400034116.0;1;75;75107;2;3;1.0;3.0;48.858198;2.333218;2024-08-29 15:59:00
202400034117.0;1;92;92047;1;1;1.0;1.0;48.83485312;2.17383374;2024-07-22 17:25:00
202400034118.0;1;75;75109;2;4;1.0;6.0;48.879338;2.337456;2024-08-29 16:25:00
202400034119.0;5;94;94073;2;2;1.0;3.0;48.76554;2.38308;2024-08-29 00:15:00
202400034120.0;1;78;78158;1;1;1.0;4.0;48.831448;2.145949;2024-07-22 14:04:00
202400034121.0;1;94;94019;2;1;1.0;2.0;48.79751;2.5471;2024-08-28 17:50:00
202400034122.0;1;93;93079;2;1;1.0;6.0;48.95514588;2.34402036;2024-08-29 11:00:00
202400034123.0;1;78;78118;1;1;1.0;4.0;48.986342;1.667313;2024-07-21 18:25:00
202400034124.0;5;93;93057;2;1;1.0;5.0;48.91145;2.51835;2024-08-29 01:55:00
202400034125.0;2;69;69387;2;5;1.0;2.0;45.75524;4.84281;2024-10-03 07:20:00
202400034126.0;1;92;92062;2;1;1.0;3.0;48.88498653;2.24031262;2024-08-29 10:20:00
202400034127.0;1;94;94069;1;1;1.0;4.0;48.81737044;2.42861395;2024-07-22 06:20:00
202400034128.0;1;92;92050;2;1;1.0;6.0;48.90957374;2.21739873;2024-08-29 10:00:00
202400034129.0;5;64;64483;2;3;2.0;6.0;43.387456;-1.659913;2024-01-06 08:15:00
202400034130.0;1;69;69387;2;3;1.0;3.0;45.73005;4.83802;2024-10-03 07:55:00
202400034131.0;1;92;92025;2;2;1.0;3.0;48.93114696;2.24435225;2024-08-27 07:50:00
202400034132.0;1;14;14609;1;1;8.0;2.0;49.257813;-0.729164;2024-04-26 15:50:00
202400034133.0;5;92;92071;2;1;1.0;6.0;48.7790297;2.28196514;2024-08-29 01:17:00
202400034134.0;1;14;14374;1;1;2.0;7.0;49.046982;-0.793709;2024-02-23 17:30:00
202400034135.0;1;972;97209;2;3;1.0;1.0;14.61371;-61.05227;2024-09-30 17:10:00
202400034136.0;5;92;92007;2;2;2.0;1.0;48.8049481;2.32275926;2024-08-29 21:00:00
202400034137.0;2;62;62634;2;1;1.0;1.0;50.939027;2.024636;2024-04-12 20:30:00
202400034138.0;5;92;92007;2;1;1.0;6.0;48.79794567;2.3174639;2024-08-28 23:45:00
202400034139.0;5;69;69387;2;1;1.0;2.0;45.74494;4.84249;2024-10-03 03:50:00
202400034140.0;1;92;92036;2;1;1.0;6.0;48.91932903;2.31266606;2024-08-28 13:05:00
202400034141.0;1;29;29037;1;6;1.0;3.0;47.87802982;-4.13470913;2024-04-13 17:00:00
202400034142.0;1;92;92002;2;3;1.0;6.0;48.74747166;2.30381674;2024-08-29 08:42:00
202400034143.0;3;14;14027;1;1;2.0;7.0;49.005771;-0.64697;2024-04-15 22:00:00
202400034144.0;1;91;91434;2;1;8.0;4.0;48.662613;2.359664;2024-10-03 11:10:00
202400034145.0;1;78;78548;1;1;1.0;3.0;48.709949;1.995562;2024-08-27 17:40:00
202400034146.0;1;974;97416;1;1;1.0;3.0;-21.32376;55.44518;2024-07-21 09:10:00
202400034147.0;1;9;9026;2;9;1.0;7.0;42.934311;1.013443;2024-08-29 09:50:00
202400034148.0;5;972;97213;1;1;3.0;2.0;14.60793;-61.0049;2024-07-20 02:55:00
202400034149.0;3;91;91174;2;3;1.0;6.0;48.6119;2.47902;2024-10-03 20:40:00
202400034150.0;2;51;51057;2;3;8.0;6.0;48.827146;4.88667;2024-08-30 05:35:00
202400034151.0;1;2B;2B033;1;1;1.0;6.0;42.68817;9.42019;2024-07-21 09:12:00
202400034152.0;2;73;73313;1;3;1.0;7.0;45.6327942;5.76645952;2024-08-29 07:20:00
202400034153.0;1;95;95277;2;1;1.0;3.0;48.97893202;2.46539667;2024-07-21 08:08:00
202400034154.0;1;88;88428;2;4;1.0;1.0;48.31803;6.88637;2024-10-02 16:45:00
202400034155.0;1;974;97412;2;2;1.0;3.0;-21.37028;55.633339;2024-08-30 11:40:00
202400034156.0;1;88;88181;2;1;1.0;3.0;48.183521;7.002963;2024-08-29 15:00:00
202400034157.0;3;95;95277;1;1;2.0;5.0;48.97800304;2.43947702;2024-07-21 05:15:00
202400034158.0;1;84;84007;2;4;1.0;3.0;43.94547;4.82799;2024-10-03 16:30:00
202400034159.0;4;76;76404;1;6;1.0;7.0;49.57766263;0.24007916;2024-08-30 03:00:00
202400034160.0;1;80;80001;2;1;1.0;7.0;50.10693;1.84534;2024-10-02 11:30:00
202400034161.0;5;78;78297;2;9;1.0;7.0;48.7818;2.06134;2024-10-03 22:40:00
202400034162.0;2;84;84007;2;1;1.0;1.0;43.943836;4.798252;2024-07-21 05:11:00
202400034163.0;5;78;78297;2;9;1.0;6.0;48.77486;2.07451;2024-10-03 20:05:00
202400034164.0;1;81;81060;2;2;1.0;3.0;44.04865;2.15812;2024-07-19 16:30:00
202400034165.0;3;41;41156;1;1;1.0;5.0;47.67562186;1.40030758;2024-08-30 03:27:00
202400034166.0;1;72;72008;2;9;1.0;1.0;47.946754;0.182177;2024-08-27 17:50:00
202400034167.0;1;78;78123;2;2;1.0;5.0;48.94321;2.02895;2024-07-21 19:20:00
202400034168.0;1;77;77240;1;1;2.0;7.0;48.818034;3.267612;2024-08-30 09:00:00
202400034169.0;1;77;77513;2;1;1.0;6.0;48.95505;2.87241;2024-07-21 19:00:00
202400034170.0;1;76;76165;2;1;1.0;6.0;49.28311;1.02422;2024-07-21 18:35:00
202400034171.0;1;30;30060;2;4;1.0;2.0;43.79266;4.385036;2024-08-30 12:00:00
202400034172.0;1;56;56008;2;6;1.0;6.0;47.601885;-2.862441;2024-08-29 17:10:00
202400034173.0;1;31;31150;2;1;1.0;1.0;43.649546;1.321836;2024-08-29 19:25:00
202400034174.0;1;76;76681;1;3;1.0;5.0;49.41552;1.10719;2024-07-21 12:30:00
202400034175.0;1;63;63003;1;6;1.0;3.0;45.57437195;3.74710593;2024-08-29 13:50:00
202400034176.0;2;42;42115;1;1;1.0;3.0;45.318578;4.344932;2024-08-28 20:00:00
202400034177.0;1;47;47168;2;1;1.0;6.0;44.593921;0.349545;2024-08-29 16:20:00
202400034178.0;5;69;69266;2;2;1.0;3.0;45.76862554;4.88430583;2024-07-21 22:55:00
202400034179.0;1;86;86293;1;1;1.0;5.0;46.419572;0.245073;2024-08-27 19:10:00
202400034180.0;1;86;86091;1;1;1.0;3.0;46.489442;0.024673;2024-08-26 17:46:00
202400034181.0;5;69;69290;2;3;1.0;1.0;45.69433;4.94612;2024-07-21 22:35:00
202400034182.0;1;64;64348;2;4;1.0;6.0;43.31395837;-0.40698767;2024-07-20 20:20:00
202400034183.0;1;34;34147;1;3;7.0;6.0;43.49091;3.190283;2024-08-30 08:30:00
202400034184.0;1;77;77335;1;1;8.0;7.0;48.97456;2.8151;2024-09-23 16:27:00
202400034185.0;1;61;61001;2;2;1.0;3.0;48.438042;0.086459;2024-07-21 14:40:00
202400034186.0;1;68;68362;2;3;1.0;7.0;47.55183684;7.47921677;2024-08-29 20:15:00
202400034187.0;1;77;77186;2;1;2.0;3.0;48.40007929;2.71421601;2024-10-02 16:25:00
202400034188.0;1;29;29293;1;1;1.0;6.0;47.83892317;-3.84500752;2024-08-27 14:45:00
202400034189.0;1;59;59512;2;1;1.0;6.0;50.6801;3.16419;2024-07-21 07:15:00
202400034190.0;1;2;2772;2;1;1.0;7.0;49.821823;3.138254;2024-08-29 17:00:00
202400034191.0;1;74;74012;2;1;1.0;1.0;46.198033;6.236187;2024-10-03 14:00:00
202400034192.0;1;59;59350;1;1;1.0;6.0;50.64497;3.07099;2024-07-21 21:30:00
202400034193.0;1;70;70477;2;1;1.0;1.0;47.563183;6.626651;2024-08-30 14:42:00
202400034194.0;3;72;72181;1;1;8.0;2.0;48.02600713;0.16911864;2024-10-03 20:00:00
202400034195.0;1;59;59244;2;1;1.0;3.0;50.16;3.16;2024-07-20 19:05:00
202400034196.0;1;90;90087;2;1;1.0;7.0;47.6700754;6.91937573;2024-08-30 15:15:00
202400034197.0;1;72;72181;2;1;1.0;3.0;47.98249;0.22891;2024-10-02 11:10:00
202400034198.0;1;64;64493;2;1;1.0;6.0;43.327138;-1.035959;2024-08-29 15:55:00
202400034199.0;1;64;64485;2;1;2.0;1.0;43.167091;-1.233191;2024-08-30 10:00:00
202400034200.0;1;69;69290;2;8;1.0;3.0;45.69426;4.94618;2024-10-02 18:00:00
202400034201.0;1;73;73235;1;1;7.0;7.0;45.39507727;6.31093245;2024-08-30 08:00:00
202400034202.0;5;69;69091;2;1;1.0;3.0;45.5931;4.77293;2024-10-03 23:00:00
202400034203.0;1;10;10401;2;3;1.0;3.0;48.2387;4.4644;2024-08-30 15:35:00
202400034204.0;1;16;16207;1;2;8.0;3.0;45.842658;0.005836;2024-08-29 15:45:00
202400034205.0;1;67;67482;2;9;1.0;3.0;48.5546;7.7558;2024-10-03 16:00:00
202400034206.0;1;7;7330;1;9;1.0;2.0;44.414541;4.398629;2024-08-29 12:05:00
202400034207.0;4;21;21317;2;1;1.0;6.0;47.512193;5.100637;2024-08-30 03:15:00
202400034208.0;1;67;67180;2;3;1.0;3.0;48.80153;7.77821;2024-10-02 17:45:00
202400034209.0;1;85;85284;1;1;1.0;7.0;46.775263;-1.906819;2024-08-30 15:20:00
202400034210.0;4;64;64445;2;1;1.0;2.0;43.32973;-0.35595;2024-10-03 07:20:00
202400034211.0;1;85;85084;1;3;1.0;4.0;46.759364;-1.221537;2024-08-28 18:25:00
202400034212.0;5;64;64122;2;1;1.0;6.0;43.46055;-1.54655;2024-10-04 00:25:00
202400034213.0;1;27;27284;2;1;2.0;2.0;49.2585905;1.7729616;2024-08-30 15:30:00
202400034214.0;1;62;62193;2;3;1.0;3.0;50.94307;1.87189;2024-09-28 15:00:00
202400034215.0;2;30;30236;1;1;1.0;1.0;44.045421;3.86988;2024-08-30 06:00:00
202400034216.0;1;52;52332;1;1;1.0;1.0;47.99841298;5.52131653;2024-08-30 09:34:00
202400034217.0;1;68;68266;1;1;1.0;4.0;47.88882481;7.37783029;2024-08-30 08:35:00
202400034218.0;1;60;60159;2;3;1.0;3.0;49.4209;2.8267;2024-09-29 16:15:00
202400034219.0;2;31;31424;2;1;1.0;1.0;43.591554;1.295909;2024-08-29 20:50:00
202400034220.0;3;67;67462;1;1;1.0;7.0;48.279109;7.444096;2024-08-30 00:40:00
202400034221.0;1;62;62563;1;1;1.0;6.0;50.46244698;2.69592737;2024-08-30 13:10:00
202400034222.0;5;59;59350;2;8;1.0;3.0;50.63288;2.99074;2024-10-03 20:52:00
202400034223.0;3;973;97305;1;1;1.0;1.0;4.99934021;-52.45614231;2024-08-29 23:00:00
202400034224.0;2;971;97115;1;1;8.0;3.0;16.236343;-61.663812;2024-08-29 17:40:00
202400034225.0;1;59;59360;2;2;1.0;3.0;50.59675;3.03723;2024-10-03 14:00:00
202400034226.0;5;59;59273;2;1;1.0;6.0;50.9973;2.12318;2024-10-02 07:32:00
202400034227.0;1;28;28007;1;1;9.0;1.0;48.843251;1.425669;2024-08-28 18:15:00
202400034228.0;1;59;59486;2;1;1.0;6.0;50.41598;3.1366;2024-10-02 11:20:00
202400034229.0;1;77;77191;1;5;1.0;3.0;48.500562;2.910476;2024-08-30 15:50:00
202400034230.0;3;78;78484;1;1;1.0;7.0;48.961018;1.625118;2024-08-28 21:10:00
202400034231.0;1;56;56260;2;1;1.0;7.0;47.66159;-2.72145;2024-10-03 10:15:00
202400034232.0;1;83;83042;1;1;1.0;2.0;43.250251;6.546902;2024-08-30 07:00:00
202400034233.0;1;56;56260;2;6;1.0;2.0;47.68434;-2.76666;2024-10-03 10:15:00
202400034234.0;1;56;56260;2;1;1.0;6.0;47.67338;-2.76296;2024-10-03 08:25:00
202400034235.0;1;89;89341;1;1;1.0;4.0;47.72523;3.750919;2024-08-26 15:10:00
202400034236.0;1;56;56260;2;3;1.0;6.0;47.64658;-2.75916;2024-10-02 11:55:00
202400034237.0;1;51;51250;1;3;1.0;3.0;49.316821;3.674897;2024-08-29 10:20:00
202400034238.0;3;68;68370;1;1;1.0;7.0;47.9972499;6.95396278;2024-08-29 21:05:00
202400034239.0;1;26;26307;1;1;1.0;7.0;45.00600781;5.2953887;2024-08-29 14:00:00
202400034240.0;1;51;51454;2;2;1.0;3.0;49.26834;4.03523;2024-10-03 14:02:00
202400034241.0;1;7;7315;1;1;1.0;7.0;44.63561236;4.09955882;2024-08-29 09:14:00
202400034242.0;1;51;51454;2;7;1.0;3.0;49.224834;4.096626;2024-10-03 09:24:00
202400034243.0;1;69;69163;1;2;1.0;1.0;45.913855;4.753368;2024-08-28 16:20:00
202400034244.0;2;31;31417;2;1;1.0;2.0;43.614221;1.285585;2024-08-30 20:08:00
202400034245.0;1;51;51454;2;2;1.0;3.0;49.26233;4.00958;2024-10-03 07:40:00
202400034246.0;1;87;87161;1;1;1.0;7.0;45.872199;1.502992;2024-08-29 17:25:00
202400034247.0;1;14;14762;1;1;1.0;6.0;48.77832678;-0.82402997;2024-08-29 18:15:00
202400034248.0;1;47;47031;1;1;1.0;1.0;44.17383;0.63514;2024-10-03 14:50:00
202400034249.0;3;35;35015;1;1;1.0;1.0;48.156941;-1.192323;2024-08-28 21:50:00
202400034250.0;1;47;47001;2;2;1.0;3.0;44.2007701;0.62249243;2024-10-02 07:45:00
202400034251.0;1;59;59254;1;1;1.0;3.0;50.278878;3.19979;2024-08-30 14:00:00
202400034252.0;1;44;44109;2;1;1.0;3.0;47.23295;-1.56651;2024-10-03 17:00:00
202400034253.0;1;59;59019;2;1;1.0;1.0;50.299459;3.537029;2024-08-30 08:45:00
202400034254.0;1;42;42095;2;1;8.0;6.0;45.38872;4.29839;2024-10-03 14:40:00
202400034255.0;5;13;13207;1;1;1.0;2.0;43.29105;5.36401;2024-08-29 00:50:00
202400034256.0;1;83;83137;1;1;1.0;2.0;43.13273225;5.98254819;2024-08-29 10:10:00
202400034257.0;3;67;67447;1;1;1.0;7.0;48.60139;7.73374;2024-08-27 22:25:00
202400034258.0;5;40;40192;2;1;1.0;6.0;43.88454;-0.47609;2024-09-29 21:20:00
202400034259.0;1;91;91689;1;1;1.0;2.0;48.74751;2.32702;2024-08-29 13:16:00
202400034260.0;1;91;91659;1;1;1.0;2.0;48.595;2.442;2024-08-29 09:25:00
202400034261.0;5;37;37261;2;2;1.0;3.0;47.3953;0.69984;2024-10-04 00:55:00
202400034262.0;2;35;35278;2;1;1.0;2.0;48.13683218;-1.69086413;2024-10-03 19:20:00
202400034263.0;1;78;78043;1;1;1.0;4.0;48.836585;2.089222;2024-08-29 08:50:00