Num_Acc;lum;departement;commune;agglomeration;intersection;meteo;type_collision;lat;long;date
202400034264.0;1;35;35115;2;6;1.0;6.0;48.34371;-1.19651;2024-10-03 18:00:00
202400034265.0;1;92;92050;1;1;1.0;2.0;48.91722644;2.22191709;2024-08-29 08:20:00
202400034266.0;1;34;34301;2;1;1.0;3.0;43.41242;3.68219;2024-10-03 09:30:00
202400034267.0;3;78;78423;1;1;1.0;6.0;48.784351;2.034436;2024-08-29 03:05:00
202400034268.0;1;75;75116;1;1;1.0;2.0;48.8482366;2.24712789;2024-08-28 10:25:00
202400034269.0;5;34;34172;2;4;1.0;4.0;43.617433;3.885695;2024-10-03 23:00:00
202400034270.0;1;93;93027;1;1;1.0;2.0;48.93388142;2.38635991;2024-08-29 15:40:00
202400034271.0;3;95;95607;1;1;1.0;2.0;49.03197268;2.19988763;2024-08-28 23:00:00
202400034272.0;5;34;34172;2;2;1.0;3.0;43.62695;3.86983;2024-10-02 20:45:00
202400034273.0;1;93;93027;1;1;1.0;4.0;48.93857335;2.41640267;2024-08-27 08:20:00
202400034274.0;1;94;94018;1;1;1.0;2.0;48.82050762;2.40183223;2024-08-29 09:25:00
202400034275.0;1;34;34172;2;1;8.0;3.0;43.61347;3.89815;2024-10-02 08:35:00
202400034276.0;2;94;94073;1;1;1.0;5.0;48.76210053;2.38167667;2024-08-28 20:30:00
202400034277.0;1;33;33063;2;1;8.0;6.0;44.8326;-0.5602;2024-10-02 14:05:00
202400034278.0;1;31;31555;1;1;1.0;3.0;43.606143;1.392959;2024-10-03 17:40:00
202400034279.0;1;36;36098;1;2;1.0;3.0;46.99404207;1.91757095;2024-05-22 16:50:00
202400034280.0;1;84;84003;2;1;1.0;7.0;43.875546;5.405831;2024-06-16 18:05:00
202400034281.0;2;31;31149;2;1;2.0;1.0;43.62564;1.3324;2024-10-02 18:30:00
202400034282.0;5;67;67204;2;1;1.0;6.0;48.62014647;7.73129851;2024-07-17 22:10:00
202400034283.0;1;29;29232;2;6;1.0;1.0;48.010389;-4.095599;2024-10-03 08:35:00
202400034284.0;5;84;84031;2;1;1.0;1.0;44.04451;5.05098;2024-05-25 02:15:00
202400034285.0;4;13;13039;2;1;2.0;6.0;43.46688;4.94122;2024-01-11 07:30:00
202400034286.0;1;27;27229;2;1;1.0;2.0;49.02647;1.15572;2024-10-02 09:10:00
202400034287.0;1;22;22360;1;1;1.0;3.0;48.48563;-2.71583;2024-10-03 18:05:00
202400034288.0;5;13;13056;2;6;1.0;4.0;43.40334;5.05107;2024-02-09 18:30:00
202400034289.0;1;57;57244;1;1;1.0;1.0;48.725539;7.231643;2024-06-29 10:55:00
202400034290.0;1;57;57095;2;1;1.0;2.0;49.141768;6.607401;2024-06-26 11:30:00
202400034291.0;2;19;19031;2;3;1.0;3.0;45.159;1.54045;2024-10-03 07:37:00
202400034292.0;5;15;15014;2;1;1.0;6.0;44.927928;2.441839;2024-09-13 02:15:00
202400034293.0;1;57;57515;1;1;1.0;6.0;49.054565;6.030819;2024-06-29 11:45:00
202400034294.0;1;13;13212;2;1;1.0;1.0;43.29;5.44;2024-10-02 11:40:00
202400034295.0;1;988;98818;2;1;1.0;2.0;-22.27481;166.44279;2024-08-28 10:15:00
202400034296.0;1;976;97611;2;1;1.0;3.0;-12.78324;45.22342;2024-08-28 12:15:00
202400034297.0;1;13;13001;2;6;7.0;3.0;43.54250725;5.4553732;2024-10-03 08:20:00
202400034298.0;1;10;10387;2;3;1.0;6.0;48.2869;4.082;2024-08-08 17:40:00
202400034299.0;1;974;97411;2;6;1.0;5.0;-20.89203;55.46084;2024-08-28 15:00:00
202400034300.0;1;10;10387;2;2;1.0;3.0;48.30738;4.08198;2024-10-02 12:26:00
202400034301.0;1;7;7070;2;1;1.0;6.0;44.96381;4.85126;2024-10-03 16:50:00
202400034302.0;1;4;4112;2;6;1.0;3.0;43.82539;5.78792;2024-10-02 17:10:00
202400034303.0;1;972;97209;2;1;2.0;6.0;14.62044;-61.04352;2024-08-28 15:15:00
202400034304.0;5;75;75118;2;1;1.0;2.0;48.900909;2.337168;2024-10-03 06:35:00
202400034305.0;1;69;69389;2;1;1.0;3.0;45.78097439;4.80536564;2024-08-28 08:30:00
202400034306.0;1;75;75118;2;1;1.0;6.0;48.893086;2.343245;2024-10-03 11:40:00
202400034307.0;1;75;75115;2;3;1.0;1.0;48.840883;2.30589;2024-10-03 09:10:00
202400034308.0;5;75;75111;2;4;1.0;1.0;48.858147;2.382211;2024-10-03 23:00:00
202400034309.0;1;91;91691;2;1;1.0;3.0;48.71416;2.47914;2024-08-28 12:45:00
202400034310.0;1;75;75101;2;2;8.0;2.0;48.867447;2.326224;2024-10-03 12:40:00
202400034311.0;1;94;94081;2;5;1.0;3.0;48.79312;2.39551;2024-10-03 15:35:00
202400034312.0;1;94;94073;2;1;1.0;3.0;48.766158;2.368382;2024-10-02 17:00:00
202400034313.0;1;94;94033;2;1;8.0;6.0;48.8571;2.49173;2024-10-03 16:05:00
202400034314.0;1;83;83144;2;4;1.0;1.0;43.14272;6.01248;2024-08-27 11:00:00
202400034315.0;1;94;94028;2;1;1.0;6.0;48.78217;2.45402;2024-10-02 15:15:00
202400034316.0;1;94;94017;2;1;1.0;1.0;48.812896;2.486704;2024-10-03 16:50:00
202400034317.0;2;94;94075;2;1;1.0;2.0;48.71731;2.53636;2024-10-03 07:20:00
202400034318.0;5;93;93073;2;2;1.0;3.0;48.96235311;2.55922313;2024-10-03 02:00:00
202400034319.0;5;93;93059;2;9;1.0;6.0;48.9699287;2.36583495;2024-10-02 22:25:00
202400034320.0;1;93;93059;2;1;1.0;3.0;48.96559;2.3631;2024-10-03 15:45:00
202400034321.0;1;93;93050;2;1;1.0;3.0;48.86794245;2.54722953;2024-10-03 18:05:00
202400034322.0;1;93;93015;1;1;1.0;6.0;48.92438;2.56946;2024-10-02 19:00:00
202400034323.0;1;93;93029;2;1;1.0;6.0;48.91941196;2.41973697;2024-10-03 13:56:00
202400034324.0;1;93;93010;2;1;1.0;6.0;48.90612407;2.48118877;2024-10-02 09:15:00
202400034325.0;5;93;93001;2;2;1.0;3.0;48.91531404;2.3712838;2024-10-03 02:08:00
202400034326.0;1;92;92072;2;1;8.0;6.0;48.81918;2.20738;2024-10-03 17:30:00
202400034327.0;1;92;92050;2;1;1.0;6.0;48.88929827;2.22008541;2024-10-03 19:25:00
202400034328.0;1;92;92050;2;1;1.0;4.0;48.89229;2.20953;2024-09-28 17:10:00
202400034329.0;1;92;92020;2;3;1.0;3.0;48.79528;2.27431;2024-10-03 18:05:00
202400034330.0;3;92;92048;2;1;1.0;7.0;48.82055286;2.23747149;2024-10-02 20:54:00
202400034331.0;1;92;92048;2;2;2.0;2.0;48.81882684;2.23466367;2024-10-02 10:55:00
202400034332.0;1;92;92040;2;1;1.0;3.0;48.83040951;2.28006721;2024-10-03 16:40:00
202400034333.0;1;92;92024;2;1;1.0;6.0;48.90896929;2.29976856;2024-10-03 14:15:00
202400034334.0;5;92;92019;2;2;1.0;3.0;48.77070414;2.24819273;2024-10-02 22:05:00
202400034335.0;1;92;92012;2;1;1.0;2.0;48.84421884;2.2375913;2024-10-03 17:00:00
202400034336.0;2;92;92009;2;3;1.0;6.0;48.90555369;2.26632334;2024-09-29 19:20:00
202400034337.0;1;95;95580;1;1;1.0;3.0;49.086234;2.542343;2024-10-03 17:45:00
202400034338.0;1;60;60374;2;2;1.0;1.0;49.550315;2.514367;2024-10-03 17:42:00
202400034339.0;1;47;47293;1;1;1.0;7.0;44.160619;0.677226;2024-10-01 14:40:00
202400034340.0;1;62;62613;2;3;1.0;3.0;50.675161;2.041719;2024-10-04 16:44:00
202400034341.0;3;26;26061;1;1;1.0;7.0;45.144674;4.932228;2024-10-03 19:55:00
202400034342.0;1;95;95116;1;1;1.0;6.0;49.154801;2.348821;2024-10-04 17:20:00
202400034343.0;1;974;97412;2;3;1.0;1.0;-21.379552;55.606393;2024-10-03 07:45:00
202400034344.0;1;11;11132;1;1;1.0;7.0;43.14601;2.707787;2024-10-02 14:45:00
202400034345.0;2;84;84039;1;3;1.0;1.0;44.098943;4.902673;2024-10-03 18:50:00
202400034346.0;1;65;65303;2;1;2.0;6.0;43.18581;0.17267;2024-10-03 18:00:00
202400034347.0;1;27;27105;1;1;1.0;6.0;49.312673;0.818439;2024-09-30 16:40:00
202400034348.0;1;56;56161;1;3;1.0;1.0;47.648058;-3.036861;2024-10-03 15:55:00
202400034349.0;1;59;59130;1;6;1.0;7.0;50.889262;2.233111;2024-10-03 19:20:00
202400034350.0;2;77;77167;1;1;1.0;7.0;48.437664;3.142508;2024-10-04 18:50:00
202400034351.0;1;77;77239;1;1;1.0;7.0;48.690904;3.152819;2024-10-03 17:37:00
202400034352.0;1;76;76263;1;1;1.0;1.0;49.450076;1.504462;2024-10-01 15:55:00
202400034353.0;1;82;82079;1;1;1.0;3.0;43.905895;1.332865;2024-10-03 08:40:00
202400034354.0;2;32;32038;1;1;5.0;1.0;43.636898;1.005056;2024-10-04 06:00:00
202400034355.0;2;71;71073;2;3;1.0;3.0;46.901009;4.759998;2024-10-04 06:58:00
202400034356.0;1;89;89433;2;1;1.0;6.0;47.512371;3.840006;2024-10-04 08:58:00
202400034357.0;1;34;34193;1;1;1.0;7.0;43.473679;2.866831;2024-09-12 11:30:00
202400034358.0;1;50;50412;1;1;1.0;6.0;49.321052;-1.679428;2024-06-22 12:10:00
202400034359.0;1;50;50260;2;1;1.0;6.0;48.676539;-1.019067;2024-06-22 19:30:00
202400034360.0;3;22;22135;1;1;8.0;3.0;48.577927;-3.329598;2024-10-03 07:35:00
202400034361.0;1;44;44057;1;1;1.0;1.0;47.57536;-2.017547;2024-09-16 17:25:00
202400034362.0;1;45;45053;2;3;1.0;3.0;47.626623;2.744042;2024-06-21 16:40:00
202400034363.0;3;45;45166;1;1;3.0;1.0;48.015485;1.799666;2024-06-22 03:30:00
202400034364.0;3;35;35133;2;2;1.0;3.0;48.127605;-2.036532;2024-10-01 21:00:00
202400034365.0;1;18;18142;1;1;1.0;7.0;46.769989;2.539169;2024-06-17 14:45:00
202400034366.0;1;35;35340;1;2;1.0;3.0;48.033544;-2.009353;2024-07-30 19:30:00
202400034367.0;1;16;16192;2;1;1.0;1.0;45.88466;0.592597;2024-06-22 14:55:00
202400034368.0;3;7;7342;1;1;1.0;6.0;45.217856;4.581063;2024-06-22 04:00:00
202400034369.0;1;4;4049;2;1;8.0;5.0;44.07725;5.994447;2024-06-20 20:42:00
202400034370.0;1;2;2788;1;9;1.0;3.0;49.668072;3.432165;2024-10-04 15:55:00
202400034371.0;3;23;23261;1;1;1.0;7.0;46.272066;2.434992;2024-06-21 23:25:00
202400034372.0;5;15;15204;2;1;1.0;1.0;44.941413;2.317525;2024-10-02 21:50:00
202400034373.0;1;88;88304;2;1;2.0;2.0;48.293237;6.131819;2024-06-21 13:30:00
202400034374.0;3;26;26124;2;1;1.0;6.0;44.856063;4.871106;2024-10-03 22:10:00
202400034375.0;2;38;38389;1;1;1.0;3.0;45.568082;5.069595;2024-06-21 05:00:00
202400034376.0;3;58;58148;1;1;1.0;7.0;46.887125;3.250931;2024-10-04 04:15:00
202400034377.0;1;18;18140;1;1;1.0;2.0;47.137082;1.958978;2024-06-22 11:00:00
202400034378.0;3;14;14534;1;1;1.0;6.0;49.286857;0.157564;2024-10-02 19:30:00
202400034379.0;5;6;6085;2;1;1.0;6.0;43.610399;6.975803;2024-06-22 00:10:00
202400034380.0;1;50;50483;2;1;7.0;6.0;49.104581;-1.174292;2024-10-04 09:20:00
202400034381.0;1;51;51454;1;1;1.0;1.0;49.22931725;4.04724278;2024-06-21 18:50:00
202400034382.0;1;27;27263;1;1;1.0;2.0;49.390055;0.552149;2024-06-22 18:10:00
202400034383.0;1;60;60021;1;2;7.0;1.0;49.59503844;3.12141323;2024-10-03 13:45:00
202400034384.0;3;13;13067;1;1;1.0;7.0;43.81516931;5.03396005;2024-06-21 23:50:00
202400034385.0;3;45;45035;1;1;1.0;7.0;48.04937;2.34144;2024-10-03 00:30:00
202400034386.0;1;37;37110;1;3;1.0;6.0;47.3212585;1.05381158;2024-06-21 12:30:00
202400034387.0;1;36;36088;2;1;1.0;2.0;46.953679;1.997409;2024-10-03 07:54:00
202400034388.0;1;91;91393;1;2;1.0;3.0;48.418786;2.003801;2024-06-22 14:30:00
202400034389.0;2;4;4116;2;3;1.0;3.0;44.025966;5.968623;2024-10-03 08:45:00
202400034390.0;3;6;6158;1;1;1.0;1.0;43.937755;7.081933;2024-06-22 04:00:00
202400034391.0;1;23;23040;1;1;1.0;6.0;46.206775;2.218809;2024-10-03 14:45:00
202400034392.0;1;30;30133;2;1;1.0;7.0;43.537139;4.137422;2024-10-03 16:49:00
202400034393.0;1;973;97309;2;1;1.0;3.0;4.917564;-52.279483;2024-10-03 16:30:00
202400034394.0;1;5;5006;2;1;1.0;5.0;44.791449;6.562008;2024-06-22 17:53:00
202400034395.0;1;67;67117;1;1;2.0;7.0;48.766916;7.33972;2024-10-03 10:50:00
202400034396.0;1;4;4171;1;1;1.0;3.0;43.794997;6.386383;2024-06-16 15:30:00
202400034397.0;1;973;97304;1;1;1.0;5.0;5.157838;-52.882948;2024-10-04 19:57:00
202400034398.0;4;34;34299;1;1;2.0;7.0;43.288741;3.27885;2024-10-02 21:55:00
202400034399.0;1;89;89350;1;1;1.0;2.0;48.0205;3.1382;2024-06-22 08:30:00
202400034400.0;1;13;13027;1;1;1.0;3.0;43.893872;4.843243;2024-10-04 15:15:00
202400034401.0;1;67;67237;2;1;1.0;7.0;48.675193;7.851362;2024-06-20 19:10:00
202400034402.0;1;67;67200;1;3;1.0;3.0;48.461621;7.669294;2024-05-25 17:35:00
202400034403.0;1;71;71086;1;1;1.0;1.0;46.407971;4.252796;2024-10-04 11:20:00
202400034404.0;1;63;63284;2;1;1.0;4.0;45.79929836;3.2451725;2024-06-20 11:40:00
202400034405.0;5;67;67550;2;4;1.0;1.0;48.939317;7.742229;2024-10-02 21:00:00
202400034406.0;1;38;38111;2;1;1.0;3.0;45.118425;5.670458;2024-09-16 16:30:00
202400034407.0;1;42;42285;1;1;1.0;1.0;45.552345;4.160809;2024-06-22 13:30:00
202400034408.0;1;26;26311;1;1;1.0;7.0;45.027845;5.323257;2024-09-25 11:00:00
202400034409.0;1;38;38352;2;1;1.0;3.0;45.592566;5.237319;2024-06-21 11:07:00
202400034410.0;3;86;86018;1;1;1.0;6.0;47.053828;0.118502;2024-10-02 21:20:00
202400034411.0;1;69;69040;2;4;8.0;6.0;45.79433263;4.7921034;2024-06-21 11:10:00
202400034412.0;3;33;33012;1;1;1.0;7.0;44.98831;-0.681474;2024-09-15 02:00:00
202400034413.0;1;31;31048;1;1;1.0;6.0;43.467579;1.635069;2024-06-22 08:30:00
202400034414.0;1;35;35360;2;1;7.0;6.0;48.108198;-1.214778;2024-10-04 13:25:00
202400034415.0;1;79;79024;1;1;3.0;2.0;46.393092;-0.254638;2024-06-22 06:50:00
202400034416.0;3;67;67218;1;1;1.0;5.0;48.54668;7.72838;2024-09-29 23:45:00
202400034417.0;1;33;33051;2;4;1.0;1.0;44.654411;-0.998723;2024-06-14 19:45:00
202400034418.0;1;91;91347;1;1;1.0;6.0;48.621938;2.278801;2024-10-03 18:15:00
202400034419.0;1;85;85003;2;3;1.0;2.0;46.7453;-1.6065;2024-06-20 18:40:00
202400034420.0;1;92;92048;1;1;1.0;3.0;48.79635798;2.21741204;2024-10-02 08:10:00
202400034421.0;1;22;22225;1;1;1.0;6.0;48.524212;-3.134193;2024-06-22 15:27:00
202400034422.0;3;78;78362;1;1;1.0;5.0;48.976218;1.720506;2024-10-02 06:15:00
202400034423.0;1;80;80106;2;1;1.0;1.0;49.766655;2.001712;2024-06-21 18:10:00
202400034424.0;3;95;95500;1;1;1.0;5.0;49.0362094;2.09529487;2024-10-02 20:00:00
202400034425.0;1;13;13213;1;1;1.0;4.0;43.32988127;5.40484428;2024-06-18 19:20:00
202400034426.0;3;94;94046;1;1;1.0;2.0;48.81577215;2.45029735;2024-10-03 23:00:00
202400034427.0;2;13;13071;1;1;1.0;2.0;43.40019;5.32019;2024-06-21 06:10:00
202400034428.0;3;77;77520;1;1;1.0;2.0;48.32011961;2.629662;2024-10-03 21:45:00
202400034429.0;4;33;33013;1;1;1.0;2.0;44.8526;-0.504961;2024-06-21 22:04:00
202400034430.0;3;77;77237;1;1;1.0;3.0;48.83228495;2.77909888;2024-10-03 20:50:00
202400034431.0;1;33;33318;1;1;1.0;3.0;44.788217;-0.641846;2024-06-21 18:40:00
202400034432.0;3;94;94011;1;1;1.0;2.0;48.75860978;2.48230079;2024-10-03 04:00:00
202400034433.0;2;91;91434;1;1;1.0;6.0;48.66988;2.34951;2024-06-21 22:07:00
202400034434.0;3;94;94073;1;1;1.0;6.0;48.76897989;2.37909892;2024-10-03 02:25:00
202400034435.0;1;91;91161;1;1;1.0;4.0;48.7127;2.30791;2024-06-21 15:40:00
202400034436.0;1;13;13026;1;1;1.0;2.0;43.38935;5.13794;2024-04-10 14:15:00
202400034437.0;1;78;78640;1;1;2.0;2.0;48.777379;2.223663;2024-06-21 10:30:00
202400034438.0;5;93;93030;2;1;2.0;6.0;48.94953927;2.43902922;2024-11-08 07:03:00
202400034439.0;1;13;13056;1;3;1.0;2.0;43.34882;5.05705;2024-02-24 17:00:00
202400034440.0;1;92;92036;1;1;2.0;3.0;48.93576132;2.26300266;2024-06-21 07:10:00
202400034441.0;2;78;78322;1;1;1.0;6.0;48.782235;2.161374;2024-06-21 05:30:00
202400034442.0;1;974;97416;1;1;1.0;2.0;-21.30094;55.50368;2024-10-02 10:35:00
202400034443.0;1;93;93013;2;3;8.0;1.0;48.93305;2.42816;2024-11-07 09:00:00
202400034444.0;1;973;97302;2;1;1.0;7.0;4.91743;-52.32143;2024-09-27 17:20:00
202400034445.0;1;92;92050;1;1;1.0;2.0;48.90030565;2.20945644;2024-06-20 18:25:00
202400034446.0;1;93;93014;2;1;8.0;6.0;48.905;2.54698;2024-11-08 12:58:00
202400034447.0;1;69;69382;2;1;1.0;2.0;45.74993157;4.82504269;2024-10-02 08:00:00
202400034448.0;1;92;92036;1;1;2.0;7.0;48.94862354;2.28092015;2024-06-21 11:10:00
202400034449.0;1;95;95572;1;1;2.0;6.0;49.0328605;2.10794605;2024-06-21 12:50:00
202400034450.0;5;93;93010;2;3;1.0;3.0;48.89975;2.49549;2024-11-08 19:20:00
202400034451.0;3;95;95582;1;1;1.0;6.0;48.97011903;2.249862;2024-06-21 02:30:00
202400034452.0;1;971;97101;2;4;1.0;3.0;16.25996413;-61.5291667;2024-10-02 12:06:00
202400034453.0;1;93;93008;2;1;1.0;3.0;48.90524;2.44323;2024-11-08 15:25:00
202400034454.0;5;971;97101;1;1;1.0;6.0;16.26766;-61.48974;2024-10-02 02:02:00
202400034455.0;1;95;95582;1;1;1.0;4.0;48.96419726;2.26858135;2024-06-19 18:15:00
202400034456.0;5;93;93001;2;9;8.0;2.0;48.91599432;2.37091541;2024-11-08 20:40:00
202400034457.0;2;87;87085;2;3;1.0;3.0;45.82479;1.27587;2024-10-02 07:45:00
202400034458.0;1;77;77363;1;1;1.0;3.0;48.918487;2.632515;2024-06-21 11:00:00
202400034459.0;3;94;94046;1;1;1.0;7.0;48.81577215;2.45029735;2024-06-21 02:45:00
202400034460.0;1;86;86066;2;1;1.0;3.0;46.832098;0.537316;2024-10-02 13:45:00
202400034461.0;1;92;92073;2;1;1.0;6.0;48.86471668;2.2190187;2024-11-08 13:20:00
202400034462.0;3;29;29051;1;9;1.0;7.0;48.0043388;-4.05978333;2024-03-20 00:15:00
202400034463.0;1;92;92050;2;1;1.0;6.0;48.9;2.19491;2024-11-08 08:10:00
202400034464.0;1;83;83137;2;1;1.0;4.0;43.16520141;5.93598515;2024-10-02 17:50:00
202400034465.0;1;974;97416;1;1;1.0;4.0;-21.33084;55.45563;2024-06-19 17:15:00
202400034466.0;1;83;83137;2;1;1.0;6.0;43.14167;5.95841;2024-10-01 16:10:00
202400034467.0;2;92;92050;2;1;2.0;6.0;48.88526667;2.21180968;2024-11-08 07:50:00
202400034468.0;1;974;97411;2;2;1.0;3.0;-20.88488;55.45966;2024-06-18 09:15:00
202400034469.0;1;974;97407;2;9;1.0;3.0;-20.93;55.29;2024-06-20 08:15:00
202400034470.0;1;78;78350;2;1;2.0;6.0;48.85819;2.10678;2024-10-02 13:40:00
202400034471.0;5;92;92050;2;7;1.0;6.0;48.88695528;2.20064655;2024-11-05 21:10:00
202400034472.0;3;973;97302;1;1;2.0;6.0;4.90394861;-52.31714273;2024-06-20 20:55:00
202400034473.0;1;78;78621;1;1;2.0;4.0;48.770676;1.986471;2024-10-02 12:10:00
202400034474.0;1;92;92026;2;1;1.0;3.0;48.89747598;2.25650847;2024-11-08 16:40:00
202400034475.0;1;973;97302;2;1;1.0;6.0;4.91523722;-52.31789875;2024-06-19 17:48:00
202400034476.0;2;972;97213;2;1;2.0;7.0;14.63558;-60.99147;2024-06-20 05:20:00
202400034477.0;1;92;92019;2;1;8.0;6.0;48.77272;2.28608;2024-11-08 08:20:00
202400034478.0;1;972;97209;1;1;1.0;6.0;14.60305;-61.05057;2024-06-19 15:20:00
202400034479.0;1;92;92012;2;1;1.0;6.0;48.83242;2.24943;2024-11-08 13:52:00
202400034480.0;2;77;77288;1;1;1.0;3.0;48.54286;2.68061;2024-10-02 18:11:00
202400034481.0;1;69;69034;2;1;2.0;6.0;45.80439;4.8635;2024-06-20 18:00:00
202400034482.0;4;92;92007;2;1;1.0;1.0;48.80035321;2.3085586;2024-11-08 17:45:00
202400034483.0;1;76;76410;2;1;1.0;6.0;49.47605;1.04098;2024-10-02 18:25:00
202400034484.0;1;69;69382;2;2;3.0;6.0;45.76358;4.83805;2024-06-20 16:15:00
202400034485.0;3;37;37024;1;1;1.0;6.0;47.301712;0.216739;2024-11-08 21:45:00
202400034486.0;1;95;95424;2;9;1.0;1.0;48.99400268;2.19536733;2024-06-20 18:20:00
202400034487.0;1;73;73065;2;5;2.0;3.0;45.56997;5.91593;2024-10-02 08:45:00
202400034488.0;1;91;91692;2;1;2.0;7.0;48.6846;2.1908;2024-06-20 20:35:00
202400034489.0;3;62;62613;1;1;1.0;1.0;50.680525;2.057405;2024-11-08 20:00:00
202400034490.0;1;72;72181;2;2;1.0;3.0;48.01748;0.22724;2024-10-02 18:00:00
202400034491.0;1;91;91645;2;3;8.0;3.0;48.7472;2.28497;2024-06-19 10:00:00
202400034492.0;1;16;16186;1;1;1.0;1.0;45.539556;-0.183399;2024-11-08 17:25:00
202400034493.0;1;71;71486;2;2;1.0;3.0;46.6468;4.34002;2024-10-02 15:15:00
202400034494.0;1;91;91174;2;6;1.0;3.0;48.58989;2.47121;2024-06-19 17:45:00
202400034495.0;3;62;62748;1;1;1.0;1.0;50.97189;2.122679;2024-11-08 21:30:00
202400034496.0;3;78;78551;2;1;2.0;6.0;48.898103;2.076315;2024-06-20 22:50:00
202400034497.0;1;71;71076;2;2;1.0;3.0;46.8057;4.85384;2024-10-02 08:15:00
202400034498.0;1;78;78440;2;1;1.0;6.0;48.993571;1.906198;2024-06-20 12:45:00
202400034499.0;3;95;95316;1;1;2.0;6.0;49.09214209;2.44881603;2024-11-08 23:13:00
202400034500.0;1;78;78440;2;3;1.0;3.0;48.979771;1.916831;2024-06-19 19:45:00
202400034501.0;1;69;69256;2;1;1.0;4.0;45.77513;4.91815;2024-10-02 11:08:00
202400034502.0;1;69;69266;2;8;1.0;6.0;45.78243585;4.87802416;2024-10-02 10:30:00
202400034503.0;2;19;19063;1;1;1.0;1.0;45.10015993;1.58447484;2024-11-08 17:55:00
202400034504.0;1;69;69290;2;1;2.0;6.0;45.70345;4.89548;2024-10-01 16:30:00
202400034505.0;1;77;77495;2;2;1.0;3.0;48.5682469;2.62583971;2024-06-19 15:35:00
202400034506.0;1;67;67482;2;1;8.0;4.0;48.55734789;7.73379564;2024-10-02 09:00:00
202400034507.0;1;77;77268;1;1;1.0;3.0;48.86689;2.80762;2024-06-19 17:00:00
202400034508.0;3;2B;2B145;1;1;2.0;6.0;42.475563;9.439466;2024-11-09 05:00:00
202400034509.0;4;67;67482;2;3;1.0;3.0;48.56046;7.71164;2024-10-01 06:20:00
202400034510.0;1;76;76351;2;1;1.0;3.0;49.50046;0.11153;2024-06-20 10:05:00
202400034511.0;1;33;33125;2;1;1.0;6.0;45.22668;-0.830877;2024-10-23 16:45:00
202400034512.0;3;64;64445;2;1;3.0;4.0;43.3406;-0.37974;2024-10-02 07:00:00
202400034513.0;1;72;72181;2;6;1.0;3.0;48.0245;0.1767;2024-06-19 14:20:00
202400034514.0;1;69;69248;2;3;1.0;3.0;46.048209;4.305037;2024-11-07 15:55:00
202400034515.0;1;69;69275;2;1;3.0;2.0;45.77026;4.95492;2024-06-20 17:15:00
202400034516.0;1;62;62624;1;1;8.0;3.0;50.42384;2.98789;2024-09-30 17:00:00
202400034517.0;1;69;69266;2;2;1.0;3.0;45.77107;4.89858;2024-06-19 14:30:00
202400034518.0;5;63;63178;2;2;1.0;3.0;45.541751;3.242244;2024-11-08 17:45:00
202400034519.0;5;60;60057;2;6;1.0;6.0;49.43398;2.06216;2024-10-01 19:50:00
202400034520.0;1;69;69092;1;1;1.0;6.0;46.00604;4.70603;2024-06-20 13:45:00
202400034521.0;1;61;61345;1;3;5.0;6.0;48.437073;0.777797;2024-11-09 10:05:00
202400034522.0;1;69;69290;2;9;1.0;3.0;45.71197;4.92048;2024-06-18 06:40:00
202400034523.0;5;56;56121;2;2;1.0;2.0;47.75359;-3.36226;2024-10-01 20:30:00
202400034524.0;1;61;61096;2;1;1.0;6.0;48.516593;-0.438074;2024-10-27 12:30:00
202400034525.0;1;67;67043;2;1;1.0;6.0;48.61248;7.74836;2024-06-20 17:25:00
202400034526.0;1;65;65331;2;1;3.0;3.0;43.21571;0.0541;2024-06-20 08:30:00
202400034527.0;1;56;56162;1;6;1.0;3.0;47.7412;-3.406;2024-09-30 19:30:00
202400034528.0;1;47;47280;1;2;1.0;3.0;44.411689;0.793532;2024-11-08 14:45:00
202400034529.0;1;64;64102;2;6;1.0;3.0;43.48113;-1.46048;2024-06-19 19:50:00
202400034530.0;2;47;47134;1;1;1.0;6.0;44.009623;0.298541;2024-11-09 17:00:00
202400034531.0;1;55;55545;2;1;1.0;1.0;49.158857;5.394558;2024-07-29 18:15:00
202400034532.0;1;64;64102;2;1;1.0;2.0;43.49795;-1.44857;2024-06-19 17:50:00
202400034533.0;3;55;55545;1;1;1.0;1.0;49.15567538;5.36560142;2024-09-01 23:55:00
202400034534.0;3;47;47144;1;1;1.0;1.0;44.58443186;0.43541425;2024-11-08 18:30:00
202400034535.0;1;64;64024;2;1;1.0;3.0;43.47793;-1.52346;2024-06-19 13:30:00
202400034536.0;2;55;55545;2;1;1.0;7.0;49.16105;5.37112;2024-08-13 20:30:00
202400034537.0;1;22;22152;2;1;8.0;6.0;48.777877;-3.24396;2024-11-08 11:48:00
202400034538.0;1;61;61001;2;3;1.0;3.0;48.433101;0.075648;2024-06-20 10:40:00
202400034539.0;1;55;55545;1;1;1.0;4.0;49.16452314;5.42220354;2024-07-22 16:45:00
202400034540.0;1;60;60057;2;9;1.0;6.0;49.44156706;2.09469151;2024-05-31 09:09:00
202400034541.0;1;59;59508;2;1;1.0;1.0;50.73571;3.12068;2024-06-20 17:00:00
202400034542.0;1;44;44131;2;1;1.0;1.0;47.108954;-2.067189;2024-11-08 15:39:00
202400034543.0;1;54;54395;2;2;1.0;6.0;48.68271468;6.1688152;2024-10-01 09:20:00
202400034544.0;1;59;59183;2;1;1.0;6.0;51.03376;2.37247;2024-06-20 13:10:00
202400034545.0;1;51;51454;2;1;1.0;6.0;49.251;4.047;2024-10-02 12:13:00
202400034546.0;3;31;31587;1;3;1.0;3.0;43.763613;1.407323;2024-11-08 19:00:00