Num_Acc;lum;departement;commune;agglomeration;intersection;meteo;type_collision;lat;long;date
202400034547.0;2;49;49007;2;1;1.0;3.0;47.46752;-0.59437;2024-10-02 20:42:00
202400034548.0;1;54;54395;2;3;1.0;3.0;48.68392;6.17321;2024-06-20 14:00:00
202400034549.0;1;49;49007;2;1;1.0;3.0;47.4618;-0.54147;2024-10-02 15:45:00
202400034550.0;1;54;54395;2;1;2.0;3.0;48.67611598;6.1900422;2024-06-19 08:20:00
202400034551.0;5;1;1269;1;1;1.0;1.0;46.164619;5.586206;2024-11-08 22:52:00
202400034552.0;1;49;49007;2;1;1.0;6.0;47.47871;-0.54929;2024-10-02 13:54:00
202400034553.0;1;54;54036;1;1;2.0;6.0;49.291467;5.977678;2024-06-20 08:59:00
202400034554.0;1;26;26045;1;1;1.0;1.0;44.517501;4.940329;2024-11-08 08:10:00
202400034555.0;2;53;53130;2;2;1.0;3.0;48.065513;-0.766356;2024-06-20 20:20:00
202400034556.0;1;49;49267;1;1;3.0;3.0;47.47323;-0.46571;2024-06-19 17:00:00
202400034557.0;1;45;45004;1;1;1.0;2.0;47.97088;2.73552;2024-06-14 14:45:00
202400034558.0;3;14;14504;1;2;5.0;3.0;49.207856;0.339362;2024-11-08 20:10:00
202400034559.0;5;44;44184;2;1;8.0;1.0;47.287;-2.229;2024-06-19 23:20:00
202400034560.0;1;44;44184;2;3;3.0;6.0;47.29595;-2.1903447;2024-06-19 12:20:00
202400034561.0;1;73;73162;1;1;1.0;1.0;45.605016;6.25945;2024-11-09 10:30:00
202400034562.0;1;37;37261;2;1;1.0;3.0;47.39282;0.7017;2024-06-20 14:05:00
202400034563.0;2;36;36048;1;2;5.0;3.0;46.5822479;1.61040457;2024-11-08 08:15:00
202400034564.0;2;35;35238;2;1;2.0;2.0;48.0996;-1.64716;2024-06-20 21:30:00
202400034565.0;2;16;16044;1;1;1.0;6.0;46.028985;0.264028;2024-11-09 17:30:00
202400034566.0;5;24;24547;2;1;1.0;3.0;45.134844;1.300735;2024-11-08 19:25:00
202400034567.0;1;35;35238;1;1;1.0;4.0;48.13388;-1.70653;2024-06-20 19:00:00
202400034568.0;1;34;34172;2;1;2.0;2.0;43.60211;3.9152;2024-06-20 12:00:00
202400034569.0;1;28;28422;2;1;1.0;1.0;48.269203;1.625389;2024-11-09 14:30:00
202400034570.0;1;33;33063;2;1;8.0;6.0;44.88697;-0.5526;2024-06-20 18:45:00
202400034571.0;3;87;87063;1;1;1.0;2.0;45.80607;1.360364;2024-11-08 18:35:00
202400034572.0;1;33;33063;2;2;1.0;3.0;44.83294;-0.58573;2024-06-20 12:45:00
202400034573.0;1;33;33281;2;1;1.0;6.0;44.83551541;-0.63402325;2024-06-19 14:20:00
202400034574.0;2;30;30189;2;9;1.0;2.0;43.83629;4.3941;2024-06-18 08:30:00
202400034575.0;1;29;29151;2;1;7.0;3.0;48.58950979;-3.83699061;2024-06-20 20:30:00
202400034576.0;1;31;31254;2;1;2.0;6.0;43.549726;1.506414;2024-11-09 15:10:00
202400034577.0;1;29;29019;2;3;1.0;3.0;48.393516;-4.481329;2024-06-19 18:20:00
202400034578.0;1;26;26008;1;1;1.0;7.0;44.57588;4.72053;2024-06-20 19:20:00
202400034579.0;3;55;55237;1;1;5.0;2.0;49.11920496;5.50623503;2024-11-08 22:40:00
202400034580.0;2;25;25580;1;3;1.0;1.0;47.46021;6.84158;2024-06-19 21:25:00
202400034581.0;3;38;38144;2;1;1.0;1.0;45.590257;5.089867;2024-11-08 21:36:00
202400034582.0;1;69;69064;1;1;2.0;6.0;45.47143809;4.77659912;2024-11-08 09:49:00
202400034583.0;1;15;15014;2;6;1.0;3.0;44.92256;2.42764;2024-06-18 12:20:00
202400034584.0;1;974;97418;1;1;1.0;6.0;-20.897962;55.56792;2024-11-09 13:40:00
202400034585.0;1;13;13102;2;1;2.0;1.0;43.41076;5.25223;2024-06-19 16:00:00
202400034586.0;5;45;45142;2;2;5.0;3.0;47.924136;2.136261;2024-11-08 21:20:00
202400034587.0;1;30;30032;2;1;1.0;7.0;43.80795;4.63832;2024-06-17 17:35:00
202400034588.0;3;66;66108;1;1;8.0;7.0;42.692668;2.677483;2024-11-08 22:20:00
202400034589.0;1;12;12202;2;1;1.0;6.0;44.36109;2.55644;2024-06-18 19:55:00
202400034590.0;1;67;67433;1;1;1.0;1.0;48.38474;7.60586;2024-11-09 10:55:00
202400034591.0;1;11;11069;2;1;2.0;3.0;43.2214;2.33823;2024-06-20 19:30:00
202400034592.0;5;88;88531;2;1;1.0;1.0;48.081211;6.92522;2024-11-08 19:05:00
202400034593.0;1;10;10321;1;9;1.0;2.0;48.2903;4.0368;2024-06-19 19:10:00
202400034594.0;3;9;9225;1;1;9.0;7.0;43.10421;1.63246;2024-06-20 23:40:00
202400034595.0;1;69;69291;1;9;5.0;3.0;45.641228;4.856333;2024-11-08 08:15:00
202400034596.0;3;31;31263;1;1;1.0;1.0;43.42306456;1.37574082;2024-11-08 20:50:00
202400034597.0;1;7;7019;1;1;2.0;1.0;44.59206;4.4212;2024-06-15 11:25:00
202400034598.0;1;33;33165;1;1;1.0;2.0;44.825956;-0.424036;2024-11-08 11:20:00
202400034599.0;1;6;6104;2;1;1.0;6.0;43.762;7.48131;2024-06-20 16:30:00
202400034600.0;4;14;14047;2;1;2.0;6.0;49.286465;-0.703817;2024-11-09 19:45:00
202400034601.0;1;75;75113;2;1;1.0;6.0;48.823637;2.382249;2024-06-20 10:35:00
202400034602.0;3;35;35196;1;3;1.0;3.0;48.066956;-1.821665;2024-11-08 19:30:00
202400034603.0;2;75;75117;2;1;1.0;5.0;48.8972;2.31293;2024-06-20 06:45:00
202400034604.0;1;60;60409;2;1;1.0;6.0;49.293428;2.459308;2024-11-09 15:15:00
202400034605.0;1;75;75113;2;1;1.0;2.0;48.816632;2.35592;2024-06-19 19:15:00
202400034606.0;1;75;75113;2;2;1.0;6.0;48.83137;2.375765;2024-06-19 06:30:00
202400034607.0;3;80;80630;1;1;5.0;7.0;49.781652;1.982431;2024-10-31 21:15:00
202400034608.0;1;75;75111;2;3;8.0;1.0;48.863576;2.378964;2024-06-20 19:00:00
202400034609.0;1;75;75120;2;1;1.0;6.0;48.873095;2.380922;2024-06-20 11:50:00
202400034610.0;5;62;62288;2;1;1.0;3.0;50.67291263;2.28478827;2024-11-08 18:40:00
202400034611.0;1;75;75120;2;7;1.0;3.0;48.877938;2.409505;2024-06-19 11:25:00
202400034612.0;5;59;59222;1;1;8.0;6.0;50.46626;3.137997;2024-11-09 19:35:00
202400034613.0;1;75;75119;2;7;1.0;1.0;48.886268;2.396334;2024-06-19 21:30:00
202400034614.0;1;75;75118;2;3;1.0;3.0;48.884509;2.359432;2024-06-20 05:15:00
202400034615.0;5;13;13213;1;1;2.0;2.0;43.33043277;5.40558457;2024-11-08 16:55:00
202400034616.0;1;75;75116;2;3;1.0;2.0;48.862192;2.293113;2024-06-20 17:05:00
202400034617.0;3;13;13015;1;1;1.0;7.0;43.42876;5.4011;2024-11-08 00:35:00
202400034618.0;1;75;75114;2;1;1.0;3.0;48.822539;2.328941;2024-06-19 14:10:00
202400034619.0;1;75;75110;2;1;1.0;6.0;48.874926;2.348104;2024-06-20 11:00:00
202400034620.0;1;13;13005;1;1;3.0;2.0;43.27733491;5.58710982;2024-11-06 12:30:00
202400034621.0;1;75;75107;2;1;1.0;3.0;48.85666;2.29242;2024-06-20 12:15:00
202400034622.0;1;13;13005;1;1;3.0;6.0;43.27733491;5.58710982;2024-11-06 12:30:00
202400034623.0;1;75;75101;2;3;1.0;2.0;48.863557;2.347429;2024-06-20 09:05:00
202400034624.0;1;75;75101;2;2;1.0;3.0;48.86529;2.343117;2024-06-20 09:00:00
202400034625.0;1;94;94046;2;1;1.0;6.0;48.793903;2.430722;2024-06-20 20:00:00
202400034626.0;1;13;13005;1;1;2.0;5.0;43.28542;5.52696;2024-11-06 08:30:00
202400034627.0;1;94;94041;2;2;1.0;2.0;48.81321;2.38827;2024-06-19 11:30:00
202400034628.0;1;13;13005;1;1;3.0;6.0;43.26872039;5.58802041;2024-11-06 09:00:00
202400034629.0;1;94;94017;2;2;1.0;3.0;48.80631;2.53024;2024-06-20 17:59:00
202400034630.0;1;13;13212;1;1;2.0;7.0;43.289;5.42446;2024-11-06 08:00:00
202400034631.0;1;94;94071;2;1;2.0;2.0;48.77123261;2.52320123;2024-06-20 08:20:00
202400034632.0;1;93;93073;2;1;1.0;6.0;48.95284;2.56392;2024-06-20 16:00:00
202400034633.0;2;33;33397;1;1;1.0;3.0;44.918379;-0.476707;2024-11-08 07:40:00
202400034634.0;1;93;93053;2;3;1.0;7.0;48.895522;2.443375;2024-06-16 17:46:00
202400034635.0;5;93;93046;2;1;1.0;2.0;48.91495;2.52776;2024-06-19 23:50:00
202400034636.0;1;93;93014;2;1;1.0;2.0;48.904654;2.552716;2024-06-20 09:00:00
202400034637.0;3;92;92002;1;1;1.0;4.0;48.76029591;2.28932708;2024-11-08 18:00:00
202400034638.0;1;92;92075;2;1;1.0;3.0;48.82283574;2.29536885;2024-06-20 16:40:00
202400034639.0;5;92;92044;2;2;1.0;3.0;48.89361965;2.29112846;2024-06-20 23:00:00
202400034640.0;3;78;78073;1;1;1.0;2.0;48.79921;1.9955;2024-11-08 18:10:00
202400034641.0;1;92;92040;2;4;1.0;3.0;48.82120034;2.26133251;2024-06-20 11:09:00
202400034642.0;3;92;92048;1;1;1.0;3.0;48.79826952;2.21648752;2024-11-08 19:10:00
202400034643.0;1;92;92035;2;2;1.0;1.0;48.90699;2.24347;2024-06-20 09:20:00
202400034644.0;1;92;92002;2;1;1.0;6.0;48.74863538;2.31272525;2024-06-20 18:30:00
202400034645.0;1;92;92025;1;1;1.0;2.0;48.92201331;2.22672771;2024-11-08 12:55:00
202400034646.0;1;35;35013;1;2;1.0;3.0;47.706592;-2.054186;2024-06-21 15:56:00
202400034647.0;3;78;78646;1;1;1.0;3.0;48.783065;2.159894;2024-11-07 23:05:00
202400034648.0;1;38;38114;1;1;1.0;2.0;45.414407;4.769896;2024-06-21 18:30:00
202400034649.0;1;41;41144;2;1;1.0;6.0;47.486092;1.114005;2024-06-20 11:00:00
202400034650.0;1;31;31418;1;1;1.0;1.0;43.62072077;1.54785186;2024-06-21 07:00:00
202400034651.0;5;78;78321;1;1;1.0;3.0;48.797114;1.909175;2024-11-07 18:00:00
202400034652.0;1;68;68249;2;1;2.0;1.0;48.140003;7.183471;2024-06-21 07:55:00
202400034653.0;3;35;35063;1;1;1.0;6.0;48.3146;-1.34059;2024-06-20 22:30:00
202400034654.0;1;93;93007;1;9;1.0;2.0;48.93542559;2.4803821;2024-11-08 16:00:00
202400034655.0;1;44;44138;1;1;1.0;2.0;47.521704;-1.640133;2024-06-21 16:25:00
202400034656.0;1;22;22032;1;1;1.0;7.0;48.278752;-2.167332;2024-06-21 08:00:00
202400034657.0;1;93;93005;1;1;1.0;7.0;48.95280378;2.47375002;2024-11-08 12:20:00
202400034658.0;1;34;34077;1;1;2.0;7.0;43.670014;3.901756;2024-06-20 14:40:00
202400034659.0;1;57;57321;2;1;1.0;3.0;48.69280512;7.04727716;2024-06-18 16:30:00
202400034660.0;1;93;93005;1;1;2.0;2.0;48.95088858;2.47455129;2024-11-08 09:30:00
202400034661.0;1;67;67315;2;9;1.0;3.0;48.951951;8.119444;2024-06-20 17:00:00
202400034662.0;1;76;76463;1;1;1.0;7.0;49.427378;1.679359;2024-06-21 16:40:00
202400034663.0;3;94;94046;1;1;1.0;2.0;48.80379653;2.44831042;2024-11-08 22:00:00
202400034664.0;1;80;80127;1;1;1.0;6.0;50.035519;1.479421;2024-06-21 12:45:00
202400034665.0;1;65;65279;2;1;2.0;6.0;43.038064;0.369584;2024-06-20 18:34:00
202400034666.0;1;33;33108;2;1;1.0;1.0;44.855017;-0.037964;2024-06-20 17:15:00
202400034667.0;1;77;77373;1;1;1.0;4.0;48.79440003;2.62048098;2024-11-08 16:40:00
202400034668.0;1;89;89449;2;2;1.0;2.0;48.335409;3.083376;2024-06-10 18:40:00
202400034669.0;2;63;63207;1;1;3.0;6.0;45.64549586;3.68308816;2024-06-20 19:51:00
202400034670.0;1;86;86031;1;1;1.0;7.0;46.602271;0.594141;2024-07-14 11:35:00
202400034671.0;1;61;61145;2;2;7.0;6.0;48.591426;-0.638196;2024-06-21 08:40:00
202400034672.0;5;34;34057;2;6;1.0;7.0;43.631175;3.908821;2024-08-13 02:52:00
202400034673.0;1;49;49364;1;1;1.0;1.0;47.143168;-0.231972;2024-06-21 08:00:00
202400034674.0;1;12;12088;1;1;8.0;7.0;44.640124;2.885993;2024-06-21 13:45:00
202400034675.0;1;988;98818;2;3;1.0;5.0;-22.28824;166.44802;2024-11-07 16:50:00
202400034676.0;1;46;46282;1;3;2.0;3.0;44.770944;1.986873;2024-06-21 09:10:00
202400034677.0;3;974;97416;1;1;1.0;7.0;-21.32856;55.45916;2024-11-08 01:05:00
202400034678.0;1;47;47127;1;1;2.0;6.0;44.34648801;0.40381569;2024-06-20 08:11:00
202400034679.0;1;974;97411;2;3;1.0;3.0;-20.88634;55.43355;2024-11-07 09:15:00
202400034680.0;5;47;47253;2;2;1.0;3.0;44.412398;0.148297;2024-06-18 01:30:00
202400034681.0;1;974;97407;2;1;1.0;3.0;-20.93681;55.29103;2024-11-07 15:30:00
202400034682.0;1;22;22015;1;1;1.0;3.0;48.397605;-2.593657;2024-06-20 19:46:00
202400034683.0;1;974;97407;2;1;1.0;6.0;-20.93;55.3;2024-11-06 15:15:00
202400034684.0;1;31;31246;1;1;3.0;3.0;43.112247;0.853516;2024-06-20 15:35:00
202400034685.0;5;973;97302;2;3;1.0;3.0;4.93258515;-52.32124749;2024-11-07 19:30:00
202400034686.0;1;38;38034;2;3;1.0;3.0;45.340116;5.049138;2024-06-20 12:55:00
202400034687.0;1;973;97302;2;1;1.0;6.0;4.92429;-52.31242;2024-11-07 17:30:00
202400034688.0;1;38;38422;2;9;2.0;2.0;45.142003;5.828923;2024-06-20 10:50:00
202400034689.0;1;2;2336;2;1;1.0;7.0;49.692227;3.214949;2024-06-20 15:05:00
202400034690.0;1;973;97302;2;2;1.0;3.0;4.93874;-52.33173;2024-11-07 08:10:00
202400034691.0;1;90;90021;1;1;1.0;1.0;47.585482;6.957838;2024-06-20 19:05:00
202400034692.0;1;973;97302;2;1;1.0;1.0;4.92684;-52.29136;2024-11-07 07:55:00
202400034693.0;1;45;45167;1;1;2.0;1.0;47.919786;1.698243;2024-06-21 13:00:00
202400034694.0;1;973;97302;2;1;1.0;3.0;4.93571;-52.32601;2024-11-06 13:25:00
202400034695.0;1;64;64160;1;1;2.0;6.0;43.364096;-1.41994;2024-06-20 18:03:00
202400034696.0;5;69;69387;2;8;1.0;3.0;45.74779;4.83383;2024-11-07 19:40:00
202400034697.0;3;53;53088;1;1;1.0;6.0;47.969141;-1.094921;2024-06-19 23:50:00
202400034698.0;2;69;69387;2;2;1.0;6.0;45.75381;4.84726;2024-11-07 17:35:00
202400034699.0;1;21;21288;1;1;2.0;7.0;47.541045;4.639074;2024-06-19 08:50:00
202400034700.0;2;69;69387;2;1;2.0;6.0;45.74008;4.84056;2024-11-07 07:45:00
202400034701.0;1;27;27113;1;2;1.0;3.0;49.202817;0.655512;2024-06-21 07:55:00
202400034702.0;1;69;69389;2;1;2.0;1.0;45.76716;4.79104;2024-11-07 09:50:00
202400034703.0;1;28;28140;2;1;1.0;6.0;48.60168;1.675335;2024-05-09 16:46:00
202400034704.0;3;95;95018;1;1;1.0;4.0;48.96133067;2.2686043;2024-12-14 19:25:00
202400034705.0;1;971;97113;1;1;2.0;7.0;16.23834;-61.49941;2024-11-07 07:00:00
202400034706.0;2;17;17447;1;9;1.0;7.0;46.080754;-0.918838;2024-06-20 21:05:00
202400034707.0;1;17;17174;1;1;1.0;1.0;46.031679;-0.789656;2024-06-20 19:25:00
202400034708.0;1;92;92036;1;1;1.0;5.0;48.94651571;2.2827709;2024-12-14 12:00:00
202400034709.0;1;2A;2A004;2;3;1.0;2.0;41.93463597;8.74543905;2024-11-07 15:30:00
202400034710.0;4;93;93007;1;9;1.0;3.0;48.92645976;2.48151273;2024-12-14 01:05:00
202400034711.0;1;30;30133;1;1;1.0;2.0;43.541347;4.146287;2024-06-16 09:30:00
202400034712.0;1;2A;2A004;2;1;1.0;1.0;41.94005;8.75919;2024-11-07 08:20:00
202400034713.0;1;67;67389;2;9;1.0;7.0;48.651092;7.751705;2024-06-20 11:04:00
202400034714.0;2;91;91549;2;1;1.0;6.0;48.63234;2.33656;2024-11-07 16:30:00
202400034715.0;4;93;93010;1;9;1.0;2.0;48.89196501;2.47287972;2024-12-14 01:08:00
202400034716.0;1;1;1195;1;1;1.0;6.0;46.219272;5.292279;2024-06-21 15:20:00
202400034717.0;3;95;95154;1;1;1.0;6.0;49.0397577;2.54238065;2024-12-13 07:00:00
202400034718.0;2;6;6088;1;1;1.0;6.0;43.678503;7.194114;2024-06-20 21:20:00
202400034719.0;5;91;91521;2;1;3.0;1.0;48.64552;2.43352;2024-11-07 21:15:00
202400034720.0;3;95;95539;2;3;1.0;6.0;48.99558028;2.3531241;2024-10-02 19:50:00
202400034721.0;5;34;34166;1;1;1.0;6.0;43.359166;3.344135;2024-06-18 04:40:00
202400034722.0;5;91;91161;2;2;3.0;3.0;48.69938;2.3132;2024-07-12 23:30:00
202400034723.0;1;88;88209;2;2;1.0;4.0;48.19299;6.43818;2024-11-06 15:20:00
202400034724.0;1;72;72146;1;2;1.0;3.0;47.891464;0.14735;2024-06-21 14:00:00
202400034725.0;1;91;91345;2;1;1.0;4.0;48.699;2.29969;2024-07-11 09:00:00
202400034726.0;5;84;84035;2;3;1.0;3.0;43.879852;5.006664;2024-11-06 17:50:00
202400034727.0;3;76;76484;1;1;1.0;6.0;49.336505;1.074911;2024-06-20 23:10:00
202400034728.0;5;30;30351;2;9;1.0;7.0;43.95779;4.7958;2024-10-14 01:05:00
202400034729.0;1;30;30011;1;1;1.0;7.0;43.95776;4.75131;2024-11-06 15:30:00
202400034730.0;1;30;30116;1;6;3.0;7.0;43.9322447;4.59741452;2024-06-20 10:35:00
202400034731.0;5;79;79191;2;1;1.0;1.0;46.309607;-0.46565;2024-11-07 19:30:00
202400034732.0;3;13;13087;1;1;2.0;1.0;43.469596;5.588967;2024-06-21 01:25:00
202400034733.0;1;987;98735;1;2;1.0;3.0;-17.52992;-149.56071;2024-12-13 08:30:00
202400034734.0;1;78;78621;2;1;8.0;3.0;48.79145;1.97782;2024-11-07 09:45:00
202400034735.0;1;77;77171;2;3;2.0;3.0;48.895386;2.812183;2024-06-21 09:26:00
202400034736.0;1;987;98736;2;3;3.0;7.0;-17.53632;-149.54773;2024-12-11 11:30:00
202400034737.0;3;77;77040;1;1;2.0;6.0;48.51666;2.58065;2024-11-07 04:45:00
202400034738.0;5;974;97411;2;1;1.0;7.0;-20.882;55.44747;2024-12-13 20:15:00
202400034739.0;1;77;77330;2;1;1.0;3.0;48.93709;2.88023;2024-11-07 12:15:00
202400034740.0;1;77;77315;2;3;8.0;3.0;48.884185;2.828491;2024-06-20 09:15:00
202400034741.0;1;974;97411;2;4;1.0;3.0;-20.89561797;55.49495941;2024-12-13 15:10:00
202400034742.0;1;77;77153;2;6;8.0;7.0;49.058271;2.699981;2024-06-10 09:15:00
202400034743.0;1;72;72181;2;1;8.0;2.0;48.0186;0.1831;2024-11-06 08:30:00
202400034744.0;1;974;97411;2;1;1.0;3.0;-20.8726;55.44899;2024-12-13 14:35:00
202400034745.0;5;69;69264;1;1;2.0;7.0;45.99672;4.72849;2024-11-07 07:00:00
202400034746.0;1;2B;2B093;1;1;8.0;3.0;42.612288;8.892446;2024-06-20 17:30:00
202400034747.0;1;67;67482;2;1;8.0;3.0;48.59797;7.77591;2024-11-07 08:25:00
202400034748.0;5;974;97407;2;1;1.0;3.0;-20.93941;55.30647;2024-12-13 19:00:00
202400034749.0;1;83;83016;2;1;1.0;6.0;43.195834;5.806167;2024-06-21 12:05:00
202400034750.0;2;65;65440;2;1;1.0;6.0;43.22843;0.07676;2024-11-07 18:50:00
202400034751.0;1;973;97302;2;6;1.0;3.0;4.9208;-52.32934;2024-12-13 17:15:00
202400034752.0;1;83;83101;1;1;1.0;1.0;43.227843;6.650527;2024-06-16 19:00:00
202400034753.0;1;64;64445;2;2;7.0;3.0;43.32037;-0.34377;2024-11-07 08:55:00
202400034754.0;1;973;97302;2;1;1.0;3.0;4.92554;-52.3036;2024-12-13 12:30:00
202400034755.0;1;973;97302;1;6;1.0;7.0;4.90776976;-52.32238948;2024-12-11 12:45:00
202400034756.0;5;83;83099;2;1;1.0;2.0;43.456626;6.688485;2024-06-21 01:05:00
202400034757.0;1;64;64335;2;3;1.0;6.0;43.33787;-0.43843;2024-11-06 17:35:00
202400034758.0;1;973;97302;2;1;1.0;3.0;4.92847839;-52.31708837;2024-12-12 11:25:00
202400034759.0;3;70;70046;1;1;1.0;1.0;47.621482;6.438181;2024-06-21 00:50:00
202400034760.0;1;64;64122;2;3;1.0;3.0;43.48418;-1.55757;2024-11-07 13:53:00
202400034761.0;5;69;69388;2;2;2.0;3.0;45.74161;4.86055;2024-12-13 19:00:00
202400034762.0;2;64;64102;2;1;5.0;6.0;43.48942;-1.46807;2024-11-07 07:40:00
202400034763.0;1;89;89198;1;1;1.0;2.0;47.8565;3.5719;2024-06-20 13:25:00
202400034764.0;5;63;63113;2;1;5.0;6.0;45.79454;3.12287;2024-11-08 00:27:00
202400034765.0;5;972;97213;2;1;1.0;3.0;14.6139;-61.00486;2024-12-13 18:45:00
202400034766.0;5;69;69382;2;1;2.0;6.0;45.7361;4.81682;2024-12-14 01:30:00
202400034767.0;1;63;63164;2;1;1.0;2.0;45.8115;3.15225;2024-11-06 16:15:00
202400034768.0;1;69;69389;2;1;1.0;6.0;45.77927;4.80324;2024-12-13 12:30:00
202400034769.0;2;61;61001;2;3;2.0;1.0;48.412964;0.090965;2024-11-07 07:55:00
202400034770.0;1;69;69389;2;1;1.0;3.0;45.80286685;4.83893737;2024-12-13 08:00:00
202400034771.0;5;59;59599;2;1;1.0;6.0;50.7393;3.16879;2024-11-07 20:10:00
202400034772.0;5;69;69202;2;1;1.0;3.0;45.74446;4.8085;2024-12-13 01:45:00
202400034773.0;5;56;56083;2;6;8.0;2.0;47.790598;-3.276773;2024-11-06 18:58:00
202400034774.0;1;971;97107;2;1;1.0;6.0;16.05216484;-61.56625628;2024-10-18 09:30:00
202400034775.0;1;56;56098;2;3;8.0;3.0;47.76197;-3.35588;2024-11-05 12:29:00
202400034776.0;5;91;91201;2;6;1.0;3.0;48.688392;2.390205;2024-12-12 06:30:00
202400034777.0;1;51;51454;2;1;1.0;2.0;49.26675;4.0648;2024-11-07 11:15:00
202400034778.0;1;91;91027;2;1;1.0;2.0;48.70972;2.39998;2024-12-13 14:40:00
202400034779.0;5;51;51454;2;1;1.0;4.0;49.25702;4.02311;2024-11-06 21:10:00
202400034780.0;1;50;50129;2;1;1.0;1.0;49.6373;-1.60428;2024-11-06 12:30:00
202400034781.0;1;91;91228;2;2;1.0;5.0;48.63095;2.42487;2024-12-13 11:02:00
202400034782.0;5;91;91223;2;1;5.0;3.0;48.43524;2.14637;2024-12-13 20:20:00
202400034783.0;5;49;49099;1;6;5.0;3.0;47.03623;-0.90545;2024-11-06 18:15:00
202400034784.0;1;84;84099;1;2;8.0;3.0;43.856251;5.083375;2024-12-13 15:15:00
202400034785.0;5;45;45234;2;1;1.0;6.0;47.82772;1.92944;2024-11-07 18:35:00
202400034786.0;1;44;44109;2;9;8.0;6.0;47.26747;-1.51759;2024-11-05 17:30:00
202400034787.0;1;84;84007;2;3;2.0;2.0;43.93313;4.83331;2024-12-13 08:30:00
202400034788.0;1;43;43089;2;1;1.0;6.0;45.04576887;3.86771085;2024-11-07 16:50:00
202400034789.0;5;84;84007;2;2;1.0;7.0;43.94453;4.80352;2024-10-27 20:10:00
202400034790.0;1;42;42207;2;3;1.0;3.0;45.48197777;4.52540212;2024-11-06 13:40:00
202400034791.0;5;84;84007;2;1;1.0;7.0;43.94656;4.83259;2024-12-12 21:25:00
202400034792.0;5;38;38185;2;9;1.0;3.0;45.18850727;5.73999703;2024-11-07 18:45:00
202400034793.0;5;83;83137;2;1;1.0;6.0;43.11407;5.93947;2024-12-12 18:30:00
202400034794.0;1;37;37214;2;3;1.0;2.0;47.41488;0.65336;2024-11-07 15:00:00
202400034795.0;1;83;83009;2;1;1.0;5.0;43.14632;5.76568;2024-12-10 14:55:00
202400034796.0;1;36;36044;2;1;1.0;6.0;46.798519;1.712064;2024-11-07 07:57:00
202400034797.0;2;83;83061;2;9;2.0;3.0;43.43882554;6.74715132;2024-12-13 07:45:00
202400034798.0;3;34;34108;2;2;2.0;6.0;43.44484;3.7592;2024-11-08 23:50:00
202400034799.0;5;82;82121;2;6;1.0;3.0;44.02199;1.35293;2024-12-13 18:50:00
202400034800.0;1;33;33522;2;1;1.0;3.0;44.79975;-0.59696;2024-11-07 15:50:00
202400034801.0;2;80;80021;2;1;1.0;7.0;49.9116;2.3017;2024-12-13 18:00:00
202400034802.0;1;33;33318;2;1;5.0;6.0;44.79627;-0.61408;2024-11-06 08:25:00
202400034803.0;5;78;78146;2;7;1.0;6.0;48.904017;2.156872;2024-12-13 19:35:00
202400034804.0;1;31;31555;2;1;1.0;6.0;43.60552;1.448181;2024-11-07 09:42:00
202400034805.0;1;29;29254;2;1;1.0;6.0;48.57509961;-3.84643867;2024-11-07 16:20:00
202400034806.0;1;78;78551;1;1;1.0;4.0;48.90837;2.07427;2024-12-13 12:40:00
202400034807.0;4;78;78005;2;2;1.0;3.0;48.96274;2.07119;2024-12-13 20:35:00
202400034808.0;5;77;77083;2;1;1.0;6.0;48.85809;2.59604;2024-12-14 00:30:00
202400034809.0;5;77;77373;2;1;1.0;6.0;48.80148;2.62027;2024-12-13 17:10:00
202400034810.0;1;25;25462;2;1;1.0;2.0;46.89857;6.35941;2024-11-07 14:04:00
202400034811.0;1;18;18033;2;3;1.0;3.0;47.06251;2.39055;2024-11-06 15:40:00
202400034812.0;5;73;73065;2;4;1.0;3.0;45.56776;5.93876;2024-12-13 05:45:00
202400034813.0;2;18;18033;2;1;1.0;2.0;47.087808;2.421093;2024-11-05 17:50:00
202400034814.0;1;72;72181;2;3;8.0;6.0;47.9714;0.21361;2024-12-11 15:30:00
202400034815.0;1;71;71306;2;3;8.0;6.0;46.67382;4.36181;2024-12-13 09:05:00
202400034816.0;2;14;14118;2;2;8.0;3.0;49.16803;-0.34669;2024-11-06 08:00:00
202400034817.0;1;69;69259;2;3;1.0;2.0;45.69706;4.88882;2024-12-12 11:50:00
202400034818.0;1;13;13215;2;3;1.0;1.0;43.37855;5.35706;2024-11-07 14:15:00
202400034819.0;1;13;13215;2;2;1.0;6.0;43.34766;5.35923;2024-11-07 08:15:00
202400034820.0;2;66;66136;2;3;3.0;3.0;42.69066;2.8912;2024-12-13 08:30:00
202400034821.0;5;10;10357;2;4;1.0;3.0;48.29631979;4.13245046;2024-11-06 17:27:00
202400034822.0;3;66;66136;2;2;2.0;3.0;42.72249111;2.89067566;2024-12-12 17:45:00
202400034823.0;1;64;64445;2;1;1.0;7.0;43.30739;-0.36362;2024-12-12 09:35:00
202400034824.0;5;10;10387;2;6;1.0;2.0;48.29502;4.08127;2024-11-06 22:10:00
202400034825.0;1;5;5061;2;1;1.0;6.0;44.52581;6.04815;2024-10-28 15:20:00
202400034826.0;5;64;64102;2;9;1.0;3.0;43.48558;-1.47145;2024-12-13 22:58:00
202400034827.0;1;64;64024;2;9;8.0;3.0;43.51422;-1.5006;2024-12-13 14:20:00
202400034828.0;2;3;3095;2;4;1.0;6.0;46.133689;3.466027;2024-11-06 17:30:00
202400034829.0;1;63;63113;2;1;2.0;1.0;45.78251785;3.10034126;2024-12-13 16:08:00
202400034830.0;5;1;1451;2;1;2.0;1.0;46.21405;5.2168;2024-11-07 07:00:00