Num_Acc;lum;departement;commune;agglomeration;intersection;meteo;type_collision;lat;long;date
202400034831.0;5;59;59122;2;3;1.0;3.0;50.18065;3.24549;2024-12-03 18:15:00
202400034832.0;1;75;75120;2;1;1.0;3.0;48.870563;2.413456;2024-11-07 07:50:00
202400034833.0;5;57;57672;2;1;1.0;6.0;49.35627;6.14352;2024-12-13 07:50:00
202400034834.0;1;75;75106;2;1;1.0;3.0;48.850676;2.330286;2024-11-06 14:55:00
202400034835.0;1;57;57463;2;3;1.0;6.0;49.11186;6.17106;2024-12-13 14:15:00
202400034836.0;1;75;75120;2;1;8.0;3.0;48.863966;2.407918;2024-11-06 12:15:00
202400034837.0;3;56;56098;2;1;1.0;6.0;47.779424;-3.309717;2024-12-12 23:03:00
202400034838.0;1;75;75118;2;1;1.0;6.0;48.885367;2.326565;2024-11-07 13:20:00
202400034839.0;5;56;56121;2;6;1.0;3.0;47.7641;-3.38086;2024-12-12 18:08:00
202400034840.0;1;75;75113;2;3;1.0;6.0;48.830279;2.347193;2024-11-07 09:05:00
202400034841.0;1;51;51474;2;9;1.0;2.0;49.27624;4.00082;2024-12-13 14:20:00
202400034842.0;4;75;75112;2;3;1.0;1.0;48.845501;2.36716;2024-11-07 06:15:00
202400034843.0;2;51;51454;2;3;1.0;3.0;49.25124;4.02294;2024-12-13 07:40:00
202400034844.0;5;75;75111;2;1;1.0;3.0;48.851322;2.390978;2024-11-07 20:20:00
202400034845.0;3;51;51525;1;1;5.0;1.0;48.933285;4.444349;2024-12-13 19:00:00
202400034846.0;5;75;75109;2;2;1.0;3.0;48.87226;2.3383;2024-11-06 20:00:00
202400034847.0;3;50;50129;1;1;1.0;7.0;49.60516;-1.59414;2024-12-12 22:40:00
202400034848.0;1;49;49007;2;1;1.0;3.0;47.46734;-0.5299;2024-12-13 14:11:00
202400034849.0;1;75;75115;2;3;8.0;6.0;48.838307;2.281267;2024-11-07 08:20:00
202400034850.0;1;49;49007;2;2;1.0;6.0;47.45185;-0.54505;2024-12-12 16:40:00
202400034851.0;2;94;94081;2;3;1.0;3.0;48.790492;2.400585;2024-11-07 17:20:00
202400034852.0;1;47;47001;2;6;1.0;3.0;44.18631;0.62467;2024-12-13 11:45:00
202400034853.0;2;94;94068;2;2;8.0;3.0;48.7858;2.4922;2024-11-07 09:00:00
202400034854.0;5;45;45004;2;1;5.0;3.0;47.984473;2.749872;2024-12-13 21:54:00
202400034855.0;5;35;35238;2;1;1.0;3.0;48.114333;-1.706196;2024-12-13 20:45:00
202400034856.0;1;94;94041;2;9;1.0;3.0;48.80701;2.37523;2024-11-07 16:00:00
202400034857.0;5;35;35238;2;6;1.0;1.0;48.0855882;-1.69184625;2024-12-13 19:25:00
202400034858.0;1;94;94019;2;1;1.0;3.0;48.7966;2.5306;2024-11-07 07:50:00
202400034859.0;5;33;33075;2;3;1.0;3.0;44.87798;-0.62387;2024-12-13 20:05:00
202400034860.0;5;94;94075;2;1;2.0;2.0;48.73155;2.52324;2024-11-07 18:15:00
202400034861.0;3;93;93066;2;1;2.0;2.0;48.94299;2.36368;2024-11-07 21:00:00
202400034862.0;5;31;31555;2;1;1.0;1.0;43.61178;1.43866;2024-12-13 05:00:00
202400034863.0;3;29;29039;1;1;1.0;6.0;47.892471;-3.892003;2024-12-13 18:45:00
202400034864.0;1;93;93064;2;1;1.0;1.0;48.86257117;2.49339382;2024-10-18 15:30:00
202400034865.0;5;93;93046;2;2;2.0;3.0;48.91044;2.52458;2024-11-07 19:00:00
202400034866.0;3;29;29019;2;6;2.0;3.0;48.40481;-4.477475;2024-12-13 18:55:00
202400034867.0;5;27;27229;2;1;1.0;6.0;49.02737;1.14851;2024-12-13 19:00:00
202400034868.0;1;93;93045;2;1;1.0;3.0;48.87826165;2.42618144;2024-11-07 08:00:00
202400034869.0;1;25;25462;2;3;1.0;6.0;46.90899;6.34909;2024-12-13 09:50:00
202400034870.0;5;93;93031;2;1;1.0;6.0;48.95515757;2.31837291;2024-11-07 00:15:00
202400034871.0;2;93;93010;2;9;8.0;6.0;48.9033364;2.4705584;2024-11-07 16:05:00
202400034872.0;2;19;19031;2;1;1.0;4.0;45.16471;1.51197;2024-12-13 07:50:00
202400034873.0;1;13;13206;2;1;1.0;3.0;43.28803;5.38474;2024-12-13 09:30:00
202400034874.0;2;93;93008;2;9;1.0;5.0;48.91606523;2.42442097;2024-11-06 07:15:00
202400034875.0;1;93;93007;2;1;1.0;6.0;48.93254;2.47766;2024-11-06 12:37:00
202400034876.0;5;13;13214;2;1;8.0;2.0;43.33385;5.3679;2024-12-13 07:00:00
202400034877.0;5;92;92078;2;6;1.0;3.0;48.94133896;2.32222125;2024-11-07 22:39:00
202400034878.0;5;13;13208;2;9;1.0;1.0;43.25857265;5.39425402;2024-12-13 00:30:00
202400034879.0;1;92;92051;2;1;8.0;6.0;48.87950935;2.26587117;2024-11-07 08:53:00
202400034880.0;1;13;13070;2;1;1.0;1.0;43.28691;5.51636;2024-12-13 11:25:00
202400034881.0;1;92;92050;2;1;1.0;6.0;48.88895951;2.20414225;2024-11-07 15:35:00
202400034882.0;5;13;13001;2;1;2.0;6.0;43.53953178;5.42643881;2024-12-14 01:15:00
202400034883.0;2;92;92048;2;1;1.0;3.0;48.78744173;2.22688973;2024-11-07 17:00:00
202400034884.0;3;11;11262;2;1;2.0;6.0;43.17066;2.9789;2024-12-13 02:17:00
202400034885.0;1;92;92044;2;2;8.0;6.0;48.89914404;2.27858841;2024-11-06 15:50:00
202400034886.0;5;8;8043;2;1;1.0;1.0;49.692138;4.96068;2024-11-25 21:15:00
202400034887.0;5;6;6069;2;1;2.0;6.0;43.64215;6.94239;2024-12-13 23:50:00
202400034888.0;2;92;92040;2;1;1.0;2.0;48.82132;2.26462;2024-11-07 07:30:00
202400034889.0;5;6;6069;2;1;2.0;1.0;43.664598;6.937596;2024-12-13 18:30:00
202400034890.0;5;92;92036;2;1;1.0;1.0;48.91593;2.30384;2024-11-07 18:10:00
202400034891.0;5;6;6123;2;1;8.0;6.0;43.66608;7.19626;2024-12-13 19:10:00
202400034892.0;5;92;92023;2;1;1.0;6.0;48.78999496;2.25390628;2024-11-07 19:11:00
202400034893.0;1;75;75120;2;1;1.0;2.0;48.872376;2.412504;2024-12-13 13:10:00
202400034894.0;1;92;92019;2;9;1.0;1.0;48.77659063;2.23019555;2024-11-07 08:00:00
202400034895.0;1;75;75114;2;4;1.0;2.0;48.81930736;2.32868314;2024-12-13 12:25:00
202400034896.0;1;974;97415;2;1;1.0;6.0;-21.032172;55.282331;2024-11-08 05:50:00
202400034897.0;3;75;75120;2;4;1.0;2.0;48.861698;2.413912;2024-12-11 16:45:00
202400034898.0;1;40;40065;2;2;1.0;3.0;43.642106;-1.430435;2024-11-07 15:40:00
202400034899.0;5;75;75119;2;1;1.0;6.0;48.883921;2.374664;2024-12-13 17:25:00
202400034900.0;3;28;28388;1;1;2.0;1.0;48.391114;1.451107;2024-11-07 21:06:00
202400034901.0;1;14;14061;1;1;1.0;7.0;48.958764;-0.923924;2024-11-08 16:15:00
202400034902.0;5;75;75117;2;3;1.0;3.0;48.892914;2.327009;2024-12-13 03:25:00
202400034903.0;3;75;75111;2;2;1.0;6.0;48.861849;2.383391;2024-12-13 08:25:00
202400034904.0;1;83;83091;1;1;1.0;1.0;43.208828;6.139491;2024-11-08 12:50:00
202400034905.0;1;75;75110;2;1;1.0;4.0;48.87651;2.358208;2024-12-13 16:20:00
202400034906.0;5;83;83070;2;3;1.0;6.0;43.138154;6.361358;2024-11-07 23:45:00
202400034907.0;1;75;75109;2;3;1.0;2.0;48.882806;2.344668;2024-12-13 12:30:00
202400034908.0;1;67;67407;1;1;1.0;1.0;48.755807;7.905114;2024-11-07 08:16:00
202400034909.0;5;94;94078;2;3;1.0;5.0;48.74480702;2.44652706;2024-12-12 23:00:00
202400034910.0;1;31;31555;2;6;1.0;3.0;43.558652;1.36673;2024-11-07 07:45:00
202400034911.0;4;89;89066;1;1;1.0;1.0;48.104716;3.501173;2024-11-07 18:00:00
202400034912.0;1;94;94068;2;1;1.0;4.0;48.79786062;2.49150456;2024-12-13 16:15:00
202400034913.0;2;56;56164;1;1;1.0;1.0;47.649995;-2.849901;2024-11-06 18:00:00
202400034914.0;5;94;94037;2;1;1.0;6.0;48.81165;2.34178;2024-12-12 19:20:00
202400034915.0;2;67;67311;1;1;8.0;1.0;48.275539;7.512267;2024-11-08 07:30:00
202400034916.0;5;94;94034;2;1;1.0;1.0;48.75914045;2.31974816;2024-12-13 18:30:00
202400034917.0;1;76;76141;1;1;1.0;3.0;49.624017;0.375955;2024-11-07 16:44:00
202400034918.0;1;94;94028;2;1;1.0;2.0;48.78915705;2.46142781;2024-12-13 14:07:00
202400034919.0;3;76;76263;1;1;5.0;1.0;49.473611;1.506685;2024-11-01 18:30:00
202400034920.0;1;89;89025;2;1;1.0;6.0;47.491609;3.909223;2024-11-06 13:50:00
202400034921.0;3;94;94011;2;6;1.0;3.0;48.76862;2.48846;2024-12-11 20:20:00
202400034922.0;1;94;94073;2;9;1.0;6.0;48.76302;2.40111;2024-12-13 14:10:00
202400034923.0;5;94;94071;2;9;8.0;7.0;48.76706;2.53298;2024-12-12 22:10:00
202400034924.0;5;93;93005;2;3;1.0;3.0;48.93290681;2.48843965;2024-12-12 20:15:00
202400034925.0;5;92;92078;2;2;1.0;1.0;48.92744776;2.3187793;2024-10-23 19:45:00
202400034926.0;1;92;92046;2;9;1.0;3.0;48.81237876;2.28623763;2024-12-13 15:56:00
202400034927.0;1;92;92051;2;1;1.0;3.0;48.87763895;2.24773049;2024-12-13 15:55:00
202400034928.0;5;92;92051;2;1;1.0;6.0;48.89112973;2.27643684;2024-12-13 01:30:00
202400034929.0;5;92;92050;2;1;1.0;2.0;48.87737965;2.21597224;2024-12-13 19:45:00
202400034930.0;5;92;92050;2;2;1.0;3.0;48.89398;2.22729;2024-12-13 00:19:00
202400034931.0;5;92;92050;2;1;1.0;6.0;48.89475203;2.22334161;2024-12-12 23:05:00
202400034932.0;1;92;92040;2;1;1.0;6.0;48.82402223;2.27369316;2024-12-13 11:07:00
202400034933.0;5;92;92035;2;1;1.0;3.0;48.91010025;2.25495189;2024-12-07 21:45:00
202400034934.0;5;92;92024;2;1;1.0;6.0;48.90077;2.31615;2024-12-13 16:55:00
202400034935.0;1;92;92024;1;9;1.0;2.0;48.90380408;2.30096005;2024-12-13 15:50:00
202400034936.0;5;92;92009;2;1;1.0;6.0;48.91886428;2.2624499;2024-12-13 19:45:00
202400034937.0;1;78;78143;1;1;1.0;1.0;48.73241;2.097874;2024-12-12 09:25:00
202400034938.0;5;78;78160;2;3;1.0;2.0;48.702382;2.055439;2024-11-28 17:30:00
202400034939.0;1;26;26194;1;1;1.0;7.0;45.205074;5.033739;2024-12-14 14:30:00
202400034940.0;2;6;6137;1;1;2.0;6.0;43.662431;6.854814;2024-12-13 08:20:00
202400034941.0;1;65;65131;1;4;1.0;1.0;43.276391;0.189436;2024-12-13 16:00:00
202400034942.0;3;62;62770;2;1;8.0;6.0;50.622306;2.551921;2024-12-13 23:50:00
202400034943.0;1;31;31203;2;1;8.0;1.0;43.517902;1.318703;2024-12-13 16:10:00
202400034944.0;3;51;51418;2;1;1.0;6.0;49.236163;3.959799;2024-12-14 01:15:00
202400034945.0;2;19;19028;1;6;2.0;3.0;45.411568;2.497823;2024-12-13 18:25:00
202400034946.0;1;56;56071;1;1;1.0;6.0;47.905796;-2.656964;2024-12-14 16:00:00
202400034947.0;2;56;56036;1;9;1.0;3.0;47.786792;-3.332033;2024-12-03 08:05:00
202400034948.0;3;32;32166;1;1;1.0;7.0;43.811738;0.320449;2024-12-13 18:30:00
202400034949.0;1;71;71310;2;1;5.0;7.0;46.761131;4.476323;2024-12-14 09:20:00
202400034950.0;3;63;63043;1;1;1.0;6.0;46.04240506;2.98901752;2024-12-13 18:00:00
202400034951.0;3;61;61140;1;1;1.0;1.0;48.717993;0.660166;2024-12-13 18:40:00
202400034952.0;1;55;55181;2;1;1.0;3.0;49.200475;5.646498;2024-12-10 13:45:00
202400034953.0;3;34;34031;1;9;2.0;6.0;43.359065;3.435577;2024-12-13 21:20:00
202400034954.0;1;25;25212;2;6;1.0;1.0;47.2777;5.994013;2024-12-09 11:36:00
202400034955.0;2;25;25130;1;1;5.0;6.0;47.063223;6.207361;2024-12-14 09:15:00
202400034956.0;3;35;35062;1;1;1.0;6.0;48.35143997;-1.08583403;2024-10-04 22:30:00
202400034957.0;3;29;29274;1;1;1.0;6.0;48.006697;-3.692905;2024-12-13 19:50:00
202400034958.0;1;29;29163;1;1;2.0;7.0;48.54516159;-3.82709942;2024-12-14 15:15:00
202400034959.0;5;2;2716;2;1;1.0;7.0;49.61958;3.343787;2024-12-13 19:00:00
202400034960.0;5;1;1343;1;2;2.0;3.0;46.277756;4.955574;2024-12-13 18:20:00
202400034961.0;5;26;26011;2;1;1.0;3.0;44.716096;5.052307;2024-12-10 17:10:00
202400034962.0;3;14;14367;1;1;1.0;6.0;49.23210727;-1.05420202;2024-12-13 20:50:00
202400034963.0;3;36;36140;1;1;1.0;1.0;46.882576;1.835489;2024-12-13 22:40:00
202400034964.0;1;53;53035;1;1;1.0;2.0;47.824465;-1.003243;2024-12-14 09:45:00
202400034965.0;3;85;85004;2;1;1.0;6.0;46.406954;-1.384615;2024-12-13 21:15:00
202400034966.0;4;30;30167;1;1;2.0;7.0;44.274904;4.151652;2024-12-13 23:30:00
202400034967.0;4;88;88379;1;1;8.0;1.0;48.345982;6.488628;2024-12-10 18:32:00
202400034968.0;5;973;97307;1;1;1.0;7.0;4.771169;-52.339296;2024-12-13 20:00:00
202400034969.0;3;987;98745;2;1;2.0;7.0;-16.659633;-151.456921;2024-12-07 01:30:00
202400034970.0;1;27;27198;1;2;1.0;1.0;48.823692;1.007813;2024-12-13 15:55:00
202400034971.0;3;28;28199;1;1;5.0;7.0;48.213807;1.847162;2024-12-13 23:00:00
202400034972.0;3;59;59312;1;1;1.0;7.0;50.014572;3.171709;2024-12-14 16:50:00
202400034973.0;1;988;98803;1;1;3.0;6.0;-21.45664;165.30149;2024-12-14 14:00:00
202400034974.0;3;34;34327;1;1;3.0;1.0;43.651386;3.959842;2024-12-13 19:30:00
202400034975.0;3;67;67028;1;1;5.0;6.0;48.379043;7.585695;2024-12-13 23:35:00
202400034976.0;1;73;73179;2;3;1.0;3.0;45.588561;5.882589;2024-12-13 12:15:00
202400034977.0;5;69;69009;2;3;2.0;1.0;45.934556;4.718447;2024-12-13 20:30:00
202400034978.0;3;69;69289;2;1;2.0;3.0;45.647183;5.017802;2024-12-13 18:25:00
202400034979.0;3;79;79303;1;1;1.0;7.0;46.375007;-0.100283;2024-12-13 18:55:00
202400034980.0;3;35;35240;2;1;1.0;6.0;48.09903307;-1.8015781;2024-12-13 21:37:00
202400034981.0;3;80;80561;2;1;1.0;2.0;49.645819;2.558656;2024-12-14 17:50:00
202400034982.0;5;59;59449;2;1;1.0;1.0;50.466053;3.252807;2024-12-13 17:40:00
202400034983.0;2;83;83126;1;9;1.0;4.0;43.12011432;5.85101971;2024-12-12 16:55:00
202400034984.0;1;33;33397;1;1;1.0;2.0;44.89954153;-0.49457823;2024-12-13 16:07:00
202400034985.0;3;59;59458;1;1;1.0;6.0;50.56214;3.16852;2024-12-11 23:22:00
202400034986.0;1;94;94037;1;1;1.0;2.0;48.81567897;2.33682579;2024-12-13 10:00:00
202400034987.0;5;94;94003;1;1;1.0;6.0;48.7999444;2.34360832;2024-12-11 21:25:00
202400034988.0;3;92;92048;1;1;1.0;2.0;48.78686334;2.22255768;2024-12-13 19:18:00
202400034989.0;3;92;92064;1;1;1.0;2.0;48.83983727;2.20716232;2024-12-13 18:30:00
202400034990.0;3;92;92050;1;1;1.0;3.0;48.90386109;2.20692694;2024-12-13 19:30:00
202400034991.0;3;78;78133;1;1;1.0;2.0;48.889462;2.01033;2024-12-13 05:20:00
202400034992.0;5;92;92050;1;1;1.0;2.0;48.8991225;2.21449672;2024-12-13 03:12:00
202400034993.0;1;78;78217;1;1;1.0;2.0;48.96564;1.814656;2024-12-12 15:00:00
202400034994.0;3;78;78297;1;1;1.0;3.0;48.79142;2.05624;2024-12-11 17:52:00
202400034995.0;1;93;93066;1;1;1.0;2.0;48.90515615;2.35842786;2024-12-13 16:45:00
202400034996.0;3;93;93066;1;1;1.0;5.0;48.90515615;2.35842786;2024-12-12 20:40:00
202400034997.0;3;95;95351;1;1;1.0;4.0;49.03843116;2.48465076;2024-12-12 20:00:00
202400034998.0;5;94;94046;1;1;1.0;3.0;48.8107449;2.44886756;2024-12-13 07:00:00
202400034999.0;3;57;57206;1;1;3.0;7.0;49.31063;6.11259;2024-09-06 01:55:00
202400035000.0;5;987;98735;2;2;8.0;1.0;-17.53594;-149.56641;2024-12-07 01:29:00
202400035001.0;1;974;97411;2;2;1.0;3.0;-20.9012;55.50118;2024-12-11 13:30:00
202400035002.0;1;974;97407;2;1;1.0;1.0;-20.94188;55.2971;2024-12-12 18:20:00
202400035003.0;4;973;97302;2;2;1.0;3.0;4.93645;-52.33251;2024-12-11 19:05:00
202400035004.0;1;973;97302;2;3;1.0;3.0;4.92957064;-52.3087914;2024-12-11 14:25:00
202400035005.0;1;971;97113;1;1;1.0;3.0;16.20777;-61.44629;2024-12-12 16:20:00
202400035006.0;1;95;95539;1;1;3.0;5.0;49.00473154;2.35718329;2024-12-08 12:00:00
202400035007.0;1;95;95539;1;1;8.0;5.0;49.00029744;2.35962401;2024-12-12 12:35:00
202400035008.0;1;95;95680;1;1;2.0;1.0;49.01972953;2.41422927;2024-12-11 09:20:00
202400035009.0;5;95;95063;2;1;1.0;6.0;48.92732925;2.21693873;2024-12-12 20:50:00
202400035010.0;3;91;91689;1;1;1.0;1.0;48.73026;2.3353;2024-12-12 18:00:00
202400035011.0;1;87;87075;2;1;1.0;6.0;45.80799;1.21572;2024-12-12 10:14:00
202400035012.0;2;87;87050;2;9;1.0;6.0;45.87992;1.23931;2024-12-11 08:23:00
202400035013.0;1;30;30011;2;1;1.0;2.0;43.9612;4.74526;2024-12-12 08:00:00
202400035014.0;1;13;13004;1;1;1.0;5.0;43.683265;4.584697;2024-03-02 13:30:00
202400035015.0;1;71;71238;1;1;1.0;6.0;46.234563;4.041381;2024-02-26 13:05:00
202400035016.0;3;67;67101;1;1;1.0;2.0;48.524801;7.465886;2024-02-27 05:20:00
202400035017.0;5;38;38276;2;1;1.0;3.0;45.566967;5.302805;2024-02-14 19:12:00
202400035018.0;2;38;38205;1;9;1.0;3.0;45.102797;5.56148;2024-03-02 07:00:00
202400035019.0;1;65;65399;1;1;1.0;1.0;42.903932;-0.031414;2024-03-02 08:00:00
202400035020.0;3;46;46102;1;1;1.0;1.0;44.59070163;2.00003016;2024-03-01 21:00:00
202400035021.0;1;86;86026;1;1;3.0;7.0;47.065946;0.163584;2024-03-02 10:40:00
202400035022.0;1;33;33248;1;1;2.0;4.0;45.091366;-0.798289;2024-03-01 17:30:00
202400035023.0;2;53;53011;1;2;1.0;3.0;47.938082;-0.866139;2024-03-01 18:50:00
202400035024.0;3;59;59534;1;1;2.0;7.0;50.121225;3.908858;2024-03-02 01:45:00
202400035025.0;1;13;13216;1;1;1.0;1.0;43.33806717;5.34883659;2024-03-01 08:10:00
202400035026.0;1;33;33013;1;1;1.0;4.0;44.86872;-0.50274;2024-03-01 12:39:00
202400035027.0;1;33;33192;1;1;3.0;2.0;44.78614;-0.59541;2024-03-01 12:00:00
202400035028.0;1;33;33122;1;1;1.0;4.0;44.74361;-0.70573;2024-02-28 18:39:00
202400035029.0;3;91;91339;1;1;2.0;3.0;48.63036;2.23661;2024-03-01 18:15:00
202400035030.0;1;13;13205;2;2;1.0;3.0;43.2939;5.3998;2024-01-16 08:50:00
202400035031.0;1;94;94038;1;1;2.0;6.0;48.77991819;2.34691637;2024-03-01 07:55:00
202400035032.0;1;11;11262;2;2;1.0;3.0;43.18210933;2.99104393;2024-01-16 16:15:00
202400035033.0;3;10;10081;1;1;3.0;6.0;48.3161;4.0622;2024-01-17 06:00:00
202400035034.0;3;94;94003;1;1;2.0;2.0;48.79796792;2.34366247;2024-02-29 21:32:00
202400035035.0;1;6;6027;2;1;1.0;3.0;43.65539;7.16066;2024-01-17 14:15:00
202400035036.0;1;4;4112;2;1;2.0;2.0;43.82636;5.78219;2024-01-17 12:45:00
202400035037.0;3;78;78291;1;1;3.0;2.0;48.97124;1.73234;2024-03-01 19:05:00
202400035038.0;5;75;75113;2;1;2.0;3.0;48.8172;2.366254;2024-01-17 18:10:00
202400035039.0;1;78;78073;1;1;2.0;2.0;48.80144;2.04664;2024-03-01 09:23:00
202400035040.0;1;75;75116;2;1;1.0;3.0;48.87772304;2.2821629;2024-01-16 14:50:00
202400035041.0;1;91;91553;2;1;1.0;1.0;48.621098;2.50204;2024-03-07 18:11:00
202400035042.0;2;78;78423;1;1;1.0;6.0;48.784192;2.034277;2024-02-28 18:40:00
202400035043.0;5;75;75116;2;2;2.0;6.0;48.873303;2.266607;2024-01-17 17:50:00
202400035044.0;1;51;51660;2;6;1.0;7.0;49.350285;4.208166;2024-03-28 15:50:00
202400035045.0;1;75;75116;2;7;3.0;3.0;48.860443;2.29109;2024-01-17 08:47:00
202400035046.0;1;95;95018;1;1;2.0;5.0;48.96078636;2.26969648;2024-03-01 09:30:00
202400035047.0;1;51;51564;1;1;1.0;1.0;49.13008115;4.1054746;2024-04-06 17:30:00
202400035048.0;5;75;75116;2;3;1.0;7.0;48.851236;2.27591;2024-01-16 20:00:00
202400035049.0;3;93;93010;1;1;2.0;3.0;48.89094081;2.47316485;2024-03-01 00:40:00
202400035050.0;1;74;74123;1;1;1.0;7.0;45.719583;6.303445;2024-04-06 19:00:00
202400035051.0;5;75;75116;2;2;1.0;3.0;48.867637;2.250865;2024-01-16 07:10:00
202400035052.0;1;75;75113;2;3;2.0;6.0;48.835028;2.346248;2024-01-17 12:30:00
202400035053.0;1;93;93008;1;1;1.0;3.0;48.91232966;2.43799011;2024-02-29 09:00:00
202400035054.0;3;75;75112;2;2;2.0;6.0;48.831701;2.397901;2024-01-17 21:00:00
202400035055.0;1;79;79322;1;2;1.0;4.0;46.612746;-0.284293;2024-04-09 11:00:00
202400035056.0;2;93;93010;1;1;2.0;3.0;48.90016339;2.4695306;2024-02-29 07:20:00
202400035057.0;1;75;75110;2;2;2.0;6.0;48.881333;2.364752;2024-01-17 14:30:00
202400035058.0;1;22;22004;1;1;1.0;6.0;48.629363;-3.321326;2024-05-16 16:35:00
202400035059.0;1;92;92036;1;1;1.0;3.0;48.93868744;2.30811059;2024-02-28 10:50:00
202400035060.0;1;65;65002;1;1;2.0;5.0;43.154855;-0.020819;2024-04-09 17:40:00
202400035061.0;1;25;25032;1;1;2.0;2.0;47.374447;6.386865;2024-05-17 07:17:00
202400035062.0;1;75;75101;2;1;1.0;5.0;48.863099;2.323489;2024-01-16 12:25:00
202400035063.0;3;69;69168;2;1;1.0;6.0;45.84503462;4.83360871;2024-04-08 22:20:00
202400035064.0;1;95;95582;1;1;1.0;5.0;48.97009987;2.24956447;2024-02-28 09:00:00
202400035065.0;1;84;84038;1;1;1.0;7.0;43.79587;5.080908;2024-05-15 13:50:00
202400035066.0;5;94;94068;2;1;2.0;3.0;48.81144;2.475561;2024-01-15 17:00:00
202400035067.0;3;94;94073;1;1;2.0;6.0;48.768846;2.37919993;2024-03-01 22:08:00
202400035068.0;1;83;83019;2;1;1.0;6.0;43.13926858;6.35077216;2024-05-17 12:15:00
202400035069.0;1;71;71221;2;2;1.0;3.0;46.780039;4.743334;2024-04-09 17:50:00
202400035070.0;1;94;94073;2;1;2.0;2.0;48.76445;2.39287;2024-01-17 12:30:00
202400035071.0;1;19;19062;2;7;7.0;6.0;45.371835;1.874258;2024-05-17 08:45:00
202400035072.0;1;94;94042;1;1;2.0;4.0;48.82728643;2.46925563;2024-03-01 10:10:00
202400035073.0;1;63;63448;1;1;1.0;7.0;45.477797;3.485509;2024-04-07 15:40:00
202400035074.0;1;89;89003;2;4;1.0;6.0;47.870708;3.337569;2024-05-17 12:37:00
202400035075.0;1;61;61418;1;1;2.0;7.0;48.513086;0.611189;2024-04-07 16:10:00
202400035076.0;2;988;98818;2;4;1.0;6.0;-22.24332;166.44144;2024-02-29 17:50:00
202400035077.0;1;68;68018;2;3;2.0;3.0;47.66852922;7.16818612;2024-05-17 14:45:00
202400035078.0;5;94;94022;2;3;2.0;6.0;48.762515;2.406549;2024-01-17 20:40:00
202400035079.0;1;988;98818;2;1;8.0;6.0;-22.22415;166.47164;2024-02-27 16:50:00
202400035080.0;1;25;25040;2;1;3.0;1.0;47.503848;6.940833;2024-05-16 15:55:00
202400035081.0;5;94;94073;2;2;2.0;3.0;48.76684179;2.40377171;2024-01-17 18:30:00
202400035082.0;1;49;49086;1;3;1.0;5.0;47.26151;-0.449023;2024-04-09 17:00:00
202400035083.0;5;38;38346;1;1;9.0;6.0;45.505039;5.090092;2024-04-30 00:41:00
202400035084.0;5;94;94022;2;2;3.0;6.0;48.7645;2.40559;2024-01-17 07:50:00
202400035085.0;1;974;97411;2;3;1.0;3.0;-20.88594;55.47633;2024-02-25 13:00:00
202400035086.0;1;42;42300;1;1;1.0;6.0;46.105908;4.289934;2024-04-08 19:45:00
202400035087.0;1;60;60245;2;2;1.0;3.0;49.650953;1.72443;2024-05-15 17:45:00
202400035088.0;1;974;97411;2;1;1.0;1.0;-20.89825;55.48663;2024-02-24 18:30:00
202400035089.0;1;46;46284;1;1;1.0;7.0;44.889145;1.850343;2024-04-09 10:25:00
202400035090.0;1;94;94055;2;3;2.0;3.0;48.79569;2.55024;2024-01-15 11:25:00
202400035091.0;3;16;16134;2;1;1.0;6.0;45.8797;0.68332;2024-05-16 23:20:00
202400035092.0;3;29;29140;1;1;1.0;6.0;48.39739834;-4.32704001;2024-04-07 22:15:00
202400035093.0;1;974;97411;2;1;2.0;3.0;-20.88937;55.47656;2024-02-23 15:00:00
202400035094.0;2;24;24064;1;1;1.0;3.0;45.322635;0.720205;2024-05-15 19:25:00
202400035095.0;5;94;94002;2;2;2.0;6.0;48.795808;2.425218;2024-01-17 17:40:00
202400035096.0;1;4;4024;1;1;3.0;6.0;44.195367;6.367897;2024-05-15 16:40:00
202400035097.0;5;93;93066;2;3;2.0;3.0;48.924073;2.372225;2024-01-17 19:30:00
202400035098.0;1;27;27226;1;1;1.0;6.0;49.301705;1.641855;2024-05-17 14:10:00
202400035099.0;1;39;39170;2;1;1.0;6.0;46.680737;5.493992;2024-04-09 17:40:00
202400035100.0;1;974;97411;2;9;1.0;3.0;-20.87314;55.45205;2024-02-19 16:10:00
202400035101.0;1;93;93066;2;1;3.0;7.0;48.94091;2.367063;2024-01-17 15:05:00
202400035102.0;1;23;23054;1;2;2.0;3.0;46.044821;2.541618;2024-05-15 14:30:00
202400035103.0;1;3;3254;2;1;1.0;3.0;46.305829;3.297111;2024-04-08 17:10:00
202400035104.0;1;93;93077;2;3;3.0;6.0;48.88482347;2.50622642;2024-01-17 14:05:00
202400035105.0;1;974;97407;2;9;1.0;3.0;-20.9563;55.3128;2024-02-20 07:30:00
202400035106.0;1;30;30348;2;1;1.0;7.0;44.049554;4.140843;2024-05-17 09:00:00
202400035107.0;3;3;3273;1;1;6.0;6.0;46.203575;3.454589;2024-04-06 01:10:00
202400035108.0;1;8;8367;1;1;1.0;6.0;49.920157;4.536942;2024-05-16 14:52:00
202400035109.0;1;973;97302;1;6;1.0;3.0;4.90692;-52.3226;2024-02-29 14:40:00
202400035110.0;1;93;93046;2;2;3.0;3.0;48.912972;2.518442;2024-01-17 15:10:00
202400035111.0;4;26;26063;2;1;1.0;7.0;44.271836;5.273116;2024-04-06 04:50:00