Num_Acc;lum;departement;commune;agglomeration;intersection;meteo;type_collision;lat;long;date
202400035112.0;3;86;86086;1;1;2.0;7.0;46.802615;0.683663;2024-05-02 21:15:00
202400035113.0;5;93;93079;2;1;2.0;2.0;48.94960034;2.34165072;2024-01-17 18:50:00
202400035114.0;1;26;26324;2;1;1.0;1.0;44.346133;4.789503;2024-04-09 17:11:00
202400035115.0;1;973;97302;2;3;1.0;3.0;4.93618728;-52.29620129;2024-02-29 12:40:00
202400035116.0;2;14;14333;1;1;7.0;2.0;49.43269371;0.27401716;2024-05-16 21:30:00
202400035117.0;5;93;93071;2;4;2.0;6.0;48.93481826;2.53386006;2024-01-17 19:30:00
202400035118.0;1;72;72149;1;9;1.0;3.0;48.005337;-0.219948;2024-03-22 14:20:00
202400035119.0;5;973;97302;2;1;1.0;3.0;4.92548;-52.30858;2024-02-26 21:00:00
202400035120.0;1;38;38431;1;1;1.0;2.0;45.244014;5.860283;2024-05-15 08:39:00
202400035121.0;1;93;93005;2;3;2.0;3.0;48.950087;2.503401;2024-01-17 11:50:00
202400035122.0;3;63;63455;1;1;8.0;2.0;45.65976634;3.15516532;2024-05-16 23:30:00
202400035123.0;3;69;69383;2;2;1.0;3.0;45.74981;4.87573;2024-02-29 19:50:00
202400035124.0;3;93;93001;2;1;2.0;6.0;48.909321;2.395877;2024-01-17 19:16:00
202400035125.0;1;6;6136;1;1;1.0;1.0;43.859039;7.44718;2024-04-08 19:10:00
202400035126.0;1;13;13103;1;1;2.0;1.0;43.65865127;5.1027106;2024-05-14 16:20:00
202400035127.0;1;69;69383;2;1;1.0;2.0;45.74830791;4.86327367;2024-02-29 17:30:00
202400035128.0;3;92;92051;2;3;2.0;6.0;48.88916635;2.25921464;2024-04-13 10:00:00
202400035129.0;1;62;62754;1;1;1.0;6.0;50.17520107;2.87463749;2024-05-13 07:45:00
202400035130.0;2;92;92050;2;1;1.0;3.0;48.89565974;2.21626639;2024-01-16 17:30:00
202400035131.0;1;971;97124;1;1;1.0;3.0;16.013241;-61.720843;2024-05-17 08:25:00
202400035132.0;1;69;69387;2;2;1.0;3.0;45.73413128;4.82624726;2024-02-28 10:15:00
202400035133.0;1;64;64123;1;1;3.0;5.0;43.483629;-1.156075;2024-04-08 17:10:00
202400035134.0;5;92;92040;2;3;1.0;6.0;48.83118311;2.26237482;2024-01-16 19:30:00
202400035135.0;5;11;11076;2;4;1.0;3.0;43.31151;1.959375;2024-05-13 22:25:00
202400035136.0;1;21;21365;2;1;1.0;7.0;47.481537;4.423784;2024-04-08 17:57:00
202400035137.0;1;972;97229;2;1;1.0;6.0;14.6175;-61.08435;2024-02-28 16:20:00
202400035138.0;5;92;92036;2;2;2.0;6.0;48.93439333;2.31999636;2024-01-17 20:30:00
202400035139.0;1;34;34022;2;1;1.0;3.0;43.656263;4.008887;2024-05-17 12:10:00
202400035140.0;5;972;97209;2;1;1.0;6.0;14.60901;-61.06781;2024-02-15 02:40:00
202400035141.0;1;40;40062;1;1;1.0;1.0;43.920613;-0.613338;2024-04-09 16:57:00
202400035142.0;1;92;92012;2;1;2.0;2.0;48.84234962;2.24670947;2024-01-17 15:30:00
202400035143.0;1;83;83016;1;1;1.0;2.0;43.211053;5.81129;2024-05-17 14:15:00
202400035144.0;5;972;97209;2;1;1.0;7.0;14.65;-61.08;2024-02-18 00:53:00
202400035145.0;1;92;92012;2;1;3.0;6.0;48.84543253;2.23595783;2024-01-17 08:40:00
202400035146.0;3;13;13022;2;1;1.0;6.0;43.215662;5.538757;2024-05-15 21:25:00
202400035147.0;1;85;85051;2;4;2.0;7.0;46.686351;-1.073592;2024-04-07 09:40:00
202400035148.0;5;92;92009;2;9;1.0;6.0;48.91609362;2.27126598;2024-01-16 18:05:00
202400035149.0;1;13;13097;1;2;1.0;3.0;43.584474;4.765289;2024-05-17 11:05:00
202400035150.0;1;971;97101;1;9;1.0;3.0;16.27618;-61.50988;2024-02-28 09:50:00
202400035151.0;5;91;91340;2;1;2.0;6.0;48.613534;2.422088;2024-01-16 18:15:00
202400035152.0;1;17;17292;1;2;1.0;3.0;45.963337;-0.749731;2024-04-08 14:45:00
202400035153.0;1;68;68294;1;1;3.0;1.0;48.259449;7.231107;2024-05-17 07:37:00
202400035154.0;3;86;86111;1;1;2.0;2.0;46.890367;0.568816;2024-01-18 05:09:00
202400035155.0;5;971;97113;1;9;1.0;2.0;16.21764;-61.49421;2024-02-27 19:15:00
202400035156.0;5;24;24289;1;1;1.0;1.0;44.853173;0.069485;2024-04-08 01:15:00
202400035157.0;1;971;97101;2;1;1.0;7.0;16.23174;-61.52104;2024-02-27 08:44:00
202400035158.0;1;3;3200;2;9;1.0;3.0;46.557462;3.295512;2024-05-17 12:12:00
202400035159.0;5;31;31044;2;3;1.0;1.0;43.629665;1.487473;2024-01-16 20:40:00
202400035160.0;1;38;38087;2;1;1.0;2.0;45.579064;4.807114;2024-05-17 18:55:00
202400035161.0;5;971;97101;1;1;1.0;3.0;16.25932;-61.51772;2024-02-19 18:00:00
202400035162.0;3;51;51410;1;1;2.0;1.0;49.073008;3.816419;2024-01-17 20:00:00
202400035163.0;1;7;7293;1;1;1.0;7.0;44.97647321;4.78761976;2024-05-17 19:00:00
202400035164.0;1;2A;2A004;2;1;1.0;6.0;41.92507;8.73701;2024-02-29 12:00:00
202400035165.0;2;3;3133;1;1;1.0;1.0;46.150093;3.206892;2024-04-09 07:30:00
202400035166.0;2;1;1049;2;1;1.0;6.0;45.846656;5.041813;2024-05-17 06:10:00
202400035167.0;1;974;97412;2;1;1.0;3.0;-21.373667;55.668127;2024-01-18 10:30:00
202400035168.0;5;95;95219;2;1;2.0;6.0;48.98109777;2.24826592;2024-02-29 18:40:00
202400035169.0;1;69;69143;2;7;2.0;6.0;45.87644;4.83843;2024-05-15 12:00:00
202400035170.0;1;1;1373;1;1;1.0;2.0;46.13307;5.544384;2024-03-29 18:10:00
202400035171.0;1;11;11111;1;1;1.0;1.0;43.209868;2.82177;2024-01-18 13:30:00
202400035172.0;1;64;64422;2;6;8.0;3.0;43.181679;-0.615417;2024-05-17 08:45:00
202400035173.0;1;91;91570;2;1;2.0;6.0;48.63425;2.29983;2024-02-29 18:00:00
202400035174.0;3;57;57111;1;1;4.0;2.0;49.1953813;6.09445095;2024-01-17 05:43:00
202400035175.0;1;33;33517;2;1;2.0;1.0;45.056186;-0.699869;2024-05-12 08:35:00
202400035176.0;3;52;52074;1;1;2.0;2.0;48.07992767;5.61354639;2024-01-17 00:15:00
202400035177.0;1;91;91425;1;1;2.0;2.0;48.64909;2.27222;2024-02-29 16:00:00
202400035178.0;1;13;13025;1;9;2.0;3.0;43.48329;5.540054;2024-03-26 08:50:00
202400035179.0;1;50;50288;2;9;1.0;2.0;48.695504;-1.376402;2024-05-16 10:45:00
202400035180.0;3;29;29105;1;1;3.0;6.0;48.51809958;-4.07663052;2024-01-17 17:52:00
202400035181.0;3;51;51572;1;1;2.0;6.0;49.03753899;4.6265569;2024-04-09 04:00:00
202400035182.0;2;91;91645;2;1;2.0;1.0;48.74026;2.2495;2024-02-29 07:45:00
202400035183.0;1;26;26333;1;1;2.0;7.0;45.173116;4.823025;2024-01-18 14:15:00
202400035184.0;1;72;72231;2;9;1.0;6.0;47.93896352;0.36161005;2024-01-18 10:20:00
202400035185.0;1;59;59449;2;1;1.0;5.0;50.481364;3.25176;2024-05-17 17:30:00
202400035186.0;1;91;91326;2;3;2.0;3.0;48.692923;2.370713;2024-02-29 08:00:00
202400035187.0;1;13;13114;1;1;1.0;3.0;43.540958;5.26361;2024-04-08 17:50:00
202400035188.0;5;91;91228;2;1;2.0;6.0;48.61599;2.43903;2024-02-29 21:30:00
202400035189.0;1;77;77406;1;1;4.0;6.0;48.82884;3.20038;2024-01-18 14:40:00
202400035190.0;1;971;97116;1;1;1.0;1.0;16.320278;-61.455599;2024-04-08 16:15:00
202400035191.0;1;13;13005;1;1;1.0;4.0;43.28664642;5.53629823;2024-05-15 17:40:00
202400035192.0;1;86;86194;2;1;1.0;3.0;46.601813;0.324585;2024-02-27 12:40:00
202400035193.0;2;45;45202;1;1;9.0;2.0;47.794173;1.642123;2024-04-08 06:30:00
202400035194.0;1;83;83137;1;1;1.0;4.0;43.12657383;5.8890491;2024-05-16 08:50:00
202400035195.0;3;51;51165;1;1;5.0;1.0;48.739755;3.94936;2024-01-18 18:45:00
202400035196.0;1;84;84007;2;1;1.0;1.0;43.95055;4.82501;2024-02-25 15:50:00
202400035197.0;1;77;77469;1;1;1.0;3.0;48.724307;3.028155;2024-04-09 08:24:00
202400035198.0;3;83;83069;1;1;1.0;3.0;43.12347776;6.09641738;2024-05-10 23:18:00
202400035199.0;5;46;46038;2;1;2.0;6.0;44.9200025;1.83281243;2024-01-17 17:20:00
202400035200.0;1;81;81004;2;4;1.0;6.0;43.92875;2.15052;2024-02-28 18:25:00
202400035201.0;1;33;33318;1;1;1.0;2.0;44.80295;-0.65987;2024-05-16 08:50:00
202400035202.0;3;39;39006;1;1;1.0;7.0;46.946266;5.807084;2024-01-12 19:15:00
202400035203.0;1;5;5070;2;3;1.0;3.0;44.311113;5.822196;2024-04-08 14:30:00
202400035204.0;1;33;33550;1;1;2.0;2.0;44.779677;-0.548948;2024-05-15 15:50:00
202400035205.0;1;25;25057;2;1;1.0;6.0;47.531834;6.798895;2024-04-05 15:00:00
202400035206.0;1;39;39006;1;1;3.0;5.0;46.97144;5.802038;2024-01-18 16:40:00
202400035207.0;1;78;78005;2;1;2.0;6.0;48.96735;2.07349;2024-02-29 11:34:00
202400035208.0;1;59;59350;1;1;1.0;5.0;50.62218437;3.02435724;2024-05-13 08:39:00
202400035209.0;1;57;57212;1;1;1.0;6.0;49.038501;6.105604;2024-04-07 14:15:00
202400035210.0;3;44;44187;1;1;2.0;1.0;47.197304;-2.076132;2024-01-17 21:20:00
202400035211.0;3;62;62628;1;1;1.0;7.0;50.43342729;2.86370091;2024-05-12 02:20:00
202400035212.0;5;76;76351;2;2;2.0;6.0;49.50906;0.1409;2024-02-28 18:25:00
202400035213.0;1;73;73051;2;1;1.0;2.0;45.652591;5.860895;2024-04-08 13:10:00
202400035214.0;1;29;29220;2;4;1.0;6.0;47.86496;-4.227608;2024-01-18 15:49:00
202400035215.0;3;76;76414;1;1;2.0;7.0;49.895;1.136;2024-02-28 19:00:00
202400035216.0;1;91;91617;1;1;1.0;3.0;48.6325;2.5314;2024-05-16 18:50:00
202400035217.0;1;3;3258;1;1;8.0;6.0;46.195896;3.369091;2024-01-17 09:10:00
202400035218.0;1;74;74010;2;1;1.0;6.0;45.913427;6.12245;2024-02-29 13:45:00
202400035219.0;2;1;1269;1;1;3.0;6.0;46.163398;5.591344;2024-01-18 16:50:00
202400035220.0;1;33;33262;1;2;2.0;3.0;44.99391;-0.610369;2024-04-08 17:40:00
202400035221.0;1;94;94016;1;1;1.0;2.0;48.7950526;2.34443674;2024-05-16 15:50:00
202400035222.0;1;73;73011;2;6;8.0;6.0;45.66548;6.38939;2024-02-28 17:10:00
202400035223.0;3;1;1388;2;2;3.0;3.0;46.45888;5.084336;2024-01-17 19:20:00
202400035224.0;3;91;91477;1;1;1.0;2.0;48.72231;2.24941;2024-05-16 03:46:00
202400035225.0;5;33;33101;2;2;1.0;6.0;45.189712;-0.579523;2024-03-23 00:30:00
202400035226.0;1;43;43051;1;1;8.0;1.0;45.08257339;4.32260091;2024-01-18 09:45:00
202400035227.0;1;72;72181;2;2;1.0;3.0;48.0132;0.2167;2024-02-28 18:10:00
202400035228.0;1;93;93027;1;1;1.0;5.0;48.92826702;2.41204271;2024-05-16 10:00:00
202400035229.0;1;27;27008;1;1;3.0;1.0;49.325685;1.18588;2024-04-08 18:55:00
202400035230.0;1;10;10104;1;1;1.0;6.0;48.15819754;4.12784287;2024-01-18 15:45:00
202400035231.0;1;72;72181;1;6;1.0;2.0;48.02861108;0.18051147;2024-02-28 18:10:00
202400035232.0;3;93;93063;1;1;1.0;3.0;48.87437332;2.43812795;2024-05-16 00:10:00
202400035233.0;3;33;33351;1;9;1.0;6.0;45.255283;-0.542965;2024-01-09 18:40:00
202400035234.0;1;60;60010;1;6;3.0;6.0;49.214212;2.123891;2024-04-09 16:15:00
202400035235.0;1;72;72181;2;9;1.0;3.0;48.014;0.190656;2024-02-28 13:50:00
202400035236.0;1;93;93066;1;1;1.0;2.0;48.9127062;2.35806627;2024-05-15 17:10:00
202400035237.0;3;57;57433;1;9;2.0;6.0;49.198861;6.167702;2024-01-18 05:00:00
202400035238.0;3;13;13005;1;1;1.0;3.0;43.28882;5.5603;2024-03-30 02:55:00
202400035239.0;1;95;95212;1;1;1.0;3.0;49.02898974;2.5305195;2024-05-15 13:50:00
202400035240.0;1;69;69264;2;6;1.0;6.0;45.99598;4.71488;2024-02-29 07:50:00
202400035241.0;1;69;69013;1;1;1.0;3.0;46.015432;4.727865;2024-01-18 08:45:00
202400035242.0;1;83;83069;1;1;1.0;3.0;43.11341625;6.12153625;2024-04-08 14:00:00
202400035243.0;1;977;97701;1;1;1.0;6.0;17.919514;-62.863255;2024-01-18 14:15:00
202400035244.0;1;94;94022;1;1;1.0;4.0;48.77604023;2.42618623;2024-05-15 09:30:00
202400035245.0;1;69;69199;2;4;1.0;1.0;45.70084;4.85625;2024-02-26 10:25:00
202400035246.0;1;33;33119;1;1;1.0;3.0;44.86649;-0.504218;2024-04-08 17:15:00
202400035247.0;3;95;95199;1;3;2.0;6.0;49.044647;2.33744;2024-01-17 18:00:00
202400035248.0;1;94;94058;1;1;1.0;2.0;48.8472805;2.49196502;2024-05-15 08:00:00
202400035249.0;3;62;62239;1;1;1.0;6.0;50.92904363;1.80377897;2024-04-01 04:30:00
202400035250.0;1;93;93001;2;1;3.0;3.0;48.906579;2.370614;2024-04-16 18:00:00
202400035251.0;1;66;66212;1;1;1.0;5.0;42.768077;3.017893;2024-01-18 15:10:00
202400035252.0;5;67;67447;2;3;1.0;3.0;48.609892;7.750604;2024-02-28 20:50:00
202400035253.0;1;66;66065;2;6;1.0;3.0;42.603293;2.979205;2024-01-18 16:35:00
202400035254.0;3;59;59459;1;1;1.0;2.0;50.37822;3.4699;2024-04-06 06:12:00
202400035255.0;5;44;44109;2;9;8.0;6.0;47.21907983;-1.53570279;2024-02-04 23:25:00
202400035256.0;5;62;62498;2;2;2.0;3.0;50.44318;2.80303;2024-02-29 07:30:00
202400035257.0;3;13;13024;1;1;2.0;1.0;43.72838761;5.22472823;2024-01-17 23:50:00
202400035258.0;5;54;54090;2;1;9.0;6.0;48.750075;6.161805;2024-01-17 20:20:00
202400035259.0;1;91;91216;1;1;1.0;4.0;48.68213;2.32999;2024-04-08 17:50:00
202400035260.0;3;42;42304;1;1;1.0;6.0;45.548138;4.168882;2024-01-18 06:30:00
202400035261.0;1;61;61006;1;2;1.0;3.0;48.702473;-0.000713;2024-02-19 13:25:00
202400035262.0;1;59;59230;2;2;1.0;3.0;50.26014;4.00969;2024-05-11 19:35:00
202400035263.0;3;91;91589;1;9;2.0;2.0;48.677581;2.337893;2024-04-07 21:45:00
202400035264.0;4;69;69243;2;3;2.0;3.0;45.885983;4.4626;2024-01-18 07:30:00
202400035265.0;1;77;77258;1;1;1.0;6.0;48.83170164;2.64572401;2024-03-06 12:00:00
202400035266.0;5;59;59599;2;3;1.0;3.0;50.72145;3.14385;2024-02-29 22:00:00
202400035267.0;1;81;81198;1;1;8.0;1.0;43.842885;2.065473;2024-01-12 15:50:00
202400035268.0;2;77;77058;1;1;1.0;2.0;48.83765;2.74604;2024-02-19 07:50:00
202400035269.0;1;77;77449;1;1;2.0;6.0;48.85953;2.79451;2024-02-18 15:00:00
202400035270.0;5;59;59512;2;1;2.0;6.0;50.69713;3.18632;2024-02-29 19:45:00
202400035271.0;2;64;64430;2;2;1.0;3.0;43.482792;-0.756254;2024-01-17 17:10:00
202400035272.0;5;95;95598;2;1;1.0;2.0;48.99046502;2.29049918;2024-04-06 20:50:00
202400035273.0;5;13;13028;2;1;1.0;6.0;43.1925;5.61354;2024-02-18 03:55:00
202400035274.0;3;57;57303;1;1;1.0;2.0;49.21643371;6.17445201;2024-01-12 21:24:00
202400035275.0;5;59;59350;2;1;1.0;3.0;50.64234;3.0911;2024-02-29 19:10:00
202400035276.0;1;974;97411;2;1;1.0;7.0;-20.89292;55.47905;2024-05-14 17:00:00
202400035277.0;1;33;33249;1;1;2.0;6.0;44.884931;-0.511035;2024-01-16 14:30:00
202400035278.0;1;91;91479;2;1;1.0;4.0;48.71318;2.37107;2024-04-07 07:30:00
202400035279.0;1;974;97411;2;1;1.0;6.0;-20.89825;55.49511;2024-05-13 16:50:00
202400035280.0;3;94;94034;1;1;2.0;2.0;48.76101392;2.31812717;2024-01-17 20:20:00
202400035281.0;1;54;54261;2;3;1.0;3.0;49.52345;5.79645;2024-02-29 10:10:00
202400035282.0;3;90;90039;1;3;1.0;7.0;47.640665;6.798526;2024-04-06 23:21:00
202400035283.0;1;91;91659;1;1;3.0;2.0;48.581048;2.459696;2024-01-17 09:35:00
202400035284.0;5;973;97302;2;1;1.0;7.0;4.92039269;-52.32080385;2024-04-07 05:05:00
202400035285.0;1;84;84007;1;1;1.0;6.0;43.94547;4.83762;2024-04-06 18:00:00
202400035286.0;3;77;77296;1;1;3.0;6.0;48.6085555;2.579249;2024-01-17 06:28:00
202400035287.0;1;50;50129;2;2;2.0;3.0;49.6344;-1.60242;2024-02-28 13:10:00
202400035288.0;1;69;69387;2;1;2.0;3.0;45.73466;4.83564;2024-05-15 11:30:00
202400035289.0;1;93;93066;1;1;3.0;2.0;48.91224048;2.35809527;2024-01-17 11:40:00
202400035290.0;1;74;74012;2;2;1.0;6.0;46.195134;6.23598;2024-04-07 11:51:00
202400035291.0;5;971;97113;1;1;1.0;3.0;16.21873356;-61.50191545;2024-05-14 03:20:00
202400035292.0;3;95;95151;1;1;4.0;6.0;49.0631259;2.27295991;2024-01-17 04:40:00
202400035293.0;1;50;50129;2;1;1.0;2.0;49.65097;-1.71444;2024-02-27 13:15:00
202400035294.0;1;71;71306;2;1;1.0;6.0;46.66470486;4.35887732;2024-04-07 17:55:00
202400035295.0;5;971;97113;2;1;1.0;6.0;16.21582;-61.51965;2024-05-11 23:45:00
202400035296.0;3;95;95151;1;1;4.0;6.0;49.06296966;2.27421552;2024-01-17 04:40:00
202400035297.0;5;49;49328;2;9;1.0;6.0;47.25979731;-0.08215338;2024-02-29 20:15:00
202400035298.0;3;95;95678;1;1;2.0;6.0;49.07207;2.24337;2024-01-17 04:20:00
202400035299.0;2;69;69256;2;1;6.0;6.0;45.78632;4.92515;2024-04-07 20:08:00
202400035300.0;1;971;97113;1;1;1.0;6.0;16.20791975;-61.4528203;2024-05-12 06:40:00
202400035301.0;1;49;49007;2;1;8.0;3.0;47.46257;-0.54041;2024-02-28 17:20:00
202400035302.0;1;976;97611;2;9;1.0;3.0;-12.77256;45.22313;2024-01-16 08:10:00
202400035303.0;1;69;69115;2;1;1.0;3.0;45.97847943;4.71274837;2024-04-06 18:00:00
202400035304.0;1;2A;2A004;2;1;1.0;6.0;41.90733;8.70585;2024-05-15 11:00:00
202400035305.0;1;45;45338;2;1;8.0;6.0;47.99713339;2.71409503;2024-02-19 11:35:00
202400035306.0;5;69;69290;2;1;6.0;6.0;45.70066;4.9449;2024-04-07 05:45:00
202400035307.0;1;973;97302;2;1;1.0;3.0;4.93202;-52.30753;2024-01-16 15:54:00
202400035308.0;1;43;43157;2;1;1.0;7.0;45.01976;3.88215;2024-02-29 12:45:00
202400035309.0;1;95;95268;2;2;1.0;3.0;48.97664531;2.39207538;2024-05-15 16:20:00
202400035310.0;1;973;97302;2;1;1.0;3.0;4.93031852;-52.3134023;2024-01-16 13:20:00
202400035311.0;1;38;38053;2;9;1.0;3.0;45.61166;5.27178;2024-02-29 16:00:00
202400035312.0;5;67;67204;2;2;1.0;3.0;48.62145;7.76274;2024-04-07 23:35:00
202400035313.0;1;91;91377;2;3;1.0;2.0;48.72916;2.30201;2024-05-15 06:00:00
202400035314.0;1;69;69388;1;1;1.0;7.0;45.72933926;4.8526785;2024-01-16 17:05:00
202400035315.0;1;59;59043;2;1;7.0;6.0;50.7392;2.73398;2024-04-06 11:10:00
202400035316.0;3;91;91692;1;1;1.0;6.0;48.67318;2.19172;2024-05-15 03:48:00
202400035317.0;1;34;34108;2;9;1.0;2.0;43.45106;3.7582;2024-02-15 15:10:00
202400035318.0;1;69;69383;2;3;1.0;1.0;45.75540132;4.84280399;2024-01-16 14:50:00
202400035319.0;1;91;91027;2;1;1.0;3.0;48.70014;2.39716;2024-05-15 14:45:00
202400035320.0;1;56;56260;2;6;1.0;3.0;47.66417;-2.78115;2024-04-07 10:12:00
202400035321.0;1;84;84007;1;2;1.0;3.0;43.910594;4.883509;2024-05-15 14:00:00
202400035322.0;1;24;24037;2;2;1.0;3.0;44.84316;0.48324;2024-02-28 07:50:00
202400035323.0;1;69;69383;2;1;8.0;4.0;45.76353;4.84058;2024-01-16 12:45:00
202400035324.0;1;84;84007;2;1;1.0;7.0;43.9371;4.81548;2024-05-15 11:35:00
202400035325.0;1;69;69388;2;3;1.0;3.0;45.72897;4.88671;2024-01-16 10:40:00
202400035326.0;2;46;46042;2;1;1.0;3.0;44.45131;1.44001;2024-03-28 18:35:00
202400035327.0;1;83;83062;2;1;8.0;3.0;43.14378;6.0382;2024-05-15 12:00:00
202400035328.0;1;972;97209;1;1;1.0;6.0;14.61135;-61.07829;2024-01-15 07:15:00
202400035329.0;1;21;21173;1;2;5.0;3.0;47.04094;4.87652;2024-02-29 09:45:00
202400035330.0;5;44;44109;2;1;2.0;6.0;47.21334545;-1.59766796;2024-04-07 21:15:00
202400035331.0;1;80;80021;2;1;2.0;3.0;49.90072;2.29603;2024-05-14 08:55:00
202400035332.0;5;69;69384;2;1;1.0;6.0;45.77398;4.82677;2024-01-16 18:25:00
202400035333.0;1;44;44109;2;1;1.0;2.0;47.20845;-1.58668;2024-04-07 14:00:00
202400035334.0;1;79;79329;2;3;3.0;6.0;46.980107;-0.21363;2024-05-15 15:45:00
202400035335.0;1;2B;2B037;2;1;1.0;3.0;42.6102;9.4378;2024-01-16 13:53:00
202400035336.0;1;15;15014;2;1;1.0;4.0;44.93002;2.44247;2024-02-29 17:20:00
202400035337.0;1;78;78208;1;1;1.0;6.0;48.77064;1.96958;2024-05-15 15:27:00
202400035338.0;2;43;43002;2;3;1.0;6.0;45.05061718;3.88231535;2024-04-07 19:40:00
202400035339.0;1;2B;2B037;2;1;1.0;5.0;42.62729;9.43735;2024-01-16 07:27:00
202400035340.0;5;14;14366;2;3;1.0;6.0;49.153;0.22515;2024-02-28 18:35:00
202400035341.0;1;43;43046;2;9;8.0;3.0;45.06697861;3.90218139;2024-04-07 17:00:00
202400035342.0;1;13;13043;2;1;1.0;2.0;43.40026;5.26435;2024-02-29 13:45:00
202400035343.0;1;971;97101;1;1;1.0;2.0;16.26785;-61.512;2024-01-15 14:30:00
202400035344.0;1;42;42302;1;1;1.0;6.0;45.48182;4.45964;2024-04-06 17:25:00
202400035345.0;1;77;77433;1;1;1.0;1.0;48.7595269;3.05829039;2024-05-13 16:30:00
202400035346.0;2;971;97113;1;1;2.0;7.0;16.24756;-61.45942;2024-01-15 06:20:00
202400035347.0;1;13;13054;2;2;1.0;3.0;43.41667;5.20976;2024-02-29 08:30:00
202400035348.0;1;76;76351;2;1;1.0;6.0;49.48428;0.13158;2024-05-14 13:15:00
202400035349.0;1;42;42218;2;1;1.0;6.0;45.41825557;4.41134761;2024-04-05 18:40:00
202400035350.0;5;971;97101;2;1;1.0;6.0;16.23856707;-61.52886629;2024-01-14 00:10:00
202400035351.0;1;13;13214;2;1;1.0;2.0;43.34835;5.37654;2024-02-29 10:00:00
202400035352.0;1;95;95288;2;1;1.0;6.0;48.98436669;2.34265914;2024-01-16 14:30:00
202400035353.0;1;76;76259;2;1;1.0;3.0;49.76174;0.38093;2024-05-15 13:30:00
202400035354.0;1;10;10081;1;1;1.0;6.0;48.31081;4.02192;2024-02-29 15:10:00
202400035355.0;5;42;42218;2;2;1.0;3.0;45.44443;4.38646;2024-04-05 00:45:00
202400035356.0;1;91;91645;2;1;1.0;6.0;48.741305;2.266338;2024-01-16 16:23:00
202400035357.0;5;69;69259;2;2;2.0;3.0;45.71819;4.85929;2024-05-15 22:00:00
202400035358.0;2;10;10333;2;9;3.0;6.0;48.28262;4.05312;2024-02-23 18:30:00
202400035359.0;1;91;91692;2;1;1.0;5.0;48.687489;2.16438;2024-01-16 08:45:00
202400035360.0;2;42;42095;2;2;1.0;3.0;45.38535;4.28468;2024-04-07 20:00:00
202400035361.0;1;7;7281;2;1;1.0;3.0;44.95114;4.8445;2024-02-28 17:30:00
202400035362.0;5;68;68066;2;1;8.0;3.0;48.0711;7.35064;2024-05-15 23:30:00
202400035363.0;5;91;91027;2;3;1.0;3.0;48.70567;2.36316;2024-01-16 18:15:00
202400035364.0;3;75;75120;2;1;1.0;1.0;48.861514;2.400251;2024-02-29 05:43:00
202400035365.0;1;67;67482;2;1;1.0;3.0;48.58798;7.73775;2024-05-15 17:35:00
202400035366.0;1;37;37261;2;2;1.0;3.0;47.3975;0.69949;2024-04-07 13:50:00
202400035367.0;1;91;91027;2;3;8.0;6.0;48.70823;2.38035;2024-01-16 08:40:00
202400035368.0;1;63;63300;1;1;2.0;7.0;45.89647969;3.13993871;2024-05-12 16:37:00
202400035369.0;1;75;75105;2;2;2.0;6.0;48.849464;2.354466;2024-02-29 16:10:00
202400035370.0;1;37;37261;2;1;1.0;3.0;47.40247;0.68384;2024-04-06 16:50:00
202400035371.0;1;91;91589;2;1;1.0;6.0;48.677904;2.339597;2024-01-16 08:38:00
202400035372.0;5;75;75120;2;7;1.0;3.0;48.8537;2.413175;2024-02-29 18:55:00
202400035373.0;1;57;57221;2;1;1.0;3.0;49.32737;6.12244;2024-05-10 17:04:00
202400035374.0;5;91;91521;2;2;8.0;6.0;48.650014;2.400916;2024-01-16 07:30:00
202400035375.0;1;35;35238;2;3;1.0;3.0;48.11573;-1.64838;2024-04-07 16:10:00
202400035376.0;1;56;56098;1;1;1.0;4.0;47.767008;-3.310993;2024-05-14 18:25:00
202400035377.0;5;84;84007;2;1;1.0;6.0;43.94818;4.83587;2024-01-14 00:42:00
202400035378.0;1;75;75120;2;3;1.0;6.0;48.867173;2.40042;2024-02-28 16:50:00
202400035379.0;3;34;34003;1;1;1.0;2.0;43.307949;3.508889;2024-04-07 00:45:00
202400035380.0;5;83;83069;2;2;1.0;3.0;43.11341;6.12974;2024-01-16 20:00:00
202400035381.0;5;51;51454;2;2;2.0;3.0;49.251519;4.027783;2024-05-15 22:40:00
202400035382.0;1;75;75118;2;4;2.0;3.0;48.891291;2.326948;2024-02-29 13:10:00
202400035383.0;1;33;33063;2;1;1.0;6.0;44.85436;-0.60605;2024-04-07 14:00:00
202400035384.0;1;51;51454;2;1;1.0;2.0;49.272746;4.019871;2024-05-15 20:45:00
202400035385.0;1;83;83069;2;1;1.0;7.0;43.10234435;6.12943339;2024-01-02 10:10:00
202400035386.0;5;75;75116;2;6;1.0;3.0;48.86474082;2.29357535;2024-02-28 22:15:00
202400035387.0;5;33;33063;2;1;1.0;6.0;44.827774;-0.572465;2024-04-07 02:40:00
202400035388.0;1;49;49007;1;1;1.0;3.0;47.45309;-0.53878;2024-05-14 14:05:00
202400035389.0;2;75;75113;2;1;2.0;6.0;48.829704;2.375154;2024-02-29 18:20:00
202400035390.0;4;82;82033;2;2;1.0;3.0;44.044746;1.104063;2024-01-17 00:40:00
202400035391.0;5;80;80021;2;9;1.0;6.0;49.89148;2.30286;2024-01-15 21:10:00
202400035392.0;1;75;75110;2;3;2.0;6.0;48.879303;2.357063;2024-02-29 14:00:00
202400035393.0;1;33;33063;2;9;1.0;3.0;44.8468;-0.57107;2024-04-06 16:50:00
202400035394.0;1;45;45234;2;2;1.0;3.0;47.898548;1.907172;2024-05-15 07:46:00