Num_Acc;lum;departement;commune;agglomeration;intersection;meteo;type_collision;lat;long;date
202400035395.0;1;43;43002;2;1;1.0;6.0;45.05076;3.89383;2024-05-15 09:40:00
202400035396.0;5;78;78418;2;1;1.0;3.0;48.92039;2.13044;2024-01-15 20:55:00
202400035397.0;1;75;75110;2;2;2.0;3.0;48.8756;2.35737;2024-02-29 12:15:00
202400035398.0;1;31;31555;1;1;1.0;2.0;43.59841;1.36423;2024-04-07 12:40:00
202400035399.0;5;78;78350;2;1;1.0;6.0;48.87445;2.11921;2024-01-16 06:50:00
202400035400.0;1;42;42218;2;1;2.0;2.0;45.43809973;4.40576054;2024-05-13 19:30:00
202400035401.0;5;75;75107;2;3;1.0;6.0;48.858986;2.293433;2024-02-29 03:35:00
202400035402.0;5;31;31555;2;9;6.0;2.0;43.64592;1.41906;2024-04-07 05:30:00
202400035403.0;3;42;42127;2;6;2.0;2.0;46.06263;4.05781;2024-05-14 23:35:00
202400035404.0;5;94;94079;2;3;1.0;2.0;48.827292;2.545921;2024-02-28 20:30:00
202400035405.0;2;77;77083;2;1;8.0;6.0;48.84885;2.58112;2024-01-16 18:20:00
202400035406.0;1;30;30243;2;1;1.0;1.0;44.09147;4.07884;2024-04-07 15:10:00
202400035407.0;5;94;94017;2;3;8.0;2.0;48.81272;2.51446;2024-02-29 21:30:00
202400035408.0;1;35;35278;1;1;3.0;2.0;48.14197;-1.66383;2024-05-15 12:18:00
202400035409.0;1;77;77243;2;1;1.0;3.0;48.8747;2.68593;2024-01-16 12:45:00
202400035410.0;4;94;94075;2;3;3.0;3.0;48.73431;2.52022;2024-02-29 23:00:00
202400035411.0;1;25;25547;2;1;1.0;1.0;47.5134;6.83544;2024-04-07 14:20:00
202400035412.0;5;94;94075;2;1;8.0;6.0;48.72232607;2.53351969;2024-02-29 19:49:00
202400035413.0;1;34;34301;2;1;1.0;2.0;43.40905;3.69418;2024-05-15 10:15:00
202400035414.0;1;77;77243;2;1;1.0;6.0;48.86508;2.71285;2024-01-16 08:00:00
202400035415.0;3;22;22187;1;1;1.0;6.0;48.54253;-2.78346;2024-04-07 04:30:00
202400035416.0;1;76;76351;2;4;1.0;6.0;49.51302;0.16226;2024-01-16 09:20:00
202400035417.0;1;94;94004;2;3;2.0;1.0;48.75509182;2.50682352;2024-02-29 09:05:00
202400035418.0;1;34;34198;2;3;1.0;3.0;43.57435;3.93609;2024-05-15 09:00:00
202400035419.0;1;14;14333;2;1;1.0;6.0;49.41764;0.23113;2024-04-06 15:45:00
202400035420.0;1;93;93073;2;1;2.0;1.0;48.97980549;2.50919868;2024-02-29 15:00:00
202400035421.0;1;34;34172;2;1;1.0;3.0;43.61731;3.91535;2024-05-15 09:00:00
202400035422.0;5;93;93066;2;2;1.0;1.0;48.92657;2.3661;2024-02-28 22:50:00
202400035423.0;5;76;76576;2;4;1.0;6.0;49.5627369;0.45321018;2024-01-16 20:20:00
202400035424.0;5;72;72181;2;1;1.0;3.0;47.99;0.17;2024-01-15 18:15:00
202400035425.0;1;13;13214;2;1;1.0;3.0;43.33015;5.38611;2024-04-07 17:00:00
202400035426.0;1;93;93053;2;1;1.0;3.0;48.8915;2.44673;2024-02-28 11:30:00
202400035427.0;1;33;33200;2;6;8.0;4.0;44.8683;-0.66335;2024-05-15 13:40:00
202400035428.0;5;69;69029;2;1;2.0;3.0;45.74846597;4.91694169;2024-01-15 18:25:00
202400035429.0;1;13;13215;2;1;1.0;3.0;43.33934382;5.34928856;2024-04-07 16:55:00
202400035430.0;1;93;93051;2;2;2.0;6.0;48.847;2.54064;2024-02-29 08:40:00
202400035431.0;1;33;33075;2;1;1.0;3.0;44.880118;-0.58432;2024-05-14 17:40:00
202400035432.0;3;13;13206;2;1;1.0;1.0;43.29157;5.41039;2024-04-07 04:30:00
202400035433.0;1;69;69290;2;2;2.0;1.0;45.69025;4.93721;2024-01-15 12:40:00
202400035434.0;1;28;28134;2;1;1.0;6.0;48.72685;1.37566;2024-05-15 18:45:00
202400035435.0;5;13;13205;2;7;1.0;1.0;43.29439;5.3869;2024-04-07 03:30:00
202400035436.0;1;69;69091;2;1;8.0;6.0;45.60276;4.76575;2024-01-16 07:50:00
202400035437.0;5;93;93005;2;2;1.0;6.0;48.95283;2.49879;2024-02-29 19:30:00
202400035438.0;1;13;13215;2;1;1.0;1.0;43.37552411;5.35593141;2024-04-06 15:50:00
202400035439.0;1;67;67482;2;1;4.0;6.0;48.5448;7.77034;2024-01-15 13:45:00
202400035440.0;1;92;92062;2;1;2.0;2.0;48.87687466;2.24056649;2024-02-29 12:00:00
202400035441.0;1;27;27229;2;3;1.0;6.0;49.01446;1.15746;2024-05-15 08:43:00
202400035442.0;1;13;13028;2;1;1.0;3.0;43.20072488;5.62313188;2024-04-06 16:30:00
202400035443.0;5;66;66136;2;2;1.0;1.0;42.68718;2.90184;2024-01-13 21:15:00
202400035444.0;5;64;64129;2;6;1.0;7.0;43.305;-0.401;2024-01-17 00:45:00
202400035445.0;1;25;25056;2;9;2.0;3.0;47.2186;5.95306;2024-05-15 17:40:00
202400035446.0;5;92;92020;2;3;2.0;3.0;48.80994638;2.2825588;2024-02-29 18:39:00
202400035447.0;1;13;13005;2;1;1.0;2.0;43.28314;5.53334;2024-04-05 17:40:00
202400035448.0;5;92;92026;2;1;1.0;7.0;48.90073528;2.26056916;2024-02-23 20:41:00
202400035449.0;5;64;64445;2;3;1.0;3.0;43.30537857;-0.3679736;2024-01-10 18:45:00
202400035450.0;1;64;64445;2;2;1.0;3.0;43.303;-0.35207;2024-01-16 14:45:00
202400035451.0;1;14;14333;2;6;1.0;3.0;49.41808;0.23996;2024-05-15 15:55:00
202400035452.0;1;64;64269;1;6;1.0;3.0;43.30176;-0.30814;2024-01-16 13:50:00
202400035453.0;1;11;11069;2;2;1.0;3.0;43.20791;2.33684;2024-04-05 14:25:00
202400035454.0;5;92;92007;2;1;2.0;3.0;48.79837541;2.30393904;2024-02-29 19:05:00
202400035455.0;1;14;14301;2;1;8.0;6.0;49.17964;-0.28209;2024-05-14 18:50:00
202400035456.0;1;13;13208;2;1;1.0;3.0;43.27069747;5.38814365;2024-05-15 13:10:00
202400035457.0;1;6;6029;2;1;1.0;1.0;43.5665458;7.004728;2024-04-07 17:20:00
202400035458.0;5;63;63113;2;5;2.0;3.0;45.77943;3.0941;2024-01-15 17:38:00
202400035459.0;5;91;91689;2;3;2.0;6.0;48.733598;2.315509;2024-02-29 07:20:00
202400035460.0;1;13;13047;2;1;1.0;3.0;43.53208;4.95434;2024-05-15 11:30:00
202400035461.0;1;62;62291;1;1;1.0;7.0;50.41717491;2.80771729;2024-01-16 07:30:00
202400035462.0;1;92;92014;2;9;1.0;2.0;48.78339347;2.31696168;2024-02-28 11:40:00
202400035463.0;1;6;6104;1;1;1.0;1.0;43.7676;7.45571;2024-05-04 09:40:00
202400035464.0;5;62;62037;2;1;1.0;1.0;50.31743;2.73896;2024-01-15 07:50:00
202400035465.0;1;75;75116;2;1;1.0;4.0;48.864239;2.266641;2024-04-07 12:30:00
202400035466.0;5;59;59512;2;9;1.0;6.0;50.68803;3.17477;2024-01-15 17:50:00
202400035467.0;2;976;97610;2;1;2.0;1.0;-12.746329;45.221829;2024-03-01 06:44:00
202400035468.0;1;75;75110;2;1;1.0;1.0;48.870868;2.364066;2024-04-05 17:06:00
202400035469.0;1;3;3023;1;1;1.0;3.0;46.14318;3.39652;2024-05-12 11:14:00
202400035470.0;1;38;38353;2;1;1.0;1.0;45.417141;4.75767;2024-02-29 16:46:00
202400035471.0;5;59;59009;2;2;9.0;3.0;50.61895517;3.14222287;2024-01-16 19:30:00
202400035472.0;1;75;75116;2;2;1.0;3.0;48.867619;2.250963;2024-04-05 15:46:00
202400035473.0;3;95;95436;1;1;9.0;6.0;49.1335014;2.26535863;2024-03-01 02:00:00
202400035474.0;5;56;56083;2;1;1.0;1.0;47.801461;-3.26345;2024-01-15 20:26:00
202400035475.0;1;1;1053;2;2;2.0;3.0;46.19538;5.22532;2024-05-15 13:20:00
202400035476.0;1;75;75120;2;2;1.0;3.0;48.859155;2.402165;2024-04-07 08:24:00
202400035477.0;1;75;75112;2;1;1.0;3.0;48.828074;2.396298;2024-05-15 07:20:00
202400035478.0;1;31;31044;2;1;1.0;5.0;43.608546;1.510668;2024-03-01 09:30:00
202400035479.0;3;54;54270;1;1;1.0;1.0;49.487748;5.881636;2024-01-16 19:23:00
202400035480.0;1;75;75120;2;2;1.0;6.0;48.854675;2.412062;2024-04-06 16:20:00
202400035481.0;5;75;75116;2;2;1.0;2.0;48.87272;2.284567;2024-05-14 02:00:00
202400035482.0;1;51;51136;2;4;1.0;3.0;49.100791;3.758129;2024-02-19 13:20:00
202400035483.0;1;51;51454;2;2;1.0;3.0;49.26163;4.05102;2024-01-16 09:50:00
202400035484.0;1;75;75119;2;3;1.0;3.0;48.893664;2.384898;2024-04-07 08:10:00
202400035485.0;2;23;23001;1;1;2.0;7.0;46.080852;2.038801;2024-02-29 17:30:00
202400035486.0;1;51;51454;2;2;1.0;2.0;49.248255;4.043421;2024-01-16 10:20:00
202400035487.0;1;75;75117;2;7;1.0;3.0;48.883528;2.326889;2024-05-15 09:50:00
202400035488.0;1;75;75117;2;3;1.0;3.0;48.875261;2.29479;2024-04-07 14:50:00
202400035489.0;3;23;23068;1;1;1.0;6.0;46.13172147;2.07645893;2024-03-01 05:30:00
202400035490.0;4;28;28162;2;1;3.0;6.0;48.302619;1.474117;2024-02-29 20:05:00
202400035491.0;1;51;51454;2;1;1.0;4.0;49.24069;4.03378;2024-01-15 11:00:00
202400035492.0;1;75;75111;2;2;1.0;6.0;48.8555644;2.37868;2024-05-15 15:30:00
202400035493.0;5;75;75117;2;2;1.0;6.0;48.881552;2.300683;2024-04-07 01:00:00
202400035494.0;5;50;50129;2;3;1.0;3.0;49.64211;-1.63636;2024-01-15 21:50:00
202400035495.0;1;29;29078;1;1;3.0;2.0;48.30679301;-4.19243462;2024-02-29 12:07:00
202400035496.0;1;75;75102;2;7;2.0;3.0;48.870032;2.332566;2024-05-15 19:50:00
202400035497.0;1;56;56260;2;6;1.0;3.0;47.65348;-2.74119;2024-07-20 14:50:00
202400035498.0;5;75;75106;2;3;2.0;1.0;48.844185;2.322889;2024-04-07 20:20:00
202400035499.0;5;50;50129;2;3;1.0;3.0;49.64563;-1.64622;2024-01-13 07:45:00
202400035500.0;1;65;65084;1;9;7.0;3.0;43.158956;0.104992;2024-02-29 14:25:00
202400035501.0;1;94;94052;2;2;1.0;3.0;48.83638689;2.4699803;2024-05-12 21:05:00
202400035502.0;1;11;11110;1;1;1.0;7.0;43.041269;2.746121;2024-02-29 14:50:00
202400035503.0;1;54;54261;2;1;1.0;3.0;49.518814;5.784588;2024-07-21 16:00:00
202400035504.0;1;75;75115;2;2;1.0;7.0;48.840409;2.304261;2024-04-07 18:30:00
202400035505.0;5;49;49007;2;1;1.0;2.0;47.45558;-0.56988;2024-01-15 18:33:00
202400035506.0;1;71;71137;2;1;1.0;6.0;46.439635;4.659587;2024-02-29 09:05:00
202400035507.0;1;49;49353;2;1;1.0;6.0;47.45;-0.504;2024-01-15 12:10:00
202400035508.0;5;93;93071;2;1;2.0;3.0;48.940001;2.519058;2024-05-15 21:20:00
202400035509.0;1;49;49099;2;3;1.0;2.0;47.06159;-0.86965;2024-07-16 09:05:00
202400035510.0;1;61;61196;1;3;1.0;7.0;48.375606;0.53432;2024-02-28 12:00:00
202400035511.0;5;75;75112;2;1;1.0;6.0;48.829784;2.420288;2024-04-06 20:50:00
202400035512.0;1;47;47201;2;3;8.0;3.0;44.17549;0.60666;2024-01-16 12:30:00
202400035513.0;1;12;12120;1;1;2.0;1.0;44.384851;2.812457;2024-03-01 08:40:00
202400035514.0;1;75;75101;2;1;1.0;6.0;48.85522;2.345822;2024-04-07 16:45:00
202400035515.0;5;93;93063;2;1;2.0;1.0;48.893578;2.436247;2024-05-14 22:00:00
202400035516.0;5;45;45075;2;2;3.0;3.0;47.89323;1.848354;2024-07-20 23:40:00
202400035517.0;1;45;45068;2;1;9.0;4.0;48.00924;2.72386;2024-01-16 10:05:00
202400035518.0;1;75;75104;2;3;2.0;6.0;48.855504;2.360095;2024-04-07 14:00:00
202400035519.0;1;37;37261;2;1;1.0;3.0;47.42335;0.68267;2024-01-16 10:10:00
202400035520.0;1;93;93032;2;3;1.0;3.0;48.87868147;2.53295481;2024-05-15 10:15:00
202400035521.0;1;42;42323;2;6;1.0;6.0;45.55182;4.280965;2024-02-29 07:20:00
202400035522.0;3;36;36063;1;6;1.0;6.0;46.84548;1.709;2024-01-12 20:23:00
202400035523.0;1;75;75101;2;3;1.0;7.0;48.864668;2.329302;2024-04-06 10:10:00
202400035524.0;1;45;45004;1;1;1.0;3.0;47.97715;2.73226;2024-07-10 12:10:00
202400035525.0;1;93;93027;2;1;1.0;2.0;48.919986;2.412189;2024-05-15 12:10:00
202400035526.0;1;22;22163;1;1;2.0;3.0;48.262613;-3.448462;2024-02-29 15:50:00
202400035527.0;1;36;36044;2;1;1.0;6.0;46.80515;1.69824;2024-01-12 16:09:00
202400035528.0;1;94;94081;2;3;1.0;6.0;48.78226;2.38001;2024-04-07 18:00:00
202400035529.0;3;25;25514;1;1;2.0;6.0;46.773672;6.340002;2024-03-01 04:35:00
202400035530.0;5;93;93057;2;5;1.0;3.0;48.912845;2.506728;2024-05-14 21:00:00
202400035531.0;1;43;43157;2;3;1.0;3.0;45.04085;3.88723;2024-07-21 16:54:00
202400035532.0;1;35;35238;1;1;8.0;3.0;48.10252598;-1.71619534;2024-01-16 16:20:00
202400035533.0;1;44;44130;2;9;6.0;6.0;47.123354;-1.584684;2024-02-23 09:27:00
202400035534.0;5;34;34172;2;1;1.0;6.0;43.60077;3.88676;2024-01-16 19:05:00
202400035535.0;3;38;38185;1;1;1.0;2.0;45.20316;5.69329;2024-07-21 01:56:00
202400035536.0;1;93;93007;2;2;7.0;3.0;48.92015;2.470071;2024-05-15 12:20:00
202400035537.0;2;94;94052;2;3;1.0;2.0;48.83382;2.49284;2024-04-07 06:30:00
202400035538.0;3;44;44194;1;1;1.0;5.0;47.279884;-1.665051;2024-02-28 19:00:00
202400035539.0;3;34;34172;2;1;2.0;6.0;43.61219;3.8388;2024-01-16 07:00:00
202400035540.0;1;94;94034;2;1;1.0;6.0;48.75464;2.32746;2024-04-07 16:45:00
202400035541.0;1;38;38466;2;3;7.0;3.0;45.365692;5.95643;2024-02-29 14:30:00
202400035542.0;1;36;36063;1;2;1.0;3.0;46.83478473;1.67743742;2024-07-20 16:13:00
202400035543.0;2;34;34129;2;1;1.0;3.0;43.58427;3.92669;2024-01-15 17:20:00
202400035544.0;1;93;93005;2;2;1.0;4.0;48.933845;2.490706;2024-05-15 15:45:00
202400035545.0;1;94;94081;2;5;2.0;3.0;48.79304693;2.39552057;2024-04-07 20:00:00
202400035546.0;1;34;34172;2;1;1.0;3.0;43.60124;3.88162;2024-01-15 13:55:00
202400035547.0;1;34;34301;2;1;1.0;1.0;43.40091;3.69983;2024-07-20 17:40:00
202400035548.0;1;2;2174;1;1;1.0;2.0;49.477159;3.533649;2024-03-01 12:32:00
202400035549.0;1;34;34172;2;1;1.0;6.0;43.59261;3.85262;2024-01-15 11:37:00
202400035550.0;5;92;92040;2;2;1.0;3.0;48.82444796;2.27074143;2024-05-15 22:00:00
202400035551.0;3;94;94077;2;7;1.0;6.0;48.73962283;2.4261465;2024-04-07 00:40:00
202400035552.0;1;33;33009;2;1;1.0;6.0;44.65688;-1.16737;2024-07-21 19:20:00
202400035553.0;3;85;85109;1;1;1.0;1.0;46.84495;-1.07369;2024-03-01 03:14:00
202400035554.0;1;31;31555;1;1;2.0;1.0;43.55678;1.49638;2024-01-16 10:39:00
202400035555.0;1;92;92036;2;1;1.0;6.0;48.93356817;2.31088024;2024-05-11 17:40:00
202400035556.0;1;26;26146;1;2;1.0;3.0;44.419207;4.897161;2024-02-26 12:05:00
202400035557.0;1;93;93078;2;2;1.0;3.0;48.96009464;2.55283803;2024-04-07 19:40:00
202400035558.0;1;92;92032;2;1;1.0;7.0;48.79238808;2.28293431;2024-05-15 14:50:00
202400035559.0;1;30;30189;2;1;1.0;7.0;43.83915;4.35963;2024-01-08 13:15:00
202400035560.0;1;31;31555;2;1;2.0;7.0;43.60435;1.44736;2024-07-21 15:45:00
202400035561.0;1;92;92071;2;1;1.0;3.0;48.77820265;2.29065631;2024-05-15 10:05:00
202400035562.0;5;93;93072;2;1;1.0;4.0;48.9575357;2.39639819;2024-04-06 23:30:00
202400035563.0;5;30;30007;2;1;1.0;1.0;44.10818;4.10019;2024-01-16 21:30:00
202400035564.0;5;93;93059;2;8;1.0;6.0;48.95419;2.35825;2024-04-07 00:55:00
202400035565.0;5;90;90054;2;6;1.0;6.0;47.723065;6.885198;2024-02-29 23:20:00
202400035566.0;1;37;37169;2;9;1.0;3.0;47.601542;0.909736;2024-05-15 17:30:00
202400035567.0;1;28;28404;1;1;1.0;6.0;48.71593;1.36796;2024-01-15 16:00:00
202400035568.0;3;29;29232;1;1;2.0;3.0;48.01317976;-4.07436592;2024-07-21 02:35:00
202400035569.0;1;53;53185;2;7;1.0;6.0;48.458071;-0.206224;2024-02-27 11:55:00
202400035570.0;1;93;93077;2;1;1.0;6.0;48.87557;2.52343;2024-04-06 17:05:00
202400035571.0;1;22;22209;2;6;1.0;3.0;48.579851;-2.14456;2024-05-10 18:00:00
202400035572.0;5;27;27681;2;3;1.0;2.0;49.0869;1.48035;2024-01-16 17:55:00
202400035573.0;2;11;11254;1;9;1.0;6.0;43.225156;2.158689;2024-05-16 05:37:00
202400035574.0;1;92;92078;2;3;2.0;3.0;48.92974694;2.32602784;2024-04-07 19:26:00
202400035575.0;1;21;21574;1;1;1.0;1.0;47.516735;5.442963;2024-03-01 09:20:00
202400035576.0;1;24;24037;1;1;1.0;5.0;44.82616;0.47744;2024-07-21 15:11:00
202400035577.0;1;23;23008;2;1;1.0;6.0;45.955569;2.167354;2024-02-29 15:00:00
202400035578.0;2;21;21355;2;4;1.0;3.0;47.284741;5.045962;2024-01-16 07:29:00
202400035579.0;1;92;92073;2;2;1.0;3.0;48.86720453;2.22141802;2024-04-06 08:58:00
202400035580.0;1;11;11148;1;4;1.0;3.0;43.180646;2.679377;2024-05-12 16:05:00
202400035581.0;5;13;13077;2;9;1.0;6.0;43.4;4.98;2024-07-20 00:20:00
202400035582.0;3;29;29181;1;1;1.0;6.0;48.49025138;-4.22580745;2024-05-16 00:55:00
202400035583.0;5;69;69244;2;4;1.0;1.0;45.750958;4.761372;2024-02-29 21:30:00
202400035584.0;1;19;19031;2;3;1.0;3.0;45.16008;1.54687;2024-01-14 14:15:00
202400035585.0;5;92;92051;2;3;3.0;2.0;48.88127315;2.27226752;2024-04-07 23:09:00
202400035586.0;3;45;45155;1;1;1.0;6.0;47.705394;2.642512;2024-02-21 01:00:00
202400035587.0;5;13;13208;2;1;1.0;1.0;43.27877724;5.3813251;2024-07-20 23:45:00
202400035588.0;5;971;97109;1;1;1.0;6.0;15.990344;-61.684788;2024-05-16 03:50:00
202400035589.0;1;18;18279;2;3;1.0;3.0;47.224864;2.085131;2024-01-16 13:20:00
202400035590.0;1;92;92051;2;2;2.0;3.0;48.89318837;2.2707746;2024-04-07 15:50:00
202400035591.0;1;77;77229;1;2;3.0;5.0;48.760425;2.859718;2024-02-29 15:58:00
202400035592.0;1;21;21223;1;1;1.0;3.0;47.360807;4.976123;2024-05-16 11:50:00
202400035593.0;1;18;18213;2;2;1.0;1.0;47.09938;2.48795;2024-01-11 10:10:00
202400035594.0;1;13;13001;1;1;1.0;2.0;43.54786923;5.42795241;2024-07-19 20:15:00
202400035595.0;1;78;78125;1;1;8.0;7.0;48.63096;1.96256;2024-02-27 13:15:00
202400035596.0;1;92;92026;2;1;8.0;3.0;48.89456679;2.25082666;2024-04-07 16:20:00
202400035597.0;1;76;76530;1;1;1.0;3.0;49.712638;0.684038;2024-05-16 13:20:00
202400035598.0;5;14;14118;2;1;1.0;7.0;49.18529;-0.36806;2024-01-15 18:40:00
202400035599.0;1;12;12013;2;1;2.0;6.0;44.54286;2.24545;2024-07-21 13:50:00
202400035600.0;1;78;78262;1;9;1.0;2.0;48.801359;1.792434;2024-02-02 08:50:00
202400035601.0;5;92;92024;2;6;3.0;2.0;48.90339;2.28962;2024-04-07 21:50:00
202400035602.0;5;13;13212;2;1;1.0;3.0;43.30480419;5.47341714;2024-01-16 18:23:00
202400035603.0;1;33;33302;1;1;1.0;1.0;44.948668;-0.157719;2024-05-16 15:25:00
202400035604.0;1;6;6088;2;2;1.0;3.0;43.6650168;7.2033824;2024-07-21 17:50:00
202400035605.0;1;66;66069;1;2;1.0;1.0;42.77302;2.831449;2024-02-29 18:15:00
202400035606.0;2;92;92004;2;4;2.0;3.0;48.9285602;2.27242358;2024-04-07 19:50:00
202400035607.0;1;33;33314;2;4;3.0;7.0;45.217362;-0.780841;2024-05-04 13:00:00
202400035608.0;5;13;13212;2;4;1.0;3.0;43.30774152;5.42544358;2024-01-16 20:15:00
202400035609.0;3;26;26309;1;1;8.0;7.0;45.045093;5.447878;2024-02-29 23:00:00
202400035610.0;2;72;72291;1;1;2.0;6.0;47.753042;0.056889;2024-04-07 19:16:00
202400035611.0;1;32;32256;1;1;1.0;1.0;43.529571;0.416515;2024-05-16 17:12:00
202400035612.0;1;6;6029;2;2;8.0;3.0;43.5558791;7.0170515;2024-07-21 13:50:00
202400035613.0;1;13;13205;2;2;1.0;6.0;43.29253;5.40161;2024-01-16 16:40:00
202400035614.0;1;7;7324;2;1;1.0;3.0;45.061097;4.842031;2024-03-01 11:05:00
202400035615.0;1;68;68257;1;1;2.0;7.0;47.50778;7.192676;2024-05-16 07:54:00
202400035616.0;3;54;54513;1;2;1.0;3.0;48.456991;6.127805;2024-04-07 21:30:00
202400035617.0;1;6;6029;2;1;1.0;2.0;43.549233;6.982899;2024-07-20 16:30:00
202400035618.0;1;13;13215;2;4;1.0;3.0;43.36578133;5.35685661;2024-01-15 16:40:00
202400035619.0;5;1;1249;2;1;1.0;2.0;45.826078;4.964147;2024-02-29 00:30:00
202400035620.0;1;1;1362;1;2;1.0;3.0;45.95834;4.878584;2024-04-08 10:45:00
202400035621.0;1;22;22309;1;1;1.0;5.0;48.236436;-2.339895;2024-05-15 19:50:00
202400035622.0;3;69;69159;1;1;2.0;6.0;45.96811;4.671822;2024-03-01 02:19:00
202400035623.0;1;4;4112;2;1;1.0;3.0;43.83062;5.76957;2024-07-21 17:40:00
202400035624.0;1;13;13210;2;9;1.0;5.0;43.27774;5.42042;2024-01-15 15:20:00
202400035625.0;1;29;29160;2;1;1.0;6.0;48.505464;-4.41962;2024-05-16 16:25:00
202400035626.0;1;22;22209;2;1;1.0;3.0;48.570106;-2.181687;2024-04-08 08:13:00
202400035627.0;3;60;60290;1;1;3.0;1.0;49.48558;2.144008;2024-03-01 20:35:00
202400035628.0;5;11;11069;2;9;2.0;3.0;43.210639;2.340637;2024-01-15 18:15:00
202400035629.0;1;3;3101;2;2;3.0;3.0;46.36236;2.53694;2024-07-20 18:35:00
202400035630.0;1;68;68044;1;1;1.0;1.0;48.137919;7.062718;2024-04-06 11:12:00
202400035631.0;1;38;38140;2;6;1.0;6.0;45.276636;5.872758;2024-05-16 12:25:00
202400035632.0;1;68;68249;1;1;1.0;1.0;48.079556;7.155533;2024-04-06 16:45:00
202400035633.0;3;69;69236;1;1;1.0;5.0;45.56751;4.7063;2024-02-28 20:20:00
202400035634.0;1;3;3185;2;1;1.0;2.0;46.33953;2.5815;2024-07-20 07:58:00
202400035635.0;1;11;11069;2;1;2.0;5.0;43.21626;2.35866;2024-01-15 14:50:00
202400035636.0;3;2;2820;1;1;3.0;6.0;49.644325;3.252962;2024-05-16 05:15:00
202400035637.0;1;10;10343;2;1;8.0;6.0;48.2819;4.091;2024-01-15 11:42:00
202400035638.0;3;33;33397;1;1;1.0;6.0;44.91729;-0.47717;2024-02-28 19:15:00
202400035639.0;1;11;11012;1;1;1.0;4.0;43.3117127;2.94532299;2024-03-30 16:00:00
202400035640.0;1;2;2408;2;1;1.0;3.0;49.5507;3.61057;2024-07-21 18:45:00
202400035641.0;1;63;63289;1;1;1.0;1.0;45.7635871;2.69469021;2024-04-06 15:30:00
202400035642.0;1;10;10333;1;1;8.0;6.0;48.2877;4.0396;2024-01-15 08:40:00
202400035643.0;3;63;63278;1;1;1.0;6.0;45.918244;3.149117;2024-04-08 06:15:00
202400035644.0;1;15;15074;1;3;1.0;5.0;44.927774;2.484884;2024-05-16 14:30:00
202400035645.0;1;91;91179;1;1;2.0;4.0;48.571;2.4693;2024-02-29 08:17:00
202400035646.0;1;1;1194;2;1;1.0;1.0;45.989277;4.75678;2024-04-06 11:50:00
202400035647.0;1;75;75114;2;1;1.0;5.0;48.82157237;2.31879222;2024-07-20 17:30:00
202400035648.0;5;2;2168;2;3;1.0;3.0;49.04004;3.40895;2024-01-15 07:50:00
202400035649.0;3;22;22081;1;1;1.0;6.0;48.481269;-2.641552;2024-04-07 05:35:00
202400035650.0;1;75;75118;2;1;1.0;3.0;48.900899;2.361608;2024-01-15 08:20:00
202400035651.0;3;91;91687;1;1;1.0;6.0;48.66286;2.36757;2024-02-28 23:40:00
202400035652.0;1;14;14431;1;3;1.0;3.0;49.085029;-0.004828;2024-05-15 14:05:00
202400035653.0;1;75;75115;2;1;1.0;4.0;48.832469;2.280644;2024-07-20 12:30:00
202400035654.0;3;26;26247;1;1;1.0;1.0;45.16209009;4.82899867;2024-04-08 05:10:00
202400035655.0;5;75;75112;2;1;1.0;6.0;48.833099;2.407166;2024-01-15 22:38:00
202400035656.0;1;78;78043;1;1;1.0;3.0;48.841983;2.101867;2024-02-28 08:45:00
202400035657.0;3;50;50523;2;4;1.0;6.0;49.407584;-1.321916;2024-05-16 01:00:00
202400035658.0;1;95;95018;1;1;1.0;2.0;48.95896563;2.27378747;2024-02-28 16:00:00
202400035659.0;1;71;71329;1;2;1.0;3.0;46.939872;5.150383;2024-04-07 16:45:00
202400035660.0;1;50;50370;2;1;1.0;7.0;49.417842;-1.562376;2024-05-09 08:45:00
202400035661.0;1;75;75119;2;2;8.0;3.0;48.889542;2.395851;2024-01-16 16:00:00
202400035662.0;1;57;57375;1;1;1.0;7.0;48.700167;6.726594;2024-04-07 17:00:00
202400035663.0;1;95;95582;1;1;1.0;3.0;48.97195611;2.24798145;2024-02-28 08:10:00
202400035664.0;3;60;60616;1;1;2.0;1.0;49.365887;1.806342;2024-05-15 21:30:00
202400035665.0;1;75;75115;2;1;1.0;4.0;48.831053;2.284126;2024-07-19 14:05:00
202400035666.0;1;51;51505;2;1;1.0;7.0;49.314086;4.258984;2024-04-07 18:30:00
202400035667.0;2;10;10202;1;1;8.0;7.0;48.107087;4.122276;2024-05-11 19:30:00
202400035668.0;3;95;95500;1;1;1.0;4.0;49.03685745;2.09294147;2024-02-27 19:00:00
202400035669.0;2;51;51609;2;1;1.0;7.0;49.100692;3.669113;2024-04-07 19:10:00
202400035670.0;1;75;75120;2;1;1.0;3.0;48.866942;2.41322;2024-07-19 10:00:00
202400035671.0;5;75;75117;2;1;1.0;3.0;48.88909839;2.29317677;2024-01-16 17:40:00
202400035672.0;1;7;7010;2;3;2.0;2.0;45.237865;4.67531;2024-05-16 09:40:00
202400035673.0;1;987;98735;2;1;1.0;2.0;-17.52897207;-149.55812769;2024-02-28 06:55:00
202400035674.0;1;56;56227;1;3;1.0;3.0;48.019495;-2.472435;2024-04-07 18:29:00
202400035675.0;2;75;75113;2;3;8.0;6.0;48.82402397;2.37704122;2024-07-21 07:42:00
202400035676.0;2;75;75112;2;1;1.0;2.0;48.827597;2.38973;2024-01-16 08:45:00
202400035677.0;1;7;7319;2;1;2.0;3.0;44.553396;4.688326;2024-05-02 14:35:00
202400035678.0;1;974;97416;1;1;1.0;4.0;-21.31283;55.495;2024-02-26 08:30:00
202400035679.0;1;75;75112;2;3;1.0;6.0;48.847254;2.375267;2024-01-15 14:15:00