Num_Acc;lum;departement;commune;agglomeration;intersection;meteo;type_collision;lat;long;date
202400035680.0;2;8;8391;2;1;1.0;1.0;49.73713;4.926058;2024-05-15 20:50:00
202400035681.0;1;974;97416;1;1;1.0;7.0;-21.30573;55.4283;2024-02-26 10:00:00
202400035682.0;1;56;56116;2;1;1.0;1.0;47.56646;-2.95556;2024-04-07 17:30:00
202400035683.0;2;75;75107;2;2;1.0;6.0;48.855013;2.324561;2024-01-16 08:26:00
202400035684.0;3;1;1130;1;1;1.0;1.0;46.309411;5.145818;2024-05-16 02:45:00
202400035685.0;1;75;75117;2;1;1.0;4.0;48.885277;2.287123;2024-07-20 16:40:00
202400035686.0;3;974;97416;1;6;2.0;7.0;-21.35286074;55.50978684;2024-02-25 02:30:00
202400035687.0;1;68;68278;2;1;7.0;1.0;47.742191;7.414516;2024-05-14 09:30:00
202400035688.0;5;974;97416;2;1;2.0;7.0;-21.32727;55.4866;2024-02-24 18:50:00
202400035689.0;1;94;94068;2;6;8.0;6.0;48.79365;2.486219;2024-01-16 08:30:00
202400035690.0;5;75;75120;2;2;3.0;3.0;48.852772;2.40665;2024-07-21 00:50:00
202400035691.0;1;974;97416;1;1;2.0;6.0;-21.30933;55.49787;2024-02-24 08:50:00
202400035692.0;1;2B;2B123;1;9;1.0;1.0;42.044194;9.425116;2024-04-08 09:00:00
202400035693.0;1;94;94002;2;3;1.0;6.0;48.80229061;2.42112641;2024-01-16 11:30:00
202400035694.0;1;75;75117;2;2;8.0;3.0;48.889107;2.322703;2024-07-21 12:35:00
202400035695.0;1;973;97305;1;3;1.0;3.0;4.937639;-52.409356;2024-05-15 16:00:00
202400035696.0;3;82;82089;1;1;1.0;1.0;44.137385;0.801852;2024-04-06 04:40:00
202400035697.0;1;65;65096;1;1;1.0;6.0;43.109783;0.253115;2024-04-07 10:20:00
202400035698.0;1;974;97416;2;3;2.0;3.0;-21.34361;55.46813;2024-02-22 08:20:00
202400035699.0;5;75;75114;2;1;1.0;3.0;48.820532;2.337396;2024-07-21 22:00:00
202400035700.0;1;94;94046;2;2;1.0;3.0;48.80909;2.45268;2024-01-16 08:55:00
202400035701.0;2;65;65072;2;1;1.0;6.0;43.289671;0.068922;2024-04-07 06:20:00
202400035702.0;1;974;97416;1;1;7.0;3.0;-21.2982;55.44259;2024-02-21 15:40:00
202400035703.0;1;75;75104;2;3;7.0;7.0;48.857265;2.352245;2024-07-21 16:55:00
202400035704.0;3;33;33296;1;3;1.0;7.0;44.834701;-0.038608;2024-04-07 13:33:00
202400035705.0;1;33;33199;2;1;1.0;3.0;44.619305;-1.073299;2024-05-02 09:50:00
202400035706.0;1;974;97416;1;1;1.0;7.0;-21.33706;55.46468;2024-02-20 11:05:00
202400035707.0;1;11;11431;1;1;1.0;6.0;42.945177;2.757869;2024-04-07 13:20:00
202400035708.0;2;94;94003;2;7;1.0;3.0;48.80005873;2.34267153;2024-01-16 08:20:00
202400035709.0;1;974;97411;2;1;1.0;6.0;-20.8871;55.44057;2024-02-27 06:25:00
202400035710.0;1;75;75111;2;7;1.0;3.0;48.85331651;2.36976439;2024-07-21 08:55:00
202400035711.0;3;11;11106;1;1;1.0;6.0;43.24369;3.063417;2024-04-07 21:15:00
202400035712.0;1;34;34154;1;1;1.0;5.0;43.605847;3.967438;2024-05-15 11:00:00
202400035713.0;5;94;94074;2;1;1.0;2.0;48.76683;2.44118;2024-07-20 23:15:00
202400035714.0;1;94;94076;2;1;1.0;6.0;48.79312827;2.36908677;2024-01-16 08:00:00
202400035715.0;1;68;68040;2;1;1.0;2.0;47.82517932;7.08142157;2024-05-15 11:00:00
202400035716.0;1;41;41164;2;3;1.0;5.0;47.283625;1.382963;2024-04-05 09:40:00
202400035717.0;1;974;97411;1;1;9.0;6.0;-20.91111;55.49929;2024-02-27 07:20:00
202400035718.0;1;94;94034;2;2;1.0;2.0;48.75875;2.324236;2024-07-21 15:35:00
202400035719.0;2;63;63150;1;1;2.0;6.0;45.89551726;3.06740331;2024-05-15 21:00:00
202400035720.0;5;94;94028;2;3;1.0;6.0;48.76982142;2.45890273;2024-01-16 08:00:00
202400035721.0;1;86;86281;1;2;1.0;3.0;46.760285;0.17069;2024-04-07 11:47:00
202400035722.0;2;69;69291;1;1;2.0;6.0;45.64504211;4.89148883;2024-05-16 06:51:00
202400035723.0;5;94;94022;2;1;1.0;6.0;48.768908;2.421119;2024-01-16 19:33:00
202400035724.0;2;94;94017;2;4;1.0;3.0;48.81888;2.49011;2024-07-21 21:10:00
202400035725.0;1;86;86160;2;1;1.0;3.0;46.788148;0.185035;2024-04-08 11:00:00
202400035726.0;1;974;97411;2;1;1.0;6.0;-20.89746;55.4645;2024-02-22 10:40:00
202400035727.0;1;34;34229;1;1;1.0;7.0;43.524608;2.743436;2024-04-07 17:30:00
202400035728.0;1;80;80039;2;3;1.0;3.0;50.100817;1.446129;2024-05-15 16:45:00
202400035729.0;5;93;93006;2;1;2.0;3.0;48.86668;2.42845;2024-07-21 02:00:00
202400035730.0;2;94;94022;2;1;1.0;6.0;48.754242;2.412904;2024-01-16 17:54:00
202400035731.0;1;68;68074;1;1;1.0;7.0;47.494038;7.221998;2024-04-08 18:05:00
202400035732.0;2;38;38561;1;1;1.0;7.0;45.2972;5.192628;2024-04-08 07:00:00
202400035733.0;1;59;59387;1;1;1.0;3.0;50.285621;3.263351;2024-05-09 16:47:00
202400035734.0;1;94;94022;2;2;1.0;6.0;48.763081;2.401731;2024-01-16 08:15:00
202400035735.0;1;93;93046;2;1;1.0;3.0;48.92039371;2.53988743;2024-07-21 17:45:00
202400035736.0;1;974;97411;2;6;2.0;2.0;-20.91937;55.49413;2024-02-20 17:30:00
202400035737.0;2;38;38002;1;1;1.0;7.0;45.267698;5.994544;2024-04-05 20:15:00
202400035738.0;1;93;93015;2;1;1.0;7.0;48.918612;2.57356;2024-07-21 16:28:00
202400035739.0;1;13;13071;1;1;1.0;3.0;43.40608;5.29321;2024-05-15 08:35:00
202400035740.0;1;974;97409;2;1;2.0;7.0;-20.96167;55.6566;2024-02-25 11:50:00
202400035741.0;2;94;94011;2;2;8.0;2.0;48.7634;2.49385;2024-01-16 06:20:00
202400035742.0;1;1;1058;1;3;1.0;3.0;45.662842;5.609207;2024-04-06 12:35:00
202400035743.0;2;93;93057;2;2;1.0;1.0;48.91511073;2.50103571;2024-07-21 21:15:00
202400035744.0;3;13;13215;1;1;3.0;2.0;43.33188505;5.35414144;2024-05-14 22:43:00
202400035745.0;1;974;97407;2;2;1.0;6.0;-20.9361;55.29266;2024-02-26 15:15:00
202400035746.0;2;93;93070;2;3;1.0;6.0;48.90131367;2.32302837;2024-01-16 07:45:00
202400035747.0;5;92;92073;2;6;2.0;6.0;48.87023669;2.22773919;2024-07-21 00:08:00
202400035748.0;5;58;58095;2;1;1.0;3.0;46.828097;3.458585;2024-04-08 06:00:00
202400035749.0;1;69;69266;1;1;1.0;2.0;45.75769465;4.90895763;2024-05-12 08:20:00
202400035750.0;5;92;92051;2;1;2.0;7.0;48.88022242;2.27952875;2024-07-21 01:20:00
202400035751.0;1;93;93050;2;3;8.0;3.0;48.87497;2.53041;2024-01-16 13:15:00
202400035752.0;1;974;97407;2;6;8.0;3.0;-20.94533;55.29279;2024-02-22 13:30:00
202400035753.0;1;94;94034;1;1;1.0;3.0;48.75623447;2.33600515;2024-05-15 08:00:00
202400035754.0;5;93;93050;2;1;1.0;1.0;48.86596;2.5236;2024-01-15 19:30:00
202400035755.0;2;92;92040;2;4;1.0;3.0;48.82245147;2.26804107;2024-07-21 20:35:00
202400035756.0;1;974;97407;2;1;1.0;6.0;-20.94577;55.29861;2024-02-19 18:35:00
202400035757.0;1;14;14516;2;2;1.0;3.0;48.972156;-0.253361;2024-04-07 18:05:00
202400035758.0;1;92;92047;1;1;1.0;2.0;48.83459228;2.17162733;2024-05-15 18:40:00
202400035759.0;5;33;33243;2;6;1.0;6.0;44.909276;-0.23634;2024-07-14 22:50:00
202400035760.0;1;973;97302;1;1;9.0;7.0;4.90741;-52.32232;2024-02-28 09:20:00
202400035761.0;1;93;93048;2;1;1.0;6.0;48.86565;2.437162;2024-01-16 13:30:00
202400035762.0;1;92;92050;1;1;1.0;3.0;48.90971626;2.21529483;2024-05-15 17:30:00
202400035763.0;5;93;93046;2;1;1.0;6.0;48.912652;2.514388;2024-01-16 19:40:00
202400035764.0;1;14;14578;1;3;1.0;3.0;49.34568587;0.19963864;2024-04-07 18:05:00
202400035765.0;1;973;97302;2;1;1.0;2.0;4.93638;-52.2967;2024-02-26 17:15:00
202400035766.0;1;35;35013;1;2;1.0;1.0;47.706589;-2.054189;2024-07-21 12:45:00
202400035767.0;1;78;78640;1;1;1.0;2.0;48.780678;2.178467;2024-05-15 17:50:00
202400035768.0;1;93;93031;2;3;1.0;6.0;48.958319;2.325517;2024-01-16 13:20:00
202400035769.0;1;45;45061;2;6;1.0;6.0;48.042007;2.74339;2024-04-05 08:20:00
202400035770.0;1;14;14713;1;1;1.0;7.0;49.061199;-0.470814;2024-07-21 09:50:00
202400035771.0;3;973;97302;2;1;1.0;3.0;4.92753;-52.31922;2024-02-25 22:08:00
202400035772.0;5;93;93031;2;1;8.0;6.0;48.951931;2.331331;2024-01-16 08:10:00
202400035773.0;1;27;27112;2;9;1.0;6.0;48.836623;0.913103;2024-04-03 15:25:00
202400035774.0;1;93;93030;2;1;1.0;6.0;48.94469;2.41644;2024-01-16 10:24:00
202400035775.0;3;62;62293;1;1;1.0;6.0;50.495275;1.966311;2024-07-21 04:00:00
202400035776.0;1;93;93027;1;1;1.0;4.0;48.93774911;2.41208205;2024-05-15 12:20:00
202400035777.0;1;973;97302;2;3;1.0;3.0;4.94177718;-52.30415136;2024-02-24 17:30:00
202400035778.0;1;87;87028;1;1;1.0;6.0;46.212514;0.912176;2024-04-07 14:15:00
202400035779.0;1;93;93008;2;1;1.0;1.0;48.9085;2.456358;2024-01-16 13:10:00
202400035780.0;1;973;97302;2;1;1.0;5.0;4.93224524;-52.32729882;2024-02-23 11:40:00
202400035781.0;3;24;24386;1;1;1.0;6.0;44.637334;1.056828;2024-04-07 03:00:00
202400035782.0;1;74;74281;2;1;1.0;3.0;46.37135;6.47241;2024-02-02 16:55:00
202400035783.0;1;17;17408;1;2;1.0;3.0;45.83617;-0.829918;2024-07-21 08:30:00
202400035784.0;1;45;45073;1;1;1.0;2.0;48.034335;2.960429;2024-04-08 16:35:00
202400035785.0;1;973;97302;2;1;1.0;7.0;4.93706;-52.31504;2024-02-20 16:40:00
202400035786.0;3;974;97412;2;1;1.0;6.0;-21.339179;55.629741;2024-07-21 22:25:00
202400035787.0;1;69;69244;2;1;1.0;6.0;45.769282;4.787239;2024-04-08 17:10:00
202400035788.0;3;13;13047;1;1;1.0;1.0;43.569;4.98755;2024-02-18 01:45:00
202400035789.0;1;69;69386;2;2;1.0;3.0;45.76521;4.868;2024-02-28 13:05:00
202400035790.0;1;987;98745;2;1;1.0;1.0;-16.63557355;-151.49250305;2024-04-07 11:00:00
202400035791.0;3;50;50473;2;2;1.0;3.0;49.139895;-1.005313;2024-02-15 07:32:00
202400035792.0;1;69;69388;2;1;1.0;6.0;45.74087894;4.86290412;2024-02-28 10:10:00
202400035793.0;1;974;97416;1;1;1.0;3.0;-21.32384;55.48694;2024-05-13 17:00:00
202400035794.0;1;38;38081;1;1;1.0;7.0;45.53786125;5.09100035;2024-04-08 17:20:00
202400035795.0;1;972;97207;2;3;1.0;3.0;14.577333;-60.964084;2024-07-20 17:20:00
202400035796.0;1;69;69383;2;1;1.0;1.0;45.76365;4.86149;2024-02-28 08:10:00
202400035797.0;1;972;97232;1;1;1.0;1.0;14.542047;-60.864751;2024-07-20 07:15:00
202400035798.0;1;974;97416;2;3;1.0;3.0;-21.30707;55.5001;2024-05-13 12:20:00
202400035799.0;5;69;69383;2;2;1.0;7.0;45.75753;4.8472;2024-02-26 22:15:00
202400035800.0;2;971;97117;1;1;1.0;6.0;16.337808;-61.395271;2024-04-07 05:10:00
202400035801.0;1;974;97411;1;1;1.0;7.0;-20.89997;55.46667;2024-05-13 17:15:00
202400035802.0;2;69;69386;2;3;1.0;1.0;45.76702154;4.84763341;2024-02-20 19:45:00
202400035803.0;1;21;21380;1;1;1.0;3.0;47.37986114;4.37906757;2024-07-22 13:00:00
202400035804.0;1;974;97407;2;9;1.0;6.0;-20.9386;55.3004;2024-05-14 16:00:00
202400035805.0;5;45;45252;2;1;1.0;6.0;48.177827;2.251409;2024-04-06 22:50:00
202400035806.0;1;974;97407;2;1;1.0;6.0;-20.94237;55.29237;2024-05-14 08:24:00
202400035807.0;1;6;6034;1;1;1.0;2.0;43.774146;7.215443;2024-07-22 09:00:00
202400035808.0;1;77;77099;2;2;8.0;3.0;48.151877;2.692171;2024-04-04 10:58:00
202400035809.0;1;974;97407;1;9;1.0;6.0;-20.9582;55.318;2024-05-13 15:30:00
202400035810.0;3;971;97132;1;1;1.0;6.0;15.981169;-61.626145;2024-07-20 04:20:00
202400035811.0;1;88;88178;2;1;1.0;1.0;48.172115;6.387863;2024-04-07 16:00:00
202400035812.0;1;973;97302;2;1;2.0;3.0;4.93429;-52.31106;2024-05-14 07:32:00
202400035813.0;1;51;51196;2;1;1.0;7.0;48.989939;3.984226;2024-07-21 21:00:00
202400035814.0;1;3;3290;1;1;1.0;1.0;46.618767;3.339007;2024-04-08 18:40:00
202400035815.0;1;19;19072;1;1;7.0;7.0;45.206821;1.517873;2024-07-20 15:20:00
202400035816.0;1;973;97302;2;1;3.0;7.0;4.93888;-52.33144;2024-05-13 14:50:00
202400035817.0;1;63;63141;1;5;1.0;3.0;45.7858847;3.0501008;2024-04-06 19:05:00
202400035818.0;1;76;76171;1;1;1.0;7.0;49.515931;1.437235;2024-07-21 11:10:00
202400035819.0;3;26;26307;1;1;1.0;7.0;45.019942;5.277657;2024-04-07 04:30:00
202400035820.0;1;973;97302;2;3;2.0;3.0;4.93877;-52.31763;2024-05-13 12:25:00
202400035821.0;1;79;79213;2;1;1.0;2.0;46.634653;-0.245047;2024-07-20 13:05:00
202400035822.0;1;69;69388;2;1;2.0;4.0;45.73833483;4.8604686;2024-05-14 19:30:00
202400035823.0;1;69;69045;1;1;1.0;6.0;46.09611118;4.71210269;2024-04-07 12:15:00
202400035824.0;2;2A;2A271;1;1;1.0;3.0;41.979798;8.83381;2024-07-19 20:05:00
202400035825.0;1;972;97209;1;3;1.0;3.0;14.60731;-61.07504;2024-05-14 10:35:00
202400035826.0;1;69;69148;1;1;1.0;1.0;45.657413;4.742264;2024-04-08 07:42:00
202400035827.0;1;41;41044;1;1;1.0;7.0;47.295065;1.918058;2024-07-20 14:40:00
202400035828.0;1;50;50288;1;1;1.0;5.0;48.709824;-1.383403;2024-04-08 09:30:00
202400035829.0;1;972;97209;2;1;1.0;4.0;14.61587;-61.03931;2024-05-14 07:15:00
202400035830.0;1;50;50356;1;1;1.0;1.0;49.205878;-1.057853;2024-04-08 08:25:00
202400035831.0;1;69;69382;2;3;1.0;3.0;45.73489;4.81866;2024-05-14 09:15:00
202400035832.0;3;32;32402;1;1;1.0;6.0;43.78611;0.384908;2024-07-22 01:00:00
202400035833.0;1;14;14646;1;2;1.0;3.0;48.929908;-0.205039;2024-04-03 16:55:00
202400035834.0;1;971;97120;2;1;1.0;6.0;16.23972;-61.53158;2024-05-13 18:00:00
202400035835.0;1;63;63381;1;1;1.0;6.0;45.85536922;2.90637918;2024-07-22 17:45:00
202400035836.0;1;76;76614;1;3;1.0;3.0;49.446505;0.983974;2024-04-07 14:20:00
202400035837.0;1;63;63006;1;1;8.0;7.0;45.359315;2.996741;2024-07-21 15:30:00
202400035838.0;1;971;97101;2;3;1.0;1.0;16.27028415;-61.49804235;2024-05-13 15:15:00
202400035839.0;1;63;63319;1;1;8.0;7.0;45.520353;3.868185;2024-07-21 17:15:00
202400035840.0;1;76;76503;1;2;1.0;3.0;49.544426;1.020634;2024-04-07 13:10:00
202400035841.0;5;971;97101;1;1;1.0;2.0;16.23985123;-61.52277231;2024-05-12 04:40:00
202400035842.0;1;80;80313;1;1;1.0;5.0;49.910805;2.850373;2024-04-08 14:00:00
202400035843.0;1;63;63229;2;2;1.0;3.0;45.776271;3.357498;2024-07-22 07:30:00
202400035844.0;1;59;59481;2;1;1.0;6.0;50.244773;3.64104;2024-04-07 15:20:00
202400035845.0;4;61;61168;2;1;1.0;6.0;48.590348;-0.367924;2024-07-20 23:10:00
202400035846.0;1;13;13213;1;1;1.0;2.0;43.32;5.41;2024-04-05 12:37:00
202400035847.0;2;61;61508;2;1;1.0;6.0;48.941639;0.196729;2024-07-18 05:05:00
202400035848.0;3;13;13216;1;9;1.0;2.0;43.35921;5.34328;2024-04-05 23:14:00
202400035849.0;1;47;47081;2;1;3.0;6.0;44.377912;0.572221;2024-07-21 19:00:00
202400035850.0;1;80;80021;2;1;1.0;6.0;49.910591;2.310228;2024-08-26 18:25:00
202400035851.0;3;13;13216;1;1;1.0;6.0;43.35744;5.34543;2024-04-05 21:20:00
202400035852.0;1;86;86281;2;1;1.0;2.0;46.698403;0.204061;2024-07-15 14:40:00
202400035853.0;1;91;91689;1;1;1.0;2.0;48.74023724;2.31816101;2024-04-07 16:22:00
202400035854.0;5;79;79191;2;6;1.0;6.0;46.33493;-0.47253;2024-08-28 00:55:00
202400035855.0;1;22;22194;2;1;1.0;3.0;48.666492;-3.59858;2024-07-21 15:05:00
202400035856.0;3;94;94003;1;1;1.0;2.0;48.80065055;2.34352114;2024-04-06 22:16:00
202400035857.0;1;29;29150;1;1;2.0;6.0;47.8012841;-3.71504158;2024-07-20 17:20:00
202400035858.0;1;78;78005;1;3;1.0;1.0;48.978456;2.082539;2024-08-28 18:00:00
202400035859.0;1;94;94034;1;1;1.0;2.0;48.75762305;2.32812012;2024-04-06 11:30:00
202400035860.0;1;29;29069;1;1;2.0;3.0;48.40551208;-4.5514821;2024-07-20 19:10:00
202400035861.0;3;91;91549;1;1;1.0;6.0;48.62648;2.35042;2024-04-06 01:25:00
202400035862.0;3;77;77152;2;6;1.0;3.0;48.52503;2.64281;2024-08-27 22:13:00
202400035863.0;1;1;1348;2;1;1.0;3.0;46.176851;4.818814;2024-07-19 17:55:00
202400035864.0;2;75;75120;1;1;2.0;4.0;48.86637098;2.42310762;2024-04-07 19:15:00
202400035865.0;1;77;77335;1;1;1.0;3.0;48.95862;2.83847;2024-08-28 19:00:00
202400035866.0;1;1;1373;1;1;1.0;1.0;46.143968;5.556357;2024-07-22 14:20:00
202400035867.0;1;66;66205;1;1;1.0;6.0;42.807508;2.71902;2024-07-21 16:25:00
202400035868.0;1;77;77243;2;3;1.0;3.0;48.8729;2.68693;2024-08-28 14:05:00
202400035869.0;1;66;66053;1;1;1.0;1.0;42.522826;3.065926;2024-07-21 21:00:00
202400035870.0;5;76;76351;2;2;1.0;3.0;49.49414;0.11652;2024-08-25 00:20:00
202400035871.0;1;50;50326;1;1;1.0;6.0;48.849778;-1.349087;2024-07-21 18:00:00
202400035872.0;1;71;71270;2;1;1.0;3.0;46.28553;4.80896;2024-08-28 11:35:00
202400035873.0;1;50;50487;1;1;1.0;6.0;48.528713;-1.339045;2024-07-21 19:35:00
202400035874.0;1;69;69266;2;1;1.0;3.0;45.77528;4.88717;2024-07-18 17:20:00
202400035875.0;1;69;69091;2;1;1.0;3.0;45.58780025;4.7711411;2024-08-28 13:19:00
202400035876.0;1;60;60560;1;2;1.0;3.0;49.223399;2.73963;2024-07-22 17:00:00
202400035877.0;1;10;10035;2;1;1.0;6.0;48.1996;4.777;2024-07-21 13:00:00
202400035878.0;1;68;68256;1;1;1.0;3.0;47.75986175;7.31078936;2024-08-28 12:00:00
202400035879.0;1;7;7265;1;1;1.0;7.0;45.289984;4.639964;2024-07-21 17:00:00
202400035880.0;1;66;66136;1;1;1.0;2.0;42.70955;2.97056;2024-08-27 16:30:00
202400035881.0;1;64;64445;2;1;1.0;6.0;43.31285;-0.34554;2024-08-27 17:15:00
202400035882.0;1;7;7157;1;1;1.0;6.0;44.61915;4.736137;2024-07-17 15:25:00
202400035883.0;1;64;64122;2;1;1.0;7.0;43.47669;-1.54935;2024-08-26 18:00:00
202400035884.0;1;21;21150;1;1;1.0;7.0;46.943363;4.726406;2024-07-20 17:13:00
202400035885.0;1;64;64024;2;6;1.0;3.0;43.49709;-1.50856;2024-08-28 18:58:00
202400035886.0;1;4;4094;1;1;1.0;1.0;43.780343;5.909572;2024-07-21 18:30:00
202400035887.0;1;52;52014;1;1;1.0;7.0;47.78196219;5.21966462;2024-07-22 11:38:00
202400035888.0;1;63;63113;2;3;1.0;3.0;45.76574855;3.08655068;2024-08-28 16:15:00
202400035889.0;1;52;52332;1;1;1.0;7.0;47.954956;5.500481;2024-07-19 14:45:00
202400035890.0;1;59;59421;2;1;1.0;3.0;50.71768;3.14125;2024-08-28 15:23:00
202400035891.0;1;59;59650;2;1;7.0;6.0;50.70247;3.21542;2024-08-28 10:20:00
202400035892.0;1;88;88065;1;1;1.0;2.0;48.091747;6.063541;2024-07-21 13:15:00
202400035893.0;1;59;59343;2;1;7.0;1.0;50.59534;3.12596;2024-08-28 18:55:00
202400035894.0;1;58;58194;2;1;1.0;7.0;46.99565;3.15969;2024-08-19 17:30:00
202400035895.0;1;49;49022;1;1;1.0;3.0;47.3287063;-0.60317868;2024-07-21 14:20:00
202400035896.0;1;988;98805;1;1;7.0;7.0;-22.193023;166.443869;2024-07-22 07:00:00
202400035897.0;1;57;57666;2;1;1.0;1.0;49.348;6.12702;2024-08-26 17:30:00
202400035898.0;5;56;56121;2;1;1.0;3.0;47.7584;-3.37688;2024-08-27 23:34:00
202400035899.0;2;63;63164;1;9;1.0;6.0;45.841298;3.161402;2024-07-22 06:35:00
202400035900.0;1;56;56121;2;6;1.0;2.0;47.7445194;-3.3954992;2024-08-27 16:02:00
202400035901.0;1;51;51058;2;1;1.0;7.0;49.21824;3.99657;2024-08-28 12:20:00
202400035902.0;1;83;83061;1;1;1.0;2.0;43.473228;6.740198;2024-07-22 19:30:00
202400035903.0;5;51;51454;2;1;1.0;6.0;49.24214;4.0348;2024-08-27 21:30:00
202400035904.0;3;69;69228;1;1;1.0;6.0;45.610784;4.615915;2024-07-21 23:55:00
202400035905.0;1;50;50129;2;1;1.0;2.0;49.63101;-1.60629;2024-08-27 16:35:00
202400035906.0;1;11;11040;1;1;7.0;6.0;43.156483;2.860265;2024-07-22 06:15:00
202400035907.0;5;45;45234;2;1;1.0;7.0;47.916655;1.940662;2024-08-28 23:15:00
202400035908.0;1;971;97103;1;1;1.0;2.0;16.251238;-61.592585;2024-07-19 06:40:00
202400035909.0;1;45;45234;2;1;1.0;6.0;47.911276;1.936435;2024-08-28 13:15:00
202400035910.0;1;45;45147;2;1;1.0;4.0;47.92884;1.9201;2024-08-28 10:20:00
202400035911.0;1;976;97605;1;1;1.0;1.0;-12.823466;45.112747;2024-07-08 08:50:00
202400035912.0;1;44;44135;2;9;2.0;7.0;47.2806;-2.43095;2024-08-23 20:10:00
202400035913.0;3;42;42095;2;1;1.0;1.0;45.39239;4.28602;2024-08-28 05:50:00
202400035914.0;2;987;98725;2;6;1.0;3.0;-17.511254;-149.500076;2024-07-22 05:50:00
202400035915.0;3;13;13064;2;1;1.0;1.0;43.806218;4.938816;2024-07-21 22:35:00
202400035916.0;1;37;37261;2;1;1.0;3.0;47.3916735;0.69836122;2024-08-28 18:30:00
202400035917.0;1;68;68016;1;1;1.0;7.0;47.929866;7.506559;2024-07-20 11:25:00
202400035918.0;5;37;37233;2;3;1.0;6.0;47.37917;0.72197;2024-08-28 02:30:00
202400035919.0;1;37;37214;2;1;1.0;6.0;47.4262;0.66302;2024-08-27 11:00:00
202400035920.0;1;55;55306;1;1;1.0;7.0;49.43853799;5.34413809;2024-07-22 18:05:00
202400035921.0;1;31;31555;2;2;1.0;3.0;43.55709;1.46533;2024-08-28 13:28:00
202400035922.0;1;57;57669;2;4;1.0;1.0;49.131159;6.888674;2024-07-22 13:10:00
202400035923.0;1;29;29151;1;1;1.0;2.0;48.5953886;-3.83197213;2024-08-28 18:10:00
202400035924.0;1;27;27375;2;1;1.0;6.0;49.21141;1.15807;2024-08-06 10:05:00
202400035925.0;1;73;73054;1;1;1.0;1.0;45.668622;6.773951;2024-07-22 13:15:00
202400035926.0;1;38;38451;2;1;1.0;6.0;45.759402;5.226408;2024-07-21 20:00:00
202400035927.0;1;17;17461;2;1;1.0;6.0;45.649099;-1.04659;2024-08-28 18:38:00
202400035928.0;1;14;14366;2;1;1.0;7.0;49.14402;0.26384;2024-08-28 10:54:00
202400035929.0;1;69;69179;2;4;1.0;3.0;45.609002;4.727699;2024-07-19 16:15:00
202400035930.0;1;81;81251;1;9;2.0;7.0;43.549225;2.060559;2024-07-21 18:00:00
202400035931.0;1;14;14215;2;3;1.0;3.0;49.19265887;-0.26327223;2024-08-27 20:05:00
202400035932.0;1;81;81039;2;1;8.0;6.0;43.751362;1.908204;2024-07-21 10:25:00
202400035933.0;5;13;13204;2;1;1.0;6.0;43.29989;5.40173;2024-08-29 00:27:00
202400035934.0;1;65;65145;1;1;8.0;7.0;42.934382;-0.047867;2024-07-21 08:40:00
202400035935.0;5;13;13215;2;9;1.0;1.0;43.3282;5.36375;2024-08-27 03:00:00
202400035936.0;1;79;79201;1;1;7.0;1.0;46.422491;-0.041263;2024-07-18 15:50:00
202400035937.0;1;13;13005;1;1;1.0;3.0;43.3087;5.60806;2024-08-28 18:35:00
202400035938.0;1;29;29032;1;1;1.0;1.0;47.89704928;-4.08556541;2024-07-21 17:20:00
202400035939.0;1;11;11069;2;1;1.0;3.0;43.204117;2.3866436;2024-08-28 19:35:00
202400035940.0;1;22;22045;1;9;1.0;3.0;48.465907;-2.948263;2024-07-21 11:10:00
202400035941.0;2;62;62543;2;1;1.0;6.0;50.63487845;2.2966051;2024-07-20 20:30:00
202400035942.0;1;11;11069;2;3;1.0;3.0;43.21109;2.34962;2024-08-27 09:05:00
202400035943.0;1;13;13203;1;1;1.0;7.0;43.31843;5.36815;2024-07-21 16:55:00
202400035944.0;1;11;11069;2;9;1.0;2.0;43.22601;2.32851;2024-08-26 12:00:00
202400035945.0;1;7;7281;1;1;1.0;7.0;44.95209;4.82109;2024-08-28 12:50:00
202400035946.0;3;33;33096;1;1;2.0;2.0;44.8969265;-0.4961402;2024-07-21 05:34:00
202400035947.0;1;6;6027;2;9;1.0;3.0;43.65382;7.1473;2024-08-28 07:35:00
202400035948.0;1;91;91689;1;1;1.0;3.0;48.74373;2.32368;2024-07-21 16:00:00
202400035949.0;1;75;75114;2;1;1.0;5.0;48.820099;2.325741;2024-08-27 17:35:00
202400035950.0;1;75;75112;2;1;1.0;2.0;48.830171;2.402188;2024-08-26 16:30:00
202400035951.0;3;94;94038;1;1;1.0;2.0;48.77283937;2.34531721;2024-07-20 23:27:00
202400035952.0;5;75;75120;2;2;1.0;6.0;48.862961;2.38717;2024-08-28 02:00:00
202400035953.0;1;75;75119;2;2;1.0;7.0;48.877694;2.381288;2024-08-28 13:25:00
202400035954.0;2;91;91471;1;1;1.0;7.0;48.70008632;2.19252884;2024-07-20 21:20:00
202400035955.0;1;75;75113;2;2;1.0;6.0;48.819152;2.359455;2024-08-28 11:00:00
202400035956.0;1;92;92063;1;1;8.0;6.0;48.87235454;2.1566788;2024-07-21 08:20:00
202400035957.0;1;75;75111;2;2;1.0;3.0;48.866326;2.368937;2024-08-28 16:15:00
202400035958.0;5;92;92050;1;1;1.0;3.0;48.90003871;2.21071229;2024-07-20 22:00:00
202400035959.0;1;75;75103;2;1;1.0;3.0;48.86869;2.357486;2024-08-28 19:50:00
202400035960.0;3;78;78217;1;1;1.0;6.0;48.96535;1.80899;2024-07-19 21:50:00
202400035961.0;1;75;75110;2;7;1.0;3.0;48.877724;2.370094;2024-08-28 15:40:00