Num_Acc;lum;departement;commune;agglomeration;intersection;meteo;type_collision;lat;long;date
202400035962.0;1;95;95641;1;1;1.0;6.0;49.06499621;2.55266941;2024-07-21 20:00:00
202400035963.0;1;75;75108;2;2;1.0;1.0;48.8752;2.32389;2024-08-28 13:10:00
202400035964.0;1;93;93013;1;1;2.0;4.0;48.94050977;2.42392812;2024-07-21 14:00:00
202400035965.0;5;75;75104;2;7;1.0;3.0;48.852982;2.36862;2024-08-28 04:05:00
202400035966.0;1;93;93005;1;1;1.0;7.0;48.95598293;2.47342937;2024-07-21 12:30:00
202400035967.0;1;94;94081;2;1;1.0;3.0;48.781473;2.381971;2024-08-27 15:50:00
202400035968.0;1;93;93066;1;1;1.0;2.0;48.91030991;2.35797606;2024-07-21 10:40:00
202400035969.0;1;95;95582;1;1;1.0;6.0;48.97595969;2.24215631;2024-07-21 07:05:00
202400035970.0;1;94;94041;2;1;1.0;1.0;48.81506215;2.39148726;2024-08-28 19:30:00
202400035971.0;1;94;94065;1;1;1.0;2.0;48.75384;2.36577;2024-08-28 10:00:00
202400035972.0;4;93;93066;1;1;1.0;2.0;48.93395618;2.38339584;2024-07-20 23:20:00
202400035973.0;1;94;94017;2;1;1.0;2.0;48.81364743;2.48565745;2024-08-27 13:25:00
202400035974.0;1;93;93013;1;1;1.0;2.0;48.94076741;2.42507543;2024-07-20 17:10:00
202400035975.0;1;94;94004;2;3;1.0;3.0;48.75448;2.50612;2024-08-28 20:10:00
202400035976.0;1;95;95018;1;1;1.0;3.0;48.95921809;2.27331352;2024-07-20 13:35:00
202400035977.0;2;94;94011;2;3;1.0;3.0;48.763959;2.493239;2024-08-28 06:30:00
202400035978.0;1;93;93066;1;1;1.0;4.0;48.93382508;2.38399565;2024-07-19 18:00:00
202400035979.0;1;93;93066;2;1;1.0;2.0;48.9416422;2.35800551;2024-08-28 18:11:00
202400035980.0;3;77;77249;1;1;2.0;2.0;48.753753;2.614867;2024-07-21 01:30:00
202400035981.0;1;93;93064;2;9;7.0;3.0;48.87744026;2.47991946;2024-08-27 16:40:00
202400035982.0;1;94;94069;1;1;1.0;7.0;48.81650485;2.45252483;2024-07-20 20:20:00
202400035983.0;1;77;77258;1;1;1.0;2.0;48.831701;2.645724;2024-07-19 16:20:00
202400035984.0;1;93;93027;2;3;1.0;3.0;48.92723174;2.41740704;2024-08-28 13:40:00
202400035985.0;1;92;92022;2;1;1.0;6.0;48.80441;2.1889;2024-08-27 14:45:00
202400035986.0;1;45;45291;1;1;1.0;1.0;47.674404;2.637105;2024-04-19 07:44:00
202400035987.0;1;92;92050;2;1;1.0;6.0;48.88742206;2.20717818;2024-08-28 18:50:00
202400035988.0;1;74;74256;1;1;1.0;7.0;45.932091;6.63065;2024-05-20 15:45:00
202400035989.0;1;92;92049;2;1;1.0;3.0;48.81893239;2.31694901;2024-08-28 08:55:00
202400035990.0;3;74;74256;1;1;3.0;5.0;45.922573;6.635544;2024-05-19 22:10:00
202400035991.0;1;92;92040;2;1;1.0;6.0;48.83244544;2.26319768;2024-08-28 09:30:00
202400035992.0;1;74;74298;2;1;1.0;2.0;46.19047;6.25112;2024-05-18 13:00:00
202400035993.0;5;92;92036;2;1;1.0;6.0;48.92063164;2.32429314;2024-08-27 23:00:00
202400035994.0;1;74;74305;2;9;1.0;3.0;46.20699;6.2795;2024-05-18 11:15:00
202400035995.0;5;92;92025;2;2;1.0;3.0;48.91453024;2.22917694;2024-08-28 23:00:00
202400035996.0;1;74;74012;2;9;1.0;3.0;46.19309;6.2375;2024-05-17 18:00:00
202400035997.0;1;68;68315;2;4;1.0;2.0;47.892809;7.225893;2024-08-28 17:40:00
202400035998.0;1;74;74267;2;1;1.0;2.0;45.86128;6.141567;2024-05-17 16:20:00
202400035999.0;3;30;30209;1;1;1.0;7.0;44.012231;4.750278;2024-08-28 22:15:00
202400036000.0;1;74;74275;1;1;1.0;1.0;45.80514;6.231823;2024-05-14 09:15:00
202400036001.0;1;51;51210;2;1;1.0;7.0;49.065712;3.96365;2024-08-29 18:55:00
202400036002.0;3;74;74104;1;1;1.0;3.0;45.773188;6.239097;2024-05-11 23:05:00
202400036003.0;1;76;76755;2;1;1.0;6.0;49.694172;0.533499;2024-08-28 10:20:00
202400036004.0;1;74;74032;1;4;1.0;2.0;46.266124;6.536989;2024-05-11 15:35:00
202400036005.0;1;76;76648;1;1;1.0;7.0;49.658294;1.256111;2024-08-28 14:25:00
202400036006.0;1;76;76152;1;1;1.0;7.0;49.584403;1.222326;2024-08-29 16:10:00
202400036007.0;1;74;74233;1;9;1.0;3.0;45.808783;5.982994;2024-05-11 14:27:00
202400036008.0;1;65;65025;2;1;1.0;2.0;43.005416;-0.098727;2024-08-27 14:20:00
202400036009.0;3;71;71014;1;1;1.0;6.0;46.932164;4.296824;2024-08-28 21:30:00
202400036010.0;5;92;92025;2;2;1.0;3.0;48.91183993;2.23269403;2024-07-20 00:08:00
202400036011.0;1;92;92073;2;1;1.0;6.0;48.87647285;2.23077877;2024-07-19 17:29:00
202400036012.0;1;22;22166;2;1;1.0;7.0;48.837177;-3.278246;2024-08-13 17:00:00
202400036013.0;1;22;22004;2;1;1.0;6.0;48.634281;-3.318405;2024-08-27 07:30:00
202400036014.0;5;44;44190;2;6;8.0;6.0;47.20579174;-1.49718243;2024-07-11 23:17:00
202400036015.0;3;39;39576;1;1;1.0;7.0;46.605111;5.478562;2024-08-28 21:00:00
202400036016.0;5;974;97411;2;1;1.0;7.0;-20.89367;55.4703;2024-07-20 03:10:00
202400036017.0;5;973;97302;2;6;1.0;7.0;4.94126714;-52.32130641;2024-07-20 01:35:00
202400036018.0;1;29;29037;2;6;1.0;3.0;47.88434837;-4.15675775;2024-08-28 18:25:00
202400036019.0;1;971;97113;1;1;1.0;6.0;16.20452;-61.47146;2024-07-20 12:20:00
202400036020.0;1;31;31145;1;1;1.0;2.0;43.289889;1.536627;2024-08-27 14:50:00
202400036021.0;1;2A;2A004;2;3;1.0;3.0;41.91917;8.73693;2024-07-20 20:00:00
202400036022.0;1;95;95585;2;1;1.0;2.0;48.98614;2.38872;2024-07-20 13:30:00
202400036023.0;1;2;2073;2;1;1.0;3.0;49.394888;3.903993;2024-08-28 12:30:00
202400036024.0;3;72;72234;1;1;1.0;6.0;48.19305776;-0.01667588;2024-08-25 23:40:00
202400036025.0;5;95;95539;2;2;1.0;3.0;48.99148634;2.36058728;2024-07-19 22:00:00
202400036026.0;1;14;14318;2;2;1.0;6.0;49.337122;-0.478115;2024-08-28 15:45:00
202400036027.0;3;95;95252;2;6;1.0;6.0;48.98429;2.23661;2024-07-20 02:30:00
202400036028.0;1;5;5124;1;3;1.0;3.0;44.57771;6.132474;2024-08-29 16:00:00
202400036029.0;1;85;85194;2;2;7.0;1.0;46.4915;-1.75679;2024-07-19 18:50:00
202400036030.0;1;5;5054;1;1;1.0;3.0;44.670858;6.07618;2024-08-28 17:51:00
202400036031.0;1;45;45224;2;6;1.0;1.0;48.070036;2.068056;2024-04-03 14:35:00
202400036032.0;1;84;84087;1;6;1.0;3.0;44.11871;4.83747;2024-07-20 19:25:00
202400036033.0;1;83;83137;2;4;1.0;1.0;43.12637;5.95149;2024-07-20 09:50:00
202400036034.0;1;73;73240;2;4;1.0;3.0;45.482224;6.066352;2024-08-29 12:25:00
202400036035.0;1;82;82121;2;1;1.0;1.0;44.05028221;1.29654157;2024-07-19 09:00:00
202400036036.0;1;73;73164;1;3;1.0;3.0;45.68052;5.997967;2024-08-29 16:21:00
202400036037.0;1;10;10351;1;1;1.0;1.0;48.430176;3.682051;2024-08-28 17:30:00
202400036038.0;5;78;78498;2;4;1.0;3.0;48.93313;2.03883;2024-07-20 22:00:00
202400036039.0;1;7;7301;1;1;1.0;7.0;45.076123;4.67052;2024-08-28 11:00:00
202400036040.0;1;24;24095;1;1;1.0;1.0;45.493774;0.946283;2024-08-26 13:00:00
202400036041.0;1;76;76540;2;1;7.0;3.0;49.43625;1.13635;2024-07-19 14:50:00
202400036042.0;1;27;27284;2;1;7.0;6.0;49.279841;1.775386;2024-08-28 08:48:00
202400036043.0;1;72;72181;2;1;1.0;3.0;47.98908;0.20829;2024-07-20 19:40:00
202400036044.0;1;69;69199;2;9;1.0;3.0;45.69403777;4.84290024;2024-07-20 11:10:00
202400036045.0;1;27;27002;1;2;1.0;3.0;48.773922;1.115633;2024-08-28 17:21:00
202400036046.0;4;68;68166;1;2;1.0;1.0;47.781375;7.329777;2024-07-19 22:37:00
202400036047.0;1;974;97418;2;9;1.0;6.0;-20.89595;55.550515;2024-08-29 13:45:00
202400036048.0;1;67;67482;2;1;1.0;6.0;48.57523;7.75717;2024-07-20 17:00:00
202400036049.0;1;3;3158;1;1;1.0;6.0;46.493032;2.660151;2024-08-29 10:45:00
202400036050.0;1;67;67230;1;1;1.0;1.0;48.792953;7.845932;2024-07-19 15:50:00
202400036051.0;1;67;67296;2;4;1.0;3.0;48.61390842;7.69078642;2024-08-27 08:11:00
202400036052.0;1;64;64445;2;6;1.0;3.0;43.30426177;-0.36683008;2024-07-20 12:05:00
202400036053.0;2;973;97309;2;1;2.0;3.0;4.89455;-52.273818;2024-08-28 18:00:00
202400036054.0;5;64;64125;2;1;1.0;6.0;43.454;-1.57361;2024-07-20 00:58:00
202400036055.0;1;64;64102;2;1;1.0;7.0;43.48191;-1.48626;2024-07-20 16:15:00
202400036056.0;1;64;64024;2;1;1.0;2.0;43.48105;-1.53505;2024-07-20 11:55:00
202400036057.0;1;60;60494;1;1;1.0;2.0;49.133662;2.56461;2024-08-28 19:05:00
202400036058.0;1;62;62048;2;3;1.0;6.0;50.50283748;2.4709121;2024-07-19 20:18:00
202400036059.0;1;974;97412;2;1;1.0;6.0;-21.379247;55.624482;2024-08-28 13:10:00
202400036060.0;1;58;58194;2;2;1.0;3.0;46.98993;3.16845;2024-07-20 14:35:00
202400036061.0;5;973;97304;2;1;1.0;6.0;5.16301;-52.645471;2024-08-28 20:30:00
202400036062.0;1;51;51454;2;2;1.0;3.0;49.26291;4.03557;2024-07-19 17:04:00
202400036063.0;1;51;51108;2;6;1.0;3.0;48.95505;4.35569;2024-07-19 19:17:00
202400036064.0;1;66;66182;2;1;1.0;6.0;42.738526;3.033385;2024-08-28 16:05:00
202400036065.0;1;49;49007;2;1;1.0;3.0;47.47208;-0.59245;2024-07-20 18:30:00
202400036066.0;3;49;49267;1;1;1.0;7.0;47.4892;-0.46536;2024-07-20 03:45:00
202400036067.0;1;34;34157;2;2;1.0;3.0;43.428065;3.606112;2024-08-25 19:35:00
202400036068.0;3;45;45232;2;1;1.0;6.0;47.847552;1.913331;2024-07-19 23:00:00
202400036069.0;1;25;25284;2;1;1.0;6.0;47.532705;6.815236;2024-08-28 19:00:00
202400036070.0;1;45;45208;2;1;1.0;2.0;48.00543;2.73852;2024-07-20 18:38:00
202400036071.0;3;88;88177;1;1;1.0;1.0;48.062273;6.720143;2024-08-27 21:35:00
202400036072.0;3;45;45338;1;1;1.0;6.0;47.976049;2.719046;2024-07-20 01:05:00
202400036073.0;1;88;88027;1;1;1.0;7.0;48.29483;6.531979;2024-08-29 16:44:00
202400036074.0;1;33;33318;2;1;1.0;6.0;44.809;-0.6282;2024-07-19 17:15:00
202400036075.0;1;55;55170;1;1;1.0;7.0;49.360461;5.361088;2024-08-27 12:30:00
202400036076.0;1;33;33162;1;1;1.0;4.0;44.88071;-0.66214;2024-07-19 15:10:00
202400036077.0;1;38;38176;1;1;1.0;7.0;45.642919;5.189018;2024-08-28 18:30:00
202400036078.0;3;38;38061;1;1;1.0;2.0;45.343184;5.608569;2024-08-29 06:00:00
202400036079.0;1;29;29019;2;2;1.0;7.0;48.405838;-4.493566;2024-07-20 18:30:00
202400036080.0;1;18;18279;2;6;1.0;3.0;47.22487;2.06236;2024-07-19 18:10:00
202400036081.0;1;26;26313;2;3;1.0;3.0;44.974385;4.959812;2024-08-28 18:40:00
202400036082.0;1;17;17415;2;1;1.0;2.0;45.74598;-0.66177;2024-07-19 15:25:00
202400036083.0;1;26;26064;2;2;1.0;3.0;44.904371;5.019797;2024-08-24 18:05:00
202400036084.0;1;13;13102;2;6;1.0;1.0;43.4182;5.22897;2024-07-20 19:45:00
202400036085.0;1;33;33233;1;1;1.0;6.0;45.156319;-0.354438;2024-08-28 17:20:00
202400036086.0;1;13;13075;2;1;1.0;3.0;43.34334867;5.45795011;2024-07-20 20:45:00
202400036087.0;1;22;22077;1;2;1.0;3.0;48.5284;-2.422464;2024-08-22 17:00:00
202400036088.0;1;13;13215;2;3;1.0;3.0;43.34531;5.35459;2024-07-19 14:10:00
202400036089.0;1;60;60047;1;1;1.0;7.0;49.159902;2.736433;2024-08-28 19:05:00
202400036090.0;1;11;11069;2;3;1.0;6.0;43.20666;2.35937;2024-07-20 12:10:00
202400036091.0;1;59;59336;2;3;1.0;1.0;50.275648;3.037988;2024-08-28 15:30:00
202400036092.0;1;8;8105;2;1;1.0;1.0;49.79275;4.72582;2024-07-20 20:05:00
202400036093.0;1;13;13015;1;1;1.0;2.0;43.45924983;5.4031623;2024-08-24 15:45:00
202400036094.0;1;67;67482;1;1;1.0;7.0;48.59579;7.74005;2024-08-26 17:40:00
202400036095.0;5;6;6088;2;8;1.0;3.0;43.70241;7.28106;2024-07-20 03:21:00
202400036096.0;1;6;6069;1;1;1.0;7.0;43.649322;6.89882;2024-07-20 16:45:00
202400036097.0;1;59;59094;1;1;1.0;5.0;50.95888503;2.1708544;2024-08-25 18:00:00
202400036098.0;1;6;6029;2;2;1.0;3.0;43.56344;7.01663;2024-07-20 20:25:00
202400036099.0;1;91;91589;1;1;1.0;2.0;48.67409;2.34262;2024-08-28 10:25:00
202400036100.0;1;6;6029;2;1;1.0;2.0;43.550648;7.002792;2024-07-20 12:45:00
202400036101.0;1;6;6029;2;1;1.0;3.0;43.54695;7.03343;2024-07-20 10:15:00
202400036102.0;1;92;92036;1;1;1.0;3.0;48.93411656;2.27089137;2024-08-28 18:22:00
202400036103.0;5;6;6004;2;1;1.0;5.0;43.56606;7.13101;2024-07-20 00:25:00
202400036104.0;1;92;92025;1;1;1.0;4.0;48.92703237;2.23661483;2024-08-27 17:35:00
202400036105.0;5;75;75112;2;1;1.0;5.0;48.837809;2.412957;2024-07-20 01:40:00
202400036106.0;1;75;75116;2;1;1.0;2.0;48.861018;2.264055;2024-07-19 20:59:00
202400036107.0;1;93;93027;1;1;1.0;4.0;48.93637475;2.40695831;2024-08-27 16:00:00
202400036108.0;1;93;93007;1;1;1.0;2.0;48.94453124;2.43819939;2024-08-26 16:50:00
202400036109.0;4;92;92036;1;1;1.0;2.0;48.94131639;2.29193464;2024-08-26 05:50:00
202400036110.0;1;49;49007;2;1;1.0;3.0;47.47419;-0.5559;2024-10-02 09:05:00
202400036111.0;1;94;94069;1;1;1.0;2.0;48.81732948;2.42279649;2024-08-28 17:10:00
202400036112.0;2;49;49015;2;1;2.0;6.0;47.51839;-0.60694;2024-10-01 07:50:00
202400036113.0;1;45;45234;2;3;2.0;3.0;47.914854;1.901335;2024-10-02 15:15:00
202400036114.0;3;56;56078;1;1;1.0;6.0;47.819606;-3.466138;2024-04-01 03:03:00
202400036115.0;2;44;44109;2;9;1.0;3.0;47.26265;-1.56766;2024-10-02 19:35:00
202400036116.0;2;74;74238;1;1;8.0;6.0;46.215135;6.669624;2024-06-22 06:00:00
202400036117.0;1;44;44162;2;1;8.0;6.0;47.213;-1.624;2024-10-02 14:00:00
202400036118.0;1;42;42183;2;4;1.0;3.0;45.40493;4.37085;2024-09-24 19:30:00
202400036119.0;3;74;74263;1;1;1.0;5.0;46.325587;6.353703;2024-03-03 05:40:00
202400036120.0;1;42;42044;2;1;1.0;2.0;45.39541;4.31419;2024-10-02 08:50:00
202400036121.0;1;974;97411;2;1;1.0;3.0;-20.88883;55.48104;2024-08-26 08:07:00
202400036122.0;1;41;41018;2;3;8.0;3.0;47.5607;1.29219;2024-10-02 08:50:00
202400036123.0;1;974;97411;2;3;1.0;3.0;-20.9003;55.4994;2024-08-26 07:20:00
202400036124.0;1;37;37214;2;1;8.0;6.0;47.41831;0.65157;2024-10-02 13:20:00
202400036125.0;5;973;97302;2;2;1.0;3.0;4.92245;-52.31258;2024-08-26 05:01:00
202400036126.0;5;33;33069;2;6;1.0;3.0;44.86173;-0.59707;2024-10-02 06:45:00
202400036127.0;3;973;97302;2;1;1.0;7.0;4.9293647;-52.30875474;2024-08-23 22:10:00
202400036128.0;3;33;33522;2;4;1.0;6.0;44.795322;-0.600271;2024-10-02 04:51:00
202400036129.0;2;69;69388;2;3;1.0;3.0;45.731;4.88585;2024-08-27 06:35:00
202400036130.0;1;33;33063;2;1;1.0;6.0;44.85661;-0.56144;2024-10-01 14:40:00
202400036131.0;1;972;97213;1;1;1.0;1.0;14.62426;-60.98941;2024-08-27 16:35:00
202400036132.0;5;32;32013;2;1;2.0;3.0;43.64905;0.58938;2024-10-02 21:00:00
202400036133.0;2;30;30007;2;1;1.0;3.0;44.14262;4.09212;2024-10-02 19:45:00
202400036134.0;1;972;97213;1;1;1.0;2.0;14.65524;-60.97309;2024-08-27 15:55:00
202400036135.0;1;29;29019;2;1;1.0;6.0;48.392277;-4.490135;2024-10-01 16:05:00
202400036136.0;3;2B;2B120;1;1;1.0;2.0;42.64851;9.44015;2024-08-28 01:10:00
202400036137.0;1;27;27229;2;1;1.0;3.0;49.01798;1.1525;2024-10-01 17:45:00
202400036138.0;3;971;97101;1;2;1.0;3.0;16.29372;-61.49472;2024-08-26 20:45:00
202400036139.0;1;25;25056;2;1;1.0;2.0;47.22555556;5.97527778;2024-10-02 16:30:00
202400036140.0;3;971;97113;1;1;9.0;1.0;16.2157;-61.42281;2024-08-24 01:55:00
202400036141.0;1;22;22278;2;3;1.0;1.0;48.51521;-2.73795;2024-10-02 14:42:00
202400036142.0;1;95;95268;2;4;1.0;1.0;48.95973776;2.39905823;2024-08-27 07:08:00
202400036143.0;5;13;13071;2;4;1.0;5.0;43.41128711;5.31233137;2024-10-02 20:45:00
202400036144.0;1;95;95219;2;1;7.0;3.0;48.99321228;2.26454885;2024-08-27 17:30:00
202400036145.0;1;13;13103;2;3;1.0;3.0;43.62208;5.09909;2024-10-02 08:30:00
202400036146.0;5;13;13213;2;9;1.0;1.0;43.31674;5.40812;2024-10-02 20:50:00
202400036147.0;1;91;91425;2;1;1.0;3.0;48.64384;2.26978;2024-08-27 10:00:00
202400036148.0;5;13;13213;2;2;1.0;3.0;43.32222;5.41266;2024-10-02 21:22:00
202400036149.0;1;87;87085;2;3;1.0;3.0;45.81745;1.25264;2024-08-26 16:43:00
202400036150.0;5;13;13211;2;6;1.0;3.0;43.28997882;5.47717452;2024-10-02 21:00:00
202400036151.0;1;86;86194;2;2;1.0;3.0;46.55606;0.308636;2024-08-26 12:40:00
202400036152.0;1;13;13210;2;1;1.0;2.0;43.28551;5.39868;2024-10-02 18:37:00
202400036153.0;1;80;80702;1;1;1.0;7.0;49.85979;2.31023;2024-08-26 11:55:00
202400036154.0;1;13;13216;2;1;1.0;2.0;43.34774;5.34538;2024-10-02 18:10:00
202400036155.0;5;13;13202;2;1;1.0;2.0;43.327;5.35586;2024-10-01 21:35:00
202400036156.0;1;79;79329;2;3;1.0;3.0;46.98494;-0.22608;2024-08-27 14:00:00
202400036157.0;1;77;77186;1;1;1.0;7.0;48.36146;2.6688;2024-08-25 19:15:00
202400036158.0;1;13;13001;2;7;1.0;6.0;43.52593;5.44504;2024-10-02 13:30:00
202400036159.0;5;76;76575;1;2;1.0;1.0;49.38114112;1.10959646;2024-08-27 22:15:00
202400036160.0;5;12;12176;2;4;1.0;3.0;44.36241;2.58835;2024-09-23 21:10:00
202400036161.0;1;12;12202;2;1;1.0;6.0;44.35925;2.5921;2024-09-19 15:25:00
202400036162.0;1;76;76351;1;6;1.0;3.0;49.53205;0.09621;2024-08-26 17:15:00
202400036163.0;1;10;10387;2;1;1.0;6.0;48.29664;4.08556;2024-09-30 13:44:00
202400036164.0;1;6;6029;2;1;1.0;5.0;43.54839;7.00949;2024-10-02 11:35:00
202400036165.0;1;70;70513;1;1;1.0;1.0;47.64609;6.09365;2024-08-27 11:25:00
202400036166.0;1;5;5061;2;4;1.0;3.0;44.5341;6.07002;2024-09-10 19:10:00
202400036167.0;5;67;67482;2;1;1.0;7.0;48.58988;7.75715;2024-08-26 23:30:00
202400036168.0;1;5;5061;2;1;1.0;6.0;44.56204;6.08373;2024-09-29 12:15:00
202400036169.0;2;5;5061;2;3;1.0;3.0;44.54999;6.06857;2024-09-13 06:54:00
202400036170.0;1;67;67482;2;3;1.0;3.0;48.57314;7.750058;2024-08-26 13:20:00
202400036171.0;1;2;2722;2;2;1.0;3.0;49.38462;3.31947;2024-09-27 17:50:00
202400036172.0;1;66;66136;1;1;1.0;3.0;42.68136;2.87831;2024-08-27 07:45:00
202400036173.0;1;75;75119;2;2;8.0;3.0;48.89874;2.37109;2024-10-02 09:15:00
202400036174.0;1;64;64102;2;6;1.0;3.0;43.49834;-1.49362;2024-08-27 18:37:00
202400036175.0;1;75;75118;2;4;2.0;2.0;48.89862;2.364316;2024-10-02 13:40:00
202400036176.0;1;64;64102;2;3;1.0;2.0;43.4882;-1.45994;2024-08-27 08:30:00
202400036177.0;5;75;75118;2;1;1.0;3.0;48.890663;2.330684;2024-10-01 23:15:00
202400036178.0;1;62;62737;2;1;1.0;2.0;50.44871;2.68284;2024-08-27 17:00:00
202400036179.0;1;62;62498;2;1;1.0;6.0;50.42922019;2.83684391;2024-08-26 16:01:00
202400036180.0;5;75;75117;2;1;1.0;3.0;48.883656;2.301024;2024-10-02 19:30:00
202400036181.0;1;62;62193;2;1;1.0;6.0;50.94857005;1.85678995;2024-08-27 09:20:00
202400036182.0;1;75;75117;2;3;2.0;6.0;48.893563;2.311798;2024-10-02 11:50:00
202400036183.0;1;75;75112;2;2;1.0;1.0;48.833703;2.382488;2024-10-02 18:10:00
202400036184.0;2;61;61001;2;6;1.0;3.0;48.434072;0.094075;2024-08-27 20:34:00
202400036185.0;1;59;59599;2;1;1.0;6.0;50.734057;3.161372;2024-08-27 17:45:00
202400036186.0;2;75;75112;2;7;8.0;6.0;48.84498882;2.40191281;2024-10-02 18:35:00
202400036187.0;1;75;75109;2;2;1.0;3.0;48.879503;2.333782;2024-10-02 14:40:00
202400036188.0;1;59;59360;2;3;1.0;3.0;50.59675774;3.03778185;2024-08-27 15:15:00
202400036189.0;1;75;75108;2;2;1.0;6.0;48.868417;2.301161;2024-10-02 08:41:00
202400036190.0;1;59;59569;2;1;1.0;3.0;50.34277;3.09775;2024-08-26 20:00:00
202400036191.0;1;75;75107;2;4;2.0;3.0;48.862557;2.319003;2024-10-02 11:50:00
202400036192.0;1;58;58194;2;3;1.0;3.0;46.99511;3.12631;2024-08-27 16:10:00
202400036193.0;1;75;75104;2;3;1.0;7.0;48.855176;2.360507;2024-10-02 18:45:00
202400036194.0;1;58;58194;2;3;1.0;1.0;47.00004;3.16939;2024-08-27 10:10:00
202400036195.0;1;94;94081;2;1;2.0;6.0;48.79375605;2.39620024;2024-10-02 11:45:00
202400036196.0;1;56;56098;2;1;1.0;7.0;47.76255;-3.356932;2024-08-26 20:13:00
202400036197.0;1;54;54184;2;1;1.0;7.0;48.71029614;6.24347448;2024-08-26 12:50:00
202400036198.0;1;94;94065;1;3;1.0;3.0;48.757642;2.359274;2024-10-02 16:25:00
202400036199.0;1;51;51242;2;1;1.0;3.0;48.94935;4.33282;2024-08-27 18:50:00
202400036200.0;1;93;93066;2;1;2.0;3.0;48.92988421;2.36195322;2024-10-02 10:05:00
202400036201.0;4;93;93055;2;1;2.0;1.0;48.89684;2.40299;2024-10-02 07:10:00
202400036202.0;1;50;50129;2;4;1.0;3.0;49.63481;-1.62686;2024-08-26 14:20:00
202400036203.0;5;93;93053;2;3;3.0;6.0;48.89331336;2.470768;2024-09-21 01:35:00
202400036204.0;1;49;49267;1;2;1.0;3.0;47.46934;-0.4656;2024-08-26 17:02:00
202400036205.0;1;67;67339;1;1;1.0;6.0;48.87602957;7.96105385;2024-06-20 17:45:00
202400036206.0;2;33;33483;2;1;1.0;1.0;44.908482;-0.390286;2024-06-20 06:00:00
202400036207.0;5;93;93051;2;1;1.0;2.0;48.83224;2.55473;2024-10-02 19:55:00
202400036208.0;1;49;49007;2;3;1.0;3.0;47.48901;-0.51922;2024-08-26 16:49:00
202400036209.0;2;33;33376;1;1;8.0;1.0;44.928867;-0.710385;2024-06-20 06:50:00
202400036210.0;5;45;45232;2;2;1.0;3.0;47.8462;1.92778;2024-08-27 22:00:00
202400036211.0;1;72;72223;2;1;7.0;6.0;47.86886;-0.09652;2024-05-27 20:25:00
202400036212.0;5;93;93006;2;2;1.0;3.0;48.87084014;2.41754869;2024-10-01 23:50:00
202400036213.0;1;22;22343;2;1;1.0;6.0;48.772362;-3.575229;2024-06-21 15:00:00
202400036214.0;5;93;93029;2;1;1.0;3.0;48.92003651;2.45181799;2024-10-02 22:50:00
202400036215.0;1;22;22178;1;1;1.0;6.0;48.699114;-3.025361;2024-06-19 16:30:00
202400036216.0;1;35;35206;2;3;1.0;2.0;48.08143829;-1.68116938;2024-08-27 14:30:00
202400036217.0;1;33;33039;2;1;1.0;6.0;44.8077;-0.54766;2024-08-27 09:00:00
202400036218.0;1;92;92063;2;1;2.0;3.0;48.8631778;2.1753822;2024-10-02 10:30:00
202400036219.0;1;22;22162;1;1;1.0;1.0;48.765652;-3.0445;2024-06-20 19:45:00
202400036220.0;4;33;33013;1;1;1.0;2.0;44.868754;-0.499771;2024-08-26 23:30:00
202400036221.0;1;92;92073;2;3;8.0;3.0;48.87373711;2.23626003;2024-10-02 13:40:00
202400036222.0;1;35;35087;1;3;1.0;1.0;48.085383;-1.325548;2024-06-20 19:38:00
202400036223.0;1;92;92050;2;3;1.0;3.0;48.90045;2.22377479;2024-10-02 18:15:00
202400036224.0;3;60;60089;1;2;1.0;1.0;49.202682;1.880443;2024-06-16 23:20:00
202400036225.0;1;33;33281;1;1;1.0;5.0;44.81504;-0.68353;2024-08-26 15:00:00
202400036226.0;1;92;92048;2;1;2.0;2.0;48.80907791;2.23618226;2024-10-02 11:15:00
202400036227.0;1;80;80288;1;1;3.0;6.0;49.880478;2.836404;2024-06-21 09:00:00
202400036228.0;1;33;33013;2;1;1.0;2.0;44.85979;-0.49777;2024-08-26 14:30:00
202400036229.0;1;92;92040;2;1;1.0;3.0;48.8239;2.25609;2024-10-02 14:45:00
202400036230.0;1;62;62318;1;1;1.0;1.0;50.532498;1.625826;2024-06-21 13:50:00
202400036231.0;1;33;33249;2;1;1.0;6.0;44.8645;-0.520667;2024-08-26 10:00:00
202400036232.0;1;92;92036;2;1;1.0;4.0;48.94895035;2.28718176;2024-10-02 14:20:00
202400036233.0;5;59;59422;2;6;1.0;6.0;50.19943;3.312716;2024-06-18 02:43:00
202400036234.0;1;28;28085;2;4;1.0;3.0;48.45412066;1.48773819;2024-08-27 10:00:00
202400036235.0;1;59;59221;2;6;3.0;1.0;50.319438;3.514667;2024-06-21 10:50:00
202400036236.0;1;92;92012;2;1;1.0;3.0;48.84330461;2.2318688;2024-10-02 17:05:00
202400036237.0;2;22;22278;2;1;1.0;3.0;48.51215;-2.75203;2024-08-27 08:06:00
202400036238.0;1;13;13088;1;1;1.0;4.0;43.39134;5.25011;2024-06-19 12:15:00
202400036239.0;1;63;63026;1;1;2.0;1.0;45.62605754;2.98819146;2024-10-03 13:30:00
202400036240.0;3;18;18267;2;9;1.0;7.0;47.05036;2.37932;2024-08-27 03:20:00
202400036241.0;1;2A;2A108;1;1;1.0;6.0;42.264162;8.833759;2024-09-30 15:55:00
202400036242.0;1;1;1275;1;1;1.0;2.0;45.808255;4.919255;2024-06-16 17:40:00
202400036243.0;5;13;13211;2;1;1.0;3.0;43.29274414;5.42483781;2024-08-27 23:45:00
202400036244.0;1;2A;2A258;1;1;1.0;7.0;42.210481;8.82024;2024-10-01 16:20:00