Num_Acc;lum;departement;commune;agglomeration;intersection;meteo;type_collision;lat;long;date
202400036245.0;1;33;33143;1;1;1.0;2.0;44.968808;-0.436622;2024-06-20 17:20:00
202400036246.0;1;12;12145;2;1;1.0;3.0;44.103277;3.092322;2024-08-26 17:45:00
202400036247.0;3;35;35172;1;2;1.0;3.0;48.43339;-1.834663;2024-10-02 21:05:00
202400036248.0;1;33;33039;1;1;1.0;7.0;44.79729;-0.53813;2024-06-19 08:00:00
202400036249.0;3;11;11069;1;1;1.0;2.0;43.204284;2.411055;2024-08-27 05:30:00
202400036250.0;3;68;68088;1;1;1.0;6.0;47.85113169;7.27474763;2024-10-02 06:40:00
202400036251.0;1;59;59383;1;1;1.0;4.0;50.33838;3.52733;2024-06-19 07:58:00
202400036252.0;1;56;56052;2;2;1.0;6.0;47.517567;-2.600766;2024-10-03 12:45:00
202400036253.0;1;10;10297;2;3;1.0;3.0;48.3242;4.1048;2024-08-26 17:23:00
202400036254.0;1;91;91339;1;1;1.0;3.0;48.6278;2.25856;2024-06-20 20:20:00
202400036255.0;1;10;10387;2;1;1.0;6.0;48.3021;4.0635;2024-08-26 13:20:00
202400036256.0;1;56;56206;1;1;1.0;5.0;47.690157;-2.729266;2024-10-01 18:15:00
202400036257.0;1;91;91286;1;1;1.0;5.0;48.65441;2.38031;2024-06-20 09:00:00
202400036258.0;1;7;7186;2;1;1.0;7.0;44.717;4.613;2024-08-26 16:30:00
202400036259.0;3;79;79137;1;1;2.0;2.0;46.243115;-0.466876;2024-10-01 07:10:00
202400036260.0;1;94;94065;1;1;1.0;2.0;48.75508805;2.3449117;2024-06-20 10:10:00
202400036261.0;1;2A;2A085;1;1;1.0;3.0;41.914917;8.885386;2024-10-01 11:05:00
202400036262.0;5;6;6004;2;1;1.0;3.0;43.573649;7.088926;2024-08-23 23:48:00
202400036263.0;1;91;91692;1;1;1.0;2.0;48.67188;2.19403;2024-06-20 07:45:00
202400036264.0;1;89;89151;1;2;2.0;2.0;48.115697;3.150073;2024-10-02 17:30:00
202400036265.0;1;3;3095;2;3;1.0;3.0;46.1342;3.45523;2024-08-25 11:10:00
202400036266.0;1;92;92023;1;1;1.0;2.0;48.77613557;2.22877679;2024-06-19 08:35:00
202400036267.0;1;1;1289;1;1;7.0;7.0;46.16953;5.18498;2024-08-27 16:22:00
202400036268.0;1;93;93006;1;1;8.0;3.0;48.86723765;2.42630063;2024-06-20 15:55:00
202400036269.0;1;34;34051;2;2;7.0;3.0;43.601523;3.487118;2024-10-03 11:45:00
202400036270.0;1;75;75114;2;1;1.0;2.0;48.824004;2.307669;2024-08-27 12:35:00
202400036271.0;1;25;25082;1;1;1.0;2.0;47.423239;6.780474;2024-10-02 17:00:00
202400036272.0;1;93;93007;1;1;1.0;4.0;48.95037545;2.44884564;2024-06-20 13:50:00
202400036273.0;1;75;75117;2;1;1.0;2.0;48.883329;2.28432;2024-08-26 16:00:00
202400036274.0;1;93;93027;1;1;8.0;2.0;48.92544125;2.39584565;2024-06-19 17:30:00
202400036275.0;1;75;75114;2;1;1.0;2.0;48.819703;2.326987;2024-08-27 08:00:00
202400036276.0;3;35;35021;1;1;1.0;2.0;48.355557;-1.175419;2024-10-01 21:20:00
202400036277.0;1;93;93005;1;1;8.0;2.0;48.95091347;2.47454259;2024-06-19 09:20:00
202400036278.0;1;29;29014;1;1;2.0;6.0;48.495348;-3.639216;2024-10-02 14:10:00
202400036279.0;1;77;77083;1;1;1.0;2.0;48.832272;2.59931;2024-06-20 07:20:00
202400036280.0;1;44;44109;2;1;8.0;6.0;47.2187551;-1.58738345;2024-06-10 06:58:00
202400036281.0;1;72;72241;2;1;1.0;6.0;48.04879;0.409654;2024-10-03 08:45:00
202400036282.0;1;5;5036;1;1;1.0;3.0;44.618539;6.533175;2024-10-03 09:20:00
202400036283.0;3;13;13211;1;1;1.0;3.0;43.2943;5.4593;2024-01-08 17:34:00
202400036284.0;1;50;50347;1;1;1.0;1.0;48.517132;-1.279888;2024-10-03 08:20:00
202400036285.0;5;987;98735;2;2;1.0;3.0;-17.53243;-149.56782;2024-06-14 04:32:00
202400036286.0;1;64;64495;1;1;3.0;1.0;43.38647;-1.564533;2024-10-02 09:00:00
202400036287.0;1;974;97411;2;1;1.0;6.0;-20.88564;55.45147;2024-06-19 13:00:00
202400036288.0;2;18;18223;1;1;1.0;7.0;47.199201;2.391074;2024-10-03 19:20:00
202400036289.0;1;43;43051;2;1;1.0;6.0;45.061239;4.302531;2024-10-02 11:15:00
202400036290.0;5;974;97411;2;2;1.0;3.0;-20.88264;55.45137;2024-06-18 22:00:00
202400036291.0;1;36;36241;1;1;1.0;6.0;46.857814;1.518645;2024-09-28 19:25:00
202400036292.0;1;973;97302;2;1;1.0;3.0;4.93856;-52.32047;2024-06-19 07:00:00
202400036293.0;1;69;69383;2;1;1.0;6.0;45.74863;4.87241;2024-06-19 08:17:00
202400036294.0;1;7;7292;1;2;1.0;3.0;45.16881454;4.69383494;2024-10-01 17:45:00
202400036295.0;1;53;53073;1;1;1.0;7.0;47.80293753;-1.09531719;2024-10-02 11:25:00
202400036296.0;1;971;97101;1;1;1.0;2.0;16.25158;-61.51582;2024-06-19 11:43:00
202400036297.0;1;95;95063;2;1;1.0;3.0;48.92957503;2.21359379;2024-06-19 07:49:00
202400036298.0;1;87;87085;1;6;1.0;6.0;45.8685;1.27827;2024-06-18 12:20:00
202400036299.0;1;40;40233;1;1;2.0;3.0;43.591824;-1.008711;2024-10-02 13:15:00
202400036300.0;1;87;87085;2;3;1.0;6.0;45.82581;1.25068;2024-06-17 09:11:00
202400036301.0;1;24;24371;1;1;8.0;6.0;45.20312795;0.52392662;2024-09-30 16:05:00
202400036302.0;1;83;83137;2;1;1.0;6.0;43.12523;5.93093;2024-06-19 08:55:00
202400036303.0;1;4;4208;1;1;1.0;6.0;43.992984;5.557473;2024-10-03 11:45:00
202400036304.0;1;81;81004;2;1;1.0;6.0;43.93506;2.14594;2024-06-19 10:15:00
202400036305.0;1;78;78146;2;2;1.0;3.0;48.90248;2.15186;2024-06-19 18:00:00
202400036306.0;1;4;4192;1;1;1.0;1.0;43.879989;5.703755;2024-10-02 11:45:00
202400036307.0;1;73;73029;1;1;1.0;6.0;45.56813;5.94227;2024-06-19 07:20:00
202400036308.0;1;85;85193;1;3;1.0;6.0;46.5307;-1.277257;2024-08-23 18:50:00
202400036309.0;4;72;72181;2;2;2.0;3.0;47.97367;0.17361;2024-06-18 05:40:00
202400036310.0;1;52;52118;1;1;1.0;1.0;48.47819207;5.12092166;2024-10-03 10:50:00
202400036311.0;1;71;71270;2;6;7.0;3.0;46.29772;4.82141;2024-06-19 09:40:00
202400036312.0;1;8;8170;1;2;2.0;3.0;49.7911;4.960949;2024-09-26 13:50:00
202400036313.0;1;69;69264;2;1;1.0;6.0;45.99652;4.73447;2024-06-19 16:05:00
202400036314.0;1;69;69091;2;7;1.0;3.0;45.58584252;4.76392497;2024-06-19 13:00:00
202400036315.0;1;973;97309;2;1;1.0;3.0;4.906148;-52.273014;2024-10-02 13:10:00
202400036316.0;1;67;67482;2;8;1.0;6.0;48.58460402;7.75793552;2024-06-18 14:34:00
202400036317.0;1;6;6152;1;6;1.0;3.0;43.616608;7.038119;2024-09-30 08:50:00
202400036318.0;1;67;67482;2;1;1.0;3.0;48.58667852;7.7438212;2024-06-18 08:55:00
202400036319.0;1;69;69027;2;9;1.0;3.0;45.66659656;4.75759491;2024-09-20 13:44:00
202400036320.0;1;64;64545;1;1;1.0;3.0;43.39230615;-1.69582396;2024-06-19 18:40:00
202400036321.0;1;14;14032;1;1;1.0;2.0;49.29963578;0.25912878;2024-10-03 11:05:00
202400036322.0;1;64;64445;2;1;8.0;3.0;43.3021;-0.35531;2024-06-19 08:20:00
202400036323.0;1;987;98750;1;1;1.0;1.0;-16.821;-151.404;2024-10-02 16:05:00
202400036324.0;1;64;64102;2;1;1.0;3.0;43.49534;-1.49441;2024-06-18 18:23:00
202400036325.0;1;2A;2A215;2;1;1.0;7.0;41.489364;9.059598;2024-10-03 17:15:00
202400036326.0;1;59;59350;2;9;1.0;6.0;50.62416;3.0626;2024-06-19 18:30:00
202400036327.0;1;57;57601;1;1;2.0;1.0;49.111464;6.055554;2024-10-02 08:45:00
202400036328.0;1;59;59220;2;9;7.0;6.0;50.609735;3.067073;2024-06-11 19:30:00
202400036329.0;3;63;63226;1;1;1.0;7.0;45.742715;3.232834;2024-09-14 04:45:00
202400036330.0;2;56;56121;2;6;1.0;3.0;47.7471793;-3.376413;2024-06-24 22:24:00
202400036331.0;1;56;56121;2;1;1.0;2.0;47.75663;-3.37772;2024-06-18 17:50:00
202400036332.0;1;42;42304;2;1;1.0;3.0;45.541454;4.19034;2024-10-03 14:16:00
202400036333.0;1;56;56121;2;1;1.0;3.0;47.75622;-3.39365;2024-06-18 17:00:00
202400036334.0;1;38;38415;1;1;1.0;1.0;45.650363;5.218291;2024-10-03 17:20:00
202400036335.0;1;50;50129;2;3;1.0;2.0;49.64377;-1.62587;2024-06-18 15:45:00
202400036336.0;1;38;38474;2;1;1.0;6.0;45.2095;5.662213;2024-10-02 16:28:00
202400036337.0;1;49;49099;2;2;8.0;6.0;47.042037;-0.885179;2024-06-14 16:10:00
202400036338.0;1;7;7268;2;1;1.0;6.0;44.301541;4.569508;2024-10-02 10:30:00
202400036339.0;2;49;49007;2;1;1.0;6.0;47.48358;-0.53482;2024-06-18 06:20:00
202400036340.0;1;31;31291;1;1;1.0;2.0;43.586841;1.261223;2024-10-03 16:11:00
202400036341.0;3;59;59289;1;1;1.0;1.0;50.230132;3.504381;2024-10-03 06:30:00
202400036342.0;5;46;46042;2;2;3.0;3.0;44.44945825;1.44847845;2024-06-18 22:50:00
202400036343.0;1;59;59106;2;1;1.0;1.0;50.57645103;3.1957984;2024-10-03 16:30:00
202400036344.0;1;33;33075;1;1;1.0;2.0;44.889135;-0.598433;2024-10-02 09:10:00
202400036345.0;1;45;45302;2;1;8.0;6.0;47.947393;1.884185;2024-06-19 10:20:00
202400036346.0;1;59;59009;1;1;3.0;5.0;50.62911;3.13883;2024-09-27 17:30:00
202400036347.0;3;44;44114;1;1;1.0;6.0;47.28087418;-1.60310378;2024-06-19 22:40:00
202400036348.0;1;92;92036;1;1;1.0;3.0;48.93370908;2.27422446;2024-10-01 16:55:00
202400036349.0;1;92;92026;1;1;9.0;2.0;48.88886075;2.24787064;2024-10-01 13:06:00
202400036350.0;1;43;43157;2;3;1.0;6.0;45.0418;3.88551;2024-06-19 14:45:00
202400036351.0;1;78;78490;1;1;1.0;6.0;48.79811;1.93201;2024-10-01 10:40:00
202400036352.0;1;42;42095;2;4;1.0;6.0;45.3871;4.28616;2024-06-19 09:30:00
202400036353.0;1;93;93008;1;1;1.0;3.0;48.91198941;2.43839622;2024-10-01 18:35:00
202400036354.0;1;33;33522;2;1;1.0;3.0;44.802851;-0.574569;2024-06-19 18:15:00
202400036355.0;1;93;93010;1;1;1.0;2.0;48.89138123;2.47335986;2024-10-01 12:10:00
202400036356.0;1;31;31555;2;1;1.0;1.0;43.58571383;1.46097377;2024-06-19 19:45:00
202400036357.0;1;93;93053;1;1;1.0;3.0;48.90278898;2.4675517;2024-10-01 09:30:00
202400036358.0;1;31;31555;2;1;8.0;6.0;43.62482;1.44273;2024-06-19 08:30:00
202400036359.0;1;95;95582;1;1;2.0;1.0;48.96346787;2.26421667;2024-09-30 18:35:00
202400036360.0;1;94;94017;1;1;1.0;2.0;48.82671118;2.52258828;2024-10-02 09:20:00
202400036361.0;1;42;42095;2;1;8.0;6.0;45.39;4.28024;2024-06-28 21:00:00
202400036362.0;1;31;31149;2;1;8.0;3.0;43.61669;1.3466;2024-06-19 09:00:00
202400036363.0;1;29;29169;2;3;1.0;3.0;48.082419;-4.187084;2024-06-19 15:25:00
202400036364.0;1;28;28085;1;1;1.0;1.0;48.4628759;1.4728057;2024-06-19 18:45:00
202400036365.0;1;29;29151;2;3;1.0;6.0;48.57700139;-3.82604987;2024-06-27 12:00:00
202400036366.0;1;29;29254;1;1;1.0;7.0;48.55271302;-3.85298054;2024-06-29 15:00:00
202400036367.0;1;28;28085;2;3;8.0;3.0;48.4377;1.51594;2024-06-14 12:45:00
202400036368.0;3;30;30011;1;1;1.0;7.0;43.93675;4.75256;2024-07-28 02:18:00
202400036369.0;1;27;27299;1;1;1.0;2.0;49.048509;1.180715;2024-06-19 12:40:00
202400036370.0;1;93;93077;2;1;1.0;6.0;48.882775;2.515798;2024-07-04 13:15:00
202400036371.0;1;26;26038;1;9;1.0;1.0;45.034283;4.907643;2024-06-26 14:15:00
202400036372.0;1;22;22215;2;3;2.0;3.0;48.4828;-2.7999;2024-06-19 16:54:00
202400036373.0;1;987;98736;2;1;1.0;3.0;-17.538775;-149.552701;2024-10-01 13:50:00
202400036374.0;1;987;98735;1;1;1.0;7.0;-17.52872;-149.57555;2024-09-30 14:55:00
202400036375.0;1;22;22113;2;1;1.0;2.0;48.75457;-3.43963;2024-06-19 20:30:00
202400036376.0;1;976;97611;2;1;1.0;7.0;-12.767;45.225;2024-10-01 15:15:00
202400036377.0;1;17;17300;2;2;1.0;3.0;46.1563;-1.1572;2024-06-19 21:30:00
202400036378.0;1;976;97611;2;1;1.0;1.0;-12.79822;45.2158;2024-10-01 12:55:00
202400036379.0;2;974;97407;2;1;1.0;7.0;-20.931934;55.290168;2024-10-01 06:30:00
202400036380.0;5;13;13210;2;3;1.0;7.0;43.27923;5.41216;2024-06-19 22:40:00
202400036381.0;5;973;97302;2;3;1.0;3.0;4.94116168;-52.32210499;2024-09-30 18:07:00
202400036382.0;1;13;13206;2;1;8.0;3.0;43.28302692;5.38536779;2024-06-19 19:00:00
202400036383.0;5;49;49214;2;6;2.0;3.0;47.528007;-0.608175;2024-11-07 20:25:00
202400036384.0;1;973;97302;1;6;1.0;3.0;4.90791;-52.32262;2024-09-30 11:44:00
202400036385.0;1;11;11262;2;3;1.0;3.0;43.19319;3.0163;2024-06-19 19:20:00
202400036386.0;1;46;46145;1;2;1.0;3.0;44.907308;1.52747;2024-11-08 11:15:00
202400036387.0;3;973;97302;2;1;1.0;3.0;4.93528;-52.31244;2024-09-29 19:40:00
202400036388.0;1;6;6088;2;1;1.0;6.0;43.7227872;7.2913988;2024-06-19 16:38:00
202400036389.0;3;68;68179;1;3;5.0;7.0;47.751822;7.015237;2024-11-07 05:53:00
202400036390.0;5;69;69385;2;2;2.0;3.0;45.75571;4.81583;2024-10-01 03:40:00
202400036391.0;1;4;4112;2;1;1.0;6.0;43.82923;5.7856;2024-06-11 14:10:00
202400036392.0;3;25;25594;1;1;1.0;1.0;47.186278;5.881784;2024-11-07 21:10:00
202400036393.0;1;2B;2B033;2;1;1.0;3.0;42.67304;9.44235;2024-10-01 18:09:00
202400036394.0;5;3;3185;2;6;3.0;3.0;46.34828;2.59925;2024-06-19 04:24:00
202400036395.0;5;75;75116;2;1;1.0;2.0;48.858333;2.260662;2024-06-17 23:10:00
202400036396.0;1;44;44063;2;6;1.0;3.0;47.084753;-1.262709;2024-11-06 12:45:00
202400036397.0;2;95;95563;2;2;1.0;3.0;49.02797594;2.24880574;2024-10-01 07:05:00
202400036398.0;5;75;75120;2;7;8.0;3.0;48.86450538;2.40851104;2024-06-19 01:43:00
202400036399.0;1;29;29075;2;3;1.0;6.0;48.434312;-4.401838;2024-11-08 12:05:00
202400036400.0;1;91;91027;2;1;8.0;4.0;48.699;2.3965;2024-10-01 09:10:00
202400036401.0;1;75;75119;2;2;1.0;3.0;48.888726;2.393141;2024-06-19 10:35:00
202400036402.0;1;31;31377;1;3;1.0;2.0;43.416068;1.694185;2024-11-08 15:00:00
202400036403.0;1;89;89342;2;9;1.0;6.0;48.217038;3.277718;2024-09-12 13:40:00
202400036404.0;1;75;75118;2;1;1.0;3.0;48.88831;2.35038;2024-06-19 19:10:00
202400036405.0;1;87;87085;2;1;1.0;2.0;45.8454;1.27698;2024-09-30 11:57:00
202400036406.0;1;31;31033;2;3;1.0;2.0;43.352961;1.469298;2024-11-07 13:55:00
202400036407.0;1;75;75118;2;2;1.0;3.0;48.884524;2.359336;2024-06-19 11:45:00
202400036408.0;1;84;84031;2;1;1.0;2.0;44.05572;5.05306;2024-10-01 17:30:00
202400036409.0;3;2;2569;2;2;1.0;3.0;50.02129;3.662052;2024-11-08 06:55:00
202400036410.0;1;75;75116;2;2;1.0;3.0;48.840866;2.265286;2024-06-19 14:30:00
202400036411.0;1;84;84007;2;1;1.0;3.0;43.93908;4.84935;2024-09-30 10:20:00
202400036412.0;1;72;72139;2;1;1.0;7.0;48.324363;0.083569;2024-11-08 15:20:00
202400036413.0;1;80;80021;2;1;1.0;3.0;49.88842;2.30294;2024-10-01 07:30:00
202400036414.0;1;75;75116;2;1;1.0;3.0;48.84682;2.273117;2024-06-19 07:25:00
202400036415.0;3;43;43142;1;3;1.0;6.0;45.16062408;4.30479311;2024-11-01 03:45:00
202400036416.0;1;79;79329;2;6;8.0;7.0;46.98189;-0.21919;2024-09-30 10:50:00
202400036417.0;1;75;75113;2;1;1.0;6.0;48.819282;2.365149;2024-06-19 15:45:00
202400036418.0;1;79;79191;2;1;3.0;6.0;46.3253;-0.46573;2024-09-26 09:00:00
202400036419.0;1;75;75112;2;3;1.0;6.0;48.847899;2.37392;2024-06-19 10:00:00
202400036420.0;3;30;30152;1;2;1.0;3.0;44.238932;4.173088;2024-11-08 20:20:00
202400036421.0;5;75;75112;2;3;2.0;2.0;48.846079;2.37569;2024-06-19 00:01:00
202400036422.0;2;48;48191;1;1;7.0;3.0;44.383835;3.119843;2024-11-04 15:50:00
202400036423.0;1;75;75111;2;2;1.0;3.0;48.867001;2.382854;2024-06-19 16:00:00
202400036424.0;3;67;67506;1;1;9.0;7.0;48.67718575;7.72371054;2024-09-14 00:30:00
202400036425.0;1;75;75110;2;2;1.0;6.0;48.877904;2.35161;2024-06-19 19:05:00
202400036426.0;1;13;13080;1;1;1.0;2.0;43.677017;5.411654;2024-11-07 15:40:00
202400036427.0;1;75;75108;2;3;1.0;3.0;48.874516;2.302198;2024-06-19 13:45:00
202400036428.0;1;78;78208;2;3;8.0;3.0;48.76099;1.97214;2024-09-30 12:10:00
202400036429.0;2;75;75107;2;1;1.0;1.0;48.861662;2.322266;2024-06-19 20:53:00
202400036430.0;3;1;1195;1;1;1.0;5.0;46.216631;5.29317;2024-11-07 17:44:00
202400036431.0;1;75;75107;2;1;1.0;7.0;48.86254;2.309538;2024-06-19 11:15:00
202400036432.0;1;75;75102;2;1;1.0;3.0;48.868379;2.353722;2024-06-19 10:50:00
202400036433.0;1;77;77284;2;2;1.0;6.0;48.95455;2.89386;2024-10-01 15:15:00
202400036434.0;1;31;31254;2;1;1.0;6.0;43.530691;1.535329;2024-11-08 08:30:00
202400036435.0;1;93;93070;2;1;1.0;2.0;48.9054;2.33268;2024-06-19 11:25:00
202400036436.0;3;77;77075;2;4;1.0;7.0;48.8844646;2.77120331;2024-10-02 00:20:00
202400036437.0;1;988;98821;1;1;1.0;6.0;-22.058099;166.25031;2024-11-07 15:00:00
202400036438.0;1;93;93051;2;2;1.0;3.0;48.84698;2.54042;2024-06-19 14:35:00
202400036439.0;5;34;34154;1;1;1.0;7.0;43.589876;3.955169;2024-11-03 19:15:00
202400036440.0;1;77;77058;2;1;1.0;2.0;48.83405;2.7124;2024-10-01 08:50:00
202400036441.0;5;93;93046;2;3;1.0;6.0;48.912462;2.522325;2024-06-19 04:50:00
202400036442.0;1;76;76351;2;3;2.0;3.0;49.51494;0.11221;2024-09-30 16:00:00
202400036443.0;1;83;83106;1;1;1.0;5.0;43.298354;6.073251;2024-11-07 17:18:00
202400036444.0;1;95;95427;2;3;1.0;3.0;48.95701;2.33465;2024-06-19 08:50:00
202400036445.0;5;71;71342;2;1;1.0;3.0;46.450292;4.116048;2024-11-07 19:34:00
202400036446.0;2;93;93014;2;1;1.0;3.0;48.90926;2.5495;2024-06-19 21:30:00
202400036447.0;1;76;76351;2;1;1.0;6.0;49.49325;0.1098;2024-09-26 16:45:00
202400036448.0;1;67;67001;2;1;1.0;1.0;48.583627;7.634897;2024-09-06 06:45:00
202400036449.0;1;93;93010;2;9;8.0;2.0;48.905692;2.477528;2024-06-18 17:00:00
202400036450.0;1;73;73065;2;6;1.0;7.0;45.56239981;5.91256723;2024-10-01 08:30:00
202400036451.0;3;3;3290;1;1;5.0;2.0;46.645975;3.271641;2024-11-08 04:20:00
202400036452.0;1;93;93007;2;1;8.0;3.0;48.945076;2.471556;2024-06-18 20:15:00
202400036453.0;1;42;42304;1;1;1.0;3.0;45.55358956;4.21397415;2024-11-08 08:51:00
202400036454.0;1;92;92064;2;1;1.0;3.0;48.84209913;2.20520568;2024-06-19 19:00:00
202400036455.0;5;72;72181;2;1;1.0;6.0;48.018;0.153;2024-10-01 00:20:00
202400036456.0;2;44;44035;2;2;1.0;3.0;47.283152;-1.586532;2024-11-07 07:50:00
202400036457.0;5;92;92050;2;1;1.0;3.0;48.89933;2.21391;2024-06-19 22:50:00
202400036458.0;1;38;38261;2;1;1.0;7.0;45.674826;5.461712;2024-11-07 14:30:00
202400036459.0;5;92;92036;2;6;1.0;6.0;48.93329682;2.30171299;2024-06-18 00:30:00
202400036460.0;1;71;71306;2;1;2.0;7.0;46.67422;4.36213;2024-10-01 15:05:00
202400036461.0;5;69;69206;1;1;1.0;6.0;46.049719;4.722142;2024-11-08 17:30:00
202400036462.0;1;92;92035;2;1;1.0;6.0;48.90793688;2.2481584;2024-06-19 17:05:00
202400036463.0;1;69;69052;2;1;1.0;6.0;45.874107;4.721922;2024-11-08 09:45:00
202400036464.0;1;92;92026;2;1;3.0;2.0;48.9001004;2.27367875;2024-06-18 08:50:00
202400036465.0;1;31;31395;2;1;1.0;2.0;43.478257;1.332946;2024-11-07 10:35:00
202400036466.0;5;66;66136;2;9;1.0;3.0;42.69681;2.8882;2024-10-01 21:15:00
202400036467.0;1;92;92012;2;2;1.0;3.0;48.83078513;2.23469961;2024-06-19 19:40:00
202400036468.0;2;23;23125;1;1;1.0;6.0;45.730427;2.204314;2024-11-07 17:40:00
202400036469.0;1;92;92007;2;1;1.0;6.0;48.79616957;2.3200314;2024-06-19 11:20:00
202400036470.0;5;66;66136;2;2;1.0;3.0;42.69128;2.89655;2024-09-27 00:30:00
202400036471.0;1;47;47157;2;6;1.0;3.0;44.507532;0.169998;2024-11-08 09:10:00
202400036472.0;1;92;92004;2;1;8.0;3.0;48.92732;2.27437;2024-06-19 17:10:00
202400036473.0;3;33;33006;1;1;5.0;6.0;45.200206;-0.629536;2024-11-06 20:05:00
202400036474.0;1;66;66136;2;1;1.0;6.0;42.68252;2.90702;2024-09-30 17:00:00
202400036475.0;1;47;47238;2;1;1.0;7.0;44.176951;0.522442;2024-06-16 17:30:00
202400036476.0;1;85;85226;1;1;1.0;2.0;46.741713;-1.954376;2024-06-08 13:00:00
202400036477.0;3;54;54006;1;1;1.0;6.0;48.7293744;6.23718739;2024-06-18 03:45:00
202400036478.0;1;64;64545;2;1;2.0;4.0;43.35006;-1.73898;2024-10-01 18:05:00
202400036479.0;3;60;60589;1;1;2.0;2.0;49.219545;2.466527;2024-11-07 21:10:00
202400036480.0;1;83;83058;2;9;1.0;3.0;43.538967;6.381168;2024-06-17 17:15:00
202400036481.0;4;95;95205;1;1;1.0;7.0;49.03421279;2.39184769;2024-06-18 22:07:00
202400036482.0;1;64;64260;2;2;1.0;3.0;43.35871;-1.77601;2024-10-01 08:01:00
202400036483.0;5;62;62318;2;2;1.0;3.0;50.518236;1.65157;2024-11-06 17:30:00
202400036484.0;5;59;59011;2;7;2.0;3.0;50.53035;2.934862;2024-11-05 17:25:00
202400036485.0;5;64;64445;2;4;3.0;3.0;43.32038;-0.36814;2024-10-01 21:20:00
202400036486.0;2;13;13213;1;1;1.0;3.0;43.33009;5.41161;2024-11-06 17:42:00
202400036487.0;1;64;64024;2;2;1.0;1.0;43.49355595;-1.51005954;2024-10-01 15:00:00
202400036488.0;1;13;13202;1;1;2.0;3.0;43.31934;5.36367;2024-11-06 12:48:00
202400036489.0;1;76;76235;2;2;1.0;6.0;49.8961;1.264152;2024-06-20 07:20:00
202400036490.0;1;33;33039;1;1;1.0;2.0;44.802175;-0.533755;2024-11-07 16:48:00
202400036491.0;1;64;64102;2;1;1.0;3.0;43.49524;-1.45201;2024-10-01 08:40:00
202400036492.0;2;33;33080;1;1;1.0;2.0;44.736048;-0.533116;2024-11-07 07:01:00
202400036493.0;1;63;63300;2;6;1.0;1.0;45.90655;3.12469;2024-09-30 14:15:00
202400036494.0;1;59;59646;1;1;1.0;4.0;50.65688;3.12546;2024-11-06 08:18:00
202400036495.0;1;67;67445;1;1;8.0;1.0;48.2929;7.373632;2024-06-20 11:17:00
202400036496.0;1;94;94021;1;1;1.0;3.0;48.76884885;2.34540172;2024-11-07 08:40:00
202400036497.0;1;52;52163;1;1;1.0;2.0;47.955561;5.41614574;2024-06-20 06:58:00
202400036498.0;3;91;91689;1;1;1.0;3.0;48.74278;2.32256;2024-11-07 06:20:00
202400036499.0;1;63;63245;2;1;1.0;1.0;45.89333;3.09157;2024-09-30 16:45:00
202400036500.0;1;68;68022;2;1;1.0;6.0;47.821598;7.382196;2024-06-19 16:53:00
202400036501.0;2;92;92036;1;1;1.0;2.0;48.93484397;2.26726483;2024-11-07 17:08:00
202400036502.0;1;93;93027;1;1;1.0;2.0;48.92416061;2.38792241;2024-11-07 17:05:00
202400036503.0;1;3;3036;2;1;1.0;6.0;46.584641;3.056302;2024-06-20 18:50:00
202400036504.0;2;93;93006;1;1;1.0;3.0;48.86452091;2.41496372;2024-11-07 16:50:00
202400036505.0;1;89;89066;1;1;1.0;1.0;48.14946;3.473906;2024-06-14 16:30:00
202400036506.0;1;93;93064;1;1;1.0;3.0;48.86927975;2.48237084;2024-11-07 07:50:00
202400036507.0;1;63;63113;2;3;1.0;3.0;45.76046;3.09553;2024-09-30 16:45:00
202400036508.0;3;95;95604;1;1;1.0;3.0;49.12091;2.55671;2024-11-06 19:15:00
202400036509.0;1;62;62215;2;9;1.0;3.0;50.4903404;2.95994416;2024-09-30 16:35:00
202400036510.0;1;51;51027;1;3;1.0;3.0;49.032923;4.700823;2024-06-18 08:05:00
202400036511.0;1;93;93008;1;1;1.0;3.0;48.9079485;2.45266698;2024-11-06 09:00:00
202400036512.0;1;62;62041;2;1;2.0;6.0;50.29281;2.74727;2024-09-30 17:10:00
202400036513.0;1;51;51622;1;3;8.0;3.0;49.210981;3.941431;2024-06-20 13:00:00
202400036514.0;1;95;95277;1;1;1.0;2.0;48.97421456;2.48930476;2024-11-06 08:30:00
202400036515.0;1;19;19273;1;1;2.0;6.0;45.0648083;1.56309154;2024-06-20 16:15:00
202400036516.0;1;60;60057;2;2;1.0;6.0;49.41615;2.09912;2024-10-01 16:35:00
202400036517.0;3;77;77175;1;1;1.0;6.0;48.67010536;2.61201669;2024-11-06 23:50:00
202400036518.0;1;60;60057;2;9;2.0;6.0;49.41951285;2.07204294;2024-09-30 13:30:00
202400036519.0;3;94;94042;1;1;1.0;2.0;48.82781145;2.47176162;2024-11-06 23:30:00
202400036520.0;1;56;56236;1;2;1.0;3.0;47.900509;-2.518348;2024-06-20 15:00:00
202400036521.0;1;77;77109;1;1;1.0;7.0;48.607944;3.183289;2024-06-19 19:30:00
202400036522.0;5;59;59009;2;9;2.0;3.0;50.647;3.125;2024-10-01 19:10:00
202400036523.0;2;77;77294;1;1;1.0;5.0;48.9670192;2.60494771;2024-11-06 18:00:00
202400036524.0;1;76;76100;1;2;1.0;3.0;49.500824;1.262805;2024-06-20 18:15:00
202400036525.0;1;59;59378;2;3;1.0;3.0;50.66556;3.07608;2024-10-01 07:35:00
202400036526.0;1;94;94069;1;1;1.0;4.0;48.81626132;2.45282484;2024-11-06 11:49:00
202400036527.0;1;61;61327;1;1;8.0;3.0;48.448297;0.447033;2024-06-18 10:20:00