Num_Acc;lum;departement;commune;agglomeration;intersection;meteo;type_collision;lat;long;date
202400036528.0;5;57;57463;2;1;8.0;3.0;49.0947871;6.17654264;2024-10-01 06:40:00
202400036529.0;2;47;47138;1;1;3.0;1.0;44.257556;0.727909;2024-06-20 18:25:00
202400036530.0;1;93;93048;2;1;1.0;3.0;48.85498745;2.41870071;2024-04-28 11:30:00
202400036531.0;3;25;25334;1;1;1.0;6.0;46.955967;6.147752;2024-06-20 04:50:00
202400036532.0;5;93;93064;2;1;1.0;3.0;48.86318207;2.4962835;2024-04-11 20:00:00
202400036533.0;3;25;25108;1;1;1.0;7.0;47.243896;6.838283;2024-06-15 22:12:00
202400036534.0;1;57;57463;2;4;9.0;3.0;49.10738556;6.17796742;2024-09-30 18:02:00
202400036535.0;1;29;29146;1;2;2.0;3.0;47.88922281;-3.79754455;2024-06-20 17:20:00
202400036536.0;1;49;49099;2;2;1.0;4.0;47.05882;-0.86627;2024-01-13 11:00:00
202400036537.0;1;54;54159;2;1;8.0;7.0;48.6214;6.34474;2024-09-27 15:51:00
202400036538.0;4;972;97213;1;1;2.0;6.0;14.59649;-60.99336;2024-11-05 23:33:00
202400036539.0;3;29;29003;2;3;8.0;6.0;48.02600407;-4.54690495;2024-06-20 01:10:00
202400036540.0;1;15;15050;1;1;5.0;6.0;45.11199;2.679441;2024-06-20 16:10:00
202400036541.0;1;1;1374;1;3;2.0;3.0;46.11858702;5.29734671;2024-06-20 17:50:00
202400036542.0;1;972;97213;1;2;1.0;3.0;14.62111;-60.98742;2024-11-06 14:50:00
202400036543.0;1;51;51454;2;2;1.0;6.0;49.24406;4.02759;2024-10-01 14:35:00
202400036544.0;1;1;1200;1;1;1.0;7.0;46.096845;5.503272;2024-06-19 18:45:00
202400036545.0;5;972;97213;1;1;1.0;5.0;14.61504;-61.01342;2024-11-05 19:50:00
202400036546.0;2;49;49328;2;1;2.0;1.0;47.25319;-0.0772;2024-09-24 07:20:00
202400036547.0;2;49;49007;2;1;1.0;6.0;47.4643;-0.55365;2024-10-01 19:40:00
202400036548.0;5;972;97209;2;1;1.0;6.0;14.6205;-61.0776;2024-11-05 22:00:00
202400036549.0;1;45;45165;1;2;1.0;3.0;47.930125;2.852873;2024-06-18 14:00:00
202400036550.0;5;69;69034;2;1;1.0;6.0;45.78081747;4.84002818;2024-11-06 23:55:00
202400036551.0;1;49;49007;2;1;1.0;2.0;47.46232;-0.55382;2024-09-30 11:30:00
202400036552.0;1;64;64138;1;6;1.0;3.0;43.243562;-0.268055;2024-06-19 18:15:00
202400036553.0;1;47;47001;2;2;1.0;6.0;44.2004;0.616;2024-10-01 07:34:00
202400036554.0;5;971;97120;2;9;1.0;3.0;16.24092;-61.53527;2024-11-02 21:00:00
202400036555.0;1;64;64060;1;3;3.0;3.0;43.318127;-0.46315;2024-06-20 16:45:00
202400036556.0;1;42;42095;2;2;1.0;6.0;45.38809;4.2858;2024-09-29 18:56:00
202400036557.0;1;2A;2A004;2;1;1.0;2.0;41.92631363;8.73829901;2024-11-06 12:35:00
202400036558.0;2;37;37204;1;2;2.0;3.0;47.529101;0.67446;2024-06-19 21:15:00
202400036559.0;1;37;37261;2;1;7.0;6.0;47.41852;0.68474;2024-10-01 18:55:00
202400036560.0;5;91;91691;2;1;1.0;5.0;48.71544;2.50154;2024-11-05 19:45:00
202400036561.0;1;37;37261;2;1;2.0;7.0;47.41884529;0.69916391;2024-10-01 09:50:00
202400036562.0;1;38;38310;1;1;1.0;7.0;45.259769;5.472007;2024-06-17 20:30:00
202400036563.0;1;82;82121;2;1;1.0;7.0;44.00737883;1.36045387;2024-11-06 14:20:00
202400036564.0;5;35;35115;2;1;1.0;3.0;48.36571;-1.17991;2024-10-01 20:45:00
202400036565.0;1;80;80021;2;1;1.0;2.0;49.91161;2.29935;2024-11-04 08:25:00
202400036566.0;1;63;63082;1;1;3.0;6.0;46.06729317;3.11836114;2024-06-19 19:00:00
202400036567.0;3;53;53007;1;1;8.0;6.0;48.074624;-0.601866;2024-06-19 04:15:00
202400036568.0;1;33;33063;2;3;2.0;3.0;44.86199;-0.55608;2024-10-01 18:45:00
202400036569.0;1;78;78423;2;3;1.0;6.0;48.77595;2.03726;2024-11-06 16:15:00
202400036570.0;1;21;21297;1;1;1.0;6.0;47.164436;4.999976;2024-06-20 08:40:00
202400036571.0;1;56;56075;1;1;1.0;1.0;47.929269;-2.127185;2024-06-19 17:45:00
202400036572.0;1;33;33281;2;1;1.0;3.0;44.83388;-0.6688;2024-10-01 14:30:00
202400036573.0;1;988;98826;2;1;1.0;1.0;-20.197859;164.132985;2024-06-19 16:50:00
202400036574.0;1;33;33192;2;1;8.0;3.0;44.78581;-0.60531;2024-09-30 15:00:00
202400036575.0;3;66;66037;1;1;1.0;2.0;42.705445;2.994161;2024-06-08 05:15:00
202400036576.0;1;30;30142;1;1;2.0;1.0;44.240268;4.05572;2024-06-20 16:25:00
202400036577.0;3;13;13004;1;1;2.0;1.0;43.643467;4.566643;2024-06-20 04:15:00
202400036578.0;1;33;33065;1;1;8.0;3.0;44.80473;-0.5166;2024-09-30 13:58:00
202400036579.0;1;68;68309;1;2;1.0;3.0;47.652877;7.494467;2024-06-19 17:00:00
202400036580.0;5;29;29232;1;6;1.0;6.0;47.97993992;-4.08075934;2024-10-01 20:40:00
202400036581.0;1;77;77058;2;1;1.0;6.0;48.83409826;2.7138997;2024-11-06 10:44:00
202400036582.0;1;28;28332;2;9;1.0;3.0;48.73289;1.38681;2024-10-01 14:00:00
202400036583.0;1;88;88090;1;1;1.0;4.0;48.36854508;6.27982448;2024-06-19 17:50:00
202400036584.0;5;71;71270;2;1;1.0;6.0;46.31694556;4.81607978;2024-11-05 18:05:00
202400036585.0;1;25;25462;1;6;1.0;3.0;46.90994;6.33238;2024-09-30 08:24:00
202400036586.0;1;73;73054;1;4;1.0;2.0;45.68517607;6.73667969;2024-06-16 16:30:00
202400036587.0;1;69;69264;2;1;8.0;3.0;45.9802625;4.73482043;2024-11-06 08:45:00
202400036588.0;1;22;22215;2;1;1.0;3.0;48.50116;-2.77679;2024-10-01 18:48:00
202400036589.0;1;69;69029;2;2;1.0;3.0;45.72727;4.92723;2024-11-06 11:45:00
202400036590.0;1;73;73054;1;1;2.0;7.0;45.645533;6.78571;2024-06-20 06:45:00
202400036591.0;1;21;21355;1;1;8.0;3.0;47.280823;5.048668;2024-10-01 08:30:00
202400036592.0;2;67;67482;2;8;1.0;6.0;48.57861;7.7694;2024-11-06 17:25:00
202400036593.0;5;83;83126;2;3;9.0;3.0;43.10653;5.86602;2024-12-12 05:55:00
202400036594.0;1;19;19272;2;3;3.0;7.0;45.28419136;1.77147737;2024-09-30 08:00:00
202400036595.0;1;69;69204;1;2;1.0;1.0;45.704617;4.767914;2024-06-18 17:40:00
202400036596.0;5;83;83129;2;1;1.0;6.0;43.09126175;5.84484678;2024-12-11 17:30:00
202400036597.0;5;67;67482;2;3;5.0;6.0;48.55473;7.79607;2024-11-06 03:57:00
202400036598.0;1;69;69204;2;1;1.0;6.0;45.70038;4.795511;2024-06-18 08:45:00
202400036599.0;5;13;13210;2;2;2.0;3.0;43.28543;5.42582;2024-10-01 22:25:00
202400036600.0;1;81;81004;2;2;1.0;3.0;43.93323;2.14666;2024-12-12 09:30:00
202400036601.0;5;67;67447;2;3;1.0;2.0;48.61018;7.73966;2024-11-05 19:00:00
202400036602.0;1;14;14762;2;2;8.0;7.0;48.842892;-0.883305;2024-06-20 17:45:00
202400036603.0;1;80;80021;2;1;1.0;3.0;49.89774;2.2945;2024-12-12 12:05:00
202400036604.0;1;13;13210;2;1;1.0;3.0;43.2806454;5.4076827;2024-10-01 13:35:00
202400036605.0;1;67;67482;2;3;1.0;6.0;48.57514;7.75483;2024-11-05 13:22:00
202400036606.0;1;56;56237;1;1;2.0;1.0;48.019862;-2.909499;2024-06-19 16:40:00
202400036607.0;5;79;79081;2;1;1.0;3.0;46.34086;-0.37787;2024-12-11 18:06:00
202400036608.0;1;13;13214;2;4;1.0;3.0;43.33068;5.40449;2024-10-01 11:05:00
202400036609.0;1;66;66136;1;1;1.0;3.0;42.69585;2.85199;2024-11-04 09:10:00
202400036610.0;3;78;78486;1;1;8.0;6.0;48.69617;1.82234;2024-12-11 08:40:00
202400036611.0;1;22;22143;2;6;1.0;3.0;48.597926;-2.293938;2024-06-20 10:15:00
202400036612.0;1;64;64445;2;1;1.0;6.0;43.29371;-0.37755;2024-11-06 13:15:00
202400036613.0;5;13;13205;2;1;1.0;3.0;43.29553;5.40028;2024-10-01 05:50:00
202400036614.0;2;78;78208;2;3;1.0;3.0;48.76679;1.96551;2024-12-12 08:00:00
202400036615.0;5;64;64024;2;1;1.0;3.0;43.49289;-1.51944;2024-11-06 19:10:00
202400036616.0;1;60;60009;1;6;1.0;3.0;49.405319;2.119771;2024-06-20 08:05:00
202400036617.0;1;13;13005;2;1;1.0;2.0;43.31613;5.59022;2024-10-01 13:45:00
202400036618.0;3;77;77243;2;1;1.0;6.0;48.873007;2.717545;2024-12-12 17:45:00
202400036619.0;5;64;64102;2;1;1.0;2.0;43.48614;-1.46649;2024-11-05 20:40:00
202400036620.0;5;63;63300;2;2;1.0;3.0;45.89395591;3.10934007;2024-11-06 18:09:00
202400036621.0;1;80;80002;1;1;1.0;2.0;49.832225;2.828379;2024-06-20 07:38:00
202400036622.0;2;77;77186;1;1;1.0;3.0;48.48042;2.74614;2024-12-11 16:13:00
202400036623.0;3;62;62846;2;9;1.0;6.0;50.47535691;2.7420525;2024-11-06 23:30:00
202400036624.0;1;62;62487;2;1;1.0;6.0;50.84013075;1.77443075;2024-06-19 16:30:00
202400036625.0;1;60;60057;2;1;8.0;6.0;49.44759;2.10114;2024-11-05 15:15:00
202400036626.0;1;76;76540;2;2;8.0;6.0;49.44026;1.08948;2024-12-12 13:00:00
202400036627.0;1;59;59034;1;1;1.0;3.0;50.53950639;3.07401894;2024-06-19 09:00:00
202400036628.0;2;59;59152;2;4;8.0;6.0;50.76706489;3.01773045;2024-11-06 16:30:00
202400036629.0;1;73;73087;2;4;1.0;6.0;45.56115;5.89737;2024-12-12 15:00:00
202400036630.0;3;57;57582;1;9;8.0;7.0;49.28379;6.17279;2024-06-19 00:45:00
202400036631.0;4;57;57683;2;1;1.0;6.0;49.3011392;6.16238146;2024-11-04 18:30:00
202400036632.0;1;72;72181;2;1;1.0;3.0;48.02446;0.18234;2024-12-12 16:45:00
202400036633.0;1;33;33281;1;1;1.0;2.0;44.84358;-0.6722;2024-06-19 07:50:00
202400036634.0;2;56;56260;1;3;1.0;3.0;47.66023;-2.70447;2024-11-06 07:17:00
202400036635.0;1;71;71076;2;1;1.0;6.0;46.79841;4.84428;2024-12-12 11:51:00
202400036636.0;1;33;33249;1;1;1.0;2.0;44.870868;-0.505357;2024-06-18 16:50:00
202400036637.0;2;56;56260;2;1;1.0;3.0;47.66008;-2.78739;2024-11-05 17:00:00
202400036638.0;5;69;69091;2;3;1.0;3.0;45.59485;4.76959;2024-12-12 18:10:00
202400036639.0;1;91;91161;1;1;1.0;3.0;48.69536068;2.31806159;2024-06-19 18:23:00
202400036640.0;5;54;54395;2;9;1.0;6.0;48.68233;6.19875;2024-11-06 18:45:00
202400036641.0;5;67;67482;2;4;1.0;6.0;48.56652;7.72037;2024-12-11 18:25:00
202400036642.0;2;54;54391;1;1;1.0;6.0;49.23022;5.93896;2024-11-06 07:55:00
202400036643.0;1;93;93005;1;1;1.0;3.0;48.95091347;2.47454259;2024-06-19 10:40:00
202400036644.0;5;51;51058;2;6;1.0;6.0;49.228579;3.995783;2024-11-05 19:05:00
202400036645.0;5;67;67482;2;2;1.0;3.0;48.59108;7.70911;2024-12-11 21:45:00
202400036646.0;1;93;93007;1;1;1.0;5.0;48.94674096;2.44241883;2024-06-19 07:30:00
202400036647.0;1;51;51108;2;7;1.0;3.0;48.96342;4.36666;2024-11-05 09:50:00
202400036648.0;3;95;95277;1;1;1.0;2.0;48.97380183;2.48838243;2024-06-19 05:30:00
202400036649.0;1;66;66136;2;3;2.0;5.0;42.69243006;2.88228035;2024-12-11 12:10:00
202400036650.0;2;50;50129;2;1;1.0;2.0;49.65975;-1.67577;2024-11-05 17:15:00
202400036651.0;1;94;94073;1;1;1.0;3.0;48.76210053;2.38167667;2024-06-19 08:30:00
202400036652.0;5;65;65286;2;1;1.0;6.0;43.10257048;-0.04332304;2024-12-12 07:25:00
202400036653.0;1;45;45234;2;1;8.0;7.0;47.90153;1.90113;2024-11-06 10:40:00
202400036654.0;1;64;64545;1;1;1.0;1.0;43.3746;-1.68539;2024-12-12 12:00:00
202400036655.0;2;45;45234;2;1;5.0;3.0;47.927276;1.896272;2024-11-06 07:30:00
202400036656.0;5;987;98735;2;3;1.0;3.0;-17.53036;-149.56186;2024-06-17 18:15:00
202400036657.0;2;64;64545;2;1;1.0;3.0;43.34810681;-1.68979973;2024-12-12 07:45:00
202400036658.0;2;45;45284;2;3;2.0;3.0;47.906081;1.986601;2024-11-06 07:27:00
202400036659.0;1;974;97411;2;1;1.0;2.0;-20.89011;55.453;2024-06-18 07:40:00
202400036660.0;5;64;64445;1;1;1.0;1.0;43.32814;-0.33856;2024-12-13 00:20:00
202400036661.0;1;44;44162;2;1;1.0;6.0;47.22238;-1.6674;2024-11-06 12:45:00
202400036662.0;1;974;97411;2;1;2.0;1.0;-20.8891;55.43649;2024-06-15 10:10:00
202400036663.0;5;44;44109;2;1;5.0;3.0;47.23833;-1.56214;2024-11-05 21:10:00
202400036664.0;2;64;64445;2;2;1.0;5.0;43.32088;-0.37892;2024-12-12 07:45:00
202400036665.0;1;974;97407;2;1;7.0;6.0;-20.94326;55.29149;2024-06-18 07:35:00
202400036666.0;1;38;38185;2;2;1.0;3.0;45.18971;5.7248;2024-11-05 14:30:00
202400036667.0;1;973;97302;2;1;1.0;6.0;4.91990437;-52.31943047;2024-06-17 17:49:00
202400036668.0;5;64;64102;2;3;1.0;3.0;43.48396;-1.49935;2024-12-11 18:54:00
202400036669.0;1;37;37214;2;1;5.0;6.0;47.42483;0.65867;2024-11-06 10:00:00
202400036670.0;5;69;69387;2;1;1.0;7.0;45.74421;4.83501;2024-06-18 21:45:00
202400036671.0;1;62;62401;2;1;8.0;6.0;50.50619;2.80842;2024-12-11 13:44:00
202400036672.0;2;37;37233;2;3;1.0;3.0;47.39784;0.75007;2024-11-04 17:25:00
202400036673.0;1;69;69388;2;1;1.0;6.0;45.74135;4.8616;2024-06-18 14:30:00
202400036674.0;1;60;60057;2;1;1.0;3.0;49.45213;2.07358;2024-12-12 15:30:00
202400036675.0;3;35;35278;1;1;1.0;6.0;48.15259;-1.65383;2024-11-06 18:50:00
202400036676.0;1;972;97209;2;1;2.0;2.0;14.60904;-61.08541;2024-06-18 14:00:00
202400036677.0;2;59;59350;2;2;1.0;1.0;50.62401;3.0805;2024-12-12 08:52:00
202400036678.0;1;35;35238;2;6;8.0;3.0;48.1017298;-1.70722;2024-11-06 09:25:00
202400036679.0;1;2B;2B037;1;1;1.0;2.0;42.6364;9.43879;2024-06-18 08:00:00
202400036680.0;3;56;56260;1;1;1.0;2.0;47.66919;-2.7653;2024-12-12 17:45:00
202400036681.0;5;33;33063;2;9;1.0;3.0;44.83793;-0.58744;2024-11-06 19:30:00
202400036682.0;1;971;97120;2;1;1.0;6.0;16.24204;-61.53119;2024-06-18 10:50:00
202400036683.0;1;54;54431;2;2;8.0;3.0;48.90776;6.0457;2024-12-11 13:10:00
202400036684.0;2;30;30189;2;6;1.0;6.0;43.8311;4.3506;2024-10-15 19:15:00
202400036685.0;1;971;97101;2;1;1.0;4.0;16.25178;-61.51881;2024-06-17 16:25:00
202400036686.0;1;54;54431;1;1;2.0;2.0;48.9215;6.08529;2024-12-07 10:30:00
202400036687.0;3;29;29232;1;1;1.0;4.0;48.03251373;-4.0839088;2024-11-06 19:05:00
202400036688.0;1;91;91161;2;1;1.0;2.0;48.7059;2.3141;2024-06-18 10:30:00
202400036689.0;1;27;27299;2;1;5.0;6.0;49.05474;1.16828;2024-11-05 10:10:00
202400036690.0;1;54;54357;2;3;1.0;6.0;48.7123421;6.1686784;2024-12-12 09:45:00
202400036691.0;1;91;91228;2;1;2.0;3.0;48.63212;2.43909;2024-06-18 09:30:00
202400036692.0;2;50;50532;2;1;1.0;1.0;48.81631;-1.57098;2024-12-12 16:48:00
202400036693.0;3;26;26058;2;3;1.0;3.0;44.941767;4.90348577;2024-11-06 23:30:00
202400036694.0;1;91;91433;1;1;3.0;1.0;48.45993;2.17017;2024-06-18 09:39:00
202400036695.0;2;49;49015;2;1;1.0;2.0;47.52066;-0.61101;2024-12-11 08:00:00
202400036696.0;1;19;19031;2;2;1.0;3.0;45.16146;1.54084;2024-11-06 12:57:00
202400036697.0;5;45;45285;2;1;1.0;2.0;47.90571;1.86904;2024-12-11 17:25:00
202400036698.0;1;87;87085;2;2;2.0;3.0;45.88378;1.29447;2024-06-14 17:06:00
202400036699.0;5;18;18033;2;1;1.0;1.0;47.0902;2.39249;2024-11-06 22:50:00
202400036700.0;1;87;87085;2;1;3.0;6.0;45.8357;1.27246;2024-06-17 08:55:00
202400036701.0;3;38;38053;1;6;1.0;3.0;45.61689;5.26949;2024-12-11 17:30:00
202400036702.0;1;34;34129;1;1;1.0;7.0;43.57102;3.88007;2024-12-12 16:10:00
202400036703.0;5;17;17415;2;9;1.0;3.0;45.74687;-0.63589;2024-11-06 20:00:00
202400036704.0;1;83;83137;2;1;1.0;5.0;43.12944667;5.9306885;2024-06-18 12:20:00
202400036705.0;1;34;34198;2;1;1.0;6.0;43.56245;3.95202;2024-12-12 15:24:00
202400036706.0;1;15;15014;2;1;1.0;6.0;44.90086;2.43822;2024-11-06 13:25:00
202400036707.0;1;83;83137;2;9;1.0;6.0;43.1222;5.92893;2024-06-17 16:30:00
202400036708.0;5;33;33069;2;2;1.0;3.0;44.85706;-0.59112;2024-12-12 23:05:00
202400036709.0;1;15;15014;1;1;1.0;1.0;44.94756;2.46275;2024-11-04 14:40:00
202400036710.0;1;83;83126;2;9;1.0;6.0;43.10112876;5.8882717;2024-06-17 08:10:00
202400036711.0;1;13;13215;2;1;1.0;3.0;43.34626;5.35938;2024-11-06 13:15:00
202400036712.0;2;33;33063;2;1;1.0;3.0;44.86756;-0.55875;2024-12-12 07:50:00
202400036713.0;1;13;13005;2;1;1.0;3.0;43.2919;5.56159;2024-11-06 12:35:00
202400036714.0;1;33;33318;2;6;1.0;6.0;44.80323;-0.63862;2024-12-12 07:50:00
202400036715.0;1;78;78440;2;1;1.0;6.0;48.989412;1.913277;2024-06-18 20:20:00
202400036716.0;1;6;6088;2;2;1.0;6.0;43.69961;7.25627;2024-11-06 08:45:00
202400036717.0;5;33;33063;2;3;2.0;6.0;44.861796;-0.585966;2024-12-11 18:30:00
202400036718.0;1;77;77335;1;1;1.0;5.0;48.95721;2.85143;2024-06-17 17:20:00
202400036719.0;1;6;6027;2;1;1.0;1.0;43.695265;7.145723;2024-11-06 13:45:00
202400036720.0;1;33;33162;2;1;1.0;3.0;44.87061;-0.65614;2024-12-11 15:45:00
202400036721.0;1;1;1283;2;2;1.0;3.0;46.261526;5.655498;2024-10-28 16:06:00
202400036722.0;1;77;77307;2;6;1.0;2.0;48.85237;2.76259;2024-06-18 20:00:00
202400036723.0;1;29;29019;2;1;2.0;6.0;48.385101;-4.478347;2024-12-09 16:20:00
202400036724.0;1;75;75117;2;1;1.0;3.0;48.884578;2.286301;2024-11-04 17:10:00
202400036725.0;1;25;25204;1;6;1.0;2.0;46.92407;6.33739;2024-12-12 08:35:00
202400036726.0;5;75;75110;2;1;1.0;5.0;48.880704;2.364655;2024-11-05 23:00:00
202400036727.0;1;13;13103;2;1;1.0;6.0;43.63964;5.09535;2024-12-12 10:45:00
202400036728.0;5;75;75108;2;1;1.0;6.0;48.869977;2.325237;2024-11-05 02:26:00
202400036729.0;3;13;13039;1;9;1.0;3.0;43.47724;4.899;2024-12-12 05:00:00
202400036730.0;5;75;75119;2;3;1.0;3.0;48.881493;2.370418;2024-11-06 00:01:00
202400036731.0;5;13;13214;2;1;1.0;1.0;43.3223;5.39215;2024-12-12 17:40:00
202400036732.0;5;75;75118;2;2;1.0;6.0;48.894237;2.352866;2024-11-06 19:20:00
202400036733.0;1;13;13213;2;1;1.0;1.0;43.33259;5.43246;2024-12-12 14:50:00
202400036734.0;5;75;75118;2;2;1.0;6.0;48.893637;2.336375;2024-11-06 17:35:00
202400036735.0;1;13;13005;2;1;1.0;2.0;43.30043;5.57132;2024-12-12 08:50:00
202400036736.0;1;75;75114;2;3;1.0;6.0;48.836345;2.326589;2024-11-06 09:00:00
202400036737.0;5;75;75111;2;1;1.0;6.0;48.861949;2.373166;2024-11-06 20:30:00
202400036738.0;1;13;13004;2;1;1.0;5.0;43.66342;4.63824;2024-12-11 11:50:00
202400036739.0;5;75;75108;2;2;1.0;2.0;48.873132;2.297054;2024-11-06 17:55:00
202400036740.0;1;13;13001;2;1;1.0;3.0;43.51899;5.46286;2024-12-12 12:30:00
202400036741.0;1;75;75108;2;1;1.0;3.0;48.864688;2.305525;2024-11-06 11:15:00
202400036742.0;1;12;12145;2;1;1.0;6.0;44.11171;3.0431;2024-12-12 14:55:00
202400036743.0;5;75;75103;2;2;1.0;2.0;48.861221;2.363159;2024-11-05 23:45:00
202400036744.0;5;10;10387;2;1;8.0;1.0;48.3078;4.08467;2024-12-11 19:46:00
202400036745.0;5;94;94081;2;1;1.0;6.0;48.802437;2.403447;2024-11-06 17:50:00
202400036746.0;2;10;10387;2;3;1.0;3.0;48.27181;4.07874;2024-12-11 08:12:00
202400036747.0;5;2;2691;2;1;2.0;6.0;49.84288;3.28098;2024-12-07 17:25:00
202400036748.0;5;94;94069;2;1;1.0;3.0;48.818097;2.423462;2024-11-06 20:30:00
202400036749.0;5;93;93059;2;1;1.0;6.0;48.95387;2.35844;2024-11-05 23:50:00
202400036750.0;2;2;2691;2;3;8.0;6.0;49.84077;3.28753;2024-12-12 08:30:00
202400036751.0;5;93;93053;2;1;1.0;1.0;48.89463;2.44686;2024-11-06 18:30:00
202400036752.0;1;75;75120;2;1;1.0;4.0;48.863502;2.413408;2024-12-12 14:15:00
202400036753.0;5;93;93010;2;3;9.0;3.0;48.91685055;2.4794718;2024-11-06 18:35:00
202400036754.0;1;75;75116;2;4;8.0;3.0;48.86092213;2.26400435;2024-12-12 09:30:00
202400036755.0;1;93;93073;2;1;1.0;3.0;48.96488753;2.56718516;2024-11-06 16:55:00
202400036756.0;5;75;75113;2;1;1.0;3.0;48.816783;2.355855;2024-12-12 06:30:00
202400036757.0;1;92;92078;2;4;1.0;7.0;48.92726478;2.33168967;2024-11-05 16:10:00
202400036758.0;5;75;75113;2;1;2.0;2.0;48.823637;2.382249;2024-12-11 00:01:00
202400036759.0;5;92;92064;2;2;1.0;2.0;48.85946815;2.2136271;2024-11-05 22:45:00
202400036760.0;5;92;92050;2;1;1.0;7.0;48.89506225;2.2264342;2024-11-05 18:50:00
202400036761.0;5;75;75120;2;3;1.0;3.0;48.873395;2.382629;2024-12-11 22:25:00
202400036762.0;5;92;92020;2;1;1.0;6.0;48.79886;2.29438;2024-11-06 19:25:00
202400036763.0;1;75;75118;2;1;8.0;6.0;48.888694;2.334343;2024-12-11 09:10:00
202400036764.0;2;92;92032;2;1;8.0;4.0;48.78728917;2.28760779;2024-11-06 08:25:00
202400036765.0;5;75;75116;2;4;1.0;3.0;48.870608;2.281211;2024-12-12 18:28:00
202400036766.0;5;92;92012;2;2;1.0;3.0;48.84013;2.23573;2024-11-06 19:00:00
202400036767.0;5;75;75116;2;1;1.0;3.0;48.853208;2.276642;2024-12-12 19:20:00
202400036768.0;5;92;92012;2;6;1.0;3.0;48.8479075;2.24182203;2024-11-06 18:34:00
202400036769.0;5;75;75116;2;5;1.0;6.0;48.868959;2.291553;2024-12-11 18:30:00
202400036770.0;5;92;92004;2;3;1.0;6.0;48.92749872;2.27549113;2024-11-06 19:32:00
202400036771.0;5;75;75115;2;3;1.0;6.0;48.840969;2.296995;2024-12-12 16:50:00
202400036772.0;2;72;72176;2;5;1.0;1.0;47.647073;0.152777;2024-11-06 17:30:00
202400036773.0;5;75;75112;2;3;1.0;6.0;48.839128;2.380526;2024-12-12 19:00:00
202400036774.0;3;973;97362;1;1;1.0;2.0;3.817239;-54.158306;2024-11-06 21:45:00
202400036775.0;1;75;75112;2;3;1.0;6.0;48.853249;2.370234;2024-12-11 11:55:00
202400036776.0;3;21;21111;1;1;1.0;2.0;47.42275951;5.17260246;2024-11-06 17:40:00
202400036777.0;3;81;81222;1;1;1.0;1.0;43.793526;2.188178;2024-11-07 18:45:00
202400036778.0;5;75;75111;2;3;1.0;3.0;48.852792;2.388764;2024-12-12 20:50:00
202400036779.0;3;5;5093;1;1;1.0;6.0;44.97866265;6.66930199;2024-11-06 19:00:00
202400036780.0;5;75;75108;2;7;1.0;3.0;48.866831;2.322195;2024-12-12 17:00:00
202400036781.0;1;62;62261;2;1;1.0;6.0;50.4780824;1.59446347;2024-11-06 11:35:00
202400036782.0;5;75;75104;2;7;1.0;6.0;48.855287;2.364509;2024-12-12 17:22:00
202400036783.0;1;79;79174;1;2;8.0;3.0;46.195517;-0.169601;2024-09-30 13:30:00
202400036784.0;1;75;75101;2;3;2.0;7.0;48.862476;2.35041;2024-12-11 13:30:00
202400036785.0;5;93;93070;2;1;1.0;3.0;48.90566833;2.33171368;2024-12-12 17:05:00
202400036786.0;3;11;11008;1;1;1.0;5.0;43.016721;2.255459;2024-11-07 18:00:00
202400036787.0;5;93;93077;2;1;1.0;6.0;48.88475;2.50639;2024-12-11 18:55:00
202400036788.0;2;55;55215;1;1;8.0;1.0;48.516221;5.479447;2024-11-06 17:00:00
202400036789.0;5;93;93013;2;3;1.0;3.0;48.93593202;2.42710437;2024-12-12 07:20:00
202400036790.0;1;12;12253;1;1;1.0;6.0;44.177676;2.791842;2024-11-06 17:40:00
202400036791.0;5;93;93010;2;1;1.0;6.0;48.90653808;2.48025799;2024-12-11 19:45:00
202400036792.0;3;12;12094;1;1;1.0;6.0;44.65476;2.544789;2024-10-25 20:30:00
202400036793.0;5;93;93053;2;1;8.0;6.0;48.89088;2.45071;2024-12-11 17:45:00
202400036794.0;2;68;68263;1;1;5.0;3.0;47.588452;7.434858;2024-11-07 07:00:00
202400036795.0;1;29;29290;1;1;1.0;2.0;48.55253312;-4.50721622;2024-11-04 14:45:00
202400036796.0;5;92;92075;2;3;1.0;1.0;48.82202893;2.28531808;2024-12-12 01:05:00
202400036797.0;5;92;92051;2;1;1.0;3.0;48.89453881;2.2693634;2024-12-12 19:05:00
202400036798.0;2;3;3053;2;3;1.0;3.0;46.242258;3.166219;2024-11-06 19:45:00
202400036799.0;1;83;83149;1;1;1.0;7.0;43.558034;6.276755;2024-11-06 15:35:00
202400036800.0;1;92;92024;2;1;8.0;2.0;48.90349174;2.31644018;2024-12-12 09:12:00
202400036801.0;1;45;45328;1;1;8.0;3.0;48.07071;2.686758;2024-11-07 09:20:00
202400036802.0;1;16;16281;2;1;1.0;6.0;45.741282;0.383598;2024-11-07 12:00:00
202400036803.0;5;92;92012;2;1;1.0;3.0;48.84215309;2.23965749;2024-12-12 18:45:00
202400036804.0;1;92;92007;2;1;8.0;6.0;48.81052352;2.309466;2024-12-12 09:36:00
202400036805.0;3;16;16170;1;1;1.0;4.0;45.369333;0.163014;2024-11-06 18:30:00
202400036806.0;5;12;12300;2;1;1.0;6.0;44.360418;2.038693;2024-12-13 17:45:00
202400036807.0;3;54;54006;1;1;8.0;2.0;48.72007448;6.2400198;2024-12-12 17:25:00
202400036808.0;1;40;40046;1;1;1.0;5.0;44.432838;-1.131914;2024-11-07 12:00:00
202400036809.0;3;26;26231;1;1;1.0;1.0;45.100412;5.016664;2024-12-12 18:00:00
202400036810.0;3;30;30082;1;1;1.0;7.0;43.836876;4.216744;2024-11-06 22:15:00
202400036811.0;1;1;1007;1;6;1.0;6.0;45.99571;5.341358;2024-12-13 13:40:00