Num_Acc;lum;departement;commune;agglomeration;intersection;meteo;type_collision;lat;long;date
202400036812.0;3;48;48145;1;1;1.0;1.0;44.740946;3.437127;2024-11-06 19:30:00
202400036813.0;3;71;71067;1;1;5.0;6.0;46.590831;4.632459;2024-12-12 18:05:00
202400036814.0;3;43;43261;2;1;8.0;7.0;45.401362;3.348228;2024-11-29 18:40:00
202400036815.0;1;48;48010;1;3;1.0;3.0;44.774311;3.735673;2024-11-06 13:25:00
202400036816.0;1;12;12230;1;3;2.0;3.0;44.037658;2.519259;2024-12-13 14:30:00
202400036817.0;4;12;12276;1;1;1.0;2.0;44.140904;2.31303;2024-12-12 03:55:00
202400036818.0;5;31;31424;2;1;1.0;1.0;43.561541;1.286658;2024-11-07 18:58:00
202400036819.0;5;1;1033;2;3;1.0;6.0;46.121117;5.81512;2024-12-12 17:30:00
202400036820.0;5;971;97103;2;2;2.0;3.0;16.252371;-61.587848;2024-11-06 19:50:00
202400036821.0;3;51;51536;1;1;1.0;1.0;49.19842;4.153733;2024-12-13 00:01:00
202400036822.0;1;971;97117;1;3;1.0;3.0;16.33563856;-61.37661606;2024-11-06 10:15:00
202400036823.0;5;59;59039;1;1;1.0;1.0;50.1644;3.279458;2024-12-12 18:00:00
202400036824.0;5;78;78442;2;1;1.0;6.0;48.810997;1.906497;2024-11-05 18:40:00
202400036825.0;5;56;56166;2;1;1.0;6.0;47.912326;-3.335472;2024-12-12 21:20:00
202400036826.0;3;89;89370;1;1;5.0;1.0;48.198706;3.116963;2024-12-09 20:00:00
202400036827.0;1;61;61483;2;4;1.0;7.0;48.552582;-0.40349;2024-11-13 09:05:00
202400036828.0;5;2B;2B042;1;1;1.0;1.0;42.603142;9.490254;2024-11-07 18:07:00
202400036829.0;1;34;34023;2;1;1.0;6.0;43.443136;3.697307;2024-11-07 15:15:00
202400036830.0;2;12;12243;1;1;1.0;1.0;44.009396;3.004337;2024-12-12 17:15:00
202400036831.0;1;46;46127;2;3;7.0;6.0;44.733037;1.376159;2024-12-12 10:45:00
202400036832.0;1;89;89152;2;2;1.0;3.0;47.94893;3.470741;2024-11-06 16:16:00
202400036833.0;2;63;63470;1;1;5.0;1.0;45.8472373;3.04667936;2024-11-07 08:50:00
202400036834.0;5;46;46029;2;4;1.0;3.0;44.926427;1.845124;2024-12-12 20:40:00
202400036835.0;1;31;31499;1;6;1.0;3.0;43.525857;1.205261;2024-11-02 10:50:00
202400036836.0;1;47;47003;1;3;1.0;3.0;44.643285;0.347614;2024-12-12 11:00:00
202400036837.0;1;25;25477;2;1;1.0;3.0;47.189745;5.951049;2024-12-11 12:48:00
202400036838.0;1;64;64067;1;1;1.0;1.0;43.257823;-0.288112;2024-11-02 17:00:00
202400036839.0;2;59;59158;2;1;9.0;6.0;50.45243533;3.20135796;2024-11-06 17:24:00
202400036840.0;5;29;29220;1;6;1.0;3.0;47.85514807;-4.2428444;2024-12-12 17:50:00
202400036841.0;3;31;31516;2;1;1.0;6.0;43.752478;1.406926;2024-12-10 23:15:00
202400036842.0;1;13;13212;2;1;1.0;3.0;43.29735;5.42496;2024-10-28 14:00:00
202400036843.0;1;2;2558;2;3;1.0;3.0;50.010945;3.781877;2024-12-13 16:46:00
202400036844.0;1;33;33122;1;1;1.0;2.0;44.74205;-0.70856;2024-11-06 15:00:00
202400036845.0;5;70;70171;2;4;1.0;6.0;47.890185;6.325144;2024-12-13 17:10:00
202400036846.0;2;33;33281;1;1;1.0;6.0;44.825874;-0.674911;2024-11-06 07:32:00
202400036847.0;3;60;60264;1;1;1.0;1.0;49.378433;2.103496;2024-12-13 18:00:00
202400036848.0;1;91;91228;1;1;1.0;2.0;48.6281;2.4127;2024-11-06 09:00:00
202400036849.0;1;64;64080;2;1;1.0;1.0;43.361832;-0.481652;2024-11-29 11:43:00
202400036850.0;3;78;78646;1;1;1.0;2.0;48.79046;2.11288;2024-11-05 18:13:00
202400036851.0;2;53;53262;1;3;8.0;3.0;48.053759;-0.544381;2024-12-12 17:20:00
202400036852.0;1;93;93066;1;1;1.0;3.0;48.91977;2.35723243;2024-11-05 16:40:00
202400036853.0;1;40;40037;1;1;1.0;1.0;43.826822;-0.525847;2024-11-24 12:18:00
202400036854.0;1;93;93007;1;1;1.0;5.0;48.94359133;2.43603045;2024-11-05 14:45:00
202400036855.0;1;95;95018;1;1;1.0;3.0;48.95201228;2.27957378;2024-11-05 09:50:00
202400036856.0;1;4;4188;1;1;2.0;5.0;43.897243;5.809;2024-12-13 07:55:00
202400036857.0;1;93;93078;1;1;5.0;5.0;48.96764117;2.51079814;2024-11-05 09:00:00
202400036858.0;1;17;17331;2;1;1.0;6.0;45.489276;-0.565937;2024-12-12 16:55:00
202400036859.0;1;10;10438;1;1;1.0;6.0;48.149138;4.608765;2024-12-13 16:00:00
202400036860.0;3;95;95127;1;1;1.0;4.0;49.03848031;2.08707637;2024-11-04 18:50:00
202400036861.0;1;35;35206;1;3;8.0;5.0;48.045167;-1.644012;2024-12-16 08:00:00
202400036862.0;3;94;94052;1;1;1.0;2.0;48.82636364;2.4658265;2024-11-06 22:50:00
202400036863.0;1;14;14341;2;1;1.0;2.0;49.158831;-0.346564;2024-08-29 19:00:00
202400036864.0;3;69;69065;1;3;2.0;5.0;46.155322;4.744189;2024-12-13 17:50:00
202400036865.0;5;93;93048;2;1;1.0;6.0;48.8552187;2.42009282;2024-05-19 21:30:00
202400036866.0;1;987;98733;2;3;1.0;3.0;-17.679619;-149.587564;2024-12-12 12:00:00
202400036867.0;1;75;75108;2;4;1.0;6.0;48.870882;2.322882;2024-10-15 17:30:00
202400036868.0;5;37;37003;2;1;1.0;6.0;47.401868;0.981488;2024-12-04 18:20:00
202400036869.0;2;44;44190;1;1;1.0;5.0;47.19310238;-1.4883866;2024-10-21 08:30:00
202400036870.0;3;95;95028;1;1;1.0;2.0;49.06304113;2.33041227;2024-12-12 17:32:00
202400036871.0;1;14;14118;2;1;1.0;7.0;49.19287;-0.39362;2024-07-25 16:20:00
202400036872.0;1;34;34344;2;1;1.0;6.0;43.558318;4.090052;2024-12-12 10:00:00
202400036873.0;1;22;22113;2;1;1.0;2.0;48.73105;-3.46231;2024-08-19 18:20:00
202400036874.0;1;88;88269;1;1;1.0;7.0;48.087999;6.798692;2024-12-13 13:05:00
202400036875.0;3;1;1224;1;1;1.0;6.0;45.792649;5.21018;2024-12-12 18:30:00
202400036876.0;5;988;98818;2;3;1.0;6.0;-22.27908;166.46253;2024-11-04 17:55:00
202400036877.0;3;69;69289;2;1;1.0;6.0;45.644326;4.999841;2024-12-12 20:30:00
202400036878.0;5;974;97411;2;3;1.0;3.0;-20.89463;55.46012;2024-11-05 19:38:00
202400036879.0;3;9;9099;1;1;1.0;6.0;42.979331;1.575058;2024-12-13 00:10:00
202400036880.0;4;33;33067;2;1;1.0;6.0;45.044216;-0.564886;2024-12-12 23:15:00
202400036881.0;1;33;33019;1;1;1.0;1.0;44.693209;-1.021535;2024-12-13 11:30:00
202400036882.0;3;44;44037;1;1;1.0;6.0;47.110619;-1.468413;2024-12-13 00:05:00
202400036883.0;3;44;44172;1;1;1.0;6.0;47.273864;-1.471235;2024-12-13 01:30:00
202400036884.0;5;50;50041;2;1;1.0;6.0;49.620748;-1.748253;2024-12-13 17:30:00
202400036885.0;3;60;60106;1;1;1.0;1.0;49.386731;2.456045;2024-12-12 17:40:00
202400036886.0;1;13;13212;1;1;1.0;2.0;43.30198;5.42551;2024-12-12 12:40:00
202400036887.0;5;13;13212;1;1;1.0;6.0;43.30329655;5.42543149;2024-12-11 18:30:00
202400036888.0;1;13;13070;1;1;1.0;3.0;43.28574484;5.51218629;2024-12-11 17:30:00
202400036889.0;1;13;13043;1;1;1.0;2.0;43.38686629;5.24190442;2024-12-11 13:15:00
202400036890.0;3;42;42097;1;1;1.0;2.0;45.51836;4.29719;2024-12-06 23:45:00
202400036891.0;3;54;54232;1;1;1.0;6.0;48.68045858;5.93862534;2024-12-08 17:30:00
202400036892.0;1;33;33122;1;1;1.0;4.0;44.747554;-0.699116;2024-12-12 16:35:00
202400036893.0;1;33;33397;1;1;1.0;2.0;44.90064;-0.494148;2024-12-12 15:40:00
202400036894.0;1;33;33550;1;1;1.0;4.0;44.784827;-0.592026;2024-12-11 09:18:00
202400036895.0;3;91;91617;1;1;1.0;4.0;48.6354;2.5353;2024-12-12 18:00:00
202400036896.0;3;94;94021;1;1;1.0;3.0;48.76395112;2.34275354;2024-12-11 17:45:00
202400036897.0;3;92;92036;1;1;2.0;6.0;48.93788866;2.29766722;2024-12-12 18:00:00
202400036898.0;3;95;95018;1;1;1.0;3.0;48.96196141;2.26786271;2024-12-12 17:58:00
202400036899.0;5;93;93066;1;1;1.0;2.0;48.93163435;2.37061507;2024-12-11 21:20:00
202400036900.0;1;93;93008;1;1;1.0;5.0;48.91197061;2.4384284;2024-12-11 09:50:00
202400036901.0;1;92;92036;1;1;2.0;3.0;48.93814244;2.31372714;2024-12-11 08:45:00
202400036902.0;3;93;93066;1;1;2.0;3.0;48.92491482;2.35684532;2024-12-10 23:00:00
202400036903.0;3;94;94028;1;1;1.0;6.0;48.77809;2.44061;2024-12-12 22:20:00
202400036904.0;3;94;94069;1;1;1.0;2.0;48.81676413;2.44884719;2024-12-12 19:00:00
202400036905.0;3;77;77495;1;1;1.0;2.0;48.58667714;2.63683062;2024-12-12 18:20:00
202400036906.0;2;93;93051;1;1;1.0;3.0;48.83558148;2.56793626;2024-12-12 08:30:00
202400036907.0;1;44;44190;2;1;1.0;2.0;47.19954765;-1.49571357;2024-11-24 12:50:00
202400036908.0;1;44;44109;2;1;1.0;6.0;47.259376;-1.5109584;2024-11-24 11:49:00
202400036909.0;1;44;44143;2;6;1.0;3.0;47.1879763;-1.5469582;2024-11-23 11:15:00
202400036910.0;3;44;44114;1;1;1.0;4.0;47.2645814;-1.59461634;2024-11-22 08:00:00
202400036911.0;1;44;44109;2;1;1.0;6.0;47.22712348;-1.50201647;2024-11-22 10:00:00
202400036912.0;3;44;44162;2;3;1.0;3.0;47.21844742;-1.64756947;2024-11-22 17:05:00
202400036913.0;1;44;44162;2;1;1.0;6.0;47.22554187;-1.64756634;2024-11-21 14:00:00
202400036914.0;5;57;57487;1;1;1.0;3.0;49.098961;6.117351;2024-10-17 19:30:00
202400036915.0;5;74;74281;2;3;1.0;6.0;46.36276;6.46089;2024-10-11 20:15:00
202400036916.0;1;74;74172;2;1;1.0;6.0;46.40372436;6.62132299;2024-08-29 15:45:00
202400036917.0;1;43;43087;1;1;2.0;7.0;45.208477;4.376271;2024-09-29 17:35:00
202400036918.0;3;43;43113;1;1;3.0;6.0;44.998646;4.010879;2024-09-04 20:15:00
202400036919.0;1;43;43216;1;1;1.0;4.0;45.12951069;3.81952207;2024-08-24 12:45:00
202400036920.0;1;43;43186;1;1;1.0;6.0;44.99287968;4.0635231;2024-08-22 18:45:00
202400036921.0;5;44;44109;2;1;1.0;6.0;47.19840224;-1.60645856;2024-11-21 17:37:00
202400036922.0;1;44;44109;2;6;1.0;7.0;47.23416598;-1.56353132;2024-11-20 10:25:00
202400036923.0;5;44;44109;2;1;1.0;6.0;47.23907431;-1.57097793;2024-11-19 17:45:00
202400036924.0;5;44;44109;2;6;1.0;3.0;47.2008002;-1.53331692;2024-11-18 19:25:00
202400036925.0;1;54;54256;1;2;1.0;3.0;48.529764;6.31038;2024-07-26 20:30:00
202400036926.0;5;974;97411;2;3;1.0;1.0;-20.89872;55.49648;2024-12-11 20:20:00
202400036927.0;1;973;97302;2;1;1.0;3.0;4.9446;-52.31532;2024-12-10 17:25:00
202400036928.0;1;69;69383;2;1;5.0;6.0;45.75678;4.84579;2024-12-11 08:58:00
202400036929.0;1;972;97213;2;9;1.0;3.0;14.65451;-61.01162;2024-12-11 16:00:00
202400036930.0;1;972;97209;2;1;1.0;2.0;14.60803;-61.08595;2024-12-11 11:20:00
202400036931.0;1;95;95203;2;3;2.0;3.0;48.99893485;2.26648944;2024-12-11 09:20:00
202400036932.0;5;91;91021;2;1;1.0;6.0;48.58499;2.23995;2024-12-10 18:35:00
202400036933.0;1;88;88209;2;1;2.0;3.0;48.19037;6.42361;2024-12-06 09:48:00
202400036934.0;1;87;87085;2;1;1.0;3.0;45.83941;1.25617;2024-12-11 10:48:00
202400036935.0;1;87;87085;2;3;1.0;3.0;45.82119;1.24596;2024-12-06 14:34:00
202400036936.0;1;30;30351;2;1;1.0;7.0;43.97073;4.77918;2024-12-06 12:10:00
202400036937.0;2;80;80724;1;6;1.0;3.0;49.86016;2.21062;2024-12-08 18:05:00
202400036938.0;1;78;78551;2;1;2.0;3.0;48.89154;2.06354;2024-12-11 08:00:00
202400036939.0;1;78;78440;2;1;8.0;6.0;48.97707;1.91472;2024-12-10 08:20:00
202400036940.0;5;77;77288;2;1;2.0;7.0;48.5382;2.65933;2024-12-10 23:55:00
202400036941.0;5;76;76410;1;1;2.0;4.0;49.47032;1.03359;2024-12-11 18:00:00
202400036942.0;5;73;73065;2;2;1.0;3.0;45.57587;5.90699;2024-12-10 17:50:00
202400036943.0;5;72;72181;2;2;1.0;6.0;48.00094;0.18361;2024-12-10 19:50:00
202400036944.0;5;72;72181;1;1;1.0;4.0;47.95335206;0.20661093;2024-12-10 18:00:00
202400036945.0;1;69;69259;2;2;1.0;3.0;45.72435;4.87172;2024-12-10 15:30:00
202400036946.0;1;69;69290;1;1;8.0;5.0;45.69404128;4.98415827;2024-12-10 09:50:00
202400036947.0;5;68;68224;2;2;1.0;3.0;47.752477;7.3287818;2024-12-09 17:40:00
202400036948.0;3;64;64348;1;1;1.0;1.0;43.34889;-0.38412;2024-12-11 17:25:00
202400036949.0;1;64;64129;2;1;1.0;2.0;43.30146;-0.39533;2024-12-11 13:45:00
202400036950.0;2;64;64445;2;1;1.0;2.0;43.30457635;-0.34264013;2024-12-10 16:30:00
202400036951.0;5;59;59392;2;1;1.0;6.0;50.26981;3.96717;2024-12-11 18:00:00
202400036952.0;1;59;59359;1;1;8.0;6.0;51.00589;2.19303;2024-12-11 08:35:00
202400036953.0;5;49;49353;2;1;8.0;6.0;47.45627;-0.50938;2024-12-10 07:53:00
202400036954.0;3;44;44162;2;1;1.0;6.0;47.21825;-1.60658;2024-12-11 19:30:00
202400036955.0;5;43;43041;2;1;1.0;3.0;45.0453;3.92539;2024-12-11 07:07:00
202400036956.0;1;93;93007;2;1;1.0;3.0;48.95322648;2.4621892;2024-01-16 15:55:00
202400036957.0;1;92;92046;2;4;1.0;6.0;48.82078;2.30063;2024-01-16 16:00:00
202400036958.0;2;92;92048;1;3;2.0;6.0;48.82218881;2.23239219;2024-01-22 08:25:00
202400036959.0;4;92;92022;2;3;1.0;6.0;48.80959646;2.19164863;2024-01-15 18:07:00
202400036960.0;5;92;92050;2;1;9.0;3.0;48.88624319;2.21210964;2024-01-16 19:40:00
202400036961.0;1;92;92048;2;1;8.0;7.0;48.81494073;2.24782231;2024-01-16 08:25:00
202400036962.0;5;92;92023;2;1;1.0;6.0;48.80165216;2.26625562;2024-01-16 19:35:00
202400036963.0;1;92;92004;2;9;1.0;3.0;48.91022424;2.29921907;2024-01-16 16:01:00
202400036964.0;5;971;97101;1;1;1.0;4.0;16.27154;-61.54829;2024-05-11 01:30:00
202400036965.0;1;92;92004;2;2;1.0;3.0;48.91124022;2.29842693;2024-01-15 11:30:00
202400036966.0;1;91;91027;2;1;2.0;2.0;48.70853;2.3983;2024-05-14 14:15:00
202400036967.0;5;95;95052;2;1;3.0;6.0;49.142103;2.284971;2024-01-17 07:45:00
202400036968.0;1;91;91286;2;1;1.0;6.0;48.65469;2.38896;2024-05-13 16:30:00
202400036969.0;5;974;97404;2;1;1.0;6.0;-21.263897;55.364249;2024-01-16 19:25:00
202400036970.0;1;91;91027;2;1;1.0;2.0;48.70736;2.38393;2024-05-13 08:50:00
202400036971.0;1;87;87085;2;2;1.0;3.0;45.83753416;1.25266224;2024-05-13 17:25:00
202400036972.0;3;51;51264;1;1;8.0;3.0;48.805574;3.602828;2024-01-08 06:55:00
202400036973.0;1;87;87050;2;3;1.0;7.0;45.88775;1.22136;2024-05-11 17:45:00
202400036974.0;5;82;82050;2;1;2.0;6.0;44.084499;0.776387;2024-01-17 19:10:00
202400036975.0;1;84;84087;2;1;1.0;6.0;44.13695;4.80485;2024-05-09 18:05:00
202400036976.0;3;63;63242;1;1;1.0;6.0;45.415631;3.260123;2024-01-16 22:45:00
202400036977.0;1;69;69383;2;2;1.0;3.0;45.75221;4.88673;2024-02-24 17:30:00
202400036978.0;3;49;49018;1;1;1.0;7.0;47.513097;-0.146248;2024-01-16 18:00:00
202400036979.0;1;84;84031;2;1;1.0;1.0;44.06012;5.0426;2024-05-13 17:11:00
202400036980.0;1;83;83137;2;1;8.0;3.0;43.13701371;5.91128372;2024-05-14 14:35:00
202400036981.0;5;69;69387;2;1;1.0;2.0;45.74766;4.84445;2024-02-24 06:10:00
202400036982.0;1;35;35160;1;1;1.0;6.0;47.952491;-2.094601;2024-01-14 09:45:00
202400036983.0;1;83;83126;2;3;1.0;3.0;43.09525777;5.88395637;2024-03-28 08:05:00
202400036984.0;2;29;29274;1;1;2.0;6.0;48.0001292;-3.78997033;2024-01-16 17:45:00
202400036985.0;1;69;69387;2;8;1.0;3.0;45.72995;4.83816;2024-02-23 09:53:00
202400036986.0;1;38;38389;1;1;8.0;3.0;45.56453;5.071564;2024-01-11 12:00:00
202400036987.0;1;83;83123;2;1;1.0;5.0;43.1352;5.77888;2024-05-12 19:03:00
202400036988.0;2;69;69387;2;2;1.0;6.0;45.74981;4.84079;2024-02-21 19:00:00
202400036989.0;2;2;2173;2;9;1.0;6.0;49.626006;3.233328;2024-01-15 17:00:00
202400036990.0;1;83;83061;2;1;1.0;6.0;43.45819;6.76478;2024-05-13 16:50:00
202400036991.0;3;3;3239;1;1;2.0;6.0;46.38766;3.927805;2024-01-16 21:30:00
202400036992.0;1;972;97213;2;1;1.0;6.0;14.61251;-60.99823;2024-02-28 07:00:00
202400036993.0;3;15;15221;2;1;1.0;7.0;44.889749;2.341225;2024-01-14 06:30:00
202400036994.0;1;79;79191;2;2;1.0;3.0;46.32596;-0.45478;2024-05-13 13:55:00
202400036995.0;1;972;97213;2;6;1.0;3.0;14.6188;-61.00489;2024-02-26 07:45:00
202400036996.0;3;58;58046;1;1;2.0;6.0;46.845104;3.652039;2024-01-16 20:10:00
202400036997.0;1;78;78350;2;1;8.0;2.0;48.87659;2.11675;2024-05-14 17:35:00
202400036998.0;2;7;7009;2;1;3.0;6.0;45.240524;4.798538;2024-01-17 17:00:00
202400036999.0;1;972;97213;1;1;1.0;7.0;14.59816;-61.00184;2024-02-24 06:30:00
202400037000.0;3;53;53267;1;1;1.0;6.0;48.060055;-0.451834;2024-01-14 03:00:00
202400037001.0;1;78;78168;2;2;2.0;3.0;48.74844;1.92287;2024-05-14 11:25:00
202400037002.0;3;40;40320;1;1;5.0;6.0;43.923581;-0.556896;2024-01-15 05:30:00
202400037003.0;1;972;97213;2;1;1.0;4.0;14.61519;-61.01448;2024-02-21 10:00:00
202400037004.0;1;4;4055;1;1;1.0;7.0;43.963292;6.321694;2024-01-16 14:00:00
202400037005.0;1;77;77284;2;1;2.0;7.0;48.95726;2.89622;2024-05-14 19:05:00
202400037006.0;1;972;97213;1;1;1.0;3.0;14.60819;-61.00516;2024-02-20 13:35:00
202400037007.0;1;85;85131;1;1;1.0;7.0;46.46758;-1.217479;2024-01-17 16:51:00
202400037008.0;5;987;98715;1;1;1.0;6.0;-17.56701107;-149.60451007;2024-01-16 21:45:00
202400037009.0;5;972;97209;1;1;1.0;6.0;14.6324;-61.07268;2024-02-27 18:40:00
202400037010.0;1;77;77199;1;4;2.0;3.0;48.93907;2.92202;2024-05-14 13:35:00
202400037011.0;1;63;63430;1;9;1.0;6.0;45.86170335;3.50474596;2024-01-16 16:45:00
202400037012.0;5;972;97209;2;1;1.0;6.0;14.62513;-61.07863;2024-02-26 19:10:00
202400037013.0;1;77;77449;1;6;2.0;7.0;48.85143;2.77821;2024-05-14 14:30:00
202400037014.0;2;55;55237;1;1;9.0;7.0;49.119664;5.511213;2024-01-17 07:00:00
202400037015.0;1;972;97209;1;1;1.0;1.0;14.63253822;-61.06269916;2024-02-20 09:45:00
202400037016.0;5;72;72181;2;1;3.0;6.0;48.01914;0.18298;2024-05-14 01:40:00
202400037017.0;2;45;45082;2;1;1.0;6.0;47.863952;2.219399;2024-01-16 14:35:00
202400037018.0;1;69;69382;2;1;1.0;3.0;45.75939;4.82902;2024-02-26 16:10:00
202400037019.0;1;77;77142;1;1;4.0;1.0;48.848359;2.939808;2024-01-16 09:04:00
202400037020.0;1;72;72181;2;2;1.0;3.0;47.99482;0.1956;2024-05-13 08:50:00
202400037021.0;3;77;77177;1;1;1.0;6.0;48.802451;2.745364;2024-01-16 21:30:00
202400037022.0;1;69;69389;2;2;1.0;3.0;45.77505;4.80719;2024-02-23 13:10:00
202400037023.0;1;34;34157;2;1;1.0;4.0;43.432852;3.593152;2024-01-17 17:15:00
202400037024.0;5;69;69389;2;3;2.0;6.0;45.77651;4.79679;2024-02-22 07:00:00
202400037025.0;1;13;13022;2;1;1.0;1.0;43.237762;5.54522;2024-01-17 10:15:00
202400037026.0;1;72;72181;2;3;1.0;6.0;47.986;0.225;2024-05-11 20:05:00
202400037027.0;5;69;69384;2;3;3.0;6.0;45.77965;4.8254;2024-02-22 06:50:00
202400037028.0;1;13;13094;1;3;1.0;5.0;43.808409;4.72278;2024-01-16 13:20:00
202400037029.0;1;71;71270;2;9;1.0;3.0;46.298865;4.825;2024-05-13 17:15:00
202400037030.0;1;2B;2B037;1;1;2.0;2.0;42.62082;9.43704;2024-02-23 11:00:00
202400037031.0;1;57;57683;2;3;1.0;6.0;49.299641;6.151475;2024-01-10 10:10:00
202400037032.0;1;71;71153;2;1;2.0;6.0;46.80508;4.44382;2024-05-14 12:01:00
202400037033.0;1;63;63470;1;1;1.0;7.0;45.870484;3.02521;2024-01-11 15:45:00
202400037034.0;1;2B;2B037;2;1;1.0;3.0;42.63406;9.43176;2024-02-22 16:53:00
202400037035.0;1;73;73030;1;1;2.0;6.0;45.576976;5.982364;2024-01-16 13:45:00
202400037036.0;2;69;69266;2;1;2.0;3.0;45.76967;4.87108;2024-05-14 20:30:00
202400037037.0;1;81;81092;1;2;1.0;3.0;43.722793;1.927237;2024-01-12 16:15:00
202400037038.0;1;69;69266;2;3;3.0;3.0;45.76595073;4.89881444;2024-05-14 18:40:00
202400037039.0;1;2B;2B037;2;1;1.0;2.0;42.62878;9.43729;2024-02-21 13:59:00
202400037040.0;3;35;35256;1;1;1.0;2.0;48.615123;-2.114353;2024-01-15 00:15:00
202400037041.0;2;59;59599;2;1;2.0;6.0;50.73133;3.18774;2024-05-14 20:30:00
202400037042.0;5;80;80410;2;9;1.0;7.0;49.747962;3.074868;2024-01-16 21:45:00
202400037043.0;5;57;57672;2;1;1.0;6.0;49.35625;6.14138;2024-05-11 22:40:00
202400037044.0;2;13;13071;1;1;1.0;2.0;43.406568;5.291937;2024-01-15 07:15:00
202400037045.0;1;971;97105;2;1;1.0;6.0;15.99678;-61.71908;2024-02-25 14:40:00
202400037046.0;1;54;54395;2;2;1.0;3.0;48.68688;6.18534;2024-05-13 19:20:00
202400037047.0;4;83;83137;1;1;1.0;3.0;43.12473537;5.96809464;2024-01-16 06:55:00
202400037048.0;1;54;54483;2;1;1.0;6.0;48.63143;6.30193;2024-05-13 11:40:00
202400037049.0;5;971;97105;2;9;1.0;3.0;16.00974;-61.73976;2024-02-21 22:45:00
202400037050.0;3;33;33448;1;1;1.0;2.0;44.702054;-0.503593;2024-01-16 22:23:00
202400037051.0;1;45;45234;2;1;2.0;6.0;47.876042;1.910884;2024-05-14 13:50:00
202400037052.0;5;2A;2A004;2;1;3.0;6.0;41.94142799;8.75614375;2024-02-26 19:01:00
202400037053.0;1;91;91228;1;1;1.0;4.0;48.62410617;2.41923988;2024-01-16 15:40:00
202400037054.0;1;45;45147;2;1;2.0;6.0;47.92449;1.89704;2024-05-14 10:20:00
202400037055.0;1;2A;2A004;2;3;2.0;6.0;41.92491804;8.73878986;2024-02-26 10:43:00
202400037056.0;1;92;92048;1;1;1.0;6.0;48.81130205;2.21297347;2024-01-16 09:43:00
202400037057.0;1;44;44109;2;1;2.0;6.0;47.22169;-1.60281;2024-05-14 15:10:00
202400037058.0;1;92;92047;1;1;1.0;3.0;48.83444245;2.17035024;2024-01-16 10:05:00
202400037059.0;1;42;42305;2;9;1.0;6.0;45.47377292;4.42558855;2024-05-13 18:10:00
202400037060.0;3;95;95277;2;1;1.0;2.0;48.97227792;2.46197284;2024-02-23 18:45:00
202400037061.0;3;92;92072;1;1;1.0;6.0;48.81299091;2.21400238;2024-01-15 21:40:00
202400037062.0;3;95;95527;1;1;1.0;6.0;48.9820631;2.50166646;2024-01-16 22:05:00
202400037063.0;1;40;40192;2;3;1.0;3.0;43.893157;-0.500219;2024-05-10 11:40:00
202400037064.0;5;95;95019;2;1;1.0;2.0;48.98619607;2.41582813;2024-02-22 20:30:00
202400037065.0;5;95;95607;2;1;1.0;6.0;49.02895349;2.2062993;2024-02-27 18:10:00
202400037066.0;2;95;95500;1;1;1.0;5.0;49.03753486;2.09060913;2024-01-16 17:00:00
202400037067.0;1;38;38185;2;2;1.0;3.0;45.180568;5.741631;2024-05-13 17:30:00
202400037068.0;1;95;95256;1;1;1.0;2.0;49.05531709;2.20259786;2024-01-16 16:35:00
202400037069.0;1;95;95607;2;1;3.0;3.0;49.02126179;2.2201924;2024-02-22 13:45:00
202400037070.0;5;37;37233;2;3;1.0;6.0;47.38145;0.72138;2024-05-15 00:50:00
202400037071.0;3;93;93064;1;1;1.0;3.0;48.88401889;2.47154067;2024-01-16 08:30:00
202400037072.0;1;37;37261;2;6;2.0;6.0;47.4156;0.68355;2024-05-14 16:05:00
202400037073.0;1;95;95203;2;3;1.0;3.0;49.00319863;2.2809015;2024-02-20 07:50:00
202400037074.0;1;94;94028;1;1;1.0;2.0;48.79084463;2.44049907;2024-01-16 12:45:00
202400037075.0;1;95;95210;2;9;1.0;6.0;48.96374;2.303601;2024-02-28 14:20:00
202400037076.0;1;35;35238;2;3;1.0;3.0;48.10919;-1.7083;2024-05-14 18:04:00
202400037077.0;1;77;77363;1;1;1.0;2.0;48.91549;2.63415;2024-01-16 12:45:00
202400037078.0;2;95;95427;2;1;8.0;6.0;48.97703362;2.34840048;2024-02-22 17:26:00
202400037079.0;1;976;97611;2;1;1.0;6.0;-12.46332;45.22346;2024-01-15 12:25:00
202400037080.0;1;35;35238;2;2;2.0;3.0;48.09715944;-1.67700999;2024-05-13 17:50:00
202400037081.0;5;973;97302;2;2;8.0;3.0;4.9388101;-52.33173519;2024-01-15 04:00:00
202400037082.0;5;95;95014;2;2;3.0;3.0;49.01185853;2.30500256;2024-02-21 21:30:00
202400037083.0;1;69;69386;2;2;2.0;3.0;45.76648;4.84951;2024-01-15 09:10:00
202400037084.0;2;95;95288;1;1;2.0;3.0;48.98643157;2.36113303;2024-02-19 17:40:00
202400037085.0;5;69;69386;2;1;1.0;2.0;45.77687;4.84381;2024-01-15 04:45:00
202400037086.0;1;34;34301;2;2;1.0;3.0;43.41022;3.6974;2024-05-13 16:15:00
202400037087.0;1;972;97213;2;3;1.0;3.0;14.64364;-61.01034;2024-01-15 07:20:00
202400037088.0;5;91;91549;2;2;1.0;3.0;48.64306;2.34166;2024-02-27 00:08:00
202400037089.0;1;34;34172;2;3;2.0;3.0;43.61616;3.88438;2024-05-14 17:45:00
202400037090.0;5;972;97209;2;1;1.0;6.0;14.61;-61.05;2024-01-14 18:45:00
202400037091.0;1;69;69389;2;3;2.0;3.0;45.77976;4.80567;2024-01-15 09:20:00
202400037092.0;1;33;33063;2;2;1.0;3.0;44.83193;-0.57727;2024-05-14 20:40:00
202400037093.0;5;91;91103;2;1;2.0;4.0;48.62014;2.30074;2024-02-26 19:50:00