Num_Acc;lum;departement;commune;agglomeration;intersection;meteo;type_collision;lat;long;date
202400037094.0;1;95;95582;1;1;1.0;6.0;48.96427076;2.26827495;2024-04-07 17:10:00
202400037095.0;1;69;69389;2;9;2.0;2.0;45.7616;4.80876;2024-01-15 09:00:00
202400037096.0;3;33;33063;2;1;3.0;6.0;44.89727;-0.55111;2024-05-14 02:00:00
202400037097.0;1;91;91570;2;1;3.0;3.0;48.63434;2.31471;2024-02-22 14:50:00
202400037098.0;1;971;97113;1;1;1.0;6.0;16.208;-61.45143;2024-01-14 06:30:00
202400037099.0;1;93;93005;1;1;1.0;5.0;48.94047447;2.47890375;2024-04-06 17:05:00
202400037100.0;1;91;91692;2;1;2.0;6.0;48.68268;2.16442;2024-02-26 17:20:00
202400037101.0;1;32;32013;2;1;1.0;5.0;43.6644;0.59592;2024-05-14 17:58:00
202400037102.0;4;95;95585;1;1;8.0;2.0;48.98420625;2.37228131;2024-01-15 18:00:00
202400037103.0;1;91;91377;2;9;8.0;6.0;48.73746;2.26759;2024-02-24 14:40:00
202400037104.0;1;93;93048;1;1;1.0;2.0;48.86636948;2.48142569;2024-04-05 18:40:00
202400037105.0;1;25;25056;2;3;2.0;2.0;47.26118;6.01042;2024-05-06 13:00:00
202400037106.0;1;95;95585;2;2;8.0;6.0;48.99471166;2.37911224;2024-01-15 09:00:00
202400037107.0;1;25;25056;2;1;1.0;6.0;47.251586;6.028498;2024-05-14 10:40:00
202400037108.0;1;91;91477;2;3;1.0;3.0;48.72373;2.25121;2024-02-23 15:05:00
202400037109.0;1;91;91191;2;6;1.0;6.0;48.71237;2.46487;2024-01-15 11:50:00
202400037110.0;1;77;77363;1;1;1.0;2.0;48.914711;2.634548;2024-04-07 17:00:00
202400037111.0;1;19;19031;2;6;3.0;3.0;45.1556;1.48005;2024-05-14 12:09:00
202400037112.0;5;91;91228;2;1;1.0;6.0;48.63323;2.43255;2024-01-15 19:30:00
202400037113.0;1;19;19031;2;1;1.0;3.0;45.16796;1.53438;2024-05-13 16:33:00
202400037114.0;3;974;97407;2;1;1.0;6.0;-20.95859;55.31942;2024-04-05 22:18:00
202400037115.0;5;91;91477;2;2;2.0;3.0;48.71988;2.22498;2024-02-19 18:52:00
202400037116.0;5;84;84087;2;3;1.0;3.0;44.12941;4.83603;2024-01-15 19:20:00
202400037117.0;5;84;84007;2;1;1.0;6.0;43.93994;4.7877;2024-01-01 06:17:00
202400037118.0;1;974;97407;2;9;1.0;3.0;-20.94965;55.30166;2024-04-05 17:00:00
202400037119.0;1;13;13206;2;2;3.0;3.0;43.29121;5.38069;2024-05-14 19:02:00
202400037120.0;1;972;97209;2;1;1.0;3.0;14.60238;-61.06865;2024-04-06 06:20:00
202400037121.0;1;84;84007;2;3;1.0;3.0;43.92297;4.80932;2024-01-13 16:40:00
202400037122.0;1;91;91657;2;4;1.0;3.0;48.69955;2.41735;2024-02-20 15:20:00
202400037123.0;1;13;13215;2;1;8.0;3.0;43.35014;5.35874;2024-05-14 13:22:00
202400037124.0;1;69;69149;2;1;1.0;3.0;45.70157;4.82361;2024-04-06 14:00:00
202400037125.0;5;13;13208;2;1;1.0;3.0;43.27363;5.385;2024-05-14 01:45:00
202400037126.0;2;91;91691;2;1;2.0;6.0;48.72484;2.49971;2024-02-19 18:15:00
202400037127.0;5;971;97120;1;1;1.0;3.0;16.22728;-61.52986;2024-04-05 20:00:00
202400037128.0;1;77;77284;2;1;1.0;2.0;48.96748753;2.88289976;2024-01-15 17:00:00
202400037129.0;1;12;12176;2;1;2.0;1.0;44.37345;2.63648;2024-05-02 08:37:00
202400037130.0;5;91;91027;2;1;1.0;1.0;48.707411;2.396625;2024-02-24 18:40:00
202400037131.0;1;10;10321;1;1;1.0;2.0;48.2787;3.9953;2024-05-13 17:50:00
202400037132.0;3;77;77186;1;1;1.0;1.0;48.45504;2.6711;2024-01-12 22:10:00
202400037133.0;1;971;97101;1;1;1.0;2.0;16.25385288;-61.53823256;2024-04-05 15:20:00
202400037134.0;1;91;91027;2;6;2.0;3.0;48.71495;2.37348;2024-02-22 11:10:00
202400037135.0;1;76;76705;1;9;1.0;3.0;49.334332;1.102967;2024-01-15 09:20:00
202400037136.0;1;4;4112;1;1;2.0;3.0;43.84493;5.73968;2024-05-14 10:10:00
202400037137.0;1;2A;2A004;2;1;1.0;4.0;41.93391;8.74995;2024-04-05 15:59:00
202400037138.0;1;76;76351;2;2;1.0;3.0;49.49846;0.12782;2024-01-12 16:25:00
202400037139.0;5;91;91174;2;7;8.0;3.0;48.60683;2.48349;2024-02-19 19:35:00
202400037140.0;1;1;1344;2;3;1.0;3.0;46.21315;5.20411;2024-05-13 17:30:00
202400037141.0;1;91;91433;1;1;2.0;6.0;48.45933;2.17795;2024-02-26 08:25:00
202400037142.0;1;76;76351;2;3;1.0;6.0;49.49996;0.12835;2024-01-13 14:20:00
202400037143.0;1;91;91027;2;2;1.0;3.0;48.70876;2.37136;2024-04-06 10:35:00
202400037144.0;3;76;76447;1;1;1.0;1.0;49.55736;0.16528;2024-01-13 18:10:00
202400037145.0;1;75;75117;2;1;1.0;4.0;48.884578;2.286301;2024-05-13 09:40:00
202400037146.0;1;88;88160;1;1;1.0;1.0;48.17688;6.50256;2024-02-27 16:30:00
202400037147.0;5;76;76351;2;2;1.0;2.0;49.49611;0.14678;2024-01-13 00:50:00
202400037148.0;3;87;87085;1;1;2.0;6.0;45.85101807;1.276054;2024-02-25 23:28:00
202400037149.0;5;91;91479;1;1;1.0;5.0;48.7277;2.3687;2024-04-06 03:20:00
202400037150.0;1;76;76114;2;1;1.0;6.0;49.57218;0.47519;2024-01-12 15:00:00
202400037151.0;5;75;75120;2;1;1.0;4.0;48.873317;2.412054;2024-05-13 21:55:00
202400037152.0;5;87;87085;2;6;2.0;3.0;45.83781;1.27854;2024-02-23 20:22:00
202400037153.0;1;75;75119;2;3;3.0;6.0;48.888708;2.373353;2024-05-14 09:50:00
202400037154.0;1;91;91433;1;6;1.0;3.0;48.450477;2.174134;2024-04-06 13:25:00
202400037155.0;3;69;69266;2;6;8.0;2.0;45.78516361;4.8888679;2024-01-15 21:40:00
202400037156.0;5;69;69256;2;1;2.0;6.0;45.77810537;4.93928151;2024-01-15 07:45:00
202400037157.0;1;86;86194;2;1;1.0;1.0;46.592146;0.348054;2024-02-23 17:20:00
202400037158.0;5;87;87085;2;2;1.0;6.0;45.82133;1.23991;2024-04-04 03:00:00
202400037159.0;4;75;75117;2;1;1.0;3.0;48.87756;2.28364;2024-05-13 23:05:00
202400037160.0;2;69;69264;2;1;2.0;6.0;45.98728;4.72134;2024-01-15 08:20:00
202400037161.0;5;83;83137;2;1;1.0;7.0;43.12146;5.89395;2024-04-06 01:00:00
202400037162.0;2;69;69290;2;1;3.0;6.0;45.69459;4.94036;2024-01-15 07:45:00
202400037163.0;2;85;85191;2;1;1.0;4.0;46.668561;-1.43142;2024-02-20 18:05:00
202400037164.0;1;75;75117;2;4;1.0;3.0;48.87769;2.2941;2024-05-13 14:40:00
202400037165.0;1;65;65440;2;2;1.0;6.0;43.23571015;0.07200608;2024-01-15 08:15:00
202400037166.0;5;83;83069;2;3;1.0;3.0;43.11709;6.12862;2024-04-06 20:30:00
202400037167.0;1;75;75116;2;2;1.0;6.0;48.85764;2.274732;2024-05-14 18:45:00
202400037168.0;1;64;64483;2;1;2.0;6.0;43.38754;-1.66147;2024-01-15 11:35:00
202400037169.0;5;83;83061;2;1;1.0;6.0;43.42452003;6.76006615;2024-04-06 22:06:00
202400037170.0;2;84;84007;2;3;1.0;4.0;43.94437;4.81747;2024-02-24 19:23:00
202400037171.0;1;75;75116;2;3;2.0;2.0;48.85174;2.277587;2024-05-14 14:20:00
202400037172.0;5;64;64024;2;2;2.0;7.0;43.48213;-1.51462;2024-01-14 17:50:00
202400037173.0;1;79;79329;2;1;7.0;3.0;46.994448;-0.20793;2024-04-05 17:17:00
202400037174.0;1;63;63113;2;2;2.0;6.0;45.77359;3.08986;2024-01-15 13:34:00
202400037175.0;1;75;75116;2;3;3.0;6.0;48.847528;2.26905;2024-05-14 09:50:00
202400037176.0;5;84;84007;1;5;1.0;3.0;43.88923;4.91611;2024-02-20 20:00:00
202400037177.0;5;78;78481;2;2;1.0;3.0;48.89786;2.10715;2024-04-06 22:15:00
202400037178.0;5;63;63113;2;4;2.0;3.0;45.75781;3.08596;2024-01-15 07:20:00
202400037179.0;1;75;75116;2;7;2.0;3.0;48.83747264;2.25680387;2024-05-14 09:35:00
202400037180.0;2;84;84007;2;3;1.0;6.0;43.94615;4.83489;2024-02-19 19:30:00
202400037181.0;1;60;60057;2;1;1.0;1.0;49.45006558;2.07249248;2024-01-15 11:30:00
202400037182.0;1;77;77438;2;1;2.0;3.0;48.86123;2.67319;2024-04-05 18:00:00
202400037183.0;1;83;83062;2;1;1.0;6.0;43.12656;6.01261;2024-02-19 12:08:00
202400037184.0;5;75;75109;2;3;1.0;2.0;48.87089;2.346728;2024-05-14 02:09:00
202400037185.0;5;56;56121;2;2;8.0;3.0;47.750522;-3.36296;2024-01-14 19:40:00
202400037186.0;1;76;76231;2;1;2.0;1.0;49.28385;0.99263;2024-04-05 17:15:00
202400037187.0;1;83;83137;2;3;1.0;6.0;43.12411;5.95472;2024-02-21 14:40:00
202400037188.0;1;45;45234;2;1;1.0;6.0;47.90721;1.88788;2024-01-15 10:40:00
202400037189.0;1;75;75107;2;3;2.0;3.0;48.859084;2.29324;2024-05-14 12:00:00
202400037190.0;3;41;41018;2;1;1.0;2.0;47.58626;1.33634;2024-01-14 07:00:00
202400037191.0;1;83;83126;2;1;1.0;6.0;43.10000523;5.8807037;2024-02-20 09:10:00
202400037192.0;5;75;75107;2;1;1.0;1.0;48.85913;2.29394;2024-05-13 22:32:00
202400037193.0;5;72;72181;2;3;2.0;3.0;48.01175;0.18609;2024-04-06 23:30:00
202400037194.0;1;38;38544;2;1;2.0;6.0;45.529;4.878;2024-01-15 08:15:00
202400037195.0;1;75;75101;2;1;3.0;7.0;48.857887;2.34416;2024-05-14 08:40:00
202400037196.0;5;35;35115;2;1;1.0;6.0;48.35472;-1.2051;2024-01-13 18:00:00
202400037197.0;1;83;83129;2;1;1.0;3.0;43.11937;5.8473;2024-02-27 13:40:00
202400037198.0;5;67;67482;2;1;1.0;6.0;48.58729;7.69724;2024-04-07 00:30:00
202400037199.0;1;75;75104;2;3;1.0;7.0;48.854795;2.368744;2024-05-13 08:37:00
202400037200.0;2;34;34172;2;9;1.0;3.0;43.601068;3.86807;2024-01-15 07:15:00
202400037201.0;1;83;83129;2;3;1.0;3.0;43.1068585;5.82183588;2024-02-24 09:20:00
202400037202.0;5;29;29019;2;1;2.0;6.0;48.403435;-4.500904;2024-01-14 20:40:00
202400037203.0;5;94;94081;2;3;1.0;3.0;48.79502;2.39728;2024-05-12 21:15:00
202400037204.0;2;67;67482;2;3;1.0;3.0;48.6131;7.77284;2024-04-06 19:50:00
202400037205.0;1;83;83069;2;1;1.0;3.0;43.10907;6.13906;2024-02-23 15:10:00
202400037206.0;1;94;94003;2;2;8.0;3.0;48.800127;2.342766;2024-05-14 20:25:00
202400037207.0;2;27;27681;2;1;1.0;7.0;49.09328;1.47254;2024-01-15 08:25:00
202400037208.0;5;83;83034;1;1;1.0;6.0;43.08471;6.10562;2024-02-23 21:20:00
202400037209.0;1;67;67482;2;1;1.0;2.0;48.57262;7.75586;2024-04-06 15:50:00
202400037210.0;1;94;94041;2;1;2.0;6.0;48.81350661;2.38873921;2024-05-14 19:15:00
202400037211.0;3;26;26058;1;1;1.0;7.0;44.96526352;4.90068555;2024-01-16 01:25:00
202400037212.0;1;83;83069;2;1;1.0;6.0;43.1177;6.13038;2024-02-23 10:25:00
202400037213.0;1;64;64102;2;1;1.0;3.0;43.4863;-1.46664;2024-04-06 11:05:00
202400037214.0;5;94;94041;2;1;1.0;6.0;48.82381;2.39067;2024-05-13 22:15:00
202400037215.0;1;25;25056;2;2;1.0;6.0;47.25339;6.01546;2024-01-15 15:05:00
202400037216.0;1;94;94038;2;3;2.0;6.0;48.779473;2.338822;2024-05-14 17:40:00
202400037217.0;1;83;83061;2;1;1.0;4.0;43.43926933;6.74602926;2024-02-19 17:20:00
202400037218.0;5;63;63014;2;6;6.0;6.0;45.75771;3.14258;2024-04-06 23:30:00
202400037219.0;5;16;16015;2;6;1.0;6.0;45.6432;0.13609;2024-01-15 18:55:00
202400037220.0;5;13;13213;2;1;1.0;3.0;43.34319;5.42053;2024-01-15 19:30:00
202400037221.0;1;94;94071;2;1;1.0;3.0;48.76693;2.53155;2024-05-13 18:10:00
202400037222.0;5;81;81018;2;2;1.0;2.0;43.9546;2.20367;2024-02-18 19:20:00
202400037223.0;1;61;61169;1;1;1.0;1.0;48.7493;-0.52765;2024-04-06 08:30:00
202400037224.0;1;80;80021;2;1;1.0;6.0;49.87085;2.29524;2024-02-22 08:50:00
202400037225.0;3;13;13047;1;1;1.0;6.0;43.55883;4.97639;2024-01-15 21:15:00
202400037226.0;1;93;93073;2;2;2.0;3.0;48.96007;2.57154;2024-05-14 17:50:00
202400037227.0;1;60;60159;2;2;1.0;3.0;49.41092687;2.82440887;2024-04-06 08:50:00
202400037228.0;5;80;80021;2;1;1.0;3.0;49.8741;2.30653;2024-02-19 22:55:00
202400037229.0;1;93;93071;2;1;3.0;2.0;48.940813;2.512513;2024-05-14 10:30:00
202400037230.0;5;59;59599;2;9;1.0;3.0;50.730361;3.13979;2024-04-06 21:00:00
202400037231.0;1;6;6088;2;1;1.0;2.0;43.6923513;7.2442754;2024-01-15 13:15:00
202400037232.0;1;93;93064;2;1;1.0;3.0;48.881802;2.494707;2024-05-13 10:40:00
202400037233.0;1;56;56162;1;1;1.0;6.0;47.75181;-3.41952;2024-04-06 08:35:00
202400037234.0;1;75;75119;2;3;8.0;3.0;48.875592;2.381881;2024-01-15 15:35:00
202400037235.0;1;78;78551;1;2;1.0;1.0;48.93943;2.0762;2024-02-27 12:35:00
202400037236.0;1;93;93051;2;1;3.0;6.0;48.840522;2.553052;2024-05-14 09:45:00
202400037237.0;1;75;75118;2;1;1.0;6.0;48.893098;2.348412;2024-01-15 11:30:00
202400037238.0;1;54;54300;2;2;1.0;1.0;48.65839;6.224;2024-04-06 13:30:00
202400037239.0;1;78;78418;2;3;2.0;3.0;48.91116;2.13595;2024-02-26 11:15:00
202400037240.0;5;93;93031;2;2;1.0;3.0;48.95275;2.32753;2024-05-13 23:35:00
202400037241.0;3;75;75117;2;1;1.0;3.0;48.894952;2.306749;2024-01-15 07:30:00
202400037242.0;1;54;54395;2;2;1.0;6.0;48.68757;6.17076;2024-04-06 12:00:00
202400037243.0;1;93;93001;2;6;3.0;3.0;48.921299;2.376101;2024-05-14 11:35:00
202400037244.0;5;78;78440;2;2;2.0;6.0;48.97572;1.91569;2024-02-21 19:00:00
202400037245.0;5;75;75114;2;1;1.0;3.0;48.823274;2.316062;2024-01-13 21:30:00
202400037246.0;2;54;54339;1;1;1.0;3.0;48.72854;6.18458;2024-04-06 06:40:00
202400037247.0;1;92;92046;2;1;2.0;3.0;48.81588835;2.30531882;2024-05-14 10:20:00
202400037248.0;5;75;75112;2;1;1.0;6.0;48.852747;2.371179;2024-01-14 04:31:00
202400037249.0;1;78;78015;1;9;1.0;1.0;48.971067;2.040871;2024-02-28 18:25:00
202400037250.0;1;92;92046;2;7;1.0;3.0;48.82117702;2.30343443;2024-05-13 09:20:00
202400037251.0;5;75;75101;2;2;1.0;3.0;48.859627;2.344852;2024-01-15 07:50:00
202400037252.0;1;92;92064;2;1;2.0;3.0;48.85405804;2.19965476;2024-05-14 12:05:00
202400037253.0;1;51;51172;2;4;1.0;6.0;49.21431;4.05081;2024-04-06 18:41:00
202400037254.0;2;94;94080;2;3;1.0;6.0;48.847903;2.440306;2024-01-15 17:25:00
202400037255.0;1;92;92044;2;2;2.0;3.0;48.90043536;2.28647169;2024-05-14 18:27:00
202400037256.0;1;49;49007;2;1;1.0;6.0;47.47619;-0.54781;2024-04-06 12:35:00
202400037257.0;5;94;94078;2;3;1.0;6.0;48.75061729;2.44741452;2024-01-11 08:00:00
202400037258.0;5;92;92040;2;2;1.0;3.0;48.82638491;2.27350527;2024-05-14 22:50:00
202400037259.0;1;77;77479;2;1;2.0;6.0;48.868343;2.645198;2024-02-26 08:20:00
202400037260.0;1;49;49007;1;1;1.0;3.0;47.466;-0.5813;2024-04-06 09:30:00
202400037261.0;5;94;94068;2;2;1.0;3.0;48.78603;2.49526;2024-01-15 07:25:00
202400037262.0;2;92;92035;2;1;1.0;1.0;48.90678;2.24534;2024-05-12 20:14:00
202400037263.0;1;94;94046;2;1;8.0;2.0;48.80784268;2.43715578;2024-01-14 08:55:00
202400037264.0;1;77;77258;1;1;1.0;4.0;48.838239;2.624728;2024-02-25 09:30:00
202400037265.0;1;47;47001;2;3;1.0;3.0;44.20696;0.63658;2024-04-05 14:50:00
202400037266.0;1;94;94034;2;3;1.0;6.0;48.75518107;2.33047557;2024-01-15 14:30:00
202400037267.0;1;94;94028;2;1;1.0;6.0;48.77003;2.46254;2024-01-15 11:45:00
202400037268.0;1;92;92026;2;4;2.0;4.0;48.88726039;2.25306474;2024-05-14 15:05:00
202400037269.0;1;77;77468;1;1;2.0;1.0;48.85616;2.63662;2024-02-22 10:30:00
202400037270.0;1;93;93051;2;5;7.0;6.0;48.84340635;2.55952549;2024-01-15 15:15:00
202400037271.0;1;45;45234;2;1;8.0;4.0;47.90969;1.90083;2024-04-05 17:30:00
202400037272.0;1;92;92025;2;1;2.0;3.0;48.9243956;2.25268051;2024-05-14 16:10:00
202400037273.0;1;77;77445;1;1;1.0;6.0;48.59555;2.59422;2024-02-27 12:45:00
202400037274.0;1;93;93046;2;3;1.0;6.0;48.92151;2.5253;2024-01-15 16:40:00
202400037275.0;1;92;92004;2;1;2.0;6.0;48.91120614;2.28542072;2024-05-14 16:25:00
202400037276.0;1;77;77445;2;1;1.0;6.0;48.58979;2.59226;2024-02-20 09:38:00
202400037277.0;1;44;44109;2;1;2.0;3.0;47.20661;-1.541881;2024-04-06 20:00:00
202400037278.0;1;93;93032;2;3;1.0;3.0;48.87661;2.54928;2024-01-15 10:10:00
202400037279.0;5;92;92002;2;2;8.0;3.0;48.75343441;2.30502391;2024-05-14 22:35:00
202400037280.0;1;77;77276;1;1;1.0;5.0;48.918;2.88027;2024-02-27 08:40:00
202400037281.0;1;44;44135;2;1;1.0;6.0;47.27433;-2.43962;2024-04-02 14:50:00
202400037282.0;1;93;93007;2;1;1.0;6.0;48.95041;2.44493;2024-01-15 12:45:00
202400037283.0;1;86;86174;2;1;1.0;6.0;46.765585;0.479831;2024-05-15 14:15:00
202400037284.0;2;92;92064;2;1;1.0;6.0;48.84264942;2.2100873;2024-01-15 08:10:00
202400037285.0;1;36;36034;2;1;1.0;2.0;47.25512042;1.64928282;2024-05-15 07:35:00
202400037286.0;1;42;42218;2;4;1.0;6.0;45.43150711;4.40586231;2024-04-05 19:45:00
202400037287.0;1;77;77284;2;5;8.0;2.0;48.95746;2.89455;2024-02-26 08:00:00
202400037288.0;2;92;92048;2;6;2.0;2.0;48.8177318;2.24901599;2024-01-15 07:55:00
202400037289.0;1;84;84083;2;6;1.0;2.0;44.200143;4.727683;2024-05-11 17:00:00
202400037290.0;5;77;77284;2;9;2.0;6.0;48.95725;2.89415;2024-02-23 19:30:00
202400037291.0;1;65;65120;1;1;2.0;6.0;43.199267;0.156872;2024-05-15 15:40:00
202400037292.0;1;38;38185;2;2;1.0;6.0;45.18587;5.71808;2024-04-05 15:36:00
202400037293.0;1;92;92025;2;1;8.0;3.0;48.91290423;2.23076275;2024-01-15 08:20:00
202400037294.0;1;22;22114;1;1;1.0;6.0;48.238008;-2.290349;2024-05-14 14:59:00
202400037295.0;3;77;77111;2;2;1.0;6.0;48.87824;2.76602;2024-02-27 21:45:00
202400037296.0;1;92;92012;2;2;1.0;6.0;48.83191737;2.23820239;2024-01-15 12:45:00
202400037297.0;1;37;37122;2;2;1.0;3.0;47.35635;0.66545;2024-04-06 19:10:00
202400037298.0;1;56;56117;2;1;1.0;6.0;47.883118;-2.832589;2024-05-14 16:35:00
202400037299.0;1;77;77132;2;1;2.0;6.0;48.871876;2.797644;2024-02-25 16:00:00
202400037300.0;1;77;77449;1;1;3.0;6.0;48.85818;2.79625;2024-02-25 16:29:00
202400037301.0;1;35;35238;2;1;1.0;3.0;48.10583;-1.73288;2024-04-06 13:35:00
202400037302.0;1;77;77109;2;3;2.0;3.0;48.610679;3.197166;2024-05-14 08:40:00
202400037303.0;3;21;21599;1;1;9.0;6.0;47.648319;5.178046;2024-01-12 19:45:00
202400037304.0;1;77;77058;2;1;3.0;6.0;48.839564;2.725567;2024-02-23 14:15:00
202400037305.0;1;76;76452;2;1;1.0;7.0;49.555633;1.073517;2024-05-14 19:05:00
202400037306.0;1;974;97412;2;1;1.0;6.0;-21.374626;55.624509;2024-01-16 15:00:00
202400037307.0;2;35;35115;2;6;2.0;3.0;48.34384;-1.17629;2024-04-02 18:50:00
202400037308.0;1;2A;2A139;1;1;1.0;6.0;41.688649;9.326041;2024-05-15 06:00:00
202400037309.0;1;77;77333;2;1;3.0;6.0;48.25841397;2.70479772;2024-02-26 16:55:00
202400037310.0;1;34;34003;2;1;1.0;6.0;43.29964;3.4817;2024-04-06 10:30:00
202400037311.0;1;35;35085;2;2;1.0;3.0;48.410225;-1.753693;2024-01-08 16:25:00
202400037312.0;1;82;82025;1;2;3.0;3.0;43.957833;1.286648;2024-05-14 09:08:00
202400037313.0;1;76;76561;2;1;1.0;3.0;49.30021;1.01768;2024-02-27 18:20:00
202400037314.0;4;33;33318;2;1;1.0;6.0;44.79;-0.673;2024-04-07 02:00:00
202400037315.0;1;65;65389;2;3;3.0;7.0;43.07352;0.483484;2024-05-14 09:30:00
202400037316.0;1;59;59653;1;1;8.0;3.0;50.58043;2.906399;2024-01-14 09:20:00
202400037317.0;3;61;61079;1;1;1.0;6.0;48.224136;0.725086;2024-05-06 21:15:00
202400037318.0;5;76;76540;2;2;1.0;3.0;49.42713949;1.08354717;2024-02-20 21:00:00
202400037319.0;2;29;29019;2;6;8.0;3.0;48.385343;-4.528253;2024-04-06 20:18:00
202400037320.0;5;59;59525;2;1;1.0;1.0;50.087981;4.001244;2024-01-15 19:45:00
202400037321.0;1;46;46136;1;1;2.0;5.0;44.509904;1.251175;2024-05-14 14:25:00
202400037322.0;1;76;76351;2;2;1.0;3.0;49.49254;0.1008;2024-02-27 13:50:00
202400037323.0;2;26;26281;2;3;1.0;3.0;45.04716785;5.06317377;2024-04-06 20:00:00
202400037324.0;5;71;71543;2;3;8.0;1.0;46.555275;4.915824;2024-01-16 17:45:00
202400037325.0;1;76;76351;2;1;1.0;6.0;49.50896;0.13818;2024-02-27 17:30:00
202400037326.0;1;47;47140;1;1;2.0;1.0;44.312376;0.5777;2024-05-14 07:34:00
202400037327.0;1;23;23096;2;1;1.0;6.0;46.17461;1.87732;2024-04-05 11:45:00
202400037328.0;3;61;61486;1;1;9.0;6.0;48.731178;-0.707309;2024-01-14 23:00:00
202400037329.0;3;76;76341;2;1;2.0;6.0;49.50387;0.20275;2024-02-26 07:50:00
202400037330.0;3;49;49060;2;1;1.0;6.0;47.185338;-0.068171;2024-01-14 21:00:00
202400037331.0;1;39;39013;1;1;1.0;1.0;46.897574;5.791646;2024-05-12 15:55:00
202400037332.0;1;22;22106;2;1;1.0;4.0;48.5014;-2.7286;2024-04-05 17:50:00
202400037333.0;1;76;76305;1;1;3.0;2.0;49.49917;0.21923;2024-02-25 14:50:00
202400037334.0;2;42;42180;1;1;2.0;1.0;45.571207;4.187323;2024-01-15 16:10:00
202400037335.0;1;1;1034;2;1;2.0;6.0;45.75932;5.695671;2024-05-14 08:40:00
202400037336.0;5;76;76351;2;3;2.0;7.0;49.5241;0.094126;2024-02-23 04:08:00
202400037337.0;2;1;1232;1;1;1.0;7.0;46.380059;5.252216;2024-05-13 06:45:00
202400037338.0;5;16;16015;2;6;1.0;3.0;45.64321;0.13609;2024-04-06 23:00:00
202400037339.0;5;76;76351;2;6;2.0;7.0;49.4913;0.13286;2024-02-22 01:35:00
202400037340.0;1;6;6079;2;1;8.0;2.0;43.555436;6.94135;2024-05-15 10:25:00
202400037341.0;3;13;13019;1;1;1.0;6.0;43.47159;5.34238;2024-04-06 02:35:00
202400037342.0;1;2;2785;2;1;1.0;1.0;49.879914;3.154197;2024-01-15 16:10:00
202400037343.0;5;76;76351;2;3;1.0;3.0;49.51046;0.14926;2024-02-20 20:00:00
202400037344.0;1;4;4049;1;9;2.0;6.0;44.106975;6.004935;2024-05-14 09:30:00
202400037345.0;1;15;15141;1;1;2.0;6.0;45.131468;2.968567;2024-01-15 15:05:00
202400037346.0;2;13;13210;2;1;1.0;3.0;43.27792;5.42095;2024-04-06 20:45:00
202400037347.0;1;76;76341;2;1;1.0;3.0;49.51175;0.21093;2024-02-20 17:30:00
202400037348.0;2;85;85140;1;1;1.0;6.0;46.7425;-0.83097;2024-05-14 20:50:00
202400037349.0;1;37;37115;2;1;1.0;6.0;46.983758;0.667076;2024-04-19 14:55:00
202400037350.0;5;13;13203;2;1;1.0;3.0;43.31265328;5.38211573;2024-04-06 21:30:00
202400037351.0;3;14;14654;1;1;1.0;3.0;48.976263;-0.007961;2024-01-15 18:05:00
202400037352.0;1;76;76351;2;3;1.0;6.0;49.5021568;0.1034646;2024-02-20 14:35:00
202400037353.0;3;68;68021;1;1;3.0;6.0;47.640971;7.497601;2024-05-15 02:50:00
202400037354.0;1;64;64094;1;1;2.0;1.0;43.465017;-1.238215;2024-01-15 17:30:00
202400037355.0;1;76;76341;2;1;1.0;1.0;49.50526;0.1957;2024-02-20 08:50:00
202400037356.0;5;13;13211;2;1;1.0;1.0;43.28387529;5.41888259;2024-04-06 20:30:00
202400037357.0;5;10;10323;2;1;5.0;6.0;48.520158;3.703063;2024-01-16 17:50:00
202400037358.0;3;39;39159;1;1;2.0;6.0;46.877465;5.58422;2024-05-15 00:32:00
202400037359.0;1;7;7334;1;1;1.0;7.0;44.40842;4.105915;2024-01-15 12:20:00
202400037360.0;1;31;31254;2;1;1.0;2.0;43.549295;1.502509;2024-05-13 12:15:00
202400037361.0;1;13;13203;2;2;1.0;3.0;43.3;5.4;2024-04-06 16:04:00
202400037362.0;1;76;76351;2;3;1.0;2.0;49.49382;0.101;2024-02-20 12:00:00
202400037363.0;4;13;13069;1;1;1.0;1.0;43.623646;5.146065;2024-01-14 20:30:00
202400037364.0;1;13;13201;2;1;1.0;2.0;43.29737;5.37724;2024-04-06 10:00:00
202400037365.0;1;971;97125;1;1;1.0;1.0;16.255343;-61.314054;2024-05-10 07:35:00
202400037366.0;1;76;76351;2;1;1.0;6.0;49.49999;0.10324;2024-02-19 12:00:00
202400037367.0;3;65;65161;2;1;1.0;6.0;43.338131;0.131917;2024-01-14 05:15:00
202400037368.0;1;83;83037;1;1;2.0;1.0;43.399794;5.997409;2024-05-14 19:23:00
202400037369.0;1;74;74012;2;3;1.0;3.0;46.19277;6.24469;2024-02-27 08:25:00
202400037370.0;3;38;38052;1;1;1.0;5.0;45.103098;6.008283;2024-01-14 05:45:00
202400037371.0;1;13;13001;2;9;1.0;2.0;43.48525;5.41163;2024-04-06 18:35:00
202400037372.0;1;4;4143;2;3;8.0;7.0;43.912297;5.915489;2024-05-15 13:15:00
202400037373.0;2;74;74305;2;2;8.0;3.0;46.20354;6.24885;2024-02-21 06:30:00
202400037374.0;1;33;33205;1;1;2.0;2.0;44.61220391;-0.3775762;2024-01-15 12:15:00
202400037375.0;1;10;10343;2;6;1.0;3.0;48.26904;4.10325;2024-04-06 10:05:00
202400037376.0;1;13;13046;1;1;2.0;1.0;43.420195;5.54625;2024-05-14 17:20:00
202400037377.0;1;988;98817;2;3;1.0;3.0;-22.231272;166.529533;2024-01-15 15:30:00
202400037378.0;1;74;74133;2;3;8.0;3.0;46.18449;6.21624;2024-02-21 09:35:00
202400037379.0;1;13;13042;2;1;2.0;1.0;43.297116;5.620588;2024-05-14 18:05:00