Num_Acc;lum;departement;commune;agglomeration;intersection;meteo;type_collision;lat;long;date
202400037380.0;1;10;10387;2;1;1.0;3.0;48.28469;4.08742;2024-04-05 16:50:00
202400037381.0;1;973;97305;1;1;1.0;7.0;4.91625;-52.376493;2024-01-14 16:00:00
202400037382.0;1;72;72095;2;1;1.0;6.0;48.02814;0.20279;2024-02-27 18:15:00
202400037383.0;3;13;13066;1;1;3.0;1.0;43.885282;4.895294;2024-05-14 20:30:00
202400037384.0;1;77;77415;2;1;1.0;2.0;48.952156;3.012227;2024-01-16 14:50:00
202400037385.0;5;72;72003;2;6;2.0;3.0;47.97108405;0.15934467;2024-02-26 19:20:00
202400037386.0;1;66;66014;2;2;1.0;3.0;42.749438;2.809876;2024-01-16 10:05:00
202400037387.0;1;68;68154;2;1;1.0;3.0;47.76733205;7.38213289;2024-05-14 12:30:00
202400037388.0;3;7;7019;2;1;1.0;3.0;44.61446;4.39548;2024-04-05 21:50:00
202400037389.0;3;34;34154;2;1;1.0;6.0;43.591457;3.939811;2024-01-15 17:55:00
202400037390.0;1;72;72181;2;9;2.0;2.0;47.96286;0.17695;2024-02-26 09:44:00
202400037391.0;1;68;68111;1;1;1.0;6.0;48.007104;7.275802;2024-05-10 15:00:00
202400037392.0;5;6;6088;2;2;1.0;3.0;43.70347;7.27435;2024-04-06 20:40:00
202400037393.0;1;84;84092;2;3;1.0;2.0;43.95074;4.855371;2024-01-15 16:30:00
202400037394.0;1;72;72181;2;1;3.0;2.0;48.0217;0.18321;2024-02-24 14:30:00
202400037395.0;3;67;67487;1;1;1.0;3.0;48.899336;7.850912;2024-05-03 22:35:00
202400037396.0;5;5;5023;2;1;1.0;6.0;44.88572;6.63421;2024-04-06 02:50:00
202400037397.0;1;26;26206;1;1;1.0;1.0;44.825572;4.994358;2024-01-15 08:00:00
202400037398.0;1;72;72181;2;9;1.0;1.0;48.00641;0.1911;2024-02-23 17:05:00
202400037399.0;1;57;57032;2;1;2.0;3.0;49.079882;6.083529;2024-05-15 09:40:00
202400037400.0;5;81;81219;2;3;1.0;3.0;43.566285;2.003889;2024-01-16 18:10:00
202400037401.0;1;63;63042;1;1;1.0;7.0;45.836262;3.077913;2024-05-12 09:40:00
202400037402.0;1;71;71306;2;3;1.0;2.0;46.66349;4.34975;2024-02-20 08:10:00
202400037403.0;1;75;75116;2;1;1.0;4.0;48.839633;2.254164;2024-04-05 08:40:00
202400037404.0;1;33;33543;2;1;1.0;7.0;44.58254;-0.257851;2024-01-09 09:00:00
202400037405.0;2;7;7324;2;6;3.0;3.0;45.05534008;4.83861661;2024-05-15 19:00:00
202400037406.0;1;71;71475;2;1;1.0;1.0;46.76681;4.81946;2024-02-28 14:20:00
202400037407.0;2;75;75120;2;1;8.0;2.0;48.866066;2.41344;2024-04-04 20:20:00
202400037408.0;5;14;14762;2;1;1.0;6.0;48.833386;-0.886137;2024-01-15 08:20:00
202400037409.0;1;16;16026;2;4;7.0;1.0;45.716993;0.145268;2024-05-11 11:35:00
202400037410.0;5;69;69286;2;1;1.0;2.0;45.81312;4.89259;2024-02-26 21:35:00
202400037411.0;4;76;76551;2;6;1.0;6.0;49.552925;0.288144;2024-01-14 02:30:00
202400037412.0;5;75;75112;2;1;1.0;6.0;48.835157;2.380391;2024-04-06 01:10:00
202400037413.0;5;69;69266;2;1;1.0;6.0;45.78359;4.89348;2024-02-24 00:50:00
202400037414.0;1;2;2381;2;1;1.0;6.0;49.922573;4.082667;2024-01-16 14:55:00
202400037415.0;1;85;85226;2;1;1.0;1.0;46.729757;-1.936067;2024-05-14 19:45:00
202400037416.0;1;49;49023;2;1;8.0;6.0;47.149586;-1.061144;2024-05-13 09:15:00
202400037417.0;3;13;13212;1;1;1.0;2.0;43.29255;5.42506;2024-01-15 18:10:00
202400037418.0;5;69;69286;2;3;1.0;6.0;45.81391476;4.88819095;2024-02-21 20:00:00
202400037419.0;1;75;75119;2;3;1.0;2.0;48.885716;2.381645;2024-04-06 15:35:00
202400037420.0;1;13;13055;1;1;1.0;6.0;43.34116124;5.37648806;2024-01-15 09:45:00
202400037421.0;1;60;60404;2;1;1.0;6.0;49.310134;2.471881;2024-05-12 14:47:00
202400037422.0;1;13;13028;1;1;1.0;7.0;43.203825;5.632871;2024-01-15 09:45:00
202400037423.0;2;69;69286;2;3;1.0;6.0;45.82123;4.89854;2024-02-20 19:00:00
202400037424.0;1;75;75117;2;3;1.0;6.0;48.892324;2.317186;2024-04-06 17:35:00
202400037425.0;3;60;60010;1;6;1.0;7.0;49.214177;2.126112;2024-05-15 00:30:00
202400037426.0;1;33;33075;1;1;2.0;3.0;44.888643;-0.592839;2024-01-15 17:30:00
202400037427.0;5;75;75116;2;1;1.0;6.0;48.857044;2.286763;2024-04-06 01:30:00
202400037428.0;1;69;69256;2;2;1.0;3.0;45.75931982;4.93650422;2024-02-20 16:05:00
202400037429.0;4;59;59196;1;1;1.0;2.0;50.63343;2.95072;2024-01-13 17:55:00
202400037430.0;1;2;2454;1;2;8.0;6.0;49.498221;4.040576;2024-05-14 09:00:00
202400037431.0;1;75;75114;2;3;1.0;1.0;48.827824;2.326694;2024-04-06 16:20:00
202400037432.0;1;69;69290;2;4;8.0;3.0;45.70354;4.89554;2024-02-27 13:05:00
202400037433.0;1;13;13215;1;1;1.0;2.0;43.34676777;5.37260261;2024-05-13 18:25:00
202400037434.0;1;75;75114;2;1;1.0;6.0;48.82883;2.334561;2024-04-06 10:58:00
202400037435.0;3;59;59205;1;1;1.0;5.0;50.32901;3.33321;2024-01-11 23:30:00
202400037436.0;1;69;69290;2;1;1.0;2.0;45.68367;4.95169;2024-02-26 17:15:00
202400037437.0;5;69;69259;2;1;1.0;6.0;45.71725;4.89174;2024-02-24 02:00:00
202400037438.0;3;13;13106;1;1;1.0;2.0;43.392795;5.351132;2024-05-13 03:44:00
202400037439.0;1;75;75112;2;1;1.0;2.0;48.84918;2.371459;2024-04-06 10:55:00
202400037440.0;3;91;91161;1;1;1.0;4.0;48.6991;2.31277;2024-01-15 06:15:00
202400037441.0;5;69;69259;2;1;8.0;6.0;45.70407;4.88759;2024-02-22 18:50:00
202400037442.0;1;69;69296;1;1;1.0;3.0;45.64477;4.83039;2024-05-13 08:08:00
202400037443.0;1;92;92060;1;1;1.0;6.0;48.77471986;2.24037043;2024-01-14 10:00:00
202400037444.0;1;75;75109;2;3;2.0;3.0;48.88293;2.33493;2024-04-05 18:40:00
202400037445.0;1;92;92050;1;1;1.0;6.0;48.89399306;2.18968636;2024-01-14 10:46:00
202400037446.0;1;69;69290;2;9;2.0;3.0;45.69696;4.94092;2024-02-22 13:40:00
202400037447.0;1;59;59449;1;1;1.0;2.0;50.46288528;3.25345727;2024-05-07 16:45:00
202400037448.0;1;75;75108;2;2;1.0;6.0;48.86678;2.310065;2024-04-06 11:00:00
202400037449.0;1;59;59350;1;1;1.0;2.0;50.63401;3.08448;2024-05-11 19:30:00
202400037450.0;5;78;78158;1;1;1.0;5.0;48.831482;2.147352;2024-01-14 05:00:00
202400037451.0;5;69;69259;2;2;3.0;3.0;45.6942;4.875;2024-02-21 23:15:00
202400037452.0;2;94;94081;2;1;8.0;3.0;48.79548;2.38427;2024-04-06 20:16:00
202400037453.0;1;94;94034;1;1;2.0;3.0;48.7564059;2.33470729;2024-05-14 17:00:00
202400037454.0;3;78;78640;1;1;1.0;6.0;48.78229;2.16194;2024-01-14 02:55:00
202400037455.0;5;69;69259;2;1;1.0;6.0;45.70028422;4.88249645;2024-02-21 20:30:00
202400037456.0;1;92;92051;1;1;3.0;7.0;48.88466094;2.26051505;2024-05-14 09:00:00
202400037457.0;5;94;94077;2;1;8.0;2.0;48.728175;2.443704;2024-04-06 21:05:00
202400037458.0;1;92;92078;1;1;1.0;6.0;48.92830843;2.33162459;2024-01-15 13:20:00
202400037459.0;5;78;78551;1;1;1.0;6.0;48.906105;2.056697;2024-05-12 23:18:00
202400037460.0;5;69;69290;2;1;1.0;1.0;45.69916857;4.94838938;2024-02-21 19:30:00
202400037461.0;3;94;94028;1;1;1.0;2.0;48.77630937;2.43517187;2024-01-14 04:00:00
202400037462.0;4;92;92036;1;1;1.0;2.0;48.92919904;2.30245245;2024-05-12 21:50:00
202400037463.0;3;974;97407;2;6;1.0;6.0;-20.95429849;55.3084863;2024-01-14 00:10:00
202400037464.0;5;94;94059;2;2;1.0;3.0;48.80837;2.57754;2024-04-05 23:30:00
202400037465.0;1;95;95582;1;1;2.0;7.0;48.96346787;2.26421667;2024-05-14 16:30:00
202400037466.0;1;68;68297;2;2;1.0;3.0;47.61024;7.5399;2024-02-24 11:03:00
202400037467.0;3;971;97107;2;9;1.0;7.0;16.05233;-61.567;2024-01-14 20:40:00
202400037468.0;1;95;95572;1;1;2.0;6.0;49.03439775;2.11311849;2024-05-14 15:00:00
202400037469.0;5;94;94017;2;1;1.0;1.0;48.82723;2.51704;2024-04-06 02:25:00
202400037470.0;1;67;67267;2;3;1.0;3.0;48.558939;7.693089;2024-02-24 11:20:00
202400037471.0;2;83;83137;2;3;1.0;3.0;43.13162;5.97412;2024-01-14 17:20:00
202400037472.0;1;95;95277;1;1;2.0;2.0;48.98446162;2.50241742;2024-05-14 11:25:00
202400037473.0;1;93;93078;2;6;1.0;3.0;48.9761515;2.50550777;2024-04-06 18:00:00
202400037474.0;1;92;92036;1;1;3.0;7.0;48.94917898;2.28036318;2024-05-14 07:25:00
202400037475.0;1;66;66136;2;1;2.0;6.0;42.69691;2.88206;2024-02-28 13:45:00
202400037476.0;3;93;93062;2;6;1.0;6.0;48.90055;2.52914;2024-04-06 02:05:00
202400037477.0;5;70;70550;2;1;1.0;3.0;47.631679;6.1431638;2024-01-13 17:40:00
202400037478.0;3;93;93010;1;1;1.0;2.0;48.88893243;2.47376801;2024-05-13 22:00:00
202400037479.0;5;64;64260;2;1;2.0;6.0;43.35488;-1.7746;2024-01-14 22:56:00
202400037480.0;1;93;93048;2;1;1.0;3.0;48.86437;2.47901;2024-04-06 18:00:00
202400037481.0;1;66;66136;1;1;1.0;2.0;42.66265;2.921271;2024-02-24 16:10:00
202400037482.0;1;94;94004;1;1;3.0;3.0;48.75452024;2.5093554;2024-05-14 10:30:00
202400037483.0;3;63;63113;2;1;5.0;6.0;45.76586;3.12535;2024-01-14 01:55:00
202400037484.0;5;93;93048;2;5;1.0;6.0;48.87454;2.44785;2024-04-06 00:20:00
202400037485.0;1;66;66136;1;1;1.0;2.0;42.712561;2.87273;2024-02-21 16:20:00
202400037486.0;1;83;83050;1;2;1.0;2.0;43.53335;6.4103;2024-02-17 17:04:00
202400037487.0;5;62;62178;2;2;1.0;3.0;50.4665;2.54543;2024-01-13 21:05:00
202400037488.0;1;83;83050;2;1;1.0;6.0;43.54065;6.45818;2024-02-16 15:30:00
202400037489.0;1;35;35278;1;1;1.0;6.0;48.14049;-1.68927;2024-01-14 14:35:00
202400037490.0;1;66;66136;2;4;1.0;3.0;42.68;2.903531;2024-02-20 11:20:00
202400037491.0;1;93;93005;2;2;1.0;3.0;48.940033;2.504746;2024-04-06 17:00:00
202400037492.0;1;57;57683;2;1;2.0;6.0;49.306851;6.151638;2024-02-24 11:00:00
202400037493.0;3;22;22113;2;6;2.0;6.0;48.729;-3.458;2024-01-14 01:25:00
202400037494.0;5;93;93005;2;3;2.0;1.0;48.960285;2.501847;2024-04-06 01:40:00
202400037495.0;1;66;66136;1;6;1.0;3.0;42.65849;2.88472;2024-02-19 17:15:00
202400037496.0;3;14;14243;2;1;1.0;7.0;49.39684;0.20837;2024-01-13 23:54:00
202400037497.0;1;976;97611;2;1;1.0;7.0;-12.779;45.23;2024-05-13 06:40:00
202400037498.0;1;92;92040;2;1;1.0;7.0;48.82534101;2.2581899;2024-04-06 13:05:00
202400037499.0;1;65;65100;1;1;1.0;1.0;43.26439;0.02731;2024-02-19 18:00:00
202400037500.0;5;13;13215;2;2;1.0;3.0;43.33913;5.35707;2024-01-13 20:30:00
202400037501.0;1;69;69387;2;2;1.0;3.0;45.72969;4.83267;2024-05-13 13:05:00
202400037502.0;2;64;64445;2;1;1.0;7.0;43.30919;-0.35587;2024-02-26 07:30:00
202400037503.0;5;13;13063;2;2;1.0;3.0;43.58793;4.99928;2024-01-13 20:20:00
202400037504.0;1;92;92012;2;2;1.0;3.0;48.85105367;2.23451445;2024-04-06 12:30:00
202400037505.0;5;971;97107;2;2;1.0;2.0;16.05335;-61.56092;2024-05-13 19:00:00
202400037506.0;5;75;75113;2;1;1.0;2.0;48.820273;2.37556;2024-01-14 18:30:00
202400037507.0;2;64;64348;2;2;3.0;3.0;43.32084;-0.37898;2024-02-27 07:40:00
202400037508.0;1;76;76258;2;1;7.0;6.0;49.650948;0.591876;2024-04-07 13:20:00
202400037509.0;1;91;91514;1;1;1.0;3.0;48.66991;2.50668;2024-05-13 20:15:00
202400037510.0;1;75;75112;2;1;1.0;6.0;48.827466;2.392312;2024-01-14 14:30:00
202400037511.0;5;64;64129;2;6;2.0;7.0;43.3049251;-0.40185112;2024-02-24 21:30:00
202400037512.0;1;91;91201;2;1;1.0;6.0;48.68754;2.43338;2024-05-13 16:30:00
202400037513.0;1;62;62395;2;3;1.0;7.0;50.331234;2.004047;2024-04-07 16:30:00
202400037514.0;1;75;75115;2;1;1.0;2.0;48.834768;2.274802;2024-01-14 09:45:00
202400037515.0;1;64;64445;2;6;2.0;3.0;43.32043;-0.35239;2024-02-19 13:35:00
202400037516.0;1;91;91691;2;1;1.0;3.0;48.7076;2.48283;2024-05-13 15:45:00
202400037517.0;1;75;75119;2;1;1.0;6.0;48.900101;2.391479;2024-01-14 08:30:00
202400037518.0;1;6;6149;2;9;1.0;3.0;43.743573;7.312168;2024-04-07 16:45:00
202400037519.0;1;64;64122;2;1;2.0;6.0;43.48563;-1.5556;2024-02-24 16:15:00
202400037520.0;3;75;75120;2;1;1.0;6.0;48.870536;2.413224;2024-01-14 07:03:00
202400037521.0;2;21;21261;1;1;1.0;6.0;47.270867;5.158767;2024-04-07 07:20:00
202400037522.0;1;91;91657;2;1;1.0;3.0;48.70551;2.42015;2024-05-13 09:00:00
202400037523.0;5;64;64102;2;6;2.0;3.0;43.48838246;-1.48175955;2024-02-24 23:45:00
202400037524.0;1;91;91589;2;1;1.0;6.0;48.6762;2.35161;2024-05-13 18:30:00
202400037525.0;1;64;64102;2;1;1.0;2.0;43.48674;-1.48708;2024-02-20 15:00:00
202400037526.0;5;81;81284;1;1;1.0;1.0;43.91786787;2.11703789;2024-04-07 05:15:00
202400037527.0;5;75;75105;2;3;1.0;3.0;48.851086;2.344466;2024-01-14 01:17:00
202400037528.0;1;87;87085;2;3;1.0;3.0;45.82135;1.25168;2024-05-13 09:14:00
202400037529.0;1;64;64102;2;1;1.0;2.0;43.48721;-1.46263;2024-02-20 13:55:00
202400037530.0;1;83;83049;1;1;1.0;3.0;43.239435;6.084436;2024-04-05 09:15:00
202400037531.0;1;87;87075;2;3;2.0;1.0;45.821354;1.198219;2024-05-12 19:16:00
202400037532.0;1;75;75108;2;2;1.0;3.0;48.868856;2.31014;2024-01-13 10:10:00
202400037533.0;1;63;63224;2;9;1.0;3.0;45.87523;3.11884;2024-02-26 09:15:00
202400037534.0;1;83;83054;1;1;1.0;2.0;43.169282;6.050908;2024-04-05 16:15:00
202400037535.0;1;63;63103;1;1;1.0;7.0;45.92093792;3.05069426;2024-02-21 15:18:00
202400037536.0;1;87;87085;2;3;1.0;3.0;45.85441;1.2488328;2024-05-12 19:36:00
202400037537.0;1;51;51320;2;1;7.0;6.0;49.07002;3.7579;2024-04-06 17:15:00
202400037538.0;1;75;75117;2;3;1.0;2.0;48.878982;2.292776;2024-01-14 15:15:00
202400037539.0;1;63;63300;1;1;1.0;6.0;45.90571;3.12603;2024-02-19 18:06:00
202400037540.0;1;83;83148;2;1;1.0;6.0;43.428221;6.432767;2024-04-07 13:00:00
202400037541.0;5;75;75115;2;2;1.0;3.0;48.837222;2.296421;2024-01-12 19:30:00
202400037542.0;1;87;87065;1;6;1.0;3.0;45.81769575;1.29437211;2024-05-11 13:14:00
202400037543.0;1;75;75120;2;7;1.0;2.0;48.84676632;2.41523427;2024-07-20 07:40:00
202400037544.0;1;63;63264;1;1;1.0;7.0;45.70298539;2.85072037;2024-04-06 19:20:00
202400037545.0;5;75;75113;2;7;1.0;6.0;48.829172;2.365147;2024-01-14 19:00:00
202400037546.0;5;63;63113;2;2;1.0;3.0;45.7667;3.1071;2024-02-26 06:00:00
202400037547.0;1;87;87085;2;3;1.0;3.0;45.80215;1.293846;2024-05-08 10:47:00
202400037548.0;1;14;14390;1;1;1.0;3.0;49.062886;-0.545368;2024-04-06 15:30:00
202400037549.0;1;75;75117;2;3;1.0;3.0;48.88113333;2.29714572;2024-07-20 06:55:00
202400037550.0;1;63;63113;2;1;1.0;7.0;45.791;3.1136;2024-02-24 10:45:00
202400037551.0;5;75;75101;2;3;1.0;7.0;48.863042;2.341913;2024-01-13 22:40:00
202400037552.0;5;87;87085;2;2;1.0;3.0;45.82603;1.26801;2024-05-07 23:20:00
202400037553.0;1;6;6118;1;1;1.0;2.0;43.646555;6.824312;2024-04-06 11:15:00
202400037554.0;1;63;63113;2;3;1.0;3.0;45.78831;3.11436;2024-02-23 18:19:00
202400037555.0;1;75;75111;2;3;1.0;6.0;48.854318;2.371459;2024-07-20 20:00:00
202400037556.0;1;86;86041;2;1;1.0;2.0;46.596911;0.342233;2024-05-10 20:00:00
202400037557.0;3;6;6033;1;6;1.0;6.0;43.80237;7.195927;2024-04-07 03:00:00
202400037558.0;1;80;80021;2;1;2.0;1.0;49.88822935;2.29542375;2024-05-12 19:50:00
202400037559.0;5;75;75111;2;3;1.0;6.0;48.86469;2.365841;2024-07-20 00:30:00
202400037560.0;5;63;63113;2;2;3.0;6.0;45.76737;3.1047;2024-02-22 18:30:00
202400037561.0;4;971;97133;1;1;1.0;1.0;15.959931;-61.708617;2024-04-05 21:17:00
202400037562.0;1;78;78335;1;1;1.0;1.0;48.985343;1.72884;2024-05-06 20:35:00
202400037563.0;1;63;63113;2;1;1.0;6.0;45.810995;3.10943395;2024-02-22 14:35:00
202400037564.0;1;94;94081;2;1;1.0;2.0;48.79584;2.39999;2024-07-20 16:15:00
202400037565.0;1;83;83100;1;1;1.0;7.0;43.270636;6.149468;2024-04-06 18:45:00
202400037566.0;2;94;94041;2;1;1.0;6.0;48.82024;2.39464;2024-07-20 05:15:00
202400037567.0;1;78;78621;2;2;1.0;3.0;48.7829;1.97543;2024-05-13 18:10:00
202400037568.0;1;63;63113;2;5;1.0;3.0;45.80011;3.11228;2024-02-20 16:04:00
202400037569.0;1;76;76447;2;1;1.0;6.0;49.5422145;0.18872339;2024-05-11 18:40:00
202400037570.0;1;93;93073;1;1;1.0;2.0;49.00549817;2.53343582;2024-07-19 20:20:00
202400037571.0;1;76;76552;2;1;1.0;6.0;49.50429;0.08227;2024-05-11 11:35:00
202400037572.0;1;63;63113;2;2;1.0;3.0;45.78346;3.07522;2024-02-19 14:13:00
202400037573.0;1;38;38342;1;1;1.0;1.0;44.881533;5.648585;2024-04-06 16:45:00
202400037574.0;5;76;76351;2;1;1.0;2.0;49.51567;0.12436;2024-05-10 22:30:00
202400037575.0;1;93;93066;2;7;1.0;1.0;48.92958;2.35686;2024-07-20 10:20:00
202400037576.0;5;62;62510;2;6;1.0;6.0;50.4222;2.7722;2024-02-20 19:10:00
202400037577.0;3;2B;2B009;1;1;1.0;6.0;42.11458;9.492917;2024-04-07 04:40:00
202400037578.0;1;71;71306;2;1;2.0;6.0;46.67173868;4.36273903;2024-05-12 18:16:00
202400037579.0;1;62;62041;2;9;1.0;6.0;50.29823;2.77117;2024-02-21 13:50:00
202400037580.0;1;93;93063;2;2;1.0;3.0;48.87186;2.43973;2024-07-20 08:00:00
202400037581.0;3;83;83131;2;1;1.0;1.0;43.20270828;6.02868236;2024-04-07 00:05:00
202400037582.0;1;69;69275;2;2;1.0;1.0;45.77251;4.95677;2024-05-13 20:00:00
202400037583.0;2;61;61001;2;9;2.0;3.0;48.427271;0.093187;2024-02-19 17:56:00
202400037584.0;1;93;93029;2;9;1.0;6.0;48.91884;2.46631;2024-07-20 08:40:00
202400037585.0;5;60;60057;2;1;1.0;6.0;49.43715;2.09739;2024-02-20 18:50:00
202400037586.0;3;44;44009;1;1;1.0;1.0;47.214088;-1.451697;2024-04-07 01:04:00
202400037587.0;1;66;66136;2;6;1.0;2.0;42.72725;2.90048;2024-05-13 07:48:00
202400037588.0;5;59;59421;2;9;1.0;3.0;50.71397;3.13395;2024-02-27 22:20:00
202400037589.0;1;51;51210;1;1;1.0;7.0;49.071406;3.973639;2024-04-06 17:30:00
202400037590.0;1;64;64122;2;1;1.0;6.0;43.47817;-1.56233;2024-05-11 18:00:00
202400037591.0;5;59;59599;2;1;2.0;6.0;50.71885;3.16945;2024-02-22 00:20:00
202400037592.0;1;64;64122;2;1;1.0;7.0;43.47041061;-1.56883076;2024-05-11 17:20:00
202400037593.0;1;93;93007;2;6;1.0;4.0;48.95002779;2.46687287;2024-07-20 16:20:00
202400037594.0;1;59;59599;1;1;2.0;2.0;50.736405;3.150848;2024-02-21 14:00:00
202400037595.0;1;19;19246;1;1;1.0;3.0;45.20005442;1.46606505;2024-04-06 11:10:00
202400037596.0;1;64;64024;2;1;1.0;7.0;43.48113;-1.51157;2024-05-13 12:45:00
202400037597.0;3;92;92022;1;1;1.0;7.0;48.80446096;2.1951668;2024-07-19 22:20:00
202400037598.0;5;59;59650;2;1;1.0;6.0;50.69914726;3.21006818;2024-02-28 01:00:00
202400037599.0;1;64;64024;2;3;1.0;3.0;43.49263;-1.5273;2024-05-13 12:15:00
202400037600.0;1;56;56074;1;1;1.0;6.0;47.893512;-2.951981;2024-04-07 11:40:00
202400037601.0;1;59;59367;2;1;1.0;6.0;50.67007;3.21172;2024-02-27 17:30:00
202400037602.0;1;92;92063;2;3;1.0;6.0;48.86395192;2.16242999;2024-07-20 18:40:00
202400037603.0;1;63;63113;2;1;1.0;3.0;45.78164618;3.12296838;2024-05-13 11:04:00
202400037604.0;1;59;59512;2;9;3.0;6.0;50.69638;3.1763;2024-02-23 16:35:00
202400037605.0;3;56;56053;1;1;1.0;6.0;47.756291;-2.546253;2024-04-07 05:20:00
202400037606.0;1;92;92051;2;1;1.0;2.0;48.88930238;2.2593981;2024-07-20 17:06:00
202400037607.0;1;63;63113;2;5;1.0;3.0;45.79998;3.1116;2024-05-13 08:58:00
202400037608.0;5;59;59646;2;6;2.0;3.0;50.68063;3.13702;2024-02-21 19:19:00
202400037609.0;1;56;56052;2;1;1.0;6.0;47.516338;-2.567255;2024-04-07 10:00:00
202400037610.0;1;92;92050;2;1;1.0;6.0;48.88897803;2.22929902;2024-07-20 12:35:00
202400037611.0;5;59;59350;2;2;2.0;3.0;50.61846;3.03283;2024-02-25 04:40:00
202400037612.0;1;92;92020;2;1;1.0;6.0;48.80687546;2.29336506;2024-07-14 20:55:00
202400037613.0;2;61;61001;2;6;1.0;3.0;48.4182;0.09778;2024-05-13 05:45:00
202400037614.0;5;59;59328;2;1;1.0;6.0;50.650274;3.036526;2024-02-28 19:30:00
202400037615.0;3;76;76067;1;1;2.0;1.0;49.46434385;1.5770254;2024-04-07 02:00:00
202400037616.0;1;59;59526;2;1;1.0;3.0;50.44674;3.43888;2024-05-02 19:15:00
202400037617.0;5;59;59350;2;1;6.0;6.0;50.6125485;3.04674964;2024-02-22 18:30:00
202400037618.0;1;92;92036;2;6;1.0;3.0;48.93350486;2.30250676;2024-07-20 18:35:00
202400037619.0;1;59;59299;2;3;2.0;3.0;50.649477;3.191607;2024-05-13 11:20:00
202400037620.0;3;32;32268;1;1;1.0;5.0;43.60709;0.98451;2024-04-06 23:50:00
202400037621.0;5;59;59350;2;1;1.0;6.0;50.611366;3.064965;2024-05-14 00:01:00
202400037622.0;1;92;92012;2;3;1.0;6.0;48.83078819;2.23470998;2024-07-20 10:30:00
202400037623.0;1;63;63138;2;1;1.0;6.0;45.8925054;3.48269954;2024-04-06 19:50:00
202400037624.0;1;59;59350;2;1;1.0;6.0;50.618;3.0507;2024-05-13 12:05:00
202400037625.0;1;59;59350;2;1;1.0;2.0;50.615;3.0484;2024-02-20 11:35:00
202400037626.0;1;60;60158;1;1;1.0;7.0;49.554909;2.566971;2024-07-21 10:00:00
202400037627.0;1;59;59350;2;4;1.0;1.0;50.621;3.096;2024-05-13 09:10:00
202400037628.0;1;63;63205;1;1;1.0;7.0;45.608844;3.349843;2024-04-06 17:45:00
202400037629.0;1;59;59350;2;9;1.0;3.0;50.63315;3.05934;2024-02-19 09:45:00
202400037630.0;1;59;59569;1;1;7.0;6.0;50.34178;3.10238;2024-05-11 14:50:00
202400037631.0;3;34;34248;1;1;1.0;1.0;43.780384;3.91982;2024-07-21 00:15:00
202400037632.0;1;12;12119;1;1;1.0;6.0;44.679836;2.885312;2024-04-06 09:00:00
202400037633.0;2;59;59183;2;9;1.0;1.0;51.01938;2.35191;2024-02-28 18:17:00
202400037634.0;1;42;42181;1;1;1.0;1.0;46.01282;4.206798;2024-04-07 12:15:00
202400037635.0;1;56;56260;2;1;2.0;2.0;47.6644;-2.7378;2024-05-13 11:35:00
202400037636.0;1;59;59183;1;1;1.0;6.0;51.00603;2.33311;2024-02-27 10:30:00
202400037637.0;5;974;97415;2;1;1.0;3.0;-21.04391;55.25764;2024-07-19 19:15:00
202400037638.0;5;59;59271;2;9;2.0;6.0;51.02006;2.30009;2024-02-23 19:10:00
202400037639.0;1;62;62078;2;2;7.0;3.0;50.865395;1.946442;2024-07-19 20:30:00
202400037640.0;1;68;68182;1;1;1.0;7.0;47.510972;7.482778;2024-04-06 16:00:00
202400037641.0;1;59;59428;2;1;8.0;6.0;50.19002;3.2213;2024-02-26 17:25:00
202400037642.0;3;38;38239;1;1;1.0;6.0;45.336219;5.550856;2024-07-21 03:55:00
202400037643.0;1;22;22227;1;2;1.0;3.0;48.566328;-3.567284;2024-04-07 16:50:00
202400037644.0;2;59;59122;2;1;1.0;3.0;50.18367;3.23306;2024-02-26 19:15:00
202400037645.0;2;68;68315;1;1;1.0;7.0;47.891687;7.112639;2024-07-19 21:00:00
202400037646.0;2;58;58194;2;1;1.0;2.0;46.99147;3.13469;2024-02-20 18:30:00
202400037647.0;1;51;51454;2;6;1.0;2.0;49.22017;4.02051;2024-05-13 12:57:00
202400037648.0;1;56;56260;2;1;1.0;1.0;47.66146;-2.75708;2024-02-23 15:05:00
202400037649.0;1;50;50147;2;1;1.0;2.0;49.04949;-1.44763;2024-05-12 11:21:00
202400037650.0;1;30;30217;1;1;1.0;3.0;43.9736;4.697481;2024-07-20 19:55:00
202400037651.0;1;44;44154;1;1;1.0;5.0;47.233372;-2.156631;2024-04-06 15:25:00
202400037652.0;1;56;56260;2;1;1.0;6.0;47.64746;-2.75235;2024-02-20 10:05:00
202400037653.0;1;45;45004;2;1;1.0;2.0;47.975572;2.742103;2024-05-13 11:25:00
202400037654.0;1;56;56107;1;6;2.0;7.0;47.71123;-3.39605;2024-02-24 14:45:00
202400037655.0;1;91;91617;1;1;1.0;1.0;48.644479;2.503692;2024-07-20 11:00:00
202400037656.0;5;44;44109;2;1;2.0;2.0;47.21663;-1.54575;2024-05-13 22:45:00
202400037657.0;3;2;2374;1;1;1.0;6.0;49.924432;3.284781;2024-04-06 20:35:00
202400037658.0;5;55;55029;2;1;2.0;1.0;48.76915681;5.17718389;2024-02-16 20:35:00
202400037659.0;1;56;56017;1;1;1.0;6.0;47.891043;-2.792029;2024-07-17 15:00:00
202400037660.0;1;42;42218;2;2;1.0;3.0;45.43066;4.37928;2024-04-19 19:50:00
202400037661.0;5;54;54395;1;1;1.0;6.0;48.67422;6.19665;2024-02-27 23:20:00
202400037662.0;1;84;84073;1;9;1.0;6.0;43.847458;5.190096;2024-04-06 17:20:00
202400037663.0;1;54;54482;2;2;1.0;3.0;48.70191;6.21237;2024-02-27 08:05:00