Num_Acc;lum;departement;commune;agglomeration;intersection;meteo;type_collision;lat;long;date
202400037664.0;1;78;78291;2;1;1.0;6.0;48.963134;1.73146;2024-07-19 19:30:00
202400037665.0;1;6;6151;1;1;1.0;6.0;43.918067;7.265782;2024-04-04 13:45:00
202400037666.0;5;54;54395;2;3;2.0;6.0;48.68565;6.18482;2024-02-22 19:10:00
202400037667.0;1;6;6150;2;1;1.0;1.0;43.748268;7.403589;2024-04-06 18:25:00
202400037668.0;2;76;76297;1;8;1.0;7.0;49.524087;1.705509;2024-07-20 21:15:00
202400037669.0;1;54;54547;2;2;2.0;2.0;48.654206;6.152433;2024-02-22 14:10:00
202400037670.0;1;54;54483;2;1;8.0;6.0;48.63043;6.30068;2024-02-22 16:15:00
202400037671.0;1;32;32107;2;1;1.0;3.0;43.95865;0.379661;2024-07-21 11:00:00
202400037672.0;3;16;16085;1;1;1.0;2.0;45.815286;0.4705721;2024-04-06 23:40:00
202400037673.0;1;53;53201;2;1;2.0;2.0;48.07015;-0.8382;2024-02-26 10:45:00
202400037674.0;1;71;71056;2;1;1.0;2.0;46.64321;5.18332;2024-07-20 18:15:00
202400037675.0;1;16;16230;1;1;1.0;1.0;45.44708;0.138649;2024-04-06 17:15:00
202400037676.0;1;51;51055;2;9;2.0;3.0;49.276365;4.055498;2024-02-27 08:45:00
202400037677.0;1;7;7335;1;1;1.0;7.0;45.10268;4.601512;2024-04-06 14:00:00
202400037678.0;1;51;51454;2;1;1.0;2.0;49.23204;4.03666;2024-02-23 12:10:00
202400037679.0;3;63;63463;1;1;6.0;6.0;45.83393072;3.65657339;2024-07-21 02:15:00
202400037680.0;1;85;85202;1;1;1.0;6.0;46.752733;-1.165339;2024-04-06 10:35:00
202400037681.0;1;51;51454;2;9;1.0;3.0;49.23194;4.03588;2024-02-21 12:20:00
202400037682.0;1;61;61043;1;1;1.0;6.0;48.353311;0.720167;2024-07-20 13:10:00
202400037683.0;5;51;51172;2;9;1.0;6.0;49.21626;4.0515;2024-02-20 23:00:00
202400037684.0;3;27;27467;2;1;1.0;6.0;49.347588;0.496868;2024-04-07 01:30:00
202400037685.0;5;51;51058;2;6;1.0;7.0;49.22847;3.99574;2024-02-20 18:45:00
202400037686.0;1;17;17091;1;1;1.0;7.0;46.27958;-1.072798;2024-04-06 13:45:00
202400037687.0;1;50;50129;2;1;2.0;3.0;49.63376;-1.6183;2024-02-21 17:30:00
202400037688.0;1;87;87117;1;1;1.0;7.0;45.807967;1.81946;2024-04-06 17:30:00
202400037689.0;1;42;42081;1;1;1.0;5.0;45.592709;4.26726;2024-07-20 14:00:00
202400037690.0;2;50;50129;2;1;1.0;6.0;49.61349;-1.60194;2024-02-20 07:50:00
202400037691.0;3;30;30046;2;1;1.0;6.0;43.975323;4.19486;2024-04-06 21:30:00
202400037692.0;1;42;42217;1;1;1.0;1.0;45.795551;3.848058;2024-07-21 16:57:00
202400037693.0;1;50;50129;2;1;1.0;3.0;49.63711;-1.6235;2024-02-17 17:50:00
202400037694.0;1;78;78356;1;1;1.0;3.0;48.746455;2.022729;2024-04-06 16:10:00
202400037695.0;1;49;49328;2;1;1.0;6.0;47.25867;-0.07872;2024-02-27 18:00:00
202400037696.0;1;86;86213;1;2;1.0;3.0;46.388625;0.052736;2024-07-20 19:20:00
202400037697.0;1;68;68235;1;6;1.0;6.0;47.993198;7.376233;2024-07-20 16:10:00
202400037698.0;1;49;49015;1;1;2.0;1.0;47.51701;-0.62313;2024-02-26 10:00:00
202400037699.0;1;1;1038;1;1;1.0;2.0;46.32236871;5.2694571;2024-04-05 18:05:00
202400037700.0;1;49;49007;2;1;2.0;3.0;47.47012;-0.5622;2024-02-25 16:10:00
202400037701.0;1;44;44216;1;1;1.0;3.0;46.957706;-1.421131;2024-07-21 08:30:00
202400037702.0;3;49;49007;1;1;2.0;6.0;47.45989;-0.51786;2024-02-25 06:30:00
202400037703.0;2;1;1213;1;1;1.0;2.0;45.928942;5.273432;2024-04-07 07:00:00
202400037704.0;1;29;29188;2;4;1.0;2.0;48.696361;-3.806642;2024-07-16 21:15:00
202400037705.0;1;49;49007;2;1;2.0;2.0;47.44811;-0.54036;2024-02-22 09:25:00
202400037706.0;2;38;38081;2;1;2.0;6.0;45.53495;5.1276;2024-07-21 07:19:00
202400037707.0;1;49;49007;2;1;1.0;3.0;47.45449;-0.53407;2024-02-20 11:15:00
202400037708.0;1;33;33284;1;1;1.0;2.0;44.62348;-0.963106;2024-04-07 14:35:00
202400037709.0;1;38;38333;1;1;1.0;1.0;45.122884;5.47485;2024-07-20 17:40:00
202400037710.0;2;51;51572;1;1;1.0;7.0;49.03766218;4.6271781;2024-04-07 07:00:00
202400037711.0;5;49;49007;2;2;1.0;3.0;47.4747;-0.52917;2024-02-20 06:30:00
202400037712.0;1;13;13036;1;1;1.0;6.0;43.842807;4.859653;2024-07-20 14:30:00
202400037713.0;5;46;46042;2;1;1.0;3.0;44.45645;1.43646;2024-02-28 19:25:00
202400037714.0;1;11;11086;1;1;1.0;6.0;42.93867;2.977155;2024-04-06 14:44:00
202400037715.0;5;2;2103;2;4;1.0;6.0;50.015287;3.70029;2024-07-21 00:20:00
202400037716.0;1;46;46042;2;2;2.0;3.0;44.44946;1.448367;2024-02-23 13:10:00
202400037717.0;5;25;25334;2;2;1.0;3.0;46.955147;6.109284;2024-04-07 06:04:00
202400037718.0;1;75;75118;2;1;1.0;2.0;48.900815;2.339917;2024-08-26 16:20:00
202400037719.0;3;977;97701;1;3;1.0;3.0;17.907728;-62.80405;2024-04-07 01:15:00
202400037720.0;5;15;15258;2;2;3.0;1.0;44.97591;2.619746;2024-07-21 03:30:00
202400037721.0;1;75;75105;2;2;1.0;6.0;48.844422;2.342046;2024-08-27 19:15:00
202400037722.0;1;14;14664;1;1;1.0;7.0;49.12025;-0.809027;2024-07-20 15:46:00
202400037723.0;1;91;91661;2;3;1.0;3.0;48.699977;2.213987;2024-04-06 16:00:00
202400037724.0;1;14;14191;1;1;1.0;3.0;49.309994;-0.442693;2024-07-18 16:00:00
202400037725.0;3;66;66210;1;1;1.0;6.0;42.643288;2.772138;2024-04-07 06:40:00
202400037726.0;1;75;75105;2;2;1.0;3.0;48.842212;2.352675;2024-08-27 18:30:00
202400037727.0;3;11;11361;1;1;1.0;6.0;43.317111;2.007086;2024-04-07 04:30:00
202400037728.0;1;75;75120;2;3;1.0;6.0;48.849453;2.406454;2024-08-27 07:05:00
202400037729.0;1;5;5063;1;1;1.0;6.0;45.042827;6.274953;2024-04-07 07:25:00
202400037730.0;4;5;5171;1;3;1.0;3.0;44.465044;6.200495;2024-07-21 00:30:00
202400037731.0;1;75;75119;2;2;1.0;3.0;48.889723;2.368149;2024-08-27 16:55:00
202400037732.0;1;68;68247;1;1;1.0;1.0;47.935753;7.013075;2024-04-07 15:20:00
202400037733.0;1;83;83028;1;6;2.0;3.0;43.572984;6.561525;2024-07-21 17:00:00
202400037734.0;1;75;75116;2;3;1.0;2.0;48.86515;2.298807;2024-08-27 19:00:00
202400037735.0;3;9;9329;1;9;1.0;1.0;42.989027;1.606381;2024-07-20 06:00:00
202400037736.0;1;3;3085;1;1;1.0;7.0;46.549013;3.240384;2024-03-28 18:00:00
202400037737.0;1;75;75117;2;3;1.0;3.0;48.894964;2.315578;2024-08-27 08:40:00
202400037738.0;1;9;9139;1;1;1.0;3.0;42.605928;1.81445;2024-07-21 10:45:00
202400037739.0;1;38;38487;1;3;6.0;3.0;45.566428;4.817486;2024-04-07 14:45:00
202400037740.0;1;64;64256;2;1;1.0;6.0;43.39525;-1.314463;2024-07-20 14:30:00
202400037741.0;1;75;75117;2;2;1.0;3.0;48.885672;2.31683;2024-08-27 19:15:00
202400037742.0;1;38;38205;1;1;1.0;7.0;45.131559;5.601482;2024-04-07 15:45:00
202400037743.0;1;73;73151;2;1;1.0;6.0;45.493706;5.964836;2024-07-21 15:20:00
202400037744.0;1;26;26320;1;1;1.0;7.0;45.063373;5.242275;2024-04-06 11:45:00
202400037745.0;3;18;18170;1;1;3.0;7.0;47.477446;2.536551;2024-07-21 03:35:00
202400037746.0;1;75;75116;2;1;1.0;4.0;48.868919;2.236646;2024-08-26 14:30:00
202400037747.0;4;17;17146;2;1;2.0;6.0;45.90388137;-0.96146822;2024-04-07 01:25:00
202400037748.0;1;10;10254;1;1;1.0;7.0;48.568654;3.53444175;2024-07-20 18:00:00
202400037749.0;1;75;75116;2;1;1.0;6.0;48.84522182;2.2556144;2024-08-26 09:30:00
202400037750.0;5;10;10262;2;9;3.0;1.0;48.038775;4.409522;2024-07-20 23:30:00
202400037751.0;5;75;75116;2;1;1.0;3.0;48.867337;2.250034;2024-08-25 21:55:00
202400037752.0;1;57;57588;2;1;1.0;1.0;49.473144;6.232542;2024-04-06 18:10:00
202400037753.0;1;53;53218;1;1;1.0;6.0;48.21586159;-0.40390164;2024-07-20 13:51:00
202400037754.0;1;75;75115;2;2;1.0;2.0;48.839479;2.309554;2024-08-26 13:00:00
202400037755.0;1;17;17003;2;3;1.0;6.0;46.117642;-0.934022;2024-07-19 10:10:00
202400037756.0;1;13;13211;1;1;1.0;4.0;43.29412401;5.45835278;2024-04-05 15:35:00
202400037757.0;1;37;37018;1;1;1.0;1.0;47.313313;0.583241;2024-07-20 17:00:00
202400037758.0;1;75;75111;2;2;1.0;3.0;48.851292;2.376096;2024-08-27 15:39:00
202400037759.0;1;13;13213;1;1;1.0;3.0;43.32816198;5.41752602;2024-04-05 08:15:00
202400037760.0;5;69;69297;1;1;1.0;6.0;45.58947721;4.80813769;2024-04-06 00:45:00
202400037761.0;1;30;30109;1;2;1.0;3.0;44.066381;4.238513;2024-07-19 17:30:00
202400037762.0;1;75;75111;2;2;1.0;6.0;48.854198;2.390087;2024-08-27 14:44:00
202400037763.0;1;91;91570;1;1;1.0;7.0;48.62503;2.323107;2024-04-06 18:40:00
202400037764.0;1;75;75111;2;1;1.0;6.0;48.867973;2.381756;2024-08-27 13:20:00
202400037765.0;1;94;94043;1;1;1.0;4.0;48.80735186;2.34692474;2024-04-06 15:46:00
202400037766.0;1;88;88373;1;1;7.0;6.0;48.506764;7.105901;2024-07-20 14:28:00
202400037767.0;1;94;94065;1;1;1.0;2.0;48.75506176;2.34389126;2024-04-06 14:01:00
202400037768.0;5;75;75110;2;2;1.0;6.0;48.874775;2.357367;2024-08-26 23:45:00
202400037769.0;3;974;97418;2;1;1.0;1.0;-20.89506;55.557883;2024-07-20 20:15:00
202400037770.0;2;94;94076;1;1;1.0;3.0;48.7908173;2.34457243;2024-04-06 06:50:00
202400037771.0;1;75;75108;2;4;1.0;3.0;48.874936;2.308537;2024-08-27 18:07:00
202400037772.0;1;92;92019;1;1;1.0;3.0;48.7652226;2.24538423;2024-04-05 18:20:00
202400037773.0;1;77;77095;2;3;1.0;3.0;48.96787;2.762196;2024-07-20 11:44:00
202400037774.0;1;92;92050;1;1;1.0;7.0;48.89347708;2.1888457;2024-04-06 11:30:00
202400037775.0;1;92;92063;1;1;1.0;6.0;48.88884752;2.16823274;2024-04-06 07:55:00
202400037776.0;1;75;75108;2;3;1.0;3.0;48.876178;2.319512;2024-08-27 17:00:00
202400037777.0;1;30;30153;1;1;1.0;4.0;44.423117;4.038023;2024-07-20 17:30:00
202400037778.0;1;78;78133;1;1;2.0;2.0;48.889875;2.010219;2024-04-05 18:45:00
202400037779.0;1;94;94081;2;9;1.0;6.0;48.80129538;2.37930098;2024-08-26 11:30:00
202400037780.0;1;78;78126;1;1;1.0;7.0;48.836342;2.128062;2024-04-05 15:45:00
202400037781.0;1;94;94028;2;1;1.0;6.0;48.7969;2.45708;2024-08-27 09:45:00
202400037782.0;1;4;4039;1;1;1.0;2.0;43.854166;6.502447;2024-07-21 10:26:00
202400037783.0;5;94;94028;2;6;1.0;6.0;48.766849;2.472439;2024-08-26 22:27:00
202400037784.0;1;92;92047;1;1;2.0;4.0;48.83469779;2.17151041;2024-04-05 16:10:00
202400037785.0;1;21;21390;2;1;1.0;6.0;47.27133;4.988766;2024-07-21 13:45:00
202400037786.0;2;95;95277;1;1;1.0;7.0;48.98404721;2.50203362;2024-04-06 19:20:00
202400037787.0;1;94;94028;2;1;1.0;2.0;48.80064;2.45675;2024-08-26 20:20:00
202400037788.0;1;1;1249;2;7;1.0;3.0;45.826556;4.956694;2024-07-21 17:50:00
202400037789.0;1;93;93013;1;1;1.0;3.0;48.93935224;2.41905615;2024-04-06 19:40:00
202400037790.0;2;33;33165;1;6;1.0;6.0;44.827554;-0.448396;2024-07-20 21:39:00
202400037791.0;1;93;93010;1;1;1.0;7.0;48.902439;2.4708436;2024-04-06 13:10:00
202400037792.0;5;94;94028;2;3;1.0;3.0;48.76876;2.45452;2024-08-25 22:15:00
202400037793.0;3;95;95572;1;1;1.0;2.0;49.03220544;2.11174431;2024-04-05 21:37:00
202400037794.0;1;22;22168;1;2;3.0;3.0;48.804101;-3.454052;2024-07-20 16:29:00
202400037795.0;1;94;94059;2;6;1.0;3.0;48.80732911;2.57571119;2024-08-26 07:45:00
202400037796.0;1;35;35012;1;1;1.0;6.0;47.841916;-1.699533;2024-07-19 18:00:00
202400037797.0;1;93;93005;1;1;1.0;4.0;48.95079853;2.4743666;2024-04-05 11:30:00
202400037798.0;2;76;76551;1;1;1.0;6.0;49.555855;0.3053;2024-07-15 05:30:00
202400037799.0;1;93;93051;1;1;1.0;6.0;48.83558148;2.56793626;2024-04-06 15:50:00
202400037800.0;1;94;94071;2;1;1.0;2.0;48.771749;2.526589;2024-08-27 12:00:00
202400037801.0;1;32;32013;2;1;1.0;2.0;43.62993;0.58747;2024-01-19 10:35:00
202400037802.0;1;62;62014;2;7;1.0;6.0;50.63674781;2.39616752;2024-07-19 10:05:00
202400037803.0;1;976;97611;1;1;1.0;3.0;-12.79707;45.20128;2024-04-05 06:20:00
202400037804.0;5;93;93029;2;6;1.0;6.0;48.91676;2.42923;2024-08-27 22:00:00
202400037805.0;1;62;62064;1;3;1.0;3.0;50.1000934;2.8332653;2024-07-19 09:40:00
202400037806.0;1;974;97416;2;1;1.0;5.0;-21.3361;55.46902;2024-04-05 10:55:00
202400037807.0;5;93;93010;2;1;1.0;6.0;48.90474848;2.47469293;2024-08-27 22:10:00
202400037808.0;3;59;59612;1;1;1.0;1.0;50.210936;3.522003;2024-07-21 02:00:00
202400037809.0;2;974;97416;1;9;1.0;3.0;-21.30656;55.42669;2024-04-05 06:10:00
202400037810.0;5;93;93027;2;2;1.0;3.0;48.92174307;2.39444666;2024-08-26 21:40:00
202400037811.0;1;974;97411;2;3;1.0;3.0;-20.87501;55.45399;2024-04-05 18:25:00
202400037812.0;1;13;13212;1;1;1.0;2.0;43.31604003;5.42256832;2024-07-19 15:50:00
202400037813.0;2;973;97302;2;1;1.0;7.0;4.93336537;-52.31953919;2024-04-05 17:40:00
202400037814.0;1;92;92050;2;9;1.0;3.0;48.87817153;2.20559679;2024-08-26 07:23:00
202400037815.0;1;973;97302;2;2;1.0;1.0;4.93443027;-52.32082263;2024-04-05 15:16:00
202400037816.0;5;92;92044;2;1;1.0;7.0;48.89200108;2.29677022;2024-08-27 00:57:00
202400037817.0;1;33;33192;1;1;1.0;4.0;44.777709;-0.644864;2024-07-20 12:18:00
202400037818.0;3;972;97213;1;2;1.0;4.0;14.6341;-61.01744;2024-04-04 19:34:00
202400037819.0;1;972;97209;2;1;1.0;6.0;14.60701;-61.05798;2024-04-05 11:55:00
202400037820.0;1;91;91477;1;9;1.0;2.0;48.71789;2.26163;2024-07-20 13:15:00
202400037821.0;5;972;97209;1;1;1.0;7.0;14.61584;-61.04372;2024-04-04 20:55:00
202400037822.0;1;94;94003;2;6;1.0;2.0;48.8094472;2.32628256;2024-08-26 08:30:00
202400037823.0;2;69;69385;2;2;1.0;3.0;45.75444;4.78215;2024-04-05 19:45:00
202400037824.0;1;78;78356;1;6;1.0;2.0;48.720082;2.087826;2024-08-27 15:13:00
202400037825.0;1;69;69149;2;1;1.0;6.0;45.7171055;4.81429993;2024-04-05 16:25:00
202400037826.0;1;94;94004;1;1;1.0;4.0;48.74854;2.5153;2024-07-19 17:50:00
202400037827.0;1;69;69034;2;1;1.0;6.0;45.79646;4.84905;2024-04-05 12:10:00
202400037828.0;1;9;9268;2;4;1.0;3.0;43.001837;1.137942;2024-08-27 18:10:00
202400037829.0;2;69;69266;2;6;2.0;6.0;45.77254;4.86619;2024-03-17 18:05:00
202400037830.0;1;971;97101;1;1;1.0;2.0;16.30336225;-61.49401903;2024-04-04 13:00:00
202400037831.0;1;974;97416;1;1;1.0;1.0;-21.31945;55.55105;2024-07-19 17:15:00
202400037832.0;1;33;33002;1;1;7.0;1.0;44.448778;-0.072527;2024-08-28 11:30:00
202400037833.0;5;2A;2A004;1;1;1.0;6.0;41.92711185;8.78929853;2024-04-06 00:20:00
202400037834.0;1;974;97411;2;1;1.0;6.0;-20.89678;55.46478;2024-07-19 08:15:00
202400037835.0;1;95;95539;1;1;2.0;5.0;48.99321569;2.36066985;2024-04-05 18:25:00
202400037836.0;1;68;68023;1;1;1.0;3.0;48.156474;7.337038;2024-08-22 17:30:00
202400037837.0;1;95;95607;2;1;1.0;3.0;49.016851;2.211505;2024-04-05 15:55:00
202400037838.0;1;974;97411;2;6;1.0;6.0;-20.88765;55.47245;2024-07-19 06:55:00
202400037839.0;1;95;95203;2;1;1.0;2.0;48.99719632;2.26969491;2024-04-04 16:30:00
202400037840.0;5;85;85223;1;2;1.0;3.0;46.52958;-1.072605;2024-08-27 21:20:00
202400037841.0;1;974;97407;2;9;1.0;3.0;-20.95888;55.32006;2024-07-18 16:50:00
202400037842.0;5;91;91377;2;9;1.0;2.0;48.727377;2.300039;2024-04-05 06:15:00
202400037843.0;1;62;62451;2;1;1.0;1.0;50.4761212;2.27226993;2024-08-26 19:45:00
202400037844.0;1;91;91687;2;1;1.0;3.0;48.678491;2.382529;2024-04-05 12:05:00
202400037845.0;1;973;97302;2;2;1.0;3.0;4.92500244;-52.31710643;2024-07-19 15:29:00
202400037846.0;4;34;34090;2;1;1.0;7.0;43.663431;3.924819;2024-08-28 02:14:00
202400037847.0;1;90;90010;2;1;1.0;3.0;47.63615;6.86181;2024-04-05 16:16:00
202400037848.0;1;69;69383;2;2;1.0;3.0;45.74035;4.88843;2024-07-19 18:15:00
202400037849.0;1;67;67486;1;6;1.0;3.0;48.253298;7.592508;2024-08-22 15:25:00
202400037850.0;1;69;69388;2;8;1.0;6.0;45.74599452;4.85922083;2024-07-19 13:05:00
202400037851.0;1;81;81201;1;4;1.0;6.0;44.110961;2.219582;2024-08-27 09:30:00
202400037852.0;1;89;89127;1;1;1.0;2.0;48.23064;3.25699;2024-04-05 15:20:00
202400037853.0;2;11;11206;2;6;7.0;6.0;43.044225;2.232228;2024-08-27 07:35:00
202400037854.0;1;69;69389;2;3;1.0;3.0;45.76494;4.80114;2024-07-19 20:45:00
202400037855.0;1;61;61462;2;1;1.0;3.0;48.724533;-0.03979;2024-08-28 16:14:00
202400037856.0;1;69;69152;1;1;1.0;3.0;45.6929;4.82784;2024-07-19 17:35:00
202400037857.0;2;12;12270;1;1;1.0;2.0;44.346655;2.957602;2024-08-25 20:30:00
202400037858.0;1;69;69389;2;1;1.0;3.0;45.80008;4.83511;2024-07-19 10:45:00
202400037859.0;1;44;44175;2;1;1.0;3.0;47.366483;-2.331827;2024-08-27 16:30:00
202400037860.0;1;2B;2B033;2;6;1.0;3.0;42.39;9.26;2024-07-19 19:13:00
202400037861.0;3;3;3208;1;1;1.0;6.0;46.422809;3.906636;2024-08-28 04:00:00
202400037862.0;1;971;97107;2;1;1.0;3.0;16.05168;-61.56422;2024-07-19 13:10:00
202400037863.0;1;1;1145;1;4;1.0;1.0;46.070815;5.193379;2024-08-27 17:00:00
202400037864.0;1;2A;2A004;2;1;1.0;3.0;41.94662;8.76556;2024-07-19 12:25:00
202400037865.0;1;72;72071;2;1;1.0;6.0;47.694021;0.461913;2024-08-01 18:50:00
202400037866.0;1;72;72300;1;2;7.0;3.0;48.034143;0.406798;2024-08-27 16:25:00
202400037867.0;1;95;95476;1;1;1.0;4.0;49.04829602;2.07095013;2024-07-19 08:05:00
202400037868.0;1;91;91549;2;6;1.0;3.0;48.638319;2.324061;2024-07-18 20:45:00
202400037869.0;1;91;91471;2;3;1.0;6.0;48.699;2.18787;2024-07-19 19:50:00
202400037870.0;1;60;60560;1;2;1.0;3.0;49.223329;2.739716;2024-08-28 11:00:00
202400037871.0;1;89;89387;2;3;1.0;3.0;48.19935;3.28714;2024-07-18 08:35:00
202400037872.0;1;73;73010;2;3;1.0;3.0;45.794414;5.932671;2024-08-26 17:50:00
202400037873.0;1;18;18141;2;1;1.0;7.0;47.139324;2.236792;2024-08-28 15:30:00
202400037874.0;1;89;89387;2;2;2.0;3.0;48.1937;3.29308;2024-07-14 12:40:00
202400037875.0;3;36;36171;2;1;1.0;6.0;47.091349;2.045659;2024-08-28 05:45:00
202400037876.0;1;7;7294;1;1;1.0;7.0;44.302322;4.248147;2024-08-28 08:10:00
202400037877.0;1;88;88160;2;1;1.0;3.0;48.18552;6.44535;2024-07-18 19:25:00
202400037878.0;5;24;24396;2;1;1.0;6.0;44.870473;1.043087;2024-08-27 22:10:00
202400037879.0;1;88;88160;1;1;7.0;3.0;48.17324;6.447;2024-07-18 18:20:00
202400037880.0;1;85;85288;1;1;1.0;5.0;46.475581;-1.653464;2024-08-28 17:40:00
202400037881.0;1;87;87085;2;1;1.0;6.0;45.82667;1.23808;2024-07-18 15:50:00
202400037882.0;1;30;30284;1;6;1.0;3.0;44.145685;4.068375;2024-08-28 10:50:00
202400037883.0;2;86;86066;2;3;1.0;3.0;46.815661;0.535626;2024-07-18 21:55:00
202400037884.0;3;89;89339;1;1;1.0;7.0;47.5976;3.9113;2024-08-26 01:00:00
202400037885.0;5;86;86066;2;1;1.0;5.0;46.80004;0.53827;2024-07-18 22:30:00
202400037886.0;1;83;83144;2;3;1.0;3.0;43.13549;5.99854;2024-07-19 11:15:00
202400037887.0;1;83;83123;2;1;1.0;6.0;43.13764;5.77513;2024-07-18 12:15:00
202400037888.0;1;11;11262;1;1;1.0;1.0;43.161957;3.136033;2024-08-28 15:30:00
202400037889.0;1;83;83069;2;1;1.0;3.0;43.12889141;6.09063484;2024-07-19 08:00:00
202400037890.0;1;11;11262;2;1;1.0;6.0;43.158269;3.164231;2024-08-28 12:40:00
202400037891.0;1;83;83050;2;9;1.0;6.0;43.53134;6.47034;2024-07-19 08:10:00
202400037892.0;3;77;77257;2;1;1.0;6.0;49.027289;3.018059;2024-08-28 03:05:00
202400037893.0;1;80;80021;2;1;1.0;2.0;49.89178;2.28814;2024-07-19 18:55:00
202400037894.0;1;77;77473;1;1;1.0;1.0;48.275939;2.770314;2024-08-28 14:00:00
202400037895.0;1;13;13097;1;9;1.0;7.0;43.651506;4.828797;2024-08-27 14:30:00
202400037896.0;1;78;78440;2;1;1.0;6.0;48.98611;1.91624;2024-07-19 21:22:00
202400037897.0;1;38;38344;1;3;1.0;6.0;45.399761;4.808578;2024-08-28 07:50:00
202400037898.0;1;38;38562;1;3;1.0;3.0;45.076724;5.766261;2024-08-25 14:25:00
202400037899.0;1;77;77394;1;1;1.0;1.0;48.56633;2.688;2024-07-19 20:55:00
202400037900.0;1;19;19207;2;6;1.0;6.0;45.26472279;1.63949776;2024-08-27 16:20:00
202400037901.0;1;77;77122;1;1;1.0;2.0;48.6606;2.58813;2024-07-18 19:20:00
202400037902.0;1;14;14488;2;2;1.0;3.0;49.288572;-0.268519;2024-08-27 19:30:00
202400037903.0;5;76;76231;2;1;1.0;3.0;49.28714171;1.0177964;2024-07-19 02:35:00
202400037904.0;1;56;56007;2;1;1.0;3.0;47.675881;-2.994499;2024-08-26 14:40:00
202400037905.0;1;22;22198;1;1;1.0;7.0;48.804339;-3.533856;2024-08-27 12:10:00
202400037906.0;5;76;76351;2;2;1.0;2.0;49.49425;0.13869;2024-07-19 04:30:00
202400037907.0;1;60;60042;2;1;1.0;6.0;49.349255;2.448326;2024-08-26 19:35:00
202400037908.0;1;59;59256;1;1;1.0;7.0;50.57693275;3.12935829;2024-08-23 17:20:00
202400037909.0;1;73;73065;1;1;1.0;4.0;45.58733279;5.90345326;2024-07-16 17:35:00
202400037910.0;1;71;71105;2;2;7.0;3.0;46.29954;4.78209;2024-07-17 16:45:00
202400037911.0;1;13;13212;1;1;1.0;4.0;43.2948;5.42571;2024-08-27 12:05:00
202400037912.0;1;71;71076;2;2;7.0;6.0;46.77918;4.8499;2024-07-19 13:20:00
202400037913.0;1;13;13211;1;1;1.0;2.0;43.2864;5.43169;2024-08-27 11:45:00
202400037914.0;1;68;68224;2;2;1.0;3.0;47.75963;7.34408;2024-07-19 14:15:00
202400037915.0;1;13;13215;1;1;1.0;2.0;43.34261266;5.37589947;2024-08-26 15:00:00
202400037916.0;5;67;67482;2;1;1.0;6.0;48.57475;7.75004;2024-07-19 21:58:00
202400037917.0;2;64;64445;2;2;1.0;7.0;43.30299;-0.35825;2024-07-19 21:30:00
202400037918.0;1;13;13212;1;1;1.0;2.0;43.29734;5.42494;2024-08-26 17:45:00
202400037919.0;1;64;64335;2;1;1.0;3.0;43.33407;-0.45505;2024-07-19 11:00:00
202400037920.0;1;83;83144;1;1;1.0;3.0;43.14101943;6.00255456;2024-08-27 15:10:00
202400037921.0;1;64;64024;2;1;1.0;3.0;43.49527;-1.54177;2024-07-18 17:15:00
202400037922.0;5;33;33063;1;1;1.0;2.0;44.880819;-0.542214;2024-08-25 01:40:00
202400037923.0;5;64;64024;2;6;1.0;3.0;43.48448;-1.51807;2024-07-17 23:30:00
202400037924.0;1;91;91377;1;1;1.0;5.0;48.71707;2.29147;2024-08-26 19:00:00
202400037925.0;1;62;62498;2;1;1.0;6.0;50.43223882;2.83088332;2024-07-16 16:10:00
202400037926.0;1;62;62033;2;1;1.0;6.0;50.45902;2.88889;2024-07-12 15:00:00
202400037927.0;2;91;91689;1;1;1.0;2.0;48.72805;2.31421;2024-08-26 20:55:00
202400037928.0;1;59;59328;2;1;1.0;2.0;50.64401;3.02012;2024-07-19 19:00:00
202400037929.0;1;92;92025;1;1;1.0;2.0;48.92201331;2.22672771;2024-08-27 12:45:00
202400037930.0;1;56;56121;2;1;1.0;6.0;47.75473;-3.35957;2024-07-18 21:30:00
202400037931.0;1;95;95678;1;1;1.0;4.0;49.06434647;2.21408768;2024-08-27 17:15:00
202400037932.0;1;54;54184;2;1;1.0;6.0;48.70512;6.24859;2024-07-18 18:46:00
202400037933.0;2;93;93064;1;1;1.0;3.0;48.86366607;2.48273447;2024-08-26 20:30:00
202400037934.0;1;93;93053;1;1;1.0;2.0;48.88051587;2.45194432;2024-08-26 19:20:00
202400037935.0;5;51;51055;2;6;1.0;7.0;49.28015;4.04329;2024-07-19 23:05:00
202400037936.0;1;95;95277;1;1;1.0;6.0;48.98015842;2.49808344;2024-08-26 16:30:00
202400037937.0;1;51;51454;2;2;1.0;3.0;49.25941;4.03564;2024-07-19 17:50:00
202400037938.0;1;92;92036;1;1;1.0;2.0;48.93812834;2.29900718;2024-08-26 07:58:00
202400037939.0;1;51;51454;2;1;1.0;3.0;49.25174;4.02139;2024-07-18 19:00:00
202400037940.0;3;93;93027;1;1;1.0;6.0;48.9267618;2.40483105;2024-08-25 22:47:00
202400037941.0;1;51;51230;2;2;1.0;3.0;49.040946;3.950251;2024-07-19 14:00:00
202400037942.0;3;93;93013;1;1;1.0;3.0;48.94156576;2.42856033;2024-08-25 01:30:00
202400037943.0;1;93;93051;1;1;1.0;3.0;48.83544029;2.57065125;2024-08-27 15:40:00
202400037944.0;1;51;51230;2;2;1.0;3.0;49.038905;3.954115;2024-07-19 14:40:00
202400037945.0;1;94;94052;1;1;1.0;2.0;48.84528286;2.4919975;2024-08-26 11:15:00
202400037946.0;5;50;50129;2;3;1.0;3.0;49.64293;-1.62458;2024-07-19 00:25:00