Num_Acc;lum;departement;commune;agglomeration;intersection;meteo;type_collision;lat;long;date
202400037947.0;1;49;49099;1;1;1.0;7.0;47.02023;-0.90063;2024-07-17 14:45:00
202400037948.0;1;84;84143;1;1;1.0;3.0;43.996446;5.144732;2024-05-28 11:11:00
202400037949.0;1;49;49007;2;1;1.0;3.0;47.44288;-0.56327;2024-07-19 12:00:00
202400037950.0;1;84;84105;1;1;1.0;2.0;43.881775;5.429349;2024-05-26 08:20:00
202400037951.0;1;19;19031;2;1;1.0;4.0;45.16467924;1.50760746;2024-04-20 16:45:00
202400037952.0;5;48;48095;2;1;1.0;6.0;44.51826;3.49675;2024-07-16 22:00:00
202400037953.0;1;19;19031;2;1;1.0;6.0;45.15505191;1.54776576;2024-04-11 18:02:00
202400037954.0;1;47;47323;2;1;1.0;1.0;44.42297;0.70107;2024-07-18 18:30:00
202400037955.0;1;57;57650;2;1;1.0;6.0;49.441585;6.357822;2024-06-15 14:40:00
202400037956.0;1;45;45234;2;2;1.0;3.0;47.92647;1.89459;2024-07-19 12:35:00
202400037957.0;1;57;57215;1;1;1.0;1.0;49.362726;6.544123;2024-06-12 05:35:00
202400037958.0;1;45;45004;1;1;1.0;6.0;47.98546;2.77381;2024-07-19 10:25:00
202400037959.0;1;57;57180;2;1;1.0;6.0;48.774751;7.0186;2024-06-27 13:42:00
202400037960.0;1;57;57179;2;1;7.0;6.0;49.33468;6.268387;2024-06-11 07:45:00
202400037961.0;3;44;44055;2;9;1.0;6.0;47.30576;-2.37942;2024-07-19 01:10:00
202400037962.0;1;57;57465;1;1;1.0;6.0;49.320017;6.277469;2024-06-10 10:45:00
202400037963.0;1;35;35238;2;6;1.0;3.0;48.08691;-1.68215;2024-07-19 15:09:00
202400037964.0;1;976;97611;2;1;1.0;3.0;-12.79128;45.22203;2024-08-26 14:40:00
202400037965.0;1;35;35238;2;1;1.0;6.0;48.10998;-1.65936;2024-07-19 09:55:00
202400037966.0;1;69;69388;2;1;1.0;4.0;45.73732;4.86856;2024-08-26 17:30:00
202400037967.0;1;69;69389;2;3;1.0;3.0;45.80159788;4.83842283;2024-08-26 10:15:00
202400037968.0;1;33;33281;2;1;1.0;3.0;44.82634;-0.66382;2024-07-19 13:50:00
202400037969.0;1;2B;2B037;1;9;1.0;2.0;42.63122;9.43779;2024-08-26 15:36:00
202400037970.0;1;32;32013;2;1;1.0;6.0;43.65264;0.61543;2024-07-18 13:25:00
202400037971.0;1;29;29039;2;1;1.0;6.0;47.875168;-3.915317;2024-07-19 11:39:00
202400037972.0;3;971;97105;2;1;1.0;1.0;16.00536;-61.735;2024-08-25 21:16:00
202400037973.0;1;29;29019;2;3;1.0;3.0;48.393516;-4.481329;2024-07-18 20:55:00
202400037974.0;1;91;91657;2;9;1.0;3.0;48.70328;2.43046;2024-08-26 16:20:00
202400037975.0;1;29;29019;2;1;1.0;6.0;48.387741;-4.485496;2024-07-18 15:44:00
202400037976.0;5;87;87085;2;1;1.0;7.0;45.82203;1.26437;2024-08-21 21:45:00
202400037977.0;5;87;87085;2;1;1.0;6.0;45.82744;1.26045;2024-08-23 22:06:00
202400037978.0;1;19;19031;2;1;1.0;3.0;45.16294;1.50283;2024-07-19 12:50:00
202400037979.0;5;87;87050;1;2;1.0;3.0;45.89755125;1.22864664;2024-08-24 01:55:00
202400037980.0;5;18;18279;2;1;1.0;7.0;47.22297;2.066;2024-07-20 00:05:00
202400037981.0;1;85;85194;2;1;1.0;6.0;46.49587;-1.79631;2024-08-23 15:45:00
202400037982.0;1;17;17415;1;1;1.0;2.0;45.7303;-0.62591;2024-07-19 20:30:00
202400037983.0;1;83;83062;2;1;1.0;6.0;43.12124;6.01037;2024-08-26 10:40:00
202400037984.0;1;16;16271;2;1;1.0;1.0;45.621936;0.164778;2024-07-17 19:16:00
202400037985.0;1;83;83061;2;1;1.0;1.0;43.44761;6.72699;2024-08-24 13:30:00
202400037986.0;1;15;15014;2;1;1.0;7.0;44.9284;2.4457;2024-07-18 11:00:00
202400037987.0;1;78;78490;1;1;1.0;1.0;48.79028;1.96018;2024-08-26 17:00:00
202400037988.0;1;13;13071;2;1;1.0;1.0;43.41366391;5.35585552;2024-07-19 19:16:00
202400037989.0;2;13;13039;1;1;1.0;2.0;43.42657;4.97141;2024-05-25 05:20:00
202400037990.0;1;77;77350;2;1;1.0;3.0;48.76194;2.67512;2024-08-26 19:00:00
202400037991.0;5;13;13216;2;1;1.0;6.0;43.36067;5.32847;2024-07-19 00:01:00
202400037992.0;1;77;77243;2;6;1.0;3.0;48.87826;2.70178;2024-08-26 15:50:00
202400037993.0;1;73;73065;2;1;1.0;6.0;45.56076732;5.90312037;2024-08-25 18:20:00
202400037994.0;5;72;72181;2;1;1.0;6.0;47.98695;0.18112;2024-08-26 01:50:00
202400037995.0;1;72;72181;2;1;1.0;6.0;47.98269;0.21243;2024-08-25 15:25:00
202400037996.0;1;11;11069;2;1;1.0;6.0;43.21646;2.3501;2024-09-30 18:45:00
202400037997.0;1;72;72181;1;1;2.0;7.0;48.02061;0.23355;2024-08-25 07:10:00
202400037998.0;1;13;13028;2;3;1.0;3.0;43.20791;5.62765;2024-07-19 18:10:00
202400037999.0;1;69;69290;2;1;1.0;4.0;45.71786;4.92962;2024-08-26 17:16:00
202400038000.0;1;10;10343;2;1;7.0;6.0;48.27012;4.09195;2024-07-18 13:51:00
202400038001.0;1;11;11069;2;6;1.0;3.0;43.2339;2.36807;2024-09-30 17:40:00
202400038002.0;1;68;68066;2;6;1.0;3.0;48.09436;7.36161;2024-08-19 17:48:00
202400038003.0;1;9;9225;2;1;1.0;1.0;43.10924;1.61327;2024-10-01 17:15:00
202400038004.0;1;10;10387;2;1;1.0;3.0;48.2817;4.0703;2024-07-18 14:57:00
202400038005.0;5;67;67447;2;3;1.0;3.0;48.60485;7.73749;2024-08-25 22:35:00
202400038006.0;1;66;66136;2;1;1.0;6.0;42.73797978;2.891137;2024-08-26 10:00:00
202400038007.0;1;7;7102;2;6;1.0;3.0;44.92088;4.86217;2024-09-30 16:15:00
202400038008.0;1;6;6088;2;1;1.0;1.0;43.68592;7.23683;2024-07-18 16:10:00
202400038009.0;1;64;64129;2;1;1.0;1.0;43.31364;-0.37785;2024-08-26 11:40:00
202400038010.0;5;64;64129;1;6;1.0;6.0;43.30523;-0.40195;2024-08-26 00:24:00
202400038011.0;1;64;64102;2;3;1.0;3.0;43.47858;-1.49554;2024-08-26 18:13:00
202400038012.0;1;75;75116;2;1;1.0;6.0;48.868219;2.269778;2024-07-19 19:55:00
202400038013.0;1;62;62193;2;1;1.0;6.0;50.9476;1.82908;2024-08-26 18:00:00
202400038014.0;2;6;6027;1;1;1.0;3.0;43.65123;7.14187;2024-10-01 19:10:00
202400038015.0;1;60;60665;2;6;1.0;6.0;49.42239;2.80617;2024-08-25 19:50:00
202400038016.0;1;75;75118;2;1;1.0;7.0;48.901104;2.346646;2024-07-19 08:30:00
202400038017.0;5;59;59646;2;9;1.0;3.0;50.68315;3.11909;2024-08-26 23:00:00
202400038018.0;1;6;6027;2;3;1.0;6.0;43.6646;7.1515;2024-10-01 18:25:00
202400038019.0;5;75;75120;2;1;1.0;2.0;48.861712;2.413697;2024-07-18 22:30:00
202400038020.0;5;59;59183;2;1;1.0;6.0;51.0262;2.35265;2024-08-26 22:00:00
202400038021.0;1;6;6123;2;1;1.0;3.0;43.66008;7.18883;2024-09-30 12:15:00
202400038022.0;1;75;75112;2;1;1.0;2.0;48.835991;2.412053;2024-07-18 17:45:00
202400038023.0;1;75;75119;2;1;1.0;2.0;48.89998334;2.38459378;2024-10-01 14:45:00
202400038024.0;5;56;56260;2;2;1.0;3.0;47.66088;-2.75453;2024-08-26 21:14:00
202400038025.0;1;75;75115;2;1;1.0;4.0;48.834927;2.266773;2024-07-18 17:30:00
202400038026.0;5;75;75118;2;1;1.0;5.0;48.90102;2.342629;2024-09-30 19:30:00
202400038027.0;1;75;75119;2;1;1.0;2.0;48.900615;2.37248;2024-07-19 15:20:00
202400038028.0;1;54;54357;2;2;1.0;3.0;48.70616;6.13984;2024-08-25 19:30:00
202400038029.0;5;75;75118;2;7;1.0;3.0;48.8932411;2.36341399;2024-07-19 04:45:00
202400038030.0;5;75;75106;2;7;1.0;3.0;48.847337;2.340843;2024-10-01 19:16:00
202400038031.0;1;51;51454;2;3;1.0;3.0;49.2669;4.01619;2024-08-25 11:00:00
202400038032.0;5;75;75120;2;1;1.0;1.0;48.87349;2.408307;2024-09-30 22:45:00
202400038033.0;1;75;75117;2;1;1.0;1.0;48.884578;2.300496;2024-07-19 17:05:00
202400038034.0;1;75;75117;2;1;1.0;3.0;48.897076;2.322869;2024-10-01 10:20:00
202400038035.0;1;49;49099;1;6;1.0;7.0;47.03078;-0.91163;2024-08-23 17:35:00
202400038036.0;1;75;75114;2;4;1.0;3.0;48.827083;2.325036;2024-07-17 20:05:00
202400038037.0;1;75;75116;2;5;1.0;3.0;48.836603;2.256501;2024-10-01 18:45:00
202400038038.0;3;44;44162;1;1;1.0;2.0;47.20344941;-1.6224119;2024-08-26 02:30:00
202400038039.0;1;75;75112;2;2;1.0;3.0;48.83891432;2.37614769;2024-07-19 18:30:00
202400038040.0;2;75;75110;2;1;1.0;3.0;48.874366;2.370314;2024-10-01 19:30:00
202400038041.0;1;75;75108;2;2;2.0;7.0;48.87937;2.317197;2024-09-30 18:30:00
202400038042.0;1;75;75109;2;3;1.0;2.0;48.87692;2.334218;2024-07-19 13:05:00
202400038043.0;1;44;44109;2;1;1.0;5.0;47.25082;-1.53008;2024-08-25 19:30:00
202400038044.0;1;94;94074;2;9;1.0;6.0;48.75064;2.45428;2024-10-01 19:25:00
202400038045.0;1;75;75108;2;2;1.0;6.0;48.873425;2.322443;2024-07-19 13:15:00
202400038046.0;1;94;94033;2;6;1.0;6.0;48.85407;2.4931;2024-10-01 17:20:00
202400038047.0;1;94;94081;2;3;1.0;3.0;48.79375737;2.41352007;2024-07-19 08:50:00
202400038048.0;1;41;41018;2;1;1.0;3.0;47.58297;1.3407;2024-08-24 18:20:00
202400038049.0;1;94;94015;2;3;2.0;7.0;48.82935;2.51771;2024-09-30 09:00:00
202400038050.0;1;94;94074;2;1;9.0;6.0;48.75653829;2.45292145;2024-07-19 17:05:00
202400038051.0;1;93;93046;2;1;1.0;6.0;48.92695;2.5419;2024-10-01 16:30:00
202400038052.0;1;94;94068;2;2;1.0;3.0;48.79301;2.48281;2024-07-18 10:26:00
202400038053.0;1;37;37233;2;1;1.0;3.0;47.38043;0.73016;2024-08-26 15:55:00
202400038054.0;1;93;93047;2;1;1.0;6.0;48.88967346;2.55360835;2024-09-30 17:20:00
202400038055.0;1;94;94046;2;2;1.0;3.0;48.8091;2.44341;2024-07-19 15:25:00
202400038056.0;1;93;93057;2;1;1.0;3.0;48.90814345;2.49534588;2024-10-01 12:00:00
202400038057.0;1;33;33318;2;1;1.0;3.0;44.80026;-0.66321;2024-08-26 19:00:00
202400038058.0;1;93;93010;2;2;1.0;3.0;48.90257;2.49809;2024-10-01 07:50:00
202400038059.0;1;94;94076;2;9;1.0;3.0;48.78458;2.36715;2024-07-19 20:20:00
202400038060.0;1;33;33281;2;1;1.0;3.0;44.83371;-0.69087;2024-08-26 08:45:00
202400038061.0;1;93;93008;2;1;1.0;6.0;48.90963896;2.43627548;2024-10-01 11:50:00
202400038062.0;1;94;94021;2;6;1.0;3.0;48.766953;2.349663;2024-07-19 11:20:00
202400038063.0;5;93;93005;2;9;1.0;6.0;48.94809419;2.50186764;2024-10-01 20:45:00
202400038064.0;1;30;30007;2;9;1.0;3.0;44.11148;4.10007;2024-08-26 19:25:00
202400038065.0;1;94;94033;2;1;1.0;3.0;48.84374868;2.46092691;2024-07-19 18:15:00
202400038066.0;1;92;92073;2;4;1.0;3.0;48.86517837;2.20436476;2024-10-01 10:55:00
202400038067.0;1;29;29019;2;6;1.0;3.0;48.39197;-4.486932;2024-08-25 11:25:00
202400038068.0;1;94;94028;2;1;1.0;2.0;48.792963;2.459472;2024-07-19 14:15:00
202400038069.0;1;92;92063;2;1;1.0;3.0;48.87849537;2.18665749;2024-10-01 11:00:00
202400038070.0;1;19;19031;2;2;1.0;3.0;45.1645;1.5026;2024-08-25 18:28:00
202400038071.0;1;94;94011;2;1;1.0;2.0;48.77577881;2.48987786;2024-07-18 13:45:00
202400038072.0;1;92;92051;2;1;2.0;6.0;48.88608813;2.26863161;2024-09-23 08:00:00
202400038073.0;1;94;94028;2;1;1.0;6.0;48.77752732;2.45622727;2024-07-17 10:02:00
202400038074.0;1;17;17415;2;2;1.0;3.0;45.74327;-0.66436;2024-08-26 12:25:00
202400038075.0;2;92;92048;2;1;1.0;6.0;48.81681;2.24789;2024-10-01 07:34:00
202400038076.0;4;37;37093;2;1;1.0;7.0;47.120749;0.468721;2024-10-01 01:45:00
202400038077.0;1;94;94071;2;2;1.0;3.0;48.779265;2.515874;2024-07-19 09:00:00
202400038078.0;2;14;14699;2;3;1.0;1.0;49.34768;0.09366;2024-08-26 06:15:00
202400038079.0;3;84;84044;1;1;1.0;7.0;44.226251;5.162287;2024-09-27 21:15:00
202400038080.0;5;14;14333;2;1;1.0;7.0;49.41642;0.23329;2024-08-25 22:30:00
202400038081.0;5;94;94002;2;1;1.0;6.0;48.81038;2.414308;2024-07-14 02:45:00
202400038082.0;2;31;31113;2;1;1.0;6.0;43.512018;1.504965;2024-10-01 09:35:00
202400038083.0;5;13;13208;2;2;1.0;3.0;43.27868;5.38753;2024-08-26 23:51:00
202400038084.0;1;93;93053;2;1;1.0;3.0;48.89114205;2.44886594;2024-07-19 12:30:00
202400038085.0;2;13;13213;2;1;1.0;2.0;43.34905877;5.44479109;2024-08-26 06:50:00
202400038086.0;3;54;54135;1;1;2.0;6.0;48.503276;5.910966;2024-10-01 21:30:00
202400038087.0;1;93;93031;2;2;1.0;3.0;48.95305925;2.31579383;2024-07-19 17:45:00
202400038088.0;5;13;13206;2;2;1.0;3.0;43.28911;5.38419;2024-08-22 21:40:00
202400038089.0;1;22;22084;1;1;1.0;6.0;48.376212;-2.360392;2024-10-01 15:50:00
202400038090.0;1;93;93031;2;1;1.0;2.0;48.9479;2.33192;2024-07-19 11:21:00
202400038091.0;3;83;83091;1;1;1.0;1.0;43.226842;6.122244;2024-10-01 20:45:00
202400038092.0;1;93;93029;2;1;1.0;3.0;48.91747841;2.45611089;2024-07-19 18:20:00
202400038093.0;1;10;10081;2;2;1.0;2.0;48.3042;4.03286;2024-08-24 15:58:00
202400038094.0;1;1;1033;2;9;2.0;6.0;46.117744;5.816;2024-10-01 12:00:00
202400038095.0;1;6;6123;1;1;1.0;6.0;43.683222;7.188404;2024-08-26 07:26:00
202400038096.0;1;93;93027;2;1;1.0;3.0;48.93046948;2.3834753;2024-07-18 17:50:00
202400038097.0;3;62;62600;1;1;3.0;1.0;50.51810313;2.37106284;2024-10-01 20:30:00
202400038098.0;1;75;75117;2;1;1.0;4.0;48.899311;2.31838;2024-08-26 09:15:00
202400038099.0;5;93;93008;2;9;1.0;3.0;48.90757988;2.42576122;2024-07-19 04:45:00
202400038100.0;5;57;57628;2;1;2.0;6.0;48.999384;7.025086;2024-10-02 05:15:00
202400038101.0;1;75;75120;2;1;1.0;2.0;48.848263;2.414947;2024-08-26 07:00:00
202400038102.0;1;92;92040;2;2;1.0;3.0;48.82307894;2.27335221;2024-07-19 11:00:00
202400038103.0;1;51;51193;2;2;2.0;3.0;48.989634;4.511669;2024-09-30 08:30:00
202400038104.0;1;75;75116;2;1;1.0;2.0;48.844085;2.254681;2024-08-25 20:35:00
202400038105.0;1;19;19190;1;1;1.0;1.0;45.495428;2.419063;2024-09-30 18:58:00
202400038106.0;1;92;92036;2;3;1.0;3.0;48.92971728;2.30918249;2024-07-18 14:20:00
202400038107.0;5;75;75115;2;2;1.0;3.0;48.840008;2.290357;2024-08-26 01:38:00
202400038108.0;1;56;56113;1;2;1.0;3.0;48.073219;-3.194892;2024-10-01 16:55:00
202400038109.0;5;92;92024;2;2;1.0;3.0;48.90349237;2.30579317;2024-07-19 01:53:00
202400038110.0;2;79;79311;1;1;3.0;2.0;46.629643;-0.434507;2024-10-01 08:00:00
202400038111.0;1;92;92004;2;9;1.0;6.0;48.91828725;2.28338206;2024-07-19 18:45:00
202400038112.0;1;75;75118;2;1;1.0;2.0;48.900445;2.328746;2024-08-26 16:20:00
202400038113.0;1;2B;2B343;2;1;1.0;2.0;42.492629;9.474185;2024-10-01 11:00:00
202400038114.0;1;60;60338;1;1;1.0;6.0;49.348192;2.771409;2024-07-19 11:40:00
202400038115.0;1;71;71263;2;3;3.0;6.0;46.635559;5.208077;2024-10-01 15:00:00
202400038116.0;1;60;60338;1;1;1.0;1.0;49.350191;2.770132;2024-07-19 21:01:00
202400038117.0;1;75;75117;2;2;1.0;3.0;48.884049;2.308723;2024-08-26 07:30:00
202400038118.0;1;63;63372;1;1;2.0;1.0;45.90500077;3.29945064;2024-10-01 15:40:00
202400038119.0;5;75;75115;2;1;1.0;6.0;48.849159;2.29811;2024-08-26 05:00:00
202400038120.0;1;49;49200;2;1;1.0;6.0;47.520447;-0.662779;2024-10-02 12:15:00
202400038121.0;1;75;75108;2;2;1.0;6.0;48.871955;2.300375;2024-08-25 21:42:00
202400038122.0;1;77;77209;2;1;1.0;2.0;48.86;2.69;2024-06-18 11:06:00
202400038123.0;3;12;12182;1;2;2.0;5.0;44.439671;2.946353;2024-10-01 22:20:00
202400038124.0;5;75;75104;2;1;1.0;6.0;48.85557;2.352077;2024-08-26 01:10:00
202400038125.0;1;94;94081;2;1;1.0;6.0;48.78991491;2.39072992;2024-08-26 14:35:00
202400038126.0;1;76;76351;2;3;2.0;3.0;49.49775;0.15969;2024-06-18 11:00:00
202400038127.0;1;46;46228;2;4;1.0;6.0;44.899109;1.812454;2024-10-01 17:00:00
202400038128.0;1;94;94058;2;1;1.0;3.0;48.833405;2.502258;2024-08-26 17:03:00
202400038129.0;1;74;74012;2;9;1.0;6.0;46.1973;6.24863;2024-06-18 15:05:00
202400038130.0;3;68;68139;1;1;3.0;1.0;47.60718814;7.22286007;2024-10-01 20:20:00
202400038131.0;1;93;93070;2;1;1.0;6.0;48.91047686;2.33777816;2024-08-26 15:10:00
202400038132.0;1;73;73065;1;4;1.0;2.0;45.58373;5.90962;2024-06-18 13:55:00
202400038133.0;1;93;93066;2;3;1.0;6.0;48.93854052;2.35633517;2024-08-26 18:30:00
202400038134.0;2;39;39526;2;2;3.0;3.0;47.045779;5.422708;2024-10-01 18:15:00
202400038135.0;1;93;93073;2;6;1.0;3.0;48.93776011;2.57407795;2024-08-26 18:32:00
202400038136.0;1;67;67482;2;1;1.0;2.0;48.56911;7.71038;2024-06-18 10:50:00
202400038137.0;1;29;29259;2;1;1.0;1.0;48.691597;-3.977643;2024-10-02 14:50:00
202400038138.0;5;93;93014;2;6;1.0;3.0;48.90450461;2.55588833;2024-08-25 22:20:00
202400038139.0;1;67;67043;2;3;1.0;3.0;48.6114;7.7513;2024-06-17 17:00:00
202400038140.0;1;3;3075;1;1;3.0;2.0;46.219774;3.126442;2024-10-01 16:15:00
202400038141.0;1;3;3239;1;1;1.0;7.0;46.434289;3.936625;2024-09-30 13:30:00
202400038142.0;1;64;64483;2;6;1.0;2.0;43.39166;-1.65491;2024-06-17 13:50:00
202400038143.0;1;93;93001;2;1;1.0;2.0;48.92205396;2.3732999;2024-08-26 16:15:00
202400038144.0;1;92;92025;2;1;1.0;6.0;48.92587;2.24717;2024-08-26 09:30:00
202400038145.0;1;58;58095;1;1;1.0;5.0;46.81222;3.448699;2024-10-02 08:30:00
202400038146.0;1;64;64445;2;6;1.0;3.0;43.30172;-0.3447;2024-06-18 16:20:00
202400038147.0;1;76;76710;1;2;7.0;3.0;49.665164;0.514267;2024-08-27 07:45:00
202400038148.0;3;72;72044;1;1;8.0;3.0;47.776973;-0.050082;2024-09-28 01:18:00
202400038149.0;1;61;61006;2;2;1.0;3.0;48.746615;-0.020418;2024-06-17 15:30:00
202400038150.0;1;974;97415;2;3;1.0;3.0;-20.977495;55.328646;2024-08-27 07:35:00
202400038151.0;3;14;14500;1;1;2.0;6.0;49.267861;0.203226;2024-10-01 23:30:00
202400038152.0;1;61;61006;2;6;1.0;3.0;48.749087;-0.01451;2024-06-17 13:25:00
202400038153.0;2;69;69287;1;1;1.0;5.0;45.719789;5.053821;2024-08-27 05:55:00
202400038154.0;1;50;50273;1;4;1.0;3.0;49.315058;-1.372991;2024-10-02 17:25:00
202400038155.0;1;40;40296;1;1;1.0;6.0;43.71603619;-1.39559984;2024-08-20 19:15:00
202400038156.0;1;59;59599;2;1;1.0;3.0;50.719623;3.161873;2024-06-18 09:05:00
202400038157.0;1;974;97422;2;1;1.0;6.0;-21.282164;55.519157;2024-08-25 13:12:00
202400038158.0;1;59;59646;2;3;2.0;3.0;50.67;3.13187;2024-06-18 19:50:00
202400038159.0;1;83;83007;1;1;1.0;1.0;43.661445;6.226373;2024-09-29 16:05:00
202400038160.0;1;63;63388;1;1;2.0;7.0;46.00802374;2.74998521;2024-08-24 15:50:00
202400038161.0;1;54;54431;1;1;1.0;6.0;48.91735;6.04027;2024-06-17 17:04:00
202400038162.0;1;40;40117;2;1;2.0;7.0;43.774286;-0.432941;2024-10-01 18:45:00
202400038163.0;1;54;54547;1;1;1.0;6.0;48.67142799;6.1861825;2024-06-17 18:15:00
202400038164.0;3;19;19274;1;1;1.0;2.0;45.1951489;1.50008708;2024-08-27 01:00:00
202400038165.0;1;54;54323;2;1;1.0;6.0;49.5237;5.76446;2024-06-18 10:45:00
202400038166.0;1;30;30221;1;1;1.0;7.0;44.02272;4.744334;2024-08-26 16:15:00
202400038167.0;1;30;30062;1;3;1.0;3.0;43.792109;4.205535;2024-10-01 14:00:00
202400038168.0;1;87;87001;2;1;1.0;6.0;45.796356;1.134306;2024-03-20 09:00:00
202400038169.0;1;51;51172;2;7;1.0;4.0;49.219857;4.040817;2024-06-17 14:10:00
202400038170.0;1;38;38068;1;1;1.0;3.0;45.09136345;5.72427821;2024-10-02 15:30:00
202400038171.0;1;83;83017;1;9;1.0;3.0;43.25100939;5.99659449;2024-08-22 17:40:00
202400038172.0;1;51;51454;2;1;1.0;3.0;49.22608;4.01089;2024-06-17 08:30:00
202400038173.0;1;30;30047;1;1;1.0;2.0;43.808703;4.440976;2024-08-27 18:30:00
202400038174.0;1;49;49007;2;1;1.0;2.0;47.4687;-0.58872;2024-06-17 19:17:00
202400038175.0;1;91;91534;1;1;1.0;7.0;48.74341;2.164929;2024-08-26 20:02:00
202400038176.0;1;49;49007;2;1;2.0;1.0;47.47559;-0.54865;2024-06-17 14:15:00
202400038177.0;1;56;56032;1;1;1.0;6.0;47.951162;-2.306292;2024-08-18 11:45:00
202400038178.0;1;63;63126;1;1;1.0;2.0;45.69693478;3.14807932;2024-10-02 11:37:00
202400038179.0;1;49;49015;2;1;1.0;6.0;47.50379;-0.5761;2024-06-14 12:55:00
202400038180.0;1;56;56259;1;1;1.0;3.0;47.60515;-2.602172;2024-08-25 16:45:00
202400038181.0;1;21;21590;1;1;3.0;7.0;47.058505;4.804421;2024-10-01 15:05:00
202400038182.0;1;56;56053;2;9;7.0;6.0;47.733237;-2.592409;2024-08-22 11:10:00
202400038183.0;1;59;59244;1;1;1.0;2.0;50.166058;3.174475;2024-10-02 07:10:00
202400038184.0;1;45;45234;2;1;3.0;1.0;47.83899;1.93525;2024-06-18 07:50:00
202400038185.0;1;76;76380;1;3;1.0;7.0;49.78657;0.988491;2024-08-26 20:00:00
202400038186.0;1;971;97134;1;1;1.0;6.0;16.046512;-61.74646;2024-10-02 07:15:00
202400038187.0;1;80;80373;1;1;1.0;1.0;50.002678;1.533118;2024-08-26 15:50:00
202400038188.0;2;83;83023;1;1;1.0;2.0;43.398157;6.132603;2024-09-26 07:12:00
202400038189.0;5;44;44184;2;3;1.0;3.0;47.29003;-2.19492;2024-06-19 00:12:00
202400038190.0;1;65;65460;1;1;1.0;6.0;43.38509;0.092182;2024-08-26 19:50:00
202400038191.0;1;11;11003;1;3;1.0;6.0;43.050039;2.144802;2024-08-20 17:40:00
202400038192.0;1;42;42237;2;1;1.0;6.0;45.4529;4.4515;2024-06-17 14:00:00
202400038193.0;3;42;42180;1;4;3.0;6.0;45.590685;4.144034;2024-10-01 21:30:00
202400038194.0;1;63;63246;2;3;1.0;7.0;45.59694404;2.7347964;2024-08-25 17:05:00
202400038195.0;1;26;26220;1;1;1.0;3.0;44.37100741;5.15149355;2024-10-02 16:45:00
202400038196.0;2;40;40192;2;2;1.0;3.0;43.88834;-0.48899;2024-06-15 20:50:00
202400038197.0;1;63;63003;2;1;1.0;3.0;45.5575912;3.72788697;2024-08-26 10:17:00
202400038198.0;1;38;38185;2;1;1.0;6.0;45.17953;5.71603;2024-06-18 17:00:00
202400038199.0;1;85;85011;2;6;1.0;3.0;46.938964;-2.174386;2024-10-01 18:35:00
202400038200.0;1;63;63040;1;3;1.0;3.0;45.720248;3.305082;2024-08-25 18:20:00
202400038201.0;1;37;37195;1;1;8.0;3.0;47.3778587;0.64990649;2024-06-18 08:25:00
202400038202.0;3;49;49344;1;1;1.0;3.0;47.63612;-0.677767;2024-08-27 03:10:00
202400038203.0;1;37;37261;2;1;2.0;2.0;47.39049;0.69158;2024-06-17 15:50:00
202400038204.0;1;46;46117;2;1;1.0;7.0;44.942159;1.878769;2024-08-26 18:00:00
202400038205.0;1;35;35238;2;1;1.0;6.0;48.10827176;-1.69445604;2024-06-18 17:40:00
202400038206.0;1;47;47054;1;1;1.0;7.0;44.422318;0.492861;2024-08-26 20:20:00
202400038207.0;1;35;35238;2;2;2.0;3.0;48.08827339;-1.66760176;2024-06-18 08:20:00
202400038208.0;1;47;47247;1;1;1.0;1.0;44.681497;0.316474;2024-08-26 14:15:00
202400038209.0;3;22;22136;1;1;1.0;7.0;48.20482;-2.736669;2024-10-01 22:48:00
202400038210.0;1;34;34108;2;3;1.0;1.0;43.44606;3.74289;2024-06-18 10:35:00
202400038211.0;3;34;34150;1;1;1.0;5.0;43.328222;3.557682;2024-08-15 23:50:00
202400038212.0;1;34;34301;2;1;1.0;6.0;43.41361;3.69463;2024-06-18 09:50:00
202400038213.0;1;60;60341;2;6;1.0;4.0;49.09418854;2.74637389;2024-10-02 11:45:00
202400038214.0;1;34;34003;2;6;1.0;2.0;43.29978;3.47831;2024-06-17 13:28:00
202400038215.0;3;34;34150;1;1;8.0;1.0;43.372165;3.519361;2024-08-24 20:50:00
202400038216.0;3;60;60489;1;1;3.0;7.0;49.162442;2.832584;2024-10-02 03:30:00
202400038217.0;1;33;33063;2;1;1.0;6.0;44.87051;-0.56483;2024-06-18 17:30:00
202400038218.0;1;60;60116;2;9;1.0;1.0;49.318548;2.329552;2024-10-02 14:50:00
202400038219.0;3;60;60524;1;1;1.0;1.0;49.330191;2.434845;2024-10-01 00:20:00
202400038220.0;1;22;22340;1;4;1.0;6.0;48.648179;-3.40632;2024-08-27 15:45:00
202400038221.0;1;33;33063;2;1;1.0;6.0;44.8286;-0.56266;2024-06-18 17:40:00
202400038222.0;3;44;44186;1;1;1.0;6.0;47.079299;-1.80547;2024-08-26 22:30:00
202400038223.0;1;59;59090;1;1;2.0;2.0;50.71458;3.12343;2024-09-30 14:00:00
202400038224.0;1;33;33063;2;3;1.0;3.0;44.87422;-0.57165;2024-06-18 11:56:00
202400038225.0;5;33;33119;2;9;1.0;2.0;44.84596;-0.53538;2024-06-16 22:50:00
202400038226.0;3;59;59646;1;1;1.0;6.0;50.66817;3.11343;2024-09-30 23:57:00
202400038227.0;1;31;31555;2;1;1.0;3.0;43.65628887;1.42125428;2024-06-18 19:05:00
202400038228.0;1;29;29151;2;1;2.0;5.0;48.57068;-3.83538;2024-06-17 17:15:00
202400038229.0;1;27;27681;2;6;2.0;6.0;49.092;1.48209;2024-06-18 11:55:00
202400038230.0;1;14;14118;2;1;1.0;6.0;49.18223;-0.3858;2024-06-17 10:50:00
202400038231.0;1;59;59560;1;1;1.0;4.0;50.53545;3.04917;2024-09-02 07:47:00