Num_Acc;lum;departement;commune;agglomeration;intersection;meteo;type_collision;lat;long;date
202400038232.0;1;13;13103;2;1;1.0;1.0;43.62937513;5.10159558;2024-06-18 08:30:00
202400038233.0;1;13;13004;2;1;1.0;3.0;43.68789;4.63575;2024-06-17 15:10:00
202400038234.0;1;91;91377;1;1;1.0;3.0;48.72733;2.30346;2024-10-01 19:48:00
202400038235.0;1;13;13001;2;1;1.0;3.0;43.53199;5.4534;2024-06-18 10:10:00
202400038236.0;1;11;11069;2;2;1.0;3.0;43.21742;2.34599;2024-06-18 14:00:00
202400038237.0;1;94;94016;1;1;1.0;4.0;48.79212029;2.34415015;2024-10-01 08:00:00
202400038238.0;1;6;6027;2;1;1.0;5.0;43.66073;7.149094;2024-06-17 19:15:00
202400038239.0;1;3;3262;1;9;1.0;3.0;46.37441;2.59237;2024-06-17 17:50:00
202400038240.0;2;75;75120;2;1;2.0;6.0;48.862587;2.413767;2024-06-17 21:00:00
202400038241.0;3;77;77251;1;1;2.0;2.0;48.62478;2.54078;2024-09-30 21:09:00
202400038242.0;5;75;75115;2;1;1.0;5.0;48.826185;2.298358;2024-06-16 22:40:00
202400038243.0;1;78;78208;1;1;2.0;3.0;48.800014;1.981554;2024-09-30 08:15:00
202400038244.0;1;75;75119;2;2;2.0;3.0;48.875466;2.397928;2024-06-18 07:41:00
202400038245.0;5;75;75106;2;3;1.0;1.0;48.848424;2.320559;2024-06-17 23:18:00
202400038246.0;5;75;75106;2;3;1.0;1.0;48.851831;2.343395;2024-06-17 01:00:00
202400038247.0;1;92;92025;1;1;1.0;4.0;48.92078048;2.22548287;2024-09-28 16:00:00
202400038248.0;1;75;75119;2;1;1.0;3.0;48.882742;2.383642;2024-06-18 11:50:00
202400038249.0;3;95;95527;1;1;2.0;2.0;48.98274335;2.50299847;2024-09-30 22:00:00
202400038250.0;5;75;75117;2;5;1.0;6.0;48.882234;2.286292;2024-06-18 22:30:00
202400038251.0;1;75;75116;2;7;2.0;1.0;48.873209;2.294679;2024-06-18 09:30:00
202400038252.0;1;75;75116;2;7;1.0;3.0;48.873254;2.294615;2024-06-17 20:30:00
202400038253.0;1;92;92036;1;1;1.0;3.0;48.93909226;2.30366757;2024-09-30 18:05:00
202400038254.0;2;75;75115;2;1;1.0;3.0;48.836553;2.289552;2024-06-17 20:45:00
202400038255.0;1;95;95582;1;1;1.0;2.0;48.96682579;2.25512844;2024-09-30 09:30:00
202400038256.0;1;75;75111;2;1;8.0;3.0;48.850435;2.382301;2024-06-18 12:45:00
202400038257.0;1;75;75110;2;2;1.0;2.0;48.880122;2.350981;2024-06-18 17:40:00
202400038258.0;2;95;95154;1;1;1.0;6.0;49.05237751;2.54791499;2024-09-29 19:00:00
202400038259.0;1;75;75108;2;2;2.0;3.0;48.873692;2.314475;2024-06-18 09:55:00
202400038260.0;1;95;95365;1;1;2.0;5.0;49.06570315;2.40643838;2024-09-27 18:15:00
202400038261.0;1;75;75108;2;2;2.0;3.0;48.881169;2.31533;2024-06-18 09:20:00
202400038262.0;1;77;77294;1;1;1.0;2.0;48.96618569;2.60685112;2024-10-01 09:45:00
202400038263.0;5;75;75107;2;5;1.0;3.0;48.856065;2.325894;2024-06-18 00:10:00
202400038264.0;1;75;75107;2;7;1.0;3.0;48.862372;2.301792;2024-06-17 11:39:00
202400038265.0;1;38;38563;2;1;1.0;6.0;45.362;5.6014;2024-04-26 18:00:00
202400038266.0;1;75;75102;2;2;2.0;6.0;48.86889;2.33853;2024-06-18 09:55:00
202400038267.0;1;75;75102;2;3;2.0;3.0;48.865051;2.344057;2024-06-18 10:05:00
202400038268.0;1;75;75101;2;1;2.0;7.0;48.857612;2.344866;2024-06-18 09:10:00
202400038269.0;1;38;38563;2;1;1.0;2.0;45.3523;5.59151;2024-04-25 10:18:00
202400038270.0;1;94;94081;2;1;1.0;6.0;48.77918238;2.3748579;2024-06-18 17:19:00
202400038271.0;1;6;6088;2;3;1.0;6.0;43.710291;7.270835;2024-09-01 13:53:00
202400038272.0;1;94;94081;2;3;1.0;1.0;48.7833;2.38967;2024-06-17 14:30:00
202400038273.0;1;94;94068;2;3;3.0;3.0;48.80868481;2.50939925;2024-06-17 20:00:00
202400038274.0;5;974;97416;2;9;1.0;3.0;-21.339579;55.49118;2024-06-09 22:30:00
202400038275.0;1;94;94046;2;1;2.0;6.0;48.80924;2.43429;2024-06-18 09:15:00
202400038276.0;2;44;44190;2;1;1.0;3.0;47.2102706;-1.49006583;2024-09-25 08:20:00
202400038277.0;1;94;94038;2;1;1.0;6.0;48.76785497;2.32190117;2024-06-18 19:00:00
202400038278.0;1;94;94018;2;1;1.0;6.0;48.82124;2.40081;2024-06-18 13:00:00
202400038279.0;1;14;14530;1;6;1.0;7.0;49.215915;-0.27704;2024-06-19 16:05:00
202400038280.0;1;974;97411;1;1;1.0;3.0;-20.89927;55.40097;2024-11-05 11:30:00
202400038281.0;1;94;94017;2;6;1.0;2.0;48.81176361;2.53626452;2024-06-17 10:00:00
202400038282.0;5;14;14665;2;2;2.0;6.0;49.263418;-0.23015;2024-03-04 20:00:00
202400038283.0;5;974;97411;2;1;1.0;3.0;-20.89267;55.4834;2024-11-04 21:20:00
202400038284.0;1;93;93078;2;3;1.0;2.0;48.95394;2.53425;2024-06-18 14:06:00
202400038285.0;2;50;50197;1;1;1.0;1.0;48.909921;-1.333755;2024-05-03 21:20:00
202400038286.0;1;93;93073;2;2;1.0;3.0;48.9623;2.55917;2024-06-18 10:15:00
202400038287.0;1;93;93070;2;9;1.0;3.0;48.903854;2.333586;2024-06-17 18:10:00
202400038288.0;1;69;69387;2;1;1.0;3.0;45.74471;4.84334;2024-11-04 16:50:00
202400038289.0;5;976;97611;2;1;2.0;7.0;-12.8;45.206288;2024-09-30 20:00:00
202400038290.0;5;93;93066;2;3;1.0;1.0;48.943215;2.384428;2024-06-15 23:32:00
202400038291.0;1;974;97416;1;1;1.0;6.0;-21.33513;55.50269;2024-09-30 09:50:00
202400038292.0;1;93;93063;2;1;1.0;5.0;48.89656704;2.43161988;2024-06-17 09:30:00
202400038293.0;1;972;97209;2;1;1.0;5.0;14.60615;-61.0583;2024-11-05 08:10:00
202400038294.0;1;973;97302;2;1;1.0;7.0;4.9236;-52.31247;2024-09-29 07:00:00
202400038295.0;1;92;92064;2;1;2.0;3.0;48.84167735;2.20709074;2024-06-18 09:30:00
202400038296.0;1;92;92050;2;1;1.0;6.0;48.87803;2.2155;2024-06-18 18:20:00
202400038297.0;1;971;97101;1;1;1.0;2.0;16.24821;-61.51902;2024-11-05 08:30:00
202400038298.0;1;92;92050;2;1;1.0;6.0;48.89129;2.20781;2024-06-18 09:45:00
202400038299.0;3;69;69387;2;2;1.0;3.0;45.74782;4.8335;2024-10-01 00:01:00
202400038300.0;1;92;92020;2;1;1.0;3.0;48.80811;2.28437;2024-06-18 17:10:00
202400038301.0;3;2A;2A004;2;1;1.0;3.0;41.94785;8.77376;2024-11-05 19:30:00
202400038302.0;1;69;69388;2;1;1.0;2.0;45.7375933;4.86120328;2024-09-30 18:20:00
202400038303.0;1;92;92044;2;1;1.0;7.0;48.89641011;2.27683032;2024-06-18 17:30:00
202400038304.0;1;2A;2A004;2;9;1.0;6.0;41.94062;8.73359;2024-11-05 13:00:00
202400038305.0;1;92;92036;2;1;3.0;4.0;48.93655696;2.25960034;2024-06-18 07:35:00
202400038306.0;5;2A;2A004;2;1;1.0;6.0;41.92912;8.74019;2024-10-27 03:00:00
202400038307.0;1;69;69388;2;2;1.0;3.0;45.73298;4.86354;2024-09-30 08:20:00
202400038308.0;5;92;92025;2;2;1.0;6.0;48.91788643;2.22405919;2024-06-18 03:58:00
202400038309.0;1;92;92025;2;1;1.0;2.0;48.91965498;2.22191459;2024-06-17 16:30:00
202400038310.0;1;91;91216;2;3;5.0;3.0;48.67847;2.31811;2024-11-05 08:00:00
202400038311.0;1;972;97213;1;1;1.0;2.0;14.62854;-61.00808;2024-09-29 11:50:00
202400038312.0;1;92;92012;2;1;1.0;6.0;48.84665475;2.2271095;2024-06-18 15:10:00
202400038313.0;1;91;91114;2;2;8.0;6.0;48.6979;2.50672;2024-11-05 12:15:00
202400038314.0;1;92;92012;2;1;2.0;6.0;48.84729;2.24033;2024-06-18 10:00:00
202400038315.0;1;91;91174;2;1;5.0;4.0;48.61126;2.46191;2024-11-05 09:25:00
202400038316.0;1;92;92007;2;3;2.0;2.0;48.79905362;2.30562276;2024-06-18 09:00:00
202400038317.0;4;972;97209;2;6;1.0;6.0;14.60705;-61.05734;2024-09-30 01:24:00
202400038318.0;1;92;92009;2;7;1.0;3.0;48.90912702;2.2602666;2024-06-17 14:27:00
202400038319.0;5;87;87085;2;1;1.0;6.0;45.83712;1.23032;2024-11-03 01:53:00
202400038320.0;1;92;92004;2;7;1.0;3.0;48.91661418;2.29388103;2024-06-17 11:22:00
202400038321.0;5;69;69385;2;2;1.0;4.0;45.7596;4.82831;2024-09-30 19:00:00
202400038322.0;1;80;80681;1;3;2.0;3.0;49.764139;2.409973;2024-06-18 08:30:00
202400038323.0;1;84;84007;1;1;1.0;6.0;43.94696;4.8406;2024-10-27 14:10:00
202400038324.0;1;57;57569;1;1;1.0;3.0;49.41105;6.485463;2024-06-18 16:00:00
202400038325.0;1;76;76526;2;1;1.0;7.0;49.809156;1.275766;2024-06-19 12:15:00
202400038326.0;1;971;97101;2;1;1.0;2.0;16.24847277;-61.52594805;2024-09-29 12:45:00
202400038327.0;1;974;97412;2;1;1.0;7.0;-21.333013;55.642324;2024-06-19 06:50:00
202400038328.0;1;91;91657;2;3;1.0;3.0;48.69907;2.43415;2024-09-30 13:30:00
202400038329.0;2;21;21362;1;1;2.0;2.0;47.225728;4.589447;2024-06-16 20:35:00
202400038330.0;1;77;77186;1;1;1.0;6.0;48.35531;2.6187;2024-11-04 14:30:00
202400038331.0;3;6;6037;1;1;1.0;6.0;43.741139;6.896029;2024-05-05 04:20:00
202400038332.0;1;91;91514;2;1;1.0;7.0;48.67502;2.52488;2024-09-29 17:00:00
202400038333.0;1;72;72181;2;1;1.0;6.0;47.9929;0.17257;2024-11-05 11:30:00
202400038334.0;1;47;47233;1;1;1.0;1.0;44.52411;0.091066;2024-06-18 13:45:00
202400038335.0;5;71;71306;2;1;1.0;3.0;46.67998;4.38562;2024-11-04 17:50:00
202400038336.0;5;91;91432;2;1;1.0;3.0;48.70532;2.3438;2024-09-30 05:55:00
202400038337.0;1;62;62734;2;9;1.0;6.0;50.289756;2.991003;2024-06-19 09:40:00
202400038338.0;2;89;89387;2;1;1.0;3.0;48.19327;3.30422;2024-09-30 07:40:00
202400038339.0;1;70;70550;2;3;1.0;3.0;47.62927;6.17235;2024-10-30 13:20:00
202400038340.0;1;87;87050;2;1;1.0;6.0;45.86999;1.25731;2024-09-29 14:54:00
202400038341.0;3;32;32131;1;1;1.0;7.0;44.017031;0.799668;2024-06-14 01:20:00
202400038342.0;3;69;69199;1;9;5.0;3.0;45.69448884;4.84429911;2024-11-04 21:50:00
202400038343.0;1;71;71401;1;2;1.0;3.0;46.544897;5.245387;2024-06-19 19:00:00
202400038344.0;1;87;87085;2;2;1.0;6.0;45.83218013;1.25834852;2024-09-27 10:50:00
202400038345.0;1;12;12224;2;1;1.0;6.0;44.464805;2.965378;2024-06-17 17:15:00
202400038346.0;5;67;67482;2;1;1.0;1.0;48.544598;7.76593;2024-11-05 18:00:00
202400038347.0;1;68;68135;1;1;1.0;7.0;47.56962797;7.49854892;2024-06-18 08:30:00
202400038348.0;1;83;83062;2;3;1.0;3.0;43.15031;6.04057;2024-09-30 13:20:00
202400038349.0;1;26;26126;1;1;1.0;3.0;44.247036;5.614518;2024-06-16 11:00:00
202400038350.0;1;67;67482;2;3;1.0;3.0;48.5867;7.75123;2024-11-05 16:20:00
202400038351.0;1;83;83129;2;3;1.0;3.0;43.10817696;5.84397194;2024-09-30 08:30:00
202400038352.0;1;73;73121;1;6;1.0;3.0;45.62409973;6.32264659;2024-06-16 09:37:00
202400038353.0;1;67;67482;2;1;8.0;6.0;48.57601;7.75353;2024-11-04 11:35:00
202400038354.0;1;82;82033;2;1;1.0;7.0;44.03318622;1.121786;2024-09-30 15:55:00
202400038355.0;1;10;10033;2;1;1.0;6.0;48.231462;4.699321;2024-06-18 10:00:00
202400038356.0;1;65;65440;2;1;1.0;6.0;43.22788925;0.07569698;2024-11-05 17:10:00
202400038357.0;1;7;7327;2;1;7.0;1.0;44.521127;4.323506;2024-06-18 17:45:00
202400038358.0;2;64;64445;2;3;1.0;3.0;43.3107537;-0.36737524;2024-11-05 19:00:00
202400038359.0;1;40;40222;1;1;1.0;1.0;43.624985;-1.215946;2024-06-18 11:09:00
202400038360.0;5;64;64445;2;1;1.0;6.0;43.29507;-0.37696;2024-11-04 18:05:00
202400038361.0;1;27;27679;2;2;1.0;6.0;48.734703;0.934728;2024-06-11 16:50:00
202400038362.0;1;80;80021;2;2;8.0;3.0;49.911666;2.302504;2024-09-30 18:25:00
202400038363.0;1;30;30053;1;1;1.0;7.0;43.99973;4.222097;2024-06-18 10:40:00
202400038364.0;1;64;64122;2;1;1.0;1.0;43.45956;-1.54766;2024-11-05 17:40:00
202400038365.0;5;76;76540;2;1;8.0;3.0;49.45032;1.06033;2024-09-30 21:20:00
202400038366.0;1;987;98734;1;1;1.0;1.0;-17.755226;-149.522724;2024-06-17 13:50:00
202400038367.0;2;59;59410;2;9;1.0;6.0;50.634998;3.10181;2024-11-05 07:45:00
202400038368.0;5;71;71270;2;3;1.0;1.0;46.30120108;4.82495874;2024-09-28 20:10:00
202400038369.0;3;56;56260;2;1;1.0;6.0;47.65506;-2.75587;2024-11-05 18:30:00
202400038370.0;1;49;49045;1;1;1.0;5.0;47.357897;0.026178;2024-06-18 17:20:00
202400038371.0;5;69;69271;2;1;1.0;1.0;45.73849;4.9672;2024-09-29 20:25:00
202400038372.0;5;56;56098;2;4;8.0;3.0;47.77789;-3.34142;2024-11-04 19:16:00
202400038373.0;1;978;97801;2;9;1.0;2.0;18.065729;-63.038397;2024-06-19 12:04:00
202400038374.0;1;69;69091;2;1;2.0;7.0;45.57623;4.74724;2024-09-28 10:47:00
202400038375.0;1;38;38397;1;1;1.0;7.0;45.23606643;5.83841801;2024-06-18 19:30:00
202400038376.0;1;56;56121;2;6;1.0;3.0;47.74439;-3.39522;2024-11-04 10:33:00
202400038377.0;1;68;68066;1;3;1.0;3.0;48.10637;7.38924;2024-09-30 15:48:00
202400038378.0;1;91;91319;1;1;1.0;6.0;48.637787;2.148063;2024-06-19 18:50:00
202400038379.0;5;54;54395;2;3;5.0;6.0;48.69363;6.17802;2024-11-05 19:05:00
202400038380.0;1;62;62040;2;1;3.0;3.0;50.73555604;2.29047223;2024-09-27 11:25:00
202400038381.0;3;988;98821;1;1;1.0;6.0;-22.145476;166.364465;2024-06-16 18:00:00
202400038382.0;1;974;97418;1;1;1.0;2.0;-20.898228;55.562721;2024-06-19 08:17:00
202400038383.0;1;59;59360;2;1;1.0;3.0;50.604654;3.031368;2024-09-30 09:30:00
202400038384.0;5;54;54323;2;3;1.0;6.0;49.51236;5.76178;2024-11-05 19:54:00
202400038385.0;1;971;97134;2;1;1.0;6.0;16.059794;-61.764067;2024-06-19 09:00:00
202400038386.0;1;57;57672;2;3;1.0;6.0;49.3582;6.16443;2024-09-27 17:29:00
202400038387.0;5;51;51454;2;1;1.0;6.0;49.22542;4.0287;2024-11-04 17:40:00
202400038388.0;1;77;77364;1;1;3.0;7.0;49.004752;2.784991;2024-06-18 08:25:00
202400038389.0;5;56;56098;2;1;1.0;6.0;47.77333;-3.34743;2024-09-27 20:40:00
202400038390.0;5;51;51454;2;1;1.0;7.0;49.28427;4.02567;2024-11-04 17:20:00
202400038391.0;1;54;54395;2;1;1.0;6.0;48.67740773;6.16665602;2024-09-29 18:25:00
202400038392.0;1;77;77129;1;1;1.0;6.0;49.081273;3.097823;2024-06-18 22:27:00
202400038393.0;3;49;49328;1;1;8.0;1.0;47.24831;-0.1041;2024-10-26 00:30:00
202400038394.0;5;51;51454;2;2;1.0;3.0;49.27626;4.02683;2024-09-29 22:14:00
202400038395.0;1;77;77508;1;1;1.0;1.0;48.821107;2.841253;2024-06-19 11:35:00
202400038396.0;5;51;51454;2;1;1.0;2.0;49.23072;4.03432;2024-09-29 21:05:00
202400038397.0;2;49;49267;1;1;5.0;4.0;47.4828;-0.49883;2024-11-04 08:28:00
202400038398.0;1;66;66037;2;2;1.0;3.0;42.704476;3.021454;2024-06-18 19:40:00
202400038399.0;1;83;83119;2;1;1.0;6.0;43.269454;6.636086;2024-06-17 11:04:00
202400038400.0;5;47;47001;2;1;1.0;6.0;44.20583;0.62973;2024-11-05 19:25:00
202400038401.0;5;51;51474;2;1;8.0;1.0;49.27875;4.0039;2024-09-29 06:00:00
202400038402.0;3;13;13004;1;1;1.0;1.0;43.543011;4.687171;2024-06-19 04:59:00
202400038403.0;1;50;50147;2;2;1.0;3.0;49.04083;-1.44682;2024-09-30 17:35:00
202400038404.0;1;26;26165;1;1;1.0;2.0;44.801418;4.84842;2024-06-19 16:15:00
202400038405.0;5;50;50129;2;1;1.0;7.0;49.63596;-1.63544;2024-09-28 06:35:00
202400038406.0;1;58;58160;1;1;2.0;1.0;47.003861;3.094904;2024-06-19 18:40:00
202400038407.0;1;47;47032;2;1;1.0;6.0;44.18387;0.68019;2024-09-30 18:00:00
202400038408.0;1;57;57481;1;6;1.0;6.0;49.214009;6.027052;2024-06-08 06:35:00
202400038409.0;1;45;45004;2;1;2.0;1.0;47.98964;2.75715;2024-09-26 16:15:00
202400038410.0;1;42;42031;1;1;1.0;3.0;45.40565;4.23613;2024-11-05 15:15:00
202400038411.0;1;26;26038;1;2;7.0;1.0;45.052438;4.947731;2024-06-18 08:00:00
202400038412.0;1;44;44109;2;1;1.0;3.0;47.22522;-1.49674;2024-09-30 17:55:00
202400038413.0;5;38;38185;2;1;2.0;3.0;45.19622;5.7189;2024-11-05 20:44:00
202400038414.0;1;7;7145;1;1;1.0;3.0;44.61029835;4.45065414;2024-06-19 18:30:00
202400038415.0;1;44;44190;2;1;2.0;7.0;47.20775833;-1.49937451;2024-09-30 09:00:00
202400038416.0;1;69;69243;2;2;1.0;6.0;45.895497;4.433155;2024-06-19 09:20:00
202400038417.0;1;35;35238;2;3;2.0;3.0;48.11071;-1.66701;2024-09-30 08:00:00
202400038418.0;2;38;38053;2;1;1.0;3.0;45.58949;5.25841;2024-11-05 08:20:00
202400038419.0;1;33;33042;2;3;1.0;3.0;44.509671;-0.78777;2024-06-18 17:10:00
202400038420.0;1;35;35238;1;1;2.0;6.0;48.08106091;-1.67508901;2024-09-26 18:15:00
202400038421.0;1;34;34301;1;1;1.0;7.0;43.34326;3.57856;2024-09-26 19:15:00
202400038422.0;3;35;35360;1;1;1.0;1.0;48.120038;-1.232593;2024-06-08 23:00:00
202400038423.0;5;35;35238;2;3;5.0;6.0;48.10056;-1.70561;2024-11-05 18:00:00
202400038424.0;1;33;33167;2;4;1.0;3.0;44.82064;-0.53163;2024-09-30 16:28:00
202400038425.0;1;60;60542;2;2;1.0;1.0;49.405022;2.182326;2024-06-18 16:40:00
202400038426.0;1;34;34172;2;9;8.0;3.0;43.61822;3.82326;2024-11-04 12:20:00
202400038427.0;1;29;29232;2;9;1.0;2.0;47.99017504;-4.0736759;2024-09-30 14:00:00
202400038428.0;3;59;59012;1;1;1.0;1.0;49.995098;4.095615;2024-06-15 22:30:00
202400038429.0;1;59;59523;2;6;1.0;7.0;50.589224;3.135996;2024-06-19 17:45:00
202400038430.0;1;13;13117;1;1;2.0;2.0;43.43899407;5.25078535;2024-06-18 09:10:00
202400038431.0;1;27;27229;2;3;2.0;3.0;49.02622;1.15774;2024-09-29 17:35:00
202400038432.0;5;26;26362;2;1;1.0;3.0;44.939279;4.923748;2024-09-30 20:05:00
202400038433.0;5;33;33522;2;4;1.0;3.0;44.78932536;-0.59070289;2024-11-05 18:40:00
202400038434.0;1;17;17415;2;2;1.0;1.0;45.74622;-0.66464;2024-09-30 10:15:00
202400038435.0;1;13;13026;1;1;1.0;2.0;43.40032;5.10123;2024-06-18 08:02:00
202400038436.0;1;10;10387;2;1;1.0;3.0;48.30439;4.09517;2024-09-28 18:00:00
202400038437.0;1;8;8105;2;1;2.0;3.0;49.74122;4.71378;2024-09-30 13:04:00
202400038438.0;1;33;33069;2;2;1.0;3.0;44.86501;-0.59062;2024-11-05 08:40:00
202400038439.0;2;75;75120;2;1;1.0;3.0;48.849206;2.414929;2024-09-30 07:20:00
202400038440.0;1;13;13005;1;1;1.0;3.0;43.27733491;5.58710982;2024-06-17 17:40:00
202400038441.0;5;29;29232;2;1;2.0;7.0;47.994816;-4.100484;2024-11-05 06:23:00
202400038442.0;5;75;75117;2;1;1.0;5.0;48.900558;2.32762;2024-09-29 20:00:00
202400038443.0;5;75;75115;2;1;1.0;2.0;48.826761;2.295778;2024-09-29 05:00:00
202400038444.0;1;13;13210;1;1;1.0;2.0;43.2852542;5.42356858;2024-06-17 08:10:00
202400038445.0;2;75;75104;2;1;1.0;3.0;48.855595;2.3597;2024-09-29 18:27:00
202400038446.0;5;26;26058;2;1;8.0;3.0;44.95245855;4.88773584;2024-11-05 18:25:00
202400038447.0;1;75;75119;2;2;2.0;6.0;48.895288;2.372088;2024-09-30 11:00:00
202400038448.0;1;83;83069;1;1;1.0;6.0;43.12574728;6.08765323;2024-06-18 06:45:00
202400038449.0;1;75;75119;2;2;8.0;7.0;48.885;2.382;2024-09-30 08:05:00
202400038450.0;1;75;75117;2;7;1.0;3.0;48.885345;2.297094;2024-09-30 11:30:00
202400038451.0;1;33;33249;1;1;1.0;3.0;44.872865;-0.506376;2024-06-18 12:05:00
202400038452.0;1;19;19031;2;3;1.0;3.0;45.15683;1.52797;2024-11-04 17:00:00
202400038453.0;1;75;75116;2;2;1.0;2.0;48.854172;2.275551;2024-09-30 16:40:00
202400038454.0;1;75;75113;2;2;2.0;6.0;48.82847;2.37295;2024-09-30 13:25:00
202400038455.0;1;59;59378;1;1;1.0;2.0;50.65264;3.1048;2024-06-17 16:15:00
202400038456.0;1;75;75113;2;3;2.0;3.0;48.830346;2.347015;2024-09-30 12:15:00
202400038457.0;3;59;59462;1;1;2.0;2.0;50.50581;3.02011;2024-06-14 01:20:00
202400038458.0;5;94;94081;2;2;2.0;6.0;48.790634;2.39271;2024-09-30 19:10:00
202400038459.0;5;17;17291;1;1;1.0;4.0;46.17419;-1.11278;2024-11-05 18:25:00
202400038460.0;1;78;78238;1;1;3.0;2.0;48.96958;1.86667;2024-06-18 07:50:00
202400038461.0;1;94;94046;2;1;1.0;6.0;48.81478;2.42251;2024-09-30 13:30:00
202400038462.0;1;92;92063;1;1;1.0;2.0;48.87817333;2.16337162;2024-06-17 16:15:00
202400038463.0;5;94;94046;2;1;1.0;2.0;48.80821;2.4364;2024-09-28 23:50:00
202400038464.0;1;16;16015;2;1;1.0;1.0;45.63104297;0.17394394;2024-11-04 17:40:00
202400038465.0;1;95;95277;1;1;2.0;2.0;48.98015842;2.49808344;2024-06-18 10:00:00
202400038466.0;1;94;94017;2;1;1.0;2.0;48.82091269;2.50725412;2024-09-30 18:34:00
202400038467.0;3;93;93078;1;1;1.0;2.0;48.96742731;2.51064901;2024-06-18 04:00:00
202400038468.0;5;93;93066;2;4;2.0;6.0;48.92394;2.34247;2024-09-30 20:00:00
202400038469.0;1;13;13103;2;2;1.0;3.0;43.64138;5.10302;2024-11-04 15:10:00
202400038470.0;1;93;93008;1;1;1.0;3.0;48.90666784;2.4571234;2024-06-17 21:00:00
202400038471.0;1;93;93010;2;2;1.0;2.0;48.90382583;2.47059274;2024-09-29 16:10:00
202400038472.0;1;93;93010;1;1;1.0;2.0;48.88893243;2.47376801;2024-06-17 18:35:00
202400038473.0;1;13;13103;2;1;1.0;2.0;43.640484;5.08464357;2024-11-04 09:30:00
202400038474.0;1;93;93005;1;1;1.0;3.0;48.95806366;2.47335653;2024-06-17 13:50:00
202400038475.0;1;93;93079;2;3;1.0;1.0;48.94745176;2.34461395;2024-09-30 15:00:00
202400038476.0;5;93;93079;2;1;2.0;6.0;48.95561;2.33364;2024-09-30 00:52:00
202400038477.0;3;93;93007;1;9;1.0;3.0;48.95367931;2.45533367;2024-06-16 00:01:00
202400038478.0;5;13;13205;2;7;1.0;6.0;43.29;5.4;2024-11-06 00:21:00
202400038479.0;1;77;77122;1;1;1.0;5.0;48.664498;2.61318;2024-06-17 17:40:00
202400038480.0;1;92;92075;2;1;1.0;4.0;48.82154638;2.28963733;2024-09-30 09:00:00
202400038481.0;1;92;92064;2;9;1.0;7.0;48.84132311;2.22334385;2024-09-30 11:20:00
202400038482.0;1;77;77169;1;1;1.0;2.0;48.832553;2.597018;2024-06-17 11:30:00
202400038483.0;1;92;92047;1;1;8.0;7.0;48.83412493;2.18529135;2024-09-29 11:50:00
202400038484.0;1;44;44109;2;3;1.0;3.0;47.22157557;-1.53119098;2024-05-31 09:20:00
202400038485.0;1;92;92063;2;1;1.0;3.0;48.88829183;2.1791929;2024-09-30 08:13:00
202400038486.0;5;13;13216;2;1;1.0;1.0;43.35435;5.34075;2024-11-05 18:31:00
202400038487.0;1;44;44114;2;6;1.0;3.0;47.2638506;-1.59659566;2024-05-29 15:20:00
202400038488.0;1;92;92063;2;1;1.0;1.0;48.88338782;2.18489997;2024-09-29 12:50:00
202400038489.0;1;44;44109;2;1;1.0;2.0;47.1909457;-1.61410078;2024-05-28 09:38:00
202400038490.0;2;11;11262;2;6;3.0;6.0;43.18277;2.97979;2024-11-05 07:39:00
202400038491.0;1;92;92036;2;1;8.0;2.0;48.93755749;2.2761637;2024-09-30 08:50:00
202400038492.0;1;44;44114;2;1;1.0;7.0;47.24878908;-1.60569752;2024-05-27 09:00:00
202400038493.0;1;92;92004;2;2;1.0;3.0;48.9208061;2.31775509;2024-09-30 12:20:00
202400038494.0;3;44;44190;1;1;8.0;7.0;47.1928656;-1.48784792;2024-04-24 01:45:00
202400038495.0;2;11;11262;2;1;2.0;6.0;43.18277;2.97979;2024-11-05 07:34:00
202400038496.0;1;37;37035;1;4;2.0;6.0;46.998223;0.318223;2024-10-01 15:40:00
202400038497.0;1;976;97611;2;4;2.0;1.0;-12.75861;45.23097;2024-06-17 07:30:00
202400038498.0;1;38;38019;1;1;1.0;5.0;45.44215;4.82082;2024-09-30 09:38:00
202400038499.0;3;11;11069;2;3;1.0;3.0;43.23512;2.37233;2024-11-04 17:45:00
202400038500.0;3;6;6149;1;1;1.0;7.0;43.748405;7.367706;2024-09-30 06:10:00
202400038501.0;1;2;2615;1;1;8.0;7.0;49.917934;3.233172;2024-10-01 14:47:00
202400038502.0;3;973;97302;2;1;2.0;7.0;4.92557912;-52.30859381;2024-06-16 23:30:00
202400038503.0;5;6;6030;2;9;1.0;3.0;43.579;7.006;2024-11-04 19:00:00
202400038504.0;1;63;63305;2;1;2.0;6.0;45.69130817;2.81112864;2024-09-27 16:45:00
202400038505.0;5;973;97302;2;3;2.0;1.0;4.93324823;-52.31955099;2024-06-16 22:15:00
202400038506.0;1;22;22243;1;3;7.0;3.0;48.378545;-3.472924;2024-10-01 14:00:00
202400038507.0;1;973;97302;2;1;2.0;3.0;4.92786;-52.30832;2024-06-16 17:39:00
202400038508.0;1;59;59162;1;1;2.0;2.0;50.921252;2.378835;2024-09-30 09:05:00
202400038509.0;5;75;75120;2;1;1.0;3.0;48.849206;2.414929;2024-11-05 17:30:00
202400038510.0;1;69;69383;1;1;1.0;3.0;45.76359534;4.85093551;2024-06-17 08:57:00
202400038511.0;1;34;34282;1;1;1.0;3.0;43.629428;3.677244;2024-09-30 17:13:00
202400038512.0;1;69;69149;2;9;1.0;6.0;45.72067;4.79732;2024-06-17 17:50:00
202400038513.0;1;41;41238;1;1;1.0;7.0;47.871396;0.83745;2024-10-01 17:20:00