Num_Acc;lum;departement;commune;agglomeration;intersection;meteo;type_collision;lat;long;date
202400038514.0;1;75;75114;2;1;1.0;2.0;48.820818;2.321801;2024-11-05 15:12:00
202400038515.0;1;56;56190;2;1;2.0;6.0;47.974575;-2.743312;2024-09-30 11:50:00
202400038516.0;1;75;75118;2;1;1.0;7.0;48.900513;2.331957;2024-11-05 07:45:00
202400038517.0;1;31;31541;1;6;1.0;1.0;43.673079;1.361411;2024-09-30 10:10:00
202400038518.0;1;75;75108;2;3;1.0;6.0;48.879944;2.324138;2024-11-05 14:00:00
202400038519.0;2;71;71190;1;1;8.0;6.0;46.99396;4.543973;2024-10-01 06:30:00
202400038520.0;1;2B;2B120;1;1;1.0;3.0;42.6565;9.44074;2024-06-17 13:23:00
202400038521.0;3;89;89306;1;1;1.0;6.0;47.502069;3.884954;2024-09-28 22:45:00
202400038522.0;5;75;75112;2;3;1.0;6.0;48.83988;2.382296;2024-11-05 06:54:00
202400038523.0;5;12;12208;2;1;1.0;6.0;43.946511;2.891956;2024-09-30 23:15:00
202400038524.0;1;91;91201;2;1;2.0;3.0;48.68416;2.39215;2024-06-17 19:00:00
202400038525.0;2;75;75115;2;2;8.0;6.0;48.848109;2.290132;2024-11-05 08:25:00
202400038526.0;1;47;47306;1;1;1.0;3.0;44.383364;0.538534;2024-09-30 16:05:00
202400038527.0;5;87;87085;2;1;1.0;6.0;45.82753;1.26056;2024-06-15 23:05:00
202400038528.0;1;41;41016;1;2;2.0;1.0;47.307568;1.506227;2024-09-18 18:40:00
202400038529.0;1;77;77350;1;1;1.0;6.0;48.75683;2.67221;2024-06-17 08:55:00
202400038530.0;1;86;86083;2;1;3.0;7.0;46.487113;0.19063;2024-10-01 11:00:00
202400038531.0;1;75;75114;2;1;1.0;3.0;48.831382;2.316068;2024-11-04 13:40:00
202400038532.0;2;77;77251;2;1;2.0;3.0;48.62924;2.56142;2024-06-16 21:30:00
202400038533.0;1;25;25320;1;1;8.0;1.0;46.780928;6.297795;2024-09-30 18:15:00
202400038534.0;1;77;77449;2;1;3.0;6.0;48.85507;2.77525;2024-06-17 19:30:00
202400038535.0;5;76;76351;2;1;1.0;6.0;49.49814;0.09424;2024-06-16 02:10:00
202400038536.0;1;29;29068;1;1;3.0;6.0;48.520563;-3.998787;2024-09-23 13:53:00
202400038537.0;5;75;75108;2;1;1.0;3.0;48.870959;2.306276;2024-11-05 19:38:00
202400038538.0;1;76;76351;2;1;1.0;1.0;49.5105;0.0901;2024-06-15 11:25:00
202400038539.0;1;29;29117;1;1;1.0;1.0;48.56952717;-4.56780195;2024-09-30 14:30:00
202400038540.0;1;76;76270;1;1;3.0;2.0;49.52981;0.14645;2024-06-15 17:50:00
202400038541.0;3;31;31399;1;1;1.0;6.0;43.345912;1.262848;2024-09-30 21:50:00
202400038542.0;1;75;75108;2;1;1.0;3.0;48.874424;2.309831;2024-11-05 09:00:00
202400038543.0;1;72;72181;2;2;2.0;3.0;47.96735;0.20677;2024-06-16 17:15:00
202400038544.0;1;83;83007;2;1;1.0;1.0;43.632336;6.220059;2024-09-30 16:50:00
202400038545.0;2;64;64160;1;1;1.0;1.0;43.348728;-1.408288;2024-09-30 18:00:00
202400038546.0;1;71;71309;2;1;1.0;5.0;46.78953;4.39613;2024-06-17 12:30:00
202400038547.0;1;75;75108;2;2;1.0;6.0;48.873306;2.324303;2024-11-04 15:30:00
202400038548.0;2;18;18054;2;1;1.0;3.0;46.900334;2.748065;2024-09-30 19:20:00
202400038549.0;5;69;69259;2;3;1.0;6.0;45.7116;4.8813;2024-06-16 01:35:00
202400038550.0;1;18;18139;1;1;1.0;7.0;47.075295;3.011026;2024-09-30 15:30:00
202400038551.0;1;69;69091;2;1;1.0;6.0;45.5862;4.77249;2024-06-17 15:15:00
202400038552.0;1;36;36088;2;6;2.0;7.0;46.953488;1.992935;2024-10-01 10:00:00
202400038553.0;1;75;75103;2;7;1.0;3.0;48.867344;2.363375;2024-11-04 12:00:00
202400038554.0;1;7;7346;2;1;1.0;6.0;44.48439;4.685513;2024-09-30 18:00:00
202400038555.0;5;67;67447;2;2;1.0;3.0;48.60311;7.75685;2024-06-17 23:50:00
202400038556.0;5;75;75101;2;2;1.0;3.0;48.860074;2.349098;2024-11-03 20:14:00
202400038557.0;3;38;38185;1;1;1.0;2.0;45.17468493;5.70210136;2024-12-11 01:00:00
202400038558.0;1;66;66136;2;1;1.0;6.0;42.68977;2.90254;2024-06-17 08:35:00
202400038559.0;1;35;35238;2;9;8.0;3.0;48.09591;-1.66144;2024-12-11 13:25:00
202400038560.0;1;94;94068;2;2;1.0;1.0;48.785756;2.49215;2024-11-04 14:45:00
202400038561.0;1;64;64445;2;1;1.0;2.0;43.32134;-0.35922;2024-06-17 13:35:00
202400038562.0;5;35;35051;2;1;1.0;6.0;48.1137719;-1.5908169;2024-12-11 08:00:00
202400038563.0;1;59;59390;2;1;1.0;6.0;50.33662;3.20395;2024-06-14 16:30:00
202400038564.0;1;94;94022;2;8;1.0;3.0;48.7644;2.40547;2024-11-04 11:07:00
202400038565.0;5;35;35238;2;4;1.0;3.0;48.11023;-1.68459;2024-12-11 08:10:00
202400038566.0;2;94;94017;2;1;1.0;6.0;48.81563;2.49041;2024-11-05 08:50:00
202400038567.0;5;34;34129;2;1;1.0;5.0;43.57021;3.90184;2024-12-11 18:20:00
202400038568.0;1;93;93072;2;1;1.0;3.0;48.96299062;2.37626553;2024-11-05 16:00:00
202400038569.0;1;34;34032;2;1;1.0;7.0;43.35141;3.22367;2024-12-10 13:55:00
202400038570.0;1;59;59574;2;1;1.0;6.0;50.36045;3.27352;2024-06-14 07:40:00
202400038571.0;5;33;33167;2;6;1.0;7.0;44.843315;-0.503778;2024-12-11 21:00:00
202400038572.0;5;93;93071;2;1;1.0;5.0;48.93617042;2.53136989;2024-11-04 22:50:00
202400038573.0;3;55;55505;2;1;1.0;7.0;49.1708;5.3612;2024-06-16 01:15:00
202400038574.0;1;31;31555;2;2;8.0;3.0;43.618218;1.423787;2024-12-11 13:10:00
202400038575.0;1;93;93070;2;1;1.0;3.0;48.90473792;2.34415948;2024-11-05 09:30:00
202400038576.0;2;54;54395;2;2;3.0;6.0;48.68258352;6.18424058;2024-06-16 21:45:00
202400038577.0;1;29;29019;2;9;1.0;2.0;48.389257;-4.483367;2024-12-10 14:20:00
202400038578.0;5;93;93055;2;1;1.0;6.0;48.89266;2.41036;2024-11-05 17:32:00
202400038579.0;1;54;54304;2;1;1.0;6.0;48.67932;6.15698;2024-06-15 15:00:00
202400038580.0;1;93;93049;2;2;8.0;3.0;48.86415;2.51698;2024-11-05 14:19:00
202400038581.0;1;25;25056;2;1;1.0;6.0;47.238389;6.033805;2024-12-11 07:50:00
202400038582.0;5;93;93010;2;2;5.0;3.0;48.90403505;2.47063637;2024-11-05 06:30:00
202400038583.0;1;50;50502;2;6;1.0;6.0;49.11448;-1.09794;2024-06-13 12:20:00
202400038584.0;1;13;13209;2;3;1.0;3.0;43.2459686;5.41827118;2024-12-11 16:45:00
202400038585.0;1;49;49007;1;1;2.0;3.0;47.46571;-0.60307;2024-06-16 13:25:00
202400038586.0;1;13;13056;2;1;1.0;1.0;43.40534886;5.05658369;2024-12-11 14:00:00
202400038587.0;1;93;93005;2;3;1.0;3.0;48.95676297;2.4951089;2024-11-05 15:10:00
202400038588.0;5;13;13206;2;1;1.0;3.0;43.28218;5.38594;2024-12-11 19:02:00
202400038589.0;1;45;45284;2;1;1.0;3.0;47.90596;1.95205;2024-06-17 18:30:00
202400038590.0;2;92;92073;2;9;5.0;2.0;48.87551093;2.21805118;2024-11-05 07:15:00
202400038591.0;1;13;13210;2;1;1.0;1.0;43.28632;5.41719;2024-12-11 10:15:00
202400038592.0;1;45;45068;2;1;2.0;4.0;48.009975;2.738315;2024-06-17 09:40:00
202400038593.0;5;92;92050;2;1;1.0;4.0;48.89849898;2.18423992;2024-11-04 17:30:00
202400038594.0;5;13;13047;2;1;1.0;1.0;43.52752;4.95682;2024-12-11 19:05:00
202400038595.0;1;43;43157;2;9;1.0;6.0;45.0474079;3.88051061;2024-06-17 10:50:00
202400038596.0;1;75;75118;2;1;1.0;7.0;48.901089;2.352132;2024-12-09 14:40:00
202400038597.0;1;92;92036;2;1;1.0;6.0;48.92255845;2.30640382;2024-11-04 11:50:00
202400038598.0;2;75;75106;2;1;2.0;6.0;48.845532;2.331791;2024-12-11 08:05:00
202400038599.0;1;37;37261;2;9;1.0;6.0;47.37858;0.6938;2024-06-16 19:00:00
202400038600.0;5;92;92023;2;1;1.0;6.0;48.80584006;2.25738108;2024-11-05 18:40:00
202400038601.0;5;75;75120;2;1;1.0;2.0;48.857056;2.409915;2024-12-11 18:00:00
202400038602.0;1;92;92012;2;1;1.0;7.0;48.83729;2.24375;2024-11-05 13:35:00
202400038603.0;1;35;35278;1;1;1.0;6.0;48.14013;-1.691;2024-06-17 20:35:00
202400038604.0;5;92;92002;2;1;1.0;6.0;48.76814;2.31085;2024-11-05 19:45:00
202400038605.0;2;34;34032;2;1;1.0;2.0;43.34809;3.24656;2024-06-15 06:00:00
202400038606.0;1;32;32013;1;1;1.0;7.0;43.70508;0.60648;2024-06-17 19:05:00
202400038607.0;1;33;33218;1;2;1.0;3.0;45.074134;-0.167332;2024-11-01 15:00:00
202400038608.0;2;75;75117;2;3;2.0;6.0;48.879048;2.302322;2024-12-11 08:25:00
202400038609.0;5;31;31555;2;1;1.0;3.0;43.57190972;1.49653116;2024-06-17 23:00:00
202400038610.0;1;24;24521;2;1;1.0;6.0;45.231775;0.868945;2024-11-05 13:05:00
202400038611.0;1;9;9268;2;1;1.0;3.0;43.00449;1.133319;2024-11-05 16:00:00
202400038612.0;1;75;75114;2;2;1.0;6.0;48.828869;2.307353;2024-12-10 08:25:00
202400038613.0;1;63;63026;2;1;1.0;6.0;45.682356;2.999096;2024-11-04 17:00:00
202400038614.0;5;75;75113;2;1;2.0;2.0;48.82508;2.380264;2024-12-11 00:55:00
202400038615.0;3;21;21642;1;1;1.0;4.0;47.493748;4.125988;2024-11-03 18:05:00
202400038616.0;1;30;30209;1;6;1.0;7.0;43.976696;4.74781;2024-11-05 08:55:00
202400038617.0;1;37;37122;1;9;1.0;1.0;47.341011;0.650779;2024-10-31 15:40:00
202400038618.0;5;75;75112;2;3;2.0;4.0;48.833491;2.382094;2024-12-10 17:40:00
202400038619.0;1;75;75117;2;1;2.0;6.0;48.893425;2.304247;2024-12-11 09:20:00
202400038620.0;3;91;91679;1;3;1.0;1.0;48.731977;2.110797;2024-11-05 17:43:00
202400038621.0;1;75;75107;2;3;2.0;3.0;48.856956;2.324633;2024-12-11 09:00:00
202400038622.0;1;94;94028;2;1;2.0;3.0;48.80157696;2.44986963;2024-12-11 09:05:00
202400038623.0;3;94;94011;2;1;2.0;3.0;48.78143;2.49437;2024-12-11 07:00:00
202400038624.0;2;59;59074;1;1;2.0;1.0;50.078635;3.444927;2024-11-06 06:30:00
202400038625.0;2;94;94019;2;3;1.0;6.0;48.79961298;2.54020858;2024-12-11 18:45:00
202400038626.0;3;56;56255;2;1;5.0;1.0;47.686178;-2.616098;2024-11-05 20:30:00
202400038627.0;1;93;93059;2;9;1.0;3.0;48.96085;2.35904;2024-12-11 16:10:00
202400038628.0;5;93;93071;2;1;2.0;6.0;48.93645736;2.53293014;2024-12-11 07:25:00
202400038629.0;3;56;56147;1;1;5.0;1.0;47.54102;-2.267143;2024-11-05 19:39:00
202400038630.0;5;93;93066;2;1;1.0;2.0;48.92610376;2.35714048;2024-12-09 05:25:00
202400038631.0;5;93;93053;2;1;1.0;3.0;48.889785;2.465732;2024-12-11 19:30:00
202400038632.0;5;93;93063;2;1;2.0;1.0;48.89404;2.43376;2024-12-11 06:30:00
202400038633.0;3;59;59189;1;1;1.0;2.0;50.766819;2.582895;2024-11-06 05:50:00
202400038634.0;2;93;93027;2;1;2.0;3.0;48.92152;2.38448;2024-12-10 17:40:00
202400038635.0;5;93;93001;2;1;1.0;3.0;48.90959874;2.39842042;2024-12-11 22:55:00
202400038636.0;5;93;93001;2;1;1.0;6.0;48.91016539;2.38500017;2024-12-11 18:21:00
202400038637.0;2;93;93001;2;1;2.0;6.0;48.91113075;2.3793216;2024-12-10 16:36:00
202400038638.0;5;76;76312;2;2;1.0;1.0;49.485646;1.727112;2024-11-05 17:35:00
202400038639.0;5;92;92075;2;2;1.0;6.0;48.82290455;2.29236737;2024-12-11 18:30:00
202400038640.0;1;71;71013;1;2;7.0;3.0;46.906977;5.296534;2024-11-06 13:50:00
202400038641.0;5;92;92046;2;2;1.0;3.0;48.8195577;2.30615571;2024-12-11 17:29:00
202400038642.0;5;92;92026;2;9;1.0;1.0;48.89892378;2.25662783;2024-12-11 18:27:00
202400038643.0;1;71;71340;1;3;5.0;3.0;46.539823;4.245332;2024-11-02 09:20:00
202400038644.0;1;92;92076;2;3;2.0;6.0;48.83776829;2.16421008;2024-12-11 08:25:00
202400038645.0;5;92;92049;2;3;1.0;6.0;48.81485094;2.31927618;2024-12-11 17:35:00
202400038646.0;1;49;49308;1;1;5.0;1.0;47.392016;-0.515971;2024-11-06 08:00:00
202400038647.0;2;12;12254;1;1;1.0;1.0;44.453343;2.574878;2024-11-05 17:45:00
202400038648.0;5;92;92049;2;3;2.0;1.0;48.81041511;2.31111914;2024-12-10 20:50:00
202400038649.0;1;12;12056;1;1;1.0;6.0;44.291662;2.450997;2024-11-06 14:30:00
202400038650.0;5;92;92012;2;1;1.0;6.0;48.84911;2.24066;2024-12-11 18:50:00
202400038651.0;3;29;29039;2;1;1.0;3.0;47.87869771;-3.85294021;2024-11-05 18:45:00
202400038652.0;3;92;92004;2;1;2.0;2.0;48.90698;2.29135;2024-12-09 17:45:00
202400038653.0;1;92;92014;2;1;2.0;6.0;48.77694488;2.3105038;2024-12-11 11:45:00
202400038654.0;3;2;2445;1;1;5.0;6.0;49.91897;3.940809;2024-11-06 01:15:00
202400038655.0;5;67;67535;2;1;1.0;1.0;48.909653;7.421528;2024-12-07 20:20:00
202400038656.0;3;58;58215;1;1;5.0;6.0;47.294425;2.939186;2024-11-05 20:30:00
202400038657.0;3;72;72109;1;1;5.0;1.0;48.161706;-0.086303;2024-11-05 07:20:00
202400038658.0;2;988;98812;2;1;1.0;6.0;-20.573422;164.275984;2024-12-12 05:30:00
202400038659.0;5;72;72241;2;3;1.0;1.0;48.050808;0.418634;2024-11-04 18:40:00
202400038660.0;1;83;83019;1;1;1.0;3.0;43.14882;6.318278;2024-12-12 12:30:00
202400038661.0;3;36;36010;1;1;8.0;6.0;46.845087;1.050664;2024-11-03 19:10:00
202400038662.0;5;59;59400;2;1;1.0;6.0;50.637459;2.641096;2024-12-11 05:28:00
202400038663.0;3;21;21054;1;1;1.0;1.0;47.000063;4.852942;2024-11-06 18:00:00
202400038664.0;3;67;67420;1;1;1.0;1.0;48.500621;7.263198;2024-12-12 19:50:00
202400038665.0;3;24;24117;2;1;5.0;7.0;45.0906;1.376589;2024-11-05 23:00:00
202400038666.0;1;82;82038;2;1;1.0;6.0;44.236576;1.769498;2024-12-12 09:10:00
202400038667.0;1;27;27198;2;1;5.0;6.0;48.867885;1.073466;2024-11-06 12:30:00
202400038668.0;5;61;61293;2;1;2.0;6.0;48.521248;0.544799;2024-12-10 17:01:00
202400038669.0;3;61;61421;1;1;1.0;6.0;48.560945;-0.774722;2024-12-11 18:15:00
202400038670.0;3;37;37021;1;3;5.0;5.0;47.56359;0.626661;2024-11-04 19:30:00
202400038671.0;2;12;12208;2;1;1.0;6.0;43.949563;2.895737;2024-12-12 07:35:00
202400038672.0;3;13;13044;1;3;1.0;3.0;43.619941;5.039388;2024-11-06 05:45:00
202400038673.0;1;34;34106;1;1;1.0;1.0;43.746313;3.330933;2024-12-04 14:00:00
202400038674.0;3;25;25328;1;9;9.0;1.0;47.184813;5.963087;2024-11-11 21:30:00
202400038675.0;1;974;97408;1;1;1.0;7.0;-20.896624;55.375707;2024-11-06 12:55:00
202400038676.0;1;29;29007;2;1;1.0;7.0;48.404046;-3.751844;2024-12-11 15:50:00
202400038677.0;1;973;97306;1;1;1.0;1.0;5.53733268;-53.51394367;2024-11-06 06:25:00
202400038678.0;2;2;2379;1;2;5.0;1.0;49.806727;3.668216;2024-12-12 15:00:00
202400038679.0;3;3;3021;2;1;1.0;6.0;46.134479;3.151959;2024-12-12 03:20:00
202400038680.0;1;45;45028;2;1;1.0;1.0;47.781573;1.620703;2024-11-04 13:50:00
202400038681.0;1;26;26115;1;9;1.0;2.0;44.706799;5.006045;2024-12-12 07:40:00
202400038682.0;1;77;77235;1;2;5.0;5.0;48.992876;3.064992;2024-11-05 09:45:00
202400038683.0;2;14;14592;1;3;1.0;3.0;49.068763;-0.505167;2024-12-12 07:57:00
202400038684.0;5;77;77183;2;6;1.0;7.0;48.942833;3.127639;2024-11-03 21:15:00
202400038685.0;1;30;30006;1;4;1.0;1.0;43.67752;4.189717;2024-12-12 14:15:00
202400038686.0;1;78;78206;1;4;3.0;1.0;48.951874;1.912876;2024-10-09 14:10:00
202400038687.0;4;30;30284;2;1;1.0;7.0;44.152433;4.08776;2024-12-12 06:30:00
202400038688.0;1;11;11262;1;1;1.0;1.0;43.164528;3.133507;2024-12-11 16:30:00
202400038689.0;3;2B;2B298;2;9;1.0;3.0;42.679505;9.302368;2024-11-05 20:45:00
202400038690.0;1;83;83042;2;3;1.0;3.0;43.256315;6.527472;2024-11-06 17:20:00
202400038691.0;1;13;13049;1;1;1.0;3.0;43.68808043;5.09617588;2024-12-10 16:55:00
202400038692.0;3;34;34022;1;6;1.0;7.0;43.654025;3.995419;2024-12-11 23:59:00
202400038693.0;5;83;83042;2;1;1.0;1.0;43.24829;6.533223;2024-11-05 19:40:00
202400038694.0;1;13;13027;2;1;1.0;2.0;43.887968;4.8553;2024-11-06 12:45:00
202400038695.0;1;68;68063;2;3;1.0;2.0;47.796175;7.172838;2024-12-11 12:05:00
202400038696.0;5;68;68063;2;1;1.0;3.0;47.803478;7.171616;2024-12-11 17:00:00
202400038697.0;3;26;26358;1;1;1.0;7.0;44.804029;4.961175;2024-12-12 18:00:00
202400038698.0;2;60;60668;1;1;2.0;4.0;49.49887832;2.08831644;2024-12-12 07:30:00
202400038699.0;1;33;33551;1;1;1.0;3.0;45.07851;-0.634241;2024-11-04 15:45:00
202400038700.0;5;59;59481;2;3;2.0;6.0;50.250131;3.644832;2024-12-07 21:35:00
202400038701.0;1;62;62865;2;2;1.0;1.0;50.32598707;2.98049819;2024-11-05 16:30:00
202400038702.0;3;59;59466;2;4;1.0;3.0;50.52482886;3.11151803;2024-12-10 17:19:00
202400038703.0;1;33;33063;1;1;1.0;7.0;44.8859;-0.56265;2024-12-11 11:46:00
202400038704.0;1;59;59057;1;3;2.0;6.0;50.217533;3.574038;2024-11-05 16:15:00
202400038705.0;1;59;59566;1;1;1.0;3.0;50.61886;2.97683;2024-12-09 09:00:00
202400038706.0;3;62;62193;1;1;1.0;7.0;50.93613762;1.91011686;2024-11-12 17:55:00
202400038707.0;4;59;59653;1;6;2.0;2.0;50.584204;2.907954;2024-11-05 17:50:00
202400038708.0;1;91;91661;1;1;1.0;2.0;48.69561;2.23474;2024-12-11 09:19:00
202400038709.0;5;13;13212;1;1;1.0;2.0;43.29927833;5.42503621;2024-11-05 08:00:00
202400038710.0;2;91;91521;1;1;1.0;4.0;48.63324;2.40491;2024-12-11 07:45:00
202400038711.0;3;69;69266;1;1;1.0;3.0;45.7824;4.8926;2024-11-02 21:05:00
202400038712.0;2;95;95582;1;1;2.0;2.0;48.96495452;2.2704267;2024-12-11 08:50:00
202400038713.0;3;33;33448;1;1;1.0;2.0;44.722576;-0.524143;2024-11-05 22:55:00
202400038714.0;3;92;92036;1;1;2.0;1.0;48.94647077;2.28241919;2024-12-10 18:35:00
202400038715.0;1;33;33550;1;1;1.0;2.0;44.782851;-0.542632;2024-11-05 14:34:00
202400038716.0;3;95;95252;1;1;1.0;6.0;48.9877268;2.20679706;2024-12-10 01:45:00
202400038717.0;3;33;33162;1;1;1.0;6.0;44.867767;-0.648484;2024-11-04 01:00:00
202400038718.0;3;93;93005;1;1;1.0;2.0;48.95082945;2.4743563;2024-12-09 21:50:00
202400038719.0;3;59;59403;1;1;1.0;6.0;50.43422706;3.37094847;2024-11-05 02:37:00
202400038720.0;1;95;95563;1;1;1.0;7.0;49.00983355;2.23274879;2024-12-09 08:10:00
202400038721.0;3;95;95572;1;1;2.0;7.0;49.03189295;2.11404154;2024-12-09 07:50:00
202400038722.0;3;93;93066;1;1;1.0;7.0;48.9297471;2.36364986;2024-12-09 05:30:00
202400038723.0;5;44;44109;2;1;1.0;3.0;47.26295247;-1.5813065;2024-11-14 17:15:00
202400038724.0;3;62;62528;1;1;1.0;6.0;50.45184855;2.8126633;2024-11-03 20:45:00
202400038725.0;1;44;44109;2;1;1.0;7.0;47.22553368;-1.5529974;2024-11-09 12:00:00
202400038726.0;5;44;44109;2;3;1.0;7.0;47.24326037;-1.50575778;2024-11-08 20:35:00
202400038727.0;5;92;92064;1;1;1.0;2.0;48.83937744;2.21559763;2024-11-04 19:00:00
202400038728.0;1;44;44109;2;2;1.0;3.0;47.21021092;-1.5684915;2024-11-08 10:59:00
202400038729.0;5;92;92050;1;1;1.0;4.0;48.90088275;2.20692445;2024-11-04 18:30:00
202400038730.0;1;44;44109;2;1;1.0;6.0;47.21694009;-1.55687612;2024-11-06 12:42:00
202400038731.0;1;50;50267;2;1;1.0;3.0;49.21225;-1.530426;2024-09-28 17:20:00
202400038732.0;1;92;92025;1;1;1.0;2.0;48.93190121;2.24684966;2024-11-04 10:28:00
202400038733.0;1;44;44109;2;1;1.0;2.0;47.21236559;-1.60845404;2024-12-02 10:15:00
202400038734.0;3;77;77372;1;1;1.0;6.0;48.88154185;2.667994;2024-11-04 22:20:00
202400038735.0;1;91;91179;1;3;8.0;1.0;48.557796;2.499266;2024-09-26 08:15:00
202400038736.0;1;94;94017;1;1;1.0;2.0;48.8271602;2.51033987;2024-11-04 08:30:00
202400038737.0;1;91;91405;1;6;1.0;3.0;48.401151;2.45059;2024-09-20 15:30:00
202400038738.0;2;94;94052;1;1;1.0;2.0;48.84723475;2.49142262;2024-11-04 08:10:00
202400038739.0;3;73;73236;1;1;1.0;6.0;45.61511808;5.63754916;2024-06-28 04:30:00
202400038740.0;1;62;62846;2;6;8.0;3.0;50.47923;2.73482;2024-12-09 10:35:00
202400038741.0;1;73;73227;2;6;8.0;6.0;45.41541238;6.63699299;2024-03-29 09:30:00
202400038742.0;1;82;82121;2;1;1.0;7.0;44.023508;1.324312;2024-10-15 12:20:00
202400038743.0;3;34;34150;2;1;1.0;6.0;43.322436;3.550832;2024-06-28 23:00:00
202400038744.0;1;77;77527;1;1;1.0;4.0;48.68585;3.015801;2024-07-09 19:17:00
202400038745.0;2;14;14488;2;1;1.0;1.0;49.275372;-0.252492;2024-07-27 23:05:00
202400038746.0;5;40;40088;2;1;1.0;2.0;43.70329;-1.03366;2024-08-18 05:15:00
202400038747.0;1;974;97411;2;6;1.0;3.0;-20.90065;55.48722;2024-11-04 06:20:00
202400038748.0;1;974;97416;1;1;1.0;3.0;-21.32491;55.47429;2024-12-09 16:30:00
202400038749.0;1;973;97302;2;1;1.0;3.0;4.94209;-52.30469;2024-11-04 15:55:00
202400038750.0;1;974;97407;2;9;1.0;1.0;-20.95533;55.31175;2024-12-09 12:10:00
202400038751.0;5;69;69383;2;1;1.0;6.0;45.75717;4.85862;2024-11-05 20:15:00
202400038752.0;5;973;97302;2;9;1.0;3.0;4.94161;-52.30389;2024-12-09 22:08:00
202400038753.0;5;69;69383;2;2;1.0;3.0;45.75701;4.85276;2024-11-04 19:00:00
202400038754.0;2;973;97302;2;2;1.0;6.0;4.9305332;-52.31337994;2024-12-09 18:20:00
202400038755.0;1;972;97209;2;1;1.0;6.0;14.60597;-61.0697;2024-11-04 12:58:00
202400038756.0;1;973;97302;2;2;1.0;1.0;4.93445;-52.32083;2024-12-09 11:20:00
202400038757.0;5;2B;2B037;2;9;1.0;6.0;42.62878;9.43746;2024-11-04 20:47:00
202400038758.0;4;971;97101;1;1;1.0;1.0;16.23887609;-61.50786996;2024-11-03 21:20:00
202400038759.0;5;69;69386;2;2;1.0;3.0;45.76903;4.86056;2024-12-10 05:00:00
202400038760.0;5;972;97213;1;1;1.0;6.0;14.63192;-61.0244;2024-12-09 21:53:00
202400038761.0;2;971;97113;1;3;1.0;3.0;16.209;-61.47091;2024-11-03 05:21:00
202400038762.0;1;971;97101;1;1;1.0;1.0;16.26199;-61.49325;2024-12-10 14:10:00
202400038763.0;1;971;97105;2;6;1.0;6.0;16.00535;-61.73984;2024-11-04 12:00:00
202400038764.0;1;971;97101;2;9;1.0;6.0;16.2482;-61.52667;2024-12-10 08:00:00
202400038765.0;1;2A;2A004;2;1;1.0;2.0;41.93731;8.73806;2024-11-04 09:00:00
202400038766.0;5;95;95555;2;6;2.0;6.0;48.96515778;2.28320742;2024-12-10 18:08:00
202400038767.0;5;95;95218;2;1;2.0;6.0;49.01957306;2.10072666;2024-12-09 17:15:00
202400038768.0;1;95;95563;2;2;1.0;3.0;49.01351453;2.23068138;2024-11-04 08:40:00
202400038769.0;2;91;91161;1;1;1.0;6.0;48.717103;2.304313;2024-12-10 08:10:00
202400038770.0;5;91;91457;2;1;1.0;6.0;48.58183;2.26131;2024-11-04 06:28:00
202400038771.0;3;91;91027;2;1;1.0;3.0;48.70947;2.39912;2024-11-04 18:40:00
202400038772.0;5;91;91657;2;3;1.0;6.0;48.70056;2.42124;2024-12-09 21:20:00
202400038773.0;1;87;87114;2;1;1.0;6.0;45.82864;1.29506;2024-10-31 12:09:00
202400038774.0;1;91;91228;2;1;1.0;6.0;48.62294;2.42722;2024-12-10 13:00:00
202400038775.0;1;87;87085;1;1;1.0;2.0;45.874051;1.287874;2024-10-31 09:22:00
202400038776.0;1;87;87085;2;1;1.0;3.0;45.81051;1.27175;2024-12-06 14:04:00
202400038777.0;1;85;85194;2;1;1.0;3.0;46.5131755;-1.7774352;2024-12-06 10:30:00
202400038778.0;1;83;83090;1;1;1.0;1.0;43.1533;5.84505;2024-11-04 13:30:00
202400038779.0;5;84;84007;2;4;1.0;6.0;43.94339;4.83333;2024-12-10 22:48:00
202400038780.0;1;83;83062;2;1;1.0;6.0;43.13071;6.01597;2024-11-04 12:45:00
202400038781.0;3;83;83069;1;1;1.0;5.0;43.20288181;6.1356926;2024-11-03 18:45:00
202400038782.0;1;77;77373;1;1;1.0;7.0;48.76987;2.63462;2024-12-10 12:25:00
202400038783.0;1;78;78403;2;1;1.0;2.0;48.997759;1.881333;2024-11-04 13:50:00
202400038784.0;1;77;77114;2;1;2.0;6.0;48.74066238;2.70191266;2024-12-09 09:40:00
202400038785.0;3;78;78423;1;1;1.0;6.0;48.781679;2.02453;2024-11-04 21:40:00
202400038786.0;3;77;77276;1;1;2.0;4.0;48.92091071;2.88023472;2024-12-10 18:10:00
202400038787.0;5;77;77284;2;1;1.0;6.0;48.95657;2.91156;2024-12-09 18:20:00
202400038788.0;2;77;77445;2;1;1.0;6.0;48.58401;2.58093;2024-10-31 15:50:00
202400038789.0;5;77;77284;2;1;2.0;6.0;48.953275;2.911503;2024-12-09 17:21:00
202400038790.0;3;77;77122;2;1;1.0;6.0;48.66269;2.57059;2024-11-03 01:56:00
202400038791.0;1;77;77048;1;1;1.0;6.0;48.32662;2.68753;2024-12-10 08:10:00
202400038792.0;1;77;77143;2;1;1.0;6.0;48.97614426;2.86961697;2024-11-04 16:30:00
202400038793.0;5;76;76484;2;1;2.0;6.0;49.35097725;1.09175545;2024-12-08 21:05:00
202400038794.0;1;77;77237;2;2;1.0;3.0;48.83803;2.75296;2024-11-04 08:40:00
202400038795.0;1;76;76351;2;3;1.0;6.0;49.49227;0.09777;2024-12-09 11:27:00