Num_Acc;lum;departement;commune;agglomeration;intersection;meteo;type_collision;lat;long;date
202400038796.0;1;76;76157;1;1;1.0;6.0;49.41941;0.98561;2024-11-04 13:50:00
202400038797.0;3;73;73065;1;1;1.0;2.0;45.58491;5.90809;2024-12-09 17:40:00
202400038798.0;5;76;76351;2;1;1.0;6.0;49.51241;0.14778;2024-11-03 04:20:00
202400038799.0;1;69;69276;1;6;2.0;3.0;45.68677;4.86153;2024-12-08 15:45:00
202400038800.0;2;76;76351;2;3;1.0;6.0;49.48625;0.11028;2024-10-31 18:20:00
202400038801.0;5;67;67482;2;2;1.0;6.0;48.58698347;7.74873555;2024-12-10 17:05:00
202400038802.0;5;67;67482;2;1;1.0;3.0;48.58703;7.75988;2024-12-10 01:45:00
202400038803.0;1;73;73065;2;2;1.0;3.0;45.57335097;5.91548815;2024-11-04 11:15:00
202400038804.0;1;67;67482;2;9;8.0;6.0;48.58979;7.77538;2024-12-09 11:47:00
202400038805.0;1;72;72181;2;1;1.0;2.0;47.9754;0.21516;2024-11-04 07:55:00
202400038806.0;1;67;67482;2;1;8.0;7.0;48.57375;7.70587;2024-12-09 11:10:00
202400038807.0;1;69;69259;2;3;1.0;6.0;45.6928;4.8705;2024-11-03 13:20:00
202400038808.0;1;67;67180;1;1;1.0;1.0;48.83643;7.78967;2024-12-09 14:52:00
202400038809.0;5;68;68224;2;2;1.0;3.0;47.75256;7.34304;2024-11-02 21:10:00
202400038810.0;4;64;64260;2;1;2.0;3.0;43.35031;-1.78348;2024-12-09 17:50:00
202400038811.0;1;64;64348;2;1;8.0;7.0;43.34779;-0.38001;2024-12-10 09:15:00
202400038812.0;4;65;65047;2;2;1.0;2.0;43.24293796;0.09562719;2024-11-01 03:20:00
202400038813.0;1;64;64102;2;1;1.0;3.0;43.4934;-1.4914;2024-11-04 18:00:00
202400038814.0;3;64;64269;2;1;2.0;4.0;43.297087;-0.308577;2024-12-09 18:15:00
202400038815.0;1;64;64024;2;1;1.0;4.0;43.49379;-1.52365;2024-11-04 16:45:00
202400038816.0;5;64;64445;2;6;2.0;3.0;43.30636751;-0.33303648;2024-12-09 07:20:00
202400038817.0;2;64;64102;2;1;1.0;7.0;43.4856;-1.47615;2024-12-10 06:50:00
202400038818.0;1;62;62250;2;1;1.0;6.0;50.45922;2.94556;2024-11-04 16:17:00
202400038819.0;5;62;62724;2;1;1.0;7.0;50.39834;2.91567;2024-11-03 00:25:00
202400038820.0;2;63;63113;2;3;1.0;6.0;45.79218;3.09171;2024-12-10 07:30:00
202400038821.0;5;62;62753;2;1;2.0;6.0;50.29737;2.82081;2024-11-01 05:45:00
202400038822.0;1;60;60159;1;1;1.0;6.0;49.39316223;2.79018626;2024-12-10 14:05:00
202400038823.0;2;59;59508;1;9;5.0;2.0;50.757219;3.12715;2024-11-04 07:40:00
202400038824.0;1;59;59350;2;1;1.0;;50.61456;3.03574;2024-12-09 10:30:00
202400038825.0;1;59;59512;2;1;1.0;6.0;50.69996;3.16946;2024-11-04 15:45:00
202400038826.0;1;56;56260;2;1;1.0;3.0;47.6608;-2.75414;2024-12-10 14:10:00
202400038827.0;3;57;57672;1;1;1.0;6.0;49.398419;6.123903;2024-11-03 03:40:00
202400038828.0;2;56;56083;1;1;1.0;6.0;47.82219;-3.28944;2024-11-03 17:50:00
202400038829.0;1;56;56098;2;6;2.0;5.0;47.774317;-3.33825;2024-12-09 14:00:00
202400038830.0;1;54;54159;2;1;1.0;6.0;48.61986;6.35104;2024-11-04 16:35:00
202400038831.0;5;56;56121;2;1;1.0;2.0;47.757419;-3.3548997;2024-12-06 07:49:00
202400038832.0;1;49;49099;1;1;5.0;1.0;46.98538;-0.85591;2024-11-01 08:55:00
202400038833.0;5;54;54184;2;2;1.0;6.0;48.70054658;6.22472718;2024-12-09 19:45:00
202400038834.0;2;54;54547;2;2;8.0;6.0;48.65380936;6.15230352;2024-12-09 08:05:00
202400038835.0;1;51;51454;2;1;1.0;3.0;49.264591;4.031248;2024-12-10 15:45:00
202400038836.0;2;51;51454;2;1;2.0;6.0;49.25973;4.06294;2024-12-07 18:05:00
202400038837.0;1;50;50129;2;1;1.0;6.0;49.63989;-1.62581;2024-12-06 15:50:00
202400038838.0;4;49;49328;2;2;1.0;3.0;47.27854965;-0.05688429;2024-12-09 17:40:00
202400038839.0;1;49;49246;2;1;1.0;3.0;47.43705;-0.53127;2024-12-09 10:20:00
202400038840.0;5;45;45234;2;1;2.0;3.0;47.9184;1.8985;2024-12-10 17:50:00
202400038841.0;5;42;42218;2;1;2.0;6.0;45.43609;4.41462;2024-11-12 17:40:00
202400038842.0;1;35;35051;2;1;1.0;6.0;48.11429;-1.59308;2024-12-10 09:40:00
202400038843.0;2;35;35238;1;1;1.0;2.0;48.125821;-1.718966;2024-12-10 08:00:00
202400038844.0;5;30;30189;2;2;1.0;1.0;43.84014;4.3194;2024-12-05 19:10:00
202400038845.0;5;23;23096;2;6;1.0;6.0;46.17763892;1.87755541;2024-12-10 23:25:00
202400038846.0;3;18;18033;1;1;1.0;5.0;47.08248;2.46066;2024-12-09 07:02:00
202400038847.0;1;16;16166;2;1;1.0;6.0;45.66648;0.18092;2024-12-09 16:42:00
202400038848.0;1;13;13039;1;1;1.0;1.0;43.46242;4.83834;2024-12-10 11:08:00
202400038849.0;5;13;13212;2;1;1.0;2.0;43.308277;5.41864535;2024-12-10 22:00:00
202400038850.0;1;13;13001;2;1;1.0;3.0;43.47191;5.40082;2024-12-09 16:45:00
202400038851.0;5;7;7102;2;1;1.0;7.0;44.93916;4.86696;2024-12-06 01:15:00
202400038852.0;1;3;3190;2;1;1.0;3.0;46.5524;3.33756;2024-12-10 16:33:00
202400038853.0;5;75;75115;2;1;2.0;3.0;48.831053;2.284126;2024-12-10 18:00:00
202400038854.0;5;75;75112;2;1;1.0;3.0;48.82911;2.399971;2024-12-10 18:30:00
202400038855.0;5;75;75118;2;1;1.0;6.0;48.900887;2.362974;2024-12-09 21:30:00
202400038856.0;5;75;75116;2;1;2.0;2.0;48.854539;2.254923;2024-12-09 17:49:00
202400038857.0;1;75;75109;2;3;8.0;6.0;48.875499;2.326613;2024-12-09 15:29:00
202400038858.0;5;75;75120;2;2;2.0;1.0;48.8527;2.406135;2024-12-10 22:00:00
202400038859.0;5;75;75120;2;2;2.0;6.0;48.85297;2.400821;2024-12-10 18:15:00
202400038860.0;5;75;75120;2;2;2.0;3.0;48.86481;2.40131;2024-12-10 16:30:00
202400038861.0;1;75;75119;2;3;1.0;6.0;48.889339;2.383747;2024-12-10 12:47:00
202400038862.0;5;75;75118;2;3;2.0;2.0;48.893723;2.352788;2024-12-10 18:00:00
202400038863.0;1;75;75118;2;1;1.0;6.0;48.88523;2.332881;2024-12-09 14:00:00
202400038864.0;5;75;75117;2;3;1.0;3.0;48.896402;2.310326;2024-12-06 05:00:00
202400038865.0;2;75;75115;2;1;2.0;2.0;48.840086;2.270996;2024-12-09 17:00:00
202400038866.0;5;75;75114;2;3;9.0;3.0;48.826898;2.338639;2024-12-09 18:45:00
202400038867.0;1;75;75113;2;2;1.0;3.0;48.825664;2.347219;2024-12-09 15:15:00
202400038868.0;1;75;75112;2;1;1.0;6.0;48.839214;2.392437;2024-12-10 11:20:00
202400038869.0;1;75;75111;2;3;2.0;6.0;48.855204;2.373775;2024-12-10 16:40:00
202400038870.0;5;75;75110;2;1;2.0;3.0;48.87849;2.362081;2024-12-10 18:50:00
202400038871.0;1;75;75110;2;2;8.0;7.0;48.88072187;2.36244375;2024-12-10 12:10:00
202400038872.0;5;75;75109;2;1;2.0;6.0;48.872507;2.336649;2024-12-10 19:20:00
202400038873.0;1;75;75109;2;3;2.0;3.0;48.875737;2.327787;2024-12-10 08:26:00
202400038874.0;1;75;75108;2;7;1.0;2.0;48.880514;2.309743;2024-12-10 12:30:00
202400038875.0;1;75;75108;2;7;1.0;3.0;48.86494144;2.31071493;2024-12-10 08:40:00
202400038876.0;5;75;75107;2;3;2.0;2.0;48.862349;2.309644;2024-12-10 18:50:00
202400038877.0;1;75;75107;2;7;2.0;6.0;48.858084;2.311062;2024-12-10 17:45:00
202400038878.0;1;75;75107;2;1;2.0;6.0;48.85877;2.29267;2024-12-10 11:59:00
202400038879.0;1;94;94078;2;1;1.0;2.0;48.75714;2.44378;2024-12-10 09:20:00
202400038880.0;2;94;94042;2;1;2.0;6.0;48.815278;2.463806;2024-11-18 16:20:00
202400038881.0;5;94;94046;2;2;2.0;3.0;48.8078;2.448019;2024-12-09 17:10:00
202400038882.0;5;94;94041;2;1;2.0;6.0;48.81145;2.38405;2024-12-10 18:20:00
202400038883.0;1;94;94011;2;9;2.0;3.0;48.765087;2.488727;2024-12-08 12:40:00
202400038884.0;5;94;94018;2;3;8.0;6.0;48.82343;2.39882;2024-12-10 18:40:00
202400038885.0;1;94;94071;2;6;2.0;3.0;48.76342731;2.53631964;2024-12-10 09:00:00
202400038886.0;2;93;93072;2;1;1.0;6.0;48.95301;2.37078;2024-12-10 16:45:00
202400038887.0;1;93;93072;2;1;1.0;6.0;48.95301;2.37082;2024-12-10 09:05:00
202400038888.0;5;93;93029;2;1;2.0;3.0;48.913384;2.450905;2024-12-10 19:00:00
202400038889.0;1;94;94046;2;1;8.0;6.0;48.8035;2.433;2024-01-14 12:05:00
202400038890.0;5;94;94076;2;4;1.0;3.0;48.802748;2.364366;2024-01-14 06:30:00
202400038891.0;5;94;94081;2;8;1.0;3.0;48.78946;2.38911;2024-01-14 21:10:00
202400038892.0;5;94;94022;2;3;1.0;3.0;48.764683;2.409849;2024-01-14 18:15:00
202400038893.0;5;93;93071;2;2;1.0;2.0;48.9308;2.51614;2024-01-14 19:20:00
202400038894.0;5;93;93066;2;2;8.0;3.0;48.94158972;2.34179109;2024-01-13 21:20:00
202400038895.0;5;93;93050;2;3;1.0;3.0;48.87028;2.55477;2024-01-14 18:30:00
202400038896.0;1;93;93048;2;5;8.0;3.0;48.86841;2.44147;2024-01-14 16:10:00
202400038897.0;5;93;93005;2;1;1.0;7.0;48.945356;2.509396;2024-01-14 01:00:00
202400038898.0;5;92;92062;2;1;1.0;2.0;48.88799;2.23508;2024-01-14 01:07:00
202400038899.0;1;92;92004;2;1;8.0;2.0;48.91202026;2.29657698;2024-01-14 08:00:00
202400038900.0;2;37;37260;1;1;7.0;6.0;47.05816161;0.39103746;2024-01-12 08:50:00
202400038901.0;5;35;35120;2;3;2.0;3.0;48.224623;-1.794677;2024-01-14 18:55:00
202400038902.0;5;45;45178;2;3;1.0;3.0;48.002838;2.539081;2024-01-15 05:50:00
202400038903.0;1;77;77382;1;1;8.0;2.0;48.895788;2.894211;2024-01-09 16:45:00
202400038904.0;1;83;83086;2;1;1.0;6.0;43.470742;6.562937;2024-01-15 07:45:00
202400038905.0;2;57;57192;1;1;1.0;3.0;49.02435078;7.33050095;2024-01-11 07:27:00
202400038906.0;3;57;57540;1;1;1.0;6.0;48.775707;7.249818;2024-01-09 17:45:00
202400038907.0;2;51;51342;1;1;9.0;7.0;48.98643676;3.92763479;2024-01-14 08:45:00
202400038908.0;1;82;82037;2;1;1.0;6.0;44.161548;1.536013;2024-01-13 16:23:00
202400038909.0;2;61;61319;1;1;1.0;5.0;48.334457;0.418767;2024-01-14 18:15:00
202400038910.0;3;55;55338;1;1;4.0;7.0;49.41864252;5.20140853;2024-01-14 22:00:00
202400038911.0;1;22;22221;1;1;1.0;1.0;48.782946;-3.255258;2024-01-12 11:00:00
202400038912.0;1;29;29123;1;1;1.0;6.0;48.20817182;-3.92269551;2024-01-15 14:35:00
202400038913.0;3;15;15260;2;1;1.0;6.0;44.64551;2.415989;2024-01-14 19:30:00
202400038914.0;1;43;43042;1;1;1.0;6.0;44.904675;3.820968;2024-01-14 13:30:00
202400038915.0;3;43;43174;1;4;1.0;2.0;45.003257;3.812546;2024-01-14 18:30:00
202400038916.0;1;36;36016;1;1;2.0;6.0;46.532532;1.141527;2024-01-14 09:34:00
202400038917.0;3;36;36243;1;1;9.0;6.0;46.96833935;1.36989534;2024-01-14 20:00:00
202400038918.0;3;24;24340;1;1;1.0;6.0;44.864185;0.39995;2024-01-14 21:10:00
202400038919.0;3;49;49002;1;1;1.0;6.0;47.28503;0.012671;2024-01-13 02:00:00
202400038920.0;1;978;97801;2;1;1.0;3.0;18.094231;-63.065954;2024-01-15 10:30:00
202400038921.0;1;978;97801;2;1;1.0;5.0;18.064592;-63.039336;2024-01-13 16:20:00
202400038922.0;5;13;13069;2;3;1.0;3.0;43.628838;5.15705;2024-01-11 19:10:00
202400038923.0;3;1;1038;1;1;1.0;2.0;46.33943;5.282509;2024-01-15 05:55:00
202400038924.0;2;973;97309;2;1;1.0;1.0;4.893946;-52.258111;2024-01-14 19:20:00
202400038925.0;1;6;6088;1;1;1.0;1.0;43.731879;7.291805;2024-01-15 13:40:00
202400038926.0;1;73;73117;1;1;4.0;1.0;45.190892;6.640165;2024-01-15 09:38:00
202400038927.0;3;38;38449;1;1;1.0;5.0;45.648218;5.121388;2024-01-14 20:55:00
202400038928.0;3;38;38053;1;1;1.0;5.0;45.607718;5.235693;2024-01-14 20:15:00
202400038929.0;3;987;98714;1;1;1.0;3.0;-16.52477167;-151.73688769;2024-01-12 19:30:00
202400038930.0;1;95;95142;1;1;1.0;6.0;49.16903149;1.92025836;2024-01-15 10:45:00
202400038931.0;3;2B;2B087;1;1;1.0;1.0;42.321985;9.517314;2024-01-14 19:00:00
202400038932.0;1;3;3266;1;1;1.0;6.0;46.261299;3.450909;2024-01-14 14:15:00
202400038933.0;3;26;26116;1;1;1.0;1.0;44.41016888;4.71075296;2024-01-14 20:45:00
202400038934.0;1;69;69204;2;1;2.0;6.0;45.698621;4.794838;2024-01-15 08:45:00
202400038935.0;3;9;9282;1;1;2.0;3.0;43.22771243;1.60368472;2024-01-14 18:00:00
202400038936.0;1;17;17086;1;3;1.0;3.0;45.753737;-0.567381;2024-01-13 12:55:00
202400038937.0;1;86;86294;1;1;1.0;7.0;46.652781;0.170328;2024-01-15 16:54:00
202400038938.0;1;33;33393;1;1;1.0;6.0;44.971622;-0.165267;2024-01-13 12:00:00
202400038939.0;2;44;44037;1;1;2.0;6.0;47.1353519;-1.44173294;2024-01-14 16:05:00
202400038940.0;1;59;59129;1;1;1.0;1.0;50.515623;3.156102;2024-01-12 10:10:00
202400038941.0;5;13;13202;1;1;1.0;6.0;43.28348349;5.40033281;2024-01-14 04:36:00
202400038942.0;3;67;67482;1;1;9.0;3.0;48.58806;7.70844;2024-01-13 05:30:00
202400038943.0;3;33;33487;1;6;5.0;6.0;44.952013;-0.46075;2024-01-14 00:04:00
202400038944.0;1;91;91689;1;1;8.0;4.0;48.74938564;2.32794471;2024-01-14 11:02:00
202400038945.0;3;94;94021;1;1;8.0;6.0;48.76021415;2.33890139;2024-01-14 06:05:00
202400038946.0;1;92;92064;1;1;1.0;2.0;48.83958871;2.2007699;2024-01-14 14:25:00
202400038947.0;3;92;92048;1;1;1.0;2.0;48.7911923;2.2202633;2024-01-14 05:55:00
202400038948.0;1;93;93066;1;1;1.0;7.0;48.9228;2.34502;2024-01-14 08:55:00
202400038949.0;3;95;95252;1;1;1.0;2.0;48.98873778;2.24363721;2024-01-13 19:10:00
202400038950.0;1;976;97611;2;1;1.0;3.0;-12.775;45.223;2024-01-13 11:45:00
202400038951.0;1;976;97611;1;1;1.0;3.0;-12.80033;45.21565;2024-01-13 08:10:00
202400038952.0;1;974;97416;1;1;2.0;6.0;-21.30908;55.49807;2024-01-13 14:15:00
202400038953.0;5;69;69383;2;2;1.0;5.0;45.76273;4.85175;2024-01-13 20:30:00
202400038954.0;5;972;97213;2;1;1.0;7.0;14.6283;-61.02816;2024-01-13 18:20:00
202400038955.0;1;972;97213;2;1;1.0;3.0;14.61819;-61.02765;2024-01-13 13:40:00
202400038956.0;5;2B;2B120;2;3;1.0;;42.65512;9.43598;2024-01-13 21:13:00
202400038957.0;1;2B;2B037;2;1;1.0;2.0;42.61455;9.43757;2024-01-13 11:11:00
202400038958.0;5;971;97113;1;1;2.0;7.0;16.22033;-61.51743;2024-01-13 05:40:00
202400038959.0;1;971;97113;2;1;2.0;6.0;16.24539;-61.45864;2024-01-12 16:45:00
202400038960.0;1;95;95277;2;3;1.0;6.0;48.98548613;2.45070487;2024-01-12 14:00:00
202400038961.0;1;95;95476;2;1;1.0;6.0;49.056269;2.065476;2024-01-11 09:15:00
202400038962.0;1;91;91228;2;1;8.0;3.0;48.62478;2.4261;2024-01-13 11:52:00
202400038963.0;1;82;82033;2;1;1.0;2.0;44.04143;1.11009;2024-01-13 11:45:00
202400038964.0;2;78;78481;2;3;1.0;3.0;48.8871;2.09762;2024-01-13 08:20:00
202400038965.0;5;77;77083;2;1;1.0;7.0;48.84899;2.58179;2024-01-14 22:10:00
202400038966.0;1;77;77479;2;6;1.0;6.0;48.87506;2.63924;2024-01-13 10:50:00
202400038967.0;3;77;77320;2;1;5.0;6.0;48.81988;3.0496;2024-01-13 04:40:00
202400038968.0;1;76;76575;2;1;1.0;1.0;49.36643;1.10595;2024-01-13 11:10:00
202400038969.0;5;76;76540;2;3;1.0;2.0;49.44203;1.10268;2024-01-13 01:50:00
202400038970.0;5;69;69266;2;1;1.0;6.0;45.76368;4.87495;2024-01-13 18:45:00
202400038971.0;1;69;69091;2;1;1.0;3.0;45.58985626;4.77077918;2024-01-12 15:50:00
202400038972.0;1;38;38185;2;1;1.0;3.0;45.16983764;5.71278504;2024-05-13 12:30:00
202400038973.0;1;37;37122;2;6;1.0;7.0;47.36724;0.65494;2024-05-13 07:45:00
202400038974.0;1;67;67043;2;3;8.0;6.0;48.61281;7.76497;2024-01-13 15:15:00
202400038975.0;1;35;35238;2;2;1.0;3.0;48.08372;-1.67448;2024-05-13 08:20:00
202400038976.0;5;64;64269;2;1;1.0;4.0;43.29974053;-0.308757;2024-01-13 18:24:00
202400038977.0;1;30;30189;2;1;1.0;3.0;43.8471;4.3961;2024-05-10 12:05:00
202400038978.0;3;63;63300;1;1;5.0;2.0;45.88653301;3.1367147;2024-01-13 01:10:00
202400038979.0;1;29;29019;2;3;3.0;3.0;48.403411;-4.506693;2024-05-13 11:00:00
202400038980.0;1;63;63113;2;1;1.0;6.0;45.77627;3.09645;2024-01-13 14:45:00
202400038981.0;5;28;28085;2;1;1.0;3.0;48.443227;1.485252;2024-04-26 19:20:00
202400038982.0;5;62;62291;1;6;8.0;6.0;50.41696018;2.8073037;2024-01-12 21:05:00
202400038983.0;1;62;62178;2;1;1.0;1.0;50.47641;2.54417;2024-01-12 15:45:00
202400038984.0;1;22;22278;2;1;1.0;2.0;48.51461;-2.75694;2024-05-13 15:55:00
202400038985.0;1;48;48095;2;1;7.0;6.0;44.52031;3.49799;2024-01-13 15:35:00
202400038986.0;1;17;17306;2;2;1.0;3.0;45.63144;-1.02971;2024-05-13 12:05:00
202400038987.0;3;47;47323;1;9;5.0;7.0;44.370568;0.736213;2024-01-12 07:40:00
202400038988.0;5;13;13210;2;1;1.0;1.0;43.28;5.4;2024-05-12 21:40:00
202400038989.0;1;47;47032;2;1;8.0;6.0;44.1869;0.66062;2024-01-13 10:51:00
202400038990.0;5;13;13005;2;1;1.0;1.0;43.28754;5.57377;2024-05-13 22:13:00
202400038991.0;1;47;47032;2;1;1.0;6.0;44.18611;0.66868;2024-01-12 16:50:00
202400038992.0;1;9;9225;2;1;1.0;6.0;43.12524;1.64727;2024-05-13 20:25:00
202400038993.0;1;45;45234;2;1;1.0;6.0;47.92284286;1.93014818;2024-02-28 11:03:00
202400038994.0;1;38;38185;2;1;1.0;6.0;45.18486;5.72;2024-01-13 13:55:00
202400038995.0;1;1;1053;2;1;1.0;6.0;46.20334;5.22047;2024-05-13 12:00:00
202400038996.0;1;37;37214;2;9;8.0;2.0;47.39506;0.65393;2024-01-13 14:20:00
202400038997.0;5;45;45234;2;2;2.0;6.0;47.900497;1.90401;2024-02-25 23:20:00
202400038998.0;1;75;75106;2;4;1.0;6.0;48.84515;2.332254;2024-05-12 15:30:00
202400038999.0;1;35;35238;2;6;8.0;3.0;48.09806;-1.66688;2024-01-13 12:11:00
202400039000.0;5;75;75119;2;7;1.0;6.0;48.886239;2.396403;2024-05-13 22:20:00
202400039001.0;5;45;45234;2;3;1.0;3.0;47.84324;1.92396;2024-02-24 20:16:00
202400039002.0;1;35;35238;2;2;1.0;3.0;48.12855;-1.6642;2024-01-12 17:00:00
202400039003.0;1;75;75119;2;2;1.0;3.0;48.890577;2.376872;2024-05-13 20:55:00
202400039004.0;5;44;44184;2;6;2.0;3.0;47.26988;-2.23923;2024-02-28 21:25:00
202400039005.0;5;33;33063;2;2;1.0;3.0;44.86411;-0.55838;2024-01-13 21:50:00
202400039006.0;5;75;75118;2;3;1.0;6.0;48.890647;2.354543;2024-05-13 22:35:00
202400039007.0;1;85;85191;2;9;3.0;3.0;46.685069;-1.4299553;2024-04-05 09:20:00
202400039008.0;1;31;31483;2;1;1.0;6.0;43.11284;0.72598;2024-01-13 10:50:00
202400039009.0;1;44;44184;2;1;1.0;7.0;47.29958;-2.28444;2024-02-23 10:00:00
202400039010.0;1;75;75115;2;3;1.0;6.0;48.831052;2.292378;2024-05-12 15:35:00
202400039011.0;2;29;29232;2;1;8.0;6.0;48.01323745;-4.1269024;2024-01-12 17:45:00
202400039012.0;1;84;84007;2;1;1.0;3.0;43.9431;4.81152;2024-04-05 16:20:00
202400039013.0;1;44;44184;2;1;3.0;3.0;47.29565;-2.1851;2024-02-21 16:42:00
202400039014.0;1;75;75112;2;2;1.0;3.0;48.844225;2.410422;2024-05-13 13:27:00
202400039015.0;1;83;83137;2;1;1.0;3.0;43.12825;5.90574;2024-04-05 11:00:00
202400039016.0;5;29;29019;2;1;1.0;4.0;48.393932;-4.49449;2024-01-13 19:15:00
202400039017.0;5;44;44109;2;6;1.0;6.0;47.20961172;-1.59592504;2024-02-19 21:02:00
202400039018.0;1;75;75110;2;2;1.0;6.0;48.87857;2.354015;2024-05-13 09:37:00
202400039019.0;1;43;43041;2;1;2.0;3.0;45.04971657;3.90962976;2024-02-26 14:00:00
202400039020.0;1;29;29019;2;6;1.0;3.0;48.422406;-4.469763;2024-01-13 11:05:00
202400039021.0;1;77;77379;2;1;8.0;6.0;48.5454;3.29485;2024-04-05 08:21:00
202400039022.0;1;75;75110;2;3;1.0;3.0;48.873844;2.356712;2024-05-13 09:20:00
202400039023.0;1;15;15014;2;1;1.0;2.0;44.926758;2.440611;2024-01-12 16:40:00
202400039024.0;1;43;43157;2;3;1.0;3.0;45.05552;3.90264;2024-02-26 15:05:00
202400039025.0;3;76;76216;2;1;2.0;6.0;49.46569;1.0389;2024-04-05 07:10:00
202400039026.0;1;75;75108;2;4;1.0;6.0;48.867572;2.30125;2024-05-13 18:32:00
202400039027.0;3;13;13103;1;1;1.0;6.0;43.67966;5.06759;2024-01-13 17:55:00
202400039028.0;5;76;76540;2;1;2.0;6.0;49.43558;1.0918;2024-04-04 21:05:00
202400039029.0;1;13;13201;2;1;1.0;1.0;43.29270829;5.36779521;2024-01-13 13:00:00
202400039030.0;1;75;75102;2;2;1.0;1.0;48.869577;2.331529;2024-05-12 11:53:00
202400039031.0;1;76;76351;2;3;1.0;3.0;49.51914;0.12374;2024-04-04 16:45:00
202400039032.0;5;13;13212;2;1;1.0;3.0;43.3111;5.4428;2024-01-13 04:30:00
202400039033.0;1;41;41018;2;1;1.0;3.0;47.58631;1.33593;2024-02-23 08:50:00
202400039034.0;5;13;13204;2;9;9.0;3.0;43.29319;5.40151;2024-01-13 03:10:00
202400039035.0;5;94;94041;2;2;1.0;3.0;48.81728;2.36722;2024-05-13 22:00:00
202400039036.0;2;71;71270;2;2;2.0;3.0;46.30117885;4.81825322;2024-04-03 06:20:00
202400039037.0;5;13;13206;2;1;1.0;3.0;43.29253;5.38399;2024-01-12 17:50:00
202400039038.0;1;41;41018;2;9;1.0;6.0;47.59745;1.335285;2024-02-19 16:50:00
202400039039.0;5;69;69266;2;1;1.0;1.0;45.75891;4.90028;2024-04-05 21:55:00
202400039040.0;1;13;13207;2;2;1.0;1.0;43.28985;5.36629;2024-01-12 16:55:00
202400039041.0;1;39;39300;2;2;1.0;6.0;46.670589;5.545508;2024-02-21 16:25:00
202400039042.0;1;11;11262;2;1;1.0;6.0;43.18005;3.00272;2024-01-12 11:09:00
202400039043.0;1;39;39300;2;4;1.0;6.0;46.672886;5.55817;2024-02-21 18:20:00
202400039044.0;1;69;69264;2;3;1.0;3.0;45.98496;4.73155;2024-04-05 09:00:00
202400039045.0;1;94;94018;2;3;1.0;6.0;48.82172656;2.39943445;2024-05-13 07:55:00
202400039046.0;1;11;11262;2;9;1.0;6.0;43.18544;3.00979;2024-01-09 14:05:00
202400039047.0;2;11;11069;1;1;5.0;6.0;43.204767;2.399251;2024-01-13 08:30:00
202400039048.0;1;69;69259;2;1;1.0;3.0;45.72364;4.87399;2024-04-05 17:40:00
202400039049.0;1;93;93007;2;2;1.0;3.0;48.941194;2.477035;2024-05-13 17:50:00
202400039050.0;1;38;38185;2;1;1.0;3.0;45.1863686;5.70578009;2024-02-26 13:10:00
202400039051.0;1;69;69259;2;1;6.0;7.0;45.69607;4.88219;2024-04-05 16:00:00
202400039052.0;2;6;6088;2;1;1.0;6.0;43.70327;7.23514;2024-01-13 19:00:00
202400039053.0;1;93;93078;2;1;1.0;6.0;48.96;2.553;2024-05-13 12:10:00
202400039054.0;5;37;37195;2;1;8.0;2.0;47.38103;0.65374;2024-02-28 19:35:00
202400039055.0;1;2;2738;2;1;1.0;6.0;49.65519;3.29727;2024-01-12 16:45:00
202400039056.0;1;69;69259;2;1;1.0;1.0;45.71672;4.88325;2024-04-04 17:25:00
202400039057.0;5;93;93066;2;3;1.0;3.0;48.94673;2.35793;2024-05-13 05:15:00
202400039058.0;1;93;93066;2;1;1.0;6.0;48.93623324;2.37351036;2024-05-13 17:00:00
202400039059.0;1;37;37261;2;6;1.0;3.0;47.36543;0.68048;2024-02-28 08:05:00
202400039060.0;1;69;69290;2;2;1.0;3.0;45.71577;4.96168;2024-04-04 13:35:00
202400039061.0;5;75;75112;2;4;1.0;4.0;48.8267409;2.38998234;2024-01-12 21:45:00
202400039062.0;3;37;37195;2;1;2.0;6.0;47.38985;0.64832;2024-02-25 23:20:00
202400039063.0;5;75;75106;2;3;1.0;7.0;48.856273;2.33665;2024-01-13 03:25:00
202400039064.0;1;67;67482;2;8;1.0;3.0;48.57081;7.75877;2024-04-05 17:50:00
202400039065.0;5;93;93010;2;2;1.0;3.0;48.9;2.47;2024-05-12 01:30:00
202400039066.0;1;75;75119;2;1;1.0;3.0;48.896351;2.393353;2024-01-13 14:57:00
202400039067.0;1;37;37214;2;1;1.0;1.0;47.41996;0.66392;2024-02-24 10:50:00
202400039068.0;3;66;66136;1;1;1.0;6.0;42.70953976;2.87605762;2024-04-05 04:50:00
202400039069.0;1;93;93032;2;2;1.0;3.0;48.8779;2.569;2024-05-12 16:30:00
202400039070.0;5;37;37261;2;1;2.0;6.0;47.37649;0.67863;2024-02-23 23:40:00
202400039071.0;1;66;66136;2;1;1.0;6.0;42.6673;2.883;2024-04-05 10:50:00
202400039072.0;1;75;75117;2;2;8.0;6.0;48.89588;2.323022;2024-01-13 15:30:00
202400039073.0;1;93;93001;2;1;1.0;3.0;48.913271;2.372561;2024-05-13 14:30:00
202400039074.0;1;65;65440;2;6;7.0;3.0;43.22278404;0.04687595;2024-04-05 09:14:00
202400039075.0;1;37;37261;2;9;1.0;6.0;47.38842;0.67573;2024-02-23 12:35:00
202400039076.0;1;75;75117;2;2;8.0;1.0;48.892572;2.32729;2024-01-13 08:45:00
202400039077.0;2;92;92064;2;2;1.0;3.0;48.84939606;2.21376354;2024-05-12 21:10:00
202400039078.0;1;64;64445;2;9;1.0;3.0;43.31316212;-0.36868036;2024-04-05 18:55:00
202400039079.0;1;37;37122;2;8;8.0;3.0;47.35387;0.66392;2024-02-23 12:50:00
202400039080.0;5;75;75109;2;3;1.0;2.0;48.872356;2.337457;2024-01-12 19:30:00
202400039081.0;1;92;92020;2;2;1.0;6.0;48.80369602;2.28881818;2024-05-13 14:45:00