Num_Acc;lum;departement;commune;agglomeration;intersection;meteo;type_collision;lat;long;date
202400039082.0;1;64;64284;2;6;1.0;3.0;43.28586;-0.39923;2024-04-05 09:00:00
202400039083.0;2;75;75116;2;1;1.0;6.0;48.857043;2.286755;2024-01-13 08:00:00
202400039084.0;1;92;92019;2;1;1.0;6.0;48.77040176;2.27499944;2024-05-13 18:35:00
202400039085.0;1;37;37261;2;1;2.0;3.0;47.4189;0.69969;2024-02-22 17:15:00
202400039086.0;2;75;75107;2;1;1.0;7.0;48.85205;2.307629;2024-01-13 08:15:00
202400039087.0;1;62;62498;2;1;1.0;1.0;50.42749;2.81115;2024-04-04 18:15:00
202400039088.0;1;92;92012;2;3;1.0;3.0;48.82606177;2.23311344;2024-05-13 17:00:00
202400039089.0;1;37;37233;2;1;3.0;6.0;47.3794;0.71575;2024-02-22 14:06:00
202400039090.0;5;94;94081;2;1;8.0;6.0;48.7926;2.39539;2024-01-13 19:15:00
202400039091.0;1;61;61001;2;1;2.0;1.0;48.440031;0.092894;2024-04-05 17:00:00
202400039092.0;1;92;92002;2;3;1.0;7.0;48.73830998;2.30197424;2024-05-13 17:01:00
202400039093.0;1;37;37261;2;1;3.0;3.0;47.3928;0.69346;2024-02-22 10:40:00
202400039094.0;1;59;59599;2;2;1.0;3.0;50.74567;3.17559;2024-04-05 19:00:00
202400039095.0;1;60;60201;1;1;2.0;1.0;49.592207;2.535042;2024-05-14 11:50:00
202400039096.0;1;37;37122;1;1;3.0;7.0;47.32065781;0.66790223;2024-02-22 10:10:00
202400039097.0;1;94;94052;2;5;1.0;4.0;48.8357;2.47433;2024-01-13 15:05:00
202400039098.0;1;62;62461;1;1;3.0;6.0;50.386181;2.045131;2024-05-14 17:11:00
202400039099.0;1;62;62661;2;1;7.0;7.0;50.38693;1.978649;2024-05-11 10:05:00
202400039100.0;1;59;59350;2;2;1.0;3.0;50.61484;3.05282;2024-04-05 18:05:00
202400039101.0;1;36;36044;2;9;1.0;3.0;46.79188759;1.7001839;2024-02-23 11:35:00
202400039102.0;5;94;94034;2;1;1.0;6.0;48.75720658;2.32810754;2024-01-13 02:29:00
202400039103.0;5;94;94073;2;1;2.0;6.0;48.752903;2.378275;2024-01-13 04:32:00
202400039104.0;5;35;35238;2;3;1.0;3.0;48.11019165;-1.69918746;2024-02-27 19:50:00
202400039105.0;5;51;51649;2;2;1.0;3.0;48.724035;4.581728;2024-05-13 22:35:00
202400039106.0;1;54;54439;2;3;1.0;4.0;48.7050404;6.25721544;2024-04-05 11:05:00
202400039107.0;5;94;94046;2;3;8.0;3.0;48.80061;2.43064;2024-01-13 18:20:00
202400039108.0;1;71;71007;1;4;1.0;3.0;46.53558;4.683944;2024-05-13 08:00:00
202400039109.0;5;54;54304;2;1;2.0;6.0;48.68324;6.15118;2024-04-04 23:45:00
202400039110.0;1;35;35278;1;1;1.0;2.0;48.17428418;-1.71655744;2024-02-27 16:40:00
202400039111.0;5;93;93048;2;2;1.0;3.0;48.86334;2.46663;2024-01-13 19:10:00
202400039112.0;1;31;31116;2;6;3.0;3.0;43.69561;1.45071;2024-05-14 07:15:00
202400039113.0;3;35;35051;1;1;6.0;6.0;48.15172;-1.60452;2024-02-26 20:45:00
202400039114.0;1;54;54395;2;2;2.0;6.0;48.682104;6.164907;2024-04-04 16:10:00
202400039115.0;1;93;93031;2;3;1.0;2.0;48.952615;2.307364;2024-01-13 14:30:00
202400039116.0;2;54;54099;1;1;2.0;7.0;49.24712;6.01839;2024-04-05 06:30:00
202400039117.0;5;35;35238;2;1;2.0;6.0;48.11495559;-1.65733732;2024-02-26 06:45:00
202400039118.0;3;84;84137;1;3;1.0;6.0;44.230441;5.08594;2024-05-13 00:30:00
202400039119.0;1;21;21599;1;1;1.0;2.0;47.559002;5.198418;2024-05-13 15:10:00
202400039120.0;5;93;93057;2;2;1.0;4.0;48.909764;2.507187;2024-01-13 22:50:00
202400039121.0;1;35;35238;2;3;1.0;3.0;48.11453145;-1.67446688;2024-02-23 12:05:00
202400039122.0;1;28;28073;1;1;1.0;3.0;48.476847;1.623745;2024-05-12 18:00:00
202400039123.0;1;51;51454;2;3;1.0;2.0;49.27005;4.01084;2024-04-05 08:30:00
202400039124.0;3;35;35094;1;1;1.0;2.0;48.3412801;-1.71815336;2024-01-12 18:00:00
202400039125.0;5;35;35238;2;4;2.0;6.0;48.10935;-1.70731;2024-02-23 01:55:00
202400039126.0;1;31;31484;2;6;1.0;6.0;43.68743586;1.48769528;2024-01-09 13:40:00
202400039127.0;1;1;1180;1;1;1.0;1.0;46.326076;6.112862;2024-05-13 14:50:00
202400039128.0;1;49;49007;2;1;1.0;3.0;47.46782;-0.55618;2024-04-04 15:23:00
202400039129.0;1;35;35238;2;2;2.0;3.0;48.09733;-1.68887;2024-02-21 12:55:00
202400039130.0;1;31;31184;2;3;1.0;3.0;43.594795;1.562365;2024-01-13 15:50:00
202400039131.0;1;1;1033;2;6;1.0;3.0;46.128233;5.811912;2024-05-13 18:45:00
202400039132.0;1;54;54581;1;1;1.0;6.0;49.1226535;5.88902593;2024-01-13 16:20:00
202400039133.0;5;49;49007;2;1;3.0;6.0;47.448793;-0.552467;2024-04-04 07:28:00
202400039134.0;1;35;35278;1;1;1.0;4.0;48.16924832;-1.71298333;2024-02-20 11:30:00
202400039135.0;1;34;34253;1;1;3.0;7.0;43.840306;3.312261;2024-05-14 10:05:00
202400039136.0;1;83;83019;2;1;1.0;6.0;43.151644;6.344857;2024-01-13 16:10:00
202400039137.0;3;37;37027;1;1;1.0;3.0;47.29449101;0.94453257;2024-05-10 22:30:00
202400039138.0;2;35;35238;1;1;2.0;4.0;48.115;-1.719;2024-02-19 18:25:00
202400039139.0;5;45;45285;2;3;1.0;3.0;47.91935;1.88255;2024-04-06 00:12:00
202400039140.0;1;63;63290;1;1;8.0;7.0;45.87159916;2.90138901;2024-01-14 15:50:00
202400039141.0;2;34;34014;1;1;7.0;5.0;43.726514;3.88135;2024-05-13 07:45:00
202400039142.0;1;45;45004;2;1;1.0;3.0;47.973985;2.776399;2024-04-05 14:45:00
202400039143.0;5;34;34172;2;3;1.0;3.0;43.62703;3.87298;2024-02-24 20:15:00
202400039144.0;2;51;51627;2;1;1.0;6.0;48.920071;4.065886;2024-05-07 06:55:00
202400039145.0;1;51;51329;1;1;1.0;1.0;49.331855;3.963629;2024-01-13 14:19:00
202400039146.0;5;44;44184;2;6;1.0;6.0;47.2570332;-2.26972959;2024-04-05 01:00:00
202400039147.0;1;77;77187;2;1;1.0;6.0;48.411599;3.391305;2024-05-13 19:45:00
202400039148.0;5;34;34198;2;1;1.0;2.0;43.57592;3.93986;2024-02-24 01:55:00
202400039149.0;1;43;43046;2;1;1.0;2.0;45.0522;3.89725;2024-04-05 20:15:00
202400039150.0;1;2A;2A098;2;9;1.0;7.0;41.79862567;8.74180554;2024-05-09 16:30:00
202400039151.0;3;76;76367;1;1;1.0;6.0;49.490204;1.09314;2024-01-13 21:10:00
202400039152.0;3;34;34172;1;1;1.0;2.0;43.59419;3.82051;2024-02-23 20:00:00
202400039153.0;1;42;42218;2;2;1.0;3.0;45.43085;4.39426;2024-03-22 15:20:00
202400039154.0;1;82;82112;2;1;1.0;3.0;44.11355949;1.10996962;2024-01-13 16:25:00
202400039155.0;5;34;34172;2;1;1.0;3.0;43.58502;3.86015;2024-02-23 19:00:00
202400039156.0;1;81;81185;1;1;1.0;6.0;43.858715;1.565509;2024-05-14 15:45:00
202400039157.0;1;33;33026;1;1;1.0;6.0;44.452623;-0.410657;2024-01-13 17:10:00
202400039158.0;4;42;42127;2;7;1.0;1.0;46.06773;4.05989;2024-04-05 23:45:00
202400039159.0;1;89;89297;1;1;1.0;6.0;47.43459;3.777859;2024-05-13 18:30:00
202400039160.0;3;89;89136;1;1;1.0;6.0;48.262241;3.237126;2024-01-14 06:50:00
202400039161.0;5;34;34172;2;1;1.0;6.0;43.60584;3.92561;2024-02-23 19:12:00
202400039162.0;1;42;42184;2;9;1.0;1.0;46.04075158;4.03804779;2024-04-05 18:50:00
202400039163.0;1;63;63368;1;1;1.0;7.0;45.68129726;3.31367037;2024-05-13 18:00:00
202400039164.0;3;63;63317;1;1;1.0;6.0;45.94449835;3.32468604;2024-01-14 19:00:00
202400039165.0;1;34;34003;2;1;2.0;6.0;43.30699;3.47715;2024-02-27 16:10:00
202400039166.0;1;37;37261;2;1;8.0;6.0;47.37605;0.71036;2024-04-05 13:15:00
202400039167.0;3;42;42134;1;1;2.0;6.0;45.697977;4.036736;2024-05-13 23:00:00
202400039168.0;1;34;34129;2;1;1.0;3.0;43.55814;3.8522;2024-04-05 10:00:00
202400039169.0;1;68;68062;1;1;1.0;2.0;47.60164237;7.1617931;2024-05-14 19:15:00
202400039170.0;1;12;12185;2;1;9.0;7.0;44.288319;2.715755;2024-01-13 14:30:00
202400039171.0;1;33;33200;1;6;1.0;2.0;44.85934;-0.68497;2024-02-28 09:00:00
202400039172.0;1;34;34032;2;1;1.0;3.0;43.35303;3.23949;2024-04-03 08:00:00
202400039173.0;3;29;29175;1;3;8.0;1.0;48.29924095;-3.83505802;2024-05-14 04:55:00
202400039174.0;3;42;42135;1;1;1.0;6.0;45.660169;4.230221;2024-01-12 21:30:00
202400039175.0;5;33;33063;2;1;1.0;6.0;44.84025;-0.59816;2024-04-05 21:00:00
202400039176.0;5;33;33063;2;1;2.0;6.0;44.89772;-0.57459;2024-02-26 21:00:00
202400039177.0;3;68;68091;1;1;5.0;7.0;47.91816731;7.48303092;2024-01-14 06:03:00
202400039178.0;1;33;33249;2;1;1.0;3.0;44.873364;-0.513749;2024-04-05 16:15:00
202400039179.0;1;29;29056;1;2;1.0;3.0;48.44288248;-4.32470839;2024-04-27 17:10:00
202400039180.0;4;1;1029;2;1;8.0;1.0;46.411377;5.267928;2024-01-07 20:35:00
202400039181.0;1;33;33063;2;1;1.0;6.0;44.86222;-0.584914;2024-04-05 10:30:00
202400039182.0;5;33;33063;2;3;2.0;2.0;44.86818708;-0.57042271;2024-02-24 19:50:00
202400039183.0;1;29;29173;1;1;9.0;1.0;48.00627283;-4.17005417;2024-05-13 19:00:00
202400039184.0;1;33;33529;2;1;1.0;6.0;44.63321;-1.15057;2024-04-05 11:00:00
202400039185.0;1;18;18018;1;1;1.0;2.0;47.033068;2.635324;2024-05-13 19:10:00
202400039186.0;3;30;30189;2;3;1.0;3.0;43.83218;4.34993;2024-03-15 22:15:00
202400039187.0;3;6;6129;2;1;1.0;5.0;44.06669;7.114763;2024-01-13 18:50:00
202400039188.0;1;10;10153;1;1;3.0;6.0;48.44001089;3.50538969;2024-05-12 18:20:00
202400039189.0;1;50;50082;1;1;1.0;7.0;49.444412;-1.708159;2024-01-13 15:20:00
202400039190.0;1;36;36088;2;1;1.0;6.0;46.94877301;2.00747875;2024-05-13 16:30:00
202400039191.0;5;33;33318;2;6;2.0;6.0;44.79083;-0.63373;2024-02-24 19:06:00
202400039192.0;1;29;29019;2;6;1.0;6.0;48.388921;-4.491475;2024-04-05 08:55:00
202400039193.0;1;16;16064;1;2;1.0;3.0;45.970134;0.942861;2024-05-14 10:15:00
202400039194.0;3;36;36018;2;4;9.0;3.0;46.62263217;1.05278536;2024-01-13 19:20:00
202400039195.0;1;33;33063;2;3;2.0;3.0;44.862065;-0.555886;2024-02-23 14:10:00
202400039196.0;1;29;29019;2;3;1.0;6.0;48.389336;-4.500322;2024-04-04 19:55:00
202400039197.0;3;24;24286;1;1;5.0;6.0;45.272663;0.473426;2024-01-13 22:30:00
202400039198.0;1;17;17224;2;2;7.0;1.0;45.862281;-0.31193;2024-05-12 16:11:00
202400039199.0;1;14;14366;2;1;1.0;7.0;49.14528;0.22411;2024-04-05 10:58:00
202400039200.0;3;37;37124;1;1;2.0;6.0;47.366027;0.789927;2024-05-14 05:50:00
202400039201.0;5;33;33063;2;2;2.0;3.0;44.84872;-0.623;2024-02-22 20:14:00
202400039202.0;3;13;13019;2;3;1.0;3.0;43.44486;5.37248;2024-04-05 21:45:00
202400039203.0;2;67;67212;1;1;1.0;1.0;48.551742;7.652675;2024-05-13 20:20:00
202400039204.0;1;45;45247;1;1;8.0;7.0;48.027045;2.676373;2024-01-14 11:00:00
202400039205.0;1;77;77306;1;1;1.0;6.0;48.589212;2.657619;2024-01-14 11:30:00
202400039206.0;5;13;13103;2;3;1.0;3.0;43.62796;5.10696;2024-04-05 23:05:00
202400039207.0;1;6;6085;1;1;1.0;4.0;43.58672343;7.03083438;2024-05-13 17:00:00
202400039208.0;1;33;33069;2;3;1.0;3.0;44.85751;-0.59144;2024-02-22 09:25:00
202400039209.0;3;976;97604;1;1;1.0;1.0;-12.92974;45.117974;2024-01-27 20:00:00
202400039210.0;1;13;13209;2;3;1.0;3.0;43.25535;5.40131;2024-04-05 16:00:00
202400039211.0;1;3;3297;1;1;9.0;2.0;46.517532;2.579641;2024-01-14 08:40:00
202400039212.0;1;33;33063;2;2;1.0;3.0;44.83509;-0.575;2024-02-21 18:20:00
202400039213.0;1;73;73008;1;1;1.0;5.0;45.703367;5.9284;2024-05-12 14:31:00
202400039214.0;1;11;11069;2;1;1.0;5.0;43.21972;2.38086;2024-04-02 16:25:00
202400039215.0;1;38;38193;2;3;1.0;3.0;45.619257;5.222041;2024-01-13 11:35:00
202400039216.0;1;33;33069;2;6;1.0;3.0;44.863704;-0.59478;2024-02-21 09:45:00
202400039217.0;5;6;6088;2;1;1.0;6.0;43.69475;7.26428;2024-04-05 20:20:00
202400039218.0;1;69;69242;1;1;1.0;2.0;46.12331804;4.76398257;2024-05-13 14:00:00
202400039219.0;1;3;3186;1;1;8.0;4.0;46.330099;2.958198;2024-01-14 08:30:00
202400039220.0;1;6;6029;2;1;1.0;3.0;43.55053;7.02252;2024-04-05 15:30:00
202400039221.0;2;33;33281;2;6;1.0;3.0;44.83271;-0.67867;2024-02-21 07:00:00
202400039222.0;1;28;28372;1;1;1.0;1.0;48.644394;1.576023;2024-05-13 17:30:00
202400039223.0;3;64;64125;1;1;2.0;6.0;43.42551334;-1.59277404;2024-01-14 18:00:00
202400039224.0;1;5;5061;2;2;1.0;3.0;44.547588;6.065548;2024-04-03 19:18:00
202400039225.0;1;33;33009;2;8;1.0;7.0;44.656571;-1.160404;2024-02-20 10:00:00
202400039226.0;1;21;21292;2;3;1.0;6.0;47.24074;5.217385;2024-05-13 14:25:00
202400039227.0;1;32;32013;2;1;2.0;7.0;43.6374;0.5839;2024-02-27 10:52:00
202400039228.0;5;75;75112;2;1;1.0;4.0;48.840464;2.413466;2024-04-05 00:35:00
202400039229.0;1;57;57561;2;1;1.0;1.0;48.99348192;7.21331005;2024-05-13 19:20:00
202400039230.0;3;31;31555;2;1;1.0;2.0;43.57343026;1.46574609;2024-02-28 20:00:00
202400039231.0;5;75;75116;2;1;1.0;2.0;48.871218;2.273332;2024-04-04 00:35:00
202400039232.0;3;988;98803;1;3;1.0;3.0;-21.619208;165.549124;2024-01-14 20:35:00
202400039233.0;2;31;31555;2;1;2.0;3.0;43.55526;1.48161;2024-02-27 18:30:00
202400039234.0;1;75;75116;2;1;1.0;3.0;48.864978;2.267427;2024-04-03 17:30:00
202400039235.0;5;31;31555;2;4;2.0;3.0;43.57108;1.39174;2024-02-26 20:20:00
202400039236.0;1;38;38072;2;1;1.0;2.0;45.318122;4.819329;2024-05-13 12:30:00
202400039237.0;1;75;75105;2;2;3.0;3.0;48.850804;2.345536;2024-04-04 11:30:00
202400039238.0;5;31;31555;1;1;1.0;7.0;43.61068387;1.3757211;2024-02-24 00:19:00
202400039239.0;1;77;77505;1;1;6.0;7.0;48.936829;2.987069;2024-01-02 14:16:00
202400039240.0;1;38;38085;2;1;1.0;2.0;45.752921;5.146759;2024-05-13 13:58:00
202400039241.0;1;75;75117;2;3;2.0;6.0;48.891136;2.317988;2024-04-05 16:20:00
202400039242.0;5;75;75114;2;1;1.0;7.0;48.826361;2.326295;2024-04-05 04:30:00
202400039243.0;1;78;78597;1;1;1.0;1.0;48.953723;1.65643;2024-01-13 16:30:00
202400039244.0;1;46;46015;1;1;2.0;1.0;44.659311;2.122754;2024-05-14 08:20:00
202400039245.0;1;75;75112;2;3;2.0;6.0;48.84757;2.38895;2024-04-04 09:00:00
202400039246.0;2;31;31555;2;1;1.0;3.0;43.652093;1.424683;2024-02-20 19:30:00
202400039247.0;1;17;17304;1;1;1.0;7.0;45.67215;-0.49601;2024-05-13 18:55:00
202400039248.0;1;75;75110;2;1;1.0;2.0;48.884308;2.363244;2024-04-05 15:30:00
202400039249.0;2;31;31555;2;1;1.0;3.0;43.557155;1.465355;2024-02-20 17:52:00
202400039250.0;2;30;30132;2;1;1.0;7.0;44.21038972;4.03245717;2024-01-14 07:45:00
202400039251.0;1;75;75108;2;3;2.0;6.0;48.874407;2.318641;2024-04-05 10:05:00
202400039252.0;1;33;33058;1;3;2.0;3.0;45.114867;-0.654421;2024-05-13 20:15:00
202400039253.0;4;31;31555;1;1;1.0;3.0;43.62675;1.41979;2024-02-19 23:23:00
202400039254.0;1;22;22086;1;1;1.0;1.0;48.740908;-3.035274;2024-05-14 15:20:00
202400039255.0;1;84;84003;1;1;1.0;1.0;43.868101;5.369611;2024-01-13 16:15:00
202400039256.0;1;94;94042;2;1;1.0;2.0;48.816882;2.465907;2024-04-04 17:05:00
202400039257.0;1;83;83137;1;1;1.0;4.0;43.12474594;5.96730367;2024-05-10 19:25:00
202400039258.0;1;94;94058;2;2;1.0;3.0;48.833943;2.495737;2024-04-04 16:30:00
202400039259.0;1;31;31555;1;1;1.0;5.0;43.5753;1.44057;2024-02-18 17:37:00
202400039260.0;1;69;69259;1;1;1.0;3.0;45.6867;4.87289;2024-04-26 13:00:00
202400039261.0;1;94;94041;2;1;1.0;3.0;48.82471;2.38945;2024-04-05 13:50:00
202400039262.0;5;54;54199;2;1;9.0;6.0;48.4976;6.654419;2024-01-14 00:01:00
202400039263.0;1;33;33366;1;1;2.0;6.0;44.980475;-0.43;2024-05-12 12:55:00
202400039264.0;3;30;30189;1;1;1.0;1.0;43.8157;4.3036;2024-02-20 23:50:00
202400039265.0;1;94;94022;2;2;1.0;3.0;48.762964;2.401582;2024-04-05 16:30:00
202400039266.0;1;62;62498;1;1;1.0;7.0;50.45171074;2.82155567;2024-05-06 20:40:00
202400039267.0;5;38;38481;1;1;1.0;7.0;45.554181;5.330595;2024-01-13 21:35:00
202400039268.0;5;94;94073;2;1;1.0;6.0;48.7590032;2.39551735;2024-04-05 03:00:00
202400039269.0;1;91;91064;1;1;1.0;3.0;48.74588;2.19395;2024-05-13 11:40:00
202400039270.0;1;29;29232;2;1;1.0;6.0;47.974937;-4.128684;2024-02-27 08:55:00
202400039271.0;1;81;81105;1;4;1.0;6.0;43.750947;2.003261;2024-01-14 16:00:00
202400039272.0;1;94;94017;2;1;1.0;6.0;48.81886722;2.5191814;2024-04-05 18:31:00
202400039273.0;4;47;47094;1;1;1.0;7.0;44.43611;0.250756;2024-01-14 01:30:00
202400039274.0;2;92;92048;1;1;1.0;2.0;48.79379358;2.21880725;2024-05-11 21:00:00
202400039275.0;1;29;29232;1;1;2.0;2.0;47.97857884;-4.04786871;2024-02-23 11:55:00
202400039276.0;1;93;93064;2;5;1.0;3.0;48.87749607;2.47910857;2024-04-05 15:50:00
202400039277.0;1;93;93005;1;9;1.0;3.0;48.95493345;2.47355044;2024-05-13 16:55:00
202400039278.0;3;35;35012;1;2;8.0;1.0;47.828387;-1.708036;2024-01-13 18:50:00
202400039279.0;1;93;93077;2;3;1.0;6.0;48.88476;2.50628;2024-04-04 19:10:00
202400039280.0;1;29;29232;2;3;2.0;3.0;48.000383;-4.115705;2024-02-22 14:00:00
202400039281.0;1;75;75120;2;2;2.0;6.0;48.866661;2.397132;2024-02-08 16:30:00
202400039282.0;3;35;35244;1;1;1.0;6.0;48.36889955;-1.49909869;2024-01-14 05:45:00
202400039283.0;1;93;93051;2;1;1.0;2.0;48.84204452;2.56992102;2024-04-05 16:51:00
202400039284.0;1;974;97416;1;1;1.0;7.0;-21.29963;55.43629;2024-05-12 17:00:00
202400039285.0;5;29;29232;2;3;3.0;3.0;47.99272;-4.09129;2024-02-21 20:45:00
202400039286.0;3;2;2391;1;1;9.0;6.0;49.811169;4.093609;2024-01-14 05:15:00
202400039287.0;2;93;93050;2;2;1.0;3.0;48.85501;2.53195;2024-04-05 07:15:00
202400039288.0;2;974;97411;2;1;1.0;1.0;-20.88571;55.49862;2024-05-12 17:50:00
202400039289.0;5;59;59036;2;1;9.0;7.0;50.123815;3.931013;2024-01-14 07:40:00
202400039290.0;1;29;29232;2;1;2.0;2.0;48.00643;-4.107497;2024-02-20 08:01:00
202400039291.0;1;93;93010;2;2;1.0;3.0;48.907018;2.488732;2024-04-05 19:00:00
202400039292.0;5;29;29232;2;3;2.0;3.0;47.98408;-4.10486;2024-02-20 07:30:00
202400039293.0;1;83;83144;1;1;1.0;4.0;43.1392422;5.9973456;2024-01-12 11:40:00
202400039294.0;1;972;97209;2;2;1.0;3.0;14.61005;-61.07382;2024-05-12 12:45:00
202400039295.0;1;93;93010;2;3;1.0;6.0;48.914111;2.481658;2024-04-05 14:20:00
202400039296.0;5;69;69142;1;1;1.0;2.0;45.72768;4.81657;2024-01-13 00:05:00
202400039297.0;1;29;29039;2;3;1.0;2.0;47.8769272;-3.91520441;2024-02-24 14:40:00
202400039298.0;5;972;97209;2;3;1.0;3.0;14.62;-61.056;2024-05-11 20:30:00
202400039299.0;1;92;92064;2;9;1.0;3.0;48.84227801;2.20713043;2024-04-05 12:20:00
202400039300.0;4;33;33249;1;1;1.0;6.0;44.88455;-0.51328;2024-01-13 20:15:00
202400039301.0;1;92;92047;1;1;2.0;2.0;48.83252509;2.15341347;2024-04-05 09:20:00
202400039302.0;1;29;29019;2;2;1.0;3.0;48.38343;-4.48402;2024-02-22 16:45:00
202400039303.0;1;69;69382;2;7;1.0;3.0;45.76073;4.8341;2024-05-12 19:38:00
202400039304.0;1;92;92051;2;2;1.0;1.0;48.88341427;2.27352548;2024-04-05 13:50:00
202400039305.0;5;971;97107;2;1;1.0;7.0;16.04248;-61.56436;2024-05-10 23:55:00
202400039306.0;5;29;29019;2;3;1.0;6.0;48.41608;-4.46812;2024-02-20 21:25:00
202400039307.0;5;33;33039;1;1;1.0;4.0;44.789779;-0.54082;2024-01-13 18:39:00
202400039308.0;1;92;92050;2;1;1.0;2.0;48.87959226;2.20788342;2024-04-04 15:20:00
202400039309.0;5;91;91345;2;2;1.0;3.0;48.69346;2.29141;2024-05-12 22:00:00
202400039310.0;3;28;28134;2;9;1.0;5.0;48.742662;1.323246;2024-02-24 07:20:00
202400039311.0;2;92;92035;2;3;1.0;2.0;48.90458571;2.23916146;2024-04-04 20:35:00
202400039312.0;1;91;91027;2;1;1.0;2.0;48.70562;2.37154;2024-05-12 07:00:00
202400039313.0;5;28;28404;2;6;2.0;7.0;48.7121;1.36005;2024-02-22 02:10:00
202400039314.0;1;33;33063;1;1;5.0;4.0;44.882367;-0.549423;2024-01-13 10:55:00
202400039315.0;5;91;91223;2;1;1.0;6.0;48.43138;2.15072;2024-05-12 04:00:00
202400039316.0;1;92;92024;2;1;1.0;3.0;48.89845825;2.3025434;2024-04-04 17:05:00
202400039317.0;3;91;91235;1;1;1.0;6.0;48.62407;2.36764;2024-01-12 22:04:00
202400039318.0;1;27;27681;2;1;2.0;7.0;49.07759;1.46467;2024-02-25 14:10:00
202400039319.0;5;89;89338;2;9;1.0;2.0;48.21762;3.28697;2024-05-12 02:30:00
202400039320.0;3;39;39487;1;1;1.0;6.0;46.585668;5.953219;2024-04-06 00:50:00
202400039321.0;1;2A;2A249;2;1;1.0;6.0;41.675244;8.898153;2024-04-06 18:32:00
202400039322.0;1;27;27229;2;3;1.0;3.0;49.03076;1.1605;2024-02-27 17:35:00
202400039323.0;3;78;78133;1;1;1.0;4.0;48.893032;2.008419;2024-01-12 20:40:00
202400039324.0;1;51;51423;2;1;1.0;1.0;48.769064;4.846328;2024-04-06 08:30:00
202400039325.0;1;27;27229;2;1;1.0;3.0;49.013095;1.142222;2024-02-23 15:50:00
202400039326.0;4;93;93066;1;1;1.0;2.0;48.91859779;2.35732537;2024-01-13 02:15:00
202400039327.0;1;83;83137;2;2;1.0;4.0;43.129;5.90215;2024-05-12 13:24:00
202400039328.0;1;974;97411;2;1;1.0;6.0;-20.8933;55.4609;2024-01-12 16:00:00
202400039329.0;1;27;27229;2;1;1.0;2.0;49.01921;1.15214;2024-02-20 15:38:00
202400039330.0;1;1;1090;1;2;1.0;3.0;46.019719;5.218205;2024-04-05 17:00:00
202400039331.0;1;973;97302;2;1;1.0;2.0;4.92061;-52.32142;2024-01-12 11:50:00
202400039332.0;1;68;68277;1;3;1.0;2.0;48.16454;7.313756;2024-04-05 12:10:00
202400039333.0;1;69;69386;2;4;8.0;3.0;45.76778566;4.85837185;2024-01-12 13:50:00
202400039334.0;5;972;97225;2;1;1.0;4.0;14.746788;-61.177272;2024-04-04 21:30:00
202400039335.0;5;25;25056;2;1;1.0;1.0;47.25229;6.0279;2024-02-27 20:10:00
202400039336.0;1;972;97213;1;4;1.0;3.0;14.6264;-61.01801;2024-01-12 16:55:00
202400039337.0;1;76;76616;2;4;1.0;6.0;49.530853;0.243073;2024-04-06 15:00:00
202400039338.0;5;69;69381;2;3;1.0;6.0;45.76906809;4.83813583;2024-01-12 23:35:00
202400039339.0;1;25;25056;2;3;1.0;3.0;47.233814;6.00706;2024-02-27 08:50:00
202400039340.0;2;67;67485;1;1;1.0;1.0;48.625746;7.614333;2024-04-05 20:15:00
202400039341.0;1;2B;2B033;2;6;1.0;6.0;42.66277;9.44217;2024-01-12 11:24:00
202400039342.0;1;25;25056;2;1;1.0;3.0;47.22118;5.957;2024-02-24 16:45:00
202400039343.0;1;74;74272;2;1;1.0;3.0;45.942888;6.065907;2024-04-05 16:15:00
202400039344.0;5;971;97101;1;1;1.0;7.0;16.27636;-61.5013;2024-01-11 21:35:00
202400039345.0;5;79;79191;2;2;1.0;6.0;46.3152;-0.47442;2024-05-11 00:47:00
202400039346.0;1;25;25056;2;1;6.0;6.0;47.25327;5.997128;2024-02-22 12:27:00
202400039347.0;1;95;95427;2;1;1.0;6.0;48.95809693;2.33543962;2024-01-11 11:40:00
202400039348.0;1;42;42231;2;3;1.0;3.0;46.102794;3.966526;2024-04-05 08:00:00
202400039349.0;1;78;78551;1;2;7.0;3.0;48.93956;2.09573;2024-05-10 17:50:00
202400039350.0;1;23;23096;1;2;2.0;3.0;46.14369;1.86643;2024-02-21 16:30:00
202400039351.0;2;95;95063;2;3;1.0;3.0;48.93534208;2.20808579;2024-01-12 18:35:00
202400039352.0;1;77;77379;1;1;8.0;3.0;48.5537;3.31987;2024-05-12 16:35:00
202400039353.0;1;44;44137;1;1;2.0;2.0;47.357374;-2.003803;2024-04-05 10:15:00
202400039354.0;3;91;91103;1;1;1.0;3.0;48.60357;2.32053;2024-01-12 19:15:00
202400039355.0;1;59;59015;2;1;1.0;6.0;50.268846;3.123314;2024-04-06 09:30:00
202400039356.0;5;19;19275;2;6;8.0;3.0;45.54664;2.3163;2024-02-20 06:40:00
202400039357.0;5;91;91191;2;1;1.0;6.0;48.71279;2.46474;2024-01-12 18:30:00
202400039358.0;1;77;77373;2;6;1.0;1.0;48.80036623;2.60757744;2024-05-12 16:40:00
202400039359.0;1;19;19031;2;9;8.0;3.0;45.15392036;1.50578235;2024-02-24 17:00:00
202400039360.0;1;76;76545;1;1;1.0;3.0;49.89689;1.11993;2024-05-10 12:35:00
202400039361.0;3;30;30034;1;3;1.0;1.0;43.754993;4.528176;2024-04-05 20:50:00
202400039362.0;5;73;73008;2;1;1.0;6.0;45.67914346;5.91040984;2024-05-12 02:40:00
202400039363.0;3;85;85194;2;9;1.0;6.0;46.54061;-1.770778;2024-01-13 01:45:00
202400039364.0;1;4;4161;1;1;1.0;7.0;44.366709;6.466664;2024-04-06 15:05:00