Num_Acc;lum;departement;commune;agglomeration;intersection;meteo;type_collision;lat;long;date
202400039365.0;1;19;19031;2;3;1.0;3.0;45.16008;1.5407;2024-02-22 13:20:00
202400039366.0;1;91;91577;2;1;1.0;3.0;48.594013;2.5019;2024-04-06 16:50:00
202400039367.0;1;69;69282;1;6;1.0;3.0;45.76704;4.99639;2024-05-12 21:20:00
202400039368.0;1;83;83098;1;9;2.0;1.0;43.1168474;6.02781202;2024-01-11 10:20:00
202400039369.0;1;74;74278;2;1;1.0;7.0;46.084379;6.532788;2024-04-06 13:25:00
202400039370.0;5;19;19031;2;1;1.0;1.0;45.14545502;1.49044475;2024-02-20 19:05:00
202400039371.0;1;69;69266;2;1;1.0;6.0;45.7549494;4.87692964;2024-05-12 20:15:00
202400039372.0;1;83;83069;2;2;1.0;6.0;43.11038112;6.1256952;2024-01-12 10:40:00
202400039373.0;4;19;19031;2;1;1.0;6.0;45.15521754;1.51546347;2024-02-18 03:40:00
202400039374.0;1;82;82178;1;2;1.0;3.0;43.83835694;1.19396035;2024-04-06 18:10:00
202400039375.0;1;63;63300;1;1;2.0;7.0;45.89613377;3.1401667;2024-05-12 16:37:00
202400039376.0;5;83;83118;2;4;1.0;3.0;43.42652212;6.76963224;2024-01-12 20:45:00
202400039377.0;1;62;62528;1;1;7.0;6.0;50.44655514;2.80115658;2024-05-11 09:30:00
202400039378.0;5;19;19031;2;2;1.0;3.0;45.15311;1.53583;2024-02-16 20:45:00
202400039379.0;1;33;33202;1;1;1.0;1.0;44.508898;-0.636418;2024-03-27 17:30:00
202400039380.0;5;80;80021;2;1;1.0;6.0;49.89738;2.29777;2024-01-12 20:50:00
202400039381.0;1;32;32372;2;1;6.0;7.0;43.698992;0.997825;2024-04-05 17:30:00
202400039382.0;1;18;18279;1;1;2.0;6.0;47.2454;2.09567;2024-02-26 13:45:00
202400039383.0;3;79;79191;1;1;1.0;7.0;46.31815;-0.39568;2024-01-12 02:05:00
202400039384.0;1;61;61001;2;1;1.0;2.0;48.42714;0.09302;2024-05-12 17:30:00
202400039385.0;1;71;71410;2;1;1.0;6.0;46.700589;5.07479;2024-04-06 14:38:00
202400039386.0;3;76;76681;2;4;1.0;6.0;49.4062301;1.07580494;2024-01-12 18:30:00
202400039387.0;1;17;17306;2;1;2.0;3.0;45.62438;-1.02482;2024-02-23 16:15:00
202400039388.0;1;63;63426;1;4;1.0;3.0;45.568112;2.632213;2024-04-06 11:40:00
202400039389.0;1;59;59279;2;3;1.0;3.0;50.78563;3.12694;2024-05-12 18:15:00
202400039390.0;1;55;55498;1;1;1.0;7.0;49.027359;5.320151;2024-04-06 07:40:00
202400039391.0;1;17;17306;2;6;6.0;3.0;45.63626;-1.0286;2024-02-22 12:25:00
202400039392.0;5;59;59599;2;3;1.0;3.0;50.70992;3.1529;2024-05-12 04:07:00
202400039393.0;1;12;12160;1;3;1.0;3.0;44.197901;3.189329;2024-04-06 16:49:00
202400039394.0;1;16;16015;2;8;1.0;6.0;45.63871;0.12987;2024-02-19 18:00:00
202400039395.0;1;42;42137;1;1;1.0;1.0;45.51800029;4.04896617;2024-04-05 13:37:00
202400039396.0;1;58;58194;2;3;1.0;3.0;46.9873;3.14081;2024-05-12 11:30:00
202400039397.0;1;15;15014;2;6;1.0;6.0;44.90846;2.42234;2024-02-27 07:20:00
202400039398.0;1;42;42028;1;1;1.0;7.0;45.288554;4.592537;2024-04-06 14:45:00
202400039399.0;1;46;46083;1;1;1.0;6.0;45.000892;1.529505;2024-04-05 17:30:00
202400039400.0;1;57;57463;2;2;1.0;3.0;49.10416;6.17452;2024-05-12 10:00:00
202400039401.0;1;15;15014;2;5;2.0;1.0;44.91611;2.43777;2024-02-26 13:10:00
202400039402.0;1;34;34332;1;4;1.0;3.0;43.308254;3.435153;2024-03-27 17:44:00
202400039403.0;1;54;54254;2;1;1.0;3.0;49.509868;5.8077;2024-05-12 13:10:00
202400039404.0;2;39;39478;2;1;1.0;6.0;46.381851;5.853642;2024-04-06 05:50:00
202400039405.0;1;14;14366;2;1;1.0;7.0;49.144472;0.228204;2024-02-24 08:55:00
202400039406.0;1;25;25161;1;3;1.0;3.0;47.16751;6.60222;2024-04-06 15:00:00
202400039407.0;1;14;14366;2;1;2.0;3.0;49.142609;0.240605;2024-02-22 16:16:00
202400039408.0;3;54;54367;1;1;1.0;3.0;49.50085;5.7983;2024-05-12 00:13:00
202400039409.0;1;29;29274;1;1;2.0;5.0;47.97293929;-3.70908832;2024-04-05 15:05:00
202400039410.0;1;54;54028;2;1;1.0;1.0;49.211442;5.979278;2024-05-12 11:42:00
202400039411.0;1;14;14118;2;3;8.0;3.0;49.19665;-0.39656;2024-02-27 08:39:00
202400039412.0;1;51;51663;2;1;1.0;6.0;49.04768;3.96487;2024-05-11 18:25:00
202400039413.0;1;31;31040;1;1;1.0;3.0;42.895165;0.622396;2024-04-06 15:15:00
202400039414.0;3;14;14566;1;3;8.0;3.0;49.20429978;-0.41310579;2024-02-24 19:41:00
202400039415.0;1;38;38108;1;1;1.0;1.0;45.07776;5.452952;2024-04-06 14:30:00
202400039416.0;1;14;14118;2;6;2.0;3.0;49.17474;-0.3535;2024-02-22 14:50:00
202400039417.0;2;45;45234;2;1;7.0;6.0;47.91296;1.91194;2024-05-12 19:26:00
202400039418.0;3;2;2111;1;1;1.0;6.0;49.509634;3.42164;2024-04-06 21:15:00
202400039419.0;1;13;13117;2;1;1.0;3.0;43.46616949;5.23199255;2024-02-27 17:45:00
202400039420.0;1;72;72219;2;9;1.0;3.0;48.073885;-0.059835;2024-04-05 12:05:00
202400039421.0;1;45;45234;2;1;1.0;2.0;47.88458;1.89774;2024-05-12 17:00:00
202400039422.0;1;14;14326;1;1;1.0;1.0;49.174872;0.299528;2024-04-06 14:45:00
202400039423.0;1;13;13054;2;2;1.0;3.0;43.41657;5.20978;2024-02-27 08:15:00
202400039424.0;1;38;38185;2;1;1.0;3.0;45.18141;5.71671;2024-05-12 18:06:00
202400039425.0;1;64;64191;2;4;1.0;3.0;43.1840687;-0.24321131;2024-03-30 14:30:00
202400039426.0;1;13;13054;2;1;1.0;1.0;43.41307853;5.22076969;2024-02-24 18:40:00
202400039427.0;1;7;7307;1;1;1.0;7.0;44.512031;4.202099;2024-04-06 18:10:00
202400039428.0;1;38;38053;2;6;1.0;3.0;45.60191;5.26703;2024-05-11 09:40:00
202400039429.0;3;13;13103;1;2;2.0;3.0;43.60119;5.1017;2024-02-27 21:45:00
202400039430.0;1;40;40217;1;1;1.0;5.0;44.369798;-1.116164;2024-04-03 17:05:00
202400039431.0;1;34;34172;2;1;1.0;7.0;43.58553;3.88845;2024-05-12 10:05:00
202400039432.0;1;13;13103;2;1;1.0;3.0;43.64608412;5.09376027;2024-02-22 13:45:00
202400039433.0;2;17;17324;1;2;1.0;3.0;45.398797;-0.563028;2024-04-05 19:35:00
202400039434.0;5;33;33063;2;2;1.0;3.0;44.82111513;-0.55007547;2024-05-12 23:05:00
202400039435.0;1;13;13103;2;1;1.0;1.0;43.64561251;5.0937835;2024-02-21 10:00:00
202400039436.0;1;13;13056;1;1;1.0;6.0;43.41330613;5.0115065;2024-02-16 09:10:00
202400039437.0;5;33;33063;2;6;1.0;3.0;44.87054;-0.55466;2024-05-12 21:30:00
202400039438.0;1;9;9239;1;1;1.0;6.0;42.694233;2.140253;2024-04-06 14:10:00
202400039439.0;1;33;33063;2;1;1.0;3.0;44.83549;-0.56932;2024-05-11 15:00:00
202400039440.0;5;13;13205;2;1;2.0;1.0;43.28989;5.39847;2024-02-27 20:00:00
202400039441.0;1;976;97603;1;1;1.0;5.0;-12.891559;45.2083;2024-04-04 10:30:00
202400039442.0;1;31;31555;2;1;1.0;1.0;43.55514;1.48097;2024-05-12 07:30:00
202400039443.0;5;13;13205;2;3;2.0;6.0;43.29031;5.39971;2024-02-26 23:52:00
202400039444.0;3;34;34172;1;1;1.0;6.0;43.588892;3.896305;2024-04-06 03:00:00
202400039445.0;1;31;31555;2;4;1.0;3.0;43.56871;1.421;2024-05-12 07:30:00
202400039446.0;1;13;13207;2;9;1.0;3.0;43.29068;5.37131;2024-02-24 14:50:00
202400039447.0;3;31;31555;2;1;1.0;3.0;43.56799056;1.40770376;2024-05-12 02:10:00
202400039448.0;5;13;13205;2;9;1.0;2.0;43.29226;5.40105;2024-02-24 00:01:00
202400039449.0;1;31;31149;2;1;1.0;2.0;43.617092;1.313441;2024-05-11 17:00:00
202400039450.0;5;13;13212;2;2;2.0;3.0;43.2989191;5.42978619;2024-02-22 19:00:00
202400039451.0;2;988;98814;1;1;1.0;7.0;-20.99225;167.29186;2024-04-06 05:30:00
202400039452.0;5;30;30007;2;1;1.0;6.0;44.12719;4.08278;2024-05-12 02:15:00
202400039453.0;5;13;13209;2;6;1.0;3.0;43.25198486;5.40061047;2024-02-19 18:30:00
202400039454.0;1;28;28134;1;1;1.0;7.0;48.75832;1.33073;2024-05-11 07:35:00
202400039455.0;3;971;97128;1;1;1.0;7.0;16.264747;-61.423906;2024-04-05 03:30:00
202400039456.0;1;13;13047;2;9;1.0;3.0;43.49593;4.98116;2024-02-23 14:10:00
202400039457.0;3;91;91654;1;1;1.0;6.0;48.461795;2.41063;2024-04-05 23:20:00
202400039458.0;1;22;22113;2;1;1.0;7.0;48.72463;-3.46256;2024-05-10 18:20:00
202400039459.0;3;13;13047;1;1;1.0;1.0;43.4823;4.96192;2024-02-22 20:30:00
202400039460.0;1;78;78443;2;1;1.0;6.0;48.815273;1.863966;2024-04-05 19:30:00
202400039461.0;1;13;13206;2;2;1.0;3.0;43.28827;5.38034;2024-05-12 11:11:00
202400039462.0;1;13;13005;2;1;1.0;4.0;43.29429;5.56393;2024-02-26 15:47:00
202400039463.0;1;34;34327;1;1;1.0;1.0;43.648948;3.956097;2024-04-06 13:25:00
202400039464.0;1;13;13005;2;1;1.0;3.0;43.289011;5.59392;2024-02-23 07:45:00
202400039465.0;5;13;13001;2;6;1.0;3.0;43.51316;5.44229;2024-05-12 23:00:00
202400039466.0;1;84;84122;2;8;1.0;1.0;44.087098;4.970723;2024-04-05 16:07:00
202400039467.0;1;13;13005;2;9;1.0;2.0;43.29826;5.59787;2024-02-20 13:40:00
202400039468.0;3;8;8145;2;1;1.0;6.0;49.676545;5.029794;2024-07-19 22:45:00
202400039469.0;4;8;8409;2;6;1.0;6.0;49.69541;4.93108;2024-05-12 03:01:00
202400039470.0;5;13;13004;2;2;1.0;1.0;43.67506;4.63237;2024-02-26 23:00:00
202400039471.0;1;6;6069;2;1;1.0;6.0;43.653837;6.934817;2024-05-12 08:45:00
202400039472.0;1;1;1362;1;2;1.0;3.0;45.958348;4.87867;2024-07-17 13:15:00
202400039473.0;1;13;13001;1;6;8.0;6.0;43.52056;5.35147;2024-02-27 08:40:00
202400039474.0;1;1;1289;1;1;1.0;3.0;46.16088;5.21843;2024-05-12 17:53:00
202400039475.0;5;13;13001;2;3;2.0;3.0;43.51782;5.43526;2024-02-26 20:30:00
202400039476.0;1;13;13014;1;1;1.0;4.0;43.52173;5.198293;2024-04-06 10:50:00
202400039477.0;5;13;13001;2;1;1.0;1.0;43.56456;5.42045;2024-02-24 03:18:00
202400039478.0;1;75;75113;2;1;6.0;3.0;48.825791;2.386589;2024-05-12 16:15:00
202400039479.0;1;80;80806;1;1;1.0;6.0;50.31640276;1.72150612;2024-07-20 13:55:00
202400039480.0;2;70;70279;1;1;1.0;6.0;47.4204;5.618954;2024-04-06 06:50:00
202400039481.0;1;13;13001;1;2;1.0;1.0;43.49841332;5.40241701;2024-02-21 12:30:00
202400039482.0;3;68;68188;1;1;1.0;7.0;47.937176;7.063308;2024-07-20 00:13:00
202400039483.0;5;75;75117;2;1;1.0;2.0;48.900188;2.320781;2024-05-11 03:35:00
202400039484.0;3;69;69009;2;1;1.0;6.0;45.929468;4.709691;2024-04-05 23:49:00
202400039485.0;1;75;75120;2;1;1.0;3.0;48.86466;2.41242;2024-05-12 19:15:00
202400039486.0;5;12;12145;2;3;1.0;3.0;44.097213;3.065061;2024-02-18 06:15:00
202400039487.0;1;33;33290;1;2;1.0;3.0;44.950472;-0.149313;2024-06-29 11:15:00
202400039488.0;1;75;75119;2;1;2.0;3.0;48.89612;2.378457;2024-05-12 17:20:00
202400039489.0;1;12;12089;2;1;1.0;6.0;44.56306;2.24787;2024-02-22 13:40:00
202400039490.0;1;75;75119;2;1;1.0;6.0;48.888143;2.390648;2024-05-12 11:12:00
202400039491.0;1;9;9334;1;1;1.0;1.0;42.776944;1.522894;2024-04-06 10:15:00
202400039492.0;1;11;11069;2;9;1.0;6.0;43.21029;2.38925;2024-02-23 08:55:00
202400039493.0;1;75;75119;2;1;1.0;6.0;48.884188;2.380359;2024-05-12 09:50:00
202400039494.0;1;11;11069;2;1;1.0;6.0;43.211107;2.376196;2024-02-21 11:00:00
202400039495.0;1;23;23115;1;1;7.0;6.0;45.798704;2.28448;2024-04-05 16:45:00
202400039496.0;2;51;51425;1;1;1.0;1.0;49.144373;3.707392;2024-07-20 05:15:00
202400039497.0;1;10;10357;2;1;2.0;6.0;48.29409;4.13124;2024-02-26 15:10:00
202400039498.0;5;75;75118;2;2;1.0;3.0;48.89039;2.32666;2024-05-12 02:30:00
202400039499.0;5;10;10387;2;4;1.0;3.0;48.29288;4.09099;2024-02-25 19:24:00
202400039500.0;1;14;14228;1;1;1.0;1.0;49.281188;-0.403082;2024-04-05 14:00:00
202400039501.0;5;10;10362;2;3;2.0;7.0;48.2996;4.0468;2024-02-20 06:30:00
202400039502.0;3;56;56076;1;1;1.0;6.0;48.048009;-3.145073;2024-04-05 23:15:00
202400039503.0;5;10;10387;2;1;3.0;2.0;48.289;4.0706;2024-02-22 18:10:00
202400039504.0;1;22;22143;2;1;1.0;6.0;48.602148;-2.285923;2024-04-05 17:19:00
202400039505.0;1;974;97412;2;1;1.0;2.0;-21.373374;55.668507;2024-07-19 16:00:00
202400039506.0;1;10;10387;2;1;1.0;6.0;48.2905;4.0822;2024-02-21 13:46:00
202400039507.0;1;75;75116;2;3;1.0;4.0;48.85960162;2.28776425;2024-05-12 17:00:00
202400039508.0;5;10;10297;2;4;1.0;3.0;48.32083;4.10791;2024-02-19 19:31:00
202400039509.0;5;75;75117;2;2;1.0;2.0;48.883283;2.319278;2024-05-12 03:00:00
202400039510.0;1;9;9122;2;1;1.0;6.0;42.963926;1.60704;2024-02-23 17:57:00
202400039511.0;4;35;35001;1;2;1.0;3.0;48.138628;-1.51621;2024-04-05 22:30:00
202400039512.0;1;9;9122;2;9;1.0;6.0;42.95088781;1.62482187;2024-02-23 10:40:00
202400039513.0;5;974;97412;1;1;1.0;6.0;-21.37406658;55.66780302;2024-07-19 19:15:00
202400039514.0;2;75;75114;2;4;2.0;6.0;48.824649;2.339943;2024-05-12 16:25:00
202400039515.0;3;60;60139;1;6;1.0;1.0;49.160244;2.237815;2024-02-04 05:38:00
202400039516.0;5;75;75110;2;3;8.0;3.0;48.879555;2.353296;2024-05-12 21:40:00
202400039517.0;1;6;6088;2;4;1.0;3.0;43.704013;7.274021;2024-02-28 15:09:00
202400039518.0;5;6;6088;2;1;3.0;6.0;43.70714;7.21039;2024-02-22 22:40:00
202400039519.0;1;35;35085;1;3;1.0;2.0;48.406379;-1.77699;2024-07-19 21:00:00
202400039520.0;3;59;59044;1;1;1.0;6.0;50.609157;3.235162;2024-04-06 01:26:00
202400039521.0;1;6;6088;2;9;2.0;6.0;43.701637;7.283536;2024-02-22 09:45:00
202400039522.0;1;75;75108;2;2;1.0;3.0;48.875279;2.315779;2024-05-12 12:00:00
202400039523.0;5;6;6083;2;1;1.0;6.0;43.773547;7.499555;2024-02-19 19:45:00
202400039524.0;1;86;86246;1;2;1.0;2.0;46.5648;0.854747;2024-07-19 17:20:00
202400039525.0;1;13;13215;1;1;1.0;2.0;43.377;5.3582;2024-04-04 10:30:00
202400039526.0;1;75;75107;2;3;1.0;6.0;48.860983;2.301178;2024-05-11 17:09:00
202400039527.0;1;6;6069;2;1;1.0;2.0;43.6373261;6.9327997;2024-02-27 11:25:00
202400039528.0;3;6;6140;2;6;1.0;6.0;43.635234;6.8559556;2024-07-16 02:25:00
202400039529.0;1;6;6069;1;1;1.0;6.0;43.6486;6.93902;2024-02-23 10:25:00
202400039530.0;1;94;94076;2;2;1.0;3.0;48.79597;2.36838;2024-05-12 15:25:00
202400039531.0;1;6;6069;2;1;1.0;2.0;43.663626;6.931406;2024-02-21 08:50:00
202400039532.0;3;5;5023;1;1;1.0;6.0;44.9096;6.662936;2024-02-24 01:30:00
202400039533.0;1;13;13106;1;1;1.0;4.0;43.39021;5.35016;2024-04-04 18:45:00
202400039534.0;1;58;58187;1;1;1.0;5.0;47.45629386;2.931485;2024-07-20 15:00:00
202400039535.0;5;2;2738;2;9;3.0;6.0;49.65669;3.32084;2024-02-21 22:50:00
202400039536.0;1;13;13056;1;1;1.0;2.0;43.40859903;5.03697405;2024-04-04 14:15:00
202400039537.0;1;93;93031;2;2;1.0;3.0;48.95697;2.304;2024-05-12 19:30:00
202400039538.0;1;2;2371;1;1;2.0;1.0;49.84391;3.33008;2024-02-26 12:20:00
202400039539.0;2;1;1033;2;3;1.0;6.0;46.109847;5.824422;2024-07-20 06:00:00
202400039540.0;1;2;2691;2;1;1.0;6.0;49.83981;3.31406;2024-02-23 15:05:00
202400039541.0;1;92;92012;2;1;3.0;3.0;48.83947777;2.23110366;2024-05-12 16:15:00
202400039542.0;1;41;41219;1;1;1.0;7.0;47.872903;1.481931;2024-07-14 09:00:00
202400039543.0;1;80;80172;1;1;1.0;7.0;49.922625;2.764971;2024-05-12 18:00:00
202400039544.0;3;1;1289;1;2;1.0;3.0;46.16483;5.22071;2024-02-22 21:55:00
202400039545.0;1;47;47048;2;4;8.0;3.0;44.528011;0.626119;2024-05-12 18:35:00
202400039546.0;1;30;30202;1;4;1.0;2.0;44.275523;4.625459;2024-07-12 16:55:00
202400039547.0;1;75;75108;2;4;1.0;3.0;48.864086;2.320126;2024-02-28 13:45:00
202400039548.0;1;41;41167;1;1;1.0;7.0;47.465236;1.09314;2024-05-12 18:45:00
202400039549.0;1;75;75119;2;3;1.0;7.0;48.889179;2.371587;2024-02-28 15:45:00
202400039550.0;1;13;13211;1;1;1.0;5.0;43.28835;5.499958;2024-04-04 09:00:00
202400039551.0;1;42;42162;1;2;1.0;3.0;46.00537201;4.01324093;2024-05-11 12:21:00
202400039552.0;3;33;33063;1;1;1.0;6.0;44.883681;-0.556878;2024-04-05 23:25:00
202400039553.0;1;75;75119;2;1;1.0;2.0;48.881625;2.403325;2024-02-28 11:10:00
202400039554.0;1;972;97222;2;1;1.0;1.0;14.665224;-60.939735;2024-05-11 14:30:00
202400039555.0;1;41;41238;1;5;1.0;3.0;47.879369;0.86674;2024-07-19 12:40:00
202400039556.0;1;75;75119;2;1;1.0;6.0;48.87628;2.381018;2024-02-27 12:05:00
202400039557.0;1;33;33162;1;1;1.0;7.0;44.86776;-0.64867;2024-04-05 13:35:00
202400039558.0;1;31;31157;2;1;1.0;6.0;43.53822;1.345299;2024-07-17 09:35:00
202400039559.0;1;35;35172;1;2;1.0;3.0;48.438782;-1.804676;2024-05-11 15:20:00
202400039560.0;1;75;75117;2;3;1.0;3.0;48.893584;2.322731;2024-02-28 08:25:00
202400039561.0;1;62;62528;1;1;1.0;2.0;50.45195224;2.81399732;2024-04-03 13:36:00
202400039562.0;1;75;75116;2;3;1.0;6.0;48.852262;2.254197;2024-02-28 14:45:00
202400039563.0;1;51;51036;2;2;1.0;3.0;48.655109;3.695615;2024-07-20 10:20:00
202400039564.0;1;92;92002;1;1;1.0;4.0;48.73629786;2.31579137;2024-04-05 11:40:00
202400039565.0;1;26;26138;1;1;1.0;4.0;44.386738;4.731138;2024-05-12 16:08:00
202400039566.0;1;75;75115;2;4;1.0;2.0;48.829952;2.305403;2024-02-27 09:15:00
202400039567.0;1;56;56198;1;1;1.0;7.0;48.063002;-2.740949;2024-07-19 19:00:00
202400039568.0;2;23;23148;1;1;1.0;7.0;46.421195;1.930137;2024-05-11 21:00:00
202400039569.0;1;75;75112;2;1;1.0;6.0;48.845053;2.413299;2024-02-28 09:00:00
202400039570.0;5;94;94065;1;1;1.0;3.0;48.75490615;2.3464179;2024-04-05 06:15:00
202400039571.0;1;974;97410;1;1;1.0;7.0;-21.083119;55.626971;2024-05-12 11:50:00
202400039572.0;1;75;75109;2;3;1.0;6.0;48.882015;2.346588;2024-02-28 11:00:00
202400039573.0;1;14;14436;1;1;1.0;7.0;49.252344;-0.687697;2024-05-11 15:30:00
202400039574.0;1;75;75109;2;3;1.0;6.0;48.878719;2.327017;2024-02-28 16:30:00
202400039575.0;1;92;92047;1;1;1.0;2.0;48.83674763;2.18605776;2024-04-05 17:00:00
202400039576.0;1;78;78591;1;3;1.0;3.0;48.887707;1.67383;2024-07-17 21:30:00
202400039577.0;1;69;69283;2;1;1.0;1.0;45.678061;4.9639;2024-05-12 18:25:00
202400039578.0;1;78;78640;1;1;2.0;7.0;48.777398;2.222322;2024-04-05 08:05:00
202400039579.0;1;75;75108;2;3;1.0;6.0;48.866836;2.310241;2024-02-28 15:00:00
202400039580.0;1;79;79079;2;3;1.0;3.0;46.903103;-0.686321;2024-07-19 20:30:00
202400039581.0;5;92;92050;1;1;1.0;3.0;48.89563363;2.19472645;2024-04-05 07:00:00
202400039582.0;1;84;84099;1;1;1.0;2.0;43.857826;5.08913;2024-05-13 18:40:00
202400039583.0;1;75;75102;2;3;1.0;6.0;48.868554;2.345607;2024-02-28 13:45:00
202400039584.0;1;29;29145;1;1;1.0;3.0;48.08128186;-4.4277613;2024-08-26 10:00:00
202400039585.0;1;79;79078;1;2;1.0;3.0;46.14576;-0.48695;2024-07-18 19:35:00
202400039586.0;3;83;83070;1;1;1.0;6.0;43.145963;6.396199;2024-05-12 21:30:00
202400039587.0;1;38;38450;1;1;1.0;7.0;45.276238;5.550166;2024-08-27 18:40:00
202400039588.0;1;94;94078;2;3;1.0;2.0;48.727772;2.445288;2024-02-28 11:55:00
202400039589.0;1;75;75116;1;1;1.0;3.0;48.8482;2.248314;2024-04-04 17:55:00
202400039590.0;2;2B;2B077;1;1;1.0;6.0;42.471543;9.492187;2024-07-20 05:20:00
202400039591.0;1;94;94073;2;1;1.0;6.0;48.763903;2.39552;2024-02-28 13:20:00
202400039592.0;1;72;72124;2;2;1.0;3.0;47.825002;0.269755;2024-05-11 13:50:00
202400039593.0;1;3;3297;2;2;1.0;3.0;46.531019;2.62143;2024-08-27 17:50:00
202400039594.0;1;65;65360;1;1;1.0;2.0;43.101515;-0.128206;2024-07-19 18:34:00
202400039595.0;1;93;93007;1;1;1.0;5.0;48.9478538;2.44451788;2024-04-05 15:30:00
202400039596.0;1;94;94028;2;1;1.0;2.0;48.77971;2.4591;2024-02-28 15:10:00
202400039597.0;1;1;1338;1;1;1.0;7.0;45.68004;5.603542;2024-08-25 17:14:00
202400039598.0;3;95;95424;1;1;1.0;6.0;48.99411983;2.18480056;2024-04-05 02:40:00
202400039599.0;1;44;44113;1;1;1.0;3.0;47.547082;-1.603489;2024-05-12 17:15:00
202400039600.0;1;94;94071;2;1;1.0;6.0;48.773838;2.510837;2024-02-28 16:00:00
202400039601.0;3;58;58131;2;1;1.0;6.0;47.082952;3.201098;2024-08-25 00:38:00
202400039602.0;1;71;71158;1;1;1.0;2.0;46.557547;4.977579;2024-07-20 18:30:00
202400039603.0;1;93;93008;1;1;1.0;3.0;48.90894556;2.44832575;2024-04-04 17:15:00
202400039604.0;2;63;63210;1;1;1.0;6.0;45.90291364;3.32878043;2024-07-20 06:00:00
202400039605.0;1;94;94011;2;1;1.0;2.0;48.765037;2.491617;2024-02-28 14:30:00
202400039606.0;1;14;14738;1;1;1.0;2.0;49.161214;-0.45494;2024-05-12 17:08:00
202400039607.0;1;12;12299;2;1;1.0;6.0;44.094016;2.705507;2024-07-16 18:05:00
202400039608.0;1;93;93010;1;1;2.0;3.0;48.90059002;2.46986417;2024-04-04 11:45:00
202400039609.0;2;54;54144;1;2;7.0;1.0;48.52295;6.266981;2024-08-27 07:50:00
202400039610.0;1;62;62097;2;1;1.0;6.0;50.24191348;2.66000592;2024-05-13 16:45:00
202400039611.0;2;94;94075;2;3;8.0;3.0;48.72741642;2.53113292;2024-02-28 07:20:00
202400039612.0;1;93;93063;1;1;3.0;7.0;48.87391673;2.43718835;2024-04-04 08:30:00
202400039613.0;1;42;42262;1;1;1.0;1.0;45.42356523;4.17152521;2024-07-20 13:00:00
202400039614.0;1;93;93053;2;1;1.0;6.0;48.8915;2.468439;2024-02-28 07:50:00
202400039615.0;1;66;66164;1;1;1.0;2.0;42.77685;2.902751;2024-04-25 16:45:00
202400039616.0;5;64;64445;2;1;1.0;7.0;43.31832;-0.35701;2024-02-04 01:20:00
202400039617.0;1;9;9265;2;1;1.0;2.0;43.090226;1.62706;2024-08-26 18:15:00
202400039618.0;1;46;46268;1;4;1.0;6.0;44.467907;1.603017;2024-07-20 09:00:00
202400039619.0;1;93;93008;2;1;1.0;6.0;48.91014;2.453321;2024-02-28 16:18:00
202400039620.0;1;56;56130;2;6;1.0;3.0;47.739244;-3.226279;2024-05-03 11:15:00
202400039621.0;5;7;7058;1;3;1.0;2.0;44.561136;4.286327;2024-08-26 22:10:00
202400039622.0;1;988;98818;2;6;2.0;6.0;-22.25363;166.47143;2024-04-04 11:50:00
202400039623.0;2;89;89409;1;1;2.0;6.0;47.475121;3.809407;2024-05-13 07:00:00
202400039624.0;1;93;93005;2;1;1.0;3.0;48.92780505;2.48985708;2024-02-28 13:45:00
202400039625.0;3;40;40236;1;1;1.0;6.0;43.677886;-0.873043;2024-08-27 01:00:00
202400039626.0;3;47;47086;1;6;1.0;6.0;44.668767;0.187175;2024-07-20 04:00:00
202400039627.0;1;49;49367;1;3;1.0;3.0;47.568708;-0.796123;2024-05-11 19:20:00
202400039628.0;1;974;97416;2;4;1.0;3.0;-21.32973;55.4791;2024-04-04 10:15:00
202400039629.0;5;92;92063;2;2;1.0;3.0;48.88709749;2.17952371;2024-02-28 21:20:00
202400039630.0;1;49;49224;1;6;7.0;7.0;47.313425;-0.022652;2024-05-11 13:30:00
202400039631.0;1;41;41241;1;1;1.0;1.0;47.387537;1.933224;2024-07-20 16:45:00
202400039632.0;1;24;24311;2;3;1.0;1.0;45.544692;0.670477;2024-08-27 08:30:00
202400039633.0;1;974;97407;2;9;1.0;3.0;-20.9553;55.31181;2024-04-03 12:05:00
202400039634.0;5;68;68201;2;1;3.0;6.0;47.773386;7.000635;2024-05-12 23:00:00
202400039635.0;1;92;92063;2;3;1.0;3.0;48.88429722;2.17833737;2024-02-28 09:01:00
202400039636.0;1;4;4135;1;1;1.0;6.0;43.801797;6.249483;2024-08-25 12:00:00
202400039637.0;1;92;92050;2;9;1.0;1.0;48.91227;2.21605;2024-02-28 17:15:00
202400039638.0;1;44;44212;1;3;1.0;1.0;47.149122;-1.244025;2024-07-15 12:25:00
202400039639.0;4;973;97302;2;2;1.0;3.0;4.93050202;-52.32233271;2024-04-03 23:15:00
202400039640.0;1;22;22216;1;3;1.0;3.0;48.49828;-3.398075;2024-05-11 19:40:00
202400039641.0;1;92;92050;2;9;1.0;3.0;48.91982818;2.22135812;2024-02-28 11:10:00
202400039642.0;2;85;85246;1;1;1.0;1.0;46.744029;-1.193304;2024-08-26 20:15:00
202400039643.0;1;29;29130;1;1;1.0;6.0;48.357055;-4.647056;2024-05-12 20:05:00
202400039644.0;3;38;38394;1;1;1.0;2.0;45.107394;5.256835;2024-07-19 23:55:00
202400039645.0;1;973;97302;2;6;1.0;3.0;4.93330791;-52.30939507;2024-04-03 13:40:00
202400039646.0;3;38;38275;1;1;1.0;6.0;45.252867;5.383172;2024-05-13 01:00:00
202400039647.0;1;92;92048;2;1;1.0;3.0;48.82006102;2.24101281;2024-02-28 18:00:00
202400039648.0;1;84;84017;1;1;1.0;7.0;44.126316;5.278416;2024-07-19 20:10:00