Num_Acc;lum;departement;commune;agglomeration;intersection;meteo;type_collision;lat;long;date
202400039649.0;1;92;92004;2;1;1.0;6.0;48.91515782;2.27536851;2024-02-28 14:15:00
202400039650.0;1;15;15255;1;1;1.0;6.0;44.893363;2.532801;2024-07-20 16:30:00
202400039651.0;1;69;69388;2;8;1.0;3.0;45.72690191;4.86965567;2024-04-04 18:30:00
202400039652.0;3;30;30326;1;1;1.0;4.0;44.01255998;4.71699779;2024-08-24 00:47:00
202400039653.0;1;1;1196;2;9;1.0;3.0;46.365275;5.124382;2024-05-13 11:45:00
202400039654.0;1;26;26025;1;1;1.0;7.0;44.661368;5.374146;2024-07-19 12:50:00
202400039655.0;1;47;47146;1;3;1.0;3.0;44.4527;0.650157;2024-02-28 17:45:00
202400039656.0;1;69;69385;2;1;1.0;6.0;45.75286;4.8204;2024-04-04 17:40:00
202400039657.0;5;987;98725;1;1;1.0;1.0;-17.506728;-149.472388;2024-08-25 23:00:00
202400039658.0;1;51;51446;1;1;1.0;6.0;48.77705;4.476564;2024-02-27 14:25:00
202400039659.0;1;2B;2B033;2;1;1.0;2.0;42.6855;9.4464;2024-04-03 11:49:00
202400039660.0;3;70;70311;2;3;1.0;6.0;47.818889;6.374838;2024-05-11 05:00:00
202400039661.0;1;72;72183;1;9;1.0;3.0;47.71674934;0.56842446;2024-07-19 14:30:00
202400039662.0;2;66;66053;2;1;1.0;6.0;42.5295843;3.0764991;2024-05-13 19:15:00
202400039663.0;1;77;77443;2;1;1.0;6.0;48.887928;2.957398;2024-08-25 14:05:00
202400039664.0;1;18;18233;2;3;8.0;3.0;47.339095;2.839478;2024-02-28 17:09:00
202400039665.0;1;2A;2A004;2;1;1.0;3.0;41.92498;8.73817;2024-04-04 15:05:00
202400039666.0;1;72;72275;1;1;1.0;1.0;48.06504798;0.35313244;2024-07-17 19:20:00
202400039667.0;1;54;54029;2;1;1.0;1.0;49.36275275;5.88205218;2024-05-13 10:45:00
202400039668.0;1;11;11076;1;1;1.0;6.0;43.319901;1.97461;2024-08-26 09:55:00
202400039669.0;1;972;97210;1;1;1.0;3.0;14.579281;-60.864464;2024-02-27 07:08:00
202400039670.0;1;6;6009;1;1;1.0;6.0;44.012278;7.131597;2024-07-19 18:20:00
202400039671.0;1;2A;2A004;2;6;1.0;3.0;41.94498;8.75929;2024-04-04 07:05:00
202400039672.0;3;44;44149;1;1;2.0;6.0;47.473736;-1.638465;2024-02-28 22:20:00
202400039673.0;1;54;54084;1;1;7.0;7.0;49.31544316;5.82927704;2024-05-12 18:00:00
202400039674.0;1;95;95252;2;9;1.0;3.0;48.99064;2.20596;2024-04-04 14:20:00
202400039675.0;1;4;4152;1;1;1.0;1.0;43.795749;5.745614;2024-08-26 19:00:00
202400039676.0;1;14;14326;1;3;1.0;1.0;49.156241;0.271482;2024-07-19 16:10:00
202400039677.0;1;51;51351;1;1;1.0;2.0;48.66987968;3.86690867;2024-02-28 08:35:00
202400039678.0;3;50;50058;2;1;1.0;7.0;49.066728;-1.594493;2024-05-13 00:10:00
202400039679.0;3;50;50603;1;1;1.0;7.0;49.047995;-1.554008;2024-07-20 03:30:00
202400039680.0;1;95;95197;2;3;2.0;3.0;48.96602654;2.31880604;2024-04-03 08:40:00
202400039681.0;1;26;26156;1;1;1.0;2.0;45.091762;4.879389;2024-08-26 14:40:00
202400039682.0;1;45;45281;1;1;1.0;7.0;48.06130281;3.0342865;2024-05-09 12:50:00
202400039683.0;1;67;67434;2;4;1.0;1.0;48.935934;7.088639;2024-02-28 12:10:00
202400039684.0;1;64;64238;1;2;1.0;3.0;43.248344;-0.082743;2024-07-19 17:30:00
202400039685.0;4;16;16182;1;3;1.0;6.0;46.032894;0.773532;2024-05-11 22:15:00
202400039686.0;1;7;7130;1;1;1.0;6.0;44.74985;3.988198;2024-08-26 11:00:00
202400039687.0;5;91;91549;2;2;1.0;3.0;48.63938;2.3213;2024-04-04 23:15:00
202400039688.0;1;71;71154;2;2;1.0;3.0;46.832554;4.871101;2024-02-28 11:30:00
202400039689.0;2;7;7005;1;6;7.0;6.0;44.562584;4.595595;2024-07-19 20:35:00
202400039690.0;1;71;71295;1;1;1.0;3.0;46.808028;5.142466;2024-02-29 15:50:00
202400039691.0;1;21;21567;1;1;1.0;7.0;47.106318;4.491391;2024-07-12 16:38:00
202400039692.0;1;27;27622;1;2;1.0;6.0;49.117591;0.685371;2024-05-11 15:50:00
202400039693.0;1;91;91347;2;3;1.0;4.0;48.63529;2.28541;2024-04-04 14:20:00
202400039694.0;1;21;21360;1;1;1.0;7.0;47.081929;4.670777;2024-07-19 18:05:00
202400039695.0;1;85;85051;2;9;7.0;3.0;46.68931;-1.05176;2024-07-19 17:35:00
202400039696.0;1;63;63081;1;1;1.0;7.0;45.520661;3.676584;2024-02-28 18:00:00
202400039697.0;2;69;69117;1;1;1.0;3.0;45.86203;4.742151;2024-08-27 06:15:00
202400039698.0;1;17;17457;1;1;1.0;7.0;46.044051;-0.763483;2024-05-12 16:45:00
202400039699.0;1;27;27208;1;1;1.0;6.0;49.147265;0.491984;2024-07-19 14:00:00
202400039700.0;1;91;91692;2;3;3.0;6.0;48.68249;2.17082;2024-04-04 07:43:00
202400039701.0;1;61;61293;2;9;1.0;3.0;48.522744;0.542573;2024-02-28 08:10:00
202400039702.0;1;65;65295;2;1;1.0;3.0;42.86693;-0.009618;2024-08-27 11:15:00
202400039703.0;1;17;17174;1;1;1.0;1.0;46.021686;-0.751727;2024-05-11 12:15:00
202400039704.0;1;30;30249;2;9;1.0;6.0;43.807406;4.22684;2024-07-19 18:05:00
202400039705.0;1;91;91174;2;3;3.0;1.0;48.61048;2.47617;2024-04-04 08:27:00
202400039706.0;1;9;9188;1;1;1.0;6.0;42.884203;1.623445;2024-08-27 08:40:00
202400039707.0;1;30;30234;2;9;1.0;7.0;43.993228;4.136053;2024-05-13 09:00:00
202400039708.0;3;47;47252;1;9;1.0;3.0;44.388587;0.589566;2024-02-28 20:05:00
202400039709.0;1;90;90033;2;6;1.0;3.0;47.519465;7.001279;2024-02-27 13:00:00
202400039710.0;1;87;87085;2;1;1.0;6.0;45.83518;1.25007;2024-04-03 17:22:00
202400039711.0;2;87;87156;1;1;7.0;1.0;45.867769;1.400188;2024-08-27 19:30:00
202400039712.0;1;7;7010;2;1;1.0;3.0;45.242645;4.672868;2024-02-29 14:10:00
202400039713.0;1;87;87085;2;1;2.0;6.0;45.83277567;1.23251617;2024-04-03 09:25:00
202400039714.0;1;8;8367;1;1;7.0;1.0;49.93270258;4.61374754;2024-07-20 16:41:00
202400039715.0;1;17;17337;2;1;1.0;3.0;45.962394;-1.374739;2024-08-27 12:56:00
202400039716.0;4;85;85058;2;3;2.0;3.0;46.466269;-1.2306618;2024-02-29 06:06:00
202400039717.0;1;87;87114;2;1;1.0;6.0;45.835;1.29449;2024-04-02 17:50:00
202400039718.0;1;35;35238;1;1;1.0;3.0;48.10521;-1.73481;2024-07-20 12:30:00
202400039719.0;1;28;28280;1;1;1.0;6.0;48.298822;0.791166;2024-02-28 14:10:00
202400039720.0;3;17;17385;2;1;1.0;7.0;45.938565;-1.327771;2024-08-27 03:00:00
202400039721.0;2;37;37145;1;1;1.0;6.0;47.02920316;0.6451972;2024-02-26 17:15:00
202400039722.0;1;84;84007;2;3;1.0;3.0;43.9122;4.89309;2024-04-04 11:00:00
202400039723.0;1;6;6088;1;1;1.0;2.0;43.676827;7.195385;2024-07-20 18:31:00
202400039724.0;3;33;33519;1;1;1.0;2.0;44.902069;-0.6848;2024-08-26 23:55:00
202400039725.0;4;6;6088;1;1;1.0;6.0;43.672419;7.200701;2024-07-20 04:02:00
202400039726.0;3;4;4063;1;1;3.0;4.0;43.749397;5.766106;2024-02-25 21:13:00
202400039727.0;1;83;83126;2;2;1.0;3.0;43.09532;5.88395;2024-04-03 18:15:00
202400039728.0;1;57;57155;1;1;1.0;3.0;49.1392913;6.39678533;2024-02-24 16:35:00
202400039729.0;1;85;85243;2;6;1.0;4.0;46.598624;-1.831192;2024-08-12 12:00:00
202400039730.0;1;976;97616;1;1;1.0;5.0;-12.876467;45.122631;2024-07-17 15:10:00
202400039731.0;3;77;77305;2;1;3.0;6.0;48.38168;2.95125;2024-04-04 06:40:00
202400039732.0;1;11;11188;1;9;1.0;2.0;42.971057;2.970171;2024-02-29 08:37:00
202400039733.0;3;22;22268;1;1;1.0;6.0;48.575116;-2.335845;2024-08-25 05:30:00
202400039734.0;1;77;77053;2;6;2.0;7.0;48.70264;2.59734;2024-04-03 15:30:00
202400039735.0;1;69;69097;2;2;1.0;3.0;45.51537;4.72172;2024-07-19 15:45:00
202400039736.0;1;77;77001;1;9;1.0;6.0;48.362209;2.574202;2024-02-28 17:30:00
202400039737.0;3;77;77209;1;1;3.0;6.0;48.85059;2.68512;2024-04-04 06:45:00
202400039738.0;1;76;76303;1;1;1.0;7.0;49.561597;0.350833;2024-08-26 17:00:00
202400039739.0;2;28;28375;1;1;8.0;6.0;48.758861;1.492464;2024-02-28 17:30:00
202400039740.0;5;987;98733;2;3;1.0;3.0;-17.69117;-149.580778;2024-07-18 19:00:00
202400039741.0;1;76;76540;2;2;1.0;6.0;49.43587;1.09047;2024-04-04 08:05:00
202400039742.0;1;80;80415;2;3;1.0;3.0;49.752873;2.606919;2024-08-25 12:20:00
202400039743.0;2;80;80521;1;1;1.0;7.0;49.96733;2.860125;2024-08-27 06:15:00
202400039744.0;1;76;76351;2;1;1.0;6.0;49.51866;0.11573;2024-04-03 19:20:00
202400039745.0;1;74;74012;2;1;1.0;3.0;46.17788;6.23767;2024-04-04 06:15:00
202400039746.0;3;34;34226;1;1;1.0;7.0;43.356374;2.994504;2024-07-20 05:40:00
202400039747.0;1;59;59010;1;1;1.0;3.0;50.159271;3.12428;2024-08-26 10:00:00
202400039748.0;1;4;4096;1;1;1.0;1.0;44.397455;6.767535;2024-07-19 08:30:00
202400039749.0;1;74;74298;2;3;1.0;7.0;46.1854;6.25007;2024-04-04 11:00:00
202400039750.0;3;69;69250;1;1;1.0;6.0;45.81999;4.71025;2024-08-26 03:15:00
202400039751.0;1;13;13072;1;1;1.0;1.0;43.460722;5.623605;2024-07-20 12:31:00
202400039752.0;1;89;89053;1;1;7.0;7.0;47.845656;3.484964;2024-07-20 13:18:00
202400039753.0;3;59;59564;1;1;1.0;2.0;50.34609654;3.48183807;2024-08-23 05:50:00
202400039754.0;5;21;21292;2;1;1.0;6.0;47.249716;5.217331;2024-07-19 23:00:00
202400039755.0;5;71;71270;2;1;2.0;6.0;46.29227;4.81106;2024-04-03 22:20:00
202400039756.0;1;52;52271;1;1;1.0;7.0;48.080588;5.349634;2024-07-19 17:50:00
202400039757.0;1;94;94065;1;1;1.0;2.0;48.75462573;2.34701377;2024-08-26 18:50:00
202400039758.0;1;69;69286;2;2;1.0;3.0;45.81070381;4.88507705;2024-04-04 08:20:00
202400039759.0;1;75;75114;1;1;1.0;7.0;48.81710442;2.33469325;2024-08-26 11:20:00
202400039760.0;1;88;88206;2;2;1.0;3.0;48.31018;5.935922;2024-07-19 19:05:00
202400039761.0;1;73;73098;1;1;1.0;7.0;45.62551779;6.00710034;2024-07-19 17:42:00
202400039762.0;5;69;69259;2;3;1.0;3.0;45.70958;4.88512;2024-04-04 06:10:00
202400039763.0;1;92;92062;1;1;1.0;2.0;48.88898724;2.24665537;2024-08-26 08:55:00
202400039764.0;1;38;38349;2;1;1.0;6.0;45.316681;4.791455;2024-07-20 08:45:00
202400039765.0;1;69;69276;2;1;8.0;1.0;45.68459;4.85399;2024-04-03 17:50:00
202400039766.0;3;78;78646;1;1;1.0;6.0;48.79081;2.108037;2024-08-25 01:15:00
202400039767.0;1;94;94073;1;1;1.0;3.0;48.77011469;2.38223272;2024-08-26 17:55:00
202400039768.0;1;38;38054;1;1;1.0;5.0;45.777944;5.400982;2024-07-19 16:40:00
202400039769.0;1;69;69225;1;1;2.0;7.0;45.870017;4.416423;2024-07-20 18:53:00
202400039770.0;1;74;74081;2;3;1.0;3.0;46.060494;6.578579;2024-06-10 11:00:00
202400039771.0;3;69;69111;1;4;1.0;3.0;45.901936;4.584131;2024-07-19 22:05:00
202400039772.0;1;74;74195;2;3;1.0;2.0;46.006803;5.955673;2024-05-10 06:15:00
202400039773.0;5;69;69021;1;1;1.0;1.0;45.78773959;4.58350567;2024-07-20 01:11:00
202400039774.0;5;69;69040;2;1;1.0;6.0;45.789724;4.79307;2024-07-20 02:30:00
202400039775.0;1;74;74128;1;1;1.0;1.0;46.152113;6.332465;2024-04-14 14:40:00
202400039776.0;1;74;74010;2;1;1.0;1.0;45.915004;6.150767;2024-06-08 10:45:00
202400039777.0;2;81;81219;1;1;1.0;1.0;43.569917;1.969079;2024-07-20 06:25:00
202400039778.0;3;32;32029;1;1;1.0;6.0;43.652767;0.404327;2024-07-15 04:30:00
202400039779.0;1;74;74236;2;1;1.0;1.0;45.90247;6.711498;2024-05-20 12:10:00
202400039780.0;1;31;31327;1;1;1.0;2.0;43.188499;1.019001;2024-07-16 18:00:00
202400039781.0;3;74;74068;1;1;1.0;6.0;46.060554;5.866088;2024-05-26 22:00:00
202400039782.0;1;31;31395;2;3;1.0;3.0;43.456649;1.329303;2024-07-20 09:40:00
202400039783.0;3;24;24273;1;1;1.0;6.0;44.81308;0.806808;2024-07-19 22:45:00
202400039784.0;1;74;74147;1;1;8.0;6.0;45.783378;6.208434;2024-05-30 19:40:00
202400039785.0;1;33;33473;1;9;1.0;2.0;45.139843;-0.46013305;2024-07-08 16:30:00
202400039786.0;1;33;33382;1;1;1.0;2.0;45.161626;-0.50491;2024-07-08 15:48:00
202400039787.0;3;33;33051;2;1;1.0;7.0;44.650746;-0.953751;2024-07-20 01:30:00
202400039788.0;1;74;74042;2;1;1.0;4.0;46.072092;6.419567;2024-04-30 18:20:00
202400039789.0;1;76;76203;2;1;1.0;7.0;49.602947;0.855238;2024-07-20 15:50:00
202400039790.0;1;74;74121;2;1;2.0;2.0;46.354581;6.352699;2024-06-09 17:40:00
202400039791.0;1;76;76057;2;2;1.0;3.0;49.53635;0.95993;2024-07-19 13:45:00
202400039792.0;1;76;76285;2;3;1.0;3.0;49.411518;1.297594;2024-07-19 09:20:00
202400039793.0;1;60;60500;2;1;1.0;7.0;49.096685;2.761071;2024-07-20 14:03:00
202400039794.0;1;62;62711;2;1;1.0;7.0;50.801924;1.727225;2024-07-19 20:15:00
202400039795.0;1;74;74175;1;9;1.0;1.0;46.403906;6.743808;2024-05-18 16:45:00
202400039796.0;3;13;13211;1;1;1.0;6.0;43.28703;5.4354;2024-07-17 03:45:00
202400039797.0;1;74;74221;2;1;1.0;6.0;46.013263;6.534891;2024-05-27 10:50:00
202400039798.0;1;57;57096;1;1;1.0;6.0;49.38181873;5.97586953;2024-07-19 08:25:00
202400039799.0;1;33;33039;1;1;1.0;4.0;44.807195;-0.528102;2024-07-19 15:40:00
202400039800.0;1;74;74056;1;9;1.0;2.0;45.90624;6.84372;2024-03-28 14:20:00
202400039801.0;1;33;33249;1;1;1.0;4.0;44.88118;-0.52376;2024-07-19 13:10:00
202400039802.0;1;74;74208;1;1;1.0;6.0;45.92872;6.74308;2024-03-25 10:30:00
202400039803.0;1;59;59544;1;1;1.0;2.0;50.36255;3.59079;2024-07-15 18:07:00
202400039804.0;1;91;91645;1;1;1.0;3.0;48.75989;2.25908;2024-07-19 16:10:00
202400039805.0;1;59;59220;2;3;1.0;1.0;50.59904;3.07317;2024-08-25 12:10:00
202400039806.0;1;91;91136;1;1;1.0;2.0;48.71732;2.26706;2024-07-19 13:45:00
202400039807.0;1;78;78423;1;1;1.0;6.0;48.79639;2.032991;2024-07-19 18:35:00
202400039808.0;1;988;98818;2;2;1.0;3.0;-22.27523;166.44562;2024-08-26 07:22:00
202400039809.0;1;78;78133;1;1;1.0;4.0;48.891171;2.009467;2024-07-19 17:30:00
202400039810.0;1;974;97416;1;1;2.0;2.0;-21.3229;55.4847;2024-08-24 06:45:00
202400039811.0;1;95;95306;1;1;1.0;3.0;49.00106114;2.17299486;2024-07-19 20:00:00
202400039812.0;5;974;97407;2;1;1.0;6.0;-20.93738;55.30782;2024-08-25 19:50:00
202400039813.0;1;93;93064;1;1;1.0;1.0;48.88497135;2.48991679;2024-07-19 13:50:00
202400039814.0;1;93;93008;1;1;1.0;6.0;48.90615841;2.46109169;2024-07-19 09:55:00
202400039815.0;1;973;97302;2;1;1.0;1.0;4.93233;-52.31113;2024-08-25 17:00:00
202400039816.0;1;94;94079;1;1;1.0;2.0;48.82799527;2.52620846;2024-07-19 07:45:00
202400039817.0;1;976;97611;1;9;1.0;5.0;-12.7905;45.22317;2024-07-18 08:35:00
202400039818.0;1;95;95572;2;3;1.0;1.0;49.05536192;2.13621318;2024-08-24 15:07:00
202400039819.0;1;974;97411;2;2;1.0;3.0;-20.89278;55.48356;2024-07-18 17:30:00
202400039820.0;1;974;97409;1;1;1.0;6.0;-20.9227;55.64351;2024-07-18 14:57:00
202400039821.0;1;91;91600;2;9;1.0;4.0;48.67877;2.49547;2024-08-25 14:15:00
202400039822.0;1;973;97302;2;1;1.0;6.0;4.90978;-52.32151;2024-07-18 11:34:00
202400039823.0;1;972;97213;1;1;1.0;4.0;14.61803;-61.03267;2024-07-18 10:40:00
202400039824.0;4;88;88413;1;1;3.0;2.0;48.31253;6.91904;2024-08-25 03:25:00
202400039825.0;1;972;97209;2;3;1.0;3.0;14.60654;-61.06677;2024-07-18 14:00:00
202400039826.0;1;972;97209;1;3;1.0;3.0;14.6087;-61.08038;2024-07-17 13:25:00
202400039827.0;1;85;85191;1;1;1.0;3.0;46.66239;-1.46234;2024-08-25 20:30:00
202400039828.0;1;2A;2A004;2;1;1.0;3.0;41.90935;8.69174;2024-07-18 14:49:00
202400039829.0;1;95;95476;1;9;1.0;4.0;49.05729244;2.03951092;2024-07-17 16:16:00
202400039830.0;1;84;84007;2;1;1.0;6.0;43.94992;4.86632;2024-08-25 16:00:00
202400039831.0;1;91;91521;2;1;1.0;1.0;48.64;2.399;2024-07-18 19:00:00
202400039832.0;1;87;87065;1;2;1.0;3.0;45.7941601;1.29534245;2024-07-16 12:41:00
202400039833.0;1;83;83137;2;1;1.0;7.0;43.11441;5.95054;2024-08-25 10:45:00
202400039834.0;1;85;85194;2;1;1.0;6.0;46.48413;-1.75598;2024-07-17 21:00:00
202400039835.0;5;80;80021;2;2;1.0;3.0;49.89667;2.29434;2024-07-18 00:50:00
202400039836.0;1;78;78624;2;1;1.0;6.0;48.979687;2.003922;2024-06-12 08:41:00
202400039837.0;5;78;78358;2;1;1.0;3.0;48.94526;2.1576;2024-08-24 03:40:00
202400039838.0;1;77;77251;2;6;1.0;3.0;48.61457;2.55305;2024-06-15 19:20:00
202400039839.0;5;77;77284;2;3;1.0;2.0;48.957402;2.936293;2024-08-25 02:50:00
202400039840.0;1;77;77326;2;1;1.0;6.0;48.580536;2.55932;2024-07-17 10:30:00
202400039841.0;2;71;71306;2;1;1.0;6.0;46.67692;4.3632;2024-08-25 21:00:00
202400039842.0;1;77;77296;2;6;1.0;3.0;48.618195;2.580867;2024-07-17 07:30:00
202400039843.0;1;76;76498;1;1;1.0;7.0;49.4263;1.05522;2024-07-18 18:55:00
202400039844.0;2;65;65440;2;6;2.0;6.0;43.232954;0.061061;2024-08-25 05:30:00
202400039845.0;5;72;72181;2;1;1.0;2.0;48.00355;0.19155;2024-07-17 23:00:00
202400039846.0;3;69;69266;2;3;1.0;2.0;45.76696424;4.9181044;2024-07-18 04:00:00
202400039847.0;1;64;64348;2;3;2.0;3.0;43.33279;-0.37977;2024-08-25 18:09:00
202400039848.0;1;69;69259;2;1;1.0;6.0;45.72121;4.87377;2024-07-18 10:20:00
202400039849.0;1;62;62239;2;1;3.0;1.0;50.93127447;1.838552;2024-08-24 15:30:00
202400039850.0;1;69;69259;2;1;1.0;6.0;45.70471;4.88745;2024-07-17 18:30:00
202400039851.0;1;64;64445;2;3;1.0;6.0;43.31583;-0.31397;2024-07-18 07:30:00
202400039852.0;5;60;60057;2;1;1.0;6.0;49.43906;2.10873;2024-08-25 05:30:00
202400039853.0;3;59;59352;1;1;2.0;7.0;50.73121;3.06155;2024-08-25 02:30:00
202400039854.0;1;64;64445;2;3;1.0;3.0;43.30789;-0.37748;2024-07-17 12:45:00
202400039855.0;1;59;59033;2;1;2.0;7.0;50.201041;3.830143;2024-08-24 17:10:00
202400039856.0;1;63;63113;2;1;1.0;3.0;45.78695;3.07995;2024-07-18 16:34:00
202400039857.0;1;63;63113;2;1;1.0;6.0;45.78173;3.09294;2024-07-17 17:20:00
202400039858.0;1;59;59360;2;3;3.0;3.0;50.596293;3.037631;2024-08-24 17:50:00
202400039859.0;1;62;62193;2;2;1.0;3.0;50.95775;1.85193;2024-07-18 19:00:00
202400039860.0;1;57;57227;2;5;1.0;3.0;49.18899;6.90578;2024-08-25 19:15:00
202400039861.0;1;56;56162;1;1;1.0;6.0;47.75588;-3.42219;2024-08-25 16:25:00
202400039862.0;1;62;62774;2;6;1.0;3.0;50.95876394;1.82783961;2024-07-18 10:30:00
202400039863.0;1;47;47001;1;1;1.0;3.0;44.19429;0.64376;2024-08-24 12:41:00
202400039864.0;5;59;59426;1;3;1.0;3.0;50.7478;3.14544;2024-07-18 01:50:00
202400039865.0;1;42;42218;2;1;1.0;6.0;45.444596;4.381263;2024-06-19 15:30:00
202400039866.0;5;59;59378;2;1;1.0;7.0;50.68225;3.10742;2024-07-18 01:35:00
202400039867.0;1;36;36044;1;1;1.0;4.0;46.82819332;1.68045223;2024-08-25 16:24:00
202400039868.0;1;57;57672;2;1;1.0;2.0;49.36454;6.08987;2024-07-17 18:00:00
202400039869.0;1;36;36044;2;1;1.0;6.0;46.79614352;1.71836525;2024-08-25 12:55:00
202400039870.0;1;54;54339;2;1;1.0;3.0;48.71812969;6.18319988;2024-07-18 17:10:00
202400039871.0;3;35;35238;1;1;1.0;6.0;48.11776;-1.71873;2024-08-26 01:00:00
202400039872.0;1;54;54184;2;2;1.0;3.0;48.70988544;6.24117315;2024-07-18 08:05:00
202400039873.0;1;34;34172;2;2;1.0;3.0;43.60018;3.89458;2024-08-25 09:30:00
202400039874.0;1;54;54382;2;1;1.0;7.0;49.53932;5.76457;2024-07-18 17:50:00
202400039875.0;5;51;51454;2;1;1.0;6.0;49.26301;4.00398;2024-07-17 22:40:00
202400039876.0;5;31;31555;2;1;1.0;6.0;43.6597;1.40868;2024-08-25 00:30:00
202400039877.0;1;50;50218;2;1;1.0;6.0;48.83795;-1.56967;2024-07-18 18:00:00
202400039878.0;1;27;27229;2;1;1.0;6.0;49.02626;1.14985;2024-08-25 15:17:00
202400039879.0;1;50;50165;2;1;1.0;7.0;48.85122;-1.55547;2024-07-18 14:00:00
202400039880.0;1;27;27306;2;1;3.0;7.0;49.0063459;1.1723659;2024-08-24 17:35:00
202400039881.0;1;26;26362;2;1;1.0;6.0;44.92271774;4.90558863;2024-08-24 19:05:00
202400039882.0;1;50;50129;2;2;1.0;3.0;49.64162;-1.59325;2024-07-17 19:30:00
202400039883.0;5;14;14220;2;1;1.0;7.0;49.35976;0.08047;2024-08-25 04:50:00
202400039884.0;5;13;13202;2;1;1.0;1.0;43.30429;5.36985;2024-08-25 06:05:00
202400039885.0;1;50;50129;2;2;1.0;3.0;49.63554;-1.62199;2024-07-17 18:30:00
202400039886.0;1;13;13212;2;1;1.0;2.0;43.29423531;5.4418776;2024-08-24 16:15:00
202400039887.0;1;49;49007;2;1;1.0;3.0;47.44288;-0.5352;2024-07-17 19:35:00
202400039888.0;2;42;42186;2;1;1.0;3.0;45.52092201;4.60684649;2024-07-17 06:20:00
202400039889.0;1;42;42218;2;1;1.0;3.0;45.42783;4.417;2024-07-17 15:20:00
202400039890.0;1;13;13211;2;1;1.0;5.0;43.29616461;5.48647591;2024-08-24 12:05:00
202400039891.0;2;38;38185;2;2;1.0;1.0;45.18972;5.73149;2024-07-17 21:20:00
202400039892.0;1;10;10387;2;9;1.0;3.0;48.2909;4.0883;2024-08-25 17:45:00
202400039893.0;1;21;21231;1;1;1.0;1.0;47.306383;5.089924;2024-06-14 17:00:00
202400039894.0;1;1;1451;2;6;7.0;3.0;46.22808;5.229;2024-08-24 08:44:00
202400039895.0;1;37;37261;2;6;7.0;3.0;47.41879834;0.69261718;2024-07-18 16:30:00
202400039896.0;1;75;75116;2;1;1.0;2.0;48.825623;2.300965;2024-08-25 13:50:00
202400039897.0;1;19;19275;2;9;8.0;6.0;45.55271184;2.31597151;2024-05-29 14:08:00
202400039898.0;1;37;37261;2;1;1.0;6.0;47.38043;0.68119;2024-07-18 12:53:00
202400039899.0;1;19;19031;2;1;1.0;3.0;45.16072;1.55028;2024-06-17 14:20:00
202400039900.0;1;14;14333;2;1;1.0;6.0;49.42015721;0.23219079;2024-06-16 15:25:00
202400039901.0;1;35;35278;1;1;1.0;2.0;48.14104;-1.68131;2024-07-18 18:30:00
202400039902.0;1;75;75120;2;1;1.0;5.0;48.85993;2.413982;2024-08-24 16:20:00
202400039903.0;1;13;13054;1;1;1.0;2.0;43.42405;5.2365;2024-06-17 07:30:00
202400039904.0;1;75;75112;2;1;1.0;4.0;48.846484;2.414571;2024-08-23 16:10:00
202400039905.0;1;35;35238;2;2;1.0;3.0;48.09427873;-1.6818282;2024-07-18 11:45:00
202400039906.0;1;13;13209;1;1;1.0;7.0;43.21303;5.45075;2024-06-17 19:31:00
202400039907.0;1;75;75112;2;1;1.0;2.0;48.846484;2.414571;2024-08-23 11:30:00
202400039908.0;1;13;13213;2;1;1.0;1.0;43.32898;5.43057;2024-06-17 08:30:00
202400039909.0;1;34;34172;2;2;1.0;3.0;43.64294;3.83674;2024-07-18 08:10:00
202400039910.0;1;13;13204;2;1;1.0;7.0;43.31662259;5.39537166;2024-06-13 18:00:00
202400039911.0;1;75;75112;2;1;1.0;3.0;48.827141;2.39103;2024-08-23 09:00:00
202400039912.0;1;33;33063;2;4;1.0;2.0;44.85177;-0.59048;2024-07-18 19:00:00
202400039913.0;5;13;13208;2;1;1.0;2.0;43.25939;5.37572;2024-06-17 01:47:00
202400039914.0;1;75;75113;2;1;1.0;2.0;48.816245;2.356117;2024-08-24 15:30:00
202400039915.0;1;6;6027;2;1;1.0;6.0;43.66277;7.15054;2024-06-12 10:30:00
202400039916.0;1;75;75116;2;1;1.0;6.0;48.834784;2.256062;2024-08-25 11:00:00
202400039917.0;1;2;2738;2;7;1.0;3.0;49.66821;3.28202;2024-06-17 10:20:00
202400039918.0;1;33;33063;2;3;1.0;4.0;44.851;-0.59547;2024-07-18 17:50:00
202400039919.0;1;75;75116;2;2;1.0;3.0;48.848072;2.253102;2024-08-25 10:30:00
202400039920.0;1;1;1053;2;2;1.0;2.0;46.20975;5.23017;2024-06-17 11:50:00
202400039921.0;1;75;75112;2;4;1.0;6.0;48.82856;2.419545;2024-08-24 17:30:00
202400039922.0;1;33;33522;2;2;1.0;6.0;44.81534;-0.59406;2024-07-18 11:30:00
202400039923.0;5;75;75111;2;1;1.0;6.0;48.854665;2.375047;2024-08-25 04:30:00
202400039924.0;1;75;75113;2;1;1.0;4.0;48.816707;2.365107;2024-06-17 18:20:00
202400039925.0;1;33;33009;2;1;1.0;6.0;44.658984;-1.19278;2024-07-17 18:05:00
202400039926.0;5;75;75110;2;3;1.0;3.0;48.87318;2.358843;2024-08-25 22:10:00
202400039927.0;1;75;75119;2;3;1.0;4.0;48.884684;2.398837;2024-06-17 11:55:00
202400039928.0;1;31;31555;2;3;1.0;3.0;43.57226;1.41407;2024-07-18 15:10:00
202400039929.0;1;75;75105;2;1;1.0;3.0;48.84722;2.36042;2024-06-17 10:20:00
202400039930.0;2;93;93005;2;2;1.0;5.0;48.95284477;2.49895179;2024-08-25 19:00:00
202400039931.0;1;29;29232;2;1;1.0;6.0;48.010275;-4.104088;2024-07-18 09:55:00
202400039932.0;1;93;93051;2;1;1.0;6.0;48.84144536;2.56480626;2024-08-24 17:20:00