Num_Acc;lum;departement;commune;agglomeration;intersection;meteo;type_collision;lat;long;date
202400039933.0;1;75;75117;2;2;1.0;3.0;48.900474;2.320692;2024-06-17 08:10:00
202400039934.0;1;29;29232;2;1;1.0;2.0;47.994461;-4.099738;2024-07-17 13:35:00
202400039935.0;1;75;75110;2;2;1.0;3.0;48.881615;2.365813;2024-06-17 08:01:00
202400039936.0;1;29;29151;2;1;1.0;6.0;48.582057;-3.826864;2024-07-17 10:20:00
202400039937.0;1;93;93032;2;2;1.0;3.0;48.89086667;2.52072662;2024-08-24 17:00:00
202400039938.0;1;75;75115;2;2;1.0;3.0;48.842344;2.294174;2024-06-17 09:15:00
202400039939.0;1;27;27229;2;1;1.0;2.0;49.01492;1.14413;2024-07-18 21:09:00
202400039940.0;5;93;93031;2;2;1.0;3.0;48.96174;2.29519;2024-08-24 21:15:00
202400039941.0;1;75;75101;2;3;1.0;3.0;48.862497;2.338102;2024-06-17 13:35:00
202400039942.0;2;26;26252;2;1;1.0;1.0;44.871718;4.879725;2024-07-17 21:22:00
202400039943.0;5;93;93013;2;6;1.0;6.0;48.94274;2.42995;2024-08-25 03:40:00
202400039944.0;1;94;94044;2;1;1.0;6.0;48.75034869;2.48304226;2024-06-17 11:45:00
202400039945.0;1;34;34242;1;1;1.0;7.0;43.767824;3.981026;2024-08-26 08:15:00
202400039946.0;1;47;47015;1;1;1.0;6.0;44.055372;0.651369;2024-08-25 18:50:00
202400039947.0;1;94;94046;2;1;1.0;6.0;48.809999;2.436122;2024-06-17 19:00:00
202400039948.0;1;17;17415;2;3;1.0;4.0;45.748137;-0.668822;2024-07-18 13:10:00
202400039949.0;1;94;94041;2;1;1.0;3.0;48.8141;2.37928;2024-06-17 14:00:00
202400039950.0;1;62;62723;2;3;1.0;3.0;50.367413;1.777398;2024-08-26 14:20:00
202400039951.0;1;14;14366;1;9;1.0;2.0;49.13374;0.24611;2024-07-17 15:37:00
202400039952.0;1;28;28161;1;1;1.0;6.0;48.251427;1.123266;2024-08-26 16:25:00
202400039953.0;2;972;97220;1;1;2.0;7.0;14.491164;-60.896423;2024-08-24 06:00:00
202400039954.0;1;14;14338;2;6;7.0;3.0;49.30066;-0.07508;2024-07-17 10:35:00
202400039955.0;5;93;93053;2;3;1.0;5.0;48.887255;2.466368;2024-06-16 02:00:00
202400039956.0;3;972;97217;2;1;1.0;6.0;14.492733;-60.86194;2024-08-23 03:00:00
202400039957.0;1;13;13117;1;1;1.0;3.0;43.44964;5.23071;2024-07-17 17:30:00
202400039958.0;1;93;93031;2;5;1.0;6.0;48.94967;2.32944;2024-06-17 11:20:00
202400039959.0;1;26;26324;1;9;1.0;7.0;44.327901;4.738884;2024-08-26 09:55:00
202400039960.0;1;92;92046;2;1;1.0;7.0;48.81996977;2.29864204;2024-06-17 16:45:00
202400039961.0;1;13;13208;2;1;1.0;1.0;43.26876388;5.3855051;2024-07-18 14:06:00
202400039962.0;1;1;1075;2;1;1.0;2.0;46.028184;4.782127;2024-08-26 18:15:00
202400039963.0;1;92;92063;2;4;1.0;1.0;48.86664646;2.20087266;2024-06-17 15:35:00
202400039964.0;1;92;92062;2;3;1.0;3.0;48.88535612;2.25096524;2024-06-17 20:26:00
202400039965.0;1;13;13005;2;1;1.0;1.0;43.28754;5.58252;2024-07-14 18:40:00
202400039966.0;1;86;86070;1;2;7.0;3.0;46.57305;0.709192;2024-08-25 17:30:00
202400039967.0;1;92;92044;2;1;1.0;3.0;48.89829;2.29153;2024-06-17 18:10:00
202400039968.0;1;92;92040;2;1;1.0;6.0;48.82011812;2.25788033;2024-06-17 13:00:00
202400039969.0;5;971;97109;1;1;1.0;1.0;15.99549;-61.707062;2024-08-25 19:14:00
202400039970.0;1;92;92024;2;1;1.0;6.0;48.90515506;2.31050402;2024-06-17 11:30:00
202400039971.0;3;13;13004;1;1;1.0;2.0;43.65256;4.66736;2024-07-17 23:00:00
202400039972.0;3;84;84027;1;1;1.0;6.0;44.092239;4.734721;2024-08-24 22:00:00
202400039973.0;1;92;92032;2;3;1.0;7.0;48.78969378;2.28674716;2024-06-17 10:30:00
202400039974.0;4;11;11069;2;1;1.0;6.0;43.21255;2.3645;2024-07-18 03:30:00
202400039975.0;1;2A;2A085;1;6;1.0;2.0;41.91172;8.82681;2024-08-25 11:25:00
202400039976.0;1;92;92012;2;1;1.0;2.0;48.83556018;2.23190725;2024-06-17 12:25:00
202400039977.0;5;82;82112;2;1;1.0;6.0;44.10344;1.084116;2024-08-23 21:26:00
202400039978.0;1;92;92007;2;1;1.0;3.0;48.79273476;2.31565744;2024-06-17 16:10:00
202400039979.0;1;10;10265;2;1;1.0;2.0;48.3006;4.0408;2024-07-17 18:43:00
202400039980.0;1;65;65408;1;1;8.0;2.0;42.98404013;0.37578821;2024-08-26 07:50:00
202400039981.0;5;92;92002;2;9;1.0;6.0;48.7354925;2.28490341;2024-06-16 22:39:00
202400039982.0;3;95;95116;2;1;2.0;6.0;49.15430055;2.32363522;2024-06-18 00:20:00
202400039983.0;1;33;33296;2;1;1.0;1.0;44.849971;-0.023466;2024-08-26 09:15:00
202400039984.0;1;10;10081;2;1;1.0;2.0;48.30327;4.0301;2024-07-17 10:50:00
202400039985.0;1;40;40036;2;3;2.0;3.0;43.628028;-1.37179;2024-05-30 09:30:00
202400039986.0;1;5;5174;1;1;1.0;7.0;44.959621;6.678175;2024-06-17 08:15:00
202400039987.0;1;6;6069;2;7;1.0;3.0;43.6544402;6.9209851;2024-07-18 07:20:00
202400039988.0;1;69;69162;1;2;1.0;3.0;46.13904949;4.60837841;2024-08-26 16:00:00
202400039989.0;3;86;86068;1;1;1.0;6.0;46.21819;0.196374;2024-08-25 23:20:00
202400039990.0;1;974;97410;2;1;1.0;1.0;-21.064663;55.732275;2024-06-18 16:15:00
202400039991.0;1;6;6030;2;3;1.0;3.0;43.564982;7.01924;2024-07-18 15:00:00
202400039992.0;1;34;34239;2;2;1.0;3.0;43.649887;3.50039;2024-08-25 20:00:00
202400039993.0;1;51;51147;1;1;1.0;2.0;49.08226666;4.48117259;2024-06-18 19:10:00
202400039994.0;1;1;1289;2;3;1.0;3.0;46.17076;5.19814;2024-07-18 12:30:00
202400039995.0;1;62;62141;1;1;2.0;6.0;50.625995;2.342915;2024-06-16 11:50:00
202400039996.0;2;34;34235;1;1;7.0;1.0;43.63875;3.055709;2024-08-25 19:30:00
202400039997.0;1;80;80308;2;1;2.0;6.0;50.060731;1.608231;2024-06-14 16:25:00
202400039998.0;1;75;75120;2;1;1.0;2.0;48.859033;2.41411;2024-07-18 20:00:00
202400039999.0;1;68;68270;2;1;1.0;3.0;47.778087;7.286776;2024-08-23 07:45:00
202400040000.0;1;80;80704;1;1;1.0;1.0;49.965604;2.395363;2024-06-18 06:59:00
202400040001.0;1;75;75117;2;1;1.0;3.0;48.900188;2.320781;2024-07-18 14:30:00
202400040002.0;2;68;68129;1;1;7.0;2.0;47.732685;7.240178;2024-08-19 18:45:00
202400040003.0;2;69;69006;2;6;7.0;6.0;45.976346;4.33445;2024-06-05 07:50:00
202400040004.0;1;75;75112;2;1;1.0;2.0;48.827646;2.393653;2024-07-18 13:10:00
202400040005.0;2;24;24007;1;1;1.0;7.0;45.29592676;0.28705359;2024-09-19 19:50:00
202400040006.0;1;39;39106;1;2;1.0;3.0;46.46609;5.715321;2024-08-24 17:25:00
202400040007.0;1;1;1451;1;1;3.0;6.0;46.255194;5.250392;2024-08-18 13:57:00
202400040008.0;1;75;75119;2;1;1.0;3.0;48.900359;2.376642;2024-07-18 10:44:00
202400040009.0;1;11;11397;2;1;1.0;2.0;43.206134;2.431444;2024-06-17 12:30:00
202400040010.0;1;39;39501;2;1;1.0;6.0;47.126819;5.454556;2024-08-24 11:50:00
202400040011.0;1;89;89086;1;1;1.0;6.0;47.867178;3.192161;2024-06-17 20:55:00
202400040012.0;1;75;75117;2;1;1.0;3.0;48.89736;2.312431;2024-07-17 20:25:00
202400040013.0;1;6;6088;1;1;1.0;4.0;43.722544;7.223232;2024-09-30 17:05:00
202400040014.0;1;42;42027;1;1;7.0;1.0;45.926409;3.989083;2024-06-17 19:40:00
202400040015.0;1;39;39443;1;1;1.0;7.0;46.565057;5.590324;2024-08-26 15:42:00
202400040016.0;1;75;75115;2;1;1.0;4.0;48.833408;2.278343;2024-07-17 20:45:00
202400040017.0;1;29;29031;1;1;1.0;7.0;47.78081552;-3.54569917;2024-08-25 11:30:00
202400040018.0;1;46;46024;1;1;1.0;1.0;44.87177;1.867322;2024-06-18 14:00:00
202400040019.0;3;34;34129;1;1;1.0;2.0;43.589713;3.909609;2024-10-01 06:17:00
202400040020.0;1;29;29160;2;1;1.0;6.0;48.502032;-4.42709;2024-08-26 10:05:00
202400040021.0;1;41;41185;1;3;3.0;2.0;47.37272;1.698281;2024-06-16 14:00:00
202400040022.0;1;3;3206;1;1;1.0;7.0;46.177483;2.561059;2024-07-05 11:10:00
202400040023.0;1;973;97311;2;1;1.0;6.0;5.49338;-54.032332;2024-10-01 13:15:00
202400040024.0;1;75;75120;2;4;1.0;6.0;48.863783;2.397502;2024-07-17 19:35:00
202400040025.0;1;1;1351;2;1;1.0;3.0;46.139359;4.868842;2024-08-25 15:45:00
202400040026.0;1;34;34091;1;1;1.0;7.0;43.853531;3.348105;2024-06-18 13:15:00
202400040027.0;1;70;70342;1;1;7.0;7.0;47.516469;5.722032;2024-08-24 14:50:00
202400040028.0;5;971;97107;2;6;2.0;7.0;16.052789;-61.568761;2024-09-22 22:05:00
202400040029.0;1;75;75117;2;3;1.0;4.0;48.876732;2.297203;2024-07-18 09:00:00
202400040030.0;1;26;26349;1;1;1.0;1.0;45.223826;5.028348;2024-08-25 18:30:00
202400040031.0;2;68;68237;1;1;1.0;1.0;48.099178;7.282208;2024-06-17 21:25:00
202400040032.0;1;77;77176;2;9;1.0;2.0;48.801879;2.985837;2024-09-30 15:55:00
202400040033.0;1;75;75116;2;3;1.0;3.0;48.86322;2.296197;2024-07-17 12:55:00
202400040034.0;1;26;26329;1;1;1.0;7.0;44.324309;5.385479;2024-08-25 18:00:00
202400040035.0;1;29;29068;1;2;2.0;3.0;48.549525;-3.997741;2024-06-13 14:10:00
202400040036.0;1;75;75115;2;1;1.0;7.0;48.831782;2.290149;2024-07-18 17:30:00
202400040037.0;1;66;66053;2;9;1.0;6.0;42.524309;3.082706;2024-08-26 17:50:00
202400040038.0;1;26;26064;1;1;1.0;1.0;44.884652;5.014519;2024-09-30 16:30:00
202400040039.0;1;29;29176;1;3;8.0;6.0;48.112517;-4.24245;2024-06-18 14:00:00
202400040040.0;1;75;75114;2;2;1.0;6.0;48.841912;2.329557;2024-07-17 11:00:00
202400040041.0;1;6;6120;1;1;1.0;1.0;44.238212;6.941246;2024-08-25 15:35:00
202400040042.0;1;38;38134;1;1;1.0;6.0;45.437437;5.006289;2024-06-18 15:15:00
202400040043.0;1;69;69113;1;1;1.0;3.0;45.95471746;4.52488117;2024-09-29 17:05:00
202400040044.0;1;75;75113;2;2;1.0;3.0;48.841861;2.367854;2024-07-18 15:00:00
202400040045.0;1;50;50272;1;1;1.0;3.0;48.951486;-1.533575;2024-08-26 19:05:00
202400040046.0;1;73;73128;1;1;1.0;7.0;45.727109;5.945835;2024-08-25 15:50:00
202400040047.0;2;2;2801;2;2;1.0;3.0;49.739214;3.990009;2024-06-17 21:30:00
202400040048.0;1;75;75113;2;1;1.0;6.0;48.823651;2.377218;2024-07-18 11:10:00
202400040049.0;1;85;85092;2;6;3.0;6.0;46.464926;-0.802946;2024-10-01 10:25:00
202400040050.0;1;75;75112;2;1;1.0;3.0;48.82878212;2.38894165;2024-07-17 17:30:00
202400040051.0;1;36;36071;1;1;1.0;1.0;46.78271058;1.79991463;2024-08-26 16:55:00
202400040052.0;1;1;1138;2;3;1.0;3.0;45.848278;5.788894;2024-06-18 17:10:00
202400040053.0;1;50;50601;2;1;1.0;6.0;49.035014;-0.979478;2024-09-23 10:10:00
202400040054.0;1;72;72071;2;1;1.0;3.0;47.68633;0.428381;2024-06-17 11:40:00
202400040055.0;5;75;75110;2;3;1.0;3.0;48.875441;2.357791;2024-07-18 02:20:00
202400040056.0;1;7;7204;1;1;1.0;1.0;44.977629;4.436486;2024-08-25 19:40:00
202400040057.0;1;60;60509;2;1;1.0;3.0;49.301845;2.610304;2024-06-17 18:28:00
202400040058.0;1;75;75109;2;3;1.0;3.0;48.872248;2.338324;2024-07-18 16:00:00
202400040059.0;5;85;85146;2;6;1.0;6.0;46.968106;-1.331336;2024-08-25 03:00:00
202400040060.0;1;50;50564;1;2;1.0;7.0;49.233026;-1.282439;2024-10-01 09:58:00
202400040061.0;5;64;64221;1;1;1.0;1.0;43.32005;-0.924273;2024-04-20 22:56:00
202400040062.0;1;75;75108;2;3;1.0;6.0;48.877202;2.323061;2024-07-17 10:30:00
202400040063.0;1;87;87039;1;1;1.0;1.0;45.587795;1.365309;2024-08-25 16:40:00
202400040064.0;1;14;14166;2;1;1.0;7.0;49.285944;-0.288292;2024-10-01 14:50:00
202400040065.0;1;73;73128;1;1;1.0;3.0;45.718892;5.939451;2024-06-18 11:05:00
202400040066.0;5;75;75107;2;2;1.0;3.0;48.848255;2.315697;2024-07-18 22:20:00
202400040067.0;1;62;62705;1;1;1.0;6.0;50.8161;1.76498;2024-10-01 11:20:00
202400040068.0;1;10;10202;1;1;1.0;7.0;48.0949;4.0906;2024-06-17 10:30:00
202400040069.0;1;37;37086;1;1;1.0;1.0;47.478174;0.340362;2024-08-25 16:30:00
202400040070.0;1;7;7334;1;1;1.0;7.0;44.4090505;4.16362701;2024-06-18 15:26:00
202400040071.0;5;75;75103;2;2;1.0;1.0;48.869319;2.354257;2024-07-18 02:45:00
202400040072.0;2;30;30106;1;1;1.0;6.0;43.993026;3.964291;2024-07-27 06:25:00
202400040073.0;1;21;21527;1;1;1.0;6.0;46.935076;4.681454;2024-06-17 17:35:00
202400040074.0;1;94;94080;2;1;1.0;6.0;48.84861081;2.43187872;2024-07-17 08:45:00
202400040075.0;2;42;42159;1;1;1.0;6.0;45.844751;3.74107;2024-06-17 20:32:00
202400040076.0;3;94;94043;2;1;1.0;2.0;48.815629;2.361208;2024-07-17 22:06:00
202400040077.0;1;13;13210;2;1;1.0;6.0;43.28274;5.39405;2024-09-30 13:42:00
202400040078.0;1;34;34256;1;1;1.0;2.0;43.685346;4.050189;2024-06-17 19:00:00
202400040079.0;1;94;94034;2;1;1.0;3.0;48.76276912;2.33078438;2024-07-18 12:30:00
202400040080.0;1;95;95151;1;1;7.0;1.0;49.059582;2.269428;2024-08-25 18:20:00
202400040081.0;1;59;59491;1;1;1.0;2.0;50.410277;3.432989;2024-09-28 12:35:00
202400040082.0;1;94;94079;2;1;1.0;3.0;48.83099907;2.53549808;2024-07-17 18:20:00
202400040083.0;1;976;97617;1;1;1.0;5.0;-12.783658;45.107481;2024-06-17 12:59:00
202400040084.0;3;30;30189;1;1;2.0;2.0;43.82234549;4.38109311;2024-08-25 03:50:00
202400040085.0;1;69;69013;1;1;1.0;6.0;46.01185;4.72939;2024-06-17 12:19:00
202400040086.0;1;94;94017;2;1;1.0;2.0;48.815185;2.505739;2024-07-18 19:30:00
202400040087.0;3;59;59459;1;1;1.0;2.0;50.38072;3.46642;2024-09-27 03:15:00
202400040088.0;3;45;45331;1;1;1.0;6.0;47.725023;2.185381;2024-06-16 01:45:00
202400040089.0;1;93;93066;2;2;1.0;6.0;48.94219;2.34162;2024-07-18 13:25:00
202400040090.0;2;91;91232;1;1;3.0;1.0;48.473344;2.385675;2024-06-16 21:15:00
202400040091.0;1;976;97616;1;9;1.0;1.0;-12.842515;45.116783;2024-08-25 10:40:00
202400040092.0;1;91;91200;2;1;1.0;7.0;48.53029;2.027428;2024-06-18 15:05:00
202400040093.0;1;62;62498;1;1;1.0;5.0;50.44709194;2.83848387;2024-09-26 13:46:00
202400040094.0;1;93;93049;2;2;1.0;6.0;48.86297;2.5026;2024-07-18 15:45:00
202400040095.0;1;28;28408;1;1;1.0;6.0;48.37883;1.888036;2024-08-25 07:00:00
202400040096.0;1;66;66023;1;1;1.0;2.0;42.65477;2.582035;2024-06-17 17:45:00
202400040097.0;3;974;97406;2;1;1.0;2.0;-21.144886;55.618962;2024-08-26 05:15:00
202400040098.0;1;91;91228;1;1;8.0;4.0;48.61908;2.42635;2024-09-30 18:10:00
202400040099.0;1;66;66037;2;3;1.0;3.0;42.697648;3.033471;2024-06-16 19:00:00
202400040100.0;3;971;97121;1;1;1.0;1.0;16.192292;-61.779841;2024-08-25 00:20:00
202400040101.0;1;34;34145;2;1;1.0;6.0;43.690055;4.131922;2024-06-17 17:53:00
202400040102.0;1;78;78043;1;1;2.0;3.0;48.824303;2.073819;2024-09-30 18:10:00
202400040103.0;1;34;34057;1;1;1.0;7.0;43.65116;3.926057;2024-06-17 11:35:00
202400040104.0;1;29;29136;1;1;1.0;3.0;47.928084;-3.489071;2024-08-25 18:20:00
202400040105.0;1;83;83042;1;1;1.0;3.0;43.245445;6.548957;2024-06-10 17:00:00
202400040106.0;1;95;95211;1;1;1.0;1.0;49.08286555;2.10036425;2024-08-26 15:35:00
202400040107.0;1;68;68154;2;1;1.0;2.0;47.765746;7.382008;2024-06-17 17:10:00
202400040108.0;3;95;95656;1;1;1.0;6.0;49.06161609;1.71983403;2024-08-25 23:22:00
202400040109.0;3;78;78291;1;1;8.0;4.0;48.96872;1.74117;2024-09-29 20:10:00
202400040110.0;1;68;68255;2;3;1.0;3.0;47.987164;7.287538;2024-06-18 13:20:00
202400040111.0;3;42;42168;1;1;1.0;6.0;45.420353;4.700357;2024-06-07 23:20:00
202400040112.0;5;66;66008;2;1;1.0;5.0;42.546366;3.031577;2024-08-26 01:10:00
202400040113.0;1;44;44201;2;1;2.0;6.0;47.334946;-1.534894;2024-06-10 15:00:00
202400040114.0;1;4;4193;1;1;1.0;7.0;44.532424;6.707596;2024-08-26 13:40:00
202400040115.0;2;78;78362;1;1;2.0;4.0;48.97556;1.7241;2024-09-29 19:55:00
202400040116.0;1;33;33104;2;3;1.0;1.0;45.027314;-0.800108;2024-06-17 16:38:00
202400040117.0;1;13;13085;1;1;1.0;7.0;43.246191;5.56994;2024-08-25 18:30:00
202400040118.0;1;78;78322;1;1;8.0;2.0;48.78413;2.15691;2024-09-29 13:27:00
202400040119.0;1;60;60524;1;9;1.0;3.0;49.342643;2.432989;2024-06-18 16:40:00
202400040120.0;1;13;13042;1;1;1.0;1.0;43.266363;5.653496;2024-08-25 18:00:00
202400040121.0;1;71;71513;2;1;1.0;6.0;46.39702403;4.861858;2024-08-26 18:20:00
202400040122.0;1;60;60462;2;1;1.0;2.0;49.323669;2.201341;2024-06-04 17:15:00
202400040123.0;3;92;92025;1;1;1.0;2.0;48.93090698;2.24424749;2024-09-28 02:35:00
202400040124.0;1;21;21292;2;1;1.0;2.0;47.237921;5.224375;2024-08-24 14:55:00
202400040125.0;1;59;59053;2;1;1.0;6.0;50.293233;3.802723;2024-06-17 17:00:00
202400040126.0;1;13;13215;1;1;1.0;2.0;43.38249668;5.35142;2024-06-17 16:20:00
202400040127.0;3;93;93078;1;1;1.0;2.0;48.95912175;2.53661523;2024-09-29 06:00:00
202400040128.0;3;3;3235;1;1;2.0;1.0;46.24244;3.517932;2024-08-24 20:48:00
202400040129.0;1;59;59009;1;1;1.0;6.0;50.61670835;3.13566686;2024-06-16 06:50:00
202400040130.0;5;73;73050;1;1;1.0;1.0;45.687235;5.844727;2024-08-26 09:40:00
202400040131.0;1;91;91689;1;1;1.0;4.0;48.72847;2.31412;2024-06-17 13:00:00
202400040132.0;3;93;93005;1;1;1.0;2.0;48.96577048;2.47591738;2024-09-29 00:50:00
202400040133.0;1;73;73160;1;1;1.0;6.0;45.54058125;5.91150597;2024-08-17 09:15:00
202400040134.0;1;91;91689;1;1;1.0;2.0;48.728;2.314;2024-06-17 11:08:00
202400040135.0;1;1;1049;2;2;1.0;3.0;45.844691;5.034576;2024-08-25 13:30:00
202400040136.0;1;93;93005;1;1;1.0;3.0;48.96688397;2.47596934;2024-09-28 13:44:00
202400040137.0;1;78;78043;1;1;1.0;4.0;48.838972;2.092776;2024-06-16 14:10:00
202400040138.0;1;1;1249;2;1;1.0;1.0;45.827569;4.961722;2024-08-25 17:30:00
202400040139.0;3;78;78321;1;1;1.0;6.0;48.7986;1.9235;2024-06-16 03:30:00
202400040140.0;5;94;94046;1;1;1.0;7.0;48.81292733;2.44895577;2024-09-30 20:10:00
202400040141.0;3;78;78646;1;1;1.0;2.0;48.791178;2.10515;2024-06-15 00:13:00
202400040142.0;1;22;22208;1;1;2.0;7.0;48.313234;-2.039756;2024-08-23 13:05:00
202400040143.0;1;94;94073;1;1;1.0;3.0;48.7542676;2.38140831;2024-09-30 12:15:00
202400040144.0;1;22;22277;1;1;1.0;2.0;48.367398;-2.837766;2024-08-26 14:47:00
202400040145.0;1;93;93008;1;1;1.0;4.0;48.90795832;2.45209157;2024-06-17 12:25:00
202400040146.0;1;91;91174;2;6;1.0;6.0;48.6141;2.47955;2024-05-25 15:05:00
202400040147.0;1;93;93064;1;1;1.0;2.0;48.8864869;2.48369694;2024-06-17 11:20:00
202400040148.0;1;2;2020;1;1;1.0;4.0;49.8640207;4.23625946;2024-08-26 15:00:00
202400040149.0;1;95;95572;1;1;1.0;6.0;49.03152404;2.10610813;2024-06-17 07:00:00
202400040150.0;1;2;2495;2;1;1.0;6.0;49.965704;4.053794;2024-08-25 07:10:00
202400040151.0;1;91;91521;1;1;1.0;4.0;48.626;2.396;2024-05-13 18:41:00
202400040152.0;1;29;29230;1;1;2.0;7.0;47.965517;-3.577048;2024-03-28 18:10:00
202400040153.0;3;59;59181;2;1;1.0;2.0;50.169394;3.953447;2024-08-24 02:20:00
202400040154.0;1;14;14712;2;1;1.0;2.0;49.17943991;-0.19301341;2024-03-10 17:05:00
202400040155.0;1;28;28005;2;1;7.0;1.0;48.24661741;1.4099732;2024-05-11 13:25:00
202400040156.0;5;59;59559;2;1;1.0;5.0;50.332896;3.656598;2024-08-26 00:35:00
202400040157.0;1;987;98736;2;9;1.0;3.0;-17.53421;-149.54872;2024-06-15 12:25:00
202400040158.0;3;974;97416;2;1;1.0;7.0;-21.28241717;55.47471964;2024-06-16 21:20:00
202400040159.0;1;93;93072;2;3;2.0;3.0;48.948762;2.380822;2024-02-07 09:40:00
202400040160.0;1;972;97213;1;9;1.0;7.0;14.63417;-60.99193;2024-06-16 06:23:00
202400040161.0;2;13;13026;1;1;1.0;7.0;43.40012173;5.09963791;2024-06-16 20:45:00
202400040162.0;1;57;57206;2;1;1.0;6.0;49.306651;6.115662;2024-07-26 17:50:00
202400040163.0;1;971;97120;2;9;1.0;3.0;16.23129799;-61.53344214;2024-06-16 16:15:00
202400040164.0;1;974;97411;1;1;1.0;6.0;-20.87495;55.43433;2024-09-28 15:00:00
202400040165.0;1;95;95203;2;1;1.0;6.0;48.99662128;2.27116303;2024-06-16 10:54:00
202400040166.0;1;69;69149;2;1;1.0;6.0;45.70283;4.82799;2024-09-29 10:30:00
202400040167.0;1;33;33096;1;1;1.0;4.0;44.89454;-0.49839;2024-08-25 13:45:00
202400040168.0;1;69;69149;2;1;1.0;3.0;45.70327308;4.82784495;2024-09-29 10:30:00
202400040169.0;1;91;91657;2;1;2.0;2.0;48.70075;2.42208;2024-06-16 14:20:00
202400040170.0;1;91;91689;1;1;1.0;4.0;48.72538;2.31308;2024-08-25 16:20:00
202400040171.0;1;88;88160;2;6;8.0;2.0;48.16445;6.44898;2024-06-16 15:50:00
202400040172.0;1;95;95680;1;1;1.0;1.0;49.01334167;2.41483158;2024-09-29 16:30:00
202400040173.0;3;91;91689;1;1;1.0;6.0;48.73875;2.31948;2024-08-24 23:40:00
202400040174.0;1;86;86066;1;3;1.0;3.0;46.83333;0.519707;2024-06-11 17:30:00
202400040175.0;1;92;92047;1;1;1.0;2.0;48.83211998;2.15311333;2024-08-25 18:05:00
202400040176.0;1;95;95277;2;3;1.0;3.0;48.99007183;2.42962897;2024-09-27 16:45:00
202400040177.0;1;84;84031;1;1;1.0;6.0;44.099;5.077;2024-06-16 19:30:00
202400040178.0;1;78;78133;1;1;1.0;6.0;48.890249;2.009842;2024-08-25 08:58:00
202400040179.0;1;77;77373;2;3;1.0;3.0;48.79293;2.61215;2024-06-16 15:00:00
202400040180.0;1;92;92072;1;1;1.0;7.0;48.82602589;2.22262601;2024-08-25 07:50:00
202400040181.0;1;91;91312;2;2;1.0;3.0;48.73521;2.21769;2024-09-29 15:35:00
202400040182.0;1;83;83137;2;1;1.0;6.0;43.10371;5.92776;2024-09-28 16:10:00
202400040183.0;1;94;94065;1;1;1.0;5.0;48.75356897;2.35662818;2024-08-25 17:15:00
202400040184.0;1;77;77400;1;1;2.0;1.0;48.79857251;3.03098565;2024-06-15 17:40:00
202400040185.0;5;83;83137;2;3;1.0;3.0;43.12541;5.93291;2024-09-29 00:01:00
202400040186.0;2;976;97611;2;4;1.0;3.0;-12.78903;45.22131;2024-08-23 17:43:00
202400040187.0;2;973;97302;2;1;1.0;7.0;4.93564579;-52.32753485;2024-08-24 18:35:00
202400040188.0;1;83;83069;2;1;1.0;1.0;43.11943;6.14461;2024-09-29 14:15:00
202400040189.0;1;74;74012;2;3;1.0;1.0;46.19755;6.23584;2024-06-16 18:31:00
202400040190.0;5;69;69384;2;1;1.0;6.0;45.77984;4.83224;2024-08-24 21:00:00
202400040191.0;3;972;97209;1;1;2.0;6.0;14.60619;-61.08773;2024-08-24 01:30:00
202400040192.0;1;83;83069;2;3;1.0;3.0;43.11948;6.14388;2024-09-27 13:06:00
202400040193.0;1;74;74012;2;3;1.0;3.0;46.18406;6.24684;2024-06-16 16:05:00
202400040194.0;1;74;74133;1;1;1.0;2.0;46.18515;6.21907;2024-06-15 17:20:00
202400040195.0;1;69;69384;2;1;1.0;4.0;45.77989;4.84073;2024-08-24 11:50:00
202400040196.0;1;69;69264;2;1;1.0;6.0;45.99799;4.71357;2024-06-15 16:00:00
202400040197.0;1;971;97113;1;1;1.0;6.0;16.20473;-61.47999;2024-08-24 11:15:00
202400040198.0;1;77;77284;2;1;1.0;6.0;48.95702517;2.8995465;2024-09-29 17:29:00
202400040199.0;1;66;66136;2;2;1.0;1.0;42.70439946;2.89271951;2024-06-16 10:20:00
202400040200.0;1;74;74012;2;2;1.0;3.0;46.197931;6.236084;2024-09-29 18:00:00
202400040201.0;1;971;97101;1;1;1.0;1.0;16.2613;-61.4625;2024-08-23 17:19:00
202400040202.0;1;65;65440;2;4;1.0;3.0;43.23215575;0.08743575;2024-06-16 15:50:00
202400040203.0;1;2A;2A004;2;3;1.0;3.0;41.95251083;8.78444575;2024-08-24 19:30:00
202400040204.0;1;71;71306;1;1;1.0;2.0;46.6635;4.33484;2024-09-29 14:35:00
202400040205.0;1;65;65286;2;6;1.0;5.0;43.107;-0.03939;2024-06-16 14:50:00
202400040206.0;1;71;71306;2;2;1.0;3.0;46.67903995;4.36570823;2024-09-29 15:40:00
202400040207.0;1;91;91114;2;3;1.0;3.0;48.69302;2.5025;2024-08-24 12:50:00
202400040208.0;1;63;63300;2;1;1.0;3.0;45.89342697;3.09942394;2024-06-16 14:05:00
202400040209.0;1;69;69091;2;3;8.0;3.0;45.60007;4.76958;2024-09-28 09:50:00
202400040210.0;1;91;91521;1;1;8.0;6.0;48.62991;2.39727;2024-08-24 19:45:00
202400040211.0;1;62;62464;2;1;1.0;6.0;50.48855644;2.80891385;2024-06-16 08:30:00
202400040212.0;1;66;66136;2;1;8.0;6.0;42.69507961;2.90076613;2024-09-29 18:20:00
202400040213.0;1;59;59392;2;2;8.0;3.0;50.266683;3.940562;2024-06-15 21:25:00
202400040214.0;1;91;91223;2;1;1.0;6.0;48.43426;2.1619;2024-08-24 11:10:00