Num_Acc;lum;departement;commune;agglomeration;intersection;meteo;type_collision;lat;long;date
202400040215.0;1;59;59017;2;1;1.0;6.0;50.68415;2.86509;2024-06-11 08:30:00
202400040216.0;1;63;63113;2;1;1.0;6.0;45.77034;3.0918;2024-09-29 11:00:00
202400040217.0;5;91;91223;2;1;1.0;1.0;48.44;2.155;2024-08-24 05:40:00
202400040218.0;1;63;63113;2;1;1.0;6.0;45.78896771;3.08125734;2024-09-29 10:50:00
202400040219.0;1;57;57672;2;2;1.0;3.0;49.35682;6.16063;2024-06-15 19:00:00
202400040220.0;1;62;62186;2;1;1.0;6.0;50.45007912;2.71979034;2024-09-28 17:50:00
202400040221.0;3;51;51454;2;1;1.0;6.0;49.2403;4.06871;2024-06-16 04:00:00
202400040222.0;5;83;83129;2;3;1.0;5.0;43.08992148;5.83048535;2024-08-24 01:20:00
202400040223.0;1;51;51454;2;6;1.0;1.0;49.24636;4.06152;2024-06-15 18:05:00
202400040224.0;5;59;59512;2;2;1.0;3.0;50.70775;3.18659;2024-09-29 22:54:00
202400040225.0;1;49;49007;2;1;2.0;3.0;47.47314;-0.59992;2024-06-16 15:30:00
202400040226.0;1;78;78498;2;1;1.0;5.0;48.918806;2.039207;2024-08-23 17:33:00
202400040227.0;2;59;59437;1;1;1.0;3.0;50.57547;3.02934;2024-09-29 06:45:00
202400040228.0;1;47;47001;2;1;1.0;7.0;44.19592;0.63346;2024-06-15 16:25:00
202400040229.0;1;42;42186;2;2;1.0;3.0;45.5299;4.60477;2024-06-15 17:50:00
202400040230.0;2;51;51230;2;3;2.0;6.0;49.0374;3.97096;2024-09-27 20:13:00
202400040231.0;1;41;41018;2;1;1.0;6.0;47.5837;1.31116;2024-06-14 17:25:00
202400040232.0;3;38;38111;1;9;1.0;1.0;45.11851906;5.68625003;2024-06-16 22:55:00
202400040233.0;2;45;45284;2;3;1.0;3.0;47.91414;1.96959;2024-09-29 19:30:00
202400040234.0;5;38;38421;2;2;1.0;3.0;45.17242;5.75663;2024-06-16 03:00:00
202400040235.0;1;37;37261;2;1;1.0;6.0;47.42564;0.67968;2024-09-28 16:40:00
202400040236.0;5;37;37261;2;3;2.0;3.0;47.42564;0.69058;2024-06-16 00:20:00
202400040237.0;1;34;34301;2;2;1.0;3.0;43.41101;3.67899;2024-09-29 12:00:00
202400040238.0;5;33;33192;2;9;1.0;3.0;44.79057;-0.60539;2024-06-16 21:42:00
202400040239.0;1;34;34172;2;1;1.0;2.0;43.61207;3.82412;2024-09-27 14:40:00
202400040240.0;1;31;31149;2;1;1.0;6.0;43.6166;1.32494;2024-09-29 11:45:00
202400040241.0;1;25;25388;2;1;1.0;1.0;47.51151;6.78765;2024-06-15 16:25:00
202400040242.0;1;29;29232;2;9;2.0;7.0;47.986956;-4.074021;2024-09-29 16:25:00
202400040243.0;1;19;19275;2;1;3.0;6.0;45.5526;2.31418;2024-06-14 19:40:00
202400040244.0;1;13;13207;2;1;1.0;7.0;43.27773745;5.3690511;2024-06-16 13:30:00
202400040245.0;5;25;25056;2;3;1.0;6.0;47.23983;6.00509;2024-09-29 05:45:00
202400040246.0;3;13;13005;1;9;1.0;3.0;43.26713;5.58789;2024-06-15 23:30:00
202400040247.0;1;9;9225;1;9;1.0;3.0;43.10208;1.6342;2024-06-16 11:25:00
202400040248.0;1;17;17306;2;1;1.0;1.0;45.6407;-1.0439;2024-09-29 11:15:00
202400040249.0;1;9;9122;2;9;1.0;6.0;42.99173;1.615968;2024-06-14 16:30:00
202400040250.0;1;14;14001;1;2;1.0;3.0;49.37629;0.2757;2024-09-28 14:41:00
202400040251.0;1;7;7072;1;1;8.0;1.0;44.73573;4.61869;2024-06-15 09:50:00
202400040252.0;1;6;6088;2;2;1.0;3.0;43.70353;7.27438;2024-06-16 16:20:00
202400040253.0;5;13;13212;2;2;1.0;3.0;43.30424;5.41312;2024-09-29 22:10:00
202400040254.0;1;6;6088;2;1;1.0;3.0;43.6657439;7.2070007;2024-06-16 10:30:00
202400040255.0;1;13;13208;2;1;1.0;3.0;43.26021;5.39393;2024-09-29 15:40:00
202400040256.0;1;6;6088;2;1;1.0;6.0;43.666255;7.211302;2024-06-16 09:47:00
202400040257.0;1;12;12145;2;2;1.0;3.0;44.11088807;3.07194471;2024-09-27 07:45:00
202400040258.0;1;5;5061;2;1;1.0;6.0;44.53461;6.06198;2024-06-02 10:07:00
202400040259.0;1;7;7186;1;9;1.0;2.0;44.71927;4.60369;2024-09-28 18:05:00
202400040260.0;1;75;75120;2;1;2.0;3.0;48.865153;2.413215;2024-06-16 16:05:00
202400040261.0;1;75;75102;2;3;1.0;2.0;48.871668;2.341648;2024-09-28 16:16:00
202400040262.0;5;75;75117;2;1;1.0;2.0;48.895562;2.307691;2024-06-16 00:25:00
202400040263.0;5;75;75119;2;1;1.0;6.0;48.87889;2.382701;2024-06-15 23:50:00
202400040264.0;1;75;75118;2;1;1.0;6.0;48.893901;2.363916;2024-09-29 16:00:00
202400040265.0;1;75;75116;2;1;1.0;2.0;48.855017;2.228805;2024-06-16 16:30:00
202400040266.0;5;75;75117;2;2;1.0;3.0;48.876975;2.285566;2024-09-29 21:35:00
202400040267.0;1;75;75116;2;1;1.0;3.0;48.84021;2.267687;2024-06-15 17:10:00
202400040268.0;2;75;75117;2;2;1.0;3.0;48.881568;2.29134;2024-09-29 19:10:00
202400040269.0;1;75;75115;2;3;2.0;3.0;48.842969;2.31282;2024-06-16 16:20:00
202400040270.0;1;75;75116;2;2;1.0;7.0;48.86510879;2.29890794;2024-09-29 10:50:00
202400040271.0;1;75;75115;2;3;1.0;6.0;48.830211;2.301941;2024-06-16 12:30:00
202400040272.0;1;75;75116;2;1;1.0;4.0;48.860433;2.237218;2024-09-28 15:50:00
202400040273.0;1;75;75114;2;1;1.0;6.0;48.824023;2.341471;2024-06-16 18:50:00
202400040274.0;1;75;75116;2;1;1.0;5.0;48.852016;2.232029;2024-09-28 17:15:00
202400040275.0;1;75;75108;2;3;1.0;3.0;48.874133;2.323922;2024-06-16 13:15:00
202400040276.0;1;75;75113;2;1;1.0;1.0;48.826498;2.362522;2024-09-29 08:30:00
202400040277.0;5;75;75108;2;4;2.0;2.0;48.866878;2.301414;2024-06-16 03:00:00
202400040278.0;1;75;75113;2;1;1.0;3.0;48.834898;2.343458;2024-09-28 14:35:00
202400040279.0;5;75;75104;2;3;2.0;6.0;48.85832094;2.34915823;2024-06-16 00:30:00
202400040280.0;1;75;75112;2;1;1.0;1.0;48.83036;2.44987;2024-09-29 18:25:00
202400040281.0;1;94;94052;2;3;2.0;2.0;48.8382;2.49183;2024-06-16 12:10:00
202400040282.0;1;94;94004;2;1;1.0;3.0;48.75566;2.52625;2024-09-29 16:00:00
202400040283.0;5;94;94046;2;3;1.0;3.0;48.81032;2.42372;2024-06-16 00:35:00
202400040284.0;5;94;94002;2;2;1.0;1.0;48.79885;2.42342;2024-09-28 23:05:00
202400040285.0;1;94;94081;2;2;2.0;6.0;48.798375;2.38175118;2024-06-16 11:15:00
202400040286.0;1;93;93029;2;3;1.0;3.0;48.91896797;2.43695413;2024-09-29 18:35:00
202400040287.0;5;93;93010;2;2;1.0;3.0;48.90989525;2.48014497;2024-09-29 04:30:00
202400040288.0;1;93;93073;2;3;2.0;3.0;48.95872;2.57285;2024-06-16 10:30:00
202400040289.0;1;93;93001;2;2;1.0;1.0;48.91274;2.3678;2024-09-29 17:30:00
202400040290.0;1;93;93008;2;4;1.0;4.0;48.9098;2.4445;2024-06-15 10:30:00
202400040291.0;2;92;92073;2;1;1.0;4.0;48.86704997;2.22877711;2024-09-29 18:45:00
202400040292.0;5;92;92050;2;7;2.0;2.0;48.88839188;2.19408285;2024-09-29 20:50:00
202400040293.0;1;92;92051;2;1;2.0;4.0;48.87997;2.27643;2024-06-16 09:55:00
202400040294.0;1;92;92020;2;1;2.0;6.0;48.80162846;2.28478718;2024-06-16 16:20:00
202400040295.0;3;72;72226;1;1;2.0;6.0;47.79935736;0.09178278;2024-06-16 22:55:00
202400040296.0;1;92;92024;2;6;1.0;2.0;48.90343;2.28967;2024-09-29 17:23:00
202400040297.0;3;95;95353;1;1;2.0;2.0;49.088951;2.311072;2024-09-27 23:39:00
202400040298.0;1;63;63425;2;6;1.0;3.0;45.66782;3.12376;2024-06-17 11:50:00
202400040299.0;1;2A;2A211;1;1;1.0;7.0;41.764714;8.946186;2024-09-26 10:36:00
202400040300.0;1;63;63396;2;1;1.0;7.0;45.67427265;3.08130562;2024-06-16 17:15:00
202400040301.0;3;31;31169;2;1;1.0;6.0;43.5183071;1.546133;2024-09-22 00:01:00
202400040302.0;1;95;95480;2;1;1.0;3.0;49.11436297;2.20947409;2024-06-13 08:00:00
202400040303.0;1;81;81299;1;1;1.0;6.0;43.66217184;1.93214321;2024-09-26 15:15:00
202400040304.0;1;62;62706;2;1;1.0;6.0;50.578952;2.738919;2024-09-29 12:20:00
202400040305.0;1;77;77047;1;1;8.0;2.0;48.881369;2.887688;2024-06-15 16:15:00
202400040306.0;1;93;93029;2;1;8.0;3.0;48.92226;2.44777;2024-12-10 16:00:00
202400040307.0;1;54;54067;1;1;1.0;6.0;49.43265;5.675914;2024-09-29 14:35:00
202400040308.0;1;23;23247;1;1;1.0;2.0;46.214467;1.735969;2024-06-17 16:45:00
202400040309.0;5;92;92078;1;1;2.0;6.0;48.92795;2.33113;2024-12-10 17:47:00
202400040310.0;5;92;92078;2;1;2.0;6.0;48.92501814;2.32557222;2024-12-08 18:25:00
202400040311.0;1;12;12157;1;1;1.0;1.0;44.399418;2.745509;2024-06-17 10:05:00
202400040312.0;1;68;68032;1;3;1.0;3.0;47.834419;7.222459;2024-09-29 14:40:00
202400040313.0;2;92;92064;2;1;8.0;6.0;48.84188999;2.203026;2024-12-10 08:45:00
202400040314.0;1;22;22093;1;1;1.0;6.0;48.470766;-2.554429;2024-06-16 16:25:00
202400040315.0;1;36;36200;1;1;1.0;6.0;46.61074888;1.51769511;2024-09-29 18:50:00
202400040316.0;5;92;92063;2;1;1.0;6.0;48.86254428;2.19486706;2024-11-27 18:10:00
202400040317.0;5;92;92050;2;9;2.0;4.0;48.88022804;2.21966051;2024-12-09 18:30:00
202400040318.0;1;30;30290;1;1;1.0;7.0;44.26761;4.600439;2024-06-16 06:57:00
202400040319.0;3;30;30221;1;1;1.0;1.0;44.017856;4.741352;2024-09-29 20:35:00
202400040320.0;2;92;92044;2;2;2.0;6.0;48.89537833;2.27896415;2024-12-09 08:20:00
202400040321.0;1;22;22053;1;1;8.0;6.0;48.277463;-2.360945;2024-09-30 16:10:00
202400040322.0;5;92;92040;2;2;2.0;1.0;48.82970324;2.26081453;2024-12-10 17:20:00
202400040323.0;3;51;51488;1;6;2.0;6.0;49.107567;3.982949;2024-09-26 22:10:00
202400040324.0;1;44;44087;2;1;2.0;5.0;46.983107;-1.810735;2024-06-17 07:50:00
202400040325.0;5;92;92026;2;1;1.0;7.0;48.90109706;2.26021738;2024-12-10 18:30:00
202400040326.0;2;59;59261;2;1;3.0;1.0;50.038637;4.057426;2024-09-27 19:30:00
202400040327.0;5;92;92023;2;9;5.0;3.0;48.79110895;2.260167;2024-12-10 07:20:00
202400040328.0;1;41;41228;1;1;8.0;1.0;47.769474;0.916361;2024-06-17 07:40:00
202400040329.0;5;92;92012;2;1;2.0;7.0;48.83499769;2.24781543;2024-12-09 17:40:00
202400040330.0;1;59;59647;1;1;1.0;1.0;50.831041;2.217371;2024-09-29 14:00:00
202400040331.0;1;51;51092;1;1;1.0;6.0;48.75836341;3.761327;2024-06-17 18:45:00
202400040332.0;1;92;92009;2;3;1.0;6.0;48.90872;2.26546;2024-11-28 13:30:00
202400040333.0;1;59;59631;2;9;1.0;7.0;50.069446;3.335643;2024-06-11 21:25:00
202400040334.0;5;92;92004;2;3;1.0;3.0;48.90725799;2.28589006;2024-11-24 22:40:00
202400040335.0;1;76;76619;1;2;1.0;3.0;49.993174;1.354322;2024-09-28 12:35:00
202400040336.0;1;19;19091;1;1;1.0;7.0;45.08697495;1.96867852;2024-06-16 12:00:00
202400040337.0;2;22;22116;1;3;1.0;3.0;48.536357;-3.044908;2024-12-11 17:40:00
202400040338.0;1;2B;2B281;1;1;1.0;2.0;42.813206;9.464239;2024-06-08 09:45:00
202400040339.0;2;33;33081;2;6;1.0;3.0;44.636798;-0.321736;2024-12-11 07:12:00
202400040340.0;1;12;12223;1;3;1.0;3.0;44.764942;2.88287;2024-09-29 13:40:00
202400040341.0;1;82;82026;1;1;1.0;7.0;44.045945;1.673849;2024-06-16 14:45:00
202400040342.0;4;974;97422;2;1;1.0;6.0;-21.244087;55.527273;2024-12-11 00:30:00
202400040343.0;1;65;65025;1;1;1.0;1.0;43.009778;-0.085809;2024-06-16 16:46:00
202400040344.0;3;86;86075;1;1;1.0;5.0;46.786198;0.125555;2024-09-29 21:00:00
202400040345.0;1;11;11203;2;1;8.0;3.0;43.191002;2.75465;2024-12-11 12:12:00
202400040346.0;2;34;34077;2;1;1.0;7.0;43.652461;3.894873;2024-12-10 17:00:00
202400040347.0;1;81;81305;1;1;1.0;7.0;43.699038;2.432495;2024-06-16 18:40:00
202400040348.0;1;22;22245;1;2;1.0;3.0;48.629111;-3.357938;2024-09-29 11:30:00
202400040349.0;3;11;11302;1;1;1.0;6.0;42.813505;2.326612;2024-06-16 23:30:00
202400040350.0;1;24;24030;1;1;1.0;2.0;45.16343825;1.22687563;2024-12-11 08:45:00
202400040351.0;3;82;82117;1;1;1.0;7.0;44.336787;0.963181;2024-12-10 18:50:00
202400040352.0;1;71;71014;2;9;2.0;3.0;46.960423;4.304988;2024-06-17 12:19:00
202400040353.0;5;65;65401;2;2;1.0;3.0;43.182176;0.102088;2024-12-11 18:30:00
202400040354.0;1;63;63430;2;1;1.0;6.0;45.83933303;3.50203961;2024-06-17 12:20:00
202400040355.0;2;65;65366;1;1;2.0;1.0;43.110054;-0.070488;2024-12-11 15:44:00
202400040356.0;1;29;29216;1;2;1.0;2.0;47.99327625;-4.2294841;2024-09-27 17:50:00
202400040357.0;1;81;81114;1;1;1.0;2.0;44.025035;2.126144;2024-12-10 15:15:00
202400040358.0;1;63;63332;1;1;1.0;6.0;45.993921;3.282552;2024-06-16 16:15:00
202400040359.0;2;1;1036;1;1;2.0;1.0;45.866988;5.66298;2024-09-27 06:45:00
202400040360.0;1;55;55286;1;1;1.0;1.0;49.058486;5.287836;2024-12-11 08:30:00
202400040361.0;3;70;70530;1;1;1.0;6.0;47.541165;6.548238;2024-09-29 20:22:00
202400040362.0;1;39;39477;2;1;8.0;1.0;46.978827;5.433722;2024-06-16 20:30:00
202400040363.0;1;46;46194;1;2;1.0;3.0;44.80320713;1.35116816;2024-12-11 12:30:00
202400040364.0;1;26;26083;1;1;1.0;1.0;45.2568;4.947375;2024-09-03 09:39:00
202400040365.0;3;25;25240;2;1;1.0;1.0;47.089315;6.63343;2024-06-16 05:45:00
202400040366.0;3;47;47188;1;1;2.0;6.0;44.548246;0.461383;2024-11-20 18:45:00
202400040367.0;1;6;6020;2;1;1.0;1.0;43.990763;7.323085;2024-09-28 13:10:00
202400040368.0;2;44;44161;2;1;8.0;3.0;47.5128385;-2.0384698;2024-12-11 08:00:00
202400040369.0;1;31;31126;1;1;1.0;6.0;43.70601069;1.07855514;2024-06-15 12:38:00
202400040370.0;1;6;6103;2;1;2.0;1.0;43.998904;7.315183;2024-09-26 14:10:00
202400040371.0;1;29;29210;1;3;2.0;2.0;48.58041612;-4.02313914;2024-12-10 09:51:00
202400040372.0;1;6;6073;1;1;7.0;6.0;44.206512;7.114162;2024-09-29 10:45:00
202400040373.0;5;29;29171;2;1;1.0;1.0;47.81934257;-4.28738109;2024-12-10 18:00:00
202400040374.0;1;14;14520;1;3;1.0;3.0;49.134883;0.14838;2024-06-15 17:30:00
202400040375.0;1;31;31045;1;1;3.0;3.0;43.038379;0.635346;2024-12-07 10:10:00
202400040376.0;1;5;5075;1;1;1.0;6.0;44.544052;5.952026;2024-06-16 17:00:00
202400040377.0;3;84;84107;1;1;1.0;1.0;44.0293;5.4913;2024-12-10 19:55:00
202400040378.0;1;5;5017;1;1;2.0;5.0;44.570813;6.179552;2024-09-30 09:28:00
202400040379.0;1;64;64327;1;1;1.0;7.0;43.049408;-1.104115;2024-06-17 12:17:00
202400040380.0;1;36;36198;1;1;1.0;6.0;46.9238117;1.54276371;2024-06-17 17:30:00
202400040381.0;1;4;4013;1;1;1.0;7.0;44.116014;5.951135;2024-09-29 18:25:00
202400040382.0;3;66;66053;1;1;1.0;6.0;42.518713;3.069684;2024-12-10 23:50:00
202400040383.0;1;23;23162;1;1;1.0;1.0;46.260528;1.993836;2024-09-30 18:15:00
202400040384.0;1;7;7227;2;1;1.0;4.0;45.253021;4.726841;2024-06-17 13:39:00
202400040385.0;2;90;90081;1;3;2.0;3.0;47.525337;7.120568;2024-12-09 07:18:00
202400040386.0;1;37;37250;1;1;1.0;6.0;47.19126786;0.66539955;2024-09-29 14:30:00
202400040387.0;1;7;7011;1;1;1.0;7.0;44.737905;4.343529;2024-06-16 18:37:00
202400040388.0;1;30;30255;2;1;1.0;7.0;43.944053;4.206347;2024-09-30 18:40:00
202400040389.0;1;53;53051;2;1;1.0;6.0;48.367026;-0.5171;2024-06-17 14:30:00
202400040390.0;1;45;45098;2;3;1.0;3.0;47.83022;1.768692;2024-11-15 16:45:00
202400040391.0;5;8;8067;2;1;2.0;6.0;49.620306;5.189565;2024-06-15 01:50:00
202400040392.0;2;65;65226;1;1;1.0;4.0;43.232822;-0.036907;2024-09-29 19:30:00
202400040393.0;1;18;18174;1;1;1.0;2.0;47.066752;2.506681;2024-12-11 10:15:00
202400040394.0;3;1;1301;1;1;1.0;6.0;46.263265;5.151472;2024-09-29 22:35:00
202400040395.0;1;24;24523;1;2;1.0;3.0;44.81119965;0.32439172;2024-06-17 11:10:00
202400040396.0;1;66;66172;2;1;1.0;6.0;42.712304;2.840333;2024-09-25 16:10:00
202400040397.0;1;53;53062;2;2;1.0;1.0;47.82849;-0.70349;2024-12-11 15:00:00
202400040398.0;1;77;77453;1;1;2.0;6.0;48.547204;2.781413;2024-06-16 19:40:00
202400040399.0;3;85;85157;1;1;1.0;6.0;46.54738;-1.16066;2024-12-11 17:50:00
202400040400.0;1;13;13013;1;1;1.0;1.0;43.417779;5.576098;2024-09-30 08:40:00
202400040401.0;1;35;35275;1;1;2.0;2.0;48.16174576;-1.855992;2024-06-13 17:30:00
202400040402.0;3;27;27056;1;1;1.0;2.0;49.094342;0.57483;2024-12-10 22:30:00
202400040403.0;1;11;11262;2;4;1.0;2.0;43.152855;3.158054;2024-09-22 09:10:00
202400040404.0;1;7;7272;2;1;1.0;6.0;44.52127;4.39878;2024-06-15 21:08:00
202400040405.0;2;38;38046;1;1;1.0;6.0;45.45029996;5.39943889;2024-09-29 07:15:00
202400040406.0;1;31;31254;2;1;1.0;6.0;43.550111;1.501608;2024-06-14 17:10:00
202400040407.0;3;37;37266;2;1;1.0;6.0;47.29264247;0.73254848;2024-12-10 19:30:00
202400040408.0;1;38;38109;1;1;1.0;1.0;45.701538;5.200609;2024-09-30 08:38:00
202400040409.0;1;33;33199;2;1;1.0;3.0;44.621067;-1.073055;2024-06-11 07:45:00
202400040410.0;1;30;30241;1;1;1.0;7.0;43.955815;4.270077;2024-12-11 15:40:00
202400040411.0;1;49;49099;2;3;8.0;6.0;47.04288;-0.90611;2024-11-01 16:50:00
202400040412.0;1;987;98714;1;1;1.0;7.0;-16.473796;-151.762218;2024-09-28 10:30:00
202400040413.0;1;34;34151;1;1;1.0;7.0;43.596718;4.10894;2024-06-16 18:35:00
202400040414.0;1;46;46042;2;6;1.0;6.0;44.455123;1.438327;2024-08-06 08:05:00
202400040415.0;2;31;31091;1;1;1.0;4.0;43.707469;1.404533;2024-12-11 08:00:00
202400040416.0;5;987;98733;2;1;1.0;3.0;-17.681193;-149.58684;2024-09-28 21:45:00
202400040417.0;1;45;45004;2;3;8.0;3.0;48.00135;2.7503;2024-11-04 09:45:00
202400040418.0;1;29;29147;1;6;1.0;6.0;47.869552;-3.587294;2024-09-26 11:45:00
202400040419.0;2;21;21684;1;1;1.0;6.0;47.039409;4.885069;2024-12-11 07:10:00
202400040420.0;1;43;43157;2;1;1.0;2.0;45.04514;3.88001;2024-11-04 12:11:00
202400040421.0;2;84;84081;1;1;1.0;6.0;43.945361;4.908957;2024-09-29 19:30:00
202400040422.0;3;21;21684;1;1;1.0;6.0;47.020635;4.870591;2024-12-10 22:30:00
202400040423.0;1;43;43157;2;1;7.0;4.0;45.02108;3.89224;2024-11-04 08:45:00
202400040424.0;1;971;97103;1;1;1.0;3.0;16.24647107;-61.58823967;2024-12-11 08:30:00
202400040425.0;1;13;13015;2;6;1.0;3.0;43.418889;5.3799;2024-09-29 14:47:00
202400040426.0;5;987;98747;1;1;3.0;6.0;-17.730458;-149.289114;2024-12-08 22:40:00
202400040427.0;1;3;3298;1;1;1.0;6.0;46.337043;3.38321;2024-09-30 18:35:00
202400040428.0;5;42;42207;2;2;1.0;3.0;45.47905;4.51555;2024-11-01 19:45:00
202400040429.0;5;978;97801;2;1;1.0;1.0;18.066392;-63.074827;2024-12-09 20:00:00
202400040430.0;1;33;33322;1;1;1.0;2.0;44.951698;-0.700003;2024-09-28 14:29:00
202400040431.0;1;35;35238;2;6;5.0;3.0;48.09277;-1.64003;2024-11-04 08:40:00
202400040432.0;1;85;85155;1;1;1.0;6.0;46.727419;-1.430326;2024-09-30 18:23:00
202400040433.0;3;45;45317;2;1;1.0;1.0;47.768659;1.613756;2024-12-10 19:17:00
202400040434.0;5;34;34172;2;1;1.0;2.0;43.63554;3.86875;2024-11-04 18:45:00
202400040435.0;4;77;77126;1;1;1.0;6.0;49.020612;2.963176;2024-12-05 00:55:00
202400040436.0;1;29;29124;2;1;2.0;2.0;48.58465752;-4.31568318;2024-09-23 12:15:00
202400040437.0;3;2B;2B355;1;1;3.0;7.0;42.509407;9.337038;2024-12-11 06:20:00
202400040438.0;1;33;33192;2;1;1.0;3.0;44.7914;-0.61302;2024-11-04 12:45:00
202400040439.0;1;35;35334;1;2;8.0;3.0;48.137798;-1.587884;2024-09-30 08:40:00
202400040440.0;1;71;71052;1;1;5.0;1.0;46.59193;4.90546;2024-12-11 13:40:00
202400040441.0;1;33;33063;2;2;1.0;6.0;44.83496;-0.57331;2024-11-04 12:00:00
202400040442.0;1;59;59422;1;1;1.0;1.0;50.203121;3.324271;2024-09-29 16:40:00
202400040443.0;3;50;50099;1;1;1.0;3.0;49.281384;-1.173316;2024-12-11 17:45:00
202400040444.0;1;33;33281;2;6;1.0;3.0;44.85633;-0.6437;2024-11-04 08:00:00
202400040445.0;3;29;29248;1;1;2.0;6.0;48.59796668;-4.38565062;2024-12-10 07:50:00
202400040446.0;1;13;13207;1;1;1.0;2.0;43.29121092;5.36535084;2024-09-29 17:50:00
202400040447.0;1;31;31555;2;1;1.0;2.0;43.64972;1.430171;2024-11-04 16:00:00
202400040448.0;1;13;13202;2;1;1.0;2.0;43.3109;5.3682;2024-09-29 08:30:00
202400040449.0;2;30;30007;2;1;1.0;7.0;44.14531;4.10002;2024-11-04 06:45:00
202400040450.0;5;13;13019;1;1;1.0;4.0;43.41881;5.36553;2024-12-09 20:20:00
202400040451.0;3;13;13071;1;1;1.0;7.0;43.39330763;5.29952667;2024-09-28 22:10:00
202400040452.0;4;29;29019;2;6;5.0;3.0;48.397675;-4.488855;2024-11-04 07:30:00
202400040453.0;1;13;13215;1;1;1.0;3.0;43.379;5.354;2024-12-05 11:00:00
202400040454.0;3;13;13071;2;1;1.0;4.0;43.41418849;5.36456931;2024-09-28 20:05:00
202400040455.0;1;28;28404;2;1;1.0;3.0;48.72989;1.33678;2024-11-04 13:15:00
202400040456.0;1;83;83137;1;1;1.0;5.0;43.12770515;5.9263017;2024-12-10 07:45:00
202400040457.0;3;69;69275;1;1;1.0;2.0;45.77988924;4.96015338;2024-09-29 00:15:00
202400040458.0;2;14;14366;2;1;1.0;6.0;49.1508;0.22229;2024-11-04 07:50:00
202400040459.0;3;83;83047;1;1;1.0;2.0;43.13397;6.04927;2024-12-09 21:30:00
202400040460.0;1;33;33448;1;1;1.0;2.0;44.709388;-0.512676;2024-09-29 18:37:00
202400040461.0;3;42;42207;1;1;8.0;6.0;45.47432263;4.49726736;2024-12-07 21:55:00
202400040462.0;4;14;14341;2;2;1.0;3.0;49.1547;-0.34409;2024-11-02 18:00:00
202400040463.0;1;91;91286;1;1;1.0;6.0;48.64693;2.38757;2024-09-29 19:00:00
202400040464.0;1;13;13205;2;1;1.0;2.0;43.28998;5.39814;2024-11-04 12:00:00
202400040465.0;3;67;67482;1;1;2.0;3.0;48.589413;7.699175;2024-12-05 17:32:00
202400040466.0;1;91;91136;1;1;1.0;6.0;48.71184;2.28499;2024-09-29 09:13:00
202400040467.0;3;91;91340;1;1;1.0;7.0;48.60449706;2.4366983;2024-09-29 03:40:00
202400040468.0;1;13;13001;1;1;1.0;2.0;43.60263;5.3659;2024-11-04 13:30:00
202400040469.0;3;62;62274;1;1;1.0;6.0;50.43697;2.9753;2024-12-05 03:50:00
202400040470.0;3;91;91161;1;1;1.0;7.0;48.71811;2.31024;2024-09-29 00:35:00
202400040471.0;1;10;10362;2;3;1.0;3.0;48.2908;4.0552;2024-11-03 19:00:00
202400040472.0;5;94;94034;1;1;2.0;2.0;48.75762305;2.32812012;2024-12-10 18:47:00
202400040473.0;3;77;77337;1;1;1.0;6.0;48.82640425;2.61687495;2024-09-29 19:35:00
202400040474.0;1;6;6004;2;6;1.0;3.0;43.57819;7.0904;2024-11-04 13:50:00
202400040475.0;2;94;94021;1;1;1.0;5.0;48.7615291;2.34008141;2024-12-10 08:05:00
202400040476.0;3;75;75112;1;1;1.0;4.0;48.819242;2.458531;2024-09-29 19:20:00
202400040477.0;1;6;6004;2;1;1.0;2.0;43.565646;7.115757;2024-10-31 10:00:00
202400040478.0;1;78;78362;1;1;1.0;4.0;48.97558298;1.72387826;2024-12-09 10:18:00
202400040479.0;1;94;94052;1;1;1.0;3.0;48.84027522;2.49328165;2024-09-29 14:40:00
202400040480.0;1;75;75117;2;2;1.0;6.0;48.882918;2.296389;2024-11-04 09:00:00
202400040481.0;5;75;75113;2;3;1.0;6.0;48.829543;2.383065;2024-11-04 19:30:00
202400040482.0;2;93;93007;1;1;2.0;4.0;48.93230265;2.48082971;2024-12-10 17:55:00
202400040483.0;1;45;45291;1;1;1.0;1.0;47.675601;2.639813;2024-05-12 11:55:00
202400040484.0;1;95;95241;1;1;2.0;6.0;49.04560195;2.44966673;2024-12-08 08:30:00
202400040485.0;1;75;75109;2;2;1.0;6.0;48.871478;2.343064;2024-11-04 14:27:00
202400040486.0;1;44;44162;2;6;1.0;6.0;47.23747693;-1.58626054;2024-09-24 13:00:00
202400040487.0;1;13;13056;2;1;1.0;2.0;43.40493;5.0124;2024-10-05 10:30:00
202400040488.0;5;75;75108;2;2;1.0;3.0;48.864572;2.313654;2024-11-03 04:05:00
202400040489.0;5;73;73065;2;2;1.0;3.0;45.56334647;5.90530388;2024-03-31 22:00:00
202400040490.0;3;27;27112;1;1;1.0;6.0;48.868208;0.852492;2024-08-15 02:52:00
202400040491.0;1;13;13004;1;1;1.0;7.0;43.591286;4.623592;2024-08-08 09:20:00
202400040492.0;4;94;94081;2;1;1.0;2.0;48.78416;2.39678;2024-11-03 19:35:00
202400040493.0;1;44;44109;2;6;1.0;3.0;47.25575146;-1.5776511;2024-09-23 09:00:00
202400040494.0;1;13;13004;1;1;1.0;1.0;43.63531;4.548903;2024-08-01 09:37:00
202400040495.0;1;43;43087;1;1;1.0;7.0;45.18857869;4.35568754;2024-06-24 17:45:00
202400040496.0;1;94;94074;2;1;1.0;5.0;48.76463;2.44171;2024-11-04 11:37:00
202400040497.0;1;974;97416;1;1;1.0;2.0;-21.31799;55.4902;2024-12-09 17:30:00