Num_Acc;lum;departement;commune;agglomeration;intersection;meteo;type_collision;lat;long;date
202400040498.0;2;44;44109;2;1;1.0;3.0;47.23014518;-1.57312421;2024-09-23 08:40:00
202400040499.0;1;93;93049;2;1;1.0;6.0;48.85821;2.50182;2024-11-04 16:20:00
202400040500.0;1;974;97416;1;1;1.0;2.0;-21.31311;55.49457;2024-12-09 08:30:00
202400040501.0;1;44;44109;2;3;1.0;3.0;47.21455836;-1.57281684;2024-09-21 11:15:00
202400040502.0;1;92;92078;2;1;1.0;3.0;48.93544161;2.33095905;2024-11-04 10:45:00
202400040503.0;1;974;97416;2;6;1.0;2.0;-21.33061;55.47473;2024-12-09 07:15:00
202400040504.0;1;92;92026;2;1;1.0;3.0;48.90236451;2.28188753;2024-11-04 08:30:00
202400040505.0;1;19;19275;2;1;3.0;6.0;45.55205594;2.31382298;2024-05-03 16:32:00
202400040506.0;2;44;44114;2;1;1.0;6.0;47.254969;-1.62990867;2024-09-21 08:40:00
202400040507.0;1;974;97409;2;1;1.0;2.0;-20.94413;55.64776;2024-12-09 13:20:00
202400040508.0;1;92;92023;2;3;1.0;3.0;48.80670742;2.2546497;2024-11-04 09:10:00
202400040509.0;2;44;44190;2;6;1.0;3.0;47.20288877;-1.51366158;2024-09-20 08:40:00
202400040510.0;1;95;95675;1;1;5.0;7.0;49.0742015;2.52877682;2024-11-05 14:19:00
202400040511.0;2;973;97302;1;6;3.0;3.0;4.90703;-52.32216;2024-12-09 06:05:00
202400040512.0;1;44;44162;2;1;1.0;2.0;47.20811144;-1.62903691;2024-09-19 15:15:00
202400040513.0;5;95;95250;2;1;1.0;6.0;49.1004;2.528164;2024-11-04 18:50:00
202400040514.0;5;973;97302;2;1;1.0;6.0;4.93476626;-52.32009137;2024-12-08 19:50:00
202400040515.0;5;63;63354;2;1;1.0;6.0;46.02831571;2.82209508;2024-11-03 19:00:00
202400040516.0;3;62;62757;1;1;1.0;3.0;50.75508;2.20567;2024-05-18 23:28:00
202400040517.0;1;973;97302;2;2;1.0;3.0;4.93429;-52.33192;2024-12-08 06:30:00
202400040518.0;3;1;1288;1;1;8.0;2.0;46.195042;5.941887;2024-11-04 19:20:00
202400040519.0;2;62;62473;1;1;1.0;6.0;50.617667;2.460873;2024-10-31 17:30:00
202400040520.0;1;973;97302;2;1;1.0;3.0;4.91965;-52.31891;2024-12-07 11:45:00
202400040521.0;5;74;74133;2;2;1.0;3.0;46.18516;6.20683;2024-07-28 21:50:00
202400040522.0;3;59;59525;1;1;1.0;6.0;50.078591;4.019494;2024-11-02 02:53:00
202400040523.0;5;971;97113;1;1;2.0;6.0;16.22959;-61.4755;2024-12-08 02:00:00
202400040524.0;1;974;97416;2;2;1.0;3.0;-21.283068;55.470955;2024-09-28 11:15:00
202400040525.0;1;76;76141;1;1;1.0;3.0;49.603382;0.418586;2024-11-05 17:23:00
202400040526.0;1;2A;2A004;2;1;8.0;1.0;41.94635;8.76102;2024-12-09 08:05:00
202400040527.0;3;974;97407;1;1;1.0;6.0;-20.93447;55.31952;2024-09-28 20:00:00
202400040528.0;5;2A;2A139;2;2;1.0;3.0;41.636286;9.343727;2024-10-27 00:10:00
202400040529.0;1;95;95219;2;3;8.0;3.0;48.989389;2.264919;2024-12-09 16:15:00
202400040530.0;1;974;97407;2;6;1.0;3.0;-20.95626;55.31159;2024-09-28 10:45:00
202400040531.0;1;2B;2B123;1;1;1.0;3.0;42.007799;9.416834;2024-11-03 11:10:00
202400040532.0;5;91;91549;2;1;2.0;6.0;48.63905;2.34557;2024-12-09 18:45:00
202400040533.0;1;80;80328;1;1;5.0;1.0;50.032225;1.917179;2024-11-05 08:15:00
202400040534.0;1;973;97302;2;2;1.0;3.0;4.92247;-52.31255;2024-09-28 17:00:00
202400040535.0;5;91;91201;2;3;2.0;2.0;48.68012;2.40958;2024-11-30 17:50:00
202400040536.0;2;80;80092;1;2;5.0;3.0;49.960421;2.273977;2024-11-05 07:30:00
202400040537.0;1;973;97302;2;1;1.0;2.0;4.93212;-52.32752;2024-09-28 11:25:00
202400040538.0;1;91;91223;2;1;1.0;3.0;48.441;2.1465;2024-12-09 12:45:00
202400040539.0;3;89;89304;1;1;1.0;1.0;47.870733;3.391836;2024-11-04 18:12:00
202400040540.0;1;90;90008;2;1;3.0;3.0;47.62566;6.84307;2024-12-07 11:21:00
202400040541.0;5;69;69387;2;2;1.0;4.0;45.73142;4.83342;2024-09-28 04:30:00
202400040542.0;2;12;12248;2;1;1.0;1.0;43.885809;2.603427;2024-11-03 17:35:00
202400040543.0;5;87;87085;2;1;2.0;6.0;45.82211;1.27278;2024-12-08 19:06:00
202400040544.0;1;2A;2A004;2;3;1.0;3.0;41.9165;8.72313;2024-09-28 10:54:00
202400040545.0;2;80;80021;2;1;1.0;7.0;49.89768;2.28717;2024-12-07 18:00:00
202400040546.0;1;29;29189;2;6;1.0;3.0;48.381985;-4.377899;2024-10-24 07:30:00
202400040547.0;1;91;91549;2;2;1.0;3.0;48.63964;2.32135;2024-09-28 18:00:00
202400040548.0;5;79;79191;2;1;1.0;7.0;46.31868;-0.47826;2024-12-09 02:00:00
202400040549.0;1;22;22087;1;1;5.0;6.0;48.291738;-3.309374;2024-11-03 15:05:00
202400040550.0;5;78;78138;2;1;2.0;6.0;48.970616;2.028252;2024-12-09 18:30:00
202400040551.0;1;91;91027;2;1;1.0;3.0;48.70613;2.37263;2024-09-28 10:55:00
202400040552.0;1;44;44152;2;1;1.0;2.0;47.45964983;-2.0059901;2024-11-05 12:15:00
202400040553.0;5;78;78172;2;6;2.0;6.0;48.998702;2.078914;2024-12-08 17:30:00
202400040554.0;1;78;78621;2;2;1.0;6.0;48.77683;2.00346;2024-09-27 08:40:00
202400040555.0;1;45;45296;1;1;1.0;5.0;47.994459;1.714983;2024-11-05 15:18:00
202400040556.0;2;78;78123;2;3;1.0;6.0;48.93898;2.03549;2024-09-28 19:30:00
202400040557.0;1;18;18046;1;1;1.0;7.0;46.76805;2.3254;2024-11-03 13:40:00
202400040558.0;1;40;40273;2;1;1.0;6.0;43.52799;-1.391275;2024-11-03 09:45:00
202400040559.0;3;77;77258;2;3;2.0;6.0;48.83921705;2.6255009;2024-12-08 17:40:00
202400040560.0;1;40;40320;1;1;1.0;1.0;43.942156;-0.57735;2024-11-03 16:10:00
202400040561.0;5;77;77251;1;1;2.0;6.0;48.61724;2.55045;2024-12-08 19:30:00
202400040562.0;1;77;77268;2;1;1.0;4.0;48.86036017;2.8100583;2024-09-28 15:00:00
202400040563.0;1;4;4209;2;3;1.0;6.0;44.196419;5.941742;2024-11-04 16:33:00
202400040564.0;5;77;77042;2;2;1.0;3.0;48.82275;3.1372;2024-12-09 18:35:00
202400040565.0;1;77;77333;2;1;1.0;3.0;48.2672;2.69405;2024-09-28 15:07:00
202400040566.0;1;4;4049;2;1;1.0;6.0;44.094478;6.010012;2024-11-04 14:06:00
202400040567.0;5;76;76410;2;1;2.0;1.0;49.47833;1.03554;2024-12-09 20:45:00
202400040568.0;1;77;77333;2;1;2.0;3.0;48.26661;2.70361;2024-09-27 17:30:00
202400040569.0;2;76;76429;2;1;8.0;6.0;49.41255;1.13885;2024-12-09 08:40:00
202400040570.0;1;77;77070;2;1;1.0;7.0;48.79762;3.12413;2024-09-28 08:15:00
202400040571.0;1;85;85111;1;3;1.0;3.0;46.344561;-0.88721;2024-11-04 14:45:00
202400040572.0;3;87;87140;1;1;1.0;1.0;45.894474;0.958289;2024-10-30 18:45:00
202400040573.0;1;69;69282;2;1;8.0;1.0;45.78374555;5.01350508;2024-09-28 11:20:00
202400040574.0;5;72;72181;2;1;3.0;2.0;47.97818;0.21366;2024-12-08 20:47:00
202400040575.0;1;11;11198;1;1;8.0;6.0;43.303297;2.529441;2024-11-05 11:00:00
202400040576.0;1;68;68066;2;1;2.0;6.0;48.07526;7.35781;2024-09-28 11:18:00
202400040577.0;1;71;71040;2;3;8.0;3.0;46.69722564;4.38668311;2024-12-09 13:35:00
202400040578.0;1;34;34058;2;1;1.0;6.0;43.677748;3.983794;2024-11-05 09:30:00
202400040579.0;1;83;83047;2;1;1.0;6.0;43.148526;6.072291;2024-11-05 14:30:00
202400040580.0;5;69;69029;2;3;8.0;6.0;45.74198;4.9199;2024-12-09 06:53:00
202400040581.0;1;65;65100;1;3;1.0;3.0;43.26435562;0.07135291;2024-09-28 18:35:00
202400040582.0;1;13;13067;1;1;1.0;1.0;43.800713;5.039034;2024-10-26 13:55:00
202400040583.0;2;64;64189;2;4;2.0;3.0;43.38178;-1.66767;2024-12-09 08:45:00
202400040584.0;1;64;64445;2;6;1.0;3.0;43.30175;-0.35622;2024-09-28 11:00:00
202400040585.0;5;13;13086;2;3;1.0;1.0;43.342115;5.603399;2024-11-04 18:20:00
202400040586.0;5;64;64445;2;1;3.0;6.0;43.32024;-0.3594;2024-09-28 02:15:00
202400040587.0;1;64;64348;2;1;2.0;3.0;43.31687;-0.39475;2024-12-09 10:12:00
202400040588.0;1;21;21390;2;2;1.0;1.0;47.2727;4.989831;2024-11-04 15:50:00
202400040589.0;5;63;63113;2;2;1.0;3.0;45.76780981;3.08186889;2024-09-28 21:22:00
202400040590.0;1;59;59599;2;3;1.0;6.0;50.71988;3.16115;2024-12-09 09:40:00
202400040591.0;2;68;68315;1;1;1.0;6.0;47.891622;7.112607;2024-11-01 17:10:00
202400040592.0;1;62;62525;2;1;1.0;6.0;50.7329806;2.25137007;2024-09-19 11:00:00
202400040593.0;1;38;38565;1;1;1.0;7.0;45.279424;5.624619;2024-11-05 10:20:00
202400040594.0;1;60;60159;2;1;1.0;6.0;49.41444;2.82902;2024-09-27 16:30:00
202400040595.0;1;33;33055;1;4;1.0;2.0;45.313786;-0.916178;2024-10-31 10:15:00
202400040596.0;2;51;51454;2;6;1.0;3.0;49.247947;4.043941;2024-12-09 07:54:00
202400040597.0;1;59;59299;1;1;1.0;7.0;50.6509;3.20687;2024-09-28 08:25:00
202400040598.0;2;51;51454;2;1;2.0;7.0;49.25375;4.02221;2024-12-08 16:10:00
202400040599.0;3;33;33130;2;1;1.0;1.0;44.513806;-0.229028;2024-11-04 18:30:00
202400040600.0;1;54;54395;2;4;1.0;3.0;48.70474;6.18335;2024-09-28 19:00:00
202400040601.0;1;33;33056;2;2;1.0;3.0;44.92758;-0.635128;2024-10-14 18:10:00
202400040602.0;1;51;51108;2;3;8.0;3.0;48.96275;4.38768;2024-12-09 10:20:00
202400040603.0;1;51;51454;2;3;7.0;3.0;49.25358;4.04084;2024-09-28 12:50:00
202400040604.0;5;49;49007;2;1;1.0;7.0;47.48384;-0.57591;2024-12-06 07:34:00
202400040605.0;1;51;51454;2;1;1.0;7.0;49.23007;4.06046;2024-09-27 12:15:00
202400040606.0;3;35;35347;1;2;1.0;5.0;48.174307;-1.296027;2024-11-03 18:15:00
202400040607.0;1;47;47027;2;1;2.0;3.0;44.40316;0.67932;2024-12-08 14:20:00
202400040608.0;5;50;50218;2;3;1.0;3.0;48.83799;-1.57812;2024-09-29 00:30:00
202400040609.0;3;13;13215;1;1;1.0;7.0;43.36326;5.36113;2024-11-04 02:20:00
202400040610.0;1;43;43157;1;1;3.0;3.0;45.02370462;3.90976884;2024-12-09 11:15:00
202400040611.0;1;47;47001;1;1;2.0;1.0;44.2163695;0.639709;2024-09-27 15:30:00
202400040612.0;3;91;91174;1;1;1.0;2.0;48.62454;2.47046;2024-11-04 18:10:00
202400040613.0;5;42;42123;2;1;1.0;1.0;45.51333;4.57555;2024-12-09 20:15:00
202400040614.0;5;44;44109;2;1;1.0;6.0;47.21839;-1.5398;2024-09-28 04:15:00
202400040615.0;1;94;94003;1;1;1.0;2.0;48.7999444;2.34360832;2024-11-04 12:10:00
202400040616.0;3;36;36044;1;1;3.0;6.0;46.78029739;1.68924408;2024-09-28 03:30:00
202400040617.0;3;91;91589;1;1;1.0;7.0;48.67731;2.33828;2024-11-04 04:27:00
202400040618.0;5;37;37261;2;3;1.0;3.0;47.38604;0.69467;2024-12-09 21:35:00
202400040619.0;3;32;32191;1;1;2.0;7.0;43.748508;-0.107967;2024-04-27 00:30:00
202400040620.0;1;35;35238;1;1;1.0;2.0;48.08281;-1.697593;2024-09-28 13:45:00
202400040621.0;1;37;37261;2;1;1.0;2.0;47.3975;0.70075;2024-12-08 12:00:00
202400040622.0;3;73;73227;2;4;1.0;6.0;45.41521767;6.63384207;2024-02-25 03:00:00
202400040623.0;5;34;34172;2;2;1.0;3.0;43.63379;3.8431;2024-12-09 05:30:00
202400040624.0;1;973;97302;2;2;1.0;3.0;4.93497;-52.32952;2024-11-03 13:10:00
202400040625.0;5;34;34108;2;6;1.0;3.0;43.446804;3.753838;2024-09-28 22:10:00
202400040626.0;5;34;34198;2;2;1.0;3.0;43.577726;3.9357421;2024-12-08 07:10:00
202400040627.0;1;973;97302;2;6;1.0;3.0;4.93728;-52.32577;2024-11-03 10:38:00
202400040628.0;5;34;34172;2;1;1.0;5.0;43.614066;3.839138;2024-09-28 01:58:00
202400040629.0;2;34;34336;1;1;1.0;2.0;43.314;3.32093;2024-12-06 18:20:00
202400040630.0;1;34;34003;2;1;1.0;7.0;43.307469;3.503626;2024-09-28 12:10:00
202400040631.0;1;973;97302;1;1;1.0;7.0;4.92487;-52.32917;2024-11-03 09:15:00
202400040632.0;5;33;33318;2;1;2.0;6.0;44.79767;-0.66518;2024-12-09 18:20:00
202400040633.0;5;972;97209;2;9;1.0;6.0;14.60396;-61.07818;2024-11-02 23:20:00
202400040634.0;2;95;95427;2;1;1.0;2.0;48.96438045;2.33614911;2024-11-03 17:20:00
202400040635.0;1;33;33039;2;4;1.0;3.0;44.805615;-0.556818;2024-12-09 09:16:00
202400040636.0;5;91;91027;2;3;1.0;3.0;48.693809;2.390282;2024-11-02 18:00:00
202400040637.0;1;33;33063;2;2;1.0;6.0;44.83476;-0.57836;2024-12-09 08:40:00
202400040638.0;3;24;24037;2;1;1.0;2.0;44.86904;0.50376;2024-12-09 08:12:00
202400040639.0;5;76;76540;2;2;1.0;1.0;49.45125;1.0983;2024-11-03 19:05:00
202400040640.0;2;14;14118;2;1;8.0;2.0;49.20521;-0.37579;2024-12-02 18:00:00
202400040641.0;1;71;71306;2;1;1.0;3.0;46.6889;4.3573;2024-11-03 14:45:00
202400040642.0;5;13;13215;2;1;1.0;3.0;43.34869;5.37208;2024-12-09 06:50:00
202400040643.0;5;69;69266;2;1;1.0;3.0;45.77085;4.86684;2024-11-03 18:20:00
202400040644.0;1;11;11262;2;1;8.0;6.0;43.1861;3.02149;2024-12-09 08:37:00
202400040645.0;5;10;10387;2;1;2.0;7.0;48.309;4.0619;2024-12-08 21:50:00
202400040646.0;2;65;65440;2;3;1.0;3.0;43.22852;0.07503;2024-11-02 19:25:00
202400040647.0;5;6;6069;2;6;1.0;3.0;43.64507;6.94013;2024-12-09 16:50:00
202400040648.0;1;65;65251;2;1;1.0;3.0;43.2159;0.08631;2024-11-02 11:20:00
202400040649.0;1;6;6069;2;9;1.0;6.0;43.6538031;6.9189772;2024-12-09 13:20:00
202400040650.0;1;64;64102;2;9;1.0;3.0;43.5035;-1.46621;2024-11-03 14:15:00
202400040651.0;3;6;6004;2;1;1.0;3.0;43.60990834;7.12535974;2024-12-05 22:10:00
202400040652.0;3;60;60175;1;1;8.0;1.0;49.24515;2.45892;2024-11-03 01:30:00
202400040653.0;1;5;5061;2;3;1.0;6.0;44.54843454;6.06686711;2024-11-27 10:41:00
202400040654.0;3;59;59585;1;1;2.0;2.0;50.57029594;3.04521942;2024-11-02 01:00:00
202400040655.0;5;54;54323;2;1;1.0;1.0;49.52676;5.77731;2024-11-03 18:10:00
202400040656.0;2;75;75116;2;1;2.0;4.0;48.876942;2.27952;2024-12-07 17:20:00
202400040657.0;1;75;75106;2;3;1.0;3.0;48.84899;2.325405;2024-12-09 15:30:00
202400040658.0;3;44;44172;1;1;1.0;4.0;47.23558;-1.47884;2024-11-03 23:35:00
202400040659.0;5;37;37261;2;1;1.0;6.0;47.38902;0.7027;2024-11-02 22:20:00
202400040660.0;5;75;75108;2;7;1.0;6.0;48.878178;2.298783;2024-12-09 18:25:00
202400040661.0;1;36;36044;2;1;1.0;2.0;46.818198;1.696258;2024-11-03 14:35:00
202400040662.0;5;75;75117;2;3;2.0;3.0;48.876987;2.285543;2024-12-08 19:10:00
202400040663.0;5;33;33069;2;7;1.0;3.0;44.86581;-0.57611;2024-11-03 06:45:00
202400040664.0;5;75;75116;2;7;2.0;3.0;48.869433;2.285189;2024-12-09 18:10:00
202400040665.0;1;33;33550;2;1;1.0;3.0;44.77522;-0.56282;2024-11-02 16:50:00
202400040666.0;1;75;75116;2;7;1.0;3.0;48.869532;2.285044;2024-12-09 14:10:00
202400040667.0;1;22;22215;2;1;1.0;3.0;48.49532;-2.77578;2024-10-24 11:44:00
202400040668.0;1;75;75110;2;1;1.0;3.0;48.883094;2.367608;2024-12-09 13:45:00
202400040669.0;5;19;19031;2;1;1.0;1.0;45.16449462;1.54075479;2024-11-02 18:10:00
202400040670.0;5;75;75109;2;2;2.0;3.0;48.876534;2.346723;2024-12-09 18:20:00
202400040671.0;5;17;17380;2;2;8.0;7.0;45.643;-1.083;2024-11-03 03:20:00
202400040672.0;1;14;14333;2;1;8.0;6.0;49.42128;0.2373;2024-11-02 11:50:00
202400040673.0;5;94;94077;2;2;1.0;3.0;48.7283;2.43438;2024-12-09 17:40:00
202400040674.0;1;13;13043;2;1;1.0;3.0;43.39238;5.20613;2024-11-03 14:30:00
202400040675.0;1;94;94002;2;1;2.0;2.0;48.80369856;2.41269824;2024-12-08 16:15:00
202400040676.0;1;13;13056;2;1;1.0;2.0;43.40587094;5.05624795;2024-11-03 13:00:00
202400040677.0;1;13;13209;2;1;1.0;2.0;43.24613016;5.41782592;2024-11-03 16:10:00
202400040678.0;1;93;93070;2;1;2.0;3.0;48.9051034;2.34418336;2024-12-08 15:00:00
202400040679.0;1;13;13211;2;1;1.0;2.0;43.30162637;5.47563765;2024-11-03 10:45:00
202400040680.0;5;93;93066;2;1;2.0;2.0;48.920639;2.363804;2024-12-09 18:15:00
202400040681.0;1;13;13214;2;1;1.0;2.0;43.3338237;5.40235124;2024-10-29 10:00:00
202400040682.0;5;93;93050;2;1;2.0;6.0;48.86751;2.53297;2024-12-09 17:45:00
202400040683.0;1;13;13001;1;1;1.0;6.0;43.56771;5.42636;2024-11-03 14:15:00
202400040684.0;5;93;93048;2;2;2.0;3.0;48.85865;2.4294;2024-12-09 18:00:00
202400040685.0;1;11;11262;2;9;1.0;3.0;43.18682;3.0115;2024-11-03 16:45:00
202400040686.0;5;93;93064;2;1;2.0;6.0;48.87273279;2.47742738;2024-12-09 17:30:00
202400040687.0;1;11;11262;2;6;1.0;6.0;43.1835;2.99782;2024-10-23 16:35:00
202400040688.0;1;93;93064;2;2;1.0;6.0;48.87119;2.47081;2024-12-09 12:20:00
202400040689.0;5;75;75116;2;1;1.0;2.0;48.871338;2.273122;2024-11-03 16:45:00
202400040690.0;1;93;93029;2;6;8.0;3.0;48.91979;2.42194;2024-12-09 15:15:00
202400040691.0;1;75;75119;2;1;1.0;6.0;48.890605;2.38271;2024-11-03 15:35:00
202400040692.0;2;93;93027;2;1;2.0;6.0;48.92444212;2.41476345;2024-12-09 08:15:00
202400040693.0;1;75;75119;2;2;1.0;3.0;48.8843;2.367569;2024-11-03 13:00:00
202400040694.0;5;93;93010;2;3;2.0;6.0;48.89662;2.47716;2024-12-09 18:00:00
202400040695.0;1;75;75118;2;1;8.0;2.0;48.897751;2.329791;2024-11-03 12:05:00
202400040696.0;2;93;93005;2;7;2.0;6.0;48.95828479;2.48516321;2024-12-09 16:19:00
202400040697.0;5;75;75118;2;2;1.0;6.0;48.897731;2.337496;2024-11-03 04:30:00
202400040698.0;5;92;92036;2;9;2.0;6.0;48.93243658;2.2914353;2024-12-09 18:45:00
202400040699.0;5;75;75114;2;1;1.0;6.0;48.841418;2.322037;2024-11-02 05:10:00
202400040700.0;1;75;75109;2;4;1.0;6.0;48.876858;2.341906;2024-11-02 08:50:00
202400040701.0;3;92;92012;2;3;1.0;3.0;48.83264127;2.24020556;2024-12-09 21:03:00
202400040702.0;5;94;94038;2;1;1.0;3.0;48.78094731;2.34114527;2024-11-02 23:20:00
202400040703.0;1;92;92012;2;2;8.0;3.0;48.83614644;2.2366257;2024-12-09 10:25:00
202400040704.0;3;93;93073;1;1;1.0;7.0;48.9871;2.54495;2024-11-03 19:35:00
202400040705.0;3;9;9164;1;1;3.0;6.0;42.99582;1.250406;2024-12-09 17:10:00
202400040706.0;1;93;93070;2;1;1.0;3.0;48.91076;2.3375;2024-11-03 16:00:00
202400040707.0;1;60;60646;1;1;8.0;2.0;49.47663;2.06882;2024-12-10 11:15:00
202400040708.0;5;93;93066;2;1;1.0;3.0;48.93466086;2.37739563;2024-11-03 17:40:00
202400040709.0;1;6;6161;1;1;1.0;7.0;43.657355;7.090248;2024-12-08 10:40:00
202400040710.0;1;93;93031;2;3;1.0;1.0;48.95506527;2.31219829;2024-11-03 10:10:00
202400040711.0;1;92;92051;2;1;1.0;6.0;48.87915627;2.27762416;2024-11-03 08:20:00
202400040712.0;5;92;92040;2;1;1.0;6.0;48.82677651;2.27894694;2024-11-02 21:50:00
202400040713.0;5;92;92024;2;6;1.0;6.0;48.90295192;2.31326848;2024-11-03 22:00:00
202400040714.0;2;92;92024;2;2;1.0;3.0;48.90209756;2.31425283;2024-11-03 07:30:00
202400040715.0;2;72;72231;1;1;2.0;1.0;47.907324;0.39422;2024-11-09 17:35:00
202400040716.0;5;35;35236;2;2;8.0;6.0;47.647227;-2.094478;2024-11-03 06:45:00
202400040717.0;1;51;51568;1;1;8.0;1.0;49.321438;3.973292;2024-12-10 16:02:00
202400040718.0;2;47;47048;1;1;1.0;1.0;44.554798;0.626612;2024-11-04 07:00:00
202400040719.0;3;51;51597;1;3;1.0;5.0;49.056932;3.891542;2024-12-10 07:45:00
202400040720.0;3;972;97207;1;1;1.0;6.0;14.571154;-60.959903;2024-11-02 19:50:00
202400040721.0;1;56;56040;2;6;1.0;7.0;47.855754;-3.377738;2024-12-10 13:30:00
202400040722.0;1;972;97210;1;3;1.0;1.0;14.582774;-60.87003;2024-11-03 17:10:00
202400040723.0;3;86;86223;1;1;1.0;6.0;46.580749;0.879686;2024-11-04 01:50:00
202400040724.0;3;56;56185;1;1;1.0;4.0;47.771738;-3.385892;2024-12-09 18:45:00
202400040725.0;5;56;56240;2;1;1.0;6.0;47.527579;-2.765046;2024-12-10 18:00:00
202400040726.0;2;77;77109;1;1;1.0;7.0;48.605801;3.180993;2024-12-10 07:40:00
202400040727.0;1;50;50535;1;1;5.0;6.0;48.72645914;-1.3035306;2024-11-04 14:20:00
202400040728.0;1;62;62036;1;1;1.0;6.0;50.44830713;2.23735632;2024-11-02 14:42:00
202400040729.0;3;76;76367;1;1;2.0;6.0;49.498214;1.071586;2024-12-10 18:00:00
202400040730.0;3;65;65373;1;1;3.0;6.0;43.300978;0.454259;2024-12-09 19:20:00
202400040731.0;1;35;35024;1;1;1.0;1.0;48.16109278;-1.64692193;2024-11-03 17:15:00
202400040732.0;4;56;56165;2;6;1.0;6.0;47.928726;-2.382746;2024-11-03 02:15:00
202400040733.0;3;11;11049;2;1;1.0;1.0;43.240404;2.096704;2024-11-14 18:00:00
202400040734.0;3;56;56148;1;1;1.0;6.0;47.766965;-3.175188;2024-11-03 06:40:00
202400040735.0;3;71;71490;1;1;1.0;2.0;46.516646;4.163325;2024-12-09 19:27:00
202400040736.0;1;56;56008;1;1;1.0;7.0;47.620884;-2.94789;2024-11-03 17:05:00
202400040737.0;3;49;49029;1;2;2.0;1.0;47.373847;-0.370059;2024-12-09 20:20:00
202400040738.0;1;22;22241;1;1;2.0;3.0;48.127053;-2.626483;2024-12-09 15:10:00
202400040739.0;2;76;76199;1;3;5.0;3.0;49.69357312;1.67384505;2024-11-04 08:40:00
202400040740.0;3;35;35027;1;1;1.0;3.0;48.17352458;-2.0519489;2024-12-10 06:50:00
202400040741.0;1;80;80815;1;1;1.0;1.0;50.325688;1.749886;2024-11-03 12:00:00
202400040742.0;2;29;29293;2;1;8.0;6.0;47.85593;-3.876862;2024-12-09 08:00:00
202400040743.0;3;61;61440;1;1;5.0;6.0;48.730917;0.62519;2024-11-03 19:50:00
202400040744.0;1;29;29279;1;1;3.0;6.0;48.61621138;-3.89394617;2024-12-09 15:00:00
202400040745.0;2;42;42181;2;9;1.0;6.0;45.991558;4.224093;2024-11-04 18:00:00
202400040746.0;5;31;31246;2;2;2.0;3.0;43.116683;0.828301;2024-12-09 17:45:00
202400040747.0;1;42;42289;1;4;5.0;3.0;45.942794;4.263082;2024-11-02 16:39:00
202400040748.0;3;2;2086;1;1;1.0;6.0;49.57497;3.211817;2024-11-16 02:35:00
202400040749.0;1;42;42249;2;4;7.0;1.0;45.892121;4.235895;2024-10-28 16:20:00
202400040750.0;1;84;84089;1;1;1.0;7.0;43.719831;5.504193;2024-12-09 12:05:00
202400040751.0;1;34;34142;2;1;1.0;6.0;43.732151;3.311469;2024-11-04 08:20:00
202400040752.0;1;26;26304;1;1;1.0;7.0;44.435404;5.238794;2024-12-09 12:45:00
202400040753.0;1;22;22158;1;1;5.0;2.0;48.212034;-2.984698;2024-10-22 11:40:00
202400040754.0;5;6;6079;2;1;1.0;2.0;43.565933;6.941557;2024-12-09 17:55:00
202400040755.0;1;38;38027;1;1;1.0;2.0;45.429662;5.984479;2024-11-04 15:57:00
202400040756.0;1;14;14326;2;1;8.0;2.0;49.152854;0.264106;2024-12-09 16:45:00
202400040757.0;2;15;15215;1;1;1.0;6.0;44.97964;2.510054;2024-11-02 17:00:00
202400040758.0;1;1;1113;2;1;1.0;6.0;46.162333;5.07799;2024-11-04 14:45:00
202400040759.0;1;50;50562;1;1;6.0;6.0;49.603973;-1.259399;2024-12-10 16:10:00
202400040760.0;1;66;66148;1;1;1.0;6.0;42.503396;3.121367;2024-11-03 12:15:00
202400040761.0;1;16;16404;1;9;1.0;3.0;46.02965448;0.38364037;2024-12-10 14:00:00
202400040762.0;2;50;50030;2;1;1.0;3.0;49.669253;-1.263455;2024-11-03 16:55:00
202400040763.0;1;90;90052;2;1;1.0;7.0;47.740844;6.815936;2024-11-03 14:50:00
202400040764.0;3;53;53096;1;1;1.0;1.0;48.29958542;-0.9609219;2024-12-09 18:25:00
202400040765.0;1;43;43051;1;1;1.0;3.0;45.03737558;4.29564103;2024-11-01 15:14:00
202400040766.0;1;40;40264;1;1;2.0;1.0;43.59916278;-1.27156697;2024-12-07 10:40:00
202400040767.0;1;7;7329;1;1;1.0;7.0;44.59041455;4.1194396;2024-11-04 15:10:00
202400040768.0;1;85;85026;1;1;1.0;6.0;46.55759;-1.44297;2024-12-07 14:15:00
202400040769.0;1;7;7343;1;3;5.0;3.0;44.537518;4.346563;2024-11-04 08:20:00
202400040770.0;3;23;23037;1;1;2.0;6.0;46.013701;2.438678;2024-12-08 19:38:00
202400040771.0;1;40;40022;1;2;1.0;5.0;43.669773;-0.331929;2024-11-03 10:45:00
202400040772.0;1;52;52332;1;1;8.0;6.0;48.00586;5.485986;2024-12-09 15:56:00
202400040773.0;1;17;17008;1;1;1.0;7.0;46.241861;-1.014025;2024-11-03 16:05:00
202400040774.0;1;13;13051;1;1;1.0;5.0;43.547568;5.158274;2024-12-10 07:18:00
202400040775.0;1;37;37061;1;2;5.0;3.0;46.87777832;0.95276427;2024-11-04 06:35:00
202400040776.0;1;6;6085;2;1;1.0;4.0;43.601737;6.958771;2024-12-10 08:15:00
202400040777.0;1;987;98734;2;2;1.0;3.0;-17.763083;-149.499929;2024-11-02 17:10:00
202400040778.0;1;974;97418;1;2;1.0;1.0;-20.897995;55.520959;2024-11-04 06:02:00
202400040779.0;1;27;27091;1;1;1.0;1.0;49.361542;0.85984;2024-12-09 13:50:00
202400040780.0;5;6;6152;2;6;1.0;6.0;43.617807;7.03769;2024-11-03 23:57:00
202400040781.0;1;76;76484;1;1;1.0;4.0;49.340759;1.073407;2024-12-09 07:55:00