Num_Acc;lum;departement;commune;agglomeration;intersection;meteo;type_collision;lat;long;date
202400040782.0;3;1;1276;1;1;1.0;2.0;45.812245;5.058689;2024-10-24 02:00:00
202400040783.0;4;973;97357;2;1;1.0;7.0;4.28068;-54.387013;2024-12-07 20:30:00
202400040784.0;3;971;97107;1;1;2.0;5.0;16.092176;-61.564041;2024-12-09 23:20:00
202400040785.0;1;38;38401;1;1;1.0;7.0;45.56061192;5.4192128;2024-11-04 12:51:00
202400040786.0;1;28;28247;2;3;2.0;6.0;48.89607;1.536997;2024-12-03 12:00:00
202400040787.0;1;78;78349;1;1;1.0;2.0;48.570956;1.993686;2024-11-04 16:45:00
202400040788.0;3;95;95308;1;1;2.0;1.0;49.11647064;2.125016;2024-12-10 07:15:00
202400040789.0;1;976;97608;2;1;1.0;1.0;-12.789041;45.273601;2024-11-03 16:50:00
202400040790.0;3;34;34128;1;1;1.0;6.0;43.916537;3.727798;2024-12-09 07:00:00
202400040791.0;1;70;70205;1;1;1.0;6.0;47.649487;6.72859;2024-11-27 11:30:00
202400040792.0;1;77;77474;1;3;1.0;6.0;48.957714;2.801836;2024-11-02 07:45:00
202400040793.0;3;66;66093;1;1;1.0;6.0;42.529281;2.948231;2024-11-02 04:00:00
202400040794.0;1;89;89380;1;1;1.0;2.0;48.0586;3.093;2024-12-10 15:05:00
202400040795.0;1;66;66037;2;3;1.0;1.0;42.6952;3.0252;2024-11-04 11:25:00
202400040796.0;5;51;51250;2;2;2.0;3.0;49.308211;3.686932;2024-12-03 18:15:00
202400040797.0;2;30;30156;1;1;1.0;1.0;43.891135;4.436513;2024-11-03 17:50:00
202400040798.0;2;68;68063;1;1;1.0;2.0;47.791766;7.182226;2024-12-10 08:15:00
202400040799.0;1;34;34344;2;1;1.0;7.0;43.562365;4.095465;2024-11-03 16:25:00
202400040800.0;2;13;13004;1;1;1.0;7.0;43.405188;4.715677;2024-11-02 07:40:00
202400040801.0;1;13;13027;2;1;7.0;3.0;43.887679;4.85056;2024-11-03 15:55:00
202400040802.0;3;70;70248;1;1;1.0;6.0;47.641849;6.728868;2024-11-03 19:35:00
202400040803.0;1;67;67458;2;1;1.0;7.0;48.823084;7.733077;2024-10-28 15:25:00
202400040804.0;1;26;26313;1;2;5.0;6.0;44.95713548;4.95970488;2024-11-02 10:30:00
202400040805.0;1;1;1012;1;1;1.0;1.0;45.996783;5.509686;2024-11-01 14:15:00
202400040806.0;3;9;9049;1;1;1.0;6.0;42.963797;1.549727;2024-11-01 20:25:00
202400040807.0;1;14;14762;1;1;1.0;6.0;48.866874;-0.929297;2024-11-03 12:30:00
202400040808.0;3;13;13211;1;1;1.0;2.0;43.28973;5.44463;2024-11-03 20:05:00
202400040809.0;1;13;13211;1;1;1.0;2.0;43.29413128;5.47032278;2024-10-29 16:04:00
202400040810.0;1;13;13106;1;1;1.0;4.0;43.38827;5.35106;2024-11-01 17:00:00
202400040811.0;3;91;91689;1;1;1.0;4.0;48.73348356;2.31584609;2024-11-03 19:00:00
202400040812.0;1;94;94021;1;1;1.0;2.0;48.77137155;2.34509948;2024-11-03 15:00:00
202400040813.0;3;78;78362;1;1;1.0;2.0;48.97974;1.70159;2024-11-03 19:05:00
202400040814.0;3;78;78133;1;1;1.0;4.0;48.893489;2.008207;2024-11-02 20:10:00
202400040815.0;3;78;78640;1;1;1.0;2.0;48.77365;2.22415;2024-11-02 19:47:00
202400040816.0;3;95;95277;1;1;1.0;3.0;48.97279;2.48704;2024-11-03 03:00:00
202400040817.0;3;77;77121;1;1;1.0;6.0;48.83196795;2.6729114;2024-11-03 02:05:00
202400040818.0;1;94;94065;1;1;1.0;2.0;48.75366309;2.35712757;2024-11-02 07:29:00
202400040819.0;5;73;73011;2;1;1.0;7.0;45.66717;6.39002;2024-05-09 22:50:00
202400040820.0;3;73;73181;1;1;1.0;6.0;45.48471282;6.54258549;2024-01-14 02:15:00
202400040821.0;2;44;44109;2;1;1.0;1.0;47.25421183;-1.54446744;2024-10-22 16:50:00
202400040822.0;2;44;44109;2;1;1.0;6.0;47.21558683;-1.55083587;2024-10-22 16:35:00
202400040823.0;1;44;44143;2;1;1.0;6.0;47.1920586;-1.54758202;2024-10-19 13:50:00
202400040824.0;1;62;62040;1;9;2.0;2.0;50.715253;2.312757;2024-07-09 14:45:00
202400040825.0;1;62;62758;2;2;1.0;3.0;50.72254767;1.63674901;2024-06-26 19:15:00
202400040826.0;5;44;44162;2;6;1.0;6.0;47.22497547;-1.62117072;2024-10-18 01:00:00
202400040827.0;1;76;76351;1;1;1.0;2.0;49.5246;0.17339;2024-01-11 16:00:00
202400040828.0;5;72;72181;2;1;1.0;6.0;47.97499;0.2175;2024-01-12 18:00:00
202400040829.0;1;71;71270;2;6;1.0;6.0;46.29920346;4.82762486;2024-01-11 11:40:00
202400040830.0;5;69;69290;2;1;8.0;6.0;45.69431;4.94644;2024-01-12 07:30:00
202400040831.0;1;66;66136;1;1;1.0;4.0;42.70695;2.88248;2024-01-12 15:45:00
202400040832.0;1;66;66136;1;1;2.0;2.0;42.66618;2.90136;2024-01-11 07:55:00
202400040833.0;1;64;64445;2;2;1.0;3.0;43.29426;-0.35887;2024-01-12 13:50:00
202400040834.0;2;64;64269;1;1;8.0;4.0;43.28552;-0.32388;2024-01-12 07:55:00
202400040835.0;5;64;64102;2;1;5.0;7.0;43.4808;-1.4884;2024-01-13 23:35:00
202400040836.0;5;59;59650;2;2;9.0;3.0;50.70474;3.1994;2024-01-12 05:50:00
202400040837.0;1;58;58194;2;1;1.0;7.0;46.96791;3.12501;2024-01-10 14:05:00
202400040838.0;1;51;51454;2;2;8.0;6.0;49.22399;4.01793;2024-01-12 15:50:00
202400040839.0;1;49;49007;2;1;1.0;3.0;47.47759;-0.52065;2024-01-12 15:50:00
202400040840.0;5;49;49015;1;1;1.0;2.0;47.50344;-0.63251;2024-01-11 19:00:00
202400040841.0;5;49;49007;2;5;1.0;3.0;47.47819;-0.54363;2024-01-11 19:00:00
202400040842.0;5;45;45234;2;3;1.0;3.0;47.87941;1.90874;2024-01-12 05:35:00
202400040843.0;1;44;44109;2;2;1.0;6.0;47.21440634;-1.56546708;2024-01-12 16:10:00
202400040844.0;1;37;37261;2;1;1.0;3.0;47.38068;0.69876;2024-01-12 13:50:00
202400040845.0;5;37;37261;2;1;1.0;2.0;47.4269;0.70979;2024-01-12 07:35:00
202400040846.0;5;35;35238;2;2;1.0;6.0;48.10988;-1.6742;2024-01-09 18:20:00
202400040847.0;1;34;34301;2;1;1.0;3.0;43.40555;3.66371;2024-01-12 08:35:00
202400040848.0;5;33;33039;2;3;1.0;3.0;44.81926;-0.53856;2024-01-12 19:30:00
202400040849.0;1;33;33167;2;1;8.0;6.0;44.8252;-0.53368;2024-01-12 08:20:00
202400040850.0;1;33;33281;2;1;2.0;1.0;44.84289;-0.6929;2024-01-10 16:46:00
202400040851.0;1;31;31555;1;1;8.0;5.0;43.60503;1.39734;2024-01-12 16:40:00
202400040852.0;1;30;30007;2;1;1.0;7.0;44.12389;4.07957;2024-01-12 11:00:00
202400040853.0;5;29;29019;2;6;1.0;6.0;48.41513015;-4.47982818;2024-01-12 23:25:00
202400040854.0;5;29;29019;2;6;1.0;3.0;48.381523;-4.527406;2024-01-12 07:50:00
202400040855.0;5;29;29019;2;1;1.0;6.0;48.394347;-4.48803;2024-01-12 07:50:00
202400040856.0;5;29;29019;2;2;1.0;6.0;48.409084;-4.468101;2024-01-11 20:00:00
202400040857.0;5;29;29019;2;3;1.0;3.0;48.3875;-4.52267;2024-01-11 19:00:00
202400040858.0;5;27;27562;2;1;1.0;3.0;49.10469;1.45572;2024-01-12 05:55:00
202400040859.0;1;27;27229;2;1;1.0;3.0;49.01615;1.12213;2024-01-12 12:45:00
202400040860.0;1;26;26198;2;1;1.0;1.0;44.55979;4.76015;2024-01-12 10:20:00
202400040861.0;3;25;25056;2;1;1.0;6.0;47.2543;5.991537;2024-01-12 22:50:00
202400040862.0;4;23;23096;2;1;1.0;6.0;46.17282;1.88126;2024-01-12 01:10:00
202400040863.0;1;19;19031;2;1;4.0;2.0;45.15101;1.49983;2024-01-10 16:05:00
202400040864.0;3;17;17380;2;3;8.0;3.0;45.6626;-1.06301;2024-01-12 18:50:00
202400040865.0;1;13;13215;2;1;1.0;5.0;43.34328;5.34767;2024-01-12 13:00:00
202400040866.0;1;13;13005;2;1;8.0;3.0;43.29788;5.58964;2024-01-12 08:05:00
202400040867.0;3;11;11069;2;1;1.0;6.0;43.23784;2.37318;2024-01-13 01:40:00
202400040868.0;1;11;11069;2;1;1.0;6.0;43.22647;2.33947;2024-01-12 14:45:00
202400040869.0;1;10;10387;2;6;1.0;3.0;48.29474;4.08247;2024-01-12 09:42:00
202400040870.0;1;10;10343;2;2;7.0;3.0;48.2751;4.084;2024-01-11 09:59:00
202400040871.0;5;75;75118;2;1;1.0;2.0;48.900728;2.362969;2024-01-11 00:35:00
202400040872.0;2;75;75119;2;2;1.0;3.0;48.90115;2.371922;2024-01-12 17:00:00
202400040873.0;1;75;75117;2;3;1.0;6.0;48.88399;2.290881;2024-01-12 09:30:00
202400040874.0;5;75;75117;2;3;1.0;3.0;48.88607;2.287918;2024-01-12 07:00:00
202400040875.0;5;75;75112;2;3;1.0;7.0;48.833484;2.382071;2024-01-12 07:30:00
202400040876.0;5;75;75112;2;2;1.0;6.0;48.845869;2.367657;2024-01-12 03:45:00
202400040877.0;1;75;75110;2;3;8.0;6.0;48.868958;2.356008;2024-01-12 10:45:00
202400040878.0;5;75;75110;2;2;1.0;6.0;48.87317747;2.35883528;2024-01-11 20:12:00
202400040879.0;5;75;75108;2;3;1.0;3.0;48.875655;2.318806;2024-01-12 19:20:00
202400040880.0;5;75;75114;2;3;8.0;3.0;48.829132;2.306451;2024-01-12 01:12:00
202400040881.0;1;94;94078;2;1;1.0;6.0;48.724374;2.447154;2024-01-12 16:33:00
202400040882.0;1;94;94022;2;3;8.0;6.0;48.77285264;2.40026861;2024-01-12 09:05:00
202400040883.0;1;94;94079;2;9;1.0;3.0;48.835023;2.547194;2024-01-11 14:50:00
202400040884.0;2;93;93039;2;2;1.0;3.0;48.93568921;2.33898076;2024-01-12 16:30:00
202400040885.0;1;93;93050;2;3;1.0;6.0;48.864905;2.555573;2024-01-12 09:00:00
202400040886.0;5;93;93048;2;2;1.0;3.0;48.86183;2.44656;2024-01-12 22:25:00
202400040887.0;1;93;93079;2;9;1.0;3.0;48.9520176;2.34326228;2024-01-12 14:11:00
202400040888.0;5;93;93031;2;1;1.0;6.0;48.949016;2.332934;2024-01-12 08:00:00
202400040889.0;1;93;93014;2;1;1.0;1.0;48.9135;2.55402;2024-01-12 11:26:00
202400040890.0;5;92;92072;2;9;1.0;3.0;48.82918;2.22411;2024-01-10 23:24:00
202400040891.0;5;92;92063;2;1;1.0;7.0;48.87306957;2.19316862;2024-01-11 21:35:00
202400040892.0;1;92;92062;2;2;8.0;6.0;48.88767538;2.23282331;2024-01-12 16:45:00
202400040893.0;5;92;92051;2;2;1.0;3.0;48.89055746;2.26508188;2024-01-12 07:50:00
202400040894.0;1;92;92036;2;1;1.0;2.0;48.91564;2.30301;2024-01-12 15:20:00
202400040895.0;5;92;92025;2;7;1.0;6.0;48.92362059;2.259745;2024-01-12 18:20:00
202400040896.0;5;92;92024;2;1;1.0;6.0;48.90313044;2.28921399;2024-01-11 21:25:00
202400040897.0;1;92;92007;2;1;8.0;6.0;48.79595;2.31798;2024-01-12 15:45:00
202400040898.0;1;39;39232;1;1;1.0;1.0;46.626976;5.952846;2024-01-12 09:51:00
202400040899.0;1;26;26334;1;1;1.0;3.0;44.555356;4.96273;2024-01-13 16:00:00
202400040900.0;5;86;86174;1;6;8.0;3.0;46.781019;0.530391;2024-01-13 18:05:00
202400040901.0;1;67;67043;2;3;2.0;3.0;48.61404;7.75128;2024-04-04 15:15:00
202400040902.0;1;41;41167;1;9;8.0;3.0;47.505696;1.142894;2024-01-13 11:45:00
202400040903.0;1;28;28073;1;1;5.0;6.0;48.48743;1.66239;2024-01-13 11:50:00
202400040904.0;1;67;67482;2;9;2.0;3.0;48.569;7.739;2024-04-04 14:45:00
202400040905.0;2;86;86165;2;1;8.0;1.0;46.417623;0.846214;2024-01-13 08:25:00
202400040906.0;1;65;65440;2;1;1.0;6.0;43.23214401;0.08704719;2024-04-04 17:02:00
202400040907.0;1;21;21652;1;1;1.0;2.0;47.2068244;4.62863301;2024-01-12 12:50:00
202400040908.0;5;62;62529;1;2;8.0;3.0;50.56617576;2.78256084;2024-01-11 20:15:00
202400040909.0;1;65;65286;2;3;1.0;3.0;43.10225;-0.0394;2024-04-03 17:00:00
202400040910.0;5;971;97132;1;1;2.0;3.0;15.987317;-61.635066;2024-01-13 01:20:00
202400040911.0;1;64;64102;2;1;1.0;2.0;43.47795;-1.50454;2024-04-03 18:35:00
202400040912.0;1;59;59653;1;1;1.0;1.0;50.582589;2.939283;2024-01-13 15:15:00
202400040913.0;1;64;64102;2;1;1.0;2.0;43.48576;-1.49106;2024-04-03 11:43:00
202400040914.0;1;44;44009;2;1;1.0;6.0;47.187212;-1.468037;2024-01-11 16:40:00
202400040915.0;1;64;64024;2;1;1.0;3.0;43.48231;-1.52064;2024-04-03 08:00:00
202400040916.0;4;51;51030;1;1;1.0;7.0;49.047172;4.055285;2024-01-12 03:05:00
202400040917.0;1;65;65299;1;1;1.0;1.0;43.33483907;0.08235702;2024-01-12 09:00:00
202400040918.0;1;80;80632;1;1;1.0;4.0;49.874048;2.198198;2024-05-12 14:50:00
202400040919.0;1;61;61001;2;1;1.0;2.0;48.43512;0.1058;2024-04-03 16:00:00
202400040920.0;1;42;42173;1;2;8.0;3.0;45.841725;4.053419;2024-01-11 16:40:00
202400040921.0;1;47;47191;1;1;8.0;7.0;44.45172538;0.0903709;2024-05-12 17:46:00
202400040922.0;1;58;58194;2;3;2.0;6.0;46.98649;3.15131;2024-04-03 16:25:00
202400040923.0;3;13;13087;1;1;1.0;6.0;43.478242;5.61131;2024-05-12 21:20:00
202400040924.0;5;44;44146;2;1;1.0;1.0;47.78333;-1.448495;2024-01-13 18:25:00
202400040925.0;3;3;3019;1;1;1.0;6.0;46.599945;3.649328;2024-01-12 21:00:00
202400040926.0;1;57;57221;1;1;8.0;3.0;49.34437;6.11531;2024-02-18 11:07:00
202400040927.0;1;987;98750;1;1;1.0;1.0;-16.82088855;-151.42082477;2024-05-13 06:50:00
202400040928.0;3;72;72172;2;9;1.0;6.0;48.071552;0.587526;2024-01-13 03:25:00
202400040929.0;1;56;56260;2;1;1.0;6.0;47.65564;-2.77576;2024-04-04 12:25:00
202400040930.0;5;6;6153;2;1;1.0;6.0;44.06652;7.202429;2024-01-13 00:30:00
202400040931.0;3;5;5017;1;1;1.0;6.0;44.57707445;6.16136938;2024-01-13 02:35:00
202400040932.0;5;973;97305;2;1;1.0;2.0;5.018208;-52.479029;2024-05-12 19:09:00
202400040933.0;1;51;51454;2;1;1.0;6.0;49.26022;4.06326;2024-04-03 18:10:00
202400040934.0;1;2B;2B193;1;1;1.0;6.0;42.403337;9.19487;2024-05-13 09:50:00
202400040935.0;1;90;90005;2;2;1.0;1.0;47.732185;6.768954;2024-01-11 11:30:00
202400040936.0;1;51;51454;2;1;1.0;6.0;49.25215;4.03944;2024-04-03 09:25:00
202400040937.0;3;64;64202;2;1;1.0;7.0;43.325478;-0.9714;2024-01-13 05:10:00
202400040938.0;5;10;10367;2;1;5.0;6.0;48.541946;3.503761;2024-01-13 03:50:00
202400040939.0;1;30;30145;1;1;1.0;7.0;43.890047;4.534944;2024-05-12 16:44:00
202400040940.0;1;34;34135;1;9;1.0;6.0;43.268073;3.166777;2024-05-12 18:00:00
202400040941.0;1;36;36018;1;3;8.0;3.0;46.631441;1.130578;2024-01-12 12:20:00
202400040942.0;1;49;49007;2;1;1.0;3.0;47.47403;-0.53749;2024-04-03 16:49:00
202400040943.0;3;16;16230;1;1;9.0;1.0;45.416919;0.144818;2024-01-12 19:45:00
202400040944.0;1;45;45284;2;6;2.0;3.0;47.91071;1.952668;2024-04-04 15:55:00
202400040945.0;1;84;84078;2;3;1.0;3.0;44.242449;4.705456;2024-05-12 12:15:00
202400040946.0;1;53;53040;1;2;8.0;5.0;48.139895;-1.055954;2024-01-12 13:50:00
202400040947.0;1;42;42275;2;1;1.0;6.0;45.47847;4.36762;2024-04-04 14:10:00
202400040948.0;3;89;89053;1;1;1.0;6.0;47.874836;3.478159;2024-05-13 03:15:00
202400040949.0;1;4;4001;1;6;7.0;3.0;44.066119;6.17246;2024-01-13 12:45:00
202400040950.0;1;42;42218;2;1;1.0;3.0;45.46488;4.39872;2024-03-25 17:40:00
202400040951.0;5;13;13069;2;3;1.0;3.0;43.634231;5.168016;2024-01-13 17:50:00
202400040952.0;1;71;71583;2;6;1.0;2.0;46.272899;4.778752;2024-05-11 18:15:00
202400040953.0;1;35;35238;2;1;1.0;1.0;48.10856011;-1.69935308;2024-04-04 08:55:00
202400040954.0;1;68;68300;1;1;4.0;2.0;47.776542;7.391213;2024-01-12 10:15:00
202400040955.0;3;44;44027;1;1;1.0;7.0;47.390302;-1.524932;2024-05-11 22:45:00
202400040956.0;1;34;34108;2;1;1.0;6.0;43.45241;3.75077;2024-04-04 13:10:00
202400040957.0;3;7;7136;1;1;1.0;6.0;44.61314;3.903676;2024-05-12 04:50:00
202400040958.0;1;34;34301;2;9;1.0;1.0;43.41374;3.68246;2024-04-04 07:50:00
202400040959.0;3;69;69289;1;4;1.0;1.0;45.658026;5.05506;2024-05-12 22:30:00
202400040960.0;1;38;38516;2;2;1.0;5.0;45.200698;5.758992;2024-01-13 16:40:00
202400040961.0;1;31;31084;1;1;1.0;6.0;43.171723;0.9675;2024-05-13 11:05:00
202400040962.0;1;77;77185;1;1;5.0;2.0;48.447152;2.529151;2024-01-13 10:10:00
202400040963.0;1;17;17375;2;1;1.0;7.0;45.932345;-1.040842;2024-05-11 17:00:00
202400040964.0;1;34;34198;2;6;1.0;3.0;43.57041;3.9406;2024-04-04 14:15:00
202400040965.0;3;988;98817;1;1;1.0;6.0;-22.238543;166.587769;2024-01-12 21:30:00
202400040966.0;1;34;34172;2;1;1.0;6.0;43.61242;3.89181;2024-04-03 14:40:00
202400040967.0;1;64;64551;2;2;8.0;7.0;43.22796;-0.643129;2024-05-12 11:30:00
202400040968.0;3;971;97129;1;1;2.0;6.0;16.34556;-61.718595;2024-01-13 00:35:00
202400040969.0;1;49;49023;1;1;1.0;2.0;47.155755;-1.069209;2024-05-11 20:00:00
202400040970.0;3;84;84034;1;1;1.0;2.0;43.888901;4.924364;2024-01-13 03:00:00
202400040971.0;1;27;27644;2;1;1.0;6.0;49.162016;1.550931;2024-05-10 18:45:00
202400040972.0;1;34;34003;2;1;1.0;2.0;43.30065;3.46482;2024-04-03 14:05:00
202400040973.0;1;21;21464;2;1;7.0;6.0;47.142318;4.94506;2024-01-11 10:50:00
202400040974.0;3;33;33063;2;1;1.0;6.0;44.82304;-0.59327;2024-04-05 00:40:00
202400040975.0;1;68;68226;2;1;4.0;6.0;48.039866;7.146676;2024-01-12 12:45:00
202400040976.0;1;62;62705;1;2;1.0;3.0;50.80938902;1.77884814;2024-05-12 19:13:00
202400040977.0;1;33;33119;2;3;1.0;3.0;44.85654;-0.532221;2024-04-04 19:50:00
202400040978.0;2;29;29119;1;3;1.0;3.0;48.463989;-4.650055;2024-01-12 17:26:00
202400040979.0;5;33;33063;2;2;1.0;3.0;44.85991;-0.56875;2024-04-04 06:35:00
202400040980.0;1;13;13214;1;1;1.0;2.0;43.334083;5.377272;2024-05-11 20:00:00
202400040981.0;2;22;22093;1;1;1.0;1.0;48.449984;-2.546511;2024-01-12 17:42:00
202400040982.0;1;13;13216;1;1;1.0;6.0;43.36653881;5.33015016;2024-05-11 15:55:00
202400040983.0;1;35;35066;1;1;8.0;1.0;48.048165;-1.712338;2024-01-12 16:25:00
202400040984.0;1;13;13211;1;1;1.0;6.0;43.29449;5.46044;2024-05-11 12:30:00
202400040985.0;1;2;2381;2;1;1.0;6.0;49.908277;4.094349;2024-01-13 10:30:00
202400040986.0;1;33;33281;1;1;1.0;4.0;44.8328;-0.683;2024-04-03 17:00:00
202400040987.0;1;83;83035;1;1;1.0;6.0;43.16327267;5.7670455;2024-05-12 15:25:00
202400040988.0;1;33;33063;2;1;1.0;2.0;44.82427;-0.57027;2024-04-03 16:20:00
202400040989.0;5;69;69259;1;1;1.0;4.0;45.71725894;4.85812415;2024-05-12 05:35:00
202400040990.0;1;13;13211;1;1;3.0;2.0;43.28797659;5.4417496;2024-01-11 08:45:00
202400040991.0;1;91;91471;1;1;1.0;6.0;48.69971;2.19262;2024-05-12 07:40:00
202400040992.0;1;33;33039;2;9;1.0;3.0;44.78447;-0.56554;2024-04-03 08:55:00
202400040993.0;1;69;69270;1;1;8.0;4.0;45.65548;4.921;2024-01-12 09:00:00
202400040994.0;1;33;33529;2;9;1.0;3.0;44.612427;-1.119829;2024-04-04 14:05:00
202400040995.0;1;92;92064;1;1;1.0;4.0;48.83954496;2.20338008;2024-05-12 09:00:00
202400040996.0;3;33;33281;1;1;1.0;2.0;44.846436;-0.670176;2024-01-12 21:10:00
202400040997.0;1;95;95277;1;1;2.0;7.0;48.9730294;2.48713732;2024-05-12 19:05:00
202400040998.0;5;29;29232;2;1;2.0;7.0;47.99005526;-4.11050243;2024-04-04 06:00:00
202400040999.0;1;93;93027;1;1;1.0;4.0;48.92370945;2.38519728;2024-05-11 14:05:00
202400041000.0;1;29;29232;2;1;2.0;2.0;47.96073;-4.0831;2024-04-04 16:30:00
202400041001.0;3;95;95277;1;1;1.0;5.0;48.97361282;2.48808891;2024-05-11 01:00:00
202400041002.0;1;29;29232;2;9;2.0;3.0;47.993676;-4.099527;2024-04-04 13:20:00
202400041003.0;4;77;77438;1;1;1.0;3.0;48.87126224;2.6706775;2024-05-12 20:55:00
202400041004.0;3;33;33249;1;1;1.0;6.0;44.883793;-0.511757;2024-01-12 04:00:00
202400041005.0;1;29;29232;2;1;2.0;2.0;48.00052812;-4.14999238;2024-04-03 18:30:00
202400041006.0;3;45;45042;1;1;1.0;2.0;47.802728;2.423204;2024-02-28 22:35:00
202400041007.0;1;77;77514;1;1;1.0;6.0;48.9499845;2.62871641;2024-05-12 14:25:00
202400041008.0;4;59;59196;1;1;1.0;2.0;50.636;2.94418;2024-01-08 03:45:00
202400041009.0;1;94;94046;1;1;1.0;6.0;48.81418936;2.448755;2024-05-12 08:00:00
202400041010.0;1;29;29039;1;1;2.0;2.0;47.92210462;-3.89978478;2024-04-04 08:10:00
202400041011.0;1;2B;2B188;1;1;8.0;1.0;42.599377;9.376734;2024-02-28 15:18:00
202400041012.0;1;94;94022;1;1;1.0;6.0;48.7766716;2.41970908;2024-05-12 07:50:00
202400041013.0;3;91;91434;1;1;1.0;3.0;48.668206;2.354165;2024-01-12 18:05:00
202400041014.0;2;74;74295;1;1;2.0;1.0;46.308666;6.611345;2024-03-01 17:10:00
202400041015.0;1;91;91377;1;1;1.0;4.0;48.72673;2.30261;2024-01-12 09:20:00
202400041016.0;3;71;71074;1;1;1.0;6.0;46.2621;4.770336;2024-02-28 23:45:00
202400041017.0;1;28;28085;2;9;2.0;6.0;48.432202;1.492994;2024-03-26 12:40:00
202400041018.0;1;74;74269;1;1;8.0;5.0;45.98017883;5.84230661;2024-02-27 11:10:00
202400041019.0;5;74;74307;2;1;1.0;6.0;46.000055;6.134869;2024-02-24 22:00:00
202400041020.0;1;27;27681;2;9;2.0;2.0;49.105332;1.486813;2024-04-04 08:30:00
202400041021.0;1;91;91687;1;1;1.0;4.0;48.66549;2.363;2024-01-12 10:20:00
202400041022.0;3;91;91471;1;1;1.0;6.0;48.69193;2.17962;2024-01-12 07:40:00
202400041023.0;1;27;27681;1;3;2.0;3.0;49.07207;1.47302;2024-04-04 10:35:00
202400041024.0;2;1;1262;2;1;1.0;6.0;45.8483;5.047542;2024-02-29 06:55:00
202400041025.0;1;74;74009;1;1;1.0;2.0;46.066651;6.080353;2024-02-21 10:35:00
202400041026.0;3;91;91235;1;1;1.0;6.0;48.62616;2.35327;2024-01-12 00:17:00
202400041027.0;1;25;25204;2;1;1.0;3.0;46.920495;6.350728;2024-04-04 16:55:00
202400041028.0;3;74;74074;1;1;5.0;6.0;46.121303;5.919024;2024-02-04 04:15:00
202400041029.0;1;85;85100;1;1;2.0;7.0;46.69282;-1.881226;2024-02-28 09:10:00
202400041030.0;3;78;78043;1;9;1.0;4.0;48.842917;2.09296;2024-01-12 18:15:00
202400041031.0;1;24;24037;2;2;1.0;3.0;44.83559;0.47917;2024-04-03 14:05:00
202400041032.0;1;14;14209;1;1;2.0;6.0;49.251637;-0.839601;2024-02-23 14:45:00
202400041033.0;1;76;76506;1;1;2.0;6.0;49.72531025;1.30176866;2024-02-28 14:49:00
202400041034.0;1;17;17380;2;6;1.0;3.0;45.653265;-1.07846;2024-04-04 09:05:00
202400041035.0;4;92;92050;1;1;1.0;2.0;48.9110758;2.21656696;2024-01-12 17:45:00
202400041036.0;1;14;14173;1;1;9.0;7.0;49.047939;-0.163057;2024-01-12 10:20:00
202400041037.0;1;13;13071;1;1;1.0;3.0;43.406134;5.29294;2024-02-23 08:29:00
202400041038.0;1;17;17306;2;1;1.0;2.0;45.61805;-1.03172;2024-03-03 12:19:00
202400041039.0;5;92;92050;1;1;1.0;3.0;48.90744841;2.21233498;2024-01-11 23:00:00
202400041040.0;1;14;14118;2;3;1.0;3.0;49.17043;-0.35334;2024-04-04 13:15:00
202400041041.0;1;77;77083;2;6;1.0;3.0;48.85017;2.58518;2024-02-19 10:00:00
202400041042.0;3;13;13117;1;1;1.0;2.0;43.45359;5.23747;2024-02-28 06:05:00
202400041043.0;1;14;14118;2;1;8.0;7.0;49.19364;-0.39442;2024-04-03 08:00:00
202400041044.0;1;974;97416;1;1;1.0;3.0;-21.30752;55.49893;2024-05-11 07:45:00
202400041045.0;3;92;92064;1;1;1.0;4.0;48.83784916;2.18980923;2024-01-11 18:15:00
202400041046.0;1;13;13106;2;9;1.0;3.0;43.40323;5.36404;2024-04-04 09:35:00
202400041047.0;1;974;97416;2;1;1.0;6.0;-21.27097;55.49305;2024-05-10 15:10:00
202400041048.0;1;13;13201;2;1;1.0;2.0;43.29362;5.38215;2024-04-04 14:15:00
202400041049.0;1;13;13202;2;9;1.0;3.0;43.30888473;5.36639376;2024-04-03 18:10:00
202400041050.0;4;59;59606;1;1;3.0;4.0;50.33916;3.49978;2024-02-23 18:24:00
202400041051.0;1;93;93029;1;1;1.0;4.0;48.91868007;2.4284989;2024-01-12 12:30:00
202400041052.0;1;974;97407;2;6;1.0;3.0;-20.95604338;55.31197;2024-05-11 08:10:00
202400041053.0;1;13;13028;1;1;1.0;1.0;43.18491;5.56497;2024-04-03 17:20:00
202400041054.0;1;91;91521;1;1;1.0;2.0;48.63378;2.40388;2024-02-28 17:00:00
202400041055.0;1;94;94004;1;1;1.0;3.0;48.75940121;2.50031751;2024-01-12 08:00:00
202400041056.0;1;13;13005;2;3;1.0;3.0;43.29681058;5.58505009;2024-04-04 11:45:00
202400041057.0;2;78;78545;1;1;1.0;6.0;48.815514;2.061766;2024-02-28 07:10:00
202400041058.0;1;973;97302;2;1;3.0;3.0;4.91212;-52.32116;2024-05-11 11:17:00
202400041059.0;2;988;98818;2;1;1.0;6.0;-22.30564;166.45984;2024-01-12 04:25:00
202400041060.0;1;12;12145;2;1;1.0;3.0;44.11274;3.0824;2024-04-03 18:00:00
202400041061.0;1;92;92072;1;1;8.0;3.0;48.82602589;2.22262601;2024-02-27 11:09:00
202400041062.0;1;11;11069;2;9;1.0;6.0;43.21719;2.35196;2024-04-03 11:06:00
202400041063.0;1;973;97302;2;9;1.0;3.0;4.928;-52.30839;2024-01-11 17:54:00
202400041064.0;5;973;97302;2;2;2.0;3.0;4.93528316;-52.33337313;2024-05-10 01:10:00