Num_Acc;lum;departement;commune;agglomeration;intersection;meteo;type_collision;lat;long;date
202400041065.0;5;10;10357;2;1;2.0;7.0;48.3038;4.09742;2024-03-29 22:20:00
202400041066.0;5;7;7102;2;1;1.0;7.0;44.93579;4.86324;2024-04-04 05:10:00
202400041067.0;1;69;69383;2;1;1.0;3.0;45.754;4.883;2024-05-11 18:35:00
202400041068.0;1;973;97302;2;3;1.0;3.0;4.91749143;-52.31283635;2024-01-11 16:27:00
202400041069.0;3;92;92063;1;1;8.0;4.0;48.88653178;2.1655023;2024-02-27 06:30:00
202400041070.0;1;6;6027;2;1;1.0;3.0;43.64865;7.14961;2024-04-04 18:20:00
202400041071.0;1;69;69386;2;2;1.0;6.0;45.76929;4.85051;2024-05-11 17:40:00
202400041072.0;1;973;97302;2;1;1.0;7.0;4.93654;-52.32766;2024-01-11 14:10:00
202400041073.0;1;95;95527;1;1;1.0;6.0;48.98653839;2.50715059;2024-02-27 07:15:00
202400041074.0;1;6;6027;2;1;8.0;3.0;43.65828;7.1426;2024-04-04 07:07:00
202400041075.0;1;69;69149;2;1;1.0;3.0;45.7197;4.80061;2024-05-11 17:50:00
202400041076.0;1;6;6004;2;9;1.0;1.0;43.597666;7.094171;2024-04-03 17:15:00
202400041077.0;2;95;95582;1;1;1.0;2.0;48.96427076;2.26827495;2024-02-27 07:00:00
202400041078.0;1;69;69385;2;4;1.0;6.0;45.75497;4.81206;2024-05-11 09:30:00
202400041079.0;1;973;97302;2;1;1.0;3.0;4.93339;-52.32239;2024-01-11 08:15:00
202400041080.0;1;4;4070;2;1;1.0;3.0;44.08978;6.23866;2024-04-04 12:50:00
202400041081.0;3;93;93078;1;1;2.0;6.0;48.96528188;2.5179856;2024-02-26 22:00:00
202400041082.0;1;972;97213;2;1;1.0;2.0;14.61811;-61.03384;2024-01-11 13:15:00
202400041083.0;5;971;97113;2;1;1.0;3.0;16.20622;-61.49703;2024-05-10 23:50:00
202400041084.0;1;75;75116;2;1;2.0;4.0;48.85835082;2.26063478;2024-04-04 08:05:00
202400041085.0;3;95;95572;1;1;2.0;2.0;49.03117012;2.12085638;2024-02-26 19:00:00
202400041086.0;1;75;75117;2;2;8.0;6.0;48.891758;2.321248;2024-04-04 12:30:00
202400041087.0;1;971;97113;1;1;1.0;3.0;16.22715686;-61.49943709;2024-05-10 13:40:00
202400041088.0;5;69;69034;2;9;8.0;1.0;45.79289423;4.86030536;2024-01-11 07:30:00
202400041089.0;1;95;95277;1;1;2.0;6.0;48.98015842;2.49808344;2024-02-26 16:55:00
202400041090.0;1;95;95268;2;1;1.0;6.0;48.9698531;2.40122616;2024-05-11 19:40:00
202400041091.0;2;75;75104;2;3;3.0;3.0;48.853286;2.359258;2024-04-04 07:10:00
202400041092.0;5;2B;2B037;1;1;1.0;2.0;42.3536;9.262;2024-01-11 17:40:00
202400041093.0;1;95;95277;1;1;1.0;1.0;48.9824;2.47343;2024-05-11 18:20:00
202400041094.0;2;95;95582;1;1;2.0;4.0;48.96436295;2.26900987;2024-02-26 17:20:00
202400041095.0;5;75;75113;2;3;1.0;2.0;48.831101;2.381105;2024-04-04 00:10:00
202400041096.0;1;95;95197;2;1;1.0;2.0;48.962188;2.32415517;2024-05-11 13:50:00
202400041097.0;5;2B;2B033;2;3;2.0;3.0;42.67919;9.44329;2024-01-10 23:20:00
202400041098.0;2;75;75120;2;2;1.0;6.0;48.8524;2.4054;2024-04-03 19:30:00
202400041099.0;1;75;75105;2;7;1.0;6.0;48.839359;2.34991;2024-02-27 16:15:00
202400041100.0;1;971;97105;2;1;1.0;2.0;15.99762;-61.72187;2024-01-11 14:10:00
202400041101.0;1;75;75119;2;3;1.0;6.0;48.878582;2.375461;2024-04-04 17:35:00
202400041102.0;2;91;91657;2;1;1.0;6.0;48.70418;2.43614;2024-05-11 20:27:00
202400041103.0;1;75;75118;2;1;8.0;3.0;48.898493;2.336915;2024-02-26 17:20:00
202400041104.0;1;91;91434;2;1;1.0;6.0;48.64592;2.35802;2024-05-11 19:30:00
202400041105.0;1;75;75117;2;7;2.0;2.0;48.878509;2.298491;2024-04-04 11:05:00
202400041106.0;1;91;91477;2;2;1.0;3.0;48.7144;2.24;2024-01-11 15:10:00
202400041107.0;1;75;75117;2;3;1.0;6.0;48.882258;2.286276;2024-02-27 15:30:00
202400041108.0;1;91;91433;1;1;1.0;2.0;48.4578;2.17687;2024-05-11 14:00:00
202400041109.0;1;75;75116;2;4;3.0;7.0;48.872109;2.284188;2024-04-04 09:15:00
202400041110.0;2;91;91201;2;3;1.0;3.0;48.65873;2.43103;2024-01-10 17:10:00
202400041111.0;2;80;80021;2;1;1.0;7.0;49.93912;2.28195;2024-05-11 21:50:00
202400041112.0;5;75;75116;2;1;2.0;6.0;48.871675;2.253502;2024-02-27 00:55:00
202400041113.0;1;75;75114;2;2;2.0;3.0;48.822662;2.322733;2024-04-03 09:00:00
202400041114.0;5;87;87085;2;1;8.0;7.0;45.84128136;1.27184451;2024-01-11 04:36:00
202400041115.0;1;75;75114;2;2;8.0;2.0;48.826181;2.319638;2024-04-02 19:00:00
202400041116.0;5;75;75114;2;2;3.0;3.0;48.822652;2.322707;2024-02-26 21:25:00
202400041117.0;1;75;75112;2;1;2.0;3.0;48.8294531;2.38739669;2024-04-04 07:55:00
202400041118.0;1;84;84007;2;1;2.0;6.0;43.95089;4.83098;2024-01-10 16:00:00
202400041119.0;5;75;75112;2;3;2.0;6.0;48.836464;2.407905;2024-02-26 22:09:00
202400041120.0;1;75;75111;2;2;1.0;6.0;48.852551;2.376869;2024-04-04 15:50:00
202400041121.0;1;74;74118;1;6;1.0;3.0;46.1769;6.23496;2024-05-10 10:50:00
202400041122.0;5;83;83062;2;3;2.0;3.0;43.11829028;6.00502548;2024-01-10 18:30:00
202400041123.0;1;69;69275;2;6;1.0;6.0;45.76382;4.96297;2024-05-11 19:20:00
202400041124.0;5;75;75116;2;7;1.0;1.0;48.873705;2.294015;2024-02-27 19:05:00
202400041125.0;1;69;69264;2;6;1.0;3.0;45.98033;4.69922;2024-05-11 12:40:00
202400041126.0;5;78;78440;2;9;1.0;6.0;48.98391;1.91167;2024-01-11 21:10:00
202400041127.0;1;75;75110;2;3;3.0;2.0;48.870703;2.347877;2024-04-04 09:06:00
202400041128.0;1;75;75108;2;7;1.0;7.0;48.877788;2.298277;2024-02-27 10:50:00
202400041129.0;5;75;75109;2;1;1.0;6.0;48.872476;2.336661;2024-04-04 01:30:00
202400041130.0;1;64;64373;2;1;1.0;6.0;43.28137;-0.35959;2024-05-11 09:20:00
202400041131.0;1;76;76681;2;2;8.0;6.0;49.42048;1.09195;2024-01-11 09:10:00
202400041132.0;1;75;75108;2;2;1.0;6.0;48.87840806;2.31553888;2024-04-04 17:00:00
202400041133.0;5;75;75107;2;2;1.0;2.0;48.857523;2.299072;2024-02-27 19:22:00
202400041134.0;1;76;76216;2;3;1.0;6.0;49.46946;1.04535;2024-01-11 08:40:00
202400041135.0;1;54;54395;2;1;1.0;6.0;48.70119;6.14796;2024-05-11 06:00:00
202400041136.0;1;75;75107;2;2;1.0;6.0;48.853487;2.298542;2024-02-20 16:45:00
202400041137.0;1;76;76351;2;3;1.0;3.0;49.49248;0.11791;2024-01-11 10:20:00
202400041138.0;1;75;75108;2;3;3.0;6.0;48.88008263;2.31347001;2024-04-04 09:30:00
202400041139.0;5;75;75102;2;2;1.0;7.0;48.86637;2.33867;2024-02-27 21:30:00
202400041140.0;1;76;76351;2;1;1.0;2.0;49.510318;0.17734;2024-01-10 13:25:00
202400041141.0;5;75;75107;2;1;1.0;7.0;48.85850818;2.29233921;2024-04-04 01:20:00
202400041142.0;5;76;76351;2;1;1.0;7.0;49.51131;0.14449;2024-01-10 17:55:00
202400041143.0;1;94;94073;2;1;1.0;2.0;48.76609135;2.39930349;2024-02-27 17:30:00
202400041144.0;1;54;54197;1;2;1.0;3.0;48.62616;6.21832;2024-05-11 18:20:00
202400041145.0;1;75;75104;2;2;2.0;6.0;48.854445;2.354991;2024-04-04 08:50:00
202400041146.0;1;73;73008;1;3;1.0;3.0;45.70888888;5.91184209;2024-01-11 07:45:00
202400041147.0;1;94;94081;2;1;2.0;4.0;48.79395;2.39983;2024-04-04 12:30:00
202400041148.0;1;94;94011;2;2;2.0;3.0;48.7826;2.49441;2024-02-26 11:00:00
202400041149.0;5;72;72181;2;1;1.0;3.0;47.98424;0.22251;2024-01-10 19:25:00
202400041150.0;1;94;94081;2;1;2.0;6.0;48.79532965;2.39757863;2024-04-03 15:25:00
202400041151.0;1;45;45286;2;2;1.0;3.0;47.8917;1.93102;2024-05-11 18:15:00
202400041152.0;3;71;71306;2;1;1.0;6.0;46.6807445;4.3818233;2024-01-10 18:20:00
202400041153.0;1;94;94060;2;1;2.0;4.0;48.7872;2.5749;2024-02-26 08:50:00
202400041154.0;1;94;94041;2;5;1.0;6.0;48.81564939;2.39342201;2024-04-04 14:30:00
202400041155.0;5;69;69266;2;2;2.0;6.0;45.77072;4.86347;2024-01-11 20:15:00
202400041156.0;1;93;93073;1;1;2.0;6.0;49.00185565;2.53702104;2024-02-26 15:50:00
202400041157.0;5;69;69266;2;3;2.0;3.0;45.77561107;4.88206105;2024-01-10 18:30:00
202400041158.0;2;94;94038;2;2;3.0;6.0;48.77538879;2.3265493;2024-04-04 07:40:00
202400041159.0;1;33;33522;2;2;1.0;3.0;44.82064;-0.58416;2024-05-11 13:40:00
202400041160.0;5;69;69264;2;6;2.0;3.0;45.98925016;4.74338432;2024-01-10 18:05:00
202400041161.0;1;94;94077;2;1;1.0;6.0;48.73853748;2.40490589;2024-04-04 15:30:00
202400041162.0;1;93;93055;2;3;1.0;3.0;48.895499;2.426297;2024-02-27 14:00:00
202400041163.0;1;33;33281;2;1;1.0;6.0;44.84775;-0.67865;2024-05-11 10:15:00
202400041164.0;2;65;65417;2;1;1.0;6.0;43.22450808;0.09404454;2024-01-11 18:00:00
202400041165.0;1;94;94018;2;1;1.0;3.0;48.827157;2.405064;2024-04-04 14:20:00
202400041166.0;2;93;93048;2;1;1.0;6.0;48.85935521;2.46118963;2024-02-27 07:00:00
202400041167.0;3;31;31555;1;9;1.0;2.0;43.60401;1.40336;2024-05-11 03:15:00
202400041168.0;5;64;64102;2;1;2.0;7.0;43.48668;-1.47969;2024-01-11 20:20:00
202400041169.0;5;62;62523;2;1;2.0;6.0;50.43841411;2.86904526;2024-01-05 17:35:00
202400041170.0;1;29;29232;1;1;1.0;6.0;48.00960758;-4.06732504;2024-05-11 15:20:00
202400041171.0;1;93;93073;2;6;1.0;7.0;48.95440245;2.5692746;2024-04-04 13:25:00
202400041172.0;1;93;93027;2;2;2.0;6.0;48.92787;2.39061;2024-02-26 16:01:00
202400041173.0;1;60;60057;2;1;1.0;3.0;49.41068607;2.10869801;2024-01-10 15:45:00
202400041174.0;1;93;93066;2;3;1.0;3.0;48.91074369;2.36012936;2024-04-04 17:35:00
202400041175.0;1;93;93027;2;1;2.0;3.0;48.9321;2.3945;2024-02-26 14:30:00
202400041176.0;3;29;29232;1;1;1.0;3.0;47.96093;-4.06325;2024-05-11 02:40:00
202400041177.0;2;59;59350;2;1;1.0;6.0;50.64861;3.09443;2024-01-11 08:10:00
202400041178.0;1;29;29039;2;1;1.0;6.0;47.89584;-3.91179;2024-05-11 16:20:00
202400041179.0;5;93;93066;2;1;1.0;3.0;48.924602;2.349437;2024-04-03 22:40:00
202400041180.0;2;57;57463;2;1;1.0;6.0;49.07944;6.18462;2024-01-11 08:18:00
202400041181.0;1;93;93005;2;4;1.0;2.0;48.95241;2.48454;2024-02-27 17:45:00
202400041182.0;1;29;29019;2;3;1.0;3.0;48.387936;-4.503226;2024-05-11 18:25:00
202400041183.0;4;93;93005;2;1;3.0;6.0;48.935144;2.492856;2024-04-04 06:50:00
202400041184.0;1;54;54526;2;1;1.0;2.0;48.69270704;6.21158838;2024-01-11 08:35:00
202400041185.0;1;92;92022;2;9;1.0;3.0;48.81633407;2.19456553;2024-02-27 16:50:00
202400041186.0;2;54;54099;2;9;1.0;7.0;49.255149;5.946027;2024-01-11 16:57:00
202400041187.0;1;92;92051;2;1;2.0;2.0;48.88986014;2.26014036;2024-04-04 09:40:00
202400041188.0;5;92;92026;2;1;1.0;7.0;48.89010223;2.24414184;2024-02-27 20:36:00
202400041189.0;5;25;25056;2;3;1.0;3.0;47.234469;5.984319;2024-05-11 05:10:00
202400041190.0;1;92;92050;2;1;1.0;3.0;48.91989;2.2213;2024-04-03 18:45:00
202400041191.0;3;52;52121;1;1;1.0;3.0;48.11066794;5.11830801;2024-01-11 07:00:00
202400041192.0;5;92;92051;2;2;8.0;6.0;48.89067926;2.2704066;2024-02-26 18:00:00
202400041193.0;5;19;19031;2;1;1.0;3.0;45.15672476;1.53245258;2024-05-11 22:55:00
202400041194.0;1;92;92050;2;9;1.0;6.0;48.88678;2.20091;2024-04-02 16:30:00
202400041195.0;1;51;51454;2;1;1.0;6.0;49.267935;4.050365;2024-01-11 08:15:00
202400041196.0;5;92;92020;2;1;1.0;3.0;48.80276;2.28802;2024-02-27 18:10:00
202400041197.0;1;92;92044;2;1;1.0;3.0;48.90104057;2.28483214;2024-04-03 20:00:00
202400041198.0;5;18;18205;2;6;1.0;7.0;47.110125;2.378071;2024-05-11 01:05:00
202400041199.0;1;49;49007;2;1;4.0;7.0;47.47006;-0.56237;2024-01-11 08:40:00
202400041200.0;1;92;92040;2;1;8.0;3.0;48.82396604;2.2738266;2024-02-27 17:45:00
202400041201.0;1;17;17306;2;3;1.0;7.0;45.62264;-0.99896;2024-05-11 21:20:00
202400041202.0;1;92;92040;2;2;1.0;6.0;48.82829537;2.28149951;2024-04-04 14:50:00
202400041203.0;2;49;49007;2;1;2.0;7.0;47.45869;-0.53295;2024-01-11 08:39:00
202400041204.0;5;92;92025;2;1;1.0;6.0;48.92299391;2.25250018;2024-02-26 19:10:00
202400041205.0;1;45;45068;2;1;1.0;6.0;48.016407;2.738483;2024-01-11 16:50:00
202400041206.0;1;92;92024;2;4;1.0;6.0;48.89766559;2.31085092;2024-04-03 18:17:00
202400041207.0;1;15;15014;2;2;7.0;3.0;44.913346;2.433165;2024-05-11 19:34:00
202400041208.0;1;92;92019;2;3;1.0;3.0;48.77123468;2.25225645;2024-02-27 11:55:00
202400041209.0;5;92;92012;2;9;1.0;6.0;48.83183;2.23824;2024-04-04 20:30:00
202400041210.0;5;44;44184;2;2;1.0;3.0;47.26338;-2.23475;2024-01-10 18:50:00
202400041211.0;1;15;15014;2;1;1.0;6.0;44.89779466;2.41079038;2024-05-10 15:55:00
202400041212.0;4;49;49092;2;9;1.0;1.0;47.232348;-0.720259;2024-04-04 21:20:00
202400041213.0;5;92;92012;2;1;1.0;6.0;48.83326434;2.24224252;2024-02-27 04:00:00
202400041214.0;1;38;38179;2;1;8.0;2.0;45.18213;5.79268;2024-01-10 11:10:00
202400041215.0;5;6;6114;2;1;2.0;6.0;43.739782;7.287611;2024-02-22 19:50:00
202400041216.0;1;42;42294;1;1;1.0;1.0;46.015562;4.103694;2024-04-03 15:45:00
202400041217.0;1;37;37261;2;1;1.0;2.0;47.36471;0.70855;2024-01-11 10:00:00
202400041218.0;1;16;16186;1;1;1.0;6.0;45.574609;-0.183871;2024-02-27 13:35:00
202400041219.0;1;14;14304;1;3;1.0;2.0;49.37393;0.22983;2024-05-10 10:48:00
202400041220.0;2;52;52366;1;1;1.0;7.0;47.9075843;5.22262541;2024-04-05 06:35:00
202400041221.0;1;45;45213;1;1;1.0;7.0;47.834182;2.56107;2024-02-28 10:50:00
202400041222.0;5;37;37261;2;3;1.0;3.0;47.38951;0.68268;2024-01-10 23:18:00
202400041223.0;1;14;14333;1;1;1.0;2.0;49.42468;0.21449;2024-05-10 10:05:00
202400041224.0;1;36;36230;1;1;1.0;6.0;47.08371893;1.81588579;2024-02-28 12:49:00
202400041225.0;1;67;67312;1;1;1.0;1.0;48.740116;7.587394;2024-04-05 17:00:00
202400041226.0;1;974;97405;2;1;1.0;2.0;-21.342452;55.558918;2024-02-28 16:55:00
202400041227.0;2;37;37261;2;2;1.0;3.0;47.39218;0.7006;2024-01-10 08:15:00
202400041228.0;3;62;62571;2;1;1.0;1.0;50.438593;1.612029;2024-04-04 23:35:00
202400041229.0;1;30;30032;1;3;1.0;3.0;43.79874;4.6092;2024-05-11 10:00:00
202400041230.0;1;972;97222;1;1;1.0;3.0;14.667131;-60.964605;2024-02-23 07:20:00
202400041231.0;2;35;35278;2;1;1.0;3.0;48.15463;-1.69502;2024-01-11 08:15:00
202400041232.0;1;83;83017;2;1;1.0;6.0;43.241772;6.003739;2024-03-25 09:20:00
202400041233.0;1;13;13103;2;1;1.0;3.0;43.62918739;5.10171074;2024-05-11 15:00:00
202400041234.0;1;34;34172;2;1;2.0;6.0;43.63896;3.85108;2024-01-11 08:24:00
202400041235.0;1;37;37166;1;1;1.0;2.0;47.51744362;0.91355271;2024-04-04 14:20:00
202400041236.0;5;13;13212;2;1;1.0;1.0;43.29158261;5.41581378;2024-05-11 22:40:00
202400041237.0;1;63;63374;1;1;5.0;3.0;45.530746;3.80353868;2024-02-27 11:00:00
202400041238.0;5;33;33063;2;1;1.0;2.0;44.8259;-0.5364325;2024-01-11 19:25:00
202400041239.0;1;13;13211;2;1;1.0;6.0;43.2878089;5.44184412;2024-05-11 17:00:00
202400041240.0;1;74;74123;1;4;2.0;5.0;45.756857;6.270313;2024-04-03 12:15:00
202400041241.0;2;49;49218;2;9;3.0;6.0;47.26190223;-1.04027194;2024-02-22 06:55:00
202400041242.0;5;76;76159;2;1;2.0;6.0;49.788922;0.639323;2024-04-05 01:15:00
202400041243.0;1;68;68155;2;1;1.0;7.0;48.094804;7.305779;2024-02-27 11:55:00
202400041244.0;1;80;80598;1;1;1.0;6.0;50.210224;1.777768;2024-04-05 11:50:00
202400041245.0;1;13;13205;2;1;1.0;2.0;43.29219;5.4019;2024-05-11 09:35:00
202400041246.0;2;33;33063;2;2;1.0;5.0;44.81473;-0.57227;2024-01-11 17:10:00
202400041247.0;1;29;29241;1;1;1.0;3.0;47.951313;-3.841943;2024-02-27 14:05:00
202400041248.0;1;33;33424;1;1;1.0;7.0;45.186665;-0.899731;2024-04-05 12:05:00
202400041249.0;1;32;32121;1;1;1.0;7.0;43.53905859;0.99859395;2024-04-04 17:15:00
202400041250.0;2;84;84089;2;1;1.0;6.0;43.694679;5.492987;2024-02-27 18:12:00
202400041251.0;1;7;7117;2;1;1.0;6.0;44.464644;4.215537;2024-02-27 11:30:00
202400041252.0;1;87;87078;1;1;1.0;7.0;45.962785;0.942121;2024-02-27 13:57:00
202400041253.0;1;31;31488;1;1;1.0;2.0;43.65137524;1.51778462;2024-02-28 13:50:00
202400041254.0;2;33;33063;2;2;8.0;3.0;44.83875;-0.625916;2024-01-11 08:28:00
202400041255.0;1;13;13028;2;1;1.0;3.0;43.17889;5.60807;2024-05-10 17:00:00
202400041256.0;1;63;63214;2;3;1.0;3.0;45.687228;3.198792;2024-04-03 12:15:00
202400041257.0;1;6;6018;1;1;2.0;3.0;43.615308;7.062267;2024-02-27 14:55:00
202400041258.0;3;31;31555;1;9;1.0;1.0;43.56926;1.43948;2024-01-11 18:35:00
202400041259.0;1;61;61222;1;1;1.0;6.0;48.752531;-0.648906;2024-03-31 17:20:00
202400041260.0;1;6;6149;1;1;1.0;2.0;43.74295957;7.34229382;2024-02-28 09:45:00
202400041261.0;2;61;61093;1;1;1.0;6.0;48.733967;-0.646476;2024-03-30 19:30:00
202400041262.0;1;31;31555;2;1;8.0;2.0;43.59666;1.44993;2024-01-11 08:55:00
202400041263.0;5;6;6088;2;3;1.0;3.0;43.69215;7.19925;2024-05-11 22:31:00
202400041264.0;2;987;98729;1;1;1.0;1.0;-17.554513;-149.878843;2024-02-27 18:25:00
202400041265.0;1;49;49339;1;1;1.0;1.0;47.593778;-0.541055;2024-03-17 18:12:00
202400041266.0;5;31;31555;2;6;8.0;6.0;43.57432187;1.40121683;2024-01-11 02:30:00
202400041267.0;1;5;5061;1;1;1.0;1.0;44.5481;6.03787;2024-05-10 13:40:00
202400041268.0;1;46;46182;1;1;1.0;6.0;44.488293;1.304283;2024-04-04 17:34:00
202400041269.0;1;93;93046;2;5;1.0;3.0;48.9106;2.51227;2024-07-18 20:03:00
202400041270.0;1;1;1344;1;1;1.0;7.0;46.19844;5.19812;2024-05-10 14:45:00
202400041271.0;1;29;29232;1;1;1.0;2.0;47.9664017;-4.06111179;2024-01-11 15:35:00
202400041272.0;5;21;21515;2;1;1.0;7.0;47.310678;5.102988;2024-02-27 22:00:00
202400041273.0;1;22;22013;2;2;1.0;3.0;48.475112;-3.185949;2024-04-05 10:45:00
202400041274.0;1;93;93045;2;5;1.0;3.0;48.88258;2.41533;2024-07-18 08:40:00
202400041275.0;1;75;75112;2;1;1.0;3.0;48.829525;2.401228;2024-05-11 12:15:00
202400041276.0;1;78;78615;1;1;1.0;3.0;48.839838;1.959923;2024-02-28 09:15:00
202400041277.0;1;75;75120;2;1;1.0;6.0;48.847287;2.408879;2024-05-11 20:30:00
202400041278.0;1;38;38394;1;3;7.0;2.0;45.095625;5.250344;2024-04-02 07:55:00
202400041279.0;1;93;93010;2;1;1.0;6.0;48.90719576;2.48030501;2024-07-18 07:50:00
202400041280.0;1;75;75119;2;3;1.0;6.0;48.874925;2.388949;2024-05-10 16:15:00
202400041281.0;1;34;34157;2;4;1.0;6.0;43.428357;3.600018;2024-02-02 11:20:00
202400041282.0;1;16;16102;2;1;8.0;1.0;45.68739;-0.35481;2024-01-10 16:47:00
202400041283.0;1;3;3043;2;4;1.0;3.0;46.190697;3.273861;2024-04-05 18:30:00
202400041284.0;1;93;93005;2;1;1.0;2.0;48.94873839;2.48811616;2024-07-18 09:23:00
202400041285.0;1;75;75118;2;3;1.0;6.0;48.885568;2.338523;2024-05-10 14:45:00
202400041286.0;2;58;58010;1;1;3.0;6.0;47.045337;4.041392;2024-04-01 19:10:00
202400041287.0;1;67;67339;1;1;1.0;3.0;48.88386981;7.92066469;2024-02-27 15:10:00
202400041288.0;1;14;14220;2;6;7.0;7.0;49.35992;0.08295;2024-01-11 11:00:00
202400041289.0;1;92;92073;2;5;1.0;3.0;48.87969239;2.21891132;2024-07-17 16:00:00
202400041290.0;1;72;72344;1;3;1.0;3.0;47.941546;0.165911;2024-04-05 15:30:00
202400041291.0;1;75;75116;2;2;1.0;7.0;48.854236;2.275514;2024-05-11 20:30:00
202400041292.0;5;13;13208;2;2;1.0;3.0;43.28106;5.38936;2024-01-12 00:02:00
202400041293.0;1;57;57596;2;1;1.0;3.0;49.164058;6.85973;2024-02-26 16:55:00
202400041294.0;1;9;9265;2;2;1.0;2.0;43.081066;1.624019;2024-04-04 16:45:00
202400041295.0;1;75;75115;2;2;1.0;3.0;48.838489;2.278375;2024-05-11 13:00:00
202400041296.0;1;69;69204;2;1;1.0;6.0;45.692527;4.805768;2024-02-27 16:10:00
202400041297.0;1;45;45333;1;1;8.0;2.0;47.938068;2.050173;2024-04-04 14:00:00
202400041298.0;1;75;75113;2;3;1.0;6.0;48.836589;2.351149;2024-05-11 16:20:00
202400041299.0;1;92;92051;2;3;1.0;3.0;48.88244917;2.26755023;2024-07-18 18:07:00
202400041300.0;1;35;35240;1;1;1.0;6.0;48.09404226;-1.76540583;2024-02-27 09:50:00
202400041301.0;1;64;64037;1;2;1.0;2.0;43.337397;-0.499835;2024-04-05 17:20:00
202400041302.0;5;13;13211;2;1;1.0;1.0;43.294;5.49;2024-01-11 17:10:00
202400041303.0;1;94;94078;2;3;1.0;3.0;48.733376;2.462034;2024-05-11 15:25:00
202400041304.0;3;64;64198;1;1;1.0;7.0;43.360594;-0.50374;2024-04-05 09:12:00
202400041305.0;1;76;76759;1;3;1.0;7.0;49.41415174;0.89202744;2024-02-27 15:24:00
202400041306.0;1;92;92049;2;2;1.0;2.0;48.81801402;2.32230002;2024-07-18 10:10:00
202400041307.0;1;94;94076;2;1;1.0;6.0;48.80489569;2.36392014;2024-05-11 19:00:00
202400041308.0;1;13;13203;2;1;1.0;1.0;43.3194;5.37791;2024-01-11 16:10:00
202400041309.0;1;33;33281;1;1;1.0;7.0;44.83643;-0.6763;2024-02-27 16:40:00
202400041310.0;1;92;92040;2;9;1.0;6.0;48.8227435;2.27617389;2024-07-18 20:16:00
202400041311.0;2;18;18221;1;1;1.0;1.0;46.838207;2.338693;2024-04-05 06:35:00
202400041312.0;3;59;59328;1;1;8.0;6.0;50.65570185;3.01288969;2024-02-26 23:45:00
202400041313.0;1;94;94017;2;2;1.0;3.0;48.81177;2.55687;2024-05-11 14:10:00
202400041314.0;1;36;36088;2;9;1.0;2.0;46.951437;2.003234;2024-04-04 11:24:00
202400041315.0;1;92;92026;2;1;1.0;3.0;48.89008262;2.25620694;2024-07-18 08:10:00
202400041316.0;1;13;13206;2;3;2.0;3.0;43.2912;5.38078;2024-01-11 14:35:00
202400041317.0;3;92;92047;1;1;2.0;2.0;48.83335317;2.16131084;2024-02-26 20:00:00
202400041318.0;3;94;94017;2;1;1.0;2.0;48.80849;2.55195;2024-05-10 22:30:00
202400041319.0;1;92;92025;2;1;1.0;2.0;48.91823614;2.23892422;2024-07-17 19:45:00
202400041320.0;1;7;7048;2;1;1.0;6.0;44.880192;4.577163;2024-04-05 13:30:00
202400041321.0;1;92;92063;1;1;1.0;6.0;48.89039593;2.1710504;2024-02-26 09:30:00
202400041322.0;1;13;13001;1;1;1.0;6.0;43.55678531;5.4448976;2024-01-11 13:20:00
202400041323.0;1;93;93078;2;1;1.0;3.0;48.95345;2.53283;2024-05-10 20:30:00
202400041324.0;5;92;92012;2;1;1.0;6.0;48.83034348;2.2327162;2024-07-18 03:15:00
202400041325.0;1;40;40224;2;1;1.0;3.0;43.547137;-1.120348;2024-04-03 17:15:00
202400041326.0;1;95;95277;1;1;1.0;4.0;48.96803561;2.47785819;2024-02-27 15:00:00
202400041327.0;1;11;11262;2;2;2.0;6.0;43.1871;2.98304;2024-01-11 14:40:00
202400041328.0;1;93;93066;2;2;1.0;2.0;48.944334;2.357105;2024-05-11 19:56:00
202400041329.0;1;67;67506;2;1;1.0;6.0;48.66668579;7.71738321;2024-04-03 17:02:00
202400041330.0;1;60;60587;2;2;1.0;1.0;49.342307;2.606362;2024-07-19 14:36:00
202400041331.0;1;11;11262;2;1;2.0;6.0;43.18656;3.00669;2024-01-11 08:40:00
202400041332.0;1;93;93064;2;1;1.0;6.0;48.877182;2.480153;2024-05-11 18:55:00
202400041333.0;1;93;93063;1;1;1.0;5.0;48.87835874;2.44648683;2024-02-27 09:40:00
202400041334.0;5;93;93031;2;1;1.0;7.0;48.95823172;2.3016082;2024-05-10 23:50:00
202400041335.0;1;37;37010;1;2;1.0;3.0;47.530908;0.946659;2024-07-18 09:15:00
202400041336.0;1;11;11069;2;1;2.0;2.0;43.20318;2.31454;2024-01-10 16:30:00
202400041337.0;1;92;92036;1;1;2.0;2.0;48.93811425;2.2989428;2024-02-26 09:00:00
202400041338.0;1;42;42279;2;1;1.0;3.0;45.490209;4.23369;2024-04-05 08:45:00
202400041339.0;5;93;93047;2;3;1.0;2.0;48.903188;2.57711;2024-05-10 22:30:00
202400041340.0;5;6;6069;2;1;1.0;7.0;43.6263;6.96213;2024-01-11 19:45:00
202400041341.0;1;67;67222;1;3;1.0;3.0;48.896846;7.450941;2024-07-18 11:18:00
202400041342.0;5;987;98712;1;1;1.0;1.0;-16.647612;-151.497785;2024-04-04 20:30:00
202400041343.0;1;93;93053;1;1;2.0;2.0;48.89292727;2.47244859;2024-02-26 09:15:00
202400041344.0;2;6;6069;2;1;1.0;2.0;43.64421;6.89982;2024-01-11 17:25:00
202400041345.0;1;93;93071;2;3;1.0;3.0;48.93085;2.51595;2024-05-11 11:15:00
202400041346.0;1;52;52535;2;1;1.0;6.0;48.105002;5.062886;2024-07-18 08:10:00