Num_Acc;lum;departement;commune;agglomeration;intersection;meteo;type_collision;lat;long;date
202400041347.0;1;94;94017;1;1;1.0;3.0;48.83020089;2.495767;2024-02-27 08:45:00
202400041348.0;1;22;22177;1;1;1.0;6.0;48.63318;-2.952002;2024-07-18 10:55:00
202400041349.0;1;44;44069;1;6;1.0;5.0;47.296488;-2.435347;2024-04-04 18:30:00
202400041350.0;1;6;6069;2;1;7.0;3.0;43.65524;6.93824;2024-01-11 15:15:00
202400041351.0;1;93;93001;2;5;1.0;6.0;48.91447419;2.38148144;2024-05-11 14:30:00
202400041352.0;1;94;94017;1;1;2.0;2.0;48.83020089;2.495767;2024-02-26 14:50:00
202400041353.0;1;51;51097;1;1;2.0;7.0;49.0298856;4.5424813;2024-04-05 16:20:00
202400041354.0;1;85;85223;2;1;1.0;6.0;46.557333;-1.065121;2024-07-09 13:40:00
202400041355.0;2;6;6069;2;1;2.0;7.0;43.650702;6.92825;2024-01-09 07:50:00
202400041356.0;1;60;60531;1;1;1.0;7.0;49.420396;2.699032;2024-05-12 17:50:00
202400041357.0;1;41;41256;1;1;1.0;7.0;47.35087297;2.05005724;2024-07-18 16:35:00
202400041358.0;5;75;75118;2;2;2.0;6.0;48.895302;2.33755;2024-02-26 20:40:00
202400041359.0;1;11;11262;1;1;1.0;1.0;43.137712;3.052182;2024-04-04 16:50:00
202400041360.0;5;75;75114;2;1;1.0;4.0;48.819984;2.325696;2024-01-11 17:45:00
202400041361.0;1;1;1109;1;3;1.0;3.0;46.122013;5.895785;2024-07-18 16:27:00
202400041362.0;1;976;97607;1;1;1.0;6.0;-12.871212;45.207646;2024-04-05 14:15:00
202400041363.0;1;28;28141;1;1;1.0;4.0;48.331882;1.388386;2024-05-12 17:35:00
202400041364.0;1;75;75118;2;3;2.0;2.0;48.884499;2.349382;2024-02-26 08:20:00
202400041365.0;1;75;75119;2;1;1.0;2.0;48.882735;2.400603;2024-01-11 10:25:00
202400041366.0;2;83;83067;1;1;1.0;6.0;43.321603;6.299028;2024-05-10 19:00:00
202400041367.0;3;974;97413;1;1;1.0;1.0;-21.143278;55.285932;2024-07-18 21:55:00
202400041368.0;2;974;97417;2;1;2.0;3.0;-21.36960682;55.72331643;2024-02-11 18:45:00
202400041369.0;1;75;75117;2;2;2.0;3.0;48.883286;2.319284;2024-02-26 17:00:00
202400041370.0;1;23;23235;1;1;1.0;6.0;46.17762;1.567408;2024-07-17 08:45:00
202400041371.0;1;28;28196;1;2;1.0;3.0;48.293236;1.248699;2024-05-10 11:50:00
202400041372.0;5;974;97415;1;1;8.0;6.0;-21.04273;55.249654;2024-04-05 21:15:00
202400041373.0;3;56;56205;1;1;1.0;7.0;47.564119;-2.709589;2024-07-18 00:20:00
202400041374.0;1;75;75116;2;4;2.0;2.0;48.838167;2.265728;2024-02-26 09:00:00
202400041375.0;1;67;67063;1;1;1.0;2.0;48.383979;7.272053;2024-05-12 17:50:00
202400041376.0;1;971;97118;2;1;1.0;2.0;16.208845;-61.648808;2024-04-04 16:00:00
202400041377.0;1;2A;2A130;2;1;1.0;1.0;41.902682;8.813624;2024-07-17 19:30:00
202400041378.0;1;75;75115;2;6;2.0;6.0;48.847906;2.301372;2024-02-26 16:20:00
202400041379.0;1;77;77099;2;1;2.0;6.0;48.149954;2.69812;2024-04-05 11:00:00
202400041380.0;1;2A;2A271;2;1;1.0;1.0;41.98342;8.840539;2024-07-17 13:20:00
202400041381.0;1;35;35085;1;3;1.0;3.0;48.417011;-1.755527;2024-05-11 19:15:00
202400041382.0;1;75;75113;2;3;2.0;6.0;48.826788;2.365037;2024-02-26 15:45:00
202400041383.0;1;82;82027;1;1;1.0;1.0;43.895125;1.305914;2024-07-18 10:28:00
202400041384.0;2;78;78305;1;1;1.0;6.0;48.894822;1.90137;2024-04-05 07:45:00
202400041385.0;1;41;41201;1;1;1.0;1.0;47.716201;0.880011;2024-05-11 13:05:00
202400041386.0;1;75;75101;2;3;2.0;6.0;48.860057;2.349082;2024-02-26 11:00:00
202400041387.0;3;65;65288;2;1;1.0;6.0;43.310167;0.298315;2024-07-19 00:15:00
202400041388.0;1;2B;2B313;2;1;1.0;6.0;42.372844;9.528698;2024-03-22 11:30:00
202400041389.0;3;89;89240;1;1;1.0;1.0;48.174242;3.369026;2024-05-11 04:20:00
202400041390.0;1;30;30027;1;1;1.0;7.0;44.065961;4.068385;2024-04-05 18:35:00
202400041391.0;1;91;91573;2;9;1.0;6.0;48.606592;2.507753;2024-05-11 12:00:00
202400041392.0;1;33;33466;2;3;1.0;3.0;44.819956;-0.281734;2024-07-17 16:55:00
202400041393.0;1;94;94081;2;2;2.0;3.0;48.77827;2.39643;2024-02-25 08:17:00
202400041394.0;3;19;19123;2;1;1.0;6.0;45.17761046;1.59053671;2024-05-11 23:50:00
202400041395.0;1;84;84117;2;2;1.0;3.0;44.268302;4.958471;2024-04-05 18:30:00
202400041396.0;5;94;94081;2;3;1.0;6.0;48.80442;2.40858;2024-02-25 01:55:00
202400041397.0;1;65;65055;2;1;2.0;6.0;43.002993;-0.075909;2024-05-07 18:15:00
202400041398.0;5;84;84036;2;1;1.0;6.0;43.923514;4.938963;2024-04-05 03:30:00
202400041399.0;1;71;71146;2;1;1.0;7.0;46.479419;4.71063;2024-05-12 12:00:00
202400041400.0;1;94;94074;2;1;2.0;6.0;48.74196077;2.47307262;2024-02-26 12:25:00
202400041401.0;2;63;63223;1;1;1.0;6.0;46.11014791;2.90846944;2024-05-05 08:30:00
202400041402.0;1;83;83023;1;3;1.0;7.0;43.403068;6.001325;2024-01-15 08:50:00
202400041403.0;5;94;94068;2;5;2.0;6.0;48.807702;2.474109;2024-02-26 06:02:00
202400041404.0;1;71;71305;1;2;1.0;2.0;46.448019;4.894425;2024-07-19 08:40:00
202400041405.0;1;63;63149;1;1;1.0;1.0;45.892215;3.251803;2024-05-12 07:45:00
202400041406.0;2;94;94068;2;3;8.0;6.0;48.79983;2.47113;2024-02-25 07:50:00
202400041407.0;1;4;4143;1;1;1.0;2.0;43.923248;5.909024;2024-04-05 18:15:00
202400041408.0;1;76;76638;1;2;7.0;3.0;50.013014;1.428298;2024-05-11 10:50:00
202400041409.0;5;94;94042;2;5;2.0;3.0;48.820127;2.467019;2024-02-26 20:11:00
202400041410.0;1;55;55053;1;1;7.0;7.0;49.327248;5.604036;2024-05-11 18:45:00
202400041411.0;2;13;13003;2;3;1.0;3.0;43.704704;5.158424;2024-03-20 07:35:00
202400041412.0;1;94;94065;1;1;2.0;2.0;48.75378262;2.36314684;2024-02-23 12:00:00
202400041413.0;1;13;13030;1;3;1.0;1.0;43.265628;5.664868;2024-04-03 19:30:00
202400041414.0;2;94;94033;2;3;8.0;6.0;48.85964;2.48047;2024-02-26 07:30:00
202400041415.0;1;61;61040;1;3;1.0;3.0;48.703586;-0.461688;2024-07-18 19:02:00
202400041416.0;1;54;54397;2;2;7.0;6.0;48.613149;6.102821;2024-04-05 08:55:00
202400041417.0;2;94;94069;2;1;2.0;6.0;48.817817;2.422143;2024-02-26 17:50:00
202400041418.0;1;12;12238;1;1;1.0;1.0;44.237436;2.98429;2024-05-12 08:54:00
202400041419.0;1;26;26072;2;1;1.0;6.0;45.11255;4.897586;2024-04-05 13:25:00
202400041420.0;1;29;29220;2;6;1.0;7.0;47.86275282;-4.24581054;2024-05-10 14:50:00
202400041421.0;1;94;94018;2;1;2.0;4.0;48.81972;2.40787;2024-02-25 16:05:00
202400041422.0;3;26;26074;1;1;1.0;6.0;44.97599117;5.43632269;2024-04-04 22:00:00
202400041423.0;1;29;29284;1;1;1.0;7.0;47.791381;-4.268837;2024-05-11 15:45:00
202400041424.0;1;1;1376;1;1;1.0;1.0;45.853569;4.974189;2024-04-05 08:45:00
202400041425.0;1;93;93073;1;1;2.0;5.0;49.00335482;2.55917072;2024-02-26 09:40:00
202400041426.0;1;38;38495;1;3;1.0;1.0;45.120428;5.279027;2024-05-12 19:55:00
202400041427.0;5;69;69278;2;1;1.0;1.0;45.901003;4.830229;2024-04-05 19:30:00
202400041428.0;5;2;2295;2;1;1.0;6.0;49.903511;3.913912;2024-05-11 23:32:00
202400041429.0;1;93;93066;2;1;2.0;2.0;48.92618;2.3618;2024-02-26 17:45:00
202400041430.0;1;55;55527;1;1;1.0;5.0;49.21217671;5.01556221;2024-07-18 18:30:00
202400041431.0;1;31;31135;2;2;1.0;3.0;43.217906;1.085125;2024-04-04 17:30:00
202400041432.0;1;2;2128;1;9;2.0;6.0;49.548853;3.676579;2024-05-12 20:40:00
202400041433.0;1;49;49222;1;6;1.0;3.0;47.365978;-0.562878;2024-07-19 15:50:00
202400041434.0;1;72;72264;2;1;3.0;6.0;47.826079;-0.315524;2024-03-26 13:10:00
202400041435.0;1;3;3118;2;1;7.0;1.0;46.102809;3.189388;2024-05-11 16:15:00
202400041436.0;1;14;14762;2;1;2.0;6.0;48.846905;-0.888058;2024-04-02 18:40:00
202400041437.0;1;46;46028;1;3;7.0;3.0;44.92583497;1.74161197;2024-07-18 13:35:00
202400041438.0;3;3;3161;2;4;1.0;1.0;46.166205;2.640935;2024-05-11 22:15:00
202400041439.0;1;93;93066;2;2;3.0;3.0;48.91516;2.36172;2024-02-26 14:30:00
202400041440.0;1;13;13106;1;1;1.0;4.0;43.39071033;5.35120523;2024-04-03 17:30:00
202400041441.0;1;29;29137;1;1;1.0;3.0;48.336461;-4.280101;2024-07-17 10:00:00
202400041442.0;1;15;15027;1;1;1.0;7.0;44.712384;2.302269;2024-05-11 11:00:00
202400041443.0;2;93;93066;2;1;2.0;3.0;48.93111;2.363544;2024-02-26 08:10:00
202400041444.0;1;68;68380;1;1;1.0;3.0;47.44964;7.386106;2024-07-18 21:15:00
202400041445.0;1;1;1265;2;1;1.0;2.0;46.170373;5.576763;2024-05-11 19:05:00
202400041446.0;1;13;13071;1;1;1.0;2.0;43.39839;5.32782;2024-04-03 16:10:00
202400041447.0;5;93;93077;2;2;2.0;3.0;48.88493;2.51957;2024-02-25 19:45:00
202400041448.0;1;25;25370;1;1;1.0;3.0;47.450641;6.771709;2024-07-18 07:56:00
202400041449.0;1;1;1040;1;3;7.0;3.0;46.371025;5.035676;2024-05-12 12:15:00
202400041450.0;1;83;83137;1;1;1.0;4.0;43.12717959;5.91671394;2024-04-03 17:45:00
202400041451.0;1;26;26111;1;1;1.0;3.0;44.55106;5.1828;2024-05-12 11:10:00
202400041452.0;1;93;93063;2;2;2.0;6.0;48.8807;2.43726;2024-02-26 12:40:00
202400041453.0;1;29;29193;2;1;1.0;2.0;48.55427408;-4.08586824;2024-07-19 14:15:00
202400041454.0;3;93;93032;2;7;2.0;3.0;48.88287602;2.52647594;2024-02-25 22:40:00
202400041455.0;1;15;15148;1;1;1.0;6.0;45.015503;2.875574;2024-07-18 21:10:00
202400041456.0;1;83;83137;1;1;1.0;2.0;43.12084315;5.95179617;2024-04-02 18:05:00
202400041457.0;5;93;93010;2;1;2.0;6.0;48.89222487;2.49764621;2024-02-26 19:05:00
202400041458.0;1;58;58306;2;1;1.0;3.0;46.866639;3.548664;2024-05-12 11:00:00
202400041459.0;1;93;93005;1;1;1.0;7.0;48.96795092;2.47949927;2024-04-04 18:40:00
202400041460.0;1;93;93005;2;2;2.0;2.0;48.947194;2.492225;2024-02-26 09:15:00
202400041461.0;1;70;70428;2;4;1.0;3.0;47.653379;6.121228;2024-07-19 09:20:00
202400041462.0;1;95;95488;2;1;1.0;2.0;49.02460667;2.13255106;2024-04-04 17:45:00
202400041463.0;3;50;50058;1;1;1.0;6.0;49.0699466;-1.5693031;2024-05-11 22:00:00
202400041464.0;1;92;92035;2;1;2.0;3.0;48.91052627;2.25481689;2024-02-26 12:49:00
202400041465.0;1;50;50239;1;2;1.0;3.0;49.125773;-1.180113;2024-05-12 08:45:00
202400041466.0;1;93;93027;1;1;1.0;4.0;48.92480211;2.39182234;2024-04-03 16:50:00
202400041467.0;1;66;66161;1;3;1.0;3.0;42.608347;2.404246;2024-07-19 07:35:00
202400041468.0;1;92;92024;2;2;3.0;3.0;48.89991951;2.31443256;2024-02-26 13:40:00
202400041469.0;3;95;95277;1;1;3.0;6.0;48.97998245;2.49663572;2024-04-03 06:20:00
202400041470.0;1;45;45095;2;3;7.0;3.0;48.05616;2.188366;2024-05-11 16:10:00
202400041471.0;1;92;92024;2;3;3.0;6.0;48.90294593;2.30147767;2024-02-26 13:10:00
202400041472.0;1;5;5011;1;1;1.0;6.0;44.529143;6.181548;2024-07-19 14:10:00
202400041473.0;1;95;95218;1;1;2.0;4.0;49.03544363;2.09728718;2024-04-02 20:00:00
202400041474.0;1;92;92019;2;3;2.0;3.0;48.76650035;2.26303518;2024-02-26 09:15:00
202400041475.0;1;83;83082;1;1;1.0;6.0;43.63703894;6.4786324;2024-07-18 19:45:00
202400041476.0;1;73;73204;2;1;1.0;2.0;45.53104233;5.68221509;2024-05-10 13:55:00
202400041477.0;1;95;95678;1;1;1.0;2.0;49.06943199;2.24863293;2024-04-02 09:40:00
202400041478.0;1;73;73010;1;1;1.0;6.0;45.74063844;5.9714778;2024-07-19 13:20:00
202400041479.0;1;974;97415;2;1;1.0;3.0;-21.015762;55.277228;2024-02-27 15:55:00
202400041480.0;1;40;40094;2;9;1.0;3.0;44.168582;-1.030354;2024-05-11 15:05:00
202400041481.0;1;94;94052;1;1;3.0;3.0;48.84320967;2.49265332;2024-04-03 11:30:00
202400041482.0;1;43;43080;2;1;1.0;3.0;45.33333819;3.83783362;2024-02-26 10:35:00
202400041483.0;1;24;24094;1;1;2.0;6.0;45.100199;0.695572;2024-05-12 07:00:00
202400041484.0;1;36;36018;2;1;1.0;3.0;46.634148;1.0612;2024-07-17 17:10:00
202400041485.0;1;85;85127;2;1;1.0;6.0;46.40449;-1.504204;2024-05-09 08:30:00
202400041486.0;1;974;97422;2;6;1.0;6.0;-21.274114;55.506272;2024-02-27 07:05:00
202400041487.0;5;988;98818;2;1;1.0;6.0;-22.25747;166.44746;2024-04-03 18:38:00
202400041488.0;1;85;85128;2;3;7.0;1.0;46.457055;-1.180252;2024-05-10 19:10:00
202400041489.0;1;974;97411;2;9;1.0;3.0;-20.89488;55.49424;2024-03-28 13:35:00
202400041490.0;1;7;7330;2;3;1.0;3.0;44.390666;4.404957;2024-07-19 17:30:00
202400041491.0;3;21;21501;1;1;1.0;4.0;47.253529;4.548512;2024-02-26 19:25:00
202400041492.0;1;973;97302;2;3;1.0;1.0;4.92376115;-52.31951639;2024-04-03 19:05:00
202400041493.0;3;53;53163;1;1;1.0;7.0;48.1614;-0.472632;2024-07-18 23:33:00
202400041494.0;1;27;27074;1;1;1.0;5.0;49.154847;0.643478;2024-05-12 07:20:00
202400041495.0;1;62;62261;2;1;1.0;6.0;50.478081;1.594402;2024-02-27 11:50:00
202400041496.0;1;973;97302;1;6;1.0;2.0;4.92432367;-52.32422769;2024-04-03 08:27:00
202400041497.0;1;28;28227;1;1;1.0;6.0;48.596204;1.601233;2024-05-10 20:20:00
202400041498.0;1;24;24218;1;3;1.0;1.0;45.503595;1.117449;2024-07-18 17:20:00
202400041499.0;1;30;30334;2;1;1.0;7.0;44.01266;4.416185;2024-02-26 17:00:00
202400041500.0;1;973;97302;1;3;1.0;3.0;4.90160688;-52.32631981;2024-04-02 13:30:00
202400041501.0;1;87;87116;1;6;2.0;3.0;46.13831;1.056625;2024-05-12 11:46:00
202400041502.0;1;4;4055;1;1;1.0;3.0;43.967515;6.313893;2024-07-18 14:30:00
202400041503.0;1;971;97105;2;1;7.0;6.0;16.00757;-61.73047;2024-04-03 07:50:00
202400041504.0;1;37;37134;1;1;2.0;7.0;47.178293;0.735848;2024-05-12 10:30:00
202400041505.0;1;88;88128;2;1;1.0;6.0;48.334029;6.962349;2024-05-11 18:20:00
202400041506.0;1;77;77284;2;1;2.0;1.0;48.95861;2.87256;2024-08-24 19:30:00
202400041507.0;3;85;85234;1;1;1.0;1.0;46.801367;-2.066331;2024-07-18 23:20:00
202400041508.0;2;91;91225;1;1;2.0;2.0;48.663534;2.514164;2024-02-25 07:30:00
202400041509.0;1;84;84080;2;2;1.0;3.0;44.036;5.00687;2024-04-03 16:49:00
202400041510.0;4;88;88124;2;1;1.0;1.0;48.086655;6.039627;2024-05-12 00:30:00
202400041511.0;1;71;71105;2;1;1.0;6.0;46.30254;4.79458;2024-08-24 10:00:00
202400041512.0;1;51;51152;1;1;2.0;6.0;49.15544;4.067549;2024-02-23 16:15:00
202400041513.0;1;17;17396;1;1;1.0;1.0;46.203374;-0.873102;2024-07-19 08:00:00
202400041514.0;3;51;51231;1;1;2.0;6.0;48.97260515;4.44363534;2024-02-27 01:30:00
202400041515.0;1;23;23013;1;1;1.0;6.0;46.024464;2.503105;2024-07-19 07:00:00
202400041516.0;3;1;1265;1;1;1.0;6.0;46.18988;5.573978;2024-05-11 21:45:00
202400041517.0;1;48;48094;1;1;1.0;7.0;44.34598;3.233886;2024-07-18 13:15:00
202400041518.0;1;56;56177;1;2;1.0;3.0;47.800991;-2.934723;2024-02-26 16:50:00
202400041519.0;1;78;78455;2;1;1.0;6.0;48.843173;2.06852;2024-05-10 10:30:00
202400041520.0;5;67;67447;2;3;1.0;3.0;48.60814;7.73511;2024-08-24 00:30:00
202400041521.0;1;48;48193;1;1;1.0;7.0;44.251724;3.587186;2024-07-17 11:50:00
202400041522.0;1;76;76560;2;1;1.0;7.0;49.419904;1.190482;2024-02-27 11:50:00
202400041523.0;1;48;48043;1;1;1.0;6.0;44.620021;3.675415;2024-07-18 12:30:00
202400041524.0;1;63;63236;1;1;1.0;6.0;45.594477;2.821813;2024-05-11 12:50:00
202400041525.0;5;63;63430;2;3;2.0;1.0;45.84565358;3.52989435;2024-02-27 19:00:00
202400041526.0;5;64;64445;2;9;1.0;6.0;43.33267;-0.36763;2024-08-24 03:50:00
202400041527.0;3;74;74118;2;1;1.0;6.0;46.17093;6.21021;2024-04-03 01:05:00
202400041528.0;1;61;61007;1;1;1.0;6.0;48.796178;-0.446469;2024-02-27 15:52:00
202400041529.0;1;88;88165;2;1;7.0;3.0;48.373013;6.877326;2024-07-19 12:00:00
202400041530.0;1;13;13067;1;1;1.0;4.0;43.78125912;5.05419166;2024-05-10 14:30:00
202400041531.0;3;49;49178;1;1;2.0;6.0;47.614727;-0.939326;2024-02-23 19:50:00
202400041532.0;1;24;24331;1;1;1.0;6.0;44.794772;0.431235;2024-07-19 15:00:00
202400041533.0;1;66;66008;2;6;1.0;3.0;42.551136;3.007411;2024-05-10 19:45:00
202400041534.0;3;63;63300;1;1;1.0;6.0;45.91786;3.13507;2024-08-24 02:10:00
202400041535.0;3;978;97801;1;1;1.0;7.0;18.058559;-63.044078;2024-02-05 03:25:00
202400041536.0;1;46;46090;1;2;2.0;3.0;44.677478;1.735805;2024-02-26 15:30:00
202400041537.0;3;84;84034;1;1;1.0;6.0;43.896826;4.983362;2024-05-11 21:00:00
202400041538.0;1;68;68294;2;1;1.0;6.0;48.264477;7.233086;2024-05-11 15:15:00
202400041539.0;1;71;71076;2;3;1.0;3.0;46.79782365;4.84957002;2024-04-02 09:50:00
202400041540.0;1;77;77360;1;1;1.0;1.0;48.735347;2.979784;2024-07-19 13:46:00
202400041541.0;1;86;86139;1;1;2.0;5.0;46.419214;0.101449;2024-02-26 17:45:00
202400041542.0;1;67;67400;1;1;1.0;7.0;48.985688;7.943416;2024-05-10 18:02:00
202400041543.0;1;63;63300;2;1;1.0;6.0;45.9043;3.1017;2024-08-22 12:15:00
202400041544.0;1;88;88324;1;9;1.0;7.0;48.290335;5.88018;2024-05-10 16:27:00
202400041545.0;3;69;69086;1;1;1.0;6.0;45.853532;4.654545;2024-07-18 22:46:00
202400041546.0;1;35;35299;1;3;1.0;3.0;48.64352;-1.889002;2024-02-27 10:58:00
202400041547.0;1;55;55553;1;1;1.0;7.0;48.789619;5.627661;2024-05-12 16:50:00
202400041548.0;4;29;29163;2;6;1.0;6.0;48.5178446;-3.86822981;2024-02-26 21:10:00
202400041549.0;1;69;69256;2;2;3.0;1.0;45.78071;4.92337;2024-04-03 09:10:00
202400041550.0;3;29;29123;1;1;1.0;6.0;48.20530861;-3.90566981;2024-02-27 03:50:00
202400041551.0;1;63;63247;1;3;1.0;2.0;45.584161;2.935334;2024-05-11 10:30:00
202400041552.0;1;987;98747;1;3;1.0;2.0;-17.738886;-149.30008;2024-07-18 07:00:00
202400041553.0;1;63;63308;2;6;1.0;3.0;45.76453;3.05481;2024-08-24 14:50:00
202400041554.0;3;72;72375;1;1;1.0;7.0;48.1478965;0.6329155;2024-02-27 18:50:00
202400041555.0;5;69;69259;2;2;1.0;1.0;45.70315213;4.88759269;2024-04-03 01:05:00
202400041556.0;1;63;63113;2;1;1.0;6.0;45.7806;3.13625;2024-08-24 09:30:00
202400041557.0;5;69;69259;1;9;1.0;6.0;45.71956;4.87762;2024-04-02 23:15:00
202400041558.0;3;62;62126;2;1;2.0;7.0;50.54006;2.70915;2024-08-24 04:50:00
202400041559.0;2;50;50181;1;1;7.0;2.0;49.163719;-1.296945;2024-02-27 08:45:00
202400041560.0;5;64;64024;2;1;1.0;7.0;43.48816;-1.50019;2024-04-03 00:10:00
202400041561.0;1;42;42065;1;1;1.0;2.0;45.760525;4.218493;2024-05-12 12:30:00
202400041562.0;3;988;98831;1;1;1.0;7.0;-20.889447;164.691378;2024-07-02 21:40:00
202400041563.0;2;59;59512;2;9;1.0;3.0;50.67651;3.17972;2024-08-24 05:40:00
202400041564.0;1;64;64096;1;1;2.0;3.0;43.383468;-0.887784;2024-02-27 16:45:00
202400041565.0;3;62;62217;1;1;3.0;6.0;50.4976869;2.45406488;2024-03-02 19:45:00
202400041566.0;1;26;26064;1;1;1.0;1.0;44.907046;4.985905;2024-05-10 14:20:00
202400041567.0;5;10;10358;2;3;1.0;1.0;48.171;4.2161;2024-02-27 05:30:00
202400041568.0;1;59;59041;2;9;1.0;2.0;50.213731;3.863157;2024-08-23 15:30:00
202400041569.0;1;50;50041;1;1;1.0;6.0;49.667225;-1.718802;2024-05-12 12:00:00
202400041570.0;1;56;56260;2;6;1.0;6.0;47.6644;-2.7806;2024-04-03 10:38:00
202400041571.0;1;22;22389;1;2;2.0;3.0;48.471387;-2.71847;2024-04-28 14:10:00
202400041572.0;1;7;7010;2;1;8.0;7.0;45.248395;4.676158;2024-02-27 15:58:00
202400041573.0;3;13;13104;2;1;1.0;3.0;43.331437;5.106406;2024-07-18 23:40:00
202400041574.0;1;76;76250;1;9;1.0;3.0;49.556551;0.327042;2024-05-11 20:15:00
202400041575.0;1;56;56121;2;1;2.0;4.0;47.73657;-3.37664;2024-04-02 18:33:00
202400041576.0;1;91;91179;2;9;1.0;3.0;48.567442;2.477285;2024-07-16 11:48:00
202400041577.0;3;85;85146;1;1;3.0;1.0;46.9575;-1.23373;2024-02-26 20:05:00
202400041578.0;1;59;59350;2;1;1.0;3.0;50.64573;2.98691;2024-08-24 06:45:00
202400041579.0;1;3;3256;1;1;8.0;6.0;46.338541;2.883775;2024-02-27 11:30:00
202400041580.0;1;80;80212;2;1;1.0;3.0;49.905723;2.511197;2024-05-10 13:30:00
202400041581.0;1;30;30080;1;1;1.0;1.0;44.283845;3.987415;2024-07-19 12:50:00
202400041582.0;1;54;54395;2;3;1.0;6.0;48.67933928;6.18195266;2024-04-02 15:15:00
202400041583.0;1;59;59212;2;6;1.0;2.0;50.642769;2.70673;2024-05-09 17:10:00
202400041584.0;1;54;54395;2;2;1.0;3.0;48.6876587;6.20552927;2024-08-24 17:00:00
202400041585.0;1;84;84105;1;1;1.0;1.0;43.870995;5.451812;2024-07-19 11:30:00
202400041586.0;1;13;13070;1;1;1.0;2.0;43.28581626;5.51152327;2024-05-10 18:35:00
202400041587.0;1;54;54395;2;2;1.0;3.0;48.67902111;6.18515119;2024-04-02 11:15:00
202400041588.0;1;83;83064;1;1;1.0;1.0;43.331796;6.022525;2024-07-19 18:40:00
202400041589.0;1;13;13211;1;1;1.0;2.0;43.28694005;5.4357114;2024-05-10 18:20:00
202400041590.0;1;51;51454;2;6;1.0;3.0;49.22051;4.02153;2024-08-24 16:32:00
202400041591.0;1;49;49007;2;1;1.0;2.0;47.45024;-0.55782;2024-03-29 08:53:00
202400041592.0;1;13;13082;1;1;1.0;7.0;43.689474;5.342225;2024-07-18 15:12:00
202400041593.0;1;50;50218;2;1;3.0;7.0;48.83381;-1.57098;2024-08-24 14:00:00
202400041594.0;1;43;43157;2;3;1.0;1.0;45.04093407;3.88626069;2024-04-03 13:40:00
202400041595.0;3;33;33090;1;1;1.0;4.0;44.773;-0.655;2024-05-11 22:25:00
202400041596.0;1;70;70046;1;1;1.0;5.0;47.628727;6.453695;2024-07-18 17:47:00
202400041597.0;3;42;42305;1;1;1.0;6.0;45.46713;4.43137;2024-08-23 21:55:00
202400041598.0;1;75;75113;1;1;1.0;6.0;48.81645485;2.3582861;2024-05-11 19:55:00
202400041599.0;3;63;63417;1;1;1.0;7.0;45.84676184;3.023936;2024-07-19 00:10:00
202400041600.0;1;55;55097;2;2;1.0;3.0;48.602652;5.681241;2024-02-23 08:20:00
202400041601.0;1;51;51278;1;1;2.0;6.0;49.054677;4.28673;2024-02-27 11:00:00
202400041602.0;1;73;73051;1;1;1.0;6.0;45.65418145;5.84725794;2024-07-18 15:00:00
202400041603.0;1;91;91692;1;1;1.0;7.0;48.67651;2.20169;2024-05-11 08:45:00
202400041604.0;1;38;38185;2;1;1.0;6.0;45.18792;5.71248;2024-04-02 15:35:00
202400041605.0;1;91;91377;1;1;1.0;3.0;48.7266;2.2843;2024-05-11 07:00:00
202400041606.0;1;42;42168;2;1;1.0;3.0;45.419685;4.676238;2024-07-14 10:30:00
202400041607.0;2;73;73257;1;3;1.0;3.0;45.41541744;6.48764076;2024-02-26 17:55:00
202400041608.0;1;34;34172;2;1;1.0;2.0;43.598385;3.875779;2024-04-03 19:20:00
202400041609.0;1;92;92048;1;1;1.0;2.0;48.79727463;2.21701222;2024-05-11 15:21:00
202400041610.0;5;33;33199;2;1;1.0;3.0;44.636134;-1.075263;2024-02-26 19:45:00
202400041611.0;1;7;7297;1;1;1.0;1.0;44.98576368;4.75989894;2024-07-19 16:10:00
202400041612.0;1;93;93006;1;1;1.0;3.0;48.86562694;2.41958736;2024-05-11 19:10:00
202400041613.0;1;29;29232;2;1;1.0;6.0;47.9887;-4.1303;2024-03-29 17:00:00
202400041614.0;5;77;77437;2;1;2.0;6.0;49.034013;2.804325;2024-02-26 19:00:00
202400041615.0;1;77;77273;1;1;2.0;6.0;49.048855;2.76311;2024-02-23 14:45:00
202400041616.0;1;7;7322;2;1;1.0;1.0;44.673605;4.214271;2024-07-13 16:55:00
202400041617.0;1;31;31555;2;3;1.0;3.0;43.57;1.45547;2024-08-24 09:10:00
202400041618.0;5;93;93006;1;1;1.0;5.0;48.86576613;2.42064352;2024-05-11 00:15:00
202400041619.0;1;31;31555;1;9;1.0;6.0;43.64683758;1.46942005;2024-08-24 06:16:00
202400041620.0;3;69;69197;1;1;1.0;1.0;46.053235;4.674457;2024-07-18 23:05:00
202400041621.0;1;94;94018;1;1;1.0;2.0;48.82253799;2.39690691;2024-05-11 15:20:00
202400041622.0;1;2B;2B350;1;1;2.0;1.0;42.52251;9.424129;2024-02-27 15:15:00
202400041623.0;1;27;27681;2;1;1.0;2.0;49.0961;1.48304;2024-04-03 19:15:00
202400041624.0;1;69;69116;1;1;7.0;7.0;45.840569;4.778516;2024-07-18 14:50:00
202400041625.0;1;42;42165;1;1;8.0;1.0;45.780675;4.315213;2024-02-26 07:50:00
202400041626.0;1;17;17415;1;1;1.0;2.0;45.7273;-0.63458;2024-08-24 11:00:00
202400041627.0;1;77;77249;1;1;1.0;4.0;48.75684101;2.61553866;2024-05-11 13:20:00
202400041628.0;1;21;21231;2;1;1.0;6.0;47.327339;5.071795;2024-04-02 09:04:00