Num_Acc;lum;departement;commune;agglomeration;intersection;meteo;type_collision;lat;long;date
202400041629.0;1;9;9160;2;1;1.0;6.0;42.928108;1.841153;2024-06-10 17:15:00
202400041630.0;1;81;81150;1;9;1.0;3.0;43.741957;1.736355;2024-02-22 14:00:00
202400041631.0;1;94;94033;1;1;1.0;4.0;48.85214228;2.49027409;2024-05-11 13:03:00
202400041632.0;1;17;17333;2;1;1.0;6.0;45.60423;-0.99793;2024-08-24 11:15:00
202400041633.0;1;31;31187;2;1;1.0;6.0;43.532932;1.227652;2024-07-18 16:50:00
202400041634.0;1;18;18279;2;1;1.0;3.0;47.22017;2.08278;2024-04-02 17:18:00
202400041635.0;1;85;85151;2;9;2.0;4.0;46.97162;-0.90375;2024-02-26 17:20:00
202400041636.0;3;987;98736;1;1;1.0;6.0;-17.54037;-149.54419;2024-05-08 18:30:00
202400041637.0;3;72;72016;1;1;2.0;7.0;47.907346;-0.333259;2024-02-24 22:15:00
202400041638.0;1;14;14220;2;1;2.0;7.0;49.35158;0.07654;2024-08-23 16:45:00
202400041639.0;1;64;64315;1;1;1.0;1.0;43.291853;-0.436111;2024-07-19 09:50:00
202400041640.0;1;18;18279;2;1;1.0;3.0;47.23584;2.0612;2024-04-02 16:40:00
202400041641.0;1;974;97411;2;2;1.0;6.0;-20.8789;55.45;2024-05-10 10:40:00
202400041642.0;5;14;14117;2;1;1.0;6.0;49.28437389;-0.12510896;2024-08-24 22:50:00
202400041643.0;5;974;97411;2;1;1.0;6.0;-20.88907;55.42434;2024-04-13 18:00:00
202400041644.0;3;33;33279;1;4;1.0;6.0;44.505627;-0.259646;2024-07-19 04:10:00
202400041645.0;1;59;59419;1;1;1.0;3.0;50.511578;3.272547;2024-02-27 13:30:00
202400041646.0;1;974;97407;2;1;1.0;6.0;-20.95432;55.30859;2024-05-10 17:20:00
202400041647.0;1;14;14574;1;3;1.0;3.0;49.16017;0.19313;2024-04-02 08:48:00
202400041648.0;1;72;72154;2;6;1.0;3.0;47.704973;-0.088502;2024-07-16 12:50:00
202400041649.0;1;13;13202;2;1;1.0;3.0;43.30088425;5.37419438;2024-08-24 10:45:00
202400041650.0;5;13;13214;1;1;2.0;2.0;43.3317;5.38692;2024-02-26 00:30:00
202400041651.0;2;974;97407;1;1;1.0;3.0;-20.94925;55.3206;2024-05-10 06:10:00
202400041652.0;1;7;7281;2;1;1.0;7.0;44.9473;4.8521;2024-04-02 20:15:00
202400041653.0;1;91;91161;1;1;2.0;2.0;48.70415067;2.30629206;2024-02-26 12:30:00
202400041654.0;1;50;50444;1;9;1.0;3.0;49.048072;-0.971421;2024-07-19 11:10:00
202400041655.0;5;973;97302;2;3;2.0;6.0;4.9176;-52.3128;2024-05-09 05:20:00
202400041656.0;1;92;92050;1;1;2.0;3.0;48.89654272;2.19617162;2024-02-26 08:00:00
202400041657.0;1;22;22214;1;1;1.0;7.0;48.743343;-2.974417;2024-07-19 18:30:00
202400041658.0;1;13;13005;2;1;1.0;5.0;43.27485;5.55945;2024-08-24 10:33:00
202400041659.0;1;95;95212;1;1;1.0;4.0;49.02591989;2.53649592;2024-02-25 13:05:00
202400041660.0;1;27;27568;2;1;1.0;7.0;48.96697;0.887414;2024-07-18 18:05:00
202400041661.0;1;95;95212;1;1;8.0;7.0;49.024092;2.535262;2024-02-25 09:50:00
202400041662.0;3;94;94015;1;1;2.0;2.0;48.82928864;2.52841632;2024-02-24 21:58:00
202400041663.0;1;80;80156;1;2;7.0;3.0;49.901746;2.420511;2024-07-18 16:10:00
202400041664.0;3;13;13211;1;1;1.0;2.0;43.28841;5.49951;2024-07-17 02:36:00
202400041665.0;3;94;94017;1;1;2.0;2.0;48.83020089;2.495767;2024-02-24 04:00:00
202400041666.0;1;12;12176;1;1;1.0;5.0;44.373013;2.634903;2024-08-21 16:45:00
202400041667.0;2;75;75118;2;1;1.0;6.0;48.900815;2.339917;2024-02-25 06:25:00
202400041668.0;1;54;54123;1;1;1.0;4.0;48.64544;6.14394;2024-07-09 16:45:00
202400041669.0;5;75;75117;2;1;1.0;2.0;48.90053;2.326254;2024-02-25 06:45:00
202400041670.0;5;75;75116;2;1;2.0;7.0;48.87786651;2.27971137;2024-02-25 00:15:00
202400041671.0;1;33;33119;1;5;1.0;2.0;44.853407;-0.50596;2024-07-18 07:55:00
202400041672.0;5;75;75116;2;9;2.0;6.0;48.841512;2.263658;2024-02-25 20:45:00
202400041673.0;1;75;75116;2;4;3.0;3.0;48.848937;2.260756;2024-02-25 17:00:00
202400041674.0;2;62;62186;1;1;1.0;2.0;50.43498145;2.72218361;2024-07-14 04:30:00
202400041675.0;1;10;10357;2;1;1.0;4.0;48.29847;4.11753;2024-08-23 15:59:00
202400041676.0;5;75;75115;2;3;8.0;7.0;48.833952;2.285349;2024-02-24 20:00:00
202400041677.0;1;91;91340;1;1;1.0;4.0;48.6089;2.4384;2024-07-18 18:50:00
202400041678.0;5;7;7102;2;1;1.0;7.0;44.93695;4.86812;2024-08-24 04:00:00
202400041679.0;5;75;75113;2;3;1.0;5.0;48.838645;2.372312;2024-02-25 02:20:00
202400041680.0;1;91;91174;1;1;1.0;3.0;48.62032;2.4606;2024-07-18 11:31:00
202400041681.0;1;75;75111;2;3;8.0;3.0;48.853345;2.382742;2024-02-25 13:10:00
202400041682.0;1;75;75114;1;1;1.0;7.0;48.81698567;2.33487904;2024-07-17 09:45:00
202400041683.0;1;75;75108;2;7;2.0;1.0;48.866505;2.32204;2024-02-25 14:45:00
202400041684.0;1;1;1053;2;1;1.0;2.0;46.19863;5.23997;2024-08-24 19:15:00
202400041685.0;1;93;93007;1;1;1.0;4.0;48.94774549;2.44391968;2024-07-18 11:45:00
202400041686.0;1;93;93077;2;1;2.0;3.0;48.8930266;2.50321019;2024-02-25 14:30:00
202400041687.0;5;93;93055;2;3;2.0;6.0;48.90186348;2.39237219;2024-02-25 20:25:00
202400041688.0;1;93;93066;1;1;1.0;2.0;48.93338949;2.37872257;2024-07-17 14:05:00
202400041689.0;1;75;75118;2;1;1.0;4.0;48.900909;2.337168;2024-08-23 18:30:00
202400041690.0;5;93;93008;2;7;3.0;7.0;48.905507;2.469756;2024-02-25 03:30:00
202400041691.0;1;77;77121;1;1;1.0;4.0;48.8321;2.670487;2024-07-17 17:15:00
202400041692.0;1;29;29232;2;1;1.0;6.0;48.004429;-4.098137;2024-04-27 10:55:00
202400041693.0;1;44;44009;1;1;8.0;6.0;47.22594657;-1.47029896;2024-07-09 12:20:00
202400041694.0;1;44;44162;2;6;1.0;3.0;47.23480951;-1.58866687;2024-07-09 07:55:00
202400041695.0;5;44;44109;2;6;8.0;6.0;47.21005401;-1.56169638;2024-07-09 23:10:00
202400041696.0;1;92;92046;2;2;2.0;3.0;48.81924558;2.29786795;2024-02-25 14:00:00
202400041697.0;1;92;92077;2;1;2.0;3.0;48.82209;2.18299;2024-02-25 12:15:00
202400041698.0;1;75;75120;2;2;1.0;2.0;48.864068;2.399138;2024-08-24 15:10:00
202400041699.0;1;74;74123;1;4;1.0;2.0;45.755336;6.273024;2024-05-04 10:15:00
202400041700.0;2;92;92063;2;1;2.0;3.0;48.86549524;2.2033816;2024-02-25 17:35:00
202400041701.0;3;74;74116;1;1;1.0;7.0;46.051525;6.248581;2024-04-30 23:10:00
202400041702.0;1;92;92048;2;1;3.0;3.0;48.78451702;2.2259396;2024-02-25 16:30:00
202400041703.0;1;44;44190;2;1;1.0;6.0;47.2049373;-1.48959495;2024-06-26 17:00:00
202400041704.0;1;92;92004;2;1;2.0;6.0;48.92974671;2.28266895;2024-02-25 15:45:00
202400041705.0;1;75;75116;2;3;1.0;3.0;48.871939;2.282547;2024-08-24 12:40:00
202400041706.0;1;76;76279;1;3;3.0;3.0;49.60852;0.593042;2024-02-25 13:40:00
202400041707.0;1;74;74224;2;3;1.0;3.0;46.061963;6.319531;2024-05-10 10:30:00
202400041708.0;5;75;75115;2;2;1.0;1.0;48.835703;2.311283;2024-08-23 23:10:00
202400041709.0;1;14;14710;1;9;1.0;3.0;48.896881;-0.340689;2024-02-24 17:23:00
202400041710.0;1;74;74267;1;3;1.0;5.0;45.838405;6.140172;2024-05-01 17:36:00
202400041711.0;1;75;75115;2;1;1.0;6.0;48.84627;2.28003;2024-08-23 18:45:00
202400041712.0;1;86;86221;2;1;2.0;2.0;46.815567;0.367427;2024-02-14 17:50:00
202400041713.0;1;74;74148;1;1;1.0;6.0;45.764709;6.109257;2024-05-01 14:39:00
202400041714.0;3;67;67133;1;1;2.0;6.0;48.80792806;7.29635954;2024-02-25 23:10:00
202400041715.0;1;973;97362;2;1;1.0;7.0;3.80977805;-54.14364499;2024-02-25 12:15:00
202400041716.0;1;74;74010;1;1;1.0;2.0;45.957535;6.130411;2024-04-23 09:50:00
202400041717.0;1;68;68315;2;9;1.0;3.0;47.894331;7.227774;2024-02-23 07:55:00
202400041718.0;1;45;45155;2;2;1.0;3.0;47.686245;2.65389;2024-04-21 15:55:00
202400041719.0;1;22;22305;1;1;2.0;1.0;48.274009;-2.182682;2024-02-24 17:30:00
202400041720.0;1;59;59037;2;9;7.0;6.0;50.191675;3.385565;2024-02-23 16:48:00
202400041721.0;1;75;75112;2;1;2.0;4.0;48.831688;2.384633;2024-08-24 17:45:00
202400041722.0;1;1;1160;2;6;7.0;3.0;46.250125;6.101789;2024-03-22 07:46:00
202400041723.0;3;67;67311;1;1;2.0;7.0;48.264855;7.561684;2024-02-26 00:30:00
202400041724.0;1;2B;2B150;1;1;3.0;6.0;42.604384;8.842868;2024-02-24 16:30:00
202400041725.0;1;81;81070;2;3;8.0;7.0;43.81393833;1.73421818;2024-02-25 17:20:00
202400041726.0;1;987;98736;2;2;1.0;1.0;-17.53099;-149.55316;2024-07-16 15:09:00
202400041727.0;1;75;75111;2;2;1.0;3.0;48.86635;2.368846;2024-08-24 09:30:00
202400041728.0;2;71;71261;1;2;2.0;6.0;46.588586;4.986398;2024-02-26 18:25:00
202400041729.0;1;987;98735;2;1;1.0;7.0;-17.55187;-149.57298;2024-07-16 16:35:00
202400041730.0;1;71;71149;2;1;1.0;1.0;46.87616145;4.56169121;2024-02-26 16:20:00
202400041731.0;1;973;97302;2;1;1.0;3.0;4.92628853;-52.31371853;2024-07-17 15:28:00
202400041732.0;1;75;75109;2;3;1.0;6.0;48.87269;2.34317;2024-08-24 11:03:00
202400041733.0;3;973;97309;2;1;1.0;1.0;4.92048;-52.30425;2024-07-17 00:45:00
202400041734.0;1;71;71550;2;2;1.0;3.0;46.500257;4.89847;2024-02-26 12:15:00
202400041735.0;5;971;97113;2;1;1.0;6.0;16.20845;-61.46831;2024-07-17 04:05:00
202400041736.0;1;41;41080;1;2;8.0;3.0;47.331381;1.166149;2024-02-19 08:08:00
202400041737.0;1;2A;2A004;2;1;1.0;2.0;41.93733;8.73755;2024-07-17 07:40:00
202400041738.0;5;75;75109;2;2;1.0;6.0;48.881921;2.334316;2024-08-24 02:05:00
202400041739.0;2;44;44185;2;1;1.0;6.0;47.647877;-2.082912;2024-02-11 18:30:00
202400041740.0;3;31;31341;1;1;2.0;6.0;43.7252275;1.2477621;2024-02-24 05:45:00
202400041741.0;1;94;94073;2;1;1.0;3.0;48.767;2.3804;2024-08-24 19:09:00
202400041742.0;4;95;95018;2;3;1.0;3.0;48.95113396;2.26486713;2024-07-17 22:30:00
202400041743.0;1;26;26234;1;1;1.0;2.0;44.70766;5.079868;2024-02-26 14:10:00
202400041744.0;1;94;94022;2;2;1.0;6.0;48.75427;2.41347;2024-08-24 14:15:00
202400041745.0;5;91;91027;2;2;1.0;7.0;48.70887;2.37143;2024-07-18 23:50:00
202400041746.0;1;91;91027;2;2;1.0;1.0;48.70995;2.38577;2024-07-17 12:50:00
202400041747.0;1;93;93066;2;1;1.0;4.0;48.92505785;2.36515509;2024-08-24 12:45:00
202400041748.0;1;91;91228;2;3;1.0;3.0;48.62139;2.44174;2024-07-17 17:00:00
202400041749.0;5;93;93077;2;1;1.0;6.0;48.88089;2.50923;2024-08-23 23:10:00
202400041750.0;1;86;86194;2;1;1.0;3.0;46.58455;0.36775;2024-07-16 14:55:00
202400041751.0;1;84;84031;2;9;1.0;6.0;44.05045;5.04585;2024-05-17 15:08:00
202400041752.0;5;93;93057;2;5;1.0;1.0;48.91051;2.51229;2024-08-24 22:45:00
202400041753.0;1;84;84007;2;2;1.0;1.0;43.93885;4.81989;2024-07-17 14:00:00
202400041754.0;1;92;92050;2;1;1.0;6.0;48.88697644;2.20120937;2024-08-24 16:15:00
202400041755.0;1;83;83137;2;3;1.0;3.0;43.12752;5.96297;2024-07-17 19:50:00
202400041756.0;1;92;92007;2;2;1.0;3.0;48.7958705;2.31712818;2024-08-24 13:40:00
202400041757.0;1;83;83062;2;6;1.0;6.0;43.12246163;5.98677099;2024-07-17 08:22:00
202400041758.0;5;83;83144;2;9;1.0;6.0;43.14495833;5.98323584;2024-07-16 23:55:00
202400041759.0;1;92;92014;2;1;1.0;7.0;48.78409593;2.31329494;2024-08-24 12:30:00
202400041760.0;1;83;83034;2;6;1.0;6.0;43.09245;6.0771;2024-07-14 17:10:00
202400041761.0;1;974;97415;2;1;1.0;3.0;-21.014745;55.261821;2024-08-24 10:48:00
202400041762.0;3;77;77373;2;1;1.0;7.0;48.77634;2.6066;2024-07-16 01:20:00
202400041763.0;1;76;76351;2;2;1.0;1.0;49.516021;0.120902;2024-07-15 16:00:00
202400041764.0;1;72;72181;2;1;1.0;6.0;47.97799;0.20817;2024-07-17 07:40:00
202400041765.0;1;68;68097;1;4;1.0;3.0;48.160665;7.200712;2024-08-24 17:31:00
202400041766.0;1;68;68066;2;1;1.0;6.0;48.10291;7.36049;2024-07-17 19:55:00
202400041767.0;5;28;28088;2;1;6.0;6.0;48.054967;1.347172;2024-08-24 22:45:00
202400041768.0;3;85;85245;1;1;1.0;6.0;46.555408;-0.906758;2024-08-24 02:45:00
202400041769.0;1;66;66136;1;1;1.0;2.0;42.723831;2.87633;2024-07-17 06:45:00
202400041770.0;1;23;23245;1;1;1.0;6.0;46.19294;1.801447;2024-08-25 15:25:00
202400041771.0;1;64;64260;2;6;1.0;6.0;43.36514;-1.76978;2024-07-17 20:15:00
202400041772.0;1;64;64041;2;1;1.0;3.0;43.276;-0.324;2024-07-17 18:45:00
202400041773.0;1;1;1322;1;4;1.0;3.0;45.93937;4.801028;2024-08-24 16:45:00
202400041774.0;1;64;64024;2;6;1.0;2.0;43.49809;-1.49467;2024-07-16 10:20:00
202400041775.0;1;63;63113;2;1;1.0;3.0;45.76431463;3.09224635;2024-07-17 09:30:00
202400041776.0;3;12;12131;1;1;1.0;3.0;44.41527;2.63477;2024-08-25 06:00:00
202400041777.0;4;62;62133;2;9;1.0;6.0;50.41282;2.8939;2024-07-14 23:30:00
202400041778.0;1;59;59350;2;1;1.0;1.0;50.62101;3.04644;2024-07-17 19:10:00
202400041779.0;1;1;1173;1;1;8.0;1.0;46.367809;6.0223;2024-08-25 12:35:00
202400041780.0;1;59;59637;2;1;1.0;6.0;50.39443;3.318;2024-07-12 17:15:00
202400041781.0;1;34;34014;1;1;1.0;1.0;43.726731;3.899632;2024-08-24 17:45:00
202400041782.0;1;54;54099;2;6;1.0;6.0;49.2599;5.93494;2024-07-17 14:50:00
202400041783.0;1;30;30047;2;1;1.0;7.0;43.806233;4.434164;2024-08-25 09:40:00
202400041784.0;1;51;51128;1;1;1.0;6.0;48.90727;3.708572;2024-08-25 14:15:00
202400041785.0;1;51;51454;2;3;1.0;3.0;49.24921;4.01665;2024-07-16 18:45:00
202400041786.0;1;83;83107;2;1;1.0;6.0;43.444962;6.638934;2024-06-16 19:45:00
202400041787.0;3;2A;2A017;1;3;1.0;3.0;41.990852;8.768528;2024-02-02 20:40:00
202400041788.0;3;8;8237;1;1;1.0;6.0;49.826693;4.78204072;2024-06-15 23:45:00
202400041789.0;1;68;68063;2;1;1.0;3.0;47.807744;7.175554;2024-06-15 15:30:00
202400041790.0;1;80;80714;2;1;1.0;1.0;50.075008;1.434912;2024-08-25 17:40:00
202400041791.0;1;51;51454;2;2;1.0;4.0;49.24401;4.02759;2024-07-16 18:41:00
202400041792.0;1;81;81220;2;1;2.0;3.0;43.828561;1.734389;2024-08-24 19:05:00
202400041793.0;1;68;68269;1;1;1.0;1.0;48.188714;7.362149;2024-06-16 17:15:00
202400041794.0;1;73;73099;1;6;1.0;3.0;45.45263655;6.10293031;2024-06-13 14:14:00
202400041795.0;3;47;47031;2;1;1.0;2.0;44.19014;0.6535;2024-07-17 03:40:00
202400041796.0;1;38;38455;2;1;1.0;6.0;45.615519;5.315635;2024-06-14 15:00:00
202400041797.0;3;89;89382;2;1;1.0;5.0;47.902521;3.599349;2024-08-24 23:10:00
202400041798.0;1;38;38151;1;1;1.0;3.0;45.15931;5.70138;2024-07-15 14:52:00
202400041799.0;1;38;38205;2;1;1.0;3.0;45.13009;5.580626;2024-06-17 14:20:00
202400041800.0;3;63;63380;1;1;1.0;1.0;45.58039897;2.9872102;2024-08-23 23:00:00
202400041801.0;1;34;34172;2;1;1.0;6.0;43.63629;3.87543;2024-07-17 08:15:00
202400041802.0;1;26;26347;2;1;1.0;1.0;45.070854;4.836811;2024-06-16 18:25:00
202400041803.0;4;27;27229;2;1;1.0;6.0;49.03212;1.15726;2024-07-14 03:40:00
202400041804.0;1;26;26074;1;1;1.0;7.0;44.951068;5.400268;2024-06-17 17:00:00
202400041805.0;1;25;25056;2;1;1.0;6.0;47.22673;6.03266;2024-07-17 13:25:00
202400041806.0;1;7;7042;1;3;1.0;3.0;44.384602;4.624262;2024-06-13 08:20:00
202400041807.0;3;49;49364;1;4;1.0;4.0;47.13087;-0.168566;2024-08-25 06:00:00
202400041808.0;5;17;17300;2;1;1.0;2.0;46.13872;-1.14833;2024-07-17 23:45:00
202400041809.0;5;65;65059;2;1;1.0;6.0;43.064048;0.151674;2024-06-16 23:10:00
202400041810.0;3;65;65059;2;1;1.0;6.0;43.080831;0.164291;2024-06-16 23:35:00
202400041811.0;1;49;49180;1;4;1.0;1.0;47.370825;-0.116046;2024-08-25 11:05:00
202400041812.0;1;31;31395;2;1;1.0;6.0;43.453877;1.321836;2024-06-05 19:30:00
202400041813.0;5;13;13211;2;2;1.0;1.0;43.28914198;5.49701481;2024-07-17 00:40:00
202400041814.0;1;47;47086;1;1;1.0;6.0;44.666244;0.19637;2024-08-24 18:10:00
202400041815.0;1;64;64304;1;3;1.0;1.0;43.491246;-1.382958;2024-06-17 08:20:00
202400041816.0;1;11;11262;2;1;1.0;2.0;43.17157;2.97749;2024-07-17 20:25:00
202400041817.0;1;33;33498;1;1;1.0;1.0;44.548644;-0.883777;2024-06-16 19:20:00
202400041818.0;1;68;68018;2;1;1.0;1.0;47.664311;7.164862;2024-08-25 15:50:00
202400041819.0;1;11;11262;2;1;1.0;5.0;43.19906;2.97145;2024-07-17 13:30:00
202400041820.0;1;72;72378;1;2;1.0;3.0;47.830206;-0.283987;2024-06-16 19:15:00
202400041821.0;3;44;44082;1;1;1.0;1.0;47.37906844;-1.3972425;2024-08-24 21:30:00
202400041822.0;3;14;14258;1;1;2.0;6.0;48.913327;-0.197378;2024-06-16 02:00:00
202400041823.0;1;11;11069;2;1;1.0;2.0;43.21011;2.36435;2024-07-17 11:40:00
202400041824.0;1;29;29163;2;1;1.0;7.0;48.508513;-3.877817;2024-08-24 15:45:00
202400041825.0;1;11;11069;1;1;1.0;3.0;43.22321;2.36024;2024-07-16 10:00:00
202400041826.0;1;60;60700;2;1;1.0;4.0;49.388376;2.144378;2024-06-17 17:00:00
202400041827.0;3;38;38144;1;1;1.0;6.0;45.609399;5.083129;2024-08-24 03:05:00
202400041828.0;5;7;7102;2;1;1.0;7.0;44.93266;4.88108;2024-07-17 22:45:00
202400041829.0;3;26;26342;1;1;2.0;7.0;44.339822;4.829484;2024-08-25 06:00:00
202400041830.0;1;75;75118;2;1;1.0;2.0;48.900787;2.338559;2024-07-16 21:20:00
202400041831.0;1;80;80317;1;1;1.0;7.0;49.737323;2.099719;2024-06-17 14:40:00
202400041832.0;1;75;75119;2;1;1.0;7.0;48.884165;2.399456;2024-07-17 16:10:00
202400041833.0;3;58;58142;1;2;1.0;3.0;47.02047;3.766401;2024-08-25 03:30:00
202400041834.0;3;13;13043;1;1;1.0;3.0;43.38385055;5.23250187;2024-06-14 04:45:00
202400041835.0;1;75;75115;2;2;1.0;3.0;48.844749;2.279874;2024-07-17 20:55:00
202400041836.0;1;66;66016;1;1;1.0;6.0;42.45939156;3.14848423;2024-08-24 10:20:00
202400041837.0;5;83;83090;1;9;1.0;2.0;43.12562777;5.87700866;2024-06-16 00:01:00
202400041838.0;1;50;50407;1;1;1.0;6.0;48.625266;-1.336652;2024-08-25 11:30:00
202400041839.0;1;75;75107;2;2;1.0;5.0;48.862295;2.301947;2024-07-17 19:00:00
202400041840.0;1;69;69389;1;1;1.0;4.0;45.76205;4.8057;2024-06-15 18:00:00
202400041841.0;5;73;73128;1;3;1.0;6.0;45.709103;5.91194;2024-08-24 04:30:00
202400041842.0;1;75;75114;2;7;1.0;2.0;48.834546;2.332611;2024-07-17 16:35:00
202400041843.0;1;91;91235;1;1;2.0;7.0;48.62582;2.3553;2024-06-16 16:45:00
202400041844.0;1;43;43241;1;3;1.0;3.0;44.937904;3.864012;2024-08-24 14:30:00
202400041845.0;3;94;94076;1;1;1.0;3.0;48.79721145;2.34426549;2024-06-16 02:53:00
202400041846.0;1;75;75111;2;2;1.0;3.0;48.866876;2.373355;2024-07-17 09:30:00
202400041847.0;3;4;4021;1;1;1.0;7.0;44.083501;6.112518;2024-08-21 03:30:00
202400041848.0;3;91;91216;1;1;1.0;7.0;48.68306;2.32908;2024-06-16 01:43:00
202400041849.0;2;28;28367;1;1;1.0;6.0;48.155494;1.842957;2024-08-25 06:50:00
202400041850.0;1;75;75111;2;3;1.0;3.0;48.863293;2.384946;2024-07-17 09:30:00
202400041851.0;1;91;91689;1;1;1.0;4.0;48.7263;2.3133;2024-06-15 16:40:00
202400041852.0;1;88;88275;1;1;1.0;7.0;48.321132;7.181668;2024-08-25 11:50:00
202400041853.0;1;75;75110;2;3;1.0;6.0;48.881968;2.350959;2024-07-17 16:04:00
202400041854.0;1;92;92025;1;1;1.0;5.0;48.92201331;2.22672771;2024-06-16 16:50:00
202400041855.0;1;45;45032;1;1;1.0;2.0;48.134977;2.926376;2024-08-25 18:20:00
202400041856.0;1;75;75104;2;2;1.0;2.0;48.855835;2.350846;2024-07-17 16:30:00
202400041857.0;1;92;92050;1;1;2.0;2.0;48.89167542;2.17700421;2024-06-16 06:54:00
202400041858.0;1;971;97119;2;1;1.0;3.0;16.392336;-61.461071;2024-08-24 12:55:00
202400041859.0;1;75;75102;2;2;1.0;3.0;48.86386311;2.34900087;2024-07-17 14:45:00
202400041860.0;1;92;92036;2;9;1.0;6.0;48.94917898;2.28036318;2024-06-16 19:00:00
202400041861.0;2;971;97129;1;1;1.0;2.0;16.352591;-61.728745;2024-08-24 18:20:00
202400041862.0;1;93;93078;1;1;1.0;2.0;48.96204339;2.54633608;2024-06-16 18:30:00
202400041863.0;1;75;75104;2;2;1.0;6.0;48.856905;2.35379;2024-07-17 14:35:00
202400041864.0;1;2B;2B307;2;2;1.0;3.0;42.382609;9.523679;2024-08-25 11:55:00
202400041865.0;1;93;93078;1;1;8.0;3.0;48.95883814;2.53476623;2024-06-16 14:00:00
202400041866.0;1;94;94080;2;1;1.0;6.0;48.84968;2.43413;2024-07-17 12:25:00
202400041867.0;1;95;95061;1;1;1.0;6.0;49.06799174;2.25449202;2024-06-16 13:45:00
202400041868.0;3;34;34199;1;1;8.0;6.0;43.478771;3.396084;2024-08-25 03:45:00
202400041869.0;1;95;95218;1;1;2.0;6.0;49.03512876;2.09846616;2024-06-16 09:40:00
202400041870.0;3;34;34135;1;1;8.0;6.0;43.254025;3.155793;2024-08-25 02:06:00
202400041871.0;1;94;94076;2;1;1.0;2.0;48.792251;2.369506;2024-07-17 19:35:00
202400041872.0;1;94;94003;2;9;1.0;6.0;48.8077;2.33441;2024-07-15 19:00:00
202400041873.0;3;93;93066;1;1;8.0;2.0;48.91936344;2.35754643;2024-06-16 01:00:00
202400041874.0;3;83;83068;1;1;1.0;6.0;43.266372;6.528689;2024-08-24 23:30:00
202400041875.0;2;75;75120;2;1;1.0;7.0;48.86633561;2.41391838;2024-06-15 22:10:00
202400041876.0;1;83;83068;1;1;1.0;7.0;43.263644;6.531852;2024-08-24 18:45:00
202400041877.0;1;94;94074;2;1;1.0;2.0;48.7488;2.47098;2024-07-17 19:50:00
202400041878.0;1;95;95277;1;1;1.0;2.0;48.97596217;2.48227551;2024-06-15 15:10:00
202400041879.0;1;94;94017;2;1;1.0;1.0;48.82759;2.49406;2024-07-17 14:15:00
202400041880.0;1;83;83107;2;2;1.0;2.0;43.360545;6.71674;2024-08-25 07:40:00
202400041881.0;1;77;77053;1;1;2.0;6.0;48.684965;2.598546;2024-06-16 20:15:00
202400041882.0;1;5;5065;1;1;1.0;6.0;44.677991;6.694794;2024-08-25 13:15:00
202400041883.0;2;77;77053;1;1;1.0;7.0;48.682027;2.602894;2024-06-15 05:30:00
202400041884.0;1;93;93051;2;1;1.0;3.0;48.8494;2.56271;2024-07-17 07:00:00
202400041885.0;1;976;97611;2;9;1.0;3.0;-12.7786;45.2319;2024-06-14 13:40:00
202400041886.0;3;67;67261;1;1;3.0;7.0;48.959458;8.18261;2024-08-25 04:15:00
202400041887.0;1;92;92040;2;1;1.0;2.0;48.83439306;2.26696908;2024-06-11 19:05:00
202400041888.0;1;93;93050;2;2;1.0;3.0;48.85715;2.53135;2024-07-17 15:35:00
202400041889.0;1;73;73306;1;1;1.0;6.0;45.19455578;6.45557776;2024-08-25 10:59:00
202400041890.0;1;15;15014;1;1;1.0;2.0;44.89406;2.4408;2024-06-05 17:20:00
202400041891.0;2;38;38515;2;1;1.0;7.0;45.676479;5.316449;2024-08-23 20:15:00
202400041892.0;1;44;44162;2;1;1.0;2.0;47.2318852;-1.64607346;2024-06-04 09:40:00
202400041893.0;1;93;93047;2;2;2.0;1.0;48.89842;2.57484;2024-07-06 19:00:00
202400041894.0;1;69;69121;1;1;1.0;6.0;45.841866;4.689295;2024-08-24 19:50:00
202400041895.0;3;84;84129;2;1;2.0;6.0;44.00323372;4.87968385;2024-02-22 18:30:00
202400041896.0;3;81;81151;1;1;1.0;6.0;43.614702;1.916503;2024-08-25 04:35:00
202400041897.0;5;93;93029;2;3;1.0;3.0;48.92069;2.44967;2024-07-17 02:15:00
202400041898.0;1;56;56241;1;1;1.0;7.0;47.354165;-3.243751;2024-08-24 20:30:00
202400041899.0;1;84;84132;2;3;1.0;3.0;43.929287;4.998962;2024-02-17 16:55:00
202400041900.0;1;93;93001;2;5;1.0;1.0;48.9185;2.39315;2024-07-17 15:15:00
202400041901.0;1;29;29104;1;2;1.0;3.0;48.266305;-4.338114;2024-08-25 15:50:00
202400041902.0;1;84;84092;2;5;1.0;1.0;43.953908;4.855978;2024-02-03 14:25:00
202400041903.0;3;60;60341;1;1;1.0;2.0;49.086133;2.731797;2024-08-25 00:30:00
202400041904.0;1;93;93027;2;3;1.0;3.0;48.93173;2.37765;2024-07-16 08:10:00
202400041905.0;5;973;97302;2;1;1.0;3.0;4.93687;-52.31486;2024-06-15 20:13:00
202400041906.0;1;92;92075;2;1;1.0;6.0;48.82375056;2.28317399;2024-07-17 09:30:00
202400041907.0;1;59;59011;2;1;1.0;3.0;50.531472;2.941697;2024-08-25 15:25:00
202400041908.0;5;973;97302;2;3;1.0;3.0;4.91747362;-52.31282938;2024-06-15 18:18:00
202400041909.0;1;92;92064;2;1;1.0;6.0;48.84755325;2.22130072;2024-07-16 15:15:00
202400041910.0;1;972;97209;1;9;1.0;6.0;14.61409;-61.05129;2024-06-15 08:05:00
202400041911.0;5;13;13202;1;1;1.0;2.0;43.29765025;5.36426926;2024-08-23 21:58:00