Num_Acc;lum;departement;commune;agglomeration;intersection;meteo;type_collision;lat;long;date
202400041912.0;1;972;97209;2;1;1.0;7.0;14.61793;-61.04219;2024-06-14 17:10:00
202400041913.0;1;92;92063;2;1;1.0;6.0;48.87661611;2.17667565;2024-07-17 07:23:00
202400041914.0;3;69;69142;2;1;9.0;6.0;45.71956;4.81821;2024-06-15 23:15:00
202400041915.0;3;13;13214;1;1;1.0;2.0;43.33424;5.37717;2024-08-22 22:27:00
202400041916.0;5;92;92062;2;1;1.0;2.0;48.88614228;2.25033157;2024-07-17 00:45:00
202400041917.0;1;67;67447;1;1;1.0;3.0;48.60544;7.72813;2024-08-23 14:20:00
202400041918.0;1;92;92051;2;1;1.0;6.0;48.88036162;2.27346003;2024-07-17 17:22:00
202400041919.0;1;69;69382;2;7;1.0;3.0;45.75881416;4.83097843;2024-06-15 20:30:00
202400041920.0;5;92;92044;2;1;8.0;7.0;48.88798343;2.28357332;2024-07-17 00:25:00
202400041921.0;1;33;33013;1;1;1.0;2.0;44.86747;-0.5039;2024-08-24 14:15:00
202400041922.0;5;69;69381;2;3;2.0;3.0;45.76900066;4.83779864;2024-06-15 01:10:00
202400041923.0;1;92;92024;2;9;1.0;3.0;48.90235892;2.31395191;2024-07-16 09:10:00
202400041924.0;5;971;97101;1;9;1.0;7.0;16.23721;-61.52305;2024-06-14 23:30:00
202400041925.0;3;92;92062;1;1;1.0;2.0;48.89257845;2.2363987;2024-08-24 03:00:00
202400041926.0;1;34;34165;1;1;1.0;7.0;43.519567;3.706963;2024-07-17 06:55:00
202400041927.0;1;91;91027;2;1;1.0;6.0;48.70184;2.37181;2024-06-14 18:15:00
202400041928.0;1;78;78158;1;1;1.0;6.0;48.83185;2.14328;2024-08-23 18:44:00
202400041929.0;1;35;35077;1;1;1.0;5.0;47.848134;-1.220952;2024-07-18 14:30:00
202400041930.0;3;86;86194;1;1;1.0;3.0;46.601807;0.32453;2024-06-15 02:18:00
202400041931.0;1;33;33200;2;3;2.0;3.0;44.85984;-0.67761;2024-09-27 15:30:00
202400041932.0;3;93;93064;1;1;1.0;2.0;48.88427014;2.46958851;2024-05-21 23:00:00
202400041933.0;1;67;67371;2;1;1.0;7.0;48.857999;7.334157;2024-07-14 09:20:00
202400041934.0;3;81;81065;1;1;1.0;6.0;43.6343;2.18797;2024-06-16 02:30:00
202400041935.0;1;93;93010;1;1;1.0;2.0;48.90625339;2.47214056;2024-08-23 14:05:00
202400041936.0;2;71;71166;1;1;1.0;7.0;46.74836;4.040973;2024-07-16 21:00:00
202400041937.0;1;81;81144;1;2;7.0;2.0;43.95313;2.18646;2024-06-15 20:33:00
202400041938.0;1;33;33138;2;1;1.0;6.0;45.042402;-0.127775;2024-07-17 10:00:00
202400041939.0;1;31;31555;2;2;1.0;3.0;43.6014;1.45409;2024-09-28 10:00:00
202400041940.0;4;78;78396;1;1;1.0;1.0;48.916766;2.115653;2024-06-15 22:20:00
202400041941.0;1;94;94046;1;1;1.0;2.0;48.81182784;2.44912922;2024-08-24 16:10:00
202400041942.0;1;33;33327;2;2;1.0;2.0;44.649662;-0.354245;2024-07-09 11:00:00
202400041943.0;1;78;78418;2;3;1.0;3.0;48.9132;2.14726;2024-06-14 11:20:00
202400041944.0;3;29;29019;2;1;1.0;1.0;48.401644;-4.502021;2024-09-28 22:55:00
202400041945.0;1;94;94028;1;1;1.0;2.0;48.79983715;2.44627859;2024-08-23 19:25:00
202400041946.0;1;68;68173;1;1;1.0;3.0;48.114251;7.214627;2024-07-18 13:00:00
202400041947.0;3;77;77258;1;1;1.0;1.0;48.832027;2.649442;2024-08-22 23:40:00
202400041948.0;1;77;77372;1;3;1.0;1.0;48.88141;2.66091;2024-06-15 19:45:00
202400041949.0;2;27;27375;2;1;1.0;6.0;49.2071;1.15455;2024-09-28 19:30:00
202400041950.0;1;68;68331;2;1;1.0;3.0;48.040009;7.42237;2024-05-04 14:55:00
202400041951.0;1;74;74012;2;1;1.0;6.0;46.19685;6.24249;2024-06-15 16:27:00
202400041952.0;5;57;57757;1;1;1.0;7.0;49.358;6.2267;2024-06-24 23:10:00
202400041953.0;1;67;67202;1;1;1.0;2.0;48.768636;7.572906;2024-07-18 11:10:00
202400041954.0;1;17;17306;2;1;1.0;3.0;45.622293;-0.996343;2024-09-27 17:15:00
202400041955.0;5;69;69256;2;6;2.0;1.0;45.77676;4.9212;2024-06-15 04:30:00
202400041956.0;1;987;98735;1;2;1.0;3.0;-17.53216;-149.55623;2024-08-23 10:25:00
202400041957.0;1;42;42253;1;2;7.0;3.0;46.044165;3.997623;2024-07-17 19:45:00
202400041958.0;5;69;69266;2;2;2.0;3.0;45.77508;4.8787;2024-06-15 03:00:00
202400041959.0;5;987;98736;2;5;1.0;3.0;-17.530937;-149.553165;2024-08-22 18:56:00
202400041960.0;1;69;69259;2;2;1.0;2.0;45.69695878;4.88738971;2024-06-15 10:12:00
202400041961.0;1;38;38084;2;3;1.0;3.0;45.34439;5.5223;2024-07-17 15:30:00
202400041962.0;1;16;16358;2;9;1.0;6.0;45.6749;0.1267;2024-09-28 13:45:00
202400041963.0;1;67;67482;2;1;1.0;6.0;48.59121;7.7075;2024-06-15 16:20:00
202400041964.0;3;973;97302;2;2;1.0;1.0;4.92497037;-52.3171066;2024-08-23 20:50:00
202400041965.0;1;79;79163;1;1;1.0;1.0;46.159885;0.055334;2024-07-17 15:20:00
202400041966.0;1;15;15014;2;1;2.0;7.0;44.91531;2.44479;2024-09-28 19:20:00
202400041967.0;1;64;64260;2;1;1.0;6.0;43.37314912;-1.77384177;2024-06-15 12:40:00
202400041968.0;1;973;97302;2;3;1.0;3.0;4.92125042;-52.30405551;2024-08-23 12:20:00
202400041969.0;1;26;26010;1;1;1.0;1.0;45.253248;4.932518;2024-07-18 17:50:00
202400041970.0;1;64;64335;2;3;1.0;5.0;43.33846;-0.44196;2024-06-15 11:20:00
202400041971.0;2;69;69389;2;1;1.0;6.0;45.77329128;4.80539756;2024-08-23 19:50:00
202400041972.0;5;13;13039;2;1;1.0;3.0;43.43666509;4.94433158;2024-09-28 20:15:00
202400041973.0;1;42;42283;2;1;1.0;6.0;45.555149;4.541624;2024-07-17 17:00:00
202400041974.0;1;64;64102;2;1;1.0;3.0;43.50930305;-1.46785196;2024-06-15 11:40:00
202400041975.0;1;69;69389;2;1;1.0;6.0;45.76668;4.78964;2024-08-23 08:20:00
202400041976.0;1;30;30315;1;3;1.0;3.0;43.951085;4.711155;2024-07-17 16:30:00
202400041977.0;5;13;13208;2;1;1.0;1.0;43.27002;5.39235;2024-09-28 21:45:00
202400041978.0;1;63;63113;2;1;1.0;1.0;45.78192;3.09544;2024-06-14 17:13:00
202400041979.0;1;2B;2B037;1;1;1.0;2.0;42.61314;9.43754;2024-08-23 08:05:00
202400041980.0;2;21;21650;1;1;1.0;1.0;47.278217;4.845319;2024-07-18 06:55:00
202400041981.0;2;13;13209;2;1;1.0;6.0;43.26773861;5.41295731;2024-09-28 19:45:00
202400041982.0;1;61;61006;2;3;3.0;3.0;48.74313;-0.011969;2024-06-15 19:25:00
202400041983.0;5;2A;2A004;2;9;1.0;3.0;41.93271046;8.73745009;2024-08-23 22:40:00
202400041984.0;1;56;56094;1;1;1.0;2.0;47.794952;-3.240924;2024-07-12 16:40:00
202400041985.0;1;59;59599;2;2;1.0;3.0;50.73413;3.1339;2024-06-14 16:45:00
202400041986.0;1;91;91027;1;3;2.0;3.0;48.71613;2.37087;2024-08-23 10:40:00
202400041987.0;2;13;13203;2;3;1.0;3.0;43.32071;5.37882;2024-09-28 07:20:00
202400041988.0;1;59;59344;2;1;1.0;1.0;50.18323;3.83547;2024-06-15 08:20:00
202400041989.0;1;76;76735;1;2;1.0;1.0;49.864;0.771757;2024-07-17 18:05:00
202400041990.0;1;91;91228;2;3;1.0;3.0;48.625;2.43213;2024-08-23 10:40:00
202400041991.0;5;59;59350;2;6;2.0;3.0;50.6239;3.0805;2024-06-15 01:00:00
202400041992.0;1;82;82087;1;1;1.0;1.0;44.134005;1.190869;2024-07-18 09:58:00
202400041993.0;4;13;13005;2;1;1.0;1.0;43.29755;5.59061;2024-09-27 23:35:00
202400041994.0;1;59;59009;2;8;1.0;1.0;50.66318;3.13899;2024-06-14 17:25:00
202400041995.0;1;89;89024;2;1;1.0;6.0;47.78677;3.58751;2024-08-20 11:00:00
202400041996.0;1;59;59350;2;1;1.0;6.0;50.63395;3.11433;2024-06-15 14:35:00
202400041997.0;1;87;87085;2;1;1.0;6.0;45.8798;1.29284;2024-08-23 11:16:00
202400041998.0;1;54;54483;2;1;1.0;6.0;48.62832;6.29671;2024-06-15 08:45:00
202400041999.0;1;87;87085;2;1;1.0;7.0;45.88329;1.28414;2024-08-18 14:02:00
202400042000.0;1;47;47001;2;1;1.0;6.0;44.19393;0.62826;2024-06-15 12:25:00
202400042001.0;1;83;83090;2;1;1.0;2.0;43.11868;5.88487;2024-08-23 11:45:00
202400042002.0;5;47;47001;2;1;2.0;2.0;44.19498887;0.61085272;2024-06-14 23:45:00
202400042003.0;1;10;10387;2;6;1.0;2.0;48.2914;4.088;2024-09-28 14:18:00
202400042004.0;5;10;10387;2;1;2.0;6.0;48.30992;4.08538;2024-09-28 01:58:00
202400042005.0;1;6;6027;2;1;1.0;6.0;43.66269;7.15491;2024-09-28 11:30:00
202400042006.0;1;45;45338;2;1;1.0;4.0;47.98067;2.72535;2024-06-15 18:00:00
202400042007.0;1;83;83069;2;2;7.0;3.0;43.11760575;6.12780797;2024-08-20 17:35:00
202400042008.0;1;83;83069;2;1;1.0;3.0;43.10123;6.13095;2024-08-20 14:53:00
202400042009.0;1;45;45068;2;2;1.0;3.0;48.014551;2.736673;2024-06-15 11:10:00
202400042010.0;2;5;5061;2;3;8.0;3.0;44.54016;6.06401;2024-09-27 08:10:00
202400042011.0;1;78;78481;2;1;1.0;4.0;48.89791;2.11179;2024-08-23 18:40:00
202400042012.0;1;44;44109;2;6;8.0;3.0;47.24406;-1.5048;2024-06-15 19:40:00
202400042013.0;5;77;77350;2;1;1.0;6.0;48.775345;2.677827;2024-08-23 21:20:00
202400042014.0;1;3;3098;2;1;8.0;6.0;46.36407;2.62082;2024-09-27 16:50:00
202400042015.0;5;44;44109;2;6;1.0;3.0;47.221152;-1.5555481;2024-06-15 22:55:00
202400042016.0;1;77;77058;2;1;1.0;2.0;48.836129;2.730673;2024-08-23 18:30:00
202400042017.0;3;42;42305;2;1;1.0;3.0;45.46702;4.42299;2024-06-14 02:25:00
202400042018.0;1;71;71486;2;2;7.0;1.0;46.64401;4.32996;2024-08-22 07:55:00
202400042019.0;1;2;2659;1;1;2.0;5.0;49.8501;3.32857;2024-09-24 14:55:00
202400042020.0;1;35;35238;1;1;1.0;6.0;48.14189;-1.64413;2024-06-15 19:10:00
202400042021.0;1;69;69275;2;1;1.0;6.0;45.77086419;4.95976421;2024-08-23 17:20:00
202400042022.0;1;35;35238;2;2;1.0;2.0;48.10697508;-1.67077214;2024-06-15 12:30:00
202400042023.0;5;75;75120;2;1;2.0;5.0;48.855447;2.413826;2024-09-27 21:15:00
202400042024.0;5;35;35238;2;2;1.0;1.0;48.09811472;-1.6555506;2024-06-15 03:45:00
202400042025.0;1;69;69271;1;1;1.0;1.0;45.73902816;4.95794207;2024-08-22 09:00:00
202400042026.0;1;33;33063;2;1;1.0;2.0;44.83884009;-0.5992189;2024-06-15 18:15:00
202400042027.0;1;75;75117;2;3;1.0;6.0;48.882999;2.287579;2024-09-27 14:02:00
202400042028.0;3;33;33009;2;1;1.0;6.0;44.64466;-1.19537;2024-06-15 02:00:00
202400042029.0;1;67;67482;2;3;7.0;3.0;48.56973;7.73371;2024-08-23 14:55:00
202400042030.0;1;30;30007;2;1;1.0;3.0;44.1203;4.10929;2024-06-15 10:50:00
202400042031.0;1;64;64269;1;1;1.0;1.0;43.29643;-0.31437;2024-08-22 14:30:00
202400042032.0;1;75;75119;2;1;1.0;3.0;48.898694;2.386076;2024-09-28 13:43:00
202400042033.0;1;27;27299;1;1;1.0;2.0;49.054519;1.176476;2024-06-15 14:20:00
202400042034.0;1;63;63113;2;1;1.0;3.0;45.78769;3.12537;2024-08-23 12:07:00
202400042035.0;1;27;27229;2;1;3.0;6.0;49.020532;1.123609;2024-06-14 17:51:00
202400042036.0;1;62;62498;2;1;1.0;6.0;50.42861;2.82552;2024-08-26 10:20:00
202400042037.0;1;26;26008;1;1;1.0;2.0;44.57783;4.7109;2024-06-15 14:20:00
202400042038.0;1;75;75117;2;1;1.0;3.0;48.889061;2.297173;2024-09-28 14:45:00
202400042039.0;5;59;59599;2;3;1.0;3.0;50.733447;3.134451;2024-08-23 23:25:00
202400042040.0;1;25;25204;1;6;1.0;5.0;46.92473;6.33819;2024-06-14 17:00:00
202400042041.0;5;75;75117;2;4;1.0;3.0;48.894432;2.3134;2024-09-28 03:40:00
202400042042.0;1;14;14271;1;6;1.0;3.0;49.13288;-0.37749;2024-06-15 11:20:00
202400042043.0;5;59;59426;2;9;1.0;3.0;50.759355;3.15243244;2024-08-23 22:25:00
202400042044.0;1;13;13205;2;1;1.0;1.0;43.2832;5.39;2024-06-15 20:40:00
202400042045.0;1;59;59367;2;2;2.0;3.0;50.67403;3.226822;2024-08-23 18:57:00
202400042046.0;5;75;75113;2;3;1.0;3.0;48.820413;2.359077;2024-09-28 22:15:00
202400042047.0;1;13;13206;2;2;1.0;3.0;43.28734;5.38902;2024-06-15 20:55:00
202400042048.0;1;59;59650;2;1;1.0;6.0;50.70356;3.22681;2024-08-23 07:20:00
202400042049.0;1;13;13203;2;9;1.0;3.0;43.3195;5.38406;2024-06-15 20:00:00
202400042050.0;1;75;75109;2;2;1.0;6.0;48.873801;2.328375;2024-09-28 11:00:00
202400042051.0;1;57;57631;2;1;1.0;6.0;49.11449;7.08669;2024-08-23 16:35:00
202400042052.0;1;13;13204;2;8;1.0;3.0;43.2997;5.40097;2024-06-14 20:13:00
202400042053.0;2;56;56098;2;3;1.0;3.0;47.77344;-3.3457;2024-08-21 18:57:00
202400042054.0;1;6;6088;2;2;1.0;3.0;43.671343;7.22423;2024-06-15 07:30:00
202400042055.0;1;75;75108;2;2;2.0;3.0;48.87486704;2.31989729;2024-09-27 18:55:00
202400042056.0;5;6;6088;2;1;1.0;6.0;43.669901;7.222171;2024-06-15 02:50:00
202400042057.0;1;1;1053;2;1;1.0;7.0;46.20584;5.24229;2024-06-15 15:35:00
202400042058.0;1;75;75108;2;1;2.0;6.0;48.872663;2.321511;2024-09-27 16:30:00
202400042059.0;1;54;54578;2;2;1.0;1.0;48.67034;6.15816;2024-08-22 14:40:00
202400042060.0;5;75;75120;2;1;1.0;4.0;48.874876;2.410697;2024-06-14 23:20:00
202400042061.0;1;75;75120;2;1;1.0;3.0;48.877218;2.408928;2024-06-14 18:30:00
202400042062.0;1;75;75107;2;3;2.0;6.0;48.862424;2.311603;2024-09-27 16:09:00
202400042063.0;1;75;75116;2;1;1.0;5.0;48.871993;2.27402;2024-06-14 18:05:00
202400042064.0;5;54;54099;2;1;1.0;6.0;49.24575169;5.9406209;2024-08-22 23:37:00
202400042065.0;1;75;75112;2;1;1.0;3.0;48.842254;2.413632;2024-06-14 17:50:00
202400042066.0;1;75;75116;2;1;1.0;2.0;48.876429;2.278361;2024-06-14 15:00:00
202400042067.0;1;75;75119;2;1;1.0;7.0;48.900355;2.382103;2024-06-14 12:45:00
202400042068.0;5;75;75103;2;2;1.0;1.0;48.865911;2.35814;2024-09-28 05:05:00
202400042069.0;1;54;54099;1;1;1.0;6.0;49.25376356;6.01443529;2024-08-21 19:24:00
202400042070.0;1;51;51454;2;1;1.0;7.0;49.247204;4.064374;2024-08-22 16:40:00
202400042071.0;1;75;75119;2;7;1.0;3.0;48.900359;2.386846;2024-06-15 11:30:00
202400042072.0;1;75;75115;2;1;1.0;6.0;48.848678;2.279908;2024-06-11 06:37:00
202400042073.0;1;43;43002;2;1;1.0;6.0;45.05099;3.8876;2024-08-23 08:35:00
202400042074.0;5;75;75109;2;2;8.0;1.0;48.87082;2.347942;2024-09-28 03:40:00
202400042075.0;1;75;75118;2;1;1.0;5.0;48.897183;2.352737;2024-06-12 18:06:00
202400042076.0;1;75;75119;2;3;8.0;3.0;48.881577;2.39507;2024-06-15 13:19:00
202400042077.0;5;75;75101;2;5;2.0;3.0;48.860136;2.333157;2024-09-27 23:30:00
202400042078.0;1;37;37261;2;1;1.0;6.0;47.40223;0.6899;2024-08-23 16:15:00
202400042079.0;1;37;37261;2;1;1.0;3.0;47.36646;0.69825;2024-08-22 16:15:00
202400042080.0;1;75;75104;2;3;1.0;6.0;48.851164;2.362748;2024-09-27 12:10:00
202400042081.0;5;75;75118;2;3;1.0;3.0;48.884497;2.364849;2024-06-15 00:15:00
202400042082.0;1;34;34172;2;1;1.0;3.0;43.62894;3.84516;2024-08-23 14:00:00
202400042083.0;1;75;75115;2;2;1.0;6.0;48.84641;2.283156;2024-06-15 12:05:00
202400042084.0;3;34;34172;2;1;1.0;6.0;43.60449;3.88017;2024-08-22 05:35:00
202400042085.0;1;75;75104;2;7;1.0;2.0;48.85355;2.36898;2024-09-27 11:20:00
202400042086.0;5;75;75114;2;2;2.0;3.0;48.822091;2.330343;2024-06-14 22:00:00
202400042087.0;1;34;34172;2;1;1.0;6.0;43.62305;3.84552;2024-08-22 15:50:00
202400042088.0;5;75;75109;2;2;1.0;3.0;48.880262;2.335342;2024-06-14 23:46:00
202400042089.0;1;75;75109;2;1;1.0;6.0;48.872916;2.32997;2024-06-14 13:30:00
202400042090.0;1;34;34172;2;1;1.0;4.0;43.58323;3.88744;2024-08-22 14:45:00
202400042091.0;2;94;94081;2;3;1.0;6.0;48.78742771;2.41242224;2024-09-28 07:30:00
202400042092.0;1;75;75107;2;3;1.0;6.0;48.862077;2.319697;2024-06-15 07:30:00
202400042093.0;1;34;34172;2;3;1.0;6.0;43.59232;3.88504;2024-08-22 10:30:00
202400042094.0;2;94;94038;2;1;1.0;6.0;48.77944;2.34946;2024-06-15 22:00:00
202400042095.0;1;34;34003;2;1;1.0;6.0;43.27794;3.486502;2024-08-23 17:55:00
202400042096.0;1;94;94076;2;3;1.0;3.0;48.80312;2.364261;2024-09-28 13:00:00
202400042097.0;1;94;94028;2;1;2.0;6.0;48.7887949;2.45159335;2024-06-15 17:00:00
202400042098.0;5;33;33063;2;1;1.0;6.0;44.839298;-0.581564;2024-08-24 00:20:00
202400042099.0;1;94;94075;2;3;1.0;3.0;48.727351;2.535934;2024-06-14 10:45:00
202400042100.0;1;33;33063;2;3;1.0;3.0;44.8316;-0.57607;2024-08-23 18:35:00
202400042101.0;1;94;94065;1;1;1.0;3.0;48.75363542;2.35846179;2024-09-28 18:55:00
202400042102.0;1;93;93008;2;2;2.0;3.0;48.911712;2.465032;2024-06-15 17:00:00
202400042103.0;1;33;33063;2;1;7.0;6.0;44.86854;-0.5523;2024-08-22 11:00:00
202400042104.0;1;93;93005;2;1;1.0;6.0;48.952423;2.516132;2024-06-15 08:11:00
202400042105.0;1;29;29039;2;4;2.0;3.0;47.873578;-3.929173;2024-08-23 16:45:00
202400042106.0;5;93;93005;2;1;1.0;2.0;48.960309;2.475137;2024-06-15 01:20:00
202400042107.0;5;94;94022;2;9;1.0;2.0;48.76808;2.418553;2024-09-28 22:55:00
202400042108.0;1;92;92072;2;1;2.0;3.0;48.82698;2.22149;2024-06-15 15:15:00
202400042109.0;2;25;25462;2;6;1.0;3.0;46.90586;6.35764;2024-08-23 20:13:00
202400042110.0;1;94;94054;2;1;1.0;6.0;48.74711139;2.40259382;2024-09-28 17:45:00
202400042111.0;2;92;92051;2;1;8.0;2.0;48.88354;2.26447;2024-06-15 05:25:00
202400042112.0;1;92;92044;2;1;1.0;6.0;48.88846;2.28477;2024-06-15 11:10:00
202400042113.0;2;21;21231;2;5;1.0;3.0;47.31916;5.04674;2024-08-22 21:15:00
202400042114.0;1;92;92026;2;2;1.0;6.0;48.90310046;2.2560706;2024-06-15 18:00:00
202400042115.0;1;94;94022;2;1;1.0;6.0;48.76410257;2.40552078;2024-09-28 12:10:00
202400042116.0;1;15;15014;2;1;1.0;3.0;44.91205;2.44249;2024-08-22 11:00:00
202400042117.0;1;93;93072;2;6;1.0;6.0;48.94668001;2.38349503;2024-09-28 15:30:00
202400042118.0;1;92;92026;2;1;1.0;2.0;48.90281;2.28336;2024-06-15 14:00:00
202400042119.0;5;14;14118;2;1;1.0;3.0;49.19496;-0.38957;2024-08-23 00:45:00
202400042120.0;1;92;92007;2;9;1.0;3.0;48.80490767;2.32260686;2024-06-15 21:30:00
202400042121.0;5;93;93049;2;1;1.0;6.0;48.85309149;2.51465678;2024-09-28 00:15:00
202400042122.0;2;60;60402;2;8;2.0;7.0;49.3595345;2.75348926;2024-06-16 07:30:00
202400042123.0;5;13;13207;2;1;1.0;1.0;43.269;5.36838;2024-08-24 01:10:00
202400042124.0;1;13;13209;2;1;1.0;7.0;43.26250073;5.40808874;2024-08-23 08:30:00
202400042125.0;5;35;35236;2;3;1.0;2.0;47.661215;-2.076395;2024-06-09 01:00:00
202400042126.0;5;93;93029;2;9;1.0;6.0;48.92017751;2.45190382;2024-09-26 06:15:00
202400042127.0;1;28;28041;1;1;2.0;6.0;48.299026;1.288319;2024-06-16 16:30:00
202400042128.0;5;13;13206;2;2;1.0;3.0;43.29119;5.38074;2024-08-22 22:47:00
202400042129.0;2;93;93014;2;1;1.0;3.0;48.89932;2.53984;2024-09-28 20:00:00
202400042130.0;3;972;97232;2;9;1.0;3.0;14.546377;-60.843511;2024-06-14 20:00:00
202400042131.0;1;11;11069;2;1;1.0;2.0;43.225757;2.330314;2024-08-21 12:10:00
202400042132.0;1;83;83036;1;3;1.0;3.0;43.183866;6.542305;2024-06-16 11:35:00
202400042133.0;5;6;6069;1;1;1.0;1.0;43.64328;6.90485;2024-08-24 00:25:00
202400042134.0;1;93;93008;2;1;8.0;4.0;48.91384562;2.43237707;2024-09-27 16:06:00
202400042135.0;1;75;75113;2;1;1.0;3.0;48.82158;2.379131;2024-08-23 15:30:00
202400042136.0;1;93;93005;2;9;1.0;6.0;48.9532;2.49907;2024-09-28 16:15:00
202400042137.0;2;22;22020;1;1;1.0;6.0;48.31552557;-2.24527203;2024-06-16 06:10:00
202400042138.0;1;75;75116;2;1;1.0;2.0;48.850605;2.252006;2024-08-23 12:30:00
202400042139.0;1;92;92075;2;1;1.0;3.0;48.81993;2.29257;2024-09-28 16:50:00
202400042140.0;1;14;14061;1;1;1.0;3.0;48.931064;-0.80772;2024-06-05 17:50:00
202400042141.0;3;74;74087;1;1;2.0;1.0;46.142801;6.327513;2024-12-10 06:10:00
202400042142.0;1;41;41101;1;1;6.0;2.0;47.616979;1.174498;2024-06-16 11:45:00
202400042143.0;5;42;42147;2;1;1.0;1.0;45.60726;4.058853;2024-12-10 17:15:00
202400042144.0;5;92;92046;2;2;2.0;3.0;48.81724352;2.2946915;2024-09-27 22:45:00
202400042145.0;5;75;75112;2;4;1.0;4.0;48.82674789;2.38997161;2024-08-23 00:45:00
202400042146.0;3;38;38565;2;6;3.0;6.0;45.289403;5.624032;2024-12-08 18:15:00
202400042147.0;1;6;6033;2;1;1.0;1.0;43.7656883;7.2022275;2024-06-15 14:35:00
202400042148.0;5;69;69255;2;1;1.0;6.0;45.735577;4.661395;2024-12-10 17:35:00
202400042149.0;1;92;92063;2;9;1.0;6.0;48.86236878;2.1950214;2024-09-28 13:30:00
202400042150.0;1;75;75120;2;1;1.0;4.0;48.860823;2.413832;2024-08-22 17:12:00
202400042151.0;1;83;83049;2;1;1.0;6.0;43.22990674;6.06929702;2024-06-15 12:10:00
202400042152.0;3;31;31004;2;1;1.0;6.0;43.441747;1.599661;2024-12-10 07:45:00
202400042153.0;4;79;79049;2;9;2.0;7.0;46.838822;-0.48426;2024-12-10 17:20:00
202400042154.0;2;92;92012;2;1;1.0;3.0;48.83809106;2.23220542;2024-09-28 19:05:00
202400042155.0;5;75;75117;2;2;1.0;1.0;48.891839;2.30163;2024-08-23 02:15:00
202400042156.0;5;75;75108;2;1;1.0;7.0;48.864918;2.311971;2024-08-23 01:55:00
202400042157.0;1;44;44198;2;1;1.0;1.0;47.141563;-1.522577;2024-12-09 14:29:00
202400042158.0;1;75;75116;2;1;1.0;3.0;48.859078;2.269322;2024-08-23 10:30:00
202400042159.0;1;78;78575;2;1;2.0;1.0;48.709447;2.083067;2024-09-25 12:30:00
202400042160.0;1;44;44215;1;1;1.0;1.0;47.176427;-1.51577;2024-12-07 09:45:00
202400042161.0;3;26;26325;2;3;3.0;3.0;45.2865323;4.81675386;2024-06-15 05:20:00
202400042162.0;1;75;75110;2;3;1.0;6.0;48.876753;2.364565;2024-08-23 18:30:00
202400042163.0;3;974;97413;1;9;3.0;6.0;-21.236102;55.304977;2024-06-16 02:25:00
202400042164.0;5;75;75109;2;2;1.0;3.0;48.879631;2.327031;2024-08-23 00:45:00
202400042165.0;2;35;35012;1;1;1.0;1.0;47.849743;-1.699791;2024-12-10 18:14:00
202400042166.0;3;2B;2B143;1;1;1.0;6.0;42.227914;9.543686;2024-06-15 22:35:00
202400042167.0;3;35;35047;1;1;2.0;6.0;48.047767;-1.752089;2024-12-09 22:00:00
202400042168.0;2;30;30117;2;1;1.0;7.0;43.691029;4.610562;2024-06-15 20:30:00
202400042169.0;1;94;94081;2;9;1.0;6.0;48.79846811;2.3820194;2024-08-23 19:20:00
202400042170.0;3;95;95353;1;1;2.0;3.0;49.089466;2.309897;2024-09-27 23:20:00
202400042171.0;5;76;76758;2;1;2.0;6.0;49.618516;0.749565;2024-12-09 17:20:00
202400042172.0;1;94;94074;2;1;1.0;3.0;48.76689;2.44723;2024-08-23 16:25:00
202400042173.0;1;62;62254;1;1;1.0;6.0;50.61092205;2.18946085;2024-09-29 13:45:00
202400042174.0;3;60;60473;1;1;8.0;7.0;49.103077;2.822869;2024-12-10 05:45:00
202400042175.0;1;57;57742;1;1;1.0;5.0;48.644238;7.15446;2024-06-15 15:00:00
202400042176.0;1;94;94068;2;2;1.0;3.0;48.7958;2.48698;2024-08-22 15:00:00
202400042177.0;1;33;33013;1;1;1.0;5.0;44.845466;-0.502068;2024-12-09 09:10:00
202400042178.0;1;56;56123;1;1;1.0;1.0;47.692353;-2.33261;2024-06-16 13:30:00
202400042179.0;1;94;94073;2;2;8.0;3.0;48.75428;2.3751;2024-08-23 13:50:00
202400042180.0;1;56;56154;1;1;1.0;1.0;47.728517;-2.214497;2024-06-15 18:25:00
202400042181.0;5;95;95205;1;1;1.0;3.0;49.02294999;2.38654423;2024-09-28 21:00:00
202400042182.0;3;59;59544;1;1;1.0;2.0;50.3633;3.59211;2024-11-30 02:40:00
202400042183.0;1;94;94017;2;1;1.0;4.0;48.808056;2.525154;2024-08-22 10:15:00
202400042184.0;1;82;82113;1;1;1.0;3.0;44.203912;1.400414;2024-06-15 15:20:00
202400042185.0;1;86;86236;1;1;1.0;7.0;46.685894;0.838167;2024-09-29 10:45:00
202400042186.0;3;91;91432;1;1;2.0;3.0;48.69301;2.32088;2024-12-09 18:47:00
202400042187.0;2;81;81055;1;1;1.0;6.0;43.4282838;2.0562181;2024-06-10 19:35:00
202400042188.0;5;93;93013;2;3;1.0;7.0;48.93711486;2.42813094;2024-08-23 00:35:00
202400042189.0;3;91;91661;1;1;2.0;2.0;48.69697655;2.23896943;2024-12-08 22:20:00
202400042190.0;3;83;83049;2;1;1.0;6.0;43.223109;6.07159;2024-09-29 19:30:00
202400042191.0;1;32;32462;2;1;1.0;7.0;43.756372;0.314022;2024-06-15 12:10:00
202400042192.0;1;93;93014;2;1;8.0;3.0;48.90612954;2.55290687;2024-08-23 12:30:00
202400042193.0;1;92;92072;2;1;9.0;6.0;48.82701466;2.2242259;2024-12-08 13:15:00
202400042194.0;3;42;42322;1;1;1.0;6.0;45.41084;4.526007;2024-09-28 22:45:00
202400042195.0;5;93;93057;2;1;1.0;3.0;48.90856345;2.49828333;2024-08-23 00:40:00