Num_Acc;lum;departement;commune;agglomeration;intersection;meteo;type_collision;lat;long;date
202400042196.0;1;11;11289;1;1;1.0;5.0;43.082446;2.224774;2024-06-15 13:00:00
202400042197.0;1;78;78551;1;1;1.0;2.0;48.911179;2.090008;2024-12-08 10:55:00
202400042198.0;2;93;93008;2;1;1.0;6.0;48.90517281;2.44200647;2024-08-23 08:37:00
202400042199.0;1;51;51535;2;1;1.0;6.0;48.712047;3.731639;2024-09-28 10:30:00
202400042200.0;3;61;61301;1;1;2.0;6.0;48.553439;0.172369;2024-06-16 00:50:00
202400042201.0;1;92;92036;2;1;2.0;3.0;48.92267;2.32735;2024-08-23 18:30:00
202400042202.0;1;92;92047;1;1;2.0;3.0;48.83397544;2.16646875;2024-12-08 09:08:00
202400042203.0;3;19;19288;1;1;2.0;6.0;45.295675;1.439123;2024-09-27 06:30:00
202400042204.0;1;22;22015;1;1;8.0;2.0;48.394369;-2.590638;2024-06-15 11:34:00
202400042205.0;1;92;92025;2;1;1.0;6.0;48.92349;2.25951;2024-08-22 09:20:00
202400042206.0;3;78;78498;1;1;2.0;7.0;48.91604;2.005657;2024-12-07 18:35:00
202400042207.0;5;95;95582;1;1;1.0;7.0;48.96346787;2.26421667;2024-12-09 01:00:00
202400042208.0;1;92;92023;2;6;1.0;3.0;48.77704;2.23036;2024-08-23 19:28:00
202400042209.0;1;39;39478;1;1;1.0;3.0;46.402899;5.872305;2024-06-16 11:40:00
202400042210.0;1;60;60553;1;1;1.0;7.0;49.463547;2.658731;2024-08-23 10:20:00
202400042211.0;1;56;56240;1;3;1.0;6.0;47.542233;-2.728858;2024-09-28 14:20:00
202400042212.0;3;92;92036;1;1;2.0;3.0;48.93956676;2.29464773;2024-12-08 22:30:00
202400042213.0;3;25;25262;1;1;1.0;6.0;47.125867;6.584616;2024-06-16 02:40:00
202400042214.0;1;5;5161;2;1;1.0;6.0;44.943987;6.574255;2024-08-23 12:15:00
202400042215.0;1;95;95572;1;1;2.0;6.0;49.0328605;2.10794605;2024-12-08 15:30:00
202400042216.0;1;76;76363;1;1;1.0;7.0;49.870646;1.683547;2024-09-29 16:55:00
202400042217.0;3;972;97214;1;4;1.0;6.0;14.842449;-61.081077;2024-08-24 02:50:00
202400042218.0;1;25;25315;1;1;1.0;3.0;47.432377;6.592162;2024-06-16 18:20:00
202400042219.0;1;92;92036;1;1;3.0;3.0;48.94364712;2.28775617;2024-12-08 13:05:00
202400042220.0;1;972;97231;1;1;1.0;1.0;14.528582;-61.001828;2024-08-23 07:00:00
202400042221.0;1;76;76443;1;1;8.0;6.0;49.562188;1.116915;2024-09-29 17:30:00
202400042222.0;1;44;44188;1;1;2.0;1.0;47.026639;-1.641834;2024-06-15 21:00:00
202400042223.0;1;93;93078;1;1;3.0;6.0;48.96300436;2.52239723;2024-12-08 14:30:00
202400042224.0;3;2B;2B283;1;1;1.0;6.0;41.878361;9.395607;2024-09-29 02:40:00
202400042225.0;1;44;44120;2;6;2.0;6.0;47.200211;-1.771363;2024-06-15 16:40:00
202400042226.0;1;95;95028;1;1;3.0;6.0;49.06003257;2.35477455;2024-12-08 08:45:00
202400042227.0;1;2;2571;1;1;1.0;5.0;49.889648;3.314266;2024-06-15 18:20:00
202400042228.0;1;80;80443;2;2;7.0;3.0;49.82689545;1.86392337;2024-09-28 09:30:00
202400042229.0;1;95;95678;1;1;3.0;6.0;49.07298501;2.23433912;2024-12-08 10:30:00
202400042230.0;1;3;3236;2;1;1.0;3.0;46.205318;3.432552;2024-06-15 12:20:00
202400042231.0;3;95;95572;1;1;1.0;2.0;49.03497711;2.11470009;2024-12-07 17:10:00
202400042232.0;1;32;32237;1;1;1.0;6.0;43.64835;0.700861;2024-09-29 16:00:00
202400042233.0;1;83;83013;1;1;1.0;2.0;43.76541584;6.64100495;2024-06-15 16:50:00
202400042234.0;1;93;93007;1;1;1.0;3.0;48.95432105;2.45616375;2024-12-07 14:30:00
202400042235.0;3;61;61043;1;1;1.0;2.0;48.340786;0.758984;2024-09-28 22:01:00
202400042236.0;3;83;83032;1;1;1.0;6.0;43.479923;6.197834;2024-06-16 03:05:00
202400042237.0;1;93;93008;1;1;1.0;6.0;48.90615841;2.46109169;2024-12-07 13:05:00
202400042238.0;3;83;83095;1;1;1.0;6.0;43.560507;6.02952;2024-06-16 00:01:00
202400042239.0;3;95;95394;1;1;1.0;2.0;49.05142883;2.15170383;2024-12-06 17:40:00
202400042240.0;3;61;61243;1;1;1.0;6.0;48.537465;-0.310589;2024-09-29 02:15:00
202400042241.0;1;9;9032;1;1;1.0;6.0;42.691481;1.825275;2024-06-15 16:45:00
202400042242.0;1;95;95678;1;1;1.0;4.0;49.05868713;2.20997393;2024-12-06 12:30:00
202400042243.0;2;18;18028;1;1;1.0;7.0;47.108961;2.296304;2024-06-16 06:15:00
202400042244.0;1;86;86082;1;9;1.0;3.0;46.36953595;0.20766377;2024-09-28 17:24:00
202400042245.0;3;94;94028;1;1;2.0;3.0;48.77664685;2.43805833;2024-12-09 17:15:00
202400042246.0;1;7;7009;1;1;7.0;6.0;45.21125;4.798536;2024-06-16 15:45:00
202400042247.0;1;94;94042;1;1;1.0;2.0;48.82611345;2.46569708;2024-12-09 16:00:00
202400042248.0;1;94;94028;1;1;2.0;2.0;48.77146602;2.44722292;2024-12-09 09:00:00
202400042249.0;3;86;86097;1;1;1.0;6.0;46.330514;0.417255;2024-09-28 04:45:00
202400042250.0;1;7;7055;2;6;1.0;3.0;44.854637;4.838254;2024-06-15 13:50:00
202400042251.0;1;972;97213;2;9;1.0;3.0;14.59809;-61.00093;2024-07-10 15:25:00
202400042252.0;1;85;85234;2;1;1.0;1.0;46.767336;-2.002134;2024-06-16 15:30:00
202400042253.0;1;85;85042;1;1;1.0;3.0;46.377306;-1.011386;2024-06-15 16:40:00
202400042254.0;1;972;97213;1;1;1.0;4.0;14.60837;-61.00505;2024-07-04 12:35:00
202400042255.0;3;972;97213;1;1;2.0;6.0;14.59428;-60.98264;2024-07-01 19:55:00
202400042256.0;3;44;44041;1;1;1.0;1.0;47.08678;-1.561003;2024-09-28 03:00:00
202400042257.0;1;87;87154;1;1;2.0;3.0;45.90441144;0.85800648;2024-06-15 12:17:00
202400042258.0;1;75;75106;2;3;1.0;6.0;48.850379;2.342604;2024-05-01 18:20:00
202400042259.0;1;67;67460;1;1;1.0;6.0;48.769683;7.602185;2024-06-15 10:00:00
202400042260.0;5;44;44109;2;6;1.0;6.0;47.22544772;-1.56712219;2024-10-17 23:45:00
202400042261.0;1;33;33452;1;1;1.0;2.0;44.639346;-0.425892;2024-06-15 08:11:00
202400042262.0;1;29;29059;1;2;1.0;3.0;48.62038008;-3.77204128;2024-09-28 17:53:00
202400042263.0;1;74;74010;2;2;1.0;3.0;45.893488;6.109428;2024-09-21 14:10:00
202400042264.0;1;29;29211;1;1;2.0;6.0;48.30924182;-3.74674951;2024-09-29 15:15:00
202400042265.0;1;69;69115;1;1;1.0;6.0;45.97329872;4.73241595;2024-06-16 12:30:00
202400042266.0;1;74;74105;2;3;1.0;3.0;46.309678;6.311694;2024-10-07 08:45:00
202400042267.0;1;38;38278;1;1;1.0;1.0;45.230128;5.404029;2024-09-29 11:20:00
202400042268.0;2;988;98803;1;1;1.0;6.0;-21.60871;165.55174;2024-06-16 17:30:00
202400042269.0;3;70;70433;1;1;9.0;6.0;47.566037;6.230074;2024-09-26 21:15:00
202400042270.0;3;74;74086;2;1;1.0;1.0;46.023083;5.986181;2024-09-06 22:40:00
202400042271.0;5;973;97304;2;1;1.0;1.0;5.16002073;-52.6449278;2024-06-16 02:30:00
202400042272.0;2;26;26345;1;1;1.0;7.0;44.303474;4.832397;2024-09-28 19:15:00
202400042273.0;1;74;74241;2;1;1.0;1.0;46.131395;6.483189;2024-07-23 17:00:00
202400042274.0;3;66;66225;1;1;1.0;1.0;42.539667;2.899725;2024-06-16 01:14:00
202400042275.0;1;26;26365;1;1;1.0;1.0;44.793344;5.020478;2024-09-28 16:30:00
202400042276.0;3;77;77534;1;1;1.0;1.0;48.636241;2.762997;2024-06-06 03:00:00
202400042277.0;1;34;34146;1;1;1.0;3.0;43.67516;4.074528;2024-06-15 09:25:00
202400042278.0;1;84;84054;1;1;1.0;6.0;43.921695;5.073731;2024-06-16 15:30:00
202400042279.0;5;72;72138;1;1;1.0;2.0;48.29920896;0.09008467;2024-09-28 23:45:00
202400042280.0;1;13;13066;1;1;1.0;1.0;43.88631;4.910309;2024-07-30 16:00:00
202400042281.0;1;44;44109;2;1;1.0;3.0;47.1932983;-1.52791283;2024-10-15 09:45:00
202400042282.0;1;83;83019;1;1;1.0;6.0;43.200237;6.408575;2024-06-15 06:00:00
202400042283.0;5;987;98735;2;1;1.0;1.0;-17.540804;-149.568736;2024-12-07 03:09:00
202400042284.0;1;14;14658;1;1;1.0;1.0;48.821354;-0.970021;2024-06-30 15:00:00
202400042285.0;1;13;13030;1;1;1.0;6.0;43.267534;5.737481;2024-06-15 16:52:00
202400042286.0;2;72;72201;1;2;1.0;3.0;48.27502;0.376877;2024-09-28 20:30:00
202400042287.0;5;974;97416;2;9;1.0;3.0;-21.3311;55.4712;2024-12-07 23:30:00
202400042288.0;1;69;69382;2;3;1.0;6.0;45.74941;4.82989;2024-10-31 12:35:00
202400042289.0;3;13;13080;1;3;1.0;3.0;43.662765;5.447808;2024-06-16 00:01:00
202400042290.0;1;974;97411;1;1;3.0;3.0;-20.8889;55.43648;2024-12-08 16:50:00
202400042291.0;1;74;74010;2;3;1.0;3.0;45.90063;6.12059;2024-08-08 17:15:00
202400042292.0;1;13;13048;1;1;1.0;7.0;43.650547;5.665383;2024-06-15 18:30:00
202400042293.0;1;72;72103;1;2;1.0;3.0;47.83320139;0.53381852;2024-09-29 09:30:00
202400042294.0;1;69;69386;2;2;2.0;3.0;45.76872;4.85247;2024-12-08 13:00:00
202400042295.0;1;987;98735;1;1;1.0;3.0;-17.5533;-149.54905;2024-11-02 11:10:00
202400042296.0;1;68;68012;2;1;1.0;3.0;47.778988;7.132473;2024-06-13 19:10:00
202400042297.0;1;90;90041;2;1;1.0;7.0;47.709999;6.921634;2024-09-28 18:00:00
202400042298.0;1;69;69386;2;2;2.0;6.0;45.77302;4.84984;2024-12-08 11:55:00
202400042299.0;1;68;68334;2;1;1.0;1.0;47.80409;7.106808;2024-06-15 17:20:00
202400042300.0;3;64;64160;1;1;1.0;7.0;43.365625;-1.366832;2024-09-15 06:30:00
202400042301.0;5;974;97411;2;4;1.0;7.0;-20.88876;55.45502;2024-11-02 20:15:00
202400042302.0;3;972;97213;1;1;1.0;6.0;14.5969;-60.99791;2024-12-07 04:30:00
202400042303.0;1;68;68379;2;1;1.0;7.0;48.028642;7.502436;2024-06-15 19:20:00
202400042304.0;1;87;87046;1;1;1.0;7.0;45.83048629;0.95850706;2024-09-10 17:40:00
202400042305.0;1;974;97409;2;1;1.0;3.0;-20.96035;55.65824;2024-11-02 09:10:00
202400042306.0;3;37;37015;1;1;2.0;6.0;47.35965589;0.85934329;2024-09-28 02:04:00
202400042307.0;1;974;97407;2;1;2.0;6.0;-20.93151;55.29775;2024-11-01 15:00:00
202400042308.0;2;67;67137;2;4;1.0;2.0;48.496346;7.686964;2024-06-15 20:45:00
202400042309.0;2;972;97209;2;1;1.0;3.0;14.61373;-61.06434;2024-12-08 17:20:00
202400042310.0;1;48;48178;2;1;1.0;6.0;44.27763;3.831383;2024-09-28 16:40:00
202400042311.0;3;2B;2B033;2;1;2.0;6.0;42.69956;9.4498;2024-12-08 21:00:00
202400042312.0;5;973;97302;2;3;1.0;3.0;4.92704203;-52.30348268;2024-11-02 19:35:00
202400042313.0;3;57;57701;2;1;1.0;2.0;49.091869;6.094097;2024-06-16 00:52:00
202400042314.0;1;971;97101;1;1;3.0;7.0;16.22589;-61.52413;2024-11-02 14:30:00
202400042315.0;1;48;48082;1;1;1.0;1.0;44.590142;3.66872;2024-09-28 16:30:00
202400042316.0;1;971;97101;2;1;1.0;2.0;16.24042;-61.52263;2024-12-08 11:15:00
202400042317.0;1;3;3034;2;1;1.0;6.0;46.307117;3.485477;2024-06-14 11:30:00
202400042318.0;5;2A;2A004;2;9;1.0;3.0;41.93402;8.75268;2024-11-02 22:45:00
202400042319.0;1;95;95277;2;1;3.0;3.0;48.97805631;2.43738361;2024-12-08 13:15:00
202400042320.0;5;10;10295;1;9;5.0;6.0;48.073007;4.383725;2024-09-29 05:55:00
202400042321.0;5;95;95582;2;1;2.0;6.0;48.9695;2.26374;2024-12-08 19:15:00
202400042322.0;1;95;95539;2;1;1.0;1.0;49.01307256;2.3565942;2024-11-01 15:05:00
202400042323.0;2;73;73150;1;1;8.0;5.0;45.55777676;6.66279656;2024-06-16 05:30:00
202400042324.0;1;31;31424;2;1;1.0;5.0;43.562948;1.291725;2024-09-10 15:50:00
202400042325.0;3;91;91339;1;1;8.0;7.0;48.61896;2.25822;2024-12-08 20:10:00
202400042326.0;1;91;91425;2;1;1.0;2.0;48.6489;2.2723;2024-11-01 09:10:00
202400042327.0;5;91;91691;2;1;9.0;6.0;48.711027;2.486929;2024-12-08 21:20:00
202400042328.0;1;91;91286;2;1;8.0;6.0;48.65294;2.39519;2024-11-02 16:00:00
202400042329.0;1;38;38557;1;1;1.0;7.0;45.7663;5.08735;2024-06-16 16:20:00
202400042330.0;5;91;91687;2;1;2.0;7.0;48.649315;2.36832;2024-12-08 23:30:00
202400042331.0;3;26;26315;1;1;1.0;7.0;45.006261;5.440979;2024-06-16 01:00:00
202400042332.0;3;67;67506;1;1;2.0;2.0;48.66967824;7.73669243;2024-09-28 01:55:00
202400042333.0;1;91;91521;2;2;1.0;1.0;48.63973;2.40893;2024-11-02 12:43:00
202400042334.0;2;88;88383;2;1;3.0;1.0;48.01885;6.59323;2024-12-07 16:45:00
202400042335.0;1;7;7232;1;1;8.0;1.0;44.63917;4.030985;2024-06-15 10:05:00
202400042336.0;2;77;77508;1;1;1.0;1.0;48.822888;2.811795;2024-09-29 07:40:00
202400042337.0;1;84;84031;2;7;1.0;4.0;44.05782;5.05043;2024-10-29 17:15:00
202400042338.0;3;84;84072;1;1;1.0;1.0;44.07336;5.08706;2024-12-09 00:05:00
202400042339.0;1;7;7279;1;1;1.0;3.0;44.437154;4.66206;2024-06-15 17:20:00
202400042340.0;3;77;77177;1;1;1.0;6.0;48.797604;2.728587;2024-09-28 01:39:00
202400042341.0;5;78;78208;2;4;1.0;6.0;48.79516;1.9729;2024-11-02 22:55:00
202400042342.0;1;80;80001;2;1;1.0;3.0;50.11666;1.82829;2024-12-06 11:10:00
202400042343.0;1;1;1275;1;1;1.0;6.0;45.807751;4.936278;2024-06-16 14:30:00
202400042344.0;1;2B;2B298;1;1;1.0;7.0;42.690093;9.271259;2024-09-28 11:00:00
202400042345.0;3;66;66176;1;1;1.0;6.0;42.77816239;2.96272516;2024-09-29 02:00:00
202400042346.0;5;84;84078;1;2;1.0;5.0;44.240645;4.711365;2024-09-28 22:41:00
202400042347.0;1;77;77276;2;1;1.0;3.0;48.93876172;2.87944442;2024-11-02 12:20:00
202400042348.0;5;84;84129;2;1;1.0;6.0;44.026212;4.873235;2024-09-28 21:00:00
202400042349.0;1;1;1064;2;3;1.0;3.0;45.785231;5.452681;2024-06-15 17:05:00
202400042350.0;1;89;89206;2;2;1.0;2.0;47.982637;3.404823;2024-09-29 10:05:00
202400042351.0;3;85;85238;2;1;3.0;6.0;46.951218;-0.893605;2024-06-16 03:45:00
202400042352.0;1;73;73065;1;4;1.0;3.0;45.5836508;5.90961546;2024-11-01 13:05:00
202400042353.0;1;42;42296;1;1;1.0;6.0;45.735272;4.275012;2024-09-29 12:00:00
202400042354.0;1;72;72181;2;2;1.0;6.0;47.9776;0.2083;2024-11-02 08:34:00
202400042355.0;2;76;76041;2;1;1.0;1.0;49.657551;0.71969;2024-06-08 05:35:00
202400042356.0;5;72;72003;2;1;2.0;6.0;47.97664577;0.15660882;2024-11-02 03:40:00
202400042357.0;1;42;42147;1;4;1.0;3.0;45.585422;4.073927;2024-09-29 14:50:00
202400042358.0;1;13;13117;1;1;8.0;2.0;43.43203191;5.25786355;2024-06-14 07:52:00
202400042359.0;1;38;38565;1;6;2.0;6.0;45.27258;5.626137;2024-09-28 12:50:00
202400042360.0;3;77;77369;1;6;1.0;3.0;48.97506;2.90404;2024-12-08 18:50:00
202400042361.0;5;69;69286;1;1;2.0;3.0;45.8255;4.88183;2024-11-02 19:00:00
202400042362.0;5;76;76498;2;2;8.0;6.0;49.42475;1.05583;2024-12-08 18:39:00
202400042363.0;1;69;69106;1;2;1.0;3.0;45.927013;4.656529;2024-09-29 17:20:00
202400042364.0;1;69;69290;1;1;1.0;4.0;45.70568;4.95985;2024-04-12 16:00:00
202400042365.0;1;67;67482;2;1;1.0;4.0;48.565973;7.707705;2024-11-02 12:00:00
202400042366.0;5;69;69266;2;1;3.0;1.0;45.77397;4.86766;2024-12-08 18:30:00
202400042367.0;1;33;33535;1;1;2.0;1.0;44.827432;-0.476709;2024-09-27 18:35:00
202400042368.0;1;64;64483;2;1;7.0;3.0;43.39394;-1.65026;2024-11-02 11:19:00
202400042369.0;3;53;53082;1;1;1.0;6.0;47.98476359;-0.88803922;2024-09-27 22:15:00
202400042370.0;5;69;69266;2;6;3.0;3.0;45.78705;4.8864;2024-12-08 04:20:00
202400042371.0;1;59;59256;2;1;2.0;6.0;50.558147;3.13635;2024-09-27 16:50:00
202400042372.0;5;59;59350;2;2;1.0;3.0;50.63528493;3.05538895;2024-11-03 00:45:00
202400042373.0;1;13;13106;1;1;1.0;3.0;43.38780006;5.3510726;2024-09-28 15:05:00
202400042374.0;5;69;69013;1;3;2.0;3.0;46.00397;4.7322;2024-12-07 18:15:00
202400042375.0;1;56;56083;2;1;1.0;3.0;47.80086;-3.28444;2024-10-31 18:38:00
202400042376.0;1;13;13212;1;1;1.0;2.0;43.30317709;5.42537105;2024-09-27 14:35:00
202400042377.0;5;66;66136;2;2;1.0;3.0;42.68751;2.90059536;2024-12-08 18:55:00
202400042378.0;5;51;51454;2;3;1.0;6.0;49.2662;4.02498;2024-11-02 19:05:00
202400042379.0;1;51;51663;2;1;1.0;3.0;49.04717;3.964959;2024-10-29 10:40:00
202400042380.0;1;64;64129;2;3;2.0;3.0;43.31337;-0.38018;2024-12-08 13:35:00
202400042381.0;5;33;33550;1;9;1.0;6.0;44.779878;-0.574589;2024-09-28 01:35:00
202400042382.0;5;45;45004;1;1;1.0;2.0;47.985569;2.770079;2024-11-02 18:41:00
202400042383.0;1;64;64132;2;1;2.0;6.0;43.30536816;-0.32925457;2024-12-08 13:00:00
202400042384.0;1;94;94021;1;1;1.0;3.0;48.77129754;2.34584423;2024-09-28 14:20:00
202400042385.0;2;44;44143;2;3;1.0;6.0;47.1812;-1.55644;2024-11-02 15:30:00
202400042386.0;5;62;62119;2;1;3.0;1.0;50.51463067;2.64831054;2024-12-07 18:00:00
202400042387.0;5;42;42187;2;9;1.0;6.0;46.03057814;4.05852556;2024-11-02 23:32:00
202400042388.0;3;91;91553;1;1;8.0;6.0;48.63129;2.48908;2024-09-28 01:20:00
202400042389.0;5;42;42187;2;3;1.0;3.0;46.038105;4.06006565;2024-11-02 20:11:00
202400042390.0;1;51;51453;1;1;8.0;2.0;48.99988804;4.33865007;2024-12-07 12:15:00
202400042391.0;1;95;95277;1;1;1.0;2.0;48.96848031;2.47881515;2024-09-27 16:45:00
202400042392.0;1;42;42044;2;4;1.0;6.0;45.39727;4.32711;2024-11-02 16:30:00
202400042393.0;1;93;93051;1;1;1.0;2.0;48.83504617;2.57475935;2024-09-28 15:35:00
202400042394.0;1;47;47323;2;6;1.0;3.0;44.42299;0.70038;2024-12-06 15:00:00
202400042395.0;3;77;77249;1;1;2.0;7.0;48.757647;2.615364;2024-09-28 01:15:00
202400042396.0;5;37;37261;2;2;2.0;3.0;47.39214;0.70041;2024-11-02 04:20:00
202400042397.0;1;45;45068;2;1;1.0;3.0;48.02126;2.72338;2024-12-06 16:05:00
202400042398.0;1;35;35238;2;1;1.0;3.0;48.13234;-1.68481;2024-11-02 12:50:00
202400042399.0;3;94;94065;1;1;2.0;4.0;48.75377489;2.36789548;2024-09-27 23:20:00
202400042400.0;5;41;41018;2;1;2.0;3.0;47.57818;1.32107;2024-12-08 18:55:00
202400042401.0;5;34;34172;2;2;1.0;3.0;43.6113;3.82878;2024-11-02 19:25:00
202400042402.0;1;77;77337;1;1;2.0;3.0;48.82967;2.61664;2024-09-27 15:50:00
202400042403.0;1;34;34172;2;1;1.0;1.0;43.60139;3.87512;2024-12-08 16:55:00
202400042404.0;5;33;33063;2;3;1.0;6.0;44.83602;-0.57214;2024-11-02 21:20:00
202400042405.0;5;34;34172;2;1;1.0;7.0;43.59121;3.85432;2024-12-07 17:25:00
202400042406.0;1;988;98818;2;1;1.0;6.0;-22.26295;166.46341;2024-09-28 09:30:00
202400042407.0;5;31;31149;1;1;1.0;2.0;43.60522;1.34475;2024-11-02 06:15:00
202400042408.0;2;974;97416;1;9;1.0;6.0;-21.3308;55.45545;2024-09-27 18:05:00
202400042409.0;2;13;13213;2;3;1.0;3.0;43.32209;5.41222;2024-11-02 18:10:00
202400042410.0;5;25;25031;2;1;1.0;1.0;47.47159;6.8514;2024-12-08 20:00:00
202400042411.0;1;974;97416;1;1;1.0;3.0;-21.33251;55.45631;2024-09-27 12:40:00
202400042412.0;1;6;6088;2;4;1.0;6.0;43.7078982;7.2841867;2024-11-02 09:23:00
202400042413.0;5;18;18279;2;2;3.0;1.0;47.232044;2.061047;2024-12-07 21:15:00
202400042414.0;1;974;97416;1;1;1.0;5.0;-21.31708;55.49071;2024-09-27 08:00:00
202400042415.0;1;4;4112;2;3;1.0;3.0;43.83193;5.78922;2024-11-02 12:45:00
202400042416.0;1;75;75113;2;1;1.0;2.0;48.821718;2.379015;2024-11-01 16:00:00
202400042417.0;1;973;97302;2;1;1.0;3.0;4.9436;-52.31883;2024-09-26 11:53:00
202400042418.0;3;13;13019;1;1;1.0;5.0;43.47896;5.35557;2024-12-08 02:30:00
202400042419.0;1;973;97302;1;6;1.0;2.0;4.90781;-52.32244;2024-09-27 07:50:00
202400042420.0;1;75;75117;2;7;1.0;3.0;48.878689;2.280079;2024-11-01 12:20:00
202400042421.0;5;13;13209;2;1;1.0;6.0;43.24880244;5.44162683;2024-12-08 05:00:00
202400042422.0;5;75;75111;2;1;1.0;6.0;48.866424;2.372554;2024-11-02 18:40:00
202400042423.0;3;973;97302;2;1;1.0;2.0;4.92856;-52.32527;2024-09-26 20:40:00
202400042424.0;1;13;13211;2;1;1.0;5.0;43.288;5.48;2024-12-08 13:20:00
202400042425.0;2;75;75110;2;1;1.0;6.0;48.87526;2.369914;2024-11-02 17:56:00
202400042426.0;1;973;97302;2;1;1.0;1.0;4.93853;-52.32742;2024-09-26 12:30:00
202400042427.0;5;75;75101;2;1;1.0;6.0;48.862935;2.334654;2024-11-02 18:20:00
202400042428.0;1;13;13004;2;1;1.0;1.0;43.6748;4.63135;2024-12-08 13:30:00
202400042429.0;5;973;97302;2;1;1.0;2.0;4.94298361;-52.30634701;2024-09-25 20:20:00
202400042430.0;1;6;6104;2;1;1.0;3.0;43.75862;7.45077;2024-11-27 08:30:00
202400042431.0;5;75;75101;2;2;1.0;3.0;48.860083;2.343413;2024-11-01 04:05:00
202400042432.0;1;69;69383;2;3;7.0;6.0;45.76360287;4.85702738;2024-09-27 10:55:00
202400042433.0;1;93;93066;2;1;1.0;3.0;48.9421;2.34122;2024-11-02 11:30:00
202400042434.0;5;6;6029;2;1;1.0;1.0;43.543549;6.965228;2024-12-08 16:40:00
202400042435.0;1;69;69387;2;3;1.0;6.0;45.74193;4.85193;2024-09-25 11:21:00
202400042436.0;2;93;93046;2;1;8.0;6.0;48.91596;2.53272;2024-11-02 07:50:00
202400042437.0;1;6;6030;2;1;7.0;6.0;43.56478;6.97774;2024-12-08 15:00:00
202400042438.0;1;69;69384;2;1;3.0;6.0;45.77526;4.83901;2024-09-26 08:55:00
202400042439.0;3;6;6123;2;1;1.0;1.0;43.71253;7.18253;2024-12-07 17:30:00
202400042440.0;1;971;97101;1;4;1.0;1.0;16.24536;-61.50697;2024-09-27 11:23:00
202400042441.0;5;93;93006;2;1;1.0;6.0;48.87603192;2.41826355;2024-11-02 18:20:00
202400042442.0;5;2;2168;2;1;2.0;1.0;49.06392;3.39384;2024-12-07 01:15:00
202400042443.0;1;2A;2A004;2;1;1.0;1.0;41.91658;8.73785;2024-09-27 16:45:00
202400042444.0;2;1;1053;2;9;2.0;6.0;46.20903;5.22988;2024-12-08 16:52:00
202400042445.0;5;93;93063;2;3;1.0;3.0;48.88320761;2.42696464;2024-11-02 18:20:00
202400042446.0;1;95;95563;2;2;1.0;3.0;49.0030574;2.25096549;2024-09-27 11:00:00
202400042447.0;5;75;75109;2;2;3.0;6.0;48.876799;2.339226;2024-12-07 02:37:00
202400042448.0;5;92;92036;2;1;1.0;6.0;48.92017742;2.29519641;2024-11-02 17:35:00
202400042449.0;5;95;95018;2;2;9.0;3.0;48.94138589;2.20676834;2024-09-27 06:27:00
202400042450.0;5;75;75116;2;7;2.0;6.0;48.87812053;2.2810632;2024-12-08 19:10:00
202400042451.0;5;92;92036;2;3;1.0;3.0;48.91275901;2.29634061;2024-11-01 23:25:00
202400042452.0;1;75;75115;2;7;1.0;6.0;48.846814;2.285631;2024-12-07 13:30:00
202400042453.0;1;92;92025;2;2;8.0;7.0;48.91453379;2.22920112;2024-11-02 13:15:00
202400042454.0;5;91;91161;2;9;8.0;5.0;48.71448;2.29815;2024-09-27 04:55:00
202400042455.0;5;92;92025;2;1;1.0;3.0;48.93003071;2.24574566;2024-11-01 20:35:00
202400042456.0;5;75;75114;2;3;2.0;3.0;48.829582;2.328379;2024-12-07 23:50:00
202400042457.0;5;91;91514;2;1;1.0;6.0;48.67504;2.53545;2024-09-27 21:42:00
202400042458.0;1;92;92007;2;1;1.0;6.0;48.79716002;2.2990758;2024-11-02 14:52:00
202400042459.0;1;91;91691;2;1;3.0;2.0;48.7188;2.5002;2024-09-26 14:30:00
202400042460.0;5;94;94042;2;2;2.0;2.0;48.82;2.47932;2024-12-08 04:00:00
202400042461.0;2;47;47069;1;6;1.0;3.0;44.2197;0.578982;2024-11-02 18:20:00
202400042462.0;5;14;14409;2;1;1.0;3.0;49.272264;-0.196096;2024-10-31 20:20:00
202400042463.0;5;91;91687;2;1;3.0;3.0;48.68168;2.3785;2024-09-27 23:00:00
202400042464.0;5;94;94043;2;3;2.0;6.0;48.806091;2.345993;2024-12-08 18:20:00
202400042465.0;1;63;63307;1;1;1.0;7.0;45.724999;3.092595;2024-11-02 14:50:00
202400042466.0;5;94;94028;2;1;2.0;3.0;48.7992;2.45349;2024-12-08 03:20:00
202400042467.0;1;62;62495;1;1;1.0;6.0;50.64426876;1.95803031;2024-10-29 13:20:00
202400042468.0;1;87;87085;2;3;2.0;6.0;45.83996;1.2467;2024-09-25 17:25:00
202400042469.0;5;52;52088;2;1;1.0;6.0;48.453328;4.767938;2024-10-31 23:10:00
202400042470.0;5;94;94071;2;1;3.0;6.0;48.77109;2.52145;2024-12-07 18:51:00
202400042471.0;1;84;84035;2;6;1.0;3.0;43.84391;5.04464;2024-09-27 09:50:00
202400042472.0;1;76;76624;2;1;1.0;6.0;49.864169;1.253605;2024-11-02 14:00:00
202400042473.0;5;94;94028;2;3;2.0;6.0;48.77632199;2.46405731;2024-12-07 21:30:00
202400042474.0;1;974;97412;2;1;1.0;3.0;-21.373773;55.596595;2024-11-03 12:25:00
202400042475.0;1;84;84031;2;3;1.0;3.0;44.05236;5.03792;2024-09-24 17:43:00
202400042476.0;1;93;93005;2;9;2.0;6.0;48.95317707;2.50164724;2024-12-08 13:47:00
202400042477.0;1;83;83070;2;3;1.0;1.0;43.139258;6.360945;2024-11-03 15:30:00