Num_Acc;lum;departement;commune;agglomeration;intersection;meteo;type_collision;lat;long;date
202400042478.0;1;84;84007;2;1;1.0;6.0;43.91885;4.87259;2024-09-27 17:04:00
202400042479.0;5;93;93005;2;9;2.0;6.0;48.9444331;2.49572754;2024-12-07 21:00:00
202400042480.0;3;44;44113;1;1;1.0;2.0;47.598177;-1.628036;2024-11-03 07:10:00
202400042481.0;1;83;83034;2;3;1.0;2.0;43.08551;6.0981;2024-06-22 15:50:00
202400042482.0;5;93;93046;2;2;1.0;3.0;48.9193;2.51904;2024-12-07 21:20:00
202400042483.0;1;56;56002;1;1;8.0;7.0;47.564104;-2.552712;2024-11-02 16:40:00
202400042484.0;1;83;83069;2;9;1.0;6.0;43.11685;6.12602;2024-09-27 16:35:00
202400042485.0;5;93;93031;2;1;2.0;6.0;48.95569;2.30836;2024-12-07 21:00:00
202400042486.0;3;79;79179;1;1;5.0;7.0;46.671258;-0.585655;2024-11-02 18:40:00
202400042487.0;1;81;81065;1;1;2.0;5.0;43.65676;2.21865;2024-09-27 12:22:00
202400042488.0;5;93;93057;2;9;2.0;4.0;48.9154191;2.50009147;2024-12-08 17:00:00
202400042489.0;1;63;63322;1;1;1.0;5.0;45.857783;3.183224;2024-11-02 15:50:00
202400042490.0;1;80;80021;2;1;2.0;7.0;49.878838;2.283167;2024-09-27 19:00:00
202400042491.0;1;63;63313;1;1;1.0;6.0;45.392468;3.007481;2024-11-02 10:30:00
202400042492.0;5;93;93008;2;3;2.0;7.0;48.91290676;2.4462955;2024-12-07 23:25:00
202400042493.0;1;78;78551;2;2;1.0;3.0;48.89369;2.067;2024-09-27 16:25:00
202400042494.0;1;63;63353;1;4;1.0;1.0;45.45182834;3.57857106;2024-11-03 13:00:00
202400042495.0;5;92;92026;2;1;2.0;2.0;48.90259011;2.2458981;2024-12-08 06:30:00
202400042496.0;3;61;61375;1;1;1.0;2.0;48.670941;0.014784;2024-11-02 21:30:00
202400042497.0;1;78;78440;2;2;1.0;3.0;48.985925;1.914681;2024-09-27 13:25:00
202400042498.0;1;77;77487;2;1;2.0;6.0;48.53077;2.6734;2024-09-26 12:10:00
202400042499.0;1;35;35027;2;1;1.0;2.0;48.166517;-2.067433;2024-11-02 15:40:00
202400042500.0;1;66;66009;2;1;1.0;1.0;42.46909;2.661036;2024-10-08 18:15:00
202400042501.0;5;77;77268;2;1;3.0;6.0;48.87327;2.8147;2024-09-24 19:25:00
202400042502.0;3;29;29037;1;6;1.0;3.0;47.88422492;-4.16880508;2024-11-02 18:40:00
202400042503.0;5;971;97114;1;3;2.0;3.0;16.147798;-61.583589;2024-12-08 01:45:00
202400042504.0;1;76;76681;2;6;8.0;1.0;49.42356;1.08897;2024-09-27 13:40:00
202400042505.0;1;31;31183;1;1;1.0;3.0;43.079068;0.892864;2024-10-24 17:00:00
202400042506.0;1;22;22206;1;9;1.0;6.0;48.533285;-3.007877;2024-12-01 14:30:00
202400042507.0;1;73;73065;1;1;1.0;6.0;45.57189649;5.93610719;2024-09-27 13:30:00
202400042508.0;4;38;38413;2;1;1.0;6.0;44.8761264;5.83513138;2024-11-03 00:25:00
202400042509.0;5;974;97412;2;3;1.0;5.0;-21.377968;55.660847;2024-12-08 19:30:00
202400042510.0;5;73;73011;2;1;8.0;6.0;45.67542;6.39297;2024-09-27 21:38:00
202400042511.0;3;2;2011;1;1;5.0;6.0;49.392101;3.207697;2024-11-03 19:20:00
202400042512.0;5;72;72181;2;1;8.0;6.0;47.99788;0.19823;2024-09-27 03:25:00
202400042513.0;3;2;2551;1;1;1.0;6.0;49.444217;3.393402;2024-11-02 23:47:00
202400042514.0;1;15;15096;1;1;1.0;6.0;45.022207;2.565984;2024-10-30 13:35:00
202400042515.0;3;57;57620;1;1;1.0;7.0;49.181774;6.019177;2024-12-08 23:10:00
202400042516.0;5;69;69282;2;2;1.0;3.0;45.78194;5.00548;2024-09-27 23:30:00
202400042517.0;3;1;1348;2;1;1.0;6.0;46.176677;4.810901;2024-11-03 02:00:00
202400042518.0;3;70;70317;1;2;1.0;6.0;47.533629;6.418573;2024-11-02 21:00:00
202400042519.0;3;1;1189;2;1;4.0;2.0;46.065147;5.781287;2024-12-08 04:00:00
202400042520.0;2;69;69271;2;3;7.0;1.0;45.7387;4.96491;2024-09-27 18:10:00
202400042521.0;5;70;70482;2;6;1.0;6.0;47.664705;5.971431;2024-11-02 21:45:00
202400042522.0;1;69;69290;2;1;1.0;1.0;45.69007;4.94215;2024-09-27 10:50:00
202400042523.0;1;6;6073;1;1;1.0;7.0;44.19199;7.136436;2024-11-03 10:30:00
202400042524.0;3;34;34118;1;5;1.0;3.0;43.721009;3.909894;2024-12-08 18:25:00
202400042525.0;1;69;69290;1;1;1.0;1.0;45.69195;4.96691;2024-09-27 10:00:00
202400042526.0;1;57;57544;1;1;8.0;6.0;48.684997;7.126951;2024-12-09 10:20:00
202400042527.0;3;14;14516;2;2;1.0;3.0;48.973737;-0.244231;2024-11-02 22:15:00
202400042528.0;1;69;69259;2;3;3.0;5.0;45.71182;4.87495;2024-09-26 14:45:00
202400042529.0;5;59;59164;1;3;2.0;3.0;50.157958;3.57856;2024-12-08 19:22:00
202400042530.0;3;14;14601;1;1;1.0;1.0;49.284516;0.208563;2024-11-03 00:45:00
202400042531.0;1;68;68224;2;2;2.0;6.0;47.747359;7.320198;2024-09-27 09:00:00
202400042532.0;1;50;50359;1;1;8.0;7.0;48.655947;-0.943993;2024-11-02 07:45:00
202400042533.0;3;56;56078;2;1;1.0;1.0;47.799932;-3.476593;2024-12-04 20:00:00
202400042534.0;5;61;61006;2;1;2.0;6.0;48.748795;-0.027584;2024-09-27 20:10:00
202400042535.0;3;40;40055;1;1;1.0;3.0;43.852231;-0.479708;2024-11-02 06:00:00
202400042536.0;3;80;80191;1;1;2.0;7.0;49.79502;2.773447;2024-12-08 20:00:00
202400042537.0;1;61;61038;2;1;1.0;6.0;48.374448;0.564514;2024-06-19 10:00:00
202400042538.0;3;17;17043;1;1;1.0;1.0;46.048246;-0.632014;2024-11-02 20:00:00
202400042539.0;1;61;61001;2;6;2.0;3.0;48.432079;0.079551;2024-09-27 14:55:00
202400042540.0;1;87;87089;1;1;1.0;7.0;46.213383;1.148243;2024-11-02 13:45:00
202400042541.0;1;12;12266;1;1;1.0;3.0;44.282991;2.819431;2024-12-09 12:00:00
202400042542.0;1;24;24348;1;1;1.0;6.0;44.680623;0.452113;2024-11-02 11:50:00
202400042543.0;1;51;51454;2;2;1.0;3.0;49.26033;4.02242;2024-09-27 08:50:00
202400042544.0;1;44;44169;1;1;1.0;1.0;47.246997;-1.400323;2024-12-07 08:20:00
202400042545.0;3;13;13044;1;1;1.0;1.0;43.622817;5.045278;2024-11-03 05:15:00
202400042546.0;1;49;49007;2;1;1.0;3.0;47.47403;-0.53746;2024-09-26 13:21:00
202400042547.0;3;29;29212;1;1;6.0;6.0;48.35503;-4.590558;2024-12-07 22:20:00
202400042548.0;1;44;44184;2;2;1.0;3.0;47.27758;-2.21096;2024-09-27 18:10:00
202400042549.0;3;6;6149;1;1;1.0;5.0;43.744065;7.347579;2024-11-03 00:55:00
202400042550.0;1;988;98822;1;1;1.0;6.0;-20.8858;165.27595;2024-11-02 13:20:00
202400042551.0;1;29;29215;1;1;6.0;1.0;47.99668115;-4.37612321;2024-12-07 16:00:00
202400042552.0;1;44;44162;2;1;3.0;3.0;47.2320916;-1.6447502;2024-09-27 12:55:00
202400042553.0;3;988;98821;1;1;1.0;3.0;-22.151428;166.371636;2024-11-01 19:00:00
202400042554.0;3;15;15142;1;1;1.0;6.0;44.922842;2.93519;2024-12-09 00:01:00
202400042555.0;1;42;42218;2;2;1.0;6.0;45.42429;4.40175;2024-09-23 14:00:00
202400042556.0;3;58;58172;1;1;2.0;7.0;46.73896;3.658898;2024-12-08 21:25:00
202400042557.0;1;971;97117;1;1;1.0;7.0;16.302841;-61.406944;2024-11-03 11:40:00
202400042558.0;1;41;41047;2;1;2.0;7.0;47.614;1.35419;2024-09-25 12:55:00
202400042559.0;4;95;95446;2;1;1.0;6.0;49.124444;2.169671;2024-11-03 03:50:00
202400042560.0;1;14;14622;1;1;2.0;6.0;49.230266;-0.958831;2024-12-09 11:10:00
202400042561.0;3;50;50215;1;1;2.0;7.0;49.120161;-1.589541;2024-12-05 07:15:00
202400042562.0;2;78;78597;1;1;5.0;1.0;48.951366;1.649795;2024-11-01 08:15:00
202400042563.0;1;38;38185;2;4;2.0;1.0;45.19289651;5.71743831;2024-09-27 17:55:00
202400042564.0;1;50;50615;2;1;1.0;2.0;49.510757;-1.469429;2024-12-06 11:15:00
202400042565.0;1;83;83016;1;1;1.0;1.0;43.21506;5.810523;2024-11-03 15:00:00
202400042566.0;4;37;37233;2;6;1.0;6.0;47.3802;0.7265;2024-09-27 01:09:00
202400042567.0;1;89;89102;1;1;1.0;6.0;47.756276;3.500197;2024-11-03 10:55:00
202400042568.0;5;43;43152;2;1;2.0;6.0;45.05275815;3.87265002;2024-12-07 03:30:00
202400042569.0;1;34;34172;2;1;1.0;3.0;43.62;3.85109;2024-09-27 09:30:00
202400042570.0;1;7;7185;1;1;2.0;7.0;45.126139;4.641681;2024-12-08 12:45:00
202400042571.0;5;31;31555;2;1;1.0;3.0;43.61658867;1.4370659;2024-09-27 20:14:00
202400042572.0;1;88;88196;1;1;1.0;1.0;48.064762;6.860798;2024-11-03 13:30:00
202400042573.0;5;7;7010;2;6;1.0;3.0;45.251877;4.661666;2024-11-25 04:30:00
202400042574.0;5;57;57058;2;1;1.0;6.0;49.17046;6.939159;2024-11-03 05:50:00
202400042575.0;2;28;28218;2;9;1.0;6.0;48.43712;1.44586;2024-09-26 19:20:00
202400042576.0;5;52;52060;2;1;1.0;6.0;47.95184735;5.74995205;2024-12-09 17:45:00
202400042577.0;3;28;28209;1;1;1.0;7.0;48.47823;1.47171;2024-09-27 00:50:00
202400042578.0;5;7;7324;2;6;1.0;1.0;45.055243;4.838533;2024-11-03 18:15:00
202400042579.0;3;88;88385;1;2;1.0;1.0;48.197265;6.050076;2024-12-08 20:10:00
202400042580.0;5;27;27229;2;2;2.0;3.0;49.02731;1.15546;2024-09-26 07:24:00
202400042581.0;1;7;7241;1;1;1.0;2.0;44.563001;4.469032;2024-11-03 12:44:00
202400042582.0;3;7;7241;1;1;1.0;7.0;44.548709;4.439946;2024-11-02 18:29:00
202400042583.0;5;38;38553;2;3;2.0;6.0;45.618356;5.145738;2024-12-08 17:55:00
202400042584.0;2;25;25462;2;2;1.0;3.0;46.904375;6.347253;2024-09-27 05:30:00
202400042585.0;1;69;69009;2;3;8.0;6.0;45.935669;4.721804;2024-11-02 10:24:00
202400042586.0;1;25;25056;2;1;1.0;6.0;47.24148;6.01547;2024-09-27 18:15:00
202400042587.0;4;13;13001;1;1;1.0;4.0;43.516844;5.431945;2024-12-09 19:00:00
202400042588.0;1;33;33555;2;1;1.0;1.0;44.684628;-0.869701;2024-10-24 14:20:00
202400042589.0;3;13;13001;1;1;1.0;2.0;43.512577;5.46513;2024-12-09 18:45:00
202400042590.0;1;13;13117;2;3;1.0;3.0;43.424;5.27751;2024-09-27 13:45:00
202400042591.0;4;13;13001;1;1;1.0;2.0;43.51208865;5.45538201;2024-12-09 18:30:00
202400042592.0;1;22;22282;1;3;1.0;3.0;48.585777;-2.238759;2024-11-01 15:25:00
202400042593.0;1;11;11069;2;3;1.0;3.0;43.20943;2.34495;2024-09-26 17:20:00
202400042594.0;1;83;83140;1;1;1.0;6.0;43.42493542;5.97393361;2024-12-08 14:00:00
202400042595.0;1;35;35240;2;9;1.0;3.0;48.094459;-1.772125;2024-10-18 08:35:00
202400042596.0;5;10;10362;2;1;2.0;1.0;48.297;4.06;2024-09-27 22:10:00
202400042597.0;3;38;38193;1;1;1.0;2.0;45.6133597;5.206808;2024-12-03 06:15:00
202400042598.0;1;60;60612;2;1;1.0;6.0;49.208129;2.596997;2024-11-03 14:20:00
202400042599.0;1;7;7102;2;1;1.0;3.0;44.93674;4.87206;2024-09-25 18:12:00
202400042600.0;1;987;98747;1;1;1.0;3.0;-17.735637;-149.235413;2024-12-07 11:44:00
202400042601.0;3;988;98807;1;1;3.0;6.0;-20.662823;164.926259;2024-11-23 20:00:00
202400042602.0;1;6;6088;2;2;1.0;3.0;43.6698;7.21722;2024-09-27 18:24:00
202400042603.0;3;988;98817;1;3;1.0;7.0;-22.230347;166.550256;2024-12-09 19:50:00
202400042604.0;1;6;6088;2;1;1.0;6.0;43.700226;7.288756;2024-09-27 15:38:00
202400042605.0;3;57;57487;1;1;1.0;5.0;49.09371073;6.1120212;2024-11-02 17:53:00
202400042606.0;5;37;37027;2;1;1.0;2.0;47.32817767;0.98200147;2024-12-06 17:40:00
202400042607.0;1;6;6004;2;1;2.0;6.0;43.5744;7.11661;2024-09-26 10:10:00
202400042608.0;3;77;77251;1;1;1.0;2.0;48.62312863;2.54329065;2024-11-01 22:18:00
202400042609.0;1;6;6019;2;1;1.0;3.0;43.807325;7.356892;2024-12-09 13:00:00
202400042610.0;1;75;75106;2;5;1.0;6.0;48.852052;2.329909;2024-09-27 16:00:00
202400042611.0;1;78;78007;1;1;8.0;4.0;48.898702;2.005727;2024-11-02 09:05:00
202400042612.0;1;75;75106;2;4;2.0;6.0;48.851022;2.330696;2024-09-27 14:46:00
202400042613.0;1;89;89295;1;2;1.0;5.0;47.830051;3.543118;2024-12-07 16:35:00
202400042614.0;1;92;92036;1;1;1.0;3.0;48.93459097;2.26845903;2024-11-01 16:55:00
202400042615.0;5;88;88090;2;1;1.0;4.0;48.372337;6.291288;2024-12-07 05:35:00
202400042616.0;3;78;78073;1;1;1.0;6.0;48.79861;2.00344;2024-11-01 23:31:00
202400042617.0;1;75;75120;2;7;1.0;6.0;48.86458;2.408436;2024-09-27 12:59:00
202400042618.0;5;57;57752;2;1;1.0;6.0;49.074224;7.007748;2024-12-08 18:00:00
202400042619.0;1;75;75118;2;3;1.0;6.0;48.894527;2.366485;2024-09-27 14:00:00
202400042620.0;1;95;95212;1;1;1.0;4.0;49.02919904;2.53815959;2024-11-02 15:00:00
202400042621.0;1;75;75117;2;2;2.0;6.0;48.879667;2.294692;2024-09-27 15:50:00
202400042622.0;3;38;38197;1;9;2.0;5.0;45.755244;5.134703;2024-12-08 20:15:00
202400042623.0;1;95;95277;1;1;1.0;2.0;48.97638481;2.49132859;2024-11-02 14:38:00
202400042624.0;1;75;75117;2;3;2.0;6.0;48.883534;2.326877;2024-09-27 15:20:00
202400042625.0;1;69;69136;1;1;2.0;3.0;45.64281849;4.74755708;2024-12-09 09:40:00
202400042626.0;1;92;92036;1;1;1.0;2.0;48.93911152;2.30488793;2024-11-02 09:45:00
202400042627.0;1;75;75117;2;3;1.0;6.0;48.88037333;2.28680885;2024-09-27 09:15:00
202400042628.0;3;81;81140;1;1;1.0;7.0;43.677618;1.879048;2024-12-05 21:30:00
202400042629.0;3;94;94028;1;1;2.0;2.0;48.78655637;2.44005919;2024-11-02 03:27:00
202400042630.0;3;14;14762;1;1;2.0;7.0;48.77698009;-0.89788467;2024-12-05 18:50:00
202400042631.0;1;75;75116;2;3;1.0;3.0;48.834693;2.261907;2024-09-27 09:10:00
202400042632.0;3;94;94046;1;1;1.0;4.0;48.80959275;2.44911608;2024-11-02 02:20:00
202400042633.0;5;29;29058;2;1;1.0;5.0;47.893719;-4.015911;2024-12-08 20:25:00
202400042634.0;5;75;75115;2;3;1.0;1.0;48.848525;2.282866;2024-09-26 23:20:00
202400042635.0;3;27;27196;1;6;2.0;3.0;49.297344;1.175217;2024-12-07 01:15:00
202400042636.0;5;94;94033;1;1;1.0;4.0;48.86117883;2.48388326;2024-10-31 21:50:00
202400042637.0;5;75;75114;2;3;2.0;6.0;48.8334;2.332694;2024-09-25 21:35:00
202400042638.0;1;988;98818;2;1;1.0;6.0;-22.24274;166.4674;2024-11-01 16:10:00
202400042639.0;1;75;75113;2;1;2.0;7.0;48.81699;2.360097;2024-09-27 16:45:00
202400042640.0;5;60;60409;2;1;2.0;6.0;49.292427;2.463876;2024-12-07 02:12:00
202400042641.0;1;75;75112;2;2;1.0;6.0;48.849396;2.37763;2024-09-26 10:30:00
202400042642.0;5;59;59092;2;1;2.0;6.0;50.284611;3.316594;2024-12-09 17:47:00
202400042643.0;1;974;97411;2;3;1.0;3.0;-20.89454;55.46016;2024-11-01 08:45:00
202400042644.0;1;75;75112;2;1;2.0;3.0;48.845541;2.378959;2024-09-25 13:00:00
202400042645.0;5;69;69387;2;1;1.0;2.0;45.72551;4.83508;2024-11-01 00:30:00
202400042646.0;2;59;59250;1;1;2.0;2.0;50.579231;2.874663;2024-12-08 17:45:00
202400042647.0;1;75;75107;2;2;1.0;3.0;48.856053;2.325977;2024-09-27 09:07:00
202400042648.0;1;972;97213;1;1;1.0;3.0;14.62952;-60.98933;2024-11-01 13:23:00
202400042649.0;3;13;13005;1;1;1.0;2.0;43.28848507;5.54834252;2024-12-07 20:00:00
202400042650.0;1;75;75101;2;4;8.0;3.0;48.863038;2.34185;2024-09-27 18:40:00
202400042651.0;5;69;69382;2;1;1.0;6.0;45.74873;4.82826;2024-11-01 00:05:00
202400042652.0;1;13;13081;1;1;2.0;6.0;43.48881066;5.24058515;2024-12-07 15:00:00
202400042653.0;1;971;97120;2;2;1.0;6.0;16.24295;-61.53971;2024-11-01 06:30:00
202400042654.0;1;94;94068;2;1;1.0;3.0;48.80857982;2.47277033;2024-09-27 10:00:00
202400042655.0;1;13;13210;1;1;1.0;2.0;43.33007406;5.39065029;2024-12-06 15:33:00
202400042656.0;1;971;97113;1;1;1.0;6.0;16.20778;-61.45896;2024-11-01 07:40:00
202400042657.0;1;94;94042;2;5;1.0;3.0;48.8202;2.46758;2024-09-27 10:30:00
202400042658.0;3;83;83129;1;1;1.0;5.0;43.12082;5.8381;2024-12-08 04:10:00
202400042659.0;1;94;94021;2;2;2.0;6.0;48.76731;2.334399;2024-09-27 16:00:00
202400042660.0;5;971;97101;2;3;1.0;5.0;16.27558;-61.50722;2024-10-31 21:20:00
202400042661.0;3;69;69204;1;1;2.0;5.0;45.68996068;4.81591014;2024-12-08 02:20:00
202400042662.0;1;95;95585;2;9;1.0;6.0;48.97639926;2.36700427;2024-11-01 15:52:00
202400042663.0;1;57;57480;1;1;8.0;2.0;49.10133;6.13252;2024-12-07 14:30:00
202400042664.0;1;95;95018;1;1;1.0;2.0;48.93228435;2.23811609;2024-11-01 16:00:00
202400042665.0;3;91;91363;1;1;1.0;6.0;48.66906;2.1945;2024-12-08 21:30:00
202400042666.0;1;91;91097;2;1;1.0;3.0;48.68;2.53;2024-11-01 15:10:00
202400042667.0;1;91;91086;1;1;3.0;2.0;48.6247586;2.3947835;2024-12-08 12:30:00
202400042668.0;3;91;91521;1;1;2.0;6.0;48.632579;2.406235;2024-12-08 07:02:00
202400042669.0;4;84;84007;2;3;1.0;3.0;43.95448;4.83642;2024-11-01 03:38:00
202400042670.0;1;73;73307;1;1;1.0;1.0;45.18358204;6.47574037;2024-09-18 17:57:00
202400042671.0;2;80;80021;1;1;1.0;3.0;49.88779;2.30291;2024-11-01 19:15:00
202400042672.0;1;73;73256;1;1;1.0;4.0;45.1987914;6.46272379;2024-08-23 12:15:00
202400042673.0;3;79;79191;1;1;5.0;1.0;46.35206;-0.52167;2024-11-01 06:45:00
202400042674.0;1;73;73290;1;3;1.0;3.0;45.28481016;6.864419;2024-08-22 17:18:00
202400042675.0;1;77;77284;2;1;1.0;6.0;48.95674;2.90704;2024-11-01 11:55:00
202400042676.0;5;7;7010;2;1;1.0;6.0;45.23706558;4.67054933;2024-04-06 02:22:00
202400042677.0;5;72;72181;2;2;5.0;3.0;47.97782;0.20804;2024-11-01 21:08:00
202400042678.0;1;43;43046;2;1;7.0;6.0;45.06443;3.90189;2024-09-23 11:00:00
202400042679.0;1;71;71486;2;2;1.0;3.0;46.64688;4.32136;2024-11-01 11:25:00
202400042680.0;1;43;43012;1;3;1.0;2.0;45.35334404;4.18875217;2024-08-24 15:20:00
202400042681.0;1;43;43262;1;1;1.0;6.0;45.266;3.41453;2024-08-10 08:00:00
202400042682.0;2;71;71499;2;1;5.0;6.0;46.6588;4.30285;2024-11-01 08:30:00
202400042683.0;1;69;69029;2;2;1.0;6.0;45.7368;4.91659;2024-11-01 15:30:00
202400042684.0;1;43;43144;1;1;1.0;3.0;44.93867986;4.11379882;2024-08-03 17:28:00
202400042685.0;3;43;43074;1;9;1.0;6.0;45.32273466;3.36556729;2024-07-28 23:25:00
202400042686.0;5;69;69029;2;3;1.0;1.0;45.75009;4.91141;2024-10-31 02:30:00
202400042687.0;1;43;43025;1;1;1.0;6.0;45.258074;4.144088;2024-07-16 20:45:00
202400042688.0;5;67;67482;2;3;1.0;3.0;48.589646;7.688839;2024-11-01 17:40:00
202400042689.0;1;77;77159;1;1;1.0;2.0;48.470218;3.111019;2024-06-26 12:45:00
202400042690.0;5;66;66136;2;6;1.0;1.0;42.68606;2.90704;2024-10-31 19:00:00
202400042691.0;1;77;77219;1;1;1.0;5.0;48.796037;2.958777;2024-07-22 14:20:00
202400042692.0;1;64;64122;2;1;1.0;7.0;43.48228;-1.56162;2024-11-01 16:15:00
202400042693.0;1;62;62563;2;1;1.0;6.0;50.4689253;2.75423394;2024-11-01 07:25:00
202400042694.0;1;74;74012;2;6;1.0;3.0;46.19542;6.24353;2024-10-06 13:05:00
202400042695.0;5;54;54526;2;2;2.0;2.0;48.68160842;6.2160033;2024-11-02 00:45:00
202400042696.0;1;74;74012;2;6;1.0;2.0;46.19114;6.25058;2024-10-05 15:15:00
202400042697.0;5;42;42071;2;1;1.0;6.0;46.02952;4.08382;2024-11-01 19:11:00
202400042698.0;1;57;57240;2;1;1.0;6.0;49.14153513;6.80291355;2024-09-12 09:05:00
202400042699.0;5;35;35238;2;1;5.0;3.0;48.0942;-1.6813;2024-11-01 18:50:00
202400042700.0;3;974;97416;1;1;1.0;6.0;-21.30505;55.42846;2024-12-06 23:40:00
202400042701.0;2;35;35238;2;1;1.0;6.0;48.13042735;-1.67710483;2024-10-29 18:00:00
202400042702.0;1;972;97213;1;1;1.0;6.0;14.61725;-61.03219;2024-12-07 09:30:00
202400042703.0;1;34;34301;2;1;1.0;6.0;43.41218;3.68668;2024-11-01 14:00:00
202400042704.0;5;2B;2B037;2;1;2.0;1.0;42.62229;9.42196;2024-12-07 22:44:00
202400042705.0;5;34;34172;2;2;1.0;3.0;43.578904;3.874478;2024-10-31 22:10:00
202400042706.0;3;2B;2B033;2;1;3.0;5.0;42.66521;9.43691;2024-12-07 18:55:00
202400042707.0;5;31;31555;2;1;1.0;6.0;43.54245;1.38933;2024-11-01 06:20:00
202400042708.0;5;25;25056;2;1;1.0;6.0;47.26568;6.03194;2024-11-01 21:00:00
202400042709.0;2;2B;2B120;2;1;1.0;2.0;42.66031;9.44199;2024-12-07 17:15:00
202400042710.0;2;13;13054;2;1;1.0;2.0;43.4121;5.21869;2024-11-01 18:35:00
202400042711.0;1;971;97113;1;1;1.0;3.0;16.21864;-61.51389;2024-12-07 09:15:00
202400042712.0;5;13;13071;2;1;1.0;3.0;43.41769;5.35998;2024-11-01 21:50:00
202400042713.0;3;971;97101;1;1;9.0;6.0;16.2774;-61.5001;2024-12-06 19:05:00
202400042714.0;5;13;13208;2;9;1.0;3.0;43.26792;5.38349;2024-11-01 23:00:00
202400042715.0;5;2A;2A004;2;2;2.0;6.0;41.92836;8.73738;2024-12-06 16:50:00
202400042716.0;2;13;13213;2;4;1.0;3.0;43.32609;5.41036;2024-11-01 06:40:00
202400042717.0;1;95;95427;2;2;2.0;6.0;48.9627597;2.3339054;2024-12-07 16:18:00
202400042718.0;1;91;91103;2;3;1.0;1.0;48.585892;2.293698;2024-12-06 16:10:00
202400042719.0;5;13;13001;2;2;1.0;3.0;43.52605;5.44112;2024-11-01 02:25:00
202400042720.0;5;91;91421;2;1;3.0;6.0;48.71452;2.44772;2024-12-07 20:35:00
202400042721.0;2;11;11069;2;1;1.0;3.0;43.208;2.33489;2024-11-01 17:50:00
202400042722.0;1;91;91201;2;1;1.0;6.0;48.680641;2.429084;2024-12-06 14:06:00
202400042723.0;5;2;2738;2;1;2.0;6.0;49.66804;3.27897;2024-11-01 03:00:00
202400042724.0;5;1;1053;2;2;5.0;3.0;46.20358;5.24227;2024-11-01 21:00:00
202400042725.0;3;75;75116;2;1;2.0;7.0;48.849689;2.252663;2024-11-01 01:00:00
202400042726.0;5;75;75116;2;3;1.0;3.0;48.874822;2.291725;2024-11-01 03:30:00
202400042727.0;1;75;75116;2;2;1.0;3.0;48.836725;2.253662;2024-11-01 08:30:00
202400042728.0;5;75;75116;2;1;1.0;3.0;48.861177;2.24662;2024-11-01 01:00:00
202400042729.0;5;75;75114;2;2;1.0;3.0;48.837671;2.3227;2024-10-31 22:01:00
202400042730.0;1;75;75111;2;1;1.0;2.0;48.84919;2.390534;2024-11-01 13:50:00
202400042731.0;5;75;75107;2;2;1.0;2.0;48.862902;2.313461;2024-11-01 06:00:00
202400042732.0;5;94;94081;2;6;1.0;6.0;48.79603;2.41722;2024-11-01 03:55:00
202400042733.0;1;94;94041;2;1;1.0;6.0;48.81783;2.39824;2024-11-01 13:45:00
202400042734.0;1;93;93072;2;1;1.0;2.0;48.94751797;2.37431943;2024-11-01 14:12:00
202400042735.0;5;93;93064;2;1;1.0;4.0;48.87733;2.47777;2024-11-01 18:30:00
202400042736.0;5;93;93005;2;9;1.0;3.0;48.92177549;2.50538707;2024-11-01 20:30:00
202400042737.0;1;92;92049;2;1;8.0;6.0;48.81769109;2.3256395;2024-11-01 14:15:00
202400042738.0;1;92;92049;2;2;1.0;3.0;48.81498194;2.30924115;2024-11-01 11:12:00
202400042739.0;5;92;92025;2;6;1.0;6.0;48.91423226;2.22955982;2024-11-01 20:50:00
202400042740.0;1;92;92019;2;9;8.0;1.0;48.77224076;2.24483684;2024-11-01 10:47:00
202400042741.0;3;92;92023;1;1;5.0;6.0;48.77686;2.22868;2024-11-01 02:15:00
202400042742.0;1;54;54125;1;1;1.0;7.0;48.50998747;6.64696455;2024-11-02 09:58:00
202400042743.0;3;33;33392;1;3;1.0;7.0;44.590116;-0.255003;2024-11-01 18:40:00
202400042744.0;1;84;84069;1;1;1.0;1.0;44.160834;5.146859;2024-11-02 14:15:00
202400042745.0;1;31;31446;2;1;1.0;6.0;43.550595;1.484622;2024-10-30 12:10:00
202400042746.0;1;83;83004;2;3;1.0;6.0;43.463543;6.480544;2024-11-01 17:05:00
202400042747.0;3;26;26160;1;3;8.0;3.0;45.211983;4.815539;2024-11-01 18:55:00
202400042748.0;1;30;30030;1;1;1.0;2.0;44.050275;4.289319;2024-11-01 12:50:00
202400042749.0;3;34;34270;2;1;1.0;3.0;43.564814;3.840322;2024-11-01 22:50:00
202400042750.0;1;82;82030;1;1;1.0;6.0;44.004465;1.071843;2024-11-02 17:00:00
202400042751.0;2;82;82075;1;3;1.0;5.0;43.839985;1.291309;2024-11-01 18:15:00
202400042752.0;1;69;69217;1;1;1.0;3.0;45.997588;4.4294;2024-11-01 15:20:00
202400042753.0;1;63;63328;1;1;1.0;1.0;45.451611;3.459653;2024-11-02 12:45:00
202400042754.0;3;55;55497;1;1;5.0;7.0;49.09529723;5.22871987;2024-11-01 20:45:00
202400042755.0;3;55;55138;1;1;5.0;6.0;48.756843;5.267456;2024-11-02 00:24:00
202400042756.0;3;41;41175;1;1;5.0;6.0;47.856679;1.148382;2024-11-02 02:30:00
202400042757.0;3;41;41159;1;1;5.0;6.0;47.515686;1.814203;2024-10-30 17:30:00
202400042758.0;1;39;39526;2;3;1.0;3.0;47.042531;5.412746;2024-10-25 17:34:00
202400042759.0;1;25;25578;2;1;1.0;6.0;47.149473;6.342226;2024-11-02 15:50:00
202400042760.0;3;29;29293;2;1;1.0;6.0;47.85497679;-3.84724414;2024-11-02 04:00:00
202400042761.0;1;84;84133;2;3;1.0;3.0;43.733957;5.545462;2024-11-02 08:56:00