Num_Acc;lum;departement;commune;agglomeration;intersection;meteo;type_collision;lat;long;date
202400042762.0;1;3;3145;1;1;1.0;2.0;46.281616;2.538668;2024-11-01 16:10:00
202400042763.0;5;75;75113;2;1;1.0;3.0;48.820674;2.376784;2024-01-10 22:55:00
202400042764.0;1;75;75120;2;3;1.0;3.0;48.864719;2.404092;2024-01-11 09:25:00
202400042765.0;5;75;75115;2;3;1.0;6.0;48.840675;2.288857;2024-01-11 20:30:00
202400042766.0;1;75;75112;2;1;1.0;6.0;48.83409433;2.45489448;2024-01-11 09:30:00
202400042767.0;5;75;75111;2;3;1.0;6.0;48.868053;2.378389;2024-01-11 07:35:00
202400042768.0;5;75;75110;2;3;1.0;6.0;48.870784;2.370495;2024-01-10 17:30:00
202400042769.0;1;75;75108;2;7;1.0;6.0;48.87089611;2.32489836;2024-01-11 16:11:00
202400042770.0;1;94;94081;2;2;1.0;6.0;48.80131363;2.40238168;2024-01-11 08:30:00
202400042771.0;1;94;94076;2;2;1.0;6.0;48.80611992;2.36529974;2024-01-11 12:00:00
202400042772.0;1;94;94073;1;1;1.0;3.0;48.75379;2.37297;2024-01-11 13:55:00
202400042773.0;5;94;94028;2;3;1.0;1.0;48.77716968;2.47217515;2024-01-10 04:56:00
202400042774.0;3;94;94073;2;2;1.0;2.0;48.773131;2.398594;2024-01-11 22:50:00
202400042775.0;5;94;94002;2;2;1.0;3.0;48.79821;2.42039;2024-01-11 01:40:00
202400042776.0;1;95;95527;1;1;1.0;2.0;49.01207269;2.51735306;2024-01-11 08:00:00
202400042777.0;4;95;95527;1;1;1.0;6.0;48.99341726;2.5171664;2024-01-11 06:40:00
202400042778.0;5;93;93049;2;2;1.0;3.0;48.868;2.50336;2024-01-11 21:37:00
202400042779.0;1;93;93049;2;3;1.0;2.0;48.86455735;2.51209222;2024-01-11 08:45:00
202400042780.0;5;93;93048;2;9;1.0;6.0;48.855538;2.422017;2024-01-11 18:10:00
202400042781.0;1;93;93074;2;3;1.0;3.0;48.93684568;2.58585334;2024-01-11 09:00:00
202400042782.0;5;93;93063;2;6;1.0;3.0;48.871838;2.442279;2024-01-11 18:36:00
202400042783.0;1;93;93007;2;6;1.0;3.0;48.94967314;2.46655226;2024-01-11 14:42:00
202400042784.0;5;93;93005;2;1;1.0;6.0;48.951754;2.509539;2024-01-10 17:00:00
202400042785.0;1;92;92078;2;1;1.0;3.0;48.93229612;2.32937224;2024-01-11 13:00:00
202400042786.0;1;92;92035;2;1;1.0;3.0;48.90405709;2.23923415;2024-01-11 10:05:00
202400042787.0;5;92;92026;2;2;1.0;3.0;48.89768569;2.2400009;2024-01-11 17:45:00
202400042788.0;5;92;92012;2;1;1.0;2.0;48.83536;2.24067;2024-01-11 20:45:00
202400042789.0;3;27;27230;1;1;1.0;6.0;48.866677;1.386638;2024-01-11 22:20:00
202400042790.0;1;62;62261;2;6;7.0;6.0;50.478263;1.594546;2024-01-11 10:10:00
202400042791.0;1;83;83019;1;1;1.0;5.0;43.149728;6.292183;2024-01-11 16:50:00
202400042792.0;5;62;62770;2;6;9.0;1.0;50.617974;2.547836;2024-01-11 06:50:00
202400042793.0;3;62;62874;1;1;9.0;1.0;50.27208624;2.62147802;2024-01-12 05:20:00
202400042794.0;1;27;27056;2;2;2.0;3.0;49.093352;0.602051;2024-01-03 15:34:00
202400042795.0;3;24;24372;1;1;1.0;1.0;45.12841;0.531592;2024-01-11 18:57:00
202400042796.0;4;91;91617;1;1;1.0;1.0;48.651822;2.507029;2024-01-10 18:00:00
202400042797.0;1;80;80557;2;1;1.0;6.0;49.877506;2.991444;2024-01-12 10:20:00
202400042798.0;1;71;71292;2;1;1.0;6.0;46.809768;4.753325;2024-01-12 08:05:00
202400042799.0;3;49;49069;1;1;1.0;7.0;47.297408;-1.16925;2024-01-11 22:20:00
202400042800.0;1;49;49307;1;1;9.0;1.0;47.418578;-0.443723;2024-01-11 09:20:00
202400042801.0;2;47;47069;1;1;1.0;1.0;44.2397651;0.59678972;2024-01-12 07:35:00
202400042802.0;3;14;14504;1;1;1.0;6.0;49.217667;0.321758;2024-01-12 02:30:00
202400042803.0;1;40;40313;1;1;1.0;7.0;43.818985;-0.817709;2024-01-11 13:20:00
202400042804.0;1;17;17218;2;1;1.0;1.0;46.302032;-0.990036;2024-01-12 17:00:00
202400042805.0;3;23;23093;1;1;1.0;7.0;46.17028133;2.2209549;2024-01-11 22:30:00
202400042806.0;1;1;1445;1;1;1.0;7.0;46.356821;5.287192;2024-01-12 13:45:00
202400042807.0;2;69;69268;2;1;2.0;3.0;45.652508;4.751083;2024-01-05 08:05:00
202400042808.0;3;14;14301;1;1;1.0;5.0;49.16697613;-0.28606955;2024-01-11 18:40:00
202400042809.0;5;38;38030;1;1;8.0;7.0;45.3441;5.480053;2024-01-11 17:45:00
202400042810.0;3;45;45067;1;1;5.0;7.0;47.892079;1.763992;2024-01-01 02:10:00
202400042811.0;3;17;17044;1;1;8.0;7.0;45.623312;-0.609505;2024-01-02 23:25:00
202400042812.0;1;971;97128;1;1;1.0;6.0;16.223297;-61.396851;2024-01-12 10:30:00
202400042813.0;3;78;78520;1;1;1.0;1.0;48.833086;1.641068;2024-01-08 06:30:00
202400042814.0;2;2B;2B042;1;9;1.0;6.0;42.573602;9.517733;2024-01-12 17:30:00
202400042815.0;1;66;66008;2;3;7.0;6.0;42.545802;3.022324;2024-01-09 09:45:00
202400042816.0;1;6;6158;1;1;1.0;6.0;43.935935;7.075855;2024-01-11 15:50:00
202400042817.0;2;52;52106;1;1;1.0;5.0;47.924611;5.291226;2024-01-11 17:25:00
202400042818.0;3;68;68255;1;1;9.0;2.0;47.980292;7.294117;2024-01-12 06:35:00
202400042819.0;3;33;33198;1;1;1.0;6.0;45.042876;-0.178083;2024-01-11 19:50:00
202400042820.0;3;35;35054;1;1;9.0;6.0;47.942883;-1.627007;2024-01-12 20:30:00
202400042821.0;1;35;35212;1;2;8.0;3.0;47.874969;-1.647434;2024-01-12 13:50:00
202400042822.0;1;27;27408;1;1;1.0;6.0;49.161642;1.505921;2024-01-12 10:00:00
202400042823.0;3;83;83069;1;1;1.0;4.0;43.11323181;6.1225934;2024-01-11 18:15:00
202400042824.0;3;69;69285;1;1;5.0;4.0;45.76654341;5.06647285;2024-01-11 06:20:00
202400042825.0;3;54;54091;1;1;1.0;2.0;48.94617123;6.11172438;2024-01-10 01:10:00
202400042826.0;1;67;67049;1;1;1.0;2.0;48.52345;7.62015;2024-01-07 12:05:00
202400042827.0;3;93;93006;2;1;1.0;2.0;48.8667928;2.42555663;2024-01-11 02:45:00
202400042828.0;2;94;94069;1;1;1.0;2.0;48.81725883;2.43097186;2024-01-11 16:30:00
202400042829.0;5;974;97416;2;1;1.0;6.0;-21.34084;55.50875;2024-01-10 19:45:00
202400042830.0;1;974;97411;2;1;1.0;6.0;-20.88766;55.44656;2024-01-10 14:00:00
202400042831.0;1;973;97302;2;3;1.0;3.0;4.92545;-52.30846;2024-01-10 17:33:00
202400042832.0;1;973;97302;2;1;2.0;3.0;4.92452;-52.32431;2024-01-10 08:15:00
202400042833.0;5;69;69383;2;2;2.0;3.0;45.75908;4.86296;2024-01-10 18:05:00
202400042834.0;5;972;97209;1;1;1.0;6.0;14.63572;-61.07208;2024-01-10 00:53:00
202400042835.0;5;69;69034;2;1;2.0;6.0;45.79770708;4.85095107;2024-01-10 23:50:00
202400042836.0;1;91;91433;1;1;4.0;1.0;48.45903;2.16764;2024-01-09 16:50:00
202400042837.0;1;87;87085;2;1;8.0;3.0;45.81444616;1.2445271;2024-01-10 08:57:00
202400042838.0;1;84;84087;2;2;1.0;1.0;44.13369;4.81256;2024-01-10 09:00:00
202400042839.0;5;80;80489;2;1;1.0;7.0;49.87113;2.35587;2024-01-07 20:45:00
202400042840.0;5;78;78401;2;1;1.0;1.0;49.00375;1.90688;2024-01-10 20:35:00
202400042841.0;1;77;77243;2;3;1.0;3.0;48.87926;2.71047;2024-01-10 14:00:00
202400042842.0;5;76;76351;2;1;1.0;7.0;49.48485;0.12671;2024-01-10 05:35:00
202400042843.0;1;6;6088;2;1;1.0;6.0;43.677235;7.206883;2024-04-03 16:20:00
202400042844.0;2;69;69029;2;3;8.0;6.0;45.74596292;4.91829924;2024-01-10 08:15:00
202400042845.0;1;6;6069;2;1;1.0;6.0;43.667479;6.934436;2024-04-03 14:15:00
202400042846.0;1;67;67447;2;1;1.0;4.0;48.61322;7.71629;2024-01-09 12:55:00
202400042847.0;1;6;6027;2;1;1.0;3.0;43.657655;7.166568;2024-04-03 09:54:00
202400042848.0;5;67;67043;2;1;1.0;6.0;48.6142;7.72922;2024-01-08 21:40:00
202400042849.0;1;75;75116;2;1;1.0;3.0;48.861171;2.263891;2024-04-03 13:00:00
202400042850.0;1;67;67180;2;1;1.0;6.0;48.80096;7.76665;2024-01-10 13:20:00
202400042851.0;2;66;66136;2;9;2.0;5.0;42.73484;2.89024;2024-01-10 16:40:00
202400042852.0;1;75;75118;2;1;1.0;3.0;48.900022;2.344143;2024-04-03 14:00:00
202400042853.0;1;75;75116;2;2;1.0;6.0;48.84312;2.260181;2024-04-02 10:16:00
202400042854.0;1;66;66136;2;2;1.0;3.0;42.69543;2.88223;2024-01-10 12:25:00
202400042855.0;5;75;75113;2;1;1.0;3.0;48.837536;2.356038;2024-04-03 21:20:00
202400042856.0;1;64;64348;2;2;8.0;3.0;43.3369;-0.39243;2024-01-10 13:40:00
202400042857.0;3;63;63164;1;1;4.0;7.0;45.83682;3.13798;2024-01-10 20:10:00
202400042858.0;3;60;60159;1;8;1.0;6.0;49.41977;2.90677;2024-01-09 00:40:00
202400042859.0;1;75;75113;2;3;2.0;6.0;48.831364;2.358184;2024-04-03 11:00:00
202400042860.0;1;59;59426;2;9;8.0;1.0;50.744956;3.153507;2024-01-10 13:30:00
202400042861.0;2;75;75112;2;3;2.0;6.0;48.834643;2.400757;2024-04-03 08:15:00
202400042862.0;1;59;59350;2;1;1.0;3.0;50.62212;3.05331;2024-01-10 16:25:00
202400042863.0;5;75;75112;2;1;2.0;6.0;48.845047;2.371636;2024-04-02 23:17:00
202400042864.0;1;59;59360;2;1;1.0;6.0;50.610462;3.020218;2024-01-10 12:30:00
202400042865.0;1;75;75111;2;7;2.0;3.0;48.866594;2.365355;2024-04-03 08:45:00
202400042866.0;5;54;54395;2;1;4.0;6.0;48.68102513;6.18449807;2024-01-09 19:00:00
202400042867.0;5;75;75110;2;1;1.0;3.0;48.883067;2.367636;2024-04-03 20:40:00
202400042868.0;5;51;51454;2;1;1.0;6.0;49.231498;3.997427;2024-01-10 18:30:00
202400042869.0;5;49;49099;2;2;1.0;3.0;47.04417;-0.88551;2024-01-10 21:30:00
202400042870.0;1;75;75108;2;2;1.0;3.0;48.8697;2.320465;2024-04-03 10:45:00
202400042871.0;1;972;97213;1;1;1.0;1.0;14.62274;-61.019;2024-05-10 18:40:00
202400042872.0;5;45;45147;2;3;1.0;1.0;47.93438;1.90388;2024-01-10 07:40:00
202400042873.0;1;75;75107;2;2;1.0;3.0;48.857708;2.327964;2024-04-03 15:30:00
202400042874.0;5;36;36044;2;1;9.0;6.0;46.80872268;1.67953894;2024-01-08 07:30:00
202400042875.0;5;95;95019;2;1;1.0;6.0;48.98125593;2.42735767;2024-05-10 22:00:00
202400042876.0;1;75;75104;2;2;2.0;3.0;48.847512;2.365534;2024-04-03 08:25:00
202400042877.0;3;34;34336;1;1;1.0;6.0;43.31884;3.2929;2024-01-10 00:01:00
202400042878.0;1;95;95252;2;1;1.0;6.0;48.97958;2.23379;2024-05-10 10:30:00
202400042879.0;5;94;94058;2;2;2.0;1.0;48.84682;2.49684;2024-04-03 00:05:00
202400042880.0;1;33;33069;2;2;4.0;3.0;44.856996;-0.59105;2024-01-10 08:05:00
202400042881.0;3;95;95510;1;1;1.0;6.0;49.0598902;2.01405859;2024-05-08 04:15:00
202400042882.0;5;29;29019;2;1;1.0;6.0;48.403143;-4.481171;2024-01-09 07:25:00
202400042883.0;5;27;27562;2;9;1.0;6.0;49.10136;1.45561;2024-01-10 19:50:00
202400042884.0;1;94;94042;2;3;1.0;2.0;48.816927;2.477501;2024-04-01 16:25:00
202400042885.0;1;91;91377;2;6;1.0;6.0;48.725944;2.263173;2024-05-10 16:00:00
202400042886.0;1;27;27229;1;1;1.0;6.0;49.01599;1.16865;2024-01-10 12:40:00
202400042887.0;3;94;94028;2;1;3.0;1.0;48.79457296;2.46000677;2024-04-03 06:15:00
202400042888.0;1;91;91521;2;7;1.0;1.0;48.65551;2.41065;2024-05-10 16:15:00
202400042889.0;5;26;26058;2;6;2.0;3.0;44.94857;4.89279;2024-01-09 20:20:00
202400042890.0;2;94;94019;2;3;2.0;1.0;48.79621;2.53355;2024-04-03 07:03:00
202400042891.0;1;26;26198;2;3;2.0;3.0;44.5535877;4.76130724;2024-01-10 17:13:00
202400042892.0;5;85;85194;2;6;1.0;3.0;46.50629;-1.77109;2024-05-09 02:00:00
202400042893.0;1;93;93007;2;9;1.0;6.0;48.9505274;2.44145465;2024-04-03 16:50:00
202400042894.0;1;84;84035;1;9;1.0;3.0;43.81229;5.0434;2024-05-10 20:30:00
202400042895.0;5;13;13214;2;1;1.0;2.0;43.34098;5.36533;2024-01-10 18:30:00
202400042896.0;2;92;92077;2;1;1.0;3.0;48.82552036;2.18747771;2024-04-03 20:20:00
202400042897.0;2;13;13210;2;1;2.0;1.0;43.28481508;5.39133558;2024-01-10 07:45:00
202400042898.0;1;30;30351;2;3;1.0;3.0;43.97825;4.78772;2024-05-10 17:55:00
202400042899.0;1;83;83118;2;1;1.0;7.0;43.45163;6.83267;2024-05-09 10:35:00
202400042900.0;2;13;13214;2;4;2.0;1.0;43.34247;5.37094;2024-01-10 08:00:00
202400042901.0;1;92;92050;2;9;1.0;3.0;48.88624351;2.21217057;2024-04-03 17:05:00
202400042902.0;1;80;80021;2;1;1.0;1.0;49.894253;2.286236;2024-05-10 11:40:00
202400042903.0;1;78;78208;2;1;1.0;2.0;48.78401;1.95786;2024-05-10 15:50:00
202400042904.0;1;92;92050;2;7;1.0;3.0;48.87865913;2.20910203;2024-04-02 08:30:00
202400042905.0;1;13;13001;1;1;8.0;5.0;43.53914806;5.43261743;2024-01-10 12:15:00
202400042906.0;5;76;76351;2;1;1.0;6.0;49.49203;0.12436;2024-05-10 03:35:00
202400042907.0;1;76;76552;2;3;1.0;6.0;49.5052;0.08541;2024-05-08 18:40:00
202400042908.0;1;92;92036;2;1;1.0;2.0;48.92074844;2.28824794;2024-04-03 18:40:00
202400042909.0;1;12;12145;2;3;1.0;3.0;44.09956;3.07249;2024-01-06 15:40:00
202400042910.0;1;67;67218;2;1;1.0;6.0;48.52854;7.7076;2024-05-10 17:35:00
202400042911.0;5;92;92035;2;1;8.0;6.0;48.90651575;2.2473321;2024-04-02 19:15:00
202400042912.0;1;6;6088;2;2;1.0;6.0;43.72324;7.2902;2024-01-10 13:14:00
202400042913.0;2;67;67482;2;3;1.0;1.0;48.59699;7.70533;2024-05-10 06:45:00
202400042914.0;1;92;92025;2;1;1.0;3.0;48.92661001;2.26906139;2024-04-03 20:12:00
202400042915.0;2;6;6069;2;1;1.0;3.0;43.647838;6.927706;2024-01-04 16:40:00
202400042916.0;1;66;66136;2;1;1.0;6.0;42.73198;2.88955;2024-05-10 07:50:00
202400042917.0;1;92;92012;2;1;1.0;3.0;48.83283884;2.22732085;2024-04-03 19:15:00
202400042918.0;1;65;65226;1;1;1.0;3.0;43.23993;0.02365;2024-05-08 18:30:00
202400042919.0;5;3;3185;2;9;8.0;6.0;46.34356;2.61075;2024-01-10 07:05:00
202400042920.0;1;64;64122;2;1;1.0;3.0;43.466114;-1.541619;2024-05-10 16:00:00
202400042921.0;1;92;92012;2;6;1.0;2.0;48.84799734;2.24175239;2024-04-03 14:10:00
202400042922.0;1;75;75118;2;3;1.0;3.0;48.893746;2.347829;2024-01-10 15:20:00
202400042923.0;5;63;63113;2;1;1.0;6.0;45.76467;3.12704;2024-05-10 22:40:00
202400042924.0;1;75;75117;2;2;1.0;6.0;48.884039;2.318543;2024-01-10 11:20:00
202400042925.0;1;92;92004;2;1;2.0;4.0;48.91698386;2.30859053;2024-04-03 14:40:00
202400042926.0;1;59;59350;2;1;1.0;3.0;50.64951;3.08579;2024-05-10 16:15:00
202400042927.0;5;75;75116;2;3;8.0;6.0;48.864099;2.272907;2024-01-09 17:30:00
202400042928.0;1;59;59178;2;1;1.0;3.0;50.38937;3.07988;2024-05-09 17:30:00
202400042929.0;5;92;92004;2;9;8.0;3.0;48.9111073;2.29286212;2024-04-02 21:20:00
202400042930.0;5;75;75115;2;3;1.0;3.0;48.829195;2.292383;2024-01-10 19:10:00
202400042931.0;2;26;26092;1;1;1.0;6.0;45.105042;4.935635;2024-04-04 07:20:00
202400042932.0;1;75;75115;2;3;8.0;6.0;48.836759;2.3033;2024-01-10 08:15:00
202400042933.0;1;58;58194;2;3;1.0;2.0;46.98489;3.12838;2024-05-06 19:07:00
202400042934.0;1;75;75114;2;4;1.0;6.0;48.824627;2.339911;2024-01-08 15:50:00
202400042935.0;1;40;40304;2;1;1.0;1.0;43.657211;-1.420358;2024-04-03 13:50:00
202400042936.0;2;56;56083;2;1;1.0;6.0;47.80101;-3.27154;2024-05-09 21:40:00
202400042937.0;5;75;75110;2;2;1.0;3.0;48.869326;2.354235;2024-01-10 07:45:00
202400042938.0;4;31;31454;2;6;1.0;6.0;43.412998;1.125836;2024-03-30 02:30:00
202400042939.0;1;75;75104;2;2;8.0;6.0;48.860083;2.356919;2024-01-09 15:45:00
202400042940.0;1;56;56121;2;1;1.0;1.0;47.75784;-3.39032;2024-05-08 18:32:00
202400042941.0;1;28;28327;1;1;2.0;3.0;48.191583;0.815091;2024-04-04 13:00:00
202400042942.0;1;54;54528;2;3;1.0;3.0;48.67056;5.889315;2024-05-07 16:30:00
202400042943.0;1;88;88218;2;1;3.0;1.0;48.145286;6.790409;2024-04-04 12:02:00
202400042944.0;1;49;49328;2;1;1.0;6.0;47.27397;-0.07722;2024-05-07 17:10:00
202400042945.0;1;29;29086;1;1;1.0;6.0;48.34358589;-4.23096046;2024-03-31 07:00:00
202400042946.0;1;94;94058;2;1;1.0;2.0;48.84183697;2.49559478;2024-01-09 11:17:00
202400042947.0;1;49;49015;1;2;1.0;3.0;47.49976;-0.62118;2024-05-09 11:20:00
202400042948.0;1;62;62094;1;1;1.0;5.0;50.45708476;1.76752554;2024-04-02 13:15:00
202400042949.0;3;44;44184;1;1;1.0;3.0;47.28595;-2.25365;2024-05-11 00:10:00
202400042950.0;5;31;31203;2;1;1.0;6.0;43.522081;1.328672;2024-04-03 21:20:00
202400042951.0;5;94;94028;2;3;1.0;3.0;48.77579;2.45542;2024-01-09 21:00:00
202400042952.0;1;43;43046;2;1;1.0;7.0;45.05251163;3.8975139;2024-05-10 07:40:00
202400042953.0;5;43;43089;2;1;1.0;6.0;45.04534224;3.86896208;2024-05-09 23:10:00
202400042954.0;1;94;94054;2;3;1.0;6.0;48.7477;2.401;2024-01-10 10:50:00
202400042955.0;1;51;51507;1;1;3.0;7.0;49.101557;4.981205;2024-04-04 09:00:00
202400042956.0;5;38;38421;2;1;1.0;6.0;45.18045;5.76685;2024-05-09 21:40:00
202400042957.0;1;94;94002;2;3;1.0;6.0;48.80608128;2.41861832;2024-01-09 11:30:00
202400042958.0;1;67;67025;2;1;2.0;1.0;48.857275;8.086581;2024-04-03 17:30:00
202400042959.0;1;34;34301;2;1;1.0;3.0;43.40589;3.66414;2024-05-10 12:30:00
202400042960.0;5;93;93066;2;8;1.0;6.0;48.92983041;2.35666072;2024-01-10 18:00:00
202400042961.0;1;79;79061;1;3;1.0;3.0;46.252493;-0.19782;2024-04-04 17:58:00
202400042962.0;1;93;93055;2;1;1.0;2.0;48.893886;2.416572;2024-01-05 10:20:00
202400042963.0;1;32;32290;1;1;1.0;7.0;43.950652;0.220719;2024-04-04 21:56:00
202400042964.0;1;93;93057;2;2;1.0;1.0;48.902856;2.508316;2024-01-10 10:15:00
202400042965.0;3;89;89076;1;1;1.0;6.0;48.05112;3.643663;2024-04-04 00:30:00
202400042966.0;5;92;92075;2;1;1.0;3.0;48.82421221;2.29845464;2024-01-09 22:00:00
202400042967.0;5;30;30189;2;4;1.0;2.0;43.8296;4.3593;2024-05-04 05:25:00
202400042968.0;3;47;47142;2;1;2.0;6.0;44.63853314;0.48538859;2024-04-02 21:56:00
202400042969.0;1;92;92062;2;1;1.0;3.0;48.88808796;2.23423862;2024-01-10 14:45:00
202400042970.0;1;29;29019;2;2;1.0;3.0;48.41291;-4.486501;2024-05-09 17:30:00
202400042971.0;1;66;66020;2;4;1.0;7.0;42.521095;2.062093;2024-04-03 15:00:00
202400042972.0;5;92;92050;2;9;1.0;3.0;48.88748291;2.19817489;2024-01-10 20:47:00
202400042973.0;1;27;27229;2;3;1.0;3.0;49.00974;1.15189;2024-05-10 15:30:00
202400042974.0;1;21;21054;1;6;1.0;2.0;47.00551149;4.82664407;2024-05-10 11:00:00
202400042975.0;2;13;13212;2;1;1.0;5.0;43.31733;5.4617;2024-05-10 21:00:00
202400042976.0;2;92;92050;2;7;1.0;3.0;48.88695968;2.20066868;2024-01-09 07:15:00
202400042977.0;1;50;50402;1;2;1.0;7.0;49.517206;-1.802144;2024-04-03 18:30:00
202400042978.0;1;13;13215;2;1;1.0;3.0;43.33963593;5.35502404;2024-05-10 20:00:00
202400042979.0;1;13;13213;2;1;1.0;3.0;43.31533;5.40855;2024-05-10 12:35:00
202400042980.0;1;92;92050;2;1;8.0;6.0;48.89261;2.21003;2024-01-08 09:30:00
202400042981.0;1;43;43137;1;1;1.0;2.0;45.2917446;4.14727888;2024-04-03 17:30:00
202400042982.0;2;974;97415;1;1;1.0;6.0;-21.019708;55.242975;2024-01-11 18:55:00
202400042983.0;5;13;13202;2;1;1.0;2.0;43.30689;5.3659;2024-05-10 03:12:00
202400042984.0;1;21;21288;1;1;2.0;6.0;47.536767;4.685126;2024-04-03 11:05:00
202400042985.0;2;21;21638;1;1;1.0;2.0;47.500733;5.190547;2024-01-11 07:30:00
202400042986.0;1;6;6088;2;1;1.0;3.0;43.73051;7.282785;2024-05-10 08:13:00
202400042987.0;1;6;6069;2;1;1.0;6.0;43.655865;6.922237;2024-05-06 17:50:00
202400042988.0;3;81;81115;2;1;4.0;6.0;43.474061;2.648047;2024-01-11 06:00:00
202400042989.0;1;2;2168;1;1;1.0;2.0;49.05074;3.38561;2024-05-07 17:00:00
202400042990.0;1;40;40006;1;1;1.0;6.0;43.981551;-0.799105;2024-04-04 15:30:00
202400042991.0;5;75;75119;2;1;1.0;6.0;48.885168;2.392894;2024-05-09 00:30:00
202400042992.0;1;974;97422;2;1;1.0;1.0;-21.271724;55.519093;2024-01-11 16:35:00
202400042993.0;1;75;75119;2;3;1.0;3.0;48.890161;2.377397;2024-05-10 13:30:00
202400042994.0;2;85;85284;2;1;2.0;7.0;46.793508;-1.898773;2024-04-03 08:00:00
202400042995.0;1;51;51085;2;1;8.0;6.0;48.976941;3.64807;2024-01-11 10:05:00
202400042996.0;5;75;75119;2;7;1.0;3.0;48.90010911;2.38837302;2024-05-10 01:15:00
202400042997.0;1;75;75117;2;7;1.0;3.0;48.88356;2.326836;2024-05-10 06:20:00
202400042998.0;1;85;85128;2;1;2.0;7.0;46.457217;-1.184029;2024-04-03 09:45:00
202400042999.0;1;52;52147;1;1;1.0;7.0;47.854185;5.227904;2024-01-09 11:30:00
202400043000.0;5;75;75114;2;3;1.0;3.0;48.821823;2.32672;2024-05-09 23:05:00
202400043001.0;2;42;42307;1;1;8.0;1.0;45.545891;4.666325;2024-01-11 17:15:00
202400043002.0;1;85;85197;1;2;1.0;3.0;46.936576;-1.406722;2024-04-04 17:45:00
202400043003.0;1;42;42210;1;1;4.0;7.0;45.482837;4.637368;2024-01-10 14:30:00
202400043004.0;1;75;75104;2;1;1.0;6.0;48.857625;2.352697;2024-05-10 18:30:00
202400043005.0;3;83;83026;1;1;2.0;6.0;43.445286;6.200972;2024-01-09 20:00:00
202400043006.0;2;27;27208;1;1;1.0;1.0;49.1496;0.518779;2024-04-04 07:30:00
202400043007.0;5;67;67342;2;1;1.0;6.0;48.550194;7.329447;2024-01-11 19:38:00
202400043008.0;1;75;75104;2;3;1.0;6.0;48.857317;2.352404;2024-05-10 12:10:00
202400043009.0;1;68;68375;2;3;1.0;3.0;47.79307283;7.22887516;2024-03-08 17:50:00
202400043010.0;2;80;80327;1;1;1.0;1.0;50.239163;1.948464;2024-01-11 09:07:00
202400043011.0;3;44;44022;1;1;8.0;1.0;47.0559;-1.169046;2024-01-10 18:38:00
202400043012.0;1;75;75101;2;3;1.0;6.0;48.86745;2.326218;2024-05-10 10:15:00
202400043013.0;3;31;31117;1;1;1.0;6.0;43.666847;1.555499;2024-04-03 20:20:00
202400043014.0;2;2;2095;2;1;1.0;6.0;49.982851;3.458097;2024-01-11 16:50:00
202400043015.0;1;94;94068;2;2;1.0;6.0;48.8035;2.48038;2024-05-09 17:00:00
202400043016.0;1;15;15243;1;1;1.0;7.0;45.241604;2.503933;2024-01-11 15:45:00
202400043017.0;1;978;97801;2;1;1.0;3.0;18.099498;-63.054984;2024-04-03 07:23:00
202400043018.0;5;94;94004;2;1;1.0;6.0;48.74997253;2.5051906;2024-05-10 22:00:00
202400043019.0;1;40;40156;1;1;1.0;2.0;44.29789759;-0.88618236;2024-04-03 15:20:00
202400043020.0;1;5;5164;1;1;1.0;5.0;44.535697;6.381973;2024-01-11 13:40:00
202400043021.0;1;13;13051;2;6;1.0;3.0;43.593244;5.118486;2024-04-04 10:00:00
202400043022.0;1;93;93071;2;1;1.0;6.0;48.93911;2.53106;2024-05-10 18:25:00
202400043023.0;1;973;97309;2;1;1.0;5.0;4.92336;-52.283037;2024-04-03 14:50:00
202400043024.0;1;93;93045;2;2;1.0;6.0;48.875143;2.41595;2024-05-10 20:45:00
202400043025.0;1;83;83028;1;2;1.0;3.0;43.573069;6.56152;2024-01-11 16:10:00
202400043026.0;1;93;93031;2;1;1.0;2.0;48.95566;2.29868;2024-05-10 07:30:00
202400043027.0;1;83;83082;1;1;2.0;3.0;43.656136;6.478221;2024-01-11 08:45:00
202400043028.0;1;92;92026;2;1;1.0;2.0;48.89834522;2.26892763;2024-05-10 16:30:00
202400043029.0;3;67;67180;1;1;1.0;7.0;48.792001;7.747778;2024-04-04 00:15:00
202400043030.0;1;64;64306;1;1;1.0;6.0;43.358336;-0.635759;2024-01-10 12:15:00
202400043031.0;1;92;92025;2;1;1.0;3.0;48.93048541;2.24522468;2024-05-09 20:05:00
202400043032.0;1;92;92007;2;1;1.0;7.0;48.792242;2.32025313;2024-05-10 14:50:00
202400043033.0;1;53;53185;2;1;1.0;6.0;48.461792;-0.191773;2024-01-08 15:25:00
202400043034.0;5;92;92007;2;9;1.0;6.0;48.79469;2.32122;2024-05-09 23:29:00
202400043035.0;3;76;76705;1;1;1.0;6.0;49.329062;1.087807;2024-03-28 22:58:00
202400043036.0;1;92;92004;2;1;1.0;3.0;48.91014667;2.28583449;2024-05-10 16:25:00
202400043037.0;3;85;85277;1;1;1.0;7.0;46.527558;-1.395109;2024-01-08 06:30:00
202400043038.0;3;41;41167;2;1;1.0;7.0;47.503006;1.192001;2024-05-10 23:35:00
202400043039.0;1;60;60142;2;3;1.0;6.0;49.125403;2.533438;2024-04-04 15:00:00
202400043040.0;1;84;84137;1;1;1.0;2.0;44.23975;5.048234;2024-05-11 12:50:00
202400043041.0;1;33;33118;2;1;2.0;1.0;44.783678;-0.461447;2024-04-03 16:00:00
202400043042.0;1;27;27640;1;2;1.0;3.0;49.013636;0.894672;2024-01-10 15:10:00
202400043043.0;1;71;71270;1;1;1.0;2.0;46.367475;4.834568;2024-05-10 06:50:00