Num_Acc;lum;departement;commune;agglomeration;intersection;meteo;type_collision;lat;long;date
202400043044.0;1;77;77270;1;2;2.0;3.0;48.868353;2.994794;2024-04-03 09:07:00
202400043045.0;1;11;11203;2;1;1.0;6.0;43.189056;2.754618;2024-05-10 09:25:00
202400043046.0;1;88;88181;2;1;1.0;1.0;48.184952;6.993774;2024-05-10 17:35:00
202400043047.0;1;77;77195;1;3;1.0;1.0;48.585628;2.761731;2024-04-04 12:45:00
202400043048.0;2;12;12096;1;1;1.0;1.0;44.499704;2.734383;2024-05-11 06:00:00
202400043049.0;1;37;37211;1;2;1.0;3.0;47.245605;0.755439;2024-01-10 09:40:00
202400043050.0;1;65;65256;2;1;1.0;6.0;43.165029;0.271719;2024-05-11 12:30:00
202400043051.0;2;34;34154;1;2;1.0;3.0;43.616543;3.946635;2024-04-03 20:00:00
202400043052.0;3;58;58202;1;1;1.0;1.0;47.086722;3.705869;2024-02-26 06:12:00
202400043053.0;1;30;30278;1;1;1.0;2.0;44.070413;4.688802;2024-05-10 13:40:00
202400043054.0;1;58;58121;2;1;2.0;2.0;47.037495;3.091493;2024-04-03 14:40:00
202400043055.0;1;54;54393;2;1;1.0;6.0;48.486259;6.570936;2024-02-26 07:50:00
202400043056.0;1;13;13069;1;1;2.0;4.0;43.628539;5.1401;2024-01-11 08:30:00
202400043057.0;5;83;83073;2;1;1.0;6.0;43.392661;6.316318;2024-05-10 22:15:00
202400043058.0;2;6;6073;1;1;4.0;6.0;44.200713;7.080538;2024-02-25 18:10:00
202400043059.0;1;3;3125;1;1;1.0;6.0;45.99884;3.646817;2024-04-04 10:10:00
202400043060.0;1;78;78571;1;1;1.0;1.0;48.859969;2.030781;2024-01-04 16:00:00
202400043061.0;1;83;83097;1;6;1.0;3.0;43.485489;5.719365;2024-05-10 18:00:00
202400043062.0;2;60;60372;1;1;2.0;6.0;49.542108;2.095964;2024-02-26 16:00:00
202400043063.0;1;91;91272;2;4;1.0;6.0;48.701595;2.101272;2024-05-09 13:10:00
202400043064.0;1;73;73150;1;1;1.0;1.0;45.507783;6.682005;2024-04-04 08:20:00
202400043065.0;1;973;97304;1;3;1.0;3.0;5.137939;-52.717088;2024-01-10 13:30:00
202400043066.0;3;24;24320;1;1;8.0;6.0;45.437038;1.211479;2024-02-25 00:50:00
202400043067.0;1;19;19099;1;1;1.0;7.0;45.09374503;1.70201147;2024-05-10 14:30:00
202400043068.0;1;67;67187;2;3;1.0;3.0;48.199784;7.513849;2024-05-10 16:30:00
202400043069.0;1;26;26124;1;1;1.0;7.0;44.83586796;4.86241579;2024-01-11 11:15:00
202400043070.0;1;73;73064;2;1;2.0;2.0;45.55176068;5.98182732;2024-04-03 09:45:00
202400043071.0;1;27;27198;1;1;1.0;1.0;48.835755;0.954496;2024-02-15 15:25:00
202400043072.0;1;82;82151;1;3;1.0;3.0;44.333645;0.967135;2024-05-11 10:00:00
202400043073.0;1;9;9157;2;1;1.0;6.0;42.967992;1.870519;2024-04-04 08:40:00
202400043074.0;3;73;73150;1;1;1.0;6.0;45.510182;6.704214;2024-01-11 03:45:00
202400043075.0;1;63;63194;1;1;1.0;1.0;45.82583009;3.33940173;2024-05-11 17:40:00
202400043076.0;1;33;33022;1;1;1.0;1.0;45.047269;-0.747285;2024-04-04 13:10:00
202400043077.0;1;28;28226;1;1;3.0;1.0;48.620215;1.156161;2024-02-26 09:30:00
202400043078.0;1;63;63268;1;2;1.0;3.0;45.558851;3.166171;2024-05-11 09:55:00
202400043079.0;1;22;22070;2;6;1.0;3.0;48.557172;-3.139617;2024-04-03 13:15:00
202400043080.0;1;46;46047;1;1;1.0;7.0;44.797033;1.543708;2024-05-11 14:20:00
202400043081.0;5;69;69143;2;1;1.0;6.0;45.880365;4.835647;2024-01-06 00:55:00
202400043082.0;3;77;77100;1;1;1.0;6.0;48.516604;2.824173;2024-02-26 06:50:00
202400043083.0;3;86;86271;1;1;1.0;6.0;46.770005;0.248947;2024-05-11 01:20:00
202400043084.0;1;68;68307;1;1;1.0;6.0;47.811112;6.896952;2024-05-10 19:58:00
202400043085.0;3;978;97801;1;1;1.0;6.0;18.092288;-63.030292;2024-02-25 22:59:00
202400043086.0;3;76;76454;1;2;2.0;3.0;49.752963;1.544781;2024-04-03 06:25:00
202400043087.0;1;39;39128;2;1;1.0;6.0;46.958423;5.405219;2024-05-11 09:05:00
202400043088.0;2;46;46015;1;1;2.0;1.0;44.670602;2.174703;2024-01-11 16:05:00
202400043089.0;3;67;67152;2;1;1.0;6.0;48.505346;7.661591;2024-02-25 18:50:00
202400043090.0;1;25;25367;1;1;1.0;6.0;47.44384;6.809578;2024-05-10 17:36:00
202400043091.0;1;76;76462;2;2;1.0;1.0;49.72972693;1.43935382;2024-04-03 16:45:00
202400043092.0;1;29;29155;1;1;1.0;7.0;48.45316242;-5.0942941;2024-05-08 16:00:00
202400043093.0;1;6;6152;1;1;8.0;3.0;43.604289;7.049875;2024-02-26 16:20:00
202400043094.0;3;16;16330;1;1;2.0;5.0;45.68833;-0.39451;2024-01-10 19:20:00
202400043095.0;1;76;76614;1;5;1.0;7.0;49.44496362;0.9913859;2024-04-03 19:52:00
202400043096.0;5;38;38175;2;1;1.0;3.0;45.261386;5.911607;2024-05-10 23:40:00
202400043097.0;1;29;29103;2;1;8.0;1.0;48.456308;-4.258832;2024-01-10 16:50:00
202400043098.0;1;83;83001;1;1;3.0;6.0;43.547055;6.793242;2024-02-26 10:10:00
202400043099.0;1;62;62001;2;1;1.0;1.0;50.39263566;2.7202801;2024-04-03 18:10:00
202400043100.0;1;15;15188;1;3;1.0;1.0;45.032869;3.120638;2024-05-10 16:23:00
202400043101.0;2;27;27132;1;3;1.0;6.0;49.020661;1.033294;2024-01-06 08:35:00
202400043102.0;1;971;97103;1;1;1.0;6.0;16.235615;-61.616977;2024-02-24 17:55:00
202400043103.0;1;85;85084;1;1;1.0;2.0;46.77457;-1.263056;2024-05-10 13:29:00
202400043104.0;1;14;14055;1;1;1.0;7.0;49.264283;0.107675;2024-05-06 12:00:00
202400043105.0;2;13;13215;1;1;1.0;4.0;43.36643455;5.36080529;2024-01-10 17:20:00
202400043106.0;1;33;33249;1;1;1.0;4.0;44.87854;-0.50939;2024-04-03 09:45:00
202400043107.0;3;50;50236;2;9;1.0;6.0;49.300285;-1.572118;2024-05-10 22:45:00
202400043108.0;2;77;77435;1;1;3.0;4.0;48.487529;2.512673;2024-02-26 17:15:00
202400043109.0;1;33;33143;1;1;7.0;2.0;44.95613508;-0.45175632;2024-01-09 17:21:00
202400043110.0;1;59;59609;1;1;1.0;2.0;50.57208;3.07936;2024-03-29 16:59:00
202400043111.0;1;987;98747;1;1;1.0;3.0;-17.756;-148.736;2024-02-25 10:33:00
202400043112.0;3;33;33039;1;1;1.0;2.0;44.796414;-0.538491;2024-01-09 03:14:00
202400043113.0;1;50;50499;1;3;7.0;6.0;48.750696;-1.092861;2024-05-11 17:15:00
202400043114.0;1;94;94034;1;1;2.0;2.0;48.75568893;2.34248042;2024-03-03 10:45:00
202400043115.0;4;62;62351;1;1;9.0;4.0;50.43268609;2.91496585;2024-01-07 18:45:00
202400043116.0;1;92;92019;1;9;8.0;7.0;48.77221147;2.24381876;2024-04-03 11:20:00
202400043117.0;1;16;16270;1;1;1.0;6.0;45.825495;0.73242;2024-05-10 19:35:00
202400043118.0;1;973;97311;2;9;1.0;3.0;5.493326;-54.010697;2024-02-26 14:00:00
202400043119.0;1;7;7100;1;1;1.0;7.0;44.422532;4.040651;2024-05-09 18:15:00
202400043120.0;5;971;97129;2;1;1.0;6.0;16.283691;-61.669913;2024-02-25 20:30:00
202400043121.0;3;94;94021;1;1;2.0;6.0;48.77137155;2.34509948;2024-04-03 02:34:00
202400043122.0;5;94;94043;1;1;1.0;2.0;48.80749723;2.34691317;2024-01-10 00:01:00
202400043123.0;5;77;77261;1;1;3.0;6.0;48.227531;2.897064;2024-02-25 20:30:00
202400043124.0;1;24;24119;1;2;1.0;3.0;45.39389203;0.38544416;2024-05-11 07:50:00
202400043125.0;3;78;78217;1;1;1.0;5.0;48.96445;1.82367;2024-01-09 17:15:00
202400043126.0;1;85;85140;1;1;1.0;7.0;46.74783;-0.87348;2024-05-10 11:20:00
202400043127.0;4;84;84129;2;6;1.0;3.0;44.019194;4.870089;2024-02-26 18:42:00
202400043128.0;2;92;92026;1;1;1.0;4.0;48.88809961;2.2503309;2024-04-03 19:20:00
202400043129.0;3;78;78498;1;1;8.0;3.0;48.908316;2.005295;2024-01-08 20:45:00
202400043130.0;2;39;39570;1;1;1.0;5.0;46.916159;5.557485;2024-05-10 20:45:00
202400043131.0;2;71;71251;1;2;2.0;3.0;46.898322;4.188449;2024-02-25 16:15:00
202400043132.0;1;78;78402;1;1;1.0;3.0;48.964003;1.793965;2024-04-02 07:15:00
202400043133.0;1;8;8081;2;1;1.0;7.0;49.854801;4.735864;2024-02-25 14:20:00
202400043134.0;1;29;29230;1;1;1.0;6.0;47.92337237;-3.51662466;2024-05-10 20:15:00
202400043135.0;3;93;93053;1;1;2.0;2.0;48.89707199;2.46965129;2024-04-02 22:00:00
202400043136.0;3;92;92051;1;1;4.0;4.0;48.88100609;2.2720879;2024-01-09 00:01:00
202400043137.0;1;11;11257;1;4;1.0;2.0;43.16445;2.456238;2024-07-17 16:30:00
202400043138.0;3;78;78291;1;1;4.0;6.0;48.96508;1.75909;2024-01-09 01:20:00
202400043139.0;1;7;7324;2;1;1.0;4.0;45.0668;4.836806;2024-02-26 08:20:00
202400043140.0;1;93;93027;1;1;2.0;7.0;48.92669131;2.40461111;2024-04-01 18:22:00
202400043141.0;3;77;77474;1;1;1.0;1.0;48.957594;2.801203;2024-05-10 21:50:00
202400043142.0;3;78;78158;1;1;4.0;1.0;48.841201;2.107074;2024-01-08 21:50:00
202400043143.0;1;71;71093;2;1;1.0;3.0;46.844264;5.268526;2024-07-18 19:30:00
202400043144.0;1;94;94073;1;1;2.0;3.0;48.77195676;2.39568914;2024-04-03 08:45:00
202400043145.0;1;69;69197;2;1;1.0;6.0;46.061082;4.651777;2024-02-25 10:26:00
202400043146.0;1;77;77470;1;1;1.0;6.0;48.742065;2.802249;2024-05-10 09:30:00
202400043147.0;3;78;78158;1;1;4.0;2.0;48.841063;2.106896;2024-01-08 21:50:00
202400043148.0;1;19;19096;1;1;2.0;7.0;45.22010852;1.81999437;2024-02-25 14:33:00
202400043149.0;3;95;95218;1;1;1.0;6.0;49.03583258;2.09585009;2024-01-10 21:05:00
202400043150.0;3;93;93051;1;1;2.0;4.0;48.83569183;2.56273622;2024-04-03 00:54:00
202400043151.0;3;66;66008;2;3;1.0;6.0;42.55033511;3.00762534;2024-04-11 22:00:00
202400043152.0;3;71;71202;1;1;1.0;5.0;46.853551;4.804201;2024-07-17 22:45:00
202400043153.0;3;94;94028;1;1;4.0;6.0;48.77622723;2.42988971;2024-01-09 01:00:00
202400043154.0;1;68;68195;1;9;1.0;7.0;47.755854;7.295882;2024-03-01 07:45:00
202400043155.0;2;33;33268;2;1;3.0;1.0;45.042619;-0.677495;2024-02-26 08:25:00
202400043156.0;5;94;94028;1;1;4.0;6.0;48.77671246;2.44308921;2024-01-09 00:05:00
202400043157.0;1;84;84063;1;1;1.0;6.0;44.298514;4.707427;2024-05-10 14:30:00
202400043158.0;1;61;61079;1;1;1.0;6.0;48.243924;0.691344;2024-07-14 18:00:00
202400043159.0;1;29;29288;1;1;3.0;6.0;48.55910641;-4.28941349;2024-02-25 12:15:00
202400043160.0;1;974;97416;2;3;1.0;6.0;-21.34535;55.48532;2024-01-08 16:40:00
202400043161.0;2;83;83104;1;1;1.0;7.0;43.574422;5.74894;2024-05-11 20:30:00
202400043162.0;1;93;93005;2;4;1.0;1.0;48.930665;2.498037;2024-04-02 13:55:00
202400043163.0;1;61;61484;1;1;1.0;6.0;48.312071;0.722968;2024-07-14 08:30:00
202400043164.0;1;974;97409;2;1;1.0;3.0;-20.93794;55.64906;2024-01-09 16:00:00
202400043165.0;1;89;89059;2;3;1.0;3.0;48.054322;3.522127;2024-05-10 18:00:00
202400043166.0;1;13;13215;1;1;1.0;4.0;43.370794;5.361158;2024-02-23 08:42:00
202400043167.0;1;22;22360;2;1;1.0;6.0;48.48889;-2.75805;2024-02-02 14:20:00
202400043168.0;2;69;69388;2;3;1.0;6.0;45.7492663;4.86050834;2024-01-09 17:20:00
202400043169.0;1;42;42108;2;1;1.0;2.0;45.589982;4.195117;2024-06-26 18:20:00
202400043170.0;1;972;97213;2;1;1.0;1.0;14.62837;-60.98864;2024-01-09 09:50:00
202400043171.0;1;58;58160;1;1;1.0;1.0;46.964719;3.114125;2024-05-10 17:50:00
202400043172.0;3;69;69259;2;1;1.0;4.0;45.71755823;4.86032024;2024-01-26 21:20:00
202400043173.0;3;34;34267;1;1;1.0;7.0;43.686898;3.557682;2024-07-14 02:30:00
202400043174.0;1;976;97611;2;1;1.0;5.0;-12.776;45.226;2024-04-02 06:30:00
202400043175.0;1;972;97209;2;6;1.0;3.0;14.605;-61.0878;2024-01-09 14:47:00
202400043176.0;1;68;68370;1;1;1.0;3.0;47.99300841;6.97819885;2024-05-11 11:50:00
202400043177.0;5;974;97416;2;1;2.0;6.0;-21.289;55.46589;2024-04-02 22:20:00
202400043178.0;1;42;42218;1;1;1.0;3.0;45.44995544;4.42066949;2024-02-24 17:05:00
202400043179.0;1;974;97416;2;9;8.0;6.0;-21.33371;55.47141;2024-04-02 13:20:00
202400043180.0;1;972;97209;2;1;1.0;2.0;14.6142;-61.0519;2024-01-09 12:35:00
202400043181.0;1;33;33167;1;1;3.0;2.0;44.829717;-0.50227;2024-02-25 11:15:00
202400043182.0;3;38;38382;2;2;1.0;3.0;45.23981;5.66659;2024-05-10 23:55:00
202400043183.0;2;974;97411;1;2;2.0;3.0;-20.89189;55.46751;2024-04-02 17:10:00
202400043184.0;5;69;69202;2;1;8.0;4.0;45.74061;4.80435;2024-01-09 19:45:00
202400043185.0;3;33;33122;1;1;2.0;3.0;44.729211;-0.727753;2024-02-25 02:20:00
202400043186.0;1;974;97411;2;1;2.0;6.0;-20.88331;55.44906;2024-04-02 11:15:00
202400043187.0;1;44;44117;2;2;1.0;3.0;47.150735;-1.347794;2024-07-18 07:45:00
202400043188.0;5;971;97120;2;1;1.0;6.0;16.25130533;-61.54464841;2024-01-07 20:45:00
202400043189.0;3;81;81219;1;1;1.0;6.0;43.555577;2.047813;2024-05-10 21:30:00
202400043190.0;3;971;97101;1;1;1.0;2.0;16.30096;-61.51138;2024-01-07 20:05:00
202400043191.0;5;974;97411;2;2;1.0;3.0;-20.88596;55.47645;2024-04-01 21:20:00
202400043192.0;1;91;91340;1;1;2.0;4.0;48.6052;2.4367;2024-02-23 15:00:00
202400043193.0;1;44;44187;1;1;1.0;5.0;47.192177;-2.109278;2024-07-17 10:25:00
202400043194.0;5;2A;2A004;2;1;2.0;6.0;41.94693;8.77278;2024-01-09 22:30:00
202400043195.0;1;40;40277;1;4;1.0;6.0;43.675752;-1.040992;2024-05-11 11:50:00
202400043196.0;1;974;97409;2;1;2.0;6.0;-20.95889081;55.649948;2024-04-02 09:30:00
202400043197.0;1;95;95203;2;9;1.0;6.0;48.99199389;2.28592218;2024-01-09 14:50:00
202400043198.0;1;93;93027;1;1;2.0;4.0;48.93802812;2.4132488;2024-02-25 15:20:00
202400043199.0;1;31;31182;2;9;1.0;6.0;43.696982;1.399632;2024-07-17 16:00:00
202400043200.0;1;33;33535;2;9;1.0;1.0;44.848502;-0.463019;2024-05-10 10:40:00
202400043201.0;1;69;69388;2;1;1.0;6.0;45.74414;4.87001;2024-04-02 17:30:00
202400043202.0;3;77;77122;1;1;3.0;6.0;48.65478066;2.61403709;2024-02-25 21:00:00
202400043203.0;3;91;91692;1;6;1.0;2.0;48.67535;2.19346;2024-01-08 19:00:00
202400043204.0;1;38;38012;1;6;1.0;2.0;45.596185;5.607968;2024-07-18 10:50:00
202400043205.0;1;50;50422;1;1;1.0;6.0;49.207582;-1.366172;2024-05-10 20:15:00
202400043206.0;1;69;69387;2;2;1.0;6.0;45.75121;4.8387;2024-04-02 16:00:00
202400043207.0;1;91;91691;2;1;4.0;7.0;48.703083;2.478209;2024-01-09 09:25:00
202400043208.0;1;75;75117;2;1;1.0;3.0;48.895031;2.306589;2024-02-23 13:00:00
202400043209.0;3;3;3214;1;1;1.0;6.0;46.424654;3.036958;2024-07-18 02:30:00
202400043210.0;1;56;56114;1;1;1.0;3.0;47.296346;-3.112886;2024-05-10 15:20:00
202400043211.0;1;69;69388;2;3;1.0;3.0;45.72798;4.87746;2024-04-02 09:36:00
202400043212.0;1;91;91174;2;1;4.0;4.0;48.580312;2.476054;2024-01-09 08:50:00
202400043213.0;5;75;75116;2;3;1.0;7.0;48.864493;2.269912;2024-02-24 03:00:00
202400043214.0;3;66;66093;1;1;1.0;6.0;42.546457;2.938955;2024-07-17 23:10:00
202400043215.0;5;972;97213;2;9;1.0;6.0;14.61657;-61.0035;2024-04-01 22:26:00
202400043216.0;3;35;35360;1;2;1.0;3.0;48.093875;-1.175773;2024-05-08 23:25:00
202400043217.0;1;6;6119;1;1;1.0;6.0;44.321093;6.864288;2024-07-18 15:00:00
202400043218.0;5;75;75112;2;1;8.0;6.0;48.832431;2.399216;2024-02-24 01:45:00
202400043219.0;5;91;91228;2;2;4.0;2.0;48.6261;2.42376;2024-01-09 07:00:00
202400043220.0;1;60;60282;2;1;1.0;7.0;49.209726;2.448696;2024-05-10 20:50:00
202400043221.0;1;972;97209;2;1;1.0;2.0;14.61452;-61.04914;2024-04-02 08:00:00
202400043222.0;1;6;6079;2;1;1.0;6.0;43.555504;6.939719;2024-07-18 11:30:00
202400043223.0;1;59;59323;1;1;1.0;3.0;50.30514534;3.62885845;2024-05-11 18:30:00
202400043224.0;1;2B;2B120;1;1;1.0;2.0;42.65966;9.44181;2024-04-02 16:55:00
202400043225.0;1;14;14514;2;1;1.0;3.0;49.284448;0.199832;2024-07-18 08:30:00
202400043226.0;1;75;75111;2;3;1.0;3.0;48.866361;2.380256;2024-02-24 15:00:00
202400043227.0;3;13;13211;1;1;1.0;2.0;43.28611386;5.51058007;2024-05-07 22:08:00
202400043228.0;5;971;97101;1;1;1.0;2.0;16.26536;-61.46889;2024-04-01 20:00:00
202400043229.0;1;5;5046;2;1;1.0;6.0;44.567358;6.499025;2024-07-18 11:25:00
202400043230.0;3;33;33281;1;1;1.0;2.0;44.84533;-0.67083;2024-04-24 22:00:00
202400043231.0;1;50;50550;1;3;1.0;3.0;49.12509;-1.38328;2024-07-17 09:00:00
202400043232.0;1;94;94038;1;1;1.0;3.0;48.7828929;2.34713213;2024-05-10 11:45:00
202400043233.0;5;75;75110;2;2;2.0;3.0;48.869319;2.354257;2024-02-23 20:45:00
202400043234.0;1;87;87085;2;1;1.0;3.0;45.82606799;1.28035426;2024-04-02 08:21:00
202400043235.0;2;64;64370;2;1;1.0;2.0;43.353993;-0.286068;2024-07-17 19:15:00
202400043236.0;3;50;50137;1;2;8.0;2.0;48.861768;-1.206578;2024-01-12 18:45:00
202400043237.0;1;87;87085;2;1;2.0;2.0;45.82409;1.24544;2024-03-29 09:10:00
202400043238.0;5;75;75101;2;3;2.0;6.0;48.862466;2.336274;2024-02-24 19:35:00
202400043239.0;1;16;16028;1;1;1.0;2.0;45.479678;-0.131207;2024-07-17 17:56:00
202400043240.0;1;50;50032;1;1;7.0;3.0;49.11356;-1.007856;2024-01-01 11:40:00
202400043241.0;4;87;87085;2;1;1.0;6.0;45.88202215;1.29056811;2024-03-30 20:26:00
202400043242.0;5;75;75102;2;2;1.0;3.0;48.863401;2.350956;2024-02-23 23:30:00
202400043243.0;2;973;97302;2;6;1.0;3.0;4.9273;-52.29006;2024-05-08 18:20:00
202400043244.0;2;16;16346;1;1;1.0;1.0;45.25051;0.076518;2024-07-14 22:30:00
202400043245.0;1;69;69034;2;1;1.0;6.0;45.79977;4.85114;2024-05-09 18:00:00
202400043246.0;1;86;86194;2;1;1.0;1.0;46.56698;0.37639;2024-04-02 09:10:00
202400043247.0;1;75;75101;2;2;1.0;3.0;48.860115;2.333348;2024-02-23 13:10:00
202400043248.0;1;69;69382;2;3;1.0;3.0;45.75827;4.83315;2024-05-09 18:20:00
202400043249.0;1;971;97113;1;1;1.0;1.0;16.23402779;-61.44135118;2024-05-08 12:00:00
202400043250.0;5;94;94041;2;5;2.0;6.0;48.81562;2.39334;2024-02-24 19:20:00
202400043251.0;1;84;84007;2;3;1.0;6.0;43.93803;4.80095;2024-04-02 08:30:00
202400043252.0;1;971;97101;2;2;1.0;3.0;16.25071;-61.5201;2024-05-08 16:50:00
202400043253.0;5;94;94033;2;1;2.0;6.0;48.85762;2.47474;2024-02-24 20:33:00
202400043254.0;1;7;7027;1;1;1.0;1.0;44.82166469;4.78286163;2024-07-18 15:45:00
202400043255.0;1;30;30351;2;4;1.0;6.0;43.96976;4.78013;2024-04-02 11:45:00
202400043256.0;5;83;83069;2;1;1.0;6.0;43.11636;6.12869;2024-05-09 23:19:00
202400043257.0;1;40;40001;1;1;1.0;2.0;43.723878;-0.263801;2024-07-18 16:30:00
202400043258.0;3;83;83144;1;1;1.0;6.0;43.14305;6.00912;2024-04-02 21:00:00
202400043259.0;5;94;94017;2;2;2.0;1.0;48.82365;2.49647;2024-02-24 19:00:00
202400043260.0;1;24;24330;1;1;1.0;6.0;45.046875;1.050938;2024-07-17 10:45:00
202400043261.0;1;76;76576;1;1;1.0;7.0;49.54525;0.44957;2024-05-09 15:15:00
202400043262.0;1;83;83069;1;1;1.0;7.0;43.08229;6.11828;2024-04-02 08:45:00
202400043263.0;1;93;93066;2;4;1.0;3.0;48.937472;2.371858;2024-02-24 16:20:00
202400043264.0;1;74;74200;2;1;1.0;2.0;46.40316;6.61541;2024-05-09 14:20:00
202400043265.0;1;83;83069;2;3;1.0;3.0;43.11017;6.11926;2024-04-01 15:30:00
202400043266.0;1;72;72181;2;3;1.0;3.0;47.99022;0.21946;2024-05-09 19:00:00
202400043267.0;5;93;93031;2;1;1.0;6.0;48.962192;2.305107;2024-02-24 19:07:00
202400043268.0;1;64;64483;2;1;1.0;3.0;43.40348;-1.6335;2024-05-09 14:56:00
202400043269.0;1;85;85201;1;1;1.0;6.0;46.4365;-1.3037;2024-07-18 11:41:00
202400043270.0;3;24;24540;1;1;2.0;6.0;45.283451;0.863746;2024-02-25 00:39:00
202400043271.0;1;63;63300;2;3;1.0;3.0;45.8944313;3.1189853;2024-05-08 10:40:00
202400043272.0;1;27;27690;1;4;1.0;1.0;49.245607;1.581316;2024-07-17 13:30:00
202400043273.0;3;37;37178;1;1;2.0;1.0;47.13152804;0.38979605;2024-02-24 19:45:00
202400043274.0;1;62;62548;1;1;1.0;6.0;50.97032917;1.96007208;2024-05-09 20:00:00
202400043275.0;5;76;76351;2;2;1.0;3.0;49.49422;0.11971;2024-03-29 20:55:00
202400043276.0;1;38;38378;2;1;1.0;6.0;45.438755;4.770781;2024-02-24 10:45:00
202400043277.0;2;61;61001;2;2;1.0;3.0;48.42791;0.07507;2024-05-09 20:45:00
202400043278.0;1;87;87122;1;3;1.0;3.0;46.03162;1.307293;2024-07-17 17:15:00
202400043279.0;5;76;76351;2;1;1.0;7.0;49.49116;0.13076;2024-03-31 03:30:00
202400043280.0;1;62;62049;1;2;1.0;3.0;50.54996;2.381297;2024-02-24 10:15:00
202400043281.0;1;59;59512;2;2;1.0;1.0;50.69436;3.1725;2024-05-08 19:25:00
202400043282.0;1;52;52377;1;1;1.0;7.0;48.06004981;5.66904322;2024-07-17 11:20:00
202400043283.0;1;59;59350;2;3;1.0;3.0;50.61447;3.05706;2024-05-09 19:10:00
202400043284.0;5;76;76351;2;3;1.0;3.0;49.51799;0.1177;2024-03-30 20:30:00
202400043285.0;1;69;69133;1;3;8.0;3.0;45.628624;4.770801;2024-02-25 12:35:00
202400043286.0;1;988;98805;2;1;1.0;4.0;-22.224932;166.46493;2024-07-19 06:15:00
202400043287.0;1;57;57463;2;9;1.0;3.0;49.13464;6.17002;2024-05-09 15:20:00
202400043288.0;1;6;6084;2;1;1.0;6.0;43.620741;6.97193;2024-07-18 09:20:00
202400043289.0;1;71;71269;1;1;8.0;1.0;46.75645791;4.85885579;2024-04-01 07:55:00
202400043290.0;5;56;56260;2;1;1.0;6.0;47.65272;-2.76458;2024-05-09 02:30:00
202400043291.0;3;77;77006;1;1;1.0;6.0;48.401134;2.55127;2024-02-24 23:19:00
202400043292.0;3;67;67067;1;1;1.0;2.0;48.721756;7.694134;2024-07-14 22:00:00
202400043293.0;1;51;51549;1;1;6.0;7.0;48.945666;4.734056;2024-02-22 09:35:00
202400043294.0;1;50;50647;1;9;1.0;3.0;48.83927;-1.55299;2024-05-09 14:12:00
202400043295.0;1;69;69264;2;1;1.0;2.0;45.9763752;4.74226459;2024-04-02 13:00:00
202400043296.0;1;974;97403;1;1;1.0;1.0;-21.258876;55.46452;2024-07-18 06:38:00
202400043297.0;1;47;47001;2;2;1.0;3.0;44.199175;0.626324;2024-05-09 13:30:00
202400043298.0;1;64;64024;2;1;2.0;2.0;43.47602;-1.53267;2024-04-02 16:30:00
202400043299.0;1;77;77318;1;1;1.0;3.0;48.78301;2.885669;2024-07-16 13:00:00
202400043300.0;1;38;38421;2;3;1.0;6.0;45.18203;5.75751;2024-05-09 16:45:00
202400043301.0;5;24;24020;1;1;2.0;6.0;45.151159;1.167126;2024-02-24 19:40:00
202400043302.0;1;48;48119;1;1;1.0;6.0;44.51384;3.913059;2024-07-13 16:25:00
202400043303.0;1;63;63032;2;9;1.0;2.0;45.75015;3.09209;2024-04-02 11:31:00
202400043304.0;2;37;37122;2;6;1.0;3.0;47.34931;0.6669;2024-05-09 21:35:00
202400043305.0;1;34;34289;2;1;1.0;1.0;43.389425;3.420213;2024-07-17 17:20:00
202400043306.0;1;37;37122;2;1;7.0;6.0;47.34663;0.65775;2024-05-09 14:35:00
202400043307.0;1;63;63113;2;1;1.0;6.0;45.790711;3.112715;2024-04-02 09:46:00
202400043308.0;3;42;42268;1;2;1.0;3.0;45.873233;4.039321;2024-02-24 23:30:00
202400043309.0;1;37;37261;2;1;1.0;2.0;47.40268;0.702;2024-05-08 16:20:00
202400043310.0;3;34;34022;2;3;1.0;6.0;43.661678;4.02915;2024-07-17 23:30:00
202400043311.0;1;36;36202;2;1;1.0;6.0;46.81762;1.67139;2024-05-09 20:50:00
202400043312.0;1;63;63075;2;1;1.0;3.0;45.77574;3.06761;2024-04-02 09:18:00
202400043313.0;3;34;34328;1;1;1.0;1.0;43.564503;3.548155;2024-02-24 19:15:00
202400043314.0;1;88;88308;1;1;1.0;1.0;48.336727;5.650374;2024-07-05 09:45:00
202400043315.0;1;36;36202;2;6;1.0;3.0;46.79667113;1.6359973;2024-05-09 10:10:00
202400043316.0;2;34;34237;1;1;1.0;6.0;43.499157;3.324416;2024-02-25 07:15:00
202400043317.0;1;65;65059;1;1;1.0;6.0;42.913661;0.186607;2024-07-17 15:50:00
202400043318.0;5;35;35238;2;2;1.0;3.0;48.1122;-1.64359;2024-05-09 23:20:00
202400043319.0;1;65;65059;1;1;1.0;7.0;42.908934;0.150831;2024-07-16 15:10:00
202400043320.0;1;38;38198;1;2;1.0;3.0;45.338504;4.953783;2024-02-25 08:45:00
202400043321.0;1;60;60159;2;6;1.0;3.0;49.40561243;2.83777379;2024-04-02 11:30:00
202400043322.0;3;34;34172;2;4;1.0;7.0;43.59475;3.8215;2024-05-09 04:45:00
202400043323.0;1;33;33063;2;1;1.0;6.0;44.88127;-0.56763;2024-05-09 17:00:00
202400043324.0;3;38;38034;1;1;1.0;7.0;45.350057;5.049055;2024-02-24 04:00:00
202400043325.0;1;9;9076;1;2;1.0;3.0;43.260493;1.53035;2024-07-10 10:00:00
202400043326.0;1;33;33529;2;1;1.0;7.0;44.609981;-1.148645;2024-05-09 17:15:00