Num_Acc;lum;departement;commune;agglomeration;intersection;meteo;type_collision;lat;long;date
202400043327.0;5;59;59650;2;2;3.0;3.0;50.70987;3.19352;2024-04-02 23:33:00
202400043328.0;1;84;84070;1;1;2.0;1.0;44.026447;5.154085;2024-02-25 14:20:00
202400043329.0;1;31;31555;2;9;1.0;3.0;43.58433;1.4479;2024-05-09 09:30:00
202400043330.0;5;59;59350;2;2;8.0;6.0;50.61957;3.06374;2024-04-02 05:01:00
202400043331.0;1;9;9282;1;2;1.0;3.0;43.240748;1.585711;2024-07-17 19:00:00
202400043332.0;1;29;29232;2;1;1.0;6.0;47.98069;-4.106004;2024-05-09 18:00:00
202400043333.0;1;15;15204;2;9;2.0;1.0;44.944701;2.311152;2024-02-25 08:18:00
202400043334.0;1;59;59574;2;1;1.0;6.0;50.3382;3.28095;2024-03-29 08:26:00
202400043335.0;1;27;27229;2;1;1.0;3.0;49.00686;1.16355;2024-05-08 18:15:00
202400043336.0;1;87;87190;1;3;1.0;3.0;45.910839;1.617093;2024-07-17 18:00:00
202400043337.0;1;70;70056;1;1;1.0;7.0;47.777002;6.021709;2024-02-25 11:10:00
202400043338.0;1;17;17306;1;1;1.0;3.0;45.62829;-1.00182;2024-05-08 15:45:00
202400043339.0;1;51;51108;2;9;1.0;6.0;48.9486;4.37132;2024-04-02 17:52:00
202400043340.0;1;85;85035;2;1;1.0;6.0;46.608786;-1.853413;2024-07-17 16:25:00
202400043341.0;1;26;26118;1;1;2.0;1.0;45.310979;4.936203;2024-02-24 14:45:00
202400043342.0;1;17;17300;1;1;1.0;6.0;46.17400327;-1.20274983;2024-05-08 11:12:00
202400043343.0;4;16;16358;2;1;1.0;7.0;45.683712;0.1129961;2024-05-09 05:45:00
202400043344.0;1;72;72154;2;1;1.0;6.0;47.699054;-0.059223;2024-07-17 13:15:00
202400043345.0;1;49;49099;2;5;1.0;5.0;47.05526;-0.87917;2024-03-24 14:43:00
202400043346.0;1;72;72228;2;9;2.0;3.0;47.838985;-0.207431;2024-02-25 17:00:00
202400043347.0;5;13;13212;2;9;1.0;3.0;43.31513;5.44743;2024-05-09 22:40:00
202400043348.0;1;49;49007;2;1;2.0;3.0;47.48751;-0.5414;2024-04-02 09:22:00
202400043349.0;1;6;6059;1;1;1.0;3.0;43.725212;7.381783;2024-02-24 13:33:00
202400043350.0;1;13;13210;2;2;1.0;3.0;43.26928;5.42092;2024-05-09 21:00:00
202400043351.0;1;60;60462;2;1;1.0;2.0;49.328387;2.200297;2024-07-18 17:55:00
202400043352.0;1;49;49007;2;1;1.0;3.0;47.48333;-0.52666;2024-04-01 19:55:00
202400043353.0;1;14;14739;2;2;2.0;6.0;49.343504;-0.516222;2024-02-23 15:00:00
202400043354.0;1;13;13208;2;2;1.0;3.0;43.28205;5.38628;2024-05-09 19:15:00
202400043355.0;1;47;47001;2;1;1.0;3.0;44.20432;0.6206;2024-04-02 18:56:00
202400043356.0;1;13;13213;2;1;1.0;3.0;43.31775;5.37403;2024-05-09 13:10:00
202400043357.0;1;45;45302;2;1;8.0;3.0;47.94506;1.89212;2024-04-02 10:40:00
202400043358.0;3;5;5017;1;1;1.0;5.0;44.562343;6.204057;2024-02-24 22:50:00
202400043359.0;1;13;13210;2;3;1.0;6.0;43.27576;5.417;2024-05-08 14:30:00
202400043360.0;1;43;43089;2;1;1.0;3.0;45.04936;3.86808;2024-04-02 14:45:00
202400043361.0;1;59;59608;1;1;1.0;6.0;50.249935;3.490219;2024-07-18 14:30:00
202400043362.0;5;13;13005;1;1;1.0;7.0;43.27815996;5.59007958;2024-05-09 02:10:00
202400043363.0;1;16;16258;1;1;2.0;6.0;45.448435;0.070639;2024-02-24 14:50:00
202400043364.0;1;7;7281;1;1;1.0;7.0;44.9444;4.78393;2024-05-09 19:05:00
202400043365.0;1;59;59051;1;1;1.0;6.0;50.54139706;2.8195703;2024-07-17 19:45:00
202400043366.0;3;42;42044;2;1;1.0;2.0;45.3937;4.30031;2024-04-03 00:18:00
202400043367.0;1;7;7078;2;6;1.0;3.0;45.248771;4.705619;2024-02-25 09:00:00
202400043368.0;1;75;75113;2;1;1.0;2.0;48.819874;2.374335;2024-05-09 16:20:00
202400043369.0;3;13;13091;1;6;1.0;6.0;43.612202;5.324617;2024-02-24 20:50:00
202400043370.0;1;33;33167;1;1;1.0;3.0;44.822625;-0.513561;2024-07-17 17:40:00
202400043371.0;1;75;75117;2;1;1.0;3.0;48.888588;2.293597;2024-05-09 16:20:00
202400043372.0;1;37;37261;2;1;1.0;1.0;47.36276;0.69238;2024-04-02 15:45:00
202400043373.0;1;75;75117;2;1;1.0;2.0;48.895158;2.30641;2024-05-09 10:25:00
202400043374.0;3;94;94037;1;1;1.0;6.0;48.81380421;2.33598945;2024-07-16 23:59:00
202400043375.0;1;51;51515;1;1;4.0;6.0;49.035941;4.589045;2024-02-24 12:30:00
202400043376.0;1;37;37261;2;2;1.0;3.0;47.38702;0.67428;2024-04-02 14:10:00
202400043377.0;5;92;92026;1;1;1.0;2.0;48.88849622;2.24910695;2024-07-17 17:30:00
202400043378.0;1;75;75120;2;1;1.0;4.0;48.868742;2.413252;2024-05-08 20:10:00
202400043379.0;3;64;64189;1;1;1.0;6.0;43.37355388;-1.65600381;2024-02-24 22:10:00
202400043380.0;3;35;35055;2;1;1.0;6.0;48.0853696;-1.62003949;2024-04-02 06:05:00
202400043381.0;1;75;75120;2;1;8.0;3.0;48.866049;2.413204;2024-05-08 18:25:00
202400043382.0;1;78;78158;1;1;1.0;2.0;48.841049;2.107012;2024-07-17 09:20:00
202400043383.0;1;75;75119;2;1;8.0;6.0;48.89981289;2.3854655;2024-05-08 07:30:00
202400043384.0;3;34;34172;1;1;1.0;2.0;43.604293;3.928524;2024-02-24 19:15:00
202400043385.0;1;75;75116;2;7;1.0;3.0;48.851533;2.278475;2024-05-09 10:45:00
202400043386.0;1;93;93063;1;1;1.0;2.0;48.88003402;2.45036099;2024-07-17 08:20:00
202400043387.0;1;38;38118;1;1;1.0;2.0;45.387525;5.472093;2024-02-24 13:40:00
202400043388.0;1;35;35238;1;1;2.0;4.0;48.09978;-1.71492;2024-04-01 18:10:00
202400043389.0;1;75;75109;2;3;1.0;2.0;48.87301328;2.32841456;2024-05-08 16:55:00
202400043390.0;3;35;35238;1;1;1.0;2.0;48.08876;-1.63291;2024-04-02 05:50:00
202400043391.0;1;75;75107;2;1;1.0;6.0;48.860308;2.326885;2024-05-08 16:29:00
202400043392.0;2;77;77053;1;1;1.0;4.0;48.677096;2.609434;2024-07-17 06:45:00
202400043393.0;2;45;45126;2;1;2.0;6.0;47.932429;2.132399;2024-02-24 19:45:00
202400043394.0;1;94;94041;2;4;1.0;3.0;48.81854787;2.40026647;2024-05-09 08:45:00
202400043395.0;3;66;66182;1;1;1.0;1.0;42.724712;3.029705;2024-02-24 23:50:00
202400043396.0;1;34;34172;2;1;1.0;5.0;43.60865;3.8463;2024-04-01 14:30:00
202400043397.0;1;94;94022;2;1;1.0;6.0;48.76517;2.40796;2024-05-09 11:55:00
202400043398.0;1;94;94022;2;8;1.0;6.0;48.7651;2.41117;2024-05-03 13:30:00
202400043399.0;1;74;74012;2;3;2.0;3.0;46.17784;6.2376;2024-05-16 15:30:00
202400043400.0;2;13;13066;1;1;3.0;1.0;43.887068;4.888015;2024-02-25 18:30:00
202400043401.0;1;33;33063;2;3;1.0;3.0;44.84854;-0.58276;2024-04-02 11:30:00
202400043402.0;1;93;93005;2;1;7.0;1.0;48.931775;2.498508;2024-05-09 18:15:00
202400043403.0;2;55;55446;1;1;2.0;7.0;48.82779934;5.27676085;2024-02-25 06:30:00
202400043404.0;1;74;74281;2;1;1.0;3.0;46.37;6.493;2024-04-10 13:55:00
202400043405.0;1;33;33063;2;1;1.0;2.0;44.82836;-0.57647;2024-04-02 09:40:00
202400043406.0;2;92;92078;2;2;1.0;3.0;48.9280372;2.3312366;2024-05-09 20:15:00
202400043407.0;1;74;74010;2;6;2.0;3.0;45.91992;6.13164;2024-05-14 16:20:00
202400043408.0;1;92;92073;2;9;1.0;6.0;48.87500314;2.23115348;2024-05-16 14:49:00
202400043409.0;1;31;31555;2;1;1.0;2.0;43.60944;1.43156;2024-04-01 16:48:00
202400043410.0;5;83;83036;2;1;1.0;2.0;43.188602;6.548924;2024-08-16 21:45:00
202400043411.0;2;38;38158;2;3;1.0;3.0;45.15715;5.746432;2024-02-25 07:15:00
202400043412.0;1;74;74010;2;9;1.0;3.0;45.89532;6.12257;2024-05-12 15:06:00
202400043413.0;1;30;30007;2;2;1.0;7.0;44.12243;4.08029;2024-04-02 11:50:00
202400043414.0;1;69;69050;1;1;1.0;1.0;45.87705699;4.64244274;2024-02-24 07:41:00
202400043415.0;1;74;74010;2;6;1.0;6.0;45.91203;6.1315;2024-05-11 13:03:00
202400043416.0;1;92;92026;2;6;1.0;3.0;48.89227;2.25345;2024-05-09 18:03:00
202400043417.0;1;71;71026;1;1;1.0;3.0;46.658785;4.855801;2024-08-24 07:15:00
202400043418.0;1;65;65059;1;1;1.0;6.0;42.910231;0.180845;2024-02-20 16:20:00
202400043419.0;1;29;29039;1;1;2.0;1.0;47.91089605;-3.90411615;2024-02-18 13:45:00
202400043420.0;1;74;74119;2;1;1.0;1.0;46.4026013;6.60984063;2024-03-27 18:37:00
202400043421.0;3;35;35037;1;1;1.0;6.0;48.035081;-1.82843;2024-02-24 22:50:00
202400043422.0;1;92;92024;2;2;1.0;3.0;48.90846;2.30022;2024-05-09 16:10:00
202400043423.0;1;29;29019;2;1;3.0;6.0;48.407251;-4.491071;2024-04-02 17:30:00
202400043424.0;1;17;17264;2;1;1.0;1.0;46.201171;-1.168835;2024-08-22 09:45:00
202400043425.0;3;76;76345;1;1;1.0;6.0;49.580896;1.6581;2024-02-25 05:20:00
202400043426.0;2;44;44184;2;2;1.0;3.0;47.29386736;-2.19565763;2024-06-06 06:15:00
202400043427.0;1;92;92012;2;2;1.0;3.0;48.83680072;2.24171412;2024-05-09 12:40:00
202400043428.0;2;60;60097;1;1;2.0;6.0;49.32750877;1.90159392;2024-02-24 18:45:00
202400043429.0;1;29;29019;2;6;1.0;3.0;48.412926;-4.508818;2024-04-01 12:00:00
202400043430.0;1;37;37242;1;1;1.0;6.0;47.23196269;0.13216925;2024-05-10 12:56:00
202400043431.0;1;62;62081;1;1;1.0;7.0;50.21778775;3.0695226;2024-05-10 16:33:00
202400043432.0;2;95;95582;1;1;1.0;2.0;48.96831366;2.25202133;2024-02-23 19:30:00
202400043433.0;1;59;59576;1;3;7.0;4.0;50.991657;2.309124;2024-08-23 19:00:00
202400043434.0;1;54;54023;1;1;1.0;7.0;48.75043797;6.540277;2024-05-09 16:20:00
202400043435.0;1;27;27681;2;2;2.0;1.0;49.08947;1.48232;2024-04-02 19:05:00
202400043436.0;1;75;75120;2;3;1.0;1.0;48.873787;2.388318;2024-02-20 17:45:00
202400043437.0;1;60;60040;1;1;1.0;7.0;49.424779;2.589769;2024-05-10 19:00:00
202400043438.0;3;84;84099;1;1;1.0;2.0;43.866752;5.11803;2024-08-18 23:40:00
202400043439.0;1;29;29232;2;6;8.0;1.0;47.98694;-4.12749;2024-03-16 13:15:00
202400043440.0;1;80;80523;1;1;1.0;3.0;49.974558;2.695282;2024-05-10 20:10:00
202400043441.0;1;27;27554;2;6;1.0;3.0;49.11239;1.45029;2024-04-01 18:05:00
202400043442.0;5;75;75120;2;3;8.0;6.0;48.873322;2.410305;2024-02-22 19:25:00
202400043443.0;1;2A;2A200;1;1;1.0;7.0;41.9869286;9.18795182;2024-05-10 15:25:00
202400043444.0;5;85;85109;1;6;1.0;2.0;46.889073;-1.036148;2024-08-23 20:30:00
202400043445.0;5;27;27701;2;1;1.0;3.0;49.26847;1.21513;2024-04-02 02:30:00
202400043446.0;5;75;75116;2;5;1.0;3.0;48.867964;2.295908;2024-02-23 00:06:00
202400043447.0;1;1;1002;1;1;1.0;6.0;45.986123;5.430079;2024-05-08 17:40:00
202400043448.0;1;27;27229;2;1;2.0;6.0;49.00734;1.15112;2024-04-02 17:30:00
202400043449.0;1;36;36200;1;1;1.0;7.0;46.61611843;1.5405066;2024-08-24 08:25:00
202400043450.0;1;974;97422;1;1;1.0;6.0;-21.304549;55.534108;2024-05-10 15:00:00
202400043451.0;5;75;75111;2;3;2.0;3.0;48.851593;2.374861;2024-02-22 01:45:00
202400043452.0;3;62;62289;1;1;2.0;6.0;50.44641539;1.78342053;2024-08-24 01:45:00
202400043453.0;1;987;98736;2;6;1.0;3.0;-17.52805;-149.5481;2024-07-15 16:15:00
202400043454.0;1;972;97210;1;9;1.0;1.0;14.579077;-60.863936;2024-05-10 13:00:00
202400043455.0;1;25;25056;2;6;1.0;6.0;47.21924;5.95605;2024-04-02 17:20:00
202400043456.0;5;94;94046;2;3;8.0;6.0;48.80982;2.45003;2024-02-23 19:40:00
202400043457.0;1;25;25056;2;1;2.0;6.0;47.23513;5.98465;2024-04-02 08:30:00
202400043458.0;1;62;62165;1;1;1.0;6.0;50.7054489;1.8274777;2024-08-05 14:45:00
202400043459.0;1;12;12169;2;3;1.0;3.0;44.199047;2.343319;2024-05-08 09:10:00
202400043460.0;5;974;97411;2;2;1.0;3.0;-20.89631149;55.49200952;2024-07-16 20:40:00
202400043461.0;5;94;94046;2;2;1.0;3.0;48.81047;2.45272;2024-02-23 19:15:00
202400043462.0;1;17;17300;2;6;1.0;3.0;46.164614;-1.181807;2024-04-02 19:56:00
202400043463.0;1;19;19019;1;1;1.0;3.0;44.969018;1.843579;2024-08-23 16:35:00
202400043464.0;2;974;97411;1;1;1.0;2.0;-20.90255;55.50154;2024-07-16 16:50:00
202400043465.0;1;29;29235;1;1;1.0;4.0;48.39111959;-4.40173093;2024-05-10 10:55:00
202400043466.0;1;94;94028;2;1;2.0;5.0;48.793153;2.452214;2024-02-22 09:29:00
202400043467.0;1;14;14118;2;2;1.0;3.0;49.210976;-0.36323;2024-04-01 11:45:00
202400043468.0;2;973;97302;2;6;1.0;3.0;4.93331183;-52.30959642;2024-07-16 19:10:00
202400043469.0;1;59;59107;2;1;8.0;3.0;51.071491;2.527762;2024-05-09 09:00:00
202400043470.0;1;56;56094;1;1;3.0;3.0;47.749885;-3.270578;2024-08-24 11:00:00
202400043471.0;5;13;13203;2;9;1.0;1.0;43.30596618;5.37336389;2024-04-02 21:00:00
202400043472.0;5;94;94059;2;3;2.0;6.0;48.81200163;2.56727931;2024-02-23 18:28:00
202400043473.0;1;65;65104;1;1;1.0;6.0;43.252033;0.134647;2024-05-09 17:47:00
202400043474.0;1;972;97213;1;1;1.0;2.0;14.61764;-61.02512;2024-07-16 16:40:00
202400043475.0;1;51;51287;2;1;1.0;2.0;49.085391;3.941844;2024-05-09 18:30:00
202400043476.0;1;972;97209;2;9;2.0;6.0;14.61145;-61.07452;2024-07-15 08:35:00
202400043477.0;1;13;13215;2;1;1.0;2.0;43.35;5.35;2024-04-02 10:10:00
202400043478.0;2;92;92073;2;9;8.0;6.0;48.8650803;2.22684968;2024-02-23 18:02:00
202400043479.0;1;69;69169;1;1;1.0;4.0;45.97972976;4.39244758;2024-08-24 10:10:00
202400043480.0;1;13;13201;2;1;1.0;3.0;43.3;5.4;2024-04-01 17:30:00
202400043481.0;5;69;69382;2;1;1.0;1.0;45.75214;4.82435;2024-07-17 01:05:00
202400043482.0;5;92;92073;2;1;1.0;6.0;48.86747313;2.21185005;2024-02-23 02:50:00
202400043483.0;2;69;69063;2;6;1.0;2.0;45.81484534;4.84616967;2024-08-20 18:35:00
202400043484.0;2;69;69382;2;3;1.0;2.0;45.753;4.83411;2024-07-15 21:50:00
202400043485.0;1;81;81146;1;2;1.0;5.0;44.038553;2.007344;2024-05-09 15:15:00
202400043486.0;1;92;92063;2;1;1.0;3.0;48.87949407;2.18580918;2024-02-23 12:40:00
202400043487.0;1;971;97120;2;1;1.0;6.0;16.23019;-61.53129;2024-04-14 13:05:00
202400043488.0;3;46;46267;1;1;1.0;6.0;44.622961;1.458097;2024-08-23 22:05:00
202400043489.0;1;13;13063;2;1;1.0;2.0;43.59237;5.004;2024-04-01 17:50:00
202400043490.0;1;971;97120;2;2;2.0;6.0;16.24352;-61.53256;2024-07-16 08:00:00
202400043491.0;1;13;13028;1;1;1.0;1.0;43.20648;5.5857;2024-04-01 16:45:00
202400043492.0;2;92;92050;2;9;1.0;4.0;48.90428952;2.21966945;2024-02-22 19:26:00
202400043493.0;3;68;68152;2;3;1.0;3.0;47.665402;7.26531;2024-08-23 21:15:00
202400043494.0;2;2A;2A004;2;6;1.0;3.0;41.91631;8.73137;2024-07-16 19:22:00
202400043495.0;1;13;13005;2;1;1.0;3.0;43.28508;5.59147;2024-04-02 18:00:00
202400043496.0;5;92;92048;2;1;2.0;6.0;48.78331;2.23004;2024-02-22 18:45:00
202400043497.0;1;84;84031;2;1;1.0;6.0;44.03449;5.05794;2024-07-16 11:30:00
202400043498.0;1;92;92023;2;1;1.0;3.0;48.7809855;2.2353512;2024-02-23 10:25:00
202400043499.0;1;12;12100;2;9;1.0;3.0;44.54011;2.30703;2024-03-28 14:30:00
202400043500.0;1;39;39421;1;1;1.0;1.0;46.707941;5.579939;2024-08-22 18:45:00
202400043501.0;1;59;59238;2;1;1.0;1.0;50.50790429;3.48888874;2024-02-24 16:10:00
202400043502.0;1;11;11069;1;9;1.0;1.0;43.23316;2.35849;2024-04-01 16:39:00
202400043503.0;1;84;84031;2;6;1.0;7.0;44.06835;5.05241;2024-07-16 11:10:00
202400043504.0;2;37;37040;2;1;2.0;6.0;47.10117825;0.40270078;2024-02-23 19:00:00
202400043505.0;1;44;44169;1;1;1.0;2.0;47.228964;-1.410794;2024-08-23 20:17:00
202400043506.0;1;6;6027;2;1;1.0;1.0;43.647282;7.148124;2024-04-01 11:45:00
202400043507.0;1;30;30011;2;1;1.0;7.0;43.95818;4.7743;2024-07-16 19:15:00
202400043508.0;1;1;1004;2;4;8.0;3.0;45.961185;5.355272;2024-02-23 14:55:00
202400043509.0;1;44;44127;2;1;1.0;7.0;47.017036;-1.435851;2024-08-24 13:20:00
202400043510.0;1;30;30351;1;1;1.0;1.0;43.98021;4.7853;2024-07-16 17:50:00
202400043511.0;5;6;6155;2;2;1.0;3.0;43.57787;7.05432;2024-04-02 19:45:00
202400043512.0;2;28;28041;1;1;8.0;6.0;48.303579;1.29688;2024-02-24 07:45:00
202400043513.0;1;75;75120;2;1;1.0;3.0;48.870563;2.413456;2024-04-01 12:34:00
202400043514.0;1;84;84007;2;3;1.0;3.0;43.9502;4.82252;2024-07-16 17:15:00
202400043515.0;1;44;44131;1;1;7.0;6.0;47.09949219;-1.992155;2024-08-21 17:50:00
202400043516.0;1;75;75120;2;1;1.0;6.0;48.873293;2.401289;2024-04-02 10:25:00
202400043517.0;1;51;51136;1;3;2.0;3.0;49.094778;3.755093;2024-02-23 17:35:00
202400043518.0;1;84;84007;2;9;1.0;3.0;43.94964;4.80178;2024-07-16 12:40:00
202400043519.0;5;83;83137;2;1;1.0;6.0;43.13992;5.90996;2024-07-16 01:00:00
202400043520.0;5;30;30334;2;1;1.0;1.0;44.011232;4.413087;2024-02-21 18:50:00
202400043521.0;2;29;29025;1;4;2.0;2.0;48.15087194;-4.14407239;2024-08-23 08:15:00
202400043522.0;1;51;51529;1;1;1.0;6.0;49.29171114;4.28117505;2024-02-23 12:15:00
202400043523.0;1;84;84005;1;1;1.0;5.0;44.133058;5.425186;2024-08-24 11:30:00
202400043524.0;3;79;79299;1;1;1.0;2.0;46.895789;-0.192862;2024-02-24 03:34:00
202400043525.0;1;83;83137;2;3;1.0;3.0;43.12486;5.93274;2024-07-15 16:15:00
202400043526.0;3;65;65317;1;1;4.0;6.0;42.810247;0.427067;2024-02-24 02:30:00
202400043527.0;1;83;83009;2;1;1.0;6.0;43.13822584;5.76345563;2024-07-09 17:45:00
202400043528.0;1;75;75115;2;2;3.0;3.0;48.833443;2.277029;2024-04-02 17:15:00
202400043529.0;1;9;9265;2;1;1.0;3.0;43.09003;1.627108;2024-08-23 15:30:00
202400043530.0;1;83;83123;2;1;1.0;6.0;43.11603537;5.80664456;2024-07-15 08:30:00
202400043531.0;1;49;49200;1;1;3.0;7.0;47.540955;-0.66411;2024-02-23 16:00:00
202400043532.0;1;75;75115;2;2;1.0;6.0;48.84313;2.283516;2024-04-02 08:10:00
202400043533.0;1;60;60064;2;1;1.0;1.0;49.412835;3.008523;2024-08-23 18:10:00
202400043534.0;1;12;12257;1;1;2.0;6.0;44.550876;2.020776;2024-02-24 08:15:00
202400043535.0;1;80;80489;2;1;1.0;2.0;49.8748;2.34886;2024-07-15 18:10:00
202400043536.0;1;75;75114;2;3;1.0;3.0;48.82876;2.316581;2024-04-01 17:50:00
202400043537.0;1;60;60155;1;1;1.0;6.0;49.268137;2.350847;2024-08-23 19:00:00
202400043538.0;2;12;12208;2;3;7.0;6.0;43.958328;2.885284;2024-02-24 17:50:00
202400043539.0;1;64;64180;1;1;1.0;6.0;43.559462;-0.231288;2024-08-24 11:50:00
202400043540.0;1;78;78140;2;1;1.0;2.0;48.967879;1.921909;2024-07-16 18:55:00
202400043541.0;1;75;75111;2;3;8.0;3.0;48.859769;2.380709;2024-04-02 16:45:00
202400043542.0;1;34;34268;1;1;1.0;1.0;43.709032;3.438082;2024-02-23 15:35:00
202400043543.0;1;77;77390;2;1;1.0;6.0;48.78887;2.63966;2024-07-16 19:45:00
202400043544.0;1;43;43111;1;1;1.0;1.0;44.87713602;3.84689709;2024-08-24 14:33:00
202400043545.0;1;75;75110;2;4;1.0;5.0;48.869141;2.36228;2024-04-02 14:19:00
202400043546.0;1;44;44139;1;2;2.0;6.0;47.457442;-1.923267;2024-02-24 13:55:00
202400043547.0;1;10;10209;2;7;1.0;3.0;48.254145;4.272233;2024-08-23 14:15:00
202400043548.0;1;77;77284;2;1;2.0;6.0;48.957087;2.89894;2024-07-15 16:20:00
202400043549.0;1;75;75107;2;2;2.0;3.0;48.860551;2.295617;2024-04-02 16:44:00
202400043550.0;1;16;16086;1;1;1.0;7.0;45.864717;0.802624;2024-08-23 15:35:00
202400043551.0;2;44;44198;1;1;2.0;1.0;47.120735;-1.531128;2024-02-24 07:00:00
202400043552.0;1;77;77186;1;2;1.0;3.0;48.376578;2.739534;2024-07-16 19:30:00
202400043553.0;1;94;94073;2;1;1.0;2.0;48.76849;2.37015;2024-04-02 12:00:00
202400043554.0;1;1;1295;2;2;1.0;3.0;46.127735;4.816926;2024-02-23 15:15:00
202400043555.0;1;4;4108;2;1;1.0;1.0;44.04626534;6.03303993;2024-08-23 14:38:00
202400043556.0;1;73;73065;2;3;1.0;6.0;45.60136;5.91286;2024-07-05 12:35:00
202400043557.0;1;93;93070;2;1;1.0;2.0;48.90528103;2.3315767;2024-04-02 16:00:00
202400043558.0;2;54;54449;2;1;2.0;6.0;48.571261;6.477787;2024-02-23 18:15:00
202400043559.0;1;4;4094;1;9;1.0;2.0;43.752489;5.804531;2024-08-22 19:00:00
202400043560.0;1;72;72181;2;3;1.0;6.0;47.97139;0.21375;2024-07-15 17:50:00
202400043561.0;1;93;93005;2;3;1.0;6.0;48.93368;2.49361;2024-04-02 07:17:00
202400043562.0;3;50;50569;1;1;2.0;5.0;49.074948;-1.329238;2024-02-24 06:15:00
202400043563.0;1;85;85050;1;1;1.0;1.0;46.531908;-1.351098;2024-08-24 09:30:00
202400043564.0;1;67;67482;2;1;1.0;6.0;48.542588;7.75849;2024-07-16 09:55:00
202400043565.0;1;50;50589;1;1;7.0;6.0;48.591824;-1.447728;2024-02-23 09:05:00
202400043566.0;1;93;93006;2;1;1.0;3.0;48.8704554;2.41698593;2024-04-01 19:30:00
202400043567.0;1;69;69290;1;1;1.0;4.0;45.72005;4.97229;2024-06-06 20:00:00
202400043568.0;1;64;64445;2;1;1.0;3.0;43.29380681;-0.36497891;2024-07-16 11:30:00
202400043569.0;1;27;27210;1;3;1.0;3.0;49.130622;0.813222;2024-08-23 07:50:00
202400043570.0;1;33;33550;1;1;1.0;6.0;44.77977;-0.574927;2024-06-15 08:25:00
202400043571.0;5;10;10262;2;2;2.0;3.0;48.039;4.4156;2024-02-23 18:40:00
202400043572.0;1;92;92064;2;1;1.0;3.0;48.8545989;2.22270155;2024-04-02 09:45:00
202400043573.0;3;17;17325;1;1;1.0;7.0;45.421814;-0.714422;2024-08-23 23:30:00
202400043574.0;1;64;64445;2;2;1.0;7.0;43.3024;-0.37555;2024-07-16 07:15:00
202400043575.0;2;23;23131;1;1;1.0;6.0;45.894966;2.459071;2024-08-24 07:15:00
202400043576.0;5;33;33249;1;1;1.0;2.0;44.88448;-0.51682;2024-06-15 05:25:00
202400043577.0;3;23;23102;1;1;2.0;6.0;46.272691;2.045764;2024-02-23 21:45:00
202400043578.0;1;92;92063;2;3;2.0;3.0;48.86386252;2.16579768;2024-04-02 17:50:00
202400043579.0;5;64;64348;1;3;1.0;6.0;43.31694553;-0.42354494;2024-07-15 23:50:00
202400043580.0;3;91;91179;1;1;1.0;6.0;48.57066352;2.46972148;2024-06-15 00:26:00
202400043581.0;1;24;24282;1;1;1.0;3.0;44.74112472;0.58948517;2024-08-24 10:30:00
202400043582.0;3;78;78646;1;1;1.0;6.0;48.782325;2.161858;2024-06-15 03:40:00
202400043583.0;1;92;92050;2;1;1.0;3.0;48.88862386;2.20906806;2024-04-02 15:35:00
202400043584.0;1;40;40152;1;1;4.0;4.0;43.987504;-1.043658;2024-02-24 07:45:00
202400043585.0;1;64;64445;2;3;1.0;3.0;43.29625;-0.35352;2024-07-14 14:15:00
202400043586.0;1;5;5162;1;1;1.0;6.0;44.44010701;6.02901935;2024-08-23 19:30:00
202400043587.0;1;95;95572;1;1;1.0;3.0;49.03791744;2.12330895;2024-06-14 16:25:00
202400043588.0;1;92;92040;2;1;1.0;6.0;48.82046356;2.25068879;2024-04-01 18:10:00
202400043589.0;1;64;64125;2;1;1.0;3.0;43.44511;-1.5838;2024-07-15 19:15:00
202400043590.0;1;92;92036;1;1;1.0;1.0;48.94364712;2.28775617;2024-06-14 17:45:00
202400043591.0;3;49;49007;1;9;1.0;1.0;47.492037;-0.531034;2024-02-24 03:50:00
202400043592.0;1;92;92025;2;1;1.0;1.0;48.91723327;2.23626646;2024-04-02 09:40:00
202400043593.0;1;973;97305;1;1;1.0;5.0;4.927431;-52.393016;2024-08-23 14:30:00
202400043594.0;1;95;95500;1;1;2.0;2.0;49.03827684;2.08827086;2024-06-14 17:40:00
202400043595.0;1;64;64122;2;2;1.0;3.0;43.480287;-1.546605;2024-07-15 06:52:00
202400043596.0;1;92;92024;2;1;2.0;6.0;48.90218;2.31419;2024-04-02 17:25:00
202400043597.0;3;17;17299;1;1;2.0;4.0;45.965358;-0.971593;2024-01-26 18:50:00
202400043598.0;1;971;97125;1;1;1.0;3.0;16.257084;-61.308603;2024-08-24 10:30:00
202400043599.0;1;62;62464;2;1;1.0;3.0;50.49232;2.80924;2024-06-27 12:05:00
202400043600.0;1;93;93078;1;1;1.0;4.0;48.96165006;2.5451386;2024-06-14 19:25:00
202400043601.0;3;60;60142;1;9;2.0;1.0;49.12182825;2.53314257;2024-02-24 18:25:00
202400043602.0;1;84;84078;1;1;1.0;6.0;44.22642;4.713929;2024-08-24 09:40:00
202400043603.0;1;92;92019;2;3;1.0;3.0;48.76552586;2.26033205;2024-04-02 12:30:00
202400043604.0;3;28;28026;1;1;1.0;6.0;48.309973;1.86244;2024-02-23 23:08:00
202400043605.0;5;62;62193;2;1;1.0;2.0;50.95936;1.83291;2024-07-15 22:50:00
202400043606.0;1;13;13096;1;9;1.0;3.0;43.469366;4.41453;2024-08-24 14:35:00
202400043607.0;1;92;92012;2;1;1.0;6.0;48.84690135;2.23483872;2024-04-02 12:10:00
202400043608.0;1;987;98724;1;1;1.0;6.0;-16.75110892;-150.99614739;2024-02-23 07:00:00