Num_Acc;lum;departement;commune;agglomeration;intersection;meteo;type_collision;lat;long;date
202400043609.0;1;21;21021;1;1;1.0;1.0;47.339019;5.235597;2024-08-24 07:00:00
202400043610.0;1;93;93007;1;1;1.0;4.0;48.94674096;2.44241883;2024-06-14 15:05:00
202400043611.0;1;68;68292;1;1;1.0;1.0;47.90987353;7.05032956;2024-08-24 13:00:00
202400043612.0;1;974;97408;1;9;1.0;3.0;-20.928209;55.360644;2024-02-23 07:02:00
202400043613.0;5;61;61001;2;2;1.0;6.0;48.427314;0.093059;2024-07-13 23:45:00
202400043614.0;1;95;95042;1;1;1.0;7.0;49.0573232;2.29626596;2024-06-14 10:45:00
202400043615.0;1;92;92004;2;1;2.0;4.0;48.90394407;2.2853803;2024-04-02 17:42:00
202400043616.0;1;68;68370;1;1;1.0;1.0;48.007503;6.972805;2024-08-23 17:40:00
202400043617.0;1;45;45212;1;1;2.0;7.0;47.906404;2.789648;2024-02-23 17:10:00
202400043618.0;1;92;92004;2;9;1.0;3.0;48.91059796;2.29676682;2024-04-02 09:30:00
202400043619.0;1;77;77169;1;1;1.0;4.0;48.832553;2.597018;2024-06-15 06:50:00
202400043620.0;3;9;9209;2;1;1.0;6.0;43.006193;1.181996;2024-04-02 16:45:00
202400043621.0;1;60;60057;2;1;1.0;2.0;49.4279;2.1177;2024-07-16 18:30:00
202400043622.0;1;78;78296;1;1;6.0;6.0;49.01289;1.783336;2024-02-22 17:20:00
202400043623.0;1;68;68329;1;1;1.0;4.0;48.069118;7.04854;2024-08-24 13:50:00
202400043624.0;1;77;77121;1;1;1.0;2.0;48.838514;2.664469;2024-06-14 17:30:00
202400043625.0;1;59;59599;2;1;2.0;6.0;50.722628;3.165644;2024-07-15 16:40:00
202400043626.0;3;95;95504;1;1;3.0;3.0;49.10957559;2.25623667;2024-03-30 01:01:00
202400043627.0;3;67;67052;1;1;1.0;7.0;48.466541;7.43282;2024-08-23 22:40:00
202400043628.0;1;26;26124;1;1;1.0;4.0;44.827782;4.860635;2024-02-21 09:10:00
202400043629.0;4;19;19005;1;2;2.0;3.0;45.225583;1.42635;2024-03-26 20:22:00
202400043630.0;3;3;3235;1;1;1.0;6.0;46.266447;3.539089;2024-08-24 00:03:00
202400043631.0;1;59;59375;2;1;1.0;6.0;50.41136;3.27333;2024-07-15 20:25:00
202400043632.0;1;68;68019;1;4;1.0;3.0;48.095627;7.533424;2024-04-03 16:00:00
202400043633.0;2;38;38146;1;3;1.0;3.0;45.701436;5.289375;2024-02-23 18:10:00
202400043634.0;1;987;98735;2;4;1.0;3.0;-17.54226;-149.56743;2024-06-13 06:41:00
202400043635.0;1;73;73061;1;1;1.0;1.0;45.69829977;6.40892615;2024-08-23 18:40:00
202400043636.0;1;56;56260;2;1;1.0;7.0;47.65189;-2.78751;2024-06-22 15:43:00
202400043637.0;1;46;46197;1;1;1.0;2.0;44.371907;1.452341;2024-04-03 08:30:00
202400043638.0;2;73;73081;1;1;1.0;7.0;45.688811;6.11071;2024-08-23 20:50:00
202400043639.0;1;974;97411;2;1;1.0;2.0;-20.87683;55.45585;2024-06-14 16:00:00
202400043640.0;1;46;46010;1;1;1.0;6.0;44.447361;1.526998;2024-04-02 17:25:00
202400043641.0;1;1;1330;2;2;1.0;3.0;45.996686;5.664176;2024-02-23 13:00:00
202400043642.0;1;54;54395;2;2;1.0;6.0;48.67967;6.17609;2024-07-15 11:51:00
202400043643.0;1;974;97409;2;3;1.0;3.0;-20.96361;55.6562;2024-06-14 08:40:00
202400043644.0;1;73;73213;1;2;1.0;3.0;45.563653;5.968629;2024-08-24 14:30:00
202400043645.0;1;69;69060;1;1;1.0;6.0;46.080241;4.497914;2024-02-20 09:56:00
202400043646.0;1;973;97302;2;1;1.0;3.0;4.91515652;-52.32097077;2024-06-14 16:32:00
202400043647.0;1;38;38545;2;1;1.0;6.0;45.056107;5.680661;2024-08-24 12:22:00
202400043648.0;1;31;31499;2;1;1.0;1.0;43.51857971;1.18486623;2024-02-23 17:15:00
202400043649.0;1;54;54280;2;9;1.0;2.0;49.22595;6.01549;2024-07-16 08:27:00
202400043650.0;1;973;97302;2;1;2.0;3.0;4.91636798;-52.32140529;2024-06-14 12:50:00
202400043651.0;2;69;69019;2;2;7.0;6.0;46.111735;4.734389;2024-08-21 19:48:00
202400043652.0;4;22;22093;1;1;2.0;7.0;48.540556;-2.590306;2024-02-12 20:15:00
202400043653.0;1;973;97302;2;1;1.0;3.0;4.92826;-52.2931;2024-06-13 08:38:00
202400043654.0;1;69;69204;2;1;1.0;6.0;45.70159424;4.80299735;2024-08-23 13:55:00
202400043655.0;1;51;51525;2;3;1.0;3.0;48.9163;4.41119;2024-07-16 14:45:00
202400043656.0;1;22;22162;2;6;1.0;6.0;48.77874;-3.04376;2024-02-24 16:15:00
202400043657.0;1;973;97302;2;1;2.0;3.0;4.93815;-52.32625;2024-06-13 07:20:00
202400043658.0;5;62;62589;2;1;2.0;7.0;50.353781;2.694951;2024-02-23 21:45:00
202400043659.0;1;50;50165;2;1;7.0;2.0;48.84398;-1.58642;2024-07-16 16:20:00
202400043660.0;1;973;97302;2;3;2.0;3.0;4.93521859;-52.32374614;2024-06-12 12:55:00
202400043661.0;1;17;17184;1;1;1.0;1.0;45.786499;-0.936069;2024-08-24 11:30:00
202400043662.0;1;69;69383;2;2;2.0;6.0;45.76209;4.8463;2024-06-14 15:15:00
202400043663.0;1;62;62894;1;1;4.0;5.0;50.76269255;1.63582773;2024-02-23 10:55:00
202400043664.0;1;29;29042;2;1;1.0;7.0;48.24938828;-4.48672263;2024-08-15 12:30:00
202400043665.0;1;69;69383;2;1;2.0;6.0;45.74863;4.86507;2024-06-14 08:30:00
202400043666.0;1;13;13056;1;1;1.0;3.0;43.40849551;5.03692057;2024-02-23 14:16:00
202400043667.0;1;45;45302;2;1;1.0;4.0;47.95261;1.85659;2024-07-16 16:20:00
202400043668.0;3;2;2189;1;1;2.0;1.0;49.641505;3.842688;2024-08-23 20:45:00
202400043669.0;1;972;97209;2;1;1.0;6.0;14.62039;-61.04349;2024-06-14 07:00:00
202400043670.0;1;13;13005;1;1;2.0;2.0;43.28573;5.53448;2024-02-22 15:50:00
202400043671.0;1;45;45234;1;1;1.0;5.0;47.81868;1.94439;2024-07-16 12:35:00
202400043672.0;5;971;97101;1;1;1.0;6.0;16.26736;-61.51512;2024-06-12 20:55:00
202400043673.0;1;59;59482;1;1;1.0;2.0;50.705965;2.99007;2024-08-06 20:10:00
202400043674.0;1;69;69259;1;1;1.0;4.0;45.72285739;4.88901526;2024-02-23 16:40:00
202400043675.0;5;42;42218;2;2;1.0;3.0;45.44987;4.36477;2024-07-06 22:14:00
202400043676.0;1;2A;2A004;2;1;1.0;6.0;41.92074;8.73721;2024-06-14 08:25:00
202400043677.0;1;59;59581;1;1;1.0;6.0;50.668736;2.777781;2024-08-11 16:45:00
202400043678.0;2;42;42218;1;1;1.0;2.0;45.46075;4.40362;2024-02-21 18:05:00
202400043679.0;3;94;94021;1;1;2.0;2.0;48.76474098;2.34214782;2024-02-23 19:40:00
202400043680.0;1;91;91425;2;1;8.0;6.0;48.65161;2.27272;2024-06-14 19:00:00
202400043681.0;1;13;13215;1;1;1.0;2.0;43.34385;5.37546;2024-08-23 07:15:00
202400043682.0;3;92;92063;1;1;1.0;6.0;48.87110971;2.1563673;2024-02-22 22:40:00
202400043683.0;2;91;91377;2;3;2.0;3.0;48.73733;2.27611;2024-06-14 20:38:00
202400043684.0;1;83;83144;1;1;1.0;2.0;43.14345194;6.01305769;2024-08-23 15:30:00
202400043685.0;1;38;38053;1;1;1.0;2.0;45.59695;5.24012;2024-07-16 08:40:00
202400043686.0;3;78;78431;1;1;3.0;4.0;48.94336;1.950783;2024-02-22 18:57:00
202400043687.0;1;91;91432;2;1;2.0;1.0;48.69246;2.3395;2024-06-14 20:20:00
202400043688.0;1;37;37233;2;1;1.0;7.0;47.37845;0.73612;2024-07-15 15:30:00
202400043689.0;1;91;91589;2;1;1.0;3.0;48.6779;2.35694;2024-06-14 18:55:00
202400043690.0;1;35;35238;2;1;1.0;1.0;48.09267;-1.64071;2024-07-16 17:40:00
202400043691.0;1;78;78007;1;1;2.0;4.0;48.89649;2.006601;2024-02-22 10:25:00
202400043692.0;1;91;91479;2;1;1.0;3.0;48.70598;2.35999;2024-06-14 11:35:00
202400043693.0;1;35;35115;2;6;1.0;7.0;48.35203;-1.19626;2024-07-15 12:50:00
202400043694.0;1;33;33080;1;1;1.0;4.0;44.751707;-0.542215;2024-08-23 17:30:00
202400043695.0;1;92;92025;1;1;2.0;2.0;48.93484607;2.25934803;2024-02-22 08:05:00
202400043696.0;1;34;34172;2;1;1.0;3.0;43.57665;3.86795;2024-07-16 15:15:00
202400043697.0;1;33;33397;1;1;1.0;2.0;44.914534;-0.479922;2024-08-21 17:25:00
202400043698.0;1;87;87113;2;3;1.0;5.0;45.86015;1.31694;2024-06-13 17:33:00
202400043699.0;3;92;92036;1;1;2.0;6.0;48.93440758;2.27028113;2024-02-22 00:20:00
202400043700.0;4;83;83009;2;1;1.0;6.0;43.13842496;5.74305421;2024-06-14 23:00:00
202400043701.0;1;94;94038;1;1;1.0;2.0;48.78917015;2.34448652;2024-08-23 14:03:00
202400043702.0;5;29;29039;2;1;1.0;6.0;47.87558624;-3.89238445;2024-07-15 04:30:00
202400043703.0;1;95;95572;1;1;1.0;4.0;49.03627205;2.11997706;2024-02-23 13:00:00
202400043704.0;1;93;93005;1;1;1.0;2.0;48.95088858;2.47455129;2024-08-22 17:45:00
202400043705.0;1;82;82121;1;2;1.0;3.0;44.03379;1.42423;2024-06-12 17:05:00
202400043706.0;1;95;95582;1;1;8.0;2.0;48.97979022;2.24098209;2024-02-23 08:20:00
202400043707.0;5;29;29019;2;2;1.0;2.0;48.401453;-4.456362;2024-07-15 22:30:00
202400043708.0;1;93;93005;1;1;1.0;2.0;48.95088858;2.47455129;2024-08-22 17:05:00
202400043709.0;1;81;81004;2;2;1.0;3.0;43.9180348;2.1535306;2024-06-11 15:30:00
202400043710.0;2;77;77121;1;1;1.0;6.0;48.83198;2.67348;2024-02-23 07:40:00
202400043711.0;1;29;29019;2;2;1.0;3.0;48.403052;-4.468634;2024-07-15 13:50:00
202400043712.0;1;93;93066;1;1;1.0;3.0;48.91623043;2.35752085;2024-08-21 07:40:00
202400043713.0;5;75;75120;2;1;3.0;3.0;48.864257;2.413279;2024-02-22 00:45:00
202400043714.0;1;80;80164;1;1;1.0;1.0;49.90368;2.37561;2024-06-14 18:10:00
202400043715.0;1;27;27681;2;1;1.0;6.0;49.086354;1.47446;2024-07-16 17:05:00
202400043716.0;1;94;94065;1;1;1.0;3.0;48.75366521;2.36811193;2024-08-21 18:36:00
202400043717.0;1;80;80674;2;1;1.0;1.0;49.90979;2.32876;2024-06-13 15:10:00
202400043718.0;3;75;75106;2;3;2.0;6.0;48.853176;2.332586;2024-02-21 21:48:00
202400043719.0;1;26;26362;2;1;1.0;3.0;44.92573;4.90229;2024-07-15 17:50:00
202400043720.0;1;78;78440;2;4;1.0;1.0;48.992249;1.902331;2024-06-13 15:00:00
202400043721.0;1;987;98735;2;1;1.0;3.0;-17.54585;-149.57815;2024-08-22 07:00:00
202400043722.0;1;75;75120;2;3;3.0;6.0;48.863491;2.410714;2024-02-22 16:35:00
202400043723.0;1;25;25462;2;2;1.0;3.0;46.910875;6.357222;2024-07-15 14:50:00
202400043724.0;1;75;75120;2;2;3.0;6.0;48.865204;2.405042;2024-02-22 12:15:00
202400043725.0;1;78;78208;2;1;1.0;3.0;48.778055;1.957267;2024-06-14 17:41:00
202400043726.0;2;974;97416;2;1;1.0;3.0;-21.33906;55.46956;2024-08-22 18:20:00
202400043727.0;5;75;75120;2;3;3.0;6.0;48.851197;2.410817;2024-02-21 22:00:00
202400043728.0;1;25;25056;2;2;2.0;2.0;47.257453;6.041925;2024-07-16 20:45:00
202400043729.0;1;75;75119;2;1;2.0;7.0;48.893556;2.369861;2024-02-22 14:00:00
202400043730.0;2;77;77384;2;9;1.0;3.0;48.61455;2.60731;2024-06-13 20:00:00
202400043731.0;1;974;97416;2;3;1.0;3.0;-21.34263;55.47582;2024-08-21 17:30:00
202400043732.0;1;21;21054;2;6;1.0;3.0;47.03185;4.84104;2024-07-16 12:05:00
202400043733.0;1;75;75118;2;3;2.0;1.0;48.88556501;2.3495611;2024-02-22 09:45:00
202400043734.0;1;75;75117;2;1;3.0;6.0;48.893605;2.303561;2024-02-22 16:30:00
202400043735.0;1;77;77268;2;1;1.0;6.0;48.86706;2.81207;2024-06-14 18:50:00
202400043736.0;1;974;97411;2;3;1.0;3.0;-20.89561;55.49493;2024-08-21 14:20:00
202400043737.0;1;19;19272;2;1;2.0;6.0;45.28054936;1.76896781;2024-07-15 14:20:00
202400043738.0;5;75;75117;2;2;2.0;6.0;48.885261;2.307246;2024-02-21 18:45:00
202400043739.0;3;973;97302;2;6;1.0;3.0;4.92489;-52.32419;2024-08-21 20:35:00
202400043740.0;1;77;77449;2;2;1.0;3.0;48.85089;2.78688;2024-06-14 16:20:00
202400043741.0;5;17;17300;2;2;1.0;3.0;46.166419;-1.175552;2024-07-16 22:25:00
202400043742.0;5;75;75112;2;2;2.0;6.0;48.837776;2.397302;2024-02-22 18:50:00
202400043743.0;4;76;76351;2;1;1.0;6.0;49.49017;0.12704;2024-06-14 01:50:00
202400043744.0;1;69;69388;2;3;1.0;3.0;45.72762;4.88367;2024-08-22 08:30:00
202400043745.0;2;13;13026;1;1;1.0;3.0;43.36796;5.17065;2024-02-18 19:15:00
202400043746.0;1;75;75108;2;2;2.0;6.0;48.881974;2.320507;2024-02-22 14:28:00
202400043747.0;5;76;76351;2;6;1.0;7.0;49.48727;0.11427;2024-06-08 00:15:00
202400043748.0;1;74;74012;2;1;2.0;6.0;46.19038;6.2426;2024-06-14 14:25:00
202400043749.0;1;13;13103;2;1;1.0;2.0;43.64434849;5.10256824;2024-07-16 17:45:00
202400043750.0;1;94;94016;2;2;2.0;6.0;48.78791;2.33389;2024-02-21 16:05:00
202400043751.0;5;69;69382;2;2;1.0;3.0;45.75273;4.82806;2024-08-23 00:25:00
202400043752.0;1;13;13203;2;9;1.0;1.0;43.3202;5.37177;2024-07-16 20:15:00
202400043753.0;1;94;94033;2;2;2.0;6.0;48.85070009;2.47520591;2024-02-22 11:00:00
202400043754.0;1;72;72181;2;2;2.0;3.0;47.9861;0.2252;2024-06-14 14:50:00
202400043755.0;1;69;69389;2;1;1.0;6.0;45.7761;4.79928;2024-08-22 08:15:00
202400043756.0;1;13;13212;2;9;1.0;2.0;43.30460517;5.41380469;2024-06-27 08:15:00
202400043757.0;3;971;97101;1;9;1.0;6.0;16.23719;-61.51951;2024-08-22 01:15:00
202400043758.0;1;93;93066;2;2;2.0;3.0;48.923806;2.342629;2024-02-22 12:44:00
202400043759.0;1;72;72181;2;6;2.0;3.0;48.01754;0.2185;2024-06-14 11:00:00
202400043760.0;1;13;13212;2;2;1.0;1.0;43.29742;5.43712;2024-07-07 16:30:00
202400043761.0;1;72;72181;2;7;1.0;6.0;47.9725;0.21695;2024-06-13 17:40:00
202400043762.0;3;93;93048;2;2;2.0;6.0;48.86292;2.46637;2024-02-21 18:40:00
202400043763.0;1;971;97113;1;1;1.0;2.0;16.21783;-61.48957;2024-08-07 14:03:00
202400043764.0;2;94;94080;2;2;3.0;6.0;48.85302678;2.43886828;2024-02-21 18:05:00
202400043765.0;1;71;71105;2;1;1.0;6.0;46.30824;4.81207;2024-06-13 11:15:00
202400043766.0;1;13;13210;2;1;1.0;3.0;43.282;5.427;2024-07-16 09:50:00
202400043767.0;1;971;97113;1;1;1.0;7.0;16.22289;-61.52326;2024-08-21 14:20:00
202400043768.0;5;13;13211;2;1;1.0;1.0;43.28417954;5.43587535;2024-07-16 01:20:00
202400043769.0;5;971;97120;2;1;1.0;6.0;16.2444;-61.54147;2024-08-20 19:10:00
202400043770.0;5;93;93013;2;2;2.0;6.0;48.93308;2.42383;2024-02-21 21:00:00
202400043771.0;1;69;69259;2;8;1.0;3.0;45.72904712;4.86073451;2024-06-14 16:35:00
202400043772.0;5;92;92075;2;9;2.0;6.0;48.81650654;2.27492474;2024-02-21 21:15:00
202400043773.0;2;13;13047;1;1;1.0;3.0;43.52738805;4.96156096;2024-07-16 05:30:00
202400043774.0;1;91;91549;2;2;1.0;3.0;48.6443;2.34311;2024-08-22 17:55:00
202400043775.0;1;92;92073;2;3;3.0;3.0;48.86770285;2.22634926;2024-02-22 11:50:00
202400043776.0;1;13;13001;2;6;1.0;3.0;43.52361988;5.45546864;2024-07-16 13:15:00
202400043777.0;1;69;69259;2;1;1.0;1.0;45.6929;4.87042;2024-06-14 15:10:00
202400043778.0;2;92;92062;2;1;2.0;6.0;48.88787232;2.23406553;2024-02-22 17:30:00
202400043779.0;1;91;91103;2;1;1.0;2.0;48.60141;2.29361;2024-08-21 16:30:00
202400043780.0;1;13;13001;1;1;1.0;3.0;43.52986509;5.42829413;2024-07-16 08:30:00
202400043781.0;1;92;92062;2;9;6.0;3.0;48.88248256;2.23884237;2024-02-22 15:45:00
202400043782.0;1;69;69096;2;3;1.0;2.0;45.60725684;4.77249523;2024-06-14 19:30:00
202400043783.0;1;91;91114;2;2;7.0;3.0;48.68313;2.49051;2024-08-22 12:15:00
202400043784.0;1;11;11069;2;1;1.0;6.0;43.21506;2.33714;2024-07-15 17:40:00
202400043785.0;5;92;92048;2;1;3.0;6.0;48.7875629;2.2278564;2024-02-21 18:45:00
202400043786.0;3;66;66136;1;1;1.0;2.0;42.71204143;2.95804739;2024-06-14 06:01:00
202400043787.0;5;92;92048;2;3;2.0;6.0;48.78474729;2.2313363;2024-02-21 21:15:00
202400043788.0;1;8;8105;2;1;8.0;6.0;49.756044;4.718248;2024-07-16 17:40:00
202400043789.0;1;91;91215;2;6;1.0;1.0;48.69761;2.51907;2024-08-21 16:45:00
202400043790.0;1;66;66136;2;1;1.0;6.0;42.69463277;2.88918436;2024-06-14 17:00:00
202400043791.0;1;4;4070;1;1;1.0;7.0;44.144;6.2383;2024-07-16 19:05:00
202400043792.0;1;92;92035;2;1;1.0;6.0;48.90412696;2.24089104;2024-02-20 08:20:00
202400043793.0;1;87;87085;1;1;1.0;2.0;45.86165;1.16352;2024-08-21 17:41:00
202400043794.0;1;66;66136;2;1;1.0;6.0;42.69815879;2.90556461;2024-06-14 13:10:00
202400043795.0;5;92;92025;2;1;2.0;6.0;48.92288923;2.25568128;2024-02-21 18:20:00
202400043796.0;1;75;75113;2;1;1.0;4.0;48.816114;2.362523;2024-07-16 15:40:00
202400043797.0;3;39;39481;1;1;1.0;6.0;46.779844;5.929978;2024-02-23 00:50:00
202400043798.0;1;86;86194;2;3;1.0;2.0;46.5924;0.33444;2024-08-20 08:35:00
202400043799.0;1;64;64445;2;3;2.0;7.0;43.33136;-0.35822;2024-06-12 17:20:00
202400043800.0;1;64;64122;2;1;1.0;7.0;43.48043;-1.54552;2024-06-14 11:18:00
202400043801.0;1;86;86194;1;1;1.0;6.0;46.56864;0.343588;2024-08-22 10:00:00
202400043802.0;1;75;75116;2;1;1.0;4.0;48.861934;2.2646;2024-07-16 13:30:00
202400043803.0;3;56;56139;1;1;1.0;2.0;47.884359;-2.415804;2024-02-15 20:10:00
202400043804.0;1;64;64024;2;1;2.0;2.0;43.45711;-1.50358;2024-06-14 19:14:00
202400043805.0;1;86;86162;1;1;3.0;6.0;46.936838;0.493063;2024-02-22 15:40:00
202400043806.0;1;30;30351;2;2;1.0;3.0;43.96799;4.79894;2024-08-22 15:30:00
202400043807.0;1;75;75115;2;1;1.0;4.0;48.8351111;2.268165;2024-07-16 11:30:00
202400043808.0;2;64;64024;2;1;1.0;4.0;43.49636;-1.51085;2024-06-14 07:00:00
202400043809.0;5;6;6149;1;1;2.0;6.0;43.745661;7.314888;2024-02-23 05:20:00
202400043810.0;1;75;75118;2;1;1.0;2.0;48.900787;2.338559;2024-07-15 20:30:00
202400043811.0;1;78;78440;2;3;1.0;3.0;48.982035;1.908859;2024-08-22 11:15:00
202400043812.0;1;63;63300;2;1;1.0;6.0;45.88194;3.10972;2024-06-14 15:50:00
202400043813.0;2;974;97414;1;1;2.0;3.0;-21.291874;55.411284;2024-02-22 18:30:00
202400043814.0;1;58;58102;1;1;1.0;6.0;47.377294;3.113488;2024-02-21 11:20:00
202400043815.0;1;78;78423;2;2;1.0;3.0;48.78471;2.04499;2024-08-22 20:17:00
202400043816.0;1;63;63113;2;1;1.0;3.0;45.78233;3.14528;2024-06-14 14:38:00
202400043817.0;1;75;75112;2;1;1.0;5.0;48.841353;2.413788;2024-07-15 18:05:00
202400043818.0;1;83;83116;2;3;1.0;3.0;43.466789;5.883613;2024-01-17 12:40:00
202400043819.0;1;62;62133;2;2;1.0;1.0;50.42108;2.91853;2024-06-06 17:25:00
202400043820.0;5;75;75106;2;3;1.0;2.0;48.856437;2.339883;2024-07-16 01:47:00
202400043821.0;1;62;62853;2;1;3.0;7.0;50.673312;1.912254;2024-02-23 10:00:00
202400043822.0;1;62;62498;2;3;1.0;6.0;50.42931;2.82925;2024-06-13 10:20:00
202400043823.0;1;78;78005;1;9;1.0;3.0;48.978775;2.087446;2024-08-22 14:10:00
202400043824.0;1;56;56034;2;3;2.0;3.0;47.5900645;-3.0849284;2024-02-23 08:40:00
202400043825.0;1;75;75120;2;2;1.0;6.0;48.864666;2.404151;2024-07-15 20:55:00
202400043826.0;1;76;76605;2;1;2.0;6.0;49.907751;0.959791;2024-02-21 10:50:00
202400043827.0;1;75;75119;2;3;1.0;6.0;48.874981;2.382623;2024-07-16 12:05:00
202400043828.0;1;77;77053;2;1;1.0;2.0;48.69851918;2.61216374;2024-08-21 10:10:00
202400043829.0;1;79;79253;1;1;3.0;7.0;46.508295;-0.23876;2024-02-22 12:10:00
202400043830.0;3;60;60382;2;2;2.0;3.0;49.42673;2.81701;2024-06-14 00:35:00
202400043831.0;1;77;77111;2;1;1.0;7.0;48.88252;2.76588;2024-08-22 19:10:00
202400043832.0;1;75;75119;2;4;1.0;6.0;48.89278536;2.3949793;2024-07-15 18:00:00
202400043833.0;1;79;79195;2;3;2.0;3.0;46.952386;-0.590848;2024-02-22 14:05:00
202400043834.0;1;60;60159;2;1;1.0;6.0;49.39711;2.79551;2024-06-13 07:45:00
202400043835.0;1;79;79298;1;1;2.0;7.0;46.27958;-0.522065;2024-02-23 12:55:00
202400043836.0;1;75;75117;2;7;1.0;6.0;48.887071;2.297919;2024-07-16 08:45:00
202400043837.0;1;77;77449;2;1;1.0;1.0;48.83;2.80188;2024-08-22 18:30:00
202400043838.0;1;59;59599;2;1;2.0;3.0;50.72965;3.13871;2024-06-14 15:50:00
202400043839.0;3;31;31056;1;1;2.0;6.0;43.671868;1.359344;2024-02-21 19:10:00
202400043840.0;1;76;76351;2;1;1.0;6.0;49.493055;0.113009;2024-08-21 14:25:00
202400043841.0;1;75;75115;2;1;1.0;3.0;48.836633;2.267662;2024-07-16 12:30:00
202400043842.0;1;59;59512;2;1;2.0;2.0;50.70222;3.18301;2024-06-14 16:10:00
202400043843.0;3;47;47283;2;3;1.0;3.0;44.474442;0.941922;2024-02-02 20:35:00
202400043844.0;1;75;75114;2;7;2.0;6.0;48.827929;2.327123;2024-07-16 10:50:00
202400043845.0;1;72;72003;2;1;1.0;2.0;47.97196;0.15912;2024-08-21 13:30:00
202400043846.0;1;59;59560;1;1;2.0;1.0;50.54444;3.06091;2024-06-14 09:30:00
202400043847.0;5;1;1072;2;1;8.0;5.0;46.180679;5.316643;2024-02-21 22:44:00
202400043848.0;1;57;57306;2;1;1.0;6.0;49.3286;6.06422;2024-06-13 13:40:00
202400043849.0;1;67;67482;2;1;1.0;1.0;48.56893;7.76237;2024-08-22 09:00:00
202400043850.0;1;75;75102;2;2;1.0;6.0;48.870275;2.330019;2024-07-16 14:10:00
202400043851.0;1;58;58095;2;1;1.0;3.0;46.831539;3.460736;2024-02-23 15:35:00
202400043852.0;1;56;56260;2;6;2.0;3.0;47.666182;-2.770932;2024-06-14 11:48:00
202400043853.0;5;64;64348;2;1;1.0;1.0;43.32986;-0.39207;2024-08-21 21:25:00
202400043854.0;1;75;75108;2;2;1.0;3.0;48.873791;2.327007;2024-07-15 15:41:00
202400043855.0;1;54;54395;2;1;1.0;6.0;48.69218022;6.1685459;2024-06-14 10:50:00
202400043856.0;1;64;64122;2;1;1.0;2.0;43.48179;-1.54055;2024-08-22 07:45:00
202400043857.0;1;75;75108;2;2;1.0;7.0;48.864116;2.301578;2024-07-15 15:53:00
202400043858.0;1;54;54395;2;2;1.0;6.0;48.68683949;6.19522288;2024-06-13 12:20:00
202400043859.0;5;51;51454;2;1;2.0;7.0;49.2614;4.03052;2024-06-15 00:30:00
202400043860.0;1;64;64102;2;1;1.0;2.0;43.48352;-1.50174;2024-08-20 19:55:00
202400043861.0;1;75;75107;2;2;1.0;1.0;48.851757;2.313869;2024-07-16 13:00:00
202400043862.0;1;51;51454;2;1;1.0;7.0;49.26754;4.06665;2024-06-14 13:15:00
202400043863.0;1;94;94081;2;9;7.0;6.0;48.77871;2.39545;2024-07-16 14:05:00
202400043864.0;1;62;62215;2;1;1.0;2.0;50.47228851;2.94085076;2024-08-17 16:15:00
202400043865.0;1;51;51454;2;1;1.0;6.0;49.23113;4.00364;2024-06-14 13:00:00
202400043866.0;1;59;59360;2;1;7.0;6.0;50.60416;3.01223;2024-08-21 09:10:00
202400043867.0;5;94;94067;2;1;1.0;3.0;48.84614;2.42116;2024-07-15 22:20:00
202400043868.0;1;51;51454;2;1;1.0;2.0;49.24213;4.04525;2024-06-14 09:15:00
202400043869.0;5;57;57672;2;1;3.0;1.0;49.3567584;6.16905928;2024-08-20 23:10:00
202400043870.0;1;94;94068;2;7;1.0;3.0;48.804697;2.48567;2024-07-15 14:38:00
202400043871.0;1;51;51108;2;1;1.0;1.0;48.963107;4.376989;2024-06-14 08:45:00
202400043872.0;1;57;57227;2;9;1.0;2.0;49.1803;6.8811;2024-08-22 13:00:00
202400043873.0;1;49;49007;2;1;1.0;6.0;47.452;-0.51224;2024-06-14 13:30:00
202400043874.0;1;49;49007;2;1;1.0;3.0;47.45213;-0.54302;2024-06-14 10:20:00
202400043875.0;1;50;50129;2;1;1.0;2.0;49.64622;-1.64135;2024-08-21 17:09:00
202400043876.0;1;94;94068;2;1;1.0;4.0;48.79478;2.51067;2024-07-14 13:05:00
202400043877.0;1;50;50129;2;1;1.0;6.0;49.63614;-1.5939;2024-08-21 09:30:00
202400043878.0;1;49;49007;2;1;1.0;3.0;47.45185;-0.54485;2024-06-13 20:00:00
202400043879.0;1;49;49328;2;1;1.0;6.0;47.264895;-0.099106;2024-08-21 17:05:00
202400043880.0;1;94;94052;2;1;8.0;5.0;48.83663;2.47596;2024-07-16 18:30:00
202400043881.0;1;45;45338;2;1;8.0;1.0;47.98918;2.6961;2024-06-14 09:05:00
202400043882.0;1;49;49015;1;1;1.0;7.0;47.51112;-0.61926;2024-08-22 08:57:00
202400043883.0;1;94;94021;2;1;1.0;2.0;48.770658;2.363027;2024-07-16 17:05:00
202400043884.0;5;43;43041;2;6;2.0;7.0;45.04507048;3.92603027;2024-06-14 22:15:00
202400043885.0;1;45;45284;2;3;1.0;2.0;47.90929;1.97664;2024-08-22 08:45:00
202400043886.0;1;94;94022;2;1;2.0;6.0;48.76202;2.40597;2024-07-16 09:30:00
202400043887.0;1;43;43157;2;3;1.0;6.0;45.04699;3.87935;2024-06-14 11:45:00
202400043888.0;1;42;42187;2;1;1.0;6.0;46.03457;4.07328;2024-08-22 17:10:00
202400043889.0;1;94;94017;2;1;1.0;2.0;48.82044799;2.50040643;2024-07-16 13:05:00
202400043890.0;1;42;42187;2;1;1.0;7.0;46.04371851;4.07393441;2024-06-14 20:17:00
202400043891.0;1;38;38151;2;1;1.0;6.0;45.14797;5.72;2024-08-22 19:40:00
202400043892.0;1;37;37233;2;1;1.0;6.0;47.3918;0.73434;2024-08-22 08:15:00