Num_Acc;lum;departement;commune;agglomeration;intersection;meteo;type_collision;lat;long;date
202400043893.0;1;39;39300;2;2;7.0;3.0;46.671195;5.568954;2024-02-20 17:25:00
202400043894.0;1;94;94075;2;3;1.0;2.0;48.71594;2.537332;2024-07-16 12:40:00
202400043895.0;1;38;38563;1;9;1.0;6.0;45.39695;5.56973;2024-06-14 11:39:00
202400043896.0;1;34;34032;2;3;1.0;6.0;43.33749;3.21542;2024-08-20 16:32:00
202400043897.0;1;94;94075;2;3;1.0;2.0;48.72137;2.529143;2024-07-15 17:34:00
202400043898.0;1;37;37261;2;2;8.0;6.0;47.42353;0.69233;2024-06-14 12:50:00
202400043899.0;1;33;33249;2;6;1.0;6.0;44.87257;-0.52027;2024-08-22 16:30:00
202400043900.0;1;93;93078;2;1;1.0;2.0;48.97347504;2.50980818;2024-07-16 17:20:00
202400043901.0;1;37;37233;2;1;8.0;2.0;47.38609;0.72835;2024-06-14 07:40:00
202400043902.0;1;33;33032;2;6;1.0;3.0;44.89884;-0.52585;2024-08-21 19:45:00
202400043903.0;1;93;93066;2;1;1.0;2.0;48.91454176;2.35812783;2024-07-16 12:00:00
202400043904.0;5;37;37261;2;2;1.0;3.0;47.38951;0.68269;2024-06-14 01:19:00
202400043905.0;3;31;31555;2;9;1.0;2.0;43.57479342;1.39574379;2024-08-20 22:20:00
202400043906.0;2;93;93051;2;2;1.0;3.0;48.83034;2.58483;2024-07-16 20:50:00
202400043907.0;5;31;31555;2;9;1.0;3.0;43.64738;1.42019;2024-06-14 02:50:00
202400043908.0;1;27;27229;2;1;1.0;2.0;49.0234288;1.1347148;2024-08-21 18:05:00
202400043909.0;1;29;29232;2;2;1.0;3.0;48.000155;-4.112198;2024-06-14 20:47:00
202400043910.0;1;26;26198;1;1;1.0;6.0;44.57492;4.74395;2024-08-21 18:00:00
202400043911.0;1;93;93048;2;5;1.0;2.0;48.86745;2.43418;2024-07-16 11:30:00
202400043912.0;1;29;29232;2;1;1.0;3.0;47.99421057;-4.06948736;2024-06-11 18:25:00
202400043913.0;1;93;93045;2;1;1.0;1.0;48.88092111;2.42475605;2024-07-16 16:45:00
202400043914.0;1;25;25462;2;3;1.0;3.0;46.90227;6.35818;2024-08-22 18:30:00
202400043915.0;1;29;29039;2;1;1.0;7.0;47.89298475;-3.9148788;2024-06-12 12:20:00
202400043916.0;5;25;25462;2;1;1.0;6.0;46.907416;6.353183;2024-08-22 03:50:00
202400043917.0;4;27;27072;2;2;1.0;6.0;49.10537;1.53332;2024-06-13 02:00:00
202400043918.0;1;92;92075;2;1;1.0;6.0;48.82021561;2.29113901;2024-07-15 08:45:00
202400043919.0;1;25;25056;2;5;1.0;3.0;47.242758;6.025808;2024-08-22 11:07:00
202400043920.0;1;14;14167;2;2;1.0;3.0;49.19128;-0.29582;2024-06-14 19:15:00
202400043921.0;5;92;92073;2;2;1.0;7.0;48.87167144;2.23059404;2024-07-16 00:40:00
202400043922.0;1;13;13056;1;3;1.0;3.0;43.37615;5.06465;2024-08-22 10:43:00
202400043923.0;1;13;13204;2;9;1.0;6.0;43.31495391;5.40322958;2024-06-10 16:30:00
202400043924.0;5;13;13201;2;1;1.0;1.0;43.29708;5.37436;2024-08-22 03:10:00
202400043925.0;1;92;92072;2;1;1.0;3.0;48.82373989;2.20884883;2024-07-16 09:09:00
202400043926.0;1;13;13001;2;9;1.0;6.0;43.52701041;5.43901494;2024-08-22 08:40:00
202400043927.0;1;92;92063;2;3;1.0;2.0;48.86167862;2.19855823;2024-07-16 08:13:00
202400043928.0;1;11;11069;2;3;1.0;3.0;43.19231003;2.33645618;2024-08-22 15:13:00
202400043929.0;1;94;94028;2;1;1.0;6.0;48.781;2.4614;2024-09-27 13:05:00
202400043930.0;2;13;13215;2;2;1.0;1.0;43.31911;5.35872;2024-06-14 06:40:00
202400043931.0;1;11;11069;1;9;1.0;3.0;43.18984;2.31412;2024-08-22 10:15:00
202400043932.0;1;13;13098;1;1;1.0;1.0;43.44137;5.02083;2024-06-13 07:40:00
202400043933.0;1;7;7281;1;1;1.0;7.0;44.93486;4.8224;2024-08-22 15:10:00
202400043934.0;1;10;10387;2;3;1.0;3.0;48.2853;4.078;2024-06-14 20:30:00
202400043935.0;2;38;38107;1;1;1.0;2.0;45.463652;4.78865;2024-07-17 05:50:00
202400043936.0;1;6;6069;2;1;7.0;1.0;43.66699389;6.92868602;2024-08-22 11:00:00
202400043937.0;1;94;94059;2;3;1.0;3.0;48.82048704;2.55666581;2024-09-27 10:55:00
202400043938.0;1;6;6088;2;1;1.0;6.0;43.7173;7.28283;2024-06-13 08:00:00
202400043939.0;1;5;5061;2;1;1.0;2.0;44.5397;6.06383;2024-08-17 16:07:00
202400043940.0;1;22;22237;1;1;1.0;7.0;48.524396;-2.278238;2024-07-16 15:55:00
202400043941.0;1;3;3095;2;2;7.0;2.0;46.14146;3.44927;2024-06-13 07:20:00
202400043942.0;1;5;5061;2;1;1.0;2.0;44.53968;6.05598;2024-07-25 15:08:00
202400043943.0;1;85;85281;1;2;1.0;3.0;46.499423;-0.88232;2024-07-17 11:40:00
202400043944.0;1;94;94018;1;1;8.0;6.0;48.81732;2.41973;2024-09-26 19:00:00
202400043945.0;5;75;75115;2;1;1.0;2.0;48.826659;2.29572;2024-06-14 01:20:00
202400043946.0;1;75;75118;2;1;1.0;2.0;48.900954;2.346667;2024-08-22 13:20:00
202400043947.0;2;972;97204;1;1;1.0;6.0;14.731473;-61.179342;2024-07-16 18:00:00
202400043948.0;1;75;75117;2;1;1.0;2.0;48.889716;2.297357;2024-06-13 08:50:00
202400043949.0;1;1;1238;2;1;3.0;6.0;45.904706;4.820112;2024-07-06 17:50:00
202400043950.0;1;75;75106;2;3;1.0;7.0;48.849294;2.337329;2024-06-13 18:40:00
202400043951.0;1;75;75114;2;7;1.0;3.0;48.823003;2.325458;2024-08-22 11:49:00
202400043952.0;1;94;94075;2;3;3.0;2.0;48.70808619;2.5315268;2024-09-26 15:00:00
202400043953.0;1;75;75118;2;1;1.0;6.0;48.891897;2.353261;2024-06-14 12:40:00
202400043954.0;3;1;1419;2;1;8.0;6.0;46.220835;5.964806;2024-07-14 00:54:00
202400043955.0;1;75;75116;2;1;8.0;6.0;48.862234;2.274723;2024-06-14 20:00:00
202400043956.0;1;75;75119;2;1;1.0;6.0;48.885121;2.369833;2024-08-22 16:40:00
202400043957.0;3;44;44047;1;1;1.0;6.0;47.258961;-1.695971;2024-07-17 00:05:00
202400043958.0;3;94;94071;2;3;1.0;6.0;48.77136;2.5052;2024-09-25 07:05:00
202400043959.0;1;75;75117;2;3;1.0;6.0;48.879377;2.29153;2024-08-21 17:15:00
202400043960.0;1;75;75115;2;3;2.0;3.0;48.837112;2.310661;2024-06-14 09:25:00
202400043961.0;5;75;75117;2;7;1.0;7.0;48.878979;2.280483;2024-08-22 02:20:00
202400043962.0;1;21;21559;1;3;1.0;1.0;47.298972;4.820166;2024-07-17 08:00:00
202400043963.0;1;93;93055;2;1;1.0;6.0;48.89266;2.41036;2024-09-27 09:52:00
202400043964.0;3;51;51339;1;1;1.0;7.0;48.8788;4.415195;2024-07-16 00:15:00
202400043965.0;1;75;75115;2;3;1.0;6.0;48.83597;2.290463;2024-08-21 20:38:00
202400043966.0;1;56;56079;1;1;1.0;7.0;47.938226;-2.486581;2024-07-17 06:50:00
202400043967.0;1;75;75112;2;2;2.0;6.0;48.849036;2.376008;2024-06-14 21:15:00
202400043968.0;5;56;56186;2;1;1.0;7.0;47.474114;-3.105922;2024-07-16 22:30:00
202400043969.0;5;93;93049;2;1;2.0;6.0;48.85228064;2.51491968;2024-09-27 20:50:00
202400043970.0;1;75;75114;2;3;1.0;3.0;48.82969;2.317985;2024-08-21 17:50:00
202400043971.0;3;75;75112;2;3;2.0;6.0;48.83958008;2.39753544;2024-06-14 01:00:00
202400043972.0;1;56;56258;2;2;1.0;3.0;47.577444;-3.030785;2024-07-14 13:00:00
202400043973.0;5;75;75110;2;1;2.0;6.0;48.876027;2.364895;2024-06-14 02:05:00
202400043974.0;1;93;93047;2;9;1.0;3.0;48.89160366;2.55227838;2024-09-27 08:50:00
202400043975.0;1;75;75112;2;2;1.0;5.0;48.83583;2.40687;2024-08-22 06:35:00
202400043976.0;5;2A;2A104;1;1;1.0;6.0;41.913575;8.848913;2024-07-17 01:40:00
202400043977.0;1;75;75107;2;2;1.0;3.0;48.860989;2.314959;2024-06-14 17:38:00
202400043978.0;1;75;75110;2;1;1.0;7.0;48.88072403;2.35781729;2024-08-22 08:13:00
202400043979.0;1;93;93010;2;1;1.0;6.0;48.90584076;2.48083855;2024-09-27 16:40:00
202400043980.0;1;2B;2B343;2;1;1.0;4.0;42.492289;9.475075;2024-07-14 10:45:00
202400043981.0;4;75;75103;2;3;2.0;7.0;48.863751;2.354884;2024-06-14 21:20:00
202400043982.0;1;75;75108;2;2;1.0;2.0;48.86842;2.301162;2024-08-21 17:00:00
202400043983.0;2;93;93008;2;1;2.0;6.0;48.90908;2.44359;2024-09-27 19:15:00
202400043984.0;1;63;63066;1;1;1.0;1.0;45.844926;3.605849;2024-07-17 07:00:00
202400043985.0;1;75;75104;2;2;1.0;6.0;48.860174;2.350922;2024-06-14 10:03:00
202400043986.0;1;93;93005;2;1;2.0;6.0;48.95595539;2.5015361;2024-09-27 12:00:00
202400043987.0;1;63;63338;2;7;1.0;6.0;46.164072;2.833523;2024-07-16 17:20:00
202400043988.0;1;75;75107;2;2;1.0;3.0;48.85779;2.322388;2024-08-22 09:10:00
202400043989.0;1;63;63250;1;1;1.0;6.0;45.59700409;3.15646112;2024-07-17 20:15:00
202400043990.0;5;92;92050;2;1;2.0;3.0;48.89830809;2.21598016;2024-09-26 21:55:00
202400043991.0;1;75;75103;2;3;1.0;6.0;48.864819;2.363404;2024-08-22 09:50:00
202400043992.0;5;92;92049;2;2;1.0;6.0;48.81814027;2.30851851;2024-09-27 01:05:00
202400043993.0;1;75;75102;2;3;1.0;7.0;48.871222;2.335962;2024-08-21 17:50:00
202400043994.0;1;92;92012;2;1;1.0;6.0;48.83397575;2.24294856;2024-09-27 16:55:00
202400043995.0;1;94;94080;2;1;1.0;3.0;48.84616;2.42205;2024-08-22 19:15:00
202400043996.0;1;94;94065;2;1;1.0;6.0;48.74855;2.35104;2024-08-22 17:45:00
202400043997.0;1;92;92012;2;1;8.0;6.0;48.84022259;2.23402485;2024-09-26 11:45:00
202400043998.0;5;75;75101;2;2;1.0;3.0;48.861981;2.350177;2024-06-13 22:50:00
202400043999.0;1;93;93005;2;1;1.0;2.0;48.94602795;2.51030356;2024-08-22 10:20:00
202400044000.0;1;38;38160;1;2;1.0;3.0;45.485769;4.969347;2024-09-27 16:30:00
202400044001.0;1;75;75103;2;2;1.0;6.0;48.864261;2.355157;2024-06-12 15:46:00
202400044002.0;1;973;97362;2;1;1.0;7.0;3.81394322;-54.14770281;2024-09-28 12:15:00
202400044003.0;1;93;93077;2;2;1.0;2.0;48.88570487;2.50814795;2024-08-22 11:28:00
202400044004.0;1;93;93010;2;1;1.0;1.0;48.89361283;2.47993109;2024-08-22 14:00:00
202400044005.0;3;2;2370;1;1;2.0;7.0;49.965639;3.19714;2024-09-27 21:20:00
202400044006.0;3;71;71589;1;1;2.0;6.0;46.690222;3.700569;2024-09-28 03:15:00
202400044007.0;1;94;94081;2;3;2.0;5.0;48.79636;2.40444;2024-06-14 21:06:00
202400044008.0;1;93;93008;2;2;1.0;3.0;48.91101;2.43284;2024-08-22 14:00:00
202400044009.0;1;76;76624;2;1;1.0;7.0;49.874269;1.210458;2024-09-28 18:48:00
202400044010.0;5;92;92026;2;1;1.0;2.0;48.89850858;2.24012414;2024-08-22 01:45:00
202400044011.0;1;94;94016;2;3;1.0;3.0;48.787124;2.335741;2024-06-13 15:45:00
202400044012.0;1;84;84137;2;1;1.0;3.0;44.238831;5.05083;2024-09-27 15:30:00
202400044013.0;1;92;92025;2;1;1.0;3.0;48.92004;2.22137;2024-08-21 16:15:00
202400044014.0;1;94;94038;2;3;2.0;1.0;48.77579;2.35727;2024-06-14 08:50:00
202400044015.0;3;52;52282;1;1;1.0;7.0;47.98081753;5.13264267;2024-09-27 03:00:00
202400044016.0;1;37;37216;2;2;1.0;3.0;47.159468;0.574371;2024-08-22 17:20:00
202400044017.0;3;84;84037;1;1;1.0;6.0;44.081605;4.831045;2024-09-27 23:00:00
202400044018.0;5;94;94021;2;6;2.0;3.0;48.76059;2.34177;2024-06-14 02:30:00
202400044019.0;1;37;37058;1;1;1.0;6.0;47.253514;0.221234;2024-08-23 18:45:00
202400044020.0;3;50;50616;1;1;8.0;6.0;48.65565;-1.355524;2024-09-28 06:15:00
202400044021.0;1;54;54345;1;1;6.0;7.0;48.598891;6.259696;2024-08-23 12:40:00
202400044022.0;2;94;94001;2;2;1.0;2.0;48.72474;2.43035;2024-06-14 05:50:00
202400044023.0;1;86;86001;1;1;1.0;6.0;46.277004;0.805455;2024-08-23 18:30:00
202400044024.0;3;89;89411;1;1;2.0;3.0;48.210633;3.478911;2024-09-28 04:00:00
202400044025.0;1;43;43080;1;1;1.0;7.0;45.34673802;3.89353864;2024-08-23 10:30:00
202400044026.0;1;94;94022;2;2;1.0;3.0;48.7687615;2.42071107;2024-06-13 18:15:00
202400044027.0;1;988;98812;1;1;1.0;6.0;-20.64078;164.34914;2024-08-21 16:30:00
202400044028.0;1;51;51560;1;1;2.0;4.0;48.956982;3.73418;2024-09-26 15:28:00
202400044029.0;1;94;94002;2;1;1.0;7.0;48.80297;2.41355;2024-06-14 08:15:00
202400044030.0;1;57;57469;2;1;1.0;3.0;48.857974;6.944776;2024-08-23 19:10:00
202400044031.0;1;56;56140;1;1;1.0;3.0;47.902286;-2.809845;2024-09-27 19:05:00
202400044032.0;1;93;93066;2;2;1.0;2.0;48.9334;2.37287;2024-06-14 09:00:00
202400044033.0;1;28;28139;1;1;1.0;6.0;48.315235;1.324529;2024-08-23 17:50:00
202400044034.0;1;11;11441;2;2;1.0;6.0;43.20361;3.074485;2024-09-28 12:55:00
202400044035.0;1;93;93066;2;1;1.0;2.0;48.92931;2.3512;2024-06-12 11:35:00
202400044036.0;3;11;11068;1;1;6.0;6.0;43.195791;2.543721;2024-09-27 23:25:00
202400044037.0;5;93;93064;2;1;1.0;6.0;48.87881;2.49023;2024-06-13 01:45:00
202400044038.0;3;35;35119;1;3;2.0;3.0;48.026675;-1.139256;2024-08-23 06:00:00
202400044039.0;2;63;63170;1;1;1.0;6.0;45.84300523;2.71127472;2024-09-25 19:30:00
202400044040.0;5;91;91174;2;6;2.0;3.0;48.61158;2.46166;2024-12-07 19:15:00
202400044041.0;1;1;1109;1;1;1.0;6.0;46.122551;5.896775;2024-08-23 15:15:00
202400044042.0;1;61;61211;2;1;2.0;6.0;48.547175;-0.505135;2024-09-27 11:15:00
202400044043.0;1;93;93032;2;1;1.0;3.0;48.87457;2.56444;2024-06-14 13:38:00
202400044044.0;5;83;83137;2;3;6.0;1.0;43.123914;5.95385251;2024-12-07 20:20:00
202400044045.0;1;22;22213;1;1;2.0;4.0;48.537004;-1.99157;2024-08-23 13:00:00
202400044046.0;1;93;93027;2;1;1.0;6.0;48.9331;2.3875;2024-06-14 08:35:00
202400044047.0;1;49;49018;2;3;7.0;6.0;47.537887;-0.103694;2024-09-27 09:10:00
202400044048.0;1;78;78440;2;3;6.0;3.0;48.978079;1.921221;2024-12-07 11:00:00
202400044049.0;1;42;42242;2;1;1.0;2.0;45.55386418;4.61963274;2024-08-23 14:30:00
202400044050.0;1;93;93014;2;1;1.0;3.0;48.908423;2.538369;2024-06-14 17:15:00
202400044051.0;1;78;78423;2;1;1.0;2.0;48.77386;2.04518;2024-12-07 14:10:00
202400044052.0;1;25;25074;1;1;3.0;2.0;47.183588;6.703634;2024-09-28 11:50:00
202400044053.0;1;83;83054;1;1;1.0;1.0;43.157132;6.066899;2024-08-23 14:30:00
202400044054.0;5;78;78498;2;1;2.0;6.0;48.929368;2.049831;2024-12-07 19:20:00
202400044055.0;1;93;93046;2;1;1.0;3.0;48.91048421;2.51121698;2024-06-14 07:30:00
202400044056.0;1;25;25195;1;1;1.0;1.0;47.19931;5.869628;2024-09-28 17:20:00
202400044057.0;4;62;62880;2;1;1.0;6.0;50.74516884;1.80192601;2024-08-23 05:30:00
202400044058.0;1;93;93008;2;2;1.0;3.0;48.901701;2.444324;2024-06-14 08:25:00
202400044059.0;1;51;51285;2;1;1.0;7.0;48.748896;4.172691;2024-08-22 12:00:00
202400044060.0;2;44;44069;1;1;1.0;6.0;47.30748837;-2.40737379;2024-08-13 06:15:00
202400044061.0;1;93;93030;2;1;1.0;6.0;48.95372;2.44277;2024-06-14 11:10:00
202400044062.0;1;76;76259;2;7;1.0;3.0;49.75608;0.38075;2024-12-06 16:49:00
202400044063.0;1;51;51569;1;1;1.0;1.0;49.259508;3.948523;2024-08-21 13:50:00
202400044064.0;3;35;35049;1;3;1.0;6.0;48.694126;-1.887449;2024-09-28 00:40:00
202400044065.0;5;73;73065;2;1;1.0;6.0;45.57528;5.88822;2024-12-07 04:45:00
202400044066.0;1;92;92078;2;8;1.0;3.0;48.93560704;2.33328313;2024-06-13 17:20:00
202400044067.0;1;80;80801;1;1;1.0;1.0;49.876336;2.911833;2024-08-23 16:52:00
202400044068.0;1;31;31390;2;1;1.0;6.0;43.08585;0.556199;2024-09-24 11:30:00
202400044069.0;5;72;72181;2;1;1.0;6.0;48.0025;0.19902;2024-12-07 19:45:00
202400044070.0;1;92;92064;2;9;1.0;1.0;48.85132007;2.21311832;2024-06-14 18:10:00
202400044071.0;5;72;72181;2;1;1.0;1.0;48.00109;0.19126;2024-12-06 21:20:00
202400044072.0;1;54;54078;2;1;1.0;7.0;48.585153;6.746936;2024-09-28 16:30:00
202400044073.0;3;65;65054;1;1;1.0;1.0;43.06192;0.338173;2024-08-22 23:45:00
202400044074.0;1;92;92063;2;1;2.0;6.0;48.88676227;2.17101109;2024-06-14 18:48:00
202400044075.0;4;72;72181;2;1;1.0;2.0;48.014;0.222;2024-12-06 18:10:00
202400044076.0;1;11;11439;1;1;1.0;1.0;43.317536;2.102128;2024-08-22 11:30:00
202400044077.0;3;54;54312;1;1;2.0;7.0;48.92621197;6.10206842;2024-09-28 04:00:00
202400044078.0;1;92;92063;2;1;8.0;2.0;48.87578812;2.18650603;2024-06-13 18:39:00
202400044079.0;5;69;69013;1;1;1.0;2.0;46.02779;4.71955;2024-12-06 17:30:00
202400044080.0;3;89;89186;2;1;1.0;7.0;47.995684;3.776536;2024-08-22 23:27:00
202400044081.0;1;24;24520;2;6;8.0;3.0;44.87708803;1.21747613;2024-09-27 08:50:00
202400044082.0;1;92;92049;2;1;2.0;3.0;48.81262593;2.31594479;2024-06-14 19:40:00
202400044083.0;1;61;61190;1;1;1.0;7.0;48.749539;0.199384;2024-08-22 15:15:00
202400044084.0;5;69;69290;2;1;1.0;2.0;45.71644;4.9597;2024-12-07 18:00:00
202400044085.0;1;48;48140;2;1;2.0;6.0;44.796458;3.262156;2024-09-27 12:15:00
202400044086.0;2;55;55523;1;1;1.0;7.0;49.235436;5.369289;2024-08-23 06:00:00
202400044087.0;5;92;92020;2;3;2.0;6.0;48.80623635;2.29221109;2024-06-14 00:17:00
202400044088.0;5;67;67482;2;3;2.0;1.0;48.57156;7.7701;2024-12-07 20:20:00
202400044089.0;1;92;92040;2;1;1.0;6.0;48.82785888;2.271936;2024-06-13 08:30:00
202400044090.0;3;44;44131;1;1;1.0;1.0;47.104047;-2.046815;2024-08-22 21:24:00
202400044091.0;3;52;52155;1;4;2.0;1.0;47.838175;5.441365;2024-09-27 21:30:00
202400044092.0;1;29;29287;2;1;1.0;6.0;48.646613;-4.261236;2024-08-15 07:45:00
202400044093.0;1;92;92025;2;3;1.0;3.0;48.92439635;2.26419385;2024-06-13 21:10:00
202400044094.0;1;67;67482;2;1;8.0;1.0;48.57947;7.71899;2024-12-07 15:40:00
202400044095.0;1;15;15030;1;2;1.0;3.0;44.841888;2.231662;2024-08-22 17:50:00
202400044096.0;5;67;67482;2;1;1.0;3.0;48.58034;7.7214;2024-12-07 04:55:00
202400044097.0;1;1;1118;1;1;1.0;7.0;45.951597;5.773659;2024-08-17 11:55:00
202400044098.0;1;13;13025;1;1;6.0;3.0;43.484812;5.534964;2024-09-28 17:35:00
202400044099.0;1;92;92025;2;2;1.0;3.0;48.93564005;2.26090997;2024-06-12 07:45:00
202400044100.0;5;971;97103;1;1;1.0;6.0;16.25421682;-61.56695366;2024-09-28 00:40:00
202400044101.0;1;54;54121;1;1;1.0;7.0;48.52483337;6.3931632;2024-08-22 18:55:00
202400044102.0;1;66;66136;1;1;1.0;4.0;42.67164832;2.89275706;2024-12-07 11:40:00
202400044103.0;1;92;92002;2;3;2.0;3.0;48.7336462;2.30774564;2024-06-14 09:00:00
202400044104.0;1;5;5012;2;4;1.0;3.0;44.549356;6.484769;2024-08-23 10:45:00
202400044105.0;1;60;60142;2;4;8.0;3.0;49.134087;2.532005;2024-09-27 18:20:00
202400044106.0;1;70;70275;1;1;1.0;7.0;47.527185;6.011699;2024-11-02 11:10:00
202400044107.0;1;976;97610;2;1;1.0;6.0;-12.746972;45.227323;2024-06-15 08:25:00
202400044108.0;3;988;98811;1;1;1.0;6.0;-21.002411;164.862986;2024-09-29 00:37:00
202400044109.0;5;66;66136;1;1;1.0;4.0;42.6729;2.89001;2024-12-06 18:00:00
202400044110.0;1;50;50029;1;3;1.0;3.0;48.600981;-0.840347;2024-08-22 11:30:00
202400044111.0;3;26;26144;1;1;1.0;1.0;44.74058;4.904245;2024-11-01 20:00:00
202400044112.0;5;64;64260;2;9;6.0;6.0;43.34908;-1.76852;2024-12-07 21:18:00
202400044113.0;3;80;80151;1;1;2.0;2.0;49.98124;2.578627;2024-06-15 02:55:00
202400044114.0;1;72;72295;1;1;1.0;6.0;48.352527;0.354781;2024-10-30 15:20:00
202400044115.0;1;90;90065;1;1;1.0;1.0;47.810247;6.842079;2024-08-23 13:10:00
202400044116.0;1;973;97311;2;3;1.0;2.0;5.49982089;-54.03079391;2024-09-28 13:05:00
202400044117.0;1;62;62552;2;1;1.0;6.0;50.401604;1.950966;2024-06-12 07:15:00
202400044118.0;5;62;62510;2;9;2.0;6.0;50.42321572;2.77740812;2024-12-07 20:25:00
202400044119.0;1;6;6073;1;1;1.0;7.0;44.194205;7.131243;2024-11-01 10:38:00
202400044120.0;3;62;62270;1;1;2.0;6.0;50.47541121;2.51586731;2024-12-07 05:45:00
202400044121.0;1;34;34058;2;2;1.0;3.0;43.678767;3.992506;2024-09-28 09:30:00
202400044122.0;1;17;17315;1;1;1.0;1.0;46.135181;-0.990572;2024-06-14 14:30:00
202400044123.0;1;5;5163;1;1;1.0;7.0;44.48244782;6.31901622;2024-11-02 13:35:00
202400044124.0;5;61;61001;2;1;2.0;6.0;48.438391;0.096211;2024-12-07 21:01:00
202400044125.0;1;36;36088;2;2;1.0;3.0;46.944551;1.984194;2024-08-23 11:05:00
202400044126.0;1;31;31410;2;1;1.0;1.0;43.703432;1.466718;2024-06-06 17:00:00
202400044127.0;1;60;60057;2;1;3.0;6.0;49.43263;2.08992;2024-12-07 16:40:00
202400044128.0;3;83;83016;1;1;1.0;1.0;43.231818;5.80613;2024-09-27 20:10:00
202400044129.0;1;21;21016;2;1;1.0;2.0;47.395332;5.195423;2024-08-22 15:50:00
202400044130.0;1;81;81078;1;1;1.0;6.0;43.665508;1.949666;2024-06-15 16:55:00
202400044131.0;3;60;60181;1;1;1.0;6.0;49.620927;3.028241;2024-11-01 22:20:00
202400044132.0;1;23;23008;2;1;1.0;6.0;45.955594;2.170292;2024-08-23 14:30:00
202400044133.0;1;59;59350;2;3;1.0;3.0;50.619513;3.054292;2024-12-06 16:20:00
202400044134.0;2;974;97404;1;1;2.0;2.0;-21.271204;55.383239;2024-06-15 06:30:00
202400044135.0;1;83;83006;1;1;1.0;3.0;43.6009755;5.80286407;2024-09-28 08:30:00
202400044136.0;3;87;87018;1;1;1.0;7.0;46.04488;0.996151;2024-08-22 23:05:00
202400044137.0;1;5;5181;1;1;1.0;6.0;45.035807;6.367993;2024-09-27 16:20:00
202400044138.0;5;56;56260;2;1;2.0;3.0;47.65728;-2.75494;2024-12-07 18:42:00
202400044139.0;1;79;79338;1;2;1.0;3.0;46.220853;0.12624;2024-06-12 16:43:00
202400044140.0;2;45;45097;1;2;8.0;3.0;47.976008;3.00497;2024-11-02 17:30:00
202400044141.0;5;54;54493;2;1;1.0;6.0;49.53096;5.82049;2024-12-07 07:50:00
202400044142.0;1;30;30003;1;1;1.0;2.0;43.580018;4.102278;2024-08-22 16:15:00
202400044143.0;1;26;26010;1;1;1.0;1.0;45.25107394;4.92893457;2024-06-06 07:18:00
202400044144.0;3;64;64228;1;1;1.0;7.0;43.388793;-1.019958;2024-11-01 18:30:00
202400044145.0;5;51;51454;2;1;3.0;6.0;49.243546;4.045611;2024-12-07 18:30:00
202400044146.0;1;30;30003;1;1;1.0;3.0;43.54931;4.164419;2024-08-22 11:10:00
202400044147.0;1;71;71433;1;2;1.0;4.0;46.3694249;4.25541312;2024-09-27 17:05:00
202400044148.0;1;72;72058;1;1;2.0;7.0;47.96539347;0.27991019;2024-06-14 20:25:00
202400044149.0;1;7;7201;2;1;1.0;6.0;44.4603;4.342754;2024-11-01 10:30:00
202400044150.0;1;57;57195;1;1;6.0;3.0;49.10799886;7.30006367;2024-09-27 15:45:00
202400044151.0;1;43;43157;2;3;2.0;6.0;45.04086;3.88722;2024-12-07 10:45:00
202400044152.0;1;30;30117;2;2;1.0;3.0;43.691753;4.610806;2024-06-15 11:25:00
202400044153.0;1;48;48128;1;3;1.0;6.0;44.773046;3.325982;2024-08-23 19:25:00
202400044154.0;1;7;7343;2;3;1.0;1.0;44.555433;4.324086;2024-11-02 14:30:00
202400044155.0;1;57;57443;1;1;1.0;1.0;49.211503;6.126562;2024-09-27 12:00:00
202400044156.0;1;42;42270;1;1;2.0;6.0;45.39703;4.23573;2024-12-07 13:30:00
202400044157.0;3;30;30125;1;1;8.0;3.0;43.790757;4.43014;2024-06-15 01:25:00
202400044158.0;1;19;19125;1;1;8.0;7.0;45.260072;2.055752;2024-06-14 19:15:00
202400044159.0;1;53;53040;1;1;1.0;1.0;48.13498093;-1.05219241;2024-11-01 14:30:00
202400044160.0;1;69;69289;1;1;1.0;3.0;45.643988;5.03279;2024-09-19 19:30:00
202400044161.0;1;38;38053;2;2;2.0;3.0;45.5854;5.2709;2024-12-07 11:10:00
202400044162.0;1;21;21399;1;1;1.0;6.0;47.212805;4.55924;2024-11-01 16:15:00
202400044163.0;1;31;31430;1;1;1.0;4.0;43.10677987;0.60750535;2024-08-22 12:10:00
202400044164.0;1;79;79100;1;2;1.0;1.0;46.337958;-0.549284;2024-06-14 10:50:00
202400044165.0;1;40;40090;1;1;1.0;6.0;43.65803;-0.811915;2024-11-02 17:30:00
202400044166.0;1;4;4112;1;1;1.0;2.0;43.80559185;5.81657244;2024-08-23 09:50:00
202400044167.0;3;32;32078;1;1;1.0;7.0;43.89245;0.667076;2024-06-09 00:45:00
202400044168.0;1;24;24022;1;1;1.0;1.0;44.84018922;0.78063548;2024-09-27 17:50:00
202400044169.0;3;30;30165;1;1;1.0;7.0;44.104228;4.154479;2024-11-01 22:45:00
202400044170.0;2;35;35238;2;3;2.0;5.0;48.10750163;-1.67544991;2024-12-07 16:25:00
202400044171.0;1;47;47159;1;1;1.0;6.0;44.380897;0.182462;2024-07-28 16:50:00
202400044172.0;1;63;63415;2;1;2.0;1.0;45.550422;3.370488;2024-06-14 11:50:00
202400044173.0;1;76;76506;2;1;2.0;1.0;49.741344;1.303521;2024-09-27 17:00:00
202400044174.0;1;30;30223;1;1;1.0;3.0;44.215286;4.153122;2024-11-02 12:50:00