Num_Acc;lum;departement;commune;agglomeration;intersection;meteo;type_collision;lat;long;date
202400044175.0;1;67;67033;1;1;1.0;7.0;48.743816;7.686696;2024-08-23 15:40:00
202400044176.0;2;35;35238;2;2;2.0;3.0;48.10172;-1.68418;2024-12-07 17:10:00
202400044177.0;1;60;60446;1;1;1.0;6.0;49.132335;2.796782;2024-09-28 11:12:00
202400044178.0;1;55;55222;1;3;1.0;1.0;49.179978;5.654472;2024-06-15 13:40:00
202400044179.0;3;973;97307;1;3;1.0;3.0;4.848182;-52.316085;2024-11-01 21:00:00
202400044180.0;5;35;35238;2;2;2.0;6.0;48.11399;-1.64807;2024-12-06 18:20:00
202400044181.0;1;45;45067;1;1;1.0;2.0;47.894169;1.771749;2024-08-23 08:11:00
202400044182.0;1;41;41080;1;6;1.0;6.0;47.333635;1.186768;2024-06-14 17:55:00
202400044183.0;1;60;60341;2;1;1.0;4.0;49.09167712;2.74341917;2024-09-27 09:34:00
202400044184.0;3;974;97415;1;1;1.0;6.0;-21.055757;55.226973;2024-08-22 05:44:00
202400044185.0;1;68;68240;2;1;1.0;6.0;47.571467;7.289921;2024-06-13 14:45:00
202400044186.0;2;34;34129;2;1;1.0;3.0;43.571225;3.891528;2024-11-28 17:30:00
202400044187.0;5;63;63082;1;1;1.0;3.0;46.057807;3.111405;2024-11-01 19:40:00
202400044188.0;2;68;68374;2;1;2.0;7.0;48.074451;7.276905;2024-06-15 05:45:00
202400044189.0;4;974;97418;1;1;1.0;6.0;-20.899265;55.522971;2024-08-23 02:02:00
202400044190.0;1;80;80618;2;1;7.0;3.0;50.173253;1.587836;2024-09-28 09:50:00
202400044191.0;5;34;34172;2;1;1.0;2.0;43.62154;3.8876;2024-12-06 07:30:00
202400044192.0;3;973;97312;1;1;1.0;7.0;5.384199;-52.993755;2024-08-23 00:25:00
202400044193.0;4;973;97309;1;1;1.0;3.0;4.881909;-52.292513;2024-11-01 21:40:00
202400044194.0;5;59;59076;2;1;1.0;1.0;50.340277;3.97166;2024-09-27 23:05:00
202400044195.0;1;15;15054;1;1;1.0;6.0;45.360808;2.793607;2024-06-15 11:50:00
202400044196.0;5;33;33063;2;3;2.0;6.0;44.89184;-0.56531;2024-12-07 18:00:00
202400044197.0;1;17;17116;1;1;1.0;3.0;45.417853;-0.603014;2024-11-02 15:25:00
202400044198.0;1;1;1305;2;3;1.0;6.0;46.433413;4.938381;2024-06-15 08:39:00
202400044199.0;2;31;31555;2;3;3.0;3.0;43.62905;1.47638;2024-12-07 16:50:00
202400044200.0;1;13;13214;1;1;1.0;3.0;43.3333;5.37765;2024-09-27 16:00:00
202400044201.0;3;68;68301;1;1;1.0;7.0;47.692584;7.44666;2024-11-02 04:45:00
202400044202.0;1;58;58038;1;1;1.0;3.0;47.430087;3.43819;2024-06-15 18:40:00
202400044203.0;3;57;57695;1;1;1.0;6.0;49.14060225;6.46133346;2024-11-02 03:40:00
202400044204.0;5;13;13205;2;1;1.0;1.0;43.28954163;5.40008461;2024-12-07 04:30:00
202400044205.0;1;6;6007;1;1;1.0;3.0;43.6200922;6.9182716;2024-06-14 18:00:00
202400044206.0;3;69;69081;1;1;1.0;5.0;45.77516905;4.78396271;2024-09-26 20:28:00
202400044207.0;5;13;13206;2;9;1.0;3.0;43.29013158;5.374601;2024-12-07 01:12:00
202400044208.0;4;971;97103;2;9;1.0;3.0;16.237204;-61.555399;2024-11-02 03:05:00
202400044209.0;1;14;14061;1;1;1.0;3.0;48.929351;-0.806733;2024-06-05 17:50:00
202400044210.0;3;57;57757;1;1;1.0;6.0;49.34771;6.16866;2024-09-26 02:10:00
202400044211.0;5;13;13063;2;2;1.0;3.0;43.58296;5.0038;2024-12-07 19:25:00
202400044212.0;1;2A;2A247;2;6;1.0;2.0;41.577668;9.274714;2024-11-02 09:35:00
202400044213.0;1;14;14578;2;1;1.0;2.0;49.352596;0.174204;2024-06-15 10:50:00
202400044214.0;3;11;11081;1;1;1.0;6.0;43.313209;2.500351;2024-11-02 05:15:00
202400044215.0;5;13;13063;2;2;1.0;3.0;43.58391;4.99771;2024-12-07 18:45:00
202400044216.0;3;83;83146;1;1;1.0;6.0;43.623836;5.943378;2024-11-01 20:40:00
202400044217.0;1;45;45098;2;2;1.0;3.0;47.818077;1.756359;2024-05-15 20:20:00
202400044218.0;4;3;3185;2;9;8.0;1.0;46.331081;2.604804;2024-12-06 16:45:00
202400044219.0;2;57;57764;1;1;3.0;5.0;49.46365934;6.12158477;2024-09-26 06:56:00
202400044220.0;5;2;2408;2;1;1.0;6.0;49.55626;3.60374;2024-12-06 18:00:00
202400044221.0;2;38;38295;1;1;5.0;1.0;45.820717;5.345063;2024-11-01 19:00:00
202400044222.0;1;73;73188;1;3;1.0;3.0;45.617227;6.329466;2024-06-10 19:15:00
202400044223.0;1;73;73270;1;1;1.0;6.0;45.559204;6.159393;2024-06-15 16:35:00
202400044224.0;1;26;26084;1;1;1.0;1.0;45.003515;4.982085;2024-11-02 13:30:00
202400044225.0;1;33;33162;1;1;1.0;4.0;44.87122;-0.64226;2024-09-27 18:15:00
202400044226.0;1;75;75117;2;1;1.0;4.0;48.888198;2.292365;2024-12-06 12:50:00
202400044227.0;3;10;10262;1;1;3.0;6.0;48.047448;4.392643;2024-06-15 01:15:00
202400044228.0;1;69;69178;1;1;2.0;6.0;45.693291;4.44221;2024-10-22 16:00:00
202400044229.0;3;91;91174;1;1;1.0;3.0;48.62373;2.46827;2024-09-27 21:00:00
202400044230.0;4;75;75118;2;1;2.0;3.0;48.900819;2.333069;2024-12-05 19:30:00
202400044231.0;3;16;16085;1;1;1.0;1.0;45.83248;0.470052;2024-06-15 02:30:00
202400044232.0;1;79;79049;1;1;5.0;3.0;46.801495;-0.482352;2024-11-02 11:45:00
202400044233.0;1;91;91377;1;1;1.0;2.0;48.71758;2.29179;2024-09-27 09:35:00
202400044234.0;5;75;75106;2;7;1.0;3.0;48.847796;2.341032;2024-12-06 17:15:00
202400044235.0;1;75;75106;2;1;1.0;6.0;48.84978;2.342332;2024-12-06 12:45:00
202400044236.0;3;78;78498;1;1;2.0;6.0;48.903513;2.005133;2024-09-27 18:58:00
202400044237.0;1;21;21505;1;1;1.0;4.0;47.390523;4.31385;2024-06-12 19:00:00
202400044238.0;5;33;33262;1;5;1.0;3.0;44.995169;-0.619043;2024-11-01 20:15:00
202400044239.0;5;75;75119;2;3;1.0;3.0;48.88173;2.381063;2024-12-06 22:30:00
202400044240.0;1;59;59449;2;6;1.0;7.0;50.472208;3.229433;2024-10-31 16:45:00
202400044241.0;1;40;40310;2;3;1.0;2.0;43.756391;-1.330081;2024-06-12 20:20:00
202400044242.0;1;92;92012;1;1;1.0;5.0;48.84854129;2.22994812;2024-09-26 17:35:00
202400044243.0;1;48;48051;1;1;1.0;6.0;44.24162157;3.94113775;2024-06-15 15:20:00
202400044244.0;2;75;75108;2;4;2.0;3.0;48.880639;2.318236;2024-12-07 16:15:00
202400044245.0;1;78;78455;1;1;1.0;2.0;48.858842;2.051075;2024-11-01 10:35:00
202400044246.0;2;33;33284;1;1;2.0;6.0;44.626725;-0.88971;2024-06-14 21:30:00
202400044247.0;1;78;78402;1;1;2.0;6.0;48.965263;1.763501;2024-09-26 13:50:00
202400044248.0;1;95;95572;1;1;1.0;2.0;49.03361153;2.1043759;2024-11-01 15:00:00
202400044249.0;1;75;75116;2;2;1.0;1.0;48.867688;2.250994;2024-12-07 12:30:00
202400044250.0;1;6;6088;1;1;1.0;2.0;43.674468;7.197644;2024-06-14 17:15:00
202400044251.0;1;92;92063;1;1;8.0;2.0;48.8888888;2.16803002;2024-09-26 09:00:00
202400044252.0;1;93;93013;1;1;1.0;2.0;48.94129741;2.42739109;2024-11-01 12:15:00
202400044253.0;1;75;75116;2;1;1.0;3.0;48.864404;2.289676;2024-12-07 09:00:00
202400044254.0;1;63;63425;1;1;1.0;3.0;45.66779499;3.14379138;2024-06-14 09:45:00
202400044255.0;5;75;75114;2;1;2.0;6.0;48.826525;2.310951;2024-12-07 20:05:00
202400044256.0;1;93;93064;1;1;1.0;3.0;48.86927975;2.48237084;2024-11-01 08:35:00
202400044257.0;1;92;92023;1;1;8.0;2.0;48.77619602;2.22827948;2024-09-26 07:45:00
202400044258.0;1;27;27336;1;1;1.0;6.0;49.07025;1.408594;2024-06-15 15:10:00
202400044259.0;3;92;92036;1;1;1.0;7.0;48.9334157;2.32102811;2024-10-31 22:25:00
202400044260.0;4;75;75112;2;2;2.0;1.0;48.843431;2.370709;2024-12-07 15:46:00
202400044261.0;1;78;78029;1;1;2.0;2.0;48.967877;1.857992;2024-09-26 08:00:00
202400044262.0;3;973;97305;1;1;1.0;1.0;4.930883;-52.397565;2024-06-15 05:30:00
202400044263.0;1;28;28085;1;6;1.0;3.0;48.45569;1.52904;2024-07-31 12:00:00
202400044264.0;1;75;75110;2;7;6.0;3.0;48.880546;2.352321;2024-12-07 11:40:00
202400044265.0;1;30;30051;2;1;1.0;1.0;44.219938;3.989247;2024-06-15 18:25:00
202400044266.0;1;974;97411;2;9;1.0;3.0;-20.89845;55.4658;2024-10-31 07:25:00
202400044267.0;5;75;75108;2;2;2.0;3.0;48.867061;2.30627;2024-12-07 02:25:00
202400044268.0;1;92;92050;1;1;2.0;5.0;48.915308;2.22011012;2024-09-25 15:17:00
202400044269.0;1;34;34103;1;3;1.0;3.0;43.560872;3.410386;2024-06-14 09:30:00
202400044270.0;1;973;97302;2;1;1.0;2.0;4.93959;-52.3013;2024-10-31 14:10:00
202400044271.0;1;34;34182;2;6;1.0;7.0;43.420956;3.407599;2024-06-14 19:45:00
202400044272.0;1;75;75101;2;3;1.0;3.0;48.862451;2.336277;2024-12-07 13:56:00
202400044273.0;1;93;93008;1;1;8.0;4.0;48.91075544;2.4427709;2024-09-27 09:00:00
202400044274.0;2;973;97302;2;2;1.0;3.0;4.9274;-52.31918;2024-10-31 07:13:00
202400044275.0;1;84;84019;1;1;1.0;6.0;44.30074;4.769955;2024-06-15 19:30:00
202400044276.0;1;75;75104;2;2;1.0;3.0;48.857533;2.351409;2024-12-06 08:30:00
202400044277.0;3;13;13082;1;1;1.0;1.0;43.665913;5.347033;2024-06-15 00:10:00
202400044278.0;1;93;93007;1;1;2.0;2.0;48.94277535;2.47810334;2024-09-26 18:20:00
202400044279.0;2;69;69383;2;3;1.0;3.0;45.75709;4.85747;2024-10-31 18:10:00
202400044280.0;5;94;94078;2;1;2.0;6.0;48.73536;2.44694;2024-12-07 07:00:00
202400044281.0;1;13;13014;2;3;1.0;2.0;43.495503;5.163161;2024-06-14 16:30:00
202400044282.0;1;69;69383;2;2;1.0;3.0;45.75058;4.88295;2024-10-31 14:17:00
202400044283.0;1;93;93066;1;1;1.0;3.0;48.91977;2.35723243;2024-09-26 08:30:00
202400044284.0;2;94;94003;2;3;8.0;3.0;48.80575;2.3256;2024-12-07 15:25:00
202400044285.0;1;69;69034;2;1;1.0;6.0;45.79546;4.85865;2024-10-31 12:45:00
202400044286.0;5;94;94028;2;1;1.0;6.0;48.79229;2.457783;2024-12-06 17:25:00
202400044287.0;3;74;74280;1;1;2.0;2.0;45.899245;6.348976;2024-06-15 00:15:00
202400044288.0;2;93;93029;2;1;3.0;4.0;48.91434761;2.43222044;2024-09-25 19:30:00
202400044289.0;3;38;38061;1;1;1.0;2.0;45.339598;5.615441;2024-06-14 20:50:00
202400044290.0;1;94;94022;2;2;1.0;3.0;48.77286611;2.40030563;2024-12-06 15:15:00
202400044291.0;5;971;97105;2;3;1.0;3.0;15.99658681;-61.73164666;2024-10-30 22:00:00
202400044292.0;1;94;94002;2;3;1.0;6.0;48.78971012;2.42572814;2024-12-06 15:40:00
202400044293.0;2;86;86036;1;1;1.0;3.0;47.084838;0.061967;2024-06-15 05:20:00
202400044294.0;1;77;77121;1;1;3.0;6.0;48.83196795;2.6729114;2024-09-27 18:25:00
202400044295.0;5;2A;2A004;2;1;1.0;3.0;41.93401;8.75305;2024-10-31 20:05:00
202400044296.0;2;93;93064;2;9;3.0;6.0;48.87749536;2.49895579;2024-12-07 18:08:00
202400044297.0;1;2A;2A004;1;1;1.0;7.0;41.93283;8.67728;2024-10-31 10:00:00
202400044298.0;1;35;35221;1;1;3.0;6.0;47.879124;-1.707494;2024-06-14 19:40:00
202400044299.0;1;94;94079;1;1;2.0;3.0;48.83525111;2.53871581;2024-09-27 18:30:00
202400044300.0;1;91;91377;2;1;8.0;6.0;48.73329;2.288;2024-10-30 16:20:00
202400044301.0;5;93;93014;2;2;1.0;3.0;48.90500943;2.54225546;2024-12-06 19:35:00
202400044302.0;1;27;27469;1;1;1.0;3.0;49.294089;1.15659;2024-06-08 17:15:00
202400044303.0;1;988;98818;2;1;1.0;2.0;-22.27567;166.44833;2024-09-26 09:45:00
202400044304.0;5;93;93007;2;3;1.0;6.0;48.93557409;2.47568285;2024-12-06 20:20:00
202400044305.0;1;91;91589;2;3;1.0;3.0;48.68603;2.34893;2024-10-31 14:55:00
202400044306.0;3;76;76503;1;2;8.0;3.0;49.544464;1.020602;2024-06-14 23:00:00
202400044307.0;5;92;92078;2;9;2.0;3.0;48.92673;2.32918;2024-12-07 20:05:00
202400044308.0;1;91;91228;2;1;1.0;2.0;48.622;2.4483;2024-10-31 12:00:00
202400044309.0;5;69;69387;2;2;2.0;3.0;45.73079;4.83525;2024-09-26 20:00:00
202400044310.0;1;92;92063;2;1;8.0;2.0;48.86800346;2.15627231;2024-12-07 11:41:00
202400044311.0;1;80;80302;1;2;1.0;3.0;49.647372;2.627631;2024-06-15 11:50:00
202400044312.0;1;91;91469;2;3;8.0;3.0;48.40443;2.14057;2024-10-31 13:50:00
202400044313.0;5;92;92051;2;9;1.0;7.0;48.89234038;2.26527706;2024-12-07 02:20:00
202400044314.0;5;972;97213;1;1;1.0;6.0;14.63388;-61.0106;2024-09-26 18:25:00
202400044315.0;1;62;62329;1;1;1.0;1.0;50.82546069;1.7432387;2024-06-15 08:35:00
202400044316.0;5;92;92025;2;1;1.0;6.0;48.91489882;2.22864479;2024-12-06 20:20:00
202400044317.0;1;13;13071;1;1;1.0;3.0;43.4079;5.3273;2024-06-14 18:17:00
202400044318.0;1;87;87085;2;1;1.0;4.0;45.86103;1.25778;2024-10-30 19:00:00
202400044319.0;1;971;97107;2;3;1.0;3.0;16.04274;-61.56502;2024-09-24 09:20:00
202400044320.0;5;92;92024;2;1;2.0;1.0;48.90202;2.30709;2024-12-07 23:35:00
202400044321.0;2;91;91345;2;3;8.0;6.0;48.69956;2.29619;2024-09-25 07:20:00
202400044322.0;1;87;87114;2;1;1.0;4.0;45.83571;1.31689;2024-10-30 13:05:00
202400044323.0;3;92;92023;2;1;2.0;2.0;48.79742;2.25293;2024-12-07 17:55:00
202400044324.0;1;91;91589;2;2;2.0;6.0;48.69312;2.34579;2024-09-25 16:35:00
202400044325.0;1;92;92019;2;1;1.0;3.0;48.76596378;2.28604004;2024-12-07 11:50:00
202400044326.0;1;87;87050;2;3;1.0;3.0;45.87874;1.2383;2024-10-30 10:45:00
202400044327.0;1;91;91174;2;3;3.0;6.0;48.61501;2.461137;2024-09-26 16:20:00
202400044328.0;5;92;92007;2;1;2.0;6.0;48.80180336;2.31610402;2024-12-07 20:15:00
202400044329.0;1;84;84007;2;1;1.0;4.0;43.91005;4.8847;2024-10-31 10:30:00
202400044330.0;1;87;87065;1;3;3.0;3.0;45.79251;1.28216;2024-09-26 08:26:00
202400044331.0;5;60;60493;2;2;3.0;1.0;49.53601;2.059789;2024-12-07 19:45:00
202400044332.0;1;84;84007;2;9;1.0;5.0;43.95211;4.79782;2024-10-30 14:00:00
202400044333.0;1;84;84035;2;9;1.0;7.0;43.830857;5.028444;2024-09-25 08:45:00
202400044334.0;3;18;18257;1;1;1.0;3.0;47.474461;2.829001;2024-12-04 18:00:00
202400044335.0;1;83;83062;1;2;1.0;3.0;43.12367;6.04228;2024-09-26 12:45:00
202400044336.0;5;80;80021;2;1;1.0;2.0;49.90987;2.25938;2024-11-01 01:25:00
202400044337.0;3;31;31467;2;1;2.0;1.0;43.688172;1.412095;2024-10-28 18:20:00
202400044338.0;1;82;82033;2;1;3.0;6.0;44.03457;1.11684;2024-09-26 07:40:00
202400044339.0;1;80;80021;2;2;1.0;3.0;49.89587;2.28002;2024-10-30 12:30:00
202400044340.0;4;974;97405;2;2;1.0;1.0;-21.33789;55.564245;2024-12-06 22:00:00
202400044341.0;1;80;80021;1;1;1.0;3.0;49.87549;2.28206;2024-09-24 12:45:00
202400044342.0;1;78;78440;2;1;1.0;6.0;48.98049;1.909184;2024-10-31 15:00:00
202400044343.0;1;972;97227;2;1;1.0;7.0;14.469214;-60.918041;2024-12-07 16:00:00
202400044344.0;2;78;78638;1;3;3.0;3.0;49.019879;1.958984;2024-09-25 18:00:00
202400044345.0;3;60;60618;1;1;2.0;4.0;49.265816;2.879276;2024-12-07 17:50:00
202400044346.0;1;77;77379;2;1;2.0;6.0;48.55814452;3.31517044;2024-09-26 08:05:00
202400044347.0;3;50;50487;1;1;2.0;6.0;48.54179019;-1.34086154;2024-12-07 00:30:00
202400044348.0;5;77;77243;2;2;1.0;3.0;48.87757;2.72681;2024-10-31 20:00:00
202400044349.0;1;76;76681;2;3;1.0;6.0;49.40771;1.09589;2024-09-26 08:40:00
202400044350.0;5;62;62767;2;2;6.0;6.0;50.37888613;2.33379149;2024-12-07 17:45:00
202400044351.0;1;76;76270;1;1;3.0;3.0;49.52919;0.14788;2024-09-25 18:45:00
202400044352.0;1;95;95652;2;1;1.0;6.0;49.12677577;2.37232268;2024-12-07 10:50:00
202400044353.0;5;72;72181;2;1;8.0;6.0;47.96834;0.20542;2024-09-26 20:15:00
202400044354.0;5;76;76351;2;3;2.0;1.0;49.49449;0.12599;2024-10-29 21:00:00
202400044355.0;1;72;72181;2;1;2.0;3.0;47.99446;0.19871;2024-09-25 15:45:00
202400044356.0;4;76;76312;2;3;2.0;6.0;49.482861;1.721866;2024-12-08 05:00:00
202400044357.0;1;72;72181;2;1;2.0;7.0;47.95694;0.2023;2024-09-26 08:30:00
202400044358.0;5;74;74010;1;1;1.0;3.0;45.90003;6.10271;2024-10-31 17:55:00
202400044359.0;1;76;76423;1;2;3.0;6.0;49.553395;1.635721;2024-12-07 13:45:00
202400044360.0;1;72;72181;2;6;2.0;3.0;47.98781;0.18062;2024-09-26 08:10:00
202400044361.0;1;73;73011;1;1;7.0;6.0;45.66298;6.38701;2024-10-31 15:50:00
202400044362.0;1;71;71306;1;1;1.0;3.0;46.65891;4.33124;2024-09-26 13:50:00
202400044363.0;3;80;80456;1;1;2.0;7.0;49.785119;1.760677;2024-12-08 01:30:00
202400044364.0;5;72;72181;2;6;1.0;7.0;48.00065;0.22598;2024-10-31 20:14:00
202400044365.0;1;71;71309;2;1;3.0;7.0;46.78954003;4.40680772;2024-09-26 14:55:00
202400044366.0;3;33;33296;2;1;1.0;6.0;44.843607;-0.027479;2024-12-08 02:25:00
202400044367.0;5;72;72181;2;3;1.0;1.0;47.99352;0.20028;2024-10-30 21:10:00
202400044368.0;4;69;69266;2;1;2.0;6.0;45.76456;4.9064;2024-09-26 05:40:00
202400044369.0;3;81;81312;1;1;2.0;6.0;43.505149;2.154881;2024-12-07 19:30:00
202400044370.0;1;72;72003;2;2;1.0;3.0;47.96448;0.15615;2024-10-30 12:50:00
202400044371.0;1;67;67447;2;2;1.0;3.0;48.60919;7.74471;2024-09-25 17:00:00
202400044372.0;3;81;81070;1;1;1.0;7.0;43.788153;1.741796;2024-12-08 06:00:00
202400044373.0;5;71;71105;2;2;9.0;6.0;46.3087;4.80928;2024-10-30 17:50:00
202400044374.0;1;67;67482;2;3;8.0;3.0;48.60087;7.77746;2024-09-25 16:05:00
202400044375.0;1;69;69091;2;1;1.0;1.0;45.58581;4.76228;2024-10-31 15:00:00
202400044376.0;1;89;89433;1;1;2.0;1.0;47.5145;3.8307;2024-12-06 14:30:00
202400044377.0;2;67;67218;2;1;1.0;6.0;48.54176;7.74042;2024-10-31 16:50:00
202400044378.0;1;67;67482;2;3;1.0;3.0;48.59142;7.76351;2024-09-24 12:10:00
202400044379.0;3;68;68242;1;1;1.0;7.0;47.97622612;7.37375734;2024-12-07 20:55:00
202400044380.0;3;25;25514;1;1;4.0;6.0;46.774495;6.329176;2024-12-08 05:10:00
202400044381.0;1;64;64348;2;3;1.0;3.0;43.31703;-0.42365;2024-10-31 14:10:00
202400044382.0;5;64;64483;1;1;3.0;3.0;43.37766;-1.6377;2024-09-26 05:30:00
202400044383.0;1;64;64445;2;3;1.0;3.0;43.30962;-0.33915;2024-10-31 11:00:00
202400044384.0;3;44;44175;2;2;2.0;3.0;47.363806;-2.333667;2024-12-01 03:20:00
202400044385.0;3;63;63032;2;3;2.0;3.0;45.7487;3.09474;2024-09-26 07:35:00
202400044386.0;1;64;64445;2;2;1.0;3.0;43.31227;-0.37316;2024-10-30 12:30:00
202400044387.0;3;31;31407;1;1;2.0;6.0;43.74871;1.536516;2024-12-08 05:00:00
202400044388.0;5;63;63113;2;3;2.0;3.0;45.77831275;3.10884923;2024-09-26 06:50:00
202400044389.0;1;64;64122;2;2;1.0;1.0;43.4625;-1.5513;2024-10-29 07:45:00
202400044390.0;1;62;62525;2;6;1.0;3.0;50.73955089;2.25794363;2024-09-25 17:54:00
202400044391.0;5;38;38034;2;1;2.0;5.0;45.338738;5.056962;2024-12-07 19:20:00
202400044392.0;1;64;64024;2;2;1.0;3.0;43.48741;-1.53651;2024-10-30 15:11:00
202400044393.0;3;978;97801;1;1;1.0;6.0;18.091585;-63.065991;2024-12-07 22:15:00
202400044394.0;1;62;62498;2;1;1.0;3.0;50.45025207;2.82529807;2024-09-20 08:20:00
202400044395.0;1;60;60057;2;1;1.0;6.0;49.4198;2.07226;2024-10-30 15:45:00
202400044396.0;3;36;36088;1;1;2.0;6.0;46.96136089;2.02671877;2024-12-08 05:45:00
202400044397.0;1;62;62193;2;9;1.0;3.0;50.94635483;1.89390457;2024-09-21 13:45:00
202400044398.0;1;59;59350;2;3;1.0;3.0;50.636;3.087;2024-10-31 15:35:00
202400044399.0;4;62;62310;2;1;2.0;6.0;50.54538;2.66005;2024-09-25 07:30:00
202400044400.0;1;57;57463;2;1;1.0;6.0;49.11681;6.18024;2024-10-30 11:00:00
202400044401.0;1;60;60159;2;1;2.0;6.0;49.41699;2.8266;2024-09-25 16:00:00
202400044402.0;1;36;36194;1;1;1.0;1.0;46.91073957;1.33559848;2024-12-07 10:25:00
202400044403.0;1;85;85024;2;1;1.0;6.0;46.929112;-1.889825;2024-12-08 11:15:00
202400044404.0;2;56;56260;2;3;1.0;1.0;47.65703;-2.79028;2024-10-31 17:40:00
202400044405.0;1;59;59599;2;2;1.0;5.0;50.74096;3.16625;2024-09-25 14:00:00
202400044406.0;1;56;56083;2;6;1.0;6.0;47.81052;-3.26478;2024-10-30 16:04:00
202400044407.0;2;67;67291;2;2;1.0;3.0;48.869108;7.68675;2024-12-08 07:15:00
202400044408.0;1;59;59350;2;9;1.0;3.0;50.6069;3.03877;2024-09-26 15:00:00
202400044409.0;5;54;54395;2;2;1.0;6.0;48.69376004;6.19192243;2024-11-01 00:11:00
202400044410.0;1;59;59378;2;2;1.0;6.0;50.66033;3.0941;2024-09-25 13:30:00
202400044411.0;3;10;10216;1;1;2.0;5.0;48.635723;4.180035;2024-12-08 17:35:00
202400044412.0;1;54;54395;2;3;1.0;2.0;48.6767;6.1919;2024-10-31 13:39:00
202400044413.0;1;56;56121;2;1;3.0;1.0;47.76401;-3.39925;2024-09-25 16:25:00
202400044414.0;5;31;31424;2;2;1.0;1.0;43.575148;1.291022;2024-12-04 18:00:00
202400044415.0;1;51;51055;2;1;1.0;1.0;49.2903;4.0746;2024-10-31 17:10:00
202400044416.0;3;34;34337;2;1;1.0;6.0;43.550997;3.833477;2024-12-08 01:00:00
202400044417.0;1;54;54395;2;2;1.0;6.0;48.70336;6.18182;2024-09-25 13:32:00
202400044418.0;5;51;51454;2;6;1.0;1.0;49.23694;4.07111;2024-10-30 18:30:00
202400044419.0;1;50;50129;2;1;1.0;7.0;49.62056;-1.64226;2024-10-31 09:30:00
202400044420.0;1;54;54099;1;1;2.0;1.0;49.24790886;6.0172677;2024-09-26 08:15:00
202400044421.0;3;68;68300;1;1;2.0;2.0;47.779392;7.399662;2024-12-07 23:03:00
202400044422.0;5;51;51454;2;1;2.0;6.0;49.25313;4.03659;2024-09-26 22:25:00
202400044423.0;5;49;49007;2;1;1.0;2.0;47.45937;-0.52141;2024-11-01 02:36:00
202400044424.0;5;69;69027;2;1;8.0;6.0;45.662202;4.751863;2024-12-07 21:25:00
202400044425.0;5;49;49007;2;1;2.0;6.0;47.47992;-0.52552;2024-10-31 19:18:00
202400044426.0;1;45;45302;1;1;1.0;6.0;47.968275;1.857258;2024-12-06 09:10:00
202400044427.0;1;51;51454;2;1;2.0;3.0;49.27805;4.02293;2024-09-26 15:45:00
202400044428.0;2;45;45004;2;2;2.0;3.0;47.995003;2.754719;2024-10-30 07:34:00
202400044429.0;5;51;51454;2;2;1.0;6.0;49.25189;4.02921;2024-09-26 07:15:00
202400044430.0;3;971;97128;1;1;2.0;1.0;16.278568;-61.352431;2024-12-06 19:20:00
202400044431.0;5;44;44162;2;1;1.0;3.0;47.2117;-1.64884;2024-10-31 19:00:00
202400044432.0;3;2A;2A247;2;4;1.0;6.0;41.59651;9.24654;2024-12-03 18:45:00
202400044433.0;2;44;44114;2;9;8.0;6.0;47.25358;-1.57632;2024-10-31 07:10:00
202400044434.0;2;51;51160;2;2;8.0;3.0;48.93451;4.34907;2024-09-26 19:40:00
202400044435.0;1;49;49007;2;1;1.0;1.0;47.48049;-0.56637;2024-09-24 20:00:00
202400044436.0;3;34;34027;1;2;6.0;3.0;43.732546;4.009624;2024-12-07 19:30:00
202400044437.0;2;44;44132;2;6;1.0;3.0;47.25323;-2.31413;2024-10-25 18:48:00
202400044438.0;1;40;40192;2;1;8.0;6.0;43.88579094;-0.50939798;2024-10-29 15:00:00
202400044439.0;1;41;41047;2;2;1.0;3.0;47.60314;1.34959;2024-09-24 17:55:00
202400044440.0;1;67;67348;1;6;1.0;3.0;48.455652;7.47021;2024-12-03 08:15:00
202400044441.0;5;38;38169;2;1;1.0;7.0;45.19352;5.69477;2024-09-19 20:05:00
202400044442.0;1;38;38421;2;1;1.0;4.0;45.16945183;5.7561086;2024-10-31 12:15:00
202400044443.0;1;37;37195;2;1;1.0;7.0;47.3898;0.64818;2024-09-26 16:40:00
202400044444.0;5;38;38317;2;2;1.0;3.0;45.138181;5.702108;2024-12-06 20:42:00
202400044445.0;2;38;38185;2;7;1.0;6.0;45.18195;5.72792;2024-10-30 17:15:00
202400044446.0;1;37;37261;2;1;1.0;7.0;47.36215;0.69567;2024-09-26 16:00:00
202400044447.0;3;69;69017;1;1;2.0;1.0;45.911656;4.602081;2024-12-07 18:00:00
202400044448.0;1;37;37261;2;1;1.0;6.0;47.36843;0.70802;2024-10-31 11:30:00
202400044449.0;4;37;37214;2;1;3.0;2.0;47.42751;0.65853;2024-09-25 22:39:00
202400044450.0;1;69;69269;1;1;2.0;1.0;45.71450768;4.57794623;2024-12-08 14:10:00
202400044451.0;5;35;35238;2;1;1.0;6.0;48.098146;-1.699406;2024-10-31 22:30:00
202400044452.0;5;35;35238;2;2;1.0;7.0;48.11822176;-1.68687664;2024-09-26 21:15:00
202400044453.0;1;34;34301;2;1;1.0;6.0;43.41159;3.69176;2024-10-30 10:05:00
202400044454.0;1;34;34108;1;1;1.0;2.0;43.43361;3.70257;2024-09-26 17:15:00
202400044455.0;1;34;34003;2;1;1.0;6.0;43.28729;3.51155;2024-10-27 12:20:00
202400044456.0;1;40;40184;2;2;8.0;3.0;44.20062806;-1.24117613;2024-12-06 10:45:00
202400044457.0;2;33;33069;2;2;1.0;3.0;44.85938;-0.58969;2024-10-31 19:00:00
202400044458.0;1;34;34172;2;1;1.0;4.0;43.626048;3.824018;2024-09-26 12:35:00