Num_Acc;lum;departement;commune;agglomeration;intersection;meteo;type_collision;lat;long;date
202400044459.0;5;33;33433;2;1;2.0;1.0;44.909839;-0.427941;2024-12-07 05:50:00
202400044460.0;3;33;33522;2;1;3.0;6.0;44.81367;-0.60465;2024-09-07 03:20:00
202400044461.0;5;85;85226;2;1;6.0;6.0;46.714797;-1.974953;2024-12-07 19:50:00
202400044462.0;1;31;31555;2;1;2.0;6.0;43.63844;1.44422;2024-09-26 17:52:00
202400044463.0;1;33;33119;2;9;1.0;3.0;44.84601;-0.53528;2024-10-31 14:00:00
202400044464.0;1;30;30007;2;3;1.0;3.0;44.12253;4.08338;2024-09-25 12:15:00
202400044465.0;1;33;33550;2;3;1.0;3.0;44.78156;-0.56427;2024-10-30 15:50:00
202400044466.0;5;72;72264;2;3;1.0;1.0;47.839089;-0.316871;2024-12-08 18:45:00
202400044467.0;1;32;32013;2;1;1.0;;43.64173;0.58538;2024-10-31 10:50:00
202400044468.0;1;61;61074;1;1;2.0;2.0;48.567694;-0.157531;2024-12-08 10:01:00
202400044469.0;1;25;25056;2;1;2.0;3.0;47.24812;5.97888;2024-09-26 16:15:00
202400044470.0;4;29;29232;2;1;1.0;3.0;47.98145316;-4.12027375;2024-10-30 17:55:00
202400044471.0;3;14;14762;1;1;3.0;6.0;48.842421;-0.844751;2024-12-08 20:00:00
202400044472.0;1;13;13071;2;1;8.0;1.0;43.38323;5.34372;2024-09-26 13:30:00
202400044473.0;5;29;29019;2;2;1.0;6.0;48.410075;-4.456525;2024-10-30 19:28:00
202400044474.0;5;13;13056;2;9;1.0;3.0;43.42728;5.051;2024-09-26 05:50:00
202400044475.0;5;25;25056;2;1;1.0;1.0;47.22642;5.97783;2024-10-31 19:40:00
202400044476.0;3;13;13203;1;1;1.0;4.0;43.31930877;5.36864472;2024-12-06 18:00:00
202400044477.0;1;13;13212;2;9;1.0;3.0;43.30388;5.40708;2024-09-26 16:45:00
202400044478.0;1;22;22187;1;1;1.0;2.0;48.53379502;-2.75845578;2024-10-31 13:25:00
202400044479.0;1;13;13209;2;1;8.0;3.0;43.26388;5.41847;2024-09-26 08:20:00
202400044480.0;1;33;33063;1;1;2.0;4.0;44.882722;-0.551847;2024-12-07 16:10:00
202400044481.0;1;13;13207;2;1;1.0;3.0;43.29174;5.35638;2024-09-25 17:00:00
202400044482.0;1;15;15014;2;1;1.0;7.0;44.92444;2.44452;2024-10-30 17:25:00
202400044483.0;3;33;33318;1;1;3.0;2.0;44.811812;-0.671863;2024-12-07 05:34:00
202400044484.0;1;11;11262;2;1;1.0;6.0;43.18297;3.00783;2024-07-30 19:45:00
202400044485.0;1;13;13106;2;1;1.0;2.0;43.40682;5.36217;2024-10-31 11:20:00
202400044486.0;1;91;91659;1;1;8.0;7.0;48.590572;2.446304;2024-12-07 09:45:00
202400044487.0;1;91;91086;1;1;2.0;7.0;48.62435;2.37794;2024-12-07 09:40:00
202400044488.0;1;7;7019;1;1;2.0;4.0;44.61505;4.40855;2024-09-26 16:50:00
202400044489.0;4;13;13077;1;1;1.0;1.0;43.42209452;4.97710329;2024-10-31 03:45:00
202400044490.0;1;13;13206;2;1;1.0;2.0;43.28437;5.37183;2024-10-30 11:10:00
202400044491.0;5;92;92050;1;1;8.0;3.0;48.89509609;2.22815045;2024-12-07 19:30:00
202400044492.0;1;6;6069;2;1;3.0;3.0;43.640848;6.911658;2024-09-26 11:50:00
202400044493.0;5;93;93008;1;1;2.0;3.0;48.90829446;2.45075583;2024-12-07 07:34:00
202400044494.0;1;1;1053;2;1;8.0;3.0;46.20969;5.22671;2024-09-25 10:00:00
202400044495.0;1;75;75115;2;1;2.0;2.0;48.825518;2.300902;2024-09-26 18:50:00
202400044496.0;3;94;94028;1;1;2.0;3.0;48.776362;2.433254;2024-12-07 19:00:00
202400044497.0;5;77;77372;1;1;2.0;6.0;48.87691897;2.66878603;2024-12-07 01:00:00
202400044498.0;1;13;13028;2;2;1.0;1.0;43.1721;5.59885;2024-10-31 12:20:00
202400044499.0;3;13;13004;1;1;1.0;1.0;43.65692;4.66249;2024-10-31 21:08:00
202400044500.0;1;94;94017;1;1;1.0;6.0;48.83041529;2.4904233;2024-12-06 14:39:00
202400044501.0;1;75;75115;2;1;1.0;4.0;48.826376;2.297013;2024-09-25 12:15:00
202400044502.0;4;13;13001;2;3;1.0;3.0;43.51553;5.44253;2024-05-29 23:20:00
202400044503.0;1;75;75118;2;2;2.0;6.0;48.893017;2.327437;2024-09-26 14:56:00
202400044504.0;1;988;98818;2;1;1.0;6.0;-22.26076;166.39044;2024-12-07 09:25:00
202400044505.0;5;75;75106;2;7;3.0;6.0;48.853614;2.34421;2024-09-25 22:25:00
202400044506.0;5;974;97411;2;1;1.0;6.0;-20.92259;55.49171;2024-12-06 22:25:00
202400044507.0;3;13;13001;1;1;1.0;4.0;43.55016;5.43137;2024-10-31 18:50:00
202400044508.0;1;75;75118;2;3;2.0;6.0;48.889551;2.337056;2024-09-26 16:45:00
202400044509.0;1;75;75116;2;1;2.0;3.0;48.875626;2.283838;2024-09-26 18:50:00
202400044510.0;1;13;13001;1;1;1.0;1.0;43.59671;5.35194;2024-10-30 13:10:00
202400044511.0;1;75;75116;2;1;2.0;6.0;48.847737;2.273717;2024-09-26 16:45:00
202400044512.0;1;974;97409;1;9;1.0;5.0;-20.96549;55.65753;2024-12-06 10:30:00
202400044513.0;1;11;11069;1;1;1.0;3.0;43.2327;2.3548;2024-10-30 08:55:00
202400044514.0;5;75;75116;2;2;2.0;3.0;48.871128;2.295644;2024-09-25 20:20:00
202400044515.0;1;10;10333;2;6;2.0;7.0;48.2701;4.0507;2024-10-31 08:36:00
202400044516.0;1;973;97302;2;1;1.0;5.0;4.93414;-52.31081;2024-12-06 07:40:00
202400044517.0;1;75;75115;2;1;2.0;6.0;48.847755;2.301651;2024-09-25 12:50:00
202400044518.0;1;7;7019;2;1;1.0;6.0;44.61955;4.39055;2024-10-31 14:55:00
202400044519.0;1;973;97302;2;1;1.0;6.0;4.93358;-52.33038;2024-12-06 08:25:00
202400044520.0;1;75;75114;2;3;2.0;6.0;48.840538;2.333717;2024-09-25 15:45:00
202400044521.0;5;6;6088;2;2;1.0;3.0;43.73484;7.29806;2024-10-31 19:21:00
202400044522.0;1;75;75113;2;3;2.0;3.0;48.835389;2.341673;2024-09-25 09:20:00
202400044523.0;2;972;97209;1;1;1.0;2.0;14.600412;-61.046651;2024-12-05 18:10:00
202400044524.0;1;6;6029;2;1;1.0;3.0;43.54102;6.96016;2024-10-31 16:15:00
202400044525.0;1;971;97113;2;1;1.0;6.0;16.21334;-61.42787;2024-12-06 08:50:00
202400044526.0;1;75;75116;2;1;1.0;2.0;48.853942;2.253986;2024-10-30 09:40:00
202400044527.0;1;75;75112;2;2;1.0;6.0;48.848009;2.371424;2024-09-26 18:15:00
202400044528.0;5;75;75110;2;1;8.0;3.0;48.868649;2.357827;2024-09-26 20:55:00
202400044529.0;1;971;97101;1;1;1.0;1.0;16.26743;-61.48966;2024-12-05 14:45:00
202400044530.0;1;75;75110;2;1;3.0;7.0;48.873157;2.362546;2024-09-26 15:20:00
202400044531.0;1;95;95203;2;3;1.0;1.0;48.98464608;2.2724348;2024-12-06 11:58:00
202400044532.0;5;75;75116;2;2;3.0;6.0;48.865104;2.298894;2024-09-25 20:45:00
202400044533.0;5;75;75114;2;2;1.0;6.0;48.836897;2.323255;2024-10-31 21:55:00
202400044534.0;5;91;91549;2;2;1.0;6.0;48.65164;2.3326;2024-12-06 19:28:00
202400044535.0;1;75;75108;2;2;8.0;6.0;48.86775;2.313988;2024-09-26 08:50:00
202400044536.0;5;91;91692;2;3;1.0;3.0;48.68471;2.194052;2024-12-06 20:55:00
202400044537.0;1;75;75116;2;3;1.0;3.0;48.866332;2.291155;2024-10-31 11:45:00
202400044538.0;3;94;94044;1;1;2.0;3.0;48.744638;2.498297;2024-09-26 06:10:00
202400044539.0;1;91;91687;2;1;1.0;6.0;48.66627;2.36366;2024-12-06 09:15:00
202400044540.0;5;87;87085;2;3;2.0;3.0;45.81205;1.25779;2024-12-05 19:10:00
202400044541.0;1;94;94074;2;2;2.0;2.0;48.74726886;2.46207583;2024-09-25 16:02:00
202400044542.0;5;75;75105;2;2;1.0;3.0;48.846601;2.351655;2024-10-30 22:40:00
202400044543.0;1;87;87085;2;1;1.0;6.0;45.82609;1.26633;2024-12-05 09:40:00
202400044544.0;1;94;94076;2;1;1.0;6.0;48.80534;2.36365;2024-09-26 18:45:00
202400044545.0;1;75;75112;2;2;1.0;3.0;48.847348;2.375252;2024-10-31 08:25:00
202400044546.0;1;94;94073;2;1;2.0;5.0;48.75754;2.38974;2024-09-26 13:35:00
202400044547.0;1;94;94054;2;3;3.0;3.0;48.74994;2.41025;2024-09-26 13:30:00
202400044548.0;5;93;93048;2;1;2.0;6.0;48.86898693;2.46214986;2024-09-26 20:50:00
202400044549.0;1;93;93051;2;4;3.0;3.0;48.83673198;2.56284177;2024-09-26 16:50:00
202400044550.0;1;75;75103;2;7;1.0;3.0;48.867956;2.362387;2024-10-31 13:05:00
202400044551.0;1;93;93047;2;2;2.0;3.0;48.89938187;2.55953493;2024-09-26 10:30:00
202400044552.0;1;84;84007;2;2;1.0;2.0;43.93189;4.82913;2024-12-06 12:00:00
202400044553.0;1;93;93001;2;1;8.0;3.0;48.90827233;2.38490135;2024-09-26 12:17:00
202400044554.0;1;84;84007;2;2;1.0;1.0;43.9378;4.84943;2024-12-05 13:00:00
202400044555.0;1;93;93001;2;7;2.0;3.0;48.90764805;2.38355577;2024-09-25 12:35:00
202400044556.0;5;94;94046;2;2;1.0;3.0;48.80728;2.44794;2024-10-31 17:35:00
202400044557.0;2;81;81065;2;3;1.0;3.0;43.602105;2.250265;2024-12-06 17:30:00
202400044558.0;1;92;92076;2;1;1.0;3.0;48.83781184;2.15714604;2024-09-26 07:50:00
202400044559.0;5;94;94033;2;1;8.0;3.0;48.84915359;2.4591604;2024-10-30 18:30:00
202400044560.0;1;80;80021;2;1;1.0;7.0;49.89091;2.27722;2024-12-06 14:35:00
202400044561.0;1;94;94028;2;1;1.0;3.0;48.80006;2.45089;2024-10-31 09:45:00
202400044562.0;1;92;92063;2;3;3.0;6.0;48.87032132;2.18937423;2024-09-26 14:25:00
202400044563.0;1;93;93078;1;6;1.0;3.0;48.97120684;2.54954701;2024-10-31 11:20:00
202400044564.0;1;95;95527;1;9;1.0;6.0;48.99783;2.52145;2024-10-31 09:00:00
202400044565.0;2;93;93053;2;1;1.0;6.0;48.89285869;2.4694297;2024-10-30 19:40:00
202400044566.0;1;78;78401;2;2;7.0;3.0;49.011458;1.921113;2024-12-06 13:40:00
202400044567.0;2;92;92012;2;1;2.0;6.0;48.83823063;2.23217652;2024-09-25 16:20:00
202400044568.0;3;78;78168;2;1;1.0;6.0;48.749829;1.927604;2024-11-28 00:40:00
202400044569.0;1;93;93006;2;3;8.0;3.0;48.87116992;2.42628872;2024-10-31 12:15:00
202400044570.0;1;47;47100;1;1;2.0;1.0;44.26226731;0.63410933;2024-09-26 17:15:00
202400044571.0;1;93;93032;2;2;1.0;3.0;48.89020004;2.52220184;2024-10-31 11:30:00
202400044572.0;1;77;77085;2;1;1.0;1.0;48.855847;2.749275;2024-12-06 08:45:00
202400044573.0;1;93;93059;2;1;8.0;6.0;48.94993;2.36538;2024-10-31 15:45:00
202400044574.0;3;40;40133;1;1;1.0;2.0;43.588761;-1.419146;2024-09-27 06:50:00
202400044575.0;5;76;76681;2;1;2.0;6.0;49.4244;1.08751;2024-12-07 00:35:00
202400044576.0;1;93;93013;2;9;1.0;3.0;48.93140811;2.42227167;2024-10-28 16:30:00
202400044577.0;1;8;8145;1;1;1.0;1.0;49.658138;5.047265;2024-09-27 13:00:00
202400044578.0;1;76;76212;2;1;2.0;3.0;49.44053;1.15083;2024-12-05 15:40:00
202400044579.0;5;93;93014;2;1;1.0;3.0;48.90569;2.55152;2024-10-31 02:50:00
202400044580.0;1;51;51649;2;6;8.0;6.0;48.72361;4.588514;2024-09-27 10:15:00
202400044581.0;5;76;76351;2;3;1.0;3.0;49.49829;0.14806;2024-12-06 06:20:00
202400044582.0;5;93;93007;2;3;1.0;3.0;48.92392577;2.47586202;2024-10-31 17:39:00
202400044583.0;1;51;51649;2;6;3.0;3.0;48.723529;4.588434;2024-09-26 11:40:00
202400044584.0;2;92;92075;2;1;1.0;6.0;48.82211547;2.28210121;2024-10-26 08:30:00
202400044585.0;1;71;71306;1;1;1.0;2.0;46.662;4.33331;2024-12-06 14:45:00
202400044586.0;1;92;92033;2;1;1.0;6.0;48.83920664;2.18614385;2024-10-31 11:00:00
202400044587.0;1;69;69266;2;1;2.0;6.0;45.76476;4.87165;2024-12-06 09:00:00
202400044588.0;1;83;83058;2;1;1.0;6.0;43.536586;6.389866;2024-09-26 16:40:00
202400044589.0;5;92;92040;2;1;1.0;6.0;48.82011341;2.27972031;2024-10-31 19:30:00
202400044590.0;1;69;69259;2;1;1.0;3.0;45.71655;4.87086;2024-12-06 13:00:00
202400044591.0;1;92;92062;2;1;1.0;6.0;48.8909782;2.23949479;2024-10-31 11:50:00
202400044592.0;5;67;67482;2;1;1.0;3.0;48.54576;7.76303;2024-12-05 19:50:00
202400044593.0;3;974;97422;2;6;1.0;1.0;-21.27600202;55.52489358;2024-09-27 00:30:00
202400044594.0;5;92;92025;2;1;1.0;3.0;48.93080047;2.26726189;2024-10-31 19:53:00
202400044595.0;3;972;97221;1;1;1.0;7.0;14.50305;-60.98077;2024-09-22 23:25:00
202400044596.0;5;92;92023;2;9;5.0;6.0;48.78745587;2.25664705;2024-10-31 21:33:00
202400044597.0;1;67;67482;2;2;2.0;3.0;48.58417;7.69325;2024-12-05 14:50:00
202400044598.0;1;92;92019;2;8;1.0;3.0;48.76472871;2.26528868;2024-10-31 12:40:00
202400044599.0;1;27;27368;1;2;1.0;3.0;48.84485;1.285057;2024-09-26 16:42:00
202400044600.0;1;67;67482;2;3;1.0;3.0;48.54817;7.74359;2024-12-05 12:25:00
202400044601.0;5;92;92012;2;1;1.0;3.0;48.84528662;2.23717421;2024-10-31 20:45:00
202400044602.0;1;83;83036;2;9;1.0;1.0;43.173284;6.521662;2024-09-15 08:45:00
202400044603.0;1;92;92009;2;3;1.0;6.0;48.91505908;2.27075368;2024-10-30 17:58:00
202400044604.0;5;66;66136;2;3;1.0;3.0;42.69852;2.88737;2024-12-06 03:00:00
202400044605.0;2;71;71081;1;1;8.0;3.0;46.805435;4.824221;2024-09-26 19:15:00
202400044606.0;1;58;58002;2;1;1.0;6.0;47.450605;3.067642;2024-09-27 09:45:00
202400044607.0;5;66;66136;2;2;1.0;3.0;42.70651;2.90002;2024-12-05 20:00:00
202400044608.0;5;92;92004;2;9;1.0;4.0;48.9162915;2.29000676;2024-10-29 19:00:00
202400044609.0;3;47;47244;1;1;3.0;6.0;44.352942;0.153932;2024-09-22 01:15:00
202400044610.0;2;64;64024;2;1;2.0;6.0;43.49363;-1.50996;2024-12-06 08:20:00
202400044611.0;1;92;92002;2;9;1.0;4.0;48.77009322;2.31161714;2024-10-31 15:20:00
202400044612.0;1;19;19023;2;1;2.0;7.0;45.12418503;1.73010801;2024-09-26 17:00:00
202400044613.0;1;64;64024;2;1;1.0;3.0;43.48219522;-1.50754899;2024-12-05 12:50:00
202400044614.0;3;31;31527;1;1;1.0;6.0;43.545298;1.801211;2024-10-31 21:45:00
202400044615.0;5;62;62178;2;6;1.0;6.0;50.49421532;2.57440182;2024-12-06 18:50:00
202400044616.0;1;77;77310;1;1;1.0;5.0;48.370769;3.233382;2024-09-27 13:40:00
202400044617.0;3;80;80572;1;2;5.0;7.0;49.936078;2.62731;2024-10-31 18:05:00
202400044618.0;2;62;62160;2;1;6.0;7.0;50.72651635;1.61689818;2024-12-06 08:09:00
202400044619.0;1;76;76091;1;2;8.0;1.0;49.716208;0.604548;2024-09-26 18:25:00
202400044620.0;2;26;26305;1;1;1.0;2.0;44.601931;4.906857;2024-10-29 18:02:00
202400044621.0;5;62;62037;2;1;8.0;2.0;50.31307;2.74604;2024-11-28 17:15:00
202400044622.0;1;65;65388;1;1;1.0;6.0;42.829134;0.292103;2024-09-27 10:45:00
202400044623.0;1;95;95487;2;1;1.0;6.0;49.143661;2.273258;2024-11-01 09:34:00
202400044624.0;5;62;62041;2;1;2.0;6.0;50.29254;2.75525;2024-12-05 17:55:00
202400044625.0;2;31;31184;1;1;1.0;2.0;43.60210303;1.55240948;2024-11-01 17:16:00
202400044626.0;1;69;69217;1;1;1.0;1.0;45.997618;4.429421;2024-09-26 17:30:00
202400044627.0;5;62;62041;2;6;2.0;3.0;50.2830265;2.80204725;2024-12-05 17:20:00
202400044628.0;1;22;22116;1;1;5.0;6.0;48.535448;-3.039522;2024-11-01 09:30:00
202400044629.0;5;60;60057;2;2;2.0;6.0;49.43544;2.09885;2024-12-06 22:30:00
202400044630.0;1;63;63381;1;1;1.0;6.0;45.838241;2.866809;2024-09-26 16:00:00
202400044631.0;5;6;6033;2;1;1.0;3.0;43.77797;7.201936;2024-10-30 20:00:00
202400044632.0;1;83;83021;2;7;7.0;6.0;43.472126;5.953648;2024-10-31 09:44:00
202400044633.0;3;59;59648;2;1;2.0;1.0;50.58619;3.03423;2024-12-05 19:35:00
202400044634.0;3;12;12288;1;1;2.0;1.0;44.432447;2.442967;2024-09-26 18:33:00
202400044635.0;1;2A;2A017;1;1;1.0;6.0;42.010004;8.738433;2024-11-01 09:00:00
202400044636.0;3;59;59122;1;1;1.0;5.0;50.14898;3.2198;2024-12-06 17:50:00
202400044637.0;3;80;80585;1;1;1.0;6.0;49.7622;2.903747;2024-11-01 06:00:00
202400044638.0;1;42;42097;2;2;1.0;2.0;45.498301;4.317412;2024-09-26 18:40:00
202400044639.0;4;65;65025;2;1;1.0;7.0;43.004824;-0.091546;2024-10-31 18:53:00
202400044640.0;5;56;56260;2;6;2.0;3.0;47.6596907;-2.719159;2024-12-06 17:45:00
202400044641.0;3;11;11332;1;1;1.0;6.0;43.127735;2.84442;2024-11-01 04:16:00
202400044642.0;1;56;56162;2;6;2.0;3.0;47.73659;-3.43266;2024-12-05 13:25:00
202400044643.0;2;25;25222;1;6;1.0;6.0;47.157885;6.252422;2024-11-01 08:00:00
202400044644.0;1;54;54395;2;2;1.0;6.0;48.69658;6.17435;2024-12-06 11:35:00
202400044645.0;3;29;29210;2;1;5.0;6.0;48.58485129;-4.04982488;2024-11-01 02:20:00
202400044646.0;1;31;31546;1;1;7.0;6.0;43.366846;1.65208;2024-11-01 16:10:00
202400044647.0;5;54;54357;2;9;2.0;6.0;48.71266;6.16273;2024-12-05 19:00:00
202400044648.0;1;31;31052;1;1;1.0;2.0;43.393074;1.355438;2024-11-01 14:08:00
202400044649.0;5;51;51454;2;1;1.0;5.0;49.28216;4.02724;2024-12-06 22:40:00
202400044650.0;5;38;38501;1;1;1.0;6.0;45.301475;5.951307;2024-10-30 18:05:00
202400044651.0;5;51;51454;2;3;1.0;6.0;49.24517;4.01247;2024-12-06 18:40:00
202400044652.0;1;38;38150;1;6;1.0;3.0;45.210252;5.834609;2024-10-29 14:00:00
202400044653.0;2;1;1025;2;3;2.0;1.0;46.312907;4.92971;2024-10-31 07:30:00
202400044654.0;5;51;51454;2;2;2.0;3.0;49.25521;4.04626;2024-12-05 17:55:00
202400044655.0;1;72;72023;1;1;1.0;1.0;48.160611;0.235337;2024-10-24 13:21:00
202400044656.0;2;51;51454;2;1;8.0;6.0;49.27;4.022;2024-12-05 16:45:00
202400044657.0;1;51;51454;2;1;1.0;2.0;49.22065;4.02169;2024-12-05 17:00:00
202400044658.0;3;14;14714;1;1;8.0;7.0;49.210182;-0.795372;2024-11-01 00:01:00
202400044659.0;1;64;64066;2;2;2.0;3.0;43.168069;-1.258321;2024-10-13 17:00:00
202400044660.0;2;51;51454;2;6;1.0;3.0;49.23926978;3.9959898;2024-12-05 08:04:00
202400044661.0;3;17;17218;1;1;1.0;7.0;46.324364;-0.963401;2024-10-31 20:40:00
202400044662.0;4;50;50129;2;6;3.0;2.0;49.61973;-1.61259;2024-12-05 16:15:00
202400044663.0;1;30;30354;1;2;1.0;3.0;43.945094;4.141502;2024-10-21 11:29:00
202400044664.0;5;50;50129;2;3;3.0;3.0;49.6377;-1.6045;2024-12-05 20:10:00
202400044665.0;5;48;48140;2;6;1.0;6.0;44.798333;3.275833;2024-11-01 05:10:00
202400044666.0;5;50;50129;2;3;1.0;6.0;49.63463;-1.62323;2024-12-03 18:25:00
202400044667.0;1;88;88516;1;6;1.0;1.0;48.193871;5.929356;2024-10-31 14:45:00
202400044668.0;1;988;98805;1;1;1.0;6.0;-22.142807;166.448803;2024-11-01 11:00:00
202400044669.0;5;49;49007;2;1;1.0;4.0;47.45167;-0.54019;2024-12-06 18:50:00
202400044670.0;1;13;13069;1;1;1.0;1.0;43.604542;5.189366;2024-11-01 11:30:00
202400044671.0;5;49;49007;2;1;1.0;2.0;47.45294;-0.56988;2024-12-05 18:35:00
202400044672.0;1;69;69244;2;2;8.0;1.0;45.758298;4.751823;2024-10-31 10:15:00
202400044673.0;1;47;47027;1;9;1.0;6.0;44.40139701;0.67097041;2024-12-06 11:13:00
202400044674.0;5;27;27332;1;9;5.0;6.0;49.19157;1.232153;2024-11-01 06:29:00
202400044675.0;1;45;45338;2;1;1.0;6.0;47.99074;2.71231;2024-12-06 11:00:00
202400044676.0;5;45;45208;2;1;1.0;6.0;47.99797;2.739581;2024-12-04 18:20:00
202400044677.0;3;29;29147;1;1;5.0;6.0;47.89483099;-3.56155348;2024-10-31 20:40:00
202400044678.0;5;44;44109;2;6;3.0;2.0;47.20877;-1.58732;2024-12-05 19:20:00
202400044679.0;5;77;77211;2;1;1.0;6.0;48.581888;2.988882;2024-10-30 21:25:00
202400044680.0;2;41;41018;2;1;1.0;6.0;47.59826;1.31109;2024-12-06 07:45:00
202400044681.0;3;34;34022;1;1;1.0;2.0;43.65410421;3.99629816;2024-10-31 19:50:00
202400044682.0;1;13;13042;1;5;1.0;3.0;43.274268;5.637102;2024-10-31 17:00:00
202400044683.0;5;13;13027;2;3;2.0;3.0;43.887907;4.852186;2024-10-27 22:00:00
202400044684.0;5;38;38516;2;1;1.0;5.0;45.19642;5.75216;2024-12-06 17:45:00
202400044685.0;3;67;67203;2;1;5.0;7.0;48.77901;7.678828;2024-11-01 02:45:00
202400044686.0;1;38;38421;2;1;2.0;1.0;45.18284;5.76368;2024-12-06 10:15:00
202400044687.0;1;17;17115;1;1;7.0;1.0;45.642818;-0.564744;2024-11-01 15:45:00
202400044688.0;5;16;16138;2;9;1.0;6.0;45.665223;0.091713;2024-10-31 18:00:00
202400044689.0;1;35;35238;2;3;1.0;1.0;48.10048;-1.67218;2024-12-06 10:55:00
202400044690.0;1;33;33056;2;1;1.0;2.0;44.909128;-0.631016;2024-10-29 15:45:00
202400044691.0;3;56;56023;1;1;1.0;6.0;47.691082;-3.007443;2024-11-01 04:10:00
202400044692.0;3;60;60045;1;1;1.0;2.0;49.21752;2.685674;2024-10-27 00:10:00
202400044693.0;1;13;13015;1;1;1.0;3.0;43.42926433;5.38907648;2024-10-31 17:22:00
202400044694.0;1;13;13216;1;1;1.0;2.0;43.35557748;5.34706133;2024-10-30 08:50:00
202400044695.0;1;33;33550;1;1;1.0;2.0;44.778162;-0.556477;2024-10-30 07:45:00
202400044696.0;1;91;91223;2;9;4.0;6.0;48.43562;2.15227;2024-01-09 15:30:00
202400044697.0;1;84;84080;1;1;8.0;7.0;44.01871;4.96148;2024-01-09 11:10:00
202400044698.0;1;84;84007;2;1;8.0;2.0;43.95364;4.83404;2024-01-09 11:40:00
202400044699.0;5;80;80021;2;4;8.0;6.0;49.90126088;2.28816837;2024-01-09 07:42:00
202400044700.0;1;78;78401;2;3;1.0;6.0;49.00582;1.90639;2024-01-09 11:20:00
202400044701.0;2;76;76165;2;1;1.0;3.0;49.27819;1.02994;2024-01-09 18:20:00
202400044702.0;3;76;76305;2;1;1.0;7.0;49.4975;0.19693;2024-01-08 07:25:00
202400044703.0;5;76;76351;2;2;2.0;3.0;49.48988;0.11943;2024-01-07 21:52:00
202400044704.0;5;72;72181;2;1;1.0;4.0;47.99611;0.208;2024-01-08 18:50:00
202400044705.0;3;72;72181;1;4;1.0;2.0;48.01721;0.24278;2024-01-08 18:30:00
202400044706.0;1;72;72181;2;9;1.0;6.0;47.97719;0.22344;2024-01-08 09:00:00
202400044707.0;1;69;69115;2;6;1.0;3.0;45.96551;4.71632;2024-01-08 14:50:00
202400044708.0;1;67;67482;2;3;8.0;3.0;48.58882;7.73997;2024-01-08 09:15:00
202400044709.0;1;64;64129;2;1;1.0;7.0;43.30584051;-0.40302068;2024-01-09 16:20:00
202400044710.0;5;64;64102;2;1;1.0;6.0;43.49286;-1.49525;2024-01-08 19:06:00
202400044711.0;1;63;63300;2;5;4.0;6.0;45.8943;3.11787;2024-01-08 12:14:00
202400044712.0;5;62;62041;2;6;1.0;2.0;50.29699747;2.76917732;2024-01-08 07:40:00
202400044713.0;1;59;59599;2;1;1.0;6.0;50.7246;3.1531;2024-01-09 16:45:00
202400044714.0;1;59;59017;2;1;7.0;6.0;50.69986;2.88831;2024-01-09 11:40:00
202400044715.0;4;54;54304;2;1;1.0;6.0;48.68971975;6.13025576;2024-01-08 21:40:00
202400044716.0;3;54;54578;2;1;1.0;2.0;48.66965;6.15556;2024-01-08 07:45:00
202400044717.0;1;54;54328;2;1;8.0;6.0;48.62106;6.16811;2024-01-08 09:09:00
202400044718.0;1;49;49267;1;2;8.0;3.0;47.46665;-0.46861;2024-01-08 16:55:00
202400044719.0;5;49;49007;2;1;1.0;3.0;47.4653;-0.55035;2024-01-08 19:48:00
202400044720.0;5;45;45274;2;3;1.0;3.0;47.88198;1.9522;2024-01-09 18:30:00
202400044721.0;3;41;41018;2;1;4.0;6.0;47.58901;1.28751;2024-01-09 18:55:00
202400044722.0;1;35;35238;2;1;1.0;3.0;48.12612;-1.70298;2024-01-09 12:55:00
202400044723.0;5;34;34172;2;1;1.0;1.0;43.60884;3.84259;2024-01-09 19:40:00
202400044724.0;5;33;33281;2;2;1.0;3.0;44.825718;-0.628116;2024-01-09 19:07:00
202400044725.0;2;33;33281;2;6;1.0;6.0;44.828062;-0.648766;2024-01-09 08:27:00
202400044726.0;5;33;33281;2;6;1.0;2.0;44.81738;-0.6742;2024-01-08 19:11:00
202400044727.0;5;31;31555;2;9;1.0;2.0;43.57875611;1.36567891;2024-01-09 23:45:00
202400044728.0;5;31;31555;2;9;9.0;3.0;43.56906721;1.45642474;2024-01-09 20:06:00
202400044729.0;1;31;31555;2;1;1.0;3.0;43.60928;1.44619;2024-01-09 15:40:00
202400044730.0;2;31;31022;2;1;1.0;3.0;43.66019;1.43156;2024-01-09 07:53:00
202400044731.0;5;29;29019;2;3;1.0;3.0;48.388684;-4.516905;2024-01-08 18:30:00
202400044732.0;3;22;22187;2;1;1.0;6.0;48.53817;-2.72283;2024-01-10 01:30:00
202400044733.0;1;1;1157;1;4;1.0;1.0;46.012943;4.752628;2024-04-02 09:24:00
202400044734.0;4;22;22215;2;1;1.0;4.0;48.4971;-2.7689;2024-01-09 07:50:00
202400044735.0;1;22;22044;1;1;8.0;2.0;48.476236;-2.585392;2024-04-02 08:20:00
202400044736.0;5;14;14574;1;6;4.0;7.0;49.137273;0.171761;2024-01-09 02:30:00
202400044737.0;3;974;97413;1;1;2.0;6.0;-21.141764;55.290343;2024-04-02 19:45:00
202400044738.0;1;14;14118;2;1;1.0;7.0;49.16753;-0.34635;2024-01-08 09:57:00
202400044739.0;1;13;13103;2;9;1.0;3.0;43.63566093;5.08003842;2024-01-09 12:30:00
202400044740.0;1;13;13204;2;1;1.0;6.0;43.30145;5.40059;2024-01-08 15:42:00
202400044741.0;1;62;62118;1;2;2.0;3.0;50.370766;2.551124;2024-04-02 12:20:00
202400044742.0;1;74;74267;2;1;1.0;3.0;45.870174;6.14061;2024-04-02 18:40:00