Num_Acc;lum;departement;commune;agglomeration;intersection;meteo;type_collision;lat;long;date
202400044743.0;3;10;10081;1;9;1.0;5.0;48.3195;4.0219;2024-01-04 05:02:00
202400044744.0;2;80;80368;1;6;1.0;3.0;50.073516;1.542506;2024-04-03 07:05:00
202400044745.0;3;10;10357;1;1;1.0;2.0;48.294;4.1384;2024-01-08 17:55:00
202400044746.0;5;4;4070;2;1;2.0;6.0;44.09295;6.23473;2024-01-09 18:30:00
202400044747.0;1;61;61163;2;1;1.0;2.0;48.663788;-0.5144321;2024-04-03 13:30:00
202400044748.0;5;2;2722;2;3;1.0;6.0;49.36313;3.32569;2024-01-04 19:50:00
202400044749.0;2;42;42267;1;3;1.0;3.0;46.150836;4.152896;2024-04-03 20:00:00
202400044750.0;1;1;1451;2;1;4.0;6.0;46.26018;5.23258;2024-01-09 09:25:00
202400044751.0;1;34;34031;1;1;7.0;7.0;43.347184;3.428271;2024-03-31 15:30:00
202400044752.0;5;75;75113;2;1;1.0;4.0;48.820273;2.37556;2024-01-09 17:45:00
202400044753.0;1;34;34237;1;1;1.0;6.0;43.494775;3.336094;2024-04-03 09:10:00
202400044754.0;5;75;75117;2;1;1.0;4.0;48.893777;2.304534;2024-01-08 17:15:00
202400044755.0;1;68;68374;1;6;1.0;1.0;48.083698;7.312088;2024-04-02 17:40:00
202400044756.0;1;75;75119;2;3;8.0;7.0;48.88658;2.384648;2024-01-09 12:00:00
202400044757.0;1;68;68374;2;1;1.0;7.0;48.073635;7.287327;2024-03-31 13:00:00
202400044758.0;5;75;75118;2;2;1.0;6.0;48.883873;2.349512;2024-01-09 08:12:00
202400044759.0;3;39;39367;1;1;2.0;1.0;46.532702;6.019907;2024-04-01 20:40:00
202400044760.0;1;75;75117;2;1;4.0;7.0;48.890773;2.303058;2024-01-09 12:05:00
202400044761.0;5;75;75115;2;2;2.0;3.0;48.845968;2.298736;2024-01-09 18:45:00
202400044762.0;1;26;26330;1;4;8.0;1.0;45.26645;4.95429754;2024-04-03 07:30:00
202400044763.0;5;75;75114;2;5;4.0;2.0;48.841915;2.3296;2024-01-08 22:15:00
202400044764.0;1;50;50402;2;9;1.0;6.0;49.509763;-1.815064;2024-03-30 10:08:00
202400044765.0;1;75;75109;2;3;1.0;6.0;48.87873;2.327003;2024-01-09 11:35:00
202400044766.0;1;50;50483;1;1;1.0;1.0;49.091616;-1.182039;2024-04-03 10:30:00
202400044767.0;1;75;75108;2;3;1.0;6.0;48.866239;2.301444;2024-01-09 14:20:00
202400044768.0;1;43;43162;1;1;1.0;1.0;45.229599;4.000568;2024-04-01 14:15:00
202400044769.0;4;75;75114;2;3;4.0;7.0;48.832054;2.339504;2024-01-09 00:10:00
202400044770.0;3;36;36154;1;1;2.0;6.0;46.597407;1.590378;2024-04-02 21:15:00
202400044771.0;5;75;75103;2;3;1.0;3.0;48.862462;2.350421;2024-01-09 20:40:00
202400044772.0;1;16;16350;1;1;1.0;7.0;45.3047;0.23777;2024-04-02 08:00:00
202400044773.0;5;75;75104;2;2;1.0;3.0;48.856125;2.350692;2024-01-09 18:00:00
202400044774.0;2;7;7339;1;1;2.0;1.0;44.66301299;4.45153702;2024-04-03 07:30:00
202400044775.0;2;75;75101;2;2;8.0;7.0;48.861987;2.350155;2024-01-09 17:45:00
202400044776.0;2;27;27261;1;2;8.0;3.0;49.227532;0.982211;2024-03-31 19:30:00
202400044777.0;1;75;75101;2;4;1.0;3.0;48.863602;2.348153;2024-01-09 16:00:00
202400044778.0;1;28;28140;2;1;1.0;6.0;48.603984;1.676767;2024-04-03 08:30:00
202400044779.0;1;75;75104;2;2;8.0;3.0;48.856268;2.356607;2024-01-09 15:30:00
202400044780.0;1;17;17403;1;1;1.0;1.0;45.430368;-0.446776;2024-04-02 15:30:00
202400044781.0;2;31;31286;1;1;1.0;6.0;43.257124;1.109575;2024-04-02 20:00:00
202400044782.0;5;94;94044;2;6;4.0;2.0;48.75255728;2.47260931;2024-01-09 05:15:00
202400044783.0;5;94;94068;2;2;8.0;6.0;48.811528;2.4743286;2024-01-08 18:20:00
202400044784.0;1;77;77165;1;1;1.0;7.0;48.503259;2.834403;2024-04-02 14:40:00
202400044785.0;1;42;42020;1;1;1.0;6.0;45.612747;4.208;2024-04-03 07:15:00
202400044786.0;2;94;94076;2;1;1.0;2.0;48.782657;2.355151;2024-01-07 16:50:00
202400044787.0;1;13;13110;1;1;1.0;2.0;43.470207;5.664825;2024-04-02 12:45:00
202400044788.0;3;13;13025;1;1;1.0;1.0;43.487389;5.603945;2024-03-24 20:50:00
202400044789.0;5;94;94041;2;1;1.0;1.0;48.812389;2.381407;2024-01-09 22:30:00
202400044790.0;2;37;37242;1;1;1.0;6.0;47.2352764;0.1510191;2024-04-03 07:30:00
202400044791.0;1;94;94077;2;2;8.0;2.0;48.73254;2.43135;2024-01-09 12:30:00
202400044792.0;2;77;77264;1;1;2.0;3.0;48.745691;2.957253;2024-04-03 06:58:00
202400044793.0;1;32;32162;1;1;1.0;7.0;43.743135;0.48769;2024-05-02 15:45:00
202400044794.0;3;94;94053;2;1;4.0;5.0;48.77956;2.55809;2024-01-08 20:42:00
202400044795.0;1;78;78048;1;1;2.0;6.0;48.793652;1.653869;2024-02-29 07:48:00
202400044796.0;1;71;71263;2;1;1.0;6.0;46.628136;5.222151;2024-05-10 14:15:00
202400044797.0;1;2B;2B042;2;1;1.0;6.0;42.56352;9.441065;2024-04-03 11:58:00
202400044798.0;2;93;93055;2;7;1.0;6.0;48.89317332;2.41261482;2024-01-08 07:00:00
202400044799.0;1;76;76255;2;1;1.0;3.0;50.043925;1.421791;2024-05-09 18:00:00
202400044800.0;1;61;61194;1;1;1.0;1.0;48.728058;-0.114755;2024-05-09 17:01:00
202400044801.0;5;93;93046;2;2;4.0;3.0;48.91651489;2.53155068;2024-01-08 23:45:00
202400044802.0;1;83;83115;2;4;1.0;1.0;43.30478513;6.62872863;2024-04-01 17:20:00
202400044803.0;1;42;42289;1;1;1.0;3.0;45.968684;4.202174;2024-05-10 16:35:00
202400044804.0;1;6;6065;2;1;1.0;6.0;43.7023;7.146075;2024-04-01 17:00:00
202400044805.0;3;93;93030;2;9;1.0;6.0;48.94038055;2.42239818;2024-01-09 20:55:00
202400044806.0;1;86;86298;2;1;1.0;1.0;46.719493;0.535974;2024-05-10 14:15:00
202400044807.0;2;92;92073;2;1;9.0;7.0;48.86111642;2.20122162;2024-01-09 08:00:00
202400044808.0;1;22;22004;2;1;1.0;6.0;48.625388;-3.305439;2024-05-02 13:00:00
202400044809.0;1;13;13007;1;1;1.0;1.0;43.374578;5.672615;2024-04-02 10:47:00
202400044810.0;5;92;92064;2;1;1.0;4.0;48.8562198;2.2231881;2024-01-08 07:00:00
202400044811.0;1;44;44045;1;1;1.0;6.0;47.299627;-1.849303;2024-05-10 09:28:00
202400044812.0;1;13;13015;2;3;1.0;3.0;43.425969;5.3866;2024-04-03 10:05:00
202400044813.0;3;38;38139;1;1;1.0;6.0;45.757913;5.460291;2024-05-08 21:10:00
202400044814.0;1;92;92051;2;1;4.0;6.0;48.88281017;2.26742917;2024-01-09 13:06:00
202400044815.0;1;92;92051;2;1;1.0;6.0;48.87923;2.27769;2024-01-09 12:05:00
202400044816.0;1;3;3254;1;1;1.0;2.0;46.33578;3.285524;2024-05-05 15:30:00
202400044817.0;1;31;31135;1;1;1.0;1.0;43.223336;1.084782;2024-04-02 16:15:00
202400044818.0;1;3;3273;1;6;1.0;7.0;46.205423;3.445088;2024-05-09 12:44:00
202400044819.0;1;1;1035;1;1;1.0;7.0;46.24328;5.759467;2024-05-09 18:25:00
202400044820.0;4;92;92050;2;4;1.0;3.0;48.91867319;2.22264379;2024-01-09 07:10:00
202400044821.0;1;22;22208;1;2;1.0;3.0;48.33717961;-1.96464475;2024-04-03 14:00:00
202400044822.0;1;92;92020;2;1;1.0;7.0;48.79647624;2.27576628;2024-01-09 14:40:00
202400044823.0;1;54;54157;2;1;1.0;6.0;48.84527015;6.07305765;2024-05-10 16:30:00
202400044824.0;5;92;92026;2;1;1.0;6.0;48.89449;2.25084;2024-01-09 19:40:00
202400044825.0;1;60;60589;1;1;2.0;1.0;49.231219;2.470465;2024-04-03 07:20:00
202400044826.0;1;14;14191;1;1;1.0;6.0;49.312436;-0.445354;2024-05-09 14:45:00
202400044827.0;5;92;92026;2;1;1.0;6.0;48.89449;2.25084;2024-01-09 19:40:00
202400044828.0;1;13;13081;1;1;1.0;6.0;43.494;5.24;2024-04-02 15:30:00
202400044829.0;3;50;50369;1;1;1.0;6.0;49.513591;-1.550961;2024-05-10 02:18:00
202400044830.0;3;92;92026;2;1;4.0;2.0;48.89641175;2.26489055;2024-01-09 00:45:00
202400044831.0;3;13;13215;1;1;3.0;1.0;43.33527425;5.35328598;2024-03-31 23:30:00
202400044832.0;1;92;92024;2;1;1.0;6.0;48.90354065;2.31290929;2024-01-09 13:20:00
202400044833.0;5;92;92024;2;1;4.0;1.0;48.91300492;2.31100962;2024-01-09 01:00:00
202400044834.0;3;83;83047;1;1;1.0;2.0;43.13357431;6.05180516;2024-04-01 05:45:00
202400044835.0;1;45;45059;1;1;1.0;7.0;47.932332;1.750667;2024-05-10 10:20:00
202400044836.0;5;92;92007;2;3;4.0;6.0;48.79770626;2.29683548;2024-01-09 07:47:00
202400044837.0;3;1;1275;1;1;1.0;2.0;45.8102;4.93517;2024-03-10 20:20:00
202400044838.0;1;43;43020;1;4;1.0;1.0;45.293853;4.115045;2024-05-09 18:00:00
202400044839.0;5;92;92009;2;2;9.0;1.0;48.91832288;2.27507293;2024-01-09 17:27:00
202400044840.0;1;43;43078;2;1;1.0;6.0;44.995242;3.917924;2024-05-09 15:10:00
202400044841.0;1;92;92002;2;1;1.0;7.0;48.74846636;2.31333643;2024-01-15 15:20:00
202400044842.0;3;7;7058;1;1;1.0;6.0;44.552038;4.289453;2024-05-09 22:25:00
202400044843.0;2;54;54462;2;1;1.0;6.0;48.59675545;6.33497536;2024-01-10 08:30:00
202400044844.0;1;33;33397;1;1;1.0;4.0;44.91727513;-0.47712759;2024-04-02 11:35:00
202400044845.0;1;40;40118;1;1;2.0;1.0;43.542893;-0.950918;2024-05-07 15:45:00
202400044846.0;1;14;14223;1;2;9.0;1.0;48.879111;-0.349224;2024-01-08 14:30:00
202400044847.0;3;85;85004;2;4;1.0;6.0;46.354233;-1.368157;2024-05-10 06:00:00
202400044848.0;1;33;33550;1;1;1.0;4.0;44.77977;-0.54914;2024-04-02 08:55:00
202400044849.0;3;2;2330;1;1;1.0;2.0;49.859961;3.235538;2024-01-10 18:40:00
202400044850.0;1;91;91521;1;1;2.0;7.0;48.63567;2.40157;2024-04-02 19:09:00
202400044851.0;1;85;85005;1;3;1.0;3.0;46.6399;-0.7534;2024-05-10 11:10:00
202400044852.0;2;34;34095;1;1;1.0;5.0;43.522702;3.762249;2024-01-07 17:45:00
202400044853.0;1;85;85232;1;2;1.0;3.0;46.689115;-1.18323;2024-05-10 17:40:00
202400044854.0;1;91;91161;1;1;1.0;5.0;48.72027;2.31108;2024-04-02 10:50:00
202400044855.0;1;28;28324;1;1;1.0;6.0;48.500245;1.247391;2024-04-17 19:15:00
202400044856.0;1;92;92002;1;1;1.0;6.0;48.76344108;2.30932312;2024-04-02 14:00:00
202400044857.0;1;56;56251;1;1;1.0;4.0;47.64592;-2.70013;2024-01-09 08:30:00
202400044858.0;3;17;17235;1;1;1.0;7.0;45.793221;-0.402219;2024-05-10 00:15:00
202400044859.0;2;91;91689;1;1;1.0;5.0;48.7462;2.3257;2024-04-02 07:47:00
202400044860.0;3;2A;2A085;1;1;2.0;1.0;41.914445;8.885053;2024-01-09 07:25:00
202400044861.0;1;30;30188;1;1;1.0;3.0;44.018412;4.15612;2024-05-10 07:45:00
202400044862.0;1;82;82093;2;1;1.0;7.0;43.93458018;1.08704549;2024-01-04 14:00:00
202400044863.0;3;94;94038;1;1;2.0;2.0;48.77196197;2.34520358;2024-04-01 23:55:00
202400044864.0;1;48;48166;1;1;1.0;3.0;44.284786;3.597481;2024-05-09 16:30:00
202400044865.0;5;29;29162;2;1;1.0;6.0;48.2258658;-3.97004406;2024-01-10 07:20:00
202400044866.0;1;95;95277;1;1;1.0;3.0;48.96829077;2.47840727;2024-04-01 17:28:00
202400044867.0;5;1;1195;2;4;4.0;6.0;46.211879;5.323203;2024-01-09 17:55:00
202400044868.0;1;31;31424;2;1;1.0;3.0;43.561504;1.305695;2024-05-05 14:25:00
202400044869.0;1;95;95212;1;1;2.0;6.0;49.02850624;2.52640482;2024-04-01 15:08:00
202400044870.0;3;26;26238;1;1;1.0;7.0;44.379423;5.181556;2024-01-08 22:40:00
202400044871.0;1;35;35352;2;1;1.0;6.0;48.060776;-1.615253;2024-05-08 13:05:00
202400044872.0;1;95;95582;2;1;1.0;2.0;48.9685214;2.2516783;2024-04-01 10:28:00
202400044873.0;1;58;58004;2;1;1.0;1.0;47.034036;3.638411;2024-01-10 16:20:00
202400044874.0;5;67;67343;2;1;1.0;1.0;48.609373;7.690929;2024-05-09 04:50:00
202400044875.0;3;95;95277;1;9;1.0;2.0;48.97874264;2.49592219;2024-04-01 01:00:00
202400044876.0;1;68;68021;1;1;2.0;6.0;47.643143;7.496281;2024-05-06 11:01:00
202400044877.0;1;27;27061;1;1;1.0;6.0;49.154541;0.595365;2024-01-10 17:15:00
202400044878.0;3;93;93066;1;9;1.0;3.0;48.93021039;2.36537062;2024-04-01 00:15:00
202400044879.0;1;30;30062;1;1;1.0;1.0;43.80248524;4.19502711;2024-01-10 10:25:00
202400044880.0;1;11;11262;1;1;1.0;3.0;43.163166;3.058255;2024-05-09 12:15:00
202400044881.0;1;77;77249;1;1;1.0;6.0;48.72828524;2.60506736;2024-04-01 11:10:00
202400044882.0;1;30;30068;1;1;2.0;7.0;44.023457;4.09149;2024-01-10 14:15:00
202400044883.0;1;69;69064;1;1;1.0;6.0;45.473953;4.771312;2024-05-09 14:00:00
202400044884.0;1;973;97309;2;3;1.0;1.0;4.91729101;-52.27683038;2024-01-10 08:05:00
202400044885.0;1;987;98715;1;1;1.0;2.0;-17.568338;-149.611734;2024-05-09 16:10:00
202400044886.0;1;6;6085;2;1;1.0;1.0;43.575475;6.978448;2024-01-09 16:00:00
202400044887.0;3;94;94058;1;1;1.0;4.0;48.8472805;2.49196502;2024-03-31 22:20:00
202400044888.0;1;31;31374;1;1;1.0;6.0;43.405125;1.645997;2024-01-09 17:00:00
202400044889.0;5;66;66037;2;9;1.0;3.0;42.680976;3.034187;2024-05-09 21:27:00
202400044890.0;1;971;97103;2;6;1.0;6.0;16.240881;-61.583111;2024-01-08 16:50:00
202400044891.0;1;84;84019;1;1;8.0;2.0;44.27003656;4.72540415;2024-01-10 12:00:00
202400044892.0;1;44;44073;1;2;8.0;3.0;47.41437531;-1.65226674;2024-01-28 19:40:00
202400044893.0;2;987;98733;1;1;1.0;3.0;-17.7452;-149.566994;2024-01-09 05:40:00
202400044894.0;1;84;84138;1;1;1.0;5.0;44.372264;4.965468;2024-05-10 19:15:00
202400044895.0;3;988;98823;1;1;1.0;7.0;-21.088815;165.362649;2024-01-10 00:01:00
202400044896.0;1;83;83107;2;3;1.0;3.0;43.341129;6.684301;2024-05-08 15:40:00
202400044897.0;3;78;78009;1;1;9.0;1.0;48.456076;1.911923;2024-01-09 18:30:00
202400044898.0;5;91;91228;2;2;2.0;7.0;48.63637;2.43939;2024-03-30 00:37:00
202400044899.0;3;13;13095;1;1;1.0;6.0;43.547817;5.534878;2024-05-09 22:30:00
202400044900.0;1;68;68063;2;2;1.0;6.0;47.806688;7.175521;2024-05-10 08:30:00
202400044901.0;2;13;13107;2;4;2.0;3.0;43.429179;5.437514;2024-01-10 07:54:00
202400044902.0;1;44;44184;2;1;8.0;2.0;47.28742222;-2.22077002;2024-03-25 15:45:00
202400044903.0;1;73;73006;2;1;8.0;3.0;45.55159144;6.6444035;2024-05-04 15:30:00
202400044904.0;2;67;67155;2;1;1.0;6.0;48.412044;7.472366;2024-01-08 07:40:00
202400044905.0;1;69;69112;1;1;1.0;1.0;45.80073;4.67419;2024-05-01 12:10:00
202400044906.0;1;44;44184;2;1;1.0;3.0;47.277587;-2.211077;2024-03-24 12:35:00
202400044907.0;1;38;38085;2;1;4.0;1.0;45.75241349;5.15243082;2024-01-09 12:30:00
202400044908.0;1;65;65451;1;4;1.0;7.0;43.087931;0.092289;2024-05-10 15:30:00
202400044909.0;1;44;44109;2;6;8.0;6.0;47.23602975;-1.56812399;2024-03-23 10:20:00
202400044910.0;3;9;9074;1;1;5.0;6.0;43.022627;1.959708;2024-05-10 02:00:00
202400044911.0;1;26;26235;2;3;1.0;3.0;44.375335;4.705013;2024-01-10 10:25:00
202400044912.0;3;33;33248;2;1;1.0;1.0;45.083332;-0.752252;2024-05-09 23:35:00
202400044913.0;1;976;97611;2;1;1.0;2.0;-12.81326;45.20185;2024-04-01 15:00:00
202400044914.0;1;26;26235;1;4;1.0;3.0;44.367045;4.664906;2024-01-10 09:50:00
202400044915.0;1;85;85019;2;1;1.0;6.0;46.784414;-1.4317;2024-05-10 17:45:00
202400044916.0;3;973;97302;1;1;1.0;6.0;4.90499725;-52.3192817;2024-03-31 19:25:00
202400044917.0;2;50;50444;1;1;1.0;6.0;49.058113;-0.969543;2024-05-10 07:25:00
202400044918.0;1;17;17283;2;1;1.0;1.0;45.5879;-0.549574;2024-01-06 10:15:00
202400044919.0;5;69;69383;2;2;1.0;3.0;45.75281;4.86958;2024-04-01 21:10:00
202400044920.0;1;50;50032;2;1;1.0;3.0;49.109543;-1.026878;2024-05-09 20:55:00
202400044921.0;3;27;27332;1;1;8.0;3.0;49.19344;1.2691;2024-01-09 06:55:00
202400044922.0;1;972;97213;1;1;1.0;2.0;14.61819;-61.03304;2024-03-31 16:45:00
202400044923.0;1;13;13019;1;1;1.0;2.0;43.423;5.3732;2024-01-08 17:21:00
202400044924.0;1;29;29179;1;1;1.0;5.0;48.54495084;-4.31763483;2024-05-09 17:00:00
202400044925.0;1;13;13215;1;1;1.0;6.0;43.37560356;5.35988144;2024-04-30 18:54:00
202400044926.0;1;13;13203;1;1;1.0;2.0;43.30765;5.37573;2024-01-08 13:45:00
202400044927.0;3;77;77358;1;1;1.0;6.0;48.977938;2.861226;2024-04-01 03:52:00
202400044928.0;1;83;83137;1;1;1.0;3.0;43.12021581;5.94973344;2024-05-08 16:30:00
202400044929.0;3;69;69266;1;1;2.0;4.0;45.75627;4.90874;2024-01-08 17:55:00
202400044930.0;1;74;74012;2;1;1.0;3.0;46.19599;6.23928;2024-04-01 15:25:00
202400044931.0;5;38;38336;1;1;4.0;1.0;45.49801908;4.83923502;2024-01-08 17:40:00
202400044932.0;1;69;69029;1;1;1.0;4.0;45.72796001;4.9051087;2024-05-04 12:30:00
202400044933.0;1;69;69013;2;6;1.0;3.0;46.02022;4.72095;2024-04-01 15:00:00
202400044934.0;5;67;67482;1;1;1.0;4.0;48.58878;7.72985;2024-01-08 19:06:00
202400044935.0;1;45;45338;2;1;2.0;6.0;47.974;2.719;2024-04-01 19:20:00
202400044936.0;3;69;69294;1;1;1.0;6.0;45.62770483;4.81648234;2024-05-08 05:05:00
202400044937.0;1;91;91471;1;1;1.0;2.0;48.715559;2.173329;2024-01-09 13:45:00
202400044938.0;5;37;37122;2;6;2.0;3.0;47.35186;0.68631;2024-04-01 21:20:00
202400044939.0;1;91;91661;1;1;4.0;7.0;48.6864;2.2135;2024-01-09 13:43:00
202400044940.0;1;33;33003;1;1;1.0;2.0;44.926967;-0.471715;2024-05-09 20:54:00
202400044941.0;1;34;34172;2;3;1.0;2.0;43.64509;3.86187;2024-04-01 19:30:00
202400044942.0;1;91;91161;1;1;4.0;4.0;48.71093;2.29795;2024-01-09 10:10:00
202400044943.0;1;92;92019;1;1;1.0;5.0;48.76058399;2.28766078;2024-05-09 19:25:00
202400044944.0;3;91;91689;1;1;4.0;3.0;48.74016;2.32001;2024-01-09 04:30:00
202400044945.0;1;33;33063;2;2;1.0;3.0;44.8432;-0.57105;2024-04-01 19:00:00
202400044946.0;1;91;91174;1;1;1.0;3.0;48.62274;2.4645;2024-05-09 17:28:00
202400044947.0;3;92;92002;1;1;4.0;2.0;48.73289858;2.31220633;2024-01-09 03:45:00
202400044948.0;5;25;25462;2;2;3.0;3.0;46.89574;6.34464;2024-03-31 21:10:00
202400044949.0;1;91;91689;1;1;1.0;2.0;48.7491;2.3283;2024-05-09 16:24:00
202400044950.0;3;91;91570;1;1;4.0;6.0;48.624905;2.327232;2024-01-08 22:30:00
202400044951.0;1;17;17306;2;3;3.0;3.0;45.63799;-1.03289;2024-04-01 14:00:00
202400044952.0;1;93;93010;1;1;1.0;3.0;48.90534444;2.47202414;2024-05-09 06:15:00
202400044953.0;3;91;91589;1;1;4.0;7.0;48.67145;2.346418;2024-01-08 23:45:00
202400044954.0;3;91;91161;1;1;4.0;6.0;48.694953;2.318892;2024-01-08 21:40:00
202400044955.0;1;14;14715;2;1;1.0;6.0;49.36673;0.07787;2024-04-01 12:55:00
202400044956.0;3;93;93066;1;1;1.0;2.0;48.92528227;2.35705575;2024-05-08 22:05:00
202400044957.0;5;92;92076;1;1;1.0;3.0;48.83172991;2.15053217;2024-01-08 07:45:00
202400044958.0;1;94;94017;1;1;1.0;4.0;48.8303229;2.48934965;2024-05-09 16:05:00
202400044959.0;1;72;72021;1;1;1.0;3.0;47.8545014;-0.19381352;2024-02-23 16:05:00
202400044960.0;5;78;78217;1;1;1.0;6.0;48.966359;1.811492;2024-01-08 06:03:00
202400044961.0;1;987;98736;2;4;1.0;3.0;-17.54;-149.552;2024-05-06 17:10:00
202400044962.0;5;11;11262;2;4;2.0;1.0;43.181548;2.978775;2024-04-01 21:25:00
202400044963.0;1;976;97611;2;1;1.0;7.0;-12.78968;45.17872;2024-05-08 06:35:00
202400044964.0;3;95;95604;1;1;1.0;6.0;49.12303031;2.55678356;2024-01-09 06:15:00
202400044965.0;1;73;73104;1;1;1.0;1.0;45.549122;5.751536;2024-02-21 16:30:00
202400044966.0;5;974;97416;1;9;1.0;7.0;-21.30331;55.50049;2024-05-08 23:10:00
202400044967.0;1;75;75117;2;2;8.0;3.0;48.895348;2.312132;2024-04-01 16:30:00
202400044968.0;3;93;93066;1;1;4.0;3.0;48.92195408;2.36015081;2024-01-08 23:00:00
202400044969.0;1;16;16237;1;1;2.0;1.0;45.895217;0.232944;2024-02-23 17:10:00
202400044970.0;5;69;69383;2;2;1.0;6.0;45.75977;4.8507;2024-05-08 21:53:00
202400044971.0;3;93;93007;1;1;4.0;6.0;48.93268802;2.48098902;2024-01-08 23:00:00
202400044972.0;1;28;28071;1;4;2.0;3.0;48.398654;1.056063;2024-02-22 16:30:00
202400044973.0;3;94;94017;1;1;1.0;6.0;48.829277;2.48195396;2024-01-08 19:12:00
202400044974.0;1;75;75116;2;3;2.0;3.0;48.847965;2.251255;2024-04-01 16:26:00
202400044975.0;5;69;69388;2;3;1.0;3.0;45.72698;4.86927;2024-05-08 20:45:00
202400044976.0;2;6;6018;1;1;3.0;6.0;43.62003;7.098119;2024-02-22 17:05:00
202400044977.0;1;974;97411;2;1;1.0;6.0;-20.88587;55.4761;2024-01-08 07:50:00
202400044978.0;5;75;75108;2;2;1.0;3.0;48.865871;2.319907;2024-03-31 23:20:00
202400044979.0;1;69;69388;2;2;1.0;3.0;45.73893941;4.86665159;2024-05-08 20:10:00
202400044980.0;1;973;97302;2;3;1.0;3.0;4.9424;-52.32241;2024-01-08 13:14:00
202400044981.0;5;972;97213;1;1;1.0;6.0;14.63237;-61.02775;2024-05-08 04:05:00
202400044982.0;5;75;75104;2;3;2.0;1.0;48.856683;2.355005;2024-03-30 04:10:00
202400044983.0;3;69;69102;1;1;2.0;5.0;45.87954;4.39678;2024-02-22 20:10:00
202400044984.0;5;971;97101;2;1;2.0;7.0;16.27528;-61.50927;2024-05-08 03:40:00
202400044985.0;1;94;94041;2;1;1.0;3.0;48.80212466;2.37885305;2024-04-01 13:35:00
202400044986.0;1;973;97302;2;3;1.0;3.0;4.91492;-52.32095;2024-01-08 11:26:00
202400044987.0;1;971;97107;2;1;1.0;2.0;16.03985369;-61.56646013;2024-05-08 13:45:00
202400044988.0;1;30;30116;1;1;1.0;2.0;43.945712;4.618034;2024-02-23 13:00:00
202400044989.0;1;83;83009;1;1;1.0;2.0;43.14982456;5.76016259;2024-05-08 18:50:00
202400044990.0;1;971;97107;1;1;1.0;3.0;16.04988276;-61.57270432;2024-02-22 14:50:00
202400044991.0;1;83;83061;1;1;1.0;1.0;43.47028;6.76484;2024-05-08 18:55:00
202400044992.0;3;973;97302;2;1;1.0;7.0;4.92304453;-52.30387509;2024-01-02 19:50:00
202400044993.0;1;21;21263;1;2;1.0;3.0;47.257603;5.059167;2024-02-23 12:30:00
202400044994.0;1;81;81065;1;2;1.0;3.0;43.63465;2.18473;2024-05-08 18:00:00
202400044995.0;1;77;77531;1;1;6.0;6.0;48.284366;2.955938;2024-02-22 17:00:00
202400044996.0;1;94;94018;2;1;1.0;6.0;48.81884468;2.40937525;2024-04-01 18:32:00
202400044997.0;1;78;78609;1;1;1.0;3.0;49.028799;1.916766;2024-05-08 14:00:00
202400044998.0;1;973;97302;2;1;1.0;5.0;4.91834302;-52.32155085;2024-01-04 17:42:00
202400044999.0;1;93;93070;2;1;1.0;3.0;48.91488724;2.32480574;2024-04-01 16:30:00
202400045000.0;1;77;77091;1;2;1.0;3.0;48.743251;2.81644;2024-02-15 09:00:00
202400045001.0;1;77;77111;2;1;1.0;6.0;48.867074;2.783508;2024-05-08 19:16:00
202400045002.0;1;69;69387;2;1;2.0;6.0;45.73245;4.84251;2024-01-08 13:20:00
202400045003.0;1;34;34299;2;1;1.0;6.0;43.271922;3.282513;2024-02-05 12:00:00
202400045004.0;1;77;77058;2;1;8.0;6.0;48.83673;2.70581;2024-05-05 17:30:00
202400045005.0;1;93;93066;2;1;1.0;5.0;48.94559;2.35972;2024-04-01 20:10:00
202400045006.0;1;69;69388;2;2;1.0;6.0;45.72958;4.86759;2024-01-08 10:50:00
202400045007.0;1;76;76108;1;1;1.0;7.0;49.4871;1.129;2024-05-03 18:55:00
202400045008.0;5;68;68226;2;1;8.0;7.0;48.040777;7.134022;2024-02-19 19:50:00
202400045009.0;1;972;97213;1;1;1.0;6.0;14.6751;-60.9906;2024-01-08 12:35:00
202400045010.0;1;93;93066;2;9;1.0;5.0;48.934;2.37;2024-04-01 16:55:00
202400045011.0;1;76;76259;2;2;1.0;3.0;49.754252;0.37301;2024-05-08 15:45:00
202400045012.0;1;26;26037;1;3;1.0;3.0;44.898201;4.940844;2024-02-21 14:20:00
202400045013.0;1;76;76026;1;6;1.0;7.0;49.875475;1.117507;2024-05-08 18:05:00
202400045014.0;1;93;93046;2;1;2.0;3.0;48.93049133;2.54716408;2024-04-01 12:00:00
202400045015.0;3;69;69273;1;3;1.0;1.0;45.643853;4.900074;2024-02-19 19:35:00
202400045016.0;1;972;97213;1;6;1.0;3.0;14.62308;-60.98915;2024-01-07 07:10:00
202400045017.0;1;93;93046;2;3;1.0;3.0;48.92716;2.54284;2024-04-01 13:04:00
202400045018.0;1;81;81294;1;1;2.0;6.0;43.837204;1.939065;2024-02-23 12:19:00
202400045019.0;1;17;17412;2;1;1.0;6.0;45.819256;-0.638627;2024-02-20 16:50:00
202400045020.0;5;93;93057;2;2;1.0;1.0;48.9019;2.5109;2024-04-01 20:55:00
202400045021.0;3;972;97213;1;9;1.0;7.0;14.62643;-61.01302;2024-01-07 05:55:00
202400045022.0;1;72;72181;1;1;1.0;5.0;47.96307;0.22364;2024-05-08 18:30:00
202400045023.0;1;33;33262;2;4;7.0;3.0;45.007437;-0.617205;2024-02-17 17:30:00
202400045024.0;5;92;92026;2;1;1.0;6.0;48.90169292;2.25184894;2024-04-01 01:53:00