Num_Acc;lum;departement;commune;agglomeration;intersection;meteo;type_collision;lat;long;date
202400045025.0;1;67;67482;2;1;8.0;6.0;48.584;7.7426;2024-05-08 11:15:00
202400045026.0;1;33;33003;2;1;1.0;6.0;44.932509;-0.474045;2024-02-20 11:52:00
202400045027.0;2;92;92025;2;1;1.0;6.0;48.91454939;2.23399007;2024-04-01 20:35:00
202400045028.0;1;64;64129;2;3;1.0;3.0;43.30043625;-0.39318502;2024-05-08 19:50:00
202400045029.0;5;971;97101;1;1;1.0;6.0;16.25402;-61.53863;2024-01-06 21:30:00
202400045030.0;1;33;33089;1;4;1.0;1.0;45.168177;-0.572013;2024-02-17 18:20:00
202400045031.0;1;64;64445;2;1;1.0;3.0;43.31092943;-0.36279023;2024-05-08 15:45:00
202400045032.0;5;92;92023;2;3;1.0;1.0;48.81303897;2.25795162;2024-03-31 23:15:00
202400045033.0;5;971;97120;2;1;1.0;3.0;16.24742;-61.53898;2024-01-07 01:15:00
202400045034.0;1;64;64024;2;1;1.0;3.0;43.48366;-1.50345;2024-05-08 15:25:00
202400045035.0;1;2;2134;1;1;1.0;1.0;49.905882;4.072092;2024-02-23 12:54:00
202400045036.0;1;92;92012;2;1;1.0;2.0;48.83201354;2.23845685;2024-04-01 12:00:00
202400045037.0;5;59;59646;2;1;1.0;2.0;50.66441;3.1169;2024-05-09 00:05:00
202400045038.0;2;92;92004;2;1;1.0;6.0;48.92900113;2.28023261;2024-04-01 20:41:00
202400045039.0;1;2A;2A004;2;3;1.0;3.0;41.93445365;8.73664375;2024-01-08 08:00:00
202400045040.0;1;59;59122;2;1;1.0;3.0;50.1704;3.23062;2024-05-08 15:30:00
202400045041.0;1;83;83072;1;9;1.0;3.0;43.48398724;6.368415;2024-04-01 16:20:00
202400045042.0;3;95;95680;1;1;8.0;1.0;49.01327581;2.4070377;2024-01-08 19:40:00
202400045043.0;3;13;13106;1;1;1.0;3.0;43.39441;5.35137;2024-02-21 18:41:00
202400045044.0;1;31;31053;1;1;1.0;6.0;43.656194;1.55478;2024-04-01 17:55:00
202400045045.0;1;42;42318;2;2;1.0;3.0;45.389833;3.942091;2024-07-15 11:40:00
202400045046.0;1;54;54395;2;2;1.0;3.0;48.67338;6.17395;2024-05-08 17:25:00
202400045047.0;1;972;97210;1;1;1.0;7.0;14.594052;-60.90586;2024-03-30 10:00:00
202400045048.0;5;91;91657;2;1;2.0;1.0;48.7035;2.42638;2024-01-07 19:30:00
202400045049.0;3;91;91103;1;1;1.0;6.0;48.62379;2.29783;2024-02-22 19:15:00
202400045050.0;1;44;44010;2;1;1.0;6.0;47.281467;-2.49744;2024-07-17 10:05:00
202400045051.0;1;54;54542;1;3;1.0;3.0;49.209881;5.918275;2024-05-03 12:00:00
202400045052.0;1;91;91228;2;1;1.0;6.0;48.6198;2.45;2024-01-08 15:00:00
202400045053.0;3;35;35017;1;1;1.0;1.0;48.30506131;-1.91865145;2024-04-02 05:53:00
202400045054.0;1;94;94034;1;1;3.0;3.0;48.75895409;2.32434215;2024-02-22 18:00:00
202400045055.0;1;91;91100;1;1;1.0;7.0;48.42776;2.27824;2024-01-08 11:05:00
202400045056.0;1;29;29027;1;1;1.0;2.0;48.203146;-3.829443;2024-07-17 20:00:00
202400045057.0;1;34;34095;1;1;1.0;3.0;43.548217;3.807;2024-04-01 18:00:00
202400045058.0;2;42;42095;2;6;1.0;3.0;45.38864;4.28024;2024-05-08 20:19:00
202400045059.0;1;51;51266;1;1;2.0;6.0;49.11140256;4.03515766;2024-03-31 11:35:00
202400045060.0;1;91;91223;2;3;1.0;3.0;48.41762;2.14847;2024-01-08 08:35:00
202400045061.0;1;95;95277;1;1;3.0;4.0;48.97418023;2.48861148;2024-02-22 15:27:00
202400045062.0;2;29;29026;1;3;1.0;3.0;48.19258821;-4.10924573;2024-07-16 22:15:00
202400045063.0;2;76;76206;1;1;2.0;7.0;49.665295;0.258071;2024-04-02 18:55:00
202400045064.0;1;37;37233;2;2;1.0;3.0;47.38147;0.73734;2024-05-08 19:40:00
202400045065.0;1;95;95018;1;1;3.0;6.0;48.9496723;2.2802208;2024-02-22 14:45:00
202400045066.0;1;86;86194;1;2;1.0;3.0;46.554495;0.30711;2024-01-07 17:00:00
202400045067.0;2;33;33063;2;1;5.0;2.0;44.85055;-0.57456;2024-05-08 06:45:00
202400045068.0;1;76;76177;1;2;8.0;1.0;49.600103;1.177522;2024-04-02 16:45:00
202400045069.0;1;93;93064;1;1;3.0;2.0;48.87743609;2.47713804;2024-02-21 17:00:00
202400045070.0;1;31;31109;1;1;1.0;1.0;43.224208;0.813085;2024-07-13 15:45:00
202400045071.0;2;83;83126;2;3;1.0;3.0;43.10037;5.87;2024-01-04 17:45:00
202400045072.0;1;25;25056;1;1;1.0;2.0;47.25423;5.99181;2024-05-08 14:45:00
202400045073.0;1;93;93066;1;1;2.0;3.0;48.90515615;2.35842786;2024-02-21 07:25:00
202400045074.0;1;82;82134;1;2;1.0;3.0;44.058687;1.535436;2024-04-02 18:30:00
202400045075.0;3;25;25056;2;1;2.0;6.0;47.26261;6.00589;2024-05-08 04:30:00
202400045076.0;4;95;95582;1;1;1.0;7.0;48.96616526;2.25770962;2024-02-21 04:15:00
202400045077.0;5;77;77288;1;6;1.0;2.0;48.55367;2.64458;2024-01-07 03:25:00
202400045078.0;3;25;25056;2;3;1.0;3.0;47.228103;6.038357;2024-05-07 22:05:00
202400045079.0;1;93;93008;1;1;1.0;2.0;48.91269278;2.43692633;2024-02-20 12:00:00
202400045080.0;5;1;1370;2;2;1.0;3.0;46.305336;4.841296;2024-07-16 21:00:00
202400045081.0;1;41;41181;1;1;3.0;4.0;47.293857;1.266947;2024-04-01 16:25:00
202400045082.0;1;92;92036;1;1;1.0;3.0;48.94647077;2.28241919;2024-02-20 08:10:00
202400045083.0;1;13;13028;2;3;1.0;3.0;43.19437;5.59994;2024-05-08 08:50:00
202400045084.0;1;76;76447;2;3;1.0;2.0;49.5282;0.182371;2024-01-06 16:40:00
202400045085.0;1;81;81182;1;1;1.0;1.0;43.725243;2.316699;2024-04-02 13:50:00
202400045086.0;1;45;45166;1;1;1.0;4.0;48.027763;1.800084;2024-07-05 08:55:00
202400045087.0;3;95;95018;1;1;1.0;6.0;48.96088283;2.27003884;2024-02-19 00:20:00
202400045088.0;1;49;49368;1;1;1.0;7.0;47.400009;0.053982;2024-03-06 09:45:00
202400045089.0;3;76;76351;1;1;2.0;3.0;49.51071;0.17536;2024-01-07 18:45:00
202400045090.0;1;64;64110;1;1;1.0;7.0;42.993536;-0.417797;2024-07-14 12:50:00
202400045091.0;1;11;11262;2;3;1.0;3.0;43.18847;3.0062;2024-05-04 17:53:00
202400045092.0;1;64;64527;1;1;2.0;7.0;43.337742;-1.515512;2024-07-15 08:45:00
202400045093.0;1;12;12254;1;1;1.0;2.0;44.418517;2.537954;2024-03-30 16:30:00
202400045094.0;2;94;94018;1;1;2.0;4.0;48.82545834;2.39268336;2024-02-22 18:00:00
202400045095.0;1;76;76341;2;1;1.0;2.0;49.51312;0.19329;2024-01-05 17:05:00
202400045096.0;1;7;7204;1;1;1.0;7.0;44.977895;4.436041;2024-06-21 20:30:00
202400045097.0;1;86;86177;2;1;1.0;6.0;46.681354;0.237685;2024-04-02 10:13:00
202400045098.0;1;10;10387;2;6;1.0;3.0;48.27637;4.08025;2024-05-08 17:46:00
202400045099.0;1;24;24217;1;1;1.0;1.0;44.97087;0.888991;2024-07-17 18:10:00
202400045100.0;5;69;69259;2;3;1.0;3.0;45.71439;4.87941;2024-01-07 18:15:00
202400045101.0;3;93;93051;1;1;1.0;4.0;48.83612292;2.54112191;2024-02-17 20:30:00
202400045102.0;1;68;68305;2;1;1.0;3.0;47.540587;7.176843;2024-04-01 17:40:00
202400045103.0;1;6;6069;1;1;1.0;6.0;43.62331;6.9271;2024-05-08 20:00:00
202400045104.0;1;24;24311;2;3;1.0;6.0;45.529097;0.663352;2024-07-16 14:15:00
202400045105.0;1;63;63113;1;1;4.0;1.0;45.7738;3.13949;2024-01-08 10:40:00
202400045106.0;1;75;75120;2;1;1.0;2.0;48.85993;2.413982;2024-05-06 18:50:00
202400045107.0;5;75;75115;2;3;2.0;6.0;48.835945;2.300853;2024-02-21 20:15:00
202400045108.0;1;29;29026;1;2;2.0;3.0;48.21034498;-4.06190521;2024-04-02 11:00:00
202400045109.0;5;59;59512;2;1;9.0;3.0;50.67682;3.18783;2024-01-08 22:00:00
202400045110.0;1;30;30234;1;2;1.0;3.0;43.985423;4.13609;2024-07-17 09:40:00
202400045111.0;5;75;75120;2;7;1.0;6.0;48.85367;2.41461;2024-05-08 22:40:00
202400045112.0;1;75;75118;2;1;1.0;6.0;48.895795;2.340572;2024-05-08 17:30:00
202400045113.0;1;59;59365;2;1;1.0;3.0;50.255197;3.935952;2024-01-04 16:20:00
202400045114.0;5;75;75113;2;2;3.0;1.0;48.832217;2.379743;2024-02-21 19:48:00
202400045115.0;2;31;31356;1;3;1.0;2.0;43.68914;1.235082;2024-04-02 08:50:00
202400045116.0;1;7;7176;2;1;1.0;3.0;44.486143;4.153111;2024-07-17 11:30:00
202400045117.0;1;75;75115;2;1;1.0;1.0;48.855848;2.289842;2024-05-08 16:20:00
202400045118.0;1;59;59271;2;6;1.0;6.0;51.01442;2.30837;2024-01-08 08:30:00
202400045119.0;5;75;75113;2;2;1.0;3.0;48.815906;2.360681;2024-02-21 06:20:00
202400045120.0;5;3;3118;2;3;2.0;2.0;46.098144;3.182693;2024-03-30 21:13:00
202400045121.0;1;59;59569;2;6;2.0;3.0;50.34413;3.0933;2024-01-05 10:30:00
202400045122.0;1;75;75113;2;2;1.0;3.0;48.821605;2.369204;2024-05-08 17:47:00
202400045123.0;1;84;84039;1;1;1.0;6.0;44.088872;4.877136;2024-07-16 06:30:00
202400045124.0;1;75;75113;2;1;1.0;7.0;48.842493;2.363708;2024-05-08 07:47:00
202400045125.0;1;56;56121;2;1;1.0;6.0;47.74566;-3.39052;2024-01-08 12:30:00
202400045126.0;1;15;15055;1;1;8.0;1.0;45.063337;3.109517;2024-04-02 07:55:00
202400045127.0;1;75;75112;2;3;2.0;2.0;48.835584;2.406495;2024-02-21 15:10:00
202400045128.0;2;94;94046;2;3;1.0;3.0;48.809252;2.459609;2024-05-08 20:47:00
202400045129.0;3;72;72222;1;1;2.0;6.0;48.230305;0.248668;2024-04-01 20:30:00
202400045130.0;1;78;78590;1;1;2.0;5.0;48.680959;1.982174;2024-06-11 17:00:00
202400045131.0;3;50;50218;1;1;2.0;6.0;48.822527;-1.5746343;2024-01-07 02:55:00
202400045132.0;1;75;75111;2;3;1.0;6.0;48.869018;2.371771;2024-02-21 11:10:00
202400045133.0;1;43;43102;1;1;1.0;7.0;45.20829195;4.19882035;2024-04-02 10:45:00
202400045134.0;1;93;93078;2;6;1.0;2.0;48.96157;2.55505;2024-05-08 13:55:00
202400045135.0;1;75;75104;2;2;1.0;7.0;48.85581479;2.3563621;2024-02-21 08:05:00
202400045136.0;1;66;66065;2;3;1.0;3.0;42.595371;2.976139;2024-07-17 17:00:00
202400045137.0;1;50;50129;2;6;1.0;3.0;49.63414;-1.61404;2024-01-07 12:20:00
202400045138.0;1;93;93059;2;3;1.0;2.0;48.952154;2.358054;2024-05-08 07:30:00
202400045139.0;1;34;34136;1;1;1.0;7.0;43.499741;3.445008;2024-07-16 19:50:00
202400045140.0;1;7;7010;2;3;8.0;1.0;45.247772;4.683577;2024-04-01 18:50:00
202400045141.0;1;94;94068;2;1;8.0;2.0;48.79381757;2.49388098;2024-02-21 07:40:00
202400045142.0;5;93;93046;2;1;1.0;2.0;48.91723662;2.52396154;2024-05-08 22:10:00
202400045143.0;1;85;85280;1;1;8.0;6.0;46.8683;-1.932582;2024-04-01 18:15:00
202400045144.0;1;83;83104;1;1;1.0;1.0;43.615945;5.763681;2024-07-17 13:08:00
202400045145.0;3;45;45302;1;1;1.0;1.0;47.96952;1.8641;2024-01-08 17:47:00
202400045146.0;1;92;92072;2;1;1.0;3.0;48.82477;2.22831;2024-05-08 13:30:00
202400045147.0;2;94;94041;2;2;3.0;3.0;48.809144;2.373693;2024-02-21 18:00:00
202400045148.0;1;83;83081;2;9;7.0;3.0;43.602759;6.776231;2024-07-17 07:40:00
202400045149.0;1;37;37272;1;3;1.0;7.0;47.31385;0.495307;2024-03-31 17:15:00
202400045150.0;1;45;45232;2;1;1.0;6.0;47.86673;1.88599;2024-01-08 08:30:00
202400045151.0;5;94;94018;2;3;2.0;6.0;48.82390153;2.41006726;2024-02-21 18:40:00
202400045152.0;1;31;31516;1;1;1.0;2.0;43.761424;1.385436;2024-04-02 09:00:00
202400045153.0;1;37;37208;2;1;1.0;3.0;47.36742;0.72149;2024-01-08 08:36:00
202400045154.0;1;70;70432;1;3;1.0;3.0;47.732086;6.438214;2024-07-16 18:20:00
202400045155.0;1;92;92064;2;2;1.0;6.0;48.8494;2.2138;2024-05-08 15:48:00
202400045156.0;5;36;36044;2;1;2.0;6.0;46.80977;1.68489;2024-01-02 18:15:00
202400045157.0;1;68;68262;2;1;1.0;7.0;47.878912;7.012914;2024-07-11 18:40:00
202400045158.0;1;92;92036;2;2;1.0;1.0;48.91758715;2.30816495;2024-05-08 14:40:00
202400045159.0;5;93;93066;2;2;2.0;3.0;48.94778;2.357271;2024-02-21 20:08:00
202400045160.0;1;973;97309;1;1;1.0;3.0;4.892807;-52.289869;2024-03-28 17:00:00
202400045161.0;1;86;86123;2;4;1.0;6.0;46.558391;0.072947;2024-07-16 20:20:00
202400045162.0;5;35;35051;2;1;1.0;1.0;48.10778;-1.614815;2024-01-08 18:40:00
202400045163.0;1;92;92024;2;1;1.0;1.0;48.90358158;2.30568302;2024-05-08 18:30:00
202400045164.0;1;92;92012;2;1;1.0;3.0;48.83048614;2.2337333;2024-05-08 14:50:00
202400045165.0;1;64;64430;2;3;1.0;3.0;43.479966;-0.750182;2024-07-16 08:15:00
202400045166.0;2;91;91085;1;1;8.0;2.0;48.541572;2.211578;2024-03-10 07:25:00
202400045167.0;2;93;93066;2;1;1.0;4.0;48.92527;2.35141;2024-02-21 06:55:00
202400045168.0;5;33;33162;2;1;1.0;2.0;44.888619;-0.645661;2024-01-08 19:25:00
202400045169.0;1;44;44215;2;1;1.0;7.0;47.185916;-1.493219;2024-07-17 13:30:00
202400045170.0;1;92;92009;2;2;1.0;3.0;48.91833248;2.2750631;2024-05-08 16:05:00
202400045171.0;1;93;93031;2;2;8.0;3.0;48.95457;2.307969;2024-02-21 09:50:00
202400045172.0;1;15;15219;1;1;1.0;6.0;45.144394;2.509341;2024-05-09 17:00:00
202400045173.0;1;29;29042;2;2;1.0;7.0;48.244975;-4.510832;2024-07-17 15:46:00
202400045174.0;1;34;34172;1;1;1.0;5.0;43.59009;3.897893;2024-04-02 08:45:00
202400045175.0;5;33;33318;2;9;1.0;6.0;44.78793;-0.65547;2024-01-08 18:00:00
202400045176.0;1;35;35236;2;1;1.0;1.0;47.673331;-2.064781;2024-05-07 16:55:00
202400045177.0;1;93;93010;2;2;2.0;3.0;48.907166;2.48891;2024-02-21 16:00:00
202400045178.0;1;69;69071;2;2;1.0;1.0;45.87535473;4.83008039;2024-04-02 14:15:00
202400045179.0;5;27;27229;2;1;4.0;2.0;49.016;1.162;2024-01-09 01:20:00
202400045180.0;1;93;93007;2;3;1.0;6.0;48.95009566;2.45900889;2024-02-20 16:30:00
202400045181.0;3;1;1381;1;4;1.0;6.0;46.048391;5.143699;2024-05-07 22:10:00
202400045182.0;1;60;60352;1;1;1.0;5.0;49.24016502;1.80199385;2024-07-16 16:15:00
202400045183.0;1;972;97230;1;1;1.0;6.0;14.756623;-60.927558;2024-03-31 13:45:00
202400045184.0;1;92;92046;2;1;2.0;6.0;48.82134785;2.30451697;2024-02-21 15:32:00
202400045185.0;1;27;27229;2;1;1.0;3.0;49.0300541;1.1623796;2024-01-08 13:55:00
202400045186.0;1;80;80685;2;2;1.0;3.0;49.69958;2.785925;2024-07-17 15:40:00
202400045187.0;4;77;77094;1;1;1.0;6.0;48.951666;2.766573;2024-04-01 03:39:00
202400045188.0;4;973;97353;2;1;1.0;1.0;3.640048;-54.028959;2024-05-08 19:43:00
202400045189.0;5;92;92072;2;1;1.0;7.0;48.8116871;2.21142679;2024-02-20 02:20:00
202400045190.0;2;22;22200;1;1;1.0;7.0;48.495734;-2.308331;2024-05-08 19:45:00
202400045191.0;1;30;30080;1;1;1.0;7.0;44.30729;3.97125;2024-03-18 16:00:00
202400045192.0;1;13;13202;1;1;1.0;3.0;43.3;5.36588;2024-06-14 17:00:00
202400045193.0;5;25;25056;2;3;1.0;6.0;47.2285;5.98632;2024-01-08 19:10:00
202400045194.0;5;92;92063;2;3;1.0;3.0;48.87864549;2.18641779;2024-02-20 23:25:00
202400045195.0;1;85;85040;2;1;1.0;6.0;46.62282;-0.90561;2024-05-09 14:25:00
202400045196.0;1;13;13213;2;1;1.0;4.0;43.32598;5.42156;2024-07-16 07:35:00
202400045197.0;1;67;67478;2;1;1.0;7.0;48.764322;7.416909;2024-05-09 17:05:00
202400045198.0;1;83;83065;2;3;1.0;3.0;43.254139;6.574405;2024-04-02 09:00:00
202400045199.0;3;25;25056;1;1;1.0;6.0;47.25953836;6.00328355;2024-01-08 19:20:00
202400045200.0;5;92;92050;2;1;2.0;3.0;48.88093401;2.21831381;2024-02-21 22:25:00
202400045201.0;1;69;69199;1;1;1.0;4.0;45.686693;4.846692;2024-06-14 15:50:00
202400045202.0;1;33;33249;1;1;2.0;7.0;44.87118;-0.5054;2024-06-14 18:10:00
202400045203.0;1;13;13117;1;1;1.0;2.0;43.42468796;5.26516861;2024-07-15 18:25:00
202400045204.0;1;60;60224;1;4;1.0;1.0;49.134367;2.979022;2024-05-09 17:26:00
202400045205.0;3;83;83004;1;1;1.0;6.0;43.45073;6.495312;2024-04-01 22:30:00
202400045206.0;5;92;92044;2;3;2.0;3.0;48.89752558;2.29503947;2024-02-21 18:30:00
202400045207.0;1;15;15014;2;1;1.0;3.0;44.915804;2.424187;2024-01-08 11:10:00
202400045208.0;3;23;23219;1;1;1.0;6.0;46.223152;1.389256;2024-05-09 00:20:00
202400045209.0;5;92;92040;2;1;2.0;6.0;48.81775355;2.27306289;2024-02-21 22:15:00
202400045210.0;1;52;52269;2;1;8.0;7.0;47.869452;5.332704;2024-04-02 09:50:00
202400045211.0;1;13;13081;2;1;1.0;3.0;43.48878852;5.24036488;2024-07-15 07:55:00
202400045212.0;3;57;57498;1;1;3.0;6.0;49.322973;6.037567;2024-03-31 19:35:00
202400045213.0;1;33;33075;1;1;2.0;3.0;44.883354;-0.622611;2024-06-14 18:00:00
202400045214.0;5;92;92012;2;2;2.0;6.0;48.83085881;2.25804234;2024-02-21 21:45:00
202400045215.0;1;83;83054;1;1;1.0;6.0;43.157938;6.065907;2024-05-09 17:20:00
202400045216.0;1;15;15012;1;1;1.0;2.0;44.86592;2.44796;2024-01-08 10:55:00
202400045217.0;1;94;94034;1;1;1.0;2.0;48.75573207;2.33422362;2024-07-15 20:40:00
202400045218.0;1;59;59646;1;1;1.0;7.0;50.68858;3.13867;2024-06-12 16:30:00
202400045219.0;1;38;38474;1;1;1.0;1.0;45.217829;5.640224;2024-03-23 15:55:00
202400045220.0;1;57;57241;1;9;1.0;3.0;48.78470986;6.9338949;2024-05-08 16:45:00
202400045221.0;5;92;92007;2;2;2.0;6.0;48.80202961;2.31873393;2024-02-21 20:25:00
202400045222.0;5;13;13001;2;3;1.0;3.0;43.52886;5.45176;2024-01-08 23:35:00
202400045223.0;1;92;92036;1;1;1.0;3.0;48.93619323;2.28826548;2024-07-16 13:47:00
202400045224.0;2;11;11069;2;9;2.0;7.0;43.23549;2.36609;2024-01-07 17:00:00
202400045225.0;5;51;51365;2;1;1.0;2.0;49.222424;3.963323;2024-05-09 01:07:00
202400045226.0;1;26;26082;1;1;1.0;6.0;44.328532;5.161593;2024-04-02 14:30:00
202400045227.0;1;91;91179;1;1;1.0;4.0;48.5678723;2.47221746;2024-06-14 14:30:00
202400045228.0;1;92;92036;2;2;1.0;3.0;48.92046;2.28842;2024-02-20 09:10:00
202400045229.0;1;6;6155;2;3;1.0;3.0;43.5813846;7.0596724;2024-01-04 18:20:00
202400045230.0;1;92;92025;1;1;1.0;3.0;48.91903976;2.22360689;2024-07-16 09:00:00
202400045231.0;1;1;1249;2;1;1.0;7.0;45.866293;4.912541;2024-03-28 17:40:00
202400045232.0;1;19;19066;2;1;1.0;6.0;45.16006;1.273411;2024-05-09 07:55:00
202400045233.0;1;92;92019;1;1;1.0;2.0;48.76065654;2.28429441;2024-06-14 07:48:00
202400045234.0;1;60;60490;2;2;1.0;3.0;49.473018;1.979352;2024-01-29 14:25:00
202400045235.0;1;86;86269;1;1;1.0;6.0;47.029353;-0.029363;2024-03-31 17:30:00
202400045236.0;5;4;4112;2;3;1.0;6.0;43.82373;5.79063;2024-01-03 23:15:00
202400045237.0;1;56;56047;1;2;1.0;3.0;48.060048;-2.795098;2024-05-08 12:15:00
202400045238.0;1;92;92050;1;1;1.0;4.0;48.90436768;2.20775199;2024-07-15 16:45:00
202400045239.0;1;2;2370;1;1;2.0;7.0;49.961367;3.199607;2024-02-22 13:05:00
202400045240.0;1;91;91235;1;1;8.0;2.0;48.62511;2.36151;2024-06-14 08:43:00
202400045241.0;1;72;72154;2;1;1.0;6.0;47.688994;-0.074294;2024-04-02 13:24:00
202400045242.0;1;2;2212;1;1;2.0;3.0;49.644521;3.264924;2024-01-06 13:20:00
202400045243.0;1;76;76254;1;1;1.0;2.0;49.709669;0.217248;2024-05-08 11:15:00
202400045244.0;3;94;94038;1;1;2.0;6.0;48.78431731;2.34694866;2024-05-14 01:20:00
202400045245.0;1;93;93005;1;1;1.0;2.0;48.95598293;2.47342937;2024-07-16 17:25:00
202400045246.0;1;75;75120;2;1;1.0;6.0;48.857757;2.409747;2024-01-08 08:20:00
202400045247.0;1;65;65258;2;1;1.0;2.0;43.110942;0.385185;2024-05-08 11:15:00
202400045248.0;1;40;40065;2;3;1.0;2.0;43.644057;-1.432986;2024-02-21 17:50:00
202400045249.0;1;78;78551;1;1;1.0;7.0;48.909946;2.080549;2024-06-14 12:30:00
202400045250.0;1;72;72154;2;3;1.0;6.0;47.699004;-0.084522;2024-04-01 08:20:00
202400045251.0;1;95;95572;1;1;1.0;2.0;49.04873929;2.13590766;2024-07-16 14:15:00
202400045252.0;1;81;81253;2;1;1.0;6.0;43.9413632;2.2440339;2024-05-08 15:30:00
202400045253.0;2;75;75118;2;2;1.0;1.0;48.895968;2.330882;2024-01-08 19:38:00
202400045254.0;1;33;33066;1;1;1.0;3.0;44.573767;-0.008347;2024-02-21 17:30:00
202400045255.0;1;60;60259;1;1;1.0;1.0;49.204266;2.267926;2024-04-01 16:50:00
202400045256.0;1;29;29233;1;1;2.0;6.0;47.83335059;-3.58067408;2024-08-23 12:35:00
202400045257.0;1;78;78118;1;1;1.0;4.0;48.985822;1.669898;2024-06-13 17:30:00
202400045258.0;1;93;93066;1;1;1.0;5.0;48.93169402;2.37001953;2024-07-16 09:35:00
202400045259.0;5;75;75117;2;3;4.0;3.0;48.87586018;2.29655564;2024-01-08 22:15:00
202400045260.0;3;91;91617;1;1;1.0;6.0;48.63109;2.513751;2024-04-01 01:50:00
202400045261.0;3;49;49092;1;1;3.0;1.0;47.172554;-0.750407;2024-02-21 21:30:00
202400045262.0;1;92;92063;1;1;1.0;6.0;48.87145721;2.15725697;2024-06-13 05:13:00
202400045263.0;1;32;32285;1;2;1.0;4.0;43.580313;0.321844;2024-05-08 10:50:00
202400045264.0;1;95;95241;1;1;1.0;2.0;49.04659244;2.43907622;2024-07-16 08:45:00
202400045265.0;1;2B;2B223;1;1;1.0;1.0;42.550871;9.176438;2024-08-23 13:30:00
202400045266.0;1;78;78043;1;1;1.0;6.0;48.850537;2.068444;2024-04-01 08:50:00
202400045267.0;5;75;75117;2;2;1.0;7.0;48.887307;2.297307;2024-01-08 19:50:00
202400045268.0;3;78;78043;1;1;1.0;6.0;48.834244;2.086598;2024-06-13 03:15:00
202400045269.0;1;22;22225;1;1;3.0;2.0;48.551895;-3.116925;2024-02-21 14:30:00
202400045270.0;5;71;71056;1;2;1.0;3.0;46.649337;5.167356;2024-04-25 22:09:00
202400045271.0;1;5;5065;2;3;1.0;6.0;44.660755;6.650317;2024-08-22 19:00:00
202400045272.0;4;93;93029;1;1;1.0;6.0;48.92596547;2.42335758;2024-07-15 22:35:00
202400045273.0;3;93;93027;1;1;1.0;6.0;48.92769196;2.40337584;2024-06-14 04:30:00
202400045274.0;3;78;78206;1;1;1.0;2.0;48.949173;1.945121;2024-04-01 01:40:00
202400045275.0;1;75;75117;2;2;1.0;6.0;48.891066;2.302545;2024-01-08 14:20:00
202400045276.0;3;44;44071;1;1;1.0;3.0;47.19214;-1.39815;2024-02-01 20:30:00
202400045277.0;2;44;44190;2;1;8.0;6.0;47.19414532;-1.49790918;2024-03-21 18:15:00
202400045278.0;1;63;63381;1;1;1.0;3.0;45.83492814;2.865794;2024-05-08 20:20:00
202400045279.0;1;93;93008;1;1;1.0;3.0;48.90615841;2.46109169;2024-06-13 19:15:00
202400045280.0;1;95;95527;1;1;1.0;2.0;49.02172295;2.53461784;2024-07-15 21:00:00
202400045281.0;5;68;68063;2;2;1.0;1.0;47.806641;7.175403;2024-08-22 22:40:00
202400045282.0;5;44;44143;2;1;8.0;7.0;47.1845069;-1.55965079;2024-03-21 23:10:00
202400045283.0;5;75;75116;2;3;1.0;3.0;48.866518;2.299536;2024-01-08 18:20:00
202400045284.0;3;86;86020;1;1;1.0;1.0;46.646026;0.594689;2024-05-08 21:37:00
202400045285.0;1;51;51391;1;1;3.0;1.0;49.273111;3.886843;2024-02-22 13:40:00
202400045286.0;4;974;97411;1;1;2.0;6.0;-20.8964;55.5046;2024-06-12 02:20:00
202400045287.0;1;44;44109;2;1;8.0;6.0;47.21416308;-1.53212206;2024-03-19 08:56:00
202400045288.0;1;75;75116;2;1;4.0;2.0;48.851556;2.241757;2024-01-08 13:30:00
202400045289.0;1;93;93064;1;1;1.0;3.0;48.88296254;2.47079958;2024-07-15 19:20:00
202400045290.0;1;34;34284;1;1;1.0;6.0;43.518338;2.737355;2024-05-09 15:00:00
202400045291.0;3;51;51183;1;1;1.0;7.0;49.32058729;4.02950498;2024-02-18 00:01:00
202400045292.0;5;68;68021;2;1;1.0;6.0;47.63489203;7.48932239;2024-08-14 21:15:00
202400045293.0;1;44;44162;2;6;1.0;7.0;47.22565842;-1.62128001;2024-03-18 08:45:00
202400045294.0;5;974;97409;2;1;2.0;5.0;-20.97248;55.65193;2024-06-12 19:35:00
202400045295.0;1;93;93008;1;1;1.0;3.0;48.91199881;2.43838549;2024-07-15 17:50:00
202400045296.0;1;75;75113;2;3;1.0;3.0;48.831012;2.381164;2024-01-08 15:00:00
202400045297.0;1;44;44109;2;1;1.0;6.0;47.23237465;-1.53741629;2024-03-18 08:50:00
202400045298.0;5;59;59337;2;1;2.0;1.0;50.819242;2.301716;2024-02-21 18:45:00
202400045299.0;1;68;68267;2;3;1.0;1.0;47.746845;7.232255;2024-04-15 10:45:00
202400045300.0;1;95;95061;1;1;1.0;7.0;49.06829106;2.25324381;2024-07-15 13:05:00
202400045301.0;3;57;57030;2;1;1.0;6.0;48.994464;6.049261;2024-08-21 00:50:00
202400045302.0;1;974;97407;2;2;1.0;3.0;-20.96063;55.31585;2024-06-13 12:00:00
202400045303.0;1;39;39251;1;6;1.0;6.0;46.644239;5.503481;2024-05-09 17:40:00
202400045304.0;5;75;75112;2;3;4.0;2.0;48.829851;2.461074;2024-01-08 20:45:00
202400045305.0;1;74;74105;2;1;1.0;5.0;46.303793;6.29564;2024-01-24 15:40:00
202400045306.0;1;80;80265;2;2;2.0;3.0;50.03048;1.544101;2024-02-21 14:00:00