Num_Acc;lum;departement;commune;agglomeration;intersection;meteo;type_collision;lat;long;date
202400045307.0;2;25;25321;1;9;1.0;6.0;47.058575;6.688356;2024-05-09 05:25:00
202400045308.0;1;85;85019;2;1;8.0;7.0;46.776956;-1.424628;2024-08-23 09:45:00
202400045309.0;1;69;69386;2;2;1.0;3.0;45.77099;4.85203;2024-06-13 11:45:00
202400045310.0;1;93;93010;1;1;1.0;4.0;48.90975235;2.47442216;2024-07-15 11:30:00
202400045311.0;1;42;42235;1;1;1.0;1.0;45.376749;4.031489;2024-02-22 14:15:00
202400045312.0;3;74;74256;2;2;1.0;3.0;45.933183;6.632317;2024-01-29 21:10:00
202400045313.0;1;56;56152;2;6;1.0;6.0;47.34699;-3.155029;2024-08-21 20:33:00
202400045314.0;3;44;44164;1;1;1.0;7.0;47.1293155;-1.8155554;2024-05-09 00:40:00
202400045315.0;1;93;93010;1;1;1.0;3.0;48.90895514;2.473747;2024-07-15 09:00:00
202400045316.0;1;972;97209;2;9;1.0;4.0;14.61495;-61.06218;2024-06-11 10:00:00
202400045317.0;1;74;74267;2;1;1.0;6.0;45.863342;6.140413;2024-01-23 11:15:00
202400045318.0;1;47;47085;1;1;1.0;1.0;44.15219647;0.14417736;2024-02-21 14:30:00
202400045319.0;1;44;44003;2;1;1.0;3.0;47.379758;-1.182693;2024-05-09 12:50:00
202400045320.0;3;972;97209;2;1;1.0;6.0;14.6143;-61.07286;2024-06-12 00:45:00
202400045321.0;1;76;76399;1;3;8.0;3.0;49.771994;1.435025;2024-08-23 16:09:00
202400045322.0;1;74;74148;1;1;2.0;6.0;45.768488;6.12711;2024-01-26 15:57:00
202400045323.0;5;69;69389;2;1;1.0;6.0;45.79145625;4.80301337;2024-06-12 01:20:00
202400045324.0;2;74;74154;2;1;1.0;6.0;46.404919;6.654534;2024-01-28 17:20:00
202400045325.0;1;94;94018;1;1;1.0;4.0;48.8239729;2.39430684;2024-07-16 16:55:00
202400045326.0;1;35;35117;1;2;1.0;3.0;48.138034;-2.248389;2024-05-09 11:45:00
202400045327.0;1;2;2684;2;9;1.0;6.0;49.9192;4.136438;2024-08-23 10:58:00
202400045328.0;1;86;86053;1;2;2.0;3.0;46.731458;0.115139;2024-02-18 09:49:00
202400045329.0;3;29;29004;2;6;1.0;6.0;47.93233929;-3.70819624;2024-05-08 00:45:00
202400045330.0;1;95;95582;2;3;1.0;1.0;48.97869129;2.25631714;2024-06-13 07:35:00
202400045331.0;1;94;94065;1;1;1.0;2.0;48.75363542;2.35846179;2024-07-16 16:50:00
202400045332.0;1;74;74014;2;1;1.0;2.0;46.032279;6.639347;2024-01-25 11:10:00
202400045333.0;1;86;86103;2;1;1.0;6.0;46.373667;0.407387;2024-02-20 10:00:00
202400045334.0;1;59;59592;2;1;1.0;1.0;50.476687;3.054545;2024-08-22 13:35:00
202400045335.0;5;74;74278;2;6;3.0;6.0;46.08780488;6.51523127;2024-01-18 18:00:00
202400045336.0;1;77;77058;1;1;1.0;2.0;48.82891113;2.73340636;2024-07-16 14:40:00
202400045337.0;5;34;34332;2;1;1.0;2.0;43.314016;3.423443;2024-02-18 19:00:00
202400045338.0;1;91;91432;2;3;1.0;6.0;48.69984;2.32656;2024-06-13 12:00:00
202400045339.0;1;38;38347;1;3;1.0;3.0;45.261808;5.22136;2024-05-09 10:25:00
202400045340.0;1;74;74208;1;1;8.0;6.0;45.91089004;6.71298712;2024-01-04 09:20:00
202400045341.0;5;13;13212;1;1;1.0;2.0;43.303806;5.426634;2024-08-22 04:14:00
202400045342.0;3;44;44131;2;1;3.0;6.0;47.127834;-2.150166;2024-02-21 23:15:00
202400045343.0;1;86;86157;2;1;1.0;6.0;46.559649;0.4004;2024-06-13 08:10:00
202400045344.0;2;94;94017;1;1;1.0;4.0;48.8268961;2.5128995;2024-07-16 06:20:00
202400045345.0;3;2;2810;1;1;1.0;6.0;49.266432;3.131104;2024-05-08 22:12:00
202400045346.0;3;33;33080;1;1;1.0;6.0;44.73467;-0.5325;2024-08-22 05:04:00
202400045347.0;1;988;98818;2;1;1.0;2.0;-22.28671;166.44443;2024-03-31 13:05:00
202400045348.0;1;29;29276;1;1;1.0;6.0;48.680081;-4.086024;2024-02-20 10:15:00
202400045349.0;1;15;15045;1;1;1.0;6.0;44.88461;2.995791;2024-05-09 12:30:00
202400045350.0;2;77;77058;1;1;1.0;7.0;48.829281;2.741512;2024-07-16 05:00:00
202400045351.0;1;59;59475;1;1;1.0;6.0;50.338451;3.458084;2024-08-13 10:56:00
202400045352.0;2;86;86194;2;1;1.0;3.0;46.570672;0.370477;2024-06-13 07:20:00
202400045353.0;1;974;97411;2;9;2.0;1.0;-20.8945;55.4917;2024-03-30 16:00:00
202400045354.0;1;77;77384;1;1;1.0;6.0;48.59336106;2.64091789;2024-08-22 11:48:00
202400045355.0;1;15;15134;1;1;1.0;2.0;44.719547;2.503542;2024-05-08 10:15:00
202400045356.0;1;94;94028;1;1;1.0;2.0;48.77833805;2.44059138;2024-07-15 14:15:00
202400045357.0;1;31;31315;2;1;2.0;1.0;43.084179;0.946064;2024-02-16 17:40:00
202400045358.0;1;85;85191;2;2;1.0;3.0;46.6797171;-1.4407485;2024-06-13 17:25:00
202400045359.0;5;69;69388;2;2;3.0;2.0;45.7333;4.86441;2024-04-01 01:00:00
202400045360.0;1;92;92002;1;1;1.0;3.0;48.73272639;2.31149232;2024-08-22 09:05:00
202400045361.0;1;38;38139;1;1;3.0;7.0;45.717274;5.481454;2024-02-22 11:33:00
202400045362.0;1;70;70195;1;1;8.0;1.0;47.72116;6.368916;2024-05-07 16:30:00
202400045363.0;1;65;65286;1;1;1.0;4.0;43.11505529;-0.03375093;2024-04-26 18:10:00
202400045364.0;1;69;69383;2;3;2.0;3.0;45.74401;4.88561;2024-03-31 10:20:00
202400045365.0;5;84;84007;2;1;1.0;2.0;43.95188;4.83541;2024-06-14 01:15:00
202400045366.0;5;44;44162;2;6;8.0;7.0;47.2232187;-1.61201011;2024-07-08 20:05:00
202400045367.0;1;3;3283;1;1;1.0;7.0;46.526214;3.573164;2024-02-21 14:40:00
202400045368.0;1;972;97209;1;3;1.0;3.0;14.61811;-61.06047;2024-03-31 09:15:00
202400045369.0;1;26;26353;1;1;1.0;4.0;44.672376;4.794266;2024-05-08 18:06:00
202400045370.0;1;73;73301;1;1;1.0;6.0;45.70769085;5.96549302;2024-02-18 12:15:00
202400045371.0;1;80;80021;2;7;1.0;3.0;49.888624;2.3032264;2024-06-12 19:50:00
202400045372.0;3;93;93053;2;1;1.0;4.0;48.88824388;2.47412702;2024-08-21 23:00:00
202400045373.0;1;57;57227;2;1;8.0;3.0;49.177483;6.8836;2024-04-25 12:19:00
202400045374.0;1;18;18015;1;1;6.0;7.0;47.510411;2.412111;2024-02-22 13:00:00
202400045375.0;1;78;78646;2;1;1.0;6.0;48.808754;2.135127;2024-05-26 17:15:00
202400045376.0;2;60;60509;2;1;1.0;1.0;49.306697;2.614166;2024-05-08 20:50:00
202400045377.0;3;7;7078;2;1;2.0;6.0;45.260804;4.703822;2024-02-22 18:35:00
202400045378.0;5;971;97101;1;2;1.0;3.0;16.27624041;-61.50157213;2024-03-30 01:59:00
202400045379.0;3;92;92036;1;1;1.0;6.0;48.93861697;2.30155528;2024-08-21 21:30:00
202400045380.0;5;57;57227;2;1;1.0;1.0;49.190068;6.908268;2024-04-13 20:50:00
202400045381.0;1;78;78350;1;1;1.0;3.0;48.87117;2.11165;2024-06-12 12:13:00
202400045382.0;1;36;36062;1;4;1.0;3.0;46.46314712;1.59956324;2024-05-09 18:30:00
202400045383.0;1;95;95678;2;1;1.0;7.0;49.06243439;2.21264845;2024-08-21 14:40:00
202400045384.0;1;2A;2A004;2;1;8.0;1.0;41.94786;8.7645;2024-03-30 17:38:00
202400045385.0;4;85;85146;2;6;3.0;1.0;46.962252;-1.30669;2024-02-21 23:40:00
202400045386.0;1;16;16167;2;1;1.0;6.0;45.680389;-0.172875;2024-05-06 17:30:00
202400045387.0;1;77;77445;2;9;1.0;3.0;48.59428567;2.58120847;2024-06-12 18:13:00
202400045388.0;2;92;92036;1;1;1.0;6.0;48.93919955;2.29432636;2024-08-20 21:00:00
202400045389.0;1;69;69018;2;1;1.0;1.0;46.15176386;4.59336825;2024-03-24 16:45:00
202400045390.0;3;95;95539;1;1;1.0;6.0;48.99973582;2.35981647;2024-03-31 00:15:00
202400045391.0;1;7;7010;2;1;1.0;6.0;45.258999;4.659051;2024-05-09 14:25:00
202400045392.0;3;77;77152;2;1;3.0;7.0;48.50717;2.60528;2024-06-11 21:45:00
202400045393.0;1;974;97411;2;1;1.0;6.0;-20.88564;55.44693;2024-07-15 12:47:00
202400045394.0;3;972;97213;1;1;1.0;3.0;14.61313;-61.00971;2024-02-13 05:30:00
202400045395.0;1;6;6018;1;6;1.0;3.0;43.617266;7.059762;2024-02-21 17:10:00
202400045396.0;1;95;95424;2;1;1.0;3.0;48.98865206;2.18186062;2024-03-31 13:30:00
202400045397.0;3;85;85084;1;3;1.0;3.0;46.764045;-1.204419;2024-05-08 21:25:00
202400045398.0;1;77;77372;2;1;1.0;7.0;48.88393;2.69029;2024-06-13 12:40:00
202400045399.0;1;30;30269;1;1;1.0;7.0;44.125139;3.864576;2024-05-09 13:55:00
202400045400.0;1;974;97409;2;2;1.0;3.0;-20.95947;55.6635;2024-07-14 08:25:00
202400045401.0;2;18;18279;2;1;1.0;2.0;47.22688;2.06982;2024-03-22 20:00:00
202400045402.0;5;91;91377;2;1;1.0;5.0;48.72939;2.27256;2024-03-31 21:03:00
202400045403.0;2;6;6067;1;1;1.0;5.0;43.78199;7.450168;2024-02-21 07:03:00
202400045404.0;1;48;48176;1;1;1.0;3.0;44.196204;3.247319;2024-05-08 16:15:00
202400045405.0;1;76;76451;2;1;8.0;6.0;49.46525;1.07215;2024-05-27 14:09:00
202400045406.0;1;973;97302;2;3;1.0;3.0;4.92797404;-52.31386095;2024-07-15 15:10:00
202400045407.0;1;91;91645;2;1;1.0;6.0;48.74507;2.27726;2024-03-31 14:45:00
202400045408.0;1;63;63272;1;1;8.0;2.0;45.73498792;3.15282162;2024-02-21 17:10:00
202400045409.0;1;88;88302;1;1;1.0;1.0;47.922777;6.807747;2024-05-09 18:25:00
202400045410.0;5;76;76351;2;3;1.0;3.0;49.52742;0.127605;2024-06-13 03:05:00
202400045411.0;2;91;91377;2;1;1.0;1.0;48.71911;2.26886;2024-03-31 07:00:00
202400045412.0;5;69;69388;2;2;1.0;3.0;45.73933;4.86001;2024-07-15 23:00:00
202400045413.0;1;76;76540;2;6;1.0;3.0;49.42678;1.07701;2024-05-26 11:40:00
202400045414.0;3;45;45067;1;1;6.0;7.0;47.8956;1.777318;2024-02-22 04:40:00
202400045415.0;1;42;42256;1;1;1.0;6.0;45.511482;4.190565;2024-05-09 16:50:00
202400045416.0;1;73;73065;2;3;1.0;6.0;45.56678;5.91483;2024-06-13 13:50:00
202400045417.0;1;69;69383;2;1;1.0;3.0;45.75302434;4.85424952;2024-07-15 09:04:00
202400045418.0;1;91;91228;2;9;1.0;2.0;48.63085;2.44903;2024-03-30 16:55:00
202400045419.0;1;38;38029;1;1;1.0;6.0;45.570313;5.555563;2024-02-21 10:10:00
202400045420.0;3;38;38511;1;1;1.0;2.0;45.34928;5.966842;2024-05-08 23:20:00
202400045421.0;1;76;76216;2;3;1.0;3.0;49.46489;1.05239;2024-05-26 10:45:00
202400045422.0;1;77;77071;1;1;2.0;6.0;48.208235;2.790908;2024-02-22 10:40:00
202400045423.0;1;67;67482;2;1;1.0;2.0;48.58694;7.746555;2024-06-13 16:34:00
202400045424.0;2;69;69382;2;2;1.0;3.0;45.75947;4.83336;2024-07-15 21:20:00
202400045425.0;5;84;84007;2;6;3.0;3.0;43.91071;4.88388;2024-03-31 20:45:00
202400045426.0;2;69;69032;1;1;1.0;1.0;45.84610999;4.58990916;2024-05-09 06:05:00
202400045427.0;1;76;76681;2;2;1.0;2.0;49.41235695;1.09249002;2024-05-25 18:45:00
202400045428.0;1;77;77168;1;1;3.0;2.0;48.158437;2.886175;2024-02-22 15:50:00
202400045429.0;5;2B;2B033;2;1;1.0;1.0;42.69497;9.44707;2024-07-14 23:42:00
202400045430.0;1;67;67482;2;9;1.0;3.0;48.60252;7.71963;2024-06-13 09:15:00
202400045431.0;1;68;68278;2;1;7.0;2.0;47.74344051;7.41343458;2024-05-09 12:10:00
202400045432.0;1;987;98712;1;1;1.0;7.0;-17.516503;-149.504963;2024-02-21 14:15:00
202400045433.0;1;83;83090;2;1;8.0;5.0;43.1353;5.85748;2024-03-30 12:23:00
202400045434.0;1;76;76540;2;4;1.0;6.0;49.44957;1.13655;2024-05-19 21:00:00
202400045435.0;1;87;87085;2;1;1.0;3.0;45.8266;1.25933;2024-07-12 18:18:00
202400045436.0;1;67;67482;2;1;1.0;3.0;48.552978;7.795691;2024-06-12 16:25:00
202400045437.0;3;987;98714;1;1;1.0;7.0;-16.511191;-151.722028;2024-05-07 04:15:00
202400045438.0;1;974;97422;2;1;2.0;1.0;-21.228132;55.55122;2024-02-22 13:00:00
202400045439.0;1;76;76497;1;3;1.0;3.0;49.3934;1.01886;2024-05-17 12:00:00
202400045440.0;1;87;87050;2;1;1.0;6.0;45.88417435;1.23867452;2024-07-12 15:54:00
202400045441.0;1;66;66136;2;1;1.0;6.0;42.69508;2.8643;2024-06-13 16:40:00
202400045442.0;1;81;81004;2;6;1.0;2.0;43.920931;2.1685987;2024-03-30 17:30:00
202400045443.0;1;974;97408;2;1;1.0;6.0;-20.942841;55.329208;2024-02-22 11:15:00
202400045444.0;1;30;30130;1;1;1.0;7.0;44.317707;3.966354;2024-05-09 15:00:00
202400045445.0;1;66;66136;2;2;1.0;1.0;42.70049;2.90278;2024-06-13 14:30:00
202400045446.0;1;84;84031;2;3;7.0;6.0;44.06093;5.05156;2024-04-19 08:00:00
202400045447.0;1;87;87113;2;3;1.0;3.0;45.86802;1.32864;2024-07-13 11:56:00
202400045448.0;1;30;30258;1;1;1.0;2.0;43.671224;4.403801;2024-05-07 07:40:00
202400045449.0;1;64;64129;2;1;2.0;7.0;43.31902449;-0.37871316;2024-06-12 17:20:00
202400045450.0;1;28;28343;1;1;2.0;1.0;48.689289;1.538215;2024-02-22 08:30:00
202400045451.0;1;30;30011;1;1;1.0;7.0;43.93864;4.76326;2024-07-15 17:35:00
202400045452.0;1;84;84080;2;1;1.0;6.0;44.03331;4.99601;2024-04-18 09:10:00
202400045453.0;1;71;71086;1;1;1.0;5.0;46.409125;4.252755;2024-05-09 16:30:00
202400045454.0;3;2B;2B298;1;1;1.0;6.0;42.693173;9.324024;2024-02-22 03:00:00
202400045455.0;5;69;69264;2;7;1.0;6.0;45.98686;4.71488;2024-03-30 22:25:00
202400045456.0;2;63;63113;2;1;1.0;3.0;45.76443813;3.08661371;2024-06-13 21:47:00
202400045457.0;1;83;83144;2;1;1.0;6.0;43.13619;5.98594;2024-07-15 09:20:00
202400045458.0;1;58;58121;2;6;1.0;3.0;47.046913;3.090769;2024-05-08 16:00:00
202400045459.0;1;69;69276;2;9;8.0;6.0;45.67012;4.86449;2024-03-31 18:45:00
202400045460.0;1;84;84080;1;1;1.0;2.0;44.04592;4.99919;2024-04-16 18:00:00
202400045461.0;1;62;62457;2;3;1.0;3.0;50.46527;2.54717;2024-06-12 14:00:00
202400045462.0;1;82;82121;1;2;1.0;3.0;44.03693595;1.4224585;2024-07-15 11:00:00
202400045463.0;1;42;42094;2;1;1.0;5.0;45.736388;4.223251;2024-02-21 15:05:00
202400045464.0;5;64;64260;2;1;1.0;2.0;43.367237;-1.770335;2024-03-30 23:15:00
202400045465.0;1;62;62119;2;1;1.0;1.0;50.5277;2.62569;2024-06-12 17:20:00
202400045466.0;1;85;85097;1;1;3.0;7.0;46.95336;-1.058816;2024-02-18 12:50:00
202400045467.0;1;80;80021;2;1;1.0;6.0;49.88499;2.26512;2024-07-14 10:58:00
202400045468.0;1;84;84080;1;1;1.0;2.0;44.04554;5.01915;2024-04-16 17:35:00
202400045469.0;1;63;63038;1;9;1.0;3.0;45.504234;2.903008;2024-05-09 13:10:00
202400045470.0;1;64;64445;2;1;1.0;6.0;43.3073;-0.33586;2024-03-31 11:40:00
202400045471.0;1;78;78208;2;7;1.0;6.0;48.76789;1.94885;2024-07-15 16:35:00
202400045472.0;1;44;44194;1;1;3.0;3.0;47.256034;-1.689722;2024-02-22 08:00:00
202400045473.0;1;60;60057;2;1;1.0;6.0;49.43209348;2.08807933;2024-06-12 15:25:00
202400045474.0;1;26;26206;2;1;1.0;6.0;44.830121;4.983576;2024-05-08 18:40:00
202400045475.0;5;63;63113;2;1;3.0;6.0;45.79464;3.11753;2024-04-01 23:18:00
202400045476.0;1;60;60446;1;1;1.0;6.0;49.130229;2.831726;2024-02-22 16:00:00
202400045477.0;1;84;84087;1;6;1.0;3.0;44.09632;4.82537;2024-05-22 17:17:00
202400045478.0;1;51;51454;2;9;2.0;6.0;49.265393;4.026401;2024-03-31 12:55:00
202400045479.0;1;78;78621;2;3;1.0;3.0;48.779301;1.993904;2024-07-14 21:00:00
202400045480.0;1;65;65310;1;3;1.0;3.0;43.094708;0.187079;2024-01-29 15:00:00
202400045481.0;3;2;2443;1;1;2.0;6.0;49.044296;3.268433;2024-02-21 23:35:00
202400045482.0;1;59;59512;2;1;1.0;3.0;50.68733753;3.17661483;2024-06-13 19:05:00
202400045483.0;1;84;84031;1;1;1.0;6.0;44.06448;5.04235;2024-05-05 11:55:00
202400045484.0;3;13;13005;1;1;1.0;6.0;43.29205;5.55596;2024-02-21 05:00:00
202400045485.0;1;44;44026;1;9;1.0;6.0;47.2693519;-1.48074972;2024-05-08 18:10:00
202400045486.0;1;50;50129;2;2;2.0;3.0;49.65263;-1.66592;2024-03-29 19:05:00
202400045487.0;1;59;59392;2;1;1.0;3.0;50.2664;3.94039;2024-06-12 20:00:00
202400045488.0;1;95;95218;2;6;2.0;3.0;49.01102305;2.09878026;2024-07-15 15:30:00
202400045489.0;1;83;83062;1;1;1.0;2.0;43.14402;6.03202;2024-02-21 08:05:00
202400045490.0;1;76;76057;2;6;1.0;3.0;49.526819;0.962167;2024-05-08 19:34:00
202400045491.0;1;76;76157;2;3;1.0;3.0;49.45597;1.03297;2024-05-15 16:45:00
202400045492.0;1;49;49007;2;1;1.0;2.0;47.4738;-0.57997;2024-03-31 10:10:00
202400045493.0;1;56;56260;2;6;1.0;2.0;47.65948;-2.78118;2024-06-03 09:05:00
202400045494.0;1;13;13211;2;1;1.0;2.0;43.29283;5.47625;2024-04-30 12:41:00
202400045495.0;1;77;77260;2;2;1.0;3.0;48.51973363;3.24137994;2024-07-13 19:35:00
202400045496.0;2;45;45234;2;2;1.0;1.0;47.88411;1.89819;2024-03-31 20:25:00
202400045497.0;5;59;59599;1;1;1.0;6.0;50.69452;3.14659;2024-02-20 20:25:00
202400045498.0;5;67;67482;1;1;1.0;4.0;48.57007;7.73136;2024-05-07 23:30:00
202400045499.0;1;56;56121;2;3;1.0;3.0;47.746086;-3.36716204;2024-06-12 09:44:00
202400045500.0;3;76;76540;2;3;1.0;3.0;49.45054;1.05921;2024-05-13 02:10:00
202400045501.0;1;77;77276;1;6;7.0;2.0;48.91691;2.87994;2024-07-15 08:25:00
202400045502.0;1;91;91161;1;1;1.0;2.0;48.70133728;2.30896354;2024-05-08 09:55:00
202400045503.0;1;45;45208;2;3;2.0;6.0;48.005394;2.744423;2024-03-25 09:50:00
202400045504.0;1;59;59426;1;1;1.0;5.0;50.75652;3.14944;2024-02-14 14:43:00
202400045505.0;5;76;76322;2;1;1.0;7.0;49.42169;1.02575;2024-05-01 02:15:00
202400045506.0;1;54;54395;2;1;1.0;2.0;48.6764;6.20614;2024-06-13 08:15:00
202400045507.0;1;77;77122;1;1;1.0;6.0;48.65567115;2.61382266;2024-05-08 16:00:00
202400045508.0;3;77;77513;1;6;1.0;7.0;48.949312;2.85636;2024-07-15 03:05:00
202400045509.0;5;42;42218;2;1;6.0;6.0;45.43448;4.41811;2024-03-31 20:42:00
202400045510.0;1;976;97611;2;1;1.0;3.0;-12.79325;45.21711;2024-08-21 15:51:00
202400045511.0;5;94;94034;1;1;1.0;4.0;48.7581323;2.32682889;2024-02-21 08:10:00
202400045512.0;1;54;54382;2;1;1.0;6.0;49.53811;5.76815;2024-06-13 16:08:00
202400045513.0;1;77;77014;2;1;1.0;6.0;48.41508;2.719581;2024-07-15 10:21:00
202400045514.0;4;41;41212;2;1;3.0;2.0;47.573665;1.354645;2024-03-30 02:30:00
202400045515.0;1;92;92036;1;1;1.0;4.0;48.93708061;2.29369104;2024-02-21 11:35:00
202400045516.0;1;76;76319;2;4;1.0;6.0;49.35216;1.0132;2024-07-15 07:15:00
202400045517.0;1;974;97411;2;1;1.0;5.0;-20.8991;55.4918;2024-08-20 15:40:00
202400045518.0;5;51;51454;2;9;1.0;3.0;49.26713;4.02482;2024-06-13 23:35:00
202400045519.0;1;988;98818;2;1;1.0;3.0;-22.30314;166.43645;2024-05-07 07:40:00
202400045520.0;3;38;38229;1;1;1.0;7.0;45.20041;5.78091;2024-03-31 04:40:00
202400045521.0;1;974;97411;2;1;1.0;6.0;-20.89118;55.48039;2024-05-06 17:50:00
202400045522.0;1;92;92050;1;1;1.0;3.0;48.89376161;2.23239398;2024-02-20 11:40:00
202400045523.0;1;51;51454;2;1;1.0;6.0;49.26141;4.04639;2024-06-13 12:50:00
202400045524.0;1;974;97409;2;1;2.0;2.0;-20.95457;55.66264;2024-08-21 17:00:00
202400045525.0;3;76;76351;2;3;1.0;6.0;49.49221;0.11204;2024-07-15 00:35:00
202400045526.0;1;34;34172;2;1;1.0;2.0;43.60481;3.88882;2024-03-30 12:50:00
202400045527.0;1;974;97411;2;3;1.0;3.0;-20.88559;55.4639;2024-05-06 09:00:00
202400045528.0;1;51;51454;2;2;1.0;6.0;49.23524;4.06991;2024-06-13 12:22:00
202400045529.0;1;974;97407;2;1;1.0;3.0;-20.95109;55.30878;2024-08-21 07:30:00
202400045530.0;3;76;76026;1;1;2.0;6.0;49.878698;1.123395;2024-07-15 22:50:00
202400045531.0;3;78;78029;1;1;1.0;5.0;48.96446;1.84669;2024-02-20 05:20:00
202400045532.0;5;974;97407;2;9;1.0;6.0;-20.95674;55.31345;2024-05-07 19:00:00
202400045533.0;1;33;33063;2;6;3.0;6.0;44.83056;-0.60302;2024-03-31 18:15:00
202400045534.0;2;973;97302;2;1;1.0;7.0;4.93557;-52.30808;2024-08-20 14:37:00
202400045535.0;1;973;97302;2;1;1.0;2.0;4.92026603;-52.32044309;2024-05-07 14:20:00
202400045536.0;5;75;75113;2;1;1.0;3.0;48.816445;2.347125;2024-02-20 19:00:00
202400045537.0;1;49;49099;2;6;1.0;2.0;47.05935419;-0.90445339;2024-06-13 20:00:00
202400045538.0;1;74;74133;2;1;8.0;1.0;46.18661;6.20288;2024-07-15 07:30:00
202400045539.0;1;33;33318;2;1;1.0;3.0;44.800061;-0.663198;2024-03-30 17:23:00
202400045540.0;1;49;49015;2;1;1.0;7.0;47.49348;-0.59155;2024-06-12 18:32:00
202400045541.0;1;75;75113;2;1;1.0;4.0;48.825357;2.385388;2024-02-20 11:10:00
202400045542.0;1;973;97302;2;3;2.0;3.0;4.93758888;-52.31594646;2024-05-07 11:20:00
202400045543.0;1;973;97302;2;3;1.0;3.0;4.92725252;-52.31962556;2024-08-19 12:00:00
202400045544.0;1;73;73065;2;1;1.0;3.0;45.56316978;5.90687222;2024-07-15 09:15:00
202400045545.0;1;75;75116;2;1;1.0;2.0;48.858608;2.229019;2024-02-20 11:28:00
202400045546.0;1;973;97302;2;1;1.0;3.0;4.94269;-52.31971;2024-05-07 09:53:00
202400045547.0;1;47;47215;2;6;1.0;3.0;44.39374813;0.69305212;2024-06-12 18:55:00
202400045548.0;1;69;69383;2;1;1.0;6.0;45.76007;4.86182;2024-08-20 11:00:00
202400045549.0;1;69;69388;2;1;8.0;6.0;45.727;4.87065;2024-05-07 13:49:00
202400045550.0;3;33;33529;2;1;1.0;2.0;44.63518;-1.1551;2024-03-30 22:00:00
202400045551.0;5;75;75119;2;4;1.0;3.0;48.89969758;2.38790631;2024-02-19 23:55:00
202400045552.0;5;68;68376;2;2;1.0;1.0;47.798306;7.313399;2024-07-14 22:05:00
202400045553.0;1;47;47001;2;2;1.0;6.0;44.20738;0.61559;2024-06-13 19:24:00
202400045554.0;5;31;31555;2;1;2.0;7.0;43.61478531;1.43371046;2024-03-31 20:15:00
202400045555.0;1;972;97209;2;1;1.0;1.0;14.627372;-61.078202;2024-08-17 16:45:00
202400045556.0;1;75;75117;2;1;1.0;2.0;48.896519;2.319082;2024-02-20 14:00:00
202400045557.0;3;972;97213;1;6;1.0;3.0;14.656725;-60.972757;2024-05-06 21:05:00
202400045558.0;1;47;47001;2;9;1.0;4.0;44.19509;0.61309;2024-06-13 07:55:00
202400045559.0;1;67;67482;2;3;1.0;3.0;48.59655;7.75006;2024-07-15 08:20:00
202400045560.0;5;94;94078;2;3;1.0;3.0;48.72767;2.44558;2024-02-19 20:10:00
202400045561.0;1;972;97209;2;1;1.0;3.0;14.61809;-61.05686;2024-05-07 16:23:00
202400045562.0;1;45;45302;2;1;1.0;6.0;47.96241;1.84706;2024-06-12 13:50:00
202400045563.0;1;2B;2B033;2;1;1.0;4.0;42.68942;9.44713;2024-08-21 20:00:00
202400045564.0;1;64;64445;2;1;1.0;3.0;43.29666;-0.38579;2024-07-15 16:30:00
202400045565.0;5;94;94068;2;7;2.0;3.0;48.793938;2.495711;2024-02-19 21:10:00
202400045566.0;1;44;44184;2;1;1.0;6.0;47.26146;-2.26068;2024-06-13 17:10:00
202400045567.0;1;31;31555;2;1;1.0;6.0;43.60102;1.43397;2024-03-31 17:38:00
202400045568.0;1;69;69389;2;3;2.0;3.0;45.78396;4.8082;2024-05-07 19:30:00
202400045569.0;1;95;95574;2;1;1.0;6.0;49.00027196;2.26207316;2024-08-20 17:35:00
202400045570.0;1;64;64102;2;1;1.0;3.0;43.48752;-1.48353;2024-07-13 15:45:00
202400045571.0;1;94;94041;2;1;1.0;1.0;48.80856883;2.37368068;2024-02-19 17:20:00
202400045572.0;1;37;37261;2;9;1.0;3.0;47.37163;0.67777;2024-06-13 16:40:00
202400045573.0;1;2B;2B033;1;1;5.0;3.0;42.4043;9.2345;2024-05-07 12:38:00
202400045574.0;1;27;27681;2;1;1.0;7.0;49.08719;1.46529;2024-03-30 18:30:00
202400045575.0;5;94;94069;2;2;1.0;3.0;48.81782;2.41971;2024-02-20 01:00:00
202400045576.0;1;62;62193;2;6;1.0;6.0;50.95474;1.84997;2024-07-11 18:38:00
202400045577.0;1;91;91027;2;1;2.0;3.0;48.7131904;2.37128071;2024-08-20 19:40:00
202400045578.0;5;13;13212;2;1;2.0;6.0;43.27688;5.4328;2024-03-31 00:35:00
202400045579.0;5;971;97101;2;2;1.0;3.0;16.29373221;-61.49475396;2024-05-06 18:20:00
202400045580.0;1;35;35238;2;3;2.0;3.0;48.12453127;-1.70975;2024-06-13 17:20:00
202400045581.0;1;94;94028;2;1;1.0;6.0;48.77287;2.43446;2024-02-19 16:50:00
202400045582.0;1;95;95585;2;1;1.0;2.0;48.98112299;2.37882435;2024-05-07 17:15:00
202400045583.0;2;93;93077;2;2;2.0;3.0;48.88112;2.52621;2024-02-19 17:45:00
202400045584.0;1;62;62445;1;1;1.0;5.0;50.49313166;2.59498824;2024-07-14 18:15:00
202400045585.0;1;33;33162;2;3;1.0;3.0;44.8627;-0.64957;2024-06-13 08:30:00
202400045586.0;1;95;95607;2;1;2.0;6.0;49.02306815;2.23316133;2024-05-07 18:05:00
202400045587.0;3;11;11069;2;2;2.0;3.0;43.19924;2.3272;2024-03-31 22:55:00
202400045588.0;1;91;91223;2;1;1.0;4.0;48.43676;2.13637;2024-08-21 08:11:00