Num_Acc;lum;departement;commune;agglomeration;intersection;meteo;type_collision;lat;long;date
202400045589.0;5;92;92064;2;1;1.0;2.0;48.85682111;2.22335529;2024-02-20 19:00:00
202400045590.0;5;33;33119;2;9;1.0;6.0;44.85382;-0.53791;2024-06-13 00:15:00
202400045591.0;1;95;95427;2;1;1.0;3.0;48.97669164;2.34815106;2024-05-07 20:30:00
202400045592.0;1;61;61169;2;3;1.0;3.0;48.745859;-0.557843;2024-07-11 16:10:00
202400045593.0;1;31;31555;2;1;1.0;6.0;43.59659;1.46345;2024-06-13 15:15:00
202400045594.0;1;92;92064;2;9;8.0;2.0;48.84583979;2.22383961;2024-02-20 15:20:00
202400045595.0;1;87;87085;2;3;1.0;6.0;45.825299;1.272431;2024-08-21 08:41:00
202400045596.0;1;95;95598;2;6;1.0;3.0;48.99538153;2.30252276;2024-05-07 16:20:00
202400045597.0;5;10;10387;2;3;1.0;3.0;48.2934;4.0687;2024-03-31 20:54:00
202400045598.0;2;1;1053;2;7;3.0;6.0;46.205193;5.227127;2024-03-30 18:20:00
202400045599.0;3;86;86158;2;4;1.0;3.0;46.63283;0.301721;2024-08-21 05:56:00
202400045600.0;1;95;95427;2;2;1.0;3.0;48.97385572;2.34923959;2024-05-07 07:10:00
202400045601.0;1;30;30028;1;1;1.0;4.0;44.14862;4.6544;2024-06-12 17:55:00
202400045602.0;1;92;92050;2;1;1.0;3.0;48.89997276;2.19036564;2024-02-20 12:55:00
202400045603.0;2;60;60175;2;9;1.0;5.0;49.2504133;2.46706045;2024-07-15 05:05:00
202400045604.0;1;95;95427;2;1;1.0;3.0;48.96247123;2.33341745;2024-05-06 11:30:00
202400045605.0;1;29;29173;1;1;1.0;6.0;48.00114248;-4.15867275;2024-06-12 17:40:00
202400045606.0;1;92;92044;1;3;1.0;6.0;48.89606649;2.29762799;2024-02-19 10:00:00
202400045607.0;1;84;84035;2;1;1.0;1.0;43.82766;5.03266;2024-08-21 18:30:00
202400045608.0;1;91;91657;2;1;1.0;3.0;48.70084;2.42226;2024-05-07 14:50:00
202400045609.0;1;26;26198;2;1;1.0;2.0;44.537928;4.76512671;2024-06-13 15:00:00
202400045610.0;1;59;59648;2;2;1.0;3.0;50.58757;3.05144;2024-07-15 12:45:00
202400045611.0;1;84;84007;1;9;1.0;7.0;43.89003;4.91616;2024-08-02 19:00:00
202400045612.0;4;92;92036;1;2;2.0;4.0;48.93582223;2.27971154;2024-02-19 18:10:00
202400045613.0;1;22;22278;2;1;1.0;6.0;48.51427;-2.74082;2024-06-12 20:40:00
202400045614.0;1;92;92060;2;1;1.0;6.0;48.78198;2.27045;2024-02-20 14:30:00
202400045615.0;1;83;83090;2;1;1.0;6.0;43.13763065;5.87253678;2024-08-21 20:30:00
202400045616.0;1;19;19031;2;1;1.0;3.0;45.15672722;1.53392297;2024-06-12 17:04:00
202400045617.0;1;59;59178;2;1;1.0;2.0;50.37921;3.09035;2024-07-12 07:30:00
202400045618.0;1;17;17415;2;1;1.0;3.0;45.74478;-0.60481;2024-06-12 17:10:00
202400045619.0;1;92;92004;1;1;1.0;3.0;48.91242147;2.30305579;2024-02-20 15:50:00
202400045620.0;1;82;82121;2;1;1.0;3.0;44.032755;1.364311;2024-08-21 19:50:00
202400045621.0;1;13;13117;2;2;1.0;3.0;43.44854;5.24656;2024-06-13 08:15:00
202400045622.0;3;35;35195;1;1;1.0;6.0;48.304511;-1.682587;2024-02-12 18:25:00
202400045623.0;1;57;57283;2;1;1.0;3.0;49.25316;6.16986;2024-07-14 17:35:00
202400045624.0;1;80;80131;2;1;3.0;1.0;49.85313;2.37924;2024-08-20 14:10:00
202400045625.0;1;13;13117;2;1;1.0;2.0;43.42499;5.24803;2024-06-12 16:00:00
202400045626.0;1;33;33393;1;1;1.0;6.0;45.007624;-0.196318;2024-02-20 15:25:00
202400045627.0;1;56;56260;2;6;1.0;3.0;47.66399;-2.75583;2024-07-15 09:59:00
202400045628.0;3;13;13047;1;8;1.0;7.0;43.48832;4.9636;2024-06-14 01:25:00
202400045629.0;3;83;83148;1;1;1.0;7.0;43.393443;6.437954;2024-02-20 22:15:00
202400045630.0;3;51;51559;1;1;1.0;6.0;49.09397684;4.49265718;2024-02-20 23:00:00
202400045631.0;1;12;12089;1;1;1.0;3.0;44.56869;2.24871;2024-06-12 19:25:00
202400045632.0;1;54;54528;2;1;8.0;3.0;48.69125;5.89635;2024-07-15 18:30:00
202400045633.0;1;58;58227;2;1;1.0;1.0;47.528106;3.064035;2024-02-20 17:20:00
202400045634.0;1;11;11069;2;1;1.0;6.0;43.21278;2.35342;2024-06-13 07:40:00
202400045635.0;5;54;54395;2;1;1.0;1.0;48.67857;6.1972;2024-07-15 00:50:00
202400045636.0;1;57;57392;1;1;1.0;1.0;49.03876132;6.35535857;2024-02-19 17:05:00
202400045637.0;1;11;11069;1;1;1.0;2.0;43.23163;2.37431;2024-06-10 17:45:00
202400045638.0;1;76;76322;2;6;1.0;2.0;49.41415;1.04465;2024-06-27 07:40:00
202400045639.0;5;79;79208;1;1;1.0;7.0;46.665372;-0.155445;2024-02-12 18:30:00
202400045640.0;3;9;9122;2;1;1.0;1.0;42.996375;1.615247;2024-06-13 22:20:00
202400045641.0;1;51;51172;2;6;1.0;6.0;49.21602;4.05756;2024-07-15 14:45:00
202400045642.0;1;79;79185;2;1;1.0;3.0;46.293504;-0.285387;2024-02-20 17:40:00
202400045643.0;1;71;71499;2;2;1.0;3.0;46.64653;4.29397;2024-08-21 10:10:00
202400045644.0;1;7;7316;1;1;1.0;3.0;44.90853;4.85369;2024-06-13 18:25:00
202400045645.0;3;80;80500;2;1;2.0;3.0;50.012855;1.609883;2024-02-21 18:30:00
202400045646.0;1;6;6088;2;1;1.0;6.0;43.70313;7.26394;2024-06-12 14:11:00
202400045647.0;2;51;51160;1;1;1.0;2.0;48.9408949;4.3402219;2024-07-10 05:30:00
202400045648.0;1;64;64102;2;6;1.0;1.0;43.47994;-1.47839;2024-08-20 19:38:00
202400045649.0;1;71;71374;1;4;1.0;1.0;46.73425708;4.71040714;2024-02-21 08:00:00
202400045650.0;1;6;6069;2;6;1.0;3.0;43.64979;6.93157;2024-06-13 20:50:00
202400045651.0;1;49;49099;1;6;1.0;6.0;47.03628;-0.90566;2024-07-14 09:55:00
202400045652.0;3;63;63352;1;1;1.0;6.0;45.45040888;3.24188354;2024-02-20 20:45:00
202400045653.0;1;62;62902;2;1;1.0;6.0;50.71145;2.24374;2024-08-18 17:00:00
202400045654.0;1;12;12138;2;1;8.0;6.0;44.47434118;2.46139097;2024-02-19 17:40:00
202400045655.0;1;6;6069;2;6;1.0;3.0;43.64977;6.93174;2024-06-13 17:10:00
202400045656.0;5;34;34284;2;1;1.0;6.0;43.485809;2.773983;2024-02-21 03:01:00
202400045657.0;1;49;49099;1;1;1.0;4.0;47.05919;-0.91228;2024-07-10 13:35:00
202400045658.0;1;4;4112;1;1;1.0;5.0;43.80968;5.78171;2024-06-13 07:40:00
202400045659.0;3;22;22351;1;1;1.0;7.0;48.284692;-3.519627;2024-02-18 18:20:00
202400045660.0;2;60;60159;2;3;1.0;3.0;49.41896;2.82433;2024-08-21 06:10:00
202400045661.0;2;39;39367;1;1;1.0;6.0;46.5570089;6.011724;2024-02-21 19:00:00
202400045662.0;1;49;49007;2;1;1.0;7.0;47.48155;-0.51962;2024-07-12 18:47:00
202400045663.0;1;2;2691;2;1;1.0;6.0;49.85308;3.29017;2024-06-13 12:10:00
202400045664.0;1;54;54315;1;1;1.0;6.0;48.79158915;6.27767801;2024-02-19 12:45:00
202400045665.0;5;45;45234;2;1;1.0;3.0;47.9146;1.9165;2024-08-21 21:00:00
202400045666.0;1;73;73128;2;1;1.0;1.0;45.720922;5.918151;2024-02-21 16:16:00
202400045667.0;1;75;75115;2;1;1.0;2.0;48.827596;2.291888;2024-06-13 14:20:00
202400045668.0;1;49;49007;2;1;1.0;7.0;47.46953;-0.55075;2024-07-12 17:32:00
202400045669.0;1;35;35238;2;1;1.0;2.0;48.09227;-1.6396;2024-08-21 11:45:00
202400045670.0;1;4;4188;1;1;1.0;3.0;43.905631;5.787585;2024-02-21 16:30:00
202400045671.0;1;75;75112;2;1;1.0;3.0;48.828999;2.400134;2024-06-13 10:20:00
202400045672.0;1;44;44109;2;1;1.0;6.0;47.26127;-1.57462;2024-07-15 20:15:00
202400045673.0;3;85;85252;1;1;1.0;7.0;46.632648;-0.819169;2024-02-21 05:50:00
202400045674.0;1;75;75113;2;4;1.0;7.0;48.81629333;2.36415267;2024-06-13 08:15:00
202400045675.0;1;85;85202;1;1;1.0;6.0;46.74756;-1.154522;2024-02-20 17:50:00
202400045676.0;2;34;34003;1;1;1.0;2.0;43.30646;3.44313;2024-08-21 18:00:00
202400045677.0;1;75;75120;2;1;1.0;6.0;48.852833;2.403658;2024-06-11 22:10:00
202400045678.0;1;30;30003;2;1;1.0;7.0;43.570084;4.191885;2024-02-18 10:05:00
202400045679.0;1;44;44162;2;1;1.0;4.0;47.23777198;-1.58672199;2024-07-15 10:00:00
202400045680.0;5;33;33063;2;1;1.0;6.0;44.83913;-0.56772;2024-08-21 21:45:00
202400045681.0;1;48;48121;1;2;1.0;7.0;44.819239;3.313771;2024-02-20 14:20:00
202400045682.0;1;41;41018;2;1;1.0;3.0;47.595;1.317;2024-07-14 18:35:00
202400045683.0;1;75;75119;2;2;1.0;3.0;48.885663;2.3869;2024-06-13 13:20:00
202400045684.0;1;8;8149;1;1;1.0;1.0;49.78442563;4.47322869;2024-02-20 17:15:00
202400045685.0;3;33;33281;2;1;1.0;1.0;44.83872;-0.65768;2024-08-21 03:35:00
202400045686.0;1;38;38151;2;1;1.0;6.0;45.14831;5.7201;2024-07-15 15:01:00
202400045687.0;1;75;75117;2;7;1.0;1.0;48.885018;2.296628;2024-06-13 10:50:00
202400045688.0;1;31;31555;2;1;1.0;6.0;43.59738;1.42105;2024-08-21 10:45:00
202400045689.0;1;30;30169;1;1;1.0;1.0;43.78337016;4.3119424;2024-02-21 12:25:00
202400045690.0;1;37;37261;2;1;2.0;2.0;47.3997;0.67562;2024-07-15 13:45:00
202400045691.0;1;75;75116;2;7;1.0;3.0;48.864583;2.2937;2024-06-13 18:30:00
202400045692.0;1;977;97701;1;1;1.0;7.0;17.90368521;-62.84657121;2024-02-20 17:20:00
202400045693.0;5;75;75115;2;1;2.0;7.0;48.850023;2.291789;2024-06-13 20:52:00
202400045694.0;2;35;35115;2;6;1.0;7.0;48.3511;-1.18494;2024-07-14 21:30:00
202400045695.0;1;41;41008;1;1;5.0;1.0;47.731226;1.556879;2024-02-20 09:07:00
202400045696.0;1;75;75114;2;3;1.0;6.0;48.83634358;2.32660174;2024-06-12 14:30:00
202400045697.0;1;31;31555;2;6;1.0;3.0;43.558839;1.496091;2024-07-15 10:00:00
202400045698.0;1;19;19031;2;3;1.0;3.0;45.15294;1.54788;2024-08-20 16:30:00
202400045699.0;1;75;75112;2;1;1.0;2.0;48.820232;2.449032;2024-06-13 19:00:00
202400045700.0;1;28;28134;2;9;1.0;2.0;48.74097;1.39367;2024-07-13 12:40:00
202400045701.0;1;17;17306;2;6;1.0;3.0;45.62814;-1.05276;2024-08-21 08:40:00
202400045702.0;1;75;75112;2;1;1.0;3.0;48.834798;2.380643;2024-06-12 11:00:00
202400045703.0;5;25;25056;2;9;1.0;6.0;47.2495;6.00115;2024-07-14 02:20:00
202400045704.0;1;11;11069;1;9;1.0;2.0;43.2025;2.31513;2024-08-21 16:10:00
202400045705.0;1;68;68132;1;1;1.0;5.0;47.612031;7.42775;2024-02-20 16:30:00
202400045706.0;1;75;75112;2;1;1.0;1.0;48.83025;2.42041;2024-06-11 15:00:00
202400045707.0;2;39;39367;1;1;2.0;1.0;46.53358;6.02216;2024-09-26 18:45:00
202400045708.0;2;6;6155;2;1;1.0;6.0;43.5765693;7.0563163;2024-08-20 20:45:00
202400045709.0;1;19;19031;2;2;1.0;3.0;45.15314975;1.53435749;2024-07-12 20:31:00
202400045710.0;4;29;29215;2;1;1.0;6.0;47.979897;-4.4347;2024-09-21 02:22:00
202400045711.0;1;75;75110;2;3;1.0;6.0;48.870153;2.363626;2024-06-13 07:40:00
202400045712.0;1;1;1281;2;2;1.0;1.0;46.284014;6.086168;2024-02-20 16:03:00
202400045713.0;5;13;13208;2;1;1.0;7.0;43.28321126;5.38776727;2024-07-12 02:45:00
202400045714.0;2;75;75107;2;1;1.0;3.0;48.863273;2.301662;2024-06-13 20:50:00
202400045715.0;3;69;69289;1;1;1.0;1.0;45.639428;4.96067;2024-02-20 19:00:00
202400045716.0;1;75;75118;2;3;1.0;2.0;48.890854;2.359969;2024-08-21 16:00:00
202400045717.0;1;13;13001;1;1;1.0;2.0;43.45381673;5.31059503;2024-07-15 11:10:00
202400045718.0;1;38;38335;1;1;2.0;1.0;45.357587;5.030011;2024-09-26 17:45:00
202400045719.0;1;49;49201;1;1;1.0;7.0;47.396163;-0.262191;2024-02-20 20:15:00
202400045720.0;1;75;75117;2;3;1.0;7.0;48.882244;2.286267;2024-08-21 15:15:00
202400045721.0;5;75;75108;2;2;1.0;3.0;48.87439;2.301037;2024-06-12 23:20:00
202400045722.0;1;12;12174;1;1;1.0;2.0;44.33188;2.55596;2024-07-09 08:50:00
202400045723.0;1;66;66117;1;1;1.0;1.0;42.511122;2.123044;2024-09-27 15:30:00
202400045724.0;1;12;12176;2;1;1.0;1.0;44.36367;2.59606;2024-07-08 19:35:00
202400045725.0;1;75;75107;2;3;1.0;6.0;48.857479;2.291027;2024-06-13 17:50:00
202400045726.0;1;75;75114;2;3;1.0;6.0;48.830076;2.328753;2024-08-21 09:05:00
202400045727.0;1;72;72351;1;1;2.0;7.0;48.10370496;-0.09675816;2024-09-27 17:40:00
202400045728.0;5;75;75107;2;2;1.0;6.0;48.859936;2.310177;2024-06-12 21:50:00
202400045729.0;1;10;10387;2;6;1.0;3.0;48.29609;4.09433;2024-07-14 12:25:00
202400045730.0;1;14;14456;2;1;1.0;6.0;49.114809;-0.170056;2024-09-26 17:00:00
202400045731.0;5;75;75104;2;1;1.0;7.0;48.853143;2.35833;2024-06-13 01:25:00
202400045732.0;1;75;75112;2;3;1.0;3.0;48.839107;2.390076;2024-08-21 16:30:00
202400045733.0;2;13;13202;1;1;1.0;1.0;43.32652;5.36001;2024-02-15 07:38:00
202400045734.0;1;6;6088;2;1;1.0;6.0;43.7107305;7.2558557;2024-07-13 12:30:00
202400045735.0;1;75;75101;2;3;1.0;3.0;48.857698;2.345415;2024-06-12 09:45:00
202400045736.0;1;13;13212;1;1;1.0;2.0;43.30116;5.42537;2024-02-15 09:38:00
202400045737.0;1;75;75108;2;1;1.0;7.0;48.881487;2.323157;2024-08-21 09:30:00
202400045738.0;1;5;5017;1;3;1.0;1.0;44.561128;6.211202;2024-09-27 16:30:00
202400045739.0;1;6;6123;2;3;1.0;2.0;43.70251;7.17883;2024-07-15 18:00:00
202400045740.0;5;94;94080;2;1;1.0;6.0;48.84672;2.43132;2024-06-13 01:32:00
202400045741.0;2;13;13211;1;1;1.0;3.0;43.29320905;5.47529219;2024-02-19 18:10:00
202400045742.0;1;75;75107;2;3;1.0;7.0;48.859211;2.330186;2024-08-21 18:31:00
202400045743.0;1;64;64391;1;1;1.0;7.0;43.254721;-0.844649;2024-09-18 12:48:00
202400045744.0;1;94;94068;2;3;1.0;2.0;48.793619;2.472575;2024-06-13 12:21:00
202400045745.0;1;5;5061;2;2;1.0;3.0;44.55002;6.06857;2024-07-11 17:38:00
202400045746.0;1;13;13211;1;1;1.0;2.0;43.29207811;5.45266634;2024-02-19 12:05:00
202400045747.0;1;75;75102;2;3;1.0;3.0;48.864139;2.351465;2024-08-21 19:25:00
202400045748.0;1;94;94052;2;1;1.0;2.0;48.8363;2.47048;2024-06-13 12:30:00
202400045749.0;1;83;83144;1;1;1.0;7.0;43.14263526;6.00846007;2024-02-20 10:23:00
202400045750.0;1;5;5023;2;1;1.0;3.0;44.90342;6.62905;2024-07-13 18:08:00
202400045751.0;1;64;64371;2;3;1.0;7.0;43.222355;-0.894189;2024-07-05 16:15:00
202400045752.0;1;94;94037;2;2;1.0;3.0;48.81755;2.35344;2024-06-13 08:10:00
202400045753.0;1;75;75101;2;2;1.0;6.0;48.860567;2.349396;2024-08-21 10:45:00
202400045754.0;1;83;83126;1;1;1.0;4.0;43.12011432;5.85101971;2024-02-20 08:37:00
202400045755.0;1;4;4112;2;1;1.0;2.0;43.82533;5.78309;2024-07-15 07:00:00
202400045756.0;1;73;73171;1;1;3.0;1.0;45.501226;6.066009;2024-09-26 08:45:00
202400045757.0;1;94;94081;2;1;1.0;6.0;48.7875;2.3864;2024-08-21 20:43:00
202400045758.0;1;94;94028;2;3;1.0;3.0;48.77417631;2.45973453;2024-06-12 17:15:00
202400045759.0;5;69;69382;2;1;1.0;1.0;45.74113;4.82446;2024-02-20 00:10:00
202400045760.0;5;75;75113;2;1;1.0;2.0;48.826215;2.387778;2024-07-15 21:47:00
202400045761.0;1;94;94079;2;1;2.0;6.0;48.83418;2.55012;2024-08-20 17:10:00
202400045762.0;1;40;40230;1;2;8.0;3.0;43.782857;-0.960242;2024-09-25 17:35:00
202400045763.0;5;33;33318;1;1;1.0;2.0;44.788293;-0.631401;2024-02-20 01:47:00
202400045764.0;1;94;94022;2;3;1.0;1.0;48.76241;2.40669;2024-06-13 10:40:00
202400045765.0;1;75;75120;2;1;1.0;5.0;48.863502;2.413408;2024-07-15 18:25:00
202400045766.0;1;93;93050;2;6;1.0;2.0;48.867539;2.53733307;2024-08-21 11:15:00
202400045767.0;1;87;87028;1;1;2.0;3.0;46.220168;0.923667;2024-09-26 12:25:00
202400045768.0;1;93;93073;2;2;1.0;3.0;48.95942;2.57223;2024-06-13 16:30:00
202400045769.0;1;95;95527;1;1;2.0;3.0;48.98246113;2.50247592;2024-02-19 11:45:00
202400045770.0;1;75;75117;2;1;1.0;5.0;48.900645;2.32473;2024-07-15 17:00:00
202400045771.0;1;93;93007;2;2;1.0;3.0;48.94545;2.45149;2024-08-21 18:50:00
202400045772.0;1;30;30339;2;1;2.0;1.0;44.078872;3.646388;2024-09-26 10:31:00
202400045773.0;1;93;93078;2;2;1.0;3.0;48.95344078;2.56258786;2024-06-12 19:00:00
202400045774.0;1;75;75115;2;1;1.0;2.0;48.833317;2.278216;2024-07-15 14:10:00
202400045775.0;1;77;77146;1;1;1.0;5.0;48.83188847;2.65003223;2024-02-20 17:40:00
202400045776.0;1;92;92077;2;1;1.0;6.0;48.82267704;2.19055831;2024-08-21 16:50:00
202400045777.0;1;75;75117;2;1;1.0;2.0;48.899447;2.318284;2024-07-15 09:20:00
202400045778.0;1;987;98734;1;1;1.0;1.0;-17.752651;-149.535921;2024-09-26 11:30:00
202400045779.0;1;93;93070;2;3;1.0;6.0;48.905803;2.336534;2024-06-13 09:30:00
202400045780.0;1;92;92026;2;1;1.0;3.0;48.89799986;2.26362772;2024-08-21 15:00:00
202400045781.0;1;94;94073;1;1;1.0;4.0;48.77093879;2.38756083;2024-02-20 09:08:00
202400045782.0;5;75;75112;2;1;1.0;6.0;48.82723;2.392049;2024-07-15 02:20:00
202400045783.0;1;93;93050;2;1;1.0;7.0;48.86485;2.53899;2024-06-13 15:00:00
202400045784.0;1;93;93008;2;1;1.0;6.0;48.907367;2.44925;2024-06-13 08:30:00
202400045785.0;3;94;94017;1;1;2.0;2.0;48.8296743;2.49827109;2024-02-18 23:30:00
202400045786.0;1;92;92024;2;3;1.0;3.0;48.90119333;2.29354665;2024-08-21 17:45:00
202400045787.0;1;75;75119;2;1;1.0;3.0;48.884247;2.380175;2024-07-15 17:20:00
202400045788.0;2;68;68118;2;3;1.0;3.0;47.73451434;7.41711418;2024-09-19 07:15:00
202400045789.0;5;93;93050;2;3;1.0;6.0;48.862608;2.544928;2024-02-19 07:05:00
202400045790.0;5;93;93005;2;2;2.0;3.0;48.940251;2.502197;2024-06-12 22:20:00
202400045791.0;1;92;92014;2;2;1.0;1.0;48.7830872;2.31520736;2024-08-21 18:05:00
202400045792.0;5;75;75118;2;3;1.0;1.0;48.888816;2.327858;2024-07-14 01:00:00
202400045793.0;1;13;13097;1;1;1.0;2.0;43.638234;4.857937;2024-09-22 12:40:00
202400045794.0;1;75;75120;2;2;8.0;6.0;48.859166;2.402147;2024-02-19 11:25:00
202400045795.0;1;75;75116;2;1;1.0;3.0;48.871026;2.288537;2024-07-15 15:30:00
202400045796.0;1;93;93001;2;3;1.0;3.0;48.90773044;2.38801534;2024-06-13 13:50:00
202400045797.0;1;972;97224;1;1;2.0;6.0;14.675082;-61.018538;2024-09-26 07:43:00
202400045798.0;1;31;31022;2;6;1.0;3.0;43.668512;1.411614;2024-08-17 17:15:00
202400045799.0;5;75;75116;2;1;1.0;7.0;48.865866;2.276371;2024-07-15 00:55:00
202400045800.0;1;75;75118;2;1;2.0;6.0;48.89664;2.359182;2024-02-19 11:15:00
202400045801.0;5;92;92063;2;3;1.0;3.0;48.8878511;2.16557005;2024-06-12 23:10:00
202400045802.0;1;29;29233;2;1;2.0;6.0;47.870843;-3.547896;2024-09-26 13:00:00
202400045803.0;1;75;75111;2;1;1.0;3.0;48.866274;2.3659;2024-07-15 14:44:00
202400045804.0;1;75;75116;2;2;1.0;3.0;48.87820602;2.28114116;2024-02-19 07:10:00
202400045805.0;1;92;92062;1;3;1.0;2.0;48.88554214;2.25140047;2024-06-13 09:30:00
202400045806.0;2;77;77126;1;1;3.0;6.0;49.018762;2.952662;2024-09-24 18:00:00
202400045807.0;2;75;75107;2;1;1.0;6.0;48.859782;2.3285;2024-07-15 22:00:00
202400045808.0;3;988;98810;1;1;1.0;6.0;-20.647744;164.360125;2024-08-22 00:30:00
202400045809.0;1;75;75116;2;1;1.0;6.0;48.8679;2.234163;2024-02-17 12:16:00
202400045810.0;1;92;92050;2;9;1.0;4.0;48.91825658;2.22227919;2024-06-13 07:05:00
202400045811.0;1;75;75107;2;2;1.0;6.0;48.854434;2.325896;2024-07-15 18:28:00
202400045812.0;2;974;97422;2;1;1.0;6.0;-21.274581;55.518323;2024-08-21 17:45:00
202400045813.0;1;77;77465;1;9;2.0;3.0;48.274096;2.932298;2024-09-26 16:28:00
202400045814.0;1;75;75113;2;3;8.0;6.0;48.829204;2.365145;2024-02-19 15:55:00
202400045815.0;1;92;92025;2;1;1.0;3.0;48.92293784;2.25593605;2024-06-13 16:40:00
202400045816.0;1;77;77508;1;1;3.0;1.0;48.816631;2.854048;2024-09-27 16:35:00
202400045817.0;5;75;75112;2;1;2.0;3.0;48.843874;2.373158;2024-02-19 18:25:00
202400045818.0;2;75;75107;2;3;1.0;3.0;48.862406;2.310444;2024-07-14 21:30:00
202400045819.0;4;972;97210;1;1;1.0;4.0;14.624282;-60.914211;2024-08-21 21:10:00
202400045820.0;1;92;92025;2;1;1.0;1.0;48.9308994;2.25520442;2024-06-12 14:05:00
202400045821.0;1;34;34157;2;1;1.0;6.0;43.426337;3.610924;2024-09-26 18:35:00
202400045822.0;1;75;75112;2;1;1.0;7.0;48.841643;2.393451;2024-02-19 09:29:00
202400045823.0;1;75;75101;2;2;1.0;3.0;48.85619;2.346477;2024-07-15 12:10:00
202400045824.0;1;92;92024;2;1;1.0;3.0;48.91094;2.31241;2024-06-13 14:30:00
202400045825.0;1;972;97225;2;1;1.0;6.0;14.744879;-61.176349;2024-08-21 15:33:00
202400045826.0;1;94;94052;2;1;1.0;6.0;48.83577;2.47317;2024-07-15 16:00:00
202400045827.0;1;5;5053;2;1;1.0;1.0;44.347967;5.769603;2024-09-27 09:50:00
202400045828.0;1;75;75111;2;2;2.0;3.0;48.86099;2.385157;2024-02-19 11:11:00
202400045829.0;1;92;92023;2;1;1.0;2.0;48.79224012;2.26421392;2024-06-19 20:05:00
202400045830.0;1;94;94003;2;1;1.0;6.0;48.808221;2.332184;2024-07-15 19:00:00
202400045831.0;1;59;59653;1;1;1.0;2.0;50.570084;2.962897;2024-08-21 16:50:00
202400045832.0;1;92;92012;2;1;1.0;1.0;48.83518248;2.2255969;2024-06-13 08:45:00
202400045833.0;5;75;75109;2;5;1.0;3.0;48.872934;2.333171;2024-02-18 22:30:00
202400045834.0;1;71;71394;2;3;1.0;3.0;46.485396;4.442081;2024-09-26 17:34:00
202400045835.0;5;93;93059;2;2;1.0;3.0;48.9638;2.3607;2024-07-15 00:01:00
202400045836.0;1;92;92012;2;1;1.0;3.0;48.83652119;2.23751825;2024-06-12 21:30:00
202400045837.0;1;85;85259;1;2;1.0;3.0;46.835385;-0.966513;2024-08-22 11:55:00
202400045838.0;5;94;94078;2;2;1.0;6.0;48.72872049;2.44786003;2024-02-15 19:15:00
202400045839.0;1;38;38507;2;9;8.0;6.0;45.738979;5.183852;2024-09-27 10:40:00
202400045840.0;1;39;39364;2;1;1.0;6.0;46.79754;5.834609;2024-06-14 12:30:00
202400045841.0;1;93;93066;2;2;7.0;6.0;48.942691;2.384749;2024-07-15 19:00:00
202400045842.0;1;15;15188;1;1;2.0;6.0;45.015517;3.152622;2024-08-21 16:50:00
202400045843.0;1;94;94044;2;1;8.0;3.0;48.74125;2.4772;2024-02-19 07:50:00
202400045844.0;1;14;14162;1;1;1.0;1.0;48.913834;-0.489224;2024-06-12 15:00:00
202400045845.0;1;93;93027;2;3;1.0;6.0;48.92693;2.41743;2024-07-15 17:15:00
202400045846.0;1;19;19073;2;1;1.0;7.0;45.409866;2.062109;2024-08-21 07:50:00
202400045847.0;1;94;94003;2;3;1.0;6.0;48.80571017;2.32571223;2024-02-19 16:10:00
202400045848.0;1;51;51583;1;9;3.0;1.0;48.715013;4.946128;2024-06-14 08:45:00
202400045849.0;1;38;38364;1;1;2.0;1.0;45.053992;5.800136;2024-09-26 07:58:00
202400045850.0;1;93;93010;2;3;1.0;6.0;48.90549885;2.48410177;2024-07-15 19:42:00
202400045851.0;5;94;94054;2;1;1.0;6.0;48.75051;2.38879;2024-02-19 18:30:00
202400045852.0;2;1;1004;2;1;1.0;1.0;45.957095;5.330413;2024-06-13 21:10:00
202400045853.0;1;56;56179;1;3;2.0;3.0;47.840569;-3.436242;2024-08-16 15:40:00
202400045854.0;1;93;93010;2;1;1.0;6.0;48.90360904;2.47739815;2024-07-15 18:18:00
202400045855.0;5;94;94022;2;9;1.0;3.0;48.76655;2.40921;2024-02-19 19:56:00
202400045856.0;1;22;22206;1;2;1.0;3.0;48.546608;-2.994568;2024-06-14 09:35:00
202400045857.0;1;56;56090;1;1;1.0;6.0;47.838157;-3.240141;2024-08-21 14:45:00
202400045858.0;3;28;28104;1;1;2.0;6.0;48.475695;1.61764;2024-06-14 01:35:00
202400045859.0;1;93;93005;2;3;1.0;1.0;48.95133594;2.51377702;2024-07-15 06:00:00
202400045860.0;2;31;31291;1;1;8.0;1.0;43.588139;1.256081;2024-09-21 19:30:00
202400045861.0;5;59;59546;2;1;1.0;6.0;50.773145;2.552707;2024-08-21 22:15:00
202400045862.0;1;972;97229;2;1;1.0;2.0;14.619828;-61.103699;2024-06-12 12:25:00
202400045863.0;1;92;92072;2;1;2.0;6.0;48.82797559;2.22542801;2024-02-18 16:30:00
202400045864.0;1;92;92075;2;1;1.0;6.0;48.81858;2.28514642;2024-07-15 11:55:00
202400045865.0;1;76;76602;1;1;1.0;6.0;49.673509;1.099555;2024-08-21 14:48:00
202400045866.0;1;26;26138;1;1;1.0;2.0;44.37805;4.732372;2024-06-14 06:05:00
202400045867.0;5;92;92033;2;1;1.0;6.0;48.84287896;2.19906789;2024-02-19 19:00:00
202400045868.0;1;2B;2B050;2;1;1.0;6.0;42.568107;8.759008;2024-08-22 10:08:00
202400045869.0;2;33;33238;1;3;7.0;3.0;44.742805;-0.572271;2024-09-24 17:15:00
202400045870.0;4;44;44158;1;1;2.0;1.0;47.263967;-1.764695;2024-06-14 03:30:00
202400045871.0;1;92;92063;2;6;1.0;3.0;48.8581223;2.19383061;2024-07-15 11:33:00