Num_Acc;lum;departement;commune;agglomeration;intersection;meteo;type_collision;lat;long;date
202400045872.0;1;92;92064;2;1;8.0;2.0;48.8443463;2.22041202;2024-02-19 13:25:00
202400045873.0;1;62;62473;2;6;1.0;3.0;50.625771;2.444166;2024-06-12 10:30:00
202400045874.0;1;92;92044;2;1;8.0;6.0;48.89667966;2.29832259;2024-07-15 15:50:00
202400045875.0;2;89;89195;1;1;2.0;6.0;48.144757;3.252039;2024-06-14 06:45:00
202400045876.0;1;49;49023;2;3;1.0;3.0;47.205903;-0.992299;2024-09-24 17:45:00
202400045877.0;5;92;92036;1;3;1.0;3.0;48.93584091;2.27972245;2024-02-19 02:18:00
202400045878.0;1;82;82141;2;1;1.0;3.0;44.105613;0.934216;2024-08-22 10:30:00
202400045879.0;5;92;92036;2;1;8.0;6.0;48.94182203;2.3030566;2024-02-19 01:00:00
202400045880.0;1;92;92040;2;2;1.0;1.0;48.81734937;2.27375293;2024-07-15 18:15:00
202400045881.0;1;51;51312;1;1;1.0;1.0;49.016865;4.252889;2024-06-13 15:15:00
202400045882.0;5;92;92004;2;1;1.0;3.0;48.93145357;2.27931923;2024-02-19 19:35:00
202400045883.0;1;33;33485;1;1;1.0;6.0;44.834502;-0.107771;2024-08-22 10:30:00
202400045884.0;5;92;92026;2;1;1.0;6.0;48.90201989;2.26207785;2024-06-23 01:20:00
202400045885.0;1;56;56033;1;1;1.0;5.0;47.792876;-2.129406;2024-06-14 14:55:00
202400045886.0;1;92;92004;2;1;8.0;6.0;48.91029146;2.28916571;2024-02-19 09:50:00
202400045887.0;1;79;79094;2;1;8.0;7.0;46.716504;-0.404912;2024-06-13 19:32:00
202400045888.0;1;92;92026;2;1;1.0;3.0;48.89364549;2.25194961;2024-06-21 16:30:00
202400045889.0;4;59;59323;1;6;1.0;1.0;50.315706;3.624437;2024-09-26 23:19:00
202400045890.0;1;60;60350;2;1;1.0;3.0;49.587418;2.843946;2024-02-15 12:45:00
202400045891.0;1;92;92026;2;1;1.0;6.0;48.89904045;2.26637252;2024-07-14 08:33:00
202400045892.0;2;79;79355;1;1;1.0;5.0;46.33081;-0.37272;2024-06-13 20:15:00
202400045893.0;1;63;63148;1;3;1.0;6.0;45.89315686;3.20817411;2024-08-21 18:00:00
202400045894.0;2;35;35363;1;1;8.0;2.0;48.017169;-1.691122;2024-02-19 07:15:00
202400045895.0;1;59;59249;1;1;2.0;2.0;50.027659;4.031096;2024-09-24 15:20:00
202400045896.0;1;65;65465;2;1;1.0;7.0;42.828604;0.326119;2024-06-14 13:30:00
202400045897.0;1;22;22025;1;1;2.0;7.0;48.426474;-3.384808;2024-02-19 15:15:00
202400045898.0;1;92;92024;2;1;1.0;6.0;48.90262339;2.30412805;2024-05-23 11:00:00
202400045899.0;1;47;47179;2;3;1.0;3.0;44.480918;0.945543;2024-08-21 18:35:00
202400045900.0;1;33;33335;1;4;1.0;1.0;44.810511;-0.368192;2024-06-12 17:40:00
202400045901.0;3;13;13214;1;1;1.0;2.0;43.3283;5.37818;2024-09-26 21:35:00
202400045902.0;1;92;92007;2;1;1.0;6.0;48.80024026;2.30841793;2024-07-15 16:55:00
202400045903.0;1;47;47089;1;2;1.0;3.0;44.704683;0.139984;2024-08-22 09:15:00
202400045904.0;1;34;34088;1;1;1.0;7.0;43.579447;3.666467;2024-07-14 13:30:00
202400045905.0;1;32;32169;1;2;1.0;3.0;43.470713;0.583627;2024-06-14 18:10:00
202400045906.0;1;60;60587;2;1;1.0;6.0;49.347445;2.595091;2024-07-15 09:40:00
202400045907.0;1;83;83137;1;1;1.0;4.0;43.12783311;5.9251396;2024-09-25 16:30:00
202400045908.0;1;47;47004;1;3;1.0;3.0;44.274778;0.335748;2024-08-22 14:18:00
202400045909.0;1;61;61156;1;2;1.0;3.0;48.557178;0.270296;2024-06-13 17:45:00
202400045910.0;1;39;39331;1;1;1.0;1.0;46.792428;6.115018;2024-07-14 16:45:00
202400045911.0;1;33;33122;1;1;1.0;2.0;44.7465;-0.70069;2024-09-23 12:40:00
202400045912.0;1;21;21016;1;1;1.0;7.0;47.375318;5.166334;2024-07-16 11:10:00
202400045913.0;3;91;91377;1;1;2.0;4.0;48.725613;2.30104068;2024-10-31 20:50:00
202400045914.0;1;68;68082;1;1;1.0;3.0;47.83282;7.38013;2024-08-22 08:10:00
202400045915.0;1;42;42181;1;1;1.0;1.0;45.988226;4.206605;2024-06-14 18:30:00
202400045916.0;1;91;91161;1;1;1.0;3.0;48.69734;2.31556;2024-10-31 08:33:00
202400045917.0;1;35;35085;2;3;1.0;2.0;48.417018;-1.755409;2024-07-15 12:00:00
202400045918.0;1;59;59566;1;1;2.0;2.0;50.62236;2.96883;2024-09-26 09:30:00
202400045919.0;1;44;44025;1;1;1.0;2.0;47.388778;-1.940793;2024-08-19 17:20:00
202400045920.0;1;42;42222;2;1;1.0;4.0;45.584116;4.309191;2024-05-16 16:50:00
202400045921.0;1;86;86126;2;1;1.0;1.0;46.512048;0.764258;2024-07-15 11:50:00
202400045922.0;1;31;31066;2;1;1.0;6.0;43.799901;1.607799;2024-08-21 11:00:00
202400045923.0;1;46;46170;2;1;1.0;3.0;44.78480142;1.90079063;2024-06-12 18:15:00
202400045924.0;1;35;35272;1;2;1.0;3.0;48.009406;-1.19634;2024-07-12 15:05:00
202400045925.0;1;38;38300;1;1;1.0;7.0;45.357005;5.191624;2024-08-21 17:45:00
202400045926.0;3;78;78640;1;1;1.0;2.0;48.773765;2.223749;2024-10-30 19:40:00
202400045927.0;1;47;47052;2;3;1.0;1.0;44.321637;0.081268;2024-06-13 12:05:00
202400045928.0;1;41;41288;1;1;1.0;6.0;47.65916042;1.38278235;2024-07-13 18:30:00
202400045929.0;3;92;92036;1;1;2.0;4.0;48.93459097;2.26845903;2024-09-25 19:35:00
202400045930.0;3;78;78029;1;1;1.0;3.0;48.96558;1.84914;2024-10-30 22:05:00
202400045931.0;1;72;72231;1;1;1.0;1.0;47.941719;0.29986;2024-07-15 16:15:00
202400045932.0;1;34;34085;1;1;1.0;3.0;43.452461;3.269607;2024-06-13 15:00:00
202400045933.0;1;2;2295;1;1;1.0;1.0;49.905401;3.990505;2024-08-22 12:25:00
202400045934.0;1;78;78640;1;1;3.0;1.0;48.781481;2.168226;2024-09-25 17:28:00
202400045935.0;1;39;39252;1;1;1.0;1.0;47.034859;5.454892;2024-06-14 15:00:00
202400045936.0;1;2;2164;1;1;1.0;6.0;49.120393;3.531675;2024-08-22 15:45:00
202400045937.0;1;44;44043;2;1;1.0;6.0;47.089731;-1.284301;2024-06-14 11:05:00
202400045938.0;1;91;91534;1;1;2.0;6.0;48.71909043;2.16981898;2024-09-25 12:10:00
202400045939.0;1;51;51165;1;1;1.0;4.0;48.73726341;3.94251421;2024-07-15 14:30:00
202400045940.0;3;15;15152;1;1;1.0;6.0;44.950997;2.819879;2024-08-21 23:00:00
202400045941.0;3;92;92036;1;1;1.0;4.0;48.9299797;2.30228269;2024-10-30 20:37:00
202400045942.0;1;29;29277;2;1;2.0;6.0;48.40572142;-4.07753187;2024-06-13 11:12:00
202400045943.0;5;6;6059;2;1;1.0;7.0;43.71878;7.350862;2024-08-22 03:15:00
202400045944.0;5;51;51660;2;1;1.0;1.0;49.345054;4.21919;2024-06-27 22:55:00
202400045945.0;1;31;31341;2;1;1.0;6.0;43.719071;1.284;2024-06-12 19:00:00
202400045946.0;1;78;78073;1;1;2.0;2.0;48.798872;2.000321;2024-09-25 09:35:00
202400045947.0;3;92;92036;1;1;1.0;2.0;48.93529046;2.28393225;2024-10-30 18:00:00
202400045948.0;1;50;50111;1;1;1.0;7.0;49.033767;-1.242517;2024-08-22 11:20:00
202400045949.0;3;56;56243;2;1;1.0;6.0;47.617464;-2.730157;2024-07-14 23:00:00
202400045950.0;1;95;95394;1;1;2.0;2.0;49.05164755;2.18360954;2024-09-25 08:25:00
202400045951.0;1;43;43236;2;1;1.0;7.0;45.285437;4.264771;2024-08-22 10:45:00
202400045952.0;1;54;54069;1;1;1.0;6.0;49.397946;5.923176;2024-06-14 15:05:00
202400045953.0;3;93;93066;1;1;1.0;5.0;48.91936344;2.35754643;2024-10-31 18:30:00
202400045954.0;1;2B;2B251;1;1;1.0;1.0;42.008537;9.347241;2024-07-13 12:45:00
202400045955.0;1;72;72322;1;1;2.0;7.0;48.165681;0.829489;2024-06-14 18:25:00
202400045956.0;3;77;77249;1;1;1.0;6.0;48.72957631;2.60792961;2024-09-26 20:35:00
202400045957.0;1;10;10371;1;1;1.0;1.0;48.165307;3.972434;2024-08-22 07:20:00
202400045958.0;3;71;71143;1;1;2.0;7.0;46.472722;5.283544;2024-07-15 22:30:00
202400045959.0;1;50;50550;1;1;1.0;7.0;49.115238;-1.370389;2024-06-14 17:00:00
202400045960.0;1;93;93005;1;1;1.0;4.0;48.96017102;2.47352704;2024-10-31 15:15:00
202400045961.0;1;89;89460;1;1;1.0;6.0;48.341832;3.054494;2024-07-16 11:20:00
202400045962.0;1;50;50109;2;1;2.0;6.0;48.915206;-1.437085;2024-06-13 17:00:00
202400045963.0;1;94;94017;1;1;1.0;2.0;48.82665078;2.51617424;2024-09-26 09:30:00
202400045964.0;1;36;36025;2;1;1.0;6.0;46.55743127;2.02327509;2024-08-21 18:20:00
202400045965.0;1;61;61007;2;1;1.0;6.0;48.809718;-0.497716;2024-07-14 16:45:00
202400045966.0;1;9;9307;1;1;1.0;7.0;43.061716;1.102839;2024-06-13 16:15:00
202400045967.0;1;93;93008;1;1;8.0;4.0;48.91117382;2.44075119;2024-10-31 14:00:00
202400045968.0;3;94;94011;1;1;2.0;6.0;48.75893965;2.48343606;2024-09-25 02:50:00
202400045969.0;5;34;34172;2;1;1.0;6.0;43.62591;3.89495;2024-12-04 17:30:00
202400045970.0;3;87;87205;1;1;1.0;5.0;45.767822;1.291173;2024-08-20 21:59:00
202400045971.0;3;12;12188;1;1;9.0;6.0;44.24193099;2.76331139;2024-07-16 00:40:00
202400045972.0;3;93;93064;1;1;1.0;7.0;48.8702983;2.48239308;2024-10-31 04:30:00
202400045973.0;1;64;64526;2;6;1.0;1.0;43.264097;-0.182256;2024-06-13 14:50:00
202400045974.0;1;47;47214;1;1;2.0;6.0;44.34734;0.278083;2024-07-15 12:20:00
202400045975.0;1;92;92078;1;1;1.0;2.0;48.92735069;2.33329967;2024-10-28 13:35:00
202400045976.0;1;48;48075;1;9;1.0;1.0;44.386293;3.518007;2024-08-21 15:35:00
202400045977.0;1;29;29051;1;1;1.0;7.0;48.00214232;-4.04441387;2024-06-29 19:00:00
202400045978.0;1;16;16375;1;1;2.0;1.0;45.85627;0.510821;2024-06-14 13:00:00
202400045979.0;1;33;33550;2;1;1.0;1.0;44.80179;-0.570952;2024-12-06 12:45:00
202400045980.0;3;29;29004;1;1;1.0;7.0;47.911545;-3.676164;2024-07-16 01:00:00
202400045981.0;1;32;32013;2;1;1.0;3.0;43.64156;0.58581;2024-04-30 12:05:00
202400045982.0;1;13;13044;1;1;1.0;2.0;43.619708;5.014903;2024-08-21 12:27:00
202400045983.0;1;33;33550;2;1;1.0;6.0;44.78182;-0.56744;2024-12-06 15:30:00
202400045984.0;2;16;16379;1;2;7.0;3.0;45.79613;0.395594;2024-06-13 07:30:00
202400045985.0;2;44;44109;2;1;1.0;2.0;47.20950063;-1.56517815;2024-09-16 19:45:00
202400045986.0;1;974;97411;2;1;1.0;6.0;-20.89865;55.41034;2024-10-30 11:30:00
202400045987.0;1;1;1181;1;1;1.0;6.0;46.216228;5.60642;2024-08-21 16:45:00
202400045988.0;3;40;40248;2;1;1.0;6.0;43.565081;-1.361151;2024-06-10 22:23:00
202400045989.0;1;26;26198;1;1;1.0;1.0;44.55323879;4.70945525;2024-12-06 13:31:00
202400045990.0;1;29;29015;1;2;1.0;4.0;48.46795942;-4.51890535;2024-07-15 17:45:00
202400045991.0;1;973;97302;1;1;1.0;7.0;4.8972;-52.32826;2024-10-30 10:39:00
202400045992.0;1;74;74104;1;3;1.0;3.0;45.783548;6.225571;2024-06-06 08:10:00
202400045993.0;1;68;68300;1;1;1.0;7.0;47.78518277;7.41526792;2024-08-21 12:00:00
202400045994.0;1;24;24573;2;1;2.0;6.0;45.347308;0.366862;2024-06-14 16:15:00
202400045995.0;1;971;97120;2;1;1.0;3.0;16.23131;-61.53219;2024-10-29 06:30:00
202400045996.0;3;15;15014;2;3;2.0;3.0;44.9074;2.4375;2024-12-06 23:49:00
202400045997.0;1;38;38198;1;9;1.0;3.0;45.338578;4.953648;2024-07-16 10:25:00
202400045998.0;1;30;30228;1;2;1.0;3.0;43.942309;4.321961;2024-06-13 17:00:00
202400045999.0;1;33;33498;1;1;1.0;2.0;44.553888;-0.831828;2024-08-22 14:55:00
202400046000.0;5;15;15012;2;6;5.0;6.0;44.901;2.452;2024-12-06 19:44:00
202400046001.0;1;38;38511;2;1;1.0;7.0;45.352089;5.942413;2024-07-13 20:30:00
202400046002.0;2;74;74021;1;1;5.0;2.0;46.15833;6.27609;2024-05-25 05:50:00
202400046003.0;1;971;97107;2;1;1.0;3.0;16.03741;-61.56717;2024-10-30 07:45:00
202400046004.0;5;987;98715;2;1;1.0;1.0;-17.552841;-149.599586;2024-08-22 05:10:00
202400046005.0;1;15;15014;2;6;2.0;7.0;44.90848;2.423348;2024-12-06 10:10:00
202400046006.0;1;88;88213;2;1;1.0;3.0;48.338316;7.068849;2024-06-12 10:13:00
202400046007.0;1;971;97107;2;1;1.0;6.0;16.04075;-61.56634;2024-10-28 08:54:00
202400046008.0;1;2;2361;2;2;1.0;6.0;49.895277;3.626765;2024-07-09 16:00:00
202400046009.0;1;14;14118;2;1;1.0;7.0;49.17194;-0.35728;2024-12-06 16:42:00
202400046010.0;1;74;74201;1;4;2.0;5.0;46.13514121;6.1081624;2024-06-14 06:12:00
202400046011.0;1;51;51197;1;1;7.0;2.0;49.048108;4.665499;2024-08-22 08:25:00
202400046012.0;1;2A;2A004;2;1;1.0;3.0;41.92916;8.75739;2024-10-30 16:15:00
202400046013.0;1;44;44003;1;9;1.0;6.0;47.399813;-1.19876;2024-06-13 20:10:00
202400046014.0;1;14;14437;2;1;1.0;3.0;49.170746;-0.325908;2024-12-06 11:35:00
202400046015.0;3;74;74172;1;1;9.0;1.0;46.386278;6.638725;2024-07-13 00:10:00
202400046016.0;1;70;70410;2;1;1.0;1.0;47.322651;5.8684;2024-07-15 10:30:00
202400046017.0;1;91;91161;2;3;1.0;3.0;48.705374;2.314833;2024-10-30 10:00:00
202400046018.0;2;14;14437;1;1;1.0;4.0;49.1709;-0.30463;2024-11-15 17:35:00
202400046019.0;3;33;33498;1;1;1.0;4.0;44.542343;-0.834532;2024-06-14 04:30:00
202400046020.0;1;74;74123;2;2;1.0;6.0;45.74722;6.28839;2024-06-13 08:00:00
202400046021.0;5;6;6079;2;3;1.0;3.0;43.544924;6.937866;2024-07-16 00:23:00
202400046022.0;5;13;13203;2;1;1.0;3.0;43.30769;5.37392;2024-12-06 21:30:00
202400046023.0;5;87;87114;2;3;1.0;3.0;45.83731;1.30724;2024-10-29 21:53:00
202400046024.0;1;63;63272;1;9;1.0;3.0;45.73667113;3.15173879;2024-06-13 14:00:00
202400046025.0;1;45;45008;1;1;1.0;5.0;48.063626;1.845961;2024-08-19 18:40:00
202400046026.0;1;13;13204;2;1;1.0;3.0;43.30321;5.40292;2024-12-06 16:10:00
202400046027.0;1;87;87114;2;1;1.0;2.0;45.8346;1.31074;2024-10-29 10:53:00
202400046028.0;2;977;97701;2;6;1.0;6.0;17.906319;-62.824564;2024-08-22 06:10:00
202400046029.0;1;5;5096;2;1;1.0;7.0;44.699396;6.330083;2024-07-15 18:58:00
202400046030.0;1;74;74010;2;2;2.0;3.0;45.86391719;6.06909585;2024-06-20 09:55:00
202400046031.0;1;30;30123;1;1;1.0;2.0;43.722886;4.180765;2024-06-14 10:30:00
202400046032.0;3;13;13001;1;3;1.0;3.0;43.56468;5.46407;2024-12-06 20:30:00
202400046033.0;1;17;17188;1;1;1.0;7.0;45.871485;-0.27586;2024-06-13 16:00:00
202400046034.0;5;87;87085;2;2;3.0;3.0;45.82606;1.26791;2024-10-26 06:37:00
202400046035.0;1;74;74081;2;1;1.0;6.0;46.071712;6.579764;2024-06-06 07:25:00
202400046036.0;2;41;41220;1;1;5.0;1.0;47.726918;1.654898;2024-08-22 06:22:00
202400046037.0;1;10;10357;2;1;1.0;6.0;48.29762;4.13228;2024-12-06 09:45:00
202400046038.0;3;45;45093;1;1;1.0;6.0;48.046171;1.874564;2024-07-15 23:45:00
202400046039.0;3;85;85191;1;1;1.0;1.0;46.67212;-1.45768;2024-10-30 18:40:00
202400046040.0;1;77;77264;1;1;1.0;6.0;48.707548;2.935603;2024-08-22 09:20:00
202400046041.0;1;74;74118;1;1;1.0;7.0;46.18281164;6.22297972;2024-04-29 18:55:00
202400046042.0;2;987;98725;2;2;8.0;3.0;-17.506711;-149.485838;2024-06-13 06:30:00
202400046043.0;1;43;43092;1;1;1.0;7.0;44.999858;4.225552;2024-07-13 15:30:00
202400046044.0;1;7;7102;2;1;1.0;6.0;44.92756;4.86312;2024-12-05 11:15:00
202400046045.0;1;84;84031;2;9;1.0;3.0;44.04962;5.03769;2024-10-25 14:00:00
202400046046.0;1;7;7064;2;6;1.0;7.0;44.912278;4.441872;2024-07-16 17:45:00
202400046047.0;2;57;57540;1;1;1.0;3.0;48.775721;7.250687;2024-07-28 20:40:00
202400046048.0;1;30;30258;1;1;1.0;2.0;43.669319;4.445153;2024-08-22 08:25:00
202400046049.0;1;988;98814;1;1;1.0;5.0;-20.88453;167.23818;2024-06-13 09:15:00
202400046050.0;1;6;6088;2;3;1.0;3.0;43.69872;7.28493;2024-12-06 09:30:00
202400046051.0;2;80;80021;2;1;1.0;1.0;49.87689;2.34309;2024-10-29 18:40:00
202400046052.0;3;7;7061;1;1;1.0;7.0;44.476597;4.352952;2024-07-15 23:10:00
202400046053.0;1;57;57013;2;1;2.0;1.0;49.177183;7.016487;2024-07-26 10:38:00
202400046054.0;1;6;6027;2;1;1.0;1.0;43.66267;7.153028;2024-12-04 14:00:00
202400046055.0;1;71;71512;1;1;1.0;1.0;46.615719;4.886117;2024-08-22 17:20:00
202400046056.0;1;77;77388;1;1;1.0;2.0;48.963047;3.152089;2024-06-13 09:18:00
202400046057.0;2;40;40273;2;1;1.0;6.0;43.525557;-1.396079;2024-07-16 06:00:00
202400046058.0;1;5;5061;2;1;1.0;6.0;44.56342;6.08388;2024-10-31 13:19:00
202400046059.0;3;13;13074;1;1;1.0;1.0;43.64578;5.569205;2024-06-14 01:04:00
202400046060.0;1;80;80021;1;3;1.0;3.0;49.87067;2.33326;2024-10-27 17:59:00
202400046061.0;1;57;57256;1;1;1.0;1.0;49.1085455;6.03059292;2024-07-28 10:45:00
202400046062.0;1;68;68269;2;6;1.0;3.0;48.19233;7.325885;2024-08-21 16:25:00
202400046063.0;5;2;2691;2;1;1.0;6.0;49.842;3.29507;2024-12-04 01:20:00
202400046064.0;1;68;68317;1;1;1.0;6.0;48.080602;7.112982;2024-07-16 18:15:00
202400046065.0;5;987;98735;2;1;1.0;7.0;-17.53539;-149.556305;2024-09-24 18:41:00
202400046066.0;1;4;4188;2;2;1.0;3.0;43.902761;5.790476;2024-07-15 06:55:00
202400046067.0;1;71;71210;1;2;1.0;3.0;46.28754;4.74361;2024-06-10 17:25:00
202400046068.0;1;69;69054;1;1;1.0;7.0;46.17825504;4.50409107;2024-08-22 11:11:00
202400046069.0;1;4;4006;2;1;1.0;6.0;44.277272;6.578203;2024-07-15 18:15:00
202400046070.0;1;3;3298;1;6;2.0;7.0;46.32479;3.380562;2024-06-14 09:30:00
202400046071.0;5;75;75116;2;1;2.0;2.0;48.839633;2.254164;2024-12-05 22:00:00
202400046072.0;1;78;78123;2;1;8.0;3.0;48.93785;2.03695;2024-10-30 09:07:00
202400046073.0;1;87;87099;1;1;1.0;7.0;45.875392;1.541669;2024-08-21 13:35:00
202400046074.0;1;974;97416;2;2;1.0;3.0;-21.33851;55.46971;2024-09-25 12:00:00
202400046075.0;1;79;79270;2;1;1.0;7.0;46.41109;-0.20477;2024-08-21 17:35:00
202400046076.0;1;38;38091;1;2;1.0;3.0;45.52118;5.334895;2024-06-13 17:00:00
202400046077.0;1;75;75120;2;1;1.0;2.0;48.85993;2.413982;2024-12-04 08:15:00
202400046078.0;1;77;77284;2;1;1.0;6.0;48.9540828;2.91144341;2024-10-30 16:00:00
202400046079.0;1;85;85202;1;3;1.0;5.0;46.751605;-1.159412;2024-07-13 19:30:00
202400046080.0;1;86;86062;2;1;1.0;3.0;46.655961;0.362774;2024-06-10 17:16:00
202400046081.0;1;61;61080;1;1;1.0;1.0;48.569557;-0.104992;2024-08-22 11:30:00
202400046082.0;1;75;75119;2;3;1.0;7.0;48.88711;2.36766;2024-12-06 17:09:00
202400046083.0;3;76;76447;1;1;2.0;6.0;49.55594808;0.16705871;2024-10-29 18:50:00
202400046084.0;1;974;97407;2;6;1.0;3.0;-20.95596774;55.31205136;2024-09-23 17:30:00
202400046085.0;1;28;28086;1;1;2.0;6.0;48.295048;1.079919;2024-07-15 14:45:00
202400046086.0;1;29;29103;2;6;2.0;7.0;48.44702425;-4.26270541;2024-08-15 15:25:00
202400046087.0;5;75;75118;2;5;2.0;3.0;48.888301;2.351523;2024-12-05 22:05:00
202400046088.0;1;33;33238;2;2;1.0;3.0;44.729776;-0.606211;2024-06-10 17:15:00
202400046089.0;1;973;97302;2;1;1.0;3.0;4.93367;-52.31012;2024-09-25 17:30:00
202400046090.0;1;29;29058;2;1;1.0;6.0;47.891145;-4.012397;2024-08-19 11:20:00
202400046091.0;1;50;50294;1;1;1.0;7.0;49.584942;-1.655116;2024-06-13 12:10:00
202400046092.0;3;28;28170;1;2;1.0;1.0;48.698703;1.289311;2024-07-14 00:55:00
202400046093.0;1;75;75117;2;2;1.0;3.0;48.883816;2.313622;2024-12-06 13:10:00
202400046094.0;5;69;69386;2;1;1.0;6.0;45.78472;4.85109;2024-09-25 06:05:00
202400046095.0;1;73;73222;2;4;1.0;3.0;45.57299;5.95158;2024-10-30 15:22:00
202400046096.0;1;60;60134;1;1;3.0;2.0;49.317779;2.441432;2024-08-20 16:15:00
202400046097.0;1;56;56151;1;6;1.0;2.0;48.05445;-2.93607;2024-06-07 13:40:00
202400046098.0;1;73;73065;2;9;1.0;3.0;45.57222913;5.91856248;2024-10-30 12:45:00
202400046099.0;5;75;75115;2;2;1.0;3.0;48.836828;2.283628;2024-12-04 22:15:00
202400046100.0;1;972;97209;1;1;2.0;4.0;14.61386;-61.05221;2024-09-25 10:20:00
202400046101.0;1;60;60211;1;1;1.0;3.0;49.302237;1.797273;2024-08-22 13:27:00
202400046102.0;1;17;17087;1;1;1.0;4.0;45.970049;-0.636799;2024-07-15 17:30:00
202400046103.0;1;35;35004;1;2;1.0;3.0;48.458523;-1.494291;2024-06-13 13:20:00
202400046104.0;2;72;72181;2;1;2.0;6.0;47.97912;0.21491;2024-10-27 07:31:00
202400046105.0;5;75;75114;2;1;2.0;2.0;48.829358;2.328206;2024-12-05 18:10:00
202400046106.0;1;69;69385;2;1;1.0;6.0;45.74749636;4.79068569;2024-09-25 08:45:00
202400046107.0;1;59;59002;1;1;1.0;6.0;50.327844;3.280859;2024-07-22 16:05:00
202400046108.0;1;72;72181;2;1;1.0;3.0;47.99308;0.23374;2024-10-27 17:30:00
202400046109.0;1;30;30336;1;2;1.0;2.0;43.879954;4.628441;2024-07-11 12:10:00
202400046110.0;1;971;97101;1;6;1.0;3.0;16.25917;-61.52407;2024-09-24 06:35:00
202400046111.0;1;33;33249;1;1;1.0;2.0;44.884549;-0.517041;2024-06-24 16:54:00
202400046112.0;1;60;60157;2;1;8.0;6.0;49.384416;2.415158;2024-06-14 10:40:00
202400046113.0;3;30;30089;1;1;1.0;7.0;43.85997291;4.59213495;2024-07-15 22:00:00
202400046114.0;2;75;75113;2;4;8.0;2.0;48.835923;2.358718;2024-12-06 08:30:00
202400046115.0;5;69;69266;2;2;5.0;3.0;45.76862;4.88441;2024-10-30 06:10:00
202400046116.0;3;91;91573;1;1;9.0;2.0;48.63109;2.51714;2024-08-21 05:53:00
202400046117.0;1;13;13215;1;1;1.0;3.0;43.35994;5.3631;2024-06-13 08:50:00
202400046118.0;4;971;97113;2;1;1.0;1.0;16.20774;-61.46169;2024-09-22 23:54:00
202400046119.0;1;75;75110;2;3;1.0;3.0;48.877406;2.361456;2024-12-06 14:55:00
202400046120.0;5;69;69259;2;1;1.0;3.0;45.72563523;4.86334519;2024-10-30 19:15:00
202400046121.0;5;93;93066;1;1;2.0;2.0;48.91744438;2.35770709;2024-08-20 19:30:00
202400046122.0;1;83;83062;1;1;1.0;4.0;43.14358005;6.03320646;2024-06-12 16:42:00
202400046123.0;1;91;91544;2;1;2.0;1.0;48.3517;2.1439;2024-09-25 11:35:00
202400046124.0;2;69;69091;1;1;5.0;3.0;45.59359;4.72177;2024-10-30 07:00:00
202400046125.0;1;75;75108;2;7;1.0;2.0;48.869329;2.309216;2024-12-06 12:10:00
202400046126.0;2;95;95527;1;1;3.0;6.0;49.00211832;2.52380676;2024-08-20 19:50:00
202400046127.0;3;69;69286;1;1;1.0;2.0;45.82126;4.91828;2024-06-09 00:30:00
202400046128.0;5;68;68224;2;3;5.0;6.0;47.75411;7.35967;2024-10-30 17:50:00
202400046129.0;5;75;75108;2;5;1.0;7.0;48.87638;2.312773;2024-12-06 03:15:00
202400046130.0;1;92;92036;1;1;3.0;3.0;48.93873795;2.29418457;2024-08-20 16:00:00
202400046131.0;1;86;86194;2;2;8.0;3.0;46.59044;0.34366;2024-09-25 13:27:00
202400046132.0;1;69;69296;1;1;1.0;2.0;45.64219546;4.82734214;2024-06-08 21:45:00
202400046133.0;2;75;75104;2;1;1.0;6.0;48.854013;2.355121;2024-12-06 16:50:00
202400046134.0;5;67;67218;2;1;1.0;3.0;48.5231;7.7065;2024-10-29 18:00:00
202400046135.0;1;84;84007;2;1;1.0;6.0;43.93613;4.80993;2024-09-24 16:45:00
202400046136.0;1;33;33318;1;1;1.0;2.0;44.79708;-0.65222;2024-06-13 08:39:00
202400046137.0;5;93;93066;1;1;2.0;2.0;48.91030991;2.35797606;2024-08-18 01:10:00
202400046138.0;5;75;75102;2;2;2.0;7.0;48.86442;2.351515;2024-12-06 04:20:00
202400046139.0;1;78;78481;2;1;3.0;3.0;48.89796;2.11059;2024-09-25 17:40:00
202400046140.0;5;67;67482;2;3;1.0;3.0;48.59218;7.75506;2024-10-28 19:00:00
202400046141.0;1;59;59016;1;1;1.0;2.0;50.99169;2.34231;2024-06-07 20:40:00
202400046142.0;1;78;78401;2;3;1.0;6.0;49.00555;1.9141;2024-09-25 11:20:00
202400046143.0;5;94;94081;2;9;2.0;3.0;48.77808;2.39655;2024-12-05 16:30:00
202400046144.0;3;67;67462;1;1;8.0;2.0;48.245;7.4632;2024-10-29 18:11:00
202400046145.0;1;91;91228;1;1;1.0;4.0;48.61939704;2.4257952;2024-06-13 09:15:00
202400046146.0;1;78;78401;2;2;2.0;6.0;49.01015;1.90397;2024-09-22 09:25:00
202400046147.0;1;64;64348;2;1;8.0;6.0;43.31967;-0.3855;2024-10-29 15:25:00
202400046148.0;5;94;94078;2;2;1.0;3.0;48.736374;2.452104;2024-12-06 18:10:00
202400046149.0;1;92;92050;1;1;1.0;3.0;48.91440826;2.2192671;2024-06-12 18:15:00
202400046150.0;5;64;64122;2;1;1.0;6.0;43.46503;-1.55498;2024-10-30 18:30:00
202400046151.0;3;94;94078;1;1;2.0;6.0;48.72883;2.47279;2024-12-05 20:40:00
202400046152.0;1;38;38185;2;2;2.0;3.0;45.18045;5.71977;2024-04-23 18:35:00
202400046153.0;5;94;94028;2;1;2.0;6.0;48.784793;2.469823;2024-12-06 05:18:00
202400046154.0;1;63;63113;2;6;1.0;3.0;45.78791;3.13933;2024-10-27 16:00:00