Num_Acc;lum;departement;commune;agglomeration;intersection;meteo;type_collision;lat;long;date
202400046155.0;1;93;93078;1;1;1.0;2.0;48.9584243;2.53351004;2024-06-13 18:35:00
202400046156.0;1;976;97611;2;1;2.0;3.0;-12.766;45.225;2024-08-20 14:00:00
202400046157.0;1;76;76351;2;3;1.0;3.0;49.49329;0.09939;2024-09-25 09:35:00
202400046158.0;1;61;61001;2;6;2.0;2.0;48.428262;0.064475;2024-10-30 08:50:00
202400046159.0;4;94;94028;2;6;2.0;2.0;48.774097;2.439028;2024-12-06 00:18:00
202400046160.0;1;974;97416;1;1;1.0;3.0;-21.2947;55.446;2024-08-20 07:00:00
202400046161.0;1;93;93007;1;1;1.0;2.0;48.9422986;2.47831903;2024-06-13 09:45:00
202400046162.0;5;76;76351;2;3;1.0;3.0;49.49624;0.12251;2024-09-23 20:00:00
202400046163.0;4;59;59447;2;3;1.0;3.0;50.3922;3.59207;2024-10-25 07:00:00
202400046164.0;1;972;97213;1;1;1.0;2.0;14.62955;-60.98865;2024-08-20 13:56:00
202400046165.0;5;94;94022;2;1;1.0;3.0;48.773252;2.414756;2024-12-06 07:30:00
202400046166.0;1;93;93013;1;1;1.0;4.0;48.94022999;2.42355031;2024-06-12 07:30:00
202400046167.0;1;59;59383;2;1;1.0;6.0;50.34139345;3.5647056;2024-10-27 16:40:00
202400046168.0;5;972;97213;1;9;1.0;7.0;14.618582;-61.024416;2024-08-20 02:50:00
202400046169.0;5;94;94071;2;1;1.0;6.0;48.77472;2.51141;2024-12-06 07:30:00
202400046170.0;1;71;71486;2;2;1.0;3.0;46.64923608;4.32065517;2024-09-25 16:30:00
202400046171.0;1;93;93007;1;1;1.0;3.0;48.92635915;2.48128763;2024-06-12 07:20:00
202400046172.0;5;69;69256;2;1;3.0;6.0;45.76075;4.92189;2024-09-25 19:50:00
202400046173.0;1;94;94071;2;1;8.0;1.0;48.76689979;2.51670302;2024-12-04 08:15:00
202400046174.0;5;59;59350;2;2;1.0;3.0;50.618;3.074;2024-10-30 22:05:00
202400046175.0;1;69;69385;2;1;1.0;6.0;45.7549;4.8163;2024-08-20 18:30:00
202400046176.0;1;94;94002;2;3;2.0;3.0;48.80263486;2.41456009;2024-12-05 14:30:00
202400046177.0;1;77;77059;1;1;1.0;2.0;48.845546;2.662614;2024-06-13 17:50:00
202400046178.0;3;49;49015;1;1;2.0;7.0;47.51158;-0.56935;2024-10-29 22:12:00
202400046179.0;1;69;69259;2;8;1.0;6.0;45.69266;4.86407;2024-09-25 08:30:00
202400046180.0;1;2B;2B037;1;1;1.0;2.0;42.59322;9.43925;2024-08-19 07:10:00
202400046181.0;1;49;49007;2;1;1.0;3.0;47.48265;-0.53063;2024-10-29 12:00:00
202400046182.0;5;93;93072;2;1;2.0;5.0;48.95124;2.38786;2024-12-05 18:24:00
202400046183.0;1;64;64102;2;1;1.0;3.0;43.49374534;-1.44632623;2024-09-25 13:40:00
202400046184.0;1;971;97101;2;1;1.0;6.0;16.26634;-61.48592;2024-08-19 10:00:00
202400046185.0;1;42;42218;2;3;1.0;3.0;45.4646;4.38245;2024-10-30 13:50:00
202400046186.0;5;971;97113;1;1;1.0;6.0;16.21893;-61.51438;2024-08-19 00:15:00
202400046187.0;1;93;93048;2;1;1.0;1.0;48.8669;2.4562;2024-12-06 16:20:00
202400046188.0;2;63;63113;2;5;1.0;1.0;45.77726;3.0961;2024-09-25 06:50:00
202400046189.0;1;61;61218;2;1;1.0;6.0;48.752396;-0.585568;2024-09-20 18:15:00
202400046190.0;1;2A;2A004;2;1;1.0;6.0;41.937032;8.736725;2024-08-20 09:50:00
202400046191.0;1;60;60057;2;8;1.0;3.0;49.42625;2.08511;2024-09-25 12:25:00
202400046192.0;1;93;93046;2;2;1.0;3.0;48.93141;2.54566;2024-12-06 10:37:00
202400046193.0;1;95;95424;2;1;1.0;3.0;48.99110297;2.20171982;2024-08-19 16:40:00
202400046194.0;1;57;57491;2;1;1.0;6.0;49.258966;6.019167;2024-09-23 17:32:00
202400046195.0;1;93;93047;2;9;1.0;6.0;48.89823794;2.5556136;2024-12-06 10:00:00
202400046196.0;5;34;34003;2;1;1.0;6.0;43.30864;3.48989;2024-10-28 18:25:00
202400046197.0;1;91;91027;2;3;2.0;3.0;48.705574;2.363311;2024-08-20 20:30:00
202400046198.0;5;92;92078;2;3;1.0;3.0;48.93454214;2.33284235;2024-12-06 18:50:00
202400046199.0;1;32;32013;2;1;1.0;2.0;43.65836;0.59781;2024-10-30 10:55:00
202400046200.0;1;54;54547;2;6;1.0;3.0;48.663076;6.172443;2024-09-25 16:50:00
202400046201.0;5;87;87085;2;3;1.0;3.0;45.847;1.23385;2024-08-19 22:25:00
202400046202.0;3;92;92047;2;3;1.0;3.0;48.83769502;2.16421232;2024-12-06 17:20:00
202400046203.0;1;54;54395;2;1;1.0;3.0;48.69699;6.18909;2024-09-25 07:15:00
202400046204.0;1;87;87085;2;1;1.0;6.0;45.83151;1.24095;2024-08-19 15:15:00
202400046205.0;3;22;22215;1;3;1.0;5.0;48.48737;-2.82702;2024-10-30 19:45:00
202400046206.0;1;92;92050;2;1;1.0;3.0;48.90246354;2.22110599;2024-12-06 15:40:00
202400046207.0;1;54;54547;2;2;1.0;4.0;48.65451339;6.17876351;2024-09-24 17:25:00
202400046208.0;5;92;92049;2;7;3.0;6.0;48.81830231;2.32085019;2024-12-06 00:01:00
202400046209.0;1;83;83126;2;1;1.0;1.0;43.08652406;5.85992777;2024-08-20 09:40:00
202400046210.0;1;19;19272;2;1;1.0;6.0;45.27377274;1.77672371;2024-09-05 16:40:00
202400046211.0;1;54;54395;2;1;2.0;3.0;48.677162;6.205378;2024-09-24 11:25:00
202400046212.0;5;92;92020;2;2;1.0;6.0;48.80251797;2.28616923;2024-12-04 18:45:00
202400046213.0;1;18;18213;1;1;1.0;1.0;47.10218;2.44244;2024-10-30 15:10:00
202400046214.0;5;81;81163;2;3;1.0;3.0;43.50711;2.3782;2024-08-20 21:33:00
202400046215.0;3;54;54323;2;1;1.0;3.0;49.51739849;5.747931;2024-09-25 07:00:00
202400046216.0;1;92;92040;2;2;1.0;1.0;48.81662434;2.27502331;2024-12-06 11:50:00
202400046217.0;1;17;17300;2;1;1.0;6.0;46.16351;-1.15454;2024-10-30 14:10:00
202400046218.0;1;80;80021;2;2;1.0;5.0;49.89657533;2.2888872;2024-08-19 11:40:00
202400046219.0;3;50;50129;2;1;1.0;6.0;49.60366;-1.6074;2024-09-20 22:05:00
202400046220.0;5;92;92026;2;2;2.0;3.0;48.89101627;2.251921;2024-12-06 00:45:00
202400046221.0;5;14;14220;2;1;1.0;6.0;49.35987;0.08162;2024-10-30 18:25:00
202400046222.0;1;76;76212;2;1;1.0;6.0;49.44302;1.14728;2024-07-02 17:10:00
202400046223.0;1;49;49267;2;1;2.0;3.0;47.47049;-0.51591;2024-09-25 17:30:00
202400046224.0;5;92;92024;2;1;1.0;3.0;48.89902766;2.31303155;2024-12-06 22:10:00
202400046225.0;5;13;13211;2;1;1.0;2.0;43.2881824;5.43463229;2024-10-30 20:30:00
202400046226.0;1;72;72181;2;2;1.0;2.0;47.98605;0.20894;2024-08-20 11:50:00
202400046227.0;1;92;92071;2;1;1.0;3.0;48.7804;2.29263;2024-12-06 13:00:00
202400046228.0;1;47;47001;2;2;1.0;6.0;44.20206072;0.61190951;2024-09-25 19:05:00
202400046229.0;5;13;13203;2;1;1.0;3.0;43.30408805;5.37805974;2024-10-30 01:35:00
202400046230.0;5;92;92004;2;1;1.0;5.0;48.91524989;2.3096247;2024-12-03 17:10:00
202400046231.0;1;45;45208;2;1;7.0;6.0;47.99403;2.74085;2024-09-24 14:03:00
202400046232.0;5;69;69264;2;9;1.0;5.0;45.98956;4.72162;2024-08-21 00:20:00
202400046233.0;5;13;13005;2;9;1.0;1.0;43.2937162;5.59466551;2024-09-30 18:45:00
202400046234.0;1;1;1290;1;1;1.0;1.0;45.863697;5.182312;2024-12-06 13:40:00
202400046235.0;1;44;44143;2;1;7.0;6.0;47.19355;-1.57659;2024-09-24 18:07:00
202400046236.0;4;83;83072;1;1;1.0;6.0;43.48355068;6.33359642;2024-12-07 06:25:00
202400046237.0;5;13;13001;2;3;1.0;1.0;43.51968;5.43473;2024-10-30 21:10:00
202400046238.0;1;69;69259;2;2;1.0;3.0;45.72345;4.87448;2024-08-19 13:30:00
202400046239.0;5;95;95487;2;1;2.0;3.0;49.149766;2.278816;2024-12-07 20:00:00
202400046240.0;1;39;39300;2;2;1.0;6.0;46.679298;5.572689;2024-09-23 16:40:00
202400046241.0;1;67;67365;2;3;1.0;3.0;48.55149862;7.70618498;2024-08-20 16:30:00
202400046242.0;2;10;10387;2;6;1.0;3.0;48.29659;4.09449;2024-10-29 08:10:00
202400046243.0;3;28;28425;1;1;1.0;2.0;48.504265;1.70728;2024-12-06 23:30:00
202400046244.0;1;37;37261;2;3;2.0;6.0;47.38296524;0.66838762;2024-09-25 10:15:00
202400046245.0;1;6;6027;2;1;1.0;6.0;43.66084;7.15313;2024-10-30 11:20:00
202400046246.0;1;974;97404;1;1;1.0;7.0;-21.237666;55.37779;2024-12-07 08:30:00
202400046247.0;1;64;64269;2;4;1.0;2.0;43.28969;-0.31171;2024-08-19 18:10:00
202400046248.0;5;75;75113;2;1;1.0;7.0;48.817358;2.349466;2024-10-30 20:30:00
202400046249.0;1;37;37261;2;1;1.0;6.0;47.41515;0.69681;2024-09-24 16:35:00
202400046250.0;1;972;97222;1;1;1.0;4.0;14.669617;-60.959986;2024-12-06 14:00:00
202400046251.0;1;64;64122;2;1;1.0;3.0;43.48181766;-1.55588239;2024-08-20 15:15:00
202400046252.0;5;75;75113;2;1;1.0;3.0;48.824243;2.383261;2024-10-30 19:20:00
202400046253.0;1;21;21485;1;1;1.0;2.0;47.33694131;4.9669732;2024-12-06 08:16:00
202400046254.0;1;36;36044;1;1;2.0;2.0;46.79331;1.71689;2024-09-25 18:30:00
202400046255.0;1;63;63014;2;1;1.0;6.0;45.74427;3.13841;2024-08-20 11:45:00
202400046256.0;1;75;75118;2;1;1.0;1.0;48.885303;2.330676;2024-10-30 11:40:00
202400046257.0;5;1;1033;2;3;1.0;3.0;46.11648;5.809515;2024-11-29 18:34:00
202400046258.0;1;62;62765;2;1;1.0;2.0;50.76120878;2.28315297;2024-08-15 15:50:00
202400046259.0;2;75;75116;2;1;1.0;2.0;48.835489;2.262792;2024-10-30 17:20:00
202400046260.0;1;34;34172;2;9;1.0;3.0;43.610192;3.853222;2024-09-25 09:15:00
202400046261.0;1;974;97413;2;3;1.0;1.0;-21.190979;55.303829;2024-12-06 13:45:00
202400046262.0;1;62;62427;2;1;1.0;6.0;50.41956;2.944;2024-08-19 15:00:00
202400046263.0;1;75;75114;2;1;1.0;3.0;48.827392;2.307175;2024-10-30 08:10:00
202400046264.0;5;62;62570;2;1;1.0;6.0;50.41082;2.88971;2024-08-18 23:30:00
202400046265.0;1;13;13001;2;9;1.0;3.0;43.53;5.42;2024-09-25 07:35:00
202400046266.0;1;75;75113;2;3;1.0;7.0;48.819769;2.359349;2024-10-30 12:15:00
202400046267.0;1;59;59279;2;9;3.0;3.0;50.78798;3.13826;2024-08-20 13:25:00
202400046268.0;1;9;9122;2;1;1.0;1.0;42.964893;1.610767;2024-09-25 08:50:00
202400046269.0;1;75;75111;2;3;1.0;3.0;48.855368;2.384338;2024-10-30 10:38:00
202400046270.0;3;974;97413;1;1;1.0;5.0;-21.231667;55.311522;2024-12-06 21:50:00
202400046271.0;1;56;56260;2;6;3.0;3.0;47.65522;-2.73964;2024-08-20 09:15:00
202400046272.0;1;6;6088;2;1;1.0;3.0;43.67597;7.22817;2024-09-25 10:49:00
202400046273.0;1;94;94068;2;1;8.0;6.0;48.79071;2.47994;2024-10-30 08:25:00
202400046274.0;3;89;89398;1;1;3.0;1.0;48.102144;3.770864;2024-12-05 17:35:00
202400046275.0;1;54;54395;2;3;1.0;3.0;48.68551612;6.2000683;2024-08-20 15:20:00
202400046276.0;5;6;6027;2;1;1.0;3.0;43.659411;7.150668;2024-09-24 20:20:00
202400046277.0;1;94;94068;2;3;1.0;3.0;48.80588;2.47125;2024-10-30 11:45:00
202400046278.0;3;63;63055;1;1;2.0;6.0;45.833628;2.831876;2024-12-07 01:00:00
202400046279.0;5;54;54025;2;1;1.0;6.0;48.65191924;6.27026975;2024-08-20 01:09:00
202400046280.0;1;61;61116;2;1;7.0;6.0;48.380081;0.850164;2024-12-06 09:20:00
202400046281.0;1;1;1451;2;9;1.0;3.0;46.22218;5.20893;2024-09-24 17:55:00
202400046282.0;1;93;93073;2;2;1.0;3.0;49.00354;2.56167;2024-10-30 15:40:00
202400046283.0;1;35;35018;1;1;1.0;3.0;48.424302;-1.125884;2024-12-06 10:45:00
202400046284.0;1;51;51454;2;4;1.0;7.0;49.26289;4.00372;2024-08-20 08:24:00
202400046285.0;1;75;75119;2;1;2.0;3.0;48.90026;2.390219;2024-09-24 18:30:00
202400046286.0;1;93;93066;2;1;1.0;6.0;48.94211295;2.38251177;2024-10-30 15:10:00
202400046287.0;1;38;38399;2;2;1.0;3.0;45.502941;5.15291;2024-11-26 09:50:00
202400046288.0;5;50;50129;2;3;1.0;7.0;49.63084;-1.60456;2024-08-19 22:00:00
202400046289.0;1;75;75120;2;1;2.0;6.0;48.858928;2.389522;2024-09-24 10:30:00
202400046290.0;1;38;38171;1;3;3.0;3.0;45.295495;5.403034;2024-12-07 11:39:00
202400046291.0;1;47;47001;2;2;1.0;3.0;44.2071;0.63984;2024-08-20 10:40:00
202400046292.0;5;93;93066;2;8;1.0;5.0;48.9359;2.342;2024-10-30 00:15:00
202400046293.0;1;3;3239;1;1;2.0;7.0;46.423171;3.953136;2024-12-07 13:45:00
202400046294.0;5;75;75119;2;2;3.0;6.0;48.889361;2.383689;2024-09-25 22:15:00
202400046295.0;1;47;47001;2;1;1.0;1.0;44.21254497;0.64475496;2024-08-19 15:40:00
202400046296.0;3;93;93010;2;2;1.0;3.0;48.88933;2.49556;2024-10-30 18:00:00
202400046297.0;5;14;14348;1;3;1.0;3.0;49.162416;-0.614888;2024-12-06 17:30:00
202400046298.0;1;75;75119;2;2;2.0;7.0;48.884778;2.381259;2024-09-25 12:40:00
202400046299.0;1;42;42044;2;3;1.0;2.0;45.39889;4.33992;2024-08-20 20:30:00
202400046300.0;1;93;93077;2;1;1.0;2.0;48.88271783;2.51616461;2024-10-30 11:25:00
202400046301.0;1;50;50256;1;2;1.0;2.0;48.609646;-1.222079;2024-12-06 12:30:00
202400046302.0;1;40;40279;1;1;1.0;1.0;43.72599992;-1.035465;2024-08-09 13:30:00
202400046303.0;1;75;75118;2;2;2.0;2.0;48.891831;2.343929;2024-09-25 15:15:00
202400046304.0;1;43;43268;2;3;1.0;6.0;45.14364589;4.12179669;2024-12-06 12:00:00
202400046305.0;5;93;93050;2;3;1.0;3.0;48.864;2.53738;2024-10-30 21:05:00
202400046306.0;1;37;37261;2;1;1.0;2.0;47.39958389;0.67486779;2024-08-20 15:40:00
202400046307.0;1;75;75117;2;3;2.0;3.0;48.885308;2.296912;2024-09-25 14:10:00
202400046308.0;1;7;7308;2;3;1.0;2.0;45.190922;4.798204;2024-12-06 12:25:00
202400046309.0;3;93;93005;2;6;1.0;3.0;48.93008781;2.48188365;2024-10-27 00:01:00
202400046310.0;1;37;37122;2;2;1.0;3.0;47.35993791;0.69055666;2024-08-20 14:20:00
202400046311.0;5;52;52470;2;1;1.0;6.0;47.988353;5.738238;2024-12-06 21:55:00
202400046312.0;1;75;75108;2;3;2.0;6.0;48.873295;2.295548;2024-09-25 18:50:00
202400046313.0;1;92;92064;1;1;1.0;2.0;48.83085255;2.2227218;2024-10-30 15:45:00
202400046314.0;3;33;33281;2;1;1.0;1.0;44.81267;-0.69514;2024-08-20 21:00:00
202400046315.0;3;69;69050;1;1;1.0;3.0;45.85503816;4.64811802;2024-12-06 19:15:00
202400046316.0;1;75;75116;2;2;2.0;6.0;48.858016;2.27259;2024-09-25 14:20:00
202400046317.0;3;67;67506;1;1;1.0;4.0;48.668951;7.736757;2024-12-04 18:00:00
202400046318.0;5;92;92051;2;2;1.0;4.0;48.88081495;2.27201588;2024-10-30 19:48:00
202400046319.0;1;75;75115;2;2;8.0;6.0;48.850223;2.291958;2024-09-25 15:40:00
202400046320.0;1;30;30189;2;6;1.0;3.0;43.8237;4.3686;2024-08-19 12:05:00
202400046321.0;3;54;54173;1;1;5.0;7.0;48.67367656;6.42816067;2024-10-29 06:00:00
202400046322.0;1;75;75115;2;2;2.0;6.0;48.845344;2.278576;2024-09-25 15:10:00
202400046323.0;1;30;30243;1;2;1.0;3.0;44.06102;4.09033;2024-08-20 19:30:00
202400046324.0;1;13;13037;1;9;1.0;2.0;43.556339;5.230672;2024-12-02 15:00:00
202400046325.0;3;6;6114;2;3;1.0;3.0;43.748723;7.285572;2024-10-30 20:05:00
202400046326.0;1;75;75114;2;2;2.0;2.0;48.818201;2.332716;2024-09-25 14:35:00
202400046327.0;5;29;29232;2;1;2.0;6.0;48.0125928;-4.0778832;2024-08-20 01:00:00
202400046328.0;3;21;21473;1;1;1.0;4.0;47.260388;5.068538;2024-11-26 18:15:00
202400046329.0;1;40;40304;2;1;8.0;3.0;43.66887;-1.426933;2024-10-30 08:50:00
202400046330.0;5;75;75112;2;3;8.0;3.0;48.84396186;2.41438454;2024-09-24 20:45:00
202400046331.0;5;45;45315;2;2;8.0;6.0;47.766775;2.371962;2024-12-06 19:00:00
202400046332.0;5;972;97204;2;1;1.0;3.0;14.712481;-61.184165;2024-10-30 19:44:00
202400046333.0;2;95;95355;1;1;1.0;6.0;49.145815;1.80142;2024-12-07 05:15:00
202400046334.0;1;75;75110;2;3;2.0;6.0;48.870865;2.356661;2024-09-25 17:10:00
202400046335.0;3;34;34182;1;1;1.0;1.0;43.430589;3.399685;2024-12-06 18:50:00
202400046336.0;2;35;35226;1;1;1.0;2.0;48.42196;-1.877697;2024-10-31 07:30:00
202400046337.0;1;75;75107;2;3;8.0;6.0;48.862871;2.31519;2024-09-25 08:26:00
202400046338.0;5;68;68289;2;2;1.0;1.0;47.827321;7.340015;2024-10-30 17:55:00
202400046339.0;5;75;75103;2;2;2.0;6.0;48.862287;2.363731;2024-09-25 22:10:00
202400046340.0;1;1;1448;2;3;1.0;6.0;46.088762;5.785139;2024-10-29 12:05:00
202400046341.0;1;75;75103;2;2;2.0;7.0;48.864686;2.35961;2024-09-25 10:20:00
202400046342.0;5;68;68344;2;1;1.0;1.0;47.882992;6.956572;2024-11-24 18:45:00
202400046343.0;1;56;56190;1;1;1.0;1.0;47.987452;-2.776017;2024-10-31 15:45:00
202400046344.0;2;75;75104;2;3;2.0;1.0;48.85462;2.36271;2024-09-24 19:40:00
202400046345.0;1;73;73150;1;1;1.0;5.0;45.566918;6.698914;2024-12-06 14:20:00
202400046346.0;3;59;59130;1;1;1.0;1.0;50.879427;2.224764;2024-10-30 19:29:00
202400046347.0;1;42;42147;2;1;2.0;6.0;45.60904682;4.06232643;2024-12-07 10:25:00
202400046348.0;3;82;82025;1;1;8.0;7.0;43.946678;1.29614;2024-10-30 19:50:00
202400046349.0;5;94;94074;2;3;1.0;2.0;48.7703;2.4405;2024-09-24 01:18:00
202400046350.0;1;38;38176;1;1;1.0;1.0;45.654049;5.207664;2024-12-06 12:10:00
202400046351.0;1;82;82121;1;1;1.0;3.0;44.058907;1.289821;2024-10-31 15:00:00
202400046352.0;5;1;1043;2;1;1.0;7.0;45.837693;5.008703;2024-12-07 01:40:00
202400046353.0;5;94;94052;2;3;1.0;1.0;48.83855042;2.47871947;2024-09-25 06:45:00
202400046354.0;1;69;69069;2;2;1.0;6.0;45.747318;4.722434;2024-12-07 09:39:00
202400046355.0;5;69;69088;2;1;1.0;2.0;45.816528;4.862943;2024-10-31 18:30:00
202400046356.0;2;94;94016;2;3;2.0;6.0;48.785854;2.329068;2024-09-25 19:00:00
202400046357.0;3;85;85112;1;1;8.0;3.0;46.5744;-1.76595;2024-12-07 07:50:00
202400046358.0;1;63;63229;1;1;1.0;1.0;45.780172;3.345144;2024-10-31 11:25:00
202400046359.0;1;94;94073;2;1;3.0;6.0;48.767743;2.376877;2024-09-25 18:15:00
202400046360.0;1;27;27365;1;1;1.0;1.0;49.296782;1.197311;2024-11-28 08:20:00
202400046361.0;1;94;94028;2;1;1.0;6.0;48.78342;2.4469;2024-09-24 18:00:00
202400046362.0;2;55;55046;1;1;5.0;3.0;48.96940732;5.80833948;2024-10-31 07:45:00
202400046363.0;5;13;13212;1;1;1.0;3.0;43.32132;5.42181;2024-11-19 02:52:00
202400046364.0;3;49;49167;1;1;1.0;1.0;47.38468043;-0.48418598;2024-10-30 22:00:00
202400046365.0;5;93;93001;2;1;2.0;3.0;48.9108468;2.38505209;2024-09-25 23:08:00
202400046366.0;1;13;13001;1;1;1.0;3.0;43.51138;5.42059;2024-12-06 13:00:00
202400046367.0;3;12;12026;1;1;1.0;6.0;44.339182;2.753212;2024-10-31 02:00:00
202400046368.0;1;93;93071;2;1;2.0;6.0;48.94127257;2.53213063;2024-09-20 18:30:00
202400046369.0;1;13;13215;1;1;1.0;4.0;43.3581884;5.36269145;2024-12-06 09:35:00
202400046370.0;3;42;42118;1;1;5.0;6.0;45.949684;4.223294;2024-10-30 20:38:00
202400046371.0;2;93;93070;2;1;2.0;6.0;48.90948853;2.34418631;2024-09-24 19:05:00
202400046372.0;1;39;39062;2;1;1.0;6.0;46.423186;5.530356;2024-10-22 12:40:00
202400046373.0;1;13;13202;1;1;1.0;5.0;43.2986;5.3636;2024-12-04 08:46:00
202400046374.0;1;93;93066;2;1;2.0;1.0;48.92797814;2.34134573;2024-09-25 14:00:00
202400046375.0;5;13;13215;1;1;1.0;3.0;43.34931268;5.36965091;2024-12-06 01:21:00
202400046376.0;5;2;2558;2;3;1.0;1.0;50.013769;3.784034;2024-10-30 18:35:00
202400046377.0;5;93;93048;2;1;1.0;3.0;48.85732037;2.44055408;2024-09-25 05:31:00
202400046378.0;1;83;83137;1;1;1.0;4.0;43.12518503;5.97019573;2024-12-05 16:32:00
202400046379.0;3;2;2439;1;3;1.0;6.0;49.378783;3.654199;2024-10-13 04:10:00
202400046380.0;5;93;93014;2;2;1.0;3.0;48.91143953;2.5495096;2024-09-25 04:00:00
202400046381.0;3;33;33143;1;1;1.0;4.0;44.96843;-0.43689;2024-12-06 18:15:00
202400046382.0;1;3;3105;1;3;5.0;3.0;46.246506;3.694636;2024-10-30 11:10:00
202400046383.0;1;93;93029;2;1;2.0;1.0;48.93458352;2.44836332;2024-09-25 14:50:00
202400046384.0;3;33;33143;1;1;1.0;2.0;44.96655;-0.43835;2024-12-06 17:50:00
202400046385.0;1;1;1239;1;1;1.0;6.0;45.766862;5.765686;2024-10-29 15:30:00
202400046386.0;5;93;93047;2;1;1.0;6.0;48.897;2.5687;2024-09-25 01:50:00
202400046387.0;5;94;94003;1;1;1.0;3.0;48.80072796;2.34367155;2024-12-06 20:20:00
202400046388.0;1;26;26376;1;1;1.0;1.0;44.438518;5.311659;2024-10-12 09:00:00
202400046389.0;3;91;91174;1;1;1.0;2.0;48.6205;2.46065;2024-12-06 19:30:00
202400046390.0;1;93;93001;2;3;2.0;3.0;48.91653;2.38001;2024-09-24 11:40:00
202400046391.0;3;58;58026;1;1;5.0;6.0;47.264775;3.562869;2024-10-30 20:30:00
202400046392.0;5;75;75113;1;1;2.0;7.0;48.81588379;2.35647357;2024-12-06 03:00:00
202400046393.0;1;72;72276;1;1;1.0;1.0;48.278573;0.43955;2024-10-31 11:10:00
202400046394.0;1;92;92063;2;3;2.0;3.0;48.8635255;2.18150049;2024-09-25 13:50:00
202400046395.0;5;60;60509;2;1;1.0;2.0;49.31327402;2.60448503;2024-10-31 18:30:00
202400046396.0;3;78;78545;1;1;2.0;3.0;48.81603194;2.06292987;2024-12-06 00:20:00
202400046397.0;1;92;92051;2;1;2.0;3.0;48.87425;2.25451;2024-09-25 09:35:00
202400046398.0;5;7;7201;2;1;1.0;1.0;44.437754;4.342405;2024-10-30 17:55:00
202400046399.0;1;78;78322;1;1;1.0;4.0;48.781717;2.163428;2024-12-04 16:10:00
202400046400.0;1;92;92049;2;1;2.0;7.0;48.81020734;2.31363103;2024-09-25 09:10:00
202400046401.0;3;21;21308;1;1;1.0;6.0;47.559167;4.421723;2024-10-31 19:15:00
202400046402.0;5;92;92025;2;1;1.0;6.0;48.91107069;2.23381475;2024-09-23 21:15:00
202400046403.0;1;93;93066;1;1;1.0;5.0;48.92409794;2.35714912;2024-12-06 11:00:00
202400046404.0;1;30;30062;2;6;1.0;2.0;43.782021;4.206144;2024-10-30 15:15:00
202400046405.0;3;93;93027;1;1;1.0;3.0;48.93857335;2.41640267;2024-12-06 06:15:00
202400046406.0;1;52;52377;1;1;1.0;6.0;48.02795826;5.67732902;2024-10-30 11:50:00
202400046407.0;3;95;95018;1;1;1.0;6.0;48.95201228;2.27957378;2024-12-05 00:15:00
202400046408.0;5;92;92023;2;3;3.0;3.0;48.7905;2.27166;2024-09-25 22:31:00
202400046409.0;1;52;52107;1;9;1.0;6.0;48.221249;5.240843;2024-10-30 16:07:00
202400046410.0;2;95;95491;1;1;1.0;4.0;48.99915368;2.24653374;2024-12-04 18:20:00
202400046411.0;1;38;38242;1;1;1.0;6.0;44.918295;5.627086;2024-10-31 09:32:00
202400046412.0;1;92;92007;2;3;2.0;3.0;48.79770302;2.29686767;2024-09-25 15:30:00
202400046413.0;2;93;93007;1;1;1.0;4.0;48.94674096;2.44241883;2024-12-04 16:40:00
202400046414.0;1;77;77100;1;1;5.0;3.0;48.518168;2.822821;2024-10-31 09:30:00
202400046415.0;1;95;95527;1;1;1.0;7.0;48.9988;2.52012;2024-12-04 13:50:00
202400046416.0;2;92;92004;2;3;2.0;3.0;48.90778012;2.2670082;2024-09-25 17:25:00
202400046417.0;1;1;1049;1;1;1.0;6.0;45.838127;5.042735;2024-10-29 12:14:00
202400046418.0;1;95;95277;1;1;1.0;4.0;48.9731902;2.4903971;2024-12-04 09:00:00
202400046419.0;1;1;1032;1;1;1.0;2.0;45.861702;5.172973;2024-10-23 08:50:00
202400046420.0;1;35;35250;1;1;1.0;6.0;48.005617;-1.595448;2024-09-21 11:30:00
202400046421.0;1;13;13110;2;1;1.0;3.0;43.426728;5.688354;2024-07-18 11:30:00
202400046422.0;1;974;97415;2;1;1.0;3.0;-20.986399;55.298261;2024-09-25 07:34:00
202400046423.0;2;976;97611;2;1;2.0;1.0;-12.76559;45.22683;2024-12-05 05:10:00
202400046424.0;3;34;34032;1;1;1.0;4.0;43.29968539;3.20694085;2024-10-30 21:30:00
202400046425.0;1;974;97416;1;1;1.0;2.0;-21.34552;55.49181;2024-12-04 16:30:00
202400046426.0;1;974;97416;1;1;1.0;6.0;-21.32502;55.47607;2024-12-04 08:30:00
202400046427.0;3;45;45312;1;2;2.0;3.0;47.905855;2.732919;2024-09-26 07:23:00
202400046428.0;1;34;34294;1;1;1.0;4.0;43.70555729;4.12017717;2024-10-31 15:45:00
202400046429.0;2;33;33352;1;1;3.0;1.0;44.57738523;-0.01392603;2024-09-23 18:35:00
202400046430.0;1;987;98735;2;9;1.0;2.0;-9.799462;-139.04895;2024-10-31 07:00:00
202400046431.0;1;972;97209;1;1;1.0;6.0;14.60053;-61.04303;2024-12-04 13:10:00
202400046432.0;1;971;97124;2;1;1.0;6.0;16.02021;-61.716664;2024-10-31 13:00:00
202400046433.0;5;972;97209;1;1;1.0;3.0;14.6281;-61.06118;2024-12-04 21:00:00
202400046434.0;1;68;68023;1;2;1.0;2.0;48.161105;7.341356;2024-09-20 17:20:00
202400046435.0;5;972;97209;1;1;1.0;2.0;14.61675;-61.0423;2024-12-04 18:30:00
202400046436.0;5;68;68143;2;1;1.0;7.0;48.11049375;7.42320827;2024-09-25 20:35:00