Num_Acc;lum;departement;commune;agglomeration;intersection;meteo;type_collision;lat;long;date
202400046437.0;3;972;97230;2;3;1.0;1.0;14.734461;-60.975451;2024-03-19 00:20:00
202400046438.0;1;2A;2A004;2;1;1.0;3.0;41.942229;8.749902;2024-12-05 08:00:00
202400046439.0;3;95;95535;1;1;1.0;5.0;49.05522871;1.96114341;2024-10-31 05:50:00
202400046440.0;1;37;37179;1;4;1.0;5.0;47.462244;0.76077747;2024-09-26 15:10:00
202400046441.0;5;91;91345;2;1;1.0;4.0;48.69747;2.29001;2024-12-04 18:55:00
202400046442.0;1;83;83125;1;1;2.0;7.0;43.498106;5.898778;2024-09-26 10:10:00
202400046443.0;5;6;6048;2;1;1.0;3.0;43.791199;7.330139;2024-10-25 19:45:00
202400046444.0;5;91;91687;2;3;2.0;6.0;48.66395;2.37555;2024-12-05 22:45:00
202400046445.0;1;51;51079;2;1;2.0;6.0;49.076435;4.142565;2024-09-24 09:00:00
202400046446.0;3;56;56101;1;1;1.0;7.0;47.834923;-3.170478;2024-09-22 22:00:00
202400046447.0;1;13;13027;2;6;7.0;3.0;43.875217;4.863424;2024-10-30 15:00:00
202400046448.0;5;91;91589;2;2;2.0;3.0;48.67686;2.34984;2024-12-05 20:03:00
202400046449.0;3;26;26084;1;1;1.0;3.0;44.984167;4.882307;2024-10-30 21:00:00
202400046450.0;1;76;76070;1;4;2.0;3.0;49.714858;1.21518;2024-09-24 17:40:00
202400046451.0;5;90;90010;2;3;1.0;6.0;47.64925;6.84644;2024-12-04 17:31:00
202400046452.0;1;52;52037;1;1;5.0;6.0;47.910819;5.40169;2024-10-31 08:45:00
202400046453.0;1;65;65455;1;1;1.0;6.0;43.080534;0.422829;2024-09-25 10:40:00
202400046454.0;5;88;88209;2;1;2.0;6.0;48.1902;6.42983;2024-12-04 03:50:00
202400046455.0;3;68;68382;1;1;5.0;6.0;47.629428;7.365893;2024-10-30 22:00:00
202400046456.0;1;65;65446;1;1;1.0;7.0;43.325295;0.109981;2024-09-26 16:45:00
202400046457.0;1;55;55039;1;1;5.0;6.0;49.275743;5.414028;2024-10-31 09:30:00
202400046458.0;5;87;87085;2;1;1.0;3.0;45.82154;1.24509;2024-12-05 05:43:00
202400046459.0;1;11;11262;1;1;1.0;3.0;43.21407066;3.03327918;2024-09-26 12:40:00
202400046460.0;1;84;84007;2;1;1.0;6.0;43.946547;4.817257;2024-12-04 17:12:00
202400046461.0;1;61;61481;1;1;1.0;7.0;48.632451;0.393592;2024-09-20 16:15:00
202400046462.0;1;7;7247;1;3;1.0;3.0;44.591445;4.541801;2024-10-31 17:40:00
202400046463.0;2;12;12243;1;1;2.0;6.0;44.010472;2.93644;2024-09-26 18:15:00
202400046464.0;1;46;46307;1;1;3.0;6.0;44.489296;1.033251;2024-09-26 14:00:00
202400046465.0;3;69;69134;1;3;5.0;1.0;45.915516;4.594978;2024-10-30 18:15:00
202400046466.0;3;31;31187;2;1;1.0;6.0;43.528148;1.211886;2024-10-30 18:30:00
202400046467.0;1;47;47185;2;6;1.0;5.0;44.485461;0.975552;2024-09-25 09:20:00
202400046468.0;1;29;29237;1;1;2.0;3.0;48.467375;-4.215174;2024-10-29 15:25:00
202400046469.0;1;44;44194;2;1;1.0;3.0;47.261349;-1.672899;2024-09-23 18:30:00
202400046470.0;3;29;29027;1;1;8.0;6.0;48.20205191;-3.83831011;2024-09-25 21:00:00
202400046471.0;3;13;13028;1;1;1.0;2.0;43.20910061;5.62851473;2024-10-30 19:50:00
202400046472.0;1;29;29037;2;1;1.0;1.0;47.873846;-4.122282;2024-09-25 13:35:00
202400046473.0;2;77;77495;1;6;2.0;3.0;48.560218;2.645703;2024-12-05 16:20:00
202400046474.0;3;67;67482;1;9;1.0;7.0;48.58764;7.70897;2024-10-29 01:50:00
202400046475.0;1;40;40273;2;1;7.0;6.0;43.527592;-1.392182;2024-09-24 16:25:00
202400046476.0;2;77;77288;1;9;1.0;2.0;48.540491;2.669333;2024-12-04 17:40:00
202400046477.0;1;62;62907;1;1;1.0;3.0;50.47352046;2.97862494;2024-10-26 16:30:00
202400046478.0;3;77;77445;1;1;1.0;7.0;48.57063;2.58476;2024-11-17 02:00:00
202400046479.0;1;24;24217;1;1;8.0;7.0;44.944093;0.884002;2024-09-26 18:07:00
202400046480.0;3;59;59456;1;1;2.0;6.0;50.38132;3.22666;2024-10-26 07:14:00
202400046481.0;1;76;76351;2;1;1.0;7.0;49.49975;0.16257;2024-12-05 13:10:00
202400046482.0;1;987;98734;1;1;1.0;7.0;-17.712;-149.508;2024-09-25 06:40:00
202400046483.0;1;59;59507;1;1;1.0;2.0;50.60778;3.09524;2024-10-28 07:53:00
202400046484.0;1;72;72300;1;1;3.0;6.0;48.05352744;0.35247466;2024-09-26 11:55:00
202400046485.0;1;76;76351;2;2;1.0;6.0;49.49991;0.1241;2024-12-04 09:50:00
202400046486.0;1;77;77384;1;1;8.0;2.0;48.60159;2.59985;2024-10-30 07:50:00
202400046487.0;5;69;69244;2;3;3.0;6.0;45.760772;4.777765;2024-09-26 07:56:00
202400046488.0;1;92;92047;1;1;1.0;3.0;48.83492738;2.17446583;2024-10-30 07:55:00
202400046489.0;1;74;74010;2;6;1.0;3.0;45.9116;6.1317;2024-11-30 09:17:00
202400046490.0;1;73;73010;1;1;1.0;3.0;45.79383345;5.97039521;2024-09-25 11:20:00
202400046491.0;3;78;78640;1;1;1.0;2.0;48.784007;2.223213;2024-10-29 19:30:00
202400046492.0;1;77;77190;1;1;2.0;1.0;48.527519;2.977102;2024-09-26 08:10:00
202400046493.0;3;78;78646;1;1;1.0;1.0;48.785324;2.154949;2024-10-29 20:00:00
202400046494.0;1;77;77382;1;1;3.0;1.0;48.907655;2.88849;2024-09-25 14:00:00
202400046495.0;1;92;92036;1;1;1.0;6.0;48.91987444;2.30667989;2024-10-29 09:45:00
202400046496.0;1;72;72181;2;1;1.0;4.0;47.98283;0.22028;2024-12-04 13:40:00
202400046497.0;1;34;34332;1;1;1.0;2.0;43.314894;3.380511;2024-09-19 14:10:00
202400046498.0;3;71;71306;1;1;3.0;7.0;46.65869816;4.33109687;2024-12-06 00:01:00
202400046499.0;3;93;93005;1;1;1.0;2.0;48.9422986;2.47831903;2024-10-30 18:45:00
202400046500.0;1;34;34151;1;1;1.0;3.0;43.600579;4.125355;2024-09-25 14:25:00
202400046501.0;1;71;71270;2;6;8.0;3.0;46.29917;4.82756;2024-12-04 15:30:00
202400046502.0;3;93;93066;1;1;1.0;2.0;48.92814627;2.35773547;2024-10-30 19:44:00
202400046503.0;1;6;6015;2;1;1.0;3.0;43.839099;7.319262;2024-09-25 09:04:00
202400046504.0;1;70;70550;2;9;1.0;6.0;47.62007;6.16093;2024-12-04 16:38:00
202400046505.0;1;93;93066;1;1;1.0;4.0;48.92198228;2.36023664;2024-10-30 16:00:00
202400046506.0;1;67;67218;2;1;8.0;6.0;48.5316;7.71481;2024-12-03 12:10:00
202400046507.0;1;95;95424;1;1;1.0;7.0;48.99353436;2.18588526;2024-10-29 14:55:00
202400046508.0;5;6;6048;2;5;3.0;6.0;43.808502;7.314883;2024-09-26 07:00:00
202400046509.0;1;64;64545;2;1;1.0;7.0;43.38082;-1.73222;2024-12-05 13:41:00
202400046510.0;2;93;93005;1;1;1.0;3.0;48.96017102;2.47352704;2024-10-29 07:58:00
202400046511.0;1;64;64348;2;3;1.0;3.0;43.34837;-0.37996;2024-12-05 07:55:00
202400046512.0;1;13;13041;1;1;2.0;2.0;43.457712;5.463556;2024-09-24 10:00:00
202400046513.0;1;42;42044;2;4;1.0;1.0;45.3948793;4.30289179;2024-07-29 16:00:00
202400046514.0;1;64;64024;2;9;1.0;3.0;43.48454;-1.50188;2024-12-05 13:15:00
202400046515.0;2;68;68199;1;6;3.0;6.0;47.866516;7.038835;2024-09-26 07:28:00
202400046516.0;4;64;64102;2;1;2.0;6.0;43.47876;-1.49648;2024-12-03 17:30:00
202400046517.0;1;42;42207;1;1;1.0;2.0;45.4758;4.4975;2024-07-11 12:32:00
202400046518.0;1;57;57415;2;6;2.0;6.0;49.145086;6.127574;2024-09-24 09:30:00
202400046519.0;5;62;62498;2;1;2.0;6.0;50.4292641;2.83213949;2024-12-05 19:00:00
202400046520.0;5;62;62270;1;1;2.0;6.0;50.47268877;2.52182577;2024-12-05 18:05:00
202400046521.0;3;44;44009;1;1;1.0;7.0;47.225499;-1.4699604;2024-10-16 23:50:00
202400046522.0;2;62;62041;2;9;2.0;6.0;50.28984;2.77386;2024-12-04 16:40:00
202400046523.0;1;44;44190;2;1;1.0;6.0;47.19909683;-1.5263075;2024-10-16 15:00:00
202400046524.0;1;38;38545;1;1;1.0;3.0;45.038604;5.660695;2024-09-25 15:55:00
202400046525.0;2;44;44143;2;1;1.0;7.0;47.19300147;-1.54655115;2024-10-16 16:59:00
202400046526.0;1;59;59183;2;1;2.0;3.0;51.02783;2.34655;2024-12-05 11:30:00
202400046527.0;1;33;33519;2;6;1.0;1.0;44.9102;-0.713629;2024-09-25 10:20:00
202400046528.0;1;84;84007;2;6;1.0;7.0;43.94474;4.85372;2024-08-28 19:00:00
202400046529.0;5;59;59271;2;3;1.0;7.0;51.02343;2.3118;2024-11-25 20:00:00
202400046530.0;1;84;84007;2;1;1.0;6.0;43.92844;4.81591;2024-08-27 11:50:00
202400046531.0;1;22;22162;2;3;2.0;5.0;48.769626;-3.067117;2024-09-25 07:50:00
202400046532.0;1;59;59178;2;6;1.0;6.0;50.3638;3.0851;2024-12-04 11:20:00
202400046533.0;1;84;84007;2;1;1.0;6.0;43.95148;4.80569;2024-08-27 09:15:00
202400046534.0;1;62;62014;2;2;1.0;3.0;50.63740179;2.3902121;2024-09-24 14:40:00
202400046535.0;5;57;57672;2;1;1.0;6.0;49.3531;6.13437;2024-12-03 19:22:00
202400046536.0;5;84;84007;2;2;1.0;7.0;43.93417;4.83154;2024-08-27 05:34:00
202400046537.0;1;54;54547;2;3;1.0;6.0;48.66515;6.16498;2024-12-05 08:10:00
202400046538.0;1;59;59577;1;2;1.0;6.0;50.752745;2.474214;2024-09-26 14:30:00
202400046539.0;1;84;84069;1;1;1.0;6.0;44.142166;5.136216;2024-08-11 16:10:00
202400046540.0;1;84;84050;1;1;1.0;6.0;43.890849;5.185279;2024-08-08 16:00:00
202400046541.0;1;54;54304;2;6;1.0;3.0;48.67890873;6.14167285;2024-12-04 14:20:00
202400046542.0;3;33;33318;1;1;3.0;4.0;44.792299;-0.648594;2024-09-25 22:30:00
202400046543.0;3;84;84069;2;1;1.0;6.0;44.181573;5.126796;2024-06-26 03:10:00
202400046544.0;1;33;33063;1;1;2.0;6.0;44.880644;-0.540893;2024-09-24 12:03:00
202400046545.0;1;52;52448;2;1;1.0;6.0;48.64265;4.94795;2024-12-02 07:50:00
202400046546.0;1;84;84146;1;1;2.0;6.0;44.289978;5.037076;2024-06-25 16:25:00
202400046547.0;2;51;51454;2;1;2.0;3.0;49.27752;4.00459;2024-12-05 07:50:00
202400046548.0;3;91;91477;1;1;1.0;1.0;48.72406;2.2376;2024-09-24 23:30:00
202400046549.0;1;84;84132;1;1;1.0;6.0;43.892607;5.010218;2024-07-28 17:50:00
202400046550.0;1;50;50218;2;1;1.0;6.0;48.83627;-1.55083;2024-12-05 14:40:00
202400046551.0;1;84;84069;1;1;7.0;7.0;44.160488;5.147524;2024-07-20 10:15:00
202400046552.0;3;78;78431;1;1;2.0;3.0;48.93828;1.95734;2024-09-25 04:12:00
202400046553.0;1;84;84060;1;1;2.0;6.0;43.987575;5.486699;2024-07-06 17:25:00
202400046554.0;1;49;49099;2;3;8.0;3.0;47.04819;-0.87762;2024-11-28 11:50:00
202400046555.0;1;78;78140;1;1;2.0;4.0;48.961479;1.929338;2024-09-24 07:10:00
202400046556.0;1;92;92050;1;1;2.0;7.0;48.89347708;2.1888457;2024-09-24 08:45:00
202400046557.0;5;49;49099;2;1;1.0;6.0;47.063268;-0.898211;2024-12-02 18:50:00
202400046558.0;1;74;74218;1;1;1.0;3.0;46.39029;6.52672;2024-06-01 20:35:00
202400046559.0;1;49;49007;2;1;1.0;7.0;47.45503;-0.55364;2024-12-04 12:14:00
202400046560.0;1;32;32369;1;9;1.0;3.0;43.794845;0.031645;2024-04-30 17:50:00
202400046561.0;1;77;77249;1;1;2.0;6.0;48.74023;2.61264;2024-09-25 17:54:00
202400046562.0;1;43;43157;2;3;2.0;3.0;45.03611993;3.88377964;2024-12-04 11:55:00
202400046563.0;1;91;91405;1;1;1.0;1.0;48.427129;2.469274;2024-07-02 15:00:00
202400046564.0;1;28;28088;2;2;1.0;2.0;48.069073;1.331105;2024-06-27 11:45:00
202400046565.0;5;41;41018;2;9;2.0;6.0;47.5908;1.34092;2024-12-05 17:30:00
202400046566.0;1;988;98818;2;5;1.0;3.0;-22.27459;166.44737;2024-10-30 06:44:00
202400046567.0;1;974;97416;1;1;1.0;6.0;-21.31537;55.49282;2024-10-29 08:00:00
202400046568.0;1;28;28021;1;1;1.0;5.0;48.344456;1.296784;2024-06-18 18:20:00
202400046569.0;5;38;38151;2;2;1.0;3.0;45.14597;5.70497;2024-12-05 00:20:00
202400046570.0;1;974;97411;2;9;1.0;3.0;-20.88308;55.44758;2024-10-29 09:00:00
202400046571.0;3;28;28006;1;1;1.0;1.0;48.435661;1.414179;2024-05-30 22:30:00
202400046572.0;1;38;38516;2;9;1.0;3.0;45.20027;5.74495;2024-12-04 08:50:00
202400046573.0;1;28;28048;1;1;1.0;7.0;48.321796;1.412601;2024-05-27 12:30:00
202400046574.0;1;974;97411;2;2;1.0;3.0;-20.88878;55.44877;2024-10-28 08:15:00
202400046575.0;1;37;37261;2;3;2.0;3.0;47.38122;0.70166;2024-12-05 08:50:00
202400046576.0;1;973;97302;2;1;1.0;1.0;4.94431812;-52.30965346;2024-09-24 07:05:00
202400046577.0;5;973;97302;2;1;1.0;2.0;4.93822;-52.30634;2024-10-29 21:12:00
202400046578.0;5;35;35238;2;1;2.0;3.0;48.10997316;-1.66057974;2024-12-05 08:00:00
202400046579.0;5;69;69386;2;2;2.0;3.0;45.76906;4.86065;2024-09-24 23:00:00
202400046580.0;1;973;97302;2;3;1.0;3.0;4.93186;-52.32308;2024-10-29 17:45:00
202400046581.0;1;69;69383;2;2;1.0;3.0;45.76313;4.8686;2024-09-24 12:10:00
202400046582.0;5;973;97302;2;3;1.0;5.0;4.94242;-52.32795;2024-10-27 21:50:00
202400046583.0;5;33;33063;2;2;2.0;1.0;44.84147;-0.59946;2024-12-05 20:10:00
202400046584.0;1;31;31555;2;1;1.0;3.0;43.59657;1.48358;2024-12-05 08:49:00
202400046585.0;5;2A;2A004;1;1;1.0;2.0;41.92796;8.77559;2024-10-28 17:56:00
202400046586.0;1;95;95277;2;7;1.0;3.0;49.00163434;2.42160208;2024-10-29 15:40:00
202400046587.0;1;31;31555;2;1;1.0;3.0;43.59361;1.44604;2024-12-04 17:00:00
202400046588.0;1;91;91589;2;1;1.0;6.0;48.687149;2.353898;2024-10-29 12:40:00
202400046589.0;1;31;31555;2;1;1.0;1.0;43.56259541;1.38571501;2024-12-04 09:00:00
202400046590.0;5;87;87085;2;2;2.0;3.0;45.81938131;1.23409867;2024-10-25 19:20:00
202400046591.0;3;29;29232;1;1;1.0;7.0;48.00974303;-4.06735642;2024-12-05 22:34:00
202400046592.0;3;29;29232;1;1;2.0;2.0;47.97806299;-4.02782488;2024-12-04 18:00:00
202400046593.0;1;87;87085;2;3;1.0;2.0;45.87463;1.26647;2024-10-27 15:43:00
202400046594.0;5;70;70285;2;1;1.0;3.0;47.57109;6.76872;2024-12-04 17:25:00
202400046595.0;5;83;83137;2;2;1.0;3.0;43.12564;5.89694;2024-10-29 22:20:00
202400046596.0;1;19;19031;2;9;1.0;7.0;45.16776;1.55246;2024-12-05 14:47:00
202400046597.0;5;83;83009;2;1;1.0;3.0;43.13761;5.76095;2024-10-29 21:40:00
202400046598.0;1;15;15014;2;1;1.0;6.0;44.91611;2.42985;2024-12-04 07:40:00
202400046599.0;1;81;81060;1;1;1.0;2.0;44.06249;2.17198;2024-10-28 16:20:00
202400046600.0;5;14;14333;2;2;2.0;1.0;49.40877;0.24698;2024-12-04 07:00:00
202400046601.0;1;78;78551;1;1;1.0;2.0;48.89333;2.08243;2024-10-29 13:15:00
202400046602.0;1;13;13203;2;3;1.0;3.0;43.3078311;5.38164509;2024-12-05 10:30:00
202400046603.0;1;78;78440;2;1;1.0;4.0;48.975538;1.915862;2024-10-29 17:00:00
202400046604.0;1;13;13216;2;6;1.0;1.0;43.36055;5.3384;2024-12-05 10:00:00
202400046605.0;1;13;13001;2;9;1.0;1.0;43.49149;5.34921;2024-12-04 12:15:00
202400046606.0;1;76;76561;2;6;1.0;6.0;49.301879;1.012568;2024-10-29 11:15:00
202400046607.0;1;12;12202;2;3;1.0;3.0;44.35975;2.57213;2024-11-27 14:40:00
202400046608.0;1;73;73031;2;6;1.0;6.0;45.573145;5.946163;2024-10-29 16:15:00
202400046609.0;1;12;12146;1;1;1.0;6.0;44.31894;2.5864;2024-11-24 07:45:00
202400046610.0;1;73;73065;1;1;1.0;4.0;45.57570973;5.92787862;2024-10-29 07:59:00
202400046611.0;1;12;12202;2;3;1.0;6.0;44.3562;2.57574;2024-11-15 13:45:00
202400046612.0;1;69;69259;2;1;1.0;3.0;45.72334547;4.8652321;2024-10-29 14:30:00
202400046613.0;1;12;12202;2;1;1.0;6.0;44.36394;2.55314;2024-10-24 08:55:00
202400046614.0;1;67;67482;2;1;1.0;3.0;48.60604;7.71603;2024-10-29 15:30:00
202400046615.0;1;12;12013;1;3;2.0;3.0;44.55315;2.28737;2024-12-02 12:55:00
202400046616.0;1;67;67482;2;3;1.0;3.0;48.5943;7.72335;2024-10-28 15:30:00
202400046617.0;4;10;10357;2;6;5.0;7.0;48.29574;4.13727;2024-12-04 06:05:00
202400046618.0;1;64;64483;1;3;1.0;1.0;43.41344;-1.61443;2024-10-29 16:19:00
202400046619.0;1;7;7019;2;1;7.0;3.0;44.61477;4.4007;2024-12-04 16:45:00
202400046620.0;1;64;64335;2;1;1.0;3.0;43.33176;-0.45039;2024-10-28 15:50:00
202400046621.0;1;6;6088;2;2;1.0;6.0;43.722977;7.289872;2024-12-05 14:07:00
202400046622.0;1;63;63113;2;3;1.0;2.0;45.80200536;3.11724722;2024-10-29 11:45:00
202400046623.0;1;6;6088;2;1;7.0;2.0;43.70233;7.28755;2024-12-05 13:30:00
202400046624.0;1;63;63113;2;1;1.0;3.0;45.77364;3.08803;2024-10-29 08:30:00
202400046625.0;4;6;6104;2;1;1.0;6.0;43.763609;7.480244;2024-11-29 19:10:00
202400046626.0;1;62;62160;2;1;8.0;6.0;50.71986365;1.61533459;2024-10-29 16:00:00
202400046627.0;5;6;6123;2;2;1.0;3.0;43.6565;7.1798;2024-12-05 22:50:00
202400046628.0;1;75;75111;2;2;1.0;3.0;48.864009;2.381201;2024-01-08 16:05:00
202400046629.0;1;75;75110;2;4;1.0;6.0;48.871794;2.364577;2024-01-08 13:31:00
202400046630.0;5;75;75108;2;7;1.0;3.0;48.86401368;2.30180204;2024-01-08 18:22:00
202400046631.0;5;94;94046;2;2;4.0;2.0;48.80833555;2.45012136;2024-01-08 22:50:00
202400046632.0;1;94;94046;2;1;8.0;3.0;48.80097417;2.43542878;2024-01-08 12:50:00
202400046633.0;5;93;93070;2;1;1.0;7.0;48.91173;2.32817;2024-01-08 18:40:00
202400046634.0;5;93;93048;2;2;4.0;3.0;48.862624;2.441627;2024-01-08 22:10:00
202400046635.0;1;93;93066;2;9;1.0;1.0;48.93302;2.37276;2024-01-08 16:19:00
202400046636.0;5;93;93078;2;1;1.0;6.0;48.957218;2.559358;2024-01-08 05:43:00
202400046637.0;1;92;92046;2;2;8.0;6.0;48.81470641;2.29682878;2024-01-08 10:15:00
202400046638.0;2;92;92046;2;1;8.0;2.0;48.8217736;2.31325977;2024-01-08 08:20:00
202400046639.0;1;92;92020;2;1;1.0;6.0;48.79937529;2.27840155;2024-01-08 16:25:00
202400046640.0;5;92;92048;2;6;1.0;2.0;48.78664337;2.22392857;2024-01-08 07:08:00
202400046641.0;5;92;92044;2;2;1.0;6.0;48.89294495;2.28958011;2024-01-07 19:55:00
202400046642.0;5;92;92036;2;1;2.0;6.0;48.92224782;2.2882542;2024-01-08 18:55:00
202400046643.0;2;24;24196;2;1;1.0;6.0;45.324981;1.16711;2024-01-09 16:45:00
202400046644.0;2;57;57204;1;1;8.0;1.0;49.16583322;6.29818252;2024-01-08 16:35:00
202400046645.0;3;47;47225;1;1;1.0;6.0;44.178173;0.571987;2024-01-09 05:00:00
202400046646.0;1;91;91228;2;1;1.0;6.0;48.62679;2.43145;2024-05-07 13:00:00
202400046647.0;1;75;75112;2;1;8.0;3.0;48.833569;2.408341;2024-03-29 15:10:00
202400046648.0;4;1;1333;2;2;1.0;6.0;45.930126;4.954302;2024-01-09 18:15:00
202400046649.0;1;87;87085;2;2;1.0;3.0;45.82817;1.28218;2024-05-06 16:30:00
202400046650.0;1;75;75117;2;1;1.0;2.0;48.885809;2.288302;2024-03-30 12:19:00
202400046651.0;1;84;84031;2;4;1.0;6.0;44.05513;5.03689;2024-05-07 19:15:00
202400046652.0;1;21;21105;1;1;4.0;4.0;47.308374;5.173093;2024-01-09 14:00:00
202400046653.0;5;972;97217;2;1;1.0;7.0;14.472102;-60.871902;2024-01-08 01:50:00
202400046654.0;1;84;84031;2;3;1.0;6.0;44.04887;5.04504;2024-05-07 09:52:00
202400046655.0;5;75;75118;2;3;1.0;3.0;48.897711;2.337607;2024-03-30 21:10:00
202400046656.0;5;12;12230;1;3;1.0;3.0;44.03764334;2.51923536;2024-01-08 18:10:00
202400046657.0;1;84;84007;2;2;1.0;4.0;43.93368;4.83171;2024-05-07 15:53:00
202400046658.0;5;75;75117;2;3;1.0;3.0;48.891859;2.301736;2024-03-31 21:45:00
202400046659.0;1;83;83137;2;1;1.0;3.0;43.1208;5.94038;2024-05-07 15:45:00
202400046660.0;1;62;62742;2;1;1.0;1.0;50.46191704;1.67603237;2024-01-08 15:30:00
202400046661.0;1;83;83129;2;1;1.0;6.0;43.10976979;5.81296062;2024-05-02 17:30:00
202400046662.0;1;75;75116;2;2;1.0;1.0;48.864128;2.277574;2024-03-31 10:40:00
202400046663.0;1;81;81065;1;1;2.0;6.0;43.59703733;2.21912777;2024-05-07 18:00:00
202400046664.0;1;56;56081;1;1;9.0;6.0;48.046106;-3.621765;2024-01-08 09:00:00
202400046665.0;1;80;80021;2;1;1.0;1.0;49.90727;2.28966;2024-05-06 12:50:00
202400046666.0;1;75;75112;2;1;2.0;3.0;48.83172;2.38463;2024-03-29 16:30:00
202400046667.0;1;78;78208;1;1;1.0;1.0;48.76335;1.96702;2024-05-07 14:50:00
202400046668.0;2;59;59054;2;3;1.0;6.0;50.783776;2.455176;2024-01-08 08:00:00
202400046669.0;1;77;77288;2;9;1.0;6.0;48.533163;2.658911;2024-05-07 17:00:00
202400046670.0;4;47;47159;2;3;1.0;6.0;44.4109;0.220735;2024-01-09 00:45:00
202400046671.0;1;72;72181;2;1;2.0;3.0;48.00424;0.20018;2024-05-06 20:10:00
202400046672.0;5;75;75109;2;3;1.0;6.0;48.875936;2.329712;2024-03-31 06:15:00
202400046673.0;1;22;22135;1;1;1.0;7.0;48.529548;-3.286368;2024-01-08 17:20:00
202400046674.0;1;72;72181;2;8;2.0;3.0;47.97381;0.216;2024-05-06 18:10:00
202400046675.0;1;75;75101;2;3;1.0;6.0;48.862257;2.339197;2024-03-31 14:24:00
202400046676.0;1;38;38049;1;1;1.0;1.0;45.406271;5.13514;2024-01-09 16:30:00
202400046677.0;1;72;72181;2;1;2.0;4.0;47.97885;0.20517;2024-05-06 14:00:00
202400046678.0;3;2;2407;1;1;1.0;6.0;49.550155;3.553423;2024-01-09 17:20:00
202400046679.0;1;69;69092;2;1;1.0;1.0;46.00288;4.70751;2024-05-07 08:05:00
202400046680.0;1;75;75101;2;7;8.0;6.0;48.862748;2.335283;2024-03-30 16:50:00
202400046681.0;1;3;3080;2;1;4.0;1.0;46.10931;3.315731;2024-01-08 08:35:00
202400046682.0;1;69;69264;2;9;1.0;3.0;45.99476;4.72561;2024-02-19 15:00:00
202400046683.0;1;94;94044;2;3;1.0;2.0;48.74365763;2.5040007;2024-03-30 15:30:00
202400046684.0;1;67;67482;2;1;1.0;6.0;48.5839;7.70878;2024-05-06 20:30:00
202400046685.0;2;72;72112;1;2;8.0;3.0;48.242792;0.254445;2024-01-09 07:55:00
202400046686.0;1;60;60319;1;1;1.0;7.0;49.35279576;1.97831598;2024-01-09 15:30:00
202400046687.0;1;65;65440;2;1;2.0;3.0;43.24389;0.06466;2024-05-07 08:15:00
202400046688.0;1;94;94068;2;2;1.0;6.0;48.79342077;2.49748233;2024-03-30 11:25:00
202400046689.0;1;64;64102;2;6;1.0;7.0;43.49894;-1.48144;2024-05-07 17:25:00
202400046690.0;1;7;7010;1;1;4.0;1.0;45.260659;4.6683017;2024-01-09 16:05:00
202400046691.0;1;94;94079;2;3;1.0;6.0;48.831456;2.534427;2024-03-31 16:30:00
202400046692.0;1;62;62765;2;7;1.0;6.0;50.75180298;2.2518049;2024-05-06 15:20:00
202400046693.0;1;62;62400;2;1;1.0;6.0;50.48041542;2.58825338;2024-05-02 15:30:00
202400046694.0;3;85;85234;1;1;1.0;1.0;46.796479;-2.018863;2024-01-08 21:20:00
202400046695.0;2;27;27486;1;1;4.0;3.0;49.116306;0.981528;2024-01-09 08:00:00
202400046696.0;1;59;59512;2;2;1.0;3.0;50.69708;3.16572;2024-05-06 15:30:00
202400046697.0;1;93;93073;2;2;8.0;3.0;48.96219;2.56717;2024-03-31 20:10:00
202400046698.0;1;1;1451;1;1;1.0;2.0;46.262931;5.186491;2024-01-08 15:30:00
202400046699.0;2;59;59350;2;1;1.0;6.0;50.65069;2.98933;2024-05-07 21:10:00
202400046700.0;1;59;59527;2;1;1.0;3.0;50.65478;3.04651;2024-05-07 19:00:00
202400046701.0;1;1;1099;1;1;2.0;3.0;45.917285;5.256124;2024-01-05 12:00:00
202400046702.0;3;59;59350;1;1;1.0;7.0;50.6351;3.08121;2024-05-06 22:15:00
202400046703.0;5;93;93008;2;3;1.0;4.0;48.910476;2.446662;2024-03-30 20:50:00
202400046704.0;2;58;58194;2;1;1.0;6.0;46.9774;3.13554;2024-05-05 06:10:00
202400046705.0;1;93;93008;2;1;1.0;6.0;48.913189;2.435971;2024-03-30 18:25:00
202400046706.0;5;69;69027;2;3;2.0;6.0;45.67181968;4.75344047;2024-01-08 17:50:00
202400046707.0;1;56;56260;1;1;1.0;2.0;47.668755;-2.770101;2024-05-07 17:55:00
202400046708.0;5;93;93005;2;1;2.0;1.0;48.931833;2.490256;2024-03-31 03:30:00
202400046709.0;3;28;28276;1;1;1.0;2.0;48.288053;1.86027;2024-01-08 18:30:00
202400046710.0;1;54;54395;2;3;1.0;3.0;48.69209;6.14801;2024-05-07 16:50:00
202400046711.0;5;92;92044;2;9;1.0;6.0;48.89154692;2.29594606;2024-03-16 02:55:00
202400046712.0;1;976;97614;1;1;3.0;1.0;-12.827514;45.135205;2024-01-09 11:55:00
202400046713.0;1;51;51454;2;1;1.0;6.0;49.25188;4.06105;2024-05-07 17:50:00
202400046714.0;1;973;97305;1;1;1.0;3.0;5.066322;-52.537651;2024-01-05 07:30:00
202400046715.0;4;92;92036;2;3;1.0;2.0;48.93247241;2.28243917;2024-03-30 21:00:00
202400046716.0;1;51;51454;2;1;1.0;7.0;49.23497;4.01435;2024-05-07 16:10:00
202400046717.0;1;86;86228;1;1;1.0;6.0;46.383661;0.532511;2024-03-31 19:30:00
202400046718.0;1;971;97122;1;1;1.0;3.0;16.446906;-61.515454;2024-01-09 11:30:00
202400046719.0;1;51;51172;2;1;1.0;6.0;49.21487;4.05196;2024-05-07 11:15:00
202400046720.0;4;971;97126;2;1;1.0;6.0;15.962056;-61.318222;2024-01-07 18:00:00