Num_Acc;lum;departement;commune;agglomeration;intersection;meteo;type_collision;lat;long;date
202400046721.0;2;86;86092;1;1;1.0;6.0;46.944234;0.570168;2024-03-31 20:20:00
202400046722.0;1;49;49328;1;1;1.0;3.0;47.24666;-0.07589;2024-05-07 15:58:00
202400046723.0;1;26;26072;1;1;4.0;2.0;45.121249;4.895879;2024-01-08 14:15:00
202400046724.0;1;41;41167;1;1;1.0;6.0;47.485802;1.190257;2024-03-30 16:20:00
202400046725.0;1;47;47323;2;2;1.0;3.0;44.42174363;0.71280241;2024-05-05 09:10:00
202400046726.0;3;63;63254;1;4;1.0;6.0;45.805146;3.050366;2024-01-05 19:35:00
202400046727.0;2;1;1357;1;1;1.0;7.0;46.176958;5.73664;2024-03-29 19:10:00
202400046728.0;3;60;60671;1;1;9.0;7.0;49.155219;2.765674;2024-01-09 19:40:00
202400046729.0;1;65;65045;1;1;1.0;7.0;42.980022;-0.203134;2024-03-31 12:20:00
202400046730.0;1;37;37261;2;8;1.0;3.0;47.42302;0.7071;2024-05-07 17:25:00
202400046731.0;5;83;83137;1;1;1.0;2.0;43.12461178;5.9673203;2024-01-08 18:18:00
202400046732.0;1;49;49248;2;1;1.0;3.0;47.70302278;-1.03087703;2024-03-31 10:15:00
202400046733.0;1;34;34172;2;1;1.0;6.0;43.6132;3.87235;2024-05-07 18:15:00
202400046734.0;1;34;34172;2;1;1.0;3.0;43.62306;3.83247;2024-05-07 13:10:00
202400046735.0;1;34;34172;2;2;1.0;3.0;43.61453;3.83563;2024-05-07 11:13:00
202400046736.0;3;33;33122;1;1;1.0;4.0;44.724713;-0.733172;2024-01-08 07:35:00
202400046737.0;3;29;29260;2;1;2.0;6.0;48.42634288;-4.60363682;2024-03-30 01:30:00
202400046738.0;1;34;34172;2;1;2.0;4.0;43.59474;3.86128;2024-05-06 16:00:00
202400046739.0;3;62;62771;1;1;1.0;5.0;50.42962849;2.8447731;2024-01-07 18:11:00
202400046740.0;1;91;91692;1;1;4.0;7.0;48.689038;2.191249;2024-01-08 13:35:00
202400046741.0;1;33;33529;2;1;2.0;2.0;44.63929;-1.15445;2024-05-07 10:40:00
202400046742.0;1;38;38500;1;1;1.0;1.0;45.180952;5.380769;2024-03-31 18:20:00
202400046743.0;3;78;78640;1;1;2.0;2.0;48.778062;2.213337;2024-01-06 19:40:00
202400046744.0;1;29;29019;2;3;1.0;3.0;48.382688;-4.505734;2024-05-07 19:55:00
202400046745.0;1;84;84051;2;3;1.0;6.0;43.863195;5.243416;2024-04-01 11:50:00
202400046746.0;3;95;95306;1;1;1.0;2.0;49.00334779;2.16911306;2024-01-08 18:34:00
202400046747.0;3;93;93066;1;1;1.0;2.0;48.9310774;2.36767071;2024-01-08 02:35:00
202400046748.0;3;72;72078;2;1;1.0;1.0;48.284849;0.174183;2024-03-31 23:45:00
202400046749.0;3;94;94018;1;1;1.0;2.0;48.81928867;2.40555525;2024-01-08 18:05:00
202400046750.0;3;72;72316;1;9;1.0;6.0;48.310783;0.398716;2024-03-31 23:24:00
202400046751.0;1;25;25462;2;1;2.0;6.0;46.900152;6.338334;2024-05-07 16:30:00
202400046752.0;1;974;97416;1;1;1.0;1.0;-21.34869;55.50199;2024-01-07 15:15:00
202400046753.0;5;22;22187;2;1;1.0;6.0;48.5338;-2.75952;2024-05-05 05:30:00
202400046754.0;1;6;6059;1;1;1.0;1.0;43.727987;7.381761;2024-04-01 10:30:00
202400046755.0;1;19;19031;1;1;2.0;6.0;45.13295022;1.5524762;2024-05-07 15:01:00
202400046756.0;1;974;97416;1;1;1.0;2.0;-21.30251;55.426;2024-01-06 17:10:00
202400046757.0;1;90;90027;1;1;1.0;7.0;47.5003;7.083982;2024-03-29 12:50:00
202400046758.0;5;15;15014;2;1;3.0;6.0;44.934658;2.439961;2024-05-05 21:50:00
202400046759.0;5;974;97411;2;2;1.0;7.0;-20.87368;55.45253;2024-01-07 18:30:00
202400046760.0;1;90;90012;1;1;1.0;7.0;47.651975;6.95087;2024-03-31 13:15:00
202400046761.0;1;13;13117;2;2;1.0;3.0;43.42323;5.24107;2024-05-07 13:25:00
202400046762.0;2;973;97302;2;1;1.0;1.0;4.91303931;-52.32085615;2024-01-07 06:50:00
202400046763.0;3;64;64316;1;1;1.0;7.0;43.017388;-0.9477;2024-04-01 01:00:00
202400046764.0;1;973;97302;1;6;1.0;3.0;4.921;-52.33042;2024-01-06 12:25:00
202400046765.0;1;13;13103;1;1;1.0;3.0;43.6601;5.09651;2024-05-07 10:25:00
202400046766.0;5;69;69386;2;2;1.0;3.0;45.76853;4.85054;2024-01-07 21:55:00
202400046767.0;1;13;13212;2;1;1.0;3.0;43.30057501;5.43089224;2024-05-07 17:50:00
202400046768.0;1;69;69388;2;1;1.0;3.0;45.74353623;4.86486539;2024-01-07 15:25:00
202400046769.0;1;16;16395;1;1;1.0;1.0;45.7293982;-0.1047617;2024-04-01 15:30:00
202400046770.0;1;11;11262;2;1;1.0;6.0;43.182027;2.988902;2024-05-06 14:15:00
202400046771.0;2;69;69388;2;1;1.0;3.0;45.73861;4.86627;2024-01-07 16:50:00
202400046772.0;1;8;8105;2;1;1.0;6.0;49.74401;4.72219;2024-05-07 10:34:00
202400046773.0;3;85;85187;1;1;1.0;2.0;46.7064351;-0.824362;2024-03-31 21:20:00
202400046774.0;1;972;97213;1;1;1.0;6.0;14.62448;-61.00667;2024-01-07 15:55:00
202400046775.0;1;6;6123;2;1;1.0;3.0;43.69145;7.18546;2024-05-07 14:15:00
202400046776.0;1;38;38193;2;9;8.0;6.0;45.62312236;5.22584304;2024-03-30 16:10:00
202400046777.0;3;972;97213;1;1;1.0;2.0;14.61798;-61.01938;2024-01-07 03:20:00
202400046778.0;1;34;34153;2;1;1.0;7.0;43.723901;3.812991;2024-04-01 12:48:00
202400046779.0;3;6;6004;1;1;6.0;2.0;43.60524;7.12553;2024-05-07 22:17:00
202400046780.0;1;2B;2B033;2;6;2.0;6.0;42.67109;9.44289;2024-01-07 15:25:00
202400046781.0;1;4;4112;2;1;1.0;3.0;43.82449;5.78089;2024-05-07 14:20:00
202400046782.0;1;976;97602;2;1;1.0;2.0;-12.707204;45.122867;2024-03-31 12:15:00
202400046783.0;2;971;97101;1;1;1.0;7.0;16.25783;-61.53227;2024-01-06 05:30:00
202400046784.0;1;75;75120;2;1;1.0;3.0;48.847428;2.41456;2024-05-07 14:10:00
202400046785.0;1;75;75120;2;1;1.0;3.0;48.85993;2.413982;2024-05-07 09:40:00
202400046786.0;3;91;91339;1;1;2.0;4.0;48.6205;2.25915;2024-01-07 20:54:00
202400046787.0;1;75;75118;2;1;1.0;3.0;48.900909;2.337168;2024-05-07 07:40:00
202400046788.0;1;90;90099;2;9;1.0;3.0;47.67862;6.84978;2024-01-05 16:10:00
202400046789.0;3;971;97114;1;1;1.0;4.0;16.131087;-61.579914;2024-03-31 00:36:00
202400046790.0;1;75;75120;2;1;1.0;3.0;48.859012;2.41433;2024-05-06 18:10:00
202400046791.0;1;75;75106;2;1;1.0;3.0;48.849633;2.329333;2024-05-07 10:15:00
202400046792.0;3;77;77114;1;1;1.0;2.0;48.7403;2.69451;2024-01-07 00:25:00
202400046793.0;5;76;76157;2;4;1.0;6.0;49.45754;1.04421;2024-01-07 20:10:00
202400046794.0;1;75;75120;2;3;1.0;5.0;48.853959;2.40573;2024-05-07 18:20:00
202400046795.0;1;972;97224;1;1;1.0;2.0;14.668719;-61.020888;2024-03-31 14:52:00
202400046796.0;1;75;75117;2;1;1.0;6.0;48.878544;2.285026;2024-05-07 17:40:00
202400046797.0;5;76;76540;2;2;2.0;3.0;49.42916;1.09192;2024-01-07 06:45:00
202400046798.0;1;75;75115;2;3;1.0;2.0;48.840795;2.288529;2024-05-07 18:15:00
202400046799.0;1;70;70207;2;4;1.0;3.0;47.59879;6.1406;2024-01-06 09:35:00
202400046800.0;1;28;28247;1;1;1.0;2.0;48.886759;1.518366;2024-03-28 09:00:00
202400046801.0;1;75;75114;2;3;1.0;3.0;48.83471;2.33126;2024-05-06 14:45:00
202400046802.0;5;69;69290;2;2;2.0;3.0;45.71692;4.92812;2024-01-07 19:15:00
202400046803.0;1;2A;2A041;1;1;1.0;1.0;41.39090705;9.22014332;2024-04-01 14:20:00
202400046804.0;3;59;59359;1;1;8.0;7.0;51.000446;2.226476;2024-01-07 17:25:00
202400046805.0;1;75;75111;2;2;1.0;3.0;48.85033;2.39856;2024-05-07 16:45:00
202400046806.0;1;75;75109;2;3;1.0;6.0;48.884114;2.330815;2024-05-07 11:30:00
202400046807.0;1;53;53130;2;1;1.0;1.0;48.07025;-0.78074;2024-01-07 12:30:00
202400046808.0;1;65;65123;1;1;1.0;5.0;43.022047;0.172927;2024-04-01 17:50:00
202400046809.0;2;33;33384;1;1;8.0;6.0;44.906788;-0.129551;2024-03-30 05:30:00
202400046810.0;5;49;49007;2;1;1.0;6.0;47.47395;-0.54583;2024-01-07 22:00:00
202400046811.0;1;75;75103;2;2;1.0;6.0;48.85994;2.360754;2024-05-07 15:27:00
202400046812.0;1;75;75102;2;2;1.0;6.0;48.867053;2.352927;2024-05-06 16:10:00
202400046813.0;1;45;45234;2;2;1.0;3.0;47.88553848;1.89715764;2024-01-07 16:15:00
202400046814.0;1;22;22176;1;1;1.0;4.0;48.456893;-2.754253;2024-03-14 10:55:00
202400046815.0;5;44;44184;2;4;1.0;1.0;47.29939;-2.192;2024-01-07 18:00:00
202400046816.0;1;59;59221;1;6;1.0;7.0;50.314072;3.513426;2024-03-30 17:15:00
202400046817.0;1;75;75103;2;2;1.0;1.0;48.864806;2.355446;2024-05-06 12:40:00
202400046818.0;1;38;38185;2;1;2.0;3.0;45.18765;5.74539;2024-01-07 13:40:00
202400046819.0;1;94;94068;2;3;1.0;3.0;48.81191;2.48725;2024-05-06 09:48:00
202400046820.0;5;38;38185;2;1;2.0;1.0;45.18743;5.70584;2024-01-07 00:20:00
202400046821.0;1;94;94042;2;3;1.0;3.0;48.81524;2.467869;2024-05-07 09:35:00
202400046822.0;5;30;30007;2;1;1.0;7.0;44.12133;4.08437;2024-01-05 19:15:00
202400046823.0;1;94;94058;2;1;1.0;1.0;48.84008;2.51232;2024-05-06 09:00:00
202400046824.0;1;30;30007;2;1;1.0;3.0;44.12699;4.07778;2024-01-06 15:30:00
202400046825.0;1;13;13215;1;1;8.0;2.0;43.38181453;5.3519974;2024-03-31 17:10:00
202400046826.0;3;26;26198;1;1;1.0;2.0;44.56481;4.7697;2024-01-07 06:50:00
202400046827.0;1;94;94076;2;1;1.0;3.0;48.789682;2.366892;2024-05-07 10:20:00
202400046828.0;5;25;25056;2;1;1.0;6.0;47.21765;5.96609;2024-01-07 19:00:00
202400046829.0;5;13;13210;1;1;2.0;2.0;43.28201716;5.39392667;2024-03-31 03:47:00
202400046830.0;3;17;17306;2;1;1.0;6.0;45.64058;-1.04519;2024-01-07 05:07:00
202400046831.0;2;94;94016;2;1;1.0;6.0;48.78907311;2.3431436;2024-05-06 06:15:00
202400046832.0;1;15;15014;2;2;8.0;3.0;44.92808;2.44464;2024-01-05 16:25:00
202400046833.0;1;13;13211;1;1;1.0;2.0;43.294659;5.46429924;2024-03-30 14:00:00
202400046834.0;1;94;94069;2;1;1.0;6.0;48.81602;2.45922;2024-05-07 19:10:00
202400046835.0;4;13;13019;2;9;1.0;7.0;43.42516925;5.38269447;2024-01-07 19:00:00
202400046836.0;1;94;94017;2;1;1.0;6.0;48.8126591;2.54567733;2024-05-03 18:20:00
202400046837.0;1;91;91037;1;1;1.0;2.0;48.53635;2.4999;2024-03-31 17:30:00
202400046838.0;5;13;13208;2;9;1.0;6.0;43.26969;5.3865;2024-01-07 18:44:00
202400046839.0;1;93;93073;2;2;1.0;3.0;48.94954;2.56526;2024-05-07 18:50:00
202400046840.0;5;13;13207;2;1;6.0;6.0;43.27528;5.36011;2024-01-07 06:50:00
202400046841.0;1;93;93066;2;3;1.0;3.0;48.94065;2.35656;2024-05-07 17:45:00
202400046842.0;2;93;93005;1;1;1.0;5.0;48.93125801;2.48097635;2024-03-30 18:30:00
202400046843.0;5;13;13005;2;1;1.0;1.0;43.3088;5.59282;2024-01-07 00:20:00
202400046844.0;5;75;75120;2;3;2.0;6.0;48.85374;2.40595;2024-01-07 19:15:00
202400046845.0;2;93;93066;2;3;1.0;6.0;48.92358;2.34829;2024-05-07 07:30:00
202400046846.0;1;93;93053;1;1;1.0;2.0;48.8837557;2.45953658;2024-03-30 18:40:00
202400046847.0;2;75;75116;2;4;1.0;6.0;48.838324;2.265831;2024-01-07 09:30:00
202400046848.0;1;93;93049;2;2;1.0;6.0;48.869467;2.500984;2024-05-07 17:30:00
202400046849.0;1;95;95572;1;1;1.0;6.0;49.03385066;2.10413892;2024-03-31 08:15:00
202400046850.0;5;75;75116;2;2;1.0;6.0;48.866323;2.297067;2024-01-07 04:35:00
202400046851.0;2;93;93055;2;1;1.0;3.0;48.89367943;2.41565019;2024-05-07 20:20:00
202400046852.0;1;93;93064;1;1;1.0;3.0;48.87585497;2.47847672;2024-03-30 16:00:00
202400046853.0;5;75;75116;2;7;2.0;2.0;48.86312084;2.28647867;2024-01-07 00:05:00
202400046854.0;1;93;93027;1;1;2.0;6.0;48.92645164;2.40208447;2024-03-30 11:00:00
202400046855.0;5;93;93053;2;1;1.0;6.0;48.890266;2.452417;2024-05-07 02:05:00
202400046856.0;2;75;75116;2;1;1.0;6.0;48.85624227;2.28716791;2024-01-07 16:59:00
202400046857.0;1;94;94073;1;1;1.0;4.0;48.75381944;2.37056959;2024-03-31 17:38:00
202400046858.0;5;75;75114;2;3;2.0;7.0;48.832328;2.324997;2024-01-06 18:45:00
202400046859.0;1;93;93046;2;1;1.0;2.0;48.91279912;2.51631439;2024-05-07 13:12:00
202400046860.0;1;94;94017;1;1;2.0;4.0;48.82844169;2.50273164;2024-03-30 10:20:00
202400046861.0;5;75;75109;2;4;1.0;6.0;48.87584;2.347903;2024-01-07 01:30:00
202400046862.0;1;974;97416;1;1;1.0;7.0;-21.32424;55.44725;2024-03-30 15:45:00
202400046863.0;1;92;92078;2;3;1.0;3.0;48.92969478;2.32633799;2024-05-06 19:40:00
202400046864.0;5;75;75103;2;7;1.0;6.0;48.86682725;2.36427855;2024-01-07 02:05:00
202400046865.0;5;75;75101;2;1;1.0;6.0;48.860258;2.346479;2024-01-06 21:50:00
202400046866.0;2;974;97411;2;1;1.0;1.0;-20.93439;55.4923;2024-03-29 17:30:00
202400046867.0;1;92;92072;2;1;1.0;2.0;48.82462425;2.22855377;2024-05-04 20:45:00
202400046868.0;5;69;69387;2;2;2.0;1.0;45.74245;4.84013;2024-03-30 19:50:00
202400046869.0;5;94;94058;2;2;8.0;3.0;48.83531;2.49863;2024-01-07 01:30:00
202400046870.0;1;92;92051;2;1;1.0;4.0;48.88084552;2.25166473;2024-05-07 17:55:00
202400046871.0;3;972;97209;2;1;1.0;1.0;14.611;-61.06521;2024-03-30 05:05:00
202400046872.0;5;94;94018;2;1;1.0;3.0;48.81842;2.41141;2024-01-07 06:40:00
202400046873.0;1;92;92048;2;1;1.0;6.0;48.81666835;2.24760765;2024-05-07 14:30:00
202400046874.0;1;971;97113;1;1;1.0;7.0;16.23312;-61.4414;2024-03-30 09:30:00
202400046875.0;1;93;93078;2;6;1.0;2.0;48.96068461;2.55535126;2024-01-07 15:00:00
202400046876.0;5;92;92040;2;1;1.0;6.0;48.82010811;2.26122057;2024-05-07 21:40:00
202400046877.0;5;92;92062;2;1;1.0;3.0;48.88781;2.24035;2024-01-07 17:10:00
202400046878.0;1;91;91021;2;1;1.0;1.0;48.59439;2.2465;2024-03-30 13:10:00
202400046879.0;1;92;92036;2;2;1.0;3.0;48.93315392;2.29414022;2024-05-07 07:00:00
202400046880.0;1;91;91457;2;9;1.0;3.0;48.578;2.257;2024-03-30 14:00:00
202400046881.0;5;92;92048;2;2;2.0;2.0;48.82007503;2.2401529;2024-01-06 23:36:00
202400046882.0;1;92;92026;2;1;1.0;6.0;48.89777362;2.26303822;2024-05-07 17:16:00
202400046883.0;1;91;91064;2;1;8.0;2.0;48.769457;2.229208;2024-03-30 12:00:00
202400046884.0;5;92;92009;2;2;1.0;1.0;48.90682504;2.26145737;2024-01-07 19:00:00
202400046885.0;1;92;92025;2;3;1.0;6.0;48.92129698;2.24058732;2024-05-07 07:15:00
202400046886.0;1;91;91692;1;1;2.0;2.0;48.6935;2.16664;2024-03-30 11:00:00
202400046887.0;2;35;35236;2;1;1.0;6.0;47.658891;-2.078691;2024-01-06 08:25:00
202400046888.0;1;92;92024;2;9;1.0;2.0;48.90482;2.31293;2024-05-07 16:30:00
202400046889.0;1;84;84044;1;1;1.0;6.0;44.221269;5.13745;2024-01-06 09:00:00
202400046890.0;1;89;89387;2;9;2.0;3.0;48.20102;3.28706;2024-03-29 14:00:00
202400046891.0;1;86;86066;2;1;7.0;6.0;46.83813;0.54805;2024-03-30 19:05:00
202400046892.0;1;92;92012;2;1;1.0;6.0;48.84081659;2.22740757;2024-05-07 08:25:00
202400046893.0;3;83;83049;1;1;6.0;6.0;43.23788476;6.08417903;2024-01-06 17:30:00
202400046894.0;1;83;83126;2;1;1.0;6.0;43.10317117;5.8805142;2024-03-12 08:37:00
202400046895.0;1;54;54184;1;1;8.0;7.0;48.71905284;6.22681126;2024-05-07 18:29:00
202400046896.0;1;62;62156;2;4;1.0;6.0;50.889803;1.775853;2024-02-20 08:40:00
202400046897.0;1;59;59189;2;2;1.0;6.0;50.778788;2.595252;2024-01-07 15:00:00
202400046898.0;1;81;81163;2;3;1.0;1.0;43.50634;2.37869;2024-03-30 14:25:00
202400046899.0;1;41;41171;1;1;5.0;6.0;47.840699;1.272311;2024-02-20 08:45:00
202400046900.0;3;33;33014;2;1;1.0;6.0;44.980443;-0.117037;2024-05-08 00:30:00
202400046901.0;2;76;76695;1;2;1.0;3.0;49.660704;0.512034;2024-01-05 17:05:00
202400046902.0;1;30;30174;1;1;1.0;2.0;44.033616;4.365928;2024-02-19 11:40:00
202400046903.0;1;77;77284;2;1;1.0;6.0;48.954669;2.893829;2024-03-30 15:05:00
202400046904.0;1;63;63457;1;1;4.0;1.0;45.63686135;3.22798531;2024-01-08 15:30:00
202400046905.0;1;18;18020;1;2;1.0;3.0;47.395183;2.855716;2024-05-07 07:55:00
202400046906.0;1;62;62473;2;3;2.0;3.0;50.614168;2.466463;2024-02-19 09:44:00
202400046907.0;1;77;77372;2;1;3.0;6.0;48.88143;2.69105;2024-03-29 17:10:00
202400046908.0;3;25;25410;1;1;2.0;6.0;47.222548;6.061792;2024-01-07 03:00:00
202400046909.0;1;56;56013;2;1;1.0;6.0;47.677485;-3.195418;2024-02-19 17:20:00
202400046910.0;1;50;50291;1;1;1.0;4.0;48.904942;-1.107656;2024-05-08 11:15:00
202400046911.0;1;69;69266;2;5;3.0;5.0;45.75397;4.91359;2024-03-30 17:25:00
202400046912.0;5;35;35068;2;1;1.0;6.0;48.109904;-1.398565;2024-01-07 19:55:00
202400046913.0;1;56;56240;2;2;1.0;1.0;47.536761;-2.74169;2024-01-30 08:30:00
202400046914.0;1;63;63110;1;1;3.0;6.0;45.79199158;2.76033008;2024-05-07 12:45:00
202400046915.0;1;69;69256;2;1;3.0;3.0;45.78223201;4.91952001;2024-03-30 11:35:00
202400046916.0;1;3;3319;1;1;4.0;6.0;46.318155;3.124473;2024-01-07 13:00:00
202400046917.0;1;4;4033;1;1;1.0;2.0;44.435864;6.252508;2024-05-08 15:25:00
202400046918.0;3;58;58241;1;1;2.0;7.0;46.772967;3.432755;2024-01-06 18:00:00
202400046919.0;1;65;65223;1;1;1.0;3.0;43.195278;0.080981;2024-02-20 16:40:00
202400046920.0;1;69;69290;2;3;3.0;5.0;45.72216;4.93469;2024-03-30 12:30:00
202400046921.0;1;71;71038;2;1;1.0;7.0;46.748615;4.392171;2024-02-19 16:30:00
202400046922.0;1;56;56240;2;1;1.0;6.0;47.505854;-2.683906;2024-05-06 16:30:00
202400046923.0;3;66;66003;2;1;1.0;7.0;42.477767;2.673787;2024-01-08 01:40:00
202400046924.0;1;35;35331;1;1;2.0;6.0;48.08754;-1.914475;2024-02-19 16:20:00
202400046925.0;1;76;76458;1;1;1.0;6.0;49.75905111;1.18081141;2024-05-07 17:40:00
202400046926.0;1;67;67218;2;1;8.0;3.0;48.54487;7.73903;2024-03-30 10:30:00
202400046927.0;1;64;64499;1;1;8.0;2.0;43.458153;-0.917501;2024-01-07 15:10:00
202400046928.0;1;64;64249;2;1;1.0;2.0;43.42461;-1.60461;2024-03-30 12:55:00
202400046929.0;2;29;29236;2;1;8.0;3.0;47.8461251;-3.69643785;2024-02-20 07:45:00
202400046930.0;1;2B;2B050;2;6;1.0;6.0;42.560912;8.755814;2024-05-06 08:30:00
202400046931.0;1;7;7317;1;1;1.0;7.0;45.217255;4.761275;2024-01-03 16:40:00
202400046932.0;1;64;64348;1;1;3.0;2.0;43.32612;-0.38711;2024-03-29 16:50:00
202400046933.0;2;32;32054;1;1;3.0;6.0;43.716279;0.421643;2024-05-07 20:10:00
202400046934.0;1;58;58063;1;1;8.0;3.0;47.082298;3.92865;2024-02-19 16:30:00
202400046935.0;1;40;40089;1;1;1.0;7.0;43.686227;-0.632293;2024-01-06 09:15:00
202400046936.0;1;59;59043;2;1;3.0;6.0;50.734849;2.726619;2024-03-30 12:15:00
202400046937.0;2;40;40231;1;1;5.0;6.0;43.56225633;-1.20401978;2024-01-08 08:15:00
202400046938.0;1;12;12148;2;1;1.0;6.0;44.470015;2.225445;2024-05-08 13:50:00
202400046939.0;1;66;66024;2;1;1.0;3.0;42.52495;2.832896;2024-02-18 15:20:00
202400046940.0;1;12;12270;2;1;1.0;6.0;44.319964;3.074749;2024-05-08 15:15:00
202400046941.0;1;88;88309;1;1;8.0;1.0;48.18683269;6.03292702;2024-01-08 13:48:00
202400046942.0;3;72;72021;1;1;8.0;7.0;47.868607;-0.173002;2024-02-18 18:45:00
202400046943.0;2;54;54547;2;1;2.0;4.0;48.67005;6.19251;2024-03-30 18:53:00
202400046944.0;1;42;42289;1;1;1.0;7.0;45.92364;4.201208;2024-05-07 15:45:00
202400046945.0;1;14;14578;1;1;1.0;7.0;49.330726;0.239355;2024-02-20 15:49:00
202400046946.0;5;6;6004;1;1;9.0;3.0;43.60451907;7.06799842;2024-01-08 17:50:00
202400046947.0;1;54;54323;2;3;1.0;3.0;49.516139;5.777632;2024-03-30 11:00:00
202400046948.0;2;47;47077;1;1;8.0;7.0;44.529923;0.948043;2024-05-07 20:50:00
202400046949.0;2;50;50371;1;1;1.0;6.0;48.661787;-0.944427;2024-02-20 08:00:00
202400046950.0;1;51;51454;2;9;1.0;3.0;49.234947;4.025843;2024-03-30 16:30:00
202400046951.0;1;13;13011;1;1;6.0;1.0;43.732716;4.800588;2024-01-07 11:48:00
202400046952.0;3;29;29218;1;1;1.0;7.0;48.04121426;-4.49684035;2024-05-08 01:00:00
202400046953.0;3;51;51058;2;1;2.0;6.0;49.2163;3.99146;2024-03-30 04:40:00
202400046954.0;3;9;9104;1;1;1.0;3.0;43.03901729;1.63578004;2024-02-16 18:05:00
202400046955.0;1;50;50218;2;1;1.0;3.0;48.83971;-1.56597;2024-03-29 11:45:00
202400046956.0;1;24;24026;1;3;1.0;7.0;45.210101;0.897824;2024-02-20 08:30:00
202400046957.0;1;66;66015;1;6;1.0;7.0;42.572772;2.850866;2024-03-05 08:30:00
202400046958.0;3;45;45154;1;1;1.0;2.0;48.016396;1.843772;2024-01-06 06:20:00
202400046959.0;1;46;46191;1;1;2.0;5.0;44.49304255;1.4037628;2024-03-26 16:23:00
202400046960.0;1;17;17203;1;1;8.0;7.0;46.071355;-0.837235;2024-02-19 17:20:00
202400046961.0;2;72;72067;1;1;1.0;6.0;48.11082363;0.46809888;2024-05-07 21:00:00
202400046962.0;1;988;98824;1;1;2.0;7.0;-20.34548;164.54832;2024-01-08 15:00:00
202400046963.0;5;42;42218;2;2;1.0;1.0;45.45434;4.41194;2024-03-29 19:50:00
202400046964.0;3;1;1235;1;2;2.0;1.0;46.036614;5.065856;2024-02-20 05:30:00
202400046965.0;3;977;97701;1;1;1.0;6.0;17.90318;-62.832066;2024-01-08 03:45:00
202400046966.0;3;50;50151;1;1;1.0;6.0;49.184798;-1.521299;2024-05-08 01:50:00
202400046967.0;1;35;35238;1;1;1.0;2.0;48.10569;-1.7168;2024-03-30 11:50:00
202400046968.0;1;30;30344;2;1;1.0;1.0;43.745141;4.227231;2024-02-19 18:20:00
202400046969.0;5;35;35238;2;1;1.0;6.0;48.09722;-1.654;2024-03-30 03:30:00
202400046970.0;1;83;83082;1;1;1.0;7.0;43.63297932;6.48732601;2024-05-07 12:50:00
202400046971.0;1;45;45126;1;1;1.0;2.0;47.905562;2.072006;2024-01-05 13:55:00
202400046972.0;1;34;34301;2;3;1.0;3.0;43.41381;3.68297;2024-03-30 10:50:00
202400046973.0;1;45;45245;2;1;1.0;6.0;47.671602;2.814768;2024-05-08 16:00:00
202400046974.0;1;84;84003;2;1;1.0;6.0;43.883643;5.380114;2024-01-08 12:10:00
202400046975.0;1;33;33029;1;1;1.0;2.0;44.689556;-0.773013;2024-02-13 16:35:00
202400046976.0;5;34;34301;2;1;1.0;3.0;43.3941;3.6671;2024-03-29 22:30:00
202400046977.0;3;63;63204;1;1;2.0;6.0;45.7999487;3.20380294;2024-01-07 19:30:00
202400046978.0;1;7;7349;2;1;2.0;6.0;44.809767;4.783913;2024-05-07 19:20:00
202400046979.0;3;60;60369;1;9;1.0;2.0;49.32024551;2.68725157;2024-02-20 04:30:00
202400046980.0;1;34;34172;2;2;1.0;3.0;43.59737;3.86418;2024-03-29 14:30:00
202400046981.0;1;44;44020;2;1;1.0;3.0;47.162129;-1.586003;2024-02-19 16:37:00
202400046982.0;1;60;60282;1;1;1.0;5.0;49.188215;2.425827;2024-01-08 07:45:00
202400046983.0;1;33;33063;2;2;1.0;2.0;44.83247448;-0.57732875;2024-03-30 10:30:00
202400046984.0;1;53;53228;1;3;2.0;3.0;48.03757365;-0.39092496;2024-05-04 13:10:00
202400046985.0;3;45;45316;1;1;1.0;1.0;47.923518;2.32614;2024-02-19 18:30:00
202400046986.0;3;80;80442;1;1;2.0;2.0;49.741178;3.022699;2024-01-04 19:15:00
202400046987.0;1;6;6070;1;1;1.0;6.0;43.793266;6.951199;2024-02-20 11:30:00
202400046988.0;1;40;40322;1;1;1.0;1.0;44.035404;-1.19707;2024-05-08 12:15:00
202400046989.0;1;33;33529;2;3;1.0;3.0;44.63329502;-1.16391729;2024-03-30 18:30:00
202400046990.0;1;4;4197;1;3;1.0;3.0;43.7774;5.768026;2024-02-19 15:10:00
202400046991.0;5;31;31555;2;1;1.0;7.0;43.65987233;1.42216891;2024-03-30 04:30:00
202400046992.0;1;24;24356;1;1;1.0;6.0;45.061999;0.945076;2024-05-08 17:55:00
202400046993.0;3;13;13215;1;1;1.0;2.0;43.35901;5.36228;2024-01-06 04:40:00
202400046994.0;1;31;31555;1;1;8.0;6.0;43.58989;1.3998;2024-03-30 07:15:00
202400046995.0;1;13;13027;1;2;1.0;1.0;43.887795;4.827236;2024-02-20 15:40:00
202400046996.0;3;94;94038;1;1;2.0;6.0;48.78924029;2.34399216;2024-01-07 21:00:00
202400046997.0;1;17;17483;1;9;1.0;2.0;46.040355;-1.046908;2024-05-01 10:30:00
202400046998.0;1;88;88251;1;1;8.0;6.0;48.329233;6.777325;2024-02-19 09:42:00
202400046999.0;1;30;30028;2;1;1.0;1.0;44.15221;4.61275;2024-03-29 13:20:00
202400047000.0;5;69;69116;2;1;1.0;6.0;45.810525;4.778559;2024-02-19 20:00:00
202400047001.0;1;49;49138;1;1;7.0;7.0;47.4483771;-0.17704728;2024-05-08 15:50:00
202400047002.0;3;91;91689;1;1;1.0;2.0;48.726648;2.313536;2024-01-07 17:30:00