Num_Acc;lum;departement;commune;agglomeration;intersection;meteo;type_collision;lat;long;date
202400047003.0;1;29;29019;2;3;1.0;6.0;48.402541;-4.482212;2024-03-30 11:30:00
202400047004.0;1;81;81248;1;1;1.0;1.0;43.7610864;1.8633789;2024-02-19 08:45:00
202400047005.0;3;33;33322;1;1;3.0;6.0;44.968646;-0.640039;2024-02-10 19:00:00
202400047006.0;3;91;91340;1;1;1.0;2.0;48.610066;2.443308;2024-01-07 06:20:00
202400047007.0;1;78;78233;2;6;1.0;2.0;48.868861;1.963339;2024-05-07 08:25:00
202400047008.0;1;27;27229;2;1;1.0;7.0;49.0007;1.1535;2024-03-30 15:50:00
202400047009.0;3;76;76042;1;1;1.0;6.0;49.749955;1.576463;2024-02-19 22:45:00
202400047010.0;5;19;19272;2;1;2.0;3.0;45.26826487;1.77401868;2024-03-29 20:30:00
202400047011.0;3;93;93053;1;1;1.0;5.0;48.90248612;2.46764973;2024-01-06 19:45:00
202400047012.0;1;13;13211;1;1;1.0;2.0;43.29412401;5.45835278;2024-02-15 16:00:00
202400047013.0;1;42;42279;2;1;1.0;1.0;45.501724;4.253098;2024-05-08 17:30:00
202400047014.0;1;13;13103;2;3;1.0;1.0;43.63783641;5.09526288;2024-03-30 12:20:00
202400047015.0;3;92;92036;1;1;2.0;6.0;48.93900272;2.29566479;2024-01-06 23:00:00
202400047016.0;1;33;33162;1;1;1.0;6.0;44.867127;-0.649311;2024-02-19 14:45:00
202400047017.0;1;67;67411;1;1;1.0;7.0;48.498237;7.504784;2024-05-08 06:45:00
202400047018.0;3;13;13210;2;1;8.0;6.0;43.28624;5.41756;2024-03-30 23:23:00
202400047019.0;1;13;13202;2;3;1.0;3.0;43.30484;5.36522;2024-03-29 16:25:00
202400047020.0;1;82;82121;1;1;1.0;3.0;44.05896947;1.42099321;2024-05-08 10:45:00
202400047021.0;1;33;33013;1;1;1.0;4.0;44.86807;-0.494085;2024-02-18 18:27:00
202400047022.0;3;974;97411;1;9;1.0;3.0;-20.8868;55.4907;2024-01-05 20:50:00
202400047023.0;3;13;13047;1;1;1.0;1.0;43.51907;5.00709;2024-03-29 20:58:00
202400047024.0;1;59;59523;1;1;1.0;7.0;50.5954;3.1463;2024-02-19 08:30:00
202400047025.0;1;987;98757;2;1;1.0;1.0;-9.409022;-140.075236;2024-05-07 08:30:00
202400047026.0;1;974;97409;2;6;1.0;3.0;-20.93238;55.64609;2024-01-06 07:10:00
202400047027.0;5;92;92064;1;1;1.0;6.0;48.83935719;2.21697208;2024-02-19 05:10:00
202400047028.0;3;13;13047;1;1;1.0;5.0;43.59622;4.94133;2024-03-29 19:30:00
202400047029.0;3;93;93027;1;1;2.0;6.0;48.92697436;2.40285895;2024-02-18 23:20:00
202400047030.0;1;77;77060;2;1;1.0;2.0;48.282115;2.42579;2024-05-07 19:14:00
202400047031.0;1;11;11069;2;1;1.0;3.0;43.21223;2.37109;2024-03-29 18:15:00
202400047032.0;5;69;69387;2;3;2.0;3.0;45.74036;4.83171;2024-01-07 01:15:00
202400047033.0;3;95;95277;1;1;2.0;6.0;48.97610066;2.49089506;2024-02-18 18:18:00
202400047034.0;1;10;10387;2;1;2.0;7.0;48.28568;4.08339;2024-03-26 18:15:00
202400047035.0;1;95;95446;2;6;1.0;6.0;49.12379121;2.18211113;2024-05-08 07:13:00
202400047036.0;2;69;69387;2;1;2.0;3.0;45.75246;4.84951;2024-01-06 17:05:00
202400047037.0;2;10;10387;2;2;8.0;7.0;48.30211;4.06667;2024-03-30 06:22:00
202400047038.0;1;95;95241;1;1;2.0;3.0;49.04616124;2.45345229;2024-02-18 16:25:00
202400047039.0;1;13;13007;2;1;1.0;3.0;43.327309;5.664275;2024-05-08 19:15:00
202400047040.0;1;2B;2B033;2;9;1.0;3.0;42.67939;9.44319;2024-01-06 12:13:00
202400047041.0;5;93;93066;1;1;1.0;3.0;48.92016565;2.35720106;2024-02-17 23:45:00
202400047042.0;5;6;6027;2;1;2.0;2.0;43.6593503;7.1658972;2024-03-30 21:00:00
202400047043.0;1;94;94002;1;1;1.0;3.0;48.7761544;2.42762751;2024-06-13 09:35:00
202400047044.0;1;48;48166;1;1;1.0;6.0;44.260538;3.622141;2024-07-13 11:00:00
202400047045.0;1;67;67131;1;1;1.0;5.0;48.497313;7.73099;2024-05-07 15:50:00
202400047046.0;1;95;95277;1;9;1.0;7.0;48.97463972;2.48962502;2024-02-17 16:46:00
202400047047.0;5;971;97113;1;1;1.0;1.0;16.21759;-61.49368;2024-01-06 01:35:00
202400047048.0;3;77;77122;1;1;2.0;6.0;48.65222;2.613267;2024-02-18 22:00:00
202400047049.0;2;94;94074;1;1;1.0;2.0;48.76926495;2.44995079;2024-06-13 05:10:00
202400047050.0;1;8;8469;1;1;1.0;1.0;49.63865149;4.77155593;2024-07-15 16:55:00
202400047051.0;1;1;1053;2;5;8.0;4.0;46.207989;5.236083;2024-03-30 09:00:00
202400047052.0;1;73;73213;2;6;2.0;4.0;45.55928585;5.95319644;2024-05-07 15:07:00
202400047053.0;5;95;95637;2;9;8.0;1.0;49.03241149;2.0209077;2024-01-06 05:00:00
202400047054.0;1;59;59350;2;1;1.0;6.0;50.6336;3.09191;2024-02-09 19:30:00
202400047055.0;1;94;94004;1;1;1.0;2.0;48.75276637;2.51263842;2024-06-12 18:45:00
202400047056.0;3;38;38158;1;6;3.0;3.0;45.150596;5.734289;2024-05-07 04:13:00
202400047057.0;5;91;91161;2;2;8.0;6.0;48.704653;2.316225;2024-01-06 07:45:00
202400047058.0;1;75;75117;2;1;1.0;5.0;48.90005;2.320884;2024-02-17 14:40:00
202400047059.0;5;75;75117;2;1;3.0;7.0;48.88085816;2.28173912;2024-03-29 23:15:00
202400047060.0;1;94;94052;1;1;1.0;3.0;48.83830866;2.49391937;2024-06-12 14:08:00
202400047061.0;2;85;85191;1;1;1.0;6.0;46.666898;-1.34247779;2024-01-06 08:20:00
202400047062.0;5;75;75119;2;2;2.0;6.0;48.880313;2.408249;2024-02-18 19:35:00
202400047063.0;1;1;1043;2;2;1.0;3.0;45.836576;5.004669;2024-05-08 14:31:00
202400047064.0;5;75;75120;2;1;2.0;4.0;48.85993;2.413982;2024-03-29 20:40:00
202400047065.0;3;11;11014;1;1;1.0;6.0;43.174164;3.078956;2024-07-14 02:40:00
202400047066.0;5;75;75119;2;3;2.0;6.0;48.884342;2.391311;2024-02-18 19:00:00
202400047067.0;5;84;84007;2;1;1.0;6.0;43.93023;4.80012;2024-01-06 19:20:00
202400047068.0;5;88;88468;2;3;1.0;3.0;47.883398;6.761227;2024-01-05 18:05:00
202400047069.0;1;75;75105;2;3;1.0;6.0;48.853297;2.345893;2024-03-29 09:10:00
202400047070.0;3;971;97126;1;1;1.0;6.0;15.939086;-61.311715;2024-07-15 20:30:00
202400047071.0;1;75;75119;2;4;2.0;3.0;48.878786;2.401934;2024-02-18 11:15:00
202400047072.0;1;17;17375;1;3;1.0;3.0;45.932379;-1.03845;2024-05-05 18:35:00
202400047073.0;1;84;84031;1;1;1.0;2.0;44.07142;5.07328;2024-02-27 15:50:00
202400047074.0;1;77;77127;1;1;1.0;6.0;48.668646;2.682295;2024-07-15 18:15:00
202400047075.0;1;75;75119;2;7;2.0;2.0;48.90103;2.3882;2024-03-30 10:50:00
202400047076.0;1;22;22214;1;1;1.0;7.0;48.725128;-2.97545;2024-05-08 10:30:00
202400047077.0;5;78;78367;2;2;1.0;3.0;48.885357;2.072659;2024-01-07 00:10:00
202400047078.0;1;60;60446;1;1;1.0;7.0;49.13398241;2.79808474;2024-05-08 19:15:00
202400047079.0;5;75;75116;2;3;1.0;6.0;48.864206;2.30012;2024-02-17 23:00:00
202400047080.0;1;75;75119;2;3;1.0;6.0;48.882275;2.393396;2024-03-29 10:20:00
202400047081.0;2;32;32254;1;2;1.0;3.0;43.540243;0.454538;2024-02-28 06:45:00
202400047082.0;1;78;78443;1;3;1.0;3.0;48.804599;1.867657;2024-07-13 15:20:00
202400047083.0;1;78;78517;2;3;7.0;6.0;48.64548;1.8307;2024-01-05 11:45:00
202400047084.0;5;75;75116;2;2;1.0;3.0;48.863972;2.272406;2024-02-17 22:50:00
202400047085.0;1;60;60313;1;1;1.0;2.0;49.36302828;2.24714184;2024-05-08 17:50:00
202400047086.0;1;75;75117;2;3;8.0;6.0;48.882164;2.291683;2024-03-30 13:00:00
202400047087.0;1;84;84092;2;1;1.0;6.0;43.960534;4.857143;2024-07-13 18:19:00
202400047088.0;1;2;2381;2;1;1.0;6.0;49.92551;4.078873;2024-05-07 19:20:00
202400047089.0;3;32;32263;1;2;3.0;3.0;43.450473;0.466146;2024-02-25 19:30:00
202400047090.0;1;29;29019;2;4;1.0;3.0;48.405846;-4.46218;2024-08-19 17:40:00
202400047091.0;5;75;75116;2;2;3.0;6.0;48.872653;2.284679;2024-03-29 20:10:00
202400047092.0;5;75;75111;2;3;1.0;2.0;48.865568;2.367181;2024-02-18 05:05:00
202400047093.0;1;22;22106;1;1;1.0;6.0;48.49636;-2.72729;2024-08-20 16:10:00
202400047094.0;3;83;83101;1;1;1.0;3.0;43.211885;6.628886;2024-07-15 21:50:00
202400047095.0;1;976;97611;2;1;1.0;6.0;-12.8159;45.1977;2024-06-12 15:15:00
202400047096.0;1;75;75116;2;3;1.0;3.0;48.85958;2.287786;2024-03-29 15:10:00
202400047097.0;1;76;76640;2;1;1.0;6.0;49.29033;1.03941;2024-01-05 13:05:00
202400047098.0;5;59;59158;2;3;1.0;3.0;50.45382229;3.20235919;2024-05-05 23:40:00
202400047099.0;5;75;75110;2;3;2.0;6.0;48.878049;2.356481;2024-02-18 21:33:00
202400047100.0;1;17;17306;2;6;1.0;3.0;45.62434;-1.00246;2024-08-20 17:36:00
202400047101.0;3;76;76349;1;1;1.0;1.0;49.91688;1.04149;2024-01-06 18:50:00
202400047102.0;1;75;75116;2;4;1.0;2.0;48.840225;2.258084;2024-03-29 10:10:00
202400047103.0;1;59;59581;1;1;1.0;3.0;50.687148;2.762581;2024-05-05 14:15:00
202400047104.0;5;83;83115;2;1;1.0;3.0;43.310393;6.651578;2024-07-15 23:45:00
202400047105.0;1;976;97611;2;1;1.0;1.0;-12.80558;45.20914;2024-06-12 09:55:00
202400047106.0;1;75;75101;2;3;2.0;6.0;48.862246;2.339187;2024-02-18 16:35:00
202400047107.0;5;76;76217;2;6;2.0;6.0;49.92553;1.07083;2024-01-06 02:00:00
202400047108.0;5;75;75116;2;2;1.0;3.0;48.865031;2.234421;2024-03-28 19:10:00
202400047109.0;1;974;97416;1;1;8.0;7.0;-21.29159;55.44966;2024-06-12 11:30:00
202400047110.0;1;13;13056;1;1;1.0;2.0;43.3984;5.08258;2024-05-07 17:10:00
202400047111.0;1;11;11262;2;3;1.0;2.0;43.178016;3.00335;2024-08-19 18:45:00
202400047112.0;1;13;13076;1;1;1.0;2.0;43.824309;5.002386;2024-07-16 10:30:00
202400047113.0;1;94;94041;2;9;1.0;3.0;48.8171976;2.36711249;2024-02-18 09:30:00
202400047114.0;1;75;75115;2;3;1.0;7.0;48.840413;2.30425;2024-03-29 11:00:00
202400047115.0;1;974;97411;2;1;8.0;7.0;-20.923;55.4948;2024-06-12 10:30:00
202400047116.0;1;72;72181;2;9;1.0;1.0;48.00781;0.20423;2024-01-06 12:55:00
202400047117.0;1;10;10333;2;6;1.0;7.0;48.27449;4.03974;2024-08-19 17:18:00
202400047118.0;5;94;94073;2;1;2.0;6.0;48.768545;2.40266;2024-02-18 19:45:00
202400047119.0;1;83;83069;1;1;1.0;4.0;43.11680833;6.10933721;2024-05-06 17:10:00
202400047120.0;1;974;97407;1;1;1.0;3.0;-20.95856;55.31913;2024-06-11 08:10:00
202400047121.0;5;75;75114;2;2;1.0;3.0;48.822644;2.314838;2024-03-28 22:00:00
202400047122.0;1;9;9225;2;1;1.0;6.0;43.1167;1.63152;2024-08-20 16:00:00
202400047123.0;1;72;72181;2;9;1.0;3.0;47.97443;0.20645;2024-01-06 12:10:00
202400047124.0;3;13;13014;1;2;1.0;3.0;43.53437;5.193325;2024-07-15 01:20:00
202400047125.0;5;93;93077;2;1;1.0;6.0;48.88206452;2.5227842;2024-02-18 19:45:00
202400047126.0;1;75;75113;2;3;2.0;6.0;48.828298;2.367281;2024-03-29 16:50:00
202400047127.0;1;4;4112;2;1;1.0;6.0;43.83076;5.78462;2024-08-19 19:00:00
202400047128.0;5;93;93055;2;2;1.0;3.0;48.895361;2.425672;2024-02-18 00:30:00
202400047129.0;5;69;69029;2;3;2.0;3.0;45.72721;4.9154;2024-01-06 18:30:00
202400047130.0;5;973;97302;1;6;1.0;2.0;4.90761;-52.3227;2024-06-11 19:05:00
202400047131.0;1;75;75114;2;1;2.0;7.0;48.820927;2.321828;2024-08-20 16:00:00
202400047132.0;5;93;93048;2;1;1.0;6.0;48.8655;2.43739;2024-02-17 21:50:00
202400047133.0;5;75;75112;2;3;3.0;6.0;48.843347;2.391319;2024-03-29 20:00:00
202400047134.0;5;972;97213;1;1;1.0;6.0;14.59587;-60.98993;2024-06-11 04:10:00
202400047135.0;1;63;63300;2;9;1.0;2.0;45.89329;3.10719;2024-01-05 13:49:00
202400047136.0;1;38;38344;1;1;1.0;4.0;45.37224398;4.80729844;2024-07-15 16:20:00
202400047137.0;1;75;75120;2;3;1.0;6.0;48.869946;2.394536;2024-08-20 12:15:00
202400047138.0;1;75;75112;2;3;1.0;6.0;48.851605;2.374861;2024-03-28 12:45:00
202400047139.0;5;92;92064;2;1;1.0;2.0;48.829911;2.22350585;2024-02-18 06:05:00
202400047140.0;5;59;59392;2;1;2.0;6.0;50.28124;3.94297;2024-01-06 18:25:00
202400047141.0;5;75;75111;2;7;1.0;2.0;48.857991;2.380304;2024-03-30 22:30:00
202400047142.0;5;972;97213;1;3;1.0;3.0;14.62148;-60.98822;2024-06-11 21:30:00
202400047143.0;1;75;75116;2;2;1.0;1.0;48.878444;2.279789;2024-08-20 15:30:00
202400047144.0;1;92;92060;1;6;2.0;2.0;48.77508016;2.23855197;2024-02-18 15:30:00
202400047145.0;1;89;89452;1;1;1.0;2.0;48.009363;3.318;2024-07-16 09:08:00
202400047146.0;2;57;57631;2;2;1.0;6.0;49.11156;7.0702;2024-01-05 17:00:00
202400047147.0;1;33;33162;1;1;2.0;4.0;44.859843;-0.660051;2024-05-07 15:10:00
202400047148.0;1;972;97209;2;9;1.0;6.0;14.608402;-61.087589;2024-06-12 11:45:00
202400047149.0;3;89;89083;1;1;1.0;6.0;47.8129;3.4754;2024-07-14 02:32:00
202400047150.0;1;75;75111;2;3;2.0;3.0;48.865605;2.372599;2024-03-30 07:25:00
202400047151.0;1;92;92014;2;1;2.0;6.0;48.77678177;2.31994522;2024-02-18 12:30:00
202400047152.0;1;75;75116;2;2;1.0;6.0;48.847986;2.264099;2024-08-20 12:39:00
202400047153.0;5;51;51454;2;1;2.0;2.0;49.267365;4.046281;2024-01-06 17:20:00
202400047154.0;1;75;75114;2;7;1.0;7.0;48.834695;2.331281;2024-08-19 16:55:00
202400047155.0;5;69;69382;2;1;1.0;2.0;45.75598464;4.82620582;2024-06-11 23:35:00
202400047156.0;1;67;67010;1;1;1.0;3.0;48.395887;7.364949;2024-07-15 15:45:00
202400047157.0;2;72;72013;1;2;1.0;3.0;47.674093;0.221765;2024-02-18 09:00:00
202400047158.0;5;75;75111;2;3;2.0;6.0;48.855101;2.370395;2024-03-29 20:55:00
202400047159.0;5;45;45234;2;3;1.0;3.0;47.91163;1.90865;2024-01-06 22:56:00
202400047160.0;1;91;91161;1;1;1.0;5.0;48.71055;2.30089;2024-05-07 17:10:00
202400047161.0;1;971;97101;1;1;1.0;7.0;16.2672;-61.50197;2024-06-09 09:41:00
202400047162.0;3;86;86262;1;1;2.0;2.0;46.411598;0.817342;2024-02-18 18:55:00
202400047163.0;1;75;75107;2;3;1.0;3.0;48.855571;2.294034;2024-08-20 20:00:00
202400047164.0;5;75;75111;2;2;3.0;6.0;48.863755;2.370131;2024-03-29 19:35:00
202400047165.0;5;35;35238;2;2;2.0;6.0;48.11294;-1.69336;2024-01-05 20:00:00
202400047166.0;1;88;88431;2;2;1.0;1.0;48.330071;5.892175;2024-07-15 15:25:00
202400047167.0;1;95;95598;2;1;1.0;6.0;48.98767;2.30091;2024-06-12 12:15:00
202400047168.0;1;92;92025;1;1;1.0;3.0;48.92078048;2.22548287;2024-05-07 13:00:00
202400047169.0;1;75;75107;2;2;3.0;7.0;48.862878;2.313454;2024-08-20 16:45:00
202400047170.0;1;51;51649;2;2;1.0;6.0;48.728447;4.581953;2024-02-12 17:30:00
202400047171.0;5;34;34172;2;1;1.0;3.0;43.61123;3.82923;2024-01-07 01:00:00
202400047172.0;5;75;75107;2;3;1.0;3.0;48.862873;2.313454;2024-03-30 21:03:00
202400047173.0;1;69;69074;1;2;1.0;3.0;46.008401;4.636906;2024-07-16 07:55:00
202400047174.0;1;91;91549;2;1;1.0;3.0;48.63;2.34;2024-06-12 20:40:00
202400047175.0;1;84;84104;2;6;1.0;1.0;44.195005;5.007116;2024-02-08 15:10:00
202400047176.0;1;93;93066;1;1;1.0;4.0;48.92261676;2.35060751;2024-05-07 16:12:00
202400047177.0;1;69;69219;1;1;1.0;7.0;45.631671;4.677445;2024-07-16 17:10:00
202400047178.0;3;31;31555;1;1;1.0;4.0;43.625;1.414;2024-01-06 20:41:00
202400047179.0;1;75;75101;2;2;1.0;3.0;48.857728;2.347782;2024-08-20 15:16:00
202400047180.0;1;86;86194;2;6;1.0;6.0;46.598841;0.323157;2024-06-11 16:52:00
202400047181.0;1;75;75108;2;4;1.0;3.0;48.870548;2.310073;2024-03-29 12:50:00
202400047182.0;1;69;69117;2;1;1.0;7.0;45.843383;4.743869;2024-07-15 19:00:00
202400047183.0;1;95;95212;1;1;1.0;6.0;49.02916645;2.53030842;2024-05-07 11:30:00
202400047184.0;1;35;35139;1;1;1.0;2.0;47.98047;-1.695784;2024-02-19 09:35:00
202400047185.0;1;29;29019;2;1;1.0;4.0;48.419739;-4.509078;2024-01-06 16:10:00
202400047186.0;1;75;75114;2;2;2.0;3.0;48.822321;2.314;2024-03-29 08:15:00
202400047187.0;3;25;25024;1;1;2.0;6.0;46.93918;6.37486;2024-01-06 06:00:00
202400047188.0;3;44;44074;2;1;1.0;7.0;47.201493;-1.668978;2024-07-12 05:15:00
202400047189.0;5;94;94081;2;9;1.0;3.0;48.80003;2.38078;2024-08-19 23:35:00
202400047190.0;1;84;84035;2;1;2.0;1.0;43.82771;5.03277;2024-06-09 20:20:00
202400047191.0;1;93;93010;1;1;1.0;2.0;48.88991925;2.47342572;2024-05-07 09:15:00
202400047192.0;1;26;26325;1;1;1.0;1.0;45.269209;4.823771;2024-02-19 14:00:00
202400047193.0;1;75;75104;2;3;8.0;7.0;48.85425;2.363724;2024-03-30 14:30:00
202400047194.0;1;13;13103;2;1;1.0;6.0;43.65063;5.09563;2024-01-06 14:00:00
202400047195.0;1;94;94043;2;1;1.0;6.0;48.80985665;2.35999337;2024-08-20 10:38:00
202400047196.0;3;75;75120;1;1;1.0;6.0;48.86633319;2.41376281;2024-05-07 03:40:00
202400047197.0;1;84;84007;1;6;1.0;6.0;43.93988;4.83677;2024-06-12 16:40:00
202400047198.0;5;66;66141;2;2;1.0;1.0;42.743183;2.917766;2024-02-18 18:40:00
202400047199.0;5;13;13203;2;1;1.0;3.0;43.31151;5.386;2024-01-06 20:05:00
202400047200.0;1;75;75104;2;7;2.0;6.0;48.85286147;2.36840236;2024-03-30 11:45:00
202400047201.0;1;22;22162;1;1;1.0;4.0;48.775297;-3.099174;2024-07-16 14:00:00
202400047202.0;1;93;93029;1;1;1.0;3.0;48.92609879;2.42244591;2024-05-06 14:30:00
202400047203.0;4;94;94021;2;1;2.0;2.0;48.76759;2.36799;2024-08-20 22:40:00
202400047204.0;3;69;69084;1;1;1.0;6.0;46.20726058;4.67943957;2024-02-18 04:19:00
202400047205.0;5;13;13211;2;6;1.0;1.0;43.28589;5.4796;2024-01-06 05:35:00
202400047206.0;1;84;84007;2;1;1.0;3.0;43.94287;4.79887;2024-06-11 16:15:00
202400047207.0;1;75;75101;2;3;1.0;3.0;48.8623;2.33705;2024-03-29 15:00:00
202400047208.0;1;93;93006;1;1;1.0;6.0;48.86690246;2.42530059;2024-05-06 09:15:00
202400047209.0;1;54;54312;1;1;1.0;2.0;48.92409717;6.11017942;2024-07-10 14:15:00
202400047210.0;1;93;93066;2;1;1.0;3.0;48.93458158;2.35014055;2024-08-20 12:50:00
202400047211.0;3;71;71416;1;1;2.0;1.0;46.45483943;4.76418167;2024-02-18 18:45:00
202400047212.0;1;10;10362;1;6;2.0;6.0;48.2962;4.0058;2024-01-05 13:58:00
202400047213.0;1;84;84007;2;1;1.0;2.0;43.94244;4.81639;2024-06-12 09:10:00
202400047214.0;1;75;75103;2;3;1.0;6.0;48.863531;2.363316;2024-03-29 10:30:00
202400047215.0;4;89;89154;2;1;1.0;6.0;47.728976;3.471052;2024-02-18 00:50:00
202400047216.0;2;8;8105;2;9;1.0;6.0;49.77446;4.71717;2024-01-06 07:50:00
202400047217.0;1;93;93027;1;1;1.0;2.0;48.93637475;2.40695831;2024-07-15 12:00:00
202400047218.0;2;77;77122;1;1;1.0;6.0;48.6549656;2.61443581;2024-05-06 19:30:00
202400047219.0;1;78;78688;2;1;1.0;2.0;48.76211;2.04264;2024-06-12 08:00:00
202400047220.0;3;93;93053;2;2;1.0;2.0;48.89831866;2.44223258;2024-08-19 01:30:00
202400047221.0;1;94;94076;2;2;8.0;6.0;48.80219;2.35509;2024-03-28 18:27:00
202400047222.0;1;2;2408;1;3;1.0;2.0;49.5508;3.59469;2024-01-05 16:35:00
202400047223.0;1;94;94018;1;1;1.0;2.0;48.82465601;2.39368239;2024-05-06 08:30:00
202400047224.0;1;49;49132;1;1;1.0;5.0;47.656087;-0.448079;2024-01-31 14:00:00
202400047225.0;1;92;92072;2;1;2.0;6.0;48.82816088;2.22606562;2024-08-20 20:10:00
202400047226.0;1;78;78621;2;1;1.0;3.0;48.77717;1.98188;2024-06-11 17:57:00
202400047227.0;5;94;94044;2;3;2.0;1.0;48.749562;2.479782;2024-03-29 20:18:00
202400047228.0;1;75;75112;2;1;1.0;6.0;48.83687;2.412401;2024-01-05 12:20:00
202400047229.0;1;974;97407;2;1;1.0;3.0;-20.9494;55.30105;2024-05-02 10:25:00
202400047230.0;3;93;93007;1;1;1.0;5.0;48.94918034;2.44696197;2024-07-14 22:35:00
202400047231.0;5;94;94042;2;3;2.0;2.0;48.820144;2.475576;2024-03-29 20:54:00
202400047232.0;1;92;92036;2;2;3.0;2.0;48.93056117;2.30245712;2024-08-20 16:50:00
202400047233.0;1;77;77186;1;2;1.0;3.0;48.480858;2.666937;2024-06-12 09:40:00
202400047234.0;1;75;75119;2;2;1.0;6.0;48.887173;2.380815;2024-01-06 10:40:00
202400047235.0;1;12;12291;1;1;1.0;5.0;44.192113;3.02403;2024-02-19 10:30:00
202400047236.0;1;972;97213;1;1;1.0;2.0;14.62623;-61.00785;2024-05-06 13:00:00
202400047237.0;1;77;77258;1;1;1.0;2.0;48.830999;2.637122;2024-07-15 11:00:00
202400047238.0;1;94;94028;2;3;1.0;3.0;48.77998077;2.46020906;2024-03-29 18:00:00
202400047239.0;3;75;75118;2;1;1.0;6.0;48.89872086;2.36937493;2024-01-06 18:36:00
202400047240.0;1;42;42015;1;1;1.0;7.0;46.170009;4.379296;2024-02-18 16:45:00
202400047241.0;1;77;77400;1;1;8.0;1.0;48.81071;3.03794;2024-06-11 18:25:00
202400047242.0;1;92;92035;2;6;2.0;3.0;48.90648355;2.24868786;2024-08-20 16:00:00
202400047243.0;1;972;97213;1;6;1.0;2.0;14.60018;-60.99732;2024-05-06 14:20:00
202400047244.0;1;77;77121;1;1;1.0;2.0;48.837563;2.664575;2024-07-15 08:30:00
202400047245.0;5;75;75117;2;2;1.0;6.0;48.883319;2.307373;2024-01-06 01:00:00
202400047246.0;5;94;94058;2;2;3.0;3.0;48.84179;2.4963;2024-03-30 03:30:00
202400047247.0;1;44;44216;2;1;1.0;6.0;46.971508;-1.434306;2024-02-16 10:08:00
202400047248.0;1;76;76540;2;2;1.0;3.0;49.43649;1.10083;2024-06-12 13:45:00
202400047249.0;1;92;92019;2;3;1.0;3.0;48.77925418;2.2767183;2024-08-20 08:30:00
202400047250.0;1;74;74208;1;1;1.0;6.0;45.950661;6.733841;2024-04-14 17:42:00
202400047251.0;1;69;69149;1;3;2.0;3.0;45.71155;4.81991;2024-05-06 07:50:00
202400047252.0;3;75;75116;2;1;2.0;2.0;48.85584226;2.28581607;2024-01-06 20:00:00
202400047253.0;1;74;74012;2;9;1.0;6.0;46.19620324;6.25873768;2024-06-12 17:20:00
202400047254.0;1;2B;2B033;2;1;8.0;6.0;42.68011;9.44218;2024-05-06 14:49:00
202400047255.0;5;94;94037;2;2;1.0;3.0;48.81751;2.35342;2024-04-03 23:30:00
202400047256.0;1;76;76281;1;1;1.0;2.0;49.527534;0.584834;2024-08-15 10:50:00
202400047257.0;1;29;29225;2;2;1.0;3.0;47.95492025;-4.36000589;2024-02-17 13:50:00
202400047258.0;5;75;75114;2;3;1.0;3.0;48.833254;2.33645;2024-01-05 17:05:00
202400047259.0;1;74;74002;2;2;1.0;6.0;45.818973;5.998712;2024-04-30 15:58:00
202400047260.0;1;35;35126;1;1;3.0;6.0;47.97985;-1.821349;2024-08-20 10:00:00
202400047261.0;1;74;74298;2;1;1.0;2.0;46.18841;6.26711;2024-06-12 11:30:00
202400047262.0;1;2;2569;1;1;3.0;7.0;50.024171;3.686256;2024-02-18 16:30:00
202400047263.0;5;971;97101;1;1;1.0;1.0;16.26621;-61.47156;2024-05-04 02:23:00
202400047264.0;5;75;75103;2;2;1.0;7.0;48.857608;2.368065;2024-01-06 03:50:00
202400047265.0;1;74;74042;2;1;1.0;7.0;46.081038;6.404589;2024-04-14 08:40:00
202400047266.0;5;94;94016;2;2;2.0;2.0;48.793951;2.33394;2024-03-29 19:10:00
202400047267.0;1;66;66137;1;1;1.0;7.0;42.471765;2.853484;2024-02-18 15:05:00
202400047268.0;1;35;35013;1;2;1.0;3.0;47.723422;-2.053859;2024-08-19 13:20:00
202400047269.0;1;72;72181;2;5;1.0;1.0;47.99241679;0.17342627;2024-06-11 14:55:00
202400047270.0;1;2A;2A004;2;9;1.0;3.0;41.92;8.73;2024-05-06 18:50:00
202400047271.0;5;75;75104;2;3;1.0;6.0;48.855932;2.357969;2024-01-04 20:15:00
202400047272.0;5;94;94041;2;3;3.0;3.0;48.817409;2.380985;2024-03-29 20:40:00
202400047273.0;3;74;74074;1;3;1.0;3.0;46.112441;5.920351;2024-04-25 04:45:00
202400047274.0;3;63;63026;2;1;1.0;6.0;45.66995;2.987589;2024-08-20 01:18:00
202400047275.0;2;60;60108;1;1;2.0;6.0;49.633841;1.916771;2024-02-19 07:00:00
202400047276.0;1;69;69266;2;3;1.0;6.0;45.76033338;4.90249209;2024-06-12 20:20:00
202400047277.0;1;95;95280;2;1;1.0;2.0;49.02316;2.46535;2024-05-06 16:45:00
202400047278.0;5;94;94041;2;1;2.0;3.0;48.81305313;2.4026123;2024-03-29 20:20:00
202400047279.0;1;74;74010;1;3;1.0;3.0;45.83454;6.055688;2024-04-24 07:15:00
202400047280.0;3;1;1153;1;1;1.0;1.0;46.300517;6.045098;2024-08-19 23:15:00
202400047281.0;1;94;94041;2;1;1.0;6.0;48.81988595;2.37585193;2024-03-29 11:30:00
202400047282.0;1;95;95277;2;1;1.0;6.0;48.98561167;2.43839253;2024-05-06 07:30:00
202400047283.0;1;64;64436;2;3;1.0;1.0;43.231626;-1.299766;2024-02-18 18:20:00
202400047284.0;1;94;94011;1;1;1.0;4.0;48.76227;2.47594;2024-01-05 12:45:00
202400047285.0;1;30;30242;1;1;1.0;7.0;44.271063;4.517709;2024-08-20 09:24:00