Num_Acc;lum;departement;commune;agglomeration;intersection;meteo;type_collision;lat;long;date
202400047286.0;1;18;18087;1;1;1.0;7.0;46.875917;2.547723;2024-02-19 13:10:00
202400047287.0;1;74;74237;2;1;1.0;1.0;46.398227;6.768957;2024-04-18 15:30:00
202400047288.0;5;69;69388;2;2;1.0;6.0;45.73096;4.85964;2024-06-12 03:45:00
202400047289.0;1;94;94073;2;1;3.0;6.0;48.75279472;2.3778432;2024-03-29 16:40:00
202400047290.0;1;91;91667;2;1;1.0;6.0;48.66677;2.33284;2024-05-06 08:20:00
202400047291.0;5;94;94021;2;1;1.0;6.0;48.77193;2.36769;2024-01-06 05:40:00
202400047292.0;1;87;87085;1;1;1.0;6.0;45.83982;1.28113;2024-05-05 11:14:00
202400047293.0;1;57;57667;1;1;1.0;3.0;49.23617485;6.5620169;2024-08-20 19:00:00
202400047294.0;3;43;43102;1;1;5.0;1.0;45.16112357;4.17535313;2024-02-18 04:45:00
202400047295.0;1;74;74224;2;1;1.0;1.0;46.067401;6.311468;2024-04-23 15:30:00
202400047296.0;1;69;69290;2;3;1.0;3.0;45.70770689;4.90781026;2024-06-11 07:00:00
202400047297.0;5;94;94017;2;3;2.0;3.0;48.8115;2.5105;2024-01-06 19:40:00
202400047298.0;1;94;94033;2;3;1.0;5.0;48.85778;2.49134;2024-03-27 10:00:00
202400047299.0;5;83;83137;1;9;1.0;6.0;43.14618053;5.91261649;2024-05-06 21:45:00
202400047300.0;1;85;85182;2;2;5.0;6.0;46.781559;-0.837107;2024-02-14 09:05:00
202400047301.0;1;74;74116;1;1;1.0;3.0;46.047971;6.262239;2024-04-27 18:10:00
202400047302.0;2;27;27295;1;2;2.0;6.0;49.046782;0.564413;2024-02-18 07:10:00
202400047303.0;2;94;94028;2;1;1.0;1.0;48.766729;2.456691;2024-03-30 11:25:00
202400047304.0;5;93;93073;1;2;1.0;3.0;49.00810778;2.55748272;2024-01-06 05:58:00
202400047305.0;1;64;64445;2;6;2.0;3.0;43.30628;-0.33386;2024-06-12 16:40:00
202400047306.0;1;83;83126;2;3;1.0;3.0;43.11633;5.85082;2024-05-06 07:45:00
202400047307.0;1;30;30210;1;1;1.0;7.0;43.930354;4.003272;2024-02-18 17:40:00
202400047308.0;5;74;74010;2;1;1.0;6.0;45.890214;6.099182;2024-04-19 00:20:00
202400047309.0;5;94;94028;2;4;3.0;6.0;48.772968;2.4344401;2024-03-29 19:40:00
202400047310.0;1;51;51263;1;1;8.0;1.0;48.873946;3.704613;2024-08-20 18:24:00
202400047311.0;1;81;81065;2;2;7.0;3.0;43.60067;2.23544;2024-05-06 19:50:00
202400047312.0;1;93;93047;2;2;1.0;3.0;48.8924;2.54884;2024-01-06 16:50:00
202400047313.0;1;64;64122;2;2;1.0;3.0;43.4808;-1.5453;2024-06-12 08:30:00
202400047314.0;1;94;94002;2;1;8.0;3.0;48.81256;2.41613;2024-03-29 08:20:00
202400047315.0;1;74;74100;1;1;1.0;6.0;46.004355;5.861903;2024-04-14 12:25:00
202400047316.0;5;68;68375;2;1;3.0;2.0;47.80933;7.233293;2024-02-18 19:30:00
202400047317.0;1;56;56174;2;1;1.0;7.0;47.88909;-2.849847;2024-08-20 16:30:00
202400047318.0;1;972;97209;2;3;1.0;6.0;14.63032;-61.05508;2024-09-24 07:10:00
202400047319.0;1;77;77487;2;1;1.0;6.0;48.53265;2.695292;2024-05-06 11:50:00
202400047320.0;1;92;92050;2;2;1.0;3.0;48.8968788;2.22403027;2024-01-06 13:00:00
202400047321.0;1;62;62510;2;6;1.0;3.0;50.42523;2.77598;2024-06-04 13:00:00
202400047322.0;1;35;35189;1;4;1.0;7.0;48.160439;-1.728861;2024-02-01 15:25:00
202400047323.0;1;74;74256;2;6;1.0;1.0;45.949788;6.629691;2024-04-10 11:45:00
202400047324.0;5;94;94002;2;2;1.0;3.0;48.79837;2.4205;2024-03-28 19:40:00
202400047325.0;4;77;77372;2;1;8.0;6.0;48.88129;2.68969;2024-05-06 05:25:00
202400047326.0;1;971;97101;1;1;1.0;1.0;16.25385288;-61.53573006;2024-09-23 07:30:00
202400047327.0;1;56;56185;1;1;1.0;2.0;47.788623;-3.436747;2024-08-20 17:30:00
202400047328.0;5;92;92025;2;1;1.0;3.0;48.92012434;2.22805023;2024-01-06 01:30:00
202400047329.0;2;91;91649;1;1;8.0;1.0;48.54672827;2.34866147;2024-02-18 08:00:00
202400047330.0;1;60;60057;2;9;1.0;3.0;49.4328182;2.08997941;2024-06-12 21:05:00
202400047331.0;1;93;93078;2;1;1.0;7.0;48.96255;2.5244;2024-03-29 13:45:00
202400047332.0;3;73;73252;1;1;1.0;3.0;45.4255543;6.2725931;2024-02-02 20:15:00
202400047333.0;1;77;77433;1;1;2.0;2.0;48.79191;3.04158;2024-05-02 17:00:00
202400047334.0;3;76;76560;2;1;1.0;6.0;49.426619;1.172721;2024-08-15 00:01:00
202400047335.0;5;92;92012;2;1;1.0;2.0;48.82951254;2.25128174;2024-01-06 04:30:00
202400047336.0;1;974;97417;1;1;1.0;3.0;-21.287555;55.796385;2024-02-17 11:00:00
202400047337.0;1;91;91479;1;1;8.0;4.0;48.72874691;2.36848712;2024-09-24 18:24:00
202400047338.0;1;59;59599;2;2;1.0;1.0;50.72757;3.15836;2024-06-12 17:10:00
202400047339.0;1;93;93078;2;2;2.0;2.0;48.95838107;2.55808711;2024-03-29 16:50:00
202400047340.0;1;987;98735;2;2;1.0;6.0;-17.53632;-149.56728;2024-07-14 07:00:00
202400047341.0;2;80;80183;1;1;1.0;2.0;49.959779;1.735153;2024-08-21 20:20:00
202400047342.0;1;69;69290;2;1;2.0;6.0;45.68814;4.94199;2024-05-06 17:25:00
202400047343.0;1;60;60006;1;1;1.0;2.0;49.318143;2.576015;2024-01-06 15:05:00
202400047344.0;3;973;97311;2;1;1.0;6.0;5.468636;-54.044564;2024-02-18 22:45:00
202400047345.0;4;59;59646;2;1;1.0;6.0;50.68986933;3.13305016;2024-06-12 02:40:00
202400047346.0;1;976;97611;2;1;1.0;6.0;-12.782;45.223;2024-07-14 16:50:00
202400047347.0;1;68;68149;2;1;1.0;6.0;47.58668;7.58077;2024-05-02 20:11:00
202400047348.0;3;63;63425;2;6;2.0;7.0;45.67266;3.127375;2024-01-06 22:30:00
202400047349.0;4;87;87065;1;1;3.0;6.0;45.799184;1.296133;2024-09-23 20:41:00
202400047350.0;5;93;93066;2;2;2.0;3.0;48.93468;2.35695;2024-03-29 21:52:00
202400047351.0;1;54;54575;1;1;1.0;7.0;49.463795;5.850086;2024-06-12 09:30:00
202400047352.0;1;81;81145;1;2;1.0;3.0;43.877352;1.786893;2024-08-21 09:00:00
202400047353.0;1;87;87085;2;1;2.0;6.0;45.851857;1.26443;2024-09-23 18:40:00
202400047354.0;1;67;67482;2;1;2.0;6.0;48.57398;7.7669;2024-05-06 17:25:00
202400047355.0;1;974;97416;1;1;1.0;1.0;-21.3176;55.45122;2024-07-14 15:50:00
202400047356.0;1;973;97362;2;2;1.0;3.0;3.808386;-54.151708;2024-01-07 15:00:00
202400047357.0;3;91;91226;1;1;2.0;3.0;48.507432;2.200972;2024-02-18 20:00:00
202400047358.0;3;93;93066;2;3;2.0;6.0;48.926408;2.366239;2024-03-29 19:15:00
202400047359.0;1;66;66136;2;1;1.0;7.0;42.69863649;2.88995683;2024-05-06 14:25:00
202400047360.0;1;32;32182;1;9;1.0;6.0;43.552638;0.905986;2024-08-20 08:08:00
202400047361.0;2;51;51454;2;1;1.0;7.0;49.22576;4.01278;2024-06-10 20:59:00
202400047362.0;5;974;97411;2;1;1.0;2.0;-20.88633;55.48267;2024-07-14 04:30:00
202400047363.0;3;972;97210;1;1;1.0;1.0;14.612696;-60.915724;2024-01-07 00:05:00
202400047364.0;1;87;87085;1;1;1.0;2.0;45.91337;1.29337;2024-09-23 15:17:00
202400047365.0;1;78;78128;1;6;2.0;3.0;48.668731;1.988622;2024-02-18 15:20:00
202400047366.0;1;93;93077;2;2;1.0;6.0;48.88283;2.5144;2024-03-29 09:10:00
202400047367.0;1;65;65440;2;2;1.0;3.0;43.23021;0.07881;2024-05-05 18:00:00
202400047368.0;1;50;50147;2;1;1.0;6.0;49.05583;-1.43493;2024-06-12 13:25:00
202400047369.0;1;44;44001;1;1;1.0;6.0;47.562968;-1.521853;2024-01-06 16:30:00
202400047370.0;1;71;71133;1;1;1.0;1.0;46.283911;4.298648;2024-08-18 13:37:00
202400047371.0;1;64;64132;2;1;1.0;7.0;43.30469;-0.31959;2024-05-05 07:40:00
202400047372.0;1;93;93053;2;1;1.0;3.0;48.887206;2.466721;2024-03-29 15:00:00
202400047373.0;1;66;66176;2;3;1.0;3.0;42.784906;2.965177;2024-02-16 13:15:00
202400047374.0;1;49;49246;2;1;1.0;7.0;47.42859;-0.52766;2024-06-11 17:40:00
202400047375.0;5;87;87085;2;3;1.0;3.0;45.82354;1.25115;2024-09-21 00:40:00
202400047376.0;3;34;34154;1;1;1.0;6.0;43.596834;3.953276;2024-02-19 01:15:00
202400047377.0;5;69;69387;2;2;1.0;3.0;45.7423;4.8506;2024-07-15 00:00:00
202400047378.0;1;64;64024;2;2;3.0;3.0;43.4925;-1.5208;2024-05-05 18:15:00
202400047379.0;5;93;93048;2;3;3.0;3.0;48.85660052;2.46655136;2024-03-29 19:40:00
202400047380.0;1;21;21038;2;1;1.0;7.0;47.193653;5.393761;2024-02-18 11:00:00
202400047381.0;1;87;87038;1;1;2.0;6.0;45.908178;1.264903;2024-01-06 09:30:00
202400047382.0;1;49;49007;2;1;1.0;3.0;47.48786;-0.55416;2024-06-11 17:50:00
202400047383.0;5;83;83137;2;6;1.0;6.0;43.13195;5.90409;2024-09-24 20:20:00
202400047384.0;1;93;93032;2;1;1.0;2.0;48.87897429;2.53329992;2024-03-29 14:05:00
202400047385.0;1;62;62035;2;6;1.0;3.0;50.53117;2.60398;2024-05-03 17:06:00
202400047386.0;1;91;91339;1;1;1.0;2.0;48.631;2.271;2024-07-13 13:58:00
202400047387.0;1;7;7324;2;1;1.0;3.0;45.054348;4.838458;2024-02-06 09:30:00
202400047388.0;1;63;63233;1;2;1.0;3.0;46.183966;2.817703;2024-08-20 11:15:00
202400047389.0;1;61;61006;2;1;2.0;6.0;48.743581;-0.022096;2024-05-06 20:11:00
202400047390.0;5;7;7182;2;1;1.0;7.0;44.642674;4.315009;2024-02-18 03:30:00
202400047391.0;1;93;93047;2;9;1.0;6.0;48.89885951;2.5488579;2024-03-30 17:00:00
202400047392.0;2;83;83137;1;1;1.0;2.0;43.12376;5.89588;2024-09-24 06:40:00
202400047393.0;1;91;91514;2;9;1.0;6.0;48.67915;2.53488;2024-07-14 11:15:00
202400047394.0;1;44;44184;2;2;1.0;3.0;47.27754456;-2.21096367;2024-06-12 12:45:00
202400047395.0;1;61;61001;2;2;1.0;3.0;48.442991;0.087859;2024-05-06 08:35:00
202400047396.0;1;69;69099;1;2;1.0;3.0;45.724312;4.390191;2024-02-19 10:00:00
202400047397.0;3;93;93005;2;5;1.0;3.0;48.92940514;2.48005629;2024-03-30 20:20:00
202400047398.0;1;82;82033;1;1;1.0;2.0;44.01884;1.11869;2024-09-23 16:10:00
202400047399.0;1;91;91201;2;1;1.0;6.0;48.6954;2.4144;2024-07-14 11:20:00
202400047400.0;1;86;86113;2;3;1.0;7.0;46.483703;0.30807;2024-08-19 15:35:00
202400047401.0;1;59;59367;1;1;1.0;2.0;50.67144;3.22349;2024-05-06 18:40:00
202400047402.0;1;38;38151;2;3;1.0;6.0;45.14803655;5.72420955;2024-06-12 10:09:00
202400047403.0;5;9;9160;2;1;1.0;7.0;42.929464;1.856791;2024-02-18 19:22:00
202400047404.0;1;92;92077;2;1;1.0;6.0;48.8270465;2.18755031;2024-03-29 07:45:00
202400047405.0;3;31;31229;1;1;1.0;6.0;43.325654;1.126147;2024-02-18 19:45:00
202400047406.0;1;91;91027;2;1;1.0;3.0;48.70855;2.37142;2024-07-14 06:20:00
202400047407.0;1;58;58194;2;3;1.0;3.0;46.98467;3.1779;2024-05-06 09:55:00
202400047408.0;1;79;79081;2;3;8.0;3.0;46.34195;-0.38448;2024-09-23 17:05:00
202400047409.0;1;35;35238;2;1;1.0;6.0;48.10194;-1.70616;2024-06-12 19:20:00
202400047410.0;1;17;17092;1;1;8.0;7.0;45.336121;-0.418623;2024-02-19 13:45:00
202400047411.0;1;22;22147;1;1;3.0;5.0;48.194883;-2.375611;2024-08-20 09:25:00
202400047412.0;2;56;56083;2;6;1.0;7.0;47.80862;-3.25585;2024-05-05 05:24:00
202400047413.0;1;92;92072;2;9;1.0;2.0;48.82081523;2.20154679;2024-03-28 08:37:00
202400047414.0;1;78;78551;2;1;3.0;6.0;48.89315;2.0869;2024-09-24 17:12:00
202400047415.0;1;33;33018;2;3;1.0;7.0;45.016171;-0.38076;2024-02-17 16:15:00
202400047416.0;1;90;90010;2;3;1.0;3.0;47.65221;6.85038;2024-07-13 21:08:00
202400047417.0;1;35;35278;1;1;1.0;2.0;48.16259563;-1.70805484;2024-06-12 18:50:00
202400047418.0;3;92;92064;2;1;1.0;6.0;48.85780053;2.22043329;2024-03-29 01:53:00
202400047419.0;1;44;44014;1;1;1.0;6.0;47.073892;-1.521553;2024-08-21 08:40:00
202400047420.0;2;56;56098;2;6;1.0;3.0;47.767197;-3.339703;2024-05-03 19:26:00
202400047421.0;1;44;44172;2;6;1.0;6.0;47.253478;-1.475505;2024-02-17 11:50:00
202400047422.0;1;35;35051;1;1;1.0;7.0;48.10657;-1.59927;2024-06-12 14:50:00
202400047423.0;2;35;35257;1;1;2.0;6.0;48.407112;-1.338685;2024-02-18 08:15:00
202400047424.0;1;92;92040;2;6;8.0;6.0;48.821392;2.2502709;2024-03-30 18:15:00
202400047425.0;1;88;88413;2;2;1.0;7.0;48.28079;6.95458;2024-07-08 11:20:00
202400047426.0;3;44;44131;1;1;2.0;6.0;47.10641956;-2.05683449;2024-08-22 17:55:00
202400047427.0;1;54;54395;2;2;3.0;3.0;48.69055434;6.18891299;2024-05-06 08:51:00
202400047428.0;1;77;77251;2;2;2.0;3.0;48.62746;2.56029;2024-09-23 17:05:00
202400047429.0;2;92;92026;2;1;2.0;6.0;48.90521366;2.27259814;2024-03-29 18:30:00
202400047430.0;1;76;76020;1;2;8.0;3.0;49.456733;0.911546;2024-02-18 16:40:00
202400047431.0;1;35;35281;2;1;1.0;3.0;48.06752878;-1.72013015;2024-06-12 09:00:00
202400047432.0;3;52;52121;2;3;1.0;6.0;48.0845;5.143;2024-04-21 01:35:00
202400047433.0;3;85;85194;2;6;1.0;1.0;46.50726;-1.756522;2024-07-14 01:00:00
202400047434.0;1;92;92025;2;1;8.0;6.0;48.91590823;2.22887546;2024-03-30 09:55:00
202400047435.0;1;60;60241;1;1;8.0;7.0;49.116917;2.647727;2024-02-19 11:27:00
202400047436.0;1;33;33065;2;9;1.0;1.0;44.81807;-0.52272;2024-06-11 19:00:00
202400047437.0;1;51;51454;2;6;1.0;3.0;49.257156;4.039304;2024-05-06 17:00:00
202400047438.0;5;71;71270;2;6;2.0;3.0;46.32473;4.8385;2024-09-24 20:16:00
202400047439.0;1;92;92024;2;1;1.0;6.0;48.90098013;2.30543339;2024-03-30 13:46:00
202400047440.0;5;13;13212;1;1;1.0;2.0;43.30609;5.42538;2024-02-18 02:27:00
202400047441.0;1;29;29284;2;3;1.0;6.0;47.79377077;-4.27765386;2024-08-14 19:55:00
202400047442.0;5;85;85194;2;1;1.0;2.0;46.497453;-1.76517248;2024-07-14 00:01:00
202400047443.0;1;30;30189;2;1;1.0;6.0;43.83265;4.35153;2024-06-08 11:15:00
202400047444.0;1;51;51454;2;1;1.0;6.0;49.251965;4.031392;2024-05-06 11:13:00
202400047445.0;5;92;92012;2;1;1.0;6.0;48.83105351;2.2581507;2024-03-30 20:25:00
202400047446.0;1;58;58140;2;1;1.0;7.0;46.877274;4.001802;2024-08-20 15:15:00
202400047447.0;5;69;69259;2;2;1.0;3.0;45.6949;4.87997;2024-09-23 21:00:00
202400047448.0;1;23;23096;2;1;1.0;6.0;46.17255;1.87721;2024-06-12 08:05:00
202400047449.0;4;13;13211;1;1;1.0;2.0;43.28926028;5.49417318;2024-02-17 06:30:00
202400047450.0;1;83;83050;2;1;1.0;1.0;43.54347446;6.46165801;2024-07-13 18:40:00
202400047451.0;5;50;50129;2;1;1.0;3.0;49.65434;-1.64951;2024-05-03 22:30:00
202400047452.0;1;6;6079;2;1;1.0;7.0;43.534374;6.934851;2024-08-20 17:20:00
202400047453.0;3;92;92012;2;1;3.0;6.0;48.82889325;2.22817826;2024-03-30 01:30:00
202400047454.0;1;49;49353;2;1;3.0;6.0;47.44493;-0.50289;2024-05-06 14:05:00
202400047455.0;1;92;92012;2;1;1.0;7.0;48.83636;2.25217;2024-03-29 14:10:00
202400047456.0;1;90;90033;2;1;1.0;1.0;47.505033;6.992809;2024-08-20 16:00:00
202400047457.0;1;64;64445;2;2;1.0;3.0;43.30862;-0.36397;2024-09-24 14:30:00
202400047458.0;3;13;13085;1;1;1.0;5.0;43.24813;5.59618;2024-02-16 21:30:00
202400047459.0;1;13;13205;2;2;1.0;3.0;43.28943;5.3966;2024-06-10 17:10:00
202400047460.0;2;49;49007;2;6;2.0;7.0;47.4891;-0.54591;2024-05-04 20:03:00
202400047461.0;5;38;38449;1;1;1.0;6.0;45.6496;5.1162;2024-02-18 00:55:00
202400047462.0;1;81;81065;1;2;7.0;2.0;43.61538;2.17599;2024-07-14 12:30:00
202400047463.0;3;90;90090;1;1;1.0;6.0;47.470681;6.973374;2024-07-28 22:00:00
202400047464.0;1;62;62225;1;1;1.0;3.0;50.77660066;2.34476688;2024-09-19 18:45:00
202400047465.0;1;42;42259;1;1;1.0;7.0;45.54934845;4.60328311;2024-04-20 14:00:00
202400047466.0;1;11;11069;2;9;1.0;3.0;43.226;2.331;2024-06-11 18:50:00
202400047467.0;1;92;92012;2;3;8.0;3.0;48.85033462;2.23777261;2024-03-28 17:20:00
202400047468.0;5;76;76640;2;1;1.0;6.0;49.2843;1.04372;2024-07-13 22:40:00
202400047469.0;3;94;94038;1;1;1.0;6.0;48.78216174;2.34666688;2024-02-18 00:01:00
202400047470.0;1;42;42218;1;1;1.0;6.0;45.41543;4.39932;2024-05-05 19:15:00
202400047471.0;2;18;18105;1;1;7.0;3.0;47.129951;2.718687;2024-08-21 19:30:00
202400047472.0;1;6;6088;2;9;1.0;6.0;43.69536;7.25519;2024-06-12 19:56:00
202400047473.0;1;62;62186;2;3;1.0;3.0;50.4476;2.70168;2024-09-20 09:15:00
202400047474.0;1;95;95488;1;1;2.0;2.0;49.02485007;2.13227752;2024-02-18 11:45:00
202400047475.0;1;69;69256;2;1;1.0;3.0;45.77467;4.91387;2024-07-14 16:25:00
202400047476.0;5;37;37261;2;1;3.0;1.0;47.37734106;0.72684288;2024-05-06 23:05:00
202400047477.0;5;92;92007;2;1;2.0;1.0;48.80592085;2.32471347;2024-02-29 20:15:00
202400047478.0;1;94;94018;1;1;2.0;6.0;48.82253799;2.39690691;2024-02-18 12:50:00
202400047479.0;2;61;61001;2;2;8.0;3.0;48.438017;0.086446;2024-09-24 07:45:00
202400047480.0;1;53;53200;1;1;1.0;3.0;48.28410018;-0.64609158;2024-08-21 18:55:00
202400047481.0;1;6;6069;2;9;1.0;2.0;43.6437;6.95527;2024-06-12 18:50:00
202400047482.0;1;77;77495;1;1;1.0;2.0;48.5752302;2.63897523;2024-02-18 07:55:00
202400047483.0;1;35;35051;2;9;2.0;2.0;48.10254389;-1.60824984;2024-05-06 13:35:00
202400047484.0;1;61;61077;2;1;3.0;6.0;48.44158;0.128937;2024-09-21 19:22:00
202400047485.0;1;21;21063;1;1;1.0;7.0;47.687782;4.944198;2024-08-20 18:20:00
202400047486.0;1;64;64445;2;2;1.0;3.0;43.30492;-0.37057;2024-07-14 11:10:00
202400047487.0;3;92;92004;2;3;1.0;2.0;48.90802449;2.2677328;2024-03-29 21:45:00
202400047488.0;1;2;2738;2;1;2.0;2.0;49.665163;3.282797;2024-05-30 14:00:00
202400047489.0;1;76;76540;2;3;1.0;6.0;49.44144;1.0956;2024-02-16 11:00:00
202400047490.0;1;59;59599;2;1;2.0;6.0;50.724919;3.150008;2024-09-24 16:50:00
202400047491.0;2;35;35238;2;6;1.0;3.0;48.0875;-1.65108;2024-05-06 07:10:00
202400047492.0;3;62;62225;2;1;1.0;6.0;50.77647;2.34133;2024-07-13 03:40:00
202400047493.0;2;59;59599;2;1;1.0;6.0;50.718018;3.168938;2024-09-24 07:40:00
202400047494.0;1;34;34301;2;9;2.0;3.0;43.40266;3.694303;2024-05-06 13:00:00
202400047495.0;5;92;92078;2;2;1.0;3.0;48.93489399;2.32484694;2024-02-02 07:36:00
202400047496.0;1;30;30324;1;2;1.0;3.0;43.824689;4.129529;2024-08-15 15:20:00
202400047497.0;1;1;1283;2;6;1.0;2.0;46.266976;5.654353;2024-06-12 11:48:00
202400047498.0;1;92;92004;2;3;1.0;2.0;48.9191818;2.28582644;2024-03-29 08:10:00
202400047499.0;1;34;34032;2;1;1.0;6.0;43.33874;3.25368;2024-05-04 09:58:00
202400047500.0;3;974;97421;1;1;2.0;6.0;-21.00374259;55.57446635;2024-02-17 19:45:00
202400047501.0;2;978;97801;2;1;1.0;6.0;18.099937;-63.057178;2024-08-20 18:15:00
202400047502.0;1;56;56121;2;3;1.0;3.0;47.73579;-3.38977;2024-09-24 13:50:00
202400047503.0;1;62;62413;2;1;1.0;5.0;50.44130968;2.89055032;2024-07-14 20:00:00
202400047504.0;1;33;33281;2;9;2.0;3.0;44.83793;-0.67061;2024-05-06 13:15:00
202400047505.0;1;38;38253;1;1;1.0;6.0;45.032387;6.087295;2024-08-20 11:00:00
202400047506.0;1;973;97309;2;1;1.0;3.0;4.91999;-52.30445;2024-02-17 13:00:00
202400047507.0;1;1;1053;2;1;1.0;4.0;46.20962;5.22726;2024-06-12 12:15:00
202400047508.0;1;54;54547;2;1;1.0;6.0;48.654456;6.178676;2024-09-23 17:20:00
202400047509.0;5;69;69383;2;2;1.0;6.0;45.76294;4.86117;2024-02-17 19:10:00
202400047510.0;1;62;62498;2;3;1.0;3.0;50.44553;2.8152;2024-07-13 17:30:00
202400047511.0;2;69;69383;2;1;1.0;3.0;45.76042;4.84197;2024-02-17 07:25:00
202400047512.0;5;92;92004;1;3;3.0;3.0;48.91407;2.30991;2024-03-30 01:26:00
202400047513.0;1;51;51454;2;3;2.0;3.0;49.24076;4.05299;2024-09-24 11:20:00
202400047514.0;1;42;42163;1;1;1.0;1.0;46.19404;3.847929;2024-08-21 09:30:00
202400047515.0;1;1;1053;2;3;1.0;1.0;46.208;5.25677;2024-06-12 13:35:00
202400047516.0;1;69;69387;2;2;1.0;2.0;45.74792425;4.85194116;2024-02-16 15:55:00
202400047517.0;1;51;51454;2;1;1.0;3.0;49.26435;4.00985;2024-09-23 18:27:00
202400047518.0;1;62;62758;2;4;7.0;3.0;50.72055;1.62903;2024-07-14 18:20:00
202400047519.0;1;50;50115;1;1;1.0;6.0;48.773985;-1.371054;2024-03-30 16:30:00
202400047520.0;3;971;97115;2;1;1.0;3.0;16.264309;-61.642984;2024-08-20 18:30:00
202400047521.0;2;61;61077;2;1;1.0;6.0;48.441107;0.128132;2024-07-14 06:15:00
202400047522.0;5;972;97213;1;1;1.0;3.0;14.63848;-61.01017;2024-02-17 20:36:00
202400047523.0;1;51;51454;2;1;1.0;2.0;49.25084;4.02406;2024-09-23 17:15:00
202400047524.0;3;1;1052;1;1;1.0;6.0;46.017439;5.003318;2024-03-30 00:14:00
202400047525.0;2;75;75114;2;4;1.0;6.0;48.8193028;2.32866168;2024-06-11 21:35:00
202400047526.0;1;971;97113;1;1;1.0;6.0;16.20737716;-61.49327338;2024-02-17 13:30:00
202400047527.0;2;50;50502;2;1;2.0;6.0;49.11644;-1.09922;2024-09-24 07:20:00
202400047528.0;1;971;97101;2;1;1.0;3.0;16.26657;-61.509;2024-02-17 06:25:00
202400047529.0;1;62;62837;1;1;1.0;6.0;50.65087236;2.0381971;2024-03-31 09:50:00
202400047530.0;1;77;77045;2;1;3.0;1.0;48.192927;2.659335;2024-08-20 19:15:00
202400047531.0;1;49;49007;2;9;1.0;3.0;47.4752;-0.53436;2024-09-24 19:07:00
202400047532.0;2;59;59378;2;5;1.0;3.0;50.67961;3.1143;2024-07-14 05:36:00
202400047533.0;5;95;95585;2;1;1.0;2.0;48.98785902;2.39006452;2024-02-17 20:05:00
202400047534.0;1;95;95585;2;1;1.0;5.0;48.97920302;2.3685285;2024-02-17 13:15:00
202400047535.0;1;75;75115;2;3;1.0;3.0;48.846211;2.276648;2024-06-12 15:10:00
202400047536.0;1;30;30153;1;1;1.0;7.0;44.427122;4.030146;2024-08-21 15:45:00
202400047537.0;1;59;59009;2;1;1.0;6.0;50.63594;3.12632;2024-07-14 10:10:00
202400047538.0;1;49;49007;1;1;8.0;4.0;47.46779;-0.5851;2024-09-24 07:50:00
202400047539.0;1;41;41013;1;1;1.0;1.0;47.515828;1.634597;2024-03-31 11:10:00
202400047540.0;5;75;75111;2;1;1.0;6.0;48.851778;2.390228;2024-06-11 23:50:00
202400047541.0;3;11;11188;1;1;6.0;7.0;42.968969;2.998806;2024-08-21 00:00:00
202400047542.0;5;91;91114;2;1;1.0;4.0;48.68001;2.49424;2024-02-17 19:20:00
202400047543.0;5;59;59183;2;1;1.0;6.0;51.052764;2.411975;2024-07-14 00:50:00
202400047544.0;1;49;49007;2;1;8.0;3.0;47.46783;-0.55925;2024-09-23 07:55:00
202400047545.0;1;75;75111;2;3;1.0;7.0;48.852293;2.389019;2024-06-11 13:40:00
202400047546.0;1;5;5070;2;1;1.0;3.0;44.31765;5.820109;2024-08-21 14:00:00
202400047547.0;4;972;97207;1;1;1.0;2.0;14.581943;-60.980022;2024-03-30 22:00:00
202400047548.0;1;86;86214;2;3;1.0;1.0;46.547138;0.342683;2024-02-17 09:58:00
202400047549.0;1;56;56260;2;6;7.0;3.0;47.66914;-2.78835;2024-07-12 07:52:00
202400047550.0;1;75;75107;2;1;1.0;7.0;48.85684;2.307703;2024-06-12 12:10:00
202400047551.0;1;46;46042;1;1;1.0;1.0;44.47303;1.45588;2024-08-13 17:35:00
202400047552.0;5;30;30103;1;1;1.0;7.0;43.958874;4.657688;2024-03-30 20:15:00
202400047553.0;3;85;85191;2;1;1.0;6.0;46.6731;-1.40968;2024-02-17 00:22:00
202400047554.0;1;89;89206;2;3;1.0;3.0;47.974521;3.394732;2024-08-21 06:47:00
202400047555.0;1;82;82033;1;1;1.0;7.0;44.03076;1.14972;2024-02-17 16:00:00
202400047556.0;1;75;75101;2;3;1.0;6.0;48.858671;2.341621;2024-06-12 13:35:00
202400047557.0;1;44;44184;2;3;1.0;6.0;47.26112;-2.22464;2024-09-24 14:00:00
202400047558.0;1;54;54528;1;4;1.0;4.0;48.65214;5.87175;2024-07-13 10:45:00
202400047559.0;1;79;79063;1;1;7.0;7.0;47.049511;-0.34777;2024-03-30 17:38:00
202400047560.0;5;80;80021;2;1;1.0;6.0;49.88967;2.30885;2024-02-17 23:15:00
202400047561.0;1;38;38349;2;2;2.0;3.0;45.30793;4.80168;2024-08-21 09:25:00
202400047562.0;3;80;80021;2;1;1.0;7.0;49.89673;2.29784;2024-02-18 00:50:00
202400047563.0;1;44;44109;2;1;1.0;3.0;47.19958;-1.56154;2024-09-24 18:25:00
202400047564.0;5;75;75102;2;2;1.0;3.0;48.86624;2.352508;2024-06-12 01:30:00
202400047565.0;1;29;29302;1;1;1.0;1.0;48.26580764;-4.08299536;2024-03-30 13:40:00
202400047566.0;5;75;75101;2;1;1.0;7.0;48.85977;2.334871;2024-06-11 23:30:00
202400047567.0;1;38;38328;1;1;1.0;7.0;45.249588;5.724306;2024-08-20 17:00:00
202400047568.0;5;77;77255;2;1;1.0;3.0;48.50956;2.67909;2024-02-17 03:00:00
202400047569.0;1;26;26113;1;1;8.0;7.0;44.766465;5.328777;2024-03-30 16:45:00