Num_Acc;lum;departement;commune;agglomeration;intersection;meteo;type_collision;lat;long;date
202400047570.0;1;94;94073;2;2;1.0;6.0;48.7628788;2.40114024;2024-06-12 13:45:00
202400047571.0;1;81;81271;2;1;2.0;6.0;43.773275;1.685506;2024-08-14 09:35:00
202400047572.0;5;77;77037;2;2;1.0;1.0;48.46494;2.69982;2024-02-17 23:11:00
202400047573.0;1;94;94071;2;1;1.0;1.0;48.76965946;2.51022805;2024-06-12 19:20:00
202400047574.0;1;14;14623;2;2;1.0;6.0;49.113743;-0.374447;2024-03-31 11:00:00
202400047575.0;5;45;45208;2;6;1.0;6.0;47.99662;2.72703;2024-07-14 03:30:00
202400047576.0;3;65;65059;2;4;1.0;6.0;42.909795;0.169011;2024-08-21 00:15:00
202400047577.0;3;77;77186;1;3;1.0;3.0;48.39662;2.71071;2024-02-17 04:50:00
202400047578.0;3;60;60536;1;1;3.0;6.0;49.3099222;2.69506216;2024-03-30 02:45:00
202400047579.0;1;94;94075;2;1;1.0;2.0;48.72360804;2.52892014;2024-06-12 09:16:00
202400047580.0;5;41;41018;2;7;1.0;1.0;47.58613;1.33608;2024-09-23 22:34:00
202400047581.0;1;43;43257;1;1;2.0;7.0;45.041295;3.744289;2024-03-31 10:30:00
202400047582.0;3;44;44109;1;1;1.0;2.0;47.19384175;-1.61363035;2024-07-14 23:35:00
202400047583.0;1;94;94018;2;1;1.0;3.0;48.82475;2.4145;2024-06-12 17:10:00
202400047584.0;1;76;76540;2;1;1.0;1.0;49.438416;1.08991;2024-02-17 13:00:00
202400047585.0;1;33;33089;1;1;1.0;1.0;45.16798;-0.570732;2024-08-21 17:45:00
202400047586.0;1;38;38053;2;6;1.0;2.0;45.60725825;5.25365371;2024-08-12 08:05:00
202400047587.0;1;93;93066;2;1;1.0;6.0;48.936658;2.348032;2024-06-12 16:30:00
202400047588.0;1;69;69266;2;1;1.0;6.0;45.75992;4.89698;2024-02-16 08:07:00
202400047589.0;1;37;37195;2;4;1.0;3.0;47.38566;0.64791;2024-07-14 17:45:00
202400047590.0;1;37;37214;2;1;1.0;6.0;47.40057;0.67879;2024-09-23 14:00:00
202400047591.0;1;44;44172;2;1;1.0;3.0;47.262525;-1.475687;2024-08-21 16:05:00
202400047592.0;3;16;16230;1;2;1.0;3.0;45.424101;0.1488706;2024-03-30 05:30:00
202400047593.0;1;93;93066;2;1;1.0;3.0;48.90711;2.35804;2024-06-12 07:30:00
202400047594.0;1;50;50099;1;1;1.0;7.0;49.290944;-1.260756;2024-08-20 20:30:00
202400047595.0;1;35;35238;2;2;1.0;6.0;48.11461039;-1.65704448;2024-09-24 16:00:00
202400047596.0;1;69;69290;2;1;1.0;3.0;45.69384368;4.93244718;2024-02-17 10:00:00
202400047597.0;1;37;37261;2;2;1.0;6.0;47.38716;0.69003;2024-07-14 13:05:00
202400047598.0;5;69;69276;2;9;1.0;6.0;45.68211;4.86823;2024-02-17 05:40:00
202400047599.0;1;93;93066;2;3;1.0;3.0;48.932681;2.36581;2024-06-10 18:09:00
202400047600.0;1;85;85031;1;1;1.0;3.0;46.79793;-0.91459;2024-03-30 08:00:00
202400047601.0;3;29;29247;1;2;1.0;1.0;47.948895;-3.997034;2024-08-17 23:00:00
202400047602.0;1;35;35238;2;2;2.0;3.0;48.10028;-1.64999;2024-09-24 09:00:00
202400047603.0;5;68;68376;2;3;1.0;3.0;47.82475;7.33436;2024-02-16 20:00:00
202400047604.0;1;93;93014;2;1;1.0;3.0;48.91364;2.56393;2024-06-12 11:36:00
202400047605.0;1;27;27051;2;1;1.0;6.0;49.080131;0.770234;2024-03-30 16:30:00
202400047606.0;3;60;60446;1;1;1.0;6.0;49.13397117;2.7980504;2024-08-21 03:15:00
202400047607.0;5;34;34129;2;1;1.0;6.0;43.56829;3.90381;2024-09-24 21:10:00
202400047608.0;5;67;67267;2;6;3.0;3.0;48.555672;7.692959;2024-02-16 19:40:00
202400047609.0;1;93;93046;2;2;1.0;3.0;48.91652;2.53172;2024-06-12 07:50:00
202400047610.0;1;60;60612;1;6;1.0;3.0;49.209313;2.609854;2024-08-21 07:56:00
202400047611.0;1;64;64545;2;1;1.0;3.0;43.3779;-1.6721;2024-02-17 14:30:00
202400047612.0;1;87;87140;1;1;2.0;6.0;45.896747;0.955456;2024-03-30 10:40:00
202400047613.0;1;92;92075;2;1;1.0;6.0;48.81541943;2.27706546;2024-06-12 10:13:00
202400047614.0;1;34;34172;2;8;1.0;3.0;43.63048;3.84177;2024-09-23 13:25:00
202400047615.0;3;64;64125;2;1;1.0;1.0;43.43999;-1.56165;2024-02-17 19:45:00
202400047616.0;1;37;37261;2;1;1.0;3.0;47.37594;0.69467;2024-07-13 14:30:00
202400047617.0;1;92;92075;2;1;1.0;7.0;48.81495;2.27806;2024-06-12 07:30:00
202400047618.0;1;10;10084;1;1;1.0;6.0;48.4052;4.1487;2024-03-30 15:50:00
202400047619.0;1;80;80695;1;1;1.0;2.0;50.03132418;2.88432956;2024-08-21 13:10:00
202400047620.0;1;64;64122;2;2;1.0;3.0;43.45568115;-1.54353082;2024-02-16 15:25:00
202400047621.0;1;92;92073;2;3;1.0;3.0;48.8650223;2.20502967;2024-06-12 19:40:00
202400047622.0;1;34;34172;2;3;1.0;3.0;43.624456;3.862811;2024-09-23 15:30:00
202400047623.0;1;37;37261;2;9;1.0;4.0;47.36975324;0.67248005;2024-07-13 14:10:00
202400047624.0;5;987;98738;2;1;1.0;6.0;-17.61730013;-149.61434305;2024-03-31 01:00:00
202400047625.0;1;64;64102;2;6;1.0;3.0;43.49925;-1.48127;2024-02-17 17:00:00
202400047626.0;1;62;62158;1;4;2.0;1.0;50.30266;2.257261;2024-08-20 16:50:00
202400047627.0;4;35;35238;2;1;1.0;6.0;48.10986559;-1.66719368;2024-07-15 00:07:00
202400047628.0;1;92;92064;2;2;1.0;4.0;48.8406719;2.20720991;2024-06-12 12:00:00
202400047629.0;1;33;33192;2;3;1.0;6.0;44.77080447;-0.627653;2024-09-24 17:15:00
202400047630.0;5;62;62193;2;9;1.0;6.0;50.95294888;1.89180797;2024-02-17 19:00:00
202400047631.0;1;59;59256;1;1;2.0;1.0;50.574794;3.11891;2024-08-16 13:20:00
202400047632.0;1;92;92051;2;1;1.0;2.0;48.8821;2.26908;2024-06-12 16:31:00
202400047633.0;1;62;62764;2;1;1.0;6.0;50.30536472;2.78632951;2024-02-17 09:30:00
202400047634.0;1;33;33063;2;1;1.0;3.0;44.81388;-0.56727;2024-09-24 16:01:00
202400047635.0;2;35;35238;2;2;1.0;3.0;48.10855;-1.69297;2024-07-14 21:45:00
202400047636.0;1;13;13212;1;1;1.0;3.0;43.31505;5.42295;2024-08-19 08:30:00
202400047637.0;1;92;92040;2;1;1.0;6.0;48.82603281;2.26945907;2024-06-12 19:20:00
202400047638.0;5;59;59599;2;1;1.0;6.0;50.73135;3.18376;2024-02-17 02:27:00
202400047639.0;1;35;35115;2;1;2.0;2.0;48.34593667;-1.17935121;2024-07-09 14:35:00
202400047640.0;5;59;59043;2;1;1.0;6.0;50.74291;2.74019;2024-02-17 19:10:00
202400047641.0;1;33;33063;2;9;2.0;3.0;44.83324;-0.5617;2024-09-24 09:12:00
202400047642.0;5;92;92024;2;1;1.0;2.0;48.90264567;2.3188507;2024-06-11 23:50:00
202400047643.0;1;83;83137;1;1;1.0;4.0;43.1243264;5.96492815;2024-08-19 14:15:00
202400047644.0;1;92;92007;2;1;1.0;6.0;48.80069399;2.31376827;2024-06-12 16:45:00
202400047645.0;5;51;51454;2;3;1.0;3.0;49.273466;4.023993;2024-02-17 23:10:00
202400047646.0;5;33;33522;2;4;2.0;6.0;44.80172519;-0.59376866;2024-09-24 05:00:00
202400047647.0;5;38;38544;1;1;1.0;6.0;45.54510402;4.83990113;2024-08-17 20:47:00
202400047648.0;2;34;34172;2;2;1.0;3.0;43.63811;3.822501;2024-07-14 20:45:00
202400047649.0;1;92;92004;2;1;2.0;6.0;48.90482243;2.28796881;2024-06-12 20:25:00
202400047650.0;3;49;49267;2;1;1.0;7.0;47.46737;-0.50195;2024-02-16 23:35:00
202400047651.0;3;67;67482;1;1;1.0;6.0;48.58377;7.72638;2024-08-17 00:30:00
202400047652.0;3;14;14221;1;1;3.0;7.0;49.17306;-0.26892;2024-09-22 00:05:00
202400047653.0;1;34;34129;1;1;1.0;6.0;43.55926;3.86547;2024-07-14 11:20:00
202400047654.0;3;49;49267;2;1;1.0;2.0;47.47104;-0.51083;2024-02-18 02:27:00
202400047655.0;1;47;47083;1;1;1.0;3.0;44.654428;0.687418;2024-06-12 14:35:00
202400047656.0;1;13;13117;1;1;1.0;5.0;43.43235;5.24794;2024-09-23 09:45:00
202400047657.0;1;49;49246;2;1;1.0;3.0;47.41161;-0.52393;2024-02-17 13:00:00
202400047658.0;1;33;33039;2;2;1.0;3.0;44.79002;-0.56416;2024-07-14 15:00:00
202400047659.0;3;46;46042;1;1;1.0;7.0;44.45368;1.41281;2024-02-17 04:50:00
202400047660.0;1;33;33249;1;1;1.0;4.0;44.88745;-0.50584;2024-08-19 15:11:00
202400047661.0;1;68;68058;2;3;1.0;4.0;47.932971;7.184254;2024-06-12 13:25:00
202400047662.0;1;10;10387;2;3;1.0;3.0;48.2972;4.0886;2024-09-23 10:10:00
202400047663.0;2;45;45285;2;1;1.0;6.0;47.90562;1.8688;2024-02-17 18:30:00
202400047664.0;1;86;86070;2;1;1.0;6.0;46.577927;0.643097;2024-06-13 15:20:00
202400047665.0;1;45;45075;2;1;1.0;2.0;47.893375;1.848656;2024-02-16 16:45:00
202400047666.0;1;33;33003;1;1;1.0;2.0;44.930001;-0.469656;2024-08-19 14:28:00
202400047667.0;1;10;10325;2;1;1.0;6.0;48.25781;4.065;2024-09-23 08:30:00
202400047668.0;1;33;33281;2;1;1.0;4.0;44.81389;-0.68745;2024-07-13 13:50:00
202400047669.0;1;59;59499;1;2;1.0;3.0;50.933206;2.563816;2024-06-12 16:10:00
202400047670.0;5;44;44109;2;1;1.0;6.0;47.22799;-1.56143;2024-02-17 19:55:00
202400047671.0;1;44;44162;2;1;1.0;6.0;47.21922684;-1.64059818;2024-02-17 16:50:00
202400047672.0;1;6;6088;2;2;1.0;6.0;43.71729;7.29244;2024-09-24 17:08:00
202400047673.0;1;31;31555;2;1;1.0;2.0;43.63472923;1.47794008;2024-07-14 07:04:00
202400047674.0;1;33;33143;1;1;1.0;4.0;44.95546244;-0.45311749;2024-08-19 12:04:00
202400047675.0;1;62;62868;1;2;1.0;3.0;50.354211;2.127795;2024-06-11 17:00:00
202400047676.0;5;37;37214;2;1;1.0;3.0;47.4025;0.67876;2024-02-17 07:50:00
202400047677.0;1;29;29232;2;6;1.0;6.0;47.97943335;-4.0941961;2024-07-14 21:17:00
202400047678.0;1;6;6088;2;1;1.0;3.0;43.6774514;7.2192648;2024-09-24 10:31:00
202400047679.0;5;35;35055;2;3;1.0;6.0;48.08816231;-1.61777705;2024-02-17 19:00:00
202400047680.0;5;31;31555;2;9;1.0;6.0;43.60679;1.428247;2024-02-17 19:00:00
202400047681.0;1;91;91235;1;1;3.0;4.0;48.62489;2.363;2024-08-20 18:20:00
202400047682.0;1;27;27554;2;1;1.0;6.0;49.09807;1.38169;2024-07-14 12:40:00
202400047683.0;1;6;6088;2;1;3.0;1.0;43.692898;7.229538;2024-09-23 09:17:00
202400047684.0;1;83;83021;1;1;1.0;1.0;43.460325;5.921792;2024-06-13 08:15:00
202400047685.0;1;29;29019;2;1;1.0;4.0;48.42257538;-4.47700816;2024-02-17 14:30:00
202400047686.0;1;75;75120;2;1;1.0;2.0;48.870536;2.413224;2024-09-24 17:10:00
202400047687.0;1;51;51638;1;1;1.0;1.0;48.837987;4.141331;2024-06-13 09:05:00
202400047688.0;1;27;27299;2;3;1.0;3.0;49.04603;1.16149;2024-02-17 16:15:00
202400047689.0;1;14;14304;1;1;8.0;7.0;49.37544;0.25637;2024-07-12 14:15:00
202400047690.0;1;91;91161;1;1;1.0;3.0;48.6959697;2.31713891;2024-08-20 12:30:00
202400047691.0;3;56;56166;1;6;1.0;6.0;47.927321;-3.356715;2024-06-12 23:40:00
202400047692.0;1;25;25462;2;1;5.0;6.0;46.91;6.35;2024-02-17 16:30:00
202400047693.0;2;75;75115;2;1;2.0;2.0;48.826087;2.298306;2024-09-24 07:20:00
202400047694.0;1;13;13103;2;1;1.0;1.0;43.65027138;5.09765615;2024-07-14 13:34:00
202400047695.0;1;76;76034;2;1;1.0;3.0;49.716468;1.107473;2024-06-07 08:30:00
202400047696.0;1;78;78362;1;1;7.0;2.0;48.97819;1.70979;2024-08-19 15:50:00
202400047697.0;1;25;25462;2;3;1.0;3.0;46.91377;6.34619;2024-02-16 14:20:00
202400047698.0;1;75;75119;2;1;2.0;2.0;48.880227;2.406129;2024-09-23 17:30:00
202400047699.0;1;9;9122;2;1;1.0;5.0;42.97058352;1.60805404;2024-07-14 17:00:00
202400047700.0;5;25;25056;2;1;2.0;6.0;47.227804;6.030443;2024-02-18 01:40:00
202400047701.0;1;93;93064;1;1;1.0;3.0;48.88401889;2.47154067;2024-08-20 16:50:00
202400047702.0;1;2A;2A092;1;1;1.0;2.0;41.767591;9.406266;2024-06-13 07:05:00
202400047703.0;1;5;5061;2;1;8.0;2.0;44.5511883;6.07017964;2024-11-25 16:20:00
202400047704.0;1;18;18279;2;3;2.0;3.0;47.22717;2.06137;2024-02-16 08:55:00
202400047705.0;1;6;6069;2;1;1.0;2.0;43.6444246;6.9003857;2024-07-14 15:45:00
202400047706.0;5;3;3023;2;1;2.0;6.0;46.11795;3.41538;2024-12-05 21:00:00
202400047707.0;1;31;31056;2;1;1.0;3.0;43.66025654;1.36937767;2024-06-11 12:00:00
202400047708.0;4;75;75112;2;1;1.0;4.0;48.844941;2.414035;2024-09-22 19:00:00
202400047709.0;1;13;13207;2;1;1.0;3.0;43.28582;5.36017;2024-02-16 11:30:00
202400047710.0;1;95;95277;1;1;1.0;2.0;48.96893169;2.47975723;2024-08-20 06:25:00
202400047711.0;1;65;65099;1;1;1.0;3.0;42.867008;0.399333;2024-06-13 09:30:00
202400047712.0;1;3;3185;2;2;1.0;6.0;46.34505;2.61771;2024-12-04 15:49:00
202400047713.0;1;6;6030;2;1;1.0;2.0;43.57276;7.01282;2024-07-13 14:30:00
202400047714.0;2;6;6088;2;1;1.0;6.0;43.73196;7.25406;2024-02-17 19:37:00
202400047715.0;5;94;94073;1;1;2.0;3.0;48.76993898;2.38113352;2024-08-20 20:55:00
202400047716.0;1;81;81080;1;2;1.0;3.0;44.02271916;1.94028854;2024-06-12 18:00:00
202400047717.0;5;75;75115;2;4;2.0;2.0;48.83480719;2.27403063;2024-09-22 05:30:00
202400047718.0;1;6;6088;2;1;1.0;6.0;43.677;7.226;2024-02-17 14:39:00
202400047719.0;2;75;75119;2;1;1.0;2.0;48.900577;2.388861;2024-07-14 06:25:00
202400047720.0;1;75;75112;2;1;1.0;2.0;48.835491;2.379606;2024-12-04 15:45:00
202400047721.0;1;63;63273;2;6;1.0;2.0;45.730019;3.228226;2024-06-12 12:30:00
202400047722.0;2;4;4112;2;1;1.0;3.0;43.82449;5.78439;2024-02-17 18:20:00
202400047723.0;1;94;94033;1;1;2.0;2.0;48.85106447;2.49004498;2024-08-20 17:00:00
202400047724.0;5;75;75117;2;1;1.0;3.0;48.898614;2.316055;2024-02-16 20:20:00
202400047725.0;1;75;75118;2;4;2.0;3.0;48.884648;2.329673;2024-09-24 09:39:00
202400047726.0;5;75;75113;2;1;1.0;5.0;48.822909;2.38139;2024-07-13 23:35:00
202400047727.0;1;75;75113;2;1;2.0;6.0;48.82692;2.365839;2024-12-05 08:28:00
202400047728.0;1;94;94074;1;1;1.0;2.0;48.76893701;2.45045185;2024-08-19 09:15:00
202400047729.0;1;12;12025;1;3;1.0;2.0;43.86249;2.751635;2024-06-12 16:40:00
202400047730.0;3;75;75117;2;1;1.0;7.0;48.88098516;2.28183568;2024-02-16 03:30:00
202400047731.0;5;75;75120;2;1;2.0;2.0;48.867418;2.384547;2024-12-05 18:30:00
202400047732.0;5;75;75113;2;1;1.0;3.0;48.826635;2.388995;2024-07-14 00:05:00
202400047733.0;1;75;75119;2;1;1.0;3.0;48.884411;2.365812;2024-02-17 16:35:00
202400047734.0;1;46;46339;1;4;1.0;3.0;44.8218118;1.88036084;2024-06-13 08:21:00
202400047735.0;1;75;75117;2;4;1.0;3.0;48.892879;2.327;2024-09-24 16:50:00
202400047736.0;1;76;76575;2;6;2.0;3.0;49.39109;1.09938;2024-05-31 18:00:00
202400047737.0;5;57;57672;2;3;1.0;6.0;49.35288;6.16103;2024-10-26 21:05:00
202400047738.0;1;75;75119;2;1;2.0;6.0;48.888516;2.397939;2024-12-05 15:32:00
202400047739.0;5;75;75119;2;7;1.0;7.0;48.878059;2.370835;2024-02-17 00:25:00
202400047740.0;1;47;47038;1;1;1.0;3.0;44.332383;0.381689;2024-06-12 20:25:00
202400047741.0;1;75;75117;2;3;1.0;3.0;48.889541;2.326322;2024-07-14 09:45:00
202400047742.0;1;75;75117;2;7;2.0;3.0;48.885305;2.296903;2024-12-05 10:30:00
202400047743.0;1;17;17299;1;1;1.0;2.0;45.958752;-0.976737;2024-06-05 17:50:00
202400047744.0;1;57;57306;2;1;1.0;6.0;49.3272;6.05615;2024-10-26 18:00:00
202400047745.0;1;75;75116;2;5;2.0;2.0;48.848162;2.259893;2024-09-24 17:30:00
202400047746.0;1;75;75116;2;1;8.0;6.0;48.86568;2.265405;2024-07-14 14:30:00
202400047747.0;3;86;86281;1;2;1.0;3.0;46.702785;0.299548;2024-06-12 23:20:00
202400047748.0;1;75;75115;2;2;8.0;3.0;48.837062;2.274453;2024-12-05 13:40:00
202400047749.0;1;75;75117;2;3;1.0;3.0;48.883953;2.295007;2024-02-17 12:20:00
202400047750.0;1;54;54578;2;3;1.0;1.0;48.65543;6.11309;2024-10-28 13:56:00
202400047751.0;1;973;97302;2;2;1.0;3.0;4.93463;-52.33069;2024-08-18 09:30:00
202400047752.0;1;25;25510;1;1;1.0;5.0;47.280677;5.803116;2024-06-12 16:56:00
202400047753.0;1;75;75116;2;3;1.0;2.0;48.863059;2.269821;2024-09-19 16:00:00
202400047754.0;5;75;75116;2;3;1.0;3.0;48.8529;2.281018;2024-07-14 04:10:00
202400047755.0;5;75;75108;2;7;1.0;2.0;48.864383;2.301801;2024-02-17 21:50:00
202400047756.0;1;75;75115;2;1;2.0;2.0;48.838251;2.288117;2024-12-05 12:15:00
202400047757.0;1;973;97302;2;1;1.0;3.0;4.91619;-52.30979;2024-08-17 13:35:00
202400047758.0;1;29;29177;1;3;1.0;6.0;48.46665893;-4.7275923;2024-06-12 16:20:00
202400047759.0;3;54;54051;1;1;8.0;1.0;49.18758;5.98063;2024-10-29 18:00:00
202400047760.0;1;75;75116;2;3;1.0;6.0;48.871331;2.277687;2024-09-24 14:05:00
202400047761.0;1;75;75115;2;1;1.0;3.0;48.838661;2.269379;2024-07-14 09:15:00
202400047762.0;1;75;75115;2;1;1.0;6.0;48.853554;2.289888;2024-12-04 08:45:00
202400047763.0;1;29;29037;1;1;1.0;2.0;47.883945;-4.166184;2024-06-12 17:24:00
202400047764.0;5;971;97120;2;1;1.0;6.0;16.22083;-61.52713;2024-08-19 01:40:00
202400047765.0;1;54;54263;2;1;1.0;6.0;49.21948;6.00416;2024-10-29 09:15:00
202400047766.0;5;75;75115;2;2;1.0;3.0;48.83718;2.300152;2024-02-17 00:01:00
202400047767.0;5;75;75114;2;2;1.0;2.0;48.831628;2.324415;2024-12-04 17:10:00
202400047768.0;1;75;75115;2;3;8.0;6.0;48.844572;2.318376;2024-09-24 17:25:00
202400047769.0;1;3;3258;1;1;1.0;6.0;46.18145;3.370131;2024-06-13 10:00:00
202400047770.0;1;75;75110;2;7;1.0;2.0;48.877676;2.37008035;2024-07-14 14:35:00
202400047771.0;5;971;97101;1;1;1.0;6.0;16.24934;-61.53275;2024-08-17 19:25:00
202400047772.0;5;94;94015;2;5;1.0;2.0;48.837343;2.51844;2024-02-17 20:40:00
202400047773.0;1;75;75113;2;3;2.0;3.0;48.816031;2.345999;2024-12-05 09:50:00
202400047774.0;1;1;1357;1;1;1.0;1.0;46.187288;5.737962;2024-06-13 17:00:00
202400047775.0;1;75;75107;2;1;1.0;3.0;48.862124;2.320794;2024-07-14 15:43:00
202400047776.0;1;51;51454;2;3;1.0;3.0;49.27583;4.01724;2024-10-29 11:25:00
202400047777.0;5;95;95074;2;1;1.0;3.0;49.02370388;1.99951898;2024-08-19 00:01:00
202400047778.0;1;75;75115;2;5;1.0;3.0;48.84044082;2.31510293;2024-09-24 09:35:00
202400047779.0;5;94;94077;2;3;1.0;3.0;48.728784;2.406158;2024-02-17 19:50:00
202400047780.0;2;75;75113;2;1;2.0;6.0;48.81862;2.35976;2024-12-05 08:30:00
202400047781.0;1;75;75107;2;1;3.0;7.0;48.858;2.292;2024-09-24 10:00:00
202400047782.0;1;49;49267;1;1;8.0;3.0;47.47792;-0.49081;2024-10-28 07:50:00
202400047783.0;2;94;94059;2;1;1.0;2.0;48.80273;2.57303;2024-02-17 17:25:00
202400047784.0;1;94;94052;2;2;1.0;3.0;48.835839;2.488612;2024-07-14 18:40:00
202400047785.0;1;72;72300;2;1;1.0;4.0;48.029973;0.376099;2024-04-15 16:00:00
202400047786.0;1;75;75111;2;4;2.0;6.0;48.855463;2.370499;2024-12-05 13:50:00
202400047787.0;5;87;87085;2;3;1.0;3.0;45.82615272;1.26734197;2024-08-18 22:28:00
202400047788.0;1;75;75114;2;3;2.0;6.0;48.835971;2.327599;2024-09-23 14:15:00
202400047789.0;5;87;87085;2;1;1.0;6.0;45.84688;1.26109;2024-08-16 21:48:00
202400047790.0;5;47;47027;2;9;1.0;6.0;44.40326;0.67651;2024-10-28 18:20:00
202400047791.0;1;94;94037;2;1;1.0;2.0;48.81660301;2.33623263;2024-07-14 18:30:00
202400047792.0;1;75;75110;2;2;2.0;6.0;48.884301;2.36152;2024-12-05 14:00:00
202400047793.0;5;94;94070;2;2;1.0;3.0;48.71983918;2.56630853;2024-02-17 05:26:00
202400047794.0;1;7;7013;1;1;1.0;6.0;45.19291387;4.75588266;2024-06-12 16:24:00
202400047795.0;5;94;94018;2;1;1.0;6.0;48.81666;2.41667;2024-07-14 22:00:00
202400047796.0;1;42;42207;2;5;1.0;6.0;45.47405285;4.51311529;2024-10-29 12:30:00
202400047797.0;5;75;75110;2;2;2.0;6.0;48.881105;2.365135;2024-12-05 07:42:00
202400047798.0;1;87;87085;2;3;1.0;3.0;45.847;1.23385;2024-08-16 18:38:00
202400047799.0;5;75;75105;2;3;2.0;3.0;48.838259;2.34206;2024-09-24 07:15:00
202400047800.0;1;7;7010;2;1;1.0;6.0;45.250842;4.681098;2024-06-13 17:25:00
202400047801.0;1;94;94071;2;3;1.0;6.0;48.77269;2.515648;2024-02-17 13:05:00
202400047802.0;1;93;93059;2;1;1.0;6.0;48.96224;2.35918;2024-07-14 18:50:00
202400047803.0;5;38;38185;2;1;1.0;6.0;45.16125;5.72848;2024-10-29 18:50:00
202400047804.0;5;75;75108;2;2;2.0;3.0;48.86837;2.32329;2024-12-05 18:20:00
202400047805.0;1;7;7010;1;1;1.0;7.0;45.236459;4.640994;2024-06-13 17:00:00
202400047806.0;5;93;93031;2;1;1.0;7.0;48.94774;2.34407;2024-02-17 12:01:00
202400047807.0;1;75;75112;2;3;9.0;3.0;48.846493;2.366948;2024-09-24 11:35:00
202400047808.0;1;93;93066;2;1;1.0;6.0;48.944848;2.380686;2024-07-14 20:34:00
202400047809.0;1;34;34172;2;1;1.0;6.0;43.62816;3.87084;2024-10-29 15:50:00
202400047810.0;5;94;94015;2;7;2.0;3.0;48.844304;2.525932;2024-12-05 19:05:00
202400047811.0;1;84;84035;2;1;1.0;5.0;43.830023;5.036855;2024-08-19 13:56:00
202400047812.0;1;7;7010;1;1;1.0;6.0;45.23687262;4.61958766;2024-06-13 10:20:00
202400047813.0;1;34;34172;2;1;8.0;6.0;43.61538;3.91669;2024-10-28 16:50:00
202400047814.0;5;93;93070;2;3;1.0;3.0;48.91463118;2.33708382;2024-02-16 22:40:00
202400047815.0;2;93;93077;2;1;1.0;6.0;48.89033;2.50158;2024-07-14 06:00:00
202400047816.0;5;94;94018;2;1;1.0;3.0;48.828851;2.40221;2024-12-04 19:10:00
202400047817.0;1;75;75111;2;4;8.0;6.0;48.866488;2.364754;2024-09-24 13:30:00
202400047818.0;1;93;93066;2;3;1.0;6.0;48.937169;2.356114;2024-02-17 12:00:00
202400047819.0;1;81;81004;2;3;1.0;3.0;43.9420645;2.1494501;2024-08-19 12:15:00
202400047820.0;4;21;21150;1;6;1.0;6.0;46.923967;4.737972;2024-06-13 02:00:00
202400047821.0;2;33;33167;2;2;1.0;6.0;44.83005;-0.52744;2024-10-29 16:30:00
202400047822.0;1;93;93001;2;1;1.0;6.0;48.90950425;2.37843847;2024-07-14 16:40:00
202400047823.0;1;94;94028;2;3;2.0;3.0;48.79272;2.45924;2024-12-05 10:45:00
202400047824.0;1;75;75108;2;3;2.0;3.0;48.87520551;2.31435406;2024-09-23 17:40:00
202400047825.0;5;80;80021;2;2;1.0;3.0;49.88599;2.32528;2024-08-18 02:30:00
202400047826.0;1;92;92064;2;3;1.0;3.0;48.85805983;2.21104503;2024-07-14 12:15:00
202400047827.0;5;93;93066;2;2;1.0;3.0;48.945416;2.36347;2024-02-17 00:50:00
202400047828.0;2;94;94041;2;1;2.0;3.0;48.81743;2.40262;2024-12-05 16:55:00
202400047829.0;1;33;33063;2;2;1.0;3.0;44.84332;-0.57024;2024-10-29 12:05:00
202400047830.0;1;17;17084;1;2;1.0;1.0;45.497138;-0.65517;2024-06-08 12:06:00
202400047831.0;2;94;94041;2;1;2.0;6.0;48.81301828;2.40514684;2024-12-05 07:50:00
202400047832.0;1;93;93055;2;2;1.0;6.0;48.89472;2.40378;2024-02-17 15:00:00
202400047833.0;1;30;30160;1;1;1.0;3.0;44.010619;4.146137;2024-06-13 10:30:00
202400047834.0;1;92;92044;2;2;1.0;3.0;48.89212523;2.28769523;2024-07-14 05:45:00
202400047835.0;5;80;80001;2;3;1.0;3.0;50.113779;1.827475;2024-08-18 00:42:00
202400047836.0;2;30;30028;1;1;1.0;3.0;44.18286;4.62062;2024-10-28 17:20:00
202400047837.0;5;75;75108;2;3;2.0;3.0;48.865675;2.303457;2024-09-23 20:45:00
202400047838.0;1;94;94073;2;1;1.0;3.0;48.76301475;2.36845911;2024-12-04 08:43:00
202400047839.0;5;93;93005;2;1;1.0;1.0;48.931775;2.498873;2024-02-17 19:15:00
202400047840.0;1;92;92024;2;1;1.0;3.0;48.90350448;2.31254303;2024-07-14 20:52:00
202400047841.0;2;73;73278;1;1;1.0;2.0;45.375272;6.281884;2024-06-12 05:10:00
202400047842.0;5;94;94022;2;9;2.0;3.0;48.769293;2.422377;2024-12-05 19:15:00
202400047843.0;1;92;92076;2;1;7.0;2.0;48.83723;2.15145;2024-02-17 11:00:00
202400047844.0;1;30;30007;2;2;1.0;3.0;44.12576;4.09;2024-10-29 16:45:00
202400047845.0;5;92;92023;2;1;1.0;6.0;48.81065917;2.27593482;2024-07-14 01:15:00
202400047846.0;1;75;75107;2;2;1.0;1.0;48.859965;2.314844;2024-09-23 14:45:00
202400047847.0;1;77;77284;2;2;1.0;3.0;48.956271;2.891096;2024-08-10 20:35:00
202400047848.0;5;92;92036;2;1;1.0;6.0;48.93280642;2.29665844;2024-02-17 18:59:00
202400047849.0;1;93;93070;2;1;8.0;3.0;48.90558054;2.34419686;2024-12-04 08:45:00
202400047850.0;1;29;29232;2;2;1.0;1.0;47.975257;-4.127914;2024-10-29 16:35:00
202400047851.0;1;92;92004;2;9;1.0;6.0;48.91841226;2.31818877;2024-02-17 13:50:00
202400047852.0;1;987;98724;1;1;2.0;7.0;-16.782458;-150.958371;2024-06-12 11:20:00