Num_Acc;lum;departement;commune;agglomeration;intersection;meteo;type_collision;lat;long;date
202400047853.0;1;94;94046;2;1;2.0;6.0;48.80758;2.42519;2024-09-24 08:21:00
202400047854.0;1;93;93070;2;1;2.0;1.0;48.90903;2.32922;2024-12-05 08:50:00
202400047855.0;1;92;92004;2;3;1.0;3.0;48.9315;2.28066;2024-07-14 11:30:00
202400047856.0;1;71;71486;2;6;1.0;3.0;46.64494;4.32123;2024-08-19 10:20:00
202400047857.0;3;973;97353;2;1;1.0;6.0;3.646826;-54.027974;2024-02-17 23:30:00
202400047858.0;5;28;28085;2;1;1.0;1.0;48.44216;1.48882;2024-10-28 18:25:00
202400047859.0;1;976;97608;1;1;2.0;2.0;-12.792593;45.27071;2024-06-11 07:15:00
202400047860.0;5;93;93064;2;9;2.0;6.0;48.86270559;2.495538;2024-11-19 18:00:00
202400047861.0;1;971;97129;1;1;1.0;7.0;16.30362;-61.657289;2024-06-09 06:30:00
202400047862.0;1;43;43038;1;1;1.0;1.0;45.35541753;3.30964284;2024-02-18 11:25:00
202400047863.0;1;94;94028;2;9;2.0;3.0;48.793624;2.460947;2024-09-23 16:40:00
202400047864.0;1;76;76499;2;2;1.0;6.0;49.461815;0.581468;2024-07-13 15:40:00
202400047865.0;2;93;93010;2;9;3.0;6.0;48.90546878;2.48659866;2024-12-05 09:00:00
202400047866.0;1;71;71270;2;3;1.0;3.0;46.29908;4.82447;2024-08-19 17:30:00
202400047867.0;1;25;25056;2;2;1.0;6.0;47.24914;6.00248;2024-10-29 16:45:00
202400047868.0;1;83;83047;1;3;1.0;3.0;43.131612;6.055407;2024-06-12 08:00:00
202400047869.0;1;22;22278;2;1;2.0;6.0;48.52102;-2.7439;2024-10-29 16:40:00
202400047870.0;1;24;24294;2;1;1.0;2.0;45.00759571;0.14504313;2024-07-12 15:25:00
202400047871.0;5;92;92064;2;1;2.0;3.0;48.84225312;2.22249091;2024-12-05 19:25:00
202400047872.0;1;43;43110;1;3;1.0;6.0;45.31026474;3.4191209;2024-02-18 15:55:00
202400047873.0;3;67;67365;2;1;1.0;7.0;48.54859;7.7235;2024-08-19 01:15:00
202400047874.0;5;94;94017;2;3;2.0;3.0;48.817317;2.49109;2024-09-24 21:52:00
202400047875.0;1;76;76413;1;1;1.0;6.0;49.859511;1.159519;2024-02-17 09:10:00
202400047876.0;1;83;83047;1;3;1.0;1.0;43.13163;6.055296;2024-06-13 07:40:00
202400047877.0;1;14;14118;2;2;7.0;6.0;49.18107;-0.40118;2024-10-28 16:00:00
202400047878.0;5;33;33287;2;1;1.0;1.0;44.567549;0.032358;2024-07-02 23:16:00
202400047879.0;5;64;64024;2;1;1.0;3.0;43.49783;-1.49529;2024-08-19 05:52:00
202400047880.0;1;93;93078;2;1;2.0;2.0;48.9596;2.55153;2024-09-24 14:30:00
202400047881.0;1;83;83127;1;1;1.0;7.0;43.28122;5.824213;2024-06-11 17:15:00
202400047882.0;1;13;13215;2;1;1.0;6.0;43.34700136;5.36786896;2024-10-29 17:30:00
202400047883.0;2;92;92064;2;3;2.0;3.0;48.85289853;2.20587552;2024-12-05 16:20:00
202400047884.0;1;62;62239;1;1;1.0;3.0;50.92732356;1.80129111;2024-08-19 12:40:00
202400047885.0;1;31;31547;1;2;1.0;1.0;43.504274;1.248214;2024-07-12 17:54:00
202400047886.0;5;92;92048;2;1;2.0;6.0;48.78474494;2.23115981;2024-12-05 08:10:00
202400047887.0;1;3;3102;1;9;1.0;1.0;46.553036;3.692232;2024-06-12 17:20:00
202400047888.0;1;93;93066;2;1;8.0;3.0;48.9222451;2.3468097;2024-09-24 09:30:00
202400047889.0;5;13;13206;2;3;1.0;3.0;43.29022;5.37585;2024-10-28 20:15:00
202400047890.0;1;51;51298;1;1;1.0;7.0;48.973231;3.733678;2024-07-15 10:00:00
202400047891.0;5;92;92044;2;1;2.0;2.0;48.90021608;2.28343025;2024-12-05 19:42:00
202400047892.0;1;62;62119;2;3;1.0;3.0;50.51429197;2.64856741;2024-08-17 20:45:00
202400047893.0;1;42;42175;1;3;1.0;3.0;45.786907;4.241897;2024-06-13 18:10:00
202400047894.0;1;972;97231;1;1;1.0;3.0;14.529044;-61.015601;2024-07-06 08:10:00
202400047895.0;5;93;93064;2;1;1.0;1.0;48.87255;2.47688;2024-09-12 22:24:00
202400047896.0;2;92;92044;2;2;1.0;3.0;48.89441243;2.2929731;2024-11-29 08:50:00
202400047897.0;5;59;59512;2;1;1.0;6.0;50.7066;3.18104;2024-08-20 01:20:00
202400047898.0;1;38;38320;2;2;7.0;6.0;45.817455;5.398823;2024-06-11 20:36:00
202400047899.0;1;13;13204;2;1;1.0;2.0;43.30313;5.40065;2024-10-28 13:30:00
202400047900.0;3;46;46063;1;1;1.0;7.0;44.274198;1.310291;2024-07-13 02:00:00
202400047901.0;3;92;92024;2;3;1.0;3.0;48.90751906;2.29793966;2024-12-03 23:00:00
202400047902.0;1;92;92046;2;1;2.0;2.0;48.81923436;2.29463048;2024-09-23 16:25:00
202400047903.0;5;58;58194;2;3;2.0;6.0;46.98643;3.15139;2024-08-18 00:08:00
202400047904.0;2;49;49023;2;6;1.0;3.0;47.146326;-1.064279;2024-06-12 07:15:00
202400047905.0;1;12;12202;2;4;1.0;6.0;44.34819844;2.5727579;2024-10-20 11:47:00
202400047906.0;1;974;97414;1;6;7.0;3.0;-21.257286;55.439005;2024-07-14 08:25:00
202400047907.0;1;92;92023;2;3;2.0;2.0;48.808937;2.26627126;2024-12-05 08:45:00
202400047908.0;2;92;92073;2;9;2.0;7.0;48.88103485;2.2269427;2024-09-24 06:30:00
202400047909.0;1;14;14206;1;1;8.0;7.0;48.888776;-0.060017;2024-06-13 15:10:00
202400047910.0;1;57;57597;2;3;7.0;3.0;49.2559;6.066666;2024-08-16 09:03:00
202400047911.0;5;92;92048;2;9;2.0;6.0;48.80865378;2.23864406;2024-12-05 17:10:00
202400047912.0;1;12;12202;2;4;1.0;3.0;44.34485;2.56634;2024-10-15 16:46:00
202400047913.0;1;92;92064;2;1;2.0;3.0;48.84429;2.22041;2024-09-24 18:50:00
202400047914.0;2;14;14281;1;1;1.0;6.0;49.326784;-0.88063;2024-07-14 20:18:00
202400047915.0;5;92;92012;2;1;1.0;6.0;48.83298644;2.24131376;2024-12-04 18:05:00
202400047916.0;3;56;56121;2;6;1.0;6.0;47.75161;-3.36943;2024-08-16 21:56:00
202400047917.0;1;14;14663;1;2;7.0;3.0;49.298931;-0.686168;2024-06-11 12:55:00
202400047918.0;1;12;12174;2;3;1.0;3.0;44.34136;2.56478;2024-10-13 11:55:00
202400047919.0;1;50;50129;2;1;1.0;6.0;49.62699;-1.64295;2024-08-17 14:37:00
202400047920.0;1;92;92050;2;1;1.0;6.0;48.88811209;2.19134934;2024-09-23 18:15:00
202400047921.0;1;35;35360;1;1;1.0;3.0;48.140432;-1.207209;2024-06-12 17:58:00
202400047922.0;1;92;92002;2;1;2.0;3.0;48.75448871;2.29881909;2024-12-05 11:25:00
202400047923.0;1;974;97413;2;1;1.0;1.0;-21.215775;55.317305;2024-07-14 10:30:00
202400047924.0;1;27;27412;1;1;1.0;1.0;49.218648;1.105692;2024-06-13 08:00:00
202400047925.0;5;31;31157;2;1;1.0;6.0;43.548008;1.350482;2024-07-14 04:09:00
202400047926.0;5;11;11069;2;1;1.0;3.0;43.208;2.31;2024-10-29 18:50:00
202400047927.0;3;37;37077;1;1;3.0;5.0;47.356938;0.443101;2024-12-05 18:00:00
202400047928.0;1;49;49099;2;4;1.0;3.0;47.06171;-0.88564;2024-08-15 19:55:00
202400047929.0;1;60;60346;2;1;1.0;3.0;49.151261;2.429057;2024-06-12 17:45:00
202400047930.0;1;95;95612;2;1;1.0;3.0;48.99641;2.477446;2024-07-13 18:00:00
202400047931.0;1;92;92026;2;1;2.0;6.0;48.90285554;2.25834712;2024-09-24 08:15:00
202400047932.0;5;49;49099;2;6;1.0;7.0;47.066885;-0.842707;2024-08-09 22:55:00
202400047933.0;1;10;10387;2;1;1.0;6.0;48.30845;4.0871;2024-10-28 12:00:00
202400047934.0;3;22;22190;1;1;1.0;1.0;48.514856;-2.045345;2024-12-05 20:35:00
202400047935.0;1;33;33090;1;1;1.0;2.0;44.774352;-0.652505;2024-06-12 12:40:00
202400047936.0;1;56;56166;1;1;1.0;7.0;47.936069;-3.367406;2024-07-15 12:05:00
202400047937.0;2;92;92024;2;1;2.0;6.0;48.90284319;2.29115009;2024-09-24 18:30:00
202400047938.0;1;10;10387;2;6;1.0;3.0;48.26856;4.08617;2024-10-28 15:39:00
202400047939.0;1;49;49007;2;4;1.0;3.0;47.47379;-0.53833;2024-08-18 16:00:00
202400047940.0;1;33;33249;1;1;1.0;3.0;44.87548;-0.50799;2024-06-12 07:25:00
202400047941.0;1;76;76520;1;1;1.0;6.0;49.869055;1.606858;2024-07-14 20:25:00
202400047942.0;1;43;43251;1;1;1.0;7.0;45.00994317;3.86553204;2024-08-15 16:00:00
202400047943.0;1;5;5061;2;2;1.0;3.0;44.5531;6.07372;2024-09-17 07:55:00
202400047944.0;1;33;33281;1;1;1.0;2.0;44.81497;-0.672791;2024-06-11 12:55:00
202400047945.0;2;11;11203;1;1;1.0;2.0;43.205684;2.791182;2024-12-05 07:20:00
202400047946.0;5;2B;2B050;2;1;1.0;7.0;42.567332;8.758799;2024-07-13 04:00:00
202400047947.0;5;92;92024;2;6;2.0;3.0;48.90343856;2.2896992;2024-09-21 23:25:00
202400047948.0;1;36;36159;1;1;1.0;6.0;46.75717495;1.72159662;2024-08-19 14:45:00
202400047949.0;1;75;75115;2;1;1.0;3.0;48.828966;2.288562;2024-10-29 17:10:00
202400047950.0;1;51;51030;2;6;1.0;6.0;49.055501;3.997226;2024-12-03 10:50:00
202400047951.0;1;91;91363;1;4;1.0;5.0;48.59336217;2.04539993;2024-06-12 15:45:00
202400047952.0;5;92;92012;2;1;2.0;2.0;48.83493914;2.24787846;2024-09-24 06:40:00
202400047953.0;2;35;35278;1;1;1.0;3.0;48.14253;-1.65129;2024-08-19 05:45:00
202400047954.0;1;75;75118;2;1;1.0;3.0;48.900954;2.346667;2024-10-29 09:00:00
202400047955.0;2;59;59384;2;7;2.0;1.0;50.13482624;3.76729599;2024-12-05 16:20:00
202400047956.0;1;77;77251;1;1;1.0;6.0;48.611382;2.571999;2024-06-12 16:10:00
202400047957.0;1;65;65385;1;1;1.0;1.0;43.038176;0.40224;2024-07-15 17:27:00
202400047958.0;1;33;33069;2;1;1.0;1.0;44.86309;-0.60855;2024-08-19 18:45:00
202400047959.0;5;75;75114;2;1;1.0;3.0;48.823425;2.310274;2024-10-28 19:00:00
202400047960.0;2;40;40075;1;1;1.0;2.0;43.883378;-1.131266;2024-09-13 07:45:00
202400047961.0;1;91;91521;1;1;1.0;3.0;48.63739;2.39809;2024-06-12 06:00:00
202400047962.0;5;82;82134;1;1;1.0;1.0;44.07258446;1.53852332;2024-12-04 17:37:00
202400047963.0;1;33;33236;1;1;1.0;1.0;44.726733;-1.199091;2024-07-14 16:20:00
202400047964.0;1;75;75113;2;1;1.0;2.0;48.816114;2.362523;2024-10-28 16:30:00
202400047965.0;2;24;24540;1;1;1.0;6.0;45.26522015;0.85699821;2024-09-25 08:09:00
202400047966.0;3;65;65461;1;1;2.0;6.0;43.301587;0.347797;2024-12-06 00:50:00
202400047967.0;1;33;33167;2;3;1.0;3.0;44.825651;-0.535967;2024-08-19 15:30:00
202400047968.0;1;92;92062;1;1;1.0;4.0;48.89302103;2.2348168;2024-06-12 06:15:00
202400047969.0;1;63;63034;1;3;1.0;2.0;45.80565787;3.31675027;2024-07-15 11:30:00
202400047970.0;1;60;60152;1;2;2.0;6.0;49.400515;2.616034;2024-09-24 14:00:00
202400047971.0;5;75;75119;2;2;1.0;6.0;48.886117;2.38308;2024-10-29 07:30:00
202400047972.0;1;69;69088;2;1;2.0;6.0;45.822568;4.861976;2024-12-06 08:02:00
202400047973.0;1;92;92063;1;1;1.0;3.0;48.8888888;2.16803002;2024-06-11 18:20:00
202400047974.0;1;33;33529;1;1;1.0;3.0;44.6147955;-1.1439799;2024-08-19 12:05:00
202400047975.0;1;49;49308;2;1;1.0;7.0;47.377164;-0.499985;2024-07-14 21:00:00
202400047976.0;5;75;75118;2;3;1.0;6.0;48.890274;2.35833;2024-10-29 18:00:00
202400047977.0;1;31;31044;2;1;1.0;6.0;43.606115;1.492301;2024-09-25 16:55:00
202400047978.0;3;11;11084;1;9;1.0;1.0;43.212211;2.25024;2024-11-30 18:30:00
202400047979.0;1;92;92064;1;1;1.0;3.0;48.83850309;2.19236004;2024-06-10 16:05:00
202400047980.0;1;22;22256;1;1;1.0;7.0;48.685811;-3.090044;2024-07-15 14:10:00
202400047981.0;1;71;71543;2;1;7.0;6.0;46.569578;4.904258;2024-12-04 11:45:00
202400047982.0;1;30;30007;2;1;1.0;2.0;44.1187;4.10881;2024-08-19 12:50:00
202400047983.0;1;95;95018;1;1;1.0;1.0;48.9496723;2.2802208;2024-06-12 20:20:00
202400047984.0;5;75;75117;2;2;1.0;3.0;48.88911;2.322681;2024-10-28 18:30:00
202400047985.0;1;39;39189;1;1;1.0;2.0;47.076998;5.432149;2024-07-15 09:15:00
202400047986.0;1;974;97422;2;3;1.0;3.0;-21.248377;55.518816;2024-09-25 12:45:00
202400047987.0;1;29;29232;2;1;1.0;6.0;47.97857884;-4.04786871;2024-08-18 18:10:00
202400047988.0;1;95;95241;1;1;1.0;2.0;49.04560195;2.44966673;2024-06-12 10:10:00
202400047989.0;1;75;75114;2;3;1.0;7.0;48.822686;2.327972;2024-10-28 16:45:00
202400047990.0;1;25;25228;2;9;1.0;1.0;47.518139;6.879956;2024-07-15 17:15:00
202400047991.0;2;71;71543;2;3;1.0;3.0;46.56604;4.901525;2024-12-06 08:08:00
202400047992.0;1;62;62866;2;1;1.0;2.0;50.381539;1.652096;2024-09-24 15:10:00
202400047993.0;1;15;15014;2;6;1.0;3.0;44.90397;2.42669;2024-08-06 18:30:00
202400047994.0;5;75;75109;2;1;1.0;2.0;48.872012;2.343186;2024-10-28 21:42:00
202400047995.0;1;84;84031;2;4;1.0;1.0;44.04374;5.04594;2024-02-28 16:40:00
202400047996.0;1;25;25601;1;1;1.0;1.0;47.182144;6.418376;2024-07-09 18:15:00
202400047997.0;5;63;63050;2;1;1.0;6.0;45.40157871;3.32834764;2024-12-04 23:30:00
202400047998.0;3;13;13039;1;1;1.0;2.0;43.46236476;4.92229387;2024-08-18 23:40:00
202400047999.0;5;84;84031;1;6;1.0;7.0;44.04496;5.02868;2024-02-21 20:20:00
202400048000.0;1;75;75108;2;1;1.0;6.0;48.871709;2.301846;2024-10-29 14:00:00
202400048001.0;1;25;25105;1;8;1.0;7.0;47.101887;5.841449;2024-07-14 19:50:00
202400048002.0;1;63;63178;1;1;1.0;4.0;45.54303798;3.266716;2024-09-23 17:00:00
202400048003.0;3;61;61096;1;1;2.0;1.0;48.533842;-0.459961;2024-10-26 22:45:00
202400048004.0;5;13;13209;2;2;1.0;3.0;43.2632197;5.39658766;2024-08-19 03:50:00
202400048005.0;1;75;75101;2;2;1.0;6.0;48.85618;2.346544;2024-10-29 16:35:00
202400048006.0;3;25;25119;1;1;1.0;2.0;47.257723;5.916814;2024-07-14 21:30:00
202400048007.0;1;84;84036;2;3;1.0;3.0;43.9278;4.948976;2024-02-17 16:30:00
202400048008.0;5;61;61145;2;1;1.0;6.0;48.591716;-0.646016;2024-12-06 07:05:00
202400048009.0;1;29;29206;1;1;1.0;7.0;48.6371339;-4.2147476;2024-07-14 10:11:00
202400048010.0;1;83;83092;2;2;1.0;3.0;43.304643;6.234393;2024-09-22 19:00:00
202400048011.0;3;84;84138;1;1;6.0;1.0;44.388864;4.970049;2024-02-17 02:00:00
202400048012.0;5;75;75103;2;2;1.0;1.0;48.864461;2.351577;2024-10-29 00:52:00
202400048013.0;3;55;55492;1;1;1.0;7.0;49.131015;5.454969;2024-12-06 07:07:00
202400048014.0;1;13;13203;2;1;1.0;1.0;43.31738;5.37117;2024-08-18 19:50:00
202400048015.0;1;31;31042;2;1;1.0;6.0;42.78577821;0.59388667;2024-07-15 13:50:00
202400048016.0;3;51;51333;1;1;2.0;6.0;49.17790812;4.09409214;2024-09-24 19:30:00
202400048017.0;1;75;75101;2;3;1.0;6.0;48.860946;2.330101;2024-10-28 14:15:00
202400048018.0;1;55;55528;1;1;1.0;2.0;48.88103555;5.66107265;2024-12-06 09:50:00
202400048019.0;1;84;84031;2;3;1.0;3.0;44.0472;5.04814;2024-02-02 10:45:00
202400048020.0;2;38;38249;2;1;7.0;6.0;45.22641;5.802707;2024-07-15 07:20:00
202400048021.0;1;13;13216;2;1;1.0;2.0;43.35384;5.32999;2024-08-18 15:40:00
202400048022.0;1;75;75102;2;2;1.0;3.0;48.869654;2.352614;2024-10-28 09:35:00
202400048023.0;3;74;74272;2;4;1.0;7.0;45.942817;6.060719;2024-03-31 06:10:00
202400048024.0;2;80;80754;1;1;3.0;1.0;49.82654;1.941746;2024-09-25 18:00:00
202400048025.0;2;42;42267;1;2;2.0;1.0;46.154389;4.150214;2024-12-05 16:50:00
202400048026.0;1;2;2504;2;9;1.0;3.0;49.734778;3.263521;2024-07-15 08:10:00
202400048027.0;1;76;76423;1;1;1.0;7.0;49.571106;1.663681;2024-05-11 11:50:00
202400048028.0;1;47;47203;2;1;1.0;2.0;44.39987;0.83141;2024-12-05 14:22:00
202400048029.0;1;11;11069;1;1;1.0;6.0;43.18759;2.40278;2024-08-18 18:05:00
202400048030.0;5;94;94081;2;9;1.0;3.0;48.79857;2.38196;2024-10-29 05:50:00
202400048031.0;1;3;3233;1;4;1.0;1.0;46.256322;2.620186;2024-07-14 12:00:00
202400048032.0;3;41;41280;1;1;1.0;6.0;47.32046727;1.77305057;2024-09-24 21:00:00
202400048033.0;1;67;67482;2;1;1.0;3.0;48.58393;7.7144;2024-04-12 16:30:00
202400048034.0;4;6;6088;1;1;1.0;6.0;43.70523;7.26005;2024-08-18 02:45:00
202400048035.0;3;3;3156;1;1;1.0;7.0;46.593449;3.509434;2024-07-14 00:05:00
202400048036.0;3;29;29090;1;1;5.0;1.0;48.09230356;-4.29563064;2024-12-05 18:45:00
202400048037.0;1;71;71353;1;1;1.0;7.0;46.532577;4.876994;2024-09-25 14:30:00
202400048038.0;1;94;94046;2;9;1.0;3.0;48.81549;2.42041;2024-10-29 15:35:00
202400048039.0;1;3;3002;1;1;1.0;6.0;46.617927;3.18125;2024-07-15 08:00:00
202400048040.0;1;19;19031;2;1;1.0;4.0;45.14348131;1.47169161;2024-03-30 16:18:00
202400048041.0;1;75;75101;2;3;1.0;1.0;48.863108;2.341953;2024-08-14 14:23:00
202400048042.0;1;25;25036;2;1;1.0;1.0;47.198352;5.96004;2024-09-21 16:20:00
202400048043.0;5;94;94077;2;1;1.0;3.0;48.734376;2.430455;2024-10-29 06:15:00
202400048044.0;2;3;3072;1;1;8.0;5.0;46.460632;2.517527;2024-12-06 07:45:00
202400048045.0;1;1;1389;1;1;1.0;1.0;46.068899;4.868252;2024-07-14 17:50:00
202400048046.0;1;974;97416;1;1;1.0;3.0;-21.30894;55.46859;2024-06-11 06:45:00
202400048047.0;1;94;94017;2;1;1.0;3.0;48.81852131;2.49135375;2024-10-29 11:45:00
202400048048.0;1;75;75105;2;4;1.0;3.0;48.839741;2.351174;2024-08-19 19:50:00
202400048049.0;3;44;44129;1;3;2.0;3.0;47.417159;-2.09097;2024-09-25 07:00:00
202400048050.0;1;58;58267;1;1;8.0;3.0;47.118442;3.514949;2024-07-15 17:05:00
202400048051.0;3;974;97411;2;1;1.0;6.0;-20.88952;55.4614;2024-06-11 18:05:00
202400048052.0;5;1;1369;2;3;1.0;3.0;46.191964;5.282755;2024-11-19 18:45:00
202400048053.0;1;93;93071;2;2;1.0;1.0;48.94471;2.5252;2024-10-29 13:10:00
202400048054.0;1;34;34192;1;1;1.0;7.0;43.541468;3.95981;2024-09-25 11:50:00
202400048055.0;1;75;75119;2;2;1.0;3.0;48.888391;2.37416;2024-08-19 20:00:00
202400048056.0;5;974;97411;2;4;1.0;7.0;-20.88615;55.48311;2024-06-10 06:00:00
202400048057.0;1;72;72165;2;9;1.0;3.0;48.078452;0.417947;2024-07-14 17:00:00
202400048058.0;1;58;58303;2;9;1.0;3.0;47.000199;3.134344;2024-12-02 16:35:00
202400048059.0;1;29;29105;2;1;1.0;7.0;48.50472277;-4.07588102;2024-09-24 09:30:00
202400048060.0;1;75;75119;2;1;1.0;1.0;48.876509;2.404298;2024-08-19 09:15:00
202400048061.0;1;93;93055;2;1;8.0;2.0;48.90607;2.39467;2024-10-28 11:20:00
202400048062.0;1;974;97410;2;1;1.0;6.0;-21.03518;55.710331;2024-06-11 15:54:00
202400048063.0;1;90;90065;1;9;1.0;6.0;47.768345;6.826948;2024-07-14 13:30:00
202400048064.0;1;72;72295;1;6;1.0;3.0;48.35297777;0.35455763;2024-12-05 16:30:00
202400048065.0;3;29;29133;2;1;8.0;6.0;48.68796261;-3.6526026;2024-09-22 22:35:00
202400048066.0;1;973;97302;2;1;2.0;6.0;4.93767;-52.32466;2024-06-11 12:28:00
202400048067.0;1;75;75116;2;7;1.0;3.0;48.871568;2.27414;2024-08-19 09:00:00
202400048068.0;5;93;93048;2;1;1.0;3.0;48.86613976;2.44452938;2024-10-29 16:50:00
202400048069.0;1;18;18047;2;2;1.0;6.0;47.362752;2.436025;2024-07-15 18:55:00
202400048070.0;3;29;29302;2;1;1.0;6.0;48.283244;-4.109667;2024-09-21 06:00:00
202400048071.0;1;73;73212;2;3;1.0;3.0;45.543994;6.300359;2024-11-03 12:55:00
202400048072.0;1;973;97302;2;1;2.0;6.0;4.9364;-52.3142;2024-06-11 09:05:00
202400048073.0;1;93;93055;2;1;1.0;3.0;48.90398717;2.39253841;2024-10-29 14:31:00
202400048074.0;1;18;18018;2;2;1.0;7.0;47.030841;2.652831;2024-07-12 09:00:00
202400048075.0;1;75;75113;2;2;1.0;2.0;48.832236;2.379831;2024-08-19 13:05:00
202400048076.0;1;29;29061;2;6;1.0;3.0;48.42853611;-4.46120024;2024-09-20 08:17:00
202400048077.0;1;7;7292;1;1;1.0;7.0;45.156561;4.695024;2024-07-14 16:30:00
202400048078.0;1;18;18057;1;1;7.0;3.0;46.547705;2.224493;2024-12-04 15:30:00
202400048079.0;1;69;69388;2;2;1.0;3.0;45.73117658;4.86856684;2024-06-11 12:05:00
202400048080.0;2;93;93079;2;3;1.0;6.0;48.95277169;2.33742163;2024-10-28 18:30:00
202400048081.0;1;7;7184;1;1;2.0;6.0;44.771386;4.599066;2024-12-06 09:02:00
202400048082.0;3;53;53137;1;1;1.0;6.0;48.0733854;-0.9659037;2024-07-11 02:00:00
202400048083.0;1;1;1152;1;1;2.0;6.0;46.209685;5.731988;2024-09-24 16:05:00
202400048084.0;1;94;94068;2;2;1.0;3.0;48.80261;2.51159;2024-08-18 14:00:00
202400048085.0;3;85;85277;1;1;2.0;6.0;46.517584;-1.416389;2024-12-06 18:00:00
202400048086.0;1;87;87064;1;1;1.0;7.0;45.723461;1.756783;2024-07-15 11:08:00
202400048087.0;1;972;97213;2;6;1.0;3.0;14.61829;-61.02177;2024-06-11 16:45:00
202400048088.0;5;93;93047;2;2;1.0;3.0;48.89937;2.5595;2024-10-29 05:45:00
202400048089.0;1;30;30062;2;1;1.0;7.0;43.782357;4.207528;2024-07-15 13:45:00
202400048090.0;3;85;85135;2;1;1.0;6.0;46.532744;-1.215701;2024-12-03 23:40:00
202400048091.0;1;93;93078;2;1;1.0;2.0;48.96077;2.55632;2024-08-19 18:30:00
202400048092.0;1;972;97209;1;1;1.0;6.0;14.60684;-61.07939;2024-06-11 13:05:00
202400048093.0;1;83;83056;1;1;1.0;5.0;43.55879825;6.52605244;2024-09-25 10:05:00
202400048094.0;1;48;48010;1;1;1.0;6.0;44.776519;3.747153;2024-07-14 14:15:00
202400048095.0;1;93;93066;2;9;1.0;6.0;48.94037894;2.36779305;2024-08-19 08:40:00
202400048096.0;2;48;48178;1;9;1.0;2.0;44.268551;3.867499;2024-12-05 16:30:00
202400048097.0;5;93;93047;2;2;1.0;2.0;48.89937;2.5595;2024-10-28 20:50:00
202400048098.0;1;972;97209;1;1;1.0;3.0;14.59756;-61.04712;2024-06-11 09:40:00
202400048099.0;1;7;7010;1;1;2.0;1.0;45.22788;4.675305;2024-09-24 18:00:00
202400048100.0;3;35;35032;2;6;2.0;3.0;47.99549455;-1.62146375;2024-12-05 17:34:00
202400048101.0;1;93;93001;2;1;1.0;3.0;48.914;2.381;2024-10-29 08:20:00
202400048102.0;1;93;93077;2;2;1.0;3.0;48.88617637;2.50697923;2024-08-18 18:45:00
202400048103.0;1;972;97209;2;1;1.0;3.0;14.61179;-61.05385;2024-06-10 12:20:00
202400048104.0;3;49;49283;1;1;1.0;6.0;47.413046;-0.752542;2024-07-14 23:25:00
202400048105.0;1;73;73089;1;1;1.0;2.0;45.53719647;6.13305486;2024-12-06 15:30:00
202400048106.0;1;92;92051;2;1;1.0;3.0;48.87896135;2.27017969;2024-10-29 15:10:00
202400048107.0;1;53;53013;1;1;2.0;1.0;48.35857531;-0.21675296;2024-09-24 13:49:00
202400048108.0;1;93;93051;2;3;1.0;3.0;48.84729178;2.54844993;2024-08-18 20:40:00
202400048109.0;1;69;69389;2;3;1.0;6.0;45.78048;4.80557;2024-06-11 14:05:00
202400048110.0;1;64;64545;1;1;8.0;5.0;43.34455;-1.723016;2024-07-12 10:35:00
202400048111.0;1;93;93031;2;1;1.0;3.0;48.963993;2.29827385;2024-08-19 14:00:00
202400048112.0;1;69;69034;2;1;1.0;3.0;45.807;4.86845;2024-06-11 09:15:00
202400048113.0;1;92;92050;2;3;5.0;3.0;48.9098436;2.21562725;2024-10-28 08:20:00
202400048114.0;1;53;53269;1;1;3.0;1.0;48.308821;-0.790699;2024-09-25 14:15:00
202400048115.0;3;69;69173;1;1;1.0;2.0;45.87292895;4.54773756;2024-12-05 17:45:00
202400048116.0;1;976;97616;1;1;1.0;6.0;-12.86719;45.114498;2024-07-12 09:20:00
202400048117.0;1;92;92033;2;1;1.0;6.0;48.84726;2.19737;2024-08-19 11:30:00
202400048118.0;1;24;24354;1;1;1.0;6.0;45.12041621;0.06465465;2024-09-24 16:10:00
202400048119.0;1;92;92044;2;2;8.0;3.0;48.89893862;2.2877077;2024-10-29 14:46:00
202400048120.0;1;971;97113;1;3;1.0;2.0;16.21798;-61.50427;2024-06-11 09:33:00
202400048121.0;3;64;64300;1;1;1.0;5.0;43.4250693;-0.61653853;2024-11-19 18:30:00
202400048122.0;1;92;92051;2;2;1.0;3.0;48.87623949;2.24641353;2024-08-19 14:23:00
202400048123.0;1;38;38401;1;1;1.0;4.0;45.56089;5.436666;2024-07-14 17:50:00
202400048124.0;1;971;97113;1;1;1.0;7.0;16.22756;-61.47865;2024-06-10 08:35:00
202400048125.0;1;85;85008;1;3;3.0;3.0;46.565499;-1.467104;2024-09-25 14:00:00
202400048126.0;2;92;92040;2;6;1.0;2.0;48.82791956;2.27404431;2024-10-29 17:22:00
202400048127.0;5;973;97311;2;1;3.0;3.0;5.48687121;-54.03412557;2024-07-14 19:30:00
202400048128.0;1;60;60232;1;1;1.0;2.0;49.582685;2.50661;2024-08-19 14:15:00
202400048129.0;1;2A;2A004;1;1;1.0;1.0;41.94316;8.81034;2024-06-11 09:02:00
202400048130.0;2;92;92036;2;1;1.0;3.0;48.91979203;2.31401268;2024-10-29 18:10:00
202400048131.0;5;973;97307;1;3;1.0;3.0;4.892337;-52.348456;2024-09-17 18:19:00
202400048132.0;1;971;97106;1;1;8.0;1.0;16.122341;-61.773564;2024-07-13 14:30:00
202400048133.0;5;51;51378;2;1;1.0;6.0;48.988986;3.931003;2024-12-06 07:20:00