Num_Acc;lum;departement;commune;agglomeration;intersection;meteo;type_collision;lat;long;date
202400048134.0;1;95;95607;2;1;1.0;6.0;49.0203863;2.20083833;2024-06-11 18:15:00
202400048135.0;1;987;98714;1;1;1.0;7.0;-16.48637;-151.743174;2024-12-05 14:15:00
202400048136.0;5;92;92026;2;3;1.0;3.0;48.90395042;2.25598007;2024-10-29 19:30:00
202400048137.0;1;1;1389;1;1;1.0;1.0;46.082072;4.908915;2024-09-24 16:20:00
202400048138.0;1;47;47225;1;3;1.0;3.0;44.154669;0.551054;2024-08-13 17:30:00
202400048139.0;1;91;91570;2;9;1.0;6.0;48.63627;2.31941;2024-06-11 09:27:00
202400048140.0;1;78;78089;2;3;1.0;6.0;49.037798;1.586993;2024-07-15 11:15:00
202400048141.0;1;65;65226;1;1;1.0;2.0;43.221518;-0.003262;2024-09-19 14:45:00
202400048142.0;3;971;97116;1;1;1.0;1.0;16.316041;-61.480865;2024-12-05 21:15:00
202400048143.0;1;66;66129;2;1;1.0;1.0;42.579739;2.928063;2024-07-14 19:30:00
202400048144.0;1;91;91645;2;1;1.0;3.0;48.75273;2.27715;2024-06-11 20:40:00
202400048145.0;1;14;14211;2;3;1.0;1.0;48.953487;-0.505067;2024-08-19 18:50:00
202400048146.0;5;978;97801;2;1;1.0;3.0;18.06908;-63.085545;2024-12-04 18:35:00
202400048147.0;1;26;26295;1;1;1.0;7.0;45.179163;4.840803;2024-08-19 11:00:00
202400048148.0;1;67;67309;2;5;1.0;2.0;48.635709;7.727578;2024-09-14 15:00:00
202400048149.0;1;92;92025;2;2;1.0;6.0;48.92994143;2.26044148;2024-10-29 16:47:00
202400048150.0;1;91;91421;2;1;1.0;1.0;48.695;2.45229;2024-06-11 18:01:00
202400048151.0;1;6;6154;2;1;1.0;6.0;43.793712;6.679001;2024-07-14 17:00:00
202400048152.0;3;977;97701;2;5;1.0;3.0;17.895376;-62.848296;2024-12-06 01:30:00
202400048153.0;1;48;48128;1;1;1.0;2.0;44.780068;3.289783;2024-08-19 16:30:00
202400048154.0;4;84;84087;2;3;1.0;3.0;44.13592;4.8085;2024-06-11 21:35:00
202400048155.0;1;11;11379;1;1;1.0;1.0;43.061363;2.939165;2024-09-24 16:35:00
202400048156.0;3;60;60326;1;1;1.0;3.0;49.402575;2.740268;2024-10-29 18:10:00
202400048157.0;2;45;45348;1;1;2.0;1.0;48.147699;2.292792;2024-12-05 17:40:00
202400048158.0;2;83;83031;1;1;1.0;6.0;43.365652;6.375906;2024-08-19 20:30:00
202400048159.0;3;95;95492;1;1;2.0;6.0;49.03275823;2.42631371;2024-10-30 06:45:00
202400048160.0;1;4;4096;1;2;1.0;3.0;44.406916;6.721466;2024-07-15 15:40:00
202400048161.0;1;83;83090;1;3;1.0;1.0;43.13330787;5.86308424;2024-06-10 17:30:00
202400048162.0;5;978;97801;2;1;1.0;5.0;18.05354;-63.085792;2024-06-28 21:00:00
202400048163.0;1;36;36244;1;1;5.0;6.0;47.14576341;1.38163805;2024-10-30 11:40:00
202400048164.0;1;77;77453;2;1;2.0;4.0;48.525672;2.759349;2024-12-05 08:40:00
202400048165.0;1;83;83069;2;1;1.0;2.0;43.10632;6.1285;2024-06-06 10:23:00
202400048166.0;1;76;76560;1;1;2.0;1.0;49.411155;1.207488;2024-08-20 15:25:00
202400048167.0;1;978;97801;2;1;1.0;7.0;18.065755;-63.079532;2024-05-21 10:45:00
202400048168.0;1;13;13030;2;3;1.0;1.0;43.275553;5.698573;2024-07-14 19:15:00
202400048169.0;5;42;42253;2;1;1.0;6.0;46.038941;4.003492;2024-10-28 21:00:00
202400048170.0;1;78;78090;1;1;1.0;6.0;48.969992;1.906525;2024-11-29 15:25:00
202400048171.0;1;61;61474;1;1;1.0;6.0;48.80475;0.158781;2024-08-18 12:15:00
202400048172.0;1;80;80021;2;1;1.0;7.0;49.90218;2.29627;2024-06-11 08:05:00
202400048173.0;1;67;67334;1;1;1.0;6.0;49.04566;7.713878;2024-07-14 15:00:00
202400048174.0;3;58;58089;1;1;5.0;6.0;47.400201;3.218189;2024-10-29 18:15:00
202400048175.0;2;2B;2B303;1;9;1.0;2.0;42.261456;9.547817;2024-12-05 16:45:00
202400048176.0;1;80;80021;2;1;2.0;6.0;49.87723;2.28261;2024-06-10 08:55:00
202400048177.0;1;44;44006;1;2;1.0;3.0;47.431455;-2.440338;2024-08-19 18:00:00
202400048178.0;1;6;6017;1;1;9.0;7.0;43.811194;7.093765;2024-12-01 14:55:00
202400048179.0;5;21;21231;2;2;1.0;3.0;47.343476;5.073527;2024-09-24 22:40:00
202400048180.0;1;85;85109;2;3;1.0;6.0;46.866789;-0.988542;2024-10-29 16:15:00
202400048181.0;1;88;88470;1;2;1.0;3.0;48.094601;6.721007;2024-07-14 17:25:00
202400048182.0;1;77;77294;2;1;1.0;7.0;48.95628;2.60238;2024-05-08 15:03:00
202400048183.0;3;21;21609;1;1;2.0;7.0;47.206873;5.312662;2024-12-05 21:15:00
202400048184.0;2;33;33011;2;7;2.0;6.0;44.767212;-1.139451;2024-10-26 08:00:00
202400048185.0;5;37;37003;1;3;2.0;1.0;47.42565425;1.01178896;2024-09-24 21:10:00
202400048186.0;1;77;77118;2;1;1.0;6.0;48.94211;2.68973;2024-06-11 09:50:00
202400048187.0;1;29;29146;1;2;8.0;1.0;47.887938;-3.846009;2024-08-19 17:55:00
202400048188.0;1;9;9185;1;2;1.0;6.0;43.227808;1.680731;2024-07-14 11:30:00
202400048189.0;1;33;33226;2;3;1.0;3.0;44.714355;-0.392906;2024-10-27 13:25:00
202400048190.0;1;29;29205;1;1;1.0;7.0;48.28988753;-3.58474862;2024-08-19 11:46:00
202400048191.0;1;77;77445;2;1;1.0;6.0;48.58847;2.57612;2024-06-10 08:55:00
202400048192.0;1;45;45290;1;1;2.0;3.0;47.853537;2.283643;2024-09-23 17:05:00
202400048193.0;5;42;42147;2;2;1.0;1.0;45.600175;4.070606;2024-12-06 19:00:00
202400048194.0;1;31;31421;2;9;1.0;6.0;43.477537;1.381914;2024-07-13 10:20:00
202400048195.0;1;11;11106;2;1;1.0;6.0;43.230774;3.053239;2024-10-23 16:45:00
202400048196.0;1;77;77407;2;1;1.0;3.0;48.53303372;2.54952172;2024-06-10 12:10:00
202400048197.0;5;77;77107;2;1;1.0;6.0;48.667488;2.842774;2024-09-25 01:05:00
202400048198.0;1;29;29037;1;1;1.0;6.0;47.88096253;-4.1277268;2024-08-20 15:06:00
202400048199.0;3;38;38557;1;1;2.0;1.0;45.76701;5.118902;2024-12-05 20:11:00
202400048200.0;1;77;77534;1;1;2.0;6.0;48.631058;2.780094;2024-09-25 09:00:00
202400048201.0;1;33;33003;1;6;1.0;6.0;44.931184;-0.470736;2024-07-15 16:10:00
202400048202.0;1;26;26166;1;1;1.0;3.0;44.75799942;4.83228922;2024-08-19 12:15:00
202400048203.0;1;71;71282;1;1;7.0;1.0;46.80484;4.37811;2024-10-30 11:30:00
202400048204.0;1;76;76451;2;3;1.0;3.0;49.47052;1.08262;2024-06-11 18:05:00
202400048205.0;1;35;35106;1;1;2.0;6.0;47.821917;-1.602329;2024-07-15 07:48:00
202400048206.0;1;58;58150;1;1;1.0;6.0;47.331352;3.585244;2024-08-20 18:30:00
202400048207.0;1;76;76231;1;1;1.0;6.0;49.29408;0.9808;2024-06-11 12:00:00
202400048208.0;1;30;30214;2;1;1.0;1.0;44.032814;4.104724;2024-09-06 08:00:00
202400048209.0;1;7;7138;1;1;1.0;6.0;44.584886;4.461468;2024-12-04 07:50:00
202400048210.0;1;27;27280;1;1;1.0;7.0;49.031003;1.262484;2024-07-14 15:30:00
202400048211.0;5;89;89351;2;1;5.0;3.0;47.44977;4.075343;2024-10-30 18:00:00
202400048212.0;1;58;58238;2;1;1.0;3.0;46.969183;3.226597;2024-08-20 10:20:00
202400048213.0;1;6;6056;1;1;1.0;7.0;44.191474;6.74773;2024-08-17 12:37:00
202400048214.0;1;13;13022;1;1;1.0;1.0;43.214434;5.553417;2024-09-25 07:40:00
202400048215.0;1;13;13001;1;1;1.0;3.0;43.50631157;5.41050849;2024-07-14 19:14:00
202400048216.0;1;76;76351;2;2;1.0;3.0;49.49254;0.11666;2024-06-10 16:15:00
202400048217.0;2;1;1390;1;2;2.0;3.0;45.831868;5.272829;2024-12-06 07:50:00
202400048218.0;1;61;61170;1;2;7.0;3.0;48.699697;-0.055883;2024-10-29 08:30:00
202400048219.0;1;73;73151;1;1;7.0;3.0;45.505896;6.030765;2024-08-20 12:25:00
202400048220.0;1;72;72181;2;3;1.0;3.0;47.99719489;0.2173233;2024-06-10 14:20:00
202400048221.0;1;26;26362;1;1;8.0;2.0;44.90153435;4.8755908;2024-09-11 13:50:00
202400048222.0;1;43;43061;1;1;1.0;7.0;45.10104448;3.89816111;2024-08-19 19:00:00
202400048223.0;1;13;13056;1;1;1.0;5.0;43.39711417;5.04708404;2024-07-14 14:20:00
202400048224.0;5;69;69298;1;2;1.0;4.0;45.649236;4.990239;2024-11-27 19:27:00
202400048225.0;1;22;22207;1;1;3.0;3.0;48.600523;-3.489747;2024-10-29 12:15:00
202400048226.0;2;68;68063;2;2;1.0;7.0;47.813418;7.169931;2024-09-18 19:10:00
202400048227.0;1;72;72181;2;6;1.0;3.0;47.96913742;0.21496296;2024-06-09 14:30:00
202400048228.0;1;22;22164;1;2;1.0;3.0;48.587059;-3.255288;2024-10-29 07:50:00
202400048229.0;5;40;40277;2;1;2.0;6.0;43.6731837;-1.04349899;2024-12-06 00:45:00
202400048230.0;1;39;39555;1;1;1.0;6.0;46.822987;5.539419;2024-10-29 16:50:00
202400048231.0;1;57;57350;1;1;8.0;1.0;49.055828;6.073723;2024-09-25 14:50:00
202400048232.0;1;10;10359;1;1;1.0;6.0;48.135682;3.99522;2024-08-19 18:00:00
202400048233.0;3;50;50601;1;1;2.0;6.0;48.994365;-0.925663;2024-12-05 21:15:00
202400048234.0;1;73;73150;2;9;1.0;6.0;45.554302;6.675755;2024-09-25 13:19:00
202400048235.0;1;70;70513;2;4;1.0;5.0;47.6339;6.10645;2024-06-10 15:20:00
202400048236.0;3;13;13071;1;1;1.0;2.0;43.40935357;5.36357453;2024-07-13 00:50:00
202400048237.0;1;29;29004;2;3;1.0;2.0;47.926834;-3.701115;2024-10-30 13:30:00
202400048238.0;1;1;1259;2;1;1.0;6.0;46.21254;5.114997;2024-09-24 16:05:00
202400048239.0;1;40;40312;2;9;1.0;3.0;43.53991336;-1.50068879;2024-08-06 06:30:00
202400048240.0;1;69;69092;2;3;1.0;6.0;45.98957;4.69813;2024-06-11 08:20:00
202400048241.0;3;80;80442;1;1;1.0;6.0;49.742842;3.010533;2024-12-06 06:30:00
202400048242.0;5;13;13207;1;1;1.0;7.0;43.28238;5.38592;2024-07-14 01:10:00
202400048243.0;3;22;22081;2;3;2.0;1.0;48.485211;-2.660537;2024-09-25 06:38:00
202400048244.0;1;69;69092;1;1;1.0;3.0;46.00470175;4.71954302;2024-06-11 08:10:00
202400048245.0;2;29;29199;1;3;2.0;1.0;48.59056518;-3.69400291;2024-10-29 17:05:00
202400048246.0;1;80;80561;2;9;1.0;3.0;49.648226;2.572614;2024-12-06 14:00:00
202400048247.0;1;24;24571;1;4;1.0;1.0;45.031371;0.732973;2024-08-20 08:30:00
202400048248.0;1;60;60639;2;1;1.0;6.0;49.463687;2.110155;2024-09-25 10:30:00
202400048249.0;3;13;13015;1;1;1.0;2.0;43.42845594;5.40173665;2024-07-12 23:02:00
202400048250.0;1;69;69259;2;1;1.0;6.0;45.70564235;4.88747315;2024-06-10 15:45:00
202400048251.0;3;67;67388;1;1;3.0;7.0;48.952011;7.680055;2024-08-18 00:35:00
202400048252.0;1;3;3275;1;1;1.0;3.0;46.542038;3.220367;2024-10-30 11:30:00
202400048253.0;1;13;13207;1;1;1.0;3.0;43.29126189;5.36571349;2024-09-24 15:35:00
202400048254.0;2;69;69290;2;1;1.0;6.0;45.69048894;4.91814571;2024-06-09 21:00:00
202400048255.0;1;1;1067;1;1;1.0;6.0;46.11546613;5.49022362;2024-08-19 15:20:00
202400048256.0;3;83;83126;1;1;1.0;2.0;43.11984025;5.85535642;2024-07-13 05:20:00
202400048257.0;1;85;85142;1;1;1.0;6.0;46.74424;-1.266805;2024-10-24 17:18:00
202400048258.0;1;13;13106;1;1;1.0;3.0;43.39;5.35;2024-12-05 16:20:00
202400048259.0;1;13;13117;1;1;1.0;4.0;43.41819194;5.2736146;2024-09-24 15:00:00
202400048260.0;3;77;77001;1;1;1.0;2.0;48.359094;2.577312;2024-08-20 05:50:00
202400048261.0;1;67;67482;2;1;1.0;3.0;48.55862;7.734;2024-06-10 12:45:00
202400048262.0;3;26;26005;1;1;2.0;1.0;44.482608;4.775933;2024-10-27 02:15:00
202400048263.0;1;91;91434;1;1;1.0;5.0;48.66853749;2.35332727;2024-07-14 20:20:00
202400048264.0;1;13;13212;1;1;1.0;4.0;43.30763229;5.4249723;2024-12-04 11:42:00
202400048265.0;1;13;13214;1;1;3.0;6.0;43.33531;5.37733;2024-09-24 13:15:00
202400048266.0;1;14;14191;2;1;1.0;6.0;49.329464;-0.435207;2024-10-27 16:35:00
202400048267.0;1;91;91174;1;1;1.0;6.0;48.61073;2.4463;2024-07-14 07:00:00
202400048268.0;3;988;98814;1;1;1.0;6.0;-20.932943;167.116706;2024-08-20 04:15:00
202400048269.0;1;13;13215;1;1;1.0;2.0;43.36643455;5.36080529;2024-09-24 08:45:00
202400048270.0;3;13;13015;1;1;1.0;2.0;43.428;5.386;2024-12-01 17:48:00
202400048271.0;1;5;5092;1;1;1.0;6.0;44.507616;6.021924;2024-10-29 11:30:00
202400048272.0;1;13;13005;1;1;1.0;3.0;43.28516848;5.52537548;2024-09-24 08:15:00
202400048273.0;3;91;91549;1;1;2.0;6.0;48.62549;2.33677;2024-07-14 00:51:00
202400048274.0;1;974;97424;1;1;1.0;6.0;-21.148974;55.482759;2024-08-20 15:35:00
202400048275.0;1;7;7239;1;1;1.0;1.0;44.83778;4.377086;2024-10-29 13:00:00
202400048276.0;5;33;33487;1;1;1.0;4.0;44.954039;-0.456409;2024-12-05 07:17:00
202400048277.0;2;13;13001;1;1;1.0;2.0;43.52;5.42767;2024-09-23 07:30:00
202400048278.0;1;13;13088;1;1;1.0;7.0;43.36635;5.235651;2024-08-19 18:25:00
202400048279.0;3;91;91174;1;1;1.0;2.0;48.62037;2.46029;2024-07-13 21:03:00
202400048280.0;1;7;7342;1;1;1.0;7.0;45.225692;4.576246;2024-10-30 07:45:00
202400048281.0;3;91;91589;1;1;2.0;7.0;48.6773;2.3381;2024-12-05 07:41:00
202400048282.0;1;69;69152;1;1;1.0;3.0;45.69911109;4.83609691;2024-09-19 10:24:00
202400048283.0;3;91;91477;1;1;1.0;6.0;48.71829;2.25556;2024-12-04 22:03:00
202400048284.0;3;7;7041;1;9;1.0;6.0;45.268952;4.652817;2024-10-30 07:00:00
202400048285.0;2;92;92036;1;1;1.0;7.0;48.93548933;2.26425076;2024-07-14 05:50:00
202400048286.0;3;66;66171;2;1;1.0;2.0;42.6258335;3.0239439;2024-08-17 02:45:00
202400048287.0;1;42;42183;1;1;1.0;2.0;45.4004;4.36762;2024-09-23 17:50:00
202400048288.0;2;95;95277;1;1;2.0;2.0;48.97598916;2.48218158;2024-12-05 17:15:00
202400048289.0;1;93;93010;1;1;1.0;6.0;48.902439;2.4708436;2024-07-14 13:50:00
202400048290.0;3;37;37206;1;5;8.0;3.0;47.486367;0.652855;2024-10-29 21:25:00
202400048291.0;1;93;93008;1;1;2.0;3.0;48.91197061;2.43838549;2024-12-05 13:05:00
202400048292.0;1;4;4226;1;1;1.0;1.0;44.319104;6.647351;2024-08-20 13:00:00
202400048293.0;1;33;33063;1;1;2.0;4.0;44.881247;-0.543994;2024-09-24 12:03:00
202400048294.0;3;95;95351;1;9;1.0;1.0;49.04193041;2.48119264;2024-07-14 02:00:00
202400048295.0;3;30;30062;1;4;1.0;3.0;43.777756;4.18806;2024-10-29 19:45:00
202400048296.0;1;59;59574;1;1;1.0;6.0;50.36914;3.25941;2024-09-21 18:10:00
202400048297.0;1;95;95527;1;1;3.0;6.0;49.00052596;2.52228228;2024-12-05 10:55:00
202400048298.0;1;68;68292;2;1;1.0;7.0;47.872338;7.03007;2024-08-20 11:20:00
202400048299.0;3;93;93048;1;1;1.0;2.0;48.87018346;2.43076748;2024-07-14 00:20:00
202400048300.0;3;91;91471;1;1;1.0;6.0;48.69426;2.19311;2024-09-24 20:25:00
202400048301.0;3;93;93064;1;1;3.0;7.0;48.88594826;2.48683548;2024-12-05 08:00:00
202400048302.0;1;38;38410;1;1;1.0;2.0;45.083119;5.215137;2024-10-29 15:30:00
202400048303.0;5;94;94003;1;1;1.0;7.0;48.80293922;2.34381724;2024-09-24 19:50:00
202400048304.0;4;67;67046;2;2;1.0;3.0;48.765906;7.854044;2024-08-16 00:44:00
202400048305.0;2;93;93078;1;1;1.0;2.0;48.96165006;2.5451386;2024-12-04 18:40:00
202400048306.0;1;92;92036;1;1;1.0;4.0;48.94917898;2.28036318;2024-07-13 19:50:00
202400048307.0;1;7;7312;1;1;1.0;3.0;45.123645;4.773554;2024-10-30 09:10:00
202400048308.0;1;3;3186;2;2;1.0;7.0;46.319176;2.949912;2024-08-19 10:52:00
202400048309.0;1;78;78571;1;1;2.0;4.0;48.872056;2.026845;2024-09-23 07:20:00
202400048310.0;3;77;77258;1;1;1.0;2.0;48.83242736;2.65563851;2024-12-05 05:35:00
202400048311.0;1;77;77296;1;1;1.0;2.0;48.63126;2.628804;2024-07-14 08:05:00
202400048312.0;1;63;63247;1;1;1.0;1.0;45.594672;2.925925;2024-08-19 18:00:00
202400048313.0;1;78;78571;1;1;2.0;4.0;48.873372;2.025056;2024-09-23 08:15:00
202400048314.0;3;77;77053;1;1;1.0;2.0;48.70199085;2.59509729;2024-07-14 03:00:00
202400048315.0;3;34;34240;1;9;2.0;4.0;43.62687552;3.96353245;2024-10-26 22:30:00
202400048316.0;5;77;77121;1;1;1.0;4.0;48.83662222;2.66498382;2024-12-04 20:00:00
202400048317.0;1;93;93053;1;1;2.0;7.0;48.88700598;2.47505141;2024-09-24 08:30:00
202400048318.0;1;26;26129;1;1;1.0;2.0;45.050324;5.146065;2024-08-20 08:40:00
202400048319.0;3;94;94018;1;1;1.0;6.0;48.81835618;2.40958929;2024-07-14 02:05:00
202400048320.0;1;976;97614;1;9;1.0;1.0;-12.820505;45.128832;2024-07-30 12:32:00
202400048321.0;4;77;77468;1;1;5.0;3.0;48.83248692;2.66301878;2024-12-04 00:30:00
202400048322.0;2;93;93078;1;1;2.0;4.0;48.96946859;2.50460846;2024-09-24 07:50:00
202400048323.0;1;94;94015;1;1;1.0;2.0;48.82945356;2.52827231;2024-07-12 11:57:00
202400048324.0;5;95;95555;1;9;2.0;7.0;48.96310075;2.28914917;2024-12-02 19:30:00
202400048325.0;1;971;97106;1;1;1.0;1.0;16.176564;-61.780415;2024-10-23 17:20:00
202400048326.0;1;26;26320;1;3;1.0;1.0;45.064901;5.241272;2024-08-20 09:30:00
202400048327.0;1;92;92036;1;1;8.0;2.0;48.94355783;2.28738079;2024-09-24 09:00:00
202400048328.0;1;50;50523;1;9;1.0;1.0;49.383015;-1.324469;2024-04-13 17:25:00
202400048329.0;1;26;26212;1;1;1.0;1.0;44.859404;4.992325;2024-08-18 10:00:00
202400048330.0;3;92;92078;1;1;1.0;6.0;48.92928253;2.32938717;2024-09-23 23:20:00
202400048331.0;5;45;45108;2;2;5.0;3.0;47.62219;2.495726;2024-10-29 21:35:00
202400048332.0;1;44;44109;2;6;1.0;3.0;47.21152071;-1.5565396;2024-07-08 15:20:00
202400048333.0;1;73;73065;2;3;1.0;3.0;45.58320184;5.92023455;2024-09-30 11:20:00
202400048334.0;1;93;93053;1;1;1.0;3.0;48.89332229;2.47257373;2024-09-23 12:35:00
202400048335.0;1;1;1249;2;2;1.0;2.0;45.825304;4.956005;2024-08-19 07:44:00
202400048336.0;3;91;91318;1;1;8.0;5.0;48.505147;2.230825;2024-10-28 18:16:00
202400048337.0;5;44;44109;2;2;8.0;3.0;47.20520547;-1.54717301;2024-07-07 20:15:00
202400048338.0;1;57;57038;1;1;1.0;1.0;49.463717;5.963774;2024-09-03 13:20:00
202400048339.0;1;6;6099;1;1;1.0;6.0;43.950152;6.911338;2024-10-30 15:11:00
202400048340.0;1;94;94079;1;1;3.0;3.0;48.83472567;2.53708778;2024-09-24 08:30:00
202400048341.0;1;31;31349;1;2;1.0;3.0;43.226178;1.060846;2024-08-20 11:45:00
202400048342.0;1;57;57244;1;1;1.0;1.0;48.71964033;7.22750673;2024-09-27 13:45:00
202400048343.0;1;68;68372;2;1;1.0;1.0;47.839076;7.075427;2024-10-28 15:22:00
202400048344.0;1;74;74012;2;6;1.0;3.0;46.19543;6.24338;2024-05-13 16:20:00
202400048345.0;1;74;74012;2;1;1.0;6.0;46.18619;6.22252;2024-05-12 18:45:00
202400048346.0;1;84;84087;2;1;7.0;6.0;44.12149;4.82094;2024-06-13 07:34:00
202400048347.0;1;974;97411;2;1;1.0;2.0;-20.89966;55.47343;2024-12-03 16:10:00
202400048348.0;2;69;69059;2;6;1.0;1.0;45.857215;4.704764;2024-10-29 17:00:00
202400048349.0;1;86;86154;1;1;3.0;1.0;46.804125;0.073936;2024-08-17 13:15:00
202400048350.0;2;44;44109;2;6;1.0;6.0;47.23335639;-1.56583514;2024-09-17 07:30:00
202400048351.0;1;44;44109;2;6;1.0;3.0;47.2467232;-1.49471429;2024-07-04 07:55:00
202400048352.0;5;973;97302;1;6;1.0;3.0;4.90779;-52.32227;2024-12-04 20:10:00
202400048353.0;1;79;79049;1;1;5.0;4.0;46.856858;-0.564495;2024-10-30 08:00:00
202400048354.0;1;64;64422;2;6;1.0;3.0;43.197521;-0.604173;2024-08-19 14:15:00
202400048355.0;1;62;62193;2;2;1.0;3.0;50.93252;1.85203;2024-09-23 16:50:00
202400048356.0;1;973;97302;2;6;1.0;3.0;4.92467;-52.32324;2024-12-04 13:50:00
202400048357.0;1;987;98735;1;3;1.0;3.0;-17.531134;-149.558915;2024-07-08 14:25:00
202400048358.0;1;14;14384;2;1;1.0;6.0;49.309363;-0.353362;2024-08-19 19:09:00
202400048359.0;1;44;44109;2;6;1.0;3.0;47.24812698;-1.55193865;2024-09-17 09:30:00
202400048360.0;3;973;97302;2;6;1.0;3.0;4.92722;-52.28971;2024-12-03 19:55:00
202400048361.0;1;61;61382;1;1;1.0;5.0;48.454822;-0.022444;2024-10-29 14:19:00
202400048362.0;3;27;27489;1;2;1.0;1.0;49.074004;1.229163;2024-08-19 21:00:00
202400048363.0;1;74;74133;2;1;1.0;3.0;46.18268;6.2012;2024-07-24 19:15:00
202400048364.0;5;69;69383;2;2;1.0;6.0;45.74974;4.8759;2024-12-04 19:15:00
202400048365.0;1;13;13005;1;1;1.0;2.0;43.28388;5.58913;2024-10-29 08:15:00
202400048366.0;3;2;2676;1;1;1.0;6.0;49.51358;3.828349;2024-08-19 21:55:00
202400048367.0;1;972;97209;2;1;1.0;1.0;14.60647;-61.05808;2024-12-04 08:15:00
202400048368.0;1;13;13085;1;1;1.0;3.0;43.24704235;5.59645431;2024-10-29 12:00:00
202400048369.0;1;69;69382;2;1;1.0;6.0;45.75885;4.82912;2024-12-04 16:27:00
202400048370.0;2;57;57368;2;3;1.0;3.0;49.33768657;6.04553958;2024-07-22 05:30:00
202400048371.0;3;69;69290;1;1;1.0;3.0;45.699;4.97478;2024-08-19 02:40:00
202400048372.0;3;13;13071;1;1;1.0;2.0;43.39330763;5.29952667;2024-10-20 01:10:00
202400048373.0;5;971;97101;1;1;2.0;6.0;16.27983;-61.50781;2024-12-03 03:30:00
202400048374.0;1;24;24037;1;1;8.0;1.0;44.8293477;0.50070418;2024-05-20 14:00:00
202400048375.0;1;59;59178;1;1;1.0;7.0;50.38919996;3.12816452;2024-08-17 17:25:00
202400048376.0;3;59;59350;1;1;1.0;1.0;50.61685;3.08112;2024-10-27 18:48:00
202400048377.0;1;974;97416;1;1;7.0;2.0;-21.3283;55.48167;2024-09-23 12:50:00
202400048378.0;1;974;97416;2;1;1.0;6.0;-21.280252;55.47357;2024-09-23 07:45:00
202400048379.0;1;91;91174;1;1;1.0;3.0;48.62383;2.46842;2024-08-19 17:55:00
202400048380.0;5;95;95219;2;3;1.0;3.0;48.99452844;2.25655394;2024-12-04 05:37:00
202400048381.0;1;59;59586;1;1;1.0;7.0;50.5219936;3.20263059;2024-10-24 18:23:00
202400048382.0;1;91;91201;2;1;8.0;6.0;48.68581;2.40853;2024-12-04 07:55:00
202400048383.0;1;974;97411;2;6;1.0;3.0;-20.9025;55.5029;2024-09-23 12:35:00
202400048384.0;1;91;91689;1;1;1.0;4.0;48.74802334;2.32736886;2024-08-19 15:39:00
202400048385.0;3;91;91534;1;1;1.0;4.0;48.723;2.16772;2024-10-29 18:40:00
202400048386.0;5;91;91201;2;1;1.0;6.0;48.68608699;2.40701596;2024-12-03 16:40:00
202400048387.0;1;94;94034;1;1;1.0;2.0;48.76090218;2.31821429;2024-08-19 09:30:00
202400048388.0;1;94;94038;1;1;1.0;3.0;48.7880127;2.34552605;2024-10-29 17:00:00
202400048389.0;1;69;69387;2;2;1.0;3.0;45.74520312;4.84889956;2024-09-23 10:40:00
202400048390.0;2;91;91097;2;1;1.0;1.0;48.69092;2.52599;2024-12-03 17:30:00
202400048391.0;1;92;92048;1;1;5.0;2.0;48.78772156;2.22217275;2024-10-28 08:43:00
202400048392.0;1;69;69383;2;2;2.0;3.0;45.76367109;4.86368536;2024-09-23 07:40:00
202400048393.0;1;84;84031;2;5;1.0;3.0;44.06501;5.04954;2024-12-04 07:55:00
202400048394.0;3;93;93007;1;1;1.0;2.0;48.9233048;2.48049511;2024-10-29 18:30:00
202400048395.0;1;972;97213;2;1;1.0;2.0;14.61817;-61.02952;2024-09-23 08:10:00
202400048396.0;5;84;84007;2;1;1.0;6.0;43.94718;4.81775;2024-12-03 19:42:00
202400048397.0;1;77;77373;1;1;1.0;2.0;48.76417075;2.61545537;2024-10-29 15:35:00
202400048398.0;1;2B;2B037;2;1;1.0;6.0;42.61868;9.42456;2024-09-23 17:20:00
202400048399.0;1;84;84007;2;1;1.0;6.0;43.94783;4.85616;2024-12-03 13:45:00
202400048400.0;1;94;94017;1;1;1.0;4.0;48.82665078;2.51617424;2024-10-29 10:55:00
202400048401.0;1;83;83137;2;9;1.0;6.0;43.11824976;5.94529438;2024-12-04 07:50:00
202400048402.0;1;971;97113;1;4;1.0;5.0;16.24082;-61.49593;2024-09-22 11:50:00
202400048403.0;1;84;84014;2;1;1.0;1.0;43.73696;5.692099;2024-05-25 16:30:00
202400048404.0;1;78;78242;2;1;8.0;3.0;48.81215;2.03974;2024-11-06 12:25:00
202400048405.0;4;971;97101;2;1;1.0;6.0;16.25172;-61.52953;2024-09-21 03:00:00
202400048406.0;1;84;84105;1;1;1.0;6.0;43.879954;5.43923;2024-03-25 15:13:00
202400048407.0;3;91;91347;1;1;8.0;3.0;48.63542;2.28464;2024-09-23 04:30:00
202400048408.0;5;77;77284;2;1;1.0;7.0;48.95738;2.93619;2024-12-04 19:05:00
202400048409.0;1;84;84092;2;2;1.0;3.0;43.969013;4.856735;2024-07-28 17:10:00
202400048410.0;3;77;77186;1;2;2.0;3.0;48.481177;2.66923;2024-12-02 18:00:00
202400048411.0;4;974;97413;2;1;1.0;1.0;-21.151758;55.320728;2024-08-15 21:00:00
202400048412.0;1;76;76351;2;1;1.0;2.0;49.51096;0.12925;2024-12-03 17:10:00
202400048413.0;4;74;74118;2;1;1.0;7.0;46.17538;6.22163;2024-08-29 00:50:00
202400048414.0;5;74;74118;2;1;1.0;2.0;46.18251;6.23012;2024-12-03 19:00:00