Num_Acc;lum;departement;commune;agglomeration;intersection;meteo;type_collision;lat;long;date
202400048415.0;1;74;74218;2;1;1.0;1.0;46.395;6.553;2024-07-11 12:10:00
202400048416.0;1;85;85191;2;9;1.0;3.0;46.6667;-1.4427;2024-07-07 13:00:00
202400048417.0;1;74;74012;2;3;8.0;6.0;46.197015;6.249741;2024-12-02 08:30:00
202400048418.0;5;74;74012;2;9;8.0;3.0;46.194987;6.245815;2024-12-02 07:30:00
202400048419.0;5;84;84007;2;3;2.0;1.0;43.9435;4.81982;2024-09-22 20:10:00
202400048420.0;5;69;69259;2;3;1.0;3.0;45.71786187;4.88470658;2024-12-03 19:25:00
202400048421.0;3;77;77358;1;1;1.0;6.0;48.97827;2.86172;2024-09-23 05:55:00
202400048422.0;1;22;22106;1;1;1.0;3.0;48.4982;-2.7289;2024-07-27 17:55:00
202400048423.0;5;67;67482;2;1;2.0;6.0;48.5945475;7.77313828;2024-12-03 17:40:00
202400048424.0;5;69;69259;2;9;2.0;6.0;45.70067306;4.88137006;2024-09-22 22:24:00
202400048425.0;1;32;32337;1;9;1.0;6.0;43.780917;0.565281;2024-05-30 20:00:00
202400048426.0;3;29;29003;1;1;1.0;6.0;48.03705089;-4.53134874;2024-08-27 04:45:00
202400048427.0;1;66;66136;2;3;1.0;3.0;42.703;2.87979;2024-12-04 12:45:00
202400048428.0;1;67;67482;2;3;1.0;3.0;48.564886;7.778434;2024-09-23 10:45:00
202400048429.0;1;987;98736;1;9;1.0;7.0;-17.54498;-149.54885;2024-10-28 07:10:00
202400048430.0;1;64;64102;2;2;1.0;6.0;43.50482;-1.44673;2024-12-04 13:35:00
202400048431.0;1;64;64189;2;2;1.0;3.0;43.38260773;-1.66648328;2024-09-23 14:48:00
202400048432.0;2;974;97409;2;1;1.0;2.0;-20.94786;55.65361;2024-10-28 18:45:00
202400048433.0;1;64;64102;2;1;1.0;3.0;43.49103;-1.48122;2024-12-04 11:40:00
202400048434.0;1;64;64024;2;1;1.0;2.0;43.48305;-1.50364;2024-09-23 18:05:00
202400048435.0;1;974;97407;1;1;1.0;2.0;-20.94755;55.32258;2024-10-28 12:40:00
202400048436.0;1;62;62498;2;1;1.0;6.0;50.44055;2.82085;2024-09-18 16:30:00
202400048437.0;1;64;64102;2;1;1.0;4.0;43.49795;-1.4487;2024-12-04 12:15:00
202400048438.0;2;69;69149;2;2;1.0;3.0;45.71159;4.81987;2024-10-28 17:45:00
202400048439.0;1;62;62498;2;2;1.0;3.0;50.42504;2.80716;2024-12-01 11:00:00
202400048440.0;1;59;59350;2;3;1.0;3.0;50.63622;3.05059;2024-09-22 07:35:00
202400048441.0;4;971;97113;1;1;1.0;1.0;16.20994;-61.48055;2024-10-25 23:00:00
202400048442.0;1;62;62528;2;1;1.0;2.0;50.45478084;2.78906751;2024-11-20 16:45:00
202400048443.0;2;56;56162;2;6;1.0;3.0;47.74103;-3.40643;2024-09-22 20:20:00
202400048444.0;1;971;97101;1;9;1.0;6.0;16.27195;-61.5174;2024-10-25 12:35:00
202400048445.0;2;62;62178;2;4;1.0;3.0;50.47882773;2.53281283;2024-12-04 07:30:00
202400048446.0;1;971;97105;2;1;1.0;6.0;16.00581;-61.73449;2024-10-28 06:45:00
202400048447.0;1;54;54395;2;6;1.0;3.0;48.68714;6.1886;2024-09-22 10:05:00
202400048448.0;5;59;59512;2;2;1.0;3.0;50.67808;3.18564;2024-12-04 00:40:00
202400048449.0;5;87;87085;2;1;2.0;6.0;45.85003;1.24793;2024-10-26 03:44:00
202400048450.0;1;54;54329;2;1;1.0;2.0;48.58625;6.5232;2024-09-23 13:25:00
202400048451.0;5;59;59648;2;1;8.0;3.0;50.588706;3.051273;2024-12-04 22:00:00
202400048452.0;5;51;51454;2;1;2.0;3.0;49.22607;4.01638;2024-09-22 23:10:00
202400048453.0;1;87;87085;2;3;1.0;4.0;45.82354;1.25115;2024-10-24 12:45:00
202400048454.0;1;38;38185;2;6;8.0;6.0;45.19751726;5.73685616;2024-09-23 11:05:00
202400048455.0;1;83;83062;2;6;1.0;6.0;43.12937811;6.02545906;2024-10-28 11:45:00
202400048456.0;3;59;59437;1;1;2.0;4.0;50.56599;3.02538;2024-12-03 08:05:00
202400048457.0;1;37;37261;2;1;1.0;3.0;47.3872;0.66725;2024-09-23 07:35:00
202400048458.0;1;79;79191;2;3;1.0;3.0;46.33003;-0.44182;2024-10-28 12:40:00
202400048459.0;5;54;54395;2;4;2.0;6.0;48.70469;6.16948;2024-12-03 18:27:00
202400048460.0;3;37;37050;2;1;2.0;6.0;47.33036;0.68268;2024-09-23 04:46:00
202400048461.0;1;78;78401;2;1;1.0;6.0;49.006487;1.920998;2024-10-28 15:15:00
202400048462.0;2;37;37122;1;1;2.0;6.0;47.36658102;0.6532495;2024-09-22 19:25:00
202400048463.0;5;54;54578;2;2;2.0;3.0;48.67701815;6.16240633;2024-12-03 17:55:00
202400048464.0;2;77;77296;2;1;1.0;6.0;48.60302;2.5863;2024-10-28 17:42:00
202400048465.0;1;77;77495;2;1;1.0;3.0;48.5615;2.63352;2024-10-28 12:50:00
202400048466.0;1;37;37233;2;3;1.0;3.0;47.37831483;0.74163026;2024-09-20 15:05:00
202400048467.0;1;51;51454;2;2;1.0;3.0;49.280017;4.018954;2024-12-04 11:00:00
202400048468.0;1;50;50532;2;1;1.0;4.0;48.81493;-1.54451;2024-12-04 09:25:00
202400048469.0;1;35;35238;2;6;1.0;1.0;48.08694;-1.68561;2024-09-23 14:10:00
202400048470.0;1;77;77513;2;1;8.0;3.0;48.95468;2.86288;2024-10-28 12:25:00
202400048471.0;5;50;50129;2;4;1.0;6.0;49.63067;-1.62264;2024-12-03 23:30:00
202400048472.0;5;77;77449;2;9;5.0;6.0;48.85451;2.78549;2024-10-28 20:40:00
202400048473.0;2;35;35281;2;3;2.0;7.0;48.09657419;-1.69193881;2024-09-23 09:00:00
202400048474.0;1;49;49007;2;1;1.0;3.0;47.4744;-0.54691;2024-12-03 14:07:00
202400048475.0;5;77;77058;2;2;5.0;6.0;48.83170582;2.72345921;2024-10-28 05:10:00
202400048476.0;1;34;34172;2;1;1.0;6.0;43.60001;3.85355;2024-09-23 08:55:00
202400048477.0;1;45;45302;2;1;5.0;1.0;47.93489;1.87626;2024-12-04 12:10:00
202400048478.0;3;76;76497;1;1;1.0;3.0;49.37806;1.04774;2024-10-28 18:10:00
202400048479.0;1;33;33063;2;1;1.0;3.0;44.83583;-0.56776;2024-09-23 18:10:00
202400048480.0;3;38;38544;1;1;8.0;2.0;45.52088;4.90267;2024-12-04 07:30:00
202400048481.0;5;31;31555;2;9;1.0;6.0;43.57457578;1.40479892;2024-09-23 03:30:00
202400048482.0;1;73;73029;2;3;1.0;3.0;45.56998;5.9467;2024-10-27 15:30:00
202400048483.0;1;34;34032;1;1;1.0;4.0;43.37154;3.20885;2024-12-03 09:00:00
202400048484.0;1;69;69275;2;1;1.0;3.0;45.76338743;4.93829208;2024-10-28 17:30:00
202400048485.0;1;33;33281;2;1;1.0;3.0;44.84075;-0.64155;2024-12-04 13:20:00
202400048486.0;5;68;68224;2;3;1.0;1.0;47.738258;7.301479;2024-10-28 22:43:00
202400048487.0;2;31;31557;2;1;1.0;6.0;43.580204;1.361857;2024-12-04 08:15:00
202400048488.0;1;68;68256;2;1;1.0;2.0;47.756991;7.297221;2024-10-28 07:50:00
202400048489.0;3;29;29151;1;1;2.0;7.0;48.58791188;-3.80811889;2024-12-03 02:40:00
202400048490.0;5;67;67482;2;1;1.0;3.0;48.574223;7.724009;2024-10-26 20:30:00
202400048491.0;1;24;24037;2;1;1.0;6.0;44.84709;0.48223;2024-11-23 13:50:00
202400048492.0;1;19;19031;2;1;1.0;6.0;45.1661;1.52622;2024-12-04 13:00:00
202400048493.0;5;64;64024;1;1;1.0;3.0;43.49684;-1.49899;2024-10-27 21:20:00
202400048494.0;1;59;59636;2;9;1.0;2.0;50.68171;3.0629;2024-10-28 15:00:00
202400048495.0;5;13;13211;2;1;1.0;3.0;43.28577;5.46847;2024-12-01 19:50:00
202400048496.0;1;57;57227;2;3;8.0;3.0;49.18709;6.89826;2024-10-03 15:00:00
202400048497.0;3;11;11069;1;1;1.0;3.0;43.2038;2.387097;2024-12-02 17:50:00
202400048498.0;1;56;56098;2;1;1.0;3.0;47.76662;-3.33556;2024-10-26 11:10:00
202400048499.0;1;1;1283;2;6;1.0;6.0;46.25415;5.63719;2024-10-10 12:30:00
202400048500.0;5;49;49007;2;3;1.0;3.0;47.47511;-0.53545;2024-10-27 20:04:00
202400048501.0;5;75;75106;2;2;1.0;6.0;48.851236;2.332962;2024-12-04 17:10:00
202400048502.0;3;37;37122;1;9;1.0;2.0;47.34774269;0.64628729;2024-10-27 18:35:00
202400048503.0;1;75;75117;2;2;1.0;6.0;48.888626;2.315666;2024-12-04 15:30:00
202400048504.0;1;37;37233;2;6;2.0;6.0;47.39212;0.72542;2024-10-27 07:45:00
202400048505.0;1;75;75117;2;3;1.0;2.0;48.88120859;2.31557518;2024-12-04 12:10:00
202400048506.0;1;34;34172;2;1;8.0;6.0;43.58257;3.86079;2024-10-28 12:45:00
202400048507.0;1;34;34032;1;1;3.0;1.0;43.34617;3.16556;2024-10-25 14:30:00
202400048508.0;5;75;75117;2;1;1.0;4.0;48.885825;2.290389;2024-12-03 20:05:00
202400048509.0;2;33;33063;2;1;1.0;2.0;44.861705;-0.586412;2024-10-28 18:30:00
202400048510.0;5;75;75116;2;1;1.0;6.0;48.855024;2.284189;2024-12-04 04:55:00
202400048511.0;5;75;75108;2;7;1.0;7.0;48.878058;2.305094;2024-12-04 21:45:00
202400048512.0;1;33;33522;2;6;8.0;2.0;44.81853;-0.60209;2024-10-28 11:20:00
202400048513.0;1;32;32013;2;1;8.0;2.0;43.64091;0.5959;2024-10-28 09:45:00
202400048514.0;5;75;75117;2;2;1.0;2.0;48.892285;2.300999;2024-12-03 21:15:00
202400048515.0;1;31;31555;2;1;1.0;3.0;43.56797502;1.50547564;2024-10-28 14:39:00
202400048516.0;5;75;75107;2;1;1.0;3.0;48.85911;2.301506;2024-12-04 19:30:00
202400048517.0;1;30;30007;2;1;1.0;7.0;44.1252;4.08028;2024-10-28 11:20:00
202400048518.0;2;75;75104;2;3;2.0;6.0;48.855097;2.361671;2024-12-03 16:05:00
202400048519.0;5;29;29019;2;2;2.0;3.0;48.393516;-4.481329;2024-10-26 21:45:00
202400048520.0;1;75;75104;2;2;1.0;1.0;48.8575;2.351437;2024-12-03 12:20:00
202400048521.0;5;75;75101;2;1;2.0;7.0;48.862854;2.324289;2024-12-02 23:45:00
202400048522.0;5;29;29019;2;2;1.0;3.0;48.41000688;-4.51418728;2024-10-24 23:20:00
202400048523.0;1;75;75104;2;2;1.0;6.0;48.852421;2.357151;2024-12-02 09:25:00
202400048524.0;4;26;26198;1;1;1.0;6.0;44.58379413;4.74899054;2024-10-28 18:22:00
202400048525.0;1;94;94011;2;9;1.0;3.0;48.76281607;2.4797363;2024-12-04 14:50:00
202400048526.0;1;25;25056;2;1;1.0;5.0;47.23542;5.99449;2024-10-28 09:05:00
202400048527.0;5;94;94078;2;1;2.0;3.0;48.7483;2.44627;2024-12-03 21:13:00
202400048528.0;5;94;94073;2;1;1.0;1.0;48.765814;2.391362;2024-12-04 22:10:00
202400048529.0;5;13;13056;2;3;1.0;3.0;43.41219;5.04691;2024-10-28 21:45:00
202400048530.0;1;93;93055;2;3;1.0;3.0;48.90456721;2.3956329;2024-12-04 14:25:00
202400048531.0;5;93;93051;2;2;1.0;3.0;48.8345;2.56575;2024-12-04 19:00:00
202400048532.0;5;13;13214;2;4;1.0;3.0;43.33762;5.40774;2024-10-28 19:30:00
202400048533.0;2;93;93046;2;2;1.0;3.0;48.92476;2.54795;2024-12-03 18:50:00
202400048534.0;1;13;13047;1;1;1.0;5.0;43.53077;4.96007;2024-10-28 11:40:00
202400048535.0;5;93;93006;2;1;1.0;6.0;48.87462888;2.42558867;2024-12-04 17:52:00
202400048536.0;5;12;12202;2;1;1.0;3.0;44.34955;2.57194;2024-10-04 22:35:00
202400048537.0;5;92;92078;2;3;1.0;2.0;48.93460917;2.33141541;2024-12-03 23:10:00
202400048538.0;2;12;12202;2;1;1.0;2.0;44.3501;2.57809;2024-10-03 19:25:00
202400048539.0;1;75;75110;2;2;1.0;6.0;48.874896;2.357327;2024-10-28 15:43:00
202400048540.0;5;92;92073;2;3;1.0;4.0;48.87372859;2.23626763;2024-12-04 19:16:00
202400048541.0;5;75;75106;2;3;1.0;1.0;48.84336;2.338657;2024-10-27 22:18:00
202400048542.0;5;92;92050;2;2;1.0;3.0;48.88577;2.21924;2024-12-03 19:00:00
202400048543.0;5;75;75106;2;2;1.0;3.0;48.851469;2.337057;2024-10-27 21:25:00
202400048544.0;5;92;92048;2;2;1.0;3.0;48.81036749;2.24750519;2024-12-04 18:00:00
202400048545.0;1;75;75117;2;1;1.0;6.0;48.888151;2.315241;2024-10-28 15:00:00
202400048546.0;5;92;92024;2;1;1.0;6.0;48.89816851;2.3101797;2024-12-04 18:30:00
202400048547.0;2;75;75115;2;2;1.0;3.0;48.849834;2.282904;2024-10-28 17:04:00
202400048548.0;3;92;92023;2;1;1.0;2.0;48.77620309;2.23787293;2024-12-04 22:30:00
202400048549.0;5;75;75108;2;1;1.0;7.0;48.864821;2.305529;2024-10-28 20:30:00
202400048550.0;1;75;75107;2;2;1.0;3.0;48.862452;2.301766;2024-10-28 16:14:00
202400048551.0;3;39;39547;1;1;1.0;1.0;46.349571;5.751772;2024-12-03 20:36:00
202400048552.0;5;75;75102;2;7;1.0;1.0;48.866349;2.341078;2024-10-28 18:25:00
202400048553.0;1;94;94044;2;9;1.0;6.0;48.75091;2.49081;2024-10-28 15:50:00
202400048554.0;5;94;94074;2;6;1.0;6.0;48.76157;2.4484;2024-10-27 02:00:00
202400048555.0;3;54;54083;1;1;5.0;1.0;48.62322594;6.48747344;2024-12-04 07:40:00
202400048556.0;1;94;94073;2;1;5.0;2.0;48.76846;2.36816;2024-10-28 11:10:00
202400048557.0;1;47;47040;1;2;1.0;3.0;44.193601;0.583874;2024-12-05 08:50:00
202400048558.0;2;94;94022;2;1;5.0;2.0;48.7709;2.409;2024-10-28 07:50:00
202400048559.0;1;94;94019;2;1;8.0;6.0;48.7994;2.5691;2024-10-27 09:30:00
202400048560.0;1;93;93078;2;2;8.0;3.0;48.95276;2.53605;2024-10-28 08:00:00
202400048561.0;5;93;93051;2;3;1.0;6.0;48.84755;2.52956;2024-10-28 19:40:00
202400048562.0;1;93;93001;2;1;1.0;6.0;48.90926566;2.37835525;2024-10-28 08:45:00
202400048563.0;1;92;92040;2;1;1.0;3.0;48.83072674;2.26606429;2024-10-28 09:50:00
202400048564.0;1;92;92024;2;1;1.0;4.0;48.90402271;2.30296835;2024-10-28 12:00:00
202400048565.0;3;92;92023;2;1;1.0;6.0;48.77702221;2.22973332;2024-10-28 21:05:00
202400048566.0;4;92;92012;2;1;1.0;3.0;48.84839082;2.22734481;2024-10-28 19:55:00
202400048567.0;5;92;92004;2;1;1.0;2.0;48.93174173;2.28318751;2024-10-28 19:40:00
202400048568.0;1;37;37010;1;1;5.0;1.0;47.54878184;0.9212122;2024-10-28 10:45:00
202400048569.0;1;1;1207;1;1;1.0;1.0;45.993414;4.953182;2024-10-28 12:10:00
202400048570.0;1;76;76377;1;1;1.0;6.0;49.487566;1.140883;2024-10-29 16:18:00
202400048571.0;2;71;71130;1;1;1.0;6.0;46.52645;4.744742;2024-10-27 18:15:00
202400048572.0;1;33;33176;2;1;1.0;2.0;44.620937;-0.252999;2024-10-13 13:05:00
202400048573.0;1;7;7302;1;1;5.0;5.0;44.657351;4.703629;2024-10-29 09:15:00
202400048574.0;1;63;63110;1;1;4.0;7.0;45.79547154;2.76439187;2024-01-06 08:20:00
202400048575.0;3;30;30141;2;1;6.0;7.0;44.098434;4.686774;2024-01-05 04:15:00
202400048576.0;1;62;62080;2;1;1.0;6.0;50.10234282;2.85273432;2024-01-07 15:30:00
202400048577.0;2;65;65460;1;1;1.0;6.0;43.385176;0.092622;2024-01-06 18:10:00
202400048578.0;1;32;32410;2;1;8.0;7.0;43.492351;0.930619;2024-01-07 15:00:00
202400048579.0;5;71;71522;1;1;2.0;6.0;46.603275;4.98687;2024-01-07 04:45:00
202400048580.0;5;63;63223;1;4;2.0;2.0;46.129932;2.867281;2024-01-06 18:00:00
202400048581.0;3;63;63290;1;1;4.0;6.0;45.899558;2.924649;2024-01-06 20:55:00
202400048582.0;3;61;61394;1;1;1.0;6.0;48.256746;0.610579;2024-01-07 05:40:00
202400048583.0;3;47;47195;1;1;1.0;6.0;44.140098;0.361056;2024-01-06 23:50:00
202400048584.0;1;68;68129;1;1;9.0;6.0;47.727215;7.20922;2024-01-06 15:25:00
202400048585.0;1;22;22194;1;1;3.0;6.0;48.625573;-3.616358;2024-01-05 12:00:00
202400048586.0;3;44;44031;1;1;1.0;6.0;47.631272;-1.201093;2024-01-07 04:00:00
202400048587.0;3;29;29105;1;4;2.0;1.0;48.50549726;-4.09493473;2024-01-05 18:30:00
202400048588.0;1;29;29105;2;6;2.0;7.0;48.52666036;-4.06687894;2024-01-05 11:00:00
202400048589.0;3;58;58055;1;1;2.0;2.0;46.835815;3.558304;2024-01-06 17:45:00
202400048590.0;1;53;53153;1;1;2.0;4.0;48.217582;-0.460095;2024-01-06 14:00:00
202400048591.0;3;24;24459;1;3;1.0;3.0;45.040333;0.663965;2024-01-04 17:00:00
202400048592.0;5;17;17243;1;1;1.0;3.0;45.243345;-0.273387;2024-01-06 19:26:00
202400048593.0;1;976;97602;1;1;1.0;1.0;-12.67727;45.0948;2024-01-07 16:30:00
202400048594.0;2;89;89059;1;1;3.0;3.0;48.062496;3.515962;2024-01-02 08:05:00
202400048595.0;1;33;33240;2;1;1.0;1.0;45.30194654;-0.93435287;2024-01-06 17:30:00
202400048596.0;1;85;85155;1;1;1.0;2.0;46.718019;-1.424918;2024-01-07 12:45:00
202400048597.0;1;44;44176;2;1;1.0;6.0;47.352947;-2.18372;2024-01-06 17:10:00
202400048598.0;5;22;22225;2;1;1.0;2.0;48.544676;-3.143774;2024-01-06 18:10:00
202400048599.0;1;22;22136;2;6;2.0;2.0;48.157412;-2.756828;2024-01-05 15:00:00
202400048600.0;1;33;33013;1;1;1.0;4.0;44.862337;-0.503829;2024-01-06 14:45:00
202400048601.0;3;91;91471;1;1;1.0;6.0;48.71064;2.18645;2024-01-06 17:10:00
202400048602.0;1;94;94038;1;1;1.0;2.0;48.77794082;2.34667686;2024-01-06 14:00:00
202400048603.0;5;31;31555;2;1;3.0;6.0;43.551976;1.39551848;2024-05-05 23:00:00
202400048604.0;3;78;78545;1;1;1.0;2.0;48.810417;2.05597;2024-01-06 00:50:00
202400048605.0;5;28;28209;2;1;2.0;7.0;48.48966;1.47193;2024-05-06 01:25:00
202400048606.0;3;27;27229;2;1;1.0;7.0;49.01121;1.14195;2024-04-14 00:50:00
202400048607.0;1;93;93064;1;1;1.0;2.0;48.87109766;2.48225139;2024-01-06 16:00:00
202400048608.0;1;13;13001;2;2;8.0;6.0;43.51037;5.4423;2024-05-06 20:15:00
202400048609.0;1;95;95252;1;1;1.0;5.0;48.98341557;2.21876294;2024-01-06 10:20:00
202400048610.0;1;6;6069;2;1;1.0;3.0;43.65354;6.92521;2024-05-06 16:00:00
202400048611.0;3;92;92036;1;1;1.0;2.0;48.93838168;2.31330853;2024-01-05 20:30:00
202400048612.0;1;6;6030;2;1;2.0;3.0;43.56976;6.99535;2024-05-06 12:10:00
202400048613.0;3;93;93048;1;1;1.0;2.0;48.87140607;2.43234765;2024-01-06 00:15:00
202400048614.0;1;5;5061;2;4;1.0;1.0;44.56711;6.06762;2024-04-23 08:20:00
202400048615.0;3;93;93066;1;1;1.0;2.0;48.9229345;2.34504055;2024-01-05 21:30:00
202400048616.0;5;75;75115;2;1;1.0;4.0;48.833786;2.277052;2024-05-05 05:30:00
202400048617.0;1;75;75119;2;1;1.0;2.0;48.879032;2.408116;2024-05-06 08:45:00
202400048618.0;1;93;93005;1;1;1.0;4.0;48.95280378;2.47375002;2024-01-05 13:50:00
202400048619.0;1;75;75120;2;3;1.0;6.0;48.849787;2.399176;2024-05-06 18:10:00
202400048620.0;1;75;75120;2;1;1.0;1.0;48.847861;2.4026;2024-05-06 17:20:00
202400048621.0;1;974;97411;2;2;1.0;3.0;-20.89076;55.45503;2024-01-05 07:00:00
202400048622.0;3;75;75115;2;2;1.0;6.0;48.837223;2.296425;2024-05-06 21:30:00
202400048623.0;1;974;97409;2;9;2.0;3.0;-20.96215;55.65558;2024-01-05 18:20:00
202400048624.0;1;974;97407;2;1;1.0;7.0;-20.95737;55.3153;2024-01-05 07:55:00
202400048625.0;1;75;75112;2;3;1.0;3.0;48.848053;2.373895;2024-05-05 14:10:00
202400048626.0;2;69;69383;2;1;2.0;1.0;45.75429;4.86492;2024-01-05 08:30:00
202400048627.0;1;75;75110;2;3;1.0;3.0;48.882111;2.351067;2024-05-06 17:00:00
202400048628.0;1;972;97207;1;1;1.0;3.0;14.59973193;-60.96986175;2024-01-04 16:09:00
202400048629.0;5;69;69382;2;9;1.0;6.0;45.74880792;4.82808562;2024-01-05 17:50:00
202400048630.0;1;75;75107;2;3;1.0;3.0;48.862505;2.310365;2024-05-06 11:50:00
202400048631.0;5;75;75107;2;7;2.0;7.0;48.850499;2.314447;2024-05-06 04:45:00
202400048632.0;1;971;97120;2;1;1.0;3.0;16.24041;-61.53301;2024-01-05 13:50:00
202400048633.0;1;94;94081;2;1;1.0;6.0;48.78044107;2.37351608;2024-05-02 15:45:00
202400048634.0;1;91;91161;2;1;1.0;1.0;48.70719;2.2971;2024-01-05 08:40:00
202400048635.0;1;91;91421;2;1;1.0;1.0;48.7076;2.46169;2024-01-05 14:55:00
202400048636.0;1;94;94080;2;1;2.0;2.0;48.85157777;2.43833855;2024-05-05 09:20:00
202400048637.0;3;51;51572;1;1;1.0;2.0;49.03605072;4.6161237;2024-03-30 21:35:00
202400048638.0;1;94;94079;2;3;1.0;1.0;48.82103477;2.55578238;2024-05-06 19:56:00
202400048639.0;4;84;84007;2;6;8.0;3.0;43.92656;4.84489;2024-01-05 20:40:00
202400048640.0;1;11;11262;2;6;1.0;3.0;43.166136;3.174362;2024-03-29 15:00:00
202400048641.0;1;94;94081;2;3;1.0;6.0;48.8035;2.37754;2024-05-06 13:10:00
202400048642.0;1;84;84007;2;1;1.0;3.0;43.94463;4.85432;2024-01-05 17:15:00
202400048643.0;1;78;78537;1;1;1.0;6.0;48.562891;1.960814;2024-03-30 14:30:00
202400048644.0;1;94;94065;1;1;1.0;3.0;48.75385;2.36554605;2024-05-06 17:00:00
202400048645.0;1;81;81004;2;1;1.0;6.0;43.9342516;2.1742416;2024-01-05 15:15:00
202400048646.0;3;987;98729;2;1;1.0;7.0;-17.48156001;-149.79879856;2024-03-31 04:00:00
202400048647.0;1;94;94011;2;1;1.0;1.0;48.77860432;2.49154454;2024-05-05 19:02:00
202400048648.0;5;77;77288;1;9;1.0;2.0;48.54757;2.67686;2024-01-06 00:55:00
202400048649.0;3;971;97115;1;1;1.0;6.0;16.256929;-61.637174;2024-03-30 23:00:00
202400048650.0;5;77;77394;2;1;1.0;7.0;48.558;2.68014;2024-01-04 19:25:00
202400048651.0;5;93;93070;2;1;1.0;3.0;48.915;2.33157;2024-05-06 23:00:00
202400048652.0;3;91;91671;1;1;5.0;6.0;48.45932;2.264471;2024-03-31 05:12:00
202400048653.0;4;72;72181;2;9;1.0;1.0;47.96947;0.21035;2024-01-05 18:05:00
202400048654.0;1;93;93071;2;6;1.0;1.0;48.93355;2.54284;2024-05-06 18:40:00
202400048655.0;5;69;69286;2;1;1.0;7.0;45.80743;4.89429;2024-01-05 05:30:00
202400048656.0;1;34;34039;1;6;1.0;2.0;43.448993;3.645358;2024-03-31 12:55:00
202400048657.0;1;93;93046;2;1;1.0;2.0;48.917612;2.534192;2024-05-06 16:38:00
202400048658.0;5;66;66136;2;3;8.0;3.0;42.70043;2.8937;2024-01-05 07:50:00
202400048659.0;3;93;93013;2;6;1.0;6.0;48.94232;2.43003;2024-05-05 22:15:00
202400048660.0;1;33;33051;2;3;1.0;3.0;44.6475;-0.974333;2024-03-30 17:00:00
202400048661.0;1;64;64483;2;3;2.0;3.0;43.3973;-1.6431;2024-01-05 11:55:00
202400048662.0;1;92;92075;2;1;1.0;3.0;48.81517;2.27851;2024-05-06 09:35:00
202400048663.0;3;64;64545;1;1;3.0;2.0;43.35998025;-1.72653526;2024-01-04 23:20:00
202400048664.0;2;53;53094;1;6;1.0;7.0;48.002156;-0.723435;2024-03-31 07:30:00
202400048665.0;5;92;92023;2;1;1.0;7.0;48.78865;2.25913;2024-05-05 22:30:00
202400048666.0;1;62;62771;2;1;2.0;2.0;50.41978043;2.87612486;2024-01-03 16:15:00
202400048667.0;5;62;62178;2;1;1.0;6.0;50.49493736;2.57400121;2024-01-05 19:50:00
202400048668.0;5;92;92023;2;9;1.0;3.0;48.78343224;2.24666825;2024-05-05 22:25:00
202400048669.0;3;49;49023;2;1;1.0;6.0;47.172437;-0.884383;2024-03-30 04:45:00
202400048670.0;1;62;62753;2;6;1.0;3.0;50.29529373;2.79143572;2024-01-05 14:30:00
202400048671.0;3;60;60040;1;2;1.0;3.0;49.41521935;2.6003259;2024-05-06 21:25:00
202400048672.0;1;94;94034;1;1;1.0;5.0;48.75762305;2.32812012;2024-03-30 18:00:00
202400048673.0;3;59;59284;1;9;2.0;3.0;50.41963;3.407;2024-01-05 19:00:00
202400048674.0;1;35;35139;2;1;1.0;3.0;47.978323;-1.716819;2024-05-05 16:55:00
202400048675.0;1;94;94021;1;1;1.0;6.0;48.76219453;2.34079795;2024-03-30 13:45:00
202400048676.0;1;59;59426;2;1;2.0;6.0;50.746068;3.157887;2024-01-05 16:25:00
202400048677.0;1;47;47080;1;1;1.0;3.0;44.608714;0.794824;2024-04-29 10:30:00
202400048678.0;1;71;71227;2;1;3.0;6.0;46.675683;3.9110834;2024-05-06 08:15:00
202400048679.0;3;91;91689;1;1;2.0;2.0;48.74607787;2.32571661;2024-03-30 02:14:00
202400048680.0;1;59;59599;2;1;2.0;3.0;50.711652;3.159233;2024-01-05 13:05:00
202400048681.0;3;95;95487;2;1;1.0;1.0;49.15198257;2.26888061;2024-05-07 00:20:00
202400048682.0;1;91;91161;1;1;2.0;2.0;48.70061031;2.31006861;2024-03-29 16:45:00
202400048683.0;1;57;57630;2;2;3.0;6.0;48.740811;7.074128;2024-01-03 13:00:00
202400048684.0;1;974;97422;2;1;1.0;6.0;-21.226477;55.551242;2024-05-04 11:20:00
202400048685.0;1;78;78545;1;1;2.0;2.0;48.789613;2.069696;2024-03-30 10:18:00
202400048686.0;1;1;1173;1;1;1.0;2.0;46.358598;6.052952;2024-05-05 14:40:00
202400048687.0;1;57;57751;2;1;1.0;2.0;49.14967618;6.16644144;2024-01-05 15:40:00
202400048688.0;1;68;68315;2;1;1.0;6.0;47.889183;7.229691;2024-05-06 18:55:00
202400048689.0;1;78;78206;1;1;2.0;2.0;48.957461;1.93488;2024-03-30 10:28:00
202400048690.0;1;54;54395;2;2;8.0;6.0;48.69103061;6.1751546;2024-01-04 12:25:00
202400048691.0;1;76;76228;1;1;1.0;7.0;49.658971;0.808192;2024-05-05 15:45:00
202400048692.0;3;95;95252;1;1;3.0;6.0;48.98070131;2.22524483;2024-03-30 00:50:00
202400048693.0;1;49;49007;2;1;1.0;3.0;47.45314;-0.53868;2024-01-05 14:40:00
202400048694.0;1;12;12120;1;1;3.0;1.0;44.394715;2.827703;2024-05-07 09:00:00
202400048695.0;1;92;92036;1;1;1.0;4.0;48.94812669;2.28085243;2024-03-29 12:00:00
202400048696.0;1;68;68338;2;1;1.0;7.0;48.090971;7.286171;2024-05-06 17:50:00
202400048697.0;5;49;49007;2;1;1.0;6.0;47.48281;-0.54929;2024-01-05 04:55:00