Num_Acc;lum;departement;commune;agglomeration;intersection;meteo;type_collision;lat;long;date
202400048698.0;1;77;77514;1;1;1.0;3.0;48.94065417;2.62841122;2024-03-30 17:33:00
202400048699.0;1;3;3048;1;1;8.0;2.0;46.630447;2.771164;2024-05-07 07:20:00
202400048700.0;1;45;45208;2;3;1.0;3.0;47.994117;2.731601;2024-01-05 14:55:00
202400048701.0;1;45;45208;2;1;1.0;6.0;47.989396;2.732386;2024-01-05 10:45:00
202400048702.0;1;1;1319;1;2;2.0;2.0;46.098884;4.930254;2024-05-07 07:45:00
202400048703.0;5;974;97416;2;2;1.0;3.0;-21.33848;55.47721;2024-03-29 21:20:00
202400048704.0;1;14;14085;2;1;2.0;6.0;49.253944;0.33165;2024-05-06 07:30:00
202400048705.0;1;64;64405;1;1;1.0;3.0;43.352746;-0.254708;2024-05-06 19:00:00
202400048706.0;5;974;97411;2;1;1.0;6.0;-20.89701;55.46522;2024-03-29 22:05:00
202400048707.0;1;43;43012;1;1;1.0;2.0;45.37685092;4.2171511;2024-05-07 16:55:00
202400048708.0;1;39;39300;2;9;1.0;3.0;46.688254;5.562962;2024-01-03 13:15:00
202400048709.0;5;973;97302;2;1;2.0;3.0;4.93636053;-52.32771456;2024-03-29 20:20:00
202400048710.0;1;36;36146;1;1;1.0;6.0;46.45948443;1.71754129;2024-05-03 19:50:00
202400048711.0;1;39;39300;2;3;1.0;3.0;46.678864;5.571128;2024-01-02 15:10:00
202400048712.0;1;973;97302;1;1;2.0;3.0;4.90772665;-52.32258081;2024-03-29 09:55:00
202400048713.0;1;24;24581;2;6;8.0;3.0;45.022344;0.542262;2024-05-06 17:00:00
202400048714.0;1;69;69383;2;2;1.0;6.0;45.75277;4.86952;2024-03-29 07:35:00
202400048715.0;5;35;35238;2;1;1.0;5.0;48.10705;-1.72658;2024-01-05 20:45:00
202400048716.0;1;4;4088;2;1;1.0;6.0;43.948285;5.772285;2024-05-07 10:45:00
202400048717.0;1;972;97209;2;1;1.0;3.0;14.61912;-61.0407;2024-03-29 13:35:00
202400048718.0;2;34;34172;2;1;1.0;6.0;43.6222;3.84582;2024-01-04 17:58:00
202400048719.0;1;69;69382;2;1;1.0;6.0;45.76026;4.83334;2024-03-29 11:00:00
202400048720.0;1;27;27630;1;1;1.0;1.0;49.133204;0.801941;2024-05-06 16:08:00
202400048721.0;5;33;33249;2;1;1.0;4.0;44.86738;-0.50738;2024-01-05 19:10:00
202400048722.0;1;37;37272;2;1;1.0;6.0;47.341484;0.514244;2024-05-07 14:00:00
202400048723.0;5;2B;2B037;2;2;1.0;3.0;42.62769;9.43068;2024-03-29 20:27:00
202400048724.0;1;48;48016;1;1;2.0;6.0;44.45533;3.465017;2024-05-07 09:50:00
202400048725.0;1;2B;2B033;2;3;1.0;6.0;42.4211;9.2648;2024-03-28 16:14:00
202400048726.0;5;33;33200;2;2;1.0;1.0;44.87322;-0.67807;2024-01-05 18:15:00
202400048727.0;1;95;95394;2;1;1.0;7.0;49.05479935;2.17663444;2024-05-07 11:09:00
202400048728.0;5;971;97101;1;1;1.0;6.0;16.2472;-61.52647;2024-03-28 21:30:00
202400048729.0;1;33;33119;2;3;1.0;2.0;44.8604078;-0.51489025;2024-01-05 14:35:00
202400048730.0;1;13;13069;2;6;1.0;2.0;43.625902;5.15527;2024-05-04 09:00:00
202400048731.0;1;33;33063;2;8;1.0;6.0;44.82828;-0.557272;2024-01-05 12:00:00
202400048732.0;5;30;30007;2;3;1.0;3.0;44.13263;4.09792;2024-01-04 19:55:00
202400048733.0;1;91;91657;2;2;1.0;3.0;48.70247;2.42782;2024-03-27 18:45:00
202400048734.0;3;6;6152;1;1;1.0;6.0;43.609482;7.052246;2024-05-03 20:40:00
202400048735.0;1;42;42279;2;1;2.0;5.0;45.514692;4.263403;2024-05-07 12:30:00
202400048736.0;1;27;27229;2;1;1.0;6.0;49.03071;1.15092;2024-01-04 12:00:00
202400048737.0;5;91;91228;2;3;3.0;3.0;48.62595;2.42546;2024-03-29 20:57:00
202400048738.0;1;24;24291;1;1;1.0;1.0;45.060137;1.195471;2024-05-07 13:45:00
202400048739.0;1;30;30351;2;1;1.0;7.0;43.96039;4.79303;2024-03-28 13:30:00
202400048740.0;1;21;21166;2;1;2.0;2.0;47.290103;5.014266;2024-01-03 16:20:00
202400048741.0;1;38;38449;1;1;1.0;5.0;45.639643;5.088011;2024-05-07 11:20:00
202400048742.0;4;17;17300;2;1;1.0;6.0;46.164719;-1.182572;2024-01-05 19:35:00
202400048743.0;1;83;83126;2;6;1.0;3.0;43.10976;5.85748;2024-03-29 13:25:00
202400048744.0;1;17;17300;2;1;1.0;7.0;46.145244;-1.134675;2024-01-05 13:12:00
202400048745.0;5;83;83034;1;6;1.0;6.0;43.108762;6.04697084;2024-03-27 19:50:00
202400048746.0;1;978;97801;2;1;1.0;3.0;18.078438;-63.080052;2024-02-13 13:30:00
202400048747.0;1;14;14366;2;1;1.0;3.0;49.14352;0.24684;2024-01-05 14:18:00
202400048748.0;1;971;97124;1;1;1.0;6.0;16.014796;-61.718965;2024-05-06 14:30:00
202400048749.0;1;14;14118;2;6;1.0;1.0;49.17516;-0.35372;2024-01-05 10:52:00
202400048750.0;1;83;83027;2;1;1.0;3.0;43.16824059;5.76981501;2024-05-07 11:50:00
202400048751.0;1;81;81163;2;9;1.0;1.0;43.50019;2.3766;2024-03-29 09:25:00
202400048752.0;2;51;51217;2;1;1.0;7.0;49.082282;3.652015;2024-02-17 18:30:00
202400048753.0;1;57;57701;1;1;3.0;2.0;49.09440305;6.09608173;2024-05-06 09:50:00
202400048754.0;5;972;97214;2;1;1.0;1.0;14.83241;-61.054518;2024-02-17 19:00:00
202400048755.0;1;63;63038;1;1;2.0;7.0;45.50799696;2.92492171;2024-05-06 18:00:00
202400048756.0;1;13;13117;2;2;2.0;3.0;43.42719;5.23537;2024-01-05 12:45:00
202400048757.0;5;81;81065;2;2;1.0;3.0;43.60218;2.24365;2024-03-29 00:35:00
202400048758.0;1;972;97221;1;6;1.0;3.0;14.545204;-60.974808;2024-02-18 09:00:00
202400048759.0;1;38;38381;1;1;2.0;3.0;45.548776;5.509268;2024-05-06 16:00:00
202400048760.0;3;13;13019;1;3;1.0;3.0;43.44203;5.36128;2024-01-04 20:16:00
202400048761.0;1;51;51597;1;1;3.0;7.0;49.047475;3.887122;2024-02-18 14:10:00
202400048762.0;1;77;77152;1;1;1.0;2.0;48.50982;2.59925;2024-03-28 13:50:00
202400048763.0;1;27;27448;2;1;1.0;6.0;49.014663;1.383972;2024-05-07 17:05:00
202400048764.0;5;59;59074;2;1;1.0;1.0;50.090771;3.448209;2024-02-18 02:15:00
202400048765.0;1;77;77251;2;1;1.0;6.0;48.632042;2.551941;2024-03-28 15:30:00
202400048766.0;1;13;13215;2;1;3.0;5.0;43.34;5.38;2024-01-05 13:30:00
202400048767.0;1;19;19123;2;1;1.0;7.0;45.170885;1.568556;2024-02-17 16:00:00
202400048768.0;3;13;13211;1;1;8.0;7.0;43.29428416;5.46912329;2024-05-06 03:30:00
202400048769.0;1;13;13216;1;1;2.0;1.0;43.33013;5.35577;2024-05-02 09:35:00
202400048770.0;1;10;10081;2;2;1.0;3.0;48.3143;4.0611;2024-01-04 12:28:00
202400048771.0;3;11;11018;1;1;1.0;6.0;43.210177;2.228272;2024-02-18 01:25:00
202400048772.0;3;13;13001;1;1;1.0;1.0;43.52815;5.4275;2024-05-05 22:36:00
202400048773.0;3;61;61501;1;1;1.0;6.0;48.391394;0.758485;2024-02-18 00:45:00
202400048774.0;1;75;75120;2;1;7.0;2.0;48.864553;2.412419;2024-01-05 09:40:00
202400048775.0;1;39;39353;1;1;8.0;6.0;46.336099;5.455871;2024-02-17 14:45:00
202400048776.0;1;83;83144;1;1;1.0;5.0;43.14109384;6.00284963;2024-05-04 16:40:00
202400048777.0;1;75;75118;2;3;1.0;3.0;48.89268;2.343282;2024-01-05 13:25:00
202400048778.0;1;76;76216;2;1;1.0;3.0;49.47772;1.04744;2024-03-29 10:50:00
202400048779.0;1;75;75116;2;1;1.0;3.0;48.876405;2.279135;2024-01-05 10:20:00
202400048780.0;1;57;57162;1;1;1.0;6.0;49.05143515;6.1496715;2024-05-03 11:58:00
202400048781.0;3;25;25193;1;1;1.0;1.0;47.24704;6.869068;2024-02-15 04:29:00
202400048782.0;5;75;75116;2;1;2.0;6.0;48.869014;2.2547;2024-01-04 19:45:00
202400048783.0;1;76;76351;2;2;1.0;6.0;49.49898;0.09465;2024-03-28 16:40:00
202400048784.0;1;33;33249;1;1;3.0;6.0;44.88602123;-0.50739007;2024-05-04 19:46:00
202400048785.0;1;75;75112;2;3;1.0;6.0;48.85008;2.373782;2024-01-04 14:00:00
202400048786.0;3;29;29266;1;1;1.0;6.0;48.4990294;-3.94305435;2024-02-17 23:55:00
202400048787.0;1;76;76270;1;1;1.0;6.0;49.52606;0.15323;2024-03-28 18:45:00
202400048788.0;3;91;91468;1;1;3.0;6.0;48.57582077;2.46518003;2024-05-06 03:50:00
202400048789.0;5;75;75111;2;1;1.0;6.0;48.854504;2.37004;2024-01-05 22:50:00
202400048790.0;3;1;1232;1;1;1.0;7.0;46.359987;5.252559;2024-02-18 00:30:00
202400048791.0;5;76;76447;2;1;1.0;6.0;49.53885;0.18118;2024-03-28 20:20:00
202400048792.0;3;78;78322;1;1;1.0;6.0;48.780917;2.172721;2024-05-05 22:25:00
202400048793.0;2;72;72003;1;9;2.0;6.0;47.94257;0.15099;2024-03-29 05:02:00
202400048794.0;5;75;75108;2;7;1.0;1.0;48.865857;2.319886;2024-01-05 18:00:00
202400048795.0;3;66;66106;1;1;1.0;2.0;42.495723;2.82413;2024-02-17 19:35:00
202400048796.0;1;78;78640;1;1;2.0;6.0;48.78187;2.16525;2024-05-05 15:55:00
202400048797.0;1;75;75108;2;1;1.0;6.0;48.866961;2.307761;2024-01-05 13:10:00
202400048798.0;3;78;78640;1;1;1.0;6.0;48.780346;2.222654;2024-05-05 03:00:00
202400048799.0;5;72;72181;2;9;2.0;2.0;47.99522;0.2035;2024-03-28 21:30:00
202400048800.0;1;10;10033;2;1;1.0;6.0;48.232559;4.707714;2024-02-13 10:00:00
202400048801.0;5;75;75102;2;3;1.0;6.0;48.86416;2.351399;2024-01-04 17:16:00
202400048802.0;3;7;7053;2;9;1.0;7.0;44.40063904;4.25178409;2024-02-17 22:55:00
202400048803.0;1;92;92036;1;1;1.0;2.0;48.93368348;2.27544143;2024-05-04 19:20:00
202400048804.0;1;69;69256;2;1;6.0;3.0;45.75534497;4.92827849;2024-03-29 08:22:00
202400048805.0;1;7;7132;2;1;1.0;7.0;44.540859;4.291663;2024-02-17 11:15:00
202400048806.0;1;69;69271;1;1;1.0;6.0;45.72285;4.95634;2024-03-29 13:30:00
202400048807.0;1;94;94068;2;2;1.0;6.0;48.80230868;2.48928984;2024-01-05 12:35:00
202400048808.0;1;78;78242;1;1;2.0;2.0;48.807637;2.05287;2024-05-04 14:10:00
202400048809.0;1;85;85090;2;2;2.0;7.0;46.834121;-0.858757;2024-02-12 12:15:00
202400048810.0;2;85;85197;1;1;2.0;6.0;46.907972;-1.414951;2024-02-18 19:00:00
202400048811.0;1;64;64445;2;1;2.0;6.0;43.29993;-0.36109;2024-03-29 16:15:00
202400048812.0;1;94;94068;2;2;1.0;3.0;48.798;2.49128;2024-01-05 11:25:00
202400048813.0;2;95;95277;1;1;1.0;5.0;48.9683;2.4787;2024-05-06 11:00:00
202400048814.0;1;64;64445;2;1;8.0;3.0;43.30168;-0.35732;2024-03-29 09:35:00
202400048815.0;5;27;27467;2;3;2.0;1.0;49.348034;0.526847;2024-02-17 06:00:00
202400048816.0;5;94;94052;2;9;1.0;1.0;48.83800106;2.49382657;2024-01-05 00:20:00
202400048817.0;1;64;64024;2;1;1.0;2.0;43.497;-1.51014;2024-03-27 16:00:00
202400048818.0;1;17;17287;2;1;1.0;6.0;45.270524;-0.25058;2024-02-16 15:25:00
202400048819.0;5;94;94076;2;2;1.0;3.0;48.787361;2.35419;2024-01-04 22:20:00
202400048820.0;5;63;63113;2;1;2.0;3.0;45.77374;3.08494;2024-03-29 06:00:00
202400048821.0;1;37;37249;1;2;1.0;3.0;47.50603113;0.45694113;2024-02-15 16:55:00
202400048822.0;3;94;94034;2;1;2.0;6.0;48.751904;2.316564;2024-01-05 20:15:00
202400048823.0;1;93;93005;1;1;1.0;3.0;48.92846579;2.48132772;2024-05-06 08:55:00
202400048824.0;3;8;8400;1;1;1.0;6.0;49.649786;4.780195;2024-02-18 06:30:00
202400048825.0;1;62;62413;2;1;1.0;6.0;50.44438;2.90484;2024-03-14 09:15:00
202400048826.0;1;94;94053;2;2;1.0;3.0;48.775588;2.548525;2024-01-05 09:00:00
202400048827.0;1;94;94074;1;1;1.0;2.0;48.76331327;2.46521831;2024-05-06 18:12:00
202400048828.0;1;67;67324;2;1;1.0;6.0;48.951857;7.641264;2024-02-17 11:00:00
202400048829.0;5;94;94017;2;6;2.0;3.0;48.80824417;2.55271621;2024-01-04 07:25:00
202400048830.0;1;59;59599;2;2;1.0;2.0;50.73814;3.1625;2024-03-29 18:49:00
202400048831.0;1;974;97411;2;2;1.0;1.0;-20.89392;55.47848;2024-05-04 17:30:00
202400048832.0;5;93;93078;2;3;1.0;6.0;48.95602;2.5533;2024-01-05 17:00:00
202400048833.0;1;974;97409;2;1;1.0;2.0;-20.94949136;55.64850032;2024-05-05 11:20:00
202400048834.0;1;973;97302;2;1;1.0;2.0;4.926736;-52.288839;2024-02-18 12:00:00
202400048835.0;5;93;93072;2;3;1.0;3.0;48.95788794;2.39659667;2024-01-05 19:00:00
202400048836.0;1;59;59508;2;2;1.0;6.0;50.740377;3.132138;2024-03-29 09:15:00
202400048837.0;3;82;82125;1;1;1.0;6.0;43.972125;1.26596;2024-02-18 18:25:00
202400048838.0;5;974;97407;2;2;1.0;1.0;-20.94557765;55.29832149;2024-05-05 20:05:00
202400048839.0;1;59;59350;2;9;1.0;6.0;50.63779;3.08736;2024-03-29 17:00:00
202400048840.0;2;93;93048;2;2;1.0;3.0;48.86841;2.44476;2024-01-05 16:20:00
202400048841.0;5;93;93030;2;1;1.0;6.0;48.9495;2.413985;2024-01-04 21:30:00
202400048842.0;1;59;59024;2;1;1.0;3.0;50.33394;3.22681;2024-03-28 17:30:00
202400048843.0;5;69;69383;2;1;1.0;6.0;45.7529;4.87008;2024-05-05 20:40:00
202400048844.0;1;6;6085;1;1;7.0;6.0;43.581261;6.989536;2024-02-17 15:08:00
202400048845.0;5;92;92026;2;1;1.0;2.0;48.90054991;2.27705312;2024-01-05 18:40:00
202400048846.0;1;92;92025;2;3;1.0;3.0;48.92778596;2.27177717;2024-01-05 08:30:00
202400048847.0;1;51;51562;1;1;1.0;2.0;49.21168;4.078312;2024-02-17 17:45:00
202400048848.0;1;69;69386;2;4;1.0;3.0;45.76942;4.86103;2024-05-05 14:45:00
202400048849.0;1;92;92012;2;9;1.0;3.0;48.83707683;2.22422853;2024-01-05 09:50:00
202400048850.0;1;69;69383;2;3;2.0;3.0;45.74928;4.88387;2024-05-05 07:00:00
202400048851.0;3;973;97311;1;1;1.0;1.0;5.4071;-54.059858;2024-02-17 21:45:00
202400048852.0;1;54;54395;2;1;1.0;3.0;48.68538851;6.16057277;2024-03-28 17:25:00
202400048853.0;1;85;85126;1;3;1.0;3.0;46.4767805;-0.8722704;2024-01-05 17:15:00
202400048854.0;1;972;97209;2;1;1.0;3.0;14.62061;-61.04338;2024-05-05 11:30:00
202400048855.0;1;973;97305;1;1;1.0;2.0;5.041432;-52.511269;2024-02-17 17:00:00
202400048856.0;3;972;97209;2;1;1.0;6.0;14.6119;-61.05362;2024-05-04 19:05:00
202400048857.0;1;91;91630;2;1;1.0;7.0;48.568684;2.061567;2024-02-17 17:50:00
202400048858.0;1;54;54300;2;1;1.0;6.0;48.66147;6.22235;2024-03-28 14:00:00
202400048859.0;2;28;28158;1;2;1.0;3.0;48.413607;1.432994;2024-01-05 17:30:00
202400048860.0;1;29;29068;1;1;4.0;6.0;48.52614692;-3.96380165;2024-01-06 09:45:00
202400048861.0;3;78;78171;1;9;1.0;6.0;48.731006;1.710541;2024-02-17 20:13:00
202400048862.0;2;54;54525;1;1;1.0;2.0;49.45836;5.86396;2024-03-29 17:30:00
202400048863.0;1;17;17142;2;1;7.0;6.0;46.188357;-1.068086;2024-01-05 10:34:00
202400048864.0;1;52;52121;2;1;1.0;3.0;48.09899;5.14443;2024-03-27 12:20:00
202400048865.0;1;84;84106;1;1;1.0;6.0;44.220523;4.878123;2024-02-18 13:10:00
202400048866.0;1;64;64373;2;6;3.0;3.0;43.28158;-0.36028;2024-06-11 16:50:00
202400048867.0;1;2A;2A004;2;9;1.0;4.0;41.947;8.763;2024-05-05 18:30:00
202400048868.0;3;84;84049;1;1;1.0;6.0;44.1703;4.997857;2024-02-17 21:05:00
202400048869.0;5;51;51454;2;7;3.0;1.0;49.25519;4.0339;2024-03-29 21:45:00
202400048870.0;1;41;41278;1;1;1.0;7.0;47.66377197;0.96413515;2024-01-05 14:45:00
202400048871.0;1;64;64125;2;1;1.0;2.0;43.44973;-1.56938;2024-06-10 17:47:00
202400048872.0;1;2A;2A004;2;3;1.0;3.0;41.94640592;8.7674439;2024-05-05 11:40:00
202400048873.0;1;50;50129;2;2;1.0;3.0;49.62281;-1.63871;2024-03-26 18:05:00
202400048874.0;1;95;95582;2;9;1.0;1.0;48.96635324;2.26191617;2024-05-05 12:30:00
202400048875.0;1;82;82037;1;1;1.0;6.0;44.2048414;1.58419168;2024-01-05 14:20:00
202400048876.0;5;54;54215;2;3;1.0;3.0;48.759874;6.133359;2024-02-17 18:45:00
202400048877.0;1;63;63014;2;1;2.0;3.0;45.7556;3.14753;2024-06-11 10:14:00
202400048878.0;1;49;49007;2;1;1.0;6.0;47.45872;-0.51768;2024-03-29 12:30:00
202400048879.0;1;95;95127;2;1;2.0;6.0;49.03773;2.07892;2024-05-03 17:05:00
202400048880.0;3;33;33208;1;3;2.0;6.0;45.390799;-0.971469;2024-01-01 00:50:00
202400048881.0;1;62;62193;2;1;1.0;6.0;50.93439;1.85665;2024-06-11 15:10:00
202400048882.0;1;38;38320;1;3;1.0;3.0;45.852844;5.405016;2024-02-18 15:32:00
202400048883.0;1;45;45234;2;3;2.0;3.0;47.902749;1.912811;2024-03-29 12:20:00
202400048884.0;1;24;24068;1;1;1.0;6.0;44.840998;0.856644;2024-02-18 14:15:00
202400048885.0;1;63;63457;1;1;1.0;6.0;45.642087;3.262081;2024-01-03 12:00:00
202400048886.0;1;59;59512;2;1;1.0;6.0;50.69189;3.17243;2024-06-11 19:05:00
202400048887.0;5;76;76222;2;2;1.0;3.0;49.480331;0.873295;2024-02-17 19:55:00
202400048888.0;3;54;54046;1;1;1.0;6.0;48.53428301;5.83970547;2024-01-05 23:07:00
202400048889.0;1;41;41018;2;3;1.0;3.0;47.58749;1.31869;2024-03-28 18:10:00
202400048890.0;1;84;84007;1;1;1.0;4.0;43.94452;4.79473;2024-05-05 16:40:00
202400048891.0;1;14;14090;1;1;2.0;6.0;49.058507;-0.404016;2024-01-06 12:20:00
202400048892.0;1;59;59041;2;1;1.0;2.0;50.19725;3.85608;2024-06-10 17:10:00
202400048893.0;1;41;41018;2;1;2.0;3.0;47.57799;1.33014;2024-03-28 15:30:00
202400048894.0;3;78;78227;1;1;1.0;1.0;49.01579;1.94027;2024-05-05 01:15:00
202400048895.0;3;13;13106;1;1;1.0;5.0;43.39107;5.35095;2024-02-17 05:15:00
202400048896.0;1;5;5068;1;1;1.0;1.0;44.479625;6.088705;2024-01-06 13:27:00
202400048897.0;1;59;59009;2;3;1.0;6.0;50.65301;3.14316;2024-06-10 16:52:00
202400048898.0;1;41;41018;2;1;1.0;6.0;47.59913;1.31854;2024-03-28 10:45:00
202400048899.0;1;78;78423;2;1;2.0;2.0;48.78687;2.04096;2024-05-05 16:10:00
202400048900.0;1;45;45182;2;1;1.0;2.0;47.684531;1.782205;2024-01-05 15:00:00
202400048901.0;1;71;71153;2;1;3.0;6.0;46.78882377;4.4464179;2024-05-05 18:55:00
202400048902.0;3;13;13211;1;1;1.0;5.0;43.28807985;5.44165529;2024-02-17 00:30:00
202400048903.0;1;59;59286;2;1;3.0;6.0;50.60937;2.97576;2024-06-10 09:35:00
202400048904.0;3;18;18201;1;1;5.0;7.0;46.969213;2.298009;2024-01-05 20:15:00
202400048905.0;1;40;40192;2;1;1.0;1.0;43.89757;-0.46223;2024-03-28 12:50:00
202400048906.0;1;57;57582;1;1;1.0;7.0;49.29376961;6.16787106;2024-02-14 16:15:00
202400048907.0;5;69;69264;2;1;2.0;3.0;45.9954602;4.72279744;2024-05-05 05:15:00
202400048908.0;3;21;21416;1;6;1.0;7.0;47.390404;5.31705;2024-01-05 20:15:00
202400048909.0;1;38;38185;2;1;8.0;2.0;45.19197;5.71508;2024-03-29 13:45:00
202400048910.0;1;56;56260;2;1;1.0;3.0;47.65957;-2.73793;2024-06-11 08:10:00
202400048911.0;2;69;69092;1;1;2.0;3.0;45.98064;4.69277;2024-05-05 06:10:00
202400048912.0;1;27;27547;1;1;2.0;1.0;49.056939;0.391849;2024-01-05 14:03:00
202400048913.0;1;36;36044;2;1;3.0;6.0;46.79534;1.66534;2024-03-29 19:13:00
202400048914.0;1;33;33063;1;1;1.0;4.0;44.882016;-0.548258;2024-02-17 15:45:00
202400048915.0;1;69;69264;2;1;8.0;3.0;45.98699726;4.72211739;2024-05-04 10:00:00
202400048916.0;1;54;54329;2;1;1.0;3.0;48.58677;6.5099;2024-06-11 11:20:00
202400048917.0;5;37;37173;2;4;2.0;1.0;47.134407;1.300973;2024-01-05 19:50:00
202400048918.0;5;35;35238;2;1;1.0;5.0;48.09875;-1.6565;2024-03-29 21:00:00
202400048919.0;1;30;30259;2;1;1.0;1.0;44.090047;4.109262;2024-01-06 10:15:00
202400048920.0;1;62;62193;2;1;1.0;2.0;50.94443;1.82269;2024-05-04 16:15:00
202400048921.0;1;92;92002;1;1;1.0;4.0;48.76012157;2.28083073;2024-02-17 12:40:00
202400048922.0;1;54;54273;2;1;7.0;1.0;49.16493;5.87519;2024-06-11 08:00:00
202400048923.0;1;34;34172;2;1;1.0;6.0;43.60432;3.87777;2024-03-29 13:50:00
202400048924.0;1;92;92050;1;1;1.0;2.0;48.89648239;2.22334855;2024-02-17 15:25:00
202400048925.0;3;30;30284;1;1;1.0;3.0;44.160403;4.059706;2024-01-06 01:30:00
202400048926.0;1;59;59350;2;5;1.0;3.0;50.62092;3.03468;2024-05-05 17:25:00
202400048927.0;1;88;88099;2;6;2.0;6.0;48.216123;6.437688;2024-01-06 11:30:00
202400048928.0;1;34;34172;2;1;1.0;3.0;43.603215;3.862317;2024-03-29 12:00:00
202400048929.0;1;92;92064;1;1;1.0;4.0;48.83969235;2.21105474;2024-02-17 13:35:00
202400048930.0;1;49;49246;2;1;1.0;4.0;47.42458;-0.52505;2024-06-10 15:25:00
202400048931.0;1;56;56260;2;6;1.0;3.0;47.65327;-2.74157;2024-05-04 17:20:00
202400048932.0;1;68;68375;1;9;1.0;3.0;47.822005;7.275967;2024-01-05 12:40:00
202400048933.0;1;34;34172;2;1;7.0;6.0;43.60728;3.83829;2024-03-29 13:55:00
202400048934.0;1;45;45004;1;1;2.0;6.0;47.984043;2.741428;2024-05-04 19:30:00
202400048935.0;4;95;95277;1;1;1.0;2.0;48.97812113;2.44278594;2024-02-17 02:25:00
202400048936.0;1;49;49246;2;1;1.0;3.0;47.42963;-0.52792;2024-06-10 08:45:00
202400048937.0;1;1;1115;1;1;1.0;2.0;46.270874;5.06223;2024-01-06 11:35:00
202400048938.0;1;42;42218;2;1;1.0;6.0;45.419348;4.399394;2024-05-05 09:00:00
202400048939.0;1;31;31555;2;3;1.0;3.0;43.59855011;1.45251542;2024-03-29 16:50:00
202400048940.0;5;69;69268;1;1;1.0;2.0;45.65743046;4.75125236;2024-01-05 20:30:00
202400048941.0;1;47;47031;2;1;1.0;3.0;44.18035;0.63402;2024-06-11 17:25:00
202400048942.0;1;94;94017;1;1;1.0;4.0;48.82665078;2.51617424;2024-02-17 17:00:00
202400048943.0;5;31;31555;2;3;1.0;3.0;43.59761774;1.42956108;2024-03-29 00:35:00
202400048944.0;1;45;45004;2;1;1.0;3.0;47.97429;2.74762;2024-06-11 08:30:00
202400048945.0;3;28;28199;1;1;6.0;4.0;48.210919;1.847806;2024-01-02 00:45:00
202400048946.0;1;37;37261;2;1;2.0;2.0;47.39743;0.70164;2024-05-04 16:00:00
202400048947.0;3;94;94075;1;1;1.0;3.0;48.7314664;2.52344484;2024-02-17 06:45:00
202400048948.0;1;42;42207;2;1;1.0;6.0;45.46959696;4.52938266;2024-06-05 17:15:00
202400048949.0;1;29;29232;2;6;2.0;2.0;47.9782103;-4.02114783;2024-03-29 14:50:00
202400048950.0;1;33;33063;2;1;1.0;6.0;44.83436;-0.56401;2024-05-05 15:25:00
202400048951.0;3;38;38029;1;1;2.0;1.0;45.57057676;5.56350176;2024-01-05 22:50:00
202400048952.0;3;76;76391;1;1;8.0;7.0;49.341077;0.93519;2024-01-05 18:55:00
202400048953.0;1;29;29019;2;3;1.0;3.0;48.391107;-4.50683;2024-03-29 17:45:00
202400048954.0;2;33;33063;2;1;1.0;6.0;44.87417;-0.56487;2024-05-05 06:34:00
202400048955.0;1;27;27229;2;1;1.0;6.0;49.03401;1.18271;2024-03-29 14:00:00
202400048956.0;1;988;98821;1;2;1.0;1.0;-22.03597;166.27166;2024-01-06 05:40:00
202400048957.0;1;988;98818;2;1;1.0;5.0;-22.24564;166.46378;2024-02-16 10:15:00
202400048958.0;1;978;97801;2;1;1.0;6.0;18.059752;-63.099301;2024-01-05 16:00:00
202400048959.0;1;25;25056;2;6;8.0;6.0;47.219761;5.965558;2024-03-29 19:00:00
202400048960.0;1;42;42218;2;3;1.0;5.0;45.41838;4.3999;2024-05-22 17:35:00
202400048961.0;1;974;97411;2;3;1.0;6.0;-20.88278;55.44757;2024-02-14 12:10:00
202400048962.0;5;13;13104;2;3;2.0;3.0;43.331027;5.117483;2024-01-05 23:55:00
202400048963.0;1;26;26362;2;1;1.0;7.0;44.9359344;4.88898039;2024-05-05 20:20:00
202400048964.0;3;77;77084;1;9;3.0;7.0;48.959172;3.040874;2024-01-03 17:50:00
202400048965.0;5;13;13208;2;2;1.0;3.0;43.30434;5.41544;2024-03-29 04:45:00
202400048966.0;1;52;52449;1;1;2.0;7.0;47.82349176;5.39730352;2024-01-06 14:00:00
202400048967.0;3;974;97407;2;1;1.0;5.0;-20.95885;55.32;2024-02-16 20:50:00
202400048968.0;1;68;68287;1;1;1.0;6.0;47.946369;7.292379;2024-01-05 10:45:00
202400048969.0;1;42;42218;2;1;1.0;6.0;45.43179;4.38785;2024-06-10 18:45:00
202400048970.0;1;13;13207;2;2;1.0;3.0;43.26858;5.37053;2024-03-28 11:30:00
202400048971.0;5;973;97302;2;2;1.0;3.0;4.94063;-52.3268;2024-02-16 21:20:00
202400048972.0;1;63;63226;1;1;2.0;3.0;45.777109;3.24705;2024-01-06 11:00:00
202400048973.0;2;22;22113;2;6;2.0;6.0;48.7238;-3.43073;2024-04-25 05:54:00
202400048974.0;2;26;26038;1;1;2.0;1.0;45.046587;4.932046;2024-01-05 17:40:00
202400048975.0;1;973;97302;2;2;1.0;3.0;4.93861;-52.32701;2024-02-16 15:26:00
202400048976.0;1;41;41018;2;1;1.0;3.0;47.59533;1.34084;2024-06-11 13:15:00
202400048977.0;5;60;60009;2;1;2.0;6.0;49.408268;2.121075;2024-01-06 18:26:00
202400048978.0;1;22;22113;1;1;1.0;3.0;48.761782;-3.447333;2024-05-04 15:10:00
202400048979.0;5;69;69387;2;9;1.0;3.0;45.74004;4.83742;2024-02-16 19:45:00
202400048980.0;1;13;13063;2;1;1.0;2.0;43.58234;4.99597;2024-02-29 08:05:00
202400048981.0;1;16;16102;2;1;2.0;3.0;45.68642594;-0.32353878;2024-05-04 12:55:00