Num_Acc;lum;departement;commune;agglomeration;intersection;meteo;type_collision;lat;long;date
202400048982.0;1;37;37122;2;1;1.0;2.0;47.34912008;0.66574851;2024-06-11 10:15:00
202400048983.0;3;13;13117;1;1;1.0;2.0;43.44617245;5.24263165;2024-01-04 19:37:00
202400048984.0;1;83;83144;1;1;2.0;6.0;43.14119016;6.0027409;2024-01-05 13:20:00
202400048985.0;1;13;13063;2;1;1.0;3.0;43.58162;5.00345;2024-03-29 13:45:00
202400048986.0;1;69;69386;2;2;1.0;3.0;45.7682;4.85442;2024-02-16 15:15:00
202400048987.0;3;13;13043;2;1;1.0;4.0;43.39649;5.24337;2024-05-05 05:40:00
202400048988.0;2;69;69297;1;1;1.0;5.0;45.59306096;4.79683731;2024-01-03 18:30:00
202400048989.0;1;69;69388;2;8;1.0;6.0;45.74259453;4.8793593;2024-02-16 14:25:00
202400048990.0;1;11;11069;1;9;1.0;3.0;43.20337;2.37461;2024-03-29 15:40:00
202400048991.0;5;13;13214;2;3;1.0;3.0;43.33197;5.3865;2024-05-04 23:40:00
202400048992.0;3;33;33281;1;1;8.0;6.0;44.82892129;-0.67556933;2024-01-04 19:20:00
202400048993.0;1;6;6030;2;1;1.0;6.0;43.5704;7.00595;2024-05-05 09:35:00
202400048994.0;5;987;98735;2;1;2.0;4.0;-17.53762564;-149.56813574;2024-07-12 18:13:00
202400048995.0;1;6;6155;2;3;1.0;3.0;43.567603;7.073742;2024-05-04 18:55:00
202400048996.0;1;69;69385;2;1;1.0;3.0;45.76360178;4.79891908;2024-02-16 15:49:00
202400048997.0;5;1;1283;2;1;1.0;6.0;46.256647;5.64457;2024-05-03 23:00:00
202400048998.0;5;987;98735;2;1;2.0;2.0;-17.543563;-149.575384;2024-07-12 18:10:00
202400048999.0;1;75;75120;2;1;2.0;6.0;48.864257;2.413279;2024-05-05 10:40:00
202400049000.0;1;33;33039;1;1;1.0;4.0;44.79625;-0.5387;2024-01-04 15:05:00
202400049001.0;1;11;11069;2;9;1.0;6.0;43.21297;2.36584;2024-03-29 08:50:00
202400049002.0;1;75;75120;2;3;1.0;6.0;48.856332;2.410332;2024-05-04 14:22:00
202400049003.0;1;36;36044;2;2;1.0;3.0;46.81713;1.68784;2024-06-11 13:24:00
202400049004.0;3;91;91136;1;1;1.0;2.0;48.71439;2.27388;2024-01-05 18:50:00
202400049005.0;1;8;8105;2;1;1.0;6.0;49.746509;4.725447;2024-03-29 16:00:00
202400049006.0;1;75;75120;2;3;1.0;3.0;48.859638;2.403127;2024-05-05 12:20:00
202400049007.0;1;976;97611;2;1;1.0;2.0;-12.78389;45.23069;2024-07-13 13:00:00
202400049008.0;3;91;91549;1;1;2.0;4.0;48.625495;2.337277;2024-01-05 17:25:00
202400049009.0;2;75;75115;2;3;1.0;7.0;48.849834;2.295011;2024-05-05 20:50:00
202400049010.0;1;69;69382;2;3;1.0;3.0;45.75318;4.834;2024-02-16 13:50:00
202400049011.0;1;7;7102;2;2;1.0;3.0;44.93311662;4.88096058;2024-03-29 09:50:00
202400049012.0;1;75;75113;2;3;2.0;2.0;48.827046;2.374313;2024-05-05 07:50:00
202400049013.0;1;35;35238;2;3;1.0;3.0;48.10515178;-1.70055002;2024-06-11 20:10:00
202400049014.0;3;78;78362;1;1;1.0;5.0;48.976168;1.72086;2024-01-05 08:15:00
202400049015.0;5;75;75110;2;1;1.0;6.0;48.876767;2.361076;2024-05-05 23:40:00
202400049016.0;1;1;1283;2;9;1.0;6.0;46.263822;5.650144;2024-03-29 12:00:00
202400049017.0;1;974;97411;1;9;1.0;3.0;-20.87605496;55.43700314;2024-07-12 16:30:00
202400049018.0;5;75;75109;2;3;1.0;7.0;48.880388;2.340446;2024-05-05 02:45:00
202400049019.0;5;92;92051;1;1;1.0;2.0;48.88481223;2.26004455;2024-01-04 18:45:00
202400049020.0;1;971;97107;2;1;1.0;6.0;16.03638;-61.56746;2024-02-14 09:45:00
202400049021.0;5;75;75102;2;2;1.0;1.0;48.868566;2.349755;2024-05-05 02:35:00
202400049022.0;2;11;11174;1;9;1.0;6.0;43.361573;2.381641;2024-03-30 06:00:00
202400049023.0;5;973;97302;1;6;1.0;3.0;4.90698;-52.32233;2024-07-13 19:41:00
202400049024.0;1;92;92050;1;1;8.0;3.0;48.90203877;2.20151625;2024-01-04 14:28:00
202400049025.0;5;75;75103;2;3;1.0;3.0;48.8673;2.354538;2024-05-04 23:10:00
202400049026.0;1;95;95218;2;9;2.0;6.0;49.0188507;2.10166097;2024-02-16 10:10:00
202400049027.0;3;78;78646;1;1;8.0;3.0;48.78877808;2.13209558;2024-01-03 18:37:00
202400049028.0;1;35;35238;2;3;1.0;3.0;48.10659;-1.73073;2024-06-11 17:25:00
202400049029.0;1;6;6161;2;2;2.0;3.0;43.635953;7.13352;2024-03-30 14:50:00
202400049030.0;1;91;91657;2;1;2.0;6.0;48.70369;2.43017;2024-02-16 12:45:00
202400049031.0;1;35;35238;2;1;1.0;2.0;48.0845;-1.65351;2024-06-11 16:40:00
202400049032.0;3;92;92064;1;1;1.0;4.0;48.83783;2.18999;2024-01-04 07:40:00
202400049033.0;3;18;18258;1;1;2.0;1.0;47.362912;2.82796;2024-03-29 19:39:00
202400049034.0;5;93;93064;2;2;1.0;7.0;48.875376;2.481576;2024-04-05 00:30:00
202400049035.0;1;973;97302;2;3;1.0;1.0;4.92370548;-52.31952935;2024-07-13 10:20:00
202400049036.0;2;91;91114;2;1;1.0;1.0;48.70217;2.49608;2024-02-15 20:00:00
202400049037.0;1;976;97611;1;1;2.0;3.0;-12.79032;45.22346;2024-01-04 14:10:00
202400049038.0;1;35;35281;1;1;1.0;6.0;48.0915;-1.70647;2024-06-11 15:45:00
202400049039.0;1;81;81222;2;2;1.0;6.0;43.775076;2.190565;2024-03-30 09:10:00
202400049040.0;1;974;97416;2;1;1.0;6.0;-21.34121;55.47308;2024-01-03 18:10:00
202400049041.0;4;14;14574;1;3;2.0;6.0;49.15246;0.17191;2024-09-23 02:50:00
202400049042.0;5;973;97302;2;3;1.0;3.0;4.93176;-52.32895;2024-07-13 01:30:00
202400049043.0;2;63;63001;1;1;2.0;7.0;45.9941012;3.18937468;2024-03-30 06:50:00
202400049044.0;5;93;93064;2;3;1.0;6.0;48.87631064;2.50050008;2024-05-05 01:20:00
202400049045.0;1;35;35238;2;1;1.0;3.0;48.12832;-1.68349;2024-06-11 09:00:00
202400049046.0;1;91;91326;2;9;2.0;6.0;48.68903;2.3853;2024-02-16 14:50:00
202400049047.0;3;13;13117;2;1;1.0;6.0;43.44334122;5.29629865;2024-09-24 00:01:00
202400049048.0;1;974;97411;2;2;1.0;3.0;-20.8739;55.45144;2024-01-03 11:45:00
202400049049.0;1;64;64288;1;6;1.0;7.0;43.386645;-0.551569;2024-03-24 14:15:00
202400049050.0;5;93;93066;2;1;1.0;6.0;48.927057;2.364998;2024-05-05 05:30:00
202400049051.0;1;91;91174;2;1;1.0;6.0;48.60433;2.46426;2024-02-12 08:40:00
202400049052.0;1;69;69386;2;2;9.0;3.0;45.77338;4.84134;2024-07-13 16:30:00
202400049053.0;3;974;97407;1;1;1.0;6.0;-20.95443;55.31343;2024-01-04 20:25:00
202400049054.0;5;13;13211;2;1;1.0;1.0;43.2916;5.44842;2024-09-23 22:49:00
202400049055.0;1;22;22305;1;1;2.0;2.0;48.273497;-2.179949;2024-03-29 08:15:00
202400049056.0;1;93;93008;2;3;1.0;2.0;48.911438;2.433841;2024-05-05 12:10:00
202400049057.0;1;35;35238;2;1;1.0;2.0;48.12537;-1.64251;2024-06-11 08:45:00
202400049058.0;5;2B;2B037;1;1;1.0;7.0;42.62119;9.43688;2024-07-13 05:08:00
202400049059.0;1;13;13047;1;1;1.0;3.0;43.57045;4.98144;2024-09-23 08:10:00
202400049060.0;5;973;97302;2;1;1.0;1.0;4.93675335;-52.31512964;2024-01-04 19:35:00
202400049061.0;2;92;92062;2;1;9.0;2.0;48.87982204;2.23559922;2024-05-05 21:17:00
202400049062.0;5;84;84007;1;2;1.0;3.0;43.94911;4.88151;2024-02-15 19:50:00
202400049063.0;1;62;62526;1;1;7.0;1.0;50.730765;1.894637;2024-03-30 15:40:00
202400049064.0;5;971;97101;1;1;1.0;3.0;16.26167387;-61.50397539;2024-07-09 22:12:00
202400049065.0;3;973;97302;2;1;1.0;3.0;4.93797;-52.32304;2024-01-04 18:45:00
202400049066.0;1;7;7102;2;1;1.0;2.0;44.93261;4.88196;2024-09-23 12:30:00
202400049067.0;1;92;92048;2;9;2.0;3.0;48.81458801;2.24799174;2024-05-05 17:20:00
202400049068.0;1;35;35238;1;1;1.0;4.0;48.14222;-1.65423;2024-06-11 08:00:00
202400049069.0;5;83;83137;2;1;1.0;6.0;43.12081;5.89179;2024-02-16 21:15:00
202400049070.0;1;2A;2A212;1;1;1.0;7.0;42.260881;8.682263;2024-05-05 10:15:00
202400049071.0;2;95;95585;2;2;1.0;1.0;48.98787701;2.39013344;2024-07-13 05:31:00
202400049072.0;1;71;71294;2;1;2.0;3.0;46.836618;4.716804;2024-03-30 10:47:00
202400049073.0;1;7;7102;2;6;1.0;3.0;44.93271;4.8801;2024-09-23 13:35:00
202400049074.0;3;77;77291;1;1;1.0;6.0;49.009853;2.612416;2024-08-18 22:55:00
202400049075.0;1;40;40304;2;4;1.0;1.0;43.665804;-1.395961;2024-04-26 15:00:00
202400049076.0;1;973;97302;2;1;1.0;5.0;4.92046;-52.321;2024-01-04 17:30:00
202400049077.0;1;35;35115;2;1;1.0;2.0;48.36191134;-1.18969569;2024-06-10 17:30:00
202400049078.0;1;7;7281;1;1;8.0;6.0;44.93602;4.82711;2024-09-23 07:55:00
202400049079.0;1;83;83137;2;1;1.0;6.0;43.13503;5.94312;2024-02-16 12:45:00
202400049080.0;1;91;91228;2;1;1.0;3.0;48.62275;2.44878;2024-07-13 19:15:00
202400049081.0;5;69;69386;2;1;1.0;6.0;45.76943205;4.85164711;2024-01-05 01:45:00
202400049082.0;1;26;26337;1;1;2.0;3.0;44.71547513;4.78509576;2024-05-06 08:05:00
202400049083.0;1;63;63283;2;1;1.0;6.0;45.86839868;2.67176449;2024-03-24 10:00:00
202400049084.0;5;80;80021;2;1;1.0;6.0;49.8923;2.32007;2024-02-14 22:00:00
202400049085.0;2;91;91521;2;9;1.0;6.0;48.65229;2.41321;2024-07-05 05:00:00
202400049086.0;1;69;69388;2;1;1.0;2.0;45.72927;4.85036;2024-01-04 17:50:00
202400049087.0;2;86;86070;2;1;2.0;6.0;46.569634;0.643532;2024-05-05 20:00:00
202400049088.0;1;75;75119;2;1;2.0;3.0;48.900355;2.382103;2024-09-23 08:00:00
202400049089.0;1;33;33281;2;6;1.0;3.0;44.83878;-0.65694;2024-06-11 17:30:00
202400049090.0;1;55;55157;1;1;8.0;6.0;49.01576703;5.60169034;2024-03-30 10:00:00
202400049091.0;1;62;62063;2;1;2.0;6.0;50.2754405;2.52520058;2024-05-06 07:00:00
202400049092.0;1;972;97209;2;1;1.0;6.0;14.60263;-61.07424;2024-01-03 12:19:00
202400049093.0;1;78;78372;1;1;1.0;3.0;48.85418;2.08374;2024-02-15 11:10:00
202400049094.0;1;973;97302;2;3;1.0;3.0;4.9287686;-52.31342429;2024-08-17 09:00:00
202400049095.0;2;75;75120;2;1;2.0;3.0;48.86674;2.41285;2024-09-23 07:42:00
202400049096.0;1;44;44007;1;1;1.0;3.0;47.640292;-2.012173;2024-03-30 15:15:00
202400049097.0;1;62;62134;2;1;2.0;1.0;50.53463566;1.91849879;2024-05-05 18:20:00
202400049098.0;1;77;77243;2;1;1.0;6.0;48.87841;2.6958;2024-02-16 16:15:00
202400049099.0;1;83;83123;1;3;1.0;5.0;43.12709122;5.8148991;2024-07-13 08:23:00
202400049100.0;3;972;97209;1;4;1.0;3.0;14.61007;-61.08501;2024-01-03 18:50:00
202400049101.0;1;75;75119;2;1;2.0;7.0;48.882578;2.386075;2024-09-23 18:15:00
202400049102.0;1;56;56190;1;1;1.0;6.0;48.002917;-2.750874;2024-05-05 20:25:00
202400049103.0;5;29;29232;2;1;1.0;6.0;47.990349;-4.083038;2024-06-12 00:37:00
202400049104.0;1;69;69385;2;2;1.0;3.0;45.75481603;4.81218084;2024-08-18 09:10:00
202400049105.0;1;38;38254;1;1;6.0;5.0;44.989638;5.698782;2024-03-29 15:50:00
202400049106.0;1;26;26058;2;1;1.0;6.0;44.94175;4.89346;2024-06-11 14:23:00
202400049107.0;5;77;77288;2;2;1.0;3.0;48.54154;2.66028;2024-07-12 23:40:00
202400049108.0;5;72;72181;2;1;1.0;1.0;47.98466288;0.24052441;2024-02-16 23:25:00
202400049109.0;1;82;82079;1;2;1.0;2.0;43.916935;1.309567;2024-05-06 09:30:00
202400049110.0;5;75;75118;2;3;2.0;6.0;48.897613;2.334012;2024-09-22 22:15:00
202400049111.0;1;33;33083;2;1;1.0;6.0;44.83208;-0.36364;2024-05-06 12:10:00
202400049112.0;1;91;91286;2;1;1.0;3.0;48.65204;2.39125;2024-08-18 20:00:00
202400049113.0;1;32;32045;1;1;1.0;7.0;43.456844;0.407524;2024-05-06 07:50:00
202400049114.0;5;69;69382;2;1;1.0;3.0;45.75965;4.83759;2024-01-04 22:30:00
202400049115.0;5;75;75117;2;2;1.0;3.0;48.890169;2.303895;2024-09-23 04:20:00
202400049116.0;5;69;69256;2;2;1.0;2.0;45.77558;4.91741;2024-07-13 01:45:00
202400049117.0;1;11;11270;1;1;1.0;7.0;42.867869;2.651525;2024-05-04 13:15:00
202400049118.0;1;88;88413;2;1;1.0;1.0;48.28627;6.94932;2024-08-13 08:45:00
202400049119.0;1;26;26362;2;1;1.0;3.0;44.93034427;4.89357233;2024-06-11 12:55:00
202400049120.0;5;72;72181;2;1;1.0;6.0;48.02423;0.17692;2024-02-15 19:30:00
202400049121.0;2;2;2665;1;2;3.0;3.0;49.233737;3.37018;2024-03-29 18:55:00
202400049122.0;2;69;69384;2;1;1.0;2.0;45.77440445;4.81477965;2024-01-04 17:40:00
202400049123.0;3;85;85191;2;2;1.0;7.0;46.67481;-1.40043;2024-08-18 06:12:00
202400049124.0;1;25;25056;2;1;1.0;3.0;47.22459;5.97071;2024-06-11 10:55:00
202400049125.0;1;75;75107;2;3;2.0;3.0;48.86274917;2.31166595;2024-09-23 15:00:00
202400049126.0;1;69;69264;2;3;1.0;3.0;45.98492765;4.73161171;2024-07-11 18:45:00
202400049127.0;1;71;71270;2;1;1.0;3.0;46.30124;4.83037;2024-02-16 12:55:00
202400049128.0;1;1;1095;1;1;1.0;1.0;46.298693;5.437374;2024-03-29 15:40:00
202400049129.0;5;971;97113;1;1;1.0;6.0;16.25437;-61.45203;2024-01-04 19:00:00
202400049130.0;1;71;71306;2;1;2.0;1.0;46.66758;4.33878;2024-08-18 12:15:00
202400049131.0;1;11;11024;1;1;1.0;2.0;43.120508;2.95409;2024-05-05 13:45:00
202400049132.0;1;22;22278;2;1;1.0;6.0;48.5208;-2.7184;2024-06-11 17:44:00
202400049133.0;1;69;69259;2;1;1.0;6.0;45.71109389;4.88200575;2024-07-13 11:45:00
202400049134.0;1;69;69013;2;6;1.0;2.0;46.02155;4.72016;2024-02-16 11:35:00
202400049135.0;1;61;61307;1;1;1.0;1.0;48.870628;0.299527;2024-05-05 15:30:00
202400049136.0;1;971;97113;1;1;1.0;2.0;16.20882;-61.46999;2024-01-04 16:34:00
202400049137.0;1;75;75113;2;3;1.0;4.0;48.821635;2.352535;2024-09-23 18:05:00
202400049138.0;1;9;9324;2;3;1.0;3.0;43.045371;1.628271;2024-03-29 10:30:00
202400049139.0;1;66;66136;2;3;1.0;6.0;42.70056;2.89106;2024-07-13 11:50:00
202400049140.0;1;22;22113;2;6;1.0;3.0;48.74605;-3.44804;2024-06-11 09:30:00
202400049141.0;1;971;97101;1;1;1.0;6.0;16.26618;-61.47212;2024-01-04 16:00:00
202400049142.0;5;69;69266;2;1;2.0;1.0;45.76039;4.90352;2024-08-19 00:25:00
202400049143.0;5;69;69199;2;1;1.0;3.0;45.69297;4.86018;2024-02-16 18:30:00
202400049144.0;1;75;75108;2;1;1.0;7.0;48.872688;2.298689;2024-09-23 13:15:00
202400049145.0;1;46;46336;1;2;3.0;3.0;44.491956;1.07783;2024-05-05 18:15:00
202400049146.0;5;64;64122;2;1;1.0;3.0;43.47845715;-1.55810058;2024-07-12 22:09:00
202400049147.0;1;7;7347;1;1;2.0;6.0;45.214251;4.576857;2024-03-30 17:10:00
202400049148.0;2;75;75108;2;2;2.0;7.0;48.86880497;2.31015408;2024-09-23 07:10:00
202400049149.0;1;69;69264;2;9;1.0;6.0;45.98482;4.72044;2024-08-18 15:45:00
202400049150.0;1;14;14487;1;1;1.0;7.0;49.178851;0.215737;2024-06-11 17:20:00
202400049151.0;1;91;91471;2;2;2.0;6.0;48.6825;2.18303;2024-01-03 12:30:00
202400049152.0;4;86;86082;1;1;2.0;6.0;46.336535;0.185887;2024-05-06 02:10:00
202400049153.0;5;67;67482;2;3;1.0;6.0;48.58329;7.73902;2024-02-15 05:25:00
202400049154.0;1;63;63113;2;7;1.0;6.0;45.76806;3.07948;2024-07-13 20:45:00
202400049155.0;1;75;75107;2;3;2.0;3.0;48.858649;2.332208;2024-09-23 19:15:00
202400049156.0;1;83;83061;1;2;1.0;3.0;43.42463708;6.71335119;2024-01-04 08:20:00
202400049157.0;5;13;13203;2;9;1.0;3.0;43.32104204;5.37520501;2024-06-11 23:00:00
202400049158.0;5;64;64122;2;6;1.0;1.0;43.48095;-1.54125;2024-02-16 19:47:00
202400049159.0;5;31;31197;2;1;2.0;6.0;43.132904;0.521616;2024-05-06 02:20:00
202400049160.0;1;7;7167;1;1;1.0;1.0;44.799995;4.611715;2024-02-09 14:30:00
202400049161.0;1;83;83061;2;1;1.0;1.0;43.45381197;6.7125653;2024-01-03 11:43:00
202400049162.0;1;13;13214;2;1;1.0;3.0;43.32956;5.38812;2024-06-11 09:05:00
202400049163.0;1;75;75107;2;2;1.0;1.0;48.85109249;2.30703896;2024-09-23 11:33:00
202400049164.0;1;38;38130;1;1;2.0;1.0;45.41362;5.260177;2024-05-06 13:45:00
202400049165.0;1;69;69091;2;2;9.0;3.0;45.58688794;4.77139851;2024-08-17 20:30:00
202400049166.0;1;63;63113;2;3;1.0;3.0;45.78028;3.10833;2024-07-13 19:08:00
202400049167.0;1;13;13045;1;1;1.0;7.0;43.841414;4.781853;2024-04-25 17:50:00
202400049168.0;1;7;7181;2;6;1.0;4.0;44.755621;4.749473;2024-03-29 13:05:00
202400049169.0;1;13;13215;2;1;1.0;3.0;43.3346;5.35797;2024-06-11 08:35:00
202400049170.0;1;2;2571;2;1;1.0;6.0;49.880912;3.313915;2024-05-06 08:30:00
202400049171.0;1;65;65286;2;9;1.0;3.0;43.0828;-0.04453;2024-07-07 18:43:00
202400049172.0;2;77;77373;2;2;1.0;6.0;48.79524;2.60745;2024-01-03 08:15:00
202400049173.0;1;7;7102;2;1;1.0;3.0;44.93949;4.8653;2024-06-11 07:20:00
202400049174.0;4;94;94081;2;1;2.0;4.0;48.78864;2.40604;2024-09-22 00:45:00
202400049175.0;5;59;59172;2;2;1.0;3.0;50.34342;3.37766;2024-02-17 00:20:00
202400049176.0;2;7;7022;1;1;3.0;1.0;44.715964;4.730215;2024-03-30 06:00:00
202400049177.0;1;50;50267;1;3;1.0;1.0;49.214045;-1.55395;2024-05-06 17:05:00
202400049178.0;1;94;94046;2;1;2.0;6.0;48.81533889;2.42083043;2024-09-23 19:20:00
202400049179.0;2;9;9268;2;1;1.0;7.0;43.001277;1.133877;2024-05-04 20:30:00
202400049180.0;5;76;76540;2;3;2.0;6.0;49.429061;1.07164;2024-01-04 20:20:00
202400049181.0;1;62;62193;2;1;1.0;3.0;50.94445;1.82318;2024-08-08 14:50:00
202400049182.0;1;63;63113;2;7;1.0;3.0;45.76793;3.07954;2024-07-12 07:25:00
202400049183.0;5;3;3185;2;1;1.0;3.0;46.3427;2.60102;2024-06-10 22:50:00
202400049184.0;1;59;59508;2;6;2.0;3.0;50.74;3.136;2024-02-16 12:15:00
202400049185.0;1;62;62573;2;1;1.0;6.0;50.49577;2.88254;2024-07-13 21:15:00
202400049186.0;1;36;36154;2;1;2.0;6.0;46.57618914;1.54723763;2024-05-04 18:23:00
202400049187.0;1;24;24224;1;1;3.0;5.0;44.903627;0.557352;2024-03-29 14:30:00
202400049188.0;1;94;94033;2;1;1.0;3.0;48.853046;2.487142;2024-09-23 13:00:00
202400049189.0;1;75;75106;2;2;1.0;6.0;48.84299;2.329189;2024-06-11 19:00:00
202400049190.0;1;76;76351;2;2;1.0;3.0;49.50687;0.17372;2024-01-03 09:20:00
202400049191.0;1;59;59599;2;1;2.0;1.0;50.72109;3.174837;2024-02-16 11:25:00
202400049192.0;1;62;62758;2;1;2.0;6.0;50.73884;1.62442;2024-08-16 10:10:00
202400049193.0;1;40;40234;1;1;1.0;1.0;43.955306;-0.347035;2024-05-06 14:30:00
202400049194.0;1;62;62193;2;1;1.0;2.0;50.93914;1.88027;2024-07-13 12:10:00
202400049195.0;1;58;58194;2;1;2.0;3.0;46.9881;3.19154;2024-02-16 16:35:00
202400049196.0;2;94;94017;2;3;2.0;3.0;48.81692;2.5342;2024-09-23 19:10:00
202400049197.0;1;76;76351;2;1;1.0;1.0;49.49402;0.10378;2024-01-03 09:40:00
202400049198.0;1;75;75120;2;1;1.0;3.0;48.853468;2.400385;2024-06-11 19:25:00
202400049199.0;5;54;54395;2;2;1.0;1.0;48.68564422;6.19578347;2024-08-19 00:02:00
202400049200.0;3;24;24255;1;3;3.0;6.0;44.958121;1.13326;2024-05-04 23:15:00
202400049201.0;1;18;18167;1;1;3.0;4.0;47.128111;1.937714;2024-03-29 15:15:00
202400049202.0;1;72;72181;2;3;1.0;3.0;47.99615;0.20196;2024-01-01 15:20:00
202400049203.0;1;59;59350;2;2;1.0;3.0;50.62268;3.091124;2024-07-13 15:40:00
202400049204.0;1;94;94069;2;1;2.0;7.0;48.81803;2.43114;2024-09-22 18:20:00
202400049205.0;1;4;4031;2;1;1.0;6.0;43.922302;6.138316;2024-05-05 09:25:00
202400049206.0;1;75;75119;2;1;2.0;3.0;48.879749;2.37046;2024-06-11 11:58:00
202400049207.0;1;56;56260;2;1;1.0;6.0;47.65531;-2.75548;2024-02-16 11:10:00
202400049208.0;1;68;68256;2;1;1.0;6.0;47.774483;7.294598;2024-01-04 15:45:00
202400049209.0;3;39;39150;1;1;1.0;7.0;47.068221;5.4389445;2024-03-29 20:00:00
202400049210.0;1;85;85090;1;1;8.0;1.0;46.86105;-0.88967;2024-05-05 20:37:00
202400049211.0;1;56;56260;2;1;1.0;7.0;47.63941;-2.77421;2024-07-13 16:45:00
202400049212.0;1;56;56121;2;1;2.0;3.0;47.76543;-3.40033;2024-02-16 08:15:00
202400049213.0;5;67;67218;2;1;2.0;6.0;48.53736;7.73255;2024-01-03 18:15:00
202400049214.0;1;75;75116;2;4;1.0;2.0;48.863903;2.279471;2024-06-11 15:25:00
202400049215.0;3;44;44026;1;1;1.0;7.0;47.29946;-1.435218;2024-03-30 05:40:00
202400049216.0;1;10;10380;1;1;1.0;6.0;48.53218;4.182529;2024-05-05 13:41:00
202400049217.0;5;93;93073;2;2;2.0;3.0;49.00802061;2.55749733;2024-09-22 20:45:00
202400049218.0;1;67;67482;2;3;2.0;6.0;48.57639;7.75707;2024-01-03 12:40:00
202400049219.0;1;35;35238;2;2;1.0;3.0;48.08889;-1.6743;2024-08-18 10:30:00
202400049220.0;1;978;97801;1;1;1.0;5.0;18.098641;-63.045259;2024-05-06 10:20:00
202400049221.0;1;56;56260;2;6;1.0;2.0;47.66011;-2.78973;2024-07-13 13:50:00
202400049222.0;1;56;56121;2;6;1.0;6.0;47.76739;-3.40288;2024-02-15 16:40:00
202400049223.0;1;75;75114;2;5;1.0;3.0;48.82647956;2.3415792;2024-06-10 19:05:00
202400049224.0;1;93;93001;2;1;1.0;6.0;48.90409;2.39246;2024-09-23 14:05:00
202400049225.0;1;65;65226;2;1;1.0;6.0;43.24121;0.01775;2024-01-04 14:10:00
202400049226.0;1;34;34129;2;1;1.0;1.0;43.57964;3.88001;2024-08-18 07:15:00
202400049227.0;1;56;56036;1;1;1.0;6.0;47.81547;-3.29953;2024-07-13 14:20:00
202400049228.0;5;978;97801;2;1;1.0;3.0;18.06987;-63.034814;2024-05-06 01:00:00
202400049229.0;1;75;75110;2;1;8.0;6.0;48.871959;2.356709;2024-06-11 13:36:00
202400049230.0;1;51;51454;2;9;2.0;6.0;49.254054;4.030411;2024-02-16 16:55:00
202400049231.0;1;54;54108;1;3;5.0;1.0;48.58124926;6.26723885;2024-12-04 12:10:00
202400049232.0;5;64;64024;2;1;1.0;3.0;43.52678;-1.51935;2024-01-03 17:42:00
202400049233.0;1;50;50129;2;1;1.0;2.0;49.65792;-1.66451;2024-07-12 10:17:00
202400049234.0;1;49;49015;1;1;1.0;7.0;47.51019;-0.57631;2024-02-16 09:10:00
202400049235.0;1;93;93050;2;1;1.0;2.0;48.8581;2.53389;2024-09-23 14:00:00
202400049236.0;2;73;73330;1;1;1.0;1.0;45.697664;5.793448;2024-12-05 16:30:00
202400049237.0;3;51;51584;1;1;2.0;6.0;49.20588317;4.03075247;2024-05-06 04:35:00
202400049238.0;1;63;63113;2;3;1.0;3.0;45.81213;3.09966;2024-01-04 14:09:00
202400049239.0;1;75;75108;2;3;1.0;4.0;48.87619;2.319464;2024-06-11 14:30:00
202400049240.0;1;78;78349;1;1;2.0;6.0;48.588998;2.033107;2024-03-30 08:50:00
202400049241.0;1;988;98825;1;1;1.0;7.0;-21.202232;164.886991;2024-04-28 15:30:00
202400049242.0;1;18;18249;1;3;2.0;7.0;47.320985;2.672607;2024-12-02 15:15:00
202400049243.0;1;44;44184;2;1;1.0;6.0;47.26785;-2.21913;2024-02-16 09:00:00
202400049244.0;1;92;92033;2;1;1.0;6.0;48.84894529;2.19066035;2024-09-19 17:25:00
202400049245.0;4;49;49007;2;1;1.0;2.0;47.4749;-0.548;2024-07-13 23:58:00
202400049246.0;1;976;97607;2;9;1.0;6.0;-12.837962;45.173652;2024-03-27 16:00:00
202400049247.0;1;59;59599;2;2;1.0;3.0;50.72883;3.158925;2024-01-04 12:15:00
202400049248.0;1;971;97115;1;1;1.0;1.0;16.277672;-61.664838;2024-05-05 06:15:00
202400049249.0;3;62;62736;2;1;2.0;6.0;50.64790994;2.79219648;2024-12-04 20:10:00
202400049250.0;5;19;19031;2;2;1.0;3.0;45.16532;1.52048;2024-08-18 02:50:00
202400049251.0;1;44;44162;2;1;1.0;3.0;47.2432;-1.60731;2024-02-16 17:45:00
202400049252.0;1;75;75107;2;1;1.0;5.0;48.86284;2.312426;2024-06-11 19:45:00
202400049253.0;5;92;92063;2;9;2.0;7.0;48.88732741;2.16803402;2024-09-23 20:00:00
202400049254.0;1;83;83048;2;6;1.0;2.0;43.214341;6.567636;2024-12-03 14:45:00
202400049255.0;5;45;45147;2;9;8.0;3.0;47.929983;1.897204;2024-07-13 01:05:00
202400049256.0;1;59;59646;2;1;1.0;6.0;50.68042518;3.13719027;2024-01-04 11:32:00
202400049257.0;5;43;43157;2;1;1.0;6.0;45.02347;3.88745;2024-02-15 03:35:00
202400049258.0;3;37;37027;2;4;1.0;6.0;47.32643238;0.99406727;2024-05-03 23:45:00
202400049259.0;5;973;97303;2;6;1.0;7.0;5.48036084;-53.21157217;2024-03-29 23:40:00
202400049260.0;5;58;58194;2;1;2.0;3.0;46.99614;3.12417;2024-01-03 19:05:00
202400049261.0;1;14;14027;2;2;1.0;3.0;49.02041219;-0.63741201;2024-12-04 11:45:00
202400049262.0;1;14;14701;2;3;1.0;7.0;49.35246;0.05431;2024-08-18 18:15:00
202400049263.0;1;77;77171;2;1;2.0;1.0;48.897161;2.81319;2024-05-04 10:30:00
202400049264.0;1;75;75104;2;5;2.0;3.0;48.85730935;2.34926641;2024-06-10 15:00:00