Num_Acc;lum;departement;commune;agglomeration;intersection;meteo;type_collision;lat;long;date
202400049265.0;1;44;44109;2;6;1.0;3.0;47.21358;-1.52931;2024-07-13 21:08:00
202400049266.0;1;92;92050;2;1;1.0;3.0;48.91363337;2.21906486;2024-09-23 09:35:00
202400049267.0;1;13;13054;2;1;1.0;7.0;43.40645;5.20718;2024-08-18 10:55:00
202400049268.0;1;974;97414;1;1;1.0;1.0;-21.243782;55.407593;2024-12-04 11:30:00
202400049269.0;2;41;41018;2;1;1.0;6.0;47.58528;1.33504;2024-02-16 18:25:00
202400049270.0;1;2A;2A247;2;1;1.0;6.0;41.59671;9.276437;2024-05-04 16:45:00
202400049271.0;3;971;97107;1;1;1.0;5.0;16.08932;-61.563467;2024-03-29 18:50:00
202400049272.0;1;94;94081;2;1;2.0;6.0;48.78944;2.40564;2024-06-11 14:40:00
202400049273.0;1;13;13209;2;1;1.0;1.0;43.23986848;5.45639249;2024-08-18 11:35:00
202400049274.0;5;49;49007;2;2;1.0;3.0;47.4665;-0.55301;2024-01-04 19:44:00
202400049275.0;5;92;92020;2;1;2.0;2.0;48.8014191;2.28445396;2024-09-23 21:24:00
202400049276.0;1;42;42218;2;2;1.0;6.0;45.43937;4.3859;2024-06-28 12:10:00
202400049277.0;1;2A;2A247;2;1;1.0;3.0;41.62451;9.289732;2024-04-28 11:25:00
202400049278.0;1;94;94068;2;1;2.0;3.0;48.7891706;2.49886676;2024-06-10 15:00:00
202400049279.0;1;40;40192;2;3;1.0;6.0;43.89288;-0.50808;2024-02-15 07:25:00
202400049280.0;1;33;33199;2;1;1.0;3.0;44.636784;-1.098282;2024-03-30 12:00:00
202400049281.0;1;46;46224;2;6;1.0;7.0;44.46338;1.4141;2024-01-04 11:50:00
202400049282.0;3;14;14374;1;1;1.0;2.0;49.04206;-0.79711;2024-12-03 17:00:00
202400049283.0;1;13;13047;2;6;1.0;3.0;43.49037;4.98599;2024-08-18 09:40:00
202400049284.0;1;94;94042;2;2;1.0;6.0;48.820047;2.477091;2024-06-10 14:40:00
202400049285.0;1;73;73075;1;1;2.0;1.0;45.44364;6.084318;2024-05-06 11:25:00
202400049286.0;1;45;45286;2;1;1.0;1.0;47.88925;1.92414;2024-01-03 16:30:00
202400049287.0;5;51;51662;2;6;1.0;6.0;49.288607;4.110893;2024-11-28 20:55:00
202400049288.0;3;13;13098;1;1;1.0;7.0;43.46278;5.02429;2024-08-18 04:05:00
202400049289.0;1;38;38185;2;5;1.0;3.0;45.15957;5.7241;2024-02-16 14:10:00
202400049290.0;3;77;77318;1;1;1.0;5.0;48.786877;2.878075;2024-03-21 22:50:00
202400049291.0;1;42;42089;1;1;5.0;7.0;45.61194544;3.97748798;2024-05-06 13:45:00
202400049292.0;1;94;94041;2;1;1.0;6.0;48.8058;2.37618;2024-06-11 19:30:00
202400049293.0;1;75;75115;2;3;3.0;3.0;48.830355;2.284737;2024-09-23 16:20:00
202400049294.0;1;42;42095;2;3;1.0;3.0;45.38851933;4.27945733;2024-07-13 15:55:00
202400049295.0;3;56;56127;1;1;5.0;6.0;48.073121;-2.2791633;2024-11-29 19:30:00
202400049296.0;1;11;11262;2;1;1.0;6.0;43.17844;3.01232;2024-08-18 14:43:00
202400049297.0;5;44;44109;2;1;2.0;6.0;47.21334445;-1.59769337;2024-01-03 18:20:00
202400049298.0;3;42;42285;1;1;2.0;3.0;45.569802;4.128714;2024-05-05 22:19:00
202400049299.0;1;37;37261;2;1;1.0;2.0;47.4007911;0.68232483;2024-02-16 14:55:00
202400049300.0;1;42;42044;2;1;1.0;3.0;45.39496;4.31194;2024-07-12 21:00:00
202400049301.0;1;78;78107;1;6;1.0;3.0;48.96118;1.537796;2024-03-16 15:55:00
202400049302.0;1;92;92035;2;1;2.0;3.0;48.90454281;2.23940939;2024-09-23 19:20:00
202400049303.0;1;11;11262;2;1;1.0;3.0;43.182281;3.007221;2024-08-18 13:05:00
202400049304.0;1;34;34172;2;1;1.0;6.0;43.60314;3.87649;2024-02-16 10:40:00
202400049305.0;1;94;94004;2;3;2.0;4.0;48.75234;2.51989;2024-06-11 17:10:00
202400049306.0;3;56;56053;1;1;1.0;2.0;47.726017;-2.587066;2024-11-29 05:50:00
202400049307.0;1;7;7034;1;3;1.0;3.0;44.339101;4.525605;2024-05-05 16:44:00
202400049308.0;1;94;94002;2;1;1.0;6.0;48.7935;2.42588;2024-06-10 20:30:00
202400049309.0;1;38;38053;2;1;1.0;3.0;45.59609;5.26857;2024-07-13 14:25:00
202400049310.0;1;11;11262;2;1;1.0;3.0;43.187562;3.006765;2024-08-18 12:03:00
202400049311.0;1;34;34032;2;2;1.0;3.0;43.35459;3.22964;2024-02-14 14:48:00
202400049312.0;1;69;69077;1;1;1.0;6.0;46.16998572;4.77294071;2024-05-01 15:45:00
202400049313.0;5;80;80801;2;1;2.0;3.0;49.879095;2.896442;2024-12-05 17:30:00
202400049314.0;1;30;30142;1;1;2.0;3.0;44.224398;4.072988;2024-03-29 15:50:00
202400049315.0;1;92;92035;2;1;2.0;3.0;48.90601112;2.25125849;2024-09-23 14:25:00
202400049316.0;1;9;9122;1;9;2.0;6.0;43.003271;1.613233;2024-08-18 13:21:00
202400049317.0;5;65;65025;2;1;1.0;6.0;43.011504;-0.097761;2024-12-04 21:25:00
202400049318.0;5;34;34003;2;1;1.0;6.0;43.28971;3.51148;2024-02-16 20:45:00
202400049319.0;1;93;93070;2;3;1.0;6.0;48.91126549;2.33686924;2024-06-11 18:20:00
202400049320.0;1;24;24028;2;1;2.0;1.0;44.75185359;0.78775406;2024-05-05 17:50:00
202400049321.0;1;33;33194;2;1;1.0;7.0;44.817998;-0.21258;2024-12-02 09:10:00
202400049322.0;1;75;75120;2;1;3.0;6.0;48.8647;2.41284;2024-08-17 16:35:00
202400049323.0;1;35;35238;2;3;1.0;3.0;48.08848;-1.66766;2024-07-13 14:50:00
202400049324.0;1;52;52248;1;1;3.0;3.0;48.020885;5.466508;2024-03-29 11:45:00
202400049325.0;1;75;75120;2;1;2.0;6.0;48.866942;2.41322;2024-08-17 12:45:00
202400049326.0;2;33;33234;2;1;1.0;6.0;44.789297;-0.499679;2024-04-16 20:35:00
202400049327.0;1;89;89151;1;4;5.0;2.0;48.115637;3.150088;2024-12-04 09:00:00
202400049328.0;1;93;93070;2;2;1.0;1.0;48.90475;2.32228;2024-06-10 20:00:00
202400049329.0;1;92;92019;2;2;1.0;3.0;48.76587184;2.28469133;2024-09-22 19:00:00
202400049330.0;1;68;68247;1;1;5.0;6.0;47.947748;6.995652;2024-03-30 06:15:00
202400049331.0;3;22;22162;1;6;2.0;6.0;48.761866;-3.040048;2024-05-06 00:01:00
202400049332.0;5;63;63003;1;1;2.0;1.0;45.57823;3.74123;2024-12-03 19:35:00
202400049333.0;3;42;42005;2;6;6.0;6.0;45.526945;4.297038;2024-03-29 23:25:00
202400049334.0;1;34;34108;1;3;1.0;3.0;43.42331;3.70916;2024-07-13 08:30:00
202400049335.0;1;37;37058;1;1;2.0;6.0;47.240157;0.174451;2024-09-22 11:10:00
202400049336.0;1;93;93049;2;6;1.0;2.0;48.87282;2.51074;2024-06-11 18:00:00
202400049337.0;5;25;25056;2;2;2.0;3.0;47.243269;5.985467;2024-02-17 00:01:00
202400049338.0;1;75;75119;2;3;1.0;2.0;48.883586;2.373365;2024-08-18 14:34:00
202400049339.0;3;84;84127;1;1;1.0;6.0;44.203743;4.868124;2024-10-28 20:15:00
202400049340.0;1;55;55502;2;9;2.0;6.0;49.483745;5.199038;2024-12-05 08:45:00
202400049341.0;3;38;38059;2;1;9.0;2.0;45.133761;5.773991;2024-03-29 23:40:00
202400049342.0;5;75;75104;2;3;1.0;7.0;48.847461;2.365617;2024-08-17 03:25:00
202400049343.0;1;47;47168;2;9;7.0;6.0;44.60059;0.362903;2024-12-04 15:40:00
202400049344.0;2;18;18279;2;3;1.0;7.0;47.21909;2.091249;2024-02-15 08:28:00
202400049345.0;5;34;34172;2;2;1.0;3.0;43.59606;3.89197;2024-07-13 22:50:00
202400049346.0;3;69;69275;1;1;1.0;2.0;45.764;4.985;2024-05-04 05:00:00
202400049347.0;1;93;93046;2;2;1.0;3.0;48.91687;2.51665;2024-06-11 18:00:00
202400049348.0;1;26;26177;1;4;1.0;3.0;45.1176807;4.92777586;2024-09-20 07:40:00
202400049349.0;5;30;30202;2;3;1.0;7.0;44.253222;4.647512;2024-10-29 18:01:00
202400049350.0;3;86;86213;1;1;2.0;6.0;46.41945;-0.001551;2024-12-01 23:00:00
202400049351.0;1;9;9221;1;9;1.0;3.0;42.821233;1.621277;2024-03-30 11:35:00
202400049352.0;2;75;75108;2;1;1.0;6.0;48.872789;2.3048;2024-08-16 05:54:00
202400049353.0;1;13;13026;1;1;1.0;2.0;43.39009;5.19357;2024-02-15 19:00:00
202400049354.0;1;33;33063;2;2;1.0;3.0;44.86032;-0.55362;2024-07-13 20:00:00
202400049355.0;1;91;91689;1;1;1.0;2.0;48.73325;2.3159;2024-05-05 19:20:00
202400049356.0;1;93;93008;2;2;1.0;3.0;48.91083945;2.46603578;2024-06-11 10:00:00
202400049357.0;4;83;83054;2;1;1.0;3.0;43.150558;6.040817;2024-10-21 20:00:00
202400049358.0;1;22;22266;2;6;2.0;3.0;48.242507;-3.311922;2024-12-05 11:45:00
202400049359.0;5;13;13002;2;1;1.0;1.0;43.34855023;5.47552151;2024-02-16 21:20:00
202400049360.0;1;64;64230;1;1;1.0;6.0;43.253705;-0.389564;2024-03-30 11:00:00
202400049361.0;1;75;75120;2;7;1.0;1.0;48.864977;2.395473;2024-08-18 13:50:00
202400049362.0;5;22;22055;2;1;1.0;6.0;48.615867;-2.825761;2024-12-03 20:35:00
202400049363.0;1;93;93005;2;2;1.0;6.0;48.947311;2.492142;2024-06-11 17:36:00
202400049364.0;1;91;91363;1;1;2.0;4.0;48.66374;2.18933;2024-05-05 16:49:00
202400049365.0;1;33;33192;2;1;1.0;3.0;44.78008;-0.60885;2024-07-12 21:25:00
202400049366.0;3;22;22177;1;1;1.0;1.0;48.643408;-2.969034;2024-09-20 21:29:00
202400049367.0;2;49;49176;1;1;2.0;3.0;47.663017;-0.765417;2024-10-29 07:45:00
202400049368.0;2;44;44128;1;1;2.0;6.0;47.511179;-1.876522;2024-11-17 06:15:00
202400049369.0;3;75;75117;2;7;2.0;1.0;48.884919;2.297953;2024-08-18 05:20:00
202400049370.0;3;33;33502;1;1;1.0;1.0;45.182208;-0.487611;2024-03-17 20:00:00
202400049371.0;1;13;13215;2;9;1.0;3.0;43.36048;5.36369;2024-02-16 11:35:00
202400049372.0;1;33;33550;2;1;1.0;2.0;44.76185;-0.55849;2024-07-12 16:39:00
202400049373.0;1;33;33001;1;1;1.0;1.0;45.009371;-0.116783;2024-09-15 12:13:00
202400049374.0;1;92;92051;2;1;1.0;4.0;48.88679743;2.28246957;2024-06-11 07:40:00
202400049375.0;1;91;91363;1;1;2.0;5.0;48.66374;2.18933;2024-05-05 16:45:00
202400049376.0;5;29;29072;2;1;1.0;3.0;47.794916;-4.292921;2024-12-04 17:30:00
202400049377.0;1;49;49200;1;1;8.0;1.0;47.589378;-0.667355;2024-10-25 17:20:00
202400049378.0;1;75;75117;2;3;2.0;2.0;48.875255;2.294801;2024-08-17 17:05:00
202400049379.0;2;85;85236;1;1;1.0;2.0;46.622971;-1.677161;2024-03-29 06:55:00
202400049380.0;1;91;91553;1;1;2.0;6.0;48.6315;2.49166;2024-05-04 08:30:00
202400049381.0;1;12;12089;1;6;1.0;3.0;44.55703;2.26535;2024-02-13 17:37:00
202400049382.0;3;38;38022;1;1;1.0;2.0;45.616593;5.540242;2024-12-04 17:40:00
202400049383.0;5;972;97229;2;1;1.0;6.0;14.617892;-61.099203;2024-09-19 18:50:00
202400049384.0;5;92;92048;2;1;1.0;3.0;48.78931315;2.23544168;2024-05-26 01:06:00
202400049385.0;2;3;3138;1;9;1.0;7.0;46.241858;3.619384;2024-12-05 15:45:00
202400049386.0;1;68;68338;1;1;7.0;3.0;48.088895;7.237485;2024-10-29 10:30:00
202400049387.0;1;72;72264;2;6;1.0;1.0;47.834956;-0.317075;2024-03-29 18:10:00
202400049388.0;1;92;92040;2;1;1.0;7.0;48.82392861;2.27270901;2024-06-11 18:00:00
202400049389.0;1;31;31555;2;1;1.0;3.0;43.58899908;1.46061838;2024-07-13 18:15:00
202400049390.0;1;71;71566;2;1;1.0;6.0;46.900008;5.02254;2024-09-24 11:40:00
202400049391.0;1;75;75120;2;4;1.0;6.0;48.86608867;2.41381109;2024-02-16 14:20:00
202400049392.0;1;93;93007;1;1;2.0;5.0;48.94405945;2.477305;2024-05-05 16:30:00
202400049393.0;2;1;1266;1;1;5.0;6.0;46.331906;5.104313;2024-10-29 06:50:00
202400049394.0;1;75;75116;2;3;1.0;2.0;48.860802;2.275203;2024-08-18 12:18:00
202400049395.0;1;93;93010;1;1;1.0;6.0;48.90975235;2.47442216;2024-05-05 07:50:00
202400049396.0;1;92;92035;2;1;1.0;3.0;48.9072374;2.24162507;2024-06-11 19:05:00
202400049397.0;1;85;85039;1;1;2.0;1.0;47.011586;-1.124446;2024-12-05 10:47:00
202400049398.0;1;22;22361;1;4;2.0;3.0;48.599313;-2.922546;2024-10-29 15:31:00
202400049399.0;3;95;95582;1;1;1.0;6.0;48.96925218;2.25070233;2024-05-04 21:50:00
202400049400.0;1;30;30299;1;1;1.0;7.0;44.021253;4.448112;2024-09-24 17:10:00
202400049401.0;1;75;75102;2;3;1.0;3.0;48.8679;2.35341;2024-08-18 19:25:00
202400049402.0;1;29;29019;2;6;1.0;1.0;48.409325;-4.468144;2024-07-13 15:15:00
202400049403.0;3;54;54523;1;1;5.0;6.0;48.57542879;5.98787069;2024-11-30 02:15:00
202400049404.0;5;35;35184;2;1;1.0;6.0;48.192187;-2.057871;2024-10-13 06:30:00
202400049405.0;1;92;92026;2;2;1.0;6.0;48.89279917;2.24525928;2024-06-11 19:05:00
202400049406.0;2;22;22077;1;3;1.0;3.0;48.552293;-2.432892;2024-02-09 18:10:00
202400049407.0;5;75;75120;2;1;1.0;3.0;48.859908;2.414207;2024-02-15 21:00:00
202400049408.0;1;95;95241;1;1;1.0;7.0;49.0467717;2.45605464;2024-05-04 17:30:00
202400049409.0;1;62;62134;1;1;1.0;6.0;50.55123766;1.89315554;2024-09-23 18:00:00
202400049410.0;1;28;28134;1;1;1.0;2.0;48.74255;1.33194;2024-07-13 08:35:00
202400049411.0;2;95;95527;2;2;1.0;3.0;48.996353;2.519728;2024-08-18 06:20:00
202400049412.0;1;72;72295;1;1;5.0;1.0;48.352329;0.347069;2024-12-04 14:50:00
202400049413.0;1;38;38422;1;1;1.0;1.0;45.139472;5.830698;2024-10-28 07:00:00
202400049414.0;1;92;92025;2;1;1.0;6.0;48.92604181;2.24264155;2024-06-09 15:40:00
202400049415.0;1;75;75120;2;3;2.0;1.0;48.872795;2.389526;2024-02-16 10:20:00
202400049416.0;3;35;35031;1;1;1.0;1.0;48.150544;-1.444718;2024-03-29 20:45:00
202400049417.0;1;77;77116;2;1;1.0;2.0;48.759106;3.22328;2024-09-14 12:00:00
202400049418.0;5;72;72071;2;1;2.0;1.0;47.692386;0.414805;2024-12-05 08:00:00
202400049419.0;1;94;94081;1;1;2.0;4.0;48.77482657;2.41105832;2024-05-04 12:50:00
202400049420.0;1;84;84014;1;1;3.0;1.0;43.733771;5.698342;2024-10-27 15:30:00
202400049421.0;1;92;92012;2;1;1.0;3.0;48.83447698;2.24217618;2024-06-11 09:19:00
202400049422.0;1;93;93051;2;5;1.0;2.0;48.85011;2.53589;2024-08-18 15:00:00
202400049423.0;1;75;75118;2;3;8.0;6.0;48.889055;2.359905;2024-02-16 15:00:00
202400049424.0;1;94;94069;1;1;2.0;2.0;48.81737044;2.42861395;2024-05-04 09:23:00
202400049425.0;1;72;72344;1;1;1.0;2.0;47.940195;0.170867;2024-12-03 12:25:00
202400049426.0;3;27;27410;1;4;2.0;3.0;49.012926;1.282342;2024-03-29 23:10:00
202400049427.0;2;3;3102;2;1;5.0;1.0;46.524745;3.67887;2024-10-29 07:30:00
202400049428.0;1;25;25462;2;2;1.0;3.0;46.90583;6.34932;2024-07-13 15:00:00
202400049429.0;1;51;51391;1;2;1.0;3.0;49.272789;3.890415;2024-09-24 17:40:00
202400049430.0;1;92;92012;2;1;1.0;2.0;48.83504112;2.24823582;2024-06-11 06:55:00
202400049431.0;5;92;92046;2;2;2.0;2.0;48.81983791;2.31073388;2024-08-18 01:16:00
202400049432.0;1;1;1233;1;1;1.0;7.0;45.770487;5.548868;2024-10-28 15:00:00
202400049433.0;1;75;75118;2;3;8.0;6.0;48.885751;2.364986;2024-02-16 13:10:00
202400049434.0;3;6;6059;2;1;1.0;1.0;43.730141;7.366269;2024-12-05 01:00:00
202400049435.0;1;92;92012;2;9;1.0;6.0;48.82405122;2.24484971;2024-06-10 16:15:00
202400049436.0;2;19;19202;1;1;2.0;6.0;45.206828;1.582709;2024-09-22 20:03:00
202400049437.0;3;60;60589;1;6;3.0;3.0;49.206692;2.462756;2024-03-29 20:00:00
202400049438.0;1;25;25056;2;3;1.0;6.0;47.2382;6.01672;2024-07-12 17:30:00
202400049439.0;1;92;92072;2;1;1.0;7.0;48.82487912;2.20726401;2024-08-18 16:43:00
202400049440.0;5;94;94058;1;1;1.0;5.0;48.84340048;2.49314717;2024-04-25 20:00:00
202400049441.0;2;83;83012;1;1;1.0;6.0;43.533832;6.010321;2024-12-03 07:35:00
202400049442.0;1;70;70055;1;1;1.0;1.0;47.768142;6.342987;2024-10-28 17:15:00
202400049443.0;4;17;17415;2;1;1.0;7.0;45.74355;-0.62081;2024-07-14 02:00:00
202400049444.0;1;77;77072;1;1;2.0;6.0;48.541156;3.448165;2024-09-24 09:10:00
202400049445.0;1;92;92076;2;6;1.0;3.0;48.83755926;2.15586117;2024-08-18 14:15:00
202400049446.0;3;41;41018;2;1;2.0;2.0;47.58967;1.35249;2024-02-25 22:05:00
202400049447.0;1;75;75118;2;2;1.0;6.0;48.890236;2.359915;2024-02-16 10:30:00
202400049448.0;1;92;92002;2;2;1.0;2.0;48.74878676;2.30413073;2024-06-11 08:00:00
202400049449.0;1;64;64425;2;3;1.0;3.0;43.383141;-1.146365;2024-12-02 12:35:00
202400049450.0;1;987;98736;2;1;1.0;6.0;-17.5338;-149.55301;2024-05-03 08:25:00
202400049451.0;1;26;26243;2;2;1.0;5.0;44.525946;5.031781;2024-10-28 16:25:00
202400049452.0;1;92;92012;1;1;1.0;3.0;48.82946734;2.23397881;2024-08-18 10:18:00
202400049453.0;1;76;76476;1;1;1.0;6.0;49.487692;0.565941;2024-06-12 17:09:00
202400049454.0;1;13;13071;2;1;1.0;3.0;43.41753498;5.36409098;2024-07-12 19:55:00
202400049455.0;1;80;80474;1;1;2.0;6.0;49.835076;2.921398;2024-03-30 10:00:00
202400049456.0;1;79;79055;1;2;8.0;3.0;46.112485;-0.31268;2024-08-29 17:57:00
202400049457.0;1;75;75116;2;2;2.0;3.0;48.858017;2.272588;2024-02-16 10:45:00
202400049458.0;1;50;50446;1;1;1.0;6.0;49.144106;-1.009905;2024-10-29 08:30:00
202400049459.0;1;974;97416;1;1;1.0;2.0;-21.28414966;55.46182215;2024-05-03 08:45:00
202400049460.0;3;40;40046;1;1;2.0;5.0;44.430623;-1.072841;2024-12-05 17:30:00
202400049461.0;1;13;13103;2;7;1.0;3.0;43.63799105;5.09962487;2024-07-12 15:15:00
202400049462.0;2;14;14689;1;1;7.0;2.0;48.984329;-0.504684;2024-06-11 18:50:00
202400049463.0;1;21;21518;1;1;1.0;7.0;47.604489;4.230375;2024-10-29 15:50:00
202400049464.0;1;12;12069;1;1;8.0;6.0;43.873102;2.692852;2024-09-23 08:15:00
202400049465.0;5;92;92012;2;2;2.0;2.0;48.83078183;2.23470497;2024-08-17 21:20:00
202400049466.0;3;13;13106;1;1;1.0;3.0;43.39188;5.3514;2024-03-06 21:00:00
202400049467.0;1;75;75116;2;3;1.0;6.0;48.856573;2.286142;2024-02-15 13:45:00
202400049468.0;1;973;97302;2;2;1.0;3.0;4.91924413;-52.31761211;2024-05-04 16:20:00
202400049469.0;1;91;91340;2;9;1.0;6.0;48.607064;2.426434;2024-06-10 18:53:00
202400049470.0;1;13;13208;2;1;1.0;1.0;43.22521;5.34841;2024-07-13 21:40:00
202400049471.0;2;23;23116;1;3;7.0;1.0;46.020259;2.39183;2024-12-04 14:30:00
202400049472.0;1;30;30347;1;6;1.0;3.0;43.737864;4.284024;2024-10-28 07:25:00
202400049473.0;1;13;13001;1;1;1.0;3.0;43.5245;5.4267;2024-03-26 08:30:00
202400049474.0;1;76;76258;1;2;1.0;3.0;49.634895;0.630834;2024-08-19 14:30:00
202400049475.0;3;6;6161;1;1;1.0;6.0;43.657495;7.116319;2024-06-11 23:35:00
202400049476.0;2;4;4242;1;1;1.0;6.0;43.910415;5.887701;2024-12-02 07:30:00
202400049477.0;2;973;97302;2;1;2.0;3.0;4.92523136;-52.31256151;2024-05-04 05:55:00
202400049478.0;5;75;75113;2;2;1.0;3.0;48.820189;2.366046;2024-02-16 20:30:00
202400049479.0;3;13;13047;1;6;1.0;6.0;43.6034;4.93209;2024-07-13 04:45:00
202400049480.0;1;987;98712;2;1;1.0;1.0;-17.524913;-149.527858;2024-10-28 09:50:00
202400049481.0;1;86;86139;1;1;2.0;5.0;46.416752;0.097748;2024-09-22 12:40:00
202400049482.0;1;974;97415;1;1;1.0;7.0;-21.062205;55.308652;2024-08-18 11:30:00
202400049483.0;1;973;97302;2;1;1.0;6.0;4.93832713;-52.31692976;2024-05-04 07:45:00
202400049484.0;4;972;97228;1;1;1.0;1.0;14.738254;-61.019563;2024-10-26 22:21:00
202400049485.0;2;75;75112;2;1;1.0;3.0;48.844236;2.368867;2024-02-15 17:42:00
202400049486.0;1;987;98715;2;1;1.0;1.0;-17.554332;-149.601589;2024-12-04 13:00:00
202400049487.0;1;36;36093;2;2;1.0;3.0;46.978982;1.613118;2024-06-10 13:00:00
202400049488.0;1;29;29291;1;1;1.0;7.0;48.10071446;-3.86861077;2024-09-23 09:30:00
202400049489.0;3;11;11262;1;1;1.0;2.0;43.17157;2.97749;2024-07-14 00:15:00
202400049490.0;1;78;78164;2;1;1.0;6.0;48.617188;1.913782;2024-10-28 16:35:00
202400049491.0;1;83;83090;1;1;1.0;4.0;43.12570642;5.87778364;2024-03-29 09:05:00
202400049492.0;1;84;84040;1;2;1.0;1.0;44.218812;5.102186;2024-08-19 15:00:00
202400049493.0;3;973;97309;2;1;1.0;6.0;4.91447748;-52.30977657;2024-05-04 00:10:00
202400049494.0;1;36;36228;1;1;1.0;6.0;47.12850091;1.58424638;2024-06-11 13:00:00
202400049495.0;5;75;75112;2;1;2.0;2.0;48.833161;2.401267;2024-02-14 23:44:00
202400049496.0;5;68;68278;2;3;1.0;6.0;47.755297;7.388529;2024-12-04 20:17:00
202400049497.0;3;29;29076;1;1;1.0;1.0;48.432493;-4.610535;2024-08-18 05:00:00
202400049498.0;3;11;11356;1;2;3.0;1.0;43.294715;2.015015;2024-10-28 18:36:00
202400049499.0;1;41;41223;1;1;1.0;1.0;47.63321;1.209365;2024-06-10 13:35:00
202400049500.0;1;63;63171;1;1;1.0;7.0;46.081082;2.78195;2024-08-18 18:00:00
202400049501.0;1;6;6088;2;2;1.0;1.0;43.70263;7.26402;2024-07-12 18:10:00
202400049502.0;1;33;33318;1;1;1.0;4.0;44.78806;-0.63244;2024-03-29 19:30:00
202400049503.0;1;75;75109;2;2;1.0;5.0;48.873597;2.328346;2024-02-16 08:51:00
202400049504.0;3;34;34327;1;1;1.0;3.0;43.659191;3.953201;2024-10-29 18:00:00
202400049505.0;1;33;33550;1;1;3.0;7.0;44.78517;-0.5419;2024-03-26 08:45:00
202400049506.0;1;6;6069;2;1;1.0;7.0;43.64844;6.93494;2024-07-13 19:30:00
202400049507.0;1;72;72146;1;9;1.0;3.0;47.90312398;0.15419841;2024-08-18 12:04:00
202400049508.0;1;41;41045;1;3;1.0;3.0;47.454102;1.217546;2024-06-10 18:30:00
202400049509.0;1;38;38130;1;2;1.0;3.0;45.361795;5.255402;2024-09-23 14:15:00
202400049510.0;1;34;34123;2;1;1.0;6.0;43.613095;3.806967;2024-10-01 09:30:00
202400049511.0;5;75;75113;1;1;2.0;7.0;48.8164819;2.35779689;2024-03-29 22:02:00
202400049512.0;1;24;24372;1;1;1.0;6.0;45.13861082;0.5443946;2024-08-19 13:10:00
202400049513.0;1;75;75108;2;3;1.0;2.0;48.877148;2.311328;2024-02-16 13:20:00
202400049514.0;3;84;84129;2;1;1.0;2.0;44.013713;4.866664;2024-10-29 18:35:00
202400049515.0;1;38;38128;1;1;1.0;6.0;44.806709;5.954064;2024-09-23 16:30:00
202400049516.0;2;31;31364;2;1;1.0;3.0;43.71510801;1.47881134;2024-06-11 20:40:00
202400049517.0;3;987;98714;1;1;1.0;3.0;-16.46550666;-151.74818516;2024-12-04 20:15:00
202400049518.0;5;6;6123;2;1;1.0;3.0;43.656859;7.18072;2024-07-13 23:56:00
202400049519.0;1;51;51346;1;1;1.0;7.0;49.072126;3.737438;2024-06-08 15:40:00
202400049520.0;1;3;3222;1;1;2.0;6.0;46.539196;2.735682;2024-09-23 18:15:00
202400049521.0;1;91;91521;1;1;1.0;4.0;48.63956;2.39531;2024-03-29 09:00:00
202400049522.0;1;89;89399;1;1;1.0;5.0;48.236979;3.308644;2024-08-16 12:00:00
202400049523.0;1;94;94068;2;2;8.0;3.0;48.80314;2.487325;2024-02-16 12:50:00
202400049524.0;1;13;13007;2;2;1.0;3.0;43.367585;5.645535;2024-10-28 15:00:00
202400049525.0;1;75;75119;2;1;1.0;2.0;48.890958;2.396033;2024-07-13 11:50:00
202400049526.0;1;988;98821;1;1;1.0;1.0;-22.07293;166.28424;2024-12-03 01:45:00
202400049527.0;1;76;76240;1;1;1.0;7.0;49.708711;0.364953;2024-08-17 13:30:00
202400049528.0;1;62;62028;2;2;1.0;3.0;50.537967;2.419224;2024-05-24 08:55:00
202400049529.0;1;91;91161;1;1;1.0;2.0;48.70236636;2.30770826;2024-03-29 07:10:00
202400049530.0;5;94;94043;2;1;1.0;2.0;48.80961009;2.35876903;2024-02-16 20:00:00
202400049531.0;1;15;15087;1;1;3.0;1.0;44.777224;2.431417;2024-09-24 11:30:00
202400049532.0;1;13;13096;1;3;7.0;3.0;43.545259;4.36286;2024-09-15 19:15:00
202400049533.0;1;2B;2B043;1;1;1.0;2.0;42.755198;9.467002;2024-08-06 09:00:00
202400049534.0;3;973;97312;1;1;1.0;1.0;5.344228;-52.932043;2024-12-05 06:05:00
202400049535.0;3;83;83096;1;6;1.0;6.0;43.465952;5.795755;2024-06-12 01:45:00
202400049536.0;3;91;91179;1;1;1.0;6.0;48.56287;2.47968;2024-03-29 01:18:00
202400049537.0;1;75;75114;2;4;1.0;3.0;48.81930986;2.32865632;2024-07-12 18:40:00
202400049538.0;1;11;11397;2;1;1.0;6.0;43.208664;2.440188;2024-08-19 09:30:00
202400049539.0;1;94;94017;2;1;8.0;2.0;48.81478076;2.52462244;2024-02-16 14:40:00
202400049540.0;1;57;57484;2;6;1.0;2.0;49.16857;6.868987;2024-10-26 11:25:00
202400049541.0;1;66;66214;1;1;1.0;6.0;42.56886;2.83726;2024-09-24 10:30:00
202400049542.0;5;29;29233;2;3;2.0;6.0;47.872611;-3.550443;2024-12-05 18:40:00
202400049543.0;1;32;32462;1;1;1.0;1.0;43.758061;0.217538;2024-06-04 13:30:00
202400049544.0;3;93;93078;1;1;3.0;3.0;48.95857237;2.53354347;2024-03-29 19:00:00
202400049545.0;1;89;89163;1;1;1.0;2.0;47.893284;3.207922;2024-08-19 14:30:00
202400049546.0;1;42;42299;1;1;1.0;3.0;45.612499;4.082601;2024-10-29 14:51:00