Num_Acc;lum;departement;commune;agglomeration;intersection;meteo;type_collision;lat;long;date
202400049547.0;1;75;75120;2;3;1.0;6.0;48.856676;2.409272;2024-07-13 14:35:00
202400049548.0;1;49;49339;1;1;1.0;6.0;47.569331;-0.5685;2024-06-11 19:25:00
202400049549.0;3;28;28073;1;1;1.0;6.0;48.501792;1.628423;2024-12-01 18:00:00
202400049550.0;1;83;83135;1;1;1.0;7.0;43.594239;6.060258;2024-09-22 14:10:00
202400049551.0;1;93;93070;2;3;1.0;3.0;48.90985;2.3303;2024-02-16 10:45:00
202400049552.0;3;93;93063;1;1;1.0;2.0;48.87528738;2.44004158;2024-03-28 20:30:00
202400049553.0;1;66;66175;2;1;1.0;6.0;42.54352961;2.92019069;2024-12-03 15:35:00
202400049554.0;1;75;75116;2;1;1.0;6.0;48.858211;2.254711;2024-07-13 09:45:00
202400049555.0;1;46;46132;1;1;1.0;1.0;44.75564;1.777328;2024-06-12 16:10:00
202400049556.0;1;64;64327;1;1;3.0;6.0;43.136768;-1.133367;2024-09-24 18:30:00
202400049557.0;1;89;89003;2;9;2.0;6.0;47.873331;3.34361;2024-08-17 20:00:00
202400049558.0;2;38;38317;1;1;1.0;4.0;45.118675;5.697956;2024-10-28 18:00:00
202400049559.0;2;93;93008;2;1;1.0;2.0;48.91388507;2.43876136;2024-02-15 12:30:00
202400049560.0;1;68;68068;2;1;1.0;6.0;47.628951;7.117655;2024-06-11 10:30:00
202400049561.0;3;34;34199;1;1;1.0;3.0;43.470094;3.431731;2024-12-04 17:30:00
202400049562.0;1;93;93029;1;1;1.0;3.0;48.91640984;2.42960287;2024-03-28 16:10:00
202400049563.0;1;1;1114;1;1;1.0;7.0;46.159138;5.838525;2024-10-28 14:15:00
202400049564.0;2;93;93005;2;1;1.0;7.0;48.949433;2.479235;2024-02-16 17:40:00
202400049565.0;1;75;75114;2;3;1.0;6.0;48.821913;2.325523;2024-07-13 12:50:00
202400049566.0;1;63;63428;1;1;1.0;7.0;46.09494992;2.83514321;2024-08-17 19:00:00
202400049567.0;1;16;16003;2;6;2.0;2.0;45.78234;0.33144;2024-09-24 17:45:00
202400049568.0;1;39;39283;1;1;1.0;7.0;46.351341;5.692128;2024-06-12 16:00:00
202400049569.0;5;83;83029;2;1;1.0;2.0;43.623848;6.751112;2024-12-03 18:20:00
202400049570.0;1;95;95555;1;1;3.0;6.0;48.97706367;2.2828852;2024-03-28 07:00:00
202400049571.0;1;69;69116;2;9;7.0;6.0;45.8089561;4.77939918;2024-10-29 12:30:00
202400049572.0;1;93;93001;2;1;1.0;3.0;48.907657;2.379017;2024-02-16 16:10:00
202400049573.0;3;61;61089;1;2;5.0;3.0;48.846742;0.159242;2024-08-19 05:15:00
202400049574.0;1;75;75112;2;1;1.0;2.0;48.83386;2.38187;2024-07-12 21:57:00
202400049575.0;1;6;6128;1;1;1.0;3.0;43.675931;7.127257;2024-12-02 12:00:00
202400049576.0;1;29;29097;1;1;1.0;4.0;48.49600203;-4.07370577;2024-06-11 14:45:00
202400049577.0;3;47;47065;1;1;1.0;7.0;44.380241;0.381839;2024-08-18 04:00:00
202400049578.0;1;93;93001;2;6;1.0;2.0;48.914626;2.391871;2024-02-16 09:20:00
202400049579.0;1;16;16120;1;2;5.0;3.0;45.599075;0.268709;2024-09-23 07:55:00
202400049580.0;1;35;35004;1;1;1.0;1.0;48.462982;-1.475617;2024-10-28 12:35:00
202400049581.0;1;75;75112;2;1;1.0;1.0;48.847227;2.38582;2024-07-12 18:55:00
202400049582.0;2;13;13062;1;9;1.0;3.0;43.416845;5.517315;2024-12-04 16:35:00
202400049583.0;1;987;98735;2;1;1.0;6.0;-17.53915;-149.56771;2024-03-28 10:20:00
202400049584.0;1;34;34150;1;1;1.0;1.0;43.320746;3.551412;2024-08-18 19:02:00
202400049585.0;1;92;92064;2;1;1.0;6.0;48.84388222;2.21830672;2024-02-16 09:00:00
202400049586.0;1;7;7129;1;1;1.0;6.0;44.982149;4.6109;2024-09-21 16:50:00
202400049587.0;1;13;13041;2;1;1.0;1.0;43.451369;5.472334;2024-12-04 10:05:00
202400049588.0;1;75;75110;2;2;1.0;1.0;48.868731;2.367014;2024-07-13 16:40:00
202400049589.0;2;22;22074;1;1;1.0;6.0;48.331277;-3.036774;2024-08-18 20:45:00
202400049590.0;1;72;72269;1;1;1.0;6.0;47.92212164;0.76304255;2024-06-12 12:00:00
202400049591.0;1;974;97416;1;1;1.0;5.0;-21.33168;55.45746;2024-03-28 07:55:00
202400049592.0;5;33;33063;1;1;2.0;6.0;44.883512;-0.556753;2024-10-27 02:20:00
202400049593.0;5;92;92012;2;3;1.0;7.0;48.83275545;2.24845648;2024-02-16 06:00:00
202400049594.0;5;31;31381;2;2;1.0;3.0;43.461984;1.570814;2024-12-04 18:12:00
202400049595.0;1;53;53043;2;1;1.0;3.0;48.140951;-0.55084;2024-09-20 19:00:00
202400049596.0;1;22;22293;2;1;1.0;6.0;48.655233;-3.10136;2024-08-18 12:50:00
202400049597.0;1;5;5054;2;1;1.0;6.0;44.677503;6.06521;2024-06-11 19:25:00
202400049598.0;1;75;75109;2;2;8.0;6.0;48.871755;2.330561;2024-07-13 10:00:00
202400049599.0;5;95;95313;2;1;1.0;3.0;49.1053321;2.2174759;2024-02-16 20:00:00
202400049600.0;3;86;86024;1;1;5.0;6.0;46.582566;0.194809;2024-12-04 20:20:00
202400049601.0;1;974;97416;1;1;1.0;3.0;-21.30011;55.50208;2024-02-27 15:15:00
202400049602.0;3;78;78362;1;1;1.0;2.0;48.976214;1.721422;2024-10-27 21:09:00
202400049603.0;1;40;40002;2;1;1.0;2.0;43.585225;-0.744882;2024-09-24 16:25:00
202400049604.0;1;29;29160;1;1;2.0;7.0;48.503448;-4.445338;2024-08-16 17:05:00
202400049605.0;1;24;24087;1;1;1.0;1.0;44.887712;1.097302;2024-06-12 07:45:00
202400049606.0;1;974;97405;1;1;2.0;3.0;-21.332774;55.573933;2024-02-17 09:45:00
202400049607.0;1;75;75109;2;3;2.0;3.0;48.873425;2.329691;2024-07-13 09:12:00
202400049608.0;1;974;97411;2;1;1.0;3.0;-20.90285;55.48038;2024-03-28 16:20:00
202400049609.0;1;44;44204;2;1;1.0;3.0;47.265095;-1.45557;2024-12-04 11:50:00
202400049610.0;1;38;38416;2;1;1.0;6.0;45.153149;5.317544;2024-08-19 10:50:00
202400049611.0;1;28;28089;2;1;1.0;6.0;48.581077;1.242405;2024-06-12 09:20:00
202400049612.0;1;974;97411;2;1;1.0;6.0;-20.89137;55.48073;2024-03-28 12:20:00
202400049613.0;3;57;57211;1;1;1.0;6.0;49.18163793;6.06406689;2024-02-17 06:10:00
202400049614.0;3;78;78291;1;1;1.0;4.0;48.9651;1.75957;2024-10-27 19:20:00
202400049615.0;1;40;40228;1;2;7.0;3.0;43.634584;-0.824444;2024-09-24 17:28:00
202400049616.0;1;52;52544;1;1;1.0;6.0;47.9070533;5.75441699;2024-06-11 13:30:00
202400049617.0;1;61;61213;1;3;5.0;3.0;48.473159;-0.130966;2024-12-04 16:20:00
202400049618.0;1;92;92063;1;1;8.0;6.0;48.89103788;2.17445394;2024-10-27 10:00:00
202400049619.0;4;15;15114;2;4;1.0;6.0;45.30640626;2.86193848;2024-08-18 23:15:00
202400049620.0;1;85;85153;1;1;1.0;6.0;46.76769;-1.00873;2024-02-17 12:30:00
202400049621.0;5;75;75109;2;2;8.0;3.0;48.880268;2.335317;2024-07-13 01:20:00
202400049622.0;5;974;97409;2;7;2.0;1.0;-20.96375;55.65271;2024-03-28 18:30:00
202400049623.0;1;40;40044;1;1;1.0;7.0;43.540756;-1.308022;2024-09-24 10:35:00
202400049624.0;3;60;60116;1;1;2.0;1.0;49.31175;2.356224;2024-12-05 06:30:00
202400049625.0;3;93;93064;1;1;1.0;2.0;48.88595452;2.47258924;2024-10-28 20:00:00
202400049626.0;1;8;8491;2;1;1.0;6.0;49.736734;4.856765;2024-06-11 11:30:00
202400049627.0;1;62;62770;1;1;1.0;6.0;50.60501818;2.52576187;2024-02-15 15:08:00
202400049628.0;1;85;85008;1;1;1.0;6.0;46.62872;-1.444204;2024-08-17 14:30:00
202400049629.0;3;60;60628;1;1;2.0;6.0;49.4256319;2.13731718;2024-12-05 07:37:00
202400049630.0;1;75;75107;2;2;1.0;2.0;48.858151;2.322805;2024-07-12 17:00:00
202400049631.0;1;93;93010;1;1;1.0;2.0;48.91454975;2.47732254;2024-10-28 16:25:00
202400049632.0;1;59;59481;1;1;1.0;1.0;50.254134;3.604905;2024-12-04 08:20:00
202400049633.0;1;6;6152;2;6;1.0;3.0;43.626676;7.052584;2024-06-11 17:20:00
202400049634.0;1;83;83096;1;3;2.0;2.0;43.473773;5.766063;2024-02-09 17:00:00
202400049635.0;1;85;85190;1;1;1.0;3.0;46.94712;-1.488941;2024-09-23 15:15:00
202400049636.0;1;66;66027;2;1;2.0;1.0;42.511688;2.114686;2024-08-18 08:00:00
202400049637.0;3;974;97409;1;1;2.0;5.0;-20.95721;55.65727;2024-03-28 06:30:00
202400049638.0;1;75;75107;2;3;1.0;3.0;48.856785;2.301514;2024-07-13 14:40:00
202400049639.0;3;59;59137;1;1;1.0;1.0;50.07585233;3.64491906;2024-12-04 03:20:00
202400049640.0;1;93;93030;1;1;1.0;3.0;48.93938116;2.4190314;2024-10-28 09:25:00
202400049641.0;1;27;27654;1;1;8.0;7.0;49.208234;0.889699;2024-09-22 08:00:00
202400049642.0;3;56;56006;1;1;1.0;2.0;47.939676;-2.276553;2024-02-14 23:40:00
202400049643.0;1;66;66148;1;1;1.0;1.0;42.496514;3.118969;2024-08-19 07:55:00
202400049644.0;1;971;97118;1;1;1.0;1.0;16.178408;-61.719711;2024-06-10 13:20:00
202400049645.0;1;69;69388;2;1;1.0;6.0;45.74413073;4.86807094;2024-03-28 08:00:00
202400049646.0;2;94;94017;1;1;1.0;2.0;48.83020089;2.495767;2024-10-28 17:55:00
202400049647.0;3;30;30306;1;1;1.0;7.0;43.805513;4.060907;2024-09-23 22:43:00
202400049648.0;1;56;56184;2;6;5.0;3.0;47.670192;-2.450193;2024-02-17 11:15:00
202400049649.0;1;95;95535;1;6;1.0;7.0;49.070021;1.963157;2024-06-11 16:31:00
202400049650.0;5;94;94041;2;3;1.0;1.0;48.80241;2.39742;2024-07-13 05:00:00
202400049651.0;3;13;13117;1;1;1.0;4.0;43.41842;5.27266;2024-12-01 19:00:00
202400049652.0;1;77;77122;1;1;1.0;3.0;48.66018974;2.6132426;2024-10-28 15:40:00
202400049653.0;1;56;56067;2;1;1.0;6.0;47.751534;-2.840937;2024-02-16 17:00:00
202400049654.0;1;18;18209;2;3;1.0;3.0;46.678409;2.491697;2024-08-18 17:05:00
202400049655.0;1;94;94011;2;1;1.0;6.0;48.77308;2.47506;2024-07-13 18:45:00
202400049656.0;5;971;97113;1;1;1.0;4.0;16.2175;-61.48475;2024-03-27 19:30:00
202400049657.0;1;52;52353;1;1;1.0;7.0;48.008501;5.331073;2024-06-12 17:20:00
202400049658.0;1;72;72386;1;1;1.0;2.0;48.026916;0.29206;2024-09-24 17:40:00
202400049659.0;3;33;33192;1;1;1.0;2.0;44.789056;-0.603056;2024-12-04 19:45:00
202400049660.0;1;76;76605;2;1;1.0;3.0;49.908442;0.960124;2024-02-17 14:45:00
202400049661.0;1;84;84105;1;3;1.0;3.0;43.878531;5.445507;2024-07-13 18:00:00
202400049662.0;3;13;13091;1;1;1.0;1.0;43.633062;5.283737;2024-09-24 05:00:00
202400049663.0;1;94;94077;2;1;1.0;3.0;48.728749;2.443095;2024-07-13 13:50:00
202400049664.0;1;91;91377;2;1;1.0;1.0;48.73593;2.23898;2024-03-28 17:07:00
202400049665.0;1;21;21154;1;1;2.0;3.0;47.847524;4.567343;2024-08-17 19:55:00
202400049666.0;1;59;59508;1;1;1.0;6.0;50.74322;3.1389;2024-12-02 14:30:00
202400049667.0;1;79;79270;2;2;1.0;1.0;46.412091;-0.215081;2024-06-12 11:50:00
202400049668.0;3;1;1228;1;1;8.0;6.0;46.132806;5.522127;2024-09-23 00:35:00
202400049669.0;5;974;97416;2;3;1.0;6.0;-21.3391;55.47941;2024-10-27 03:45:00
202400049670.0;2;94;94034;1;1;1.0;3.0;48.75193469;2.33027052;2024-12-04 16:45:00
202400049671.0;3;17;17337;1;1;1.0;7.0;45.983212;-1.370303;2024-06-11 22:15:00
202400049672.0;1;40;40270;1;1;1.0;1.0;43.686945;-0.41158;2024-08-18 13:09:00
202400049673.0;1;91;91377;2;2;1.0;6.0;48.73551;2.28955;2024-03-28 07:40:00
202400049674.0;1;93;93027;2;3;1.0;2.0;48.94147017;2.38754622;2024-07-13 13:30:00
202400049675.0;5;974;97411;2;1;1.0;2.0;-20.90239;55.50026;2024-10-28 03:50:00
202400049676.0;2;91;91161;1;1;1.0;2.0;48.69646778;2.31635034;2024-12-04 08:08:00
202400049677.0;1;34;34337;1;1;1.0;3.0;43.54033;3.851666;2024-09-24 08:30:00
202400049678.0;1;86;86061;1;1;1.0;6.0;46.137292;0.44249;2024-06-12 14:05:00
202400049679.0;1;40;40312;2;1;1.0;3.0;43.535864;-1.460951;2024-08-17 15:00:00
202400049680.0;1;2B;2B354;2;1;1.0;6.0;42.173638;9.169132;2024-02-13 12:00:00
202400049681.0;5;91;91114;2;3;1.0;6.0;48.69903;2.50594;2024-03-27 20:35:00
202400049682.0;1;95;95252;2;1;1.0;2.0;48.991015;2.226225;2024-10-26 15:10:00
202400049683.0;1;93;93010;2;9;2.0;6.0;48.90565407;2.47737004;2024-07-13 18:50:00
202400049684.0;1;33;33514;1;1;1.0;3.0;45.48873444;-1.07159615;2024-02-16 18:20:00
202400049685.0;1;35;35047;2;3;1.0;3.0;48.033773;-1.729177;2024-06-11 17:30:00
202400049686.0;5;35;35353;2;1;1.0;1.0;48.105822;-1.738915;2024-06-08 23:30:00
202400049687.0;1;92;92050;1;1;1.0;4.0;48.8989389;2.19902328;2024-12-04 08:45:00
202400049688.0;1;95;95563;2;1;8.0;1.0;49.02373;2.24532;2024-10-27 11:20:00
202400049689.0;1;28;28386;1;2;1.0;3.0;48.567643;1.255518;2024-08-18 18:00:00
202400049690.0;1;32;32455;1;1;2.0;6.0;43.46965707;0.21569598;2024-02-16 10:50:00
202400049691.0;1;92;92050;1;1;1.0;3.0;48.91427665;2.21944304;2024-12-04 09:30:00
202400049692.0;2;27;27386;1;1;5.0;6.0;49.323545;1.198878;2024-06-12 05:20:00
202400049693.0;5;86;86066;2;3;2.0;4.0;46.81904;0.52243;2024-03-28 21:25:00
202400049694.0;2;1;1425;1;1;3.0;6.0;46.104735;5.291108;2024-09-22 19:24:00
202400049695.0;1;93;93010;2;6;1.0;3.0;48.90182;2.48602;2024-07-12 18:20:00
202400049696.0;5;95;95500;2;1;2.0;2.0;49.04699441;2.08008591;2024-10-27 19:15:00
202400049697.0;3;37;37104;1;1;1.0;6.0;47.265514;0.798317;2024-08-18 00:27:00
202400049698.0;5;85;85194;2;9;1.0;6.0;46.51501;-1.75865;2024-03-24 20:20:00
202400049699.0;1;60;60612;2;3;1.0;3.0;49.217774;2.59478;2024-06-11 17:00:00
202400049700.0;1;6;6059;1;1;2.0;7.0;43.733121;7.38936;2024-09-23 14:50:00
202400049701.0;1;93;93001;2;2;2.0;3.0;48.9041536;2.39243863;2024-07-13 09:15:00
202400049702.0;1;55;55079;2;3;1.0;3.0;48.713773;5.096146;2024-02-17 16:55:00
202400049703.0;1;48;48038;1;1;8.0;6.0;44.833782;3.618096;2024-08-17 10:45:00
202400049704.0;2;88;88209;2;6;1.0;3.0;48.18976;6.42923;2024-10-27 06:30:00
202400049705.0;1;59;59497;1;1;1.0;2.0;50.723416;2.385503;2024-06-05 14:00:00
202400049706.0;1;69;69043;2;1;2.0;6.0;45.712233;4.744428;2024-09-22 10:25:00
202400049707.0;3;78;78490;1;1;1.0;4.0;48.79877;1.9232;2024-12-03 18:44:00
202400049708.0;3;49;49170;1;1;9.0;7.0;47.669217;-0.499519;2024-02-15 23:05:00
202400049709.0;3;93;93078;1;1;1.0;6.0;48.97113985;2.49844915;2024-12-03 21:50:00
202400049710.0;3;82;82033;1;2;1.0;3.0;44.07340815;1.17442837;2024-10-27 19:05:00
202400049711.0;1;92;92078;2;9;3.0;3.0;48.93062596;2.33213639;2024-07-13 20:30:00
202400049712.0;2;35;35162;2;6;1.0;6.0;48.481954;-1.134177;2024-02-17 08:20:00
202400049713.0;1;6;6152;1;2;1.0;2.0;43.625856;7.041732;2024-08-19 13:15:00
202400049714.0;1;30;30221;1;1;1.0;7.0;44.021351;4.735778;2024-09-23 18:14:00
202400049715.0;1;13;13015;1;1;1.0;4.0;43.42985;5.39764;2024-06-11 09:45:00
202400049716.0;2;95;95572;1;1;2.0;2.0;49.04914366;2.13825607;2024-12-03 08:30:00
202400049717.0;3;31;31050;1;1;1.0;6.0;43.110524;0.878515;2024-02-15 20:45:00
202400049718.0;5;92;92046;2;1;1.0;6.0;48.81620079;2.29506934;2024-07-13 03:20:00
202400049719.0;1;83;83137;2;1;1.0;2.0;43.12613;5.92226;2024-03-27 17:35:00
202400049720.0;5;78;78551;2;4;9.0;3.0;48.89965;2.08188;2024-10-27 21:20:00
202400049721.0;5;987;98715;1;1;1.0;1.0;-17.55716418;-149.59608793;2024-08-14 23:52:00
202400049722.0;1;13;13215;1;1;1.0;3.0;43.32558;5.37865;2024-06-11 09:00:00
202400049723.0;1;93;93066;1;1;1.0;2.0;48.92985457;2.36307976;2024-12-03 09:09:00
202400049724.0;1;21;21452;1;3;1.0;3.0;47.268643;5.129371;2024-09-24 17:35:00
202400049725.0;2;2;2035;1;1;1.0;3.0;49.868281;3.631454;2024-02-16 18:00:00
202400049726.0;3;13;13043;1;1;8.0;6.0;43.3832901;5.2298306;2024-06-10 02:37:00
202400049727.0;1;92;92072;2;1;1.0;2.0;48.82634;2.21905;2024-07-13 07:30:00
202400049728.0;1;77;77438;2;1;1.0;6.0;48.87454995;2.66812447;2024-10-27 12:45:00
202400049729.0;1;83;83137;2;2;1.0;3.0;43.12226;5.944;2024-03-27 10:15:00
202400049730.0;1;3;3079;1;1;1.0;7.0;46.321934;3.527899;2024-02-17 13:50:00
202400049731.0;1;971;97103;2;1;3.0;2.0;16.240057;-61.578927;2024-08-17 17:20:00
202400049732.0;1;93;93078;1;1;1.0;2.0;48.9661631;2.51563055;2024-12-03 07:45:00
202400049733.0;1;92;92002;2;3;1.0;6.0;48.75697205;2.27989554;2024-07-13 09:45:00
202400049734.0;3;13;13211;1;1;8.0;6.0;43.29036289;5.48944917;2024-06-10 02:40:00
202400049735.0;5;76;76561;2;3;1.0;3.0;49.29877;1.01149;2024-10-27 19:55:00
202400049736.0;1;33;33496;1;1;3.0;1.0;44.830955;-0.393255;2024-09-22 09:15:00
202400049737.0;1;78;78350;2;1;1.0;5.0;48.85534;2.10729;2024-03-27 18:10:00
202400049738.0;1;95;95277;1;1;1.0;5.0;48.96893169;2.47975723;2024-12-02 08:00:00
202400049739.0;3;13;13015;1;1;8.0;6.0;43.43088;5.39128;2024-06-10 01:13:00
202400049740.0;1;38;38449;1;1;1.0;4.0;45.64620602;5.13140038;2024-08-19 12:40:00
202400049741.0;2;45;45322;1;1;7.0;1.0;48.01830514;2.88512421;2024-02-17 17:00:00
202400049742.0;1;24;24442;1;1;1.0;1.0;45.121737;0.484772;2024-07-13 17:20:00
202400049743.0;3;57;57534;1;1;1.0;6.0;49.08719;6.21815;2024-06-11 00:08:00
202400049744.0;1;30;30145;1;1;1.0;1.0;43.898356;4.516304;2024-09-24 14:20:00
202400049745.0;5;74;74118;2;6;1.0;5.0;46.18042;6.22991;2024-10-27 21:00:00
202400049746.0;3;94;94004;1;1;1.0;4.0;48.74442239;2.51372874;2024-12-04 18:30:00
202400049747.0;1;977;97701;2;1;1.0;3.0;17.903547;-62.840027;2024-08-18 15:35:00
202400049748.0;1;64;64546;2;1;1.0;2.0;43.4979;-1.298583;2024-02-16 11:00:00
202400049749.0;1;77;77152;2;1;1.0;6.0;48.52642;2.64661;2024-03-28 08:15:00
202400049750.0;1;33;33013;1;1;2.0;2.0;44.867971;-0.494148;2024-06-11 08:56:00
202400049751.0;1;38;38238;1;1;1.0;3.0;45.500812;5.011989;2024-07-14 16:00:00
202400049752.0;1;91;91064;1;1;1.0;6.0;48.7481;2.1977;2024-06-11 12:00:00
202400049753.0;1;77;77449;2;3;1.0;6.0;48.85651;2.7828;2024-03-27 17:45:00
202400049754.0;3;77;77146;1;1;2.0;2.0;48.80689279;2.62988208;2024-12-02 17:10:00
202400049755.0;5;64;64519;2;1;2.0;3.0;43.384714;-0.380497;2024-02-16 21:00:00
202400049756.0;2;71;71040;2;2;1.0;3.0;46.71225801;4.39495236;2024-10-27 18:30:00
202400049757.0;3;77;77470;1;1;3.0;6.0;48.73696;2.760701;2024-08-17 22:59:00
202400049758.0;1;84;84132;1;1;1.0;1.0;43.889279;5.009583;2024-09-24 12:15:00
202400049759.0;1;91;91377;1;1;1.0;3.0;48.71716;2.29171;2024-06-11 07:40:00
202400049760.0;1;86;86174;1;1;1.0;2.0;46.77772;0.51789;2024-07-13 17:50:00
202400049761.0;2;88;88160;2;1;1.0;3.0;48.17927;6.46155;2024-09-27 19:05:00
202400049762.0;1;77;77333;1;1;1.0;3.0;48.263479;2.716365;2024-03-27 12:30:00
202400049763.0;1;54;54215;2;1;1.0;6.0;48.760387;6.13206;2024-08-19 18:20:00
202400049764.0;1;18;18035;1;1;1.0;1.0;47.120519;2.654786;2024-02-17 14:10:00
202400049765.0;1;83;83023;1;1;1.0;6.0;43.404868;6.016409;2024-09-22 14:30:00
202400049766.0;5;69;69266;2;3;1.0;2.0;45.77964;4.8596;2024-10-27 03:30:00
202400049767.0;5;75;75114;1;1;2.0;3.0;48.81738835;2.33491123;2024-06-11 02:40:00
202400049768.0;1;69;69115;2;1;1.0;7.0;45.97266;4.71694;2024-03-28 16:10:00
202400049769.0;1;1;1297;1;1;2.0;7.0;45.899447;5.102828;2024-08-18 14:23:00
202400049770.0;1;33;33204;2;1;1.0;6.0;44.544304;0.000837;2024-07-14 07:45:00
202400049771.0;2;64;64445;2;1;1.0;7.0;43.3086;-0.3768;2024-10-27 18:10:00
202400049772.0;1;10;10270;1;1;2.0;1.0;48.391573;4.289995;2024-02-16 12:53:00
202400049773.0;1;88;88061;1;1;8.0;7.0;48.06886;5.960748;2024-09-27 13:45:00
202400049774.0;3;92;92064;1;1;1.0;2.0;48.83887386;2.1936047;2024-06-10 23:00:00
202400049775.0;1;21;21231;1;1;1.0;3.0;47.293581;5.084288;2024-07-14 12:25:00
202400049776.0;1;25;25032;1;2;3.0;3.0;47.380296;6.377757;2024-09-23 13:30:00
202400049777.0;5;69;69290;2;2;3.0;3.0;45.69914474;4.94711787;2024-03-26 20:15:00
202400049778.0;3;7;7084;1;1;1.0;7.0;45.15928;4.758169;2024-02-16 22:20:00
202400049779.0;1;65;65123;1;1;1.0;4.0;42.994635;0.21109;2024-08-17 17:45:00
202400049780.0;3;88;88398;1;1;2.0;7.0;48.269055;6.821238;2024-09-08 02:00:00
202400049781.0;1;51;51309;1;1;1.0;7.0;49.151229;3.788073;2024-07-14 12:30:00
202400049782.0;1;62;62178;2;2;1.0;3.0;50.48314;2.5284;2024-10-27 15:30:00
202400049783.0;1;67;67067;2;9;1.0;6.0;48.731045;7.707721;2024-09-17 17:00:00
202400049784.0;1;93;93008;1;1;1.0;5.0;48.91199881;2.43838549;2024-06-11 17:20:00
202400049785.0;1;69;69199;2;2;2.0;3.0;45.69543318;4.85900454;2024-03-26 17:05:00
202400049786.0;1;85;85088;1;1;1.0;3.0;46.72459;-1.86893;2024-08-19 19:50:00
202400049787.0;1;51;51454;2;1;1.0;6.0;49.24915;4.01572;2024-10-26 15:45:00
202400049788.0;4;7;7240;1;1;1.0;2.0;44.83794;4.814377;2024-02-17 02:45:00
202400049789.0;1;88;88160;1;2;1.0;3.0;48.16712;6.53159;2024-08-31 12:14:00
202400049790.0;1;95;95488;1;1;1.0;6.0;49.01474752;2.14633743;2024-06-11 10:50:00
202400049791.0;1;12;12124;1;1;1.0;3.0;44.49075;2.858591;2024-07-13 16:35:00
202400049792.0;1;67;67101;2;1;8.0;3.0;48.529275;7.497479;2024-09-16 17:00:00
202400049793.0;1;93;93007;1;1;1.0;3.0;48.93160457;2.48092891;2024-06-11 10:30:00
202400049794.0;1;22;22186;2;3;1.0;3.0;48.583939;-2.560861;2024-08-05 13:35:00
202400049795.0;1;21;21603;1;1;2.0;2.0;47.486507;4.357233;2024-02-16 10:30:00
202400049796.0;1;88;88209;2;2;1.0;3.0;48.19091;6.43299;2024-08-28 12:10:00
202400049797.0;1;68;68224;2;2;1.0;6.0;47.76043;7.32622;2024-03-28 18:03:00
202400049798.0;1;93;93029;1;1;1.0;7.0;48.92634273;2.42216545;2024-06-10 08:50:00
202400049799.0;1;974;97416;1;1;1.0;3.0;-21.27951;55.48807;2024-12-03 07:15:00
202400049800.0;1;47;47201;2;3;1.0;3.0;44.1791;0.6053;2024-10-27 15:55:00
202400049801.0;3;95;95582;1;9;1.0;7.0;48.96346787;2.26421667;2024-06-10 00:01:00
202400049802.0;1;67;67482;2;1;1.0;3.0;48.58777;7.71389;2024-03-28 17:10:00
202400049803.0;3;35;35363;1;1;1.0;2.0;48.025798;-1.690046;2024-07-13 02:15:00
202400049804.0;1;4;4094;1;1;1.0;1.0;43.786834;5.823312;2024-02-16 14:30:00
202400049805.0;2;42;42304;1;2;8.0;3.0;45.535912;4.150123;2024-09-24 19:00:00
202400049806.0;3;13;13117;1;1;1.0;5.0;43.46292794;5.23481274;2024-08-17 22:30:00
202400049807.0;1;974;97414;1;1;1.0;6.0;-21.2647;55.457917;2024-07-14 11:20:00
202400049808.0;1;45;45169;2;1;1.0;1.0;47.89939;1.84919;2024-10-27 12:45:00
202400049809.0;1;64;64445;2;1;1.0;3.0;43.3143;-0.35471;2024-03-28 13:00:00
202400049810.0;1;93;93053;1;9;1.0;2.0;48.89806947;2.46934982;2024-06-09 18:25:00
202400049811.0;3;91;91432;1;1;3.0;2.0;48.69329;2.32048;2024-08-17 22:30:00
202400049812.0;1;81;81104;1;1;8.0;1.0;43.77004;1.828644;2024-09-23 08:30:00
202400049813.0;3;27;27056;2;9;1.0;1.0;49.089544;0.586427;2024-02-17 19:00:00
202400049814.0;1;974;97409;1;9;1.0;4.0;-20.9582;55.65727;2024-12-02 17:15:00
202400049815.0;1;77;77294;1;1;1.0;2.0;48.966461;2.605739;2024-06-11 11:40:00
202400049816.0;1;972;97209;1;1;1.0;6.0;14.61152;-61.07405;2024-12-03 13:35:00
202400049817.0;1;30;30131;1;1;1.0;1.0;44.19684;4.476245;2024-07-13 19:15:00
202400049818.0;1;63;63245;1;3;1.0;2.0;45.88339551;3.08207813;2024-03-27 13:05:00
202400049819.0;5;38;38421;2;3;1.0;5.0;45.17896;5.76175;2024-10-27 20:10:00
202400049820.0;3;17;17322;1;2;1.0;3.0;46.258874;-0.814399;2024-02-16 19:10:00
202400049821.0;1;77;77495;1;1;1.0;2.0;48.577739;2.638167;2024-06-10 17:15:00
202400049822.0;3;91;91228;1;1;2.0;4.0;48.61907;2.42662;2024-08-17 05:50:00
202400049823.0;1;2B;2B033;2;1;7.0;6.0;42.70008;9.44325;2024-12-03 09:02:00
202400049824.0;1;81;81225;1;3;1.0;2.0;43.91922;1.96379;2024-09-21 14:00:00
202400049825.0;1;30;30151;1;3;1.0;1.0;44.175014;4.360569;2024-07-13 14:20:00
202400049826.0;1;63;63075;2;6;1.0;1.0;45.77872;3.06273;2024-03-27 16:45:00
202400049827.0;3;74;74179;1;1;1.0;1.0;45.988583;6.013781;2024-04-12 04:00:00
202400049828.0;1;87;87019;2;9;2.0;3.0;45.75486337;1.33194923;2024-02-16 17:36:00