Num_Acc;lum;departement;commune;agglomeration;intersection;meteo;type_collision;lat;long;date
202400049829.0;3;35;35051;1;1;1.0;2.0;48.1055;-1.60145;2024-10-27 21:35:00
202400049830.0;1;65;65173;2;1;1.0;7.0;42.877824;0.007982;2024-09-24 16:30:00
202400049831.0;1;78;78217;1;1;1.0;3.0;48.963539;1.829489;2024-08-18 15:30:00
202400049832.0;1;51;51281;1;1;1.0;7.0;48.967372;3.975361;2024-07-13 16:23:00
202400049833.0;1;2B;2B037;1;6;1.0;3.0;42.6289;9.43742;2024-12-03 07:53:00
202400049834.0;1;74;74090;1;1;1.0;7.0;46.08432;6.292162;2024-04-08 09:30:00
202400049835.0;1;30;30284;1;1;1.0;7.0;44.152737;4.062935;2024-02-17 16:10:00
202400049836.0;5;92;92050;1;1;1.0;2.0;48.90003871;2.21071229;2024-08-18 10:05:00
202400049837.0;1;62;62510;2;1;1.0;4.0;50.4221896;2.77220715;2024-03-22 09:00:00
202400049838.0;1;19;19156;1;1;1.0;7.0;45.16410581;1.70603178;2024-07-13 11:45:00
202400049839.0;5;34;34172;2;2;2.0;3.0;43.59482;3.89072;2024-10-27 20:50:00
202400049840.0;2;64;64501;2;1;8.0;1.0;43.511287;-0.728055;2024-09-24 07:05:00
202400049841.0;2;971;97120;2;1;1.0;3.0;16.24054;-61.53471;2024-12-03 17:40:00
202400049842.0;1;76;76469;1;1;1.0;7.0;49.485357;1.48736;2024-07-13 11:20:00
202400049843.0;1;74;74293;2;6;1.0;3.0;46.272346;6.25599;2024-03-28 07:55:00
202400049844.0;5;29;29232;2;1;1.0;6.0;47.998682;-4.108208;2024-10-27 23:45:00
202400049845.0;3;92;92047;1;1;1.0;2.0;48.83632636;2.18475813;2024-08-17 04:00:00
202400049846.0;5;60;60414;2;1;8.0;6.0;49.2577;2.4509;2024-03-28 00:20:00
202400049847.0;1;2A;2A004;2;1;1.0;3.0;41.95176;8.77367;2024-12-03 10:50:00
202400049848.0;5;35;35360;2;1;1.0;3.0;48.115777;-1.190504;2024-09-19 21:05:00
202400049849.0;3;74;74242;2;1;1.0;7.0;45.835376;6.161428;2024-03-27 22:50:00
202400049850.0;3;27;27681;1;1;1.0;7.0;49.109955;1.489551;2024-10-27 18:20:00
202400049851.0;1;33;33424;2;1;1.0;6.0;45.148452;-0.82277;2024-07-13 10:50:00
202400049852.0;3;30;30088;1;1;1.0;5.0;43.859937;4.130495;2024-02-16 18:50:00
202400049853.0;5;59;59350;2;9;1.0;3.0;50.62873;3.04667;2024-03-20 05:45:00
202400049854.0;1;32;32237;1;1;1.0;7.0;43.647613;0.711858;2024-07-13 14:20:00
202400049855.0;1;95;95277;1;1;1.0;4.0;48.9670426;2.47751498;2024-08-18 14:40:00
202400049856.0;1;42;42218;2;1;1.0;2.0;45.44262;4.3888;2024-04-08 17:17:00
202400049857.0;5;95;95424;2;1;1.0;2.0;48.986028;2.182073;2024-12-02 17:58:00
202400049858.0;1;60;60450;1;1;2.0;1.0;49.239765;2.28168;2024-09-22 17:37:00
202400049859.0;1;92;92036;1;1;1.0;6.0;48.93838168;2.31330853;2024-08-18 08:00:00
202400049860.0;1;27;27701;2;2;1.0;3.0;49.27517;1.20275;2024-10-27 14:10:00
202400049861.0;1;59;59350;2;1;1.0;3.0;50.623849;3.071667;2024-03-28 09:05:00
202400049862.0;3;71;71187;2;3;1.0;7.0;46.74502;4.495954;2024-07-13 23:17:00
202400049863.0;2;13;13026;1;8;1.0;1.0;43.39294;5.18655;2024-02-06 07:10:00
202400049864.0;3;95;95582;1;1;2.0;6.0;48.97762416;2.24086919;2024-08-18 00:41:00
202400049865.0;1;60;60628;1;1;2.0;6.0;49.416055;2.176666;2024-09-24 16:55:00
202400049866.0;1;26;26198;1;1;1.0;7.0;44.52574;4.77331;2024-10-27 18:50:00
202400049867.0;1;95;95018;1;1;2.0;5.0;48.96076;2.22433;2024-12-03 08:50:00
202400049868.0;3;92;92036;1;1;2.0;6.0;48.93879926;2.29435927;2024-08-18 00:20:00
202400049869.0;1;59;59009;2;6;8.0;3.0;50.64516;3.13357;2024-03-28 08:05:00
202400049870.0;1;32;32115;1;1;1.0;1.0;43.762695;0.17606;2024-02-25 15:00:00
202400049871.0;2;71;71359;1;1;1.0;2.0;46.557377;4.961282;2024-07-14 05:30:00
202400049872.0;3;59;59218;1;1;1.0;7.0;50.06736;3.932033;2024-09-22 20:00:00
202400049873.0;1;91;91691;2;1;1.0;6.0;48.7198;2.51241;2024-12-02 10:45:00
202400049874.0;3;21;21285;1;1;2.0;4.0;47.053983;5.24077;2024-02-16 20:10:00
202400049875.0;1;59;59017;2;1;1.0;6.0;50.68696;2.88293;2024-03-27 16:50:00
202400049876.0;1;25;25056;2;9;1.0;3.0;47.23528;5.97314;2024-10-27 12:45:00
202400049877.0;3;32;32165;1;1;1.0;6.0;43.601609;0.84451;2024-01-30 00:40:00
202400049878.0;1;95;95277;1;1;2.0;5.0;48.96811227;2.4791801;2024-08-17 20:25:00
202400049879.0;1;69;69286;1;1;1.0;2.0;45.82118707;4.91837606;2024-09-23 15:35:00
202400049880.0;3;988;98824;1;3;2.0;6.0;-20.458253;164.678804;2024-02-17 03:00:00
202400049881.0;1;13;13213;1;1;1.0;2.0;43.32837523;5.41716434;2024-02-22 12:20:00
202400049882.0;2;89;89298;2;3;1.0;6.0;48.055573;3.145963;2024-07-14 04:40:00
202400049883.0;2;18;18279;2;1;5.0;3.0;47.2215;2.081024;2024-10-27 07:05:00
202400049884.0;5;91;91286;2;1;2.0;4.0;48.646138;2.365791;2024-12-03 18:15:00
202400049885.0;5;57;57491;2;1;2.0;3.0;49.24804;6.03822;2024-03-26 22:24:00
202400049886.0;1;987;98736;1;2;8.0;3.0;-17.54097;-149.5528;2024-06-10 08:35:00
202400049887.0;2;89;89387;2;2;1.0;3.0;48.20233;3.30092;2024-12-02 08:10:00
202400049888.0;3;28;28055;1;1;8.0;1.0;48.634936;1.423051;2024-02-15 19:07:00
202400049889.0;5;13;13210;2;1;1.0;3.0;43.27815;5.4213;2024-10-28 00:30:00
202400049890.0;1;1;1376;1;1;1.0;5.0;45.8167;4.97713;2024-09-19 17:10:00
202400049891.0;1;89;89088;1;2;1.0;3.0;47.851672;3.327184;2024-07-14 10:30:00
202400049892.0;1;74;74119;2;1;2.0;6.0;46.40002;6.58887;2024-05-31 17:20:00
202400049893.0;1;56;56260;1;1;2.0;4.0;47.66943;-2.76237;2024-03-28 08:40:00
202400049894.0;1;976;97611;2;1;1.0;3.0;45.22602;-12.76237;2024-06-10 10:20:00
202400049895.0;5;86;86194;2;1;1.0;1.0;46.5782;0.36785;2024-12-03 07:45:00
202400049896.0;3;74;74119;2;1;2.0;6.0;46.40073;6.58394;2024-05-04 23:41:00
202400049897.0;2;49;49131;1;1;1.0;6.0;47.167339;-0.00176;2024-07-13 22:00:00
202400049898.0;1;45;45229;1;1;1.0;1.0;47.850672;2.749141;2024-02-17 14:15:00
202400049899.0;2;56;56121;2;1;2.0;6.0;47.75803;-3.38969;2024-03-28 07:40:00
202400049900.0;1;69;69290;1;1;1.0;5.0;45.68963;4.96492;2024-09-19 16:20:00
202400049901.0;1;974;97407;1;9;1.0;6.0;-20.94893;55.30532;2024-06-10 11:35:00
202400049902.0;1;22;22212;1;1;1.0;7.0;48.665054;-3.192864;2024-07-14 16:45:00
202400049903.0;1;73;73270;1;1;1.0;2.0;45.555515;6.173072;2024-03-02 15:10:00
202400049904.0;2;6;6088;2;1;1.0;2.0;43.72206;7.28974;2024-10-27 19:40:00
202400049905.0;1;69;69388;2;2;1.0;1.0;45.7413;4.8852;2024-06-10 18:00:00
202400049906.0;1;51;51454;2;2;1.0;3.0;49.254574;4.048237;2024-03-28 07:30:00
202400049907.0;2;83;83137;2;4;1.0;6.0;43.12025;5.94773;2024-12-02 17:00:00
202400049908.0;1;974;97411;2;3;1.0;6.0;-20.89266;55.46391;2024-08-17 13:10:00
202400049909.0;3;39;39470;1;3;1.0;1.0;46.50289;6.02982;2024-07-13 23:00:00
202400049910.0;3;6;6069;1;1;9.0;6.0;43.64514;6.89539;2024-10-27 18:25:00
202400049911.0;1;2A;2A247;2;1;1.0;2.0;41.610461;9.278791;2024-02-17 14:33:00
202400049912.0;1;67;67482;1;1;1.0;2.0;48.57197049;7.75086254;2024-09-19 17:33:00
202400049913.0;1;69;69383;2;2;1.0;1.0;45.75254;4.88828;2024-06-10 13:55:00
202400049914.0;1;83;83137;2;1;1.0;6.0;43.12476;5.93276;2024-12-03 11:00:00
202400049915.0;3;25;25442;1;2;1.0;6.0;46.839504;6.33909;2024-07-14 01:30:00
202400049916.0;1;4;4070;2;1;3.0;6.0;44.09212;6.23629;2024-10-26 15:10:00
202400049917.0;2;51;51454;2;2;1.0;3.0;49.27507;4.0178;2024-03-27 06:05:00
202400049918.0;1;972;97209;2;1;1.0;6.0;14.61;-61.08;2024-06-10 18:15:00
202400049919.0;1;973;97302;2;2;1.0;3.0;4.93842663;-52.3303611;2024-08-16 16:05:00
202400049920.0;1;83;83123;2;3;1.0;6.0;43.12096;5.81602;2024-12-01 11:05:00
202400049921.0;2;11;11099;1;1;2.0;1.0;43.264892;2.404252;2024-02-16 17:35:00
202400049922.0;1;2;2174;1;1;8.0;6.0;49.464498;3.517942;2024-07-14 15:20:00
202400049923.0;5;59;59507;1;1;1.0;5.0;50.61064;3.09075;2024-09-20 23:55:00
202400049924.0;1;69;69389;2;1;1.0;6.0;45.77581894;4.80128484;2024-06-10 16:55:00
202400049925.0;1;972;97213;2;1;1.0;6.0;14.62107;-60.99161;2024-08-17 11:55:00
202400049926.0;1;75;75119;2;1;1.0;6.0;48.880912;2.373763;2024-10-27 15:00:00
202400049927.0;1;47;47001;2;1;1.0;3.0;44.20903;0.61123;2024-03-28 13:50:00
202400049928.0;1;80;80021;2;1;1.0;7.0;49.8959;2.29966;2024-11-29 09:17:00
202400049929.0;1;69;69381;2;2;1.0;6.0;45.76816872;4.83148905;2024-06-10 14:30:00
202400049930.0;2;80;80021;2;1;2.0;7.0;49.88409;2.32673;2024-12-02 18:15:00
202400049931.0;5;42;42218;2;1;1.0;7.0;45.43589;4.38812;2024-03-27 01:25:00
202400049932.0;5;59;59462;1;1;1.0;6.0;50.51848;3.03747;2024-09-22 04:15:00
202400049933.0;1;34;34017;1;3;1.0;7.0;43.476856;3.456659;2024-02-11 15:45:00
202400049934.0;1;2;2816;1;2;2.0;2.0;49.149239;3.521973;2024-07-11 20:00:00
202400049935.0;1;971;97113;2;1;1.0;7.0;16.22694;-61.45949;2024-06-06 08:10:00
202400049936.0;1;2B;2B033;2;1;1.0;2.0;42.6759;9.4366;2024-08-17 09:58:00
202400049937.0;5;75;75116;2;2;2.0;3.0;48.858176;2.274835;2024-10-27 01:45:00
202400049938.0;1;42;42187;2;6;1.0;3.0;46.05331;4.07358;2024-03-28 11:30:00
202400049939.0;5;971;97101;1;9;1.0;2.0;16.25314;-61.54726;2024-06-09 20:40:00
202400049940.0;1;5;5078;1;2;1.0;3.0;44.393852;5.941565;2024-02-17 11:40:00
202400049941.0;4;2B;2B120;2;1;1.0;1.0;42.66211;9.43457;2024-08-17 04:50:00
202400049942.0;2;91;91570;1;1;2.0;4.0;48.62527;2.30889;2024-09-23 07:00:00
202400049943.0;3;13;13066;1;1;1.0;7.0;43.865723;4.913635;2024-02-17 05:45:00
202400049944.0;1;75;75115;2;3;1.0;3.0;48.827924;2.271213;2024-10-26 13:55:00
202400049945.0;2;77;77518;1;1;1.0;1.0;48.503155;2.617489;2024-12-02 07:55:00
202400049946.0;5;971;97105;2;1;1.0;3.0;15.998;-61.72;2024-06-08 22:40:00
202400049947.0;1;38;38053;2;1;1.0;2.0;45.58523;5.2706;2024-03-28 14:00:00
202400049948.0;3;3;3049;1;1;1.0;6.0;46.301536;3.203899;2024-07-13 02:20:00
202400049949.0;1;3;3032;1;1;2.0;7.0;46.27786;2.971652;2024-02-16 10:45:00
202400049950.0;1;971;97101;2;1;1.0;7.0;16.26496;-61.50194;2024-08-17 14:30:00
202400049951.0;1;2A;2A004;2;6;1.0;2.0;41.94221;8.74984;2024-06-10 12:22:00
202400049952.0;3;92;92063;1;1;8.0;3.0;48.88916835;2.16820501;2024-09-23 05:25:00
202400049953.0;3;3;3063;2;1;1.0;2.0;46.476321;3.96975;2024-07-13 23:00:00
202400049954.0;1;34;34108;1;1;1.0;6.0;43.42849;3.70596;2024-03-28 17:40:00
202400049955.0;5;75;75110;2;1;1.0;6.0;48.869269;2.35555;2024-10-26 23:45:00
202400049956.0;1;971;97101;1;1;1.0;6.0;16.27297;-61.53833;2024-08-17 11:32:00
202400049957.0;1;73;73065;2;2;2.0;3.0;45.56291654;5.90816505;2024-12-03 09:20:00
202400049958.0;1;70;70546;1;1;1.0;6.0;47.524511;5.645889;2024-07-13 11:20:00
202400049959.0;1;78;78206;1;1;2.0;6.0;48.945408;1.949073;2024-09-22 18:00:00
202400049960.0;1;95;95427;2;3;1.0;6.0;48.97170068;2.34783232;2024-06-09 14:30:00
202400049961.0;1;73;73213;2;2;1.0;2.0;45.565951;5.968857;2024-02-16 12:05:00
202400049962.0;5;75;75108;2;2;2.0;6.0;48.870443;2.305131;2024-10-27 01:40:00
202400049963.0;5;971;97113;1;1;2.0;6.0;16.22131;-61.52214;2024-08-17 01:45:00
202400049964.0;1;72;72181;2;3;1.0;1.0;48.02081683;0.22634625;2024-11-24 09:54:00
202400049965.0;1;93;93066;1;1;8.0;2.0;48.91744438;2.35770709;2024-09-22 07:55:00
202400049966.0;3;54;54210;1;1;1.0;6.0;48.559596;6.692961;2024-07-14 01:10:00
202400049967.0;3;38;38162;1;3;1.0;3.0;45.588133;5.540392;2024-02-16 19:45:00
202400049968.0;1;95;95018;2;1;1.0;5.0;48.940421;2.234458;2024-06-10 22:00:00
202400049969.0;5;69;69282;2;1;1.0;6.0;45.76784;5.00212;2024-12-03 18:30:00
202400049970.0;5;91;91161;2;1;2.0;6.0;48.704;2.321;2024-08-17 20:42:00
202400049971.0;3;94;94028;1;1;2.0;6.0;48.77631661;2.43214009;2024-09-22 01:20:00
202400049972.0;4;10;10313;2;1;1.0;6.0;48.359056;4.508026;2024-07-14 02:25:00
202400049973.0;5;75;75107;2;3;1.0;6.0;48.859404;2.301324;2024-10-27 19:20:00
202400049974.0;1;38;38071;2;1;1.0;6.0;45.087376;5.73042;2024-02-16 12:43:00
202400049975.0;1;43;43135;1;1;1.0;7.0;44.93133802;4.00989014;2024-06-29 13:20:00
202400049976.0;1;91;91549;2;2;1.0;3.0;48.63964;2.32137;2024-06-10 19:20:00
202400049977.0;1;91;91223;2;1;2.0;6.0;48.42345;2.13372;2024-08-17 13:00:00
202400049978.0;1;69;69266;2;3;1.0;3.0;45.77064;4.87369;2024-12-03 09:45:00
202400049979.0;1;43;43241;1;1;8.0;6.0;44.97199021;3.8887789;2024-06-14 07:10:00
202400049980.0;1;75;75107;2;2;1.0;6.0;48.857683;2.300197;2024-10-27 12:26:00
202400049981.0;2;40;40115;1;1;1.0;4.0;43.783581;-0.924764;2024-07-13 20:00:00
202400049982.0;1;1;1403;1;1;1.0;3.0;45.816955;5.449298;2024-02-17 17:15:00
202400049983.0;1;91;91471;2;1;1.0;6.0;48.68615;2.18802;2024-06-10 11:00:00
202400049984.0;1;24;24428;1;1;1.0;7.0;45.523337;0.911522;2024-07-13 19:20:00
202400049985.0;1;69;69029;2;3;1.0;3.0;45.73848;4.8938;2024-12-03 11:30:00
202400049986.0;1;50;50151;1;2;1.0;3.0;49.211512;-1.573542;2024-06-25 07:50:00
202400049987.0;1;90;90099;2;6;1.0;3.0;47.67486572;6.84543648;2024-08-16 10:19:00
202400049988.0;5;75;75101;2;1;1.0;6.0;48.863499;2.322325;2024-10-27 19:00:00
202400049989.0;5;91;91114;2;1;1.0;6.0;48.69442;2.50322;2024-06-09 23:58:00
202400049990.0;3;17;17283;1;1;1.0;4.0;45.56569;-0.553951;2024-02-16 19:50:00
202400049991.0;5;67;67365;2;1;2.0;6.0;48.56;7.72;2024-12-02 18:35:00
202400049992.0;1;85;85042;1;3;1.0;2.0;46.386968;-0.989193;2024-06-28 11:15:00
202400049993.0;1;94;94028;2;1;1.0;6.0;48.79867474;2.4650555;2024-10-27 16:24:00
202400049994.0;1;87;87085;2;1;1.0;6.0;45.85232;1.27209;2024-06-08 20:22:00
202400049995.0;3;974;97416;1;9;1.0;1.0;-21.30365;55.42732;2024-09-21 23:30:00
202400049996.0;2;22;22054;2;1;1.0;2.0;48.623598;-2.441679;2024-02-16 08:30:00
202400049997.0;5;67;67482;2;1;2.0;3.0;48.59684;7.74139;2024-12-02 17:40:00
202400049998.0;1;83;83137;1;3;1.0;5.0;43.16406;5.9008;2024-08-17 10:45:00
202400049999.0;1;87;87085;2;1;1.0;7.0;45.79539;1.26559;2024-06-08 11:38:00
202400050000.0;1;94;94075;2;3;1.0;3.0;48.709392;2.52898;2024-10-27 16:29:00
202400050001.0;1;974;97411;1;1;1.0;3.0;-20.90238;55.46216;2024-09-21 17:15:00
202400050002.0;3;60;60559;1;1;1.0;2.0;49.41381743;2.27839708;2024-02-16 20:35:00
202400050003.0;1;27;27112;2;4;1.0;6.0;48.841828;0.903577;2024-07-13 06:30:00
202400050004.0;5;67;67267;2;1;2.0;6.0;48.54903;7.68074;2024-12-02 17:15:00
202400050005.0;3;974;97409;2;1;1.0;3.0;-20.98436;55.6268;2024-09-22 19:30:00
202400050006.0;1;84;84080;2;1;1.0;6.0;44.03345;4.99582;2024-06-10 19:50:00
202400050007.0;3;17;17124;2;1;1.0;7.0;46.03997;-0.603154;2024-07-14 02:00:00
202400050008.0;5;93;93072;2;1;1.0;3.0;48.96210942;2.37995267;2024-10-27 21:25:00
202400050009.0;1;79;79191;2;1;1.0;1.0;46.32852;-0.43798;2024-08-16 16:58:00
202400050010.0;5;66;66136;2;2;1.0;3.0;42.69487;2.88905;2024-11-17 22:30:00
202400050011.0;3;17;17309;1;1;1.0;7.0;45.168313;-0.046402;2024-07-13 02:05:00
202400050012.0;5;83;83137;2;1;1.0;6.0;43.10950068;5.98042363;2024-06-10 02:35:00
202400050013.0;1;95;95219;2;3;8.0;3.0;48.99353839;2.24562854;2024-09-22 13:38:00
202400050014.0;3;64;64249;1;1;1.0;3.0;43.41851;-1.60771;2024-11-24 19:00:00
202400050015.0;2;78;78168;2;6;2.0;3.0;48.74444;1.92073;2024-08-17 20:10:00
202400050016.0;1;17;17269;1;9;1.0;1.0;45.230222;-0.219904;2024-07-10 19:54:00
202400050017.0;3;59;59456;1;1;1.0;6.0;50.38261;3.20383;2024-02-15 21:00:00
202400050018.0;1;83;83137;2;1;1.0;3.0;43.15211306;5.91511068;2024-06-09 08:35:00
202400050019.0;1;93;93077;2;2;1.0;7.0;48.87802;2.52491;2024-10-27 11:20:00
202400050020.0;3;77;77475;1;1;2.0;6.0;48.95868;2.97921;2024-08-17 23:00:00
202400050021.0;5;64;64445;2;3;2.0;3.0;43.32466;-0.35682;2024-12-03 18:20:00
202400050022.0;1;95;95183;1;1;1.0;1.0;49.040034;1.99359001;2024-09-21 16:10:00
202400050023.0;1;83;83137;2;1;1.0;2.0;43.12306767;5.93834138;2024-06-09 07:10:00
202400050024.0;5;92;92047;1;1;1.0;2.0;48.83397544;2.16646875;2024-02-15 23:50:00
202400050025.0;1;30;30112;2;2;1.0;3.0;43.909403;4.201654;2024-07-14 07:55:00
202400050026.0;5;91;91027;2;1;3.0;7.0;48.71281;2.39419;2024-09-22 20:30:00
202400050027.0;5;93;93046;2;1;2.0;2.0;48.91042621;2.51098755;2024-10-27 19:10:00
202400050028.0;5;64;64348;2;1;8.0;3.0;43.30916;-0.42842;2024-12-03 07:50:00
202400050029.0;3;78;78646;1;1;1.0;2.0;48.79026;2.07079;2024-02-15 19:45:00
202400050030.0;4;69;69013;1;1;1.0;6.0;46.01248;4.72011;2024-08-17 03:30:00
202400050031.0;1;987;98715;2;9;2.0;6.0;-17.584;-149.56;2024-07-13 16:00:00
202400050032.0;1;80;80001;2;9;1.0;3.0;50.11561;1.82616;2024-06-08 22:00:00
202400050033.0;1;91;91326;2;2;8.0;3.0;48.68448;2.37523;2024-09-22 15:45:00
202400050034.0;5;64;64024;2;6;2.0;7.0;43.49706;-1.50862;2024-12-02 23:40:00
202400050035.0;1;49;49015;1;1;1.0;3.0;47.49470131;-0.61016141;2024-07-12 16:15:00
202400050036.0;5;93;93066;2;2;2.0;2.0;48.93715367;2.37189051;2024-10-27 07:05:00
202400050037.0;5;92;92050;1;1;1.0;2.0;48.90384699;2.2068733;2024-02-15 18:10:00
202400050038.0;1;69;69199;2;3;2.0;2.0;45.69582;4.85886;2024-08-17 20:15:00
202400050039.0;1;78;78650;2;2;1.0;3.0;48.88943;2.14123;2024-06-09 12:40:00
202400050040.0;5;64;64102;2;3;2.0;3.0;43.49079;-1.45998;2024-12-02 19:05:00
202400050041.0;5;78;78621;2;2;1.0;3.0;48.77334;1.98659;2024-09-21 20:40:00
202400050042.0;1;93;93010;2;1;1.0;6.0;48.90247553;2.48228637;2024-10-27 13:10:00
202400050043.0;1;38;38212;1;1;1.0;6.0;45.103282;5.920354;2024-07-13 16:40:00
202400050044.0;3;92;92050;1;1;1.0;3.0;48.89969655;2.19989319;2024-02-14 19:25:00
202400050045.0;5;78;78208;2;1;1.0;6.0;48.771827;1.955891;2024-06-10 04:45:00
202400050046.0;5;78;78383;2;1;2.0;6.0;48.75981;1.93153;2024-09-21 23:00:00
202400050047.0;2;62;62413;2;1;1.0;6.0;50.46438686;2.93063432;2024-11-28 17:30:00
202400050048.0;3;69;69199;1;3;1.0;3.0;45.68093;4.84626;2024-08-17 00:35:00
202400050049.0;1;77;77215;2;1;1.0;6.0;48.73935422;2.72177964;2024-09-22 15:12:00
202400050050.0;1;93;93010;2;1;1.0;5.0;48.91;2.4802;2024-10-26 19:30:00
202400050051.0;1;59;59028;2;3;1.0;3.0;50.41457;3.04182;2024-12-01 12:55:00
202400050052.0;1;93;93027;1;9;1.0;5.0;48.92568108;2.39637584;2024-02-15 17:30:00
202400050053.0;4;78;78621;1;6;1.0;5.0;48.77918;2.00764;2024-06-10 01:40:00
202400050054.0;5;58;58194;2;1;1.0;6.0;46.9896;3.13408;2024-12-02 18:00:00
202400050055.0;1;13;13051;1;1;1.0;4.0;43.592615;5.17868;2024-07-13 09:55:00
202400050056.0;1;68;68376;2;6;1.0;3.0;47.808128;7.314578;2024-08-10 16:00:00
202400050057.0;1;92;92073;2;1;8.0;2.0;48.86378;2.22639;2024-10-27 16:15:00
202400050058.0;1;77;77373;2;1;1.0;6.0;48.78232071;2.59851884;2024-06-08 16:20:00
202400050059.0;1;93;93006;1;1;1.0;3.0;48.86690246;2.42530059;2024-02-16 08:50:00
202400050060.0;5;57;57672;2;1;2.0;6.0;49.35258;6.17499;2024-12-02 07:00:00
202400050061.0;3;974;97415;1;1;1.0;6.0;-21.022968;55.230702;2024-07-14 01:20:00
202400050062.0;1;77;77131;2;1;1.0;6.0;48.8114;3.0796;2024-09-21 11:55:00
202400050063.0;5;65;65286;2;1;1.0;6.0;43.0935;-0.05346;2024-08-17 04:00:00
202400050064.0;1;92;92048;2;1;1.0;6.0;48.80412;2.23463;2024-10-26 16:40:00
202400050065.0;1;56;56098;2;1;1.0;6.0;47.76226;-3.35086;2024-12-02 14:50:00
202400050066.0;1;93;93010;1;1;1.0;3.0;48.88893243;2.47376801;2024-02-16 08:00:00
202400050067.0;1;77;77449;2;2;1.0;3.0;48.85392309;2.77370919;2024-06-10 10:30:00
202400050068.0;1;971;97130;2;1;1.0;1.0;15.850947;-61.623473;2024-07-13 13:55:00
202400050069.0;2;76;76212;2;2;2.0;3.0;49.4361;1.14173;2024-09-22 19:50:00
202400050070.0;5;65;65286;2;1;1.0;2.0;43.11097;-0.0368;2024-07-06 22:07:00
202400050071.0;1;92;92078;2;4;8.0;3.0;48.92330836;2.32828394;2024-10-27 10:40:00
202400050072.0;1;56;56098;2;1;8.0;4.0;47.77839;-3.35191;2024-11-30 12:40:00
202400050073.0;1;76;76026;2;1;1.0;1.0;49.8815;1.1039;2024-09-22 16:15:00
202400050074.0;1;64;64545;2;9;2.0;3.0;43.37388;-1.67949;2024-08-17 18:40:00
202400050075.0;1;77;77508;1;1;1.0;4.0;48.821043;2.814732;2024-07-12 18:35:00
202400050076.0;1;76;76351;2;3;1.0;4.0;49.49933;0.10838;2024-06-08 15:40:00
202400050077.0;1;66;66136;1;1;1.0;3.0;42.70933;2.96424;2024-09-22 12:00:00
202400050078.0;3;54;54300;2;2;2.0;6.0;48.66002;6.22525;2024-12-02 18:30:00
202400050079.0;1;1;1004;2;3;1.0;3.0;45.961003;5.347386;2024-10-28 12:15:00
202400050080.0;5;64;64348;2;2;2.0;1.0;43.31365;-0.41739;2024-08-17 21:50:00
202400050081.0;1;95;95379;1;1;1.0;1.0;49.1235425;1.78975041;2024-07-14 11:25:00
202400050082.0;5;76;76351;2;3;1.0;7.0;49.49362;0.09783;2024-06-08 02:40:00
202400050083.0;1;93;93053;1;1;1.0;5.0;48.90368296;2.4666784;2024-02-15 09:32:00
202400050084.0;1;51;51454;1;1;1.0;6.0;49.25641;4.08529;2024-12-03 08:10:00
202400050085.0;2;11;11203;1;1;1.0;6.0;43.204018;2.784348;2024-10-27 06:35:00
202400050086.0;1;65;65286;2;9;2.0;6.0;43.09822;-0.05052;2024-09-22 14:38:00
202400050087.0;2;72;72181;2;1;1.0;6.0;47.9851;0.21866;2024-06-09 05:50:00
202400050088.0;5;62;62160;2;1;1.0;7.0;50.72861;1.59878;2024-08-18 00:10:00
202400050089.0;2;51;51454;2;1;1.0;2.0;49.23276;4.06723;2024-12-02 17:10:00
202400050090.0;1;64;64545;2;1;1.0;3.0;43.37034;-1.6826;2024-09-21 17:11:00
202400050091.0;1;71;71486;2;1;1.0;1.0;46.64460536;4.35262217;2024-06-10 17:10:00
202400050092.0;1;22;22175;1;2;1.0;1.0;48.492947;-2.406607;2024-10-27 15:05:00
202400050093.0;1;987;98735;1;1;1.0;1.0;-17.53244;-149.56656;2024-02-15 12:15:00
202400050094.0;1;34;34057;1;1;1.0;5.0;43.643886;3.898033;2024-06-19 15:00:00
202400050095.0;1;61;61391;1;1;2.0;7.0;48.773444;-0.560118;2024-08-16 15:40:00
202400050096.0;1;84;84003;1;1;7.0;7.0;43.885004;5.362921;2024-07-14 15:50:00
202400050097.0;5;69;69256;2;1;1.0;6.0;45.78149;4.92213;2024-06-10 22:30:00
202400050098.0;5;51;51454;2;2;1.0;1.0;49.24416;4.02745;2024-11-30 22:30:00
202400050099.0;1;64;64445;2;3;8.0;3.0;43.299;-0.35521;2024-09-22 12:05:00
202400050100.0;1;41;41259;1;2;5.0;3.0;47.771432;0.969852;2024-10-28 08:20:00
202400050101.0;1;60;60057;2;3;1.0;2.0;49.42684;2.08916;2024-08-13 17:50:00
202400050102.0;1;974;97416;2;1;1.0;3.0;-21.33339;55.46743;2024-02-15 16:35:00
202400050103.0;1;69;69266;2;1;1.0;6.0;45.75891397;4.87826081;2024-06-10 15:45:00
202400050104.0;5;6;6065;2;1;1.0;1.0;43.724684;7.15343;2024-07-14 01:50:00
202400050105.0;5;51;51230;2;1;2.0;3.0;49.04598;3.95767;2024-12-02 18:30:00
202400050106.0;3;83;83031;1;1;1.0;6.0;43.360216;6.390427;2024-10-27 21:00:00
202400050107.0;1;59;59279;2;1;1.0;2.0;50.772442;3.128014;2024-08-16 18:00:00
202400050108.0;1;49;49007;2;1;1.0;3.0;47.47213;-0.54112;2024-12-02 14:40:00
202400050109.0;1;69;69091;2;1;1.0;3.0;45.59388537;4.76643996;2024-06-10 20:00:00
202400050110.0;1;13;13096;1;1;1.0;3.0;43.582484;4.442116;2024-07-14 09:05:00
202400050111.0;1;974;97416;1;1;1.0;4.0;-21.31434;55.49362;2024-02-15 08:20:00
202400050112.0;5;63;63113;2;2;1.0;3.0;45.80584;3.10681;2024-09-22 20:02:00
202400050113.0;3;48;48095;1;1;5.0;6.0;44.5286;3.43786;2024-12-02 06:40:00