Num_Acc;lum;departement;commune;agglomeration;intersection;meteo;type_collision;lat;long;date
202400050114.0;1;59;59648;2;1;1.0;6.0;50.58825;3.05415;2024-08-17 18:25:00
202400050115.0;1;88;88531;1;1;1.0;6.0;48.084483;6.909993;2024-07-13 10:55:00
202400050116.0;2;30;30060;1;3;1.0;3.0;43.79097;4.396033;2024-10-28 17:41:00
202400050117.0;1;974;97411;2;1;1.0;2.0;-20.89253;55.49083;2024-02-15 18:35:00
202400050118.0;1;67;67482;2;8;1.0;1.0;48.55702;7.76667;2024-06-10 12:45:00
202400050119.0;1;47;47001;2;1;1.0;2.0;44.1959;0.6276;2024-11-03 08:30:00
202400050120.0;1;63;63113;2;4;2.0;1.0;45.76719237;3.10014278;2024-09-22 15:15:00
202400050121.0;1;63;63200;2;3;1.0;6.0;45.839399;3.217787;2024-07-14 12:15:00
202400050122.0;2;30;30034;1;1;1.0;1.0;43.743086;4.512896;2024-10-28 08:07:00
202400050123.0;1;974;97409;1;1;1.0;3.0;-20.96374;55.65896;2024-02-15 09:00:00
202400050124.0;1;64;64129;2;1;1.0;7.0;43.29908673;-0.40768236;2024-06-10 15:25:00
202400050125.0;1;59;59378;2;1;2.0;3.0;50.69255;3.13095;2024-08-16 19:00:00
202400050126.0;1;47;47031;2;9;2.0;3.0;44.17585;0.62954;2024-12-02 16:00:00
202400050127.0;1;63;63113;2;8;2.0;3.0;45.7633;3.0998;2024-09-22 13:20:00
202400050128.0;2;42;42094;1;1;1.0;7.0;45.734216;4.218332;2024-07-13 21:55:00
202400050129.0;2;95;95055;1;1;2.0;6.0;49.105999;2.466586;2024-10-27 17:20:00
202400050130.0;1;973;97309;2;1;1.0;3.0;4.91577;-52.31032;2024-02-15 20:00:00
202400050131.0;1;45;45234;2;2;1.0;3.0;47.906227;1.900697;2024-12-03 13:50:00
202400050132.0;1;64;64445;2;9;1.0;3.0;43.32724;-0.34093;2024-06-10 09:30:00
202400050133.0;1;56;56251;2;9;2.0;3.0;47.651098;-2.7056281;2024-08-16 15:17:00
202400050134.0;1;38;38377;2;3;7.0;3.0;45.57774298;5.50988764;2024-07-13 17:30:00
202400050135.0;5;973;97302;2;1;1.0;1.0;4.9440664;-52.30883181;2024-02-14 21:40:00
202400050136.0;1;51;51191;2;2;1.0;3.0;49.133065;4.78211;2024-10-27 08:15:00
202400050137.0;1;59;59033;2;6;1.0;1.0;50.19817;3.84782;2024-09-22 14:40:00
202400050138.0;1;45;45234;2;1;1.0;6.0;47.88392;1.90673;2024-12-03 12:00:00
202400050139.0;1;49;49015;2;1;1.0;6.0;47.50624614;-0.58930546;2024-08-17 16:09:00
202400050140.0;1;64;64024;2;1;1.0;3.0;43.4928;-1.51771;2024-06-10 18:20:00
202400050141.0;3;81;81099;1;1;1.0;6.0;43.907741;1.884552;2024-07-14 01:15:00
202400050142.0;1;972;97213;1;1;1.0;2.0;14.59532;-60.986;2024-02-15 08:10:00
202400050143.0;5;42;42183;2;1;8.0;6.0;45.40098;4.35576;2024-12-02 17:45:00
202400050144.0;1;50;50099;1;1;1.0;6.0;49.244255;-1.136506;2024-07-14 14:50:00
202400050145.0;1;34;34301;2;3;1.0;3.0;43.40985;3.67503;2024-08-16 15:08:00
202400050146.0;3;56;56050;1;1;1.0;2.0;47.945528;-2.512307;2024-10-27 21:10:00
202400050147.0;1;64;64102;2;3;1.0;3.0;43.49816;-1.44861;2024-06-10 19:06:00
202400050148.0;1;38;38053;2;1;1.0;1.0;45.5822;5.2988;2024-12-03 14:50:00
202400050149.0;3;972;97224;2;1;1.0;6.0;14.6606;-61.06268;2024-02-15 04:30:00
202400050150.0;1;91;91161;1;1;1.0;6.0;48.72103;2.31144;2024-07-13 12:10:00
202400050151.0;2;59;59135;1;1;1.0;7.0;50.806375;2.535106;2024-10-27 18:00:00
202400050152.0;1;34;34003;2;1;1.0;3.0;43.303;3.47741;2024-08-17 20:10:00
202400050153.0;1;37;37233;2;2;2.0;3.0;47.39112;0.73046;2024-12-03 14:15:00
202400050154.0;5;972;97209;2;1;1.0;6.0;14.60461;-61.0718;2024-02-14 22:50:00
202400050155.0;5;42;42218;2;3;1.0;3.0;45.473;4.396;2024-09-21 05:15:00
202400050156.0;3;91;91468;1;1;1.0;2.0;48.5733;2.46719;2024-07-13 04:24:00
202400050157.0;3;81;81070;1;1;1.0;4.0;43.785285;1.738586;2024-10-27 19:35:00
202400050158.0;1;63;63113;2;2;1.0;3.0;45.77750461;3.09339434;2024-06-10 09:35:00
202400050159.0;1;35;35238;1;1;1.0;2.0;48.08038583;-1.67732209;2024-12-03 09:00:00
202400050160.0;1;30;30007;2;2;1.0;3.0;44.12213;4.08157;2024-08-17 18:35:00
202400050161.0;1;37;37122;2;6;2.0;2.0;47.35054;0.67768;2024-09-22 13:55:00
202400050162.0;1;92;92025;1;1;1.0;2.0;48.93481465;2.25869389;2024-07-13 12:00:00
202400050163.0;1;11;11357;1;1;1.0;7.0;43.286547;2.14478;2024-10-25 15:00:00
202400050164.0;1;34;34172;2;2;1.0;7.0;43.63852;3.84726;2024-12-03 12:20:00
202400050165.0;1;60;60463;2;9;7.0;1.0;49.27562;2.48467;2024-06-10 06:25:00
202400050166.0;1;27;27229;2;1;1.0;3.0;49.008213;1.16546;2024-08-12 20:30:00
202400050167.0;1;34;34003;2;6;1.0;3.0;43.28231;3.49809;2024-12-02 12:40:00
202400050168.0;2;61;61140;1;2;5.0;3.0;48.710815;0.666217;2024-10-28 07:53:00
202400050169.0;1;59;59560;2;1;2.0;3.0;50.54377;3.02304;2024-06-10 07:50:00
202400050170.0;1;37;37261;2;2;8.0;3.0;47.38699;0.67435;2024-09-21 17:15:00
202400050171.0;1;78;78466;1;1;1.0;5.0;48.926965;1.9939;2024-07-12 16:45:00
202400050172.0;1;25;25539;2;1;1.0;6.0;47.46099;6.858;2024-08-17 18:50:00
202400050173.0;1;33;33063;2;1;1.0;2.0;44.8741;-0.56035;2024-12-03 13:25:00
202400050174.0;2;49;49180;1;1;8.0;7.0;47.358573;-0.105679;2024-10-27 18:00:00
202400050175.0;1;56;56098;2;1;1.0;7.0;47.76692;-3.32191;2024-06-08 16:40:00
202400050176.0;1;33;33075;2;1;2.0;6.0;44.88087;-0.6151;2024-12-03 08:30:00
202400050177.0;1;95;95582;1;1;1.0;3.0;48.96493562;2.26117029;2024-07-13 16:00:00
202400050178.0;1;49;49345;1;1;1.0;7.0;47.283123;-0.553126;2024-10-25 09:48:00
202400050179.0;5;36;36202;2;1;2.0;6.0;46.78033;1.65266;2024-09-22 21:22:00
202400050180.0;1;16;16067;2;1;3.0;1.0;45.699066;0.3399109;2024-08-17 09:00:00
202400050181.0;3;54;54323;2;1;1.0;3.0;49.52317;5.77153;2024-06-11 01:50:00
202400050182.0;1;33;33063;2;6;1.0;6.0;44.841433;-0.547055;2024-12-03 08:20:00
202400050183.0;1;93;93078;1;1;1.0;2.0;48.96556765;2.5570295;2024-07-12 16:50:00
202400050184.0;1;35;35115;2;6;1.0;3.0;48.34736042;-1.18914932;2024-09-21 10:30:00
202400050185.0;1;51;51454;2;1;1.0;7.0;49.278855;4.028752;2024-06-09 15:45:00
202400050186.0;1;34;34332;1;2;1.0;3.0;43.301241;3.41522;2024-10-27 12:30:00
202400050187.0;5;31;31555;2;1;1.0;6.0;43.60537;1.427881;2024-12-03 20:00:00
202400050188.0;3;93;93010;1;1;1.0;6.0;48.90625339;2.47214056;2024-07-12 23:45:00
202400050189.0;1;15;15012;2;1;1.0;2.0;44.9051;2.45239;2024-08-15 18:05:00
202400050190.0;5;33;33063;2;4;1.0;1.0;44.81725;-0.54851;2024-09-22 23:20:00
202400050191.0;1;31;31555;2;1;2.0;2.0;43.606547;1.4558271;2024-12-03 11:45:00
202400050192.0;1;50;50218;2;1;1.0;6.0;48.8379;-1.587447;2024-06-10 14:25:00
202400050193.0;3;68;68374;1;1;1.0;5.0;48.066795;7.248187;2024-10-27 17:40:00
202400050194.0;1;95;95018;1;1;1.0;5.0;48.95845019;2.27428978;2024-05-03 19:40:00
202400050195.0;5;30;30007;2;9;1.0;6.0;44.1344;4.07703;2024-12-01 17:50:00
202400050196.0;1;39;39474;1;1;1.0;7.0;46.614729;5.478071;2024-10-26 15:10:00
202400050197.0;5;33;33063;2;2;2.0;2.0;44.83509;-0.57498;2024-09-22 01:40:00
202400050198.0;1;47;47323;2;6;1.0;6.0;44.40301;0.70358;2024-06-09 11:45:00
202400050199.0;4;988;98818;2;1;1.0;6.0;-22.24882;166.45428;2024-07-12 19:30:00
202400050200.0;2;14;14101;1;1;1.0;2.0;49.16406;-0.42793;2024-08-17 21:00:00
202400050201.0;1;25;25202;1;1;1.0;2.0;46.867204;6.176891;2024-10-27 16:45:00
202400050202.0;1;974;97411;2;1;1.0;3.0;-20.88661;55.48699;2024-07-12 07:35:00
202400050203.0;5;25;25056;2;1;1.0;2.0;47.26095;6.03321;2024-09-22 06:10:00
202400050204.0;1;42;42187;2;1;1.0;6.0;46.03902;4.06292;2024-06-10 06:35:00
202400050205.0;2;44;44013;1;1;5.0;4.0;47.407673;-2.093539;2024-10-28 08:00:00
202400050206.0;5;974;97411;2;1;1.0;6.0;-20.8739;55.44661;2024-07-11 19:40:00
202400050207.0;5;27;27562;2;1;1.0;6.0;49.0975;1.45697;2024-12-03 18:15:00
202400050208.0;5;11;11069;2;2;1.0;5.0;43.21644;2.35;2024-08-17 21:40:00
202400050209.0;1;44;44211;2;6;1.0;1.0;47.350963;-2.508595;2024-09-12 09:50:00
202400050210.0;1;22;22113;2;2;1.0;3.0;48.76164;-3.47913;2024-09-20 16:35:00
202400050211.0;1;974;97409;1;1;1.0;6.0;-20.94375;55.64934;2024-07-12 07:40:00
202400050212.0;3;26;26252;1;1;1.0;5.0;44.86922;4.89656;2024-12-03 20:30:00
202400050213.0;1;40;40192;2;1;1.0;5.0;43.89205;-0.48185;2024-06-07 19:40:00
202400050214.0;1;7;7008;1;1;1.0;2.0;44.70725;4.64389;2024-08-16 08:30:00
202400050215.0;1;18;18033;2;3;1.0;7.0;47.07198;2.37902;2024-09-21 10:00:00
202400050216.0;1;973;97302;2;3;1.0;3.0;4.92688018;-52.30351549;2024-07-12 18:05:00
202400050217.0;5;25;25204;2;6;2.0;3.0;46.92553;6.34375;2024-12-02 17:45:00
202400050218.0;3;44;44081;1;1;1.0;5.0;46.907445;-1.559361;2024-10-26 19:50:00
202400050219.0;1;17;17306;1;6;3.0;7.0;45.643;-1.048;2024-09-22 08:45:00
202400050220.0;1;38;38563;2;3;1.0;3.0;45.36231;5.59456;2024-06-10 09:07:00
202400050221.0;5;25;25056;2;1;1.0;6.0;47.262237;6.039563;2024-12-03 03:57:00
202400050222.0;2;16;16358;1;1;2.0;7.0;45.67363;0.14432;2024-09-22 07:55:00
202400050223.0;1;973;97302;2;2;1.0;3.0;4.93592;-52.32975;2024-07-12 12:20:00
202400050224.0;1;6;6088;2;2;1.0;3.0;43.722909;7.290122;2024-08-17 13:48:00
202400050225.0;5;38;38185;2;1;1.0;7.0;45.18641;5.71855;2024-06-01 02:09:00
202400050226.0;1;44;44056;1;1;1.0;1.0;47.426806;-1.798695;2024-10-27 16:07:00
202400050227.0;3;22;22106;2;3;1.0;3.0;48.50039971;-2.73599043;2024-12-03 07:47:00
202400050228.0;1;4;4070;1;1;1.0;7.0;44.07473;6.18347;2024-08-17 16:05:00
202400050229.0;1;972;97213;2;1;1.0;3.0;14.62071;-61.02031;2024-07-12 13:50:00
202400050230.0;1;37;37261;2;2;7.0;6.0;47.41739772;0.6910564;2024-06-10 08:00:00
202400050231.0;1;13;13019;1;3;1.0;3.0;43.44213;5.36124;2024-09-20 17:50:00
202400050232.0;1;75;75117;2;3;3.0;6.0;48.890109;2.303804;2024-08-17 18:00:00
202400050233.0;1;29;29162;1;3;1.0;3.0;48.2062991;-3.98272106;2024-10-27 13:50:00
202400050234.0;1;69;69149;2;3;1.0;3.0;45.71974;4.80078;2024-07-12 19:30:00
202400050235.0;3;15;15012;2;1;1.0;4.0;44.89411;2.44027;2024-12-03 17:55:00
202400050236.0;1;13;13207;2;3;1.0;3.0;43.28914;5.35462;2024-09-22 15:00:00
202400050237.0;5;75;75116;2;1;2.0;3.0;48.85431065;2.24203992;2024-08-17 20:50:00
202400050238.0;1;15;15014;2;1;1.0;7.0;44.90082;2.43585;2024-12-03 13:05:00
202400050239.0;1;35;35238;2;3;7.0;1.0;48.09868;-1.65425;2024-06-10 19:17:00
202400050240.0;2;31;31561;2;1;2.0;6.0;43.658796;1.468186;2024-10-28 19:05:00
202400050241.0;5;971;97113;1;9;1.0;2.0;16.21822;-61.50752;2024-07-11 23:30:00
202400050242.0;5;75;75115;2;1;3.0;3.0;48.836611;2.267634;2024-08-17 22:45:00
202400050243.0;5;13;13213;2;1;1.0;1.0;43.32777;5.42724;2024-09-22 06:04:00
202400050244.0;2;45;45186;1;1;5.0;7.0;48.04619;2.516373;2024-10-24 07:50:00
202400050245.0;5;13;13071;2;4;1.0;1.0;43.41;5.3;2024-12-03 21:05:00
202400050246.0;1;75;75115;2;1;2.0;7.0;48.852021;2.29349;2024-08-17 11:30:00
202400050247.0;3;21;21545;1;1;1.0;6.0;47.875195;4.546173;2024-10-27 20:20:00
202400050248.0;1;35;35238;2;4;1.0;5.0;48.1089;-1.65426;2024-06-10 12:15:00
202400050249.0;1;971;97113;1;1;1.0;3.0;16.22748;-61.51364;2024-07-10 06:30:00
202400050250.0;1;13;13210;2;2;1.0;2.0;43.27935;5.39929;2024-09-17 12:26:00
202400050251.0;1;13;13005;2;1;1.0;1.0;43.2927;5.59109;2024-11-23 15:00:00
202400050252.0;5;13;13208;2;1;1.0;3.0;43.2763;5.38882;2024-09-22 02:09:00
202400050253.0;5;33;33441;2;1;1.0;6.0;45.131903;-0.64616;2024-10-26 02:16:00
202400050254.0;2;11;11069;2;1;1.0;7.0;43.21718;2.35209;2024-12-02 07:35:00
202400050255.0;1;75;75114;2;3;1.0;2.0;48.8214;2.33437;2024-08-16 11:40:00
202400050256.0;1;35;35238;2;1;1.0;2.0;48.10018;-1.65025;2024-06-10 10:00:00
202400050257.0;1;95;95218;2;6;1.0;2.0;49.01672634;2.0986864;2024-07-12 19:00:00
202400050258.0;3;69;69086;1;1;1.0;6.0;45.85411284;4.65181259;2024-10-27 17:45:00
202400050259.0;4;31;31555;2;9;1.0;6.0;43.65441943;1.42293066;2024-06-09 02:16:00
202400050260.0;1;10;10343;2;3;1.0;3.0;48.28071;4.09682;2024-12-02 15:00:00
202400050261.0;1;91;91161;2;1;1.0;1.0;48.71317;2.29802;2024-07-01 19:00:00
202400050262.0;1;75;75110;2;3;3.0;3.0;48.87795;2.351584;2024-08-17 17:25:00
202400050263.0;2;6;6088;2;3;2.0;3.0;43.70585;7.30114;2024-09-22 20:20:00
202400050264.0;1;6;6029;2;1;1.0;6.0;43.54717;7.04578;2024-12-02 16:55:00
202400050265.0;1;45;45154;1;1;8.0;2.0;47.980111;1.859203;2024-10-27 14:05:00
202400050266.0;1;30;30028;2;1;1.0;3.0;44.1748;4.62001;2024-06-10 19:30:00
202400050267.0;1;84;84087;2;2;1.0;3.0;44.1523;4.8029;2024-07-09 17:30:00
202400050268.0;1;6;6088;2;3;1.0;3.0;43.71507;7.27206;2024-09-22 18:00:00
202400050269.0;2;3;3185;2;2;1.0;6.0;46.32809;2.60873;2024-12-03 08:05:00
202400050270.0;1;94;94081;2;3;3.0;3.0;48.794819;2.418612;2024-08-17 18:50:00
202400050271.0;1;84;84007;2;1;1.0;3.0;43.943;4.812;2024-07-12 09:59:00
202400050272.0;1;13;13051;1;1;1.0;4.0;43.5736719;5.21358944;2024-10-25 11:00:00
202400050273.0;1;1;1053;2;1;1.0;6.0;46.22113;5.24413;2024-12-03 14:39:00
202400050274.0;1;94;94042;2;1;2.0;6.0;48.818404;2.479074;2024-08-17 12:00:00
202400050275.0;1;5;5023;2;9;8.0;3.0;44.90392;6.63028;2024-09-21 10:11:00
202400050276.0;5;75;75112;2;1;1.0;2.0;48.834557;2.410471;2024-12-03 18:45:00
202400050277.0;1;84;84007;2;9;1.0;3.0;43.935632;4.829172;2024-07-11 11:20:00
202400050278.0;1;94;94046;2;1;3.0;4.0;48.80444;2.44355;2024-08-17 19:15:00
202400050279.0;1;75;75117;2;4;1.0;3.0;48.8816766;2.28282273;2024-09-21 13:30:00
202400050280.0;5;971;97117;2;1;1.0;6.0;16.331764;-61.345457;2024-10-27 20:00:00
202400050281.0;5;75;75113;2;1;8.0;7.0;48.82081134;2.37724793;2024-09-20 02:38:00
202400050282.0;5;83;83129;2;6;1.0;3.0;43.10131;5.82302;2024-07-12 22:00:00
202400050283.0;5;93;93032;2;1;1.0;3.0;48.89381;2.54192;2024-08-16 22:15:00
202400050284.0;1;75;75119;2;2;2.0;3.0;48.887799;2.389287;2024-12-03 13:58:00
202400050285.0;5;84;84065;1;1;1.0;6.0;43.746592;5.304615;2024-10-15 20:10:00
202400050286.0;1;93;93029;2;1;2.0;6.0;48.92809517;2.43676844;2024-08-17 15:30:00
202400050287.0;5;75;75105;2;4;1.0;3.0;48.841226;2.343633;2024-09-21 23:20:00
202400050288.0;5;75;75120;2;7;8.0;6.0;48.877604;2.408457;2024-12-02 23:10:00
202400050289.0;1;80;80724;2;9;8.0;1.0;49.86;2.24;2024-07-12 19:17:00
202400050290.0;1;974;97415;1;1;1.0;1.0;-21.017354;55.253935;2024-08-18 06:55:00
202400050291.0;1;71;71176;2;9;1.0;4.0;46.472847;4.002725;2024-10-26 10:50:00
202400050292.0;1;75;75119;2;3;2.0;3.0;48.887801;2.389267;2024-09-22 14:47:00
202400050293.0;5;75;75106;2;3;2.0;6.0;48.846257;2.324193;2024-12-03 17:05:00
202400050294.0;2;68;68132;1;1;1.0;1.0;47.601114;7.397195;2024-10-18 18:40:00
202400050295.0;1;35;35126;2;3;1.0;1.0;47.971063;-1.793969;2024-08-17 19:15:00
202400050296.0;1;80;80379;2;1;1.0;7.0;49.86623;2.37348;2024-07-11 17:20:00
202400050297.0;5;75;75110;2;2;2.0;3.0;48.88385;2.36862;2024-09-22 04:50:00
202400050298.0;1;3;3113;1;1;1.0;7.0;46.010354;3.63714;2024-10-27 17:00:00
202400050299.0;1;80;80021;2;1;1.0;6.0;49.8771;2.33173;2024-07-11 16:05:00
202400050300.0;1;75;75116;2;1;1.0;2.0;48.876524;2.275198;2024-12-03 16:45:00
202400050301.0;1;75;75117;2;2;1.0;3.0;48.88663264;2.31309611;2024-09-22 17:05:00
202400050302.0;1;42;42122;1;1;1.0;5.0;45.57515;4.049031;2024-10-28 13:25:00
202400050303.0;1;75;75116;2;1;1.0;2.0;48.860164;2.263554;2024-12-03 13:17:00
202400050304.0;1;80;80021;2;1;1.0;4.0;49.87085;2.31226;2024-07-10 17:50:00
202400050305.0;1;69;69181;1;1;1.0;6.0;45.97018059;4.42054656;2024-10-27 15:30:00
202400050306.0;1;75;75117;2;3;1.0;3.0;48.895796;2.324457;2024-09-22 17:25:00
202400050307.0;5;75;75115;2;2;1.0;3.0;48.850915;2.292589;2024-12-03 17:40:00
202400050308.0;1;71;71090;1;1;8.0;2.0;46.20794053;4.78275418;2024-08-18 07:45:00
202400050309.0;1;75;75117;2;3;1.0;7.0;48.883245;2.325333;2024-09-21 19:30:00
202400050310.0;1;76;76681;2;3;2.0;3.0;49.40321;1.11171;2024-07-12 13:30:00
202400050311.0;1;19;19146;2;1;2.0;1.0;45.317264;1.75917;2024-10-26 16:40:00
202400050312.0;1;75;75114;2;2;8.0;3.0;48.829591;2.328405;2024-12-03 09:30:00
202400050313.0;1;52;52200;1;9;2.0;2.0;47.79243334;5.22369659;2024-08-18 07:57:00
202400050314.0;2;75;75117;2;3;1.0;3.0;48.884471;2.2871;2024-09-21 19:45:00
202400050315.0;1;86;86026;1;1;1.0;6.0;47.06579;0.16304;2024-10-23 15:20:00
202400050316.0;1;76;76217;2;1;1.0;3.0;49.92091;1.06756;2024-07-11 17:45:00
202400050317.0;5;75;75107;2;1;9.0;7.0;48.86241892;2.31;2024-12-02 17:57:00
202400050318.0;5;75;75115;2;1;3.0;1.0;48.844016;2.275434;2024-09-22 21:00:00
202400050319.0;3;86;86297;1;1;1.0;6.0;46.560559;0.266816;2024-10-27 18:40:00
202400050320.0;1;12;12033;2;2;1.0;3.0;44.463436;2.727259;2024-08-17 18:00:00
202400050321.0;5;94;94041;2;1;1.0;6.0;48.81211;2.39719;2024-12-03 17:30:00
202400050322.0;3;60;60045;1;1;1.0;6.0;49.21368;2.649347;2024-10-27 20:00:00
202400050323.0;2;75;75115;2;2;2.0;7.0;48.838615;2.305227;2024-09-22 08:00:00
202400050324.0;1;73;73011;2;6;3.0;5.0;45.66568968;6.3679474;2024-07-12 15:07:00
202400050325.0;3;30;30070;1;1;2.0;7.0;44.231206;4.600954;2024-08-18 04:03:00
202400050326.0;1;59;59572;1;1;1.0;7.0;50.156102;4.103082;2024-10-27 14:50:00
202400050327.0;1;72;72003;2;1;1.0;3.0;47.9486;0.16218;2024-07-12 12:25:00
202400050328.0;5;94;94071;2;9;2.0;3.0;48.77135;2.52372;2024-12-03 06:30:00
202400050329.0;1;57;57077;1;1;1.0;7.0;48.737314;6.611109;2024-08-17 16:25:00
202400050330.0;5;75;75115;2;7;1.0;3.0;48.83649;2.306486;2024-09-21 21:50:00
202400050331.0;1;13;13215;1;1;1.0;2.0;43.37536866;5.36024259;2024-10-27 16:50:00
202400050332.0;2;72;72181;2;3;2.0;1.0;48.00559;0.23476;2024-07-10 21:35:00
202400050333.0;2;93;93073;1;9;1.0;3.0;49.00510216;2.55764007;2024-12-03 17:00:00
202400050334.0;5;13;13212;1;1;1.0;1.0;43.2947;5.42615;2024-10-27 07:45:00
202400050335.0;1;2B;2B283;1;1;1.0;1.0;41.874778;9.396304;2024-08-17 15:20:00
202400050336.0;1;71;71040;2;1;1.0;2.0;46.70258;4.39908;2024-07-12 18:10:00
202400050337.0;5;75;75115;2;4;1.0;3.0;48.845766;2.309518;2024-09-21 21:15:00
202400050338.0;3;13;13056;1;1;1.0;7.0;43.39403749;5.06415892;2024-10-26 22:55:00
202400050339.0;1;80;80601;1;1;1.0;6.0;49.98187026;3.00005078;2024-08-18 07:00:00
202400050340.0;2;93;93070;2;1;2.0;6.0;48.90624645;2.33190935;2024-12-03 15:30:00
202400050341.0;1;69;69029;2;1;1.0;6.0;45.7379454;4.91726384;2024-07-12 18:00:00
202400050342.0;5;75;75114;2;3;2.0;2.0;48.82386;2.3257;2024-09-22 01:45:00
202400050343.0;1;93;93066;2;1;8.0;6.0;48.92596;2.35519;2024-12-03 11:30:00
202400050344.0;3;13;13019;1;1;3.0;2.0;43.42697225;5.38235892;2024-10-26 18:20:00
202400050345.0;3;82;82144;1;1;1.0;1.0;44.16726;1.358684;2024-08-17 21:20:00
202400050346.0;1;69;69290;2;2;1.0;3.0;45.71573;4.96176;2024-07-11 17:35:00
202400050347.0;5;75;75113;2;4;2.0;6.0;48.824716;2.346647;2024-09-22 19:35:00
202400050348.0;1;55;55150;1;1;1.0;7.0;48.598512;5.494124;2024-08-17 20:30:00
202400050349.0;1;93;93048;2;1;1.0;3.0;48.86879309;2.46144605;2024-12-03 12:55:00
202400050350.0;1;68;68066;2;1;1.0;6.0;48.07833;7.32721;2024-07-11 11:10:00
202400050351.0;3;91;91659;1;1;1.0;6.0;48.58264;2.45708;2024-10-26 22:49:00
202400050352.0;1;64;64122;2;1;1.0;7.0;43.48158282;-1.54233053;2024-06-22 16:55:00
202400050353.0;1;75;75102;2;3;1.0;3.0;48.871099;2.33481467;2024-09-22 18:04:00
202400050354.0;1;12;12138;2;3;1.0;1.0;44.477244;2.454575;2024-08-17 16:40:00
202400050355.0;1;93;93032;2;1;1.0;3.0;48.88341;2.52898;2024-12-03 12:40:00
202400050356.0;1;68;68307;1;1;8.0;3.0;47.81462001;6.8614222;2024-08-18 11:40:00
202400050357.0;1;75;75102;2;2;8.0;3.0;48.868887;2.338521;2024-09-22 17:30:00
202400050358.0;1;63;63113;2;2;1.0;3.0;45.76958;3.08667;2024-07-12 15:58:00
202400050359.0;1;95;95127;1;1;1.0;4.0;49.045297;2.07466543;2024-10-27 13:15:00
202400050360.0;1;93;93029;2;1;8.0;6.0;48.91523836;2.44173936;2024-12-03 12:25:00
202400050361.0;1;22;22266;2;1;1.0;1.0;48.230984;-3.321927;2024-08-17 17:10:00
202400050362.0;3;93;93001;1;1;1.0;6.0;48.92093891;2.37311125;2024-10-27 04:30:00
202400050363.0;5;94;94081;2;1;2.0;1.0;48.79584;2.41083;2024-09-22 01:55:00
202400050364.0;1;62;62774;2;1;7.0;1.0;50.95972;1.82584;2024-07-11 12:20:00
202400050365.0;1;92;92073;2;1;2.0;7.0;48.87371006;2.21758269;2024-12-03 11:23:00
202400050366.0;3;93;93078;1;1;1.0;6.0;48.9591283;2.53599645;2024-10-26 06:25:00
202400050367.0;1;39;39096;2;1;1.0;6.0;47.260744;5.517816;2024-08-15 13:30:00
202400050368.0;5;94;94022;2;1;2.0;6.0;48.769061;2.421947;2024-09-22 21:33:00
202400050369.0;1;59;59574;2;1;1.0;6.0;50.35961;3.28122;2024-07-11 08:30:00
202400050370.0;1;72;72024;1;1;1.0;1.0;48.104955;0.15676;2024-08-18 18:15:00
202400050371.0;5;92;92064;2;3;1.0;1.0;48.84972473;2.22110063;2024-12-03 06:15:00
202400050372.0;5;93;93078;2;1;2.0;2.0;48.95648304;2.54162544;2024-09-22 20:00:00
202400050373.0;3;93;93007;1;1;1.0;3.0;48.93647421;2.48019188;2024-10-26 20:45:00
202400050374.0;1;92;92050;2;1;8.0;7.0;48.89481;2.19777;2024-12-02 08:15:00
202400050375.0;1;5;5045;1;1;1.0;3.0;44.53700521;6.47233128;2024-08-18 10:55:00
202400050376.0;1;58;58194;2;1;1.0;2.0;46.99589;3.1485;2024-07-12 08:20:00
202400050377.0;1;93;93072;2;1;1.0;1.0;48.95721;2.39607;2024-09-22 18:00:00
202400050378.0;3;93;93005;1;1;1.0;3.0;48.95709604;2.46168396;2024-10-26 06:00:00
202400050379.0;1;50;50342;1;1;1.0;6.0;49.649258;-1.244368;2024-08-18 16:15:00
202400050380.0;5;92;92036;2;1;8.0;3.0;48.92253113;2.32042797;2024-12-02 18:30:00
202400050381.0;1;55;55043;2;1;1.0;2.0;49.17429;5.38093;2024-07-10 16:55:00
202400050382.0;1;93;93050;2;2;1.0;3.0;48.85723092;2.53132405;2024-09-22 14:00:00
202400050383.0;1;50;50410;1;3;1.0;3.0;48.558365;-1.490541;2024-08-18 10:50:00
202400050384.0;1;55;55545;2;3;1.0;7.0;49.15813;5.38652;2024-07-10 09:20:00
202400050385.0;1;95;95277;1;1;1.0;5.0;48.97380183;2.48838243;2024-10-26 15:10:00
202400050386.0;5;93;93048;2;1;2.0;6.0;48.85565049;2.42268652;2024-09-22 20:20:00
202400050387.0;1;50;50106;1;1;1.0;6.0;49.183309;-1.141731;2024-08-18 12:45:00
202400050388.0;1;92;92024;2;3;1.0;3.0;48.90368243;2.31884636;2024-12-01 16:00:00
202400050389.0;1;93;93074;1;1;2.0;6.0;48.9346;2.60148;2024-09-22 12:30:00
202400050390.0;1;55;55545;2;1;2.0;2.0;49.14679158;5.3843089;2024-02-22 16:37:00
202400050391.0;3;93;93005;1;1;2.0;6.0;48.94047447;2.47890375;2024-10-26 05:25:00
202400050392.0;5;92;92009;2;9;9.0;3.0;48.90772912;2.26243494;2024-12-02 17:45:00
202400050393.0;1;93;93027;1;1;1.0;3.0;48.92614;2.39331;2024-09-21 17:20:00
202400050394.0;1;64;64546;2;1;1.0;7.0;43.4933938;-1.282745;2024-08-16 08:30:00
202400050395.0;1;54;54526;2;9;1.0;3.0;48.68689;6.21202;2024-07-12 21:05:00
202400050396.0;1;94;94046;1;1;1.0;3.0;48.8084579;2.44905207;2024-10-27 13:50:00
202400050397.0;2;64;64386;2;1;9.0;6.0;43.184687;-0.247257;2024-08-18 06:20:00