Num_Acc;lum;departement;commune;agglomeration;intersection;meteo;type_collision;lat;long;date
202400050398.0;3;76;76342;2;4;1.0;7.0;49.658787;0.561976;2024-12-03 17:45:00
202400050399.0;1;93;93010;2;1;1.0;6.0;48.91415831;2.48104888;2024-09-21 19:00:00
202400050400.0;1;51;51454;1;1;1.0;2.0;49.293171;4.028248;2024-07-11 13:44:00
202400050401.0;1;77;77514;1;1;1.0;6.0;48.94447931;2.62865058;2024-10-25 18:10:00
202400050402.0;3;38;38336;1;1;1.0;7.0;45.462606;4.835916;2024-12-03 18:15:00
202400050403.0;1;64;64452;1;1;1.0;2.0;43.283399;-0.065135;2024-08-17 14:53:00
202400050404.0;5;49;49007;2;1;1.0;3.0;47.47434;-0.55251;2024-07-12 23:55:00
202400050405.0;5;93;93007;2;2;2.0;3.0;48.92802;2.47967;2024-09-22 00:15:00
202400050406.0;1;10;10389;1;1;2.0;7.0;48.31424;4.523685;2024-08-18 15:15:00
202400050407.0;1;94;94028;1;1;1.0;3.0;48.80016151;2.4465547;2024-10-25 13:20:00
202400050408.0;1;92;92035;2;1;2.0;7.0;48.91295;2.25127;2024-09-22 10:43:00
202400050409.0;1;49;49267;1;1;1.0;2.0;47.47075;-0.51097;2024-07-12 14:23:00
202400050410.0;5;92;92012;2;1;2.0;6.0;48.83337;2.24272;2024-09-22 07:05:00
202400050411.0;4;1;1007;2;3;1.0;5.0;46.010074;5.363688;2024-12-04 18:25:00
202400050412.0;1;88;88383;2;1;1.0;1.0;48.00902995;6.58500016;2024-07-31 08:31:00
202400050413.0;1;36;36165;2;2;2.0;3.0;46.67887065;1.04403913;2024-08-17 14:10:00
202400050414.0;1;49;49353;1;1;1.0;2.0;47.453926;-0.49988;2024-07-12 14:05:00
202400050415.0;5;92;92012;2;1;2.0;3.0;48.83300586;2.24160366;2024-09-21 23:50:00
202400050416.0;1;88;88383;1;9;1.0;7.0;47.99703;6.57727;2024-07-28 13:00:00
202400050417.0;1;49;49007;2;1;1.0;2.0;47.471896;-0.542119;2024-07-11 17:00:00
202400050418.0;1;87;87147;2;1;3.0;6.0;45.628471;1.665909;2024-08-17 12:30:00
202400050419.0;1;83;83019;2;6;1.0;6.0;43.142808;6.336649;2024-12-04 10:27:00
202400050420.0;2;1;1207;1;1;3.0;3.0;45.988861;4.991508;2024-09-22 17:30:00
202400050421.0;1;74;74012;2;6;1.0;3.0;46.19406;6.2404;2024-08-26 10:30:00
202400050422.0;1;87;87064;1;1;8.0;6.0;45.735708;1.764459;2024-08-15 07:40:00
202400050423.0;1;45;45075;2;1;8.0;3.0;47.889266;1.836245;2024-07-12 10:00:00
202400050424.0;2;19;19123;2;1;5.0;3.0;45.16364099;1.56876639;2024-12-04 08:00:00
202400050425.0;1;30;30217;2;9;1.0;7.0;43.975947;4.680636;2024-09-23 08:11:00
202400050426.0;1;38;38151;2;3;1.0;6.0;45.1464;5.70495;2024-07-12 19:48:00
202400050427.0;1;30;30294;2;4;1.0;3.0;44.159676;4.118333;2024-08-16 08:40:00
202400050428.0;1;37;37122;2;4;1.0;3.0;47.33057;0.63712;2024-07-12 19:52:00
202400050429.0;1;41;41287;1;1;1.0;4.0;47.77196827;1.05911015;2024-09-13 10:20:00
202400050430.0;1;74;74305;2;3;8.0;5.0;46.21468;6.27313;2024-08-25 19:15:00
202400050431.0;1;82;82147;1;1;1.0;3.0;44.304272;1.879561;2024-12-04 14:30:00
202400050432.0;2;52;52320;2;8;2.0;3.0;48.052586;5.592964;2024-08-18 06:55:00
202400050433.0;1;2A;2A362;1;1;2.0;6.0;41.706209;9.332618;2024-09-22 08:45:00
202400050434.0;1;35;35238;2;6;1.0;2.0;48.08646;-1.66071;2024-07-12 18:15:00
202400050435.0;3;974;97409;1;1;1.0;6.0;-20.9443;55.64964;2024-06-22 00:45:00
202400050436.0;1;32;32335;1;1;1.0;7.0;43.737709;0.764108;2024-09-22 19:15:00
202400050437.0;1;69;69267;1;4;1.0;3.0;46.17954768;4.64170586;2024-05-25 16:30:00
202400050438.0;1;10;10053;1;1;1.0;2.0;48.314255;4.16399;2024-08-18 11:40:00
202400050439.0;3;974;97409;1;1;3.0;7.0;-20.94449;55.6499;2024-06-16 04:50:00
202400050440.0;1;35;35238;2;9;1.0;3.0;48.114;-1.63974;2024-07-12 08:45:00
202400050441.0;3;86;86082;1;1;1.0;6.0;46.280738;0.254847;2024-12-03 21:40:00
202400050442.0;2;973;97307;1;3;1.0;1.0;4.866147;-52.31123;2024-08-17 18:25:00
202400050443.0;1;71;71410;1;1;2.0;5.0;46.716981;5.0603;2024-09-22 13:23:00
202400050444.0;1;84;84043;1;1;1.0;6.0;44.019715;4.926124;2024-06-11 15:50:00
202400050445.0;1;34;34172;2;2;1.0;3.0;43.615605;3.856243;2024-07-12 17:46:00
202400050446.0;1;25;25453;1;2;1.0;3.0;47.232916;6.547616;2024-12-02 10:15:00
202400050447.0;5;987;98736;2;1;1.0;7.0;-17.54062;-149.55066;2024-10-26 02:30:00
202400050448.0;5;974;97411;2;2;1.0;6.0;-20.89628;55.49202;2024-10-26 19:40:00
202400050449.0;1;3;3075;1;1;1.0;4.0;46.219106;3.098971;2024-08-16 17:54:00
202400050450.0;5;31;31455;2;1;1.0;6.0;43.2570741;1.199055;2024-12-03 18:50:00
202400050451.0;5;973;97302;2;1;1.0;2.0;4.9356;-52.29512;2024-10-26 20:30:00
202400050452.0;2;973;97309;2;1;1.0;7.0;4.91012;-52.30814;2024-10-26 11:10:00
202400050453.0;5;63;63378;2;1;1.0;6.0;45.66585834;3.23687911;2024-09-22 20:50:00
202400050454.0;1;42;42279;2;4;1.0;5.0;45.499594;4.265061;2024-08-18 18:25:00
202400050455.0;1;38;38070;1;1;1.0;1.0;45.281356;5.922446;2024-11-23 13:30:00
202400050456.0;1;38;38261;1;3;8.0;1.0;45.681265;5.470344;2024-09-23 09:40:00
202400050457.0;5;973;97302;2;3;1.0;3.0;4.93302;-52.33282;2024-10-25 23:55:00
202400050458.0;1;39;39387;1;1;3.0;7.0;46.98221224;5.50612308;2024-08-18 14:25:00
202400050459.0;2;2;2610;1;1;5.0;1.0;49.382485;3.269039;2024-12-04 08:00:00
202400050460.0;1;1;1426;2;1;2.0;1.0;46.244826;5.383215;2024-09-22 17:10:00
202400050461.0;1;69;69387;2;3;1.0;1.0;45.73173;4.82419;2024-10-26 10:00:00
202400050462.0;5;3;3118;2;1;1.0;3.0;46.079636;3.201094;2024-12-03 21:20:00
202400050463.0;1;72;72165;1;1;3.0;3.0;48.0748327;0.45888907;2024-08-17 17:25:00
202400050464.0;1;14;14316;1;1;1.0;1.0;49.258037;-0.052995;2024-09-23 12:55:00
202400050465.0;1;69;69034;2;1;1.0;1.0;45.79086;4.87066;2024-10-25 14:45:00
202400050466.0;1;66;66172;2;6;7.0;3.0;42.714992;2.834655;2024-08-10 09:20:00
202400050467.0;1;9;9120;1;1;2.0;7.0;43.127703;1.122891;2024-09-22 12:50:00
202400050468.0;3;14;14520;2;3;8.0;1.0;49.135698;0.133687;2024-12-03 17:53:00
202400050469.0;5;95;95306;2;9;1.0;3.0;49.00469442;2.14552581;2024-10-26 20:20:00
202400050470.0;1;73;73128;2;6;1.0;2.0;45.71739;5.922204;2024-09-20 09:00:00
202400050471.0;1;50;50292;1;1;1.0;6.0;49.090633;-1.265552;2024-12-04 12:45:00
202400050472.0;1;62;62019;1;1;1.0;2.0;50.428999;2.713151;2024-08-18 08:50:00
202400050473.0;3;7;7134;1;1;2.0;6.0;44.501005;4.292822;2024-09-22 20:00:00
202400050474.0;3;45;45020;1;1;2.0;6.0;47.840357;1.674168;2024-08-18 02:20:00
202400050475.0;3;84;84080;1;9;2.0;7.0;44.05088;4.99863;2024-10-26 22:30:00
202400050476.0;1;7;7319;1;3;3.0;3.0;44.54271549;4.69122211;2024-09-22 18:52:00
202400050477.0;1;51;51160;1;1;2.0;7.0;48.913827;4.28875;2024-08-17 18:40:00
202400050478.0;3;30;30351;2;1;2.0;2.0;43.95607;4.78398;2024-10-26 20:20:00
202400050479.0;3;53;53124;1;3;5.0;1.0;47.84406442;-0.87125338;2024-09-23 06:45:00
202400050480.0;5;84;84007;2;1;2.0;6.0;43.92055;4.86433;2024-10-26 20:25:00
202400050481.0;1;77;77376;1;1;1.0;6.0;48.933778;2.764923;2024-08-18 14:15:00
202400050482.0;5;83;83129;2;6;2.0;3.0;43.11392;5.81164;2024-10-26 02:55:00
202400050483.0;1;85;85197;1;2;8.0;3.0;46.88599;-1.412612;2024-09-23 10:30:00
202400050484.0;2;80;80021;2;1;1.0;6.0;49.89151;2.31061;2024-10-25 18:12:00
202400050485.0;1;48;48119;1;1;1.0;6.0;44.479008;3.929675;2024-08-18 14:18:00
202400050486.0;4;78;78551;1;2;2.0;6.0;48.9395;2.09606;2024-10-27 02:25:00
202400050487.0;1;78;78621;2;2;2.0;6.0;48.782882;1.975459;2024-10-26 11:25:00
202400050488.0;4;77;77288;2;1;1.0;3.0;48.52868;2.65653;2024-10-26 21:20:00
202400050489.0;1;77;77288;2;1;1.0;3.0;48.54391;2.65333;2024-10-26 10:00:00
202400050490.0;3;77;77382;1;1;2.0;7.0;48.91136;2.88205;2024-10-26 05:59:00
202400050491.0;3;77;77186;1;1;2.0;6.0;48.37454;2.68784;2024-10-26 05:50:00
202400050492.0;5;73;73065;2;2;1.0;3.0;45.56708403;5.92974186;2024-10-26 03:00:00
202400050493.0;1;72;72181;2;6;2.0;3.0;48.0145;0.1611;2024-10-25 17:10:00
202400050494.0;3;69;69259;2;1;1.0;6.0;45.70752297;4.86765489;2024-10-26 05:20:00
202400050495.0;1;64;64102;2;6;3.0;7.0;43.487;-1.46853;2024-10-26 09:30:00
202400050496.0;1;63;63300;2;1;1.0;6.0;45.8938;3.11396;2024-10-26 15:15:00
202400050497.0;5;63;63113;2;6;2.0;6.0;45.7931252;3.09586465;2024-10-26 07:20:00
202400050498.0;1;62;62765;2;1;2.0;6.0;50.74651;2.25164;2024-10-22 14:15:00
202400050499.0;1;62;62642;2;1;1.0;1.0;50.44953;2.48114;2024-10-26 19:05:00
202400050500.0;1;59;59599;2;1;1.0;3.0;50.737463;3.165447;2024-10-25 15:40:00
202400050501.0;5;59;59143;2;1;1.0;6.0;50.67597;2.88989;2024-10-26 21:00:00
202400050502.0;5;54;54395;2;1;1.0;6.0;48.68562;6.19463;2024-10-26 19:25:00
202400050503.0;5;54;54323;2;1;1.0;6.0;49.51894;5.76057;2024-10-26 19:33:00
202400050504.0;1;49;49007;1;1;1.0;2.0;47.45627;-0.51602;2024-10-25 15:47:00
202400050505.0;1;45;45298;2;1;2.0;3.0;47.87835;1.85777;2024-10-26 09:50:00
202400050506.0;1;37;37233;2;1;8.0;7.0;47.39488;0.72164;2024-10-26 15:20:00
202400050507.0;3;35;35281;2;1;5.0;6.0;48.06894714;-1.7028527;2024-10-26 06:55:00
202400050508.0;4;31;31555;2;1;2.0;6.0;43.58654924;1.40625671;2024-10-26 19:58:00
202400050509.0;1;27;27306;2;9;2.0;6.0;49.011;1.177;2024-10-26 14:00:00
202400050510.0;5;19;19031;2;1;2.0;2.0;45.15342;1.53648;2024-10-26 19:30:00
202400050511.0;5;44;44109;2;1;2.0;6.0;47.23458;-1.56342;2024-01-01 02:28:00
202400050512.0;5;42;42218;2;2;1.0;3.0;45.43776;4.38748;2024-01-03 21:30:00
202400050513.0;1;37;37261;2;1;1.0;7.0;47.37772454;0.71438277;2024-01-04 10:05:00
202400050514.0;1;37;37261;2;6;8.0;6.0;47.41986112;0.71664762;2024-01-03 17:15:00
202400050515.0;1;35;35238;2;2;2.0;3.0;48.09455;-1.67452;2024-01-04 15:40:00
202400050516.0;3;35;35051;1;1;1.0;6.0;48.11147;-1.58644;2024-01-03 19:48:00
202400050517.0;1;35;35115;2;1;1.0;6.0;48.35414;-1.21279;2024-01-03 17:00:00
202400050518.0;1;34;34172;2;1;1.0;1.0;43.61324;3.8587;2024-01-04 08:10:00
202400050519.0;5;33;33039;1;1;1.0;5.0;44.82061;-0.54036;2024-01-04 02:20:00
202400050520.0;5;33;33529;1;3;1.0;3.0;44.61823;-1.1207;2024-01-04 18:22:00
202400050521.0;5;31;31555;2;6;1.0;3.0;43.56873;1.37532;2024-01-04 17:20:00
202400050522.0;1;29;29232;2;1;2.0;7.0;48.01803792;-4.10862197;2024-01-03 17:00:00
202400050523.0;3;29;29039;2;2;2.0;6.0;47.8814291;-3.91007366;2024-01-03 17:50:00
202400050524.0;5;29;29019;2;1;2.0;3.0;48.41069;-4.49092;2024-01-04 05:45:00
202400050525.0;5;28;28134;2;1;2.0;6.0;48.7368;1.34751;2024-01-04 17:50:00
202400050526.0;5;28;28134;2;1;2.0;3.0;48.72788;1.37159;2024-01-04 17:15:00
202400050527.0;1;973;97302;2;1;2.0;7.0;4.91443;-52.32092;2024-05-03 13:30:00
202400050528.0;1;27;27562;2;1;1.0;1.0;49.09741;1.44424;2024-01-04 12:20:00
202400050529.0;1;972;97213;1;1;1.0;2.0;14.61481;-61.0126;2024-05-04 11:40:00
202400050530.0;5;971;97101;1;1;1.0;3.0;16.25003;-61.4892;2024-05-03 18:35:00
202400050531.0;5;971;97120;2;2;1.0;3.0;16.24292;-61.53974;2024-05-03 19:40:00
202400050532.0;1;25;25462;2;1;1.0;3.0;46.90859;6.3414;2024-01-04 12:34:00
202400050533.0;1;95;95219;2;6;1.0;3.0;48.99249521;2.24858582;2024-05-04 14:20:00
202400050534.0;2;25;25056;2;8;2.0;1.0;47.2435;6.0304;2024-01-04 08:50:00
202400050535.0;1;91;91692;2;6;1.0;3.0;48.684;2.179;2024-05-03 14:45:00
202400050536.0;1;22;22113;2;1;1.0;6.0;48.73402;-3.46507;2024-01-04 16:10:00
202400050537.0;5;83;83062;2;1;1.0;6.0;43.14833;6.03697;2024-05-04 05:20:00
202400050538.0;1;17;17380;2;1;1.0;6.0;45.65232;-1.09004;2024-01-04 10:00:00
202400050539.0;5;83;83137;2;1;1.0;3.0;43.1092001;5.956756;2024-05-04 21:45:00
202400050540.0;5;14;14566;2;6;8.0;7.0;49.20121701;-0.39535654;2024-01-04 07:10:00
202400050541.0;3;81;81021;2;1;1.0;2.0;43.49496;2.35646;2024-05-04 00:30:00
202400050542.0;1;13;13071;2;6;1.0;3.0;43.40923;5.32479;2024-01-04 16:15:00
202400050543.0;3;81;81065;1;1;2.0;6.0;43.62887;2.21032;2024-05-04 04:40:00
202400050544.0;5;13;13213;2;9;1.0;1.0;43.31659;5.41012;2024-01-04 17:45:00
202400050545.0;1;13;13203;2;1;1.0;3.0;43.30496563;5.37998363;2024-01-04 09:40:00
202400050546.0;1;77;77335;1;1;1.0;5.0;48.95685;2.85553;2024-05-03 18:10:00
202400050547.0;1;11;11069;2;1;1.0;6.0;43.22469;2.33414;2024-01-03 15:45:00
202400050548.0;1;74;74010;2;1;1.0;6.0;45.90421;6.12448;2024-05-04 18:25:00
202400050549.0;1;7;7102;2;1;1.0;6.0;44.92386;4.86691;2024-01-04 11:15:00
202400050550.0;1;69;69290;2;1;2.0;3.0;45.68474;4.94418;2024-05-04 09:45:00
202400050551.0;1;7;7102;2;1;1.0;4.0;44.93179;4.87879;2024-01-03 09:20:00
202400050552.0;1;67;67482;2;1;1.0;3.0;48.56988;7.75431;2024-05-04 16:30:00
202400050553.0;5;75;75114;2;1;1.0;2.0;48.819133;2.329596;2024-01-04 18:50:00
202400050554.0;1;67;67218;2;1;1.0;3.0;48.5432;7.73608;2024-05-04 15:50:00
202400050555.0;1;67;67218;2;1;1.0;6.0;48.532;7.71;2024-05-04 06:55:00
202400050556.0;5;75;75113;2;1;1.0;4.0;48.826215;2.38778;2024-01-03 18:50:00
202400050557.0;5;75;75117;2;1;1.0;6.0;48.900188;2.320781;2024-01-03 01:50:00
202400050558.0;1;67;67482;2;3;1.0;3.0;48.5774;7.78555;2024-05-03 14:55:00
202400050559.0;1;75;75106;2;3;8.0;6.0;48.84923;2.325836;2024-01-04 12:25:00
202400050560.0;1;34;34172;2;1;1.0;1.0;43.6066;3.842;2024-03-28 13:15:00
202400050561.0;5;64;64122;2;1;1.0;7.0;43.4763;-1.54518;2024-05-04 22:23:00
202400050562.0;1;75;75119;2;1;1.0;7.0;48.881118;2.370471;2024-01-04 16:25:00
202400050563.0;5;33;33063;2;2;3.0;6.0;44.82883;-0.60993;2024-03-28 20:40:00
202400050564.0;1;64;64122;2;1;8.0;6.0;43.47995;-1.54143;2024-05-04 08:00:00
202400050565.0;1;75;75116;2;1;1.0;6.0;48.860562;2.290771;2024-01-04 15:15:00
202400050566.0;5;75;75116;2;1;1.0;7.0;48.83968296;2.2674247;2024-01-03 18:50:00
202400050567.0;1;33;33529;2;1;1.0;3.0;44.6267;-1.14147;2024-03-28 14:00:00
202400050568.0;1;64;64102;2;1;1.0;3.0;43.50115;-1.47925;2024-05-03 10:53:00
202400050569.0;5;75;75116;2;2;2.0;6.0;48.86684;2.289921;2024-01-03 18:32:00
202400050570.0;5;31;31555;2;6;1.0;3.0;43.589334;1.478793;2024-03-27 20:25:00
202400050571.0;1;59;59650;2;1;1.0;2.0;50.71728;3.20408;2024-05-04 13:30:00
202400050572.0;1;75;75116;2;2;2.0;3.0;48.836717;2.253683;2024-01-03 09:15:00
202400050573.0;1;30;30007;2;1;7.0;7.0;44.12005;4.07917;2024-03-28 08:30:00
202400050574.0;1;75;75116;2;3;1.0;6.0;48.83965054;2.26715764;2024-01-03 08:45:00
202400050575.0;5;59;59650;2;1;1.0;6.0;50.715661;3.193741;2024-05-04 03:00:00
202400050576.0;1;30;30007;2;1;1.0;7.0;44.13178;4.07836;2024-03-27 17:30:00
202400050577.0;1;75;75113;2;1;1.0;7.0;48.817095;2.344218;2024-01-04 11:50:00
202400050578.0;1;59;59183;2;1;1.0;6.0;51.046762;2.391727;2024-05-03 10:30:00
202400050579.0;1;29;29232;2;1;2.0;6.0;47.9927;-4.09142;2024-03-28 15:30:00
202400050580.0;1;75;75107;2;2;1.0;7.0;48.859931;2.310156;2024-01-04 15:50:00
202400050581.0;1;57;57463;2;1;1.0;6.0;49.109465;6.163353;2024-05-04 12:20:00
202400050582.0;1;29;29019;2;6;1.0;3.0;48.39133;-4.48838;2024-03-27 07:55:00
202400050583.0;1;56;56121;2;1;2.0;6.0;47.7586;-3.3775;2024-05-04 06:30:00
202400050584.0;1;75;75107;2;3;1.0;1.0;48.852376;2.326437;2024-01-04 12:40:00
202400050585.0;1;29;29019;2;6;2.0;3.0;48.389788;-4.473565;2024-03-25 11:30:00
202400050586.0;1;54;54184;1;1;1.0;3.0;48.71389;6.2418;2024-05-04 08:30:00
202400050587.0;5;94;94081;2;3;1.0;3.0;48.77224364;2.36796929;2024-01-04 19:30:00
202400050588.0;1;29;29019;2;1;1.0;2.0;48.390188;-4.489529;2024-03-25 08:08:00
202400050589.0;2;94;94067;2;3;2.0;6.0;48.84551;2.41758;2024-01-03 17:00:00
202400050590.0;2;54;54323;2;3;1.0;7.0;49.51643;5.77425;2024-05-03 20:47:00
202400050591.0;1;19;19031;2;1;8.0;5.0;45.15796;1.55381;2024-03-27 13:30:00
202400050592.0;1;49;49007;2;1;2.0;7.0;47.46153;-0.5168;2024-05-04 17:30:00
202400050593.0;5;94;94033;2;3;2.0;3.0;48.85383;2.47389;2024-01-03 23:15:00
202400050594.0;5;16;16102;2;3;2.0;6.0;45.684767;-0.328409;2024-03-28 23:10:00
202400050595.0;1;41;41018;2;3;2.0;3.0;47.58164;1.30753;2024-05-04 15:10:00
202400050596.0;1;94;94079;2;3;8.0;6.0;48.82263879;2.55142178;2024-01-03 15:45:00
202400050597.0;1;13;13054;2;1;1.0;3.0;43.4047;5.20355;2024-03-28 16:00:00
202400050598.0;1;39;39198;2;3;1.0;3.0;47.096601;5.486062;2024-04-29 16:00:00
202400050599.0;1;93;93072;2;1;1.0;1.0;48.945674;2.382717;2024-01-04 13:00:00
202400050600.0;2;13;13210;2;1;1.0;3.0;43.26814;5.41608;2024-03-28 19:10:00
202400050601.0;1;35;35238;2;5;1.0;6.0;48.13845222;-1.65864989;2024-05-04 11:45:00
202400050602.0;1;93;93066;2;7;1.0;3.0;48.92975757;2.35659957;2024-01-04 16:30:00
202400050603.0;3;13;13028;2;1;1.0;6.0;43.20147;5.62645;2024-03-28 22:45:00
202400050604.0;1;34;34172;2;1;1.0;3.0;43.60828;3.86866;2024-05-04 12:15:00
202400050605.0;1;93;93008;2;3;1.0;1.0;48.91227;2.44867;2024-01-04 08:46:00
202400050606.0;1;13;13005;2;1;1.0;2.0;43.27687;5.55459;2024-03-28 17:10:00
202400050607.0;3;34;34129;1;1;1.0;2.0;43.54414;3.89602;2024-05-04 05:10:00
202400050608.0;3;93;93007;2;1;2.0;3.0;48.950393;2.463945;2024-01-04 21:30:00
202400050609.0;1;13;13005;2;1;1.0;3.0;43.29513;5.5602;2024-03-27 17:10:00
202400050610.0;5;31;31555;2;2;2.0;3.0;43.60049;1.44564;2024-05-04 23:20:00
202400050611.0;1;13;13001;2;1;1.0;6.0;43.48552;5.34784;2024-03-28 17:30:00
202400050612.0;1;92;92020;2;1;1.0;2.0;48.81038;2.29925;2024-01-04 16:35:00
202400050613.0;5;31;31555;2;2;1.0;3.0;43.56362161;1.38693273;2024-05-04 21:30:00
202400050614.0;1;6;6029;2;9;1.0;6.0;43.55491;7.01722;2024-03-28 13:50:00
202400050615.0;1;31;31555;2;1;1.0;6.0;43.59703;1.42638;2024-05-04 17:18:00
202400050616.0;1;92;92071;2;1;1.0;1.0;48.78146;2.29335;2024-01-04 15:10:00
202400050617.0;1;6;6029;2;1;1.0;6.0;43.5511375;7.0306518;2024-03-27 12:30:00
202400050618.0;1;92;92012;2;2;1.0;6.0;48.84026584;2.23390326;2024-01-04 08:55:00
202400050619.0;1;2;2691;2;3;9.0;6.0;49.850505;3.269107;2024-03-28 08:10:00
202400050620.0;5;29;29019;2;6;2.0;3.0;48.41508;-4.479778;2024-05-04 23:36:00
202400050621.0;2;54;54110;1;1;2.0;1.0;48.69855207;6.33464813;2024-01-04 08:10:00
202400050622.0;3;17;17028;1;1;2.0;2.0;46.13889;-1.10468;2024-05-04 23:00:00
202400050623.0;1;1;1053;2;2;1.0;1.0;46.1954;5.2253;2024-03-28 13:05:00
202400050624.0;1;75;75114;2;1;1.0;2.0;48.82352;2.310358;2024-03-28 18:10:00
202400050625.0;1;14;14411;1;2;2.0;3.0;48.966843;-0.402262;2024-01-04 16:30:00
202400050626.0;1;13;13002;2;1;1.0;2.0;43.32918911;5.47719786;2024-05-04 12:30:00
202400050627.0;5;17;17094;2;1;2.0;6.0;46.07569;-1.09123;2024-01-04 18:20:00
202400050628.0;1;75;75113;2;1;1.0;2.0;48.820798;2.376664;2024-03-28 09:45:00
202400050629.0;1;21;21572;1;9;8.0;7.0;47.124848;5.387989;2024-01-05 08:50:00
202400050630.0;1;13;13201;2;1;1.0;3.0;43.29665;5.38132;2024-05-04 09:27:00
202400050631.0;1;75;75120;2;1;1.0;4.0;48.871428;2.413002;2024-03-27 14:45:00
202400050632.0;1;13;13208;2;1;1.0;4.0;43.25529491;5.37632206;2024-05-03 14:10:00
202400050633.0;1;75;75106;2;1;1.0;6.0;48.842927;2.330594;2024-03-28 11:38:00
202400050634.0;5;37;37261;1;1;8.0;2.0;47.38614458;0.70927488;2024-01-04 18:54:00
202400050635.0;1;11;11069;1;1;1.0;7.0;43.21285;2.26793;2024-05-04 08:50:00
202400050636.0;5;75;75119;2;2;1.0;1.0;48.881972;2.402535;2024-03-28 22:00:00
202400050637.0;1;83;83116;2;1;8.0;3.0;43.46274639;5.8562597;2024-01-02 14:55:00
202400050638.0;5;10;10362;2;4;2.0;3.0;48.3017;4.0347;2024-05-04 21:47:00
202400050639.0;1;972;97213;1;1;1.0;2.0;14.62382;-61.0188;2024-02-14 11:00:00
202400050640.0;1;2B;2B033;2;9;1.0;2.0;42.7031;9.44631;2024-02-14 15:40:00
202400050641.0;1;75;75119;2;3;1.0;2.0;48.891345;2.377825;2024-03-28 13:40:00
202400050642.0;1;10;10081;1;1;3.0;5.0;48.3216;4.0251;2024-05-04 18:55:00
202400050643.0;3;91;91617;1;1;8.0;5.0;48.65135;2.506803;2024-01-04 17:25:00
202400050644.0;1;971;97101;1;1;1.0;6.0;16.26547;-61.47689;2024-02-05 12:08:00
202400050645.0;1;2A;2A004;2;1;1.0;2.0;41.93232402;8.75610352;2024-02-14 10:20:00
202400050646.0;1;51;51287;2;1;1.0;6.0;49.086586;3.941742;2024-01-05 13:15:00
202400050647.0;1;10;10357;2;1;3.0;2.0;48.3016;4.1043;2024-05-04 18:45:00
202400050648.0;1;75;75118;2;3;1.0;2.0;48.895916;2.371412;2024-03-28 08:40:00
202400050649.0;5;95;95252;2;2;1.0;6.0;48.9794119;2.2334218;2024-02-16 00:05:00
202400050650.0;1;2A;2A130;2;1;1.0;2.0;41.881772;8.788244;2024-01-03 12:00:00
202400050651.0;1;75;75117;2;1;1.0;3.0;48.894026;2.312537;2024-03-27 13:10:00
202400050652.0;5;6;6088;2;1;1.0;3.0;43.6748;7.22331;2024-05-04 22:35:00
202400050653.0;3;95;95127;2;9;2.0;6.0;49.03514;2.08277;2024-02-15 02:03:00
202400050654.0;1;91;91687;2;2;1.0;3.0;48.6742;2.36557;2024-02-15 09:28:00
202400050655.0;1;6;6088;2;9;1.0;6.0;43.7081506;7.2834437;2024-05-04 14:41:00
202400050656.0;5;80;80443;2;1;2.0;6.0;49.846899;1.901509;2024-01-05 18:45:00
202400050657.0;1;91;91286;2;2;1.0;6.0;48.650934;2.371544;2024-02-15 08:30:00
202400050658.0;1;75;75115;2;2;1.0;3.0;48.84652;2.2854;2024-03-28 09:05:00
202400050659.0;3;76;76231;1;1;1.0;6.0;49.26636;0.99527;2024-02-15 21:00:00
202400050660.0;2;75;75106;2;2;1.0;3.0;48.852663;2.333157;2024-05-03 19:35:00
202400050661.0;1;76;76447;2;6;1.0;7.0;49.54709;0.18903;2024-02-14 13:35:00
202400050662.0;1;75;75114;2;2;1.0;1.0;48.841969;2.329571;2024-03-28 12:25:00
202400050663.0;5;72;72181;2;1;1.0;6.0;48.0121;0.1905;2024-02-15 05:00:00
202400050664.0;5;49;49259;1;3;2.0;3.0;47.364798;-0.631049;2024-01-02 18:36:00
202400050665.0;1;69;69259;2;1;1.0;6.0;45.7164;4.8827;2024-02-14 11:30:00
202400050666.0;1;69;69290;2;2;1.0;3.0;45.71773058;4.90932057;2024-02-14 07:40:00
202400050667.0;2;34;34142;2;1;2.0;6.0;43.732793;3.297979;2024-01-05 09:00:00
202400050668.0;1;75;75112;2;3;2.0;6.0;48.843088;2.3701;2024-03-28 16:50:00
202400050669.0;1;75;75107;2;3;1.0;3.0;48.85443354;2.33044571;2024-05-03 18:15:00
202400050670.0;2;69;69091;2;1;1.0;3.0;45.57305605;4.79332193;2024-01-31 07:25:00
202400050671.0;5;68;68066;2;1;1.0;6.0;48.08239;7.36983;2024-02-13 23:51:00
202400050672.0;1;34;34258;1;3;1.0;3.0;43.484592;3.18406;2024-01-03 12:55:00
202400050673.0;1;67;67482;2;1;1.0;6.0;48.5788;7.77309;2024-02-14 14:00:00
202400050674.0;1;4;4245;2;1;1.0;6.0;43.866359;5.842026;2024-08-17 15:50:00
202400050675.0;1;75;75119;2;1;1.0;2.0;48.89056;2.39639;2024-05-04 15:30:00
202400050676.0;1;34;34172;2;1;1.0;3.0;43.61363;3.82232;2024-07-12 12:40:00
202400050677.0;1;75;75112;2;3;1.0;3.0;48.843227;2.385347;2024-03-27 14:30:00
202400050678.0;3;39;39422;1;1;1.0;6.0;46.728967;5.558072;2024-01-04 18:55:00
202400050679.0;5;67;67218;2;3;1.0;6.0;48.54622;7.73938;2024-02-14 19:15:00
202400050680.0;5;67;67462;2;2;1.0;6.0;48.26314;7.44145;2024-02-11 20:20:00
202400050681.0;1;75;75117;2;3;1.0;6.0;48.893478;2.323402;2024-05-04 19:50:00
202400050682.0;1;34;34172;2;9;1.0;6.0;43.621789;3.874701;2024-07-12 09:50:00
202400050683.0;1;44;44025;2;1;1.0;6.0;47.414081;-1.972479;2024-01-05 15:40:00