Num_Acc;lum;departement;commune;agglomeration;intersection;meteo;type_collision;lat;long;date
202400050684.0;1;13;13067;1;1;1.0;1.0;43.781097;5.002636;2024-08-15 19:45:00
202400050685.0;1;75;75112;2;2;1.0;3.0;48.836222;2.402912;2024-03-27 08:45:00
202400050686.0;1;13;13119;2;1;1.0;3.0;43.26196;5.579022;2024-08-17 13:50:00
202400050687.0;2;64;64371;2;3;8.0;3.0;43.218305;-0.889227;2024-01-04 17:00:00
202400050688.0;1;34;34172;2;1;1.0;2.0;43.61421;3.91477;2024-07-11 16:23:00
202400050689.0;1;75;75107;2;1;1.0;6.0;48.851691;2.321705;2024-03-28 15:06:00
202400050690.0;5;75;75109;2;3;1.0;1.0;48.883422;2.329871;2024-05-04 02:13:00
202400050691.0;1;64;64445;2;1;1.0;3.0;43.3173;-0.36032;2024-02-15 15:45:00
202400050692.0;1;70;70446;1;1;8.0;1.0;47.488066;5.619602;2024-08-18 16:35:00
202400050693.0;1;34;34172;2;1;1.0;6.0;43.61996;3.86535;2024-07-11 08:50:00
202400050694.0;5;75;75109;2;3;1.0;6.0;48.879674;2.329226;2024-03-27 23:22:00
202400050695.0;1;27;27685;1;1;1.0;3.0;48.916496;0.758716;2024-09-23 10:16:00
202400050696.0;5;75;75102;2;3;1.0;6.0;48.870842;2.346735;2024-05-03 21:25:00
202400050697.0;1;36;36169;1;2;1.0;3.0;46.7345009;2.04570673;2024-01-05 13:15:00
202400050698.0;1;34;34032;2;1;1.0;6.0;43.33424;3.24779;2024-07-11 20:45:00
202400050699.0;2;64;64129;2;1;8.0;6.0;43.30528;-0.40124;2024-02-15 07:25:00
202400050700.0;1;68;68174;2;1;1.0;2.0;47.682101;7.394813;2024-08-17 12:00:00
202400050701.0;1;32;32013;1;9;8.0;7.0;43.63651;0.56192;2024-07-12 07:50:00
202400050702.0;3;17;17327;1;1;2.0;7.0;46.074496;-0.592296;2024-09-22 05:50:00
202400050703.0;1;94;94073;2;1;1.0;2.0;48.76607;2.38986;2024-03-28 09:00:00
202400050704.0;5;7;7110;2;1;1.0;7.0;44.475407;4.22435;2024-01-04 20:30:00
202400050705.0;1;75;75107;2;2;1.0;6.0;48.857359;2.30993;2024-05-04 18:17:00
202400050706.0;1;64;64445;2;3;1.0;3.0;43.32725;-0.34095;2024-02-14 17:35:00
202400050707.0;1;48;48080;1;1;2.0;7.0;44.699806;3.868175;2024-09-23 10:45:00
202400050708.0;1;67;67240;2;2;1.0;2.0;48.611271;7.497203;2024-08-16 15:35:00
202400050709.0;1;30;30007;2;1;1.0;3.0;44.12887;4.07914;2024-07-12 07:10:00
202400050710.0;2;94;94011;2;1;2.0;3.0;48.76665824;2.48776227;2024-03-26 18:30:00
202400050711.0;1;17;17140;2;1;1.0;6.0;45.906887;-1.260915;2024-01-05 10:45:00
202400050712.0;1;63;63113;2;1;1.0;6.0;45.77663286;3.08172673;2024-02-15 14:47:00
202400050713.0;1;75;75115;2;3;2.0;6.0;48.841545;2.318197;2024-05-04 11:30:00
202400050714.0;5;30;30007;2;1;1.0;3.0;44.13;4.077;2024-06-10 23:00:00
202400050715.0;1;30;30007;2;1;1.0;2.0;44.1215;4.07719;2024-07-11 14:35:00
202400050716.0;3;48;48016;1;1;2.0;2.0;44.49541;3.462787;2024-09-23 06:20:00
202400050717.0;1;94;94028;2;1;2.0;2.0;48.77611;2.45774;2024-03-26 10:15:00
202400050718.0;1;73;73054;1;3;1.0;3.0;45.59068407;6.78774807;2024-08-16 18:30:00
202400050719.0;1;48;48032;1;1;8.0;1.0;44.632522;3.2458;2024-01-05 10:45:00
202400050720.0;1;62;62737;2;2;1.0;3.0;50.44435;2.68347;2024-02-15 15:10:00
202400050721.0;1;28;28134;2;1;1.0;1.0;48.72982;1.38328;2024-06-09 20:58:00
202400050722.0;1;93;93055;2;1;1.0;3.0;48.888311;2.406379;2024-03-28 08:52:00
202400050723.0;2;52;52060;1;1;4.0;7.0;47.93459914;5.72170138;2024-01-03 17:00:00
202400050724.0;5;75;75107;2;3;1.0;2.0;48.85905993;2.29326457;2024-05-04 00:30:00
202400050725.0;5;59;59367;2;1;1.0;6.0;50.68143;3.21593;2024-02-15 18:50:00
202400050726.0;1;26;26362;1;3;1.0;1.0;44.94095;4.95746;2024-07-09 07:45:00
202400050727.0;5;42;42211;1;1;1.0;6.0;45.556789;4.23082;2024-08-18 05:15:00
202400050728.0;2;49;49228;1;2;8.0;4.0;47.44858;0.077934;2024-09-23 07:10:00
202400050729.0;3;46;46086;1;1;2.0;6.0;44.96624;1.515341;2024-01-02 05:00:00
202400050730.0;2;59;59328;2;2;2.0;6.0;50.64585;3.01768;2024-02-15 08:00:00
202400050731.0;1;38;38364;1;1;1.0;7.0;45.04439;5.8269;2024-08-17 13:52:00
202400050732.0;5;75;75101;2;3;1.0;6.0;48.862229;2.337049;2024-05-04 22:30:00
202400050733.0;1;27;27562;1;2;1.0;6.0;49.08726;1.43539;2024-06-10 08:30:00
202400050734.0;1;93;93047;2;3;1.0;3.0;48.89819;2.55638;2024-03-28 08:15:00
202400050735.0;1;23;23096;2;1;1.0;3.0;46.1676;1.8699;2024-07-11 10:00:00
202400050736.0;1;973;97309;2;1;1.0;3.0;4.925068;-52.28569;2024-09-23 12:20:00
202400050737.0;1;59;59648;2;1;1.0;3.0;50.576932;3.049077;2024-02-15 08:10:00
202400050738.0;1;7;7182;1;1;1.0;6.0;44.629092;4.308888;2024-08-18 15:45:00
202400050739.0;1;78;78010;2;1;1.0;6.0;48.913633;1.919485;2024-01-04 12:15:00
202400050740.0;1;25;25056;2;6;1.0;3.0;47.23791;5.99448;2024-06-10 09:55:00
202400050741.0;1;75;75104;2;3;8.0;6.0;48.856972;2.353938;2024-05-04 10:50:00
202400050742.0;1;93;93007;2;2;1.0;3.0;48.94545;2.44566;2024-03-28 12:45:00
202400050743.0;5;17;17300;2;1;1.0;1.0;46.159;-1.155;2024-07-12 22:23:00
202400050744.0;1;6;6004;1;4;1.0;6.0;43.602549;7.078328;2024-01-03 14:50:00
202400050745.0;2;54;54323;2;1;1.0;3.0;49.53226;5.76432;2024-02-15 18:05:00
202400050746.0;1;69;69296;1;1;1.0;1.0;45.643666;4.824564;2024-08-16 18:15:00
202400050747.0;5;75;75101;2;1;1.0;3.0;48.859581;2.335607;2024-05-03 21:40:00
202400050748.0;1;93;93007;2;1;2.0;6.0;48.93675;2.45839;2024-03-28 09:20:00
202400050749.0;1;13;13056;2;1;1.0;1.0;43.39941;5.05623;2024-06-10 19:40:00
202400050750.0;1;54;54036;1;1;1.0;6.0;49.29219;6.00174;2024-02-15 11:00:00
202400050751.0;1;971;97103;2;1;1.0;5.0;16.257886;-61.615508;2024-09-22 06:45:00
202400050752.0;1;38;38397;1;1;3.0;6.0;45.23225292;5.83261564;2024-01-05 09:10:00
202400050753.0;1;69;69299;1;1;8.0;7.0;45.73017804;5.10271773;2024-08-17 16:45:00
202400050754.0;1;92;92048;2;9;1.0;7.0;48.7844;2.22503;2024-03-28 18:25:00
202400050755.0;1;17;17299;2;2;1.0;3.0;45.9362;-0.96227;2024-07-12 19:00:00
202400050756.0;1;94;94076;2;1;1.0;6.0;48.804712;2.366388;2024-05-03 16:40:00
202400050757.0;1;973;97357;2;1;1.0;6.0;4.274523;-54.381364;2024-09-22 18:30:00
202400050758.0;1;13;13209;2;1;1.0;3.0;43.23424;5.40641;2024-06-10 17:15:00
202400050759.0;5;51;51454;2;6;1.0;6.0;49.22492;4.0185;2024-02-15 18:40:00
202400050760.0;1;34;34022;2;1;1.0;3.0;43.667468;4.014594;2024-01-05 16:00:00
202400050761.0;1;65;65031;1;1;1.0;7.0;42.926899;0.293316;2024-08-18 15:30:00
202400050762.0;1;94;94041;2;1;2.0;3.0;48.80744523;2.39035038;2024-05-04 10:50:00
202400050763.0;1;92;92044;2;1;1.0;6.0;48.89694228;2.29555607;2024-03-27 18:40:00
202400050764.0;1;21;21609;1;6;1.0;7.0;47.207259;5.303889;2024-01-04 08:10:00
202400050765.0;2;13;13002;2;3;1.0;3.0;43.33441;5.4667;2024-07-12 19:40:00
202400050766.0;1;34;34151;1;1;1.0;1.0;43.642411;4.138756;2024-09-20 09:00:00
202400050767.0;1;13;13210;2;1;1.0;2.0;43.28342;5.39708;2024-06-10 19:18:00
202400050768.0;1;32;32029;1;1;1.0;7.0;43.61711001;0.46009747;2024-08-17 17:30:00
202400050769.0;1;92;92075;2;1;1.0;6.0;48.81650292;2.2752285;2024-03-28 09:20:00
202400050770.0;1;73;73034;1;1;4.0;7.0;45.69586969;6.55838703;2024-01-05 11:05:00
202400050771.0;1;51;51454;2;2;1.0;3.0;49.251;4.04081;2024-02-15 08:35:00
202400050772.0;2;22;22324;1;1;1.0;6.0;48.778437;-3.448249;2024-08-17 05:30:00
202400050773.0;1;13;13205;2;9;1.0;3.0;43.29396;5.40008;2024-07-12 17:56:00
202400050774.0;1;92;92036;2;1;1.0;6.0;48.92087734;2.30501121;2024-03-28 14:35:00
202400050775.0;1;10;10387;2;6;1.0;7.0;48.27834;4.06697;2024-06-10 19:50:00
202400050776.0;1;17;17415;2;2;2.0;3.0;45.73594;-0.65064;2024-10-26 18:15:00
202400050777.0;5;94;94001;2;3;1.0;1.0;48.72391;2.42756;2024-05-04 02:30:00
202400050778.0;2;86;86024;1;1;8.0;7.0;46.510504;0.222011;2024-01-04 17:20:00
202400050779.0;2;13;13215;2;1;1.0;7.0;43.33287588;5.35873149;2024-10-26 07:00:00
202400050780.0;3;22;22193;1;1;1.0;6.0;48.41304;-2.376619;2024-08-18 00:20:00
202400050781.0;1;92;92025;2;1;1.0;6.0;48.92217932;2.23542792;2024-03-28 18:20:00
202400050782.0;1;13;13001;1;1;1.0;1.0;43.47452;5.39377;2024-07-09 15:30:00
202400050783.0;1;71;71150;2;3;1.0;5.0;46.252549;4.78225;2024-09-21 11:10:00
202400050784.0;3;4;4166;1;1;1.0;6.0;43.810298;6.102616;2024-12-03 23:15:00
202400050785.0;1;50;50218;2;1;1.0;2.0;48.83838;-1.59891;2024-02-15 09:45:00
202400050786.0;5;13;13202;2;9;1.0;3.0;43.33143;5.35471;2024-10-26 05:35:00
202400050787.0;1;50;50288;2;6;7.0;3.0;48.693634;-1.373999;2024-01-05 10:15:00
202400050788.0;5;6;6159;2;1;1.0;3.0;43.70378;7.30919;2024-06-10 22:30:00
202400050789.0;1;11;11069;2;1;1.0;6.0;43.184937;2.411727;2024-07-12 19:15:00
202400050790.0;1;92;92024;2;1;8.0;7.0;48.90394607;2.29959637;2024-03-28 08:40:00
202400050791.0;1;94;94077;2;2;1.0;3.0;48.73739698;2.41923308;2024-05-03 15:50:00
202400050792.0;3;14;14719;1;1;2.0;7.0;49.030454;-0.273306;2024-01-04 07:50:00
202400050793.0;1;85;85131;1;1;1.0;6.0;46.464303;-1.207717;2024-12-03 15:50:00
202400050794.0;2;67;67075;1;1;1.0;3.0;49.019958;7.856319;2024-09-20 07:30:00
202400050795.0;5;13;13201;2;1;1.0;7.0;43.29694;5.38112;2024-10-26 04:44:00
202400050796.0;1;50;50129;2;6;1.0;3.0;49.63603;-1.57572;2024-02-14 14:45:00
202400050797.0;5;60;60581;2;1;1.0;6.0;49.509484;2.431095;2024-01-04 18:21:00
202400050798.0;1;6;6069;1;1;1.0;1.0;43.6351;6.95691;2024-06-10 11:00:00
202400050799.0;1;59;59256;1;1;2.0;1.0;50.561924;3.127767;2024-01-05 11:20:00
202400050800.0;3;91;91363;1;1;1.0;2.0;48.64574;2.19283;2024-01-04 18:00:00
202400050801.0;3;91;91659;1;1;1.0;6.0;48.59084;2.44608;2024-01-04 01:25:00
202400050802.0;3;92;92048;1;1;2.0;3.0;48.79556582;2.21768479;2024-01-03 19:05:00
202400050803.0;3;10;10357;2;1;2.0;7.0;48.296;4.1323;2024-07-13 00:15:00
202400050804.0;1;49;49007;2;2;2.0;2.0;47.44876;-0.53611;2024-02-15 08:15:00
202400050805.0;1;75;75118;2;1;1.0;2.0;48.901104;2.346646;2024-06-10 13:05:00
202400050806.0;1;92;92007;2;1;1.0;6.0;48.7868;2.30425;2024-03-28 18:45:00
202400050807.0;1;95;95018;1;1;1.0;2.0;48.95621389;2.27718895;2024-01-04 09:40:00
202400050808.0;1;54;54101;1;1;1.0;3.0;48.497654;6.732919;2024-09-21 11:30:00
202400050809.0;1;23;23040;2;2;1.0;3.0;46.214545;2.209969;2024-12-04 15:34:00
202400050810.0;1;13;13098;1;1;2.0;7.0;43.44243201;5.02732078;2024-10-25 15:55:00
202400050811.0;1;93;93010;2;2;1.0;5.0;48.905718;2.480124;2024-05-04 18:30:00
202400050812.0;1;59;59134;2;1;1.0;3.0;50.08581304;3.83574819;2024-08-17 18:00:00
202400050813.0;1;94;94004;2;1;1.0;1.0;48.75927189;2.5005846;2024-01-04 10:30:00
202400050814.0;1;75;75116;2;4;1.0;6.0;48.83506066;2.26038337;2024-06-07 13:00:00
202400050815.0;1;33;33243;1;1;3.0;6.0;44.92755027;-0.26027172;2024-11-09 13:20:00
202400050816.0;1;45;45302;2;1;1.0;6.0;47.95253;1.89157;2024-02-15 16:10:00
202400050817.0;2;60;60697;1;1;1.0;5.0;49.53213;1.885979;2024-03-28 19:30:00
202400050818.0;1;10;10387;2;2;8.0;6.0;48.2992;4.07327;2024-07-12 14:55:00
202400050819.0;5;13;13001;2;1;2.0;2.0;43.52457;5.45346;2024-10-26 23:10:00
202400050820.0;1;63;63284;2;9;2.0;6.0;45.787255;3.264227;2024-09-22 17:50:00
202400050821.0;1;92;92072;2;3;1.0;3.0;48.82123672;2.20250255;2024-05-03 17:00:00
202400050822.0;3;94;94073;1;1;2.0;2.0;48.768846;2.37919993;2024-01-03 22:20:00
202400050823.0;1;13;13037;1;1;1.0;2.0;43.546783;5.18398;2024-06-16 17:30:00
202400050824.0;2;6;6149;2;1;2.0;3.0;43.733899;7.300292;2024-03-26 17:50:00
202400050825.0;1;45;45234;2;2;1.0;3.0;47.91338;1.90973;2024-02-15 12:28:00
202400050826.0;1;13;13085;1;1;1.0;3.0;43.26617415;5.58731588;2024-08-17 18:10:00
202400050827.0;1;75;75117;2;3;1.0;3.0;48.89214;2.31754;2024-06-10 12:43:00
202400050828.0;1;92;92049;2;1;1.0;6.0;48.81880264;2.3176074;2024-05-03 13:30:00
202400050829.0;1;73;73176;1;1;1.0;1.0;45.62306504;6.8380267;2024-09-21 15:45:00
202400050830.0;1;11;11262;2;6;3.0;6.0;43.180407;3.014178;2024-10-26 11:04:00
202400050831.0;5;69;69244;2;3;1.0;6.0;45.763818;4.778656;2024-12-04 17:37:00
202400050832.0;1;95;95052;2;1;1.0;6.0;49.14766848;2.2957058;2024-03-29 08:45:00
202400050833.0;5;42;42184;2;2;1.0;6.0;46.03762997;4.0499679;2024-02-15 18:46:00
202400050834.0;3;93;93051;1;1;2.0;2.0;48.83670891;2.54783034;2024-01-03 20:30:00
202400050835.0;3;69;69276;1;1;1.0;7.0;45.66742385;4.84481026;2024-08-17 04:20:00
202400050836.0;1;92;92012;2;1;1.0;2.0;48.8345755;2.24414635;2024-05-04 13:50:00
202400050837.0;1;75;75116;2;7;1.0;3.0;48.83839148;2.25698769;2024-06-10 18:45:00
202400050838.0;1;6;6088;2;3;2.0;3.0;43.734837;7.29688;2024-07-12 14:10:00
202400050839.0;5;10;10387;2;9;9.0;6.0;48.3051;4.07186;2024-10-26 07:01:00
202400050840.0;1;83;83061;1;1;1.0;6.0;43.472122;6.74332;2024-12-04 12:37:00
202400050841.0;1;21;21599;1;1;1.0;2.0;47.603009;5.199767;2024-03-28 18:00:00
202400050842.0;1;37;37261;2;6;1.0;7.0;47.39449;0.70474;2024-02-15 08:35:00
202400050843.0;1;38;38294;1;1;1.0;3.0;45.668735;5.205849;2024-09-22 17:45:00
202400050844.0;1;93;93051;1;1;3.0;5.0;48.83515238;2.57609455;2024-01-03 14:00:00
202400050845.0;1;92;92004;2;1;1.0;6.0;48.90781;2.2672;2024-05-03 17:40:00
202400050846.0;5;6;6069;2;1;9.0;6.0;43.65053;6.91863;2024-10-27 02:30:00
202400050847.0;3;42;42225;1;1;1.0;3.0;45.51871;4.59117;2024-08-12 21:50:00
202400050848.0;1;13;13025;1;1;1.0;2.0;43.481455;5.565374;2024-12-04 11:29:00
202400050849.0;5;974;97412;1;1;1.0;6.0;-21.307807;55.641345;2024-03-29 21:00:00
202400050850.0;1;32;32019;1;1;1.0;1.0;43.579942;0.625186;2024-09-23 16:50:00
202400050851.0;1;6;6088;2;1;1.0;3.0;43.7078376;7.2559923;2024-07-12 12:00:00
202400050852.0;1;36;36044;2;2;1.0;3.0;46.79634;1.69896;2024-02-14 16:40:00
202400050853.0;1;5;5061;2;1;1.0;7.0;44.53724;6.04947;2024-10-17 09:53:00
202400050854.0;1;75;75112;2;2;1.0;3.0;48.848002;2.371454;2024-06-08 18:45:00
202400050855.0;1;974;97416;2;1;1.0;3.0;-21.34364;55.47481;2024-01-03 14:15:00
202400050856.0;1;92;92004;2;2;1.0;3.0;48.9169331;2.27788702;2024-05-03 19:20:00
202400050857.0;1;38;38052;2;6;1.0;3.0;45.05918;6.037591;2024-12-01 14:40:00
202400050858.0;1;1;1166;1;1;1.0;1.0;45.985654;4.792238;2024-03-28 17:14:00
202400050859.0;1;5;5061;1;1;1.0;7.0;44.60217;6.08015;2024-10-21 14:53:00
202400050860.0;1;31;31555;2;9;1.0;3.0;43.5702099;1.41631499;2024-02-15 15:00:00
202400050861.0;1;6;6069;1;9;1.0;3.0;43.64801;6.90208;2024-07-12 07:50:00
202400050862.0;1;974;97407;1;6;1.0;1.0;-20.9553;55.3118;2024-01-03 14:30:00
202400050863.0;1;17;17385;2;6;1.0;3.0;45.944667;-1.319212;2024-09-22 14:30:00
202400050864.0;1;6;6029;2;1;7.0;6.0;43.5536;7.01994;2024-07-12 14:10:00
202400050865.0;1;51;51391;1;1;1.0;7.0;49.273324;3.883967;2024-03-14 13:25:00
202400050866.0;1;64;64147;1;1;2.0;7.0;43.453075;-1.342034;2024-12-03 10:45:00
202400050867.0;1;31;31149;2;1;1.0;3.0;43.62315;1.32301;2024-02-15 08:45:00
202400050868.0;2;75;75111;2;3;1.0;3.0;48.868658;2.3670273;2024-06-09 04:47:00
202400050869.0;1;92;92002;1;1;3.0;6.0;48.76348536;2.30659783;2024-08-17 19:50:00
202400050870.0;1;83;83003;2;1;1.0;3.0;43.60632906;6.38509538;2024-05-04 18:25:00
202400050871.0;1;31;31555;2;1;1.0;1.0;43.61139207;1.43914193;2024-02-14 17:25:00
202400050872.0;1;17;17486;2;2;1.0;3.0;46.013565;-1.353647;2024-09-20 12:10:00
202400050873.0;2;3;3185;2;6;1.0;3.0;46.331288;2.600251;2024-07-09 07:50:00
202400050874.0;2;4;4112;1;1;8.0;3.0;43.84716;5.73798;2024-10-25 07:10:00
202400050875.0;3;78;78564;1;1;2.0;1.0;48.54268;1.906793;2024-12-03 17:45:00
202400050876.0;1;973;97302;2;3;1.0;5.0;4.94178253;-52.30414331;2024-01-02 10:37:00
202400050877.0;1;75;75107;2;2;1.0;3.0;48.85993578;2.31017321;2024-06-10 11:03:00
202400050878.0;3;51;51153;1;2;1.0;3.0;49.02865313;4.01508136;2024-03-23 23:00:00
202400050879.0;3;12;12131;1;1;2.0;6.0;44.381524;2.657109;2024-05-05 05:20:00
202400050880.0;1;31;31149;2;1;1.0;6.0;43.61533293;1.34575143;2024-02-14 12:40:00
202400050881.0;2;29;29237;1;1;9.0;6.0;48.472783;-4.201785;2024-09-22 07:25:00
202400050882.0;3;51;51042;1;1;2.0;6.0;48.87380042;3.7721701;2024-03-28 23:45:00
202400050883.0;1;69;69383;2;2;1.0;6.0;45.76356;4.84108;2024-01-03 11:25:00
202400050884.0;2;75;75116;2;1;1.0;5.0;48.862819;2.264975;2024-07-11 20:00:00
202400050885.0;1;75;75102;2;3;1.0;6.0;48.86761075;2.35330582;2024-06-10 09:00:00
202400050886.0;1;94;94043;1;1;3.0;6.0;48.81528168;2.35618039;2024-08-17 18:00:00
202400050887.0;1;1;1033;1;1;1.0;6.0;46.159918;5.781201;2024-05-04 13:54:00
202400050888.0;1;27;27562;2;3;1.0;2.0;49.104099;1.462463;2024-02-15 08:10:00
202400050889.0;3;56;56053;1;1;3.0;6.0;47.694711;-2.582163;2024-03-27 23:00:00
202400050890.0;1;35;35012;2;4;8.0;3.0;47.836094;-1.684261;2024-09-21 16:55:00
202400050891.0;1;94;94068;2;1;1.0;6.0;48.81416199;2.47663973;2024-06-09 21:00:00
202400050892.0;5;69;69382;2;2;1.0;3.0;45.76216;4.83572;2024-01-03 22:36:00
202400050893.0;1;44;44195;1;1;2.0;7.0;47.377066;-1.950181;2024-05-04 16:05:00
202400050894.0;2;56;56120;1;1;2.0;6.0;47.761895;-2.73764;2024-03-29 06:37:00
202400050895.0;1;75;75112;2;2;1.0;3.0;48.83668;2.403499;2024-07-10 18:10:00
202400050896.0;5;26;26362;2;2;1.0;3.0;44.92641;4.90551;2024-02-16 00:45:00
202400050897.0;3;58;58088;1;1;2.0;7.0;47.015902;3.199089;2024-05-05 03:40:00
202400050898.0;1;94;94058;2;1;1.0;3.0;48.846272;2.510752;2024-06-06 17:45:00
202400050899.0;5;41;41136;2;1;9.0;6.0;47.699784;1.508146;2024-12-03 18:00:00
202400050900.0;4;75;75114;2;1;1.0;2.0;48.816639;2.341668;2024-10-26 19:10:00
202400050901.0;1;60;60143;2;1;2.0;3.0;49.27445;1.878094;2024-09-23 08:00:00
202400050902.0;1;81;81146;1;1;1.0;2.0;44.050738;1.992023;2024-03-29 12:30:00
202400050903.0;5;69;69081;2;1;1.0;6.0;45.78878;4.7808;2024-01-02 18:10:00
202400050904.0;1;92;92002;1;1;3.0;2.0;48.7295045;2.3069095;2024-08-17 17:45:00
202400050905.0;1;75;75106;2;5;1.0;3.0;48.845105;2.320136;2024-07-12 20:45:00
202400050906.0;1;26;26198;2;1;1.0;1.0;44.55437;4.74371;2024-02-15 18:55:00
202400050907.0;3;80;80053;1;1;2.0;6.0;49.708247;2.864905;2024-09-23 06:30:00
202400050908.0;5;95;95012;1;1;1.0;7.0;49.10599259;1.6415464;2024-12-01 20:25:00
202400050909.0;1;94;94046;2;1;1.0;3.0;48.79969994;2.43085551;2024-06-10 18:00:00
202400050910.0;1;30;30226;1;1;1.0;1.0;44.236842;4.623989;2024-05-04 19:05:00
202400050911.0;5;971;97113;2;9;1.0;7.0;16.21766;-61.49247;2024-01-02 22:45:00
202400050912.0;1;75;75118;2;3;8.0;6.0;48.890295;2.358323;2024-10-26 09:55:00
202400050913.0;1;34;34013;1;1;1.0;3.0;43.579972;3.462126;2024-03-28 17:35:00
202400050914.0;1;75;75104;2;2;1.0;6.0;48.853473;2.347058;2024-07-10 17:15:00
202400050915.0;5;19;19031;2;1;1.0;3.0;45.16768243;1.5517804;2024-02-12 19:10:00
202400050916.0;1;66;66002;1;1;1.0;3.0;42.64765711;2.9841131;2024-12-03 16:00:00
202400050917.0;3;80;80670;1;1;1.0;6.0;49.846029;2.144662;2024-09-22 05:20:00
202400050918.0;1;91;91549;2;1;2.0;6.0;48.620265;2.349869;2024-01-03 13:10:00
202400050919.0;1;95;95212;1;1;2.0;6.0;49.02841146;2.52586426;2024-08-17 19:15:00
202400050920.0;1;94;94028;2;9;1.0;6.0;48.7716;2.45984;2024-06-09 18:30:00
202400050921.0;5;34;34284;2;4;1.0;7.0;43.489739;2.756866;2024-03-28 22:20:00
202400050922.0;5;75;75117;2;2;1.0;3.0;48.881904;2.311323;2024-10-26 22:15:00
202400050923.0;5;75;75105;2;2;2.0;6.0;48.840301;2.346003;2024-07-10 01:45:00
202400050924.0;1;59;59249;2;1;1.0;2.0;50.01391;4.040555;2024-09-23 18:10:00
202400050925.0;1;95;95572;1;1;1.0;6.0;49.03320252;2.10964108;2024-08-01 20:38:00
202400050926.0;1;91;91064;2;1;2.0;2.0;48.76164;2.22306;2024-01-03 14:00:00
202400050927.0;1;17;17300;2;1;1.0;3.0;46.153888;-1.197401;2024-02-15 09:58:00
202400050928.0;1;94;94028;2;6;1.0;3.0;48.7741;2.43965;2024-06-09 16:25:00
202400050929.0;1;57;57032;1;1;2.0;2.0;49.096562;6.034627;2024-12-03 15:30:00
202400050930.0;1;34;34028;2;1;1.0;1.0;43.625502;3.152652;2024-03-29 16:40:00
202400050931.0;1;75;75119;2;3;2.0;7.0;48.8888315;2.37888068;2024-07-12 11:15:00
202400050932.0;1;92;92036;1;1;2.0;6.0;48.94651571;2.2827709;2024-08-17 17:00:00
202400050933.0;1;2B;2B009;1;1;1.0;3.0;42.142906;9.454465;2024-05-03 10:30:00
202400050934.0;1;75;75116;2;3;1.0;1.0;48.872552;2.278651;2024-10-25 17:40:00
202400050935.0;5;91;91687;2;1;2.0;6.0;48.66386;2.37524;2024-01-03 18:30:00
202400050936.0;3;59;59563;1;3;1.0;3.0;50.154652;3.954788;2024-09-22 03:40:00
202400050937.0;1;93;93073;2;2;1.0;6.0;48.94171024;2.57239165;2024-06-10 08:20:00
202400050938.0;1;987;98735;1;9;1.0;1.0;-17.55148;-149.55155;2024-08-15 15:15:00
202400050939.0;2;14;14366;2;3;1.0;2.0;49.14274;0.23088;2024-02-10 18:10:00
202400050940.0;5;69;69052;2;2;2.0;6.0;45.87507165;4.70998244;2024-12-02 17:25:00
202400050941.0;1;75;75117;2;2;8.0;6.0;48.88305416;2.28749111;2024-07-12 12:45:00
202400050942.0;3;69;69199;1;1;1.0;6.0;45.6928;4.843619;2024-05-04 04:00:00
202400050943.0;5;29;29217;2;2;2.0;1.0;47.85550336;-3.74829559;2024-03-28 21:15:00
202400050944.0;1;91;91326;2;9;2.0;2.0;48.68454;2.37524;2024-01-03 11:20:00
202400050945.0;1;69;69094;2;1;1.0;6.0;45.75562121;4.69875722;2024-12-04 16:40:00
202400050946.0;5;13;13216;2;1;1.0;1.0;43.35796;5.32034;2024-02-15 20:12:00
202400050947.0;2;69;69163;1;1;2.0;1.0;45.92645111;4.75607657;2024-09-22 07:30:00
202400050948.0;1;93;93066;2;1;1.0;6.0;48.920347;2.361664;2024-06-10 19:10:00
202400050949.0;1;75;75112;2;1;1.0;6.0;48.83226;2.398707;2024-10-26 18:20:00
202400050950.0;3;56;56026;1;1;1.0;1.0;47.958609;-3.185137;2024-05-04 01:20:00
202400050951.0;1;75;75115;2;2;1.0;6.0;48.842076;2.312985;2024-07-12 18:00:00
202400050952.0;1;29;29026;2;1;2.0;2.0;48.195846;-4.100678;2024-03-28 11:00:00
202400050953.0;5;976;97611;2;1;1.0;3.0;-12.78186;45.23494;2024-08-16 18:25:00
202400050954.0;1;13;13047;2;1;1.0;1.0;43.49866;4.97987;2024-02-14 14:15:00
202400050955.0;1;31;31291;1;1;1.0;6.0;43.5657261;1.218906;2024-12-04 13:45:00
202400050956.0;5;93;93066;2;1;1.0;1.0;48.932072;2.349118;2024-06-09 23:15:00
202400050957.0;1;84;84007;2;3;1.0;3.0;43.92871;4.8106;2024-01-03 10:30:00
202400050958.0;1;92;92072;1;1;2.0;6.0;48.8274969;2.22457286;2024-09-22 09:50:00
202400050959.0;3;79;79103;2;1;1.0;3.0;46.772998;-0.552447;2024-05-03 21:35:00
202400050960.0;2;13;13005;2;1;1.0;3.0;43.29702;5.58543;2024-02-14 19:15:00
202400050961.0;5;75;75111;2;3;1.0;3.0;48.857586;2.380378;2024-10-26 22:30:00
202400050962.0;1;75;75112;2;1;1.0;3.0;48.843824;2.37326;2024-07-12 19:14:00
202400050963.0;5;974;97407;1;1;1.0;3.0;-20.95544;55.31094;2024-08-16 21:00:00
202400050964.0;1;26;26345;2;6;1.0;4.0;44.285543;4.835969;2024-03-28 16:30:00
202400050965.0;5;80;80721;2;3;2.0;1.0;50.179736;1.643811;2024-12-04 16:40:00
202400050966.0;1;83;83062;2;1;1.0;1.0;43.1171;5.99875;2024-01-03 11:00:00