Num_Acc;lum;departement;commune;agglomeration;intersection;meteo;type_collision;lat;long;date
202400050967.0;1;93;93010;2;2;1.0;3.0;48.91759;2.485139;2024-06-09 19:30:00
202400050968.0;1;94;94015;1;1;1.0;2.0;48.83022312;2.52930326;2024-09-20 08:30:00
202400050969.0;1;6;6088;2;1;1.0;3.0;43.67493;7.21107;2024-02-15 08:10:00
202400050970.0;1;63;63170;1;2;2.0;1.0;45.837381;2.730017;2024-05-04 19:00:00
202400050971.0;1;75;75110;2;2;1.0;3.0;48.874804;2.357233;2024-10-26 14:40:00
202400050972.0;5;69;69388;2;3;1.0;7.0;45.73307455;4.87950997;2024-08-17 01:00:00
202400050973.0;1;75;75111;2;7;1.0;3.0;48.84938;2.395324;2024-07-11 17:50:00
202400050974.0;3;59;59584;1;1;1.0;7.0;50.331522;3.869762;2024-10-26 05:50:00
202400050975.0;1;6;6004;2;1;1.0;6.0;43.59754;7.06846;2024-02-14 16:30:00
202400050976.0;1;72;72266;1;1;2.0;1.0;48.27448;0.02903;2024-03-28 17:40:00
202400050977.0;1;38;38439;2;1;1.0;7.0;45.363959;6.043189;2024-05-05 19:50:00
202400050978.0;1;83;83137;2;9;1.0;3.0;43.12746;5.90522;2024-01-03 10:28:00
202400050979.0;1;93;93001;2;3;1.0;1.0;48.90511698;2.39050645;2024-06-10 10:10:00
202400050980.0;5;75;75107;2;3;2.0;3.0;48.862568;2.319009;2024-10-26 01:30:00
202400050981.0;1;75;75111;2;1;1.0;3.0;48.852842;2.39706;2024-07-11 08:30:00
202400050982.0;1;50;50484;2;1;1.0;6.0;48.57441;-1.081418;2024-03-29 08:40:00
202400050983.0;1;84;84123;1;1;1.0;2.0;44.109659;5.39904;2024-05-03 16:56:00
202400050984.0;5;1;1283;2;6;1.0;3.0;46.26744;5.65987;2024-02-15 20:30:00
202400050985.0;1;77;77445;2;1;2.0;6.0;48.59537216;2.57941467;2024-01-02 10:55:00
202400050986.0;1;46;46055;1;4;1.0;2.0;44.578525;2.067648;2024-03-25 08:45:00
202400050987.0;3;13;13213;1;1;1.0;3.0;43.32598;5.42119;2024-12-02 19:06:00
202400050988.0;5;69;69388;2;2;1.0;3.0;45.7294;4.86739;2024-08-16 23:40:00
202400050989.0;1;92;92078;2;1;8.0;6.0;48.93511;2.32731;2024-06-10 11:05:00
202400050990.0;5;75;75101;2;2;2.0;7.0;48.859633;2.34482;2024-10-26 04:10:00
202400050991.0;1;85;85153;1;1;2.0;7.0;46.780532;-1.117033;2024-05-05 09:30:00
202400050992.0;1;13;13088;1;1;1.0;7.0;43.39128628;5.26621209;2024-12-03 11:50:00
202400050993.0;1;75;75109;2;1;2.0;6.0;48.873472;2.342934;2024-07-12 09:30:00
202400050994.0;1;77;77445;1;1;1.0;6.0;48.58635;2.59392;2024-01-02 09:08:00
202400050995.0;1;75;75113;2;1;1.0;3.0;48.817358;2.349466;2024-02-15 09:35:00
202400050996.0;1;92;92078;2;1;1.0;6.0;48.93387911;2.32907689;2024-06-09 18:50:00
202400050997.0;1;60;60509;2;2;1.0;3.0;49.300467;2.604489;2024-03-28 17:45:00
202400050998.0;1;58;58293;1;1;1.0;7.0;46.745514;3.435996;2024-05-05 12:00:00
202400050999.0;1;62;62643;2;3;7.0;3.0;50.69966431;1.58823574;2024-05-29 17:50:00
202400051000.0;1;75;75101;2;3;8.0;6.0;48.860749;2.330405;2024-10-25 15:21:00
202400051001.0;1;77;77449;2;1;2.0;6.0;48.85800683;2.79523473;2024-01-03 13:34:00
202400051002.0;5;69;69149;2;2;1.0;3.0;45.71599;4.81132;2024-08-16 21:20:00
202400051003.0;1;92;92062;2;1;1.0;6.0;48.88085;2.23679;2024-06-10 18:05:00
202400051004.0;1;75;75119;2;1;1.0;3.0;48.900479;2.37528;2024-02-14 13:10:00
202400051005.0;5;75;75109;2;2;3.0;6.0;48.87584963;2.34036952;2024-07-12 01:35:00
202400051006.0;2;6;6111;1;1;1.0;6.0;44.146924;7.096739;2024-05-05 05:40:00
202400051007.0;1;83;83137;1;1;1.0;4.0;43.12209671;5.95587659;2024-12-03 16:50:00
202400051008.0;3;43;43267;1;1;1.0;6.0;45.196751;3.914845;2024-03-28 20:30:00
202400051009.0;3;76;76351;2;1;1.0;6.0;49.479;0.15998;2024-01-03 06:45:00
202400051010.0;1;75;75118;2;1;2.0;6.0;48.90086;2.365712;2024-02-14 10:45:00
202400051011.0;2;62;62040;2;1;5.0;1.0;50.73106;2.2812;2024-05-09 06:20:00
202400051012.0;1;16;16329;1;1;3.0;6.0;45.918901;0.511272;2024-03-29 15:30:00
202400051013.0;1;94;94058;2;9;1.0;1.0;48.832454;2.496709;2024-10-26 17:10:00
202400051014.0;2;6;6072;1;1;1.0;7.0;44.027492;7.089336;2024-05-04 18:45:00
202400051015.0;1;83;83137;2;1;1.0;2.0;43.12657383;5.8890491;2024-12-02 13:05:00
202400051016.0;5;75;75108;2;5;3.0;7.0;48.875304;2.315712;2024-07-12 00:35:00
202400051017.0;1;92;92062;2;4;1.0;2.0;48.88053713;2.24511623;2024-06-10 12:30:00
202400051018.0;1;72;72181;2;9;2.0;3.0;47.96;0.221;2024-01-02 15:30:00
202400051019.0;5;75;75120;2;1;1.0;5.0;48.852713;2.414464;2024-02-14 07:20:00
202400051020.0;3;18;18229;1;1;3.0;7.0;47.252597;2.405727;2024-05-04 23:00:00
202400051021.0;5;971;97101;1;1;1.0;5.0;16.2574;-61.46011;2024-08-15 19:56:00
202400051022.0;5;75;75101;2;2;1.0;6.0;48.85851;2.348218;2024-07-11 22:00:00
202400051023.0;1;18;18033;2;3;1.0;3.0;47.076796;2.403959;2024-05-24 09:00:00
202400051024.0;1;67;67131;1;1;1.0;2.0;48.49298;7.762;2024-12-03 08:10:00
202400051025.0;5;94;94068;2;2;1.0;6.0;48.80599;2.47285;2024-10-26 19:00:00
202400051026.0;1;7;7134;1;1;8.0;3.0;44.502157;4.295595;2024-03-29 09:45:00
202400051027.0;2;92;92051;2;1;1.0;7.0;48.88545495;2.25908777;2024-06-10 06:20:00
202400051028.0;1;7;7265;1;1;1.0;7.0;45.294407;4.643955;2024-05-05 15:20:00
202400051029.0;2;69;69282;2;2;1.0;1.0;45.76199;5.00659;2024-01-03 17:40:00
202400051030.0;1;44;44020;2;6;1.0;7.0;47.186785;-1.59771323;2024-09-11 09:00:00
202400051031.0;1;94;94041;2;9;1.0;3.0;48.8058;2.37615;2024-10-26 17:15:00
202400051032.0;5;75;75109;2;3;1.0;6.0;48.877736;2.334295;2024-02-14 19:10:00
202400051033.0;1;92;92048;2;9;1.0;3.0;48.78878419;2.23156106;2024-06-10 09:00:00
202400051034.0;1;971;97113;1;1;1.0;3.0;16.21297131;-61.47768974;2024-08-14 10:40:00
202400051035.0;1;23;23266;1;1;1.0;1.0;45.922722;2.319252;2024-03-26 16:00:00
202400051036.0;3;53;53051;1;1;1.0;2.0;48.347643;-0.512956;2024-05-05 04:55:00
202400051037.0;4;69;69290;2;2;1.0;6.0;45.69729827;4.93614487;2024-01-03 05:50:00
202400051038.0;1;33;33013;1;1;1.0;4.0;44.868684;-0.498053;2024-12-03 10:20:00
202400051039.0;1;92;92044;2;1;1.0;7.0;48.89941522;2.28616869;2024-05-23 08:38:00
202400051040.0;1;44;44162;2;6;1.0;2.0;47.22501602;-1.62101358;2024-09-11 12:00:00
202400051041.0;1;94;94076;2;3;1.0;1.0;48.801456;2.35952;2024-07-12 18:15:00
202400051042.0;1;80;80021;2;1;1.0;6.0;49.9116;2.29747;2024-08-16 13:00:00
202400051043.0;1;53;53237;2;1;1.0;6.0;48.373854;-0.695613;2024-05-04 06:56:00
202400051044.0;5;75;75105;2;3;1.0;3.0;48.850029;2.354932;2024-02-15 00:01:00
202400051045.0;1;974;97418;2;2;8.0;3.0;-20.917511;55.527869;2024-03-29 14:58:00
202400051046.0;1;59;59288;1;1;1.0;2.0;50.31572;3.41011;2024-11-20 13:23:00
202400051047.0;1;28;28405;1;1;1.0;7.0;48.741828;1.302567;2024-05-04 13:30:00
202400051048.0;1;67;67180;2;2;2.0;2.0;48.8054;7.77947;2024-01-02 12:40:00
202400051049.0;1;80;80261;2;1;1.0;7.0;49.87465;2.28165;2024-08-15 16:00:00
202400051050.0;1;75;75119;2;1;1.0;6.0;48.88481;2.369404;2024-02-15 16:55:00
202400051051.0;1;94;94079;2;1;1.0;3.0;48.8294;2.5401;2024-07-11 18:10:00
202400051052.0;1;92;92026;2;1;1.0;4.0;48.89779;2.2675;2024-06-10 17:09:00
202400051053.0;5;44;44109;2;4;1.0;3.0;47.2126147;-1.55916959;2024-09-09 19:00:00
202400051054.0;1;94;94081;2;6;1.0;5.0;48.79219;2.38666;2024-10-26 09:45:00
202400051055.0;5;973;97311;2;1;1.0;2.0;5.48849;-54.03625;2024-03-29 01:45:00
202400051056.0;3;94;94021;1;1;1.0;2.0;48.7698226;2.34561011;2024-12-03 20:00:00
202400051057.0;1;75;75119;2;1;1.0;3.0;48.884854;2.378169;2024-02-15 10:30:00
202400051058.0;1;8;8409;2;1;1.0;6.0;49.703253;4.931043;2024-01-03 16:00:00
202400051059.0;1;66;66136;2;3;1.0;3.0;42.6810683;2.85925627;2024-01-03 12:15:00
202400051060.0;1;92;92025;2;1;1.0;3.0;48.92154802;2.25264555;2024-06-09 12:30:00
202400051061.0;1;93;93073;2;1;1.0;1.0;48.941565;2.575527;2024-07-11 11:23:00
202400051062.0;5;94;94038;2;1;1.0;6.0;48.77733;2.358795;2024-10-26 23:20:00
202400051063.0;1;52;52421;1;1;3.0;6.0;48.177036;5.161273;2024-05-03 17:35:00
202400051064.0;1;78;78646;2;6;1.0;3.0;48.81497;2.12872;2024-07-28 13:45:00
202400051065.0;3;91;91037;1;1;1.0;3.0;48.54011184;2.49841325;2024-12-03 18:15:00
202400051066.0;1;91;91156;1;1;8.0;3.0;48.551043;2.277198;2024-03-28 08:30:00
202400051067.0;1;75;75117;2;2;1.0;6.0;48.882843;2.302968;2024-02-15 11:00:00
202400051068.0;5;65;65440;2;2;1.0;3.0;43.2355;0.06528;2024-01-03 20:42:00
202400051069.0;1;67;67388;2;1;3.0;6.0;48.931258;7.659622;2024-05-05 09:40:00
202400051070.0;2;93;93051;1;9;1.0;7.0;48.8356;2.58283;2024-07-06 20:45:00
202400051071.0;1;94;94021;2;1;1.0;6.0;48.76065043;2.36578146;2024-10-26 12:35:00
202400051072.0;1;92;92007;2;9;1.0;2.0;48.79603112;2.32167667;2024-06-10 18:00:00
202400051073.0;1;91;91645;1;1;2.0;3.0;48.75998717;2.26095176;2024-12-03 11:10:00
202400051074.0;1;44;44109;2;1;1.0;6.0;47.24086823;-1.53012424;2024-09-09 16:00:00
202400051075.0;1;69;69275;2;1;1.0;3.0;45.77104;4.9813;2024-08-16 08:30:00
202400051076.0;1;67;67348;2;3;1.0;3.0;48.460493;7.483572;2024-03-08 15:15:00
202400051077.0;1;64;64335;2;1;1.0;6.0;43.31691;-0.42725;2024-01-03 10:25:00
202400051078.0;3;94;94021;1;1;1.0;1.0;48.76116;2.34181;2024-10-26 06:55:00
202400051079.0;1;973;97309;2;2;1.0;3.0;4.89441265;-52.2862595;2024-05-05 13:40:00
202400051080.0;1;75;75117;2;1;1.0;5.0;48.886441;2.285724;2024-02-14 14:30:00
202400051081.0;3;94;94046;1;1;1.0;3.0;48.80856288;2.44905786;2024-12-03 17:00:00
202400051082.0;1;93;93063;2;2;2.0;3.0;48.87518325;2.44700795;2024-07-12 09:04:00
202400051083.0;1;60;60326;1;1;1.0;5.0;49.402653;2.727208;2024-06-11 18:05:00
202400051084.0;5;64;64102;2;1;1.0;3.0;43.48729;-1.46317;2024-01-03 19:48:00
202400051085.0;5;69;69276;2;1;1.0;1.0;45.67319;4.86031;2024-08-16 21:15:00
202400051086.0;3;36;36134;1;1;3.0;6.0;46.37595245;1.44555218;2024-05-04 21:15:00
202400051087.0;1;59;59324;2;1;2.0;6.0;50.30649;4.0931;2024-05-23 17:10:00
202400051088.0;1;94;94073;1;9;1.0;3.0;48.75652591;2.3712573;2024-10-25 14:30:00
202400051089.0;1;94;94034;1;1;1.0;3.0;48.75979435;2.32184781;2024-12-03 09:07:00
202400051090.0;1;92;92051;2;1;2.0;6.0;48.88092;2.27238;2024-07-12 07:16:00
202400051091.0;5;64;64102;2;1;2.0;7.0;43.50509;-1.46974;2024-01-02 20:15:00
202400051092.0;1;88;88470;1;3;2.0;5.0;48.082761;6.774759;2024-03-29 13:15:00
202400051093.0;3;60;60646;2;1;1.0;1.0;49.481946;2.041035;2024-06-11 00:09:00
202400051094.0;3;45;45191;2;1;2.0;6.0;48.291374;2.405545;2024-05-04 22:30:00
202400051095.0;1;75;75116;2;3;1.0;7.0;48.855422;2.276655;2024-02-15 14:00:00
202400051096.0;4;94;94011;2;1;1.0;6.0;48.78067;2.47528;2024-10-26 21:00:00
202400051097.0;1;59;59599;2;2;1.0;3.0;50.719;3.1602;2024-04-29 17:15:00
202400051098.0;5;75;75116;2;1;1.0;6.0;48.878462;2.259328;2024-02-15 04:00:00
202400051099.0;1;57;57443;2;9;7.0;6.0;49.223678;6.128008;2024-03-28 17:20:00
202400051100.0;2;77;77258;1;1;1.0;3.0;48.83079762;2.63464202;2024-12-03 08:00:00
202400051101.0;1;62;62263;2;3;3.0;6.0;50.29233;2.73174;2024-01-03 15:50:00
202400051102.0;5;67;67482;2;3;1.0;3.0;48.58074;7.7752;2024-08-16 20:15:00
202400051103.0;1;92;92044;2;2;8.0;3.0;48.89361704;2.29112247;2024-07-12 12:10:00
202400051104.0;1;2A;2A272;1;1;8.0;1.0;41.624257;8.979907;2024-06-10 06:23:00
202400051105.0;1;78;78522;1;2;2.0;3.0;48.585664;1.981487;2024-05-04 10:00:00
202400051106.0;5;94;94028;2;1;1.0;6.0;48.766101;2.470445;2024-10-26 06:20:00
202400051107.0;3;63;63120;1;1;2.0;6.0;45.67025625;3.19430575;2024-03-29 03:40:00
202400051108.0;1;77;77031;2;1;1.0;6.0;48.683169;2.923081;2024-09-16 12:50:00
202400051109.0;1;38;38421;2;1;1.0;2.0;45.18182;5.76815;2024-08-29 15:20:00
202400051110.0;1;92;92025;2;1;1.0;7.0;48.92058288;2.24976146;2024-07-12 19:10:00
202400051111.0;5;75;75115;2;2;1.0;3.0;48.849411;2.303767;2024-02-15 17:35:00
202400051112.0;1;67;67482;2;1;1.0;1.0;48.551;7.772;2024-08-16 20:32:00
202400051113.0;1;2B;2B199;1;1;1.0;3.0;42.653294;9.035654;2024-05-05 16:00:00
202400051114.0;2;60;60175;1;1;1.0;5.0;49.24507;2.47702;2024-01-03 08:28:00
202400051115.0;1;68;68315;2;3;1.0;3.0;47.88222284;7.23373835;2024-06-10 17:08:00
202400051116.0;1;38;38200;2;1;1.0;1.0;45.096242;5.745973;2024-03-28 08:45:00
202400051117.0;5;93;93078;2;2;1.0;1.0;48.95371;2.54922;2024-10-26 20:35:00
202400051118.0;3;73;73179;1;6;1.0;6.0;45.59365139;5.88673729;2024-09-20 23:56:00
202400051119.0;1;12;12145;2;2;1.0;6.0;44.10436;3.07957;2024-07-22 12:50:00
202400051120.0;1;75;75114;2;3;1.0;7.0;48.829819;2.321189;2024-02-15 14:55:00
202400051121.0;1;92;92004;2;2;1.0;3.0;48.91114456;2.29880315;2024-07-12 17:25:00
202400051122.0;1;1;1379;2;1;1.0;6.0;45.957587;5.274666;2024-06-11 16:00:00
202400051123.0;5;59;59178;2;1;8.0;6.0;50.36441;3.09596;2024-01-01 04:35:00
202400051124.0;1;66;66136;1;6;1.0;3.0;42.69431;2.85132;2024-08-16 08:45:00
202400051125.0;2;9;9269;1;1;1.0;6.0;42.994021;1.546379;2024-03-28 06:51:00
202400051126.0;3;2B;2B199;1;1;1.0;1.0;42.65312;9.043508;2024-05-04 21:45:00
202400051127.0;1;988;98818;2;1;1.0;1.0;-22.24204;166.45676;2024-12-03 08:59:00
202400051128.0;3;93;93066;2;2;1.0;1.0;48.92977402;2.35649765;2024-10-26 20:00:00
202400051129.0;1;75;75110;2;1;1.0;6.0;48.87667;2.360906;2024-02-15 09:15:00
202400051130.0;2;44;44109;2;1;1.0;3.0;47.22723531;-1.52455803;2024-09-06 09:00:00
202400051131.0;3;83;83031;1;1;1.0;6.0;43.398476;6.358289;2024-06-08 22:10:00
202400051132.0;5;57;57672;2;1;3.0;6.0;49.35317;6.14623;2024-01-02 17:50:00
202400051133.0;1;66;66136;2;1;1.0;2.0;42.70816012;2.91104168;2024-08-16 07:20:00
202400051134.0;5;92;92004;2;1;2.0;6.0;48.92197271;2.27750051;2024-07-12 00:19:00
202400051135.0;1;67;67520;2;6;1.0;7.0;48.638531;7.431033;2024-05-04 14:23:00
202400051136.0;5;973;97302;2;6;1.0;3.0;4.92729;-52.28996;2024-12-02 19:40:00
202400051137.0;1;972;97225;2;1;1.0;6.0;14.748354;-61.171553;2024-06-07 14:45:00
202400051138.0;5;93;93045;2;1;1.0;6.0;48.88175;2.41289;2024-10-25 23:45:00
202400051139.0;5;57;57672;2;1;3.0;6.0;49.35463;6.16287;2024-01-02 17:25:00
202400051140.0;1;64;64122;2;9;1.0;7.0;43.48091;-1.54119;2024-08-16 16:45:00
202400051141.0;5;75;75108;2;7;1.0;3.0;48.869436;2.31092;2024-02-14 20:50:00
202400051142.0;1;14;14713;1;1;1.0;7.0;49.027913;-0.467791;2024-07-13 11:40:00
202400051143.0;1;74;74012;2;1;1.0;2.0;46.18379;6.24679;2024-07-22 18:28:00
202400051144.0;2;57;57606;2;1;2.0;7.0;49.10494588;6.70497537;2024-01-03 08:01:00
202400051145.0;1;972;97205;1;1;1.0;6.0;14.655423;-61.146491;2024-06-09 08:13:00
202400051146.0;2;93;93077;2;1;1.0;2.0;48.88127;2.49512;2024-10-26 18:15:00
202400051147.0;1;27;27123;1;1;1.0;6.0;49.012203;1.306858;2024-03-29 15:20:00
202400051148.0;1;24;24294;1;1;1.0;6.0;45.029066;0.122239;2024-07-13 06:30:00
202400051149.0;5;973;97302;2;2;1.0;3.0;4.94055;-52.32974;2024-12-01 21:55:00
202400051150.0;3;57;57511;1;1;2.0;2.0;49.181465;6.146722;2024-05-04 22:15:00
202400051151.0;1;64;64024;2;6;1.0;7.0;43.49717;-1.50852;2024-08-15 20:15:00
202400051152.0;5;75;75107;2;3;1.0;3.0;48.851736;2.326773;2024-02-14 18:40:00
202400051153.0;1;974;97411;2;1;1.0;2.0;-20.90066;55.48667;2024-09-21 10:45:00
202400051154.0;5;51;51454;2;1;2.0;6.0;49.225612;4.017086;2024-01-02 19:15:00
202400051155.0;1;21;21177;1;1;1.0;6.0;47.374466;4.391464;2024-06-11 12:05:00
202400051156.0;1;59;59011;2;1;1.0;6.0;50.520981;2.926697;2024-03-29 16:35:00
202400051157.0;1;93;93029;2;3;1.0;6.0;48.92622508;2.42761764;2024-10-26 13:40:00
202400051158.0;4;69;69388;2;1;2.0;3.0;45.73029;4.88733;2024-12-02 18:12:00
202400051159.0;1;38;38382;2;9;1.0;3.0;45.225426;5.686989;2024-05-05 15:00:00
202400051160.0;4;59;59234;1;1;1.0;1.0;50.403241;3.041579;2024-08-16 03:30:00
202400051161.0;1;972;97234;1;1;2.0;6.0;14.663026;-61.15539;2024-07-12 09:30:00
202400051162.0;5;75;75103;2;2;1.0;6.0;48.869321;2.354335;2024-02-15 19:15:00
202400051163.0;5;93;93027;2;1;1.0;6.0;48.927;2.38508;2024-10-26 20:30:00
202400051164.0;1;973;97302;2;1;1.0;3.0;4.93511241;-52.32428652;2024-09-21 10:33:00
202400051165.0;1;69;69112;2;6;1.0;6.0;45.817797;4.663739;2024-05-04 11:40:00
202400051166.0;2;2B;2B033;2;1;1.0;3.0;42.70483;9.45338;2024-12-02 16:30:00
202400051167.0;1;13;13088;1;1;1.0;2.0;43.387176;5.242183;2024-03-28 11:39:00
202400051168.0;1;62;62529;1;2;1.0;3.0;50.56590503;2.7823796;2024-06-08 18:30:00
202400051169.0;5;92;92036;1;1;1.0;7.0;48.94611545;2.28090763;2024-10-26 21:45:00
202400051170.0;1;51;51454;2;1;3.0;2.0;49.23652;4.0438;2024-01-02 11:22:00
202400051171.0;1;56;56083;1;1;2.0;7.0;47.78807;-3.28009;2024-08-16 12:40:00
202400051172.0;5;94;94058;2;2;1.0;1.0;48.846816;2.496851;2024-02-14 20:35:00
202400051173.0;1;49;49328;1;9;2.0;6.0;47.27314;-0.08067;2024-01-03 13:30:00
202400051174.0;1;92;92036;2;1;1.0;6.0;48.92094713;2.31811523;2024-10-26 18:50:00
202400051175.0;1;2B;2B120;1;1;1.0;2.0;42.6493;9.44049;2024-12-02 09:35:00
202400051176.0;3;71;71170;1;1;1.0;2.0;46.923936;4.819109;2024-07-13 00:50:00
202400051177.0;1;83;83144;1;1;1.0;2.0;43.13398268;5.98674088;2024-03-28 14:10:00
202400051178.0;1;31;31187;2;1;1.0;3.0;43.535981;1.199816;2024-05-03 13:50:00
202400051179.0;5;69;69383;2;3;1.0;3.0;45.75962755;4.87409219;2024-09-21 21:15:00
202400051180.0;1;65;65436;2;2;1.0;3.0;43.240904;0.173925;2024-06-10 17:41:00
202400051181.0;3;56;56098;2;1;2.0;6.0;47.77136;-3.34859;2024-08-16 02:25:00
202400051182.0;5;971;97113;1;1;2.0;6.0;16.2214;-61.52196;2024-12-01 23:29:00
202400051183.0;1;67;67218;1;1;2.0;6.0;48.54837;7.72997;2024-03-24 15:40:00
202400051184.0;3;42;42199;2;1;1.0;6.0;46.037716;3.932676;2024-07-13 00:14:00
202400051185.0;1;92;92004;2;2;8.0;3.0;48.91688531;2.28793909;2024-10-26 11:20:00
202400051186.0;1;49;49020;1;6;1.0;7.0;47.484149;-0.642502;2024-03-30 09:20:00
202400051187.0;5;94;94073;2;2;1.0;3.0;48.75831;2.3929;2024-02-15 19:30:00
202400051188.0;3;56;56121;2;1;2.0;6.0;47.74328;-3.38254;2024-08-16 02:23:00
202400051189.0;1;71;71544;2;3;1.0;1.0;46.875164;5.113385;2024-06-10 07:30:00
202400051190.0;5;972;97213;1;1;1.0;2.0;14.61995;-60.99418;2024-09-20 04:00:00
202400051191.0;3;54;54303;1;1;1.0;6.0;48.5439937;6.60242915;2024-10-26 21:45:00
202400051192.0;4;60;60380;2;9;2.0;6.0;49.13774;3.078843;2024-07-13 03:00:00
202400051193.0;2;91;91345;1;1;1.0;2.0;48.69022;2.32314;2024-03-28 18:45:00
202400051194.0;1;971;97101;1;3;1.0;3.0;16.25082;-61.51047;2024-12-01 11:50:00
202400051195.0;2;35;35238;2;3;1.0;3.0;48.09022;-1.68928;2024-01-03 18:52:00
202400051196.0;1;22;22273;1;4;1.0;3.0;48.556607;-2.486569;2024-05-05 10:50:00
202400051197.0;5;94;94022;2;1;2.0;6.0;48.773177;2.40187;2024-02-15 05:35:00
202400051198.0;3;59;59301;1;1;9.0;6.0;50.465709;3.532329;2024-10-26 18:50:00
202400051199.0;3;972;97209;1;1;1.0;6.0;14.623523;-61.060973;2024-09-21 00:20:00
202400051200.0;1;30;30191;1;1;1.0;3.0;44.133647;4.677279;2024-06-10 16:27:00
202400051201.0;5;971;97101;1;1;1.0;6.0;16.24937;-61.52831;2024-12-01 02:10:00
202400051202.0;1;91;91471;1;1;1.0;2.0;48.70453;2.19282;2024-03-28 09:20:00
202400051203.0;1;25;25462;2;1;1.0;6.0;46.91269;6.33495;2024-01-03 08:04:00
202400051204.0;1;26;26087;1;1;1.0;6.0;45.081712;5.126795;2024-10-26 21:00:00
202400051205.0;1;54;54395;2;9;1.0;3.0;48.69505;6.13818;2024-08-16 14:35:00
202400051206.0;1;93;93070;2;1;1.0;3.0;48.91306;2.33425;2024-02-14 14:20:00
202400051207.0;1;30;30209;1;1;1.0;3.0;43.976927;4.75325;2024-07-13 16:30:00
202400051208.0;1;30;30141;1;9;1.0;1.0;44.123624;4.681638;2024-06-10 15:30:00
202400051209.0;1;971;97105;2;1;1.0;6.0;16.00594428;-61.73642635;2024-12-02 16:25:00
202400051210.0;1;33;33154;1;1;2.0;6.0;45.111283;-0.015432;2024-10-10 11:45:00
202400051211.0;3;60;60413;1;1;1.0;7.0;49.13138;2.75171;2024-05-04 22:00:00
202400051212.0;1;25;25056;2;3;2.0;6.0;47.23168;5.99859;2024-01-03 14:05:00
202400051213.0;1;972;97209;1;1;1.0;4.0;14.60652;-61.08696;2024-09-20 08:30:00
202400051214.0;1;78;78043;1;1;1.0;4.0;48.83534;2.08808;2024-03-28 17:16:00
202400051215.0;5;89;89387;2;1;3.0;6.0;48.19668;3.30371;2024-11-19 18:15:00
202400051216.0;1;93;93048;2;2;1.0;2.0;48.87371859;2.43376493;2024-02-15 12:55:00
202400051217.0;1;83;83116;1;1;1.0;7.0;43.462358;5.826659;2024-06-11 09:29:00
202400051218.0;1;51;51217;2;1;1.0;7.0;49.073279;3.63721;2024-10-26 14:57:00
202400051219.0;5;69;69100;2;3;2.0;3.0;45.695041;4.820783;2024-07-12 21:55:00
202400051220.0;5;22;22278;2;1;2.0;6.0;48.51015;-2.75681;2024-01-03 18:20:00
202400051221.0;1;54;54304;2;2;1.0;3.0;48.679356;6.142616;2024-08-15 08:10:00
202400051222.0;1;91;91228;1;1;1.0;2.0;48.62648184;2.41572082;2024-05-04 15:41:00
202400051223.0;5;17;17300;2;1;9.0;7.0;46.15878;-1.15991;2024-01-03 02:45:00
202400051224.0;1;78;78140;1;1;1.0;2.0;48.964469;1.925415;2024-03-27 15:00:00
202400051225.0;1;6;6064;1;1;1.0;3.0;43.755549;7.165727;2024-10-27 16:20:00
202400051226.0;1;51;51333;1;1;2.0;6.0;49.155299;4.091592;2024-07-12 08:00:00
202400051227.0;1;69;69152;2;4;1.0;3.0;45.70741;4.82118;2024-09-21 12:40:00
202400051228.0;1;51;51108;2;1;7.0;6.0;48.94701;4.354191;2024-08-15 18:20:00
202400051229.0;1;76;76034;2;3;1.0;1.0;49.714409;1.113999;2024-06-10 10:40:00
202400051230.0;2;93;93046;2;5;1.0;2.0;48.91194;2.52054;2024-02-15 17:45:00
202400051231.0;1;92;92036;1;1;1.0;5.0;48.94355783;2.28738079;2024-05-03 18:15:00
202400051232.0;1;78;78440;2;1;1.0;7.0;48.990543;1.908815;2024-12-02 15:30:00
202400051233.0;2;77;77116;2;1;5.0;7.0;48.755623;3.213018;2024-10-23 07:30:00
202400051234.0;1;78;78640;1;1;1.0;2.0;48.7775;2.221063;2024-03-27 08:55:00
202400051235.0;1;16;16102;2;1;1.0;3.0;45.69283;-0.32849;2024-01-03 10:42:00
202400051236.0;1;50;50129;2;1;1.0;7.0;49.65375;-1.6752;2024-08-15 16:20:00
202400051237.0;1;51;51343;2;1;1.0;6.0;48.554995;3.713486;2024-07-12 10:25:00
202400051238.0;1;82;82124;1;1;1.0;1.0;44.023611;1.27619;2024-06-10 15:00:00
202400051239.0;1;93;93007;2;3;1.0;6.0;48.936438;2.457968;2024-02-15 14:45:00
202400051240.0;1;988;98818;2;1;1.0;3.0;-22.27694;166.47724;2024-05-03 17:00:00
202400051241.0;1;971;97101;1;1;1.0;4.0;16.2622;-61.50353;2024-09-21 14:45:00
202400051242.0;1;13;13208;2;1;1.0;5.0;43.27618;5.38743;2024-01-03 13:30:00
202400051243.0;1;66;66050;1;9;1.0;3.0;42.75103;2.952876;2024-10-26 12:45:00
202400051244.0;1;92;92050;1;1;2.0;3.0;48.90619301;2.21066594;2024-03-26 17:40:00
202400051245.0;1;49;49007;2;1;1.0;2.0;47.47959;-0.55164;2024-08-16 15:42:00
202400051246.0;1;19;19151;1;1;1.0;5.0;45.09435638;1.5202688;2024-07-13 10:10:00
202400051247.0;1;33;33531;1;1;1.0;1.0;44.825142;-0.242297;2024-06-10 18:40:00
202400051248.0;1;987;98735;2;1;1.0;2.0;-17.53177935;-149.55506015;2024-05-03 13:08:00
202400051249.0;3;2A;2A004;2;1;1.0;6.0;41.92929;8.74023;2024-09-22 01:35:00