Num_Acc;lum;departement;commune;agglomeration;intersection;meteo;type_collision;lat;long;date
202400051250.0;5;93;93005;2;3;1.0;6.0;48.93116;2.48471;2024-02-15 19:45:00
202400051251.0;2;57;57106;2;6;1.0;2.0;49.298004;6.530814;2024-10-27 16:55:00
202400051252.0;5;11;11262;2;1;1.0;3.0;43.18213;2.99508;2024-01-03 20:15:00
202400051253.0;1;93;93007;1;1;1.0;2.0;48.94925302;2.44676549;2024-03-27 17:05:00
202400051254.0;1;67;67448;1;1;1.0;7.0;48.482455;7.197226;2024-07-12 19:40:00
202400051255.0;5;76;76540;2;5;1.0;3.0;49.44862082;1.09963059;2024-10-20 02:25:00
202400051256.0;1;49;49267;2;6;1.0;3.0;47.45933;-0.48507;2024-08-16 09:17:00
202400051257.0;3;91;91275;2;1;1.0;6.0;48.683668;2.148062;2024-10-26 21:05:00
202400051258.0;1;7;7019;2;1;1.0;6.0;44.62245536;4.38330084;2024-01-03 08:55:00
202400051259.0;2;76;76575;2;1;8.0;6.0;49.39197;1.09134;2024-11-17 07:20:00
202400051260.0;3;91;91689;1;1;1.0;1.0;48.71461;2.32602;2024-09-21 22:30:00
202400051261.0;3;974;97416;1;1;1.0;2.0;-21.33617;55.48922;2024-05-03 18:10:00
202400051262.0;1;92;92046;2;2;1.0;6.0;48.81930421;2.30449426;2024-02-15 15:00:00
202400051263.0;1;65;65062;2;1;2.0;7.0;43.203514;0.127861;2024-07-12 18:00:00
202400051264.0;5;44;44109;2;6;2.0;3.0;47.26652;-1.51363;2024-08-16 23:25:00
202400051265.0;1;73;73031;2;1;1.0;6.0;45.5708;5.94198;2024-12-02 08:45:00
202400051266.0;2;51;51079;1;3;1.0;3.0;49.089003;4.127973;2024-10-26 18:15:00
202400051267.0;3;94;94044;1;1;1.0;3.0;48.73926649;2.51610276;2024-03-28 21:00:00
202400051268.0;5;69;69266;2;1;1.0;2.0;45.77060474;4.86431107;2024-11-17 21:00:00
202400051269.0;3;19;19057;1;1;2.0;6.0;45.05832;1.662626;2024-10-26 05:15:00
202400051270.0;1;42;42218;2;2;1.0;6.0;45.42338;4.39196;2024-08-11 18:30:00
202400051271.0;1;92;92051;2;1;1.0;1.0;48.88343914;2.25404298;2024-02-15 09:50:00
202400051272.0;1;75;75113;2;1;1.0;4.0;48.817866;2.368227;2024-01-03 13:05:00
202400051273.0;1;69;69264;2;1;2.0;3.0;45.99015;4.73799;2024-12-02 14:45:00
202400051274.0;1;71;71522;2;1;1.0;1.0;46.62605;5.002;2024-06-11 18:50:00
202400051275.0;1;32;32054;1;1;1.0;5.0;43.713689;0.43198;2024-07-12 16:00:00
202400051276.0;5;974;97411;2;9;1.0;6.0;-20.88034;55.44402;2024-05-03 23:35:00
202400051277.0;5;74;74169;2;1;1.0;6.0;46.072719;6.528548;2024-01-16 07:15:00
202400051278.0;5;75;75120;2;1;1.0;7.0;48.86574049;2.41291076;2024-01-03 00:01:00
202400051279.0;1;91;91109;1;1;1.0;1.0;48.45766;2.16238;2024-09-21 14:03:00
202400051280.0;2;92;92050;2;1;1.0;2.0;48.89193;2.17744;2024-02-15 20:55:00
202400051281.0;1;56;56190;2;2;1.0;3.0;47.974309;-2.747451;2024-10-26 16:45:00
202400051282.0;3;69;69091;2;7;2.0;1.0;45.58912828;4.77166936;2024-12-02 20:30:00
202400051283.0;3;74;74234;1;1;2.0;6.0;45.77432855;6.31008106;2024-01-22 23:55:00
202400051284.0;1;974;97411;2;9;1.0;6.0;-20.89293;55.46556;2024-05-03 07:35:00
202400051285.0;1;49;49018;1;1;1.0;7.0;47.549097;-0.067288;2024-06-10 16:40:00
202400051286.0;5;92;92062;2;1;1.0;7.0;48.89386391;2.2359738;2024-02-15 20:00:00
202400051287.0;5;38;38185;2;2;2.0;2.0;45.17821;5.72759;2024-08-17 00:25:00
202400051288.0;1;71;71285;1;2;1.0;3.0;46.515306;4.358769;2024-07-13 14:45:00
202400051289.0;1;75;75116;2;2;1.0;3.0;48.862831;2.280999;2024-01-03 14:45:00
202400051290.0;5;74;74305;2;1;1.0;6.0;46.1988;6.266;2024-01-26 23:00:00
202400051291.0;5;66;66136;2;1;1.0;6.0;42.70467;2.89258;2024-12-02 07:25:00
202400051292.0;1;56;56094;1;1;1.0;1.0;47.767823;-3.27796;2024-10-26 16:20:00
202400051293.0;1;42;42017;1;1;1.0;7.0;45.367399;4.519682;2024-06-10 11:30:00
202400051294.0;2;974;97411;2;1;1.0;3.0;-20.89076;55.45503;2024-05-03 06:30:00
202400051295.0;5;92;92026;2;1;1.0;6.0;48.8943245;2.26112679;2024-02-15 06:35:00
202400051296.0;1;71;71416;1;1;1.0;7.0;46.470431;4.781038;2024-07-13 18:20:00
202400051297.0;5;86;86194;2;1;1.0;1.0;46.592497;0.342668;2024-09-22 23:45:00
202400051298.0;3;34;34129;1;1;2.0;1.0;43.56699;3.87016;2024-08-16 22:00:00
202400051299.0;1;63;63448;1;1;2.0;6.0;45.47932644;3.48878853;2024-10-26 17:00:00
202400051300.0;1;64;64445;2;1;2.0;2.0;43.31154;-0.36528;2024-12-02 15:20:00
202400051301.0;1;34;34074;1;1;1.0;7.0;43.448664;3.016228;2024-06-11 08:30:00
202400051302.0;1;92;92024;2;1;1.0;6.0;48.90825332;2.2998096;2024-02-14 15:30:00
202400051303.0;5;75;75120;2;3;2.0;3.0;48.863752;2.40767;2024-01-03 21:00:00
202400051304.0;3;89;89190;1;3;2.0;6.0;47.526917;3.795433;2024-07-12 01:25:00
202400051305.0;5;34;34172;2;1;3.0;6.0;43.59527;3.86197;2024-08-15 20:55:00
202400051306.0;5;74;74133;2;2;3.0;3.0;46.19;6.211;2024-01-18 21:05:00
202400051307.0;1;83;83137;2;1;1.0;3.0;43.12752137;5.92495197;2024-09-20 18:25:00
202400051308.0;1;973;97302;2;3;1.0;3.0;4.94225827;-52.33127654;2024-05-03 15:48:00
202400051309.0;1;22;22284;1;1;1.0;6.0;48.411001;-3.092737;2024-05-29 15:30:00
202400051310.0;5;75;75117;2;4;2.0;6.0;48.88128;2.285691;2024-01-02 19:50:00
202400051311.0;1;64;64445;2;2;1.0;3.0;43.30149;-0.36921;2024-12-01 11:35:00
202400051312.0;1;63;63380;2;1;1.0;6.0;45.589694;2.993093;2024-07-13 11:15:00
202400051313.0;1;92;92024;2;4;2.0;3.0;48.90369718;2.30322415;2024-02-14 14:09:00
202400051314.0;1;74;74012;2;1;1.0;3.0;46.19127;6.23428;2024-01-24 17:30:00
202400051315.0;5;33;33063;2;9;1.0;3.0;44.8306;-0.55457;2024-08-17 00:15:00
202400051316.0;5;64;64024;2;1;1.0;7.0;43.48219;-1.5079;2024-12-01 20:51:00
202400051317.0;1;83;83129;2;6;1.0;6.0;43.09782;5.82592;2024-09-17 10:40:00
202400051318.0;1;973;97302;2;1;3.0;3.0;4.93552714;-52.31290269;2024-05-03 12:15:00
202400051319.0;2;44;44072;1;1;1.0;2.0;47.447942;-2.280006;2024-06-07 19:45:00
202400051320.0;1;55;55365;1;1;8.0;7.0;49.39531;5.256422;2024-07-12 19:15:00
202400051321.0;1;75;75115;2;1;3.0;3.0;48.840165;2.303405;2024-01-03 10:30:00
202400051322.0;3;68;68306;1;1;1.0;5.0;47.52410542;7.1770841;2024-10-27 18:00:00
202400051323.0;3;74;74131;2;1;1.0;6.0;46.0197084;5.93292207;2024-01-23 07:30:00
202400051324.0;1;92;92023;2;1;1.0;3.0;48.7866095;2.2446202;2024-02-15 09:20:00
202400051325.0;3;12;12107;1;1;1.0;6.0;44.363087;2.900133;2024-07-12 00:35:00
202400051326.0;5;59;59560;2;2;1.0;6.0;50.54906;3.02889;2024-12-02 07:25:00
202400051327.0;1;29;29160;1;1;1.0;6.0;48.51480462;-4.40793435;2024-06-08 07:20:00
202400051328.0;1;68;68155;1;1;1.0;7.0;48.098196;7.296274;2024-10-27 15:25:00
202400051329.0;1;74;74019;2;1;2.0;6.0;45.941646;6.132839;2024-01-17 14:50:00
202400051330.0;1;75;75115;2;1;2.0;3.0;48.84338724;2.31197298;2024-01-03 08:20:00
202400051331.0;1;973;97302;2;1;1.0;6.0;4.93451;-52.32728;2024-05-03 07:45:00
202400051332.0;1;33;33522;2;2;1.0;7.0;44.8029;-0.58932;2024-08-16 19:45:00
202400051333.0;2;80;80021;2;1;1.0;3.0;49.8939755;2.29735628;2024-09-21 19:42:00
202400051334.0;1;92;92036;2;5;8.0;1.0;48.91978153;2.32252336;2024-02-14 13:15:00
202400051335.0;1;39;39441;1;1;1.0;7.0;46.474325;6.02922;2024-10-25 17:15:00
202400051336.0;1;68;68148;2;2;1.0;1.0;47.602434;7.33368;2024-07-11 17:05:00
202400051337.0;5;973;97302;2;1;1.0;7.0;4.93260083;-52.33272099;2024-05-03 02:30:00
202400051338.0;5;59;59350;2;2;1.0;3.0;50.63371;3.05516;2024-12-01 05:37:00
202400051339.0;3;74;74137;1;1;2.0;1.0;45.997029;6.176355;2024-01-08 17:42:00
202400051340.0;5;75;75108;2;2;2.0;6.0;48.871015;2.300867;2024-01-03 18:30:00
202400051341.0;1;79;79191;2;6;2.0;2.0;46.33885;-0.40815;2024-09-21 19:38:00
202400051342.0;1;2;2744;1;2;1.0;5.0;49.084035;3.278496;2024-06-11 07:40:00
202400051343.0;5;92;92002;2;1;1.0;3.0;48.7627218;2.30865383;2024-02-15 17:45:00
202400051344.0;5;33;33167;2;2;1.0;3.0;44.82781;-0.53123;2024-08-16 06:30:00
202400051345.0;4;39;39478;2;1;1.0;6.0;46.379715;5.851277;2024-10-27 00:35:00
202400051346.0;1;68;68374;1;1;1.0;3.0;48.07226715;7.25413325;2024-07-12 11:30:00
202400051347.0;1;972;97213;2;1;1.0;6.0;14.61699;-61.01653;2024-05-03 07:50:00
202400051348.0;1;59;59155;2;1;1.0;6.0;51.01861;2.38151;2024-10-30 09:50:00
202400051349.0;1;988;98818;2;1;1.0;6.0;-22.25381;166.47095;2024-03-27 16:41:00
202400051350.0;1;3;3311;1;1;3.0;7.0;46.130208;3.096169;2024-06-11 08:20:00
202400051351.0;1;75;75108;2;1;1.0;3.0;48.875078;2.322072;2024-01-03 16:10:00
202400051352.0;2;25;25240;2;1;2.0;7.0;47.079385;6.625697;2024-07-12 21:06:00
202400051353.0;1;2A;2A189;1;1;1.0;3.0;41.699849;8.9324;2024-02-16 17:55:00
202400051354.0;5;57;57672;2;1;1.0;6.0;49.35888;6.17044;2024-11-29 23:20:00
202400051355.0;1;2B;2B120;1;1;1.0;3.0;42.6548;9.43961;2024-05-03 18:45:00
202400051356.0;1;976;97611;1;1;1.0;1.0;-12.7976;45.20119;2024-03-27 09:10:00
202400051357.0;3;38;38480;1;1;2.0;3.0;45.552666;4.986868;2024-10-27 03:05:00
202400051358.0;2;44;44013;1;1;1.0;6.0;47.380853;-2.070958;2024-07-12 21:15:00
202400051359.0;1;3;3217;1;1;1.0;3.0;46.341832;2.676061;2024-06-11 13:45:00
202400051360.0;5;94;94065;2;2;2.0;3.0;48.74620903;2.35493593;2024-01-03 16:50:00
202400051361.0;5;51;51358;2;3;1.0;6.0;48.748539;4.847859;2024-02-15 21:15:00
202400051362.0;1;56;56260;2;6;1.0;3.0;47.66165;-2.7255;2024-12-02 14:51:00
202400051363.0;1;44;44087;2;1;1.0;6.0;46.999366;-1.826319;2024-07-12 21:05:00
202400051364.0;5;2B;2B033;2;1;3.0;6.0;42.69039;9.44727;2024-05-02 22:42:00
202400051365.0;3;974;97416;1;1;1.0;2.0;-21.32841;55.45905;2024-03-27 18:15:00
202400051366.0;1;70;70117;1;3;1.0;3.0;47.645861;6.779863;2024-10-27 16:20:00
202400051367.0;1;3;3019;2;2;1.0;3.0;46.587639;3.667765;2024-06-11 09:40:00
202400051368.0;1;29;29232;2;1;2.0;2.0;47.96730509;-4.08440095;2024-08-16 15:15:00
202400051369.0;1;13;13078;1;1;8.0;6.0;43.43585;4.830079;2024-02-16 07:45:00
202400051370.0;5;54;54257;2;1;1.0;6.0;48.65964204;6.19955868;2024-12-01 20:15:00
202400051371.0;5;94;94028;2;3;2.0;6.0;48.79573633;2.44877073;2024-01-03 06:55:00
202400051372.0;1;35;35306;1;1;1.0;6.0;48.587949;-1.915548;2024-07-12 20:45:00
202400051373.0;1;70;70240;2;1;1.0;6.0;47.8550332;6.33424311;2024-10-27 15:20:00
202400051374.0;3;77;77276;1;6;1.0;3.0;48.91759;2.87968;2024-09-21 22:30:00
202400051375.0;1;29;29232;2;6;2.0;7.0;47.99718;-4.119511;2024-08-16 12:35:00
202400051376.0;3;54;54056;1;1;1.0;6.0;49.41712262;5.76888442;2024-06-09 02:35:00
202400051377.0;1;974;97416;1;1;1.0;3.0;-21.30153;55.42979;2024-02-27 09:00:00
202400051378.0;1;974;97405;1;1;1.0;3.0;-21.36868;55.57494;2024-02-16 08:18:00
202400051379.0;1;93;93027;2;1;1.0;6.0;48.92652;2.3955;2024-01-03 09:30:00
202400051380.0;1;38;38104;2;1;1.0;6.0;45.580275;5.584869;2024-07-13 14:50:00
202400051381.0;1;74;74281;2;1;1.0;6.0;46.381;6.497;2024-09-21 17:10:00
202400051382.0;5;45;45234;2;1;2.0;3.0;47.920129;1.90236;2024-12-02 07:50:00
202400051383.0;1;971;97101;2;3;1.0;1.0;16.22782645;-61.52697265;2024-05-03 07:15:00
202400051384.0;1;974;97411;2;1;1.0;7.0;-20.8904;55.46561;2024-03-27 17:55:00
202400051385.0;1;72;72006;2;6;2.0;1.0;48.397026;0.088706;2024-06-10 13:50:00
202400051386.0;3;14;14062;1;6;1.0;1.0;49.303192;-0.436878;2024-10-27 00:24:00
202400051387.0;3;972;97207;1;1;1.0;3.0;14.559898;-60.974244;2024-02-11 23:43:00
202400051388.0;3;971;97113;1;1;1.0;7.0;16.24747;-61.45939;2024-05-01 21:10:00
202400051389.0;1;29;29019;1;1;1.0;2.0;48.415984;-4.479337;2024-08-16 15:40:00
202400051390.0;1;15;15179;2;3;1.0;6.0;45.098647;2.389811;2024-07-12 20:50:00
202400051391.0;1;974;97411;2;1;1.0;2.0;-20.89194;55.45276;2024-03-27 12:13:00
202400051392.0;2;93;93001;2;3;2.0;3.0;48.914575;2.390841;2024-01-03 18:00:00
202400051393.0;1;72;72221;1;1;1.0;3.0;47.665467;0.397718;2024-04-28 10:50:00
202400051394.0;3;62;62038;1;1;1.0;6.0;50.85918702;1.99443277;2024-02-15 21:00:00
202400051395.0;1;41;41269;2;1;1.0;2.0;47.77899;1.07672;2024-12-02 09:45:00
202400051396.0;1;74;74281;2;6;1.0;2.0;46.38069;6.49713;2024-09-21 11:50:00
202400051397.0;1;50;50400;1;1;1.0;6.0;49.379865;-1.363367;2024-06-05 10:05:00
202400051398.0;1;974;97411;1;1;1.0;6.0;-20.90257;55.39846;2024-03-27 10:41:00
202400051399.0;1;89;89024;2;9;1.0;3.0;47.8176;3.58501;2024-05-01 08:20:00
202400051400.0;1;6;6119;1;1;1.0;6.0;44.323541;6.883471;2024-07-13 13:50:00
202400051401.0;1;43;43105;1;1;1.0;6.0;45.30040125;3.49477839;2024-10-27 16:30:00
202400051402.0;5;92;92040;2;6;2.0;6.0;48.82775099;2.26767227;2024-01-03 05:40:00
202400051403.0;2;72;72181;2;1;1.0;6.0;48.00826;0.20036;2024-09-18 20:15:00
202400051404.0;1;29;29019;2;6;1.0;2.0;48.413918;-4.479586;2024-08-12 17:45:00
202400051405.0;5;38;38185;2;1;2.0;6.0;45.1692;5.71285;2024-12-02 20:05:00
202400051406.0;1;88;88009;1;2;2.0;1.0;48.180803;6.937222;2024-02-16 13:35:00
202400051407.0;1;973;97302;1;1;1.0;6.0;4.90741932;-52.32275248;2024-03-22 17:00:00
202400051408.0;1;87;87085;2;1;2.0;6.0;45.83044;1.25118;2024-05-02 14:21:00
202400051409.0;1;22;22187;2;1;1.0;6.0;48.541129;-2.82751027;2024-08-16 20:25:00
202400051410.0;1;14;14200;2;3;8.0;1.0;49.277976;-0.546613;2024-07-11 18:10:00
202400051411.0;1;43;43111;1;1;2.0;1.0;44.85146921;3.84888978;2024-10-27 14:14:00
202400051412.0;3;29;29302;1;1;3.0;6.0;48.24436297;-4.10712627;2024-02-14 19:20:00
202400051413.0;2;92;92040;2;1;2.0;3.0;48.82786017;2.27180725;2024-01-02 16:40:00
202400051414.0;5;972;97213;1;1;2.0;3.0;14.61811928;-61.02865664;2024-03-27 00:05:00
202400051415.0;1;67;67482;2;4;1.0;3.0;48.588816;7.714043;2024-09-21 18:10:00
202400051416.0;5;38;38423;2;2;3.0;3.0;45.21503;5.68625;2024-12-02 18:20:00
202400051417.0;1;60;60584;2;1;1.0;1.0;49.216385;2.420672;2024-07-13 06:55:00
202400051418.0;1;60;60518;1;2;1.0;4.0;49.574435;2.182417;2024-05-09 12:15:00
202400051419.0;1;87;87085;2;2;3.0;3.0;45.84644;1.26313;2024-05-02 09:38:00
202400051420.0;1;22;22164;1;1;1.0;6.0;48.595017;-3.25912;2024-02-16 16:20:00
202400051421.0;1;16;16231;1;1;2.0;4.0;46.002551;0.894055;2024-10-26 17:25:00
202400051422.0;1;22;22113;1;1;1.0;3.0;48.75354;-3.40885;2024-08-16 20:05:00
202400051423.0;1;64;64237;1;1;1.0;7.0;43.2708;-0.36968;2024-09-21 19:39:00
202400051424.0;3;36;36063;1;9;1.0;6.0;46.83109;1.72145;2024-12-02 05:45:00
202400051425.0;5;69;69034;2;1;1.0;2.0;45.7942;4.82758;2024-03-27 23:15:00
202400051426.0;2;72;72213;2;1;1.0;6.0;47.94215;0.232623;2024-02-14 17:40:00
202400051427.0;5;92;92036;2;2;2.0;3.0;48.92105;2.3252;2024-01-03 20:33:00
202400051428.0;1;45;45127;2;1;1.0;6.0;48.139452;2.764077;2024-07-13 14:50:00
202400051429.0;1;60;60513;2;1;8.0;1.0;49.204301;2.382231;2024-06-11 16:00:00
202400051430.0;1;84;84007;2;3;1.0;2.0;43.95327;4.81377;2024-05-03 11:30:00
202400051431.0;5;64;64445;2;1;1.0;6.0;43.31385;-0.34539;2024-09-21 01:30:00
202400051432.0;1;62;62808;1;1;2.0;6.0;50.445085;2.225075;2024-02-16 08:05:00
202400051433.0;1;43;43034;1;1;1.0;7.0;45.321994;3.98594;2024-07-12 19:35:00
202400051434.0;1;69;69385;2;4;1.0;6.0;45.75836;4.81305;2024-03-27 17:45:00
202400051435.0;5;92;92036;2;1;1.0;6.0;48.92127479;2.29435756;2024-01-03 18:30:00
202400051436.0;1;85;85156;1;1;1.0;1.0;46.487254;-1.443393;2024-10-26 14:25:00
202400051437.0;5;17;17306;2;3;1.0;7.0;45.645718;-1.024438;2024-08-15 23:25:00
202400051438.0;5;35;35238;2;1;2.0;6.0;48.08733;-1.65361;2024-12-02 17:25:00
202400051439.0;1;84;84007;1;1;2.0;3.0;43.94461;4.83454;2024-05-02 18:00:00
202400051440.0;1;64;64122;2;1;2.0;6.0;43.46000447;-1.54178851;2024-09-21 08:31:00
202400051441.0;1;64;64519;2;2;1.0;3.0;43.368053;-0.389408;2024-06-10 15:20:00
202400051442.0;5;10;10002;2;1;1.0;6.0;48.2546;4.6823;2024-07-13 00:01:00
202400051443.0;3;85;85145;1;1;2.0;7.0;46.724881;-0.942855;2024-10-25 19:20:00
202400051444.0;1;19;19023;1;1;1.0;7.0;45.13182873;1.67657112;2024-02-15 14:00:00
202400051445.0;1;69;69389;2;1;1.0;6.0;45.78635967;4.79591279;2024-03-27 15:10:00
202400051446.0;1;35;35238;2;1;1.0;6.0;48.10509;-1.69772;2024-12-02 14:55:00
202400051447.0;1;10;10033;2;1;1.0;6.0;48.227925;4.714948;2024-07-12 10:56:00
202400051448.0;1;92;92026;2;3;2.0;6.0;48.90233829;2.24303976;2024-01-03 08:20:00
202400051449.0;1;12;12176;2;6;1.0;3.0;44.37052297;2.5865069;2024-08-14 09:05:00
202400051450.0;3;17;17187;1;1;5.0;7.0;45.438484;-0.518063;2024-10-26 07:38:00
202400051451.0;5;59;59650;2;2;1.0;3.0;50.71425;3.17923;2024-09-22 23:45:00
202400051452.0;1;16;16081;2;1;1.0;2.0;45.83818;0.038379;2024-06-11 16:00:00
202400051453.0;1;35;35238;2;1;1.0;3.0;48.10235;-1.72541;2024-12-02 12:45:00
202400051454.0;1;79;79100;1;3;1.0;1.0;46.334732;-0.591679;2024-02-15 14:30:00
202400051455.0;1;21;21415;1;1;1.0;1.0;47.672491;4.84391;2024-07-12 16:50:00
202400051456.0;1;77;77390;2;1;2.0;6.0;48.7978;2.64;2024-05-03 15:15:00
202400051457.0;1;971;97105;1;1;1.0;5.0;16.00971877;-61.73975766;2024-03-27 17:10:00
202400051458.0;1;7;7010;2;1;8.0;6.0;45.2483471;4.6794112;2024-06-11 15:30:00
202400051459.0;1;11;11262;2;1;1.0;3.0;43.1817;2.98845;2024-08-16 08:35:00
202400051460.0;1;974;97415;1;1;2.0;1.0;-21.022582;55.27374;2024-01-04 09:30:00
202400051461.0;1;59;59512;2;1;1.0;3.0;50.69445;3.19606;2024-09-21 14:45:00
202400051462.0;2;21;21408;1;1;7.0;7.0;47.422306;4.973335;2024-07-12 20:50:00
202400051463.0;1;35;35051;1;1;1.0;4.0;48.09923369;-1.61418289;2024-12-02 09:00:00
202400051464.0;1;8;8024;1;1;1.0;3.0;49.495058;4.12219;2024-10-26 18:20:00
202400051465.0;1;80;80288;1;2;7.0;3.0;49.869235;2.816877;2024-02-15 14:32:00
202400051466.0;1;74;74305;2;1;1.0;3.0;46.20327;6.24913;2024-05-03 11:05:00
202400051467.0;1;91;91161;2;1;2.0;2.0;48.69974;2.31055;2024-03-27 09:30:00
202400051468.0;1;53;53174;1;1;1.0;7.0;48.3092533;-0.66521002;2024-06-11 17:10:00
202400051469.0;1;1;1194;1;1;1.0;1.0;45.996421;4.756458;2024-01-04 13:07:00
202400051470.0;1;11;11262;2;1;1.0;2.0;43.18155;2.97998;2024-08-16 07:10:00
202400051471.0;1;34;34337;1;1;1.0;7.0;43.537583;3.823071;2024-10-27 10:15:00
202400051472.0;5;54;54099;2;6;1.0;3.0;49.242983;5.942917;2024-09-21 20:31:00
202400051473.0;1;35;35238;2;1;1.0;1.0;48.09774;-1.64302;2024-12-02 09:45:00
202400051474.0;1;85;85288;1;2;1.0;5.0;46.477037;-1.669117;2024-07-12 14:00:00
202400051475.0;5;973;97309;2;6;1.0;7.0;4.919852;-52.279129;2024-10-27 01:25:00
202400051476.0;1;72;72181;2;1;8.0;6.0;47.97562;0.22051;2024-05-02 10:55:00
202400051477.0;3;17;17142;2;1;2.0;6.0;46.189435;-1.071516;2024-01-03 18:10:00
202400051478.0;1;24;24217;1;3;1.0;3.0;44.96227;0.887894;2024-06-10 16:00:00
202400051479.0;3;89;89277;1;1;5.0;7.0;47.676557;3.848171;2024-02-02 07:30:00
202400051480.0;5;6;6088;2;9;1.0;6.0;43.68906;7.29552;2024-08-16 03:31:00
202400051481.0;1;51;51454;2;1;1.0;6.0;49.24288;4.03916;2024-09-21 13:10:00
202400051482.0;1;89;89024;2;2;1.0;3.0;47.7956;3.5641;2024-03-22 11:25:00
202400051483.0;2;28;28184;1;1;1.0;2.0;48.34575;1.823983;2024-07-12 21:35:00
202400051484.0;5;69;69244;2;1;1.0;3.0;45.77213473;4.79092583;2024-10-26 19:25:00
202400051485.0;2;34;34172;2;2;2.0;3.0;43.59329;3.86644;2024-12-02 17:27:00
202400051486.0;1;47;47114;1;1;8.0;6.0;44.37737445;0.10533365;2024-01-03 11:40:00
202400051487.0;1;71;71076;2;1;2.0;6.0;46.80016;4.86144;2024-05-02 08:40:00
202400051488.0;1;85;85084;1;1;1.0;6.0;46.74887;-1.2618;2024-06-06 14:50:00
202400051489.0;1;37;37181;1;1;1.0;6.0;46.96832111;0.83197787;2024-07-11 11:18:00
202400051490.0;1;49;49007;2;1;1.0;6.0;47.47391;-0.556;2024-09-21 18:04:00
202400051491.0;1;63;63187;1;2;1.0;6.0;46.216352;2.846918;2024-02-15 16:30:00
202400051492.0;5;84;84007;2;9;2.0;3.0;43.93282;4.80285;2024-03-26 20:18:00
202400051493.0;5;75;75117;2;3;1.0;2.0;48.885609;2.324966;2024-08-16 01:50:00
202400051494.0;5;33;33260;1;1;2.0;3.0;44.49926;-0.84039;2024-10-26 20:10:00
202400051495.0;1;88;88530;2;1;1.0;1.0;48.044048;6.407942;2024-06-11 10:30:00
202400051496.0;2;34;34032;1;2;1.0;3.0;43.34629;3.16628;2024-12-02 07:00:00
202400051497.0;1;30;30068;1;6;1.0;2.0;44.019577;4.102197;2024-04-21 12:15:00
202400051498.0;1;69;69275;2;2;1.0;3.0;45.76402;4.95635;2024-05-03 20:10:00
202400051499.0;3;62;62298;1;2;6.0;1.0;50.23171255;3.17404175;2024-01-03 06:05:00
202400051500.0;2;12;12109;1;1;5.0;6.0;43.860643;2.942587;2024-02-15 09:15:00
202400051501.0;1;988;98817;1;3;1.0;6.0;-22.270809;166.569842;2024-10-27 14:40:00
202400051502.0;1;83;83153;2;6;3.0;6.0;43.07479449;5.90852613;2024-03-26 14:30:00
202400051503.0;1;49;49007;1;1;8.0;2.0;47.46942;-0.596;2024-09-21 14:55:00
202400051504.0;1;978;97801;2;1;1.0;7.0;18.098784;-63.049421;2024-06-10 16:30:00
202400051505.0;1;973;97307;1;1;1.0;2.0;4.892957;-52.351377;2024-07-12 15:41:00
202400051506.0;1;47;47252;1;9;1.0;2.0;44.39969;0.610044;2024-02-14 12:50:00
202400051507.0;1;40;40307;1;1;1.0;1.0;44.332475;-0.593825;2024-01-04 12:00:00
202400051508.0;1;33;33063;2;1;2.0;3.0;44.834215;-0.552112;2024-12-02 13:50:00
202400051509.0;1;69;69266;2;2;1.0;6.0;45.77085;4.86683;2024-05-03 17:30:00
202400051510.0;1;75;75115;2;2;1.0;3.0;48.83474;2.305194;2024-08-16 07:15:00
202400051511.0;1;988;98821;2;3;1.0;6.0;-22.13471;166.37367;2024-10-25 15:40:00
202400051512.0;5;47;47001;2;6;1.0;6.0;44.21384;0.65099;2024-09-21 23:30:00
202400051513.0;3;86;86293;1;1;1.0;2.0;46.402656;0.235144;2024-02-16 01:45:00
202400051514.0;1;69;69266;2;1;8.0;6.0;45.76379;4.87097;2024-05-02 10:00:00
202400051515.0;1;56;56035;1;1;2.0;3.0;47.842226;-2.316656;2024-01-04 08:50:00
202400051516.0;1;13;13051;1;1;1.0;5.0;43.547339;5.153845;2024-07-12 19:30:00
202400051517.0;1;972;97230;1;1;3.0;6.0;14.73401;-60.985413;2024-10-25 18:15:00
202400051518.0;1;42;42231;1;1;1.0;5.0;46.100655;3.978724;2024-06-10 16:00:00
202400051519.0;3;78;78350;2;2;1.0;3.0;48.8665;2.11299;2024-03-27 00:20:00
202400051520.0;1;33;33522;2;2;2.0;3.0;44.82515;-0.58913;2024-12-02 09:15:00
202400051521.0;1;75;75114;2;3;1.0;3.0;48.833587;2.317484;2024-08-16 10:10:00
202400051522.0;2;29;29216;1;1;8.0;2.0;47.9601633;-4.17120204;2024-02-06 18:20:00
202400051523.0;1;47;47032;2;1;1.0;6.0;44.18630674;0.6679827;2024-09-21 10:30:00
202400051524.0;3;56;56042;1;1;2.0;1.0;47.828945;-2.814485;2024-01-03 19:20:00
202400051525.0;2;33;33318;2;9;3.0;6.0;44.79739;-0.64159;2024-12-02 08:05:00
202400051526.0;1;971;97116;2;1;1.0;6.0;16.325329;-61.468506;2024-06-10 11:15:00
202400051527.0;1;69;69264;2;1;1.0;3.0;45.99643743;4.7207828;2024-05-03 12:55:00
202400051528.0;1;76;76217;2;2;1.0;3.0;49.91489;1.07494;2024-03-27 14:20:00
202400051529.0;1;78;78571;1;1;1.0;2.0;48.853264;2.039428;2024-07-12 17:15:00
202400051530.0;3;29;29233;1;1;1.0;7.0;47.86621127;-3.52363305;2024-10-27 04:15:00
202400051531.0;1;94;94081;2;3;1.0;6.0;48.78485074;2.40026486;2024-08-15 18:30:00
202400051532.0;1;3;3107;1;1;1.0;6.0;46.103262;3.046989;2024-02-15 16:30:00