Num_Acc;lum;departement;commune;agglomeration;intersection;meteo;type_collision;lat;long;date
202400051533.0;1;65;65363;1;2;2.0;3.0;43.118387;0.428102;2024-01-03 14:30:00
202400051534.0;3;29;29232;2;6;2.0;3.0;47.99162801;-4.07356783;2024-12-02 07:30:00
202400051535.0;3;66;66211;1;1;1.0;6.0;42.571254;2.770926;2024-10-26 22:20:00
202400051536.0;1;28;28007;2;1;1.0;2.0;48.849197;1.434145;2024-06-09 18:40:00
202400051537.0;1;73;73008;2;6;2.0;3.0;45.67634;5.90905;2024-03-27 11:55:00
202400051538.0;3;33;33122;1;9;1.0;3.0;44.720587;-0.743331;2024-06-25 23:28:00
202400051539.0;5;45;45147;2;3;2.0;3.0;47.92831;1.91613;2024-09-22 00:30:00
202400051540.0;1;67;67462;2;1;2.0;1.0;48.27172;7.45949;2024-05-02 17:23:00
202400051541.0;1;71;71170;1;1;2.0;6.0;46.91426938;4.84075091;2024-01-04 08:35:00
202400051542.0;1;94;94068;2;3;8.0;3.0;48.79913;2.49974;2024-08-16 14:50:00
202400051543.0;1;28;28134;2;9;1.0;6.0;48.736967;1.34832;2024-12-02 17:15:00
202400051544.0;1;64;64269;2;1;1.0;7.0;43.29218;-0.3093;2024-05-03 12:20:00
202400051545.0;1;77;77333;1;1;1.0;6.0;48.251312;2.734995;2024-07-08 12:15:00
202400051546.0;1;1;1294;1;1;8.0;1.0;45.682446;5.684904;2024-02-10 10:00:00
202400051547.0;1;77;77153;1;1;1.0;1.0;49.069318;2.690288;2024-06-11 08:45:00
202400051548.0;3;13;13049;1;1;8.0;1.0;43.706938;5.103369;2024-10-26 21:30:00
202400051549.0;2;89;89464;1;1;8.0;1.0;48.078368;3.298446;2024-01-04 17:20:00
202400051550.0;3;44;44020;1;1;2.0;2.0;47.17606;-1.59742;2024-09-21 03:45:00
202400051551.0;1;94;94052;2;1;8.0;6.0;48.8384;2.49175;2024-08-16 18:35:00
202400051552.0;1;72;72181;2;6;2.0;3.0;48.00558;0.20168;2024-03-26 14:55:00
202400051553.0;1;64;64445;2;1;1.0;6.0;43.30357;-0.37814;2024-05-03 14:08:00
202400051554.0;1;971;97108;1;1;1.0;6.0;15.945154;-61.223792;2024-07-13 14:00:00
202400051555.0;2;28;28404;1;1;1.0;1.0;48.70877619;1.36990851;2024-12-02 16:20:00
202400051556.0;1;88;88150;1;1;1.0;6.0;48.337834;5.915499;2024-10-27 09:10:00
202400051557.0;1;58;58302;1;1;1.0;3.0;47.214613;3.067074;2024-02-14 17:30:00
202400051558.0;2;77;77183;2;1;1.0;6.0;48.950769;3.126453;2024-06-10 08:13:00
202400051559.0;3;34;34086;1;4;1.0;6.0;43.479763;2.680342;2024-01-03 23:15:00
202400051560.0;1;41;41018;2;1;1.0;3.0;47.58526;1.32443;2024-09-21 17:20:00
202400051561.0;5;94;94054;2;9;1.0;1.0;48.74767;2.38847;2024-08-16 21:55:00
202400051562.0;1;72;72181;2;6;2.0;3.0;48.01756;0.2185;2024-03-26 14:54:00
202400051563.0;2;971;97129;1;1;1.0;1.0;16.293809;-61.670632;2024-07-13 06:00:00
202400051564.0;3;58;58273;1;1;1.0;1.0;46.964059;3.234143;2024-02-15 22:25:00
202400051565.0;1;64;64445;2;3;1.0;3.0;43.30052;-0.36032;2024-05-03 07:45:00
202400051566.0;1;25;25056;2;2;2.0;2.0;47.246395;5.997937;2024-12-02 10:38:00
202400051567.0;5;57;57589;2;9;5.0;6.0;49.054105;7.265257;2024-10-27 05:50:00
202400051568.0;1;34;34289;1;3;1.0;2.0;43.380567;3.397694;2024-06-10 19:15:00
202400051569.0;1;71;71486;2;1;1.0;6.0;46.64419;4.35555;2024-03-27 12:10:00
202400051570.0;1;38;38179;2;1;1.0;1.0;45.18423;5.78106;2024-09-21 14:15:00
202400051571.0;5;68;68068;2;6;1.0;3.0;47.63112;7.115246;2024-01-04 20:30:00
202400051572.0;1;94;94022;2;1;1.0;2.0;48.76928;2.42196;2024-08-16 13:40:00
202400051573.0;1;977;97701;2;1;1.0;1.0;17.902521;-62.836014;2024-07-12 11:40:00
202400051574.0;1;63;63300;2;1;1.0;6.0;45.89499;3.11088;2024-05-03 16:40:00
202400051575.0;3;4;4245;1;1;1.0;1.0;43.855883;5.830135;2024-06-11 04:31:00
202400051576.0;1;38;38565;1;2;1.0;2.0;45.273505;5.633492;2024-10-27 14:25:00
202400051577.0;1;73;73079;1;3;1.0;5.0;45.556582;6.176376;2024-02-16 16:45:00
202400051578.0;1;71;71153;2;1;1.0;6.0;46.80443805;4.43719245;2024-03-27 17:45:00
202400051579.0;2;44;44003;2;1;1.0;3.0;47.378451;-1.181792;2024-01-03 07:50:00
202400051580.0;1;972;97230;1;1;2.0;1.0;14.740248;-60.951503;2024-07-11 18:05:00
202400051581.0;5;21;21054;2;2;5.0;3.0;47.038268;4.840549;2024-11-30 22:28:00
202400051582.0;1;93;93010;2;3;1.0;1.0;48.89120033;2.4906562;2024-08-15 19:15:00
202400051583.0;2;38;38236;2;1;2.0;7.0;45.446474;5.733549;2024-10-26 18:15:00
202400051584.0;1;35;35238;1;1;1.0;4.0;48.11132;-1.7182;2024-09-21 13:05:00
202400051585.0;2;13;13004;1;2;1.0;3.0;43.58373195;4.76573838;2024-06-09 20:00:00
202400051586.0;5;67;67482;2;1;1.0;7.0;48.57800786;7.70298243;2024-03-26 20:20:00
202400051587.0;1;7;7097;1;1;1.0;7.0;45.00463;4.836059;2024-10-27 15:20:00
202400051588.0;1;63;63300;1;6;2.0;2.0;45.89569;3.14025;2024-05-01 15:00:00
202400051589.0;1;37;37250;1;1;1.0;7.0;47.19920587;0.67221585;2024-02-15 17:10:00
202400051590.0;5;2;2361;2;2;1.0;3.0;49.896397;3.628664;2024-01-04 07:30:00
202400051591.0;1;17;17415;1;6;2.0;2.0;45.724402;-0.639156;2024-12-02 08:10:00
202400051592.0;1;8;8190;1;1;1.0;7.0;50.131707;4.867941;2024-06-08 12:25:00
202400051593.0;1;93;93007;2;2;1.0;3.0;48.9465972;2.44614462;2024-08-15 14:15:00
202400051594.0;1;7;7040;2;1;1.0;6.0;45.036512;4.681479;2024-10-26 17:15:00
202400051595.0;1;35;35281;2;3;1.0;3.0;48.08841;-1.70685;2024-09-20 17:15:00
202400051596.0;1;84;84050;1;1;1.0;7.0;43.891212;5.185955;2024-01-04 11:30:00
202400051597.0;1;67;67180;2;1;1.0;4.0;48.8215;7.79092;2024-03-25 16:24:00
202400051598.0;5;59;59599;2;1;1.0;1.0;50.74085;3.17825;2024-05-02 23:45:00
202400051599.0;1;973;97309;2;1;1.0;2.0;4.919392;-52.278673;2024-02-15 13:25:00
202400051600.0;1;66;66136;1;3;1.0;3.0;42.708362;2.976587;2024-07-12 06:30:00
202400051601.0;1;1;1249;2;2;1.0;3.0;45.826728;4.953026;2024-06-11 08:24:00
202400051602.0;1;14;14118;2;1;1.0;2.0;49.19735632;-0.39687051;2024-11-19 09:00:00
202400051603.0;1;92;92050;2;3;1.0;3.0;48.8812937;2.2133809;2024-08-16 13:15:00
202400051604.0;3;69;69187;1;3;1.0;7.0;45.766337;4.421219;2024-08-27 23:15:00
202400051605.0;1;59;59043;1;9;1.0;7.0;50.73718;2.74739;2024-05-03 20:55:00
202400051606.0;5;973;97309;2;3;1.0;1.0;4.905876;-52.304851;2024-02-15 05:25:00
202400051607.0;1;34;34213;1;3;1.0;3.0;43.511452;3.657042;2024-07-12 17:45:00
202400051608.0;1;56;56114;1;1;1.0;1.0;47.300333;-3.1078005;2024-06-10 10:55:00
202400051609.0;3;1;1389;1;1;1.0;5.0;46.048753;4.870688;2024-01-03 17:15:00
202400051610.0;2;14;14327;2;1;1.0;2.0;49.18792;-0.33089;2024-11-29 17:40:00
202400051611.0;5;56;56121;2;1;1.0;6.0;47.74559;-3.36243;2024-05-03 02:35:00
202400051612.0;1;66;66136;2;2;2.0;2.0;42.69375;2.89037;2024-03-26 08:05:00
202400051613.0;1;17;17093;2;1;7.0;6.0;45.88664;-1.195187;2024-10-22 09:45:00
202400051614.0;2;31;31555;1;1;8.0;3.0;43.62075;1.41826;2024-09-21 19:30:00
202400051615.0;5;92;92024;2;2;1.0;3.0;48.90090725;2.30805427;2024-08-16 05:45:00
202400051616.0;1;60;60471;1;1;3.0;1.0;49.568312;2.998323;2024-01-03 14:40:00
202400051617.0;5;13;13215;2;1;1.0;7.0;43.35662;5.35755;2024-12-03 00:20:00
202400051618.0;1;60;60342;1;1;1.0;3.0;49.31225003;2.44713163;2024-06-11 08:00:00
202400051619.0;2;14;14424;1;1;1.0;6.0;48.888205;-0.981796;2024-10-27 17:50:00
202400051620.0;4;78;78470;1;1;1.0;7.0;48.579988;1.775603;2024-08-15 04:50:00
202400051621.0;3;34;34090;2;6;1.0;5.0;43.658884;3.935082;2024-07-12 21:30:00
202400051622.0;1;64;64445;2;1;1.0;2.0;43.33243;-0.36677;2024-03-27 13:50:00
202400051623.0;1;54;54395;2;1;1.0;2.0;48.69403;6.17365;2024-05-03 14:50:00
202400051624.0;1;31;31555;2;3;1.0;6.0;43.58246855;1.4143315;2024-09-21 14:00:00
202400051625.0;1;13;13004;2;9;1.0;1.0;43.6937;4.63956;2024-11-28 16:25:00
202400051626.0;1;69;69206;2;3;1.0;2.0;46.060732;4.722533;2024-02-15 15:51:00
202400051627.0;1;60;60439;1;1;1.0;2.0;49.31003132;2.32720792;2024-06-10 19:25:00
202400051628.0;3;17;17065;1;2;9.0;3.0;45.988233;-0.953579;2024-01-01 06:46:00
202400051629.0;1;86;86190;1;1;2.0;6.0;46.316335;0.700664;2024-08-17 15:50:00
202400051630.0;3;84;84132;1;6;1.0;6.0;43.924153;4.972494;2024-07-13 01:25:00
202400051631.0;3;47;47323;1;1;1.0;6.0;44.43931;0.74117;2024-05-03 23:45:00
202400051632.0;3;11;11069;2;1;1.0;6.0;43.210225;2.386263;2024-12-01 18:00:00
202400051633.0;2;62;62628;2;1;1.0;6.0;50.43071;2.87199;2024-03-27 19:10:00
202400051634.0;5;30;30007;2;2;1.0;3.0;44.12016;4.07884;2024-09-21 23:40:00
202400051635.0;3;27;27115;1;1;1.0;3.0;48.769979;1.085222;2024-02-15 19:00:00
202400051636.0;1;73;73213;1;1;1.0;6.0;45.53605201;5.96706122;2024-01-03 14:00:00
202400051637.0;3;14;14698;1;3;1.0;3.0;49.198092;-0.207437;2024-10-26 20:45:00
202400051638.0;3;1;1378;1;1;1.0;6.0;45.819925;5.176417;2024-08-17 00:30:00
202400051639.0;5;37;37261;2;1;1.0;7.0;47.38702;0.69879;2024-05-04 00:04:00
202400051640.0;1;13;13211;1;1;1.0;3.0;43.29244;5.45356;2024-06-05 09:12:00
202400051641.0;1;10;10387;2;7;1.0;7.0;48.2957;4.07193;2024-12-02 12:49:00
202400051642.0;3;83;83101;1;3;1.0;3.0;43.251195;6.644473;2024-07-12 20:45:00
202400051643.0;1;59;59479;2;1;1.0;6.0;50.38924;3.62127;2024-03-08 16:20:00
202400051644.0;1;6;6149;2;1;1.0;6.0;43.747634;7.313987;2024-08-17 13:05:00
202400051645.0;2;14;14308;1;1;1.0;2.0;49.227337;-0.086517;2024-02-16 07:15:00
202400051646.0;1;37;37261;2;1;1.0;7.0;47.37983;0.70592;2024-05-03 20:26:00
202400051647.0;3;83;83069;1;1;1.0;3.0;43.12490732;6.09316671;2024-06-10 01:15:00
202400051648.0;5;6;6155;2;1;1.0;7.0;43.570911;7.082455;2024-12-02 02:20:00
202400051649.0;1;80;80337;1;1;1.0;7.0;49.814284;2.415254;2024-10-27 13:15:00
202400051650.0;1;83;83023;1;1;1.0;7.0;43.395529;6.143863;2024-07-13 14:00:00
202400051651.0;1;29;29151;2;6;1.0;3.0;48.58395;-3.81622;2024-09-20 08:45:00
202400051652.0;5;59;59143;2;1;2.0;1.0;50.67449;2.89236;2024-03-26 22:55:00
202400051653.0;1;79;79284;1;1;2.0;2.0;46.42253944;-0.45249768;2024-01-04 08:55:00
202400051654.0;3;57;57086;1;9;1.0;6.0;48.809928;6.927566;2024-08-17 03:00:00
202400051655.0;1;971;97103;1;1;1.0;6.0;16.240413;-61.587596;2024-02-15 08:50:00
202400051656.0;1;37;37122;2;1;1.0;6.0;47.35475;0.69605;2024-05-03 19:48:00
202400051657.0;1;75;75116;2;1;1.0;3.0;48.825623;2.300965;2024-12-02 12:05:00
202400051658.0;1;13;13028;1;1;1.0;3.0;43.1917936;5.65796611;2024-06-08 12:10:00
202400051659.0;1;62;62122;2;1;1.0;2.0;50.11412569;2.93553648;2024-10-26 13:00:00
202400051660.0;1;13;13097;1;1;3.0;2.0;43.56134;4.797419;2024-07-12 09:00:00
202400051661.0;3;44;44104;1;1;1.0;6.0;47.417293;-0.994939;2024-01-04 05:15:00
202400051662.0;1;58;58086;1;1;1.0;1.0;47.426454;2.931864;2024-08-16 20:15:00
202400051663.0;1;29;29019;1;6;1.0;2.0;48.41511;-4.47976;2024-09-21 14:15:00
202400051664.0;1;69;69013;1;1;1.0;2.0;46.031564;4.717405;2024-02-15 16:50:00
202400051665.0;1;75;75120;2;1;1.0;3.0;48.850099;2.415106;2024-12-02 08:20:00
202400051666.0;1;33;33527;1;1;1.0;6.0;44.61511243;-0.98876212;2024-01-03 14:35:00
202400051667.0;1;57;57303;1;1;7.0;2.0;49.21612;6.17472;2024-06-08 18:15:00
202400051668.0;1;37;37261;2;6;1.0;3.0;47.36414;0.68448;2024-05-03 08:45:00
202400051669.0;1;3;3139;1;1;1.0;1.0;45.981035;3.706899;2024-07-13 15:15:00
202400051670.0;1;72;72268;1;1;1.0;6.0;47.821829;0.242976;2024-08-16 12:43:00
202400051671.0;1;58;58194;2;2;1.0;3.0;47.00188;3.15591;2024-03-27 16:00:00
202400051672.0;1;28;28092;1;9;2.0;6.0;48.355841;1.875674;2024-02-10 13:10:00
202400051673.0;1;59;59535;1;1;1.0;7.0;50.777732;2.710733;2024-10-27 12:31:00
202400051674.0;5;75;75120;2;1;1.0;2.0;48.855428;2.414051;2024-11-30 23:50:00
202400051675.0;1;33;33039;1;1;1.0;3.0;44.79872;-0.53659;2024-06-10 13:10:00
202400051676.0;3;13;13211;1;1;1.0;2.0;43.29462;5.46458;2024-10-24 00:05:00
202400051677.0;3;29;29136;1;1;2.0;6.0;47.917147;-3.478632;2024-02-15 20:00:00
202400051678.0;5;75;75119;2;1;1.0;2.0;48.900606;2.373933;2024-11-30 22:00:00
202400051679.0;1;44;44138;1;1;1.0;7.0;47.537333;-1.636716;2024-08-17 19:53:00
202400051680.0;3;27;27229;2;2;3.0;3.0;49.01953;1.1389;2024-09-22 00:15:00
202400051681.0;5;13;13211;1;1;2.0;3.0;43.29156659;5.42441905;2024-10-24 07:00:00
202400051682.0;5;35;35238;2;2;1.0;3.0;48.12066026;-1.68176383;2024-05-03 21:45:00
202400051683.0;3;59;59350;1;1;1.0;6.0;50.6163;3.07432;2024-06-06 23:15:00
202400051684.0;1;77;77370;1;1;1.0;4.0;48.225387;2.763963;2024-01-04 14:05:00
202400051685.0;1;73;73257;1;2;3.0;3.0;45.465552;6.526689;2024-07-12 10:10:00
202400051686.0;1;56;56121;2;1;1.0;6.0;47.76615;-3.38609;2024-03-26 08:58:00
202400051687.0;1;30;30290;1;3;1.0;3.0;44.2742;4.606723;2024-08-17 11:50:00
202400051688.0;5;78;78368;1;1;1.0;1.0;48.891605;1.88584;2024-02-15 19:39:00
202400051689.0;3;988;98822;2;1;1.0;6.0;-20.931165;165.324224;2024-01-02 04:00:00
202400051690.0;3;59;59507;1;1;1.0;6.0;50.60802305;3.09486175;2024-06-08 04:25:00
202400051691.0;1;25;25462;2;3;1.0;3.0;46.90815;6.34125;2024-09-21 08:55:00
202400051692.0;1;54;54395;2;1;1.0;6.0;48.69029221;6.18587673;2024-03-26 16:30:00
202400051693.0;2;34;34301;2;3;1.0;3.0;43.4;3.683;2024-05-03 20:50:00
202400051694.0;1;38;38455;2;2;1.0;6.0;45.627252;5.320789;2024-07-09 10:15:00
202400051695.0;1;83;83065;1;1;1.0;3.0;43.247704;6.579931;2024-02-14 16:15:00
202400051696.0;1;13;13081;1;9;1.0;3.0;43.493398;5.216489;2024-01-03 15:50:00
202400051697.0;1;75;75107;2;2;1.0;3.0;48.859949;2.311361;2024-12-02 14:44:00
202400051698.0;3;59;59564;1;1;2.0;6.0;50.35147;3.4792;2024-06-01 04:00:00
202400051699.0;1;54;54395;2;1;1.0;6.0;48.70191289;6.15103483;2024-03-26 15:45:00
202400051700.0;2;38;38376;2;1;3.0;7.0;45.432988;5.797498;2024-07-12 18:30:00
202400051701.0;1;83;83018;2;1;1.0;1.0;43.353195;6.171007;2024-08-12 16:45:00
202400051702.0;5;34;34172;2;1;1.0;2.0;43.62405;3.84309;2024-05-04 00:45:00
202400051703.0;4;71;71583;1;1;1.0;6.0;46.26853347;4.78049178;2024-01-04 07:01:00
202400051704.0;3;69;69029;1;1;1.0;5.0;45.73066977;4.89907222;2024-10-26 01:15:00
202400051705.0;5;18;18033;2;3;1.0;5.0;47.09376;2.3924;2024-09-20 22:15:00
202400051706.0;1;93;93027;1;1;1.0;2.0;48.9237306;2.38525629;2024-06-10 16:40:00
202400051707.0;3;71;71360;1;2;1.0;3.0;46.327046;4.756796;2024-02-15 18:35:00
202400051708.0;2;19;19123;2;1;7.0;7.0;45.159799;1.565697;2024-08-15 18:45:00
202400051709.0;5;75;75106;2;7;8.0;6.0;48.853756;2.344288;2024-12-02 00:50:00
202400051710.0;2;88;88253;1;1;3.0;1.0;48.208473;6.477299;2024-01-03 16:18:00
202400051711.0;1;34;34172;2;4;1.0;3.0;43.62027;3.8553;2024-05-03 18:40:00
202400051712.0;1;51;51172;2;1;1.0;2.0;49.2197;4.03965;2024-03-27 16:20:00
202400051713.0;1;57;57413;1;1;2.0;1.0;49.125876;6.655869;2024-02-16 13:45:00
202400051714.0;1;17;17380;1;1;8.0;2.0;45.6626;-1.05984;2024-09-21 15:29:00
202400051715.0;1;92;92036;1;1;1.0;3.0;48.94067835;2.29263081;2024-06-10 08:10:00
202400051716.0;3;1;1043;1;1;1.0;3.0;45.85924;4.98243;2024-10-26 02:58:00
202400051717.0;1;69;69050;1;1;1.0;6.0;45.8529;4.649682;2024-07-08 14:45:00
202400051718.0;3;57;57645;2;1;3.0;6.0;49.193989;6.143959;2024-01-02 17:50:00
202400051719.0;3;84;84031;2;1;1.0;6.0;44.03561;5.05744;2024-01-29 18:18:00
202400051720.0;1;75;75120;2;3;1.0;3.0;48.85586814;2.41034478;2024-12-02 10:50:00
202400051721.0;1;38;38401;1;1;1.0;6.0;45.558972;5.428834;2024-02-15 17:27:00
202400051722.0;1;34;34172;2;1;1.0;6.0;43.641;3.83108;2024-05-03 07:40:00
202400051723.0;1;91;91434;1;1;1.0;2.0;48.668105;2.35461;2024-10-26 12:50:00
202400051724.0;1;51;51454;2;2;1.0;3.0;49.27627;4.02678;2024-03-27 12:50:00
202400051725.0;5;13;13103;2;1;1.0;6.0;43.63973;5.09471;2024-09-21 01:40:00
202400051726.0;3;75;75116;2;1;1.0;2.0;48.87491;2.24529;2024-12-02 19:22:00
202400051727.0;2;80;80168;1;1;8.0;1.0;50.114248;2.276655;2024-08-17 06:13:00
202400051728.0;5;31;31555;2;1;1.0;6.0;43.58022;1.41082;2024-05-04 01:26:00
202400051729.0;1;38;38377;2;3;1.0;3.0;45.573696;5.472227;2024-02-14 10:00:00
202400051730.0;1;14;14530;2;1;1.0;2.0;49.22747;-0.24524;2024-02-27 10:55:00
202400051731.0;1;73;73318;1;1;1.0;6.0;45.237101;6.279202;2024-01-04 11:45:00
202400051732.0;5;81;81099;2;3;1.0;6.0;43.899352;1.895407;2024-07-13 02:50:00
202400051733.0;4;75;75113;1;1;2.0;6.0;48.81642874;2.35729314;2024-10-26 03:53:00
202400051734.0;5;50;50502;2;1;1.0;2.0;49.1143095;-1.093185;2024-03-22 21:15:00
202400051735.0;1;9;9240;1;1;1.0;7.0;42.843972;1.594021;2024-07-12 19:00:00
202400051736.0;1;85;85250;1;1;1.0;7.0;46.587233;-1.692367;2024-02-15 16:35:00
202400051737.0;1;75;75115;2;4;1.0;6.0;48.842601;2.292295;2024-12-02 15:08:00
202400051738.0;1;13;13213;2;1;1.0;2.0;43.34;5.41369;2024-09-21 16:00:00
202400051739.0;1;31;31555;2;1;1.0;6.0;43.60676;1.47347;2024-05-03 12:00:00
202400051740.0;1;80;80318;2;9;2.0;3.0;50.014028;2.081693;2024-08-16 11:20:00
202400051741.0;3;81;81093;1;1;1.0;3.0;43.895906;2.028651;2024-01-03 18:15:00
202400051742.0;1;49;49267;2;1;1.0;3.0;47.47264;-0.49356;2024-03-27 16:59:00
202400051743.0;5;44;44103;2;1;1.0;6.0;47.30512;-2.181408;2024-02-15 18:55:00
202400051744.0;2;974;97416;1;1;1.0;3.0;-21.316;55.4516;2024-06-09 17:00:00
202400051745.0;5;91;91661;1;1;2.0;2.0;48.68864;2.21854;2024-10-25 23:44:00
202400051746.0;1;33;33319;2;4;1.0;6.0;44.817053;0.077784;2024-07-09 15:45:00
202400051747.0;1;29;29232;2;1;1.0;6.0;47.98431888;-4.04252302;2024-05-03 08:30:00
202400051748.0;5;75;75112;2;3;1.0;1.0;48.836103;2.392237;2024-12-02 18:15:00
202400051749.0;1;12;12145;2;3;1.0;3.0;44.09496;3.0734;2024-09-20 16:15:00
202400051750.0;2;44;44026;2;1;2.0;7.0;47.278003;-1.468311;2024-02-13 19:20:00
202400051751.0;1;39;39198;1;1;2.0;1.0;47.1105;5.493829;2024-03-27 08:40:00
202400051752.0;1;50;50643;1;1;3.0;5.0;49.581809;-1.69919;2024-01-03 10:45:00
202400051753.0;1;973;97309;2;1;1.0;1.0;4.92097642;-52.30353472;2024-06-09 18:05:00
202400051754.0;1;83;83137;1;1;1.0;6.0;43.12501979;5.90609579;2024-02-14 16:55:00
202400051755.0;1;65;65388;1;1;1.0;7.0;42.834484;0.247557;2024-08-16 12:45:00
202400051756.0;1;35;35300;1;3;3.0;3.0;48.187578;-1.097076;2024-07-12 18:25:00
202400051757.0;1;29;29039;2;6;1.0;3.0;47.86983438;-3.906179;2024-05-03 11:15:00
202400051758.0;5;75;75110;2;3;1.0;6.0;48.87121;2.355289;2024-12-02 07:00:00
202400051759.0;1;37;37261;2;9;8.0;6.0;47.38184;0.70646;2024-03-27 15:27:00
202400051760.0;5;92;92036;1;1;1.0;2.0;48.93472322;2.30194713;2024-10-26 06:40:00
202400051761.0;1;22;22050;2;1;1.0;6.0;48.45468;-2.048757;2024-01-03 16:45:00
202400051762.0;1;6;6159;2;3;1.0;5.0;43.7099;7.31811;2024-09-21 15:30:00
202400051763.0;1;63;63430;1;6;1.0;7.0;45.87877062;3.52244049;2024-08-16 17:30:00
202400051764.0;3;973;97302;2;2;1.0;3.0;4.91924;-52.31755;2024-06-08 19:45:00
202400051765.0;5;75;75109;2;2;1.0;6.0;48.874181;2.32698;2024-12-02 18:24:00
202400051766.0;1;83;83144;1;1;1.0;4.0;43.13737986;5.99509405;2024-02-14 10:50:00
202400051767.0;2;62;62845;1;1;1.0;1.0;50.632701;1.665088;2024-07-13 05:28:00
202400051768.0;4;76;76116;2;1;3.0;6.0;49.38913104;1.20076999;2024-01-04 17:40:00
202400051769.0;2;22;22328;1;1;2.0;7.0;48.407796;-3.348706;2024-08-16 06:30:00
202400051770.0;2;35;35238;2;6;2.0;3.0;48.08963;-1.68531;2024-03-27 18:00:00
202400051771.0;1;29;29019;2;6;1.0;3.0;48.39155;-4.48046;2024-05-02 10:50:00
202400051772.0;3;6;6027;2;1;1.0;1.0;43.6823;7.1604;2024-09-21 00:01:00
202400051773.0;3;95;95604;1;1;1.0;6.0;49.10108136;2.5505881;2024-10-26 19:16:00
202400051774.0;3;69;69256;1;1;1.0;6.0;45.79699;4.92752;2024-02-15 07:00:00
202400051775.0;1;69;69034;2;2;1.0;6.0;45.78634;4.83008;2024-06-09 16:50:00
202400051776.0;1;75;75101;2;3;1.0;2.0;48.864389;2.346672;2024-12-02 12:00:00
202400051777.0;5;13;13213;1;1;1.0;2.0;43.32917;5.41514;2024-01-03 07:50:00
202400051778.0;1;35;35238;2;1;2.0;2.0;48.13127;-1.67418;2024-03-27 09:00:00
202400051779.0;1;39;39470;2;1;7.0;6.0;46.48564;6.061352;2024-08-13 07:30:00
202400051780.0;1;5;5023;1;1;1.0;1.0;44.88532;6.65186;2024-09-17 14:50:00
202400051781.0;1;13;13212;1;1;1.0;4.0;43.30824;5.42491;2024-07-08 17:25:00
202400051782.0;1;93;93007;1;1;1.0;5.0;48.92345412;2.48055469;2024-10-26 13:40:00
202400051783.0;1;33;33192;1;1;1.0;6.0;44.788828;-0.602761;2024-01-03 09:25:00
202400051784.0;3;34;34129;1;1;2.0;6.0;43.548257;3.894403;2024-03-27 02:15:00
202400051785.0;1;39;39560;1;1;1.0;7.0;46.364773;5.858352;2024-08-17 10:10:00
202400051786.0;1;95;95051;2;6;1.0;6.0;49.01094679;2.19648778;2024-06-09 11:38:00
202400051787.0;1;33;33013;1;1;1.0;2.0;44.86061;-0.50409;2024-02-14 15:56:00
202400051788.0;1;94;94081;2;1;1.0;1.0;48.791397;2.394123;2024-12-01 16:00:00
202400051789.0;5;25;25056;2;1;1.0;3.0;47.24223;6.03122;2024-05-04 01:25:00
202400051790.0;1;92;92078;1;1;2.0;6.0;48.92928253;2.32938717;2024-10-26 09:00:00
202400051791.0;1;1;1053;2;3;1.0;3.0;46.2096;5.2301;2024-09-20 12:35:00
202400051792.0;1;34;34003;2;9;1.0;6.0;43.30475;3.48754;2024-03-27 08:35:00
202400051793.0;3;13;13001;1;1;1.0;2.0;43.5225;5.42646;2024-07-12 01:30:00
202400051794.0;1;33;33249;1;1;8.0;3.0;44.870029;-0.504946;2024-01-02 10:30:00
202400051795.0;3;95;95572;1;1;2.0;6.0;49.0320467;2.11283101;2024-10-26 03:20:00
202400051796.0;1;39;39081;1;1;7.0;1.0;46.864164;5.714698;2024-08-17 15:45:00
202400051797.0;1;94;94068;2;1;1.0;6.0;48.80462;2.47153;2024-12-02 13:25:00
202400051798.0;1;95;95197;1;3;1.0;1.0;48.97837441;2.32764065;2024-06-09 13:45:00
202400051799.0;1;91;91689;1;1;1.0;4.0;48.73056;2.31487;2024-02-15 10:50:00
202400051800.0;1;23;23096;2;3;8.0;3.0;46.1803;1.8839;2024-05-02 16:50:00
202400051801.0;2;33;33039;2;1;1.0;3.0;44.78723;-0.53629;2024-03-27 19:05:00
202400051802.0;1;75;75115;2;3;1.0;6.0;48.84508033;2.32009828;2024-09-20 11:04:00
202400051803.0;1;13;13212;1;1;1.0;2.0;43.29903078;5.42499304;2024-07-10 09:00:00
202400051804.0;2;91;91179;1;1;8.0;2.0;48.56785;2.47231;2024-01-03 17:15:00
202400051805.0;1;95;95607;1;1;1.0;3.0;49.016889;2.21463964;2024-10-25 13:00:00
202400051806.0;1;39;39017;1;2;1.0;3.0;46.759855;5.555834;2024-08-15 10:50:00
202400051807.0;1;94;94034;2;9;1.0;3.0;48.760601;2.318245;2024-12-02 09:25:00
202400051808.0;2;91;91521;1;1;1.0;2.0;48.63578251;2.40127444;2024-06-09 06:30:00
202400051809.0;1;92;92036;1;1;1.0;2.0;48.93368348;2.27544143;2024-02-15 09:04:00
202400051810.0;1;75;75118;2;1;1.0;6.0;48.894389;2.361137;2024-09-21 17:00:00
202400051811.0;5;94;94071;2;1;2.0;6.0;48.76513;2.50271;2024-12-02 06:40:00
202400051812.0;1;33;33318;2;3;1.0;3.0;44.79823;-0.60762;2024-03-27 18:45:00
202400051813.0;2;93;93005;1;1;1.0;3.0;48.96749258;2.47881329;2024-10-25 07:30:00
202400051814.0;1;29;29074;1;2;2.0;6.0;48.46549139;-4.01809184;2024-08-16 10:15:00
202400051815.0;1;85;85194;2;6;1.0;3.0;46.50203;-1.75912;2024-06-08 10:10:00