Num_Acc;lum;departement;commune;agglomeration;intersection;meteo;type_collision;lat;long;date
202400051816.0;1;91;91617;1;1;2.0;4.0;48.631884;2.496163;2024-01-03 15:52:00
202400051817.0;1;19;19031;2;1;1.0;3.0;45.16776;1.54042;2024-05-03 14:36:00
202400051818.0;1;78;78043;1;1;1.0;5.0;48.840688;2.096479;2024-02-14 17:20:00
202400051819.0;5;75;75115;2;3;1.0;3.0;48.834452;2.284046;2024-09-21 21:30:00
202400051820.0;1;29;29025;1;1;1.0;7.0;48.157893;-4.145488;2024-08-17 13:00:00
202400051821.0;5;93;93066;2;9;1.0;1.0;48.92822;2.35362;2024-12-02 21:20:00
202400051822.0;1;31;31069;2;2;1.0;6.0;43.634373;1.398592;2024-03-27 07:40:00
202400051823.0;3;77;77122;1;9;1.0;2.0;48.64626;2.55791;2024-10-26 21:40:00
202400051824.0;3;95;95488;1;1;2.0;6.0;49.01634499;2.14386807;2024-02-13 20:10:00
202400051825.0;1;91;91363;1;1;3.0;6.0;48.6634;2.1889;2024-01-03 13:40:00
202400051826.0;1;85;85194;2;1;1.0;3.0;46.52563;-1.77483;2024-06-08 11:35:00
202400051827.0;3;29;29220;2;6;1.0;6.0;47.88052704;-4.21828025;2024-08-17 02:20:00
202400051828.0;1;33;33167;1;1;1.0;5.0;44.820954;-0.518038;2024-07-12 16:27:00
202400051829.0;1;75;75114;2;7;2.0;6.0;48.837451;2.318134;2024-09-20 18:30:00
202400051830.0;1;19;19031;2;3;1.0;3.0;45.15756063;1.53797919;2024-05-03 14:10:00
202400051831.0;5;93;93055;2;3;1.0;6.0;48.89487;2.41047;2024-12-02 17:25:00
202400051832.0;3;94;94044;1;1;2.0;6.0;48.75720257;2.47547507;2024-10-26 07:00:00
202400051833.0;5;30;30189;1;1;1.0;7.0;43.8343;4.4134;2024-03-22 22:40:00
202400051834.0;1;91;91174;1;1;1.0;7.0;48.61607;2.45538;2024-01-03 09:20:00
202400051835.0;1;987;98735;2;1;1.0;2.0;-17.5451819;-149.5763362;2024-02-14 08:30:00
202400051836.0;1;33;33063;1;1;1.0;7.0;44.883681;-0.556878;2024-07-11 07:40:00
202400051837.0;1;31;31098;2;1;1.0;6.0;43.728104;1.053942;2024-08-10 18:45:00
202400051838.0;5;84;84007;1;2;3.0;2.0;43.93437;4.83177;2024-06-09 21:50:00
202400051839.0;5;75;75113;1;1;2.0;6.0;48.81642874;2.35729314;2024-01-03 06:10:00
202400051840.0;5;75;75111;2;3;1.0;1.0;48.855864;2.368579;2024-09-21 21:30:00
202400051841.0;5;988;98818;2;2;1.0;6.0;-22.27544;166.45982;2024-10-25 18:20:00
202400051842.0;5;14;14118;2;3;2.0;7.0;49.199926;-0.393028;2024-05-02 05:35:00
202400051843.0;1;974;97416;1;1;1.0;6.0;-21.28291;55.46431;2024-02-14 06:35:00
202400051844.0;1;93;93030;2;1;8.0;3.0;48.94420601;2.41752853;2024-12-02 16:45:00
202400051845.0;1;28;28404;2;9;1.0;4.0;48.70877619;1.36990851;2024-03-27 09:10:00
202400051846.0;3;33;33474;1;1;1.0;6.0;44.66258;-0.45929;2024-07-10 22:45:00
202400051847.0;1;77;77379;2;9;1.0;6.0;48.54675574;3.29178309;2024-06-09 17:00:00
202400051848.0;3;2;2109;2;1;2.0;7.0;49.861223;3.987576;2024-08-16 23:00:00
202400051849.0;1;988;98818;2;1;1.0;2.0;-22.2757;166.44783;2024-10-25 16:48:00
202400051850.0;5;13;13215;2;1;1.0;1.0;43.34075;5.34804;2024-05-03 21:30:00
202400051851.0;5;75;75111;2;5;2.0;1.0;48.8628591;2.3872329;2024-09-21 00:50:00
202400051852.0;1;27;27229;2;1;8.0;7.0;49.00125;1.15331;2024-03-27 09:59:00
202400051853.0;4;93;93007;2;2;1.0;3.0;48.9415768;2.43611097;2024-12-01 21:11:00
202400051854.0;1;974;97411;2;3;1.0;3.0;-20.88632;55.46969;2024-02-12 16:45:00
202400051855.0;1;26;26376;1;1;1.0;6.0;44.433167;5.282578;2024-08-17 11:00:00
202400051856.0;1;59;59350;1;1;1.0;6.0;50.63159;3.08274;2024-07-11 17:52:00
202400051857.0;1;77;77464;2;1;1.0;3.0;48.88256;2.708;2024-06-08 18:20:00
202400051858.0;1;26;26362;2;1;1.0;3.0;44.93121;4.89863;2024-02-20 15:00:00
202400051859.0;5;94;94068;2;1;2.0;3.0;48.80376095;2.47441915;2024-09-21 06:35:00
202400051860.0;3;58;58122;1;1;1.0;6.0;47.283443;3.073471;2024-08-17 01:10:00
202400051861.0;2;11;11262;2;2;1.0;3.0;43.1872;3.0096;2024-03-14 20:50:00
202400051862.0;1;974;97416;2;6;1.0;3.0;-21.33;55.475;2024-10-25 06:45:00
202400051863.0;1;59;59350;1;1;1.0;2.0;50.63474308;3.0865283;2024-07-09 07:40:00
202400051864.0;5;92;92044;2;1;1.0;1.0;48.89390809;2.29202226;2024-12-02 18:05:00
202400051865.0;1;974;97407;2;1;1.0;4.0;-20.93434;55.2914;2024-02-13 16:15:00
202400051866.0;1;16;16271;1;6;1.0;6.0;45.6265;0.15471;2024-03-22 10:30:00
202400051867.0;1;77;77333;2;1;1.0;3.0;48.26724;2.69585;2024-06-09 13:24:00
202400051868.0;1;11;11069;2;1;1.0;7.0;43.21175;2.37444;2024-05-03 15:30:00
202400051869.0;2;94;94021;2;1;1.0;6.0;48.77237;2.359833;2024-09-21 19:45:00
202400051870.0;1;54;54157;2;1;1.0;3.0;48.839164;6.071547;2024-08-16 12:00:00
202400051871.0;1;973;97302;2;1;8.0;6.0;4.92930608;-52.31425166;2024-10-25 15:33:00
202400051872.0;1;92;92024;2;1;1.0;7.0;48.90327;2.30057;2024-12-02 08:30:00
202400051873.0;1;13;13103;2;1;3.0;1.0;43.63939;5.09405;2024-03-27 08:10:00
202400051874.0;3;14;14578;1;1;2.0;6.0;49.339158;0.205972;2024-08-16 23:00:00
202400051875.0;1;92;92062;1;1;1.0;2.0;48.89342162;2.23342752;2024-07-11 18:40:00
202400051876.0;5;39;39554;2;1;3.0;6.0;46.815374;5.915961;2024-12-02 17:10:00
202400051877.0;2;973;97302;2;3;1.0;1.0;4.92913915;-52.29654327;2024-02-13 20:35:00
202400051878.0;1;94;94077;2;3;1.0;3.0;48.732359;2.442178;2024-09-20 14:15:00
202400051879.0;1;11;11069;2;3;1.0;3.0;43.23535;2.36625;2024-05-03 14:40:00
202400051880.0;5;69;69386;2;2;1.0;3.0;45.76377;4.85813;2024-10-26 02:00:00
202400051881.0;1;77;77070;2;2;1.0;3.0;48.78956;3.12412;2024-06-09 15:05:00
202400051882.0;1;13;13204;2;1;1.0;3.0;43.30067;5.40078;2024-03-27 15:55:00
202400051883.0;1;5;5179;1;1;8.0;7.0;44.561747;5.85743;2024-08-16 17:50:00
202400051884.0;2;973;97302;2;1;1.0;6.0;4.90938;-52.32161;2024-02-13 06:10:00
202400051885.0;1;83;83107;1;1;1.0;2.0;43.46433834;6.62774231;2024-12-01 08:10:00
202400051886.0;1;6;6088;2;1;1.0;2.0;43.72342;7.29018;2024-05-03 08:19:00
202400051887.0;5;13;13203;2;1;3.0;1.0;43.31136;5.37823;2024-03-27 03:50:00
202400051888.0;5;972;97209;2;9;1.0;2.0;14.61213;-61.07884;2024-10-24 18:45:00
202400051889.0;5;973;97302;2;1;1.0;1.0;4.93554;-52.31295;2024-02-12 20:27:00
202400051890.0;1;76;76707;1;1;1.0;2.0;49.85901;1.11428;2024-06-07 17:10:00
202400051891.0;2;94;94070;2;6;1.0;5.0;48.71555;2.57424;2024-09-21 19:00:00
202400051892.0;1;92;92050;1;1;1.0;4.0;48.90003871;2.21071229;2024-07-11 18:20:00
202400051893.0;5;13;13204;2;1;2.0;1.0;43.29879;5.4009;2024-03-26 22:43:00
202400051894.0;1;971;97101;2;9;1.0;6.0;16.23855;-61.52631;2024-10-25 11:55:00
202400051895.0;3;76;76114;2;1;1.0;6.0;49.5674;0.47261;2024-06-09 23:20:00
202400051896.0;5;972;97209;2;1;1.0;1.0;14.60622;-61.06702;2024-02-13 22:00:00
202400051897.0;1;6;6088;2;2;1.0;1.0;43.710878;7.264762;2024-05-02 14:30:00
202400051898.0;2;1;1322;1;3;9.0;5.0;45.938523;4.853699;2024-11-22 07:10:00
202400051899.0;1;64;64124;1;1;1.0;1.0;43.266277;-1.335633;2024-08-17 15:19:00
202400051900.0;1;10;10362;2;1;1.0;6.0;48.2906;4.0546;2024-03-26 07:04:00
202400051901.0;1;971;97113;1;1;1.0;6.0;16.2176;-61.49372;2024-10-23 11:00:00
202400051902.0;1;78;78466;1;1;1.0;2.0;48.93205;1.97666;2024-07-11 18:35:00
202400051903.0;5;2B;2B353;1;1;1.0;6.0;42.70946;9.4341;2024-02-14 19:44:00
202400051904.0;1;10;10063;1;1;2.0;2.0;48.380668;4.534178;2024-08-17 10:36:00
202400051905.0;1;93;93006;1;1;1.0;6.0;48.86713182;2.42654625;2024-07-12 18:15:00
202400051906.0;1;75;75112;2;1;1.0;2.0;48.82911;2.399971;2024-03-27 14:20:00
202400051907.0;1;6;6123;2;4;1.0;2.0;43.66158;7.19406;2024-05-03 15:15:00
202400051908.0;1;95;95582;2;3;1.0;3.0;48.9722229;2.25612194;2024-10-25 13:05:00
202400051909.0;3;68;68300;1;1;3.0;5.0;47.778761;7.437137;2024-12-02 18:34:00
202400051910.0;1;10;10126;1;1;2.0;6.0;48.261727;4.598722;2024-08-17 14:45:00
202400051911.0;1;2B;2B037;1;1;1.0;1.0;42.61611;9.47799;2024-02-14 14:14:00
202400051912.0;1;94;94070;1;1;1.0;5.0;48.71715;2.5713;2024-09-20 12:15:00
202400051913.0;1;64;64335;2;9;2.0;6.0;43.325;-0.414;2024-06-09 09:50:00
202400051914.0;1;93;93066;1;1;2.0;3.0;48.93046874;2.36537451;2024-07-12 09:20:00
202400051915.0;1;75;75113;2;1;1.0;2.0;48.816333;2.360385;2024-03-27 11:05:00
202400051916.0;1;16;16177;1;1;1.0;6.0;45.527847;-0.064416;2024-08-17 14:09:00
202400051917.0;1;6;6109;1;1;1.0;6.0;43.837344;7.194049;2024-12-03 11:40:00
202400051918.0;1;4;4112;2;2;1.0;3.0;43.82202;5.78931;2024-05-03 19:00:00
202400051919.0;1;95;95323;2;2;2.0;3.0;49.01105293;2.05002218;2024-10-25 08:50:00
202400051920.0;5;971;97120;2;9;2.0;6.0;16.24245;-61.53098;2024-02-14 01:40:00
202400051921.0;1;64;64102;2;1;1.0;2.0;43.49505291;-1.46944821;2024-06-08 16:40:00
202400051922.0;5;93;93077;2;2;1.0;2.0;48.89520361;2.50065431;2024-09-20 23:45:00
202400051923.0;5;95;95277;1;1;2.0;2.0;48.97628643;2.49117851;2024-07-12 03:55:00
202400051924.0;5;75;75118;2;1;1.0;6.0;48.886024;2.349542;2024-03-27 21:10:00
202400051925.0;1;3;3101;2;1;1.0;6.0;46.36068;2.53462;2024-05-03 10:39:00
202400051926.0;1;2A;2A004;1;1;1.0;6.0;41.93144;8.80269;2024-02-14 10:40:00
202400051927.0;5;91;91103;2;7;1.0;3.0;48.607358;2.299005;2024-10-24 18:45:00
202400051928.0;2;83;83049;2;3;1.0;3.0;43.227696;6.081399;2024-12-02 07:30:00
202400051929.0;1;75;75117;2;7;1.0;6.0;48.878441;2.298419;2024-02-27 15:30:00
202400051930.0;1;75;75117;2;1;2.0;3.0;48.90019;2.3208;2024-05-02 19:45:00
202400051931.0;1;93;93055;2;5;1.0;3.0;48.8892;2.41013;2024-09-21 19:15:00
202400051932.0;1;62;62178;2;3;1.0;3.0;50.48466608;2.52968609;2024-06-08 15:00:00
202400051933.0;1;21;21149;1;1;2.0;1.0;47.951578;4.504244;2024-08-17 15:55:00
202400051934.0;1;2A;2A004;2;1;1.0;1.0;41.91008;8.68776;2024-02-14 08:40:00
202400051935.0;1;974;97409;1;1;1.0;3.0;-20.94359;55.64922;2024-02-16 07:50:00
202400051936.0;4;83;83049;1;1;1.0;1.0;43.252693;6.090873;2024-12-01 20:30:00
202400051937.0;5;91;91103;2;1;1.0;1.0;48.60041;2.31978;2024-10-25 05:20:00
202400051938.0;1;40;40046;2;1;1.0;6.0;44.406585;-1.157191;2024-08-17 17:15:00
202400051939.0;1;93;93053;2;1;1.0;1.0;48.88426871;2.45890796;2024-09-21 13:35:00
202400051940.0;1;62;62108;2;1;1.0;6.0;50.40495;1.59444;2024-06-09 14:00:00
202400051941.0;5;75;75113;2;1;1.0;3.0;48.820867;2.351864;2024-03-24 20:03:00
202400051942.0;5;75;75119;2;7;1.0;3.0;48.90067692;2.38697416;2024-05-03 04:45:00
202400051943.0;3;95;95277;1;1;2.0;6.0;48.97137474;2.46269498;2024-02-14 00:45:00
202400051944.0;3;85;85192;1;1;2.0;7.0;46.780863;-0.96674;2024-08-17 00:50:00
202400051945.0;1;26;26325;2;1;1.0;3.0;45.300222;4.810928;2024-11-23 12:25:00
202400051946.0;3;974;97416;1;1;1.0;2.0;-21.33115;55.45622;2024-07-11 18:15:00
202400051947.0;1;93;93057;2;1;1.0;6.0;48.90748233;2.49182975;2024-09-20 16:45:00
202400051948.0;1;60;60414;2;1;1.0;3.0;49.25566;2.4326;2024-06-09 21:12:00
202400051949.0;1;75;75111;2;4;1.0;6.0;48.854485;2.377997;2024-03-27 09:00:00
202400051950.0;1;75;75118;2;2;1.0;3.0;48.8977286;2.32905114;2024-05-03 13:05:00
202400051951.0;1;91;91286;2;1;1.0;4.0;48.65028;2.38891;2024-10-25 11:30:00
202400051952.0;5;95;95428;2;1;1.0;6.0;48.97561;2.30826;2024-02-14 06:50:00
202400051953.0;1;75;75116;2;1;1.0;6.0;48.85887;2.273395;2024-05-03 13:40:00
202400051954.0;1;37;37206;1;1;1.0;6.0;47.52332266;0.6240406;2024-12-01 13:30:00
202400051955.0;1;37;37211;1;2;1.0;3.0;47.22017912;0.74702042;2024-08-16 12:30:00
202400051956.0;1;53;53034;1;1;7.0;2.0;48.069207;-0.685526;2024-06-08 17:53:00
202400051957.0;1;75;75111;2;3;2.0;3.0;48.862682;2.379645;2024-03-26 15:55:00
202400051958.0;1;91;91286;2;1;1.0;3.0;48.65514;2.37484;2024-10-24 15:30:00
202400051959.0;5;87;87085;2;2;1.0;3.0;45.83385;1.24727;2024-02-13 21:53:00
202400051960.0;1;13;13044;2;6;1.0;3.0;43.622866;5.08638;2024-08-17 09:05:00
202400051961.0;5;92;92050;2;2;1.0;3.0;48.89255141;2.18695566;2024-09-21 19:56:00
202400051962.0;1;75;75116;2;2;1.0;6.0;48.867465;2.299239;2024-05-03 13:05:00
202400051963.0;1;974;97416;1;1;1.0;5.0;-21.33278;55.45891;2024-07-11 11:30:00
202400051964.0;1;77;77524;1;2;1.0;3.0;48.449738;3.177468;2024-12-03 14:30:00
202400051965.0;5;82;82121;2;1;3.0;6.0;44.02299316;1.36240491;2024-10-25 23:15:00
202400051966.0;5;92;92040;2;1;2.0;6.0;48.82123807;2.25574404;2024-09-21 05:45:00
202400051967.0;1;75;75110;2;3;1.0;3.0;48.872471;2.347884;2024-03-27 11:30:00
202400051968.0;1;51;51454;2;2;1.0;3.0;49.22294;4.01418;2024-06-09 18:00:00
202400051969.0;1;85;85194;2;1;1.0;6.0;46.51381;-1.78159;2024-02-14 12:35:00
202400051970.0;3;81;81144;1;6;2.0;7.0;43.96456;2.18292;2024-10-26 02:48:00
202400051971.0;1;75;75116;2;2;1.0;3.0;48.870788;2.294536;2024-04-30 17:00:00
202400051972.0;1;974;97407;2;1;1.0;6.0;-20.94218689;55.2924757;2024-07-11 16:30:00
202400051973.0;3;32;32121;1;2;1.0;3.0;43.556868;1.019921;2024-12-02 18:40:00
202400051974.0;3;30;30011;1;1;1.0;7.0;43.95026;4.76106;2024-02-14 07:15:00
202400051975.0;1;92;92036;2;1;1.0;6.0;48.92880188;2.29969203;2024-09-21 16:23:00
202400051976.0;5;80;80021;2;1;1.0;6.0;49.88503;2.25911;2024-10-26 00:17:00
202400051977.0;1;51;51108;2;2;1.0;3.0;48.95591;4.35877;2024-06-09 19:02:00
202400051978.0;1;94;94022;2;2;1.0;2.0;48.77332554;2.40931892;2024-03-26 12:30:00
202400051979.0;1;75;75116;2;7;1.0;3.0;48.86330417;2.28664666;2024-04-30 16:15:00
202400051980.0;1;6;6088;1;1;1.0;3.0;43.707466;7.191288;2024-08-17 11:30:00
202400051981.0;1;77;77449;1;1;2.0;3.0;48.84385;2.77754;2024-02-14 10:30:00
202400051982.0;3;61;61317;1;1;2.0;6.0;48.764666;0.333959;2024-12-02 22:15:00
202400051983.0;2;94;94074;2;1;1.0;6.0;48.76718;2.45179;2024-03-27 18:42:00
202400051984.0;5;92;92004;2;1;1.0;6.0;48.9239835;2.27545179;2024-09-20 21:15:00
202400051985.0;5;80;80021;2;1;1.0;3.0;49.90529;2.30618;2024-10-24 19:25:00
202400051986.0;2;973;97302;2;3;1.0;3.0;4.94103;-52.3336;2024-07-11 06:05:00
202400051987.0;1;75;75116;2;2;2.0;6.0;48.841504;2.263851;2024-05-02 16:10:00
202400051988.0;2;42;42218;2;2;1.0;3.0;45.43049;4.39087;2024-06-09 05:40:00
202400051989.0;5;39;39478;2;1;1.0;6.0;46.400537;5.863714;2024-06-30 04:10:00
202400051990.0;1;13;13065;2;1;1.0;3.0;43.694501;4.872844;2024-07-30 17:15:00
202400051991.0;1;33;33243;2;1;1.0;6.0;44.918681;-0.24256;2024-09-20 08:45:00
202400051992.0;1;76;76231;2;3;1.0;6.0;49.29097;1.01435;2024-02-14 09:10:00
202400051993.0;1;94;94041;2;3;1.0;6.0;48.815963;2.377042;2024-03-27 11:25:00
202400051994.0;5;69;69387;2;2;3.0;3.0;45.7484;4.85163;2024-07-12 23:20:00
202400051995.0;1;35;35238;1;1;1.0;6.0;48.10854;-1.71711;2024-06-09 06:15:00
202400051996.0;1;75;75114;2;3;1.0;3.0;48.824656;2.319571;2024-05-03 07:32:00
202400051997.0;2;68;68166;2;7;1.0;6.0;47.79374;7.3231;2024-02-14 17:55:00
202400051998.0;1;14;14016;1;1;8.0;2.0;49.249543;0.064116;2024-08-16 11:25:00
202400051999.0;2;44;44120;2;2;1.0;1.0;47.192503;-1.764408;2024-12-03 07:55:00
202400052000.0;1;93;93072;2;2;1.0;6.0;48.9586;2.38223;2024-03-27 10:45:00
202400052001.0;1;79;79081;2;1;1.0;2.0;46.33891;-0.41157;2024-10-24 17:00:00
202400052002.0;1;35;35281;1;1;1.0;6.0;48.06764;-1.70929;2024-06-09 09:55:00
202400052003.0;1;75;75105;2;3;1.0;3.0;48.837704;2.345492;2024-05-03 12:45:00
202400052004.0;1;66;66136;2;1;1.0;2.0;42.69047;2.89393;2024-02-14 08:30:00
202400052005.0;1;69;69388;2;2;2.0;3.0;45.73274509;4.86537799;2024-07-11 15:18:00
202400052006.0;1;34;34274;1;2;1.0;3.0;43.799977;3.738482;2024-09-21 14:30:00
202400052007.0;1;93;93066;2;1;1.0;6.0;48.92726158;2.37208128;2024-03-27 18:10:00
202400052008.0;3;14;14575;2;1;2.0;1.0;49.297276;0.130087;2024-12-03 07:50:00
202400052009.0;1;79;79191;2;1;1.0;2.0;46.338753;-0.412098;2024-10-24 17:40:00
202400052010.0;1;11;11014;1;1;1.0;3.0;43.176015;3.107897;2024-08-16 18:30:00
202400052011.0;1;34;34172;2;1;1.0;1.0;43.59729;3.84133;2024-06-09 18:40:00
202400052012.0;1;75;75112;2;3;1.0;6.0;48.836722;2.398453;2024-05-03 17:25:00
202400052013.0;1;65;65286;2;1;2.0;6.0;43.10103;-0.04455;2024-02-09 08:25:00
202400052014.0;2;93;93051;2;1;1.0;6.0;48.83803;2.58357;2024-03-27 07:45:00
202400052015.0;1;69;69080;2;1;1.0;6.0;45.556755;4.718864;2024-08-16 15:30:00
202400052016.0;1;69;69383;2;1;1.0;3.0;45.75959;4.85564;2024-07-11 10:10:00
202400052017.0;1;73;73085;2;3;1.0;7.0;45.798039;5.85905;2024-09-22 10:10:00
202400052018.0;2;14;14191;2;3;1.0;6.0;49.328838;-0.447376;2024-12-03 17:10:00
202400052019.0;4;33;33318;2;3;1.0;6.0;44.79947;-0.66455;2024-06-09 03:30:00
202400052020.0;1;75;75108;2;2;8.0;6.0;48.874655;2.320033;2024-05-03 15:08:00
202400052021.0;1;77;77495;2;9;1.0;3.0;48.55974;2.6355;2024-10-24 16:30:00
202400052022.0;3;50;50273;1;1;1.0;6.0;49.316185;-1.425025;2024-12-03 17:35:00
202400052023.0;5;59;59155;2;2;2.0;4.0;51.034933;2.406314;2024-02-14 22:10:00
202400052024.0;1;69;69383;2;3;1.0;3.0;45.75110057;4.85525651;2024-07-10 16:40:00
202400052025.0;1;93;93050;2;1;1.0;5.0;48.86521;2.55906;2024-03-27 18:00:00
202400052026.0;1;971;97118;1;1;1.0;2.0;16.178398;-61.595278;2024-08-14 08:25:00
202400052027.0;1;30;30028;2;1;1.0;7.0;44.1798;4.6194;2024-06-09 09:25:00
202400052028.0;1;75;75104;2;2;1.0;6.0;48.857893;2.350209;2024-05-03 14:50:00
202400052029.0;1;974;97401;2;1;1.0;1.0;-21.216741;55.35021;2024-09-21 11:30:00
202400052030.0;1;77;77058;2;1;1.0;1.0;48.83666;2.73369;2024-10-25 13:00:00
202400052031.0;1;29;29232;1;1;1.0;7.0;47.98142;-4.03156;2024-06-09 19:20:00
202400052032.0;1;66;66017;2;6;1.0;3.0;42.811602;3.037752;2024-08-16 11:45:00
202400052033.0;1;2B;2B033;2;9;1.0;2.0;42.70089;9.45215;2024-07-10 13:32:00
202400052034.0;1;56;56121;2;2;1.0;3.0;47.74891;-3.37308;2024-02-13 13:19:00
202400052035.0;1;94;94080;2;2;1.0;3.0;48.8517565;2.44450402;2024-05-03 18:10:00
202400052036.0;2;27;27112;1;1;1.0;2.0;48.811442;0.87528;2024-12-02 16:45:00
202400052037.0;1;93;93014;2;3;1.0;2.0;48.906657;2.557215;2024-03-27 13:20:00
202400052038.0;2;972;97222;1;1;1.0;6.0;14.6556;-60.934231;2024-09-21 05:30:00
202400052039.0;3;76;76157;2;1;1.0;6.0;49.44473418;1.01430809;2024-10-25 04:40:00
202400052040.0;4;22;22278;2;3;1.0;3.0;48.51861;-2.75685;2024-06-09 03:15:00
202400052041.0;1;2A;2A004;2;1;1.0;3.0;41.94296;8.75706;2024-07-11 07:40:00
202400052042.0;1;23;23106;1;1;2.0;3.0;46.221266;2.411563;2024-12-02 19:50:00
202400052043.0;3;26;26058;1;1;1.0;2.0;44.9440605;4.89043474;2024-08-17 01:15:00
202400052044.0;1;38;38368;1;1;1.0;7.0;45.391052;5.512712;2024-09-21 18:30:00
202400052045.0;1;94;94052;2;2;1.0;4.0;48.83559;2.49343;2024-05-03 17:00:00
202400052046.0;1;93;93073;2;1;1.0;6.0;48.96480101;2.56709167;2024-03-27 14:20:00
202400052047.0;1;54;54482;2;1;1.0;6.0;48.70477;6.21358;2024-02-13 09:15:00
202400052048.0;1;19;19031;2;2;1.0;1.0;45.17179;1.51346;2024-06-09 20:25:00
202400052049.0;1;87;87090;1;1;2.0;6.0;46.313477;1.30431;2024-12-02 08:40:00
202400052050.0;1;76;76351;2;2;1.0;3.0;49.51113;0.12864;2024-10-24 17:18:00
202400052051.0;3;71;71526;1;1;1.0;7.0;46.297222;4.728928;2024-08-16 23:15:00
202400052052.0;1;95;95585;2;1;1.0;6.0;48.97431817;2.36751169;2024-07-11 16:15:00
202400052053.0;5;92;92075;2;1;1.0;6.0;48.82302828;2.29581874;2024-03-26 23:40:00
202400052054.0;3;62;62647;2;1;1.0;6.0;50.39347082;2.09644799;2024-09-22 05:50:00
202400052055.0;5;51;51454;2;3;2.0;3.0;49.24915;4.01664;2024-02-13 21:20:00
202400052056.0;1;73;73114;1;1;1.0;1.0;45.826541;6.509947;2024-08-16 13:00:00
202400052057.0;5;6;6084;2;6;1.0;3.0;43.613242;6.969219;2024-12-02 17:15:00
202400052058.0;1;92;92040;2;1;1.0;6.0;48.82581597;2.25880864;2024-03-27 18:15:00
202400052059.0;1;76;76351;2;4;1.0;7.0;49.48469;0.14515;2024-10-24 14:30:00
202400052060.0;1;94;94016;2;3;1.0;3.0;48.797799;2.343259;2024-05-03 16:15:00
202400052061.0;1;91;91021;2;1;1.0;6.0;48.58439;2.2488;2024-07-11 18:56:00
202400052062.0;3;18;18279;2;1;1.0;1.0;47.227488;2.061279;2024-06-09 00:25:00
202400052063.0;1;83;83031;1;1;1.0;3.0;43.38332;6.345119;2024-09-19 18:30:00
202400052064.0;1;49;49007;2;1;1.0;3.0;47.4813;-0.52395;2024-02-13 17:35:00
202400052065.0;1;72;72181;2;1;2.0;6.0;47.96581;0.17642;2024-10-25 14:00:00
202400052066.0;5;92;92004;2;1;1.0;6.0;48.93094279;2.2768836;2024-03-27 02:50:00
202400052067.0;1;38;38068;1;3;1.0;1.0;45.115066;5.730387;2024-08-16 16:42:00
202400052068.0;5;17;17300;1;9;1.0;2.0;46.17565;-1.21334;2024-06-09 22:50:00
202400052069.0;1;91;91198;1;3;7.0;3.0;48.468781;2.330561;2024-12-02 12:08:00
202400052070.0;3;7;7142;1;1;2.0;6.0;44.75272725;3.88012648;2024-08-16 00:20:00
202400052071.0;1;91;91286;2;2;1.0;3.0;48.653;2.387;2024-07-11 20:10:00
202400052072.0;5;72;72181;2;1;1.0;6.0;48.01227;0.18836;2024-10-24 22:40:00
202400052073.0;1;56;56219;1;1;1.0;2.0;47.773829;-2.4704;2024-09-22 15:15:00
202400052074.0;1;69;69279;2;1;1.0;1.0;45.77110444;5.03233629;2024-03-28 09:10:00
202400052075.0;1;67;67117;1;1;8.0;7.0;48.771335;7.31341;2024-12-03 08:20:00
202400052076.0;5;13;13207;2;9;1.0;3.0;43.27545441;5.35960983;2024-06-09 00:10:00
202400052077.0;1;1;1049;2;1;1.0;6.0;45.84326;5.029238;2024-08-16 12:30:00
202400052078.0;1;47;47001;2;9;1.0;1.0;44.1984;0.62086;2024-02-14 12:05:00
202400052079.0;1;72;72181;2;1;1.0;6.0;48.01032;0.20183;2024-10-23 17:15:00
202400052080.0;5;88;88424;2;6;1.0;6.0;48.27472;6.9657;2024-07-11 22:53:00
202400052081.0;1;56;56126;1;9;1.0;3.0;47.577857;-2.381523;2024-09-20 14:15:00
202400052082.0;3;974;97404;2;1;1.0;2.0;-21.262111;55.354362;2024-03-27 20:55:00
202400052083.0;1;41;41018;2;1;5.0;2.0;47.59385;1.3541;2024-02-13 09:40:00
202400052084.0;3;13;13004;1;1;1.0;7.0;43.69632;4.64574;2024-06-09 05:00:00
202400052085.0;3;9;9316;1;2;2.0;1.0;43.016337;1.890603;2024-08-14 23:00:00
202400052086.0;1;13;13114;1;1;6.0;2.0;43.539278;5.344334;2024-12-03 13:20:00
202400052087.0;1;69;69012;1;1;3.0;3.0;46.17039643;4.55196552;2024-09-22 13:00:00
202400052088.0;5;88;88413;2;1;1.0;3.0;48.28777;6.94976;2024-07-11 21:55:00
202400052089.0;1;6;6088;2;9;1.0;6.0;43.737335;7.297397;2024-06-09 20:15:00
202400052090.0;1;972;97206;1;3;1.0;6.0;14.481691;-61.004358;2024-03-28 07:00:00
202400052091.0;5;37;37261;2;3;1.0;3.0;47.38911;0.67923;2024-02-14 19:30:00
202400052092.0;1;17;17337;2;1;1.0;6.0;45.970417;-1.34954;2024-08-16 18:30:00
202400052093.0;1;72;72181;2;1;1.0;6.0;47.99585;0.20313;2024-10-23 15:45:00
202400052094.0;1;87;87048;2;1;1.0;7.0;45.8002;1.24218;2024-07-11 14:00:00
202400052095.0;3;89;89137;2;1;1.0;7.0;47.891956;3.963924;2024-09-21 21:50:00
202400052096.0;1;78;78349;1;1;8.0;1.0;48.581189;2.014814;2024-12-03 16:30:00
202400052097.0;1;49;49023;1;1;1.0;7.0;47.229565;-0.996752;2024-08-16 15:00:00
202400052098.0;5;59;59252;2;1;1.0;7.0;50.70625;2.927594;2024-03-27 19:55:00
202400052099.0;4;4;4070;2;1;1.0;6.0;44.08132;6.17641;2024-06-08 23:35:00