Num_Acc;lum;departement;commune;agglomeration;intersection;meteo;type_collision;lat;long;date
202400052100.0;5;33;33063;2;1;1.0;6.0;44.8528024;-0.59314638;2024-02-14 22:10:00
202400052101.0;3;63;63453;2;1;1.0;6.0;45.77219;3.290251;2024-09-22 07:21:00
202400052102.0;1;86;86194;2;1;8.0;6.0;46.580461;0.346235;2024-07-11 08:05:00
202400052103.0;3;66;66230;1;1;1.0;6.0;42.647352;2.524989;2024-12-03 18:00:00
202400052104.0;2;69;69259;2;2;1.0;3.0;45.72675035;4.86246304;2024-10-24 05:40:00
202400052105.0;1;1;1283;2;9;1.0;6.0;46.264215;5.644262;2024-06-07 17:15:00
202400052106.0;1;29;29057;1;1;2.0;1.0;47.91700319;-3.97045224;2024-08-16 17:00:00
202400052107.0;1;61;61476;1;1;1.0;3.0;48.366656;0.39083;2024-09-20 16:20:00
202400052108.0;5;33;33192;2;6;1.0;6.0;44.775789;-0.642997;2024-02-14 20:20:00
202400052109.0;5;83;83119;2;6;1.0;7.0;43.265925;6.653252;2024-12-02 17:50:00
202400052110.0;1;84;84080;2;9;1.0;3.0;44.02114;5.00493;2024-07-08 06:00:00
202400052111.0;1;34;34270;2;3;1.0;4.0;43.581192;3.83954;2024-03-28 08:50:00
202400052112.0;1;67;67482;2;1;1.0;6.0;48.595196;7.758347;2024-10-23 13:45:00
202400052113.0;1;22;22068;1;1;1.0;6.0;48.266848;-2.784755;2024-08-17 14:30:00
202400052114.0;1;75;75112;2;1;1.0;2.0;48.835991;2.412053;2024-06-09 16:10:00
202400052115.0;3;12;12047;1;1;1.0;7.0;44.426586;3.092136;2024-09-22 05:00:00
202400052116.0;1;13;13085;1;3;1.0;3.0;43.2426;5.593286;2024-12-02 16:20:00
202400052117.0;1;56;56061;1;1;2.0;6.0;47.747692;-2.123516;2024-03-28 08:15:00
202400052118.0;1;67;67482;2;3;1.0;3.0;48.54885;7.74164;2024-10-21 15:00:00
202400052119.0;3;81;81065;1;1;2.0;1.0;43.59764;2.21872;2024-07-11 22:05:00
202400052120.0;5;33;33063;2;1;1.0;2.0;44.87207;-0.56584;2024-02-14 18:35:00
202400052121.0;5;34;34300;2;2;1.0;3.0;43.425349;3.305774;2024-09-21 20:15:00
202400052122.0;1;75;75120;2;1;1.0;2.0;48.850935;2.415435;2024-06-07 17:10:00
202400052123.0;3;76;76009;1;3;1.0;6.0;49.696641;0.673261;2024-03-28 03:59:00
202400052124.0;3;59;59256;1;1;1.0;2.0;50.57472923;3.15364439;2024-08-15 04:00:00
202400052125.0;1;42;42022;2;1;1.0;5.0;45.52501716;4.22523648;2024-11-30 14:50:00
202400052126.0;1;79;79329;2;4;1.0;2.0;46.977523;-0.20786;2024-07-11 10:10:00
202400052127.0;2;64;64445;2;1;2.0;2.0;43.3141;-0.37722;2024-10-25 17:25:00
202400052128.0;1;33;33065;2;1;8.0;6.0;44.81746;-0.50688;2024-02-12 17:30:00
202400052129.0;1;68;68120;2;2;1.0;3.0;47.52523;7.478372;2024-09-20 19:10:00
202400052130.0;1;75;75119;2;2;7.0;6.0;48.88893;2.388586;2024-06-07 19:24:00
202400052131.0;3;26;26038;1;1;2.0;6.0;45.024107;4.909902;2024-12-02 17:30:00
202400052132.0;1;79;79174;2;1;1.0;3.0;46.22218;-0.15403;2024-03-27 17:30:00
202400052133.0;2;94;94043;1;1;1.0;2.0;48.81347209;2.35472471;2024-08-16 18:15:00
202400052134.0;1;64;64445;2;1;2.0;6.0;43.30606368;-0.33503339;2024-10-25 09:10:00
202400052135.0;5;31;31555;2;9;1.0;1.0;43.61516334;1.45215064;2024-02-14 19:11:00
202400052136.0;1;78;78517;2;6;1.0;3.0;48.62871;1.82603;2024-07-10 08:35:00
202400052137.0;3;39;39547;1;1;1.0;7.0;46.349534;5.751954;2024-03-27 21:45:00
202400052138.0;2;94;94038;1;1;1.0;3.0;48.78910809;2.34502386;2024-08-16 05:55:00
202400052139.0;3;69;69031;1;4;2.0;6.0;45.738956;4.51331;2024-12-03 01:50:00
202400052140.0;1;64;64024;2;1;1.0;6.0;43.4942;-1.5285;2024-10-24 17:46:00
202400052141.0;1;44;44063;1;1;1.0;1.0;47.085619;-1.26022;2024-09-22 15:55:00
202400052142.0;1;75;75115;2;3;1.0;2.0;48.827953;2.271177;2024-06-09 12:30:00
202400052143.0;2;29;29105;2;3;2.0;3.0;48.508815;-4.067329;2024-03-25 19:15:00
202400052144.0;1;95;95256;1;1;1.0;3.0;49.0565217;2.20567167;2024-08-16 15:40:00
202400052145.0;1;81;81311;1;1;1.0;2.0;43.721541;2.196871;2024-12-03 12:20:00
202400052146.0;1;31;31160;1;1;1.0;5.0;43.67772131;1.2679779;2024-09-19 15:15:00
202400052147.0;1;75;75113;2;2;1.0;2.0;48.819142;2.359578;2024-06-09 19:40:00
202400052148.0;1;64;64024;2;6;1.0;4.0;43.49452;-1.51877;2024-10-24 14:10:00
202400052149.0;5;38;38399;2;1;1.0;6.0;45.497677;5.139359;2024-03-25 01:55:00
202400052150.0;3;77;77438;1;9;1.0;2.0;48.864413;2.669122;2024-08-16 22:15:00
202400052151.0;1;77;77215;2;1;1.0;6.0;48.741688;2.728033;2024-07-11 17:45:00
202400052152.0;3;86;86026;1;1;1.0;2.0;47.079048;0.175009;2024-12-02 20:50:00
202400052153.0;1;14;14366;2;6;1.0;3.0;49.132033;0.226126;2024-02-13 12:03:00
202400052154.0;1;31;31066;1;1;2.0;5.0;43.808099;1.573609;2024-09-21 18:15:00
202400052155.0;3;33;33165;1;1;1.0;7.0;44.806199;-0.442586;2024-11-26 07:40:00
202400052156.0;1;75;75108;2;3;1.0;6.0;48.87486;2.318531;2024-06-09 17:15:00
202400052157.0;3;62;62051;1;9;1.0;3.0;50.51689288;2.77446842;2024-10-25 21:25:00
202400052158.0;2;2;2419;1;2;2.0;3.0;49.950792;3.776014;2024-03-28 05:20:00
202400052159.0;1;76;76026;2;1;1.0;4.0;49.88241;1.12862;2024-07-11 09:45:00
202400052160.0;3;3;3254;1;1;1.0;7.0;46.270808;3.315897;2024-09-21 22:30:00
202400052161.0;5;14;14101;2;3;2.0;3.0;49.16607;-0.41493;2024-02-13 19:22:00
202400052162.0;1;75;75107;2;1;1.0;1.0;48.858574;2.33217;2024-06-09 13:35:00
202400052163.0;5;42;42218;2;2;1.0;3.0;45.443;4.413;2024-06-05 22:30:00
202400052164.0;1;2;2601;1;3;1.0;1.0;49.406645;4.041164;2024-03-27 18:14:00
202400052165.0;1;73;73011;1;1;8.0;2.0;45.66109;6.3829;2024-07-11 17:24:00
202400052166.0;1;61;61117;1;2;2.0;3.0;48.43771;0.05793;2024-10-25 18:01:00
202400052167.0;2;13;13108;2;1;1.0;1.0;43.814385;4.664995;2024-02-11 17:50:00
202400052168.0;1;54;54102;1;3;5.0;1.0;48.71499;5.875623;2024-09-21 09:18:00
202400052169.0;5;75;75104;2;3;1.0;6.0;48.86030776;2.35305083;2024-06-09 22:00:00
202400052170.0;5;987;98736;1;1;1.0;7.0;-17.530057;-149.551612;2024-08-15 02:12:00
202400052171.0;1;14;14371;1;1;2.0;6.0;48.997508;0.163282;2024-03-26 16:15:00
202400052172.0;5;13;13213;2;1;1.0;1.0;43.32278813;5.44016866;2024-02-14 20:50:00
202400052173.0;5;60;60159;2;1;1.0;1.0;49.41714;2.81772;2024-10-22 22:55:00
202400052174.0;1;14;14194;1;1;1.0;6.0;49.079102;0.37625;2024-09-20 17:04:00
202400052175.0;1;72;72181;2;2;1.0;3.0;47.98126;0.20964;2024-07-10 17:05:00
202400052176.0;1;75;75103;2;2;1.0;7.0;48.865489;2.356047;2024-06-09 18:05:00
202400052177.0;5;974;97407;2;1;1.0;6.0;-20.94288;55.29495;2024-08-15 19:00:00
202400052178.0;3;60;60212;1;1;1.0;1.0;49.23617402;2.29566139;2024-12-03 07:18:00
202400052179.0;1;9;9264;2;1;7.0;1.0;43.024243;1.612623;2024-03-19 18:10:00
202400052180.0;2;5;5009;1;1;1.0;7.0;44.80559;5.955706;2024-09-21 19:25:00
202400052181.0;1;974;97407;2;1;1.0;6.0;-20.9395;55.3022;2024-08-15 14:20:00
202400052182.0;3;60;60517;1;6;1.0;6.0;49.23028033;2.22456729;2024-12-03 03:22:00
202400052183.0;5;13;13207;2;1;1.0;1.0;43.29311777;5.37010625;2024-02-14 18:28:00
202400052184.0;1;69;69282;1;1;1.0;1.0;45.76975549;4.98689227;2024-07-11 19:00:00
202400052185.0;3;50;50487;1;1;1.0;6.0;48.467597;-1.377824;2024-09-22 03:30:00
202400052186.0;1;973;97302;2;1;1.0;3.0;4.92087353;-52.32189846;2024-08-14 11:29:00
202400052187.0;1;60;60057;2;1;1.0;4.0;49.40861746;2.11196494;2024-10-25 09:50:00
202400052188.0;1;75;75104;2;3;1.0;3.0;48.857317;2.34925;2024-06-09 06:15:00
202400052189.0;3;80;80571;1;1;9.0;6.0;49.764295;2.469451;2024-11-29 23:25:00
202400052190.0;1;45;45138;1;1;3.0;6.0;47.723626;2.840298;2024-09-22 13:00:00
202400052191.0;3;973;97302;2;1;1.0;7.0;4.91085;-52.32146;2024-08-14 00:15:00
202400052192.0;5;13;13213;2;1;1.0;3.0;43.32947;5.42827;2024-02-14 18:50:00
202400052193.0;1;69;69266;2;3;3.0;6.0;45.78015;4.89157;2024-07-11 19:00:00
202400052194.0;3;80;80799;1;6;2.0;3.0;49.870881;2.533523;2024-12-02 19:00:00
202400052195.0;5;10;10333;2;1;1.0;6.0;48.2795;4.0348;2024-02-15 01:12:00
202400052196.0;2;57;57630;2;2;1.0;3.0;48.74086;7.07405;2024-10-25 18:50:00
202400052197.0;1;67;67482;2;1;1.0;6.0;48.582;7.747;2024-07-11 16:55:00
202400052198.0;1;69;69387;2;1;1.0;3.0;45.75647536;4.83921751;2024-08-15 18:00:00
202400052199.0;3;53;53262;2;3;8.0;6.0;48.060901;-0.570087;2024-09-22 06:30:00
202400052200.0;1;62;62361;2;1;1.0;6.0;50.27591804;2.28332915;2024-12-03 11:32:00
202400052201.0;1;94;94081;2;2;1.0;3.0;48.786003;2.391569;2024-06-09 11:20:00
202400052202.0;5;6;6069;2;9;1.0;6.0;43.6573;6.92324;2024-02-13 18:00:00
202400052203.0;1;57;57480;2;1;1.0;3.0;49.0927;6.14802;2024-10-25 08:22:00
202400052204.0;1;972;97209;2;1;1.0;3.0;14.61315;-61.07846;2024-08-14 17:44:00
202400052205.0;1;83;83090;1;1;1.0;6.0;43.12616683;5.88374932;2024-12-02 07:55:00
202400052206.0;3;85;85108;1;1;5.0;6.0;46.903677;-1.394556;2024-09-22 05:50:00
202400052207.0;1;64;64260;2;1;1.0;3.0;43.34979;-1.77893;2024-07-10 13:30:00
202400052208.0;1;6;6027;2;1;1.0;3.0;43.65321;7.1466;2024-02-12 12:10:00
202400052209.0;5;69;69389;2;1;1.0;6.0;45.77980142;4.80868773;2024-08-16 00:00:00
202400052210.0;1;33;33550;1;1;2.0;2.0;44.7783;-0.56568;2024-12-02 13:40:00
202400052211.0;1;27;27045;1;1;1.0;3.0;49.327145;1.764296;2024-09-21 14:30:00
202400052212.0;1;64;64129;2;1;1.0;7.0;43.30513;-0.40196;2024-07-11 12:09:00
202400052213.0;1;94;94074;2;1;1.0;2.0;48.76325312;2.44210035;2024-06-08 21:30:00
202400052214.0;3;27;27372;1;1;1.0;7.0;49.364744;1.646731;2024-09-19 07:50:00
202400052215.0;1;75;75112;2;1;8.0;7.0;48.844051;2.413842;2024-02-14 14:10:00
202400052216.0;1;54;54526;2;2;1.0;3.0;48.68376889;6.22104585;2024-10-25 17:05:00
202400052217.0;1;2A;2A004;2;2;1.0;3.0;41.92606;8.73711;2024-08-15 10:31:00
202400052218.0;1;59;59532;1;1;1.0;6.0;50.95568;2.14414;2024-11-30 11:56:00
202400052219.0;1;64;64445;2;6;1.0;3.0;43.30429;-0.36671;2024-07-11 09:40:00
202400052220.0;1;93;93066;2;2;1.0;3.0;48.922435;2.343377;2024-06-09 20:35:00
202400052221.0;1;54;54184;2;1;1.0;6.0;48.7032;6.21781;2024-10-25 14:15:00
202400052222.0;4;75;75120;2;2;1.0;6.0;48.857721;2.407563;2024-02-14 19:00:00
202400052223.0;1;94;94043;1;1;1.0;3.0;48.80819879;2.3476257;2024-12-02 17:40:00
202400052224.0;1;27;27109;1;2;1.0;4.0;49.107431;0.834465;2024-09-19 08:20:00
202400052225.0;5;92;92012;2;1;1.0;7.0;48.83209;2.24854;2024-06-09 00:30:00
202400052226.0;1;95;95680;1;1;1.0;3.0;49.01352067;2.41435032;2024-08-15 19:58:00
202400052227.0;1;64;64445;2;1;1.0;2.0;43.30091;-0.35974;2024-07-10 13:00:00
202400052228.0;3;54;54395;2;1;1.0;6.0;48.6997;6.15627;2024-10-24 21:20:00
202400052229.0;5;75;75111;2;3;1.0;2.0;48.85551007;2.36987382;2024-02-14 21:10:00
202400052230.0;5;92;92007;2;1;1.0;7.0;48.80079823;2.30088007;2024-06-09 03:10:00
202400052231.0;1;64;64125;2;1;1.0;3.0;43.43971;-1.58713;2024-07-11 18:02:00
202400052232.0;1;51;51454;2;6;1.0;3.0;49.22048;4.02152;2024-10-25 15:40:00
202400052233.0;1;75;75110;2;2;9.0;7.0;48.874795;2.357409;2024-02-14 08:43:00
202400052234.0;2;92;92050;1;1;1.0;4.0;48.89667893;2.19603219;2024-12-01 16:58:00
202400052235.0;1;84;84007;2;2;1.0;3.0;43.9339;4.83179;2024-08-15 13:52:00
202400052236.0;1;92;92009;2;1;1.0;6.0;48.92054622;2.27907059;2024-06-09 14:46:00
202400052237.0;1;973;97307;2;1;7.0;3.0;4.849953;-52.330443;2024-09-21 14:43:00
202400052238.0;1;64;64125;2;1;1.0;3.0;43.43031;-1.59932;2024-07-10 21:10:00
202400052239.0;1;51;51573;2;1;1.0;2.0;49.242975;3.989328;2024-10-25 14:18:00
202400052240.0;2;75;75104;2;3;2.0;6.0;48.858362;2.3519;2024-02-13 19:15:00
202400052241.0;3;95;95256;1;1;1.0;2.0;49.05818743;2.20902161;2024-11-30 21:40:00
202400052242.0;1;978;97801;2;1;1.0;1.0;18.096362;-63.039234;2024-09-21 18:12:00
202400052243.0;3;974;97415;1;1;1.0;6.0;-20.970907;55.298792;2024-06-08 02:55:00
202400052244.0;1;80;80001;2;1;7.0;3.0;50.10538;1.79987;2024-08-14 14:10:00
202400052245.0;1;63;63164;1;1;1.0;2.0;45.82381751;3.13419342;2024-07-11 09:56:00
202400052246.0;3;73;73179;1;4;1.0;6.0;45.603745;5.882555;2024-09-21 00:20:00
202400052247.0;3;94;94074;1;1;1.0;6.0;48.7647343;2.4621159;2024-12-01 23:57:00
202400052248.0;1;94;94078;2;3;1.0;2.0;48.74276804;2.4470737;2024-02-14 12:00:00
202400052249.0;1;2A;2A189;1;1;1.0;7.0;41.719717;8.836737;2024-06-04 11:30:00
202400052250.0;1;51;51454;2;6;1.0;3.0;49.23379;3.99941;2024-10-25 10:25:00
202400052251.0;1;78;78551;1;2;1.0;3.0;48.93938;2.09566;2024-08-15 14:20:00
202400052252.0;1;971;97103;2;6;1.0;3.0;16.240031;-61.570827;2024-09-20 11:30:00
202400052253.0;1;62;62510;2;2;1.0;3.0;50.41466;2.77881;2024-07-06 20:00:00
202400052254.0;5;94;94068;2;2;2.0;1.0;48.793308;2.497866;2024-02-13 22:10:00
202400052255.0;5;49;49007;2;1;1.0;6.0;47.45099;-0.54901;2024-10-25 07:30:00
202400052256.0;1;24;24108;1;1;1.0;1.0;45.233483;0.604591;2024-06-10 13:30:00
202400052257.0;1;73;73297;1;4;1.0;3.0;45.64475572;6.33359402;2024-08-08 17:05:00
202400052258.0;1;77;77390;2;1;1.0;6.0;48.79236156;2.65240513;2024-08-15 19:20:00
202400052259.0;3;13;13110;1;1;1.0;6.0;43.470145;5.659246;2024-09-22 00:20:00
202400052260.0;1;988;98818;2;1;1.0;6.0;-22.22957;166.44416;2024-11-30 14:50:00
202400052261.0;1;62;62178;2;4;7.0;3.0;50.4788;2.5328;2024-07-11 08:25:00
202400052262.0;2;49;49007;2;1;2.0;3.0;47.45306;-0.53875;2024-10-25 08:05:00
202400052263.0;1;60;60138;1;1;2.0;2.0;49.215411;2.625947;2024-08-30 14:00:00
202400052264.0;1;974;97411;2;1;1.0;6.0;-20.88639;55.49288;2024-12-01 14:50:00
202400052265.0;1;43;43038;1;1;1.0;4.0;45.348519;3.342365;2024-06-06 15:50:00
202400052266.0;1;59;59599;2;2;1.0;6.0;50.745682;3.175654;2024-07-10 16:40:00
202400052267.0;3;76;76235;2;1;1.0;6.0;49.895408;1.268186;2024-06-08 04:20:00
202400052268.0;5;49;49007;2;2;1.0;3.0;47.47079;-0.51909;2024-10-24 19:15:00
202400052269.0;1;973;97302;2;1;1.0;3.0;4.91995532;-52.31267273;2024-12-01 11:20:00
202400052270.0;3;973;97304;1;1;1.0;1.0;5.105371;-52.779779;2024-09-21 18:55:00
202400052271.0;1;77;77186;1;2;1.0;3.0;48.4811;2.66915;2024-08-15 17:10:00
202400052272.0;2;23;23128;1;1;5.0;6.0;46.135572;1.961111;2024-06-10 05:00:00
202400052273.0;1;59;59017;2;1;1.0;6.0;50.68302;2.88128;2024-07-11 16:30:00
202400052274.0;1;49;49246;2;1;7.0;6.0;47.448814;-0.513103;2024-10-24 10:04:00
202400052275.0;1;972;97230;1;1;1.0;1.0;14.741662;-60.975645;2024-09-22 10:50:00
202400052276.0;1;69;69387;2;2;1.0;3.0;45.75238;4.83935;2024-12-01 12:32:00
202400052277.0;1;76;76457;1;4;7.0;1.0;49.34074398;0.95648861;2024-08-15 11:20:00
202400052278.0;1;54;54212;1;1;1.0;1.0;49.49830508;5.65819502;2024-06-10 13:40:00
202400052279.0;1;59;59043;1;1;1.0;2.0;50.71624;2.740677;2024-07-11 08:50:00
202400052280.0;2;44;44184;2;2;2.0;6.0;47.27003;-2.21739;2024-10-25 08:20:00
202400052281.0;3;30;30042;1;6;1.0;6.0;44.059728;4.01634;2024-09-21 21:10:00
202400052282.0;1;71;71270;2;1;1.0;1.0;46.29727;4.81666;2024-08-15 10:40:00
202400052283.0;1;54;54138;2;1;1.0;6.0;49.527409;5.728669;2024-06-09 11:07:00
202400052284.0;3;95;95277;1;1;1.0;2.0;48.98136971;2.46754192;2024-12-01 19:05:00
202400052285.0;1;59;59317;2;9;1.0;6.0;50.68997;2.90856;2024-07-11 09:39:00
202400052286.0;3;6;6028;1;9;1.0;7.0;43.777559;6.742156;2024-09-22 02:55:00
202400052287.0;2;69;69259;2;1;1.0;6.0;45.71318;4.89886;2024-08-15 06:15:00
202400052288.0;1;37;37261;2;1;2.0;3.0;47.38723;0.67654;2024-10-25 15:50:00
202400052289.0;5;91;91552;1;1;1.0;5.0;48.602;2.247;2024-12-01 06:50:00
202400052290.0;1;67;67120;1;2;1.0;3.0;48.375708;7.438474;2024-09-21 15:25:00
202400052291.0;1;67;67482;2;1;1.0;3.0;48.58986282;7.74229825;2024-08-15 19:15:00
202400052292.0;3;56;56121;2;6;2.0;3.0;47.73335;-3.38548;2024-07-11 02:06:00
202400052293.0;1;37;37233;2;6;1.0;3.0;47.392;0.725;2024-10-25 12:55:00
202400052294.0;1;67;67482;2;1;1.0;6.0;48.56301;7.69971;2024-08-15 17:05:00
202400052295.0;1;91;91432;2;1;1.0;2.0;48.705;2.343;2024-11-30 16:11:00
202400052296.0;2;6;6026;2;6;1.0;6.0;43.660374;6.881036;2024-05-31 19:30:00
202400052297.0;5;38;38464;2;6;3.0;3.0;45.542641;5.399582;2024-09-22 19:30:00
202400052298.0;1;67;67180;1;1;7.0;7.0;48.8151486;7.80922648;2024-08-14 09:26:00
202400052299.0;1;86;86066;2;6;1.0;3.0;46.81478;0.53988;2024-11-30 15:20:00
202400052300.0;1;56;56098;2;2;1.0;3.0;47.77442;-3.3467;2024-07-10 08:52:00
202400052301.0;3;64;64335;1;1;1.0;7.0;43.3538;-0.39781;2024-08-15 21:45:00
202400052302.0;1;69;69287;2;6;1.0;6.0;45.697877;5.014352;2024-09-18 19:10:00
202400052303.0;3;35;35238;1;1;1.0;4.0;48.08055069;-1.67705387;2024-10-25 20:15:00
202400052304.0;1;34;34270;2;3;1.0;3.0;43.578114;3.83535;2024-06-06 12:10:00
202400052305.0;5;63;63113;2;4;1.0;6.0;45.76216;3.08259;2024-08-15 23:00:00
202400052306.0;1;81;81104;1;1;1.0;1.0;43.768894;1.824846;2024-09-20 16:15:00
202400052307.0;1;56;56098;1;1;1.0;4.0;47.7782005;-3.3540909;2024-07-10 11:06:00
202400052308.0;1;35;35238;2;2;1.0;7.0;48.11461;-1.65687;2024-10-25 15:00:00
202400052309.0;3;56;56030;1;9;1.0;6.0;47.480527;-2.402873;2024-05-09 02:00:00
202400052310.0;3;84;84132;1;1;1.0;5.0;43.879714;5.018596;2024-12-01 18:54:00
202400052311.0;1;40;40184;1;3;1.0;3.0;44.182457;-1.181603;2024-09-20 12:35:00
202400052312.0;1;53;53130;2;6;1.0;6.0;48.06146;-0.78441;2024-07-10 11:15:00
202400052313.0;5;34;34172;2;3;8.0;3.0;43.61039;3.85848;2024-10-25 20:30:00
202400052314.0;2;79;79197;1;2;7.0;3.0;46.695337;-0.094226;2024-06-06 06:30:00
202400052315.0;1;47;47001;2;7;1.0;1.0;44.20792;0.62097;2024-08-15 19:10:00
202400052316.0;5;83;83061;2;6;1.0;6.0;43.42378;6.75646;2024-12-02 00:05:00
202400052317.0;1;51;51454;2;6;1.0;7.0;49.237464;4.086509;2024-07-11 13:40:00
202400052318.0;1;37;37261;2;1;1.0;6.0;47.38145;0.70263;2024-08-15 18:35:00
202400052319.0;1;79;79062;1;1;1.0;7.0;46.831602;-0.659609;2024-06-09 21:20:00
202400052320.0;3;81;81065;1;1;1.0;6.0;43.64146;2.18926;2024-12-01 03:55:00
202400052321.0;1;40;40244;1;3;1.0;5.0;43.684823;-1.171798;2024-09-22 12:55:00
202400052322.0;5;34;34172;2;5;1.0;3.0;43.59673;3.84505;2024-10-24 22:55:00
202400052323.0;1;37;37261;2;1;1.0;2.0;47.39506;0.67245;2024-08-15 11:45:00
202400052324.0;1;79;79061;1;1;1.0;7.0;46.252375;-0.221486;2024-06-09 17:00:00
202400052325.0;1;78;78551;2;9;1.0;3.0;48.887984;2.081074;2024-12-01 12:35:00
202400052326.0;5;51;51230;2;1;1.0;6.0;49.052084;3.95546;2024-07-11 02:20:00
202400052327.0;1;33;33498;2;3;1.0;6.0;44.55055;-0.867504;2024-09-18 16:00:00
202400052328.0;5;33;33063;2;1;8.0;3.0;44.88867;-0.54448;2024-10-25 23:00:00
202400052329.0;1;34;34172;2;1;1.0;3.0;43.61323;3.86671;2024-08-14 15:15:00
202400052330.0;1;77;77251;2;1;1.0;7.0;48.62787;2.55236;2024-12-01 16:25:00
202400052331.0;1;85;85113;1;1;1.0;7.0;46.72202;-2.343671;2024-09-21 17:30:00
202400052332.0;1;79;79216;2;2;7.0;3.0;46.26348;-0.361851;2024-06-10 07:45:00
202400052333.0;1;46;46042;2;3;1.0;1.0;44.46272;1.43256;2024-07-10 16:08:00
202400052334.0;1;33;33063;2;1;1.0;6.0;44.8429;-0.57097;2024-08-15 20:00:00
202400052335.0;1;33;33316;1;1;1.0;6.0;44.75757533;0.0520134;2024-06-10 18:00:00
202400052336.0;1;33;33119;2;6;1.0;6.0;44.84985;-0.50732;2024-10-24 07:40:00
202400052337.0;4;22;22175;1;1;1.0;2.0;48.494967;-2.383089;2024-09-13 23:30:00
202400052338.0;2;76;76216;2;6;1.0;3.0;49.4655;1.05518;2024-12-01 19:30:00
202400052339.0;1;45;45234;2;2;1.0;3.0;47.885622;1.89695;2024-07-11 10:00:00
202400052340.0;3;33;33069;2;3;1.0;3.0;44.86422;-0.62044;2024-08-15 00:35:00
202400052341.0;1;33;33529;2;9;2.0;3.0;44.63261;-1.14897;2024-10-25 09:40:00
202400052342.0;1;76;76108;2;6;8.0;3.0;49.47707;1.10572;2024-12-01 12:10:00
202400052343.0;1;81;81202;1;1;1.0;5.0;43.827654;1.863921;2024-06-07 16:50:00
202400052344.0;1;44;44184;2;2;1.0;3.0;47.28187;-2.23513;2024-07-10 19:30:00
202400052345.0;1;31;31555;2;6;1.0;3.0;43.60822909;1.38796404;2024-08-15 15:35:00
202400052346.0;1;80;80039;1;2;1.0;3.0;50.087871;1.451966;2024-09-21 15:40:00
202400052347.0;1;42;42207;2;9;1.0;6.0;45.4744;4.51413;2024-07-07 16:45:00
202400052348.0;5;31;31555;1;1;8.0;4.0;43.60497;1.40273;2024-10-26 01:50:00
202400052349.0;1;49;49215;2;1;7.0;2.0;47.134505;-0.160348;2024-06-09 06:00:00
202400052350.0;2;59;59449;1;1;1.0;1.0;50.461425;3.248219;2024-09-22 06:30:00
202400052351.0;1;28;28085;2;9;1.0;3.0;48.45065;1.51714;2024-08-15 19:15:00
202400052352.0;1;76;76565;1;1;1.0;4.0;49.89346;1.0794;2024-11-29 15:00:00
202400052353.0;1;38;38185;2;1;1.0;3.0;45.16;5.71;2024-07-11 14:15:00
202400052354.0;1;67;67180;2;1;1.0;7.0;48.79789;7.80267;2024-12-01 12:32:00
202400052355.0;1;59;59638;1;1;1.0;3.0;50.576001;3.270289;2024-09-22 07:17:00
202400052356.0;5;30;30007;2;1;2.0;7.0;44.1311;4.09705;2024-10-25 22:45:00
202400052357.0;1;22;22278;1;1;1.0;2.0;48.505177;-2.73309;2024-08-15 12:00:00
202400052358.0;1;59;59268;2;1;1.0;3.0;50.641967;2.751391;2024-09-21 19:15:00
202400052359.0;1;37;37261;2;3;1.0;3.0;47.37969;0.69339;2024-07-11 13:45:00
202400052360.0;1;46;46276;1;3;1.0;3.0;44.464336;1.709881;2024-06-10 11:35:00
202400052361.0;1;66;66136;2;1;1.0;4.0;42.66734309;2.91823804;2024-12-01 15:58:00
202400052362.0;1;14;14366;2;3;1.0;7.0;49.14949;0.23659;2024-08-15 08:40:00
202400052363.0;1;37;37261;2;1;1.0;6.0;47.41875;0.69458;2024-07-10 16:10:00
202400052364.0;1;29;29019;2;3;1.0;3.0;48.38666;-4.52847;2024-10-24 17:40:00
202400052365.0;1;13;13212;1;1;1.0;3.0;43.29602;5.42477;2024-09-20 17:20:00
202400052366.0;1;46;46007;1;1;1.0;6.0;44.451872;1.57289;2024-06-09 20:00:00
202400052367.0;3;13;13071;1;6;2.0;6.0;43.41719;5.28296;2024-08-15 23:40:00
202400052368.0;5;66;66136;2;2;1.0;3.0;42.68059113;2.90958792;2024-12-01 01:20:00
202400052369.0;5;27;27229;2;7;1.0;6.0;49.02908;1.13271;2024-10-24 19:20:00
202400052370.0;3;91;91161;1;1;2.0;3.0;48.69791;2.31457;2024-09-21 06:00:00
202400052371.0;5;13;13211;2;1;1.0;7.0;43.2823;5.4431;2024-08-15 02:50:00
202400052372.0;1;38;38134;1;1;1.0;1.0;45.421347;5.015618;2024-06-10 14:00:00
202400052373.0;1;35;35238;2;3;1.0;3.0;48.1195;-1.64833;2024-07-11 08:35:00
202400052374.0;5;65;65331;2;1;1.0;6.0;43.19746221;0.05798332;2024-12-01 19:15:00
202400052375.0;1;27;27229;2;1;1.0;6.0;49.00416;1.15695;2024-10-24 09:55:00
202400052376.0;3;92;92036;1;1;8.0;2.0;48.93456657;2.28030413;2024-09-20 20:20:00
202400052377.0;1;13;13005;1;3;1.0;3.0;43.30624;5.57376;2024-08-14 17:00:00
202400052378.0;3;16;16015;2;1;2.0;1.0;45.641997;0.168206;2024-10-25 21:05:00
202400052379.0;1;34;34108;1;6;1.0;2.0;43.41765;3.72454;2024-07-11 16:20:00
202400052380.0;1;93;93027;1;1;1.0;4.0;48.93830015;2.41440499;2024-09-20 17:45:00
202400052381.0;1;15;15014;2;3;1.0;3.0;44.90502;2.42747;2024-10-25 11:55:00
202400052382.0;2;34;34129;1;1;1.0;1.0;43.58279;3.90889;2024-07-11 21:05:00
202400052383.0;2;93;93078;1;1;2.0;3.0;48.95791431;2.53050438;2024-09-21 05:30:00