Num_Acc;lum;departement;commune;agglomeration;intersection;meteo;type_collision;lat;long;date
202400052384.0;5;13;13039;2;6;1.0;1.0;43.4443;4.94139;2024-10-25 20:15:00
202400052385.0;3;95;95572;1;1;1.0;6.0;49.03385084;2.11134575;2024-09-21 03:40:00
202400052386.0;1;33;33063;2;3;1.0;1.0;44.85519;-0.55102;2024-07-11 16:40:00
202400052387.0;3;93;93063;1;1;1.0;7.0;48.87844318;2.44713993;2024-09-21 02:20:00
202400052388.0;1;33;33529;2;1;1.0;6.0;44.626779;-1.146709;2024-07-11 08:40:00
202400052389.0;5;13;13056;2;3;1.0;6.0;43.41615;5.05658;2024-10-25 18:50:00
202400052390.0;3;94;94044;1;1;2.0;6.0;48.75781222;2.47055049;2024-09-21 02:59:00
202400052391.0;5;62;62427;2;9;2.0;6.0;50.41865;2.968;2024-12-01 23:15:00
202400052392.0;1;54;54598;2;3;1.0;3.0;49.35372776;5.76459289;2024-06-09 16:45:00
202400052393.0;1;31;31483;2;1;1.0;6.0;43.10096;0.70684;2024-07-11 15:30:00
202400052394.0;5;75;75112;2;1;1.0;2.0;48.833191;2.406946;2024-08-14 21:30:00
202400052395.0;1;59;59426;2;3;1.0;3.0;50.74345;3.15066;2024-11-30 14:00:00
202400052396.0;5;57;57463;2;2;1.0;3.0;49.10162;6.19837;2024-07-21 00:40:00
202400052397.0;1;6;6059;2;1;1.0;1.0;43.715104;7.349371;2024-06-10 06:40:00
202400052398.0;1;28;28134;2;1;1.0;6.0;48.73183;1.37034;2024-07-11 21:00:00
202400052399.0;1;75;75112;2;1;1.0;4.0;48.845831;2.414209;2024-08-14 09:00:00
202400052400.0;3;13;13077;2;3;1.0;3.0;43.42181561;4.97745109;2024-10-24 23:45:00
202400052401.0;5;59;59178;2;1;2.0;7.0;50.39077;3.09511;2024-12-01 19:30:00
202400052402.0;1;973;97302;2;2;1.0;1.0;4.91915;-52.31758;2024-09-20 06:50:00
202400052403.0;1;75;75101;2;2;1.0;3.0;48.863422;2.351112;2024-08-14 14:24:00
202400052404.0;1;14;14430;1;2;1.0;3.0;49.302377;-0.603583;2024-06-09 18:20:00
202400052405.0;2;13;13214;2;9;1.0;1.0;43.34;5.37;2024-10-25 07:50:00
202400052406.0;1;27;27562;2;1;1.0;2.0;49.09755;1.44816;2024-07-11 11:09:00
202400052407.0;1;69;69383;2;1;1.0;3.0;45.74381;4.88557;2024-09-20 18:45:00
202400052408.0;1;56;56098;2;1;8.0;2.0;47.778238;-3.353268;2024-11-30 16:00:00
202400052409.0;1;50;50603;1;1;1.0;6.0;49.050526;-1.535565;2024-06-09 14:50:00
202400052410.0;5;13;13205;2;1;1.0;2.0;43.293;5.4015;2024-10-25 01:00:00
202400052411.0;1;19;19031;2;1;1.0;3.0;45.16414757;1.52129084;2024-07-11 17:30:00
202400052412.0;5;49;49246;2;6;1.0;7.0;47.43704;-0.51441;2024-12-01 19:50:00
202400052413.0;1;972;97213;1;1;1.0;2.0;14.61675;-61.01621;2024-09-20 08:14:00
202400052414.0;1;50;50215;1;1;1.0;6.0;49.092238;-1.541535;2024-06-10 09:00:00
202400052415.0;3;2B;2B120;2;1;1.0;1.0;42.64783;9.45335;2024-09-20 02:20:00
202400052416.0;1;90;90053;2;6;1.0;2.0;47.539856;6.965415;2024-06-08 16:30:00
202400052417.0;1;13;13001;1;1;1.0;3.0;43.47988952;5.39170826;2024-10-25 08:30:00
202400052418.0;1;91;91191;2;3;1.0;3.0;48.71359;2.46396;2024-09-19 07:40:00
202400052419.0;1;49;49246;1;1;1.0;6.0;47.44548;-0.51503;2024-12-01 16:55:00
202400052420.0;1;12;12013;1;1;1.0;3.0;44.5138;2.2446;2024-10-22 18:00:00
202400052421.0;1;87;87114;1;1;1.0;6.0;45.83394;1.28626;2024-09-19 19:33:00
202400052422.0;1;73;73270;2;2;1.0;5.0;45.565533;6.155142;2024-06-09 12:55:00
202400052423.0;1;47;47031;1;1;1.0;3.0;44.16851;0.64173;2024-12-01 13:45:00
202400052424.0;1;87;87085;2;3;1.0;6.0;45.83392499;1.26899421;2024-09-19 15:56:00
202400052425.0;1;16;16073;1;1;1.0;7.0;45.28194;0.035383;2024-06-10 14:45:00
202400052426.0;5;6;6069;2;1;9.0;2.0;43.66146;6.92361;2024-10-25 22:00:00
202400052427.0;5;37;37261;2;2;1.0;3.0;47.42362;0.69823;2024-12-01 18:55:00
202400052428.0;1;84;84035;2;6;1.0;3.0;43.817697;5.04218;2024-09-20 08:00:00
202400052429.0;1;16;16362;1;1;1.0;5.0;45.39657;0.254027;2024-06-09 09:45:00
202400052430.0;5;3;3095;2;3;2.0;3.0;46.1289;3.44012;2024-10-18 07:40:00
202400052431.0;1;37;37233;2;2;1.0;3.0;47.38732;0.71475;2024-12-01 11:27:00
202400052432.0;3;84;84007;2;1;1.0;3.0;43.94731;4.85586;2024-09-19 21:45:00
202400052433.0;1;16;16101;1;1;1.0;7.0;45.556609;0.034015;2024-06-09 15:15:00
202400052434.0;5;75;75120;2;1;1.0;3.0;48.871428;2.413002;2024-10-25 21:32:00
202400052435.0;5;37;37122;2;1;5.0;7.0;47.35723592;0.68095078;2024-11-30 23:45:00
202400052436.0;1;83;83129;2;1;1.0;6.0;43.11736205;5.84511316;2024-09-19 13:15:00
202400052437.0;3;4;4209;1;1;3.0;6.0;44.166352;5.927113;2024-06-09 21:00:00
202400052438.0;1;75;75119;2;1;1.0;3.0;48.899006;2.386964;2024-10-25 13:19:00
202400052439.0;1;78;78423;2;2;1.0;6.0;48.76915;2.0515;2024-09-20 11:15:00
202400052440.0;1;4;4149;1;1;1.0;2.0;44.036748;5.94841;2024-06-10 18:30:00
202400052441.0;1;75;75117;2;3;1.0;7.0;48.887459;2.29483;2024-10-25 10:30:00
202400052442.0;5;77;77373;2;1;1.0;3.0;48.7782;2.58883;2024-09-19 22:46:00
202400052443.0;5;37;37208;2;6;5.0;3.0;47.36657;0.74497;2024-11-30 19:50:00
202400052444.0;1;85;85265;1;2;1.0;6.0;46.415395;-0.697749;2024-06-09 11:45:00
202400052445.0;5;75;75116;2;3;2.0;6.0;48.852981;2.275764;2024-10-25 21:50:00
202400052446.0;5;31;31555;2;1;1.0;3.0;43.62576;1.45884;2024-12-01 03:25:00
202400052447.0;1;31;31555;2;1;1.0;5.0;43.56594;1.39519;2024-11-30 14:55:00
202400052448.0;3;29;29232;1;1;2.0;3.0;47.97182899;-4.06440748;2024-12-01 04:04:00
202400052449.0;1;77;77132;2;1;1.0;6.0;48.88315;2.8056;2024-09-20 08:00:00
202400052450.0;5;94;94028;2;3;2.0;6.0;48.77605;2.46853;2024-02-13 20:00:00
202400052451.0;1;94;94077;2;1;1.0;3.0;48.7398;2.40987;2024-02-14 13:50:00
202400052452.0;5;93;93063;2;2;2.0;6.0;48.87184315;2.43976253;2024-02-13 19:30:00
202400052453.0;5;69;69266;2;2;1.0;2.0;45.76564;4.90081;2024-09-20 20:50:00
202400052454.0;3;91;91064;1;1;2.0;7.0;48.76181745;2.22732246;2024-01-03 06:00:00
202400052455.0;5;93;93032;2;2;2.0;6.0;48.87705;2.54923;2024-02-13 19:10:00
202400052456.0;4;93;93027;2;1;1.0;6.0;48.92802;2.38407;2024-02-12 18:10:00
202400052457.0;1;69;69286;2;9;1.0;6.0;45.82;4.8868;2024-09-20 19:00:00
202400052458.0;3;92;92050;1;1;1.0;6.0;48.90737949;2.2125037;2024-01-02 23:31:00
202400052459.0;1;93;93005;2;1;8.0;6.0;48.932525;2.496429;2024-02-14 10:50:00
202400052460.0;5;92;92036;1;1;3.0;7.0;48.93288008;2.30233627;2024-01-02 20:30:00
202400052461.0;5;69;69276;2;1;1.0;1.0;45.66694;4.85893;2024-09-21 00:30:00
202400052462.0;1;92;92064;2;1;1.0;3.0;48.85498572;2.22281316;2024-02-14 18:10:00
202400052463.0;3;78;78217;1;1;2.0;3.0;48.963209;1.837369;2024-01-02 18:30:00
202400052464.0;1;78;78297;1;1;2.0;2.0;48.79141;2.05602;2024-01-02 13:17:00
202400052465.0;1;92;92051;2;1;1.0;1.0;48.88434949;2.25831699;2024-02-14 17:15:00
202400052466.0;1;69;69029;2;1;1.0;2.0;45.7238;4.91519;2024-09-20 11:40:00
202400052467.0;1;7;7078;2;6;1.0;3.0;45.261359;4.703785;2024-03-28 11:07:00
202400052468.0;1;78;78545;1;1;3.0;2.0;48.810559;2.055841;2024-01-02 12:05:00
202400052469.0;3;78;78321;1;1;3.0;6.0;48.798982;1.921549;2024-01-01 21:15:00
202400052470.0;2;92;92036;2;3;1.0;4.0;48.93377915;2.31337452;2024-02-14 17:00:00
202400052471.0;1;69;69029;2;3;1.0;1.0;45.72589;4.9076;2024-09-19 16:50:00
202400052472.0;3;95;95212;1;1;2.0;6.0;49.033623;2.542158;2024-01-02 21:30:00
202400052473.0;1;7;7010;2;1;1.0;4.0;45.249267;4.673583;2024-03-28 07:53:00
202400052474.0;5;67;67218;2;8;1.0;6.0;48.54552;7.73841;2024-09-20 22:03:00
202400052475.0;5;92;92036;2;3;1.0;3.0;48.93615101;2.27946067;2024-02-13 23:29:00
202400052476.0;3;92;92036;1;1;3.0;5.0;48.93863106;2.30153382;2024-01-02 22:00:00
202400052477.0;2;40;40046;2;4;7.0;6.0;44.387512;-1.17212;2024-03-23 08:07:00
202400052478.0;1;85;85291;1;1;1.0;6.0;46.61896;-1.286139;2024-03-25 10:47:00
202400052479.0;3;94;94079;1;1;2.0;2.0;48.82827604;2.52705363;2024-01-02 19:30:00
202400052480.0;2;92;92035;2;9;2.0;3.0;48.904971;2.23935556;2024-02-11 17:35:00
202400052481.0;1;67;67482;2;1;1.0;3.0;48.54721;7.79094;2024-09-20 14:30:00
202400052482.0;1;974;97411;2;6;1.0;6.0;-20.90228;55.50247;2024-01-02 12:00:00
202400052483.0;5;92;92026;2;1;1.0;7.0;48.89582;2.26263;2024-02-14 00:11:00
202400052484.0;1;85;85008;1;3;1.0;3.0;46.58544;-1.458399;2024-03-21 09:00:00
202400052485.0;1;64;64102;2;1;1.0;3.0;43.47354;-1.48578;2024-09-20 15:10:00
202400052486.0;1;75;75101;2;2;1.0;6.0;48.858504;2.348218;2024-08-14 14:23:00
202400052487.0;2;38;38157;1;1;1.0;6.0;45.510809;4.963422;2024-02-15 06:00:00
202400052488.0;5;69;69388;2;3;2.0;3.0;45.72688;4.88548;2024-01-02 07:10:00
202400052489.0;2;27;27146;1;1;1.0;7.0;49.263635;0.393078;2024-03-27 07:30:00
202400052490.0;1;75;75104;2;2;1.0;1.0;48.85671;2.348961;2024-08-14 14:23:00
202400052491.0;1;42;42069;1;1;1.0;6.0;45.9894;4.052791;2024-02-15 07:15:00
202400052492.0;1;63;63032;2;2;1.0;3.0;45.75495;3.09662;2024-09-20 09:00:00
202400052493.0;1;65;65272;2;1;1.0;7.0;43.197793;0.193967;2024-02-14 10:36:00
202400052494.0;1;1;1290;1;1;1.0;5.0;45.903519;5.174292;2024-03-28 12:40:00
202400052495.0;1;2B;2B120;2;9;1.0;6.0;42.65;9.41;2024-01-02 15:04:00
202400052496.0;1;75;75119;2;2;1.0;6.0;48.887731;2.389323;2024-08-15 14:10:00
202400052497.0;1;62;62510;2;1;1.0;3.0;50.42321174;2.77742082;2024-09-18 14:20:00
202400052498.0;1;83;83023;1;1;1.0;6.0;43.41811;6.033232;2024-03-27 16:33:00
202400052499.0;1;971;97101;1;1;2.0;2.0;16.24099;-61.52263;2024-01-01 07:55:00
202400052500.0;1;75;75118;2;1;1.0;3.0;48.893714;2.32767;2024-08-15 10:47:00
202400052501.0;3;51;51409;1;1;2.0;6.0;48.866193;4.277533;2024-02-15 03:21:00
202400052502.0;1;2B;2B148;1;1;1.0;6.0;42.553096;9.460731;2024-03-28 07:40:00
202400052503.0;5;95;95555;2;1;2.0;6.0;48.96803834;2.28489569;2024-01-02 19:50:00
202400052504.0;1;88;88078;2;1;2.0;6.0;48.21439;6.713467;2024-03-27 11:45:00
202400052505.0;3;56;56244;1;1;1.0;3.0;47.829206;-2.432102;2024-02-14 20:45:00
202400052506.0;1;75;75113;2;2;1.0;3.0;48.825649;2.345115;2024-08-15 14:45:00
202400052507.0;1;59;59350;2;2;1.0;3.0;50.63683;3.09226;2024-09-20 09:55:00
202400052508.0;5;95;95063;2;9;3.0;6.0;48.92460943;2.20925778;2024-01-02 19:20:00
202400052509.0;1;75;75112;2;1;1.0;1.0;48.842088;2.449107;2024-08-15 14:55:00
202400052510.0;1;88;88261;2;4;1.0;1.0;48.19421331;6.70352429;2024-03-27 16:30:00
202400052511.0;5;91;91027;2;3;2.0;3.0;48.700341;2.384449;2024-01-02 20:10:00
202400052512.0;1;38;38565;2;1;1.0;7.0;45.287409;5.642182;2024-03-02 17:05:00
202400052513.0;1;75;75112;2;1;1.0;7.0;48.829833;2.391095;2024-08-15 08:00:00
202400052514.0;2;2B;2B346;1;1;1.0;2.0;42.524732;9.457448;2024-02-15 06:25:00
202400052515.0;2;91;91027;2;1;2.0;6.0;48.69838;2.37194;2024-01-02 08:45:00
202400052516.0;1;87;87048;1;1;2.0;6.0;45.77200382;1.22369331;2024-01-02 09:01:00
202400052517.0;1;59;59271;2;2;1.0;3.0;51.020072;2.29756;2024-09-19 11:20:00
202400052518.0;3;11;11351;1;1;1.0;3.0;43.095523;2.718655;2024-02-14 18:00:00
202400052519.0;5;1;1062;1;1;8.0;6.0;45.868867;5.102929;2024-03-27 22:30:00
202400052520.0;1;75;75103;2;3;1.0;7.0;48.863071;2.366746;2024-08-15 20:00:00
202400052521.0;1;94;94003;2;1;1.0;3.0;48.8049589;2.32537687;2024-05-03 09:00:00
202400052522.0;1;82;82033;1;4;1.0;1.0;44.06486;1.11165;2024-01-01 17:05:00
202400052523.0;1;12;12264;2;1;1.0;6.0;44.399306;2.601522;2024-02-14 17:20:00
202400052524.0;1;56;56260;2;1;1.0;7.0;47.6401;-2.76102;2024-09-20 15:05:00
202400052525.0;1;69;69122;2;3;1.0;6.0;45.913702;4.705458;2024-03-28 08:25:00
202400052526.0;1;94;94041;2;3;1.0;3.0;48.81609;2.3771;2024-05-03 09:15:00
202400052527.0;5;78;78498;2;3;2.0;6.0;48.92227;2.02427;2024-01-02 19:05:00
202400052528.0;1;75;75103;2;2;1.0;2.0;48.864264;2.355162;2024-10-01 08:45:00
202400052529.0;1;14;14488;2;7;2.0;6.0;49.276583;-0.25864;2024-03-26 15:50:00
202400052530.0;3;42;42260;1;3;1.0;3.0;45.836925;3.915183;2024-02-15 07:00:00
202400052531.0;1;94;94073;2;6;1.0;3.0;48.76921;2.36804;2024-05-03 07:00:00
202400052532.0;5;77;77152;2;1;1.0;6.0;48.5128752;2.62012073;2024-01-01 01:35:00
202400052533.0;1;59;59315;1;1;1.0;3.0;50.341168;3.797091;2024-03-27 16:18:00
202400052534.0;1;56;56121;2;2;1.0;3.0;47.7363;-3.38549;2024-09-20 13:05:00
202400052535.0;5;94;94028;2;1;1.0;6.0;48.80320467;2.45451361;2024-05-03 21:20:00
202400052536.0;2;42;42235;1;1;1.0;7.0;45.370132;4.076529;2024-02-14 17:45:00
202400052537.0;5;94;94041;2;3;1.0;2.0;48.81337;2.38219;2024-08-15 02:20:00
202400052538.0;5;77;77307;1;6;2.0;6.0;48.8524;2.7625;2024-01-02 17:55:00
202400052539.0;1;94;94028;2;1;3.0;6.0;48.78400194;2.44736552;2024-05-02 18:15:00
202400052540.0;1;54;54027;1;1;2.0;6.0;48.89586;6.103368;2024-03-24 14:15:00
202400052541.0;1;94;94078;2;3;1.0;3.0;48.75499;2.44445;2024-08-15 12:00:00
202400052542.0;4;56;56162;1;1;1.0;6.0;47.75278;-3.46058;2024-09-19 21:17:00
202400052543.0;1;77;77058;2;1;3.0;1.0;48.83226;2.71984;2024-01-02 12:10:00
202400052544.0;3;91;91549;1;1;1.0;2.0;48.626572;2.349439;2024-03-27 02:10:00
202400052545.0;1;94;94011;2;6;8.0;3.0;48.76619;2.49019;2024-05-02 08:00:00
202400052546.0;5;77;77458;1;9;2.0;3.0;48.17531249;2.74489361;2024-01-01 18:00:00
202400052547.0;2;94;94065;1;1;1.0;5.0;48.75342;2.36081;2024-08-15 21:05:00
202400052548.0;5;94;94019;2;4;8.0;6.0;48.79632635;2.53025043;2024-05-02 23:25:00
202400052549.0;5;95;95252;1;9;3.0;3.0;48.98430558;2.24152258;2024-03-26 20:20:00
202400052550.0;1;46;46284;1;1;1.0;5.0;44.88489356;1.86521351;2024-02-14 17:20:00
202400052551.0;1;54;54395;2;2;1.0;3.0;48.69218;6.18704;2024-09-20 13:35:00
202400052552.0;2;76;76540;2;4;3.0;6.0;49.43504;1.07876;2024-01-02 08:20:00
202400052553.0;4;39;39299;2;1;1.0;6.0;46.962067;5.365194;2024-02-14 23:50:00
202400052554.0;1;94;94060;2;1;1.0;1.0;48.79028266;2.58140892;2024-05-02 09:20:00
202400052555.0;1;93;93073;2;1;1.0;1.0;48.93964588;2.58732677;2024-08-15 15:22:00
202400052556.0;1;77;77294;1;1;1.0;2.0;48.96826485;2.60209057;2024-03-27 16:50:00
202400052557.0;1;54;54382;2;1;1.0;3.0;49.53765648;5.78899562;2024-09-20 17:15:00
202400052558.0;1;76;76351;2;3;2.0;3.0;49.49156;0.1489;2024-01-02 08:30:00
202400052559.0;2;25;25532;2;2;1.0;6.0;47.224567;6.117572;2024-02-13 17:00:00
202400052560.0;1;11;11262;2;6;1.0;3.0;43.18798;3.00843;2024-01-24 10:00:00
202400052561.0;1;93;93078;2;6;1.0;2.0;48.96161;2.55694;2024-05-03 18:55:00
202400052562.0;1;57;57283;2;1;1.0;6.0;49.24947765;6.16991758;2024-01-01 12:20:00
202400052563.0;2;93;93064;2;2;1.0;3.0;48.88496634;2.48159352;2024-08-15 20:15:00
202400052564.0;1;51;51454;2;1;2.0;6.0;49.2272;4.01291;2024-01-02 16:30:00
202400052565.0;1;44;44069;1;1;1.0;5.0;47.329108;-2.475743;2024-02-09 18:15:00
202400052566.0;5;49;49007;2;1;2.0;6.0;47.4529;-0.55357;2024-01-01 20:28:00
202400052567.0;1;52;52448;2;9;1.0;6.0;48.63567;4.96078;2024-09-13 11:10:00
202400052568.0;3;22;22282;1;1;1.0;7.0;48.578076;-2.214292;2024-01-27 20:30:00
202400052569.0;3;44;44087;1;1;1.0;1.0;47.007456;-1.815226;2024-02-13 19:00:00
202400052570.0;5;45;45298;2;1;2.0;6.0;47.89289;1.87664;2024-01-02 17:10:00
202400052571.0;1;93;93070;2;1;1.0;7.0;48.91769;2.33157;2024-05-01 14:00:00
202400052572.0;1;93;93064;2;1;1.0;6.0;48.87982648;2.47435395;2024-08-15 09:00:00
202400052573.0;5;45;45004;2;1;2.0;6.0;47.97734;2.7333;2024-01-02 08:05:00
202400052574.0;3;974;97416;2;1;1.0;2.0;-21.3275;55.4933;2024-03-26 18:55:00
202400052575.0;1;49;49007;2;1;1.0;3.0;47.47443;-0.56023;2024-09-19 17:35:00
202400052576.0;3;66;66148;1;1;1.0;1.0;42.512032;3.096106;2024-02-14 22:30:00
202400052577.0;5;92;92048;2;1;1.0;6.0;48.79889208;2.23311424;2024-08-15 01:00:00
202400052578.0;1;83;83142;1;1;1.0;6.0;43.765422;6.449318;2024-02-15 13:10:00
202400052579.0;5;44;44162;2;7;1.0;3.0;47.2252;-1.62751;2024-09-20 23:30:00
202400052580.0;1;93;93032;2;2;2.0;1.0;48.868279;2.556996;2024-05-02 14:00:00
202400052581.0;5;45;45068;2;3;2.0;1.0;48.01008;2.73832;2024-01-02 06:48:00
202400052582.0;1;974;97416;1;1;1.0;3.0;-21.30613;55.46421;2024-03-26 17:25:00
202400052583.0;1;18;18082;1;1;1.0;7.0;46.983286;3.045364;2024-02-13 17:45:00
202400052584.0;1;9;9062;1;1;1.0;1.0;42.887953;1.024239;2024-08-15 17:00:00
202400052585.0;1;93;93057;2;1;1.0;1.0;48.913047;2.491349;2024-05-03 13:50:00
202400052586.0;1;42;42183;2;4;1.0;3.0;45.40507;4.37089;2024-09-20 19:10:00
202400052587.0;1;42;42207;1;9;1.0;1.0;45.49336;4.52462;2024-01-01 15:45:00
202400052588.0;1;85;85018;1;1;1.0;7.0;46.901445;-2.033098;2024-02-15 08:45:00
202400052589.0;1;69;69387;2;3;2.0;3.0;45.7425;4.839;2024-03-26 16:40:00
202400052590.0;5;75;75115;2;2;9.0;1.0;48.837224;2.296424;2024-10-25 20:30:00
202400052591.0;1;42;42275;2;1;2.0;6.0;45.468;4.37073;2024-01-02 13:30:00
202400052592.0;1;28;28120;1;1;1.0;6.0;48.691102;1.107559;2024-02-14 14:30:00
202400052593.0;1;93;93008;2;3;1.0;3.0;48.90706;2.42944;2024-05-03 12:00:00
202400052594.0;2;35;35176;1;1;1.0;3.0;47.825975;-1.77173;2024-08-14 21:00:00
202400052595.0;1;69;69388;2;3;2.0;6.0;45.73461;4.87104;2024-03-26 10:15:00
202400052596.0;1;39;39198;2;2;1.0;3.0;47.096995;5.494645;2024-09-19 17:25:00
202400052597.0;5;75;75115;2;3;1.0;1.0;48.844691;2.318828;2024-10-25 02:05:00
202400052598.0;1;92;92064;2;1;1.0;6.0;48.84167735;2.20058155;2024-05-03 17:25:00
202400052599.0;3;12;12300;1;6;5.0;6.0;44.359267;1.985135;2024-08-16 05:40:00
202400052600.0;3;28;28052;1;1;2.0;6.0;48.567251;1.497381;2024-02-14 21:45:00
202400052601.0;1;14;14366;2;1;1.0;6.0;49.14123;0.212571;2024-07-11 07:20:00
202400052602.0;1;37;37261;2;3;2.0;3.0;47.4125;0.68535;2024-01-02 16:00:00
202400052603.0;1;75;75114;2;3;8.0;6.0;48.84325007;2.32551831;2024-10-25 15:10:00
202400052604.0;1;13;13103;2;1;1.0;1.0;43.64163882;5.09466367;2024-07-11 14:15:00
202400052605.0;1;37;37122;2;6;1.0;3.0;47.35107;0.67914;2024-09-19 08:15:00
202400052606.0;1;75;75114;2;4;1.0;6.0;48.837522;2.320217;2024-10-24 13:15:00
202400052607.0;3;13;13091;1;1;1.0;1.0;43.634157;5.282364;2024-02-15 01:35:00
202400052608.0;1;37;37214;1;1;2.0;6.0;47.43424;0.67217;2024-01-02 14:25:00
202400052609.0;1;92;92064;2;3;1.0;3.0;48.85289941;2.20587069;2024-05-03 08:50:00
202400052610.0;1;13;13208;2;9;1.0;3.0;43.25654;5.37672;2024-07-11 19:00:00
202400052611.0;1;6;6149;2;3;1.0;6.0;43.734108;7.301531;2024-08-16 12:27:00
202400052612.0;1;27;27504;2;9;1.0;3.0;49.082116;1.074375;2024-06-05 16:10:00
202400052613.0;1;51;51562;1;1;1.0;6.0;49.212796;4.07758;2024-01-09 11:45:00
202400052614.0;1;35;35238;2;6;1.0;3.0;48.1117;-1.64658;2024-09-20 08:10:00
202400052615.0;1;37;37233;2;1;2.0;6.0;47.39374663;0.74599439;2024-01-02 12:30:00
202400052616.0;5;75;75112;2;2;8.0;3.0;48.83372;2.382492;2024-10-25 05:45:00
202400052617.0;1;92;92049;2;1;1.0;1.0;48.81480314;2.3058461;2024-05-03 13:00:00
202400052618.0;3;87;87127;1;1;1.0;6.0;45.575848;1.294477;2024-06-09 03:45:00
202400052619.0;1;13;13215;2;3;1.0;6.0;43.347;5.36845;2024-07-11 08:40:00
202400052620.0;1;972;97209;2;1;1.0;4.0;14.61571;-61.05376;2024-03-26 15:48:00
202400052621.0;5;95;95351;2;1;2.0;6.0;49.050258;2.501936;2024-02-13 20:30:00
202400052622.0;1;6;6060;1;1;1.0;1.0;43.750862;7.265171;2024-08-14 17:30:00
202400052623.0;5;33;33063;2;1;1.0;6.0;44.8319;-0.55806;2024-09-20 23:00:00
202400052624.0;1;37;37167;2;1;1.0;7.0;47.55413926;0.59329806;2024-06-09 17:25:00
202400052625.0;1;92;92040;2;1;1.0;2.0;48.82365271;2.25565597;2024-05-03 06:05:00
202400052626.0;1;75;75102;2;2;1.0;6.0;48.869181;2.338696;2024-10-25 09:30:00
202400052627.0;5;69;69381;2;1;1.0;2.0;45.77270442;4.83639185;2024-03-26 18:45:00
202400052628.0;1;33;33249;2;4;2.0;6.0;44.86863;-0.52242;2024-01-02 15:15:00
202400052629.0;3;83;83016;1;3;1.0;3.0;43.204435;5.808471;2024-02-14 18:30:00
202400052630.0;1;13;13063;2;2;1.0;3.0;43.58779;4.99438;2024-07-11 16:10:00
202400052631.0;1;88;88445;1;1;1.0;1.0;48.256927;6.975074;2024-06-09 17:40:00
202400052632.0;1;81;81003;1;3;1.0;4.0;43.888081;2.441846;2024-08-16 14:00:00
202400052633.0;1;94;94081;2;1;1.0;6.0;48.793453;2.397215;2024-10-25 08:15:00
202400052634.0;5;33;33119;2;2;1.0;3.0;44.85703;-0.53231;2024-09-20 20:50:00
202400052635.0;1;92;92025;2;1;1.0;2.0;48.93104018;2.26711696;2024-05-03 14:25:00
202400052636.0;1;32;32013;1;1;8.0;7.0;43.62513703;0.57735512;2024-01-02 10:30:00
202400052637.0;1;971;97120;1;6;1.0;3.0;16.24843;-61.53781;2024-03-25 12:05:00
202400052638.0;1;5;5027;1;1;1.0;7.0;44.829487;6.723804;2024-08-15 11:15:00
202400052639.0;2;71;71235;1;2;1.0;3.0;46.334232;4.791627;2024-02-13 07:50:00
202400052640.0;1;94;94058;2;1;1.0;3.0;48.83826;2.50644;2024-10-25 11:10:00
202400052641.0;1;13;13001;2;1;1.0;2.0;43.52780798;5.40446335;2024-07-11 08:15:00
202400052642.0;1;45;45247;1;1;1.0;6.0;47.995477;2.677161;2024-06-09 15:30:00
202400052643.0;5;92;92007;2;1;2.0;6.0;48.79981262;2.30114132;2024-05-02 01:30:00
202400052644.0;3;974;97412;1;1;1.0;6.0;-21.380181;55.65765;2024-08-16 00:40:00
202400052645.0;5;33;33063;2;1;1.0;2.0;44.86358;-0.58168;2024-09-20 22:00:00
202400052646.0;5;31;31483;2;1;1.0;1.0;43.11042;0.73504;2024-01-02 19:25:00
202400052647.0;1;67;67112;1;3;1.0;1.0;48.538776;7.566528;2024-02-14 10:53:00
202400052648.0;1;94;94041;2;1;1.0;6.0;48.812;2.40408;2024-10-25 09:58:00
202400052649.0;1;92;92007;2;3;2.0;6.0;48.80157216;2.30033612;2024-05-02 18:20:00
202400052650.0;1;8;8409;2;1;1.0;7.0;49.70219;4.9444;2024-07-07 10:42:00
202400052651.0;1;972;97201;2;1;1.0;7.0;14.81959;-61.111743;2024-08-15 14:30:00
202400052652.0;2;1;1004;1;1;1.0;5.0;45.969273;5.33957;2024-06-10 06:30:00
202400052653.0;3;971;97101;1;1;1.0;4.0;16.28279;-61.50668;2024-03-24 23:05:00
202400052654.0;1;94;94038;2;1;1.0;6.0;48.779394;2.335312;2024-10-25 15:25:00
202400052655.0;1;33;33063;2;1;1.0;3.0;44.9022;-0.57961;2024-09-07 15:50:00
202400052656.0;1;92;92004;2;1;1.0;6.0;48.91433;2.29472;2024-05-03 13:00:00
202400052657.0;4;63;63446;2;1;1.0;7.0;46.05106931;3.16472177;2024-08-16 00:28:00
202400052658.0;1;45;45269;1;1;1.0;2.0;47.878826;1.737621;2024-06-06 16:17:00
202400052659.0;4;29;29232;2;6;1.0;6.0;48.01503;-4.08192;2024-11-29 19:20:00
202400052660.0;1;92;92014;2;1;8.0;7.0;48.7808365;2.32010776;2024-05-02 14:50:00
202400052661.0;1;69;69228;2;1;1.0;6.0;45.579836;4.631381;2024-02-14 16:50:00
202400052662.0;1;14;14301;2;1;3.0;6.0;49.18317;-0.28611;2024-01-02 15:00:00
202400052663.0;2;6;6088;2;3;1.0;6.0;43.7229512;7.2854955;2024-07-09 20:49:00
202400052664.0;2;95;95277;2;9;1.0;3.0;48.99128272;2.43353069;2024-03-26 19:01:00
202400052665.0;5;15;15014;2;1;1.0;6.0;44.93469;2.4502;2024-12-01 06:15:00
202400052666.0;5;33;33063;2;2;1.0;3.0;44.8351;-0.57499;2024-09-20 01:50:00
202400052667.0;1;69;69072;1;1;1.0;6.0;45.83538;4.74942;2024-02-14 09:45:00