Num_Acc;lum;departement;commune;agglomeration;intersection;meteo;type_collision;lat;long;date
202400052668.0;1;971;97118;1;1;2.0;3.0;16.17849;-61.720462;2024-06-09 12:00:00
202400052669.0;1;86;86165;2;3;1.0;3.0;46.430884;0.861094;2024-08-16 10:00:00
202400052670.0;5;12;12301;2;1;2.0;6.0;44.436381;2.034885;2024-04-27 00:40:00
202400052671.0;5;13;13210;2;1;1.0;1.0;43.28016;5.41959;2024-12-01 22:40:00
202400052672.0;1;94;94073;2;9;1.0;3.0;48.75939;2.39658;2024-10-25 14:20:00
202400052673.0;5;13;13210;2;1;1.0;1.0;43.27319114;5.39240373;2024-01-02 02:45:00
202400052674.0;1;6;6069;2;1;1.0;6.0;43.645098;6.90293;2024-07-11 11:15:00
202400052675.0;3;67;67152;1;9;1.0;6.0;48.5176;7.6993;2024-02-11 23:00:00
202400052676.0;5;974;97410;2;1;1.0;6.0;-21.034374;55.676571;2024-08-15 23:30:00
202400052677.0;1;77;77177;2;1;1.0;7.0;48.762819;2.774166;2024-06-08 16:10:00
202400052678.0;5;13;13211;2;1;1.0;1.0;43.2881;5.4633;2024-12-01 20:15:00
202400052679.0;1;38;38378;1;1;1.0;6.0;45.420846;4.774777;2024-05-04 08:00:00
202400052680.0;1;91;91377;2;6;2.0;3.0;48.7318;2.28373;2024-03-26 08:15:00
202400052681.0;1;94;94028;2;1;1.0;6.0;48.77787;2.46322;2024-10-24 17:00:00
202400052682.0;5;13;13028;2;1;1.0;3.0;43.18601;5.614;2024-01-01 06:30:00
202400052683.0;1;30;30055;2;1;1.0;6.0;44.131125;4.238716;2024-06-10 18:40:00
202400052684.0;2;60;60069;1;1;1.0;6.0;49.150808;2.927985;2024-08-16 06:30:00
202400052685.0;1;33;33249;2;2;1.0;3.0;44.88526;-0.51819;2024-09-19 15:51:00
202400052686.0;1;13;13211;2;1;1.0;2.0;43.28749748;5.46527398;2024-12-01 08:00:00
202400052687.0;1;3;3185;2;3;1.0;3.0;46.34284;2.57795;2024-07-10 18:00:00
202400052688.0;1;78;78297;1;1;1.0;4.0;48.789614;2.059572;2024-02-12 10:53:00
202400052689.0;1;11;11069;2;1;1.0;6.0;43.19309;2.34016;2024-01-02 12:40:00
202400052690.0;3;94;94077;2;1;1.0;1.0;48.72778;2.43625;2024-10-25 07:23:00
202400052691.0;1;6;6088;2;6;2.0;2.0;43.70401;7.189157;2024-05-02 17:05:00
202400052692.0;2;13;13215;2;1;1.0;6.0;43.32805;5.36363;2024-12-01 07:30:00
202400052693.0;1;29;29039;1;1;1.0;7.0;47.88105304;-3.88655493;2024-09-20 17:30:00
202400052694.0;1;22;22032;2;3;1.0;3.0;48.288444;-2.154597;2024-08-14 14:40:00
202400052695.0;1;89;89387;2;3;1.0;3.0;48.19957;3.27973;2024-03-25 12:25:00
202400052696.0;3;83;83071;1;9;1.0;1.0;43.128615;6.211494;2024-06-08 00:45:00
202400052697.0;1;1;1053;2;3;1.0;3.0;46.19382;5.2393;2024-07-11 16:45:00
202400052698.0;1;13;13004;2;1;1.0;1.0;43.67491;4.63406;2024-11-30 13:40:00
202400052699.0;1;94;94071;2;6;1.0;3.0;48.772696;2.500799;2024-10-25 11:40:00
202400052700.0;3;7;7281;1;1;2.0;7.0;44.93618234;4.82568338;2024-01-02 18:55:00
202400052701.0;1;29;29019;2;1;1.0;2.0;48.41381982;-4.47999179;2024-09-20 18:50:00
202400052702.0;1;89;89024;2;1;1.0;6.0;47.79088;3.58098;2024-03-21 15:15:00
202400052703.0;1;59;59278;2;6;1.0;2.0;50.60783;2.955108;2024-05-03 14:00:00
202400052704.0;1;25;25469;2;2;1.0;1.0;47.501689;6.731594;2024-06-10 07:50:00
202400052705.0;3;9;9225;1;1;1.0;1.0;43.10176885;1.63518995;2024-12-01 19:10:00
202400052706.0;1;50;50512;1;5;1.0;3.0;49.04931;-1.174368;2024-08-14 19:30:00
202400052707.0;1;78;78322;1;1;1.0;4.0;48.78652102;2.15182364;2024-02-12 09:15:00
202400052708.0;4;6;6069;2;1;1.0;3.0;43.63635;6.95137;2024-01-02 17:20:00
202400052709.0;1;75;75117;2;1;1.0;2.0;48.900619;2.32352;2024-07-11 09:40:00
202400052710.0;3;30;30262;1;1;1.0;6.0;44.030687;4.476897;2024-05-03 22:30:00
202400052711.0;1;94;94081;2;1;1.0;6.0;48.80006927;2.40027809;2024-10-25 17:25:00
202400052712.0;1;27;27229;2;1;1.0;2.0;49.00187;1.13881;2024-09-20 12:37:00
202400052713.0;5;83;83137;2;6;1.0;3.0;43.11967;5.94736;2024-02-18 19:40:00
202400052714.0;2;6;6088;2;1;1.0;6.0;43.7017852;7.2755942;2024-11-30 16:45:00
202400052715.0;2;88;88095;2;3;1.0;6.0;48.30253;5.833386;2024-06-10 06:15:00
202400052716.0;5;93;93053;2;1;1.0;6.0;48.894176;2.464026;2024-10-25 19:00:00
202400052717.0;3;83;83097;1;1;1.0;7.0;43.49498;5.72703;2024-05-04 00:10:00
202400052718.0;1;78;78545;1;1;1.0;2.0;48.815569;2.061714;2024-02-12 08:15:00
202400052719.0;1;6;6027;2;1;1.0;2.0;43.654851;7.150108;2024-01-02 15:10:00
202400052720.0;1;78;78551;2;9;2.0;6.0;48.90216;2.08401;2024-03-26 17:15:00
202400052721.0;1;55;55369;1;1;1.0;7.0;48.805761;5.202112;2024-06-09 18:00:00
202400052722.0;1;75;75118;2;1;1.0;3.0;48.901089;2.352132;2024-07-11 07:50:00
202400052723.0;4;6;6069;2;1;1.0;1.0;43.64544;6.91473;2024-12-01 21:10:00
202400052724.0;1;76;76136;2;1;1.0;6.0;49.814699;0.950274;2024-05-03 19:45:00
202400052725.0;3;93;93027;1;1;2.0;6.0;48.92719164;2.40624635;2024-02-13 21:45:00
202400052726.0;1;77;77065;2;4;1.0;1.0;48.456772;2.519905;2024-08-16 11:00:00
202400052727.0;1;93;93027;2;2;1.0;1.0;48.92176767;2.3833971;2024-10-24 13:00:00
202400052728.0;3;57;57443;1;6;1.0;6.0;49.230122;6.117351;2024-06-09 02:20:00
202400052729.0;1;2A;2A032;2;1;1.0;1.0;41.93162353;8.83553172;2024-05-03 13:45:00
202400052730.0;1;78;78029;2;3;1.0;1.0;48.95655;1.85988;2024-03-21 18:23:00
202400052731.0;5;6;6069;2;1;1.0;1.0;43.65669;6.92931;2024-12-01 18:25:00
202400052732.0;3;75;75116;2;1;1.0;2.0;48.846546;2.254682;2024-07-10 23:05:00
202400052733.0;1;95;95252;1;1;1.0;2.0;48.9884078;2.20446579;2024-02-13 14:30:00
202400052734.0;5;25;25056;2;1;1.0;3.0;47.23405;6.00765;2024-09-21 01:20:00
202400052735.0;1;3;3185;2;2;1.0;3.0;46.33881;2.59899;2024-01-01 16:20:00
202400052736.0;1;3;3113;1;1;7.0;1.0;46.02042;3.654735;2024-06-10 09:40:00
202400052737.0;1;56;56161;1;1;2.0;3.0;47.646836;-3.038074;2024-08-16 16:42:00
202400052738.0;1;65;65330;2;1;1.0;3.0;43.429533;0.048532;2024-05-02 18:30:00
202400052739.0;5;77;77284;2;1;2.0;6.0;48.9584;2.87627;2024-03-26 20:20:00
202400052740.0;5;75;75118;2;1;1.0;2.0;48.900672;2.368433;2024-11-30 01:10:00
202400052741.0;5;93;93057;2;2;1.0;3.0;48.90824423;2.50486507;2024-10-25 01:15:00
202400052742.0;5;75;75117;2;1;2.0;3.0;48.885193;2.287302;2024-01-02 17:45:00
202400052743.0;1;95;95527;1;1;1.0;3.0;49.02704648;2.5104206;2024-02-13 08:45:00
202400052744.0;3;63;63213;1;1;1.0;1.0;45.82600291;3.26468671;2024-06-08 01:05:00
202400052745.0;1;75;75118;2;1;1.0;5.0;48.88530115;2.33061415;2024-07-11 09:30:00
202400052746.0;2;82;82144;1;1;1.0;7.0;44.156377;1.338487;2024-08-15 18:30:00
202400052747.0;1;93;93005;2;1;1.0;1.0;48.96427817;2.49612715;2024-10-25 15:40:00
202400052748.0;1;75;75119;2;7;1.0;3.0;48.878043;2.370727;2024-12-01 13:21:00
202400052749.0;1;24;24557;1;2;1.0;5.0;45.23539;0.78508;2024-09-18 16:15:00
202400052750.0;3;94;94018;1;1;1.0;3.0;48.82465601;2.39368239;2024-02-14 19:00:00
202400052751.0;1;61;61146;1;3;1.0;3.0;48.631333;-0.559248;2024-05-04 17:05:00
202400052752.0;1;75;75120;2;3;2.0;3.0;48.84887;2.399246;2024-01-02 13:40:00
202400052753.0;3;77;77186;1;1;2.0;1.0;48.429684;2.711284;2024-03-26 20:05:00
202400052754.0;1;63;63314;1;1;1.0;7.0;45.56922;3.632103;2024-08-15 12:15:00
202400052755.0;1;92;92078;2;1;1.0;7.0;48.93545492;2.33102471;2024-10-25 16:20:00
202400052756.0;1;73;73069;1;3;8.0;3.0;45.54117183;6.22762612;2024-06-08 15:45:00
202400052757.0;1;75;75116;2;2;1.0;3.0;48.872192;2.284692;2024-07-10 18:00:00
202400052758.0;1;74;74012;2;1;1.0;6.0;46.18141;6.23474;2024-03-26 11:45:00
202400052759.0;1;49;49041;1;1;2.0;7.0;47.307506;0.068081;2024-05-04 11:20:00
202400052760.0;1;93;93051;1;1;2.0;3.0;48.83642668;2.55000186;2024-02-14 08:15:00
202400052761.0;1;75;75115;2;2;1.0;3.0;48.843836;2.281951;2024-12-01 12:30:00
202400052762.0;1;61;61463;1;1;2.0;6.0;48.628306;-0.435998;2024-08-16 16:38:00
202400052763.0;3;42;42151;1;1;2.0;6.0;45.683623;4.105775;2024-06-09 22:10:00
202400052764.0;1;75;75120;2;4;2.0;6.0;48.865411;2.398913;2024-01-02 08:40:00
202400052765.0;5;92;92073;2;1;1.0;6.0;48.86297968;2.21820429;2024-10-25 00:10:00
202400052766.0;1;23;23096;2;9;1.0;3.0;46.16727;1.87354;2024-09-19 09:40:00
202400052767.0;1;46;46147;1;1;1.0;6.0;44.479361;1.174979;2024-05-03 16:30:00
202400052768.0;1;75;75115;2;2;1.0;6.0;48.835975;2.278325;2024-07-11 19:55:00
202400052769.0;1;49;49358;1;1;1.0;7.0;47.198753;-0.008969;2024-08-15 11:15:00
202400052770.0;1;92;92077;2;1;2.0;7.0;48.81893545;2.16753244;2024-10-25 17:40:00
202400052771.0;1;974;97416;1;1;2.0;2.0;-21.30263;55.426;2024-02-13 16:50:00
202400052772.0;5;75;75113;2;4;1.0;6.0;48.825698;2.348464;2024-12-01 01:55:00
202400052773.0;1;75;75116;2;3;2.0;3.0;48.85785;2.262946;2024-01-02 08:55:00
202400052774.0;1;17;17429;1;2;1.0;3.0;45.9159;-1.011708;2024-06-07 19:45:00
202400052775.0;1;71;71306;2;1;1.0;4.0;46.6876;4.35833;2024-03-25 16:40:00
202400052776.0;1;19;19031;1;1;1.0;1.0;45.14283203;1.52638865;2024-09-20 07:57:00
202400052777.0;3;92;92062;2;1;1.0;1.0;48.8887489;2.23545447;2024-10-25 02:10:00
202400052778.0;1;39;39485;1;1;1.0;3.0;46.383638;5.445415;2024-08-16 14:30:00
202400052779.0;1;2;2160;1;2;1.0;1.0;49.692316;3.988997;2024-05-04 14:51:00
202400052780.0;1;75;75115;2;4;1.0;3.0;48.844096;2.322864;2024-07-09 19:40:00
202400052781.0;5;75;75113;2;1;1.0;3.0;48.819931;2.356902;2024-11-30 20:30:00
202400052782.0;1;974;97411;2;6;1.0;3.0;-20.90238;55.50314;2024-02-12 07:50:00
202400052783.0;1;75;75115;2;3;2.0;3.0;48.833628;2.309015;2024-01-02 08:30:00
202400052784.0;5;19;19031;2;1;1.0;3.0;45.1499;1.54323;2024-09-19 05:57:00
202400052785.0;1;33;33058;2;2;1.0;3.0;45.130415;-0.64695;2024-06-04 17:45:00
202400052786.0;1;69;69256;2;2;1.0;3.0;45.76347891;4.93335681;2024-03-26 17:45:00
202400052787.0;1;2;2761;2;1;2.0;6.0;49.41774;3.980645;2024-05-04 11:15:00
202400052788.0;1;92;92051;2;3;1.0;3.0;48.88915475;2.25923818;2024-10-24 15:45:00
202400052789.0;1;50;50492;2;1;1.0;7.0;49.086817;-0.960225;2024-06-09 17:30:00
202400052790.0;5;75;75114;2;2;1.0;7.0;48.830535;2.319268;2024-07-10 21:59:00
202400052791.0;1;974;97411;2;1;1.0;3.0;-20.88666;55.47624;2024-02-13 09:00:00
202400052792.0;1;75;75111;2;3;1.0;6.0;48.871664;2.375914;2024-12-01 13:35:00
202400052793.0;1;44;44130;1;1;1.0;5.0;47.103316;-1.550188;2024-08-15 19:15:00
202400052794.0;1;75;75110;2;2;2.0;6.0;48.880618;2.362027;2024-01-02 08:13:00
202400052795.0;1;15;15014;2;1;1.0;6.0;44.91243;2.45442;2024-09-19 13:32:00
202400052796.0;5;69;69271;2;3;3.0;6.0;45.74334;4.97218;2024-03-26 21:30:00
202400052797.0;5;92;92025;2;2;2.0;3.0;48.92317838;2.25240827;2024-10-25 19:45:00
202400052798.0;1;974;97411;2;1;1.0;6.0;-20.88685;55.46183;2024-02-13 07:20:00
202400052799.0;1;1;1320;2;1;1.0;6.0;46.308176;4.87554;2024-05-04 15:17:00
202400052800.0;5;59;59555;2;1;1.0;1.0;50.169771;4.033453;2024-06-09 22:00:00
202400052801.0;1;75;75110;2;4;1.0;6.0;48.875772;2.35645;2024-12-01 10:05:00
202400052802.0;5;75;75109;2;2;2.0;6.0;48.871807;2.330591;2024-01-02 20:23:00
202400052803.0;1;38;38022;1;3;1.0;3.0;45.639296;5.554656;2024-08-16 15:50:00
202400052804.0;1;75;75113;2;3;1.0;2.0;48.825667;2.361032;2024-07-11 07:20:00
202400052805.0;1;14;14118;2;3;1.0;3.0;49.176716;-0.368371;2024-09-17 12:37:00
202400052806.0;3;92;92060;2;1;1.0;3.0;48.78277968;2.26587385;2024-10-24 22:52:00
202400052807.0;1;69;69271;1;2;1.0;1.0;45.74325;4.93714;2024-03-25 16:30:00
202400052808.0;1;13;13214;1;1;1.0;2.0;43.32232;5.37858;2024-06-09 13:30:00
202400052809.0;1;14;14389;1;2;1.0;3.0;49.067073;-0.65878;2024-05-03 15:30:00
202400052810.0;1;974;97411;2;2;1.0;3.0;-20.89873;55.49649;2024-02-12 18:25:00
202400052811.0;1;2;2565;2;1;1.0;6.0;49.389591;3.687631;2024-08-15 15:10:00
202400052812.0;1;13;13211;2;1;1.0;1.0;43.29099;5.47821;2024-09-20 14:30:00
202400052813.0;5;75;75109;2;4;1.0;3.0;48.87836;2.345075;2024-11-30 21:00:00
202400052814.0;1;75;75108;2;4;2.0;6.0;48.874393;2.301064;2024-01-02 09:55:00
202400052815.0;5;92;92012;2;1;2.0;6.0;48.83466916;2.2328639;2024-10-25 19:22:00
202400052816.0;1;69;69259;2;1;1.0;3.0;45.71298;4.87657;2024-03-25 15:45:00
202400052817.0;1;974;97411;2;1;1.0;6.0;-20.89130108;55.45410526;2024-02-12 08:30:00
202400052818.0;1;75;75110;2;3;1.0;1.0;48.871056;2.355087;2024-07-11 17:45:00
202400052819.0;1;14;14098;2;1;1.0;1.0;49.206324;-0.516025;2024-05-03 14:45:00
202400052820.0;1;13;13215;1;1;1.0;2.0;43.34397778;5.37555329;2024-06-04 10:00:00
202400052821.0;1;84;84046;1;1;1.0;3.0;44.097741;5.230372;2024-08-10 11:35:00
202400052822.0;1;18;18057;1;1;2.0;6.0;46.550966;2.204518;2024-05-04 12:05:00
202400052823.0;5;92;92002;2;1;2.0;3.0;48.74735186;2.30379045;2024-10-25 18:55:00
202400052824.0;5;75;75107;2;3;1.0;6.0;48.86285769;2.31520164;2024-07-11 22:15:00
202400052825.0;4;75;75108;2;2;1.0;3.0;48.867982;2.302819;2024-12-01 19:20:00
202400052826.0;1;69;69091;2;2;2.0;6.0;45.59497;4.76867;2024-03-26 16:50:00
202400052827.0;3;13;13215;1;1;1.0;2.0;43.39071033;5.35120523;2024-06-08 00:34:00
202400052828.0;5;973;97302;2;3;1.0;1.0;4.93571384;-52.29543954;2024-02-12 19:00:00
202400052829.0;5;94;94074;2;9;2.0;3.0;48.77045;2.44689;2024-01-02 00:01:00
202400052830.0;3;37;37010;1;1;2.0;7.0;47.57843433;0.93053182;2024-10-25 20:15:00
202400052831.0;1;11;11069;1;1;1.0;4.0;43.22559;2.37835;2024-09-20 12:15:00
202400052832.0;1;69;69387;2;1;1.0;6.0;45.75274884;4.84637012;2024-02-13 08:50:00
202400052833.0;1;1;1269;2;3;1.0;5.0;46.150245;5.607839;2024-08-15 20:00:00
202400052834.0;1;10;10294;1;2;1.0;3.0;48.179258;4.350752;2024-05-03 17:40:00
202400052835.0;5;94;94076;2;1;6.0;6.0;48.7893603;2.35394753;2024-01-02 18:15:00
202400052836.0;1;67;67218;2;1;7.0;6.0;48.52962;7.73272;2024-03-25 17:45:00
202400052837.0;1;75;75115;2;3;1.0;3.0;48.840126;2.285415;2024-12-01 12:30:00
202400052838.0;1;75;75107;2;3;1.0;3.0;48.85805;2.310075;2024-07-11 17:15:00
202400052839.0;1;13;13216;1;1;1.0;2.0;43.35991;5.36304;2024-06-07 18:10:00
202400052840.0;1;10;10387;2;3;1.0;3.0;48.30476;4.06093;2024-09-19 18:40:00
202400052841.0;5;972;97213;1;1;1.0;6.0;14.58405331;-61.00122574;2024-02-13 04:39:00
202400052842.0;1;71;71152;1;3;8.0;2.0;46.721496;3.884677;2024-10-25 17:50:00
202400052843.0;3;16;16211;1;1;3.0;6.0;45.626546;0.465288;2024-05-03 23:20:00
202400052844.0;1;67;67482;2;1;1.0;6.0;48.58383;7.77533;2024-03-25 13:50:00
202400052845.0;1;94;94081;2;1;1.0;2.0;48.779211;2.384376;2024-07-10 20:30:00
202400052846.0;2;69;69275;1;1;1.0;2.0;45.77934885;4.96106758;2024-06-05 21:10:00
202400052847.0;5;94;94041;2;5;3.0;6.0;48.81549;2.39336;2024-01-01 22:15:00
202400052848.0;1;10;10333;2;9;1.0;6.0;48.2831;4.0525;2024-09-19 14:15:00
202400052849.0;1;53;53062;1;1;1.0;7.0;47.818378;-0.774107;2024-05-03 21:00:00
202400052850.0;1;75;75107;2;3;1.0;4.0;48.862589;2.310412;2024-11-30 09:15:00
202400052851.0;1;42;42069;2;4;2.0;3.0;45.99947;4.063236;2024-10-25 16:30:00
202400052852.0;5;69;69389;2;9;1.0;3.0;45.78394;4.80818;2024-02-13 19:00:00
202400052853.0;1;63;63113;2;6;2.0;3.0;45.77366;3.07546;2024-03-26 08:38:00
202400052854.0;1;94;94073;2;1;2.0;6.0;48.75735;2.37145;2024-01-02 13:00:00
202400052855.0;1;67;67482;1;1;1.0;2.0;48.4959;7.75396;2024-06-07 16:35:00
202400052856.0;1;94;94068;2;1;1.0;6.0;48.7936381;2.51088345;2024-07-09 13:10:00
202400052857.0;1;6;6103;1;1;1.0;6.0;44.038445;7.291301;2024-08-15 12:15:00
202400052858.0;5;75;75103;2;2;1.0;7.0;48.865088;2.354469;2024-12-01 21:30:00
202400052859.0;1;21;21663;2;1;2.0;1.0;47.546553;4.456453;2024-05-04 13:00:00
202400052860.0;2;31;31253;2;1;1.0;1.0;43.456128;1.242517;2024-10-25 18:45:00
202400052861.0;1;60;60414;2;1;3.0;1.0;49.25429577;2.45495081;2024-03-26 18:00:00
202400052862.0;5;94;94046;2;3;3.0;6.0;48.797323;2.433176;2024-01-02 07:10:00
202400052863.0;5;33;33487;1;9;1.0;6.0;44.94258;-0.46624;2024-06-09 23:40:00
202400052864.0;5;6;6088;2;3;1.0;3.0;43.70146;7.2844;2024-09-20 22:30:00
202400052865.0;1;69;69382;2;2;1.0;2.0;45.7601;4.83815;2024-02-13 17:00:00
202400052866.0;3;6;6080;1;1;2.0;6.0;44.016051;7.130921;2024-08-15 06:45:00
202400052867.0;2;37;37250;1;1;2.0;7.0;47.20015061;0.65999651;2024-05-01 07:30:00
202400052868.0;5;94;94015;2;1;1.0;2.0;48.833161;2.525079;2024-07-06 00:30:00
202400052869.0;5;69;69382;1;1;9.0;7.0;45.74497;4.81985;2024-01-30 15:40:00
202400052870.0;1;94;94017;2;1;1.0;2.0;48.81887;2.51147;2024-01-01 09:30:00
202400052871.0;2;75;75101;2;3;1.0;3.0;48.865304;2.327275;2024-12-01 15:50:00
202400052872.0;1;60;60509;2;1;1.0;6.0;49.320671;2.621934;2024-08-16 19:14:00
202400052873.0;1;91;91339;1;9;1.0;2.0;48.62491;2.26267;2024-06-09 19:45:00
202400052874.0;1;67;67388;1;1;1.0;7.0;48.937513;7.683874;2024-05-04 12:00:00
202400052875.0;5;75;75120;2;1;1.0;3.0;48.859012;2.41433;2024-09-20 20:15:00
202400052876.0;1;60;60175;1;1;2.0;4.0;49.24523;2.47497;2024-03-26 18:31:00
202400052877.0;2;18;18171;1;1;1.0;7.0;46.704395;2.390717;2024-08-15 20:30:00
202400052878.0;2;971;97120;2;1;1.0;6.0;16.2411;-61.5331;2024-02-13 18:15:00
202400052879.0;1;94;94065;1;1;1.0;3.0;48.74935;2.36872;2024-07-10 17:40:00
202400052880.0;5;75;75104;2;3;1.0;6.0;48.853465;2.366515;2024-11-30 17:30:00
202400052881.0;5;93;93073;2;3;2.0;6.0;48.946185;2.569457;2024-01-02 18:15:00
202400052882.0;1;91;91468;1;1;1.0;2.0;48.5733;2.46719;2024-06-09 16:20:00
202400052883.0;1;75;75112;2;1;1.0;3.0;48.827927;2.394822;2024-09-20 18:00:00
202400052884.0;3;42;42173;1;1;1.0;1.0;45.836544;4.095798;2024-05-03 21:40:00
202400052885.0;1;974;97414;2;2;1.0;6.0;-21.276243;55.443208;2024-10-23 14:00:00
202400052886.0;5;971;97120;2;1;1.0;6.0;16.24007;-61.5321;2024-02-12 19:05:00
202400052887.0;1;94;94075;2;1;1.0;6.0;48.733617;2.520984;2024-12-01 09:00:00
202400052888.0;5;60;60057;2;9;2.0;3.0;49.42845;2.08233;2024-03-26 21:35:00
202400052889.0;2;91;91228;1;1;1.0;6.0;48.62193014;2.42306739;2024-06-09 06:30:00
202400052890.0;2;94;94021;2;1;1.0;2.0;48.76981;2.35076;2024-07-10 21:20:00
202400052891.0;5;971;97103;2;1;1.0;6.0;16.251274;-61.592097;2024-05-04 02:20:00
202400052892.0;3;93;93066;2;1;8.0;2.0;48.9188;2.34442;2024-01-02 22:00:00
202400052893.0;5;75;75113;2;1;1.0;2.0;48.824838;2.384286;2024-09-19 21:55:00
202400052894.0;1;40;40261;1;1;1.0;1.0;43.711405;-1.243638;2024-08-12 14:30:00
202400052895.0;5;95;95527;1;1;1.0;1.0;49.0097989;2.51403454;2024-12-01 06:50:00
202400052896.0;1;91;91027;2;2;1.0;6.0;48.71619;2.37125;2024-02-12 15:40:00
202400052897.0;3;44;44113;2;1;1.0;1.0;47.563398;-1.617662;2024-10-25 21:44:00
202400052898.0;1;95;95488;1;1;1.0;2.0;49.0104613;2.15450385;2024-06-09 18:11:00
202400052899.0;3;27;27258;1;1;1.0;7.0;49.3341;0.407224;2024-05-04 00:59:00
202400052900.0;1;94;94033;2;1;1.0;6.0;48.850701;2.476254;2024-07-10 14:00:00
202400052901.0;1;24;24050;1;1;1.0;7.0;44.96253195;1.37506664;2024-08-11 10:15:00
202400052902.0;1;75;75117;2;1;1.0;3.0;48.887651;2.291289;2024-09-19 19:30:00
202400052903.0;1;59;59507;2;1;1.0;3.0;50.59897;3.09416;2024-03-25 15:20:00
202400052904.0;3;93;93077;2;2;2.0;3.0;48.89355;2.50231;2024-01-02 19:00:00
202400052905.0;5;93;93079;2;1;1.0;3.0;48.95463;2.33454;2024-11-30 21:30:00
202400052906.0;1;93;93027;1;1;1.0;2.0;48.93720852;2.40978107;2024-06-09 17:00:00
202400052907.0;5;94;94028;2;1;1.0;6.0;48.79482475;2.44507237;2024-07-11 05:10:00
202400052908.0;1;86;86066;2;3;1.0;6.0;46.820335;0.542125;2024-02-12 16:30:00
202400052909.0;1;62;62763;2;2;1.0;3.0;50.37688227;2.35619905;2024-10-25 19:00:00
202400052910.0;3;987;98740;1;1;1.0;2.0;-14.94188239;-147.70625353;2024-05-03 18:30:00
202400052911.0;5;56;56121;2;1;2.0;7.0;47.76706;-3.37727;2024-04-01 21:30:00
202400052912.0;1;27;27384;1;1;3.0;1.0;49.372063;0.316737;2024-08-16 15:50:00
202400052913.0;1;75;75105;2;2;1.0;6.0;48.848128;2.35043;2024-09-20 16:00:00
202400052914.0;5;93;93053;2;3;2.0;3.0;48.88628;2.44562;2024-01-02 17:00:00
202400052915.0;5;93;93048;2;6;9.0;3.0;48.8574983;2.43277931;2024-11-30 21:42:00
202400052916.0;1;93;93078;1;1;1.0;2.0;48.96165006;2.5451386;2024-06-09 15:30:00
202400052917.0;3;62;62075;2;1;2.0;1.0;50.707952;1.674546;2024-10-25 20:10:00
202400052918.0;5;84;84007;2;6;1.0;2.0;43.93482;4.84781;2024-02-12 20:33:00
202400052919.0;1;94;94015;2;3;1.0;1.0;48.82934158;2.51774166;2024-07-11 15:45:00
202400052920.0;1;28;28033;2;2;1.0;1.0;48.511171;1.058048;2024-08-14 14:35:00
202400052921.0;1;93;93027;1;1;2.0;6.0;48.92801652;2.41754472;2024-01-02 14:30:00
202400052922.0;5;75;75105;2;3;1.0;3.0;48.851383;2.345888;2024-09-19 23:55:00
202400052923.0;1;56;56098;1;1;1.0;4.0;47.77418;-3.36873;2024-03-23 17:15:00
202400052924.0;1;56;56179;2;1;1.0;7.0;47.829696;-3.406041;2024-10-23 16:20:00
202400052925.0;1;93;93064;1;1;1.0;2.0;48.872586;2.48047471;2024-06-09 11:45:00
202400052926.0;5;93;93046;2;9;1.0;2.0;48.91066048;2.51267767;2024-11-30 23:20:00
202400052927.0;3;28;28079;1;1;1.0;6.0;48.147706;1.04486;2024-08-16 08:30:00
202400052928.0;1;93;93078;2;6;1.0;6.0;48.9648;2.5536;2024-07-11 10:00:00
202400052929.0;5;83;83137;2;9;1.0;1.0;43.11510446;5.93598144;2024-02-13 22:05:00
202400052930.0;1;56;56185;1;1;1.0;6.0;47.77113;-3.3779;2024-03-23 10:22:00
202400052931.0;1;95;95572;1;1;1.0;6.0;49.04851178;2.13475699;2024-06-08 21:20:00
202400052932.0;3;56;56094;1;1;3.0;3.0;47.796119;-3.227191;2024-10-09 08:21:00
202400052933.0;1;5;5070;1;1;1.0;1.0;44.321707;5.802702;2024-05-03 16:09:00
202400052934.0;5;93;93007;2;2;1.0;3.0;48.92308;2.473532;2024-01-01 18:30:00
202400052935.0;1;37;37048;1;1;1.0;7.0;46.84532893;0.80314323;2024-08-15 19:04:00
202400052936.0;5;83;83137;2;1;1.0;6.0;43.12499;5.94116;2024-02-13 21:20:00
202400052937.0;1;93;93070;2;1;1.0;6.0;48.914074;2.332803;2024-07-10 16:55:00
202400052938.0;5;93;93063;2;1;5.0;3.0;48.89642739;2.4308753;2024-12-01 00:50:00
202400052939.0;5;75;75120;2;3;1.0;1.0;48.856337;2.410251;2024-09-18 19:55:00
202400052940.0;1;76;76188;2;9;1.0;7.0;49.632934;1.222588;2024-10-24 17:45:00
202400052941.0;2;13;13089;1;1;2.0;6.0;43.830738;4.950736;2024-05-02 20:05:00
202400052942.0;1;94;94033;1;1;1.0;3.0;48.85019301;2.49093752;2024-06-09 15:50:00
202400052943.0;5;93;93008;2;1;1.0;6.0;48.90643;2.43809;2024-12-01 17:10:00
202400052944.0;1;56;56098;2;6;1.0;4.0;47.78206;-3.3443;2024-03-22 16:40:00
202400052945.0;1;83;83137;2;3;1.0;6.0;43.1279692;5.91742308;2024-02-12 11:10:00
202400052946.0;1;92;92050;2;2;3.0;3.0;48.89687792;2.22402468;2024-01-02 10:00:00
202400052947.0;1;8;8185;2;1;8.0;6.0;49.985605;4.691646;2024-08-15 16:30:00
202400052948.0;1;93;93055;2;1;1.0;6.0;48.89266;2.41036;2024-07-11 14:57:00
202400052949.0;5;2B;2B148;1;9;1.0;1.0;42.541967;9.480407;2024-10-25 19:40:00
202400052950.0;1;75;75116;2;3;2.0;3.0;48.87856158;2.28026265;2024-09-20 18:00:00