Num_Acc;lum;departement;commune;agglomeration;intersection;meteo;type_collision;lat;long;date
202400052951.0;1;94;94052;1;1;2.0;6.0;48.83269694;2.49229299;2024-06-09 07:00:00
202400052952.0;1;21;21295;2;6;1.0;6.0;47.231565;4.998217;2024-05-03 18:30:00
202400052953.0;1;83;83050;2;1;7.0;6.0;43.53203653;6.47247;2024-02-02 08:50:00
202400052954.0;5;93;93007;2;1;1.0;3.0;48.93588;2.47842;2024-11-30 22:00:00
202400052955.0;1;54;54528;2;6;8.0;6.0;48.6735;5.8906;2024-03-26 10:10:00
202400052956.0;5;81;81145;2;1;3.0;6.0;43.848452;1.80481;2024-10-25 22:45:00
202400052957.0;2;93;93031;2;1;2.0;6.0;48.95375326;2.32857177;2024-07-10 22:45:00
202400052958.0;5;92;92049;2;1;2.0;3.0;48.81945114;2.31417686;2024-01-02 20:10:00
202400052959.0;1;77;77121;1;1;1.0;6.0;48.83382;2.6652;2024-06-08 19:44:00
202400052960.0;5;92;92075;2;1;1.0;6.0;48.81502447;2.27830499;2024-12-01 00:30:00
202400052961.0;1;81;81004;2;1;1.0;6.0;43.92597673;2.13089232;2024-02-13 11:15:00
202400052962.0;1;38;38425;1;9;1.0;3.0;45.393059;4.805832;2024-04-11 08:00:00
202400052963.0;5;75;75116;2;2;1.0;3.0;48.85420087;2.27551067;2024-09-20 01:49:00
202400052964.0;3;60;60010;1;1;1.0;2.0;49.20816257;2.16171455;2024-08-15 22:30:00
202400052965.0;3;1;1443;1;1;1.0;1.0;45.97048246;5.00843793;2024-01-03 04:09:00
202400052966.0;5;49;49007;2;1;1.0;3.0;47.47537266;-0.54859221;2024-03-26 21:26:00
202400052967.0;1;89;89325;1;3;1.0;3.0;47.659888;3.103905;2024-10-26 10:20:00
202400052968.0;1;1;1424;1;1;2.0;6.0;45.885851;4.96873856;2024-05-04 10:00:00
202400052969.0;5;93;93014;2;3;1.0;3.0;48.91670173;2.54638106;2024-07-10 00:16:00
202400052970.0;1;81;81004;2;9;1.0;3.0;43.93732;2.13843;2024-02-13 12:30:00
202400052971.0;1;94;94028;1;1;1.0;5.0;48.79779151;2.44419658;2024-06-08 19:08:00
202400052972.0;5;92;92040;2;2;1.0;3.0;48.82398809;2.27284167;2024-11-30 05:08:00
202400052973.0;1;13;13038;2;3;1.0;1.0;43.724647;4.709012;2024-08-16 16:45:00
202400052974.0;5;75;75108;2;3;1.0;1.0;48.875015;2.300212;2024-09-19 22:10:00
202400052975.0;1;5;5085;2;1;2.0;6.0;44.92858206;6.71337605;2024-01-02 16:25:00
202400052976.0;1;29;29103;1;1;1.0;6.0;48.464022;-4.263852;2024-04-30 14:15:00
202400052977.0;1;92;92073;2;1;1.0;7.0;48.87431222;2.22077546;2024-07-11 07:20:00
202400052978.0;1;49;49007;2;1;1.0;4.0;47.459;-0.57298;2024-03-26 19:05:00
202400052979.0;2;61;61043;2;2;1.0;5.0;48.345283;0.746024;2024-10-24 07:55:00
202400052980.0;1;44;44109;2;1;1.0;6.0;47.20570189;-1.55038706;2024-05-31 08:40:00
202400052981.0;1;92;92024;2;1;1.0;6.0;48.9092;2.30746;2024-12-01 12:30:00
202400052982.0;1;30;30169;1;1;1.0;6.0;43.78696607;4.29790461;2024-08-16 16:30:00
202400052983.0;5;78;78440;2;3;2.0;3.0;48.99724;1.91093;2024-02-13 20:52:00
202400052984.0;1;974;97405;2;1;1.0;7.0;-21.355787;55.5602;2024-01-01 18:00:00
202400052985.0;1;59;59212;1;9;1.0;6.0;50.65433;2.749623;2024-04-30 18:50:00
202400052986.0;1;61;61281;1;1;1.0;6.0;48.830892;-0.668945;2024-10-26 14:45:00
202400052987.0;5;75;75116;2;2;1.0;2.0;48.853029;2.261894;2024-09-19 01:10:00
202400052988.0;1;92;92051;2;2;1.0;3.0;48.89351132;2.26756811;2024-07-11 12:50:00
202400052989.0;1;47;47031;1;1;1.0;1.0;44.16679;0.64324;2024-03-25 15:30:00
202400052990.0;1;27;27518;1;1;2.0;7.0;49.445867;0.551291;2024-08-16 10:50:00
202400052991.0;1;92;92032;2;3;8.0;6.0;48.79364726;2.29746066;2024-12-01 10:07:00
202400052992.0;3;77;77077;1;1;2.0;2.0;48.98594;2.88776;2024-02-13 04:05:00
202400052993.0;1;44;44143;2;8;1.0;3.0;47.18282988;-1.57210098;2024-05-31 08:30:00
202400052994.0;1;13;13117;1;1;1.0;3.0;43.421681;5.268677;2024-05-03 11:34:00
202400052995.0;1;92;92025;2;1;1.0;6.0;48.91064556;2.23704654;2024-07-10 13:15:00
202400052996.0;1;75;75115;2;3;1.0;6.0;48.845527;2.284582;2024-09-20 16:50:00
202400052997.0;1;49;49215;1;3;1.0;5.0;47.14759;-0.1715;2024-10-22 17:00:00
202400052998.0;5;976;97608;2;1;1.0;3.0;-12.778918;45.28131;2024-06-12 19:45:00
202400052999.0;1;44;44069;2;2;1.0;3.0;47.31955565;-2.41440073;2024-03-25 15:45:00
202400053000.0;5;92;92032;2;1;1.0;6.0;48.79144;2.29807;2024-12-01 07:10:00
202400053001.0;1;83;83090;1;1;1.0;2.0;43.12573714;5.87812094;2024-05-02 18:30:00
202400053002.0;1;44;44109;2;1;1.0;3.0;47.22925202;-1.54323461;2024-05-30 15:20:00
202400053003.0;1;77;77243;2;2;1.0;3.0;48.87411;2.68626;2024-02-13 09:40:00
202400053004.0;5;974;97418;2;6;2.0;7.0;-20.91738;55.530514;2024-04-20 00:30:00
202400053005.0;1;75;75115;2;2;1.0;6.0;48.843876;2.281981;2024-09-20 13:55:00
202400053006.0;3;49;49223;1;1;2.0;2.0;47.392612;-0.525767;2024-10-25 20:00:00
202400053007.0;1;1;1004;2;1;1.0;3.0;45.968826;5.339677;2024-12-02 15:27:00
202400053008.0;2;41;41103;1;1;1.0;1.0;47.71835072;1.01761519;2024-01-03 17:05:00
202400053009.0;1;43;43157;2;3;1.0;3.0;45.03867;3.89708;2024-03-26 12:30:00
202400053010.0;1;92;92019;2;2;1.0;4.0;48.76385723;2.27183104;2024-07-11 09:30:00
202400053011.0;2;44;44109;2;1;8.0;3.0;47.21840011;-1.55120438;2024-05-30 07:15:00
202400053012.0;5;34;34154;2;1;1.0;6.0;43.5473;3.981466;2024-10-25 21:55:00
202400053013.0;1;971;97116;1;1;1.0;3.0;16.327512;-61.445407;2024-08-15 11:20:00
202400053014.0;1;83;83090;1;1;2.0;4.0;43.12103825;5.86698946;2024-05-02 17:00:00
202400053015.0;1;75;75115;2;2;1.0;3.0;48.846185;2.29517;2024-09-19 12:35:00
202400053016.0;1;18;18022;1;1;1.0;1.0;47.497205;2.650505;2024-11-29 16:43:00
202400053017.0;1;56;56184;1;1;1.0;3.0;47.657121;-2.428365;2024-01-02 16:50:00
202400053018.0;1;54;54071;1;1;9.0;6.0;48.733889;6.488864;2024-07-12 09:20:00
202400053019.0;1;44;44109;2;1;1.0;3.0;47.20982731;-1.59465451;2024-05-29 17:30:00
202400053020.0;1;37;37233;2;1;2.0;2.0;47.39679289;0.72576535;2024-03-26 17:15:00
202400053021.0;5;76;76540;2;7;2.0;3.0;49.43349;1.09175;2024-02-13 20:00:00
202400053022.0;3;971;97117;1;1;1.0;1.0;16.31252;-61.345854;2024-08-15 19:55:00
202400053023.0;3;972;97210;1;1;1.0;7.0;14.576062;-60.908585;2024-11-30 20:30:00
202400053024.0;1;29;29174;2;6;1.0;2.0;47.87174934;-4.23966497;2024-10-26 11:45:00
202400053025.0;3;12;12270;1;1;2.0;7.0;44.351166;2.941986;2024-01-01 17:52:00
202400053026.0;1;62;62525;2;9;2.0;6.0;50.74118;2.26132;2024-02-21 13:45:00
202400053027.0;1;75;75115;2;3;1.0;6.0;48.850502;2.299994;2024-09-19 12:20:00
202400053028.0;1;83;83137;1;1;2.0;4.0;43.12497878;5.96963213;2024-05-02 14:30:00
202400053029.0;1;76;76351;2;2;2.0;6.0;49.49201;0.11672;2024-02-13 13:45:00
202400053030.0;1;28;28024;2;1;1.0;6.0;48.41506;1.471331;2024-11-29 14:54:00
202400053031.0;1;33;33167;2;1;1.0;2.0;44.84605;-0.51608;2024-03-25 17:00:00
202400053032.0;3;14;14403;1;1;8.0;6.0;49.144029;0.339546;2024-10-25 02:00:00
202400053033.0;1;33;33349;1;1;1.0;2.0;44.744988;-0.486499;2024-09-15 10:20:00
202400053034.0;1;51;51065;1;6;1.0;2.0;48.734788;4.556108;2024-07-10 18:40:00
202400053035.0;3;42;42197;2;3;1.0;2.0;45.738589;4.030019;2024-01-02 18:10:00
202400053036.0;1;75;75115;2;2;1.0;6.0;48.849079;2.287638;2024-09-19 08:40:00
202400053037.0;1;33;33249;1;1;1.0;2.0;44.884412;-0.51364;2024-05-03 16:05:00
202400053038.0;1;987;98736;1;6;1.0;3.0;-17.5258;-149.54262;2024-06-07 16:45:00
202400053039.0;2;76;76351;2;4;1.0;6.0;49.50154;0.15001;2024-02-13 07:40:00
202400053040.0;1;36;36154;2;3;2.0;3.0;46.578956;1.532587;2024-10-25 14:30:00
202400053041.0;1;33;33318;2;2;1.0;3.0;44.80184;-0.65354;2024-03-25 16:15:00
202400053042.0;1;77;77471;1;1;1.0;1.0;48.346712;2.457489;2024-08-15 07:50:00
202400053043.0;3;54;54067;1;2;2.0;1.0;49.42966804;5.68604708;2024-12-01 18:15:00
202400053044.0;1;33;33063;1;1;3.0;6.0;44.88409;-0.55921;2024-05-01 18:20:00
202400053045.0;1;75;75114;2;3;1.0;7.0;48.822321;2.330396;2024-09-20 12:25:00
202400053046.0;1;2;2355;1;3;2.0;3.0;49.879109;3.268025;2024-01-03 13:30:00
202400053047.0;1;42;42120;2;2;1.0;6.0;45.99478118;3.98096859;2024-07-11 15:00:00
202400053048.0;3;95;95023;1;1;1.0;6.0;49.17142843;2.12397419;2024-08-15 01:07:00
202400053049.0;1;88;88158;1;1;1.0;7.0;48.090442;6.596786;2024-10-25 12:45:00
202400053050.0;1;76;76305;2;1;1.0;2.0;49.49878;0.20119;2024-02-12 18:20:00
202400053051.0;1;974;97416;1;1;1.0;2.0;-21.30436;55.42772;2024-06-07 14:00:00
202400053052.0;1;33;33119;2;1;1.0;6.0;44.85463;-0.51802;2024-03-25 10:30:00
202400053053.0;1;59;59123;1;1;1.0;6.0;50.50175;3.01091;2024-05-02 16:49:00
202400053054.0;1;974;97416;1;1;1.0;6.0;-21.31676;55.54626;2024-06-07 14:40:00
202400053055.0;1;42;42166;1;9;1.0;2.0;46.003278;4.100127;2024-07-11 11:15:00
202400053056.0;1;84;84039;1;2;1.0;3.0;44.099184;4.898663;2024-12-02 10:00:00
202400053057.0;1;2B;2B010;1;1;1.0;1.0;42.607993;8.857223;2024-08-16 13:20:00
202400053058.0;1;75;75111;2;7;2.0;2.0;48.857936;2.38033122;2024-09-20 18:15:00
202400053059.0;3;26;26165;1;1;1.0;4.0;44.76626;4.851547;2024-01-03 17:40:00
202400053060.0;1;72;72181;2;9;2.0;3.0;47.99706926;0.23555696;2024-02-09 10:50:00
202400053061.0;1;91;91045;1;2;1.0;3.0;48.516652;2.381979;2024-10-26 16:00:00
202400053062.0;1;31;31149;2;6;2.0;3.0;43.5921;1.36068;2024-03-26 09:15:00
202400053063.0;1;91;91689;1;1;1.0;2.0;48.731;2.31483;2024-05-03 15:49:00
202400053064.0;1;81;81133;1;1;1.0;7.0;43.859272;2.160423;2024-07-11 18:30:00
202400053065.0;3;76;76271;1;1;9.0;6.0;49.569185;1.161488;2024-12-01 20:45:00
202400053066.0;3;974;97409;2;1;1.0;6.0;-20.94066;55.67054;2024-06-08 18:11:00
202400053067.0;5;71;71270;2;1;1.0;6.0;46.2976;4.82844;2024-02-13 18:53:00
202400053068.0;1;66;66175;1;1;1.0;1.0;42.544726;2.906506;2024-08-15 16:30:00
202400053069.0;1;26;26124;1;1;1.0;1.0;44.844041;4.864237;2024-01-03 09:00:00
202400053070.0;1;6;6150;1;1;3.0;6.0;43.75177331;7.41345787;2024-10-26 12:35:00
202400053071.0;1;28;28085;2;9;2.0;3.0;48.43215;1.49273;2024-03-26 08:45:00
202400053072.0;1;75;75110;2;4;1.0;3.0;48.87891138;2.36241138;2024-09-20 11:45:00
202400053073.0;1;91;91161;1;1;1.0;3.0;48.69634;2.317;2024-05-03 08:55:00
202400053074.0;1;79;79034;2;1;1.0;1.0;46.301357;-0.495703;2024-12-02 11:15:00
202400053075.0;1;30;30270;2;1;1.0;1.0;44.121206;4.050468;2024-08-16 16:15:00
202400053076.0;5;973;97302;2;3;1.0;3.0;4.93586999;-52.33103031;2024-06-07 22:45:00
202400053077.0;1;25;25580;2;4;1.0;3.0;47.47283;6.83646;2024-03-26 16:50:00
202400053078.0;5;75;75108;2;1;1.0;2.0;48.863575;2.301636;2024-09-19 23:20:00
202400053079.0;1;51;51476;2;2;1.0;5.0;49.026829;4.414249;2024-07-11 18:45:00
202400053080.0;5;69;69256;2;2;1.0;3.0;45.78193129;4.93605038;2024-02-13 20:06:00
202400053081.0;1;7;7198;1;1;2.0;5.0;44.777905;4.762208;2024-01-02 12:35:00
202400053082.0;1;65;65291;2;3;1.0;1.0;43.066717;-0.037465;2024-12-01 11:25:00
202400053083.0;3;84;84039;1;1;1.0;4.0;44.088263;4.877329;2024-10-26 00:20:00
202400053084.0;1;78;78640;1;1;1.0;3.0;48.77971;2.22264;2024-05-03 09:30:00
202400053085.0;1;22;22215;2;1;1.0;6.0;48.4918;-2.8028;2024-03-26 11:25:00
202400053086.0;1;84;84063;1;1;1.0;6.0;44.26781;4.690073;2024-08-16 16:40:00
202400053087.0;1;973;97302;2;3;1.0;3.0;4.91845009;-52.31554127;2024-06-07 14:00:00
202400053088.0;1;42;42103;2;6;1.0;6.0;45.496436;4.564143;2024-07-11 08:21:00
202400053089.0;3;69;69066;1;1;9.0;6.0;46.11169135;4.3376802;2024-12-01 01:00:00
202400053090.0;1;69;69271;2;2;1.0;3.0;45.72765;4.97126;2024-02-12 10:50:00
202400053091.0;1;75;75107;2;2;1.0;3.0;48.860325;2.323589;2024-09-20 07:55:00
202400053092.0;1;6;6092;2;1;1.0;6.0;43.767175;7.362042;2024-08-16 19:15:00
202400053093.0;1;69;69007;2;1;1.0;3.0;45.499816;4.828454;2024-10-25 17:30:00
202400053094.0;3;60;60224;1;1;1.0;6.0;49.147278;2.986755;2024-07-11 22:00:00
202400053095.0;2;27;27354;1;2;2.0;3.0;49.170914;0.950366;2024-01-03 08:20:00
202400053096.0;1;21;21355;2;1;1.0;3.0;47.291502;5.058484;2024-03-25 17:10:00
202400053097.0;3;973;97302;2;2;2.0;3.0;4.92245377;-52.31258342;2024-06-07 21:30:00
202400053098.0;1;92;92050;1;1;2.0;4.0;48.89223398;2.18157649;2024-05-02 19:52:00
202400053099.0;2;63;63414;1;1;2.0;1.0;45.70938614;3.58776652;2024-12-02 07:40:00
202400053100.0;5;75;75107;2;1;1.0;6.0;48.85799959;2.30388558;2024-09-20 00:30:00
202400053101.0;3;62;62584;2;1;3.0;6.0;50.59057795;2.57258054;2024-07-12 05:30:00
202400053102.0;1;5;5070;1;9;1.0;6.0;44.298944;5.839502;2024-08-16 11:44:00
202400053103.0;5;64;64445;2;3;1.0;3.0;43.31874583;-0.3749608;2024-02-12 19:49:00
202400053104.0;3;31;31254;2;1;1.0;6.0;43.536929;1.511039;2024-01-03 01:20:00
202400053105.0;2;988;98815;1;1;8.0;6.0;-21.591572;167.863219;2024-10-26 05:30:00
202400053106.0;1;86;86149;1;1;1.0;6.0;46.92132927;0.06148579;2024-12-01 15:45:00
202400053107.0;1;13;13103;2;3;1.0;3.0;43.64785145;5.09251868;2024-03-25 14:15:00
202400053108.0;1;95;95488;1;1;1.0;3.0;49.01607139;2.14427239;2024-05-03 17:30:00
202400053109.0;1;56;56067;2;6;1.0;6.0;47.757939;-2.843458;2024-07-02 09:13:00
202400053110.0;5;69;69382;2;9;1.0;2.0;45.76379;4.83819;2024-06-08 01:40:00
202400053111.0;1;94;94068;2;3;1.0;6.0;48.79;2.4735;2024-09-19 13:00:00
202400053112.0;5;977;97701;2;1;1.0;3.0;17.901127;-62.833606;2024-10-26 01:13:00
202400053113.0;1;13;13082;2;1;1.0;3.0;43.664263;5.339946;2024-08-15 16:00:00
202400053114.0;1;64;64122;2;6;1.0;3.0;43.47033145;-1.55521721;2024-02-13 11:30:00
202400053115.0;2;13;13213;2;1;2.0;6.0;43.32505;5.45108;2024-03-26 19:15:00
202400053116.0;3;39;39252;1;1;2.0;1.0;47.048416;5.443416;2024-12-02 18:00:00
202400053117.0;1;55;55237;1;1;3.0;3.0;49.119487;5.499279;2024-01-03 14:50:00
202400053118.0;1;93;93027;1;1;1.0;2.0;48.92585951;2.3991555;2024-05-03 15:30:00
202400053119.0;5;77;77486;1;1;1.0;6.0;48.685035;3.10337;2024-10-24 22:50:00
202400053120.0;1;64;64102;2;1;1.0;6.0;43.48081;-1.46201;2024-02-13 19:12:00
202400053121.0;1;77;77452;1;2;1.0;1.0;48.475909;3.146073;2024-07-12 16:17:00
202400053122.0;2;13;13014;1;9;1.0;2.0;43.486058;5.189538;2024-06-12 07:00:00
202400053123.0;1;29;29184;1;1;1.0;7.0;48.60358638;-3.94159526;2024-12-01 10:30:00
202400053124.0;1;94;94016;2;6;2.0;3.0;48.78847;2.34304;2024-09-20 18:45:00
202400053125.0;1;94;94069;1;1;1.0;2.0;48.8173389;2.43679762;2024-05-03 16:55:00
202400053126.0;1;2B;2B037;1;1;1.0;5.0;42.60105;9.4387;2024-06-07 17:10:00
202400053127.0;3;77;77235;1;1;6.0;6.0;48.97964;3.045509;2024-01-02 06:35:00
202400053128.0;1;91;91226;2;1;1.0;1.0;48.486598;2.172337;2024-10-26 17:10:00
202400053129.0;5;13;13204;2;3;1.0;3.0;43.30833;5.40903;2024-03-25 19:50:00
202400053130.0;3;79;79268;2;1;2.0;6.0;46.783925;-0.157505;2024-07-11 21:30:00
202400053131.0;3;93;93051;1;1;3.0;7.0;48.83654607;2.55061941;2024-05-01 22:40:00
202400053132.0;1;13;13036;2;1;1.0;2.0;43.839998;4.845185;2024-12-01 15:05:00
202400053133.0;1;77;77474;1;9;2.0;6.0;48.933721;2.799196;2024-01-03 13:45:00
202400053134.0;1;63;63113;2;5;1.0;3.0;45.79595;3.12331;2024-02-13 08:00:00
202400053135.0;1;94;94073;2;1;1.0;2.0;48.760904;2.403345;2024-09-20 10:25:00
202400053136.0;1;95;95268;2;1;1.0;6.0;48.97230588;2.40097807;2024-06-08 16:10:00
202400053137.0;1;21;21371;2;3;1.0;2.0;47.138921;5.343937;2024-08-16 08:10:00
202400053138.0;1;13;13119;2;3;1.0;3.0;43.249931;5.553761;2024-10-24 16:25:00
202400053139.0;1;13;13209;1;1;6.0;6.0;43.24012335;5.45726469;2024-03-25 14:10:00
202400053140.0;1;31;31541;2;1;7.0;1.0;43.692813;1.358912;2024-07-11 13:58:00
202400053141.0;1;973;97302;2;1;3.0;3.0;4.93675;-52.32594;2024-05-02 07:30:00
202400053142.0;1;95;95127;2;1;1.0;6.0;49.03654565;2.08048224;2024-06-08 13:00:00
202400053143.0;5;1;1265;2;1;1.0;2.0;46.177695;5.580438;2024-12-01 19:25:00
202400053144.0;1;94;94060;2;1;1.0;2.0;48.78151;2.57137;2024-09-19 17:17:00
202400053145.0;1;63;63113;2;1;1.0;1.0;45.77922;3.13164;2024-02-12 17:37:00
202400053146.0;5;77;77171;2;6;2.0;6.0;48.896183;2.816022;2024-01-02 18:15:00
202400053147.0;1;88;88196;1;1;1.0;3.0;48.064788;6.861295;2024-08-12 17:34:00
202400053148.0;1;57;57589;2;1;7.0;6.0;49.044704;7.266726;2024-10-25 10:00:00
202400053149.0;1;6;6123;2;1;1.0;3.0;43.658;7.18864;2024-03-25 11:00:00
202400053150.0;1;973;97302;2;1;1.0;3.0;4.93199;-52.33001;2024-05-01 08:50:00
202400053151.0;1;58;58184;2;1;1.0;6.0;47.190646;3.451037;2024-12-02 14:30:00
202400053152.0;1;91;91216;2;6;1.0;7.0;48.67315;2.32058;2024-06-07 16:55:00
202400053153.0;1;73;73051;1;1;1.0;3.0;45.64433568;5.86798489;2024-08-14 13:00:00
202400053154.0;3;77;77521;1;1;8.0;6.0;48.849157;2.865458;2024-01-02 18:13:00
202400053155.0;1;2B;2B207;1;1;1.0;4.0;42.45345;9.504429;2024-07-12 10:35:00
202400053156.0;1;59;59508;2;3;1.0;3.0;50.74178458;3.13220004;2024-02-13 08:30:00
202400053157.0;1;75;75112;2;1;2.0;3.0;48.83401;2.409516;2024-03-26 09:40:00
202400053158.0;1;91;91114;2;1;1.0;6.0;48.70763;2.51436;2024-06-08 17:30:00
202400053159.0;3;29;29104;1;1;1.0;6.0;48.27414907;-4.32420818;2024-10-25 21:57:00
202400053160.0;1;69;69388;1;1;1.0;3.0;45.7368;4.85035;2024-05-02 12:55:00
202400053161.0;2;93;93071;2;2;1.0;5.0;48.93968816;2.51275778;2024-09-20 20:30:00
202400053162.0;1;33;33077;2;1;1.0;3.0;44.609382;-0.555786;2024-08-15 16:20:00
202400053163.0;3;77;77493;1;1;2.0;2.0;48.638311;2.81559;2024-01-02 07:55:00
202400053164.0;1;82;82117;1;1;1.0;6.0;44.336078;0.965499;2024-07-11 08:20:00
202400053165.0;1;59;59279;2;1;7.0;6.0;50.78;3.12;2024-02-12 16:35:00
202400053166.0;5;75;75120;2;1;1.0;2.0;48.856344;2.413923;2024-03-25 19:30:00
202400053167.0;1;69;69034;2;1;2.0;6.0;45.80495;4.85314;2024-05-02 10:30:00
202400053168.0;1;55;55509;1;1;2.0;7.0;49.57578903;5.34514565;2024-01-03 14:55:00
202400053169.0;1;91;91432;2;2;1.0;3.0;48.69672;2.33275;2024-06-07 13:20:00
202400053170.0;3;27;27401;1;3;2.0;3.0;49.068109;1.115102;2024-10-25 19:10:00
202400053171.0;3;2;2495;2;1;1.0;6.0;49.962005;4.055495;2024-08-15 23:30:00
202400053172.0;1;93;93027;2;8;2.0;3.0;48.92981;2.38523;2024-09-20 18:40:00
202400053173.0;1;75;75120;2;3;2.0;2.0;48.84693053;2.41505563;2024-03-26 07:30:00
202400053174.0;1;33;33424;1;1;1.0;3.0;45.147213;-0.811765;2024-07-11 17:55:00
202400053175.0;1;59;59599;2;1;1.0;6.0;50.7294;3.14598;2024-02-12 07:40:00
202400053176.0;1;2B;2B033;2;1;2.0;2.0;42.69728;9.45088;2024-05-02 16:15:00
202400053177.0;3;93;93027;1;1;1.0;7.0;48.9344735;2.39765242;2024-08-14 21:00:00
202400053178.0;1;73;73179;1;2;1.0;3.0;45.62802489;5.87370649;2024-01-03 13:45:00
202400053179.0;1;83;83123;2;6;1.0;2.0;43.11919;5.81075;2024-06-06 15:00:00
202400053180.0;1;13;13215;1;1;1.0;2.0;43.37178;5.36129;2024-10-25 15:05:00
202400053181.0;1;93;93050;2;3;2.0;3.0;48.86597;2.53444;2024-09-20 18:10:00
202400053182.0;2;59;59008;1;1;1.0;1.0;50.33435;3.27362;2024-02-12 07:30:00
202400053183.0;1;75;75117;2;3;1.0;1.0;48.899207;2.32125;2024-03-25 17:15:00
202400053184.0;1;71;71261;1;2;1.0;3.0;46.579531;4.9862;2024-07-12 18:00:00
202400053185.0;1;83;83118;2;1;1.0;7.0;43.42653353;6.76937489;2024-05-06 18:30:00
202400053186.0;1;45;45169;2;1;1.0;3.0;47.91443;1.8503;2024-05-19 10:45:00
202400053187.0;1;2B;2B120;2;1;3.0;2.0;42.65;9.41667;2024-05-01 15:27:00
202400053188.0;2;13;13214;1;1;1.0;7.0;43.32779;5.38988;2024-10-24 18:20:00
202400053189.0;1;42;42022;2;6;1.0;2.0;45.522001;4.215113;2024-01-03 15:10:00
202400053190.0;1;59;59122;2;1;7.0;6.0;50.17528;3.24764;2024-02-13 09:00:00
202400053191.0;1;93;93030;1;1;1.0;2.0;48.9544021;2.42061585;2024-09-19 16:20:00
202400053192.0;2;28;28085;2;1;1.0;6.0;48.4396727;1.5115092;2024-01-22 07:20:00
202400053193.0;5;75;75117;2;2;1.0;2.0;48.881415;2.316231;2024-03-26 01:30:00
202400053194.0;1;95;95607;2;1;3.0;2.0;49.02067;2.22377419;2024-05-02 17:40:00
202400053195.0;1;71;71010;1;3;1.0;3.0;46.87497;4.395317;2024-07-11 17:50:00
202400053196.0;1;54;54395;2;3;1.0;3.0;48.69037134;6.17294043;2024-02-12 13:30:00
202400053197.0;1;38;38507;2;2;1.0;3.0;45.71587;5.164465;2024-01-01 16:50:00
202400053198.0;3;89;89387;2;1;3.0;7.0;48.19436;3.28353;2024-05-01 21:25:00
202400053199.0;1;987;98735;2;2;1.0;1.0;-17.54072;-149.56606;2024-08-14 08:00:00
202400053200.0;3;42;42237;1;1;8.0;5.0;45.44266;4.46362;2024-10-23 04:38:00
202400053201.0;5;93;93057;2;2;1.0;1.0;48.91285;2.50675;2024-09-20 00:01:00
202400053202.0;2;78;78423;1;1;7.0;2.0;48.78516;2.03772;2024-06-08 06:25:00
202400053203.0;1;75;75116;2;3;2.0;3.0;48.863186;2.26864;2024-03-26 14:50:00
202400053204.0;1;89;89136;1;1;1.0;3.0;48.258488;3.240031;2024-07-10 14:40:00
202400053205.0;1;92;92078;2;1;1.0;6.0;48.92741;2.33177;2024-09-20 09:55:00
202400053206.0;1;974;97416;2;1;1.0;3.0;-21.33082;55.45578;2024-08-14 12:50:00
202400053207.0;1;54;54395;2;1;1.0;2.0;48.6915075;6.17667675;2024-02-12 10:10:00
202400053208.0;1;77;77122;1;1;1.0;7.0;48.66917;2.58141;2024-06-08 20:45:00
202400053209.0;3;86;86294;1;1;2.0;1.0;46.640649;0.203252;2024-01-03 18:10:00
202400053210.0;1;87;87085;2;2;2.0;3.0;45.8256;1.27881;2024-04-30 18:20:00
202400053211.0;1;57;57474;1;1;1.0;2.0;49.25816319;6.17720187;2024-10-24 15:40:00
202400053212.0;5;75;75115;2;3;2.0;6.0;48.84494053;2.28607929;2024-03-26 18:55:00
202400053213.0;2;66;66147;1;1;1.0;6.0;42.5515;1.833054;2024-12-01 17:00:00
202400053214.0;4;63;63040;2;1;1.0;7.0;45.721993;3.345117;2024-07-11 23:00:00
202400053215.0;2;85;85071;1;1;2.0;6.0;46.7738389;-1.8754122;2024-01-02 08:15:00
202400053216.0;1;54;54149;2;1;1.0;6.0;49.4329;5.92824;2024-02-13 16:00:00
202400053217.0;1;33;33550;1;1;3.0;7.0;44.7856;-0.54148;2024-10-25 18:40:00
202400053218.0;3;92;92072;2;4;1.0;7.0;48.8275667;2.22539619;2024-09-20 00:35:00
202400053219.0;1;83;83126;2;1;2.0;3.0;43.08409;5.86413;2024-05-02 14:50:00
202400053220.0;2;77;77449;2;1;1.0;3.0;48.84104;2.78247;2024-06-08 05:00:00
202400053221.0;1;974;97411;2;2;1.0;3.0;-20.87556;55.45191;2024-08-14 08:20:00
202400053222.0;1;55;55573;2;1;1.0;7.0;48.68870692;5.61978641;2024-07-09 08:30:00
202400053223.0;1;75;75115;2;3;1.0;2.0;48.845138;2.311146;2024-03-24 18:45:00
202400053224.0;1;60;60471;2;3;1.0;6.0;49.576003;2.991562;2024-11-28 08:25:00
202400053225.0;1;77;77333;2;1;7.0;6.0;48.26864;2.71022;2024-06-07 13:35:00
202400053226.0;5;51;51454;2;1;2.0;3.0;49.274573;4.00185;2024-02-12 18:55:00
202400053227.0;1;81;81004;2;6;2.0;6.0;43.9503507;2.1536126;2024-05-02 11:35:00
202400053228.0;1;59;59343;1;1;1.0;2.0;50.583;3.09014;2024-10-24 16:20:00
202400053229.0;2;92;92036;2;1;1.0;2.0;48.91986716;2.32248746;2024-09-20 07:00:00
202400053230.0;5;85;85003;2;3;3.0;3.0;46.741239;-1.610624;2024-01-02 18:45:00
202400053231.0;1;974;97411;2;2;1.0;6.0;-20.90134;55.502;2024-08-14 07:50:00
202400053232.0;1;49;49214;1;6;1.0;1.0;47.53436;-0.632073;2024-07-12 18:35:00