Num_Acc;lum;departement;commune;agglomeration;intersection;meteo;type_collision;lat;long;date
202400053233.0;1;80;80021;2;1;1.0;6.0;49.89141;2.30222;2024-05-01 17:55:00
202400053234.0;1;72;72181;2;2;1.0;3.0;47.98617;0.20882;2024-06-08 18:35:00
202400053235.0;1;50;50129;2;1;1.0;4.0;49.6359;-1.5771;2024-01-30 17:15:00
202400053236.0;1;974;97411;1;1;1.0;7.0;-20.88651;55.49247;2024-08-09 11:15:00
202400053237.0;5;75;75114;2;2;2.0;2.0;48.822248;2.314315;2024-03-26 19:30:00
202400053238.0;5;45;45233;1;9;1.0;3.0;48.200545;2.410673;2024-11-20 20:00:00
202400053239.0;1;91;91136;1;1;1.0;4.0;48.7126;2.28329;2024-10-25 11:05:00
202400053240.0;1;92;92025;2;2;1.0;3.0;48.92286086;2.24990169;2024-09-19 12:30:00
202400053241.0;1;49;49283;1;1;1.0;1.0;47.403505;-0.750482;2024-07-11 14:15:00
202400053242.0;1;62;62505;1;1;4.0;6.0;50.834443;1.704544;2024-01-03 14:00:00
202400053243.0;1;72;72181;1;1;1.0;2.0;48.02954;0.1835;2024-06-07 17:10:00
202400053244.0;1;75;75114;2;3;2.0;6.0;48.831373;2.329917;2024-03-26 17:20:00
202400053245.0;5;49;49099;2;9;1.0;4.0;47.06675;-0.84266;2024-02-08 20:35:00
202400053246.0;1;91;91086;1;1;1.0;3.0;48.62329;2.38467;2024-10-25 09:00:00
202400053247.0;5;64;64329;2;2;1.0;6.0;43.294178;-0.288917;2024-12-01 05:35:00
202400053248.0;1;92;92012;2;1;1.0;3.0;48.8421881;2.24677652;2024-09-20 10:55:00
202400053249.0;1;972;97213;1;1;1.0;5.0;14.60556;-61.00312;2024-08-14 13:20:00
202400053250.0;3;38;38184;1;9;1.0;2.0;45.66295;5.06672;2024-01-01 04:10:00
202400053251.0;1;42;42208;1;4;1.0;1.0;45.544281;4.460884;2024-07-08 07:50:00
202400053252.0;1;49;49099;2;9;1.0;7.0;47.05471;-0.85797;2024-02-13 18:15:00
202400053253.0;1;76;76351;2;6;1.0;3.0;49.51328;0.11102;2024-04-30 14:20:00
202400053254.0;3;92;92076;1;1;1.0;6.0;48.83191756;2.15181737;2024-10-25 04:30:00
202400053255.0;3;18;18088;1;1;1.0;7.0;47.425068;2.435242;2024-12-02 18:16:00
202400053256.0;1;69;69092;2;3;1.0;3.0;45.98522;4.70857;2024-06-07 16:30:00
202400053257.0;1;75;75113;2;3;1.0;3.0;48.838644;2.372317;2024-03-26 11:00:00
202400053258.0;1;95;95539;2;1;1.0;6.0;48.99087;2.362948;2024-08-14 19:10:00
202400053259.0;3;91;91064;1;1;3.0;2.0;48.75135;2.22189;2024-01-01 23:30:00
202400053260.0;1;92;92012;2;2;1.0;3.0;48.83774328;2.24038437;2024-09-20 08:45:00
202400053261.0;1;53;53273;1;1;1.0;7.0;47.917809;-0.667849;2024-12-01 11:20:00
202400053262.0;3;93;93053;1;1;1.0;3.0;48.89332229;2.47257373;2024-10-25 19:00:00
202400053263.0;1;68;68235;1;1;7.0;1.0;48.000361;7.351592;2024-07-12 17:45:00
202400053264.0;1;71;71270;2;3;2.0;6.0;46.31192;4.82159;2024-05-02 07:50:00
202400053265.0;1;44;44020;2;1;2.0;5.0;47.16928;-1.58002;2024-02-13 18:00:00
202400053266.0;2;93;93027;1;1;2.0;6.0;48.92610388;2.40095258;2024-01-02 08:56:00
202400053267.0;5;91;91286;2;1;1.0;6.0;48.65299;2.39504;2024-08-15 00:01:00
202400053268.0;1;64;64483;1;3;1.0;3.0;43.39091;-1.62854;2024-06-07 16:20:00
202400053269.0;3;24;24547;2;1;1.0;6.0;45.12846244;1.31726772;2024-12-02 06:46:00
202400053270.0;1;75;75112;2;3;2.0;3.0;48.844223;2.390301;2024-03-26 09:45:00
202400053271.0;3;41;41204;1;1;1.0;1.0;47.634873;1.415632;2024-09-21 00:30:00
202400053272.0;1;94;94018;1;1;1.0;2.0;48.82465601;2.39368239;2024-10-25 16:40:00
202400053273.0;5;69;69259;1;1;2.0;6.0;45.72214;4.88779;2024-05-03 02:10:00
202400053274.0;3;93;93053;1;1;1.0;6.0;48.88384258;2.46603906;2024-01-01 19:20:00
202400053275.0;1;31;31582;2;1;1.0;3.0;43.400424;1.714909;2024-07-11 10:50:00
202400053276.0;1;64;64445;2;1;1.0;6.0;43.31916;-0.36829;2024-06-08 08:50:00
202400053277.0;3;17;17180;1;1;5.0;7.0;45.885408;-0.207496;2024-12-01 04:50:00
202400053278.0;1;91;91589;2;2;1.0;3.0;48.70228;2.35259;2024-08-14 09:50:00
202400053279.0;1;93;93063;1;1;1.0;6.0;48.87919372;2.44886779;2024-01-01 11:22:00
202400053280.0;5;69;69290;2;9;2.0;6.0;45.68538504;4.98359415;2024-05-02 23:26:00
202400053281.0;1;77;77373;1;1;1.0;2.0;48.76694017;2.61376289;2024-10-25 15:00:00
202400053282.0;1;42;42218;2;1;1.0;5.0;45.462085;4.413297;2024-02-04 17:15:00
202400053283.0;5;6;6161;2;2;1.0;3.0;43.641466;7.142217;2024-09-20 20:05:00
202400053284.0;3;23;23112;1;1;2.0;6.0;46.37225;1.786716;2024-12-01 23:20:00
202400053285.0;1;75;75111;2;3;1.0;3.0;48.85039704;2.38139927;2024-03-25 14:14:00
202400053286.0;1;67;67482;2;1;2.0;7.0;48.568;7.7253;2024-05-02 15:45:00
202400053287.0;1;38;38073;2;2;1.0;1.0;44.987111;5.969642;2024-07-11 17:50:00
202400053288.0;1;63;63300;2;9;1.0;3.0;45.88071;3.1106;2024-06-07 11:40:00
202400053289.0;3;94;94069;1;1;1.0;2.0;48.81750822;2.43375876;2024-01-01 18:30:00
202400053290.0;1;42;42095;2;4;1.0;3.0;45.39215;4.27307;2024-02-07 13:25:00
202400053291.0;1;36;36116;1;1;1.0;1.0;46.99549479;1.82044744;2024-09-21 14:05:00
202400053292.0;1;75;75108;2;4;2.0;3.0;48.867573;2.301295;2024-03-26 14:00:00
202400053293.0;1;53;53062;2;1;1.0;6.0;47.838467;-0.692214;2024-12-02 13:05:00
202400053294.0;1;32;32013;1;4;1.0;3.0;43.65411;0.55061;2024-07-03 15:45:00
202400053295.0;1;60;60057;2;1;1.0;6.0;49.41426;2.07684;2024-06-07 19:20:00
202400053296.0;1;87;87085;1;1;1.0;4.0;45.89635;1.29227;2024-08-13 07:57:00
202400053297.0;1;2;2061;1;1;1.0;1.0;50.012055;3.456938;2024-07-11 18:35:00
202400053298.0;1;66;66136;1;1;8.0;4.0;42.72504086;2.87751675;2024-05-02 17:25:00
202400053299.0;1;974;97416;1;1;3.0;2.0;-21.32222;55.44479;2024-01-01 12:45:00
202400053300.0;3;28;28358;1;1;3.0;6.0;48.498052;1.500664;2024-09-20 21:00:00
202400053301.0;1;41;41018;2;1;1.0;1.0;47.59973;1.29692;2024-02-13 08:45:00
202400053302.0;1;38;38310;1;1;1.0;6.0;45.233377;5.485525;2024-12-02 10:05:00
202400053303.0;5;75;75115;2;2;1.0;6.0;48.842867;2.312374;2024-03-26 00:20:00
202400053304.0;5;83;83129;2;1;1.0;6.0;43.11154;5.81213;2024-08-14 03:00:00
202400053305.0;1;14;14092;2;1;1.0;2.0;49.122604;-0.295016;2024-07-11 14:30:00
202400053306.0;5;974;97411;2;1;1.0;2.0;-20.88621;55.48072;2024-01-01 19:45:00
202400053307.0;2;59;59467;1;1;1.0;6.0;50.231695;3.839194;2024-06-05 04:40:00
202400053308.0;1;32;32013;1;9;1.0;4.0;43.673;0.531;2024-06-13 16:41:00
202400053309.0;1;57;57732;2;1;7.0;6.0;49.122882;7.357648;2024-09-21 16:30:00
202400053310.0;1;63;63311;1;1;2.0;2.0;46.03990082;3.1128875;2024-12-02 10:00:00
202400053311.0;1;37;37122;2;1;8.0;3.0;47.35966;0.65502;2024-02-13 18:15:00
202400053312.0;1;62;62108;2;2;1.0;3.0;50.40471095;1.5709143;2024-05-01 18:00:00
202400053313.0;1;971;97113;1;1;1.0;7.0;16.21164;-61.47427;2024-01-01 11:00:00
202400053314.0;2;51;51029;1;1;1.0;7.0;48.977555;4.028324;2024-09-20 07:10:00
202400053315.0;1;75;75104;2;3;2.0;6.0;48.855486;2.360078;2024-03-26 11:15:00
202400053316.0;1;32;32013;2;1;1.0;7.0;43.63122;0.58499;2024-06-10 15:50:00
202400053317.0;1;9;9032;1;1;1.0;1.0;42.719604;1.833494;2024-07-11 17:50:00
202400053318.0;1;37;37122;2;1;1.0;7.0;47.35115;0.6789;2024-02-13 10:00:00
202400053319.0;1;83;83069;2;1;1.0;3.0;43.11764;6.1452;2024-08-14 10:45:00
202400053320.0;1;56;56098;2;2;1.0;3.0;47.76574;-3.35559;2024-06-08 15:30:00
202400053321.0;1;38;38048;1;1;1.0;1.0;45.600407;5.124457;2024-12-02 12:10:00
202400053322.0;1;57;57597;2;1;1.0;7.0;49.25550023;6.06629848;2024-04-30 17:40:00
202400053323.0;1;91;91514;2;1;1.0;2.0;48.67307;2.5365;2024-01-01 15:35:00
202400053324.0;1;32;32013;2;9;1.0;3.0;43.66031;0.59212;2024-06-06 15:50:00
202400053325.0;1;56;56211;1;4;1.0;3.0;47.738382;-2.305359;2024-09-21 16:00:00
202400053326.0;1;75;75104;2;3;2.0;3.0;48.851648;2.367667;2024-03-26 09:25:00
202400053327.0;1;971;97103;2;1;1.0;6.0;16.263009;-61.591163;2024-12-01 18:00:00
202400053328.0;1;54;54036;2;1;1.0;7.0;49.28401;5.96088;2024-05-01 10:00:00
202400053329.0;1;16;16292;2;6;1.0;2.0;46.031162;0.201289;2024-07-08 15:10:00
202400053330.0;1;35;35238;2;9;8.0;3.0;48.12085;-1.67167;2024-02-13 12:35:00
202400053331.0;1;56;56121;2;6;1.0;1.0;47.77135;-3.40406;2024-06-08 13:10:00
202400053332.0;1;80;80021;2;1;1.0;3.0;49.89438;2.30904;2024-08-14 14:30:00
202400053333.0;1;32;32013;2;9;1.0;7.0;43.65326;0.59287;2024-06-03 17:52:00
202400053334.0;5;91;91326;2;1;2.0;1.0;48.688;2.385;2024-01-01 20:10:00
202400053335.0;3;2B;2B319;2;1;1.0;7.0;42.415093;9.529781;2024-09-21 03:45:00
202400053336.0;3;33;33229;1;1;1.0;7.0;44.77885;-1.003361;2024-12-01 03:20:00
202400053337.0;1;75;75101;2;3;1.0;7.0;48.856195;2.346482;2024-03-25 16:00:00
202400053338.0;1;51;51454;2;3;2.0;6.0;49.227279;4.039959;2024-05-02 18:45:00
202400053339.0;1;77;77447;1;1;1.0;7.0;48.55446;2.56776;2024-08-14 19:30:00
202400053340.0;1;54;54528;2;1;7.0;6.0;48.68098;5.89134;2024-06-07 16:20:00
202400053341.0;1;32;32013;2;1;1.0;7.0;43.65082;0.58484;2024-05-04 15:40:00
202400053342.0;1;7;7095;1;1;3.0;1.0;44.985988;4.682729;2024-07-11 17:15:00
202400053343.0;1;35;35051;2;3;1.0;3.0;48.11497717;-1.59051536;2024-02-13 10:45:00
202400053344.0;1;32;32160;1;1;2.0;6.0;43.59528;1.119018;2024-09-21 16:15:00
202400053345.0;1;91;91326;2;9;1.0;3.0;48.685014;2.383108;2024-01-01 11:40:00
202400053346.0;1;94;94081;2;1;1.0;6.0;48.789095;2.389553;2024-03-25 09:30:00
202400053347.0;1;53;53096;2;1;1.0;7.0;48.295882;-0.936381;2024-07-11 14:15:00
202400053348.0;5;974;97403;2;1;1.0;3.0;-21.249297;55.465325;2024-11-29 20:30:00
202400053349.0;1;51;51055;2;3;2.0;3.0;49.2729;4.05189;2024-05-02 18:00:00
202400053350.0;1;77;77243;2;1;1.0;7.0;48.8756;2.7125;2024-08-14 09:25:00
202400053351.0;3;63;63238;1;9;1.0;6.0;45.882077;2.791665;2024-09-20 18:30:00
202400053352.0;1;32;32013;2;1;1.0;2.0;43.64701;0.58999;2024-04-24 12:40:00
202400053353.0;2;35;35238;2;1;1.0;1.0;48.09387;-1.63862;2024-02-13 07:55:00
202400053354.0;3;78;78034;1;1;3.0;6.0;48.837799;1.82291;2024-11-25 20:50:00
202400053355.0;1;54;54547;2;1;1.0;4.0;48.67065;6.1873;2024-06-07 17:00:00
202400053356.0;1;53;53042;1;1;1.0;1.0;48.395145;-0.790274;2024-07-11 14:00:00
202400053357.0;5;69;69282;2;1;1.0;6.0;45.76084;5.00011;2024-01-02 01:30:00
202400053358.0;1;63;63003;2;1;1.0;6.0;45.54890417;3.74294102;2024-09-20 17:50:00
202400053359.0;3;5;5118;1;1;1.0;6.0;44.295074;5.820951;2024-12-01 20:50:00
202400053360.0;1;51;51454;2;2;2.0;3.0;49.26113;4.02105;2024-05-02 12:00:00
202400053361.0;1;66;66136;2;3;2.0;1.0;42.70579758;2.89614201;2024-08-13 16:45:00
202400053362.0;5;94;94041;2;2;1.0;3.0;48.818;2.39805;2024-03-25 23:10:00
202400053363.0;2;32;32013;2;6;8.0;6.0;43.64194;0.59305;2024-04-23 20:37:00
202400053364.0;1;35;35115;2;4;1.0;3.0;48.3506;-1.19568;2024-02-12 15:00:00
202400053365.0;5;54;54578;1;3;1.0;6.0;48.65693;6.13161;2024-06-08 03:35:00
202400053366.0;1;32;32295;2;1;1.0;6.0;43.498826;1.001741;2024-03-29 12:00:00
202400053367.0;3;40;40243;1;1;1.0;1.0;43.94426819;-0.9171662;2024-07-09 23:45:00
202400053368.0;5;59;59183;2;1;1.0;6.0;51.0318;2.37176;2024-01-01 18:15:00
202400053369.0;1;93;93064;2;1;1.0;7.0;48.87327567;2.49735779;2024-03-26 18:45:00
202400053370.0;1;13;13076;1;1;1.0;3.0;43.819224;5.011203;2024-11-30 15:35:00
202400053371.0;1;63;63040;1;3;1.0;3.0;45.72539879;3.3510071;2024-09-20 17:15:00
202400053372.0;1;35;35115;2;1;1.0;6.0;48.34658;-1.18479;2024-02-12 13:35:00
202400053373.0;1;64;64189;2;6;2.0;3.0;43.38449;-1.66634;2024-08-14 09:55:00
202400053374.0;1;50;50129;2;2;1.0;3.0;49.63929;-1.6515;2024-05-01 19:05:00
202400053375.0;5;51;51573;2;1;1.0;7.0;49.24144;3.99149;2024-01-01 18:00:00
202400053376.0;1;89;89003;1;1;8.0;2.0;47.910215;3.306134;2024-12-02 09:30:00
202400053377.0;1;4;4160;2;7;1.0;6.0;43.878918;5.660303;2024-07-10 17:32:00
202400053378.0;1;93;93050;2;3;2.0;6.0;48.85837;2.523162;2024-03-26 12:10:00
202400053379.0;1;50;50218;2;1;1.0;5.0;48.83761;-1.543555;2024-06-07 18:30:00
202400053380.0;1;34;34108;2;1;8.0;6.0;43.44227;3.75871;2024-02-12 14:10:00
202400053381.0;5;988;98818;2;1;1.0;2.0;-22.27112;166.45229;2024-10-24 21:10:00
202400053382.0;1;64;64129;2;6;1.0;7.0;43.30245331;-0.39105535;2024-08-13 18:05:00
202400053383.0;3;49;49345;2;1;1.0;1.0;47.275408;-0.482444;2024-09-20 22:15:00
202400053384.0;3;27;27198;1;6;8.0;6.0;48.90727;1.022847;2024-07-11 23:20:00
202400053385.0;1;49;49007;2;2;1.0;3.0;47.46861;-0.55889;2024-05-02 07:50:00
202400053386.0;1;45;45285;2;1;1.0;6.0;47.90577;1.86919;2024-06-08 16:05:00
202400053387.0;1;57;57474;2;1;1.0;6.0;49.258289;6.169899;2024-12-01 15:40:00
202400053388.0;1;34;34172;2;1;1.0;3.0;43.607402;3.917397;2024-02-13 10:20:00
202400053389.0;3;35;35281;1;1;3.0;4.0;48.0931;-1.70866;2024-01-01 18:00:00
202400053390.0;1;64;64102;2;4;1.0;7.0;43.48436;-1.48014;2024-08-14 18:30:00
202400053391.0;1;974;97411;2;1;1.0;2.0;-20.89744;55.47681;2024-10-24 12:30:00
202400053392.0;1;93;93064;2;1;3.0;5.0;48.862654;2.488043;2024-03-02 11:45:00
202400053393.0;1;12;12039;1;3;1.0;6.0;43.764694;2.921516;2024-09-20 10:15:00
202400053394.0;1;3;3243;1;1;1.0;6.0;46.31176;2.985229;2024-12-01 11:50:00
202400053395.0;1;44;44184;2;3;1.0;3.0;47.30203;-2.18383;2024-06-07 16:55:00
202400053396.0;1;49;49246;1;6;1.0;3.0;47.44361;-0.52717;2024-05-02 09:30:00
202400053397.0;1;35;35238;2;1;1.0;6.0;48.10931;-1.68556;2024-01-01 15:20:00
202400053398.0;1;974;97411;2;3;1.0;6.0;-20.88917;55.45027;2024-10-24 06:20:00
202400053399.0;3;42;42059;1;1;1.0;6.0;45.618127;4.376893;2024-09-20 21:45:00
202400053400.0;1;34;34129;2;1;2.0;4.0;43.57628;3.91223;2024-02-12 14:33:00
202400053401.0;1;28;28422;1;2;8.0;3.0;48.252752;1.543681;2024-07-11 16:30:00
202400053402.0;2;64;64102;2;1;2.0;5.0;43.48395;-1.4767;2024-08-14 08:00:00
202400053403.0;5;92;92063;2;3;1.0;3.0;48.86825826;2.1911315;2024-03-23 22:27:00
202400053404.0;1;39;39025;1;1;1.0;7.0;46.569465;5.379885;2024-09-21 16:40:00
202400053405.0;5;38;38298;2;2;1.0;3.0;45.372664;4.79704;2024-11-30 18:35:00
202400053406.0;1;974;97409;2;1;1.0;2.0;-20.97205;55.65234;2024-10-23 11:30:00
202400053407.0;1;42;42187;2;2;1.0;1.0;46.04198;4.08179;2024-06-07 16:05:00
202400053408.0;1;52;52003;1;1;1.0;7.0;48.34805868;5.47921618;2024-07-11 17:00:00
202400053409.0;5;33;33063;2;1;1.0;2.0;44.84023;-0.58866;2024-02-14 21:25:00
202400053410.0;2;49;49007;2;6;1.0;3.0;47.4481;-0.53791;2024-05-02 06:09:00
202400053411.0;5;35;35238;2;5;1.0;3.0;48.11632;-1.70787;2024-01-01 07:40:00
202400053412.0;1;92;92063;2;1;1.0;2.0;48.87815298;2.17591274;2024-03-25 17:30:00
202400053413.0;1;39;39230;1;1;1.0;6.0;46.665946;5.790656;2024-09-21 11:54:00
202400053414.0;2;64;64102;2;1;2.0;5.0;43.48392;-1.4767;2024-04-14 08:00:00
202400053415.0;1;987;98752;1;1;1.0;1.0;-17.722;-149.399;2024-07-11 14:15:00
202400053416.0;1;974;97407;1;1;1.0;2.0;-20.94293;55.3274;2024-10-23 16:50:00
202400053417.0;3;1;1424;2;3;1.0;3.0;45.874663;4.971027;2024-12-02 07:15:00
202400053418.0;2;41;41295;1;1;1.0;3.0;47.61319;1.38609;2024-06-08 21:35:00
202400053419.0;1;25;25519;1;1;1.0;7.0;47.309427;6.805987;2024-09-20 13:20:00
202400053420.0;1;38;38053;2;1;2.0;3.0;45.60433;5.26664;2024-05-02 13:30:00
202400053421.0;1;62;62587;2;1;7.0;6.0;50.42303048;2.9357096;2024-08-11 15:50:00
202400053422.0;5;34;34172;2;1;1.0;2.0;43.59333;3.87701;2024-01-01 04:40:00
202400053423.0;1;69;69072;1;6;1.0;7.0;45.836448;4.745391;2024-10-29 16:30:00
202400053424.0;2;92;92050;2;1;1.0;2.0;48.88749172;2.21383023;2024-03-25 18:44:00
202400053425.0;1;973;97309;2;1;1.0;2.0;4.91924;-52.30202;2024-10-24 17:11:00
202400053426.0;1;38;38151;2;1;1.0;6.0;45.14175844;5.70350826;2024-06-08 12:20:00
202400053427.0;1;62;62497;2;1;7.0;6.0;50.4425;3.05293;2024-08-10 15:50:00
202400053428.0;1;31;31555;1;1;2.0;3.0;43.5689;1.42012;2024-02-10 16:25:00
202400053429.0;5;33;33039;1;1;2.0;7.0;44.819148;-0.538145;2024-01-01 23:25:00
202400053430.0;1;18;18279;1;1;1.0;2.0;47.225062;2.106586;2024-07-11 15:53:00
202400053431.0;5;60;60057;2;1;1.0;6.0;49.42024;2.0899;2024-08-14 23:00:00
202400053432.0;2;34;34172;2;2;2.0;6.0;43.59;3.89;2024-05-01 06:50:00
202400053433.0;2;25;25133;2;2;1.0;3.0;47.290382;5.992929;2024-09-20 17:45:00
202400053434.0;1;973;97302;2;1;1.0;3.0;4.93931;-52.32685;2024-10-24 13:03:00
202400053435.0;1;17;17273;1;1;1.0;1.0;45.650888;-0.424604;2024-12-01 14:24:00
202400053436.0;5;92;92025;2;2;2.0;3.0;48.9309052;2.24441761;2024-03-26 23:10:00
202400053437.0;5;30;30007;2;1;1.0;3.0;44.12427;4.07258;2024-02-13 19:10:00
202400053438.0;1;38;38053;2;2;1.0;2.0;45.58866;5.27064;2024-06-08 16:00:00
202400053439.0;5;34;34172;2;1;2.0;7.0;43.6205;3.88728;2024-05-01 02:40:00
202400053440.0;5;92;92012;2;1;3.0;7.0;48.83442037;2.22831845;2024-03-26 19:44:00
202400053441.0;5;33;33529;2;6;2.0;3.0;44.610957;-1.129099;2024-01-01 23:00:00
202400053442.0;1;29;29232;2;1;2.0;6.0;48.017476;-4.105105;2024-02-13 08:53:00
202400053443.0;1;85;85300;1;1;1.0;2.0;46.7168;-1.542537;2024-12-02 13:45:00
202400053444.0;2;69;69102;1;1;1.0;6.0;45.866571;4.392767;2024-07-12 06:05:00
202400053445.0;5;973;97302;2;3;1.0;3.0;4.93445;-52.3208;2024-10-23 19:19:00
202400053446.0;1;31;31555;2;1;1.0;6.0;43.62017;1.42389;2024-05-02 13:30:00
202400053447.0;1;44;44163;1;1;1.0;3.0;47.376394;-1.151623;2024-09-19 09:00:00
202400053448.0;4;37;37261;2;6;1.0;2.0;47.41875;0.70464;2024-06-08 02:33:00
202400053449.0;1;973;97302;1;6;2.0;7.0;4.90732;-52.32274;2024-10-23 06:50:00
202400053450.0;1;92;92012;2;9;2.0;3.0;48.8244479;2.2361362;2024-03-26 13:00:00
202400053451.0;5;31;31555;2;1;1.0;1.0;43.6302;1.46172;2024-01-01 01:05:00
202400053452.0;3;29;29158;1;1;1.0;6.0;47.820662;-4.345715;2024-09-21 05:15:00
202400053453.0;1;44;44094;1;2;1.0;3.0;47.341062;-1.407387;2024-12-02 08:29:00
202400053454.0;1;29;29232;2;3;1.0;1.0;47.987796;-4.125322;2024-05-02 18:00:00
202400053455.0;1;26;26362;1;2;1.0;4.0;44.90123037;4.93344069;2024-02-12 08:05:00
202400053456.0;1;86;86083;1;1;1.0;2.0;46.510976;0.142715;2024-07-11 14:45:00
202400053457.0;1;59;59512;2;2;1.0;1.0;50.686886;3.196727;2024-08-14 19:20:00
202400053458.0;2;973;97302;2;1;2.0;2.0;4.90618;-52.32263;2024-10-23 06:15:00
202400053459.0;1;92;92014;2;3;2.0;3.0;48.77678177;2.31919679;2024-03-26 08:00:00
202400053460.0;1;38;38263;1;1;1.0;7.0;45.293683;5.438372;2024-09-20 16:45:00
202400053461.0;1;35;35238;2;3;1.0;3.0;48.10248;-1.72522;2024-06-08 15:35:00
202400053462.0;1;18;18033;2;3;1.0;7.0;47.06503;2.39043;2024-01-01 12:15:00
202400053463.0;2;50;50564;1;1;2.0;5.0;49.234469;-1.3275;2024-12-02 08:20:00
202400053464.0;1;29;29232;2;1;1.0;3.0;47.99741;-4.098361;2024-05-02 11:15:00
202400053465.0;5;57;57240;2;1;1.0;6.0;49.14998;6.83131;2024-08-13 01:00:00
202400053466.0;1;26;26058;2;3;1.0;3.0;44.941767;4.90352869;2024-02-13 09:50:00
202400053467.0;1;69;69386;2;2;1.0;3.0;45.76583;4.84258;2024-10-24 11:58:00
202400053468.0;1;974;97418;2;1;1.0;1.0;-20.904737;55.506282;2024-07-11 17:00:00
202400053469.0;5;974;97415;2;1;1.0;6.0;-21.018064;55.30266747;2024-03-27 00:00:00
202400053470.0;3;14;14206;2;1;1.0;7.0;48.875819;-0.053875;2024-11-30 20:50:00
202400053471.0;1;26;26198;2;1;1.0;6.0;44.5583;4.74707;2024-05-02 09:20:00
202400053472.0;1;35;35238;2;3;1.0;3.0;48.11188;-1.69104;2024-06-08 15:50:00
202400053473.0;5;17;17306;2;3;2.0;1.0;45.63678;-1.03396;2024-01-01 19:38:00
202400053474.0;1;56;56260;2;1;1.0;3.0;47.66444;-2.72864;2024-08-14 17:20:00
202400053475.0;3;973;97305;1;1;2.0;7.0;4.943563;-52.416209;2024-07-12 01:00:00
202400053476.0;1;19;19031;2;3;1.0;3.0;45.16131;1.50313;2024-02-12 16:55:00
202400053477.0;2;14;14728;2;1;1.0;7.0;49.284072;-0.72763;2024-12-02 08:10:00
202400053478.0;2;1;1085;1;2;3.0;3.0;46.085488;5.025752;2024-03-26 18:45:00
202400053479.0;5;13;13075;2;1;1.0;1.0;43.34697344;5.4631268;2024-01-01 06:30:00
202400053480.0;1;34;34108;2;6;8.0;3.0;43.45791;3.76295;2024-06-08 11:15:00
202400053481.0;4;56;56121;2;6;1.0;6.0;47.7571;-3.3646;2024-08-14 04:44:00
202400053482.0;2;72;72103;1;2;1.0;3.0;47.81363445;0.55278934;2024-09-20 18:30:00
202400053483.0;1;24;24037;2;2;2.0;3.0;44.85112;0.49062;2024-05-02 16:41:00
202400053484.0;1;15;15014;1;1;9.0;6.0;44.92424;2.47176;2024-02-13 07:56:00
202400053485.0;1;972;97213;1;1;1.0;4.0;14.61765;-61.03475;2024-10-24 07:15:00
202400053486.0;1;978;97801;2;1;1.0;1.0;18.063822;-63.090591;2024-07-11 13:45:00
202400053487.0;3;29;29046;1;1;2.0;2.0;48.087003;-4.347744;2024-11-30 21:50:00
202400053488.0;1;29;29234;2;1;3.0;7.0;47.854373;-3.47502;2024-07-11 13:10:00
202400053489.0;1;67;67559;2;4;1.0;1.0;48.895336;7.313032;2024-03-25 07:50:00
202400053490.0;1;22;22106;2;1;1.0;3.0;48.48977;-2.69782;2024-05-02 10:50:00
202400053491.0;1;56;56121;2;1;1.0;3.0;47.73238;-3.37976;2024-08-13 13:21:00
202400053492.0;5;34;34172;2;1;1.0;6.0;43.58893;3.89085;2024-06-08 23:20:00
202400053493.0;1;13;13205;2;2;1.0;2.0;43.29583;5.39618;2024-02-13 12:45:00
202400053494.0;5;72;72320;2;1;1.0;3.0;48.051966;0.181897;2024-09-21 02:50:00
202400053495.0;1;69;69034;2;5;1.0;1.0;45.80097;4.8552;2024-10-24 15:15:00
202400053496.0;5;6;6004;2;3;1.0;2.0;43.60272;7.08776;2024-01-01 20:30:00
202400053497.0;1;56;56098;2;1;1.0;6.0;47.77859;-3.34714;2024-08-13 13:10:00
202400053498.0;3;78;78513;1;1;1.0;6.0;48.798469;1.753425;2024-07-09 02:50:00
202400053499.0;2;22;22389;2;1;7.0;5.0;48.481687;-2.683207;2024-12-02 16:00:00
202400053500.0;1;18;18033;2;1;1.0;3.0;47.09815;2.40582;2024-05-02 21:36:00
202400053501.0;1;6;6149;2;1;1.0;3.0;43.744674;7.322082;2024-03-25 12:30:00
202400053502.0;1;72;72381;1;1;1.0;1.0;47.93361;0.10706;2024-09-20 19:15:00
202400053503.0;1;13;13214;2;3;1.0;3.0;43.33;5.39;2024-02-13 13:42:00
202400053504.0;1;69;69389;2;3;1.0;6.0;45.76659;4.78925;2024-10-24 16:15:00
202400053505.0;1;34;34172;2;1;1.0;7.0;43.59671;3.83778;2024-06-08 11:50:00
202400053506.0;3;34;34176;1;1;1.0;7.0;43.630111;4.038076;2024-07-08 02:45:00
202400053507.0;1;13;13015;1;1;1.0;6.0;43.432;5.394;2024-12-01 16:52:00
202400053508.0;1;50;50147;2;1;1.0;6.0;49.05377;-1.44083;2024-08-14 15:10:00
202400053509.0;1;91;91174;2;1;1.0;2.0;48.61071;2.48948;2024-10-24 12:50:00
202400053510.0;5;6;6155;1;1;1.0;1.0;43.58866;7.05557;2024-01-01 03:45:00
202400053511.0;3;44;44212;1;1;1.0;6.0;47.156564;-1.279489;2024-03-27 03:45:00
202400053512.0;1;14;14726;1;3;2.0;3.0;48.847346;-0.71218;2024-09-21 08:00:00
202400053513.0;1;12;12145;1;1;5.0;1.0;44.08689;3.08723;2024-02-13 10:10:00
202400053514.0;3;13;13215;1;1;1.0;4.0;43.3581884;5.36269145;2024-11-30 17:00:00
202400053515.0;1;83;83063;1;1;1.0;3.0;43.28989961;6.49315596;2024-07-11 16:30:00
202400053516.0;1;50;50129;2;1;1.0;2.0;49.60504;-1.5941;2024-08-12 13:10:00
202400053517.0;1;34;34172;2;1;1.0;2.0;43.60962;3.83859;2024-06-07 16:50:00