Num_Acc;lum;departement;commune;agglomeration;intersection;meteo;type_collision;lat;long;date
202400053518.0;2;91;91223;2;1;1.0;3.0;48.45173;2.16014;2024-10-24 08:00:00
202400053519.0;3;10;10362;1;1;8.0;6.0;48.2937;4.0313;2024-02-12 18:44:00
202400053520.0;1;15;15014;2;1;1.0;6.0;44.92776;2.44401;2024-04-27 16:55:00
202400053521.0;5;75;75120;2;2;1.0;3.0;48.8492578;2.41622266;2024-01-01 18:30:00
202400053522.0;1;13;13106;1;1;1.0;3.0;43.39027;5.35013;2024-11-29 09:01:00
202400053523.0;1;49;49267;1;1;1.0;7.0;47.47160626;-0.5097454;2024-08-14 19:24:00
202400053524.0;1;10;10340;2;2;1.0;3.0;48.253878;4.03147;2024-03-27 17:05:00
202400053525.0;5;29;29232;2;1;1.0;6.0;47.99005526;-4.11050243;2024-06-09 00:40:00
202400053526.0;1;83;83107;2;1;1.0;1.0;43.462301;6.647284;2024-07-12 10:00:00
202400053527.0;1;10;10387;2;1;1.0;6.0;48.30173074;4.06381014;2024-02-12 15:42:00
202400053528.0;5;75;75118;2;1;1.0;6.0;48.88531079;2.33061209;2024-01-01 18:20:00
202400053529.0;1;71;71204;1;1;2.0;6.0;46.83578;4.832048;2024-03-26 17:20:00
202400053530.0;2;14;14626;1;3;1.0;3.0;49.08421;0.282351;2024-09-20 07:44:00
202400053531.0;1;13;13211;2;1;2.0;3.0;43.28530733;5.44228169;2024-05-02 15:00:00
202400053532.0;1;88;88160;2;3;1.0;3.0;48.18179;6.44692;2024-10-23 11:50:00
202400053533.0;1;27;27229;2;1;1.0;7.0;49.03456;1.15572;2024-06-08 13:05:00
202400053534.0;1;49;49007;2;1;1.0;2.0;47.48476;-0.53123;2024-08-14 18:22:00
202400053535.0;3;13;13106;1;1;1.0;2.0;43.39119;5.35117;2024-11-30 21:18:00
202400053536.0;3;76;76177;1;1;1.0;6.0;49.5997;1.172289;2024-03-27 00:20:00
202400053537.0;3;50;50490;1;1;1.0;6.0;49.374368;-1.733372;2024-09-21 01:00:00
202400053538.0;1;10;10387;2;4;1.0;6.0;48.2975;4.0747;2024-02-12 14:00:00
202400053539.0;1;13;13203;2;1;2.0;3.0;43.31623;5.38337;2024-05-02 07:05:00
202400053540.0;1;75;75114;2;2;1.0;2.0;48.81974;2.325728;2024-01-01 14:00:00
202400053541.0;3;13;13071;1;1;1.0;3.0;43.39458;5.29934;2024-11-30 05:15:00
202400053542.0;5;22;22106;2;3;1.0;3.0;48.48798;-2.70576;2024-06-08 22:45:00
202400053543.0;1;5;5122;2;1;1.0;4.0;44.746657;6.580564;2024-07-11 11:00:00
202400053544.0;1;90;90052;2;1;1.0;6.0;47.731833;6.830202;2024-09-21 10:15:00
202400053545.0;1;13;13211;2;9;2.0;6.0;43.28026;5.49975;2024-05-02 08:00:00
202400053546.0;3;9;9122;1;1;1.0;6.0;42.95961;1.57835;2024-02-13 18:50:00
202400053547.0;1;87;87085;2;2;1.0;3.0;45.82842;1.28287;2024-10-23 17:49:00
202400053548.0;3;13;13028;1;1;1.0;7.0;43.19659021;5.6434146;2024-11-29 19:11:00
202400053549.0;1;47;47001;2;1;2.0;4.0;44.19362;0.61861;2024-08-14 14:15:00
202400053550.0;5;75;75110;2;3;1.0;2.0;48.868668;2.367017;2024-01-01 01:40:00
202400053551.0;1;42;42097;2;3;7.0;1.0;45.50057194;4.31388617;2024-03-25 08:30:00
202400053552.0;1;13;13081;1;1;1.0;3.0;43.503632;5.210052;2024-07-10 17:50:00
202400053553.0;3;36;36070;1;1;1.0;6.0;46.44259252;1.59835211;2024-09-20 20:40:00
202400053554.0;5;13;13211;2;1;2.0;6.0;43.29148;5.48601;2024-05-02 03:08:00
202400053555.0;1;87;87085;2;6;1.0;3.0;45.81061;1.25722;2024-10-23 13:23:00
202400053556.0;2;67;67152;1;1;5.0;2.0;48.52252;7.64072;2024-11-29 08:25:00
202400053557.0;5;44;44143;2;9;1.0;3.0;47.1748;-1.5437;2024-08-14 22:40:00
202400053558.0;1;86;86082;1;1;1.0;3.0;46.37025;0.208558;2024-03-25 16:15:00
202400053559.0;1;7;7230;1;1;1.0;7.0;44.71566704;4.48840839;2024-09-20 14:25:00
202400053560.0;1;13;13004;1;1;1.0;1.0;43.658088;4.593095;2024-07-12 16:40:00
202400053561.0;5;6;6088;2;2;1.0;3.0;43.70278;7.25146;2024-02-13 23:50:00
202400053562.0;3;13;13047;1;1;8.0;1.0;43.54823798;4.97282848;2024-05-02 01:20:00
202400053563.0;5;83;83069;2;1;8.0;3.0;43.11773;6.14539;2024-10-23 07:15:00
202400053564.0;1;18;18279;1;1;1.0;4.0;47.21292;2.13066;2024-06-07 19:20:00
202400053565.0;4;75;75108;2;2;1.0;3.0;48.867235;2.301928;2024-01-01 04:04:00
202400053566.0;5;33;33039;1;1;1.0;6.0;44.8056;-0.5313;2024-12-01 00:30:00
202400053567.0;1;11;11069;2;1;2.0;6.0;43.230107;2.37558;2024-05-02 09:00:00
202400053568.0;5;6;6088;2;1;1.0;6.0;43.736631;7.3058475;2024-02-12 06:15:00
202400053569.0;2;27;27090;2;1;1.0;6.0;49.296206;0.920947;2024-09-20 18:48:00
202400053570.0;1;82;82121;1;1;1.0;7.0;44.04802;1.41758;2024-10-24 08:20:00
202400053571.0;5;13;13103;2;1;1.0;6.0;43.62826;5.11569;2024-06-09 01:40:00
202400053572.0;1;38;38185;2;3;1.0;3.0;45.18899;5.71845;2024-08-14 19:15:00
202400053573.0;1;25;25465;2;1;1.0;3.0;47.323531;6.362393;2024-07-11 14:29:00
202400053574.0;1;68;68004;1;1;1.0;2.0;47.629081;7.260525;2024-03-25 15:20:00
202400053575.0;5;75;75101;2;2;1.0;6.0;48.862003;2.350124;2024-01-01 06:50:00
202400053576.0;2;13;13103;2;1;1.0;1.0;43.63262;5.09863;2024-06-05 05:20:00
202400053577.0;3;91;91689;1;1;1.0;2.0;48.729246;2.306568;2024-12-01 19:05:00
202400053578.0;1;6;6027;2;1;1.0;3.0;43.6585;7.16151;2024-02-13 07:23:00
202400053579.0;5;25;25058;2;1;1.0;6.0;47.213173;6.002473;2024-03-26 23:45:00
202400053580.0;3;52;52050;1;1;8.0;6.0;48.103476;5.276699;2024-06-21 21:40:00
202400053581.0;1;30;30346;1;3;1.0;3.0;43.966218;4.509359;2024-09-21 10:00:00
202400053582.0;1;81;81065;2;3;1.0;2.0;43.603661;2.246761;2024-10-24 08:15:00
202400053583.0;1;10;10333;2;2;1.0;3.0;48.28665;4.05591;2024-05-01 20:27:00
202400053584.0;1;37;37208;2;6;1.0;2.0;47.36604;0.71665;2024-08-14 11:38:00
202400053585.0;5;94;94078;2;3;2.0;3.0;48.735567;2.446868;2024-01-01 20:00:00
202400053586.0;2;13;13209;1;1;1.0;7.0;43.24;5.45;2024-06-08 21:30:00
202400053587.0;1;5;5061;2;1;1.0;3.0;44.54005;6.0621;2024-02-12 11:59:00
202400053588.0;2;51;51429;1;1;2.0;7.0;49.311289;3.836439;2024-07-12 21:00:00
202400053589.0;1;29;29111;1;1;1.0;1.0;48.577012;-4.227494;2024-03-26 14:30:00
202400053590.0;3;94;94038;1;1;2.0;4.0;48.77332532;2.34537996;2024-11-30 17:43:00
202400053591.0;1;36;36044;2;1;1.0;3.0;46.80498;1.71288;2024-08-14 15:55:00
202400053592.0;1;88;88165;2;3;1.0;1.0;48.364975;6.87278;2024-09-21 15:20:00
202400053593.0;1;1;1053;2;9;1.0;6.0;46.19557;5.22286;2024-02-12 13:05:00
202400053594.0;1;13;13208;2;1;1.0;3.0;43.28108903;5.38967081;2024-06-07 16:45:00
202400053595.0;1;10;10387;2;9;1.0;3.0;48.27836;4.07198;2024-05-01 15:55:00
202400053596.0;1;88;88398;1;9;1.0;6.0;48.274239;6.790302;2024-07-09 18:19:00
202400053597.0;5;94;94078;2;3;1.0;2.0;48.751144;2.445354;2024-01-01 02:47:00
202400053598.0;1;78;78029;2;6;1.0;4.0;48.96126;1.858;2024-10-24 08:30:00
202400053599.0;5;75;75119;2;1;1.0;7.0;48.900188;2.379269;2024-02-13 20:20:00
202400053600.0;3;42;42324;1;1;2.0;7.0;45.552225;4.253415;2024-07-12 00:55:00
202400053601.0;1;36;36044;2;9;1.0;3.0;46.823;1.683;2024-08-14 13:50:00
202400053602.0;5;93;93066;1;1;1.0;2.0;48.90280246;2.35864809;2024-12-01 20:45:00
202400053603.0;1;13;13028;2;9;1.0;2.0;43.18406462;5.60965692;2024-06-07 17:00:00
202400053604.0;1;75;75120;2;3;1.0;6.0;48.850487;2.406399;2024-05-02 08:32:00
202400053605.0;1;987;98734;1;1;3.0;1.0;-17.754445;-149.529655;2024-09-20 13:15:00
202400053606.0;1;31;31361;1;2;1.0;2.0;43.346602;1.324201;2024-03-27 18:00:00
202400053607.0;5;94;94043;2;2;3.0;6.0;48.808179;2.356839;2024-01-01 21:25:00
202400053608.0;1;77;77108;2;1;7.0;3.0;48.871013;2.594695;2024-10-24 16:05:00
202400053609.0;1;75;75118;2;1;1.0;2.0;48.900926;2.358867;2024-02-13 10:45:00
202400053610.0;1;10;10387;2;9;1.0;6.0;48.2868;4.082;2024-06-03 16:09:00
202400053611.0;1;7;7324;2;1;1.0;3.0;45.07196;4.823416;2024-07-11 11:20:00
202400053612.0;1;31;31584;1;1;1.0;6.0;43.880062;1.48397;2024-03-27 09:40:00
202400053613.0;2;75;75119;2;1;2.0;6.0;48.893711;2.380558;2024-05-02 21:15:00
202400053614.0;3;93;93048;1;1;1.0;2.0;48.86544543;2.48185307;2024-12-01 18:40:00
202400053615.0;5;93;93062;2;2;1.0;6.0;48.89688;2.51529;2024-01-01 18:55:00
202400053616.0;5;35;35238;2;3;1.0;3.0;48.09864;-1.65649;2024-08-15 00:01:00
202400053617.0;1;77;77288;2;1;1.0;6.0;48.54082;2.65184;2024-10-23 08:00:00
202400053618.0;1;75;75115;2;1;1.0;2.0;48.83468;2.274681;2024-02-12 15:27:00
202400053619.0;1;58;58095;2;1;1.0;2.0;46.823947;3.452616;2024-03-25 16:40:00
202400053620.0;1;1;1301;2;6;1.0;2.0;46.248532;5.131672;2024-07-12 14:28:00
202400053621.0;3;9;9207;2;4;1.0;1.0;42.92519;1.63581;2024-06-08 00:15:00
202400053622.0;5;75;75116;2;2;1.0;2.0;48.860234;2.281056;2024-05-02 21:37:00
202400053623.0;2;95;95018;1;1;1.0;2.0;48.95623526;2.27745141;2024-12-01 07:45:00
202400053624.0;1;77;77288;2;1;1.0;6.0;48.53622;2.65816;2024-10-23 15:40:00
202400053625.0;1;14;14318;1;1;1.0;7.0;49.321318;-0.478077;2024-03-02 16:30:00
202400053626.0;1;34;34172;2;2;1.0;3.0;43.60057;3.87939;2024-08-14 12:00:00
202400053627.0;1;75;75110;2;3;1.0;3.0;48.870604;2.354969;2024-02-13 14:26:00
202400053628.0;1;69;69021;1;4;1.0;3.0;45.786619;4.581771;2024-07-11 17:00:00
202400053629.0;5;93;93077;2;1;1.0;5.0;48.87749;2.52332;2024-01-01 07:15:00
202400053630.0;1;6;6030;2;2;1.0;3.0;43.56557;7.01522;2024-06-08 19:30:00
202400053631.0;5;93;93027;1;1;1.0;2.0;48.9236742;2.38521338;2024-12-01 00:50:00
202400053632.0;1;9;9148;1;1;2.0;6.0;43.038144;1.003565;2024-03-26 18:00:00
202400053633.0;3;22;22278;1;1;1.0;7.0;48.52724;-2.72875;2024-08-15 00:10:00
202400053634.0;5;75;75109;2;5;2.0;3.0;48.880396;2.340439;2024-05-02 01:20:00
202400053635.0;5;75;75118;2;1;2.0;6.0;48.889643;2.348342;2024-02-11 03:30:00
202400053636.0;1;69;69287;2;1;8.0;3.0;45.700325;5.029614;2024-07-11 18:25:00
202400053637.0;3;94;94028;1;1;1.0;2.0;48.77757639;2.43975186;2024-12-01 01:20:00
202400053638.0;5;92;92050;2;6;2.0;3.0;48.88734769;2.20019951;2024-01-01 21:20:00
202400053639.0;5;75;75120;2;1;1.0;6.0;48.85244;2.41446;2024-06-08 01:35:00
202400053640.0;1;14;14167;2;1;1.0;6.0;49.2;-0.30162;2024-08-04 19:20:00
202400053641.0;1;75;75108;2;3;2.0;6.0;48.88089;2.321075;2024-05-02 17:30:00
202400053642.0;1;77;77058;2;9;1.0;5.0;48.84060663;2.71058056;2024-10-23 08:33:00
202400053643.0;5;75;75120;2;2;2.0;3.0;48.873912;2.385295;2024-02-13 20:05:00
202400053644.0;3;55;55072;1;1;2.0;7.0;49.16442702;5.63290781;2024-07-13 02:20:00
202400053645.0;1;69;69204;2;1;1.0;2.0;45.695592;4.817194;2024-07-10 19:55:00
202400053646.0;2;21;21399;1;2;3.0;3.0;47.214875;4.561654;2024-03-26 17:10:00
202400053647.0;1;75;75117;2;1;1.0;2.0;48.881911;2.282727;2024-06-07 19:30:00
202400053648.0;3;79;79049;1;1;1.0;7.0;46.818226;-0.492647;2024-07-11 22:25:00
202400053649.0;1;43;43041;1;1;2.0;6.0;45.0549;3.90879;2024-09-26 18:00:00
202400053650.0;2;76;76005;2;1;1.0;1.0;49.40122;1.12502;2024-10-24 08:00:00
202400053651.0;3;92;92040;2;1;2.0;4.0;48.82730219;2.27811956;2024-01-01 20:25:00
202400053652.0;1;40;40131;1;1;1.0;3.0;43.964465;-0.179214;2024-03-27 16:40:00
202400053653.0;1;13;13210;2;2;1.0;2.0;43.27936;5.3993;2024-08-14 19:46:00
202400053654.0;2;75;75115;2;4;1.0;3.0;48.83968;2.314682;2024-02-13 17:12:00
202400053655.0;1;75;75108;2;5;1.0;2.0;48.876381;2.307867;2024-05-02 15:00:00
202400053656.0;1;43;43153;1;1;1.0;6.0;45.333216;4.248563;2024-09-10 17:45:00
202400053657.0;1;76;76351;2;1;1.0;1.0;49.50223;0.18565;2024-10-23 17:45:00
202400053658.0;1;33;33234;1;6;9.0;3.0;44.785052;-0.506052;2024-07-09 15:56:00
202400053659.0;1;75;75112;2;1;1.0;2.0;48.8393895;2.37509608;2024-06-07 13:03:00
202400053660.0;2;40;40320;1;1;1.0;6.0;43.945403;-0.52474;2024-03-26 20:10:00
202400053661.0;1;13;13214;2;9;1.0;3.0;43.33588;5.39855;2024-08-14 13:40:00
202400053662.0;1;81;81145;1;2;1.0;3.0;43.909171;1.748092;2024-01-02 13:30:00
202400053663.0;2;75;75111;2;3;2.0;6.0;48.862026;2.37293;2024-02-13 19:05:00
202400053664.0;1;43;43111;1;1;3.0;7.0;44.845038;3.855343;2024-09-08 16:55:00
202400053665.0;1;75;75107;2;2;2.0;3.0;48.861049;2.313246;2024-05-02 16:10:00
202400053666.0;1;72;72181;2;2;1.0;3.0;47.98621;0.20884;2024-10-24 16:05:00
202400053667.0;1;75;75120;2;1;1.0;2.0;48.859012;2.41435;2024-06-07 06:45:00
202400053668.0;1;13;13214;1;1;1.0;2.0;43.32281;5.3782;2024-07-11 13:55:00
202400053669.0;1;21;21473;1;1;1.0;2.0;47.265101;5.063893;2024-09-21 16:30:00
202400053670.0;2;28;28116;2;6;1.0;3.0;48.445881;1.23154;2024-03-19 18:20:00
202400053671.0;1;43;43205;1;1;2.0;1.0;45.35246191;4.317198;2024-09-04 17:00:00
202400053672.0;5;2A;2A272;2;1;1.0;3.0;41.618266;8.962054;2024-01-02 18:00:00
202400053673.0;1;75;75110;2;2;8.0;6.0;48.868871;2.367635;2024-02-13 16:15:00
202400053674.0;1;94;94041;2;1;1.0;2.0;48.82058488;2.37948704;2024-05-02 14:50:00
202400053675.0;1;67;67482;2;1;8.0;6.0;48.572161;7.724434;2024-10-22 13:15:00
202400053676.0;5;28;28088;2;1;2.0;6.0;48.068946;1.316246;2024-07-26 22:55:00
202400053677.0;1;13;13070;1;1;1.0;6.0;43.2844;5.51917;2024-07-11 11:00:00
202400053678.0;1;13;13216;2;6;1.0;3.0;43.35147;5.33994;2024-08-14 09:26:00
202400053679.0;3;51;51224;1;1;1.0;7.0;48.69334;4.70468;2024-01-01 04:10:00
202400053680.0;5;75;75109;2;3;2.0;7.0;48.872633;2.335237;2024-02-13 19:10:00
202400053681.0;1;3;3243;1;1;1.0;6.0;46.320086;2.985938;2024-03-27 09:10:00
202400053682.0;1;77;77153;1;1;1.0;2.0;49.053713;2.698864;2024-03-01 18:15:00
202400053683.0;1;94;94073;2;1;1.0;6.0;48.76002;2.39822;2024-05-02 08:20:00
202400053684.0;5;75;75106;2;2;1.0;3.0;48.851381;2.34316;2024-06-07 23:05:00
202400053685.0;5;13;13204;2;1;1.0;3.0;43.31101;5.40366;2024-08-14 04:00:00
202400053686.0;1;91;91339;1;1;1.0;2.0;48.62238;2.27235;2024-07-11 14:50:00
202400053687.0;1;38;38140;1;1;2.0;2.0;45.267615;5.896461;2024-03-27 09:20:00
202400053688.0;5;64;64445;2;1;1.0;6.0;43.29632;-0.35935;2024-10-24 19:05:00
202400053689.0;1;75;75109;2;2;1.0;6.0;48.873636;2.335343;2024-02-13 08:50:00
202400053690.0;1;1;1434;1;1;1.0;1.0;45.975049;5.126298;2024-01-01 12:45:00
202400053691.0;5;94;94003;2;3;2.0;6.0;48.80243159;2.34385264;2024-05-01 23:52:00
202400053692.0;1;28;28024;1;1;1.0;4.0;48.408921;1.460409;2024-07-22 16:07:00
202400053693.0;3;78;78246;1;1;8.0;1.0;49.028254;1.746504;2024-09-20 21:50:00
202400053694.0;3;94;94037;1;1;1.0;6.0;48.813814;2.33598964;2024-07-11 01:43:00
202400053695.0;1;75;75118;2;7;1.0;3.0;48.895664;2.346276;2024-06-07 15:45:00
202400053696.0;1;13;13207;2;1;1.0;3.0;43.29103;5.3708;2024-08-13 19:40:00
202400053697.0;5;94;94033;2;1;8.0;6.0;48.85251;2.48406;2024-05-02 05:00:00
202400053698.0;1;64;64129;2;9;1.0;6.0;43.30595;-0.39598;2024-10-24 15:45:00
202400053699.0;1;75;75107;2;2;1.0;3.0;48.855015;2.324564;2024-02-13 11:00:00
202400053700.0;3;34;34032;1;1;1.0;2.0;43.358974;3.267024;2024-01-01 21:17:00
202400053701.0;1;84;84003;2;3;1.0;3.0;43.873744;5.397329;2024-03-27 18:20:00
202400053702.0;5;75;75117;2;1;1.0;7.0;48.884261;2.295575;2024-06-08 01:50:00
202400053703.0;1;28;28348;1;3;1.0;3.0;48.730875;1.177007;2024-07-20 18:15:00
202400053704.0;1;75;75104;2;3;1.0;7.0;48.861197;2.353466;2024-02-13 12:15:00
202400053705.0;3;8;8058;1;1;2.0;7.0;49.76584981;4.64143395;2024-03-27 00:50:00
202400053706.0;1;38;38468;1;1;1.0;3.0;45.346984;4.803134;2024-09-20 18:45:00
202400053707.0;1;12;12176;1;1;1.0;1.0;44.37274703;2.61712968;2024-08-08 18:55:00
202400053708.0;1;95;95277;1;1;1.0;2.0;48.9670426;2.47751498;2024-07-11 17:55:00
202400053709.0;1;94;94004;2;2;2.0;6.0;48.747043;2.510011;2024-05-02 18:45:00
202400053710.0;1;38;38301;1;2;1.0;7.0;44.797292;5.635681;2024-01-01 12:25:00
202400053711.0;1;75;75115;2;1;1.0;6.0;48.82786;2.298882;2024-06-07 18:30:00
202400053712.0;1;28;28006;1;6;1.0;2.0;48.436604;1.388869;2024-07-16 11:40:00
202400053713.0;3;63;63224;1;1;1.0;2.0;45.85408;3.11546;2024-10-23 18:40:00
202400053714.0;1;3;3243;1;1;8.0;1.0;46.340047;2.992648;2024-03-27 07:30:00
202400053715.0;1;11;11262;2;1;1.0;6.0;43.18474;2.99974;2024-08-14 10:00:00
202400053716.0;3;89;89027;1;1;8.0;6.0;48.235207;3.589992;2024-01-01 02:00:00
202400053717.0;1;75;75104;2;3;1.0;1.0;48.85771083;2.34777859;2024-02-13 09:30:00
202400053718.0;1;44;44201;1;1;1.0;3.0;47.340669;-1.558908;2024-09-18 18:30:00
202400053719.0;1;93;93010;1;1;1.0;2.0;48.90994621;2.47483948;2024-07-11 17:00:00
202400053720.0;1;94;94002;2;2;3.0;6.0;48.80017;2.42257;2024-05-02 16:50:00
202400053721.0;1;28;28164;1;1;1.0;3.0;48.267027;1.853342;2024-07-15 15:30:00
202400053722.0;1;75;75114;2;3;1.0;3.0;48.826551;2.310814;2024-06-08 15:00:00
202400053723.0;1;63;63113;2;2;1.0;6.0;45.76683;3.10717;2024-10-24 08:05:00
202400053724.0;2;42;42272;2;1;1.0;6.0;45.365253;4.730711;2024-03-24 19:45:00
202400053725.0;5;6;6069;2;1;2.0;1.0;43.6529641;6.92953;2024-08-14 22:30:00
202400053726.0;1;94;94042;2;2;1.0;1.0;48.820152;2.47441;2024-02-10 16:25:00
202400053727.0;1;93;93008;1;1;1.0;2.0;48.90934045;2.44700611;2024-07-11 17:30:00
202400053728.0;1;56;56193;1;6;6.0;3.0;47.739915;-3.302658;2024-01-01 10:25:00
202400053729.0;2;44;44026;1;3;1.0;3.0;47.313633;-1.43761;2024-09-19 18:15:00
202400053730.0;1;28;28322;2;1;1.0;1.0;48.715105;0.975302;2024-07-14 20:00:00
202400053731.0;2;93;93064;2;3;1.0;7.0;48.87299023;2.48066461;2024-05-02 05:30:00
202400053732.0;1;6;6030;2;1;1.0;3.0;43.569518;7.010676;2024-08-13 15:45:00
202400053733.0;3;62;62239;2;9;8.0;6.0;50.93246635;1.85595989;2024-10-23 07:50:00
202400053734.0;3;75;75107;2;2;1.0;6.0;48.862858;2.31519;2024-06-08 02:20:00
202400053735.0;5;94;94041;2;3;2.0;6.0;48.815966;2.367923;2024-02-13 20:20:00
202400053736.0;1;93;93027;1;1;1.0;7.0;48.92796013;2.41109133;2024-07-11 14:30:00
202400053737.0;1;62;62457;2;1;1.0;7.0;50.45490418;2.54752206;2024-10-23 17:15:00
202400053738.0;1;77;77032;2;1;3.0;6.0;48.701455;3.251331;2024-01-02 11:26:00
202400053739.0;1;75;75120;2;1;1.0;1.0;48.851398;2.410883;2024-08-14 18:15:00
202400053740.0;2;28;28140;2;6;8.0;6.0;48.603886;1.672497;2024-06-16 21:20:00
202400053741.0;1;95;95252;1;1;1.0;7.0;48.98332355;2.21853144;2024-07-11 11:10:00
202400053742.0;1;75;75110;2;1;1.0;1.0;48.883311;2.364022;2024-06-08 20:30:00
202400053743.0;3;93;93046;1;1;2.0;1.0;48.91739;2.555414;2024-05-02 22:00:00
202400053744.0;1;94;94017;2;3;1.0;2.0;48.81775745;2.50736433;2024-02-12 13:50:00
202400053745.0;3;76;76276;2;1;1.0;1.0;49.617572;1.537562;2024-09-20 23:40:00
202400053746.0;1;38;38176;2;1;1.0;1.0;45.640361;5.195348;2024-03-25 15:09:00
202400053747.0;1;62;62847;1;6;1.0;6.0;50.5119;2.66027;2024-10-23 10:50:00
202400053748.0;3;76;76521;1;1;2.0;6.0;49.514684;1.396133;2024-01-01 19:15:00
202400053749.0;1;28;28173;2;1;1.0;7.0;48.471307;1.534857;2024-06-08 17:49:00
202400053750.0;1;75;75110;2;4;1.0;6.0;48.882479;2.369136;2024-06-07 17:50:00
202400053751.0;1;75;75112;2;2;1.0;3.0;48.838566;2.393213;2024-08-14 11:45:00
202400053752.0;3;93;93048;1;1;1.0;2.0;48.86456714;2.48230399;2024-07-11 00:40:00
202400053753.0;2;59;59392;2;1;1.0;6.0;50.284099;3.968073;2024-10-24 07:50:00
202400053754.0;1;80;80421;1;1;1.0;2.0;49.773248;2.797834;2024-09-21 14:00:00
202400053755.0;5;32;32426;2;1;1.0;7.0;43.497418;0.594351;2024-01-01 20:50:00
202400053756.0;5;93;93070;2;2;9.0;3.0;48.90713;2.32631;2024-02-12 19:35:00
202400053757.0;1;38;38357;2;1;1.0;1.0;45.543964;5.541669;2024-03-26 12:25:00
202400053758.0;1;93;93046;2;2;2.0;6.0;48.90542;2.52047;2024-05-02 17:22:00
202400053759.0;1;28;28121;1;1;1.0;2.0;48.11862;1.85096;2024-07-15 18:10:00
202400053760.0;1;75;75108;2;3;1.0;6.0;48.864888;2.307935;2024-08-14 18:40:00
202400053761.0;1;75;75107;2;1;1.0;1.0;48.858825;2.292757;2024-06-08 15:15:00
202400053762.0;3;93;93064;2;1;1.0;1.0;48.87846;2.4758;2024-02-13 00:30:00
202400053763.0;2;93;93063;1;1;1.0;3.0;48.87538633;2.44065834;2024-05-29 19:45:00
202400053764.0;1;972;97209;2;1;1.0;6.0;14.60522;-61.06322;2024-11-27 09:50:00
202400053765.0;3;89;89139;1;1;1.0;7.0;47.703159;3.426345;2024-01-01 05:40:00
202400053766.0;1;93;93048;2;2;1.0;3.0;48.85566;2.43955;2024-02-13 08:24:00
202400053767.0;1;93;93027;2;3;2.0;2.0;48.92446433;2.38438225;2024-05-02 17:10:00
202400053768.0;1;46;46102;1;1;1.0;1.0;44.59561504;2.03865103;2024-03-22 15:00:00
202400053769.0;1;53;53130;2;2;1.0;6.0;48.06987;-0.74964;2024-10-24 16:15:00
202400053770.0;1;94;94068;2;1;1.0;6.0;48.79649;2.50646;2024-08-14 11:40:00
202400053771.0;1;13;13001;1;1;8.0;5.0;43.52271;5.42693;2024-09-17 16:15:00
202400053772.0;1;75;75101;2;3;1.0;3.0;48.86374;2.332201;2024-06-08 20:30:00
202400053773.0;1;44;44143;2;1;8.0;2.0;47.15503904;-1.53720299;2024-07-02 15:20:00
202400053774.0;3;974;97407;1;1;1.0;6.0;-20.95546;55.29405;2024-11-30 21:04:00
202400053775.0;2;63;63081;1;1;1.0;6.0;45.52527803;3.69984314;2024-01-01 17:10:00
202400053776.0;1;94;94068;2;1;1.0;7.0;48.79973;2.470435;2024-08-12 19:15:00
202400053777.0;1;93;93032;2;5;1.0;3.0;48.8989;2.5464;2024-02-12 15:50:00
202400053778.0;5;72;72264;2;6;1.0;3.0;47.834412;-0.319572;2024-03-27 04:32:00
202400053779.0;3;13;13005;1;9;1.0;6.0;43.28923;5.55049;2024-09-20 00:03:00
202400053780.0;1;973;97302;2;1;1.0;7.0;4.93804;-52.32933;2024-11-30 14:34:00
202400053781.0;5;75;75104;2;1;1.0;6.0;48.850892;2.361137;2024-06-08 00:15:00
202400053782.0;1;52;52121;2;2;1.0;3.0;48.10301;5.13317;2024-10-15 14:15:00
202400053783.0;1;93;93008;2;3;1.0;3.0;48.906228;2.422967;2024-05-02 10:10:00
202400053784.0;5;44;44190;2;6;8.0;3.0;47.20870552;-1.48948491;2024-06-18 20:50:00
202400053785.0;1;92;92062;2;1;8.0;3.0;48.87990248;2.23976666;2024-02-13 09:25:00
202400053786.0;1;49;49050;2;4;2.0;1.0;47.348128;-0.443825;2024-01-01 13:00:00
202400053787.0;5;94;94022;2;9;1.0;3.0;48.76889;2.42066;2024-08-13 23:30:00
202400053788.0;5;973;97302;2;1;1.0;3.0;4.9301;-52.3;2024-11-29 22:23:00
202400053789.0;1;59;59462;1;1;1.0;2.0;50.50627;3.02118;2024-09-20 12:35:00
202400053790.0;1;94;94081;2;3;1.0;3.0;48.784333;2.392773;2024-06-08 14:25:00
202400053791.0;1;47;47323;1;9;1.0;3.0;44.39004;0.7176;2024-10-24 11:40:00
202400053792.0;1;92;92051;2;9;1.0;6.0;48.88401896;2.27085364;2024-02-08 17:00:00
202400053793.0;1;974;97407;1;9;1.0;3.0;-20.95243;55.29514;2024-07-09 07:50:00
202400053794.0;1;93;93005;2;2;1.0;3.0;48.952802;2.499046;2024-05-01 20:00:00
202400053795.0;1;972;97213;2;1;1.0;6.0;14.63821;-60.97615;2024-11-30 13:10:00
202400053796.0;1;94;94069;2;2;1.0;6.0;48.82218713;2.42191458;2024-08-14 14:40:00
202400053797.0;3;25;25381;1;1;2.0;7.0;47.28118;5.957996;2024-01-01 04:30:00
202400053798.0;1;47;47027;1;1;7.0;2.0;44.40276;0.66647;2024-10-23 17:30:00
202400053799.0;1;94;94078;2;3;1.0;6.0;48.72486;2.44545;2024-06-08 17:20:00
202400053800.0;1;13;13071;1;1;2.0;2.0;43.41269032;5.2816386;2024-03-26 16:00:00
202400053801.0;1;91;91645;1;1;1.0;4.0;48.75982;2.26089;2024-09-20 16:00:00
202400053802.0;1;973;97302;2;1;1.0;3.0;4.93025902;-52.32603228;2024-07-10 16:05:00