Num_Acc;lum;departement;commune;agglomeration;intersection;meteo;type_collision;lat;long;date
202400053803.0;5;92;92062;2;3;2.0;3.0;48.87707035;2.24118635;2024-02-13 19:50:00
202400053804.0;1;69;69202;2;1;1.0;6.0;45.73961;4.80643;2024-11-30 14:00:00
202400053805.0;1;93;93001;2;2;1.0;3.0;48.903593;2.391793;2024-05-02 13:35:00
202400053806.0;1;94;94017;2;1;1.0;2.0;48.82695;2.50734;2024-08-14 15:30:00
202400053807.0;5;94;94081;2;1;1.0;3.0;48.79533;2.41806;2024-06-08 03:10:00
202400053808.0;1;44;44109;2;9;1.0;3.0;47.22558;-1.54036;2024-10-23 18:30:00
202400053809.0;1;69;69385;2;1;2.0;7.0;45.75941;4.82418;2024-07-10 18:20:00
202400053810.0;1;13;13055;1;1;1.0;5.0;43.29057;5.42672;2024-03-25 09:00:00
202400053811.0;1;971;97101;2;1;1.0;6.0;16.22442;-61.52564;2024-11-30 12:09:00
202400053812.0;1;92;92062;2;1;3.0;6.0;48.88742036;2.22737968;2024-05-02 16:10:00
202400053813.0;1;44;44098;1;1;2.0;1.0;47.480458;-2.170473;2024-01-01 13:55:00
202400053814.0;1;92;92051;1;1;1.0;4.0;48.8857803;2.2575639;2024-09-19 17:10:00
202400053815.0;5;92;92026;2;3;2.0;3.0;48.89012856;2.25625902;2024-02-13 19:35:00
202400053816.0;1;93;93066;2;3;1.0;3.0;48.94305337;2.38217377;2024-08-14 19:24:00
202400053817.0;1;971;97101;1;1;1.0;7.0;16.25392;-61.53966;2024-11-29 17:20:00
202400053818.0;5;41;41269;2;9;1.0;3.0;47.79048;1.06375;2024-10-24 08:05:00
202400053819.0;1;2A;2A004;2;1;1.0;3.0;41.95262;8.78455;2024-07-10 12:25:00
202400053820.0;1;44;44115;1;1;1.0;6.0;47.36406;-1.228602;2024-01-01 11:25:00
202400053821.0;1;75;75117;2;3;2.0;2.0;48.89665157;2.30953646;2024-05-02 19:15:00
202400053822.0;1;83;83144;1;1;2.0;2.0;43.1392422;5.9973456;2024-03-26 09:30:00
202400053823.0;1;94;94079;2;1;1.0;5.0;48.82257;2.55174;2024-06-08 18:00:00
202400053824.0;1;93;93053;2;1;1.0;6.0;48.88691;2.46929;2024-08-14 16:00:00
202400053825.0;1;93;93008;1;1;1.0;3.0;48.91150494;2.4403377;2024-09-20 16:40:00
202400053826.0;5;92;92012;2;2;2.0;3.0;48.83902172;2.23202688;2024-02-13 20:38:00
202400053827.0;1;2A;2A004;1;1;1.0;4.0;41.94153;8.80774;2024-11-29 15:30:00
202400053828.0;1;95;95018;2;2;1.0;6.0;48.94425429;2.25096987;2024-07-10 10:00:00
202400053829.0;3;41;41018;2;3;1.0;3.0;47.59816;1.31131;2024-10-24 01:47:00
202400053830.0;5;93;93072;2;1;1.0;7.0;48.945318;2.386645;2024-06-08 00:26:00
202400053831.0;1;92;92012;2;2;2.0;6.0;48.8433448;2.23661649;2024-05-02 17:20:00
202400053832.0;3;38;38354;1;1;1.0;2.0;45.511219;5.696036;2024-01-01 19:15:00
202400053833.0;1;69;69278;1;1;2.0;2.0;45.90904;4.84244;2024-03-26 16:35:00
202400053834.0;5;33;33040;2;9;1.0;7.0;44.65125;-0.320401;2024-02-13 21:15:00
202400053835.0;1;93;93046;2;3;1.0;3.0;48.91523;2.52847;2024-08-14 14:55:00
202400053836.0;1;95;95607;2;1;1.0;2.0;49.01762218;2.22671635;2024-11-30 10:50:00
202400053837.0;1;95;95500;1;1;1.0;4.0;49.03653414;2.09411837;2024-09-20 09:05:00
202400053838.0;3;91;91228;2;1;1.0;2.0;48.62323;2.44763;2024-07-10 23:55:00
202400053839.0;1;67;67137;1;1;1.0;6.0;48.50517;7.69504;2024-03-25 17:00:00
202400053840.0;1;93;93070;2;3;1.0;3.0;48.914319;2.336657;2024-06-08 11:10:00
202400053841.0;5;38;38151;2;1;1.0;1.0;45.15643;5.7128;2024-10-25 00:10:00
202400053842.0;1;30;30295;1;1;1.0;7.0;44.070521;4.446201;2024-02-13 11:00:00
202400053843.0;1;87;87085;1;1;1.0;6.0;45.88032;1.1739;2024-07-09 15:16:00
202400053844.0;1;92;92012;2;6;1.0;3.0;48.83350323;2.24338514;2024-05-02 14:03:00
202400053845.0;3;93;93064;1;1;1.0;6.0;48.86737315;2.48181211;2024-09-19 21:30:00
202400053846.0;1;58;58305;2;1;2.0;3.0;47.228987;3.826064;2024-01-02 09:00:00
202400053847.0;5;93;93029;2;3;1.0;3.0;48.91885;2.44935;2024-08-14 00:08:00
202400053848.0;5;91;91201;2;5;1.0;3.0;48.6939;2.4136;2024-11-30 22:05:00
202400053849.0;1;93;93066;2;1;1.0;6.0;48.94453762;2.35860586;2024-06-08 13:30:00
202400053850.0;3;83;83056;2;1;1.0;6.0;43.56531196;6.51370972;2024-01-01 00:50:00
202400053851.0;5;37;37261;2;2;1.0;3.0;47.38467;0.66807;2024-10-24 20:55:00
202400053852.0;1;92;92002;2;3;8.0;3.0;48.74732357;2.29923892;2024-05-02 08:40:00
202400053853.0;3;19;19059;1;3;1.0;5.0;45.362986;1.335257;2024-02-13 19:45:00
202400053854.0;1;87;87085;2;3;1.0;3.0;45.83856;1.24775;2024-07-06 17:32:00
202400053855.0;1;91;91228;1;9;2.0;4.0;48.623;2.4221;2024-03-26 09:30:00
202400053856.0;1;93;93053;2;6;1.0;3.0;48.8847;2.4647;2024-06-08 17:30:00
202400053857.0;5;91;91027;2;1;1.0;2.0;48.6981;2.3739;2024-11-30 07:20:00
202400053858.0;3;92;92078;1;1;1.0;4.0;48.92990824;2.32700212;2024-09-19 19:40:00
202400053859.0;1;93;93007;2;2;1.0;3.0;48.93882;2.46789;2024-08-14 16:15:00
202400053860.0;1;45;45337;1;1;6.0;1.0;48.027992;1.554995;2024-01-02 13:30:00
202400053861.0;1;2A;2A271;2;1;1.0;3.0;41.951049;8.807945;2024-02-07 15:55:00
202400053862.0;1;91;91363;1;1;2.0;3.0;48.6616;2.1872;2024-03-26 09:23:00
202400053863.0;1;93;93066;1;1;1.0;7.0;48.92795641;2.35752115;2024-09-19 12:00:00
202400053864.0;2;35;35238;2;2;1.0;3.0;48.09298;-1.64756;2024-10-24 08:05:00
202400053865.0;3;91;91433;1;1;5.0;1.0;48.46003;2.17004;2024-12-01 00:15:00
202400053866.0;1;92;92002;2;3;1.0;6.0;48.74880174;2.30402148;2024-05-01 14:20:00
202400053867.0;1;93;93046;2;3;1.0;3.0;48.91247;2.52258;2024-06-08 10:40:00
202400053868.0;1;17;17008;1;1;8.0;1.0;46.269762;-1.004648;2024-01-01 10:15:00
202400053869.0;3;84;84007;2;4;1.0;4.0;43.958935;4.837024;2024-07-10 00:20:00
202400053870.0;3;11;11120;1;1;2.0;6.0;43.052779;2.177149;2024-02-11 06:25:00
202400053871.0;1;91;91692;1;1;2.0;3.0;48.689;2.1912;2024-03-26 07:30:00
202400053872.0;1;93;93001;2;5;1.0;3.0;48.908641;2.37787;2024-08-14 16:08:00
202400053873.0;1;22;22372;1;1;2.0;7.0;48.522091;-2.839193;2024-05-03 14:20:00
202400053874.0;1;93;93027;1;1;1.0;2.0;48.93720852;2.40978107;2024-09-19 15:50:00
202400053875.0;1;987;98752;2;1;1.0;6.0;-17.72222303;-149.40612316;2024-01-01 11:00:00
202400053876.0;1;93;93046;2;5;1.0;2.0;48.91128;2.51688;2024-06-08 09:00:00
202400053877.0;3;33;33069;2;6;1.0;3.0;44.86858;-0.59714;2024-10-24 20:30:00
202400053878.0;1;49;49041;1;1;1.0;3.0;47.283651;0.074697;2024-02-14 13:17:00
202400053879.0;5;83;83129;2;1;1.0;3.0;43.10751;5.81975;2024-07-10 01:00:00
202400053880.0;1;91;91477;1;1;3.0;2.0;48.71271;2.25299;2024-03-26 09:40:00
202400053881.0;2;987;98733;2;1;1.0;6.0;-17.69610303;-149.58357811;2024-01-01 04:54:00
202400053882.0;3;40;40065;2;1;3.0;7.0;43.655084;-1.43768;2024-05-01 02:10:00
202400053883.0;1;95;95018;2;1;1.0;3.0;48.9585871;2.27405291;2024-09-19 10:00:00
202400053884.0;1;92;92051;2;1;1.0;2.0;48.8831109;2.27334648;2024-08-14 16:34:00
202400053885.0;1;12;12221;1;1;1.0;7.0;44.554741;2.55209;2024-02-14 16:45:00
202400053886.0;5;93;93032;2;1;1.0;6.0;48.88206;2.53804;2024-06-08 04:30:00
202400053887.0;1;91;91286;1;1;2.0;7.0;48.64926;2.38537;2024-03-26 09:20:00
202400053888.0;5;83;83137;2;1;1.0;5.0;43.12548;5.92951;2024-11-30 19:20:00
202400053889.0;1;81;81065;2;3;1.0;3.0;43.59582;2.22558;2024-07-10 19:00:00
202400053890.0;5;33;33281;2;1;1.0;6.0;44.82941;-0.65743;2024-10-24 20:00:00
202400053891.0;4;973;97311;2;1;1.0;1.0;5.493563;-54.014524;2024-01-01 19:30:00
202400053892.0;1;68;68266;1;1;1.0;6.0;47.900161;7.333803;2024-02-14 07:50:00
202400053893.0;1;93;93027;1;1;1.0;3.0;48.92458528;2.38937632;2024-09-19 08:50:00
202400053894.0;1;31;31446;2;1;8.0;3.0;43.540974;1.480397;2024-04-24 09:25:00
202400053895.0;3;81;81065;2;1;5.0;6.0;43.611162;2.264916;2024-11-30 03:25:00
202400053896.0;1;93;93031;2;3;1.0;6.0;48.953919;2.310926;2024-06-08 18:45:00
202400053897.0;2;92;92024;2;2;1.0;3.0;48.89748297;2.3104586;2024-08-14 06:30:00
202400053898.0;1;92;92047;1;1;2.0;2.0;48.83412827;2.16775857;2024-03-26 11:57:00
202400053899.0;1;33;33199;2;1;2.0;6.0;44.618651;-1.073248;2024-01-02 15:30:00
202400053900.0;1;33;33522;2;1;1.0;6.0;44.80412;-0.60054;2024-10-24 18:59:00
202400053901.0;3;94;94079;1;1;1.0;6.0;48.83472567;2.53708778;2024-09-20 22:30:00
202400053902.0;1;76;76010;1;1;8.0;7.0;49.653849;0.951369;2024-05-02 07:25:00
202400053903.0;1;3;3158;1;3;1.0;3.0;46.481183;2.676485;2024-02-14 16:50:00
202400053904.0;1;93;93079;2;9;1.0;6.0;48.94821463;2.3443687;2024-06-08 09:45:00
202400053905.0;1;93;93027;1;1;2.0;6.0;48.92648671;2.40257539;2024-03-26 16:40:00
202400053906.0;1;95;95651;2;9;1.0;6.0;49.07350179;1.70454826;2024-01-01 09:00:00
202400053907.0;5;92;92071;2;9;1.0;3.0;48.77321965;2.31276119;2024-08-14 00:01:00
202400053908.0;2;81;81065;2;3;1.0;3.0;43.61543;2.23505;2024-11-29 16:40:00
202400053909.0;1;31;31555;2;1;1.0;2.0;43.62074154;1.41820113;2024-10-24 15:56:00
202400053910.0;3;94;94042;1;1;1.0;5.0;48.82854107;2.47576095;2024-09-20 20:06:00
202400053911.0;1;1;1103;1;1;2.0;5.0;46.279577;6.059834;2024-05-02 16:45:00
202400053912.0;1;93;93008;1;1;2.0;3.0;48.91191856;2.439171;2024-03-26 07:40:00
202400053913.0;3;3;3158;1;1;1.0;1.0;46.506073;2.671351;2024-01-26 06:00:00
202400053914.0;3;13;13099;1;1;1.0;1.0;43.691553;5.724929;2024-01-02 06:39:00
202400053915.0;1;92;92012;2;2;1.0;2.0;48.83920967;2.24555495;2024-08-14 12:45:00
202400053916.0;1;93;93005;2;2;1.0;3.0;48.919025;2.480604;2024-06-08 10:00:00
202400053917.0;5;80;80131;2;1;1.0;1.0;49.8454;2.38856;2024-11-30 21:25:00
202400053918.0;1;27;27681;2;1;1.0;3.0;49.09474;1.46724;2024-10-24 15:30:00
202400053919.0;2;86;86268;1;1;1.0;6.0;46.516425;0.590494;2024-05-02 20:30:00
202400053920.0;2;77;77058;1;1;1.0;1.0;48.83148;2.69387;2024-07-10 06:10:00
202400053921.0;1;15;15212;1;1;7.0;6.0;44.653681;2.253345;2024-02-14 14:45:00
202400053922.0;1;93;93064;1;1;2.0;2.0;48.86167691;2.48339869;2024-09-20 18:20:00
202400053923.0;5;92;92004;2;1;1.0;6.0;48.90780671;2.28615403;2024-08-14 03:30:00
202400053924.0;1;93;93001;2;1;1.0;6.0;48.91147691;2.3844116;2024-06-08 09:40:00
202400053925.0;3;68;68342;1;3;2.0;6.0;47.826561;7.192343;2024-01-01 00:55:00
202400053926.0;1;77;77186;1;6;1.0;7.0;48.363286;2.692021;2024-11-30 07:55:00
202400053927.0;1;77;77005;2;1;1.0;7.0;48.90752;2.7046;2024-07-10 08:50:00
202400053928.0;1;93;93010;1;1;1.0;4.0;48.90114097;2.46992334;2024-03-25 11:43:00
202400053929.0;1;77;77294;1;1;1.0;3.0;48.97032949;2.59735855;2024-09-20 16:10:00
202400053930.0;1;92;92072;1;1;1.0;7.0;48.82617063;2.20112557;2024-06-08 15:30:00
202400053931.0;1;25;25462;1;6;1.0;2.0;46.91047;6.33164;2024-10-24 09:23:00
202400053932.0;3;38;38083;1;1;1.0;7.0;45.791332;5.361189;2024-01-01 01:50:00
202400053933.0;1;21;21298;1;1;2.0;2.0;47.319174;4.4927;2024-05-02 13:17:00
202400053934.0;3;72;72316;1;1;2.0;6.0;48.325384;0.388893;2024-02-14 00:30:00
202400053935.0;1;95;95277;1;1;1.0;7.0;48.97035964;2.48216298;2024-03-25 16:00:00
202400053936.0;1;14;14724;1;3;1.0;3.0;49.254722;-0.151137;2024-08-11 14:40:00
202400053937.0;5;77;77014;2;1;1.0;7.0;48.42336451;2.73884341;2024-11-29 17:00:00
202400053938.0;1;92;92047;2;1;1.0;7.0;48.83192802;2.18095565;2024-06-08 16:00:00
202400053939.0;1;76;76351;2;3;1.0;3.0;49.49774;0.10887;2024-07-09 18:00:00
202400053940.0;5;22;22278;2;9;1.0;6.0;48.5111;-2.759;2024-10-25 00:25:00
202400053941.0;1;14;14342;1;1;8.0;6.0;49.311516;-1.099196;2024-02-14 10:19:00
202400053942.0;1;77;77363;1;1;1.0;2.0;48.90992;2.63684;2024-09-20 15:10:00
202400053943.0;1;92;92036;1;1;1.0;3.0;48.93788866;2.29766722;2024-03-25 10:50:00
202400053944.0;3;62;62837;1;1;1.0;6.0;50.651508;2.047899;2024-08-10 00:10:00
202400053945.0;1;72;72181;2;1;1.0;3.0;48.01097;0.19907;2024-11-30 09:45:00
202400053946.0;1;30;30117;1;1;1.0;1.0;43.706612;4.558877;2024-05-03 18:53:00
202400053947.0;1;81;81294;1;1;1.0;1.0;43.8382895;1.9377244;2024-01-02 15:20:00
202400053948.0;1;92;92051;2;1;1.0;3.0;48.8849379;2.27081484;2024-05-03 20:15:00
202400053949.0;1;17;17415;2;1;1.0;2.0;45.7318;-0.64562;2024-10-24 17:20:00
202400053950.0;1;19;19140;1;1;2.0;6.0;45.09254365;1.89866585;2024-05-03 17:20:00
202400053951.0;1;93;93010;1;1;1.0;3.0;48.91957855;2.47890968;2024-03-25 09:00:00
202400053952.0;1;50;50550;2;1;1.0;2.0;49.127228;-1.44022;2024-02-10 15:15:00
202400053953.0;1;72;72181;2;1;1.0;4.0;48.0101;0.20173;2024-07-09 18:14:00
202400053954.0;1;77;77372;1;1;1.0;2.0;48.89155425;2.66719667;2024-09-20 07:25:00
202400053955.0;1;73;73330;1;1;1.0;6.0;45.70511574;5.74615119;2024-08-14 17:40:00
202400053956.0;3;17;17415;1;1;5.0;7.0;45.78397;-0.65219;2024-10-24 01:25:00
202400053957.0;1;31;31187;2;3;7.0;3.0;43.538123;1.215073;2024-01-01 16:10:00
202400053958.0;1;92;92019;2;1;1.0;2.0;48.76781577;2.28906327;2024-06-08 13:05:00
202400053959.0;1;72;72181;2;3;2.0;3.0;48.00407;0.1927;2024-11-27 15:00:00
202400053960.0;1;56;56251;2;1;1.0;6.0;47.627715;-2.662291;2024-05-03 14:50:00
202400053961.0;1;83;83102;2;1;1.0;2.0;43.65408952;6.14439154;2024-02-13 10:54:00
202400053962.0;3;93;93078;1;1;8.0;2.0;48.96742731;2.51064901;2024-03-24 05:30:00
202400053963.0;1;41;41031;2;1;1.0;1.0;47.533757;1.376697;2024-08-15 16:30:00
202400053964.0;1;92;92002;2;1;1.0;7.0;48.76372887;2.30883032;2024-06-08 20:30:00
202400053965.0;5;94;94018;1;1;1.0;3.0;48.82050762;2.40183223;2024-09-18 22:30:00
202400053966.0;1;10;10331;1;1;1.0;6.0;48.0961;4.163;2024-02-02 08:30:00
202400053967.0;1;72;72181;1;1;2.0;5.0;48.02905;0.18045;2024-07-09 12:30:00
202400053968.0;1;69;69013;1;1;1.0;1.0;46.01149581;4.72526339;2024-11-12 14:15:00
202400053969.0;1;76;76209;1;1;9.0;1.0;49.53046;1.63779;2024-05-03 06:15:00
202400053970.0;3;56;56151;1;1;6.0;1.0;48.006782;-2.90347;2024-01-02 05:40:00
202400053971.0;3;93;93066;1;1;1.0;2.0;48.91936344;2.35754643;2024-03-24 05:30:00
202400053972.0;5;64;64445;2;1;1.0;6.0;43.30175;-0.35816;2024-11-30 04:15:00
202400053973.0;5;28;28173;1;6;1.0;1.0;48.469962;1.555587;2024-08-13 21:15:00
202400053974.0;1;37;37119;2;6;1.0;3.0;47.121603;0.425479;2024-06-07 16:40:00
202400053975.0;2;14;14327;2;3;1.0;3.0;49.21571;-0.33953;2024-10-24 08:15:00
202400053976.0;1;59;59284;1;9;1.0;3.0;50.42598;3.38867;2024-05-25 18:00:00
202400053977.0;1;69;69266;2;3;2.0;6.0;45.75997764;4.88072591;2024-07-10 19:45:00
202400053978.0;1;79;79329;1;1;1.0;1.0;46.995841;-0.320588;2024-05-02 19:00:00
202400053979.0;1;21;21459;1;1;1.0;5.0;47.427446;5.297495;2024-02-12 17:15:00
202400053980.0;3;54;54588;1;1;1.0;6.0;48.6003847;6.44452214;2024-06-08 23:30:00
202400053981.0;3;93;93027;1;1;2.0;2.0;48.9352035;2.40328244;2024-03-23 21:00:00
202400053982.0;1;80;80545;1;2;3.0;2.0;49.793642;2.557304;2024-01-02 08:15:00
202400053983.0;1;974;97413;2;1;1.0;6.0;-21.195765;55.294124;2024-08-14 16:55:00
202400053984.0;5;64;64445;2;1;1.0;6.0;43.29981;-0.35611;2024-11-29 17:50:00
202400053985.0;1;973;97302;2;1;1.0;3.0;4.92891415;-52.2998144;2024-09-18 07:00:00
202400053986.0;1;13;13212;2;1;1.0;3.0;43.31441814;5.46699196;2024-10-23 12:30:00
202400053987.0;1;72;72051;1;1;1.0;6.0;47.807178;0.072071;2024-06-08 15:40:00
202400053988.0;5;69;69264;2;1;2.0;1.0;45.98317;4.73137;2024-07-10 22:05:00
202400053989.0;1;85;85051;2;1;2.0;1.0;46.648231;-1.073542;2024-02-11 16:30:00
202400053990.0;3;93;93027;1;1;2.0;6.0;48.93574;2.40499;2024-03-23 19:30:00
202400053991.0;1;2A;2A092;2;1;1.0;1.0;41.7712;9.400477;2024-05-02 17:15:00
202400053992.0;1;64;64445;2;1;1.0;6.0;43.29613;-0.36537;2024-11-29 15:40:00
202400053993.0;1;10;10333;2;1;1.0;6.0;48.27826;4.05215;2024-10-23 13:29:00
202400053994.0;1;14;14454;1;1;1.0;2.0;49.156759;-0.478506;2024-08-15 18:40:00
202400053995.0;1;30;30091;2;1;1.0;7.0;43.773573;4.156619;2024-02-13 18:05:00
202400053996.0;1;69;69388;2;2;1.0;1.0;45.72607;4.88693;2024-09-19 18:30:00
202400053997.0;1;67;67180;2;1;1.0;3.0;48.809739;7.792489;2024-07-09 06:55:00
202400053998.0;1;6;6044;2;3;1.0;3.0;43.685494;7.105971;2024-06-09 12:30:00
202400053999.0;1;95;95604;1;1;1.0;5.0;49.09925677;2.55032881;2024-03-22 15:40:00
202400054000.0;1;56;56067;1;1;1.0;7.0;47.781111;-2.888932;2024-08-15 11:30:00
202400054001.0;1;64;64024;2;2;1.0;3.0;43.48837;-1.52844;2024-11-30 13:35:00
202400054002.0;1;82;82012;1;2;2.0;3.0;44.073388;1.174496;2024-05-02 17:29:00
202400054003.0;1;69;69388;2;1;1.0;3.0;45.73629;4.87915;2024-09-19 10:00:00
202400054004.0;1;13;13044;2;1;7.0;1.0;43.601634;5.075635;2024-02-14 08:07:00
202400054005.0;1;10;10387;2;2;1.0;7.0;48.30504;4.05316;2024-10-22 18:07:00
202400054006.0;3;54;54150;1;1;8.0;7.0;48.79261481;6.11969324;2024-01-01 05:25:00
202400054007.0;1;77;77468;1;1;2.0;2.0;48.85176377;2.66206275;2024-03-26 13:50:00
202400054008.0;3;49;49355;1;1;1.0;2.0;47.102725;-0.763035;2024-06-09 03:50:00
202400054009.0;5;66;66136;1;1;1.0;3.0;42.70711308;2.90676878;2024-07-10 22:30:00
202400054010.0;1;64;64024;2;3;1.0;2.0;43.48353;-1.50972;2024-11-30 09:00:00
202400054011.0;1;85;85035;2;1;1.0;6.0;46.627586;-1.857784;2024-02-14 09:25:00
202400054012.0;1;69;69066;1;1;3.0;6.0;46.097131;4.310246;2024-05-02 15:10:00
202400054013.0;1;69;69388;2;8;1.0;3.0;45.72933;4.85081;2024-09-19 09:40:00
202400054014.0;5;33;33249;1;1;1.0;6.0;44.88502;-0.51177;2024-01-01 02:27:00
202400054015.0;1;94;94018;1;1;2.0;5.0;48.82050762;2.40183223;2024-03-26 07:15:00
202400054016.0;3;63;63224;1;1;5.0;6.0;45.86324;3.14851;2024-11-30 05:45:00
202400054017.0;1;972;97209;1;1;1.0;7.0;14.61682;-61.04225;2024-09-19 10:30:00
202400054018.0;1;42;42293;1;1;2.0;6.0;46.019526;4.277523;2024-05-02 17:30:00
202400054019.0;1;74;74191;2;3;1.0;3.0;46.181966;6.712464;2024-06-09 12:35:00
202400054020.0;5;64;64102;2;1;1.0;3.0;43.48755;-1.48342;2024-07-09 22:28:00
202400054021.0;5;8;8105;2;1;1.0;5.0;49.756372;4.717501;2024-10-23 18:53:00
202400054022.0;2;67;67136;1;1;1.0;2.0;48.87457899;7.11973639;2024-02-14 07:15:00
202400054023.0;1;62;62841;2;1;2.0;6.0;50.54066794;2.60886276;2024-11-26 11:00:00
202400054024.0;1;80;80633;1;1;7.0;5.0;50.1991182;1.68895483;2024-08-15 15:30:00
202400054025.0;1;77;77128;1;1;7.0;6.0;48.874623;2.8708;2024-06-09 18:30:00
202400054026.0;1;47;47306;2;9;1.0;3.0;44.38159;0.532622;2024-05-02 10:50:00
202400054027.0;1;7;7019;2;9;1.0;6.0;44.61819;4.3935;2024-10-23 17:35:00
202400054028.0;5;2B;2B120;2;6;1.0;6.0;42.65412;9.44098;2024-09-19 22:38:00
202400054029.0;5;974;97411;2;1;1.0;4.0;-20.89576;55.47336;2024-03-24 20:40:00
202400054030.0;2;91;91689;1;1;1.0;4.0;48.72265;2.31206;2024-01-01 17:30:00
202400054031.0;1;62;62852;1;1;1.0;7.0;50.93063;2.072339;2024-06-06 13:00:00
202400054032.0;1;31;31254;2;3;1.0;3.0;43.548019;1.503764;2024-02-14 13:30:00
202400054033.0;1;62;62193;2;6;1.0;3.0;50.93902;1.86603;2024-05-30 13:30:00
202400054034.0;1;6;6069;2;1;1.0;6.0;43.63929;6.94964;2024-10-24 11:55:00
202400054035.0;5;61;61006;2;2;1.0;3.0;48.74975;-0.02168;2024-11-29 17:25:00
202400054036.0;1;41;41258;1;1;1.0;3.0;47.30058;1.33353;2024-08-14 16:25:00
202400054037.0;1;91;91161;1;1;1.0;6.0;48.701996;2.308259;2024-01-01 08:55:00
202400054038.0;1;68;68365;1;5;1.0;7.0;48.054469;7.310586;2024-05-02 09:30:00
202400054039.0;3;35;35226;1;1;1.0;6.0;48.42388352;-1.88263848;2024-06-09 00:01:00
202400054040.0;1;69;69385;2;4;1.0;3.0;45.75399;4.79805;2024-03-25 12:00:00
202400054041.0;2;975;97502;2;1;4.0;6.0;46.772665;-56.176668;2024-02-14 07:55:00
202400054042.0;1;6;6029;2;1;1.0;6.0;43.553578;7.023721;2024-10-24 15:45:00
202400054043.0;3;59;59599;2;1;1.0;1.0;50.6948;3.14601;2024-11-29 17:30:00
202400054044.0;1;971;97101;2;1;1.0;3.0;16.27847;-61.49881;2024-09-18 08:47:00
202400054045.0;1;56;56121;2;6;2.0;3.0;47.746876;-3.366098;2024-07-09 20:24:00
202400054046.0;1;69;69385;2;1;1.0;6.0;45.75498;4.81628;2024-03-25 09:30:00
202400054047.0;1;69;69108;1;2;1.0;3.0;46.171985;4.734206;2024-07-07 14:15:00
202400054048.0;3;22;22226;1;1;1.0;1.0;48.719041;-3.542984;2024-04-11 22:00:00
202400054049.0;1;1;1209;1;4;1.0;2.0;46.120213;5.890152;2024-05-20 14:50:00
202400054050.0;1;56;56121;2;1;8.0;6.0;47.74056;-3.37151;2024-11-30 15:40:00
202400054051.0;3;95;95641;1;1;1.0;5.0;49.07231946;2.55207628;2024-01-01 01:20:00
202400054052.0;1;971;97112;1;1;1.0;4.0;15.870834;-61.285118;2024-02-13 14:45:00
202400054053.0;3;32;32296;1;1;1.0;6.0;43.761922;-0.050678;2024-08-14 21:30:00
202400054054.0;1;2B;2B033;2;9;2.0;6.0;42.69667;9.4481;2024-03-25 18:10:00
202400054055.0;1;22;22228;1;1;1.0;6.0;48.549143;-3.458118;2024-06-08 15:03:00
202400054056.0;1;56;56121;2;3;8.0;2.0;47.7591;-3.37919;2024-07-09 17:55:00
202400054057.0;1;6;6004;1;1;1.0;5.0;43.61403;7.127867;2024-10-23 17:05:00
202400054058.0;5;54;54184;2;1;5.0;6.0;48.70513;6.24401;2024-11-30 18:30:00
202400054059.0;1;25;25018;1;1;2.0;3.0;47.367228;6.582785;2024-05-02 18:20:00
202400054060.0;3;61;61072;1;1;1.0;6.0;48.948569;0.251641;2024-07-18 23:00:00
202400054061.0;5;2A;2A004;2;3;1.0;3.0;41.92813;8.73864;2024-09-19 21:25:00
202400054062.0;1;57;57765;2;1;2.0;6.0;49.176501;6.682133;2024-02-14 07:27:00
202400054063.0;5;971;97113;1;1;1.0;6.0;16.21941;-61.51667;2024-03-05 04:30:00
202400054064.0;1;6;6022;2;1;1.0;6.0;43.82366;7.121099;2024-06-07 18:15:00
202400054065.0;1;56;56121;2;6;2.0;7.0;47.73586;-3.3652;2024-07-09 08:17:00
202400054066.0;1;29;29188;1;2;7.0;3.0;48.69517848;-3.81106845;2024-05-03 09:00:00
202400054067.0;2;39;39018;1;1;8.0;6.0;46.352082;5.489044;2024-08-15 18:30:00
202400054068.0;1;971;97101;1;9;1.0;3.0;16.25802;-61.51974;2024-03-24 15:15:00
202400054069.0;1;54;54498;1;1;5.0;4.0;48.72189;6.2712;2024-11-30 11:00:00
202400054070.0;1;56;56121;2;1;2.0;7.0;47.76335;-3.39432;2024-07-09 15:40:00
202400054071.0;1;26;26004;1;4;1.0;1.0;44.968927;5.000346;2024-02-14 18:00:00
202400054072.0;3;2B;2B320;1;1;1.0;6.0;42.154019;9.500138;2024-06-09 03:40:00
202400054073.0;5;59;59279;2;1;3.0;6.0;50.78282;3.12784;2024-01-01 02:10:00
202400054074.0;1;91;91589;2;2;1.0;3.0;48.68731;2.36638;2024-09-19 17:25:00
202400054075.0;2;44;44036;1;1;1.0;6.0;47.733504;-1.411408;2024-08-14 20:39:00
202400054076.0;5;75;75113;2;1;1.0;4.0;48.823637;2.382249;2024-10-24 19:20:00
202400054077.0;1;31;31144;1;1;1.0;3.0;42.919801;0.64711;2024-05-03 13:10:00
202400054078.0;1;62;62335;1;1;1.0;6.0;50.33399615;2.17897658;2024-06-08 19:50:00
202400054079.0;1;63;63379;1;1;1.0;6.0;45.98804433;3.13277953;2024-01-01 09:05:00
202400054080.0;3;79;79049;2;1;2.0;7.0;46.844308;-0.487238;2024-02-14 01:05:00
202400054081.0;5;2A;2A004;2;3;1.0;3.0;41.93374605;8.75379682;2024-01-27 03:55:00
202400054082.0;1;54;54300;1;1;7.0;1.0;48.63756903;6.25412822;2024-07-09 18:40:00
202400054083.0;1;89;89387;2;9;1.0;3.0;48.20378;3.30954;2024-09-19 08:35:00
202400054084.0;1;53;53034;2;6;1.0;3.0;48.07302756;-0.73006511;2024-11-29 15:25:00