Num_Acc;lum;departement;commune;agglomeration;intersection;meteo;type_collision;lat;long;date
202400054085.0;1;29;29293;2;4;1.0;7.0;47.852184;-3.887373;2024-07-14 18:30:00
202400054086.0;3;33;33424;1;1;2.0;6.0;45.136191;-0.83657;2024-01-01 05:40:00
202400054087.0;1;75;75116;2;1;1.0;2.0;48.875228;2.276512;2024-10-24 11:20:00
202400054088.0;1;31;31403;1;1;2.0;6.0;43.788895;1.299133;2024-05-01 14:24:00
202400054089.0;1;67;67281;1;1;1.0;3.0;48.150312;7.590914;2024-06-09 12:10:00
202400054090.0;4;91;91161;1;1;2.0;6.0;48.715262;2.309809;2024-03-24 02:59:00
202400054091.0;1;62;62899;2;1;1.0;2.0;50.88452791;1.66592097;2024-02-12 16:10:00
202400054092.0;1;54;54395;2;2;1.0;3.0;48.69166;6.15014;2024-07-09 14:00:00
202400054093.0;1;85;85194;2;2;1.0;3.0;46.55115;-1.8064;2024-09-15 20:11:00
202400054094.0;5;49;49007;2;2;1.0;1.0;47.45031;-0.56773;2024-12-01 01:00:00
202400054095.0;1;75;75114;2;1;1.0;6.0;48.827969;2.336629;2024-10-23 12:10:00
202400054096.0;3;79;79013;1;1;1.0;6.0;46.935971;-0.350683;2024-06-09 00:50:00
202400054097.0;1;1;1245;1;1;1.0;3.0;46.164003;5.368991;2024-05-03 10:36:00
202400054098.0;1;29;29117;1;2;1.0;3.0;48.56157;-4.513181;2024-07-16 17:15:00
202400054099.0;5;68;68266;2;1;2.0;6.0;47.896925;7.357211;2024-01-01 06:00:00
202400054100.0;1;54;54263;2;1;1.0;6.0;49.218069;5.999937;2024-07-10 18:39:00
202400054101.0;2;91;91114;2;2;1.0;3.0;48.68203;2.50016;2024-03-24 06:15:00
202400054102.0;3;2B;2B233;1;9;1.0;6.0;42.909518;9.35326;2024-06-09 00:30:00
202400054103.0;1;84;84087;2;1;1.0;6.0;44.16117;4.79039;2024-09-19 18:37:00
202400054104.0;5;49;49007;2;1;1.0;6.0;47.473;-0.5522;2024-11-30 18:40:00
202400054105.0;1;59;59419;1;2;2.0;3.0;50.524911;3.252178;2024-02-14 09:05:00
202400054106.0;1;29;29028;2;1;1.0;7.0;48.04592756;-4.63844908;2024-08-14 08:30:00
202400054107.0;5;75;75116;2;1;1.0;1.0;48.852601;2.281184;2024-10-23 19:50:00
202400054108.0;1;51;51454;1;1;1.0;7.0;49.25035;4.08777;2024-07-10 14:00:00
202400054109.0;1;38;38104;2;1;1.0;6.0;45.58050087;5.58276522;2024-01-01 08:20:00
202400054110.0;2;31;31412;1;1;8.0;6.0;43.341113;0.705796;2024-08-15 06:30:00
202400054111.0;1;85;85084;1;3;2.0;3.0;46.780573;-1.211929;2024-05-03 07:25:00
202400054112.0;1;82;82005;2;1;1.0;3.0;43.799915;1.220217;2024-06-08 19:30:00
202400054113.0;1;88;88160;2;3;1.0;3.0;48.17653;6.43844;2024-03-21 12:45:00
202400054114.0;3;47;47323;1;1;1.0;6.0;44.4069;0.75196;2024-07-08 23:00:00
202400054115.0;5;84;84035;2;2;1.0;3.0;43.8372;5.04226;2024-09-19 21:30:00
202400054116.0;1;49;49007;2;1;8.0;3.0;47.46202;-0.51984;2024-11-30 13:15:00
202400054117.0;3;15;15016;1;1;2.0;6.0;44.974527;2.31526;2024-01-01 04:00:00
202400054118.0;1;13;13211;1;1;1.0;3.0;43.293761;5.471644;2024-02-12 12:40:00
202400054119.0;1;75;75106;2;2;1.0;3.0;48.84551844;2.31915325;2024-10-24 17:05:00
202400054120.0;4;38;38303;1;1;8.0;6.0;45.293032;5.943301;2024-08-15 01:50:00
202400054121.0;1;45;45338;1;1;1.0;6.0;47.970222;2.722257;2024-07-10 06:10:00
202400054122.0;1;87;87085;1;1;1.0;2.0;45.8536;1.21258;2024-03-22 13:25:00
202400054123.0;1;26;26326;1;3;1.0;3.0;44.341645;4.790404;2024-05-03 17:15:00
202400054124.0;1;84;84035;1;1;1.0;1.0;43.88451;4.98673;2024-09-19 13:30:00
202400054125.0;3;24;24375;1;1;2.0;7.0;44.731004;1.270466;2024-01-01 04:10:00
202400054126.0;1;47;47031;1;1;1.0;2.0;44.15543565;0.65641391;2024-11-30 13:20:00
202400054127.0;1;65;65363;1;3;1.0;3.0;43.118391;0.428102;2024-06-09 16:50:00
202400054128.0;1;83;83137;1;1;1.0;3.0;43.12476769;5.90137449;2024-02-12 08:10:00
202400054129.0;3;66;66193;1;1;1.0;6.0;42.573167;2.338361;2024-05-02 21:00:00
202400054130.0;5;75;75106;2;2;1.0;3.0;48.848034;2.327882;2024-10-23 04:53:00
202400054131.0;3;86;86194;2;1;1.0;6.0;46.569172;0.3457246;2024-03-24 04:43:00
202400054132.0;1;66;66149;1;4;1.0;1.0;42.617381;2.446132;2024-08-15 17:30:00
202400054133.0;2;71;71330;1;1;2.0;6.0;46.593017;3.936362;2024-06-08 21:10:00
202400054134.0;3;34;34337;2;6;1.0;6.0;43.551884;3.836734;2024-01-01 04:40:00
202400054135.0;1;45;45234;2;1;8.0;4.0;47.92176;1.89033;2024-11-30 11:35:00
202400054136.0;1;84;84035;2;3;1.0;3.0;43.82508;5.04083;2024-09-19 08:25:00
202400054137.0;5;42;42207;2;9;1.0;5.0;45.47887;4.52571;2024-07-09 23:10:00
202400054138.0;1;6;6079;2;1;1.0;3.0;43.54064;6.947148;2024-04-30 08:30:00
202400054139.0;1;54;54072;2;1;1.0;7.0;48.84631157;6.095379;2024-08-13 13:10:00
202400054140.0;1;85;85194;1;1;1.0;3.0;46.4832;-1.72328;2024-03-24 17:36:00
202400054141.0;5;973;97311;2;1;1.0;6.0;5.487587;-54.018209;2024-01-01 05:15:00
202400054142.0;1;75;75119;2;3;1.0;2.0;48.874383;2.374529;2024-10-24 09:55:00
202400054143.0;5;34;34172;2;1;1.0;6.0;43.60947;3.83828;2024-11-30 06:30:00
202400054144.0;1;84;84035;2;1;1.0;2.0;43.84804;5.03882;2024-09-18 12:10:00
202400054145.0;1;72;72386;2;1;1.0;3.0;48.001054;0.244773;2024-08-15 12:45:00
202400054146.0;1;71;71162;1;1;8.0;1.0;46.976234;4.378889;2024-06-08 15:15:00
202400054147.0;2;977;97701;2;3;1.0;3.0;17.896115;-62.847912;2024-01-01 06:00:00
202400054148.0;1;60;60319;2;3;2.0;1.0;49.354993;1.942177;2024-05-02 13:10:00
202400054149.0;1;77;77373;2;3;7.0;3.0;48.7804;2.613251;2024-03-21 17:30:00
202400054150.0;2;33;33318;2;1;1.0;6.0;44.7955;-0.6678;2024-11-29 17:00:00
202400054151.0;1;6;6020;1;1;1.0;6.0;43.977669;7.370818;2024-08-13 14:00:00
202400054152.0;1;75;75119;2;3;1.0;2.0;48.886377;2.366636;2024-10-24 08:30:00
202400054153.0;1;77;77495;1;1;1.0;6.0;48.57355;2.61982;2024-03-25 10:02:00
202400054154.0;1;53;53147;2;1;1.0;2.0;48.308193;-0.624526;2024-05-03 08:00:00
202400054155.0;1;89;89126;1;2;1.0;3.0;48.122316;3.103294;2024-05-30 07:45:00
202400054156.0;2;37;37261;2;2;1.0;3.0;47.38369;0.66827;2024-07-10 06:05:00
202400054157.0;1;14;14399;1;1;1.0;3.0;49.259176;0.217918;2024-08-14 09:50:00
202400054158.0;1;31;31069;1;1;1.0;2.0;43.62282;1.39046;2024-11-30 14:40:00
202400054159.0;1;83;83062;1;3;1.0;5.0;43.13962;6.03836;2024-09-19 07:50:00
202400054160.0;1;75;75117;2;7;1.0;3.0;48.87438;2.294794;2024-10-24 17:45:00
202400054161.0;3;37;37195;2;1;1.0;6.0;47.38126933;0.65004659;2024-07-10 01:30:00
202400054162.0;1;63;63236;1;1;1.0;7.0;45.594522;2.833314;2024-06-08 15:00:00
202400054163.0;1;77;77284;2;1;1.0;6.0;48.95701;2.8996;2024-03-25 12:45:00
202400054164.0;1;5;5056;1;9;1.0;7.0;44.632658;6.130071;2024-08-14 17:00:00
202400054165.0;1;5;5065;1;1;1.0;5.0;44.663189;6.609714;2024-01-01 15:00:00
202400054166.0;1;81;81004;2;1;1.0;6.0;43.9201767;2.16196574;2024-09-19 11:00:00
202400054167.0;1;27;27056;2;2;1.0;3.0;49.091541;0.603685;2024-05-02 19:30:00
202400054168.0;4;31;31555;2;1;1.0;1.0;43.56535;1.441481;2024-11-30 06:10:00
202400054169.0;1;63;63262;2;6;1.0;6.0;45.704434;3.165267;2024-06-07 20:15:00
202400054170.0;1;76;76351;2;1;1.0;6.0;49.52572;0.15706;2024-03-23 07:40:00
202400054171.0;1;75;75115;2;3;1.0;3.0;48.847072;2.295813;2024-10-24 09:30:00
202400054172.0;1;50;50272;2;1;1.0;2.0;48.966463;-1.536192;2024-08-15 11:00:00
202400054173.0;5;29;29232;2;1;1.0;6.0;47.988373;-4.088107;2024-11-29 07:50:00
202400054174.0;1;35;35238;2;2;1.0;3.0;48.0959;-1.66147;2024-07-10 09:20:00
202400054175.0;1;81;81004;2;6;1.0;3.0;43.94252;2.1359;2024-09-19 13:00:00
202400054176.0;1;27;27112;1;5;1.0;3.0;48.865728;0.901941;2024-04-12 09:45:00
202400054177.0;5;38;38087;2;1;1.0;1.0;45.58447166;4.79128865;2024-01-01 20:00:00
202400054178.0;5;75;75115;2;2;1.0;6.0;48.834488;2.295694;2024-10-23 21:00:00
202400054179.0;5;76;76447;2;1;1.0;3.0;49.53963;0.18689;2024-03-22 23:55:00
202400054180.0;4;50;50604;1;4;1.0;6.0;49.527482;-1.796941;2024-08-15 03:18:00
202400054181.0;5;80;80021;2;1;1.0;7.0;49.91039;2.2575;2024-09-19 21:00:00
202400054182.0;1;34;34108;2;1;1.0;2.0;43.43279;3.7348;2024-07-10 15:40:00
202400054183.0;3;37;37250;1;1;1.0;7.0;47.19995613;0.66613238;2024-05-01 05:30:00
202400054184.0;5;14;14118;2;2;1.0;3.0;49.17871;-0.38513;2024-11-30 22:30:00
202400054185.0;2;55;55039;1;1;1.0;7.0;49.259291;5.400124;2024-06-08 19:30:00
202400054186.0;3;81;81032;1;1;1.0;6.0;43.52435291;2.02888727;2024-01-01 01:10:00
202400054187.0;1;75;75114;2;3;1.0;2.0;48.83179919;2.33037633;2024-10-24 13:45:00
202400054188.0;1;80;80021;2;1;1.0;3.0;49.91775;2.29981;2024-09-19 19:00:00
202400054189.0;1;34;34172;2;1;1.0;7.0;43.61214;3.84584;2024-07-10 18:50:00
202400054190.0;1;13;13212;2;1;1.0;2.0;43.31144873;5.44550225;2024-11-30 12:10:00
202400054191.0;1;30;30339;1;1;2.0;1.0;44.045536;3.686358;2024-04-30 09:50:00
202400054192.0;1;74;74012;2;1;1.0;2.0;46.19736;6.23376;2024-03-25 08:30:00
202400054193.0;1;39;39470;2;1;1.0;2.0;46.477357;6.064868;2024-06-09 12:15:00
202400054194.0;1;19;19146;2;9;2.0;3.0;45.311813;1.771921;2024-01-01 15:30:00
202400054195.0;1;50;50260;1;1;1.0;3.0;48.68828;-0.982504;2024-08-15 12:10:00
202400054196.0;5;75;75114;2;1;1.0;6.0;48.824091;2.306259;2024-10-23 20:00:00
202400054197.0;1;80;80021;2;1;1.0;7.0;49.875647;2.281808;2024-09-18 10:25:00
202400054198.0;1;13;13208;2;1;1.0;6.0;43.28107697;5.38960851;2024-11-29 15:50:00
202400054199.0;1;34;34172;2;1;1.0;6.0;43.60655;3.879947;2024-07-10 17:20:00
202400054200.0;1;48;48045;1;1;1.0;6.0;44.649559;3.731843;2024-05-03 13:30:00
202400054201.0;1;72;72181;2;1;1.0;6.0;48.00594;0.17206;2024-03-25 08:34:00
202400054202.0;3;64;64087;1;1;8.0;6.0;43.510137;-0.838984;2024-08-14 22:15:00
202400054203.0;1;44;44163;1;1;1.0;7.0;47.402532;-1.113524;2024-06-03 20:30:00
202400054204.0;1;10;10060;1;1;1.0;7.0;48.26025;4.09601;2024-11-29 09:48:00
202400054205.0;1;78;78440;2;1;1.0;1.0;48.99084;1.91365;2024-09-19 18:15:00
202400054206.0;1;75;75114;2;1;1.0;3.0;48.825561;2.326167;2024-10-22 09:30:00
202400054207.0;3;64;64099;1;1;1.0;7.0;43.354094;-0.746647;2024-08-11 21:35:00
202400054208.0;1;27;27136;1;1;1.0;1.0;49.016855;1.466584;2024-01-01 12:30:00
202400054209.0;1;34;34032;1;2;1.0;3.0;43.33479;3.16993;2024-07-08 08:15:00
202400054210.0;1;72;72181;1;9;2.0;4.0;47.96242;0.2225;2024-03-23 17:00:00
202400054211.0;1;18;18279;1;1;1.0;1.0;47.240958;2.042255;2024-05-03 12:25:00
202400054212.0;1;78;78440;2;1;1.0;6.0;48.986258;1.914593;2024-09-19 17:30:00
202400054213.0;5;21;21210;2;1;1.0;6.0;47.260709;4.578853;2024-08-15 03:00:00
202400054214.0;1;35;35010;1;4;1.0;1.0;48.557995;-1.721662;2024-06-08 08:30:00
202400054215.0;5;8;8497;2;9;1.0;1.0;49.778675;4.694741;2024-11-29 17:20:00
202400054216.0;3;34;34003;2;1;1.0;6.0;43.29204;3.51484;2024-07-10 03:50:00
202400054217.0;1;75;75114;2;1;1.0;1.0;48.833881;2.341392;2024-10-24 13:30:00
202400054218.0;1;4;4176;2;1;1.0;7.0;43.761072;6.156571;2024-07-28 14:00:00
202400054219.0;1;78;78440;2;1;1.0;6.0;48.99349;1.91151;2024-09-19 07:45:00
202400054220.0;2;29;29162;1;1;1.0;6.0;48.24917809;-3.96607892;2024-06-09 06:15:00
202400054221.0;1;6;6104;1;1;1.0;2.0;43.761541;7.446893;2024-01-08 12:39:00
202400054222.0;1;64;64445;1;1;1.0;4.0;43.335;-0.36095;2024-03-25 08:20:00
202400054223.0;1;75;75107;2;1;1.0;6.0;48.859002;2.293439;2024-10-23 18:20:00
202400054224.0;3;7;7019;2;3;1.0;6.0;44.622;4.38388;2024-11-20 19:40:00
202400054225.0;1;33;33281;1;9;1.0;6.0;44.82697;-0.67858;2024-07-10 10:00:00
202400054226.0;2;29;29081;2;1;1.0;6.0;48.36242543;-3.74730502;2024-06-09 05:00:00
202400054227.0;1;37;37273;1;6;1.0;3.0;47.394106;0.788229;2024-08-14 11:15:00
202400054228.0;1;974;97418;2;1;1.0;7.0;-20.919843;55.519484;2024-05-03 17:40:00
202400054229.0;2;78;78688;2;2;1.0;2.0;48.76104;2.06039;2024-09-19 07:30:00
202400054230.0;1;75;75102;2;2;1.0;6.0;48.86816258;2.34360024;2024-10-24 17:35:00
202400054231.0;5;64;64122;2;1;3.0;3.0;43.48085;-1.5412;2024-03-25 22:23:00
202400054232.0;1;6;6088;2;1;1.0;2.0;43.6808944;7.228509;2024-11-29 16:20:00
202400054233.0;5;33;33063;2;1;1.0;6.0;44.8658;-0.56087;2024-07-10 03:15:00
202400054234.0;1;29;29173;1;3;1.0;7.0;47.998096;-4.16707;2024-06-08 18:55:00
202400054235.0;1;91;91045;2;1;1.0;6.0;48.52744;2.373998;2024-08-14 17:10:00
202400054236.0;1;78;78498;2;9;1.0;6.0;48.922907;2.028163;2024-09-19 09:15:00
202400054237.0;1;83;83008;1;1;1.0;6.0;43.52510279;6.72207904;2024-04-30 11:58:00
202400054238.0;5;32;32013;2;3;1.0;7.0;43.63744176;0.58396339;2024-07-10 22:01:00
202400054239.0;1;59;59599;2;2;1.0;3.0;50.719601;3.147363;2024-03-25 14:05:00
202400054240.0;1;70;70467;1;1;7.0;7.0;47.895031;6.259533;2024-06-09 08:38:00
202400054241.0;5;94;94046;2;1;1.0;4.0;48.80639;2.43986;2024-10-24 20:40:00
202400054242.0;3;6;6069;1;1;1.0;2.0;43.63004;6.94732;2024-11-30 18:00:00
202400054243.0;1;77;77284;2;1;1.0;6.0;48.95576;2.91477;2024-09-19 09:31:00
202400054244.0;1;5;5001;1;1;1.0;6.0;44.782307;6.939261;2024-05-03 10:02:00
202400054245.0;1;31;31555;2;1;1.0;6.0;43.58183514;1.38813704;2024-07-10 09:29:00
202400054246.0;1;59;59113;2;1;1.0;2.0;50.34546;3.25674;2024-03-24 16:00:00
202400054247.0;1;77;77243;2;1;1.0;6.0;48.8754;2.70262;2024-09-19 08:30:00
202400054248.0;1;70;70429;2;1;1.0;1.0;47.667893;6.164159;2024-06-08 09:00:00
202400054249.0;5;4;4112;2;1;1.0;1.0;43.82906;5.78911;2024-11-29 19:07:00
202400054250.0;3;72;72096;1;1;1.0;5.0;48.03547151;0.02098947;2024-08-14 22:45:00
202400054251.0;1;94;94003;2;1;1.0;4.0;48.8041637;2.32506189;2024-10-23 09:25:00
202400054252.0;5;29;29232;2;2;1.0;3.0;47.995258;-4.100227;2024-07-06 05:35:00
202400054253.0;1;73;73065;2;7;1.0;6.0;45.56604263;5.92167673;2024-09-19 14:30:00
202400054254.0;1;51;51454;2;3;1.0;3.0;49.23503;4.02506;2024-03-25 18:00:00
202400054255.0;1;94;94001;2;3;7.0;6.0;48.727561;2.418739;2024-10-24 11:15:00
202400054256.0;1;73;73304;1;1;1.0;3.0;45.447912;7.024083;2024-08-15 08:45:00
202400054257.0;1;4;4112;1;1;1.0;7.0;43.84171;5.74719;2024-11-29 10:00:00
202400054258.0;1;29;29232;1;1;2.0;7.0;48.01323745;-4.1269024;2024-07-05 20:50:00
202400054259.0;1;26;26124;1;1;1.0;5.0;44.83805906;4.86305952;2024-05-03 14:55:00
202400054260.0;1;72;72003;1;1;1.0;3.0;47.94801;0.14267;2024-09-18 16:45:00
202400054261.0;2;94;94048;2;1;1.0;3.0;48.72893;2.54019;2024-10-24 08:15:00
202400054262.0;1;51;51454;2;1;1.0;3.0;49.223559;4.017875;2024-03-25 12:11:00
202400054263.0;1;45;45094;1;1;1.0;7.0;48.14987;2.901532;2024-08-15 09:15:00
202400054264.0;1;26;26178;1;1;1.0;1.0;44.68200923;5.44666529;2024-06-08 11:50:00
202400054265.0;1;27;27229;1;1;3.0;7.0;49.00433;1.147583;2024-07-09 13:25:00
202400054266.0;1;1;1031;2;2;1.0;3.0;46.2497;5.63797;2024-11-29 11:54:00
202400054267.0;5;72;72181;2;2;1.0;2.0;47.98414;0.18591;2024-09-18 22:15:00
202400054268.0;1;58;58212;2;1;2.0;6.0;47.12621;3.240066;2024-06-09 16:00:00
202400054269.0;1;14;14366;2;1;2.0;6.0;49.14236;0.24086;2024-07-09 12:20:00
202400054270.0;5;93;93066;2;4;1.0;2.0;48.94526;2.36;2024-10-23 22:23:00
202400054271.0;1;51;51454;2;3;1.0;3.0;49.260024;4.046582;2024-03-25 08:30:00
202400054272.0;2;68;68294;2;3;1.0;3.0;48.263081;7.228065;2024-05-02 06:25:00
202400054273.0;5;83;83065;2;1;1.0;3.0;43.264113;6.621902;2024-08-15 00:10:00
202400054274.0;1;68;68224;2;1;1.0;3.0;47.76116;7.33482;2024-09-18 16:00:00
202400054275.0;5;75;75116;2;1;1.0;2.0;48.846575;2.254875;2024-11-30 17:55:00
202400054276.0;3;13;13026;1;1;1.0;4.0;43.39173;5.15754;2024-07-11 00:20:00
202400054277.0;1;54;54399;1;1;1.0;7.0;48.49471775;6.28852487;2024-06-09 09:00:00
202400054278.0;1;93;93062;2;2;1.0;3.0;48.89838412;2.51754438;2024-10-24 11:55:00
202400054279.0;1;50;50129;2;1;1.0;3.0;49.60893;-1.60384;2024-03-23 10:00:00
202400054280.0;1;67;67482;2;1;1.0;2.0;48.59623;7.77191;2024-09-18 11:20:00
202400054281.0;1;89;89102;2;2;1.0;6.0;47.752626;3.465409;2024-08-15 13:55:00
202400054282.0;2;57;57254;1;1;1.0;7.0;49.053912;6.016275;2024-05-01 20:00:00
202400054283.0;5;75;75117;2;2;1.0;3.0;48.877343;2.284003;2024-11-29 20:48:00
202400054284.0;1;49;49015;1;1;1.0;7.0;47.49067;-0.58148;2024-03-23 12:14:00
202400054285.0;3;6;6120;1;1;1.0;7.0;44.212372;6.974237;2024-06-09 06:20:00
202400054286.0;1;13;13026;2;6;1.0;3.0;43.38051644;5.17388571;2024-02-17 08:30:00
202400054287.0;1;93;93051;2;8;1.0;2.0;48.8429;2.57851;2024-10-23 15:30:00
202400054288.0;1;6;6136;1;1;1.0;6.0;43.88338;7.468187;2024-06-09 11:00:00
202400054289.0;5;42;42097;1;6;2.0;6.0;45.520058;4.289598;2024-05-02 22:30:00
202400054290.0;1;67;67482;2;1;1.0;6.0;48.58963;7.74508;2024-09-18 12:17:00
202400054291.0;5;75;75106;2;3;1.0;7.0;48.856402;2.339869;2024-11-29 02:08:00
202400054292.0;1;47;47001;2;1;1.0;3.0;44.20318;0.62887;2024-03-25 12:46:00
202400054293.0;1;57;57160;1;1;1.0;3.0;49.221006;6.719663;2024-08-14 18:05:00
202400054294.0;5;13;13075;2;6;1.0;3.0;43.34379485;5.45875282;2024-07-10 23:45:00
202400054295.0;1;64;64122;2;1;1.0;6.0;43.47938;-1.56303;2024-09-19 10:45:00
202400054296.0;1;93;93050;2;1;1.0;3.0;48.86001;2.53846;2024-10-23 18:15:00
202400054297.0;3;63;63284;2;1;2.0;7.0;45.793928;3.226376;2024-08-13 18:53:00
202400054298.0;1;38;38475;1;1;1.0;6.0;45.701654;5.122848;2024-05-03 12:36:00
202400054299.0;1;44;44184;2;1;1.0;2.0;47.29602;-2.19662;2024-03-25 13:20:00
202400054300.0;5;75;75106;2;1;1.0;2.0;48.853861;2.33008;2024-11-30 17:30:00
202400054301.0;2;13;13208;2;1;1.0;2.0;43.27085609;5.38866886;2024-07-10 21:30:00
202400054302.0;1;14;14342;2;2;1.0;2.0;49.314793;-1.107023;2024-06-08 15:30:00
202400054303.0;1;73;73034;1;1;1.0;2.0;45.693915;6.65695;2024-08-15 12:00:00
202400054304.0;5;93;93046;2;9;1.0;1.0;48.90935362;2.5303491;2024-10-24 21:20:00
202400054305.0;1;64;64122;2;1;1.0;2.0;43.4685;-1.5424;2024-09-18 17:40:00
202400054306.0;1;44;44184;2;2;1.0;3.0;47.27758;-2.21096;2024-03-24 12:35:00
202400054307.0;5;75;75120;2;4;1.0;3.0;48.877181;2.410184;2024-11-30 07:30:00
202400054308.0;3;5;5037;1;1;1.0;7.0;44.47912577;6.03531555;2024-06-09 03:30:00
202400054309.0;1;31;31291;1;1;1.0;5.0;43.577059;1.228626;2024-05-02 17:30:00
202400054310.0;1;69;69179;1;1;1.0;7.0;45.59928941;4.70457463;2024-08-14 15:13:00
202400054311.0;5;13;13208;2;1;1.0;3.0;43.26163;5.38755;2024-07-10 23:55:00
202400054312.0;5;64;64024;2;1;1.0;3.0;43.49155562;-1.53296024;2024-09-18 06:30:00
202400054313.0;1;93;93006;2;3;1.0;6.0;48.86227739;2.41611242;2024-10-24 14:10:00
202400054314.0;1;33;33522;2;1;1.0;6.0;44.79439;-0.58306;2024-03-25 12:00:00
202400054315.0;3;33;33262;2;1;1.0;6.0;45.006551;-0.630453;2024-05-03 00:20:00
202400054316.0;1;7;7258;2;1;1.0;3.0;45.176998;4.50551;2024-06-09 14:50:00
202400054317.0;1;75;75117;2;2;1.0;3.0;48.887498;2.294665;2024-11-30 15:00:00
202400054318.0;1;13;13213;2;1;1.0;2.0;43.31775;5.37406;2024-07-09 17:15:00
202400054319.0;1;63;63300;2;9;7.0;3.0;45.90261089;3.10209543;2024-09-19 08:10:00
202400054320.0;5;33;33119;2;9;1.0;6.0;44.85613;-0.53378;2024-03-24 21:06:00
202400054321.0;3;93;93063;2;1;1.0;3.0;48.87383808;2.44035588;2024-10-23 21:00:00
202400054322.0;1;13;13070;2;4;1.0;3.0;43.28136;5.5161;2024-07-10 16:05:00
202400054323.0;1;62;62498;2;3;1.0;6.0;50.42982225;2.8276805;2024-09-18 17:15:00
202400054324.0;1;85;85086;2;2;1.0;3.0;46.87712;-1.703653;2024-06-08 13:40:00
202400054325.0;1;85;85222;2;6;7.0;6.0;46.696643;-1.914518;2024-03-22 10:40:00
202400054326.0;1;75;75117;2;3;1.0;3.0;48.8883;2.31901;2024-11-30 09:40:00
202400054327.0;1;93;93029;2;1;1.0;3.0;48.92252449;2.44579993;2024-10-24 16:15:00
202400054328.0;1;6;6088;2;1;1.0;6.0;43.6690233;7.220284;2024-07-10 15:05:00
202400054329.0;3;62;62528;1;1;1.0;7.0;50.45775959;2.77533167;2024-09-19 06:15:00
202400054330.0;1;27;27378;1;6;1.0;2.0;48.776352;1.210835;2024-06-07 16:20:00
202400054331.0;1;6;6088;2;1;1.0;7.0;43.69795;7.27248;2024-07-09 13:45:00
202400054332.0;3;61;61169;1;1;1.0;3.0;48.72697;-0.56822;2024-09-18 20:55:00
202400054333.0;2;75;75116;2;1;1.0;2.0;48.877044;2.276934;2024-11-30 07:50:00
202400054334.0;1;93;93005;2;9;1.0;6.0;48.95262527;2.49800205;2024-10-24 18:20:00
202400054335.0;3;1;1274;1;1;1.0;6.0;46.158086;5.650411;2024-06-08 22:02:00
202400054336.0;1;72;72378;1;2;1.0;3.0;47.82976307;-0.28381253;2024-05-02 20:20:00
202400054337.0;1;61;61001;2;1;1.0;7.0;48.43698;0.09967;2024-09-18 17:40:00
202400054338.0;1;6;6029;2;1;1.0;3.0;43.55414;7.0186;2024-07-08 17:45:00
202400054339.0;1;91;91045;2;1;1.0;6.0;48.523305;2.393937;2024-06-08 15:30:00
202400054340.0;1;59;59521;1;1;1.0;1.0;50.20449;3.18437;2024-09-19 19:00:00
202400054341.0;5;75;75116;2;7;1.0;2.0;48.838098;2.257758;2024-11-30 01:55:00
202400054342.0;1;75;75114;2;1;1.0;2.0;48.822561;2.314169;2024-07-10 21:00:00
202400054343.0;1;93;93001;2;3;1.0;3.0;48.91766292;2.37750777;2024-10-24 08:30:00
202400054344.0;3;53;53101;1;6;1.0;7.0;47.852867;-0.694209;2024-05-03 02:15:00
202400054345.0;1;49;49129;1;1;1.0;2.0;47.496096;-0.522108;2024-06-07 17:20:00
202400054346.0;5;75;75115;2;1;1.0;1.0;48.852077;2.285887;2024-11-30 19:30:00
202400054347.0;5;57;57221;2;1;1.0;1.0;49.307676;6.128472;2024-09-18 05:00:00
202400054348.0;1;13;13032;1;1;1.0;7.0;43.581777;5.323721;2024-06-09 12:05:00
202400054349.0;5;75;75118;2;1;1.0;5.0;48.900966;2.35486;2024-07-09 23:10:00
202400054350.0;2;47;47069;2;1;1.0;3.0;44.220776;0.555904;2024-10-24 07:39:00
202400054351.0;1;75;75114;2;2;1.0;3.0;48.823285;2.325451;2024-11-30 09:47:00
202400054352.0;1;56;56121;2;2;1.0;2.0;47.75482;-3.3631;2024-09-18 19:38:00
202400054353.0;3;34;34294;1;1;1.0;4.0;43.706027;4.120796;2024-06-09 04:55:00
202400054354.0;1;75;75119;2;2;1.0;6.0;48.889248;2.371288;2024-07-10 13:48:00
202400054355.0;1;75;75112;2;1;1.0;6.0;48.832241;2.398682;2024-11-30 11:15:00
202400054356.0;1;60;60142;2;6;1.0;7.0;49.135827;2.535558;2024-06-09 15:20:00
202400054357.0;1;39;39126;1;1;1.0;5.0;46.591075;5.955727;2024-10-24 15:29:00
202400054358.0;1;75;75119;2;1;1.0;1.0;48.891647;2.398433;2024-07-10 10:15:00
202400054359.0;1;75;75110;2;1;1.0;3.0;48.873939;2.349631;2024-11-30 13:26:00
202400054360.0;1;51;51454;2;1;1.0;4.0;49.21942;4.02107;2024-09-18 14:38:00
202400054361.0;1;974;97408;1;1;1.0;4.0;-20.92663654;55.3632313;2024-06-08 12:20:00
202400054362.0;1;75;75119;2;3;1.0;3.0;48.874225;2.377407;2024-07-10 07:30:00
202400054363.0;1;51;51496;1;1;1.0;3.0;48.788319;4.641638;2024-10-24 16:40:00
202400054364.0;1;75;75107;2;7;1.0;6.0;48.85845;2.31219;2024-11-30 11:48:00
202400054365.0;1;28;28247;1;1;1.0;2.0;48.894744;1.529331;2024-06-08 19:45:00
202400054366.0;3;38;38378;1;1;1.0;6.0;45.421641;4.774391;2024-10-25 05:40:00
202400054367.0;5;75;75119;2;2;2.0;6.0;48.884334;2.366865;2024-07-10 01:25:00
202400054368.0;5;75;75103;2;3;1.0;2.0;48.865223;2.355721;2024-11-30 02:30:00