Num_Acc;lum;departement;commune;agglomeration;intersection;meteo;type_collision;lat;long;date
202400054369.0;1;17;17296;1;1;1.0;7.0;45.664986;-0.714154;2024-10-23 17:25:00
202400054370.0;1;75;75116;2;5;1.0;3.0;48.867843;2.290664;2024-07-09 18:45:00
202400054371.0;1;77;77534;1;9;1.0;5.0;48.648195;2.772827;2024-06-08 17:50:00
202400054372.0;1;49;49381;2;1;1.0;2.0;47.020163;-0.701481;2024-10-25 11:25:00
202400054373.0;1;11;11361;2;1;2.0;6.0;43.329929;2.03654;2024-06-09 11:05:00
202400054374.0;5;94;94077;2;2;1.0;3.0;48.73061;2.42602;2024-11-29 23:20:00
202400054375.0;5;75;75115;2;3;1.0;3.0;48.8424459;2.311073;2024-07-10 02:20:00
202400054376.0;1;23;23001;1;1;7.0;1.0;46.06518043;2.05469012;2024-10-24 16:40:00
202400054377.0;1;84;84105;2;1;1.0;6.0;43.853903;5.425572;2024-06-08 10:45:00
202400054378.0;1;93;93071;2;1;1.0;6.0;48.942;2.53525;2024-11-30 11:15:00
202400054379.0;1;75;75114;2;1;1.0;6.0;48.840124;2.327722;2024-07-10 19:35:00
202400054380.0;5;93;93046;2;1;1.0;6.0;48.9048651;2.51433456;2024-11-29 22:50:00
202400054381.0;5;83;83068;1;1;1.0;1.0;43.282058;6.585855;2024-06-09 02:45:00
202400054382.0;1;63;63001;1;1;1.0;1.0;46.010003;3.204317;2024-10-25 13:00:00
202400054383.0;5;93;93006;2;1;1.0;6.0;48.87326;2.4219;2024-11-30 01:00:00
202400054384.0;1;75;75112;2;1;1.0;3.0;48.832901;2.383583;2024-07-10 11:00:00
202400054385.0;1;75;75111;2;2;1.0;1.0;48.858701;2.37859;2024-07-10 20:00:00
202400054386.0;1;63;63240;1;3;1.0;3.0;46.036513;3.211629;2024-10-24 18:50:00
202400054387.0;5;93;93031;2;3;1.0;3.0;48.95849659;2.30098919;2024-11-30 18:00:00
202400054388.0;5;75;75108;2;2;1.0;2.0;48.874647;2.320046;2024-07-10 02:42:00
202400054389.0;5;93;93027;2;9;1.0;6.0;48.92156;2.41165;2024-11-30 18:20:00
202400054390.0;3;76;76404;1;1;1.0;4.0;49.550851;0.273532;2024-10-24 20:38:00
202400054391.0;5;94;94080;2;1;2.0;2.0;48.84455425;2.43984702;2024-07-10 01:34:00
202400054392.0;1;93;93010;2;1;1.0;6.0;48.90167263;2.47706443;2024-11-30 12:30:00
202400054393.0;1;94;94080;2;9;1.0;3.0;48.84518887;2.43155189;2024-07-09 21:38:00
202400054394.0;1;94;94003;2;1;1.0;3.0;48.80792465;2.31795806;2024-07-10 16:30:00
202400054395.0;1;94;94073;1;1;1.0;2.0;48.74624;2.37267;2024-07-10 09:50:00
202400054396.0;1;92;92022;2;1;1.0;3.0;48.81336553;2.19215065;2024-11-30 11:00:00
202400054397.0;1;54;54514;1;1;1.0;5.0;49.504076;5.629835;2024-10-16 16:50:00
202400054398.0;5;94;94065;2;3;2.0;6.0;48.7574;2.34469;2024-07-10 02:05:00
202400054399.0;1;92;92062;2;1;1.0;6.0;48.88694322;2.24863619;2024-11-30 15:27:00
202400054400.0;3;29;29068;1;1;1.0;1.0;48.52619024;-3.9631765;2024-10-24 20:40:00
202400054401.0;1;92;92012;2;1;1.0;3.0;48.83286197;2.24394009;2024-11-30 15:40:00
202400054402.0;1;94;94028;2;1;1.0;4.0;48.7833;2.4666;2024-07-10 08:30:00
202300000001.0;1;75;75101;2;4;2.0;7.0;48,86638600;2,32347100;
202300000002.0;5;94;94080;2;1;3.0;6.0;48,84547782;2,42868146;
202300000003.0;1;94;94022;2;3;2.0;1.0;48,76240000;2,40655000;
202300000004.0;5;94;94078;2;1;3.0;5.0;48,73248432;2,44687575;
202300000005.0;5;94;94068;2;2;3.0;3.0;48,78581000;2,49217000;
202300000006.0;1;94;94058;2;3;2.0;6.0;48,83717000;2,51361000;
202300000007.0;1;94;94076;2;1;2.0;4.0;48,78693219;2,36756095;
202300000008.0;1;94;94011;2;2;3.0;1.0;48,78238000;2,49510000;
202300000009.0;1;94;94022;2;3;8.0;3.0;48,76240184;2,40690601;
202300000010.0;1;94;94079;2;1;2.0;6.0;48,83266000;2,54378000;
202300000011.0;1;95;95527;1;9;2.0;3.0;48,99572240;2,51560628;
202300000012.0;1;93;93051;2;3;8.0;3.0;48,83611000;2,56460000;
202300000013.0;1;93;93030;2;1;2.0;2.0;48,95859534;2,41581470;
202300000014.0;1;93;93013;2;6;1.0;6.0;48,94211000;2,42916000;
202300000015.0;1;93;93010;2;1;2.0;2.0;48,90631671;2,48228681;
202300000016.0;5;92;92050;2;2;3.0;3.0;48,88677185;2,20519647;
202300000017.0;5;92;92007;2;9;2.0;3.0;48,80202300;2,31800600;
202300000018.0;1;01;01383;1;3;3.0;1.0;46,08672900;5,11126600;
202300000019.0;1;38;38378;2;1;1.0;6.0;45,43994100;4,76989000;
202300000020.0;1;91;91022;1;1;1.0;1.0;48,33290200;2,14722600;
202300000021.0;1;22;22177;1;1;1.0;2.0;48,63356800; -2,97344300;
202300000022.0;3;972;97226;1;1;1.0;1.0;14,45471200; -60,86090000;
202300000023.0;1;974;97414;2;6;1.0;3.0; -21,28161700;55,40772200;
202300000024.0;5;06;06095;2;1;1.0;7.0;43,64474400;6,88496200;
202300000025.0;1;67;67465;2;1;1.0;3.0;48,79991000;7,98321400;
202300000026.0;1;56;56234;1;1;1.0;7.0;47,54181300; -3,13490700;
202300000027.0;2;2B;2B050;1;1;1.0;6.0;42,55165000;8,77800100;
202300000028.0;5;82;82072;2;1;1.0;2.0;44,11372700;0,85086100;
202300000029.0;1;11;11257;1;1;1.0;6.0;43,14953200;2,49144000;
202300000030.0;1;63;63430;2;1;1.0;1.0;45,84662600;3,52712600;
202300000031.0;3;47;47052;1;1;1.0;6.0;44,29943500;0,09771800;
202300000032.0;1;39;39370;1;1;1.0;7.0;46,98836200;5,78056800;
202300000033.0;1;29;29105;2;1;1.0;3.0;48,50973500; -4,07505900;
202300000034.0;1;29;29024;1;1;1.0;1.0;48,25367700; -3,59460000;
202300000035.0;1;29;29037;1;1;2.0;2.0;47,88371900; -4,16408100;
202300000036.0;1;26;26306;1;1;1.0;7.0;44,33986100;5,29671400;
202300000037.0;3;60;60647;1;1;5.0;7.0;49,39196900;2,97498800;
202300000038.0;2;45;45108;1;1;1.0;7.0;47,61816900;2,54319500;
202300000039.0;1;64;64538;1;1;1.0;3.0;43,15042100; -1,25333700;
202300000040.0;1;16;16132;2;1;1.0;6.0;45,89452600;0,79394500;
202300000041.0;1;07;07167;1;3;7.0;3.0;44,80020241;4,60940391;
202300000042.0;1;17;17218;2;1;1.0;6.0;46,30733800; -0,99866400;
202300000043.0;3;23;23029;1;2;1.0;3.0;46,29574300;1,85053100;
202300000044.0;1;87;87151;2;3;7.0;3.0;45,68893100;1,31785800;
202300000045.0;1;30;30147;1;1;1.0;6.0;44,01987900;4,05547100;
202300000046.0;3;67;67205;1;1;2.0;2.0;48,68097900;7,80884700;
202300000047.0;2;34;34333;1;6;1.0;3.0;43,50098500;3,78650400;
202300000048.0;3;64;64021;1;1;1.0;2.0;43,30865800; -0,24835900;
202300000049.0;3;34;34172;1;1;1.0;4.0;43,60185300;3,92244100;
202300000050.0;1;62;62761;1;1;1.0;2.0;50,23268500;2,85528700;
202300000051.0;1;987;98714;1;1;1.0;6.0; -16,38797000; -151,76487500;
202300000052.0;5;987;98714;1;1;1.0;1.0; -16,38800000; -151,76500000;
202300000053.0;5;971;97126;2;1;1.0;6.0;15,95455700; -61,31453100;
202300000054.0;3;2B;2B140;1;1;1.0;1.0;42,50230800;9,30209400;
202300000055.0;1;66;66030;1;1;1.0;6.0;42,77168300;2,75100200;
202300000056.0;1;34;34059;1;1;1.0;3.0;43,35090900;2,78772700;
202300000057.0;1;34;34145;2;1;1.0;6.0;43,67610500;4,12640700;
202300000058.0;1;34;34344;2;1;1.0;6.0;43,56242700;4,08705400;
202300000059.0;1;83;83037;1;1;1.0;1.0;43,39790700;6,04550600;
202300000060.0;3;63;63248;1;1;3.0;6.0;45,74068157;2,94280054;
202300000061.0;1;38;38405;1;1;1.0;7.0;45,36826300;5,68615400;
202300000062.0;1;69;69019;2;2;2.0;3.0;46,11167500;4,73470000;
202300000063.0;1;64;64139;1;1;1.0;7.0;43,18211300; -0,35245500;
202300000064.0;1;33;33019;2;1;1.0;3.0;44,68750800; -1,00137100;
202300000065.0;2;29;29169;1;1;2.0;6.0;48,07208600; -4,11521900;
202300000066.0;2;22;22339;1;2;7.0;5.0;48,49931800; -2,06519400;
202300000067.0;1;80;80313;1;1;2.0;6.0;49,91459100;2,85086600;
202300000068.0;1;62;62014;2;6;1.0;6.0;50,64178100;2,39776100;
202300000069.0;3;13;13043;1;1;1.0;5.0;43,39100000;5,26600000;
202300000070.0;5;13;13212;1;1;1.0;2.0;43,29171300;5,42438300;
202300000071.0;1;83;83137;1;1;1.0;2.0;43,12650200;5,88729700;
202300000072.0;1;83;83137;2;1;1.0;2.0;43,12130629;5,95312715;
202300000073.0;1;973;97309;2;1;1.0;7.0;4,91229000; -52,30814000;
202300000074.0;1;83;83137;1;1;1.0;2.0;43,12104200;5,95286600;
202300000075.0;1;91;91521;1;1;1.0;6.0;48,63430000;2,40590000;
202300000076.0;1;69;69383;2;2;1.0;3.0;45,76217807;4,85245721;
202300000077.0;1;91;91689;1;1;1.0;2.0;48,74674000;2,32631000;
202300000078.0;1;972;97213;2;3;1.0;3.0;14,61740000; -60,99530000;
202300000079.0;1;91;91553;1;1;1.0;7.0;48,62889000;2,48127000;
202300000080.0;1;972;97213;1;1;1.0;7.0;14,62622000; -61,02538000;
202300000081.0;2;91;91589;1;1;2.0;2.0;48,67837500;2,33615500;
202300000082.0;2;972;97209;1;1;1.0;6.0;14,61732000; -61,07150000;
202300000083.0;5;94;94003;1;1;3.0;2.0;48,81284950;2,33616725;
202300000084.0;4;972;97209;2;4;1.0;3.0;14,62852000; -61,07209000;
202300000085.0;4;78;78646;1;1;3.0;7.0;48,78993000;2,12410200;
202300000086.0;1;972;97209;2;1;1.0;6.0;14,62411000; -61,07874000;
202300000087.0;1;93;93066;1;1;2.0;6.0;48,92786820;2,35769659;
202300000088.0;5;69;69149;2;3;1.0;6.0;45,71643000;4,81121000;
202300000089.0;1;93;93005;1;1;3.0;3.0;48,95991000;2,46651000;
202300000090.0;1;95;95424;2;1;1.0;3.0;48,98885000;2,18178000;
202300000091.0;1;94;94042;1;1;8.0;4.0;48,82728643;2,46925563;
202300000092.0;1;91;91589;2;1;1.0;6.0;48,67111800;2,33710800;
202300000093.0;3;94;94017;1;1;3.0;6.0;48,82647627;2,52002917;
202300000094.0;5;91;91027;2;1;1.0;2.0;48,71474000;2,37104000;
202300000095.0;3;94;94073;1;1;3.0;2.0;48,75426760;2,38140831;
202300000096.0;1;91;91228;2;2;1.0;3.0;48,63101000;2,42480000;
202300000097.0;1;976;97611;2;1;1.0;3.0; -12,82037000;45,19535000;
202300000098.0;1;87;87085;2;2;1.0;3.0;45,81487000;1,26911000;
202300000099.0;1;974;97411;2;1;1.0;2.0; -20,88254000;55,46407000;
202300000100.0;1;974;97411;2;1;1.0;6.0; -20,89174000;55,46705000;
202300000101.0;1;83;83137;2;9;1.0;2.0;43,12116000;5,88990000;
202300000102.0;1;80;80021;2;1;1.0;6.0;49,88966000;2,27153000;
202300000103.0;1;974;97411;2;4;1.0;3.0; -20,88311000;55,42846000;
202300000104.0;1;69;69382;2;2;1.0;6.0;45,75940000;4,83397000;
202300000105.0;1;78;78551;1;2;1.0;1.0;48,93993000;2,09570000;
202300000106.0;1;2B;2B033;2;3;1.0;3.0;42,69665000;9,44800000;
202300000107.0;1;2A;2A139;1;3;1.0;3.0;41,64294500;9,33068600;
202300000108.0;3;971;97101;1;1;1.0;7.0;16,28126961; -61,50708675;
202300000109.0;1;2B;2B043;2;9;1.0;3.0;42,75855400;9,46591300;
202300000110.0;1;76;76231;2;2;1.0;6.0;49,28606000;1,00347000;
202300000111.0;5;971;97105;2;3;1.0;3.0;16,00815123; -61,74000978;
202300000112.0;1;74;74012;2;1;1.0;6.0;46,19183700;6,23707800;
202300000113.0;2;71;71357;1;3;2.0;3.0;46,95986200;5,23336500;
202300000114.0;1;63;63145;1;1;3.0;7.0;45,55364904;3,43233632;
202300000115.0;1;72;72181;1;1;1.0;2.0;48,03115894;0,17877817;
202300000116.0;1;61;61486;2;1;2.0;6.0;48,76278000; -0,73331800;
202300000117.0;1;69;69199;1;2;1.0;3.0;45,69453000;4,84419000;
202300000118.0;1;61;61369;1;1;3.0;2.0;48,62203000; -0,63851500;
202300000119.0;3;61;61473;1;1;1.0;6.0;48,69830600; -0,15355600;
202300000120.0;1;66;66136;2;3;1.0;2.0;42,69315000;2,88780000;
202300000121.0;1;86;86082;1;1;1.0;6.0;46,31347400;0,21675800;
202300000122.0;1;70;70378;2;1;1.0;4.0;47,61297800;6,15066600;
202300000123.0;1;65;65433;2;3;1.0;1.0;43,20476000;0,10091200;
202300000124.0;2;44;44081;1;1;2.0;1.0;46,91736800; -1,54276400;
202300000125.0;1;29;29031;1;2;1.0;5.0;47,80188360; -3,60373083;
202300000126.0;1;69;69266;2;1;1.0;4.0;45,75178000;4,90807000;
202300000127.0;1;64;64445;2;2;1.0;3.0;43,32435000; -0,33857000;
202300000128.0;1;38;38130;1;1;3.0;6.0;45,39507500;5,23567200;
202300000129.0;1;64;64129;2;1;1.0;4.0;43,30314000; -0,39804000;
202300000130.0;2;26;26108;1;4;3.0;3.0;44,72155700;5,01487000;
202300000131.0;1;63;63113;2;1;1.0;7.0;45,78346000;3,09449000;
202300000132.0;2;64;64125;2;1;1.0;1.0;43,43587000; -1,59319000;
202300000133.0;3;54;54435;1;1;5.0;6.0;48,96469500;5,94241000;
202300000134.0;2;60;60509;2;1;1.0;6.0;49,29669500;2,60383100;
202300000135.0;1;60;60159;1;1;1.0;1.0;49,42012903;2,90621939;
202300000136.0;1;16;16016;1;1;8.0;1.0;45,99181100;0,62688100;
202300000137.0;3;53;53084;1;1;8.0;2.0;47,84766900; -0,97859900;
202300000138.0;5;59;59512;2;3;1.0;3.0;50,70133000;3,19065000;
202300000139.0;5;85;85042;2;3;8.0;1.0;46,37013871; -0,99600328;
202300000140.0;1;57;57480;2;1;1.0;3.0;49,09370000;6,16252000;
202300000141.0;1;28;28391;1;1;1.0;1.0;48,17460000;1,92507500;
202300000142.0;2;56;56162;2;6;1.0;3.0;47,73655000; -3,43250000;
202300000143.0;2;54;54382;1;1;1.0;2.0;49,54786000;5,80309000;
202300000144.0;1;37;37231;1;2;1.0;3.0;47,59701900;0,52637300;
202300000145.0;3;52;52094;1;1;2.0;6.0;47,66916000;5,11877000;
202300000146.0;1;51;51108;2;3;1.0;3.0;48,94682000;4,36500000;
202300000147.0;1;49;49246;2;1;1.0;2.0;47,42896000; -0,54462000;
202300000148.0;1;88;88372;1;1;1.0;6.0;48,38938200;6,80908800;
202300000149.0;1;49;49007;2;2;1.0;3.0;47,47617000; -0,54508000;
202300000150.0;5;987;98752;2;1;1.0;1.0; -17,72200000; -149,39900000;
202300000151.0;5;37;37233;2;1;1.0;6.0;47,39180000;0,72023000;
202300000152.0;1;10;10438;1;1;8.0;7.0;48,16508500;4,59269100;
202300000153.0;1;37;37122;2;1;1.0;6.0;47,35759000;0,64388000;
202300000154.0;1;973;97309;1;6;1.0;3.0;4,90091544; -52,30593073;
202300000155.0;1;37;37261;2;2;1.0;3.0;47,40939000;0,70767000;
202300000156.0;5;37;37261;2;1;1.0;2.0;47,37668000;0,67120000;
202300000157.0;5;06;06085;1;1;2.0;3.0;43,59603800;7,03722100;
202300000158.0;1;36;36044;2;1;3.0;7.0;46,82059532;1,68097794;
202300000159.0;1;13;13091;1;1;2.0;7.0;43,59465900;5,31759700;
202300000160.0;1;35;35278;2;1;1.0;2.0;48,15439000; -1,68670000;
202300000161.0;1;31;31555;2;1;1.0;6.0;43,55831000;1,50338000;
202300000162.0;3;91;91200;2;1;2.0;6.0;48,53030300;2,02594500;
202300000163.0;1;29;29232;2;1;2.0;6.0;48,00303416; -4,09876715;
202300000164.0;1;66;66037;1;6;8.0;6.0;42,65932480;3,03266913;
202300000165.0;1;29;29232;2;1;1.0;2.0;47,99343000; -4,07306000;
202300000166.0;5;30;30307;2;1;2.0;6.0;44,19200500;4,04369800;
202300000167.0;1;27;27229;1;1;1.0;2.0;49,01573000;1,17923000;
202300000168.0;1;22;22278;2;2;1.0;3.0;48,51634000; -2,73499000;
202300000169.0;5;84;84092;1;3;1.0;3.0;43,97646400;4,85805500;
202300000170.0;1;17;17306;2;1;1.0;2.0;45,63164000; -0,99613000;
202300000171.0;5;21;21263;2;1;2.0;6.0;47,24322000;5,05683600;
202300000172.0;1;13;13201;2;1;1.0;1.0;43,29500000;5,37740000;
202300000173.0;1;63;63247;1;1;2.0;6.0;45,57687700;2,94038800;
202300000174.0;1;13;13202;2;2;1.0;1.0;43,30313000;5,36656000;
202300000175.0;1;01;01043;1;1;2.0;3.0;45,82242600;4,99268500;
202300000176.0;1;13;13209;2;1;1.0;5.0;43,26172749;5,39739630;
202300000177.0;1;13;13202;2;3;1.0;3.0;43,33589000;5,35425000;
202300000178.0;4;86;86095;2;1;5.0;6.0;46,69466800;0,42271300;
202300000179.0;1;11;11069;2;1;1.0;6.0;43,21366000;2,36726000;
202300000180.0;5;85;85092;2;6;1.0;3.0;46,46415700; -0,80006000;
202300000181.0;1;10;10357;2;6;1.0;6.0;48,29615000;4,13315000;
202300000182.0;1;08;08409;2;3;1.0;3.0;49,69791137;4,92147669;
202300000183.0;3;02;02798;1;1;1.0;7.0;48,91719800;3,39457200;
202300000184.0;1;06;06088;2;9;1.0;3.0;43,71157000;7,28657000;
202300000185.0;1;06;06027;2;1;1.0;7.0;43,66517200;7,15365100;
202300000186.0;5;13;13085;1;1;1.0;3.0;43,26649929;5,58640523;
202300000187.0;1;974;97411;1;1;1.0;2.0; -20,88864000;55,43690000;
202300000188.0;1;13;13070;1;1;1.0;2.0;43,28499911;5,51803038;
202300000189.0;1;973;97302;2;1;1.0;3.0;4,93691000; -52,33059000;
202300000190.0;1;973;97302;2;2;1.0;3.0;4,94192220; -52,33251733;
202300000191.0;1;13;13117;1;1;1.0;2.0;43,43921695;5,25051623;
202300000192.0;3;973;97302;2;6;2.0;7.0;4,92468782; -52,32331681;
202300000193.0;4;33;33249;1;1;1.0;7.0;44,88069000; -0,51049000;
202300000194.0;1;973;97302;2;1;1.0;3.0;4,92460311; -52,31780273;
202300000195.0;3;33;33080;1;1;3.0;6.0;44,73252547; -0,53105056;
202300000196.0;5;69;69388;2;2;1.0;3.0;45,72944000;4,86738000;
202300000197.0;3;69;69386;2;2;1.0;3.0;45,76930000;4,85041000;
202300000198.0;1;91;91228;1;1;1.0;4.0;48,62536000;2,41718000;
202300000199.0;1;69;69386;2;2;1.0;6.0;45,77265000;4,84408000;
202300000200.0;5;972;97209;2;1;1.0;6.0;14,61737450; -61,04709327;
202300000201.0;3;95;95394;1;1;1.0;5.0;49,05242260;2,19653606;
202300000202.0;5;69;69385;2;1;1.0;6.0;45,76199000;4,82606000;
202300000203.0;1;93;93048;2;3;1.0;3.0;48,85742000;2,44007000;
202300000204.0;3;95;95018;1;1;1.0;3.0;48,95779393;2,27531787;
202300000205.0;1;2B;2B304;2;1;1.0;3.0;42,39210000;9,26010000;
202300000206.0;1;93;93010;2;1;1.0;3.0;48,91408300;2,48303200;
202300000207.0;3;95;95572;1;9;1.0;6.0;49,03175492;2,11662570;
202300000208.0;1;95;95018;1;1;1.0;6.0;48,96133400;2,26904900;
202300000209.0;1;93;93010;2;2;7.0;6.0;48,91759500;2,48514500;
202300000210.0;1;81;81257;2;3;1.0;3.0;43,94586000;2,20024000;
202300000211.0;1;93;93057;2;1;1.0;6.0;48,90913000;2,50202900;
202300000212.0;3;77;77305;2;1;1.0;6.0;48,38871000;2,96866000;
202300000213.0;1;95;95218;1;1;1.0;4.0;49,03508733;2,09852278;
202300000214.0;1;76;76351;2;1;1.0;3.0;49,50910000;0,15690000;
202300000215.0;1;93;93059;2;9;2.0;3.0;48,96220900;2,37179000;
202300000216.0;1;93;93072;2;1;1.0;6.0;48,95586913;2,38074408;
202300000217.0;5;67;67482;2;3;1.0;3.0;48,57160000;7,77026000;
202300000218.0;3;93;93064;1;1;1.0;4.0;48,87686000;2,47890000;
202300000219.0;1;93;93059;2;3;1.0;3.0;48,95880000;2,35860000;
202300000220.0;1;67;67482;2;8;2.0;3.0;48,54732200;7,76580400;
202300000221.0;1;14;14724;1;1;1.0;2.0;49,26880100; -0,15799200;
202300000222.0;4;93;93072;2;5;3.0;3.0;48,94980800;2,38592100;
202300000223.0;1;67;67482;2;1;2.0;2.0;48,59168000;7,69267000;
202300000224.0;1;973;97302;2;3;1.0;3.0;4,92996828; -52,30413044;
202300000225.0;5;67;67482;2;3;2.0;3.0;48,57921000;7,73336000;
202300000226.0;1;93;93057;2;1;1.0;5.0;48,91091800;2,51500200;
202300000227.0;5;69;69383;2;1;1.0;6.0;45,76357000;4,84496000;
202300000228.0;1;93;93057;2;9;8.0;6.0;48,91034100;2,51109600;
202300000229.0;5;66;66136;2;3;1.0;3.0;42,72231000;2,88650000;
202300000230.0;1;69;69387;2;2;1.0;6.0;45,73163000;4,82482000;
202300000231.0;1;66;66136;2;1;1.0;3.0;42,68530000;2,90196000;
202300000232.0;3;50;50551;1;2;1.0;3.0;49,36533400; -1,53211000;
202300000233.0;1;972;97213;2;1;1.0;2.0;14,62349000; -60,98867000;
202300000234.0;1;66;66136;2;1;1.0;2.0;42,72565000;2,88092000;
202300000235.0;5;93;93059;2;5;1.0;6.0;48,97349223;2,36594216;
202300000236.0;5;64;64024;2;1;1.0;6.0;43,48923000; -1,51674000;
202300000237.0;1;972;97213;2;1;1.0;3.0;14,62437000; -60,97587000;
202300000238.0;5;93;93057;2;3;1.0;3.0;48,90817200;2,49651600;
202300000239.0;1;972;97209;2;1;1.0;6.0;14,60487776; -61,08599763;
202300000240.0;1;63;63113;2;4;1.0;3.0;45,77693000;3,08366000;
202300000241.0;1;93;93010;2;1;1.0;3.0;48,90711400;2,48930000;
202300000242.0;1;59;59279;2;2;1.0;6.0;50,77977000;3,12933000;
202300000243.0;1;2B;2B353;2;1;1.0;3.0;42,71681000;9,45531000;
202300000244.0;5;93;93010;2;3;1.0;6.0;48,91781000;2,48103000;
202300000245.0;1;59;59410;2;2;2.0;3.0;50,64198000;3,10034900;
202300000246.0;2;91;91027;2;1;1.0;2.0;48,71355000;2,40028000;
202300000247.0;4;93;93010;2;1;2.0;6.0;48,90557700;2,47916500;
202300000248.0;1;93;93057;2;1;1.0;7.0;48,90959100;2,51454000;
202300000249.0;5;56;56121;2;6;2.0;1.0;47,76125000; -3,36596000;
202300000250.0;2;87;87085;2;1;1.0;2.0;45,87610000;1,26458000;
202300000251.0;1;93;93010;2;1;1.0;6.0;48,91353500;2,47855100;
202300000252.0;2;54;54025;2;1;1.0;6.0;48,66821200;6,23317600;
202300000253.0;5;93;93059;2;9;1.0;6.0;48,95831621;2,35855259;
202300000254.0;1;86;86027;2;2;1.0;3.0;46,57876500;0,31490700;
202300000255.0;1;51;51454;2;3;1.0;3.0;49,26306900;4,04495700;
202300000256.0;5;84;84087;2;1;2.0;6.0;44,13545000;4,80670000;
202300000257.0;1;93;93048;2;1;1.0;3.0;48,85940000;2,43717000;
202300000258.0;1;51;51172;2;6;1.0;3.0;49,21969000;4,04128000;
202300000259.0;1;49;49099;2;1;1.0;6.0;47,05677000; -0,86546000;
202300000260.0;1;84;84007;2;9;8.0;3.0;43,94126000;4,83230000;
202300000261.0;3;49;49007;2;1;2.0;2.0;47,46300000; -0,54774000;
202300000262.0;1;82;82121;2;6;2.0;6.0;44,02548492;1,35675707;
202300000263.0;1;42;42207;2;1;1.0;6.0;45,47466700;4,50785900;
202300000264.0;1;42;42218;2;1;1.0;6.0;45,44269000;4,38616700;
202300000265.0;1;37;37195;2;1;1.0;6.0;47,38389000;0,65060000;
202300000266.0;1;77;77059;2;1;1.0;2.0;48,85035000;2,66471700;
202300000267.0;1;76;76575;2;1;8.0;;49,39615000;1,09471000;
202300000268.0;1;33;33249;2;3;2.0;3.0;44,88685000; -0,51951000;
202300000269.0;1;76;76351;2;2;1.0;6.0;49,49754000;0,11561000;
202300000270.0;1;93;93053;2;3;8.0;3.0;48,89148000;2,44784000;
202300000271.0;5;76;76351;2;1;2.0;6.0;49,50123000;0,17188000;
202300000272.0;1;28;28134;2;7;1.0;6.0;48,73165548;1,36993289;
202300000273.0;1;93;93053;2;1;8.0;6.0;48,90208300;2,46132900;
202300000274.0;5;76;76114;2;3;1.0;6.0;49,56555000;0,47835000;
202300000275.0;1;28;28134;2;1;1.0;2.0;48,73198000;1,36179000;
202300000276.0;1;21;21617;2;1;1.0;6.0;47,33769321;4,99247909;
202300000277.0;1;72;72181;2;9;1.0;6.0;47,99056000;0,20618000;
202300000278.0;5;69;69266;2;7;1.0;6.0;45,76770000;4,89360000;
202300000279.0;4;67;67482;2;3;2.0;3.0;48,59879000;7,75289000;
202300000280.0;3;13;13026;1;3;1.0;1.0;43,38692000;5,19282000;
202300000281.0;1;69;69092;2;9;1.0;3.0;45,99480000;4,70722000;
202300000282.0;5;13;13204;2;1;1.0;1.0;43,31522040;5,39222746;
202300000283.0;1;63;63113;2;2;2.0;3.0;45,76909250;3,08730070;
202300000284.0;1;09;09225;2;9;2.0;6.0;43,10779000;1,61857000;
202300000285.0;1;69;69115;2;1;1.0;2.0;45,97500000;4,70644000;
202300000286.0;1;63;63113;2;1;1.0;3.0;45,78180000;3,10540000;
202300000287.0;1;08;08180;2;3;1.0;5.0;49,72500538;4,72679606;
202300000288.0;1;69;69290;2;1;1.0;4.0;45,72197000;4,93440000;
202300000289.0;1;63;63113;2;2;1.0;6.0;45,77478680;3,07962790;
202300000290.0;5;02;02738;2;2;1.0;6.0;49,65827000;3,28853000;
202300000291.0;5;69;69290;2;4;1.0;1.0;45,70340000;4,89543000;
202300000292.0;1;63;63113;2;6;1.0;3.0;45,79800000;3,14740000;
202300000293.0;1;75;75116;2;1;1.0;4.0;48,85662400;2,25750900;
202300000294.0;1;64;64122;2;4;1.0;3.0;43,46101000; -1,54889000;
202300000295.0;1;63;63113;2;1;1.0;2.0;45,77122500;3,10149000;
202300000296.0;5;63;63113;2;1;1.0;7.0;45,76860000;3,08975000;
202300000297.0;1;63;63113;2;2;1.0;6.0;45,78931410;3,11665380;
202300000298.0;1;63;63113;2;1;1.0;4.0;45,79123758;3,08403611;
202300000299.0;3;62;62907;1;9;1.0;1.0;50,48488229;2,98334107;
202300000300.0;1;63;63113;2;2;1.0;4.0;45,76160000;3,08940000;
202300000301.0;4;61;61001;2;1;1.0;6.0;48,43209000;0,07185000;
202300000302.0;5;63;63113;2;1;1.0;6.0;45,76448000;3,12483000;
202300000303.0;1;56;56121;2;2;1.0;6.0;47,74317000; -3,38876000;
202300000304.0;1;63;63032;2;1;1.0;3.0;45,75320000;3,08980000;
202300000305.0;5;50;50147;2;1;8.0;3.0;49,06483450; -1,43259600;
202300000306.0;1;63;63113;2;1;1.0;3.0;45,79309300;3,06887300;
202300000307.0;1;50;50129;2;3;1.0;3.0;49,62409000; -1,64592000;