Num_Acc;lum;departement;commune;agglomeration;intersection;meteo;type_collision;lat;long;date
202300000308.0;1;63;63113;2;2;1.0;3.0;45,78970000;3,11800000;
202300000309.0;1;49;49099;2;2;1.0;3.0;47,04683000; -0,84719000;
202300000310.0;1;49;49007;2;1;1.0;6.0;47,46953000; -0,53332000;
202300000311.0;1;63;63075;2;1;1.0;5.0;45,77540300;3,06894500;
202300000312.0;1;49;49007;2;1;1.0;6.0;47,45557000; -0,52434000;
202300000313.0;1;63;63113;2;9;1.0;3.0;45,78430000;3,11510000;
202300000314.0;1;47;47001;2;9;1.0;3.0;44,20622000;0,63535000;
202300000315.0;1;63;63113;2;2;1.0;3.0;45,79412000;3,11246000;
202300000316.0;5;45;45147;2;2;1.0;1.0;47,92093000;1,90233000;
202300000317.0;1;63;63113;2;1;1.0;6.0;45,79240705;3,14922988;
202300000318.0;1;44;44184;2;1;1.0;3.0;47,28737000; -2,21006000;
202300000319.0;1;63;63063;2;2;1.0;3.0;45,81631000;3,10268100;
202300000320.0;2;44;44109;2;1;1.0;2.0;47,23978796; -1,51308709;
202300000321.0;2;37;37261;2;1;8.0;3.0;47,36385000;0,68794000;
202300000322.0;1;63;63014;2;1;1.0;4.0;45,75080000;3,13280000;
202300000323.0;2;63;63014;2;1;1.0;7.0;45,76120000;3,10920000;
202300000324.0;5;33;33318;2;3;2.0;3.0;44,78654743; -0,64460725;
202300000325.0;5;33;33069;2;1;3.0;6.0;44,86652629; -0,59033677;
202300000326.0;1;63;63113;2;4;3.0;3.0;45,77867000;3,11669000;
202300000327.0;1;33;33522;2;1;1.0;6.0;44,80680000; -0,57320000;
202300000328.0;1;63;63075;2;2;1.0;6.0;45,77340000;3,07460000;
202300000329.0;1;33;33069;2;6;1.0;3.0;44,86833000; -0,59831000;
202300000330.0;1;63;63113;2;1;3.0;1.0;45,81162936;3,13219249;
202300000331.0;5;30;30007;2;1;2.0;6.0;44,14536000;4,10157000;
202300000332.0;5;29;29232;2;1;1.0;6.0;47,98657900; -4,08143600;
202300000333.0;1;63;63113;2;3;1.0;3.0;45,77620000;3,09340000;
202300000334.0;1;63;63113;2;1;1.0;1.0;45,81159835;3,13226632;
202300000335.0;2;27;27375;2;1;8.0;6.0;49,21712000;1,16399000;
202300000336.0;2;67;67152;1;1;5.0;2.0;48,52919000;7,69379000;
202300000337.0;5;91;91377;2;3;1.0;3.0;48,73953000;2,30035000;
202300000338.0;1;15;15014;2;3;1.0;3.0;44,91600900;2,42759500;
202300000339.0;5;14;14101;2;3;1.0;1.0;49,16624400; -0,41864800;
202300000340.0;3;14;14137;1;3;3.0;6.0;49,18410292; -0,45852497;
202300000341.0;1;73;73065;2;1;1.0;6.0;45,56862000;5,92155000;
202300000342.0;1;13;13215;2;5;7.0;3.0;43,34812000;5,36250000;
202300000343.0;5;32;32160;2;1;2.0;6.0;43,61266500;1,08079900;
202300000344.0;2;84;84087;2;1;1.0;1.0;44,13247000;4,81438000;
202300000345.0;1;21;21060;2;9;1.0;3.0;47,35587586;5,26534807;
202300000346.0;1;04;04209;1;1;1.0;5.0;44,18941900;5,94629900;
202300000347.0;1;27;27185;1;1;1.0;7.0;49,20875900;0,98113100;
202300000348.0;1;27;27289;1;1;8.0;1.0;48,93047700;0,43974700;
202300000349.0;1;72;72181;2;1;1.0;3.0;48,00214000;0,20727000;
202300000350.0;1;37;37134;1;1;1.0;7.0;47,18010813;0,77851501;
202300000351.0;1;60;60057;2;9;2.0;6.0;49,43510000;2,09979000;
202300000352.0;1;30;30352;2;1;1.0;3.0;43,78982200;4,09041200;
202300000353.0;5;30;30189;2;1;1.0;6.0;43,83460000;4,41360000;
202300000354.0;1;88;88487;1;2;1.0;3.0;47,94256200;6,47142700;
202300000355.0;2;58;58194;2;1;2.0;3.0;46,99225000;3,14532000;
202300000356.0;3;973;97307;1;1;5.0;7.0;4,82359900; -52,34030500;
202300000357.0;5;978;97801;2;1;1.0;2.0;18,06525500; -63,03880500;
202300000358.0;5;58;58194;2;1;2.0;4.0;46,99911000;3,15026000;
202300000359.0;1;33;33205;1;1;1.0;2.0;44,62455402; -0,39741755;
202300000360.0;1;68;68278;2;2;1.0;3.0;47,76503900;7,39216700;
202300000361.0;5;93;93066;2;1;1.0;6.0;48,93172886;2,35610680;
202300000362.0;5;33;33005;2;1;1.0;6.0;44,74745700; -1,10552600;
202300000363.0;1;59;59512;2;1;1.0;6.0;50,69566000;3,15975000;
202300000364.0;1;988;98804;1;1;1.0;3.0; -21,54245100;166,01161500;
202300000365.0;4;58;58194;2;1;3.0;1.0;46,99493000;3,13339000;
202300000366.0;1;29;29233;2;6;1.0;3.0;47,87964487; -3,55418695;
202300000367.0;1;58;58194;2;6;1.0;3.0;46,99462000;3,18933000;
202300000368.0;1;77;77265;1;1;1.0;1.0;48,96685200;3,16401800;
202300000369.0;5;75;75112;2;1;3.0;6.0;48,83414400;2,40405100;
202300000370.0;1;66;66037;2;3;1.0;1.0;42,68892500;3,03487100;
202300000371.0;1;93;93063;2;1;1.0;6.0;48,89372743;2,43536960;
202300000372.0;1;66;66182;2;1;7.0;6.0;42,72874500;3,02458800;
202300000373.0;1;68;68359;1;1;1.0;1.0;47,84933800;7,14774600;
202300000374.0;5;93;93063;2;1;1.0;1.0;48,87613647;2,44855594;
202300000375.0;1;55;55122;2;1;1.0;6.0;48,76226100;5,59236800;
202300000376.0;1;93;93045;2;9;1.0;6.0;48,88092000;2,42009000;
202300000377.0;3;38;38565;1;9;1.0;6.0;45,26346400;5,65652900;
202300000378.0;3;07;07279;1;1;1.0;6.0;44,43155700;4,64227800;
202300000379.0;1;93;93063;2;1;1.0;6.0;48,88509880;2,43465029;
202300000380.0;3;69;69270;1;1;1.0;1.0;45,63706339;4,91756394;
202300000381.0;2;93;93006;2;1;8.0;3.0;48,87672000;2,42325000;
202300000382.0;1;31;31291;2;2;1.0;5.0;43,59422400;1,23545800;
202300000383.0;1;93;93006;2;9;1.0;6.0;48,87093000;2,41727000;
202300000384.0;1;33;33240;2;1;1.0;6.0;45,31291536; -0,94129980;
202300000385.0;5;93;93006;2;2;1.0;2.0;48,86758954;2,41697341;
202300000386.0;1;33;33100;1;2;1.0;1.0;45,14087600; -0,59741100;
202300000387.0;2;56;56246;1;1;1.0;6.0;48,05250000; -2,98229500;
202300000388.0;1;93;93006;2;9;1.0;3.0;48,87113937;2,43077821;
202300000389.0;3;22;22136;1;1;1.0;6.0;48,15921900; -2,81214600;
202300000390.0;1;93;93006;2;4;1.0;3.0;48,86335000;2,41434000;
202300000391.0;5;59;59512;2;8;1.0;6.0;50,70224500;3,16457100;
202300000392.0;1;59;59087;1;2;7.0;5.0;50,66744382;2,45745465;
202300000393.0;2;59;59452;2;1;1.0;1.0;50,45903100;3,02317700;
202300000394.0;1;44;44020;2;8;1.0;6.0;47,18188300; -1,57611700;
202300000395.0;1;13;13005;1;1;1.0;3.0;43,28897200;5,55953200;
202300000396.0;3;82;82028;1;8;1.0;1.0;43,85086200;1,28697900;
202300000397.0;1;67;67218;1;1;1.0;2.0;48,53066000;7,69460000;
202300000398.0;3;38;38454;1;8;1.0;6.0;45,15590000;5,33619000;
202300000399.0;1;91;91086;1;1;1.0;4.0;48,62347000;2,39039000;
202300000400.0;3;64;64102;2;8;1.0;6.0;43,47355200; -1,48345900;
202300000401.0;1;91;91377;2;9;1.0;3.0;48,71920000;2,29881000;
202300000402.0;2;78;78372;2;8;1.0;6.0;48,87182400;2,08331400;
202300000403.0;1;94;94016;1;1;1.0;2.0;48,79246904;2,34446138;
202300000404.0;3;10;10426;1;8;1.0;6.0;48,16228200;4,78820000;
202300000405.0;1;78;78640;1;1;1.0;2.0;48,77771100;2,21809600;
202300000406.0;1;49;49307;1;1;1.0;6.0;47,41247300; -0,31901000;
202300000407.0;1;78;78140;1;1;1.0;6.0;48,96497400;1,92491200;
202300000408.0;1;92;92036;1;1;1.0;3.0;48,93540166;2,26544968;
202300000409.0;1;93;93078;1;1;1.0;2.0;48,96216227;2,54624123;
202300000410.0;1;91;91027;2;1;2.0;2.0;48,70579000;2,36682900;
202300000411.0;1;93;93008;1;1;1.0;6.0;48,90640692;2,45788515;
202300000412.0;1;92;92036;1;1;1.0;2.0;48,93472322;2,30194713;
202300000413.0;5;13;13213;1;1;1.0;2.0;43,32991768;5,40887117;
202300000414.0;1;95;95241;1;1;1.0;4.0;49,05119000;2,42953000;
202300000415.0;1;52;52448;2;1;1.0;6.0;48,64061800;4,95495000;
202300000416.0;1;94;94042;1;1;1.0;2.0;48,82854107;2,47576095;
202300000417.0;1;01;01299;1;8;1.0;3.0;46,02382667;5,05243421;
202300000418.0;1;94;94052;1;1;1.0;4.0;48,83826565;2,49372861;
202300000419.0;1;93;93061;2;1;1.0;3.0;48,88660200;2,40732600;
202300000420.0;1;76;76351;2;3;1.0;6.0;49,51960000;0,11003000;
202300000421.0;1;31;31555;2;2;2.0;3.0;43,57425000;1,40350000;
202300000422.0;1;27;27681;2;6;1.0;6.0;49,09049120;1,48459610;
202300000423.0;1;93;93006;2;3;1.0;3.0;48,86295600;2,41518500;
202300000424.0;1;27;27229;2;1;1.0;6.0;49,01698000;1,12549000;
202300000425.0;5;93;93045;2;1;1.0;3.0;48,87730400;2,41393300;
202300000426.0;1;75;75109;2;3;1.0;6.0;48,87211000;2,34670200;
202300000427.0;1;41;41025;1;1;1.0;6.0;47,55568100;1,53792500;
202300000428.0;1;92;92036;2;1;1.0;6.0;48,92355000;2,29651000;
202300000429.0;5;91;91434;2;7;8.0;6.0;48,66441000;2,35314000;
202300000430.0;1;62;62193;2;1;1.0;3.0;50,93944500;1,86340300;
202300000431.0;5;59;59512;2;8;1.0;6.0;50,70224500;3,16457100;
202300000432.0;3;974;97416;1;1;1.0;1.0; -21,30416000;55,42741000;
202300000433.0;1;30;30276;1;1;1.0;7.0;43,61346600;4,19248400;
202300000434.0;1;974;97416;1;1;1.0;4.0; -21,31394000;55,49387000;
202300000435.0;1;974;97416;1;1;1.0;3.0; -21,29586000;55,44425000;
202300000436.0;5;71;71270;2;1;2.0;6.0;46,30126441;4,83039012;
202300000437.0;1;84;84075;1;1;1.0;7.0;44,01313831;5,24676098;
202300000438.0;1;974;97407;2;6;1.0;2.0; -20,94062000;55,30813000;
202300000439.0;1;973;97302;2;1;1.0;5.0;4,91710000; -52,32148000;
202300000440.0;1;47;47297;1;1;1.0;7.0;44,30711000;0,64239700;
202300000441.0;1;972;97213;1;1;1.0;2.0;14,61329000; -61,00925000;
202300000442.0;1;71;71153;2;1;1.0;6.0;46,80445600;4,44091300;
202300000443.0;1;69;69389;2;1;1.0;2.0;45,78571000;4,80088000;
202300000444.0;1;95;95394;2;1;1.0;6.0;49,06113200;2,18229300;
202300000445.0;1;2B;2B037;1;1;1.0;4.0;42,60817900;9,43795800;
202300000446.0;3;976;97613;1;1;1.0;1.0; -12,75625900;45,08957500;
202300000447.0;1;971;97101;2;9;1.0;6.0;16,25176000; -61,54082000;
202300000448.0;1;2A;2A004;2;6;8.0;3.0;41,92960000;8,76117000;
202300000449.0;3;91;91079;1;1;8.0;1.0;48,37116100;2,16374900;
202300000450.0;1;95;95277;1;1;1.0;2.0;48,99152208;2,47641921;
202300000451.0;1;95;95252;2;1;1.0;6.0;48,98873183;2,20723271;
202300000452.0;1;95;95306;2;7;7.0;6.0;48,99084000;2,16775000;
202300000453.0;3;82;82051;1;1;2.0;5.0;44,21368700;1,14188100;
202300000454.0;1;91;91021;2;1;1.0;6.0;48,58417100;2,24416400;
202300000455.0;1;91;91479;2;1;1.0;7.0;48,70576000;2,36306000;
202300000456.0;1;82;82178;1;1;8.0;6.0;43,84332000;1,15830400;
202300000457.0;1;91;91589;2;2;1.0;3.0;48,68085000;2,34269000;
202300000458.0;4;91;91095;2;2;9.0;3.0;48,51844500;2,28820900;
202300000459.0;1;87;87085;2;1;1.0;6.0;45,87425000;1,29475000;
202300000460.0;1;87;87085;2;1;1.0;7.0;45,83893000;1,22641000;
202300000461.0;1;87;87085;2;1;1.0;7.0;45,81619000;1,22230000;
202300000462.0;3;84;84008;1;1;1.0;7.0;44,15302100;5,12332000;
202300000463.0;1;87;87113;2;1;1.0;6.0;45,86966000;1,31559000;
202300000464.0;1;86;86194;2;2;1.0;3.0;46,58562500;0,33316700;
202300000465.0;1;86;86214;2;6;1.0;3.0;46,56041500;0,36822400;
202300000466.0;1;80;80001;2;1;1.0;6.0;50,10375000;1,84056000;
202300000467.0;1;78;78350;1;1;1.0;2.0;48,84351000;2,10988000;
202300000468.0;1;77;77210;1;1;1.0;1.0;48,36124000;2,89981000;
202300000469.0;1;76;76540;2;3;9.0;1.0;49,42704000;1,09606000;
202300000470.0;1;76;76341;2;4;1.0;6.0;49,51058000;0,19927000;
202300000471.0;1;76;76447;2;1;1.0;6.0;49,54366000;0,15046000;
202300000472.0;1;74;74010;2;1;1.0;6.0;45,89938329;6,12183917;
202300000473.0;1;72;72181;2;1;1.0;2.0;47,98616000;0,22529000;
202300000474.0;1;71;71499;2;1;1.0;6.0;46,64029000;4,28625000;
202300000475.0;1;71;71306;2;1;1.0;6.0;46,66567000;4,33895000;
202300000476.0;5;69;69266;2;1;2.0;6.0;45,76215000;4,88037000;
202300000477.0;1;69;69266;2;1;8.0;6.0;45,77633000;4,90030000;
202300000478.0;1;69;69286;2;1;1.0;6.0;45,80617000;4,89718000;
202300000479.0;1;66;66136;2;1;1.0;4.0;42,67737000;2,89074000;
202300000480.0;5;64;64102;2;6;1.0;6.0;43,48812000; -1,49102000;
202300000481.0;1;64;64102;2;1;1.0;6.0;43,50092000; -1,44589000;
202300000482.0;1;62;62907;2;9;1.0;6.0;50,48088000;3,01412000;
202300000483.0;1;59;59350;2;1;1.0;4.0;50,65628000;3,08816000;
202300000484.0;1;59;59178;2;1;1.0;1.0;50,40124000;3,12581000;
202300000485.0;1;56;56121;2;1;1.0;6.0;47,75477000; -3,36154000;
202300000486.0;1;56;56121;2;1;1.0;6.0;47,74781000; -3,36216000;
202300000487.0;1;54;54495;2;1;1.0;1.0;48,68919908;6,24955773;
202300000488.0;1;54;54395;2;2;7.0;6.0;48,69105003;6,17519081;
202300000489.0;1;54;54575;1;1;1.0;2.0;49,47200000;5,83868000;
202300000490.0;1;51;51454;2;6;1.0;3.0;49,24137000;4,04425000;
202300000491.0;1;51;51454;2;1;1.0;1.0;49,24802000;4,00854000;
202300000492.0;1;51;51230;2;1;7.0;6.0;49,04224000;3,96453000;
202300000493.0;1;50;50129;1;1;1.0;4.0;49,64155000; -1,53670000;
202300000494.0;1;69;69383;2;2;3.0;3.0;45,75282000;4,86957000;
202300000495.0;5;972;97213;1;1;1.0;5.0;14,61644286; -61,01540744;
202300000496.0;5;972;97209;1;1;1.0;1.0;14,61738000; -61,06168000;
202300000497.0;1;69;69389;2;1;1.0;6.0;45,78919000;4,79953000;
202300000498.0;1;69;69389;2;1;1.0;6.0;45,77497000;4,80602000;
202300000499.0;1;971;97120;2;9;2.0;6.0;16,23383207; -61,53271258;
202300000500.0;1;971;97113;1;3;1.0;3.0;16,21770000; -61,51403000;
202300000501.0;5;91;91103;2;2;1.0;1.0;48,61253000;2,27827000;
202300000502.0;1;988;98818;2;2;1.0;3.0; -22,27724000;166,44399000;
202300000503.0;5;91;91174;2;2;1.0;1.0;48,58308000;2,47649000;
202300000504.0;1;69;69149;2;1;1.0;2.0;45,71439037;4,81840357;
202300000505.0;1;87;87050;2;2;3.0;3.0;45,87695000;1,24053000;
202300000506.0;1;2B;2B120;2;1;1.0;6.0;42,64779000;9,44026000;
202300000507.0;1;84;84035;2;9;1.0;6.0;43,83446500;5,04100500;
202300000508.0;1;971;97113;2;1;1.0;3.0;16,21571166; -61,50317609;
202300000509.0;1;80;80021;2;1;1.0;6.0;49,89482000;2,29912000;
202300000510.0;5;971;97101;2;1;1.0;6.0;16,23969000; -61,51937000;
202300000511.0;1;80;80674;1;1;8.0;4.0;49,91594000;2,34074000;
202300000512.0;1;971;97113;1;1;2.0;1.0;16,21971000; -61,47981000;
202300000513.0;2;78;78220;1;1;1.0;3.0;48,70833000;1,89022000;
202300000514.0;1;971;97101;1;1;2.0;7.0;16,25813000; -61,51951000;
202300000515.0;3;78;78015;1;3;3.0;3.0;48,97943000;2,04800000;
202300000516.0;1;2A;2A004;2;2;1.0;3.0;41,93442000;8,74183000;
202300000517.0;3;77;77495;2;1;1.0;2.0;48,57241000;2,62113000;
202300000518.0;1;76;76540;2;2;2.0;3.0;49,43483000;1,10583000;
202300000519.0;5;76;76351;2;6;1.0;7.0;49,48925000;0,11118000;
202300000520.0;1;91;91645;2;3;1.0;5.0;48,74160000;2,25426000;
202300000521.0;2;69;69115;2;1;2.0;6.0;45,97499000;4,71030000;
202300000522.0;1;91;91201;2;1;1.0;6.0;48,68600000;2,40964000;
202300000523.0;1;91;91326;2;1;1.0;6.0;48,68773100;2,37174900;
202300000524.0;1;67;67482;2;3;2.0;3.0;48,58457000;7,74080000;
202300000525.0;1;91;91223;2;9;1.0;7.0;48,42536300;2,14494900;
202300000526.0;5;67;67482;2;3;8.0;3.0;48,57443000;7,76711000;
202300000527.0;2;87;87085;2;1;2.0;2.0;45,82151000;1,22369000;
202300000528.0;1;67;67482;2;3;2.0;3.0;48,59221000;7,74401000;
202300000529.0;1;84;84087;1;6;1.0;3.0;44,09600000;4,82500000;
202300000530.0;5;81;81018;2;2;1.0;7.0;43,95929870;2,19950400;
202300000531.0;1;78;78650;2;2;1.0;3.0;48,90513600;2,13081700;
202300000532.0;3;63;63300;1;3;8.0;3.0;45,88872114;3,13733697;
202300000533.0;2;62;62765;2;1;1.0;6.0;50,75284000;2,25132000;
202300000534.0;5;78;78440;2;1;1.0;2.0;48,98852300;1,91296000;
202300000535.0;1;62;62400;2;2;1.0;6.0;50,47201300;2,57723600;
202300000536.0;1;77;77186;2;2;2.0;7.0;48,41335000;2,71301000;
202300000537.0;1;59;59378;2;1;3.0;3.0;50,66497000;3,10372000;
202300000538.0;1;77;77431;2;1;1.0;6.0;48,26679500;2,68501000;
202300000539.0;1;76;76341;2;9;1.0;6.0;49,50484000;0,19988300;
202300000540.0;1;57;57441;1;1;2.0;6.0;49,37814000;6,16973000;
202300000541.0;1;56;56121;2;1;1.0;6.0;47,76949000; -3,40330000;
202300000542.0;5;73;73137;2;3;1.0;6.0;45,55567000;5,91258000;
202300000543.0;5;56;56098;2;6;8.0;2.0;47,77700900; -3,33897200;
202300000544.0;1;71;71105;2;1;1.0;6.0;46,31733000;4,78590000;
202300000545.0;1;71;71076;2;1;1.0;1.0;46,78139000;4,85986000;
202300000546.0;5;54;54395;2;1;1.0;6.0;48,69047000;6,18130000;
202300000547.0;1;69;69282;2;1;7.0;6.0;45,76802000;5,03189000;
202300000548.0;1;54;54395;2;1;3.0;6.0;48,69976000;6,14004000;
202300000549.0;1;69;69115;2;1;1.0;2.0;45,96438790;4,71607656;
202300000550.0;1;69;69290;2;1;1.0;6.0;45,71495000;4,96408000;
202300000551.0;5;54;54395;2;2;3.0;3.0;48,68560100;6,19580626;
202300000552.0;5;69;69029;2;3;1.0;3.0;45,73740000;4,91952000;
202300000553.0;5;54;54371;1;3;2.0;3.0;49,19861000;5,93125000;
202300000554.0;1;65;65433;2;3;1.0;2.0;43,21913835;0,09570276;
202300000555.0;1;54;54099;1;1;2.0;7.0;49,24409000;6,02053000;
202300000556.0;1;51;51454;2;1;1.0;1.0;49,27565000;4,03914000;
202300000557.0;3;65;65251;1;3;1.0;3.0;43,21492000;0,08543000;
202300000558.0;5;50;50129;2;1;1.0;6.0;49,63393000; -1,62293000;
202300000559.0;5;64;64373;2;3;1.0;3.0;43,27638000; -0,35142000;
202300000560.0;5;44;44109;2;1;2.0;6.0;47,20598000; -1,55475000;
202300000561.0;1;44;44109;2;1;8.0;6.0;47,23999090; -1,53100825;
202300000562.0;1;64;64024;2;1;1.0;3.0;43,49524000; -1,53425000;
202300000563.0;5;43;43046;2;1;2.0;1.0;45,05714000;3,90029000;
202300000564.0;5;43;43157;2;3;3.0;7.0;45,04868000;3,89808000;
202300000565.0;1;64;64102;2;2;2.0;3.0;43,49407000; -1,45274000;
202300000566.0;1;64;64140;2;3;8.0;6.0;43,52860000; -1,48301000;
202300000567.0;1;38;38421;2;8;3.0;3.0;45,19220000;5,76430000;
202300000568.0;5;59;59599;2;1;1.0;2.0;50,71962000;3,13872000;
202300000569.0;1;37;37214;1;1;8.0;4.0;47,42986000;0,65182000;
202300000570.0;1;59;59328;2;4;1.0;1.0;50,64800000;3,04500000;
202300000571.0;5;59;59122;2;6;1.0;3.0;50,17475000;3,24894000;
202300000572.0;1;35;35238;2;3;1.0;2.0;48,10748000; -1,71641000;
202300000573.0;1;57;57463;2;1;1.0;3.0;49,13540000;6,17265000;
202300000574.0;5;33;33281;2;1;3.0;1.0;44,82081000; -0,63521000;
202300000575.0;5;57;57019;2;3;1.0;3.0;49,25787000;6,14260000;
202300000576.0;1;51;51454;2;1;1.0;2.0;49,22792000;4,01425000;
202300000577.0;5;33;33162;2;3;3.0;3.0;44,87186411; -0,63136116;
202300000578.0;1;51;51454;2;2;1.0;3.0;49,24667000;4,03907000;
202300000579.0;1;51;51454;2;1;1.0;6.0;49,25381000;4,04083000;
202300000580.0;1;51;51058;2;1;7.0;6.0;49,21362000;4,00644000;
202300000581.0;1;30;30189;2;6;1.0;3.0;43,81546000;4,31387000;
202300000582.0;3;26;26362;2;4;2.0;6.0;44,93423000;4,88780000;
202300000583.0;1;51;51454;2;2;1.0;4.0;49,28416500;4,01015900;
202300000584.0;1;49;49099;2;3;7.0;5.0;47,06726000; -0,88742000;
202300000585.0;1;22;22278;2;2;2.0;6.0;48,51726000; -2,77873000;
202300000586.0;1;49;49007;2;1;1.0;7.0;47,47000000; -0,55000000;
202300000587.0;1;43;43157;2;3;1.0;3.0;45,03679200;3,90465400;
202300000588.0;1;17;17333;2;1;2.0;3.0;45,60453300; -0,98354200;
202300000589.0;5;42;42207;2;1;1.0;3.0;45,47772100;4,52350800;
202300000590.0;1;17;17306;2;1;3.0;4.0;45,62773000; -0,99669000;
202300000591.0;2;42;42183;2;3;1.0;3.0;45,40036502;4,35854807;
202300000592.0;1;41;41018;2;1;1.0;6.0;47,59738000;1,34926000;
202300000593.0;1;37;37261;2;1;1.0;6.0;47,39374000;0,68755000;
202300000594.0;3;13;13117;1;1;1.0;2.0;43,42856294;5,27208628;
202300000595.0;1;34;34301;2;1;1.0;3.0;43,40996300;3,67555300;
202300000596.0;1;13;13106;1;1;1.0;6.0;43,38943000;5,35393000;
202300000597.0;5;34;34032;2;1;1.0;2.0;43,34823000;3,21724000;
202300000598.0;5;13;13213;2;1;1.0;1.0;43,33525550;5,45376454;
202300000599.0;1;33;33318;2;6;1.0;3.0;44,78355000; -0,65243000;
202300000600.0;1;31;31555;2;3;1.0;3.0;43,64795000;1,42212000;
202300000601.0;1;13;13047;1;1;1.0;2.0;43,56075000;4,96271000;
202300000602.0;1;31;31555;2;2;1.0;3.0;43,56360000;1,38686000;
202300000603.0;2;29;29232;2;1;1.0;3.0;48,01739000; -4,08333300;
202300000604.0;1;13;13047;1;1;1.0;3.0;43,54889000;4,95668000;
202300000605.0;3;26;26362;1;1;1.0;2.0;44,93834000;4,94053000;
202300000606.0;2;10;10387;2;1;2.0;2.0;48,30808000;4,06305000;
202300000607.0;5;25;25056;2;3;1.0;3.0;47,23739000;5,98837000;
202300000608.0;1;25;25056;2;2;1.0;6.0;47,23545500;6,01538500;
202300000609.0;1;06;06027;2;9;1.0;3.0;43,66373000;7,14882000;
202300000610.0;1;06;06088;2;1;7.0;6.0;43,70529700;7,28998100;
202300000611.0;5;02;02408;2;1;1.0;7.0;49,56603000;3,61942000;
202300000612.0;1;05;05061;2;6;1.0;6.0;44,56381000;6,10008000;
202300000613.0;2;01;01451;1;2;5.0;3.0;46,24880000;5,18605000;
202300000614.0;1;05;05061;2;2;1.0;1.0;44,54929000;6,06357000;
202300000615.0;1;75;75118;2;1;1.0;2.0;48,90079200;2,35757000;
202300000616.0;2;75;75119;2;3;1.0;3.0;48,88430000;2,36768300;
202300000617.0;1;75;75113;2;1;1.0;3.0;48,81634700;2,36383700;
202300000618.0;2;75;75113;2;1;1.0;3.0;48,83016100;2,35609400;
202300000619.0;1;75;75116;2;1;1.0;2.0;48,84657500;2,25487500;
202300000620.0;1;75;75110;2;4;1.0;3.0;48,87957800;2,35331100;
202300000621.0;1;75;75116;2;1;2.0;7.0;48,86659300;2,26861500;
202300000622.0;5;75;75109;2;5;1.0;1.0;48,87791500;2,32693700;
202300000623.0;1;75;75111;2;3;2.0;3.0;48,86067900;2,37530400;
202300000624.0;1;75;75108;2;3;1.0;6.0;48,87409300;2,32463086;
202300000625.0;5;75;75118;2;2;3.0;3.0;48,89773100;2,32903100;
202300000626.0;1;75;75107;2;3;1.0;3.0;48,86259042;2,31902486;
202300000627.0;5;75;75116;2;1;2.0;3.0;48,84856700;2,27605300;
202300000628.0;1;75;75104;2;2;1.0;3.0;48,85434100;2,34490600;
202300000629.0;1;75;75116;2;1;2.0;3.0;48,85094900;2,24183600;
202300000630.0;5;94;94067;2;2;1.0;1.0;48,83499000;2,41974000;
202300000631.0;1;94;94078;2;3;1.0;1.0;48,73555000;2,44692000;
202300000632.0;5;75;75116;2;2;1.0;6.0;48,84714400;2,27447200;
202300000633.0;1;94;94044;2;1;7.0;6.0;48,75140040;2,49005288;
202300000634.0;1;94;94043;2;1;1.0;3.0;48,80977400;2,35920000;
202300000635.0;5;75;75116;2;4;2.0;6.0;48,85071900;2,26720100;
202300000636.0;1;93;93073;2;2;1.0;1.0;48,96540000;2,56930000;
202300000637.0;2;75;75115;2;2;2.0;6.0;48,82587212;2,30023026;
202300000638.0;1;93;93078;2;1;1.0;6.0;48,95730000;2,54730000;
202300000639.0;1;93;93051;2;1;1.0;6.0;48,83944000;2,54716000;
202300000640.0;1;93;93046;2;3;1.0;6.0;48,90750000;2,52012000;
202300000641.0;1;75;75108;2;2;8.0;6.0;48,86940200;2,31096300;
202300000642.0;3;93;93029;2;4;1.0;6.0;48,93065000;2,45546000;
202300000643.0;1;75;75115;2;4;1.0;3.0;48,84623800;2,27964400;
202300000644.0;1;93;93047;2;1;1.0;6.0;48,90167700;2,57132100;
202300000645.0;1;93;93014;2;1;1.0;6.0;48,90552000;2,55873000;
202300000646.0;1;75;75104;2;3;1.0;7.0;48,85345000;2,36412100;
202300000647.0;1;93;93010;2;3;7.0;1.0;48,90847400;2,48013300;
202300000648.0;5;94;94080;2;1;2.0;6.0;48,84803500;2,43953000;
202300000649.0;1;93;93010;2;1;1.0;6.0;48,90658060;2,48574062;
202300000650.0;1;93;93007;2;1;1.0;3.0;48,92540000;2,46572000;
202300000651.0;3;94;94073;2;3;1.0;3.0;48,77135200;2,39703400;
202300000652.0;1;92;92078;2;3;1.0;3.0;48,93779000;2,32434000;
202300000653.0;5;94;94017;2;1;2.0;6.0;48,82517023;2,49566022;
202300000654.0;1;92;92046;2;2;1.0;3.0;48,81935107;2,30450571;
202300000655.0;1;93;93064;2;2;8.0;3.0;48,88091739;2,49465876;
202300000656.0;5;92;92064;2;4;1.0;2.0;48,84165528;2,22129688;