Num_Acc;lum;departement;commune;agglomeration;intersection;meteo;type_collision;lat;long;date
202300000657.0;2;92;92051;2;1;1.0;3.0;48,87640000;2,24642000;
202300000658.0;1;93;93064;2;1;2.0;3.0;48,86935000;2,49559000;
202300000659.0;1;92;92026;2;1;1.0;3.0;48,90247311;2,24166467;
202300000660.0;3;92;92024;2;1;1.0;6.0;48,90964190;2,29946136;
202300000661.0;1;93;93064;2;1;2.0;1.0;48,87716344;2,48007967;
202300000662.0;1;92;92012;2;1;1.0;3.0;48,83992000;2,23582000;
202300000663.0;1;93;93032;2;5;2.0;6.0;48,87447842;2,55203800;
202300000664.0;3;93;93007;2;1;1.0;3.0;48,93895000;2,44059000;
202300000665.0;5;92;92009;2;1;1.0;3.0;48,91120349;2,27060124;
202300000666.0;1;92;92073;2;1;8.0;2.0;48,86212000;2,21142000;
202300000667.0;1;86;86128;2;2;1.0;3.0;46,81010600;0,32556700;
202300000668.0;5;92;92064;2;9;2.0;2.0;48,84291000;2,21938000;
202300000669.0;1;73;73028;1;1;1.0;1.0;45,70837100;5,72606600;
202300000670.0;2;92;92064;2;1;2.0;7.0;48,84365512;2,22308743;
202300000671.0;1;41;41031;1;9;1.0;3.0;47,53388100;1,41618700;
202300000672.0;1;06;06161;2;1;1.0;2.0;43,63089200;7,13493300;
202300000673.0;1;92;92036;2;4;2.0;1.0;48,93498000;2,29995000;
202300000674.0;2;21;21599;1;1;1.0;2.0;47,60858811;5,19168192;
202300000675.0;1;11;11203;2;1;1.0;1.0;43,20236800;2,77374200;
202300000676.0;1;92;92036;2;1;8.0;2.0;48,93766000;2,25795000;
202300000677.0;1;92;92025;2;1;8.0;6.0;48,92437000;2,24235000;
202300000678.0;5;92;92023;2;8;3.0;3.0;48,78280325;2,24508119;
202300000679.0;5;34;34276;2;3;1.0;2.0;43,77153200;3,86875900;
202300000680.0;1;57;57512;1;1;3.0;6.0;49,12423000;6,24561000;
202300000681.0;1;38;38336;1;1;1.0;2.0;45,49222400;4,82816900;
202300000682.0;1;25;25381;1;9;8.0;3.0;47,27952400;5,98438400;
202300000683.0;3;27;27306;1;1;2.0;7.0;48,99324200;1,18442100;
202300000684.0;2;01;01347;1;1;2.0;3.0;45,95815700;4,76697700;
202300000685.0;3;12;12157;1;8;2.0;3.0;44,39947900;2,71714200;
202300000686.0;1;19;19285;1;1;3.0;6.0;45,38337810;1,57512281;
202300000687.0;1;23;23166;1;1;2.0;6.0;46,29937900;1,63068700;
202300000688.0;1;62;62611;1;1;1.0;6.0;50,25329700;2,80722100;
202300000689.0;1;30;30141;1;1;8.0;3.0;44,10304900;4,61199900;
202300000690.0;1;27;27079;1;1;1.0;2.0;49,14010495;0,55957442;
202300000691.0;1;64;64102;2;6;1.0;3.0;43,49156000; -1,46398000;
202300000692.0;1;62;62186;2;1;1.0;1.0;50,43764000;2,72511000;
202300000693.0;5;61;61001;2;2;2.0;3.0;48,43823000;0,10254000;
202300000694.0;1;59;59599;2;1;1.0;5.0;50,72705000;3,13521000;
202300000695.0;1;59;59163;2;1;1.0;3.0;50,68396000;3,15875000;
202300000696.0;5;59;59350;2;1;1.0;5.0;50,61478000;3,05265000;
202300000697.0;1;57;57480;2;1;1.0;6.0;49,08910500;6,15326000;
202300000698.0;1;56;56121;2;6;2.0;3.0;47,74676000; -3,36638000;
202300000699.0;1;56;56162;2;3;1.0;3.0;47,73180000; -3,42020000;
202300000700.0;1;56;56098;2;1;1.0;2.0;47,76616000; -3,32686000;
202300000701.0;1;51;51454;2;2;1.0;3.0;49,26761000;4,01969000;
202300000702.0;3;49;49328;2;1;1.0;6.0;47,25181000; -0,05888000;
202300000703.0;5;45;45234;2;6;1.0;3.0;47,90696395;1,90399790;
202300000704.0;1;29;29039;2;6;1.0;3.0;47,86253000; -3,88955000;
202300000705.0;5;29;29019;2;1;2.0;7.0;48,39517600; -4,47740800;
202300000706.0;1;25;25056;2;3;1.0;6.0;47,24269000;6,03244000;
202300000707.0;4;22;22215;1;6;2.0;6.0;48,49500000; -2,76500000;
202300000708.0;5;17;17306;2;1;8.0;6.0;45,63174200; -1,03569600;
202300000709.0;1;14;14118;2;1;2.0;1.0;49,19722300; -0,39661600;
202300000710.0;1;14;14118;2;6;2.0;1.0;49,17459000; -0,35354000;
202300000711.0;1;13;13215;1;1;1.0;6.0;43,33325000;5,35862000;
202300000712.0;1;13;13208;2;1;1.0;5.0;43,27496262;5,38995265;
202300000713.0;5;13;13202;2;2;1.0;3.0;43,30184000;5,36706000;
202300000714.0;5;13;13204;2;3;1.0;3.0;43,31105000;5,40365000;
202300000715.0;1;13;13001;2;2;1.0;1.0;43,51929000;5,44279000;
202300000716.0;1;12;12013;2;1;1.0;6.0;44,52805000;2,25558000;
202300000717.0;1;75;75114;2;1;1.0;3.0;48,81665600;2,33757400;
202300000718.0;1;75;75120;2;3;1.0;6.0;48,86803200;2,38702900;
202300000719.0;1;75;75120;2;3;1.0;3.0;48,84792500;2,41143800;
202300000720.0;5;75;75120;2;1;3.0;4.0;48,85901200;2,41433000;
202300000721.0;5;75;75116;2;2;1.0;3.0;48,83865300;2,25463700;
202300000722.0;1;75;75115;2;3;1.0;7.0;48,84852100;2,28288000;
202300000723.0;1;75;75115;2;3;1.0;3.0;48,83390236;2,29013792;
202300000724.0;5;75;75113;2;1;1.0;3.0;48,84093000;2,36833800;
202300000725.0;1;75;75111;2;2;1.0;3.0;48,86527300;2,37453600;
202300000726.0;5;75;75110;2;3;1.0;6.0;48,86901800;2,35544300;
202300000727.0;1;75;75109;2;2;1.0;6.0;48,87200000;2,34791100;
202300000728.0;1;75;75107;2;3;8.0;1.0;48,86288100;2,31515200;
202300000729.0;1;94;94067;2;7;1.0;3.0;48,84655000;2,41749000;
202300000730.0;1;94;94019;2;1;8.0;2.0;48,80276154;2,55370009;
202300000731.0;1;94;94056;2;2;1.0;3.0;48,69621000;2,55414000;
202300000732.0;5;93;93070;2;2;2.0;3.0;48,90749000;2,34412000;
202300000733.0;1;93;93061;2;1;1.0;6.0;48,88101821;2,40905150;
202300000734.0;2;93;93050;2;2;1.0;1.0;48,86527000;2,52932000;
202300000735.0;1;93;93013;2;1;2.0;6.0;48,93390000;2,42480000;
202300000736.0;1;93;93001;2;3;1.0;3.0;48,91311394;2,38293235;
202300000737.0;3;92;92024;2;1;1.0;2.0;48,90835592;2,31297076;
202300000738.0;1;92;92002;2;1;1.0;6.0;48,75311400;2,30834200;
202300000739.0;1;11;11413;1;1;8.0;6.0;43,33040600;2,30316400;
202300000740.0;3;37;37112;1;1;2.0;7.0;47,38962500;0,19113900;
202300000741.0;1;47;47238;1;1;1.0;1.0;44,20617300;0,52196900;
202300000742.0;1;38;38270;2;1;1.0;3.0;45,38036000;5,54086200;
202300000743.0;1;79;79140;2;2;1.0;3.0;46,08470800;0,04593200;
202300000744.0;3;60;60658;1;1;1.0;6.0;49,23801498;3,00626278;
202300000745.0;3;62;62104;1;1;1.0;7.0;50,73967400;1,78271400;
202300000746.0;1;2B;2B010;1;1;1.0;2.0;42,60654000;8,86049500;
202300000747.0;2;82;82022;1;1;2.0;6.0;44,25611900;0,96983300;
202300000748.0;2;11;11069;2;2;2.0;3.0;43,21282000;2,32680000;
202300000749.0;1;44;44021;1;1;8.0;6.0;47,03036200; -1,87103400;
202300000750.0;1;06;06069;2;1;1.0;3.0;43,63745000;6,93219000;
202300000751.0;3;35;35039;1;1;2.0;2.0;48,10358635; -1,47483140;
202300000752.0;3;04;04112;2;1;1.0;7.0;43,81779000;5,77512000;
202300000753.0;1;75;75110;2;1;1.0;6.0;48,87230300;2,37653000;
202300000754.0;1;29;29186;1;1;2.0;4.0;48,62994100; -3,83086500;
202300000755.0;1;29;29016;1;1;1.0;6.0;48,32143200; -3,95209600;
202300000756.0;1;75;75117;2;1;1.0;5.0;48,88457800;2,28630100;
202300000757.0;1;01;01165;1;1;1.0;6.0;46,06864600;4,81150200;
202300000758.0;1;26;26099;1;1;1.0;6.0;44,40848700;4,91685100;
202300000759.0;5;75;75117;2;1;1.0;2.0;48,90050100;2,32488900;
202300000760.0;5;06;06138;1;1;1.0;6.0;43,48607600;6,94642300;
202300000761.0;2;75;75106;2;3;1.0;2.0;48,85356400;2,33419800;
202300000762.0;1;50;50615;2;1;1.0;6.0;49,51179000; -1,46114000;
202300000763.0;1;75;75119;2;3;1.0;6.0;48,88432100;2,36768000;
202300000764.0;1;50;50185;1;2;1.0;4.0;48,84192700; -1,24656200;
202300000765.0;5;75;75118;2;1;1.0;3.0;48,89822800;2,34854900;
202300000766.0;1;45;45148;2;2;1.0;3.0;48,10299909;2,77507514;
202300000767.0;1;75;75117;2;2;1.0;3.0;48,87915000;2,30314400;
202300000768.0;1;07;07069;1;1;1.0;7.0;45,04479800;4,69865100;
202300000769.0;1;07;07129;1;3;1.0;3.0;44,98680800;4,58803700;
202300000770.0;1;75;75115;2;2;1.0;6.0;48,84367600;2,29858400;
202300000771.0;1;75;75115;2;7;1.0;3.0;48,84778500;2,30158000;
202300000772.0;1;40;40234;1;1;1.0;4.0;43,95749500; -0,33738400;
202300000773.0;1;75;75115;2;5;1.0;3.0;48,84508700;2,32008900;
202300000774.0;1;85;85220;1;3;1.0;6.0;46,71755600; -1,04131900;
202300000775.0;1;27;27156;1;1;1.0;7.0;48,77426800;0,75230300;
202300000776.0;5;75;75114;2;2;8.0;3.0;48,83548000;2,31546200;
202300000777.0;3;30;30305;1;1;1.0;7.0;44,16691000;4,17118900;
202300000778.0;1;75;75111;2;1;1.0;6.0;48,85675500;2,37107600;
202300000779.0;5;34;34337;1;6;1.0;7.0;43,54016500;3,89712100;
202300000780.0;5;75;75110;2;3;1.0;6.0;48,86855600;2,36304300;
202300000781.0;1;33;33122;1;2;1.0;3.0;44,71872300; -0,73963500;
202300000782.0;1;75;75107;2;7;1.0;3.0;48,84741100;2,31219400;
202300000783.0;1;69;69043;2;1;1.0;1.0;45,70047400;4,75898400;
202300000784.0;1;75;75101;2;2;1.0;6.0;48,85835700;2,34464000;
202300000785.0;1;75;75109;2;1;1.0;2.0;48,87605400;2,33757500;
202300000786.0;1;34;34146;1;1;1.0;3.0;43,69428300;4,08221500;
202300000787.0;2;94;94074;2;1;1.0;3.0;48,72799000;2,47416000;
202300000788.0;1;75;75119;2;2;1.0;6.0;48,87823500;2,39791000;
202300000789.0;1;69;69064;2;1;2.0;3.0;45,45715800;4,75665600;
202300000790.0;1;94;94068;2;1;1.0;2.0;48,80228800;2,48975600;
202300000791.0;1;75;75106;2;2;1.0;6.0;48,84692700;2,32683800;
202300000792.0;3;988;98811;2;3;1.0;6.0; -21,10376900;164,88865400;
202300000793.0;5;94;94019;2;3;1.0;2.0;48,79919000;2,54251000;
202300000794.0;2;75;75119;2;2;1.0;3.0;48,89233200;2,37916700;
202300000795.0;2;971;97118;1;1;1.0;1.0;16,20202300; -61,63705600;
202300000796.0;5;93;93077;2;2;1.0;6.0;48,88402328;2,51014741;
202300000797.0;3;45;45108;1;1;1.0;6.0;47,63918400;2,52106400;
202300000798.0;5;75;75118;2;3;1.0;6.0;48,88569800;2,34741600;
202300000799.0;2;93;93050;2;2;1.0;6.0;48,86749000;2,55663000;
202300000800.0;3;77;77225;1;6;1.0;7.0;48,87660074;2,97945046;
202300000801.0;3;95;95211;1;6;1.0;7.0;49,08595300;2,11302300;
202300000802.0;1;93;93046;2;1;1.0;3.0;48,90737500;2,52019600;
202300000803.0;1;75;75116;2;3;1.0;6.0;48,87234900;2,29642600;
202300000804.0;3;83;83127;1;1;1.0;6.0;43,28598400;5,84753800;
202300000805.0;1;75;75116;2;1;1.0;3.0;48,86378000;2,28070200;
202300000806.0;1;93;93032;2;2;1.0;3.0;48,86772000;2,55925000;
202300000807.0;5;71;71342;2;1;1.0;6.0;46,44528000;4,10771700;
202300000808.0;5;92;92040;2;1;1.0;7.0;48,82145646;2,27257937;
202300000809.0;1;75;75116;2;3;1.0;3.0;48,87110100;2,28346200;
202300000810.0;3;73;73160;1;1;2.0;7.0;45,51410500;5,91479700;
202300000811.0;5;92;92012;2;1;1.0;2.0;48,83323533;2,24526680;
202300000812.0;1;75;75115;2;3;1.0;3.0;48,82918100;2,29236600;
202300000813.0;3;38;38197;1;1;1.0;7.0;45,75513500;5,13468100;
202300000814.0;3;57;57716;1;3;8.0;6.0;49,22748192;6,30075574;
202300000815.0;1;38;38071;2;1;1.0;3.0;45,06579900;5,72205300;
202300000816.0;1;75;75114;2;3;1.0;3.0;48,84053900;2,33370400;
202300000817.0;1;07;07349;2;1;8.0;6.0;44,80402900;4,78756100;
202300000818.0;3;81;81104;1;1;1.0;6.0;43,78702320;1,76405320;
202300000819.0;1;21;21038;1;1;1.0;6.0;47,16711317;5,36426131;
202300000820.0;1;75;75113;2;2;1.0;3.0;48,81578600;2,36049500;
202300000821.0;1;16;16077;1;4;1.0;1.0;45,64283700;0,01914600;
202300000822.0;1;974;97422;1;1;1.0;1.0; -21,25985600;55,49596300;
202300000823.0;1;75;75110;2;2;1.0;2.0;48,87899100;2,35580400;
202300000824.0;1;974;97404;2;1;1.0;6.0; -21,26458500;55,37155000;
202300000825.0;1;28;28035;1;1;1.0;2.0;48,38721600;1,57476800;
202300000826.0;1;75;75110;2;9;1.0;3.0;48,87520500;2,37035500;
202300000827.0;2;33;33243;2;9;1.0;6.0;44,91110800; -0,21376100;
202300000828.0;3;44;44215;1;1;2.0;7.0;47,15599500; -1,48869600;
202300000829.0;5;75;75107;2;2;1.0;6.0;48,85399200;2,32383000;
202300000830.0;3;76;76177;1;1;2.0;1.0;49,59961300;1,17055900;
202300000831.0;1;76;76678;1;1;1.0;1.0;49,63607800;1,45010900;
202300000832.0;1;75;75107;2;2;1.0;3.0;48,85957200;2,32930400;
202300000833.0;3;2B;2B346;1;1;1.0;3.0;42,50437600;9,46892700;
202300000834.0;5;13;13028;1;1;1.0;6.0;43,20212000;5,59419000;
202300000835.0;1;75;75104;2;1;1.0;6.0;48,84812800;2,36372400;
202300000836.0;1;82;82151;2;4;1.0;3.0;44,32306100;0,94603100;
202300000837.0;1;94;94067;2;2;1.0;6.0;48,84395994;2,41762465;
202300000838.0;1;13;13071;1;1;1.0;4.0;43,40960000;5,28569000;
202300000839.0;1;49;49055;1;6;1.0;2.0;47,52148600; -0,57210400;
202300000840.0;3;83;83069;1;1;1.0;3.0;43,12537000;6,08987000;
202300000841.0;3;49;49228;1;1;1.0;3.0;47,51377955;0,09970093;
202300000842.0;1;94;94046;2;3;8.0;3.0;48,79367000;2,43449000;
202300000843.0;3;57;57474;1;1;1.0;2.0;49,26444000;6,17725000;
202300000844.0;1;68;68004;2;9;2.0;6.0;47,62673500;7,23594000;
202300000845.0;1;93;93059;2;8;1.0;3.0;48,95029000;2,35769000;
202300000846.0;1;67;67365;1;1;2.0;3.0;48,53613400;7,70983500;
202300000847.0;1;38;38069;1;2;1.0;3.0;45,43644000;5,29876300;
202300000848.0;4;91;91570;1;1;2.0;7.0;48,62521000;2,33097000;
202300000849.0;1;93;93066;2;1;1.0;1.0;48,92334000;2,34288000;
202300000850.0;1;75;75116;1;1;1.0;6.0;48,84845600;2,24490000;
202300000851.0;2;38;38538;1;3;1.0;2.0;45,21526300;5,85029500;
202300000852.0;2;92;92050;2;1;1.0;3.0;48,88601099;2,21458465;
202300000853.0;3;02;02639;1;1;1.0;1.0;49,72085900;3,27547100;
202300000854.0;1;92;92048;2;1;2.0;6.0;48,81885304;2,23187327;
202300000855.0;1;92;92050;1;1;2.0;4.0;48,91808521;2,22294963;
202300000856.0;3;58;58067;1;1;1.0;1.0;47,10371800;3,07209500;
202300000857.0;1;92;92040;2;1;1.0;6.0;48,81924872;2,24969342;
202300000858.0;1;93;93006;1;1;1.0;6.0;48,86627623;2,41437177;
202300000859.0;3;50;50388;1;1;1.0;6.0;49,02899800; -1,46253900;
202300000860.0;5;92;92062;2;9;8.0;2.0;48,89041700;2,24170900;
202300000861.0;1;64;64487;1;1;8.0;6.0;43,19220313; -1,02317423;
202300000862.0;2;92;92036;1;1;2.0;7.0;48,94364712;2,28775617;
202300000863.0;1;64;64250;1;1;2.0;6.0;43,51341700; -1,20964400;
202300000864.0;1;92;92025;2;2;1.0;6.0;48,92877600;2,26882500;
202300000865.0;1;43;43157;2;7;1.0;6.0;45,03004200;3,88377200;
202300000866.0;1;64;64238;2;1;2.0;7.0;43,25339379; -0,05384132;
202300000867.0;1;72;72181;2;9;1.0;6.0;47,98350000;0,21034000;
202300000868.0;1;92;92024;2;1;8.0;3.0;48,90192772;2,31900305;
202300000869.0;1;18;18011;1;1;1.0;1.0;47,56629100;2,45826600;
202300000870.0;1;30;30028;2;6;1.0;1.0;44,16913000;4,61946000;
202300000871.0;1;92;92002;2;1;1.0;6.0;48,73809258;2,28948802;
202300000872.0;1;85;85051;2;1;1.0;2.0;46,68471000; -1,04189300;
202300000873.0;1;06;06085;2;1;1.0;6.0;43,57813100;6,99274800;
202300000874.0;1;28;28089;2;3;1.0;6.0;48,57952800;1,24393900;
202300000875.0;1;17;17045;1;1;1.0;1.0;45,86575200; -0,83263300;
202300000876.0;1;94;94003;2;5;1.0;6.0;48,81089151;2,33460036;
202300000877.0;3;52;52469;1;9;9.0;7.0;48,05312800;5,07373100;
202300000878.0;3;22;22190;1;1;1.0;6.0;48,53574600; -2,07954900;
202300000879.0;1;91;91027;2;1;1.0;3.0;48,70152400;2,39836300;
202300000880.0;1;77;77505;1;1;1.0;7.0;48,92008100;2,98833700;
202300000881.0;1;06;06069;2;1;1.0;1.0;43,62623000;6,93957000;
202300000882.0;1;31;31296;1;1;8.0;6.0;43,12026800;0,89540900;
202300000883.0;1;974;97422;2;3;1.0;3.0; -21,24837300;55,51882800;
202300000884.0;1;93;93006;2;1;1.0;6.0;48,87394436;2,42220908;
202300000885.0;2;30;30347;1;1;8.0;1.0;43,72600200;4,27051700;
202300000886.0;1;972;97220;1;1;1.0;6.0;14,52937650; -60,90033750;
202300000887.0;1;62;62193;2;1;1.0;6.0;50,94174000;1,86601000;
202300000888.0;3;73;73068;1;1;8.0;2.0;45,56332127;6,20650917;
202300000889.0;1;34;34172;2;9;1.0;1.0;43,60771000;3,82135000;
202300000890.0;1;38;38239;2;2;1.0;3.0;45,32947300;5,56913000;
202300000891.0;1;03;03305;1;1;2.0;6.0;46,37733600;2,67910300;
202300000892.0;1;33;33063;2;2;1.0;6.0;44,83502000; -0,58222000;
202300000893.0;3;08;08163;1;1;1.0;2.0;49,60781800;4,53007900;
202300000894.0;1;35;35024;2;1;8.0;6.0;48,18844300; -1,62699600;
202300000895.0;1;17;17415;2;1;1.0;6.0;45,73740200; -0,65711300;
202300000896.0;2;56;56240;2;1;1.0;6.0;47,52798200; -2,75701000;
202300000897.0;1;93;93029;2;1;1.0;6.0;48,92989000;2,42587000;
202300000898.0;1;92;92050;2;2;1.0;6.0;48,89730805;2,19757944;
202300000899.0;1;76;76517;1;2;1.0;3.0;49,52217900;1,13623200;
202300000900.0;1;80;80512;2;1;1.0;2.0;50,08642900;1,81617100;
202300000901.0;1;78;78401;2;9;1.0;2.0;49,00384000;1,90691000;
202300000902.0;1;82;82112;2;9;1.0;6.0;44,10233300;1,09175000;
202300000903.0;1;93;93072;2;1;1.0;6.0;48,95067000;2,38567000;
202300000904.0;5;06;06085;1;6;1.0;3.0;43,58559090;7,00597250;
202300000905.0;1;81;81048;1;1;1.0;3.0;43,96058800;2,12691100;
202300000906.0;1;93;93027;2;1;1.0;6.0;48,92325000;2,38482000;
202300000907.0;5;31;31254;2;9;1.0;6.0;43,54809300;1,50764800;
202300000908.0;1;11;11355;1;2;1.0;3.0;43,09978400;2,20782300;
202300000909.0;5;72;72181;2;1;1.0;6.0;47,99494000;0,22968000;
202300000910.0;1;34;34259;1;1;1.0;1.0;43,60346900;3,78346500;
202300000911.0;3;71;71134;1;1;1.0;6.0;46,36541700;4,57679300;
202300000912.0;1;71;71306;2;1;1.0;6.0;46,67679000;4,37343000;
202300000913.0;1;55;55166;2;4;1.0;3.0;49,11275900;5,38646600;
202300000914.0;1;69;69386;2;5;1.0;6.0;45,76607645;4,86179849;
202300000915.0;2;34;34202;1;1;1.0;4.0;43,57526700;3,74747000;
202300000916.0;1;49;49291;1;1;2.0;7.0;47,16584400; -0,10789500;
202300000917.0;1;972;97209;1;1;1.0;6.0;14,62301000; -61,08083000;
202300000918.0;1;12;12254;1;1;1.0;3.0;44,46826200;2,49717700;
202300000919.0;5;45;45028;2;1;1.0;3.0;47,77904600;1,62923300;
202300000920.0;5;974;97416;2;1;1.0;4.0; -21,34365000;55,47241000;
202300000921.0;1;86;86129;1;1;1.0;3.0;46,84282700;0,75209300;
202300000922.0;5;77;77315;1;1;1.0;3.0;48,88233100;2,82222890;
202300000923.0;1;974;97411;2;1;1.0;4.0; -20,89033000;55,45982000;
202300000924.0;1;86;86082;1;3;1.0;2.0;46,35679900;0,19766800;
202300000925.0;5;77;77183;2;1;1.0;6.0;48,94857000;3,12629300;
202300000926.0;1;68;68284;2;5;1.0;3.0;47,53886900;7,32885700;
202300000927.0;5;974;97407;1;1;1.0;3.0; -20,95272000;55,31626000;
202300000928.0;2;11;11243;1;1;1.0;6.0;43,35589000;1,82248100;
202300000929.0;1;44;44129;1;1;2.0;4.0;47,40949700; -2,03639700;
202300000930.0;5;69;69387;2;3;1.0;3.0;45,72939000;4,84577000;
202300000931.0;1;13;13013;1;1;5.0;1.0;43,41499300;5,58315800;
202300000932.0;1;35;35297;1;1;1.0;1.0;48,20853543; -2,17529833;
202300000933.0;3;13;13027;1;1;2.0;2.0;43,86909500;4,81231200;
202300000934.0;1;69;69388;2;1;1.0;6.0;45,73017000;4,88546000;
202300000935.0;1;02;02571;1;3;1.0;3.0;49,88761900;3,31194900;
202300000936.0;1;971;97101;2;1;1.0;7.0;16,23864260; -61,52837276;
202300000937.0;2;71;71176;2;3;1.0;3.0;46,49058900;3,99378800;
202300000938.0;1;26;26338;1;3;7.0;1.0;44,57101900;4,80813300;
202300000939.0;1;971;97113;2;1;1.0;3.0;16,21798000; -61,50959000;
202300000940.0;1;72;72039;2;1;1.0;6.0;48,18557700;0,42695100;
202300000941.0;1;38;38565;1;1;2.0;3.0;45,30284100;5,63874400;
202300000942.0;3;72;72190;1;1;1.0;1.0;47,91030156;0,76256275;
202300000943.0;1;2A;2A004;2;1;1.0;6.0;41,93153000;8,75714000;
202300000944.0;1;06;06150;2;9;1.0;7.0;43,74266000;7,39581400;
202300000945.0;3;01;01142;2;3;1.0;3.0;45,84899500;5,06492800;
202300000946.0;1;06;06079;2;6;1.0;3.0;43,54486200;6,94161400;
202300000947.0;5;95;95219;2;3;1.0;1.0;48,98174000;2,27100000;
202300000948.0;1;01;01043;2;3;2.0;3.0;45,82287400;4,99850600;
202300000949.0;1;06;06108;2;1;1.0;4.0;43,59812900;6,95496900;
202300000950.0;1;95;95427;2;1;1.0;3.0;48,97617100;2,35246100;
202300000951.0;1;14;14177;1;1;1.0;6.0;49,19645700;0,19178900;
202300000952.0;1;95;95018;2;1;1.0;6.0;48,94105000;2,24311000;
202300000953.0;1;76;76164;1;1;1.0;2.0;49,52435900;0,73578400;
202300000954.0;3;09;09332;1;1;1.0;5.0;43,07539300;1,63943100;
202300000955.0;3;10;10063;1;1;1.0;6.0;48,37198800;4,53834100;
202300000956.0;2;13;13211;1;1;1.0;4.0;43,28944000;5,44617000;
202300000957.0;1;16;16287;1;1;1.0;6.0;45,58314000;0,03004100;
202300000958.0;1;91;91685;1;3;2.0;3.0;48,65915000;2,29227900;
202300000959.0;1;83;83035;1;1;1.0;6.0;43,16324460;5,76707021;
202300000960.0;1;07;07237;1;1;1.0;2.0;44,82240300;4,70003500;
202300000961.0;2;40;40146;2;1;1.0;6.0;43,63024500; -0,28806600;
202300000962.0;3;33;33075;1;1;3.0;6.0;44,89014923; -0,61407030;
202300000963.0;1;91;91479;2;1;1.0;4.0;48,70566000;2,36120000;
202300000964.0;5;85;85047;2;1;1.0;6.0;46,85336000; -1,89384000;
202300000965.0;1;87;87085;2;1;1.0;7.0;45,81759000;1,26695000;
202300000966.0;1;92;92019;1;1;1.0;2.0;48,77615637;2,23692456;
202300000967.0;1;27;27286;1;1;1.0;1.0;49,18146500;0,57352100;
202300000968.0;1;83;83137;2;1;1.0;3.0;43,12735000;5,91872000;
202300000969.0;1;17;17043;2;3;1.0;2.0;46,05443800; -0,63985400;
202300000970.0;3;92;92064;1;1;1.0;4.0;48,83976303;2,20327874;
202300000971.0;1;83;83137;2;1;1.0;6.0;43,11266241;5,94187081;
202300000972.0;1;17;17346;1;3;1.0;3.0;45,91579300; -0,90263500;
202300000973.0;3;95;95572;1;1;1.0;3.0;49,03187000;2,11556000;
202300000974.0;1;82;82121;2;6;1.0;3.0;43,98855000;1,32979000;
202300000975.0;1;93;93006;1;1;1.0;2.0;48,86588000;2,41673000;
202300000976.0;1;17;17091;1;1;1.0;4.0;46,29393400; -1,08554400;
202300000977.0;5;93;93066;1;1;8.0;2.0;48,92426000;2,35720000;
202300000978.0;1;87;87140;1;3;1.0;1.0;45,90239200;0,98467100;
202300000979.0;1;30;30269;2;1;1.0;2.0;44,10440700;3,88427900;
202300000980.0;1;77;77431;2;1;1.0;3.0;48,28046000;2,68331000;
202300000981.0;1;74;74012;2;3;1.0;3.0;46,19744000;6,23704000;
202300000982.0;1;46;46083;1;1;1.0;6.0;45,01422976;1,53583867;
202300000983.0;1;77;77014;2;1;1.0;6.0;48,41313000;2,74158000;
202300000984.0;5;74;74012;2;2;1.0;2.0;46,18706400;6,23610300;
202300000985.0;1;06;06088;1;1;1.0;4.0;43,73222000;7,27968700;
202300000986.0;1;77;77131;2;9;1.0;3.0;48,80721700;3,08355400;
202300000987.0;1;74;74033;2;6;1.0;7.0;46,35746500;6,67512200;
202300000988.0;1;49;49129;1;1;1.0;3.0;47,49889786; -0,51688541;
202300000989.0;3;51;51168;1;1;2.0;7.0;48,90681800;4,28441000;
202300000990.0;1;76;76351;2;1;1.0;2.0;49,49271000;0,11769000;
202300000991.0;5;987;98733;2;1;1.0;1.0; -17,69600000; -149,54800000;
202300000992.0;1;74;74056;1;1;1.0;4.0;45,90692606;6,84517175;
202300000993.0;1;974;97421;2;1;1.0;6.0; -21,03363800;55,53248500;
202300000994.0;5;76;76351;2;1;1.0;2.0;49,50004000;0,17146000;
202300000995.0;1;74;74275;1;1;7.0;5.0;45,81667800;6,24431900;
202300000996.0;1;973;97304;1;1;3.0;7.0;5,28090100; -52,82108500;
202300000997.0;1;73;73008;2;1;1.0;6.0;45,68722000;5,91399000;
202300000998.0;1;74;74012;2;1;1.0;5.0;46,19551000;6,26172000;
202300000999.0;4;978;97801;2;3;1.0;6.0;18,06469900; -63,08568500;
202300001000.0;1;976;97611;1;1;1.0;2.0; -12,78849800;45,22297800;
202300001001.0;1;72;72181;2;6;1.0;2.0;47,99000000;0,19000000;
202300001002.0;1;45;45051;1;1;1.0;1.0;47,83823600;2,34460500;
202300001003.0;1;974;97416;1;3;1.0;3.0; -21,26247000;55,48101000;
202300001004.0;1;13;13109;1;1;1.0;1.0;43,52358200;5,49885700;
202300001005.0;3;72;72181;2;1;1.0;1.0;48,01808000;0,21041000;
202300001006.0;1;52;52432;1;1;1.0;6.0;47,92662361;5,33873320;