Num_Acc;lum;departement;commune;agglomeration;intersection;meteo;type_collision;lat;long;date
202300001007.0;1;974;97416;1;1;1.0;3.0; -21,32938000;55,52835000;
202300001008.0;1;26;26179;1;6;1.0;3.0;45,05851500;4,86695500;
202300001009.0;1;71;71153;2;9;1.0;2.0;46,79544000;4,43463000;
202300001010.0;1;974;97409;2;4;1.0;6.0; -20,96886200;55,65641500;
202300001011.0;2;69;69140;2;3;1.0;3.0;45,88651700;4,69706300;
202300001012.0;1;972;97213;2;1;1.0;7.0;14,64132000; -60,97606000;
202300001013.0;1;33;33383;1;1;1.0;6.0;45,34942085; -0,84008932;
202300001014.0;1;972;97209;2;1;1.0;6.0;14,60192000; -61,06764000;
202300001015.0;1;85;85118;1;1;1.0;7.0;46,63614000; -1,55038000;
202300001016.0;1;69;69266;2;1;1.0;1.0;45,78390038;4,89436066;
202300001017.0;1;60;60157;2;1;1.0;3.0;49,38432800;2,39860800;
202300001018.0;1;69;69290;2;1;1.0;2.0;45,71681000;4,96388000;
202300001019.0;5;2B;2B033;2;6;6.0;3.0;42,67183000;9,44178000;
202300001020.0;1;59;59452;2;1;1.0;1.0;50,45929200;3,03395700;
202300001021.0;1;2B;2B037;1;1;1.0;6.0;42,59417000;9,43869000;
202300001022.0;1;69;69276;2;6;1.0;3.0;45,68300000;4,87000000;
202300001023.0;1;13;13033;1;1;1.0;2.0;43,38068171;5,21342039;
202300001024.0;1;2B;2B033;2;9;1.0;6.0;42,67069000;9,44200000;
202300001025.0;1;13;13210;1;1;1.0;2.0;43,28721681;5,42476967;
202300001026.0;2;67;67482;2;3;1.0;3.0;48,58512600;7,75098300;
202300001027.0;3;971;97113;1;1;8.0;3.0;16,21821000; -61,51210000;
202300001028.0;1;13;13215;2;4;6.0;3.0;43,36583700;5,36060700;
202300001029.0;1;971;97101;1;1;2.0;1.0;16,26106000; -61,51674000;
202300001030.0;1;64;64335;2;1;1.0;2.0;43,33216000; -0,42353000;
202300001031.0;1;83;83137;1;1;1.0;4.0;43,12416200;5,96396100;
202300001032.0;1;971;97101;2;1;1.0;3.0;16,25376000; -61,51409000;
202300001033.0;1;33;33550;1;1;1.0;2.0;44,78100000; -0,58100000;
202300001034.0;1;60;60175;2;9;1.0;6.0;49,26371000;2,47402000;
202300001035.0;1;90;90010;2;2;2.0;7.0;47,64063000;6,85985000;
202300001036.0;1;33;33039;1;1;1.0;2.0;44,80550858; -0,53030491;
202300001037.0;1;60;60057;2;9;1.0;6.0;49,43755000;2,09818000;
202300001038.0;1;84;84007;2;1;1.0;6.0;43,92878000;4,83868000;
202300001039.0;5;33;33318;1;1;2.0;3.0;44,78920107; -0,62058806;
202300001040.0;2;59;59350;2;1;1.0;6.0;50,62960000;3,05500000;
202300001041.0;1;84;84007;2;1;1.0;6.0;43,94178000;4,79876000;
202300001042.0;1;91;91661;1;1;1.0;2.0;48,70751000;2,25078000;
202300001043.0;1;92;92050;1;1;1.0;3.0;48,90008747;2,20944671;
202300001044.0;1;84;84007;2;6;1.0;1.0;43,92887000;4,81351000;
202300001045.0;1;59;59378;1;3;1.0;3.0;50,70531000;3,11453000;
202300001046.0;1;95;95582;1;1;1.0;4.0;48,96682579;2,25512844;
202300001047.0;1;83;83129;2;1;1.0;6.0;43,09299929;5,83904238;
202300001048.0;1;57;57672;2;1;1.0;3.0;49,36500000;6,15160000;
202300001049.0;1;80;80001;2;9;7.0;6.0;50,10736500;1,84228000;
202300001050.0;1;94;94015;1;1;1.0;3.0;48,83297415;2,53364925;
202300001051.0;1;50;50129;2;2;1.0;3.0;49,63512000; -1,58642000;
202300001052.0;1;57;57463;2;1;1.0;3.0;49,11908000;6,20484000;
202300001053.0;3;94;94028;1;1;1.0;6.0;48,77051476;2,44791993;
202300001054.0;3;49;49246;1;1;3.0;6.0;47,44128000; -0,51183000;
202300001055.0;1;54;54395;2;2;1.0;3.0;48,68560900;6,19566100;
202300001056.0;1;77;77363;1;1;1.0;2.0;48,91471160;2,63454857;
202300001057.0;3;77;77059;1;1;1.0;7.0;48,84560028;2,66239958;
202300001058.0;5;77;77438;2;1;2.0;6.0;48,87232000;2,67672000;
202300001059.0;1;52;52121;2;3;1.0;3.0;48,11061000;5,15099000;
202300001060.0;3;77;77186;1;1;2.0;3.0;48,45440600;2,67120300;
202300001061.0;1;74;74048;2;3;2.0;6.0;46,27633200;6,39836700;
202300001062.0;4;44;44055;2;2;2.0;2.0;47,28379000; -2,40450000;
202300001063.0;1;51;51454;2;4;2.0;3.0;49,27831000;4,01512000;
202300001064.0;1;76;76540;2;2;1.0;6.0;49,44299000;1,10445000;
202300001065.0;1;35;35055;2;1;1.0;3.0;48,08508000; -1,62928000;
202300001066.0;1;75;75119;2;1;1.0;2.0;48,89990700;2,39147500;
202300001067.0;1;49;49267;2;1;1.0;3.0;47,47506000; -0,50611000;
202300001068.0;5;49;49007;2;1;1.0;7.0;47,47241000; -0,55449000;
202300001069.0;1;76;76351;2;2;3.0;3.0;49,49999000;0,12961000;
202300001070.0;1;49;49007;2;1;1.0;7.0;47,44855000; -0,52512000;
202300001071.0;2;75;75117;2;3;1.0;3.0;48,89761600;2,32415400;
202300001072.0;1;35;35238;1;1;1.0;2.0;48,11036716; -1,71798974;
202300001073.0;2;76;76351;2;1;3.0;6.0;49,49017000;0,09751000;
202300001074.0;1;35;35278;2;6;2.0;3.0;48,13667000; -1,69294000;
202300001075.0;1;75;75116;2;1;7.0;6.0;48,83698621;2,25620449;
202300001076.0;1;47;47031;2;3;1.0;2.0;44,19133000;0,65075000;
202300001077.0;1;76;76351;1;2;2.0;3.0;49,48520000;0,13129000;
202300001078.0;3;34;34301;1;1;1.0;1.0;43,37332000;3,62471000;
202300001079.0;1;45;45234;2;2;3.0;3.0;47,92278396;1,92963928;
202300001080.0;2;72;72181;1;9;2.0;3.0;47,97006000;0,17986000;
202300001081.0;1;75;75114;2;7;1.0;3.0;48,83454600;2,33261100;
202300001082.0;5;72;72181;2;1;2.0;6.0;47,99900000;0,21290000;
202300001083.0;1;33;33522;2;6;1.0;3.0;44,80663000; -0,58620000;
202300001084.0;1;31;31555;1;1;1.0;3.0;43,57319000;1,47249000;
202300001085.0;4;70;70550;2;6;2.0;6.0;47,63785000;6,15606000;
202300001086.0;1;38;38053;2;6;1.0;6.0;45,58929721;5,27772435;
202300001087.0;1;75;75112;2;7;1.0;6.0;48,84747200;2,39670300;
202300001088.0;1;29;29019;2;1;1.0;6.0;48,40774010; -4,48844133;
202300001089.0;1;69;69290;2;1;2.0;6.0;45,71522000;4,96334000;
202300001090.0;1;37;37122;2;1;8.0;6.0;47,35108000;0,66454000;
202300001091.0;1;28;28134;2;1;1.0;7.0;48,74346000;1,38161000;
202300001092.0;1;75;75112;2;1;1.0;3.0;48,84135700;2,37495000;
202300001093.0;1;69;69259;2;1;2.0;4.0;45,72040802;4,88193020;
202300001094.0;4;37;37261;2;1;3.0;2.0;47,37586026;0,69462776;
202300001095.0;5;67;67482;2;1;2.0;1.0;48,54335000;7,76494000;
202300001096.0;1;33;33063;2;2;7.0;2.0;44,83878000; -0,62607000;
202300001097.0;1;25;25462;2;1;1.0;2.0;46,91748000;6,34337000;
202300001098.0;5;75;75112;2;3;1.0;2.0;48,83583700;2,45316100;
202300001099.0;1;66;66136;2;1;1.0;2.0;42,68560000;2,90198000;
202300001100.0;1;25;25056;2;1;1.0;2.0;47,22652000;5,97272000;
202300001101.0;1;31;31555;2;1;1.0;6.0;43,61123200;1,45306900;
202300001102.0;1;75;75111;2;1;1.0;3.0;48,86023500;2,37600900;
202300001103.0;2;64;64348;1;3;1.0;2.0;43,34834000; -0,37996000;
202300001104.0;5;25;25056;2;1;1.0;6.0;47,23799000;6,01683000;
202300001105.0;1;31;31555;2;1;1.0;3.0;43,61609000;1,43651000;
202300001106.0;1;64;64024;2;1;1.0;2.0;43,47982000; -1,51763000;
202300001107.0;1;75;75103;2;2;1.0;6.0;48,86374800;2,35488500;
202300001108.0;1;31;31555;2;1;1.0;6.0;43,59007400;1,42087300;
202300001109.0;1;64;64102;2;1;8.0;6.0;43,48861000; -1,48254000;
202300001110.0;1;22;22278;2;1;3.0;7.0;48,51224000; -2,76703000;
202300001111.0;1;30;30189;1;1;1.0;1.0;43,84126000;4,31900000;
202300001112.0;1;75;75103;2;2;1.0;2.0;48,85867800;2,35875900;
202300001113.0;1;62;62525;2;1;1.0;3.0;50,74259000;2,24895000;
202300001114.0;1;22;22278;2;1;2.0;2.0;48,49332000; -2,74913000;
202300001115.0;1;30;30075;1;1;1.0;3.0;43,81945000;4,29463000;
202300001116.0;5;59;59599;2;1;3.0;6.0;50,71587000;3,17400000;
202300001117.0;1;19;19031;2;1;1.0;6.0;45,15746000;1,50794000;
202300001118.0;1;94;94081;2;2;1.0;3.0;48,77817000;2,39649000;
202300001119.0;2;15;15014;1;9;2.0;7.0;44,90050000;2,41664000;
202300001120.0;5;59;59033;2;1;2.0;2.0;50,19881761;3,84294546;
202300001121.0;1;94;94067;2;2;1.0;3.0;48,84665144;2,41663331;
202300001122.0;3;29;29039;2;6;2.0;2.0;47,88316000; -3,92249000;
202300001123.0;1;13;13215;2;1;1.0;1.0;43,35112707;5,35305313;
202300001124.0;1;59;59286;2;2;2.0;3.0;50,61049000;2,98317000;
202300001125.0;1;94;94041;2;2;1.0;3.0;48,81467664;2,39431947;
202300001126.0;5;29;29019;2;6;1.0;3.0;48,41571200; -4,47540200;
202300001127.0;1;13;13001;2;1;1.0;3.0;43,53076778;5,45228994;
202300001128.0;5;57;57757;2;3;1.0;6.0;49,35311276;6,18075371;
202300001129.0;1;94;94028;2;1;1.0;6.0;48,78269000;2,46427000;
202300001130.0;1;55;55545;2;1;1.0;6.0;49,15675000;5,38725000;
202300001131.0;1;10;10387;2;6;1.0;3.0;48,27577000;4,07842000;
202300001132.0;2;93;93073;2;3;1.0;1.0;48,94965000;2,56903000;
202300001133.0;1;28;28404;1;1;1.0;2.0;48,70379000;1,37285000;
202300001134.0;1;07;07281;2;1;1.0;6.0;44,94589000;4,84704000;
202300001135.0;2;55;55545;2;1;1.0;3.0;49,16343000;5,39415000;
202300001136.0;1;93;93066;2;1;1.0;3.0;48,92347329;2,34791994;
202300001137.0;1;27;27234;1;1;1.0;2.0;49,01637280;1,19037490;
202300001138.0;2;55;55545;2;1;1.0;3.0;49,13322000;5,30807000;
202300001139.0;1;06;06088;2;2;1.0;3.0;43,70695000;7,28756000;
202300001140.0;1;93;93049;2;1;1.0;1.0;48,85409979;2,51431748;
202300001141.0;1;27;27229;2;1;1.0;6.0;49,01400000;1,16900000;
202300001142.0;1;22;22187;2;1;2.0;1.0;48,54748000; -2,80084000;
202300001143.0;1;06;06123;2;1;1.0;4.0;43,66035000;7,18166000;
202300001144.0;1;51;51454;2;3;2.0;3.0;49,25889900;4,03748400;
202300001145.0;1;93;93050;2;3;1.0;2.0;48,86118000;2,54133000;
202300001146.0;1;03;03101;2;1;1.0;6.0;46,36484000;2,52754000;
202300001147.0;1;93;93079;2;1;1.0;6.0;48,95496000;2,33399000;
202300001148.0;3;51;51573;2;3;2.0;2.0;49,24239000;3,99075000;
202300001149.0;1;02;02722;1;6;1.0;3.0;49,36633000;3,30984000;
202300001150.0;1;976;97607;1;1;1.0;5.0; -12,87284300;45,20911000;
202300001151.0;1;92;92072;2;1;1.0;3.0;48,82527000;2,21585000;
202300001152.0;1;49;49267;2;1;1.0;3.0;47,46669782; -0,51604572;
202300001153.0;1;22;22278;2;1;1.0;7.0;48,51814680; -2,72387289;
202300001154.0;1;92;92020;2;1;1.0;6.0;48,79810000;2,28270000;
202300001155.0;1;75;75117;2;1;1.0;3.0;48,89011500;2,29852000;
202300001156.0;1;976;97607;1;1;1.0;1.0; -12,86318900;45,19809200;
202300001157.0;1;49;49007;2;1;2.0;1.0;47,45619000; -0,53081000;
202300001158.0;1;75;75114;2;1;1.0;7.0;48,82266000;2,31423500;
202300001159.0;1;92;92035;2;1;8.0;6.0;48,90553314;2,23925695;
202300001160.0;1;22;22278;2;1;1.0;6.0;48,51120000; -2,76649000;
202300001161.0;3;976;97611;2;1;1.0;6.0; -12,75880000;45,22937000;
202300001162.0;1;92;92026;2;1;1.0;6.0;48,90159000;2,26631000;
202300001163.0;1;47;47001;2;2;1.0;3.0;44,19917759;0,62631082;
202300001164.0;5;75;75110;2;4;1.0;2.0;48,88251100;2,36925900;
202300001165.0;2;976;97611;2;9;1.0;6.0; -12,77072767;45,22686714;
202300001166.0;5;18;18033;2;2;1.0;3.0;47,08678000;2,38861000;
202300001167.0;1;92;92004;2;1;2.0;6.0;48,91837687;2,31544241;
202300001168.0;1;45;45004;2;1;3.0;2.0;47,98471500;2,73267600;
202300001169.0;5;976;97611;2;1;1.0;6.0; -12,78150000;45,23476000;
202300001170.0;2;75;75105;2;2;1.0;3.0;48,84889700;2,34746900;
202300001171.0;5;92;92002;2;1;1.0;6.0;48,75217000;2,30789000;
202300001172.0;1;17;17333;2;6;1.0;3.0;45,61276500; -0,99120400;
202300001173.0;1;976;97611;2;1;7.0;6.0; -12,79905730;45,21570343;
202300001174.0;2;38;38158;2;1;2.0;2.0;45,15911000;5,75036000;
202300001175.0;1;75;75106;2;1;1.0;2.0;48,84790400;2,33253000;
202300001176.0;1;67;67273;1;1;8.0;7.0;48,86531500;7,28484700;
202300001177.0;3;88;88209;2;1;1.0;6.0;48,20431000;6,40578000;
202300001178.0;1;15;15014;1;1;1.0;2.0;44,92290000;2,47365000;
202300001179.0;3;22;22067;1;1;1.0;6.0;48,55350842; -3,17284119;
202300001180.0;1;75;75119;2;3;1.0;3.0;48,87823000;2,37354000;
202300001181.0;5;88;88486;1;3;1.0;1.0;48,02445500;6,70136500;
202300001182.0;3;13;13108;1;1;1.0;1.0;43,77310000;4,68758000;
202300001183.0;5;37;37261;2;1;8.0;4.0;47,40368000;0,70248000;
202300001184.0;1;75;75117;2;3;1.0;6.0;48,88146300;2,31600700;
202300001185.0;5;10;10387;2;1;1.0;6.0;48,29730000;4,07955000;
202300001186.0;5;75;75117;2;2;1.0;2.0;48,89058000;2,32019600;
202300001187.0;4;37;37261;2;1;2.0;6.0;47,42696000;0,68545000;
202300001188.0;1;91;91689;2;3;1.0;3.0;48,73053100;2,31824200;
202300001189.0;1;10;10357;2;9;1.0;2.0;48,30225655;4,10246551;
202300001190.0;3;62;62362;1;1;1.0;3.0;50,39475360;2,51296149;
202300001191.0;1;91;91044;2;1;1.0;1.0;48,68311300;2,28495800;
202300001192.0;5;35;35115;2;1;2.0;6.0;48,35104201; -1,18496239;
202300001193.0;1;75;75116;2;3;1.0;2.0;48,84791700;2,27140500;
202300001194.0;1;06;06088;2;1;1.0;6.0;43,72762000;7,28379000;
202300001195.0;2;51;51264;1;1;1.0;7.0;48,79664100;3,61688900;
202300001196.0;2;28;28092;1;1;1.0;6.0;48,35818800;1,87686000;
202300001197.0;1;34;34172;2;1;1.0;3.0;43,62320000;3,86133000;
202300001198.0;1;75;75116;2;2;1.0;3.0;48,84147500;2,26387700;
202300001199.0;1;12;12145;2;1;1.0;6.0;44,09556000;3,07668000;
202300001200.0;1;31;31150;2;1;1.0;1.0;43,64164500;1,31713100;
202300001201.0;5;33;33063;2;1;1.0;3.0;44,82302000; -0,54234000;
202300001202.0;1;75;75115;2;2;1.0;6.0;48,84655500;2,28398800;
202300001203.0;2;32;32123;1;1;1.0;3.0;43,64907600;0,88053200;
202300001204.0;1;72;72241;2;1;1.0;2.0;48,05235300;0,39227800;
202300001205.0;1;75;75114;2;1;1.0;6.0;48,83828700;2,31962400;
202300001206.0;5;33;33063;2;3;1.0;3.0;44,86335000; -0,56131000;
202300001207.0;1;05;05156;2;1;1.0;6.0;44,53994628;6,49778697;
202300001208.0;1;14;14540;1;1;2.0;6.0;49,15500000;0,24400000;
202300001209.0;1;75;75112;2;1;1.0;3.0;48,83463000;2,39351800;
202300001210.0;1;73;73043;2;9;1.0;6.0;45,76291800;5,92991400;
202300001211.0;5;74;74010;2;1;1.0;6.0;45,83769700;6,06883300;
202300001212.0;1;33;33063;2;3;1.0;2.0;44,86749000; -0,57241000;
202300001213.0;1;75;75112;2;2;1.0;3.0;48,82818900;2,39031400;
202300001214.0;3;14;14726;1;1;2.0;7.0;48,85780500; -0,68209600;
202300001215.0;1;24;24520;1;1;1.0;1.0;44,88522600;1,18856200;
202300001216.0;1;33;33119;2;3;1.0;3.0;44,85527526; -0,53574510;
202300001217.0;5;75;75111;2;3;1.0;3.0;48,86584500;2,37154800;
202300001218.0;1;52;52461;2;9;2.0;3.0;48,00201200;5,43011600;
202300001219.0;1;38;38053;1;3;2.0;1.0;45,60762400;5,22904200;
202300001220.0;5;31;31555;2;1;1.0;6.0;43,61179900;1,42516500;
202300001221.0;1;75;75111;2;3;1.0;3.0;48,86135400;2,36716800;
202300001222.0;4;972;97207;1;1;1.0;2.0;14,56619300; -60,97913900;
202300001223.0;1;974;97422;1;1;1.0;3.0; -21,17197700;55,58533800;
202300001224.0;2;31;31555;2;1;2.0;6.0;43,61334300;1,47669000;
202300001225.0;1;75;75111;2;2;1.0;3.0;48,86893100;2,38046000;
202300001226.0;1;972;97213;1;1;1.0;2.0;14,61295000; -60,99510000;
202300001227.0;1;28;28055;1;3;1.0;1.0;48,63184500;1,41451100;
202300001228.0;1;30;30189;2;2;1.0;6.0;43,83796000;4,35192000;
202300001229.0;1;75;75111;2;1;7.0;3.0;48,86832500;2,37093300;
202300001230.0;1;2A;2A247;2;3;1.0;3.0;41,60579600;9,27964400;
202300001231.0;1;972;97213;1;1;1.0;4.0;14,61853000; -61,02458000;
202300001232.0;3;29;29019;2;2;1.0;3.0;48,39418000; -4,49366000;
202300001233.0;1;83;83077;2;1;7.0;6.0;43,28623975;5,97573747;
202300001234.0;1;75;75108;2;2;1.0;3.0;48,87949600;2,32184100;
202300001235.0;5;28;28209;2;9;2.0;3.0;48,47237500;1,46876400;
202300001236.0;1;972;97213;1;9;2.0;1.0;14,64105000; -60,99135000;
202300001237.0;1;70;70262;1;1;1.0;7.0;47,66671000;6,37807300;
202300001238.0;1;94;94081;2;1;1.0;3.0;48,78801800;2,38990700;
202300001239.0;1;33;33179;2;1;1.0;6.0;44,99864400; -0,27506600;
202300001240.0;5;972;97213;1;1;1.0;1.0;14,62393440; -61,01939780;
202300001241.0;3;28;28218;2;1;2.0;6.0;48,43179000;1,45737000;
202300001242.0;5;94;94017;2;3;1.0;2.0;48,81952600;2,48243500;
202300001243.0;3;33;33014;1;1;1.0;6.0;44,96895000; -0,16607200;
202300001244.0;1;972;97213;1;1;2.0;6.0;14,63304000; -61,02713000;
202300001245.0;1;94;94052;2;1;1.0;3.0;48,83938556;2,48515007;
202300001246.0;1;27;27229;2;1;1.0;1.0;49,02134300;1,13785200;
202300001247.0;3;33;33439;1;1;1.0;1.0;45,12158200; -0,41653600;
202300001248.0;5;972;97213;1;9;1.0;2.0;14,62934000; -61,00817000;
202300001249.0;5;22;22113;2;1;3.0;6.0;48,75322000; -3,45840000;
202300001250.0;1;94;94043;2;1;1.0;2.0;48,81542000;2,36311000;
202300001251.0;1;33;33051;2;1;7.0;3.0;44,64013500; -0,96276300;
202300001252.0;1;13;13055;1;1;1.0;2.0;43,29690000;5,42485000;
202300001253.0;1;56;56206;2;1;1.0;6.0;47,68672000; -2,75869500;
202300001254.0;5;13;13204;2;2;1.0;3.0;43,30072000;5,39960000;
202300001255.0;1;94;94073;2;1;1.0;7.0;48,75723000;2,40433000;
202300001256.0;1;32;32151;1;1;1.0;2.0;43,61384800; -0,02050300;
202300001257.0;5;13;13208;2;1;1.0;6.0;43,24846000;5,38171000;
202300001258.0;1;92;92040;2;1;9.0;6.0;48,82787383;2,27267700;
202300001259.0;1;60;60282;2;4;1.0;4.0;49,21141477;2,42855787;
202300001260.0;1;13;13209;2;1;1.0;1.0;43,24840899;5,45389330;
202300001261.0;1;94;94028;2;5;1.0;5.0;48,78793000;2,44660000;
202300001262.0;1;77;77129;1;1;1.0;1.0;49,07421357;3,13502741;
202300001263.0;1;57;57146;1;1;1.0;2.0;49,02610000;6,11510000;
202300001264.0;1;13;13214;2;1;1.0;2.0;43,33018804;5,37630722;
202300001265.0;1;94;94011;2;9;1.0;3.0;48,76467000;2,49052000;
202300001266.0;1;33;33550;1;1;1.0;3.0;44,77847408; -0,55457354;
202300001267.0;5;78;78126;1;1;1.0;2.0;48,83614600;2,12903500;
202300001268.0;1;59;59462;1;1;1.0;6.0;50,51303000;3,03244000;
202300001269.0;1;94;94028;2;1;1.0;6.0;48,78351000;2,45278000;
202300001270.0;1;12;12145;2;6;1.0;3.0;44,10147000;3,06736000;
202300001271.0;1;14;14040;1;1;2.0;6.0;49,26526300; -0,75354000;
202300001272.0;2;94;94021;1;1;1.0;2.0;48,76295663;2,34128346;
202300001273.0;1;10;10387;2;1;8.0;7.0;48,28302000;4,09200000;
202300001274.0;5;93;93078;2;2;1.0;6.0;48,95503000;2,53725000;
202300001275.0;1;93;93066;2;1;8.0;6.0;48,93279200;2,34256100;
202300001276.0;3;91;91661;1;1;1.0;6.0;48,69398700;2,22994500;
202300001277.0;1;75;75112;2;1;1.0;3.0;48,83319100;2,40694600;
202300001278.0;3;67;67053;1;1;1.0;7.0;48,22671700;7,56962300;
202300001279.0;1;93;93070;2;2;1.0;3.0;48,91517000;2,33759000;
202300001280.0;5;75;75118;2;1;2.0;7.0;48,90084700;2,33443700;
202300001281.0;4;60;60290;2;1;1.0;5.0;49,48140100;2,12925600;
202300001282.0;1;92;92023;1;1;1.0;4.0;48,77680855;2,23069899;
202300001283.0;1;93;93066;2;3;1.0;1.0;48,94184000;2,34699000;
202300001284.0;2;59;59112;1;1;1.0;7.0;50,39335674;3,54773465;
202300001285.0;5;92;92051;1;1;1.0;1.0;48,88309768;2,26592597;
202300001286.0;5;75;75119;2;2;1.0;6.0;48,89056400;2,37696900;
202300001287.0;1;93;93066;2;4;1.0;3.0;48,92996362;2,34088992;
202300001288.0;3;43;43177;1;3;1.0;1.0;45,31650900;4,29507500;
202300001289.0;1;75;75118;2;4;8.0;6.0;48,89659000;2,33564400;
202300001290.0;3;93;93066;2;9;1.0;6.0;48,93235337;2,37533115;
202300001291.0;1;92;92062;1;1;1.0;4.0;48,89015578;2,24212911;
202300001292.0;1;13;13078;1;1;2.0;1.0;43,41719000;4,81613200;
202300001293.0;5;93;93064;2;1;1.0;6.0;48,87944310;2,48200013;
202300001294.0;1;93;93053;1;1;1.0;2.0;48,89701000;2,46967000;
202300001295.0;5;75;75117;2;7;1.0;5.0;48,88459100;2,29766200;
202300001296.0;1;93;93053;2;2;1.0;3.0;48,89226000;2,46042000;
202300001297.0;3;95;95572;1;1;2.0;6.0;49,03091887;2,12129607;
202300001298.0;3;13;13103;2;1;1.0;4.0;43,62584800;5,09968400;
202300001299.0;5;75;75117;2;7;1.0;3.0;48,88458700;2,29764200;
202300001300.0;1;93;93047;2;1;7.0;2.0;48,90646011;2,56976576;
202300001301.0;1;16;16028;2;1;1.0;6.0;45,47466200; -0,16201800;
202300001302.0;1;93;93007;1;1;1.0;4.0;48,95014000;2,44837000;
202300001303.0;1;75;75116;2;5;1.0;3.0;48,86296100;2,28647900;
202300001304.0;1;93;93047;2;1;1.0;3.0;48,90092898;2,55788327;
202300001305.0;1;16;16070;1;1;1.0;6.0;45,88650500;0,72578400;
202300001306.0;5;62;62737;2;1;2.0;6.0;50,46058000;2,67874000;
202300001307.0;1;75;75116;2;1;1.0;6.0;48,85922600;2,27514300;
202300001308.0;5;93;93057;2;1;1.0;6.0;48,90726000;2,49618000;
202300001309.0;1;14;14250;1;1;1.0;6.0;49,26959300; -0,60526800;
202300001310.0;1;974;97411;1;1;2.0;7.0; -20,88720000;55,44062000;
202300001311.0;1;93;93030;2;2;1.0;3.0;48,94091000;2,42209000;
202300001312.0;1;75;75116;2;1;1.0;3.0;48,84877900;2,27624600;
202300001313.0;5;973;97302;2;1;1.0;2.0;4,93613499; -52,33109003;
202300001314.0;3;74;74014;2;1;1.0;1.0;46,02380900;6,63926100;
202300001315.0;5;93;93046;2;1;1.0;6.0;48,91547000;2,51538000;
202300001316.0;1;92;92046;2;1;1.0;1.0;48,82216627;2,29837149;
202300001317.0;5;75;75114;2;4;1.0;3.0;48,82412600;2,32121500;
202300001318.0;3;29;29069;1;3;8.0;3.0;48,41621439; -4,54530549;
202300001319.0;5;69;69387;2;1;2.0;4.0;45,74555000;4,85100000;
202300001320.0;1;92;92072;2;1;1.0;6.0;48,82398000;2,21242000;
202300001321.0;5;75;75114;2;1;2.0;6.0;48,83378400;2,31288300;
202300001322.0;1;67;67482;1;1;1.0;2.0;48,57305600;7,75495700;
202300001323.0;1;92;92050;2;1;1.0;6.0;48,88563000;2,21991000;
202300001324.0;1;91;91589;2;2;8.0;3.0;48,68992000;2,34651000;
202300001325.0;1;75;75114;2;4;2.0;6.0;48,82879100;2,32773300;
202300001326.0;4;71;71540;1;1;1.0;7.0;46,77004000;4,44497000;
202300001327.0;2;78;78646;2;2;1.0;6.0;48,79654300;2,13129900;
202300001328.0;1;92;92050;2;2;1.0;3.0;48,88672247;2,20964295;
202300001329.0;1;75;75112;2;3;1.0;6.0;48,84933900;2,38953500;
202300001330.0;1;14;14191;1;1;1.0;6.0;49,31641400; -0,44967500;
202300001331.0;1;92;92023;2;1;1.0;6.0;48,77794457;2,23309994;
202300001332.0;3;71;71445;1;1;1.0;1.0;46,78878000;4,89989000;
202300001333.0;5;75;75112;2;1;2.0;2.0;48,83384800;2,40325400;
202300001334.0;1;92;92036;2;3;1.0;3.0;48,94069000;2,29144000;
202300001335.0;1;974;97409;2;1;2.0;6.0; -20,94377000;55,64911000;
202300001336.0;1;64;64122;2;1;2.0;1.0;43,45846000; -1,54872000;
202300001337.0;1;75;75112;2;1;8.0;2.0;48,84029700;2,37450100;
202300001338.0;2;84;84026;2;3;1.0;7.0;43,73348000;5,37477700;
202300001339.0;1;92;92026;2;1;1.0;1.0;48,90078677;2,25638741;
202300001340.0;1;75;75109;2;1;8.0;6.0;48,87524100;2,33399700;
202300001341.0;5;62;62119;2;3;2.0;6.0;50,51882000;2,62301000;
202300001342.0;5;92;92012;2;9;1.0;3.0;48,83464653;2,24663705;
202300001343.0;4;45;45234;2;1;2.0;7.0;47,81718000;1,92719000;
202300001344.0;1;13;13041;1;4;7.0;3.0;43,44575100;5,52351900;
202300001345.0;1;75;75108;2;2;1.0;3.0;48,86901751;2,30986476;
202300001346.0;1;92;92004;2;1;7.0;2.0;48,90891803;2,27012917;
202300001347.0;5;93;93070;2;1;8.0;2.0;48,90622000;2,34413000;
202300001348.0;1;42;42189;2;3;1.0;2.0;45,41849000;4,31239000;
202300001349.0;5;75;75107;2;2;1.0;6.0;48,85164700;2,31253500;
202300001350.0;5;38;38053;2;1;8.0;6.0;45,58540000;5,26935000;
202300001351.0;1;69;69256;2;1;6.0;3.0;45,75548143;4,92779002;
202300001352.0;5;75;75102;2;3;2.0;6.0;48,87070900;2,34788000;
202300001353.0;1;92;92002;2;2;1.0;3.0;48,76145000;2,29128000;
202300001354.0;3;37;37122;2;1;2.0;2.0;47,34154000;0,67464000;
202300001355.0;1;974;97409;2;1;1.0;3.0; -20,93716000;55,64851000;