Num_Acc;lum;departement;commune;agglomeration;intersection;meteo;type_collision;lat;long;date
202300001356.0;5;92;92002;2;1;1.0;6.0;48,76164000;2,30817000;
202300001357.0;5;94;94058;2;1;1.0;4.0;48,84750000;2,49308000;
202300001358.0;1;37;37208;2;3;1.0;2.0;47,36548000;0,71810000;
202300001359.0;1;974;97409;2;1;1.0;2.0; -20,97330000;55,68399000;
202300001360.0;5;94;94041;2;2;1.0;3.0;48,81574000;2,38297000;
202300001361.0;1;2A;2A272;2;1;2.0;7.0;41,62027900;8,97029400;
202300001362.0;1;35;35238;2;3;1.0;3.0;48,08353957; -1,66088015;
202300001363.0;2;974;97409;1;1;3.0;2.0; -20,97159000;55,65537000;
202300001364.0;5;94;94041;2;1;1.0;6.0;48,81792000;2,40245200;
202300001365.0;1;69;69279;2;3;1.0;3.0;45,79106400;5,03983300;
202300001366.0;1;34;34301;2;5;1.0;3.0;43,40696000;3,69872000;
202300001367.0;5;94;94001;2;7;2.0;6.0;48,72446400;2,41870900;
202300001368.0;1;62;62506;1;1;1.0;6.0;50,79908940;1,94357781;
202300001369.0;3;29;29039;1;1;2.0;6.0;47,91376773; -3,92398595;
202300001370.0;1;13;13001;1;1;1.0;3.0;43,52165000;5,42730000;
202300001371.0;1;93;93078;2;1;1.0;1.0;48,96076228;2,55264662;
202300001372.0;1;974;97413;2;3;1.0;3.0; -21,17125600;55,29031100;
202300001373.0;2;13;13207;2;1;1.0;7.0;43,29180000;5,36582000;
202300001374.0;5;17;17306;2;2;8.0;3.0;45,64898000; -1,02443900;
202300001375.0;3;93;93055;2;2;1.0;3.0;48,89302000;2,41224000;
202300001376.0;1;85;85109;2;6;1.0;6.0;46,86053000; -1,01942700;
202300001377.0;1;91;91345;2;9;1.0;6.0;48,69408500;2,28761400;
202300001378.0;1;13;13002;2;1;1.0;3.0;43,33999000;5,48471000;
202300001379.0;1;19;19286;1;1;3.0;6.0;45,33942760;1,40252464;
202300001380.0;5;93;93053;2;3;2.0;6.0;48,88950000;2,45750000;
202300001381.0;1;28;28358;2;6;1.0;7.0;48,48710120;1,52603180;
202300001382.0;5;13;13213;2;1;1.0;2.0;43,33428000;5,43201000;
202300001383.0;1;56;56186;2;1;1.0;3.0;47,47846200; -3,12790100;
202300001384.0;1;13;13005;1;1;1.0;6.0;43,29220000;5,59278000;
202300001385.0;1;93;93033;2;7;1.0;2.0;48,85897000;2,58150000;
202300001386.0;3;74;74010;2;9;2.0;5.0;45,94285000;6,12413200;
202300001387.0;1;77;77524;1;2;1.0;3.0;48,44530500;3,16340800;
202300001388.0;1;06;06088;2;1;1.0;3.0;43,71700000;7,25311000;
202300001389.0;3;74;74208;1;1;9.0;7.0;45,92570200;6,68562000;
202300001390.0;1;93;93048;2;1;2.0;1.0;48,86324100;2,44056100;
202300001391.0;1;76;76312;2;1;1.0;3.0;49,48378500;1,72016500;
202300001392.0;1;29;29147;1;1;1.0;7.0;47,91835537; -3,57096434;
202300001393.0;1;06;06069;2;6;1.0;3.0;43,65055000;6,92230000;
202300001394.0;1;06;06069;2;1;1.0;6.0;43,64858000;6,96481000;
202300001395.0;1;93;93027;2;3;2.0;3.0;48,93148000;2,38000000;
202300001396.0;1;76;76312;2;3;1.0;3.0;49,47489700;1,71904900;
202300001397.0;5;93;93070;2;3;2.0;3.0;48,90143000;2,33020000;
202300001398.0;1;06;06027;2;1;1.0;1.0;43,68075000;7,15182000;
202300001399.0;1;93;93027;2;1;2.0;6.0;48,92542238;2,41553843;
202300001400.0;1;79;79164;1;2;1.0;3.0;46,19288500; -0,06107700;
202300001401.0;1;93;93077;2;6;1.0;6.0;48,88893000;2,50730000;
202300001402.0;1;75;75118;2;1;1.0;3.0;48,90116200;2,34937600;
202300001403.0;2;32;32446;1;9;1.0;7.0;43,49354600;0,25486400;
202300001404.0;1;49;49214;2;6;1.0;3.0;47,53008200; -0,62116700;
202300001405.0;1;93;93007;2;2;2.0;6.0;48,93698000;2,46416000;
202300001406.0;1;75;75115;2;1;1.0;3.0;48,83495730;2,27339900;
202300001407.0;2;32;32114;1;1;1.0;6.0;43,36451700;0,45715600;
202300001408.0;1;12;12209;1;1;2.0;3.0;44,69287400;2,69904800;
202300001409.0;1;93;93005;2;1;1.0;2.0;48,94714900;2,48380000;
202300001410.0;3;32;32286;1;1;2.0;6.0;43,79239500;0,63098400;
202300001411.0;1;75;75106;2;3;1.0;3.0;48,85042000;2,32462300;
202300001412.0;1;22;22087;2;1;1.0;1.0;48,27009700; -3,31583300;
202300001413.0;5;93;93001;2;1;1.0;6.0;48,91692300;2,38190800;
202300001414.0;1;32;32212;2;2;1.0;3.0;44,04113600;0,48075900;
202300001415.0;1;44;44131;2;6;1.0;3.0;47,12452400; -2,11908500;
202300001416.0;1;75;75110;2;2;1.0;1.0;48,86850700;2,36288100;
202300001417.0;1;92;92072;2;1;8.0;6.0;48,82514506;2,21604520;
202300001418.0;1;29;29027;2;3;1.0;3.0;48,18667600; -3,81880600;
202300001419.0;3;84;84089;1;1;1.0;1.0;43,67363400;5,49342700;
202300001420.0;1;75;75115;2;3;8.0;3.0;48,84621600;2,27964000;
202300001421.0;5;92;92064;2;1;1.0;6.0;48,86054355;2,21314173;
202300001422.0;1;71;71306;2;1;1.0;6.0;46,67490000;4,36851000;
202300001423.0;1;38;38134;1;1;1.0;3.0;45,43817000;5,00552600;
202300001424.0;5;75;75111;2;2;1.0;3.0;48,86704700;2,38302200;
202300001425.0;1;15;15240;1;1;1.0;7.0;45,39767400;2,68959000;
202300001426.0;1;92;92050;2;1;1.0;6.0;48,88712870;2,20781520;
202300001427.0;2;13;13210;2;1;1.0;3.0;43,27493000;5,42494000;
202300001428.0;5;75;75107;2;1;3.0;6.0;48,86304600;2,31188700;
202300001429.0;1;58;58220;1;1;1.0;6.0;47,16456300;3,05370600;
202300001430.0;1;92;92049;2;1;1.0;3.0;48,81470911;2,32587799;
202300001431.0;5;94;94068;2;2;1.0;3.0;48,80448700;2,51776500;
202300001432.0;1;73;73019;1;3;8.0;3.0;45,51155000;6,31201000;
202300001433.0;5;78;78143;1;1;1.0;4.0;48,73277300;2,10356000;
202300001434.0;5;93;93049;2;1;2.0;6.0;48,86470219;2,49964365;
202300001435.0;1;92;92062;2;3;2.0;6.0;48,88277607;2,22361721;
202300001436.0;1;73;73032;2;4;1.0;7.0;45,61364000;6,45300900;
202300001437.0;1;73;73008;2;1;1.0;6.0;45,69455000;5,91174000;
202300001438.0;5;93;93046;2;1;2.0;3.0;48,90730500;2,52456800;
202300001439.0;1;16;16269;1;1;7.0;6.0;45,68462100;0,38226400;
202300001440.0;5;93;93064;2;1;1.0;6.0;48,88077100;2,48507500;
202300001441.0;3;07;07027;1;1;2.0;6.0;44,82640092;4,80876154;
202300001442.0;1;93;93064;2;1;2.0;6.0;48,87361500;2,48250400;
202300001443.0;1;39;39227;2;1;1.0;1.0;46,63726100;6,03170900;
202300001444.0;1;53;53229;1;1;1.0;1.0;48,12871100; -0,73703900;
202300001445.0;5;63;63075;2;9;3.0;6.0;45,77700000;3,06900000;
202300001446.0;1;47;47055;1;1;1.0;6.0;44,48160300;0,67365300;
202300001447.0;3;24;24123;1;1;1.0;6.0;44,94978800;0,63563500;
202300001448.0;1;63;63113;2;1;1.0;3.0;45,75780000;3,09781000;
202300001449.0;2;04;04160;1;1;2.0;6.0;43,85936600;5,63372500;
202300001450.0;1;95;95205;1;1;1.0;2.0;49,02383400;2,39515900;
202300001451.0;1;45;45187;2;9;1.0;6.0;47,88945700;2,51497300;
202300001452.0;5;63;63113;2;1;1.0;3.0;45,78575752;3,10374767;
202300001453.0;1;04;04166;2;2;1.0;3.0;43,81856600;6,09061500;
202300001454.0;1;27;27065;2;1;1.0;6.0;49,34486900;0,35418000;
202300001455.0;5;63;63113;1;1;3.0;2.0;45,79803000;3,15371000;
202300001456.0;1;972;97232;1;1;1.0;4.0;14,56892200; -60,85794900;
202300001457.0;1;17;17463;1;1;1.0;1.0;45,97310600; -0,98763200;
202300001458.0;5;63;63113;2;3;3.0;6.0;45,78339577;3,08014154;
202300001459.0;1;17;17210;2;1;1.0;6.0;45,45797100; -0,69171000;
202300001460.0;1;87;87187;2;1;1.0;7.0;45,50054100;1,20384700;
202300001461.0;5;63;63113;2;2;2.0;2.0;45,77491000;3,09577000;
202300001462.0;1;37;37018;1;1;1.0;2.0;47,36326537;0,62810898;
202300001463.0;1;08;08491;2;3;1.0;7.0;49,73721200;4,85418100;
202300001464.0;5;63;63113;2;2;2.0;3.0;45,79027498;3,08345139;
202300001465.0;1;08;08040;2;1;1.0;3.0;49,72977400;4,75375400;
202300001466.0;1;63;63014;2;9;1.0;1.0;45,75123448;3,11036065;
202300001467.0;1;08;08142;1;1;1.0;7.0;49,73491300;4,88616900;
202300001468.0;1;63;63113;2;7;1.0;3.0;45,78229000;3,09526000;
202300001469.0;1;63;63113;2;7;1.0;3.0;45,77210797;3,08065653;
202300001470.0;1;38;38193;2;2;8.0;3.0;45,62094100;5,21975000;
202300001471.0;5;63;63113;2;2;1.0;3.0;45,76710000;3,11590000;
202300001472.0;3;03;03021;1;1;1.0;6.0;46,11722500;3,12584700;
202300001473.0;1;93;93007;2;1;1.0;2.0;48,95261823;2,46231079;
202300001474.0;1;35;35210;1;1;1.0;3.0;48,12290300; -1,78904400;
202300001475.0;5;93;93007;2;1;1.0;1.0;48,95002000;2,46062000;
202300001476.0;1;69;69244;2;3;1.0;3.0;45,76387300;4,77871900;
202300001477.0;1;14;14333;1;1;3.0;6.0;49,39193400;0,25969500;
202300001478.0;1;78;78643;2;3;1.0;6.0;48,97084600;1,98013800;
202300001479.0;1;971;97129;1;1;1.0;5.0;16,29777400; -61,67095900;
202300001480.0;1;84;84031;2;1;1.0;1.0;44,05364200;5,06230000;
202300001481.0;3;69;69256;1;1;1.0;4.0;45,79684692;4,94160442;
202300001482.0;1;971;97134;2;3;1.0;3.0;16,05993100; -61,76677000;
202300001483.0;1;13;13209;2;1;1.0;1.0;43,24640000;5,40840000;
202300001484.0;1;974;97409;2;1;1.0;7.0; -20,93927000;55,64701000;
202300001485.0;1;45;45273;2;1;1.0;3.0;47,87023100;2,12580900;
202300001486.0;1;84;84087;1;1;1.0;5.0;44,14500000;4,83100000;
202300001487.0;2;73;73065;1;1;1.0;5.0;45,58879770;5,90153825;
202300001488.0;1;66;66008;2;3;1.0;3.0;42,54811200;3,02008200;
202300001489.0;1;68;68106;1;1;1.0;7.0;47,87984600;7,12024500;
202300001490.0;5;33;33318;2;2;8.0;4.0;44,80591000; -0,63315000;
202300001491.0;5;13;13211;2;1;1.0;2.0;43,28961000;5,46473000;
202300001492.0;1;68;68106;2;1;1.0;7.0;47,87519500;7,10821900;
202300001493.0;1;13;13209;2;1;1.0;6.0;43,25048000;5,39700900;
202300001494.0;1;13;13208;2;1;1.0;6.0;43,26036800;5,39815800;
202300001495.0;1;88;88355;1;4;1.0;3.0;48,34565400;6,34057000;
202300001496.0;1;13;13208;2;1;2.0;1.0;43,27744000;5,38375000;
202300001497.0;2;13;13002;2;6;1.0;3.0;43,33935000;5,48446000;
202300001498.0;3;26;26084;1;2;3.0;3.0;45,00995700;4,96285400;
202300001499.0;1;32;32066;1;1;3.0;7.0;43,86310400;0,73752100;
202300001500.0;1;61;61279;1;2;8.0;3.0;48,40532100; -0,00395800;
202300001501.0;1;32;32162;1;1;1.0;7.0;43,75477600;0,47842000;
202300001502.0;1;22;22134;1;3;1.0;3.0;48,78957700; -3,40113100;
202300001503.0;2;09;09225;2;2;2.0;3.0;43,12139000;1,62123000;
202300001504.0;2;09;09225;2;2;2.0;3.0;43,12138000;1,62114000;
202300001505.0;1;13;13071;1;1;1.0;2.0;43,41209132;5,28240711;
202300001506.0;5;68;68376;2;2;1.0;3.0;47,82339100;7,33427100;
202300001507.0;1;13;13211;1;1;1.0;4.0;43,29500000;5,46400000;
202300001508.0;5;74;74281;2;2;1.0;6.0;46,38084000;6,49550000;
202300001509.0;1;33;33063;1;1;1.0;2.0;44,88011500; -0,53791400;
202300001510.0;5;69;69256;2;8;1.0;3.0;45,76276000;4,92942000;
202300001511.0;1;33;33063;1;1;1.0;6.0;44,88007000; -0,53803000;
202300001512.0;1;63;63113;2;8;1.0;3.0;45,79115000;3,11346000;
202300001513.0;1;94;94003;1;1;1.0;2.0;48,79947061;2,34226962;
202300001514.0;1;63;63113;2;1;1.0;6.0;45,78253153;3,08940589;
202300001515.0;2;91;91471;1;1;1.0;3.0;48,71558000;2,17441000;
202300001516.0;5;63;63113;2;4;1.0;3.0;45,78476000;3,08006000;
202300001517.0;3;91;91471;1;1;1.0;7.0;48,71558000;2,17441000;
202300001518.0;2;63;63113;2;7;1.0;3.0;45,77900000;3,09198000;
202300001519.0;1;78;78297;1;1;1.0;7.0;48,79020400;2,05847800;
202300001520.0;1;63;63063;2;1;1.0;2.0;45,83803000;3,12110000;
202300001521.0;1;93;93046;2;2;1.0;6.0;48,91651200;2,53159600;
202300001522.0;1;92;92050;1;1;1.0;4.0;48,90624700;2,21039800;
202300001523.0;2;93;93077;2;1;1.0;6.0;48,88505500;2,50867200;
202300001524.0;2;93;93070;2;1;2.0;3.0;48,90709600;2,33217000;
202300001525.0;1;93;93007;1;1;1.0;5.0;48,94661725;2,44182927;
202300001526.0;1;13;13211;2;1;1.0;6.0;43,29480696;5,46431796;
202300001527.0;1;92;92078;1;1;1.0;7.0;48,93112930;2,32352796;
202300001528.0;1;93;93008;1;1;1.0;3.0;48,90828831;2,45147679;
202300001529.0;1;60;60196;1;1;1.0;3.0;49,28549900;2,07427000;
202300001530.0;3;60;60009;1;1;1.0;7.0;49,39776400;2,12246400;
202300001531.0;1;93;93027;1;1;1.0;3.0;48,93447350;2,39765242;
202300001532.0;1;76;76540;2;2;6.0;3.0;49,43236000;1,07875000;
202300001533.0;1;92;92036;1;1;1.0;4.0;48,93788866;2,29766722;
202300001534.0;5;76;76681;2;3;1.0;3.0;49,41564000;1,09438000;
202300001535.0;1;93;93008;1;1;1.0;2.0;48,90892746;2,44905923;
202300001536.0;3;10;10357;1;1;1.0;2.0;48,28738480;4,13876295;
202300001537.0;3;95;95607;1;1;1.0;6.0;49,02729000;2,20454000;
202300001538.0;3;94;94017;1;1;1.0;2.0;48,83014633;2,48913123;
202300001539.0;5;10;10387;2;3;1.0;3.0;48,30700000;4,08400000;
202300001540.0;1;59;59599;2;1;2.0;6.0;50,73372700;3,16129300;
202300001541.0;1;67;67447;2;3;1.0;3.0;48,60912000;7,72922000;
202300001542.0;1;94;94071;2;5;1.0;6.0;48,77082700;2,52252400;
202300001543.0;1;93;93008;2;1;1.0;3.0;48,90836489;2,45188613;
202300001544.0;1;92;92073;2;1;1.0;6.0;48,86601400;2,21543700;
202300001545.0;1;91;91377;2;2;1.0;3.0;48,73536000;2,28941000;
202300001546.0;1;83;83069;2;1;1.0;6.0;43,10665000;6,12169000;
202300001547.0;2;29;29232;1;1;1.0;6.0;47,95965000; -4,06431000;
202300001548.0;1;971;97115;1;1;1.0;3.0;16,26190500; -61,63728700;
202300001549.0;1;32;32181;1;1;4.0;6.0;43,41790000;0,23406000;
202300001550.0;5;83;83137;2;9;1.0;4.0;43,12912000;5,92409000;
202300001551.0;5;32;32272;2;3;1.0;6.0;43,35117000;0,51134700;
202300001552.0;1;69;69029;2;1;1.0;3.0;45,72911000;4,91650000;
202300001553.0;1;974;97411;2;2;1.0;6.0; -20,89628978;55,49208283;
202300001554.0;1;974;97407;2;1;1.0;3.0; -20,94460000;55,29260000;
202300001555.0;1;973;97302;2;3;1.0;2.0;4,94053967; -52,32020608;
202300001556.0;1;14;14068;1;6;1.0;2.0;49,22712800; -0,36351100;
202300001557.0;1;973;97302;2;6;1.0;5.0;4,93333464; -52,30958068;
202300001558.0;1;14;14117;2;6;8.0;6.0;49,27834200; -0,13350100;
202300001559.0;5;14;14225;2;1;1.0;7.0;49,28619000; -0,09824000;
202300001560.0;1;973;97302;2;3;1.0;3.0;4,93552973; -52,29510185;
202300001561.0;3;93;93051;1;1;1.0;4.0;48,83479441;2,58274578;
202300001562.0;1;69;69387;2;1;1.0;1.0;45,74940000;4,84795000;
202300001563.0;1;93;93027;2;1;2.0;2.0;48,93425000;2,38725000;
202300001564.0;5;93;93027;2;8;1.0;3.0;48,92234000;2,40712000;
202300001565.0;1;69;69388;2;4;1.0;3.0;45,72649000;4,86445000;
202300001566.0;1;69;69384;2;1;1.0;1.0;45,77470014;4,81118266;
202300001567.0;2;93;93051;1;1;2.0;6.0;48,83519321;2,57205899;
202300001568.0;1;69;69034;2;1;1.0;1.0;45,79000000;4,86000000;
202300001569.0;2;95;95088;1;2;8.0;3.0;48,95875561;2,44530559;
202300001570.0;1;69;69149;2;1;1.0;6.0;45,71982000;4,80043000;
202300001571.0;1;93;93027;2;2;1.0;3.0;48,92310000;2,38397000;
202300001572.0;1;69;69034;2;1;1.0;2.0;45,78937000;4,85540000;
202300001573.0;5;93;93027;2;3;1.0;3.0;48,92450604;2,38433361;
202300001574.0;1;2B;2B033;2;1;1.0;1.0;42,70753000;9,45378000;
202300001575.0;4;93;93051;1;1;1.0;3.0;48,83538000;2,57214000;
202300001576.0;5;93;93030;2;2;1.0;6.0;48,95429800;2,41635500;
202300001577.0;5;971;97101;1;3;1.0;3.0;16,25142550; -61,51616335;
202300001578.0;3;93;93013;2;5;1.0;6.0;48,93277706;2,41330439;
202300001579.0;3;971;97113;2;9;1.0;3.0;16,21744926; -61,49446964;
202300001580.0;1;93;93027;2;6;3.0;3.0;48,92310495;2,38826841;
202300001581.0;1;74;74281;2;1;1.0;6.0;46,36880000;6,48015000;
202300001582.0;2;2A;2A004;2;3;1.0;6.0;41,91563000;8,73070000;
202300001583.0;3;38;38544;1;1;2.0;6.0;45,51882000;4,91731000;
202300001584.0;3;93;93051;1;9;2.0;7.0;48,83647000;2,54697000;
202300001585.0;1;95;95585;2;1;1.0;3.0;48,98425000;2,37081000;
202300001586.0;5;93;93013;2;5;1.0;3.0;48,93485000;2,42597000;
202300001587.0;1;95;95585;2;1;1.0;6.0;48,97844000;2,38509000;
202300001588.0;3;93;93051;1;1;2.0;4.0;48,83665300;2,54835300;
202300001589.0;1;95;95197;2;4;1.0;6.0;48,96567600;2,33444300;
202300001590.0;3;93;93051;1;1;2.0;7.0;48,83650400;2,55103600;
202300001591.0;3;93;93051;1;1;1.0;4.0;48,83642921;2,55189158;
202300001592.0;5;93;93051;1;1;1.0;4.0;48,83644900;2,54987800;
202300001593.0;1;91;91377;2;1;1.0;3.0;48,71713000;2,28259000;
202300001594.0;1;93;93027;1;1;2.0;6.0;48,93422403;2,39288139;
202300001595.0;1;91;91689;2;2;1.0;1.0;48,73285000;2,32801000;
202300001596.0;3;60;60175;1;1;2.0;5.0;49,25000000;2,45700000;
202300001597.0;1;90;90008;2;3;7.0;3.0;47,62476800;6,84211400;
202300001598.0;5;08;08409;2;1;2.0;2.0;49,70350000;4,93156000;
202300001599.0;1;88;88415;2;1;1.0;3.0;48,01229000;6,60639000;
202300001600.0;1;09;09225;2;1;2.0;6.0;43,10426000;1,62325000;
202300001601.0;1;87;87085;2;3;1.0;2.0;45,86756152;1,29466585;
202300001602.0;3;09;09225;2;3;1.0;3.0;43,12407000;1,62078000;
202300001603.0;1;83;83137;2;1;1.0;6.0;43,12856000;5,91363000;
202300001604.0;3;09;09225;1;1;9.0;6.0;43,10662155;1,63226634;
202300001605.0;1;79;79191;2;1;1.0;7.0;46,31095000; -0,49216000;
202300001606.0;1;78;78133;2;9;1.0;3.0;48,90578000;2,04994300;
202300001607.0;5;38;38053;2;3;1.0;3.0;45,58998000;5,27632000;
202300001608.0;5;38;38053;2;6;1.0;3.0;45,59390000;5,26998000;
202300001609.0;5;38;38053;2;1;1.0;3.0;45,58402000;5,28939000;
202300001610.0;1;77;77350;1;1;1.0;6.0;48,77647956;2,70890810;
202300001611.0;1;38;38185;2;2;2.0;6.0;45,18773000;5,72914000;
202300001612.0;1;77;77350;2;9;1.0;6.0;48,76806000;2,68239000;
202300001613.0;2;83;83126;2;2;1.0;3.0;43,10293000;5,87427000;
202300001614.0;1;77;77058;2;2;1.0;6.0;48,83341146;2,70899520;
202300001615.0;1;77;77438;1;1;1.0;2.0;48,86672200;2,67610500;
202300001616.0;5;13;13001;2;4;3.0;3.0;43,49350925;5,40591717;
202300001617.0;1;76;76351;2;1;1.0;6.0;49,50373000;0,14793000;
202300001618.0;1;32;32426;1;1;7.0;3.0;43,48756600;0,60441500;
202300001619.0;5;32;32462;2;1;3.0;6.0;43,75812900;0,30375700;
202300001620.0;1;72;72181;2;9;1.0;3.0;47,98432000;0,17765000;
202300001621.0;1;62;62654;1;3;1.0;7.0;50,91400471;1,74475551;
202300001622.0;1;71;71076;2;1;1.0;6.0;46,80644624;4,84259427;
202300001623.0;1;62;62497;1;1;1.0;7.0;50,44824000;3,05885000;
202300001624.0;1;88;88116;2;7;2.0;1.0;47,96324300;6,83820600;
202300001625.0;5;69;69256;2;1;1.0;3.0;45,77518000;4,91419000;
202300001626.0;1;69;69029;2;1;1.0;7.0;45,74110000;4,92976000;
202300001627.0;5;88;88321;2;3;2.0;3.0;48,35770695;5,69778085;
202300001628.0;1;88;88462;1;1;2.0;6.0;48,03346000;6,67793000;
202300001629.0;5;69;69259;2;1;1.0;6.0;45,72128000;4,87416000;
202300001630.0;1;25;25018;1;1;1.0;7.0;47,38382500;6,56961100;
202300001631.0;1;25;25619;1;1;1.0;7.0;46,71557800;6,24796400;
202300001632.0;1;67;67482;2;3;1.0;3.0;48,58059000;7,77352000;
202300001633.0;1;59;59135;2;1;1.0;7.0;50,80294500;2,47454700;
202300001634.0;1;67;67482;2;3;1.0;3.0;48,57064000;7,77588000;
202300001635.0;1;60;60097;1;3;7.0;3.0;49,32275800;1,89456200;
202300001636.0;1;60;60175;1;6;1.0;3.0;49,24452000;2,46980000;
202300001637.0;3;14;14304;1;1;2.0;2.0;49,38464000;0,24762000;
202300001638.0;1;66;66136;2;1;1.0;3.0;42,67874000;2,85200000;
202300001639.0;5;09;09225;2;3;2.0;3.0;43,12024000;1,61127000;
202300001640.0;3;13;13026;1;1;1.0;3.0;43,39021000;5,13590000;
202300001641.0;3;14;14045;1;1;3.0;1.0;49,19788179; -0,13313566;
202300001642.0;3;18;18170;1;1;1.0;7.0;47,49106900;2,55091500;
202300001643.0;1;18;18033;2;2;1.0;6.0;47,08327900;2,38903800;
202300001644.0;3;74;74079;2;1;1.0;6.0;45,84109200;6,33233100;
202300001645.0;1;13;13063;2;1;1.0;6.0;43,59663700;5,01109000;
202300001646.0;3;13;13047;1;1;1.0;7.0;43,48157000;4,98168000;
202300001647.0;5;13;13063;2;1;1.0;3.0;43,57970000;5,00397000;
202300001648.0;2;13;13213;2;6;1.0;3.0;43,32858000;5,43372000;
202300001649.0;1;974;97409;2;1;1.0;3.0; -20,96883000;55,65712000;
202300001650.0;1;24;24139;1;1;2.0;7.0;45,13595276;0,61393261;
202300001651.0;3;56;56220;1;1;1.0;7.0;47,73221600; -3,19264400;
202300001652.0;2;80;80443;1;3;1.0;5.0;49,84346900;1,91227600;
202300001653.0;1;65;65025;2;1;1.0;6.0;43,00621433; -0,09875625;
202300001654.0;3;12;12264;1;1;1.0;6.0;44,41697700;2,65668500;
202300001655.0;3;71;71133;1;1;1.0;5.0;46,27928400;4,30001000;
202300001656.0;1;22;22341;1;1;1.0;2.0;48,39929000; -2,40712000;
202300001657.0;2;71;71412;1;1;2.0;4.0;46,72744400;4,45866300;
202300001658.0;1;22;22251;1;1;1.0;6.0;48,54492000; -2,82229000;
202300001659.0;1;974;97414;2;1;1.0;3.0; -21,29133600;55,41430400;
202300001660.0;2;63;63400;2;1;2.0;3.0;46,06160700;3,45205700;
202300001661.0;1;01;01357;2;3;1.0;3.0;46,17274300;5,72956300;
202300001662.0;2;55;55153;1;1;1.0;7.0;49,22452000;5,51761500;
202300001663.0;1;83;83070;2;1;1.0;2.0;43,13869800;6,37070400;
202300001664.0;1;46;46268;1;1;3.0;6.0;44,46526600;1,59940100;
202300001665.0;1;08;08001;1;1;1.0;7.0;49,50014500;4,35318200;
202300001666.0;2;47;47274;2;1;2.0;1.0;44,14413073;0,77814109;
202300001667.0;1;47;47034;2;1;1.0;7.0;44,38606343;0,10384168;
202300001668.0;5;25;25411;2;1;2.0;6.0;47,05554000;6,60297500;
202300001669.0;1;41;41274;1;1;1.0;3.0;47,76545700;0,90230600;
202300001670.0;1;34;34192;2;4;1.0;3.0;43,53031400;3,93679100;
202300001671.0;1;30;30196;1;1;1.0;1.0;44,09079100;4,53460700;
202300001672.0;1;38;38287;2;1;8.0;1.0;45,42089200;5,46980500;
202300001673.0;5;69;69100;1;1;1.0;4.0;45,68033200;4,83017000;
202300001674.0;1;02;02810;1;1;8.0;6.0;49,27127700;3,14191800;
202300001675.0;1;30;30034;1;1;1.0;3.0;43,75971200;4,49524300;
202300001676.0;1;14;14098;1;2;1.0;7.0;49,21632200; -0,54618400;
202300001677.0;1;56;56184;1;1;1.0;6.0;47,70513400; -2,43449100;
202300001678.0;1;2B;2B218;1;1;7.0;6.0;42,21224516;9,34026718;
202300001679.0;3;50;50394;1;6;3.0;5.0;49,19135200; -1,42710700;
202300001680.0;1;2B;2B318;1;1;1.0;6.0;42,43471000;9,52039900;
202300001681.0;1;50;50484;2;3;2.0;3.0;48,57663600; -1,08576400;
202300001682.0;1;45;45282;1;1;1.0;1.0;47,85628000;1,81546900;
202300001683.0;2;36;36012;1;1;2.0;7.0;46,46747585;1,56460017;
202300001684.0;1;71;71162;1;3;1.0;2.0;46,97426400;4,38974600;
202300001685.0;1;40;40243;1;1;8.0;1.0;43,93389200; -0,93138600;
202300001686.0;1;63;63455;2;3;1.0;3.0;45,67002800;3,16237800;
202300001687.0;1;85;85078;1;3;5.0;2.0;46,32521870; -0,74034330;
202300001688.0;1;55;55181;1;1;1.0;1.0;49,23281600;5,66044800;
202300001689.0;1;39;39471;1;1;1.0;1.0;46,72832300;5,50608200;
202300001690.0;1;38;38486;2;1;1.0;3.0;45,15226500;5,68255400;
202300001691.0;3;30;30125;1;1;1.0;6.0;43,77584300;4,41731900;
202300001692.0;1;29;29076;2;1;1.0;1.0;48,47922300; -4,55713200;
202300001693.0;1;31;31303;1;1;1.0;6.0;43,35840200;1,21258400;
202300001694.0;3;42;42151;1;1;3.0;1.0;45,64845800;4,10840700;
202300001695.0;1;38;38517;2;1;1.0;6.0;45,30096900;5,49024000;
202300001696.0;1;95;95658;1;1;8.0;7.0;49,08193374;1,93337917;
202300001697.0;1;91;91461;2;1;1.0;1.0;48,60171500;2,22425900;
202300001698.0;3;34;34307;1;1;2.0;6.0;43,70996000;4,00583800;
202300001699.0;1;01;01263;2;1;1.0;6.0;46,07973900;4,75886100;
202300001700.0;1;13;13027;2;1;7.0;1.0;43,88778300;4,85125800;
202300001701.0;1;71;71384;1;2;1.0;3.0;46,69335000;4,87067700;
202300001702.0;1;26;26166;1;2;1.0;5.0;44,75592694;4,82611653;
202300001703.0;1;14;14478;2;1;1.0;6.0;49,02213900;0,40623400;
202300001704.0;2;26;26250;1;1;1.0;2.0;45,01989600;4,89544700;
202300001705.0;3;50;50197;1;1;1.0;7.0;48,87772800; -1,38779600;