Num_Acc;lum;departement;commune;agglomeration;intersection;meteo;type_collision;lat;long;date
202300001706.0;1;01;01390;1;2;1.0;5.0;45,82080300;5,24400200;
202300001707.0;1;60;60673;1;1;7.0;1.0;49,61202432;2,14485311;
202300001708.0;1;69;69047;1;1;1.0;6.0;45,86888600;4,65674400;
202300001709.0;3;16;16323;1;1;1.0;6.0;45,62103900;0,40135500;
202300001710.0;1;21;21576;1;1;1.0;1.0;47,37581800;4,47808000;
202300001711.0;3;60;60079;1;2;1.0;3.0;49,14757047;2,86279041;
202300001712.0;1;37;37050;2;1;1.0;6.0;47,32480900;0,70837400;
202300001713.0;1;80;80236;1;1;1.0;7.0;49,69672100;2,59650700;
202300001714.0;1;42;42254;1;1;1.0;2.0;45,83956400;4,18630600;
202300001715.0;5;13;13212;1;1;1.0;2.0;43,29700000;5,42550000;
202300001716.0;1;34;34022;1;1;1.0;2.0;43,67273700;4,01718700;
202300001717.0;1;69;69029;1;1;1.0;2.0;45,72781088;4,90608824;
202300001718.0;3;83;83140;1;1;1.0;2.0;43,42361100;5,95997600;
202300001719.0;3;988;98808;1;1;1.0;6.0; -21,34933000;165,42835000;
202300001720.0;1;67;67152;1;1;1.0;3.0;48,52583000;7,69510000;
202300001721.0;3;988;98819;1;1;1.0;6.0; -20,42758600;164,42856400;
202300001722.0;1;33;33013;1;1;1.0;4.0;44,84620000; -0,50239000;
202300001723.0;1;59;59237;1;1;2.0;7.0;50,76029000;2,64357000;
202300001724.0;1;77;77508;1;9;1.0;3.0;48,81590000;2,84197200;
202300001725.0;3;91;91174;1;1;3.0;2.0;48,62310000;2,46628000;
202300001726.0;1;77;77091;1;2;7.0;3.0;48,74330700;2,81631900;
202300001727.0;3;94;94003;1;1;2.0;5.0;48,79974803;2,34378034;
202300001728.0;2;91;91161;1;1;2.0;4.0;48,71900000;2,31061000;
202300001729.0;1;68;68318;2;2;1.0;7.0;47,96737000;7,23172900;
202300001730.0;1;94;94021;1;1;2.0;2.0;48,77028660;2,34542494;
202300001731.0;1;88;88321;2;1;1.0;6.0;48,35653717;5,69149330;
202300001732.0;1;55;55145;1;1;1.0;7.0;49,33572200;5,38658400;
202300001733.0;1;91;91228;1;1;1.0;3.0;48,61596000;2,42904000;
202300001734.0;1;63;63284;2;6;1.0;6.0;45,80053300;3,24294600;
202300001735.0;1;92;92025;1;1;8.0;4.0;48,91943159;2,22419963;
202300001736.0;3;92;92047;1;1;2.0;7.0;48,83519709;2,17572425;
202300001737.0;1;42;42094;2;4;1.0;3.0;45,74979000;4,22525200;
202300001738.0;1;42;42214;2;3;1.0;7.0;45,67251000;4,29417200;
202300001739.0;3;78;78029;1;1;3.0;5.0;48,96837800;1,85945700;
202300001740.0;5;92;92051;1;1;3.0;6.0;48,88419589;2,26244272;
202300001741.0;1;42;42147;1;4;1.0;2.0;45,59318000;4,11066200;
202300001742.0;1;95;95277;1;1;1.0;3.0;48,98112000;2,49824000;
202300001743.0;1;42;42147;2;1;1.0;6.0;45,60369100;4,06885700;
202300001744.0;1;93;93053;1;1;2.0;6.0;48,88778000;2,47250000;
202300001745.0;1;93;93078;1;1;2.0;6.0;48,96340000;2,52179000;
202300001746.0;2;38;38059;2;1;1.0;3.0;45,12780505;5,77827961;
202300001747.0;1;95;95582;1;1;2.0;6.0;48,96252000;2,26350000;
202300001748.0;2;69;69050;2;2;1.0;1.0;45,87604900;4,64410500;
202300001749.0;3;94;94018;1;1;2.0;6.0;48,81986293;2,40335937;
202300001750.0;1;31;31291;1;1;1.0;3.0;43,59043900;1,23084400;
202300001751.0;3;94;94044;1;1;2.0;6.0;48,75738552;2,47631192;
202300001752.0;1;94;94073;1;1;2.0;2.0;48,76801926;2,37873486;
202300001753.0;5;44;44190;2;1;2.0;6.0;47,19146000; -1,52404000;
202300001754.0;1;33;33055;1;2;1.0;3.0;45,32391300; -0,90531500;
202300001755.0;1;74;74010;2;1;7.0;3.0;45,93342100;6,12864600;
202300001756.0;1;74;74275;2;4;1.0;3.0;45,85156600;6,21606200;
202300001757.0;1;33;33266;2;1;1.0;4.0;45,05577000; -0,32793400;
202300001758.0;5;74;74012;2;1;2.0;6.0;46,19434000;6,23947000;
202300001759.0;1;13;13033;1;1;1.0;2.0;43,37380564;5,19485609;
202300001760.0;3;83;83035;1;1;1.0;6.0;43,16435815;5,76702930;
202300001761.0;1;74;74265;1;1;1.0;1.0;45,82109500;6,33519500;
202300001762.0;1;59;59403;1;1;1.0;6.0;50,43222000;3,37721000;
202300001763.0;1;74;74263;2;1;1.0;6.0;46,33377700;6,38925300;
202300001764.0;2;59;59009;1;1;1.0;2.0;50,65305000;3,13276000;
202300001765.0;1;74;74077;1;1;1.0;1.0;46,10438600;5,89314000;
202300001766.0;5;91;91549;1;1;1.0;7.0;48,62600000;2,34300000;
202300001767.0;3;74;74032;1;1;1.0;6.0;46,22397200;6,54394400;
202300001768.0;3;92;92036;1;1;1.0;7.0;48,93526651;2,26536727;
202300001769.0;1;78;78291;1;1;1.0;2.0;48,96510900;1,76165500;
202300001770.0;1;74;74131;1;1;2.0;1.0;46,02299700;5,90470100;
202300001771.0;2;74;74108;1;1;1.0;1.0;45,82251900;6,20843400;
202300001772.0;1;93;93064;1;1;1.0;2.0;48,87582000;2,47822000;
202300001773.0;1;74;74191;2;1;1.0;6.0;46,18237800;6,71168600;
202300001774.0;1;31;31149;2;1;1.0;6.0;43,61140000;1,34569000;
202300001775.0;5;33;33063;2;6;1.0;7.0;44,84523000; -0,57805000;
202300001776.0;1;974;97411;1;1;1.0;5.0; -20,88242000;55,46391000;
202300001777.0;1;14;14228;2;2;1.0;3.0;49,30079300; -0,38369700;
202300001778.0;1;974;97411;1;7;1.0;1.0; -20,91368000;55,48050000;
202300001779.0;5;69;69382;2;3;1.0;3.0;45,75339000;4,82569000;
202300001780.0;1;971;97101;2;3;1.0;1.0;16,24524531; -61,53001964;
202300001781.0;1;973;97302;2;1;1.0;6.0;4,92212035; -52,31770188;
202300001782.0;5;95;95268;2;1;1.0;7.0;48,96594643;2,40867734;
202300001783.0;5;973;97302;2;9;1.0;3.0;4,93471000; -52,31170000;
202300001784.0;1;95;95428;2;4;1.0;1.0;48,99343925;2,32155383;
202300001785.0;1;972;97213;2;1;1.0;2.0;14,62329000; -60,98987000;
202300001786.0;5;95;95018;2;6;1.0;1.0;48,95266000;2,22789000;
202300001787.0;1;91;91161;2;2;1.0;3.0;48,70412000;2,31728000;
202300001788.0;1;972;97209;1;1;1.0;5.0;14,61248000; -61,04406000;
202300001789.0;1;91;91097;2;1;1.0;2.0;48,69092000;2,52598000;
202300001790.0;1;91;91027;1;3;1.0;3.0;48,71620000;2,37124000;
202300001791.0;4;972;97209;2;2;1.0;3.0;14,60721000; -61,06786000;
202300001792.0;1;81;81163;2;3;1.0;3.0;43,48954000;2,37118000;
202300001793.0;1;81;81163;1;1;1.0;7.0;43,46355400;2,35408570;
202300001794.0;5;69;69389;2;2;2.0;3.0;45,78460839;4,80839798;
202300001795.0;5;81;81065;2;3;1.0;3.0;43,60205473;2,25019415;
202300001796.0;1;69;69382;2;2;8.0;6.0;45,76346000;4,83813000;
202300001797.0;1;971;97120;2;9;1.0;6.0;16,25017000; -61,54192000;
202300001798.0;5;971;97113;1;1;1.0;5.0;16,20802000; -61,45231000;
202300001799.0;1;69;69266;2;1;1.0;5.0;45,78064000;4,87590000;
202300001800.0;5;64;64129;2;1;1.0;2.0;43,31925000; -0,38294000;
202300001801.0;5;64;64445;2;2;1.0;3.0;43,30500000; -0,37000000;
202300001802.0;1;61;61001;2;1;1.0;2.0;48,43800000;0,09500000;
202300001803.0;4;95;95288;2;6;1.0;2.0;48,98509000;2,36164000;
202300001804.0;5;95;95197;2;1;2.0;6.0;48,97521548;2,33710259;
202300001805.0;5;54;54451;2;4;1.0;1.0;49,50339000;5,75399000;
202300001806.0;1;51;51108;2;1;1.0;7.0;48,95482500;4,36586100;
202300001807.0;1;42;42305;2;2;7.0;6.0;45,48239000;4,43828000;
202300001808.0;1;91;91174;2;2;1.0;2.0;48,60073000;2,47081000;
202300001809.0;1;35;35238;2;1;1.0;6.0;48,11934000; -1,68106000;
202300001810.0;1;87;87085;1;1;1.0;7.0;45,89560000;1,28188000;
202300001811.0;5;33;33063;2;1;1.0;2.0;44,86567000; -0,56032000;
202300001812.0;1;84;84080;1;1;1.0;5.0;44,02696000;4,96782000;
202300001813.0;1;17;17306;2;1;1.0;3.0;45,64093000; -1,02475000;
202300001814.0;1;30;30011;1;1;1.0;6.0;43,95791000;4,74931000;
202300001815.0;5;15;15014;2;1;1.0;6.0;44,93484000;2,45236000;
202300001816.0;1;13;13209;2;1;1.0;3.0;43,22960291;5,40133704;
202300001817.0;1;13;13205;2;1;1.0;2.0;43,28783957;5,39098310;
202300001818.0;2;77;77132;2;1;2.0;3.0;48,86471000;2,79130000;
202300001819.0;2;72;72181;1;1;2.0;2.0;48,01256000;0,24059000;
202300001820.0;1;13;13216;1;1;1.0;1.0;43,34914848;5,34254324;
202300001821.0;2;67;67180;1;1;3.0;1.0;48,84477000;7,78170000;
202300001822.0;5;07;07281;2;1;1.0;1.0;44,93890000;4,86013000;
202300001823.0;1;64;64445;2;1;1.0;7.0;43,30833000; -0,34004000;
202300001824.0;1;63;63113;2;1;2.0;3.0;45,81605000;3,10836000;
202300001825.0;1;03;03185;2;4;1.0;3.0;46,34199000;2,58877000;
202300001826.0;1;63;63113;2;1;1.0;3.0;45,78122000;3,13902000;
202300001827.0;5;62;62215;2;1;1.0;6.0;50,49090620;2,95547640;
202300001828.0;1;01;01053;2;3;1.0;3.0;46,19563000;5,22186000;
202300001829.0;3;62;62013;2;2;2.0;1.0;50,26729000;2,75379000;
202300001830.0;5;75;75112;2;1;1.0;4.0;48,84493300;2,41426000;
202300001831.0;1;61;61001;2;1;2.0;2.0;48,43261000;0,06949000;
202300001832.0;1;75;75115;2;1;1.0;2.0;48,82618500;2,29835800;
202300001833.0;1;75;75106;2;1;1.0;6.0;48,85803900;2,33425900;
202300001834.0;1;59;59512;2;2;2.0;3.0;50,68091000;3,20474000;
202300001835.0;1;75;75119;2;2;1.0;6.0;48,89108000;2,37378169;
202300001836.0;1;75;75115;2;1;1.0;6.0;48,82946300;2,29754200;
202300001837.0;1;59;59350;2;3;2.0;3.0;50,64501000;3,05066000;
202300001838.0;1;75;75112;2;2;1.0;3.0;48,83518900;2,39876400;
202300001839.0;5;75;75111;2;5;1.0;1.0;48,85041599;2,39245632;
202300001840.0;1;59;59143;1;4;2.0;3.0;50,65867959;2,88291067;
202300001841.0;5;56;56121;2;2;2.0;7.0;47,75256000; -3,37728000;
202300001842.0;5;75;75110;2;3;1.0;3.0;48,87059200;2,35494600;
202300001843.0;2;54;54495;2;1;1.0;2.0;48,68846320;6,24759302;
202300001844.0;1;75;75110;2;4;1.0;3.0;48,88425401;2,35939407;
202300001845.0;2;54;54547;2;1;1.0;2.0;48,66067000;6,18386000;
202300001846.0;5;75;75110;2;3;1.0;3.0;48,87014400;2,35050600;
202300001847.0;5;75;75109;2;2;1.0;6.0;48,87526800;2,33231300;
202300001848.0;1;54;54395;2;1;1.0;6.0;48,69029000;6,17572000;
202300001849.0;1;51;51454;2;2;2.0;3.0;49,25757000;4,02811000;
202300001850.0;1;45;45232;2;2;1.0;3.0;47,86876000;1,91123000;
202300001851.0;5;75;75102;2;3;1.0;3.0;48,86763000;2,35332500;
202300001852.0;5;38;38421;2;1;2.0;6.0;45,17117000;5,75692000;
202300001853.0;4;94;94081;2;1;1.0;6.0;48,78048649;2,40358745;
202300001854.0;2;94;94058;2;5;1.0;3.0;48,84918700;2,49615100;
202300001855.0;1;37;37122;2;3;1.0;5.0;47,34843000;0,66103000;
202300001856.0;1;37;37261;2;6;1.0;3.0;47,39487407;0,70462167;
202300001857.0;1;94;94078;2;3;1.0;2.0;48,74234700;2,44672000;
202300001858.0;5;94;94054;2;1;1.0;2.0;48,75192234;2,38791550;
202300001859.0;1;29;29232;1;1;1.0;7.0;47,98302000; -4,01665000;
202300001860.0;1;29;29232;1;1;1.0;7.0;48,03018250; -4,08832804;
202300001861.0;1;93;93078;1;1;1.0;1.0;48,96227968;2,51580385;
202300001862.0;1;29;29019;2;3;1.0;6.0;48,40462000; -4,50158200;
202300001863.0;1;93;93078;1;1;1.0;7.0;48,96213041;2,51566894;
202300001864.0;1;93;93078;2;2;1.0;2.0;48,95772641;2,54555529;
202300001865.0;5;22;22278;2;3;2.0;6.0;48,51300000; -2,74500000;
202300001866.0;1;93;93071;2;3;1.0;3.0;48,94067057;2,53179421;
202300001867.0;1;17;17415;1;7;2.0;3.0;45,71802624; -0,63565668;
202300001868.0;3;93;93070;2;1;1.0;6.0;48,91253238;2,33545464;
202300001869.0;1;17;17306;2;3;3.0;3.0;45,63457000; -0,99430000;
202300001870.0;1;13;13209;2;3;1.0;3.0;43,27046000;5,40732000;
202300001871.0;1;93;93066;2;2;1.0;3.0;48,94551213;2,36380785;
202300001872.0;1;93;93051;2;2;1.0;3.0;48,83190000;2,58404000;
202300001873.0;1;13;13213;2;1;1.0;1.0;43,33161957;5,45107974;
202300001874.0;1;93;93046;2;1;1.0;7.0;48,92874000;2,55512000;
202300001875.0;1;75;75105;2;3;2.0;6.0;48,83896700;2,35855500;
202300001876.0;5;92;92064;2;9;1.0;1.0;48,85304660;2,20164281;
202300001877.0;5;75;75105;2;2;2.0;7.0;48,84448400;2,35240700;
202300001878.0;1;92;92020;2;1;1.0;6.0;48,80193896;2,29228216;
202300001879.0;5;92;92024;2;2;1.0;3.0;48,90082000;2,31586000;
202300001880.0;1;75;75118;2;3;2.0;1.0;48,89864600;2,35773200;
202300001881.0;1;92;92012;2;1;1.0;7.0;48,84512143;2,23526828;
202300001882.0;2;92;92002;2;3;1.0;3.0;48,74401000;2,29739000;
202300001883.0;5;75;75116;2;1;2.0;6.0;48,84821100;2,25702600;
202300001884.0;1;974;97415;1;1;3.0;7.0; -21,05792000;55,30854500;
202300001885.0;1;75;75113;2;3;2.0;1.0;48,82331200;2,36569500;
202300001886.0;1;35;35236;2;3;1.0;3.0;47,66750100; -2,06658300;
202300001887.0;5;75;75113;2;1;2.0;3.0;48,81693400;2,36015100;
202300001888.0;1;75;75111;2;2;1.0;6.0;48,85677400;2,37787700;
202300001889.0;3;95;95529;1;1;1.0;3.0;49,16940800;2,22885100;
202300001890.0;5;75;75110;2;7;2.0;1.0;48,87763300;2,37038700;
202300001891.0;1;11;11018;1;1;7.0;2.0;43,22003100;2,21095600;
202300001892.0;1;75;75104;2;2;2.0;6.0;48,85850100;2,35525600;
202300001893.0;2;33;33021;1;3;2.0;3.0;44,50475400; -0,13713600;
202300001894.0;1;75;75103;2;3;1.0;3.0;48,85617300;2,36575700;
202300001895.0;3;83;83026;1;1;1.0;6.0;43,40074729;6,21885431;
202300001896.0;5;94;94081;2;1;1.0;3.0;48,77969000;2,39565000;
202300001897.0;5;51;51346;2;1;1.0;6.0;49,08165300;3,75176700;
202300001898.0;2;94;94073;2;3;1.0;3.0;48,76293015;2,36852367;
202300001899.0;1;974;97412;1;1;1.0;1.0; -21,33187400;55,65208200;
202300001900.0;1;94;94038;2;1;8.0;6.0;48,77070205;2,32261464;
202300001901.0;1;27;27507;2;1;1.0;1.0;48,90959000;1,28054000;
202300001902.0;1;93;93073;2;3;2.0;2.0;48,95664219;2,56371081;
202300001903.0;5;93;93071;2;2;8.0;6.0;48,93472747;2,51268853;
202300001904.0;1;21;21272;1;1;1.0;2.0;47,42785847;4,31753618;
202300001905.0;2;93;93073;2;1;2.0;6.0;48,95412457;2,57273189;
202300001906.0;1;54;54127;1;1;1.0;6.0;49,47871600;5,77051500;
202300001907.0;5;93;93070;2;2;2.0;6.0;48,90836000;2,33267000;
202300001908.0;1;83;83070;2;1;1.0;6.0;43,13643200;6,36739800;
202300001909.0;5;93;93066;2;3;1.0;3.0;48,94585800;2,35938400;
202300001910.0;2;50;50039;1;3;7.0;1.0;48,96149200; -1,13447200;
202300001911.0;1;93;93062;2;1;2.0;3.0;48,90140000;2,51934000;
202300001912.0;1;56;56040;1;2;1.0;3.0;47,86831200; -3,35295400;
202300001913.0;1;93;93055;2;1;8.0;4.0;48,89318967;2,41301590;
202300001914.0;1;93;93053;2;1;2.0;6.0;48,89141286;2,46552503;
202300001915.0;1;56;56036;1;1;1.0;2.0;47,79185000; -3,31579000;
202300001916.0;1;93;93048;2;2;2.0;6.0;48,85194000;2,41812000;
202300001917.0;1;93;93063;2;3;2.0;6.0;48,88370788;2,42850081;
202300001918.0;1;56;56177;1;1;1.0;4.0;47,77141400; -3,06013200;
202300001919.0;1;93;93031;2;1;1.0;6.0;48,95313000;2,31575000;
202300001920.0;1;56;56233;1;3;1.0;1.0;47,59352500; -2,98365200;
202300001921.0;5;93;93027;2;1;8.0;6.0;48,92332299;2,38527141;
202300001922.0;2;92;92075;2;3;2.0;3.0;48,81531086;2,27727735;
202300001923.0;1;56;56126;1;9;1.0;3.0;47,52651500; -2,31170500;
202300001924.0;5;92;92050;2;1;1.0;2.0;48,87844082;2,20561495;
202300001925.0;1;76;76446;2;1;1.0;3.0;49,45874900;1,00550200;
202300001926.0;1;92;92040;2;1;2.0;6.0;48,82923179;2,28301384;
202300001927.0;1;92;92025;2;3;8.0;6.0;48,91048079;2,24151564;
202300001928.0;5;92;92060;2;1;1.0;6.0;48,77739829;2,24142534;
202300001929.0;1;81;81177;1;1;7.0;3.0;43,69307300;2,24286300;
202300001930.0;1;92;92012;2;1;2.0;3.0;48,83400000;2,24294000;
202300001931.0;3;71;71208;2;1;5.0;6.0;46,91471500;5,16515700;
202300001932.0;1;92;92012;2;3;1.0;3.0;48,83106869;2,25725430;
202300001933.0;4;92;92002;2;1;8.0;3.0;48,73111883;2,31259096;
202300001934.0;1;61;61063;1;1;1.0;6.0;48,72299900; -0,38390100;
202300001935.0;1;42;42224;1;1;1.0;3.0;45,34518200;4,48322700;
202300001936.0;5;92;92002;2;2;1.0;3.0;48,73624149;2,29175341;
202300001937.0;1;80;80192;2;2;1.0;6.0;49,90929500;2,64959300;
202300001938.0;3;51;51262;1;1;2.0;1.0;48,70823800;4,60049300;
202300001939.0;1;41;41280;1;1;1.0;3.0;47,32103600;1,77778200;
202300001940.0;1;71;71222;1;1;2.0;7.0;46,64627300;4,45159800;
202300001941.0;3;41;41280;1;1;1.0;5.0;47,29600300;1,75491700;
202300001942.0;2;19;19273;1;1;2.0;1.0;45,06406333;1,56349291;
202300001943.0;1;41;41016;1;9;1.0;1.0;47,29826000;1,54662300;
202300001944.0;2;56;56140;1;1;5.0;4.0;47,96644400; -2,82497800;
202300001945.0;1;31;31056;2;1;2.0;6.0;43,66431700;1,37192800;
202300001946.0;1;22;22235;1;1;1.0;6.0;48,64757000; -3,52381200;
202300001947.0;1;39;39238;1;1;1.0;7.0;47,21077800;5,50085400;
202300001948.0;1;33;33226;2;1;1.0;6.0;44,71519861; -0,39050817;
202300001949.0;1;44;44084;1;2;1.0;3.0;47,22380000; -1,36740500;
202300001950.0;1;71;71204;2;1;2.0;1.0;46,81742600;4,85675600;
202300001951.0;1;35;35211;2;1;1.0;3.0;48,02331400; -2,17237500;
202300001952.0;1;11;11105;2;1;1.0;6.0;43,03357600;2,23573900;
202300001953.0;1;89;89347;1;1;8.0;6.0;47,41393200;3,91253800;
202300001954.0;1;29;29184;1;1;6.0;6.0;48,63627764; -3,97806990;
202300001955.0;1;89;89034;1;1;2.0;1.0;47,81247700;3,71522400;
202300001956.0;1;63;63178;2;1;2.0;3.0;45,55164400;3,25818700;
202300001957.0;1;29;29166;1;1;1.0;3.0;48,15291700; -4,20272100;
202300001958.0;1;22;22345;1;1;2.0;6.0;48,33593400; -2,56951300;
202300001959.0;1;39;39190;1;1;2.0;7.0;47,16334600;5,74156300;
202300001960.0;2;29;29260;1;3;1.0;3.0;48,44668600; -4,62265800;
202300001961.0;1;29;29020;1;2;1.0;3.0;48,12239496; -4,01964535;
202300001962.0;1;29;29075;2;1;1.0;6.0;48,43429200; -4,40963000;
202300001963.0;4;02;02600;1;1;1.0;1.0;49,64663200;3,77363200;
202300001964.0;1;66;66009;1;1;1.0;1.0;42,46414200;2,64587000;
202300001965.0;1;70;70355;1;1;1.0;6.0;47,42565449;5,99978238;
202300001966.0;1;14;14570;1;2;1.0;3.0;49,05898600;0,33507800;
202300001967.0;1;58;58083;2;1;7.0;6.0;47,25452900;3,68418900;
202300001968.0;5;14;14623;2;2;2.0;3.0;49,11644800; -0,37431200;
202300001969.0;1;58;58178;1;1;1.0;6.0;46,96602100;3,64454300;
202300001970.0;2;50;50110;1;1;3.0;1.0;49,19002000; -0,92045900;
202300001971.0;1;54;54059;1;1;7.0;7.0;48,84172913;6,16779327;
202300001972.0;1;18;18017;1;1;2.0;2.0;46,77953100;2,85890700;
202300001973.0;3;85;85139;2;2;1.0;6.0;46,33514900; -0,67595900;
202300001974.0;1;50;50177;1;2;1.0;1.0;49,38192600; -1,43687000;
202300001975.0;3;50;50363;1;1;1.0;7.0;49,00497900; -1,09870300;
202300001976.0;1;30;30088;1;1;1.0;5.0;43,86081900;4,10916600;
202300001977.0;2;64;64430;1;1;3.0;6.0;43,47878700; -0,78223900;
202300001978.0;1;83;83044;1;1;1.0;1.0;43,68225800;6,51045100;
202300001979.0;3;45;45045;1;1;1.0;7.0;48,09092094;2,27094626;
202300001980.0;3;34;34298;1;1;8.0;4.0;43,30655300;3,24042300;
202300001981.0;3;69;69013;1;1;3.0;6.0;46,00241700;4,73412000;
202300001982.0;3;73;73096;1;3;1.0;1.0;45,51394100;6,09176900;
202300001983.0;1;2B;2B307;1;1;1.0;5.0;42,38511300;9,53039300;
202300001984.0;1;83;83071;2;6;1.0;7.0;43,14435873;6,24933289;
202300001985.0;3;43;43152;1;1;1.0;5.0;45,10094500;3,85060800;
202300001986.0;1;83;83143;1;1;1.0;3.0;43,45227200;6,10595800;
202300001987.0;1;07;07011;1;1;1.0;7.0;44,71655500;4,35896300;
202300001988.0;1;21;21132;1;1;1.0;7.0;47,22510600;4,90878600;
202300001989.0;1;21;21500;1;2;1.0;3.0;47,50686700;4,45978100;
202300001990.0;1;10;10300;1;1;8.0;1.0;48,43070600;4,36473200;
202300001991.0;1;40;40080;2;7;7.0;6.0;43,76077300; -0,31672100;
202300001992.0;1;38;38545;2;4;1.0;1.0;45,05618600;5,66739000;
202300001993.0;1;07;07264;1;1;8.0;6.0;44,33693100;4,64181800;
202300001994.0;1;37;37033;1;1;1.0;6.0;46,86336000;0,89980600;
202300001995.0;1;69;69255;1;4;8.0;3.0;45,72690700;4,65546200;
202300001996.0;1;48;48092;2;4;1.0;3.0;44,57170600;3,28461800;
202300001997.0;3;33;33498;2;3;3.0;3.0;44,54612400; -0,85430000;
202300001998.0;3;987;98752;1;1;2.0;6.0; -17,72200000; -149,39900000;
202300001999.0;1;27;27165;2;1;1.0;6.0;48,95480500;0,93513600;
202300002000.0;5;59;59237;2;1;2.0;6.0;50,75382500;2,64509300;
202300002001.0;2;24;24370;2;1;7.0;2.0;44,84495800;0,15695200;
202300002002.0;1;59;59051;1;6;8.0;7.0;50,54200760;2,82006456;
202300002003.0;1;69;69027;2;1;1.0;6.0;45,67593200;4,75535800;
202300002004.0;3;69;69259;1;1;1.0;2.0;45,71868000;4,87299000;
202300002005.0;1;987;98712;2;1;1.0;3.0; -17,27900000; -149,54200000;
202300002006.0;1;91;91689;1;1;1.0;2.0;48,72309000;2,31192000;
202300002007.0;1;91;91179;1;1;1.0;7.0;48,56220000;2,48104000;
202300002008.0;1;11;11202;2;6;1.0;3.0;42,85354800;3,03542900;
202300002009.0;1;91;91136;1;1;8.0;7.0;48,71067000;2,28695000;
202300002010.0;3;988;98823;1;1;1.0;6.0; -21,05515000;165,39261000;
202300002011.0;1;91;91228;1;1;1.0;3.0;48,62533065;2,41809726;
202300002012.0;1;91;91521;1;1;1.0;7.0;48,64220099;2,39358187;
202300002013.0;1;986;98613;2;9;1.0;3.0; -13,28500000; -176,20700000;
202300002014.0;5;75;75113;1;1;2.0;6.0;48,81640900;2,35898100;
202300002015.0;4;91;91179;1;1;2.0;2.0;48,56000000;2,48445000;
202300002016.0;1;971;97125;1;1;1.0;3.0;16,28500500; -61,28741400;
202300002017.0;3;78;78640;1;1;1.0;6.0;48,77799500;2,21425100;
202300002018.0;1;29;29230;1;1;2.0;1.0;47,92811600; -3,54978300;
202300002019.0;1;77;77153;2;9;1.0;1.0;49,05427100;2,69420800;
202300002020.0;4;95;95592;2;1;1.0;1.0;49,02475200;1,87321700;
202300002021.0;1;66;66030;1;1;1.0;6.0;42,72628700;2,78060300;
202300002022.0;3;11;11001;1;1;1.0;6.0;43,22479000;2,53393700;
202300002023.0;1;84;84003;1;1;1.0;6.0;43,87010900;5,37453500;
202300002024.0;1;04;04152;1;1;1.0;7.0;43,80895500;5,72445600;
202300002025.0;3;26;26002;1;1;2.0;5.0;45,24189900;4,84192400;
202300002026.0;1;67;67067;2;2;1.0;6.0;48,73489800;7,70395300;
202300002027.0;2;54;54519;2;1;1.0;1.0;48,41207632;6,81017697;
202300002028.0;1;69;69056;2;3;7.0;3.0;45,88873900;4,61313100;
202300002029.0;1;69;69099;1;3;1.0;3.0;45,73323900;4,42493900;
202300002030.0;1;31;31161;1;3;1.0;3.0;43,48821400;1,52963200;
202300002031.0;3;33;33184;1;2;1.0;3.0;45,16862200; -0,54359300;
202300002032.0;1;44;44073;1;2;1.0;3.0;47,45789600; -1,69007100;
202300002033.0;1;29;29161;1;1;1.0;1.0;47,91962100; -4,02765900;
202300002034.0;1;13;13001;1;1;1.0;6.0;43,50324840;5,40804365;
202300002035.0;3;13;13026;1;1;1.0;1.0;43,40117000;5,10344000;
202300002036.0;1;10;10081;2;3;1.0;3.0;48,30554891;4,02666092;
202300002037.0;1;10;10081;2;1;1.0;6.0;48,31809000;4,03750000;
202300002038.0;5;06;06159;2;1;1.0;6.0;43,70219100;7,31129800;
202300002039.0;1;06;06123;2;1;1.0;6.0;43,67432000;7,18490000;
202300002040.0;4;06;06155;2;2;1.0;7.0;43,56955600;7,07716700;
202300002041.0;1;06;06155;2;1;1.0;1.0;43,56875000;7,07299000;
202300002042.0;1;75;75119;2;1;1.0;3.0;48,90060600;2,37393300;
202300002043.0;1;75;75106;2;2;1.0;3.0;48,85023300;2,32416700;
202300002044.0;1;75;75106;2;2;1.0;3.0;48,85209300;2,34031500;
202300002045.0;1;75;75120;2;1;2.0;3.0;48,84920600;2,41492900;
202300002046.0;1;75;75120;2;4;1.0;7.0;48,86648600;2,41266800;
202300002047.0;1;75;75119;2;7;1.0;7.0;48,90038700;2,37039900;
202300002048.0;1;75;75119;2;3;1.0;7.0;48,87843200;2,37045100;
202300002049.0;2;75;75118;2;1;1.0;1.0;48,89869500;2,36762600;
202300002050.0;1;75;75117;2;3;1.0;6.0;48,88152000;2,28921200;
202300002051.0;1;75;75116;2;2;1.0;3.0;48,83710500;2,26013200;
202300002052.0;1;75;75116;2;2;1.0;3.0;48,86745600;2,29923900;
202300002053.0;1;75;75115;2;3;1.0;2.0;48,82817900;2,30278300;
202300002054.0;1;75;75115;2;1;7.0;3.0;48,83514541;2,26635933;