Num_Acc;lum;departement;commune;agglomeration;intersection;meteo;type_collision;lat;long;date
202300002055.0;1;75;75115;2;1;1.0;7.0;48,83513600;2,27784500;
202300002056.0;1;75;75114;2;5;1.0;6.0;48,83754200;2,32294100;
202300002057.0;5;75;75115;2;1;1.0;6.0;48,84662100;2,27693600;
202300002058.0;5;75;75112;2;3;1.0;6.0;48,83417600;2,39771600;
202300002059.0;1;75;75116;2;9;1.0;3.0;48,85331600;2,28197200;
202300002060.0;5;75;75107;2;1;1.0;6.0;48,85945600;2,29265200;
202300002061.0;1;94;94041;2;1;1.0;6.0;48,80802566;2,37068331;
202300002062.0;1;94;94041;2;9;1.0;3.0;48,80592000;2,37602000;
202300002063.0;1;94;94021;2;1;1.0;2.0;48,76361800;2,33925100;
202300002064.0;1;94;94028;2;1;1.0;2.0;48,79230000;2,45770000;
202300002065.0;2;94;94022;2;2;1.0;3.0;48,76881000;2,42073000;
202300002066.0;1;93;93066;2;2;1.0;1.0;48,93252323;2,35565076;
202300002067.0;2;93;93066;2;3;1.0;3.0;48,92254366;2,34324151;
202300002068.0;2;93;93050;2;9;1.0;3.0;48,85376000;2,51772300;
202300002069.0;1;93;93048;2;1;1.0;6.0;48,86560400;2,44385000;
202300002070.0;5;93;93063;2;3;1.0;3.0;48,88470000;2,43100000;
202300002071.0;1;93;93010;2;3;1.0;3.0;48,90425200;2,47250600;
202300002072.0;1;93;93001;2;3;1.0;1.0;48,92102665;2,37692771;
202300002073.0;1;92;92078;2;2;8.0;3.0;48,93486443;2,32484132;
202300002074.0;1;92;92073;2;1;1.0;3.0;48,86049799;2,21321797;
202300002075.0;1;92;92072;2;1;1.0;6.0;48,82102880;2,21881092;
202300002076.0;1;92;92063;2;9;1.0;3.0;48,85944556;2,19464564;
202300002077.0;5;92;92051;2;1;1.0;6.0;48,88069412;2,27409929;
202300002078.0;1;92;92044;2;1;1.0;3.0;48,89861000;2,27913000;
202300002079.0;1;92;92025;2;3;1.0;6.0;48,92781231;2,27181718;
202300002080.0;1;92;92024;2;2;1.0;6.0;48,90122698;2,30540916;
202300002081.0;1;92;92012;2;1;1.0;6.0;48,83690491;2,23635776;
202300002082.0;1;92;92012;2;1;1.0;6.0;48,83999560;2,24561244;
202300002083.0;1;39;39437;1;1;1.0;5.0;46,71814500;5,78561200;
202300002084.0;1;14;14162;1;1;1.0;6.0;48,89983200; -0,46291700;
202300002085.0;3;83;83072;1;1;1.0;6.0;43,50759700;6,33928600;
202300002086.0;2;66;66190;1;1;1.0;2.0;42,80812100;2,90296600;
202300002087.0;1;988;98812;1;1;1.0;6.0; -20,50492300;164,25997100;
202300002088.0;1;10;10350;2;1;7.0;6.0;48,17241100;3,79673100;
202300002089.0;1;62;62614;1;2;1.0;6.0;50,83773421;2,01754689;
202300002090.0;1;63;63264;1;1;1.0;6.0;45,64948728;2,85204548;
202300002091.0;1;63;63004;2;1;1.0;6.0;45,92560600;2,80977000;
202300002092.0;1;55;55557;1;1;1.0;7.0;49,12681700;5,62612700;
202300002093.0;1;79;79174;1;3;7.0;3.0;46,21510100; -0,14195300;
202300002094.0;2;83;83070;1;1;1.0;1.0;43,14965800;6,41583300;
202300002095.0;1;83;83070;2;3;1.0;1.0;43,13520205;6,35132392;
202300002096.0;2;65;65133;1;1;1.0;6.0;43,31959900;0,16034000;
202300002097.0;1;38;38342;1;1;1.0;1.0;44,88829700;5,61510500;
202300002098.0;1;62;62376;1;1;8.0;6.0;50,56217722;2,60363531;
202300002099.0;1;37;37179;1;1;1.0;5.0;47,45446186;0,75288534;
202300002100.0;1;83;83116;2;1;1.0;6.0;43,45285500;5,85895800;
202300002101.0;5;91;91553;2;3;1.0;1.0;48,61793200;2,48372400;
202300002102.0;1;51;51545;1;1;1.0;6.0;48,72417800;4,20273700;
202300002103.0;1;19;19181;1;1;1.0;7.0;45,47794800;1,84402900;
202300002104.0;1;56;56005;2;1;1.0;7.0;47,54959200; -2,89366700;
202300002105.0;1;77;77020;1;9;1.0;3.0;48,69256100;3,18605100;
202300002106.0;1;76;76328;1;2;1.0;2.0;49,65575200;1,17992800;
202300002107.0;1;2B;2B049;1;1;1.0;1.0;42,53537400;8,81343800;
202300002108.0;1;2B;2B318;1;9;1.0;2.0;42,44032300;9,51038900;
202300002109.0;3;80;80163;1;1;1.0;6.0;50,12187100;1,74974400;
202300002110.0;4;65;65388;2;1;1.0;6.0;42,82425500;0,33119900;
202300002111.0;1;65;65470;1;3;1.0;1.0;43,06485500; -0,04319400;
202300002112.0;1;55;55012;1;1;1.0;7.0;48,85702100;5,64845300;
202300002113.0;1;49;49086;2;1;1.0;1.0;47,27275000; -0,45446600;
202300002114.0;1;12;12171;1;1;7.0;1.0;44,52520000;2,41338700;
202300002115.0;1;42;42181;1;1;1.0;6.0;45,99932022;4,21767578;
202300002116.0;1;42;42262;1;1;1.0;3.0;45,40978133;4,18734211;
202300002117.0;1;47;47203;1;1;7.0;1.0;44,38443397;0,81635469;
202300002118.0;1;39;39328;1;1;1.0;7.0;46,50320400;5,71536900;
202300002119.0;1;39;39401;2;3;1.0;3.0;46,90550200;5,59049600;
202300002120.0;1;25;25440;1;1;1.0;1.0;47,00247100;6,32679500;
202300002121.0;2;29;29202;1;6;1.0;2.0;48,41206091; -3,89538650;
202300002122.0;1;31;31589;1;1;1.0;6.0;43,43953700;1,65123800;
202300002123.0;1;38;38163;1;9;1.0;6.0;45,27224600;6,05532300;
202300002124.0;3;02;02556;1;1;1.0;6.0;49,67736200;4,10081900;
202300002125.0;1;02;02527;2;1;1.0;6.0;49,45633600;3,19556200;
202300002126.0;1;03;03089;2;1;1.0;6.0;46,21871600;3,01269900;
202300002127.0;1;15;15188;1;1;1.0;6.0;45,00495200;3,17149800;
202300002128.0;1;58;58080;1;1;1.0;7.0;47,19016100;3,64864100;
202300002129.0;1;66;66179;1;1;1.0;1.0;42,37043500;2,62313300;
202300002130.0;2;72;72363;1;1;1.0;6.0;48,10330215;0,50367236;
202300002131.0;1;72;72386;2;6;7.0;3.0;48,00147363;0,24625540;
202300002132.0;5;14;14678;1;1;2.0;2.0;48,97555300; -0,24046000;
202300002133.0;1;14;14092;2;1;2.0;6.0;49,11642200; -0,27287200;
202300002134.0;1;50;50092;1;1;1.0;7.0;49,06407100; -1,40615300;
202300002135.0;1;06;06088;2;2;7.0;4.0;43,71579000;7,28445000;
202300002136.0;5;06;06085;2;1;1.0;3.0;43,58056620;7,00673710;
202300002137.0;1;75;75112;2;1;1.0;3.0;48,82714100;2,39103000;
202300002138.0;1;75;75106;2;3;1.0;3.0;48,84930393;2,33731717;
202300002139.0;1;75;75119;2;2;1.0;3.0;48,88364200;2,39699700;
202300002140.0;2;92;92025;2;3;1.0;3.0;48,92100000;2,24981000;
202300002141.0;2;75;75119;2;1;1.0;6.0;48,87688100;2,39432700;
202300002142.0;1;92;92025;2;2;1.0;3.0;48,91320000;2,23917000;
202300002143.0;5;75;75119;2;2;1.0;3.0;48,88968700;2,36811800;
202300002144.0;2;62;62447;2;1;1.0;6.0;50,37168600;2,04391300;
202300002145.0;1;75;75115;2;2;1.0;3.0;48,83128100;2,30246800;
202300002146.0;3;38;38157;1;3;1.0;3.0;45,49630000;4,93330100;
202300002147.0;1;75;75115;2;2;1.0;3.0;48,84044800;2,31513300;
202300002148.0;2;38;38238;2;2;1.0;1.0;45,49334900;5,04675600;
202300002149.0;3;02;02009;1;1;1.0;6.0;49,76690800;3,35666700;
202300002150.0;5;75;75112;2;5;2.0;4.0;48,84341800;2,37074900;
202300002151.0;1;40;40304;2;1;1.0;6.0;43,67030500; -1,43839900;
202300002152.0;1;75;75111;2;7;8.0;2.0;48,85794461;2,38032103;
202300002153.0;1;57;57232;1;1;1.0;1.0;48,97820300;6,79915300;
202300002154.0;1;75;75110;2;2;1.0;1.0;48,87157200;2,35362100;
202300002155.0;5;11;11203;2;3;9.0;3.0;43,20529100;2,75514900;
202300002156.0;2;75;75101;2;3;2.0;2.0;48,86198400;2,35017200;
202300002157.0;1;36;36033;1;1;1.0;6.0;46,50995032;1,50704120;
202300002158.0;1;75;75102;2;2;1.0;7.0;48,86757100;2,34637400;
202300002159.0;1;94;94068;2;1;1.0;3.0;48,80425386;2,47119065;
202300002160.0;1;71;71420;1;3;2.0;3.0;46,69810400;4,97901700;
202300002161.0;1;94;94068;2;2;1.0;6.0;48,79275000;2,51667000;
202300002162.0;3;30;30331;1;1;1.0;6.0;44,10912800;4,57456100;
202300002163.0;1;94;94015;2;6;8.0;3.0;48,83194474;2,53299290;
202300002164.0;3;57;57602;1;1;1.0;1.0;49,25046200;6,20313900;
202300002165.0;2;94;94073;2;9;1.0;3.0;48,75856200;2,37098500;
202300002166.0;2;94;94033;2;1;2.0;7.0;48,85810000;2,49136000;
202300002167.0;3;95;95612;1;1;1.0;7.0;49,00155500;2,46450500;
202300002168.0;1;94;94071;2;1;8.0;6.0;48,76625400;2,52895900;
202300002169.0;2;76;76014;1;1;7.0;6.0;49,59267763;0,26947975;
202300002170.0;1;93;93078;2;1;2.0;6.0;48,96480000;2,53225000;
202300002171.0;1;93;93078;2;6;1.0;2.0;48,96155000;2,55500000;
202300002172.0;3;76;76449;1;3;1.0;3.0;49,67180400;1,16548400;
202300002173.0;1;93;93005;2;1;2.0;3.0;48,94602499;2,51023656;
202300002174.0;3;79;79185;1;1;1.0;2.0;46,27464200; -0,24013300;
202300002175.0;3;63;63364;1;1;1.0;6.0;45,82748300;3,44745400;
202300002176.0;5;93;93070;2;2;1.0;6.0;48,91290000;2,33506000;
202300002177.0;1;93;93051;2;3;1.0;3.0;48,84030000;2,55680000;
202300002178.0;1;55;55570;1;2;1.0;3.0;48,88492400;5,41366300;
202300002179.0;2;93;93048;2;1;2.0;6.0;48,85570000;2,42893000;
202300002180.0;2;49;49218;2;3;1.0;1.0;47,28848300; -0,97427500;
202300002181.0;5;93;93063;2;1;1.0;3.0;48,87894000;2,43930000;
202300002182.0;3;42;42081;1;1;1.0;6.0;45,60929600;4,27018300;
202300002183.0;2;93;93031;2;9;2.0;3.0;48,95272438;2,33026293;
202300002184.0;2;34;34150;2;1;1.0;3.0;43,32063500;3,53624000;
202300002185.0;1;93;93029;2;1;1.0;6.0;48,92314000;2,44853000;
202300002186.0;1;44;44166;1;3;1.0;5.0;47,18487800; -1,73624800;
202300002187.0;1;93;93027;2;2;1.0;3.0;48,91806930;2,40776271;
202300002188.0;1;44;44158;2;6;1.0;7.0;47,27961500; -1,78150200;
202300002189.0;5;93;93046;2;2;1.0;1.0;48,92459000;2,53846000;
202300002190.0;1;29;29015;2;1;1.0;7.0;48,49833400; -4,50458900;
202300002191.0;1;93;93005;2;3;1.0;3.0;48,95290860;2,51745533;
202300002192.0;5;64;64547;2;1;3.0;1.0;43,40324700; -1,46008700;
202300002193.0;1;92;92073;2;1;1.0;3.0;48,86070300;2,22483700;
202300002194.0;5;92;92033;2;1;3.0;7.0;48,84860000;2,19056000;
202300002195.0;3;73;73270;1;2;2.0;3.0;45,55198400;6,16019700;
202300002196.0;1;92;92036;2;1;1.0;6.0;48,92236300;2,29484300;
202300002197.0;1;10;10328;1;1;1.0;4.0;48,35398200;4,26357500;
202300002198.0;1;92;92036;2;2;1.0;6.0;48,92671500;2,29466700;
202300002199.0;1;92;92025;2;1;1.0;3.0;48,93086600;2,25519200;
202300002200.0;2;07;07007;1;1;1.0;5.0;44,93254200;4,75364700;
202300002201.0;1;92;92025;2;2;1.0;3.0;48,91838000;2,22430000;
202300002202.0;1;07;07338;1;9;1.0;6.0;44,90627100;4,62116700;
202300002203.0;3;53;53153;1;1;1.0;7.0;48,18650400; -0,44025200;
202300002204.0;1;92;92024;2;2;1.0;3.0;48,89742000;2,31050000;
202300002205.0;1;23;23057;1;1;1.0;6.0;46,31152300;2,00452200;
202300002206.0;5;92;92004;2;1;1.0;7.0;48,92780405;2,27796525;
202300002207.0;1;73;73082;1;1;1.0;6.0;45,49529200;6,06244100;
202300002208.0;1;60;60040;1;9;1.0;3.0;49,41499400;2,60030500;
202300002209.0;3;01;01031;1;1;1.0;3.0;46,24935200;5,62434000;
202300002210.0;1;37;37147;1;1;1.0;2.0;47,05453034;0,54139853;
202300002211.0;1;44;44028;1;6;1.0;6.0;47,34048400; -1,34915100;
202300002212.0;1;47;47145;1;1;1.0;6.0;44,13872534;0,66303365;
202300002213.0;1;38;38062;1;1;2.0;2.0;45,40441600;5,99647500;
202300002214.0;1;54;54264;1;9;1.0;7.0;48,54214956;6,09342845;
202300002215.0;3;978;97801;1;1;1.0;6.0;18,06133300; -63,13107800;
202300002216.0;1;86;86183;2;1;1.0;6.0;46,97082300;0,60639100;
202300002217.0;2;28;28018;1;1;3.0;6.0;48,19750800;0,87146600;
202300002218.0;3;37;37072;1;2;1.0;1.0;47,18672792;0,22253752;
202300002219.0;2;22;22093;1;1;1.0;3.0;48,46125000; -2,53900000;
202300002220.0;1;91;91200;2;1;1.0;6.0;48,53086200;2,01494500;
202300002221.0;3;974;97410;1;1;1.0;6.0; -21,01384900;55,69145700;
202300002222.0;1;91;91405;2;4;1.0;6.0;48,40166400;2,47034100;
202300002223.0;2;78;78090;1;3;1.0;3.0;48,95679100;1,89375800;
202300002224.0;1;50;50048;1;1;1.0;6.0;48,87779100; -1,15479300;
202300002225.0;2;71;71371;1;2;5.0;3.0;46,34965700;4,76229400;
202300002226.0;3;42;42094;2;1;5.0;6.0;45,74423100;4,23240800;
202300002227.0;1;51;51181;1;1;1.0;4.0;49,26734900;3,83252300;
202300002228.0;1;95;95527;1;6;1.0;2.0;49,00584500;2,50479700;
202300002229.0;1;07;07245;2;1;1.0;6.0;45,07527800;4,81644000;
202300002230.0;1;79;79202;2;1;1.0;6.0;46,64826900; -0,24153300;
202300002231.0;1;01;01262;2;1;1.0;1.0;45,84890600;5,06083500;
202300002232.0;1;80;80609;1;1;1.0;6.0;50,15917800;2,01006500;
202300002233.0;3;76;76418;1;1;2.0;7.0;49,54939238;0,68654895;
202300002234.0;1;81;81124;1;1;1.0;6.0;43,68810800;2,63693300;
202300002235.0;5;62;62892;2;1;1.0;2.0;50,35698228;2,83894254;
202300002236.0;1;71;71198;1;1;1.0;1.0;46,58167300;5,37880500;
202300002237.0;1;71;71490;1;1;1.0;6.0;46,51676400;4,16300300;
202300002238.0;5;59;59550;2;8;2.0;6.0;50,54183300;2,83831900;
202300002239.0;5;13;13210;1;1;1.0;6.0;43,28636773;5,42531800;
202300002240.0;1;89;89318;1;1;1.0;2.0;47,40226500;3,98958700;
202300002241.0;1;61;61298;2;2;2.0;3.0;48,75985200; -0,06601400;
202300002242.0;1;69;69199;1;1;1.0;4.0;45,71660000;4,85245000;
202300002243.0;1;69;69029;1;1;1.0;4.0;45,74369788;4,90587408;
202300002244.0;1;42;42091;1;4;1.0;1.0;45,41749100;3,99310100;
202300002245.0;1;39;39557;1;1;1.0;7.0;46,36029900;5,63696600;
202300002246.0;3;67;67152;1;1;2.0;5.0;48,52784883;7,69407721;
202300002247.0;1;25;25560;1;6;5.0;6.0;47,27139500;6,08405500;
202300002248.0;1;67;67482;1;1;1.0;4.0;48,58692000;7,71543000;
202300002249.0;1;44;44131;2;6;1.0;3.0;47,10422204; -2,06595004;
202300002250.0;3;62;62498;1;1;2.0;2.0;50,43800419;2,84750853;
202300002251.0;1;54;54491;1;3;1.0;3.0;49,36349700;5,92840100;
202300002252.0;4;62;62624;1;1;1.0;3.0;50,41770000;2,98537000;
202300002253.0;1;50;50110;1;1;8.0;6.0;49,19711200; -0,94894400;
202300002254.0;3;94;94038;1;1;1.0;5.0;48,78814065;2,34444260;
202300002255.0;1;64;64538;2;1;1.0;1.0;43,15948000; -1,24493700;
202300002256.0;1;91;91228;1;1;1.0;6.0;48,61947000;2,42614000;
202300002257.0;3;10;10063;1;1;1.0;2.0;48,35758200;4,53321200;
202300002258.0;1;92;92078;1;1;1.0;3.0;48,92819970;2,33143165;
202300002259.0;1;93;93006;1;1;1.0;2.0;48,86596656;2,41295005;
202300002260.0;1;36;36220;1;1;1.0;3.0;46,62610475;1,45917556;
202300002261.0;3;07;07204;2;6;1.0;6.0;45,00657200;4,40234200;
202300002262.0;3;93;93010;1;1;2.0;3.0;48,91020000;2,47515000;
202300002263.0;3;95;95212;1;1;3.0;6.0;49,02916687;2,53027797;
202300002264.0;3;53;53210;2;2;1.0;3.0;47,79223900; -0,43968000;
202300002265.0;1;93;93053;1;1;2.0;3.0;48,88205000;2,45558000;
202300002266.0;5;21;21258;2;1;1.0;6.0;47,89243800;4,52577700;
202300002267.0;2;93;93008;1;1;2.0;2.0;48,90728251;2,45507534;
202300002268.0;1;21;21713;2;1;2.0;1.0;47,29558125;5,39534375;
202300002269.0;1;94;94018;1;1;2.0;2.0;48,81766797;2,41481141;
202300002270.0;1;04;04208;1;1;1.0;7.0;43,94880200;5,56541200;
202300002271.0;1;94;94065;1;1;2.0;6.0;48,75378301;2,36800781;
202300002272.0;1;04;04024;1;1;1.0;3.0;44,20385800;6,37041800;
202300002273.0;1;65;65440;2;1;1.0;6.0;43,25066000;0,07529000;
202300002274.0;1;27;27679;1;1;1.0;6.0;48,75690700;0,89149100;
202300002275.0;1;988;98818;2;3;1.0;2.0; -22,23481000;166,44260000;
202300002276.0;1;08;08217;1;1;1.0;7.0;49,86264400;4,77851600;
202300002277.0;1;976;97611;2;1;1.0;2.0; -12,78806603;45,22387862;
202300002278.0;1;09;09193;1;3;1.0;3.0;42,72679800;2,06406900;
202300002279.0;1;974;97411;2;1;1.0;6.0; -20,89224000;55,41672000;
202300002280.0;1;34;34116;2;1;1.0;1.0;43,65447500;3,79044400;
202300002281.0;3;13;13067;1;1;1.0;2.0;43,79014900;5,04431200;
202300002282.0;4;972;97213;1;1;1.0;3.0;14,61661733; -61,01590498;
202300002283.0;1;971;97101;2;1;1.0;6.0;16,25659000; -61,52979000;
202300002284.0;1;971;97101;2;9;1.0;3.0;16,26493539; -61,46986037;
202300002285.0;1;971;97134;1;3;1.0;3.0;16,04428200; -61,75284100;
202300002286.0;5;971;97101;1;9;1.0;6.0;16,23999841; -61,51686991;
202300002287.0;1;77;77392;1;1;1.0;1.0;49,06529800;2,70813000;
202300002288.0;1;971;97105;2;4;1.0;4.0;16,00603000; -61,73554000;
202300002289.0;3;06;06065;1;1;1.0;6.0;43,72152100;7,16546000;
202300002290.0;1;13;13059;1;1;1.0;7.0;43,63374200;5,51700400;
202300002291.0;1;95;95280;1;1;2.0;3.0;49,01880000;2,46320000;
202300002292.0;1;88;88387;1;2;1.0;5.0;48,35267000;5,85468300;
202300002293.0;5;91;91021;2;1;3.0;4.0;48,58800000;2,24487000;
202300002294.0;2;91;91589;2;1;2.0;6.0;48,67850700;2,34683300;
202300002295.0;1;74;74042;2;2;1.0;3.0;46,07171400;6,42033100;
202300002296.0;2;91;91027;2;3;2.0;3.0;48,70563700;2,35967500;
202300002297.0;1;73;73026;1;1;1.0;6.0;45,20970800;6,72599300;
202300002298.0;5;87;87085;2;1;1.0;7.0;45,82061000;1,24687000;
202300002299.0;1;42;42129;2;9;1.0;3.0;45,36806300;4,68183600;
202300002300.0;1;87;87085;2;1;2.0;4.0;45,83359000;1,27669000;
202300002301.0;2;85;85167;1;1;1.0;6.0;46,49358000; -0,76388000;
202300002302.0;5;87;87085;2;1;1.0;4.0;45,82661000;1,26440000;
202300002303.0;3;85;85191;2;1;1.0;6.0;46,69842000; -1,43128000;
202300002304.0;1;44;44122;1;1;1.0;1.0;47,41656000; -1,47472700;
202300002305.0;1;84;84007;2;3;1.0;7.0;43,94269000;4,80998000;
202300002306.0;5;84;84007;2;3;1.0;3.0;43,94382000;4,81506000;
202300002307.0;1;56;56178;2;3;1.0;1.0;48,05657700; -2,97538500;
202300002308.0;5;80;80021;2;1;2.0;6.0;49,88641000;2,32724000;
202300002309.0;3;78;78551;2;1;2.0;6.0;48,89839000;2,07573700;
202300002310.0;1;69;69152;1;1;1.0;3.0;45,69351781;4,82585797;
202300002311.0;1;78;78481;2;3;2.0;3.0;48,89530000;2,10530000;
202300002312.0;1;69;69163;1;1;1.0;2.0;45,92634000;4,75680000;
202300002313.0;1;01;01275;1;1;1.0;2.0;45,81054900;4,93647700;
202300002314.0;5;77;77284;2;3;2.0;1.0;48,95665900;2,90470200;
202300002315.0;1;69;69276;1;1;1.0;3.0;45,67350000;4,84778000;
202300002316.0;1;33;33397;1;1;1.0;2.0;44,91073000; -0,48677000;
202300002317.0;1;91;91589;1;1;1.0;7.0;48,67378000;2,34275000;
202300002318.0;3;77;77186;1;1;2.0;4.0;48,43918000;2,72824000;
202300002319.0;1;91;91471;1;1;1.0;6.0;48,71411000;2,17593000;
202300002320.0;1;76;76705;1;6;2.0;6.0;49,32893000;1,10148000;
202300002321.0;3;91;91471;1;1;1.0;2.0;48,71135000;2,18607000;
202300002322.0;1;76;76351;2;1;3.0;4.0;49,50003000;0,17078000;
202300002323.0;5;76;76351;2;1;1.0;7.0;49,49011000;0,12642000;
202300002324.0;1;78;78118;1;1;2.0;3.0;48,98250000;1,68655000;
202300002325.0;5;76;76351;2;1;1.0;7.0;49,50095100;0,11268800;
202300002326.0;1;92;92025;1;1;1.0;7.0;48,92796388;2,23851064;
202300002327.0;1;76;76447;2;1;1.0;6.0;49,53626000;0,18567000;
202300002328.0;1;93;93066;1;1;1.0;7.0;48,93351000;2,37785000;
202300002329.0;1;76;76351;2;1;1.0;1.0;49,51522000;0,16069000;
202300002330.0;1;93;93066;1;1;1.0;3.0;48,92256319;2,35502741;
202300002331.0;5;76;76026;2;9;2.0;3.0;49,88200200;1,14049400;
202300002332.0;1;95;95572;2;1;1.0;6.0;49,03233000;2,11057000;
202300002333.0;1;71;71270;2;1;1.0;6.0;46,30301273;4,81691029;
202300002334.0;2;71;71076;2;1;2.0;6.0;46,79706000;4,85062000;
202300002335.0;1;974;97411;1;1;1.0;3.0; -20,89445000;55,37748000;
202300002336.0;3;974;97407;1;9;1.0;7.0; -20,94987000;55,30222000;
202300002337.0;5;71;71076;2;1;1.0;6.0;46,78800000;4,86000000;
202300002338.0;1;973;97302;2;3;1.0;3.0;4,92895000; -52,29993000;
202300002339.0;5;69;69256;2;1;3.0;3.0;45,77415674;4,92579882;
202300002340.0;1;67;67204;2;1;1.0;6.0;48,61980000;7,75542000;
202300002341.0;1;972;97209;1;1;1.0;3.0;14,61245000; -61,04073000;
202300002342.0;1;69;69034;2;4;1.0;1.0;45,78284000;4,83623000;
202300002343.0;1;69;69081;2;2;1.0;1.0;45,77596000;4,77453000;
202300002344.0;5;64;64102;2;1;1.0;1.0;43,49413000; -1,47666000;
202300002345.0;1;69;69389;2;1;1.0;2.0;45,78862000;4,81185000;
202300002346.0;1;69;69385;2;3;7.0;6.0;45,75873377;4,79531988;
202300002347.0;5;64;64024;2;1;1.0;4.0;43,48032000; -1,51747000;
202300002348.0;1;69;69034;2;9;1.0;6.0;45,78495209;4,83243038;
202300002349.0;1;971;97101;2;2;1.0;3.0;16,27533926; -61,50700092;
202300002350.0;2;62;62427;2;2;2.0;6.0;50,42797251;2,94476938;
202300002351.0;4;95;95019;2;1;1.0;6.0;48,98560000;2,41572000;
202300002352.0;1;91;91345;2;4;9.0;3.0;48,68791000;2,32079000;
202300002353.0;4;62;62193;2;1;3.0;6.0;50,95382000;1,85103000;
202300002354.0;1;91;91027;2;1;1.0;2.0;48,71356000;2,37797000;
202300002355.0;5;62;62310;2;1;1.0;6.0;50,54373000;2,65596000;
202300002356.0;1;91;91326;2;1;1.0;2.0;48,69291000;2,37076000;
202300002357.0;3;62;62846;2;6;2.0;6.0;50,47896666;2,73529159;
202300002358.0;1;91;91433;1;6;1.0;7.0;48,45848000;2,17729000;
202300002359.0;5;59;59378;2;1;2.0;6.0;50,67435000;3,10766000;
202300002360.0;1;87;87085;2;1;1.0;6.0;45,85518000;1,24921000;
202300002361.0;5;59;59328;2;1;2.0;6.0;50,64144400;3,02153900;
202300002362.0;1;85;85194;2;3;1.0;6.0;46,48749400; -1,76180900;
202300002363.0;1;59;59350;2;2;3.0;6.0;50,60706000;3,04339000;
202300002364.0;1;83;83137;2;1;1.0;3.0;43,12575333;5,93761879;
202300002365.0;5;59;59271;2;1;3.0;1.0;51,01578000;2,31331000;
202300002366.0;1;82;82033;2;1;1.0;7.0;44,04167000;1,11768000;
202300002367.0;5;58;58194;2;1;1.0;6.0;46,98174000;3,14736000;
202300002368.0;1;80;80021;2;2;1.0;3.0;49,87894000;2,30521000;
202300002369.0;3;77;77495;2;1;1.0;7.0;48,56121000;2,63373000;
202300002370.0;1;77;77040;2;6;1.0;6.0;48,52094200;2,56911000;
202300002371.0;3;72;72003;1;9;1.0;7.0;47,97147000;0,14327000;
202300002372.0;1;57;57463;2;1;2.0;6.0;49,10982000;6,16361000;
202300002373.0;1;56;56260;1;1;8.0;4.0;47,66881000; -2,76968000;
202300002374.0;1;56;56162;2;1;1.0;6.0;47,73503000; -3,42938000;
202300002375.0;1;71;71306;2;1;1.0;3.0;46,66802000;4,35496000;
202300002376.0;1;69;69266;2;1;1.0;6.0;45,76537000;4,90197000;
202300002377.0;1;69;69256;2;1;1.0;1.0;45,75713000;4,92782000;
202300002378.0;1;69;69264;2;1;1.0;3.0;45,98642000;4,74395000;
202300002379.0;1;69;69259;2;1;1.0;6.0;45,72234374;4,87854294;
202300002380.0;1;47;47323;1;2;1.0;3.0;44,43860000;0,71570000;
202300002381.0;2;67;67482;2;1;1.0;6.0;48,57532822;7,75543839;
202300002382.0;1;44;44143;2;1;1.0;3.0;47,19325000; -1,56287000;
202300002383.0;1;66;66136;2;3;1.0;3.0;42,69930000;2,88148000;
202300002384.0;1;37;37261;2;1;2.0;7.0;47,38182000;0,70573000;
202300002385.0;1;65;65047;2;2;1.0;3.0;43,24339900;0,09574600;
202300002386.0;1;34;34172;2;3;1.0;3.0;43,61503000;3,85400000;
202300002387.0;1;64;64545;1;2;1.0;3.0;43,37491000; -1,68555000;
202300002388.0;1;60;60159;1;1;1.0;1.0;49,39496000;2,87730000;
202300002389.0;1;34;34032;2;3;1.0;3.0;43,34456000;3,23199000;
202300002390.0;1;59;59178;2;3;1.0;3.0;50,39479000;3,12982000;
202300002391.0;3;56;56260;1;1;1.0;2.0;47,67237000; -2,71926000;
202300002392.0;1;56;56121;2;1;1.0;7.0;47,75533000; -3,37146000;
202300002393.0;5;34;34003;2;3;2.0;1.0;43,28305000;3,51496000;
202300002394.0;1;54;54395;2;2;7.0;3.0;48,70017000;6,17260100;
202300002395.0;1;54;54526;2;2;7.0;2.0;48,67632300;6,22127900;
202300002396.0;5;31;31555;2;1;1.0;2.0;43,58319700;1,41483300;
202300002397.0;1;51;51454;2;6;1.0;3.0;49,26926000;4,07006000;
202300002398.0;5;31;31555;2;1;2.0;2.0;43,56460000;1,47840000;
202300002399.0;1;49;49007;2;2;1.0;6.0;47,45062000; -0,55282000;
202300002400.0;1;45;45169;2;1;1.0;3.0;47,90642000;1,85902000;
202300002401.0;1;45;45075;2;1;1.0;3.0;47,89362930;1,85004169;
202300002402.0;1;31;31555;2;2;1.0;3.0;43,64277064;1,41586572;
202300002403.0;1;42;42218;2;2;1.0;2.0;45,43435000;4,37959000;
202300002404.0;1;41;41018;2;1;1.0;3.0;47,58679000;1,33039000;