Num_Acc;lum;departement;commune;agglomeration;intersection;meteo;type_collision;lat;long;date
202300002405.0;1;29;29019;2;1;1.0;3.0;48,42048100; -4,45859100;
202300002406.0;1;40;40192;1;3;1.0;5.0;43,90137000; -0,53602000;
202300002407.0;1;38;38421;2;2;1.0;6.0;45,17170000;5,75729000;
202300002408.0;1;41;41208;1;1;1.0;2.0;47,57976800;1,06704700;
202300002409.0;1;37;37233;2;3;1.0;3.0;47,38693000;0,75891000;
202300002410.0;2;56;56036;2;1;3.0;6.0;47,81116200; -3,34122800;
202300002411.0;1;35;35238;2;2;1.0;3.0;48,11194000; -1,70232000;
202300002412.0;1;79;79079;1;1;1.0;7.0;46,95152900; -0,84589400;
202300002413.0;5;24;24037;2;1;2.0;1.0;44,85154000;0,48513000;
202300002414.0;1;35;35238;2;1;1.0;6.0;48,11061000; -1,69973000;
202300002415.0;3;24;24145;2;1;2.0;6.0;44,85529000;0,56587000;
202300002416.0;1;35;35238;2;6;2.0;2.0;48,11800000; -1,71399000;
202300002417.0;3;32;32160;2;1;1.0;6.0;43,61678400;1,09136900;
202300002418.0;1;23;23096;2;3;1.0;1.0;46,16830000;1,87480000;
202300002419.0;1;35;35238;2;1;2.0;5.0;48,11337938; -1,71893924;
202300002420.0;2;46;46246;1;1;2.0;7.0;44,78468300;1,80835600;
202300002421.0;1;22;22187;1;1;1.0;7.0;48,53339000; -2,75916000;
202300002422.0;5;33;33075;2;3;1.0;6.0;44,88250000; -0,59310000;
202300002423.0;1;22;22158;1;2;1.0;3.0;48,20873800; -2,97344300;
202300002424.0;4;22;22360;2;6;1.0;1.0;48,47673000; -2,75138000;
202300002425.0;1;33;33063;2;2;1.0;3.0;44,85205000; -0,55708000;
202300002426.0;1;29;29209;1;1;1.0;6.0;48,54453400; -4,50276900;
202300002427.0;3;19;19275;1;1;2.0;3.0;45,52161000;2,28404000;
202300002428.0;3;29;29047;1;1;2.0;6.0;48,52615900; -4,38396900;
202300002429.0;1;32;32013;2;1;1.0;3.0;43,64510000;0,59730000;
202300002430.0;1;18;18033;1;6;1.0;2.0;47,08171900;2,35367200;
202300002431.0;1;30;30189;2;3;1.0;3.0;43,85472000;4,32161000;
202300002432.0;1;29;29174;2;6;1.0;3.0;47,86979800; -4,23593800;
202300002433.0;5;18;18033;2;1;1.0;6.0;47,08183000;2,38917000;
202300002434.0;5;30;30189;2;1;1.0;6.0;43,82571000;4,33238000;
202300002435.0;1;06;06088;2;3;1.0;3.0;43,69064830;7,24529300;
202300002436.0;1;30;30189;2;3;1.0;3.0;43,82830000;4,35330000;
202300002437.0;5;06;06123;2;1;1.0;3.0;43,67220000;7,19359000;
202300002438.0;3;03;03036;2;1;2.0;6.0;46,58091200;3,04722000;
202300002439.0;5;30;30189;2;3;1.0;5.0;43,83140000;4,34270000;
202300002440.0;3;05;05061;1;1;4.0;1.0;44,57676000;6,11801000;
202300002441.0;3;66;66149;1;1;1.0;1.0;42,62195000;2,41833300;
202300002442.0;1;29;29151;2;3;1.0;6.0;48,57590793; -3,82116839;
202300002443.0;1;02;02738;2;1;2.0;3.0;49,64455000;3,29412000;
202300002444.0;1;45;45062;1;1;1.0;1.0;47,97406500;1,88563600;
202300002445.0;1;28;28404;2;6;1.0;3.0;48,72868000;1,33506000;
202300002446.0;1;75;75113;2;1;2.0;5.0;48,81670700;2,36510700;
202300002447.0;1;28;28229;2;1;1.0;3.0;48,45119000;1,47057000;
202300002448.0;5;75;75114;2;1;1.0;2.0;48,82266000;2,31423500;
202300002449.0;1;72;72320;1;1;8.0;2.0;48,05249700;0,18067400;
202300002450.0;5;75;75111;2;1;1.0;2.0;48,85732600;2,39257800;
202300002451.0;1;01;01373;1;1;1.0;6.0;46,13579100;5,54090700;
202300002452.0;1;27;27229;2;2;1.0;3.0;49,00300000;1,14800000;
202300002453.0;1;75;75119;2;2;2.0;3.0;48,88200300;2,40251600;
202300002454.0;1;01;01265;1;1;4.0;7.0;46,18776200;5,56705400;
202300002455.0;1;75;75116;2;1;1.0;6.0;48,85335200;2,27872000;
202300002456.0;1;34;34244;1;1;1.0;2.0;43,67665300;4,02914400;
202300002457.0;1;22;22113;2;9;1.0;3.0;48,72790000; -3,45810000;
202300002458.0;1;75;75116;2;3;2.0;6.0;48,83681800;2,25358400;
202300002459.0;1;987;98744;1;1;1.0;7.0; -22,43479100; -151,35812800;
202300002460.0;1;19;19031;2;2;1.0;3.0;45,16532000;1,52049000;
202300002461.0;2;75;75117;2;7;2.0;2.0;48,87732320;2,28401899;
202300002462.0;1;973;97301;1;1;1.0;1.0;4,11266475; -52,07334495;
202300002463.0;2;14;14167;2;3;1.0;3.0;49,20657000; -0,29395000;
202300002464.0;5;75;75113;2;2;2.0;6.0;48,82416600;2,37679400;
202300002465.0;5;44;44020;2;6;1.0;3.0;47,16283823; -1,58512652;
202300002466.0;1;13;13043;2;1;1.0;6.0;43,39061000;5,23203000;
202300002467.0;5;75;75113;2;7;2.0;7.0;48,83127645;2,35626698;
202300002468.0;1;77;77392;1;1;1.0;2.0;49,07011100;2,71482900;
202300002469.0;5;75;75101;2;4;1.0;6.0;48,86220000;2,33466100;
202300002470.0;1;13;13103;2;1;1.0;3.0;43,63825879;5,09526708;
202300002471.0;1;48;48117;1;1;1.0;6.0;44,45233600;3,89385900;
202300002472.0;5;94;94041;2;1;8.0;1.0;48,81975000;2,39616000;
202300002473.0;1;13;13216;2;1;1.0;4.0;43,36559000;5,35104000;
202300002474.0;2;34;34092;1;1;1.0;3.0;43,32986000;2,95059100;
202300002475.0;5;94;94081;2;1;1.0;5.0;48,79948000;2,38925000;
202300002476.0;3;34;34154;1;1;2.0;1.0;43,60477500;3,99908800;
202300002477.0;1;13;13211;2;1;1.0;2.0;43,28859000;5,49928000;
202300002478.0;1;13;13214;2;3;1.0;6.0;43,33778000;5,40749000;
202300002479.0;3;94;94074;2;2;2.0;3.0;48,74725800;2,46209000;
202300002480.0;3;71;71555;1;2;1.0;3.0;46,69335498;4,87078831;
202300002481.0;1;13;13209;2;9;1.0;5.0;43,26850000;5,40450000;
202300002482.0;5;94;94042;2;1;1.0;2.0;48,82024000;2,46878000;
202300002483.0;3;21;21371;1;1;1.0;6.0;47,16927700;5,35163300;
202300002484.0;1;13;13005;2;1;1.0;4.0;43,28521000;5,59429000;
202300002485.0;5;94;94041;2;1;2.0;6.0;48,81783000;2,39392000;
202300002486.0;3;93;93070;2;1;2.0;6.0;48,91092000;2,34418000;
202300002487.0;1;38;38072;1;1;8.0;6.0;45,31888389;4,80808899;
202300002488.0;1;11;11069;1;6;7.0;3.0;43,19645000;2,32212000;
202300002489.0;1;01;01376;2;1;1.0;6.0;45,83020100;4,97858500;
202300002490.0;1;07;07102;2;1;1.0;3.0;44,93794000;4,86964000;
202300002491.0;5;93;93066;2;2;2.0;3.0;48,94754000;2,37489000;
202300002492.0;1;06;06069;2;1;1.0;6.0;43,66393600;6,93735000;
202300002493.0;1;19;19101;2;9;1.0;6.0;45,24255200;1,77931800;
202300002494.0;2;93;93077;2;2;2.0;3.0;48,88892679;2,51748785;
202300002495.0;1;05;05061;1;1;1.0;4.0;44,57748000;6,12088000;
202300002496.0;5;93;93063;2;2;2.0;6.0;48,88061656;2,43702171;
202300002497.0;1;35;35360;2;2;1.0;3.0;48,11345400; -1,19996100;
202300002498.0;5;93;93013;2;5;2.0;6.0;48,93445647;2,41942495;
202300002499.0;1;05;05061;2;9;1.0;6.0;44,53304000;6,04911000;
202300002500.0;1;57;57323;2;1;2.0;2.0;49,41915000;6,15585700;
202300002501.0;5;93;93010;2;3;3.0;6.0;48,91228100;2,48520400;
202300002502.0;1;03;03310;2;1;2.0;3.0;46,12582000;3,42258000;
202300002503.0;1;80;80212;1;1;1.0;1.0;49,91769400;2,51754500;
202300002504.0;1;93;93008;2;4;2.0;3.0;48,90745000;2,45641000;
202300002505.0;3;13;13005;1;1;1.0;2.0;43,27480000;5,58828000;
202300002506.0;1;75;75116;2;4;1.0;3.0;48,85106059;2,25193977;
202300002507.0;1;91;91521;1;1;1.0;6.0;48,63431000;2,40630000;
202300002508.0;2;92;92072;2;2;2.0;3.0;48,82543967;2,21586880;
202300002509.0;1;75;75113;2;1;1.0;3.0;48,81621000;2,35991100;
202300002510.0;2;92;92040;2;1;2.0;6.0;48,81712755;2,27411538;
202300002511.0;1;29;29019;2;1;1.0;6.0;48,40191000; -4,46797000;
202300002512.0;5;75;75109;2;2;1.0;3.0;48,87461500;2,33931500;
202300002513.0;1;29;29019;2;1;2.0;6.0;48,39749600; -4,47241800;
202300002514.0;1;92;92026;2;9;2.0;3.0;48,89991516;2,23975204;
202300002515.0;3;974;97407;2;1;1.0;7.0; -20,94808000;55,28257000;
202300002516.0;4;75;75108;2;7;1.0;2.0;48,86663000;2,32194600;
202300002517.0;3;973;97302;2;1;1.0;7.0;4,91022834; -52,30819952;
202300002518.0;5;92;92025;2;1;1.0;6.0;48,91424545;2,22952839;
202300002519.0;1;75;75112;2;3;1.0;6.0;48,84800800;2,36763900;
202300002520.0;1;69;69386;2;2;1.0;3.0;45,76676000;4,84430000;
202300002521.0;5;92;92024;2;3;2.0;3.0;48,89992251;2,31444597;
202300002522.0;5;75;75119;2;9;1.0;6.0;48,88927000;2,37127400;
202300002523.0;1;972;97209;1;1;1.0;5.0;14,62114000; -61,07124000;
202300002524.0;1;92;92032;2;1;2.0;6.0;48,79002364;2,28877366;
202300002525.0;1;75;75119;2;1;1.0;3.0;48,89775000;2,37074000;
202300002526.0;5;972;97209;2;1;2.0;1.0;14,62070000; -61,07107000;
202300002527.0;1;92;92012;2;6;2.0;3.0;48,84075516;2,22891390;
202300002528.0;1;75;75118;2;3;1.0;6.0;48,88846800;2,35356800;
202300002529.0;5;69;69385;2;1;1.0;6.0;45,76285000;4,79526000;
202300002530.0;5;92;92014;2;2;2.0;6.0;48,78241243;2,31654167;
202300002531.0;1;75;75116;2;3;1.0;1.0;48,86490753;2,24908590;
202300002532.0;1;2A;2A004;2;1;1.0;6.0;41,91703000;8,73639000;
202300002533.0;1;75;75114;2;1;1.0;6.0;48,82090400;2,32552600;
202300002534.0;5;57;57043;1;6;2.0;1.0;49,24053113;6,20988250;
202300002535.0;5;91;91421;2;2;2.0;3.0;48,71020600;2,44182800;
202300002536.0;1;75;75113;2;3;1.0;3.0;48,83135900;2,36633900;
202300002537.0;1;83;83137;2;1;1.0;1.0;43,12858000;5,91387000;
202300002538.0;1;01;01004;2;3;7.0;1.0;45,95632400;5,33265000;
202300002539.0;1;75;75112;2;1;1.0;6.0;48,84530000;2,37951600;
202300002540.0;5;83;83069;2;1;1.0;6.0;43,11772000;6,13038000;
202300002541.0;5;68;68112;2;1;3.0;7.0;47,90848000;7,21614900;
202300002542.0;2;81;81203;1;1;8.0;6.0;43,81855100;2,46091600;
202300002543.0;2;75;75111;2;4;1.0;3.0;48,85284500;2,38849500;
202300002544.0;1;83;83118;2;1;1.0;4.0;43,44840000;6,84066000;
202300002545.0;1;81;81021;2;1;1.0;3.0;43,50938900;2,37665000;
202300002546.0;2;28;28088;2;6;1.0;5.0;48,07034800;1,32937300;
202300002547.0;3;81;81144;1;1;1.0;6.0;43,97706000;2,17781000;
202300002548.0;1;78;78586;2;2;1.0;1.0;48,94834300;2,19418100;
202300002549.0;3;27;27271;1;9;1.0;5.0;48,94613800;1,30436900;
202300002550.0;3;77;77305;1;1;9.0;6.0;48,39303000;2,94566000;
202300002551.0;5;11;11067;2;3;1.0;3.0;43,22753000;2,84702000;
202300002552.0;1;77;77243;2;2;1.0;3.0;48,86553000;2,71356000;
202300002553.0;1;51;51545;1;2;1.0;3.0;48,74474300;4,20750600;
202300002554.0;1;72;72181;2;1;3.0;6.0;48,00454000;0,19187000;
202300002555.0;5;76;76101;2;1;2.0;6.0;49,93210900;1,62829400;
202300002556.0;5;72;72181;2;3;3.0;3.0;47,98224000;0,20723000;
202300002557.0;1;2A;2A271;1;1;1.0;3.0;41,99572100;8,83755100;
202300002558.0;1;72;72181;2;1;1.0;6.0;47,98302000;0,21099000;
202300002559.0;5;64;64024;2;4;1.0;3.0;43,49487000; -1,54282000;
202300002560.0;1;2B;2B096;1;1;8.0;3.0;42,31143400;9,15311300;
202300002561.0;5;64;64102;2;1;1.0;7.0;43,49220000; -1,45294000;
202300002562.0;1;2B;2B309;2;1;1.0;3.0;42,74324600;9,46210900;
202300002563.0;5;68;68126;2;9;2.0;7.0;47,56939200;7,52446000;
202300002564.0;5;59;59350;2;9;2.0;6.0;50,63253000;3,05221000;
202300002565.0;1;29;29207;1;1;1.0;6.0;48,54839962; -3,81810672;
202300002566.0;1;59;59359;1;1;1.0;1.0;51,01069000;2,19641000;
202300002567.0;5;38;38416;2;1;3.0;3.0;45,15363000;5,31701300;
202300002568.0;1;57;57447;2;1;8.0;3.0;49,08622200;6,14522500;
202300002569.0;5;38;38416;2;1;2.0;6.0;45,15335700;5,31755400;
202300002570.0;5;49;49007;2;3;2.0;3.0;47,47539000; -0,54860000;
202300002571.0;5;49;49007;2;1;2.0;6.0;47,46779000; -0,53468000;
202300002572.0;3;38;38422;1;1;2.0;1.0;45,13944500;5,83322500;
202300002573.0;1;46;46042;2;2;1.0;6.0;44,46133800;1,45424000;
202300002574.0;2;02;02810;2;1;8.0;6.0;49,25279400;3,08782600;
202300002575.0;5;45;45147;2;3;1.0;1.0;47,93415000;1,90019000;
202300002576.0;5;45;45234;2;1;1.0;6.0;47,89454866;1,90039605;
202300002577.0;2;58;58006;1;1;1.0;1.0;46,97129200;3,51030300;
202300002578.0;1;45;45234;2;1;1.0;6.0;47,88716000;1,91057000;
202300002579.0;1;45;45234;2;1;1.0;6.0;47,90590000;1,88707000;
202300002580.0;1;44;44184;2;3;1.0;1.0;47,27825000; -2,22565000;
202300002581.0;1;54;54256;1;2;1.0;3.0;48,52977900;6,31040100;
202300002582.0;1;72;72132;2;9;1.0;6.0;48,18590000;0,64828500;
202300002583.0;1;37;37214;2;9;1.0;6.0;47,39652000;0,65966000;
202300002584.0;2;90;90094;2;1;1.0;6.0;47,58828900;6,86723300;
202300002585.0;1;37;37214;2;1;1.0;6.0;47,42922000;0,64667000;
202300002586.0;1;65;65440;2;3;1.0;3.0;43,23964000;0,07524000;
202300002587.0;1;64;64138;1;1;2.0;2.0;43,24535100; -0,26932600;
202300002588.0;1;27;27229;2;2;1.0;2.0;49,02160000;1,13742000;
202300002589.0;1;62;62624;2;1;1.0;1.0;50,41360700;2,98818400;
202300002590.0;1;73;73022;1;1;1.0;1.0;45,50242600;5,76700200;
202300002591.0;1;53;53147;2;1;1.0;6.0;48,29811600; -0,60984300;
202300002592.0;1;16;16102;2;2;1.0;3.0;45,69968100; -0,31952800;
202300002593.0;1;62;62193;2;1;1.0;1.0;50,95346000;1,83908000;
202300002594.0;2;13;13102;2;6;1.0;7.0;43,41207000;5,23730000;
202300002595.0;1;61;61169;2;6;1.0;3.0;48,74337000; -0,56217000;
202300002596.0;5;13;13214;2;9;1.0;6.0;43,33005000;5,39023000;
202300002597.0;5;13;13203;2;1;1.0;6.0;43,31689000;5,37635000;
202300002598.0;1;60;60382;2;1;1.0;6.0;49,42303000;2,82361000;
202300002599.0;1;13;13212;2;1;1.0;6.0;43,30802216;5,43401104;
202300002600.0;5;59;59512;2;1;1.0;6.0;50,69974000;3,16132000;
202300002601.0;2;974;97409;2;9;2.0;3.0; -20,94446800;55,66820500;
202300002602.0;5;13;13203;2;2;1.0;3.0;43,30890000;5,38080000;
202300002603.0;1;59;59512;2;1;1.0;3.0;50,70316000;3,17181000;
202300002604.0;1;974;97409;2;3;1.0;6.0; -20,96013000;55,65434000;
202300002605.0;1;59;59043;2;1;1.0;6.0;50,73128000;2,74605000;
202300002606.0;5;13;13001;2;1;1.0;3.0;43,53253000;5,42638000;
202300002607.0;1;974;97409;1;1;2.0;2.0; -20,94262000;55,64750000;
202300002608.0;1;11;11069;2;1;1.0;6.0;43,22200000;2,35990000;
202300002609.0;1;58;58194;2;3;7.0;3.0;46,98409600;3,15465100;
202300002610.0;3;33;33063;2;1;3.0;2.0;44,87721846; -0,56599438;
202300002611.0;1;06;06088;2;1;1.0;6.0;43,69852200;7,27447500;
202300002612.0;1;13;13071;2;1;1.0;6.0;43,38022000;5,34858000;
202300002613.0;1;06;06088;2;1;1.0;2.0;43,70689000;7,28010000;
202300002614.0;1;27;27054;2;1;1.0;7.0;48,85392200;0,87475400;
202300002615.0;3;57;57019;2;6;1.0;7.0;49,25461000;6,13542000;
202300002616.0;5;06;06088;2;2;1.0;6.0;43,70073000;7,28075000;
202300002617.0;1;93;93062;2;1;1.0;2.0;48,90053000;2,51857000;
202300002618.0;1;75;75119;2;1;1.0;7.0;48,88350000;2,39994500;
202300002619.0;1;54;54395;2;2;1.0;3.0;48,69162000;6,15019000;
202300002620.0;5;75;75116;2;1;2.0;2.0;48,85864000;2,26136000;
202300002621.0;1;93;93062;2;9;1.0;3.0;48,89721000;2,52960000;
202300002622.0;5;51;51454;2;2;1.0;3.0;49,27013000;4,02242000;
202300002623.0;5;75;75106;2;2;1.0;6.0;48,84686100;2,31668600;
202300002624.0;1;74;74173;2;1;1.0;1.0;45,86395200;6,62524600;
202300002625.0;1;51;51454;2;1;1.0;2.0;49,27156000;4,06770000;
202300002626.0;1;75;75105;2;1;2.0;3.0;48,85206200;2,34812000;
202300002627.0;1;74;74018;1;1;8.0;2.0;46,08604035;6,36662253;
202300002628.0;1;75;75105;2;1;1.0;6.0;48,84080000;2,34937000;
202300002629.0;1;49;49007;2;4;1.0;3.0;47,47382000; -0,53849000;
202300002630.0;5;75;75119;2;4;1.0;6.0;48,88289836;2,37062484;
202300002631.0;5;74;74010;2;1;1.0;6.0;45,90450000;6,12430000;
202300002632.0;1;49;49007;2;2;1.0;6.0;47,47210000; -0,54143000;
202300002633.0;1;75;75119;2;4;1.0;6.0;48,89386000;2,37330000;
202300002634.0;3;74;74112;1;1;1.0;7.0;45,94944300;6,09013500;
202300002635.0;1;48;48095;2;3;1.0;3.0;44,53629386;3,50233249;
202300002636.0;1;75;75117;2;3;1.0;3.0;48,88879900;2,32332800;
202300002637.0;5;75;75117;2;1;1.0;6.0;48,88619100;2,31622210;
202300002638.0;1;45;45147;2;1;1.0;6.0;47,93554000;1,92951000;
202300002639.0;1;74;74225;2;4;8.0;6.0;45,86139000;5,94756000;
202300002640.0;3;44;44162;1;1;1.0;6.0;47,23562000; -1,65387000;
202300002641.0;1;75;75117;2;7;1.0;3.0;48,87852100;2,28295400;
202300002642.0;3;74;74165;1;1;1.0;1.0;45,83685800;5,97750700;
202300002643.0;5;75;75115;2;2;1.0;3.0;48,84956500;2,28128800;
202300002644.0;5;43;43157;2;2;1.0;3.0;45,04643000;3,89185000;
202300002645.0;2;74;74010;1;1;1.0;2.0;45,87810300;6,07316500;
202300002646.0;1;42;42207;2;1;1.0;6.0;45,48107194;4,52711365;
202300002647.0;1;74;74081;2;1;1.0;6.0;46,06496100;6,57574100;
202300002648.0;5;75;75115;2;2;2.0;6.0;48,83347900;2,29867100;
202300002649.0;1;37;37261;2;1;1.0;3.0;47,42271000;0,69693000;
202300002650.0;4;74;74267;2;1;1.0;6.0;45,86372100;6,14030600;
202300002651.0;1;36;36044;2;1;1.0;3.0;46,79742520;1,66762322;
202300002652.0;1;75;75113;2;3;1.0;3.0;48,82298200;2,34889600;
202300002653.0;1;35;35238;2;1;1.0;3.0;48,10687000; -1,72798000;
202300002654.0;5;74;74043;2;2;1.0;3.0;46,26336500;6,36492000;
202300002655.0;1;75;75111;2;2;1.0;3.0;48,85575400;2,39134700;
202300002656.0;1;74;74171;1;1;2.0;6.0;46,31413900;6,32379100;
202300002657.0;1;35;35238;2;2;1.0;3.0;48,08450000; -1,65396000;
202300002658.0;5;75;75110;2;3;1.0;6.0;48,88427400;2,35920100;
202300002659.0;1;74;74010;2;1;1.0;3.0;45,90032000;6,12741000;
202300002660.0;1;75;75109;2;2;3.0;6.0;48,87652600;2,34429500;
202300002661.0;1;31;31555;2;1;1.0;3.0;43,62191800;1,43503500;
202300002662.0;5;74;74281;2;3;2.0;3.0;46,36910000;6,50000000;
202300002663.0;5;75;75109;2;1;2.0;6.0;48,87124873;2,34452695;
202300002664.0;1;29;29232;1;1;1.0;6.0;47,98864000; -4,02746000;
202300002665.0;5;74;74133;1;1;2.0;6.0;46,18697779;6,20568017;
202300002666.0;1;29;29232;2;1;1.0;6.0;48,00919000; -4,10636000;
202300002667.0;1;75;75108;2;7;1.0;3.0;48,86585700;2,31988500;
202300002668.0;1;75;75108;2;1;2.0;3.0;48,86510000;2,32233000;
202300002669.0;1;29;29039;2;1;1.0;6.0;47,87313082; -3,92086163;
202300002670.0;2;74;74042;1;1;3.0;5.0;46,06669688;6,41978082;
202300002671.0;5;75;75107;2;3;1.0;3.0;48,85926500;2,33021900;
202300002672.0;1;28;28404;2;1;1.0;1.0;48,71668000;1,36468000;
202300002673.0;5;75;75107;2;3;1.0;3.0;48,85875100;2,30050800;
202300002674.0;3;74;74262;1;1;1.0;5.0;46,12219860;6,32898978;
202300002675.0;5;74;74133;1;1;2.0;7.0;46,18710592;6,20535373;
202300002676.0;1;75;75107;2;2;3.0;3.0;48,85735700;2,32888900;
202300002677.0;1;75;75102;2;1;2.0;6.0;48,86685082;2,35286593;
202300002678.0;5;12;12202;2;6;2.0;6.0;44,36091700;2,57376700;
202300002679.0;1;27;27681;2;1;7.0;2.0;49,09314000;1,47000000;
202300002680.0;1;13;13056;1;1;3.0;1.0;43,36501000;5,05957000;
202300002681.0;1;27;27229;1;1;1.0;2.0;49,00283000;1,15223500;
202300002682.0;2;94;94080;2;1;2.0;4.0;48,84800063;2,43963861;
202300002683.0;1;57;57370;2;6;8.0;3.0;49,39152200;6,27149800;
202300002684.0;3;57;57556;2;1;2.0;7.0;49,06471889;6,95677042;
202300002685.0;1;22;22278;2;1;1.0;2.0;48,51114000; -2,76226000;
202300002686.0;3;57;57482;1;1;1.0;1.0;49,11700400;6,26310300;
202300002687.0;1;94;94078;2;1;1.0;2.0;48,74191600;2,44659300;
202300002688.0;1;22;22106;2;1;1.0;2.0;48,49657000; -2,72699000;
202300002689.0;1;43;43268;1;1;1.0;7.0;45,16240600;4,05848300;
202300002690.0;1;22;22215;1;1;1.0;4.0;48,47588000; -2,79838000;
202300002691.0;5;44;44109;2;2;8.0;3.0;47,21000046; -1,60363171;
202300002692.0;1;94;94074;1;1;1.0;5.0;48,76031545;2,44999932;
202300002693.0;1;44;44190;2;1;8.0;3.0;47,19915200; -1,52395215;
202300002694.0;1;17;17333;2;6;1.0;3.0;45,58966000; -0,98702000;
202300002695.0;2;94;94068;2;1;2.0;6.0;48,78997210;2,51868238;
202300002696.0;1;44;44143;2;1;8.0;6.0;47,18128384; -1,54516126;
202300002697.0;1;13;13056;2;9;1.0;7.0;43,40555000;5,04786000;
202300002698.0;1;44;44109;2;6;8.0;2.0;47,21003255; -1,56140328;
202300002699.0;5;13;13212;2;3;1.0;3.0;43,30302449;5,44680694;
202300002700.0;5;94;94058;2;9;2.0;2.0;48,84953000;2,49546000;
202300002701.0;1;13;13005;2;1;1.0;3.0;43,30330436;5,59851453;
202300002702.0;1;44;44109;2;6;8.0;3.0;47,21460505; -1,53764375;
202300002703.0;1;94;94076;2;1;1.0;2.0;48,78851800;2,36194400;
202300002704.0;5;44;44109;2;1;8.0;6.0;47,25289708; -1,50560434;
202300002705.0;1;13;13005;2;1;1.0;2.0;43,28702000;5,53337000;
202300002706.0;3;44;44114;1;1;8.0;6.0;47,25956435; -1,61954907;
202300002707.0;1;13;13004;2;1;1.0;1.0;43,66782152;4,66434052;
202300002708.0;1;94;94003;2;1;1.0;1.0;48,80062600;2,34147700;
202300002709.0;2;44;44109;2;6;8.0;3.0;47,21470921; -1,53786936;
202300002710.0;1;10;10387;2;1;1.0;3.0;48,30300000;4,05696000;
202300002711.0;1;44;44109;2;6;8.0;3.0;47,19835835; -1,58845031;
202300002712.0;1;94;94076;2;1;1.0;5.0;48,79707444;2,36804831;
202300002713.0;1;10;10333;2;2;1.0;2.0;48,28954000;4,06536000;
202300002714.0;1;08;08409;2;9;1.0;2.0;49,69509000;4,95617000;
202300002715.0;1;94;94011;2;1;2.0;2.0;48,77186000;2,49020000;
202300002716.0;3;93;93064;1;1;1.0;1.0;48,87923146;2,47630036;
202300002717.0;1;94;94028;2;1;1.0;6.0;48,78644300;2,44979600;
202300002718.0;1;93;93046;2;9;1.0;2.0;48,91145634;2,51683474;
202300002719.0;1;06;06069;2;1;1.0;3.0;43,66217000;6,93420000;
202300002720.0;1;75;75120;2;1;1.0;2.0;48,85990800;2,41420700;
202300002721.0;5;93;93046;2;2;2.0;3.0;48,91897597;2,52456047;
202300002722.0;1;94;94017;2;2;1.0;5.0;48,82170029;2,49875852;
202300002723.0;5;75;75106;2;3;1.0;3.0;48,84822800;2,32019600;
202300002724.0;5;93;93046;2;2;2.0;1.0;48,91295000;2,51838000;
202300002725.0;1;94;94017;2;2;2.0;2.0;48,81486548;2,48118791;
202300002726.0;1;75;75120;2;9;1.0;3.0;48,86308500;2,38736000;
202300002727.0;1;93;93046;2;3;1.0;6.0;48,91216000;2,52135000;
202300002728.0;1;75;75119;2;1;1.0;6.0;48,88094200;2,40164600;
202300002729.0;1;94;94017;2;1;1.0;3.0;48,81948408;2,50194030;
202300002730.0;1;93;93074;2;1;1.0;3.0;48,93431255;2,56456330;
202300002731.0;5;44;44109;2;3;8.0;3.0;47,20806710; -1,52697702;
202300002732.0;1;93;93066;2;1;1.0;6.0;48,93862000;2,35787700;
202300002733.0;1;75;75116;2;2;1.0;3.0;48,84244500;2,25139100;
202300002734.0;5;93;93046;2;1;1.0;6.0;48,92124000;2,52301000;
202300002735.0;1;75;75116;2;1;1.0;6.0;48,86369700;2,29776900;
202300002736.0;5;93;93055;2;1;8.0;3.0;48,90961000;2,39871000;
202300002737.0;3;44;44109;2;1;8.0;7.0;47,20742886; -1,58089759;
202300002738.0;1;75;75116;2;2;1.0;6.0;48,86948500;2,29560400;
202300002739.0;1;75;75116;2;1;1.0;3.0;48,86907600;2,28394900;
202300002740.0;1;44;44109;2;1;8.0;6.0;47,21631892; -1,55622352;
202300002741.0;1;93;93053;2;1;2.0;3.0;48,89018000;2,47121000;
202300002742.0;1;09;09160;2;1;1.0;2.0;42,93246900;1,84765000;
202300002743.0;1;75;75115;2;7;1.0;2.0;48,84815900;2,30065200;
202300002744.0;1;09;09167;1;3;1.0;7.0;43,29261900;1,34173800;
202300002745.0;1;93;93051;2;1;1.0;5.0;48,85025000;2,55376000;
202300002746.0;1;75;75115;2;3;1.0;6.0;48,84123900;2,28081600;
202300002747.0;2;09;09282;1;1;1.0;1.0;43,24560911;1,57404900;
202300002748.0;1;93;93051;2;3;2.0;6.0;48,83022000;2,55889000;
202300002749.0;5;66;66017;2;9;1.0;1.0;42,80312300;3,03717300;
202300002750.0;2;75;75113;2;3;1.0;3.0;48,82444200;2,35781000;
202300002751.0;1;13;13076;1;3;1.0;2.0;43,81591900;5,01716000;
202300002752.0;5;75;75113;2;2;1.0;2.0;48,81914300;2,35946100;
202300002753.0;1;93;93049;2;1;8.0;6.0;48,85260319;2,51265451;
202300002754.0;1;44;44143;2;3;8.0;2.0;47,19157212; -1,54894626;