Num_Acc;lum;departement;commune;agglomeration;intersection;meteo;type_collision;lat;long;date
202300002755.0;1;75;75112;2;2;1.0;6.0;48,84780500;2,39909000;
202300002756.0;2;44;44109;2;-1;8.0;6.0;47,20900621; -1,53745707;
202300002757.0;1;93;93048;2;3;2.0;3.0;48,87012000;2,45037000;
202300002758.0;1;75;75112;2;2;1.0;6.0;48,83667500;2,40351100;
202300002759.0;1;44;44109;2;3;8.0;3.0;47,21652753; -1,59160786;
202300002760.0;1;93;93046;2;1;6.0;7.0;48,91669937;2,53019281;
202300002761.0;1;44;44109;2;1;8.0;6.0;47,22932254; -1,56627441;
202300002762.0;5;44;44109;2;1;8.0;6.0;47,23705707; -1,51725000;
202300002763.0;1;75;75109;2;2;1.0;3.0;48,88279100;2,33205700;
202300002764.0;1;93;93031;2;3;1.0;6.0;48,95534648;2,29526952;
202300002765.0;5;44;44109;2;1;8.0;7.0;47,21970700; -1,55559970;
202300002766.0;1;94;94078;2;1;1.0;6.0;48,73040600;2,44691200;
202300002767.0;5;44;44143;2;1;8.0;6.0;47,18849190; -1,55138990;
202300002768.0;5;44;44109;2;-1;8.0;7.0;47,23002828; -1,51801308;
202300002769.0;1;94;94078;2;1;1.0;6.0;48,73081877;2,45912641;
202300002770.0;1;93;93029;2;1;1.0;3.0;48,92895100;2,45289200;
202300002771.0;2;44;44162;2;1;8.0;6.0;47,22221355; -1,63767922;
202300002772.0;2;94;94046;2;2;1.0;3.0;48,80284000;2,43411000;
202300002773.0;1;44;44162;2;6;8.0;6.0;47,23832964; -1,59582590;
202300002774.0;1;44;44109;2;1;1.0;7.0;47,23565091; -1,56888092;
202300002775.0;1;93;93027;2;2;2.0;3.0;48,92567000;2,39681000;
202300002776.0;1;44;44109;2;1;8.0;6.0;47,21828347; -1,60381851;
202300002777.0;1;94;94046;2;2;1.0;2.0;48,79752338;2,43322767;
202300002778.0;1;44;44109;1;1;8.0;2.0;47,19326425; -1,61347387;
202300002779.0;1;93;93027;2;1;8.0;6.0;48,92697998;2,39249906;
202300002780.0;1;44;44109;2;6;8.0;3.0;47,25409546; -1,57635070;
202300002781.0;2;94;94043;2;1;1.0;2.0;48,81228000;2,35723000;
202300002782.0;5;94;94076;2;1;1.0;7.0;48,79977400;2,36555100;
202300002783.0;5;44;44143;2;3;8.0;6.0;47,17766267; -1,56130978;
202300002784.0;5;93;93027;2;1;2.0;6.0;48,92140000;2,41148000;
202300002785.0;3;44;44162;2;3;1.0;1.0;47,21834978; -1,64748484;
202300002786.0;1;94;94081;2;2;1.0;3.0;48,77819000;2,39648000;
202300002787.0;5;44;44109;2;1;1.0;7.0;47,22527681; -1,53996691;
202300002788.0;1;93;93005;2;1;1.0;6.0;48,95261200;2,49750200;
202300002789.0;3;44;44162;1;1;8.0;3.0;47,20400000; -1,62300000;
202300002790.0;1;94;94073;1;1;1.0;2.0;48,75355800;2,37602100;
202300002791.0;2;44;44143;2;6;8.0;6.0;47,18854137; -1,57279846;
202300002792.0;1;94;94011;2;9;1.0;3.0;48,78259078;2,49450950;
202300002793.0;2;44;44109;1;2;8.0;3.0;47,22251686; -1,57217117;
202300002794.0;1;93;93005;2;2;1.0;3.0;48,92947000;2,48678000;
202300002795.0;1;93;93031;2;1;1.0;3.0;48,95779277;2,30967183;
202300002796.0;1;44;44143;2;3;8.0;2.0;47,17790435; -1,54427701;
202300002797.0;5;44;44190;2;1;8.0;3.0;47,19931095; -1,49825057;
202300002798.0;1;93;93027;2;1;1.0;6.0;48,92760672;2,39200749;
202300002799.0;1;74;74282;1;9;1.0;2.0;45,98767800;6,12765700;
202300002800.0;1;93;93005;2;9;1.0;3.0;48,93134100;2,48479200;
202300002801.0;1;93;93014;2;1;1.0;3.0;48,89752970;2,53338926;
202300002802.0;1;74;74108;1;1;7.0;6.0;45,82898600;6,18834200;
202300002803.0;1;93;93007;2;1;1.0;6.0;48,95291114;2,44374043;
202300002804.0;1;74;74133;2;1;3.0;3.0;46,18333000;6,21660000;
202300002805.0;5;93;93027;2;6;2.0;6.0;48,92085900;2,41034000;
202300002806.0;3;74;74041;1;9;3.0;6.0;46,29848600;6,67420000;
202300002807.0;1;93;93007;2;2;1.0;3.0;48,94015807;2,46248309;
202300002808.0;3;74;74128;1;1;2.0;6.0;46,15738400;6,34769400;
202300002809.0;1;92;92072;2;2;8.0;3.0;48,82585161;2,20270112;
202300002810.0;1;92;92051;2;2;7.0;3.0;48,87889000;2,27076000;
202300002811.0;1;74;74159;1;1;2.0;1.0;46,01027500;6,62657400;
202300002812.0;1;92;92020;2;1;1.0;6.0;48,80586800;2,29185600;
202300002813.0;1;92;92064;2;1;1.0;3.0;48,85461665;2,22274728;
202300002814.0;4;74;74191;2;1;9.0;1.0;46,18722100;6,69243300;
202300002815.0;2;74;74105;2;2;1.0;6.0;46,30575000;6,30138900;
202300002816.0;5;92;92020;2;2;1.0;1.0;48,80400000;2,29780000;
202300002817.0;5;74;74112;1;3;2.0;6.0;45,93816900;6,07416300;
202300002818.0;1;92;92063;2;1;2.0;2.0;48,85850000;2,19142000;
202300002819.0;1;74;74026;1;1;1.0;7.0;45,97062300;6,04992100;
202300002820.0;1;92;92020;2;6;1.0;3.0;48,80231600;2,29682600;
202300002821.0;5;74;74123;2;1;2.0;6.0;45,74593500;6,29510200;
202300002822.0;1;92;92025;2;1;1.0;3.0;48,93090600;2,25520100;
202300002823.0;3;74;74044;1;1;8.0;6.0;46,15010056;6,15113708;
202300002824.0;5;92;92050;2;2;1.0;3.0;48,89471000;2,19269000;
202300002825.0;5;74;74042;1;9;8.0;5.0;46,06898702;6,44443651;
202300002826.0;1;92;92004;2;1;1.0;5.0;48,90927000;2,29360000;
202300002827.0;1;35;35176;2;3;1.0;3.0;47,82545200; -1,85398600;
202300002828.0;1;92;92004;2;1;1.0;2.0;48,91146000;2,29861000;
202300002829.0;5;92;92020;2;1;2.0;6.0;48,80769700;2,29479700;
202300002830.0;3;62;62203;1;2;3.0;3.0;50,84627200;1,90318800;
202300002831.0;1;76;76517;1;9;1.0;4.0;49,50470100;1,17755400;
202300002832.0;1;22;22391;1;1;8.0;1.0;48,32268521; -2,16644883;
202300002833.0;4;92;92049;2;2;2.0;6.0;48,81751822;2,32557714;
202300002834.0;1;44;44162;2;1;1.0;6.0;47,24184924; -1,59976932;
202300002835.0;1;22;22237;1;1;9.0;6.0;48,52463400; -2,25934300;
202300002836.0;1;44;44109;2;1;8.0;6.0;47,23143063; -1,53822899;
202300002837.0;5;44;44109;2;2;1.0;3.0;47,19381511; -1,53566195;
202300002838.0;3;33;33166;2;2;1.0;2.0;45,06051000; -0,03066300;
202300002839.0;1;92;92036;2;1;1.0;2.0;48,93040000;2,30122000;
202300002840.0;1;44;44109;2;3;8.0;1.0;47,19777363; -1,54238820;
202300002841.0;1;06;06161;2;1;1.0;3.0;43,65477200;7,12505000;
202300002842.0;2;44;44109;2;2;1.0;6.0;47,22461592; -1,54666109;
202300002843.0;1;92;92035;2;1;1.0;3.0;48,90596534;2,23896325;
202300002844.0;2;44;44109;2;2;8.0;3.0;47,21329053; -1,55442805;
202300002845.0;1;49;49092;1;3;1.0;3.0;47,16515100; -0,75371100;
202300002846.0;1;44;44109;2;1;8.0;7.0;47,21220577; -1,56509438;
202300002847.0;1;44;44109;2;1;8.0;6.0;47,22849505; -1,57128766;
202300002848.0;1;974;97412;2;1;1.0;6.0; -21,37184500;55,58476000;
202300002849.0;1;44;44190;2;3;8.0;6.0;47,18838198; -1,49852454;
202300002850.0;1;92;92025;2;1;8.0;6.0;48,92286000;2,25538000;
202300002851.0;1;972;97227;1;1;1.0;1.0;14,46852100; -60,92336600;
202300002852.0;1;44;44109;2;6;8.0;3.0;47,21273421; -1,57170925;
202300002853.0;1;44;44109;2;1;8.0;3.0;47,20168532; -1,55390251;
202300002854.0;1;76;76616;1;1;1.0;3.0;49,52760400;0,23047700;
202300002855.0;3;93;93066;1;1;1.0;2.0;48,92195000;2,35990000;
202300002856.0;5;92;92025;2;3;1.0;3.0;48,91910800;2,25554200;
202300002857.0;1;01;01446;1;1;1.0;7.0;46,04018900;4,85971200;
202300002858.0;1;14;14027;1;1;1.0;7.0;49,00454700; -0,63180000;
202300002859.0;3;93;93007;1;1;1.0;1.0;48,91857885;2,47854047;
202300002860.0;3;92;92025;2;1;1.0;6.0;48,92997100;2,24586900;
202300002861.0;1;69;69382;2;1;2.0;2.0;45,73250407;4,81721373;
202300002862.0;1;15;15012;1;1;8.0;6.0;44,87754000;2,40880000;
202300002863.0;1;84;84025;1;2;1.0;3.0;43,87931200;5,15608500;
202300002864.0;1;85;85144;1;9;2.0;6.0;46,84410800; -1,12165700;
202300002865.0;1;92;92025;2;2;2.0;1.0;48,93430800;2,25585600;
202300002866.0;1;13;13211;1;1;1.0;6.0;43,29297841;5,47637741;
202300002867.0;1;44;44129;1;1;1.0;3.0;47,44339988; -2,08134592;
202300002868.0;3;13;13214;1;1;1.0;2.0;43,32836000;5,37825000;
202300002869.0;1;66;66050;2;9;1.0;6.0;42,75956400;2,94410900;
202300002870.0;1;92;92024;2;2;1.0;3.0;48,89995800;2,31438300;
202300002871.0;1;60;60577;1;1;1.0;1.0;49,46148600;1,76719000;
202300002872.0;1;30;30060;2;1;1.0;2.0;43,79955900;4,38691400;
202300002873.0;3;13;13106;1;1;1.0;2.0;43,38390643;5,35110591;
202300002874.0;1;57;57275;1;1;1.0;7.0;49,01907100;6,68393600;
202300002875.0;1;13;13203;1;1;1.0;2.0;43,31900000;5,36800000;
202300002876.0;1;80;80668;2;1;6.0;1.0;49,78700200;2,37942800;
202300002877.0;1;51;51027;1;9;1.0;1.0;49,03450900;4,69288800;
202300002878.0;1;18;18278;1;2;1.0;3.0;46,57022000;2,45585200;
202300002879.0;1;13;13071;1;1;1.0;3.0;43,39721579;5,28706226;
202300002880.0;1;60;60357;1;1;3.0;7.0;49,50045800;2,53917200;
202300002881.0;3;51;51388;1;1;1.0;6.0;49,15010700;4,39813600;
202300002882.0;1;16;16065;1;1;9.0;6.0;46,08315100;0,81626100;
202300002883.0;5;13;13212;1;1;1.0;2.0;43,30050000;5,42510000;
202300002884.0;1;56;56249;1;1;1.0;6.0;47,94247400; -2,41692500;
202300002885.0;1;07;07258;1;1;7.0;7.0;45,14658900;4,46533600;
202300002886.0;2;13;13088;1;1;1.0;2.0;43,38315000;5,22875000;
202300002887.0;1;47;47040;2;1;1.0;1.0;44,19738200;0,55897200;
202300002888.0;1;56;56008;1;1;1.0;6.0;47,61061900; -2,91474600;
202300002889.0;1;21;21414;1;1;7.0;7.0;47,14294900;4,50799400;
202300002890.0;3;93;93073;2;9;1.0;2.0;49,00326053;2,53684187;
202300002891.0;1;76;76197;1;1;1.0;5.0;49,77940700;1,07611300;
202300002892.0;1;44;44109;2;3;1.0;3.0;47,22399688; -1,58443897;
202300002893.0;1;21;21412;2;2;1.0;3.0;46,97174200;4,78682600;
202300002894.0;3;974;97404;1;1;1.0;6.0; -21,26505000;55,33977600;
202300002895.0;1;44;44143;2;6;1.0;6.0;47,15777302; -1,54161036;
202300002896.0;1;2A;2A271;2;1;1.0;6.0;41,95749200;8,80115400;
202300002897.0;1;24;24129;1;3;1.0;3.0;45,36521400;0,73408800;
202300002898.0;3;93;93051;1;1;1.0;3.0;48,83534000;2,56962000;
202300002899.0;1;26;26324;1;1;1.0;4.0;44,34748400;4,73794000;
202300002900.0;1;2A;2A271;1;3;1.0;6.0;41,95267772;8,78619321;
202300002901.0;3;85;85096;2;1;1.0;6.0;46,89426800; -1,84833200;
202300002902.0;3;93;93051;1;1;1.0;3.0;48,83627877;2,55459225;
202300002903.0;1;65;65153;1;1;1.0;7.0;43,23774700;0,20161600;
202300002904.0;1;2B;2B251;2;3;1.0;3.0;41,98982000;9,40172700;
202300002905.0;3;93;93051;1;1;6.0;7.0;48,83656000;2,54396000;
202300002906.0;1;2B;2B150;1;1;1.0;7.0;42,57323100;8,83065800;
202300002907.0;2;72;72260;1;1;2.0;2.0;47,95320200;0,22931800;
202300002908.0;1;17;17140;1;1;1.0;3.0;45,92458400; -1,23439000;
202300002909.0;3;44;44035;1;-1;8.0;3.0;47,25712133; -1,54665023;
202300002910.0;1;41;41184;1;1;1.0;6.0;47,66845400;0,90984300;
202300002911.0;1;82;82131;1;1;1.0;3.0;44,23074800;1,47376700;
202300002912.0;1;44;44109;2;9;8.0;6.0;47,21766530; -1,55904649;
202300002913.0;1;87;87154;1;2;7.0;3.0;45,86467200;0,89900100;
202300002914.0;1;38;38389;1;1;1.0;7.0;45,54430000;5,05956000;
202300002915.0;1;32;32190;2;3;1.0;3.0;43,79998800;0,22655000;
202300002916.0;5;44;44109;2;1;8.0;3.0;47,19452023; -1,53292799;
202300002917.0;1;30;30210;2;2;1.0;3.0;43,91100300;4,00068100;
202300002918.0;1;19;19229;1;1;1.0;2.0;45,16414200;1,45254500;
202300002919.0;2;44;44109;2;1;8.0;3.0;47,23022602; -1,48827211;
202300002920.0;2;48;48027;1;1;1.0;7.0;44,55427100;3,78796600;
202300002921.0;2;63;63179;1;1;2.0;1.0;45,62211900;3,72135000;
202300002922.0;2;44;44162;2;1;8.0;6.0;47,22960867; -1,60162490;
202300002923.0;3;51;51391;1;1;2.0;1.0;49,27470000;3,86817500;
202300002924.0;1;61;61210;1;4;1.0;3.0;48,68385200; -0,12295200;
202300002925.0;1;31;31255;1;2;1.0;3.0;43,04369000;0,59323200;
202300002926.0;1;19;19010;2;6;2.0;7.0;45,09093600;1,93265400;
202300002927.0;1;88;88319;2;1;1.0;3.0;48,37943200;6,91202000;
202300002928.0;1;55;55060;1;1;1.0;3.0;49,10464700;5,56858800;
202300002929.0;3;59;59337;1;1;8.0;1.0;50,81005700;2,29309600;
202300002930.0;1;88;88290;1;3;2.0;2.0;48,43836200;5,78306800;
202300002931.0;1;01;01067;1;1;1.0;1.0;46,12742600;5,50143600;
202300002932.0;2;49;49069;1;1;7.0;1.0;47,31015800; -1,27441900;
202300002933.0;4;88;88251;1;1;1.0;6.0;48,32350100;6,77161200;
202300002934.0;3;82;82127;1;1;1.0;6.0;44,16550600;1,11591700;
202300002935.0;1;35;35353;2;1;1.0;3.0;48,10492252; -1,74098700;
202300002936.0;1;12;12056;2;1;1.0;6.0;44,27676000;2,43027900;
202300002937.0;1;88;88320;2;1;7.0;6.0;48,28747300;7,00367700;
202300002938.0;5;65;65455;2;1;1.0;6.0;43,08324500;0,43966200;
202300002939.0;3;34;34223;1;1;1.0;1.0;43,42833300;3,22320000;
202300002940.0;1;13;13058;2;1;1.0;1.0;43,72085600;4,80539200;
202300002941.0;1;10;10220;1;1;2.0;4.0;48,50064000;3,79955300;
202300002942.0;1;44;44006;1;1;2.0;6.0;47,42942300; -2,38587300;
202300002943.0;1;28;28392;1;1;1.0;6.0;48,23473400;1,84956600;
202300002944.0;1;10;10224;2;2;1.0;3.0;48,40440600;3,72971900;
202300002945.0;1;65;65375;1;2;1.0;6.0;43,37288600;0,15384100;
202300002946.0;1;987;98722;2;1;1.0;6.0; -17,50951400; -149,48537700;
202300002947.0;1;35;35122;2;3;1.0;1.0;48,60443600; -1,89606400;
202300002948.0;1;34;34289;2;4;1.0;3.0;43,39418800;3,41146900;
202300002949.0;1;03;03093;1;1;1.0;2.0;46,18549200;3,46536400;
202300002950.0;1;93;93066;1;1;1.0;4.0;48,90900000;2,35809000;
202300002951.0;1;987;98729;1;1;1.0;3.0; -17,57700000; -150,20200000;
202300002952.0;2;33;33384;1;1;8.0;6.0;44,88753300; -0,12783900;
202300002953.0;1;70;70467;2;1;1.0;3.0;47,88284400;6,26752210;
202300002954.0;5;44;44162;2;6;1.0;3.0;47,22567404; -1,63539351;
202300002955.0;1;974;97408;1;1;1.0;7.0; -20,93068900;55,33111800;
202300002956.0;3;44;44162;2;1;1.0;6.0;47,23338909; -1,59461520;
202300002957.0;1;71;71014;2;1;7.0;6.0;46,95660500;4,30225500;
202300002958.0;1;26;26118;2;2;1.0;3.0;45,31693200;4,95471600;
202300002959.0;3;973;97311;1;1;1.0;5.0;5,55025200; -53,93691100;
202300002960.0;4;44;44109;2;6;1.0;3.0;47,22190912; -1,57879487;
202300002961.0;1;72;72253;2;9;1.0;1.0;47,89497100;0,05682800;
202300002962.0;1;61;61214;2;1;8.0;6.0;48,76582100;0,63170300;
202300002963.0;3;06;06150;1;1;1.0;7.0;43,72970500;7,39301300;
202300002964.0;2;44;44109;2;1;1.0;2.0;47,20737387; -1,58263480;
202300002965.0;1;33;33333;1;1;1.0;4.0;44,87572000; -1,04681300;
202300002966.0;4;44;44143;2;6;8.0;6.0;47,17300056; -1,55484931;
202300002967.0;1;42;42149;2;1;1.0;1.0;45,63970100;4,23497200;
202300002968.0;3;50;50464;1;1;1.0;7.0;49,00972600; -1,37858600;
202300002969.0;1;45;45051;2;1;1.0;6.0;47,82826800;2,38995600;
202300002970.0;1;10;10333;2;3;1.0;3.0;48,28495000;4,06710000;
202300002971.0;1;50;50158;1;1;1.0;3.0;48,72440600; -1,09867600;
202300002972.0;5;44;44069;1;1;2.0;1.0;47,34114200; -2,40736300;
202300002973.0;1;10;10333;2;2;1.0;1.0;48,28110000;4,04690000;
202300002974.0;1;60;60319;1;1;1.0;1.0;49,35036006;1,93523955;
202300002975.0;3;45;45039;2;3;1.0;1.0;47,79624200;2,38157600;
202300002976.0;2;45;45148;2;1;1.0;6.0;48,07148700;2,76399300;
202300002977.0;3;29;29174;2;1;1.0;6.0;47,90307700; -4,28453400;
202300002978.0;5;44;44109;2;3;8.0;6.0;47,20672728; -1,53969386;
202300002979.0;2;02;02232;1;1;8.0;7.0;49,18931500;2,98411300;
202300002980.0;1;10;10081;2;1;8.0;3.0;48,31500000;4,06078000;
202300002981.0;1;45;45316;1;1;1.0;1.0;47,93496100;2,34673700;
202300002982.0;1;18;18126;1;1;1.0;5.0;46,93445500;2,40226100;
202300002983.0;1;44;44109;2;1;1.0;6.0;47,21648120; -1,54681060;
202300002984.0;1;66;66222;2;1;1.0;6.0;42,54912100;2,38534700;
202300002985.0;2;36;36120;1;1;1.0;6.0;46,68971218;1,89512014;
202300002986.0;1;44;44114;2;1;1.0;2.0;47,24527050; -1,58123304;
202300002987.0;1;36;36140;1;1;1.0;7.0;46,87926500;1,83455900;
202300002988.0;1;91;91461;1;9;1.0;3.0;48,59385300;2,21253300;
202300002989.0;1;72;72381;2;1;1.0;7.0;47,94423100;0,11168100;
202300002990.0;2;44;44162;2;6;1.0;6.0;47,22949926; -1,63390338;
202300002991.0;1;53;53043;1;1;1.0;7.0;48,16303700; -0,54292200;
202300002992.0;1;44;44143;2;1;1.0;7.0;47,18658072; -1,55722553;
202300002993.0;2;91;91587;1;1;1.0;6.0;48,68862000;2,28631000;
202300002994.0;2;24;24067;1;1;1.0;6.0;44,93372700;0,91418300;
202300002995.0;3;60;60030;1;1;2.0;5.0;49,36773100;2,10594200;
202300002996.0;1;44;44162;2;3;8.0;6.0;47,22248552; -1,66763614;
202300002997.0;3;24;24481;1;1;1.0;6.0;45,48131400;0,99820600;
202300002998.0;1;44;44109;1;6;8.0;6.0;47,22107017; -1,60239260;
202300002999.0;1;66;66140;1;1;1.0;1.0;42,69307300;2,75731400;
202300003000.0;2;04;04233;1;1;1.0;7.0;44,27581100;5,93244600;
202300003001.0;1;18;18270;1;1;1.0;3.0;46,76084100;2,37888300;
202300003002.0;1;66;66037;2;1;1.0;3.0;42,70150063;3,01425040;
202300003003.0;1;36;36016;2;1;1.0;6.0;46,55046300;1,15666800;
202300003004.0;1;04;04008;1;1;2.0;1.0;43,94521800;6,68948300;
202300003005.0;1;44;44109;1;1;1.0;2.0;47,19224239; -1,61349714;
202300003006.0;3;84;84068;2;1;1.0;6.0;43,76748300;5,37019000;
202300003007.0;1;07;07343;1;6;1.0;6.0;44,54100500;4,35114400;
202300003008.0;1;85;85246;1;2;1.0;3.0;46,71562800; -1,24192700;
202300003009.0;2;44;44109;2;1;1.0;3.0;47,27682103; -1,51227741;
202300003010.0;1;84;84054;1;1;1.0;6.0;43,88382000;5,04113700;
202300003011.0;2;44;44109;2;1;1.0;7.0;47,21398575; -1,55315757;
202300003012.0;2;85;85146;1;1;1.0;6.0;47,01601200; -1,35956900;
202300003013.0;3;17;17032;1;1;9.0;7.0;46,05074800; -0,95828900;
202300003014.0;1;44;44109;2;2;8.0;3.0;47,20572266; -1,54879645;
202300003015.0;3;84;84141;2;1;1.0;1.0;43,97041100;4,89629700;
202300003016.0;1;37;37033;1;1;7.0;1.0;46,83719942;0,89757442;
202300003017.0;1;44;44109;2;1;8.0;7.0;47,19624216; -1,53058731;
202300003018.0;1;30;30227;2;1;1.0;2.0;44,26058000;4,19808100;
202300003019.0;1;17;17448;1;2;1.0;3.0;45,97753900; -0,75296000;
202300003020.0;1;83;83042;2;3;1.0;1.0;43,25021200;6,52449000;
202300003021.0;5;44;44162;2;1;8.0;3.0;47,24410805; -1,60646591;
202300003022.0;1;48;48128;1;1;1.0;7.0;44,75348400;3,28324900;
202300003023.0;2;31;31341;1;1;1.0;6.0;43,72703800;1,24964700;
202300003024.0;1;87;87017;1;9;2.0;3.0;46,13205100;1,08622000;
202300003025.0;1;92;92040;2;3;1.0;3.0;48,83153835;2,26721272;
202300003026.0;5;83;83099;2;2;1.0;3.0;43,45284100;6,69131200;
202300003027.0;1;74;74014;1;1;2.0;3.0;46,04668200;6,61685900;
202300003028.0;3;13;13071;1;1;1.0;2.0;43,39055000;5,30239000;
202300003029.0;3;30;30061;1;1;1.0;6.0;43,90677459;4,27398205;
202300003030.0;1;44;44109;2;6;8.0;3.0;47,21160702; -1,57666300;
202300003031.0;1;06;06134;2;1;1.0;6.0;43,76619300;6,65128800;
202300003032.0;1;66;66172;2;1;1.0;6.0;42,71548000;2,84924600;
202300003033.0;1;44;44143;1;1;1.0;2.0;47,15919636; -1,54560624;
202300003034.0;3;06;06058;1;1;1.0;7.0;43,73944500;6,76785700;
202300003035.0;1;80;80695;1;1;1.0;2.0;50,02871000;2,89326700;
202300003036.0;3;44;44215;1;1;8.0;6.0;47,18218420; -1,50147447;
202300003037.0;1;10;10256;1;1;8.0;6.0;48,44084423;4,15622617;
202300003038.0;1;05;05063;1;1;1.0;6.0;45,04242700;6,27146800;
202300003039.0;1;974;97418;2;1;1.0;2.0; -20,90965800;55,50970000;
202300003040.0;1;44;44109;2;2;8.0;6.0;47,22893630; -1,56216324;
202300003041.0;4;971;97103;1;1;1.0;7.0;16,25437700; -61,55231400;
202300003042.0;1;44;44143;2;6;8.0;2.0;47,19261660; -1,55450345;
202300003043.0;3;13;13040;1;1;1.0;1.0;43,47906700;5,55934500;
202300003044.0;3;988;98808;1;1;1.0;6.0; -21,27843300;165,61557100;
202300003045.0;1;44;44114;2;1;8.0;2.0;47,24710310; -1,60589084;
202300003046.0;3;13;13066;1;1;1.0;1.0;43,88567600;4,91284100;
202300003047.0;1;95;95040;1;1;1.0;6.0;49,11560117;1,86832488;
202300003048.0;1;44;44109;2;1;8.0;3.0;47,23863287; -1,53202195;
202300003049.0;1;38;38215;2;1;1.0;7.0;45,60592600;4,96193400;
202300003050.0;3;91;91041;1;1;1.0;2.0;48,56161300;2,22687700;
202300003051.0;1;44;44143;2;1;8.0;7.0;47,17117585; -1,54329928;
202300003052.0;3;971;97117;1;1;1.0;6.0;16,33486800; -61,37860900;
202300003053.0;1;2B;2B084;1;1;1.0;7.0;42,56721400;8,88311100;
202300003054.0;1;44;44109;2;6;8.0;6.0;47,27481230; -1,51388542;
202300003055.0;1;01;01142;2;6;7.0;3.0;45,84612900;5,06556100;
202300003056.0;1;44;44109;2;6;1.0;7.0;47,24483254; -1,56136558;
202300003057.0;1;66;66171;2;1;1.0;2.0;42,63633320;3,00003737;
202300003058.0;3;84;84105;1;1;1.0;1.0;43,87203100;5,44991600;
202300003059.0;1;69;69178;2;1;1.0;1.0;45,70533600;4,44915700;
202300003060.0;2;44;44109;2;1;8.0;6.0;47,21178393; -1,55626159;
202300003061.0;1;30;30258;2;1;1.0;3.0;43,68289500;4,43722700;
202300003062.0;5;44;44109;2;1;8.0;3.0;47,23022271; -1,56325373;
202300003063.0;1;13;13030;1;1;1.0;2.0;43,27258100;5,68807500;
202300003064.0;1;81;81105;2;3;1.0;6.0;43,76499550;1,99520760;
202300003065.0;1;44;44109;2;1;8.0;6.0;47,23373837; -1,53610223;
202300003066.0;1;84;84049;1;9;1.0;3.0;44,16689100;4,96857200;
202300003067.0;1;65;65059;2;1;1.0;2.0;43,06926400;0,15577200;
202300003068.0;5;13;13041;2;3;1.0;3.0;43,45577700;5,48520100;
202300003069.0;1;44;44109;2;1;1.0;2.0;47,21225865; -1,52904336;
202300003070.0;1;31;31395;2;1;1.0;6.0;43,47507400;1,32295700;
202300003071.0;1;44;44109;2;1;8.0;7.0;47,22680474; -1,58532845;
202300003072.0;1;71;71150;2;3;8.0;2.0;46,24146100;4,78706200;
202300003073.0;1;58;58160;2;1;3.0;7.0;46,97102900;3,11556800;
202300003074.0;1;44;44109;2;1;8.0;6.0;47,20165161; -1,55388910;
202300003075.0;1;68;68247;1;1;1.0;7.0;47,94392500;7,01935700;
202300003076.0;5;33;33042;2;1;1.0;6.0;44,51087200; -0,79065600;
202300003077.0;1;44;44109;2;6;8.0;3.0;47,18768145; -1,52037935;
202300003078.0;2;57;57242;1;1;1.0;6.0;49,27598490;6,14397797;
202300003079.0;4;49;49332;1;9;1.0;7.0;47,10536760; -0,95367317;
202300003080.0;1;44;44020;2;6;8.0;7.0;47,18685922; -1,59773162;
202300003081.0;3;81;81038;1;6;1.0;6.0;43,87636900;1,90754400;
202300003082.0;1;67;67118;2;2;1.0;5.0;48,58047600;7,68701300;
202300003083.0;5;44;44190;2;6;8.0;3.0;47,20953615; -1,50969990;
202300003084.0;1;65;65168;1;1;1.0;6.0;42,88535900; -0,01605000;
202300003085.0;2;49;49020;1;9;1.0;7.0;47,46832200; -0,62254600;
202300003086.0;1;44;44162;2;1;8.0;6.0;47,21579880; -1,60531607;
202300003087.0;2;54;54437;1;1;1.0;1.0;48,55228219;6,15912437;
202300003088.0;1;44;44114;2;1;1.0;2.0;47,24816655; -1,60424029;
202300003089.0;1;17;17058;2;3;1.0;3.0;45,85042300; -1,15342000;
202300003090.0;1;22;22054;1;2;1.0;3.0;48,60023600; -2,46173700;
202300003091.0;1;14;14754;1;1;1.0;7.0;49,29425400;0,01876400;
202300003092.0;1;73;73179;1;1;1.0;5.0;45,63526024;5,87237692;
202300003093.0;1;80;80561;2;1;1.0;7.0;49,65529400;2,57024300;
202300003094.0;1;33;33530;2;9;1.0;5.0;45,10224400; -0,54100200;
202300003095.0;1;44;44109;2;2;1.0;3.0;47,22842837; -1,52626834;
202300003096.0;1;85;85092;2;3;1.0;3.0;46,46659200; -0,80757000;
202300003097.0;1;44;44109;2;6;8.0;7.0;47,19705341; -1,54011151;
202300003098.0;1;50;50041;2;1;1.0;6.0;49,70106500; -1,84102500;
202300003099.0;5;33;33236;2;2;1.0;3.0;44,79060700; -1,13910200;
202300003100.0;1;13;13015;1;1;1.0;3.0;43,43030000;5,39070000;
202300003101.0;1;56;56167;1;1;1.0;4.0;47,66491000; -2,89894200;
202300003102.0;2;44;44020;1;1;3.0;6.0;47,18173791; -1,60630591;