Num_Acc;lum;departement;commune;agglomeration;intersection;meteo;type_collision;lat;long;date
202300003103.0;1;13;13071;1;1;1.0;2.0;43,41163000;5,28306000;
202300003104.0;1;22;22179;1;1;1.0;7.0;48,64252900; -2,39177900;
202300003105.0;1;44;44114;2;1;8.0;6.0;47,24596029; -1,60300259;
202300003106.0;1;13;13081;1;1;1.0;3.0;43,48638000;5,24068000;
202300003107.0;1;22;22242;1;1;1.0;3.0;48,59860700; -2,42559700;
202300003108.0;1;44;44143;2;1;8.0;6.0;47,19385482; -1,54680702;
202300003109.0;1;62;62274;1;1;1.0;7.0;50,42741000;2,99112000;
202300003110.0;1;44;44162;2;6;8.0;7.0;47,21731467; -1,61206237;
202300003111.0;1;22;22081;1;3;1.0;3.0;48,48512600; -2,65399800;
202300003112.0;1;91;91553;1;1;1.0;2.0;48,63151000;2,50272400;
202300003113.0;1;44;44190;2;1;1.0;3.0;47,19532597; -1,49391074;
202300003114.0;3;91;91471;1;1;1.0;7.0;48,70143000;2,19278000;
202300003115.0;1;60;60589;1;6;1.0;5.0;49,22066600;2,46714900;
202300003116.0;1;44;44109;2;3;8.0;3.0;47,21943029; -1,53478702;
202300003117.0;1;94;94038;1;1;1.0;3.0;48,78126141;2,34641715;
202300003118.0;1;60;60487;1;1;1.0;7.0;49,20561900;1,72449400;
202300003119.0;1;44;44184;2;3;8.0;3.0;47,25578319; -2,27127791;
202300003120.0;5;59;59249;2;1;1.0;7.0;50,01092100;4,04429100;
202300003121.0;1;92;92047;1;1;1.0;4.0;48,83397544;2,16646875;
202300003122.0;1;44;44109;2;1;1.0;2.0;47,22591658; -1,55967262;
202300003123.0;1;59;59416;2;1;7.0;3.0;50,68931400;2,51197500;
202300003124.0;1;44;44109;2;1;8.0;3.0;47,23331190; -1,56584948;
202300003125.0;1;13;13071;1;1;1.0;3.0;43,41276369;5,28156774;
202300003126.0;1;44;44109;2;1;1.0;3.0;47,25840765; -1,51722206;
202300003127.0;3;78;78402;1;1;1.0;5.0;48,96396000;1,78224000;
202300003128.0;1;83;83144;1;2;1.0;3.0;43,14204295;6,00614617;
202300003129.0;1;39;39441;1;1;1.0;7.0;46,41919600;6,06010900;
202300003130.0;2;78;78242;1;1;1.0;2.0;48,80770300;2,05285800;
202300003131.0;1;69;69204;1;1;1.0;5.0;45,68404000;4,80436000;
202300003132.0;1;17;17283;1;2;1.0;3.0;45,57311400; -0,58440000;
202300003133.0;1;95;95582;1;1;1.0;6.0;48,97957000;2,24105000;
202300003134.0;1;44;44109;2;6;1.0;6.0;47,20663467; -1,53381318;
202300003135.0;1;93;93064;1;1;1.0;6.0;48,88654000;2,48272000;
202300003136.0;1;59;59128;1;1;1.0;6.0;50,64749000;2,97386000;
202300003137.0;3;93;93078;1;1;1.0;6.0;48,95843000;2,53220000;
202300003138.0;1;59;59234;1;1;1.0;6.0;50,40410133;3,04635858;
202300003139.0;1;44;44184;2;2;8.0;3.0;47,26933144; -2,22837657;
202300003140.0;1;44;44109;2;1;8.0;7.0;47,23528940; -1,56760163;
202300003141.0;4;59;59360;1;1;1.0;6.0;50,62120001;3,01722068;
202300003142.0;1;93;93053;1;1;1.0;3.0;48,89911818;2,46954739;
202300003143.0;1;91;91216;1;1;1.0;3.0;48,68207000;2,32990000;
202300003144.0;1;93;93066;1;1;1.0;5.0;48,92014931;2,35751688;
202300003145.0;1;92;92036;1;1;1.0;2.0;48,93540166;2,26544968;
202300003146.0;1;44;44184;2;6;8.0;3.0;47,25720953; -2,26960302;
202300003147.0;1;93;93066;1;1;1.0;2.0;48,91936344;2,35754643;
202300003148.0;1;92;92064;1;1;1.0;2.0;48,83908200;2,21705493;
202300003149.0;1;92;92072;1;1;1.0;3.0;48,81757294;2,21630638;
202300003150.0;1;94;94017;1;1;1.0;3.0;48,83036016;2,49447745;
202300003151.0;1;93;93010;1;1;1.0;7.0;48,90496696;2,47168528;
202300003152.0;1;14;14366;2;1;1.0;6.0;49,13232400;0,22562200;
202300003153.0;1;93;93006;1;1;1.0;2.0;48,86690246;2,42530058;
202300003154.0;1;26;26198;2;6;1.0;6.0;44,55534000;4,75880000;
202300003155.0;1;92;92036;1;1;1.0;2.0;48,93911152;2,30488793;
202300003156.0;1;94;94044;2;1;1.0;6.0;48,74008600;2,48871600;
202300003157.0;1;95;95582;1;1;1.0;3.0;48,96722733;2,25396317;
202300003158.0;1;94;94074;2;1;1.0;3.0;48,76796000;2,44099000;
202300003159.0;1;93;93005;1;1;1.0;2.0;48,92880000;2,48155000;
202300003160.0;1;95;95365;1;1;1.0;6.0;49,05856000;2,41969000;
202300003161.0;1;95;95306;1;1;1.0;5.0;49,00261000;2,17018000;
202300003162.0;1;94;94046;2;1;1.0;3.0;48,80451760;2,43789263;
202300003163.0;1;95;95572;1;1;1.0;6.0;49,03244000;2,11163000;
202300003164.0;1;77;77363;1;1;1.0;6.0;48,92971012;2,62822378;
202300003165.0;1;94;94022;2;3;1.0;3.0;48,77388047;2,39939904;
202300003166.0;3;974;97416;1;9;1.0;6.0; -21,29231000;55,51264000;
202300003167.0;1;974;97416;2;1;1.0;6.0; -21,33031400;55,46892400;
202300003168.0;5;974;97411;2;1;1.0;6.0; -20,87290000;55,44760000;
202300003169.0;5;94;94022;2;9;1.0;3.0;48,76055000;2,40811000;
202300003170.0;5;94;94079;2;6;1.0;6.0;48,82612828;2,55773132;
202300003171.0;5;974;97411;2;3;1.0;7.0; -20,89434193;55,50003827;
202300003172.0;5;974;97407;2;1;1.0;6.0; -20,94181000;55,29298000;
202300003173.0;1;92;92019;2;2;1.0;3.0;48,76479000;2,25996000;
202300003174.0;3;974;97416;1;1;1.0;6.0; -21,33126000;55,46750000;
202300003175.0;1;973;97302;2;1;1.0;3.0;4,93035202; -52,30482924;
202300003176.0;1;973;97302;2;1;3.0;7.0;4,92254026; -52,32331279;
202300003177.0;5;974;97411;2;3;1.0;7.0; -20,89127000;55,48499000;
202300003178.0;1;972;97213;1;6;1.0;3.0;14,64063000; -60,99184000;
202300003179.0;5;972;97213;1;1;1.0;6.0;14,64477100; -61,01016800;
202300003180.0;1;974;97407;1;2;1.0;3.0; -20,94866000;55,29982000;
202300003181.0;1;972;97209;1;1;1.0;2.0;14,60500000; -61,08700000;
202300003182.0;1;69;69384;2;1;1.0;3.0;45,77725956;4,83221617;
202300003183.0;3;971;97113;1;1;2.0;3.0;16,21795000; -61,49896000;
202300003184.0;1;972;97209;2;3;8.0;6.0;14,62677000; -61,05973000;
202300003185.0;1;971;97113;1;9;2.0;4.0;16,21340000; -61,42487000;
202300003186.0;1;974;97416;2;1;1.0;6.0; -21,30711000;55,49094000;
202300003187.0;2;2A;2A004;2;6;1.0;3.0;41,94173158;8,74845386;
202300003188.0;5;974;97409;2;1;1.0;6.0; -20,93764637;55,64671755;
202300003189.0;1;95;95197;2;1;1.0;3.0;48,96699000;2,31753000;
202300003190.0;1;973;97302;2;1;1.0;7.0;4,94044106; -52,30196536;
202300003191.0;1;95;95176;2;2;1.0;3.0;48,96095800;2,18966900;
202300003192.0;1;69;69386;2;4;1.0;3.0;45,77004000;4,85700000;
202300003193.0;1;91;91432;2;3;1.0;3.0;48,69535000;2,33303000;
202300003194.0;5;972;97209;2;1;2.0;7.0;14,61985380; -61,06757730;
202300003195.0;1;83;83062;2;1;1.0;1.0;43,12891000;6,01950000;
202300003196.0;1;95;95268;2;1;1.0;2.0;48,97587700;2,39619200;
202300003197.0;2;91;91223;2;1;1.0;7.0;48,43268000;2,16822000;
202300003198.0;1;83;83126;2;3;1.0;3.0;43,08409129;5,88142276;
202300003199.0;1;83;83129;2;1;1.0;5.0;43,08876000;5,81021000;
202300003200.0;3;77;77186;1;1;1.0;1.0;48,47833000;2,74370000;
202300003201.0;2;78;78650;2;2;7.0;3.0;48,89792000;2,11398000;
202300003202.0;1;77;77156;2;1;1.0;3.0;48,27060500;2,72938000;
202300003203.0;1;77;77305;2;1;1.0;6.0;48,38471500;2,95421600;
202300003204.0;5;69;69286;2;1;1.0;6.0;45,81993000;4,90794000;
202300003205.0;1;74;74298;2;1;1.0;4.0;46,18733000;6,27162000;
202300003206.0;5;69;69266;2;3;1.0;2.0;45,77281000;4,85973000;
202300003207.0;3;72;72181;2;1;1.0;2.0;47,96271000;0,17708000;
202300003208.0;2;69;69259;2;1;1.0;3.0;45,70821000;4,87176000;
202300003209.0;1;72;72181;2;1;1.0;6.0;47,95752000;0,20809000;
202300003210.0;1;69;69029;2;1;1.0;6.0;45,73014591;4,89081134;
202300003211.0;1;71;71076;2;3;1.0;3.0;46,77533290;4,84595462;
202300003212.0;5;59;59512;2;2;1.0;3.0;50,67385000;3,19307000;
202300003213.0;1;69;69282;2;2;1.0;6.0;45,76393000;5,00526000;
202300003214.0;1;54;54096;1;1;1.0;7.0;49,44703000;5,89307000;
202300003215.0;5;69;69199;2;1;1.0;1.0;45,71309095;4,85695016;
202300003216.0;1;66;66136;1;6;1.0;3.0;42,67361000;2,88801000;
202300003217.0;1;45;45147;2;7;1.0;3.0;47,93436000;1,90332000;
202300003218.0;1;64;64140;2;2;1.0;1.0;43,52795000; -1,47439000;
202300003219.0;1;45;45234;2;1;1.0;6.0;47,90098000;1,89333000;
202300003220.0;1;63;63113;2;1;1.0;6.0;45,79067000;3,10788000;
202300003221.0;1;60;60057;2;1;1.0;6.0;49,43207022;2,10149789;
202300003222.0;5;45;45147;2;2;1.0;3.0;47,92736000;1,92493000;
202300003223.0;2;55;55545;2;4;1.0;3.0;49,15364271;5,35715058;
202300003224.0;1;37;37261;2;2;1.0;6.0;47,38661000;0,70236000;
202300003225.0;1;55;55545;2;1;1.0;6.0;49,13249000;5,30400000;
202300003226.0;2;33;33529;1;1;1.0;2.0;44,58424000; -1,20971000;
202300003227.0;1;54;54528;2;3;1.0;3.0;48,68709000;5,89530000;
202300003228.0;1;31;31555;2;1;1.0;2.0;43,57664000;1,44852000;
202300003229.0;3;52;52121;2;1;1.0;6.0;48,10046000;5,14119000;
202300003230.0;2;31;31555;2;1;1.0;4.0;43,59305000;1,39837000;
202300003231.0;1;51;51454;2;2;1.0;3.0;49,26164000;4,05105000;
202300003232.0;3;31;31565;1;1;1.0;2.0;43,09240000;0,67946000;
202300003233.0;1;51;51454;2;1;1.0;4.0;49,26051000;4,00898000;
202300003234.0;1;17;17306;2;1;1.0;6.0;45,62596800; -1,03516300;
202300003235.0;1;45;45004;1;1;1.0;4.0;47,96946000;2,72815000;
202300003236.0;1;13;13117;1;1;1.0;5.0;43,44488063;5,29863327;
202300003237.0;1;43;43041;2;4;1.0;3.0;45,03535000;3,93564000;
202300003238.0;5;13;13213;2;1;1.0;1.0;43,34047000;5,42511000;
202300003239.0;1;42;42218;2;3;1.0;2.0;45,46948000;4,40513000;
202300003240.0;5;13;13207;2;1;1.0;6.0;43,27662536;5,35785662;
202300003241.0;1;34;34032;1;1;1.0;1.0;43,34638000;3,15300000;
202300003242.0;1;13;13202;2;1;1.0;2.0;43,30556000;5,36755000;
202300003243.0;1;33;33009;2;1;1.0;6.0;44,64546521; -1,18664682;
202300003244.0;5;29;29019;2;1;1.0;6.0;48,38269000; -4,49183000;
202300003245.0;1;13;13215;2;1;1.0;3.0;43,34633000;5,36609000;
202300003246.0;1;07;07316;1;9;1.0;6.0;44,88351000;4,85051000;
202300003247.0;1;28;28134;2;3;7.0;3.0;48,72590000;1,37343000;
202300003248.0;5;06;06088;2;2;1.0;3.0;43,70593100;7,28296500;
202300003249.0;5;25;25462;2;3;1.0;3.0;46,90701000;6,35350000;
202300003250.0;1;25;25204;2;2;1.0;3.0;46,92223000;6,34450000;
202300003251.0;5;75;75113;2;2;1.0;3.0;48,82618800;2,35729400;
202300003252.0;1;974;97416;2;1;1.0;3.0; -21,33009000;55,47567000;
202300003253.0;1;19;19275;1;1;1.0;1.0;45,52993778;2,29736129;
202300003254.0;1;14;14220;2;1;1.0;1.0;49,34880200;0,07815600;
202300003255.0;1;974;97411;1;3;1.0;3.0; -20,89595000;55,46581000;
202300003256.0;1;14;14333;1;1;1.0;3.0;49,42853000;0,27367000;
202300003257.0;1;973;97302;2;3;9.0;7.0;4,92771000; -52,29168000;
202300003258.0;1;13;13215;2;2;1.0;6.0;43,34253332;5,35962152;
202300003259.0;1;973;97302;2;1;1.0;3.0;4,93498610; -52,32736185;
202300003260.0;1;13;13203;2;3;1.0;1.0;43,31660826;5,37419105;
202300003261.0;1;69;69388;2;2;1.0;2.0;45,73148000;4,87388000;
202300003262.0;1;11;11069;2;1;1.0;1.0;43,20521000;2,37115000;
202300003263.0;2;69;69387;2;1;1.0;6.0;45,72660649;4,82535218;
202300003264.0;1;10;10333;2;1;1.0;3.0;48,28272000;4,06024000;
202300003265.0;1;06;06069;2;4;1.0;1.0;43,65615800;6,92897500;
202300003266.0;1;69;69383;2;2;1.0;3.0;45,74538000;4,88773000;
202300003267.0;3;06;06004;2;9;1.0;7.0;43,58742000;7,11093000;
202300003268.0;3;971;97101;1;1;2.0;1.0;16,26136000; -61,50533000;
202300003269.0;1;89;89024;2;1;1.0;6.0;47,80099000;3,56748000;
202300003270.0;1;75;75114;2;1;1.0;5.0;48,82038700;2,32444100;
202300003271.0;1;83;83137;2;1;1.0;6.0;43,12734000;5,91803000;
202300003272.0;1;75;75114;2;1;1.0;2.0;48,82027400;2,32439700;
202300003273.0;2;83;83009;1;1;1.0;5.0;43,15798644;5,76503134;
202300003274.0;1;75;75106;2;2;1.0;6.0;48,84897100;2,32873900;
202300003275.0;1;75;75120;2;1;1.0;3.0;48,86708800;2,39801400;
202300003276.0;3;77;77518;1;1;1.0;5.0;48,49221000;2,58078000;
202300003277.0;5;77;77016;1;3;1.0;3.0;48,22575000;2,70836000;
202300003278.0;1;75;75117;2;3;1.0;6.0;48,88968800;2,31668300;
202300003279.0;1;77;77014;2;2;1.0;6.0;48,41547000;2,72030000;
202300003280.0;3;77;77013;1;1;8.0;6.0;48,85144900;3,09031000;
202300003281.0;1;75;75114;2;2;1.0;3.0;48,81979600;2,32576100;
202300003282.0;5;76;76108;2;2;1.0;3.0;49,45648000;1,12275000;
202300003283.0;1;94;94080;2;9;1.0;3.0;48,84114000;2,43291000;
202300003284.0;1;94;94078;2;9;1.0;2.0;48,73350600;2,46207100;
202300003285.0;5;69;69266;2;6;1.0;3.0;45,78708414;4,88657367;
202300003286.0;5;64;64348;2;3;1.0;3.0;43,32084000; -0,37897000;
202300003287.0;1;94;94042;2;9;1.0;3.0;48,82010000;2,47448000;
202300003288.0;1;64;64024;2;3;1.0;3.0;43,48016000; -1,52077000;
202300003289.0;1;94;94037;1;1;1.0;6.0;48,81258000;2,34931000;
202300003290.0;5;62;62040;2;9;1.0;2.0;50,72702900;2,29347200;
202300003291.0;5;62;62617;2;1;1.0;3.0;50,48011000;2,66397000;
202300003292.0;5;94;94041;2;2;1.0;3.0;48,81928800;2,39258400;
202300003293.0;1;59;59599;2;3;8.0;1.0;50,73738085;3,18288356;
202300003294.0;5;59;59560;2;1;1.0;6.0;50,54742641;3,04002643;
202300003295.0;1;94;94034;2;2;1.0;3.0;48,76109200;2,31840700;
202300003296.0;5;59;59271;2;4;5.0;3.0;51,02213600;2,31388000;
202300003297.0;1;94;94011;2;3;1.0;3.0;48,76530306;2,47660589;
202300003298.0;1;56;56121;2;6;1.0;2.0;47,74521000; -3,36598000;
202300003299.0;3;54;54395;2;1;1.0;3.0;48,68626000;6,19360000;
202300003300.0;1;94;94028;2;1;1.0;4.0;48,77243000;2,43992000;
202300003301.0;5;54;54395;2;1;1.0;3.0;48,69293000;6,16764000;
202300003302.0;1;94;94073;2;3;1.0;3.0;48,75294000;2,38717000;
202300003303.0;5;49;49246;2;1;1.0;2.0;47,43622000; -0,51837000;
202300003304.0;3;94;94060;1;1;1.0;6.0;48,78970000;2,55960000;
202300003305.0;5;45;45338;2;1;1.0;6.0;47,99761000;2,71877000;
202300003306.0;1;94;94017;2;3;1.0;6.0;48,82041000;2,48526000;
202300003307.0;3;95;95582;1;1;1.0;7.0;48,96277555;2,26400971;
202300003308.0;5;43;43157;2;4;1.0;3.0;45,04017500;3,88828900;
202300003309.0;1;93;93001;1;1;2.0;6.0;48,92182484;2,37738132;
202300003310.0;1;93;93059;2;2;1.0;4.0;48,96652700;2,36614700;
202300003311.0;5;37;37233;2;1;1.0;3.0;47,37886000;0,71604000;
202300003312.0;1;93;93072;2;3;1.0;3.0;48,95948380;2,39865075;
202300003313.0;3;95;95018;1;1;1.0;4.0;48,96129000;2,26923000;
202300003314.0;1;37;37261;2;1;1.0;3.0;47,37641000;0,69647000;
202300003315.0;1;93;93064;2;6;1.0;2.0;48,87730355;2,47539173;
202300003316.0;1;37;37261;2;2;1.0;3.0;47,39282000;0,67236000;
202300003317.0;3;94;94081;1;1;1.0;3.0;48,77391529;2,40417896;
202300003318.0;1;93;93064;2;9;7.0;3.0;48,88470230;2,48308789;
202300003319.0;1;37;37261;2;1;1.0;3.0;47,38374000;0,71092000;
202300003320.0;1;94;94017;1;1;2.0;2.0;48,82648029;2,52228801;
202300003321.0;1;93;93064;2;1;1.0;1.0;48,87898274;2,47194555;
202300003322.0;1;94;94079;1;1;8.0;2.0;48,83529971;2,53838754;
202300003323.0;1;37;37261;2;6;1.0;2.0;47,38139000;0,70682000;
202300003324.0;1;93;93055;2;1;1.0;3.0;48,90361300;2,39206300;
202300003325.0;1;37;37261;2;3;1.0;2.0;47,36520000;0,69975000;
202300003326.0;3;94;94073;1;1;2.0;4.0;48,75591137;2,38351111;
202300003327.0;1;93;93050;2;9;1.0;5.0;48,85555100;2,52637800;
202300003328.0;1;33;33529;2;1;1.0;3.0;44,61174000; -1,11995000;
202300003329.0;1;93;93048;2;1;1.0;6.0;48,86855641;2,46065090;
202300003330.0;5;69;69383;2;5;1.0;6.0;45,75691431;4,85128121;
202300003331.0;1;28;28134;2;1;7.0;6.0;48,72553000;1,37149000;
202300003332.0;1;93;93072;2;2;1.0;6.0;48,95254000;2,38475000;
202300003333.0;5;22;22278;2;1;1.0;6.0;48,51668000; -2,77360000;
202300003334.0;1;69;69264;2;1;1.0;6.0;45,99096000;4,72532000;
202300003335.0;1;93;93027;2;1;1.0;3.0;48,92065944;2,38731484;
202300003336.0;1;22;22278;2;2;1.0;3.0;48,50488000; -2,75531000;
202300003337.0;5;69;69264;2;1;1.0;3.0;45,98386000;4,74721000;
202300003338.0;1;92;92063;2;1;1.0;2.0;48,88079843;2,18191338;
202300003339.0;3;22;22187;1;9;1.0;7.0;48,54129687; -2,82120252;
202300003340.0;1;92;92050;2;1;1.0;2.0;48,88562098;2,19627022;
202300003341.0;1;35;35238;2;1;1.0;6.0;48,09864000; -1,69709000;
202300003342.0;1;17;17274;2;1;1.0;3.0;46,16548000; -1,11881000;
202300003343.0;1;92;92044;2;2;1.0;3.0;48,89363946;2,29113668;
202300003344.0;5;13;13208;2;1;1.0;3.0;43,26576000;5,37972000;
202300003345.0;1;976;97611;2;1;1.0;3.0; -12,78062000;45,23122700;
202300003346.0;5;92;92040;2;9;1.0;3.0;48,81877345;2,24412274;
202300003347.0;1;13;13005;2;2;1.0;3.0;43,28924000;5,57250000;
202300003348.0;1;92;92035;2;9;7.0;3.0;48,90600025;2,23917603;
202300003349.0;1;974;97416;2;1;1.0;6.0; -21,28598000;55,46959000;
202300003350.0;5;13;13001;2;3;1.0;3.0;43,52714785;5,44360897;
202300003351.0;5;92;92026;2;2;1.0;3.0;48,89515000;2,24999000;
202300003352.0;1;974;97411;2;1;1.0;2.0; -20,89050000;55,45936000;
202300003353.0;1;06;06088;2;2;1.0;6.0;43,71380000;7,25879000;
202300003354.0;1;92;92025;2;9;1.0;3.0;48,92002000;2,25263000;
202300003355.0;5;06;06088;2;1;1.0;3.0;43,70306300;7,28818800;
202300003356.0;2;974;97411;2;1;1.0;3.0; -20,92254000;55,49480000;
202300003357.0;1;04;04112;2;1;1.0;6.0;43,83732000;5,78103000;
202300003358.0;1;92;92024;2;2;1.0;3.0;48,90848000;2,30028000;
202300003359.0;5;75;75119;2;1;1.0;6.0;48,89538500;2,39480200;
202300003360.0;3;11;11115;1;1;1.0;5.0;43,35332700;2,27551600;
202300003361.0;3;75;75116;2;1;1.0;3.0;48,85271400;2,25986500;
202300003362.0;1;973;97302;2;1;1.0;2.0;4,94013910; -52,31958210;
202300003363.0;1;50;50447;1;1;1.0;1.0;48,80770400; -1,50795900;
202300003364.0;2;75;75114;2;2;1.0;6.0;48,83052600;2,31926300;
202300003365.0;5;973;97302;1;9;1.0;7.0;4,92067000; -52,33003000;
202300003366.0;1;50;50616;1;1;1.0;1.0;48,66293500; -1,36591000;
202300003367.0;1;973;97302;2;3;1.0;3.0;4,92588563; -52,31504381;
202300003368.0;1;75;75110;2;2;8.0;3.0;48,87549800;2,35770300;
202300003369.0;5;56;56078;2;1;1.0;1.0;47,77230400; -3,52500700;
202300003370.0;1;69;69386;2;2;2.0;3.0;45,77168000;4,84678000;
202300003371.0;5;75;75108;2;2;1.0;2.0;48,87012300;2,30649700;
202300003372.0;1;77;77321;2;3;1.0;1.0;48,41496800;3,23410000;
202300003373.0;1;69;69381;2;3;1.0;6.0;45,76815000;4,83130000;
202300003374.0;1;69;69152;2;1;3.0;7.0;45,70944000;4,82128000;
202300003375.0;1;94;94078;2;4;8.0;3.0;48,73560000;2,44660000;
202300003376.0;1;76;76482;1;1;1.0;3.0;49,88783564;1,01360750;
202300003377.0;1;2B;2B033;2;1;2.0;6.0;42,69072935;9,44905758;
202300003378.0;5;94;94003;2;1;1.0;3.0;48,80610480;2,33737349;
202300003379.0;1;2B;2B252;1;1;7.0;7.0;42,43888200;9,45374600;
202300003380.0;1;94;94018;2;1;1.0;6.0;48,81834000;2,41121000;
202300003381.0;1;971;97101;1;1;1.0;1.0;16,27473000; -61,47257000;
202300003382.0;1;2B;2B346;1;6;7.0;3.0;42,50850500;9,47156100;
202300003383.0;5;92;92063;2;9;1.0;6.0;48,87999500;2,18370800;
202300003384.0;1;2B;2B152;2;9;1.0;1.0;42,88751300;9,47314400;
202300003385.0;1;971;97101;1;1;1.0;4.0;16,27488000; -61,50328000;
202300003386.0;1;92;92051;2;1;1.0;3.0;48,88868000;2,27748000;
202300003387.0;1;80;80373;2;2;1.0;3.0;49,98648300;1,55611000;
202300003388.0;1;09;09085;2;1;1.0;2.0;42,91743900;1,03069800;
202300003389.0;1;82;82018;1;1;1.0;6.0;44,09843400;1,50620500;
202300003390.0;5;2A;2A004;2;1;2.0;2.0;41,93094000;8,74029000;
202300003391.0;2;34;34242;1;1;1.0;6.0;43,77004000;3,94293300;
202300003392.0;1;71;71157;2;2;1.0;3.0;46,49306300;5,39039300;
202300003393.0;1;95;95598;2;6;2.0;7.0;48,99554400;2,30240300;
202300003394.0;1;35;35126;1;1;1.0;1.0;47,99545210; -1,79737700;
202300003395.0;3;49;49364;1;2;1.0;3.0;47,11519800; -0,19866400;
202300003396.0;1;01;01090;1;2;7.0;2.0;46,04610200;5,18419500;
202300003397.0;1;47;47196;2;1;1.0;6.0;44,32086815;0,34329505;
202300003398.0;1;33;33327;2;1;1.0;1.0;44,65556600; -0,36622300;
202300003399.0;1;22;22258;1;1;1.0;2.0;48,42846400; -2,63181600;
202300003400.0;1;71;71105;1;1;1.0;2.0;46,31321494;4,79571193;
202300003401.0;3;89;89387;1;1;6.0;6.0;48,17077000;3,27672000;
202300003402.0;1;44;44211;2;6;2.0;3.0;47,35096300; -2,50855700;
202300003403.0;3;972;97207;1;1;1.0;2.0;14,58949700; -60,98265100;
202300003404.0;3;44;44169;1;1;1.0;6.0;47,22888900; -1,41083100;
202300003405.0;1;63;63181;1;1;1.0;1.0;46,03394000;3,07880000;
202300003406.0;5;87;87085;2;1;1.0;1.0;45,82377000;1,26348000;
202300003407.0;1;35;35095;1;1;7.0;6.0;48,53889200; -1,73172900;
202300003408.0;2;84;84007;2;1;1.0;3.0;43,92864000;4,80440000;
202300003409.0;1;55;55242;1;9;5.0;7.0;49,12781883;5,64316584;
202300003410.0;1;35;35263;1;2;1.0;3.0;48,67900400; -1,88607600;
202300003411.0;1;83;83137;2;1;1.0;1.0;43,14824000;5,91364000;
202300003412.0;1;29;29160;1;3;1.0;7.0;48,47504582; -4,46676701;
202300003413.0;1;78;78440;2;2;1.0;3.0;48,98381600;1,91532800;
202300003414.0;5;35;35125;2;2;1.0;6.0;47,94205300; -1,23260900;
202300003415.0;1;78;78498;2;2;1.0;1.0;48,93277000;2,04967000;
202300003416.0;1;70;70216;1;1;1.0;1.0;47,79168700;6,42861000;
202300003417.0;1;77;77350;1;3;1.0;2.0;48,75522300;2,70477300;
202300003418.0;2;06;06079;1;1;1.0;6.0;43,52424300;6,90561500;
202300003419.0;1;77;77210;1;3;1.0;1.0;48,41826400;2,92676400;
202300003420.0;1;77;77445;2;3;1.0;3.0;48,60489000;2,56682000;
202300003421.0;1;50;50216;1;4;1.0;1.0;49,22808000; -1,21566300;
202300003422.0;1;45;45258;2;1;7.0;6.0;48,20781200;2,47082900;
202300003423.0;1;10;10141;1;1;1.0;7.0;48,04475800;4,52940900;
202300003424.0;1;53;53188;2;3;1.0;3.0;47,79243600; -1,06577600;
202300003425.0;3;87;87203;1;1;1.0;7.0;45,62794800;1,44223700;
202300003426.0;2;76;76212;2;2;1.0;3.0;49,43793000;1,14768000;
202300003427.0;3;30;30281;1;2;1.0;6.0;43,88303900;4,19403100;
202300003428.0;5;76;76351;2;1;1.0;1.0;49,49214000;0,13237000;
202300003429.0;1;48;48146;1;1;1.0;6.0;44,42679300;3,44906300;
202300003430.0;1;76;76351;2;3;2.0;6.0;49,49118000;0,10399000;
202300003431.0;1;72;72299;1;1;8.0;6.0;47,89055200;0,30538700;
202300003432.0;1;76;76351;2;2;1.0;1.0;49,49760000;0,13621000;
202300003433.0;3;973;97307;1;1;1.0;2.0;4,90488700; -52,36581800;
202300003434.0;1;24;24086;2;3;1.0;3.0;44,80208200;1,13339800;
202300003435.0;1;72;72181;2;9;2.0;3.0;48,00028000;0,18214000;
202300003436.0;5;73;73237;1;1;1.0;3.0;45,51459700;6,30790200;
202300003437.0;1;30;30169;1;1;1.0;6.0;43,79283300;4,31916700;
202300003438.0;5;69;69264;1;3;1.0;6.0;45,97909000;4,74240000;
202300003439.0;2;976;97616;1;3;2.0;3.0; -12,85808000;45,10323300;
202300003440.0;1;68;68056;1;1;8.0;1.0;47,72526000;7,29895000;
202300003441.0;3;17;17379;1;1;1.0;7.0;45,50977600; -0,61293300;
202300003442.0;1;64;64445;2;1;1.0;3.0;43,30272918; -0,36184877;
202300003443.0;1;64;64445;2;3;1.0;3.0;43,32410000; -0,37583000;
202300003444.0;1;64;64445;2;1;1.0;2.0;43,28750400; -0,38042600;
202300003445.0;1;62;62826;2;6;8.0;3.0;50,51724245;1,61028332;
202300003446.0;5;62;62239;1;1;2.0;2.0;50,93702800;1,81017500;
202300003447.0;5;13;13212;1;1;1.0;2.0;43,30362000;5,42575000;
202300003448.0;1;62;62193;2;1;1.0;6.0;50,94958600;1,86227900;
202300003449.0;3;69;69204;1;1;1.0;2.0;45,68597000;4,80851000;
202300003450.0;1;67;67389;1;1;1.0;2.0;48,64517000;7,73265000;