Num_Acc;lum;departement;commune;agglomeration;intersection;meteo;type_collision;lat;long;date
202300003451.0;1;60;60175;2;7;7.0;6.0;49,26399000;2,47001000;
202300003452.0;1;91;91345;1;1;1.0;3.0;48,68693000;2,32584000;
202300003453.0;1;75;75113;1;1;1.0;6.0;48,81640900;2,35898100;
202300003454.0;1;93;93078;1;1;1.0;3.0;48,96308000;2,54946000;
202300003455.0;3;95;95424;1;1;1.0;6.0;48,99281000;2,18742000;
202300003456.0;1;60;60175;1;1;2.0;4.0;49,24584000;2,45723000;
202300003457.0;3;93;93064;1;1;1.0;3.0;48,86352432;2,48282611;
202300003458.0;3;95;95256;1;1;1.0;4.0;49,05548348;2,20291972;
202300003459.0;1;60;60057;2;9;1.0;3.0;49,44011000;2,10700000;
202300003460.0;1;93;93010;1;1;1.0;3.0;48,91734000;2,47811000;
202300003461.0;1;94;94017;1;1;1.0;2.0;48,82912282;2,48089340;
202300003462.0;5;57;57221;2;1;3.0;6.0;49,32543000;6,12165000;
202300003463.0;1;94;94017;1;1;1.0;2.0;48,82650013;2,51586685;
202300003464.0;3;94;94081;1;1;1.0;3.0;48,77414959;2,40719183;
202300003465.0;1;57;57412;2;1;1.0;2.0;49,11335000;6,15643000;
202300003466.0;3;94;94081;1;1;1.0;6.0;48,77414959;2,40719183;
202300003467.0;1;57;57019;2;1;1.0;6.0;49,24302000;6,13345000;
202300003468.0;3;77;77363;1;1;1.0;6.0;48,91103973;2,63626412;
202300003469.0;1;56;56098;2;6;2.0;7.0;47,76291000; -3,32868000;
202300003470.0;1;62;62826;2;2;1.0;3.0;50,52162000;1,58523000;
202300003471.0;5;973;97302;2;1;1.0;3.0;4,94274000; -52,30597000;
202300003472.0;1;54;54395;2;1;1.0;2.0;48,69038000;6,15604000;
202300003473.0;1;69;69034;2;1;2.0;2.0;45,78090156;4,83995489;
202300003474.0;1;51;51454;2;1;2.0;6.0;49,24235000;4,03906000;
202300003475.0;1;2B;2B120;2;1;1.0;2.0;42,64217000;9,45988000;
202300003476.0;4;49;49007;2;2;1.0;7.0;47,46924000; -0,54473000;
202300003477.0;2;971;97101;2;9;1.0;6.0;16,23878338; -61,52521580;
202300003478.0;1;95;95555;2;1;2.0;6.0;48,96580000;2,28391000;
202300003479.0;1;45;45147;2;1;1.0;2.0;47,93476200;1,90949400;
202300003480.0;5;91;91027;2;1;1.0;7.0;48,71324000;2,39973000;
202300003481.0;1;45;45147;1;1;2.0;2.0;47,93839700;1,93841500;
202300003482.0;1;85;85191;2;1;1.0;7.0;46,67792900; -1,43648100;
202300003483.0;3;85;85191;1;1;1.0;6.0;46,67195893; -1,36069509;
202300003484.0;3;44;44132;1;2;2.0;3.0;47,27967000; -2,30230000;
202300003485.0;1;43;43089;2;1;2.0;6.0;45,04559000;3,86829000;
202300003486.0;1;83;83137;2;3;1.0;3.0;43,12468237;5,95591839;
202300003487.0;1;37;37261;2;1;1.0;2.0;47,39756000;0,70053000;
202300003488.0;1;83;83137;2;1;1.0;4.0;43,12563000;5,92885000;
202300003489.0;1;35;35238;2;1;2.0;3.0;48,10402000; -1,69386000;
202300003490.0;1;83;83123;2;1;1.0;1.0;43,13814000;5,80482000;
202300003491.0;1;83;83123;2;1;1.0;6.0;43,11985610;5,80180103;
202300003492.0;1;35;35051;2;6;3.0;3.0;48,12201000; -1,62847000;
202300003493.0;4;83;83061;2;3;1.0;3.0;43,43688900;6,74053800;
202300003494.0;1;78;78146;2;1;1.0;2.0;48,88864400;2,16128300;
202300003495.0;3;35;35238;2;1;2.0;2.0;48,09608000; -1,71169000;
202300003496.0;1;78;78146;2;1;1.0;2.0;48,90360000;2,14044000;
202300003497.0;5;33;33069;2;1;8.0;6.0;44,85456000; -0,59300000;
202300003498.0;3;78;78551;1;1;1.0;1.0;48,94415900;2,09530800;
202300003499.0;5;33;33550;2;2;3.0;2.0;44,78173938; -0,56597453;
202300003500.0;3;77;77237;1;1;1.0;3.0;48,84544000;2,74549000;
202300003501.0;1;31;31555;2;1;1.0;1.0;43,60636000;1,40198000;
202300003502.0;4;76;76540;2;2;1.0;6.0;49,44003000;1,09732000;
202300003503.0;1;76;76486;1;1;2.0;7.0;49,31975597;0,98916113;
202300003504.0;4;72;72181;2;1;1.0;7.0;48,00159000;0,19224000;
202300003505.0;1;71;71306;2;2;1.0;3.0;46,67571027;4,36681598;
202300003506.0;1;29;29232;2;3;2.0;3.0;47,97523000; -4,06729000;
202300003507.0;1;28;28134;1;1;1.0;1.0;48,74793000;1,31689000;
202300003508.0;5;69;69266;2;1;1.0;2.0;45,78486000;4,86416000;
202300003509.0;1;28;28218;2;1;1.0;6.0;48,43772000;1,47236000;
202300003510.0;1;69;69266;2;1;1.0;3.0;45,76968000;4,87881000;
202300003511.0;5;25;25462;2;1;3.0;2.0;46,89961000;6,36154000;
202300003512.0;2;69;69256;2;2;1.0;3.0;45,76365000;4,93325000;
202300003513.0;5;25;25031;2;1;3.0;3.0;47,49029000;6,84033000;
202300003514.0;5;69;69266;2;2;1.0;3.0;45,76757000;4,87581000;
202300003515.0;1;69;69290;2;1;1.0;2.0;45,69077000;4,93616000;
202300003516.0;5;25;25056;2;3;1.0;3.0;47,23380000;6,00714200;
202300003517.0;1;64;64545;1;1;8.0;5.0;43,36762000; -1,68654000;
202300003518.0;1;22;22106;2;1;1.0;2.0;48,49673300; -2,72243100;
202300003519.0;1;62;62510;1;1;1.0;7.0;50,42236755;2,77394485;
202300003520.0;1;22;22278;2;1;1.0;6.0;48,51054000; -2,75806000;
202300003521.0;5;59;59090;2;6;1.0;6.0;50,70390000;3,08340000;
202300003522.0;1;59;59650;2;6;7.0;6.0;50,69294000;3,20557000;
202300003523.0;5;22;22113;2;1;1.0;7.0;48,73840000; -3,46750000;
202300003524.0;1;59;59350;2;1;1.0;6.0;50,62000000;3,06500000;
202300003525.0;5;59;59183;2;1;1.0;6.0;51,03292267;2,35862881;
202300003526.0;1;54;54547;2;1;1.0;6.0;48,66480000;6,17475000;
202300003527.0;5;14;14118;2;9;1.0;7.0;49,18035800; -0,36880100;
202300003528.0;1;49;49007;2;1;7.0;2.0;47,47509000; -0,51991000;
202300003529.0;1;13;13213;2;1;1.0;3.0;43,32584000;5,44061000;
202300003530.0;1;44;44162;2;6;1.0;3.0;47,21989900; -1,62395400;
202300003531.0;1;41;41295;2;1;1.0;1.0;47,57707000;1,40509000;
202300003532.0;1;13;13204;2;6;1.0;3.0;43,31363000;5,40647000;
202300003533.0;1;35;35238;2;3;1.0;3.0;48,12350356; -1,65964097;
202300003534.0;5;33;33063;2;9;1.0;6.0;44,83693000; -0,58264000;
202300003535.0;1;13;13209;2;1;1.0;6.0;43,26714500;5,40311200;
202300003536.0;5;33;33063;2;5;1.0;3.0;44,86033000; -0,55364000;
202300003537.0;5;33;33281;2;4;1.0;3.0;44,83540000; -0,62640000;
202300003538.0;1;13;13047;2;2;1.0;3.0;43,51505000;4,98658000;
202300003539.0;2;33;33063;2;1;1.0;6.0;44,86371000; -0,57324000;
202300003540.0;1;31;31483;2;1;1.0;2.0;43,10930500;0,72563200;
202300003541.0;3;13;13047;1;1;2.0;5.0;43,55753000;4,97574000;
202300003542.0;3;29;29232;1;1;1.0;6.0;47,99595000; -4,14607000;
202300003543.0;1;27;27681;2;9;1.0;3.0;49,08950000;1,48221000;
202300003544.0;3;03;03321;2;2;2.0;3.0;46,55835400;3,35046300;
202300003545.0;1;21;21054;2;1;1.0;6.0;47,02776552;4,83748408;
202300003546.0;3;18;18255;1;1;1.0;3.0;47,00477000;2,29795000;
202300003547.0;1;03;03101;2;9;1.0;6.0;46,36132300;2,53491900;
202300003548.0;3;14;14557;2;1;1.0;7.0;49,34520900;0,08411300;
202300003549.0;5;14;14220;2;1;1.0;7.0;49,35922600;0,08067600;
202300003550.0;5;13;13202;2;1;6.0;3.0;43,31300000;5,36600000;
202300003551.0;1;75;75119;2;1;1.0;2.0;48,87806100;2,40844700;
202300003552.0;1;13;13215;2;1;1.0;2.0;43,35728000;5,36659000;
202300003553.0;1;13;13204;2;3;1.0;2.0;43,31514102;5,39777399;
202300003554.0;1;75;75117;2;1;1.0;5.0;48,88519300;2,28730200;
202300003555.0;3;11;11069;2;3;1.0;3.0;43,21652000;2,34309000;
202300003556.0;2;75;75117;2;4;2.0;3.0;48,88406800;2,28510200;
202300003557.0;1;11;11069;2;3;1.0;3.0;43,22789000;2,38407000;
202300003558.0;5;10;10387;2;1;1.0;7.0;48,29865000;4,07306000;
202300003559.0;1;06;06069;2;1;1.0;6.0;43,68144000;6,96793000;
202300003560.0;1;06;06069;1;1;1.0;7.0;43,65236800;6,95010700;
202300003561.0;5;75;75115;2;2;1.0;3.0;48,83428800;2,28393600;
202300003562.0;1;04;04112;2;1;1.0;7.0;43,85300000;5,81882000;
202300003563.0;1;75;75119;2;3;1.0;3.0;48,88220800;2,37449900;
202300003564.0;5;75;75105;2;2;1.0;6.0;48,84958700;2,34488500;
202300003565.0;5;75;75105;2;2;1.0;6.0;48,85233900;2,34825100;
202300003566.0;1;75;75117;2;1;2.0;6.0;48,89959800;2,32873500;
202300003567.0;1;75;75114;2;2;1.0;6.0;48,83181600;2,31414100;
202300003568.0;5;75;75116;2;3;1.0;3.0;48,86324600;2,28528700;
202300003569.0;5;75;75114;2;3;2.0;3.0;48,83541100;2,32929800;
202300003570.0;1;75;75112;2;2;1.0;3.0;48,83535800;2,40660100;
202300003571.0;5;75;75111;2;2;1.0;3.0;48,86164568;2,37732813;
202300003572.0;1;75;75113;2;1;2.0;6.0;48,82604500;2,37475800;
202300003573.0;5;75;75111;2;2;1.0;3.0;48,86435600;2,37152200;
202300003574.0;5;75;75112;2;2;1.0;6.0;48,83773600;2,39727000;
202300003575.0;1;75;75110;2;2;1.0;3.0;48,87480800;2,35743600;
202300003576.0;5;75;75110;2;2;1.0;1.0;48,87102600;2,36592000;
202300003577.0;1;75;75111;2;3;1.0;3.0;48,85855400;2,37649100;
202300003578.0;1;75;75107;2;2;1.0;3.0;48,86282800;2,31342400;
202300003579.0;5;75;75110;2;1;1.0;6.0;48,87678000;2,36102700;
202300003580.0;1;94;94068;2;1;1.0;3.0;48,79838737;2,47564955;
202300003581.0;5;94;94079;2;3;1.0;6.0;48,82676386;2,53677830;
202300003582.0;1;94;94075;2;1;1.0;2.0;48,71685000;2,53688000;
202300003583.0;1;75;75110;2;4;1.0;3.0;48,86795400;2,36236500;
202300003584.0;1;93;93031;2;1;1.0;3.0;48,95453809;2,33439597;
202300003585.0;1;75;75109;2;1;2.0;6.0;48,87915300;2,32700100;
202300003586.0;1;93;93031;2;3;1.0;3.0;48,95524683;2,33336815;
202300003587.0;5;93;93029;2;1;1.0;3.0;48,92770825;2,45166628;
202300003588.0;1;75;75108;2;2;1.0;3.0;48,87877000;2,32226200;
202300003589.0;1;93;93010;2;1;1.0;3.0;48,90517900;2,48034000;
202300003590.0;1;75;75103;2;3;1.0;6.0;48,86521200;2,35568100;
202300003591.0;1;92;92024;2;1;1.0;6.0;48,89879609;2,30335683;
202300003592.0;5;94;94081;2;1;8.0;6.0;48,79105600;2,38134800;
202300003593.0;1;92;92012;2;1;1.0;1.0;48,83110000;2,24106000;
202300003594.0;1;40;40261;1;9;8.0;3.0;43,69466300; -1,23204600;
202300003595.0;1;37;37116;1;1;1.0;7.0;47,67885262;0,73168945;
202300003596.0;2;94;94073;1;1;1.0;3.0;48,75529000;2,38579000;
202300003597.0;5;95;95313;2;1;1.0;6.0;49,11241800;2,21514400;
202300003598.0;5;95;95313;2;2;1.0;6.0;49,11288900;2,21335900;
202300003599.0;5;94;94033;2;9;2.0;3.0;48,84766000;2,48791000;
202300003600.0;1;49;49092;1;1;1.0;6.0;47,24041200; -0,59179700;
202300003601.0;1;31;31186;2;1;1.0;2.0;43,67885900;1,42395700;
202300003602.0;1;972;97214;1;1;1.0;6.0;14,82970800; -61,08290300;
202300003603.0;1;41;41161;1;1;1.0;6.0;47,52114200;2,00569200;
202300003604.0;1;94;94028;2;9;1.0;6.0;48,78756900;2,45074400;
202300003605.0;3;28;28158;1;1;5.0;5.0;48,41033200;1,42272900;
202300003606.0;1;94;94011;2;9;1.0;2.0;48,76631000;2,48784000;
202300003607.0;5;94;94028;2;1;2.0;4.0;48,76623000;2,47414000;
202300003608.0;1;14;14579;1;1;1.0;5.0;49,05023255; -0,72840141;
202300003609.0;3;44;44098;1;1;1.0;2.0;47,48325300; -2,19541500;
202300003610.0;5;94;94022;2;9;2.0;3.0;48,77284000;2,40010000;
202300003611.0;3;30;30151;1;1;1.0;6.0;44,16067200;4,35084300;
202300003612.0;1;19;19270;2;1;1.0;2.0;45,38574000;1,46688900;
202300003613.0;3;56;56140;1;1;1.0;6.0;47,93615900; -2,78390900;
202300003614.0;1;93;93073;2;2;1.0;3.0;48,96318000;2,57014000;
202300003615.0;3;76;76196;1;1;1.0;6.0;49,64885100;0,26244300;
202300003616.0;1;79;79130;1;1;1.0;5.0;46,24461400; -0,50912600;
202300003617.0;1;2A;2A031;1;1;1.0;6.0;41,94565786;8,98900538;
202300003618.0;5;93;93072;2;3;2.0;1.0;48,94661000;2,38647000;
202300003619.0;1;32;32235;1;1;1.0;7.0;43,73067000;0,12205100;
202300003620.0;1;71;71380;1;1;1.0;7.0;46,69085500;5,39966200;
202300003621.0;1;93;93013;2;5;1.0;3.0;48,93494000;2,42580000;
202300003622.0;1;61;61464;2;1;1.0;3.0;48,59774200;0,17081900;
202300003623.0;5;93;93057;2;1;1.0;3.0;48,91437600;2,49403800;
202300003624.0;3;42;42011;1;1;1.0;6.0;45,82728900;4,15718800;
202300003625.0;1;46;46017;1;3;1.0;7.0;44,81819800;1,89845700;
202300003626.0;1;93;93001;2;1;2.0;6.0;48,91855800;2,39277700;
202300003627.0;5;46;46029;2;3;1.0;2.0;44,92399600;1,84355700;
202300003628.0;1;93;93001;2;1;1.0;6.0;48,90333400;2,38728100;
202300003629.0;1;92;92075;2;1;1.0;6.0;48,82558000;2,29265000;
202300003630.0;1;44;44137;1;2;1.0;3.0;47,37875900; -2,00739700;
202300003631.0;1;92;92063;2;6;1.0;3.0;48,85817465;2,19394684;
202300003632.0;1;29;29217;1;2;1.0;3.0;47,86587200; -3,76412600;
202300003633.0;3;26;26337;1;1;1.0;2.0;44,71555957;4,80379760;
202300003634.0;1;92;92036;2;2;1.0;7.0;48,91734414;2,30747348;
202300003635.0;1;50;50158;1;1;1.0;7.0;48,72066900; -1,09082200;
202300003636.0;2;83;83083;1;1;1.0;6.0;43,46719400;6,11414400;
202300003637.0;1;60;60303;1;2;1.0;3.0;49,63514446;1,87673615;
202300003638.0;3;54;54411;1;3;1.0;3.0;48,48652116;6,18749410;
202300003639.0;1;18;18057;1;2;1.0;3.0;46,55431600;2,18681000;
202300003640.0;2;2A;2A348;1;1;8.0;1.0;42,15895000;8,77327000;
202300003641.0;2;43;43137;2;4;1.0;3.0;45,28970300;4,17007100;
202300003642.0;1;58;58194;2;3;1.0;6.0;46,98928000;3,15932000;
202300003643.0;1;07;07207;2;1;1.0;3.0;44,42754500;4,30311100;
202300003644.0;1;56;56098;2;2;1.0;3.0;47,77441000; -3,34661000;
202300003645.0;1;54;54395;2;1;1.0;6.0;48,69762000;6,15930000;
202300003646.0;1;07;07162;2;1;1.0;3.0;44,52776200;4,29223700;
202300003647.0;2;66;66015;1;1;1.0;5.0;42,57696000;2,84451500;
202300003648.0;3;04;04230;1;1;1.0;6.0;43,82414400;5,93932300;
202300003649.0;1;54;54323;2;6;1.0;3.0;49,51804300;5,75225100;
202300003650.0;1;987;98752;1;1;3.0;7.0; -17,75684100; -149,36694100;
202300003651.0;5;68;68112;2;3;2.0;1.0;47,90286900;7,22680400;
202300003652.0;1;51;51454;2;1;1.0;5.0;49,28326300;4,01087800;
202300003653.0;1;22;22004;1;1;8.0;6.0;48,61096350; -3,27678680;
202300003654.0;3;73;73183;1;1;8.0;6.0;45,51652527;5,99142373;
202300003655.0;1;51;51108;2;9;1.0;3.0;48,95463000;4,35236000;
202300003656.0;3;988;98805;2;1;3.0;7.0; -22,12967900;166,43969000;
202300003657.0;3;30;30014;1;1;1.0;7.0;43,99361700;4,34758200;
202300003658.0;2;01;01274;1;1;2.0;6.0;46,16100300;5,65244400;
202300003659.0;1;50;50129;2;6;1.0;3.0;49,63675200; -1,59619300;
202300003660.0;1;71;71263;2;1;2.0;6.0;46,62798500;5,21694500;
202300003661.0;1;49;49099;2;3;2.0;3.0;47,06729000; -0,88723000;
202300003662.0;1;69;69244;2;3;7.0;3.0;45,76322800;4,77868000;
202300003663.0;1;49;49080;2;1;1.0;6.0;47,68149000; -0,49957800;
202300003664.0;5;45;45234;2;1;1.0;3.0;47,90660000;1,90488000;
202300003665.0;1;06;06018;1;3;8.0;1.0;43,63376500;7,08152500;
202300003666.0;1;86;86097;1;1;2.0;7.0;46,30244400;0,41911100;
202300003667.0;2;21;21575;1;1;5.0;2.0;47,07868500;5,33450600;
202300003668.0;1;45;45234;2;2;1.0;3.0;47,91191000;1,89718000;
202300003669.0;1;45;45338;2;2;1.0;3.0;47,98110339;2,71642864;
202300003670.0;1;29;29207;2;1;3.0;3.0;48,57001200; -3,81998600;
202300003671.0;3;45;45203;1;1;1.0;2.0;47,85910200;1,70614200;
202300003672.0;1;44;44109;2;1;1.0;6.0;47,23840000; -1,50740000;
202300003673.0;1;38;38261;2;6;2.0;6.0;45,67143400;5,47070900;
202300003674.0;1;29;29147;1;1;1.0;1.0;47,89507200; -3,59267400;
202300003675.0;1;40;40192;2;1;1.0;3.0;43,88916000; -0,46668000;
202300003676.0;1;58;58039;1;1;8.0;3.0;47,41681400;3,58037400;
202300003677.0;1;45;45191;2;1;1.0;1.0;48,29619600;2,35382100;
202300003678.0;1;38;38053;2;1;1.0;5.0;45,59060000;5,27820000;
202300003679.0;1;77;77192;1;3;1.0;3.0;48,70127500;2,90528300;
202300003680.0;1;37;37261;2;1;1.0;3.0;47,36157000;0,69633000;
202300003681.0;1;2A;2A247;2;1;1.0;6.0;41,60416300;9,27711000;
202300003682.0;1;14;14057;1;2;1.0;3.0;49,11680300; -0,24235600;
202300003683.0;1;35;35115;1;6;1.0;2.0;48,33871000; -1,21131000;
202300003684.0;1;13;13027;1;2;1.0;3.0;43,86401000;4,86129500;
202300003685.0;4;34;34172;2;1;1.0;1.0;43,62021200;3,85482600;
202300003686.0;4;26;26072;1;1;1.0;6.0;45,11581700;4,89210800;
202300003687.0;1;64;64060;1;3;1.0;3.0;43,32188400; -0,46678500;
202300003688.0;1;71;71448;1;2;1.0;7.0;46,38290300;4,86737300;
202300003689.0;1;34;34032;2;1;1.0;6.0;43,34579000;3,21669000;
202300003690.0;3;43;43112;1;1;2.0;3.0;45,08771800;3,50885500;
202300003691.0;1;68;68318;1;1;1.0;7.0;47,97948400;7,22575300;
202300003692.0;1;33;33039;2;2;1.0;1.0;44,81331000; -0,55545000;
202300003693.0;1;10;10323;2;1;1.0;6.0;48,50479200;3,72007600;
202300003694.0;2;07;07018;1;1;1.0;7.0;44,69431900;4,03031900;
202300003695.0;1;29;29051;2;1;1.0;6.0;47,99945000; -4,05414000;
202300003696.0;3;07;07329;1;1;2.0;7.0;44,60534100;4,07228800;
202300003697.0;1;69;69039;2;3;1.0;3.0;45,98238900;4,50773900;
202300003698.0;1;29;29232;2;6;1.0;2.0;47,99033000; -4,07402000;
202300003699.0;1;29;29232;1;1;1.0;7.0;48,01272000; -4,07660000;
202300003700.0;1;21;21301;2;1;1.0;3.0;47,04805500;5,10966800;
202300003701.0;1;69;69069;2;2;1.0;3.0;45,74589900;4,71651200;
202300003702.0;1;28;28085;2;9;1.0;4.0;48,42932000;1,51688000;
202300003703.0;1;24;24425;1;1;2.0;1.0;45,41435800;0,83668000;
202300003704.0;1;79;79048;1;1;3.0;1.0;46,34864700; -0,34306000;
202300003705.0;1;17;17086;1;3;1.0;3.0;45,72997000; -0,52953200;
202300003706.0;1;25;25204;2;1;1.0;3.0;46,92787000;6,35022000;
202300003707.0;1;28;28089;2;6;1.0;1.0;48,57701500;1,23906800;
202300003708.0;3;35;35228;1;1;1.0;1.0;48,59276800; -2,06615900;
202300003709.0;1;25;25056;2;2;1.0;3.0;47,22553000;5,96537000;
202300003710.0;1;30;30004;1;3;1.0;1.0;43,71975100;4,20606900;
202300003711.0;1;60;60341;2;1;3.0;4.0;49,08611707;2,75607705;
202300003712.0;1;22;22278;2;1;1.0;2.0;48,50944000; -2,75981000;
202300003713.0;1;33;33366;1;1;1.0;6.0;44,98590700; -0,42767000;
202300003714.0;1;30;30348;1;1;1.0;7.0;44,04612101;4,12779951;
202300003715.0;1;19;19031;2;1;1.0;3.0;45,16468000;1,51580000;
202300003716.0;1;19;19031;2;1;1.0;6.0;45,14428000;1,47508000;
202300003717.0;1;91;91161;1;1;1.0;4.0;48,71073000;2,29968000;
202300003718.0;1;973;97309;2;2;1.0;1.0;4,91782100; -52,27729400;
202300003719.0;1;91;91103;1;1;1.0;2.0;48,62486000;2,30432000;
202300003720.0;1;17;17291;1;1;1.0;2.0;46,17764000; -1,10184000;
202300003721.0;5;973;97309;2;1;1.0;1.0;4,90642600; -52,27298100;
202300003722.0;3;13;13117;1;9;1.0;7.0;43,44312533;5,29622132;
202300003723.0;1;91;91216;1;1;1.0;4.0;48,68540000;2,32719000;
202300003724.0;1;13;13071;2;1;1.0;5.0;43,40336000;5,27761000;
202300003725.0;1;91;91161;1;1;1.0;3.0;48,69943000;2,31189000;
202300003726.0;1;13;13071;2;2;1.0;3.0;43,41734000;5,28915000;
202300003727.0;3;92;92025;1;1;1.0;3.0;48,92712802;2,23638145;
202300003728.0;1;971;97116;1;1;1.0;5.0;16,32020100; -61,42468900;
202300003729.0;2;13;13056;2;4;7.0;3.0;43,39742000;5,07413000;
202300003730.0;1;92;92036;1;1;1.0;2.0;48,93615504;2,30066010;
202300003731.0;1;971;97128;1;1;1.0;1.0;16,25424600; -61,32968500;
202300003732.0;2;93;93027;1;1;1.0;3.0;48,93740949;2,40993619;
202300003733.0;1;13;13207;2;2;1.0;3.0;43,28933000;5,35757000;
202300003734.0;1;13;13028;2;6;1.0;6.0;43,18273000;5,61467000;
202300003735.0;1;78;78506;1;2;1.0;3.0;48,48907900;1,80373200;
202300003736.0;1;93;93027;1;1;1.0;2.0;48,92248000;2,37868000;
202300003737.0;1;73;73006;2;1;1.0;7.0;45,55694500;6,65654800;
202300003738.0;1;95;95018;1;1;1.0;2.0;48,95198648;2,27955580;
202300003739.0;1;13;13028;2;4;1.0;1.0;43,19084633;5,64077139;
202300003740.0;3;93;93073;1;1;1.0;2.0;48,96846000;2,56591000;
202300003741.0;1;38;38467;1;9;2.0;7.0;45,66834500;5,34657600;
202300003742.0;1;93;93066;1;1;1.0;3.0;48,90870624;2,35812243;
202300003743.0;1;13;13001;2;3;7.0;3.0;43,49435124;5,43261842;
202300003744.0;2;19;19207;1;1;2.0;3.0;45,25313300;1,63193200;
202300003745.0;1;93;93027;1;1;1.0;2.0;48,93538856;2,40271792;
202300003746.0;1;11;11069;1;2;7.0;3.0;43,20414000;2,38643000;
202300003747.0;1;77;77169;1;1;1.0;3.0;48,83066000;2,60778000;
202300003748.0;3;33;33080;1;1;3.0;6.0;44,74084700; -0,54005200;
202300003749.0;1;08;08480;1;1;1.0;4.0;49,73761000;4,76343000;
202300003750.0;4;94;94069;1;1;1.0;2.0;48,81745795;2,41989569;
202300003751.0;1;03;03185;2;2;1.0;3.0;46,34726000;2,58209000;
202300003752.0;1;13;13028;2;1;1.0;6.0;43,18900000;5,60400000;
202300003753.0;1;22;22198;1;3;8.0;3.0;48,78220400; -3,49043900;
202300003754.0;1;13;13028;2;1;1.0;2.0;43,18100000;5,61300000;
202300003755.0;1;02;02340;2;9;1.0;5.0;49,82447000;3,27991000;
202300003756.0;1;22;22388;2;1;1.0;6.0;48,43931600; -2,15602400;
202300003757.0;1;75;75117;2;1;1.0;2.0;48,88099200;2,28233300;
202300003758.0;1;13;13028;2;1;2.0;1.0;43,20035000;5,62007000;
202300003759.0;1;75;75120;2;1;1.0;2.0;48,86350200;2,41340800;
202300003760.0;1;13;13028;2;1;1.0;3.0;43,18966000;5,62960000;
202300003761.0;1;35;35089;1;2;7.0;3.0;47,88196543; -1,49422377;
202300003762.0;1;75;75118;2;1;1.0;3.0;48,90080200;2,36980700;
202300003763.0;1;13;13028;2;1;1.0;6.0;43,19360000;5,61030000;
202300003764.0;2;27;27014;1;1;2.0;6.0;49,15135600;1,13841500;
202300003765.0;1;974;97411;2;2;1.0;3.0; -20,90287000;55,48804000;
202300003766.0;1;75;75106;2;3;1.0;6.0;48,84246200;2,32843100;
202300003767.0;3;27;27229;1;1;2.0;7.0;49,01468000;1,10759100;
202300003768.0;1;75;75119;2;1;1.0;2.0;48,88022000;2,40127700;
202300003769.0;3;974;97411;1;1;1.0;3.0; -20,88140000;55,39480000;
202300003770.0;1;75;75118;2;1;1.0;6.0;48,89007900;2,36129500;
202300003771.0;5;974;97407;2;1;1.0;6.0; -20,93470000;55,29152000;
202300003772.0;1;75;75118;2;1;1.0;7.0;48,89876800;2,34417800;
202300003773.0;2;76;76313;1;4;2.0;3.0;49,34952400;1,14551800;
202300003774.0;1;973;97302;2;1;1.0;1.0;4,93817010; -52,31402323;
202300003775.0;1;75;75117;2;3;1.0;3.0;48,89105900;2,30253300;
202300003776.0;3;59;59047;1;1;1.0;2.0;50,07533400;3,18407100;
202300003777.0;1;973;97302;2;1;1.0;2.0;4,93519008; -52,31239378;
202300003778.0;1;75;75115;2;3;8.0;6.0;48,85050500;2,29999400;
202300003779.0;5;75;75115;2;1;1.0;2.0;48,83914000;2,26881000;
202300003780.0;1;972;97213;1;1;1.0;2.0;14,61790000; -61,03231000;
202300003781.0;1;13;13212;1;1;2.0;2.0;43,31369816;5,42385578;
202300003782.0;1;69;69381;1;1;1.0;6.0;45,77278407;4,83846621;
202300003783.0;1;75;75115;2;1;1.0;3.0;48,84151800;2,28696900;
202300003784.0;5;13;13216;1;1;3.0;1.0;43,34518000;5,34618000;
202300003785.0;1;75;75115;2;3;1.0;6.0;48,83128600;2,30245200;
202300003786.0;1;971;97120;2;3;2.0;6.0;16,24099118; -61,53587759;
202300003787.0;1;971;97120;2;9;1.0;3.0;16,24288000; -61,53971000;
202300003788.0;1;75;75114;2;3;1.0;3.0;48,82211500;2,34207200;
202300003789.0;5;75;75114;2;4;1.0;7.0;48,82460400;2,33988700;
202300003790.0;3;2A;2A004;1;1;8.0;6.0;41,92000000;8,73000000;
202300003791.0;1;83;83137;1;1;8.0;4.0;43,12710000;5,97422000;
202300003792.0;1;75;75113;2;2;1.0;1.0;48,82575100;2,34658100;
202300003793.0;1;83;83126;1;1;2.0;2.0;43,11980000;5,85060000;
202300003794.0;1;75;75111;2;2;1.0;3.0;48,85326100;2,37728000;
202300003795.0;3;33;33162;1;1;1.0;4.0;44,87675034; -0,63256882;
202300003796.0;1;75;75109;2;3;1.0;3.0;48,87343300;2,33782800;
202300003797.0;2;91;91657;2;1;1.0;2.0;48,70176000;2,42527000;
202300003798.0;1;75;75107;2;3;1.0;6.0;48,86274300;2,31163700;
202300003799.0;1;88;88209;2;2;1.0;3.0;48,18923414;6,42961442;
202300003800.0;1;75;75101;2;3;1.0;6.0;48,85946728;2,34515400;