Num_Acc;lum;departement;commune;agglomeration;intersection;meteo;type_collision;lat;long;date
202300003801.0;1;33;33249;1;1;1.0;4.0;44,87933711; -0,53397685;
202300003802.0;1;87;87085;2;2;2.0;7.0;45,81507000;1,26981000;
202300003803.0;1;75;75104;2;3;1.0;3.0;48,85106800;2,36221100;
202300003804.0;1;87;87065;1;1;2.0;6.0;45,79045000;1,30320000;
202300003805.0;3;62;62274;1;1;2.0;2.0;50,42944049;2,97371292;
202300003806.0;1;94;94046;2;1;1.0;1.0;48,80609000;2,45341000;
202300003807.0;1;78;78650;2;2;1.0;3.0;48,90103000;2,12876000;
202300003808.0;2;75;75113;1;1;1.0;3.0;48,81606600;2,35797300;
202300003809.0;1;94;94016;2;1;1.0;3.0;48,78930000;2,33690000;
202300003810.0;2;77;77181;2;1;2.0;2.0;48,82789000;2,69838000;
202300003811.0;1;94;94021;2;6;1.0;6.0;48,76026791;2,35350993;
202300003812.0;2;91;91617;1;1;8.0;2.0;48,63469000;2,53518000;
202300003813.0;1;77;77014;2;9;2.0;6.0;48,40170344;2,72188318;
202300003814.0;1;94;94028;2;1;1.0;6.0;48,79632317;2,46362641;
202300003815.0;1;91;91521;1;1;2.0;6.0;48,63589000;2,40124000;
202300003816.0;5;94;94018;2;1;1.0;6.0;48,82297300;2,41139300;
202300003817.0;5;76;76451;2;1;1.0;7.0;49,45807000;1,08437000;
202300003818.0;2;93;93001;2;1;1.0;6.0;48,90778596;2,37883337;
202300003819.0;1;92;92050;1;1;1.0;5.0;48,90558947;2,20974594;
202300003820.0;1;76;76341;2;2;2.0;6.0;49,50484986;0,19989932;
202300003821.0;1;93;93062;2;2;1.0;3.0;48,90267000;2,52281000;
202300003822.0;5;73;73008;2;1;2.0;6.0;45,69276000;5,89074000;
202300003823.0;1;93;93048;2;1;1.0;6.0;48,86547936;2,46876016;
202300003824.0;1;92;92064;1;1;1.0;4.0;48,84298206;2,22247096;
202300003825.0;5;72;72003;2;1;3.0;3.0;47,94227000;0,15585000;
202300003826.0;1;93;93063;2;3;1.0;3.0;48,87956000;2,44866000;
202300003827.0;1;78;78640;1;1;1.0;5.0;48,77894100;2,20288400;
202300003828.0;1;72;72181;2;1;8.0;2.0;48,00268000;0,20272000;
202300003829.0;1;95;95256;1;1;1.0;1.0;49,05559000;2,20312000;
202300003830.0;1;93;93045;2;1;1.0;3.0;48,88602000;2,42120000;
202300003831.0;1;71;71306;2;1;2.0;7.0;46,67412000;4,36207000;
202300003832.0;1;95;95527;1;1;1.0;7.0;48,98787000;2,50626000;
202300003833.0;1;93;93031;2;2;1.0;6.0;48,96311000;2,29711000;
202300003834.0;1;93;93010;2;3;1.0;3.0;48,91128886;2,49112997;
202300003835.0;1;95;95527;1;1;1.0;5.0;48,99145000;2,51079000;
202300003836.0;1;93;93057;2;1;1.0;6.0;48,90484158;2,50824891;
202300003837.0;1;93;93027;1;1;8.0;4.0;48,92482000;2,39033000;
202300003838.0;1;93;93057;2;3;1.0;3.0;48,90792969;2,49414984;
202300003839.0;1;93;93001;2;1;1.0;3.0;48,91862318;2,39232116;
202300003840.0;1;92;92078;2;3;1.0;3.0;48,93551413;2,33388591;
202300003841.0;3;93;93078;1;1;2.0;4.0;48,96222102;2,52337066;
202300003842.0;1;92;92063;2;1;1.0;3.0;48,88564537;2,17616057;
202300003843.0;3;93;93064;1;1;8.0;6.0;48,88668867;2,47586131;
202300003844.0;2;92;92051;2;1;1.0;3.0;48,88402225;2,26301551;
202300003845.0;3;95;95572;1;1;2.0;6.0;49,03385171;2,11134374;
202300003846.0;5;92;92048;2;3;1.0;7.0;48,82225306;2,23225549;
202300003847.0;3;92;92036;1;1;1.0;3.0;48,94074039;2,29291143;
202300003848.0;2;92;92048;2;3;1.0;3.0;48,79648773;2,21765399;
202300003849.0;3;93;93078;1;1;2.0;6.0;48,96407000;2,52080000;
202300003850.0;1;92;92044;2;1;1.0;3.0;48,89601447;2,27998674;
202300003851.0;1;95;95500;1;1;3.0;2.0;49,04030613;2,08317518;
202300003852.0;5;92;92044;2;2;1.0;3.0;48,89213000;2,28768000;
202300003853.0;1;93;93066;1;1;2.0;6.0;48,93246000;2,37408000;
202300003854.0;2;92;92036;2;3;1.0;6.0;48,93377768;2,31342405;
202300003855.0;1;95;95491;1;1;1.0;2.0;49,00449000;2,24545000;
202300003856.0;1;92;92036;2;1;1.0;6.0;48,93914000;2,28439000;
202300003857.0;3;95;95277;1;1;1.0;6.0;48,97714000;2,47251000;
202300003858.0;1;92;92007;2;3;1.0;3.0;48,80071802;2,31395423;
202300003859.0;1;92;92004;2;2;1.0;2.0;48,90721680;2,28591666;
202300003860.0;1;94;94069;1;1;1.0;3.0;48,81720028;2,44370615;
202300003861.0;3;71;71507;1;1;1.0;6.0;46,57943900;4,67064900;
202300003862.0;1;77;77373;1;1;1.0;2.0;48,78450516;2,61663000;
202300003863.0;1;71;71477;1;1;1.0;7.0;46,61786500;4,40008900;
202300003864.0;1;14;14663;1;1;1.0;2.0;49,30018200; -0,68526300;
202300003865.0;1;21;21002;1;1;1.0;6.0;47,30165600;4,77195200;
202300003866.0;1;14;14409;2;1;1.0;1.0;49,28255659; -0,19260406;
202300003867.0;3;71;71170;1;1;1.0;6.0;46,92963400;4,82049300;
202300003868.0;1;25;25614;1;1;1.0;6.0;47,52188100;6,85435300;
202300003869.0;3;84;84038;1;1;1.0;1.0;43,77749300;5,10999400;
202300003870.0;1;87;87201;1;1;1.0;3.0;45,85880700;1,14532500;
202300003871.0;1;14;14724;2;3;1.0;6.0;49,25349900; -0,16099400;
202300003872.0;1;83;83097;1;3;1.0;3.0;43,47772800;5,75765100;
202300003873.0;1;14;14436;2;1;1.0;1.0;49,24367419; -0,68395552;
202300003874.0;1;79;79355;1;1;1.0;2.0;46,30487500; -0,36151000;
202300003875.0;1;14;14047;2;9;1.0;1.0;49,28343500; -0,71149300;
202300003876.0;3;80;80650;1;6;1.0;6.0;49,93335100;2,41188500;
202300003877.0;1;71;71014;1;1;1.0;7.0;46,96895700;4,32144600;
202300003878.0;3;13;13214;2;1;1.0;6.0;43,32122000;5,38560000;
202300003879.0;1;71;71469;1;1;1.0;7.0;46,28744000;4,51739800;
202300003880.0;1;974;97411;2;2;1.0;1.0; -20,88801000;55,46481000;
202300003881.0;1;63;63249;1;1;1.0;7.0;45,80608300;3,51573200;
202300003882.0;1;974;97411;2;6;1.0;3.0; -20,90065000;55,48713000;
202300003883.0;1;75;75107;2;3;1.0;1.0;48,86228400;2,30635000;
202300003884.0;5;75;75108;2;7;1.0;1.0;48,86708500;2,32065800;
202300003885.0;1;94;94074;2;6;1.0;5.0;48,77041000;2,44692000;
202300003886.0;1;94;94033;2;3;1.0;2.0;48,85962000;2,49001000;
202300003887.0;5;93;93064;2;1;1.0;6.0;48,86292165;2,48707674;
202300003888.0;1;93;93055;2;3;1.0;1.0;48,89827000;2,40629000;
202300003889.0;5;93;93048;2;2;1.0;3.0;48,86071203;2,45976652;
202300003890.0;1;93;93048;2;2;1.0;2.0;48,86291000;2,44163000;
202300003891.0;1;93;93066;2;3;1.0;1.0;48,93448992;2,36721168;
202300003892.0;1;93;93029;2;3;1.0;3.0;48,91710000;2,44428000;
202300003893.0;1;93;93014;2;1;1.0;3.0;48,89921883;2,54166716;
202300003894.0;1;92;92046;2;1;1.0;1.0;48,81558000;2,29033000;
202300003895.0;1;92;92051;2;1;1.0;3.0;48,88534000;2,25675000;
202300003896.0;1;92;92025;2;1;1.0;6.0;48,93081800;2,26729800;
202300003897.0;1;92;92024;2;1;1.0;3.0;48,90703724;2,30057895;
202300003898.0;1;92;92012;2;1;1.0;1.0;48,82387000;2,23782000;
202300003899.0;1;92;92004;2;1;1.0;2.0;48,91256000;2,29601000;
202300003900.0;1;38;38238;1;2;1.0;3.0;45,50103800;5,01128900;
202300003901.0;1;68;68112;2;3;1.0;3.0;47,90967600;7,20715200;
202300003902.0;1;49;49092;2;3;1.0;3.0;47,21356000; -0,79303800;
202300003903.0;3;81;81059;2;1;1.0;6.0;43,88372000;2,10684300;
202300003904.0;1;28;28409;1;9;1.0;2.0;48,27788400;1,19506400;
202300003905.0;1;38;38105;1;1;1.0;2.0;45,42282300;5,55781600;
202300003906.0;1;38;38239;2;1;1.0;3.0;45,32636500;5,58027700;
202300003907.0;1;971;97132;1;1;1.0;6.0;15,98132400; -61,62589300;
202300003908.0;1;60;60176;2;6;1.0;1.0;49,22357162;2,89189679;
202300003909.0;1;83;83019;2;1;1.0;2.0;43,14336400;6,32800200;
202300003910.0;1;56;56147;1;1;1.0;1.0;47,52224700; -2,27723300;
202300003911.0;1;67;67066;2;1;1.0;6.0;48,47281500;7,21537300;
202300003912.0;1;2A;2A006;1;1;1.0;6.0;41,97489100;8,74416500;
202300003913.0;1;80;80782;1;1;1.0;3.0;49,95574800;2,23116900;
202300003914.0;1;81;81288;1;1;1.0;7.0;43,44679700;2,04219100;
202300003915.0;1;71;71269;2;1;1.0;6.0;46,75196500;4,84835000;
202300003916.0;1;47;47168;1;1;1.0;1.0;44,58658200;0,36140100;
202300003917.0;1;51;51599;1;1;1.0;7.0;49,08745700;4,27662100;
202300003918.0;2;41;41115;1;3;1.0;7.0;47,85764400;1,18320300;
202300003919.0;3;84;84099;1;1;1.0;1.0;43,87148900;5,08177800;
202300003920.0;2;41;41188;1;1;1.0;6.0;47,76407300;1,29450900;
202300003921.0;1;22;22211;1;4;1.0;3.0;48,69281600; -3,44470700;
202300003922.0;1;51;51621;1;1;1.0;3.0;49,20265624;4,97516245;
202300003923.0;1;29;29117;2;6;1.0;7.0;48,58162410; -4,52138246;
202300003924.0;3;56;56027;1;1;1.0;6.0;47,92232800; -2,66844200;
202300003925.0;1;31;31042;2;1;1.0;6.0;42,79408400;0,59669600;
202300003926.0;1;56;56157;2;3;1.0;6.0;47,77988200; -2,69336700;
202300003927.0;1;77;77197;1;3;1.0;7.0;48,70722600;3,19793900;
202300003928.0;1;80;80680;2;1;1.0;2.0;49,82568100;2,71229300;
202300003929.0;1;65;65075;2;2;1.0;6.0;42,85634400;0,34965800;
202300003930.0;1;38;38416;2;3;1.0;3.0;45,15077300;5,31646500;
202300003931.0;1;33;33544;1;2;1.0;3.0;45,53503200; -1,09925500;
202300003932.0;1;02;02816;1;1;1.0;7.0;49,17646400;3,53578400;
202300003933.0;3;33;33128;1;1;1.0;1.0;45,33321000; -0,91988000;
202300003934.0;1;61;61075;2;1;1.0;6.0;48,49124000; -0,63282400;
202300003935.0;5;15;15267;1;2;1.0;3.0;44,93535600;2,39421000;
202300003936.0;1;49;49155;1;1;1.0;7.0;47,57162200; -0,70650500;
202300003937.0;1;01;01447;1;3;1.0;6.0;46,20771800;5,40679700;
202300003938.0;1;49;49057;1;1;8.0;1.0;47,16651174; -0,49410970;
202300003939.0;5;39;39475;1;9;5.0;6.0;46,44072600;5,33535400;
202300003940.0;3;26;26324;1;1;1.0;2.0;44,35824700;4,73949600;
202300003941.0;1;25;25403;1;4;1.0;3.0;47,01252300;6,62734700;
202300003942.0;1;58;58145;1;1;1.0;6.0;47,27857400;3,80557200;
202300003943.0;1;44;44061;1;1;1.0;6.0;47,23834000; -1,95738000;
202300003944.0;1;72;72386;1;1;1.0;2.0;48,00507000;0,24609800;
202300003945.0;3;29;29302;1;3;1.0;6.0;48,26753700; -4,07875200;
202300003946.0;1;02;02349;1;1;1.0;2.0;49,49905100;3,85210300;
202300003947.0;1;21;21003;2;1;1.0;6.0;47,36459800;5,02821200;
202300003948.0;1;84;84077;1;1;1.0;6.0;44,10005500;5,12439000;
202300003949.0;1;03;03128;1;1;1.0;3.0;46,38725300;2,46491700;
202300003950.0;1;21;21086;2;1;1.0;6.0;46,98537600;4,82661400;
202300003951.0;1;58;58243;1;1;1.0;7.0;46,91667400;3,66541300;
202300003952.0;1;27;27428;2;1;7.0;6.0;49,15041200;0,90692500;
202300003953.0;2;54;54228;1;1;7.0;7.0;48,44306700;6,50055900;
202300003954.0;2;50;50369;1;1;5.0;6.0;49,52143400; -1,55360000;
202300003955.0;1;28;28018;1;1;1.0;1.0;48,21450100;0,87995800;
202300003956.0;3;50;50567;1;1;1.0;6.0;49,57955500; -1,50793800;
202300003957.0;3;50;50582;1;1;1.0;2.0;48,73152600; -0,91850600;
202300003958.0;1;06;06152;1;1;1.0;1.0;43,64302600;7,02429500;
202300003959.0;3;45;45146;1;1;1.0;1.0;47,75376600;1,93631900;
202300003960.0;1;64;64014;1;1;1.0;3.0;43,31380500; -1,49522400;
202300003961.0;5;06;06085;2;1;1.0;1.0;43,60587000;7,01184200;
202300003962.0;1;07;07308;1;1;1.0;3.0;45,18125500;4,80025800;
202300003963.0;3;987;98745;2;1;1.0;7.0; -16,62000000; -151,49600000;
202300003964.0;3;07;07303;1;1;9.0;6.0;44,78830800;4,65598200;
202300003965.0;3;53;53018;1;1;5.0;4.0;47,91404100; -1,06181100;
202300003966.0;5;06;06123;1;1;1.0;3.0;43,66734400;7,19429600;
202300003967.0;1;87;87124;1;1;1.0;7.0;45,66833400;1,11247300;
202300003968.0;1;974;97408;2;9;1.0;3.0; -20,94413400;55,32876700;
202300003969.0;5;87;87001;2;1;1.0;6.0;45,79631100;1,14679500;
202300003970.0;3;03;03118;1;1;1.0;2.0;46,10872420;3,13827038;
202300003971.0;1;972;97228;1;1;3.0;1.0;14,75853200; -60,98088000;
202300003972.0;1;06;06104;1;1;1.0;7.0;43,75838700;7,44392400;
202300003973.0;1;77;77474;1;5;1.0;2.0;48,95781300;2,80561200;
202300003974.0;1;91;91494;2;6;1.0;3.0;48,61523600;2,35158900;
202300003975.0;3;973;97303;1;1;2.0;5.0;5,47203800; -53,18258300;
202300003976.0;1;2B;2B109;1;1;1.0;6.0;42,72804900;9,34095400;
202300003977.0;1;29;29234;1;1;1.0;2.0;47,84026557; -3,49503668;
202300003978.0;1;30;30156;2;9;1.0;3.0;43,85692000;4,44649100;
202300003979.0;1;83;83077;1;3;1.0;5.0;43,29832195;5,98383476;
202300003980.0;1;13;13030;1;1;1.0;5.0;43,26998500;5,67814200;
202300003981.0;3;13;13066;1;1;1.0;3.0;43,88327900;4,91587800;
202300003982.0;1;13;13100;1;1;1.0;3.0;43,80434200;4,82082300;
202300003983.0;1;21;21263;1;2;1.0;1.0;47,25765800;5,05912400;
202300003984.0;1;67;67021;1;1;1.0;7.0;48,41386400;7,38753600;
202300003985.0;3;68;68226;2;1;1.0;1.0;48,04338800;7,15705600;
202300003986.0;2;31;31291;2;6;7.0;3.0;43,60102600;1,24848800;
202300003987.0;1;03;03286;2;3;1.0;3.0;46,50575500;3,36249800;
202300003988.0;3;22;22364;1;1;5.0;6.0;48,43468200; -2,08758500;
202300003989.0;3;22;22277;1;1;2.0;6.0;48,37493000; -2,87991500;
202300003990.0;1;73;73328;1;1;1.0;3.0;45,64815800;5,88975500;
202300003991.0;1;76;76164;1;1;1.0;7.0;49,50227700;0,63514700;
202300003992.0;3;80;80210;1;1;1.0;1.0;49,74863800;2,10871000;
202300003993.0;1;26;26271;1;3;1.0;3.0;45,03325100;4,88164200;
202300003994.0;1;13;13106;1;1;1.0;2.0;43,39959526;5,34924076;
202300003995.0;1;83;83137;1;1;1.0;4.0;43,12207309;5,95538157;
202300003996.0;2;17;17220;1;2;5.0;3.0;45,51295000; -0,45799000;
202300003997.0;3;69;69029;1;1;1.0;3.0;45,72881860;4,89912313;
202300003998.0;1;67;67152;1;1;1.0;2.0;48,52367000;7,64735000;
202300003999.0;1;17;17058;2;3;1.0;3.0;45,84775100; -1,15569900;
202300004000.0;3;91;91228;1;1;1.0;5.0;48,62462000;2,41869000;
202300004001.0;3;24;24068;1;1;1.0;7.0;44,84268700;0,88309000;
202300004002.0;3;91;91617;1;1;1.0;7.0;48,64422300;2,53960100;
202300004003.0;3;78;78646;1;1;1.0;4.0;48,79104900;2,10629700;
202300004004.0;1;22;22012;1;2;1.0;3.0;48,56665400; -2,46252500;
202300004005.0;5;93;93053;1;1;1.0;3.0;48,90368296;2,46667840;
202300004006.0;5;75;75117;2;1;1.0;5.0;48,90048800;2,32206500;
202300004007.0;1;75;75120;2;2;1.0;6.0;48,86713600;2,38338400;
202300004008.0;1;80;80670;1;2;8.0;3.0;49,84326500;2,09431700;
202300004009.0;5;75;75119;2;4;1.0;6.0;48,90079088;2,37162799;
202300004010.0;1;13;13211;1;1;1.0;3.0;43,29350000;5,45639000;
202300004011.0;1;75;75118;2;3;1.0;6.0;48,88801200;2,35620400;
202300004012.0;1;91;91377;1;1;1.0;2.0;48,71907000;2,27005000;
202300004013.0;5;75;75116;2;1;1.0;3.0;48,86184500;2,29164200;
202300004014.0;1;91;91432;1;1;1.0;2.0;48,69121000;2,32210000;
202300004015.0;1;75;75115;2;1;1.0;4.0;48,82734300;2,29319800;
202300004016.0;1;91;91286;1;1;1.0;3.0;48,64397000;2,39175000;
202300004017.0;1;75;75114;2;1;1.0;3.0;48,83545200;2,33343700;
202300004018.0;5;75;75107;2;2;8.0;2.0;48,85160600;2,32688300;
202300004019.0;1;92;92036;1;1;1.0;2.0;48,93440186;2,28032461;
202300004020.0;1;75;75112;2;1;1.0;3.0;48,84480400;2,40404300;
202300004021.0;5;75;75109;2;1;1.0;6.0;48,88342200;2,34797600;
202300004022.0;5;75;75110;2;3;1.0;7.0;48,87035602;2,34955341;
202300004023.0;3;93;93027;1;1;1.0;3.0;48,92458528;2,38937632;
202300004024.0;5;75;75104;2;3;1.0;3.0;48,85510600;2,36170600;
202300004025.0;1;92;92036;1;1;1.0;2.0;48,94468490;2,28538563;
202300004026.0;1;94;94081;2;3;1.0;3.0;48,79417000;2,41613000;
202300004027.0;1;94;94052;1;1;1.0;2.0;48,83826565;2,49372861;
202300004028.0;5;94;94078;2;3;1.0;4.0;48,72469200;2,44515800;
202300004029.0;5;94;94046;2;1;1.0;2.0;48,81030000;2,43225000;
202300004030.0;1;94;94069;1;1;1.0;2.0;48,81723758;2,45368052;
202300004031.0;5;94;94001;2;3;1.0;3.0;48,72114000;2,41833000;
202300004032.0;1;974;97411;2;1;1.0;6.0; -20,87600000;55,43641000;
202300004033.0;1;94;94070;1;1;1.0;2.0;48,71368975;2,56097692;
202300004034.0;2;974;97407;1;1;1.0;6.0; -20,93439000;55,31940000;
202300004035.0;1;94;94048;2;1;1.0;2.0;48,74286000;2,55983600;
202300004036.0;1;95;95212;1;1;8.0;1.0;49,02891000;2,56093000;
202300004037.0;1;973;97302;2;1;1.0;7.0;4,91194000; -52,32125000;
202300004038.0;1;92;92072;2;1;1.0;3.0;48,82589000;2,21779000;
202300004039.0;5;69;69388;2;1;1.0;6.0;45,73063670;4,85710874;
202300004040.0;5;92;92072;2;1;1.0;2.0;48,82397979;2,20980629;
202300004041.0;5;92;92033;2;1;1.0;7.0;48,85564469;2,19514534;
202300004042.0;1;69;69387;2;5;1.0;3.0;45,73172000;4,82408000;
202300004043.0;1;92;92063;2;2;8.0;3.0;48,88712000;2,17959000;
202300004044.0;1;69;69149;2;2;1.0;1.0;45,71701000;4,81256000;
202300004045.0;5;92;92040;2;2;1.0;3.0;48,82982000;2,26128000;
202300004046.0;2;27;27210;1;1;2.0;3.0;49,12914800;0,82026200;
202300004047.0;5;92;92025;2;2;1.0;7.0;48,91462900;2,22909300;
202300004048.0;1;2A;2A004;2;1;1.0;3.0;41,95525000;8,78373000;
202300004049.0;2;37;37050;2;1;2.0;6.0;47,33674000;0,68758400;
202300004050.0;3;35;35046;1;2;1.0;3.0;47,87595800; -2,04265200;
202300004051.0;1;2A;2A271;1;1;1.0;2.0;41,95780000;8,81230000;
202300004052.0;2;49;49355;1;1;1.0;3.0;47,13342500; -0,82517600;
202300004053.0;1;2A;2A004;2;1;1.0;6.0;41,95241000;8,78107000;
202300004054.0;3;24;24115;2;1;1.0;6.0;45,25258000;0,69130200;
202300004055.0;3;95;95134;1;1;1.0;6.0;49,14063600;2,25515300;
202300004056.0;1;2A;2A004;2;1;1.0;6.0;41,92769000;8,73852000;
202300004057.0;1;53;53108;1;1;1.0;6.0;48,08113200; -1,00634300;
202300004058.0;1;86;86254;1;2;7.0;3.0;46,37547800;0,84419800;
202300004059.0;3;38;38253;1;1;4.0;7.0;45,02683700;6,08796000;
202300004060.0;3;60;60385;1;1;2.0;6.0;49,14687800;3,12101800;
202300004061.0;1;91;91421;1;1;1.0;2.0;48,68990000;2,46555000;
202300004062.0;1;06;06088;1;1;1.0;7.0;43,72158300;7,21814600;
202300004063.0;1;44;44103;1;1;1.0;2.0;47,32445400; -2,16980000;
202300004064.0;3;23;23235;1;1;1.0;7.0;46,21451100;1,54849300;
202300004065.0;3;988;98831;2;3;1.0;7.0; -20,96839000;164,66989000;
202300004066.0;1;87;87085;2;1;1.0;3.0;45,81441000;1,24254000;
202300004067.0;1;21;21373;1;1;5.0;7.0;47,31981400;4,79962000;
202300004068.0;1;51;51287;1;1;1.0;3.0;49,07043600;3,95673000;
202300004069.0;1;87;87085;2;6;1.0;2.0;45,83417000;1,26258000;
202300004070.0;5;78;78537;2;3;1.0;3.0;48,57904200;1,94331400;
202300004071.0;1;82;82155;1;1;7.0;1.0;44,15120100;1,74070000;
202300004072.0;3;87;87085;2;1;1.0;6.0;45,82657000;1,22438000;
202300004073.0;5;84;84054;2;1;1.0;2.0;43,92577900;5,04856100;
202300004074.0;1;32;32107;1;1;1.0;1.0;43,97698200;0,38020800;
202300004075.0;5;87;87085;2;1;1.0;6.0;45,85402000;1,26608000;
202300004076.0;2;13;13097;1;1;6.0;6.0;43,55277800;4,80514500;
202300004077.0;1;61;61483;2;6;1.0;6.0;48,54991800; -0,40251700;
202300004078.0;2;87;87048;1;1;1.0;7.0;45,78295000;1,22607000;
202300004079.0;1;89;89438;1;1;3.0;3.0;47,79216900;3,66784600;
202300004080.0;1;85;85194;2;1;1.0;1.0;46,49001000; -1,76146000;
202300004081.0;3;42;42185;1;1;1.0;6.0;45,58477800;4,24507600;
202300004082.0;2;22;22203;1;1;5.0;6.0;48,36207300; -2,87466300;
202300004083.0;5;67;67067;2;1;3.0;6.0;48,73071000;7,70910300;
202300004084.0;1;83;83069;2;2;1.0;1.0;43,11486000;6,15621000;
202300004085.0;1;39;39560;1;1;7.0;7.0;46,35840200;5,84743400;
202300004086.0;1;29;29093;1;1;1.0;1.0;48,58628500; -4,41373100;
202300004087.0;1;78;78418;2;6;1.0;3.0;48,91201100;2,14654600;
202300004088.0;3;88;88531;1;1;4.0;1.0;48,09819400;6,90487500;
202300004089.0;4;38;38095;1;6;1.0;6.0;45,12492800;5,28006800;
202300004090.0;3;73;73176;1;1;4.0;7.0;45,62122582;6,85770661;
202300004091.0;1;77;77243;2;1;1.0;4.0;48,87921000;2,70157000;
202300004092.0;3;02;02759;2;4;5.0;6.0;49,85940800;3,78888800;
202300004093.0;5;73;73213;2;2;2.0;6.0;45,55962800;5,96585200;
202300004094.0;5;76;76157;2;3;1.0;1.0;49,45000000;1,03512000;
202300004095.0;3;03;03080;1;2;1.0;3.0;46,10351500;3,26055800;
202300004096.0;1;76;76319;1;1;7.0;7.0;49,34672000;1,00151000;
202300004097.0;1;38;38449;1;1;1.0;6.0;45,62562300;5,09108800;
202300004098.0;1;15;15038;2;3;1.0;3.0;45,37658000;2,57710900;
202300004099.0;1;76;76540;2;2;1.0;6.0;49,44029000;1,10084000;
202300004100.0;1;76;76391;2;1;1.0;6.0;49,30636700;0,95716800;
202300004101.0;1;72;72373;1;1;8.0;1.0;48,04175200;0,77773300;
202300004102.0;1;50;50464;1;1;1.0;3.0;48,98318800; -1,41300900;
202300004103.0;3;76;76447;1;1;1.0;2.0;49,54054000;0,21188000;
202300004104.0;5;38;38158;2;3;2.0;3.0;45,14947900;5,74022800;
202300004105.0;3;50;50251;1;1;1.0;6.0;49,50124700; -1,42874200;
202300004106.0;1;72;72181;2;3;1.0;6.0;47,97979000;0,20642000;
202300004107.0;3;60;60029;1;1;2.0;6.0;49,35786900;1,98363700;
202300004108.0;2;69;69009;1;1;2.0;3.0;45,92137606;4,72956880;
202300004109.0;3;43;43152;1;1;1.0;6.0;45,06136800;3,84986000;
202300004110.0;5;69;69266;2;6;1.0;6.0;45,77294000;4,86662000;
202300004111.0;5;81;81140;2;6;2.0;6.0;43,69903950;1,81514940;
202300004112.0;1;69;69266;2;1;1.0;6.0;45,76060000;4,90524000;
202300004113.0;3;36;36128;1;1;1.0;6.0;46,84645632;1,75055059;
202300004114.0;5;69;69256;2;1;1.0;6.0;45,78073000;4,92467000;
202300004115.0;2;46;46057;1;1;1.0;6.0;44,68371700;1,99804700;
202300004116.0;5;07;07183;2;3;1.0;7.0;44,47277300;4,35598800;
202300004117.0;1;69;69264;2;3;1.0;3.0;45,98208000;4,71499000;
202300004118.0;3;17;17021;2;1;1.0;6.0;45,74834500; -1,15620400;
202300004119.0;1;24;24216;1;1;1.0;1.0;45,16288000;0,25403500;
202300004120.0;1;85;85047;2;6;7.0;3.0;46,85107900; -1,87965500;
202300004121.0;3;86;86017;1;1;2.0;6.0;46,66522300;0,08116700;
202300004122.0;1;69;69259;2;6;1.0;3.0;45,69739000;4,89095000;
202300004123.0;1;85;85090;1;1;1.0;1.0;46,83526000; -0,85808000;
202300004124.0;2;47;47157;2;1;3.0;6.0;44,49902300;0,17903900;
202300004125.0;3;42;42185;1;1;1.0;6.0;45,58917500;4,26828700;
202300004126.0;1;69;69259;2;2;1.0;3.0;45,69496898;4,87336223;
202300004127.0;2;49;49068;1;1;1.0;6.0;47,42785500; -0,91409700;
202300004128.0;1;60;60524;1;1;8.0;3.0;49,32900300;2,43554200;
202300004129.0;1;67;67218;2;1;1.0;6.0;48,54529900;7,73803100;
202300004130.0;1;976;97605;2;1;1.0;7.0; -12,82633200;45,11151600;
202300004131.0;1;62;62559;1;9;1.0;6.0;50,21125900;3,09812100;
202300004132.0;5;60;60433;2;1;1.0;2.0;49,25481600;2,20609300;
202300004133.0;1;67;67043;2;3;1.0;3.0;48,61474000;7,73394000;
202300004134.0;5;02;02381;2;1;2.0;6.0;49,91298100;4,09179000;
202300004135.0;1;67;67482;2;3;1.0;6.0;48,58007000;7,74526000;
202300004136.0;1;34;34327;1;1;1.0;5.0;43,67570500;3,95173500;
202300004137.0;5;66;66136;2;1;1.0;2.0;42,68777000;2,89890000;
202300004138.0;3;42;42065;1;1;1.0;6.0;45,76728300;4,21662600;
202300004139.0;1;59;59626;1;1;2.0;1.0;50,29666600;3,63732200;
202300004140.0;1;01;01032;2;1;1.0;6.0;45,85516400;5,12842000;
202300004141.0;1;66;66136;2;3;1.0;3.0;42,68788000;2,89844000;
202300004142.0;1;38;38087;1;9;1.0;2.0;45,58184000;4,80136000;
202300004143.0;1;85;85250;1;1;1.0;1.0;46,55099000; -1,72709900;
202300004144.0;3;83;83027;1;1;1.0;2.0;43,19500000;5,69600000;
202300004145.0;1;33;33063;1;1;2.0;6.0;44,88364244; -0,55623114;
202300004146.0;1;64;64483;2;1;1.0;5.0;43,38266000; -1,64381000;
202300004147.0;1;69;69297;1;1;1.0;3.0;45,58812000;4,78752000;
202300004148.0;3;64;64545;1;1;1.0;7.0;43,32122000; -1,68430000;
202300004149.0;1;33;33013;1;1;2.0;3.0;44,84996918; -0,50386101;
202300004150.0;3;91;91617;1;1;1.0;2.0;48,63189800;2,49701600;