Num_Acc;lum;departement;commune;agglomeration;intersection;meteo;type_collision;lat;long;date
202300004151.0;1;64;64445;2;1;1.0;6.0;43,30550000; -0,37520000;
202300004152.0;1;94;94003;1;1;2.0;3.0;48,80193886;2,34201599;
202300004153.0;3;91;91377;1;1;1.0;2.0;48,71849000;2,29246000;
202300004154.0;1;64;64024;2;1;1.0;3.0;43,50379200; -1,49646200;
202300004155.0;2;91;91689;1;1;1.0;2.0;48,72200000;2,31200000;
202300004156.0;3;94;94034;1;1;1.0;6.0;48,75609704;2,34121956;
202300004157.0;1;64;64102;2;1;1.0;7.0;43,48566000; -1,49138000;
202300004158.0;1;91;91161;1;1;1.0;2.0;48,69861000;2,31344000;
202300004159.0;3;91;91477;1;1;1.0;6.0;48,72153100;2,25134800;
202300004160.0;3;78;78158;1;1;1.0;5.0;48,84134600;2,10610000;
202300004161.0;1;63;63032;2;2;1.0;3.0;45,74668000;3,09380000;
202300004162.0;1;93;93053;1;1;1.0;2.0;48,89382816;2,47190204;
202300004163.0;3;95;95252;1;1;1.0;6.0;48,98761518;2,20662576;
202300004164.0;1;63;63113;2;1;1.0;3.0;45,81111827;3,10936689;
202300004165.0;3;92;92036;1;1;1.0;4.0;48,93664599;2,29068481;
202300004166.0;5;93;93066;1;1;1.0;4.0;48,93164776;2,36975670;
202300004167.0;3;62;62774;1;1;1.0;2.0;50,92459000;1,71560000;
202300004168.0;2;93;93064;1;1;2.0;3.0;48,86176000;2,48349000;
202300004169.0;5;95;95018;1;1;1.0;2.0;48,94967230;2,28022080;
202300004170.0;2;94;94017;1;1;2.0;2.0;48,82665078;2,51617424;
202300004171.0;1;60;60325;1;1;1.0;4.0;49,40255000;2,78344000;
202300004172.0;1;93;93007;1;1;1.0;4.0;48,95096029;2,44989302;
202300004173.0;2;67;67267;2;1;1.0;6.0;48,55590600;7,69258700;
202300004174.0;1;56;56260;2;3;1.0;3.0;47,65336000; -2,78215000;
202300004175.0;1;94;94017;1;1;2.0;5.0;48,82665078;2,51617424;
202300004176.0;3;49;49246;2;1;1.0;6.0;47,44171000; -0,48542000;
202300004177.0;1;56;56121;2;1;1.0;3.0;47,75978000; -3,36629000;
202300004178.0;1;74;74208;1;9;2.0;2.0;45,92651800;6,75193012;
202300004179.0;1;75;75116;2;3;1.0;6.0;48,85482912;2,27961112;
202300004180.0;5;14;14137;2;1;2.0;6.0;49,18357000; -0,44238000;
202300004181.0;5;45;45234;2;2;1.0;3.0;47,92743000;1,88810000;
202300004182.0;1;93;93064;2;2;1.0;3.0;48,86818650;2,50107810;
202300004183.0;1;14;14409;2;1;1.0;3.0;49,28269000; -0,19228400;
202300004184.0;1;38;38185;2;1;1.0;6.0;45,18530000;5,71076000;
202300004185.0;1;92;92076;2;1;1.0;6.0;48,84003462;2,15508789;
202300004186.0;1;974;97416;2;1;1.0;6.0; -21,34316000;55,47445000;
202300004187.0;5;36;36044;2;1;1.0;6.0;46,81218611;1,69230491;
202300004188.0;1;76;76540;2;1;1.0;6.0;49,44649600;1,08993800;
202300004189.0;1;63;63113;2;2;1.0;6.0;45,80711142;3,10683757;
202300004190.0;1;974;97416;1;9;1.0;7.0; -21,30475000;55,42789000;
202300004191.0;1;35;35238;2;2;1.0;3.0;48,10993000; -1,65543000;
202300004192.0;5;63;63075;2;1;1.0;6.0;45,77968000;3,07163600;
202300004193.0;1;33;33119;2;1;1.0;6.0;44,86232489; -0,51426664;
202300004194.0;1;13;13202;2;1;1.0;6.0;43,31536503;5,36998338;
202300004195.0;1;973;97302;2;2;1.0;3.0;4,94064000; -52,32681000;
202300004196.0;1;91;91468;1;1;1.0;5.0;48,57330000;2,46740000;
202300004197.0;1;33;33162;2;3;1.0;3.0;44,88368000; -0,63295000;
202300004198.0;5;973;97302;2;1;1.0;7.0;4,93201000; -52,29726000;
202300004199.0;1;08;08409;2;1;9.0;6.0;49,69588000;4,91436000;
202300004200.0;1;30;30189;2;6;1.0;3.0;43,83710000;4,38840000;
202300004201.0;5;973;97302;1;1;1.0;6.0;4,90840000; -52,32330000;
202300004202.0;1;67;67482;2;1;1.0;6.0;48,55277000;7,74409000;
202300004203.0;1;77;77288;2;1;1.0;6.0;48,53500000;2,65700000;
202300004204.0;5;973;97302;2;1;2.0;7.0;4,93026000; -52,32220000;
202300004205.0;1;28;28085;2;1;7.0;6.0;48,44000000;1,48000000;
202300004206.0;1;976;97611;2;1;1.0;2.0; -12,77636000;45,22542000;
202300004207.0;1;972;97209;2;1;1.0;2.0;14,61489000; -61,07037000;
202300004208.0;1;27;27229;2;1;1.0;6.0;49,02564000;1,17207000;
202300004209.0;1;974;97416;1;1;1.0;2.0; -21,30112000;55,42464000;
202300004210.0;1;26;26198;2;6;1.0;6.0;44,54316000;4,77160000;
202300004211.0;5;974;97411;2;6;1.0;2.0; -20,90108500;55,49659700;
202300004212.0;1;69;69389;2;2;1.0;3.0;45,77580000;4,80190000;
202300004213.0;1;25;25056;2;1;1.0;2.0;47,21856900;5,96485300;
202300004214.0;1;973;97302;2;1;1.0;3.0;4,93206798; -52,30765164;
202300004215.0;5;22;22278;2;1;1.0;6.0;48,51077000; -2,77415000;
202300004216.0;1;972;97213;1;1;2.0;3.0;14,62666000; -61,00794000;
202300004217.0;1;971;97105;2;3;1.0;5.0;16,00609897; -61,73224747;
202300004218.0;1;17;17300;2;9;1.0;6.0;46,15828000; -1,15511000;
202300004219.0;1;2A;2A004;2;1;1.0;1.0;41,94661472;8,76571029;
202300004220.0;1;2A;2A004;2;1;1.0;3.0;41,94640725;8,76746982;
202300004221.0;1;14;14271;1;1;1.0;3.0;49,13706000; -0,39031000;
202300004222.0;3;95;95585;2;1;1.0;5.0;48,98498000;2,38547000;
202300004223.0;1;91;91174;2;1;1.0;6.0;48,58423000;2,47213000;
202300004224.0;1;13;13206;2;2;1.0;6.0;43,28420000;5,38554000;
202300004225.0;1;86;86214;2;2;1.0;3.0;46,56356700;0,35141400;
202300004226.0;1;91;91692;2;1;1.0;2.0;48,67945000;2,20075000;
202300004227.0;1;80;80021;2;9;1.0;3.0;49,88798900;2,29466500;
202300004228.0;1;13;13211;2;1;1.0;6.0;43,29531388;5,48900052;
202300004229.0;1;13;13210;2;1;1.0;4.0;43,27926000;5,42100000;
202300004230.0;5;76;76322;2;1;1.0;6.0;49,41200000;1,04750000;
202300004231.0;3;73;73065;2;6;3.0;6.0;45,56380000;5,93180000;
202300004232.0;2;13;13215;2;1;1.0;6.0;43,37956000;5,36165000;
202300004233.0;5;91;91097;2;9;1.0;4.0;48,68490000;2,53036000;
202300004234.0;5;67;67482;2;1;1.0;3.0;48,58506000;7,71453000;
202300004235.0;3;13;13005;2;1;1.0;7.0;43,28878000;5,58705000;
202300004236.0;1;67;67482;2;1;1.0;2.0;48,57431000;7,73954000;
202300004237.0;1;91;91097;2;1;1.0;6.0;48,68232000;2,53151000;
202300004238.0;1;13;13001;2;1;1.0;6.0;43,48347000;5,41746000;
202300004239.0;1;64;64445;2;1;1.0;1.0;43,30913000; -0,34367000;
202300004240.0;1;10;10333;2;1;1.0;4.0;48,28035844;4,04548466;
202300004241.0;5;89;89387;2;3;1.0;3.0;48,19770000;3,27400000;
202300004242.0;5;64;64445;2;2;1.0;3.0;43,30810000; -0,37654000;
202300004243.0;1;10;10333;2;1;1.0;3.0;48,27253014;4,05524254;
202300004244.0;5;77;77320;2;1;1.0;6.0;48,82876000;3,02801000;
202300004245.0;1;06;06088;2;3;1.0;6.0;43,71510000;7,27188000;
202300004246.0;1;38;38348;2;6;9.0;7.0;45,58422500;5,30818300;
202300004247.0;1;04;04112;2;1;1.0;6.0;43,83037000;5,78363000;
202300004248.0;5;76;76540;2;2;1.0;3.0;49,45193000;1,06902000;
202300004249.0;1;64;64024;2;1;1.0;1.0;43,49517000; -1,49975000;
202300004250.0;5;69;69028;2;3;1.0;7.0;45,72556600;4,70117700;
202300004251.0;1;02;02738;2;1;1.0;1.0;49,65849000;3,29057000;
202300004252.0;3;09;09082;1;1;1.0;7.0;43,01386500;1,36873700;
202300004253.0;1;76;76575;1;1;1.0;3.0;49,39560000;1,11170000;
202300004254.0;2;14;14076;1;1;3.0;6.0;49,22348300; -0,28652400;
202300004255.0;1;64;64102;2;1;1.0;3.0;43,50261000; -1,43856000;
202300004256.0;1;75;75108;2;2;1.0;3.0;48,86667210;2,32205272;
202300004257.0;1;69;69266;2;2;1.0;3.0;45,77839000;4,88917000;
202300004258.0;3;35;35242;1;1;2.0;7.0;48,38855900; -1,53533900;
202300004259.0;5;67;67482;2;1;1.0;6.0;48,56160000;7,75033000;
202300004260.0;5;75;75107;2;2;1.0;1.0;48,85770300;2,32797200;
202300004261.0;3;27;27123;1;3;1.0;2.0;49,01227400;1,30204100;
202300004262.0;1;64;64102;2;1;1.0;6.0;43,49936000; -1,48166000;
202300004263.0;3;64;64132;1;1;1.0;6.0;43,28724000; -0,32974000;
202300004264.0;1;75;75105;2;3;1.0;2.0;48,85041200;2,35352900;
202300004265.0;1;60;60589;2;6;8.0;3.0;49,23153021;2,45894730;
202300004266.0;1;62;62667;2;2;1.0;7.0;50,70463000;1,57287000;
202300004267.0;1;75;75117;2;1;1.0;3.0;48,88669700;2,30443300;
202300004268.0;1;69;69152;1;1;1.0;4.0;45,69459000;4,84218000;
202300004269.0;1;58;58194;2;1;5.0;1.0;46,99040000;3,16628000;
202300004270.0;2;75;75115;2;2;1.0;3.0;48,83998700;2,29038000;
202300004271.0;1;64;64024;2;1;1.0;3.0;43,49274000; -1,50710000;
202300004272.0;3;91;91553;1;1;1.0;5.0;48,63175000;2,50444000;
202300004273.0;5;57;57606;2;7;2.0;3.0;49,10801523;6,69721842;
202300004274.0;1;75;75113;2;4;1.0;3.0;48,82109800;2,35441500;
202300004275.0;5;62;62178;2;1;1.0;6.0;50,47764463;2,55898333;
202300004276.0;5;51;51454;2;1;1.0;3.0;49,24316000;4,02766000;
202300004277.0;1;75;75113;2;2;1.0;3.0;48,82617600;2,35730000;
202300004278.0;1;92;92050;1;1;1.0;6.0;48,89512395;2,19297110;
202300004279.0;1;62;62119;2;6;1.0;6.0;50,52831000;2,64269000;
202300004280.0;1;41;41047;2;1;1.0;3.0;47,60920000;1,35637000;
202300004281.0;1;75;75112;2;3;1.0;3.0;48,81836000;2,45165700;
202300004282.0;1;95;95527;1;1;1.0;3.0;48,98622000;2,50804000;
202300004283.0;5;35;35238;2;3;1.0;3.0;48,11634000; -1,70780000;
202300004284.0;1;75;75112;2;2;1.0;3.0;48,84584600;2,36762900;
202300004285.0;1;59;59599;2;1;1.0;6.0;50,72155000;3,15974000;
202300004286.0;3;93;93064;1;1;8.0;4.0;48,86369651;2,48274872;
202300004287.0;1;95;95252;1;1;1.0;6.0;48,98695437;2,24255979;
202300004288.0;1;35;35278;2;6;1.0;5.0;48,15828256; -1,68785512;
202300004289.0;1;75;75111;2;2;1.0;3.0;48,86245100;2,36688200;
202300004290.0;3;972;97213;1;1;2.0;6.0;14,62164000; -61,00660000;
202300004291.0;3;59;59636;1;1;1.0;6.0;50,69284000;3,01944000;
202300004292.0;1;34;34172;2;3;1.0;3.0;43,59420000;3,87029000;
202300004293.0;5;62;62186;2;1;3.0;6.0;50,45771491;2,72124910;
202300004294.0;1;75;75111;2;2;1.0;3.0;48,86999300;2,37105700;
202300004295.0;1;59;59350;2;1;8.0;6.0;50,62832182;3,05184960;
202300004296.0;5;33;33200;2;3;1.0;3.0;44,86697000; -0,66862000;
202300004297.0;1;75;75110;2;3;1.0;3.0;48,87609800;2,36060500;
202300004298.0;5;59;59350;2;1;1.0;3.0;50,64010700;3,07686000;
202300004299.0;1;29;29019;2;1;1.0;6.0;48,41440647; -4,46931794;
202300004300.0;1;75;75110;2;1;1.0;1.0;48,88266300;2,35034400;
202300004301.0;5;33;33063;2;3;1.0;6.0;44,82877000; -0,56347000;
202300004302.0;1;59;59328;2;1;1.0;1.0;50,65554000;3,02842700;
202300004303.0;1;31;31555;2;1;1.0;3.0;43,59369600;1,45764500;
202300004304.0;5;973;97302;2;6;1.0;3.0;4,92722000; -52,28999000;
202300004305.0;1;75;75108;2;2;1.0;5.0;48,87638800;2,30788600;
202300004306.0;1;56;56098;2;6;1.0;2.0;47,77739000; -3,33909000;
202300004307.0;3;30;30007;2;1;1.0;6.0;44,11467000;4,09589000;
202300004308.0;2;973;97302;2;1;1.0;7.0;4,92670469; -52,30347705;
202300004309.0;1;29;29051;1;1;1.0;6.0;47,99254140; -4,02702591;
202300004310.0;5;69;69381;2;2;1.0;6.0;45,76816000;4,83132000;
202300004311.0;1;54;54547;2;6;1.0;6.0;48,66309800;6,17195700;
202300004312.0;1;69;69152;2;1;1.0;6.0;45,70032000;4,82456000;
202300004313.0;1;75;75101;2;3;1.0;3.0;48,86325700;2,33381300;
202300004314.0;1;54;54395;2;1;1.0;6.0;48,69000000;6,18000000;
202300004315.0;3;28;28134;1;9;1.0;1.0;48,73052000;1,39004000;
202300004316.0;1;2A;2A004;2;1;1.0;2.0;41,94162000;8,74780000;
202300004317.0;5;95;95680;2;1;1.0;6.0;49,00048312;2,41578519;
202300004318.0;1;75;75101;2;3;1.0;6.0;48,86246400;2,33626100;
202300004319.0;1;25;25056;2;2;1.0;2.0;47,23808000;5,98801000;
202300004320.0;1;95;95598;2;1;1.0;3.0;48,98962000;2,29178700;
202300004321.0;5;94;94046;2;1;1.0;2.0;48,81071237;2,42318501;
202300004322.0;1;50;50129;2;2;1.0;3.0;49,64639000; -1,64948000;
202300004323.0;3;13;13108;1;1;1.0;7.0;43,77069000;4,66858000;
202300004324.0;1;94;94003;2;9;1.0;3.0;48,79983524;2,34290743;
202300004325.0;1;91;91691;2;1;1.0;6.0;48,71719900;2,49410600;
202300004326.0;1;30;30032;2;1;7.0;6.0;43,80533000;4,63766000;
202300004327.0;3;49;49007;2;3;1.0;6.0;47,47194000; -0,55055000;
202300004328.0;1;94;94041;2;1;1.0;3.0;48,80504222;2,38821664;
202300004329.0;5;91;91286;2;1;2.0;3.0;48,65443100;2,38918400;
202300004330.0;1;30;30032;2;1;1.0;6.0;43,80605000;4,64357000;
202300004331.0;1;49;49007;2;1;1.0;6.0;47,48296000; -0,57520000;
202300004332.0;1;94;94077;2;6;1.0;6.0;48,73089920;2,41844851;
202300004333.0;2;91;91228;2;1;2.0;3.0;48,62394000;2,41296000;
202300004334.0;1;49;49007;2;1;1.0;7.0;47,48462000; -0,53140000;
202300004335.0;5;13;13204;2;1;1.0;3.0;43,31400000;5,40640000;
202300004336.0;1;94;94079;2;3;1.0;3.0;48,82135351;2,53461671;
202300004337.0;1;85;85194;2;1;1.0;2.0;46,49039000; -1,76782000;
202300004338.0;1;84;84007;1;1;1.0;6.0;43,93772000;4,88557000;
202300004339.0;5;13;13212;2;3;1.0;6.0;43,30445084;5,41455392;
202300004340.0;1;94;94079;2;2;1.0;3.0;48,82271000;2,56218000;
202300004341.0;1;84;84007;2;1;1.0;1.0;43,92068000;4,87744000;
202300004342.0;1;45;45338;2;2;8.0;2.0;47,98096000;2,72316000;
202300004343.0;5;13;13214;2;1;1.0;6.0;43,34619000;5,38124000;
202300004344.0;1;93;93059;2;3;1.0;6.0;48,97017000;2,36962000;
202300004345.0;5;13;13208;2;1;1.0;3.0;43,24900000;5,39000000;
202300004346.0;1;93;93031;2;1;1.0;3.0;48,95315000;2,30760000;
202300004347.0;1;84;84007;2;2;1.0;6.0;43,92850000;4,80991000;
202300004348.0;2;06;06069;2;6;1.0;1.0;43,63419810;6,95186010;
202300004349.0;5;44;44109;2;1;1.0;1.0;47,20441900; -1,55601900;
202300004350.0;1;93;93057;2;3;1.0;6.0;48,90837904;2,49777764;
202300004351.0;1;83;83137;2;1;1.0;6.0;43,12034281;5,95374566;
202300004352.0;1;06;06004;1;1;1.0;3.0;43,57123480;7,10022180;
202300004353.0;1;93;93001;2;2;1.0;6.0;48,91914894;2,38632870;
202300004354.0;1;41;41018;2;1;1.0;2.0;47,58288000;1,31591000;
202300004355.0;1;83;83069;1;1;1.0;1.0;43,16158000;6,12408000;
202300004356.0;1;75;75112;2;1;1.0;5.0;48,84135700;2,41355200;
202300004357.0;1;92;92046;2;7;1.0;6.0;48,82116319;2,30241090;
202300004358.0;1;82;82121;2;2;1.0;3.0;44,02247615;1,35723799;
202300004359.0;1;92;92050;2;1;1.0;6.0;48,89046130;2,19930005;
202300004360.0;1;40;40192;2;3;1.0;3.0;43,89509000; -0,50528000;
202300004361.0;5;75;75112;2;1;1.0;2.0;48,84315800;2,41370700;
202300004362.0;1;82;82121;2;3;1.0;3.0;44,02198626;1,37402259;
202300004363.0;1;38;38151;2;3;1.0;3.0;45,15424000;5,70760000;
202300004364.0;1;92;92044;2;1;1.0;3.0;48,89998116;2,28195101;
202300004365.0;5;75;75116;2;1;1.0;2.0;48,87765500;2,28034400;
202300004366.0;2;38;38169;2;1;1.0;6.0;45,19072000;5,70072000;
202300004367.0;1;92;92044;2;1;1.0;6.0;48,89367902;2,28832394;
202300004368.0;1;35;35238;2;1;1.0;6.0;48,10333000; -1,68962000;
202300004369.0;5;75;75116;2;1;1.0;3.0;48,85949600;2,26272700;
202300004370.0;1;35;35281;2;1;1.0;3.0;48,08788997; -1,69424683;
202300004371.0;1;92;92035;2;2;1.0;2.0;48,90592629;2,23950371;
202300004372.0;2;35;35238;2;1;1.0;6.0;48,11547000; -1,70777000;
202300004373.0;5;75;75117;2;3;1.0;2.0;48,88633400;2,28653100;
202300004374.0;1;76;76540;2;4;1.0;3.0;49,43327000;1,10766000;
202300004375.0;1;92;92026;2;1;1.0;2.0;48,90559167;2,27732152;
202300004376.0;5;72;72181;2;2;2.0;3.0;48,00639000;0,19280000;
202300004377.0;1;92;92025;2;1;1.0;3.0;48,93099600;2,26718700;
202300004378.0;1;75;75105;2;2;1.0;6.0;48,84807500;2,35049400;
202300004379.0;1;34;34172;2;2;1.0;3.0;43,61034000;3,89050000;
202300004380.0;1;69;69256;2;1;8.0;3.0;45,77177383;4,92378021;
202300004381.0;5;92;92024;2;3;1.0;6.0;48,90380535;2,29057029;
202300004382.0;4;33;33200;2;6;1.0;7.0;44,85940000; -0,68480000;
202300004383.0;2;75;75118;2;3;1.0;6.0;48,88420900;2,34948500;
202300004384.0;3;22;22187;2;1;1.0;7.0;48,52844000; -2,75157000;
202300004385.0;1;85;85181;1;1;1.0;5.0;46,49768000; -0,92464300;
202300004386.0;1;75;75116;2;1;1.0;1.0;48,87118700;2,27259900;
202300004387.0;5;67;67482;2;1;1.0;3.0;48,59929316;7,76137412;
202300004388.0;1;64;64102;2;1;1.0;3.0;43,47425500; -1,48542500;
202300004389.0;1;67;67034;1;1;3.0;1.0;48,68285600;7,63128100;
202300004390.0;5;75;75115;2;2;1.0;6.0;48,85438800;2,28865000;
202300004391.0;3;22;22187;1;1;1.0;2.0;48,53215000; -2,75696000;
202300004392.0;1;32;32418;1;1;1.0;1.0;43,43252100;0,84344200;
202300004393.0;1;64;64102;1;1;2.0;3.0;43,50123000; -1,48187000;
202300004394.0;1;75;75114;2;2;1.0;3.0;48,82231700;2,31434300;
202300004395.0;1;22;22278;2;1;1.0;7.0;48,52719000; -2,72846000;
202300004396.0;1;62;62785;1;1;1.0;6.0;50,34874200;2,56631600;
202300004397.0;5;64;64102;2;1;1.0;2.0;43,48825000; -1,48283000;
202300004398.0;3;13;13019;1;1;1.0;7.0;43,45664000;5,32670000;
202300004399.0;1;75;75113;2;2;1.0;3.0;48,82566900;2,38208400;
202300004400.0;1;34;34270;1;3;1.0;1.0;43,56053000;3,84272000;
202300004401.0;1;64;64102;2;6;1.0;3.0;43,48692000; -1,48304000;
202300004402.0;2;34;34270;2;1;7.0;6.0;43,57519500;3,82593000;
202300004403.0;5;75;75111;2;2;1.0;6.0;48,87001900;2,37910400;
202300004404.0;5;13;13056;2;1;1.0;6.0;43,42168000;5,05696000;
202300004405.0;5;37;37153;1;1;1.0;6.0;47,49033500;0,81949800;
202300004406.0;5;75;75120;2;7;1.0;3.0;48,86290000;2,38753900;
202300004407.0;1;64;64024;2;2;1.0;3.0;43,48826000; -1,52206000;
202300004408.0;1;51;51412;1;1;1.0;7.0;48,69527570;3,89168143;
202300004409.0;2;93;93055;2;1;1.0;6.0;48,89950500;2,39653800;
202300004410.0;5;13;13210;2;5;1.0;1.0;43,26930611;5,42092259;
202300004411.0;1;62;62637;2;1;1.0;3.0;50,46758000;2,98746000;
202300004412.0;5;93;93046;2;1;1.0;1.0;48,91201761;2,51377366;
202300004413.0;1;13;13208;2;1;1.0;6.0;43,25218000;5,38688000;
202300004414.0;1;62;62758;1;1;2.0;1.0;50,73555000;1,63394000;
202300004415.0;1;92;92064;2;1;1.0;7.0;48,82850490;2,21044081;
202300004416.0;1;13;13214;2;1;1.0;6.0;43,32363000;5,38914000;
202300004417.0;1;59;59350;2;2;1.0;3.0;50,62621000;3,04020000;
202300004418.0;3;35;35268;1;2;1.0;3.0;47,76644061; -1,89079911;
202300004419.0;1;13;13215;2;1;1.0;1.0;43,35272000;5,35348000;
202300004420.0;1;59;59143;2;9;2.0;3.0;50,67677000;2,88966000;
202300004421.0;1;01;01383;1;1;1.0;1.0;46,11173500;5,14647200;
202300004422.0;1;58;58194;2;6;1.0;3.0;46,99508000;3,16876000;
202300004423.0;3;01;01054;1;1;1.0;6.0;45,86688093;5,14930755;
202300004424.0;1;69;69385;2;1;1.0;7.0;45,75997078;4,82449732;
202300004425.0;1;06;06161;1;9;1.0;2.0;43,64363600;7,13315100;
202300004426.0;1;54;54526;2;2;1.0;3.0;48,69312267;6,21237159;
202300004427.0;1;2B;2B120;1;1;2.0;2.0;42,65315600;9,44101500;
202300004428.0;5;49;49092;2;1;2.0;6.0;47,20920500; -0,72269400;
202300004429.0;1;51;51454;2;1;1.0;2.0;49,25642000;4,03156000;
202300004430.0;1;2A;2A004;2;3;1.0;2.0;41,92652516;8,73832583;
202300004431.0;5;68;68145;2;3;1.0;7.0;48,07808300;7,39150800;
202300004432.0;1;51;51663;2;1;1.0;2.0;49,05663000;3,96511000;
202300004433.0;1;95;95197;2;2;7.0;3.0;48,96846000;2,33292000;
202300004434.0;1;49;49007;1;1;1.0;6.0;47,44568000; -0,56446000;
202300004435.0;3;972;97222;2;1;1.0;6.0;14,67055000; -60,95476900;
202300004436.0;1;49;49007;2;1;1.0;6.0;47,47380000; -0,57750000;
202300004437.0;1;95;95288;2;1;1.0;6.0;48,98517000;2,35747000;
202300004438.0;1;972;97220;1;1;1.0;1.0;14,52977100; -60,92071300;
202300004439.0;1;95;95210;2;1;1.0;2.0;48,97170100;2,30497500;
202300004440.0;1;45;45234;2;3;1.0;3.0;47,93082733;1,93395317;
202300004441.0;1;974;97414;1;1;1.0;2.0; -21,26638000;55,45603400;
202300004442.0;5;37;37261;2;2;2.0;3.0;47,37973000;0,67743000;
202300004443.0;2;68;68315;2;1;1.0;7.0;47,88113600;7,23601500;
202300004444.0;3;85;85109;1;1;1.0;7.0;46,85702200; -1,05397900;
202300004445.0;5;35;35238;2;1;1.0;3.0;48,09901515; -1,65332705;
202300004446.0;1;30;30141;2;3;1.0;3.0;44,10611600;4,69403700;
202300004447.0;1;35;35238;2;3;1.0;3.0;48,10273000; -1,66142000;
202300004448.0;5;34;34172;2;1;1.0;1.0;43,59200000;3,88094000;
202300004449.0;3;51;51115;2;6;1.0;4.0;49,20167200;4,01338900;
202300004450.0;1;51;51418;1;1;3.0;7.0;49,22833892;3,95498574;
202300004451.0;5;33;33281;2;2;1.0;2.0;44,84951000; -0,65584000;
202300004452.0;1;51;51030;1;2;1.0;6.0;49,05719000;4,03404500;
202300004453.0;1;33;33281;2;3;1.0;3.0;44,86068000; -0,64254000;
202300004454.0;2;19;19002;1;1;9.0;3.0;45,58686400;2,37849700;
202300004455.0;1;91;91425;1;1;1.0;2.0;48,65015000;2,27217000;
202300004456.0;5;33;33529;2;9;1.0;3.0;44,64495000; -1,15780000;
202300004457.0;2;76;76070;1;1;2.0;3.0;49,72905700;1,24484500;
202300004458.0;1;91;91377;2;6;1.0;3.0;48,72980000;2,26968000;
202300004459.0;5;31;31555;2;1;1.0;3.0;43,60294000;1,45127000;
202300004460.0;1;61;61484;2;6;1.0;3.0;48,26688300;0,67561600;
202300004461.0;3;2B;2B346;2;1;1.0;1.0;42,51075100;9,45259800;
202300004462.0;1;91;91174;2;1;1.0;3.0;48,61764000;2,47701000;
202300004463.0;1;61;61081;1;3;1.0;3.0;48,67669800;0,18112900;
202300004464.0;1;2B;2B207;2;1;1.0;3.0;42,45009300;9,50645700;
202300004465.0;5;91;91174;2;1;1.0;1.0;48,61512600;2,46156400;
202300004466.0;1;87;87085;2;1;1.0;6.0;45,83268000;1,26298000;
202300004467.0;1;26;26313;1;1;1.0;5.0;44,96020261;4,94099379;
202300004468.0;2;12;12133;2;6;7.0;6.0;44,29298100;2,55960500;
202300004469.0;1;85;85194;2;2;1.0;3.0;46,49250000; -1,75968000;
202300004470.0;3;47;47173;1;1;1.0;7.0;44,45004600;0,51439900;
202300004471.0;1;26;26198;2;1;1.0;3.0;44,55055000;4,77089000;
202300004472.0;3;61;61484;1;2;1.0;3.0;48,26312100;0,74699500;
202300004473.0;1;83;83118;2;6;1.0;6.0;43,41719800;6,81008800;
202300004474.0;1;47;47252;1;1;1.0;1.0;44,38849700;0,58931900;
202300004475.0;1;24;24037;2;1;1.0;3.0;44,84813857;0,49239457;
202300004476.0;2;22;22265;1;1;3.0;6.0;48,74714100; -3,39800500;
202300004477.0;5;83;83061;1;1;1.0;1.0;43,37444000;6,71797000;
202300004478.0;3;17;17415;2;6;3.0;7.0;45,72447000; -0,63995000;
202300004479.0;1;86;86271;1;1;1.0;6.0;46,77175100;0,22882500;
202300004480.0;1;80;80021;2;6;1.0;6.0;49,87083000;2,30746000;
202300004481.0;2;17;17300;2;1;8.0;3.0;46,16817000; -1,17762000;
202300004482.0;1;25;25147;2;3;1.0;3.0;47,22671200;5,89454600;
202300004483.0;3;25;25063;1;1;5.0;6.0;47,39188500;6,85614500;
202300004484.0;1;78;78440;2;1;1.0;3.0;48,98389000;1,91530000;
202300004485.0;1;13;13210;2;1;1.0;3.0;43,28384000;5,39645000;
202300004486.0;1;44;44018;2;6;1.0;3.0;47,14415316; -1,68696999;
202300004487.0;3;44;44183;1;1;1.0;6.0;47,38138200; -2,38566400;
202300004488.0;5;13;13211;2;1;1.0;1.0;43,29050124;5,44020506;
202300004489.0;1;58;58046;1;1;8.0;1.0;46,84884800;3,62674400;
202300004490.0;1;35;35331;1;2;1.0;3.0;48,07198329; -1,91267654;
202300004491.0;1;13;13004;2;1;1.0;3.0;43,69002002;4,63713720;
202300004492.0;1;34;34192;2;1;1.0;6.0;43,54367100;3,96860200;
202300004493.0;1;11;11069;2;2;1.0;3.0;43,21129000;2,32655000;
202300004494.0;1;72;72191;1;1;7.0;3.0;47,72767193;0,27553439;
202300004495.0;5;74;74218;1;1;1.0;5.0;46,38671000;6,52116000;
202300004496.0;1;07;07102;2;1;1.0;6.0;44,93480000;4,85620000;
202300004497.0;3;29;29143;2;9;1.0;6.0;48,03518500; -4,43261300;
202300004498.0;1;74;74012;2;1;1.0;6.0;46,19553000;6,23532000;
202300004499.0;1;06;06007;1;1;1.0;2.0;43,61908700;6,91861900;