Num_Acc;lum;departement;commune;agglomeration;intersection;meteo;type_collision;lat;long;date
202300004500.0;1;06;06069;2;9;1.0;4.0;43,64898000;6,94739000;
202300004501.0;1;38;38012;2;2;1.0;2.0;45,58743100;5,60694900;
202300004502.0;1;72;72181;2;1;1.0;5.0;48,00351000;0,19946000;
202300004503.0;2;06;06027;2;1;1.0;6.0;43,65590000;7,15300000;
202300004504.0;1;05;05011;1;1;1.0;6.0;44,53913545;6,19262714;
202300004505.0;1;02;02564;1;1;1.0;6.0;49,33964000;3,32405100;
202300004506.0;3;05;05132;1;1;1.0;6.0;44,70056900;6,07037500;
202300004507.0;1;71;71076;2;3;1.0;3.0;46,77648000;4,86681000;
202300004508.0;1;06;06027;2;2;1.0;1.0;43,66207000;7,16843000;
202300004509.0;1;69;69266;2;2;1.0;3.0;45,78697326;4,87898891;
202300004510.0;3;13;13077;1;1;1.0;7.0;43,42346866;4,97541973;
202300004511.0;1;73;73182;2;1;2.0;3.0;45,68976100;5,93375200;
202300004512.0;1;15;15124;1;1;7.0;1.0;45,30655300;2,60506900;
202300004513.0;5;43;43012;1;9;1.0;7.0;45,37019800;4,20528100;
202300004514.0;3;976;97611;2;1;1.0;6.0; -12,78632000;45,22035000;
202300004515.0;5;69;69259;2;2;1.0;3.0;45,71432000;4,87926000;
202300004516.0;1;976;97611;2;1;1.0;6.0; -12,78002000;45,22880000;
202300004517.0;5;69;69259;2;1;1.0;4.0;45,72576000;4,88711000;
202300004518.0;5;987;98735;1;3;1.0;3.0; -17,72200000; -149,39900000;
202300004519.0;1;06;06089;1;5;1.0;2.0;43,64647900;7,01118700;
202300004520.0;1;974;97407;2;1;1.0;6.0; -20,93805000;55,29309000;
202300004521.0;2;44;44184;2;1;1.0;6.0;47,28535758; -2,22421446;
202300004522.0;1;05;05098;2;1;1.0;3.0;44,49720600;6,55482000;
202300004523.0;3;66;66136;1;1;1.0;1.0;42,67703000;2,86292000;
202300004524.0;1;973;97302;2;2;1.0;3.0;4,93618648; -52,29620147;
202300004525.0;3;44;44109;2;1;1.0;7.0;47,20974562; -1,59366387;
202300004526.0;1;05;05132;1;1;1.0;7.0;44,66969100;6,08855000;
202300004527.0;5;987;98748;1;1;1.0;6.0; -17,80553200; -149,29353500;
202300004528.0;5;69;69386;2;1;2.0;6.0;45,77433000;4,84634000;
202300004529.0;1;64;64445;2;1;1.0;6.0;43,32108000; -0,34372000;
202300004530.0;1;90;90005;1;1;1.0;1.0;47,72693300;6,75833000;
202300004531.0;1;44;44109;2;2;8.0;3.0;47,20918066; -1,56654576;
202300004532.0;1;64;64125;2;1;1.0;3.0;43,44860000; -1,57145000;
202300004533.0;3;988;98817;1;1;1.0;1.0; -22,23557000;166,56687000;
202300004534.0;1;69;69383;2;2;1.0;3.0;45,75034000;4,88438000;
202300004535.0;1;44;44109;2;1;1.0;6.0;47,21369771; -1,58077115;
202300004536.0;1;60;60286;2;1;1.0;3.0;49,66168568;1,93295320;
202300004537.0;1;976;97608;2;1;1.0;3.0; -12,78743000;45,26384900;
202300004538.0;1;69;69152;2;1;1.0;6.0;45,70323435;4,82152893;
202300004539.0;1;10;10401;2;2;2.0;3.0;48,23661500;4,46908600;
202300004540.0;3;13;13088;1;1;1.0;7.0;43,36452600;5,24359600;
202300004541.0;1;62;62498;2;3;1.0;6.0;50,42992200;2,82694000;
202300004542.0;1;69;69381;2;3;1.0;3.0;45,76536957;4,83588745;
202300004543.0;3;64;64495;1;2;1.0;3.0;43,36485300; -1,59045300;
202300004544.0;1;62;62193;2;1;1.0;7.0;50,93904300;1,88134000;
202300004545.0;1;10;10328;1;1;2.0;;48,35077706;4,24478035;
202300004546.0;3;13;13033;1;1;6.0;2.0;43,35542200;5,20415900;
202300004547.0;1;971;97101;1;1;1.0;2.0;16,25342000; -61,54796000;
202300004548.0;1;64;64216;1;1;1.0;1.0;43,25656500; -0,14507500;
202300004549.0;1;37;37129;1;1;8.0;6.0;47,12883153;0,28600931;
202300004550.0;2;10;10064;1;4;2.0;3.0;48,38891200;4,53378200;
202300004551.0;1;62;62244;2;6;7.0;3.0;50,92639200;1,86837100;
202300004552.0;1;77;77088;2;1;1.0;6.0;48,32458500;2,57723300;
202300004553.0;1;44;44172;2;1;8.0;3.0;47,26318911; -1,49317762;
202300004554.0;1;95;95277;1;1;1.0;5.0;48,97692000;2,47523000;
202300004555.0;1;62;62193;2;1;1.0;6.0;50,95435000;1,89217000;
202300004556.0;1;43;43051;1;3;1.0;1.0;45,06874000;4,32853800;
202300004557.0;3;77;77044;1;1;1.0;5.0;48,56635600;2,88052100;
202300004558.0;1;44;44162;2;1;1.0;6.0;47,21763558; -1,62496511;
202300004559.0;1;95;95427;2;1;1.0;6.0;48,97482756;2,34263062;
202300004560.0;1;16;16382;1;1;1.0;7.0;45,54208006;0,22339314;
202300004561.0;1;60;60057;2;1;1.0;1.0;49,43701387;2,06010991;
202300004562.0;1;44;44109;2;1;8.0;6.0;47,22053231; -1,51086138;
202300004563.0;1;66;66164;2;1;1.0;7.0;42,74913900;2,87716300;
202300004564.0;1;91;91589;2;1;1.0;3.0;48,67878000;2,34646000;
202300004565.0;3;17;17085;1;1;1.0;7.0;45,91337700; -0,76893600;
202300004566.0;1;44;44109;2;1;8.0;6.0;47,20971447; -1,59559796;
202300004567.0;1;59;59512;2;2;1.0;3.0;50,68386000;3,19129000;
202300004568.0;1;11;11295;1;1;1.0;6.0;43,05161500;2,88626100;
202300004569.0;1;23;23022;1;1;1.0;7.0;46,34421700;2,09223000;
202300004570.0;1;44;44109;2;1;8.0;3.0;47,26178019; -1,57839986;
202300004571.0;1;87;87027;1;1;1.0;7.0;45,63096500;1,01242700;
202300004572.0;1;83;83137;2;3;1.0;3.0;43,12585000;5,92761000;
202300004573.0;1;59;59585;1;1;7.0;3.0;50,56605000;3,05801000;
202300004574.0;1;84;84141;2;6;1.0;3.0;43,98262900;4,88634600;
202300004575.0;1;44;44190;2;1;1.0;3.0;47,19866830; -1,51381908;
202300004576.0;3;30;30285;1;1;1.0;6.0;44,01925000;4,23267600;
202300004577.0;3;83;83107;1;1;1.0;6.0;43,46251700;6,64430900;
202300004578.0;2;57;57630;2;2;1.0;3.0;48,74089000;7,07412000;
202300004579.0;1;83;83129;2;3;7.0;6.0;43,11749000;5,84415000;
202300004580.0;5;88;88413;2;1;3.0;6.0;48,29166000;6,94056000;
202300004581.0;1;67;67118;2;1;1.0;3.0;48,58055400;7,69395400;
202300004582.0;1;54;54174;2;1;1.0;6.0;48,67982000;5,87435000;
202300004583.0;3;88;88413;2;1;1.0;3.0;48,27742000;6,96062000;
202300004584.0;2;83;83050;2;6;1.0;3.0;43,53331000;6,48265000;
202300004585.0;1;33;33122;1;1;1.0;1.0;44,74237700; -0,69061000;
202300004586.0;1;44;44109;2;1;8.0;7.0;47,18600240; -1,52200207;
202300004587.0;1;47;47001;2;6;1.0;3.0;44,18345000;0,62212000;
202300004588.0;2;42;42147;2;6;8.0;3.0;45,59796400;4,07634600;
202300004589.0;1;82;82033;2;3;1.0;2.0;44,05243000;1,10123000;
202300004590.0;5;44;44109;2;6;8.0;3.0;47,23327188; -1,56601084;
202300004591.0;1;38;38185;2;8;1.0;6.0;45,17889000;5,73177000;
202300004592.0;3;33;33284;1;1;1.0;2.0;44,63079500; -0,93418100;
202300004593.0;2;81;81257;1;1;1.0;7.0;43,92967000;2,24467000;
202300004594.0;1;33;33243;2;2;1.0;3.0;44,92207300; -0,22468100;
202300004595.0;1;44;44109;2;1;8.0;3.0;47,22989962; -1,56300532;
202300004596.0;1;45;45302;1;9;1.0;6.0;47,94810800;1,84889500;
202300004597.0;1;78;78621;1;1;1.0;3.0;48,78709000;1,98150000;
202300004598.0;5;38;38185;2;2;1.0;3.0;45,19099000;5,71997000;
202300004599.0;2;44;44210;1;9;1.0;5.0;47,30453800; -2,21108400;
202300004600.0;1;44;44109;2;1;8.0;3.0;47,21686363; -1,56692815;
202300004601.0;1;973;97311;2;1;7.0;2.0;5,47856300; -54,03766000;
202300004602.0;1;44;44143;2;1;8.0;7.0;47,15640939; -1,53826130;
202300004603.0;1;37;37261;2;1;1.0;3.0;47,37364000;0,67827000;
202300004604.0;1;77;77186;2;3;1.0;3.0;48,40710000;2,70327000;
202300004605.0;1;60;60141;1;9;1.0;3.0;49,18318858;2,49151901;
202300004606.0;1;44;44114;2;6;8.0;3.0;47,24771454; -1,60757935;
202300004607.0;1;95;95199;2;9;7.0;3.0;49,03875766;2,31096447;
202300004608.0;1;37;37261;2;4;1.0;6.0;47,39058000;0,69744000;
202300004609.0;1;72;72181;2;9;2.0;2.0;48,01577000;0,15177000;
202300004610.0;1;44;44109;2;1;8.0;3.0;47,23580571; -1,54686059;
202300004611.0;1;84;84003;2;1;1.0;6.0;43,87554500;5,40383100;
202300004612.0;1;37;37122;2;1;1.0;3.0;47,35188000;0,68641000;
202300004613.0;1;44;44109;2;1;8.0;3.0;47,21934355; -1,56137199;
202300004614.0;2;80;80237;2;1;2.0;5.0;49,81996400;2,53571200;
202300004615.0;1;72;72181;2;1;1.0;6.0;48,00126000;0,17327000;
202300004616.0;1;34;34172;2;1;1.0;6.0;43,58892200;3,89083200;
202300004617.0;1;83;83065;1;1;1.0;5.0;43,24003200;6,60004400;
202300004618.0;5;80;80570;2;1;2.0;6.0;49,77205000;2,48325400;
202300004619.0;5;44;44109;2;1;1.0;3.0;47,18876001; -1,53148381;
202300004620.0;5;69;69266;2;1;1.0;6.0;45,77928772;4,89737560;
202300004621.0;1;33;33063;1;1;1.0;1.0;44,89171000; -0,54901000;
202300004622.0;1;44;44184;2;6;1.0;3.0;47,29392922; -2,18846487;
202300004623.0;1;06;06048;1;1;1.0;3.0;43,82097600;7,30306400;
202300004624.0;1;80;80799;1;3;1.0;3.0;49,85103400;2,52477900;
202300004625.0;2;69;69266;2;6;1.0;3.0;45,77228954;4,86597791;
202300004626.0;1;28;28134;2;9;1.0;3.0;48,72401000;1,37426000;
202300004627.0;1;44;44143;2;1;1.0;3.0;47,16320518; -1,54237480;
202300004628.0;3;13;13028;1;1;1.0;2.0;43,20791000;5,58610000;
202300004629.0;1;13;13093;2;1;1.0;3.0;43,69288400;5,38859900;
202300004630.0;1;44;44009;1;1;8.0;6.0;47,21530059; -1,47961809;
202300004631.0;1;27;27681;2;1;1.0;3.0;49,09765000;1,47608000;
202300004632.0;1;69;69259;2;1;1.0;4.0;45,71781000;4,85944000;
202300004633.0;3;13;13216;1;1;1.0;3.0;43,35556000;5,34744000;
202300004634.0;5;71;71512;2;3;1.0;1.0;46,63665100;4,87100400;
202300004635.0;1;19;19031;2;1;1.0;6.0;45,15102000;1,50012000;
202300004636.0;1;44;44109;2;1;8.0;5.0;47,20512440; -1,57459125;
202300004637.0;3;91;91617;1;1;1.0;2.0;48,63100000;2,50300000;
202300004638.0;1;67;67067;2;1;1.0;7.0;48,71352000;7,70730600;
202300004639.0;1;69;69091;2;2;1.0;3.0;45,58839000;4,77088000;
202300004640.0;1;44;44109;2;1;1.0;6.0;47,23510144; -1,55649666;
202300004641.0;3;14;14118;1;1;1.0;6.0;49,20061000; -0,36940000;
202300004642.0;1;94;94038;1;1;1.0;5.0;48,78404999;2,34665964;
202300004643.0;1;64;64256;2;9;1.0;3.0;43,38271200; -1,32067700;
202300004644.0;5;976;97613;2;1;1.0;1.0; -12,75810600;45,07974700;
202300004645.0;1;13;13215;2;1;1.0;3.0;43,34088000;5,36093000;
202300004646.0;1;976;97611;2;1;1.0;6.0; -12,78635000;45,22011000;
202300004647.0;3;91;91477;1;1;1.0;2.0;48,71218000;2,25275000;
202300004648.0;1;49;49023;1;2;1.0;3.0;47,16659500; -0,97232200;
202300004649.0;1;67;67482;2;1;1.0;1.0;48,58925000;7,73549000;
202300004650.0;1;11;11069;2;6;1.0;3.0;43,21086000;2,30296000;
202300004651.0;1;50;50041;1;2;1.0;3.0;49,62116500; -1,74900400;
202300004652.0;1;976;97610;2;1;1.0;1.0; -12,74095763;45,20438299;
202300004653.0;1;66;66136;2;1;1.0;2.0;42,73441000;2,88664000;
202300004654.0;3;93;93010;1;1;1.0;4.0;48,89084000;2,47342000;
202300004655.0;5;06;06123;2;1;1.0;1.0;43,66085000;7,19553000;
202300004656.0;1;988;98818;2;1;2.0;3.0; -22,29626000;166,43804000;
202300004657.0;1;95;95607;1;1;1.0;6.0;49,02828050;2,20346689;
202300004658.0;1;69;69266;1;9;1.0;4.0;45,78220000;4,89310000;
202300004659.0;1;62;62193;2;6;1.0;1.0;50,96881900;1,87489700;
202300004660.0;1;95;95572;1;1;1.0;6.0;49,03745000;2,12221000;
202300004661.0;1;75;75114;2;1;1.0;2.0;48,81784400;2,33402400;
202300004662.0;1;44;44109;2;2;8.0;3.0;47,20651349; -1,55482515;
202300004663.0;3;77;77249;1;1;1.0;6.0;48,74857100;2,61388023;
202300004664.0;1;44;44162;2;6;8.0;6.0;47,22386290; -1,64400470;
202300004665.0;1;75;75120;2;1;1.0;3.0;48,86260800;2,41355300;
202300004666.0;1;33;33550;1;1;1.0;2.0;44,77792574; -0,56380033;
202300004667.0;1;62;62244;1;1;2.0;3.0;50,90036900;1,88753100;
202300004668.0;5;94;94017;1;1;1.0;2.0;48,82716020;2,51033987;
202300004669.0;1;44;44143;2;1;8.0;3.0;47,18098591; -1,54511461;
202300004670.0;1;33;33550;1;1;1.0;3.0;44,76436806; -0,54877996;
202300004671.0;1;75;75114;2;1;1.0;2.0;48,83414200;2,31325500;
202300004672.0;1;59;59350;2;4;1.0;3.0;50,61953000;3,05355000;
202300004673.0;1;44;44162;2;6;1.0;3.0;47,23482352; -1,58869566;
202300004674.0;1;77;77169;1;1;1.0;2.0;48,80353420;2,62736421;
202300004675.0;5;75;75119;2;4;1.0;3.0;48,88304300;2,37149000;
202300004676.0;1;92;92002;1;1;1.0;4.0;48,73076300;2,30848200;
202300004677.0;5;44;44109;2;1;8.0;2.0;47,25877699; -1,52214990;
202300004678.0;1;57;57441;2;3;2.0;3.0;49,38883600;6,18616500;
202300004679.0;3;94;94017;1;1;1.0;5.0;48,82687932;2,51122881;
202300004680.0;2;75;75118;2;2;1.0;3.0;48,89754400;2,32891000;
202300004681.0;1;44;44109;2;3;1.0;3.0;47,25584216; -1,50970155;
202300004682.0;1;78;78118;1;1;1.0;4.0;48,98385300;1,68141500;
202300004683.0;1;57;57647;2;1;1.0;3.0;49,31989000;6,09278000;
202300004684.0;3;94;94028;1;1;1.0;2.0;48,77627223;2,43100362;
202300004685.0;1;44;44109;2;1;1.0;3.0;47,22798350; -1,52693930;
202300004686.0;1;92;92062;1;1;1.0;2.0;48,89312530;2,23367661;
202300004687.0;5;56;56121;2;7;2.0;7.0;47,74669000; -3,36604000;
202300004688.0;5;75;75118;2;2;1.0;5.0;48,89722200;2,34229100;
202300004689.0;1;74;74311;2;3;1.0;3.0;46,14154100;6,40067300;
202300004690.0;1;44;44109;2;3;8.0;6.0;47,23735476; -1,50769660;
202300004691.0;1;93;93063;1;1;1.0;3.0;48,87821319;2,44664150;
202300004692.0;1;75;75117;2;3;1.0;7.0;48,88442100;2,30121800;
202300004693.0;1;50;50129;2;1;2.0;1.0;49,63808000; -1,62358000;
202300004694.0;1;93;93001;2;1;8.0;2.0;48,91799266;2,37906722;
202300004695.0;1;74;74311;1;4;1.0;3.0;46,16390900;6,41280200;
202300004696.0;1;77;77373;1;1;1.0;3.0;48,79859400;2,62361300;
202300004697.0;3;77;77148;1;9;1.0;6.0;49,10285600;3,08269500;
202300004698.0;1;45;45147;2;1;1.0;3.0;47,93479000;1,89481000;
202300004699.0;1;75;75116;2;3;1.0;3.0;48,86411800;2,27285100;
202300004700.0;3;74;74275;2;1;1.0;6.0;45,84421600;6,21382500;
202300004701.0;2;77;77337;1;1;1.0;3.0;48,82822000;2,61790600;
202300004702.0;1;74;74185;1;1;1.0;6.0;46,16363770;6,24023610;
202300004703.0;1;44;44109;2;3;8.0;3.0;47,22000707; -1,54500460;
202300004704.0;1;75;75116;2;1;1.0;2.0;48,85825900;2,27231100;
202300004705.0;1;44;44162;2;6;8.0;3.0;47,23353000; -1,59016000;
202300004706.0;4;44;44109;2;6;1.0;3.0;47,21236199; -1,55446026;
202300004707.0;1;74;74256;2;3;1.0;6.0;45,93536000;6,62966400;
202300004708.0;1;94;94073;1;1;1.0;5.0;48,76210053;2,38167667;
202300004709.0;1;38;38053;2;1;1.0;6.0;45,58556790;5,26932000;
202300004710.0;1;75;75115;2;3;1.0;3.0;48,85023100;2,29959200;
202300004711.0;1;44;44109;2;6;1.0;3.0;47,25057385; -1,57033825;
202300004712.0;3;74;74241;1;1;3.0;2.0;46,13463100;6,45512800;
202300004713.0;2;74;74018;1;1;3.0;6.0;46,08786780;6,36378497;
202300004714.0;1;75;75112;2;3;1.0;6.0;48,84658400;2,38747100;
202300004715.0;5;988;98818;2;2;1.0;3.0; -22,26868000;166,44802000;
202300004716.0;1;44;44109;2;3;1.0;3.0;47,22002778; -1,54498285;
202300004717.0;1;37;37261;2;6;1.0;3.0;47,37463000;0,71620000;
202300004718.0;1;74;74001;1;1;1.0;6.0;46,28802600;6,69308800;
202300004719.0;1;44;44162;2;6;1.0;1.0;47,22849360; -1,60536969;
202300004720.0;1;75;75111;2;3;1.0;6.0;48,85213900;2,38960400;
202300004721.0;1;74;74154;1;1;1.0;1.0;46,38724600;6,67963400;
202300004722.0;1;976;97611;2;3;1.0;3.0; -12,80090000;45,20689000;
202300004723.0;5;33;33063;2;1;1.0;1.0;44,82097000; -0,59528000;
202300004724.0;1;75;75110;2;1;1.0;6.0;48,87934700;2,37011500;
202300004725.0;1;44;44172;1;1;8.0;4.0;47,23905955; -1,48528478;
202300004726.0;1;976;97611;2;1;1.0;6.0; -12,76231000;45,22605000;
202300004727.0;1;44;44162;2;6;1.0;6.0;47,22130262; -1,63097476;
202300004728.0;1;33;33281;2;5;1.0;3.0;44,85256000; -0,64505000;
202300004729.0;3;974;97407;1;1;1.0;6.0; -20,95803000;55,30910000;
202300004730.0;5;74;74012;2;2;1.0;3.0;46,19127000;6,24227000;
202300004731.0;1;75;75108;2;7;1.0;2.0;48,86661100;2,32196900;
202300004732.0;1;44;44109;2;1;8.0;6.0;47,20191273; -1,54348569;
202300004733.0;5;974;97407;2;1;1.0;7.0; -20,95002000;55,30679000;
202300004734.0;1;74;74145;2;1;1.0;1.0;46,21907000;6,28889600;
202300004735.0;1;75;75101;2;3;1.0;3.0;48,86039400;2,34056000;
202300004736.0;1;44;44162;2;1;1.0;3.0;47,21883941; -1,60383582;
202300004737.0;1;33;33281;2;6;2.0;3.0;44,84050000; -0,68497000;
202300004738.0;1;973;97302;2;1;1.0;3.0;4,92459625; -52,31784537;
202300004739.0;1;74;74179;1;1;2.0;1.0;45,99810200;6,01000400;
202300004740.0;1;44;44162;1;1;1.0;7.0;47,21184877; -1,62705145;
202300004741.0;1;74;74031;2;1;1.0;7.0;46,09464700;6,10905300;
202300004742.0;1;75;75102;2;2;1.0;3.0;48,86892300;2,35402300;
202300004743.0;1;973;97302;2;1;1.0;3.0;4,92911000; -52,29651000;
202300004744.0;1;44;44109;2;1;1.0;7.0;47,20918659; -1,56882013;
202300004745.0;1;74;74048;1;1;1.0;6.0;46,27964700;6,40455700;
202300004746.0;5;75;75102;2;3;1.0;7.0;48,86925000;2,33290000;
202300004747.0;1;972;97213;1;1;3.0;7.0;14,62810000; -60,97219000;
202300004748.0;1;44;44109;2;1;8.0;7.0;47,23033613; -1,56334683;
202300004749.0;1;74;74123;2;3;1.0;3.0;45,74714700;6,29677500;
202300004750.0;1;29;29019;2;6;3.0;3.0;48,40569000; -4,45730000;
202300004751.0;1;44;44109;2;1;8.0;3.0;47,24058586; -1,51178611;
202300004752.0;1;972;97213;2;1;1.0;2.0;14,62500000; -60,97712000;
202300004753.0;1;75;75103;2;3;1.0;3.0;48,85801300;2,36546100;
202300004754.0;1;74;74302;2;2;7.0;1.0;45,91325800;6,37592200;
202300004755.0;1;44;44109;2;1;8.0;6.0;47,22215735; -1,58742245;
202300004756.0;2;94;94080;2;3;1.0;6.0;48,84135415;2,43054371;
202300004757.0;1;2B;2B033;2;1;1.0;1.0;42,68231000;9,42275000;
202300004758.0;1;29;29019;2;3;1.0;3.0;48,38575885; -4,52090434;
202300004759.0;1;74;74229;1;8;1.0;3.0;46,23314400;6,30747700;
202300004760.0;1;44;44109;1;1;8.0;2.0;47,19972925; -1,61721193;
202300004761.0;1;94;94074;2;1;1.0;3.0;48,74237013;2,47211105;
202300004762.0;3;74;74197;1;1;1.0;6.0;46,15311400;6,29522500;
202300004763.0;1;971;97101;1;2;1.0;3.0;16,30073296; -61,51133537;
202300004764.0;1;44;44109;2;1;8.0;1.0;47,19966222; -1,53616624;
202300004765.0;1;94;94074;2;1;1.0;2.0;48,76232000;2,44247000;
202300004766.0;1;974;97416;1;1;1.0;3.0; -21,30154000;55,45790000;
202300004767.0;1;2A;2A004;2;1;1.0;6.0;41,92214000;8,73949000;
202300004768.0;1;24;24037;2;6;1.0;3.0;44,84154842;0,46492696;
202300004769.0;1;44;44109;2;1;8.0;6.0;47,19573039; -1,54390980;
202300004770.0;3;94;94074;2;1;1.0;1.0;48,77018000;2,44361000;
202300004771.0;1;974;97411;2;9;1.0;5.0; -20,88934000;55,47648000;
202300004772.0;1;14;14645;1;1;1.0;6.0;49,29694700;0,02205800;
202300004773.0;1;94;94068;2;2;1.0;3.0;48,80126000;2,47797000;
202300004774.0;2;16;16015;2;2;1.0;1.0;45,63628600;0,15427200;
202300004775.0;3;91;91692;2;1;2.0;1.0;48,67682600;2,17635100;
202300004776.0;3;51;51183;1;1;2.0;3.0;49,31081300;4,02350700;
202300004777.0;1;974;97409;2;2;1.0;1.0; -20,95015000;55,65132000;
202300004778.0;5;973;97311;2;1;1.0;1.0;5,49306700; -54,00934800;
202300004779.0;1;94;94016;2;3;1.0;2.0;48,79177000;2,32874000;
202300004780.0;1;91;91201;2;2;1.0;3.0;48,69442800;2,41744000;
202300004781.0;2;69;69387;2;3;1.0;2.0;45,74628000;4,83242000;
202300004782.0;1;14;14437;1;3;1.0;3.0;49,18199000; -0,32202000;
202300004783.0;3;972;97209;1;1;1.0;7.0;14,62000000; -61,04000000;
202300004784.0;1;94;94016;2;1;1.0;6.0;48,79825800;2,32825700;
202300004785.0;1;14;14570;2;1;1.0;6.0;49,04758700;0,32353900;
202300004786.0;1;91;91691;2;1;1.0;6.0;48,72211000;2,50198000;
202300004787.0;1;13;13077;2;3;1.0;1.0;43,41016000;4,98256000;
202300004788.0;1;972;97209;2;1;1.0;6.0;14,61085000; -61,07090000;
202300004789.0;1;13;13115;1;1;1.0;7.0;43,68888400;5,18074000;
202300004790.0;2;91;91326;2;1;1.0;3.0;48,69088200;2,37065200;
202300004791.0;1;94;94034;2;3;1.0;3.0;48,76344800;2,31825800;
202300004792.0;1;971;97101;1;1;1.0;7.0;16,25440000; -61,50098000;
202300004793.0;1;68;68201;1;1;7.0;6.0;47,75238100;7,00713200;
202300004794.0;1;13;13039;1;1;6.0;7.0;43,42685616;4,97008550;
202300004795.0;1;971;97101;2;1;1.0;6.0;16,25015171; -61,51967168;
202300004796.0;1;94;94028;2;1;1.0;2.0;48,78313000;2,45252000;
202300004797.0;1;91;91027;2;3;1.0;2.0;48,71603300;2,37107800;
202300004798.0;2;44;44109;2;1;8.0;6.0;47,22058790; -1,55348762;
202300004799.0;1;13;13210;2;1;1.0;6.0;43,28340447;5,40491955;
202300004800.0;1;94;94077;2;1;1.0;7.0;48,73520000;2,40541000;
202300004801.0;1;85;85194;2;9;1.0;2.0;46,51388300; -1,79022071;
202300004802.0;1;10;10343;2;1;1.0;6.0;48,27370000;4,09640000;
202300004803.0;1;971;97105;2;1;1.0;1.0;15,99802000; -61,73375000;
202300004804.0;1;44;44109;2;3;8.0;3.0;47,20220013; -1,55387719;
202300004805.0;1;94;94017;2;1;1.0;2.0;48,82393479;2,49713016;
202300004806.0;1;44;44109;2;1;8.0;6.0;47,24829582; -1,55800160;
202300004807.0;1;78;78650;2;1;1.0;2.0;48,89780000;2,11264000;
202300004808.0;1;07;07019;1;1;8.0;2.0;44,62062000;4,39409000;
202300004809.0;5;91;91097;2;3;1.0;6.0;48,67804000;2,52900000;
202300004810.0;1;94;94002;2;1;1.0;6.0;48,78641000;2,43241000;
202300004811.0;1;44;44109;2;1;1.0;6.0;47,23415005; -1,57998476;
202300004812.0;1;04;04070;2;1;1.0;6.0;44,08955000;6,22761000;
202300004813.0;1;93;93073;2;1;1.0;2.0;49,00671000;2,55550000;
202300004814.0;1;44;44109;2;6;8.0;6.0;47,22215610; -1,58537858;
202300004815.0;1;03;03095;2;1;1.0;6.0;46,13717300;3,43534800;
202300004816.0;1;91;91589;2;2;1.0;3.0;48,68288900;2,36460900;
202300004817.0;1;77;77288;1;6;1.0;2.0;48,55288000;2,64305000;
202300004818.0;1;93;93072;2;3;1.0;6.0;48,94946493;2,38471378;
202300004819.0;1;44;44109;2;3;8.0;3.0;47,25828924; -1,51529574;
202300004820.0;1;03;03185;2;1;1.0;3.0;46,35506000;2,60790000;
202300004821.0;1;77;77296;1;2;1.0;2.0;48,62082900;2,58170700;
202300004822.0;1;93;93066;2;1;1.0;3.0;48,91480112;2,35812298;
202300004823.0;1;44;44109;1;1;8.0;2.0;47,19242497; -1,61363382;
202300004824.0;1;86;86224;1;1;1.0;6.0;46,91972500;0,41292600;
202300004825.0;1;44;44109;2;1;8.0;6.0;47,23297211; -1,56557194;
202300004826.0;1;93;93066;2;1;1.0;6.0;48,94272202;2,36417940;
202300004827.0;1;77;77243;2;3;1.0;3.0;48,88123000;2,71437000;
202300004828.0;3;51;51085;1;1;1.0;6.0;48,97174500;3,65426300;
202300004829.0;1;44;44109;2;1;8.0;3.0;47,25183949; -1,56496406;
202300004830.0;1;76;76322;2;1;1.0;3.0;49,41311762;1,04867908;
202300004831.0;1;44;44172;1;1;8.0;4.0;47,23235166; -1,47305058;
202300004832.0;3;93;93064;2;1;1.0;3.0;48,87531000;2,47789000;
202300004833.0;1;76;76540;2;1;1.0;2.0;49,44502000;1,06535000;
202300004834.0;1;06;06109;1;1;1.0;1.0;43,84123600;7,19544900;
202300004835.0;2;60;60338;1;3;9.0;6.0;49,34468000;2,77411200;
202300004836.0;5;93;93049;2;3;1.0;3.0;48,85373090;2,50846772;
202300004837.0;3;34;34032;1;1;1.0;2.0;43,37111600;3,28574900;
202300004838.0;1;76;76498;2;6;1.0;3.0;49,41220000;1,07170000;
202300004839.0;3;60;60206;1;1;2.0;3.0;49,51587500;2,81697900;
202300004840.0;1;30;30315;1;1;1.0;7.0;43,95074500;4,71035100;
202300004841.0;1;44;44109;2;1;8.0;6.0;47,25866068; -1,51904396;
202300004842.0;1;93;93013;2;3;1.0;3.0;48,93421000;2,41846000;
202300004843.0;1;76;76351;2;2;1.0;3.0;49,49623400;0,14676900;
202300004844.0;1;44;44215;1;1;8.0;2.0;47,17456036; -1,51233864;
202300004845.0;1;67;67234;2;4;2.0;1.0;48,96867800;7,04279400;
202300004846.0;1;76;76351;2;2;1.0;3.0;49,50578000;0,14843000;