Num_Acc;lum;departement;commune;agglomeration;intersection;meteo;type_collision;lat;long;date
202300004847.0;3;44;44114;1;1;8.0;7.0;47,26497453; -1,59078889;
202300004848.0;1;93;93010;2;1;1.0;3.0;48,90690569;2,48746159;
202300004849.0;1;62;62826;2;6;2.0;7.0;50,51085394;1,58862662;
202300004850.0;2;93;93007;2;1;1.0;6.0;48,94600212;2,46050298;
202300004851.0;3;76;76151;1;1;6.0;2.0;49,84405100;0,72729700;
202300004852.0;1;72;72181;2;9;1.0;6.0;48,03018079;0,17912507;
202300004853.0;4;74;74256;2;1;3.0;6.0;45,94578000;6,62988200;
202300004854.0;1;69;69286;2;1;1.0;6.0;45,81724000;4,90061000;
202300004855.0;2;93;93001;2;1;1.0;6.0;48,91461878;2,39931000;
202300004856.0;5;74;74263;2;1;1.0;6.0;46,33473600;6,39400000;
202300004857.0;1;80;80621;1;1;6.0;7.0;49,83099900;2,84647000;
202300004858.0;1;92;92063;2;1;1.0;5.0;48,87272386;2,16322874;
202300004859.0;1;74;74210;1;1;1.0;1.0;46,30234700;6,42842400;
202300004860.0;1;63;63040;2;2;1.0;3.0;45,72333600;3,35127000;
202300004861.0;2;69;69259;2;3;1.0;3.0;45,70660000;4,88742000;
202300004862.0;1;92;92051;2;1;1.0;3.0;48,87925000;2,25779000;
202300004863.0;1;44;44109;2;1;8.0;4.0;47,21204421; -1,56708955;
202300004864.0;1;67;67482;2;1;1.0;6.0;48,53100000;7,77300000;
202300004865.0;1;12;12208;1;1;1.0;3.0;43,95585400;2,85966900;
202300004866.0;5;10;10387;2;1;5.0;3.0;48,28800000;4,07700000;
202300004867.0;1;92;92050;2;1;1.0;3.0;48,88527111;2,19557208;
202300004868.0;1;66;66136;2;1;1.0;6.0;42,69769000;2,87796000;
202300004869.0;2;12;12120;1;1;1.0;6.0;44,38533200;2,82615800;
202300004870.0;1;92;92040;2;1;1.0;1.0;48,81502550;2,26783589;
202300004871.0;1;66;66136;2;3;1.0;3.0;42,73075000;2,90831000;
202300004872.0;3;41;41059;1;1;2.0;6.0;47,43998900;1,37408500;
202300004873.0;1;92;92035;2;1;1.0;1.0;48,90475000;2,24470000;
202300004874.0;1;66;66136;1;1;1.0;2.0;42,67910000;2,87286000;
202300004875.0;1;02;02286;1;1;1.0;1.0;49,96973800;3,76239900;
202300004876.0;1;44;44055;1;1;1.0;4.0;47,29926000; -2,36138000;
202300004877.0;1;92;92024;2;3;1.0;6.0;48,90707800;2,31773500;
202300004878.0;1;65;65433;2;3;1.0;1.0;43,21925600;0,09574700;
202300004879.0;5;13;13208;2;1;1.0;6.0;43,25350000;5,37590000;
202300004880.0;1;03;03019;1;1;1.0;7.0;46,60897700;3,69148000;
202300004881.0;1;64;64335;2;1;2.0;6.0;43,32093000; -0,43524000;
202300004882.0;5;92;92012;2;1;1.0;2.0;48,82920843;2,22886473;
202300004883.0;2;13;13212;2;1;1.0;3.0;43,30500000;5,42600000;
202300004884.0;1;70;70198;1;3;1.0;3.0;47,54711800;5,66933200;
202300004885.0;1;92;92004;2;1;1.0;1.0;48,92026000;2,28190000;
202300004886.0;1;62;62193;2;2;1.0;3.0;50,95499000;1,87173000;
202300004887.0;5;13;13208;2;1;1.0;6.0;43,24767000;5,37444000;
202300004888.0;1;61;61006;2;1;1.0;6.0;48,73928000; -0,02334000;
202300004889.0;1;72;72382;1;2;1.0;3.0;47,92739300;0,46639900;
202300004890.0;1;76;76281;1;2;1.0;3.0;49,52480400;0,58180300;
202300004891.0;1;59;59350;2;1;1.0;2.0;50,61529800;3,06264900;
202300004892.0;1;50;50076;1;1;1.0;6.0;48,89578100; -1,53172400;
202300004893.0;3;41;41148;1;2;9.0;4.0;47,64743600;1,43841500;
202300004894.0;1;84;84142;1;6;1.0;2.0;43,96855800;4,98047600;
202300004895.0;5;57;57019;2;1;1.0;6.0;49,24021000;6,13462000;
202300004896.0;1;50;50239;2;1;1.0;3.0;49,12613900; -1,16535800;
202300004897.0;1;44;44109;2;1;8.0;6.0;47,22362354; -1,57329165;
202300004898.0;1;57;57591;2;6;1.0;3.0;49,25653000;6,10650000;
202300004899.0;1;44;44109;2;1;8.0;3.0;47,21447910; -1,56850300;
202300004900.0;1;30;30269;1;4;1.0;3.0;44,11279100;3,85767600;
202300004901.0;1;62;62883;1;1;1.0;7.0;50,41472657;2,29262710;
202300004902.0;1;44;44109;2;1;8.0;6.0;47,23148202; -1,59268231;
202300004903.0;1;56;56121;2;6;1.0;3.0;47,76596000; -3,40071000;
202300004904.0;1;44;44109;2;1;8.0;1.0;47,21135493; -1,55801353;
202300004905.0;1;56;56231;1;1;1.0;3.0;47,69234600; -2,63821000;
202300004906.0;1;49;49007;2;6;1.0;3.0;47,47431000; -0,51589000;
202300004907.0;5;44;44109;2;1;8.0;6.0;47,21114822; -1,55753216;
202300004908.0;1;44;44109;2;9;8.0;6.0;47,21964962; -1,53309731;
202300004909.0;1;44;44109;2;1;1.0;2.0;47,20180400; -1,53515000;
202300004910.0;3;30;30333;1;1;1.0;4.0;43,75414000;4,25821100;
202300004911.0;1;82;82112;2;1;1.0;1.0;44,10670100;1,08328500;
202300004912.0;1;44;44109;2;1;1.0;6.0;47,21971600; -1,55564700;
202300004913.0;1;44;44109;2;1;8.0;3.0;47,22345462; -1,50172578;
202300004914.0;1;976;97605;2;1;1.0;6.0; -12,83263100;45,11897500;
202300004915.0;1;44;44020;1;-1;8.0;6.0;47,17933899; -1,60479435;
202300004916.0;1;65;65031;1;1;1.0;3.0;42,91829600;0,36317100;
202300004917.0;1;42;42218;2;2;1.0;3.0;45,43576000;4,43769000;
202300004918.0;3;44;44162;1;1;1.0;6.0;47,23917210; -1,64222967;
202300004919.0;1;71;71107;1;1;1.0;1.0;46,83711400;4,66341700;
202300004920.0;1;988;98830;1;1;1.0;6.0; -20,75696700;165,11554200;
202300004921.0;1;44;44109;2;1;8.0;6.0;47,23869083; -1,53186433;
202300004922.0;1;38;38185;2;2;4.0;3.0;45,18069000;5,71951000;
202300004923.0;1;61;61116;2;1;1.0;3.0;48,37808800;0,84585000;
202300004924.0;1;972;97224;2;1;3.0;3.0;14,68447400; -61,01608700;
202300004925.0;1;44;44190;2;6;8.0;3.0;47,19922551; -1,50022126;
202300004926.0;3;38;38421;2;1;1.0;7.0;45,16553737;5,76080295;
202300004927.0;1;78;78193;1;1;1.0;6.0;48,71294200;1,97323100;
202300004928.0;1;44;44184;2;1;8.0;6.0;47,26662074; -2,24778382;
202300004929.0;1;61;61129;1;3;1.0;3.0;48,47861400;0,59909800;
202300004930.0;1;37;37261;2;3;1.0;3.0;47,37495000;0,66958000;
202300004931.0;1;44;44190;2;1;8.0;1.0;47,19015026; -1,52008631;
202300004932.0;1;50;50413;2;1;1.0;6.0;48,60802900; -1,38085500;
202300004933.0;1;84;84047;1;2;1.0;6.0;43,88956600;5,35090000;
202300004934.0;1;35;35238;2;3;1.0;3.0;48,09768300; -1,67301849;
202300004935.0;1;44;44109;2;6;8.0;3.0;47,24344039; -1,55682017;
202300004936.0;1;64;64499;2;1;1.0;6.0;43,47348500; -0,92027100;
202300004937.0;1;06;06101;1;1;1.0;2.0;43,95001900;6,98726200;
202300004938.0;1;34;34032;2;1;1.0;6.0;43,33634000;3,22288000;
202300004939.0;1;07;07128;1;1;7.0;6.0;45,10499124;4,50959532;
202300004940.0;1;44;44109;2;2;8.0;3.0;47,23390175; -1,56297068;
202300004941.0;1;33;33529;2;1;8.0;1.0;44,63415000; -1,12792000;
202300004942.0;3;71;71307;1;1;1.0;1.0;46,37619200;4,03302800;
202300004943.0;1;27;27284;2;1;1.0;6.0;49,28646000;1,79418200;
202300004944.0;1;44;44109;2;3;1.0;3.0;47,26190706; -1,57953974;
202300004945.0;5;31;31149;2;7;8.0;1.0;43,61376000;1,33706000;
202300004946.0;1;12;12243;1;1;1.0;7.0;44,02908200;2,96480500;
202300004947.0;1;17;17480;1;1;1.0;1.0;46,14039600; -0,85450900;
202300004948.0;1;71;71556;2;1;1.0;2.0;46,27210200;4,79833800;
202300004949.0;1;31;31483;1;1;1.0;2.0;43,13066000;0,72391900;
202300004950.0;5;43;43002;2;1;3.0;6.0;45,05042000;3,88544000;
202300004951.0;1;87;87097;1;1;1.0;6.0;46,10338100;0,87425000;
202300004952.0;1;17;17415;2;1;1.0;6.0;45,74469000; -0,62280000;
202300004953.0;4;88;88086;2;1;1.0;7.0;48,19546600;6,72087600;
202300004954.0;1;43;43157;2;1;8.0;3.0;45,05146000;3,87802000;
202300004955.0;1;30;30012;1;6;1.0;2.0;43,90101900;4,69962700;
202300004956.0;1;54;54318;2;1;6.0;6.0;48,75079900;6,07552200;
202300004957.0;1;13;13024;1;1;1.0;1.0;43,70014800;5,24942600;
202300004958.0;1;43;43089;2;1;2.0;4.0;45,04526900;3,87372300;
202300004959.0;1;17;17306;2;4;1.0;4.0;45,62710700; -1,01236200;
202300004960.0;1;63;63470;1;1;1.0;7.0;45,84624025;3,04571271;
202300004961.0;1;44;44109;2;1;1.0;6.0;47,19394072; -1,53128636;
202300004962.0;1;01;01303;1;1;1.0;2.0;46,09712500;5,42617300;
202300004963.0;1;13;13071;2;3;1.0;2.0;43,40805000;5,30898000;
202300004964.0;1;38;38135;1;1;1.0;1.0;45,74288000;5,40467300;
202300004965.0;1;74;74218;2;6;1.0;6.0;46,38330000;6,51231000;
202300004966.0;3;13;13208;2;1;1.0;6.0;43,24958000;5,37515000;
202300004967.0;1;69;69244;2;3;1.0;7.0;45,76670700;4,78462100;
202300004968.0;1;17;17336;2;3;1.0;3.0;45,77717300; -0,72363900;
202300004969.0;1;13;13213;2;1;1.0;6.0;43,33033000;5,42721000;
202300004970.0;1;53;53108;1;3;1.0;3.0;48,07314700; -1,01161100;
202300004971.0;1;10;10387;2;6;1.0;7.0;48,28798000;4,08118000;
202300004972.0;1;35;35292;1;1;1.0;1.0;48,36806325; -1,42710418;
202300004973.0;1;38;38348;1;1;1.0;2.0;45,57172500;5,32137400;
202300004974.0;1;10;10333;2;1;1.0;6.0;48,28279000;4,05541000;
202300004975.0;1;60;60139;2;1;2.0;6.0;49,16624331;2,24586618;
202300004976.0;2;74;74105;2;1;1.0;6.0;46,30419800;6,29696400;
202300004977.0;1;33;33229;1;1;1.0;2.0;44,77789528; -1,03359461;
202300004978.0;1;07;07070;1;1;1.0;2.0;44,97920000;4,85056000;
202300004979.0;1;74;74296;1;1;2.0;7.0;46,08034500;6,05363500;
202300004980.0;1;02;02555;1;1;1.0;7.0;48,95362100;3,32930800;
202300004981.0;1;06;06027;2;1;1.0;2.0;43,65327000;7,15530000;
202300004982.0;1;74;74281;2;2;1.0;6.0;46,36389000;6,47619000;
202300004983.0;1;59;59411;2;6;1.0;6.0;50,47949772;3,10458389;
202300004984.0;2;988;98808;1;2;1.0;6.0; -21,18574000;165,54464000;
202300004985.0;5;971;97128;1;6;1.0;6.0;16,25792800; -61,45504100;
202300004986.0;4;05;05061;2;1;1.0;1.0;44,55836000;6,06992000;
202300004987.0;1;44;44109;2;1;8.0;2.0;47,20645241; -1,55483197;
202300004988.0;5;13;13213;1;1;1.0;2.0;43,32828784;5,41725594;
202300004989.0;1;28;28096;1;1;1.0;1.0;48,89238800;1,48474200;
202300004990.0;3;69;69029;1;1;1.0;6.0;45,74342000;4,90586000;
202300004991.0;5;75;75119;2;4;1.0;4.0;48,90017259;2,37638891;
202300004992.0;1;44;44109;2;1;8.0;6.0;47,21739457; -1,55707353;
202300004993.0;1;77;77183;2;1;1.0;6.0;48,95080300;3,12652800;
202300004994.0;5;75;75119;2;1;1.0;7.0;48,88350000;2,39994500;
202300004995.0;1;44;44143;1;1;8.0;3.0;47,15938595; -1,53713983;
202300004996.0;1;54;54357;1;1;1.0;3.0;48,72054300;6,16756800;
202300004997.0;1;44;44162;2;6;2.0;7.0;47,21924550; -1,62182392;
202300004998.0;1;75;75116;2;1;1.0;2.0;48,86978400;2,27168400;
202300004999.0;1;13;13101;1;1;1.0;2.0;43,40482900;5,52993400;
202300005000.0;1;94;94021;1;1;2.0;7.0;48,76446314;2,34264628;
202300005001.0;2;83;83123;1;1;7.0;2.0;43,14312445;5,78852677;
202300005002.0;1;75;75108;2;2;1.0;6.0;48,87777800;2,31628600;
202300005003.0;1;07;07324;2;1;1.0;1.0;45,07011200;4,82547200;
202300005004.0;1;91;91161;1;1;1.0;1.0;48,70908000;2,30833000;
202300005005.0;3;01;01264;1;1;1.0;6.0;46,18799100;5,11943900;
202300005006.0;2;75;75119;2;3;1.0;2.0;48,89990223;2,38529921;
202300005007.0;1;91;91216;1;1;1.0;2.0;48,67927000;2,33363000;
202300005008.0;1;46;46138;1;1;1.0;6.0;44,65835100;1,57001500;
202300005009.0;1;75;75116;2;1;1.0;2.0;48,86652400;2,26879200;
202300005010.0;1;44;44109;2;3;8.0;3.0;47,23267949; -1,52183814;
202300005011.0;1;83;83137;1;1;1.0;2.0;43,12697515;5,91375934;
202300005012.0;1;91;91136;1;1;1.0;4.0;48,71098000;2,29355000;
202300005013.0;1;75;75105;2;1;1.0;1.0;48,83883700;2,35820200;
202300005014.0;5;74;74008;2;3;1.0;3.0;46,20035000;6,22526000;
202300005015.0;1;92;92036;1;1;1.0;3.0;48,93576409;2,28722247;
202300005016.0;1;57;57474;1;1;1.0;3.0;49,26244746;6,17736071;
202300005017.0;3;74;74012;2;1;3.0;6.0;46,19238000;6,25111000;
202300005018.0;1;78;78455;1;1;1.0;2.0;48,85472000;2,05960000;
202300005019.0;5;75;75120;2;2;1.0;3.0;48,85130600;2,41111900;
202300005020.0;1;94;94065;1;1;1.0;2.0;48,75490000;2,34533000;
202300005021.0;3;74;74298;2;1;3.0;3.0;46,17674000;6,24025000;
202300005022.0;1;74;74012;2;1;2.0;6.0;46,19137000;6,23319000;
202300005023.0;1;75;75119;2;3;1.0;7.0;48,87642400;2,37685100;
202300005024.0;1;95;95351;1;1;1.0;4.0;49,03843116;2,48465076;
202300005025.0;1;94;94038;1;1;1.0;2.0;48,78431731;2,34694866;
202300005026.0;1;74;74010;2;1;1.0;6.0;45,90965000;6,13853000;
202300005027.0;1;93;93063;1;1;1.0;3.0;48,87528738;2,44004158;
202300005028.0;1;94;94038;1;1;1.0;6.0;48,77318113;2,34587558;
202300005029.0;1;75;75117;2;2;1.0;3.0;48,89182600;2,30158100;
202300005030.0;5;10;10387;2;3;1.0;3.0;48,28878000;4,08027000;
202300005031.0;5;93;93066;1;1;1.0;2.0;48,91524000;2,35790000;
202300005032.0;1;75;75116;2;1;1.0;2.0;48,86021300;2,29093000;
202300005033.0;1;10;10333;2;1;8.0;3.0;48,27242000;4,05516000;
202300005034.0;1;91;91553;1;1;1.0;5.0;48,62519000;2,47158000;
202300005035.0;2;05;05061;2;1;1.0;6.0;44,57288000;6,08163000;
202300005036.0;5;75;75116;2;2;1.0;3.0;48,85736100;2,26467800;
202300005037.0;1;93;93051;1;1;1.0;5.0;48,83546000;2,57100000;
202300005038.0;3;91;91534;1;1;1.0;7.0;48,72814000;2,16560000;
202300005039.0;3;91;91179;1;1;1.0;7.0;48,55584000;2,49189000;
202300005040.0;1;03;03155;2;1;1.0;1.0;46,73180000;2,93929700;
202300005041.0;1;75;75116;2;1;1.0;3.0;48,86497800;2,26742700;
202300005042.0;1;74;74119;1;1;9.0;6.0;46,38536019;6,58981258;
202300005043.0;1;75;75113;2;4;1.0;6.0;48,83995700;2,36172900;
202300005044.0;5;75;75113;2;1;1.0;2.0;48,81658600;2,34723900;
202300005045.0;1;92;92063;1;1;1.0;3.0;48,88961195;2,16890822;
202300005046.0;1;75;75120;2;1;1.0;6.0;48,86429599;2,41363406;
202300005047.0;1;75;75110;2;2;1.0;7.0;48,87951300;2,36804000;
202300005048.0;1;92;92023;1;1;1.0;7.0;48,77689465;2,22498357;
202300005049.0;1;74;74218;2;3;1.0;4.0;46,39501242;6,54072243;
202300005050.0;1;75;75114;2;2;8.0;3.0;48,83236996;2,32504606;
202300005051.0;1;75;75108;2;2;1.0;6.0;48,87654600;2,30169200;
202300005052.0;1;74;74281;2;9;1.0;3.0;46,36100000;6,45000000;
202300005053.0;1;92;92025;1;1;1.0;2.0;48,92441410;2,23084474;
202300005054.0;1;94;94058;2;1;1.0;6.0;48,83511937;2,51344121;
202300005055.0;3;74;74119;2;3;1.0;3.0;46,39505000;6,57540000;
202300005056.0;3;93;93005;1;1;1.0;3.0;48,96235000;2,47364000;
202300005057.0;1;94;94076;1;1;1.0;3.0;48,80041000;2,34774000;
202300005058.0;1;74;74281;2;1;1.0;2.0;46,38000000;6,49100000;
202300005059.0;5;75;75115;2;1;1.0;2.0;48,82579300;2,29959300;
202300005060.0;1;74;74281;2;1;1.0;2.0;46,38993000;6,50732000;
202300005061.0;2;95;95042;1;1;1.0;5.0;49,06191000;2,32597000;
202300005062.0;1;94;94033;2;9;1.0;3.0;48,84759061;2,48789477;
202300005063.0;1;74;74218;2;1;1.0;1.0;46,39421000;6,54400000;
202300005064.0;1;94;94073;2;2;1.0;6.0;48,74609000;2,36959000;
202300005065.0;1;94;94018;1;1;1.0;7.0;48,82494000;2,39264000;
202300005066.0;1;95;95277;1;1;1.0;5.0;48,97803406;2,43674397;
202300005067.0;3;50;50546;1;1;3.0;4.0;49,07865500; -1,09170200;
202300005068.0;1;94;94018;2;9;1.0;2.0;48,82248000;2,39755000;
202300005069.0;1;77;77249;1;1;1.0;3.0;48,72829035;2,60429471;
202300005070.0;1;44;44109;2;1;2.0;2.0;47,21603323; -1,56379339;
202300005071.0;1;94;94017;2;1;1.0;3.0;48,81344000;2,53715000;
202300005072.0;1;44;44190;2;1;8.0;6.0;47,19914299; -1,52693909;
202300005073.0;1;94;94002;2;9;1.0;6.0;48,80383900;2,41672200;
202300005074.0;1;94;94011;1;1;1.0;4.0;48,76152155;2,49235572;
202300005075.0;1;44;44109;2;1;8.0;6.0;47,23943476; -1,53754143;
202300005076.0;2;93;93073;2;9;7.0;6.0;48,98997100;2,54610000;
202300005077.0;1;95;95018;2;9;1.0;6.0;48,93946500;2,24846363;
202300005078.0;1;44;44109;2;1;8.0;3.0;47,20673158; -1,55503788;
202300005079.0;1;43;43224;2;1;1.0;1.0;45,24884100;4,23735400;
202300005080.0;1;93;93077;2;2;1.0;3.0;48,89521000;2,50066000;
202300005081.0;1;44;44109;2;1;8.0;6.0;47,21435939; -1,57112016;
202300005082.0;1;43;43007;1;1;6.0;7.0;45,03536429;4,19067800;
202300005083.0;1;44;44109;2;1;8.0;7.0;47,20495444; -1,53772556;
202300005084.0;1;93;93077;2;2;1.0;3.0;48,89516000;2,50065000;
202300005085.0;1;44;44020;2;1;8.0;3.0;47,18871426; -1,58725238;
202300005086.0;1;93;93059;2;1;1.0;6.0;48,96336509;2,35650381;
202300005087.0;1;93;93053;2;5;1.0;2.0;48,89015000;2,45892000;
202300005088.0;1;44;44109;2;1;1.0;3.0;47,22603683; -1,57066015;
202300005089.0;1;93;93027;2;3;1.0;3.0;48,92440000;2,40160000;
202300005090.0;1;93;93051;2;1;1.0;3.0;48,84536501;2,52824692;
202300005091.0;1;44;44109;2;1;8.0;4.0;47,24387354; -1,50503340;
202300005092.0;1;92;92024;2;2;1.0;6.0;48,90628595;2,31393769;
202300005093.0;1;93;93051;2;9;1.0;3.0;48,83690352;2,58244962;
202300005094.0;5;44;44109;2;1;8.0;6.0;47,24026304; -1,57226127;
202300005095.0;1;44;44109;2;1;8.0;6.0;47,20496851; -1,57491557;
202300005096.0;1;82;82033;2;1;7.0;6.0;44,06383700;1,09745600;
202300005097.0;1;93;93008;2;1;1.0;2.0;48,90466270;2,44445272;
202300005098.0;1;44;44109;2;1;8.0;7.0;47,23964513; -1,53119285;
202300005099.0;1;94;94058;2;1;1.0;6.0;48,83466775;2,50743923;
202300005100.0;1;93;93001;2;1;1.0;5.0;48,91307950;2,40225027;
202300005101.0;1;44;44109;2;3;8.0;6.0;47,21848949; -1,55334485;
202300005102.0;1;93;93031;2;1;1.0;6.0;48,96367546;2,29791160;
202300005103.0;1;92;92078;1;1;1.0;6.0;48,92683417;2,32776189;
202300005104.0;1;44;44190;2;3;8.0;6.0;47,20898376; -1,48793276;
202300005105.0;5;92;92023;2;1;1.0;3.0;48,78456562;2,24955261;
202300005106.0;1;92;92051;2;9;1.0;2.0;48,87446785;2,25531265;
202300005107.0;1;44;44087;1;6;8.0;2.0;46,99003260; -1,79588217;
202300005108.0;1;91;91363;1;1;1.0;3.0;48,64910100;2,16834100;
202300005109.0;1;987;98735;2;1;1.0;4.0; -17,53663000; -149,56028000;
202300005110.0;1;92;92050;2;1;1.0;6.0;48,88921103;2,22018528;
202300005111.0;5;11;11202;2;1;1.0;2.0;42,84042800;3,04212900;
202300005112.0;1;974;97416;1;1;1.0;2.0; -21,31760000;55,49030000;
202300005113.0;1;92;92049;2;1;1.0;3.0;48,81224300;2,30280700;
202300005114.0;1;21;21464;1;1;3.0;5.0;47,12895800;4,97109900;
202300005115.0;1;987;98747;2;1;7.0;3.0; -17,75600000; -148,73600000;
202300005116.0;1;92;92002;2;1;1.0;6.0;48,74581674;2,31446542;
202300005117.0;1;974;97416;1;3;1.0;3.0; -21,34500000;55,50290000;
202300005118.0;1;77;77339;2;1;1.0;6.0;48,39457900;2,49425100;
202300005119.0;5;11;11194;2;1;1.0;6.0;43,33364200;2,38064300;
202300005120.0;1;45;45254;1;3;1.0;3.0;47,64593300;2,58861100;
202300005121.0;1;2B;2B059;1;1;1.0;1.0;42,49247900;9,18405500;
202300005122.0;5;974;97411;2;1;1.0;6.0; -20,89330000;55,48651000;
202300005123.0;5;14;14118;2;3;1.0;6.0;49,18027000; -0,34989000;
202300005124.0;5;91;91235;2;1;1.0;2.0;48,62250900;2,36198600;
202300005125.0;1;36;36150;1;1;1.0;7.0;46,43426838;1,47854090;
202300005126.0;1;974;97407;2;1;7.0;6.0; -20,93201000;55,29591000;
202300005127.0;5;34;34344;1;1;1.0;2.0;43,56934600;4,07821300;
202300005128.0;1;38;38336;2;1;1.0;7.0;45,49269800;4,83265900;
202300005129.0;5;44;44109;2;1;8.0;6.0;47,22324049; -1,51846558;
202300005130.0;1;83;83068;2;1;1.0;6.0;43,28045900;6,57940000;
202300005131.0;1;973;97302;2;1;1.0;2.0;4,90415705; -52,32608843;
202300005132.0;2;41;41150;1;3;1.0;7.0;47,53704700;1,43508400;
202300005133.0;3;44;44109;2;1;8.0;7.0;47,21307478; -1,54095567;
202300005134.0;1;83;83068;2;1;1.0;5.0;43,26749100;6,57422800;
202300005135.0;1;49;49092;1;1;7.0;2.0;47,22195800; -0,56652500;
202300005136.0;1;973;97302;2;9;1.0;3.0;4,92100198; -52,32201934;
202300005137.0;1;44;44162;2;3;8.0;7.0;47,20796724; -1,64360917;
202300005138.0;1;68;68136;1;1;1.0;1.0;48,00376400;7,44551200;
202300005139.0;1;41;41144;2;2;1.0;3.0;47,47948100;1,09495600;
202300005140.0;4;973;97302;2;1;1.0;6.0;4,93149326; -52,32651758;
202300005141.0;1;44;44082;1;1;8.0;2.0;47,38556660; -1,36457511;
202300005142.0;1;05;05027;1;1;1.0;7.0;44,82645358;6,72801914;
202300005143.0;1;44;44109;2;1;8.0;7.0;47,22717744; -1,55300997;
202300005144.0;1;67;67368;1;1;1.0;1.0;48,42692188;7,39328505;
202300005145.0;1;973;97309;2;1;1.0;2.0;4,91291495; -52,30820686;
202300005146.0;3;21;21642;1;1;1.0;7.0;47,49416800;4,12489400;
202300005147.0;2;44;44109;2;3;8.0;7.0;47,25209492; -1,51703842;
202300005148.0;1;57;57474;2;2;1.0;3.0;49,25965800;6,15847300;
202300005149.0;1;41;41091;1;1;1.0;2.0;47,61681000;1,28261100;
202300005150.0;1;973;97302;2;1;1.0;3.0;4,94418754; -52,31794935;
202300005151.0;1;44;44184;1;1;8.0;1.0;47,29362986; -2,25740293;
202300005152.0;1;73;73117;2;3;1.0;3.0;45,19196300;6,65171700;
202300005153.0;5;44;44215;2;1;1.0;7.0;47,18693564; -1,47737446;
202300005154.0;5;973;97302;2;6;2.0;1.0;4,92081000; -52,32192000;
202300005155.0;1;06;06033;1;1;1.0;5.0;43,77225600;7,20929000;
202300005156.0;2;14;14543;1;6;2.0;6.0;49,20355399; -0,49056292;
202300005157.0;1;42;42296;1;1;1.0;7.0;45,74581500;4,27505500;
202300005158.0;1;60;60092;1;1;1.0;7.0;49,13425200;3,00021200;
202300005159.0;1;69;69386;2;2;1.0;3.0;45,77020508;4,86166281;
202300005160.0;1;44;44143;2;6;8.0;1.0;47,16662524; -1,55185023;
202300005161.0;1;01;01444;2;1;1.0;7.0;45,84740200;5,43558800;
202300005162.0;1;44;44109;2;1;8.0;6.0;47,23413914; -1,55331459;
202300005163.0;1;64;64109;2;1;1.0;1.0;43,19031100; -0,22127700;
202300005164.0;1;69;69387;2;3;1.0;3.0;45,74459000;4,84393000;
202300005165.0;1;85;85054;1;1;1.0;7.0;46,66456200; -1,75476600;
202300005166.0;1;44;44109;2;6;8.0;7.0;47,26248298; -1,51636826;
202300005167.0;3;63;63116;1;1;1.0;2.0;45,96758785;3,06372460;
202300005168.0;1;61;61194;1;1;1.0;6.0;48,77258100; -0,10597900;
202300005169.0;1;22;22070;2;9;7.0;3.0;48,56072200; -3,15339400;
202300005170.0;1;14;14118;2;2;1.0;3.0;49,20316200; -0,39108300;
202300005171.0;1;69;69383;2;2;1.0;3.0;45,75564000;4,84758000;
202300005172.0;1;22;22197;1;1;1.0;7.0;48,52712100; -1,93661900;
202300005173.0;1;51;51113;2;6;1.0;3.0;48,88093100;3,77596000;
202300005174.0;5;44;44190;2;6;1.0;6.0;47,20739418; -1,51810879;
202300005175.0;3;22;22026;1;1;1.0;6.0;48,39616400; -2,03403700;
202300005176.0;1;972;97209;2;3;1.0;3.0;14,61072000; -61,07096000;
202300005177.0;1;44;44109;2;1;8.0;6.0;47,20785722; -1,53005416;
202300005178.0;1;22;22093;1;1;1.0;3.0;48,45256700; -2,49235200;
202300005179.0;1;44;44109;2;6;8.0;6.0;47,24635852; -1,51149554;
202300005180.0;1;972;97209;2;1;1.0;4.0;14,61903000; -61,03896000;
202300005181.0;1;60;60446;2;1;1.0;6.0;49,14225805;2,79727042;
202300005182.0;1;44;44109;2;1;8.0;3.0;47,21396375; -1,54507770;
202300005183.0;1;67;67281;1;1;1.0;1.0;48,17860300;7,54203900;
202300005184.0;3;972;97209;1;1;1.0;6.0;14,60017000; -61,04660000;
202300005185.0;1;67;67072;2;1;1.0;2.0;48,96829200;7,22572800;
202300005186.0;1;13;13215;2;1;1.0;2.0;43,37821000;5,35614000;
202300005187.0;2;44;44035;1;1;8.0;3.0;47,25622853; -1,53963184;
202300005188.0;1;2A;2A040;1;1;1.0;6.0;42,09466800;9,09074700;
202300005189.0;3;13;13081;1;1;1.0;6.0;43,48390000;5,24105000;
202300005190.0;1;38;38151;2;1;1.0;6.0;45,14260000;5,70377000;
202300005191.0;1;69;69152;2;1;1.0;4.0;45,70661000;4,82514000;
202300005192.0;1;80;80092;1;1;1.0;1.0;49,95675500;2,27484000;
202300005193.0;3;13;13088;1;1;1.0;2.0;43,38953000;5,24623000;
202300005194.0;1;38;38053;2;2;8.0;6.0;45,58572000;5,27318000;