Num_Acc;lum;departement;commune;agglomeration;intersection;meteo;type_collision;lat;long;date
202300005195.0;1;65;65062;2;1;1.0;6.0;43,19748700;0,11497200;
202300005196.0;1;69;69385;2;5;1.0;6.0;45,75805000;4,81325000;
202300005197.0;1;13;13071;1;1;1.0;2.0;43,41260000;5,28180000;
202300005198.0;1;11;11020;1;1;1.0;6.0;42,94771000;2,49803800;
202300005199.0;1;38;38563;2;3;1.0;6.0;45,36750437;5,59224758;
202300005200.0;1;44;44109;2;1;1.0;6.0;47,20738000; -1,54007238;
202300005201.0;5;83;83137;1;1;1.0;3.0;43,12021469;5,94799881;
202300005202.0;1;69;69202;2;1;1.0;4.0;45,72814000;4,77868000;
202300005203.0;1;55;55543;1;1;1.0;5.0;48,69740800;5,30860100;
202300005204.0;1;44;44109;2;1;1.0;2.0;47,20612655; -1,56397108;
202300005205.0;3;69;69091;1;1;1.0;3.0;45,58455516;4,74811470;
202300005206.0;1;34;34223;1;2;1.0;6.0;43,45187000;3,18860400;
202300005207.0;1;69;69381;2;3;1.0;3.0;45,76833000;4,83779000;
202300005208.0;2;44;44109;2;3;1.0;7.0;47,24538481; -1,50831261;
202300005209.0;3;57;57757;2;9;1.0;6.0;49,34665477;6,17401600;
202300005210.0;1;38;38370;1;1;8.0;7.0;45,12741100;5,24056400;
202300005211.0;1;62;62083;1;1;1.0;7.0;50,46719000;2,63380000;
202300005212.0;3;2B;2B120;1;9;1.0;6.0;42,64577000;9,44005000;
202300005213.0;1;33;33550;1;1;1.0;2.0;44,77840000; -0,55550000;
202300005214.0;1;84;84017;1;1;1.0;6.0;44,12458300;5,26157700;
202300005215.0;5;971;97101;1;1;1.0;6.0;16,25548371; -61,53313100;
202300005216.0;1;971;97113;1;1;1.0;3.0;16,21783000; -61,49079000;
202300005217.0;1;03;03052;1;3;1.0;3.0;46,33571400;2,68645600;
202300005218.0;1;33;33024;2;1;1.0;3.0;44,62487800; -0,05111600;
202300005219.0;3;59;59090;1;1;1.0;6.0;50,71634000;3,12393000;
202300005220.0;1;971;97101;2;1;1.0;1.0;16,26848523; -61,50688291;
202300005221.0;1;66;66024;2;1;1.0;6.0;42,52688600;2,83154400;
202300005222.0;5;34;34032;2;1;1.0;2.0;43,34058000;3,22259000;
202300005223.0;1;59;59449;1;1;1.0;6.0;50,46038000;3,26353000;
202300005224.0;1;971;97113;1;1;1.0;6.0;16,23377000; -61,47040000;
202300005225.0;1;72;72161;1;9;1.0;1.0;47,75044319;0,55318594;
202300005226.0;1;45;45203;2;1;1.0;7.0;47,82450000;1,69297200;
202300005227.0;3;971;97113;1;9;1.0;3.0;16,21824594; -61,50437236;
202300005228.0;1;59;59123;1;1;1.0;5.0;50,49816000;3,00414000;
202300005229.0;1;59;59159;1;1;1.0;7.0;50,97448000;2,22268000;
202300005230.0;1;73;73300;2;1;8.0;2.0;45,68408837;5,89480247;
202300005231.0;1;2A;2A004;2;1;1.0;2.0;41,93386000;8,74922000;
202300005232.0;1;2A;2A004;2;1;1.0;6.0;41,94210000;8,74962000;
202300005233.0;2;07;07010;2;3;1.0;1.0;45,25022300;4,66347100;
202300005234.0;1;51;51454;2;1;2.0;3.0;49,24387000;4,04446000;
202300005235.0;1;91;91471;1;1;1.0;4.0;48,71495000;2,17448000;
202300005236.0;1;85;85146;1;1;1.0;2.0;47,00128100; -1,28856500;
202300005237.0;2;2A;2A004;1;6;1.0;5.0;41,93136157;8,80281016;
202300005238.0;3;44;44212;1;1;2.0;3.0;47,15495205; -1,22948170;
202300005239.0;1;92;92036;1;1;1.0;4.0;48,92167671;2,30596916;
202300005240.0;5;95;95268;2;1;1.0;6.0;48,97689459;2,39130735;
202300005241.0;1;74;74305;2;1;1.0;6.0;46,20480000;6,24957000;
202300005242.0;1;92;92036;1;1;1.0;3.0;48,94589035;2,28373638;
202300005243.0;1;95;95277;2;1;1.0;2.0;48,99129000;2,43357900;
202300005244.0;5;09;09122;1;1;1.0;6.0;42,96445500;1,60013900;
202300005245.0;1;87;87089;1;1;1.0;4.0;46,21333500;1,14736200;
202300005246.0;1;95;95210;2;1;1.0;3.0;48,96414794;2,31361717;
202300005247.0;1;93;93066;1;1;1.0;4.0;48,91936344;2,35754643;
202300005248.0;1;73;73211;2;1;1.0;7.0;45,72001969;6,45743698;
202300005249.0;1;48;48147;1;1;1.0;1.0;44,42250200;3,50632300;
202300005250.0;1;95;95476;1;1;1.0;2.0;49,07128000;2,08185000;
202300005251.0;1;93;93006;1;1;1.0;5.0;48,86823415;2,42795706;
202300005252.0;1;72;72231;1;1;1.0;7.0;47,94265300;0,31645800;
202300005253.0;1;95;95063;2;1;1.0;6.0;48,93517000;2,20840000;
202300005254.0;5;14;14191;2;1;1.0;6.0;49,33511600; -0,45218300;
202300005255.0;1;13;13050;1;1;1.0;2.0;43,64443000;5,19982700;
202300005256.0;1;94;94011;2;9;1.0;3.0;48,76317000;2,47990000;
202300005257.0;1;91;91477;2;1;1.0;7.0;48,71534000;2,20228000;
202300005258.0;3;63;63113;1;1;1.0;2.0;45,80620809;3,15149976;
202300005259.0;5;93;93049;2;2;1.0;3.0;48,86116000;2,51619000;
202300005260.0;3;13;13044;1;1;1.0;1.0;43,62368500;5,04673200;
202300005261.0;1;91;91477;2;3;1.0;3.0;48,72104300;2,20373200;
202300005262.0;1;42;42218;2;1;1.0;2.0;45,43888068;4,37867859;
202300005263.0;2;38;38053;2;1;1.0;6.0;45,58689000;5,29130000;
202300005264.0;5;94;94043;2;1;1.0;2.0;48,80731200;2,36294447;
202300005265.0;1;94;94076;2;1;1.0;1.0;48,78908600;2,36160000;
202300005266.0;1;13;13071;1;1;1.0;2.0;43,38891000;5,30394000;
202300005267.0;2;91;91228;1;1;1.0;2.0;48,61961000;2,42562000;
202300005268.0;3;94;94076;1;1;1.0;2.0;48,79253545;2,34469358;
202300005269.0;1;75;75113;1;1;1.0;5.0;48,81606600;2,35797300;
202300005270.0;3;91;91549;1;1;1.0;1.0;48,62664100;2,34626900;
202300005271.0;1;988;98818;2;2;1.0;3.0; -22,23407000;166,43725000;
202300005272.0;3;976;97611;2;1;1.0;3.0; -12,81063000;45,20273000;
202300005273.0;3;974;97416;2;1;1.0;6.0; -21,34104000;55,48217000;
202300005274.0;1;974;97411;2;1;1.0;6.0; -20,88521610;55,46295708;
202300005275.0;1;974;97411;1;1;1.0;7.0; -20,87605000;55,43418000;
202300005276.0;1;974;97411;1;4;1.0;3.0; -20,89199000;55,46757000;
202300005277.0;1;974;97411;2;2;1.0;6.0; -20,89027000;55,45200000;
202300005278.0;5;974;97407;1;1;1.0;6.0; -20,94224000;55,30654000;
202300005279.0;1;974;97407;1;1;1.0;2.0; -20,95338000;55,30742000;
202300005280.0;1;974;97407;2;9;1.0;3.0; -20,95399345;55,30870056;
202300005281.0;5;973;97302;1;1;1.0;2.0;4,89738091; -52,32812762;
202300005282.0;5;973;97302;1;1;1.0;3.0;4,90612000; -52,32281000;
202300005283.0;1;973;97302;2;2;1.0;3.0;4,93367491; -52,33044237;
202300005284.0;3;973;97302;2;1;1.0;7.0;4,92634482; -52,32111096;
202300005285.0;1;973;97302;2;6;1.0;3.0;4,92740000; -52,28999000;
202300005286.0;5;69;69387;2;1;1.0;6.0;45,73215212;4,83888598;
202300005287.0;1;69;69383;2;2;1.0;3.0;45,76160000;4,84542000;
202300005288.0;5;69;69386;2;2;1.0;3.0;45,76817000;4,85445000;
202300005289.0;5;69;69386;2;3;1.0;3.0;45,77022000;4,86073000;
202300005290.0;1;69;69386;2;2;1.0;3.0;45,76707000;4,84763000;
202300005291.0;1;69;69383;2;3;1.0;3.0;45,74976000;4,88983000;
202300005292.0;1;972;97213;1;1;1.0;2.0;14,59930000; -60,99961000;
202300005293.0;1;972;97213;1;1;1.0;6.0;14,59846000; -60,99909000;
202300005294.0;1;972;97213;1;1;1.0;3.0;14,61829000; -61,02624000;
202300005295.0;5;972;97213;1;1;2.0;2.0;14,61849000; -61,02325000;
202300005296.0;1;972;97213;1;4;8.0;4.0;14,61867875; -60,98799089;
202300005297.0;1;69;69034;2;1;1.0;3.0;45,79778000;4,85097000;
202300005298.0;1;69;69384;2;1;2.0;2.0;45,77899397;4,81123903;
202300005299.0;5;2B;2B033;2;1;1.0;6.0;42,67971000;9,44317000;
202300005300.0;5;971;97120;2;9;1.0;3.0;16,24009000; -61,53203000;
202300005301.0;4;971;97101;1;1;1.0;6.0;16,26815000; -61,50485000;
202300005302.0;5;971;97101;2;1;1.0;3.0;16,25164000; -61,52691000;
202300005303.0;5;971;97101;2;1;1.0;6.0;16,25368000; -61,52348000;
202300005304.0;1;2A;2A004;1;1;1.0;4.0;41,94499580;8,81118804;
202300005305.0;1;2A;2A004;2;1;1.0;2.0;41,93804700;8,74007400;
202300005306.0;1;95;95268;1;1;1.0;1.0;48,96595112;2,40869497;
202300005307.0;1;95;95555;2;1;1.0;1.0;48,96540000;2,28300000;
202300005308.0;1;91;91122;2;1;1.0;1.0;48,69515000;2,16765400;
202300005309.0;2;91;91097;2;1;1.0;6.0;48,68124000;2,53038000;
202300005310.0;1;91;91027;2;1;1.0;6.0;48,71401000;2,37267000;
202300005311.0;1;89;89387;2;2;1.0;3.0;48,20496000;3,28495000;
202300005312.0;1;87;87114;2;1;1.0;6.0;45,83475000;1,30707000;
202300005313.0;1;87;87085;2;1;1.0;6.0;45,81322000;1,24304000;
202300005314.0;1;87;87113;1;1;2.0;6.0;45,87368500;1,34304400;
202300005315.0;1;86;86194;2;1;1.0;6.0;46,58823800;0,31420400;
202300005316.0;3;85;85194;1;1;1.0;1.0;46,53169000; -1,75173000;
202300005317.0;1;83;83144;2;9;1.0;3.0;43,14308009;5,98800963;
202300005318.0;1;83;83129;2;1;1.0;6.0;43,10263000;5,82096000;
202300005319.0;1;83;83061;2;1;1.0;6.0;43,43176000;6,73414000;
202300005320.0;1;83;83050;1;3;1.0;3.0;43,52403000;6,52576000;
202300005321.0;1;81;81021;2;1;1.0;6.0;43,50768000;2,35544000;
202300005322.0;1;81;81004;2;2;1.0;3.0;43,92969000;2,14753000;
202300005323.0;5;80;80021;2;1;1.0;7.0;49,87093000;2,30675000;
202300005324.0;5;79;79191;2;6;1.0;7.0;46,30776600; -0,44239000;
202300005325.0;1;78;78401;2;1;1.0;2.0;49,00809100;1,90506400;
202300005326.0;1;78;78440;2;2;1.0;3.0;48,97594700;1,91573800;
202300005327.0;1;77;77251;2;9;1.0;3.0;48,61891000;2,54247000;
202300005328.0;1;77;77209;2;1;1.0;1.0;48,86089000;2,69638000;
202300005329.0;1;76;76231;1;1;1.0;7.0;49,25863000;1,01032000;
202300005330.0;1;76;76108;2;3;1.0;2.0;49,45595000;1,10710000;
202300005331.0;5;76;76447;1;1;1.0;7.0;49,52640000;0,18986000;
202300005332.0;5;76;76447;2;1;1.0;2.0;49,53016000;0,18137000;
202300005333.0;5;76;76351;2;1;1.0;6.0;49,49278400;0,12428100;
202300005334.0;1;76;76545;2;6;8.0;3.0;49,91525000;1,09436000;
202300005335.0;1;76;76114;2;1;1.0;6.0;49,57892000;0,47841000;
202300005336.0;1;73;73065;2;6;1.0;6.0;45,56228810;5,91251578;
202300005337.0;2;71;71076;2;2;2.0;3.0;46,77906020;4,84998107;
202300005338.0;5;69;69266;2;2;1.0;2.0;45,78185000;4,88742000;
202300005339.0;1;69;69282;2;2;1.0;3.0;45,77630000;4,99820000;
202300005340.0;5;69;69199;2;2;1.0;4.0;45,70554000;4,85541000;
202300005341.0;5;69;69290;2;1;1.0;2.0;45,68586962;4,94417295;
202300005342.0;1;69;69290;2;1;1.0;2.0;45,68800000;4,95149000;
202300005343.0;1;67;67447;2;1;1.0;6.0;48,60673000;7,73697000;
202300005344.0;1;67;67482;2;1;1.0;1.0;48,54715000;7,76398000;
202300005345.0;5;66;66136;2;1;1.0;2.0;42,70220000;2,89678000;
202300005346.0;1;66;66136;2;1;1.0;3.0;42,69483000;2,90110000;
202300005347.0;1;65;65286;2;1;1.0;6.0;43,09842000; -0,04966000;
202300005348.0;1;64;64545;2;1;8.0;2.0;43,39010000; -1,68569000;
202300005349.0;1;64;64445;2;3;1.0;3.0;43,29654000; -0,37430000;
202300005350.0;1;64;64445;2;2;1.0;6.0;43,29516000; -0,37366000;
202300005351.0;1;64;64024;2;1;1.0;3.0;43,52390000; -1,50428000;
202300005352.0;1;64;64102;2;1;1.0;2.0;43,49810000; -1,48241000;
202300005353.0;5;64;64102;2;1;1.0;6.0;43,49001000; -1,46778000;
202300005354.0;2;63;63113;2;5;1.0;3.0;45,77560021;3,09602827;
202300005355.0;2;62;62040;2;1;1.0;3.0;50,72569000;2,30812000;
202300005356.0;1;62;62727;2;1;1.0;6.0;50,46940220;2,59110796;
202300005357.0;3;62;62178;1;1;1.0;3.0;50,49475000;2,53934000;
202300005358.0;1;62;62753;2;1;1.0;5.0;50,30448960;2,81493258;
202300005359.0;5;62;62041;2;1;1.0;1.0;50,28911800;2,74328600;
202300005360.0;1;59;59599;2;1;1.0;6.0;50,73243426;3,18245353;
202300005361.0;1;59;59512;2;2;1.0;3.0;50,70781319;3,18667047;
202300005362.0;3;59;59350;2;3;1.0;2.0;50,62804000;3,07850000;
202300005363.0;1;59;59328;2;1;1.0;3.0;50,64416991;3,01449180;
202300005364.0;1;57;57463;2;1;1.0;7.0;49,10059438;6,21504307;
202300005365.0;2;56;56260;2;1;8.0;3.0;47,66322000; -2,76429000;
202300005366.0;1;71;71153;2;1;1.0;6.0;46,79345000;4,44823000;
202300005367.0;1;56;56162;2;1;1.0;6.0;47,73064000; -3,42715000;
202300005368.0;5;69;69264;2;3;1.0;3.0;45,98907000;4,71849000;
202300005369.0;1;56;56083;2;3;1.0;3.0;47,80042000; -3,26150000;
202300005370.0;5;54;54395;2;1;2.0;6.0;48,69648000;6,16131000;
202300005371.0;5;67;67482;2;1;2.0;6.0;48,57150000;7,75500000;
202300005372.0;1;52;52121;2;1;2.0;6.0;48,10547000;5,13538000;
202300005373.0;5;67;67482;2;3;8.0;3.0;48,56619000;7,77854000;
202300005374.0;1;51;51525;1;1;1.0;6.0;48,93276000;4,44674000;
202300005375.0;1;66;66136;2;1;8.0;6.0;42,68780885;2,90524542;
202300005376.0;5;50;50502;2;1;2.0;7.0;49,11369000; -1,08318000;
202300005377.0;1;64;64102;2;1;2.0;3.0;43,48913000; -1,46622000;
202300005378.0;1;50;50129;2;2;1.0;3.0;49,64748000; -1,65087000;
202300005379.0;5;64;64024;2;1;3.0;7.0;43,49726326; -1,49717152;
202300005380.0;1;50;50129;2;1;1.0;3.0;49,62353000; -1,61368000;
202300005381.0;1;64;64024;2;3;2.0;1.0;43,49265000; -1,50639000;
202300005382.0;1;49;49099;2;1;1.0;6.0;47,04409000; -0,89764000;
202300005383.0;1;64;64102;2;1;1.0;6.0;43,47901000; -1,48145000;
202300005384.0;1;49;49278;2;6;1.0;3.0;47,44470000; -0,57670000;
202300005385.0;1;63;63113;2;1;1.0;3.0;45,77395000;3,09341000;
202300005386.0;5;49;49007;2;1;1.0;7.0;47,48308000; -0,54922000;
202300005387.0;1;61;61001;2;1;8.0;3.0;48,41209000;0,09596000;
202300005388.0;1;49;49246;1;1;1.0;1.0;47,42127000; -0,49112000;
202300005389.0;1;57;57306;2;1;1.0;6.0;49,32856000;6,06245000;
202300005390.0;1;47;47323;1;3;1.0;2.0;44,39500000;0,75916000;
202300005391.0;1;56;56121;2;1;2.0;3.0;47,74141000; -3,37262000;
202300005392.0;1;43;43157;2;2;1.0;6.0;45,04177000;3,88564000;
202300005393.0;1;54;54395;2;1;1.0;3.0;48,67474800;6,17383400;
202300005394.0;1;43;43157;2;1;1.0;6.0;45,04366191;3,88425037;
202300005395.0;1;54;54382;2;1;3.0;6.0;49,54083700;5,78919000;
202300005396.0;3;41;41226;1;1;1.0;6.0;47,80648000;1,08505000;
202300005397.0;1;51;51454;2;1;1.0;3.0;49,26428000;4,05799000;
202300005398.0;3;41;41295;2;6;1.0;7.0;47,56885000;1,37346000;
202300005399.0;2;51;51454;2;1;1.0;6.0;49,22164000;4,02810000;
202300005400.0;2;38;38421;2;1;1.0;4.0;45,17466000;5,76681000;
202300005401.0;1;37;37261;2;1;2.0;6.0;47,36349000;0,69936000;
202300005402.0;1;49;49099;1;1;1.0;3.0;47,06927000; -0,90851000;
202300005403.0;1;37;37261;2;3;1.0;7.0;47,40598000;0,71183000;
202300005404.0;1;36;36063;2;1;9.0;3.0;46,83875100;1,69697600;
202300005405.0;1;49;49267;1;2;1.0;2.0;47,47334000; -0,46545000;
202300005406.0;1;49;49246;2;6;8.0;7.0;47,42500000; -0,52521000;
202300005407.0;1;35;35238;2;3;1.0;6.0;48,08342000; -1,66089000;
202300005408.0;1;35;35238;1;1;1.0;6.0;48,08197000; -1,64200000;
202300005409.0;1;37;37261;2;1;1.0;1.0;47,38279000;0,71155000;
202300005410.0;1;35;35238;2;1;1.0;6.0;48,12767000; -1,65342000;
202300005411.0;1;37;37261;2;2;1.0;3.0;47,39359000;0,67197000;
202300005412.0;1;35;35278;2;1;1.0;2.0;48,13906000; -1,69372000;
202300005413.0;1;37;37122;1;1;8.0;6.0;47,34001789;0,66646519;
202300005414.0;1;37;37261;2;1;8.0;7.0;47,37420000;0,69958000;
202300005415.0;5;34;34172;2;2;1.0;3.0;43,60289000;3,85530000;
202300005416.0;5;34;34172;2;1;1.0;6.0;43,61154000;3,82805000;
202300005417.0;2;37;37122;2;3;1.0;2.0;47,33450868;0,66464134;
202300005418.0;1;37;37233;2;1;8.0;7.0;47,38507000;0,71061000;
202300005419.0;1;33;33075;2;3;7.0;3.0;44,87502000; -0,59041000;
202300005420.0;1;33;33063;2;1;1.0;2.0;44,85663189; -0,54833740;
202300005421.0;5;35;35238;2;3;1.0;3.0;48,10978332; -1,69850618;
202300005422.0;1;35;35238;1;1;1.0;2.0;48,11042805; -1,71801120;
202300005423.0;1;33;33063;2;2;1.0;3.0;44,82533000; -0,58914000;
202300005424.0;1;35;35238;2;1;2.0;3.0;48,08867831; -1,67496175;
202300005425.0;1;33;33063;2;3;1.0;3.0;44,82981000; -0,59621000;
202300005426.0;5;34;34172;2;1;1.0;7.0;43,62476000;3,82680000;
202300005427.0;1;33;33529;1;1;7.0;2.0;44,61342479; -1,14871502;
202300005428.0;1;34;34172;2;6;1.0;3.0;43,60614000;3,89862000;
202300005429.0;1;32;32013;2;1;1.0;6.0;43,64688000;0,58185000;
202300005430.0;5;33;33063;2;1;2.0;1.0;44,83411000; -0,55110000;
202300005431.0;5;31;31555;2;9;1.0;3.0;43,64768600;1,42096200;
202300005432.0;5;31;31555;2;1;2.0;3.0;43,57170000;1,45362000;
202300005433.0;5;31;31149;2;1;1.0;3.0;43,61510000;1,33201000;
202300005434.0;1;30;30189;2;1;1.0;1.0;43,83880000;4,32100000;
202300005435.0;1;31;31555;2;1;1.0;1.0;43,58126000;1,48120000;
202300005436.0;5;29;29232;2;9;1.0;6.0;47,98960400; -4,08930900;
202300005437.0;1;27;27562;2;9;1.0;3.0;49,10251000;1,45352000;
202300005438.0;5;31;31555;2;2;8.0;3.0;43,60647000;1,45653000;
202300005439.0;1;27;27229;2;1;1.0;7.0;49,02849000;1,17111000;
202300005440.0;2;30;30189;2;3;1.0;1.0;43,82950000;4,32650000;
202300005441.0;1;27;27229;2;1;1.0;2.0;49,03328100;1,14607600;
202300005442.0;1;30;30189;1;3;1.0;3.0;43,87190000;4,31970000;
202300005443.0;1;25;25056;2;6;1.0;3.0;47,24889000;5,99648000;
202300005444.0;3;26;26362;2;1;1.0;3.0;44,89948000;4,88818000;
202300005445.0;1;22;22215;2;1;1.0;2.0;48,50073000; -2,78102000;
202300005446.0;1;22;22278;2;1;1.0;7.0;48,51219000; -2,75430000;
202300005447.0;5;26;26362;2;1;2.0;3.0;44,95311000;4,92963000;
202300005448.0;1;22;22187;2;1;1.0;6.0;48,53247000; -2,76305000;
202300005449.0;1;21;21231;2;3;8.0;3.0;47,33078000;5,06450000;
202300005450.0;5;21;21231;2;3;1.0;3.0;47,32213726;5,03795812;
202300005451.0;1;21;21054;2;1;1.0;6.0;47,02240000;4,84198000;
202300005452.0;1;19;19031;2;6;1.0;3.0;45,15644000;1,50403000;
202300005453.0;1;13;13071;2;1;1.0;3.0;43,41827000;5,36707000;
202300005454.0;5;18;18213;2;1;1.0;6.0;47,09784900;2,46469800;
202300005455.0;5;13;13203;2;1;1.0;2.0;43,30594185;5,38362972;
202300005456.0;1;17;17333;1;3;1.0;5.0;45,59619000; -0,97443000;
202300005457.0;5;13;13214;2;1;1.0;6.0;43,34588000;5,38029000;
202300005458.0;1;17;17306;2;1;1.0;2.0;45,64681000; -1,02439000;
202300005459.0;1;13;13204;2;1;2.0;3.0;43,31320000;5,40510000;
202300005460.0;1;17;17028;2;1;1.0;6.0;46,13378400; -1,11510900;
202300005461.0;1;11;11262;2;2;1.0;3.0;43,19618000;2,96162000;
202300005462.0;1;14;14487;1;1;1.0;1.0;49,17788000;0,22654300;
202300005463.0;1;10;10387;2;1;1.0;3.0;48,27119000;4,07988000;
202300005464.0;1;06;06069;2;1;1.0;2.0;43,64115000;6,91501000;
202300005465.0;1;06;06069;2;1;1.0;6.0;43,65059000;6,93148000;
202300005466.0;5;04;04070;2;1;2.0;7.0;44,07034000;6,19973000;
202300005467.0;1;75;75118;2;1;1.0;3.0;48,90092600;2,35886700;
202300005468.0;1;75;75120;2;3;2.0;3.0;48,87533500;2,39354900;
202300005469.0;1;75;75120;2;1;1.0;3.0;48,85729400;2,40981800;
202300005470.0;1;75;75119;2;3;1.0;3.0;48,90189900;2,37274000;
202300005471.0;2;75;75118;2;1;1.0;1.0;48,89849000;2,35609300;
202300005472.0;1;75;75118;2;3;1.0;6.0;48,88905800;2,35989800;
202300005473.0;1;75;75118;2;1;1.0;6.0;48,89784800;2,33615200;
202300005474.0;1;75;75116;2;1;2.0;6.0;48,87052200;2,27454400;
202300005475.0;1;75;75113;2;2;1.0;6.0;48,84191500;2,36787800;
202300005476.0;1;75;75112;2;3;1.0;3.0;48,84420900;2,39027500;
202300005477.0;5;75;75112;2;1;2.0;6.0;48,84379600;2,36970400;
202300005478.0;1;75;75110;2;2;1.0;7.0;48,86879600;2,36762900;
202300005479.0;5;75;75108;2;4;1.0;3.0;48,86614500;2,30134600;
202300005480.0;1;75;75108;2;1;1.0;6.0;48,86550000;2,30335600;
202300005481.0;5;75;75104;2;3;1.0;7.0;48,85107800;2,36221700;
202300005482.0;1;75;75104;2;2;8.0;7.0;48,85789700;2,35020000;
202300005483.0;1;75;75104;2;2;3.0;3.0;48,86198200;2,35016300;
202300005484.0;5;94;94042;2;1;1.0;4.0;48,82012000;2,46769000;
202300005485.0;1;94;94068;2;2;3.0;3.0;48,79329000;2,49791000;
202300005486.0;2;94;94076;2;1;1.0;6.0;48,79133000;2,36948000;
202300005487.0;5;94;94033;2;6;1.0;3.0;48,85266000;2,49064000;
202300005488.0;1;94;94033;2;1;8.0;2.0;48,85486824;2,49281891;
202300005489.0;3;94;94028;2;1;1.0;3.0;48,79090000;2,46273000;
202300005490.0;2;94;94022;2;2;1.0;3.0;48,76918940;2,42247677;
202300005491.0;1;93;93078;1;1;3.0;2.0;48,96496000;2,51882000;
202300005492.0;1;93;93027;2;6;2.0;3.0;48,92079086;2,41067290;
202300005493.0;2;93;93031;2;1;1.0;1.0;48,94891400;2,33425600;
202300005494.0;1;93;93079;2;1;2.0;3.0;48,96410874;2,34407553;
202300005495.0;5;93;93047;2;3;2.0;2.0;48,90328000;2,55595000;
202300005496.0;1;93;93014;2;2;2.0;5.0;48,90149000;2,54691000;
202300005497.0;1;93;93005;2;1;2.0;6.0;48,93674000;2,50435300;
202300005498.0;1;92;92033;2;1;3.0;3.0;48,85385199;2,19280243;
202300005499.0;5;92;92051;2;1;1.0;6.0;48,88839941;2,25818932;
202300005500.0;1;92;92044;2;2;8.0;6.0;48,88805668;2,28618890;
202300005501.0;5;92;92035;2;1;1.0;3.0;48,90999453;2,25496281;
202300005502.0;5;92;92024;2;2;3.0;3.0;48,90622004;2,30320528;
202300005503.0;1;92;92012;2;6;2.0;2.0;48,84048577;2,22861350;
202300005504.0;1;92;92012;2;1;2.0;6.0;48,84036161;2,24755347;
202300005505.0;1;92;92007;2;3;1.0;6.0;48,79506000;2,30644000;
202300005506.0;2;51;51649;2;6;1.0;3.0;48,72521700;4,60499300;
202300005507.0;3;988;98810;1;1;8.0;6.0; -20,69153000;164,45205000;
202300005508.0;1;31;31044;2;1;1.0;6.0;43,61095100;1,48943600;
202300005509.0;1;974;97422;2;6;1.0;3.0; -21,27407900;55,50645900;
202300005510.0;1;63;63091;1;1;1.0;4.0;45,42791733;3,27279423;
202300005511.0;1;30;30209;1;1;1.0;1.0;43,98890500;4,78272700;
202300005512.0;1;35;35251;1;2;7.0;3.0;48,25968100; -1,61815000;
202300005513.0;1;57;57269;1;1;1.0;3.0;49,29719600;6,21926000;
202300005514.0;2;62;62440;2;1;1.0;1.0;50,10918300;3,02611400;
202300005515.0;3;56;56078;1;1;1.0;6.0;47,76008500; -3,46347200;
202300005516.0;4;79;79080;2;3;1.0;7.0;46,65854000; -0,23931700;
202300005517.0;2;82;82168;1;1;2.0;6.0;44,18590100;1,00546400;
202300005518.0;1;65;65258;2;1;1.0;6.0;43,12174333;0,38488242;
202300005519.0;3;89;89216;1;1;1.0;6.0;47,55250500;3,27045000;
202300005520.0;1;63;63387;1;1;1.0;7.0;46,04172300;3,45648800;
202300005521.0;3;68;68273;1;4;1.0;1.0;47,54585800;7,29539400;
202300005522.0;3;39;39475;2;1;1.0;7.0;46,43489900;5,33893200;
202300005523.0;1;44;44099;1;1;1.0;1.0;47,63505000; -1,33272000;
202300005524.0;1;974;97407;1;1;1.0;3.0; -20,93029000;55,30163000;
202300005525.0;1;29;29193;2;1;1.0;1.0;48,55438900; -4,08713300;
202300005526.0;1;02;02197;2;9;1.0;6.0;49,96559100;3,97330600;
202300005527.0;1;03;03283;1;1;2.0;6.0;46,52926900;3,56321300;
202300005528.0;3;01;01237;2;1;8.0;6.0;46,21386000;5,61171500;
202300005529.0;1;973;97302;2;2;1.0;3.0;4,93356534; -52,31330842;
202300005530.0;5;69;69389;2;1;3.0;7.0;45,77826000;4,80551000;
202300005531.0;2;66;66071;1;1;1.0;6.0;42,78584200;2,68014900;
202300005532.0;1;05;05092;1;1;1.0;1.0;44,51087779;6,03245704;
202300005533.0;3;43;43114;1;1;1.0;6.0;45,16876904;4,21293859;
202300005534.0;4;69;69081;2;2;3.0;1.0;45,76632000;4,76935000;
202300005535.0;1;43;43132;1;1;8.0;3.0;45,11664000;3,49203800;
202300005536.0;1;07;07292;1;1;1.0;7.0;45,16410400;4,66012900;
202300005537.0;5;2B;2B033;1;1;1.0;6.0;42,69214000;9,43577000;
202300005538.0;1;07;07129;2;1;1.0;6.0;44,98515900;4,58008400;
202300005539.0;4;95;95585;2;1;2.0;6.0;48,98515756;2,37424850;
202300005540.0;1;53;53161;2;3;1.0;1.0;48,13301500; -0,55317300;
202300005541.0;1;21;21100;1;3;1.0;3.0;47,46146100;4,50233500;
202300005542.0;1;95;95280;2;1;2.0;2.0;49,02032356;2,46547580;
202300005543.0;3;21;21414;1;1;1.0;1.0;47,15334700;4,49102600;