Num_Acc;lum;departement;commune;agglomeration;intersection;meteo;type_collision;lat;long;date
202300005544.0;1;85;85172;1;1;1.0;1.0;46,80774800; -1,97851100;
202300005545.0;1;17;17124;2;2;1.0;3.0;46,03882000; -0,57257100;
202300005546.0;5;95;95280;2;2;3.0;3.0;49,03093500;2,45951500;
202300005547.0;1;30;30274;2;1;1.0;1.0;44,17182000;4,10569000;
202300005548.0;1;88;88250;1;1;1.0;6.0;48,11481300;6,56682000;
202300005549.0;1;31;31502;1;1;2.0;3.0;43,18280600;0,73475400;
202300005550.0;3;73;73213;1;1;2.0;6.0;45,55351600;5,95575700;
202300005551.0;1;987;98738;2;9;1.0;3.0; -17,61800000; -149,54900000;
202300005552.0;3;91;91692;1;9;2.0;3.0;48,67443000;2,17731000;
202300005553.0;1;03;03175;1;1;3.0;2.0;46,23996900;3,09484000;
202300005554.0;1;90;90010;2;1;1.0;6.0;47,63809400;6,85867700;
202300005555.0;3;13;13009;1;1;1.0;6.0;43,62160000;5,21442900;
202300005556.0;2;87;87085;2;2;2.0;3.0;45,86930000;1,26935000;
202300005557.0;3;01;01320;1;1;1.0;2.0;46,31114700;4,89223900;
202300005558.0;3;69;69250;1;1;2.0;6.0;45,82004100;4,70972000;
202300005559.0;1;87;87085;2;1;2.0;6.0;45,83924000;1,28114000;
202300005560.0;1;66;66172;1;1;1.0;6.0;42,70061800;2,86478700;
202300005561.0;1;90;90035;1;9;1.0;5.0;47,58499300;6,85696000;
202300005562.0;1;87;87075;1;1;1.0;3.0;45,80223000;1,23193000;
202300005563.0;1;63;63014;1;1;1.0;4.0;45,74126600;3,14713800;
202300005564.0;5;27;27332;1;1;1.0;6.0;49,19143000;1,23263600;
202300005565.0;1;2B;2B314;1;1;1.0;6.0;42,61838400;9,28186200;
202300005566.0;1;83;83035;1;3;1.0;1.0;43,24270600;5,79990100;
202300005567.0;5;83;83137;2;1;1.0;1.0;43,12038000;5,96237000;
202300005568.0;1;81;81004;2;1;1.0;6.0;43,92016366;2,16588378;
202300005569.0;1;31;31395;2;1;1.0;1.0;43,44714670;1,29595622;
202300005570.0;1;17;17086;1;1;1.0;1.0;45,74895100; -0,57998500;
202300005571.0;5;78;78440;2;3;1.0;6.0;48,98982000;1,89613000;
202300005572.0;1;60;60682;1;3;2.0;2.0;49,23782752;2,63209702;
202300005573.0;1;59;59452;1;1;1.0;3.0;50,46470300;3,04040200;
202300005574.0;1;01;01275;1;1;1.0;3.0;45,80769000;4,92816000;
202300005575.0;1;33;33063;1;1;2.0;4.0;44,88011508; -0,53849638;
202300005576.0;3;33;33075;1;1;1.0;6.0;44,88891026; -0,61827600;
202300005577.0;3;93;93066;1;1;1.0;4.0;48,92258000;2,35269000;
202300005578.0;3;93;93005;1;1;1.0;3.0;48,92988000;2,48135000;
202300005579.0;3;76;76157;1;1;2.0;1.0;49,42908000;1,01053000;
202300005580.0;1;93;93063;1;1;2.0;2.0;48,87391673;2,43718835;
202300005581.0;1;95;95018;2;9;3.0;5.0;48,96288121;2,26552784;
202300005582.0;1;76;76540;2;2;2.0;6.0;49,43455000;1,08776000;
202300005583.0;1;94;94017;1;1;1.0;3.0;48,83027345;2,49234529;
202300005584.0;1;77;77337;1;1;1.0;7.0;48,82882500;2,61853400;
202300005585.0;1;76;76447;1;1;2.0;7.0;49,54799696;0,16417980;
202300005586.0;3;94;94081;1;1;1.0;3.0;48,77355694;2,40191898;
202300005587.0;2;40;40088;2;1;1.0;3.0;43,69472000; -1,04465000;
202300005588.0;1;13;13028;2;1;1.0;6.0;43,18300000;5,60100000;
202300005589.0;1;76;76351;2;3;1.0;3.0;49,50810000;0,13840000;
202300005590.0;2;974;97411;2;1;1.0;6.0; -20,89931000;55,49725000;
202300005591.0;1;973;97302;2;3;1.0;3.0;4,93572000; -52,29537000;
202300005592.0;1;76;76217;2;2;1.0;6.0;49,92201000;1,07685000;
202300005593.0;2;69;69387;2;2;3.0;6.0;45,75292000;4,84221000;
202300005594.0;1;972;97213;1;1;1.0;6.0;14,64233000; -61,02426000;
202300005595.0;5;69;69389;2;3;3.0;5.0;45,78920000;4,81259000;
202300005596.0;1;69;69385;2;1;1.0;6.0;45,75147000;4,82090000;
202300005597.0;1;69;69290;2;1;1.0;2.0;45,69524254;4,92228260;
202300005598.0;1;2B;2B033;2;1;1.0;3.0;42,67646000;9,44440000;
202300005599.0;5;64;64125;2;1;3.0;7.0;43,42666000; -1,60365000;
202300005600.0;1;971;97101;1;1;2.0;1.0;16,25152163; -61,48895502;
202300005601.0;5;64;64122;2;1;2.0;6.0;43,46283000; -1,55889000;
202300005602.0;1;95;95280;2;3;3.0;3.0;49,03771145;2,45500982;
202300005603.0;4;91;91570;1;3;1.0;3.0;48,62533100;2,31160600;
202300005604.0;3;91;91689;1;1;2.0;2.0;48,71454000;2,33456000;
202300005605.0;1;91;91215;2;3;3.0;6.0;48,69563000;2,52220000;
202300005606.0;5;59;59350;2;1;2.0;6.0;50,62451000;3,08210000;
202300005607.0;1;91;91691;2;1;1.0;3.0;48,71840000;2,48879000;
202300005608.0;5;56;56098;2;1;2.0;7.0;47,77312000; -3,33998000;
202300005609.0;1;91;91027;2;3;3.0;3.0;48,70560000;2,35963000;
202300005610.0;1;88;88413;2;1;1.0;2.0;48,28826000;6,95170000;
202300005611.0;1;87;87050;2;1;1.0;3.0;45,89020000;1,22892000;
202300005612.0;5;45;45286;2;1;2.0;6.0;47,87643486;1,92668876;
202300005613.0;1;84;84035;2;1;3.0;3.0;43,82763000;5,03272000;
202300005614.0;5;82;82121;2;3;1.0;1.0;44,02348677;1,36286795;
202300005615.0;1;42;42187;2;2;7.0;6.0;46,03447000;4,06958000;
202300005616.0;5;81;81244;1;1;1.0;6.0;44,04704000;2,13398000;
202300005617.0;1;79;79329;2;1;1.0;7.0;46,97558000; -0,21557000;
202300005618.0;1;40;40192;2;1;1.0;2.0;43,88750000; -0,50992000;
202300005619.0;1;78;78650;2;2;3.0;6.0;48,89565000;2,13935000;
202300005620.0;5;38;38169;2;1;8.0;2.0;45,18988000;5,68254000;
202300005621.0;2;37;37261;2;1;1.0;1.0;47,37971000;0,68033000;
202300005622.0;1;34;34172;2;1;8.0;3.0;43,58971700;3,88753000;
202300005623.0;1;77;77307;2;6;3.0;6.0;48,85553000;2,76928000;
202300005624.0;5;33;33063;2;2;2.0;3.0;44,84969000; -0,59198000;
202300005625.0;1;77;77014;2;1;2.0;6.0;48,41568000;2,72084000;
202300005626.0;5;33;33192;2;6;3.0;3.0;44,77731000; -0,59285000;
202300005627.0;2;77;77131;2;1;2.0;6.0;48,80953000;3,08285000;
202300005628.0;2;76;76540;2;3;1.0;3.0;49,44410107;1,07201242;
202300005629.0;1;74;74012;2;1;1.0;3.0;46,17857900;6,23672600;
202300005630.0;2;27;27681;2;1;8.0;6.0;49,09800000;1,48920000;
202300005631.0;1;72;72181;2;9;1.0;6.0;47,97461000;0,19346000;
202300005632.0;5;26;26362;2;1;1.0;6.0;44,92213000;4,88659000;
202300005633.0;1;71;71153;2;1;3.0;6.0;46,80895000;4,39689000;
202300005634.0;3;69;69266;2;1;3.0;1.0;45,75176402;4,91211802;
202300005635.0;1;69;69266;2;2;1.0;6.0;45,75561302;4,87621041;
202300005636.0;3;25;25056;1;1;3.0;1.0;47,21723000;5,98587000;
202300005637.0;1;67;67218;2;1;1.0;3.0;48,52877000;7,71062400;
202300005638.0;1;67;67447;2;3;7.0;3.0;48,61323869;7,71633580;
202300005639.0;3;18;18180;1;9;1.0;6.0;47,04051700;2,41640200;
202300005640.0;1;66;66136;2;5;1.0;6.0;42,69324000;2,90391000;
202300005641.0;1;66;66136;2;1;1.0;2.0;42,73453746;2,88592279;
202300005642.0;1;64;64445;2;9;2.0;6.0;43,30458000; -0,37714000;
202300005643.0;5;17;17415;2;2;3.0;3.0;45,74623700; -0,66457800;
202300005644.0;1;64;64041;2;9;2.0;1.0;43,28089000; -0,33287000;
202300005645.0;1;64;64102;2;1;1.0;6.0;43,49794000; -1,46761000;
202300005646.0;1;15;15014;2;6;1.0;3.0;44,92156000;2,43567000;
202300005647.0;1;13;13204;2;3;1.0;3.0;43,30970000;5,40150000;
202300005648.0;2;63;63032;2;1;1.0;3.0;45,75760000;3,10280000;
202300005649.0;5;06;06088;2;1;1.0;3.0;43,67164000;7,22438000;
202300005650.0;1;01;01053;2;1;2.0;6.0;46,21265000;5,23958000;
202300005651.0;1;62;62133;2;1;1.0;7.0;50,41276200;2,90986600;
202300005652.0;2;75;75118;2;1;1.0;3.0;48,90084700;2,33443700;
202300005653.0;5;75;75118;2;1;1.0;2.0;48,90104700;2,34400000;
202300005654.0;4;75;75120;2;1;1.0;3.0;48,86694200;2,41322000;
202300005655.0;1;75;75119;2;2;2.0;2.0;48,87816900;2,40936200;
202300005656.0;1;75;75119;2;1;2.0;2.0;48,88545000;2,37020300;
202300005657.0;5;75;75119;2;7;1.0;1.0;48,88324994;2,36913085;
202300005658.0;1;75;75118;2;2;3.0;6.0;48,88874800;2,33180600;
202300005659.0;5;75;75117;2;1;8.0;7.0;48,87713400;2,28766800;
202300005660.0;1;75;75116;2;2;2.0;6.0;48,86022300;2,28105700;
202300005661.0;1;75;75116;2;1;8.0;7.0;48,84352200;2,27117400;
202300005662.0;1;75;75113;2;2;2.0;3.0;48,81574700;2,36070335;
202300005663.0;1;75;75112;2;2;2.0;3.0;48,83899700;2,38925700;
202300005664.0;5;75;75107;2;3;2.0;7.0;48,86258800;2,31906400;
202300005665.0;5;75;75107;2;2;2.0;6.0;48,86283500;2,31343600;
202300005666.0;1;75;75115;2;1;1.0;3.0;48,84629800;2,31191600;
202300005667.0;1;94;94080;2;2;2.0;6.0;48,84607500;2,43822300;
202300005668.0;5;94;94078;2;1;1.0;6.0;48,73426019;2,46240360;
202300005669.0;5;94;94011;2;3;8.0;1.0;48,77072000;2,47674700;
202300005670.0;1;94;94043;2;1;1.0;6.0;48,80918000;2,36519000;
202300005671.0;1;94;94073;2;1;2.0;1.0;48,76079010;2,37129606;
202300005672.0;2;94;94028;2;9;2.0;1.0;48,79236000;2,45792000;
202300005673.0;3;93;93005;2;9;1.0;3.0;48,95938000;2,50310300;
202300005674.0;1;93;93051;2;4;1.0;3.0;48,84320059;2,55955294;
202300005675.0;1;93;93049;2;1;2.0;3.0;48,85309700;2,51401400;
202300005676.0;1;93;93032;2;3;8.0;6.0;48,89500000;2,54295000;
202300005677.0;1;93;93047;2;5;1.0;6.0;48,90141400;2,57041400;
202300005678.0;1;93;93008;2;8;2.0;3.0;48,91365300;2,43257500;
202300005679.0;1;93;93005;2;3;8.0;3.0;48,93109500;2,50149800;
202300005680.0;5;93;93001;2;9;1.0;1.0;48,90789000;2,38765000;
202300005681.0;2;92;92046;2;1;1.0;3.0;48,81477488;2,30381727;
202300005682.0;1;92;92051;2;1;2.0;3.0;48,88447154;2,26213628;
202300005683.0;1;92;92044;2;4;3.0;3.0;48,89926600;2,29345898;
202300005684.0;1;92;92019;2;2;2.0;3.0;48,76387149;2,27182674;
202300005685.0;5;92;92012;2;1;2.0;3.0;48,85106420;2,23443210;
202300005686.0;1;92;92012;2;2;1.0;3.0;48,82786888;2,24671501;
202300005687.0;1;92;92007;2;3;2.0;6.0;48,79815739;2,30349129;
202300005688.0;2;92;92004;2;1;3.0;6.0;48,91217979;2,30037224;
202300005689.0;2;13;13078;2;1;1.0;6.0;43,39068800;4,81074200;
202300005690.0;1;42;42307;1;1;1.0;7.0;45,54486900;4,66599200;
202300005691.0;1;68;68343;2;2;1.0;3.0;47,87692200;7,31409400;
202300005692.0;2;48;48099;1;1;1.0;2.0;44,52445400;3,24118100;
202300005693.0;1;34;34114;1;1;8.0;6.0;43,62548300;3,61403000;
202300005694.0;1;62;62232;1;1;1.0;6.0;50,43728136;2,48803317;
202300005695.0;3;77;77236;1;1;1.0;2.0;48,41294500;3,26189900;
202300005696.0;1;76;76168;1;1;1.0;2.0;49,77066700;1,14759400;
202300005697.0;1;79;79025;1;1;3.0;7.0;46,60967900; -0,33574000;
202300005698.0;1;2A;2A326;1;1;1.0;6.0;41,97151200;8,96359900;
202300005699.0;1;82;82042;1;1;1.0;1.0;44,21004900;1,18431300;
202300005700.0;3;71;71061;1;4;2.0;3.0;46,56232800;5,01514600;
202300005701.0;1;71;71116;1;3;7.0;3.0;46,28029200;4,37052000;
202300005702.0;1;71;71038;1;1;2.0;1.0;46,76188400;4,35783900;
202300005703.0;4;89;89200;1;6;1.0;1.0;47,92860100;3,60554300;
202300005704.0;3;61;61070;1;1;1.0;7.0;48,80621000; -0,59301000;
202300005705.0;1;46;46225;1;9;1.0;1.0;44,52516569;1,20347500;
202300005706.0;1;68;68068;2;9;2.0;3.0;47,63126100;7,11017100;
202300005707.0;3;29;29150;1;1;1.0;6.0;47,80281857; -3,61903678;
202300005708.0;2;50;50435;1;1;1.0;7.0;49,51752600; -1,59409000;
202300005709.0;2;60;60471;2;1;1.0;6.0;49,57776700;3,00328000;
202300005710.0;1;60;60043;2;1;1.0;6.0;49,49523900;2,97100800;
202300005711.0;1;45;45255;1;1;2.0;1.0;48,10729100;2,69144700;
202300005712.0;1;43;43199;1;1;7.0;2.0;45,07800600;4,21434000;
202300005713.0;1;10;10323;2;9;1.0;6.0;48,52054800;3,72765900;
202300005714.0;1;53;53245;1;1;1.0;2.0;48,28120100; -1,07871500;
202300005715.0;1;24;24370;1;6;2.0;6.0;44,84611000;0,14317600;
202300005716.0;5;76;76489;1;1;1.0;2.0;49,45551600;0,27195500;
202300005717.0;3;31;31399;1;1;1.0;4.0;43,36262200;1,27191400;
202300005718.0;3;73;73183;1;1;2.0;6.0;45,51682829;5,99033500;
202300005719.0;3;33;33351;1;1;3.0;6.0;45,19825900; -0,49531800;
202300005720.0;1;06;06155;1;1;2.0;6.0;43,60177600;7,05848000;
202300005721.0;3;13;13068;2;1;1.0;7.0;43,71344100;4,77707900;
202300005722.0;3;38;38530;1;1;3.0;2.0;45,62520300;5,17567600;
202300005723.0;1;77;77339;1;1;2.0;3.0;48,38013200;2,56071800;
202300005724.0;1;986;98613;2;1;1.0;1.0; -13,27774900; -176,17212300;
202300005725.0;1;44;44020;2;1;1.0;1.0;47,17788100; -1,60112300;
202300005726.0;1;34;34026;1;1;3.0;6.0;43,30566200;2,76724000;
202300005727.0;1;21;21038;2;2;2.0;3.0;47,19212900;5,39057000;
202300005728.0;1;63;63383;1;1;2.0;6.0;45,53602240;2,97722906;
202300005729.0;1;38;38537;2;1;1.0;3.0;45,62797400;5,15093300;
202300005730.0;3;19;19146;1;1;3.0;2.0;45,33308251;1,76110258;
202300005731.0;1;33;33449;2;1;1.0;3.0;44,88340805; -0,70792347;
202300005732.0;2;44;44026;1;3;2.0;3.0;47,28444000; -1,50788400;
202300005733.0;1;22;22035;1;1;1.0;5.0;48,43831200; -1,95363500;
202300005734.0;1;27;27016;2;1;1.0;6.0;49,24503800;1,41015500;
202300005735.0;3;80;80561;1;1;1.0;1.0;49,65578000;2,56942700;
202300005736.0;3;13;13005;1;1;1.0;2.0;43,29390000;5,58792000;
202300005737.0;1;62;62193;1;1;2.0;7.0;50,93872000;1,83788000;
202300005738.0;1;59;59560;1;1;1.0;5.0;50,53793000;3,05096000;
202300005739.0;3;92;92002;1;1;2.0;4.0;48,76012157;2,28083073;
202300005740.0;1;91;91377;1;1;1.0;2.0;48,72250000;2,29919000;
202300005741.0;1;78;78117;1;1;1.0;3.0;48,78758500;2,14542400;
202300005742.0;3;78;78640;1;1;2.0;4.0;48,77775300;2,21756700;
202300005743.0;3;93;93064;1;1;2.0;6.0;48,88676000;2,47699000;
202300005744.0;1;95;95582;1;1;3.0;6.0;48,97789000;2,24081000;
202300005745.0;3;95;95252;1;1;1.0;2.0;48,97622779;2,23643124;
202300005746.0;3;94;94022;1;1;8.0;6.0;48,77610897;2,41417148;
202300005747.0;3;94;94073;1;1;2.0;4.0;48,77000825;2,38147652;
202300005748.0;3;94;94073;1;1;2.0;4.0;48,75424833;2,38105273;
202300005749.0;1;14;14712;1;1;1.0;2.0;49,17936100; -0,19676700;
202300005750.0;1;13;13081;2;1;1.0;2.0;43,48362100;5,22386000;
202300005751.0;1;13;13100;2;6;1.0;3.0;43,79041800;4,84715900;
202300005752.0;5;974;97416;2;6;1.0;1.0; -21,32818000;55,47059000;
202300005753.0;5;974;97411;1;1;1.0;6.0; -20,88808000;55,44318000;
202300005754.0;1;974;97407;1;1;1.0;3.0; -20,95113000;55,28682000;
202300005755.0;5;974;97407;2;2;1.0;3.0; -20,94651000;55,30432000;
202300005756.0;5;973;97302;2;1;1.0;2.0;4,93416393; -52,31922269;
202300005757.0;1;973;97302;2;1;1.0;2.0;4,91990455; -52,31946677;
202300005758.0;5;69;69388;2;1;1.0;2.0;45,73470000;4,85280000;
202300005759.0;1;69;69383;2;1;1.0;3.0;45,76361197;4,85649066;
202300005760.0;5;95;95450;2;6;2.0;7.0;49,01468000;2,05773000;
202300005761.0;5;91;91377;2;6;1.0;3.0;48,72453000;2,26857000;
202300005762.0;5;89;89387;2;1;8.0;6.0;48,19777000;3,27311000;
202300005763.0;3;82;82033;1;1;1.0;6.0;44,07583000;1,14152000;
202300005764.0;1;81;81021;1;1;1.0;6.0;43,51600000;2,37200000;
202300005765.0;5;80;80001;2;1;3.0;6.0;50,10208000;1,85509000;
202300005766.0;1;77;77373;2;1;1.0;1.0;48,79143067;2,60404940;
202300005767.0;3;77;77458;1;1;2.0;1.0;48,18048000;2,72155000;
202300005768.0;4;76;76599;2;6;1.0;1.0;49,43524000;1,14633000;
202300005769.0;1;74;74118;1;1;1.0;1.0;46,16642000;6,19424000;
202300005770.0;1;69;69115;2;1;1.0;3.0;45,97866888;4,72618551;
202300005771.0;1;68;68376;1;1;1.0;3.0;47,80900000;7,30100000;
202300005772.0;1;64;64335;1;6;1.0;3.0;43,32302000; -0,42073000;
202300005773.0;5;62;62498;2;9;8.0;3.0;50,42986264;2,82247728;
202300005774.0;1;59;59560;2;1;8.0;6.0;50,56454000;3,04134000;
202300005775.0;3;54;54382;2;1;5.0;6.0;49,54213000;5,80765000;
202300005776.0;1;51;51454;2;1;1.0;6.0;49,23051000;4,05699000;
202300005777.0;3;51;51573;2;1;2.0;6.0;49,25317400;3,97750600;
202300005778.0;1;49;49328;2;6;1.0;3.0;47,26290000; -0,09041000;
202300005779.0;1;46;46042;2;6;1.0;6.0;44,44874500;1,44347500;
202300005780.0;5;43;43089;2;1;1.0;6.0;45,04767000;3,85468000;
202300005781.0;5;35;35238;2;5;1.0;6.0;48,11724000; -1,67760000;
202300005782.0;2;35;35238;2;3;8.0;3.0;48,09892439; -1,67130187;
202300005783.0;1;31;31344;1;1;1.0;1.0;43,09700000;0,76000000;
202300005784.0;1;27;27681;1;1;2.0;7.0;49,09832000;1,50855000;
202300005785.0;3;27;27681;1;1;2.0;7.0;49,07316000;1,46875000;
202300005786.0;3;22;22113;1;1;2.0;6.0;48,74617000; -3,47977000;
202300005787.0;1;13;13071;2;1;1.0;3.0;43,41438000;5,34877000;
202300005788.0;2;13;13205;2;3;1.0;3.0;43,29570000;5,40060000;
202300005789.0;2;13;13215;2;3;1.0;3.0;43,33552000;5,36332000;
202300005790.0;2;13;13209;2;1;1.0;6.0;43,27089000;5,40228000;
202300005791.0;5;13;13210;2;1;1.0;1.0;43,28177000;5,40434000;
202300005792.0;1;13;13212;2;1;1.0;3.0;43,30614807;5,41991203;
202300005793.0;1;13;13047;1;4;1.0;3.0;43,56042000;4,96287000;
202300005794.0;1;11;11069;2;1;1.0;2.0;43,22972668;2,36263990;
202300005795.0;1;10;10191;2;6;1.0;3.0;48,32970000;4,10000000;
202300005796.0;5;07;07281;2;1;1.0;7.0;44,94654000;4,85138000;
202300005797.0;5;974;97416;2;6;1.0;1.0; -21,34059000;55,46115000;
202300005798.0;1;974;97416;1;1;7.0;3.0; -21,28971000;55,48610000;
202300005799.0;2;973;97302;2;9;8.0;6.0;4,94327000; -52,30700000;
202300005800.0;1;973;97302;2;3;2.0;3.0;4,92978000; -52,29035000;
202300005801.0;1;973;97302;2;1;1.0;6.0;4,93513000; -52,31218000;
202300005802.0;1;69;69383;2;1;1.0;6.0;45,76099000;4,87086000;
202300005803.0;1;972;97209;1;1;1.0;6.0;14,60480000; -61,04217000;
202300005804.0;1;972;97209;2;1;1.0;7.0;14,61606000; -61,05878000;
202300005805.0;1;2A;2A004;2;1;8.0;2.0;41,92227000;8,73746000;
202300005806.0;1;91;91228;2;1;1.0;7.0;48,61997000;2,43096000;
202300005807.0;5;91;91228;2;6;1.0;6.0;48,63624000;2,43867000;
202300005808.0;1;87;87050;2;2;1.0;3.0;45,88063000;1,22626000;
202300005809.0;1;87;87085;2;1;1.0;6.0;45,86414000;1,26386000;
202300005810.0;1;82;82121;2;6;1.0;3.0;44,00279000;1,35980000;
202300005811.0;1;81;81004;2;1;1.0;6.0;43,92066000;2,17089000;
202300005812.0;5;80;80021;2;1;2.0;6.0;49,87971000;2,27542000;
202300005813.0;5;77;77243;2;4;1.0;2.0;48,87549000;2,70167000;
202300005814.0;2;77;77186;1;1;1.0;2.0;48,44005000;2,72646000;
202300005815.0;5;76;76498;2;1;1.0;6.0;49,42716000;1,06461000;
202300005816.0;1;73;73065;1;1;1.0;1.0;45,59343000;5,89579000;
202300005817.0;1;73;73011;1;1;7.0;6.0;45,66298000;6,38701000;
202300005818.0;5;72;72181;2;1;1.0;6.0;48,00900000;0,19570000;
202300005819.0;1;69;69266;2;3;1.0;6.0;45,76733000;4,89072000;
202300005820.0;1;69;69256;2;3;1.0;3.0;45,77396000;4,92296000;
202300005821.0;4;69;69199;1;3;1.0;3.0;45,69453000;4,84419000;
202300005822.0;1;67;67482;2;1;1.0;2.0;48,54031000;7,76188000;
202300005823.0;1;63;63113;2;1;1.0;1.0;45,77940000;3,07910000;
202300005824.0;5;62;62160;2;1;1.0;1.0;50,73752000;1,61484700;
202300005825.0;1;60;60175;2;1;1.0;3.0;49,24522000;2,48231000;
202300005826.0;1;57;57012;2;1;1.0;6.0;49,35835000;6,04792000;
202300005827.0;5;54;54304;2;2;1.0;3.0;48,68040300;6,15352100;
202300005828.0;1;54;54099;2;1;1.0;6.0;49,26049400;5,93154300;
202300005829.0;1;51;51454;2;2;9.0;6.0;49,27073000;4,02642000;
202300005830.0;1;49;49099;2;2;1.0;6.0;47,05940000; -0,87410000;
202300005831.0;1;49;49007;2;1;1.0;7.0;47,46692000; -0,55444000;
202300005832.0;5;49;49007;2;2;1.0;1.0;47,48756000; -0,57355000;
202300005833.0;1;47;47323;2;6;1.0;3.0;44,39163843;0,71045977;
202300005834.0;1;45;45234;2;2;1.0;2.0;47,87967000;1,90848000;
202300005835.0;1;45;45234;2;1;1.0;6.0;47,89482600;1,90517700;
202300005836.0;3;45;45232;1;9;1.0;6.0;47,86239000;1,91245000;
202300005837.0;1;37;37122;2;1;1.0;3.0;47,32937000;0,66403000;
202300005838.0;1;35;35051;2;1;1.0;3.0;48,13616763; -1,62371546;
202300005839.0;5;35;35115;2;3;1.0;3.0;48,35738000; -1,19556000;
202300005840.0;5;35;35150;2;2;1.0;2.0;48,36167000; -1,22392000;
202300005841.0;5;33;33069;2;1;1.0;3.0;44,86578000; -0,57621000;
202300005842.0;3;19;19028;2;4;1.0;6.0;45,38047110;2,48683446;
202300005843.0;1;33;33281;2;1;1.0;1.0;44,81841000; -0,63449000;
202300005844.0;5;33;33032;2;6;1.0;6.0;44,90599818; -0,51717550;
202300005845.0;1;33;33529;2;1;1.0;2.0;44,60443000; -1,12634000;
202300005846.0;1;77;77467;1;1;1.0;2.0;48,39444600;3,09269500;
202300005847.0;5;31;31555;2;3;1.0;6.0;43,60046300;1,45171900;
202300005848.0;1;76;76075;2;1;1.0;2.0;49,76921200;1,05284200;
202300005849.0;1;31;31069;1;1;1.0;1.0;43,64538000;1,35478000;
202300005850.0;3;69;69006;1;1;1.0;6.0;45,97380700;4,35931900;
202300005851.0;2;29;29232;1;1;1.0;2.0;48,00100000; -4,14553000;
202300005852.0;1;71;71310;2;1;1.0;6.0;46,74706900;4,46122700;
202300005853.0;1;28;28134;2;1;1.0;3.0;48,73164000;1,36445000;
202300005854.0;1;28;28134;2;1;1.0;6.0;48,72983000;1,38308000;
202300005855.0;1;61;61394;1;1;7.0;6.0;48,28301000;0,58043500;
202300005856.0;1;26;26362;2;9;1.0;3.0;44,92131000;4,92711000;
202300005857.0;3;42;42134;1;1;1.0;6.0;45,66972500;3,99614800;
202300005858.0;3;26;26064;1;3;1.0;1.0;44,94024815;4,95399714;
202300005859.0;1;34;34216;1;9;1.0;7.0;43,62774300;3,09010900;
202300005860.0;1;25;25539;2;9;1.0;1.0;47,46268000;6,85632000;
202300005861.0;1;22;22219;2;1;1.0;6.0;48,28156100; -2,69939100;
202300005862.0;1;17;17415;2;1;1.0;3.0;45,74318000; -0,66639000;
202300005863.0;1;38;38108;1;1;1.0;1.0;45,06132100;5,40648800;
202300005864.0;5;13;13209;2;1;1.0;2.0;43,26347111;5,41799371;
202300005865.0;3;14;14371;1;1;1.0;6.0;49,02692800;0,20061200;
202300005866.0;1;13;13204;2;3;1.0;6.0;43,30964000;5,40065000;
202300005867.0;5;13;13208;2;3;1.0;2.0;43,25916347;5,39416278;
202300005868.0;1;12;12089;1;1;1.0;7.0;44,58571000;2,24793000;
202300005869.0;2;60;60579;1;9;1.0;3.0;49,34914300;2,84393500;
202300005870.0;1;09;09122;2;1;1.0;4.0;42,96404800;1,61166500;
202300005871.0;1;04;04070;2;1;1.0;6.0;44,07726000;6,18844000;
202300005872.0;1;60;60354;1;1;1.0;7.0;49,68604000;1,99397600;
202300005873.0;1;02;02408;2;3;1.0;1.0;49,56947000;3,61282000;
202300005874.0;1;75;75120;2;1;1.0;6.0;48,86990436;2,41220713;
202300005875.0;1;36;36009;1;1;1.0;7.0;46,65612100;1,72173300;
202300005876.0;5;75;75111;2;2;1.0;1.0;48,85355741;2,39269942;
202300005877.0;1;21;21101;1;3;1.0;3.0;47,40850100;4,41536700;
202300005878.0;1;75;75118;2;2;8.0;3.0;48,89670713;2,37060070;
202300005879.0;1;40;40001;2;2;1.0;3.0;43,68959400; -0,28015700;
202300005880.0;1;75;75118;2;2;1.0;3.0;48,88656227;2,34956011;
202300005881.0;1;04;04076;2;1;1.0;2.0;43,94928900;6,80990300;
202300005882.0;5;75;75117;2;2;1.0;3.0;48,89227500;2,30110800;
202300005883.0;1;17;17253;1;1;1.0;7.0;46,00451500; -0,88223200;
202300005884.0;5;75;75117;2;3;1.0;3.0;48,87973800;2,28937700;
202300005885.0;1;30;30294;2;1;1.0;6.0;44,13933700;4,12750700;
202300005886.0;1;75;75116;2;3;1.0;7.0;48,85794300;2,28118600;
202300005887.0;1;75;75116;2;2;1.0;5.0;48,87360000;2,29281600;
202300005888.0;3;75;75116;2;3;1.0;3.0;48,86346080;2,24812299;
202300005889.0;5;75;75116;2;7;1.0;2.0;48,86036576;2,29122072;
202300005890.0;1;68;68072;1;1;1.0;6.0;47,70368300;7,43986800;
202300005891.0;1;75;75114;2;5;1.0;3.0;48,82649133;2,34159261;
202300005892.0;1;76;76391;1;1;1.0;2.0;49,34065400;0,93886400;