Num_Acc;lum;departement;commune;agglomeration;intersection;meteo;type_collision;lat;long;date
202300005893.0;5;75;75112;2;2;1.0;3.0;48,84111422;2,38895103;
202300005894.0;1;77;77216;1;1;1.0;2.0;48,29149407;2,67922794;
202300005895.0;1;75;75102;2;7;1.0;5.0;48,87062800;2,33207400;
202300005896.0;1;94;94081;2;1;1.0;6.0;48,77481935;2,40692116;
202300005897.0;1;45;45082;1;1;1.0;1.0;47,88455400;2,24446200;
202300005898.0;1;94;94080;2;1;1.0;4.0;48,84500000;2,43384000;
202300005899.0;1;78;78601;1;1;1.0;2.0;48,58222000;1,83229000;
202300005900.0;5;94;94080;2;1;1.0;6.0;48,84890721;2,45490620;
202300005901.0;1;94;94021;2;2;1.0;6.0;48,77285300;2,36097200;
202300005902.0;1;78;78206;2;9;1.0;7.0;48,95233200;1,91473800;
202300005903.0;1;94;94028;2;6;1.0;3.0;48,77413000;2,43959000;
202300005904.0;1;94;94022;2;3;1.0;6.0;48,76864252;2,41386339;
202300005905.0;1;66;66069;1;1;1.0;3.0;42,77443400;2,83020700;
202300005906.0;1;94;94055;2;1;1.0;6.0;48,79342000;2,55471000;
202300005907.0;5;94;94017;2;1;2.0;6.0;48,81517000;2,52325000;
202300005908.0;1;66;66065;1;3;1.0;3.0;42,59962100;2,96316500;
202300005909.0;1;94;94017;2;1;1.0;3.0;48,82533900;2,50229000;
202300005910.0;2;94;94047;2;1;8.0;3.0;48,71085000;2,53929000;
202300005911.0;1;52;52449;2;1;1.0;3.0;47,83513900;5,33057400;
202300005912.0;5;93;93064;2;2;1.0;3.0;48,86686000;2,49767000;
202300005913.0;5;93;93051;2;1;1.0;2.0;48,85107000;2,51666000;
202300005914.0;1;68;68063;2;3;1.0;3.0;47,81349300;7,19189000;
202300005915.0;1;93;93048;2;1;1.0;3.0;48,85985106;2,43882403;
202300005916.0;1;93;93029;2;1;1.0;6.0;48,92556000;2,44060000;
202300005917.0;1;03;03242;2;1;1.0;2.0;46,34995580;3,37915260;
202300005918.0;1;93;93013;2;3;1.0;3.0;48,93834000;2,42749000;
202300005919.0;1;74;74018;2;1;1.0;1.0;46,10524900;6,33402000;
202300005920.0;5;93;93047;2;9;1.0;3.0;48,90042700;2,54971300;
202300005921.0;1;42;42010;2;4;1.0;1.0;45,57422000;4,37603500;
202300005922.0;5;93;93007;2;1;1.0;5.0;48,92750772;2,47373405;
202300005923.0;3;92;92046;2;1;1.0;3.0;48,82089000;2,31217000;
202300005924.0;1;38;38067;1;4;1.0;3.0;45,67673800;5,16155200;
202300005925.0;1;92;92025;2;2;1.0;3.0;48,92322200;2,25233700;
202300005926.0;1;64;64430;2;1;7.0;6.0;43,48883300; -0,77554500;
202300005927.0;1;33;33187;2;3;1.0;3.0;44,58772000; -0,08260100;
202300005928.0;1;64;64430;2;1;1.0;3.0;43,48164300; -0,75218100;
202300005929.0;1;31;31044;2;1;1.0;3.0;43,61359300;1,48843900;
202300005930.0;1;62;62645;1;1;1.0;6.0;50,98246745;2,07371664;
202300005931.0;1;85;85092;2;1;1.0;7.0;46,47194200; -0,79185800;
202300005932.0;1;27;27360;1;1;1.0;7.0;48,91856500;1,20549200;
202300005933.0;1;59;59660;1;1;1.0;7.0;50,63615200;3,23599400;
202300005934.0;3;35;35085;1;2;1.0;3.0;48,36994847; -1,76275045;
202300005935.0;1;13;13055;1;1;1.0;1.0;43,28611100;5,42992200;
202300005936.0;1;46;46201;2;1;1.0;1.0;44,33977200;1,20161900;
202300005937.0;1;44;44071;1;6;1.0;7.0;47,19009100; -1,43523590;
202300005938.0;2;29;29278;1;1;5.0;6.0;48,20285800; -3,68775500;
202300005939.0;1;33;33122;1;1;1.0;2.0;44,75007000; -0,69555000;
202300005940.0;3;19;19237;2;1;1.0;6.0;45,13807500;2,09248200;
202300005941.0;1;33;33039;1;1;1.0;3.0;44,78921000; -0,54071000;
202300005942.0;1;71;71014;2;4;7.0;3.0;46,96753100;4,31459100;
202300005943.0;1;89;89262;1;9;1.0;3.0;47,92054800;4,01887200;
202300005944.0;1;59;59646;1;1;1.0;4.0;50,67439000;3,11886000;
202300005945.0;1;49;49155;2;6;1.0;2.0;47,61398000; -0,70844100;
202300005946.0;1;91;91136;1;1;1.0;3.0;48,71262000;2,28271000;
202300005947.0;3;49;49259;2;1;1.0;6.0;47,35740800; -0,65540900;
202300005948.0;1;92;92002;1;1;1.0;2.0;48,73260000;2,31148000;
202300005949.0;3;34;34114;1;1;1.0;6.0;43,63663800;3,53424500;
202300005950.0;1;25;25515;1;1;1.0;6.0;46,87820600;6,29136800;
202300005951.0;1;91;91471;1;1;1.0;3.0;48,71436000;2,17609000;
202300005952.0;3;29;29030;1;1;1.0;6.0;48,69083910; -4,10126900;
202300005953.0;1;91;91363;1;1;1.0;2.0;48,64906000;2,18649000;
202300005954.0;2;02;02648;2;1;1.0;1.0;49,79714300;3,46126200;
202300005955.0;1;02;02014;1;1;2.0;1.0;49,59991900;3,30866600;
202300005956.0;3;60;60660;1;4;1.0;1.0;49,33589000;1,87701000;
202300005957.0;1;974;97416;1;1;1.0;2.0; -21,30346000;55,43043000;
202300005958.0;3;07;07337;1;1;1.0;6.0;45,24334200;4,71124300;
202300005959.0;3;17;17332;1;1;1.0;7.0;45,50469300; -0,45451600;
202300005960.0;5;69;69244;2;2;9.0;6.0;45,75738900;4,77824900;
202300005961.0;3;974;97411;2;2;1.0;3.0; -20,87661000;55,44789000;
202300005962.0;3;30;30123;1;1;1.0;4.0;43,72507379;4,17372233;
202300005963.0;1;69;69383;2;8;1.0;6.0;45,75418000;4,86358000;
202300005964.0;3;59;59244;1;1;1.0;1.0;50,16914602;3,17810688;
202300005965.0;2;973;97305;1;1;1.0;3.0;4,95143191; -52,43111640;
202300005966.0;1;69;69382;2;2;1.0;3.0;45,76360000;4,83819000;
202300005967.0;2;78;78380;2;9;1.0;6.0;48,91757800;1,85114800;
202300005968.0;1;69;69149;2;1;1.0;6.0;45,71811000;4,80831000;
202300005969.0;1;30;30027;1;1;1.0;5.0;44,06040388;4,06594992;
202300005970.0;1;69;69389;2;2;1.0;3.0;45,78051042;4,80090580;
202300005971.0;1;83;83071;1;1;1.0;3.0;43,17279500;6,21575700;
202300005972.0;1;05;05079;1;1;1.0;1.0;45,04293700;6,42164300;
202300005973.0;1;2A;2A004;2;1;1.0;3.0;41,93760000;8,73898000;
202300005974.0;3;13;13076;1;1;1.0;7.0;43,81494300;5,01770500;
202300005975.0;1;13;13079;2;1;7.0;2.0;43,52317600;5,67723100;
202300005976.0;1;2A;2A004;2;1;1.0;5.0;41,92648500;8,73829600;
202300005977.0;1;57;57582;1;1;1.0;2.0;49,29841000;6,16897900;
202300005978.0;5;38;38455;1;1;1.0;2.0;45,62402200;5,28328400;
202300005979.0;1;2A;2A004;2;1;1.0;2.0;41,94270100;8,75044700;
202300005980.0;5;01;01249;2;3;1.0;6.0;45,82648600;4,96094000;
202300005981.0;1;91;91477;2;1;1.0;6.0;48,70839000;2,25629000;
202300005982.0;1;64;64376;2;1;1.0;6.0;43,27203800; -0,31955300;
202300005983.0;5;91;91027;2;9;1.0;6.0;48,69690000;2,38407000;
202300005984.0;1;85;85088;1;4;1.0;7.0;46,70695500; -1,88740600;
202300005985.0;1;87;87085;2;1;1.0;2.0;45,83282000;1,25934000;
202300005986.0;1;14;14166;2;2;7.0;6.0;49,27247000; -0,29969400;
202300005987.0;1;14;14228;2;9;1.0;3.0;49,29427900; -0,36950400;
202300005988.0;1;85;85194;2;1;1.0;3.0;46,50660000; -1,77746000;
202300005989.0;1;35;35090;2;1;1.0;6.0;47,93746000; -1,65735300;
202300005990.0;1;84;84087;2;3;6.0;4.0;44,08813000;4,78220000;
202300005991.0;1;27;27022;2;3;2.0;3.0;49,17001800;1,34786400;
202300005992.0;1;83;83137;2;3;1.0;6.0;43,12827000;5,90859000;
202300005993.0;1;60;60346;2;9;1.0;3.0;49,15312700;2,42917500;
202300005994.0;3;69;69199;1;1;1.0;6.0;45,69363000;4,84366000;
202300005995.0;1;33;33535;1;1;1.0;2.0;44,83044310; -0,50163209;
202300005996.0;2;76;76351;2;2;1.0;3.0;49,50792100;0,15896300;
202300005997.0;5;33;33122;1;1;1.0;6.0;44,74232000; -0,70635000;
202300005998.0;3;76;76351;1;1;1.0;6.0;49,50162000;0,19341300;
202300005999.0;1;59;59179;1;1;1.0;4.0;50,30219000;3,37256000;
202300006000.0;1;76;76114;2;1;1.0;4.0;49,56877000;0,47510000;
202300006001.0;1;78;78208;1;1;1.0;3.0;48,80011500;1,98043700;
202300006002.0;2;92;92036;1;1;1.0;3.0;48,93650752;2,29084397;
202300006003.0;3;73;73029;1;3;1.0;3.0;45,55954000;5,94952000;
202300006004.0;1;92;92036;1;1;1.0;2.0;48,94067835;2,29263081;
202300006005.0;5;72;72181;2;8;1.0;6.0;48,00011000;0,19621000;
202300006006.0;1;93;93064;1;1;1.0;2.0;48,87665786;2,47771427;
202300006007.0;3;93;93066;1;1;1.0;2.0;48,92790000;2,35770000;
202300006008.0;1;71;71497;2;2;1.0;3.0;46,33128000;4,84288000;
202300006009.0;1;94;94046;1;1;1.0;2.0;48,80856288;2,44905786;
202300006010.0;1;69;69266;2;1;1.0;6.0;45,75861000;4,87932000;
202300006011.0;2;75;75114;2;1;1.0;3.0;48,82192200;2,31673300;
202300006012.0;1;69;69286;2;1;1.0;6.0;45,81324291;4,89570634;
202300006013.0;5;75;75113;2;1;1.0;3.0;48,82608100;2,38793700;
202300006014.0;2;75;75120;2;1;1.0;3.0;48,85356800;2,41404000;
202300006015.0;1;67;67218;2;1;1.0;3.0;48,52125000;7,70545000;
202300006016.0;2;75;75113;2;1;1.0;3.0;48,82483800;2,38428600;
202300006017.0;1;65;65417;2;9;1.0;7.0;43,22425181;0,10172412;
202300006018.0;1;64;64445;2;1;1.0;2.0;43,32465000; -0,35734000;
202300006019.0;5;75;75116;2;4;1.0;2.0;48,83500600;2,26134700;
202300006020.0;4;59;59650;2;1;8.0;6.0;50,70840113;3,18805754;
202300006021.0;1;59;59507;2;1;1.0;3.0;50,60763000;3,10761000;
202300006022.0;1;75;75119;2;1;1.0;4.0;48,88151400;2,40269100;
202300006023.0;1;75;75113;2;1;1.0;3.0;48,81646700;2,34455000;
202300006024.0;1;56;56162;2;3;1.0;3.0;47,70854000; -3,43857000;
202300006025.0;5;75;75110;2;2;1.0;3.0;48,88110800;2,36516600;
202300006026.0;1;75;75119;2;1;1.0;3.0;48,89495700;2,38409100;
202300006027.0;1;51;51454;2;1;1.0;2.0;49,23765000;4,06669000;
202300006028.0;1;75;75117;2;7;1.0;6.0;48,88347395;2,32717976;
202300006029.0;1;75;75116;2;1;1.0;7.0;48,85805200;2,26512600;
202300006030.0;1;51;51454;2;3;1.0;2.0;49,24466373;4,03345495;
202300006031.0;1;75;75116;2;2;1.0;7.0;48,85735877;2,26465613;
202300006032.0;1;51;51454;2;2;1.0;6.0;49,25506000;4,04033000;
202300006033.0;1;75;75114;2;3;1.0;3.0;48,83157200;2,34125400;
202300006034.0;1;50;50129;2;2;1.0;3.0;49,63451000; -1,62610000;
202300006035.0;1;75;75114;2;7;1.0;3.0;48,82208600;2,32531700;
202300006036.0;5;75;75113;2;1;1.0;6.0;48,82524800;2,37316900;
202300006037.0;2;49;49007;2;9;1.0;3.0;47,45835000; -0,54501000;
202300006038.0;1;75;75109;2;2;1.0;6.0;48,87654114;2,33095497;
202300006039.0;2;47;47001;2;9;1.0;3.0;44,19768000;0,63299000;
202300006040.0;1;75;75109;2;1;1.0;3.0;48,87659000;2,34523600;
202300006041.0;1;45;45284;2;6;1.0;3.0;47,90512000;1,94499000;
202300006042.0;1;93;93072;2;2;1.0;3.0;48,95246789;2,36920327;
202300006043.0;1;45;45147;2;2;1.0;1.0;47,92734000;1,89845000;
202300006044.0;1;93;93006;2;1;1.0;6.0;48,86424000;2,42834000;
202300006045.0;1;45;45232;2;1;1.0;6.0;47,84297000;1,91675000;
202300006046.0;1;45;45208;2;1;1.0;6.0;47,99735000;2,74196000;
202300006047.0;1;93;93014;2;1;1.0;3.0;48,90278239;2,53132611;
202300006048.0;1;93;93005;2;1;1.0;6.0;48,95650700;2,49553700;
202300006049.0;2;42;42218;2;3;1.0;1.0;45,42048000;4,38628000;
202300006050.0;3;93;93001;2;1;1.0;3.0;48,91336100;2,40253500;
202300006051.0;1;93;93001;2;1;1.0;1.0;48,91468000;2,36820000;
202300006052.0;1;37;37261;2;2;1.0;5.0;47,39242000;0,70039000;
202300006053.0;1;93;93001;2;1;1.0;6.0;48,91159800;2,38602700;
202300006054.0;5;92;92051;2;1;1.0;2.0;48,89131587;2,27518782;
202300006055.0;5;37;37261;2;2;1.0;3.0;47,37973000;0,67738000;
202300006056.0;5;92;92044;2;1;1.0;6.0;48,89676310;2,28619024;
202300006057.0;2;35;35238;2;2;1.0;6.0;48,11019524; -1,67779416;
202300006058.0;5;92;92036;2;2;1.0;3.0;48,92412000;2,29538000;
202300006059.0;1;92;92036;2;6;1.0;3.0;48,93353900;2,30246100;
202300006060.0;1;35;35238;2;6;1.0;3.0;48,09684000; -1,63522000;
202300006061.0;5;92;92026;2;1;1.0;2.0;48,89132000;2,25795000;
202300006062.0;1;34;34172;2;1;1.0;6.0;43,60611900;3,87565800;
202300006063.0;5;92;92026;2;1;1.0;3.0;48,90019391;2,27373449;
202300006064.0;1;29;29019;2;1;1.0;3.0;48,40781600; -4,48783300;
202300006065.0;1;92;92012;2;1;1.0;3.0;48,83105877;2,23262116;
202300006066.0;1;92;92004;2;1;1.0;3.0;48,90779000;2,29221000;
202300006067.0;1;35;35333;2;3;1.0;3.0;47,91974500; -1,42971100;
202300006068.0;5;37;37077;2;4;1.0;5.0;47,34970000;0,44949000;
202300006069.0;1;12;12300;1;1;7.0;1.0;44,38306000;2,03383000;
202300006070.0;1;44;44014;1;1;1.0;1.0;47,12154868; -1,49270833;
202300006071.0;1;25;25056;2;7;1.0;6.0;47,22932300;5,99607900;
202300006072.0;2;28;28088;2;1;1.0;6.0;48,06651800;1,34602000;
202300006073.0;3;51;51559;2;1;1.0;7.0;49,11393684;4,53695118;
202300006074.0;1;25;25056;2;1;1.0;6.0;47,25454300;6,02849600;
202300006075.0;1;25;25056;2;8;1.0;6.0;47,22318000;5,98401000;
202300006076.0;1;26;26160;2;1;1.0;3.0;45,19911400;4,81469900;
202300006077.0;2;68;68315;2;1;1.0;6.0;47,87887600;7,22189600;
202300006078.0;1;19;19031;2;1;1.0;7.0;45,15052000;1,49789000;
202300006079.0;5;85;85153;2;1;1.0;6.0;46,77874200; -1,06288400;
202300006080.0;1;19;19031;2;1;1.0;3.0;45,16161000;1,53273000;
202300006081.0;3;34;34095;1;1;8.0;5.0;43,55341600;3,78736500;
202300006082.0;5;91;91573;2;1;1.0;6.0;48,61081700;2,51078900;
202300006083.0;1;17;17028;1;3;1.0;3.0;46,13045000; -1,08605000;
202300006084.0;1;79;79079;1;3;1.0;3.0;46,93400500; -0,83267400;
202300006085.0;1;16;16015;2;1;1.0;1.0;45,65678900;0,17058500;
202300006086.0;1;11;11270;1;1;1.0;6.0;42,86621000;2,68446700;
202300006087.0;2;13;13103;2;2;1.0;3.0;43,63187000;5,10002000;
202300006088.0;1;13;13103;2;1;1.0;4.0;43,63586000;5,08908000;
202300006089.0;1;13;13103;1;1;1.0;4.0;43,62817376;5,11103986;
202300006090.0;5;13;13208;2;1;1.0;3.0;43,27075000;5,38875000;
202300006091.0;1;13;13215;2;1;1.0;3.0;43,37319000;5,35352000;
202300006092.0;5;13;13001;2;1;1.0;3.0;43,52401564;5,44998748;
202300006093.0;2;07;07186;2;1;1.0;6.0;44,73513000;4,59575000;
202300006094.0;1;06;06029;2;1;1.0;1.0;43,56582000;7,02154000;
202300006095.0;1;75;75112;2;1;1.0;2.0;48,83520300;2,41140900;
202300006096.0;1;75;75120;2;1;1.0;2.0;48,87737700;2,40915700;
202300006097.0;5;75;75118;2;2;1.0;3.0;48,89042600;2,32658900;
202300006098.0;1;75;75118;2;2;1.0;6.0;48,89433400;2,32988000;
202300006099.0;1;75;75111;2;3;1.0;3.0;48,86671800;2,36516200;
202300006100.0;1;75;75111;2;3;1.0;6.0;48,85556300;2,39012900;
202300006101.0;5;75;75111;2;3;1.0;3.0;48,85164500;2,39049900;
202300006102.0;1;75;75109;2;2;1.0;3.0;48,87504164;2,34085500;
202300006103.0;1;75;75108;2;2;1.0;2.0;48,86500500;2,31371200;
202300006104.0;1;75;75107;2;2;1.0;3.0;48,86063200;2,29548700;
202300006105.0;1;75;75101;2;7;1.0;3.0;48,85730800;2,34692000;
202300006106.0;5;94;94081;2;1;1.0;2.0;48,78473027;2,39559594;
202300006107.0;1;75;75112;2;2;1.0;3.0;48,84657500;2,41585900;
202300006108.0;1;94;94068;2;2;1.0;3.0;48,78904808;2,49527004;
202300006109.0;5;94;94016;2;1;1.0;6.0;48,79128900;2,32003100;
202300006110.0;1;94;94041;2;2;1.0;6.0;48,81570165;2,39351347;
202300006111.0;5;94;94073;2;1;1.0;2.0;48,75494376;2,38590565;
202300006112.0;1;94;94060;2;3;8.0;3.0;48,78086000;2,57342000;
202300006113.0;1;93;93059;2;2;1.0;1.0;48,96572000;2,36313000;
202300006114.0;1;93;93066;2;1;1.0;3.0;48,91484855;2,34915644;
202300006115.0;5;93;93051;2;6;1.0;3.0;48,83780000;2,58190000;
202300006116.0;1;93;93031;2;3;1.0;3.0;48,94964142;2,34137937;
202300006117.0;1;93;93005;2;1;1.0;4.0;48,94161651;2,49845048;
202300006118.0;1;92;92078;2;3;1.0;3.0;48,93488800;2,32485000;
202300006119.0;1;92;92064;2;1;1.0;6.0;48,85964026;2,21530616;
202300006120.0;1;92;92049;2;7;1.0;3.0;48,81114563;2,32640326;
202300006121.0;1;92;92049;2;2;1.0;1.0;48,81750000;2,30790000;
202300006122.0;1;92;92049;2;1;1.0;6.0;48,81955258;2,31041998;
202300006123.0;1;92;92036;2;1;3.0;6.0;48,92097000;2,29498000;
202300006124.0;1;92;92036;2;6;1.0;3.0;48,93350633;2,30243236;
202300006125.0;2;92;92024;2;2;1.0;3.0;48,89794989;2,31125683;
202300006126.0;1;92;92002;2;1;1.0;6.0;48,75066438;2,30676614;
202300006127.0;1;39;39130;1;1;1.0;6.0;46,49153800;5,83293000;
202300006128.0;1;83;83001;1;1;1.0;6.0;43,53860270;6,83902845;
202300006129.0;1;22;22172;1;3;1.0;3.0;48,53748000; -2,22417400;
202300006130.0;1;38;38170;1;1;1.0;6.0;45,25318943;5,64832408;
202300006131.0;1;33;33138;1;2;1.0;3.0;45,05946800; -0,10367300;
202300006132.0;1;11;11067;1;2;1.0;3.0;43,21902000;2,84589400;
202300006133.0;5;988;98821;2;3;1.0;3.0; -22,12295100;166,37464600;
202300006134.0;2;54;54138;1;1;1.0;6.0;49,52703293;5,71932793;
202300006135.0;1;971;97117;1;1;1.0;6.0;16,31208700; -61,38396300;
202300006136.0;1;974;97410;1;1;1.0;2.0; -21,05252300;55,72027400;
202300006137.0;1;33;33527;1;1;1.0;7.0;44,52740700; -1,01792800;
202300006138.0;1;91;91027;2;1;1.0;6.0;48,69991000;2,37579000;
202300006139.0;1;59;59487;1;2;1.0;3.0;50,63543500;2,89093900;
202300006140.0;1;86;86041;2;3;1.0;6.0;46,59780800;0,35318500;
202300006141.0;3;34;34325;1;1;1.0;2.0;43,41156700;3,37224500;
202300006142.0;2;91;91200;2;1;1.0;3.0;48,53230300;2,00685300;
202300006143.0;1;84;84007;2;3;1.0;3.0;43,94235000;4,81668000;
202300006144.0;1;62;62281;2;1;7.0;6.0;50,69390900;1,67161700;
202300006145.0;1;83;83016;1;3;1.0;3.0;43,18651400;5,81822600;
202300006146.0;1;51;51029;2;1;1.0;6.0;48,97509800;4,03118800;
202300006147.0;2;84;84007;2;3;1.0;1.0;43,94087000;4,79036000;
202300006148.0;1;74;74208;2;3;1.0;3.0;45,92330800;6,68559900;
202300006149.0;1;83;83053;2;1;1.0;1.0;43,17508000;5,82799500;
202300006150.0;3;78;78372;2;1;1.0;6.0;48,86510000;2,08805000;
202300006151.0;2;76;76315;1;6;1.0;6.0;49,76213800;0,62100900;
202300006152.0;3;71;71153;2;9;8.0;6.0;46,78777000;4,44393000;
202300006153.0;1;83;83068;2;2;1.0;3.0;43,28765200;6,60239700;
202300006154.0;1;2B;2B343;2;1;1.0;2.0;42,49281100;9,47364800;
202300006155.0;3;71;71445;1;1;1.0;1.0;46,78017000;4,88327000;
202300006156.0;1;06;06146;2;1;1.0;1.0;43,92538500;7,18572400;
202300006157.0;1;80;80130;1;2;1.0;3.0;49,89001700;2,13634700;
202300006158.0;1;82;82087;1;1;1.0;6.0;44,15836300;1,24398700;
202300006159.0;1;69;69290;2;2;1.0;2.0;45,71030411;4,97778611;
202300006160.0;1;03;03179;2;3;1.0;1.0;46,29723300;3,50741200;
202300006161.0;3;69;69267;1;1;1.0;7.0;46,16550600;4,70023300;
202300006162.0;3;67;67462;2;1;8.0;6.0;48,26956000;7,45837000;
202300006163.0;5;44;44035;2;1;1.0;7.0;47,26814600; -1,54943700;
202300006164.0;1;42;42047;1;1;1.0;1.0;45,86101100;3,82845600;
202300006165.0;1;44;44045;1;1;1.0;6.0;47,27667800; -1,85563300;
202300006166.0;3;63;63300;1;1;2.0;2.0;45,90568679;3,09814185;
202300006167.0;1;41;41126;1;1;1.0;1.0;47,25903800;1,32566600;
202300006168.0;1;17;17304;1;2;1.0;3.0;45,67896000; -0,49317800;
202300006169.0;1;41;41132;1;9;1.0;6.0;47,34256700;1,44915500;
202300006170.0;1;33;33449;2;1;1.0;6.0;44,89459750; -0,76823696;
202300006171.0;3;62;62573;1;1;3.0;1.0;50,49528000;2,91205000;
202300006172.0;1;39;39526;2;3;1.0;3.0;47,03901700;5,40169800;
202300006173.0;5;62;62119;2;9;3.0;6.0;50,53704000;2,64915000;
202300006174.0;1;14;14228;2;2;1.0;3.0;49,29697300; -0,37522100;
202300006175.0;1;25;25527;1;1;1.0;6.0;47,19192700;5,80790700;
202300006176.0;1;76;76610;2;1;1.0;1.0;49,62804500;0,76242300;
202300006177.0;1;29;29171;1;3;1.0;3.0;47,84917400; -4,25001400;
202300006178.0;2;69;69256;1;1;1.0;2.0;45,80086163;4,92764020;
202300006179.0;5;62;62041;2;4;2.0;6.0;50,28663954;2,77731049;
202300006180.0;1;31;31275;1;1;1.0;6.0;43,74005700;1,02539800;
202300006181.0;2;57;57487;1;1;2.0;1.0;49,08904472;6,14320278;
202300006182.0;1;33;33122;1;1;2.0;4.0;44,74250000; -0,70800000;
202300006183.0;1;02;02352;1;9;1.0;3.0;50,00266000;3,27016500;
202300006184.0;1;94;94043;1;1;1.0;1.0;48,81449566;2,35556902;
202300006185.0;5;54;54578;2;6;8.0;3.0;48,67730000;6,15645000;
202300006186.0;1;58;58020;1;1;1.0;7.0;46,81783000;3,39434600;
202300006187.0;1;06;06023;1;9;1.0;7.0;43,95442900;7,51406400;
202300006188.0;5;54;54395;2;1;2.0;2.0;48,69132624;6,18066251;
202300006189.0;1;92;92064;1;1;1.0;2.0;48,83963957;2,19735978;
202300006190.0;1;64;64133;1;6;1.0;2.0;43,22570900; -0,25045400;
202300006191.0;2;54;54099;2;1;2.0;3.0;49,25005000;5,94121400;
202300006192.0;3;16;16128;1;1;1.0;6.0;46,07813500;0,55169800;
202300006193.0;1;93;93048;1;1;1.0;2.0;48,87275000;2,43539000;
202300006194.0;1;07;07165;1;1;1.0;1.0;44,93137727;4,48134899;
202300006195.0;1;49;49007;2;6;1.0;3.0;47,46650000; -0,52504000;
202300006196.0;1;53;53007;1;1;1.0;3.0;48,09980500; -0,62598500;
202300006197.0;1;46;46042;2;1;1.0;2.0;44,45176000;1,43700000;
202300006198.0;1;21;21016;1;1;1.0;7.0;47,35831100;5,16329500;
202300006199.0;3;93;93005;1;1;1.0;5.0;48,95961163;2,46644694;
202300006200.0;5;45;45147;2;4;1.0;3.0;47,93985000;1,91939000;
202300006201.0;2;77;77450;1;1;1.0;2.0;48,71727600;2,59911700;
202300006202.0;1;24;24547;2;1;1.0;1.0;45,11657300;1,30736700;
202300006203.0;2;77;77373;1;1;1.0;3.0;48,78724200;2,61724100;
202300006204.0;1;45;45232;2;2;1.0;3.0;47,84620000;1,92760000;
202300006205.0;1;04;04209;2;1;1.0;1.0;44,20083600;5,94006300;
202300006206.0;1;75;75120;2;1;1.0;3.0;48,86809100;2,38196900;
202300006207.0;1;28;28120;1;1;1.0;7.0;48,70298500;1,16031800;
202300006208.0;1;41;41269;2;1;1.0;6.0;47,79400000;1,06489000;
202300006209.0;5;74;74012;2;2;1.0;1.0;46,19742000;6,23706000;
202300006210.0;1;87;87117;1;1;1.0;7.0;45,84851700;1,75476600;
202300006211.0;3;74;74012;2;1;1.0;1.0;46,18531000;6,22602000;
202300006212.0;5;37;37195;2;3;1.0;1.0;47,38957196;0,66168487;
202300006213.0;2;49;49301;1;9;1.0;1.0;47,12202300; -1,09959800;
202300006214.0;1;75;75117;2;2;8.0;7.0;48,88215400;2,29168000;
202300006215.0;1;74;74123;1;1;2.0;1.0;45,75536700;6,29937200;
202300006216.0;1;38;38249;1;1;1.0;6.0;45,21898200;5,81816700;
202300006217.0;1;75;75117;2;2;1.0;6.0;48,87964300;2,29470800;
202300006218.0;1;74;74224;2;3;1.0;6.0;46,06924900;6,29897000;
202300006219.0;1;37;37233;2;1;1.0;4.0;47,38116000;0,73898000;
202300006220.0;3;30;30123;1;1;1.0;2.0;43,72528500;4,17506800;
202300006221.0;1;75;75116;2;2;1.0;2.0;48,86411955;2,27759778;
202300006222.0;1;74;74081;1;2;2.0;3.0;46,05106800;6,58829900;
202300006223.0;1;35;35238;2;2;1.0;3.0;48,11021911; -1,67777941;
202300006224.0;5;75;75116;2;2;1.0;3.0;48,86379100;2,29065200;
202300006225.0;5;35;35115;2;1;8.0;3.0;48,36517000; -1,18641000;
202300006226.0;3;987;98740;2;1;1.0;7.0; -14,97560100; -147,62399900;
202300006227.0;5;13;13026;2;5;1.0;3.0;43,38354000;5,16053000;
202300006228.0;5;75;75114;2;3;1.0;6.0;48,84196200;2,32265900;
202300006229.0;1;34;34172;2;1;1.0;6.0;43,59519000;3,86774000;
202300006230.0;1;987;98747;1;1;1.0;6.0; -17,75600000; -148,73600000;
202300006231.0;1;75;75114;2;2;2.0;6.0;48,82326000;2,32554000;
202300006232.0;1;77;77196;2;1;1.0;7.0;48,93941900;2,74428600;
202300006233.0;2;33;33162;2;2;1.0;3.0;44,87712000; -0,64236000;
202300006234.0;5;75;75107;2;1;1.0;3.0;48,85977300;2,32433500;
202300006235.0;1;83;83071;1;1;1.0;2.0;43,15001800;6,28262400;
202300006236.0;1;974;97411;2;1;1.0;2.0; -20,88517000;55,43902000;
202300006237.0;5;33;33063;2;1;1.0;3.0;44,83903408; -0,56775659;
202300006238.0;1;75;75104;2;3;1.0;6.0;48,85508300;2,36166300;
202300006239.0;1;974;97411;2;4;1.0;3.0; -20,89107000;55,42121000;
202300006240.0;3;30;30243;1;1;6.0;6.0;44,05901000;4,09149000;
202300006241.0;1;89;89350;1;1;1.0;2.0;48,01623800;3,14410700;
202300006242.0;1;75;75109;2;2;1.0;3.0;48,87842400;2,34511500;