Num_Acc;lum;departement;commune;agglomeration;intersection;meteo;type_collision;lat;long;date
202300006243.0;1;03;03104;1;1;1.0;6.0;46,33018700;2,80288200;
202300006244.0;1;973;97302;2;9;1.0;2.0;4,92460159; -52,31781185;
202300006245.0;1;38;38468;2;2;1.0;7.0;45,33649800;4,81505900;
202300006246.0;5;27;27375;2;3;1.0;3.0;49,20691000;1,18803000;
202300006247.0;1;94;94081;2;1;8.0;2.0;48,78390329;2,39337373;
202300006248.0;3;973;97302;2;1;2.0;1.0;4,93277168; -52,29674846;
202300006249.0;1;07;07268;1;1;1.0;7.0;44,30186200;4,59451700;
202300006250.0;1;94;94068;2;2;1.0;3.0;48,78627000;2,50367000;
202300006251.0;1;22;22278;2;1;7.0;2.0;48,50019000; -2,75691000;
202300006252.0;5;69;69387;2;3;1.0;1.0;45,72983000;4,82379000;
202300006253.0;5;94;94052;2;2;1.0;3.0;48,83554000;2,49386000;
202300006254.0;1;33;33312;2;3;8.0;3.0;44,96030400; -0,62097400;
202300006255.0;5;972;97209;2;1;2.0;6.0;14,62378000; -61,03898000;
202300006256.0;5;14;14715;2;1;1.0;2.0;49,37249000;0,12358000;
202300006257.0;4;2B;2B033;1;1;1.0;6.0;42,66295000;9,44204000;
202300006258.0;5;13;13071;2;1;1.0;7.0;43,41951000;5,36686000;
202300006259.0;1;91;91201;2;3;1.0;6.0;48,66478000;2,41955000;
202300006260.0;5;94;94046;2;1;2.0;6.0;48,79612100;2,43123100;
202300006261.0;1;91;91421;2;1;1.0;7.0;48,70047000;2,44760000;
202300006262.0;1;94;94011;2;1;1.0;6.0;48,76574000;2,47619000;
202300006263.0;5;13;13056;2;1;2.0;3.0;43,41218000;5,04337000;
202300006264.0;1;971;97113;1;1;1.0;4.0;16,21921000; -61,51526000;
202300006265.0;2;91;91027;2;1;1.0;3.0;48,70194000;2,37183000;
202300006266.0;1;94;94022;2;3;1.0;3.0;48,76240000;2,40670000;
202300006267.0;1;2A;2A004;2;1;1.0;6.0;41,91810263;8,73362929;
202300006268.0;5;13;13208;2;1;1.0;2.0;43,27133000;5,38613000;
202300006269.0;1;91;91479;2;1;7.0;6.0;48,71358000;2,36314000;
202300006270.0;1;2A;2A004;2;1;1.0;3.0;41,95199000;8,77819000;
202300006271.0;1;13;13005;2;1;1.0;1.0;43,29281000;5,56340000;
202300006272.0;1;94;94069;2;6;1.0;2.0;48,81499000;2,46150000;
202300006273.0;5;91;91174;2;3;1.0;7.0;48,61091000;2,45329000;
202300006274.0;1;91;91692;2;1;1.0;6.0;48,68683000;2,16853000;
202300006275.0;1;06;06159;1;1;1.0;1.0;43,72159770;7,33423040;
202300006276.0;4;93;93071;2;1;2.0;3.0;48,92692700;2,52005400;
202300006277.0;1;91;91223;2;1;7.0;1.0;48,42881000;2,14180000;
202300006278.0;1;93;93070;2;9;1.0;2.0;48,91791438;2,33060762;
202300006279.0;1;91;91477;2;2;1.0;6.0;48,71535000;2,24841000;
202300006280.0;5;05;05061;2;5;2.0;3.0;44,54249000;6,05951000;
202300006281.0;1;93;93053;2;9;1.0;1.0;48,88750224;2,46488422;
202300006282.0;1;04;04070;2;1;7.0;6.0;44,09152100;6,23137300;
202300006283.0;1;91;91657;2;3;1.0;3.0;48,71585900;2,43673100;
202300006284.0;1;89;89024;2;2;1.0;3.0;47,79838000;3,55651000;
202300006285.0;5;93;93048;2;3;2.0;1.0;48,86501300;2,45364800;
202300006286.0;1;87;87085;2;3;1.0;3.0;45,82674000;1,23806000;
202300006287.0;5;75;75112;2;1;1.0;2.0;48,83134400;2,40407800;
202300006288.0;5;88;88209;2;2;1.0;3.0;48,19338000;6,44157000;
202300006289.0;5;93;93032;2;1;2.0;6.0;48,88329579;2,52826765;
202300006290.0;1;84;84007;2;2;1.0;6.0;43,93102000;4,82563000;
202300006291.0;1;87;87085;2;1;1.0;2.0;45,88029000;1,29437000;
202300006292.0;1;93;93031;2;1;1.0;1.0;48,95411000;2,31717000;
202300006293.0;1;83;83137;2;1;1.0;6.0;43,11752000;5,93590000;
202300006294.0;5;75;75117;2;1;1.0;5.0;48,89503100;2,30658900;
202300006295.0;1;93;93010;2;1;1.0;2.0;48,90662200;2,48563800;
202300006296.0;1;83;83126;2;1;1.0;1.0;43,09313000;5,90691000;
202300006297.0;5;87;87085;2;2;1.0;3.0;45,82603000;1,26801000;
202300006298.0;1;83;83009;2;1;1.0;1.0;43,13873500;5,76528200;
202300006299.0;2;93;93008;2;3;2.0;6.0;48,90056188;2,42881932;
202300006300.0;1;87;87085;1;1;1.0;4.0;45,85079000;1,27624000;
202300006301.0;1;75;75114;2;7;1.0;6.0;48,82802000;2,32694900;
202300006302.0;2;93;93005;2;1;2.0;2.0;48,95260800;2,49751700;
202300006303.0;1;83;83123;2;1;1.0;6.0;43,12540500;5,80121500;
202300006304.0;2;86;86194;2;1;1.0;2.0;46,58939300;0,34679800;
202300006305.0;1;75;75105;2;2;8.0;6.0;48,85062100;2,34281200;
202300006306.0;1;92;92040;2;1;1.0;3.0;48,83165000;2,26239000;
202300006307.0;1;83;83061;2;1;1.0;1.0;43,43358309;6,73921466;
202300006308.0;1;83;83137;2;3;1.0;3.0;43,13003000;5,96245000;
202300006309.0;1;92;92026;2;1;2.0;6.0;48,89791657;2,26342571;
202300006310.0;1;83;83069;2;1;1.0;6.0;43,12183006;6,13105729;
202300006311.0;2;75;75120;2;2;1.0;3.0;48,85352900;2,41079100;
202300006312.0;1;81;81018;1;1;1.0;1.0;43,96477000;2,24111000;
202300006313.0;1;92;92012;2;1;8.0;6.0;48,84237000;2,23067000;
202300006314.0;1;75;75115;2;1;1.0;6.0;48,85363500;2,28988100;
202300006315.0;1;83;83061;1;1;2.0;1.0;43,42220000;6,70532000;
202300006316.0;1;51;51531;1;1;4.0;7.0;48,77150450;4,90179598;
202300006317.0;1;79;79329;2;2;1.0;3.0;46,98083000; -0,21420000;
202300006318.0;5;75;75115;2;7;1.0;6.0;48,83627800;2,30651100;
202300006319.0;1;78;78502;2;1;1.0;3.0;48,88032000;2,10862000;
202300006320.0;1;91;91235;2;2;1.0;3.0;48,63929100;2,36189200;
202300006321.0;1;78;78029;2;4;1.0;3.0;48,96007000;1,85959000;
202300006322.0;5;75;75115;2;2;1.0;3.0;48,83724000;2,29641400;
202300006323.0;1;06;06161;2;1;1.0;3.0;43,63148600;7,13460000;
202300006324.0;1;77;77143;2;2;7.0;7.0;48,97549000;2,86545000;
202300006325.0;1;76;76484;2;3;1.0;6.0;49,34660700;1,09600000;
202300006326.0;5;75;75114;2;2;1.0;2.0;48,82465100;2,31957600;
202300006327.0;1;974;97412;1;1;1.0;6.0; -21,37519100;55,64965700;
202300006328.0;1;77;77468;2;1;7.0;6.0;48,85027000;2,65322000;
202300006329.0;1;69;69029;2;3;1.0;3.0;45,73512000;4,88987000;
202300006330.0;3;972;97210;1;1;1.0;1.0;14,60645600; -60,89478100;
202300006331.0;5;75;75113;2;3;1.0;3.0;48,82000600;2,34709000;
202300006332.0;1;77;77482;2;2;1.0;3.0;48,37598000;2,94481000;
202300006333.0;1;86;86254;1;1;1.0;7.0;46,39108600;0,85134697;
202300006334.0;1;69;69091;2;1;1.0;3.0;45,58073000;4,77872000;
202300006335.0;1;67;67482;2;8;1.0;6.0;48,55330000;7,74434000;
202300006336.0;1;75;75113;2;2;1.0;3.0;48,82598900;2,35365000;
202300006337.0;3;14;14475;1;1;3.0;6.0;49,11841019; -0,57802970;
202300006338.0;1;77;77255;1;8;1.0;3.0;48,50945000;2,67944000;
202300006339.0;1;74;74210;1;2;1.0;3.0;46,29712200;6,45318600;
202300006340.0;1;67;67204;2;6;7.0;3.0;48,62640000;7,76970000;
202300006341.0;1;80;80792;1;4;1.0;1.0;50,07132100;2,33135200;
202300006342.0;1;74;74012;2;7;1.0;6.0;46,19130000;6,23560000;
202300006343.0;1;77;77014;2;1;1.0;3.0;48,41590000;2,72571000;
202300006344.0;1;75;75113;2;5;1.0;3.0;48,82581100;2,35036200;
202300006345.0;1;71;71585;1;1;2.0;6.0;46,84286400;4,85265300;
202300006346.0;1;67;67482;2;1;1.0;3.0;48,57850000;7,77308000;
202300006347.0;5;76;76540;2;2;1.0;1.0;49,46076000;1,13549000;
202300006348.0;1;66;66136;2;1;1.0;2.0;42,66218000;2,92157000;
202300006349.0;3;89;89074;2;1;1.0;3.0;48,31733000;3,13192000;
202300006350.0;5;75;75112;2;4;1.0;1.0;48,83406200;2,45493600;
202300006351.0;5;50;50341;2;3;1.0;3.0;49,48771200; -1,38141300;
202300006352.0;1;76;76540;2;1;1.0;2.0;49,45260000;1,09977000;
202300006353.0;1;66;66136;2;3;1.0;3.0;42,69116000;2,88189000;
202300006354.0;5;75;75110;2;2;1.0;6.0;48,87176300;2,35718400;
202300006355.0;2;64;64483;2;3;1.0;2.0;43,40170000; -1,63696000;
202300006356.0;1;971;97118;1;1;1.0;2.0;16,17803700; -61,59493400;
202300006357.0;1;76;76351;2;4;1.0;2.0;49,50047000;0,16248000;
202300006358.0;3;68;68291;1;1;2.0;6.0;47,84357900;7,47739800;
202300006359.0;5;64;64102;2;6;2.0;3.0;43,46041000; -1,49551000;
202300006360.0;5;75;75110;2;3;1.0;4.0;48,88061600;2,36199900;
202300006361.0;1;25;25532;1;1;8.0;6.0;47,20639200;6,12337600;
202300006362.0;1;76;76351;2;3;1.0;6.0;49,51712000;0,09783000;
202300006363.0;1;64;64284;2;2;1.0;3.0;43,29298000; -0,38668000;
202300006364.0;3;29;29170;1;1;2.0;6.0;47,94561100; -4,17184100;
202300006365.0;1;64;64102;2;1;1.0;6.0;43,49559000; -1,47149000;
202300006366.0;5;75;75104;2;1;1.0;2.0;48,84772500;2,36432000;
202300006367.0;5;76;76351;2;1;1.0;2.0;49,49123000;0,12111000;
202300006368.0;2;38;38547;1;1;1.0;7.0;45,24104500;5,89558700;
202300006369.0;1;63;63300;1;3;1.0;3.0;45,88876000;3,16372000;
202300006370.0;1;76;76351;2;1;1.0;7.0;49,49265133;0,11739492;
202300006371.0;1;75;75103;2;4;1.0;6.0;48,86900400;2,35562000;
202300006372.0;1;03;03103;2;1;2.0;6.0;46,35053400;3,79388800;
202300006373.0;1;38;38318;1;1;1.0;5.0;45,52083000;4,92007000;
202300006374.0;3;01;01230;1;1;1.0;6.0;46,43663300;5,09317200;
202300006375.0;3;59;59369;1;1;2.0;6.0;50,30754900;3,47031600;
202300006376.0;2;76;76351;2;2;1.0;4.0;49,49707000;0,15077000;
202300006377.0;5;94;94080;2;2;1.0;3.0;48,84822000;2,43710000;
202300006378.0;3;58;58278;1;1;1.0;6.0;46,96733100;3,17507000;
202300006379.0;1;38;38544;2;1;7.0;6.0;45,51032000;4,85640000;
202300006380.0;1;59;59279;2;1;1.0;1.0;50,78547000;3,13990000;
202300006381.0;1;94;94042;2;1;1.0;3.0;48,82001300;2,47146600;
202300006382.0;2;66;66098;2;1;1.0;1.0;42,52778400;2,12267900;
202300006383.0;5;76;76447;2;1;1.0;2.0;49,53270000;0,18912000;
202300006384.0;1;38;38544;1;1;1.0;5.0;45,52173000;4,90531000;
202300006385.0;5;94;94046;2;1;1.0;6.0;48,79714400;2,44090900;
202300006386.0;1;59;59512;2;2;1.0;3.0;50,70015000;3,16132000;
202300006387.0;1;54;54135;1;1;2.0;6.0;48,52996800;5,88497600;
202300006388.0;1;76;76351;2;2;1.0;6.0;49,49354000;0,13901000;
202300006389.0;2;38;38544;2;3;1.0;3.0;45,50818000;4,85966000;
202300006390.0;1;59;59328;2;6;1.0;3.0;50,65650308;3,01464200;
202300006391.0;1;76;76351;2;9;1.0;3.0;49,50223000;0,15802000;
202300006392.0;1;54;54312;1;1;1.0;6.0;48,92418800;6,09615800;
202300006393.0;1;94;94041;2;5;1.0;3.0;48,81662938;2,39962703;
202300006394.0;1;38;38544;2;1;8.0;6.0;45,52165000;4,87314000;
202300006395.0;1;59;59350;2;7;1.0;2.0;50,63761000;3,07150000;
202300006396.0;1;74;74298;2;1;1.0;6.0;46,17448700;6,25750100;
202300006397.0;2;38;38544;2;1;1.0;6.0;45,51880000;4,88000000;
202300006398.0;1;50;50453;1;2;8.0;3.0;48,81726200; -1,19665100;
202300006399.0;1;59;59476;2;1;7.0;3.0;50,15662221;3,22314084;
202300006400.0;1;74;74305;2;1;1.0;6.0;46,20104000;6,26195000;
202300006401.0;5;94;94038;2;3;1.0;3.0;48,78334000;2,32805000;
202300006402.0;1;60;60686;1;1;1.0;2.0;49,20502227;2,38538303;
202300006403.0;5;72;72181;2;1;1.0;7.0;48,01020000;0,20691000;
202300006404.0;1;51;51454;2;1;7.0;6.0;49,26510000;4,06036000;
202300006405.0;5;94;94077;2;1;1.0;6.0;48,73111364;2,42209241;
202300006406.0;1;74;74010;2;1;1.0;6.0;45,91936000;6,12117000;
202300006407.0;5;94;94018;2;1;1.0;6.0;48,82291900;2,41980400;
202300006408.0;1;72;72181;2;9;1.0;3.0;47,98306000;0,17338000;
202300006409.0;1;51;51454;2;1;1.0;2.0;49,23619300;4,07190100;
202300006410.0;1;72;72181;1;1;1.0;2.0;48,03102741;0,17897844;
202300006411.0;3;64;64211;1;2;1.0;6.0;43,28974100; -0,12967900;
202300006412.0;5;93;93059;2;1;1.0;1.0;48,96220200;2,37165100;
202300006413.0;1;49;49007;2;3;1.0;3.0;47,47255000; -0,56585000;
202300006414.0;1;71;71076;2;1;1.0;3.0;46,79370000;4,83750000;
202300006415.0;5;56;56260;2;2;1.0;3.0;47,64623000; -2,78005000;
202300006416.0;1;48;48095;2;1;1.0;7.0;44,51167600;3,47111300;
202300006417.0;5;93;93051;2;3;1.0;6.0;48,84620000;2,55217000;
202300006418.0;1;36;36064;1;2;1.0;3.0;46,82961600;1,81179500;
202300006419.0;1;69;69282;2;1;1.0;6.0;45,76986000;5,00171000;
202300006420.0;3;07;07204;2;1;1.0;6.0;44,98362100;4,42887400;
202300006421.0;1;44;44109;2;1;1.0;1.0;47,23798100; -1,52234670;
202300006422.0;2;93;93033;2;7;1.0;3.0;48,85908000;2,58139000;
202300006423.0;3;24;24526;1;1;2.0;7.0;45,37792400;1,18164700;
202300006424.0;1;69;69266;2;6;1.0;3.0;45,77237035;4,86590666;
202300006425.0;5;94;94028;2;1;2.0;6.0;48,77024000;2,46137000;
202300006426.0;1;42;42207;2;2;1.0;3.0;45,47435000;4,51421000;
202300006427.0;5;93;93032;2;1;8.0;2.0;48,88668000;2,53306000;
202300006428.0;3;85;85273;1;9;8.0;6.0;46,88887000; -1,97546000;
202300006429.0;1;83;83019;1;1;1.0;7.0;43,15038105;6,30673447;
202300006430.0;1;65;65083;2;1;1.0;7.0;43,16512240;0,11017040;
202300006431.0;5;93;93031;2;3;1.0;3.0;48,95163000;2,32086000;
202300006432.0;1;17;17466;1;9;1.0;3.0;46,21388700; -0,99030900;
202300006433.0;1;67;67482;2;3;1.0;3.0;48,58220000;7,77140000;
202300006434.0;1;37;37208;2;1;1.0;1.0;47,36296000;0,71552000;
202300006435.0;-1;65;65239;1;1;;7.0;43,03030481;0,34006161;
202300006436.0;1;87;87041;1;1;1.0;1.0;46,14729800;1,29057200;
202300006437.0;1;67;67482;2;1;1.0;3.0;48,58693000;7,71064000;
202300006438.0;1;93;93029;2;1;1.0;2.0;48,91954300;2,45084500;
202300006439.0;3;35;35210;1;1;8.0;6.0;48,14345400; -1,77888300;
202300006440.0;1;69;69264;2;2;1.0;5.0;45,98661000;4,72497000;
202300006441.0;5;67;67482;2;1;1.0;2.0;48,55534000;7,73354000;
202300006442.0;1;93;93029;2;1;1.0;3.0;48,92280000;2,45761000;
202300006443.0;1;35;35238;1;1;1.0;4.0;48,14214000; -1,65598000;
202300006444.0;2;06;06067;1;1;1.0;1.0;43,77757000;7,44905200;
202300006445.0;1;75;75107;2;4;8.0;3.0;48,85661500;2,32686400;
202300006446.0;1;67;67482;2;3;1.0;3.0;48,58882000;7,70648000;
202300006447.0;5;93;93030;2;1;1.0;2.0;48,94796000;2,41400000;
202300006448.0;1;69;69026;1;1;8.0;1.0;45,89472800;4,59552500;
202300006449.0;2;33;33192;2;2;1.0;1.0;44,77469000; -0,59720000;
202300006450.0;3;49;49301;1;1;1.0;1.0;47,09133959; -1,03498469;
202300006451.0;1;66;66172;1;1;1.0;2.0;42,70068000;2,86473000;
202300006452.0;1;93;93008;2;2;1.0;6.0;48,91491000;2,44090000;
202300006453.0;1;76;76484;1;1;1.0;2.0;49,34123700;1,06598500;
202300006454.0;1;33;33550;2;2;1.0;2.0;44,76222000; -0,55885000;
202300006455.0;1;14;14715;2;1;1.0;6.0;49,37778800;0,09702800;
202300006456.0;1;971;97125;2;1;1.0;6.0;16,27423700; -61,26789800;
202300006457.0;1;66;66136;2;1;1.0;2.0;42,70192000;2,89572000;
202300006458.0;5;93;93005;2;2;1.0;3.0;48,95034100;2,52321400;
202300006459.0;5;84;84035;1;1;1.0;2.0;43,81511000;5,04447000;
202300006460.0;2;33;33522;2;3;7.0;3.0;44,79711424; -0,59859931;
202300006461.0;1;66;66136;2;1;1.0;6.0;42,69424000;2,88971000;
202300006462.0;1;978;97801;2;1;1.0;3.0;18,06315400; -63,08676300;
202300006463.0;5;92;92040;2;1;1.0;7.0;48,82245159;2,26729095;
202300006464.0;1;38;38301;1;2;7.0;3.0;44,79722900;5,63574000;
202300006465.0;1;64;64189;2;1;7.0;3.0;43,38499000; -1,66395000;
202300006466.0;1;31;31555;2;1;1.0;6.0;43,59557400;1,41957300;
202300006467.0;1;92;92012;2;1;1.0;1.0;48,83153000;2,25272000;
202300006468.0;5;77;77440;2;2;1.0;6.0;48,94768900;3,08077100;
202300006469.0;3;14;14701;1;1;1.0;6.0;49,33852000;0,06075000;
202300006470.0;1;30;30007;2;1;1.0;6.0;44,14098000;4,08987000;
202300006471.0;1;34;34299;1;1;2.0;2.0;43,28420400;3,28308800;
202300006472.0;1;09;09214;2;1;8.0;6.0;42,96451900;1,10275800;
202300006473.0;1;64;64102;2;1;1.0;1.0;43,49563000; -1,45660000;
202300006474.0;2;14;14079;1;1;1.0;6.0;49,31530400;0,02060000;
202300006475.0;1;25;25505;1;1;2.0;3.0;47,48757100;6,34576300;
202300006476.0;1;60;60057;2;9;1.0;6.0;49,43210046;2,08998692;
202300006477.0;5;30;30334;2;1;1.0;6.0;44,01549400;4,41267200;
202300006478.0;1;30;30007;1;3;1.0;3.0;44,09985500;4,08116100;
202300006479.0;5;14;14220;2;1;1.0;3.0;49,35908000;0,07884000;
202300006480.0;1;68;68323;1;1;1.0;2.0;47,68138200;7,37020600;
202300006481.0;1;59;59508;2;1;1.0;6.0;50,75207442;3,12725723;
202300006482.0;3;30;30030;1;1;1.0;1.0;44,06045300;4,26221300;
202300006483.0;1;29;29232;1;1;2.0;5.0;47,96930800; -4,06323000;
202300006484.0;1;73;73303;1;1;2.0;1.0;45,76643400;6,36510700;
202300006485.0;5;74;74298;2;6;1.0;3.0;46,17716000;6,24429000;
202300006486.0;3;59;59527;2;1;1.0;1.0;50,66761000;3,05703000;
202300006487.0;1;28;28110;2;1;1.0;1.0;48,42060000;1,48874000;
202300006488.0;3;62;62583;1;9;1.0;7.0;50,16852200;2,47117300;
202300006489.0;5;73;73213;2;3;2.0;6.0;45,57102700;5,95246600;
202300006490.0;1;93;93013;2;2;1.0;6.0;48,93771745;2,42860469;
202300006491.0;1;27;27701;1;1;1.0;2.0;49,25224494;1,18420601;
202300006492.0;1;59;59350;2;2;1.0;1.0;50,64002638;3,06931615;
202300006493.0;5;69;69121;2;9;1.0;6.0;45,85575800;4,67829300;
202300006494.0;3;77;77162;1;1;1.0;1.0;48,87464100;3,19453800;
202300006495.0;1;09;09066;1;1;1.0;6.0;42,93842900;1,52185100;
202300006496.0;1;25;25462;2;1;1.0;6.0;46,90371000;6,35231000;
202300006497.0;1;59;59350;2;1;1.0;3.0;50,62831600;3,03749500;
202300006498.0;1;29;29011;1;2;1.0;3.0;48,43454417; -4,50115740;
202300006499.0;1;56;56205;1;3;1.0;2.0;47,55797900; -2,69548100;
202300006500.0;1;18;18033;1;1;1.0;3.0;47,04451400;2,34526600;
202300006501.0;1;17;17095;1;3;8.0;3.0;45,29940447; -0,26218995;
202300006502.0;1;59;59008;2;1;1.0;1.0;50,33711100;3,24636500;
202300006503.0;1;60;60612;2;1;2.0;6.0;49,21205800;2,59363500;
202300006504.0;1;57;57757;2;1;1.0;2.0;49,36256400;6,19833900;
202300006505.0;1;49;49021;2;7;1.0;6.0;47,44013100; -0,21598200;
202300006506.0;5;17;17461;2;6;1.0;7.0;45,66177300; -1,06023800;
202300006507.0;3;56;56041;1;1;9.0;6.0;48,14230100; -3,11148040;
202300006508.0;5;57;57480;2;1;1.0;7.0;49,10746000;6,15998000;
202300006509.0;3;65;65033;1;1;5.0;6.0;43,07406942;0,04564870;
202300006510.0;5;13;13214;2;1;1.0;6.0;43,33146000;5,37495000;
202300006511.0;1;62;62560;1;1;3.0;1.0;50,82249600;1,72383400;
202300006512.0;1;71;71263;2;1;8.0;7.0;46,65848000;5,15868800;
202300006513.0;1;13;13216;1;1;1.0;3.0;43,36923768;5,32375514;
202300006514.0;1;57;57591;2;2;1.0;3.0;49,25632000;6,09806000;
202300006515.0;1;59;59256;1;1;1.0;5.0;50,57537500;3,11689900;
202300006516.0;4;59;59507;1;1;2.0;7.0;50,61256598;3,08782339;
202300006517.0;1;13;13047;2;1;1.0;3.0;43,50842000;4,98756000;
202300006518.0;1;71;71359;1;1;1.0;3.0;46,54149100;4,96662500;
202300006519.0;1;57;57019;2;1;1.0;6.0;49,25929000;6,13353000;
202300006520.0;1;14;14110;1;6;1.0;6.0;49,25776400; -0,10348000;
202300006521.0;1;59;59071;2;2;2.0;5.0;50,48034000;3,13463900;
202300006522.0;1;63;63368;1;1;1.0;7.0;45,69819353;3,31012918;
202300006523.0;3;13;13004;1;1;1.0;2.0;43,66502593;4,57061023;
202300006524.0;1;74;74256;2;1;1.0;6.0;45,94488300;6,63076900;
202300006525.0;1;63;63155;2;1;2.0;6.0;45,69760400;3,43535700;
202300006526.0;1;57;57660;2;1;1.0;2.0;49,19764100;6,92476900;
202300006527.0;1;13;13211;1;1;1.0;2.0;43,29020300;5,44807200;
202300006528.0;5;09;09225;2;3;1.0;3.0;43,12334000;1,61082000;
202300006529.0;3;61;61081;1;1;1.0;6.0;48,67915200;0,20752700;
202300006530.0;1;56;56121;2;1;1.0;6.0;47,76177000; -3,36642000;
202300006531.0;1;74;74058;2;1;8.0;1.0;46,28861100;6,80761800;
202300006532.0;1;56;56121;2;1;1.0;6.0;47,73402000; -3,38381000;
202300006533.0;5;74;74096;1;1;3.0;7.0;46,01666500;6,10427900;
202300006534.0;1;07;07316;2;1;1.0;2.0;44,88694000;4,85134000;
202300006535.0;2;13;13026;1;1;1.0;2.0;43,39235700;5,13105000;
202300006536.0;1;56;56121;2;1;1.0;6.0;47,76386000; -3,40093000;
202300006537.0;5;74;74242;2;1;2.0;2.0;45,83388400;6,16377800;
202300006538.0;1;42;42289;1;1;1.0;6.0;45,93862945;4,21397120;
202300006539.0;1;06;06088;2;1;1.0;3.0;43,69200400;7,24255100;
202300006540.0;3;74;74042;1;1;2.0;1.0;46,08709100;6,38975100;
202300006541.0;2;56;56121;2;2;7.0;3.0;47,74603000; -3,35633000;
202300006542.0;1;56;56121;2;1;1.0;7.0;47,76409000; -3,37916000;
202300006543.0;3;74;74094;1;9;2.0;2.0;46,20477000;6,28709800;
202300006544.0;1;06;06149;2;1;1.0;4.0;43,73378000;7,29686000;
202300006545.0;5;54;54265;2;6;1.0;3.0;48,63795100;6,18470600;
202300006546.0;1;05;05061;2;1;1.0;3.0;44,56187000;6,07764000;
202300006547.0;1;13;13071;1;1;1.0;2.0;43,38036978;5,31581691;
202300006548.0;1;74;74269;1;3;1.0;3.0;45,97644600;5,83859500;
202300006549.0;1;54;54274;2;2;1.0;3.0;48,66536779;6,19746655;
202300006550.0;1;05;05061;1;1;1.0;3.0;44,54813116;6,03806686;
202300006551.0;3;47;47208;1;1;1.0;1.0;44,22576600;0,04379500;
202300006552.0;1;54;54339;2;1;1.0;6.0;48,70911900;6,19344600;
202300006553.0;1;05;05061;1;1;1.0;2.0;44,50913000;6,04574000;
202300006554.0;3;74;74233;1;1;1.0;6.0;45,80765700;5,98236800;
202300006555.0;1;54;54261;2;3;1.0;3.0;49,52343000;5,79648000;
202300006556.0;3;74;74212;2;1;1.0;7.0;46,02652200;6,39448600;
202300006557.0;1;03;03185;2;9;1.0;1.0;46,33171000;2,60067000;
202300006558.0;1;69;69382;1;1;1.0;3.0;45,74736000;4,82965000;
202300006559.0;1;52;52534;1;1;1.0;1.0;48,65620000;4,91748000;
202300006560.0;5;02;02691;2;1;2.0;6.0;49,84369000;3,29216000;
202300006561.0;1;75;75106;2;2;1.0;6.0;48,85023500;2,32415600;
202300006562.0;1;51;51660;2;2;1.0;3.0;49,34805600;4,21959200;
202300006563.0;1;51;51454;2;1;1.0;6.0;49,23410000;4,03013000;
202300006564.0;3;33;33162;1;1;1.0;6.0;44,86419369; -0,65452337;
202300006565.0;1;86;86235;1;1;1.0;5.0;46,39843000;0,39588100;
202300006566.0;1;51;51454;2;1;1.0;1.0;49,24998000;4,06341000;
202300006567.0;1;45;45208;2;1;1.0;3.0;47,98911040;2,73239994;
202300006568.0;1;75;75118;2;7;1.0;3.0;48,89564300;2,34633500;
202300006569.0;2;31;31430;1;1;5.0;6.0;43,10509200;0,59454400;
202300006570.0;3;59;59143;1;1;1.0;6.0;50,65298000;2,91571000;
202300006571.0;3;01;01245;1;1;2.0;6.0;46,16433200;5,37014200;
202300006572.0;1;51;51454;2;2;1.0;3.0;49,26795000;4,05403000;
202300006573.0;1;75;75118;2;1;1.0;6.0;48,90122900;2,34268300;
202300006574.0;1;35;35196;1;2;1.0;3.0;48,08816800; -1,79931200;
202300006575.0;1;51;51454;2;1;1.0;2.0;49,24541000;4,04141000;
202300006576.0;1;91;91689;1;1;1.0;4.0;48,74166000;2,32203000;
202300006577.0;1;75;75118;2;1;1.0;2.0;48,88946600;2,33039200;
202300006578.0;1;22;22113;2;1;1.0;2.0;48,73198000; -3,46494000;
202300006579.0;2;26;26345;1;1;1.0;3.0;44,27839200;4,86162200;
202300006580.0;1;51;51454;2;2;1.0;3.0;49,27109000;4,02485000;
202300006581.0;5;75;75118;2;3;1.0;6.0;48,88683500;2,35962900;
202300006582.0;1;91;91340;1;1;1.0;4.0;48,60277000;2,43800000;
202300006583.0;1;75;75116;2;1;1.0;6.0;48,87445800;2,29228300;
202300006584.0;1;94;94076;1;1;1.0;3.0;48,79309594;2,34508279;
202300006585.0;2;91;91064;1;1;8.0;7.0;48,75018000;2,22139000;
202300006586.0;1;49;49007;2;1;1.0;5.0;47,46790000; -0,56558000;
202300006587.0;3;58;58245;1;1;1.0;6.0;46,75776900;3,63806200;
202300006588.0;5;74;74012;2;2;2.0;6.0;46,19040000;6,23450000;
202300006589.0;3;91;91286;1;1;2.0;2.0;48,64795000;2,38654000;
202300006590.0;4;14;14174;2;1;1.0;6.0;48,85681000; -0,55726000;
202300006591.0;2;91;91479;1;1;1.0;2.0;48,72093000;2,37066000;
202300006592.0;1;75;75115;2;3;1.0;3.0;48,84565900;2,27787400;
202300006593.0;3;78;78423;1;1;1.0;6.0;48,78450600;2,03409600;