Num_Acc;lum;departement;commune;agglomeration;intersection;meteo;type_collision;lat;long;date
202300006594.0;3;18;18103;1;1;1.0;7.0;47,10477700;1,88160200;
202300006595.0;2;75;75116;2;5;1.0;2.0;48,86369000;2,24005800;
202300006596.0;3;18;18224;1;1;1.0;7.0;47,16873800;2,92918200;
202300006597.0;1;92;92025;1;1;1.0;5.0;48,92648547;2,23549596;
202300006598.0;1;49;49007;1;1;1.0;2.0;47,46930000; -0,60040000;
202300006599.0;1;07;07143;2;1;1.0;1.0;45,36331000;4,75455900;
202300006600.0;5;59;59512;2;9;1.0;2.0;50,67291000;3,18662000;
202300006601.0;1;78;78007;1;1;1.0;4.0;48,89827000;2,00576000;
202300006602.0;5;40;40279;2;1;2.0;6.0;43,72910000; -1,03890000;
202300006603.0;3;63;63035;1;1;1.0;6.0;45,96801300;3,09996800;
202300006604.0;1;93;93066;1;1;1.0;4.0;48,90719000;2,35851000;
202300006605.0;1;75;75109;2;2;1.0;6.0;48,87588700;2,33985700;
202300006606.0;5;94;94028;2;3;2.0;3.0;48,78937000;2,46545000;
202300006607.0;3;63;63072;1;1;2.0;7.0;45,86955721;3,70821287;
202300006608.0;1;93;93008;1;1;1.0;3.0;48,91000889;2,44512121;
202300006609.0;1;73;73225;2;1;1.0;1.0;45,53757100;5,95018300;
202300006610.0;3;971;97112;1;1;1.0;6.0;15,88977000; -61,30412900;
202300006611.0;1;49;49007;2;6;1.0;3.0;47,44824000; -0,53860000;
202300006612.0;1;93;93007;1;1;2.0;3.0;48,95422000;2,45588000;
202300006613.0;1;81;81311;2;1;1.0;7.0;43,74950504;2,19757944;
202300006614.0;5;75;75109;2;2;1.0;6.0;48,86992600;2,32800100;
202300006615.0;3;95;95527;1;1;1.0;4.0;48,99732912;2,51855830;
202300006616.0;5;971;97115;1;2;1.0;3.0;16,26766600; -61,64964100;
202300006617.0;1;49;49246;2;6;1.0;3.0;47,43347000; -0,52971000;
202300006618.0;5;75;75107;2;3;1.0;6.0;48,85579100;2,30299600;
202300006619.0;3;977;97701;2;6;1.0;1.0;17,91723412; -62,85441399;
202300006620.0;1;94;94015;1;1;1.0;2.0;48,82945356;2,52827231;
202300006621.0;1;47;47201;2;3;1.0;2.0;44,19396000;0,60707000;
202300006622.0;1;75;75104;2;2;1.0;6.0;48,85374200;2,36567900;
202300006623.0;1;44;44109;2;1;7.0;6.0;47,26023000; -1,49927000;
202300006624.0;1;977;97701;2;1;1.0;7.0;17,91125500; -62,85244000;
202300006625.0;1;54;54528;2;3;1.0;3.0;48,68940000;5,90060000;
202300006626.0;1;75;75101;2;2;1.0;2.0;48,86274700;2,33538000;
202300006627.0;1;43;43157;2;1;8.0;7.0;45,04054900;3,87917500;
202300006628.0;1;977;97701;2;1;1.0;1.0;17,90410900; -62,84773000;
202300006629.0;1;06;06029;2;1;1.0;6.0;43,54827000;7,01008000;
202300006630.0;1;94;94081;2;1;1.0;6.0;48,78288723;2,37676187;
202300006631.0;1;42;42218;2;2;2.0;3.0;45,44039000;4,40357000;
202300006632.0;1;94;94081;2;1;1.0;6.0;48,78972796;2,40270406;
202300006633.0;3;33;33199;2;1;1.0;6.0;44,60466100; -1,10580000;
202300006634.0;1;94;94041;2;1;1.0;6.0;48,81797813;2,39818635;
202300006635.0;1;42;42187;2;6;1.0;3.0;46,04354000;4,06772000;
202300006636.0;1;32;32013;2;3;1.0;6.0;43,64657000;0,58062000;
202300006637.0;1;94;94065;2;1;1.0;5.0;48,75378107;2,36232126;
202300006638.0;1;41;41018;2;3;1.0;1.0;47,58934000;1,30808000;
202300006639.0;1;976;97611;2;1;1.0;6.0; -12,79529000;45,21617000;
202300006640.0;1;17;17449;2;1;1.0;6.0;45,94306800; -0,88958740;
202300006641.0;1;94;94011;2;9;1.0;1.0;48,77315000;2,49084000;
202300006642.0;3;37;37091;1;1;5.0;6.0;47,33680606;1,00886250;
202300006643.0;1;37;37233;2;1;7.0;3.0;47,38673000;0,74512000;
202300006644.0;4;14;14118;2;1;2.0;6.0;49,19670000; -0,39616000;
202300006645.0;1;05;05061;2;1;7.0;2.0;44,54408000;6,06138000;
202300006646.0;5;94;94017;2;1;1.0;6.0;48,82435000;2,49603000;
202300006647.0;1;974;97416;2;1;1.0;2.0; -21,33482000;55,46390000;
202300006648.0;1;35;35238;2;6;1.0;2.0;48,12714879; -1,65222734;
202300006649.0;3;13;13117;2;1;1.0;6.0;43,45033217;5,23085490;
202300006650.0;5;44;44172;1;6;3.0;3.0;47,23578300; -1,48290800;
202300006651.0;1;93;93078;2;6;7.0;2.0;48,96150000;2,55510000;
202300006652.0;1;13;13208;2;9;1.0;3.0;43,26306988;5,39291533;
202300006653.0;1;35;35238;2;2;1.0;3.0;48,13062000; -1,68455000;
202300006654.0;2;37;37042;1;1;7.0;2.0;47,20431159;0,08477859;
202300006655.0;1;25;25200;2;2;1.0;2.0;47,33112300;6,01166700;
202300006656.0;1;93;93072;2;1;1.0;2.0;48,95179174;2,38825265;
202300006657.0;2;45;45234;2;1;1.0;6.0;47,90265000;1,90356000;
202300006658.0;1;35;35238;2;2;1.0;3.0;48,11571000; -1,64838000;
202300006659.0;1;93;93070;2;1;1.0;2.0;48,90799000;2,34051000;
202300006660.0;3;45;45137;1;1;1.0;6.0;48,12859400;2,19742000;
202300006661.0;1;13;13213;2;3;1.0;3.0;43,33710584;5,43532788;
202300006662.0;1;35;35238;2;1;1.0;6.0;48,09122000; -1,69223000;
202300006663.0;1;38;38185;2;3;1.0;3.0;45,17773000;5,71545000;
202300006664.0;1;974;97411;2;1;1.0;3.0; -20,88641000;55,49250000;
202300006665.0;1;93;93070;2;1;1.0;3.0;48,91659223;2,33424484;
202300006666.0;1;13;13210;2;1;1.0;3.0;43,28594713;5,41866879;
202300006667.0;1;974;97407;2;1;1.0;6.0; -20,93781000;55,29865000;
202300006668.0;1;34;34301;2;1;1.0;3.0;43,40650000;3,69288000;
202300006669.0;1;93;93053;2;3;1.0;6.0;48,88870000;2,45749000;
202300006670.0;5;74;74305;2;3;2.0;6.0;46,20520000;6,26530000;
202300006671.0;2;13;13215;2;1;1.0;3.0;43,35330000;5,36590000;
202300006672.0;1;34;34172;2;1;1.0;6.0;43,60743000;3,91640000;
202300006673.0;1;973;97302;2;1;1.0;6.0;4,94170343; -52,32515359;
202300006674.0;1;93;93053;2;9;1.0;3.0;48,88993068;2,45867848;
202300006675.0;1;973;97302;2;6;1.0;6.0;4,92722000; -52,28985000;
202300006676.0;3;13;13105;1;1;6.0;6.0;43,74773100;5,08599400;
202300006677.0;1;34;34336;2;3;1.0;3.0;43,31751000;3,28035000;
202300006678.0;1;13;13028;2;3;1.0;3.0;43,17128000;5,60281000;
202300006679.0;1;13;13211;2;6;1.0;2.0;43,29004000;5,47624000;
202300006680.0;1;93;93048;2;2;1.0;6.0;48,85692108;2,44480401;
202300006681.0;1;69;69383;2;2;1.0;6.0;45,75330000;4,85640000;
202300006682.0;3;13;13033;1;1;6.0;7.0;43,34735500;5,18314400;
202300006683.0;3;89;89257;2;7;2.0;6.0;47,96331600;3,51084900;
202300006684.0;1;13;13208;2;9;1.0;3.0;43,25010000;5,38886000;
202300006685.0;5;93;93046;2;9;1.0;1.0;48,91721200;2,53317905;
202300006686.0;3;89;89050;2;1;1.0;6.0;47,92710600;3,54090600;
202300006687.0;1;69;69388;2;1;1.0;6.0;45,73948000;4,86030000;
202300006688.0;3;34;34003;2;6;1.0;3.0;43,30879000;3,47679000;
202300006689.0;1;22;22077;1;1;1.0;7.0;48,53433300; -2,47304000;
202300006690.0;5;13;13215;2;2;1.0;3.0;43,34110000;5,35189000;
202300006691.0;3;38;38529;1;1;1.0;6.0;45,10188400;5,84700600;
202300006692.0;1;69;69388;2;1;1.0;1.0;45,73541000;4,87243000;
202300006693.0;2;74;74118;2;1;8.0;3.0;46,16563000;6,18789000;
202300006694.0;5;93;93007;2;2;1.0;3.0;48,94198000;2,46452000;
202300006695.0;1;33;33249;2;1;1.0;3.0;44,88515000; -0,50821000;
202300006696.0;2;13;13214;2;1;1.0;6.0;43,34443089;5,37820676;
202300006697.0;1;69;69387;2;7;1.0;6.0;45,74565000;4,84272000;
202300006698.0;1;47;47001;2;6;1.0;6.0;44,21393666;0,65104937;
202300006699.0;1;69;69206;1;1;1.0;1.0;46,04261600;4,71689000;
202300006700.0;1;33;33318;2;1;1.0;6.0;44,79408000; -0,62895000;
202300006701.0;1;13;13210;2;9;1.0;1.0;43,27959000;5,41061000;
202300006702.0;1;93;93001;2;2;1.0;3.0;48,91705000;2,37972000;
202300006703.0;1;972;97209;2;1;1.0;2.0;14,60903000; -61,05570000;
202300006704.0;3;31;31318;1;1;1.0;6.0;43,22415300;0,97393200;
202300006705.0;1;13;13203;2;1;1.0;6.0;43,30629000;5,37327000;
202300006706.0;1;13;13051;1;1;1.0;2.0;43,58653000;5,20103900;
202300006707.0;1;95;95019;2;1;2.0;6.0;48,98727000;2,41956000;
202300006708.0;1;40;40301;2;1;1.0;7.0;43,65016000; -1,13421600;
202300006709.0;1;92;92050;2;1;1.0;2.0;48,88556036;2,19624585;
202300006710.0;1;13;13206;2;1;1.0;6.0;43,28598398;5,37756868;
202300006711.0;1;33;33039;2;2;1.0;3.0;44,81695230; -0,54850370;
202300006712.0;1;13;13214;2;1;1.0;2.0;43,33859018;5,36853100;
202300006713.0;5;33;33449;2;1;2.0;6.0;44,88490700; -0,69176300;
202300006714.0;5;92;92007;2;1;1.0;6.0;48,81029000;2,30207000;
202300006715.0;1;33;33529;2;1;1.0;3.0;44,64744000; -1,15803000;
202300006716.0;1;91;91471;2;1;1.0;7.0;48,69839000;2,18716000;
202300006717.0;1;69;69286;1;1;2.0;3.0;45,84937000;4,91135000;
202300006718.0;1;13;13063;1;2;1.0;3.0;43,58263000;5,03559000;
202300006719.0;1;92;92026;2;2;1.0;3.0;48,89883888;2,25665385;
202300006720.0;1;87;87085;2;2;1.0;7.0;45,82560000;1,27881000;
202300006721.0;2;44;44026;1;1;1.0;5.0;47,30154500; -1,47654000;
202300006722.0;1;31;31555;2;1;1.0;1.0;43,64407890;1,46394700;
202300006723.0;1;10;10238;1;1;1.0;7.0;48,25684000;4,33857600;
202300006724.0;1;13;13047;2;2;1.0;3.0;43,50986069;4,99739332;
202300006725.0;1;44;44128;1;1;1.0;7.0;47,55680298; -1,94260729;
202300006726.0;1;87;87085;2;1;1.0;7.0;45,82139000;1,24095000;
202300006727.0;1;92;92026;2;1;1.0;3.0;48,90142398;2,25981966;
202300006728.0;1;35;35107;1;1;1.0;6.0;48,25551152; -1,53031021;
202300006729.0;1;29;29232;1;1;1.0;3.0;47,98593400; -4,04400587;
202300006730.0;1;44;44069;2;1;;7.0;47,33321700; -2,46855000;
202300006731.0;1;92;92012;2;1;1.0;7.0;48,83425105;2,24393874;
202300006732.0;1;13;13028;2;3;1.0;3.0;43,18678000;5,60769000;
202300006733.0;1;29;29232;2;6;1.0;6.0;47,97940000; -4,09536000;
202300006734.0;3;62;62235;1;1;1.0;6.0;50,63746854;1,64443162;
202300006735.0;1;87;87085;2;2;1.0;3.0;45,82817000;1,28218000;
202300006736.0;1;92;92002;2;4;1.0;3.0;48,77048880;2,31201857;
202300006737.0;1;13;13005;2;4;1.0;3.0;43,29305000;5,56313000;
202300006738.0;5;13;13213;1;1;1.0;3.0;43,32982403;5,40543437;
202300006739.0;1;28;28134;2;1;1.0;2.0;48,74808000;1,35110000;
202300006740.0;1;2A;2A174;1;1;1.0;6.0;42,17565300;8,86032900;
202300006741.0;1;13;13001;2;9;1.0;3.0;43,52401114;5,45008597;
202300006742.0;2;91;91689;1;1;1.0;6.0;48,74112000;2,32109000;
202300006743.0;3;61;61348;1;3;1.0;3.0;48,47323400;0,54691300;
202300006744.0;1;91;91340;1;1;1.0;3.0;48,60711000;2,43148700;
202300006745.0;1;27;27229;2;3;1.0;1.0;49,02596800;1,15709300;
202300006746.0;1;10;10387;2;3;1.0;6.0;48,30600000;4,05000000;
202300006747.0;1;59;59357;1;1;1.0;2.0;50,28964400;3,86887300;
202300006748.0;1;91;91589;1;1;1.0;4.0;48,67440000;2,34235000;
202300006749.0;1;41;41147;2;1;1.0;1.0;47,50442800;1,29907400;
202300006750.0;5;09;09122;1;1;1.0;6.0;42,98574800;1,61556700;
202300006751.0;1;27;27229;2;1;1.0;3.0;48,99620000;1,14514000;
202300006752.0;1;28;28073;1;9;1.0;6.0;48,48535300;1,65499800;
202300006753.0;5;07;07186;2;1;1.0;6.0;44,73205000;4,58709000;
202300006754.0;3;60;60480;1;1;1.0;2.0;49,48864268;2,16607046;
202300006755.0;5;71;71076;2;1;1.0;6.0;46,80248000;4,84579000;
202300006756.0;1;07;07281;1;1;1.0;7.0;44,94900000;4,82806000;
202300006757.0;3;91;91174;1;1;1.0;2.0;48,62000000;2,46000000;
202300006758.0;1;83;83036;1;1;1.0;1.0;43,16344630;6,50609084;
202300006759.0;1;27;27229;2;3;7.0;3.0;49,01357000;1,16550000;
202300006760.0;1;60;60139;1;1;2.0;2.0;49,16473080;2,23180926;
202300006761.0;1;69;69290;2;9;1.0;3.0;45,71815888;4,95117362;
202300006762.0;1;06;06088;2;1;1.0;6.0;43,74368700;7,30652100;
202300006763.0;1;51;51147;1;1;1.0;7.0;49,04559400;4,50632700;
202300006764.0;3;92;92036;1;1;1.0;3.0;48,93512928;2,28395155;
202300006765.0;1;05;05061;2;3;1.0;3.0;44,54998792;6,06866688;
202300006766.0;1;26;26362;2;1;1.0;1.0;44,92140000;4,90903000;
202300006767.0;1;06;06088;2;1;1.0;6.0;43,70720000;7,25688000;
202300006768.0;1;67;67447;2;1;2.0;3.0;48,60403000;7,72365000;
202300006769.0;1;72;72124;1;1;1.0;6.0;47,81358700;0,27221200;
202300006770.0;3;92;92036;1;1;1.0;2.0;48,93480505;2,28150149;
202300006771.0;1;06;06088;1;1;1.0;1.0;43,71885000;7,18635000;
202300006772.0;1;93;93001;2;3;1.0;3.0;48,91537288;2,36805677;
202300006773.0;1;26;26198;2;1;1.0;2.0;44,53297230;4,73633051;
202300006774.0;1;64;64348;2;3;1.0;3.0;43,34475000; -0,37985000;
202300006775.0;1;72;72200;1;1;1.0;3.0;47,89893000;0,21036000;
202300006776.0;5;06;06088;2;1;1.0;6.0;43,69382000;7,25607000;
202300006777.0;1;93;93051;2;1;1.0;1.0;48,85127305;2,53429592;
202300006778.0;1;24;24138;1;3;1.0;3.0;45,16867000;0,71631000;
202300006779.0;3;92;92048;1;1;1.0;5.0;48,80864650;2,21195337;
202300006780.0;5;06;06088;2;1;1.0;1.0;43,73844000;7,30470000;
202300006781.0;1;93;93066;1;1;1.0;2.0;48,92863623;2,35847443;
202300006782.0;1;64;64445;2;1;1.0;7.0;43,32120000; -0,35851000;
202300006783.0;1;51;51312;2;1;1.0;6.0;49,01382900;4,26981900;
202300006784.0;3;22;22278;2;1;1.0;7.0;48,51813000; -2,72046000;
202300006785.0;5;06;06088;2;1;1.0;2.0;43,66387000;7,19891400;
202300006786.0;1;77;77294;1;1;1.0;2.0;48,96826485;2,60209057;
202300006787.0;1;59;59164;2;9;1.0;6.0;50,14636400;3,57920400;
202300006788.0;3;22;22113;2;1;8.0;6.0;48,74796000; -3,48392000;
202300006789.0;1;64;64102;2;1;1.0;6.0;43,49803000; -1,49048000;
202300006790.0;5;77;77517;1;9;2.0;6.0;48,90676269;2,64007446;
202300006791.0;1;06;06104;2;1;1.0;6.0;43,75366000;7,44037000;
202300006792.0;1;62;62108;2;2;1.0;6.0;50,40466040;1,56316665;
202300006793.0;1;18;18279;2;1;1.0;1.0;47,20836000;2,05175000;
202300006794.0;3;94;94017;1;1;1.0;6.0;48,83020089;2,49576700;
202300006795.0;1;63;63113;2;6;1.0;3.0;45,78829375;3,13949883;
202300006796.0;1;06;06030;2;1;1.0;3.0;43,57827000;7,01718000;
202300006797.0;1;56;56232;1;2;1.0;5.0;47,67739100; -2,12647700;
202300006798.0;2;74;74118;2;1;2.0;2.0;46,18210000;6,23003000;
202300006799.0;1;18;18033;2;1;1.0;6.0;47,11966000;2,41265000;
202300006800.0;5;06;06027;2;9;1.0;6.0;43,65027300;7,15125600;
202300006801.0;1;59;59350;2;1;1.0;2.0;50,62052000;3,03486000;
202300006802.0;3;74;74208;1;1;2.0;6.0;45,91404410;6,71776573;
202300006803.0;3;94;94065;1;1;1.0;5.0;48,75372695;2,35565731;
202300006804.0;1;80;80019;1;1;1.0;6.0;49,95995300;1,90985800;
202300006805.0;5;52;52121;2;1;1.0;1.0;48,10079157;5,14476849;
202300006806.0;5;06;06123;2;1;1.0;5.0;43,65664000;7,17858000;
202300006807.0;1;15;15014;2;6;1.0;2.0;44,92331900;2,44036000;
202300006808.0;1;74;74012;2;6;1.0;2.0;46,19022000;6,23300000;
202300006809.0;2;65;65467;1;1;1.0;6.0;42,98271400; -0,03703600;
202300006810.0;1;987;98735;2;1;1.0;6.0;17,54629000;149,50000000;
202300006811.0;4;33;33193;1;1;1.0;6.0;45,43431300; -1,15088200;
202300006812.0;1;51;51454;2;3;1.0;6.0;49,24307000;4,05831000;
202300006813.0;1;06;06027;2;3;1.0;6.0;43,66129900;7,15067600;
202300006814.0;2;74;74012;2;1;1.0;2.0;46,19745000;6,26719000;
202300006815.0;1;11;11116;1;1;1.0;7.0;43,24449200;3,02251700;
202300006816.0;1;976;97611;1;1;1.0;3.0; -12,81512300;45,19811300;
202300006817.0;1;04;04070;1;4;1.0;6.0;44,06244000;6,17950000;
202300006818.0;1;54;54149;1;3;8.0;2.0;49,44739000;5,91872000;
202300006819.0;1;11;11014;1;1;1.0;3.0;43,19496200;3,06952000;
202300006820.0;3;54;54096;1;1;2.0;7.0;49,44664000;5,90054000;
202300006821.0;1;03;03185;2;1;1.0;6.0;46,33722000;2,59996000;
202300006822.0;1;12;12203;1;1;1.0;6.0;43,97878400;2,96505300;
202300006823.0;1;974;97416;2;3;1.0;3.0; -21,30313000;55,43065000;
202300006824.0;1;13;13203;2;1;1.0;3.0;43,31620000;5,38359000;
202300006825.0;1;971;97106;1;1;1.0;1.0;16,11108100; -61,77257700;
202300006826.0;1;75;75112;2;1;1.0;2.0;48,82835300;2,39759600;
202300006827.0;1;42;42224;2;1;1.0;6.0;45,34304000;4,42491300;
202300006828.0;1;11;11262;2;1;1.0;6.0;43,19032000;3,01784000;
202300006829.0;1;51;51454;2;1;1.0;4.0;49,26160000;4,02929000;
202300006830.0;1;75;75115;2;1;1.0;2.0;48,82797300;2,29083600;
202300006831.0;3;13;13026;1;1;1.0;2.0;43,38346000;5,15308000;
202300006832.0;1;974;97411;2;1;1.0;3.0; -20,89191000;55,46759000;
202300006833.0;1;47;47052;2;2;1.0;3.0;44,31469100;0,08820200;
202300006834.0;1;91;91114;1;9;1.0;7.0;48,68413100;2,48932500;
202300006835.0;1;11;11262;2;2;8.0;3.0;43,18584000;3,01001000;
202300006836.0;3;49;49099;1;1;2.0;2.0;47,05966000; -0,92413000;
202300006837.0;1;75;75106;2;3;1.0;2.0;48,85228500;2,33875300;
202300006838.0;1;973;97302;2;1;1.0;7.0;4,92071000; -52,31717000;
202300006839.0;1;34;34028;1;1;1.0;1.0;43,59819000;3,14977200;
202300006840.0;5;49;49007;2;1;1.0;7.0;47,47745000; -0,59871000;
202300006841.0;1;973;97302;2;1;1.0;7.0;4,90768834; -52,32206780;
202300006842.0;5;10;10081;2;6;1.0;6.0;48,31794000;4,02224000;
202300006843.0;1;75;75120;2;4;1.0;3.0;48,86553500;2,39329500;
202300006844.0;3;59;59009;2;9;1.0;1.0;50,65574000;3,13275000;
202300006845.0;1;31;31017;1;1;1.0;6.0;42,89790800;0,69894200;
202300006846.0;1;09;09122;1;1;1.0;6.0;42,97784900;1,62242000;
202300006847.0;1;973;97302;2;1;2.0;7.0;4,93341231; -52,32696962;
202300006848.0;1;75;75119;2;1;1.0;6.0;48,89670400;2,39225400;
202300006849.0;5;49;49007;2;2;1.0;3.0;47,46796000; -0,54651000;
202300006850.0;1;92;92048;2;1;1.0;2.0;48,80821540;2,24006720;
202300006851.0;1;02;02575;2;1;1.0;6.0;49,84004400;3,48858800;
202300006852.0;1;06;06069;2;1;1.0;6.0;43,65668900;6,92294200;
202300006853.0;5;75;75119;2;1;1.0;6.0;48,88958700;2,37526700;
202300006854.0;1;26;26369;1;1;1.0;1.0;44,37683576;5,43228865;
202300006855.0;1;973;97302;2;2;1.0;3.0;4,93989646; -52,32733369;
202300006856.0;3;35;35238;2;4;2.0;3.0;48,08176000; -1,67616000;
202300006857.0;1;75;75117;2;3;1.0;6.0;48,88901200;2,30421100;
202300006858.0;1;14;14685;1;3;1.0;3.0;49,24442600; -0,46036700;
202300006859.0;5;06;06029;2;2;1.0;1.0;43,55778000;7,02229000;
202300006860.0;1;35;35238;2;1;2.0;2.0;48,11649886; -1,69082433;
202300006861.0;5;69;69387;2;3;2.0;3.0;45,75211000;4,84679000;
202300006862.0;1;94;94052;2;1;1.0;4.0;48,83384000;2,47196700;
202300006863.0;1;06;06030;2;1;2.0;3.0;43,56696480;6,96627070;
202300006864.0;1;75;75117;2;3;1.0;5.0;48,88198500;2,31919100;
202300006865.0;1;05;05132;1;1;1.0;7.0;44,68879300;6,13637900;
202300006866.0;5;33;33522;2;6;1.0;3.0;44,81849000; -0,60219000;
202300006867.0;5;62;62239;2;6;2.0;6.0;50,92955000;1,79793000;
202300006868.0;1;69;69388;2;4;1.0;6.0;45,74100000;4,85860000;
202300006869.0;1;06;06027;2;1;2.0;7.0;43,65078000;7,14139000;
202300006870.0;1;75;75115;2;2;1.0;3.0;48,83860500;2,28942500;
202300006871.0;1;28;28134;2;1;2.0;6.0;48,73944000;1,37083000;
202300006872.0;1;50;50589;1;2;1.0;3.0;48,60052300; -1,43646200;
202300006873.0;1;972;97213;2;1;1.0;2.0;14,61981000; -61,00266000;
202300006874.0;5;75;75114;2;2;1.0;3.0;48,83274100;2,31150900;
202300006875.0;1;06;06004;2;1;1.0;6.0;43,58623000;7,11793000;
202300006876.0;3;18;18035;1;1;1.0;1.0;47,11200600;2,59674300;
202300006877.0;5;42;42218;2;3;1.0;6.0;45,44076000;4,38387000;
202300006878.0;5;69;69389;2;1;8.0;6.0;45,77539000;4,80482000;
202300006879.0;5;75;75113;2;1;1.0;6.0;48,83485500;2,34266200;
202300006880.0;1;22;22113;1;3;1.0;1.0;48,74876000; -3,48678000;
202300006881.0;1;01;01354;2;1;1.0;3.0;46,24004300;6,03204700;
202300006882.0;1;69;69034;2;1;8.0;3.0;45,80928000;4,84438000;
202300006883.0;1;03;03095;2;2;1.0;2.0;46,13638000;3,45052000;
202300006884.0;1;43;43257;1;3;1.0;3.0;45,03760100;3,75795700;
202300006885.0;1;75;75113;2;3;1.0;1.0;48,83181700;2,37913200;
202300006886.0;1;2A;2A004;2;1;1.0;3.0;41,94900000;8,76681000;
202300006887.0;1;91;91228;2;2;1.0;2.0;48,62483000;2,43696000;
202300006888.0;1;15;15012;1;3;1.0;2.0;44,89341000;2,45887000;
202300006889.0;1;01;01053;2;3;1.0;3.0;46,19938000;5,22599000;
202300006890.0;1;75;75112;2;1;1.0;4.0;48,84680600;2,41315100;
202300006891.0;3;84;84022;1;6;1.0;2.0;44,27824000;4,99856200;
202300006892.0;1;27;27377;1;1;1.0;5.0;49,37896400;1,52152100;
202300006893.0;1;2A;2A004;2;1;1.0;5.0;41,95305000;8,78341000;
202300006894.0;1;13;13103;2;6;1.0;3.0;43,63360438;5,07646572;
202300006895.0;1;75;75120;2;3;1.0;3.0;48,85693400;2,39880000;
202300006896.0;1;75;75117;2;1;1.0;3.0;48,89206000;2,30784200;
202300006897.0;3;27;27502;1;1;1.0;6.0;48,83007700;0,68752500;
202300006898.0;1;2A;2A004;2;1;1.0;6.0;41,93082000;8,75706000;
202300006899.0;3;35;35225;1;2;1.0;3.0;48,43371700; -1,93139400;
202300006900.0;1;13;13212;2;2;1.0;3.0;43,31788395;5,44555288;
202300006901.0;5;75;75112;2;3;1.0;3.0;48,84254100;2,40985900;
202300006902.0;5;95;95427;2;3;1.0;3.0;48,95705000;2,33460000;
202300006903.0;1;40;40313;1;2;1.0;1.0;43,83245300; -0,78970700;
202300006904.0;2;06;06018;2;1;1.0;6.0;43,61752200;7,07447600;
202300006905.0;5;75;75105;2;3;1.0;3.0;48,85143200;2,35042200;
202300006906.0;1;13;13203;2;1;1.0;6.0;43,31000000;5,39000000;
202300006907.0;1;23;23168;1;1;1.0;6.0;46,01344600;1,85149700;
202300006908.0;1;75;75112;2;3;1.0;2.0;48,84581000;2,37245100;
202300006909.0;1;95;95018;2;3;2.0;3.0;48,95045523;2,22433180;
202300006910.0;3;988;98830;1;4;1.0;6.0; -20,86668000;165,24988000;
202300006911.0;5;13;13211;2;1;1.0;7.0;43,29000000;5,48118000;
202300006912.0;1;987;98733;1;1;1.0;7.0; -17,61800000; -149,54900000;
202300006913.0;1;75;75106;2;1;1.0;3.0;48,84922200;2,34200700;
202300006914.0;1;74;74010;2;1;1.0;6.0;45,89880000;6,11010000;
202300006915.0;1;75;75111;2;4;1.0;6.0;48,85477600;2,36954100;
202300006916.0;4;91;91552;2;6;2.0;6.0;48,59458000;2,26426000;
202300006917.0;4;13;13214;2;1;1.0;6.0;43,32545000;5,39358000;
202300006918.0;1;75;75119;2;1;1.0;1.0;48,87441300;2,38337500;
202300006919.0;5;74;74010;2;9;2.0;2.0;45,89570000;6,09010000;
202300006920.0;1;91;91667;2;1;2.0;6.0;48,66572000;2,33761000;
202300006921.0;1;75;75110;2;2;1.0;3.0;48,88427100;2,36465100;
202300006922.0;1;13;13001;1;1;1.0;2.0;43,50611000;5,40272000;
202300006923.0;1;75;75119;2;2;1.0;6.0;48,87957800;2,38950500;
202300006924.0;1;47;47238;1;1;1.0;4.0;44,18820409;0,53054579;
202300006925.0;5;91;91685;2;1;1.0;7.0;48,65757000;2,30837000;
202300006926.0;1;75;75109;2;3;1.0;6.0;48,87175700;2,33056600;
202300006927.0;5;74;74010;2;2;2.0;3.0;45,91039000;6,13780000;
202300006928.0;1;06;06088;2;1;1.0;3.0;43,69000000;7,24000000;
202300006929.0;1;75;75118;2;1;1.0;3.0;48,90103600;2,35329500;
202300006930.0;1;77;77534;2;6;1.0;6.0;48,63570900;2,78746200;
202300006931.0;3;11;11262;1;1;2.0;7.0;43,17790000;2,96955000;
202300006932.0;1;75;75118;2;1;1.0;6.0;48,89696400;2,34518300;
202300006933.0;5;91;91589;2;9;1.0;2.0;48,67337300;2,35263100;
202300006934.0;5;75;75109;2;2;1.0;3.0;48,87149200;2,34306600;
202300006935.0;2;66;66217;2;1;1.0;1.0;42,60873700;2,81301000;
202300006936.0;5;75;75118;2;1;1.0;3.0;48,90089900;2,36160800;
202300006937.0;1;91;91432;2;1;1.0;7.0;48,70065000;2,32467000;
202300006938.0;5;75;75118;2;2;1.0;3.0;48,89773300;2,33751300;
202300006939.0;1;73;73257;1;1;3.0;3.0;45,40801930;6,49030223;
202300006940.0;5;75;75108;2;2;1.0;3.0;48,87330700;2,32430400;
202300006941.0;1;83;83071;2;3;1.0;1.0;43,14759366;6,22849300;
202300006942.0;1;75;75114;2;1;1.0;2.0;48,82284700;2,31286500;