Num_Acc;lum;departement;commune;agglomeration;intersection;meteo;type_collision;lat;long;date
202300006943.0;1;32;32207;1;1;1.0;3.0;43,66507800;0,66254900;
202300006944.0;1;75;75117;2;3;1.0;3.0;48,88009000;2,30224600;
202300006945.0;1;06;06099;2;1;1.0;6.0;43,95490400;6,89900100;
202300006946.0;5;75;75108;2;7;1.0;3.0;48,87488603;2,31987870;
202300006947.0;1;87;87085;1;2;1.0;2.0;45,89093000;1,28020000;
202300006948.0;1;75;75117;2;7;1.0;3.0;48,87438000;2,29494900;
202300006949.0;5;40;40279;2;1;1.0;3.0;43,73330000; -1,05000000;
202300006950.0;5;75;75113;2;2;1.0;3.0;48,83196100;2,34106700;
202300006951.0;1;26;26124;1;1;1.0;2.0;44,84089900;4,86368200;
202300006952.0;1;87;87085;2;1;1.0;2.0;45,84665000;1,26099000;
202300006953.0;5;75;75108;2;2;8.0;3.0;48,86666200;2,32201400;
202300006954.0;5;11;11262;2;3;1.0;6.0;43,17088000;2,99005000;
202300006955.0;1;75;75117;2;3;1.0;2.0;48,88326300;2,30719000;
202300006956.0;1;75;75112;2;2;1.0;3.0;48,83351100;2,38210300;
202300006957.0;1;75;75109;2;2;7.0;6.0;48,87419700;2,32839900;
202300006958.0;1;84;84007;2;1;1.0;3.0;43,93640000;4,83222000;
202300006959.0;5;05;05061;2;1;1.0;7.0;44,56420000;6,08940000;
202300006960.0;1;75;75115;2;2;1.0;3.0;48,84040000;2,30425000;
202300006961.0;5;75;75101;2;4;1.0;3.0;48,86370500;2,34820200;
202300006962.0;5;75;75115;2;2;1.0;3.0;48,83356400;2,30921600;
202300006963.0;1;73;73099;1;1;1.0;6.0;45,44044346;6,09604731;
202300006964.0;5;92;92060;2;2;2.0;3.0;48,78236494;2,25911826;
202300006965.0;1;84;84007;1;4;1.0;3.0;43,89102000;4,91632000;
202300006966.0;1;75;75116;2;1;1.0;6.0;48,85672400;2,27920800;
202300006967.0;1;84;84019;2;1;1.0;6.0;44,28810400;4,75572800;
202300006968.0;1;75;75115;2;2;1.0;2.0;48,84512300;2,31112100;
202300006969.0;1;38;38349;1;2;1.0;3.0;45,32823900;4,78160600;
202300006970.0;1;75;75103;2;2;1.0;3.0;48,86125300;2,35820600;
202300006971.0;5;83;83144;2;9;1.0;3.0;43,13660694;6,00025946;
202300006972.0;1;75;75114;2;2;1.0;6.0;48,82178200;2,32502300;
202300006973.0;1;19;19130;1;1;2.0;1.0;45,45651673;2,11570583;
202300006974.0;5;75;75115;2;3;1.0;6.0;48,85169700;2,28535700;
202300006975.0;1;75;75103;2;2;1.0;6.0;48,86122200;2,35349300;
202300006976.0;5;83;83069;2;2;1.0;3.0;43,11553492;6,13951010;
202300006977.0;1;75;75110;2;4;2.0;3.0;48,87489600;2,35900300;
202300006978.0;1;75;75114;2;1;1.0;3.0;48,82653100;2,31095600;
202300006979.0;1;26;26235;1;1;1.0;4.0;44,36798100;4,65434100;
202300006980.0;5;30;30269;2;1;1.0;1.0;44,10662800;3,88608100;
202300006981.0;1;94;94081;1;1;1.0;2.0;48,77433000;2,40512000;
202300006982.0;1;976;97611;2;1;1.0;6.0; -12,78901000;45,21926900;
202300006983.0;5;75;75104;2;-1;1.0;7.0;48,85359506;2,34711528;
202300006984.0;1;75;75114;2;7;1.0;2.0;48,83405000;2,33214600;
202300006985.0;1;01;01187;2;3;2.0;1.0;45,97327700;5,70145900;
202300006986.0;1;77;77186;2;2;8.0;3.0;48,41296000;2,70692000;
202300006987.0;1;94;94080;2;2;1.0;3.0;48,84841200;2,43453800;
202300006988.0;1;976;97611;2;7;1.0;3.0; -12,76513000;45,22595000;
202300006989.0;1;17;17089;1;1;1.0;1.0;45,76661000; -0,51467300;
202300006990.0;1;94;94041;2;5;1.0;3.0;48,81073000;2,38007000;
202300006991.0;5;76;76366;2;2;1.0;6.0;49,50857000;1,03934000;
202300006992.0;5;75;75113;2;2;1.0;2.0;48,82616900;2,35995700;
202300006993.0;1;94;94078;2;1;1.0;6.0;48,73024000;2,44780000;
202300006994.0;1;75;75112;2;1;1.0;6.0;48,84569600;2,38654900;
202300006995.0;5;89;89387;2;6;1.0;3.0;48,20546000;3,27762000;
202300006996.0;1;17;17121;1;9;1.0;4.0;46,19833200; -1,42625700;
202300006997.0;1;94;94076;2;1;7.0;6.0;48,78727200;2,35422800;
202300006998.0;5;94;94043;2;6;2.0;3.0;48,80969000;2,36264000;
202300006999.0;1;74;74012;2;1;1.0;6.0;46,18578000;6,24607000;
202300007000.0;1;75;75111;2;1;1.0;6.0;48,85527500;2,38811400;
202300007001.0;5;62;62041;2;1;1.0;6.0;50,28950000;2,74243000;
202300007002.0;1;94;94041;2;9;2.0;3.0;48,80531133;2,37644564;
202300007003.0;1;71;71270;2;1;8.0;6.0;46,28724000;4,80986000;
202300007004.0;1;60;60589;2;2;7.0;2.0;49,21369400;2,44732300;
202300007005.0;1;75;75110;2;3;1.0;6.0;48,88127600;2,35811700;
202300007006.0;1;94;94076;2;2;1.0;3.0;48,80221000;2,35495000;
202300007007.0;1;94;94041;2;1;1.0;2.0;48,81297000;2,37032000;
202300007008.0;4;59;59179;2;1;1.0;6.0;50,30914000;3,38319000;
202300007009.0;1;60;60088;2;1;1.0;1.0;49,19533000;2,20780100;
202300007010.0;1;75;75108;2;1;1.0;6.0;48,86999500;2,31551000;
202300007011.0;2;71;71270;2;3;1.0;6.0;46,30769000;4,83704000;
202300007012.0;1;94;94073;2;1;1.0;3.0;48,75756000;2,38976000;
202300007013.0;1;60;60461;1;1;1.0;7.0;49,44657500;2,17196700;
202300007014.0;1;94;94041;2;1;1.0;3.0;48,81857000;2,37369000;
202300007015.0;1;75;75115;2;2;1.0;3.0;48,84046100;2,29571900;
202300007016.0;1;13;13106;1;1;1.0;3.0;43,38871837;5,35090093;
202300007017.0;3;972;97210;2;1;1.0;5.0;14,61265400; -60,91657200;
202300007018.0;4;94;94022;2;1;1.0;3.0;48,76122000;2,41045000;
202300007019.0;1;71;71153;2;2;2.0;4.0;46,80672000;4,41712000;
202300007020.0;1;75;75107;2;1;1.0;6.0;48,85121600;2,31924900;
202300007021.0;5;972;97221;2;1;1.0;7.0;14,50511400; -60,98338000;
202300007022.0;1;13;13071;1;1;1.0;3.0;43,40656000;5,33330000;
202300007023.0;1;94;94021;1;1;1.0;4.0;48,75892000;2,36848000;
202300007024.0;1;94;94017;2;1;8.0;3.0;48,82114506;2,48801789;
202300007025.0;1;71;71153;2;3;9.0;7.0;46,79688000;4,43107000;
202300007026.0;1;75;75104;2;2;1.0;2.0;48,85105100;2,36229200;
202300007027.0;5;972;97216;1;9;1.0;3.0;14,82762800; -61,03357000;
202300007028.0;1;94;94028;2;9;1.0;2.0;48,77966000;2,44360600;
202300007029.0;5;94;94080;2;1;1.0;3.0;48,84456034;2,43964760;
202300007030.0;1;13;13015;1;1;1.0;4.0;43,43001000;5,39673000;
202300007031.0;1;972;97213;1;9;1.0;7.0;14,61810000; -61,03027000;
202300007032.0;1;94;94017;2;2;2.0;3.0;48,81752000;2,55521000;
202300007033.0;1;67;67365;2;3;1.0;3.0;48,53776700;7,69518400;
202300007034.0;2;94;94079;2;6;2.0;3.0;48,83168764;2,53342983;
202300007035.0;1;94;94046;2;1;1.0;3.0;48,80256800;2,44709400;
202300007036.0;5;13;13213;1;1;1.0;2.0;43,32994000;5,40539000;
202300007037.0;4;972;97213;1;1;1.0;6.0;14,60057500; -60,99737700;
202300007038.0;1;67;67482;2;1;1.0;3.0;48,55681000;7,74766000;
202300007039.0;1;93;93066;2;5;2.0;3.0;48,92553638;2,35066384;
202300007040.0;5;972;97213;1;1;1.0;6.0;14,62051100; -60,99270600;
202300007041.0;1;94;94034;2;2;1.0;3.0;48,75756995;2,31638711;
202300007042.0;1;93;93078;2;2;9.0;3.0;48,95812000;2,55828000;
202300007043.0;5;64;64129;1;9;1.0;6.0;43,30456000; -0,40121000;
202300007044.0;1;94;94034;2;9;1.0;7.0;48,75772000;2,32945000;
202300007045.0;3;74;74179;1;1;2.0;1.0;45,99792300;6,01024000;
202300007046.0;1;13;13026;1;1;1.0;2.0;43,37458000;5,17922000;
202300007047.0;1;93;93031;2;1;2.0;4.0;48,95668563;2,33153164;
202300007048.0;1;93;93005;2;3;1.0;3.0;48,96012033;2,50218234;
202300007049.0;5;64;64102;2;1;1.0;6.0;43,48675000; -1,49057000;
202300007050.0;1;94;94011;2;3;1.0;3.0;48,76559422;2,47689195;
202300007051.0;1;74;74003;1;1;2.0;5.0;45,89172600;6,25534100;
202300007052.0;1;33;33192;1;1;1.0;3.0;44,78720000; -0,59805000;
202300007053.0;2;94;94022;2;1;1.0;6.0;48,75135000;2,40737000;
202300007054.0;5;93;93007;2;3;1.0;1.0;48,94313000;2,44165000;
202300007055.0;5;93;93005;2;1;2.0;5.0;48,96258000;2,49863000;
202300007056.0;4;59;59350;1;1;1.0;6.0;50,63437307;3,08554162;
202300007057.0;1;74;74010;2;1;3.0;6.0;45,92136600;6,17783300;
202300007058.0;5;64;64102;2;3;2.0;2.0;43,50883000; -1,46785000;
202300007059.0;1;75;75112;2;2;1.0;3.0;48,84449400;2,43950000;
202300007060.0;1;91;91573;1;1;1.0;3.0;48,63133000;2,51987400;
202300007061.0;1;93;93066;2;1;1.0;2.0;48,93904364;2,34785682;
202300007062.0;3;74;74150;1;1;2.0;1.0;46,27748000;6,31160600;
202300007063.0;1;64;64102;2;1;1.0;3.0;43,50346000; -1,46632000;
202300007064.0;1;93;93001;2;2;2.0;3.0;48,90679000;2,38766000;
202300007065.0;1;75;75112;2;5;1.0;3.0;48,81722300;2,45906900;
202300007066.0;3;74;74282;1;1;3.0;1.0;45,95869100;6,13272100;
202300007067.0;1;93;93064;2;2;1.0;3.0;48,86688000;2,49764000;
202300007068.0;1;91;91553;1;1;1.0;5.0;48,62811000;2,47993000;
202300007069.0;1;63;63300;1;1;1.0;3.0;45,87717877;3,12490163;
202300007070.0;1;94;94002;2;1;1.0;3.0;48,80005000;2,42260000;
202300007071.0;1;93;93055;2;3;7.0;1.0;48,89975000;2,39611000;
202300007072.0;1;74;74256;1;1;3.0;5.0;45,93444200;6,64921600;
202300007073.0;1;92;92062;2;1;2.0;5.0;48,88486000;2,25046000;
202300007074.0;2;93;93048;2;1;1.0;6.0;48,86860940;2,44755811;
202300007075.0;5;63;63113;2;6;2.0;3.0;45,78893000;3,08042000;
202300007076.0;3;74;74177;2;1;3.0;1.0;46,04864800;6,18118300;
202300007077.0;1;95;95527;1;2;1.0;3.0;49,01239350;2,52888322;
202300007078.0;1;92;92036;2;3;1.0;3.0;48,93378000;2,31347000;
202300007079.0;1;93;93046;2;8;1.0;3.0;48,92083786;2,51538903;
202300007080.0;5;63;63075;2;1;2.0;6.0;45,76782852;3,06260794;
202300007081.0;1;93;93070;2;9;7.0;3.0;48,90379057;2,33360589;
202300007082.0;3;74;74112;1;1;1.0;3.0;45,93458000;6,07775700;
202300007083.0;1;92;92036;1;3;1.0;4.0;48,91760319;2,30815619;
202300007084.0;1;93;93046;2;1;1.0;6.0;48,92952000;2,55304000;
202300007085.0;4;62;62386;2;1;1.0;6.0;50,44776000;2,74898000;
202300007086.0;1;93;93049;2;2;1.0;3.0;48,86685179;2,50456212;
202300007087.0;1;14;14076;2;1;1.0;7.0;49,23401100; -0,29878700;
202300007088.0;1;93;93006;2;3;1.0;6.0;48,86362178;2,41984407;
202300007089.0;1;92;92036;2;1;1.0;2.0;48,92365000;2,28762000;
202300007090.0;1;93;93048;2;3;1.0;1.0;48,87079704;2,46842355;
202300007091.0;1;14;14488;1;1;3.0;2.0;49,26052300; -0,26430500;
202300007092.0;5;62;62276;2;2;1.0;6.0;50,50884322;2,80788356;
202300007093.0;5;92;92062;2;1;1.0;6.0;48,88476571;2,23929450;
202300007094.0;1;93;93031;2;1;1.0;6.0;48,96367238;2,29793139;
202300007095.0;1;93;93029;2;3;1.0;3.0;48,92917348;2,43414444;
202300007096.0;5;62;62041;2;1;1.0;3.0;50,28794000;2,77848000;
202300007097.0;1;14;14228;2;6;7.0;3.0;49,29469400; -0,37773500;
202300007098.0;1;92;92025;2;9;1.0;6.0;48,91339000;2,23052000;
202300007099.0;1;93;93031;2;1;1.0;3.0;48,94918111;2,32990891;
202300007100.0;1;93;93047;2;2;1.0;3.0;48,89241000;2,54886000;
202300007101.0;2;60;60159;2;1;1.0;6.0;49,40497000;2,79883000;
202300007102.0;1;92;92024;2;1;2.0;6.0;48,90966382;2,30673462;
202300007103.0;1;93;93047;2;2;1.0;6.0;48,90010000;2,56897000;
202300007104.0;1;69;69092;2;4;1.0;3.0;46,00237800;4,71906800;
202300007105.0;1;93;93008;2;1;1.0;7.0;48,90426000;2,45486000;
202300007106.0;1;93;93010;2;2;1.0;3.0;48,90576398;2,48027970;
202300007107.0;1;41;41061;1;3;1.0;3.0;47,46891300;1,40436200;
202300007108.0;1;60;60057;2;1;1.0;6.0;49,42926054;2,08044040;
202300007109.0;1;92;92012;2;1;8.0;7.0;48,83226000;2,25954000;
202300007110.0;2;93;93008;2;1;1.0;6.0;48,90475563;2,45293086;
202300007111.0;1;93;93001;2;1;1.0;3.0;48,91332179;2,38698842;
202300007112.0;5;44;44179;1;1;2.0;6.0;47,37518800; -1,45036200;
202300007113.0;3;59;59350;2;1;1.0;6.0;50,63734000;3,08576000;
202300007114.0;5;92;92009;1;1;1.0;6.0;48,90758358;2,26584703;
202300007115.0;1;93;93005;2;2;1.0;3.0;48,93374000;2,49056000;
202300007116.0;3;42;42183;1;1;1.0;2.0;45,39732000;4,35577000;
202300007117.0;1;92;92046;2;2;1.0;7.0;48,81179547;2,28074402;
202300007118.0;1;59;59183;2;2;3.0;6.0;51,04262000;2,40438000;
202300007119.0;2;34;34314;1;3;1.0;3.0;43,74646200;3,86003800;
202300007120.0;5;92;92078;2;3;1.0;6.0;48,93739328;2,32436299;
202300007121.0;5;74;74012;2;2;2.0;6.0;46,19299000;6,23739000;
202300007122.0;2;974;97415;2;1;1.0;6.0; -21,00401400;55,27515700;
202300007123.0;1;92;92075;2;1;1.0;6.0;48,81639754;2,28312850;
202300007124.0;1;59;59183;2;3;1.0;3.0;51,01459812;2,33037304;
202300007125.0;1;92;92022;2;3;1.0;3.0;48,80741999;2,18816891;
202300007126.0;1;74;74012;2;1;2.0;6.0;46,19065000;6,23525000;
202300007127.0;1;92;92063;2;1;1.0;6.0;48,87064000;2,15935000;
202300007128.0;3;51;51277;1;1;3.0;7.0;48,61849900;4,78286000;
202300007129.0;1;92;92063;2;1;1.0;6.0;48,88155666;2,18312949;
202300007130.0;1;42;42095;2;1;1.0;6.0;45,38816000;4,29900000;
202300007131.0;1;92;92050;2;1;1.0;6.0;48,90065970;2,21694982;
202300007132.0;1;56;56121;2;1;8.0;7.0;47,74875300; -3,37388030;
202300007133.0;1;92;92050;2;1;1.0;6.0;48,88663000;2,20115000;
202300007134.0;1;01;01248;2;3;1.0;7.0;45,89679100;4,93090500;
202300007135.0;1;11;11262;2;3;1.0;6.0;43,18439000;2,99883000;
202300007136.0;3;55;55029;2;1;3.0;6.0;48,77480000;5,16838000;
202300007137.0;5;92;92050;2;2;1.0;6.0;48,88560140;2,21976149;
202300007138.0;1;92;92026;2;1;1.0;2.0;48,89326000;2,25231000;
202300007139.0;5;06;06083;2;1;8.0;6.0;43,77171000;7,47849000;
202300007140.0;1;54;54395;2;1;1.0;6.0;48,68504000;6,18712000;
202300007141.0;1;92;92050;2;1;1.0;3.0;48,90570000;2,21028000;
202300007142.0;3;66;66164;1;1;1.0;4.0;42,78013632;2,89451122;
202300007143.0;1;92;92025;2;2;1.0;3.0;48,91040600;2,23464900;
202300007144.0;5;69;69034;1;1;1.0;2.0;45,79396787;4,82560649;
202300007145.0;2;92;92049;2;2;1.0;7.0;48,81973018;2,32552439;
202300007146.0;5;54;54395;2;3;1.0;6.0;48,68764808;6,18785888;
202300007147.0;1;38;38337;1;1;1.0;3.0;45,34600400;5,49741000;
202300007148.0;2;91;91086;1;1;2.0;7.0;48,62441000;2,37737000;
202300007149.0;1;92;92024;2;3;1.0;3.0;48,90274000;2,31883000;
202300007150.0;1;54;54304;2;1;8.0;6.0;48,68143000;6,15674000;
202300007151.0;1;92;92036;2;3;1.0;3.0;48,92180000;2,30583000;
202300007152.0;1;66;66028;2;6;8.0;3.0;42,68570400;2,93999500;
202300007153.0;5;971;97101;2;1;1.0;7.0;16,27119048; -61,51154995;
202300007154.0;5;92;92035;2;1;1.0;6.0;48,90759868;2,23818719;
202300007155.0;1;92;92023;2;1;1.0;6.0;48,79075000;2,26278000;
202300007156.0;2;80;80024;2;1;2.0;3.0;49,93653681;2,26142943;
202300007157.0;3;54;54159;1;1;2.0;6.0;48,60811000;6,34720000;
202300007158.0;1;40;40088;2;1;1.0;1.0;43,69880000; -1,06320000;
202300007159.0;5;89;89074;2;1;8.0;6.0;48,32032700;3,12892100;
202300007160.0;1;92;92002;2;1;1.0;6.0;48,74691334;2,30713025;
202300007161.0;1;92;92026;2;2;1.0;1.0;48,89949704;2,26171035;
202300007162.0;3;54;54099;1;1;3.0;2.0;49,27070000;5,95500000;
202300007163.0;3;2B;2B121;1;1;1.0;6.0;42,41127300;8,68319800;
202300007164.0;1;11;11262;2;1;1.0;3.0;43,19206800;3,01409300;
202300007165.0;1;92;92024;2;3;1.0;3.0;48,90663000;2,29889000;
202300007166.0;1;63;63287;1;1;1.0;1.0;45,52272604;3,30135942;
202300007167.0;1;68;68300;1;1;1.0;7.0;47,78040500;7,40246800;
202300007168.0;1;50;50129;2;1;1.0;6.0;49,65633000; -1,68798000;
202300007169.0;1;33;33373;2;2;1.0;6.0;45,02788300;0,03889200;
202300007170.0;1;92;92023;2;2;1.0;3.0;48,78638553;2,25398988;
202300007171.0;1;12;12105;1;1;1.0;3.0;44,24359300;2,08053600;
202300007172.0;1;17;17299;1;1;1.0;2.0;45,96291900; -0,96205100;
202300007173.0;1;85;85014;1;1;1.0;7.0;46,66251500; -0,93774300;
202300007174.0;5;49;49099;2;3;1.0;2.0;47,04840000; -0,87439000;
202300007175.0;3;59;59316;1;1;1.0;7.0;50,57544000;3,00370000;
202300007176.0;1;12;12056;1;1;1.0;1.0;44,28677600;2,49205100;
202300007177.0;5;92;92012;2;2;1.0;3.0;48,83208000;2,25306000;
202300007178.0;5;974;97412;2;1;1.0;3.0; -21,38058100;55,60972500;
202300007179.0;5;49;49007;2;1;1.0;6.0;47,44645000; -0,54383000;
202300007180.0;1;14;14055;1;3;1.0;3.0;49,25987900;0,10129100;
202300007181.0;1;92;92007;2;2;1.0;6.0;48,79502562;2,30646041;
202300007182.0;1;41;41232;2;2;1.0;6.0;47,42666800;2,05219600;
202300007183.0;1;01;01427;2;2;1.0;6.0;45,94130900;4,77208900;
202300007184.0;1;86;86161;1;1;1.0;6.0;46,87919100;0,03312800;
202300007185.0;1;68;68300;2;1;1.0;1.0;47,78428000;7,36746500;
202300007186.0;3;92;92004;2;2;1.0;1.0;48,91395000;2,30956000;
202300007187.0;1;92;92047;1;8;1.0;6.0;48,83704616;2,18468584;
202300007188.0;1;60;60186;1;1;1.0;7.0;49,44134300;2,47265300;
202300007189.0;2;68;68004;2;4;1.0;3.0;47,63074100;7,23667200;
202300007190.0;1;01;01354;2;3;1.0;3.0;46,24013300;6,01549700;
202300007191.0;1;974;97415;2;1;7.0;6.0; -20,97925700;55,31801300;
202300007192.0;1;06;06025;1;1;1.0;1.0;43,80398000;7,17267800;
202300007193.0;1;988;98823;1;3;1.0;6.0; -21,14986500;165,47972200;
202300007194.0;1;974;97415;1;1;1.0;7.0; -21,00916200;55,27719600;
202300007195.0;1;25;25424;1;1;8.0;3.0;47,08426700;6,35160000;
202300007196.0;1;83;83070;2;9;1.0;6.0;43,13799800;6,37265000;
202300007197.0;1;56;56151;1;2;1.0;3.0;48,05132100; -2,92295300;
202300007198.0;1;51;51224;1;5;2.0;3.0;48,69633600;4,69374800;
202300007199.0;1;72;72287;1;1;1.0;6.0;47,86080100;0,18893500;
202300007200.0;1;44;44195;2;3;1.0;6.0;47,35994000; -1,94312000;
202300007201.0;1;01;01443;2;3;1.0;2.0;46,00084100;5,02541400;
202300007202.0;1;85;85109;2;2;1.0;1.0;46,86529300; -0,98702600;
202300007203.0;1;88;88292;2;1;2.0;6.0;48,27936600;6,13312300;
202300007204.0;1;04;04033;1;1;1.0;7.0;44,44357200;6,39005500;
202300007205.0;3;88;88306;1;1;2.0;6.0;48,40262200;7,01912100;
202300007206.0;1;01;01105;1;1;1.0;1.0;45,90425500;4,87533300;
202300007207.0;1;91;91577;2;1;1.0;7.0;48,59907200;2,49699700;
202300007208.0;3;88;88470;1;1;2.0;1.0;48,09481000;6,72217400;
202300007209.0;1;01;01244;2;3;7.0;2.0;45,90484800;5,20056400;
202300007210.0;1;51;51488;1;1;1.0;6.0;49,09470400;3,97706400;
202300007211.0;1;24;24026;1;1;2.0;7.0;45,16341200;0,83926900;
202300007212.0;3;62;62803;1;2;1.0;3.0;50,72833420;1,90745008;
202300007213.0;3;88;88054;1;1;1.0;1.0;48,27398797;7,05404739;
202300007214.0;1;88;88508;2;1;2.0;6.0;48,17561400;6,20810400;
202300007215.0;1;32;32051;1;1;1.0;1.0;43,53962800;0,88430300;
202300007216.0;1;24;24309;2;2;1.0;3.0;45,10065000;0,44446900;
202300007217.0;1;71;71035;1;1;1.0;7.0;46,48369700;4,77568900;
202300007218.0;1;62;62757;2;1;3.0;3.0;50,75605059;2,23419034;
202300007219.0;1;24;24509;2;1;1.0;7.0;45,15741600;0,38212900;
202300007220.0;3;61;61153;1;1;1.0;6.0;48,71227100; -0,17325200;
202300007221.0;1;83;83072;1;1;1.0;6.0;43,51252426;6,36232263;
202300007222.0;1;83;83126;2;3;1.0;3.0;43,10375763;5,87176180;
202300007223.0;1;42;42313;1;1;1.0;2.0;45,73281600;4,01017100;
202300007224.0;1;59;59279;2;1;1.0;3.0;50,78143784;3,12686800;
202300007225.0;1;38;38199;1;1;1.0;3.0;45,49672200;4,89215600;
202300007226.0;1;46;46034;1;3;1.0;3.0;44,70001200;1,91592900;
202300007227.0;1;11;11262;2;1;1.0;5.0;43,18088000;3,00964000;
202300007228.0;1;47;47283;2;2;1.0;3.0;44,47892800;0,94874600;
202300007229.0;3;66;66136;1;1;1.0;2.0;42,72767982;2,87861109;
202300007230.0;1;43;43262;1;1;1.0;7.0;45,26135500;3,40035400;
202300007231.0;1;44;44154;2;1;1.0;3.0;47,24459300; -2,15803600;
202300007232.0;1;71;71047;1;1;1.0;3.0;46,63128000;3,71886900;
202300007233.0;1;67;67550;1;1;4.0;7.0;48,92710200;7,74613400;
202300007234.0;1;47;47043;1;1;1.0;7.0;44,23118908;0,27622318;
202300007235.0;1;40;40296;2;3;7.0;6.0;43,68787500; -1,42896000;
202300007236.0;1;40;40296;1;1;1.0;6.0;43,70741600; -1,42088800;
202300007237.0;1;09;09207;2;9;1.0;3.0;42,92700800;1,63553500;
202300007238.0;3;76;76049;1;1;1.0;6.0;49,91077700;1,42429600;
202300007239.0;1;26;26362;2;2;1.0;3.0;44,92732000;4,91495000;
202300007240.0;1;13;13108;1;1;1.0;3.0;43,75896000;4,66677000;
202300007241.0;2;84;84137;1;1;1.0;2.0;44,25103600;5,06109800;
202300007242.0;5;69;69387;2;1;1.0;6.0;45,74988000;4,83535000;
202300007243.0;1;21;21171;2;3;1.0;3.0;47,30282500;5,12468200;
202300007244.0;1;21;21261;1;1;7.0;6.0;47,27062800;5,13769600;
202300007245.0;3;83;83023;1;1;1.0;1.0;43,42170600;6,07430800;
202300007246.0;1;68;68026;1;2;1.0;6.0;48,14120900;7,33943600;
202300007247.0;1;68;68076;1;1;1.0;7.0;48,10751000;7,50816300;
202300007248.0;2;974;97422;2;6;1.0;2.0; -21,26981600;55,51784800;
202300007249.0;1;974;97422;2;1;1.0;6.0; -21,27715300;55,50325200;
202300007250.0;5;972;97225;2;1;1.0;2.0;14,74235700; -61,17627400;
202300007251.0;3;83;83086;1;1;1.0;6.0;43,47376808;6,53657476;
202300007252.0;1;11;11360;1;9;1.0;6.0;43,26374100;2,90292300;
202300007253.0;3;63;63206;1;1;1.0;6.0;45,96950400;2,97857700;
202300007254.0;1;28;28048;1;1;1.0;3.0;48,32269500;1,43081400;
202300007255.0;1;12;12057;1;1;1.0;6.0;44,17464800;2,53458000;
202300007256.0;1;86;86191;1;2;1.0;3.0;46,48689400;0,78723400;
202300007257.0;3;21;21247;1;1;1.0;6.0;47,48187200;4,17740100;
202300007258.0;1;21;21676;1;1;1.0;2.0;47,45330500;4,26685800;
202300007259.0;1;67;67302;2;3;1.0;2.0;48,74603100;7,37836000;
202300007260.0;1;54;54314;1;3;8.0;6.0;49,49551100;5,71307800;
202300007261.0;5;01;01419;1;1;1.0;6.0;46,23423100;6,00690100;
202300007262.0;1;29;29189;2;1;1.0;3.0;48,38606900; -4,39595300;
202300007263.0;1;91;91363;1;1;1.0;3.0;48,66355900;2,19941100;
202300007264.0;3;84;84037;1;1;1.0;1.0;44,05993200;4,80180100;
202300007265.0;1;62;62261;2;6;1.0;3.0;50,48813048;1,62338207;
202300007266.0;1;65;65153;1;1;1.0;7.0;43,23762900;0,20153000;
202300007267.0;3;50;50535;1;1;1.0;6.0;48,75543900; -1,27872700;
202300007268.0;3;44;44209;1;1;1.0;5.0;47,33813200; -1,65422600;
202300007269.0;1;48;48099;1;1;1.0;2.0;44,56949000;3,25119100;
202300007270.0;3;30;30315;1;1;1.0;6.0;43,95053000;4,70897200;
202300007271.0;1;50;50295;1;2;7.0;3.0;48,95674200; -1,20062100;
202300007272.0;2;47;47121;1;1;1.0;1.0;44,35586571;0,10721139;
202300007273.0;1;34;34270;2;9;1.0;1.0;43,57717300;3,83439500;
202300007274.0;1;35;35197;1;1;1.0;7.0;48,21771630; -1,62313610;
202300007275.0;1;57;57067;2;1;1.0;7.0;49,31146300;6,18550100;
202300007276.0;1;57;57302;1;1;1.0;1.0;48,63449683;6,95898056;
202300007277.0;1;57;57253;1;1;1.0;6.0;48,68138400;6,89542300;
202300007278.0;1;57;57695;1;1;1.0;7.0;49,13066400;6,46377800;
202300007279.0;3;51;51412;1;1;1.0;7.0;48,70064800;3,91500600;
202300007280.0;1;51;51069;1;1;1.0;7.0;49,18596700;3,85549300;
202300007281.0;1;59;59464;1;3;1.0;2.0;50,17272400;3,61566100;
202300007282.0;1;95;95527;1;1;1.0;2.0;49,02242000;2,49758700;
202300007283.0;1;56;56102;1;2;1.0;3.0;47,96515100; -2,61787900;
202300007284.0;1;56;56249;1;1;1.0;4.0;47,99584900; -2,46079800;
202300007285.0;1;56;56078;1;1;1.0;6.0;47,75561300; -3,50074100;
202300007286.0;1;56;56243;2;1;1.0;6.0;47,65168600; -2,72400900;
202300007287.0;1;56;56155;2;3;1.0;5.0;47,47154240; -2,46734620;
202300007288.0;1;56;56221;1;3;1.0;1.0;47,65063100; -2,21854100;
202300007289.0;4;59;59663;2;1;1.0;6.0;50,87681400;2,47329700;
202300007290.0;1;78;78346;1;2;1.0;3.0;48,92844500;1,60961800;
202300007291.0;1;67;67277;1;1;1.0;1.0;48,18797800;7,56262800;
202300007292.0;1;76;76260;2;3;1.0;3.0;49,47866500;1,74017400;