Num_Acc;lum;departement;commune;agglomeration;intersection;meteo;type_collision;lat;long;date
202300007293.0;3;76;76146;1;1;1.0;6.0;49,58806900;1,38768900;
202300007294.0;3;76;76123;2;3;1.0;3.0;49,54306300;1,11027600;
202300007295.0;1;62;62178;2;3;1.0;2.0;50,47936186;2,54099572;
202300007296.0;1;79;79007;1;1;1.0;7.0;46,56417200; -0,41430500;
202300007297.0;1;59;59476;1;1;1.0;1.0;50,14377000;3,20966000;
202300007298.0;1;2A;2A271;1;9;1.0;1.0;41,97959200;8,83397400;
202300007299.0;1;58;58194;2;2;2.0;3.0;46,99494000;3,12701100;
202300007300.0;1;2B;2B283;1;1;1.0;5.0;41,86922900;9,39733900;
202300007301.0;1;80;80240;2;4;7.0;1.0;49,93313300;2,95229400;
202300007302.0;5;55;55029;2;3;1.0;3.0;48,77048626;5,16799986;
202300007303.0;1;54;54304;2;1;1.0;6.0;48,69914400;6,13555100;
202300007304.0;3;80;80167;1;1;1.0;1.0;50,19542700;1,87957700;
202300007305.0;1;54;54382;2;1;3.0;6.0;49,53551000;5,76699000;
202300007306.0;3;80;80008;2;1;1.0;6.0;50,03331400;1,61836400;
202300007307.0;1;54;54036;1;1;1.0;7.0;49,29278200;5,98017900;
202300007308.0;1;82;82186;2;1;1.0;1.0;44,11453500;0,89541800;
202300007309.0;1;51;51454;2;1;2.0;7.0;49,22480000;4,02606000;
202300007310.0;1;82;82112;1;9;1.0;6.0;44,15421800;1,09785500;
202300007311.0;1;50;50502;1;1;1.0;6.0;49,09732000; -1,05828000;
202300007312.0;1;82;82002;1;1;1.0;1.0;44,06568700;1,45164900;
202300007313.0;1;50;50129;2;3;1.0;3.0;49,64721000; -1,59376000;
202300007314.0;3;82;82087;1;1;1.0;7.0;44,15397200;1,22373600;
202300007315.0;1;82;82087;2;1;1.0;3.0;44,13470600;1,19575600;
202300007316.0;1;49;49099;2;2;1.0;3.0;47,04740000; -0,84767000;
202300007317.0;1;65;65195;1;1;1.0;7.0;42,80840000;0,40122300;
202300007318.0;1;49;49007;2;1;1.0;7.0;47,45508000; -0,56879000;
202300007319.0;1;65;65039;1;1;1.0;3.0;42,92559300;0,34785000;
202300007320.0;4;45;45298;2;1;2.0;2.0;47,88866000;1,86156000;
202300007321.0;1;65;65452;1;1;1.0;6.0;43,30127670;0,36253582;
202300007322.0;1;45;45302;2;1;3.0;6.0;47,94224000;1,88433000;
202300007323.0;1;33;33316;1;2;1.0;3.0;44,75584200;0,12347300;
202300007324.0;1;45;45298;1;1;3.0;1.0;47,87569797;1,84913939;
202300007325.0;1;33;33400;1;1;1.0;6.0;44,67220100;0,06311200;
202300007326.0;1;45;45234;2;1;3.0;2.0;47,92053000;1,89820000;
202300007327.0;3;32;32079;1;1;1.0;7.0;43,92159100;0,13194300;
202300007328.0;1;44;44109;2;1;3.0;3.0;47,20863000; -1,56795000;
202300007329.0;1;32;32127;2;1;1.0;6.0;43,86660400; -0,10831100;
202300007330.0;1;71;71314;1;1;1.0;6.0;46,80481500;5,30684700;
202300007331.0;1;38;38169;2;9;1.0;3.0;45,19724500;5,67173900;
202300007332.0;3;89;89428;2;1;8.0;6.0;48,22533900;3,03138500;
202300007333.0;1;37;37261;2;3;2.0;6.0;47,35901000;0,70480000;
202300007334.0;3;89;89436;1;1;1.0;7.0;48,01633800;3,71901800;
202300007335.0;1;37;37261;2;1;1.0;6.0;47,39275000;0,67867000;
202300007336.0;1;89;89158;1;1;1.0;6.0;47,51853400;3,29997500;
202300007337.0;1;35;35238;2;2;1.0;3.0;48,10544000; -1,68464000;
202300007338.0;1;63;63097;1;1;1.0;7.0;45,49128896;3,06965785;
202300007339.0;3;35;35238;1;1;1.0;2.0;48,08412000; -1,69870000;
202300007340.0;1;63;63010;2;1;1.0;6.0;45,40721800;3,72789500;
202300007341.0;1;34;34003;2;6;1.0;3.0;43,30326100;3,48567700;
202300007342.0;2;31;31555;2;1;1.0;1.0;43,64700000;1,43900000;
202300007343.0;1;30;30007;2;3;1.0;3.0;44,12728000;4,07709000;
202300007344.0;1;26;26198;1;3;1.0;3.0;44,55392000;4,71145000;
202300007345.0;5;13;13208;2;2;2.0;3.0;43,27844000;5,39230000;
202300007346.0;1;13;13209;2;1;2.0;2.0;43,24652133;5,39568030;
202300007347.0;1;11;11069;2;9;8.0;3.0;43,21193000;2,33005000;
202300007348.0;1;11;11069;2;1;2.0;7.0;43,20921500;2,32315000;
202300007349.0;1;10;10387;2;1;1.0;;48,27415000;4,08350000;
202300007350.0;1;07;07281;1;1;3.0;6.0;44,93268000;4,81451000;
202300007351.0;1;06;06069;2;1;2.0;2.0;43,64965000;6,93231000;
202300007352.0;2;05;05023;2;6;2.0;7.0;44,88205700;6,62271100;
202300007353.0;1;02;02722;2;1;1.0;6.0;49,38196000;3,32173000;
202300007354.0;1;75;75113;2;1;1.0;3.0;48,81788400;2,35351000;
202300007355.0;5;75;75118;2;1;1.0;2.0;48,90120800;2,35347600;
202300007356.0;3;75;75114;2;1;1.0;7.0;48,81721200;2,33498200;
202300007357.0;5;75;75120;2;1;1.0;2.0;48,84742800;2,41456000;
202300007358.0;1;75;75116;2;1;1.0;2.0;48,86193400;2,26460000;
202300007359.0;1;75;75116;2;1;1.0;2.0;48,87827311;2,28020364;
202300007360.0;5;75;75108;2;5;2.0;6.0;48,87378000;2,32702500;
202300007361.0;2;75;75105;2;1;1.0;3.0;48,83870600;2,34056600;
202300007362.0;1;75;75106;2;2;1.0;6.0;48,84312500;2,32643400;
202300007363.0;1;75;75105;2;2;2.0;6.0;48,83968373;2,33668149;
202300007364.0;2;75;75105;2;7;2.0;3.0;48,84441300;2,36502500;
202300007365.0;5;75;75117;2;3;2.0;3.0;48,88998500;2,32124900;
202300007366.0;1;75;75116;2;1;1.0;3.0;48,87002000;2,28618300;
202300007367.0;1;75;75115;2;2;2.0;3.0;48,84933000;2,28162500;
202300007368.0;1;75;75115;2;2;2.0;3.0;48,83686100;2,28358400;
202300007369.0;1;75;75115;2;1;2.0;2.0;48,84079700;2,31627400;
202300007370.0;1;75;75115;2;1;2.0;3.0;48,83903200;2,27828300;
202300007371.0;1;75;75115;2;1;2.0;7.0;48,82787806;2,30417848;
202300007372.0;1;75;75114;2;2;1.0;6.0;48,82653100;2,34159000;
202300007373.0;1;75;75113;2;2;2.0;3.0;48,83341400;2,35421000;
202300007374.0;1;75;75107;2;1;1.0;3.0;48,85994900;2,31620500;
202300007375.0;1;75;75107;2;7;2.0;3.0;48,85327600;2,31301800;
202300007376.0;1;75;75102;2;1;2.0;7.0;48,87180800;2,33904500;
202300007377.0;1;75;75101;2;2;2.0;7.0;48,86198500;2,35016300;
202300007378.0;1;75;75104;2;2;1.0;3.0;48,85080200;2,36143700;
202300007379.0;1;94;94068;2;1;2.0;2.0;48,79555000;2,50881000;
202300007380.0;3;94;94041;2;9;1.0;6.0;48,80785069;2,37493944;
202300007381.0;3;94;94073;2;9;1.0;3.0;48,74808600;2,36933000;
202300007382.0;5;94;94028;2;1;1.0;6.0;48,77289781;2,46571465;
202300007383.0;2;94;94077;2;1;2.0;6.0;48,73962720;2,40680710;
202300007384.0;1;94;94069;2;1;1.0;2.0;48,81679000;2,45947000;
202300007385.0;1;94;94017;2;1;2.0;6.0;48,82492000;2,50092000;
202300007386.0;1;94;94070;2;1;3.0;2.0;48,72001600;2,56607100;
202300007387.0;1;94;94002;2;1;2.0;2.0;48,79966592;2,42591147;
202300007388.0;1;93;93073;2;2;1.0;3.0;48,95619243;2,57665034;
202300007389.0;1;93;93073;1;9;3.0;6.0;49,00207000;2,53705000;
202300007390.0;1;93;93079;2;1;1.0;2.0;48,95750200;2,33789000;
202300007391.0;1;93;93079;2;1;2.0;7.0;48,95048673;2,34042853;
202300007392.0;5;93;93027;2;3;8.0;5.0;48,92354884;2,41391985;
202300007393.0;1;93;93008;2;1;2.0;2.0;48,90106770;2,45520696;
202300007394.0;1;93;93008;2;1;2.0;6.0;48,90500900;2,43947800;
202300007395.0;1;93;93008;2;2;2.0;3.0;48,89854000;2,44187000;
202300007396.0;5;92;92051;2;1;1.0;6.0;48,88127679;2,27171302;
202300007397.0;1;92;92050;2;3;3.0;6.0;48,89460170;2,22532332;
202300007398.0;1;92;92049;2;1;3.0;6.0;48,81746000;2,32664000;
202300007399.0;1;92;92020;2;2;2.0;3.0;48,80189000;2,28738000;
202300007400.0;1;92;92040;2;1;3.0;6.0;48,82745264;2,27702820;
202300007401.0;1;92;92004;2;2;1.0;3.0;48,92460758;2,28409876;
202300007402.0;1;92;92036;2;1;1.0;3.0;48,91434000;2,29697000;
202300007403.0;1;92;92002;2;2;1.0;6.0;48,74771059;2,29932368;
202300007404.0;1;92;92002;2;3;2.0;3.0;48,75657189;2,28166580;
202300007405.0;1;2A;2A065;1;1;2.0;6.0;42,18025790;8,61484382;
202300007406.0;5;06;06161;2;1;1.0;3.0;43,63335300;7,13418100;
202300007407.0;1;974;97412;2;1;1.0;3.0; -21,37878900;55,61329300;
202300007408.0;1;972;97212;2;1;1.0;6.0;14,70145300; -61,01383900;
202300007409.0;1;44;44051;1;1;1.0;3.0;47,66544900; -1,68932000;
202300007410.0;1;30;30334;2;3;2.0;7.0;43,99070300;4,42874000;
202300007411.0;1;91;91560;1;6;1.0;3.0;48,67501200;2,16807200;
202300007412.0;1;56;56204;1;1;1.0;6.0;47,91832300; -2,73029000;
202300007413.0;1;67;67088;2;1;1.0;7.0;48,98673000;7,19138900;
202300007414.0;1;2B;2B123;2;6;1.0;3.0;42,01704200;9,40420000;
202300007415.0;3;80;80649;1;2;1.0;3.0;50,31665500;1,63024700;
202300007416.0;3;65;65161;1;1;9.0;2.0;43,34513915;0,13458095;
202300007417.0;1;63;63132;1;1;2.0;3.0;45,61750400;3,55030100;
202300007418.0;1;49;49345;1;9;1.0;3.0;47,28615800; -0,52094900;
202300007419.0;1;34;34140;2;9;1.0;6.0;43,37646200;3,17767700;
202300007420.0;1;68;68138;2;1;1.0;6.0;47,58558600;7,25911300;
202300007421.0;1;39;39470;1;1;8.0;1.0;46,49901700;6,09929200;
202300007422.0;1;44;44129;1;1;1.0;6.0;47,38179090; -2,05165740;
202300007423.0;2;44;44146;1;1;2.0;6.0;47,77435576; -1,41385674;
202300007424.0;5;29;29235;2;4;2.0;3.0;48,40617200; -4,39107900;
202300007425.0;1;29;29174;1;1;1.0;7.0;47,87240100; -4,24038200;
202300007426.0;1;03;03062;2;1;2.0;1.0;46,18309900;3,16496400;
202300007427.0;1;15;15074;1;1;2.0;1.0;44,93194900;2,49254500;
202300007428.0;3;26;26113;1;1;1.0;7.0;44,76648100;5,33081500;
202300007429.0;3;50;50273;1;1;3.0;2.0;49,29249700; -1,52164900;
202300007430.0;3;18;18008;1;1;2.0;7.0;46,95282600;2,34907900;
202300007431.0;1;43;43051;2;2;1.0;3.0;45,05566700;4,31346400;
202300007432.0;1;36;36088;2;3;1.0;6.0;46,95174652;1,99873388;
202300007433.0;5;30;30307;1;1;3.0;6.0;44,19419000;4,04360200;
202300007434.0;1;30;30061;1;9;1.0;6.0;43,93495100;4,25450400;
202300007435.0;1;48;48074;1;1;8.0;6.0;44,20437400;3,33669500;
202300007436.0;1;63;63370;1;9;2.0;7.0;45,66632100;2,68244500;
202300007437.0;1;06;06018;2;1;1.0;6.0;43,62780000;7,09546100;
202300007438.0;1;68;68297;1;1;1.0;2.0;47,60549600;7,52944000;
202300007439.0;1;30;30189;1;1;1.0;5.0;43,80652400;4,36310600;
202300007440.0;1;974;97422;2;1;1.0;6.0; -21,21323000;55,55252400;
202300007441.0;2;83;83079;1;3;1.0;3.0;43,21208100;6,49349900;
202300007442.0;1;13;13035;1;1;7.0;1.0;43,70862500;5,02794000;
202300007443.0;2;13;13027;2;1;1.0;3.0;43,88529500;4,86450300;
202300007444.0;2;63;63284;2;6;1.0;3.0;45,80060000;3,24300500;
202300007445.0;1;38;38087;2;1;2.0;6.0;45,58123600;4,79681400;
202300007446.0;1;07;07235;2;1;2.0;1.0;44,80878700;4,18895600;
202300007447.0;1;01;01249;2;3;7.0;3.0;45,82323100;4,96672700;
202300007448.0;1;69;69107;1;1;1.0;6.0;46,03609394;4,51972483;
202300007449.0;1;33;33243;2;6;1.0;3.0;44,90319000; -0,22194700;
202300007450.0;1;50;50294;1;1;1.0;3.0;49,60274200; -1,64082500;
202300007451.0;2;27;27412;1;1;1.0;6.0;49,27201900;1,12399600;
202300007452.0;1;60;60106;1;9;2.0;6.0;49,38691161;2,45605803;
202300007453.0;3;02;02495;1;1;1.0;6.0;49,96596300;4,05374100;
202300007454.0;1;59;59531;2;1;3.0;6.0;50,07554700;3,53079600;
202300007455.0;1;59;59250;1;6;1.0;3.0;50,58434000;2,90766500;
202300007456.0;1;13;13005;1;1;1.0;2.0;43,32360000;5,59810000;
202300007457.0;1;13;13019;1;1;2.0;3.0;43,42138270;5,36970087;
202300007458.0;2;13;13028;1;1;3.0;6.0;43,19599600;5,64530600;
202300007459.0;1;69;69256;1;1;1.0;2.0;45,80420156;4,92603372;
202300007460.0;2;67;67482;2;1;1.0;2.0;48,59696000;7,74994000;
202300007461.0;1;91;91339;1;1;1.0;5.0;48,62387000;2,26610000;
202300007462.0;1;91;91136;1;1;2.0;6.0;48,71073000;2,28843000;
202300007463.0;1;91;91235;1;1;3.0;7.0;48,62600000;2,35300000;
202300007464.0;1;91;91286;1;1;2.0;3.0;48,65409000;2,38047000;
202300007465.0;1;78;78640;1;1;2.0;5.0;48,77725400;2,22341800;
202300007466.0;1;78;78217;1;1;3.0;6.0;48,96305300;1,83368800;
202300007467.0;1;78;78640;1;1;1.0;3.0;48,78452900;2,22315500;
202300007468.0;1;93;93029;1;1;8.0;3.0;48,91636000;2,42967000;
202300007469.0;1;92;92036;1;1;1.0;7.0;48,93897699;2,30242780;
202300007470.0;1;93;93027;1;1;3.0;4.0;48,93557000;2,40278000;
202300007471.0;1;92;92036;1;1;3.0;3.0;48,94364712;2,28775617;
202300007472.0;1;93;93010;1;1;3.0;6.0;48,90759000;2,47309000;
202300007473.0;5;94;94069;1;1;2.0;6.0;48,81720461;2,42851783;
202300007474.0;1;77;77337;1;1;3.0;3.0;48,82994857;2,61980264;
202300007475.0;1;77;77294;1;1;3.0;6.0;48,97156364;2,57335321;
202300007476.0;1;94;94042;1;1;3.0;4.0;48,82800728;2,47304660;
202300007477.0;1;62;62826;2;6;1.0;3.0;50,50823000;1,61152000;
202300007478.0;1;92;92049;2;1;1.0;2.0;48,81915000;2,32324000;
202300007479.0;1;974;97416;2;1;1.0;7.0; -21,30236000;55,42370000;
202300007480.0;5;974;97407;2;1;1.0;6.0; -20,94623000;55,29195000;
202300007481.0;1;974;97407;2;1;1.0;3.0; -20,94308000;55,32896000;
202300007482.0;1;69;69387;2;8;1.0;3.0;45,74781000;4,83360000;
202300007483.0;2;69;69386;2;2;1.0;3.0;45,77110000;4,85390000;
202300007484.0;5;69;69389;2;1;1.0;6.0;45,77486000;4,80752000;
202300007485.0;1;2B;2B033;2;1;1.0;3.0;42,67893000;9,43872000;
202300007486.0;1;91;91421;2;1;1.0;5.0;48,69095000;2,45396000;
202300007487.0;1;91;91434;2;1;1.0;6.0;48,66125500;2,35924500;
202300007488.0;1;89;89387;2;1;1.0;2.0;48,20445000;3,28981000;
202300007489.0;1;30;30011;1;3;1.0;3.0;43,94925000;4,78793000;
202300007490.0;5;83;83126;2;3;1.0;3.0;43,11207000;5,87781000;
202300007491.0;5;83;83061;2;6;1.0;3.0;43,42648000;6,75596000;
202300007492.0;1;78;78551;2;1;1.0;3.0;48,89477000;2,09718000;
202300007493.0;1;77;77330;2;1;1.0;2.0;48,92713300;2,88412800;
202300007494.0;1;77;77058;2;1;1.0;6.0;48,83784000;2,70993000;
202300007495.0;3;76;76540;2;3;1.0;3.0;49,42573000;1,06861000;
202300007496.0;1;76;76497;1;1;1.0;2.0;49,38409000;1,04945000;
202300007497.0;1;73;73008;2;3;1.0;3.0;45,70079600;5,90238500;
202300007498.0;1;72;72181;2;6;1.0;3.0;47,99296000;0,18452000;
202300007499.0;1;71;71076;2;1;1.0;6.0;46,77655341;4,86013766;
202300007500.0;1;69;69256;2;2;1.0;3.0;45,77994000;4,91018000;
202300007501.0;1;69;69275;2;2;1.0;3.0;45,76771000;4,93663000;
202300007502.0;1;69;69259;2;1;1.0;3.0;45,72356700;4,85412093;
202300007503.0;1;69;69259;2;2;1.0;3.0;45,71687668;4,85628833;
202300007504.0;1;64;64260;2;3;1.0;2.0;43,35735400; -1,77631000;
202300007505.0;1;64;64445;2;1;1.0;6.0;43,29899000; -0,37286000;
202300007506.0;1;64;64284;2;1;1.0;2.0;43,29291000; -0,41055000;
202300007507.0;1;64;64284;1;1;1.0;6.0;43,29335129; -0,41141063;
202300007508.0;1;64;64445;2;1;7.0;3.0;43,31125000; -0,36340000;
202300007509.0;1;63;63300;2;1;1.0;6.0;45,89020000;3,11840000;
202300007510.0;1;63;63113;2;2;1.0;3.0;45,77340000;3,09240000;
202300007511.0;2;63;63113;2;2;1.0;6.0;45,79349000;3,07842000;
202300007512.0;1;62;62193;2;1;2.0;6.0;50,95385000;1,86019400;
202300007513.0;1;61;61001;2;6;1.0;3.0;48,43477000;0,11293000;
202300007514.0;1;61;61001;2;3;1.0;3.0;48,43908000;0,07471000;
202300007515.0;5;06;06083;2;1;1.0;7.0;43,77298500;7,49978700;
202300007516.0;1;06;06004;1;1;1.0;1.0;43,60463900;7,12551800;
202300007517.0;1;04;04112;2;1;1.0;3.0;43,82693000;5,78119000;
202300007518.0;5;01;01053;2;1;1.0;6.0;46,21033000;5,22212000;
202300007519.0;1;75;75120;2;1;1.0;5.0;48,87237600;2,41250400;
202300007520.0;1;75;75116;2;1;1.0;3.0;48,84496700;2,25500200;
202300007521.0;5;75;75113;2;1;2.0;2.0;48,81731800;2,36612700;
202300007522.0;1;75;75113;2;1;1.0;3.0;48,82027300;2,37556000;
202300007523.0;1;75;75117;2;1;2.0;2.0;48,89646200;2,31005700;
202300007524.0;3;75;75118;2;1;1.0;6.0;48,89785400;2,35910500;
202300007525.0;1;75;75117;2;3;1.0;6.0;48,88226200;2,28602200;
202300007526.0;1;75;75117;2;5;6.0;5.0;48,89624800;2,31000300;
202300007527.0;5;75;75116;2;2;1.0;3.0;48,87494900;2,27113000;
202300007528.0;1;75;75116;2;3;1.0;6.0;48,85585300;2,26475800;
202300007529.0;5;75;75116;2;2;2.0;6.0;48,85817000;2,27429900;
202300007530.0;1;75;75116;2;2;2.0;3.0;48,87492200;2,27111200;
202300007531.0;5;75;75113;2;1;8.0;6.0;48,82521700;2,38039100;
202300007532.0;5;75;75107;2;2;1.0;3.0;48,86258800;2,31041100;
202300007533.0;1;75;75110;2;1;1.0;3.0;48,88098100;2,37007300;
202300007534.0;1;75;75110;2;1;1.0;6.0;48,87390800;2,34956200;
202300007535.0;1;75;75108;2;2;1.0;6.0;48,87415400;2,29892100;
202300007536.0;5;75;75107;2;3;2.0;6.0;48,85906346;2,29326189;
202300007537.0;1;75;75102;2;2;1.0;3.0;48,86441100;2,35152800;
202300007538.0;1;94;94073;2;1;1.0;6.0;48,75728100;2,38808000;
202300007539.0;5;94;94033;2;1;2.0;6.0;48,85024000;2,46472000;
202300007540.0;5;94;94033;2;1;3.0;3.0;48,85711000;2,49183000;
202300007541.0;5;93;93077;2;6;1.0;6.0;48,88963000;2,50139000;
202300007542.0;1;93;93055;2;1;1.0;3.0;48,89903700;2,40786500;
202300007543.0;5;93;93048;2;1;1.0;3.0;48,86310703;2,44402710;
202300007544.0;1;93;93048;2;1;1.0;1.0;48,86713000;2,42917000;
202300007545.0;5;93;93029;2;3;1.0;3.0;48,92620000;2,42579000;
202300007546.0;5;93;93010;2;1;1.0;2.0;48,90641200;2,48317300;
202300007547.0;1;93;93008;2;6;8.0;3.0;48,90955000;2,44572000;
202300007548.0;5;92;92036;2;1;1.0;3.0;48,93362127;2,30274975;
202300007549.0;1;92;92012;2;1;1.0;7.0;48,83493049;2,24090838;
202300007550.0;3;83;83061;1;1;1.0;7.0;43,46940500;6,73080000;
202300007551.0;5;974;97422;2;3;1.0;3.0; -21,28254400;55,51947000;
202300007552.0;1;06;06095;2;1;8.0;2.0;43,63513100;6,86554900;
202300007553.0;1;58;58044;1;1;2.0;1.0;47,49123200;2,92100100;
202300007554.0;2;50;50095;2;1;8.0;6.0;49,07648000; -1,17353100;
202300007555.0;1;51;51002;1;1;2.0;1.0;48,99077800;3,82174000;
202300007556.0;2;19;19063;2;1;1.0;1.0;45,13837056;1,58181667;
202300007557.0;3;56;56140;1;1;2.0;6.0;47,94998300; -2,79245900;
202300007558.0;3;32;32160;1;1;1.0;2.0;43,60557500;1,07607000;
202300007559.0;1;11;11397;2;4;1.0;3.0;43,20607100;2,43061200;
202300007560.0;3;63;63397;1;1;8.0;6.0;45,62904500;2,69068500;
202300007561.0;1;63;63409;1;1;1.0;6.0;45,53650100;3,04450700;
202300007562.0;3;68;68011;1;1;2.0;6.0;47,78320200;7,14632700;
202300007563.0;1;68;68126;2;1;1.0;1.0;47,56542900;7,52702400;
202300007564.0;1;22;22085;1;1;1.0;7.0;48,82104700; -3,18861300;
202300007565.0;1;29;29177;1;3;1.0;1.0;48,43227565; -4,69461896;
202300007566.0;2;29;29174;1;1;2.0;2.0;47,89751099; -4,30908530;
202300007567.0;1;03;03038;1;3;1.0;3.0;46,32739100;3,24266700;
202300007568.0;1;03;03257;1;1;8.0;6.0;46,22078600;3,66506200;
202300007569.0;2;03;03170;1;1;3.0;6.0;46,51636600;3,09460400;
202300007570.0;1;01;01183;2;1;1.0;6.0;46,11056100;4,79108500;
202300007571.0;1;58;58232;1;1;2.0;2.0;47,00383100;3,41644800;
202300007572.0;1;72;72198;1;2;1.0;3.0;48,07055665;0,14041901;
202300007573.0;3;72;72109;1;1;1.0;6.0;48,20457000; -0,09896000;
202300007574.0;1;14;14057;1;3;1.0;3.0;49,11575500; -0,25977600;
202300007575.0;1;43;43211;1;1;1.0;7.0;45,25144700;4,14841200;
202300007576.0;1;43;43186;1;1;1.0;2.0;44,98063800;4,09569000;
202300007577.0;3;36;36215;1;1;1.0;7.0;46,87670087;2,08023806;
202300007578.0;3;36;36064;1;1;1.0;7.0;46,82661600;1,81424600;
202300007579.0;2;23;23130;1;1;1.0;1.0;46,43501800;1,76553700;
202300007580.0;1;10;10162;1;1;1.0;7.0;48,21222700;4,24342600;
202300007581.0;1;10;10045;1;1;1.0;2.0;48,17089500;4,46852200;
202300007582.0;2;35;35208;2;1;8.0;6.0;48,00007614; -1,66718870;
202300007583.0;5;95;95250;2;1;2.0;6.0;49,10343400;2,50917200;
202300007584.0;1;68;68386;2;1;8.0;7.0;47,72077000;7,38857400;
202300007585.0;1;987;98729;1;1;1.0;3.0; -17,57700000; -150,20200000;
202300007586.0;2;974;97415;2;3;7.0;3.0; -21,04478126;55,22984147;
202300007587.0;3;29;29234;1;1;2.0;2.0;47,84313849; -3,49936854;
202300007588.0;1;28;28113;1;1;8.0;1.0;48,67807600;1,54127800;
202300007589.0;1;77;77453;2;9;8.0;3.0;48,52726400;2,75651800;
202300007590.0;3;13;13076;1;2;1.0;1.0;43,80071100;5,00395300;
202300007591.0;5;67;67506;2;3;3.0;3.0;48,66748400;7,71944000;
202300007592.0;1;54;54335;1;1;1.0;6.0;48,63889300;6,45074000;
202300007593.0;1;63;63247;1;1;1.0;2.0;45,56651300;2,94864900;
202300007594.0;1;47;47157;1;9;2.0;6.0;44,51301000;0,13416400;
202300007595.0;1;33;33539;1;1;1.0;6.0;44,86946600; -0,31066400;
202300007596.0;1;60;60213;1;9;2.0;4.0;49,11102600;2,72270100;
202300007597.0;1;59;59465;1;1;1.0;7.0;50,12400700;3,59263700;
202300007598.0;3;69;69277;1;1;1.0;6.0;45,73170000;4,97908000;
202300007599.0;3;69;69296;1;1;1.0;4.0;45,65133000;4,83613000;
202300007600.0;5;94;94037;1;1;2.0;6.0;48,81658529;2,33656859;
202300007601.0;3;91;91661;1;1;1.0;1.0;48,69581000;2,23516000;
202300007602.0;3;92;92036;1;1;2.0;2.0;48,94364712;2,28775617;
202300007603.0;3;95;95060;1;1;2.0;6.0;49,04211000;2,18871000;
202300007604.0;3;92;92036;1;1;2.0;5.0;48,94920532;2,28069842;
202300007605.0;3;95;95582;1;1;3.0;6.0;48,96296926;2,26532400;
202300007606.0;3;77;77122;1;1;1.0;4.0;48,64574262;2,55287143;
202300007607.0;1;972;97209;1;1;1.0;4.0;14,61486000; -61,07584000;
202300007608.0;1;972;97203;2;1;1.0;7.0;14,86905100; -61,11883700;
202300007609.0;1;972;97210;2;1;1.0;6.0;14,61636100; -60,90197500;
202300007610.0;1;13;13112;1;1;1.0;3.0;43,54295300;5,22537800;
202300007611.0;1;13;13028;2;1;1.0;6.0;43,18214000;5,61441000;
202300007612.0;1;14;14700;1;2;1.0;3.0;49,30207900; -0,80048600;
202300007613.0;1;14;14180;1;1;1.0;4.0;48,85663600; -0,22947700;
202300007614.0;1;14;14366;2;1;1.0;2.0;49,14340800;0,22796600;
202300007615.0;1;14;14712;2;1;1.0;6.0;49,17793400; -0,22181900;
202300007616.0;1;14;14473;1;1;1.0;6.0;49,11451000;0,04203300;
202300007617.0;3;974;97416;1;1;1.0;7.0; -21,27151000;55,47413000;
202300007618.0;1;974;97411;2;2;8.0;3.0; -20,88049000;55,45194000;
202300007619.0;1;973;97302;2;1;1.0;3.0;4,93616011; -52,33242989;
202300007620.0;5;973;97302;1;1;1.0;2.0;4,90444000; -52,32388000;
202300007621.0;1;973;97302;2;1;1.0;3.0;4,93477000; -52,30857000;
202300007622.0;5;69;69386;2;3;1.0;6.0;45,76371099;4,85806450;
202300007623.0;5;69;69387;2;3;1.0;3.0;45,72670000;4,83085000;
202300007624.0;2;2B;2B033;2;9;1.0;1.0;42,67713000;9,43892000;
202300007625.0;5;971;97101;2;1;8.0;6.0;16,25313000; -61,52429000;
202300007626.0;1;91;91549;2;3;1.0;3.0;48,63749100;2,33045700;
202300007627.0;5;91;91421;2;1;3.0;6.0;48,69630000;2,45635000;
202300007628.0;1;91;91223;2;2;2.0;3.0;48,44931000;2,17147000;
202300007629.0;1;91;91223;2;3;8.0;3.0;48,43517000;2,16771000;
202300007630.0;1;89;89338;2;1;1.0;1.0;48,21747000;3,28260000;
202300007631.0;1;85;85191;2;1;1.0;6.0;46,67142000; -1,42361000;
202300007632.0;1;83;83137;2;1;1.0;3.0;43,12927350;5,92107508;
202300007633.0;5;78;78418;2;1;8.0;6.0;48,93049000;2,14242000;
202300007634.0;4;77;77305;2;1;3.0;6.0;48,38898000;2,95974600;
202300007635.0;3;77;77389;1;1;2.0;2.0;48,50942000;2,65797000;
202300007636.0;5;76;76498;2;2;2.0;3.0;49,42987400;1,06759400;
202300007637.0;3;76;76565;1;1;8.0;6.0;49,88230000;1,06783000;
202300007638.0;5;73;73008;2;3;1.0;3.0;45,67519000;5,90855000;
202300007639.0;1;69;69264;2;1;8.0;6.0;45,98858000;4,72174000;
202300007640.0;3;69;69199;2;2;1.0;3.0;45,70635000;4,85640000;
202300007641.0;5;68;68166;1;2;2.0;2.0;47,78140200;7,32972500;
202300007642.0;1;67;67482;2;1;1.0;2.0;48,55445000;7,76593000;