Num_Acc;lum;departement;commune;agglomeration;intersection;meteo;type_collision;lat;long;date
202300007643.0;1;64;64284;2;1;1.0;7.0;43,29240000; -0,39841000;
202300007644.0;1;62;62215;2;1;1.0;6.0;50,49133000;2,96987000;
202300007645.0;1;54;54547;2;1;1.0;3.0;48,66216000;6,18852000;
202300007646.0;1;54;54547;1;9;8.0;6.0;48,67037000;6,19251000;
202300007647.0;1;51;51454;2;2;1.0;3.0;49,25097000;4,04067000;
202300007648.0;5;51;51454;2;2;1.0;1.0;49,23191000;4,01416000;
202300007649.0;2;51;51242;2;1;1.0;7.0;48,96563000;4,31656000;
202300007650.0;1;49;49007;2;1;2.0;6.0;47,46864000; -0,55229000;
202300007651.0;3;49;49007;1;1;1.0;6.0;47,46974000; -0,59210000;
202300007652.0;4;49;49246;2;1;1.0;6.0;47,43115000; -0,50737000;
202300007653.0;2;45;45234;2;3;3.0;3.0;47,90037495;1,91987953;
202300007654.0;1;45;45234;2;1;1.0;6.0;47,90834000;1,90105000;
202300007655.0;1;45;45004;2;9;1.0;3.0;47,99043600;2,76638600;
202300007656.0;2;44;44132;2;1;1.0;4.0;47,25554000; -2,31292000;
202300007657.0;1;35;35238;1;1;3.0;4.0;48,08100000; -1,69662000;
202300007658.0;1;35;35238;1;1;3.0;2.0;48,08200453; -1,69726431;
202300007659.0;3;28;28085;1;1;2.0;6.0;48,43787000;1,52113000;
202300007660.0;1;22;22113;2;9;2.0;3.0;48,74663000; -3,46182000;
202300007661.0;1;17;17415;2;9;2.0;6.0;45,75385000; -0,65643000;
202300007662.0;5;13;13206;2;2;1.0;3.0;43,29113465;5,38317372;
202300007663.0;5;13;13215;2;1;1.0;6.0;43,38314000;5,35827000;
202300007664.0;2;13;13216;2;2;1.0;3.0;43,35922000;5,33282000;
202300007665.0;1;13;13005;1;1;1.0;1.0;43,28365000;5,58319000;
202300007666.0;1;13;13001;2;1;1.0;7.0;43,52466000;5,43990000;
202300007667.0;1;11;11069;2;1;1.0;6.0;43,20646000;2,36670000;
202300007668.0;1;07;07102;2;1;1.0;3.0;44,92743000;4,86407000;
202300007669.0;1;06;06088;2;1;1.0;1.0;43,72082000;7,28372000;
202300007670.0;1;75;75120;2;1;8.0;5.0;48,85544700;2,41382600;
202300007671.0;5;75;75120;2;3;2.0;6.0;48,86497400;2,39555700;
202300007672.0;1;75;75119;2;2;2.0;2.0;48,88662900;2,38484400;
202300007673.0;5;75;75119;2;4;2.0;1.0;48,89732700;2,39260800;
202300007674.0;4;75;75115;2;2;3.0;3.0;48,85065300;2,28402400;
202300007675.0;1;75;75114;2;1;1.0;3.0;48,83452500;2,33498700;
202300007676.0;1;75;75114;2;4;2.0;6.0;48,83445000;2,33344900;
202300007677.0;5;75;75113;2;1;3.0;6.0;48,83126900;2,34249800;
202300007678.0;1;75;75113;2;2;8.0;6.0;48,83034700;2,37043000;
202300007679.0;5;75;75114;2;2;1.0;2.0;48,82223500;2,33038700;
202300007680.0;1;75;75110;2;1;2.0;6.0;48,87007500;2,35564700;
202300007681.0;5;75;75108;2;5;2.0;7.0;48,87913400;2,30315600;
202300007682.0;5;75;75108;2;3;2.0;2.0;48,87634200;2,29692200;
202300007683.0;5;75;75107;2;1;2.0;2.0;48,86289800;2,31768100;
202300007684.0;5;75;75102;2;4;2.0;3.0;48,86912500;2,34320400;
202300007685.0;1;75;75102;2;2;1.0;7.0;48,87039900;2,34092500;
202300007686.0;1;94;94042;2;9;8.0;3.0;48,82015400;2,47602400;
202300007687.0;5;94;94065;1;1;2.0;3.0;48,75379000;2,36348000;
202300007688.0;1;94;94073;2;1;1.0;6.0;48,76836000;2,39152000;
202300007689.0;3;94;94017;2;1;8.0;6.0;48,81525000;2,52278000;
202300007690.0;1;93;93066;2;2;1.0;2.0;48,92881778;2,36242674;
202300007691.0;1;93;93077;2;1;1.0;2.0;48,87778900;2,52034100;
202300007692.0;5;93;93032;2;3;2.0;3.0;48,88384642;2,53071931;
202300007693.0;5;92;92046;2;1;1.0;1.0;48,81933718;2,30435157;
202300007694.0;5;92;92073;2;2;2.0;6.0;48,86998387;2,22428834;
202300007695.0;1;92;92063;2;1;2.0;2.0;48,87703301;2,18453608;
202300007696.0;5;92;92050;2;2;2.0;3.0;48,88459689;2,19385497;
202300007697.0;3;95;95313;1;1;8.0;2.0;49,10523000;2,26058700;
202300007698.0;1;95;95052;2;9;2.0;4.0;49,13729100;2,27323700;
202300007699.0;1;972;97217;2;2;1.0;1.0;14,47406410; -60,86251670;
202300007700.0;3;972;97234;1;1;3.0;6.0;14,66931100; -61,16287900;
202300007701.0;1;01;01075;2;1;1.0;1.0;46,03082600;4,80687800;
202300007702.0;3;50;50592;1;1;2.0;6.0;48,94717860; -1,02804480;
202300007703.0;1;41;41278;1;1;1.0;3.0;47,63824200;0,94468500;
202300007704.0;3;51;51234;1;1;2.0;7.0;48,56225700;3,66288100;
202300007705.0;1;59;59539;1;1;1.0;6.0;50,91093100;2,18589800;
202300007706.0;2;71;71522;2;3;1.0;3.0;46,62440100;4,98725700;
202300007707.0;2;71;71120;2;2;2.0;6.0;46,20465100;4,33559800;
202300007708.0;1;63;63080;2;9;1.0;6.0;45,58408100;3,12083400;
202300007709.0;3;49;49240;1;1;1.0;1.0;47,08477100; -0,61050500;
202300007710.0;3;89;89428;1;1;1.0;6.0;48,22871800;3,03445800;
202300007711.0;3;89;89419;1;9;1.0;1.0;47,73171800;3,30807600;
202300007712.0;1;63;63382;1;2;1.0;3.0;46,06797678;2,99682677;
202300007713.0;1;44;44031;1;1;1.0;3.0;47,61418100; -1,19930700;
202300007714.0;2;31;31224;2;2;1.0;3.0;43,08225400;0,57525900;
202300007715.0;1;31;31474;1;1;1.0;7.0;43,19338200;1,10466200;
202300007716.0;2;66;66063;1;1;1.0;6.0;42,47876000;2,84582400;
202300007717.0;1;06;06032;2;1;1.0;6.0;43,72312600;7,39630900;
202300007718.0;1;06;06079;1;4;1.0;6.0;43,56106600;6,95148600;
202300007719.0;1;14;14194;1;1;1.0;6.0;49,07940400;0,37627100;
202300007720.0;1;50;50390;1;1;1.0;5.0;49,50411400; -1,35056100;
202300007721.0;1;73;73184;1;1;1.0;1.0;45,58664234;5,78556758;
202300007722.0;1;07;07010;2;1;1.0;6.0;45,24643400;4,68040700;
202300007723.0;1;07;07288;1;1;4.0;3.0;44,72097200;4,53533600;
202300007724.0;1;07;07076;1;1;1.0;6.0;44,63807500;4,74804600;
202300007725.0;1;27;27102;1;3;7.0;3.0;49,35790000;0,74667900;
202300007726.0;1;42;42279;2;6;7.0;2.0;45,50321500;4,25993800;
202300007727.0;1;06;06088;1;1;1.0;7.0;43,73077100;7,25627100;
202300007728.0;1;59;59312;1;1;8.0;2.0;50,01417415;3,17207909;
202300007729.0;3;974;97422;2;1;1.0;1.0; -21,21289000;55,55114500;
202300007730.0;1;77;77437;2;1;1.0;6.0;49,03123100;2,79950200;
202300007731.0;1;66;66065;1;1;1.0;1.0;42,59155810;2,97933300;
202300007732.0;3;13;13014;1;1;1.0;1.0;43,51479000;5,20249800;
202300007733.0;1;26;26116;2;2;1.0;3.0;44,44199600;4,71222300;
202300007734.0;1;01;01262;2;3;1.0;3.0;45,85017800;5,05335000;
202300007735.0;2;81;81210;2;1;7.0;3.0;43,53234000;1,98610100;
202300007736.0;3;17;17421;1;1;1.0;7.0;45,68241600; -0,90065400;
202300007737.0;3;60;60079;1;2;1.0;7.0;49,14767100;2,87184700;
202300007738.0;1;13;13211;1;1;1.0;2.0;43,28740000;5,43700000;
202300007739.0;3;13;13005;1;1;1.0;6.0;43,26920000;5,58790000;
202300007740.0;4;33;33039;1;1;1.0;2.0;44,79811926; -0,53689241;
202300007741.0;4;33;33063;1;1;1.0;2.0;44,88297600; -0,55328500;
202300007742.0;3;91;91689;1;1;1.0;4.0;48,73318000;2,31594000;
202300007743.0;1;91;91645;1;1;1.0;3.0;48,75988000;2,25941000;
202300007744.0;1;91;91687;1;1;1.0;2.0;48,66279000;2,36874000;
202300007745.0;5;92;92050;1;1;1.0;2.0;48,90175600;2,20302000;
202300007746.0;2;78;78455;1;1;1.0;2.0;48,85832400;2,05189600;
202300007747.0;1;78;78126;1;1;1.0;5.0;48,83643000;2,12776000;
202300007748.0;5;78;78090;1;1;1.0;3.0;48,96991700;1,91152300;
202300007749.0;2;93;93053;1;1;1.0;4.0;48,89912191;2,46932995;
202300007750.0;2;93;93053;1;1;1.0;4.0;48,89279000;2,47290000;
202300007751.0;1;95;95277;1;1;1.0;6.0;48,97463000;2,49117000;
202300007752.0;1;93;93027;1;1;1.0;2.0;48,93403539;2,38575811;
202300007753.0;1;95;95277;1;1;1.0;3.0;48,97587000;2,48265000;
202300007754.0;1;93;93005;1;1;1.0;4.0;48,92699031;2,48157263;
202300007755.0;1;95;95256;1;1;1.0;3.0;49,05805321;2,20880281;
202300007756.0;3;93;93048;1;1;1.0;2.0;48,87205909;2,43354142;
202300007757.0;5;93;93029;1;1;1.0;3.0;48,92316604;2,42730260;
202300007758.0;3;93;93005;1;1;1.0;4.0;48,96600043;2,47713089;
202300007759.0;4;77;77258;1;1;1.0;6.0;48,83170164;2,64572401;
202300007760.0;2;94;94017;1;1;1.0;4.0;48,82909738;2,47958054;
202300007761.0;1;29;29019;2;4;1.0;6.0;48,39766175; -4,46494123;
202300007762.0;1;974;97416;2;9;1.0;6.0; -21,33069000;55,47751000;
202300007763.0;1;974;97411;1;1;1.0;3.0; -20,89589653;55,37575597;
202300007764.0;5;974;97409;2;6;1.0;3.0; -20,97263000;55,65183000;
202300007765.0;1;973;97302;2;6;1.0;3.0;4,92433000; -52,32421000;
202300007766.0;5;972;97209;1;1;3.0;4.0;14,61775400; -61,04041200;
202300007767.0;1;2A;2A004;2;3;1.0;3.0;41,92815000;8,73866000;
202300007768.0;5;91;91687;2;1;1.0;6.0;48,67576000;2,38546000;
202300007769.0;1;91;91434;2;1;1.0;6.0;48,65692300;2,33971500;
202300007770.0;5;91;91027;2;2;1.0;2.0;48,71662000;2,37106000;
202300007771.0;5;87;87085;2;1;1.0;6.0;45,82206000;1,21523000;
202300007772.0;1;87;87085;1;3;1.0;2.0;45,86585000;1,16549000;
202300007773.0;1;83;83137;2;1;1.0;6.0;43,11870333;5,97995165;
202300007774.0;1;78;78015;2;1;1.0;2.0;48,97915400;2,05843900;
202300007775.0;1;76;76108;2;6;7.0;6.0;49,47877000;1,11294000;
202300007776.0;1;76;76351;2;1;1.0;6.0;49,50254000;0,17239000;
202300007777.0;1;76;76026;2;7;1.0;6.0;49,88000000;1,12000000;
202300007778.0;5;69;69266;2;1;1.0;2.0;45,75414329;4,91494909;
202300007779.0;5;69;69290;2;1;1.0;6.0;45,70695000;4,98695000;
202300007780.0;1;69;69290;2;3;1.0;3.0;45,70614709;4,89729064;
202300007781.0;1;66;66136;2;1;2.0;3.0;42,69424100;2,90199000;
202300007782.0;4;63;63113;2;1;1.0;6.0;45,78463000;3,06612000;
202300007783.0;1;62;62041;2;6;1.0;6.0;50,28882000;2,80777000;
202300007784.0;5;59;59279;2;1;1.0;3.0;50,77791000;3,12449000;
202300007785.0;1;59;59599;2;1;7.0;6.0;50,72041900;3,15895000;
202300007786.0;1;59;59512;2;2;1.0;6.0;50,69253000;3,17090000;
202300007787.0;5;58;58194;2;1;1.0;6.0;47,00004000;3,16015000;
202300007788.0;1;57;57491;2;1;7.0;3.0;49,24550000;6,03574000;
202300007789.0;1;54;54328;2;6;1.0;6.0;48,61882000;6,17633000;
202300007790.0;5;52;52448;2;2;1.0;3.0;48,64007000;4,97325000;
202300007791.0;1;49;49328;2;6;1.0;6.0;47,26710000; -0,06974000;
202300007792.0;5;49;49007;2;1;1.0;7.0;47,48646000; -0,51379000;
202300007793.0;1;44;44184;2;6;1.0;6.0;47,27114000; -2,24500000;
202300007794.0;1;37;37122;2;1;1.0;6.0;47,35249000;0,65879000;
202300007795.0;5;35;35238;2;2;1.0;6.0;48,10169000; -1,68446000;
202300007796.0;5;34;34172;2;9;1.0;3.0;43,63855000;3,85690000;
202300007797.0;5;31;31555;2;1;1.0;6.0;43,62265000;1,47227000;
202300007798.0;2;25;25056;2;1;1.0;2.0;47,23222400;5,98267900;
202300007799.0;1;25;25056;2;9;1.0;2.0;47,22389300;5,97885000;
202300007800.0;3;17;17291;1;9;1.0;4.0;46,17300000; -1,11740000;
202300007801.0;1;13;13103;2;3;1.0;6.0;43,65162000;5,10037000;
202300007802.0;1;10;10387;2;1;1.0;6.0;48,30452000;4,08926000;
202300007803.0;1;10;10387;2;1;1.0;3.0;48,28420000;4,07288000;
202300007804.0;1;06;06123;2;3;1.0;6.0;43,66263000;7,18323000;
202300007805.0;2;03;03095;2;1;1.0;6.0;46,12795300;3,45054700;
202300007806.0;5;93;93001;2;9;1.0;6.0;48,91005335;2,37879733;
202300007807.0;1;75;75118;2;2;1.0;2.0;48,89531000;2,33756300;
202300007808.0;1;75;75116;2;5;1.0;2.0;48,87734700;2,27925600;
202300007809.0;1;75;75116;2;3;1.0;6.0;48,87234200;2,29638800;
202300007810.0;5;75;75116;2;1;1.0;3.0;48,87295300;2,27288500;
202300007811.0;1;75;75113;2;3;1.0;3.0;48,82371540;2,36490101;
202300007812.0;1;75;75112;2;1;1.0;6.0;48,84422000;2,41102500;
202300007813.0;1;75;75112;2;3;1.0;3.0;48,85078298;2,37294763;
202300007814.0;1;75;75111;2;2;1.0;3.0;48,86247000;2,36689200;
202300007815.0;2;75;75111;2;3;1.0;6.0;48,85326600;2,38771700;
202300007816.0;1;75;75110;2;1;1.0;6.0;48,88111200;2,35333100;
202300007817.0;1;75;75108;2;2;1.0;3.0;48,87778890;2,31628597;
202300007818.0;5;75;75101;2;3;1.0;3.0;48,86247620;2,35042781;
202300007819.0;1;75;75102;2;2;1.0;3.0;48,87012600;2,33364600;
202300007820.0;1;94;94081;2;2;1.0;3.0;48,77817000;2,39650000;
202300007821.0;5;94;94046;2;1;1.0;3.0;48,80993300;2,44502800;
202300007822.0;1;94;94043;2;1;1.0;4.0;48,80981773;2,35934454;
202300007823.0;1;94;94022;2;8;1.0;3.0;48,76235298;2,40680659;
202300007824.0;1;94;94079;2;3;1.0;6.0;48,82603522;2,54027697;
202300007825.0;5;95;95527;2;3;1.0;6.0;49,01220698;2,52115465;
202300007826.0;1;93;93070;2;2;1.0;3.0;48,91314000;2,32668000;
202300007827.0;1;93;93055;2;1;1.0;3.0;48,89278200;2,41096400;
202300007828.0;5;93;93053;2;3;1.0;1.0;48,88805196;2,45848084;
202300007829.0;1;93;93006;2;2;1.0;3.0;48,87085000;2,41753000;
202300007830.0;1;93;93063;2;2;1.0;3.0;48,88343000;2,42980000;
202300007831.0;1;93;93029;2;1;1.0;6.0;48,91747200;2,45608800;
202300007832.0;1;93;93014;2;9;1.0;3.0;48,90725300;2,53540800;
202300007833.0;1;93;93010;2;1;1.0;3.0;48,90823062;2,48985512;
202300007834.0;1;93;93001;2;2;1.0;6.0;48,90850663;2,37785795;
202300007835.0;1;93;93001;2;1;1.0;6.0;48,90312000;2,37410000;
202300007836.0;1;93;93001;2;2;1.0;6.0;48,90592936;2,39245125;
202300007837.0;1;92;92078;2;1;1.0;3.0;48,92795000;2,33113000;
202300007838.0;5;92;92046;2;1;1.0;6.0;48,81864000;2,30702000;
202300007839.0;1;92;92051;2;2;1.0;6.0;48,89002522;2,27379978;
202300007840.0;1;92;92020;2;2;1.0;6.0;48,80253199;2,28615135;
202300007841.0;1;92;92044;2;9;1.0;3.0;48,89699418;2,29552835;
202300007842.0;5;92;92026;2;1;8.0;6.0;48,89298663;2,25264108;
202300007843.0;5;92;92024;2;1;1.0;6.0;48,90463000;2,31291000;
202300007844.0;1;92;92024;2;9;1.0;6.0;48,90025000;2,30218000;
202300007845.0;1;92;92012;2;3;1.0;7.0;48,83169000;2,24250000;
202300007846.0;1;92;92012;2;1;1.0;3.0;48,83036319;2,24536031;
202300007847.0;1;73;73330;2;2;1.0;3.0;45,70391700;5,77019900;
202300007848.0;1;57;57650;2;1;1.0;6.0;49,44153300;6,35618900;
202300007849.0;1;06;06044;2;1;1.0;7.0;43,67326600;7,12055800;
202300007850.0;3;10;10263;1;1;1.0;1.0;48,24142400;3,75359100;
202300007851.0;1;38;38239;1;1;1.0;1.0;45,31660700;5,60300600;
202300007852.0;1;59;59278;2;1;1.0;6.0;50,61023300;2,96541300;
202300007853.0;3;71;71355;1;1;1.0;6.0;46,91242800;5,12213900;
202300007854.0;2;76;76136;2;1;1.0;6.0;49,81467800;0,95076400;
202300007855.0;1;63;63178;2;1;1.0;2.0;45,55149280;3,25338274;
202300007856.0;1;34;34119;1;1;4.0;1.0;43,58559800;3,11614800;
202300007857.0;5;44;44152;1;1;1.0;1.0;47,43642000; -2,07911200;
202300007858.0;2;34;34344;1;1;7.0;3.0;43,55728788;4,03968573;
202300007859.0;2;29;29105;2;1;1.0;6.0;48,51935300; -4,08066700;
202300007860.0;2;29;29020;1;1;1.0;6.0;48,09949300; -3,99143800;
202300007861.0;4;29;29176;1;1;1.0;6.0;48,14260400; -4,23144300;
202300007862.0;3;26;26305;1;1;1.0;1.0;44,57491300;4,87654600;
202300007863.0;1;54;54433;1;1;7.0;1.0;48,88558700;6,15528300;
202300007864.0;3;36;36018;2;6;1.0;1.0;46,63332300;1,06326500;
202300007865.0;2;53;53276;1;1;1.0;1.0;48,15228500; -0,23802500;
202300007866.0;1;04;04122;1;1;1.0;7.0;44,04022600;6,07406600;
202300007867.0;1;27;27045;2;1;1.0;7.0;49,31922100;1,76598200;
202300007868.0;3;28;28033;1;1;1.0;6.0;48,49554200;1,06256800;
202300007869.0;1;52;52492;1;1;7.0;1.0;47,82055000;5,48324000;
202300007870.0;5;35;35210;2;1;1.0;6.0;48,15470576; -1,78432480;
202300007871.0;1;35;35210;2;1;1.0;6.0;48,14857200; -1,77222400;
202300007872.0;1;13;13037;2;6;1.0;3.0;43,55023900;5,18158800;
202300007873.0;1;74;74010;2;1;1.0;7.0;45,88507100;6,09513300;
202300007874.0;3;34;34129;1;1;1.0;7.0;43,57301900;3,87600700;
202300007875.0;3;28;28363;1;1;1.0;2.0;48,39091400;1,89153700;
202300007876.0;3;77;77257;1;1;1.0;7.0;49,04900800;3,01643400;
202300007877.0;1;66;66088;1;1;1.0;6.0;42,67821600;2,62803910;
202300007878.0;1;66;66212;1;1;1.0;1.0;42,76095600;3,01469600;
202300007879.0;1;13;13066;1;1;1.0;2.0;43,86617500;4,91362500;
202300007880.0;5;69;69190;1;1;1.0;7.0;45,76487296;4,69884293;
202300007881.0;1;33;33445;1;2;1.0;3.0;45,03404400; -0,26420800;
202300007882.0;3;13;13106;1;1;1.0;3.0;43,38974000;5,35119000;
202300007883.0;1;83;83137;1;1;1.0;2.0;43,12267000;5,95710000;
202300007884.0;3;91;91589;1;1;1.0;4.0;48,67112000;2,34679000;
202300007885.0;1;91;91345;1;1;1.0;2.0;48,68943000;2,32435000;
202300007886.0;1;91;91589;1;1;1.0;4.0;48,68558000;2,32726000;
202300007887.0;2;92;92050;1;1;1.0;6.0;48,89355695;2,18863069;
202300007888.0;1;92;92048;1;1;1.0;2.0;48,80359917;2,21419888;
202300007889.0;1;78;78297;1;1;1.0;3.0;48,78859100;2,06837700;
202300007890.0;1;93;93066;1;1;1.0;3.0;48,92610000;2,35695000;
202300007891.0;1;95;95582;1;1;1.0;2.0;48,96526067;2,25973884;
202300007892.0;1;93;93066;1;1;1.0;3.0;48,93114000;2,36801000;
202300007893.0;2;95;95252;1;1;1.0;5.0;48,97685891;2,23427744;
202300007894.0;1;77;77379;2;1;1.0;6.0;48,54850735;3,29338227;
202300007895.0;1;27;27229;2;3;7.0;6.0;49,01163299;1,15983576;
202300007896.0;1;17;17415;2;3;1.0;3.0;45,74814700; -0,62261800;
202300007897.0;1;83;83126;2;9;1.0;6.0;43,11076000;5,85914000;
202300007898.0;1;63;63113;2;1;1.0;6.0;45,79128101;3,05946440;
202300007899.0;1;85;85160;1;2;1.0;3.0;46,59354100; -1,44317100;
202300007900.0;1;50;50288;1;1;1.0;6.0;48,71138000; -1,39873000;
202300007901.0;1;22;22040;1;1;7.0;7.0;48,52294000; -3,16876200;
202300007902.0;1;59;59126;2;1;7.0;3.0;50,30915500;3,12791200;
202300007903.0;1;59;59129;1;3;1.0;3.0;50,50313700;3,17766700;
202300007904.0;1;33;33448;1;1;1.0;4.0;44,72223263; -0,52385688;
202300007905.0;1;92;92050;1;1;1.0;2.0;48,90425000;2,20717000;
202300007906.0;1;78;78640;1;1;1.0;2.0;48,78047300;2,18152900;
202300007907.0;1;92;92064;1;1;1.0;1.0;48,83822910;2,19103797;
202300007908.0;1;78;78140;1;1;1.0;6.0;48,96087000;1,93015000;
202300007909.0;1;78;78466;1;1;8.0;2.0;48,91975000;2,00348000;
202300007910.0;1;95;95218;1;1;1.0;5.0;49,03546598;2,09715486;
202300007911.0;2;93;93010;1;1;1.0;2.0;48,91557000;2,47787000;
202300007912.0;1;43;43040;2;3;1.0;3.0;45,29799200;3,38076900;
202300007913.0;4;974;97411;1;1;1.0;2.0; -20,88128767;55,46216011;
202300007914.0;1;972;97213;2;6;1.0;6.0;14,61944000; -60,99433000;
202300007915.0;1;972;97213;1;1;1.0;6.0;14,63286800; -61,01667800;
202300007916.0;5;972;97213;1;6;1.0;3.0;14,61843000; -61,00521000;
202300007917.0;2;2B;2B120;2;1;2.0;1.0;42,65000000;9,45000000;
202300007918.0;1;2A;2A004;2;1;1.0;2.0;41,91658000;8,72308000;
202300007919.0;2;95;95280;2;1;1.0;6.0;49,03417300;2,45352900;
202300007920.0;1;91;91421;2;1;1.0;2.0;48,70027000;2,46783000;
202300007921.0;1;91;91027;2;2;7.0;3.0;48,71012000;2,38545000;
202300007922.0;1;83;83126;2;6;1.0;3.0;43,08415000;5,86618000;
202300007923.0;1;78;78481;2;9;8.0;3.0;48,88941000;2,10373000;
202300007924.0;1;73;73008;2;1;1.0;2.0;45,69104000;5,89592000;
202300007925.0;1;69;69271;1;1;1.0;1.0;45,75179000;4,98278000;
202300007926.0;1;69;69290;2;1;1.0;6.0;45,69353025;4,93188636;
202300007927.0;3;62;62065;1;9;1.0;6.0;50,41263100;2,82294900;
202300007928.0;1;59;59599;2;2;7.0;3.0;50,71727000;3,14781000;
202300007929.0;1;54;54099;2;3;1.0;3.0;49,24244700;5,93824500;
202300007930.0;1;51;51454;2;6;1.0;6.0;49,24210000;4,02432000;
202300007931.0;1;49;49267;2;2;1.0;3.0;47,46129000; -0,49252000;
202300007932.0;1;44;44184;2;1;1.0;6.0;47,27832000; -2,20905000;
202300007933.0;2;38;38516;2;3;2.0;3.0;45,19227000;5,74619000;
202300007934.0;1;38;38185;1;9;8.0;6.0;45,17129000;5,70200000;
202300007935.0;1;31;31483;1;1;1.0;3.0;43,14636000;0,74155000;
202300007936.0;1;29;29051;1;1;1.0;6.0;48,00591002; -4,06221804;
202300007937.0;5;17;17300;2;2;1.0;3.0;46,16428000; -1,20180000;
202300007938.0;1;13;13205;2;2;1.0;6.0;43,29573000;5,40017000;
202300007939.0;1;13;13001;2;9;1.0;3.0;43,54840000;5,45559000;
202300007940.0;1;06;06027;2;2;3.0;3.0;43,66456000;7,17165000;
202300007941.0;1;75;75116;2;2;1.0;3.0;48,86899700;2,29156900;
202300007942.0;5;75;75101;2;3;1.0;6.0;48,86007500;2,33339400;
202300007943.0;5;75;75101;2;1;1.0;3.0;48,86367200;2,32158500;
202300007944.0;1;75;75120;2;1;1.0;2.0;48,85945400;2,40943900;
202300007945.0;5;75;75119;2;3;1.0;3.0;48,89051000;2,38312300;
202300007946.0;5;75;75116;2;3;1.0;6.0;48,85555000;2,26610200;
202300007947.0;1;75;75115;2;2;1.0;3.0;48,82586500;2,30022400;
202300007948.0;1;75;75113;2;1;2.0;1.0;48,82305500;2,36939200;
202300007949.0;1;94;94074;2;6;1.0;3.0;48,77044400;2,44688200;
202300007950.0;1;94;94028;2;1;1.0;3.0;48,78886200;2,46662600;
202300007951.0;1;94;94017;2;1;1.0;5.0;48,83103000;2,49304000;
202300007952.0;1;94;94021;2;1;1.0;2.0;48,77306769;2,33827485;
202300007953.0;1;94;94002;2;3;1.0;2.0;48,80156602;2,41639875;
202300007954.0;1;93;93066;2;2;1.0;3.0;48,94212782;2,37708566;
202300007955.0;5;93;93066;2;2;1.0;3.0;48,94190858;2,34164810;
202300007956.0;1;93;93048;2;2;1.0;3.0;48,86185000;2,44665000;
202300007957.0;1;93;93057;2;3;1.0;3.0;48,91638538;2,49564326;
202300007958.0;1;93;93008;2;2;1.0;6.0;48,90876000;2,45371000;
202300007959.0;1;92;92012;2;1;1.0;3.0;48,83575100;2,24229200;
202300007960.0;1;92;92012;2;1;1.0;6.0;48,84951000;2,23750000;
202300007961.0;5;92;92014;2;3;1.0;1.0;48,77678171;2,31919080;
202300007962.0;1;40;40304;2;1;1.0;6.0;43,66746700; -1,41300400;
202300007963.0;3;21;21016;1;1;1.0;5.0;47,38734293;5,17240043;
202300007964.0;1;62;62390;2;1;1.0;7.0;50,39130100;1,60488400;
202300007965.0;2;974;97413;1;1;1.0;7.0; -21,18790300;55,28754300;
202300007966.0;1;87;87201;1;3;1.0;7.0;45,85565400;1,15128500;
202300007967.0;1;34;34095;1;1;6.0;7.0;43,51626900;3,76772300;
202300007968.0;1;57;57106;2;6;1.0;7.0;49,29807400;6,53091100;
202300007969.0;1;19;19095;1;1;1.0;6.0;45,63546400;1,84226400;
202300007970.0;1;59;59536;1;3;1.0;3.0;50,77385900;2,50830500;
202300007971.0;1;79;79174;1;1;1.0;2.0;46,22814000; -0,08781600;
202300007972.0;1;2B;2B286;2;1;1.0;2.0;42,48571500;9,47982800;
202300007973.0;1;2B;2B281;1;1;2.0;7.0;42,79608200;9,48982200;
202300007974.0;1;82;82079;1;1;1.0;1.0;43,93767000;1,35823000;
202300007975.0;1;41;41229;1;1;1.0;2.0;47,30689500;1,36743300;
202300007976.0;1;69;69012;1;1;2.0;1.0;46,17297963;4,54660199;
202300007977.0;1;12;12012;2;2;1.0;3.0;44,54474400;2,14203400;
202300007978.0;2;41;41097;1;1;1.0;6.0;47,31065000;1,66690700;
202300007979.0;1;34;34101;1;1;1.0;1.0;43,41596700;3,43349600;
202300007980.0;1;34;34267;1;1;1.0;7.0;43,70009300;3,54142300;
202300007981.0;2;68;68273;1;1;1.0;7.0;47,53934000;7,27724100;
202300007982.0;1;68;68374;1;1;1.0;4.0;48,08280300;7,31210900;
202300007983.0;1;44;44155;1;1;1.0;7.0;47,04858274; -1,56493705;
202300007984.0;1;35;35179;1;1;1.0;4.0;48,54623800; -1,92290800;
202300007985.0;3;29;29076;1;1;1.0;6.0;48,47267900; -4,52503100;
202300007986.0;1;29;29160;2;1;1.0;2.0;48,49358414; -4,43165312;
202300007987.0;1;02;02502;2;3;1.0;6.0;49,69530900;4,01440300;
202300007988.0;1;70;70120;2;1;1.0;7.0;47,69297000;6,65899700;
202300007989.0;1;26;26327;1;3;1.0;1.0;44,68385000;5,44409000;
202300007990.0;1;58;58095;2;1;1.0;6.0;46,83543800;3,46925700;
202300007991.0;1;18;18230;1;2;1.0;3.0;46,66373700;2,30323400;
202300007992.0;1;40;40224;2;8;1.0;3.0;43,54645200; -1,11207600;