Num_Acc;lum;departement;commune;agglomeration;intersection;meteo;type_collision;lat;long;date
202300007993.0;2;85;85146;1;3;1.0;3.0;46,99160800; -1,31988300;
202300007994.0;4;27;27547;2;9;1.0;1.0;49,04653200;0,40497100;
202300007995.0;3;88;88116;1;1;2.0;6.0;47,96596471;6,84802026;
202300007996.0;3;06;06029;1;1;1.0;4.0;43,56092600;6,96867900;
202300007997.0;1;45;45155;1;1;1.0;1.0;47,67797300;2,66375500;
202300007998.0;1;67;67300;2;1;1.0;6.0;48,54276000;7,48886400;
202300007999.0;2;67;67098;1;1;2.0;6.0;48,53953700;7,40392200;
202300008000.0;1;42;42168;1;1;2.0;6.0;45,42617800;4,65942300;
202300008001.0;1;81;81105;1;1;1.0;7.0;43,77831000;1,98577900;
202300008002.0;1;17;17452;1;1;1.0;7.0;45,72016600; -1,22978200;
202300008003.0;2;16;16355;1;1;1.0;6.0;45,77551557; -0,36462189;
202300008004.0;1;33;33463;2;1;1.0;6.0;44,57172700; -0,19072600;
202300008005.0;1;33;33019;2;1;1.0;3.0;44,69178931; -1,01953179;
202300008006.0;1;53;53157;1;9;1.0;7.0;48,03114900; -0,80846071;
202300008007.0;3;61;61213;1;3;2.0;3.0;48,47307400; -0,13086700;
202300008008.0;1;50;50239;1;1;1.0;6.0;49,12965900; -1,17034500;
202300008009.0;1;29;29058;1;1;1.0;6.0;47,84778800; -4,03619300;
202300008010.0;1;27;27015;2;1;1.0;6.0;49,23133100;1,23928800;
202300008011.0;1;76;76001;2;1;1.0;6.0;49,59630600;0,67633500;
202300008012.0;1;62;62609;1;1;1.0;6.0;50,37508544;2,76883976;
202300008013.0;1;59;59136;1;6;1.0;3.0;50,10804300;3,52314600;
202300008014.0;1;78;78165;1;1;1.0;5.0;48,79924000;1,99066000;
202300008015.0;1;93;93005;1;1;2.0;6.0;48,97269957;2,49253392;
202300008016.0;3;77;77373;1;1;1.0;6.0;48,78224800;2,61627700;
202300008017.0;1;974;97416;2;1;1.0;7.0; -21,28450000;55,46764000;
202300008018.0;5;974;97409;1;1;1.0;6.0; -20,94382000;55,64946000;
202300008019.0;1;974;97407;2;1;1.0;1.0; -20,94190000;55,29444000;
202300008020.0;5;69;69386;2;2;1.0;3.0;45,77284000;4,84653000;
202300008021.0;5;69;69387;2;3;1.0;6.0;45,72285000;4,84236000;
202300008022.0;1;34;34047;1;1;1.0;6.0;43,54130800;3,48552700;
202300008023.0;1;972;97213;1;9;1.0;3.0;14,65055000; -60,98756000;
202300008024.0;3;22;22258;1;1;1.0;6.0;48,42211300; -2,69982000;
202300008025.0;1;44;44067;2;1;1.0;7.0;47,62852200; -1,83424100;
202300008026.0;1;972;97209;1;9;1.0;1.0;14,61725000; -61,07122000;
202300008027.0;2;29;29236;1;1;1.0;6.0;47,83305615; -3,68301210;
202300008028.0;1;02;02067;2;1;1.0;6.0;50,03203500;3,71054600;
202300008029.0;5;972;97209;2;3;1.0;6.0;14,60873000; -61,05628000;
202300008030.0;1;02;02360;1;1;7.0;6.0;49,42809300;3,96042100;
202300008031.0;4;972;97209;1;1;1.0;2.0;14,61001000; -61,08470000;
202300008032.0;5;69;69081;2;1;1.0;6.0;45,77736000;4,79196000;
202300008033.0;1;03;03298;1;1;1.0;1.0;46,33718448;3,38315590;
202300008034.0;5;2B;2B033;2;9;2.0;6.0;42,68933300;9,44723300;
202300008035.0;1;03;03306;1;1;1.0;6.0;46,09080100;3,49603400;
202300008036.0;1;14;14682;1;1;1.0;1.0;49,29985800;0,22857800;
202300008037.0;1;971;97113;1;3;1.0;5.0;16,20805712; -61,44964457;
202300008038.0;1;50;50111;1;1;1.0;3.0;49,03528300; -1,27846400;
202300008039.0;5;91;91657;2;3;1.0;6.0;48,70430000;2,43540000;
202300008040.0;5;91;91286;2;1;1.0;2.0;48,65385000;2,39644000;
202300008041.0;1;50;50615;2;3;1.0;3.0;49,51360500; -1,49993400;
202300008042.0;3;45;45053;2;1;1.0;6.0;47,64736000;2,72994700;
202300008043.0;1;85;85191;2;1;1.0;6.0;46,66992000; -1,43208000;
202300008044.0;5;47;47001;2;3;2.0;6.0;44,20061000;0,61752000;
202300008045.0;1;91;91136;1;1;1.0;4.0;48,71308000;2,28234000;
202300008046.0;1;83;83137;2;1;1.0;2.0;43,12618300;5,92587000;
202300008047.0;1;73;73204;2;2;1.0;1.0;45,52955086;5,68484301;
202300008048.0;5;47;47001;2;1;2.0;6.0;44,19625000;0,61899000;
202300008049.0;3;77;77251;1;1;1.0;6.0;48,61840400;2,54055900;
202300008050.0;3;91;91617;1;1;1.0;7.0;48,64190000;2,53538000;
202300008051.0;1;45;45285;2;3;1.0;6.0;47,90987000;1,88166000;
202300008052.0;1;24;24551;1;3;1.0;3.0;45,42260100;0,93545800;
202300008053.0;1;85;85254;1;1;1.0;1.0;46,78772000; -0,78069000;
202300008054.0;1;64;64445;2;1;2.0;7.0;43,28734000; -0,38022000;
202300008055.0;1;17;17337;2;1;1.0;7.0;45,97067500; -1,28910200;
202300008056.0;1;45;45068;1;1;2.0;4.0;48,01326300;2,73932700;
202300008057.0;3;91;91161;1;1;1.0;2.0;48,71331000;2,30857000;
202300008058.0;1;64;64335;2;9;2.0;1.0;43,31711000; -0,42968000;
202300008059.0;5;44;44109;2;1;1.0;6.0;47,21092000; -1,56597000;
202300008060.0;1;87;87153;1;1;1.0;1.0;45,83476800;1,74708900;
202300008061.0;1;64;64445;2;3;2.0;6.0;43,29910000; -0,37183000;
202300008062.0;5;37;37214;1;1;1.0;3.0;47,39405893;0,64713907;
202300008063.0;1;64;64122;2;1;1.0;7.0;43,47332000; -1,56383000;
202300008064.0;1;37;37122;2;1;1.0;7.0;47,35031000;0,66263000;
202300008065.0;4;64;64102;2;1;1.0;7.0;43,49736000; -1,47774000;
202300008066.0;1;95;95394;2;1;1.0;3.0;49,05534638;2,17159688;
202300008067.0;1;92;92036;1;1;1.0;2.0;48,93452516;2,26967584;
202300008068.0;1;37;37208;2;1;1.0;2.0;47,36554000;0,71535000;
202300008069.0;2;973;97307;2;1;7.0;6.0;4,85072300; -52,32724000;
202300008070.0;1;62;62400;2;1;1.0;5.0;50,47361000;2,58016000;
202300008071.0;5;37;37214;2;4;2.0;3.0;47,41814000;0,66528000;
202300008072.0;1;34;34337;1;1;1.0;3.0;43,52572900;3,83985000;
202300008073.0;1;78;78455;2;1;1.0;7.0;48,83745100;2,06869200;
202300008074.0;2;35;35238;2;2;1.0;3.0;48,09590000; -1,66150000;
202300008075.0;1;54;54274;1;1;1.0;4.0;48,67357000;6,19616000;
202300008076.0;1;95;95018;1;1;1.0;2.0;48,96209000;2,26724000;
202300008077.0;3;35;35238;1;1;1.0;5.0;48,08089355; -1,67097867;
202300008078.0;5;45;45068;2;1;1.0;3.0;48,01292900;2,71802300;
202300008079.0;1;82;82025;1;1;1.0;4.0;43,93950100;1,32144900;
202300008080.0;2;33;33192;2;6;1.0;3.0;44,76581000; -0,63922000;
202300008081.0;1;93;93066;1;1;1.0;2.0;48,91934000;2,35742000;
202300008082.0;5;38;38185;2;5;1.0;3.0;45,19232000;5,72043000;
202300008083.0;3;17;17219;1;1;1.0;1.0;45,82452300; -1,04488100;
202300008084.0;1;33;33032;2;1;1.0;6.0;44,90302000; -0,51320000;
202300008085.0;1;37;37261;2;1;1.0;6.0;47,38043000;0,69928000;
202300008086.0;2;42;42009;2;1;1.0;1.0;45,77116400;4,04332300;
202300008087.0;5;31;31555;2;1;2.0;6.0;43,59030000;1,42020400;
202300008088.0;1;35;35238;2;2;1.0;3.0;48,08669000; -1,67500000;
202300008089.0;3;77;77192;1;1;1.0;1.0;48,70149800;2,82846500;
202300008090.0;1;95;95018;1;1;1.0;5.0;48,96209000;2,26724000;
202300008091.0;1;33;33249;2;1;1.0;3.0;44,86863000; -0,53773000;
202300008092.0;1;91;91661;1;1;7.0;1.0;48,69387400;2,23761600;
202300008093.0;3;29;29232;2;1;1.0;5.0;47,98306669; -4,11074257;
202300008094.0;1;33;33063;2;3;1.0;6.0;44,84721000; -0,57669000;
202300008095.0;3;05;05052;1;1;1.0;6.0;44,68623970;6,69830760;
202300008096.0;5;29;29019;1;1;1.0;2.0;48,42257538; -4,47700816;
202300008097.0;1;93;93064;1;1;1.0;3.0;48,88339239;2,46986931;
202300008098.0;1;33;33063;2;2;1.0;3.0;44,85802000; -0,58779000;
202300008099.0;1;05;05178;1;1;1.0;3.0;44,37371700;5,92849700;
202300008100.0;1;29;29019;2;1;1.0;3.0;48,38067700; -4,48772000;
202300008101.0;1;31;31555;2;1;8.0;6.0;43,57538000;1,44057000;
202300008102.0;1;89;89387;2;1;1.0;2.0;48,21243000;3,26448000;
202300008103.0;1;29;29019;1;3;2.0;2.0;48,44940700; -4,49424500;
202300008104.0;3;28;28134;2;1;1.0;6.0;48,74774000;1,40120000;
202300008105.0;1;93;93010;1;1;1.0;5.0;48,90722835;2,47254249;
202300008106.0;2;67;67400;1;1;1.0;7.0;48,97548500;7,93768600;
202300008107.0;5;27;27229;2;1;1.0;6.0;49,02802700;1,14364500;
202300008108.0;1;27;27681;2;1;1.0;3.0;49,09246000;1,48176000;
202300008109.0;1;27;27229;2;1;1.0;6.0;49,02675000;1,14821000;
202300008110.0;1;93;93078;1;1;1.0;3.0;48,95789816;2,53055763;
202300008111.0;1;69;69009;2;3;1.0;3.0;45,94395906;4,72602745;
202300008112.0;1;27;27229;2;1;1.0;2.0;49,00945000;1,15611000;
202300008113.0;1;69;69295;2;1;1.0;7.0;45,60575200;4,87986100;
202300008114.0;3;26;26198;1;6;1.0;6.0;44,53251000;4,73765000;
202300008115.0;1;27;27229;2;1;2.0;4.0;49,02344000;1,13728000;
202300008116.0;1;93;93051;1;1;1.0;2.0;48,83515238;2,57609455;
202300008117.0;1;79;79049;1;1;1.0;7.0;46,79074600; -0,43033400;
202300008118.0;1;26;26198;2;1;1.0;6.0;44,55392000;4,76085000;
202300008119.0;2;27;27229;2;1;2.0;2.0;49,03118000;1,15991000;
202300008120.0;1;22;22113;2;1;1.0;2.0;48,73455000; -3,44430000;
202300008121.0;1;86;86078;2;1;1.0;7.0;46,14797100;0,29387400;
202300008122.0;3;77;77372;1;1;1.0;2.0;48,88899400;2,66746900;
202300008123.0;5;27;27229;2;1;2.0;3.0;49,03288000;1,15547000;
202300008124.0;3;38;38544;1;1;2.0;6.0;45,50169000;4,89334000;
202300008125.0;5;18;18033;2;2;1.0;3.0;47,07977000;2,38216000;
202300008126.0;1;25;25056;2;1;2.0;6.0;47,25417000;6,01520000;
202300008127.0;1;85;85071;2;3;1.0;1.0;46,75719000; -1,85279000;
202300008128.0;5;15;15014;2;1;2.0;6.0;44,91029900;2,45163100;
202300008129.0;1;49;49099;2;1;7.0;6.0;47,06317000; -0,86567000;
202300008130.0;1;49;49035;1;1;1.0;7.0;47,41514400; -0,64591900;
202300008131.0;5;11;11069;2;9;2.0;3.0;43,20847000;2,33194000;
202300008132.0;1;61;61141;1;1;1.0;3.0;48,46083800;0,02903700;
202300008133.0;1;10;10387;2;1;1.0;7.0;48,27289900;4,07684700;
202300008134.0;5;13;13206;2;2;6.0;2.0;43,28943000;5,37616000;
202300008135.0;3;22;22149;2;1;1.0;6.0;48,27819200; -2,89417400;
202300008136.0;1;85;85194;2;1;1.0;7.0;46,49610000; -1,77410000;
202300008137.0;1;07;07102;2;2;1.0;3.0;44,93306000;4,87367000;
202300008138.0;5;13;13211;2;1;1.0;3.0;43,29391976;5,44493745;
202300008139.0;1;27;27343;1;1;7.0;1.0;49,06270400;1,36541600;
202300008140.0;1;06;06029;2;3;2.0;3.0;43,56491000;7,02636000;
202300008141.0;1;974;97416;1;1;1.0;2.0; -21,31088000;55,43498000;
202300008142.0;1;13;13213;2;1;1.0;1.0;43,32262000;5,45707000;
202300008143.0;2;75;75120;2;1;1.0;3.0;48,87237600;2,41250400;
202300008144.0;1;27;27599;1;1;1.0;7.0;49,15009300;1,38105900;
202300008145.0;1;13;13206;2;2;1.0;3.0;43,28591000;5,38796000;
202300008146.0;1;75;75115;2;1;1.0;3.0;48,83492700;2,26677300;
202300008147.0;1;13;13202;2;1;1.0;1.0;43,30127000;5,36614000;
202300008148.0;1;75;75120;2;1;1.0;3.0;48,85515200;2,40614100;
202300008149.0;1;76;76610;1;6;1.0;4.0;49,62521438;0,78907907;
202300008150.0;1;75;75119;2;1;1.0;6.0;48,87466100;2,38300800;
202300008151.0;5;13;13207;2;1;1.0;2.0;43,29167000;5,37202000;
202300008152.0;1;973;97302;1;1;1.0;3.0;4,92882000; -52,32920000;
202300008153.0;5;75;75119;2;3;1.0;6.0;48,88295600;2,37061300;
202300008154.0;1;60;60589;2;1;1.0;4.0;49,24283400;2,47089400;
202300008155.0;1;13;13001;2;1;1.0;3.0;43,52749765;5,44275557;
202300008156.0;1;75;75118;2;2;8.0;6.0;48,88992600;2,36308500;
202300008157.0;1;02;02495;1;2;1.0;3.0;49,95992800;4,01339200;
202300008158.0;3;12;12202;2;1;2.0;6.0;44,36029000;2,56358000;
202300008159.0;5;75;75117;2;2;1.0;3.0;48,88155200;2,30069500;
202300008160.0;1;973;97302;2;6;1.0;3.0;4,90699000; -52,32227000;
202300008161.0;1;10;10387;2;1;8.0;6.0;48,29478000;4,06800000;
202300008162.0;5;75;75115;2;2;1.0;3.0;48,84639700;2,28317100;
202300008163.0;1;13;13211;1;1;1.0;2.0;43,29290000;5,46960000;
202300008164.0;1;10;10387;2;1;1.0;7.0;48,30349000;4,05814000;
202300008165.0;1;75;75113;2;1;1.0;2.0;48,82938800;2,35632000;
202300008166.0;3;09;09122;2;1;1.0;6.0;42,98637000;1,61558000;
202300008167.0;3;13;13211;1;1;1.0;2.0;43,29344000;5,45678000;
202300008168.0;1;75;75112;2;1;1.0;3.0;48,84127600;2,37338700;
202300008169.0;1;06;06069;2;1;1.0;3.0;43,65650000;6,92808000;
202300008170.0;5;75;75112;2;3;1.0;3.0;48,84961500;2,37428300;
202300008171.0;1;13;13213;1;1;1.0;2.0;43,32673000;5,42048000;
202300008172.0;5;75;75115;2;1;1.0;2.0;48,82806100;2,29094600;
202300008173.0;1;75;75103;2;2;1.0;3.0;48,85682600;2,36599800;
202300008174.0;1;69;69387;2;1;1.0;1.0;45,75556000;4,84186000;
202300008175.0;5;75;75116;2;1;1.0;4.0;48,85937700;2,26286700;
202300008176.0;5;75;75101;2;1;1.0;6.0;48,85906600;2,33908700;
202300008177.0;1;67;67152;1;1;1.0;4.0;48,52485000;7,66392000;
202300008178.0;5;75;75118;2;1;1.0;2.0;48,90080200;2,36980700;
202300008179.0;2;94;94060;1;1;1.0;2.0;48,78722000;2,56254000;
202300008180.0;1;91;91471;1;1;1.0;2.0;48,71209000;2,18333000;
202300008181.0;1;75;75112;2;3;1.0;6.0;48,83593200;2,40565700;
202300008182.0;2;94;94034;2;1;1.0;1.0;48,75912000;2,32946000;
202300008183.0;1;92;92002;1;1;1.0;2.0;48,73068000;2,30871000;
202300008184.0;1;972;97209;2;1;1.0;3.0;14,62002000; -61,04891000;
202300008185.0;5;75;75116;2;7;1.0;1.0;48,86041400;2,29115300;
202300008186.0;1;93;93073;1;1;1.0;5.0;48,99092000;2,52421000;
202300008187.0;5;75;75120;2;3;1.0;3.0;48,85872400;2,41474400;
202300008188.0;1;91;91228;1;1;1.0;3.0;48,63020000;2,40974000;
202300008189.0;5;93;93066;2;1;1.0;3.0;48,93912000;2,37977520;
202300008190.0;1;2B;2B033;2;2;1.0;3.0;42,67000000;9,44000000;
202300008191.0;5;75;75120;2;3;1.0;3.0;48,87055800;2,40881300;
202300008192.0;5;93;93055;2;3;1.0;3.0;48,89176000;2,40643000;
202300008193.0;3;91;91553;1;9;1.0;2.0;48,62933000;2,48327000;
202300008194.0;1;93;93006;2;1;1.0;6.0;48,86978083;2,42619485;
202300008195.0;1;75;75119;2;2;1.0;1.0;48,88607500;2,39824500;
202300008196.0;1;92;92036;1;1;1.0;3.0;48,93557975;2,30154336;
202300008197.0;1;93;93001;2;3;1.0;3.0;48,91346000;2,38631000;
202300008198.0;3;75;75116;2;3;1.0;3.0;48,86321000;2,26855200;
202300008199.0;1;92;92064;1;1;1.0;5.0;48,83958871;2,20076990;
202300008200.0;1;92;92078;2;1;1.0;1.0;48,93824400;2,32415000;
202300008201.0;1;75;75116;2;7;1.0;3.0;48,83840342;2,25696078;
202300008202.0;1;92;92044;2;2;1.0;7.0;48,89129479;2,28579193;
202300008203.0;1;971;97101;1;1;1.0;2.0;16,25063000; -61,53247000;
202300008204.0;1;75;75115;2;1;1.0;6.0;48,84466500;2,31860600;
202300008205.0;2;92;92026;2;1;1.0;3.0;48,89814000;2,26402000;
202300008206.0;1;78;78007;1;1;1.0;4.0;48,89871900;2,00572100;
202300008207.0;5;971;97107;2;1;1.0;6.0;16,05068355; -61,56260043;
202300008208.0;1;13;13001;1;1;1.0;4.0;43,51837000;5,43300000;
202300008209.0;1;95;95218;1;1;1.0;2.0;49,03544363;2,09728717;
202300008210.0;3;75;75114;2;2;1.0;3.0;48,83369500;2,33192000;
202300008211.0;1;95;95428;2;1;1.0;2.0;48,99851000;2,32208000;
202300008212.0;3;69;69259;1;1;1.0;6.0;45,68527591;4,87794394;
202300008213.0;1;93;93010;1;1;1.0;3.0;48,90625339;2,47214056;
202300008214.0;1;91;91468;1;1;1.0;7.0;48,57519000;2,46595000;
202300008215.0;5;75;75113;2;2;1.0;6.0;48,82157400;2,37248100;
202300008216.0;1;95;95527;1;9;1.0;3.0;48,99732912;2,51855830;
202300008217.0;3;94;94034;1;1;1.0;2.0;48,75769527;2,33590151;
202300008218.0;5;75;75113;2;3;1.0;6.0;48,81913700;2,35957500;
202300008219.0;3;91;91477;1;1;1.0;6.0;48,71839000;2,25622000;
202300008220.0;1;95;95555;2;2;1.0;2.0;48,96415792;2,28866994;
202300008221.0;5;75;75113;2;3;1.0;2.0;48,83434000;2,35354000;
202300008222.0;3;95;95277;1;1;1.0;6.0;48,96973000;2,48227000;
202300008223.0;3;77;77384;1;1;1.0;2.0;48,59670000;2,61000000;
202300008224.0;1;95;95197;2;1;1.0;6.0;48,96573000;2,31777200;
202300008225.0;1;93;93027;1;1;1.0;6.0;48,93720852;2,40978107;
202300008226.0;1;75;75111;2;3;1.0;6.0;48,85359100;2,38040600;
202300008227.0;4;94;94038;1;1;1.0;4.0;48,78809908;2,34493544;
202300008228.0;1;94;94022;1;1;1.0;4.0;48,77568996;2,41313841;
202300008229.0;5;75;75111;2;3;2.0;2.0;48,85546900;2,37052500;
202300008230.0;1;95;95555;2;1;1.0;1.0;48,97108326;2,29290247;
202300008231.0;1;94;94002;1;1;1.0;2.0;48,77615440;2,42762751;
202300008232.0;5;93;93066;1;1;1.0;2.0;48,91598000;2,35784000;
202300008233.0;2;75;75110;2;3;1.0;1.0;48,88064000;2,36201700;
202300008234.0;1;95;95582;2;3;1.0;3.0;48,98002800;2,24321900;
202300008235.0;1;77;77294;1;1;1.0;6.0;48,96069827;2,61897152;
202300008236.0;5;75;75108;2;3;1.0;6.0;48,87378269;2,32057983;
202300008237.0;1;94;94022;1;1;1.0;2.0;48,77323814;2,39995477;
202300008238.0;3;93;93078;1;1;1.0;2.0;48,96569101;2,55693444;
202300008239.0;1;87;87085;1;1;1.0;6.0;45,86109200;1,17294500;
202300008240.0;5;75;75108;2;2;2.0;3.0;48,87774400;2,31559400;
202300008241.0;1;93;93051;1;1;1.0;3.0;48,83642302;2,55202737;
202300008242.0;5;87;87085;2;2;1.0;3.0;45,81742000;1,25280000;
202300008243.0;1;94;94052;2;1;1.0;4.0;48,84335000;2,48598000;
202300008244.0;2;74;74010;2;1;1.0;6.0;45,88230500;6,09951500;
202300008245.0;4;74;74250;2;6;1.0;6.0;46,07310000;6,39479700;
202300008246.0;1;87;87085;2;2;1.0;3.0;45,85180000;1,26472000;
202300008247.0;5;94;94073;2;9;1.0;3.0;48,76292775;2,36845232;
202300008248.0;1;87;87065;2;1;1.0;2.0;45,81848000;1,29536000;
202300008249.0;1;74;74225;2;1;1.0;6.0;45,85652000;5,94412000;
202300008250.0;5;94;94028;2;9;1.0;3.0;48,79928000;2,46628000;
202300008251.0;2;74;74282;1;1;1.0;6.0;46,04045700;6,24510500;
202300008252.0;1;94;94077;1;9;2.0;3.0;48,74036000;2,40914000;
202300008253.0;5;84;84007;2;7;1.0;2.0;43,95013000;4,82015000;
202300008254.0;1;74;74010;2;1;1.0;3.0;45,88976200;6,11492700;
202300008255.0;3;74;74188;1;1;1.0;6.0;46,20967800;6,72073100;
202300008256.0;5;94;94071;2;6;1.0;3.0;48,77444000;2,51095000;
202300008257.0;1;74;74263;2;9;1.0;1.0;46,32930600;6,38130800;
202300008258.0;5;94;94002;2;9;1.0;3.0;48,81452962;2,41119843;
202300008259.0;1;75;75112;2;1;1.0;3.0;48,83254200;2,40610900;
202300008260.0;1;93;93073;2;2;1.0;3.0;48,96159000;2,57065000;
202300008261.0;1;75;75112;2;1;1.0;2.0;48,83092700;2,40299100;
202300008262.0;5;83;83118;2;1;1.0;3.0;43,41791864;6,82560052;
202300008263.0;5;93;93078;2;2;1.0;3.0;48,94809406;2,56120727;
202300008264.0;5;93;93072;2;3;1.0;3.0;48,95946000;2,39877000;
202300008265.0;1;75;75109;2;2;1.0;3.0;48,87605800;2,33713000;
202300008266.0;1;80;80021;2;1;1.0;6.0;49,89668000;2,30038000;
202300008267.0;1;93;93064;2;2;1.0;3.0;48,88591087;2,47265875;
202300008268.0;1;75;75118;2;3;1.0;6.0;48,88610500;2,35952500;
202300008269.0;1;93;93055;2;1;8.0;6.0;48,90171000;2,41359000;
202300008270.0;1;93;93051;2;1;1.0;6.0;48,84727777;2,54884066;
202300008271.0;1;75;75118;2;2;1.0;1.0;48,89252400;2,34431000;
202300008272.0;1;93;93010;2;1;8.0;6.0;48,89601606;2,47716781;
202300008273.0;1;75;75116;2;2;1.0;2.0;48,85854800;2,24487900;
202300008274.0;1;93;93007;2;1;1.0;3.0;48,92913800;2,47898300;
202300008275.0;1;78;78638;1;3;1.0;2.0;49,01989000;1,95909000;
202300008276.0;5;50;50218;2;9;2.0;6.0;48,83794000; -1,58646000;
202300008277.0;1;93;93007;2;2;1.0;6.0;48,92901300;2,47815800;
202300008278.0;1;13;13210;2;2;1.0;6.0;43,27753000;5,42040800;
202300008279.0;1;75;75116;2;1;1.0;3.0;48,85120300;2,25329500;
202300008280.0;1;92;92046;2;1;2.0;6.0;48,81394486;2,28851885;
202300008281.0;1;69;69264;2;9;1.0;6.0;45,99706000;4,73013000;
202300008282.0;1;75;75115;2;2;1.0;3.0;48,84811000;2,29012300;
202300008283.0;1;92;92063;2;1;1.0;3.0;48,87038834;2,19647160;
202300008284.0;5;92;92004;2;1;2.0;3.0;48,91066274;2,29088567;
202300008285.0;1;54;54206;1;1;1.0;3.0;48,52360407;6,53742313;
202300008286.0;1;67;67482;2;1;1.0;6.0;48,58430000;7,73610000;
202300008287.0;1;75;75112;2;1;1.0;3.0;48,83737500;2,38271000;
202300008288.0;2;92;92063;2;9;1.0;3.0;48,88687591;2,17031658;
202300008289.0;1;72;72310;1;1;2.0;1.0;48,03082700;0,18752900;
202300008290.0;5;92;92004;2;1;1.0;2.0;48,91637682;2,30807863;
202300008291.0;1;67;67482;2;1;1.0;6.0;48,57291000;7,75935000;
202300008292.0;1;66;66136;2;1;1.0;6.0;42,69016156;2,90819049;
202300008293.0;4;92;92009;2;6;1.0;1.0;48,91247506;2,26162076;
202300008294.0;1;75;75111;2;3;1.0;3.0;48,85812700;2,37194700;
202300008295.0;1;36;36123;2;2;1.0;3.0;46,82118999;1,20929539;
202300008296.0;5;92;92051;2;3;1.0;4.0;48,88241036;2,26756167;
202300008297.0;1;42;42323;2;3;1.0;6.0;45,56150600;4,28640600;
202300008298.0;1;64;64373;2;3;1.0;3.0;43,27680000; -0,35693000;
202300008299.0;1;75;75111;2;2;1.0;1.0;48,85326900;2,37727600;
202300008300.0;1;40;40194;1;3;1.0;3.0;43,71669400; -0,84250300;
202300008301.0;2;92;92035;2;1;1.0;2.0;48,90676468;2,25565624;
202300008302.0;3;58;58024;1;1;2.0;6.0;47,13771700;3,60681500;
202300008303.0;1;63;63113;2;6;1.0;3.0;45,78808000;3,13919000;
202300008304.0;1;17;17223;1;1;2.0;7.0;45,86958800; -0,20462600;
202300008305.0;1;75;75111;2;3;1.0;3.0;48,86864100;2,37208600;
202300008306.0;2;54;54458;1;1;3.0;2.0;48,61217200;6,82856100;
202300008307.0;1;92;92024;2;3;1.0;3.0;48,89992074;2,31444485;
202300008308.0;1;63;63075;2;1;1.0;3.0;45,77543000;3,05692000;
202300008309.0;5;30;30011;1;1;1.0;7.0;43,95596907;4,75553298;
202300008310.0;2;37;37083;2;6;1.0;3.0;47,25547320;0,84147334;
202300008311.0;1;59;59220;2;1;1.0;6.0;50,58871200;3,07783200;
202300008312.0;1;75;75108;2;5;1.0;3.0;48,86590600;2,31990700;
202300008313.0;5;92;92012;2;1;1.0;3.0;48,83087106;2,24509925;
202300008314.0;5;30;30189;2;1;1.0;3.0;43,81980000;4,35550000;
202300008315.0;2;59;59295;1;1;1.0;1.0;50,73863023;2,53348510;
202300008316.0;1;72;72386;1;1;2.0;2.0;48,05047800;0,29935100;
202300008317.0;1;92;92012;2;9;1.0;6.0;48,84333903;2,23635650;
202300008318.0;1;75;75104;2;5;1.0;7.0;48,85567400;2,34832200;
202300008319.0;1;58;58194;2;1;1.0;2.0;47,00085000;3,15658000;
202300008320.0;1;57;57592;1;3;1.0;6.0;48,82934600;7,01875100;
202300008321.0;1;75;75104;2;5;1.0;7.0;48,85554500;2,35969100;
202300008322.0;1;05;05061;2;3;1.0;6.0;44,56993000;6,09099000;
202300008323.0;1;56;56121;2;2;1.0;3.0;47,75573000; -3,35479000;
202300008324.0;1;13;13044;1;9;1.0;3.0;43,62040000;5,04061600;
202300008325.0;1;28;28398;1;1;1.0;7.0;48,23672900;1,05237000;
202300008326.0;1;63;63419;1;1;1.0;1.0;46,13975000;2,94232400;
202300008327.0;1;75;75101;2;2;1.0;3.0;48,86011000;2,34361000;
202300008328.0;1;56;56121;2;3;1.0;1.0;47,74404500; -3,39182000;
202300008329.0;1;52;52121;1;1;1.0;7.0;48,12806000;5,19138000;
202300008330.0;5;51;51058;2;1;1.0;6.0;49,22007300;4,00545000;
202300008331.0;1;62;62108;2;3;1.0;6.0;50,40526000;1,56351000;
202300008332.0;1;974;97412;2;6;1.0;6.0; -21,37283300;55,62073200;
202300008333.0;3;79;79003;1;1;1.0;2.0;46,26290900; -0,41576400;
202300008334.0;1;51;51454;2;2;1.0;1.0;49,24552900;4,01789500;
202300008335.0;3;39;39431;1;1;2.0;7.0;46,58506800;5,62900000;
202300008336.0;5;94;94003;2;1;1.0;6.0;48,79915816;2,34484291;
202300008337.0;3;06;06149;1;1;1.0;6.0;43,73408100;7,31649800;
202300008338.0;1;49;49007;2;2;1.0;3.0;47,47383000; -0,57551000;
202300008339.0;2;01;01153;1;1;1.0;1.0;46,30626700;6,04735900;
202300008340.0;1;49;49015;2;1;1.0;6.0;47,50004800; -0,58357700;
202300008341.0;1;94;94038;2;1;1.0;6.0;48,77362000;2,33455000;
202300008342.0;1;87;87206;1;1;1.0;7.0;46,18387800;1,21036300;