Num_Acc;lum;departement;commune;agglomeration;intersection;meteo;type_collision;lat;long;date
202300008343.0;3;44;44184;2;1;1.0;7.0;47,25725000; -2,26969000;
202300008344.0;2;45;45316;1;1;8.0;1.0;47,93774800;2,38766500;
202300008345.0;3;2B;2B009;1;1;1.0;3.0;42,12029800;9,48599700;
202300008346.0;1;06;06070;1;1;1.0;7.0;43,80735300;6,89125300;
202300008347.0;1;01;01249;2;3;1.0;3.0;45,82503900;4,95406700;
202300008348.0;1;94;94033;2;9;1.0;1.0;48,85272207;2,47140911;
202300008349.0;1;37;37214;2;2;1.0;3.0;47,41891000;0,66879000;
202300008350.0;1;19;19186;1;1;1.0;6.0;45,16348654;1,90990019;
202300008351.0;1;37;37261;2;2;1.0;3.0;47,38665000;0,68008000;
202300008352.0;5;74;74118;2;1;2.0;6.0;46,17000000;6,24000000;
202300008353.0;1;06;06075;1;1;1.0;3.0;43,82703000;7,25945000;
202300008354.0;2;94;94028;2;1;1.0;1.0;48,76882667;2,46000939;
202300008355.0;2;35;35288;1;1;1.0;7.0;48,65083000; -1,96316000;
202300008356.0;2;56;56053;1;1;1.0;2.0;47,74260600; -2,57243700;
202300008357.0;1;76;76304;2;1;1.0;7.0;49,65206600;0,43263200;
202300008358.0;1;94;94054;2;1;1.0;6.0;48,74210700;2,39373200;
202300008359.0;1;35;35055;2;3;1.0;3.0;48,08762000; -1,62558000;
202300008360.0;3;74;74070;1;1;8.0;5.0;46,28585300;6,26426700;
202300008361.0;5;67;67268;2;2;1.0;3.0;48,49036600;7,67551700;
202300008362.0;3;2A;2A085;1;1;1.0;6.0;41,91312800;8,88323500;
202300008363.0;1;35;35238;2;2;1.0;1.0;48,12787000; -1,68337000;
202300008364.0;1;94;94055;2;3;1.0;3.0;48,79550990;2,55022884;
202300008365.0;1;38;38059;2;7;1.0;6.0;45,13929600;5,77720000;
202300008366.0;1;74;74012;2;1;3.0;2.0;46,18640000;6,24760000;
202300008367.0;1;34;34032;2;2;1.0;3.0;43,35547000;3,22194000;
202300008368.0;2;89;89255;1;1;1.0;6.0;48,30505300;3,21625800;
202300008369.0;1;74;74010;2;1;1.0;6.0;45,89240000;6,09130000;
202300008370.0;5;34;34032;2;2;1.0;3.0;43,34251000;3,22139000;
202300008371.0;5;38;38158;2;6;1.0;3.0;45,16173600;5,74439000;
202300008372.0;1;94;94053;2;1;1.0;3.0;48,78694000;2,56257000;
202300008373.0;1;34;34032;2;1;1.0;7.0;43,34178000;3,24380000;
202300008374.0;1;74;74010;2;6;1.0;6.0;45,90019000;6,11595000;
202300008375.0;1;89;89189;1;1;1.0;1.0;48,29240200;3,25371300;
202300008376.0;1;33;33318;2;1;1.0;1.0;44,78782000; -0,63593000;
202300008377.0;1;01;01213;1;2;1.0;6.0;45,94280200;5,30982700;
202300008378.0;3;74;74010;2;2;1.0;3.0;45,91050000;6,13779000;
202300008379.0;1;93;93071;2;9;1.0;1.0;48,93830000;2,51334000;
202300008380.0;1;33;33529;1;1;1.0;2.0;44,60853300; -1,13179600;
202300008381.0;1;69;69040;2;1;1.0;3.0;45,79401000;4,79370800;
202300008382.0;1;28;28218;2;1;1.0;6.0;48,43590000;1,45349000;
202300008383.0;5;09;09122;2;1;3.0;6.0;42,96691000;1,60596000;
202300008384.0;2;68;68062;2;3;2.0;3.0;47,62858200;7,22147200;
202300008385.0;1;27;27229;2;4;1.0;3.0;49,01889000;1,11830000;
202300008386.0;1;93;93070;2;3;1.0;1.0;48,90299000;2,33400000;
202300008387.0;1;70;70550;2;1;7.0;6.0;47,62292600;6,16062800;
202300008388.0;3;25;25012;1;1;4.0;6.0;46,95357300;6,45399600;
202300008389.0;1;22;22174;1;2;1.0;3.0;48,59582800; -2,32865000;
202300008390.0;1;93;93048;2;1;1.0;3.0;48,85608425;2,42505742;
202300008391.0;1;29;29239;1;1;1.0;1.0;48,70231445; -3,98912757;
202300008392.0;1;25;25056;2;1;1.0;3.0;47,21957400;6,01322800;
202300008393.0;1;69;69290;1;1;1.0;6.0;45,69327754;4,96905355;
202300008394.0;1;14;14258;2;6;2.0;3.0;48,90290800; -0,20406200;
202300008395.0;1;25;25056;2;1;1.0;2.0;47,23231200;6,01400730;
202300008396.0;1;01;01263;2;3;1.0;1.0;46,08913000;4,75484000;
202300008397.0;1;93;93029;2;3;1.0;3.0;48,92063773;2,45667482;
202300008398.0;1;17;17415;2;6;1.0;7.0;45,74609000; -0,60111000;
202300008399.0;5;92;92035;2;3;1.0;3.0;48,90608373;2,25819813;
202300008400.0;1;14;14362;1;1;1.0;7.0;49,05896400;0,12102100;
202300008401.0;1;33;33063;1;1;1.0;5.0;44,88084997; -0,54203153;
202300008402.0;1;14;14699;2;1;1.0;1.0;49,34673000;0,10189000;
202300008403.0;1;93;93013;2;1;1.0;3.0;48,93203506;2,42695560;
202300008404.0;1;14;14312;1;1;1.0;6.0;49,37307500; -1,03982800;
202300008405.0;5;93;93014;2;1;1.0;6.0;48,90100000;2,54763000;
202300008406.0;1;14;14118;2;3;1.0;3.0;49,18038000; -0,34668000;
202300008407.0;1;59;59646;1;1;1.0;2.0;50,67921000;3,12479000;
202300008408.0;2;971;97129;1;3;1.0;2.0;16,29789800; -61,67100200;
202300008409.0;5;93;93001;2;1;1.0;6.0;48,90986961;2,36735697;
202300008410.0;1;14;14437;1;3;1.0;3.0;49,18055000; -0,32688000;
202300008411.0;3;91;91161;1;1;1.0;2.0;48,70174800;2,30860000;
202300008412.0;5;78;78401;2;1;2.0;3.0;49,00634000;1,91194000;
202300008413.0;1;13;13208;2;1;1.0;6.0;43,28028000;5,39013000;
202300008414.0;3;27;27601;1;1;1.0;7.0;49,40946500;0,43653500;
202300008415.0;5;93;93001;2;2;1.0;3.0;48,90676000;2,38765000;
202300008416.0;1;49;49328;2;1;1.0;2.0;47,24734798; -0,09274811;
202300008417.0;1;13;13201;2;2;1.0;3.0;43,29612569;5,38147102;
202300008418.0;1;92;92064;2;1;1.0;7.0;48,83978000;2,21936000;
202300008419.0;1;27;27377;1;1;1.0;1.0;49,39085100;1,43742800;
202300008420.0;5;13;13209;2;1;1.0;1.0;43,27200000;5,40100000;
202300008421.0;1;78;78646;1;1;1.0;5.0;48,79179900;2,09725700;
202300008422.0;1;93;93055;2;1;1.0;2.0;48,89403462;2,41746157;
202300008423.0;1;92;92064;2;1;1.0;2.0;48,84190000;2,22138000;
202300008424.0;1;61;61463;1;1;1.0;1.0;48,59369700; -0,38544400;
202300008425.0;1;92;92064;1;1;1.0;3.0;48,83681424;2,18677838;
202300008426.0;2;13;13047;1;3;1.0;3.0;43,48903000;4,96522000;
202300008427.0;1;23;23030;2;3;1.0;3.0;45,95669200;1,76055400;
202300008428.0;3;05;05161;1;1;1.0;6.0;44,93785000;6,57857600;
202300008429.0;1;61;61018;1;1;1.0;1.0;48,93178900;0,29500000;
202300008430.0;1;92;92051;2;1;1.0;3.0;48,88435308;2,26939827;
202300008431.0;3;84;84017;1;1;1.0;1.0;44,10392000;5,22743200;
202300008432.0;1;10;10387;2;2;1.0;3.0;48,27600000;4,07787000;
202300008433.0;1;30;30227;1;3;1.0;1.0;44,26925800;4,19584400;
202300008434.0;3;55;55365;1;1;5.0;7.0;49,39391000;5,24949100;
202300008435.0;1;93;93007;1;1;1.0;4.0;48,94263000;2,47816000;
202300008436.0;1;92;92049;2;1;1.0;3.0;48,81276000;2,30156000;
202300008437.0;1;10;10060;2;2;1.0;6.0;48,25858000;4,09502000;
202300008438.0;3;92;92036;1;1;1.0;2.0;48,92997970;2,30228269;
202300008439.0;1;55;55010;2;3;1.0;3.0;48,63478400;5,02060200;
202300008440.0;5;95;95678;2;1;1.0;6.0;49,06759300;2,22860000;
202300008441.0;1;06;06088;2;1;1.0;3.0;43,67220000;7,22038000;
202300008442.0;4;93;93006;1;1;1.0;2.0;48,86612000;2,42228000;
202300008443.0;1;92;92040;2;3;1.0;3.0;48,81954298;2,27892458;
202300008444.0;2;73;73008;2;1;2.0;3.0;45,69886000;5,91462000;
202300008445.0;1;06;06069;2;1;1.0;2.0;43,64602800;6,93923100;
202300008446.0;1;49;49311;1;2;1.0;3.0;47,38382300; -0,08135700;
202300008447.0;3;82;82119;1;1;2.0;2.0;44,23329300;1,52942800;
202300008448.0;1;71;71486;1;1;1.0;7.0;46,63287000;4,31928000;
202300008449.0;1;06;06029;2;1;1.0;6.0;43,54950000;6,97652000;
202300008450.0;1;93;93053;1;1;1.0;4.0;48,89636832;2,47001756;
202300008451.0;1;92;92026;2;1;1.0;3.0;48,90334368;2,25606501;
202300008452.0;2;27;27229;2;1;1.0;6.0;49,00069000;1,15011000;
202300008453.0;1;05;05061;1;1;2.0;1.0;44,55829000;6,02065000;
202300008454.0;1;49;49182;1;1;1.0;2.0;47,22802000; -0,30860400;
202300008455.0;5;974;97418;2;4;1.0;1.0; -20,89702500;55,55752300;
202300008456.0;1;95;95527;1;1;1.0;4.0;48,99381000;2,51490800;
202300008457.0;1;01;01451;2;9;1.0;3.0;46,21483000;5,21692000;
202300008458.0;1;49;49369;1;1;1.0;7.0;47,38363600;0,10119100;
202300008459.0;5;92;92012;2;3;1.0;3.0;48,83466000;2,22607000;
202300008460.0;2;75;75120;2;3;8.0;3.0;48,85354418;2,41079852;
202300008461.0;1;77;77010;1;1;1.0;1.0;48,62554000;2,88697300;
202300008462.0;1;12;12299;2;1;1.0;6.0;44,09380000;2,70556600;
202300008463.0;1;75;75120;2;4;1.0;2.0;48,86475900;2,41207500;
202300008464.0;1;92;92004;2;1;1.0;6.0;48,93101113;2,27704391;
202300008465.0;1;95;95582;1;1;1.0;3.0;48,97538183;2,24142420;
202300008466.0;1;75;75116;2;7;1.0;2.0;48,87355500;2,29414900;
202300008467.0;1;2B;2B303;1;1;1.0;5.0;42,29396100;9,54687000;
202300008468.0;2;75;75118;2;1;2.0;7.0;48,88452700;2,36266700;
202300008469.0;2;12;12220;1;1;7.0;1.0;43,98188400;3,14839800;
202300008470.0;3;93;93078;1;1;1.0;6.0;48,96300436;2,52239723;
202300008471.0;1;75;75116;2;1;1.0;6.0;48,84853700;2,26535600;
202300008472.0;1;44;44092;1;3;1.0;3.0;47,68872000; -1,87490700;
202300008473.0;1;60;60024;1;2;1.0;3.0;49,40326600;2,67598600;
202300008474.0;1;12;12043;1;3;1.0;2.0;44,28453671;2,54443377;
202300008475.0;1;75;75115;2;5;1.0;2.0;48,83540600;2,26688500;
202300008476.0;3;59;59244;1;1;1.0;3.0;50,16599500;3,17446800;
202300008477.0;1;01;01434;1;1;1.0;6.0;45,99085000;5,09690000;
202300008478.0;1;94;94028;1;1;1.0;4.0;48,77702802;2,43912685;
202300008479.0;1;75;75114;2;1;1.0;6.0;48,83340500;2,31903700;
202300008480.0;3;11;11426;1;1;1.0;1.0;43,27723700;2,42837500;
202300008481.0;5;13;13014;2;1;1.0;1.0;43,47288500;5,16523200;
202300008482.0;1;12;12133;1;2;1.0;3.0;44,29075800;2,57103700;
202300008483.0;1;45;45187;1;1;1.0;6.0;47,86656300;2,47826900;
202300008484.0;1;71;71477;1;1;1.0;6.0;46,63625100;4,40869300;
202300008485.0;1;75;75114;2;3;1.0;1.0;48,83010400;2,32041700;
202300008486.0;1;46;46045;1;1;1.0;6.0;44,45355700;1,81943900;
202300008487.0;5;40;40304;2;1;1.0;7.0;43,66463100; -1,40337500;
202300008488.0;3;13;13106;1;1;1.0;2.0;43,38970000;5,35100000;
202300008489.0;1;63;63284;2;1;2.0;1.0;45,78893100;3,22546900;
202300008490.0;1;38;38185;2;1;1.0;1.0;45,18786000;5,72508000;
202300008491.0;1;75;75113;2;2;1.0;3.0;48,81888300;2,35953900;
202300008492.0;1;42;42166;2;1;1.0;7.0;45,99130800;4,09841500;
202300008493.0;3;86;86074;1;1;1.0;6.0;46,65431600;0,11396200;
202300008494.0;1;46;46247;2;2;1.0;3.0;44,33302700;1,76425000;
202300008495.0;1;27;27299;2;1;8.0;6.0;49,04397000;1,16053000;
202300008496.0;5;75;75112;2;2;1.0;3.0;48,85130300;2,37614800;
202300008497.0;1;64;64430;2;1;1.0;6.0;43,48664000; -0,77034000;
202300008498.0;1;31;31065;2;1;1.0;6.0;43,37897300;1,17768900;
202300008499.0;2;68;68224;2;1;1.0;6.0;47,74808000;7,30393000;
202300008500.0;2;46;46268;1;4;1.0;3.0;44,46792300;1,54487200;
202300008501.0;1;75;75112;2;1;1.0;6.0;48,83911000;2,40414000;
202300008502.0;3;41;41059;1;1;1.0;6.0;47,43974900;1,37120100;
202300008503.0;1;29;29181;1;6;1.0;3.0;48,47846789; -4,28707768;
202300008504.0;1;75;75112;2;1;1.0;2.0;48,84752200;2,40218200;
202300008505.0;1;01;01143;1;1;1.0;5.0;46,41457700;6,06112200;
202300008506.0;5;50;50129;2;3;1.0;3.0;49,62093000; -1,64228000;
202300008507.0;5;69;69387;2;4;1.0;3.0;45,74543051;4,85094589;
202300008508.0;1;22;22349;1;1;1.0;3.0;48,69176800; -3,55400000;
202300008509.0;1;17;17222;1;1;1.0;7.0;46,24259600; -1,12163500;
202300008510.0;1;75;75110;2;2;1.0;3.0;48,88061600;2,36203100;
202300008511.0;3;22;22008;1;1;1.0;3.0;48,41838600; -2,10785200;
202300008512.0;1;22;22046;1;1;1.0;6.0;48,22999000; -2,56367700;
202300008513.0;5;94;94002;2;2;2.0;3.0;48,79878900;2,42342000;
202300008514.0;1;75;75108;2;1;1.0;3.0;48,87578900;2,29958600;
202300008515.0;5;69;69383;2;2;1.0;3.0;45,76357133;4,84830739;
202300008516.0;1;14;14120;1;1;1.0;2.0;49,05060500; -0,74198200;
202300008517.0;1;39;39160;1;1;1.0;6.0;46,78212500;5,44675900;
202300008518.0;1;75;75101;2;2;1.0;6.0;48,86444100;2,35153500;
202300008519.0;5;92;92024;1;1;1.0;3.0;48,90746000;2,30019000;
202300008520.0;1;39;39535;1;1;7.0;7.0;46,86149400;5,66970800;
202300008521.0;1;69;69383;2;1;1.0;2.0;45,75433000;4,87716000;
202300008522.0;1;94;94081;2;1;1.0;6.0;48,79266332;2,38662395;
202300008523.0;2;13;13215;1;1;1.0;2.0;43,34930000;5,36930000;
202300008524.0;1;71;71215;2;3;1.0;3.0;46,87338000;4,93514100;
202300008525.0;2;25;25351;1;1;1.0;6.0;47,17994200;6,69243300;
202300008526.0;1;94;94043;2;1;1.0;3.0;48,81467400;2,36091200;
202300008527.0;1;57;57623;1;1;1.0;7.0;48,61926100;7,08850400;
202300008528.0;2;69;69383;2;3;1.0;1.0;45,74936000;4,87670000;
202300008529.0;1;13;13071;1;1;1.0;2.0;43,39251174;5,27676698;
202300008530.0;3;38;38434;1;1;1.0;5.0;45,51977400;5,53759200;
202300008531.0;2;25;25470;1;1;1.0;3.0;47,44697700;6,61354400;
202300008532.0;1;94;94041;2;3;1.0;6.0;48,80844600;2,40774500;
202300008533.0;3;64;64123;1;1;1.0;7.0;43,47392151; -1,11543855;
202300008534.0;5;83;83090;1;1;1.0;6.0;43,12514105;5,87488639;
202300008535.0;1;44;44220;1;1;1.0;6.0;47,19159400; -1,91447500;
202300008536.0;1;2B;2B033;2;3;1.0;2.0;42,68135000;9,44050000;
202300008537.0;1;94;94073;1;1;1.0;6.0;48,75949598;2,37090064;
202300008538.0;1;59;59384;1;2;1.0;3.0;50,12884600;3,74941700;
202300008539.0;1;35;35010;1;1;1.0;7.0;48,55897200; -1,69691600;
202300008540.0;1;94;94011;2;9;1.0;3.0;48,77485100;2,48986800;
202300008541.0;3;33;33080;1;1;2.0;2.0;44,75170374; -0,54212004;
202300008542.0;5;60;60505;2;9;2.0;3.0;49,15222600;2,54812000;
202300008543.0;1;56;56061;1;1;1.0;6.0;47,74415100; -2,11866800;
202300008544.0;1;971;97101;1;9;1.0;2.0;16,25326000; -61,54690000;
202300008545.0;3;29;29204;1;1;2.0;7.0;48,51472300; -4,23108100;
202300008546.0;5;94;94041;2;9;1.0;1.0;48,81482000;2,39087000;
202300008547.0;1;29;29024;1;1;1.0;6.0;48,26299800; -3,59211100;
202300008548.0;1;56;56061;2;1;1.0;6.0;47,76767800; -2,13040800;
202300008549.0;1;91;91161;2;1;1.0;3.0;48,71288500;2,29797700;
202300008550.0;3;78;78073;1;1;1.0;3.0;48,79756600;2,01527100;
202300008551.0;3;59;59646;1;1;1.0;4.0;50,66838000;3,11448000;
202300008552.0;2;29;29117;2;6;1.0;1.0;48,57018300; -4,51209400;
202300008553.0;1;93;93055;2;2;1.0;6.0;48,89175000;2,40497000;
202300008554.0;1;82;82026;1;4;1.0;1.0;44,05640100;1,67070000;
202300008555.0;3;73;73099;1;1;2.0;6.0;45,44048600;6,09603300;
202300008556.0;1;91;91345;2;1;1.0;3.0;48,69769500;2,29013000;
202300008557.0;1;93;93007;2;1;1.0;1.0;48,94772882;2,44840190;
202300008558.0;1;29;29171;1;1;1.0;5.0;47,82124265; -4,27988291;
202300008559.0;1;11;11358;1;1;1.0;3.0;42,82985800;2,21182500;
202300008560.0;1;91;91216;1;1;1.0;4.0;48,68520000;2,32742000;
202300008561.0;5;93;93066;2;1;1.0;6.0;48,92726011;2,35679933;
202300008562.0;1;91;91216;1;1;1.0;2.0;48,68343300;2,32892600;
202300008563.0;1;31;31107;2;6;1.0;3.0;43,29469000;1,21597100;
202300008564.0;1;92;92051;2;1;1.0;6.0;48,88919986;2,27313459;
202300008565.0;3;71;71187;1;1;1.0;6.0;46,74694800;4,51799900;
202300008566.0;1;91;91434;2;2;1.0;3.0;48,65419000;2,34942000;
202300008567.0;1;31;31145;2;1;1.0;6.0;43,30683500;1,53126100;
202300008568.0;3;92;92025;1;1;1.0;3.0;48,92441410;2,23084474;
202300008569.0;1;92;92025;2;1;1.0;1.0;48,92221322;2,23554906;
202300008570.0;1;63;63430;2;1;1.0;6.0;45,84623400;3,51284100;
202300008571.0;2;31;31574;1;6;7.0;6.0;43,44209800;1,41565700;
202300008572.0;1;18;18096;2;1;1.0;6.0;47,19442600;2,14203400;
202300008573.0;2;91;91228;2;1;2.0;3.0;48,63267000;2,43517000;
202300008574.0;5;92;92024;2;1;1.0;7.0;48,90338406;2,31280178;
202300008575.0;3;93;93010;1;1;1.0;2.0;48,89213000;2,47323000;
202300008576.0;1;12;12288;1;1;1.0;6.0;44,44941048;2,42621130;
202300008577.0;1;38;38189;1;2;7.0;3.0;45,63607400;5,06133400;
202300008578.0;1;92;92007;2;1;1.0;3.0;48,80480311;2,32221127;
202300008579.0;1;91;91223;2;1;1.0;6.0;48,43320000;2,16719000;
202300008580.0;3;95;95277;1;1;1.0;2.0;48,97697542;2,47517467;
202300008581.0;1;68;68025;1;2;1.0;3.0;47,48095900;7,29103800;
202300008582.0;3;95;95241;1;1;1.0;6.0;49,04997000;2,43100000;
202300008583.0;1;68;68155;2;1;1.0;6.0;48,09187900;7,29684800;
202300008584.0;1;60;60180;2;2;1.0;3.0;49,52088300;1,93003200;
202300008585.0;3;38;38012;1;1;1.0;6.0;45,60967000;5,60967900;
202300008586.0;1;77;77296;2;2;2.0;2.0;48,62738000;2,58036000;
202300008587.0;1;22;22266;1;3;1.0;3.0;48,25106200; -3,30464200;
202300008588.0;1;38;38439;1;3;7.0;1.0;45,36663500;6,02644400;
202300008589.0;1;38;38043;2;3;1.0;3.0;45,44496900;5,53406800;
202300008590.0;1;85;85137;1;4;1.0;3.0;46,53715200; -0,86285100;
202300008591.0;2;94;94069;1;1;1.0;3.0;48,81739242;2,43622472;
202300008592.0;1;77;77296;1;3;1.0;1.0;48,63014000;2,61773000;
202300008593.0;1;38;38422;1;1;1.0;6.0;45,14931900;5,86423500;
202300008594.0;1;40;40065;2;3;7.0;3.0;43,64272200; -1,42806700;
202300008595.0;1;38;38082;1;1;1.0;5.0;45,44364800;5,51322700;
202300008596.0;5;973;97302;2;3;1.0;3.0;4,93797000; -52,30633000;
202300008597.0;1;38;38543;1;1;1.0;1.0;45,64707100;5,49108300;
202300008598.0;1;976;97611;1;1;1.0;5.0; -12,79870638;45,20204544;
202300008599.0;2;15;15130;1;2;1.0;3.0;45,06351800;3,23920700;
202300008600.0;1;68;68331;1;3;1.0;3.0;48,04301300;7,47053300;
202300008601.0;1;77;77288;2;2;1.0;6.0;48,53406280;2,65460290;
202300008602.0;1;02;02003;2;1;1.0;6.0;49,35301400;3,42013100;
202300008603.0;1;974;97416;2;1;1.0;6.0; -21,33731000;55,47007000;
202300008604.0;3;15;15092;1;1;1.0;6.0;45,41912000;2,50056000;
202300008605.0;5;972;97209;1;1;1.0;6.0;14,63963000; -61,04151000;
202300008606.0;3;10;10363;1;1;1.0;1.0;48,22386134;4,13617810;
202300008607.0;1;03;03112;1;1;1.0;1.0;46,21524600;3,21154300;
202300008608.0;1;74;74281;1;1;1.0;1.0;46,38000000;6,50800000;
202300008609.0;1;974;97411;2;1;1.0;6.0; -20,89223000;55,46989000;
202300008610.0;5;972;97221;1;6;2.0;6.0;14,52623700; -60,98889900;
202300008611.0;1;01;01314;2;6;8.0;7.0;45,99707000;5,28136600;
202300008612.0;1;15;15104;1;1;1.0;6.0;44,72078200;2,24674700;
202300008613.0;2;87;87050;1;1;5.0;1.0;45,89242000;1,24900000;
202300008614.0;1;84;84056;1;1;1.0;1.0;44,11079200;4,89511200;
202300008615.0;1;06;06090;1;1;1.0;6.0;43,56382800;6,90828700;
202300008616.0;1;70;70507;1;1;1.0;3.0;47,44756100;6,03298500;
202300008617.0;1;974;97411;2;4;1.0;3.0; -20,89766000;55,46254000;
202300008618.0;2;09;09324;1;1;3.0;7.0;43,05371200;1,65018100;
202300008619.0;1;26;26116;1;1;1.0;2.0;44,43434300;4,74632400;
202300008620.0;5;76;76351;2;6;3.0;7.0;49,48928000;0,11114000;
202300008621.0;5;72;72181;2;1;1.0;4.0;47,97883000;0,20531000;
202300008622.0;1;26;26162;1;9;1.0;7.0;45,29903700;5,03975300;
202300008623.0;1;24;24159;1;1;1.0;1.0;45,12880400;0,23079900;
202300008624.0;1;12;12169;1;1;1.0;2.0;44,19219800;2,36436200;
202300008625.0;1;72;72181;2;6;1.0;6.0;48,01440000;0,16211000;
202300008626.0;5;76;76341;2;6;3.0;7.0;49,51192000;0,19938000;
202300008627.0;5;69;69387;2;8;1.0;3.0;45,73150000;4,82390000;
202300008628.0;1;26;26148;1;2;1.0;3.0;45,27400900;5,03498600;
202300008629.0;1;65;65270;2;1;1.0;6.0;43,21486100;0,17155400;
202300008630.0;1;72;72181;1;9;1.0;6.0;48,02800000;0,17500000;
202300008631.0;1;85;85280;1;1;1.0;1.0;46,85163000; -1,90707000;
202300008632.0;2;58;58079;2;1;1.0;6.0;47,46870800;3,52057300;
202300008633.0;1;57;57721;2;1;1.0;1.0;48,78103900;7,24536300;
202300008634.0;2;76;76447;2;6;1.0;3.0;49,54715000;0,18896000;
202300008635.0;1;58;58223;1;1;1.0;6.0;47,03746200;3,55373400;
202300008636.0;5;69;69387;2;2;1.0;6.0;45,73823000;4,83760000;
202300008637.0;5;69;69264;2;1;1.0;6.0;45,98506000;4,71808000;
202300008638.0;1;28;28098;1;1;1.0;3.0;48,75285700;1,46025400;
202300008639.0;1;19;19063;1;3;1.0;3.0;45,15780200;1,60112900;
202300008640.0;1;58;58177;1;1;1.0;6.0;47,14374100;3,87123200;
202300008641.0;5;76;76351;2;3;1.0;6.0;49,48999000;0,10355000;
202300008642.0;1;972;97209;2;1;1.0;2.0;14,60607000; -61,05889000;
202300008643.0;1;69;69264;2;1;1.0;6.0;45,99865000;4,71405000;
202300008644.0;1;19;19123;2;6;1.0;3.0;45,16899600;1,56015200;
202300008645.0;1;30;30161;1;1;1.0;6.0;44,02066000;4,10464000;
202300008646.0;5;14;14366;2;1;1.0;6.0;49,13634000;0,24041000;
202300008647.0;1;58;58088;1;1;1.0;3.0;47,01248600;3,20287400;
202300008648.0;2;77;77325;2;1;1.0;7.0;48,42318300;3,24894600;
202300008649.0;1;69;69259;2;1;1.0;1.0;45,71385000;4,87830000;
202300008650.0;5;92;92026;2;1;1.0;7.0;48,89435000;2,24903000;
202300008651.0;1;988;98825;1;3;1.0;3.0; -21,14951000;164,87821000;
202300008652.0;5;69;69389;2;2;1.0;3.0;45,78054000;4,80905000;
202300008653.0;3;76;76360;1;1;1.0;6.0;49,75136000;1,09905000;
202300008654.0;1;58;58303;2;1;1.0;3.0;47,01909900;3,14798000;
202300008655.0;2;67;67447;2;3;1.0;3.0;48,60449000;7,74740000;
202300008656.0;1;2B;2B305;2;1;1.0;3.0;42,72126700;9,45172900;
202300008657.0;3;988;98832;1;1;2.0;7.0; -22,23256000;167,00461100;
202300008658.0;1;69;69389;2;4;8.0;6.0;45,77354000;4,80042000;
202300008659.0;1;57;57269;2;1;1.0;3.0;49,30239800;6,21488200;
202300008660.0;1;58;58095;2;1;1.0;3.0;46,82809400;3,46009500;
202300008661.0;1;19;19274;1;1;1.0;7.0;45,16940290;1,46646792;
202300008662.0;5;67;67482;2;1;1.0;6.0;48,60298000;7,79258000;
202300008663.0;5;974;97422;2;1;1.0;7.0; -21,23832200;55,52054100;
202300008664.0;5;69;69382;2;1;1.0;7.0;45,74498492;4,82721716;
202300008665.0;1;41;41002;1;1;1.0;3.0;47,29548700;1,24379400;
202300008666.0;1;34;34237;1;1;1.0;3.0;43,50076000;3,30269000;
202300008667.0;1;58;58151;2;1;1.0;1.0;46,89580400;3,46677100;
202300008668.0;5;978;97801;1;1;1.0;6.0;18,06875900; -63,12139000;
202300008669.0;1;971;97105;2;1;1.0;6.0;15,99609521; -61,73097074;
202300008670.0;1;66;66136;2;1;1.0;3.0;42,69696000;2,90556000;
202300008671.0;1;11;11165;1;1;1.0;7.0;42,87228600;2,15397700;
202300008672.0;3;66;66024;2;1;1.0;6.0;42,51693500;2,83037400;
202300008673.0;2;988;98805;1;1;1.0;1.0; -22,18969000;166,48144400;
202300008674.0;1;42;42262;1;1;1.0;6.0;45,39333400;4,17852500;
202300008675.0;3;63;63103;1;1;1.0;7.0;45,91289339;3,08069676;
202300008676.0;1;95;95539;2;1;1.0;6.0;48,99489410;2,36513972;
202300008677.0;3;971;97121;1;1;1.0;1.0;16,20596400; -61,78058600;
202300008678.0;1;54;54206;1;1;1.0;6.0;48,52425070;6,55021191;
202300008679.0;1;986;98613;2;1;1.0;3.0; -13,28182400; -176,17629900;
202300008680.0;1;72;72180;2;1;1.0;7.0;48,35167100;0,37020300;
202300008681.0;5;91;91689;2;6;1.0;2.0;48,73654000;2,34798000;
202300008682.0;1;63;63113;2;5;1.0;3.0;45,76452000;3,12553000;
202300008683.0;1;91;91318;2;1;1.0;3.0;48,51661700;2,26807900;
202300008684.0;1;39;39432;2;3;1.0;3.0;47,22352800;5,50177900;
202300008685.0;3;77;77029;1;1;1.0;6.0;48,63765900;2,86275400;
202300008686.0;1;11;11433;1;1;1.0;6.0;43,30410600;2,47510500;
202300008687.0;1;44;44007;1;1;1.0;7.0;47,63711400; -1,97020100;
202300008688.0;1;72;72111;1;2;1.0;3.0;48,08108200;0,01765400;
202300008689.0;3;91;91433;2;6;8.0;2.0;48,45802000;2,17706000;
202300008690.0;1;29;29163;1;1;1.0;7.0;48,52413840; -3,86919123;
202300008691.0;1;84;84078;1;1;1.0;3.0;44,22989500;4,71266300;
202300008692.0;1;06;06086;1;1;1.0;7.0;43,97685700;7,39248600;