Num_Acc;lum;departement;commune;agglomeration;intersection;meteo;type_collision;lat;long;date
202300008693.0;1;60;60159;2;1;1.0;2.0;49,41800000;2,82955000;
202300008694.0;4;88;88484;2;1;1.0;6.0;48,11740000;6,36580000;
202300008695.0;1;14;14005;1;1;1.0;6.0;49,12214100; -0,12686800;
202300008696.0;1;56;56121;2;1;1.0;6.0;47,76261000; -3,39717000;
202300008697.0;1;01;01098;1;4;1.0;3.0;45,82072300;5,64280600;
202300008698.0;1;83;83065;1;3;1.0;3.0;43,25149000;6,57342900;
202300008699.0;5;87;87085;2;1;1.0;6.0;45,82815000;1,24140000;
202300008700.0;1;84;84150;1;1;1.0;1.0;44,34834300;4,95591800;
202300008701.0;1;14;14145;1;3;7.0;3.0;49,04131300; -0,27921600;
202300008702.0;2;01;01451;1;6;1.0;3.0;46,25938500;5,17653700;
202300008703.0;1;56;56121;2;1;1.0;2.0;47,74297000; -3,38874000;
202300008704.0;1;05;05079;1;1;1.0;1.0;45,04275500;6,41714200;
202300008705.0;3;84;84080;1;1;1.0;2.0;44,02962000;4,96762000;
202300008706.0;1;70;70134;1;1;1.0;1.0;47,63170600;6,07732800;
202300008707.0;1;62;62476;2;2;1.0;3.0;50,36055700;2,94755700;
202300008708.0;1;54;54265;2;1;1.0;2.0;48,64473000;6,18187000;
202300008709.0;1;07;07245;1;1;1.0;3.0;45,09273200;4,81895300;
202300008710.0;1;14;14041;1;1;1.0;5.0;49,39413300;0,18990000;
202300008711.0;3;70;70163;1;1;1.0;6.0;47,65661500;6,21957100;
202300008712.0;3;50;50003;2;1;1.0;7.0;49,04523800; -1,59091700;
202300008713.0;3;13;13005;1;1;1.0;2.0;43,28252000;5,57942000;
202300008714.0;1;17;17027;1;1;1.0;1.0;45,53774900; -0,48858600;
202300008715.0;1;26;26146;1;3;1.0;3.0;44,41905300;4,89800300;
202300008716.0;3;82;82121;2;1;1.0;6.0;44,03796000;1,35657000;
202300008717.0;1;54;54395;2;1;1.0;4.0;48,68782039;6,17381752;
202300008718.0;3;54;54232;1;1;1.0;2.0;48,68915700;5,98749200;
202300008719.0;3;58;58151;1;1;1.0;7.0;46,87504500;3,46086500;
202300008720.0;1;33;33273;1;3;1.0;3.0;44,84763000; -0,75683400;
202300008721.0;1;50;50471;1;2;1.0;1.0;49,36847900; -1,72326600;
202300008722.0;1;66;66052;1;1;1.0;6.0;42,59210200;2,41870300;
202300008723.0;5;67;67482;1;1;1.0;6.0;48,59530000;7,74207000;
202300008724.0;1;54;54329;2;1;1.0;3.0;48,58800000;6,48453000;
202300008725.0;5;33;33029;2;4;1.0;7.0;44,60983600; -0,76571700;
202300008726.0;1;50;50031;2;3;1.0;3.0;49,37418600; -1,75883200;
202300008727.0;1;77;77350;2;1;1.0;5.0;48,76597000;2,68237000;
202300008728.0;1;52;52448;2;1;1.0;6.0;48,64769000;4,96312000;
202300008729.0;2;50;50058;1;4;1.0;3.0;49,06666800; -1,59533500;
202300008730.0;5;05;05061;2;1;3.0;4.0;44,54209312;6,05898142;
202300008731.0;1;50;50452;1;1;1.0;1.0;48,55085800; -1,13966000;
202300008732.0;1;50;50535;2;9;1.0;2.0;48,75843100; -1,29236300;
202300008733.0;1;60;60029;2;1;1.0;7.0;49,37106300;1,99384200;
202300008734.0;1;14;14520;2;1;1.0;6.0;49,14356600;0,15077200;
202300008735.0;1;76;76447;2;2;2.0;3.0;49,54702900;0,19570500;
202300008736.0;5;50;50129;2;4;2.0;1.0;49,63980000; -1,62569000;
202300008737.0;1;35;35273;1;1;1.0;1.0;48,40064500; -1,29312500;
202300008738.0;3;10;10259;1;1;1.0;7.0;48,46963800;3,45141100;
202300008739.0;1;14;14054;1;1;8.0;6.0;48,89715300; -0,96108400;
202300008740.0;1;36;36022;1;1;2.0;6.0;46,62604611;1,71199350;
202300008741.0;5;72;72181;2;9;1.0;3.0;47,99835000;0,20310000;
202300008742.0;1;45;45234;2;1;1.0;6.0;47,82945000;1,92830000;
202300008743.0;1;40;40243;1;1;1.0;7.0;43,88138500; -0,91493400;
202300008744.0;1;84;84007;2;1;1.0;3.0;43,94263000;4,80457000;
202300008745.0;5;24;24296;1;1;1.0;6.0;44,85188700;0,61477800;
202300008746.0;1;37;37261;2;1;1.0;6.0;47,39235000;0,68911000;
202300008747.0;5;71;71486;2;1;2.0;3.0;46,64603989;4,37018333;
202300008748.0;1;971;97105;2;1;1.0;6.0;15,99174290; -61,72140598;
202300008749.0;1;50;50413;1;1;1.0;5.0;48,61140600; -1,37374200;
202300008750.0;2;80;80176;1;3;1.0;3.0;49,70951600;2,82713900;
202300008751.0;1;85;85025;1;1;1.0;7.0;46,94858400; -1,17550300;
202300008752.0;5;74;74012;2;2;1.0;2.0;46,19043000;6,23456000;
202300008753.0;1;83;83074;1;4;1.0;2.0;43,77559600;6,64400600;
202300008754.0;1;27;27679;1;5;1.0;3.0;48,73247400;0,92813000;
202300008755.0;1;69;69264;2;3;1.0;3.0;45,99292000;4,70724000;
202300008756.0;1;37;37261;2;2;8.0;4.0;47,38979000;0,70566000;
202300008757.0;1;80;80670;1;2;1.0;3.0;49,84499000;2,14985000;
202300008758.0;1;23;23061;2;1;1.0;6.0;46,11357400;2,17330600;
202300008759.0;5;42;42218;2;3;2.0;3.0;45,41780000;4,41554000;
202300008760.0;1;83;83137;1;1;1.0;3.0;43,12660000;5,91139000;
202300008761.0;1;69;69290;2;2;1.0;3.0;45,71486000;4,92552000;
202300008762.0;1;83;83044;2;4;1.0;3.0;43,71023800;6,50730200;
202300008763.0;1;37;37014;1;3;1.0;3.0;47,28469261;0,46943665;
202300008764.0;1;37;37261;2;3;1.0;3.0;47,42618000;0,68447000;
202300008765.0;1;57;57445;1;1;1.0;7.0;48,99949770;6,10537291;
202300008766.0;1;83;83121;2;1;1.0;6.0;43,56090300;6,24003100;
202300008767.0;5;67;67482;2;8;1.0;6.0;48,57957654;7,71509796;
202300008768.0;1;37;37050;1;1;1.0;3.0;47,33593600;0,73668500;
202300008769.0;1;35;35278;2;1;1.0;6.0;48,13684000; -1,69067000;
202300008770.0;3;31;31555;1;1;1.0;5.0;43,64760000;1,44037000;
202300008771.0;1;67;67482;2;1;8.0;3.0;48,57754000;7,72771000;
202300008772.0;2;83;83046;1;1;1.0;6.0;43,51062000;6,15974700;
202300008773.0;1;35;35238;2;6;1.0;3.0;48,09010445; -1,69091552;
202300008774.0;1;33;33013;1;1;1.0;4.0;44,86853563; -0,50264060;
202300008775.0;1;31;31216;1;1;1.0;2.0;43,74307300;1,59906900;
202300008776.0;5;09;09285;2;1;1.0;6.0;42,86548600;1,20489300;
202300008777.0;5;27;27229;2;3;1.0;2.0;49,00195300;1,13869700;
202300008778.0;1;67;67482;2;4;1.0;3.0;48,57089000;7,78656000;
202300008779.0;2;91;91377;1;1;1.0;7.0;48,72719000;2,30306000;
202300008780.0;2;33;33380;1;9;1.0;2.0;45,28049326; -0,55079699;
202300008781.0;1;34;34301;2;1;1.0;3.0;43,41144000;3,68019000;
202300008782.0;5;64;64125;2;1;1.0;3.0;43,44693000; -1,57763000;
202300008783.0;1;91;91477;1;1;1.0;2.0;48,70834000;2,25078000;
202300008784.0;5;75;75114;2;1;1.0;4.0;48,82115200;2,31793200;
202300008785.0;1;09;09032;1;1;1.0;1.0;42,68930800;1,82470700;
202300008786.0;1;38;38027;2;6;1.0;3.0;45,43491500;6,00140000;
202300008787.0;1;33;33529;2;1;1.0;3.0;44,61012000; -1,12968000;
202300008788.0;1;92;92050;1;1;1.0;3.0;48,91543030;2,22022680;
202300008789.0;1;60;60513;2;1;1.0;1.0;49,20645000;2,37736200;
202300008790.0;1;63;63300;2;3;1.0;1.0;45,89004795;3,11985165;
202300008791.0;5;75;75101;2;3;1.0;3.0;48,85773700;2,34545500;
202300008792.0;1;31;31555;2;3;1.0;1.0;43,57899057;1,43694252;
202300008793.0;1;64;64188;2;1;1.0;6.0;43,23336200; -0,87349900;
202300008794.0;1;78;78640;1;1;1.0;4.0;48,78593647;2,22286766;
202300008795.0;5;75;75101;2;3;1.0;6.0;48,85534000;2,34598900;
202300008796.0;1;63;63113;2;2;1.0;3.0;45,80984000;3,10943000;
202300008797.0;1;64;64371;2;1;1.0;1.0;43,22575500; -0,87861100;
202300008798.0;2;62;62083;2;1;8.0;6.0;50,45198000;2,61189000;
202300008799.0;1;95;95218;1;1;1.0;3.0;49,03513188;2,09841549;
202300008800.0;5;75;75101;2;4;1.0;6.0;48,86495943;2,33476639;
202300008801.0;1;25;25056;2;1;1.0;6.0;47,22319500;5,97702700;
202300008802.0;1;64;64495;2;3;1.0;3.0;43,36475600; -1,54491500;
202300008803.0;3;93;93053;1;1;1.0;2.0;48,89544000;2,47107000;
202300008804.0;5;62;62498;2;2;1.0;6.0;50,43780161;2,82133077;
202300008805.0;1;24;24037;1;1;1.0;6.0;44,84024300;0,46652300;
202300008806.0;5;92;92004;2;2;1.0;3.0;48,91432506;2,31078565;
202300008807.0;3;95;95277;1;1;1.0;6.0;48,97462627;2,48970687;
202300008808.0;3;62;62193;2;1;1.0;6.0;50,95439000;1,91057000;
202300008809.0;1;13;13215;2;1;1.0;6.0;43,36563457;5,35026225;
202300008810.0;1;64;64516;1;1;1.0;4.0;43,32915000; -0,17366800;
202300008811.0;1;62;62764;2;9;1.0;2.0;50,30153248;2,78227879;
202300008812.0;1;94;94028;1;1;1.0;5.0;48,79983715;2,44627859;
202300008813.0;1;73;73059;1;4;7.0;3.0;45,72801500;5,88141900;
202300008814.0;1;18;18029;1;4;1.0;1.0;46,73494100;2,79176100;
202300008815.0;3;60;60682;1;1;1.0;6.0;49,23301909;2,65677107;
202300008816.0;1;73;73010;2;2;1.0;3.0;45,78510000;5,94075000;
202300008817.0;3;05;05061;1;1;1.0;1.0;44,61172000;6,13330000;
202300008818.0;1;61;61006;2;6;1.0;3.0;48,73899000; -0,02416000;
202300008819.0;1;31;31157;2;1;1.0;6.0;43,53647800;1,36506200;
202300008820.0;1;03;03101;1;3;1.0;3.0;46,39085000;2,54612000;
202300008821.0;1;18;18148;1;1;1.0;7.0;47,20135500;2,05896000;
202300008822.0;5;59;59041;2;3;1.0;3.0;50,21349735;3,86531746;
202300008823.0;5;62;62908;2;3;8.0;6.0;50,73148800;1,70763400;
202300008824.0;1;18;18031;2;9;7.0;1.0;46,89565500;2,73475600;
202300008825.0;1;75;75113;2;1;1.0;2.0;48,81919700;2,37179300;
202300008826.0;3;973;97313;2;1;1.0;3.0;4,88934400; -52,49892000;
202300008827.0;1;988;98818;2;9;1.0;3.0; -22,22373000;166,48550000;
202300008828.0;1;51;51432;2;1;1.0;6.0;48,69034600;3,87117300;
202300008829.0;2;59;59507;2;9;1.0;6.0;50,60506918;3,07414658;
202300008830.0;1;43;43032;1;1;1.0;6.0;45,05907000;3,99082100;
202300008831.0;1;971;97129;2;1;1.0;1.0;16,32979700; -61,75332400;
202300008832.0;3;57;57463;1;1;8.0;7.0;49,06741350;6,18515253;
202300008833.0;1;43;43215;1;1;1.0;7.0;44,81064400;3,87971900;
202300008834.0;1;974;97416;2;1;1.0;2.0; -21,29778799;55,45526147;
202300008835.0;1;75;75113;2;1;1.0;5.0;48,81778700;2,35337800;
202300008836.0;1;22;22232;1;1;2.0;1.0;48,62611200; -2,86266800;
202300008837.0;2;36;36178;1;1;1.0;7.0;46,65079973;1,01646603;
202300008838.0;1;978;97801;2;2;1.0;3.0;18,06870800; -63,08110400;
202300008839.0;5;57;57283;2;1;1.0;6.0;49,25014000;6,15527000;
202300008840.0;1;29;29199;1;1;2.0;2.0;48,59747424; -3,69031742;
202300008841.0;4;75;75119;2;1;1.0;2.0;48,88143800;2,40247300;
202300008842.0;1;36;36003;2;1;1.0;7.0;46,77960451;1,95981368;
202300008843.0;5;974;97416;2;3;1.0;1.0; -21,33785000;55,46752000;
202300008844.0;1;13;13087;1;1;1.0;3.0;43,48774700;5,61727500;
202300008845.0;1;84;84050;1;1;8.0;7.0;43,90177300;5,23028600;
202300008846.0;1;36;36021;1;1;7.0;6.0;46,96843345;1,96498716;
202300008847.0;1;77;77318;1;1;1.0;1.0;48,77446200;2,90210700;
202300008848.0;5;973;97302;2;1;2.0;1.0;4,93222992; -52,30788267;
202300008849.0;5;54;54304;2;4;1.0;1.0;48,68460000;6,15398000;
202300008850.0;2;75;75116;2;1;1.0;3.0;48,86659300;2,26861500;
202300008851.0;1;36;36171;2;1;1.0;3.0;47,06424382;2,03303935;
202300008852.0;1;2B;2B350;1;1;1.0;2.0;42,52398900;9,41706400;
202300008853.0;1;54;54304;2;4;1.0;3.0;48,68402000;6,15008000;
202300008854.0;5;01;01093;2;3;1.0;1.0;46,11355300;4,95170100;
202300008855.0;5;75;75118;2;3;2.0;3.0;48,88617600;2,33380400;
202300008856.0;1;973;97302;2;1;1.0;4.0;4,91957478; -52,31861186;
202300008857.0;1;66;66065;2;1;7.0;6.0;42,60312699;2,97929317;
202300008858.0;2;16;16205;1;1;1.0;1.0;45,93710700;0,63393700;
202300008859.0;1;66;66205;1;1;1.0;1.0;42,78768500;2,68182300;
202300008860.0;5;51;51454;2;1;1.0;1.0;49,24705000;4,04988000;
202300008861.0;5;69;69383;2;2;2.0;3.0;45,75710000;4,86161000;
202300008862.0;1;11;11433;1;3;1.0;3.0;43,30029800;2,46452100;
202300008863.0;5;75;75117;2;1;1.0;4.0;48,88995000;2,30346900;
202300008864.0;3;54;54455;1;1;2.0;6.0;48,45640945;6,45887732;
202300008865.0;1;53;53147;2;3;1.0;6.0;48,28405100; -0,62436500;
202300008866.0;1;84;84129;2;6;7.0;3.0;44,01839200;4,86899300;
202300008867.0;3;07;07334;1;1;1.0;6.0;44,41438700;4,15247300;
202300008868.0;1;51;51454;1;1;1.0;3.0;49,21912000;4,02405000;
202300008869.0;1;972;97209;1;2;1.0;3.0;14,61224000; -61,04686000;
202300008870.0;5;75;75116;2;2;1.0;3.0;48,87256100;2,27366200;
202300008871.0;1;06;06099;1;1;1.0;3.0;43,94704900;6,90918800;
202300008872.0;1;07;07199;1;1;2.0;7.0;44,49453900;4,27059200;
202300008873.0;1;53;53086;1;2;1.0;3.0;48,20648400; -1,07185500;
202300008874.0;1;05;05081;1;1;1.0;6.0;44,41883500;5,69391700;
202300008875.0;2;91;91477;1;1;1.0;3.0;48,71966000;2,22301000;
202300008876.0;4;78;78356;1;1;1.0;6.0;48,74835100;2,07418400;
202300008877.0;1;53;53015;1;1;1.0;7.0;48,16344500; -0,88213600;
202300008878.0;1;51;51454;2;2;1.0;3.0;49,27009000;4,01152000;
202300008879.0;1;05;05126;1;1;1.0;7.0;44,37741300;5,44398300;
202300008880.0;1;75;75112;2;1;1.0;5.0;48,83674611;2,44132787;
202300008881.0;1;21;21695;2;1;1.0;7.0;47,57061200;4,58025300;
202300008882.0;1;71;71176;2;3;8.0;6.0;46,48348600;3,98270000;
202300008883.0;4;91;91687;2;1;1.0;1.0;48,64999000;2,36865000;
202300008884.0;1;04;04195;1;1;1.0;2.0;44,38630000;6,61728900;
202300008885.0;1;21;21247;1;1;1.0;6.0;47,50288100;4,15287500;
202300008886.0;1;75;75112;2;1;1.0;6.0;48,83760058;2,41325051;
202300008887.0;1;37;37261;2;1;8.0;3.0;47,43456000;0,68540000;
202300008888.0;5;68;68154;2;2;1.0;3.0;47,77211300;7,36095800;
202300008889.0;1;21;21106;2;2;1.0;1.0;47,23529100;5,11385700;
202300008890.0;1;84;84087;2;9;2.0;6.0;44,14333000;4,81093000;
202300008891.0;1;75;75104;2;3;1.0;6.0;48,85430923;2,36373693;
202300008892.0;1;21;21284;1;1;1.0;1.0;47,42393400;4,86104400;
202300008893.0;1;35;35238;2;1;8.0;6.0;48,12261000; -1,70591000;
202300008894.0;1;54;54429;1;1;1.0;7.0;48,55440800;6,12018900;
202300008895.0;1;67;67098;2;3;1.0;1.0;48,54258000;7,42739900;
202300008896.0;1;83;83129;2;1;1.0;3.0;43,11668000;5,81171000;
202300008897.0;1;40;40022;1;1;1.0;1.0;43,66839900; -0,34353200;
202300008898.0;1;63;63204;1;1;1.0;3.0;45,80429106;3,20082178;
202300008899.0;2;34;34172;2;3;1.0;1.0;43,61616000;3,91036000;
202300008900.0;1;94;94081;2;2;1.0;2.0;48,78943537;2,38922918;
202300008901.0;1;67;67348;2;1;2.0;6.0;48,46219100;7,48382200;
202300008902.0;1;40;40326;2;1;1.0;6.0;43,90492300; -1,30988400;
202300008903.0;1;73;73232;2;1;1.0;6.0;45,59714200;6,87963500;
202300008904.0;1;83;83123;1;6;1.0;3.0;43,12899600;5,80231600;
202300008905.0;5;27;27016;2;2;8.0;6.0;49,24343200;1,40319800;
202300008906.0;5;94;94081;2;1;2.0;2.0;48,78793000;2,38554400;
202300008907.0;1;31;31555;2;1;1.0;3.0;43,61709000;1,39575000;
202300008908.0;1;04;04178;1;1;1.0;2.0;44,09086800;5,79269200;
202300008909.0;1;73;73179;2;2;1.0;3.0;45,59722100;5,87651100;
202300008910.0;5;13;13210;1;1;1.0;6.0;43,28432000;5,40470000;
202300008911.0;1;83;83009;2;1;1.0;6.0;43,14568100;5,76507000;
202300008912.0;1;31;31555;2;1;1.0;6.0;43,59014270;1,41606420;
202300008913.0;1;94;94078;2;2;1.0;6.0;48,74013167;2,45704174;
202300008914.0;2;01;01249;2;1;1.0;3.0;45,86732900;4,91283900;
202300008915.0;2;04;04045;2;3;1.0;6.0;43,85917900;5,59863900;
202300008916.0;1;38;38563;2;3;1.0;3.0;45,38270745;5,57774790;
202300008917.0;1;29;29019;2;2;1.0;6.0;48,41306300; -4,49589100;
202300008918.0;1;94;94078;2;1;1.0;2.0;48,74776000;2,46068000;
202300008919.0;1;85;85234;2;6;7.0;3.0;46,78961500; -2,07495700;
202300008920.0;1;81;81271;2;3;1.0;3.0;43,77196500;1,69767700;
202300008921.0;5;81;81065;2;4;1.0;3.0;43,60222000;2,24360000;
202300008922.0;3;27;27681;1;1;1.0;6.0;49,11023600;1,48985100;
202300008923.0;3;38;38225;1;1;1.0;1.0;45,10587900;5,52972800;
202300008924.0;1;81;81099;2;1;1.0;7.0;43,91242500;1,92304700;
202300008925.0;3;27;27156;1;1;1.0;6.0;48,80167000;0,76482700;
202300008926.0;5;94;94065;1;1;1.0;2.0;48,75325273;2,35606366;
202300008927.0;1;78;78517;2;1;1.0;6.0;48,63794500;1,83405000;
202300008928.0;1;17;17460;1;1;1.0;1.0;45,69449000; -0,76462300;
202300008929.0;5;27;27229;2;6;1.0;6.0;49,02701000;1,15136000;
202300008930.0;1;27;27198;1;1;1.0;6.0;48,85364700;1,02417500;
202300008931.0;1;38;38563;2;2;1.0;6.0;45,36344000;5,59134000;
202300008932.0;1;17;17225;1;1;1.0;3.0;45,74000500; -1,16849900;
202300008933.0;1;26;26198;1;1;1.0;6.0;44,52559914;4,74426985;
202300008934.0;1;94;94073;2;1;2.0;5.0;48,76922800;2,40229100;
202300008935.0;1;17;17207;1;3;1.0;1.0;46,21659000; -1,46049500;
202300008936.0;1;77;77373;2;1;7.0;6.0;48,77574000;2,58651000;
202300008937.0;1;28;28008;1;1;1.0;2.0;48,55595000;1,19593300;
202300008938.0;1;38;38563;2;3;1.0;3.0;45,38278996;5,57769800;
202300008939.0;1;25;25056;2;3;1.0;6.0;47,25347300;6,02947800;
202300008940.0;1;86;86115;2;3;1.0;3.0;46,69296800;0,37502600;
202300008941.0;1;17;17466;1;1;1.0;3.0;46,17840400; -0,93819400;
202300008942.0;1;77;77371;2;1;7.0;6.0;48,81380900;2,99552000;
202300008943.0;1;94;94002;2;2;2.0;3.0;48,80629000;2,41850000;
202300008944.0;3;29;29165;1;2;1.0;3.0;47,82146100; -4,25230400;
202300008945.0;1;25;25056;2;5;1.0;6.0;47,24757000;6,02833000;
202300008946.0;1;85;85035;2;1;1.0;1.0;46,63047800; -1,87947600;
202300008947.0;1;87;87117;2;1;1.0;7.0;45,80182000;1,84345000;
202300008948.0;5;93;93039;2;1;1.0;6.0;48,92446118;2,33343216;
202300008949.0;1;72;72003;2;1;1.0;1.0;47,95596000;0,16667000;
202300008950.0;1;37;37050;2;1;1.0;3.0;47,34052700;0,70628600;
202300008951.0;1;22;22136;1;1;2.0;1.0;48,16077500; -2,72702300;
202300008952.0;1;14;14536;1;1;8.0;3.0;49,41243000;0,28287000;
202300008953.0;1;29;29001;1;1;2.0;5.0;48,26299590; -4,30747665;
202300008954.0;1;69;69256;2;2;1.0;3.0;45,77733000;4,91970000;
202300008955.0;5;93;93066;2;2;1.0;3.0;48,90902840;2,36563727;
202300008956.0;5;30;30033;2;1;1.0;6.0;43,71758200;4,31600700;
202300008957.0;1;22;22162;2;1;1.0;7.0;48,78174100; -3,04767100;
202300008958.0;1;13;13208;2;1;1.0;2.0;43,25594000;5,38167000;
202300008959.0;1;974;97407;2;9;1.0;1.0; -20,94290000;55,29530000;
202300008960.0;1;64;64483;2;1;1.0;3.0;43,39040000; -1,65906000;
202300008961.0;5;30;30037;2;1;1.0;6.0;44,27710500;4,13294500;
202300008962.0;5;13;13204;2;1;1.0;6.0;43,30000000;5,40000000;
202300008963.0;1;93;93048;2;3;1.0;1.0;48,87686000;2,46511000;
202300008964.0;3;973;97302;1;1;1.0;2.0;4,90349000; -52,31629000;
202300008965.0;1;59;59332;2;1;1.0;6.0;50,66728000;3,21126000;
202300008966.0;1;59;59557;1;1;1.0;5.0;50,35063170;3,57725100;
202300008967.0;3;30;30248;1;2;1.0;3.0;43,98580600;4,27213700;
202300008968.0;3;2B;2B033;1;1;1.0;7.0;42,68127000;9,39946000;
202300008969.0;1;93;93006;2;1;1.0;3.0;48,87188000;2,41942100;
202300008970.0;2;75;75114;1;1;1.0;6.0;48,81899400;2,33117000;
202300008971.0;1;10;10357;2;9;7.0;2.0;48,29564700;4,13734500;
202300008972.0;1;971;97101;1;1;1.0;7.0;16,23902030; -61,52378082;
202300008973.0;1;59;59636;2;1;1.0;7.0;50,69635000;3,06628000;
202300008974.0;5;93;93079;2;1;1.0;6.0;48,96085400;2,35165300;
202300008975.0;1;48;48065;1;1;7.0;1.0;44,21577000;3,52897700;
202300008976.0;1;06;06069;2;1;1.0;6.0;43,65212000;6,92987000;
202300008977.0;2;971;97101;1;1;1.0;2.0;16,23599000; -61,52320000;
202300008978.0;1;91;91228;1;1;1.0;4.0;48,62418000;2,41915000;
202300008979.0;1;93;93057;2;1;1.0;6.0;48,90766920;2,49332920;
202300008980.0;1;54;54431;1;9;1.0;3.0;48,92157000;6,04018000;
202300008981.0;3;48;48070;1;1;1.0;6.0;44,79834100;3,62606300;
202300008982.0;5;971;97113;1;1;1.0;7.0;16,21822000; -61,51276000;
202300008983.0;1;06;06069;2;1;1.0;6.0;43,66667000;6,91667000;
202300008984.0;1;91;91161;1;1;1.0;2.0;48,69896000;2,31265000;
202300008985.0;1;2A;2A004;2;1;1.0;3.0;41,91695202;8,73679563;
202300008986.0;1;08;08218;1;1;1.0;3.0;49,86920000;4,84341500;
202300008987.0;1;06;06027;2;1;1.0;6.0;43,66220000;7,13222000;
202300008988.0;1;92;92033;2;3;1.0;3.0;48,84998600;2,19777700;
202300008989.0;1;91;91377;2;2;1.0;2.0;48,72988000;2,30042000;
202300008990.0;1;88;88426;2;1;1.0;7.0;47,83664500;6,83454800;
202300008991.0;2;95;95280;2;7;1.0;3.0;49,01118077;2,48385832;
202300008992.0;3;92;92051;2;1;1.0;6.0;48,88263572;2,26741299;
202300008993.0;1;06;06004;1;1;1.0;6.0;43,58395300;7,11819000;
202300008994.0;1;91;91286;1;1;1.0;3.0;48,65744000;2,37643000;
202300008995.0;1;68;68252;1;1;1.0;2.0;48,15338200;7,37459400;
202300008996.0;5;95;95428;2;1;1.0;6.0;48,97349500;2,31083500;
202300008997.0;1;92;92050;2;3;2.0;6.0;48,89567167;2,22208411;
202300008998.0;5;05;05061;2;1;1.0;4.0;44,56902000;6,08331000;
202300008999.0;1;78;78498;1;1;2.0;5.0;48,90572700;2,00514800;
202300009000.0;1;10;10240;1;1;1.0;6.0;48,27135400;3,93605600;
202300009001.0;1;84;84087;2;9;7.0;6.0;44,13600000;4,80400000;
202300009002.0;1;78;78498;1;1;1.0;3.0;48,91444000;2,00557000;
202300009003.0;1;05;05061;2;1;1.0;6.0;44,55636000;6,07923000;
202300009004.0;1;24;24086;1;1;1.0;7.0;44,79454400;1,13517500;
202300009005.0;1;92;92026;2;1;1.0;3.0;48,90282815;2,27320218;
202300009006.0;3;78;78322;1;1;1.0;6.0;48,78705000;2,14857000;
202300009007.0;5;83;83034;2;9;1.0;1.0;43,08537000;6,09948000;
202300009008.0;5;03;03310;2;1;2.0;6.0;46,12250000;3,42797000;
202300009009.0;3;95;95572;1;1;1.0;1.0;49,03327000;2,11153000;
202300009010.0;3;45;45036;1;1;1.0;7.0;47,76661800;2,71576900;
202300009011.0;1;92;92025;2;1;1.0;6.0;48,92314448;2,25123435;
202300009012.0;1;83;83069;2;1;1.0;3.0;43,11836000;6,12234000;
202300009013.0;1;94;94069;1;1;1.0;2.0;48,81743988;2,42118259;
202300009014.0;1;03;03104;1;1;1.0;2.0;46,34894900;2,84033100;
202300009015.0;2;75;75117;2;1;1.0;3.0;48,89261000;2,30246200;
202300009016.0;1;92;92019;2;1;1.0;6.0;48,76505788;2,26496726;
202300009017.0;1;65;65389;1;1;1.0;6.0;43,10667000;0,46603400;
202300009018.0;2;78;78502;2;3;2.0;3.0;48,87740000;2,10648000;
202300009019.0;2;92;92019;2;1;2.0;1.0;48,77357000;2,28669000;
202300009020.0;1;75;75115;2;1;2.0;4.0;48,83514200;2,26936500;
202300009021.0;3;78;78015;1;1;1.0;1.0;48,98033200;2,04946600;
202300009022.0;2;92;92004;2;2;1.0;3.0;48,91104590;2,29852170;
202300009023.0;1;18;18148;1;1;1.0;4.0;47,20404800;2,03519000;
202300009024.0;5;92;92014;2;1;2.0;6.0;48,77888000;2,31781000;
202300009025.0;1;77;77132;2;1;1.0;2.0;48,87183649;2,79765769;
202300009026.0;5;75;75113;2;1;1.0;6.0;48,81826300;2,36945700;
202300009027.0;2;35;35353;1;6;5.0;6.0;48,12117235; -1,77463800;
202300009028.0;5;77;77464;2;1;1.0;1.0;48,89318817;2,70829866;
202300009029.0;2;06;06114;2;1;1.0;1.0;43,73978200;7,28761100;
202300009030.0;5;78;78455;2;1;1.0;7.0;48,84257400;2,05753800;
202300009031.0;1;83;83148;1;1;7.0;2.0;43,40549979;6,41098891;
202300009032.0;5;76;76259;2;3;1.0;1.0;49,75600000;0,37600000;
202300009033.0;1;28;28103;2;9;8.0;6.0;47,99455600;1,22904200;
202300009034.0;1;34;34153;1;1;1.0;5.0;43,73264700;3,79329800;
202300009035.0;1;72;72181;2;3;1.0;3.0;48,00892000;0,21976000;
202300009036.0;3;972;97222;1;1;1.0;1.0;14,69126700; -60,95096800;
202300009037.0;3;06;06152;1;1;1.0;2.0;43,61324600;7,04560900;
202300009038.0;5;66;66136;2;2;1.0;3.0;42,69881000;2,87777000;
202300009039.0;1;06;06152;1;1;1.0;3.0;43,64305500;7,05017600;
202300009040.0;1;974;97414;1;1;1.0;6.0; -21,28463600;55,42256000;
202300009041.0;5;62;62197;2;9;1.0;2.0;50,48819000;2,46441000;