Num_Acc;lum;departement;commune;agglomeration;intersection;meteo;type_collision;lat;long;date
202300009042.0;3;44;44051;1;1;8.0;7.0;47,63956080; -1,65350670;
202300009043.0;1;66;66195;1;1;1.0;7.0;42,67872314;2,79681176;
202300009044.0;1;62;62510;2;1;2.0;6.0;50,42157818;2,80032382;
202300009045.0;1;47;47233;2;1;1.0;6.0;44,53109000;0,09454000;
202300009046.0;1;90;90076;1;1;1.0;7.0;47,64529700;6,90786800;
202300009047.0;1;59;59220;2;9;1.0;3.0;50,58421200;3,08302000;
202300009048.0;1;95;95026;1;1;2.0;5.0;49,14950377;2,37959152;
202300009049.0;3;06;06088;1;1;1.0;3.0;43,71150600;7,21266900;
202300009050.0;1;56;56260;2;1;1.0;3.0;47,64625000; -2,75907000;
202300009051.0;1;76;76315;1;2;2.0;3.0;49,73882259;0,68840504;
202300009052.0;1;06;06088;1;1;1.0;2.0;43,67519000;7,19715000;
202300009053.0;5;47;47001;2;1;2.0;3.0;44,21102000;0,64289000;
202300009054.0;1;2A;2A139;2;1;1.0;6.0;41,68397000;9,30763000;
202300009055.0;2;86;86066;1;1;1.0;2.0;46,80801500;0,51370800;
202300009056.0;1;2B;2B123;2;3;1.0;3.0;42,01703000;9,40419000;
202300009057.0;5;47;47001;2;2;1.0;1.0;44,18801000;0,63086000;
202300009058.0;2;38;38375;2;1;1.0;7.0;44,93548900;6,28259200;
202300009059.0;5;45;45234;2;2;1.0;3.0;47,90144000;1,89373000;
202300009060.0;1;65;65375;1;2;7.0;3.0;43,37288600;0,15381900;
202300009061.0;3;64;64545;1;1;1.0;3.0;43,34939900; -1,71837300;
202300009062.0;1;12;12154;1;4;1.0;3.0;43,88698700;2,81291300;
202300009063.0;1;14;14218;1;1;1.0;3.0;49,24937500;0,01768100;
202300009064.0;2;37;37233;2;2;2.0;5.0;47,38108965;0,73812094;
202300009065.0;2;41;41059;2;1;8.0;7.0;47,42682400;1,42808900;
202300009066.0;5;35;35238;2;2;2.0;6.0;48,12721000; -1,68654000;
202300009067.0;1;86;86023;1;1;1.0;6.0;46,89977000;0,25744200;
202300009068.0;1;13;13032;1;9;1.0;1.0;43,56648500;5,34689800;
202300009069.0;1;86;86160;2;1;1.0;1.0;46,78470000;0,18241300;
202300009070.0;1;22;22113;2;6;8.0;3.0;48,72780000; -3,45900000;
202300009071.0;2;38;38193;1;1;1.0;2.0;45,61247600;5,21353800;
202300009072.0;1;06;06088;2;6;2.0;3.0;43,70239000;7,18889000;
202300009073.0;1;75;75106;2;2;1.0;2.0;48,85160900;2,33112600;
202300009074.0;1;68;68126;1;1;1.0;3.0;47,56163900;7,54576700;
202300009075.0;1;13;13105;1;1;1.0;1.0;43,72611100;5,08956700;
202300009076.0;5;75;75120;2;1;1.0;6.0;48,86884600;2,39038900;
202300009077.0;3;68;68107;1;1;4.0;7.0;47,64572700;7,13790000;
202300009078.0;5;13;13051;1;1;1.0;2.0;43,59532700;5,16908900;
202300009079.0;1;75;75118;2;9;1.0;6.0;48,88255600;2,34191500;
202300009080.0;1;44;44064;1;1;2.0;1.0;47,09255090; -1,30913250;
202300009081.0;1;78;78564;1;1;1.0;6.0;48,50115600;1,90795000;
202300009082.0;1;75;75118;2;3;1.0;3.0;48,88841800;2,34800100;
202300009083.0;3;29;29212;2;7;1.0;6.0;48,37375316; -4,57668275;
202300009084.0;1;91;91017;1;1;1.0;6.0;48,59650700;2,05174000;
202300009085.0;5;75;75111;2;7;3.0;6.0;48,85350094;2,36963511;
202300009086.0;1;06;06079;2;1;1.0;6.0;43,55859700;6,93169500;
202300009087.0;3;988;98815;1;1;1.0;7.0; -21,47418000;167,83582000;
202300009088.0;1;75;75111;2;3;1.0;3.0;48,86619700;2,36965900;
202300009089.0;1;60;60560;1;2;1.0;2.0;49,22323500;2,73969400;
202300009090.0;1;988;98809;2;1;1.0;6.0; -22,61521000;167,49421000;
202300009091.0;2;75;75110;2;4;1.0;2.0;48,88069900;2,36024600;
202300009092.0;2;986;98613;2;1;1.0;7.0; -13,29773731; -176,18434846;
202300009093.0;1;45;45322;1;1;1.0;1.0;48,02036115;2,89871156;
202300009094.0;2;971;97117;2;1;1.0;6.0;16,32983300; -61,34003100;
202300009095.0;3;64;64317;1;1;1.0;7.0;43,37913600; -1,45870900;
202300009096.0;1;75;75107;2;3;1.0;3.0;48,85881000;2,32873200;
202300009097.0;3;971;97126;1;1;1.0;6.0;15,95333500; -61,24658000;
202300009098.0;1;16;16070;2;1;1.0;6.0;45,86811500;0,73003600;
202300009099.0;1;94;94074;2;1;1.0;6.0;48,74602086;2,46849811;
202300009100.0;2;30;30336;1;1;1.0;7.0;43,88119100;4,63120900;
202300009101.0;1;971;97115;1;1;1.0;6.0;16,27516500; -61,65933000;
202300009102.0;1;94;94028;2;1;1.0;6.0;48,79387100;2,46422800;
202300009103.0;1;33;33527;1;1;1.0;1.0;44,62768000; -1,02270400;
202300009104.0;1;68;68321;2;1;1.0;3.0;47,82737700;7,25067600;
202300009105.0;1;93;93078;2;9;1.0;2.0;48,95123018;2,52628148;
202300009106.0;1;13;13069;2;1;7.0;6.0;43,63296159;5,14211756;
202300009107.0;1;33;33527;2;2;1.0;3.0;44,62995900; -1,02156200;
202300009108.0;4;92;92050;2;3;1.0;3.0;48,88498499;2,19069276;
202300009109.0;1;06;06085;2;1;1.0;2.0;43,59300400;7,04132400;
202300009110.0;1;33;33199;2;2;1.0;3.0;44,63336400; -1,07993200;
202300009111.0;1;21;21684;1;1;1.0;6.0;47,03243000;4,87341800;
202300009112.0;5;92;92012;2;2;1.0;6.0;48,84549667;2,23613799;
202300009113.0;2;13;13033;1;1;1.0;1.0;43,38086400;5,19174800;
202300009114.0;4;13;13114;1;4;1.0;6.0;43,53819300;5,27422100;
202300009115.0;1;77;77453;1;1;1.0;7.0;48,54748100;2,76628000;
202300009116.0;1;63;63189;1;1;4.0;7.0;45,65666300;2,74681800;
202300009117.0;3;67;67478;1;1;1.0;7.0;48,74432600;7,42953700;
202300009118.0;1;77;77252;1;2;1.0;3.0;48,63195500;2,68549200;
202300009119.0;1;69;69118;2;3;1.0;1.0;45,56749300;4,79996900;
202300009120.0;3;54;54476;1;1;6.0;6.0;49,45253139;5,46625614;
202300009121.0;1;33;33496;2;6;1.0;3.0;44,83152600; -0,39967100;
202300009122.0;1;77;77175;1;3;1.0;3.0;48,64739200;2,67172400;
202300009123.0;1;87;87201;1;1;2.0;6.0;45,86531500;1,12734300;
202300009124.0;5;2B;2B079;2;1;1.0;1.0;42,48001000;9,27929500;
202300009125.0;5;66;66017;1;1;1.0;2.0;42,82482688;3,03276300;
202300009126.0;1;2B;2B042;1;1;1.0;7.0;42,56483200;9,45431500;
202300009127.0;3;77;77344;1;2;1.0;6.0;49,05267800;2,78630700;
202300009128.0;5;44;44015;2;1;2.0;6.0;47,47891000; -1,75769400;
202300009129.0;1;95;95141;2;1;2.0;3.0;49,13264488;1,78906775;
202300009130.0;3;24;24538;1;1;2.0;3.0;44,80975300;0,99950900;
202300009131.0;2;2B;2B355;1;1;1.0;2.0;42,51411600;9,39314400;
202300009132.0;1;83;83065;2;1;1.0;1.0;43,25956900;6,59150200;
202300009133.0;1;26;26220;1;9;1.0;3.0;44,35499800;5,13710100;
202300009134.0;1;2A;2A041;2;1;1.0;3.0;41,39435300;9,16347200;
202300009135.0;1;66;66008;1;1;1.0;6.0;42,54748500;2,99672500;
202300009136.0;3;54;54318;1;1;1.0;6.0;48,74255000;6,04985100;
202300009137.0;1;13;13212;1;1;1.0;5.0;43,30910000;5,42500000;
202300009138.0;3;66;66037;2;3;1.0;6.0;42,69779500;3,03212700;
202300009139.0;1;33;33249;1;1;2.0;7.0;44,88139406; -0,51122599;
202300009140.0;2;34;34151;1;6;1.0;6.0;43,59656600;4,10547000;
202300009141.0;1;73;73094;1;1;1.0;6.0;45,79344200;6,48759800;
202300009142.0;1;75;75114;1;1;1.0;6.0;48,81710442;2,33469325;
202300009143.0;1;34;34344;2;1;1.0;6.0;43,56174300;4,08753100;
202300009144.0;1;01;01249;1;3;1.0;6.0;45,85232717;4,95871916;
202300009145.0;1;34;34256;1;1;1.0;7.0;43,70275400;4,02278800;
202300009146.0;3;91;91340;1;1;1.0;5.0;48,60044000;2,43915000;
202300009147.0;1;84;84016;2;1;1.0;6.0;44,04074300;4,89429100;
202300009148.0;1;95;95252;1;1;1.0;3.0;48,98492453;2,24170914;
202300009149.0;1;69;69188;1;1;1.0;1.0;45,93379600;4,44037600;
202300009150.0;1;83;83127;1;1;1.0;7.0;43,28729600;5,84908200;
202300009151.0;1;40;40244;2;3;1.0;3.0;43,67913300; -1,15339300;
202300009152.0;1;83;83068;1;1;1.0;3.0;43,27658800;6,50988800;
202300009153.0;1;976;97611;1;1;1.0;6.0; -12,78610000;45,17439000;
202300009154.0;1;06;06070;2;1;1.0;6.0;43,83348000;6,96475600;
202300009155.0;1;974;97411;2;1;1.0;6.0; -20,87705000;55,45647000;
202300009156.0;1;05;05177;1;1;1.0;1.0;44,58323900;6,68288500;
202300009157.0;1;973;97302;2;1;1.0;2.0;4,93670258; -52,32594162;
202300009158.0;1;33;33535;2;1;1.0;5.0;44,83773400; -0,48688500;
202300009159.0;5;05;05006;2;6;1.0;3.0;44,79060000;6,55759900;
202300009160.0;1;27;27397;2;1;1.0;6.0;49,03323300;1,36770900;
202300009161.0;1;69;69383;2;3;1.0;5.0;45,75744000;4,85465000;
202300009162.0;1;13;13053;1;2;1.0;3.0;43,72936000;5,15081800;
202300009163.0;5;972;97209;1;1;1.0;6.0;14,64761000; -61,05961000;
202300009164.0;1;13;13086;2;9;1.0;1.0;43,34211500;5,60339900;
202300009165.0;5;95;95203;2;3;1.0;3.0;48,98802000;2,27384000;
202300009166.0;1;13;13085;1;4;1.0;7.0;43,24161500;5,59403100;
202300009167.0;3;13;13052;1;1;1.0;2.0;43,82461600;4,79608700;
202300009168.0;5;13;13015;1;1;1.0;3.0;43,44167517;5,39607474;
202300009169.0;1;83;83123;2;3;1.0;5.0;43,12154000;5,82032000;
202300009170.0;1;60;60057;2;3;1.0;3.0;49,41412000;2,10610000;
202300009171.0;1;13;13074;1;6;1.0;3.0;43,64625000;5,59038900;
202300009172.0;5;83;83144;1;1;1.0;2.0;43,13378696;5,98583722;
202300009173.0;1;74;74119;1;3;1.0;3.0;46,38600000;6,58000000;
202300009174.0;1;59;59386;2;6;1.0;6.0;50,67198000;3,04605000;
202300009175.0;3;38;38087;1;1;1.0;6.0;45,57382000;4,80877000;
202300009176.0;1;13;13041;2;3;1.0;3.0;43,46279400;5,48335800;
202300009177.0;1;73;73011;2;1;1.0;2.0;45,66678247;6,39384270;
202300009178.0;1;33;33013;1;1;1.0;6.0;44,86784368; -0,47372103;
202300009179.0;1;58;58194;2;1;1.0;2.0;47,00091000;3,15599000;
202300009180.0;1;89;89263;1;1;1.0;2.0;47,84380300;3,61058600;
202300009181.0;5;72;72181;2;6;8.0;2.0;47,98030000;0,17667000;
202300009182.0;2;33;33065;1;1;1.0;6.0;44,81260000; -0,52115000;
202300009183.0;1;68;68269;1;1;1.0;6.0;48,19361400;7,22497000;
202300009184.0;1;56;56098;2;6;1.0;3.0;47,76172000; -3,34695000;
202300009185.0;5;71;71076;2;1;1.0;3.0;46,81235000;4,85529000;
202300009186.0;1;78;78571;1;1;1.0;2.0;48,87420900;2,02393800;
202300009187.0;2;67;67074;2;1;1.0;6.0;49,00605581;7,88294001;
202300009188.0;1;54;54395;2;2;3.0;3.0;48,68312000;6,17145800;
202300009189.0;5;70;70550;1;6;1.0;2.0;47,64052000;6,14407000;
202300009190.0;5;88;88076;2;1;1.0;1.0;48,23424700;6,73201200;
202300009191.0;1;78;78431;1;1;1.0;2.0;48,94308800;1,95170000;
202300009192.0;1;51;51454;2;1;1.0;6.0;49,25386000;4,04082000;
202300009193.0;1;55;55258;1;1;7.0;6.0;48,77208700;5,73829700;
202300009194.0;1;66;66136;2;1;1.0;6.0;42,69248526;2,88526565;
202300009195.0;1;95;95042;1;1;1.0;6.0;49,05839900;2,28454200;
202300009196.0;1;54;54584;1;1;1.0;6.0;48,73946000;5,96378500;
202300009197.0;3;92;92078;1;1;1.0;6.0;48,93112930;2,32352796;
202300009198.0;5;49;49007;2;2;1.0;3.0;47,46638000; -0,54767000;
202300009199.0;5;64;64122;2;2;1.0;3.0;43,48099831; -1,53528236;
202300009200.0;1;57;57561;1;1;1.0;7.0;48,99141900;7,26627900;
202300009201.0;3;93;93064;1;1;9.0;2.0;48,86737315;2,48181211;
202300009202.0;2;64;64102;2;6;1.0;6.0;43,48304000; -1,44994000;
202300009203.0;1;49;49246;2;1;1.0;2.0;47,43323067; -0,50748467;
202300009204.0;1;57;57159;1;3;1.0;5.0;49,04832000;6,58151900;
202300009205.0;1;45;45232;2;6;1.0;6.0;47,84527910;1,91617441;
202300009206.0;3;93;93073;1;1;1.0;2.0;48,96795000;2,56422000;
202300009207.0;1;64;64102;2;1;1.0;4.0;43,49710000; -1,48319000;
202300009208.0;1;03;03006;1;1;1.0;3.0;46,12569400;3,70512800;
202300009209.0;1;45;45208;2;1;1.0;7.0;48,00086100;2,72746200;
202300009210.0;1;93;93051;1;1;1.0;2.0;48,83584948;2,56275053;
202300009211.0;1;73;73232;1;1;1.0;6.0;45,56304462;6,89274203;
202300009212.0;5;59;59599;2;1;1.0;6.0;50,72312000;3,17173000;
202300009213.0;1;45;45338;2;2;1.0;3.0;47,98588000;2,71432000;
202300009214.0;5;42;42147;2;3;1.0;6.0;45,60371700;4,06888700;
202300009215.0;1;94;94069;1;1;1.0;5.0;48,81731613;2,44009667;
202300009216.0;5;59;59508;2;9;1.0;;50,73645000;3,12647000;
202300009217.0;1;42;42095;2;1;7.0;6.0;45,38972489;4,28416014;
202300009218.0;1;26;26116;2;1;1.0;1.0;44,43885100;4,71286100;
202300009219.0;1;94;94073;1;1;1.0;2.0;48,77122081;2,38978389;
202300009220.0;1;54;54274;2;1;1.0;1.0;48,66879958;6,20775282;
202300009221.0;3;07;07156;1;1;1.0;6.0;44,67107414;4,28713091;
202300009222.0;5;52;52121;2;1;1.0;6.0;48,10395000;5,14376000;
202300009223.0;1;94;94018;1;1;1.0;4.0;48,81980862;2,40430844;
202300009224.0;5;38;38421;2;3;1.0;3.0;45,18212660;5,77808709;
202300009225.0;5;33;33069;2;1;1.0;6.0;44,85962000; -0,60803000;
202300009226.0;1;69;69206;1;3;1.0;3.0;46,04970899;4,72207808;
202300009227.0;1;38;38053;2;1;1.0;6.0;45,58500000;5,27300000;
202300009228.0;1;93;93073;2;3;1.0;1.0;48,97796000;2,56298000;
202300009229.0;1;69;69032;1;1;1.0;1.0;45,84383395;4,57947313;
202300009230.0;5;35;35288;2;6;1.0;6.0;48,64903000; -1,97716000;
202300009231.0;5;31;31555;2;3;1.0;3.0;43,59083000;1,43303000;
202300009232.0;2;76;76351;2;1;2.0;6.0;49,51576000;0,17093000;
202300009233.0;1;65;65006;1;1;1.0;7.0;42,91018000;0,28687300;
202300009234.0;1;33;33249;2;6;1.0;3.0;44,87135000; -0,51640000;
202300009235.0;1;65;65059;1;1;1.0;3.0;42,91053300;0,17573800;
202300009236.0;1;973;97302;2;1;1.0;2.0;4,93451124; -52,32724750;
202300009237.0;1;31;31555;2;1;1.0;6.0;43,60692000;1,47317000;
202300009238.0;5;973;97302;2;1;1.0;3.0;4,92030000; -52,32047000;
202300009239.0;1;46;46070;1;1;1.0;6.0;44,37656738;1,50748602;
202300009240.0;5;22;22360;2;1;2.0;1.0;48,48582000; -2,71617000;
202300009241.0;1;31;31483;1;1;1.0;6.0;43,10923000;0,72371000;
202300009242.0;1;69;69383;1;3;1.0;1.0;45,75263552;4,86882820;
202300009243.0;1;30;30007;2;1;1.0;7.0;44,11209000;4,09291000;
202300009244.0;1;31;31324;2;1;1.0;3.0;43,18300100;0,97402800;
202300009245.0;1;69;69383;2;1;1.0;4.0;45,76355000;4,84031000;
202300009246.0;1;17;17452;2;1;7.0;4.0;45,79252900; -1,17844500;
202300009247.0;5;17;17452;2;1;1.0;7.0;45,76241700; -1,15096200;
202300009248.0;1;27;27681;1;1;1.0;7.0;49,07691000;1,46337000;
202300009249.0;1;972;97213;1;1;3.0;2.0;14,61422200; -61,01032500;
202300009250.0;1;17;17240;1;1;7.0;2.0;45,27347100; -0,40227800;
202300009251.0;1;972;97213;1;1;1.0;6.0;14,62158000; -61,03284000;
202300009252.0;1;27;27229;2;1;1.0;3.0;49,02760000;1,17131000;
202300009253.0;3;86;86079;1;2;1.0;6.0;46,96771200;0,14876600;
202300009254.0;5;972;97213;1;1;1.0;7.0;14,61795000; -61,03119000;
202300009255.0;5;25;25056;2;1;1.0;6.0;47,24959600;6,05846100;
202300009256.0;1;33;33293;1;1;1.0;6.0;44,87780600; -0,41142900;
202300009257.0;5;69;69382;2;1;1.0;4.0;45,75110000;4,83249000;
202300009258.0;1;33;33492;2;2;1.0;3.0;45,14241200; -0,38673200;
202300009259.0;1;25;25056;2;4;1.0;3.0;47,23606000;6,02997000;
202300009260.0;1;69;69034;2;1;1.0;6.0;45,79587000;4,83081000;
202300009261.0;1;33;33284;1;1;1.0;6.0;44,54951200; -0,98728800;
202300009262.0;1;33;33436;1;1;7.0;3.0;44,54308800; -0,64512500;
202300009263.0;1;2A;2A004;2;1;2.0;4.0;41,94608000;8,76844000;
202300009264.0;1;85;85226;2;1;1.0;6.0;46,71546300; -1,97376800;
202300009265.0;2;22;22106;2;1;3.0;4.0;48,50132000; -2,72846000;
202300009266.0;1;2A;2A004;2;1;1.0;3.0;41,91163000;8,72227000;
202300009267.0;1;85;85003;1;1;1.0;7.0;46,73812500; -1,53274300;
202300009268.0;1;22;22278;2;9;2.0;6.0;48,51484000; -2,75720000;
202300009269.0;1;2A;2A004;2;3;1.0;1.0;41,93681000;8,75728000;
202300009270.0;2;88;88160;2;1;1.0;6.0;48,19317000;6,45322000;
202300009271.0;3;49;49301;1;1;1.0;6.0;47,08904903; -1,03638321;
202300009272.0;1;19;19031;2;1;1.0;5.0;45,16492000;1,53100000;
202300009273.0;5;87;87085;2;6;1.0;7.0;45,84464000;1,23082000;
202300009274.0;1;85;85191;2;3;1.0;6.0;46,67961000; -1,42161000;
202300009275.0;1;13;13103;2;2;1.0;3.0;43,63489000;5,09029000;
202300009276.0;5;79;79191;2;3;1.0;2.0;46,32942000; -0,45392000;
202300009277.0;5;13;13211;2;3;2.0;2.0;43,29005188;5,44103025;
202300009278.0;1;73;73011;2;3;1.0;3.0;45,67727130;6,39516771;
202300009279.0;1;13;13203;2;2;8.0;1.0;43,31500000;5,38900000;
202300009280.0;1;64;64445;2;6;1.0;3.0;43,31322000; -0,36887000;
202300009281.0;5;64;64102;2;9;1.0;6.0;43,48783000; -1,48233000;
202300009282.0;1;13;13216;2;1;1.0;2.0;43,35016000;5,34874000;
202300009283.0;5;13;13206;2;9;1.0;3.0;43,29087000;5,38093000;
202300009284.0;1;12;12145;2;2;1.0;3.0;44,09636568;3,06255296;
202300009285.0;1;10;10340;2;1;1.0;4.0;48,26146469;4,03488708;
202300009286.0;1;06;06088;2;9;1.0;3.0;43,67452600;7,22108900;
202300009287.0;1;06;06012;2;1;1.0;3.0;43,75046200;7,43042200;
202300009288.0;1;06;06069;2;1;8.0;1.0;43,67992000;6,95438000;
202300009289.0;2;06;06029;2;9;1.0;3.0;43,56576000;7,00653000;
202300009290.0;1;03;03094;1;1;1.0;3.0;46,14695000;3,42661000;
202300009291.0;1;75;75112;2;1;1.0;3.0;48,84315800;2,41370700;
202300009292.0;1;75;75113;2;1;1.0;5.0;48,81704500;2,34840200;
202300009293.0;1;75;75114;2;4;1.0;3.0;48,81922800;2,32961400;
202300009294.0;1;75;75120;2;1;1.0;6.0;48,87206700;2,40848500;
202300009295.0;1;75;75120;2;3;1.0;6.0;48,86969300;2,40263600;
202300009296.0;3;75;75118;2;3;1.0;6.0;48,89121500;2,34366200;
202300009297.0;1;75;75117;2;1;1.0;3.0;48,89321700;2,30257200;
202300009298.0;1;75;75116;2;1;1.0;1.0;48,86629000;2,24715100;
202300009299.0;1;75;75113;2;3;1.0;3.0;48,83270500;2,36221100;
202300009300.0;3;75;75113;2;3;1.0;6.0;48,83401500;2,36470500;
202300009301.0;1;75;75112;2;4;1.0;3.0;48,83079800;2,39948200;
202300009302.0;1;75;75112;2;7;1.0;1.0;48,83511500;2,43138200;
202300009303.0;5;75;75112;2;2;1.0;1.0;48,84339600;2,37071200;
202300009304.0;1;75;75112;2;2;1.0;6.0;48,84961300;2,37428700;
202300009305.0;1;75;75111;2;3;1.0;3.0;48,86400800;2,37067600;
202300009306.0;1;75;75112;2;3;1.0;6.0;48,85035700;2,38134800;
202300009307.0;1;75;75111;2;3;8.0;6.0;48,85216600;2,38974500;
202300009308.0;1;75;75110;2;7;1.0;1.0;48,87765983;2,37001115;
202300009309.0;1;94;94068;2;1;1.0;6.0;48,79872000;2,47368000;
202300009310.0;1;94;94046;2;1;1.0;3.0;48,80383000;2,43310000;
202300009311.0;1;94;94011;2;6;2.0;3.0;48,76578000;2,48876000;
202300009312.0;1;94;94022;2;1;1.0;3.0;48,76304000;2,40618000;
202300009313.0;1;94;94002;2;9;1.0;6.0;48,80413900;2,42215300;
202300009314.0;5;93;93071;2;5;1.0;3.0;48,93635000;2,51532000;
202300009315.0;1;93;93053;2;1;1.0;3.0;48,88627000;2,45689100;
202300009316.0;1;93;93051;2;3;1.0;3.0;48,85160000;2,53393000;
202300009317.0;1;93;93048;2;5;1.0;3.0;48,85765000;2,44408000;
202300009318.0;1;93;93029;2;1;1.0;1.0;48,91800537;2,44756159;
202300009319.0;1;92;92075;2;1;1.0;6.0;48,82405063;2,28994846;
202300009320.0;1;92;92064;2;1;1.0;3.0;48,85039000;2,21344000;
202300009321.0;1;92;92064;2;1;1.0;7.0;48,85331907;2,21760454;
202300009322.0;1;92;92063;2;1;1.0;2.0;48,86974000;2,18530000;
202300009323.0;1;92;92063;2;9;1.0;2.0;48,86120701;2,19570833;
202300009324.0;1;92;92050;2;1;1.0;6.0;48,89144158;2,20786840;
202300009325.0;1;92;92040;2;1;1.0;7.0;48,82349949;2,26967740;
202300009326.0;1;92;92036;2;3;1.0;7.0;48,94263000;2,30295000;
202300009327.0;1;92;92036;2;1;1.0;2.0;48,91937762;2,29001820;
202300009328.0;1;92;92026;2;3;1.0;2.0;48,90190039;2,25619760;
202300009329.0;2;92;92025;2;1;1.0;3.0;48,91937483;2,25266978;
202300009330.0;5;92;92046;2;2;1.0;1.0;48,81694210;2,29406744;
202300009331.0;1;91;91086;2;1;1.0;3.0;48,61432800;2,36899700;
202300009332.0;1;21;21485;1;1;1.0;4.0;47,33647400;4,96940400;
202300009333.0;1;87;87122;1;1;3.0;6.0;46,05090500;1,35769100;
202300009334.0;3;24;24139;1;1;1.0;1.0;45,14784500;0,63145600;
202300009335.0;3;95;95352;1;1;2.0;6.0;49,10669100;2,42644400;
202300009336.0;1;56;56028;1;2;1.0;1.0;47,66780300; -2,31253000;
202300009337.0;1;76;76034;1;3;1.0;1.0;49,72307500;1,15038900;
202300009338.0;2;69;69209;1;1;1.0;5.0;46,26080900;4,40062500;
202300009339.0;1;61;61369;2;1;1.0;6.0;48,64652800; -0,62157700;
202300009340.0;3;61;61153;1;1;2.0;6.0;48,71813500; -0,07679700;
202300009341.0;1;55;55533;2;1;1.0;3.0;48,61271100;5,66929900;
202300009342.0;1;12;12026;1;3;1.0;5.0;44,39548900;2,76500300;
202300009343.0;1;46;46253;1;1;1.0;7.0;44,68484200;1,48569700;
202300009344.0;3;29;29079;1;1;2.0;6.0;48,63858000; -3,92564400;
202300009345.0;1;15;15268;1;1;2.0;6.0;44,85704400;2,24614600;
202300009346.0;5;06;06079;2;1;1.0;6.0;43,53334600;6,94623900;
202300009347.0;1;50;50093;1;1;2.0;7.0;49,08813700; -1,26305000;
202300009348.0;1;43;43163;1;1;1.0;1.0;45,24387800;4,43053700;
202300009349.0;1;40;40273;1;3;1.0;2.0;43,52118900; -1,38205600;
202300009350.0;1;85;85006;1;1;1.0;6.0;46,77890900; -1,76497630;
202300009351.0;1;37;37280;1;1;1.0;1.0;47,10359400;0,85699800;
202300009352.0;1;08;08283;1;1;1.0;6.0;49,62177600;4,61198300;
202300009353.0;1;974;97415;2;1;1.0;1.0; -21,04723900;55,26723600;
202300009354.0;1;68;68242;1;1;1.0;2.0;47,97891893;7,37421155;
202300009355.0;1;31;31424;1;1;1.0;1.0;43,53687400;1,28042700;
202300009356.0;1;55;55122;2;2;1.0;3.0;48,75894700;5,58332900;
202300009357.0;3;06;06104;1;4;2.0;2.0;43,76106000;7,44666000;
202300009358.0;3;34;34135;1;1;1.0;2.0;43,27792400;3,18427600;
202300009359.0;1;976;97617;1;1;1.0;1.0; -12,79849900;45,12896100;
202300009360.0;1;91;91111;1;9;3.0;3.0;48,62310700;2,13542700;
202300009361.0;1;988;98817;2;2;3.0;3.0; -22,23177500;166,54593800;
202300009362.0;2;971;97117;1;1;1.0;3.0;16,30546800; -61,42926100;
202300009363.0;3;91;91482;1;7;1.0;6.0;48,65125500;2,03282700;
202300009364.0;1;78;78575;2;1;1.0;2.0;48,70664200;2,06260800;
202300009365.0;1;67;67104;1;1;1.0;7.0;48,96871700;7,90908300;
202300009366.0;4;54;54053;2;1;1.0;6.0;48,67337900;6,52518700;
202300009367.0;1;57;57032;2;1;1.0;4.0;49,07490300;6,07478000;
202300009368.0;2;69;69040;2;6;1.0;6.0;45,80151302;4,78500085;
202300009369.0;1;64;64422;2;6;3.0;3.0;43,18453800; -0,62212800;
202300009370.0;1;33;33243;2;1;1.0;6.0;44,91304500; -0,24063200;
202300009371.0;2;14;14258;2;6;8.0;6.0;48,90289400; -0,20407900;
202300009372.0;2;59;59256;1;1;8.0;3.0;50,56426000;3,12694100;
202300009373.0;1;59;59256;2;1;1.0;3.0;50,58216900;3,13186900;
202300009374.0;3;69;69290;1;1;1.0;6.0;45,71444528;4,94418000;
202300009375.0;5;59;59599;1;1;1.0;4.0;50,69555000;3,14783000;
202300009376.0;1;59;59350;1;1;1.0;5.0;50,62184000;3,08303000;
202300009377.0;1;75;75113;1;1;1.0;3.0;48,81630481;2,36078148;
202300009378.0;1;78;78321;1;1;1.0;6.0;48,79868100;1,91517900;
202300009379.0;1;92;92012;1;1;1.0;2.0;48,84817532;2,23384674;
202300009380.0;1;93;93053;1;1;1.0;2.0;48,90368296;2,46667840;
202300009381.0;3;82;82033;1;1;2.0;6.0;44,02350000;1,08078000;
202300009382.0;1;82;82033;1;1;1.0;6.0;44,05771000;1,13074000;
202300009383.0;3;82;82115;1;1;2.0;6.0;44,01916000;1,58373700;
202300009384.0;1;974;97416;2;1;1.0;6.0; -21,33052000;55,47241000;
202300009385.0;5;974;97416;2;1;1.0;6.0; -21,33031000;55,47375000;
202300009386.0;1;974;97411;2;9;1.0;3.0; -20,88988000;55,45285000;
202300009387.0;1;973;97302;2;2;1.0;3.0;4,92958409; -52,31511086;
202300009388.0;1;973;97302;2;3;1.0;3.0;4,92912000; -52,32115000;
202300009389.0;5;973;97302;2;3;1.0;5.0;4,93670793; -52,32780308;
202300009390.0;5;973;97302;2;1;1.0;6.0;4,92458000; -52,30016000;