Num_Acc;lum;departement;commune;agglomeration;intersection;meteo;type_collision;lat;long;date
202300009391.0;1;69;69387;2;1;1.0;4.0;45,74177000;4,85700000;
202300009392.0;1;69;69383;2;9;1.0;6.0;45,76093000;4,85788000;
202300009393.0;1;972;97209;1;6;1.0;3.0;14,61390000; -61,05160000;
202300009394.0;1;2B;2B033;2;3;1.0;2.0;42,67736000;9,43394000;
202300009395.0;1;971;97113;1;1;1.0;3.0;16,23193666; -61,45603895;
202300009396.0;5;971;97101;1;9;1.0;2.0;16,25289000; -61,53329000;
202300009397.0;1;91;91201;2;1;1.0;6.0;48,66503900;2,41908900;
202300009398.0;1;91;91223;2;1;1.0;6.0;48,43740000;2,16303000;
202300009399.0;1;87;87085;2;1;1.0;7.0;45,85064000;1,29830000;
202300009400.0;1;85;85194;2;6;8.0;3.0;46,50202000; -1,75908000;
202300009401.0;1;84;84035;2;9;1.0;2.0;43,83156000;5,03928000;
202300009402.0;1;83;83090;2;3;1.0;2.0;43,13320000;5,84608000;
202300009403.0;5;77;77243;2;6;1.0;3.0;48,87818000;2,70148000;
202300009404.0;1;76;76329;1;1;2.0;1.0;49,54495000;0,49486000;
202300009405.0;1;71;71306;2;6;1.0;3.0;46,68117000;4,37015000;
202300009406.0;1;69;69264;2;6;1.0;3.0;45,99810000;4,73899000;
202300009407.0;3;67;67180;1;9;1.0;7.0;48,79907000;7,81926000;
202300009408.0;1;66;66136;2;1;1.0;6.0;42,68669949;2,90737510;
202300009409.0;1;66;66136;2;3;1.0;3.0;42,72472000;2,88193000;
202300009410.0;1;66;66136;2;1;1.0;6.0;42,69067000;2,90118000;
202300009411.0;1;64;64260;2;5;1.0;3.0;43,34963000; -1,77493000;
202300009412.0;1;64;64445;2;3;1.0;3.0;43,31130000; -0,35418000;
202300009413.0;1;64;64122;2;6;1.0;3.0;43,48073000; -1,54088000;
202300009414.0;5;64;64102;2;6;1.0;3.0;43,49383000; -1,49187000;
202300009415.0;5;62;62178;2;2;1.0;3.0;50,47070762;2,55630720;
202300009416.0;1;57;57672;2;2;1.0;3.0;49,35844000;6,16122000;
202300009417.0;1;54;54339;2;2;1.0;3.0;48,70898000;6,18468000;
202300009418.0;1;49;49099;2;2;1.0;6.0;47,04641000; -0,89591000;
202300009419.0;1;49;49007;2;2;1.0;6.0;47,47594000; -0,55001000;
202300009420.0;1;49;49007;2;6;1.0;3.0;47,46641000; -0,55724000;
202300009421.0;1;47;47031;2;6;1.0;2.0;44,17595000;0,63543000;
202300009422.0;1;47;47001;2;6;1.0;2.0;44,20875042;0,62855981;
202300009423.0;1;37;37261;2;1;1.0;6.0;47,37606000;0,68929000;
202300009424.0;1;35;35238;2;1;1.0;6.0;48,10950000; -1,67390000;
202300009425.0;1;34;34172;2;2;1.0;3.0;43,61720000;3,88074000;
202300009426.0;5;33;33063;2;1;1.0;3.0;44,84453000; -0,57851000;
202300009427.0;1;31;31069;2;1;1.0;1.0;43,65243800;1,37424500;
202300009428.0;3;29;29232;1;6;1.0;6.0;47,97994000; -4,07930000;
202300009429.0;1;29;29019;2;3;1.0;3.0;48,38205000; -4,52457000;
202300009430.0;1;27;27285;2;1;1.0;6.0;49,07559000;1,52877000;
202300009431.0;1;26;26004;1;1;1.0;2.0;44,98749000;4,98221000;
202300009432.0;1;26;26198;2;3;1.0;3.0;44,55299000;4,76304000;
202300009433.0;3;25;25056;1;1;1.0;6.0;47,27368900;6,02696000;
202300009434.0;1;25;25056;2;3;1.0;3.0;47,24659000;6,01714000;
202300009435.0;1;22;22278;1;1;1.0;4.0;48,52104141; -2,74826628;
202300009436.0;5;15;15014;2;1;2.0;7.0;44,93153900;2,44301500;
202300009437.0;1;14;14333;2;1;1.0;7.0;49,41511466;0,24564034;
202300009438.0;2;13;13212;2;1;1.0;3.0;43,30373000;5,43050000;
202300009439.0;1;13;13211;2;1;1.0;3.0;43,28902541;5,43304127;
202300009440.0;1;13;13206;2;2;1.0;6.0;43,29231000;5,38600000;
202300009441.0;1;13;13208;2;1;1.0;3.0;43,27060981;5,38832144;
202300009442.0;5;13;13063;2;3;1.0;3.0;43,58296000;5,00381000;
202300009443.0;2;11;11069;1;1;8.0;7.0;43,20397000;2,30105000;
202300009444.0;1;10;10387;2;1;1.0;3.0;48,30522000;4,07419000;
202300009445.0;1;03;03185;2;9;1.0;6.0;46,34800000;2,59900000;
202300009446.0;1;75;75116;2;1;1.0;3.0;48,87436400;2,27595500;
202300009447.0;1;75;75116;2;2;1.0;1.0;48,87251800;2,26442400;
202300009448.0;1;49;49069;1;1;1.0;1.0;47,33498400; -1,28031500;
202300009449.0;3;47;47310;1;1;8.0;7.0;44,38285100;0,30702800;
202300009450.0;1;39;39101;1;1;1.0;1.0;47,10872000;5,42964900;
202300009451.0;1;84;84017;1;1;1.0;7.0;44,14909500;5,31776900;
202300009452.0;3;72;72126;1;1;2.0;6.0;48,03777400; -0,11952800;
202300009453.0;5;14;14431;2;1;3.0;6.0;49,07548800; -0,06621800;
202300009454.0;1;14;14475;2;2;1.0;3.0;49,12108800; -0,56612200;
202300009455.0;3;50;50277;1;1;1.0;7.0;48,85311000; -1,52615500;
202300009456.0;2;50;50292;1;1;2.0;6.0;49,09926700; -1,25673300;
202300009457.0;1;07;07227;1;1;1.0;6.0;45,25585000;4,72069900;
202300009458.0;3;53;53219;1;1;1.0;6.0;48,30975000; -0,68029000;
202300009459.0;1;17;17267;1;2;1.0;3.0;46,22911900; -0,92353800;
202300009460.0;1;30;30344;1;1;1.0;1.0;43,73365800;4,23314300;
202300009461.0;3;67;67429;1;1;2.0;6.0;48,38374600;7,47834200;
202300009462.0;3;38;38239;1;1;1.0;4.0;45,34505000;5,56433400;
202300009463.0;1;973;97305;1;2;1.0;1.0;4,97410900; -52,44181000;
202300009464.0;1;45;45268;1;1;8.0;6.0;47,75534600;2,41757200;
202300009465.0;1;2B;2B134;2;1;1.0;3.0;42,63113700;8,93727100;
202300009466.0;1;34;34299;1;6;1.0;6.0;43,28136100;3,28808800;
202300009467.0;1;04;04092;1;1;1.0;1.0;43,82358300;6,58152400;
202300009468.0;1;13;13014;1;1;1.0;7.0;43,50402100;5,14967000;
202300009469.0;2;13;13092;2;3;1.0;3.0;43,55170500;5,03984700;
202300009470.0;2;13;13097;1;3;1.0;3.0;43,58465000;4,76510500;
202300009471.0;1;71;71342;2;4;1.0;3.0;46,44536800;4,11692300;
202300009472.0;1;55;55496;1;1;1.0;1.0;48,71497800;5,61051600;
202300009473.0;1;01;01386;1;3;1.0;2.0;45,88577800;5,34768100;
202300009474.0;5;69;69140;1;1;1.0;5.0;45,89355500;4,69998100;
202300009475.0;1;31;31291;2;3;1.0;3.0;43,60461900;1,22310900;
202300009476.0;1;64;64315;1;1;1.0;6.0;43,30093100; -0,42780700;
202300009477.0;1;14;14040;1;2;2.0;3.0;49,26687300; -0,74395400;
202300009478.0;3;22;22136;1;9;2.0;1.0;48,20527000; -2,75550800;
202300009479.0;2;13;13215;1;1;1.0;2.0;43,34994821;5,36891233;
202300009480.0;3;13;13210;1;1;2.0;6.0;43,28425000;5,40300000;
202300009481.0;1;69;69382;1;1;1.0;7.0;45,75087618;4,82290372;
202300009482.0;1;33;33318;1;1;1.0;6.0;44,78742000; -0,62397000;
202300009483.0;1;91;91689;1;1;1.0;2.0;48,74468000;2,32288000;
202300009484.0;1;91;91661;1;1;8.0;3.0;48,69671000;2,21463000;
202300009485.0;3;92;92050;1;1;1.0;2.0;48,90183264;2,20286349;
202300009486.0;1;95;95572;1;1;1.0;3.0;49,03385054;2,11133838;
202300009487.0;1;93;93013;1;1;8.0;4.0;48,94036000;2,42343000;
202300009488.0;3;93;93051;1;1;2.0;6.0;48,83646500;2,54783200;
202300009489.0;3;94;94073;1;1;2.0;6.0;48,76906913;2,37939164;
202300009490.0;1;87;87075;2;1;1.0;6.0;45,80841000;1,22530000;
202300009491.0;1;78;78138;1;1;1.0;6.0;48,96930700;2,03233100;
202300009492.0;1;45;45234;2;1;1.0;3.0;47,88621000;1,89647000;
202300009493.0;5;13;13203;2;3;1.0;1.0;43,31281000;5,37573000;
202300009494.0;1;988;98818;2;1;1.0;4.0; -22,23630000;166,44951000;
202300009495.0;1;69;69388;2;2;2.0;6.0;45,73213000;4,88077000;
202300009496.0;3;972;97213;1;1;1.0;2.0;14,61800000; -61,03215000;
202300009497.0;1;972;97209;2;1;2.0;2.0;14,61650000; -61,04480000;
202300009498.0;2;69;69384;2;2;1.0;3.0;45,77758000;4,83485000;
202300009499.0;2;69;69034;2;1;1.0;2.0;45,78273149;4,83672432;
202300009500.0;3;95;95539;2;1;8.0;2.0;48,99732000;2,36062000;
202300009501.0;1;95;95555;2;1;1.0;1.0;48,96790978;2,28082216;
202300009502.0;5;89;89387;2;2;2.0;3.0;48,19142000;3,27654000;
202300009503.0;1;87;87085;2;1;2.0;1.0;45,83887000;1,27864000;
202300009504.0;1;84;84007;2;1;8.0;7.0;43,94190000;4,83121000;
202300009505.0;1;83;83126;2;3;8.0;3.0;43,09713525;5,88828027;
202300009506.0;2;82;82121;2;2;1.0;3.0;44,01757000;1,32032000;
202300009507.0;2;80;80131;2;1;2.0;2.0;49,84451000;2,39706000;
202300009508.0;2;78;78401;2;1;2.0;2.0;49,01157200;1,90692200;
202300009509.0;5;77;77479;2;1;2.0;1.0;48,86911000;2,64598000;
202300009510.0;1;77;77249;2;1;1.0;6.0;48,73940000;2,60738000;
202300009511.0;1;76;76351;2;2;1.0;6.0;49,49742000;0,10949000;
202300009512.0;1;72;72181;2;1;1.0;6.0;48,00871000;0,20298000;
202300009513.0;1;72;72181;2;1;1.0;6.0;47,99505000;0,18780000;
202300009514.0;5;72;72181;2;9;2.0;3.0;48,02078000;0,22614000;
202300009515.0;1;71;71040;2;3;1.0;3.0;46,68650815;4,39066647;
202300009516.0;1;71;71076;2;9;2.0;6.0;46,80697000;4,84404000;
202300009517.0;1;69;69029;2;1;1.0;6.0;45,72755000;4,91559000;
202300009518.0;1;69;69029;2;2;3.0;1.0;45,73066000;4,91737000;
202300009519.0;1;69;69091;2;2;1.0;3.0;45,60195000;4,77039000;
202300009520.0;1;67;67043;2;1;3.0;6.0;48,61484100;7,74213900;
202300009521.0;1;66;66136;1;6;1.0;3.0;42,69416000;2,85022000;
202300009522.0;2;64;64129;2;1;2.0;3.0;43,29841000; -0,38672000;
202300009523.0;1;64;64445;2;2;1.0;3.0;43,31644000; -0,33955000;
202300009524.0;5;62;62510;2;1;1.0;3.0;50,41706000;2,77183000;
202300009525.0;2;62;62263;2;1;3.0;6.0;50,29224696;2,72809607;
202300009526.0;5;60;60057;2;1;1.0;2.0;49,43725000;2,08774000;
202300009527.0;5;59;59378;2;3;8.0;3.0;50,66207000;3,09644000;
202300009528.0;5;59;59350;2;1;2.0;6.0;50,63426000;3,03057000;
202300009529.0;2;59;59509;2;1;2.0;6.0;50,40504000;3,10687000;
202300009530.0;1;59;59390;2;3;1.0;3.0;50,33756000;3,19095000;
202300009531.0;5;58;58194;2;1;2.0;5.0;46,98623000;3,14496000;
202300009532.0;5;57;57757;2;1;3.0;6.0;49,35513000;6,18241000;
202300009533.0;1;56;56260;2;6;1.0;3.0;47,65937300; -2,79411800;
202300009534.0;1;56;56162;2;1;2.0;6.0;47,73749000; -3,42306000;
202300009535.0;2;56;56098;2;1;2.0;1.0;47,75040000; -3,33980000;
202300009536.0;2;55;55029;2;6;1.0;3.0;48,77326297;5,16618449;
202300009537.0;1;54;54395;2;1;3.0;6.0;48,68873406;6,17561996;
202300009538.0;1;51;51454;2;3;3.0;6.0;49,22550300;4,01426500;
202300009539.0;2;51;51573;2;1;3.0;6.0;49,24567800;3,99742800;
202300009540.0;5;51;51454;2;4;3.0;3.0;49,23930000;4,03873000;
202300009541.0;5;51;51573;2;1;3.0;6.0;49,24795000;3,99706000;
202300009542.0;1;51;51454;2;1;1.0;6.0;49,25312000;4,02192000;
202300009543.0;2;51;51454;2;1;1.0;4.0;49,26024000;4,00893000;
202300009544.0;1;49;49328;2;1;2.0;6.0;47,25155686; -0,07744811;
202300009545.0;1;49;49099;2;6;8.0;3.0;47,05080000; -0,87165000;
202300009546.0;5;49;49267;2;1;1.0;6.0;47,46628000; -0,51612000;
202300009547.0;1;988;98818;2;2;1.0;3.0; -22,27613000;166,44660000;
202300009548.0;5;47;47001;2;1;1.0;6.0;44,20239000;0,61110000;
202300009549.0;1;46;46042;2;1;1.0;2.0;44,46650000;1,42617000;
202300009550.0;1;988;98818;2;3;1.0;3.0; -22,24128000;166,45409000;
202300009551.0;3;45;45302;1;1;2.0;4.0;47,94148000;1,88579000;
202300009552.0;1;974;97416;2;1;1.0;3.0; -21,30807000;55,43129000;
202300009553.0;1;41;41047;2;1;1.0;1.0;47,62196000;1,35239000;
202300009554.0;1;974;97416;1;1;1.0;3.0; -21,29870000;55,43780000;
202300009555.0;5;41;41018;2;1;3.0;2.0;47,58546000;1,33523800;
202300009556.0;5;974;97411;2;1;3.0;6.0; -20,89555000;55,48945000;
202300009557.0;1;38;38185;2;1;1.0;3.0;45,18583000;5,74690000;
202300009558.0;1;973;97302;1;6;1.0;7.0;4,92065725; -52,33026803;
202300009559.0;1;973;97302;2;1;2.0;6.0;4,91557000; -52,31132000;
202300009560.0;5;69;69387;2;1;1.0;6.0;45,73740000;4,82880000;
202300009561.0;1;37;37261;2;9;3.0;3.0;47,39096000;0,68386000;
202300009562.0;5;69;69387;2;1;1.0;6.0;45,74733566;4,85858387;
202300009563.0;1;37;37122;2;1;1.0;3.0;47,34862000;0,66215000;
202300009564.0;1;35;35238;2;7;8.0;6.0;48,09409600; -1,66302500;
202300009565.0;1;69;69383;2;1;1.0;5.0;45,75862000;4,85844000;
202300009566.0;1;2A;2A004;2;1;1.0;6.0;41,95012572;8,77179980;
202300009567.0;5;34;34172;2;1;1.0;2.0;43,61173000;3,82765000;
202300009568.0;1;2A;2A004;2;3;1.0;3.0;41,93650356;8,75354290;
202300009569.0;5;33;33192;2;3;2.0;3.0;44,78641000; -0,60497000;
202300009570.0;1;2A;2A004;2;3;1.0;3.0;41,94895000;8,76671000;
202300009571.0;1;95;95277;2;1;1.0;4.0;48,99421000;2,44111000;
202300009572.0;1;33;33063;2;3;3.0;5.0;44,82165000; -0,57143000;
202300009573.0;1;91;91432;2;6;7.0;3.0;48,70166600;2,33929300;
202300009574.0;1;33;33063;2;3;6.0;3.0;44,84886000; -0,59905000;
202300009575.0;1;91;91027;2;1;1.0;3.0;48,70603000;2,39147000;
202300009576.0;1;87;87085;2;2;1.0;3.0;45,83982000;1,23636000;
202300009577.0;1;31;31555;2;1;2.0;1.0;43,64307606;1,46778524;
202300009578.0;5;87;87085;2;2;1.0;3.0;45,81737000;1,25259000;
202300009579.0;1;29;29019;2;1;1.0;4.0;48,40017079; -4,49808732;
202300009580.0;3;84;84087;1;3;1.0;3.0;44,15907000;4,79715000;
202300009581.0;5;27;27229;2;1;8.0;6.0;49,01719000;1,12720000;
202300009582.0;1;83;83137;2;1;1.0;6.0;43,12134000;5,93648000;
202300009583.0;1;83;83050;2;9;1.0;6.0;43,53371000;6,47743000;
202300009584.0;5;79;79191;2;2;1.0;3.0;46,30977000; -0,48204000;
202300009585.0;1;25;25388;2;1;2.0;6.0;47,50888000;6,79404000;
202300009586.0;1;77;77464;1;1;1.0;7.0;48,89578000;2,72412000;
202300009587.0;5;77;77243;2;1;1.0;1.0;48,87654000;2,68286000;
202300009588.0;2;25;25056;2;1;3.0;6.0;47,22841700;5,98602700;
202300009589.0;5;76;76540;2;2;1.0;3.0;49,45110300;1,09845800;
202300009590.0;5;25;25056;2;9;3.0;6.0;47,22954600;5,98110100;
202300009591.0;1;72;72181;2;1;1.0;6.0;47,97429000;0,20651000;
202300009592.0;5;72;72181;2;1;1.0;6.0;48,01345000;0,16442000;
202300009593.0;2;19;19031;2;3;1.0;3.0;45,16717000;1,52518000;
202300009594.0;1;69;69266;2;1;1.0;6.0;45,75944775;4,89096062;
202300009595.0;1;67;67482;2;4;1.0;3.0;48,55280000;7,74869000;
202300009596.0;3;15;15014;2;1;1.0;3.0;44,91406100;2,45114700;
202300009597.0;1;65;65440;2;2;1.0;3.0;43,23702000;0,08189100;
202300009598.0;5;13;13071;1;6;3.0;3.0;43,40980000;5,32494000;
202300009599.0;1;65;65440;2;1;1.0;3.0;43,23267300;0,06128000;
202300009600.0;1;65;65286;2;1;1.0;2.0;43,10432000; -0,06080000;
202300009601.0;1;13;13005;1;1;1.0;2.0;43,29820000;5,60364000;
202300009602.0;1;64;64483;2;1;8.0;6.0;43,38907000; -1,65367000;
202300009603.0;2;10;10387;2;1;1.0;2.0;48,30267000;4,06306000;
202300009604.0;1;64;64445;2;1;1.0;3.0;43,30702000; -0,35387000;
202300009605.0;1;64;64445;2;1;1.0;3.0;43,31500000; -0,35715000;
202300009606.0;1;06;06088;2;1;8.0;1.0;43,73241740;7,29101040;
202300009607.0;1;63;63113;2;2;1.0;3.0;45,79023000;3,08345000;
202300009608.0;5;06;06104;2;1;8.0;2.0;43,75353200;7,48376000;
202300009609.0;2;63;63113;2;3;1.0;3.0;45,78326000;3,10239000;
202300009610.0;1;75;75114;2;1;1.0;4.0;48,81784400;2,33402400;
202300009611.0;5;62;62628;2;2;1.0;3.0;50,42110600;2,89119500;
202300009612.0;5;60;60057;2;1;1.0;6.0;49,42023000;2,10077000;
202300009613.0;2;75;75119;2;1;8.0;3.0;48,90073000;2,37256300;
202300009614.0;1;59;59183;2;1;1.0;6.0;51,02215900;2,33753500;
202300009615.0;3;59;59375;1;1;1.0;6.0;50,40780000;3,24502000;
202300009616.0;1;75;75109;2;1;1.0;5.0;48,87624700;2,33422700;
202300009617.0;1;59;59017;2;2;1.0;3.0;50,69082000;2,87458000;
202300009618.0;1;75;75106;2;2;2.0;6.0;48,85470800;2,33931400;
202300009619.0;1;57;57672;2;2;1.0;6.0;49,36309000;6,16946000;
202300009620.0;5;75;75106;2;1;2.0;3.0;48,84349100;2,32532100;
202300009621.0;1;57;57757;2;1;1.0;6.0;49,35649000;6,18536000;
202300009622.0;1;75;75120;2;4;2.0;3.0;48,86589000;2,39933200;
202300009623.0;5;75;75119;2;3;2.0;3.0;48,88837800;2,37411600;
202300009624.0;1;75;75119;2;3;2.0;6.0;48,89889300;2,38094800;
202300009625.0;2;56;56098;2;2;1.0;3.0;47,77192000; -3,33878000;
202300009626.0;5;75;75118;2;7;2.0;1.0;48,89312000;2,36341400;
202300009627.0;5;75;75117;2;7;2.0;7.0;48,88088700;2,28404700;
202300009628.0;1;75;75116;2;3;8.0;3.0;48,85090600;2,27178700;
202300009629.0;1;56;56107;2;1;1.0;3.0;47,71846000; -3,37396000;
202300009630.0;5;51;51454;2;1;1.0;6.0;49,23565562;4,02553707;
202300009631.0;5;75;75116;2;2;2.0;3.0;48,85735700;2,26466200;
202300009632.0;1;51;51454;2;1;1.0;3.0;49,23921657;4,01373670;
202300009633.0;5;75;75116;2;2;2.0;3.0;48,87268500;2,28457600;
202300009634.0;1;51;51454;2;2;1.0;6.0;49,25113000;4,04909000;
202300009635.0;2;75;75115;2;2;2.0;6.0;48,82901300;2,29894100;
202300009636.0;1;50;50129;2;2;1.0;3.0;49,63818000; -1,62529000;
202300009637.0;5;49;49353;2;1;1.0;6.0;47,45626000; -0,47248000;
202300009638.0;1;75;75113;2;1;1.0;2.0;48,82369200;2,37592100;
202300009639.0;4;49;49007;2;1;1.0;6.0;47,45445000; -0,53385000;
202300009640.0;1;75;75113;2;2;1.0;6.0;48,82566800;2,38208400;
202300009641.0;5;45;45234;2;2;1.0;3.0;47,92268570;1,89565954;
202300009642.0;5;75;75114;2;1;2.0;3.0;48,81699900;2,34369500;
202300009643.0;1;45;45232;2;1;7.0;3.0;47,85756000;1,90445000;
202300009644.0;1;75;75112;2;3;1.0;6.0;48,85051400;2,37936300;
202300009645.0;1;42;42127;2;1;1.0;1.0;46,06798000;4,05149000;
202300009646.0;5;75;75110;2;3;2.0;3.0;48,88024700;2,35365500;
202300009647.0;1;75;75109;2;2;1.0;6.0;48,87554300;2,32666900;
202300009648.0;1;41;41018;2;9;1.0;3.0;47,59650000;1,32700000;
202300009649.0;1;75;75108;2;2;8.0;7.0;48,87415200;2,29892700;
202300009650.0;1;35;35238;2;1;1.0;6.0;48,11271000; -1,66450000;
202300009651.0;2;75;75108;2;2;1.0;6.0;48,86666822;2,32201087;
202300009652.0;5;94;94068;2;1;3.0;6.0;48,80521000;2,48738600;
202300009653.0;5;33;33063;2;1;1.0;5.0;44,87914261; -0,56327550;
202300009654.0;1;94;94068;2;1;1.0;1.0;48,79674000;2,51385000;
202300009655.0;1;31;31555;2;1;2.0;4.0;43,60393000;1,43494000;
202300009656.0;1;31;31555;2;3;1.0;3.0;43,60173000;1,45827000;
202300009657.0;1;94;94043;2;1;2.0;6.0;48,81211931;2,35699978;
202300009658.0;1;31;31069;2;1;1.0;3.0;43,64667000;1,36918000;
202300009659.0;1;94;94021;2;6;1.0;2.0;48,77274600;2,33946400;
202300009660.0;1;31;31555;2;2;1.0;3.0;43,57048000;1,38610000;
202300009661.0;1;93;93066;2;9;2.0;3.0;48,92966900;2,34100000;
202300009662.0;5;30;30007;2;1;1.0;6.0;44,10761000;4,09818000;
202300009663.0;1;27;27229;2;6;1.0;3.0;49,00358000;1,15162000;
202300009664.0;1;93;93051;2;3;1.0;6.0;48,83005940;2,56152229;
202300009665.0;5;93;93048;2;2;3.0;3.0;48,85647000;2,43735000;
202300009666.0;1;27;27229;1;2;1.0;3.0;49,00344000;1,14806000;
202300009667.0;5;25;25388;2;1;1.0;1.0;47,50848000;6,80369000;
202300009668.0;1;93;93031;2;9;2.0;6.0;48,94690900;2,34436700;
202300009669.0;1;22;22278;2;2;1.0;3.0;48,50135676; -2,73446113;
202300009670.0;1;93;93029;2;3;2.0;2.0;48,91850681;2,44865493;
202300009671.0;1;22;22113;2;1;1.0;2.0;48,75095000; -3,44905000;
202300009672.0;1;93;93014;2;1;2.0;6.0;48,90745000;2,53252000;
202300009673.0;1;18;18033;2;2;1.0;3.0;47,10616000;2,41136000;
202300009674.0;5;93;93001;2;1;2.0;3.0;48,92240000;2,37211000;
202300009675.0;2;92;92020;2;3;8.0;3.0;48,81097154;2,29955221;
202300009676.0;1;13;13043;2;9;1.0;2.0;43,38673000;5,22283000;
202300009677.0;1;92;92073;2;2;2.0;6.0;48,86424977;2,20820582;
202300009678.0;1;13;13043;1;1;1.0;4.0;43,39373000;5,19805000;
202300009679.0;1;13;13103;2;2;1.0;3.0;43,63227000;5,08976000;
202300009680.0;1;92;92073;2;4;1.0;3.0;48,87276100;2,22109312;
202300009681.0;2;92;92077;2;1;2.0;3.0;48,82545044;2,19803953;
202300009682.0;5;13;13214;2;1;1.0;3.0;43,33072000;5,37992000;
202300009683.0;5;92;92047;1;1;3.0;2.0;48,83000000;2,15191000;
202300009684.0;5;13;13213;2;1;1.0;1.0;43,34826000;5,41611000;
202300009685.0;1;13;13213;2;1;1.0;6.0;43,33044000;5,41904000;
202300009686.0;2;92;92048;2;2;3.0;1.0;48,82082659;2,22617269;
202300009687.0;1;12;12145;2;3;1.0;3.0;44,09225000;3,06034000;
202300009688.0;5;92;92040;2;7;2.0;6.0;48,82281272;2,27355659;
202300009689.0;5;10;10343;2;2;1.0;3.0;48,27710000;4,08280000;
202300009690.0;5;92;92040;2;1;3.0;3.0;48,82106059;2,26251215;
202300009691.0;1;08;08105;2;7;1.0;6.0;49,75244959;4,73153070;
202300009692.0;1;92;92035;2;1;2.0;6.0;48,90486000;2,23898000;
202300009693.0;1;06;06088;2;1;1.0;6.0;43,67440000;7,22060400;
202300009694.0;1;06;06012;2;1;1.0;3.0;43,75235300;7,42951700;
202300009695.0;2;92;92025;2;2;2.0;3.0;48,91454643;2,22896531;
202300009696.0;1;06;06030;2;1;1.0;3.0;43,56102100;6,96737200;
202300009697.0;5;92;92023;2;2;2.0;6.0;48,78958293;2,25271153;
202300009698.0;5;06;06004;1;1;1.0;2.0;43,60235000;7,07191300;
202300009699.0;1;03;03013;1;1;1.0;6.0;46,59571000;3,35250000;
202300009700.0;2;92;92012;2;1;2.0;2.0;48,83769000;2,24599000;
202300009701.0;1;988;98818;2;1;1.0;3.0; -22,23770000;166,45134000;
202300009702.0;5;54;54571;2;1;6.0;7.0;48,61637300;6,25417800;
202300009703.0;1;974;97416;1;1;1.0;3.0; -21,32111000;55,44440000;
202300009704.0;1;973;97302;2;1;1.0;2.0;4,94382411; -52,32227772;
202300009705.0;1;69;69136;1;1;3.0;1.0;45,64721175;4,74600181;
202300009706.0;1;973;97302;2;6;9.0;1.0;4,92850012; -52,32226914;
202300009707.0;1;06;06130;2;2;1.0;3.0;43,69423100;6,85598000;
202300009708.0;5;69;69383;2;2;1.0;3.0;45,75706000;4,85876000;
202300009709.0;5;69;69387;2;1;1.0;6.0;45,72267806;4,82999325;
202300009710.0;3;60;60069;1;1;1.0;1.0;49,15096740;2,92841864;
202300009711.0;1;972;97213;1;1;1.0;1.0;14,61692000; -61,03496000;
202300009712.0;3;56;56148;1;1;2.0;2.0;47,77005000; -3,17263000;
202300009713.0;1;971;97101;2;3;2.0;3.0;16,24871900; -61,53152100;
202300009714.0;1;67;67436;1;3;2.0;1.0;48,39974400;7,13971900;
202300009715.0;1;971;97113;1;1;1.0;4.0;16,22185000; -61,52300000;
202300009716.0;1;82;82180;1;1;1.0;6.0;43,91768000;1,05745600;
202300009717.0;1;971;97120;2;9;2.0;4.0;16,24474000; -61,54141000;
202300009718.0;1;95;95277;2;1;1.0;6.0;48,98712309;2,44085044;
202300009719.0;1;81;81217;2;3;1.0;3.0;43,94174489;1,71971353;
202300009720.0;5;87;87085;2;2;1.0;1.0;45,84335000;1,27462000;
202300009721.0;1;89;89393;1;1;1.0;5.0;47,81456700;3,89439600;
202300009722.0;5;87;87085;2;2;1.0;3.0;45,85174000;1,26647000;
202300009723.0;1;87;87085;2;1;1.0;6.0;45,82603000;1,28389000;
202300009724.0;1;63;63283;1;2;1.0;1.0;45,85016619;2,69805014;
202300009725.0;1;87;87085;2;3;1.0;6.0;45,83248000;1,26235400;
202300009726.0;1;63;63282;2;3;1.0;6.0;45,62605500;3,14807100;
202300009727.0;1;84;84007;2;6;1.0;3.0;43,92133000;4,80274000;
202300009728.0;4;84;84007;1;1;6.0;7.0;43,93062000;4,87443000;
202300009729.0;1;61;61483;2;1;1.0;6.0;48,55648900; -0,40892600;
202300009730.0;1;84;84007;2;1;1.0;5.0;43,95088000;4,85422000;
202300009731.0;2;61;61412;1;6;1.0;3.0;48,50420800;0,35926500;
202300009732.0;5;83;83069;2;1;1.0;7.0;43,12296000;6,11580000;
202300009733.0;1;83;83069;2;3;1.0;6.0;43,11975000;6,12855000;
202300009734.0;5;49;49050;2;2;2.0;3.0;47,32039100; -0,41034000;
202300009735.0;1;12;12105;2;2;1.0;6.0;44,23679000;2,03371500;
202300009736.0;3;47;47100;1;1;1.0;6.0;44,26716100;0,63261500;
202300009737.0;1;77;77378;1;9;1.0;6.0;48,52864500;2,54996400;
202300009738.0;1;34;34150;1;1;1.0;2.0;43,34635700;3,50644100;
202300009739.0;5;77;77495;1;1;1.0;1.0;48,55750000;2,61132000;
202300009740.0;1;25;25320;1;1;1.0;1.0;46,77834500;6,30334100;