Num_Acc;lum;departement;commune;agglomeration;intersection;meteo;type_collision;lat;long;date
202300009741.0;1;77;77048;1;2;1.0;3.0;48,32073000;2,69530000;
202300009742.0;1;76;76351;2;2;1.0;3.0;49,52558000;0,11537000;
202300009743.0;1;44;44154;1;1;2.0;5.0;47,27748200; -2,16499300;
202300009744.0;1;76;76114;2;1;1.0;2.0;49,57081000;0,47046000;
202300009745.0;1;29;29139;1;2;3.0;3.0;48,30733300; -4,02456900;
202300009746.0;3;70;70408;1;1;8.0;1.0;47,27872919;5,58338284;
202300009747.0;5;69;69290;2;3;1.0;5.0;45,69423297;4,92367165;
202300009748.0;1;69;69259;2;1;1.0;7.0;45,71745000;4,87653000;
202300009749.0;1;58;58295;2;1;2.0;6.0;47,32385100;2,94529600;
202300009750.0;2;67;67519;1;1;1.0;5.0;48,65090575;7,80647278;
202300009751.0;1;67;67482;2;1;1.0;3.0;48,59125000;7,69326000;
202300009752.0;1;66;66136;2;2;1.0;6.0;42,68721000;2,90181100;
202300009753.0;5;65;65440;2;6;1.0;2.0;43,23764700;0,04213900;
202300009754.0;5;64;64102;2;1;1.0;5.0;43,50190000; -1,45740000;
202300009755.0;1;64;64102;2;1;1.0;6.0;43,49718000; -1,48312000;
202300009756.0;1;63;63113;2;1;1.0;6.0;45,77900000;3,07603000;
202300009757.0;1;62;62193;2;1;8.0;6.0;50,94477000;1,82693000;
202300009758.0;1;62;62108;2;1;1.0;2.0;50,40832000;1,59183000;
202300009759.0;5;59;59616;2;9;1.0;6.0;50,45901000;3,56927000;
202300009760.0;5;59;59512;2;1;1.0;6.0;50,68345000;3,19234000;
202300009761.0;5;59;59378;2;3;1.0;6.0;50,65513000;3,10200000;
202300009762.0;1;59;59271;2;9;7.0;6.0;51,01595956;2,31440306;
202300009763.0;1;58;58194;2;1;1.0;1.0;46,98306000;3,18322000;
202300009764.0;3;57;57757;1;1;1.0;6.0;49,35202000;6,21937000;
202300009765.0;3;57;57019;1;1;2.0;7.0;49,26253000;6,12213000;
202300009766.0;5;54;54395;2;3;2.0;3.0;48,69980000;6,18280000;
202300009767.0;5;54;54526;2;2;1.0;6.0;48,68162000;6,21587000;
202300009768.0;5;54;54580;2;4;1.0;3.0;49,46941600;5,91656100;
202300009769.0;1;51;51454;2;1;1.0;2.0;49,23419381;4,04005587;
202300009770.0;1;51;51172;2;6;1.0;2.0;49,21477000;4,05082000;
202300009771.0;1;49;49099;2;1;1.0;7.0;47,06554000; -0,85371000;
202300009772.0;5;45;45285;2;3;1.0;2.0;47,91158000;1,87765000;
202300009773.0;5;45;45068;2;2;1.0;1.0;48,01111000;2,70798000;
202300009774.0;5;45;45208;2;2;1.0;3.0;47,99287751;2,71977416;
202300009775.0;1;44;44190;2;1;1.0;6.0;47,21085000; -1,49883000;
202300009776.0;5;37;37261;2;1;1.0;2.0;47,40995000;0,70328000;
202300009777.0;2;37;37233;2;3;1.0;6.0;47,39698000;0,70679000;
202300009778.0;1;35;35051;2;1;1.0;6.0;48,13074004; -1,62101179;
202300009779.0;5;34;34032;2;1;1.0;6.0;43,33895000;3,21010000;
202300009780.0;3;33;33200;2;6;1.0;3.0;44,85871000; -0,67286000;
202300009781.0;1;30;30007;2;3;8.0;7.0;44,12452000;4,07360000;
202300009782.0;1;27;27681;2;1;1.0;2.0;49,09490887;1,48602963;
202300009783.0;5;25;25462;2;9;1.0;6.0;46,90004000;6,33593000;
202300009784.0;5;25;25462;2;5;4.0;3.0;46,91837000;6,34396000;
202300009785.0;5;21;21540;2;1;1.0;6.0;47,32407300;5,07370600;
202300009786.0;5;19;19031;2;2;1.0;3.0;45,16604000;1,51986000;
202300009787.0;1;17;17306;2;1;1.0;2.0;45,63998000; -1,02494000;
202300009788.0;5;14;14118;2;1;1.0;6.0;49,21180000; -0,35800000;
202300009789.0;2;30;30032;1;1;1.0;1.0;43,79280001;4,58557159;
202300009790.0;5;30;30032;2;1;1.0;3.0;43,80640000;4,63620000;
202300009791.0;5;13;13002;2;1;1.0;7.0;43,34062035;5,47308258;
202300009792.0;1;13;13201;2;3;1.0;3.0;43,30065000;5,38837000;
202300009793.0;1;13;13002;2;6;1.0;3.0;43,33938329;5,48415861;
202300009794.0;2;13;13213;2;1;1.0;3.0;43,34400000;5,44218000;
202300009795.0;1;13;13001;2;1;1.0;3.0;43,52162000;5,45848000;
202300009796.0;1;04;04112;2;1;8.0;6.0;43,83358123;5,78648439;
202300009797.0;1;01;01053;2;6;1.0;6.0;46,22022000;5,24465000;
202300009798.0;1;75;75119;2;1;1.0;2.0;48,88651400;2,39705400;
202300009799.0;1;75;75116;2;1;1.0;2.0;48,83511200;2,25999000;
202300009800.0;1;75;75116;2;1;1.0;2.0;48,86423900;2,26664100;
202300009801.0;1;75;75120;2;3;1.0;6.0;48,86412600;2,39227200;
202300009802.0;5;75;75119;2;2;1.0;6.0;48,88438000;2,36920900;
202300009803.0;5;75;75118;2;2;1.0;3.0;48,89337200;2,33826100;
202300009804.0;1;75;75117;2;4;1.0;6.0;48,88773600;2,31255800;
202300009805.0;1;75;75115;2;3;1.0;3.0;48,84231200;2,31055300;
202300009806.0;1;75;75114;2;2;1.0;3.0;48,83168600;2,34087800;
202300009807.0;1;75;75113;2;1;1.0;6.0;48,83369300;2,36057500;
202300009808.0;1;75;75112;2;1;1.0;6.0;48,83766200;2,39077600;
202300009809.0;1;75;75103;2;2;1.0;3.0;48,85815600;2,36449600;
202300009810.0;5;94;94077;2;6;1.0;6.0;48,73490000;2,41773000;
202300009811.0;5;94;94076;2;2;1.0;3.0;48,79457000;2,36024000;
202300009812.0;1;94;94003;2;2;1.0;1.0;48,81011900;2,34070400;
202300009813.0;1;94;94041;2;1;1.0;3.0;48,81143000;2,38293900;
202300009814.0;5;94;94034;2;9;1.0;2.0;48,75767100;2,32945300;
202300009815.0;1;93;93066;2;9;1.0;6.0;48,94463200;2,34838000;
202300009816.0;1;93;93039;2;1;1.0;6.0;48,94067200;2,33869600;
202300009817.0;1;93;93048;2;9;1.0;3.0;48,85867800;2,44900800;
202300009818.0;1;93;93046;2;1;1.0;3.0;48,92736000;2,54753000;
202300009819.0;1;93;93010;2;2;1.0;3.0;48,90603200;2,48038200;
202300009820.0;5;92;92063;2;9;1.0;3.0;48,86817316;2,15723366;
202300009821.0;1;92;92062;2;1;1.0;6.0;48,88749000;2,23324000;
202300009822.0;1;92;92049;2;1;1.0;3.0;48,81452605;2,30564699;
202300009823.0;5;92;92026;2;1;1.0;4.0;48,89837000;2,25286000;
202300009824.0;1;92;92024;2;1;1.0;3.0;48,89863700;2,30739400;
202300009825.0;1;92;92014;2;3;1.0;3.0;48,77702000;2,31018000;
202300009826.0;1;08;08362;2;1;1.0;6.0;49,50973000;4,36485300;
202300009827.0;1;95;95313;2;1;1.0;3.0;49,11200130;2,21980065;
202300009828.0;3;95;95313;2;1;1.0;6.0;49,11918949;2,22598135;
202300009829.0;1;62;62852;2;8;1.0;3.0;50,96039629;2,04663400;
202300009830.0;2;11;11172;1;3;1.0;3.0;43,26611300;2,73562800;
202300009831.0;1;29;29020;1;1;7.0;2.0;48,13237250; -4,02506687;
202300009832.0;1;95;95582;1;1;1.0;1.0;48,96409500;2,26789200;
202300009833.0;3;95;95151;1;1;1.0;6.0;49,06442000;2,26269000;
202300009834.0;1;94;94042;1;1;1.0;2.0;48,82728643;2,46925563;
202300009835.0;1;94;94017;1;1;1.0;3.0;48,82678408;2,51416833;
202300009836.0;5;988;98818;2;3;1.0;6.0; -22,27040000;166,46408000;
202300009837.0;5;976;97611;2;1;1.0;3.0; -12,78981000;45,17889000;
202300009838.0;1;973;97302;2;2;1.0;3.0;4,92957207; -52,31509227;
202300009839.0;5;69;69266;2;9;2.0;3.0;45,78567000;4,86228000;
202300009840.0;3;972;97209;1;1;1.0;6.0;14,61838000; -61,03637000;
202300009841.0;2;972;97209;2;1;3.0;2.0;14,61283000; -61,07055000;
202300009842.0;1;69;69385;2;1;8.0;7.0;45,75250000;4,82051000;
202300009843.0;3;2B;2B120;1;1;1.0;3.0;42,63600000;9,43800000;
202300009844.0;5;95;95268;2;1;1.0;6.0;48,96507800;2,40730900;
202300009845.0;1;91;91657;2;1;8.0;6.0;48,70510000;2,43739000;
202300009846.0;3;85;85194;2;9;1.0;2.0;46,50554000; -1,77182000;
202300009847.0;1;83;83098;2;1;1.0;3.0;43,11019000;6,02124300;
202300009848.0;1;83;83129;2;1;1.0;2.0;43,10760000;5,81933000;
202300009849.0;5;83;83069;1;1;1.0;6.0;43,08492000;6,12872000;
202300009850.0;1;77;77122;2;6;1.0;3.0;48,66584600;2,55192900;
202300009851.0;4;76;76108;2;3;1.0;1.0;49,46410000;1,11404000;
202300009852.0;1;76;76540;2;1;1.0;4.0;49,44030000;1,08408000;
202300009853.0;1;76;76540;2;1;1.0;3.0;49,44173000;1,10095000;
202300009854.0;1;76;76540;2;1;1.0;3.0;49,44315400;1,07487800;
202300009855.0;1;72;72003;2;6;1.0;6.0;47,96396000;0,16318000;
202300009856.0;5;71;71076;2;3;1.0;3.0;46,79649000;4,86276000;
202300009857.0;1;64;64129;2;9;2.0;2.0;43,30161266; -0,39534688;
202300009858.0;1;64;64024;2;1;2.0;3.0;43,51193000; -1,50026000;
202300009859.0;1;61;61001;2;2;1.0;2.0;48,43838900;0,10261600;
202300009860.0;1;59;59512;2;1;8.0;6.0;50,69443800;3,17288200;
202300009861.0;5;59;59350;2;3;1.0;3.0;50,62953324;3,09100986;
202300009862.0;5;59;59350;2;2;1.0;3.0;50,64291000;3,05580000;
202300009863.0;1;57;57660;2;1;8.0;6.0;49,20114000;6,92830000;
202300009864.0;1;51;51454;2;1;1.0;3.0;49,25044000;4,05512000;
202300009865.0;1;49;49007;2;2;1.0;3.0;47,45710000; -0,55407000;
202300009866.0;1;46;46042;2;1;1.0;1.0;44,42959000;1,44213000;
202300009867.0;5;38;38185;2;2;2.0;3.0;45,15946297;5,72414745;
202300009868.0;5;37;37261;2;9;1.0;6.0;47,38648000;0,69026000;
202300009869.0;1;33;33281;2;1;1.0;3.0;44,84508000; -0,68737000;
202300009870.0;1;33;33063;2;2;2.0;2.0;44,83663638; -0,59887826;
202300009871.0;1;33;33119;2;1;1.0;3.0;44,85081000; -0,53782000;
202300009872.0;1;33;33009;2;1;1.0;6.0;44,66024000; -1,16927000;
202300009873.0;1;29;29232;2;6;1.0;3.0;47,99463000; -4,07310000;
202300009874.0;2;29;29019;2;6;1.0;2.0;48,38615200; -4,47519100;
202300009875.0;3;28;28085;2;1;1.0;6.0;48,45153000;1,51521000;
202300009876.0;1;26;26198;1;1;1.0;7.0;44,54938000;4,71379000;
202300009877.0;5;25;25056;2;6;1.0;2.0;47,24633300;5,99797400;
202300009878.0;1;10;10387;2;3;1.0;3.0;48,30316000;4,07571000;
202300009879.0;1;03;03190;2;6;1.0;3.0;46,56254000;3,32507000;
202300009880.0;1;03;03101;2;2;7.0;3.0;46,37061000;2,56788000;
202300009881.0;1;75;75112;2;1;1.0;2.0;48,83356900;2,40834100;
202300009882.0;1;75;75118;2;3;1.0;3.0;48,88478700;2,35924900;
202300009883.0;1;75;75117;2;1;1.0;3.0;48,89311500;2,30239900;
202300009884.0;1;75;75116;2;1;1.0;2.0;48,86020400;2,29090700;
202300009885.0;1;75;75115;2;4;1.0;3.0;48,83540300;2,26688500;
202300009886.0;1;75;75104;2;2;1.0;6.0;48,85806900;2,34968500;
202300009887.0;1;75;75102;2;2;1.0;6.0;48,86932700;2,35426500;
202300009888.0;1;75;75112;2;2;1.0;3.0;48,84457231;2,43877172;
202300009889.0;1;94;94068;2;2;1.0;3.0;48,79800638;2,49129742;
202300009890.0;1;94;94002;2;1;2.0;6.0;48,80466000;2,41149000;
202300009891.0;5;94;94002;2;6;1.0;2.0;48,78706000;2,42287000;
202300009892.0;3;93;93073;2;1;1.0;2.0;48,99478616;2,54284859;
202300009893.0;1;93;93048;2;2;1.0;3.0;48,86806483;2,44662416;
202300009894.0;1;93;93031;2;1;1.0;4.0;48,95535300;2,31222100;
202300009895.0;1;93;93047;2;3;1.0;3.0;48,89865000;2,54887000;
202300009896.0;2;93;93005;2;1;1.0;6.0;48,93987180;2,50605640;
202300009897.0;1;93;93001;2;1;1.0;1.0;48,91879500;2,36905500;
202300009898.0;1;92;92063;2;1;1.0;2.0;48,86790900;2,19434400;
202300009899.0;1;92;92051;2;9;1.0;3.0;48,88489000;2,25507000;
202300009900.0;1;60;60223;2;1;1.0;6.0;49,42754581;2,63555199;
202300009901.0;1;45;45334;1;1;8.0;7.0;47,87305100;2,43809600;
202300009902.0;1;06;06044;2;6;2.0;4.0;43,68370000;7,11509000;
202300009903.0;2;28;28021;1;3;2.0;3.0;48,35326700;1,30861500;
202300009904.0;3;972;97221;1;1;1.0;1.0;14,52669700; -60,98227500;
202300009905.0;5;974;97413;1;1;1.0;1.0; -21,15055500;55,30255800;
202300009906.0;1;19;19148;1;1;1.0;6.0;45,31125000;2,29356800;
202300009907.0;2;59;59135;1;1;1.0;7.0;50,81524511;2,49839187;
202300009908.0;1;76;76208;1;1;1.0;3.0;49,50661000;1,66868800;
202300009909.0;3;76;76067;2;1;1.0;7.0;49,48484100;1,61715700;
202300009910.0;1;63;63234;1;1;1.0;6.0;45,56402592;3,06059341;
202300009911.0;1;49;49125;2;2;1.0;1.0;47,18745600; -0,27947800;
202300009912.0;1;12;12171;1;1;1.0;7.0;44,50625400;2,43057500;
202300009913.0;3;46;46183;1;1;3.0;7.0;44,54846000;1,80038500;
202300009914.0;3;47;47195;1;1;1.0;5.0;44,09178289;0,36100287;
202300009915.0;1;86;86290;2;3;1.0;3.0;46,45665600;0,37476000;
202300009916.0;1;68;68302;1;1;1.0;3.0;47,74505200;7,15079100;
202300009917.0;1;02;02447;1;1;1.0;7.0;49,30786100;3,45567200;
202300009918.0;1;02;02280;1;1;1.0;6.0;49,10098800;3,45223900;
202300009919.0;1;01;01236;1;1;1.0;6.0;46,32879500;5,06097400;
202300009920.0;1;58;58210;1;1;1.0;7.0;47,12888500;4,04650400;
202300009921.0;1;66;66146;1;1;5.0;2.0;42,55573500;1,74442300;
202300009922.0;1;72;72080;1;9;1.0;1.0;48,15397800;0,63125800;
202300009923.0;1;50;50579;2;1;1.0;7.0;49,52572000; -1,58953600;
202300009924.0;1;43;43113;2;3;1.0;6.0;45,00388400;3,99916600;
202300009925.0;1;16;16347;2;1;1.0;1.0;45,26729400;0,16828200;
202300009926.0;1;24;24443;1;1;1.0;7.0;45,02188500;1,09121900;
202300009927.0;1;85;85020;2;1;1.0;3.0;46,37308000; -0,58383000;
202300009928.0;2;37;37257;1;1;1.0;1.0;47,24260800;0,58233400;
202300009929.0;1;08;08311;1;1;1.0;1.0;49,60896100;5,10975300;
202300009930.0;2;987;98745;1;1;1.0;3.0; -16,62000000; -151,49600000;
202300009931.0;2;37;37072;1;2;1.0;2.0;47,18658209;0,22459745;
202300009932.0;1;77;77455;1;1;1.0;7.0;48,63479000;2,73685800;
202300009933.0;1;83;83127;1;1;1.0;7.0;43,24975312;5,80656228;
202300009934.0;1;83;83030;1;2;1.0;5.0;43,36329300;6,09391500;
202300009935.0;3;67;67345;1;1;1.0;7.0;48,77322200;7,87464400;
202300009936.0;1;88;88196;1;1;1.0;7.0;48,03088400;6,86883700;
202300009937.0;1;38;38467;1;4;1.0;1.0;45,67308300;5,35986900;
202300009938.0;2;07;07245;1;1;1.0;6.0;45,09215600;4,81876000;
202300009939.0;5;69;69157;1;6;1.0;3.0;45,87910800;4,47508900;
202300009940.0;1;33;33207;2;1;1.0;6.0;44,90598800; -0,36069500;
202300009941.0;5;76;76533;1;9;1.0;7.0;49,47605800;0,26036700;
202300009942.0;1;80;80176;1;2;1.0;3.0;49,70223800;2,80848700;
202300009943.0;1;80;80561;1;1;1.0;7.0;49,65433200;2,59783200;
202300009944.0;1;62;62693;1;1;1.0;6.0;50,44451600;2,56195200;
202300009945.0;1;13;13071;1;1;1.0;3.0;43,40572000;5,29322000;
202300009946.0;2;13;13211;1;1;1.0;6.0;43,29046000;5,44828000;
202300009947.0;3;13;13005;1;1;1.0;7.0;43,28858000;5,56053000;
202300009948.0;1;13;13022;1;1;1.0;6.0;43,23218900;5,58666200;
202300009949.0;5;83;83137;1;1;1.0;5.0;43,12539500;5,89918300;
202300009950.0;3;91;91659;1;1;1.0;2.0;48,58137000;2,45951000;
202300009951.0;1;92;92036;1;1;1.0;2.0;48,93554103;2,28513973;
202300009952.0;3;78;78466;1;1;1.0;6.0;48,92435000;2,00000000;
202300009953.0;5;92;92064;1;1;1.0;6.0;48,83978493;2,20977193;
202300009954.0;1;93;93007;1;1;1.0;4.0;48,93338000;2,48078000;
202300009955.0;3;92;92036;1;1;1.0;1.0;48,94920532;2,28069842;
202300009956.0;1;93;93027;1;1;1.0;3.0;48,92591590;2,39833117;
202300009957.0;1;93;93029;1;1;2.0;3.0;48,92634273;2,42216545;
202300009958.0;1;973;97302;2;1;2.0;3.0;4,91758345; -52,31308195;
202300009959.0;1;973;97302;2;1;1.0;3.0;4,92872000; -52,29798000;
202300009960.0;1;69;69382;2;3;2.0;3.0;45,75506000;4,82588000;
202300009961.0;1;69;69381;2;3;1.0;3.0;45,77230000;4,81907000;
202300009962.0;1;69;69385;2;2;1.0;3.0;45,75175289;4,82148937;
202300009963.0;1;69;69385;2;1;1.0;2.0;45,76362608;4,79811802;
202300009964.0;1;54;54300;2;1;1.0;6.0;48,64972203;6,23847887;
202300009965.0;2;54;54575;1;1;1.0;6.0;49,47680000;5,85592000;
202300009966.0;5;69;69382;2;2;1.0;3.0;45,76499000;4,83688000;
202300009967.0;1;53;53130;2;1;7.0;6.0;48,07110500; -0,77331800;
202300009968.0;1;69;69034;2;5;1.0;3.0;45,79104803;4,86004720;
202300009969.0;1;44;44109;2;1;1.0;3.0;47,19662500; -1,53122200;
202300009970.0;5;2B;2B037;2;1;1.0;6.0;42,61906000;9,43697000;
202300009971.0;1;44;44109;2;1;1.0;1.0;47,22199000; -1,55633000;
202300009972.0;2;95;95476;1;9;1.0;6.0;49,06994601;2,08295579;
202300009973.0;1;42;42053;1;1;1.0;6.0;45,50749000;4,62951000;
202300009974.0;3;95;95218;2;2;2.0;3.0;49,01836520;2,09600687;
202300009975.0;1;42;42207;2;2;1.0;3.0;45,45847000;4,50213900;
202300009976.0;1;38;38053;2;3;1.0;3.0;45,59077000;5,27207000;
202300009977.0;1;87;87085;2;3;1.0;2.0;45,82135000;1,25158000;
202300009978.0;1;35;35051;1;9;1.0;2.0;48,10129005; -1,61023468;
202300009979.0;1;87;87065;2;6;1.0;3.0;45,81830000;1,29539000;
202300009980.0;5;35;35238;2;1;1.0;6.0;48,11065000; -1,69997000;
202300009981.0;1;87;87050;1;3;1.0;3.0;45,89753000;1,22866000;
202300009982.0;1;30;30028;2;2;1.0;3.0;44,17820000;4,61430000;
202300009983.0;1;83;83137;2;3;1.0;1.0;43,13894486;5,90443897;
202300009984.0;1;29;29232;2;1;1.0;6.0;47,97765000; -4,09777000;
202300009985.0;1;80;80021;2;9;1.0;6.0;49,91164000;2,30868000;
202300009986.0;2;29;29019;2;1;1.0;6.0;48,38633000; -4,50300000;
202300009987.0;1;28;28134;1;1;1.0;2.0;48,74618000;1,37952000;
202300009988.0;1;72;72181;2;1;1.0;6.0;48,02390000;0,14403000;
202300009989.0;1;25;25056;2;6;1.0;3.0;47,24389300;6,05257300;
202300009990.0;1;69;69275;2;2;1.0;3.0;45,77077000;4,98250000;
202300009991.0;1;69;69266;2;2;1.0;1.0;45,77664000;4,87415000;
202300009992.0;1;15;15014;2;3;1.0;3.0;44,91564000;2,43192000;
202300009993.0;1;13;13208;2;1;2.0;7.0;43,24813465;5,37497163;
202300009994.0;5;68;68066;2;2;1.0;2.0;48,08479000;7,36191000;
202300009995.0;1;66;66136;2;2;1.0;1.0;42,69320000;2,90380000;
202300009996.0;1;13;13209;2;6;1.0;1.0;43,24496000;5,42791000;
202300009997.0;1;65;65047;2;2;1.0;3.0;43,25540600;0,10037000;
202300009998.0;1;06;06029;2;1;1.0;3.0;43,54809000;7,01251000;
202300009999.0;1;64;64445;1;9;1.0;4.0;43,32116100; -0,31153400;
202300010000.0;1;63;63113;2;2;1.0;2.0;45,76953000;3,11210000;
202300010001.0;1;75;75118;2;1;1.0;3.0;48,90070100;2,33445200;
202300010002.0;3;56;56083;2;6;2.0;7.0;47,80441000; -3,27325000;
202300010003.0;1;54;54395;2;2;1.0;6.0;48,67962200;6,19869700;
202300010004.0;1;75;75116;2;1;1.0;2.0;48,85392100;2,25366800;
202300010005.0;1;51;51108;2;5;1.0;3.0;48,95923000;4,38372000;
202300010006.0;1;75;75120;2;2;1.0;3.0;48,85270700;2,40612800;
202300010007.0;1;49;49099;2;6;1.0;3.0;47,05813000; -0,85646000;
202300010008.0;1;49;49007;2;9;2.0;7.0;47,47858000; -0,55621000;
202300010009.0;4;75;75120;2;2;1.0;3.0;48,85914900;2,40212900;
202300010010.0;1;49;49015;2;1;2.0;1.0;47,51628000; -0,61165000;
202300010011.0;1;75;75118;2;2;1.0;3.0;48,89406200;2,36175800;
202300010012.0;1;49;49007;2;2;1.0;3.0;47,48287000; -0,52237000;
202300010013.0;5;45;45234;2;1;1.0;3.0;47,87219000;1,91259000;
202300010014.0;1;75;75117;2;3;1.0;3.0;48,88515400;2,29565900;
202300010015.0;1;75;75114;2;1;1.0;6.0;48,82464400;2,31952900;
202300010016.0;1;44;44162;2;1;1.0;3.0;47,23350000; -1,59000000;
202300010017.0;1;38;38151;2;1;1.0;6.0;45,14896000;5,70265000;
202300010018.0;2;75;75112;2;2;7.0;3.0;48,83182500;2,39767000;
202300010019.0;1;75;75103;2;7;1.0;2.0;48,86795500;2,36239000;
202300010020.0;1;38;38421;2;3;7.0;3.0;45,17284000;5,75864000;
202300010021.0;2;75;75111;2;1;1.0;6.0;48,87002100;2,37909800;
202300010022.0;1;37;37261;2;1;1.0;6.0;47,38025000;0,70814000;
202300010023.0;5;75;75108;2;2;1.0;3.0;48,87654400;2,31568000;
202300010024.0;1;37;37261;2;6;1.0;3.0;47,39484000;0,70463000;
202300010025.0;1;33;33063;2;2;1.0;6.0;44,82977479; -0,56805700;
202300010026.0;1;75;75116;2;2;1.0;3.0;48,87584400;2,26219600;
202300010027.0;1;30;30189;2;2;1.0;1.0;43,82618000;4,33236800;
202300010028.0;1;29;29019;2;3;2.0;2.0;48,42217949; -4,50025499;
202300010029.0;1;94;94074;2;1;1.0;6.0;48,76087700;2,44948200;
202300010030.0;1;28;28134;1;1;1.0;2.0;48,74470000;1,39165000;
202300010031.0;1;94;94078;2;3;7.0;3.0;48,72761782;2,44548033;
202300010032.0;1;27;27681;2;1;2.0;3.0;49,10130000;1,48597000;
202300010033.0;1;25;25580;2;1;1.0;6.0;47,47854500;6,82944400;
202300010034.0;1;94;94081;2;3;1.0;3.0;48,80242000;2,39725000;
202300010035.0;5;25;25056;2;1;9.0;6.0;47,22446000;5,98344000;
202300010036.0;5;94;94077;2;9;1.0;6.0;48,73082200;2,42545800;
202300010037.0;1;13;13103;2;9;1.0;6.0;43,63839616;5,09529997;
202300010038.0;5;94;94073;2;1;1.0;6.0;48,75648200;2,37400500;
202300010039.0;1;10;10333;2;1;1.0;6.0;48,27769000;4,05440000;
202300010040.0;1;07;07281;1;1;1.0;7.0;44,93862000;4,83090000;
202300010041.0;1;94;94019;2;1;1.0;4.0;48,78771096;2,52068156;
202300010042.0;1;07;07102;2;1;1.0;7.0;44,93876000;4,85839000;
202300010043.0;5;06;06069;2;9;1.0;6.0;43,65777000;6,91879000;
202300010044.0;5;93;93073;2;1;1.0;6.0;48,96540053;2,57298276;
202300010045.0;5;75;75116;2;1;2.0;2.0;48,87357800;2,27529500;
202300010046.0;1;75;75114;2;1;1.0;2.0;48,81922800;2,32961400;
202300010047.0;1;93;93072;2;1;1.0;3.0;48,94889777;2,39011497;
202300010048.0;1;75;75118;2;1;1.0;3.0;48,90119400;2,35074700;
202300010049.0;1;75;75116;2;1;1.0;5.0;48,86978400;2,27168400;
202300010050.0;5;93;93064;2;1;1.0;2.0;48,86824977;2,48504812;
202300010051.0;5;75;75120;2;1;1.0;4.0;48,85187300;2,41495800;
202300010052.0;5;75;75119;2;9;2.0;7.0;48,90122300;2,37070300;
202300010053.0;5;93;93055;2;3;1.0;3.0;48,89445000;2,41976000;
202300010054.0;1;75;75117;2;1;1.0;7.0;48,89536800;2,30731900;
202300010055.0;5;75;75116;2;1;3.0;7.0;48,84323500;2,26954200;
202300010056.0;1;93;93053;2;4;7.0;1.0;48,88007000;2,46079000;
202300010057.0;5;75;75116;2;2;8.0;6.0;48,86083800;2,29132900;
202300010058.0;1;93;93051;2;3;1.0;3.0;48,85384000;2,54485000;
202300010059.0;5;75;75114;2;7;2.0;3.0;48,83369600;2,33179900;
202300010060.0;1;75;75113;2;3;1.0;3.0;48,84442397;2,36503243;
202300010061.0;1;93;93051;2;2;1.0;3.0;48,84663000;2,55640000;
202300010062.0;1;75;75112;2;1;1.0;5.0;48,84210800;2,40136500;
202300010063.0;1;75;75111;2;2;1.0;3.0;48,86616600;2,36963200;
202300010064.0;5;75;75110;2;2;2.0;3.0;48,87211800;2,35004000;
202300010065.0;1;93;93050;2;2;1.0;6.0;48,85918124;2,52420041;
202300010066.0;5;75;75116;2;3;3.0;2.0;48,85661500;2,26632100;
202300010067.0;2;93;93046;2;1;1.0;3.0;48,92818913;2,55199513;
202300010068.0;1;93;93029;2;1;1.0;3.0;48,91558535;2,44241148;
202300010069.0;1;93;93057;2;1;1.0;4.0;48,91000623;2,50878553;
202300010070.0;1;93;93007;2;1;1.0;2.0;48,92775000;2,46653000;
202300010071.0;1;75;75120;2;1;1.0;2.0;48,85544700;2,41382600;
202300010072.0;1;92;92050;2;9;1.0;2.0;48,90755226;2,21192658;
202300010073.0;5;75;75112;2;1;1.0;5.0;48,83410200;2,40929000;
202300010074.0;1;59;59594;2;1;1.0;2.0;50,49363300;3,44754500;
202300010075.0;5;75;75112;2;1;8.0;2.0;48,84653800;2,41435600;
202300010076.0;1;39;39085;1;1;8.0;7.0;46,73356600;6,10636000;
202300010077.0;2;75;75119;2;2;1.0;2.0;48,88281500;2,37569200;
202300010078.0;1;35;35328;1;1;1.0;3.0;47,78374400; -2,07128700;
202300010079.0;1;75;75119;2;5;2.0;2.0;48,88280600;2,37030500;
202300010080.0;1;50;50493;2;4;1.0;7.0;48,79820300; -1,47825100;
202300010081.0;1;75;75117;2;3;8.0;3.0;48,88630000;2,30058200;
202300010082.0;3;37;37123;1;1;1.0;6.0;47,36655002;0,37259102;
202300010083.0;1;75;75117;2;1;8.0;2.0;48,88233600;2,30208800;
202300010084.0;1;86;86153;2;1;1.0;7.0;46,40633300;0,69466800;
202300010085.0;2;75;75116;2;1;1.0;3.0;48,87261900;2,27939700;
202300010086.0;1;2A;2A211;1;1;1.0;6.0;41,76493400;8,95082100;
202300010087.0;5;75;75115;2;1;1.0;6.0;48,84584400;2,28368800;
202300010088.0;1;75;75115;2;1;1.0;3.0;48,85588800;2,28978600;
202300010089.0;1;38;38336;1;3;1.0;3.0;45,49262300;4,82856600;
202300010090.0;2;75;75115;2;5;1.0;6.0;48,84507500;2,32004600;