Num_Acc;lum;departement;commune;agglomeration;intersection;meteo;type_collision;lat;long;date
202300010091.0;2;75;75115;2;1;1.0;7.0;48,83823300;2,28369300;
202300010092.0;1;86;86128;2;2;1.0;3.0;46,81863000;0,33175700;
202300010093.0;1;75;75114;2;2;1.0;5.0;48,82368100;2,32317200;
202300010094.0;5;75;75111;2;1;8.0;6.0;48,85366900;2,37556500;
202300010095.0;1;66;66190;1;1;1.0;5.0;42,86007000;2,96622300;
202300010096.0;1;75;75111;2;1;1.0;3.0;48,85282500;2,37105200;
202300010097.0;1;66;66144;1;1;1.0;3.0;42,64391800;2,86114500;
202300010098.0;5;75;75111;2;3;1.0;3.0;48,86861800;2,37208500;
202300010099.0;5;75;75108;2;3;1.0;6.0;48,86708900;2,31604000;
202300010100.0;1;52;52114;1;2;1.0;3.0;47,98106000;4,89387300;
202300010101.0;1;75;75108;2;2;2.0;3.0;48,86723400;2,30192700;
202300010102.0;1;95;95052;1;1;7.0;1.0;49,14674900;2,29950600;
202300010103.0;1;94;94028;2;2;1.0;3.0;48,77780000;2,46259000;
202300010104.0;3;13;13206;2;1;1.0;2.0;43,28634000;5,37743000;
202300010105.0;1;94;94028;2;1;1.0;3.0;48,76959000;2,46441000;
202300010106.0;3;13;13047;1;4;1.0;1.0;43,47461000;4,97766000;
202300010107.0;1;57;57469;1;1;1.0;6.0;48,85688700;6,95914100;
202300010108.0;5;94;94022;2;9;1.0;3.0;48,76418974;2,40546727;
202300010109.0;5;06;06155;2;3;1.0;3.0;43,56607800;7,07020300;
202300010110.0;1;94;94079;2;9;2.0;6.0;48,82793000;2,53012000;
202300010111.0;5;75;75106;2;3;1.0;6.0;48,85227964;2,33873069;
202300010112.0;1;71;71195;1;1;1.0;6.0;46,50676100;4,90772600;
202300010113.0;5;75;75120;2;2;1.0;3.0;48,87799400;2,40951000;
202300010114.0;2;94;94004;1;1;1.0;4.0;48,73280000;2,52205000;
202300010115.0;2;94;94002;1;6;1.0;6.0;48,77903000;2,42554000;
202300010116.0;1;75;75119;2;1;1.0;3.0;48,88664300;2,37201100;
202300010117.0;5;93;93046;2;1;1.0;6.0;48,92961177;2,54050586;
202300010118.0;1;85;85209;2;1;1.0;5.0;46,52595000; -0,99758800;
202300010119.0;1;75;75111;2;2;1.0;3.0;48,86627700;2,36742700;
202300010120.0;1;88;88075;2;3;1.0;1.0;48,00624400;6,87430300;
202300010121.0;1;92;92064;2;1;2.0;3.0;48,85953344;2,22421771;
202300010122.0;1;974;97404;2;1;1.0;6.0; -21,25655700;55,37427500;
202300010123.0;1;75;75110;2;5;1.0;3.0;48,87852400;2,35404800;
202300010124.0;1;976;97611;2;3;1.0;3.0; -12,77166000;45,22306000;
202300010125.0;5;92;92051;2;2;1.0;3.0;48,89234567;2,26893461;
202300010126.0;1;26;26337;1;1;8.0;3.0;44,71728600;4,78551700;
202300010127.0;1;75;75108;2;2;1.0;6.0;48,86796300;2,30279700;
202300010128.0;1;974;97411;1;1;1.0;5.0; -20,88784000;55,44097000;
202300010129.0;1;92;92026;2;2;1.0;3.0;48,90042737;2,26079598;
202300010130.0;2;94;94028;2;1;1.0;2.0;48,78410529;2,45985147;
202300010131.0;1;974;97407;2;1;1.0;2.0; -20,93956000;55,30443000;
202300010132.0;1;26;26106;1;1;1.0;4.0;44,64629200;4,79257100;
202300010133.0;5;35;35088;2;2;1.0;3.0;47,98142700; -1,58235300;
202300010134.0;1;94;94019;2;1;8.0;2.0;48,78993000;2,52225000;
202300010135.0;1;86;86268;1;1;1.0;7.0;46,51827200;0,53876600;
202300010136.0;1;974;97407;2;1;1.0;3.0; -20,94976000;55,29790000;
202300010137.0;1;17;17373;1;1;8.0;7.0;46,15628900; -0,95974500;
202300010138.0;1;21;21463;1;1;1.0;6.0;47,35591900;4,43579800;
202300010139.0;1;93;93053;2;3;1.0;6.0;48,88902000;2,45677000;
202300010140.0;1;973;97302;2;2;1.0;3.0;4,94437459; -52,30984300;
202300010141.0;5;57;57592;2;1;2.0;2.0;48,83091000;7,01987700;
202300010142.0;1;42;42182;1;2;1.0;3.0;46,04536100;3,93365800;
202300010143.0;1;69;69387;2;3;1.0;6.0;45,75259000;4,84070000;
202300010144.0;5;93;93049;2;3;1.0;7.0;48,85345085;2,51619588;
202300010145.0;1;91;91458;1;6;7.0;7.0;48,66079500;2,22445800;
202300010146.0;1;974;97404;2;3;1.0;3.0; -21,25841600;55,36093400;
202300010147.0;3;972;97213;1;1;2.0;3.0;14,63896440; -61,01030970;
202300010148.0;2;83;83086;1;1;1.0;6.0;43,51437400;6,62573200;
202300010149.0;5;93;93046;2;9;1.0;3.0;48,91127000;2,51669300;
202300010150.0;3;974;97414;1;1;1.0;4.0; -21,28471100;55,39465700;
202300010151.0;1;59;59653;2;1;1.0;6.0;50,56748700;2,94109000;
202300010152.0;4;972;97209;2;2;1.0;3.0;14,61361000; -61,04673000;
202300010153.0;1;58;58086;2;1;1.0;2.0;47,41895200;2,93716200;
202300010154.0;2;93;93046;2;3;1.0;2.0;48,92255000;2,54411000;
202300010155.0;1;59;59257;1;1;1.0;7.0;50,61822500;2,85178900;
202300010156.0;5;93;93074;2;9;2.0;7.0;48,93377000;2,56049000;
202300010157.0;3;971;97101;1;9;1.0;4.0;16,29410000; -61,50140000;
202300010158.0;3;60;60101;2;1;1.0;3.0;49,08860900;2,86560800;
202300010159.0;1;72;72260;1;1;1.0;3.0;47,93164000;0,28393000;
202300010160.0;5;971;97107;2;3;1.0;7.0;16,03437600; -61,57839190;
202300010161.0;2;93;93032;2;1;2.0;3.0;48,87260838;2,55373518;
202300010162.0;5;30;30047;2;1;1.0;3.0;43,80078900;4,42102500;
202300010163.0;1;44;44113;1;1;1.0;1.0;47,60284300; -1,56278900;
202300010164.0;2;91;91347;2;1;1.0;3.0;48,63763000;2,28992000;
202300010165.0;1;51;51169;1;1;1.0;6.0;48,57253200;4,43561200;
202300010166.0;3;14;14120;1;1;1.0;6.0;49,05059000; -0,74167400;
202300010167.0;5;93;93031;2;1;1.0;4.0;48,95927000;2,30823000;
202300010168.0;1;91;91201;2;2;1.0;3.0;48,68353000;2,43204000;
202300010169.0;5;56;56186;2;1;1.0;3.0;47,49102400; -3,12151300;
202300010170.0;1;93;93014;2;1;2.0;3.0;48,89931500;2,54063800;
202300010171.0;1;44;44089;1;1;1.0;5.0;47,34425700; -1,85151300;
202300010172.0;5;92;92078;2;1;1.0;6.0;48,93417924;2,32900947;
202300010173.0;1;91;91433;1;1;1.0;4.0;48,45897000;2,17764000;
202300010174.0;1;76;76673;1;1;8.0;5.0;49,46134368;1,27359366;
202300010175.0;1;50;50592;1;4;1.0;3.0;48,93472900; -1,04294500;
202300010176.0;1;81;81060;2;1;1.0;2.0;44,04971000;2,15599000;
202300010177.0;3;2A;2A271;1;1;1.0;6.0;42,00074000;8,84030300;
202300010178.0;3;92;92078;2;3;2.0;3.0;48,92975170;2,32603356;
202300010179.0;2;63;63116;1;1;3.0;6.0;45,97316391;3,07937367;
202300010180.0;1;71;71475;1;1;1.0;1.0;46,76456000;4,84151000;
202300010181.0;1;80;80360;1;1;1.0;2.0;50,07410800;1,56915700;
202300010182.0;1;92;92049;2;1;1.0;6.0;48,81729000;2,32882000;
202300010183.0;1;62;62306;1;1;1.0;6.0;50,16222700;2,81751900;
202300010184.0;3;67;67482;2;1;1.0;6.0;48,55245000;7,75795000;
202300010185.0;4;82;82149;1;1;1.0;4.0;44,13651500;1,50710100;
202300010186.0;1;34;34088;1;3;1.0;3.0;43,56016500;3,72874300;
202300010187.0;1;92;92012;2;5;8.0;1.0;48,83759910;2,24788740;
202300010188.0;1;63;63113;2;3;1.0;3.0;45,78570000;3,11940000;
202300010189.0;3;65;65006;1;1;9.0;6.0;42,86851800;0,34003800;
202300010190.0;1;65;65061;2;1;1.0;7.0;43,43265800;0,12937100;
202300010191.0;1;59;59431;1;1;1.0;1.0;50,68591000;2,82665000;
202300010192.0;1;61;61402;1;1;1.0;6.0;48,70821700; -0,32758300;
202300010193.0;1;57;57331;1;9;1.0;3.0;49,30026700;6,33575900;
202300010194.0;4;55;55274;1;1;1.0;1.0;48,96042300;5,56058600;
202300010195.0;1;54;54028;2;1;1.0;1.0;49,21044000;5,97679000;
202300010196.0;1;57;57454;1;1;7.0;7.0;49,04578223;6,25855923;
202300010197.0;3;42;42172;1;1;5.0;1.0;45,39314600;4,42279100;
202300010198.0;5;92;92012;2;1;2.0;5.0;48,83633946;2,25215703;
202300010199.0;1;45;45004;2;1;1.0;6.0;47,98858000;2,76926000;
202300010200.0;2;51;51236;1;1;1.0;6.0;48,64752700;3,56417300;
202300010201.0;3;68;68107;1;1;1.0;1.0;47,64578800;7,13787300;
202300010202.0;1;42;42186;2;1;1.0;6.0;45,52058156;4,59783599;
202300010203.0;3;92;92002;2;1;2.0;6.0;48,76186287;2,29803085;
202300010204.0;1;29;29207;2;1;1.0;6.0;48,53491700; -3,79046900;
202300010205.0;1;51;51142;2;1;1.0;1.0;48,99674800;3,91551000;
202300010206.0;1;42;42218;2;2;1.0;6.0;45,44167473;4,37893420;
202300010207.0;1;972;97207;2;1;1.0;3.0;14,58856700; -60,95420300;
202300010208.0;1;38;38185;2;1;1.0;3.0;45,18018000;5,70760000;
202300010209.0;1;51;51146;1;2;1.0;3.0;48,89367200;4,23632400;
202300010210.0;2;31;31145;1;1;1.0;5.0;43,32737900;1,49283200;
202300010211.0;3;51;51117;1;1;8.0;7.0;48,96272300;4,15566400;
202300010212.0;5;19;19274;2;1;8.0;1.0;45,19300500;1,52919700;
202300010213.0;2;38;38229;2;1;1.0;1.0;45,21760300;5,78545500;
202300010214.0;1;33;33063;2;3;1.0;3.0;44,84198584; -0,59499711;
202300010215.0;1;76;76312;2;1;2.0;1.0;49,49216600;1,68909400;
202300010216.0;2;03;03194;1;1;5.0;1.0;46,17097100;3,08631600;
202300010217.0;3;79;79195;1;1;1.0;7.0;46,88941300; -0,60758000;
202300010218.0;1;56;56141;1;3;1.0;3.0;47,81747000; -2,87709000;
202300010219.0;1;33;33529;2;3;1.0;3.0;44,63301000; -1,14902000;
202300010220.0;1;56;56034;2;1;1.0;7.0;47,58601000; -3,08562900;
202300010221.0;3;37;37223;1;1;1.0;6.0;47,51466940;0,28643847;
202300010222.0;5;2A;2A362;1;9;1.0;1.0;41,69234700;9,35810900;
202300010223.0;1;32;32013;2;1;1.0;3.0;43,63987000;0,59836000;
202300010224.0;3;37;37050;2;1;2.0;7.0;47,32520300;0,70364500;
202300010225.0;1;56;56022;1;1;1.0;6.0;47,77939600; -2,91684300;
202300010226.0;1;63;63131;1;1;1.0;6.0;45,84767300;3,34523000;
202300010227.0;1;59;59262;1;1;1.0;7.0;50,80552100;2,66161200;
202300010228.0;1;30;30007;2;1;1.0;1.0;44,12151000;4,06054000;
202300010229.0;1;49;49378;1;1;3.0;2.0;47,30555000; -0,03538400;
202300010230.0;1;29;29232;1;1;1.0;7.0;47,99035200; -4,06497696;
202300010231.0;1;30;30145;2;1;1.0;1.0;43,91566300;4,50708200;
202300010232.0;1;59;59110;1;2;1.0;3.0;50,94900748;2,31299758;
202300010233.0;1;46;46128;2;1;2.0;6.0;44,77899400;1,72594900;
202300010234.0;1;74;74241;1;1;1.0;7.0;46,12071900;6,48853200;
202300010235.0;1;41;41106;2;1;1.0;1.0;47,60669500;2,02503600;
202300010236.0;1;26;26198;2;1;1.0;3.0;44,55817000;4,74349000;
202300010237.0;1;67;67308;2;1;1.0;7.0;48,92634800;8,15189800;
202300010238.0;5;15;15119;1;1;1.0;6.0;45,24679600;3,18568200;
202300010239.0;2;48;48050;1;1;1.0;6.0;44,33575500;3,59228800;
202300010240.0;1;16;16102;2;1;1.0;6.0;45,68718000; -0,34012000;
202300010241.0;1;76;76560;1;1;1.0;7.0;49,41238000;1,17345600;
202300010242.0;1;76;76367;1;1;1.0;6.0;49,50846230;1,04616612;
202300010243.0;5;08;08302;2;2;8.0;3.0;49,88539500;4,74049300;
202300010244.0;1;66;66167;2;1;1.0;1.0;42,46502100;2,03403700;
202300010245.0;1;13;13211;2;1;1.0;4.0;43,28470000;5,48691000;
202300010246.0;1;76;76377;2;1;1.0;3.0;49,49086300;1,14319000;
202300010247.0;1;83;83095;1;1;1.0;6.0;43,56039000;6,02879000;
202300010248.0;1;2A;2A269;1;1;2.0;6.0;41,77792500;9,39428200;
202300010249.0;1;69;69111;1;1;1.0;5.0;45,90455000;4,58021000;
202300010250.0;1;13;13207;2;3;1.0;6.0;43,28605000;5,35116000;
202300010251.0;3;60;60604;1;1;6.0;7.0;49,68034700;1,88844700;
202300010252.0;1;2B;2B077;1;1;8.0;1.0;42,46890800;9,47870100;
202300010253.0;3;23;23008;2;1;3.0;6.0;45,95670700;2,18169300;
202300010254.0;5;34;34123;2;9;1.0;6.0;43,62065400;3,80133400;
202300010255.0;5;13;13204;2;3;1.0;3.0;43,30169000;5,40067000;
202300010256.0;1;80;80127;1;1;1.0;3.0;50,03567000;1,47924900;
202300010257.0;1;33;33159;1;1;2.0;7.0;45,20647300; -0,58253300;
202300010258.0;1;80;80703;1;1;1.0;7.0;49,80883900;1,73998700;
202300010259.0;1;978;97801;2;1;1.0;2.0;18,06358500; -63,09093600;
202300010260.0;5;13;13212;2;1;1.0;3.0;43,31258376;5,41456703;
202300010261.0;3;973;97311;1;1;2.0;7.0;5,48764975; -53,99195552;
202300010262.0;3;82;82127;1;1;1.0;1.0;44,18648006;1,10058162;
202300010263.0;1;06;06069;2;1;1.0;6.0;43,66039470;6,92341330;
202300010264.0;1;95;95177;1;1;1.0;6.0;49,12043703;2,01078773;
202300010265.0;3;32;32365;1;1;1.0;6.0;43,34240100;0,68230000;
202300010266.0;1;33;33099;2;1;1.0;3.0;44,81220200; -0,47801300;
202300010267.0;1;66;66190;1;1;1.0;7.0;42,81167900;2,93455100;
202300010268.0;1;06;06069;2;1;1.0;5.0;43,64072700;6,96199700;
202300010269.0;3;83;83065;1;1;1.0;3.0;43,23365807;6,57452631;
202300010270.0;1;77;77148;2;1;1.0;3.0;49,09068200;3,06922500;
202300010271.0;1;13;13027;2;1;1.0;7.0;43,87744100;4,86899800;
202300010272.0;1;11;11259;2;4;1.0;1.0;43,27967400;2,23041800;
202300010273.0;5;71;71419;2;1;1.0;6.0;46,74551100;5,24600700;
202300010274.0;1;69;69051;2;4;1.0;7.0;45,63400800;4,64276400;
202300010275.0;1;05;05023;2;1;1.0;3.0;44,88844400;6,62627900;
202300010276.0;1;77;77318;1;1;1.0;1.0;48,77982200;2,89174300;
202300010277.0;3;69;69296;1;1;1.0;1.0;45,64812821;4,83397235;
202300010278.0;1;71;71383;2;3;1.0;6.0;46,42635900;4,87737200;
202300010279.0;1;75;75116;2;1;2.0;3.0;48,87765500;2,28034400;
202300010280.0;1;65;65210;1;1;1.0;6.0;42,88504800; -0,06154100;
202300010281.0;5;91;91200;2;6;2.0;6.0;48,53473800;2,00169000;
202300010282.0;1;75;75119;2;1;1.0;3.0;48,89862400;2,39333600;
202300010283.0;1;50;50041;1;1;8.0;7.0;49,59539900; -1,81767400;
202300010284.0;1;71;71494;2;2;1.0;1.0;46,40897700;4,87574100;
202300010285.0;3;85;85035;1;1;1.0;3.0;46,64580100; -1,88928800;
202300010286.0;1;04;04245;2;3;7.0;6.0;43,87603300;5,84386600;
202300010287.0;1;75;75117;2;1;1.0;4.0;48,90048800;2,32206500;
202300010288.0;1;49;49294;1;1;2.0;1.0;47,47159000; -0,69351200;
202300010289.0;1;71;71397;1;3;1.0;2.0;46,39200100;4,63454600;
202300010290.0;1;14;14465;1;3;1.0;2.0;49,25230600; -0,63542000;
202300010291.0;1;63;63430;2;1;1.0;7.0;45,85349000;3,55067600;
202300010292.0;4;21;21292;2;1;2.0;6.0;47,23958200;5,22295300;
202300010293.0;1;14;14409;2;3;1.0;6.0;49,28190200; -0,20908900;
202300010294.0;1;75;75120;2;1;1.0;5.0;48,86171200;2,41369700;
202300010295.0;1;22;22090;2;3;7.0;3.0;48,76978300; -3,37012300;
202300010296.0;3;54;54225;1;1;8.0;6.0;48,83436820;5,96965025;
202300010297.0;1;63;63352;1;3;1.0;6.0;45,46135000;3,25554700;
202300010298.0;1;75;75114;2;1;1.0;2.0;48,82135500;2,31918000;
202300010299.0;2;29;29280;1;1;1.0;1.0;48,22741700; -4,32264800;
202300010300.0;2;60;60133;1;1;1.0;1.0;49,52821700;2,39502000;
202300010301.0;1;57;57517;1;1;1.0;1.0;49,11017500;7,21617200;
202300010302.0;1;29;29006;2;1;1.0;6.0;47,87217000; -4,10428200;
202300010303.0;1;75;75120;2;3;1.0;3.0;48,86507600;2,39188700;
202300010304.0;3;91;91064;1;1;1.0;7.0;48,74981000;2,21046000;
202300010305.0;4;63;63284;2;1;9.0;7.0;45,78780900;3,26880000;
202300010306.0;1;61;61309;1;3;1.0;3.0;48,39733900;0,66735500;
202300010307.0;1;22;22176;1;2;1.0;3.0;48,45002000; -2,70014800;
202300010308.0;3;91;91228;1;1;2.0;2.0;48,61185000;2,43282000;
202300010309.0;1;69;69288;2;2;7.0;6.0;45,69242200;5,04811600;
202300010310.0;1;22;22261;1;1;1.0;6.0;48,50859400; -2,42467900;
202300010311.0;1;61;61483;2;1;1.0;7.0;48,55418100; -0,41722800;
202300010312.0;1;78;78118;1;1;1.0;6.0;48,98320000;1,68490000;
202300010313.0;1;75;75119;2;2;1.0;3.0;48,88986400;2,39662500;
202300010314.0;3;17;17079;1;1;1.0;6.0;45,71482500; -1,06792700;
202300010315.0;1;35;35105;1;6;1.0;3.0;48,08787000; -1,10504900;
202300010316.0;3;77;77372;1;1;1.0;2.0;48,89249218;2,66675279;
202300010317.0;1;27;27016;2;6;1.0;7.0;49,23683900;1,40149200;
202300010318.0;1;42;42221;1;2;1.0;1.0;45,77147170;4,09581417;
202300010319.0;1;75;75119;2;3;1.0;3.0;48,88897400;2,39376700;
202300010320.0;1;14;14649;1;2;1.0;1.0;48,86854871; -0,21929224;
202300010321.0;1;19;19123;1;1;1.0;6.0;45,18674900;1,61987500;
202300010322.0;1;47;47138;1;1;8.0;7.0;44,25929584;0,73226753;
202300010323.0;1;75;75119;2;3;1.0;6.0;48,88556100;2,36579500;
202300010324.0;1;27;27271;1;2;1.0;3.0;48,95860200;1,31702900;
202300010325.0;1;47;47004;2;1;1.0;7.0;44,29560600;0,33922100;
202300010326.0;1;56;56007;2;1;1.0;6.0;47,66289500; -3,00738900;
202300010327.0;1;973;97302;2;1;1.0;3.0;4,92801000; -52,29221000;
202300010328.0;5;76;76057;2;2;1.0;1.0;49,55060000;0,95775800;
202300010329.0;5;75;75119;2;3;1.0;3.0;48,88879000;2,39310600;
202300010330.0;1;41;41051;1;1;7.0;7.0;47,34924800;1,15706200;
202300010331.0;1;22;22379;1;1;1.0;7.0;48,80770400; -3,35235400;
202300010332.0;1;972;97213;2;6;1.0;3.0;14,63670100; -60,99104300;
202300010333.0;1;34;34051;2;1;1.0;6.0;43,60949600;3,49329100;
202300010334.0;1;76;76758;2;2;1.0;1.0;49,61953100;0,75911900;
202300010335.0;1;75;75118;2;1;1.0;2.0;48,89782300;2,34313400;
202300010336.0;1;2A;2A004;2;1;1.0;6.0;41,94147222;8,75618935;
202300010337.0;1;44;44069;1;1;1.0;3.0;47,34859300; -2,35664200;
202300010338.0;2;76;76448;2;6;5.0;3.0;49,40343400;1,24879900;
202300010339.0;1;60;60446;1;1;1.0;7.0;49,15525700;2,81449600;
202300010340.0;5;75;75118;2;2;1.0;3.0;48,89024900;2,35991800;
202300010341.0;2;95;95210;2;1;1.0;3.0;48,97164082;2,30304793;
202300010342.0;3;13;13015;1;1;1.0;3.0;43,45214000;5,39666000;
202300010343.0;2;44;44069;1;1;7.0;1.0;47,36108000; -2,41316200;
202300010344.0;1;60;60079;1;1;1.0;7.0;49,16818415;2,86958814;
202300010345.0;1;44;44199;1;1;1.0;6.0;47,71698000; -1,28689200;
202300010346.0;1;75;75117;2;4;8.0;6.0;48,87729900;2,29447800;
202300010347.0;1;60;60028;2;1;1.0;6.0;49,23004500;2,54690200;
202300010348.0;1;87;87065;1;3;2.0;1.0;45,79413600;1,29540600;
202300010349.0;1;33;33192;1;1;1.0;5.0;44,78922645; -0,61981022;
202300010350.0;1;29;29024;1;6;1.0;6.0;48,26638400; -3,60237800;
202300010351.0;1;02;02279;2;3;1.0;6.0;49,10692300;3,33020100;
202300010352.0;1;75;75117;2;3;1.0;3.0;48,89507100;2,32128300;
202300010353.0;5;59;59512;2;2;1.0;1.0;50,70567000;3,17030000;
202300010354.0;1;87;87085;2;2;1.0;3.0;45,82551000;1,24971000;
202300010355.0;1;38;38249;2;1;1.0;6.0;45,22514400;5,79912400;
202300010356.0;3;33;33318;1;1;1.0;3.0;44,80897454; -0,66964567;
202300010357.0;1;62;62014;2;1;1.0;6.0;50,64047261;2,40311676;
202300010358.0;1;75;75117;2;3;1.0;6.0;48,88268100;2,31493800;
202300010359.0;1;57;57283;2;1;5.0;1.0;49,25440782;6,16262197;
202300010360.0;1;62;62014;2;1;1.0;6.0;50,64524000;2,39438500;
202300010361.0;1;87;87085;2;1;2.0;2.0;45,86617000;1,27642000;
202300010362.0;1;91;91570;1;1;2.0;2.0;48,62500000;2,32360000;
202300010363.0;2;75;75116;2;7;1.0;1.0;48,87401000;2,29419200;
202300010364.0;1;62;62589;1;1;1.0;2.0;50,36071648;2,66888022;
202300010365.0;1;38;38065;1;4;1.0;5.0;45,45728600;5,45111800;
202300010366.0;3;55;55236;1;1;2.0;7.0;49,11646633;5,41642928;
202300010367.0;3;92;92002;1;1;1.0;3.0;48,76010678;2,28064495;
202300010368.0;3;84;84031;1;3;1.0;7.0;44,04194000;5,09760000;
202300010369.0;1;75;75108;2;2;1.0;6.0;48,86685300;2,30643400;
202300010370.0;1;02;02226;1;1;1.0;6.0;49,34227900;3,32330000;
202300010371.0;1;59;59336;2;3;1.0;1.0;50,27815100;3,03860500;
202300010372.0;3;94;94076;1;1;1.0;3.0;48,79081730;2,34457243;
202300010373.0;2;52;52448;2;1;1.0;6.0;48,63884000;4,95949000;
202300010374.0;5;84;84007;2;3;1.0;2.0;43,93612000;4,78180000;
202300010375.0;1;59;59523;2;6;1.0;6.0;50,58582800;3,13438000;
202300010376.0;1;94;94081;2;1;1.0;1.0;48,78885000;2,42114000;
202300010377.0;3;94;94038;1;1;1.0;2.0;48,77342126;2,34590575;
202300010378.0;1;03;03257;1;1;1.0;3.0;46,22669200;3,64529400;
202300010379.0;1;83;83062;2;6;1.0;2.0;43,12798844;6,01360810;
202300010380.0;3;13;13071;1;1;1.0;2.0;43,38953000;5,30359000;
202300010381.0;1;51;51230;2;2;1.0;3.0;49,04053588;3,95682961;
202300010382.0;5;94;94078;2;3;1.0;3.0;48,72308169;2,44462189;
202300010383.0;3;92;92064;1;1;1.0;2.0;48,83784916;2,18980923;
202300010384.0;1;50;50129;1;1;1.0;7.0;49,63400000; -1,55800000;
202300010385.0;3;13;13117;1;1;1.0;2.0;43,47175000;5,23461000;
202300010386.0;5;78;78640;2;1;1.0;3.0;48,78604000;2,21031000;
202300010387.0;1;03;03275;1;1;1.0;2.0;46,53796400;3,20971400;
202300010388.0;1;92;92036;1;1;1.0;2.0;48,93595200;2,28705609;
202300010389.0;1;94;94041;2;9;1.0;1.0;48,81058000;2,38000000;
202300010390.0;5;77;77288;2;1;1.0;3.0;48,54438000;2,67797000;
202300010391.0;2;13;13005;1;1;1.0;2.0;43,28550061;5,52777093;
202300010392.0;1;37;37122;2;1;1.0;4.0;47,33450000;0,66476000;
202300010393.0;1;93;93070;2;1;1.0;3.0;48,91403882;2,33292403;
202300010394.0;3;78;78646;1;1;2.0;4.0;48,79127200;2,07206800;
202300010395.0;1;37;37122;2;1;1.0;6.0;47,35639000;0,65446000;
202300010396.0;1;93;93066;2;1;1.0;6.0;48,94522484;2,35195234;
202300010397.0;3;77;77335;1;1;2.0;7.0;48,95894229;2,83335686;
202300010398.0;1;13;13212;1;1;1.0;4.0;43,29657000;5,42481000;
202300010399.0;1;01;01454;1;3;8.0;5.0;45,70977200;5,71959100;
202300010400.0;2;78;78090;1;1;2.0;4.0;48,97041900;1,89452100;
202300010401.0;1;37;37261;2;1;2.0;5.0;47,36460000;0,70775000;
202300010402.0;1;93;93031;2;3;1.0;3.0;48,94793248;2,33856417;
202300010403.0;1;33;33075;1;1;1.0;3.0;44,88827683; -0,58809847;
202300010404.0;5;72;72181;2;6;1.0;3.0;48,00389000;0,20262000;
202300010405.0;3;36;36063;1;1;1.0;2.0;46,81656465;1,74000800;
202300010406.0;5;92;92023;2;1;1.0;1.0;48,79330000;2,27083000;
202300010407.0;1;93;93027;1;1;1.0;5.0;48,93559831;2,40348051;
202300010408.0;1;01;01115;2;3;1.0;3.0;46,25567100;5,06142800;
202300010409.0;1;33;33013;1;1;1.0;4.0;44,86874000; -0,50193000;
202300010410.0;1;33;33063;2;4;1.0;6.0;44,84555845; -0,59453738;
202300010411.0;3;93;93063;1;1;1.0;3.0;48,87661000;2,44332000;
202300010412.0;2;35;35002;1;1;1.0;1.0;48,00587400; -1,51292100;
202300010413.0;3;70;70256;1;1;1.0;1.0;47,76102200;6,63710500;
202300010414.0;2;59;59350;1;1;1.0;2.0;50,64121298;3,09214746;
202300010415.0;5;69;69290;2;3;8.0;3.0;45,68965000;4,94677000;
202300010416.0;1;974;97415;1;1;1.0;6.0; -20,97879100;55,29550900;
202300010417.0;1;31;31555;2;1;1.0;2.0;43,64156984;1,41694129;
202300010418.0;1;95;95607;1;1;1.0;2.0;49,01246621;2,22204119;
202300010419.0;3;59;59360;1;1;1.0;2.0;50,61936479;3,00541766;
202300010420.0;5;68;68066;2;6;1.0;6.0;48,07033100;7,34101100;
202300010421.0;1;66;66045;1;3;1.0;3.0;42,63478000;2,41749100;
202300010422.0;1;43;43108;1;1;1.0;1.0;45,30046096;3,76185340;
202300010423.0;1;30;30007;2;6;1.0;3.0;44,12687000;4,07354000;
202300010424.0;3;91;91689;1;1;1.0;2.0;48,74373000;2,32256000;
202300010425.0;3;95;95424;1;1;1.0;4.0;48,99026895;2,19614983;
202300010426.0;1;68;68250;1;1;1.0;7.0;47,93473100;7,23391800;
202300010427.0;1;54;54193;1;1;1.0;6.0;48,90041334;5,96082153;
202300010428.0;3;62;62525;1;1;2.0;3.0;50,73265000;2,25150000;
202300010429.0;1;974;97412;1;6;1.0;6.0; -21,37283300;55,62078600;
202300010430.0;1;28;28404;2;9;1.0;3.0;48,71754000;1,38733000;
202300010431.0;1;91;91086;1;1;1.0;4.0;48,62363000;2,38918000;
202300010432.0;3;77;77121;1;1;1.0;3.0;48,83231629;2,66676002;
202300010433.0;4;62;62032;2;9;1.0;6.0;50,40637000;2,76656000;
202300010434.0;1;91;91136;1;1;2.0;7.0;48,71187900;2,28492800;
202300010435.0;1;54;54126;1;4;1.0;2.0;48,86794900;6,29175400;
202300010436.0;1;11;11098;1;1;7.0;3.0;43,18577800;2,70235200;
202300010437.0;1;27;27562;1;3;7.0;1.0;49,09499000;1,43000000;
202300010438.0;1;38;38185;1;1;1.0;2.0;45,17620000;5,70210000;
202300010439.0;5;62;62386;2;2;2.0;1.0;50,44711000;2,74964000;