Num_Acc;lum;departement;commune;agglomeration;intersection;meteo;type_collision;lat;long;date
202300010440.0;2;22;22034;1;1;1.0;6.0;48,67923800; -3,35552900;
202300010441.0;2;77;77495;1;1;1.0;2.0;48,59457300;2,61491700;
202300010442.0;3;72;72308;2;6;1.0;7.0;48,41678339;0,10884762;
202300010443.0;3;58;58236;1;1;1.0;6.0;47,32143200;3,14051800;
202300010444.0;1;74;74118;2;6;1.0;2.0;46,18053000;6,22967000;
202300010445.0;1;62;62193;2;3;2.0;6.0;50,95130333;1,89250195;
202300010446.0;1;91;91560;1;1;1.0;2.0;48,66590000;2,19086000;
202300010447.0;1;72;72100;1;1;1.0;1.0;47,78092400; -0,01146900;
202300010448.0;5;62;62197;1;1;1.0;1.0;50,48261078;2,42785453;
202300010449.0;1;25;25056;2;1;8.0;1.0;47,22814100;6,00878000;
202300010450.0;5;988;98818;2;1;1.0;6.0; -22,23424000;166,47281000;
202300010451.0;1;91;91174;1;1;1.0;3.0;48,62106000;2,46107000;
202300010452.0;1;62;62178;2;9;1.0;6.0;50,48057000;2,54760000;
202300010453.0;1;62;62285;1;1;1.0;6.0;50,18709400;2,90026200;
202300010454.0;5;21;21231;2;3;1.0;6.0;47,31198900;5,03945300;
202300010455.0;1;974;97411;2;1;1.0;7.0; -20,88074000;55,44929000;
202300010456.0;1;94;94003;1;1;1.0;3.0;48,80193886;2,34201599;
202300010457.0;1;72;72363;1;2;1.0;3.0;48,09497100;0,54041100;
202300010458.0;5;54;54395;2;9;1.0;3.0;48,67894000;6,19754000;
202300010459.0;1;06;06068;1;1;1.0;7.0;43,75217000;6,99046500;
202300010460.0;1;94;94038;1;1;1.0;3.0;48,77278861;2,34604004;
202300010461.0;2;66;66050;1;1;1.0;3.0;42,77743790;2,93101072;
202300010462.0;5;13;13209;2;3;1.0;3.0;43,23358645;5,43592507;
202300010463.0;1;50;50502;1;1;1.0;6.0;49,10503000; -1,08662400;
202300010464.0;1;972;97213;1;4;1.0;3.0;14,63606000; -61,02086000;
202300010465.0;1;92;92064;1;1;1.0;2.0;48,83920007;2,21186215;
202300010466.0;5;50;50129;2;1;2.0;6.0;49,64180000; -1,62542000;
202300010467.0;1;83;83025;1;1;1.0;6.0;43,52765000;5,98114900;
202300010468.0;1;91;91573;2;1;1.0;3.0;48,61623600;2,50876700;
202300010469.0;1;972;97209;2;3;1.0;3.0;14,61797000; -61,05690000;
202300010470.0;1;06;06069;2;1;1.0;3.0;43,65133000;6,92608000;
202300010471.0;1;92;92026;1;1;1.0;3.0;48,88849622;2,24910695;
202300010472.0;1;46;46042;2;1;1.0;3.0;44,46540000;1,42836000;
202300010473.0;1;19;19105;1;1;1.0;6.0;45,12430000;1,66947100;
202300010474.0;1;60;60188;2;3;1.0;3.0;49,39621100;3,00457300;
202300010475.0;1;04;04070;2;1;1.0;6.0;44,09261000;6,23506000;
202300010476.0;1;69;69081;2;2;8.0;3.0;45,77175000;4,77713000;
202300010477.0;1;45;45068;2;1;1.0;2.0;48,02316000;2,73825000;
202300010478.0;1;19;19229;1;1;1.0;1.0;45,16388444;1,45502329;
202300010479.0;1;78;78140;1;1;1.0;4.0;48,96671500;1,92224000;
202300010480.0;1;971;97113;2;1;1.0;7.0;16,23239000; -61,47916000;
202300010481.0;5;02;02408;2;1;1.0;2.0;49,56942000;3,62125000;
202300010482.0;2;44;44109;2;1;1.0;6.0;47,19373088; -1,53747305;
202300010483.0;1;78;78206;1;1;1.0;5.0;48,94747000;1,94710000;
202300010484.0;1;64;64147;1;3;1.0;3.0;43,46636400; -1,29270100;
202300010485.0;2;76;76240;2;1;1.0;7.0;49,70714000;0,36475600;
202300010486.0;1;971;97113;2;9;1.0;3.0;16,24253627; -61,47385418;
202300010487.0;1;41;41269;2;9;1.0;3.0;47,79035000;1,06368000;
202300010488.0;3;69;69162;1;1;4.0;3.0;46,13594700;4,61493400;
202300010489.0;1;92;92025;1;1;1.0;2.0;48,92201331;2,22672771;
202300010490.0;1;79;79170;2;3;1.0;7.0;46,19628200; -0,66539700;
202300010491.0;5;38;38185;2;7;1.0;6.0;45,20551000;5,70006000;
202300010492.0;2;78;78321;1;1;1.0;2.0;48,79765200;1,91157200;
202300010493.0;2;95;95197;2;3;2.0;7.0;48,96093703;2,32601702;
202300010494.0;1;2A;2A139;2;1;1.0;3.0;41,67196600;9,31275800;
202300010495.0;5;92;92063;1;1;1.0;6.0;48,87079506;2,15722482;
202300010496.0;5;75;75116;2;1;1.0;5.0;48,87369200;2,27511300;
202300010497.0;1;53;53161;1;1;1.0;1.0;48,11556900; -0,59634100;
202300010498.0;5;37;37122;2;3;8.0;3.0;47,34806000;0,65834000;
202300010499.0;1;2B;2B043;1;1;1.0;1.0;42,78831900;9,48523500;
202300010500.0;5;95;95598;2;1;8.0;3.0;48,98509100;2,29540500;
202300010501.0;1;93;93005;1;1;1.0;3.0;48,96024199;2,47332287;
202300010502.0;3;21;21576;1;1;1.0;6.0;47,39252700;4,45921600;
202300010503.0;1;37;37261;2;9;1.0;6.0;47,42280000;0,68372000;
202300010504.0;1;75;75119;2;2;1.0;2.0;48,87559200;2,38188300;
202300010505.0;3;2B;2B152;1;1;1.0;6.0;42,89393900;9,44581700;
202300010506.0;1;95;95424;1;1;1.0;6.0;48,99390000;2,18536000;
202300010507.0;5;95;95637;2;2;2.0;6.0;49,02003000;2,02620000;
202300010508.0;2;21;21163;1;1;1.0;6.0;47,56698600;5,28708500;
202300010509.0;3;82;82155;2;9;1.0;6.0;44,15344100;1,73743800;
202300010510.0;5;35;35238;2;3;1.0;3.0;48,10743000; -1,67452000;
202300010511.0;1;93;93066;1;1;1.0;2.0;48,92963775;2,36322463;
202300010512.0;1;75;75119;2;3;1.0;2.0;48,88655992;2,38461524;
202300010513.0;1;84;84007;2;2;1.0;6.0;43,93780000;4,84944000;
202300010514.0;1;40;40217;1;1;1.0;6.0;44,32176800; -1,03784600;
202300010515.0;1;92;92036;1;1;1.0;2.0;48,93594318;2,31910014;
202300010516.0;5;35;35238;2;3;2.0;6.0;48,11870000; -1,68890000;
202300010517.0;1;82;82126;1;9;7.0;5.0;44,16972700;1,58476200;
202300010518.0;1;84;84007;2;1;1.0;1.0;43,95246000;4,84239000;
202300010519.0;1;93;93027;1;1;1.0;2.0;48,93726000;2,41041000;
202300010520.0;2;40;40284;2;9;1.0;3.0;43,66172500; -1,28752500;
202300010521.0;5;75;75117;2;2;1.0;1.0;48,88155431;2,30070502;
202300010522.0;3;34;34129;1;1;1.0;1.0;43,56325000;3,92155000;
202300010523.0;5;78;78481;2;1;1.0;6.0;48,89022000;2,10368000;
202300010524.0;2;65;65045;1;1;1.0;6.0;43,00456900; -0,21266700;
202300010525.0;1;93;93007;1;1;1.0;4.0;48,93389000;2,48076000;
202300010526.0;5;33;33281;2;2;5.0;3.0;44,84353000; -0,67290000;
202300010527.0;5;75;75117;2;1;1.0;2.0;48,88121600;2,28864400;
202300010528.0;1;40;40233;1;1;1.0;3.0;43,62861300; -1,02351500;
202300010529.0;1;11;11302;1;1;1.0;7.0;42,81340300;2,32393000;
202300010530.0;1;78;78642;2;3;1.0;3.0;48,98248200;1,96968100;
202300010531.0;3;93;93013;1;1;1.0;2.0;48,94234000;2,43220000;
202300010532.0;5;29;29232;2;1;1.0;6.0;47,99005526; -4,11050243;
202300010533.0;1;71;71379;1;1;1.0;7.0;46,59458000;5,32499500;
202300010534.0;5;75;75116;2;3;1.0;6.0;48,86411500;2,27758400;
202300010535.0;1;85;85006;1;2;1.0;3.0;46,78477700; -1,73302900;
202300010536.0;1;95;95277;1;9;1.0;1.0;48,97377700;2,48681500;
202300010537.0;2;76;76252;1;1;1.0;7.0;50,02269200;1,38496400;
202300010538.0;1;77;77251;2;6;1.0;3.0;48,61728600;2,54341500;
202300010539.0;2;75;75115;2;7;1.0;2.0;48,84802400;2,30154900;
202300010540.0;5;72;72181;2;1;1.0;6.0;47,99257000;0,19759000;
202300010541.0;1;49;49167;1;1;1.0;7.0;47,36522300; -0,45314300;
202300010542.0;3;93;93005;1;1;1.0;5.0;48,96199218;2,46989183;
202300010543.0;1;27;27323;1;2;1.0;3.0;48,90752300;0,54022900;
202300010544.0;1;25;25462;2;6;8.0;2.0;46,90135000;6,34846000;
202300010545.0;5;69;69266;2;1;1.0;6.0;45,77878000;4,88002000;
202300010546.0;1;12;12270;1;3;1.0;3.0;44,33568800;3,06446400;
202300010547.0;1;75;75115;2;2;1.0;3.0;48,84640800;2,28317500;
202300010548.0;1;28;28124;1;1;1.0;6.0;48,76627600;1,15864300;
202300010549.0;5;13;13214;2;1;1.0;4.0;43,34706000;5,37869000;
202300010550.0;1;42;42334;1;1;1.0;6.0;45,84865200;4,33114500;
202300010551.0;1;77;77363;1;1;1.0;2.0;48,92468643;2,62950739;
202300010552.0;5;69;69266;2;2;1.0;6.0;45,75213000;4,91610000;
202300010553.0;1;75;75113;2;4;1.0;3.0;48,83989800;2,36176100;
202300010554.0;5;69;69029;2;1;1.0;6.0;45,72583117;4,93594398;
202300010555.0;5;13;13208;2;1;1.0;2.0;43,24543000;5,37323000;
202300010556.0;2;94;94046;1;1;1.0;3.0;48,81070243;2,44917546;
202300010557.0;1;17;17236;1;1;1.0;1.0;45,34330800; -0,56301700;
202300010558.0;1;42;42252;1;1;1.0;1.0;45,79015800;3,90963800;
202300010559.0;1;69;69290;2;1;2.0;3.0;45,69617000;4,92664000;
202300010560.0;1;94;94011;1;1;1.0;3.0;48,76122778;2,49120678;
202300010561.0;5;75;75111;2;2;1.0;3.0;48,86674503;2,36679733;
202300010562.0;1;44;44088;1;1;1.0;2.0;47,11459500; -1,39605800;
202300010563.0;1;93;93051;1;1;1.0;2.0;48,83522527;2,57472356;
202300010564.0;2;17;17091;2;1;1.0;1.0;46,30504900; -1,09397600;
202300010565.0;5;64;64189;2;2;1.0;3.0;43,37783000; -1,66368000;
202300010566.0;1;75;75108;2;2;1.0;6.0;48,87342700;2,32241600;
202300010567.0;1;13;13206;2;1;8.0;6.0;43,29228000;5,37501000;
202300010568.0;1;29;29105;2;1;1.0;3.0;48,51363300; -4,06723500;
202300010569.0;1;93;93051;1;1;1.0;3.0;48,83620546;2,55596320;
202300010570.0;1;87;87199;1;1;1.0;7.0;45,77107000;0,84589400;
202300010571.0;3;12;12013;1;1;1.0;6.0;44,54884000;2,29578000;
202300010572.0;5;64;64024;2;6;1.0;2.0;43,49671976; -1,50929779;
202300010573.0;5;75;75108;2;4;1.0;3.0;48,88065900;2,31832400;
202300010574.0;1;02;02135;1;1;1.0;1.0;49,95799200;3,83828400;
202300010575.0;1;94;94028;1;1;1.0;5.0;48,78269366;2,44086088;
202300010576.0;1;64;64024;2;1;1.0;7.0;43,48289000; -1,50417000;
202300010577.0;1;30;30259;1;3;1.0;3.0;44,10330800;4,12903000;
202300010578.0;3;75;75112;2;1;1.0;3.0;48,84885500;2,37297000;
202300010579.0;1;75;75102;2;2;1.0;6.0;48,86933700;2,35424400;
202300010580.0;1;77;77517;1;1;1.0;3.0;48,90666540;2,63983324;
202300010581.0;1;02;02610;1;1;1.0;5.0;49,38655600;3,27726200;
202300010582.0;1;48;48094;1;1;1.0;6.0;44,27198700;3,22565500;
202300010583.0;1;63;63113;2;2;2.0;3.0;45,77686000;3,11753000;
202300010584.0;1;94;94068;2;1;1.0;2.0;48,78922020;2,47856230;
202300010585.0;1;75;75118;2;3;1.0;3.0;48,89792300;2,33836100;
202300010586.0;1;02;02095;2;1;1.0;3.0;49,98067700;3,45824900;
202300010587.0;1;88;88089;1;1;3.0;3.0;48,18238000;6,79955500;
202300010588.0;1;02;02305;1;1;1.0;7.0;49,18697700;3,51202000;
202300010589.0;5;75;75117;2;1;1.0;7.0;48,88615800;2,28743500;
202300010590.0;2;63;63113;2;1;2.0;1.0;45,76610000;3,10468000;
202300010591.0;1;52;52197;1;1;1.0;1.0;47,75887600;5,65822200;
202300010592.0;1;94;94073;2;1;1.0;6.0;48,76414000;2,38354000;
202300010593.0;1;88;88409;1;4;1.0;7.0;48,02699000;6,65708000;
202300010594.0;5;75;75116;2;1;1.0;6.0;48,86696800;2,28041500;
202300010595.0;1;15;15012;1;1;1.0;4.0;44,84149300;2,47975600;
202300010596.0;1;62;62587;2;4;1.0;7.0;50,42825300;2,93470800;
202300010597.0;5;75;75115;2;1;1.0;6.0;48,83759500;2,27767700;
202300010598.0;1;88;88437;2;1;1.0;1.0;48,28042300;6,31659100;
202300010599.0;1;94;94055;2;1;1.0;2.0;48,78683000;2,54288000;
202300010600.0;1;88;88415;2;1;1.0;3.0;48,01996526;6,61431670;
202300010601.0;1;01;01454;1;4;1.0;1.0;45,70874500;5,72083000;
202300010602.0;5;62;62457;2;1;8.0;6.0;50,45204000;2,54143000;
202300010603.0;1;14;14728;1;1;1.0;2.0;49,27420647; -0,73973199;
202300010604.0;5;75;75114;2;2;2.0;3.0;48,82876800;2,30767100;
202300010605.0;1;94;94018;2;3;8.0;3.0;48,82835949;2,40497321;
202300010606.0;1;85;85151;1;9;8.0;2.0;46,98365000; -0,93363900;
202300010607.0;1;18;18103;1;1;1.0;6.0;47,11028300;1,88677300;
202300010608.0;5;59;59599;2;1;1.0;6.0;50,71641000;3,15135000;
202300010609.0;1;65;65286;2;1;1.0;6.0;43,09778000; -0,04851000;
202300010610.0;1;58;58003;1;1;1.0;3.0;47,18884500;4,21757300;
202300010611.0;5;75;75108;2;2;1.0;3.0;48,86778800;2,31385300;
202300010612.0;1;93;93046;2;1;1.0;2.0;48,92052500;2,54009200;
202300010613.0;3;17;17016;1;1;1.0;1.0;45,53154200; -0,31072900;
202300010614.0;2;59;59279;2;1;1.0;1.0;50,77374200;3,14536071;
202300010615.0;1;74;74010;2;3;1.0;2.0;45,89872232;6,11062802;
202300010616.0;1;66;66024;1;1;1.0;1.0;42,53849000;2,84571600;
202300010617.0;5;75;75101;2;1;1.0;3.0;48,86798400;2,32665900;
202300010618.0;1;93;93066;2;1;1.0;6.0;48,91925600;2,35388400;
202300010619.0;1;59;59512;2;1;1.0;6.0;50,69060000;3,16222000;
202300010620.0;1;69;69033;2;3;1.0;6.0;45,85223900;4,87256000;
202300010621.0;1;72;72376;1;1;1.0;1.0;47,89682300;0,47601342;
202300010622.0;3;74;74010;1;1;1.0;1.0;45,90460000;6,08950000;
202300010623.0;1;93;93048;2;1;1.0;3.0;48,86714492;2,45668083;
202300010624.0;5;94;94068;2;1;1.0;2.0;48,80082000;2,47078000;
202300010625.0;1;59;59328;2;9;1.0;6.0;50,65154000;3,02269000;
202300010626.0;5;60;60107;2;6;1.0;7.0;49,36091200;2,42506000;
202300010627.0;2;72;72300;1;1;1.0;2.0;48,00238500;0,40393000;
202300010628.0;1;93;93007;2;1;1.0;6.0;48,95283800;2,44230800;
202300010629.0;1;21;21054;1;1;1.0;2.0;47,01870100;4,86958300;
202300010630.0;5;94;94041;2;1;2.0;6.0;48,82110000;2,37914000;
202300010631.0;1;14;14431;2;1;1.0;6.0;49,07302000; -0,06910300;
202300010632.0;1;59;59017;2;9;2.0;6.0;50,68000000;2,88660000;
202300010633.0;1;50;50603;1;9;1.0;3.0;49,04246400; -1,55486600;
202300010634.0;5;92;92075;2;6;1.0;7.0;48,81990000;2,29060000;
202300010635.0;1;21;21606;1;1;1.0;6.0;47,07380600;4,92300200;
202300010636.0;1;57;57463;2;1;1.0;1.0;49,11691800;6,18497300;
202300010637.0;1;73;73008;2;9;1.0;2.0;45,70315754;5,90649846;
202300010638.0;5;94;94028;2;1;1.0;3.0;48,78561000;2,43641000;
202300010639.0;1;92;92063;2;1;1.0;2.0;48,88237000;2,19157000;
202300010640.0;1;50;50389;1;2;1.0;3.0;49,01278800; -1,36152000;
202300010641.0;3;11;11262;1;1;1.0;6.0;43,16365100;2,99497600;
202300010642.0;1;73;73225;2;1;1.0;2.0;45,52583302;5,95517635;
202300010643.0;1;51;51454;2;1;1.0;3.0;49,24172200;4,01734800;
202300010644.0;5;94;94017;2;1;2.0;5.0;48,82389000;2,49721000;
202300010645.0;1;92;92050;2;1;1.0;6.0;48,88543000;2,19450000;
202300010646.0;1;60;60667;1;2;1.0;1.0;49,27675400;2,71839400;
202300010647.0;4;47;47323;2;6;8.0;7.0;44,40903182;0,73558291;
202300010648.0;1;73;73084;1;2;1.0;3.0;45,50734820;6,02361470;
202300010649.0;1;83;83097;1;1;2.0;3.0;43,47974484;5,72693735;
202300010650.0;1;92;92044;2;2;1.0;6.0;48,88991800;2,29247700;
202300010651.0;1;93;93070;2;5;1.0;3.0;48,90683000;2,33208000;
202300010652.0;2;41;41018;2;1;2.0;2.0;47,58738000;1,32817000;
202300010653.0;1;64;64321;2;2;1.0;3.0;43,43906200; -0,29800400;
202300010654.0;1;976;97611;2;3;1.0;3.0; -12,79519000;45,21389000;
202300010655.0;1;83;83089;1;1;1.0;2.0;43,47212122;5,81924772;
202300010656.0;5;92;92036;2;1;1.0;3.0;48,93885223;2,25653708;
202300010657.0;5;93;93014;2;2;2.0;3.0;48,91275519;2,54006120;
202300010658.0;1;43;43020;1;1;1.0;1.0;45,32107300;4,13094500;
202300010659.0;3;972;97209;2;1;1.0;6.0;14,61389000; -61,07311000;
202300010660.0;5;38;38185;2;9;1.0;3.0;45,18857000;5,71068000;
202300010661.0;5;92;92024;2;1;1.0;5.0;48,90321000;2,30601000;
202300010662.0;1;93;93005;2;9;1.0;3.0;48,95203000;2,51617800;
202300010663.0;1;69;69115;1;1;1.0;2.0;45,97455300;4,73372300;
202300010664.0;1;37;37261;2;2;1.0;3.0;47,42281000;0,68569000;
202300010665.0;2;10;10332;2;1;1.0;6.0;48,27525800;4,18305600;
202300010666.0;1;2B;2B033;2;2;1.0;3.0;42,70262000;9,45213000;
202300010667.0;1;93;93001;2;1;1.0;7.0;48,90660199;2,37577297;
202300010668.0;2;60;60482;2;1;1.0;6.0;49,13942356;2,48860376;
202300010669.0;1;37;37261;2;1;1.0;6.0;47,39355000;0,69300000;
202300010670.0;1;92;92024;2;2;1.0;3.0;48,90130000;2,31524000;
202300010671.0;3;971;97113;1;1;1.0;1.0;16,21893000; -61,50346000;
202300010672.0;1;53;53188;2;1;1.0;1.0;47,79628900; -1,05767500;
202300010673.0;5;92;92046;2;3;8.0;3.0;48,81931737;2,30448537;
202300010674.0;5;92;92023;2;1;1.0;6.0;48,78919000;2,26089000;
202300010675.0;1;53;53267;1;1;1.0;7.0;48,02512200; -0,44574000;
202300010676.0;3;35;35334;1;1;1.0;2.0;48,14320000; -1,58703000;
202300010677.0;1;971;97101;1;1;1.0;1.0;16,27577000; -61,51947000;
202300010678.0;1;987;98724;1;1;1.0;1.0; -16,75200000; -150,99700000;
202300010679.0;1;92;92073;2;1;1.0;3.0;48,86502119;2,21922129;
202300010680.0;5;92;92012;2;1;2.0;7.0;48,83322350;2,24526376;
202300010681.0;1;34;34301;2;1;1.0;6.0;43,40907000;3,69463000;
202300010682.0;5;95;95197;2;9;1.0;3.0;48,96019000;2,32695000;
202300010683.0;1;92;92051;2;1;1.0;3.0;48,88271610;2,27651596;
202300010684.0;5;987;98733;2;1;1.0;1.0; -17,66847600; -149,59297700;
202300010685.0;1;40;40175;1;1;1.0;5.0;43,83571900; -0,37023100;
202300010686.0;3;95;95476;1;1;1.0;6.0;49,07529000;2,07681000;
202300010687.0;1;92;92012;2;2;1.0;1.0;48,83554000;2,24946000;
202300010688.0;5;34;34172;2;1;1.0;2.0;43,59830000;3,89331000;
202300010689.0;1;24;24484;1;1;1.0;7.0;45,11829800;0,87612000;
202300010690.0;1;92;92044;2;3;8.0;3.0;48,89452823;2,29033493;
202300010691.0;1;28;28203;1;1;1.0;6.0;48,46236500;1,20886100;
202300010692.0;1;33;33318;2;1;1.0;3.0;44,80152000; -0,63122000;
202300010693.0;1;987;98733;2;1;1.0;6.0; -17,70639900; -149,58392100;
202300010694.0;1;91;91421;1;1;2.0;7.0;48,70307000;2,44369000;
202300010695.0;5;92;92004;2;3;1.0;6.0;48,91407000;2,30991000;
202300010696.0;1;92;92025;2;1;8.0;3.0;48,90938305;2,23189920;
202300010697.0;1;83;83061;2;1;1.0;7.0;43,44808200;6,74862400;
202300010698.0;3;83;83049;2;1;1.0;6.0;43,24463400;6,08486400;
202300010699.0;1;30;30307;1;3;1.0;3.0;44,16977700;4,05117600;
202300010700.0;1;987;98733;2;1;1.0;3.0; -17,74649000; -149,56478100;
202300010701.0;1;33;33529;2;1;1.0;4.0;44,60921000; -1,13223000;
202300010702.0;1;92;92023;2;1;1.0;3.0;48,79284049;2,26980105;
202300010703.0;5;77;77501;1;1;1.0;6.0;48,34001000;2,84630000;
202300010704.0;1;88;88454;1;1;1.0;7.0;48,24072400;6,53755200;
202300010705.0;1;31;31555;2;1;1.0;6.0;43,61066000;1,45701000;
202300010706.0;1;86;86190;1;1;1.0;7.0;46,34563200;0,72105600;
202300010707.0;1;971;97108;2;1;1.0;7.0;15,91210900; -61,21346000;
202300010708.0;1;62;62647;2;1;2.0;1.0;50,38059100;2,10515900;
202300010709.0;1;74;74298;2;6;1.0;3.0;46,18678400;6,25751900;
202300010710.0;2;39;39159;1;1;1.0;2.0;46,88272000;5,58626500;
202300010711.0;3;2A;2A348;1;1;1.0;6.0;42,15197500;8,75387200;
202300010712.0;1;62;62196;2;1;9.0;6.0;50,47578391;1,72789322;
202300010713.0;1;29;29019;2;2;1.0;6.0;48,39178000; -4,47419000;
202300010714.0;3;28;28022;1;1;2.0;7.0;48,48748700;1,39143500;
202300010715.0;1;64;64335;1;1;1.0;2.0;43,34286000; -0,41273000;
202300010716.0;2;69;69385;2;1;1.0;1.0;45,75119060;4,78148847;
202300010717.0;1;40;40167;1;1;1.0;7.0;44,24729300; -0,55732500;
202300010718.0;3;972;97224;2;1;1.0;1.0;14,64958500; -61,04304300;
202300010719.0;5;28;28332;2;4;1.0;1.0;48,72787000;1,38923000;
202300010720.0;1;86;86170;2;2;1.0;3.0;46,33100100;0,81137600;
202300010721.0;1;64;64445;2;2;8.0;3.0;43,33113000; -0,37960000;
202300010722.0;2;28;28134;2;1;1.0;6.0;48,73206000;1,36477000;
202300010723.0;1;06;06004;1;1;1.0;4.0;43,60329900;7,08330600;
202300010724.0;1;35;35193;1;3;1.0;2.0;48,23806200; -1,70997800;
202300010725.0;1;64;64445;2;1;1.0;2.0;43,29720000; -0,36643000;
202300010726.0;2;28;28134;2;1;1.0;6.0;48,73682000;1,36194000;
202300010727.0;3;89;89239;2;4;1.0;6.0;48,18609300;3,31814300;
202300010728.0;1;90;90080;1;1;1.0;2.0;47,65643000;6,93923500;
202300010729.0;1;33;33199;2;2;1.0;3.0;44,63625000; -1,08072600;
202300010730.0;2;22;22225;1;1;1.0;4.0;48,54070000; -3,07137000;
202300010731.0;3;62;62129;1;1;1.0;7.0;50,11772214;2,81561953;
202300010732.0;2;27;27518;1;1;1.0;6.0;49,45136100;0,54455300;
202300010733.0;5;64;64125;2;3;1.0;3.0;43,44668000; -1,58000000;
202300010734.0;5;27;27229;2;1;2.0;5.0;49,01875000;1,14420000;
202300010735.0;1;77;77322;1;1;1.0;3.0;49,07088100;2,61818500;
202300010736.0;1;56;56123;1;1;1.0;1.0;47,68714600; -2,33856400;
202300010737.0;3;84;84087;1;1;1.0;2.0;44,09843400;4,78858000;
202300010738.0;1;62;62193;2;2;7.0;1.0;50,94707000;1,84826000;
202300010739.0;3;79;79063;1;1;1.0;7.0;47,00266800; -0,36729100;
202300010740.0;1;77;77264;1;1;1.0;7.0;48,69799600;2,96347100;
202300010741.0;3;13;13001;1;1;1.0;2.0;43,52349600;5,40843100;
202300010742.0;1;62;62160;2;3;7.0;3.0;50,71697000;1,59291000;
202300010743.0;3;22;22187;2;7;8.0;6.0;48,52415000; -2,74781000;
202300010744.0;5;11;11397;2;1;1.0;1.0;43,20318600;2,43075200;
202300010745.0;1;77;77480;1;1;1.0;1.0;48,44549300;2,88310600;
202300010746.0;1;62;62035;2;1;1.0;6.0;50,53104537;2,60472679;
202300010747.0;1;71;71052;1;1;1.0;4.0;46,59288800;4,89657100;
202300010748.0;1;13;13112;1;1;1.0;2.0;43,51298500;5,23318300;
202300010749.0;1;34;34284;2;1;8.0;3.0;43,48801500;2,76302400;
202300010750.0;5;30;30334;2;1;1.0;6.0;44,01472700;4,41445500;
202300010751.0;1;2B;2B313;2;1;1.0;1.0;42,36917800;9,52970600;
202300010752.0;1;61;61169;2;2;1.0;3.0;48,73192400; -0,58335000;
202300010753.0;2;29;29212;1;2;1.0;3.0;48,38101000; -4,57611700;
202300010754.0;1;13;13117;2;3;1.0;1.0;43,44398000;5,25176000;
202300010755.0;3;33;33229;1;6;1.0;6.0;44,77809200; -1,01835400;
202300010756.0;5;2B;2B042;1;1;1.0;6.0;42,57870200;9,50997600;
202300010757.0;1;30;30331;1;1;1.0;3.0;44,12503700;4,61454700;
202300010758.0;1;61;61466;2;1;1.0;1.0;48,73690000; -0,54130000;
202300010759.0;1;78;78009;1;1;2.0;6.0;48,47696000;1,91298400;
202300010760.0;5;37;37153;1;1;1.0;6.0;47,49031628;0,82009077;
202300010761.0;5;2A;2A247;2;1;1.0;6.0;41,59143900;9,27815800;
202300010762.0;1;59;59392;2;1;1.0;7.0;50,27546200;3,98222700;
202300010763.0;1;13;13210;2;2;1.0;3.0;43,27146324;5,42199915;
202300010764.0;1;38;38434;1;3;1.0;3.0;45,51462500;5,52517900;
202300010765.0;1;48;48135;1;1;1.0;6.0;44,42014900;3,93222000;
202300010766.0;1;987;98733;2;1;1.0;1.0; -17,74656100; -149,56461000;
202300010767.0;1;13;13210;2;1;1.0;2.0;43,27495721;5,42487596;
202300010768.0;1;89;89076;1;1;1.0;3.0;48,01344600;3,68139600;
202300010769.0;1;50;50639;2;1;1.0;6.0;48,83625300; -1,22105400;
202300010770.0;5;38;38185;2;1;1.0;3.0;45,16236000;5,71499000;
202300010771.0;1;13;13205;2;2;1.0;3.0;43,29765000;5,39055000;
202300010772.0;1;34;34143;1;3;1.0;6.0;43,44877100;3,60655200;
202300010773.0;1;2A;2A288;1;1;1.0;1.0;41,53812100;9,17630900;
202300010774.0;1;61;61479;1;1;1.0;1.0;48,66400600; -0,07757900;
202300010775.0;3;18;18126;1;1;1.0;1.0;46,91726500;2,41128400;
202300010776.0;1;66;66011;2;1;7.0;6.0;42,60584813;2,89349869;
202300010777.0;2;55;55462;1;1;1.0;7.0;48,99915253;5,65364252;
202300010778.0;1;13;13206;2;3;1.0;3.0;43,29177000;5,37530000;
202300010779.0;5;34;34172;2;3;1.0;1.0;43,62267661;3,85458648;
202300010780.0;1;34;34213;1;3;1.0;1.0;43,47106300;3,68118200;
202300010781.0;1;10;10295;1;1;1.0;1.0;48,08138000;4,38453700;
202300010782.0;5;11;11069;2;1;1.0;7.0;43,21026000;2,35277000;
202300010783.0;1;34;34003;2;1;1.0;2.0;43,29133000;3,51469000;
202300010784.0;5;12;12026;2;1;1.0;4.0;44,39375600;2,77761300;
202300010785.0;1;34;34143;1;1;1.0;5.0;43,43909273;3,62463559;
202300010786.0;1;34;34327;2;3;1.0;1.0;43,65615900;3,96217000;
202300010787.0;1;53;53121;2;1;1.0;1.0;48,41535900; -0,34012600;
202300010788.0;1;34;34332;2;3;1.0;3.0;43,31092400;3,41868500;
202300010789.0;1;83;83035;1;3;7.0;1.0;43,25513500;5,75874600;