Num_Acc;lum;departement;commune;agglomeration;intersection;meteo;type_collision;lat;long;date
202300010790.0;1;33;33529;1;1;1.0;4.0;44,61483000; -1,14306000;
202300010791.0;5;10;10387;2;4;2.0;3.0;48,29771000;4,06709000;
202300010792.0;1;68;68216;2;1;1.0;7.0;47,51137800;7,21598400;
202300010793.0;1;13;13015;2;1;3.0;1.0;43,42356500;5,38877200;
202300010794.0;1;17;17415;2;9;1.0;7.0;45,75535400; -0,63450800;
202300010795.0;2;83;83042;2;6;1.0;1.0;43,25658400;6,53211800;
202300010796.0;3;27;27019;1;2;1.0;3.0;48,67851900;0,79907600;
202300010797.0;5;10;10387;2;3;1.0;3.0;48,29474000;4,08261000;
202300010798.0;3;70;70405;1;1;2.0;1.0;47,49699500;6,10955700;
202300010799.0;5;13;13041;2;9;1.0;6.0;43,45623300;5,46912800;
202300010800.0;5;17;17306;2;2;1.0;3.0;45,63143000; -1,02969000;
202300010801.0;1;04;04039;1;1;1.0;1.0;43,83483600;6,49326300;
202300010802.0;3;87;87028;1;1;1.0;6.0;46,17471600;0,85327500;
202300010803.0;1;14;14406;1;1;1.0;6.0;49,25572700; -0,52026400;
202300010804.0;2;10;10387;2;1;8.0;2.0;48,28181000;4,07966000;
202300010805.0;3;14;14715;1;1;1.0;6.0;49,38106000;0,10093000;
202300010806.0;1;13;13007;2;1;1.0;2.0;43,36939200;5,65730500;
202300010807.0;2;70;70081;1;1;1.0;1.0;47,69293000;6,42531300;
202300010808.0;1;64;64294;1;1;1.0;7.0;43,38486600; -1,05784500;
202300010809.0;1;30;30018;1;1;1.0;1.0;43,81950000;4,05240000;
202300010810.0;1;10;10387;2;3;1.0;1.0;48,29699000;4,08441000;
202300010811.0;5;13;13213;2;3;1.0;3.0;43,34763000;5,44881000;
202300010812.0;3;89;89067;2;1;1.0;6.0;47,99207200;3,33999400;
202300010813.0;3;04;04121;1;1;1.0;6.0;44,01125700;6,20729700;
202300010814.0;1;13;13022;1;1;1.0;1.0;43,23486875;5,51200505;
202300010815.0;1;67;67324;2;1;7.0;6.0;48,95071100;7,64206400;
202300010816.0;1;06;06088;2;1;1.0;6.0;43,70172000;7,27848000;
202300010817.0;1;67;67160;1;1;7.0;6.0;48,93958500;7,76369700;
202300010818.0;1;71;71193;1;1;1.0;6.0;46,60245700;4,80207700;
202300010819.0;3;35;35275;1;1;1.0;1.0;48,16853743; -1,84158862;
202300010820.0;1;13;13209;2;1;1.0;3.0;43,23782304;5,49341257;
202300010821.0;1;55;55178;1;1;1.0;6.0;48,80092800;5,29335000;
202300010822.0;1;06;06088;2;3;1.0;3.0;43,67832000;7,22948000;
202300010823.0;1;21;21352;2;1;1.0;6.0;47,21034992;5,25269788;
202300010824.0;3;06;06085;2;1;1.0;7.0;43,59837400;6,99670300;
202300010825.0;3;987;98715;1;1;1.0;7.0; -17,58400000; -149,56000000;
202300010826.0;1;68;68199;2;1;1.0;6.0;47,86438000;7,03825000;
202300010827.0;1;06;06027;2;6;1.0;6.0;43,66277910;7,13176660;
202300010828.0;1;13;13202;2;1;1.0;1.0;43,29780000;5,37270000;
202300010829.0;1;54;54176;1;3;7.0;3.0;48,64799134;6,48262560;
202300010830.0;1;33;33042;1;1;1.0;2.0;44,47105500; -0,82287200;
202300010831.0;5;38;38382;1;1;8.0;6.0;45,24200400;5,65903200;
202300010832.0;1;04;04070;2;1;7.0;6.0;44,09155000;6,23689000;
202300010833.0;1;11;11262;2;6;1.0;2.0;43,17583200;3,02620000;
202300010834.0;1;67;67046;1;2;1.0;1.0;48,76069400;7,86944000;
202300010835.0;1;03;03321;1;1;2.0;6.0;46,57996000;3,38602000;
202300010836.0;2;03;03023;1;1;1.0;1.0;46,10286300;3,40162100;
202300010837.0;1;54;54111;1;1;1.0;2.0;48,64390119;6,07972026;
202300010838.0;1;88;88078;2;4;1.0;3.0;48,20617100;6,71551100;
202300010839.0;5;75;75120;2;4;1.0;6.0;48,87570100;2,41014400;
202300010840.0;3;83;83097;1;1;1.0;4.0;43,47942500;5,76074100;
202300010841.0;1;69;69024;1;1;1.0;5.0;45,93970600;4,54386600;
202300010842.0;1;75;75119;2;7;1.0;3.0;48,88646000;2,39440100;
202300010843.0;3;42;42065;1;1;3.0;6.0;45,78141600;4,25373100;
202300010844.0;1;38;38474;2;2;1.0;3.0;45,21968300;5,66107000;
202300010845.0;3;38;38053;1;1;1.0;2.0;45,60208900;5,26228000;
202300010846.0;1;13;13118;1;1;7.0;2.0;43,55509138;5,27911986;
202300010847.0;1;01;01276;1;1;1.0;1.0;45,81432000;5,08568300;
202300010848.0;1;75;75105;2;3;1.0;1.0;48,85331700;2,34590500;
202300010849.0;1;75;75116;2;3;1.0;3.0;48,87196000;2,29074200;
202300010850.0;1;973;97305;1;1;1.0;3.0;4,99159500; -52,44990000;
202300010851.0;2;81;81099;1;1;1.0;7.0;43,91410600;1,91897600;
202300010852.0;1;75;75118;2;1;1.0;3.0;48,89309700;2,34840700;
202300010853.0;1;65;65006;1;1;1.0;7.0;42,93894260;0,28476415;
202300010854.0;1;988;98821;2;3;1.0;3.0; -22,12960000;166,36437400;
202300010855.0;1;75;75116;2;3;1.0;3.0;48,86263400;2,26808200;
202300010856.0;1;29;29057;1;1;1.0;7.0;47,92545585; -3,97493117;
202300010857.0;2;75;75108;2;3;1.0;3.0;48,87408200;2,32459300;
202300010858.0;1;44;44020;2;1;2.0;7.0;47,17616000; -1,62500600;
202300010859.0;1;06;06147;2;1;1.0;1.0;43,78555400;7,27162400;
202300010860.0;1;75;75113;2;1;1.0;6.0;48,82708600;2,36869600;
202300010861.0;1;93;93046;2;2;1.0;3.0;48,91337000;2,53023000;
202300010862.0;1;57;57482;1;1;8.0;5.0;49,11700600;6,26490800;
202300010863.0;1;60;60313;2;3;1.0;3.0;49,36786000;2,24623200;
202300010864.0;1;75;75110;2;3;1.0;6.0;48,87105500;2,36594400;
202300010865.0;1;93;93001;2;2;1.0;3.0;48,90604433;2,37514222;
202300010866.0;3;77;77153;1;1;2.0;5.0;49,05439000;2,69953100;
202300010867.0;4;75;75117;2;9;1.0;2.0;48,87718700;2,28372000;
202300010868.0;1;59;59416;2;2;1.0;3.0;50,70380700;2,52409800;
202300010869.0;1;92;92033;2;2;1.0;3.0;48,84268649;2,18641520;
202300010870.0;1;38;38562;1;1;1.0;4.0;45,08064100;5,76625600;
202300010871.0;5;75;75107;2;1;9.0;7.0;48,86276000;2,29990000;
202300010872.0;5;13;13028;1;1;1.0;3.0;43,20577000;5,58847000;
202300010873.0;1;13;13215;1;9;1.0;2.0;43,37555188;5,35995209;
202300010874.0;3;04;04106;1;3;1.0;3.0;43,96116200;5,89991000;
202300010875.0;1;75;75107;2;2;1.0;7.0;48,85722000;2,30993900;
202300010876.0;1;69;69238;2;1;1.0;6.0;45,63131400;4,45827700;
202300010877.0;1;83;83144;1;1;1.0;2.0;43,13372646;5,98554601;
202300010878.0;1;75;75107;2;1;1.0;6.0;48,85496400;2,30654700;
202300010879.0;2;13;13023;1;1;1.0;2.0;43,20918000;5,62056000;
202300010880.0;2;67;67046;2;3;1.0;6.0;48,77462500;7,85187200;
202300010881.0;5;75;75102;2;3;1.0;6.0;48,87085800;2,34284900;
202300010882.0;3;07;07247;2;9;1.0;6.0;44,58709200;4,53330300;
202300010883.0;1;69;69142;1;1;1.0;3.0;45,72926000;4,81600000;
202300010884.0;2;69;69250;2;1;1.0;3.0;45,82214400;4,71616700;
202300010885.0;1;83;83137;1;1;1.0;4.0;43,12665296;5,97393251;
202300010886.0;3;85;85302;1;1;2.0;3.0;46,91552900; -0,97903800;
202300010887.0;3;91;91136;1;1;2.0;6.0;48,71057000;2,28708000;
202300010888.0;5;75;75103;2;3;2.0;6.0;48,86008400;2,36740400;
202300010889.0;3;69;69266;1;1;1.0;6.0;45,79161000;4,88266000;
202300010890.0;1;17;17219;2;2;1.0;3.0;45,82860100; -1,11584200;
202300010891.0;3;95;95424;1;1;1.0;6.0;48,99077818;2,19376802;
202300010892.0;1;69;69276;1;1;1.0;6.0;45,66338000;4,84270000;
202300010893.0;5;59;59400;1;1;6.0;7.0;50,64617800;2,65877800;
202300010894.0;5;94;94041;2;1;1.0;3.0;48,81015582;2,40687838;
202300010895.0;1;77;77438;1;1;1.0;6.0;48,85991343;2,66661070;
202300010896.0;1;67;67482;1;1;1.0;4.0;48,56597000;7,73276000;
202300010897.0;3;59;59603;1;1;1.0;2.0;50,34100000;3,48705200;
202300010898.0;5;94;94016;2;9;1.0;1.0;48,79587000;2,33535000;
202300010899.0;3;94;94073;1;1;1.0;2.0;48,76965562;2,38000814;
202300010900.0;1;91;91689;1;1;1.0;2.0;48,73929900;2,31874400;
202300010901.0;3;85;85003;1;1;1.0;4.0;46,72371000; -1,55666000;
202300010902.0;1;94;94038;2;1;1.0;6.0;48,78322000;2,34537000;
202300010903.0;5;94;94004;1;1;1.0;6.0;48,76092035;2,49734715;
202300010904.0;3;91;91136;1;1;2.0;4.0;48,71328000;2,27794000;
202300010905.0;1;94;94077;2;1;1.0;6.0;48,73933499;2,41697107;
202300010906.0;1;94;94034;1;1;1.0;5.0;48,75843710;2,32563827;
202300010907.0;1;49;49301;2;6;1.0;3.0;47,10833000; -0,99206300;
202300010908.0;1;91;91570;1;1;1.0;2.0;48,62504000;2,30934000;
202300010909.0;1;94;94017;2;1;1.0;6.0;48,81258992;2,53187596;
202300010910.0;3;78;78217;1;1;2.0;7.0;48,96461700;1,82272500;
202300010911.0;1;35;35240;2;6;1.0;6.0;48,09876437; -1,78834409;
202300010912.0;3;94;94022;2;2;1.0;6.0;48,77215045;2,40688774;
202300010913.0;1;93;93006;1;1;1.0;3.0;48,86919000;2,42968000;
202300010914.0;5;92;92049;2;3;1.0;7.0;48,81415169;2,30533451;
202300010915.0;5;94;94071;2;1;1.0;6.0;48,77699800;2,51352300;
202300010916.0;5;92;92026;1;1;1.0;2.0;48,89400206;2,24078538;
202300010917.0;3;75;75112;1;1;1.0;2.0;48,81980700;2,45959800;
202300010918.0;1;91;91689;1;1;1.0;3.0;48,74400000;2,32400000;
202300010919.0;1;33;33143;1;1;1.0;4.0;44,95552593; -0,45241356;
202300010920.0;1;93;93066;2;2;1.0;6.0;48,93736000;2,37194000;
202300010921.0;3;92;92036;1;1;1.0;5.0;48,93851705;2,30001759;
202300010922.0;2;91;91312;1;1;1.0;2.0;48,73636000;2,22862000;
202300010923.0;1;77;77373;1;1;1.0;2.0;48,79710400;2,62228700;
202300010924.0;1;93;93079;2;9;8.0;6.0;48,95346271;2,33626097;
202300010925.0;3;77;77373;1;1;1.0;3.0;48,76322073;2,61587980;
202300010926.0;1;43;43046;2;1;1.0;6.0;45,06681000;3,90344000;
202300010927.0;1;92;92064;1;1;1.0;3.0;48,85303000;2,22279000;
202300010928.0;3;91;91161;1;1;1.0;5.0;48,69407000;2,31969000;
202300010929.0;5;974;97411;2;2;8.0;3.0; -20,89442000;55,47496000;
202300010930.0;1;62;62160;2;1;1.0;6.0;50,72204500;1,60760600;
202300010931.0;3;77;77337;1;1;1.0;2.0;48,82814833;2,61805928;
202300010932.0;1;92;92051;2;3;1.0;6.0;48,88915483;2,25919783;
202300010933.0;1;974;97409;1;1;1.0;2.0; -20,97250000;55,67892000;
202300010934.0;1;94;94003;1;1;1.0;4.0;48,80197950;2,34359623;
202300010935.0;1;47;47086;1;1;1.0;1.0;44,69045414;0,20585217;
202300010936.0;1;62;62667;2;1;1.0;3.0;50,71287797;1,58141667;
202300010937.0;5;92;92050;2;3;1.0;3.0;48,90987000;2,21565000;
202300010938.0;1;973;97302;2;6;1.0;3.0;4,92698000; -52,28996000;
202300010939.0;1;94;94038;1;1;1.0;4.0;48,77662426;2,34629943;
202300010940.0;1;988;98818;2;2;1.0;3.0; -22,27752000;166,45048000;
202300010941.0;5;75;75107;2;2;1.0;3.0;48,85164700;2,31253200;
202300010942.0;1;973;97302;2;1;1.0;7.0;4,90792000; -52,32201000;
202300010943.0;1;92;92050;2;3;1.0;4.0;48,88661694;2,20676243;
202300010944.0;1;972;97213;1;1;1.0;6.0;14,61223000; -60,99944000;
202300010945.0;1;976;97611;2;1;1.0;6.0; -12,80746000;45,20520000;
202300010946.0;1;95;95252;1;1;1.0;3.0;48,97685891;2,23427744;
202300010947.0;1;976;97611;2;6;1.0;2.0; -12,78312000;45,23434000;
202300010948.0;1;92;92020;2;1;1.0;7.0;48,80768217;2,29479736;
202300010949.0;1;69;69149;2;3;1.0;3.0;45,71508000;4,80803000;
202300010950.0;1;974;97416;1;1;1.0;3.0; -21,29541000;55,45006000;
202300010951.0;2;77;77337;1;1;1.0;6.0;48,83006000;2,61699000;
202300010952.0;1;92;92044;2;1;1.0;6.0;48,89799380;2,28483617;
202300010953.0;5;75;75116;2;3;1.0;3.0;48,86067200;2,28235900;
202300010954.0;1;974;97416;1;1;1.0;4.0; -21,32977000;55,47241000;
202300010955.0;5;69;69383;2;9;1.0;6.0;45,76171000;4,84630000;
202300010956.0;5;971;97113;1;1;1.0;6.0;16,21940000; -61,51708000;
202300010957.0;5;92;92044;2;1;1.0;6.0;48,89645971;2,29172677;
202300010958.0;3;77;77122;1;1;1.0;6.0;48,65222063;2,61326769;
202300010959.0;5;974;97411;2;3;1.0;3.0; -20,89711000;55,48682000;
202300010960.0;1;92;92026;2;1;1.0;6.0;48,89651555;2,25139618;
202300010961.0;4;971;97113;2;1;1.0;3.0;16,21359000; -61,43942000;
202300010962.0;3;75;75112;2;2;1.0;3.0;48,84715500;2,40623800;
202300010963.0;5;92;92025;2;9;1.0;3.0;48,92400523;2,24811388;
202300010964.0;1;95;95268;2;3;1.0;6.0;48,96215508;2,40214348;
202300010965.0;1;69;69387;2;4;1.0;3.0;45,75215549;4,84695821;
202300010966.0;3;974;97411;2;2;1.0;3.0; -20,90614000;55,50215000;
202300010967.0;1;988;98818;2;9;1.0;3.0; -22,22986000;166,48132000;
202300010968.0;1;75;75110;2;2;1.0;6.0;48,87227100;2,35590800;
202300010969.0;1;974;97409;2;1;1.0;6.0; -20,95876000;55,68835000;
202300010970.0;2;35;35136;1;2;2.0;3.0;47,91930100; -1,53409500;
202300010971.0;1;91;91228;2;1;1.0;3.0;48,62152000;2,42459000;
202300010972.0;1;972;97209;2;3;1.0;3.0;14,63433000; -61,07303000;
202300010973.0;2;39;39427;1;1;1.0;6.0;46,81196800;6,03570600;
202300010974.0;2;75;75109;2;2;1.0;6.0;48,87588900;2,33987200;
202300010975.0;1;974;97416;1;2;1.0;3.0; -21,29538000;55,46146000;
202300010976.0;1;973;97302;2;2;1.0;3.0;4,93924968; -52,31833085;
202300010977.0;1;91;91228;2;2;1.0;3.0;48,62493000;2,45198000;
202300010978.0;2;83;83072;2;6;7.0;6.0;43,49012900;6,36354100;
202300010979.0;1;972;97209;2;1;1.0;1.0;14,60635000; -61,07041000;
202300010980.0;1;75;75108;2;2;1.0;7.0;48,86680300;2,32209900;
202300010981.0;1;974;97416;1;1;1.0;1.0; -21,30828000;55,45700000;
202300010982.0;1;69;69383;2;2;1.0;3.0;45,75061631;4,87392141;
202300010983.0;2;83;83137;1;1;1.0;3.0;43,14904690;5,97393948;
202300010984.0;1;84;84088;1;3;1.0;3.0;44,02626100;5,05222200;
202300010985.0;1;69;69081;2;3;1.0;6.0;45,77385000;4,77671000;
202300010986.0;1;974;97416;2;1;1.0;6.0; -21,32986000;55,47998000;
202300010987.0;1;75;75107;2;3;1.0;6.0;48,85903200;2,30425500;
202300010988.0;5;69;69383;2;2;2.0;3.0;45,76297836;4,86184172;
202300010989.0;1;43;43040;2;1;7.0;6.0;45,30130900;3,38037800;
202300010990.0;1;83;83118;2;1;1.0;6.0;43,43286498;6,85778010;
202300010991.0;1;972;97213;1;1;1.0;2.0;14,61830000; -61,02040000;
202300010992.0;1;2B;2B304;2;9;1.0;3.0;42,39570000;9,26220000;
202300010993.0;5;75;75102;2;3;1.0;7.0;48,86977734;2,35227048;
202300010994.0;1;974;97411;2;6;1.0;3.0; -20,88977000;55,46126000;
202300010995.0;3;68;68253;1;1;1.0;6.0;47,77437000;7,52113700;
202300010996.0;1;77;77186;2;1;1.0;3.0;48,39679000;2,69194000;
202300010997.0;5;69;69382;2;1;1.0;6.0;45,76544000;4,83834000;
202300010998.0;1;973;97302;2;1;1.0;7.0;4,93793000; -52,32292000;
202300010999.0;1;35;35066;1;1;8.0;3.0;48,03433300; -1,68785000;
202300011000.0;1;94;94081;2;1;1.0;5.0;48,79699200;2,41823500;
202300011001.0;5;971;97101;2;2;1.0;6.0;16,27586000; -61,50742000;
202300011002.0;5;76;76351;2;2;1.0;7.0;49,49401000;0,13839000;
202300011003.0;1;69;69382;2;3;1.0;6.0;45,76024000;4,83553000;
202300011004.0;5;95;95306;2;1;1.0;6.0;48,99750200;2,18214400;
202300011005.0;5;972;97213;1;1;1.0;5.0;14,60900000; -61,00558000;
202300011006.0;1;971;97107;2;3;1.0;7.0;16,04107041; -61,56641722;
202300011007.0;5;94;94081;2;1;1.0;3.0;48,80107000;2,40187000;
202300011008.0;1;25;25246;1;1;1.0;6.0;47,40717900;6,45918800;
202300011009.0;1;95;95428;2;1;1.0;6.0;49,00366685;2,31856585;
202300011010.0;3;91;91425;1;1;1.0;6.0;48,65154000;2,27256000;
202300011011.0;1;972;97213;1;1;1.0;2.0;14,61036000; -61,00438000;
202300011012.0;1;94;94080;2;3;1.0;3.0;48,84819933;2,43772030;
202300011013.0;1;83;83137;2;1;1.0;6.0;43,12018000;5,94272000;
202300011014.0;5;76;76366;2;3;1.0;6.0;49,50500000;1,04105000;
202300011015.0;2;74;74012;2;1;1.0;3.0;46,19000000;6,24000000;
202300011016.0;1;91;91027;2;2;1.0;3.0;48,70490000;2,36765000;
202300011017.0;3;81;81021;2;1;2.0;6.0;43,50811536;2,35241890;
202300011018.0;1;94;94044;2;1;1.0;6.0;48,74103400;2,47968200;
202300011019.0;1;78;78642;2;1;7.0;6.0;48,98387900;1,96727900;
202300011020.0;5;69;69275;2;1;1.0;2.0;45,77356567;4,98435455;
202300011021.0;5;69;69256;2;2;1.0;3.0;45,77558000;4,91753000;
202300011022.0;1;94;94043;2;1;1.0;6.0;48,81284500;2,36118300;
202300011023.0;5;87;87085;2;9;1.0;3.0;45,83519000;1,26041000;
202300011024.0;1;69;69266;2;1;1.0;2.0;45,78424123;4,86009508;
202300011025.0;1;69;69199;2;3;3.0;3.0;45,69879727;4,85727988;
202300011026.0;1;94;94041;2;2;1.0;3.0;48,81669000;2,39532000;
202300011027.0;1;77;77039;2;1;1.0;1.0;48,52922000;2,58078000;
202300011028.0;1;69;69290;2;1;1.0;3.0;45,69403000;4,94920000;
202300011029.0;2;94;94028;2;1;2.0;6.0;48,79216802;2,44615442;
202300011030.0;1;76;76498;2;6;1.0;2.0;49,42590000;1,05900000;
202300011031.0;3;59;59009;1;1;1.0;4.0;50,63859295;3,14282477;
202300011032.0;1;94;94079;2;9;1.0;6.0;48,83389400;2,54786600;
202300011033.0;1;67;67218;2;3;1.0;1.0;48,52595000;7,71752000;
202300011034.0;5;73;73008;2;1;9.0;3.0;45,70007479;5,90338770;
202300011035.0;1;54;54270;2;1;1.0;1.0;49,49182000;5,87504000;
202300011036.0;1;66;66136;2;3;1.0;3.0;42,70922000;2,89146000;
202300011037.0;1;94;94017;2;1;1.0;6.0;48,81158000;2,51453000;
202300011038.0;1;73;73008;2;9;1.0;4.0;45,68724627;5,90986394;
202300011039.0;1;66;66136;2;1;1.0;6.0;42,69518000;2,87911000;
202300011040.0;1;47;47323;2;3;1.0;3.0;44,39970000;0,69844000;
202300011041.0;1;94;94002;2;1;1.0;6.0;48,80260000;2,42150000;
202300011042.0;1;66;66136;2;1;2.0;6.0;42,72980000;2,89745000;
202300011043.0;4;38;38151;2;1;1.0;1.0;45,15605000;5,71268000;
202300011044.0;1;93;93072;2;1;1.0;3.0;48,95715000;2,39414000;
202300011045.0;1;71;71059;1;1;1.0;7.0;46,79023000;4,48060000;
202300011046.0;1;87;87050;2;1;2.0;4.0;45,91127000;1,21915000;
202300011047.0;5;63;63113;2;2;1.0;3.0;45,76441000;3,12594000;
202300011048.0;1;71;71540;1;1;1.0;7.0;46,78498000;4,43710000;
202300011049.0;1;93;93071;2;1;1.0;6.0;48,93373427;2,51866044;
202300011050.0;1;37;37261;2;2;1.0;3.0;47,38630000;0,68408000;
202300011051.0;1;35;35115;2;1;1.0;6.0;48,36264597; -1,21150821;
202300011052.0;3;62;62239;1;6;1.0;7.0;50,92099000;1,83955000;
202300011053.0;1;71;71076;2;6;1.0;6.0;46,78838000;4,86582000;
202300011054.0;1;54;54547;2;1;1.0;6.0;48,66379200;6,17056300;
202300011055.0;5;85;85194;2;1;2.0;1.0;46,49892000; -1,74100000;
202300011056.0;1;69;69091;2;1;1.0;5.0;45,58709000;4,75732000;
202300011057.0;3;34;34129;1;1;1.0;2.0;43,57078900;3,89783300;
202300011058.0;5;93;93064;2;2;1.0;3.0;48,88658000;2,47188300;
202300011059.0;1;51;51454;2;6;1.0;3.0;49,26456000;4,00996000;
202300011060.0;1;67;67482;2;3;1.0;6.0;48,56511000;7,75458000;
202300011061.0;1;93;93062;2;1;1.0;6.0;48,89864987;2,52871236;
202300011062.0;1;49;49007;2;1;1.0;6.0;47,47365000; -0,58400000;
202300011063.0;5;84;84087;2;1;1.0;3.0;44,12993000;4,81871000;
202300011064.0;4;34;34198;1;1;2.0;5.0;43,56704000;3,95626000;
202300011065.0;1;67;67180;2;1;1.0;3.0;48,81262000;7,78421000;
202300011066.0;1;37;37261;2;1;1.0;1.0;47,42000000;0,70854000;
202300011067.0;1;93;93050;2;5;1.0;2.0;48,86644500;2,52906500;
202300011068.0;1;76;76351;2;3;1.0;6.0;49,50647000;0,11165000;
202300011069.0;1;37;37208;2;1;1.0;2.0;47,36938000;0,71877000;
202300011070.0;1;64;64445;2;1;1.0;4.0;43,29244000; -0,36356000;
202300011071.0;1;31;31555;2;1;1.0;6.0;43,61501000;1,44234000;
202300011072.0;1;74;74012;2;1;1.0;3.0;46,19351000;6,24004000;
202300011073.0;1;93;93048;2;3;1.0;3.0;48,85852826;2,43164485;
202300011074.0;1;35;35238;2;9;1.0;3.0;48,11650000; -1,70767000;
202300011075.0;1;13;13054;2;1;1.0;3.0;43,41944000;5,22367000;
202300011076.0;1;64;64445;2;2;1.0;6.0;43,30401000; -0,35101000;
202300011077.0;1;64;64445;2;1;1.0;2.0;43,29249000; -0,36355600;
202300011078.0;5;33;33522;2;2;1.0;3.0;44,81477000; -0,60058000;
202300011079.0;1;13;13204;2;2;2.0;3.0;43,30940937;5,40293947;
202300011080.0;1;93;93029;2;2;1.0;3.0;48,92675000;2,43821000;
202300011081.0;1;29;29232;1;6;2.0;7.0;48,01241000; -4,07793000;
202300011082.0;5;64;64102;2;1;1.0;3.0;43,49230000; -1,47431000;
202300011083.0;3;74;74118;1;9;1.0;2.0;46,16919000;6,20558000;
202300011084.0;1;29;29232;1;1;2.0;6.0;48,01590000; -4,07813000;
202300011085.0;5;13;13215;2;1;2.0;3.0;43,37890000;5,35701000;
202300011086.0;5;93;93070;2;1;1.0;6.0;48,91863000;2,32884000;
202300011087.0;1;22;22113;2;6;1.0;7.0;48,72405818; -3,43054265;
202300011088.0;5;13;13004;2;9;1.0;6.0;43,67239000;4,62349000;
202300011089.0;5;64;64024;2;1;1.0;3.0;43,52449000; -1,50565000;
202300011090.0;1;93;93010;2;9;1.0;6.0;48,90537300;2,47494900;
202300011091.0;1;73;73008;2;3;1.0;6.0;45,69505000;5,90974000;
202300011092.0;1;17;17306;2;3;1.0;3.0;45,64140000; -1,02477000;
202300011093.0;1;09;09225;1;1;1.0;6.0;43,11853600;1,62992800;
202300011094.0;1;93;93057;2;2;1.0;3.0;48,91170800;2,50954200;
202300011095.0;1;71;71153;2;1;2.0;7.0;46,78930000;4,44681000;
202300011096.0;1;16;16374;2;3;1.0;2.0;45,64401000;0,18280000;
202300011097.0;2;03;03190;2;6;1.0;3.0;46,56934000;3,32536000;
202300011098.0;3;15;15014;2;1;1.0;6.0;44,91977400;2,41416100;
202300011099.0;2;93;93010;2;3;1.0;1.0;48,89200800;2,48898300;
202300011100.0;1;06;06088;2;5;1.0;3.0;43,67833000;7,21864000;
202300011101.0;3;93;93007;2;1;1.0;6.0;48,94767342;2,45166091;
202300011102.0;5;69;69271;1;3;1.0;6.0;45,74496000;4,93714000;
202300011103.0;1;06;06159;2;1;1.0;6.0;43,70360010;7,32283870;
202300011104.0;1;75;75112;2;1;1.0;2.0;48,83080700;2,40315400;
202300011105.0;1;92;92064;2;4;1.0;6.0;48,84974355;2,22111353;
202300011106.0;1;75;75105;2;1;1.0;6.0;48,85229400;2,34364000;
202300011107.0;1;75;75111;2;4;1.0;6.0;48,85633300;2,37089300;
202300011108.0;1;92;92062;2;1;1.0;6.0;48,88454339;2,23849440;
202300011109.0;1;64;64545;1;1;1.0;5.0;43,38500000; -1,71930000;
202300011110.0;4;75;75120;2;7;2.0;3.0;48,86444600;2,40850500;
202300011111.0;1;75;75105;2;3;1.0;1.0;48,84684600;2,36098400;
202300011112.0;1;92;92051;2;2;1.0;6.0;48,88811341;2,26481527;
202300011113.0;1;75;75119;2;2;7.0;7.0;48,88925400;2,37129900;
202300011114.0;5;62;62771;2;1;1.0;3.0;50,41967000;2,87795000;
202300011115.0;5;75;75118;2;3;2.0;3.0;48,89577600;2,34135900;
202300011116.0;5;75;75118;2;1;1.0;3.0;48,89833200;2,36167000;
202300011117.0;1;92;92051;2;1;1.0;4.0;48,88042000;2,27377000;
202300011118.0;5;75;75108;2;7;1.0;6.0;48,87352689;2,29584754;
202300011119.0;2;54;54528;1;1;8.0;1.0;48,64800000;5,86900000;
202300011120.0;2;75;75117;2;7;1.0;7.0;48,88485851;2,29792356;
202300011121.0;1;92;92020;2;3;1.0;6.0;48,80333092;2,27741227;
202300011122.0;5;75;75115;2;3;1.0;6.0;48,84738239;2,27891743;
202300011123.0;5;75;75107;2;2;1.0;6.0;48,84945000;2,30374200;
202300011124.0;5;75;75115;2;1;1.0;3.0;48,85005111;2,28045702;
202300011125.0;1;92;92040;2;3;1.0;1.0;48,82392000;2,26788000;
202300011126.0;1;75;75114;2;3;1.0;3.0;48,82178700;2,32672400;
202300011127.0;1;51;51454;2;1;1.0;2.0;49,25142100;4,05314700;
202300011128.0;1;75;75112;2;1;1.0;6.0;48,83445700;2,42018000;
202300011129.0;1;92;92036;2;1;1.0;6.0;48,92471000;2,32492000;
202300011130.0;2;94;94058;2;2;1.0;3.0;48,84924000;2,49631000;
202300011131.0;5;75;75104;2;3;9.0;2.0;48,85008700;2,35893300;
202300011132.0;1;50;50218;2;1;1.0;6.0;48,83335000; -1,56783000;
202300011133.0;5;93;93078;2;2;1.0;3.0;48,94809063;2,56121880;
202300011134.0;1;92;92026;2;1;1.0;2.0;48,90000000;2,24000000;
202300011135.0;1;94;94058;2;2;2.0;1.0;48,84442316;2,49762851;
202300011136.0;5;93;93064;2;1;1.0;3.0;48,87939700;2,49129900;
202300011137.0;5;92;92024;2;1;1.0;6.0;48,91004442;2,29928970;
202300011138.0;1;49;49246;2;1;1.0;6.0;47,43660000; -0,51600000;