Num_Acc;lum;departement;commune;agglomeration;intersection;meteo;type_collision;lat;long;date
202300011139.0;1;94;94076;2;1;2.0;3.0;48,79180835;2,36957408;
202300011140.0;2;93;93047;2;4;1.0;1.0;48,89920368;2,55428654;
202300011141.0;5;92;92019;2;6;1.0;3.0;48,77669000;2,23054000;
202300011142.0;1;49;49007;2;1;1.0;6.0;47,48485000; -0,51177000;
202300011143.0;5;94;94003;2;1;1.0;3.0;48,80156000;2,32402000;
202300011144.0;1;93;93001;2;2;1.0;1.0;48,90384184;2,39176333;
202300011145.0;2;92;92004;2;2;1.0;6.0;48,92816044;2,27709621;
202300011146.0;2;94;94017;2;1;1.0;2.0;48,82723000;2,52077000;
202300011147.0;1;93;93001;2;9;1.0;3.0;48,91185545;2,37966324;
202300011148.0;1;974;97415;1;1;1.0;5.0; -20,97155300;55,30859300;
202300011149.0;1;92;92075;2;1;1.0;6.0;48,82053608;2,29018718;
202300011150.0;1;93;93055;2;1;1.0;3.0;48,89864000;2,40711000;
202300011151.0;3;16;16150;1;1;1.0;6.0;45,67266300; -0,26236300;
202300011152.0;5;92;92063;2;1;1.0;6.0;48,88144154;2,17855060;
202300011153.0;1;93;93053;2;1;1.0;6.0;48,88750576;2,46492177;
202300011154.0;1;92;92040;2;1;1.0;2.0;48,83410422;2,26485550;
202300011155.0;1;22;22311;1;1;1.0;7.0;48,53016200; -2,22713500;
202300011156.0;1;93;93050;2;1;1.0;2.0;48,87427800;2,52694000;
202300011157.0;1;21;21452;1;1;1.0;7.0;47,26252600;5,12569800;
202300011158.0;1;62;62271;1;1;1.0;3.0;50,62897300;2,17562600;
202300011159.0;5;93;93046;2;1;1.0;4.0;48,91298500;2,52346500;
202300011160.0;1;86;86272;1;1;1.0;3.0;46,82734600;0,47149100;
202300011161.0;1;83;83130;1;1;1.0;3.0;43,19561900;6,04061400;
202300011162.0;5;93;93063;2;1;1.0;6.0;48,87802000;2,43528000;
202300011163.0;1;95;95052;2;1;1.0;6.0;49,14223700;2,28980300;
202300011164.0;3;974;97412;1;1;1.0;7.0; -21,37188400;55,59152300;
202300011165.0;1;92;92024;2;1;2.0;3.0;48,89710016;2,31014907;
202300011166.0;1;95;95529;1;6;1.0;3.0;49,16799802;2,21885741;
202300011167.0;1;06;06161;2;1;1.0;7.0;43,64059400;7,13825900;
202300011168.0;4;972;97222;1;2;1.0;6.0;14,66974900; -60,95804400;
202300011169.0;1;92;92014;2;1;1.0;6.0;48,77678339;2,31626585;
202300011170.0;1;35;35286;2;1;1.0;6.0;48,39500093; -1,65214956;
202300011171.0;1;35;35123;2;1;1.0;6.0;48,00401500; -1,84118600;
202300011172.0;1;88;88115;1;1;1.0;6.0;48,16399000;6,90911300;
202300011173.0;1;67;67117;1;4;7.0;2.0;48,76699500;7,31680900;
202300011174.0;1;35;35126;1;1;1.0;6.0;47,95280000; -1,78405500;
202300011175.0;1;35;35338;1;1;1.0;1.0;48,05867800; -1,27884500;
202300011176.0;3;51;51422;2;3;1.0;6.0;49,21837800;3,93125500;
202300011177.0;1;95;95116;1;1;8.0;3.0;49,16121100;2,33860200;
202300011178.0;5;83;83036;2;1;1.0;6.0;43,18187500;6,53638800;
202300011179.0;1;21;21638;1;9;3.0;6.0;47,53123895;5,19905176;
202300011180.0;1;35;35098;1;1;1.0;6.0;47,77338000; -1,70530000;
202300011181.0;1;33;33314;2;2;1.0;1.0;45,20225500; -0,74831500;
202300011182.0;1;52;52282;1;1;5.0;7.0;47,97941500;5,13404300;
202300011183.0;4;91;91665;2;6;1.0;7.0;48,66246000;2,25593100;
202300011184.0;2;11;11436;1;4;1.0;6.0;43,04097900;2,83395800;
202300011185.0;1;52;52432;1;1;1.0;7.0;47,95399000;5,36899400;
202300011186.0;1;62;62677;1;1;1.0;1.0;50,33755200;2,04988400;
202300011187.0;1;49;49140;1;1;1.0;3.0;47,19103536;0,01700161;
202300011188.0;1;14;14061;1;1;1.0;1.0;48,94846361; -0,96747165;
202300011189.0;1;51;51416;1;1;1.0;1.0;48,95632300;3,69281700;
202300011190.0;1;12;12208;1;1;1.0;1.0;43,94685600;2,90822300;
202300011191.0;1;87;87020;1;1;1.0;2.0;45,92846800;1,30363900;
202300011192.0;1;59;59528;2;4;7.0;3.0;50,20554500;3,40742500;
202300011193.0;1;34;34270;1;1;1.0;3.0;43,56327800;3,85014500;
202300011194.0;1;34;34031;1;1;1.0;1.0;43,33338800;3,42412900;
202300011195.0;3;56;56214;1;1;1.0;2.0;47,52535900; -2,84492300;
202300011196.0;1;62;62440;2;1;1.0;6.0;50,10899200;3,04126000;
202300011197.0;1;34;34018;1;1;8.0;7.0;43,49614500;3,18798800;
202300011198.0;3;2B;2B150;1;1;1.0;7.0;42,58456700;8,83122100;
202300011199.0;1;56;56177;1;1;1.0;1.0;47,76177200; -2,96614800;
202300011200.0;1;68;68082;2;3;1.0;1.0;47,86745100;7,34252600;
202300011201.0;1;78;78192;1;1;1.0;5.0;48,92927400;1,61333800;
202300011202.0;1;25;25245;1;2;1.0;2.0;47,20870900;6,05361700;
202300011203.0;3;79;79185;1;1;1.0;7.0;46,27518300; -0,24133400;
202300011204.0;1;89;89005;2;1;1.0;6.0;47,77530400;4,16357700;
202300011205.0;1;35;35299;1;3;1.0;1.0;48,64182800; -1,93921000;
202300011206.0;3;31;31109;1;1;1.0;6.0;43,24023200;0,80020000;
202300011207.0;1;34;34085;1;1;8.0;1.0;43,45629900;3,26899100;
202300011208.0;1;01;01269;2;2;1.0;2.0;46,15377200;5,60474400;
202300011209.0;1;34;34130;1;1;1.0;7.0;43,52267800;3,19867400;
202300011210.0;3;25;25321;1;1;3.0;6.0;47,07479500;6,68800200;
202300011211.0;1;01;01134;1;1;7.0;1.0;46,28290200;4,87524200;
202300011212.0;1;29;29074;2;6;1.0;3.0;48,48671800; -3,99566500;
202300011213.0;1;01;01108;1;1;1.0;6.0;46,37290048;5,36460042;
202300011214.0;1;38;38517;2;1;1.0;6.0;45,29861900;5,48518200;
202300011215.0;1;70;70467;2;4;1.0;6.0;47,88904500;6,27198900;
202300011216.0;1;58;58180;1;1;1.0;1.0;47,23524000;4,03395700;
202300011217.0;2;54;54359;1;1;1.0;6.0;48,50506868;6,36478543;
202300011218.0;1;14;14582;1;1;1.0;6.0;49,06824294;0,17406464;
202300011219.0;2;14;14455;1;1;1.0;6.0;48,99500900; -0,36022100;
202300011220.0;1;06;06079;2;1;1.0;6.0;43,52724000;6,92542400;
202300011221.0;1;07;07005;1;1;1.0;1.0;44,56125000;4,59746700;
202300011222.0;2;50;50378;1;2;1.0;3.0;48,97621700; -1,24117600;
202300011223.0;1;50;50442;1;1;1.0;7.0;49,48039400; -1,81651000;
202300011224.0;1;53;53185;1;2;8.0;3.0;48,44283700; -0,17296500;
202300011225.0;1;85;85102;1;1;1.0;6.0;46,85526100; -1,63056900;
202300011226.0;1;21;21580;1;1;1.0;7.0;47,43723200;4,64112300;
202300011227.0;1;24;24087;1;1;7.0;7.0;44,84941900;1,07700300;
202300011228.0;1;30;30006;1;2;1.0;5.0;43,68710100;4,19914200;
202300011229.0;1;27;27565;1;5;1.0;3.0;48,90059200;0,80669100;
202300011230.0;1;73;73213;1;1;1.0;4.0;45,53959346;5,96537363;
202300011231.0;2;30;30103;2;3;1.0;6.0;43,92990000;4,65069800;
202300011232.0;1;13;13112;1;1;1.0;7.0;43,51288400;5,24400800;
202300011233.0;3;01;01029;1;1;1.0;6.0;46,44242353;5,27382374;
202300011234.0;1;06;06085;1;1;1.0;5.0;43,58458240;7,02516960;
202300011235.0;3;91;91037;1;1;1.0;7.0;48,51978800;2,48308200;
202300011236.0;1;45;45317;1;1;1.0;7.0;47,78007336;1,59095120;
202300011237.0;1;72;72105;1;1;1.0;2.0;48,17109400;0,74700600;
202300011238.0;5;987;98725;1;9;2.0;5.0; -17,50752900; -149,49683500;
202300011239.0;1;976;97604;1;1;1.0;1.0; -12,92391600;45,09505700;
202300011240.0;1;91;91200;1;1;1.0;7.0;48,55789900;1,94144000;
202300011241.0;1;971;97103;1;1;1.0;6.0;16,25440600; -61,55489400;
202300011242.0;1;68;68278;2;1;1.0;3.0;47,75298400;7,39648600;
202300011243.0;1;33;33234;1;1;1.0;4.0;44,78657531; -0,50656333;
202300011244.0;1;77;77266;1;1;1.0;6.0;48,43509500;2,84979300;
202300011245.0;1;971;97121;2;1;2.0;6.0;16,25618200; -61,78980800;
202300011246.0;2;45;45217;1;1;1.0;6.0;48,25103392;2,17254236;
202300011247.0;2;84;84016;2;4;1.0;3.0;44,03883000;4,90968700;
202300011248.0;1;34;34060;1;1;1.0;1.0;43,81639500;3,64101400;
202300011249.0;1;06;06134;2;1;3.0;6.0;43,76395800;6,65637900;
202300011250.0;1;84;84141;2;1;1.0;3.0;43,95620700;4,90107000;
202300011251.0;1;13;13030;1;1;1.0;1.0;43,26820600;5,73514200;
202300011252.0;1;13;13064;1;6;1.0;7.0;43,80355600;4,95020100;
202300011253.0;1;03;03031;1;1;7.0;1.0;46,36911300;2,72287100;
202300011254.0;2;38;38388;1;1;2.0;1.0;45,05274900;5,71204300;
202300011255.0;1;86;86222;2;1;1.0;7.0;46,65972700;0,42331800;
202300011256.0;3;33;33196;1;1;1.0;2.0;44,80021200; -0,21034400;
202300011257.0;1;85;85071;1;2;1.0;3.0;46,79952500; -1,79172030;
202300011258.0;1;60;60559;1;1;1.0;2.0;49,41379705;2,27984692;
202300011259.0;1;27;27602;2;3;1.0;3.0;49,00880800;1,09211000;
202300011260.0;1;83;83137;2;1;2.0;2.0;43,12093276;5,95201534;
202300011261.0;1;60;60107;2;1;1.0;3.0;49,37487800;2,42736700;
202300011262.0;3;33;33162;1;1;2.0;2.0;44,86760000; -0,64800000;
202300011263.0;3;69;69259;1;1;2.0;2.0;45,71675290;4,85246166;
202300011264.0;3;92;92048;1;1;1.0;2.0;48,79819142;2,21667127;
202300011265.0;3;59;59378;1;1;1.0;6.0;50,67923000;3,11304000;
202300011266.0;3;77;77122;1;1;1.0;6.0;48,65870955;2,61286308;
202300011267.0;1;91;91689;1;1;1.0;3.0;48,73880000;2,31810000;
202300011268.0;1;77;77294;1;1;1.0;2.0;48,97215800;2,59268000;
202300011269.0;1;77;77294;1;1;1.0;2.0;48,95655271;2,62589792;
202300011270.0;1;91;91216;1;1;1.0;6.0;48,68634000;2,32650000;
202300011271.0;3;74;74137;2;1;1.0;6.0;46,00112000;6,17017700;
202300011272.0;3;74;74281;1;1;3.0;6.0;46,34711000;6,44756000;
202300011273.0;1;91;91687;1;1;1.0;5.0;48,66245000;2,36852000;
202300011274.0;1;74;74010;2;1;1.0;1.0;45,89410000;6,08803000;
202300011275.0;1;94;94034;1;1;1.0;3.0;48,76020129;2,32061692;
202300011276.0;1;91;91432;1;1;1.0;3.0;48,69170000;2,32209000;
202300011277.0;1;93;93066;1;1;1.0;5.0;48,92812889;2,35797590;
202300011278.0;1;93;93001;1;1;1.0;6.0;48,92126000;2,37568000;
202300011279.0;1;95;95582;1;1;1.0;5.0;48,96886500;2,25120200;
202300011280.0;1;93;93066;1;1;1.0;3.0;48,92902000;2,35988000;
202300011281.0;3;95;95018;1;1;1.0;6.0;48,95727000;2,27600000;
202300011282.0;3;93;93027;1;1;1.0;6.0;48,92736000;2,40711000;
202300011283.0;3;95;95042;1;1;3.0;6.0;49,05741000;2,29748000;
202300011284.0;5;93;93066;1;1;1.0;4.0;48,90844090;2,35836017;
202300011285.0;1;92;92024;2;3;1.0;3.0;48,89992162;2,31448352;
202300011286.0;1;14;14143;1;2;1.0;3.0;49,10498500; -0,76338900;
202300011287.0;1;13;13047;1;1;1.0;1.0;43,59069000;4,94554000;
202300011288.0;1;75;75119;2;3;1.0;1.0;48,89449800;2,37060300;
202300011289.0;1;75;75119;2;9;1.0;2.0;48,87853500;2,40251200;
202300011290.0;1;75;75119;2;4;1.0;6.0;48,88421100;2,38427800;
202300011291.0;1;75;75119;2;7;1.0;7.0;48,87846900;2,37043600;
202300011292.0;1;75;75119;2;2;1.0;2.0;48,88298800;2,38560900;
202300011293.0;1;75;75119;2;2;1.0;3.0;48,89818200;2,38602200;
202300011294.0;1;75;75119;2;2;1.0;3.0;48,88607900;2,38308900;
202300011295.0;1;75;75119;2;3;1.0;6.0;48,88148700;2,37040700;
202300011296.0;5;75;75118;2;2;1.0;3.0;48,89239200;2,34506100;
202300011297.0;1;75;75110;2;2;1.0;6.0;48,87600300;2,36835800;
202300011298.0;1;75;75118;2;1;1.0;2.0;48,88298700;2,34409500;
202300011299.0;1;75;75118;2;9;1.0;6.0;48,89083700;2,35996400;
202300011300.0;1;75;75117;2;3;1.0;6.0;48,88470900;2,30782700;
202300011301.0;5;75;75117;2;2;1.0;6.0;48,88912400;2,32274700;
202300011302.0;1;75;75116;2;1;3.0;6.0;48,84691000;2,25967200;
202300011303.0;5;75;75116;2;2;1.0;3.0;48,86024324;2,29048052;
202300011304.0;1;75;75116;2;2;1.0;2.0;48,83869000;2,25395000;
202300011305.0;1;75;75116;2;3;1.0;6.0;48,84752800;2,26910500;
202300011306.0;1;75;75115;2;1;1.0;2.0;48,84732000;2,28473200;
202300011307.0;5;75;75115;2;3;1.0;6.0;48,83117800;2,29188500;
202300011308.0;1;75;75115;2;3;1.0;6.0;48,83511900;2,30379000;
202300011309.0;5;75;75115;2;3;1.0;1.0;48,85370200;2,28768000;
202300011310.0;1;75;75115;2;2;1.0;6.0;48,83429100;2,28390900;
202300011311.0;1;75;75113;2;1;1.0;2.0;48,82619900;2,38331700;
202300011312.0;5;75;75113;2;3;1.0;1.0;48,83364600;2,37360600;
202300011313.0;1;75;75110;2;2;1.0;6.0;48,87601000;2,36832300;
202300011314.0;1;75;75110;2;2;1.0;6.0;48,87325200;2,36421700;
202300011315.0;5;75;75110;2;2;1.0;7.0;48,86883000;2,36764800;
202300011316.0;1;75;75109;2;2;1.0;3.0;48,87526300;2,33230800;
202300011317.0;1;75;75109;2;2;1.0;2.0;48,87021000;2,32989000;
202300011318.0;1;75;75108;2;7;1.0;3.0;48,86586400;2,31985300;
202300011319.0;1;75;75108;2;2;1.0;3.0;48,86586900;2,31990200;
202300011320.0;1;75;75107;2;2;1.0;7.0;48,84797400;2,31614600;
202300011321.0;1;75;75114;2;1;1.0;6.0;48,82866300;2,31470000;
202300011322.0;1;75;75107;2;2;1.0;3.0;48,86113948;2,30547819;
202300011323.0;1;75;75104;2;3;1.0;7.0;48,85135700;2,36228500;
202300011324.0;1;75;75109;2;3;1.0;7.0;48,88409700;2,33082100;
202300011325.0;1;75;75101;2;2;1.0;3.0;48,86561200;2,33662200;
202300011326.0;1;75;75104;2;2;1.0;3.0;48,86058100;2,34937600;
202300011327.0;5;75;75104;2;2;1.0;7.0;48,85433800;2,34491900;
202300011328.0;1;32;32156;1;3;1.0;3.0;43,52572900;0,45814300;
202300011329.0;1;60;60676;2;1;1.0;7.0;49,56059500;2,94737900;
202300011330.0;4;976;97611;2;1;1.0;7.0; -12,76926000;45,22404000;
202300011331.0;1;69;69386;2;2;3.0;3.0;45,76803000;4,84540000;
202300011332.0;1;69;69383;2;2;2.0;6.0;45,76360000;4,85526000;
202300011333.0;1;69;69381;2;1;2.0;6.0;45,76962000;4,82506000;
202300011334.0;3;971;97101;1;1;1.0;7.0;16,28952000; -61,50406000;
202300011335.0;1;95;95197;2;2;1.0;6.0;48,96986014;2,31668293;
202300011336.0;1;95;95210;2;1;1.0;6.0;48,96441000;2,30466000;
202300011337.0;5;91;91097;2;1;1.0;7.0;48,68806000;2,53348000;
202300011338.0;1;91;91027;2;1;1.0;3.0;48,69964300;2,37183200;
202300011339.0;2;91;91223;2;1;2.0;2.0;48,42801800;2,15190300;
202300011340.0;1;89;89387;2;2;1.0;3.0;48,19544000;3,30166000;
202300011341.0;1;89;89346;2;6;1.0;3.0;47,80338000;3,53564000;
202300011342.0;5;87;87085;2;1;1.0;6.0;45,81693000;1,26132000;
202300011343.0;1;81;81004;2;1;1.0;3.0;43,91898000;2,10925000;
202300011344.0;1;80;80021;2;1;1.0;6.0;49,89183000;2,30944000;
202300011345.0;5;80;80021;2;1;1.0;6.0;49,87723000;2,34202000;
202300011346.0;1;76;76351;2;3;1.0;7.0;49,48967000;0,12468000;
202300011347.0;1;76;76447;2;1;1.0;6.0;49,54451200;0,18786100;
202300011348.0;1;76;76447;1;1;1.0;2.0;49,53966202;0,20851065;
202300011349.0;1;72;72181;2;9;2.0;6.0;47,96981000;0,20614000;
202300011350.0;1;69;69266;2;2;1.0;3.0;45,77480246;4,87406835;
202300011351.0;5;69;69264;2;1;2.0;6.0;45,97911000;4,73903000;
202300011352.0;1;69;69029;2;1;1.0;3.0;45,73777000;4,89581000;
202300011353.0;1;67;67462;2;1;7.0;3.0;48,26098000;7,45713000;
202300011354.0;2;62;62033;2;1;1.0;6.0;50,45285000;2,87563000;
202300011355.0;1;62;62193;2;2;1.0;3.0;50,94850312;1,85868680;
202300011356.0;1;59;59512;2;2;1.0;6.0;50,68116000;3,18539000;
202300011357.0;1;59;59350;2;1;1.0;3.0;50,62900000;3,10219000;
202300011358.0;1;57;57672;2;1;1.0;6.0;49,35602000;6,11201000;
202300011359.0;3;56;56121;2;1;1.0;7.0;47,76144000; -3,36417000;
202300011360.0;1;51;51454;2;1;1.0;6.0;49,25729000;4,06272000;
202300011361.0;5;51;51454;2;1;1.0;7.0;49,25041100;4,05540300;
202300011362.0;5;50;50129;2;1;1.0;6.0;49,64675000; -1,65264000;
202300011363.0;5;41;41047;2;1;1.0;2.0;47,60289100;1,34925700;
202300011364.0;1;40;40088;2;2;8.0;3.0;43,71584000; -1,05383000;
202300011365.0;1;37;37261;2;2;1.0;3.0;47,39759000;0,69947000;
202300011366.0;2;37;37122;2;1;3.0;7.0;47,34097000;0,65374000;
202300011367.0;1;35;35238;2;1;1.0;2.0;48,10727955; -1,71871394;
202300011368.0;1;35;35238;2;6;1.0;3.0;48,09153055; -1,65824085;
202300011369.0;1;33;33249;2;1;7.0;6.0;44,87178000; -0,51806000;
202300011370.0;1;31;31555;2;1;1.0;1.0;43,54036000;1,39153200;
202300011371.0;1;27;27229;2;1;1.0;2.0;49,03450000;1,15609000;
202300011372.0;5;25;25056;2;2;2.0;3.0;47,26257000;6,04007000;
202300011373.0;1;19;19031;2;2;1.0;3.0;45,16065000;1,52319000;
202300011374.0;1;13;13202;2;9;1.0;3.0;43,31095000;5,36725000;
202300011375.0;5;13;13206;2;1;1.0;2.0;43,28856000;5,38426000;
202300011376.0;1;02;02304;2;1;1.0;6.0;49,66228000;3,36591000;
202300011377.0;1;75;75117;2;1;1.0;2.0;48,89261000;2,30246200;
202300011378.0;2;75;75120;2;1;1.0;5.0;48,86258700;2,41376700;
202300011379.0;5;75;75120;2;1;1.0;3.0;48,86427400;2,41349900;
202300011380.0;5;75;75116;2;1;1.0;5.0;48,84143400;2,25413900;
202300011381.0;5;75;75107;2;3;1.0;6.0;48,86064300;2,29547900;
202300011382.0;1;54;54102;1;1;2.0;7.0;48,72589000;5,86783900;
202300011383.0;4;14;14288;1;1;3.0;6.0;49,26425700; -0,48292400;
202300011384.0;1;83;83046;2;1;1.0;3.0;43,53056874;6,15225918;
202300011385.0;3;73;73128;1;1;1.0;1.0;45,72712400;5,94574900;
202300011386.0;3;10;10034;1;1;3.0;3.0;48,09439830;4,38012258;
202300011387.0;5;07;07010;2;1;1.0;6.0;45,25215700;4,68211800;
202300011388.0;1;07;07234;1;1;1.0;3.0;45,24940000;4,77421400;
202300011389.0;1;53;53096;2;4;8.0;1.0;48,30614500; -0,94269500;
202300011390.0;3;21;21044;1;1;3.0;6.0;47,82478997;4,41408189;
202300011391.0;1;24;24496;1;1;8.0;6.0;45,41416600;0,86314000;
202300011392.0;1;85;85047;1;1;2.0;2.0;46,83284800; -1,82282520;
202300011393.0;1;85;85182;1;1;2.0;6.0;46,79006000; -0,83240600;
202300011394.0;1;48;48002;1;1;1.0;6.0;44,87240100;3,25044000;
202300011395.0;3;24;24331;1;1;2.0;6.0;44,78512500;0,39370500;
202300011396.0;1;06;06152;2;1;1.0;6.0;43,64242000;7,00916600;
202300011397.0;1;72;72105;1;1;3.0;2.0;48,17374399;0,75320005;
202300011398.0;3;51;51569;1;1;3.0;5.0;49,24654388;3,93545998;
202300011399.0;2;62;62476;1;1;1.0;3.0;50,35586600;2,95549400;
202300011400.0;1;988;98822;1;3;1.0;6.0; -20,93881500;165,35797100;
202300011401.0;1;976;97607;2;9;1.0;2.0; -12,86299600;45,19803300;
202300011402.0;3;974;97422;1;1;5.0;6.0; -21,18550700;55,57984500;
202300011403.0;2;974;97420;2;1;8.0;2.0; -20,93723200;55,63814000;
202300011404.0;1;33;33535;2;1;3.0;6.0;44,84175100; -0,44765000;
202300011405.0;1;45;45155;2;1;1.0;6.0;47,68908100;2,62119400;
202300011406.0;1;77;77466;1;1;1.0;1.0;48,82090900;2,89114200;
202300011407.0;1;30;30128;1;1;2.0;1.0;43,71152500;4,36803100;
202300011408.0;5;13;13086;2;1;1.0;7.0;43,35206400;5,60519500;
202300011409.0;1;21;21699;1;1;1.0;7.0;47,20299900;5,34379700;
202300011410.0;1;38;38317;2;1;8.0;6.0;45,12326300;5,69776300;
202300011411.0;1;33;33449;2;6;3.0;6.0;44,89380400; -0,74721000;
202300011412.0;3;85;85119;2;1;2.0;6.0;46,96654200; -1,12093900;
202300011413.0;3;60;60065;1;1;2.0;2.0;49,34089400;2,20912800;
202300011414.0;3;60;60542;1;1;1.0;6.0;49,41438700;2,19168700;
202300011415.0;1;02;02596;1;9;2.0;6.0;48,96344100;3,29168200;
202300011416.0;3;59;59619;1;9;2.0;3.0;50,25830100;3,66173600;
202300011417.0;3;13;13085;1;1;3.0;7.0;43,24380000;5,59510000;
202300011418.0;3;33;33013;1;1;2.0;6.0;44,86862814; -0,49783677;
202300011419.0;1;33;33192;1;1;1.0;3.0;44,78946000; -0,61969000;
202300011420.0;1;59;59606;1;1;1.0;6.0;50,36328000;3,48473000;
202300011421.0;1;91;91286;1;1;1.0;2.0;48,65571000;2,37873000;
202300011422.0;1;59;59123;1;1;1.0;5.0;50,49614900;3,00789400;
202300011423.0;3;91;91347;1;1;3.0;2.0;48,62268100;2,28964700;
202300011424.0;1;06;06033;2;1;1.0;6.0;43,77662100;7,18992500;
202300011425.0;1;83;83054;2;3;1.0;6.0;43,16471600;6,04114500;
202300011426.0;1;57;57329;2;1;1.0;6.0;49,26148600;6,49576300;
202300011427.0;2;94;94038;1;1;2.0;4.0;48,77222023;2,34575745;
202300011428.0;1;59;59159;1;1;9.0;1.0;50,96827500;2,22897500;
202300011429.0;2;91;91645;1;1;2.0;2.0;48,75976855;2,26225240;
202300011430.0;1;67;67434;2;1;1.0;7.0;48,94150300;7,08443500;
202300011431.0;1;92;92063;1;1;2.0;6.0;48,89000239;2,17016741;
202300011432.0;2;80;80196;1;1;1.0;3.0;49,98100600;1,83594000;
202300011433.0;1;55;55065;2;1;1.0;6.0;49,19775600;5,04170200;
202300011434.0;5;92;92050;1;1;1.0;3.0;48,89453775;2,22945678;
202300011435.0;1;49;49160;1;3;7.0;3.0;47,40886800; -0,94264600;
202300011436.0;1;78;78640;1;9;1.0;6.0;48,78053600;2,18004400;
202300011437.0;3;12;12208;1;1;1.0;1.0;43,98208466;2,90252388;
202300011438.0;1;46;46028;1;1;1.0;6.0;44,93187400;1,75746900;
202300011439.0;1;78;78545;1;1;2.0;4.0;48,81034600;2,05561300;
202300011440.0;5;47;47179;2;1;1.0;7.0;44,48476100;0,94348300;
202300011441.0;5;34;34079;2;1;1.0;7.0;43,63493800;3,43399500;
202300011442.0;1;78;78090;1;1;2.0;5.0;48,97032600;1,90264600;
202300011443.0;1;22;22250;2;1;1.0;6.0;48,70125300; -3,16037400;
202300011444.0;1;29;29259;2;1;1.0;7.0;48,68353800; -3,95909100;
202300011445.0;3;78;78466;1;1;2.0;4.0;48,91954000;2,00471100;
202300011446.0;2;29;29044;1;1;9.0;7.0;48,22265000; -4,17154800;
202300011447.0;1;84;84123;1;1;1.0;7.0;44,06470500;5,46966800;
202300011448.0;2;78;78640;1;1;2.0;3.0;48,77866800;2,22255100;
202300011449.0;1;93;93053;1;1;1.0;4.0;48,88065000;2,45189000;
202300011450.0;3;66;66125;1;1;1.0;6.0;42,56116300;2,28791110;
202300011451.0;1;06;06103;2;2;1.0;6.0;44,01169100;7,30755200;
202300011452.0;1;92;92036;1;1;2.0;2.0;48,94920532;2,28069842;
202300011453.0;1;14;14098;1;1;2.0;1.0;49,20497674; -0,51028369;
202300011454.0;1;07;07193;1;1;1.0;1.0;44,57940700;4,27992600;
202300011455.0;5;27;27125;2;1;8.0;6.0;49,19018100;0,75234900;
202300011456.0;3;93;93027;1;1;3.0;4.0;48,92739000;2,40738000;
202300011457.0;3;87;87028;1;1;9.0;6.0;46,23093000;0,91979400;
202300011458.0;3;92;92036;1;1;2.0;5.0;48,94815749;2,28119607;
202300011459.0;1;68;68266;1;9;1.0;3.0;47,89230500;7,37603200;
202300011460.0;3;73;73151;1;1;1.0;2.0;45,47181300;6,01722400;
202300011461.0;3;01;01274;1;1;1.0;6.0;46,16084700;5,65244400;
202300011462.0;3;93;93063;1;1;1.0;5.0;48,87973000;2,44963000;
202300011463.0;3;01;01373;1;1;1.0;3.0;46,12739500;5,56584400;
202300011464.0;3;77;77146;1;1;2.0;6.0;48,83225661;2,66501136;
202300011465.0;1;37;37003;1;2;1.0;3.0;47,37647100;1,04110500;
202300011466.0;3;59;59010;1;1;3.0;5.0;50,16348400;3,10398100;
202300011467.0;5;69;69386;2;1;1.0;1.0;45,77678961;4,84378919;
202300011468.0;1;973;97305;1;1;1.0;3.0;4,98960700; -52,44885900;
202300011469.0;3;37;37088;1;1;1.0;6.0;47,19820800;0,09206700;
202300011470.0;5;69;69387;2;2;1.0;3.0;45,74510000;4,84185000;
202300011471.0;1;2B;2B029;2;1;1.0;1.0;42,68929100;9,37841100;
202300011472.0;1;2A;2A247;1;1;2.0;5.0;41,63756900;9,29395600;
202300011473.0;5;77;77379;1;3;1.0;1.0;48,56550900;3,30058800;
202300011474.0;1;34;34299;2;6;1.0;7.0;43,26906824;3,27500671;
202300011475.0;2;83;83104;1;1;1.0;7.0;43,58995000;5,74810300;
202300011476.0;5;74;74008;2;3;1.0;1.0;46,19937000;6,22544000;
202300011477.0;1;73;73284;1;1;1.0;1.0;45,47027000;6,52258100;
202300011478.0;5;69;69259;2;2;1.0;3.0;45,72123000;4,89078000;
202300011479.0;2;73;73006;1;1;1.0;5.0;45,55011900;6,62559900;
202300011480.0;1;65;65440;2;1;1.0;6.0;43,23141312;0,08417630;
202300011481.0;1;33;33366;1;1;1.0;1.0;45,00895200; -0,42018900;
202300011482.0;1;35;35238;2;2;1.0;3.0;48,10939000; -1,67396000;
202300011483.0;5;44;44172;2;1;1.0;2.0;47,26606380; -1,48724730;
202300011484.0;2;29;29124;2;6;1.0;3.0;48,57273800; -4,31655400;
202300011485.0;1;19;19275;2;4;1.0;2.0;45,53843901;2,32655883;
202300011486.0;1;59;59482;2;1;1.0;6.0;50,71350400;2,99919000;
202300011487.0;2;13;13081;1;1;1.0;3.0;43,48881066;5,24058515;
202300011488.0;5;69;69297;1;9;1.0;3.0;45,58805000;4,78740000;