Num_Acc;lum;departement;commune;agglomeration;intersection;meteo;type_collision;lat;long;date
202300011489.0;3;13;13040;1;1;1.0;1.0;43,46618900;5,54499500;
202300011490.0;1;57;57672;1;1;1.0;2.0;49,39335000;6,11054000;
202300011491.0;1;91;91589;1;1;1.0;2.0;48,67395000;2,34260000;
202300011492.0;2;974;97416;1;1;1.0;7.0; -21,29732000;55,43975000;
202300011493.0;3;78;78466;1;1;1.0;4.0;48,92836400;1,98903200;
202300011494.0;5;69;69386;2;2;3.0;1.0;45,76458000;4,84689000;
202300011495.0;3;78;78640;1;1;1.0;3.0;48,78159300;2,16736800;
202300011496.0;1;92;92023;1;1;1.0;6.0;48,77653794;2,23443726;
202300011497.0;2;92;92064;1;1;1.0;7.0;48,83978058;2,20456477;
202300011498.0;4;69;69388;2;1;2.0;1.0;45,74378000;4,87436000;
202300011499.0;5;69;69384;2;1;2.0;6.0;45,78046000;4,82053000;
202300011500.0;5;92;92050;1;1;1.0;4.0;48,90687000;2,21143000;
202300011501.0;1;69;69389;2;2;2.0;3.0;45,76942000;4,80096000;
202300011502.0;5;75;75105;2;2;1.0;6.0;48,84991800;2,34360800;
202300011503.0;5;75;75120;2;1;1.0;6.0;48,85962200;2,40155300;
202300011504.0;5;2B;2B033;2;9;1.0;3.0;42,68394000;9,44472000;
202300011505.0;1;75;75117;2;1;1.0;3.0;48,87694900;2,29724400;
202300011506.0;1;971;97113;2;1;1.0;6.0;16,21335592; -61,50077820;
202300011507.0;1;75;75116;2;1;1.0;3.0;48,86330700;2,28341600;
202300011508.0;1;971;97101;1;1;3.0;6.0;16,27675000; -61,52171000;
202300011509.0;1;75;75115;2;3;1.0;6.0;48,84611000;2,31423500;
202300011510.0;1;971;97113;1;1;1.0;3.0;16,20911000; -61,47114000;
202300011511.0;1;971;97101;2;9;9.0;6.0;16,27160000; -61,51673000;
202300011512.0;1;75;75115;2;2;1.0;6.0;48,83604500;2,27817800;
202300011513.0;1;95;95585;2;3;1.0;3.0;48,99323000;2,38297000;
202300011514.0;1;75;75115;2;2;1.0;3.0;48,84376400;2,28635900;
202300011515.0;2;91;91339;2;1;8.0;6.0;48,62584000;2,25957000;
202300011516.0;1;75;75114;2;2;1.0;3.0;48,81677800;2,33494100;
202300011517.0;5;91;91425;2;1;2.0;2.0;48,64701000;2,27664000;
202300011518.0;1;75;75113;2;3;1.0;3.0;48,83266300;2,37460400;
202300011519.0;1;75;75113;2;3;1.0;2.0;48,83294800;2,37873300;
202300011520.0;1;89;89387;2;9;2.0;6.0;48,18700000;3,28500000;
202300011521.0;5;75;75112;2;5;1.0;5.0;48,83465300;2,40076300;
202300011522.0;1;89;89387;2;3;1.0;6.0;48,20400000;3,27100000;
202300011523.0;1;75;75111;2;3;1.0;3.0;48,86114800;2,37788300;
202300011524.0;2;75;75110;2;2;1.0;3.0;48,87852000;2,35404400;
202300011525.0;2;87;87085;2;3;1.0;3.0;45,83733000;1,26640000;
202300011526.0;1;75;75107;2;3;1.0;7.0;48,86237100;2,30965400;
202300011527.0;1;87;87085;2;1;1.0;2.0;45,86743000;1,26903000;
202300011528.0;5;75;75102;2;2;1.0;6.0;48,87197800;2,33999800;
202300011529.0;1;87;87065;1;1;1.0;7.0;45,79577000;1,32670000;
202300011530.0;1;94;94078;2;2;1.0;3.0;48,75082600;2,44678800;
202300011531.0;2;94;94077;2;2;1.0;3.0;48,73250000;2,41824000;
202300011532.0;1;87;87085;2;1;2.0;6.0;45,81198739;1,24345027;
202300011533.0;1;94;94070;2;9;1.0;3.0;48,71988200;2,56634700;
202300011534.0;1;87;87085;2;6;1.0;7.0;45,81620000;1,27928000;
202300011535.0;1;93;93078;2;6;1.0;2.0;48,96084017;2,55624890;
202300011536.0;1;87;87075;1;3;1.0;6.0;45,80365000;1,18883000;
202300011537.0;1;93;93077;2;2;7.0;3.0;48,88569000;2,51182000;
202300011538.0;1;93;93053;2;3;1.0;6.0;48,88910000;2,45484000;
202300011539.0;5;93;93074;2;1;1.0;3.0;48,93493000;2,56887000;
202300011540.0;1;92;92075;2;2;1.0;3.0;48,81871000;2,29169000;
202300011541.0;1;92;92064;2;1;1.0;6.0;48,85943000;2,20961000;
202300011542.0;1;84;84035;1;1;8.0;2.0;43,86317000;5,02108000;
202300011543.0;5;92;92049;2;1;1.0;3.0;48,81186965;2,30385929;
202300011544.0;1;92;92040;2;2;1.0;3.0;48,82985459;2,26079777;
202300011545.0;5;83;83137;2;6;1.0;3.0;43,13196000;5,90431000;
202300011546.0;3;92;92025;2;3;1.0;1.0;48,93172500;2,26660600;
202300011547.0;1;92;92025;2;3;1.0;3.0;48,92828200;2,27023600;
202300011548.0;5;83;83137;2;2;1.0;3.0;43,12346000;5,94811000;
202300011549.0;1;92;92023;2;2;1.0;3.0;48,79213000;2,25944000;
202300011550.0;1;83;83137;2;2;1.0;3.0;43,12033726;5,94728708;
202300011551.0;2;92;92012;2;1;1.0;7.0;48,82970989;2,23577410;
202300011552.0;5;78;78133;2;9;1.0;3.0;48,90964000;2,03433000;
202300011553.0;1;62;62812;2;1;1.0;6.0;50,62466500;2,06546700;
202300011554.0;3;988;98812;2;1;1.0;6.0; -20,56283000;164,28656000;
202300011555.0;3;77;77235;1;1;1.0;2.0;48,98241400;3,07943300;
202300011556.0;3;51;51592;1;1;1.0;7.0;49,10111400;3,74039400;
202300011557.0;1;59;59067;2;1;1.0;6.0;50,96910300;2,43584300;
202300011558.0;1;77;77284;2;1;7.0;6.0;48,95740000;2,89691000;
202300011559.0;5;71;71578;2;1;1.0;5.0;46,96362700;5,17386300;
202300011560.0;1;76;76351;2;3;2.0;6.0;49,49022105;0,10063836;
202300011561.0;3;62;62717;1;1;1.0;2.0;50,36684100;2,37106200;
202300011562.0;1;91;91600;1;1;1.0;7.0;48,65942700;2,45607700;
202300011563.0;1;71;71270;2;2;1.0;3.0;46,30976000;4,82687000;
202300011564.0;1;2B;2B319;1;1;1.0;4.0;42,43094600;9,52339200;
202300011565.0;2;11;11255;1;1;1.0;2.0;43,18517272;2,92986638;
202300011566.0;1;71;71059;1;1;8.0;7.0;46,79074000;4,48110000;
202300011567.0;1;89;89419;2;9;7.0;6.0;47,72166600;3,31320500;
202300011568.0;1;71;71076;2;1;1.0;3.0;46,78974000;4,84317000;
202300011569.0;1;35;35039;2;1;1.0;3.0;48,10735200; -1,48465600;
202300011570.0;1;35;35096;1;3;1.0;1.0;48,06340000; -1,36489000;
202300011571.0;3;35;35116;1;1;1.0;6.0;48,58395700; -1,83235100;
202300011572.0;5;69;69264;2;6;3.0;6.0;45,99506000;4,74152000;
202300011573.0;3;29;29017;2;1;1.0;6.0;48,47827000; -4,71605300;
202300011574.0;1;29;29190;1;3;1.0;2.0;48,35823800; -4,70776000;
202300011575.0;1;69;69290;2;9;2.0;2.0;45,70470000;4,91286000;
202300011576.0;1;02;02173;2;6;1.0;3.0;49,61484600;3,21393000;
202300011577.0;1;69;69388;2;1;2.0;2.0;45,73068000;4,88673000;
202300011578.0;1;83;83011;1;9;1.0;3.0;43,61819000;6,55749700;
202300011579.0;2;67;67482;2;3;3.0;3.0;48,58657000;7,70368000;
202300011580.0;3;45;45148;2;1;1.0;6.0;48,08422900;2,76917200;
202300011581.0;1;67;67482;2;1;2.0;6.0;48,56157800;7,76375500;
202300011582.0;3;64;64282;1;1;2.0;1.0;43,41941900; -1,41414600;
202300011583.0;3;18;18204;1;1;1.0;7.0;46,93528700;2,55176800;
202300011584.0;5;67;67043;2;9;1.0;3.0;48,61443000;7,76393000;
202300011585.0;1;07;07295;1;1;1.0;7.0;44,81674800;4,60258500;
202300011586.0;1;04;04001;1;1;9.0;6.0;44,05254600;6,15185000;
202300011587.0;5;62;62771;2;2;1.0;6.0;50,41797000;2,86679000;
202300011588.0;1;85;85095;2;1;1.0;3.0;46,86917700; -1,75927200;
202300011589.0;5;62;62637;2;1;1.0;3.0;50,47065000;2,98432000;
202300011590.0;1;87;87151;1;1;1.0;6.0;45,68035500;1,29299600;
202300011591.0;1;30;30083;1;1;1.0;6.0;43,71975300;4,22341700;
202300011592.0;1;62;62193;2;1;1.0;2.0;50,94069472;1,84536213;
202300011593.0;3;34;34240;1;1;3.0;4.0;43,64222400;3,97400800;
202300011594.0;3;62;62400;2;1;8.0;7.0;50,46967785;2,57193768;
202300011595.0;1;59;59346;2;1;1.0;6.0;50,61418000;3,11302000;
202300011596.0;1;988;98821;2;1;1.0;6.0; -22,11958200;166,36753800;
202300011597.0;2;45;45229;1;2;1.0;3.0;47,85013200;2,74782700;
202300011598.0;5;56;56098;2;3;2.0;7.0;47,77522000; -3,34622000;
202300011599.0;1;68;68309;2;1;1.0;2.0;47,66348000;7,44578000;
202300011600.0;3;56;56121;2;1;2.0;7.0;47,76334000; -3,37016000;
202300011601.0;5;69;69121;2;9;1.0;6.0;45,85498885;4,68118503;
202300011602.0;1;69;69204;2;6;1.0;3.0;45,69598500;4,80722700;
202300011603.0;1;56;56121;2;1;1.0;2.0;47,77234000; -3,40456000;
202300011604.0;1;69;69204;2;1;1.0;1.0;45,67300376;4,78897461;
202300011605.0;1;09;09108;1;1;1.0;6.0;43,02171400;1,36639200;
202300011606.0;5;54;54395;2;1;2.0;6.0;48,68213000;6,20309000;
202300011607.0;5;44;44094;1;1;1.0;7.0;47,29434565; -1,38331309;
202300011608.0;1;60;60024;1;1;1.0;7.0;49,40840400;2,68169400;
202300011609.0;1;54;54395;2;1;1.0;6.0;48,68894000;6,17018000;
202300011610.0;1;59;59636;1;1;1.0;6.0;50,68203000;3,06081000;
202300011611.0;1;91;91340;1;1;1.0;3.0;48,60835000;2,43520000;
202300011612.0;3;54;54580;2;4;1.0;3.0;49,46501000;5,93347000;
202300011613.0;1;78;78571;1;1;1.0;6.0;48,87399500;2,02405000;
202300011614.0;5;51;51454;2;2;2.0;6.0;49,25452000;4,02538000;
202300011615.0;2;78;78206;1;1;1.0;2.0;48,94551700;1,94897300;
202300011616.0;1;50;50129;2;1;3.0;1.0;49,61981000; -1,62029000;
202300011617.0;1;92;92036;1;1;1.0;4.0;48,93408555;2,27788505;
202300011618.0;1;50;50129;2;2;1.0;3.0;49,64748000; -1,65086000;
202300011619.0;1;93;93027;1;1;2.0;2.0;48,92470000;2,39135000;
202300011620.0;1;49;49007;2;1;2.0;6.0;47,48599000; -0,51193000;
202300011621.0;5;47;47001;2;2;3.0;3.0;44,20025000;0,61188000;
202300011622.0;1;47;47001;2;3;2.0;6.0;44,20546098;0,62859071;
202300011623.0;5;94;94017;1;1;1.0;4.0;48,82664869;2,51379240;
202300011624.0;1;45;45147;2;1;1.0;6.0;47,92660000;1,90770000;
202300011625.0;3;94;94028;1;1;2.0;4.0;48,78200276;2,44056815;
202300011626.0;1;42;42187;2;6;1.0;3.0;46,04356000;4,06763000;
202300011627.0;3;73;73011;1;1;1.0;6.0;45,66123000;6,38316000;
202300011628.0;3;974;97411;1;9;1.0;7.0; -20,92239000;55,40272000;
202300011629.0;1;974;97411;2;1;1.0;3.0; -20,89186000;55,47060000;
202300011630.0;1;37;37261;2;6;1.0;7.0;47,41860000;0,69269000;
202300011631.0;1;974;97411;2;1;1.0;3.0; -20,89647000;55,46698000;
202300011632.0;1;37;37261;2;1;1.0;6.0;47,36380000;0,69952000;
202300011633.0;1;37;37261;2;1;2.0;2.0;47,40095000;0,68492000;
202300011634.0;1;974;97411;2;1;1.0;6.0; -20,89010000;55,46148000;
202300011635.0;3;973;97309;1;1;3.0;1.0;4,91356487; -52,30847239;
202300011636.0;1;35;35238;2;6;3.0;7.0;48,12755000; -1,65134000;
202300011637.0;1;972;97209;2;1;1.0;1.0;14,62045000; -61,04345000;
202300011638.0;1;972;97209;2;1;1.0;6.0;14,61239800; -61,07171000;
202300011639.0;1;35;35051;1;1;2.0;6.0;48,14168294; -1,62781656;
202300011640.0;1;69;69149;2;1;1.0;7.0;45,71555552;4,80471163;
202300011641.0;2;69;69389;2;1;1.0;3.0;45,77940000;4,79914000;
202300011642.0;2;35;35238;2;6;8.0;2.0;48,08661000; -1,66107000;
202300011643.0;4;90;90010;2;1;2.0;7.0;47,63947300;6,83923900;
202300011644.0;5;35;35238;2;9;2.0;6.0;48,09294000; -1,64758000;
202300011645.0;5;76;76484;1;6;1.0;6.0;49,34553641;1,07718945;
202300011646.0;2;34;34108;1;1;1.0;5.0;43,42068000;3,73614000;
202300011647.0;5;76;76540;2;2;1.0;3.0;49,43329000;1,08529000;
202300011648.0;1;69;69259;2;1;1.0;2.0;45,70700984;4,86515327;
202300011649.0;1;59;59367;2;1;8.0;7.0;50,67363581;3,20262194;
202300011650.0;5;33;33063;2;2;2.0;3.0;44,86593000; -0,56110000;
202300011651.0;1;59;59009;2;2;1.0;3.0;50,61906000;3,14224000;
202300011652.0;2;33;33063;2;3;1.0;3.0;44,83771000; -0,59909000;
202300011653.0;1;51;51230;2;1;1.0;3.0;49,04121104;3,95319253;
202300011654.0;1;29;29254;1;1;1.0;6.0;48,58699116; -3,84789340;
202300011655.0;2;50;50129;2;9;1.0;3.0;49,62902000; -1,64118000;
202300011656.0;3;45;45169;2;4;1.0;3.0;47,90067000;1,85099000;
202300011657.0;1;29;29019;2;2;1.0;3.0;48,41020300; -4,51480200;
202300011658.0;3;37;37195;1;1;1.0;1.0;47,37690000;0,65231000;
202300011659.0;3;29;29019;2;3;2.0;3.0;48,37352100; -4,52560300;
202300011660.0;1;34;34172;2;3;1.0;3.0;43,61805000;3,84405000;
202300011661.0;1;31;31483;2;1;1.0;6.0;43,10964000;0,72945000;
202300011662.0;1;28;28070;1;1;3.0;3.0;48,46879000;1,51855000;
202300011663.0;1;27;27701;1;9;2.0;6.0;49,25150000;1,18510000;
202300011664.0;5;25;25462;1;1;2.0;1.0;46,90496400;6,33033000;
202300011665.0;1;27;27701;2;1;3.0;6.0;49,26155600;1,20738800;
202300011666.0;3;22;22187;2;1;1.0;6.0;48,52352000; -2,75280000;
202300011667.0;5;26;26362;2;1;2.0;3.0;44,90500000;4,88400000;
202300011668.0;5;13;13202;2;2;1.0;3.0;43,31650000;5,36842000;
202300011669.0;1;25;25056;2;1;2.0;2.0;47,25391000;5,99002000;
202300011670.0;1;13;13213;2;1;1.0;5.0;43,31522866;5,40362590;
202300011671.0;1;25;25056;2;1;2.0;3.0;47,21748400;5,94954100;
202300011672.0;1;13;13212;2;1;1.0;6.0;43,31392389;5,46293117;
202300011673.0;1;19;19272;2;1;2.0;7.0;45,26786606;1,77233827;
202300011674.0;1;13;13208;2;6;1.0;3.0;43,24616100;5,39458622;
202300011675.0;1;07;07019;2;1;1.0;6.0;44,62603000;4,37883000;
202300011676.0;5;06;06069;2;4;2.0;6.0;43,66370900;6,92757600;
202300011677.0;5;13;13205;2;9;2.0;6.0;43,28678478;5,39988935;
202300011678.0;5;01;01053;2;1;1.0;1.0;46,20656000;5,21972000;
202300011679.0;5;91;91687;2;1;1.0;3.0;48,67953000;2,38124000;
202300011680.0;1;13;13028;2;1;1.0;6.0;43,17514000;5,61004000;
202300011681.0;5;13;13205;2;9;3.0;1.0;43,29650000;5,39758000;
202300011682.0;1;988;98818;2;2;1.0;3.0; -22,26752000;166,43739000;
202300011683.0;1;976;97611;2;9;3.0;6.0; -12,77814000;45,21931000;
202300011684.0;1;13;13209;2;1;1.0;1.0;43,27342998;5,39885805;
202300011685.0;1;973;97309;2;3;1.0;3.0;4,91520569; -52,31077239;
202300011686.0;5;10;10343;2;1;2.0;7.0;48,26740000;4,08900000;
202300011687.0;1;972;97209;2;3;1.0;3.0;14,61451000; -61,05131000;
202300011688.0;1;09;09122;2;1;1.0;6.0;42,94786000;1,62633000;
202300011689.0;1;2A;2A004;2;1;1.0;2.0;41,94567000;8,77024000;
202300011690.0;1;06;06069;1;1;2.0;3.0;43,65235500;6,95156500;
202300011691.0;2;81;81004;2;1;1.0;3.0;43,92492000;2,15064000;
202300011692.0;1;06;06069;2;1;1.0;4.0;43,64530700;6,94364900;
202300011693.0;1;74;74133;2;3;1.0;3.0;46,19054445;6,21144294;
202300011694.0;5;71;71306;2;2;1.0;1.0;46,67380000;4,37389000;
202300011695.0;1;04;04070;1;1;1.0;1.0;44,10705000;6,25766000;
202300011696.0;2;71;71486;2;3;1.0;3.0;46,64878000;4,36598000;
202300011697.0;5;75;75120;2;1;2.0;3.0;48,87142800;2,41300200;
202300011698.0;1;69;69266;2;6;8.0;6.0;45,77235382;4,86639037;
202300011699.0;5;68;68166;2;1;1.0;6.0;47,79055000;7,34325000;
202300011700.0;1;75;75112;2;1;1.0;5.0;48,82864200;2,39888900;
202300011701.0;1;65;65440;2;2;1.0;2.0;43,23843900;0,08187300;
202300011702.0;5;75;75120;2;1;2.0;2.0;48,86350200;2,41340800;
202300011703.0;1;65;65286;2;6;1.0;6.0;43,09945000; -0,04550000;
202300011704.0;1;64;64445;2;9;1.0;6.0;43,32076000; -0,34500000;
202300011705.0;5;62;62826;2;2;1.0;3.0;50,51869000;1,58587000;
202300011706.0;2;75;75120;2;1;2.0;3.0;48,84742800;2,41456000;
202300011707.0;5;59;59599;2;2;1.0;7.0;50,73695000;3,16218000;
202300011708.0;3;59;59271;1;1;8.0;6.0;51,02326988;2,30754465;
202300011709.0;1;75;75117;2;1;1.0;5.0;48,88261200;2,28349700;
202300011710.0;5;51;51454;2;2;1.0;3.0;49,25213700;4,03220800;
202300011711.0;1;75;75116;2;3;1.0;3.0;48,85515700;2,27529600;
202300011712.0;1;38;38179;1;9;1.0;7.0;45,18518000;5,79873000;
202300011713.0;5;33;33063;2;1;1.0;2.0;44,87528000; -0,56466000;
202300011714.0;1;75;75119;2;3;1.0;6.0;48,88433150;2,39129609;
202300011715.0;5;33;33063;2;1;1.0;2.0;44,83210000; -0,57843000;
202300011716.0;1;33;33522;2;1;1.0;2.0;44,80952000; -0,59129000;
202300011717.0;5;75;75118;2;3;2.0;6.0;48,88661700;2,33263466;
202300011718.0;5;33;33529;2;6;1.0;6.0;44,64811515; -1,15267128;
202300011719.0;1;31;31557;2;9;1.0;7.0;43,58068600;1,33678300;
202300011720.0;1;31;31555;2;1;1.0;6.0;43,57713000;1,44054000;
202300011721.0;1;75;75117;2;1;2.0;4.0;48,89460100;2,30512700;
202300011722.0;3;29;29019;2;1;1.0;2.0;48,38423700; -4,50085300;
202300011723.0;1;29;29019;2;3;1.0;3.0;48,39943238; -4,46795063;
202300011724.0;1;75;75115;2;2;1.0;6.0;48,84476400;2,28390500;
202300011725.0;1;75;75111;2;3;1.0;3.0;48,85914000;2,37946900;
202300011726.0;1;22;22187;1;1;1.0;7.0;48,54499000; -2,78762000;
202300011727.0;1;75;75110;2;3;1.0;2.0;48,87705400;2,36383600;
202300011728.0;1;16;16089;2;1;1.0;6.0;45,68686600; -0,30905200;
202300011729.0;1;75;75108;2;3;1.0;6.0;48,87495400;2,30104700;
202300011730.0;1;75;75108;2;3;8.0;3.0;48,86439000;2,32031100;
202300011731.0;5;75;75108;2;1;2.0;7.0;48,86721200;2,30680400;
202300011732.0;1;75;75101;2;3;1.0;7.0;48,86631000;2,32416500;
202300011733.0;1;75;75101;2;3;1.0;6.0;48,85908900;2,34639200;
202300011734.0;1;75;75103;2;2;2.0;3.0;48,86546300;2,35608800;
202300011735.0;5;94;94078;2;1;3.0;3.0;48,72735000;2,44539000;
202300011736.0;5;94;94068;2;3;2.0;3.0;48,80776000;2,50911000;
202300011737.0;5;94;94046;2;9;2.0;3.0;48,80747349;2,43754399;
202300011738.0;1;94;94043;2;9;1.0;1.0;48,80608900;2,34591400;
202300011739.0;1;94;94016;2;1;1.0;2.0;48,79293490;2,33603185;
202300011740.0;1;94;94033;2;6;1.0;3.0;48,85270000;2,48160000;
202300011741.0;3;94;94028;1;7;2.0;3.0;48,80418400;2,45736100;
202300011742.0;5;94;94079;2;1;2.0;6.0;48,83298000;2,54589000;
202300011743.0;5;94;94069;2;1;2.0;7.0;48,81693343;2,45226055;
202300011744.0;1;93;93032;2;1;2.0;6.0;48,87933100;2,54671600;
202300011745.0;5;93;93031;2;3;2.0;1.0;48,94440000;2,33770000;
202300011746.0;3;93;93031;2;2;3.0;6.0;48,95467000;2,30798600;
202300011747.0;5;93;93001;2;2;2.0;3.0;48,91776700;2,37481300;
202300011748.0;1;92;92078;2;1;2.0;2.0;48,93621918;2,33317089;
202300011749.0;5;92;92078;2;9;2.0;4.0;48,92423478;2,32904471;
202300011750.0;1;92;92076;2;6;1.0;3.0;48,84331220;2,17444217;
202300011751.0;2;92;92063;2;2;2.0;6.0;48,86801640;2,19307914;
202300011752.0;1;92;92051;2;3;1.0;2.0;48,88155000;2,25238000;
202300011753.0;1;92;92050;2;1;1.0;3.0;48,90419000;2,20635000;
202300011754.0;5;92;92040;2;1;1.0;3.0;48,82750204;2,27680291;
202300011755.0;1;75;75107;2;3;1.0;6.0;48,86262800;2,31903200;
202300011756.0;5;75;75104;2;3;2.0;1.0;48,85430300;2,36374800;
202300011757.0;5;94;94081;2;3;3.0;3.0;48,80365300;2,37743500;
202300011758.0;1;94;94068;2;3;1.0;2.0;48,78762000;2,51791000;
202300011759.0;5;94;94003;2;1;3.0;2.0;48,80071800;2,33338800;
202300011760.0;1;94;94021;2;1;1.0;2.0;48,77323000;2,36745300;
202300011761.0;1;94;94034;2;9;2.0;3.0;48,76055700;2,31830809;
202300011762.0;5;94;94073;2;1;2.0;5.0;48,75913511;2,39506607;
202300011763.0;1;94;94017;2;2;1.0;1.0;48,80632000;2,53008300;
202300011764.0;1;94;94017;2;1;1.0;3.0;48,82152251;2,48903538;
202300011765.0;1;93;93078;2;9;1.0;3.0;48,96513400;2,53919500;
202300011766.0;1;93;93031;2;3;1.0;3.0;48,95824000;2,29524000;
202300011767.0;1;93;93066;2;1;2.0;7.0;48,93891900;2,37001700;
202300011768.0;5;93;93005;2;2;1.0;1.0;48,94326000;2,49322000;
202300011769.0;1;92;92075;2;6;1.0;6.0;48,82554000;2,29261000;
202300011770.0;1;92;92063;2;1;1.0;3.0;48,86174000;2,19604100;
202300011771.0;1;92;92050;2;1;8.0;3.0;48,90643783;2,22437203;
202300011772.0;1;92;92040;2;9;2.0;6.0;48,82456606;2,27094457;
202300011773.0;1;92;92036;2;3;2.0;6.0;48,93369830;2,31342539;
202300011774.0;1;92;92025;2;2;1.0;2.0;48,91492200;2,25288300;
202300011775.0;3;92;92025;2;1;1.0;4.0;48,93358100;2,25230900;
202300011776.0;1;92;92012;2;2;2.0;3.0;48,84108692;2,22511232;
202300011777.0;1;92;92007;2;3;1.0;3.0;48,80123700;2,30743000;
202300011778.0;1;92;92004;2;2;1.0;5.0;48,91101000;2,29858000;
202300011779.0;1;39;39097;1;1;1.0;1.0;46,74209100;5,92839300;
202300011780.0;3;50;50237;2;3;1.0;6.0;48,80182900; -1,39618100;
202300011781.0;3;51;51141;1;1;1.0;7.0;48,84244200;4,50935100;
202300011782.0;3;83;83023;1;1;1.0;3.0;43,42114466;6,07659089;
202300011783.0;5;974;97422;2;1;1.0;2.0; -21,24519200;55,51428100;
202300011784.0;1;51;51217;2;1;1.0;7.0;49,06666100;3,64581900;
202300011785.0;3;30;30331;1;1;1.0;6.0;44,12515000;4,61452100;
202300011786.0;1;66;66028;2;1;1.0;1.0;42,67502400;2,93884800;
202300011787.0;2;51;51009;1;1;1.0;7.0;48,59123500;3,82458900;
202300011788.0;5;51;51117;2;1;1.0;7.0;48,97210329;4,16700214;
202300011789.0;1;19;19013;1;1;1.0;3.0;45,17615674;1,67319037;
202300011790.0;2;56;56177;1;4;1.0;6.0;47,78243100; -3,02189000;
202300011791.0;1;80;80677;1;1;1.0;6.0;49,94722900;3,10131400;
202300011792.0;1;32;32462;1;1;1.0;6.0;43,79444600;0,30515500;
202300011793.0;1;55;55520;1;1;1.0;4.0;48,69421500;5,67608500;
202300011794.0;1;12;12101;1;4;1.0;2.0;44,59880200;2,24815200;
202300011795.0;1;12;12094;1;1;1.0;7.0;44,65599300;2,54508400;
202300011796.0;1;41;41059;1;1;1.0;3.0;47,40023700;1,41358900;
202300011797.0;2;44;44211;2;1;2.0;6.0;47,35026900; -2,48077200;
202300011798.0;1;31;31107;1;1;1.0;1.0;43,32364000;1,21854900;
202300011799.0;1;03;03045;1;1;8.0;6.0;46,10044300;3,51310400;
202300011800.0;1;70;70490;1;1;1.0;1.0;47,71926800;6,30367400;
202300011801.0;3;50;50452;1;1;1.0;6.0;48,56567800; -1,10172800;
202300011802.0;3;10;10103;1;1;1.0;7.0;48,24833700;4,80084300;
202300011803.0;1;24;24547;2;3;1.0;3.0;45,12706800;1,29509700;
202300011804.0;3;30;30341;1;1;9.0;6.0;43,64455000;4,31161600;
202300011805.0;1;77;77354;1;1;1.0;2.0;48,47114400;2,87408800;
202300011806.0;1;01;01077;1;1;2.0;6.0;46,11471000;5,47196400;
202300011807.0;1;34;34255;2;1;1.0;3.0;43,68995600;3,80743100;
202300011808.0;1;69;69288;1;1;1.0;6.0;45,69039400;5,06201000;
202300011809.0;3;987;98745;1;1;1.0;6.0; -16,62000000; -151,49600000;
202300011810.0;3;34;34146;1;1;1.0;4.0;43,68957800;4,06352000;
202300011811.0;3;78;78003;1;1;1.0;6.0;48,53056000;1,85012300;
202300011812.0;2;987;98733;2;1;1.0;6.0; -17,69041300; -149,57971600;
202300011813.0;1;988;98802;2;3;1.0;3.0; -21,86179000;166,04642000;
202300011814.0;1;973;97305;1;3;1.0;2.0;4,93764900; -52,40931300;
202300011815.0;3;84;84136;1;1;1.0;7.0;44,12907600;4,99571100;
202300011816.0;1;13;13110;1;1;1.0;1.0;43,48847800;5,66958900;
202300011817.0;3;21;21183;1;1;1.0;6.0;47,22402800;5,25950600;
202300011818.0;1;67;67544;2;3;1.0;3.0;49,02952600;7,94814700;
202300011819.0;1;67;67101;1;3;1.0;3.0;48,52282600;7,50593100;
202300011820.0;1;63;63203;1;1;1.0;3.0;45,84387466;3,05945544;
202300011821.0;1;38;38087;2;2;1.0;3.0;45,58173500;4,79771000;
202300011822.0;2;33;33417;1;1;1.0;6.0;45,00516800; -0,90096500;
202300011823.0;5;29;29087;1;1;2.0;1.0;48,03478234; -4,24420650;
202300011824.0;1;27;27448;1;1;1.0;6.0;49,00819900;1,40520400;
202300011825.0;1;33;33122;1;1;1.0;4.0;44,74832000; -0,69827000;
202300011826.0;1;33;33550;1;1;1.0;3.0;44,78215996; -0,58431387;
202300011827.0;1;91;91521;1;1;1.0;4.0;48,63810600;2,39665900;
202300011828.0;1;91;91689;1;1;1.0;4.0;48,74810000;2,32704000;
202300011829.0;1;78;78545;1;1;1.0;2.0;48,81954800;2,06750000;
202300011830.0;3;78;78466;1;1;2.0;3.0;48,92757000;1,99156000;
202300011831.0;1;93;93053;1;1;1.0;3.0;48,89605238;2,47019827;
202300011832.0;3;77;77384;1;1;2.0;2.0;48,60390200;2,63366500;
202300011833.0;3;93;93051;1;1;2.0;6.0;48,83660000;2,54514000;
202300011834.0;1;974;97416;1;4;1.0;3.0; -21,32255000;55,48497000;
202300011835.0;1;974;97416;2;3;1.0;1.0; -21,33707000;55,48016000;
202300011836.0;5;974;97407;2;1;1.0;7.0; -20,94548200;55,31751800;
202300011837.0;1;69;69388;2;2;1.0;6.0;45,73256895;4,88162773;