Num_Acc;lum;departement;commune;agglomeration;intersection;meteo;type_collision;lat;long;date
202300011838.0;1;972;97209;1;1;3.0;6.0;14,61324000; -61,06700000;
202300011839.0;1;69;69385;2;1;1.0;3.0;45,75446000;4,78457000;
202300011840.0;1;2B;2B033;2;6;1.0;3.0;42,70296000;9,44659000;
202300011841.0;1;971;97101;2;1;1.0;3.0;16,25748000; -61,53064000;
202300011842.0;2;95;95598;2;6;1.0;3.0;48,99024000;2,29648000;
202300011843.0;1;91;91103;2;2;2.0;3.0;48,61253200;2,27824300;
202300011844.0;1;83;83126;2;6;1.0;6.0;43,08513182;5,85822657;
202300011845.0;2;83;83069;2;1;1.0;6.0;43,10786000;6,12670000;
202300011846.0;1;83;83141;1;1;1.0;3.0;43,49493600;6,51023400;
202300011847.0;1;82;82121;2;3;2.0;6.0;44,02097000;1,35464000;
202300011848.0;5;80;80021;2;1;1.0;6.0;49,91244000;2,30986000;
202300011849.0;1;80;80021;2;2;1.0;3.0;49,87911000;2,33533000;
202300011850.0;1;78;78146;2;2;8.0;3.0;48,88978800;2,15638000;
202300011851.0;1;78;78498;2;1;1.0;6.0;48,92228000;2,03815000;
202300011852.0;1;77;77083;2;1;1.0;3.0;48,84421807;2,58319509;
202300011853.0;5;76;76351;2;1;1.0;7.0;49,50140000;0,08878000;
202300011854.0;1;76;76349;1;3;1.0;3.0;49,89246200;1,03999000;
202300011855.0;1;76;76114;2;1;1.0;6.0;49,56755000;0,47260000;
202300011856.0;2;71;71040;2;3;1.0;1.0;46,69876000;4,37861000;
202300011857.0;5;69;69266;2;1;1.0;4.0;45,77080000;4,87238000;
202300011858.0;1;69;69266;2;2;1.0;3.0;45,77108000;4,88700000;
202300011859.0;1;69;69286;2;1;1.0;4.0;45,82321186;4,90805676;
202300011860.0;1;69;69013;1;1;1.0;2.0;46,00975000;4,72557000;
202300011861.0;1;69;69029;2;1;1.0;2.0;45,73685002;4,91117209;
202300011862.0;1;69;69259;2;2;1.0;6.0;45,70837000;4,88704000;
202300011863.0;2;67;67482;2;1;1.0;3.0;48,57338000;7,75540000;
202300011864.0;1;67;67043;2;1;1.0;3.0;48,61379800;7,75366900;
202300011865.0;1;67;67462;2;1;1.0;6.0;48,25950000;7,45069000;
202300011866.0;5;64;64445;2;1;1.0;6.0;43,30600000; -0,37600000;
202300011867.0;1;64;64335;1;2;1.0;3.0;43,34702000; -0,43595000;
202300011868.0;1;64;64024;2;1;1.0;7.0;43,48133000; -1,51110000;
202300011869.0;1;64;64102;2;1;1.0;2.0;43,46378000; -1,49554000;
202300011870.0;1;63;63113;2;1;1.0;2.0;45,80334000;3,11740000;
202300011871.0;1;63;63113;2;1;1.0;6.0;45,77639000;3,07549000;
202300011872.0;1;62;62587;2;1;1.0;3.0;50,43100700;2,92219700;
202300011873.0;5;59;59350;2;3;1.0;3.0;50,63333000;3,06666000;
202300011874.0;1;59;59328;2;3;1.0;3.0;50,63690000;3,02521000;
202300011875.0;1;57;57566;2;9;1.0;7.0;48,74280931;7,08814859;
202300011876.0;1;56;56260;2;1;1.0;2.0;47,64774000; -2,78178000;
202300011877.0;2;56;56083;2;6;1.0;6.0;47,80860000; -3,25573000;
202300011878.0;1;56;56121;2;1;2.0;1.0;47,73751000; -3,39190000;
202300011879.0;1;54;54323;1;1;1.0;6.0;49,51696600;5,75012800;
202300011880.0;1;51;51454;2;1;1.0;3.0;49,25168000;4,02834000;
202300011881.0;4;47;47201;2;9;1.0;6.0;44,19370000;0,60723000;
202300011882.0;5;44;44190;2;1;1.0;4.0;47,19717000; -1,49879000;
202300011883.0;1;43;43041;2;1;1.0;4.0;45,05034000;3,91338000;
202300011884.0;5;37;37261;2;6;8.0;3.0;47,39465000;0,70473000;
202300011885.0;1;35;35278;2;9;1.0;3.0;48,13670300; -1,69232900;
202300011886.0;1;35;35238;2;2;2.0;3.0;48,09716500; -1,67699400;
202300011887.0;1;33;33281;2;1;2.0;6.0;44,81634000; -0,69953000;
202300011888.0;5;33;33522;2;3;2.0;1.0;44,79830000; -0,59987000;
202300011889.0;5;31;31555;2;3;1.0;3.0;43,64386000;1,46848000;
202300011890.0;2;31;31555;1;1;1.0;2.0;43,65359900;1,42694600;
202300011891.0;2;31;31555;2;1;2.0;1.0;43,57514900;1,43613700;
202300011892.0;1;30;30007;2;1;1.0;1.0;44,13120000;4,09640000;
202300011893.0;1;25;25031;2;1;1.0;1.0;47,48882000;6,82785000;
202300011894.0;1;22;22113;2;2;2.0;3.0;48,72730000; -3,44692000;
202300011895.0;1;17;17306;2;6;2.0;6.0;45,63945000; -1,02560000;
202300011896.0;1;15;15014;2;1;1.0;6.0;44,91659000;2,43661000;
202300011897.0;1;14;14118;2;9;1.0;6.0;49,16663800; -0,35096500;
202300011898.0;5;14;14118;2;2;1.0;1.0;49,18151800; -0,35889700;
202300011899.0;1;14;14118;2;6;1.0;3.0;49,20142500; -0,38373900;
202300011900.0;3;13;13039;2;1;1.0;2.0;43,47146000;4,95009000;
202300011901.0;5;13;13208;2;1;1.0;1.0;43,27616415;5,39709346;
202300011902.0;5;13;13211;2;1;1.0;1.0;43,28917755;5,42664105;
202300011903.0;1;13;13204;2;8;1.0;6.0;43,29892000;5,40214000;
202300011904.0;2;13;13047;1;1;1.0;1.0;43,54411000;4,95543000;
202300011905.0;1;13;13005;2;1;8.0;6.0;43,28687534;5,55329029;
202300011906.0;1;11;11262;2;3;1.0;3.0;43,18279000;2,97916000;
202300011907.0;1;11;11069;1;3;1.0;4.0;43,21186000;2,31741000;
202300011908.0;1;06;06069;2;4;1.0;1.0;43,66662300;6,93640000;
202300011909.0;1;06;06029;2;1;1.0;3.0;43,55262800;6,97679300;
202300011910.0;1;01;01344;2;3;1.0;3.0;46,20121000;5,20335000;
202300011911.0;1;75;75114;2;1;1.0;2.0;48,82067800;2,32314500;
202300011912.0;1;75;75120;2;1;1.0;4.0;48,87737700;2,40915700;
202300011913.0;1;75;75119;2;2;1.0;5.0;48,87677000;2,39560000;
202300011914.0;5;75;75120;2;3;1.0;6.0;48,86329200;2,39971900;
202300011915.0;1;75;75119;2;1;2.0;2.0;48,88950800;2,36955500;
202300011916.0;1;75;75119;2;1;1.0;3.0;48,88888100;2,39685400;
202300011917.0;5;75;75118;2;1;2.0;2.0;48,89861200;2,36319300;
202300011918.0;1;75;75118;2;2;1.0;3.0;48,89479600;2,34076000;
202300011919.0;1;75;75117;2;1;1.0;7.0;48,89206500;2,30782700;
202300011920.0;1;75;75110;2;2;1.0;3.0;48,87973900;2,35869600;
202300011921.0;3;75;75109;2;3;1.0;2.0;48,87201100;2,34006300;
202300011922.0;1;75;75107;2;3;1.0;3.0;48,86260800;2,31907500;
202300011923.0;1;75;75101;2;3;1.0;6.0;48,86198100;2,35019100;
202300011924.0;5;75;75104;2;2;1.0;3.0;48,85333000;2,35781200;
202300011925.0;1;75;75104;2;1;1.0;6.0;48,84773200;2,36426100;
202300011926.0;1;94;94080;2;1;1.0;3.0;48,84226906;2,43324798;
202300011927.0;4;93;93066;2;1;1.0;2.0;48,94181600;2,34616800;
202300011928.0;1;93;93053;2;1;1.0;3.0;48,88999530;2,45350608;
202300011929.0;1;93;93032;2;2;1.0;3.0;48,86772200;2,55928900;
202300011930.0;1;93;93014;2;8;1.0;6.0;48,90449000;2,55280000;
202300011931.0;5;93;93070;2;2;2.0;3.0;48,91792000;2,32953000;
202300011932.0;2;92;92022;2;2;2.0;3.0;48,80731233;2,18786448;
202300011933.0;5;92;92072;2;1;2.0;7.0;48,82442833;2,21219346;
202300011934.0;1;92;92064;2;1;1.0;6.0;48,84851000;2,20302000;
202300011935.0;2;92;92044;2;1;2.0;6.0;48,89763065;2,28282407;
202300011936.0;1;92;92036;2;2;1.0;3.0;48,91710688;2,30314784;
202300011937.0;1;92;92026;2;9;1.0;2.0;48,89199000;2,25863000;
202300011938.0;1;92;92025;2;1;1.0;6.0;48,93322600;2,26677100;
202300011939.0;1;92;92002;2;4;1.0;3.0;48,73410600;2,31314600;
202300011940.0;1;24;24202;1;4;1.0;1.0;45,20051000;1,13833000;
202300011941.0;1;38;38536;1;1;1.0;7.0;45,42441900;4,88375500;
202300011942.0;1;973;97353;2;3;1.0;3.0;3,64167500; -54,03244600;
202300011943.0;1;41;41194;2;2;1.0;3.0;47,35332900;1,74995900;
202300011944.0;1;28;28088;2;1;1.0;7.0;48,07057300;1,32242600;
202300011945.0;4;974;97405;1;1;1.0;3.0; -21,36950100;55,58163600;
202300011946.0;5;972;97223;2;1;1.0;6.0;14,55967000; -60,94151600;
202300011947.0;3;52;52312;1;1;1.0;2.0;47,88281385;5,22155151;
202300011948.0;1;71;71391;2;1;1.0;3.0;46,82462100;4,60019000;
202300011949.0;2;63;63003;1;1;1.0;7.0;45,57912782;3,73799505;
202300011950.0;1;61;61241;1;4;1.0;1.0;48,46125400;0,89277900;
202300011951.0;2;49;49055;2;4;1.0;6.0;47,53559000; -0,56847500;
202300011952.0;1;46;46297;1;9;2.0;3.0;44,68179000;1,24340700;
202300011953.0;1;22;22189;1;1;1.0;6.0;48,44276800; -3,09591300;
202300011954.0;1;62;62224;1;3;1.0;3.0;50,54304000;2,55081000;
202300011955.0;1;39;39404;1;1;1.0;6.0;46,69193000;5,61004400;
202300011956.0;3;35;35018;1;1;1.0;6.0;48,44357666; -1,08425081;
202300011957.0;1;59;59426;2;2;1.0;3.0;50,74932298;3,15491080;
202300011958.0;1;59;59350;2;1;1.0;7.0;50,63268000;3,06412000;
202300011959.0;1;35;35211;1;1;1.0;1.0;47,98768100; -2,14349300;
202300011960.0;3;15;15003;1;1;1.0;7.0;45,15791800;2,34445000;
202300011961.0;1;54;54304;2;4;1.0;3.0;48,69317000;6,13000000;
202300011962.0;1;14;14644;1;3;1.0;3.0;49,18765431;0,29984686;
202300011963.0;1;54;54395;2;1;1.0;6.0;48,69018598;6,17234766;
202300011964.0;1;43;43224;1;3;1.0;1.0;45,24373400;4,21479100;
202300011965.0;1;51;51454;2;9;1.0;3.0;49,24016000;4,04171000;
202300011966.0;1;49;49328;2;1;2.0;7.0;47,25253000; -0,08296000;
202300011967.0;2;01;01160;2;2;1.0;3.0;46,25551300;6,10206300;
202300011968.0;3;49;49015;2;1;1.0;7.0;47,49557000; -0,59829000;
202300011969.0;2;69;69204;2;1;1.0;6.0;45,69551617;4,79106225;
202300011970.0;3;40;40206;1;3;1.0;3.0;43,51907500; -1,10666600;
202300011971.0;1;69;69049;2;1;1.0;1.0;45,87491900;4,77386400;
202300011972.0;1;49;49007;2;2;1.0;2.0;47,45063000; -0,55279000;
202300011973.0;3;81;81142;1;3;1.0;6.0;43,51453855;2,06670642;
202300011974.0;5;47;47001;2;3;1.0;3.0;44,20136000;0,61206000;
202300011975.0;1;87;87012;1;1;1.0;1.0;46,07615600;1,09638000;
202300011976.0;1;65;65426;1;2;2.0;3.0;43,21798200;0,22260200;
202300011977.0;1;81;81105;1;1;7.0;1.0;43,78546100;2,03570900;
202300011978.0;1;45;45068;2;1;1.0;2.0;48,00666662;2,73939988;
202300011979.0;1;66;66141;2;1;1.0;6.0;42,73150500;2,90954800;
202300011980.0;1;87;87129;1;1;1.0;1.0;45,83018600;1,42300800;
202300011981.0;1;44;44184;2;1;1.0;1.0;47,25883000; -2,27763000;
202300011982.0;1;57;57235;1;3;1.0;1.0;49,29025500;6,48230900;
202300011983.0;1;79;79184;1;2;7.0;3.0;46,35349600; -0,11848400;
202300011984.0;1;17;17308;1;1;1.0;7.0;45,85959100; -0,97701100;
202300011985.0;5;76;76655;2;7;1.0;3.0;49,86887900;0,71316700;
202300011986.0;2;978;97801;2;3;1.0;2.0;18,08679600; -63,06607800;
202300011987.0;5;44;44109;2;3;1.0;3.0;47,22371000; -1,53813000;
202300011988.0;1;80;80318;2;1;1.0;6.0;50,01507500;2,08085500;
202300011989.0;1;43;43002;2;1;1.0;3.0;45,05071192;3,88258910;
202300011990.0;1;33;33553;2;1;1.0;6.0;45,02799000; -0,44172200;
202300011991.0;1;42;42218;2;1;1.0;6.0;45,44405815;4,36975569;
202300011992.0;3;63;63227;1;1;1.0;1.0;45,68119400;3,21618300;
202300011993.0;3;13;13044;1;1;1.0;1.0;43,60748600;5,05658600;
202300011994.0;3;33;33085;1;1;1.0;6.0;44,76846900; -0,46002300;
202300011995.0;1;41;41018;2;2;1.0;1.0;47,56926000;1,33876000;
202300011996.0;5;61;61167;2;1;2.0;6.0;48,84192600;0,50845000;
202300011997.0;1;33;33233;1;1;1.0;7.0;45,10832400; -0,35967500;
202300011998.0;1;41;41018;2;9;1.0;6.0;47,58400000;1,32200000;
202300011999.0;1;38;38185;2;2;1.0;3.0;45,16727000;5,72673000;
202300012000.0;1;61;61457;1;2;2.0;3.0;48,79061900;0,59679100;
202300012001.0;5;35;35238;2;3;1.0;6.0;48,08347000; -1,66092000;
202300012002.0;2;30;30344;1;1;1.0;5.0;43,75116000;4,21738200;
202300012003.0;1;61;61433;1;1;1.0;3.0;48,49903300; -0,02686500;
202300012004.0;1;22;22029;1;1;8.0;3.0;48,34489800; -3,08343000;
202300012005.0;1;56;56176;1;1;1.0;3.0;47,64041000; -2,95891600;
202300012006.0;1;971;97116;1;1;1.0;1.0;16,35555600; -61,45595300;
202300012007.0;2;22;22251;2;1;7.0;6.0;48,57265100; -2,81918400;
202300012008.0;1;29;29066;1;1;7.0;1.0;48,06394900; -4,20116200;
202300012009.0;2;29;29004;1;1;8.0;6.0;47,93980300; -3,67123100;
202300012010.0;1;35;35238;2;1;1.0;4.0;48,10698940; -1,71721190;
202300012011.0;1;22;22259;2;1;7.0;6.0;48,44726900; -2,07593900;
202300012012.0;1;971;97107;2;3;8.0;6.0;16,00150500; -61,60067200;
202300012013.0;1;29;29105;2;6;1.0;3.0;48,51581803; -4,05374394;
202300012014.0;1;34;34172;2;1;1.0;3.0;43,59984900;3,86667300;
202300012015.0;1;22;22178;1;3;1.0;1.0;48,68858800; -3,02311800;
202300012016.0;1;2B;2B332;1;1;1.0;1.0;42,60920900;9,13988500;
202300012017.0;1;84;84133;1;1;1.0;3.0;43,72641300;5,55852400;
202300012018.0;1;33;33039;2;2;1.0;3.0;44,80777000; -0,55651000;
202300012019.0;1;2B;2B169;2;1;1.0;2.0;42,46225200;9,20620000;
202300012020.0;2;72;72115;1;1;1.0;3.0;47,67967700;0,47025600;
202300012021.0;1;22;22210;1;3;7.0;2.0;48,79149300; -3,04599200;
202300012022.0;1;29;29039;2;1;1.0;3.0;47,87717300; -3,91938800;
202300012023.0;1;2B;2B182;1;1;1.0;3.0;42,63834700;8,98270700;
202300012024.0;1;72;72346;2;1;1.0;6.0;47,88939500;0,02729700;
202300012025.0;2;25;25056;2;1;1.0;6.0;47,25459000;6,04718000;
202300012026.0;1;62;62366;1;1;1.0;1.0;50,40908755;2,56886530;
202300012027.0;3;62;62867;1;1;1.0;6.0;50,78564400;1,66677800;
202300012028.0;1;34;34033;1;1;1.0;1.0;43,74659900;4,09154900;
202300012029.0;1;13;13117;2;3;1.0;6.0;43,43886000;5,26139000;
202300012030.0;2;18;18054;1;1;1.0;4.0;46,88379400;2,76606600;
202300012031.0;1;59;59563;1;1;1.0;2.0;50,16870000;3,95349000;
202300012032.0;1;83;83071;1;3;1.0;3.0;43,12853600;6,21279000;
202300012033.0;2;13;13071;1;1;3.0;2.0;43,40428488;5,31541488;
202300012034.0;1;13;13103;1;1;1.0;2.0;43,62914023;5,12994491;
202300012035.0;3;43;43018;1;1;1.0;6.0;45,00535000;3,76633600;
202300012036.0;1;92;92002;1;1;1.0;2.0;48,73209658;2,31101274;
202300012037.0;4;13;13210;2;1;1.0;3.0;43,27998058;5,40960108;
202300012038.0;1;21;21416;2;2;1.0;6.0;47,39916600;5,31725400;
202300012039.0;1;91;91645;1;1;1.0;7.0;48,75992000;2,25677000;
202300012040.0;3;83;83101;1;1;1.0;3.0;43,24743800;6,64772600;
202300012041.0;1;10;10357;2;1;7.0;1.0;48,29870000;4,11500000;
202300012042.0;3;04;04094;1;1;1.0;1.0;43,80002300;5,83277500;
202300012043.0;1;05;05061;2;1;1.0;1.0;44,54276221;6,05954736;
202300012044.0;1;68;68352;2;1;1.0;3.0;48,01440100;7,53799400;
202300012045.0;3;27;27198;1;9;1.0;2.0;48,88065200;1,05790100;
202300012046.0;1;04;04112;2;1;1.0;7.0;43,83791000;5,80485000;
202300012047.0;1;78;78455;1;1;1.0;5.0;48,85897900;2,05077400;
202300012048.0;1;54;54303;1;6;5.0;2.0;48,53950443;6,57824635;
202300012049.0;1;28;28280;2;5;1.0;3.0;48,32400700;0,81214100;
202300012050.0;1;75;75118;2;1;1.0;3.0;48,90046800;2,33018200;
202300012051.0;1;75;75117;2;1;1.0;7.0;48,87709900;2,28517400;
202300012052.0;1;92;92078;1;1;1.0;4.0;48,93020885;2,32579343;
202300012053.0;1;54;54176;1;1;1.0;1.0;48,63981424;6,46867275;
202300012054.0;5;06;06152;1;6;1.0;2.0;43,61660400;7,03813600;
202300012055.0;1;73;73114;1;1;1.0;7.0;45,83987400;6,50707900;
202300012056.0;1;75;75116;2;2;1.0;3.0;48,85735800;2,26468900;
202300012057.0;3;33;33527;1;1;1.0;2.0;44,61398486; -1,04812682;
202300012058.0;1;94;94073;1;1;1.0;5.0;48,77093879;2,38756083;
202300012059.0;1;01;01160;2;1;1.0;2.0;46,24470000;6,09369500;
202300012060.0;1;75;75116;2;3;1.0;6.0;48,84876780;2,26569100;
202300012061.0;1;69;69019;1;1;1.0;2.0;46,10146995;4,75160136;
202300012062.0;1;94;94018;1;1;1.0;2.0;48,82535841;2,39214184;
202300012063.0;1;75;75113;2;1;1.0;6.0;48,84307600;2,36660900;
202300012064.0;1;60;60695;2;1;1.0;7.0;49,19994900;2,49144100;
202300012065.0;1;973;97305;1;1;1.0;3.0;4,95964400; -52,43168900;
202300012066.0;1;75;75113;2;3;1.0;3.0;48,83817900;2,37299400;
202300012067.0;1;93;93048;2;7;1.0;6.0;48,86560697;2,44378075;
202300012068.0;2;33;33535;1;1;1.0;5.0;44,82634800; -0,45457300;
202300012069.0;2;93;93032;2;1;1.0;6.0;48,87580721;2,55353554;
202300012070.0;3;75;75111;2;2;1.0;6.0;48,85356000;2,39271200;
202300012071.0;1;59;59396;1;1;1.0;6.0;50,27457636;3,81622553;
202300012072.0;5;06;06012;2;1;1.0;3.0;43,75154100;7,43015200;
202300012073.0;1;75;75107;2;3;1.0;6.0;48,84827300;2,31570500;
202300012074.0;1;84;84119;2;1;9.0;2.0;43,95522800;4,92354300;
202300012075.0;5;974;97407;2;1;1.0;6.0; -20,96304000;55,32012000;
202300012076.0;1;13;13071;1;1;1.0;3.0;43,38073534;5,31560451;
202300012077.0;3;13;13081;1;9;3.0;7.0;43,49987300;5,23274800;
202300012078.0;1;75;75101;2;2;1.0;3.0;48,86985000;2,32806000;
202300012079.0;1;69;69388;2;2;1.0;3.0;45,73158000;4,87392000;
202300012080.0;1;75;75104;2;3;1.0;3.0;48,85718400;2,34733700;
202300012081.0;1;86;86294;1;2;1.0;3.0;46,61825900;0,16765800;
202300012082.0;1;69;69386;2;2;7.0;3.0;45,76907000;4,86050000;
202300012083.0;5;72;72264;2;1;2.0;6.0;47,83901800; -0,32532700;
202300012084.0;1;59;59462;1;1;1.0;2.0;50,51276968;3,03211786;
202300012085.0;5;75;75104;2;2;1.0;3.0;48,85618000;2,34647400;
202300012086.0;3;95;95680;1;1;1.0;1.0;49,01377977;2,41339803;
202300012087.0;3;72;72336;1;6;1.0;1.0;47,83830100; -0,29612700;
202300012088.0;1;94;94068;2;2;1.0;3.0;48,78919600;2,50361900;
202300012089.0;1;91;91377;2;6;1.0;3.0;48,72096000;2,27268000;
202300012090.0;1;94;94046;2;2;1.0;3.0;48,81337800;2,44678300;
202300012091.0;1;94;94038;1;1;1.0;4.0;48,77727970;2,34594496;
202300012092.0;1;80;80685;2;6;2.0;1.0;49,70662300;2,77670900;
202300012093.0;1;91;91421;2;3;1.0;3.0;48,71012000;2,44175000;
202300012094.0;1;94;94037;2;1;1.0;1.0;48,81644000;2,34935000;
202300012095.0;2;67;67218;1;1;2.0;3.0;48,53262000;7,69756000;
202300012096.0;1;86;86066;2;6;1.0;3.0;46,81303000;0,54420000;
202300012097.0;1;94;94076;2;1;1.0;3.0;48,80560546;2,36377998;
202300012098.0;1;94;94003;1;1;1.0;5.0;48,80488154;2,34201558;
202300012099.0;3;91;91617;1;1;1.0;2.0;48,63470000;2,53530000;
202300012100.0;5;94;94022;2;1;1.0;3.0;48,76695000;2,41485000;
202300012101.0;1;83;83009;1;1;1.0;2.0;43,15247400;5,76377000;
202300012102.0;1;91;91659;1;1;1.0;3.0;48,58408000;2,45520000;
202300012103.0;2;94;94002;2;1;7.0;6.0;48,78418000;2,42362000;
202300012104.0;3;77;77251;1;1;1.0;2.0;48,60860000;2,57868000;
202300012105.0;1;83;83129;2;9;1.0;1.0;43,11019000;5,83786000;
202300012106.0;1;78;78646;1;1;1.0;5.0;48,79120000;2,07190100;
202300012107.0;1;93;93064;2;1;1.0;2.0;48,86826562;2,49189792;
202300012108.0;1;78;78650;2;2;1.0;1.0;48,90268000;2,13688000;
202300012109.0;3;78;78291;1;1;2.0;2.0;48,96515300;1,75984100;
202300012110.0;1;78;78640;1;1;2.0;6.0;48,78121400;2,17032300;
202300012111.0;1;93;93046;2;2;1.0;3.0;48,91025000;2,52762000;
202300012112.0;1;78;78638;2;2;1.0;3.0;49,00392500;1,96665470;
202300012113.0;1;93;93029;2;1;1.0;3.0;48,92072962;2,45324136;
202300012114.0;5;94;94043;1;1;1.0;2.0;48,81308429;2,35419577;
202300012115.0;5;78;78238;1;1;3.0;4.0;48,97001500;1,86979100;
202300012116.0;4;93;93027;2;1;1.0;6.0;48,92029000;2,41025000;
202300012117.0;1;92;92047;1;1;2.0;6.0;48,83462607;2,17191184;
202300012118.0;3;94;94038;1;1;1.0;2.0;48,77633175;2,34605055;
202300012119.0;1;92;92075;2;9;1.0;7.0;48,81819270;2,28459567;
202300012120.0;1;93;93010;1;1;1.0;3.0;48,90138002;2,47016001;
202300012121.0;1;77;77186;1;1;1.0;4.0;48,43968000;2,72727000;
202300012122.0;1;92;92064;2;3;1.0;3.0;48,85411804;2,22257406;
202300012123.0;2;43;43041;2;9;1.0;3.0;45,05080000;3,90863000;
202300012124.0;5;76;76681;2;3;1.0;1.0;49,42334100;1,08977900;
202300012125.0;2;92;92048;2;1;2.0;7.0;48,81258763;2,24003948;
202300012126.0;1;94;94034;1;1;1.0;4.0;48,75842000;2,32572000;
202300012127.0;3;93;93005;1;1;1.0;4.0;48,94684000;2,47625000;
202300012128.0;5;37;37233;2;1;1.0;6.0;47,37752400;0,71606300;
202300012129.0;1;93;93013;1;1;3.0;6.0;48,94239000;2,43039000;
202300012130.0;1;72;72181;2;1;1.0;3.0;47,96992000;0,20860000;
202300012131.0;1;92;92040;2;2;1.0;1.0;48,82896352;2,26428616;
202300012132.0;3;77;77337;1;1;1.0;2.0;48,83027640;2,61245605;
202300012133.0;2;93;93064;1;1;1.0;3.0;48,86256315;2,48291334;
202300012134.0;5;35;35238;2;2;2.0;2.0;48,13503100; -1,65964200;
202300012135.0;2;74;74012;2;1;3.0;3.0;46,19155000;6,23536000;
202300012136.0;1;40;40296;2;3;1.0;3.0;43,69592700; -1,43056600;
202300012137.0;1;72;72095;1;2;1.0;3.0;48,04189000;0,21417000;
202300012138.0;3;93;93007;1;1;1.0;2.0;48,93750165;2,47995195;
202300012139.0;1;33;33281;2;2;1.0;6.0;44,84420000; -0,64491000;
202300012140.0;1;62;62265;1;1;1.0;7.0;50,64770761;2,21944781;
202300012141.0;3;93;93006;1;1;1.0;2.0;48,86611228;2,41541368;
202300012142.0;1;74;74309;1;5;8.0;6.0;46,11349000;6,00761200;
202300012143.0;1;69;69029;2;9;1.0;3.0;45,72338000;4,91878000;
202300012144.0;4;62;62644;2;1;1.0;7.0;50,64897400;2,14186700;
202300012145.0;4;31;31555;2;2;1.0;3.0;43,62563800;1,43104400;
202300012146.0;1;22;22065;2;1;1.0;7.0;48,60648600; -3,01474900;
202300012147.0;1;69;69029;2;1;1.0;6.0;45,74684862;4,92440663;
202300012148.0;2;74;74309;1;1;3.0;1.0;46,11293800;6,00311300;
202300012149.0;1;988;98818;2;2;1.0;3.0; -22,27687000;166,45763000;
202300012150.0;5;18;18033;2;1;1.0;6.0;47,08161700;2,40211000;
202300012151.0;5;987;98735;2;7;1.0;6.0; -17,54634000; -149,58053000;
202300012152.0;1;14;14047;2;1;1.0;3.0;49,27744600; -0,70856900;
202300012153.0;1;22;22004;1;1;1.0;7.0;48,64647800; -3,32786000;
202300012154.0;1;67;67482;2;3;1.0;3.0;48,58497000;7,69438000;
202300012155.0;1;17;17415;2;1;1.0;6.0;45,74699400; -0,62838100;
202300012156.0;1;976;97611;2;1;1.0;6.0; -12,78226500;45,23378820;
202300012157.0;5;15;15012;2;1;1.0;6.0;44,90255800;2,45733600;
202300012158.0;2;67;67180;1;1;7.0;2.0;48,78649981;7,81167090;
202300012159.0;3;974;97416;1;1;1.0;6.0; -21,30013000;55,50227000;
202300012160.0;1;62;62397;2;1;1.0;6.0;50,86976300;1,87391500;
202300012161.0;1;14;14474;1;1;2.0;6.0;49,13812600; -0,00687700;
202300012162.0;1;30;30288;2;1;1.0;6.0;44,20120100;4,62662300;
202300012163.0;1;15;15012;2;3;1.0;3.0;44,89744000;2,46835200;
202300012164.0;1;974;97411;2;1;1.0;4.0; -20,89320000;55,46972000;
202300012165.0;1;974;97411;2;1;1.0;6.0; -20,89863000;55,49591000;
202300012166.0;1;974;97416;1;1;1.0;5.0; -21,33061000;55,46870000;
202300012167.0;1;19;19234;1;3;1.0;3.0;45,32126266;1,56891310;
202300012168.0;1;14;14333;1;6;1.0;3.0;49,41289000;0,26936000;
202300012169.0;1;59;59360;2;1;1.0;2.0;50,59910000;3,03863000;
202300012170.0;5;973;97302;2;1;1.0;3.0;4,94153000; -52,32580000;
202300012171.0;4;13;13054;2;1;1.0;6.0;43,41756000;5,22797000;
202300012172.0;1;974;97416;1;1;1.0;2.0; -21,31433000;55,49343000;
202300012173.0;1;972;97209;1;9;1.0;6.0;14,63188000; -61,03947000;
202300012174.0;1;65;65002;2;3;1.0;3.0;43,14401000; -0,02571700;
202300012175.0;1;13;13201;2;9;1.0;6.0;43,29740000;5,38137000;
202300012176.0;1;59;59527;2;3;1.0;3.0;50,66523000;3,05966000;
202300012177.0;5;2B;2B120;1;1;1.0;7.0;42,65433100;9,44116700;
202300012178.0;1;974;97411;2;6;1.0;2.0; -20,90222000;55,50307000;
202300012179.0;5;13;13215;2;3;1.0;3.0;43,34206643;5,36207707;
202300012180.0;1;59;59350;1;1;1.0;2.0;50,62985000;3,08233000;
202300012181.0;1;89;89380;1;2;1.0;3.0;48,07891800;3,08981600;
202300012182.0;1;86;86066;1;1;2.0;7.0;46,82456700;0,62023400;
202300012183.0;1;974;97409;2;1;1.0;3.0; -20,95701000;55,62527000;
202300012184.0;1;13;13204;2;1;8.0;4.0;43,30473000;5,39881000;
202300012185.0;2;46;46231;1;1;1.0;6.0;44,50566500;1,15108600;
202300012186.0;1;85;85194;2;1;1.0;7.0;46,48815600; -1,74147650;