Num_Acc;lum;departement;commune;agglomeration;intersection;meteo;type_collision;lat;long;date
202300012187.0;1;59;59043;1;3;1.0;3.0;50,72837000;2,77167000;
202300012188.0;1;13;13208;2;1;1.0;1.0;43,27730300;5,39460600;
202300012189.0;1;29;29208;1;1;1.0;2.0;48,49538600; -4,68824900;
202300012190.0;2;54;54395;2;9;1.0;6.0;48,67717509;6,20538443;
202300012191.0;1;83;83141;1;1;1.0;6.0;43,51476629;6,47644629;
202300012192.0;1;973;97302;2;3;1.0;3.0;4,94077000; -52,32368000;
202300012193.0;1;02;02543;1;1;1.0;6.0;49,16168400;3,28103900;
202300012194.0;1;83;83050;1;6;1.0;3.0;43,52492261;6,50832412;
202300012195.0;2;13;13215;2;1;1.0;2.0;43,36977000;5,34567000;
202300012196.0;1;54;54149;1;3;1.0;3.0;49,44725000;5,91864000;
202300012197.0;3;973;97302;2;2;1.0;7.0;4,93102508; -52,31328017;
202300012198.0;3;54;54325;1;1;1.0;7.0;48,43787339;6,38089265;
202300012199.0;2;82;82121;2;1;1.0;6.0;44,05022000;1,35889000;
202300012200.0;1;51;51454;2;2;1.0;6.0;49,25334500;4,05414900;
202300012201.0;5;12;12305;1;6;1.0;3.0;44,55917000;2,21937000;
202300012202.0;1;72;72072;1;1;1.0;7.0;47,80878100;0,19877900;
202300012203.0;1;79;79329;2;1;1.0;7.0;46,99196000; -0,21710000;
202300012204.0;5;69;69386;2;3;1.0;3.0;45,77125000;4,84988000;
202300012205.0;3;06;06105;2;1;1.0;6.0;43,68884900;7,04298700;
202300012206.0;1;50;50129;2;1;1.0;1.0;49,63638000; -1,57188000;
202300012207.0;1;79;79081;2;1;1.0;6.0;46,34221000; -0,38233000;
202300012208.0;3;50;50086;1;1;1.0;6.0;49,61173900; -1,40303100;
202300012209.0;1;972;97213;2;7;1.0;3.0;14,62279000; -60,98974000;
202300012210.0;1;77;77237;1;1;1.0;2.0;48,84395500;2,74907200;
202300012211.0;5;60;60129;2;1;1.0;7.0;49,52231400;3,02727400;
202300012212.0;1;49;49007;2;2;1.0;3.0;47,47840000; -0,56460000;
202300012213.0;5;06;06088;2;2;1.0;3.0;43,70045730;7,28657330;
202300012214.0;1;76;76114;2;1;1.0;6.0;49,57349000;0,47737000;
202300012215.0;2;60;60030;1;1;1.0;1.0;49,35804846;2,10045146;
202300012216.0;1;49;49246;2;6;7.0;3.0;47,43370000; -0,52967000;
202300012217.0;5;972;97209;2;1;1.0;5.0;14,60418000; -61,06518000;
202300012218.0;5;75;75114;2;1;1.0;3.0;48,82256100;2,31416900;
202300012219.0;1;53;53255;1;1;1.0;7.0;48,11001000; -0,33712100;
202300012220.0;1;71;71270;2;1;3.0;1.0;46,32299302;4,81172175;
202300012221.0;1;47;47215;1;1;1.0;2.0;44,36227000;0,70399000;
202300012222.0;5;95;95203;2;6;2.0;6.0;48,98990000;2,27641000;
202300012223.0;1;75;75117;2;1;8.0;3.0;48,88520400;2,30558400;
202300012224.0;1;40;40309;2;2;1.0;3.0;43,78952600; -0,71480100;
202300012225.0;1;45;45285;2;1;1.0;3.0;47,91424000;1,87088000;
202300012226.0;3;69;69266;2;1;1.0;6.0;45,78765000;4,88190000;
202300012227.0;5;75;75115;2;1;1.0;3.0;48,84089200;2,31659500;
202300012228.0;1;24;24002;1;1;1.0;6.0;45,30749300;0,73471100;
202300012229.0;5;95;95598;2;2;1.0;3.0;48,99093700;2,28938300;
202300012230.0;5;69;69264;2;2;1.0;3.0;45,98864000;4,72163000;
202300012231.0;5;75;75115;2;7;1.0;6.0;48,84778200;2,30158200;
202300012232.0;1;44;44162;2;6;1.0;2.0;47,25167000; -1,62159000;
202300012233.0;2;24;24311;2;9;1.0;3.0;45,53306000;0,66266700;
202300012234.0;1;91;91552;2;4;1.0;6.0;48,60151000;2,24697000;
202300012235.0;1;24;24026;1;1;7.0;6.0;45,19546600;0,87985000;
202300012236.0;1;69;69199;2;1;2.0;6.0;45,71079000;4,85511000;
202300012237.0;1;38;38421;2;3;1.0;3.0;45,17657000;5,75234000;
202300012238.0;5;75;75115;2;2;1.0;3.0;48,84361400;2,29574300;
202300012239.0;1;65;65440;2;1;1.0;6.0;43,23553000;0,05630000;
202300012240.0;1;91;91191;2;9;2.0;3.0;48,72266400;2,46607600;
202300012241.0;4;04;04149;1;9;1.0;1.0;44,01633600;5,92707000;
202300012242.0;1;75;75107;2;2;1.0;3.0;48,85994500;2,31483600;
202300012243.0;1;37;37261;2;1;7.0;3.0;47,40272000;0,72189000;
202300012244.0;1;59;59122;2;6;1.0;3.0;50,16162000;3,25757000;
202300012245.0;1;85;85047;1;2;1.0;3.0;46,79472590; -1,83546245;
202300012246.0;5;91;91479;2;4;1.0;3.0;48,71162200;2,37111400;
202300012247.0;5;94;94081;2;2;2.0;3.0;48,78781000;2,40256000;
202300012248.0;1;51;51454;2;1;1.0;3.0;49,24042000;4,00994000;
202300012249.0;5;35;35238;2;2;1.0;3.0;48,10993018; -1,65550500;
202300012250.0;2;27;27251;1;1;1.0;3.0;49,09157200;0,66959900;
202300012251.0;5;94;94041;2;1;1.0;6.0;48,81390700;2,38456600;
202300012252.0;1;45;45234;2;1;1.0;3.0;47,89921000;1,90417000;
202300012253.0;5;91;91479;2;2;2.0;3.0;48,70376000;2,35354000;
202300012254.0;5;34;34301;2;1;1.0;1.0;43,41290000;3,66457000;
202300012255.0;1;30;30062;2;2;1.0;3.0;43,78610000;4,20220000;
202300012256.0;1;44;44215;1;1;1.0;7.0;47,18150000; -1,50213000;
202300012257.0;1;93;93078;2;1;1.0;6.0;48,95464000;2,53785000;
202300012258.0;5;87;87085;2;1;2.0;6.0;45,87009000;1,26980000;
202300012259.0;1;34;34172;2;3;1.0;3.0;43,60541490;3,85372147;
202300012260.0;1;38;38449;1;1;1.0;3.0;45,64731800;5,12507900;
202300012261.0;1;43;43157;2;3;1.0;1.0;45,03955000;3,88046000;
202300012262.0;5;93;93073;2;2;1.0;3.0;48,96704000;2,56797000;
202300012263.0;5;33;33039;2;2;8.0;3.0;44,81699000; -0,54849000;
202300012264.0;1;38;38053;2;1;1.0;6.0;45,58660000;5,27760000;
202300012265.0;2;988;98817;2;6;2.0;6.0; -22,21992000;166,48994000;
202300012266.0;1;33;33063;2;1;1.0;3.0;44,86725000; -0,57251000;
202300012267.0;2;84;84007;1;1;1.0;4.0;43,90223000;4,89443000;
202300012268.0;1;77;77005;1;1;1.0;2.0;48,90882100;2,71023300;
202300012269.0;1;92;92050;2;2;1.0;3.0;48,89686000;2,22403000;
202300012270.0;1;33;33529;1;1;1.0;1.0;44,58670000; -1,20510000;
202300012271.0;4;91;91249;1;1;1.0;1.0;48,61961200;2,08007500;
202300012272.0;1;31;31555;2;1;1.0;3.0;43,57630700;1,38314900;
202300012273.0;3;33;33318;2;1;1.0;1.0;44,79400000; -0,65785000;
202300012274.0;1;84;84007;2;1;1.0;2.0;43,90592000;4,89098000;
202300012275.0;5;92;92012;2;2;1.0;3.0;48,83500740;2,24128246;
202300012276.0;2;66;66008;2;3;1.0;6.0;42,54481000;3,03659300;
202300012277.0;4;29;29039;2;6;1.0;6.0;47,88871600; -3,90178000;
202300012278.0;1;27;27229;2;1;1.0;3.0;49,02065800;1,18170100;
202300012279.0;1;66;66008;1;6;1.0;3.0;42,55138200;2,99729300;
202300012280.0;3;66;66172;1;1;1.0;6.0;42,70289619;2,86487818;
202300012281.0;1;34;34127;2;1;1.0;7.0;43,64811700;4,06894300;
202300012282.0;5;84;84007;2;6;1.0;3.0;43,94690000;4,82858000;
202300012283.0;1;22;22311;2;1;1.0;3.0;48,54548900; -2,22963500;
202300012284.0;1;26;26198;1;1;1.0;4.0;44,55537000;4,71996900;
202300012285.0;1;84;84054;1;1;1.0;6.0;43,91260100;5,07371300;
202300012286.0;1;83;83144;2;1;1.0;6.0;43,13698000;5,98229000;
202300012287.0;1;17;17015;1;1;3.0;6.0;45,56062700; -0,85949200;
202300012288.0;1;18;18279;1;1;2.0;6.0;47,24987600;2,06030700;
202300012289.0;3;22;22187;2;1;1.0;6.0;48,53727000; -2,72104000;
202300012290.0;1;84;84036;2;2;7.0;3.0;43,92674900;4,94845000;
202300012291.0;1;83;83137;2;1;1.0;1.0;43,11988000;5,94376000;
202300012292.0;1;41;41040;1;1;1.0;3.0;47,67931600;1,21806600;
202300012293.0;3;18;18279;1;1;1.0;6.0;47,23664300;2,11612300;
202300012294.0;1;17;17300;2;1;1.0;7.0;46,16779400; -1,16735200;
202300012295.0;1;06;06146;1;1;1.0;6.0;43,91860800;7,18945700;
202300012296.0;1;83;83123;2;1;1.0;3.0;43,12015367;5,80287832;
202300012297.0;2;17;17306;2;1;1.0;3.0;45,63699000; -1,02842900;
202300012298.0;3;13;13066;1;9;1.0;7.0;43,87292100;4,91551400;
202300012299.0;1;14;14302;1;2;1.0;7.0;49,28981200;0,07869900;
202300012300.0;1;13;13216;2;1;1.0;7.0;43,36177000;5,33950000;
202300012301.0;1;14;14118;2;1;1.0;3.0;49,17177000; -0,37687000;
202300012302.0;5;37;37266;1;1;8.0;2.0;47,31187612;0,73460340;
202300012303.0;5;77;77284;2;2;2.0;6.0;48,95756400;2,87592600;
202300012304.0;2;21;21138;1;3;7.0;3.0;47,20478800;5,32468100;
202300012305.0;1;62;62207;2;1;3.0;6.0;50,45419771;1,75529373;
202300012306.0;1;13;13043;2;1;1.0;1.0;43,39650000;5,21961000;
202300012307.0;1;13;13028;2;2;1.0;3.0;43,18536075;5,66173972;
202300012308.0;3;89;89367;1;1;2.0;6.0;47,62548800;3,29534100;
202300012309.0;1;68;68296;1;2;1.0;3.0;48,22746000;7,38067200;
202300012310.0;1;06;06004;2;1;1.0;2.0;43,60614400;7,12359800;
202300012311.0;1;13;13004;2;1;1.0;6.0;43,67423046;4,63227691;
202300012312.0;5;77;77438;2;2;2.0;1.0;48,84960000;2,67774000;
202300012313.0;1;67;67028;1;1;1.0;6.0;48,35589300;7,60625100;
202300012314.0;5;22;22207;2;1;2.0;1.0;48,61079600; -3,47188400;
202300012315.0;1;04;04070;2;1;1.0;3.0;44,08805000;6,22166000;
202300012316.0;1;03;03165;2;1;1.0;6.0;46,07283600;3,66835000;
202300012317.0;1;77;77131;2;9;2.0;6.0;48,81499000;3,08226000;
202300012318.0;3;25;25139;1;1;2.0;6.0;47,01404800;6,38002600;
202300012319.0;1;13;13001;1;6;1.0;2.0;43,47908000;5,39396000;
202300012320.0;2;03;03185;2;6;1.0;3.0;46,33695000;2,58729000;
202300012321.0;1;76;76351;2;6;2.0;6.0;49,50710100;0,12848300;
202300012322.0;1;06;06088;2;1;1.0;3.0;43,68924200;7,20112900;
202300012323.0;1;44;44005;2;3;1.0;3.0;47,11660200; -1,94675300;
202300012324.0;1;38;38548;2;1;1.0;6.0;45,06752600;5,54793800;
202300012325.0;1;75;75119;2;2;1.0;6.0;48,89027900;2,38268400;
202300012326.0;5;05;05023;2;1;1.0;6.0;44,88541000;6,63390400;
202300012327.0;4;76;76217;2;9;3.0;6.0;49,92000000;1,08000000;
202300012328.0;4;44;44126;2;6;1.0;6.0;47,13789900; -2,19196000;
202300012329.0;1;07;07127;2;1;1.0;6.0;44,65827500;4,30760600;
202300012330.0;1;75;75116;2;1;1.0;6.0;48,87329000;2,27237800;
202300012331.0;1;72;72181;2;9;8.0;3.0;47,99538000;0,22742000;
202300012332.0;1;75;75119;2;1;1.0;3.0;48,87976600;2,40732800;
202300012333.0;2;86;86074;1;1;1.0;6.0;46,58616800;0,11297500;
202300012334.0;1;75;75115;2;1;1.0;6.0;48,84897500;2,28457200;
202300012335.0;2;14;14057;1;1;1.0;6.0;49,11936000; -0,22560600;
202300012336.0;2;72;72181;2;9;8.0;2.0;48,02028000;0,16202000;
202300012337.0;1;75;75112;2;1;1.0;6.0;48,82478700;2,41559600;
202300012338.0;5;75;75112;2;1;1.0;3.0;48,82714100;2,39103000;
202300012339.0;1;85;85113;2;1;1.0;1.0;46,72556500; -2,36819200;
202300012340.0;1;22;22208;1;1;1.0;7.0;48,30773300; -1,99927600;
202300012341.0;2;71;71306;2;1;1.0;6.0;46,67546000;4,36339000;
202300012342.0;5;75;75111;2;2;1.0;3.0;48,86306200;2,37932100;
202300012343.0;1;21;21685;2;2;1.0;1.0;47,67927600;4,52403400;
202300012344.0;1;75;75118;2;1;1.0;4.0;48,90095400;2,34666700;
202300012345.0;3;27;27458;1;1;1.0;2.0;49,32863900;1,23148800;
202300012346.0;1;71;71270;2;1;1.0;6.0;46,30687000;4,82933000;
202300012347.0;5;75;75119;2;1;1.0;3.0;48,89547100;2,38314100;
202300012348.0;5;21;21114;2;1;2.0;6.0;47,64844300;4,27547600;
202300012349.0;3;60;60342;2;9;1.0;6.0;49,29603800;2,45174800;
202300012350.0;1;75;75113;2;1;1.0;2.0;48,81622400;2,36394100;
202300012351.0;3;85;85127;2;1;2.0;6.0;46,40355400; -1,49977300;
202300012352.0;5;71;71076;2;3;1.0;3.0;46,78219000;4,84480000;
202300012353.0;1;75;75116;2;1;1.0;3.0;48,86017401;2,29151845;
202300012354.0;1;59;59249;2;1;1.0;6.0;50,01613300;4,03911300;
202300012355.0;1;75;75117;2;1;1.0;2.0;48,88191100;2,28272700;
202300012356.0;2;94;94054;2;1;1.0;3.0;48,74478000;2,38632000;
202300012357.0;1;59;59400;2;1;1.0;3.0;50,64461600;2,65258800;
202300012358.0;3;37;37139;1;2;1.0;5.0;47,42730609;0,55045228;
202300012359.0;5;69;69266;2;8;8.0;3.0;45,75795560;4,90766754;
202300012360.0;3;30;30249;1;6;1.0;7.0;43,80869200;4,23170500;
202300012361.0;1;75;75115;2;1;1.0;3.0;48,84997100;2,28245500;
202300012362.0;4;93;93077;2;2;1.0;4.0;48,88288000;2,51378000;
202300012363.0;3;30;30085;1;1;1.0;6.0;43,96827200;4,47923500;
202300012364.0;1;69;69290;2;2;1.0;3.0;45,71110479;4,90217110;
202300012365.0;1;91;91432;1;1;1.0;4.0;48,69100000;2,32200000;
202300012366.0;1;75;75114;2;1;1.0;6.0;48,83241800;2,31101700;
202300012367.0;3;08;08015;1;1;2.0;6.0;49,84969500;4,31118500;
202300012368.0;5;67;67482;2;1;1.0;6.0;48,55324000;7,75774000;
202300012369.0;1;92;92025;2;2;1.0;3.0;48,92565332;2,24724931;
202300012370.0;1;13;13051;1;1;1.0;6.0;43,58215500;5,09946900;
202300012371.0;1;92;92036;1;1;1.0;4.0;48,93513721;2,26665421;
202300012372.0;1;75;75112;2;1;1.0;7.0;48,84980300;2,38656700;
202300012373.0;1;2A;2A065;1;1;1.0;3.0;42,13387700;8,59834700;
202300012374.0;5;67;67482;2;2;2.0;6.0;48,59178000;7,72091000;
202300012375.0;1;78;78043;1;1;1.0;2.0;48,82734000;2,07800000;
202300012376.0;5;69;69019;1;1;1.0;2.0;46,09533200;4,74667300;
202300012377.0;1;974;97404;1;1;1.0;3.0; -21,24652500;55,38553800;
202300012378.0;2;75;75108;2;7;1.0;3.0;48,87801400;2,30516100;
202300012379.0;1;67;67482;2;1;1.0;3.0;48,59608000;7,74629000;
202300012380.0;1;93;93053;1;1;1.0;2.0;48,89707199;2,46965129;
202300012381.0;1;28;28380;1;1;1.0;7.0;48,41516000;1,58018600;
202300012382.0;1;78;78537;1;1;1.0;2.0;48,55671400;1,93834600;
202300012383.0;5;75;75108;2;7;1.0;7.0;48,86408900;2,32019600;
202300012384.0;1;66;66136;2;3;1.0;3.0;42,70835000;2,89463000;
202300012385.0;1;06;06046;1;9;1.0;1.0;43,76400500;7,22896600;
202300012386.0;5;974;97421;2;1;1.0;6.0; -21,03388300;55,53312100;
202300012387.0;2;95;95527;1;1;1.0;5.0;48,98424459;2,50466824;
202300012388.0;1;75;75107;2;4;1.0;6.0;48,85444800;2,32584100;
202300012389.0;1;84;84071;2;1;1.0;1.0;43,84536100;5,14567900;
202300012390.0;1;66;66136;2;3;1.0;3.0;42,70142000;2,89377000;
202300012391.0;1;28;28064;1;1;2.0;7.0;48,80512500;1,49272400;
202300012392.0;3;93;93053;1;1;1.0;6.0;48,88865176;2,47259966;
202300012393.0;1;75;75104;2;3;1.0;3.0;48,85407100;2,35574400;
202300012394.0;1;44;44224;1;1;1.0;3.0;47,50093000; -1,71651000;
202300012395.0;1;64;64445;2;6;2.0;2.0;43,30833000; -0,33915000;
202300012396.0;1;95;95277;1;1;1.0;2.0;48,97380877;2,48839259;
202300012397.0;3;77;77376;1;1;1.0;3.0;48,93302400;2,76213500;
202300012398.0;3;30;30326;1;6;1.0;7.0;44,00787900;4,73480200;
202300012399.0;5;75;75104;2;4;1.0;6.0;48,85729800;2,34961500;
202300012400.0;5;64;64445;2;6;3.0;2.0;43,31826733; -0,37837923;
202300012401.0;1;94;94033;1;1;1.0;1.0;48,85528450;2,48933585;
202300012402.0;3;83;83092;1;1;1.0;6.0;43,30716500;6,25011000;
202300012403.0;1;83;83030;1;3;1.0;3.0;43,36500100;6,09540600;
202300012404.0;2;75;75101;2;2;1.0;6.0;48,86096400;2,34084100;
202300012405.0;5;64;64125;2;1;2.0;4.0;43,44866000; -1,57147000;
202300012406.0;1;56;56165;1;1;1.0;6.0;47,91892000; -2,40461000;
202300012407.0;1;94;94069;2;1;1.0;6.0;48,81561665;2,46172848;
202300012408.0;1;76;76540;2;2;1.0;6.0;49,44514000;1,10337000;
202300012409.0;3;26;26362;1;1;1.0;2.0;44,90185600;4,87551800;
202300012410.0;5;71;71150;1;1;1.0;6.0;46,22871900;4,78601600;
202300012411.0;2;54;54395;2;1;1.0;6.0;48,68931000;6,18335000;
202300012412.0;1;56;56032;1;1;1.0;1.0;47,96214000; -2,27069400;
202300012413.0;1;94;94044;2;1;7.0;3.0;48,74029600;2,48634300;
202300012414.0;5;64;64122;2;1;3.0;4.0;43,45377000; -1,55391000;
202300012415.0;1;25;25388;2;1;1.0;6.0;47,50025000;6,81119000;
202300012416.0;4;73;73081;2;1;1.0;6.0;45,68236000;6,13739300;
202300012417.0;1;94;94068;2;1;1.0;3.0;48,80696244;2,50894770;
202300012418.0;2;64;64122;2;1;2.0;7.0;43,47641000; -1,55098000;
202300012419.0;1;80;80228;2;3;1.0;3.0;50,25287500;1,62101400;
202300012420.0;1;38;38344;2;1;1.0;6.0;45,36070200;4,80265100;
202300012421.0;1;93;93071;2;2;1.0;1.0;48,93330000;2,51616000;
202300012422.0;1;65;65039;1;1;1.0;7.0;42,93798300;0,34036200;
202300012423.0;1;63;63113;2;1;2.0;2.0;45,79350000;3,11770000;
202300012424.0;5;69;69009;2;1;1.0;6.0;45,94278000;4,71546800;
202300012425.0;1;11;11165;1;1;1.0;6.0;42,87591300;2,15769500;
202300012426.0;1;63;63113;2;2;1.0;3.0;45,80004000;3,11130000;
202300012427.0;1;94;94033;2;1;1.0;6.0;48,85506278;2,45628226;
202300012428.0;2;85;85092;2;1;1.0;6.0;46,46779500; -0,82985300;
202300012429.0;1;66;66136;2;1;1.0;6.0;42,69587000;2,91700000;
202300012430.0;5;62;62193;1;1;1.0;6.0;50,97276167;1,89313531;
202300012431.0;5;60;60500;2;1;2.0;1.0;49,09709600;2,74989200;
202300012432.0;1;94;94028;2;9;1.0;2.0;48,79800200;2,45588800;
202300012433.0;5;13;13056;2;1;1.0;6.0;43,40553000;5,05492000;
202300012434.0;1;63;63045;1;2;8.0;3.0;45,78991100;3,46017800;
202300012435.0;1;59;59092;2;1;1.0;6.0;50,28113200;3,32064400;
202300012436.0;1;61;61001;2;1;2.0;2.0;48,44297000;0,09916000;
202300012437.0;1;94;94028;2;1;1.0;6.0;48,77830000;2,45521000;
202300012438.0;1;973;97302;2;1;1.0;6.0;4,92666000; -52,32054000;
202300012439.0;1;63;63146;1;1;1.0;6.0;45,70547100;3,41962300;
202300012440.0;1;13;13005;1;1;1.0;7.0;43,28555079;5,58582502;
202300012441.0;1;59;59512;2;1;1.0;6.0;50,68354000;3,18510000;
202300012442.0;1;973;97302;2;1;2.0;3.0;4,92838000; -52,29354000;
202300012443.0;1;94;94017;2;5;1.0;6.0;48,81930000;2,50220000;
202300012444.0;1;61;61159;1;1;1.0;1.0;48,66244200;0,39270700;
202300012445.0;1;54;54099;1;1;3.0;7.0;49,25542456;5,99783062;
202300012446.0;1;92;92002;1;1;1.0;4.0;48,76298539;2,30430529;
202300012447.0;5;973;97302;2;1;1.0;1.0;4,93592763; -52,30779111;
202300012448.0;1;94;94017;2;3;1.0;1.0;48,81747000;2,51595000;
202300012449.0;3;49;49123;1;1;1.0;7.0;47,23677431; -0,11212893;
202300012450.0;1;53;53130;2;3;1.0;3.0;48,06185000; -0,78097000;
202300012451.0;1;91;91286;1;1;8.0;3.0;48,65198000;2,38268000;
202300012452.0;1;69;69383;2;2;1.0;3.0;45,75618000;4,85895000;
202300012453.0;1;12;12006;1;2;1.0;2.0;44,14147000;2,65110100;
202300012454.0;5;93;93027;2;2;1.0;2.0;48,91956766;2,38265052;
202300012455.0;1;50;50218;2;6;1.0;3.0;48,82971000; -1,56726000;
202300012456.0;3;78;78238;1;1;1.0;2.0;48,96964000;1,86721000;
202300012457.0;1;46;46068;1;1;1.0;1.0;44,46432400;1,74847800;
202300012458.0;1;49;49099;2;2;1.0;6.0;47,06224000; -0,88056000;
202300012459.0;1;93;93030;2;2;1.0;3.0;48,95369000;2,41637000;
202300012460.0;4;93;93010;1;1;1.0;2.0;48,88983000;2,47343000;
202300012461.0;1;972;97209;1;1;1.0;4.0;14,61631000; -61,05659000;
202300012462.0;1;92;92036;1;1;1.0;6.0;48,93837004;2,30014011;
202300012463.0;5;972;97209;2;1;1.0;6.0;14,62045000; -61,04345000;
202300012464.0;2;49;49007;2;2;1.0;6.0;47,48375000; -0,51352000;
202300012465.0;5;93;93057;2;1;1.0;2.0;48,90995507;2,50798613;
202300012466.0;1;29;29228;1;3;1.0;3.0;48,02896148; -4,62804083;
202300012467.0;1;69;69382;2;1;1.0;2.0;45,76568000;4,83798000;
202300012468.0;4;95;95212;1;1;1.0;6.0;49,03336862;2,54029690;
202300012469.0;1;02;02474;1;1;1.0;7.0;49,69234200;3,28137200;
202300012470.0;1;45;45234;2;3;2.0;3.0;47,90577517;1,90982410;
202300012471.0;1;93;93008;2;2;1.0;3.0;48,90761014;2,42582299;
202300012472.0;1;69;69384;2;2;1.0;1.0;45,77762000;4,83480000;
202300012473.0;1;15;15267;1;2;1.0;3.0;44,93268600;2,34983000;
202300012474.0;2;45;45232;1;9;2.0;2.0;47,84033900;1,87738900;
202300012475.0;1;92;92078;2;1;1.0;2.0;48,93277000;2,32536000;
202300012476.0;1;92;92036;1;1;1.0;5.0;48,93788866;2,29766722;
202300012477.0;1;69;69149;2;3;1.0;3.0;45,71553000;4,80740000;
202300012478.0;1;45;45286;2;1;1.0;3.0;47,89233400;1,91801500;
202300012479.0;5;92;92046;2;1;1.0;7.0;48,82115613;2,30839759;
202300012480.0;1;01;01388;1;3;1.0;2.0;46,46893100;5,07633800;
202300012481.0;5;11;11262;2;1;1.0;6.0;43,18176000;2,98142000;
202300012482.0;1;2A;2A004;2;1;1.0;3.0;41,94623000;8,76081000;
202300012483.0;1;45;45004;1;1;1.0;7.0;47,98521000;2,81850000;
202300012484.0;1;26;26099;1;1;1.0;6.0;44,36930700;4,89109400;
202300012485.0;1;92;92073;2;3;1.0;3.0;48,86751000;2,22694000;
202300012486.0;1;976;97611;2;1;1.0;3.0; -12,78434000;45,22387000;
202300012487.0;1;54;54400;1;1;1.0;6.0;48,89646400;6,22609300;
202300012488.0;1;95;95598;2;1;1.0;2.0;48,98104436;2,30220973;
202300012489.0;1;44;44184;2;1;1.0;6.0;47,25464000; -2,25994000;
202300012490.0;1;976;97611;2;1;1.0;6.0; -12,76161000;45,22624000;
202300012491.0;1;92;92050;2;1;1.0;2.0;48,89017265;2,21906018;
202300012492.0;1;06;06138;2;3;1.0;3.0;43,51633500;6,93741000;
202300012493.0;5;974;97411;2;9;1.0;6.0; -20,90580000;55,49810000;
202300012494.0;5;41;41018;2;1;2.0;6.0;47,60154000;1,32142000;
202300012495.0;1;50;50200;1;1;1.0;3.0;48,67054500; -0,79448100;
202300012496.0;1;92;92012;2;2;1.0;1.0;48,84136000;2,23131000;
202300012497.0;5;974;97407;2;9;1.0;1.0; -20,94453000;55,29259000;
202300012498.0;1;91;91657;2;3;1.0;3.0;48,72059000;2,44055000;
202300012499.0;1;60;60511;1;3;7.0;1.0;49,59978786;2,96953878;
202300012500.0;5;92;92012;2;1;1.0;2.0;48,83344000;2,24807000;
202300012501.0;5;974;97407;2;9;1.0;1.0; -20,94979000;55,29571000;
202300012502.0;1;45;45265;1;9;1.0;6.0;48,10555597;2,94861674;
202300012503.0;1;91;91286;2;6;1.0;2.0;48,66315000;2,40034700;
202300012504.0;3;973;97302;2;1;1.0;6.0;4,93765000; -52,30668000;
202300012505.0;1;18;18203;1;1;1.0;6.0;46,56997700;2,36132600;
202300012506.0;2;38;38185;2;9;2.0;6.0;45,15872000;5,71382000;
202300012507.0;1;13;13088;1;1;1.0;2.0;43,38000000;5,22000000;
202300012508.0;1;86;86194;2;2;1.0;3.0;46,55318000;0,30971000;
202300012509.0;1;16;16362;1;1;1.0;6.0;45,39221200;0,22981200;
202300012510.0;5;69;69383;2;1;1.0;7.0;45,75266000;4,87689000;
202300012511.0;1;85;85191;1;1;7.0;6.0;46,69217000; -1,47119000;
202300012512.0;5;38;38421;2;3;2.0;6.0;45,18734000;5,75810000;
202300012513.0;3;13;13056;1;1;1.0;6.0;43,40796000;5,03716000;
202300012514.0;1;07;07096;1;1;1.0;3.0;44,86010300;4,56014700;
202300012515.0;1;69;69149;2;1;1.0;6.0;45,71586000;4,81551000;
202300012516.0;1;83;83137;2;1;1.0;6.0;43,11379000;5,93974000;
202300012517.0;1;85;85021;2;4;1.0;6.0;47,04925300; -1,26662200;
202300012518.0;1;69;69256;1;1;1.0;3.0;45,80222000;4,92677000;
202300012519.0;5;971;97101;2;3;1.0;3.0;16,26976000; -61,50615000;
202300012520.0;1;38;38053;2;3;2.0;3.0;45,58536000;5,27090000;
202300012521.0;1;83;83069;1;1;1.0;4.0;43,11778000;6,14618000;
202300012522.0;1;37;37208;2;1;1.0;6.0;47,36522000;0,71521000;
202300012523.0;1;92;92019;1;1;1.0;3.0;48,76522260;2,24538423;
202300012524.0;1;85;85135;1;2;1.0;3.0;46,52352300; -1,20437400;
202300012525.0;5;971;97113;1;1;1.0;1.0;16,21808000; -61,50896000;
202300012526.0;1;78;78650;2;2;1.0;3.0;48,89649000;2,12174000;
202300012527.0;1;27;27056;2;3;1.0;6.0;49,09068900;0,59413100;
202300012528.0;1;95;95598;2;1;2.0;2.0;48,98344000;2,29387000;
202300012529.0;1;35;35051;1;1;1.0;4.0;48,12687308; -1,61540598;
202300012530.0;1;91;91645;1;1;1.0;6.0;48,75987838;2,26783991;
202300012531.0;2;78;78551;2;2;1.0;3.0;48,89877000;2,09109000;
202300012532.0;3;27;27376;2;4;1.0;6.0;48,80187500;1,32835900;
202300012533.0;5;35;35238;2;1;2.0;6.0;48,09816000; -1,69989000;
202300012534.0;1;77;77307;2;2;1.0;3.0;48,87812000;2,74483000;
202300012535.0;3;91;91228;2;1;8.0;4.0;48,63067000;2,43915000;