Num_Acc;lum;departement;commune;agglomeration;intersection;meteo;type_collision;lat;long;date
202300012536.0;1;94;94034;1;1;1.0;4.0;48,76101392;2,31812717;
202300012537.0;1;30;30061;1;1;1.0;3.0;43,90781800;4,27299500;
202300012538.0;1;87;87085;2;1;1.0;3.0;45,88061000;1,29156000;
202300012539.0;1;77;77058;1;1;1.0;2.0;48,83196700;2,69887100;
202300012540.0;2;34;34172;2;2;1.0;3.0;43,60060000;3,87936000;
202300012541.0;1;91;91589;1;1;1.0;4.0;48,67840000;2,33590000;
202300012542.0;1;33;33527;1;1;1.0;2.0;44,61514400; -0,98840500;
202300012543.0;2;76;76484;1;1;1.0;6.0;49,34318313;1,07347369;
202300012544.0;1;86;86194;2;9;1.0;1.0;46,55988000;0,30610200;
202300012545.0;1;34;34172;2;1;1.0;6.0;43,59736000;3,86417000;
202300012546.0;2;987;98715;1;1;1.0;7.0; -17,58400000; -149,56000000;
202300012547.0;1;91;91534;1;1;1.0;7.0;48,73964000;2,18078000;
202300012548.0;5;76;76540;2;2;1.0;3.0;49,43456065;1,07646865;
202300012549.0;3;77;77305;2;1;2.0;2.0;48,38271000;2,97234000;
202300012550.0;1;38;38285;1;1;1.0;6.0;45,03498800;5,97463100;
202300012551.0;1;34;34129;2;6;1.0;2.0;43,56816000;3,90339000;
202300012552.0;1;77;77251;1;1;1.0;2.0;48,61843000;2,55341000;
202300012553.0;1;73;73087;2;1;1.0;6.0;45,55996000;5,89709000;
202300012554.0;5;11;11262;2;1;1.0;6.0;43,15611100;3,16012500;
202300012555.0;5;77;77445;1;1;1.0;1.0;48,59197000;2,59147000;
202300012556.0;1;34;34172;2;1;1.0;1.0;43,58878000;3,85312000;
202300012557.0;1;73;73065;2;1;1.0;5.0;45,59790000;5,91754000;
202300012558.0;1;78;78140;1;1;1.0;2.0;48,95778400;1,93449900;
202300012559.0;5;60;60138;1;9;1.0;6.0;49,21551600;2,62789700;
202300012560.0;5;76;76351;2;3;1.0;3.0;49,50484000;0,17179000;
202300012561.0;1;78;78043;1;1;1.0;6.0;48,84005700;2,09278400;
202300012562.0;1;71;71153;2;2;1.0;3.0;46,80043000;4,42097000;
202300012563.0;5;33;33249;2;1;1.0;3.0;44,86449000; -0,51848000;
202300012564.0;2;72;72181;2;1;1.0;2.0;48,00832000;0,20962000;
202300012565.0;1;37;37141;1;2;1.0;3.0;47,29677500;1,05304100;
202300012566.0;3;33;33249;2;1;2.0;6.0;44,87014000; -0,51751000;
202300012567.0;1;71;71076;2;1;1.0;3.0;46,81240000;4,85542000;
202300012568.0;5;72;72181;2;6;1.0;3.0;48,00930000;0,19550000;
202300012569.0;1;71;71076;2;1;1.0;6.0;46,78067752;4,85178259;
202300012570.0;1;37;37079;1;2;1.0;3.0;47,34078900;1,03675400;
202300012571.0;3;93;93048;1;1;1.0;2.0;48,87013196;2,43074208;
202300012572.0;1;29;29232;2;1;1.0;3.0;48,01012000; -4,09587000;
202300012573.0;1;69;69264;2;6;8.0;1.0;45,99797000;4,73430000;
202300012574.0;5;69;69290;2;6;1.0;3.0;45,69682000;4,94176000;
202300012575.0;2;91;91223;2;1;1.0;6.0;48,44479000;2,16639000;
202300012576.0;3;2B;2B289;1;1;1.0;1.0;42,35758100;9,17169000;
202300012577.0;1;69;69199;2;2;1.0;3.0;45,70553000;4,85993000;
202300012578.0;5;67;67482;2;2;1.0;6.0;48,61142000;7,78105000;
202300012579.0;5;28;28134;2;6;2.0;6.0;48,74218000;1,38746700;
202300012580.0;1;75;75120;2;3;1.0;1.0;48,87312300;2,40945900;
202300012581.0;1;64;64102;2;1;1.0;2.0;43,49814300; -1,48226800;
202300012582.0;1;05;05116;1;3;1.0;3.0;44,67933400;6,60276200;
202300012583.0;1;13;13108;2;1;1.0;6.0;43,80481000;4,66260000;
202300012584.0;1;69;69029;2;2;1.0;1.0;45,75048000;4,90114000;
202300012585.0;5;28;28404;2;9;8.0;5.0;48,71621000;1,36840000;
202300012586.0;5;63;63113;2;1;1.0;3.0;45,76790000;3,08418000;
202300012587.0;3;67;67218;2;1;1.0;6.0;48,51172500;7,70716500;
202300012588.0;1;976;97611;2;1;1.0;1.0; -12,79190930;45,22137344;
202300012589.0;1;05;05139;1;1;1.0;1.0;44,74717500;5,88594900;
202300012590.0;1;13;13074;2;6;1.0;6.0;43,64625800;5,59037300;
202300012591.0;5;59;59378;2;1;1.0;2.0;50,65297000;3,10954000;
202300012592.0;1;67;67482;2;3;1.0;3.0;48,58401000;7,77486000;
202300012593.0;1;27;27681;2;3;1.0;3.0;49,09653700;1,47578800;
202300012594.0;1;03;03187;1;1;1.0;7.0;46,35094900;3,45698100;
202300012595.0;1;64;64445;2;1;6.0;1.0;43,31200000; -0,34200000;
202300012596.0;1;07;07324;1;1;1.0;7.0;45,05418700;4,81541200;
202300012597.0;1;26;26362;2;6;1.0;3.0;44,92444564;4,90370315;
202300012598.0;5;59;59527;2;2;1.0;4.0;50,65609000;3,04894000;
202300012599.0;1;973;97302;2;9;1.0;2.0;4,94392120; -52,30821759;
202300012600.0;1;64;64445;2;1;1.0;6.0;43,29450000; -0,37091000;
202300012601.0;1;86;86050;1;1;1.0;1.0;46,65934500; -0,03003000;
202300012602.0;1;69;69383;2;2;1.0;3.0;45,75254000;4,88826000;
202300012603.0;3;22;22113;2;9;1.0;3.0;48,72977012; -3,44297871;
202300012604.0;3;59;59569;1;1;1.0;1.0;50,37255000;3,12137000;
202300012605.0;1;64;64102;2;1;1.0;2.0;43,48837000; -1,45964000;
202300012606.0;1;69;69381;2;1;1.0;3.0;45,76823432;4,82848686;
202300012607.0;1;63;63113;2;1;3.0;7.0;45,77910000;3,12170000;
202300012608.0;1;19;19031;2;1;1.0;6.0;45,14669000;1,47233000;
202300012609.0;1;33;33417;1;1;1.0;1.0;44,97173600; -0,87970000;
202300012610.0;5;51;51454;2;2;1.0;1.0;49,25933000;4,02042000;
202300012611.0;2;69;69152;2;1;1.0;6.0;45,70512000;4,81945000;
202300012612.0;4;19;19031;2;1;1.0;6.0;45,16167000;1,51899000;
202300012613.0;1;63;63113;1;1;1.0;3.0;45,77917000;3,14836000;
202300012614.0;1;33;33128;1;1;1.0;6.0;45,33416000; -0,91946100;
202300012615.0;1;46;46191;1;1;1.0;6.0;44,49546000;1,39417000;
202300012616.0;1;971;97120;2;1;1.0;6.0;16,23728000; -61,53228000;
202300012617.0;3;17;17415;1;4;1.0;1.0;45,71878000; -0,63621000;
202300012618.0;1;85;85189;1;1;1.0;3.0;46,76451200; -1,88063600;
202300012619.0;1;63;63113;2;2;1.0;3.0;45,77920435;3,09592634;
202300012620.0;1;971;97105;2;3;1.0;3.0;16,00223160; -61,73790693;
202300012621.0;1;85;85019;2;1;1.0;6.0;46,80787400; -1,42362660;
202300012622.0;5;45;45208;2;3;1.0;2.0;47,99827000;2,73298000;
202300012623.0;5;14;14079;2;1;1.0;6.0;49,33861000;0,02820500;
202300012624.0;1;63;63113;2;2;1.0;3.0;45,78767081;3,11248899;
202300012625.0;1;22;22176;2;3;1.0;6.0;48,44651100; -2,74673200;
202300012626.0;1;37;37261;2;1;1.0;3.0;47,41859000;0,69274000;
202300012627.0;5;14;14118;2;1;2.0;6.0;49,18801100; -0,35851300;
202300012628.0;1;95;95428;2;3;1.0;3.0;48,98219562;2,31542230;
202300012629.0;1;59;59009;2;1;1.0;3.0;50,65554000;3,14671000;
202300012630.0;1;27;27016;2;1;1.0;2.0;49,24483700;1,39692700;
202300012631.0;3;34;34032;2;1;1.0;3.0;43,36419000;3,22512000;
202300012632.0;2;14;14327;2;1;1.0;1.0;49,20254100; -0,32381600;
202300012633.0;1;59;59350;2;2;1.0;3.0;50,62654000;3,11012000;
202300012634.0;5;31;31555;2;1;1.0;7.0;43,57867000;1,39385000;
202300012635.0;1;76;76057;2;1;1.0;3.0;49,54959700;0,94240300;
202300012636.0;1;91;91421;2;1;1.0;3.0;48,70716000;2,44189000;
202300012637.0;1;13;13054;2;1;1.0;6.0;43,41219000;5,20709000;
202300012638.0;1;57;57306;2;1;1.0;6.0;49,32918000;6,06601000;
202300012639.0;3;13;13043;1;1;1.0;7.0;43,39145000;5,25972000;
202300012640.0;1;57;57660;2;9;1.0;3.0;49,21070000;6,93272000;
202300012641.0;5;91;91326;2;9;1.0;3.0;48,68858000;2,37130000;
202300012642.0;5;13;13211;2;3;1.0;3.0;43,29276202;5,45725133;
202300012643.0;1;25;25462;2;1;1.0;4.0;46,90012000;6,33858000;
202300012644.0;3;95;95018;1;1;1.0;4.0;48,95956000;2,27285000;
202300012645.0;1;91;91223;2;1;1.0;6.0;48,43739600;2,16384100;
202300012646.0;1;13;13214;2;1;1.0;6.0;43,32592000;5,38349000;
202300012647.0;1;13;13201;2;1;1.0;3.0;43,30264000;5,37983000;
202300012648.0;1;54;54395;2;1;1.0;3.0;48,69150000;6,19210000;
202300012649.0;1;94;94028;1;1;1.0;2.0;48,79871719;2,44499982;
202300012650.0;1;13;13215;2;1;1.0;1.0;43,34031000;5,35373000;
202300012651.0;1;87;87075;2;1;1.0;2.0;45,82059000;1,20862000;
202300012652.0;1;13;13202;2;1;1.0;3.0;43,30177000;5,37258000;
202300012653.0;1;87;87085;2;6;3.0;7.0;45,86175000;1,27492000;
202300012654.0;1;988;98818;2;3;1.0;7.0; -22,23523000;166,43766000;
202300012655.0;1;54;54395;2;3;1.0;6.0;48,69039137;6,17299139;
202300012656.0;5;13;13028;2;6;1.0;3.0;43,19185000;5,60509000;
202300012657.0;1;75;75119;2;1;1.0;6.0;48,89195000;2,37865400;
202300012658.0;5;86;86194;2;5;1.0;3.0;46,59056000;0,33922000;
202300012659.0;3;988;98818;2;3;1.0;6.0; -22,25846000;166,39346000;
202300012660.0;1;13;13001;1;1;1.0;6.0;43,50896988;5,32965201;
202300012661.0;1;54;54395;2;1;1.0;3.0;48,68279846;6,17750823;
202300012662.0;5;75;75117;2;2;2.0;1.0;48,88424400;2,30266900;
202300012663.0;1;11;11069;2;1;1.0;3.0;43,21217000;2,32697000;
202300012664.0;1;69;69388;2;2;1.0;3.0;45,73172390;4,87618403;
202300012665.0;5;86;86194;2;5;1.0;6.0;46,60279300;0,32714100;
202300012666.0;5;75;75114;2;4;2.0;7.0;48,83234642;2,32503533;
202300012667.0;1;51;51454;2;6;1.0;3.0;49,25768000;4,03886000;
202300012668.0;1;11;11069;2;1;1.0;6.0;43,21328000;2,37051000;
202300012669.0;5;972;97213;1;1;2.0;7.0;14,61806000; -61,03047000;
202300012670.0;3;49;49353;2;1;1.0;7.0;47,45537000; -0,51190000;
202300012671.0;1;83;83062;2;3;1.0;3.0;43,13884000;6,02771000;
202300012672.0;5;75;75107;2;1;1.0;1.0;48,86220100;2,29932400;
202300012673.0;1;83;83137;2;1;1.0;6.0;43,13097351;5,93633080;
202300012674.0;5;2B;2B033;2;1;1.0;2.0;42,67605900;9,44429700;
202300012675.0;3;10;10060;1;1;2.0;4.0;48,25267000;4,10866000;
202300012676.0;1;49;49246;2;6;1.0;3.0;47,43347000; -0,52957000;
202300012677.0;5;75;75104;2;2;1.0;3.0;48,85753800;2,35129600;
202300012678.0;1;83;83061;2;1;1.0;6.0;43,42404475;6,73008531;
202300012679.0;5;10;10387;2;1;2.0;6.0;48,30679000;4,07022000;
202300012680.0;1;49;49007;1;1;1.0;3.0;47,46957000; -0,59457000;
202300012681.0;1;78;78418;2;6;1.0;3.0;48,91198000;2,14649000;
202300012682.0;1;971;97113;1;4;2.0;3.0;16,20899000; -61,47082000;
202300012683.0;5;94;94081;2;8;2.0;1.0;48,78608000;2,39186000;
202300012684.0;5;47;47031;1;1;2.0;1.0;44,17193000;0,61546000;
202300012685.0;1;06;06155;2;1;1.0;3.0;43,57529500;7,05647100;
202300012686.0;1;78;78015;2;1;1.0;3.0;48,98929000;2,05979000;
202300012687.0;4;45;45298;2;1;1.0;1.0;47,89522605;1,87625885;
202300012688.0;1;75;75118;2;1;2.0;2.0;48,90093500;2,33854200;
202300012689.0;1;77;77018;2;1;1.0;7.0;48,84575000;2,81312000;
202300012690.0;1;93;93005;2;1;1.0;6.0;48,95304400;2,50044800;
202300012691.0;2;45;45286;2;1;1.0;1.0;47,89623000;1,92108000;
202300012692.0;1;971;97120;1;1;2.0;2.0;16,25368000; -61,54917000;
202300012693.0;1;75;75116;2;1;2.0;2.0;48,87121800;2,27332000;
202300012694.0;1;77;77070;1;3;7.0;2.0;48,79433800;3,10732900;
202300012695.0;1;75;75106;2;7;2.0;7.0;48,85000800;2,33871200;
202300012696.0;1;93;93070;2;2;1.0;3.0;48,90731000;2,34431000;
202300012697.0;5;971;97101;2;1;1.0;6.0;16,24831000; -61,53212000;
202300012698.0;1;44;44184;2;2;1.0;3.0;47,27571000; -2,22147000;
202300012699.0;5;93;93077;2;1;9.0;3.0;48,89103824;2,50803173;
202300012700.0;3;75;75105;2;2;2.0;6.0;48,83680548;2,35185805;
202300012701.0;1;76;76540;2;3;1.0;3.0;49,44769000;1,10206000;
202300012702.0;5;44;44109;2;1;1.0;6.0;47,20217000; -1,60737000;
202300012703.0;4;971;97101;1;1;1.0;6.0;16,26087000; -61,51683000;
202300012704.0;5;75;75120;2;1;2.0;6.0;48,87481800;2,39791800;
202300012705.0;5;93;93048;2;2;1.0;3.0;48,85182000;2,44450000;
202300012706.0;1;76;76351;2;3;1.0;2.0;49,51656100;0,15603400;
202300012707.0;1;91;91377;2;1;1.0;6.0;48,72498000;2,26227000;
202300012708.0;1;44;44109;2;1;1.0;6.0;47,22211000; -1,55429000;
202300012709.0;1;75;75120;2;1;1.0;3.0;48,85696200;2,40445200;
202300012710.0;5;85;85194;2;1;1.0;7.0;46,50171540; -1,80181310;
202300012711.0;5;93;93074;2;1;1.0;6.0;48,93474000;2,56719000;
202300012712.0;5;72;72181;2;1;1.0;6.0;47,97874000;0,21552000;
202300012713.0;5;75;75119;2;1;2.0;6.0;48,87597300;2,37266500;
202300012714.0;1;83;83129;2;1;1.0;6.0;43,10377100;5,81911500;
202300012715.0;1;93;93046;2;1;1.0;2.0;48,91261000;2,51928000;
202300012716.0;1;38;38421;1;4;1.0;2.0;45,16676000;5,75787000;
202300012717.0;1;72;72181;1;1;1.0;2.0;48,02949000;0,18336000;
202300012718.0;2;75;75117;2;3;1.0;3.0;48,88929000;2,29741300;
202300012719.0;1;79;79259;1;2;1.0;3.0;46,95384500; -0,21521000;
202300012720.0;5;93;93078;2;5;1.0;3.0;48,95191000;2,52846000;
202300012721.0;1;37;37214;2;1;1.0;2.0;47,40733555;0,67919433;
202300012722.0;1;72;72181;2;9;1.0;3.0;48,00794000;0,19877000;
202300012723.0;1;75;75117;2;1;2.0;6.0;48,89338000;2,31086200;
202300012724.0;3;78;78005;1;1;2.0;3.0;48,98538600;2,08453800;
202300012725.0;5;92;92072;2;1;2.0;2.0;48,82796000;2,22517000;
202300012726.0;1;35;35281;2;1;1.0;6.0;48,06747000; -1,71510000;
202300012727.0;1;71;71499;1;1;1.0;1.0;46,65821000;4,32398000;
202300012728.0;1;92;92026;2;1;1.0;6.0;48,90307828;2,26825297;
202300012729.0;5;76;76540;2;1;1.0;6.0;49,43383200;1,08548300;
202300012730.0;2;75;75117;2;2;2.0;3.0;48,88126400;2,29554400;
202300012731.0;1;33;33162;2;3;1.0;3.0;44,88335000; -0,64815000;
202300012732.0;3;74;74250;1;1;1.0;6.0;46,08368700;6,37074000;
202300012733.0;1;69;69290;2;1;1.0;6.0;45,71489000;4,96412000;
202300012734.0;1;76;76410;1;1;1.0;7.0;49,46838669;1,03542253;
202300012735.0;5;92;92007;2;1;8.0;3.0;48,78972282;2,30045311;
202300012736.0;1;75;75116;2;3;2.0;6.0;48,84593400;2,26478900;
202300012737.0;5;33;33529;2;1;1.0;6.0;44,63709000; -1,13122000;
202300012738.0;1;74;74010;2;1;1.0;1.0;45,93267300;6,12784400;
202300012739.0;1;92;92004;2;9;1.0;3.0;48,91197178;2,30156600;
202300012740.0;1;69;69029;2;1;1.0;3.0;45,73903925;4,89196370;
202300012741.0;1;71;71270;2;4;1.0;6.0;46,32210000;4,83545000;
202300012742.0;1;75;75116;2;7;2.0;2.0;48,84783000;2,24222600;
202300012743.0;1;69;69091;1;1;1.0;3.0;45,57948673;4,73372880;
202300012744.0;1;01;01074;2;2;8.0;6.0;45,99697700;5,17081600;
202300012745.0;1;29;29019;2;2;1.0;6.0;48,41328500; -4,48673200;
202300012746.0;1;15;15014;2;6;1.0;3.0;44,91492000;2,44049000;
202300012747.0;1;75;75116;2;2;2.0;3.0;48,84800800;2,24897000;
202300012748.0;5;69;69276;2;3;1.0;3.0;45,68076762;4,84868258;
202300012749.0;1;65;65440;2;1;1.0;3.0;43,23927000;0,07769000;
202300012750.0;1;13;13117;1;1;1.0;2.0;43,44491000;5,29878000;
202300012751.0;1;11;11076;1;1;1.0;2.0;43,28478700;1,96840600;
202300012752.0;1;75;75115;2;1;1.0;3.0;48,84191800;2,28997000;
202300012753.0;1;988;98818;2;3;2.0;3.0; -22,29368000;166,44642000;
202300012754.0;1;64;64445;2;1;1.0;2.0;43,30480000; -0,36523000;
202300012755.0;1;972;97226;2;3;1.0;1.0;14,43281800; -60,87965600;
202300012756.0;1;13;13103;2;1;1.0;3.0;43,64103882;5,10140569;
202300012757.0;1;65;65440;2;5;1.0;3.0;43,23237000;0,06521000;
202300012758.0;1;976;97611;2;1;2.0;1.0; -12,79420000;45,21840000;
202300012759.0;1;75;75115;2;2;2.0;3.0;48,84376800;2,28639000;
202300012760.0;1;64;64024;2;1;1.0;3.0;43,48224000; -1,50623000;
202300012761.0;1;64;64445;2;1;1.0;6.0;43,30447000; -0,37724300;
202300012762.0;1;12;12202;2;3;1.0;6.0;44,35039000;2,57947000;
202300012763.0;5;974;97411;1;9;1.0;6.0; -20,89396000;55,50199000;
202300012764.0;3;76;76584;1;1;1.0;7.0;49,74734800;1,47802600;
202300012765.0;5;75;75114;2;3;1.0;2.0;48,82240600;2,32390100;
202300012766.0;1;64;64102;2;1;1.0;2.0;43,49265000; -1,49123000;
202300012767.0;1;64;64122;2;1;1.0;3.0;43,46102000; -1,54886000;
202300012768.0;2;11;11069;2;2;1.0;3.0;43,21277000;2,32674000;
202300012769.0;1;973;97302;2;1;1.0;3.0;4,91719000; -52,31248000;
202300012770.0;1;75;75113;2;2;2.0;3.0;48,82571700;2,38193000;
202300012771.0;1;62;62160;2;6;1.0;6.0;50,71946000;1,59731600;
202300012772.0;1;14;14389;1;1;8.0;5.0;49,06380000; -0,68462800;
202300012773.0;5;10;10387;2;2;1.0;3.0;48,28772400;4,07719300;
202300012774.0;1;75;75113;2;1;2.0;3.0;48,83936000;2,37143200;
202300012775.0;2;972;97209;1;1;2.0;4.0;14,61358000; -61,05417000;
202300012776.0;3;07;07281;1;1;2.0;7.0;44,93732000;4,78978000;
202300012777.0;1;56;56198;1;3;1.0;6.0;48,07856600; -2,76985300;
202300012778.0;1;60;60057;2;3;1.0;3.0;49,44001400;2,08945900;
202300012779.0;5;75;75112;2;3;2.0;6.0;48,83441900;2,40987700;
202300012780.0;1;06;06088;2;9;1.0;6.0;43,73260000;7,29030000;
202300012781.0;5;2B;2B043;1;9;1.0;1.0;42,75548500;9,46696900;
202300012782.0;5;59;59378;2;3;1.0;3.0;50,68827400;3,11266900;
202300012783.0;1;59;59350;2;1;1.0;6.0;50,62038000;3,06304000;
202300012784.0;2;75;75110;2;2;2.0;3.0;48,88149200;2,37005500;
202300012785.0;3;47;47209;1;1;1.0;1.0;44,24334700;0,67857700;
202300012786.0;5;972;97209;2;3;1.0;1.0;14,61570000; -61,05830000;
202300012787.0;1;56;56162;1;1;1.0;6.0;47,72945000; -3,41682000;
202300012788.0;1;56;56121;2;6;1.0;7.0;47,73330000; -3,38540000;
202300012789.0;1;38;38075;1;5;1.0;3.0;45,47053500;5,99050700;
202300012790.0;1;75;75108;2;2;2.0;2.0;48,87007400;2,30099400;
202300012791.0;5;69;69385;2;1;1.0;6.0;45,75614000;4,78687000;
202300012792.0;1;56;56098;2;9;1.0;3.0;47,77804000; -3,35285000;
202300012793.0;1;54;54167;1;1;7.0;2.0;48,67100000;5,93301000;
202300012794.0;2;75;75104;2;1;1.0;6.0;48,85668500;2,34889700;
202300012795.0;5;95;95572;2;1;2.0;6.0;49,04127000;2,11293000;
202300012796.0;1;84;84020;1;1;8.0;3.0;43,86641900;5,31381000;
202300012797.0;1;54;54395;2;1;1.0;2.0;48,68174000;6,19769000;
202300012798.0;1;51;51454;2;1;1.0;3.0;49,23123000;4,00684000;
202300012799.0;1;94;94028;2;9;2.0;3.0;48,79374000;2,46127000;
202300012800.0;1;54;54547;1;1;1.0;2.0;48,66054902;6,18743777;
202300012801.0;1;91;91687;2;1;1.0;2.0;48,66139700;2,36420100;
202300012802.0;1;03;03138;2;2;2.0;6.0;46,24640400;3,63553000;
202300012803.0;1;50;50147;2;1;1.0;3.0;49,05522000; -1,44548000;
202300012804.0;2;94;94028;2;1;2.0;2.0;48,80181555;2,44847354;
202300012805.0;5;03;03060;2;6;1.0;6.0;46,15703500;3,39340200;
202300012806.0;1;91;91027;2;1;1.0;2.0;48,71640000;2,39321000;
202300012807.0;1;54;54439;2;1;7.0;4.0;48,70471824;6,24936193;
202300012808.0;1;49;49007;2;2;1.0;3.0;47,47129000; -0,54680000;
202300012809.0;1;94;94018;2;1;2.0;6.0;48,82148000;2,41377000;
202300012810.0;1;83;83062;1;9;1.0;2.0;43,14203000;6,03634000;
202300012811.0;1;15;15163;2;3;7.0;1.0;44,86956500;2,37632500;
202300012812.0;1;54;54547;2;1;1.0;2.0;48,66466500;6,18988400;
202300012813.0;1;44;44109;2;1;1.0;3.0;47,23459000; -1,52045000;
202300012814.0;1;78;78609;1;5;1.0;3.0;49,01601600;1,91040400;
202300012815.0;1;54;54498;2;1;1.0;2.0;48,71461000;6,25291000;
202300012816.0;2;93;93066;2;7;1.0;5.0;48,93080380;2,35010626;
202300012817.0;1;01;01232;1;1;1.0;1.0;46,33136900;5,25127200;
202300012818.0;1;54;54323;2;1;1.0;6.0;49,51468000;5,77038000;
202300012819.0;1;76;76540;2;3;2.0;3.0;49,43804000;1,08293000;
202300012820.0;1;35;35238;2;3;1.0;1.0;48,10578000; -1,73313000;
202300012821.0;3;73;73128;1;1;1.0;6.0;45,73667484;5,93950778;
202300012822.0;1;52;52125;2;1;1.0;3.0;48,09040000;5,14565000;
202300012823.0;5;93;93050;2;3;2.0;3.0;48,85521000;2,52459000;
202300012824.0;1;69;69199;2;2;1.0;3.0;45,71074000;4,86261000;
202300012825.0;3;34;34108;1;1;1.0;7.0;43,44130000;3,71684000;
202300012826.0;1;51;51454;2;1;1.0;6.0;49,24563000;4,01771000;
202300012827.0;3;08;08311;1;1;1.0;1.0;49,57401700;5,04358300;
202300012828.0;1;67;67180;2;9;1.0;3.0;48,80459000;7,78223000;
202300012829.0;2;93;93031;2;3;2.0;6.0;48,95322578;2,31201712;
202300012830.0;1;51;51454;2;1;1.0;2.0;49,28738000;4,00719000;
202300012831.0;1;33;33522;2;2;1.0;3.0;44,81600000; -0,58983000;
202300012832.0;1;64;64348;2;1;1.0;3.0;43,33358000; -0,37969000;
202300012833.0;1;08;08457;2;1;1.0;3.0;49,79518700;4,63817800;
202300012834.0;1;51;51454;2;1;1.0;3.0;49,21456000;4,02507000;
202300012835.0;1;32;32013;1;1;1.0;3.0;43,66300000;0,59900000;
202300012836.0;1;93;93027;2;2;2.0;2.0;48,92481204;2,41489358;
202300012837.0;1;64;64237;2;3;1.0;3.0;43,28482000; -0,37794000;
202300012838.0;5;35;35189;2;1;1.0;1.0;48,15174600; -1,71986300;
202300012839.0;5;31;31555;2;1;1.0;1.0;43,57919000;1,42345000;
202300012840.0;1;51;51454;2;1;1.0;4.0;49,23010000;4,03488000;
202300012841.0;1;64;64102;2;1;2.0;1.0;43,51107000; -1,44169000;
202300012842.0;2;01;01032;1;1;1.0;6.0;45,86360700;5,15153100;
202300012843.0;1;93;93072;2;3;2.0;3.0;48,95393000;2,38405000;
202300012844.0;1;31;31555;2;9;1.0;3.0;43,64293000;1,43906000;
202300012845.0;5;987;98724;2;1;1.0;6.0; -16,71129600; -151,03534500;
202300012846.0;1;64;64140;2;2;1.0;3.0;43,52236000; -1,48967000;
202300012847.0;3;93;93047;2;3;2.0;6.0;48,89929000;2,56345000;
202300012848.0;5;31;31555;2;1;1.0;3.0;43,61847000;1,43650000;
202300012849.0;1;49;49099;2;6;1.0;2.0;47,05826000; -0,85616000;
202300012850.0;1;54;54395;2;2;1.0;3.0;48,68684000;6,18538000;
202300012851.0;3;987;98747;1;1;2.0;6.0; -17,75600000; -148,73600000;
202300012852.0;5;93;93007;2;1;2.0;6.0;48,93601100;2,46668400;
202300012853.0;5;28;28134;2;1;1.0;7.0;48,73652000;1,37001000;
202300012854.0;1;49;49007;1;1;1.0;2.0;47,46906000; -0,60798000;
202300012855.0;3;93;93055;2;1;2.0;7.0;48,90979800;2,39882500;
202300012856.0;5;37;37195;2;1;1.0;1.0;47,37484000;0,64588000;
202300012857.0;3;988;98802;1;1;1.0;7.0; -21,85655000;166,04415000;
202300012858.0;1;27;27681;2;3;2.0;3.0;49,08223000;1,49830000;
202300012859.0;1;49;49007;2;6;1.0;3.0;47,46433000; -0,53137000;
202300012860.0;1;29;29019;2;1;8.0;2.0;48,40312000; -4,48881000;
202300012861.0;1;18;18279;2;1;1.0;7.0;47,22620000;2,08476000;
202300012862.0;1;973;97304;2;6;1.0;6.0;5,17213000; -52,65026100;
202300012863.0;2;49;49007;2;1;1.0;7.0;47,47961000; -0,55168000;
202300012864.0;5;92;92078;2;3;1.0;3.0;48,93389791;2,33273931;
202300012865.0;1;25;25462;2;1;1.0;6.0;46,90257000;6,35432000;
202300012866.0;1;18;18033;2;7;8.0;6.0;47,08307000;2,38886000;
202300012867.0;1;49;49246;1;1;1.0;6.0;47,43361000; -0,47719000;
202300012868.0;5;971;97128;1;1;1.0;1.0;16,27803600; -61,34004500;
202300012869.0;1;92;92075;2;6;2.0;3.0;48,82028378;2,29062492;
202300012870.0;1;21;21054;2;3;1.0;6.0;47,02765400;4,83856600;
202300012871.0;1;18;18033;2;3;1.0;3.0;47,07939000;2,38957000;
202300012872.0;1;44;44184;2;1;1.0;2.0;47,28226000; -2,22760000;
202300012873.0;1;30;30211;2;4;1.0;7.0;43,83411300;4,49981900;
202300012874.0;1;18;18279;1;1;1.0;1.0;47,19791400;2,09173000;
202300012875.0;1;92;92063;2;3;2.0;3.0;48,87057000;2,18423000;
202300012876.0;1;17;17415;2;6;2.0;3.0;45,74092000; -0,62245000;
202300012877.0;1;17;17415;2;1;1.0;4.0;45,74862200; -0,60995600;
202300012878.0;1;92;92048;2;1;2.0;6.0;48,81877297;2,24018276;
202300012879.0;1;84;84003;1;1;7.0;1.0;43,85521800;5,35283100;
202300012880.0;5;92;92036;2;1;1.0;6.0;48,93426476;2,31752890;
202300012881.0;1;43;43157;1;3;1.0;2.0;45,00415000;3,87869000;
202300012882.0;5;13;13212;2;3;1.0;2.0;43,31497969;5,43345659;
202300012883.0;1;13;13022;2;1;1.0;1.0;43,22603700;5,53809600;
202300012884.0;5;92;92012;2;1;2.0;6.0;48,83411540;2,24482995;