Num_Acc;lum;departement;commune;agglomeration;intersection;meteo;type_collision;lat;long;date
202300012885.0;5;10;10081;2;1;8.0;7.0;48,31209000;4,03666000;
202300012886.0;1;38;38516;2;9;1.0;2.0;45,20106000;5,74195000;
202300012887.0;1;92;92012;2;1;1.0;6.0;48,83551969;2,24000931;
202300012888.0;1;05;05061;1;1;1.0;6.0;44,53917196;6,07102990;
202300012889.0;1;92;92004;2;1;2.0;1.0;48,90970454;2,28676665;
202300012890.0;1;75;75113;2;3;1.0;6.0;48,83320096;2,35435456;
202300012891.0;1;37;37261;2;2;1.0;3.0;47,38634000;0,68403000;
202300012892.0;3;14;14658;1;1;6.0;6.0;48,81291647; -1,02104314;
202300012893.0;1;92;92009;2;2;2.0;3.0;48,90531996;2,26426435;
202300012894.0;1;75;75120;2;3;1.0;6.0;48,87255300;2,37852100;
202300012895.0;1;37;37233;2;1;1.0;3.0;47,38040000;0,73014000;
202300012896.0;1;56;56178;2;1;2.0;6.0;48,07132600; -2,96530000;
202300012897.0;1;75;75104;2;2;1.0;3.0;48,85082500;2,36145900;
202300012898.0;1;22;22067;1;1;8.0;2.0;48,55420000; -3,17639000;
202300012899.0;1;35;35238;2;3;1.0;3.0;48,10672000; -1,69310000;
202300012900.0;1;63;63345;1;2;2.0;3.0;45,71599300;2,99423600;
202300012901.0;1;75;75117;2;2;1.0;3.0;48,88155900;2,30070100;
202300012902.0;1;59;59029;2;7;1.0;3.0;50,47930000;3,20451700;
202300012903.0;1;34;34301;2;9;1.0;1.0;43,41944300;3,71328200;
202300012904.0;5;976;97610;2;1;1.0;1.0; -12,74479600;45,22285900;
202300012905.0;1;75;75116;2;1;1.0;6.0;48,85270700;2,25985500;
202300012906.0;1;33;33249;1;1;7.0;2.0;44,88788887; -0,50517155;
202300012907.0;5;75;75116;2;3;1.0;3.0;48,86409600;2,29946600;
202300012908.0;1;01;01325;1;2;1.0;3.0;45,96001100;5,14885400;
202300012909.0;2;33;33281;2;1;1.0;1.0;44,81936000; -0,64922000;
202300012910.0;3;67;67535;1;1;1.0;7.0;48,93960600;7,39052700;
202300012911.0;5;75;75116;2;2;2.0;2.0;48,84715100;2,27447900;
202300012912.0;1;59;59560;1;1;1.0;4.0;50,53404000;3,04827000;
202300012913.0;2;06;06149;2;1;1.0;1.0;43,73747200;7,30903400;
202300012914.0;5;75;75112;2;1;1.0;3.0;48,82958200;2,45105700;
202300012915.0;1;78;78402;1;1;1.0;2.0;48,96516900;1,76326300;
202300012916.0;1;75;75112;2;1;1.0;3.0;48,84729100;2,38597800;
202300012917.0;1;31;31022;2;1;1.0;3.0;43,67041700;1,42777700;
202300012918.0;3;93;93064;1;9;1.0;6.0;48,87859000;2,47631000;
202300012919.0;5;75;75111;2;2;1.0;3.0;48,85010200;2,38471500;
202300012920.0;3;68;68295;2;9;2.0;3.0;48,02020700;7,38071500;
202300012921.0;1;75;75109;2;1;1.0;6.0;48,88265200;2,34368600;
202300012922.0;3;77;77175;1;1;1.0;5.0;48,64598426;2,62308483;
202300012923.0;1;83;83086;1;1;1.0;3.0;43,47360900;6,53718700;
202300012924.0;5;75;75108;2;1;2.0;3.0;48,87596700;2,30024100;
202300012925.0;1;32;32382;1;1;1.0;6.0;43,73088700;0,37696800;
202300012926.0;2;58;58261;1;1;9.0;2.0;47,39292900;2,98089400;
202300012927.0;1;94;94044;2;1;2.0;1.0;48,74052800;2,48428800;
202300012928.0;1;974;97407;2;1;1.0;6.0; -20,93258000;55,29453000;
202300012929.0;1;94;94052;2;9;1.0;6.0;48,83821350;2,49124525;
202300012930.0;2;75;75120;2;1;1.0;3.0;48,84826300;2,41494700;
202300012931.0;1;94;94079;2;1;1.0;3.0;48,83226400;2,53375800;
202300012932.0;5;75;75119;2;2;2.0;3.0;48,89525000;2,37196000;
202300012933.0;1;973;97302;2;1;1.0;1.0;4,94848000; -52,30453000;
202300012934.0;1;94;94076;2;1;1.0;6.0;48,78230686;2,35532874;
202300012935.0;5;75;75119;2;2;2.0;2.0;48,88987900;2,39663100;
202300012936.0;1;94;94028;2;1;1.0;3.0;48,77782300;2,46473500;
202300012937.0;5;973;97302;1;1;1.0;3.0;4,92162285; -52,32992738;
202300012938.0;1;75;75118;2;1;8.0;6.0;48,89661200;2,35975740;
202300012939.0;5;92;92073;2;1;2.0;7.0;48,87383000;2,21762000;
202300012940.0;1;75;75118;2;2;1.0;3.0;48,88385300;2,34947300;
202300012941.0;5;92;92049;2;3;1.0;3.0;48,81061192;2,30895415;
202300012942.0;5;973;97302;2;9;1.0;3.0;4,92879000; -52,29928000;
202300012943.0;1;75;75117;2;3;2.0;6.0;48,87898200;2,29277200;
202300012944.0;1;92;92044;2;2;1.0;6.0;48,89101100;2,28735800;
202300012945.0;5;973;97302;2;9;1.0;6.0;4,92579745; -52,31563926;
202300012946.0;1;75;75116;2;1;1.0;3.0;48,83783700;2,26528800;
202300012947.0;3;80;80047;1;1;5.0;6.0;50,02573200;2,66710300;
202300012948.0;1;75;75115;2;2;1.0;6.0;48,82971800;2,29571400;
202300012949.0;1;2A;2A064;1;1;1.0;2.0;41,84389400;8,96456500;
202300012950.0;1;972;97209;1;2;1.0;6.0;14,60806000; -61,05515000;
202300012951.0;1;75;75115;2;2;1.0;5.0;48,83818300;2,27064500;
202300012952.0;1;42;42120;1;2;1.0;3.0;45,99216700;3,99692900;
202300012953.0;5;972;97209;2;1;1.0;1.0;14,61322433; -61,05248551;
202300012954.0;3;31;31480;1;1;2.0;6.0;43,54506400;1,62887900;
202300012955.0;1;75;75111;2;2;1.0;3.0;48,85843700;2,38943600;
202300012956.0;5;69;69202;2;2;1.0;6.0;45,72814000;4,77894000;
202300012957.0;5;974;97422;2;1;1.0;7.0; -21,26509374;55,49097240;
202300012958.0;1;75;75110;2;3;1.0;6.0;48,88286100;2,35904800;
202300012959.0;3;972;97207;1;9;1.0;6.0;14,58258700; -60,98008600;
202300012960.0;5;94;94081;2;1;1.0;6.0;48,80157000;2,37894000;
202300012961.0;5;971;97120;2;6;1.0;7.0;16,22948497; -61,53143048;
202300012962.0;1;94;94078;2;1;1.0;2.0;48,73376600;2,44673200;
202300012963.0;1;58;58270;1;1;1.0;1.0;47,48239100;2,98898900;
202300012964.0;5;971;97105;2;1;1.0;1.0;15,99360000; -61,71903000;
202300012965.0;1;87;87014;1;1;2.0;6.0;46,11002400;1,37566200;
202300012966.0;5;94;94074;2;1;2.0;2.0;48,77021000;2,44044000;
202300012967.0;1;34;34095;1;1;3.0;1.0;43,54770800;3,81294300;
202300012968.0;1;94;94011;2;9;1.0;3.0;48,76271000;2,47860000;
202300012969.0;3;19;19110;1;1;1.0;6.0;45,30224700;2,24561700;
202300012970.0;1;971;97105;2;3;1.0;3.0;15,99604708; -61,73111558;
202300012971.0;5;94;94081;2;1;2.0;6.0;48,78155700;2,40781600;
202300012972.0;1;56;56090;2;1;1.0;6.0;47,86139100; -3,23356400;
202300012973.0;3;91;91223;1;1;1.0;6.0;48,44363000;2,12523000;
202300012974.0;5;93;93066;2;1;1.0;3.0;48,93314000;2,34799000;
202300012975.0;3;56;56123;2;7;1.0;6.0;47,67752500; -2,29664100;
202300012976.0;5;87;87085;2;3;1.0;2.0;45,82724000;1,25983000;
202300012977.0;1;93;93066;2;6;1.0;3.0;48,93582661;2,36789864;
202300012978.0;1;76;76302;2;1;1.0;1.0;49,64440200;0,37391100;
202300012979.0;5;78;78172;2;1;1.0;6.0;48,99854000;2,10378000;
202300012980.0;1;93;93051;2;1;1.0;3.0;48,85238029;2,56809925;
202300012981.0;1;2B;2B219;2;1;1.0;1.0;42,37742600;9,36653100;
202300012982.0;1;65;65442;1;1;2.0;6.0;43,29382500;0,62798000;
202300012983.0;1;93;93029;2;1;8.0;3.0;48,91966792;2,45100407;
202300012984.0;1;76;76351;2;3;1.0;3.0;49,50588000;0,11680000;
202300012985.0;1;25;25212;2;1;2.0;3.0;47,27304500;5,99216200;
202300012986.0;1;93;93027;2;1;1.0;6.0;48,92536092;2,41561192;
202300012987.0;5;76;76351;2;1;1.0;7.0;49,49783000;0,10456000;
202300012988.0;1;92;92051;2;1;1.0;6.0;48,89105384;2,27024263;
202300012989.0;3;76;76270;1;1;1.0;6.0;49,53031000;0,12958000;
202300012990.0;1;35;35230;1;2;1.0;5.0;48,45977427; -1,23937503;
202300012991.0;1;92;92044;2;1;1.0;2.0;48,90231778;2,28715897;
202300012992.0;3;29;29300;1;1;1.0;6.0;47,89842000; -3,67439000;
202300012993.0;5;76;76305;2;6;2.0;3.0;49,51098000;0,22932000;
202300012994.0;1;92;92044;2;2;1.0;3.0;48,89706459;2,28933279;
202300012995.0;5;38;38022;1;1;1.0;1.0;45,61777500;5,54041400;
202300012996.0;1;92;92062;2;1;1.0;6.0;48,88731000;2,24958000;
202300012997.0;5;74;74298;2;3;1.0;3.0;46,18536000;6,27300000;
202300012998.0;1;92;92026;2;1;1.0;3.0;48,89836891;2,25658572;
202300012999.0;3;01;01319;1;1;1.0;6.0;46,10236200;4,95081600;
202300013000.0;3;74;74010;2;4;1.0;6.0;45,88408000;6,14238000;
202300013001.0;1;92;92014;2;3;8.0;4.0;48,78481000;2,31104000;
202300013002.0;1;73;73011;2;9;1.0;6.0;45,66826000;6,38095000;
202300013003.0;1;45;45040;2;3;1.0;6.0;47,57434300;2,81779500;
202300013004.0;3;35;35136;1;1;1.0;2.0;47,96303845; -1,51493847;
202300013005.0;5;69;69290;2;1;1.0;1.0;45,68375639;4,95152861;
202300013006.0;1;10;10287;1;1;1.0;2.0;48,36311800;4,31856000;
202300013007.0;2;47;47272;1;1;1.0;1.0;44,68125700;0,57517300;
202300013008.0;5;66;66136;2;1;1.0;6.0;42,69442000;2,90147000;
202300013009.0;2;45;45247;1;1;1.0;1.0;48,01328100;2,67913000;
202300013010.0;3;16;16380;1;1;2.0;7.0;45,39953500; -0,20322600;
202300013011.0;1;24;24038;1;1;3.0;6.0;45,32289500;0,36575100;
202300013012.0;1;68;68295;1;2;1.0;3.0;48,01427900;7,36928300;
202300013013.0;1;14;14061;1;1;1.0;6.0;48,89079400; -0,84776000;
202300013014.0;1;66;66136;2;1;1.0;4.0;42,70718000;2,90733000;
202300013015.0;1;42;42322;1;1;1.0;6.0;45,41208800;4,52369600;
202300013016.0;1;21;21423;1;1;2.0;3.0;46,99304383;4,85559746;
202300013017.0;1;66;66136;2;9;1.0;6.0;42,70991291;2,88462460;
202300013018.0;3;08;08027;1;1;1.0;2.0;49,56450200;4,46843100;
202300013019.0;3;988;98819;1;9;1.0;7.0; -20,33368200;164,42637600;
202300013020.0;5;51;51629;2;1;1.0;7.0;49,16408200;4,01734000;
202300013021.0;1;64;64483;2;1;1.0;2.0;43,39970532; -1,64011717;
202300013022.0;1;56;56261;1;3;1.0;3.0;47,69655600; -2,54084100;
202300013023.0;1;973;97305;1;3;1.0;3.0;4,97417300; -52,44171400;
202300013024.0;3;64;64284;1;1;1.0;2.0;43,26611000; -0,38957000;
202300013025.0;1;56;56212;1;1;1.0;1.0;47,54383000; -2,18680500;
202300013026.0;1;33;33245;1;1;2.0;6.0;44,80127400; -0,43385300;
202300013027.0;3;33;33214;1;1;1.0;6.0;45,00347700; -1,15419700;
202300013028.0;1;79;79293;1;5;1.0;3.0;46,37473600; -0,49253700;
202300013029.0;5;64;64024;2;6;1.0;3.0;43,49655000; -1,50888000;
202300013030.0;3;28;28363;1;1;2.0;1.0;48,42206000;1,86269200;
202300013031.0;1;82;82182;1;1;1.0;1.0;44,26464600;1,05351800;
202300013032.0;1;45;45155;2;2;1.0;1.0;47,69398900;2,63108600;
202300013033.0;1;56;56162;2;1;2.0;1.0;47,73872000; -3,40880000;
202300013034.0;1;65;65363;1;2;1.0;3.0;43,10940038;0,44425216;
202300013035.0;3;30;30211;2;1;1.0;6.0;43,82617176;4,50152993;
202300013036.0;1;65;65069;2;1;1.0;6.0;43,07261100;0,38342700;
202300013037.0;1;70;70046;1;2;1.0;3.0;47,61995400;6,43683800;
202300013038.0;1;71;71154;1;1;1.0;7.0;46,82655300;4,89774200;
202300013039.0;1;56;56121;2;1;1.0;7.0;47,73234000; -3,37919000;
202300013040.0;2;67;67529;1;1;1.0;6.0;48,72087800;7,82041000;
202300013041.0;2;71;71014;2;1;7.0;6.0;46,95069100;4,30319100;
202300013042.0;3;01;01211;1;1;1.0;7.0;46,11612300;5,18086400;
202300013043.0;1;42;42034;1;1;1.0;6.0;45,83611000;3,76371900;
202300013044.0;3;17;17058;2;3;1.0;7.0;45,84799800; -1,13491200;
202300013045.0;1;41;41164;2;2;1.0;3.0;47,28067400;1,38104800;
202300013046.0;3;33;33175;1;1;1.0;6.0;44,74179026; -0,15359670;
202300013047.0;5;31;31033;2;1;1.0;6.0;43,35638674;1,48534834;
202300013048.0;1;72;72264;2;6;2.0;3.0;47,84262000; -0,34258300;
202300013049.0;1;35;35360;1;1;1.0;7.0;48,12088300; -1,23307600;
202300013050.0;5;02;02328;2;1;1.0;6.0;49,04907500;3,48200500;
202300013051.0;1;60;60141;2;6;1.0;3.0;49,18610700;2,46074400;
202300013052.0;1;02;02215;2;3;1.0;3.0;49,46137100;3,82549800;
202300013053.0;1;59;59660;1;1;1.0;7.0;50,64063000;3,23528100;
202300013054.0;2;13;13026;1;1;1.0;6.0;43,40309000;5,10987000;
202300013055.0;1;14;14578;1;3;1.0;4.0;49,36367600;0,20114500;
202300013056.0;3;90;90033;2;1;2.0;7.0;47,51323000;6,99505600;
202300013057.0;1;33;33249;1;1;1.0;5.0;44,87964000; -0,53601000;
202300013058.0;1;09;09189;1;1;1.0;6.0;42,66417600;1,83395900;
202300013059.0;1;91;91286;1;1;1.0;3.0;48,65400000;2,38000000;
202300013060.0;1;45;45296;1;1;1.0;2.0;47,99516300;1,71337400;
202300013061.0;1;91;91689;1;1;1.0;2.0;48,74928726;2,32841223;
202300013062.0;1;73;73229;1;3;1.0;7.0;45,45564700;5,78109800;
202300013063.0;1;91;91319;1;1;1.0;7.0;48,64568100;2,16293200;
202300013064.0;1;10;10054;1;1;1.0;6.0;48,36491700;3,63574500;
202300013065.0;1;91;91037;1;1;1.0;7.0;48,53249000;2,50083000;
202300013066.0;1;16;16208;1;2;1.0;3.0;45,76119100; -0,15215600;
202300013067.0;3;91;91103;1;1;1.0;7.0;48,62405000;2,29921000;
202300013068.0;1;85;85018;1;1;1.0;2.0;46,91567700; -2,05669680;
202300013069.0;3;91;91136;1;1;1.0;7.0;48,71363800;2,27631800;
202300013070.0;1;92;92025;1;1;1.0;3.0;48,92431667;2,23108042;
202300013071.0;1;27;27665;1;3;1.0;1.0;49,42364800;0,56935800;
202300013072.0;1;92;92072;1;1;1.0;6.0;48,82725286;2,22440344;
202300013073.0;1;30;30184;1;1;1.0;5.0;43,98376000;4,24651600;
202300013074.0;1;06;06152;1;1;1.0;3.0;43,61659300;7,03944900;
202300013075.0;5;92;92063;1;1;1.0;2.0;48,88652814;2,16549995;
202300013076.0;1;33;33227;1;1;1.0;2.0;44,53122597; -0,23156852;
202300013077.0;3;78;78423;1;1;1.0;6.0;48,79637200;2,03983200;
202300013078.0;3;78;78238;1;1;1.0;2.0;48,96981600;1,86727100;
202300013079.0;1;69;69003;2;1;1.0;4.0;45,86067026;4,83511144;
202300013080.0;3;78;78238;1;1;8.0;4.0;48,96898900;1,86237700;
202300013081.0;3;13;13018;1;1;1.0;2.0;43,86671300;4,96667900;
202300013082.0;1;34;34202;1;1;1.0;3.0;43,59848900;3,78245100;
202300013083.0;1;93;93007;1;1;1.0;2.0;48,94925302;2,44676549;
202300013084.0;1;77;77171;2;1;1.0;3.0;48,90017900;2,81148600;
202300013085.0;1;93;93078;1;1;8.0;6.0;48,95805467;2,52849698;
202300013086.0;2;66;66230;2;3;1.0;6.0;42,64470400;2,52904400;
202300013087.0;3;93;93005;1;1;2.0;6.0;48,97312000;2,49099000;
202300013088.0;3;95;95277;1;1;8.0;6.0;48,97566099;2,49022422;
202300013089.0;1;11;11076;2;1;1.0;6.0;43,31517900;1,96053400;
202300013090.0;1;04;04152;1;1;1.0;6.0;43,80902900;5,77020400;
202300013091.0;3;93;93005;1;1;9.0;6.0;48,97265000;2,49233000;
202300013092.0;2;94;94028;1;1;2.0;2.0;48,79510362;2,44232708;
202300013093.0;2;13;13051;1;2;1.0;1.0;43,53195100;5,14880100;
202300013094.0;1;45;45004;2;1;7.0;6.0;47,97973000;2,73444000;
202300013095.0;3;52;52227;1;1;1.0;6.0;48,17808933;5,61901376;
202300013096.0;2;06;06027;2;1;1.0;6.0;43,66600000;7,15120000;
202300013097.0;1;38;38298;2;2;1.0;3.0;45,37775900;4,80166200;
202300013098.0;1;974;97411;2;1;1.0;7.0; -20,89864000;55,48670000;
202300013099.0;1;69;69014;1;4;1.0;1.0;45,66808473;4,48505468;
202300013100.0;1;31;31395;2;6;7.0;6.0;43,45894900;1,32622900;
202300013101.0;1;974;97411;2;1;1.0;1.0; -20,90248500;55,39918000;
202300013102.0;1;79;79081;1;1;1.0;2.0;46,34792000; -0,35388000;
202300013103.0;1;972;97213;2;1;1.0;3.0;14,62161000; -61,02018000;
202300013104.0;1;33;33438;2;1;1.0;3.0;44,56882500; -0,24292200;
202300013105.0;1;69;69382;2;4;1.0;3.0;45,75349000;4,82501000;
202300013106.0;3;44;44052;1;1;1.0;7.0;47,32948300; -2,08857700;
202300013107.0;1;69;69034;2;9;1.0;2.0;45,80018749;4,85134019;
202300013108.0;5;22;22093;2;6;1.0;7.0;48,46314000; -2,51994100;
202300013109.0;1;59;59053;1;1;1.0;7.0;50,29807200;3,81304100;
202300013110.0;1;971;97113;1;1;1.0;3.0;16,21768000; -61,49367000;
202300013111.0;1;95;95680;2;1;1.0;6.0;49,00403400;2,39261400;
202300013112.0;1;54;54197;1;1;1.0;4.0;48,62135600;6,18957600;
202300013113.0;1;91;91421;2;1;1.0;6.0;48,69900000;2,46900000;
202300013114.0;1;33;33192;1;1;1.0;6.0;44,78926000; -0,61985000;
202300013115.0;5;91;91687;2;3;3.0;3.0;48,66030000;2,36830000;
202300013116.0;3;59;59082;1;1;1.0;6.0;50,95953000;2,40478000;
202300013117.0;1;91;91433;2;1;1.0;6.0;48,44925000;2,18784000;
202300013118.0;1;59;59124;1;1;1.0;7.0;50,60408000;3,27445000;
202300013119.0;5;84;84035;2;2;1.0;1.0;43,83277000;5,04035000;
202300013120.0;1;91;91345;1;1;1.0;3.0;48,68994000;2,32358000;
202300013121.0;1;78;78551;1;2;1.0;3.0;48,93958000;2,09586000;
202300013122.0;1;92;92050;1;1;2.0;5.0;48,91244562;2,21780957;
202300013123.0;3;77;77373;1;1;1.0;3.0;48,77310000;2,61672000;
202300013124.0;1;92;92036;1;1;1.0;2.0;48,93615747;2,28919347;
202300013125.0;1;77;77384;1;1;1.0;1.0;48,60471000;2,64618000;
202300013126.0;3;92;92048;1;1;1.0;3.0;48,80962829;2,21206164;
202300013127.0;1;78;78321;1;1;1.0;2.0;48,79855000;1,91505800;
202300013128.0;1;93;93063;1;1;1.0;4.0;48,87391673;2,43718835;
202300013129.0;2;76;76157;2;3;1.0;3.0;49,44515000;1,04208000;
202300013130.0;1;95;95582;1;1;1.0;2.0;48,96946700;2,25020800;
202300013131.0;1;76;76351;2;2;1.0;3.0;49,49390000;0,11834000;
202300013132.0;1;93;93008;1;1;1.0;3.0;48,90844000;2,45082000;
202300013133.0;2;72;72181;2;6;1.0;1.0;48,00940000;0,19557000;
202300013134.0;1;93;93064;1;1;1.0;3.0;48,88318367;2,47202095;
202300013135.0;1;71;71306;2;1;1.0;2.0;46,68313000;4,36138000;
202300013136.0;5;93;93027;1;9;1.0;2.0;48,93399243;2,38993411;
202300013137.0;1;69;69264;2;1;1.0;6.0;45,99114000;4,71345000;
202300013138.0;1;77;77468;1;1;1.0;2.0;48,85191141;2,66193581;
202300013139.0;1;67;67482;2;7;1.0;3.0;48,59167000;7,74142000;
202300013140.0;1;94;94017;1;1;1.0;3.0;48,82953894;2,49806034;
202300013141.0;2;66;66136;2;2;1.0;1.0;42,70775000;2,88633000;
202300013142.0;3;94;94028;1;1;2.0;2.0;48,78839103;2,44007985;
202300013143.0;1;66;66136;1;1;1.0;2.0;42,68242000;2,85621000;
202300013144.0;1;33;33318;2;6;7.0;3.0;44,80426000; -0,62547000;
202300013145.0;2;66;66136;1;1;1.0;4.0;42,66252000;2,92135000;
202300013146.0;1;14;14011;1;1;1.0;6.0;49,09436000; -0,69916400;
202300013147.0;1;64;64024;2;3;1.0;6.0;43,48240000; -1,50517000;
202300013148.0;1;976;97611;2;1;2.0;3.0; -12,78767000;45,21860000;
202300013149.0;1;64;64140;2;1;1.0;7.0;43,52574000; -1,49385000;
202300013150.0;1;63;63113;2;1;1.0;3.0;45,78126336;3,07485491;
202300013151.0;5;973;97302;2;2;1.0;3.0;4,93585000; -52,33455000;
202300013152.0;1;59;59599;2;1;1.0;6.0;50,73698300;3,16855200;
202300013153.0;3;972;97213;1;1;1.0;2.0;14,63844000; -60,97718000;
202300013154.0;1;58;58194;2;3;1.0;3.0;46,99357000;3,15949000;
202300013155.0;1;972;97209;1;1;1.0;6.0;14,61903000; -61,03899000;
202300013156.0;5;57;57672;2;1;1.0;6.0;49,36210000;6,16304000;
202300013157.0;1;69;69385;2;9;1.0;3.0;45,76533439;4,82906325;
202300013158.0;5;54;54304;2;1;2.0;1.0;48,69910000;6,13660000;
202300013159.0;1;2B;2B033;2;3;1.0;3.0;42,68489000;9,44500000;
202300013160.0;5;54;54395;2;2;1.0;3.0;48,67868000;6,19733000;
202300013161.0;1;971;97120;2;2;1.0;3.0;16,23994000; -61,53206000;
202300013162.0;1;54;54578;2;3;1.0;2.0;48,66965459;6,14806563;
202300013163.0;1;971;97113;1;1;1.0;3.0;16,22382000; -61,46460000;
202300013164.0;1;52;52121;2;1;1.0;2.0;48,09291000;5,13704000;
202300013165.0;5;971;97113;1;3;1.0;3.0;16,21844167; -61,50571883;
202300013166.0;3;51;51431;1;1;1.0;7.0;49,01792000;3,95019000;
202300013167.0;5;77;77111;2;1;1.0;6.0;48,86593100;2,76444500;
202300013168.0;1;50;50129;2;1;1.0;5.0;49,64348000; -1,58077000;
202300013169.0;1;77;77186;2;1;1.0;3.0;48,40760000;2,68750000;
202300013170.0;1;50;50129;2;2;2.0;2.0;49,62697300; -1,63658000;
202300013171.0;1;68;68376;2;1;1.0;6.0;47,81126000;7,33720000;
202300013172.0;1;49;49007;2;1;1.0;6.0;47,45119000; -0,54775000;
202300013173.0;1;45;45075;2;1;1.0;6.0;47,89164600;1,84004700;
202300013174.0;5;63;63164;2;3;1.0;3.0;45,82690000;3,14110000;
202300013175.0;1;45;45004;2;1;1.0;6.0;47,99117000;2,76907000;
202300013176.0;1;62;62765;2;1;1.0;6.0;50,74421000;2,25448000;
202300013177.0;1;38;38151;2;1;1.0;1.0;45,15012000;5,70609000;
202300013178.0;5;62;62083;2;2;1.0;3.0;50,45384000;2,61890000;
202300013179.0;1;37;37214;2;1;1.0;4.0;47,42919000;0,64879000;
202300013180.0;1;62;62186;2;3;8.0;6.0;50,45420000;2,72103000;
202300013181.0;1;35;35238;2;2;1.0;3.0;48,10741000; -1,67785000;
202300013182.0;1;62;62457;2;6;1.0;3.0;50,44757000;2,52965000;
202300013183.0;5;62;62643;2;1;1.0;1.0;50,70007000;1,58680000;
202300013184.0;5;33;33063;2;1;2.0;6.0;44,89243454; -0,54691046;
202300013185.0;5;33;33063;2;1;2.0;6.0;44,82920000; -0,58727000;
202300013186.0;1;60;60057;2;1;1.0;3.0;49,42506000;2,07185000;
202300013187.0;1;33;33522;2;1;1.0;3.0;44,80081000; -0,57595000;
202300013188.0;1;59;59350;2;1;1.0;3.0;50,61813000;3,04948000;
202300013189.0;3;33;33550;2;1;1.0;6.0;44,77693000; -0,55346000;
202300013190.0;1;58;58194;2;9;1.0;2.0;46,99315000;3,14885000;
202300013191.0;1;42;42207;2;9;1.0;3.0;45,47721000;4,53669000;
202300013192.0;1;31;31555;2;1;1.0;3.0;43,62689000;1,43355000;
202300013193.0;5;35;35238;2;6;1.0;3.0;48,10501447; -1,70815408;
202300013194.0;1;31;31555;2;1;1.0;2.0;43,54742315;1,43928409;
202300013195.0;1;35;35238;1;1;1.0;7.0;48,08261855; -1,69690222;
202300013196.0;2;31;31555;2;1;1.0;6.0;43,56960000;1,46486000;
202300013197.0;5;33;33529;2;1;1.0;6.0;44,63423000; -1,19372000;
202300013198.0;1;26;26198;2;1;1.0;6.0;44,54618000;4,73202000;
202300013199.0;1;31;31555;2;1;1.0;3.0;43,59215000;1,39964000;
202300013200.0;1;19;19031;2;2;1.0;2.0;45,16769693;1,53144479;
202300013201.0;3;29;29232;1;9;1.0;6.0;48,03159000; -4,08393000;
202300013202.0;1;17;17415;2;1;1.0;3.0;45,73714000; -0,61524300;
202300013203.0;2;28;28404;2;6;1.0;3.0;48,71866000;1,37556000;
202300013204.0;1;14;14366;2;6;1.0;3.0;49,14370300;0,22903000;
202300013205.0;5;25;25388;2;1;1.0;6.0;47,51290000;6,78897000;
202300013206.0;1;14;14327;2;6;1.0;3.0;49,19798000; -0,33333000;
202300013207.0;1;16;16015;2;6;1.0;2.0;45,64316000;0,13622000;
202300013208.0;5;13;13106;2;3;1.0;3.0;43,39025000;5,36273000;
202300013209.0;1;13;13212;2;1;1.0;1.0;43,30041988;5,44842219;
202300013210.0;1;13;13039;1;1;1.0;2.0;43,47797003;4,90643779;
202300013211.0;1;13;13028;2;1;1.0;2.0;43,20145000;5,62255000;
202300013212.0;2;13;13208;2;1;1.0;3.0;43,25569928;5,37651984;
202300013213.0;1;07;07281;1;1;1.0;7.0;44,93669000;4,81979000;
202300013214.0;1;13;13201;2;1;1.0;3.0;43,29891000;5,38499000;
202300013215.0;1;75;75120;2;1;1.0;2.0;48,87474500;2,41054300;
202300013216.0;1;13;13211;2;1;1.0;4.0;43,28900000;5,43200000;
202300013217.0;1;75;75120;2;1;1.0;2.0;48,87318200;2,41190500;
202300013218.0;1;11;11069;2;9;6.0;3.0;43,20773500;2,31812300;
202300013219.0;1;75;75120;2;1;1.0;6.0;48,85574500;2,40516900;
202300013220.0;5;11;11069;2;2;1.0;6.0;43,22444000;2,34562000;
202300013221.0;5;75;75120;2;1;1.0;3.0;48,86347800;2,38982700;
202300013222.0;5;11;11069;2;1;1.0;6.0;43,21023536;2,35238314;
202300013223.0;1;75;75114;2;2;1.0;6.0;48,83371500;2,31498000;
202300013224.0;5;10;10387;2;1;1.0;2.0;48,30396000;4,07939000;
202300013225.0;5;75;75113;2;3;1.0;3.0;48,82738600;2,35688900;
202300013226.0;1;10;10325;2;2;1.0;3.0;48,26076000;4,06373000;
202300013227.0;1;75;75112;2;1;1.0;3.0;48,83104400;2,44888100;
202300013228.0;1;10;10333;1;9;1.0;3.0;48,28393000;4,03980000;
202300013229.0;5;75;75110;2;2;1.0;1.0;48,87898400;2,35578400;
202300013230.0;1;10;10357;2;2;1.0;3.0;48,29958017;4,11137044;
202300013231.0;5;75;75107;2;2;1.0;6.0;48,86282600;2,31346600;
202300013232.0;1;06;06088;2;1;1.0;6.0;43,70041000;7,28643000;
202300013233.0;1;75;75107;2;1;1.0;7.0;48,86102200;2,29487000;