Num_Acc;lum;departement;commune;agglomeration;intersection;meteo;type_collision;lat;long;date
202300013234.0;1;06;06159;2;9;1.0;6.0;43,70580000;7,31070000;
202300013235.0;5;75;75104;2;7;1.0;6.0;48,85293000;2,36850700;
202300013236.0;1;06;06069;2;1;1.0;3.0;43,65495800;6,92740000;
202300013237.0;1;06;06004;2;4;1.0;6.0;43,57020000;7,10972000;
202300013238.0;5;94;94074;2;3;1.0;5.0;48,76460000;2,44185000;
202300013239.0;5;75;75116;2;1;1.0;3.0;48,85064900;2,25221800;
202300013240.0;1;94;94043;2;1;1.0;3.0;48,81133104;2,36197861;
202300013241.0;5;75;75114;2;1;1.0;5.0;48,82429200;2,30637000;
202300013242.0;5;94;94022;2;9;1.0;4.0;48,77315778;2,40174678;
202300013243.0;1;75;75114;2;1;1.0;2.0;48,82522500;2,30219000;
202300013244.0;1;93;93070;2;1;1.0;6.0;48,90580736;2,33239272;
202300013245.0;5;75;75117;2;2;1.0;7.0;48,88612200;2,28802800;
202300013246.0;1;93;93031;2;3;1.0;3.0;48,95000000;2,32800000;
202300013247.0;1;75;75120;2;2;1.0;3.0;48,84892700;2,40656600;
202300013248.0;1;93;93007;2;2;1.0;3.0;48,94052587;2,44634360;
202300013249.0;5;75;75117;2;2;2.0;3.0;48,88327500;2,30194300;
202300013250.0;3;93;93005;2;2;3.0;3.0;48,95304000;2,50263000;
202300013251.0;1;92;92076;2;1;1.0;6.0;48,84684933;2,16191500;
202300013252.0;1;75;75115;2;2;1.0;6.0;48,84050200;2,29576700;
202300013253.0;5;92;92033;2;1;1.0;6.0;48,84984625;2,18446174;
202300013254.0;1;92;92073;2;1;1.0;3.0;48,87786000;2,23430000;
202300013255.0;2;92;92026;2;1;1.0;3.0;48,90088604;2,25634371;
202300013256.0;3;974;97415;1;1;1.0;6.0; -20,96640553;55,29918480;
202300013257.0;3;51;51094;1;1;1.0;7.0;48,73966300;4,71356400;
202300013258.0;1;01;01450;1;1;1.0;1.0;45,94066100;5,22703500;
202300013259.0;5;988;98810;2;1;1.0;7.0; -20,66792000;164,39285000;
202300013260.0;1;974;97422;2;2;1.0;1.0; -21,27645300;55,52084100;
202300013261.0;1;974;97412;2;1;1.0;6.0; -21,38005100;55,64937300;
202300013262.0;1;52;52147;1;1;1.0;2.0;47,83699651;5,23052044;
202300013263.0;3;62;62338;1;2;1.0;3.0;50,63346456;2,80435691;
202300013264.0;1;74;74026;2;1;1.0;2.0;45,97040700;6,05214700;
202300013265.0;1;04;04033;1;1;1.0;7.0;44,43946000;6,36968000;
202300013266.0;2;56;56070;1;1;2.0;6.0;47,91194230; -2,58128640;
202300013267.0;1;76;76272;2;9;1.0;6.0;49,81308600;0,85028700;
202300013268.0;1;80;80133;1;2;2.0;2.0;50,24276200;1,95367300;
202300013269.0;5;33;33207;2;1;1.0;7.0;44,92252700; -0,37689900;
202300013270.0;2;33;33046;1;1;1.0;6.0;44,33790000; -0,23459700;
202300013271.0;3;81;81051;1;1;2.0;6.0;43,96451100;1,92856200;
202300013272.0;3;11;11006;1;1;1.0;6.0;43,00833100;2,73559000;
202300013273.0;1;49;49358;1;1;1.0;7.0;47,19458300;0,00407700;
202300013274.0;1;42;42138;1;1;1.0;6.0;45,64695700;4,35928500;
202300013275.0;1;46;46316;1;2;1.0;3.0;44,60687700;1,32745700;
202300013276.0;3;47;47070;1;1;1.0;7.0;44,49266934;0,89250209;
202300013277.0;3;86;86281;2;1;1.0;6.0;46,70025200;0,28754300;
202300013278.0;5;68;68365;1;6;3.0;2.0;48,05422700;7,31128600;
202300013279.0;3;44;44199;2;6;1.0;6.0;47,73951500; -1,29746500;
202300013280.0;1;38;38184;2;1;2.0;1.0;45,66069700;5,08038300;
202300013281.0;1;15;15101;1;1;1.0;6.0;45,11423800;2,81913000;
202300013282.0;1;70;70245;1;2;1.0;3.0;47,92674400;6,42941600;
202300013283.0;1;66;66034;1;1;1.0;6.0;42,64064650;2,40395665;
202300013284.0;2;64;64062;1;1;2.0;1.0;43,11727500; -0,43840200;
202300013285.0;1;73;73270;2;2;7.0;6.0;45,56781200;6,15332500;
202300013286.0;3;10;10033;1;1;1.0;6.0;48,21491209;4,69531721;
202300013287.0;1;40;40062;1;3;1.0;1.0;43,91067700; -0,56191500;
202300013288.0;1;17;17241;2;3;2.0;3.0;45,20667800; -0,15777700;
202300013289.0;1;987;98734;1;1;1.0;6.0; -17,71212700; -149,50614300;
202300013290.0;3;77;77165;1;1;1.0;2.0;48,48680400;2,85146700;
202300013291.0;1;95;95430;1;1;1.0;3.0;49,07553158;2,27643371;
202300013292.0;1;40;40209;1;9;1.0;3.0;43,54145227; -1,43485032;
202300013293.0;3;988;98808;1;1;1.0;6.0; -21,16849000;165,52920000;
202300013294.0;5;77;77077;2;1;1.0;6.0;48,99509200;2,89297300;
202300013295.0;2;77;77315;2;3;1.0;3.0;48,88979000;2,82793900;
202300013296.0;1;95;95139;2;1;9.0;3.0;49,18427770;1,73182598;
202300013297.0;1;2B;2B257;1;1;1.0;1.0;42,66277000;9,27896000;
202300013298.0;1;15;15014;2;1;1.0;6.0;44,92279000;2,43782000;
202300013299.0;1;13;13204;2;1;1.0;6.0;43,31176340;5,40367751;
202300013300.0;1;13;13205;2;4;1.0;3.0;43,29240000;5,40000000;
202300013301.0;5;11;11069;2;1;1.0;6.0;43,21644000;2,35151000;
202300013302.0;5;10;10081;2;1;8.0;7.0;48,31079000;4,03969000;
202300013303.0;5;10;10362;2;1;1.0;6.0;48,29704000;4,05998000;
202300013304.0;5;05;05061;2;1;1.0;2.0;44,55487720;6,07899338;
202300013305.0;1;05;05061;2;1;1.0;6.0;44,54817000;6,06730000;
202300013306.0;5;05;05061;2;2;1.0;3.0;44,56294000;6,07698000;
202300013307.0;5;75;75112;2;1;1.0;5.0;48,82847100;2,39741800;
202300013308.0;1;75;75118;2;4;1.0;2.0;48,90086900;2,36433600;
202300013309.0;1;75;75114;2;1;1.0;3.0;48,81922800;2,32961400;
202300013310.0;5;75;75114;2;2;1.0;3.0;48,83182100;2,31411400;
202300013311.0;5;75;75117;2;3;1.0;3.0;48,88434000;2,31457500;
202300013312.0;1;75;75117;2;2;2.0;6.0;48,88381300;2,30468200;
202300013313.0;5;75;75112;2;1;1.0;2.0;48,82894700;2,38771700;
202300013314.0;5;75;75110;2;2;1.0;6.0;48,87497000;2,35733800;
202300013315.0;5;75;75109;2;2;1.0;3.0;48,87506600;2,33950500;
202300013316.0;1;75;75117;2;2;1.0;5.0;48,88566200;2,31681600;
202300013317.0;1;93;93077;2;2;1.0;3.0;48,88107000;2,52627000;
202300013318.0;1;93;93029;2;3;1.0;3.0;48,91640382;2,44415358;
202300013319.0;5;92;92020;2;1;1.0;6.0;48,80810100;2,28813600;
202300013320.0;1;39;39406;2;1;1.0;6.0;46,80102200;5,90622200;
202300013321.0;3;50;50027;1;1;1.0;7.0;48,68540800; -1,42916700;
202300013322.0;2;2A;2A070;2;1;1.0;3.0;42,06639500;8,73451700;
202300013323.0;1;17;17136;2;1;1.0;7.0;46,10640700; -1,00505700;
202300013324.0;3;06;06161;1;1;2.0;6.0;43,65790000;7,09070200;
202300013325.0;1;26;26339;1;1;1.0;7.0;44,59332100;4,79879400;
202300013326.0;2;01;01143;2;6;7.0;6.0;46,35395200;6,13941600;
202300013327.0;5;62;62261;2;2;1.0;6.0;50,50961323;1,62714373;
202300013328.0;3;62;62086;1;2;1.0;3.0;50,21815100;2,57835400;
202300013329.0;3;03;03063;1;1;1.0;2.0;46,46080007;3,96214700;
202300013330.0;3;56;56135;1;2;1.0;3.0;47,71562000; -2,44072000;
202300013331.0;1;80;80109;1;1;1.0;6.0;50,26582200;1,97933100;
202300013332.0;5;32;32162;2;3;1.0;7.0;43,75718000;0,45733500;
202300013333.0;1;11;11357;1;1;1.0;7.0;43,27176900;2,13595000;
202300013334.0;1;61;61116;1;1;1.0;6.0;48,40364000;0,92218600;
202300013335.0;1;12;12107;1;1;1.0;1.0;44,35392800;2,91699900;
202300013336.0;3;47;47203;1;1;5.0;7.0;44,39441840;0,81778136;
202300013337.0;1;34;34232;1;1;1.0;1.0;43,48504600;3,04553000;
202300013338.0;1;39;39269;1;1;1.0;7.0;46,37329600;5,70697900;
202300013339.0;1;29;29217;2;1;1.0;6.0;47,85836200; -3,75197200;
202300013340.0;1;29;29235;2;3;1.0;3.0;48,40294600; -4,40672500;
202300013341.0;5;26;26165;1;1;6.0;1.0;44,77686601;4,84763618;
202300013342.0;3;54;54546;1;1;1.0;6.0;48,94472906;6,04048491;
202300013343.0;1;36;36062;1;1;1.0;3.0;46,46390363;1,59934718;
202300013344.0;1;07;07069;1;4;1.0;1.0;45,05465100;4,70788600;
202300013345.0;3;17;17327;1;2;1.0;7.0;46,08689400; -0,59158800;
202300013346.0;1;08;08490;2;1;1.0;6.0;49,39751000;4,70179500;
202300013347.0;1;66;66213;2;9;2.0;3.0;42,66912100;2,83157100;
202300013348.0;3;68;68278;1;1;2.0;6.0;47,74880100;7,42039800;
202300013349.0;3;45;45154;1;1;1.0;5.0;48,00629000;1,84776300;
202300013350.0;1;987;98757;2;1;1.0;7.0; -9,36438000; -140,04687800;
202300013351.0;1;988;98802;1;1;1.0;6.0; -21,85711700;165,96294900;
202300013352.0;1;978;97801;2;3;1.0;6.0;18,06690700; -63,08143600;
202300013353.0;1;29;29233;2;3;1.0;3.0;47,87788307; -3,55273783;
202300013354.0;5;95;95355;2;1;1.0;6.0;49,15091600;1,78768800;
202300013355.0;3;34;34341;1;1;1.0;6.0;43,48489000;3,60980300;
202300013356.0;5;84;84078;2;1;1.0;7.0;44,23405800;4,71164900;
202300013357.0;1;67;67520;1;1;2.0;7.0;48,62586700;7,42387200;
202300013358.0;3;38;38377;1;4;1.0;3.0;45,57668500;5,51413400;
202300013359.0;1;79;79049;2;6;1.0;6.0;46,83976000; -0,48885000;
202300013360.0;1;50;50041;2;1;1.0;6.0;49,59597600; -1,77473700;
202300013361.0;5;80;80485;2;1;1.0;3.0;49,77589000;2,17599000;
202300013362.0;1;13;13106;1;1;1.0;3.0;43,40248000;5,35641000;
202300013363.0;1;13;13213;1;1;1.0;3.0;43,32286571;5,42302103;
202300013364.0;3;01;01275;1;1;1.0;7.0;45,80777000;4,92867000;
202300013365.0;1;69;69273;1;1;1.0;4.0;45,68097540;4,89141479;
202300013366.0;1;67;67482;1;9;1.0;4.0;48,59003000;7,73188000;
202300013367.0;1;92;92035;2;1;1.0;3.0;48,90665091;2,24627137;
202300013368.0;2;94;94034;1;1;1.0;2.0;48,76020129;2,32061692;
202300013369.0;2;78;78090;1;1;1.0;6.0;48,97037000;1,90638000;
202300013370.0;1;92;92025;2;1;1.0;6.0;48,92888870;2,26194799;
202300013371.0;3;92;92064;1;1;1.0;2.0;48,83822910;2,19103797;
202300013372.0;5;92;92025;1;1;1.0;2.0;48,93240740;2,24852678;
202300013373.0;5;92;92060;2;2;2.0;7.0;48,78577808;2,27480534;
202300013374.0;1;92;92078;1;1;1.0;7.0;48,92763153;2,33315814;
202300013375.0;1;92;92004;2;1;1.0;3.0;48,91955894;2,28017978;
202300013376.0;1;93;93005;1;1;8.0;2.0;48,94145700;2,47843623;
202300013377.0;1;75;75120;2;1;8.0;2.0;48,85437700;2,41407900;
202300013378.0;1;81;81131;1;2;8.0;3.0;43,89555400;1,96881700;
202300013379.0;1;75;75113;2;1;8.0;2.0;48,81641000;2,34591700;
202300013380.0;3;51;51270;1;1;2.0;5.0;48,61332400;4,56377900;
202300013381.0;5;75;75119;2;7;1.0;3.0;48,88199900;2,39329300;
202300013382.0;5;75;75117;2;3;1.0;3.0;48,88235500;2,32098100;
202300013383.0;2;91;91340;2;1;2.0;2.0;48,60558900;2,43074700;
202300013384.0;1;75;75117;2;2;2.0;7.0;48,87512400;2,29598400;
202300013385.0;1;43;43185;1;1;2.0;1.0;45,41566900;3,29603800;
202300013386.0;5;75;75104;2;2;1.0;3.0;48,84950700;2,36564700;
202300013387.0;1;94;94078;2;3;1.0;1.0;48,76046100;2,44301900;
202300013388.0;1;57;57629;1;1;2.0;1.0;48,76732100;7,06703100;
202300013389.0;3;94;94079;2;1;2.0;2.0;48,83466000;2,54944000;
202300013390.0;3;71;71543;1;1;3.0;2.0;46,56462000;4,89587100;
202300013391.0;1;93;93070;2;3;2.0;3.0;48,91256404;2,33464032;
202300013392.0;1;93;93048;2;2;2.0;3.0;48,87358000;2,43369000;
202300013393.0;5;85;85233;2;1;1.0;3.0;46,52574100; -1,06850600;
202300013394.0;1;93;93029;2;3;2.0;6.0;48,92842000;2,45223000;
202300013395.0;1;92;92064;2;1;2.0;6.0;48,84435940;2,20842227;
202300013396.0;2;83;83130;2;9;2.0;1.0;43,19628900;6,03977400;
202300013397.0;1;92;92062;2;9;2.0;6.0;48,88474000;2,23964000;
202300013398.0;5;92;92012;2;1;1.0;6.0;48,84048654;2,22860831;
202300013399.0;1;31;31282;2;1;1.0;1.0;43,67707300;1,44710300;
202300013400.0;5;62;62851;2;1;1.0;6.0;50,59100400;2,70276000;
202300013401.0;1;83;83140;1;3;1.0;6.0;43,40728500;5,89941100;
202300013402.0;5;971;97132;1;1;2.0;5.0;15,98676500; -61,61749700;
202300013403.0;1;31;31157;2;1;1.0;6.0;43,53456100;1,35552900;
202300013404.0;1;42;42032;2;1;1.0;2.0;45,52135500;4,54011000;
202300013405.0;1;59;59631;1;1;1.0;7.0;50,07041500;3,33455700;
202300013406.0;1;95;95527;2;1;1.0;3.0;49,02477584;2,49922924;
202300013407.0;1;56;56231;1;1;1.0;6.0;47,67218000; -2,70492000;
202300013408.0;3;82;82134;2;1;1.0;1.0;44,07182400;1,52104900;
202300013409.0;1;56;56008;2;1;1.0;6.0;47,61886800; -2,91581000;
202300013410.0;1;82;82192;1;4;1.0;6.0;43,92499100;1,52596200;
202300013411.0;3;33;33026;1;1;1.0;1.0;44,49082700; -0,45174800;
202300013412.0;1;32;32464;1;1;1.0;6.0;43,41563200;0,22408200;
202300013413.0;1;63;63418;1;1;1.0;6.0;45,77851162;3,47935081;
202300013414.0;5;42;42302;2;1;1.0;6.0;45,48480100;4,44933400;
202300013415.0;1;47;47100;1;3;1.0;3.0;44,25946200;0,64051200;
202300013416.0;4;71;71263;2;3;2.0;6.0;46,62996700;5,22616600;
202300013417.0;3;35;35095;1;1;1.0;6.0;48,55346100; -1,75841300;
202300013418.0;1;13;13010;1;1;6.0;1.0;43,89695700;4,77865600;
202300013419.0;3;26;26229;1;1;1.0;6.0;44,24582900;5,22957800;
202300013420.0;1;14;14326;1;1;1.0;1.0;49,17334300;0,30107300;
202300013421.0;1;63;63003;1;9;1.0;3.0;45,54959100;3,74548600;
202300013422.0;2;64;64411;1;1;1.0;1.0;43,20125800; -1,01339200;
202300013423.0;1;18;18176;1;1;1.0;7.0;47,27590700;2,54572400;
202300013424.0;3;40;40117;1;9;5.0;6.0;43,79230200; -0,44531100;
202300013425.0;1;17;17365;1;1;1.0;1.0;45,23386300; -0,19510500;
202300013426.0;1;35;35207;1;2;1.0;3.0;48,07943900; -1,47871500;
202300013427.0;1;87;87051;1;1;8.0;6.0;45,64630600;1,57392000;
202300013428.0;3;30;30008;1;1;1.0;6.0;44,19688900;4,22799200;
202300013429.0;2;35;35207;1;1;2.0;7.0;48,08901100; -1,51478500;
202300013430.0;3;08;08363;1;1;2.0;6.0;49,94509256;4,64122260;
202300013431.0;1;987;98734;1;1;1.0;6.0; -17,77482300; -149,47285700;
202300013432.0;5;971;97103;1;1;1.0;1.0;16,25335500; -61,56684600;
202300013433.0;1;13;13018;1;1;1.0;1.0;43,87668800;4,94115500;
202300013434.0;1;35;35010;1;3;9.0;2.0;48,54479600; -1,70994600;
202300013435.0;1;988;98831;1;9;1.0;1.0; -20,84337100;164,56979100;
202300013436.0;1;988;98825;1;1;2.0;7.0; -21,28533600;165,00510000;
202300013437.0;1;31;31202;1;1;2.0;1.0;43,84185200;1,36256100;
202300013438.0;3;95;95658;1;1;8.0;6.0;49,07726512;1,94468614;
202300013439.0;3;95;95177;1;1;8.0;5.0;49,12090436;2,02695558;
202300013440.0;3;2B;2B193;1;1;9.0;7.0;42,36910700;9,18274100;
202300013441.0;1;11;11429;1;1;1.0;6.0;43,24585500;2,39140900;
202300013442.0;3;38;38184;1;3;1.0;3.0;45,66589700;5,09162100;
202300013443.0;3;68;68147;1;1;1.0;2.0;48,17541600;7,32316000;
202300013444.0;1;03;03254;1;1;8.0;6.0;46,28110400;3,26848100;
202300013445.0;3;67;67192;1;1;1.0;1.0;48,34585300;7,61665000;
202300013446.0;1;66;66049;2;1;1.0;1.0;42,50147500;2,76130600;
202300013447.0;1;73;73213;1;1;1.0;3.0;45,57177000;5,95826100;
202300013448.0;3;42;42168;1;1;1.0;6.0;45,42764600;4,66171700;
202300013449.0;3;01;01027;1;1;1.0;2.0;45,85006400;5,09671700;
202300013450.0;1;69;69243;2;1;1.0;6.0;45,89327500;4,43783300;
202300013451.0;3;69;69159;1;1;1.0;7.0;45,97416500;4,62433200;
202300013452.0;1;14;14761;2;3;3.0;1.0;49,11962700; -0,19559700;
202300013453.0;1;33;33073;1;3;1.0;5.0;45,24544200; -0,64253900;
202300013454.0;1;36;36052;1;2;8.0;3.0;46,95397287;2,06190392;
202300013455.0;1;50;50564;1;1;1.0;6.0;49,23094500; -1,30491100;
202300013456.0;3;50;50298;1;1;2.0;6.0;49,28715100; -1,29809300;
202300013457.0;1;22;22136;1;1;1.0;1.0;48,18082400; -2,72321500;
202300013458.0;1;17;17292;1;2;3.0;2.0;45,96329200; -0,74995600;
202300013459.0;1;60;60342;1;1;2.0;2.0;49,29652761;2,45237620;
202300013460.0;1;17;17466;1;1;1.0;7.0;46,21474100; -0,99119400;
202300013461.0;1;59;59084;1;2;1.0;1.0;50,68745900;2,36912000;
202300013462.0;1;37;37050;2;1;3.0;6.0;47,33606500;0,70091700;
202300013463.0;1;13;13211;1;1;1.0;4.0;43,29468737;5,46455936;
202300013464.0;1;69;69271;1;1;1.0;4.0;45,75274124;4,98558693;
202300013465.0;3;91;91589;1;1;1.0;2.0;48,67261000;2,34418000;
202300013466.0;3;988;98805;2;1;1.0;6.0; -22,19523300;166,44634700;
202300013467.0;3;91;91434;1;1;1.0;3.0;48,66980000;2,34955000;
202300013468.0;1;94;94037;1;1;2.0;4.0;48,81567897;2,33682579;
202300013469.0;1;31;31571;1;2;8.0;1.0;43,59726600;1,77029000;
202300013470.0;3;78;78646;1;1;1.0;6.0;48,79240800;2,07335400;
202300013471.0;3;84;84081;1;1;1.0;6.0;43,92565500;4,91331300;
202300013472.0;5;92;92062;1;1;1.0;4.0;48,88818802;2,24926628;
202300013473.0;1;93;93066;1;1;2.0;5.0;48,92207000;2,35707000;
202300013474.0;4;62;62426;1;1;2.0;4.0;50,23576564;2,85470444;
202300013475.0;1;95;95127;1;1;1.0;4.0;49,04122122;2,08079948;
202300013476.0;1;93;93027;1;1;2.0;6.0;48,92684000;2,40341000;
202300013477.0;3;988;98803;1;1;1.0;1.0; -21,46117700;165,48809100;
202300013478.0;3;95;95018;1;1;1.0;2.0;48,95967623;2,27188361;
202300013479.0;1;973;97311;2;1;1.0;1.0;5,49308700; -54,00950800;
202300013480.0;3;95;95277;1;1;1.0;4.0;48,97369139;2,48648286;
202300013481.0;5;06;06030;2;1;1.0;6.0;43,57283000;7,01639000;
202300013482.0;1;971;97106;2;1;1.0;3.0;16,16105000; -61,77429400;
202300013483.0;1;51;51108;2;1;8.0;6.0;48,96771902;4,35806125;
202300013484.0;1;988;98818;2;6;1.0;2.0; -22,24653000;166,44790000;
202300013485.0;1;972;97228;1;1;1.0;1.0;14,80493400; -61,00956400;
202300013486.0;1;974;97411;2;6;1.0;3.0; -20,89016000;55,46145000;
202300013487.0;1;974;97411;2;9;1.0;3.0; -20,88551000;55,45099000;
202300013488.0;1;91;91111;2;2;1.0;3.0;48,62108000;2,11699200;
202300013489.0;1;974;97407;1;9;2.0;2.0; -20,95301000;55,30693000;
202300013490.0;1;66;66180;2;1;1.0;6.0;42,77360000;3,01273200;
202300013491.0;2;973;97302;2;9;2.0;3.0;4,93041000; -52,31408000;
202300013492.0;1;973;97302;2;1;1.0;6.0;4,94144761; -52,33238161;
202300013493.0;3;13;13081;1;1;2.0;5.0;43,49340200;5,21435400;
202300013494.0;1;69;69386;2;2;1.0;4.0;45,77247000;4,84311000;
202300013495.0;1;69;69387;2;1;1.0;3.0;45,75022000;4,83911000;
202300013496.0;5;69;69034;2;1;1.0;6.0;45,80413000;4,86027000;
202300013497.0;1;13;13041;1;1;1.0;4.0;43,45771200;5,46355600;
202300013498.0;5;69;69202;2;1;1.0;6.0;45,74744000;4,79659000;
202300013499.0;1;971;97120;2;1;1.0;6.0;16,24095000; -61,53018000;
202300013500.0;1;25;25032;2;1;8.0;4.0;47,37781100;6,37793900;
202300013501.0;5;95;95585;2;3;1.0;6.0;48,99616119;2,37127125;
202300013502.0;1;68;68265;2;4;2.0;7.0;47,65024200;7,37795000;
202300013503.0;1;91;91645;2;9;8.0;3.0;48,74614000;2,26683000;
202300013504.0;5;91;91174;2;1;1.0;3.0;48,60440000;2,46828000;
202300013505.0;1;67;67300;2;3;1.0;2.0;48,53730900;7,50133400;
202300013506.0;1;87;87065;2;3;1.0;2.0;45,80815000;1,29909000;
202300013507.0;1;87;87085;2;3;2.0;3.0;45,82188000;1,26410000;
202300013508.0;1;57;57645;1;7;1.0;6.0;49,19835654;6,14952207;
202300013509.0;1;84;84007;2;1;1.0;1.0;43,94183000;4,82742000;
202300013510.0;1;57;57155;1;1;8.0;1.0;49,11193800;6,37359900;
202300013511.0;5;57;57620;2;1;3.0;6.0;49,19522900;5,99824500;
202300013512.0;5;83;83126;2;1;1.0;1.0;43,11161000;5,86320000;
202300013513.0;5;83;83061;2;1;1.0;6.0;43,43179900;6,75145200;
202300013514.0;5;80;80001;2;1;9.0;6.0;50,11275200;1,82415100;
202300013515.0;1;26;26235;1;2;3.0;3.0;44,36159500;4,67980600;
202300013516.0;1;78;78440;2;6;1.0;3.0;48,99686900;1,91319100;
202300013517.0;5;77;77139;2;1;1.0;3.0;48,91247000;2,59513000;
202300013518.0;1;69;69175;1;3;2.0;3.0;45,79814594;4,58848475;
202300013519.0;2;77;77350;1;3;1.0;3.0;48,75637611;2,70515746;
202300013520.0;2;77;77210;1;1;1.0;1.0;48,42511300;2,90806400;
202300013521.0;3;77;77209;2;1;1.0;7.0;48,86079000;2,69399000;
202300013522.0;1;81;81039;2;3;1.0;6.0;43,75142800;1,90798900;
202300013523.0;3;73;73065;1;1;1.0;6.0;45,59903000;5,92487000;
202300013524.0;1;72;72181;2;1;1.0;6.0;47,99419000;0,19238000;
202300013525.0;5;69;69029;2;3;1.0;1.0;45,73752227;4,89632204;
202300013526.0;1;81;81031;1;1;2.0;5.0;43,62879710;2,41719760;
202300013527.0;1;69;69259;2;3;1.0;2.0;45,70063000;4,88132000;
202300013528.0;3;19;19098;1;1;3.0;1.0;45,17611058;1,85624602;
202300013529.0;1;66;66136;2;1;1.0;6.0;42,69785916;2,93596208;
202300013530.0;5;19;19101;1;1;2.0;7.0;45,24967900;1,78435600;
202300013531.0;1;66;66141;1;6;1.0;3.0;42,72933100;2,91641000;
202300013532.0;5;64;64545;2;9;1.0;3.0;43,37449000; -1,67900000;
202300013533.0;2;64;64122;2;1;1.0;6.0;43,48176800; -1,55635900;
202300013534.0;1;19;19098;1;1;2.0;1.0;45,17611058;1,85624602;
202300013535.0;5;62;62133;2;1;1.0;7.0;50,41362700;2,90814900;
202300013536.0;1;61;61001;2;1;1.0;7.0;48,43800000;0,06627000;
202300013537.0;3;33;33104;1;1;3.0;6.0;44,97445300; -0,82388900;
202300013538.0;5;60;60057;2;1;2.0;3.0;49,43486393;2,08885074;
202300013539.0;1;59;59512;2;8;1.0;3.0;50,68126000;3,16792000;
202300013540.0;5;59;59009;2;1;1.0;6.0;50,64925000;3,15834000;
202300013541.0;5;59;59122;2;1;8.0;6.0;50,17615000;3,25315000;
202300013542.0;1;33;33380;1;2;8.0;3.0;45,28064046; -0,46147272;
202300013543.0;5;54;54357;2;1;2.0;6.0;48,70852000;6,16688000;
202300013544.0;1;14;14762;2;3;8.0;6.0;48,84239800; -0,88912500;
202300013545.0;1;54;54395;2;2;1.0;3.0;48,68680000;6,18540000;
202300013546.0;5;54;54395;2;2;2.0;2.0;48,68955000;6,19382000;
202300013547.0;2;27;27501;1;1;2.0;1.0;49,06127000;1,36101700;
202300013548.0;5;54;54395;2;2;8.0;3.0;48,69178200;6,19299800;
202300013549.0;3;13;13043;1;1;2.0;5.0;43,38348165;5,23054559;
202300013550.0;1;51;51454;2;2;2.0;6.0;49,25612462;4,03349787;
202300013551.0;3;49;49015;2;1;1.0;6.0;47,51248000; -0,61830000;
202300013552.0;1;69;69290;1;1;1.0;3.0;45,71854000;4,93780000;
202300013553.0;1;48;48095;2;3;1.0;1.0;44,52308000;3,49547000;
202300013554.0;1;43;43157;2;1;1.0;2.0;45,04733000;3,88022000;
202300013555.0;4;33;33448;1;1;2.0;4.0;44,72173713; -0,52328020;
202300013556.0;1;91;91521;1;1;8.0;3.0;48,63875000;2,39591000;
202300013557.0;1;41;41018;2;6;1.0;7.0;47,61091000;1,33886000;
202300013558.0;3;95;95500;1;1;2.0;3.0;49,03717000;2,09074000;
202300013559.0;5;39;39198;2;1;1.0;6.0;47,08668500;5,48414700;
202300013560.0;5;93;93066;1;1;2.0;3.0;48,91913000;2,35720000;
202300013561.0;1;92;92036;1;1;1.0;3.0;48,93837004;2,30014011;
202300013562.0;1;95;95582;1;1;1.0;6.0;48,96342400;2,26471100;
202300013563.0;3;95;95582;1;1;2.0;6.0;48,97030800;2,24959800;
202300013564.0;1;95;95572;1;1;2.0;4.0;49,03189623;2,11539388;
202300013565.0;1;93;93078;1;1;1.0;3.0;48,96300436;2,52239723;
202300013566.0;1;77;77373;1;1;1.0;6.0;48,79932574;2,62419184;
202300013567.0;2;77;77373;1;1;2.0;6.0;48,76423400;2,61541914;
202300013568.0;3;77;77337;1;1;2.0;6.0;48,82902097;2,61865052;
202300013569.0;1;94;94052;1;1;2.0;2.0;48,83736648;2,49419421;
202300013570.0;1;69;69387;2;2;1.0;3.0;45,75239000;4,84434000;
202300013571.0;1;06;06069;2;1;1.0;1.0;43,65779000;6,93114000;
202300013572.0;3;32;32365;1;1;2.0;7.0;43,34568600;0,63626300;
202300013573.0;1;974;97416;1;1;1.0;3.0; -21,32384000;55,44530000;
202300013574.0;2;974;97407;2;6;1.0;6.0; -20,94534000;55,32575000;
202300013575.0;1;973;97302;2;3;1.0;3.0;4,93142797; -52,32467562;
202300013576.0;5;973;97302;2;1;1.0;6.0;4,93698896; -52,32785270;
202300013577.0;1;973;97302;2;4;1.0;7.0;4,91755000; -52,31286000;
202300013578.0;1;69;69383;2;3;2.0;6.0;45,76133000;4,86409000;
202300013579.0;5;2B;2B033;2;2;1.0;3.0;42,69918000;9,45118000;
202300013580.0;1;971;97113;2;1;1.0;6.0;16,20618000; -61,49213000;
202300013581.0;3;971;97101;1;1;1.0;2.0;16,30518000; -61,49221000;
202300013582.0;1;971;97101;2;4;1.0;3.0;16,27060343; -61,50547206;