Num_Acc;lum;departement;commune;agglomeration;intersection;meteo;type_collision;lat;long;date
202300013583.0;3;971;97113;1;1;1.0;2.0;16,21854000; -61,50663000;
202300013584.0;1;87;87085;2;6;1.0;7.0;45,84349000;1,26300000;
202300013585.0;5;81;81004;1;6;1.0;7.0;43,91866000;2,18053000;
202300013586.0;5;80;80021;1;1;1.0;2.0;49,91802000;2,29288000;
202300013587.0;3;77;77450;1;1;1.0;1.0;48,70692000;2,59631000;
202300013588.0;1;77;77449;2;3;1.0;7.0;48,85099000;2,78690000;
202300013589.0;2;76;76498;2;1;6.0;3.0;49,42250000;1,06638000;
202300013590.0;1;76;76351;2;2;2.0;7.0;49,49853000;0,10079000;
202300013591.0;2;74;74012;2;1;1.0;3.0;46,17874300;6,23653600;
202300013592.0;1;74;74010;2;3;1.0;6.0;45,90540000;6,12613000;
202300013593.0;1;72;72181;2;9;2.0;3.0;48,00391000;0,20259000;
202300013594.0;4;72;72181;2;9;2.0;3.0;47,99146000;0,20573000;
202300013595.0;2;71;71486;1;1;1.0;3.0;46,65078000;4,33937000;
202300013596.0;3;70;70550;2;1;6.0;7.0;47,63223000;6,16181000;
202300013597.0;5;69;69256;2;1;2.0;3.0;45,77199487;4,91095329;
202300013598.0;5;69;69266;2;3;3.0;2.0;45,77915134;4,87902508;
202300013599.0;1;68;68224;2;3;8.0;3.0;47,73781000;7,31784000;
202300013600.0;1;64;64189;2;1;1.0;2.0;43,38097000; -1,66824000;
202300013601.0;5;64;64102;2;6;2.0;2.0;43,50052000; -1,48120000;
202300013602.0;1;63;63300;2;1;2.0;6.0;45,88600406;3,12030762;
202300013603.0;1;61;61001;2;1;1.0;6.0;48,43840000;0,10452000;
202300013604.0;1;59;59339;1;1;1.0;6.0;50,68039000;3,22394000;
202300013605.0;3;59;59368;2;1;2.0;6.0;50,64890000;3,07207000;
202300013606.0;5;56;56098;2;6;2.0;3.0;47,76301000; -3,32863000;
202300013607.0;1;54;54273;2;2;7.0;6.0;49,16478000;5,86541000;
202300013608.0;5;51;51454;2;1;2.0;1.0;49,22993000;4,06638000;
202300013609.0;1;49;49246;2;2;1.0;3.0;47,42868000; -0,52771000;
202300013610.0;1;49;49007;2;2;1.0;6.0;47,45257000; -0,54055000;
202300013611.0;1;49;49015;2;3;1.0;1.0;47,51389000; -0,61568000;
202300013612.0;1;47;47001;2;1;2.0;2.0;44,20655000;0,63626000;
202300013613.0;1;46;46042;1;1;1.0;3.0;44,41217000;1,46776000;
202300013614.0;1;45;45004;2;6;1.0;3.0;47,98660637;2,76911080;
202300013615.0;1;37;37261;2;2;2.0;3.0;47,39778000;0,69950000;
202300013616.0;1;35;35055;2;1;1.0;6.0;48,08681853; -1,61594778;
202300013617.0;1;35;35281;2;3;3.0;3.0;48,09441000; -1,70568000;
202300013618.0;2;35;35238;2;5;3.0;3.0;48,09725000; -1,65780000;
202300013619.0;5;33;33522;2;6;1.0;2.0;44,79659000; -0,57948000;
202300013620.0;5;33;33249;2;1;2.0;3.0;44,86356005; -0,53715698;
202300013621.0;2;25;25462;2;3;8.0;1.0;46,89416000;6,36450000;
202300013622.0;1;13;13103;2;3;1.0;6.0;43,64149000;5,09704000;
202300013623.0;5;13;13211;2;2;1.0;3.0;43,28994000;5,42612000;
202300013624.0;2;13;13075;2;1;1.0;2.0;43,35051137;5,47091228;
202300013625.0;1;13;13215;2;4;1.0;6.0;43,32605000;5,36119000;
202300013626.0;5;11;11069;2;3;1.0;3.0;43,22308000;2,36002000;
202300013627.0;1;06;06069;2;3;2.0;4.0;43,63949600;6,94947870;
202300013628.0;1;06;06004;2;1;8.0;6.0;43,57924180;7,12201620;
202300013629.0;1;04;04070;2;1;1.0;6.0;44,08700000;6,22831000;
202300013630.0;1;01;01053;2;1;2.0;2.0;46,21450000;5,24290000;
202300013631.0;1;75;75119;2;1;1.0;6.0;48,88646600;2,37142800;
202300013632.0;5;75;75116;2;3;2.0;3.0;48,83879398;2,26132751;
202300013633.0;1;75;75115;2;2;1.0;3.0;48,84119000;2,29180500;
202300013634.0;1;75;75113;2;2;3.0;6.0;48,82101300;2,35075600;
202300013635.0;5;75;75111;2;2;1.0;6.0;48,85779200;2,37093100;
202300013636.0;1;75;75120;2;1;1.0;6.0;48,85770200;2,39227600;
202300013637.0;1;75;75110;2;3;2.0;6.0;48,87061200;2,35501600;
202300013638.0;2;75;75110;2;7;2.0;2.0;48,86849500;2,36298300;
202300013639.0;1;75;75110;2;3;2.0;3.0;48,87060500;2,35500100;
202300013640.0;1;75;75110;2;1;1.0;6.0;48,87680400;2,36102500;
202300013641.0;5;75;75109;2;2;2.0;6.0;48,87362400;2,33534600;
202300013642.0;1;75;75109;2;2;3.0;6.0;48,87526100;2,33229100;
202300013643.0;1;75;75107;2;2;1.0;4.0;48,85177393;2,31384400;
202300013644.0;1;94;94074;2;1;2.0;2.0;48,77125000;2,44026000;
202300013645.0;1;94;94078;2;1;1.0;3.0;48,72924200;2,44713000;
202300013646.0;5;94;94074;2;1;1.0;2.0;48,75135700;2,46136400;
202300013647.0;5;94;94033;2;1;2.0;6.0;48,85333000;2,47588000;
202300013648.0;1;94;94028;2;1;1.0;2.0;48,77701508;2,44166724;
202300013649.0;3;94;94028;2;1;1.0;6.0;48,79126000;2,46526000;
202300013650.0;1;94;94071;2;1;1.0;3.0;48,76670000;2,50886000;
202300013651.0;1;37;37228;1;1;1.0;2.0;47,25689300;0,16255300;
202300013652.0;1;93;93078;2;1;8.0;4.0;48,95629216;2,54134427;
202300013653.0;1;56;56033;1;2;1.0;3.0;47,82063300; -2,12404100;
202300013654.0;1;93;93066;2;1;2.0;5.0;48,94145000;2,34243000;
202300013655.0;3;56;56002;1;1;1.0;6.0;47,55580000; -2,49632000;
202300013656.0;5;93;93064;2;1;2.0;6.0;48,87741700;2,49901500;
202300013657.0;1;76;76232;2;1;8.0;7.0;49,79729200;0,47142500;
202300013658.0;5;93;93031;2;1;2.0;3.0;48,96007000;2,29869000;
202300013659.0;1;76;76524;2;2;1.0;3.0;49,75140200;0,86632400;
202300013660.0;5;93;93029;2;1;2.0;1.0;48,91722000;2,41967600;
202300013661.0;3;80;80271;2;1;1.0;7.0;50,01225900;3,11903900;
202300013662.0;1;93;93029;2;1;1.0;3.0;48,92298000;2,45779000;
202300013663.0;1;65;65129;2;1;1.0;2.0;43,29315300;0,51828900;
202300013664.0;1;93;93029;2;3;1.0;2.0;48,92340000;2,45931000;
202300013665.0;1;81;81128;1;4;1.0;1.0;43,65604435;2,36735031;
202300013666.0;1;92;92063;2;1;1.0;6.0;48,86959032;2,18547240;
202300013667.0;1;11;11262;1;1;1.0;7.0;43,16350700;3,05151700;
202300013668.0;3;63;63003;1;1;3.0;6.0;45,56758520;3,71462591;
202300013669.0;1;92;92051;2;1;1.0;5.0;48,88330756;2,26485443;
202300013670.0;5;63;63453;2;1;1.0;6.0;45,78616400;3,28396100;
202300013671.0;5;92;92051;2;1;1.0;2.0;48,87955016;2,27702683;
202300013672.0;1;46;46317;1;1;2.0;7.0;44,81034293;1,74710408;
202300013673.0;2;92;92048;2;1;2.0;3.0;48,78203474;2,22628579;
202300013674.0;1;29;29273;1;9;1.0;3.0;48,69437400; -4,03460000;
202300013675.0;1;92;92035;2;2;8.0;3.0;48,90493509;2,25365710;
202300013676.0;1;31;31143;1;1;2.0;7.0;43,05789000;0,63532900;
202300013677.0;2;92;92012;2;1;2.0;2.0;48,83070344;2,23440921;
202300013678.0;2;38;38343;1;2;1.0;1.0;45,54304000;5,66227000;
202300013679.0;1;92;92012;2;1;2.0;3.0;48,83368543;2,24398792;
202300013680.0;1;15;15187;2;1;1.0;1.0;45,04014100;3,07013900;
202300013681.0;1;92;92012;2;2;8.0;4.0;48,82607000;2,23311000;
202300013682.0;1;01;01374;1;2;1.0;3.0;46,11861100;5,29732000;
202300013683.0;3;92;92004;2;1;1.0;2.0;48,91309373;2,30692363;
202300013684.0;1;70;70567;1;3;2.0;3.0;47,54587900;6,64929800;
202300013685.0;5;92;92002;2;1;2.0;3.0;48,74022403;2,28017235;
202300013686.0;1;54;54018;1;1;1.0;5.0;49,27808200;5,87521100;
202300013687.0;1;72;72071;1;1;1.0;1.0;47,68791900;0,45027300;
202300013688.0;2;60;60590;1;3;8.0;4.0;49,53755400;1,99779500;
202300013689.0;1;14;14716;1;2;1.0;1.0;49,18206924; -0,72347546;
202300013690.0;2;60;60387;2;1;1.0;3.0;49,57757200;1,96322700;
202300013691.0;1;63;63116;2;1;3.0;6.0;45,98226300;3,08808000;
202300013692.0;1;50;50378;1;2;1.0;3.0;48,97647100; -1,24124100;
202300013693.0;3;40;40185;1;4;3.0;7.0;43,59570800; -0,36724800;
202300013694.0;1;64;64410;2;3;1.0;5.0;43,37845800; -0,60269200;
202300013695.0;3;40;40197;1;1;1.0;6.0;44,03688700; -0,96293400;
202300013696.0;3;40;40062;2;1;1.0;6.0;43,91753700; -0,60155500;
202300013697.0;3;01;01288;1;3;8.0;1.0;46,19995800;5,94988000;
202300013698.0;1;85;85280;1;1;1.0;5.0;46,87485400; -1,94787900;
202300013699.0;1;22;22020;1;1;2.0;6.0;48,29252000; -2,21602000;
202300013700.0;1;30;30106;1;1;1.0;3.0;43,97940600;3,92799900;
202300013701.0;5;974;97413;2;1;1.0;3.0; -21,23168900;55,29648700;
202300013702.0;1;08;08095;2;1;1.0;6.0;49,57453900;4,71045800;
202300013703.0;1;85;85109;2;1;2.0;7.0;46,86764400; -1,02495800;
202300013704.0;1;08;08203;1;1;1.0;7.0;49,68385000;4,65495200;
202300013705.0;1;57;57119;1;1;2.0;2.0;48,73026600;7,07056000;
202300013706.0;2;13;13114;1;1;7.0;1.0;43,54590800;5,33385200;
202300013707.0;1;988;98825;1;1;1.0;6.0; -21,20940900;164,89205000;
202300013708.0;2;62;62870;1;1;2.0;1.0;50,39341800;1,72725700;
202300013709.0;5;973;97305;2;3;1.0;2.0;5,00435600; -52,46226000;
202300013710.0;1;77;77182;2;1;1.0;6.0;48,78178000;3,29600000;
202300013711.0;4;971;97107;1;1;2.0;6.0;16,08789800; -61,56312300;
202300013712.0;4;95;95056;2;2;1.0;3.0;49,09028100;2,36868300;
202300013713.0;1;45;45082;1;2;1.0;3.0;47,88324700;2,19855300;
202300013714.0;3;77;77504;1;1;1.0;7.0;48,28721900;2,86534000;
202300013715.0;1;56;56061;2;1;2.0;6.0;47,76328700; -2,12986700;
202300013716.0;2;82;82165;1;1;1.0;3.0;44,06798500;0,86927200;
202300013717.0;5;33;33490;2;3;1.0;3.0;45,43063900; -1,03508600;
202300013718.0;1;30;30156;2;1;1.0;1.0;43,87501800;4,44330700;
202300013719.0;1;81;81288;1;3;1.0;3.0;43,43930500;2,03491800;
202300013720.0;1;83;83101;1;1;1.0;3.0;43,24855100;6,64665600;
202300013721.0;3;11;11195;1;2;2.0;2.0;43,27794700;1,97974900;
202300013722.0;3;38;38468;1;1;1.0;5.0;45,34330800;4,80780600;
202300013723.0;1;63;63258;2;1;8.0;1.0;45,69242500;3,59459500;
202300013724.0;3;89;89067;1;1;1.0;1.0;47,98338400;3,33555800;
202300013725.0;3;49;49125;1;1;1.0;6.0;47,21442300; -0,27783400;
202300013726.0;2;68;68063;2;3;1.0;1.0;47,79613900;7,17285600;
202300013727.0;1;26;26173;1;1;1.0;6.0;44,97038900;5,11089600;
202300013728.0;3;26;26367;1;1;1.0;6.0;44,37644700;5,10456600;
202300013729.0;1;22;22152;1;1;2.0;3.0;48,77018200; -3,26861600;
202300013730.0;1;01;01043;2;1;1.0;7.0;45,83256700;5,00349500;
202300013731.0;1;25;25127;1;1;1.0;6.0;47,20236000;6,82214000;
202300013732.0;1;01;01187;1;3;2.0;1.0;46,10866700;5,69514000;
202300013733.0;1;69;69206;2;1;1.0;3.0;46,05353900;4,72068800;
202300013734.0;2;38;38094;1;1;1.0;1.0;45,48537800;5,20604100;
202300013735.0;1;31;31451;2;1;1.0;6.0;43,45528300;1,99725900;
202300013736.0;1;26;26238;1;1;8.0;6.0;44,38929600;5,20081900;
202300013737.0;1;33;33393;2;4;1.0;6.0;44,97352000; -0,21558000;
202300013738.0;1;14;14488;2;3;1.0;2.0;49,27467900; -0,25319000;
202300013739.0;2;35;35287;2;9;8.0;6.0;48,64196200; -2,11426200;
202300013740.0;3;27;27188;1;9;1.0;6.0;49,29906000;1,07864000;
202300013741.0;1;83;83126;1;1;1.0;3.0;43,11976000;5,86434900;
202300013742.0;1;33;33318;1;1;1.0;6.0;44,78820000; -0,63334000;
202300013743.0;1;94;94034;1;1;1.0;3.0;48,75247446;2,33047185;
202300013744.0;2;91;91521;1;1;2.0;2.0;48,63465300;2,40079300;
202300013745.0;1;91;91553;1;1;2.0;3.0;48,62849000;2,48060000;
202300013746.0;1;91;91692;1;1;1.0;2.0;48,68628000;2,18985000;
202300013747.0;1;78;78640;1;1;2.0;2.0;48,77287500;2,22537800;
202300013748.0;2;78;78007;1;1;2.0;7.0;48,90101000;2,00507100;
202300013749.0;3;93;93064;1;1;2.0;2.0;48,88398000;2,46943000;
202300013750.0;1;95;95042;1;1;2.0;7.0;49,06299000;2,32580000;
202300013751.0;1;93;93010;1;1;1.0;7.0;48,88897465;2,47422427;
202300013752.0;3;93;93007;1;1;2.0;3.0;48,94925302;2,44676549;
202300013753.0;1;93;93053;1;1;1.0;3.0;48,90443000;2,46555000;
202300013754.0;1;77;77018;1;1;1.0;5.0;48,83567200;2,80830200;
202300013755.0;1;94;94073;1;1;1.0;3.0;48,75710948;2,38389571;
202300013756.0;1;75;75112;1;1;1.0;2.0;48,81771331;2,45475769;
202300013757.0;3;47;47146;2;2;1.0;2.0;44,43092800;0,65429300;
202300013758.0;1;86;86092;2;1;1.0;6.0;46,92467800;0,60073600;
202300013759.0;1;13;13078;1;4;1.0;3.0;43,37866300;4,84091400;
202300013760.0;1;67;67430;1;4;2.0;1.0;48,34461300;7,38277000;
202300013761.0;1;972;97207;2;1;1.0;5.0;14,58244800; -60,95719000;
202300013762.0;4;63;63225;2;1;1.0;6.0;45,61438500;2,54607600;
202300013763.0;1;29;29068;1;1;1.0;6.0;48,52413600; -3,99010900;
202300013764.0;1;30;30273;1;4;1.0;3.0;44,28590000;4,58123400;
202300013765.0;1;79;79166;1;1;1.0;7.0;46,20286900; -0,43758600;
202300013766.0;3;31;31056;2;1;1.0;6.0;43,67049500;1,35940800;
202300013767.0;5;69;69168;2;3;1.0;1.0;45,84481000;4,83519700;
202300013768.0;1;32;32125;1;1;1.0;6.0;43,79133400;0,10256200;
202300013769.0;1;32;32160;2;4;1.0;3.0;43,61334700;1,08593500;
202300013770.0;1;12;12244;2;1;1.0;6.0;44,05373300;2,90022400;
202300013771.0;1;22;22220;1;1;1.0;7.0;48,25547700; -3,26669500;
202300013772.0;1;31;31584;1;1;1.0;6.0;43,87981500;1,48422700;
202300013773.0;1;84;84030;2;1;1.0;5.0;44,10842700;5,11408700;
202300013774.0;1;15;15138;1;1;8.0;3.0;45,13358000;2,83285300;
202300013775.0;1;58;58283;1;1;1.0;7.0;47,30943400;3,50343700;
202300013776.0;1;66;66096;1;1;7.0;7.0;42,77166300;2,66875200;
202300013777.0;3;72;72300;2;9;1.0;3.0;48,02957100;0,37150100;
202300013778.0;1;06;06067;1;1;1.0;3.0;43,78569400;7,45119000;
202300013779.0;1;05;05045;1;1;1.0;5.0;44,53256600;6,45318000;
202300013780.0;1;09;09323;1;9;1.0;1.0;43,09888000;1,75933100;
202300013781.0;1;60;60651;2;1;1.0;7.0;49,25662950;2,26006740;
202300013782.0;1;64;64495;1;1;1.0;3.0;43,38063000; -1,53950200;
202300013783.0;2;40;40197;2;2;1.0;3.0;44,03478100; -0,91427900;
202300013784.0;1;27;27398;1;1;1.0;6.0;49,09833200;0,63355900;
202300013785.0;2;978;97801;2;1;1.0;2.0;18,08615900; -63,06618000;
202300013786.0;1;13;13037;1;1;1.0;7.0;43,56630398;5,22430614;
202300013787.0;2;13;13086;1;1;1.0;6.0;43,34620000;5,61500100;
202300013788.0;1;21;21684;1;1;1.0;2.0;47,03508600;4,88062300;
202300013789.0;1;988;98821;1;4;1.0;1.0; -22,12901800;166,33584000;
202300013790.0;1;95;95409;1;1;1.0;3.0;49,04892000;2,33137100;
202300013791.0;3;34;34017;1;3;1.0;7.0;43,47696900;3,45653100;
202300013792.0;3;83;83104;1;3;1.0;7.0;43,61268300;5,75089200;
202300013793.0;1;04;04197;2;2;1.0;5.0;43,78426100;5,76914200;
202300013794.0;1;13;13081;2;1;1.0;6.0;43,47830400;5,23399800;
202300013795.0;1;68;68012;1;1;2.0;1.0;47,78197700;7,13117800;
202300013796.0;1;67;67046;2;3;1.0;3.0;48,76167700;7,86130200;
202300013797.0;1;67;67046;2;2;1.0;3.0;48,77152500;7,85593300;
202300013798.0;3;42;42175;1;1;1.0;6.0;45,81064500;4,21733400;
202300013799.0;2;26;26004;2;6;1.0;3.0;44,98850000;4,97825500;
202300013800.0;1;69;69019;2;1;1.0;3.0;46,12061800;4,73827200;
202300013801.0;1;81;81037;1;1;2.0;6.0;43,61880400;2,53185500;
202300013802.0;1;86;86062;2;1;1.0;3.0;46,64300400;0,35628200;
202300013803.0;1;33;33243;2;1;1.0;6.0;44,92687900; -0,23956100;
202300013804.0;1;60;60370;2;3;2.0;4.0;49,25665800;2,10898900;
202300013805.0;1;59;59435;1;1;1.0;5.0;50,51687700;3,22824300;
202300013806.0;3;74;74128;1;1;1.0;1.0;46,15115600;6,32015300;
202300013807.0;5;74;74208;2;7;1.0;7.0;45,93950100;6,70747000;
202300013808.0;1;74;74002;1;1;1.0;2.0;45,81911000;6,01310500;
202300013809.0;3;74;74112;1;1;1.0;6.0;45,93586700;6,10217000;
202300013810.0;1;74;74155;1;1;1.0;3.0;46,29319300;6,53816300;
202300013811.0;1;74;74012;2;1;1.0;2.0;46,19246000;6,23704000;
202300013812.0;1;78;78517;2;1;1.0;6.0;48,64463000;1,84026000;
202300013813.0;1;72;72181;2;1;1.0;6.0;47,97532000;0,21667000;
202300013814.0;1;29;29019;2;1;1.0;6.0;48,41617300; -4,49186600;
202300013815.0;3;40;40281;1;1;1.0;7.0;43,86855000; -0,51536000;
202300013816.0;4;974;97411;2;1;1.0;6.0; -20,88995000;55,46224000;
202300013817.0;1;69;69387;2;1;1.0;6.0;45,74071738;4,85580699;
202300013818.0;1;69;69383;2;3;1.0;2.0;45,75494000;4,87732000;
202300013819.0;2;972;97213;1;1;2.0;2.0;14,61799000; -61,03117000;
202300013820.0;1;972;97213;1;1;2.0;3.0;14,62958630; -61,02128110;
202300013821.0;3;972;97209;2;1;3.0;6.0;14,61357000; -61,07012000;
202300013822.0;1;69;69385;2;1;1.0;3.0;45,76254000;4,80227000;
202300013823.0;1;2A;2A004;2;2;1.0;3.0;41,93419000;8,74200000;
202300013824.0;1;91;91549;2;1;1.0;3.0;48,63004900;2,33235400;
202300013825.0;3;91;91432;2;1;1.0;7.0;48,69419000;2,33098000;
202300013826.0;1;91;91479;2;3;1.0;3.0;48,70561300;2,36038600;
202300013827.0;1;87;87085;2;1;2.0;7.0;45,82528000;1,27249000;
202300013828.0;5;87;87085;2;3;2.0;3.0;45,82846000;1,28288000;
202300013829.0;2;87;87085;2;3;2.0;3.0;45,81050000;1,28447000;
202300013830.0;5;84;84007;2;6;1.0;3.0;43,93016000;4,78411000;
202300013831.0;1;83;83137;2;6;1.0;2.0;43,11845000;5,94281000;
202300013832.0;1;77;77306;1;2;1.0;3.0;48,59127000;2,68917000;
202300013833.0;1;76;76575;2;1;1.0;5.0;49,37963000;1,10936000;
202300013834.0;1;76;76351;2;2;1.0;6.0;49,49792400;0,11158800;
202300013835.0;1;72;72181;2;1;1.0;7.0;47,95687000;0,20253000;
202300013836.0;1;72;72181;2;3;1.0;3.0;47,99150000;0,20567000;
202300013837.0;2;69;69266;2;1;1.0;2.0;45,77935000;4,85949000;
202300013838.0;1;69;69276;1;4;1.0;3.0;45,66889000;4,84659000;
202300013839.0;1;68;68066;2;3;1.0;3.0;48,08965000;7,33274000;
202300013840.0;1;67;67482;2;1;1.0;3.0;48,59344000;7,77911400;
202300013841.0;3;66;66136;1;1;1.0;6.0;42,69756500;2,86150000;
202300013842.0;1;64;64122;2;1;1.0;6.0;43,49010000; -1,54662000;
202300013843.0;1;64;64024;2;6;1.0;2.0;43,49342000; -1,52814000;
202300013844.0;1;59;59426;2;1;1.0;6.0;50,74532000;3,15992000;
202300013845.0;1;59;59512;2;3;1.0;3.0;50,68555000;3,18167000;
202300013846.0;1;57;57019;2;1;3.0;6.0;49,26137000;6,13031000;
202300013847.0;1;54;54547;2;6;2.0;6.0;48,64922700;6,15075000;
202300013848.0;1;38;38185;2;3;8.0;1.0;45,15991000;5,71376000;
202300013849.0;5;35;35238;2;2;1.0;1.0;48,11650000; -1,70983000;
202300013850.0;1;35;35150;2;2;8.0;3.0;48,36775000; -1,21880000;
202300013851.0;1;34;34108;2;3;1.0;1.0;43,44487000;3,75111000;
202300013852.0;1;34;34032;2;3;1.0;1.0;43,34751000;3,22108000;
202300013853.0;1;33;33063;2;1;2.0;2.0;44,86747000; -0,56336000;
202300013854.0;1;13;13209;1;1;1.0;1.0;43,24623000;5,44583000;
202300013855.0;1;13;13206;2;2;1.0;3.0;43,28960000;5,38221000;
202300013856.0;1;13;13214;2;1;1.0;6.0;43,32600000;5,37400000;
202300013857.0;1;13;13206;2;2;1.0;3.0;43,28960000;5,38221000;
202300013858.0;1;09;09225;2;2;1.0;3.0;43,11163000;1,61182000;
202300013859.0;1;06;06088;2;9;1.0;6.0;43,68326000;7,21118500;
202300013860.0;1;75;75114;2;4;1.0;2.0;48,81772100;2,33399900;
202300013861.0;1;75;75112;2;4;1.0;3.0;48,82678093;2,39018887;
202300013862.0;1;75;75112;2;2;1.0;5.0;48,83184300;2,39772700;
202300013863.0;1;75;75120;2;3;1.0;6.0;48,87697200;2,40867100;
202300013864.0;1;75;75120;2;1;1.0;7.0;48,86347400;2,38984300;
202300013865.0;1;75;75119;2;3;1.0;3.0;48,87835300;2,40342700;
202300013866.0;1;75;75118;2;1;1.0;3.0;48,88451600;2,36369200;
202300013867.0;1;75;75117;2;2;1.0;3.0;48,88646600;2,29577200;
202300013868.0;1;75;75115;2;3;1.0;6.0;48,83872800;2,28949100;
202300013869.0;5;75;75115;2;1;2.0;6.0;48,83514000;2,27784400;
202300013870.0;1;75;75114;2;3;1.0;3.0;48,83838900;2,34209300;
202300013871.0;1;75;75111;2;3;1.0;3.0;48,86582600;2,37155900;
202300013872.0;1;75;75110;2;1;1.0;6.0;48,88421500;2,36535200;
202300013873.0;1;75;75109;2;1;1.0;2.0;48,87307400;2,33228700;
202300013874.0;1;75;75107;2;2;1.0;7.0;48,85864500;2,29859500;
202300013875.0;1;94;94078;2;3;1.0;6.0;48,73882800;2,44665600;
202300013876.0;1;94;94019;2;1;1.0;5.0;48,80184894;2,54745430;
202300013877.0;5;94;94004;2;1;2.0;3.0;48,75666000;2,49800000;
202300013878.0;1;93;93071;2;3;1.0;3.0;48,94755500;2,52710600;
202300013879.0;1;93;93066;2;1;1.0;5.0;48,91021000;2,35770000;
202300013880.0;1;93;93055;2;1;1.0;6.0;48,88626463;2,41056078;
202300013881.0;1;93;93048;2;2;2.0;6.0;48,85307817;2,43884171;
202300013882.0;2;93;93048;2;5;1.0;3.0;48,87800000;2,45714000;
202300013883.0;1;17;17333;2;6;8.0;3.0;45,60214000; -0,99342000;
202300013884.0;5;13;13054;2;2;1.0;3.0;43,42114481;5,20776728;
202300013885.0;5;13;13208;2;1;1.0;6.0;43,24998000;5,37533000;
202300013886.0;5;13;13213;2;1;1.0;3.0;43,33543000;5,43296000;
202300013887.0;1;13;13005;2;1;1.0;3.0;43,29492000;5,56204000;
202300013888.0;5;11;11262;2;1;1.0;2.0;43,18209000;2,99055000;
202300013889.0;1;05;05061;2;1;1.0;3.0;44,56120300;6,08439700;
202300013890.0;1;75;75118;2;4;1.0;3.0;48,90088492;2,36386299;
202300013891.0;1;75;75113;2;1;1.0;6.0;48,81991500;2,35921800;
202300013892.0;2;75;75118;2;7;2.0;2.0;48,90038888;2,37039685;
202300013893.0;5;75;75114;2;3;2.0;7.0;48,82784600;2,32913300;
202300013894.0;1;75;75111;2;1;1.0;6.0;48,86591700;2,37111100;
202300013895.0;1;75;75110;2;7;2.0;4.0;48,87843500;2,37010400;
202300013896.0;2;75;75108;2;1;1.0;2.0;48,87010100;2,31005500;
202300013897.0;5;75;75104;2;3;3.0;6.0;48,85985000;2,35273800;
202300013898.0;1;75;75101;2;3;1.0;3.0;48,86246400;2,33625500;
202300013899.0;1;06;06069;1;1;1.0;6.0;43,64106700;6,93565200;
202300013900.0;5;75;75113;2;4;1.0;7.0;48,82079800;2,37666400;
202300013901.0;1;93;93066;2;3;1.0;2.0;48,93014000;2,35066000;
202300013902.0;5;75;75101;2;1;1.0;6.0;48,86056700;2,34813200;
202300013903.0;1;93;93071;2;6;1.0;7.0;48,93346000;2,54304000;
202300013904.0;1;75;75106;2;2;1.0;6.0;48,85023000;2,32718000;
202300013905.0;5;93;93047;2;1;1.0;1.0;48,89937000;2,56030000;
202300013906.0;1;75;75116;2;1;1.0;2.0;48,86171100;2,29161500;
202300013907.0;1;75;75116;2;7;1.0;6.0;48,83975500;2,25575300;
202300013908.0;2;92;92022;2;1;8.0;7.0;48,81737186;2,19610155;
202300013909.0;1;75;75114;2;1;1.0;3.0;48,82000400;2,33980300;
202300013910.0;1;75;75112;2;1;1.0;2.0;48,83003300;2,43953200;
202300013911.0;1;84;84088;2;1;1.0;1.0;43,99764900;5,06925200;
202300013912.0;1;75;75111;2;9;1.0;2.0;48,85236580;2,39344200;
202300013913.0;3;27;27256;1;3;1.0;3.0;48,93894400;1,23237300;
202300013914.0;3;12;12073;1;1;1.0;6.0;44,22126500;2,58812800;
202300013915.0;4;75;75111;2;3;1.0;1.0;48,85162300;2,39050800;
202300013916.0;3;63;63178;1;1;1.0;2.0;45,56320130;3,25726455;
202300013917.0;1;75;75110;2;9;7.0;3.0;48,88061700;2,36202700;
202300013918.0;1;51;51518;1;3;1.0;7.0;49,30992500;3,98473800;
202300013919.0;1;75;75108;2;1;1.0;5.0;48,88009400;2,31346000;
202300013920.0;1;56;56219;1;3;1.0;1.0;47,77268700; -2,53004200;
202300013921.0;1;75;75107;2;3;1.0;3.0;48,84825900;2,31577300;
202300013922.0;1;65;65388;1;1;1.0;6.0;42,82789043;0,28753281;
202300013923.0;1;65;65258;2;4;1.0;6.0;43,12213800;0,38995000;
202300013924.0;1;75;75102;2;2;1.0;1.0;48,86444700;2,35154700;
202300013925.0;1;32;32148;1;1;1.0;1.0;43,61620900;0,93355900;
202300013926.0;1;75;75101;2;3;1.0;3.0;48,86968500;2,32663900;
202300013927.0;2;11;11008;1;1;1.0;6.0;42,97736800;2,26328000;
202300013928.0;1;75;75104;2;2;1.0;6.0;48,85344700;2,36716700;
202300013929.0;1;61;61063;1;3;1.0;3.0;48,70404600; -0,37851300;
202300013930.0;1;94;94081;2;1;1.0;2.0;48,77867509;2,39766216;
202300013931.0;5;94;94076;2;1;1.0;3.0;48,80670900;2,36327300;
202300013932.0;1;12;12160;1;3;2.0;3.0;44,19790900;3,18935600;