Num_Acc;lum;departement;commune;agglomeration;intersection;meteo;type_collision;lat;long;date
202300013933.0;3;12;12066;1;1;1.0;6.0;44,39027600;2,41726000;
202300013934.0;1;94;94043;2;3;1.0;3.0;48,80664000;2,35142000;
202300013935.0;1;39;39500;2;1;1.0;6.0;46,93564600;5,87745000;
202300013936.0;1;94;94076;2;1;1.0;4.0;48,79435400;2,36905100;
202300013937.0;1;29;29015;1;1;1.0;5.0;48,50118000; -4,49643400;
202300013938.0;1;94;94081;2;5;1.0;3.0;48,78268000;2,39398000;
202300013939.0;1;29;29135;2;1;2.0;6.0;47,83512104; -4,18996564;
202300013940.0;1;02;02455;1;1;1.0;7.0;49,92858500;3,71844300;
202300013941.0;1;94;94065;1;1;1.0;5.0;48,75370000;2,36558000;
202300013942.0;1;94;94011;2;1;1.0;1.0;48,77569000;2,48990000;
202300013943.0;1;66;66036;1;4;1.0;3.0;42,53402000;2,25417100;
202300013944.0;1;94;94011;2;6;1.0;3.0;48,76853100;2,48794800;
202300013945.0;1;66;66009;2;1;1.0;2.0;42,45554900;2,63469300;
202300013946.0;1;94;94017;2;1;1.0;6.0;48,80955582;2,54506371;
202300013947.0;1;06;06059;1;1;1.0;6.0;43,72795600;7,35630200;
202300013948.0;1;94;94017;2;2;1.0;3.0;48,81222000;2,53401000;
202300013949.0;1;05;05046;2;1;1.0;3.0;44,55354800;6,48372800;
202300013950.0;1;43;43102;1;1;1.0;7.0;45,18221800;4,17983100;
202300013951.0;1;93;93078;2;2;1.0;3.0;48,95604000;2,54082000;
202300013952.0;1;16;16286;1;3;1.0;7.0;45,81794300; -0,02146800;
202300013953.0;1;93;93051;2;1;1.0;6.0;48,84122043;2,57842630;
202300013954.0;1;07;07337;1;1;1.0;7.0;45,20647654;4,75880496;
202300013955.0;1;93;93048;2;1;1.0;3.0;48,87268364;2,43594231;
202300013956.0;1;40;40128;1;2;1.0;3.0;43,67171300; -0,61554600;
202300013957.0;5;93;93074;2;1;1.0;3.0;48,94265000;2,56922000;
202300013958.0;1;28;28214;2;1;1.0;3.0;48,47628900;1,01859000;
202300013959.0;1;93;93029;2;1;1.0;6.0;48,91530794;2,45908008;
202300013960.0;1;67;67388;1;1;1.0;3.0;48,95126800;7,67775900;
202300013961.0;1;93;93010;2;1;1.0;2.0;48,91249152;2,47877103;
202300013962.0;1;38;38495;1;1;1.0;6.0;45,12434802;5,29200456;
202300013963.0;1;92;92075;2;1;1.0;7.0;48,82323000;2,29625000;
202300013964.0;5;92;92046;2;1;1.0;7.0;48,81735000;2,30733000;
202300013965.0;1;47;47186;1;1;1.0;7.0;44,21177088;0,46268285;
202300013966.0;1;72;72198;1;1;1.0;6.0;48,06317600;0,13207100;
202300013967.0;1;92;92075;2;3;1.0;3.0;48,82261129;2,28453130;
202300013968.0;2;987;98715;1;1;1.0;2.0; -17,58400000; -149,56000000;
202300013969.0;1;92;92076;2;1;1.0;3.0;48,83752196;2,15485883;
202300013970.0;3;987;98724;1;1;1.0;6.0; -16,76782200; -151,00922700;
202300013971.0;1;92;92064;2;8;1.0;6.0;48,84312191;2,22186202;
202300013972.0;1;92;92050;2;1;1.0;6.0;48,91174644;2,22055927;
202300013973.0;1;988;98822;1;1;1.0;7.0; -20,93738000;165,38505000;
202300013974.0;1;92;92049;2;7;1.0;3.0;48,81609000;2,31124000;
202300013975.0;1;971;97115;2;1;1.0;6.0;16,26968800; -61,63147700;
202300013976.0;1;92;92044;2;2;1.0;6.0;48,89597497;2,29024440;
202300013977.0;3;66;66182;1;1;1.0;3.0;42,73957300;3,02424400;
202300013978.0;1;92;92040;2;1;1.0;6.0;48,82860000;2,28248000;
202300013979.0;1;08;08487;1;1;1.0;3.0;50,04428400;4,72600900;
202300013980.0;1;92;92026;2;1;1.0;2.0;48,89964000;2,27224000;
202300013981.0;3;03;03298;1;1;8.0;3.0;46,32402300;3,37705100;
202300013982.0;5;92;92012;2;1;1.0;6.0;48,83366000;2,25653000;
202300013983.0;1;03;03315;1;1;1.0;7.0;46,39278900;2,81873300;
202300013984.0;1;92;92002;2;1;1.0;3.0;48,74044000;2,30184000;
202300013985.0;3;38;38054;1;1;1.0;6.0;45,78287100;5,43698800;
202300013986.0;5;81;81105;2;1;1.0;7.0;43,76227300;1,98385300;
202300013987.0;3;47;47049;1;2;1.0;3.0;44,43097487;0,65387787;
202300013988.0;1;65;65123;1;1;1.0;6.0;42,93622200;0,20871900;
202300013989.0;1;85;85174;1;1;1.0;1.0;46,46612000; -0,90577000;
202300013990.0;1;64;64422;1;3;1.0;3.0;43,17282200; -0,64602600;
202300013991.0;1;40;40229;1;1;1.0;3.0;44,23852700; -1,08507200;
202300013992.0;5;06;06161;2;2;1.0;3.0;43,64147400;7,14222000;
202300013993.0;3;60;60619;1;1;1.0;7.0;49,10908900;2,76651800;
202300013994.0;3;60;60259;1;1;1.0;7.0;49,20126600;2,26332100;
202300013995.0;1;18;18241;1;4;1.0;3.0;47,32875200;2,84267200;
202300013996.0;1;28;28410;1;1;1.0;6.0;48,03528200;1,52027600;
202300013997.0;1;60;60612;2;1;1.0;3.0;49,19855300;2,57904100;
202300013998.0;5;60;60103;2;1;1.0;7.0;49,41063300;2,24650800;
202300013999.0;3;51;51410;1;1;1.0;6.0;49,07441100;3,78216700;
202300014000.0;2;33;33063;2;1;1.0;1.0;44,89273000; -0,54611000;
202300014001.0;1;62;62148;2;1;1.0;6.0;50,38398500;2,91188100;
202300014002.0;1;59;59582;1;6;7.0;7.0;50,72868300;2,62578200;
202300014003.0;1;57;57428;1;1;1.0;6.0;49,11548400;6,76281500;
202300014004.0;1;33;33069;2;2;1.0;3.0;44,86509000; -0,59057000;
202300014005.0;1;42;42233;1;1;1.0;7.0;46,07049400;3,92188900;
202300014006.0;1;33;33529;2;1;1.0;1.0;44,63251000; -1,15987000;
202300014007.0;2;33;33281;1;1;1.0;6.0;44,83210308; -0,67642361;
202300014008.0;1;83;83049;1;1;1.0;1.0;43,25533426;6,07224255;
202300014009.0;3;91;91136;1;1;2.0;7.0;48,71264000;2,28954000;
202300014010.0;5;31;31555;2;1;1.0;1.0;43,62443709;1,47462219;
202300014011.0;1;50;50535;1;1;1.0;3.0;48,73853100; -1,29346800;
202300014012.0;1;78;78118;1;1;1.0;2.0;48,98257000;1,68673000;
202300014013.0;1;30;30189;1;3;1.0;3.0;43,86740000;4,30108000;
202300014014.0;1;30;30278;1;1;1.0;1.0;44,07112200;4,68851200;
202300014015.0;1;66;66141;1;3;6.0;1.0;42,77108500;2,89858800;
202300014016.0;1;62;62113;2;1;1.0;6.0;50,34402350;2,53683576;
202300014017.0;3;75;75116;1;1;3.0;6.0;48,84823700;2,24735400;
202300014018.0;1;29;29232;2;1;1.0;2.0;47,97272000; -4,08733000;
202300014019.0;1;56;56251;2;1;7.0;3.0;47,62921900; -2,63729800;
202300014020.0;1;95;95582;1;1;8.0;2.0;48,97107622;2,24907517;
202300014021.0;1;29;29039;1;1;1.0;2.0;47,89502000; -3,91287000;
202300014022.0;3;2A;2A269;1;1;1.0;1.0;41,82637100;9,40418100;
202300014023.0;1;93;93078;1;1;8.0;6.0;48,96317823;2,52207041;
202300014024.0;1;29;29019;2;6;1.0;3.0;48,38669000; -4,47086756;
202300014025.0;3;77;77239;1;3;1.0;3.0;48,65759900;3,10340200;
202300014026.0;2;82;82125;1;1;1.0;1.0;43,93188300;1,22109200;
202300014027.0;1;93;93064;1;1;2.0;6.0;48,88515000;2,47212000;
202300014028.0;1;29;29019;2;1;1.0;6.0;48,40238000; -4,46727000;
202300014029.0;5;11;11351;2;3;6.0;6.0;43,08683400;2,69588800;
202300014030.0;3;93;93064;1;1;2.0;6.0;48,88671630;2,47692347;
202300014031.0;1;61;61345;1;1;1.0;1.0;48,42482500;0,78400100;
202300014032.0;3;93;93078;1;1;2.0;6.0;48,96300436;2,52239723;
202300014033.0;2;71;71230;2;1;2.0;3.0;46,59550000;4,03455700;
202300014034.0;3;93;93078;1;1;2.0;6.0;48,95844000;2,52713000;
202300014035.0;1;49;49041;1;3;1.0;2.0;47,29006600;0,03915000;
202300014036.0;1;27;27229;2;6;1.0;6.0;49,00389000;1,15178000;
202300014037.0;3;71;71576;1;1;1.0;1.0;46,54471300;4,91930500;
202300014038.0;1;15;15066;1;1;8.0;3.0;45,11901600;2,64622400;
202300014039.0;1;46;46231;1;1;1.0;1.0;44,50748705;1,15518465;
202300014040.0;1;27;27229;2;3;7.0;3.0;49,02116000;1,15550000;
202300014041.0;1;49;49114;1;1;1.0;1.0;47,39047600;0,12406800;
202300014042.0;1;37;37123;1;1;1.0;6.0;47,35182100;0,38877000;
202300014043.0;3;68;68092;1;1;1.0;7.0;47,50760600;7,38763500;
202300014044.0;1;18;18279;2;1;1.0;1.0;47,21604500;2,06000200;
202300014045.0;1;46;46328;2;3;1.0;6.0;44,35913300;1,71892600;
202300014046.0;3;26;26231;1;1;1.0;6.0;45,11340200;5,06981500;
202300014047.0;5;17;17028;2;9;1.0;7.0;46,13890000; -1,13150000;
202300014048.0;3;44;44117;1;2;3.0;3.0;47,14444900; -1,33447900;
202300014049.0;5;47;47021;2;1;1.0;6.0;44,17105076;0,27772038;
202300014050.0;1;38;38199;2;9;1.0;3.0;45,50979400;4,92069500;
202300014051.0;1;14;14327;2;1;1.0;6.0;49,20906000; -0,33387000;
202300014052.0;1;41;41053;1;1;1.0;6.0;47,96822500;0,91387200;
202300014053.0;3;25;25007;1;1;1.0;6.0;47,16182400;6,38586800;
202300014054.0;3;34;34047;1;1;1.0;6.0;43,54100400;3,48552700;
202300014055.0;1;44;44200;2;2;1.0;1.0;47,82909700; -1,47386300;
202300014056.0;5;973;97362;2;1;1.0;1.0;3,82823161; -54,19209659;
202300014057.0;1;68;68288;1;1;1.0;7.0;47,54907300;7,25226400;
202300014058.0;5;13;13002;2;3;1.0;1.0;43,34132000;5,47259000;
202300014059.0;3;91;91016;1;1;1.0;7.0;48,33427200;2,03262100;
202300014060.0;3;02;02468;2;1;1.0;6.0;49,74126100;3,75633700;
202300014061.0;3;22;22294;1;1;1.0;7.0;48,37143200; -3,08694400;
202300014062.0;1;13;13201;2;1;1.0;6.0;43,30141000;5,38029000;
202300014063.0;2;91;91022;2;1;2.0;6.0;48,33778800;2,16752500;
202300014064.0;1;39;39434;2;3;1.0;3.0;46,84814400;5,69785400;
202300014065.0;2;45;45104;1;2;1.0;3.0;48,04604200;2,70690700;
202300014066.0;5;13;13005;2;1;1.0;1.0;43,29132000;5,56114000;
202300014067.0;3;38;38543;1;1;1.0;7.0;45,65372700;5,45320500;
202300014068.0;1;41;41161;1;1;1.0;6.0;47,52491000;2,00393200;
202300014069.0;3;18;18275;1;1;1.0;7.0;46,89251900;2,89163600;
202300014070.0;1;13;13001;2;1;8.0;3.0;43,51433000;5,43489000;
202300014071.0;1;13;13010;2;1;1.0;3.0;43,90486500;4,76480500;
202300014072.0;1;42;42231;1;1;1.0;1.0;46,11085700;3,95771700;
202300014073.0;3;36;36240;1;1;8.0;6.0;46,43924614;2,11644355;
202300014074.0;1;11;11069;1;1;2.0;6.0;43,22023000;2,38495000;
202300014075.0;2;60;60479;1;1;1.0;3.0;49,20103502;2,85014105;
202300014076.0;1;16;16030;1;1;1.0;7.0;45,47794800; -0,20970600;
202300014077.0;1;02;02792;1;2;1.0;3.0;49,08879500;3,21389000;
202300014078.0;1;10;10297;2;9;1.0;3.0;48,31366400;4,08503900;
202300014079.0;4;47;47068;2;1;1.0;6.0;44,44768300;0,02594800;
202300014080.0;5;07;07090;2;3;1.0;3.0;44,74357900;4,66745700;
202300014081.0;1;10;10387;2;1;1.0;2.0;48,29488000;4,08184000;
202300014082.0;1;87;87038;1;1;1.0;1.0;45,93124200;1,23001500;
202300014083.0;3;53;53096;1;1;1.0;6.0;48,29820000; -0,90233000;
202300014084.0;1;10;10387;2;1;1.0;6.0;48,29389600;4,08033100;
202300014085.0;4;02;02468;2;1;1.0;3.0;49,74950600;3,77091800;
202300014086.0;1;24;24291;1;1;8.0;6.0;45,04045000;1,12877000;
202300014087.0;1;41;41278;1;1;1.0;1.0;47,64525200;0,94993000;
202300014088.0;1;19;19269;2;1;1.0;6.0;45,53339137;1,79990378;
202300014089.0;1;03;03285;1;3;1.0;3.0;46,46781300;2,88288400;
202300014090.0;3;27;27638;2;1;2.0;7.0;49,26420200;0,98040100;
202300014091.0;1;06;06027;2;1;1.0;6.0;43,65791800;7,15940900;
202300014092.0;1;56;56013;1;9;1.0;3.0;47,66548600; -3,17858800;
202300014093.0;5;06;06004;1;9;1.0;6.0;43,58009000;7,11557000;
202300014094.0;1;58;58180;1;1;1.0;3.0;47,21702100;4,03461600;
202300014095.0;1;79;79185;1;1;3.0;7.0;46,31803200; -0,25214800;
202300014096.0;2;27;27578;2;2;1.0;3.0;48,80658100;0,92139200;
202300014097.0;1;58;58179;1;1;1.0;7.0;47,17967200;3,75755500;
202300014098.0;1;02;02408;2;1;7.0;6.0;49,56978000;3,60806000;
202300014099.0;2;2A;2A139;1;1;1.0;1.0;41,66602915;9,30652231;
202300014100.0;3;01;01289;1;1;1.0;6.0;46,18341000;5,19503000;
202300014101.0;1;72;72090;1;1;7.0;1.0;48,05484200;0,48181100;
202300014102.0;1;28;28405;1;2;7.0;3.0;48,74873000;1,26912200;
202300014103.0;1;2B;2B283;1;1;1.0;5.0;41,88590900;9,39415300;
202300014104.0;1;50;50109;2;1;1.0;3.0;48,91897100; -1,43092500;
202300014105.0;1;75;75117;2;1;1.0;2.0;48,88580900;2,28830200;
202300014106.0;1;67;67506;2;1;1.0;2.0;48,66927800;7,71035300;
202300014107.0;1;64;64185;1;1;1.0;7.0;42,93881200; -0,60005300;
202300014108.0;5;2B;2B318;1;9;1.0;3.0;42,43235400;9,52256600;
202300014109.0;5;75;75107;2;2;1.0;6.0;48,85953300;2,32929100;
202300014110.0;1;51;51507;1;1;1.0;3.0;49,09022500;4,97710700;
202300014111.0;1;80;80205;1;1;1.0;1.0;49,99660900;2,03987400;
202300014112.0;2;10;10375;1;1;1.0;6.0;48,28033700;4,19031900;
202300014113.0;1;75;75110;2;3;1.0;3.0;48,87060000;2,35495300;
202300014114.0;1;65;65116;1;1;1.0;6.0;42,89404500;0,32439700;
202300014115.0;1;60;60138;1;1;1.0;7.0;49,22806120;2,65154171;
202300014116.0;1;36;36154;2;2;7.0;3.0;46,58251643;1,53226286;
202300014117.0;1;75;75113;2;3;1.0;6.0;48,83169200;2,34438600;
202300014118.0;1;65;65464;2;3;7.0;6.0;43,14556400;0,11507200;
202300014119.0;1;974;97424;1;1;1.0;7.0; -21,15154100;55,47375800;
202300014120.0;1;63;63319;1;1;1.0;7.0;45,54568485;3,93462834;
202300014121.0;1;21;21317;1;4;1.0;3.0;47,54652443;5,12240291;
202300014122.0;1;75;75106;2;3;1.0;2.0;48,85715900;2,33860900;
202300014123.0;1;61;61207;1;1;1.0;6.0;48,30188100;0,55197700;
202300014124.0;1;973;97305;1;1;1.0;3.0;4,93348100; -52,40253200;
202300014125.0;1;40;40217;1;3;1.0;3.0;44,34323900; -1,01687600;
202300014126.0;1;39;39306;1;1;1.0;6.0;46,63296600;5,54762900;
202300014127.0;2;75;75106;2;2;1.0;2.0;48,84896800;2,32874200;
202300014128.0;1;978;97801;2;1;1.0;6.0;18,06358500; -63,09093600;
202300014129.0;1;25;25287;1;1;1.0;6.0;47,20631000;5,89650400;
202300014130.0;1;24;24484;1;3;1.0;3.0;45,12256600;0,87319900;
202300014131.0;1;75;75120;2;2;1.0;1.0;48,87408600;2,41304800;
202300014132.0;1;35;35284;1;1;1.0;2.0;48,61241300; -1,98185700;
202300014133.0;1;95;95177;2;1;1.0;1.0;49,11531200;2,01926900;
202300014134.0;1;85;85154;1;1;1.0;3.0;46,67918200; -0,85625800;
202300014135.0;1;75;75119;2;1;1.0;6.0;48,87368700;2,37650000;
202300014136.0;3;35;35132;1;1;1.0;6.0;48,61177500; -1,84281700;
202300014137.0;1;34;34057;2;1;1.0;3.0;43,63756600;3,92958600;
202300014138.0;1;75;75117;2;3;1.0;3.0;48,87973600;2,28949200;
202300014139.0;1;87;87199;1;2;1.0;5.0;45,75905000;0,85122600;
202300014140.0;3;81;81143;1;1;1.0;2.0;43,53204100;2,10059900;
202300014141.0;5;75;75116;2;1;1.0;6.0;48,85921400;2,26899800;
202300014142.0;1;29;29176;1;1;8.0;6.0;48,10657384; -4,24542335;
202300014143.0;1;81;81138;1;1;2.0;6.0;43,82211950;2,04173640;
202300014144.0;1;30;30003;2;2;1.0;3.0;43,55832500;4,18293300;
202300014145.0;2;48;48037;2;1;1.0;6.0;44,51398600;3,64634000;
202300014146.0;1;75;75116;2;2;1.0;3.0;48,86826000;2,27737700;
202300014147.0;1;31;31391;2;6;1.0;3.0;43,11265800;0,93406900;
202300014148.0;1;31;31188;1;1;1.0;1.0;43,54613000;1,20434400;
202300014149.0;1;75;75116;2;1;1.0;3.0;48,87249400;2,28290600;
202300014150.0;1;52;52119;1;3;1.0;3.0;47,81746546;5,49101035;
202300014151.0;1;31;31071;1;3;1.0;3.0;43,34280500;1,15934300;
202300014152.0;1;33;33535;2;6;1.0;3.0;44,83919500; -0,48990000;
202300014153.0;1;01;01229;1;1;1.0;7.0;46,32943800;5,16223300;
202300014154.0;1;30;30020;1;1;1.0;3.0;43,74980100;4,30478900;
202300014155.0;1;75;75116;2;2;1.0;3.0;48,84993600;2,27222900;
202300014156.0;1;26;26063;1;1;1.0;7.0;44,30100200;5,29541000;
202300014157.0;4;988;98805;1;1;1.0;6.0; -22,22431600;166,46781600;
202300014158.0;2;22;22070;2;1;2.0;6.0;48,55571200; -3,14959500;
202300014159.0;1;75;75116;2;1;1.0;2.0;48,86180600;2,23030300;
202300014160.0;1;26;26165;2;1;1.0;3.0;44,77076500;4,84175200;
202300014161.0;1;973;97309;2;3;1.0;7.0;4,91573100; -52,28191300;
202300014162.0;1;62;62609;1;1;8.0;3.0;50,37220297;2,74194981;
202300014163.0;1;75;75115;2;1;1.0;2.0;48,83877900;2,29301400;
202300014164.0;1;91;91045;1;1;1.0;3.0;48,51659000;2,38199500;
202300014165.0;1;05;05045;1;3;1.0;1.0;44,52992300;6,42877000;
202300014166.0;1;13;13215;1;1;1.0;2.0;43,34591000;5,34576000;
202300014167.0;1;75;75115;2;2;1.0;7.0;48,84475400;2,28389400;
202300014168.0;1;60;60123;1;1;1.0;7.0;49,55951645;2,31877891;
202300014169.0;2;973;97360;1;1;7.0;3.0;5,17647300; -54,32475300;
202300014170.0;1;67;67482;1;1;2.0;7.0;48,57045000;7,73167000;
202300014171.0;1;75;75115;2;7;1.0;3.0;48,82749900;2,29212400;
202300014172.0;3;38;38530;1;1;1.0;6.0;45,62805400;5,17003300;
202300014173.0;4;33;33063;1;1;2.0;1.0;44,88489799; -0,56009620;
202300014174.0;1;75;75115;2;1;1.0;7.0;48,83497300;2,27758100;
202300014175.0;1;07;07039;1;1;1.0;6.0;45,06077500;4,66189400;
202300014176.0;3;988;98808;1;1;1.0;6.0; -21,27844000;165,65406000;
202300014177.0;1;75;75114;2;1;1.0;7.0;48,82154200;2,32793500;
202300014178.0;5;24;24253;2;1;1.0;6.0;45,45035100;0,45167900;
202300014179.0;1;91;91689;1;1;2.0;3.0;48,72710000;2,31367000;
202300014180.0;1;988;98811;1;1;1.0;1.0; -21,02675800;164,98555200;
202300014181.0;1;87;87176;1;1;1.0;7.0;45,65673800;1,31473300;
202300014182.0;2;75;75112;2;7;1.0;1.0;48,84481500;2,40202800;
202300014183.0;3;91;91434;1;1;1.0;2.0;48,66761000;2,35698000;
202300014184.0;1;29;29005;2;1;1.0;3.0;47,86044218; -3,59990651;
202300014185.0;1;30;30140;1;1;1.0;1.0;44,03479000;3,82319900;
202300014186.0;1;08;08102;1;1;1.0;7.0;49,60325700;4,31474100;
202300014187.0;1;75;75108;2;2;1.0;3.0;48,88198000;2,32051400;
202300014188.0;3;91;91161;1;1;2.0;2.0;48,69803000;2,31396000;
202300014189.0;1;45;45253;1;9;1.0;4.0;48,16885690;2,16728239;
202300014190.0;5;75;75108;2;2;1.0;3.0;48,86678100;2,32209500;
202300014191.0;1;13;13069;1;1;1.0;1.0;43,62929600;5,13336200;
202300014192.0;1;92;92004;1;1;1.0;2.0;48,91719011;2,30784188;
202300014193.0;1;77;77344;1;2;1.0;5.0;49,05274100;2,78625500;
202300014194.0;1;75;75108;2;2;1.0;6.0;48,87370300;2,30649700;
202300014195.0;3;95;95218;1;1;2.0;2.0;49,03589387;2,09570646;
202300014196.0;1;77;77095;1;1;1.0;1.0;48,96252500;2,75068000;
202300014197.0;1;75;75101;2;2;1.0;6.0;48,86448300;2,33496600;
202300014198.0;3;95;95604;1;1;2.0;4.0;49,10594000;2,55131000;
202300014199.0;1;34;34090;1;1;1.0;3.0;43,65967500;3,93873100;
202300014200.0;3;86;86007;1;1;1.0;2.0;46,91217500;0,52653700;
202300014201.0;1;75;75101;2;2;1.0;3.0;48,85853700;2,34823000;
202300014202.0;3;93;93027;1;1;2.0;2.0;48,93412000;2,38391000;
202300014203.0;1;84;84054;1;1;1.0;1.0;43,87629600;5,07808400;
202300014204.0;1;93;93010;1;1;2.0;7.0;48,90389000;2,47134000;
202300014205.0;1;75;75104;2;2;1.0;6.0;48,85183200;2,35654700;
202300014206.0;3;17;17226;1;1;1.0;2.0;45,94012000; -0,55918600;
202300014207.0;1;83;83068;1;1;1.0;2.0;43,26905000;6,53753000;
202300014208.0;1;59;59244;1;1;1.0;7.0;50,15641980;3,15777822;
202300014209.0;1;75;75104;2;2;1.0;7.0;48,85332200;2,35780000;
202300014210.0;1;93;93066;1;1;2.0;5.0;48,93376000;2,38090000;
202300014211.0;1;71;71399;2;3;1.0;6.0;46,28999800;4,17717000;
202300014212.0;3;95;95212;1;1;2.0;6.0;49,02389297;2,53550291;
202300014213.0;3;67;67205;1;1;1.0;6.0;48,67403100;7,77423000;
202300014214.0;1;988;98823;2;3;1.0;6.0; -21,07449000;165,40245000;
202300014215.0;2;988;98819;1;1;1.0;6.0; -20,36195000;164,42373000;
202300014216.0;1;75;75104;2;2;1.0;3.0;48,85105400;2,36228500;
202300014217.0;3;93;93078;1;1;2.0;7.0;48,96346000;2,52181000;
202300014218.0;1;971;97111;1;1;1.0;6.0;16,32581300; -61,76642400;
202300014219.0;1;77;77121;1;1;2.0;6.0;48,83562025;2,66525863;
202300014220.0;1;57;57663;2;3;1.0;3.0;49,23746100;6,16451600;
202300014221.0;1;94;94081;2;1;1.0;1.0;48,79475000;2,39707000;
202300014222.0;1;77;77372;1;1;2.0;2.0;48,87593751;2,66912639;
202300014223.0;1;26;26179;1;1;1.0;3.0;45,06091500;4,90562900;
202300014224.0;1;77;77023;2;2;2.0;3.0;49,01642900;2,88262900;
202300014225.0;1;94;94058;1;3;1.0;3.0;48,85078000;2,50384000;
202300014226.0;1;01;01276;1;1;1.0;4.0;45,81432000;5,08568300;
202300014227.0;5;94;94041;2;3;1.0;6.0;48,82217919;2,39282615;
202300014228.0;3;77;77121;1;1;2.0;6.0;48,83189783;2,67415376;
202300014229.0;1;77;77470;2;1;1.0;5.0;48,73901800;2,76749300;
202300014230.0;1;81;81271;2;1;1.0;6.0;43,77710200;1,67522700;
202300014231.0;1;94;94065;2;1;1.0;6.0;48,75625946;2,34657562;
202300014232.0;1;94;94004;1;1;1.0;2.0;48,75940121;2,50031751;
202300014233.0;1;31;31318;1;1;1.0;7.0;43,21792600;0,96618000;
202300014234.0;3;83;83035;1;1;1.0;1.0;43,19723000;5,76327300;
202300014235.0;1;94;94033;2;1;1.0;7.0;48,85830000;2,49131000;
202300014236.0;4;77;77083;1;1;2.0;2.0;48,83100751;2,60627873;
202300014237.0;1;44;44210;2;9;1.0;6.0;47,28955700; -2,20936800;
202300014238.0;1;05;05122;1;1;1.0;3.0;44,75540400;6,57503800;
202300014239.0;1;94;94028;1;1;1.0;2.0;48,78279000;2,45952000;
202300014240.0;1;29;29021;1;1;1.0;6.0;48,64461555; -4,34379928;
202300014241.0;3;94;94022;1;1;2.0;4.0;48,77610897;2,41417148;
202300014242.0;1;73;73296;1;4;1.0;3.0;45,52102570;6,91343844;
202300014243.0;1;94;94004;2;4;1.0;2.0;48,74840561;2,50904278;
202300014244.0;1;59;59619;1;1;1.0;1.0;50,24027402;3,71117290;
202300014245.0;5;74;74133;2;1;3.0;3.0;46,19146700;6,21351400;
202300014246.0;1;13;13211;1;1;1.0;6.0;43,29148000;5,45135000;
202300014247.0;3;26;26271;1;1;1.0;3.0;45,02492296;4,86823729;
202300014248.0;1;93;93078;2;1;1.0;3.0;48,95223891;2,52908975;
202300014249.0;1;74;74012;2;1;1.0;6.0;46,19028000;6,24971000;
202300014250.0;1;13;13106;1;1;1.0;2.0;43,38870000;5,35090000;
202300014251.0;1;74;74186;1;1;1.0;6.0;45,86392100;6,05788200;
202300014252.0;1;69;69131;2;1;2.0;3.0;45,68837500;4,67423200;
202300014253.0;1;93;93005;2;3;1.0;6.0;48,94613600;2,51510739;
202300014254.0;2;13;13005;1;1;2.0;6.0;43,26866461;5,58800697;
202300014255.0;1;65;65295;2;1;1.0;3.0;42,87314900; -0,00350800;
202300014256.0;1;74;74225;1;1;1.0;1.0;45,88432500;5,93482700;
202300014257.0;3;69;69296;1;1;1.0;2.0;45,64494000;4,83059000;
202300014258.0;1;74;74105;2;3;1.0;3.0;46,30348900;6,30259000;
202300014259.0;1;93;93053;2;2;1.0;3.0;48,89006105;2,45297012;
202300014260.0;1;33;33550;1;1;1.0;2.0;44,78161000; -0,58260000;
202300014261.0;1;85;85113;2;1;1.0;3.0;46,71988700; -2,34925700;
202300014262.0;1;93;93057;2;1;1.0;1.0;48,91287706;2,50048726;
202300014263.0;1;33;33063;1;1;1.0;2.0;44,88070806; -0,54144144;
202300014264.0;1;74;74002;1;1;1.0;3.0;45,82522600;6,04310300;
202300014265.0;1;35;35343;1;2;1.0;3.0;47,85183400; -1,55900200;
202300014266.0;1;59;59508;1;1;1.0;6.0;50,74601000;3,14149000;
202300014267.0;1;93;93005;2;1;1.0;6.0;48,95249000;2,49688000;
202300014268.0;1;74;74042;2;1;7.0;3.0;46,06452700;6,43737900;
202300014269.0;1;62;62193;1;1;1.0;6.0;50,93473655;1,89503283;
202300014270.0;1;76;76057;1;4;1.0;1.0;49,54489900;0,97208600;
202300014271.0;1;92;92063;2;1;1.0;6.0;48,87266303;2,16338038;
202300014272.0;3;94;94034;1;1;1.0;6.0;48,75331485;2,33176301;
202300014273.0;1;62;62318;1;1;1.0;6.0;50,53783161;1,62363068;
202300014274.0;1;74;74042;2;1;1.0;4.0;46,07229300;6,42625600;
202300014275.0;2;92;92050;2;9;1.0;6.0;48,91046304;2,21421719;
202300014276.0;3;91;91534;1;1;1.0;2.0;48,73849000;2,17867000;
202300014277.0;1;92;92020;2;6;1.0;6.0;48,79812500;2,28296000;
202300014278.0;5;67;67447;2;3;1.0;3.0;48,60974000;7,74463000;
202300014279.0;1;14;14258;2;2;1.0;3.0;48,89433300; -0,18791000;
202300014280.0;3;91;91345;1;1;1.0;2.0;48,68702000;2,32608000;
202300014281.0;1;78;78133;1;1;1.0;6.0;48,90818200;2,05142600;
202300014282.0;1;38;38421;2;2;1.0;3.0;45,18381000;5,75435000;