Num_Acc;lum;departement;commune;agglomeration;intersection;meteo;type_collision;lat;long;date
202300014283.0;1;92;92044;2;4;1.0;2.0;48,89061272;2,29173392;
202300014284.0;3;69;69271;1;1;1.0;2.0;45,72836000;4,97676000;
202300014285.0;1;92;92047;1;1;1.0;6.0;48,83488984;2,17313111;
202300014286.0;1;988;98818;2;3;1.0;3.0; -22,27710000;166,44781000;
202300014287.0;1;92;92036;1;1;1.0;1.0;48,92422000;2,29457000;
202300014288.0;1;92;92012;2;1;1.0;7.0;48,83699462;2,23630518;
202300014289.0;2;974;97411;2;9;8.0;7.0; -20,90249000;55,50279000;
202300014290.0;5;30;30351;2;9;1.0;3.0;43,97512500;4,78255900;
202300014291.0;5;92;92076;1;1;1.0;3.0;48,83169441;2,14920613;
202300014292.0;3;14;14710;1;1;1.0;6.0;48,89797200; -0,34453700;
202300014293.0;1;973;97302;2;1;1.0;6.0;4,92553476; -52,31280541;
202300014294.0;1;974;97407;1;9;1.0;3.0; -20,95364000;55,30819000;
202300014295.0;1;92;92078;1;1;1.0;3.0;48,93112930;2,32352796;
202300014296.0;1;973;97302;2;1;2.0;2.0;4,92733000; -52,31950000;
202300014297.0;1;62;62492;1;1;1.0;7.0;50,46384000;1,98409600;
202300014298.0;1;973;97302;2;1;1.0;7.0;4,93334176; -52,30968547;
202300014299.0;1;93;93027;1;1;1.0;3.0;48,93386000;2,38603000;
202300014300.0;3;972;97213;1;1;1.0;6.0;14,62498000; -60,98410000;
202300014301.0;2;69;69388;2;2;1.0;3.0;45,73200000;4,86400000;
202300014302.0;5;69;69389;2;4;1.0;3.0;45,77589000;4,79544000;
202300014303.0;5;69;69388;2;3;1.0;6.0;45,72928000;4,88517000;
202300014304.0;1;95;95018;1;1;1.0;4.0;48,95758000;2,27564000;
202300014305.0;3;66;66137;1;1;1.0;5.0;42,47165300;2,86318300;
202300014306.0;1;69;69034;2;1;1.0;6.0;45,80800000;4,85613000;
202300014307.0;1;69;69202;1;3;1.0;2.0;45,72293885;4,78023247;
202300014308.0;3;93;93006;1;1;1.0;3.0;48,86575000;2,42124000;
202300014309.0;1;95;95500;1;1;1.0;7.0;49,03831000;2,08793400;
202300014310.0;1;67;67317;2;3;1.0;6.0;48,30599500;7,33970900;
202300014311.0;1;2A;2A004;2;2;1.0;3.0;41,92108000;8,73734000;
202300014312.0;1;69;69149;2;2;1.0;3.0;45,72437000;4,78063000;
202300014313.0;1;974;97412;1;1;2.0;6.0; -21,35956763;55,59656560;
202300014314.0;1;93;93066;1;1;1.0;6.0;48,92705786;2,35713065;
202300014315.0;1;75;75107;2;2;1.0;2.0;48,85272200;2,32937800;
202300014316.0;1;57;57428;1;1;1.0;6.0;49,11205000;6,75204800;
202300014317.0;5;95;95369;2;9;2.0;6.0;49,00361000;2,28831000;
202300014318.0;3;93;93064;1;1;2.0;2.0;48,88086587;2,47519410;
202300014319.0;5;971;97107;2;1;1.0;6.0;16,05174210; -61,56226516;
202300014320.0;1;94;94068;2;2;1.0;3.0;48,80951300;2,50971500;
202300014321.0;1;83;83116;1;1;1.0;1.0;43,43462100;5,85339500;
202300014322.0;1;77;77169;1;1;1.0;3.0;48,81580800;2,62320400;
202300014323.0;1;2A;2A004;1;1;1.0;2.0;41,94141000;8,80752000;
202300014324.0;5;91;91477;2;4;2.0;6.0;48,71567000;2,25563000;
202300014325.0;3;35;35173;1;1;1.0;6.0;48,21664500; -1,73153800;
202300014326.0;1;94;94068;2;1;1.0;6.0;48,79807000;2,50244000;
202300014327.0;1;91;91223;1;1;1.0;3.0;48,42991000;2,18420000;
202300014328.0;1;77;77363;1;1;1.0;6.0;48,91469805;2,63429878;
202300014329.0;5;88;88209;2;2;3.0;3.0;48,19374000;6,44322000;
202300014330.0;1;56;56186;2;1;1.0;7.0;47,48915700; -3,11359100;
202300014331.0;1;94;94015;2;9;1.0;6.0;48,83970300;2,53892400;
202300014332.0;1;87;87085;2;1;1.0;7.0;45,88195000;1,28927000;
202300014333.0;5;974;97411;2;1;1.0;6.0; -20,91337000;55,49711000;
202300014334.0;5;87;87114;2;1;2.0;7.0;45,84298000;1,32010000;
202300014335.0;1;87;87085;2;3;2.0;6.0;45,84346000;1,25646000;
202300014336.0;5;974;97411;2;9;1.0;2.0; -20,89550000;55,47310000;
202300014337.0;1;87;87085;1;1;1.0;7.0;45,89314000;1,28018000;
202300014338.0;1;94;94028;2;3;1.0;3.0;48,78852000;2,45135000;
202300014339.0;1;76;76046;1;2;1.0;2.0;49,44001700;1,29445600;
202300014340.0;1;974;97411;2;1;1.0;2.0; -20,88940000;55,45508000;
202300014341.0;3;86;86066;2;1;1.0;2.0;46,82339000;0,54959000;
202300014342.0;1;87;87085;2;1;1.0;3.0;45,80960900;1,27578000;
202300014343.0;1;2A;2A362;2;9;7.0;2.0;41,69890800;9,34579800;
202300014344.0;1;94;94022;2;3;1.0;6.0;48,75259807;2,41638078;
202300014345.0;4;974;97411;1;1;1.0;6.0; -20,89928333;55,46033621;
202300014346.0;1;87;87114;2;1;2.0;1.0;45,82510000;1,29036000;
202300014347.0;1;12;12128;1;4;3.0;3.0;44,25137700;2,15385926;
202300014348.0;1;94;94068;2;1;1.0;6.0;48,80003694;2,48593917;
202300014349.0;1;78;78372;2;3;1.0;6.0;48,87860000;2,09969000;
202300014350.0;1;87;87085;2;1;2.0;3.0;45,81471000;1,27808000;
202300014351.0;5;974;97407;2;2;1.0;3.0; -20,93796000;55,29495000;
202300014352.0;4;47;47280;2;1;1.0;3.0;44,39532800;0,80710900;
202300014353.0;3;973;97302;1;1;8.0;6.0;4,90321000; -52,32417000;
202300014354.0;1;94;94070;2;2;1.0;3.0;48,71994695;2,56636092;
202300014355.0;1;25;25299;1;1;1.0;6.0;47,32028700;6,38816400;
202300014356.0;1;77;77487;1;3;1.0;3.0;48,53637000;2,70340000;
202300014357.0;5;84;84007;2;6;1.0;2.0;43,93938000;4,82119000;
202300014358.0;1;93;93073;2;3;1.0;6.0;48,97795000;2,55645000;
202300014359.0;1;69;69386;2;4;1.0;6.0;45,76976000;4,85726000;
202300014360.0;1;44;44188;1;3;1.0;3.0;47,00981600; -1,65363000;
202300014361.0;2;30;30351;2;2;1.0;6.0;43,96793000;4,79865000;
202300014362.0;1;972;97209;1;1;1.0;6.0;14,62001400; -61,03902650;
202300014363.0;1;77;77243;2;3;1.0;3.0;48,87657000;2,69953000;
202300014364.0;1;29;29106;1;1;1.0;6.0;48,08849436; -4,07566488;
202300014365.0;1;93;93070;2;1;1.0;6.0;48,91170800;2,32514100;
202300014366.0;1;69;69389;2;3;1.0;6.0;45,78245000;4,79697000;
202300014367.0;5;80;80001;2;6;3.0;6.0;50,10659700;1,84544000;
202300014368.0;1;76;76351;2;2;1.0;6.0;49,49134000;0,10528000;
202300014369.0;1;93;93066;2;1;1.0;2.0;48,94249800;2,36462900;
202300014370.0;1;38;38559;1;4;1.0;6.0;45,22665700;5,37184900;
202300014371.0;1;71;71270;2;1;1.0;6.0;46,28492000;4,80731000;
202300014372.0;1;93;93077;2;1;1.0;3.0;48,89672000;2,50447000;
202300014373.0;1;71;71270;2;1;1.0;7.0;46,30377000;4,81994000;
202300014374.0;1;76;76575;2;1;8.0;6.0;49,40137900;1,06471700;
202300014375.0;1;01;01323;1;2;1.0;3.0;46,41839000;4,91738000;
202300014376.0;1;2B;2B120;2;1;1.0;6.0;42,65491000;9,44115000;
202300014377.0;1;93;93032;2;1;2.0;1.0;48,87215197;2,55930215;
202300014378.0;1;69;69266;2;3;1.0;3.0;45,76959000;4,86990000;
202300014379.0;1;01;01130;2;1;1.0;7.0;46,31314800;5,19536100;
202300014380.0;5;76;76540;2;3;1.0;3.0;49,44774000;1,10208000;
202300014381.0;1;971;97101;1;3;1.0;3.0;16,29367000; -61,51119000;
202300014382.0;5;93;93029;2;1;1.0;6.0;48,91526101;2,43200451;
202300014383.0;3;69;69275;2;6;1.0;6.0;45,78295000;4,95388000;
202300014384.0;1;2A;2A004;2;1;1.0;6.0;41,94176500;8,74861400;
202300014385.0;5;93;93008;2;9;2.0;3.0;48,90196515;2,46003896;
202300014386.0;5;76;76351;2;1;1.0;2.0;49,49048000;0,14934000;
202300014387.0;1;95;95427;2;1;1.0;6.0;48,97411000;2,34014000;
202300014388.0;3;58;58223;1;1;1.0;3.0;47,04161200;3,57128100;
202300014389.0;5;69;69199;2;1;1.0;1.0;45,70562807;4,85322862;
202300014390.0;1;92;92050;2;1;1.0;6.0;48,88533390;2,22361028;
202300014391.0;1;95;95510;1;1;1.0;6.0;49,05835025;2,00296909;
202300014392.0;1;92;92049;2;1;1.0;7.0;48,81434236;2,32108310;
202300014393.0;1;68;68224;2;1;1.0;3.0;47,74007000;7,34143000;
202300014394.0;1;74;74281;1;1;1.0;4.0;46,36166000;6,49074000;
202300014395.0;1;92;92040;2;1;1.0;2.0;48,82731000;2,27786000;
202300014396.0;1;14;14371;1;1;1.0;7.0;48,99377700;0,11838000;
202300014397.0;1;68;68066;2;9;1.0;1.0;48,07066000;7,34110000;
202300014398.0;1;92;92036;2;1;1.0;6.0;48,93204900;2,31072500;
202300014399.0;1;72;72181;2;9;1.0;3.0;47,99800000;0,18900000;
202300014400.0;1;87;87050;2;1;1.0;2.0;45,87684000;1,24366000;
202300014401.0;1;67;67482;2;1;1.0;2.0;48,57271000;7,75994000;
202300014402.0;1;14;14456;1;3;1.0;1.0;49,12219200; -0,13148700;
202300014403.0;1;85;85191;2;1;1.0;2.0;46,68675000; -1,42996000;
202300014404.0;5;92;92025;2;3;1.0;3.0;48,92268200;2,25258100;
202300014405.0;2;69;69271;2;1;5.0;3.0;45,72996423;4,96370385;
202300014406.0;1;67;67180;2;9;1.0;3.0;48,79633000;7,77023000;
202300014407.0;5;92;92024;2;3;2.0;7.0;48,90465700;2,30963141;
202300014408.0;1;64;64445;2;1;1.0;3.0;43,32499000; -0,35727000;
202300014409.0;5;83;83137;2;1;8.0;5.0;43,12570000;5,92832000;
202300014410.0;1;50;50074;1;4;1.0;3.0;48,72634500; -1,19216700;
202300014411.0;1;92;92012;2;1;1.0;1.0;48,83160000;2,25824000;
202300014412.0;1;64;64445;2;2;1.0;3.0;43,30550000; -0,37455000;
202300014413.0;1;64;64102;2;1;1.0;2.0;43,49502000; -1,45746000;
202300014414.0;5;92;92002;2;6;3.0;3.0;48,74158600;2,28433415;
202300014415.0;3;83;83098;1;1;1.0;6.0;43,11399100;6,03687200;
202300014416.0;1;90;90065;1;1;1.0;7.0;47,79836800;6,83939700;
202300014417.0;1;64;64269;2;6;7.0;7.0;43,30786000; -0,30769000;
202300014418.0;1;24;24463;1;1;1.0;1.0;45,34709300;1,08590800;
202300014419.0;5;63;63014;2;2;1.0;4.0;45,75973000;3,12294000;
202300014420.0;1;60;60044;2;1;1.0;6.0;49,30066900;2,33238500;
202300014421.0;5;83;83069;2;1;1.0;7.0;43,11803021;6,12859172;
202300014422.0;3;64;64125;2;9;1.0;2.0;43,45390000; -1,57371000;
202300014423.0;3;95;95313;1;1;2.0;3.0;49,11835546;2,25256335;
202300014424.0;1;63;63113;2;2;1.0;6.0;45,78714535;3,08465034;
202300014425.0;1;60;60057;2;9;1.0;3.0;49,44217770;2,09380209;
202300014426.0;1;64;64024;2;1;2.0;3.0;43,50880000; -1,53137000;
202300014427.0;2;37;37188;1;6;1.0;3.0;47,06202500;0,55983100;
202300014428.0;1;45;45195;2;4;1.0;3.0;48,10453700;2,18809200;
202300014429.0;1;78;78361;1;1;1.0;1.0;48,99749500;1,66890100;
202300014430.0;1;86;86153;2;1;1.0;7.0;46,40482700;0,69578100;
202300014431.0;1;59;59350;2;3;1.0;6.0;50,64731316;3,05984025;
202300014432.0;1;38;38199;1;1;1.0;6.0;45,50748200;4,92109200;
202300014433.0;1;62;62895;1;1;1.0;4.0;50,48758000;2,86511000;
202300014434.0;1;56;56121;2;1;1.0;5.0;47,74164000; -3,38179000;
202300014435.0;1;95;95487;2;1;7.0;6.0;49,15407900;2,27032400;
202300014436.0;1;73;73255;1;3;1.0;3.0;45,34695800;6,30308400;
202300014437.0;1;62;62427;2;9;2.0;3.0;50,40106055;2,97791255;
202300014438.0;1;54;54578;2;1;1.0;1.0;48,66684000;6,14588000;
202300014439.0;1;68;68143;2;1;1.0;6.0;48,11050100;7,42318000;
202300014440.0;1;54;54184;2;1;1.0;6.0;48,70546000;6,24550000;
202300014441.0;1;77;77479;1;3;1.0;3.0;48,87688405;2,64914598;
202300014442.0;1;62;62193;2;1;3.0;1.0;50,95335000;1,88857000;
202300014443.0;1;10;10268;1;9;1.0;6.0;48,49445500;3,52342500;
202300014444.0;1;26;26353;1;1;1.0;7.0;44,66945400;4,79507100;
202300014445.0;5;50;50129;2;1;1.0;6.0;49,62396000; -1,61593000;
202300014446.0;3;62;62579;1;1;2.0;6.0;50,18321900;2,66954900;
202300014447.0;1;61;61001;2;6;1.0;3.0;48,43418000;0,09402000;
202300014448.0;1;07;07089;1;1;1.0;6.0;45,30680900;4,74038100;
202300014449.0;1;49;49099;1;1;1.0;3.0;47,09279000; -0,84421000;
202300014450.0;1;76;76540;2;2;1.0;3.0;49,42816000;1,08100000;
202300014451.0;1;51;51386;1;1;1.0;7.0;48,80624200;3,53852000;
202300014452.0;1;49;49353;2;1;1.0;7.0;47,45237100; -0,51401100;
202300014453.0;3;78;78291;1;1;2.0;6.0;48,96438500;1,76004400;
202300014454.0;1;30;30276;1;1;1.0;6.0;43,60799900;4,19359100;
202300014455.0;3;79;79277;1;1;1.0;6.0;47,05148500; -0,22304200;
202300014456.0;1;49;49007;2;1;1.0;7.0;47,47604000; -0,51525000;
202300014457.0;1;74;74012;2;1;1.0;2.0;46,18918000;6,23298000;
202300014458.0;1;65;65258;2;1;7.0;6.0;43,11385200;0,38437100;
202300014459.0;2;37;37050;1;1;2.0;7.0;47,33083373;0,67848659;
202300014460.0;5;59;59512;1;1;2.0;5.0;50,70474920;3,16707993;
202300014461.0;3;08;08468;1;1;1.0;6.0;49,77692700;4,45867400;
202300014462.0;1;69;69214;1;1;1.0;6.0;46,00378800;4,34221200;
202300014463.0;1;973;97309;2;1;1.0;6.0;4,91435018; -52,27418125;
202300014464.0;5;59;59350;2;2;1.0;6.0;50,64212000;3,05644000;
202300014465.0;5;37;37261;2;3;1.0;3.0;47,36414000;0,70370000;
202300014466.0;1;74;74012;2;1;1.0;3.0;46,19252000;6,22877000;
202300014467.0;1;37;37261;2;2;1.0;3.0;47,39345000;0,67191000;
202300014468.0;3;49;49248;1;1;1.0;6.0;47,76081300; -1,20272400;
202300014469.0;3;01;01049;1;1;1.0;6.0;45,83540000;5,03475800;
202300014470.0;1;69;69259;2;1;1.0;1.0;45,71720000;4,85963000;
202300014471.0;1;59;59509;2;1;8.0;4.0;50,41485000;3,10766000;
202300014472.0;1;33;33063;2;1;1.0;2.0;44,85246000; -0,56766000;
202300014473.0;1;33;33529;1;1;1.0;3.0;44,61835000; -1,12618000;
202300014474.0;1;49;49183;2;1;2.0;6.0;47,51055300; -0,98334400;
202300014475.0;1;68;68278;2;1;1.0;3.0;47,74479200;7,41225800;
202300014476.0;1;69;69259;2;9;1.0;6.0;45,71100000;4,88253000;
202300014477.0;4;59;59122;2;2;2.0;3.0;50,16789000;3,22990000;
202300014478.0;1;31;31555;2;6;1.0;3.0;43,58937000;1,47881000;
202300014479.0;1;44;44142;1;2;2.0;6.0;47,03617900; -1,41734900;
202300014480.0;5;51;51454;2;1;1.0;7.0;49,25796000;4,00554000;
202300014481.0;1;67;67447;2;1;1.0;6.0;48,60733000;7,72273000;
202300014482.0;1;37;37185;2;6;1.0;6.0;47,44289200;0,99476400;
202300014483.0;5;31;31555;2;1;1.0;6.0;43,59500000;1,45194000;
202300014484.0;1;38;38261;2;1;1.0;6.0;45,67717600;5,46966500;
202300014485.0;2;51;51230;2;1;8.0;6.0;49,02972700;3,95355600;
202300014486.0;1;77;77420;1;1;1.0;6.0;49,04050768;2,71581478;
202300014487.0;1;13;13054;2;1;1.0;1.0;43,41701000;5,21883000;
202300014488.0;1;67;67180;1;1;1.0;1.0;48,88467000;7,82755000;
202300014489.0;1;15;15202;1;1;1.0;1.0;45,12355000;2,41269000;
202300014490.0;1;50;50129;2;9;2.0;6.0;49,63286000; -1,58835000;
202300014491.0;3;95;95212;1;1;1.0;7.0;49,03646800;2,56412700;
202300014492.0;1;66;66136;2;3;1.0;6.0;42,70082000;2,89169000;
202300014493.0;1;13;13216;2;1;1.0;3.0;43,35805000;5,32082000;
202300014494.0;1;49;49007;1;1;2.0;2.0;47,46899000; -0,58739000;
202300014495.0;1;01;01263;2;3;1.0;3.0;46,08062631;4,76908967;
202300014496.0;5;56;56083;2;1;1.0;7.0;47,80253000; -3,26526000;
202300014497.0;1;91;91338;2;1;1.0;2.0;48,64383000;2,07553100;
202300014498.0;1;13;13208;2;1;1.0;6.0;43,24138772;5,36843039;
202300014499.0;1;49;49015;2;1;1.0;3.0;47,50300000; -0,59192000;
202300014500.0;1;63;63075;2;4;1.0;6.0;45,77572765;3,06715965;
202300014501.0;3;26;26165;2;1;1.0;2.0;44,80618523;4,85541550;
202300014502.0;1;54;54575;1;1;8.0;6.0;49,48041000;5,85916000;
202300014503.0;1;62;62193;2;1;1.0;6.0;50,94483000;1,82953000;
202300014504.0;1;49;49353;2;6;1.0;7.0;47,44063000; -0,48947000;
202300014505.0;1;34;34154;1;3;1.0;2.0;43,60398600;3,99834800;
202300014506.0;1;06;06079;2;1;1.0;3.0;43,54948200;6,93841200;
202300014507.0;1;54;54395;2;1;1.0;2.0;48,68444180;6,16604984;
202300014508.0;1;34;34057;1;1;1.0;1.0;43,64326500;3,89605900;
202300014509.0;1;49;49007;2;1;8.0;3.0;47,47723000; -0,55334000;
202300014510.0;1;49;49007;2;6;1.0;3.0;47,48538000; -0,55372000;
202300014511.0;1;54;54280;2;9;1.0;6.0;49,22555000;6,01642000;
202300014512.0;1;44;44109;2;1;1.0;7.0;47,24592000; -1,55531000;
202300014513.0;3;45;45338;1;1;2.0;6.0;47,98078000;2,68669000;
202300014514.0;2;06;06157;2;3;1.0;3.0;43,72191300;7,11442300;
202300014515.0;5;45;45059;2;1;2.0;1.0;47,93475400;1,76346700;
202300014516.0;3;45;45068;2;1;2.0;6.0;48,01318000;2,72875000;
202300014517.0;3;18;18073;1;1;5.0;7.0;46,89734700;2,29550900;
202300014518.0;5;37;37233;2;1;1.0;3.0;47,38610351;0,76058328;
202300014519.0;2;41;41269;2;1;1.0;3.0;47,79048000;1,07342000;
202300014520.0;1;10;10351;1;1;1.0;3.0;48,43127900;3,68037700;
202300014521.0;3;34;34032;1;1;1.0;1.0;43,38177000;3,22270000;
202300014522.0;3;10;10106;1;1;1.0;7.0;48,45965094;3,41335982;
202300014523.0;1;41;41018;2;1;1.0;6.0;47,57428000;1,32344000;
202300014524.0;1;52;52448;2;1;1.0;6.0;48,64425000;4,95939000;
202300014525.0;1;13;13100;1;1;1.0;3.0;43,79602000;4,80379300;
202300014526.0;3;34;34032;2;1;1.0;7.0;43,33374600;3,22315900;
202300014527.0;1;07;07296;1;2;1.0;3.0;44,58123300;4,39187600;
202300014528.0;1;49;49099;1;2;1.0;3.0;47,08996000; -0,84231000;
202300014529.0;1;40;40281;1;1;1.0;5.0;43,86650000; -0,50963000;
202300014530.0;2;25;25198;2;1;1.0;6.0;47,53606900;6,67715000;
202300014531.0;1;38;38185;2;9;1.0;6.0;45,16402000;5,72878000;
202300014532.0;5;29;29019;2;6;1.0;3.0;48,42606700; -4,47754700;
202300014533.0;1;71;71275;2;1;1.0;3.0;46,27551200;4,04193800;
202300014534.0;3;17;17366;1;1;1.0;6.0;45,12130200; -0,09001500;
202300014535.0;1;49;49007;2;1;1.0;3.0;47,44515000; -0,56237000;
202300014536.0;1;37;37261;2;1;1.0;6.0;47,41224000;0,70295000;
202300014537.0;5;87;87105;2;1;1.0;6.0;45,72464900;1,61440000;
202300014538.0;1;21;21390;2;6;1.0;1.0;47,27928635;5,00701850;
202300014539.0;1;49;49007;2;2;1.0;3.0;47,47737000; -0,55323000;
202300014540.0;5;15;15014;2;1;1.0;6.0;44,92256400;2,43489400;
202300014541.0;1;68;68063;1;6;1.0;3.0;47,79535500;7,15859600;
202300014542.0;3;35;35238;1;1;2.0;4.0;48,11161000; -1,71847000;
202300014543.0;1;37;37204;1;2;2.0;3.0;47,53828200;0,63145600;
202300014544.0;1;47;47001;2;3;1.0;3.0;44,19499000;0,64250000;
202300014545.0;1;54;54318;2;1;1.0;7.0;48,75282900;6,06146000;
202300014546.0;2;13;13054;2;2;1.0;3.0;43,42110000;5,20777000;
202300014547.0;1;35;35238;2;3;8.0;3.0;48,13061000; -1,67641000;
202300014548.0;1;88;88516;2;4;1.0;3.0;48,20336800;5,96468000;
202300014549.0;1;45;45234;2;8;1.0;1.0;47,89634000;1,90437000;
202300014550.0;1;01;01249;1;3;1.0;7.0;45,84615900;4,93593500;
202300014551.0;3;33;33063;2;1;2.0;1.0;44,88590000; -0,56120000;
202300014552.0;2;13;13210;2;1;7.0;6.0;43,26819000;5,41863000;
202300014553.0;1;45;45004;2;1;1.0;6.0;47,97600637;2,73334446;
202300014554.0;1;987;98745;2;1;1.0;1.0; -16,62000000; -151,49600000;
202300014555.0;5;32;32013;2;1;2.0;3.0;43,65961000;0,58933000;
202300014556.0;5;11;11262;2;1;1.0;3.0;43,18241000;3,00728000;
202300014557.0;5;987;98745;2;1;1.0;2.0; -16,62000000; -151,49600000;
202300014558.0;1;43;43041;2;1;1.0;2.0;45,04959376;3,90612792;
202300014559.0;1;14;14680;1;1;1.0;1.0;49,29868300; -0,73576700;
202300014560.0;3;67;67506;1;1;1.0;6.0;48,67822800;7,73409600;
202300014561.0;1;31;31555;2;1;8.0;6.0;43,61660000;1,47295000;
202300014562.0;1;10;10387;2;2;1.0;3.0;48,28200000;4,09080000;
202300014563.0;1;56;56152;2;4;1.0;3.0;47,34920400; -3,16069400;
202300014564.0;1;13;13058;1;1;1.0;6.0;43,74967600;4,83299700;
202300014565.0;1;37;37261;2;1;1.0;2.0;47,36821000;0,70884000;
202300014566.0;1;27;27229;2;1;1.0;3.0;49,02881000;1,17426000;
202300014567.0;1;22;22081;2;1;1.0;7.0;48,48701700; -2,64086500;
202300014568.0;5;07;07102;1;6;1.0;6.0;44,92346000;4,85992000;
202300014569.0;1;35;35288;2;1;1.0;6.0;48,65899000; -1,99418000;
202300014570.0;3;11;11262;1;9;1.0;2.0;43,17532600;3,03119700;
202300014571.0;1;35;35194;1;3;1.0;6.0;48,15140000; -1,25972000;
202300014572.0;1;17;17291;1;1;1.0;4.0;46,17374000; -1,11488300;
202300014573.0;3;35;35241;1;1;1.0;2.0;48,61740165; -2,02786011;
202300014574.0;1;13;13021;1;1;1.0;6.0;43,34390200;5,16974300;
202300014575.0;3;06;06069;2;1;1.0;6.0;43,64246000;6,94222000;
202300014576.0;1;69;69199;1;1;1.0;2.0;45,71606000;4,84713000;
202300014577.0;2;16;16102;2;1;2.0;2.0;45,68881399; -0,31583548;
202300014578.0;1;34;34172;2;1;1.0;3.0;43,58693800;3,88327400;
202300014579.0;1;04;04070;2;9;1.0;6.0;44,08138890;6,20583000;
202300014580.0;1;78;78470;1;2;2.0;3.0;48,57927600;1,81858100;
202300014581.0;3;13;13071;2;1;1.0;1.0;43,41491000;5,29784000;
202300014582.0;1;75;75118;2;1;1.0;2.0;48,90070100;2,33445200;
202300014583.0;1;13;13213;2;1;1.0;2.0;43,32343860;5,45376226;
202300014584.0;1;38;38003;1;2;1.0;3.0;45,32715000;4,87533300;
202300014585.0;1;38;38336;1;9;8.0;2.0;45,47256000;4,83295000;
202300014586.0;3;61;61433;1;1;1.0;6.0;48,48868100; -0,01776100;
202300014587.0;1;13;13208;2;9;1.0;6.0;43,25000000;5,38000000;
202300014588.0;1;75;75115;2;1;1.0;6.0;48,82591200;2,29857400;
202300014589.0;4;69;69266;1;1;1.0;6.0;45,76147000;4,90973000;
202300014590.0;1;10;10387;2;1;1.0;7.0;48,30090000;4,08727000;
202300014591.0;1;34;34032;2;3;3.0;1.0;43,33643000;3,24382000;
202300014592.0;3;60;60103;1;1;1.0;6.0;49,41666900;2,23983800;
202300014593.0;1;33;33063;1;1;1.0;7.0;44,88460000; -0,56120000;
202300014594.0;5;10;10387;2;1;3.0;6.0;48,30685000;4,07033000;
202300014595.0;1;75;75120;2;1;1.0;2.0;48,85903300;2,41411000;
202300014596.0;5;80;80561;2;1;2.0;6.0;49,64787200;2,57067200;
202300014597.0;1;33;33063;2;3;1.0;3.0;44,87500000; -0,55420000;
202300014598.0;1;06;06069;2;1;1.0;7.0;43,65491400;6,93891200;
202300014599.0;1;33;33013;1;1;1.0;4.0;44,86644201; -0,48696846;
202300014600.0;1;32;32013;2;1;1.0;7.0;43,64745000;0,59764000;
202300014601.0;1;59;59524;1;3;1.0;1.0;50,57229157;2,88567252;
202300014602.0;5;75;75119;2;2;1.0;2.0;48,89231700;2,37913300;
202300014603.0;1;29;29232;1;1;1.0;3.0;48,03090000; -4,09832000;
202300014604.0;1;05;05061;2;3;1.0;3.0;44,52579200;6,04839100;
202300014605.0;1;13;13207;1;1;1.0;6.0;43,29110000;5,36590000;
202300014606.0;5;75;75115;2;2;2.0;6.0;48,83788100;2,28177600;
202300014607.0;1;03;03185;2;9;1.0;1.0;46,35184000;2,59678000;
202300014608.0;1;29;29039;2;9;1.0;3.0;47,87777000; -3,84920000;
202300014609.0;1;94;94038;1;1;1.0;3.0;48,77431145;2,34553563;
202300014610.0;1;13;13215;1;1;1.0;5.0;43,37114000;5,36104000;
202300014611.0;5;75;75118;2;1;1.0;2.0;48,90078700;2,33855900;
202300014612.0;5;75;75114;2;3;2.0;6.0;48,83637000;2,32659400;
202300014613.0;2;59;59586;1;1;1.0;2.0;50,55511000;3,17684000;
202300014614.0;1;94;94021;1;1;1.0;3.0;48,76761859;2,34423560;
202300014615.0;5;29;29019;2;2;1.0;3.0;48,41329000; -4,48664000;
202300014616.0;5;75;75118;2;1;2.0;3.0;48,90086900;2,36433600;
202300014617.0;1;75;75113;2;1;1.0;3.0;48,83646700;2,37461400;
202300014618.0;1;94;94037;1;1;2.0;2.0;48,81520826;2,33637682;
202300014619.0;5;75;75119;2;1;1.0;2.0;48,90050300;2,38481800;
202300014620.0;1;91;91216;1;1;1.0;4.0;48,68545000;2,32711000;
202300014621.0;5;27;27229;2;1;1.0;6.0;49,02446060;1,16804080;
202300014622.0;1;77;77251;1;1;1.0;3.0;48,63235000;2,52960000;
202300014623.0;5;75;75116;2;1;1.0;2.0;48,86978400;2,27168400;
202300014624.0;5;75;75112;2;3;2.0;6.0;48,82746500;2,41939500;
202300014625.0;1;91;91471;1;1;1.0;3.0;48,69827000;2,19238000;
202300014626.0;1;17;17415;2;6;7.0;3.0;45,74078600; -0,62680800;
202300014627.0;3;75;75120;2;1;8.0;5.0;48,86328300;2,41408300;
202300014628.0;3;78;78466;1;1;1.0;3.0;48,93282500;1,97391600;
202300014629.0;1;17;17306;2;1;1.0;2.0;45,63723000; -1,03905000;
202300014630.0;1;92;92050;1;1;1.0;5.0;48,91808521;2,22294963;
202300014631.0;5;75;75111;2;2;1.0;5.0;48,85569300;2,37164400;