Num_Acc;lum;departement;commune;agglomeration;intersection;meteo;type_collision;lat;long;date
202300014632.0;5;75;75105;2;2;2.0;2.0;48,84950400;2,35287700;
202300014633.0;2;93;93048;1;1;1.0;5.0;48,86450000;2,48231000;
202300014634.0;3;17;17200;1;1;1.0;7.0;46,19335000; -1,14124000;
202300014635.0;1;93;93005;1;1;1.0;3.0;48,94695037;2,47598946;
202300014636.0;1;75;75104;2;1;1.0;6.0;48,84854600;2,36276200;
202300014637.0;1;17;17300;2;1;1.0;6.0;46,16764000; -1,12366000;
202300014638.0;1;75;75120;2;2;1.0;6.0;48,86665000;2,39711400;
202300014639.0;1;95;95241;1;1;1.0;3.0;49,04677170;2,45605464;
202300014640.0;1;93;93005;1;1;1.0;2.0;48,96157000;2,47377000;
202300014641.0;5;94;94021;2;8;2.0;6.0;48,76843218;2,36789060;
202300014642.0;1;95;95572;1;1;1.0;2.0;49,04123850;2,12812338;
202300014643.0;5;75;75118;2;3;1.0;2.0;48,89777100;2,33342700;
202300014644.0;1;93;93066;1;1;1.0;2.0;48,92005000;2,35853000;
202300014645.0;1;95;95306;1;1;1.0;2.0;49,00326696;2,16891228;
202300014646.0;5;94;94011;2;9;1.0;3.0;48,76266428;2,47877428;
202300014647.0;5;75;75114;2;9;1.0;3.0;48,82508300;2,31683600;
202300014648.0;1;93;93006;1;1;1.0;3.0;48,86628452;2,41411418;
202300014649.0;1;95;95488;1;1;1.0;2.0;49,01412222;2,14740336;
202300014650.0;5;94;94034;2;1;2.0;6.0;48,75612230;2,32239957;
202300014651.0;1;75;75112;2;1;1.0;6.0;48,83324100;2,42038500;
202300014652.0;4;94;94042;1;1;2.0;7.0;48,82854107;2,47576095;
202300014653.0;1;93;93063;1;1;1.0;2.0;48,87835874;2,44648683;
202300014654.0;1;75;75110;2;3;2.0;6.0;48,87143800;2,36032400;
202300014655.0;1;94;94018;2;2;1.0;3.0;48,82235400;2,41071200;
202300014656.0;1;93;93010;1;1;1.0;3.0;48,90635000;2,47223000;
202300014657.0;5;94;94058;1;1;2.0;6.0;48,84825895;2,49161327;
202300014658.0;2;75;75116;2;4;1.0;2.0;48,87278600;2,28039300;
202300014659.0;1;92;92036;1;1;1.0;3.0;48,93858011;2,30135264;
202300014660.0;1;93;93078;2;6;1.0;2.0;48,96085000;2,55636000;
202300014661.0;1;75;75103;2;2;1.0;7.0;48,86374100;2,35492200;
202300014662.0;1;77;77146;1;9;1.0;6.0;48,83206200;2,65248800;
202300014663.0;3;93;93078;1;1;1.0;6.0;48,96431000;2,52016000;
202300014664.0;3;93;93053;2;1;1.0;6.0;48,89745200;2,46872900;
202300014665.0;1;75;75104;2;3;1.0;7.0;48,85873700;2,34847300;
202300014666.0;1;91;91286;2;1;1.0;2.0;48,66477000;2,39835000;
202300014667.0;1;92;92078;1;1;1.0;3.0;48,93058384;2,32463231;
202300014668.0;1;94;94076;2;3;1.0;6.0;48,78995000;2,37423000;
202300014669.0;5;93;93001;2;4;2.0;6.0;48,91925000;2,37825000;
202300014670.0;2;94;94011;2;1;8.0;6.0;48,76604000;2,49055000;
202300014671.0;1;972;97209;1;1;1.0;1.0;14,63587000; -61,05583000;
202300014672.0;2;92;92064;2;1;2.0;2.0;48,84572378;2,22382888;
202300014673.0;5;42;42218;2;1;1.0;6.0;45,42885000;4,40275000;
202300014674.0;1;94;94022;2;3;1.0;3.0;48,75837000;2,40962000;
202300014675.0;1;974;97416;2;3;1.0;6.0; -21,33971000;55,46154000;
202300014676.0;1;93;93066;2;1;1.0;3.0;48,93956707;2,35069125;
202300014677.0;5;92;92009;2;2;8.0;3.0;48,90683870;2,26142060;
202300014678.0;1;93;93066;2;1;1.0;3.0;48,92608417;2,35999452;
202300014679.0;1;974;97416;1;1;1.0;5.0; -21,31340000;55,49420000;
202300014680.0;5;76;76476;2;2;9.0;3.0;49,53648900;0,60172700;
202300014681.0;1;77;77258;1;1;1.0;2.0;48,83083900;2,63481200;
202300014682.0;1;974;97407;2;9;1.0;3.0; -20,95690000;55,31400000;
202300014683.0;5;93;93055;2;2;1.0;6.0;48,89158000;2,40528000;
202300014684.0;1;973;97302;2;1;1.0;3.0;4,92265000; -52,32340000;
202300014685.0;3;57;57028;1;6;2.0;6.0;49,20983900;6,21023700;
202300014686.0;2;93;93046;2;2;2.0;6.0;48,91295808;2,51840734;
202300014687.0;1;973;97302;2;1;1.0;2.0;4,93083000; -52,30561000;
202300014688.0;5;93;93031;2;3;1.0;1.0;48,96088600;2,29343100;
202300014689.0;1;94;94073;1;1;1.0;2.0;48,75910401;2,38383813;
202300014690.0;3;11;11059;1;9;1.0;2.0;43,16072100;2,11317800;
202300014691.0;1;973;97302;2;1;1.0;3.0;4,92930000; -52,29610000;
202300014692.0;3;11;11410;2;1;1.0;6.0;43,25783900;2,41243800;
202300014693.0;3;77;77337;1;1;1.0;6.0;48,82922000;2,61576000;
202300014694.0;5;93;93031;2;1;2.0;1.0;48,95630800;2,30855000;
202300014695.0;1;69;69388;2;1;1.0;6.0;45,73524000;4,86707000;
202300014696.0;3;06;06143;2;1;1.0;6.0;43,94331400;7,01430900;
202300014697.0;1;93;93079;2;1;1.0;2.0;48,95768000;2,34492000;
202300014698.0;1;987;98735;2;1;1.0;6.0; -17,53389403; -149,56137429;
202300014699.0;1;85;85223;1;1;1.0;6.0;46,53703400; -1,07943400;
202300014700.0;1;69;69383;2;3;1.0;3.0;45,74979000;4,88985000;
202300014701.0;1;974;97416;1;9;1.0;7.0; -21,32945000;55,47080000;
202300014702.0;3;93;93008;2;1;2.0;6.0;48,90661000;2,44987000;
202300014703.0;1;88;88196;1;1;1.0;1.0;48,07251300;6,84127500;
202300014704.0;5;69;69389;2;1;2.0;6.0;45,78425128;4,80839207;
202300014705.0;1;974;97407;2;1;1.0;1.0; -20,94646000;55,31001000;
202300014706.0;5;93;93007;2;2;1.0;3.0;48,92932669;2,47993316;
202300014707.0;1;2B;2B120;1;1;1.0;3.0;42,64779000;9,44028000;
202300014708.0;1;57;57443;2;1;1.0;3.0;49,20973700;6,12677200;
202300014709.0;1;41;41167;1;1;1.0;5.0;47,46601600;1,09516200;
202300014710.0;5;92;92049;2;1;1.0;7.0;48,81370930;2,30490196;
202300014711.0;1;69;69383;2;1;1.0;2.0;45,75803000;4,84615000;
202300014712.0;1;91;91514;1;1;2.0;7.0;48,67120000;2,52609000;
202300014713.0;2;972;97209;1;1;1.0;2.0;14,60913000; -61,06675000;
202300014714.0;1;92;92049;2;3;1.0;3.0;48,81280000;2,30166000;
202300014715.0;3;26;26216;1;1;2.0;6.0;45,19105000;4,89494000;
202300014716.0;1;07;07015;1;1;3.0;5.0;45,13257300;4,80227000;
202300014717.0;5;91;91223;2;1;1.0;7.0;48,43983000;2,16877000;
202300014718.0;1;83;83137;2;1;1.0;6.0;43,12520000;5,96670000;
202300014719.0;1;69;69034;2;1;1.0;3.0;45,81152000;4,84602000;
202300014720.0;1;75;75115;2;3;1.0;3.0;48,82973149;2,26738080;
202300014721.0;1;65;65059;2;3;1.0;6.0;43,06620300;0,14936700;
202300014722.0;1;41;41010;2;9;1.0;3.0;47,85416300;1,00280300;
202300014723.0;1;69;69385;2;2;1.0;3.0;45,75444000;4,78216000;
202300014724.0;3;92;92025;2;2;2.0;6.0;48,91904197;2,22299731;
202300014725.0;3;09;09003;1;9;1.0;6.0;42,91930200;1,89132200;
202300014726.0;3;86;86062;2;6;1.0;7.0;46,64619500;0,36804200;
202300014727.0;3;67;67435;1;3;1.0;2.0;48,91744400;7,08594600;
202300014728.0;5;92;92025;2;1;2.0;6.0;48,93201000;2,26635000;
202300014729.0;3;971;97101;1;1;1.0;3.0;16,25315935; -61,54427290;
202300014730.0;1;77;77249;1;1;1.0;7.0;48,75000000;2,61250000;
202300014731.0;1;85;85112;1;1;7.0;7.0;46,55411200; -1,76529900;
202300014732.0;1;95;95277;1;1;1.0;1.0;49,00573000;2,42707000;
202300014733.0;1;92;92024;2;2;1.0;3.0;48,90844989;2,30021238;
202300014734.0;1;71;71263;1;1;1.0;1.0;46,63305800;5,25147000;
202300014735.0;1;85;85113;2;1;1.0;6.0;46,72386600; -2,34448100;
202300014736.0;1;77;77495;1;1;1.0;4.0;48,57202000;2,62156000;
202300014737.0;5;92;92036;2;2;1.0;3.0;48,92926369;2,28446531;
202300014738.0;1;76;76351;2;4;1.0;3.0;49,49144000;0,16120000;
202300014739.0;1;71;71243;1;1;1.0;3.0;46,46522100;5,32150300;
202300014740.0;4;91;91174;2;1;1.0;1.0;48,61065000;2,44896000;
202300014741.0;3;63;63345;1;1;1.0;2.0;45,74316400;2,95500000;
202300014742.0;5;60;60346;2;9;3.0;6.0;49,14988400;2,44263700;
202300014743.0;1;76;76351;2;2;2.0;3.0;49,49262000;0,13750000;
202300014744.0;3;71;71218;1;1;1.0;6.0;46,31135700;4,35003200;
202300014745.0;1;89;89342;1;2;1.0;2.0;48,22180000;3,27106000;
202300014746.0;3;54;54113;1;1;2.0;1.0;48,74003465;6,33505046;
202300014747.0;1;60;60009;2;3;2.0;1.0;49,40765000;2,13119700;
202300014748.0;5;73;73008;2;6;1.0;3.0;45,68555000;5,91003000;
202300014749.0;1;61;61293;1;3;1.0;3.0;48,52011800;0,56219100;
202300014750.0;1;87;87085;1;1;1.0;2.0;45,89472000;1,29376000;
202300014751.0;5;13;13202;1;1;1.0;7.0;43,30220000;5,36465000;
202300014752.0;2;95;95205;1;4;2.0;1.0;49,02553300;2,38709100;
202300014753.0;1;72;72181;2;3;1.0;3.0;47,98020000;0,21660000;
202300014754.0;1;85;85092;2;1;1.0;1.0;46,46551000; -0,81702200;
202300014755.0;5;69;69029;1;9;1.0;2.0;45,74247364;4,90562873;
202300014756.0;1;87;87085;2;1;1.0;6.0;45,81098000;1,25688000;
202300014757.0;1;49;49362;2;2;1.0;3.0;47,22291300; -0,06187900;
202300014758.0;5;72;72181;2;2;1.0;3.0;48,01430000;0,22143000;
202300014759.0;3;67;67482;2;9;1.0;6.0;48,57043000;7,73176000;
202300014760.0;1;11;11095;1;1;1.0;1.0;43,17930900;2,58364300;
202300014761.0;1;87;87085;1;1;1.0;6.0;45,85474000;1,20413000;
202300014762.0;3;86;86211;1;1;1.0;6.0;46,25892400;0,34185500;
202300014763.0;2;72;72181;2;4;1.0;3.0;47,96577000;0,22043000;
202300014764.0;1;67;67152;1;1;1.0;6.0;48,52784000;7,68790000;
202300014765.0;1;87;87085;2;1;1.0;6.0;45,89054000;1,27852000;
202300014766.0;1;06;06161;2;9;1.0;3.0;43,62727400;7,13265000;
202300014767.0;3;68;68377;1;1;1.0;7.0;47,62020200;7,27367000;
202300014768.0;5;71;71040;2;1;1.0;6.0;46,69921000;4,39270000;
202300014769.0;1;67;67482;1;1;1.0;2.0;48,57095000;7,73496000;
202300014770.0;1;87;87085;2;1;1.0;2.0;45,82647000;1,23721000;
202300014771.0;3;29;29277;1;1;2.0;7.0;48,41441062; -4,09525636;
202300014772.0;1;974;97404;2;3;1.0;1.0; -21,26637000;55,36849700;
202300014773.0;1;69;69264;2;3;1.0;6.0;45,99290000;4,70726000;
202300014774.0;5;85;85191;2;1;1.0;7.0;46,66637000; -1,42454000;
202300014775.0;1;67;67482;2;1;1.0;6.0;48,57738000;7,73127000;
202300014776.0;5;60;60176;2;1;2.0;6.0;49,22542900;2,90459900;
202300014777.0;2;02;02780;1;1;1.0;1.0;49,36145310;3,39632777;
202300014778.0;1;83;83090;2;6;1.0;6.0;43,13474000;5,85900000;
202300014779.0;1;50;50214;1;1;3.0;6.0;48,92174100; -1,08159000;
202300014780.0;2;66;66136;2;1;1.0;2.0;42,72621100;2,89244000;
202300014781.0;1;66;66136;2;1;1.0;6.0;42,68151000;2,91050000;
202300014782.0;1;14;14478;2;1;1.0;2.0;49,02212800;0,40507000;
202300014783.0;1;33;33474;1;1;1.0;4.0;44,67200900; -0,47520600;
202300014784.0;1;62;62207;1;3;2.0;3.0;50,44966900;1,75056000;
202300014785.0;1;83;83126;2;6;1.0;2.0;43,10918300;5,85751400;
202300014786.0;1;66;66136;2;3;1.0;3.0;42,70162100;2,89970000;
202300014787.0;1;94;94003;1;1;1.0;6.0;48,79951772;2,34247635;
202300014788.0;3;41;41238;1;1;2.0;6.0;47,89044200;0,82143200;
202300014789.0;1;60;60471;2;3;1.0;1.0;49,58449700;2,99536800;
202300014790.0;1;80;80021;2;2;7.0;6.0;49,91166000;2,30106000;
202300014791.0;5;64;64445;2;1;1.0;6.0;43,31050000; -0,37708000;
202300014792.0;1;64;64059;1;1;7.0;3.0;43,28139200; -0,24184900;
202300014793.0;1;80;80489;2;2;1.0;3.0;49,86904000;2,35563000;
202300014794.0;1;94;94034;1;1;1.0;5.0;48,75895409;2,32434215;
202300014795.0;1;19;19002;1;3;2.0;5.0;45,61061500;2,41480900;
202300014796.0;1;63;63113;2;2;1.0;4.0;45,77874487;3,07204396;
202300014797.0;4;16;16304;2;1;5.0;6.0;45,68545800; -0,28810500;
202300014798.0;1;80;80001;2;1;1.0;6.0;50,10918000;1,83946000;
202300014799.0;1;94;94021;1;1;1.0;6.0;48,76918213;2,34391194;
202300014800.0;3;32;32414;1;9;1.0;1.0;43,67070400; -0,06028500;
202300014801.0;1;62;62525;1;1;2.0;6.0;50,74566000;2,23360000;
202300014802.0;1;78;78005;2;1;7.0;6.0;48,96917000;2,07307000;
202300014803.0;1;04;04187;1;1;1.0;6.0;43,97543000;6,38918300;
202300014804.0;3;71;71182;1;3;2.0;3.0;46,80098500;4,75217700;
202300014805.0;1;61;61006;2;3;1.0;3.0;48,73245200; -0,02512300;
202300014806.0;5;93;93006;1;1;1.0;2.0;48,86690246;2,42530059;
202300014807.0;5;93;93008;1;1;1.0;7.0;48,91351503;2,43444657;
202300014808.0;1;60;60057;2;1;1.0;2.0;49,42712991;2,10257077;
202300014809.0;5;27;27445;1;1;2.0;3.0;49,25103900;1,67372700;
202300014810.0;1;63;63350;1;1;1.0;7.0;45,71761000;3,23654900;
202300014811.0;1;77;77209;1;2;1.0;3.0;48,85393000;2,69071000;
202300014812.0;1;95;95351;1;1;1.0;2.0;49,03851501;2,48434782;
202300014813.0;3;28;28121;1;6;1.0;7.0;48,09521500;1,86517600;
202300014814.0;5;59;59350;2;3;1.0;3.0;50,61483000;3,04826000;
202300014815.0;1;38;38180;1;2;1.0;3.0;45,38876100;5,30547400;
202300014816.0;2;70;70245;1;1;2.0;6.0;47,90629600;6,45208600;
202300014817.0;4;94;94069;1;1;1.0;3.0;48,81728543;2,43173439;
202300014818.0;2;59;59009;2;2;1.0;3.0;50,61514391;3,15447624;
202300014819.0;1;77;77268;2;1;1.0;2.0;48,85986000;2,81075000;
202300014820.0;5;06;06023;2;1;1.0;7.0;43,93828800;7,51332300;
202300014821.0;1;56;56121;2;4;1.0;6.0;47,75424000; -3,36624000;
202300014822.0;5;76;76484;2;2;1.0;6.0;49,34537000;1,09345000;
202300014823.0;1;94;94069;1;1;1.0;5.0;48,81737184;2,43495080;
202300014824.0;1;06;06023;2;1;1.0;6.0;43,94098100;7,51477200;
202300014825.0;1;54;54323;2;1;4.0;6.0;49,51838000;5,75523000;
202300014826.0;1;76;76341;2;1;1.0;6.0;49,51234900;0,19128000;
202300014827.0;3;63;63224;1;1;1.0;4.0;45,86727435;3,15720141;
202300014828.0;1;49;49099;2;2;8.0;6.0;47,05705000; -0,86789000;
202300014829.0;2;05;05040;2;2;1.0;3.0;44,54501200;6,27805900;
202300014830.0;1;74;74281;2;1;1.0;1.0;46,37590000;6,50033000;
202300014831.0;3;49;49007;2;1;1.0;6.0;47,46424000; -0,56199000;
202300014832.0;1;51;51278;1;1;1.0;7.0;49,07232700;4,26749600;
202300014833.0;5;50;50603;2;1;2.0;6.0;49,04642700; -1,54239400;
202300014834.0;1;25;25462;2;1;1.0;3.0;46,91675000;6,34438000;
202300014835.0;1;72;72181;2;3;1.0;3.0;47,96981000;0,20610000;
202300014836.0;3;28;28367;1;1;1.0;6.0;48,14749500;1,85585000;
202300014837.0;1;974;97416;2;1;1.0;3.0; -21,33169000;55,47890000;
202300014838.0;2;42;42184;2;1;1.0;5.0;46,04567000;4,06070000;
202300014839.0;1;71;71040;2;1;1.0;1.0;46,70778000;4,41455000;
202300014840.0;3;45;45161;1;1;2.0;6.0;48,07651600;2,82771300;
202300014841.0;1;988;98825;1;1;1.0;1.0; -21,24306200;164,91396900;
202300014842.0;1;69;69383;2;1;1.0;1.0;45,76050000;4,86353000;
202300014843.0;1;38;38053;2;1;7.0;3.0;45,58724000;5,25256000;
202300014844.0;1;71;71105;2;2;1.0;7.0;46,30860000;4,80924000;
202300014845.0;5;53;53147;2;1;2.0;6.0;48,30297300; -0,62245500;
202300014846.0;3;30;30062;1;1;1.0;7.0;43,75498200;4,20518900;
202300014847.0;5;35;35238;2;1;1.0;6.0;48,10889000; -1,69717000;
202300014848.0;1;972;97213;1;1;1.0;6.0;14,63462000; -60,99189000;
202300014849.0;1;71;71153;2;2;7.0;3.0;46,80515500;4,45742400;
202300014850.0;5;971;97106;1;1;1.0;1.0;16,14413400; -61,77067300;
202300014851.0;5;30;30185;2;1;1.0;6.0;43,73616200;4,20294600;
202300014852.0;1;35;35238;2;1;1.0;3.0;48,12134900; -1,70183500;
202300014853.0;1;69;69256;2;1;1.0;6.0;45,78904000;4,92981000;
202300014854.0;1;972;97209;2;1;1.0;6.0;14,60310987; -61,06998861;
202300014855.0;1;77;77142;2;1;1.0;2.0;48,85845100;2,92177200;
202300014856.0;2;34;34003;2;9;1.0;3.0;43,28967100;3,48138900;
202300014857.0;1;68;68224;2;6;7.0;7.0;47,74227000;7,33130000;
202300014858.0;3;30;30354;1;2;1.0;3.0;43,94511700;4,14158800;
202300014859.0;5;69;69385;2;1;1.0;3.0;45,75430000;4,82370000;
202300014860.0;1;31;31149;1;1;7.0;2.0;43,60755000;1,35166000;
202300014861.0;1;34;34344;2;1;1.0;6.0;43,56701400;4,07427500;
202300014862.0;3;42;42156;1;1;2.0;2.0;45,91911700;4,16458900;
202300014863.0;1;68;68066;2;1;1.0;1.0;48,08275900;7,32971700;
202300014864.0;1;30;30028;1;2;1.0;2.0;44,13775857;4,61289525;
202300014865.0;1;67;67447;2;1;1.0;6.0;48,60041000;7,74368000;
202300014866.0;5;69;69385;2;1;1.0;1.0;45,75865757;4,81231807;
202300014867.0;1;13;13022;2;3;1.0;2.0;43,21691951;5,55037826;
202300014868.0;5;29;29019;2;1;8.0;6.0;48,39648920; -4,48875278;
202300014869.0;1;13;13104;2;6;1.0;2.0;43,33908600;5,10408000;
202300014870.0;1;27;27562;1;1;1.0;3.0;49,08734000;1,43552000;
202300014871.0;1;69;69034;2;2;1.0;3.0;45,79120000;4,86070000;
202300014872.0;2;33;33317;1;1;1.0;7.0;45,03071500; -0,30819100;
202300014873.0;1;27;27375;2;1;1.0;2.0;49,20544000;1,15500000;
202300014874.0;1;64;64545;1;1;8.0;2.0;43,33430000; -1,67761000;
202300014875.0;5;2B;2B037;1;9;2.0;6.0;42,62999000;9,43791000;
202300014876.0;3;45;45229;1;2;2.0;3.0;47,84717200;2,73073600;
202300014877.0;2;95;95277;2;1;1.0;1.0;48,99010000;2,42970000;
202300014878.0;1;95;95424;2;1;1.0;6.0;48,99427000;2,20301000;
202300014879.0;5;25;25056;2;6;1.0;3.0;47,25560900;6,02173600;
202300014880.0;5;91;91179;2;2;3.0;6.0;48,56432000;2,48212700;
202300014881.0;2;85;85151;2;6;7.0;3.0;46,98492200; -0,93627900;
202300014882.0;1;64;64445;1;1;1.0;5.0;43,32853000; -0,34872000;
202300014883.0;1;83;83126;2;3;1.0;3.0;43,10434127;5,87087023;
202300014884.0;1;22;22278;2;3;1.0;5.0;48,50123000; -2,73428000;
202300014885.0;5;64;64445;2;1;1.0;6.0;43,32378000; -0,32945000;
202300014886.0;3;29;29042;2;1;1.0;6.0;48,25886087; -4,55040531;
202300014887.0;5;76;76540;2;1;1.0;6.0;49,42747000;1,07007000;
202300014888.0;1;17;17300;2;1;1.0;3.0;46,17117000; -1,20844000;
202300014889.0;3;76;76649;1;1;1.0;7.0;49,68023600;1,50371100;
202300014890.0;1;61;61001;2;3;1.0;3.0;48,43551000;0,09696000;
202300014891.0;1;69;69013;1;1;1.0;1.0;46,02192000;4,71880000;
202300014892.0;1;13;13210;2;9;1.0;1.0;43,28259933;5,39948772;
202300014893.0;2;83;83123;1;1;1.0;2.0;43,14310190;5,78862956;
202300014894.0;1;61;61001;2;6;1.0;6.0;48,43077000;0,09115000;
202300014895.0;1;13;13210;2;9;1.0;3.0;43,28204261;5,39955568;
202300014896.0;2;64;64122;2;2;1.0;3.0;43,48020000; -1,54654000;
202300014897.0;1;60;60057;2;1;7.0;6.0;49,43915000;2,10023000;
202300014898.0;1;13;13212;2;1;1.0;6.0;43,30190994;5,43064162;
202300014899.0;1;64;64024;2;1;1.0;7.0;43,45654952; -1,50701120;
202300014900.0;1;59;59392;2;1;1.0;6.0;50,27847100;3,95214800;
202300014901.0;1;13;13028;2;6;1.0;3.0;43,20219000;5,61581000;
202300014902.0;2;83;83123;1;1;1.0;2.0;43,14310190;5,78862956;
202300014903.0;1;64;64102;2;1;1.0;7.0;43,49722000; -1,46789000;
202300014904.0;1;13;13005;2;1;1.0;6.0;43,28437000;5,54601000;
202300014905.0;2;59;59360;2;1;1.0;6.0;50,61416000;3,01008000;
202300014906.0;5;61;61001;2;1;1.0;6.0;48,42110000;0,09505000;
202300014907.0;3;59;59507;1;1;1.0;2.0;50,61413000;3,08587000;
202300014908.0;1;13;13005;2;1;1.0;3.0;43,28805000;5,52328000;
202300014909.0;1;59;59378;2;1;1.0;6.0;50,66564000;3,07681000;
202300014910.0;1;56;56121;2;1;1.0;2.0;47,74738770; -3,36237000;
202300014911.0;3;91;91037;1;1;1.0;2.0;48,53073000;2,50102000;
202300014912.0;1;10;10387;2;1;1.0;6.0;48,29667000;4,08190000;
202300014913.0;1;59;59193;2;2;1.0;3.0;50,59826000;2,99942000;
202300014914.0;1;54;54431;2;9;1.0;3.0;48,91038300;6,03841100;
202300014915.0;1;07;07281;2;1;1.0;6.0;44,94384000;4,84155000;
202300014916.0;1;94;94018;1;1;1.0;2.0;48,82467978;2,39323330;
202300014917.0;1;54;54395;2;1;1.0;3.0;48,67659000;6,19938000;
202300014918.0;1;59;59350;2;1;1.0;4.0;50,62300000;3,04455000;
202300014919.0;1;07;07316;1;1;1.0;3.0;44,90517000;4,85340000;
202300014920.0;2;51;51454;2;1;1.0;6.0;49,25677000;4,00829000;
202300014921.0;1;06;06069;2;1;1.0;7.0;43,64316500;6,94889600;
202300014922.0;1;74;74225;2;9;2.0;6.0;45,86725300;5,94305400;
202300014923.0;1;974;97411;2;1;1.0;3.0; -20,88413000;55,46710000;
202300014924.0;1;50;50066;1;2;1.0;1.0;48,81359000; -1,54618000;
202300014925.0;1;974;97411;2;1;1.0;2.0; -20,88830000;55,44520000;
202300014926.0;5;49;49007;2;1;1.0;6.0;47,47798000; -0,55318000;
202300014927.0;1;59;59350;2;1;1.0;2.0;50,63314000;3,04752600;
202300014928.0;1;74;74161;2;3;1.0;6.0;45,87455200;5,99779500;
202300014929.0;1;973;97302;2;3;1.0;1.0;4,93325500; -52,31953365;
202300014930.0;1;973;97302;2;1;1.0;3.0;4,92730890; -52,32206395;
202300014931.0;3;42;42127;2;6;1.0;6.0;46,06257000;4,05798000;
202300014932.0;5;69;69388;2;2;1.0;6.0;45,72955000;4,86739000;
202300014933.0;1;74;74010;1;1;1.0;1.0;45,94796000;6,12148700;
202300014934.0;1;38;38421;2;2;8.0;3.0;45,17234000;5,75189000;
202300014935.0;5;69;69387;2;3;1.0;6.0;45,75147931;4,85390021;
202300014936.0;5;74;74150;1;3;1.0;3.0;46,26759600;6,31519700;
202300014937.0;5;69;69386;2;1;1.0;6.0;45,77556000;4,84663000;
202300014938.0;1;35;35051;1;1;2.0;4.0;48,11377000; -1,55252000;
202300014939.0;2;972;97213;2;1;1.0;1.0;14,59809950; -61,00118460;
202300014940.0;1;35;35238;2;1;1.0;6.0;48,10721388; -1,64632380;
202300014941.0;1;33;33075;2;1;1.0;3.0;44,88303555; -0,58474034;
202300014942.0;1;972;97213;2;3;1.0;3.0;14,67297000; -60,99101000;
202300014943.0;5;71;71270;2;6;;2.0;46,29766400;4,82126700;
202300014944.0;1;972;97209;2;1;1.0;7.0;14,61070000; -61,05090000;
202300014945.0;1;29;29254;2;3;1.0;6.0;48,58195000; -3,83968000;
202300014946.0;5;972;97209;2;1;1.0;2.0;14,60531000; -61,05991000;
202300014947.0;3;55;55505;2;1;1.0;3.0;49,17629000;5,34500000;
202300014948.0;1;29;29254;2;1;1.0;6.0;48,57527200; -3,84434600;
202300014949.0;5;69;69384;2;4;1.0;6.0;45,77369740;4,82353173;
202300014950.0;1;27;27375;2;1;1.0;6.0;49,21050000;1,17390000;
202300014951.0;1;69;69081;2;1;1.0;6.0;45,77332000;4,77374000;
202300014952.0;1;27;27229;2;1;1.0;6.0;49,02528000;1,17576000;
202300014953.0;1;60;60616;2;1;1.0;1.0;49,34810700;1,77397600;
202300014954.0;2;971;97113;1;1;1.0;7.0;16,21816352; -61,51281059;
202300014955.0;1;60;60195;2;3;1.0;2.0;49,21969900;1,84046700;
202300014956.0;1;17;17200;2;1;1.0;7.0;46,19235000; -1,15281000;
202300014957.0;1;95;95277;2;1;1.0;3.0;49,00156707;2,42964685;
202300014958.0;5;17;17300;2;1;2.0;7.0;46,17219500; -1,15992000;
202300014959.0;2;82;82175;1;3;7.0;6.0;44,11105934;0,97301406;
202300014960.0;1;95;95219;2;1;7.0;6.0;48,98900000;2,25916000;
202300014961.0;5;14;14220;2;1;1.0;7.0;49,34980000;0,07361000;
202300014962.0;1;82;82096;2;1;1.0;6.0;44,03306900;1,21862900;
202300014963.0;1;13;13103;1;3;1.0;3.0;43,66268016;5,07907834;
202300014964.0;1;91;91347;2;1;1.0;2.0;48,64343500;2,28271300;
202300014965.0;1;82;82127;1;1;1.0;6.0;44,19715900;1,07020100;
202300014966.0;1;91;91103;2;9;1.0;2.0;48,60121000;2,31816000;
202300014967.0;5;13;13208;2;3;1.0;3.0;43,27542000;5,39589000;
202300014968.0;1;82;82117;2;6;1.0;3.0;44,33956500;1,01780200;
202300014969.0;2;13;13207;2;1;1.0;2.0;43,28988000;5,36580000;
202300014970.0;1;91;91477;2;6;1.0;3.0;48,72360000;2,24803000;
202300014971.0;1;13;13001;2;1;9.0;6.0;43,53972798;5,44772905;
202300014972.0;5;91;91161;2;1;1.0;6.0;48,70323200;2,31578900;
202300014973.0;1;13;13111;1;1;1.0;3.0;43,55512600;5,70089600;
202300014974.0;1;91;91434;2;2;1.0;3.0;48,65800000;2,35790000;
202300014975.0;5;11;11069;2;3;1.0;3.0;43,21971900;2,34159800;
202300014976.0;1;91;91228;2;1;1.0;6.0;48,62881000;2,42402000;
202300014977.0;1;87;87085;2;1;1.0;6.0;45,83908000;1,28026000;
202300014978.0;5;10;10387;2;1;1.0;3.0;48,27460000;4,08180000;
202300014979.0;5;87;87085;2;6;3.0;6.0;45,80390890;1,27848387;
202300014980.0;5;988;98818;2;2;1.0;7.0; -22,22723000;166,44695000;