Num_Acc;lum;departement;commune;agglomeration;intersection;meteo;type_collision;lat;long;date
202300014981.0;5;10;10387;2;1;1.0;2.0;48,29000000;4,07000000;
202300014982.0;1;83;83069;2;1;1.0;6.0;43,11850000;6,12858000;
202300014983.0;1;08;08105;2;1;1.0;6.0;49,75855000;4,72562000;
202300014984.0;3;972;97213;1;1;1.0;6.0;14,63043527; -61,00976438;
202300014985.0;3;78;78551;1;2;1.0;3.0;48,93941000;2,07596000;
202300014986.0;2;07;07281;2;1;1.0;3.0;44,94693000;4,85024000;
202300014987.0;1;78;78029;2;6;1.0;3.0;48,95492000;1,85986000;
202300014988.0;1;06;06069;2;1;1.0;1.0;43,63143000;6,93890000;
202300014989.0;3;03;03185;2;1;1.0;6.0;46,35271000;2,59791000;
202300014990.0;5;972;97209;2;1;1.0;2.0;14,60626000; -61,06841000;
202300014991.0;1;76;76351;2;2;1.0;3.0;49,50859000;0,14984000;
202300014992.0;5;75;75116;2;1;1.0;2.0;48,87447500;2,27577800;
202300014993.0;1;75;75117;2;1;1.0;7.0;48,90047100;2,32352600;
202300014994.0;5;72;72181;1;6;1.0;6.0;48,03188000;0,17858000;
202300014995.0;1;72;72181;2;1;1.0;6.0;47,99396000;0,17655000;
202300014996.0;1;75;75120;2;1;1.0;3.0;48,87056300;2,41345600;
202300014997.0;5;972;97209;2;2;8.0;3.0;14,61291000; -61,07195000;
202300014998.0;1;75;75106;2;3;1.0;3.0;48,84754600;2,32998100;
202300014999.0;5;69;69256;2;7;1.0;6.0;45,78496893;4,91153734;
202300015000.0;5;75;75106;2;3;1.0;2.0;48,85439500;2,34071900;
202300015001.0;1;69;69266;2;3;1.0;1.0;45,76149611;4,91854684;
202300015002.0;1;78;78005;2;6;1.0;6.0;48,96105000;2,07391000;
202300015003.0;1;75;75119;2;3;1.0;1.0;48,89442360;2,38149941;
202300015004.0;2;66;66136;2;3;1.0;3.0;42,69637000;2,90716000;
202300015005.0;1;78;78172;2;7;1.0;6.0;49,00496000;2,11639000;
202300015006.0;1;75;75118;2;1;1.0;3.0;48,89615200;2,35290200;
202300015007.0;2;66;66136;2;3;1.0;3.0;42,71781958;2,88736582;
202300015008.0;1;64;64445;2;1;1.0;6.0;43,32008000; -0,30958000;
202300015009.0;1;75;75117;2;3;1.0;6.0;48,88711500;2,30177400;
202300015010.0;1;64;64545;2;9;1.0;3.0;43,36880000; -1,68460000;
202300015011.0;5;59;59599;2;1;2.0;6.0;50,73702456;3,16217196;
202300015012.0;1;64;64445;2;1;1.0;1.0;43,31797000; -0,35127000;
202300015013.0;1;75;75117;2;3;1.0;6.0;48,89545600;2,32656700;
202300015014.0;1;59;59378;2;2;1.0;6.0;50,66791000;3,07447000;
202300015015.0;1;64;64024;2;1;1.0;1.0;43,46326112; -1,50906444;
202300015016.0;1;75;75116;2;1;1.0;3.0;48,87002300;2,25760100;
202300015017.0;1;45;45234;2;2;2.0;3.0;47,88553746;1,89717069;
202300015018.0;1;75;75116;2;1;1.0;3.0;48,87118700;2,28496200;
202300015019.0;5;64;64102;2;6;1.0;3.0;43,48123000; -1,48272000;
202300015020.0;5;38;38185;2;1;1.0;6.0;45,18829000;5,73800000;
202300015021.0;5;75;75116;2;3;1.0;6.0;48,87248500;2,29199200;
202300015022.0;1;62;62548;1;2;1.0;3.0;50,95835000;1,99149000;
202300015023.0;1;37;37233;2;7;9.0;6.0;47,38984000;0,72680000;
202300015024.0;5;59;59183;2;1;1.0;6.0;51,03014000;2,35993000;
202300015025.0;1;75;75115;2;2;1.0;6.0;48,84000400;2,29035500;
202300015026.0;1;59;59008;2;1;1.0;3.0;50,34437000;3,25682000;
202300015027.0;3;33;33529;1;1;5.0;2.0;44,56190000; -1,15060000;
202300015028.0;5;75;75114;2;1;1.0;3.0;48,83450500;2,33464700;
202300015029.0;1;59;59178;2;1;2.0;6.0;50,38115000;3,06168000;
202300015030.0;1;75;75114;2;1;1.0;3.0;48,81960600;2,34190600;
202300015031.0;2;31;31555;2;1;1.0;3.0;43,59909000;1,44017000;
202300015032.0;1;50;50129;1;1;1.0;6.0;49,63487000; -1,71378000;
202300015033.0;1;75;75114;2;1;1.0;7.0;48,83181300;2,31416600;
202300015034.0;1;25;25204;1;3;1.0;3.0;46,93200000;6,36600000;
202300015035.0;1;47;47001;2;2;1.0;3.0;44,19411354;0,62398948;
202300015036.0;1;75;75113;2;2;1.0;3.0;48,82789300;2,34564700;
202300015037.0;1;37;37261;2;1;1.0;6.0;47,40193000;0,68390000;
202300015038.0;5;75;75107;2;1;1.0;6.0;48,86184400;2,32184700;
202300015039.0;1;25;25056;2;2;1.0;2.0;47,25097000;6,00922000;
202300015040.0;5;75;75111;2;3;1.0;6.0;48,86661500;2,38131100;
202300015041.0;3;17;17300;2;1;1.0;2.0;46,16503000; -1,12172000;
202300015042.0;5;35;35238;2;3;1.0;3.0;48,11362000; -1,68723000;
202300015043.0;3;13;13117;2;1;1.0;2.0;43,47489000;5,22781000;
202300015044.0;1;75;75110;2;3;1.0;6.0;48,86908100;2,36241700;
202300015045.0;1;35;35238;2;7;1.0;3.0;48,10993000; -1,68384000;
202300015046.0;1;75;75110;2;2;1.0;3.0;48,87054800;2,36119100;
202300015047.0;1;13;13208;2;3;1.0;3.0;43,28303000;5,39012000;
202300015048.0;1;75;75108;2;3;1.0;6.0;48,88009900;2,31346100;
202300015049.0;1;13;13001;1;1;1.0;4.0;43,54400000;5,43042000;
202300015050.0;5;06;06088;2;1;1.0;6.0;43,70063000;7,23747000;
202300015051.0;3;75;75104;2;3;1.0;2.0;48,85532700;2,35274300;
202300015052.0;3;06;06069;1;1;1.0;6.0;43,62752600;6,94786800;
202300015053.0;5;75;75103;2;2;1.0;7.0;48,85924600;2,36764500;
202300015054.0;1;75;75118;2;2;1.0;3.0;48,89822400;2,35250500;
202300015055.0;5;75;75104;2;2;1.0;6.0;48,85773200;2,35077200;
202300015056.0;5;75;75117;2;1;1.0;7.0;48,89514600;2,31555600;
202300015057.0;5;94;94017;2;1;1.0;6.0;48,82465400;2,49971500;
202300015058.0;1;94;94003;2;1;1.0;3.0;48,79924064;2,34010506;
202300015059.0;2;93;93078;2;3;2.0;1.0;48,95444000;2,55196000;
202300015060.0;1;94;94028;2;1;1.0;2.0;48,79890700;2,45381500;
202300015061.0;5;93;93014;2;1;1.0;1.0;48,89899730;2,54541782;
202300015062.0;1;93;93066;2;4;1.0;1.0;48,93999960;2,34496705;
202300015063.0;5;93;93005;2;1;1.0;6.0;48,92296159;2,51408614;
202300015064.0;1;93;93066;2;1;1.0;3.0;48,93624400;2,37321800;
202300015065.0;1;92;92048;2;1;2.0;6.0;48,81522126;2,22150207;
202300015066.0;1;93;93046;2;2;1.0;3.0;48,92069600;2,52614900;
202300015067.0;5;92;92024;2;3;1.0;3.0;48,90959842;2,30678782;
202300015068.0;3;22;22356;1;1;1.0;7.0;48,56181500; -2,87475400;
202300015069.0;1;93;93031;2;3;1.0;3.0;48,95103511;2,33939347;
202300015070.0;3;36;36023;1;1;1.0;6.0;47,05684012;1,66453600;
202300015071.0;1;93;93014;2;1;1.0;3.0;48,90711000;2,53572000;
202300015072.0;1;42;42069;1;1;1.0;6.0;45,98313800;4,05712000;
202300015073.0;1;93;93047;2;4;1.0;6.0;48,89903475;2,55407399;
202300015074.0;3;83;83054;1;1;1.0;4.0;43,15724800;6,04466800;
202300015075.0;5;93;93007;2;2;1.0;3.0;48,93564000;2,47557000;
202300015076.0;3;974;97422;2;1;9.0;3.0; -21,28440600;55,50534000;
202300015077.0;3;974;97422;2;1;1.0;6.0; -21,23537200;55,50634700;
202300015078.0;5;93;93007;2;2;1.0;3.0;48,94102000;2,45877000;
202300015079.0;3;972;97217;1;1;1.0;3.0;14,50685900; -60,86380700;
202300015080.0;3;93;93005;2;1;1.0;6.0;48,94105550;2,49480557;
202300015081.0;1;41;41046;1;1;1.0;7.0;47,61048900;1,96711100;
202300015082.0;1;92;92078;2;1;1.0;7.0;48,92722892;2,33015084;
202300015083.0;3;971;97132;2;1;1.0;7.0;15,95815200; -61,67414500;
202300015084.0;1;92;92072;2;1;1.0;6.0;48,82415000;2,21048000;
202300015085.0;2;95;95652;2;9;2.0;6.0;49,12819308;2,37025738;
202300015086.0;1;92;92050;2;3;1.0;3.0;48,88571392;2,21925616;
202300015087.0;3;80;80082;1;1;1.0;5.0;49,97763900;2,14244100;
202300015088.0;1;2B;2B067;2;1;1.0;7.0;42,35547200;9,38131600;
202300015089.0;2;01;01333;1;1;1.0;6.0;45,93584100;4,94620800;
202300015090.0;3;973;97362;1;1;1.0;7.0;3,82030100; -54,15727600;
202300015091.0;1;61;61438;1;2;1.0;3.0;48,60109700;0,47788900;
202300015092.0;2;22;22121;1;9;1.0;1.0;48,63962600; -2,98703100;
202300015093.0;1;61;61389;2;2;1.0;3.0;48,71424100;0,42913700;
202300015094.0;1;43;43040;1;1;1.0;7.0;45,30526300;3,36827500;
202300015095.0;1;12;12120;2;1;1.0;6.0;44,38163100;2,82164600;
202300015096.0;1;34;34013;2;1;1.0;7.0;43,56261000;3,44563000;
202300015097.0;1;17;17244;1;1;1.0;7.0;45,62753300; -0,75180700;
202300015098.0;3;68;68155;1;4;1.0;1.0;48,10609100;7,29955700;
202300015099.0;1;31;31003;1;1;1.0;1.0;43,56439900;1,58034900;
202300015100.0;5;25;25157;1;1;1.0;6.0;46,88547200;6,36496100;
202300015101.0;3;25;25336;1;1;1.0;6.0;47,05241300;5,80451500;
202300015102.0;1;30;30081;1;1;8.0;1.0;44,15091000;4,69584000;
202300015103.0;1;38;38389;1;1;1.0;7.0;45,59416100;5,06006200;
202300015104.0;1;83;83073;2;9;1.0;3.0;43,39329600;6,31982100;
202300015105.0;2;26;26289;1;1;1.0;1.0;44,69469600;5,16848800;
202300015106.0;4;91;91617;1;1;1.0;3.0;48,64635000;2,53380800;
202300015107.0;1;06;06103;2;1;1.0;3.0;44,01292600;7,30894400;
202300015108.0;2;19;19002;1;3;1.0;1.0;45,59991200;2,40259400;
202300015109.0;3;14;14578;1;3;2.0;3.0;49,36945700;0,20479500;
202300015110.0;3;56;56066;1;1;1.0;6.0;48,14294900; -3,53362800;
202300015111.0;1;14;14369;1;1;7.0;2.0;49,16639500; -0,88332700;
202300015112.0;1;56;56179;1;1;1.0;1.0;47,84476000; -3,40979600;
202300015113.0;5;60;60508;2;3;1.0;1.0;49,30044200;2,65386300;
202300015114.0;1;76;76367;1;1;2.0;6.0;49,51665600;1,06985800;
202300015115.0;1;64;64391;1;1;1.0;3.0;43,25771400; -0,85475000;
202300015116.0;1;65;65054;1;1;1.0;7.0;43,04612300;0,34383800;
202300015117.0;1;73;73074;1;1;9.0;2.0;45,42781617;6,27828226;
202300015118.0;2;89;89370;2;1;1.0;6.0;48,17919600;3,09404300;
202300015119.0;1;16;16028;2;3;1.0;3.0;45,47808800; -0,15593200;
202300015120.0;1;61;61181;2;1;1.0;6.0;48,79528400;0,29706000;
202300015121.0;5;23;23086;1;9;8.0;7.0;46,03970800;2,07373400;
202300015122.0;1;61;61474;1;1;1.0;6.0;48,77538500;0,04181000;
202300015123.0;1;87;87040;2;1;1.0;7.0;45,71067300;1,59919500;
202300015124.0;1;47;47168;2;6;1.0;6.0;44,60040300;0,36015600;
202300015125.0;2;30;30075;1;1;1.0;7.0;43,81948200;4,29426900;
202300015126.0;1;34;34096;1;1;3.0;3.0;43,57529200;3,17105800;
202300015127.0;1;64;64233;1;9;1.0;6.0;43,56262093; -0,29675478;
202300015128.0;5;68;68258;1;4;1.0;7.0;47,84302500;7,27841000;
202300015129.0;3;988;98833;1;1;1.0;6.0; -21,56199500;165,83193900;
202300015130.0;2;22;22199;1;1;2.0;6.0;48,81635200; -3,15011500;
202300015131.0;1;39;39088;1;1;1.0;7.0;46,62748200;5,48912600;
202300015132.0;1;974;97415;1;6;1.0;5.0; -21,04577400;55,22203800;
202300015133.0;2;25;25175;1;1;1.0;6.0;47,25557100;6,41375700;
202300015134.0;1;974;97420;2;1;1.0;3.0; -20,90598500;55,60781500;
202300015135.0;3;44;44022;2;1;1.0;6.0;47,05456200; -1,18379800;
202300015136.0;5;971;97119;1;1;1.0;2.0;16,40440900; -61,46631700;
202300015137.0;3;29;29162;1;1;2.0;6.0;48,21850743; -3,97601936;
202300015138.0;1;978;97801;2;1;1.0;7.0;18,06358500; -63,09093600;
202300015139.0;2;38;38511;1;1;1.0;1.0;45,35617500;5,95373200;
202300015140.0;2;971;97107;1;1;1.0;1.0;16,06141300; -61,56627200;
202300015141.0;1;38;38229;2;1;1.0;6.0;45,20734000;5,76837500;
202300015142.0;3;971;97124;2;1;1.0;6.0;16,04121000; -61,69597000;
202300015143.0;1;02;02748;1;1;1.0;3.0;49,09567700;3,60897800;
202300015144.0;5;21;21515;2;1;1.0;6.0;47,30915800;5,10058300;
202300015145.0;1;03;03044;1;1;1.0;6.0;46,05548700;3,35616200;
202300015146.0;1;2B;2B148;1;1;1.0;2.0;42,51700300;9,43533000;
202300015147.0;1;03;03136;1;6;2.0;7.0;46,30751000;2,44634600;
202300015148.0;1;66;66164;2;1;7.0;3.0;42,76815100;2,87662600;
202300015149.0;3;50;50290;1;1;1.0;6.0;48,65720200; -1,26917300;
202300015150.0;3;66;66065;1;1;1.0;2.0;42,62365993;2,97846437;
202300015151.0;1;60;60431;1;1;1.0;3.0;49,57604343;3,03769209;
202300015152.0;1;66;66037;2;1;1.0;6.0;42,70495900;3,01139200;
202300015153.0;2;36;36248;2;1;1.0;6.0;46,81999900;1,92433700;
202300015154.0;1;30;30042;1;3;1.0;1.0;44,05166699;4,03277636;
202300015155.0;2;16;16106;1;1;1.0;6.0;46,03733300;0,63361300;
202300015156.0;3;38;38374;1;1;1.0;3.0;45,65733800;5,31834800;
202300015157.0;1;32;32307;2;1;1.0;3.0;43,60982700;0,59145600;
202300015158.0;1;16;16158;1;1;1.0;1.0;45,58181800;0,42820900;
202300015159.0;1;29;29022;2;3;1.0;6.0;48,27554599; -4,59450318;
202300015160.0;2;24;24410;1;1;8.0;6.0;45,48285200;0,73614800;
202300015161.0;3;60;60542;1;2;2.0;3.0;49,40767500;2,17672000;
202300015162.0;1;28;28405;1;9;1.0;2.0;48,74852800;1,26922700;
202300015163.0;3;87;87174;1;1;1.0;6.0;45,76325000;1,41874800;
202300015164.0;1;60;60009;2;3;8.0;1.0;49,40731200;2,11509900;
202300015165.0;1;08;08015;1;1;2.0;1.0;49,84567600;4,31813100;
202300015166.0;1;08;08071;1;1;1.0;6.0;49,81168667;4,46076157;
202300015167.0;1;80;80306;1;2;1.0;3.0;49,65312700;2,68075000;
202300015168.0;1;31;31424;1;1;1.0;6.0;43,54434600;1,28774000;
202300015169.0;3;13;13106;1;1;1.0;2.0;43,39071033;5,35120523;
202300015170.0;1;978;97801;1;1;1.0;6.0;18,08392500; -63,02525200;
202300015171.0;1;67;67152;1;1;2.0;2.0;48,52451000;7,69577000;
202300015172.0;3;21;21347;1;1;1.0;2.0;46,99856801;4,85883607;
202300015173.0;3;13;13032;1;1;1.0;2.0;43,54973000;5,36659600;
202300015174.0;1;33;33281;1;1;1.0;6.0;44,85484813; -0,66413720;
202300015175.0;1;34;34146;1;1;1.0;2.0;43,69679700;4,09433800;
202300015176.0;1;91;91286;1;1;1.0;6.0;48,65609000;2,37864000;
202300015177.0;1;33;33199;2;3;1.0;3.0;44,62528200; -1,05531000;
202300015178.0;1;93;93005;1;1;1.0;3.0;48,95598293;2,47342937;
202300015179.0;2;45;45062;1;1;1.0;1.0;47,97079479;1,92963673;
202300015180.0;1;45;45082;2;1;1.0;6.0;47,86008800;2,22325100;
202300015181.0;3;77;77517;1;1;2.0;5.0;48,90769383;2,63891275;
202300015182.0;1;13;13048;2;1;1.0;3.0;43,63711600;5,63900100;
202300015183.0;1;19;19289;1;1;1.0;7.0;45,20464097;1,38594230;
202300015184.0;3;71;71360;2;2;1.0;6.0;46,32960200;4,75034200;
202300015185.0;1;974;97409;2;1;1.0;6.0; -20,96144000;55,65197000;
202300015186.0;1;68;68040;2;1;1.0;6.0;47,82371900;7,08171600;
202300015187.0;2;974;97407;2;2;2.0;3.0; -20,94856000;55,29979600;
202300015188.0;1;73;73054;1;1;1.0;2.0;45,67768922;6,74490094;
202300015189.0;1;38;38554;1;1;1.0;7.0;45,71055500;5,27331900;
202300015190.0;1;01;01403;1;1;1.0;2.0;45,81700100;5,44926200;
202300015191.0;1;973;97302;2;1;1.0;3.0;4,93812000; -52,29917000;
202300015192.0;1;69;69220;2;3;1.0;6.0;45,73663100;4,46118400;
202300015193.0;1;973;97302;2;1;2.0;3.0;4,93128233; -52,32186466;
202300015194.0;3;33;33003;1;1;1.0;2.0;44,94545300; -0,52121800;
202300015195.0;1;14;14228;1;1;1.0;6.0;49,28247400; -0,38827300;
202300015196.0;3;973;97302;1;1;2.0;3.0;4,90469000; -52,31858000;
202300015197.0;1;22;22168;2;1;2.0;6.0;48,81883500; -3,43795900;
202300015198.0;1;22;22306;1;1;1.0;7.0;48,36193800; -1,97026500;
202300015199.0;1;972;97209;2;2;1.0;6.0;14,60661000; -61,07246000;
202300015200.0;3;60;60079;1;1;1.0;7.0;49,17281000;2,87468400;
202300015201.0;1;972;97209;2;1;1.0;1.0;14,62054000; -61,06035000;
202300015202.0;1;80;80774;1;2;1.0;3.0;49,88373400;2,54853800;
202300015203.0;1;69;69384;2;3;1.0;1.0;45,77700464;4,82898055;
202300015204.0;3;62;62684;2;1;1.0;2.0;50,69680600;2,35563200;
202300015205.0;5;91;91286;2;1;1.0;3.0;48,66644000;2,39650000;
202300015206.0;1;91;91659;1;1;1.0;2.0;48,57754000;2,46395000;
202300015207.0;5;78;78172;2;2;1.0;3.0;49,00712600;2,11975400;
202300015208.0;3;91;91174;1;1;1.0;3.0;48,62395400;2,46824500;
202300015209.0;1;69;69091;2;1;1.0;6.0;45,58243000;4,76884000;
202300015210.0;1;92;92050;1;1;1.0;2.0;48,91165005;2,21682040;
202300015211.0;1;92;92048;1;1;1.0;6.0;48,81141418;2,21289598;
202300015212.0;5;64;64102;2;1;1.0;3.0;43,49481700; -1,44059400;
202300015213.0;1;93;93066;1;1;1.0;2.0;48,91388028;2,35799795;
202300015214.0;5;63;63113;2;1;1.0;6.0;45,78759000;3,07984000;
202300015215.0;1;77;77373;1;9;1.0;3.0;48,77928728;2,61536001;
202300015216.0;5;62;62193;2;5;2.0;3.0;50,95158416;1,87653932;
202300015217.0;1;75;75119;2;1;1.0;7.0;48,89752600;2,38943800;
202300015218.0;5;56;56121;2;2;1.0;6.0;47,75283000; -3,36178000;
202300015219.0;1;75;75118;2;1;1.0;2.0;48,88602600;2,34954200;
202300015220.0;3;45;45302;2;1;1.0;6.0;47,94681000;1,87459000;
202300015221.0;1;75;75118;2;2;7.0;6.0;48,88385400;2,34947500;
202300015222.0;1;43;43002;2;1;1.0;6.0;45,05065000;3,88700000;
202300015223.0;1;75;75115;2;2;1.0;6.0;48,84040600;2,30425000;
202300015224.0;1;75;75115;2;7;1.0;7.0;48,84023800;2,27197600;
202300015225.0;1;75;75120;2;3;1.0;6.0;48,86389500;2,40413700;
202300015226.0;1;75;75120;2;3;1.0;2.0;48,85540800;2,40529200;
202300015227.0;5;75;75111;2;2;1.0;6.0;48,85644600;2,37348200;
202300015228.0;1;38;38423;2;3;1.0;2.0;45,21285000;5,70035000;
202300015229.0;1;75;75110;2;3;1.0;3.0;48,87923800;2,36290600;
202300015230.0;1;75;75110;2;1;1.0;6.0;48,86984800;2,36682800;
202300015231.0;5;29;29232;2;6;2.0;7.0;47,99120629; -4,07297526;
202300015232.0;1;75;75116;2;1;1.0;2.0;48,86408800;2,23528700;
202300015233.0;1;75;75104;2;3;1.0;6.0;48,84974200;2,36151600;
202300015234.0;5;38;38185;2;2;1.0;3.0;45,18725000;5,71100000;
202300015235.0;1;38;38421;2;2;1.0;6.0;45,18570000;5,76159000;
202300015236.0;2;35;35238;2;3;1.0;3.0;48,11631000; -1,71387000;
202300015237.0;2;34;34108;1;1;1.0;7.0;43,43967000;3,71787000;
202300015238.0;5;33;33069;2;1;1.0;6.0;44,86227000; -0,59554000;
202300015239.0;1;33;33522;2;1;1.0;6.0;44,79220000; -0,58598000;
202300015240.0;1;25;25056;2;2;8.0;6.0;47,26240000;6,04019000;
202300015241.0;1;25;25056;2;3;1.0;6.0;47,24200600;6,02070700;
202300015242.0;1;17;17380;1;1;1.0;3.0;45,66181000; -1,06060000;
202300015243.0;1;17;17028;1;1;1.0;4.0;46,14124900; -1,10555900;
202300015244.0;1;13;13205;2;2;1.0;3.0;43,28819000;5,39519000;
202300015245.0;5;13;13206;2;3;1.0;3.0;43,29025204;5,37586174;
202300015246.0;3;11;11069;2;1;1.0;6.0;43,22288000;2,35914000;
202300015247.0;1;10;10325;2;6;8.0;3.0;48,26934000;4,06158000;
202300015248.0;1;10;10060;2;2;1.0;3.0;48,25166000;4,09888000;
202300015249.0;1;06;06159;1;1;1.0;7.0;43,72052300;7,33903900;
202300015250.0;1;75;75117;2;4;1.0;3.0;48,89038228;2,29837954;
202300015251.0;1;75;75117;2;1;1.0;3.0;48,88923700;2,29615400;
202300015252.0;2;75;75112;2;1;1.0;4.0;48,84046000;2,41368600;
202300015253.0;1;75;75112;2;4;1.0;2.0;48,82618997;2,39193499;
202300015254.0;5;75;75110;2;2;1.0;2.0;48,88064100;2,36200500;
202300015255.0;1;75;75120;2;3;1.0;6.0;48,86794800;2,38660400;
202300015256.0;5;75;75119;2;2;1.0;6.0;48,87394100;2,38529300;
202300015257.0;1;75;75118;2;3;1.0;6.0;48,88997000;2,36249300;
202300015258.0;1;75;75117;2;2;1.0;3.0;48,89004600;2,30386000;
202300015259.0;1;75;75114;2;2;1.0;3.0;48,82232738;2,31420189;
202300015260.0;1;75;75113;2;2;1.0;3.0;48,83273700;2,36216700;
202300015261.0;5;75;75113;2;7;1.0;6.0;48,83087977;2,35626161;
202300015262.0;1;75;75111;2;1;1.0;3.0;48,85155300;2,39055800;
202300015263.0;1;75;75118;2;2;1.0;3.0;48,89461600;2,34717600;
202300015264.0;5;75;75104;2;3;1.0;6.0;48,85549600;2,36008700;
202300015265.0;5;75;75102;2;3;1.0;2.0;48,87038200;2,34953300;
202300015266.0;5;75;75104;2;3;1.0;3.0;48,85651900;2,34948200;
202300015267.0;5;75;75101;2;2;1.0;7.0;48,85852400;2,34251700;
202300015268.0;5;94;94081;2;9;1.0;6.0;48,79010000;2,39315000;
202300015269.0;1;94;94068;2;2;1.0;3.0;48,78837845;2,50639844;
202300015270.0;5;94;94037;2;3;1.0;3.0;48,81649000;2,33800000;
202300015271.0;5;94;94017;2;2;1.0;3.0;48,80632000;2,53005200;
202300015272.0;1;94;94017;2;2;1.0;6.0;48,81353000;2,51090000;
202300015273.0;1;94;94071;2;2;2.0;6.0;48,77163800;2,50940500;
202300015274.0;5;93;93010;2;2;2.0;3.0;48,90407000;2,47087000;
202300015275.0;1;93;93005;2;3;1.0;3.0;48,95817200;2,49536300;
202300015276.0;5;92;92050;2;3;1.0;2.0;48,89756197;2,19700545;
202300015277.0;5;92;92050;2;1;1.0;1.0;48,91896742;2,22025484;
202300015278.0;5;92;92049;2;9;8.0;6.0;48,81764370;2,32207873;
202300015279.0;5;92;92040;2;2;1.0;3.0;48,83156000;2,26720000;
202300015280.0;1;92;92036;2;1;1.0;2.0;48,93163492;2,31923506;
202300015281.0;1;92;92036;2;1;1.0;6.0;48,92697000;2,31438000;
202300015282.0;1;92;92024;2;1;2.0;7.0;48,91108459;2,31004313;
202300015283.0;2;92;92023;2;1;2.0;2.0;48,80735000;2,27054700;
202300015284.0;5;92;92012;2;2;1.0;6.0;48,82900000;2,24612000;
202300015285.0;3;35;35033;1;1;1.0;1.0;47,93466530; -1,74742162;
202300015286.0;3;44;44202;1;1;1.0;6.0;47,45531000; -1,29932400;
202300015287.0;1;83;83072;2;1;1.0;6.0;43,48922000;6,35501611;
202300015288.0;5;01;01416;1;3;1.0;6.0;45,92247600;5,50198300;
202300015289.0;1;42;42338;1;2;1.0;3.0;46,07297800;4,11889700;
202300015290.0;1;31;31035;2;1;1.0;6.0;43,52883600;1,48001900;
202300015291.0;1;31;31435;2;6;1.0;3.0;43,41704600;1,17312300;
202300015292.0;1;31;31567;1;2;7.0;3.0;43,59412300;1,66806000;
202300015293.0;2;42;42284;1;1;1.0;5.0;46,09731100;3,98661000;
202300015294.0;1;58;58086;2;1;8.0;3.0;47,41883900;2,93230900;
202300015295.0;1;79;79329;1;1;1.0;7.0;46,98528800; -0,27907800;
202300015296.0;2;65;65017;1;1;1.0;7.0;42,77725200;0,19778600;
202300015297.0;1;71;71376;1;1;8.0;6.0;47,01921100;4,10794900;
202300015298.0;1;63;63430;2;1;1.0;6.0;45,84841759;3,53294671;
202300015299.0;1;63;63050;2;6;1.0;3.0;45,40883400;3,32694800;
202300015300.0;2;86;86076;1;1;1.0;1.0;46,65458000;0,21878300;
202300015301.0;3;39;39531;1;1;1.0;6.0;46,51285100;5,74906800;
202300015302.0;3;25;25445;1;1;1.0;1.0;47,03853000;5,87398400;
202300015303.0;3;35;35184;1;3;1.0;6.0;48,21581890; -2,03091100;
202300015304.0;3;03;03138;1;1;1.0;3.0;46,25071300;3,65829200;
202300015305.0;2;26;26305;1;1;6.0;1.0;44,58575100;4,89389400;
202300015306.0;5;14;14534;2;3;1.0;3.0;49,26398900;0,14102600;
202300015307.0;1;05;05029;1;1;7.0;1.0;44,64275500;6,16693500;
202300015308.0;1;09;09070;1;1;2.0;4.0;42,77732200;1,69637900;
202300015309.0;3;60;60626;1;1;1.0;6.0;49,37593300;1,75293100;
202300015310.0;2;16;16292;1;1;1.0;6.0;46,04921400;0,19860100;
202300015311.0;1;85;85206;1;1;1.0;7.0;46,46272000; -1,31872000;
202300015312.0;1;85;85047;2;9;1.0;6.0;46,85445900; -1,89576500;
202300015313.0;3;30;30147;1;1;1.0;3.0;44,02199900;4,04082300;
202300015314.0;3;08;08338;1;1;2.0;6.0;49,40893134;4,46912240;
202300015315.0;3;30;30347;1;1;1.0;1.0;43,72328900;4,26986200;
202300015316.0;1;13;13050;1;1;7.0;3.0;43,65691500;5,25762900;
202300015317.0;3;60;60299;1;1;1.0;2.0;49,62081700;2,20923500;
202300015318.0;1;53;53201;1;1;1.0;2.0;48,09424800; -0,85701900;
202300015319.0;3;21;21347;1;1;1.0;4.0;47,00256600;4,86074200;
202300015320.0;1;95;95604;1;1;1.0;5.0;49,09884758;2,53137231;
202300015321.0;1;988;98804;1;3;8.0;5.0; -21,54894900;166,03879500;
202300015322.0;1;971;97112;2;1;1.0;6.0;15,88090100; -61,31022900;
202300015323.0;3;971;97121;1;1;1.0;6.0;16,25832500; -61,80601100;
202300015324.0;1;971;97124;2;1;1.0;7.0;16,00424700; -61,70445100;
202300015325.0;1;18;18207;2;1;1.0;6.0;46,97825600;2,24892100;
202300015326.0;3;66;66017;1;1;6.0;6.0;42,83660410;3,03846000;
202300015327.0;1;21;21390;2;3;1.0;3.0;47,27774600;4,98507900;
202300015328.0;5;68;68028;2;1;1.0;1.0;48,20559700;7,37345700;
202300015329.0;3;73;73317;1;1;1.0;3.0;45,74614036;6,53680701;