Num_Acc;lum;departement;commune;agglomeration;intersection;meteo;type_collision;lat;long;date
202300015330.0;3;31;31263;1;1;1.0;1.0;43,41991700;1,37615400;
202300015331.0;1;19;19038;1;1;1.0;3.0;45,26731700;1,73695000;
202300015332.0;1;35;35257;2;1;1.0;6.0;48,41518800; -1,37868200;
202300015333.0;1;27;27070;1;1;1.0;2.0;49,30346800;1,49774600;
202300015334.0;3;13;13071;1;1;1.0;2.0;43,40365000;5,30842000;
202300015335.0;5;83;83137;1;1;1.0;4.0;43,12334000;5,95911000;
202300015336.0;1;69;69259;1;1;1.0;4.0;45,71768000;4,86286000;
202300015337.0;3;91;91471;1;1;1.0;7.0;48,69813400;2,19224700;
202300015338.0;1;91;91659;1;1;1.0;7.0;48,58284000;2,45698000;
202300015339.0;3;91;91161;1;1;1.0;2.0;48,71989700;2,31071600;
202300015340.0;3;95;95018;1;1;1.0;3.0;48,95528809;2,27796417;
202300015341.0;2;95;95582;1;1;1.0;6.0;48,97648000;2,24150000;
202300015342.0;3;93;93078;1;1;1.0;4.0;48,96208000;2,54640000;
202300015343.0;1;95;95572;1;1;1.0;2.0;49,03421791;2,10199934;
202300015344.0;1;76;76351;2;1;1.0;6.0;49,51362000;0,16370000;
202300015345.0;1;974;97416;1;7;1.0;3.0; -21,32300000;55,44509000;
202300015346.0;1;974;97416;2;9;1.0;2.0; -21,32693000;55,45054000;
202300015347.0;4;69;69387;2;2;1.0;6.0;45,72277000;4,84237000;
202300015348.0;1;69;69387;2;1;1.0;6.0;45,72777000;4,83158000;
202300015349.0;1;69;69383;2;3;1.0;3.0;45,75281718;4,85221906;
202300015350.0;1;69;69388;2;3;1.0;6.0;45,74000000;4,85770000;
202300015351.0;1;972;97209;2;1;1.0;3.0;14,60767000; -61,06970000;
202300015352.0;1;69;69389;2;3;1.0;6.0;45,76378000;4,79547000;
202300015353.0;1;69;69382;2;3;1.0;3.0;45,75265528;4,82460873;
202300015354.0;5;69;69389;2;9;1.0;3.0;45,76300000;4,80750000;
202300015355.0;1;69;69381;2;3;1.0;3.0;45,76811000;4,83210000;
202300015356.0;1;2B;2B120;1;1;1.0;3.0;42,66076000;9,44228000;
202300015357.0;1;95;95277;2;6;1.0;6.0;48,99690500;2,41950300;
202300015358.0;1;91;91339;2;3;1.0;3.0;48,62622000;2,26262000;
202300015359.0;5;91;91691;2;1;1.0;3.0;48,71370000;2,48909000;
202300015360.0;1;91;91174;2;1;1.0;4.0;48,61167000;2,45317000;
202300015361.0;2;87;87050;1;1;1.0;6.0;45,86161000;1,22012000;
202300015362.0;1;87;87085;2;1;1.0;6.0;45,82958000;1,24863000;
202300015363.0;5;87;87085;2;2;3.0;3.0;45,82470000;1,23457000;
202300015364.0;2;83;83129;2;1;1.0;6.0;43,10348660;5,81915992;
202300015365.0;5;77;77251;1;2;1.0;1.0;48,61750800;2,56869500;
202300015366.0;2;77;77186;1;6;1.0;6.0;48,47472200;2,67876400;
202300015367.0;5;76;76322;2;6;1.0;4.0;49,41567000;1,05305000;
202300015368.0;1;76;76319;1;1;1.0;7.0;49,35095300;1,02458400;
202300015369.0;1;74;74012;2;1;1.0;6.0;46,19330000;6,24286000;
202300015370.0;5;73;73008;2;3;1.0;3.0;45,67207000;5,90845000;
202300015371.0;1;72;72181;2;1;1.0;6.0;48,01442014;0,20981133;
202300015372.0;5;71;71270;2;2;1.0;7.0;46,30784000;4,82065000;
202300015373.0;5;69;69266;2;1;1.0;4.0;45,78280636;4,89022605;
202300015374.0;5;69;69259;2;1;1.0;6.0;45,70342000;4,88055000;
202300015375.0;5;67;67447;2;1;1.0;3.0;48,60275557;7,74599433;
202300015376.0;1;66;66136;2;2;1.0;4.0;42,69527100;2,90220000;
202300015377.0;5;64;64348;2;1;1.0;3.0;43,32254000; -0,37929000;
202300015378.0;1;64;64445;1;1;7.0;4.0;43,33541000; -0,36176000;
202300015379.0;1;64;64024;2;1;1.0;2.0;43,48974500; -1,50299800;
202300015380.0;1;64;64102;2;1;1.0;7.0;43,49469000; -1,46850000;
202300015381.0;2;64;64140;2;1;1.0;5.0;43,51689000; -1,48875000;
202300015382.0;1;60;60057;2;1;1.0;6.0;49,43680000;2,08444000;
202300015383.0;1;59;59599;2;2;1.0;3.0;50,70544000;3,16016000;
202300015384.0;5;59;59350;2;1;1.0;3.0;50,63737496;3,08402002;
202300015385.0;1;59;59009;2;1;1.0;2.0;50,65074000;3,16061000;
202300015386.0;1;59;59183;2;9;1.0;6.0;51,04369200;2,40420500;
202300015387.0;1;54;54174;1;3;8.0;2.0;48,66719000;5,85390000;
202300015388.0;5;51;51454;2;1;1.0;7.0;49,25626000;4,04892000;
202300015389.0;1;50;50129;2;3;1.0;3.0;49,63904000; -1,60628000;
202300015390.0;1;49;49007;2;3;1.0;3.0;47,46716000; -0,54942000;
202300015391.0;1;45;45208;2;1;1.0;6.0;47,99876000;2,73246000;
202300015392.0;5;44;44190;2;2;1.0;3.0;47,19926000; -1,50799000;
202300015393.0;5;42;42044;2;1;1.0;6.0;45,39887000;4,33979000;
202300015394.0;1;38;38563;2;6;1.0;6.0;45,36133000;5,59864000;
202300015395.0;1;38;38185;2;3;1.0;6.0;45,18580000;5,73340000;
202300015396.0;1;35;35278;1;1;1.0;2.0;48,14170000; -1,68665000;
202300015397.0;1;35;35238;2;3;1.0;6.0;48,12829000; -1,63861000;
202300015398.0;1;34;34172;2;6;1.0;2.0;43,63647000;3,83157000;
202300015399.0;1;06;06032;2;1;2.0;6.0;43,72743500;7,41231400;
202300015400.0;5;33;33281;2;3;1.0;3.0;44,84638122; -0,63506824;
202300015401.0;1;33;33529;1;6;1.0;6.0;44,61694809; -1,13757312;
202300015402.0;1;64;64362;1;1;1.0;1.0;43,33999000; -1,07624200;
202300015403.0;5;33;33529;2;1;1.0;1.0;44,63625117; -1,14453077;
202300015404.0;5;18;18197;2;1;8.0;6.0;46,72316400;2,50179300;
202300015405.0;1;33;33529;2;6;1.0;3.0;44,64837000; -1,15288000;
202300015406.0;1;32;32013;2;1;1.0;6.0;43,64926000;0,59651000;
202300015407.0;1;36;36018;2;2;2.0;5.0;46,63818900;1,06176300;
202300015408.0;1;31;31555;2;1;1.0;6.0;43,61612651;1,43647045;
202300015409.0;1;29;29232;2;1;1.0;6.0;47,99422200; -4,09224000;
202300015410.0;3;40;40001;2;1;2.0;2.0;43,69496600; -0,27408400;
202300015411.0;1;28;28404;2;1;1.0;3.0;48,71988000;1,34183000;
202300015412.0;3;40;40163;1;1;1.0;7.0;44,26109100; -0,99198800;
202300015413.0;1;25;25056;2;8;8.0;3.0;47,25748000;6,04193000;
202300015414.0;1;22;22278;1;1;1.0;2.0;48,50478000; -2,73257000;
202300015415.0;1;24;24520;1;1;2.0;3.0;44,91260400;1,20719000;
202300015416.0;2;21;21355;2;3;1.0;3.0;47,30039700;5,05999900;
202300015417.0;3;19;19031;2;3;1.0;7.0;45,13428600;1,47527300;
202300015418.0;1;85;85234;2;1;1.0;7.0;46,77494300; -2,03339900;
202300015419.0;5;17;17300;2;2;1.0;1.0;46,15801000; -1,14217000;
202300015420.0;1;87;87154;2;1;3.0;1.0;45,88780100;0,88679200;
202300015421.0;5;14;14271;2;1;1.0;6.0;49,14962000; -0,37206000;
202300015422.0;1;37;37143;2;1;1.0;6.0;47,13858262;0,79588652;
202300015423.0;3;13;13117;1;9;1.0;3.0;43,47405000;5,22857000;
202300015424.0;5;24;24226;2;1;2.0;6.0;44,85176200;0,02965500;
202300015425.0;1;13;13054;2;3;1.0;3.0;43,40101000;5,22578000;
202300015426.0;1;13;13206;2;1;1.0;3.0;43,28413000;5,38753000;
202300015427.0;1;24;24189;1;9;1.0;3.0;44,88115200;0,18233700;
202300015428.0;1;13;13207;2;1;1.0;1.0;43,28838000;5,35309000;
202300015429.0;5;06;06088;2;9;1.0;3.0;43,70282000;7,26236000;
202300015430.0;1;91;91649;1;1;2.0;1.0;48,56161100;2,35428600;
202300015431.0;1;06;06069;2;1;1.0;2.0;43,63830400;6,93360900;
202300015432.0;1;06;06030;1;1;2.0;5.0;43,58362400;7,02271000;
202300015433.0;1;06;06123;2;4;1.0;3.0;43,65660000;7,17968000;
202300015434.0;1;13;13032;1;1;8.0;3.0;43,56648500;5,34689800;
202300015435.0;1;03;03101;2;6;1.0;3.0;46,35730000;2,53716000;
202300015436.0;1;92;92073;2;1;1.0;6.0;48,86923132;2,22999474;
202300015437.0;1;68;68118;2;1;2.0;1.0;47,72132200;7,41834100;
202300015438.0;1;75;75114;2;4;1.0;5.0;48,81644900;2,34212200;
202300015439.0;1;13;13076;1;1;1.0;2.0;43,83088900;5,01223300;
202300015440.0;1;75;75120;2;1;1.0;2.0;48,85542800;2,41405100;
202300015441.0;2;60;60482;1;1;1.0;3.0;49,15941100;2,51634100;
202300015442.0;1;75;75119;2;2;1.0;3.0;48,89829900;2,38614400;
202300015443.0;1;973;97305;1;1;1.0;3.0;4,94661700; -52,42029900;
202300015444.0;2;77;77082;1;1;2.0;1.0;48,60386800;2,80561200;
202300015445.0;1;2B;2B298;1;1;1.0;1.0;42,67879100;9,31597700;
202300015446.0;1;06;06142;2;1;1.0;6.0;43,84802700;7,36327800;
202300015447.0;3;25;25350;1;1;2.0;6.0;47,46288600;6,68196200;
202300015448.0;2;68;68298;2;2;2.0;6.0;48,24475700;7,17988700;
202300015449.0;1;68;68189;2;1;2.0;6.0;48,02337500;7,41146900;
202300015450.0;1;57;57206;1;6;1.0;3.0;49,28274200;6,12554300;
202300015451.0;5;38;38071;2;1;2.0;7.0;45,08246000;5,73122600;
202300015452.0;4;38;38486;1;1;3.0;7.0;45,14518000;5,67676900;
202300015453.0;1;60;60157;2;3;2.0;6.0;49,38059900;2,41072700;
202300015454.0;1;57;57672;1;1;1.0;2.0;49,34825770;6,16371632;
202300015455.0;1;33;33249;1;1;3.0;7.0;44,88082209; -0,51066577;
202300015456.0;5;33;33397;1;1;2.0;4.0;44,91401700; -0,48085300;
202300015457.0;3;91;91434;1;1;8.0;2.0;48,66829000;2,35401000;
202300015458.0;1;94;94003;1;1;1.0;5.0;48,80193886;2,34201599;
202300015459.0;3;78;78640;1;1;1.0;3.0;48,78231800;2,22313900;
202300015460.0;1;78;78571;1;1;1.0;3.0;48,86741500;2,03321200;
202300015461.0;2;78;78646;1;1;1.0;7.0;48,78369700;2,15847600;
202300015462.0;1;93;93006;1;1;3.0;2.0;48,86628000;2,41456000;
202300015463.0;1;94;94033;1;1;2.0;2.0;48,84919697;2,49125102;
202300015464.0;1;94;94073;1;1;1.0;2.0;48,77046720;2,38375781;
202300015465.0;1;94;94028;1;1;1.0;2.0;48,78530834;2,44039875;
202300015466.0;2;77;77083;1;1;1.0;5.0;48,83372592;2,59108543;
202300015467.0;1;973;97302;2;1;1.0;7.0;4,93658411; -52,31502369;
202300015468.0;1;41;41212;2;6;2.0;5.0;47,56189000;1,37272000;
202300015469.0;1;13;13103;1;1;1.0;1.0;43,64045497;5,06564132;
202300015470.0;3;13;13056;1;1;1.0;6.0;43,40344000;5,02547000;
202300015471.0;1;13;13026;2;1;1.0;6.0;43,40411000;5,14648000;
202300015472.0;1;92;92078;2;9;1.0;6.0;48,93698458;2,32766725;
202300015473.0;1;976;97611;2;1;1.0;3.0; -12,75653000;45,23331000;
202300015474.0;1;974;97411;2;1;1.0;6.0; -20,91399000;55,47749000;
202300015475.0;1;973;97302;2;1;1.0;1.0;4,92666461; -52,31393874;
202300015476.0;1;973;97302;2;2;1.0;3.0;4,94126322; -52,32696623;
202300015477.0;1;972;97213;1;1;1.0;2.0;14,61824000; -61,03410000;
202300015478.0;1;972;97209;2;1;1.0;3.0;14,61855000; -61,07972000;
202300015479.0;1;972;97209;2;9;1.0;3.0;14,61771000; -61,06180000;
202300015480.0;1;971;97101;2;4;1.0;3.0;16,25171390; -61,51903331;
202300015481.0;1;971;97101;2;9;1.0;4.0;16,23869000; -61,52634000;
202300015482.0;1;95;95277;1;1;1.0;2.0;48,97473000;2,48645000;
202300015483.0;2;95;95427;2;1;1.0;6.0;48,97731578;2,36465693;
202300015484.0;1;95;95018;2;1;1.0;6.0;48,94637000;2,22963000;
202300015485.0;1;91;91027;2;1;1.0;2.0;48,70598000;2,39122000;
202300015486.0;1;91;91589;2;1;1.0;6.0;48,69758800;2,35456100;
202300015487.0;5;91;91326;2;2;1.0;4.0;48,69132000;2,37074800;
202300015488.0;2;91;91174;2;2;2.0;4.0;48,60873000;2,46397000;
202300015489.0;1;87;87085;2;3;1.0;3.0;45,86656514;1,29320000;
202300015490.0;2;87;87065;1;1;1.0;7.0;45,80265000;1,33062000;
202300015491.0;1;86;86194;2;1;1.0;1.0;46,57438400;0,36155600;
202300015492.0;1;84;84087;2;3;1.0;3.0;44,14617000;4,80389000;
202300015493.0;1;30;30351;2;2;1.0;6.0;43,96390000;4,79790000;
202300015494.0;1;84;84007;2;3;1.0;3.0;43,93422000;4,80239000;
202300015495.0;1;82;82121;2;9;1.0;6.0;44,03776000;1,36090000;
202300015496.0;1;81;81004;2;6;1.0;6.0;43,92455600;2,14830770;
202300015497.0;2;80;80021;2;1;1.0;1.0;49,89043000;2,30627000;
202300015498.0;1;77;77111;2;1;1.0;2.0;48,87810000;2,76195000;
202300015499.0;1;77;77209;1;3;1.0;3.0;48,85391000;2,69071000;
202300015500.0;5;77;77243;2;1;1.0;6.0;48,88065233;2,70487100;
202300015501.0;1;76;76640;2;2;1.0;1.0;49,28350000;1,03823000;
202300015502.0;1;76;76540;2;2;1.0;6.0;49,44837000;1,10050000;
202300015503.0;2;76;76231;2;2;1.0;3.0;49,29072000;0,99989000;
202300015504.0;1;76;76552;2;1;1.0;7.0;49,51448900;0,06850800;
202300015505.0;1;76;76351;2;2;1.0;3.0;49,49251700;0,14846300;
202300015506.0;5;72;72181;2;9;1.0;2.0;48,01203000;0,19082000;
202300015507.0;1;72;72003;1;9;1.0;7.0;47,94148000;0,15815000;
202300015508.0;5;71;71076;2;1;1.0;1.0;46,77400000;4,84000000;
202300015509.0;1;71;71475;2;1;1.0;3.0;46,76358000;4,84257000;
202300015510.0;5;69;69264;2;6;1.0;6.0;45,98401000;4,74348000;
202300015511.0;3;69;69259;2;9;1.0;6.0;45,71742506;4,85923941;
202300015512.0;1;69;69290;2;3;1.0;3.0;45,71525000;4,96337000;
202300015513.0;1;68;68376;2;1;7.0;6.0;47,82313000;7,34021000;
202300015514.0;1;67;67482;2;1;1.0;2.0;48,54687000;7,77102000;
202300015515.0;1;66;66136;2;6;1.0;3.0;42,69246000;2,87966000;
202300015516.0;1;65;65440;2;2;1.0;3.0;43,22810000;0,05650000;
202300015517.0;1;64;64445;2;1;1.0;6.0;43,31009000; -0,36093000;
202300015518.0;1;64;64335;2;6;1.0;3.0;43,32305000; -0,42058000;
202300015519.0;1;64;64445;2;1;1.0;3.0;43,32148000; -0,36111000;
202300015520.0;1;64;64102;2;6;1.0;3.0;43,49367000; -1,49162000;
202300015521.0;1;64;64102;2;1;1.0;7.0;43,49163000; -1,48117000;
202300015522.0;1;64;64102;2;6;1.0;4.0;43,46646000; -1,49486000;
202300015523.0;1;64;64024;2;3;1.0;3.0;43,48031000; -1,52622000;
202300015524.0;1;62;62624;2;1;1.0;3.0;50,41391000;2,98670000;
202300015525.0;1;62;62498;2;2;1.0;6.0;50,44265260;2,80252236;
202300015526.0;1;62;62041;2;1;1.0;6.0;50,28805000;2,75378000;
202300015527.0;5;59;59512;2;2;1.0;3.0;50,70551000;3,17025000;
202300015528.0;5;59;59183;2;1;1.0;6.0;51,04582000;2,40802000;
202300015529.0;1;59;59244;2;1;1.0;6.0;50,17385000;3,19321000;
202300015530.0;1;56;56083;2;1;1.0;2.0;47,79996000; -3,28850000;
202300015531.0;1;55;55545;2;1;1.0;7.0;49,14820000;5,40209000;
202300015532.0;5;51;51454;2;1;1.0;5.0;49,27574000;4,00676000;
202300015533.0;5;49;49007;2;1;1.0;7.0;47,47393000; -0,55865000;
202300015534.0;1;45;45208;2;1;1.0;6.0;47,99556000;2,73337000;
202300015535.0;5;37;37261;2;6;1.0;3.0;47,39476000;0,70437000;
202300015536.0;1;37;37122;1;1;1.0;3.0;47,37119000;0,65398000;
202300015537.0;5;35;35238;2;2;1.0;3.0;48,12961000; -1,64294000;
202300015538.0;1;35;35051;1;1;1.0;6.0;48,14502000; -1,61850000;
202300015539.0;1;35;35238;1;1;1.0;4.0;48,11546000; -1,71934000;
202300015540.0;1;34;34172;2;1;2.0;3.0;43,59199000;3,85355000;
202300015541.0;1;33;33063;2;1;1.0;2.0;44,83974000; -0,60444000;
202300015542.0;1;33;33529;2;1;1.0;6.0;44,63864000; -1,13142300;
202300015543.0;1;32;32013;2;1;1.0;3.0;43,62920000;0,57999000;
202300015544.0;1;31;31149;1;1;1.0;2.0;43,60514000;1,34394000;
202300015545.0;1;29;29051;1;1;1.0;5.0;48,02707305; -3,96714898;
202300015546.0;1;28;28404;2;2;1.0;3.0;48,72464000;1,36879000;
202300015547.0;1;27;27554;2;1;1.0;3.0;49,11069000;1,45223000;
202300015548.0;1;26;26198;1;1;1.0;1.0;44,53768328;4,75066423;
202300015549.0;1;22;22113;2;1;1.0;2.0;48,74843011; -3,48487794;
202300015550.0;5;19;19031;2;2;1.0;3.0;45,16531000;1,52050000;
202300015551.0;3;17;17028;1;1;1.0;6.0;46,13157000; -1,10025000;
202300015552.0;1;15;15014;2;2;1.0;1.0;44,91334000;2,43317000;
202300015553.0;1;13;13207;2;1;1.0;1.0;43,28019000;5,36468000;
202300015554.0;5;10;10387;2;3;1.0;3.0;48,30457000;4,05905000;
202300015555.0;1;09;09225;2;1;1.0;6.0;43,11533000;1,60971000;
202300015556.0;2;09;09225;2;1;1.0;6.0;43,11506000;1,61785000;
202300015557.0;1;09;09225;2;1;1.0;6.0;43,11178781;1,61137059;
202300015558.0;1;06;06069;2;9;2.0;7.0;43,65396100;6,94424300;
202300015559.0;2;05;05061;2;3;2.0;2.0;44,56729000;6,08335000;
202300015560.0;1;04;04112;2;9;2.0;3.0;43,82285000;5,79939000;
202300015561.0;1;03;03185;2;1;8.0;6.0;46,34521000;2,57857000;
202300015562.0;1;75;75120;2;1;1.0;4.0;48,86258700;2,41376700;
202300015563.0;1;75;75112;2;1;1.0;4.0;48,82776546;2,39348600;
202300015564.0;5;75;75120;2;1;1.0;4.0;48,87318200;2,41190500;
202300015565.0;2;75;75106;2;2;1.0;3.0;48,84781900;2,32954900;
202300015566.0;1;75;75105;2;3;1.0;6.0;48,83849400;2,35706400;
202300015567.0;1;75;75105;2;2;1.0;2.0;48,84433278;2,34203562;
202300015568.0;1;75;75120;2;2;1.0;6.0;48,85620000;2,40493000;
202300015569.0;5;75;75117;2;3;1.0;3.0;48,88811000;2,32103000;
202300015570.0;1;75;75116;2;1;1.0;3.0;48,84187100;2,26243500;
202300015571.0;1;75;75115;2;2;1.0;3.0;48,82990600;2,29561900;
202300015572.0;5;75;75113;2;2;1.0;5.0;48,82156100;2,37252800;
202300015573.0;5;75;75112;2;1;1.0;3.0;48,83175400;2,38833900;
202300015574.0;5;75;75112;2;3;1.0;3.0;48,84281000;2,38456000;
202300015575.0;1;75;75111;2;2;1.0;3.0;48,85364000;2,39322000;
202300015576.0;1;75;75110;2;1;1.0;6.0;48,87986343;2,36365619;
202300015577.0;5;75;75112;2;5;1.0;5.0;48,83848400;2,37593300;
202300015578.0;5;75;75108;2;1;1.0;3.0;48,86595200;2,32092600;
202300015579.0;2;75;75117;2;2;1.0;3.0;48,90097600;2,33016100;
202300015580.0;2;75;75103;2;1;1.0;6.0;48,86838700;2,35944400;
202300015581.0;1;75;75101;2;3;1.0;7.0;48,86365400;2,34278100;
202300015582.0;1;94;94081;2;2;1.0;6.0;48,78442276;2,39816844;
202300015583.0;5;94;94080;2;9;1.0;3.0;48,84113000;2,43293000;
202300015584.0;1;94;94042;2;1;1.0;2.0;48,81903204;2,46788891;
202300015585.0;1;94;94076;2;1;1.0;3.0;48,79816500;2,34710700;
202300015586.0;2;94;94041;2;1;1.0;3.0;48,81961000;2,39991000;
202300015587.0;3;94;94017;2;2;1.0;3.0;48,81373333;2,51023972;
202300015588.0;1;94;94047;2;1;1.0;6.0;48,70541200;2,55274800;
202300015589.0;5;93;93031;2;3;1.0;3.0;48,94803000;2,33853000;
202300015590.0;1;93;93005;2;1;1.0;3.0;48,93949400;2,48961900;
202300015591.0;1;93;93001;2;6;1.0;6.0;48,90710300;2,37632200;
202300015592.0;5;92;92020;2;1;1.0;6.0;48,80696133;2,30445260;
202300015593.0;2;92;92012;2;1;1.0;1.0;48,82987686;2,23095059;
202300015594.0;1;92;92007;2;1;1.0;6.0;48,79293000;2,31573000;
202300015595.0;1;92;92004;2;1;1.0;2.0;48,91221552;2,28473139;
202300015596.0;1;974;97412;1;1;1.0;7.0; -21,36954600;55,59061100;
202300015597.0;3;83;83085;1;1;1.0;6.0;43,52214200;6,53686500;
202300015598.0;1;79;79122;2;1;1.0;7.0;46,12135800; -0,12764100;
202300015599.0;1;85;85065;1;2;1.0;3.0;46,90716100; -1,18948420;
202300015600.0;1;37;37233;1;1;1.0;2.0;47,39758423;0,70859671;
202300015601.0;1;30;30135;1;9;1.0;3.0;43,83133000;4,57524800;
202300015602.0;1;57;57097;2;3;7.0;6.0;49,18456800;6,49307500;
202300015603.0;1;2B;2B101;2;7;1.0;6.0;42,41331400;9,36373700;
202300015604.0;1;65;65062;2;1;1.0;7.0;43,19602900;0,11692800;
202300015605.0;1;46;46177;1;1;1.0;7.0;44,86672800;1,81300200;
202300015606.0;1;44;44056;1;1;2.0;5.0;47,41778000; -1,81886000;
202300015607.0;3;03;03016;1;1;1.0;6.0;46,21433700;3,25527900;
202300015608.0;1;15;15141;1;1;1.0;6.0;45,12482600;2,96933700;
202300015609.0;1;15;15028;1;1;8.0;1.0;44,88798700;2,55756600;
202300015610.0;2;26;26330;1;2;1.0;3.0;45,27987500;4,95691500;
202300015611.0;1;58;58256;2;1;1.0;6.0;47,35692300;2,99799100;
202300015612.0;1;06;06079;2;1;1.0;2.0;43,55495100;6,94139100;
202300015613.0;2;73;73268;1;1;1.0;3.0;45,59250872;6,44860737;
202300015614.0;3;13;13080;1;1;1.0;1.0;43,64830200;5,42167500;
202300015615.0;3;51;51097;1;1;1.0;6.0;49,03046076;4,54756379;
202300015616.0;1;28;28199;1;1;8.0;6.0;48,19770800;1,85116900;
202300015617.0;1;13;13087;1;1;1.0;2.0;43,47003600;5,65505100;
202300015618.0;1;93;93027;2;6;1.0;3.0;48,92319912;2,38836229;
202300015619.0;1;976;97615;2;1;1.0;1.0; -12,79586200;45,27393400;
202300015620.0;1;93;93010;2;1;1.0;4.0;48,90759692;2,49194317;
202300015621.0;1;93;93001;2;2;1.0;3.0;48,91817300;2,40499200;
202300015622.0;1;92;92036;2;1;1.0;2.0;48,93963000;2,30415000;
202300015623.0;2;92;92024;2;1;1.0;6.0;48,90078000;2,30682000;
202300015624.0;1;2B;2B121;1;1;1.0;7.0;42,43628500;8,67100200;
202300015625.0;1;24;24299;2;3;1.0;1.0;45,03272300;0,36454700;
202300015626.0;3;52;52088;1;1;1.0;6.0;48,46669000;4,76358200;
202300015627.0;1;06;06161;2;3;1.0;1.0;43,63433500;7,13377400;
202300015628.0;1;76;76135;1;1;3.0;2.0;49,55458900;0,91538400;
202300015629.0;1;972;97225;2;1;1.0;3.0;14,74169800; -61,17593600;
202300015630.0;1;28;28100;2;1;1.0;6.0;48,44961600;1,36195700;
202300015631.0;3;68;68300;1;1;1.0;1.0;47,77248800;7,40370700;
202300015632.0;3;83;83048;2;1;1.0;7.0;43,21431070;6,56436342;
202300015633.0;1;67;67283;1;6;1.0;6.0;48,69244800;7,38475400;
202300015634.0;1;974;97414;2;1;1.0;3.0; -21,28705000;55,40956200;
202300015635.0;1;62;62261;2;2;1.0;6.0;50,47360100;1,61757600;
202300015636.0;1;34;34079;1;1;3.0;6.0;43,64164400;3,44639000;
202300015637.0;1;38;38204;1;1;1.0;3.0;44,72539700;5,67773200;
202300015638.0;3;37;37031;1;1;1.0;6.0;47,25680600;0,16539600;
202300015639.0;3;77;77512;2;1;1.0;6.0;48,86285800;3,34212500;
202300015640.0;1;66;66028;2;1;1.0;6.0;42,67687200;2,95000300;
202300015641.0;1;95;95527;2;1;1.0;5.0;48,98748300;2,51298800;
202300015642.0;1;76;76307;1;4;1.0;3.0;49,63672100;0,20956100;
202300015643.0;2;2A;2A017;1;1;2.0;1.0;41,99881557;8,74273539;
202300015644.0;1;2B;2B049;1;1;1.0;7.0;42,47583600;8,75445100;
202300015645.0;3;65;65258;2;1;1.0;6.0;43,12128400;0,39709600;
202300015646.0;1;65;65121;1;6;1.0;3.0;43,35878000;0,06932400;
202300015647.0;1;11;11401;1;1;8.0;6.0;42,91762900;2,71437400;
202300015648.0;1;71;71175;1;1;1.0;1.0;46,76746300;5,11178600;
202300015649.0;1;61;61116;1;1;1.0;6.0;48,39213700;0,92907400;
202300015650.0;1;61;61484;1;1;8.0;5.0;48,27917300;0,77896700;
202300015651.0;1;49;49205;1;1;1.0;7.0;47,76328000; -0,50171300;
202300015652.0;2;49;49138;1;1;5.0;3.0;47,41330700; -0,16389400;
202300015653.0;3;42;42097;1;1;2.0;6.0;45,48464300;4,34060800;
202300015654.0;1;47;47051;1;1;2.0;1.0;44,19089700;0,71125700;
202300015655.0;1;34;34079;2;6;1.0;6.0;43,61530100;3,45602300;
202300015656.0;1;34;34334;1;1;8.0;7.0;43,53059800;2,99291600;
202300015657.0;3;35;35023;1;1;1.0;5.0;48,18451796; -1,94276959;
202300015658.0;1;29;29177;1;1;6.0;7.0;48,43860400; -4,71995800;
202300015659.0;1;31;31118;1;1;2.0;3.0;43,81040700;1,37193900;
202300015660.0;2;38;38099;2;1;1.0;3.0;45,18834700;5,29152600;
202300015661.0;1;02;02095;1;1;1.0;1.0;49,99491200;3,43728300;
202300015662.0;1;02;02173;2;2;1.0;4.0;49,61442200;3,22093600;
202300015663.0;1;26;26330;1;1;1.0;1.0;45,28578800;4,94161600;
202300015664.0;1;58;58072;1;1;1.0;1.0;46,88844300;3,24724900;
202300015665.0;1;72;72152;1;1;1.0;3.0;48,24049500;0,11812900;
202300015666.0;1;06;06059;1;1;1.0;7.0;43,73302700;7,38967900;
202300015667.0;1;50;50345;2;2;1.0;3.0;49,08285800; -1,42196800;
202300015668.0;1;50;50402;1;1;1.0;6.0;49,50779500; -1,80334600;
202300015669.0;1;90;90049;2;1;1.0;7.0;47,63593800;6,99295900;
202300015670.0;3;10;10144;1;1;1.0;6.0;48,56463100;3,86741300;
202300015671.0;1;36;36018;2;1;1.0;6.0;46,63526800;1,07198200;
202300015672.0;1;16;16383;2;1;1.0;6.0;45,77564300;0,17547100;
202300015673.0;1;04;04135;1;1;1.0;7.0;43,84609700;6,20322700;
202300015674.0;1;85;85234;1;1;1.0;6.0;46,75863000; -1,98319000;
202300015675.0;1;85;85025;1;1;2.0;1.0;46,93646000; -1,17599500;
202300015676.0;1;27;27049;2;2;1.0;3.0;49,00665100;0,67572400;
202300015677.0;1;17;17385;1;1;8.0;1.0;45,94971000; -1,32841800;
202300015678.0;3;17;17065;2;2;8.0;1.0;45,98824400; -0,95356300;
202300015679.0;1;30;30245;1;3;1.0;3.0;43,85700000;4,18830000;