Num_Acc;lum;departement;commune;agglomeration;intersection;meteo;type_collision;lat;long;date
202300015680.0;1;88;88285;1;2;1.0;3.0;48,24213100;5,89360700;
202300015681.0;1;974;97410;2;1;1.0;6.0; -21,04377200;55,71614900;
202300015682.0;1;31;31028;2;2;1.0;3.0;43,21665100;0,88063400;
202300015683.0;1;77;77295;1;1;1.0;6.0;48,56919200;2,75427100;
202300015684.0;2;34;34333;1;1;2.0;5.0;43,47522100;3,77075700;
202300015685.0;1;06;06018;1;6;1.0;6.0;43,61503900;7,08048200;
202300015686.0;1;42;42279;2;2;1.0;3.0;45,50721500;4,26444400;
202300015687.0;3;78;78466;2;1;1.0;3.0;48,93222300;1,97364400;
202300015688.0;1;38;38382;1;1;1.0;4.0;45,23769800;5,66177800;
202300015689.0;1;45;45093;1;1;1.0;4.0;48,03848100;1,84006000;
202300015690.0;1;38;38348;1;1;1.0;3.0;45,57278558;5,31433793;
202300015691.0;1;987;98725;2;3;1.0;3.0; -17,50739600; -149,48375700;
202300015692.0;5;987;98733;2;1;1.0;1.0; -17,73684300; -149,57759700;
202300015693.0;1;988;98811;1;1;1.0;7.0; -21,02424900;164,98721500;
202300015694.0;1;976;97607;1;1;1.0;3.0; -12,83410500;45,18883800;
202300015695.0;5;971;97125;1;1;1.0;3.0;16,25981300; -61,29538500;
202300015696.0;2;971;97115;2;1;1.0;1.0;16,26800100; -61,63102100;
202300015697.0;2;978;97801;2;1;1.0;6.0;18,06675400; -63,08368400;
202300015698.0;1;28;28160;1;2;1.0;3.0;48,40762500;1,64063200;
202300015699.0;1;45;45229;1;1;1.0;6.0;47,83673300;2,74483600;
202300015700.0;1;66;66210;1;6;1.0;7.0;42,64603300;2,77886500;
202300015701.0;1;34;34213;1;1;1.0;1.0;43,47319700;3,68702900;
202300015702.0;1;34;34272;1;1;1.0;1.0;43,66705100;4,10528300;
202300015703.0;1;84;84132;1;2;1.0;3.0;43,93548400;5,02979600;
202300015704.0;1;83;83108;1;1;1.0;3.0;43,33222500;5,99634600;
202300015705.0;1;73;73232;1;1;1.0;6.0;45,60650720;6,84976459;
202300015706.0;1;07;07138;1;1;1.0;3.0;44,59250000;4,42667500;
202300015707.0;1;69;69040;2;3;1.0;3.0;45,79820300;4,78911600;
202300015708.0;1;33;33326;1;1;1.0;1.0;45,31538500; -0,57667500;
202300015709.0;1;29;29022;2;1;5.0;1.0;48,25940543; -4,56116607;
202300015710.0;1;22;22081;2;3;1.0;5.0;48,51232900; -2,66824000;
202300015711.0;1;76;76057;2;1;1.0;6.0;49,53907200;0,95724300;
202300015712.0;2;59;59586;1;3;1.0;3.0;50,53910829;3,16190600;
202300015713.0;1;83;83137;1;1;1.0;3.0;43,12629900;5,88731300;
202300015714.0;1;91;91689;1;1;1.0;2.0;48,72384000;2,31244000;
202300015715.0;1;91;91434;1;1;1.0;3.0;48,66987000;2,34952000;
202300015716.0;1;91;91687;1;1;1.0;2.0;48,66160000;2,37000000;
202300015717.0;1;974;97411;2;9;2.0;3.0; -20,90088700;55,48698664;
202300015718.0;1;974;97411;2;1;1.0;6.0; -20,88738000;55,44108000;
202300015719.0;1;974;97411;2;1;2.0;6.0; -20,88738000;55,44108000;
202300015720.0;1;973;97302;2;1;1.0;5.0;4,92880993; -52,29827696;
202300015721.0;1;973;97302;2;2;2.0;1.0;4,92689710; -52,30349216;
202300015722.0;1;69;69387;2;2;1.0;6.0;45,75073000;4,83945000;
202300015723.0;1;972;97209;2;1;1.0;3.0;14,61785000; -61,04229000;
202300015724.0;5;69;69382;2;2;1.0;3.0;45,76501000;4,83813000;
202300015725.0;1;69;69388;2;1;1.0;6.0;45,74173000;4,86032000;
202300015726.0;1;69;69034;2;3;1.0;3.0;45,78625000;4,83376000;
202300015727.0;5;971;97101;2;9;1.0;3.0;16,27660000; -61,50112000;
202300015728.0;1;2A;2A004;2;1;1.0;6.0;41,93435000;8,75507000;
202300015729.0;1;95;95280;2;2;1.0;3.0;49,04010000;2,47149000;
202300015730.0;1;95;95277;2;1;2.0;2.0;48,98542000;2,43859000;
202300015731.0;1;91;91027;2;2;1.0;3.0;48,70915000;2,38709000;
202300015732.0;5;87;87085;2;1;1.0;3.0;45,82117000;1,23966000;
202300015733.0;1;84;84007;2;1;1.0;3.0;43,93774000;4,79662000;
202300015734.0;5;83;83069;2;1;1.0;7.0;43,11858000;6,11772000;
202300015735.0;1;78;78372;2;1;8.0;3.0;48,87196000;2,10373000;
202300015736.0;1;76;76157;1;1;1.0;5.0;49,45808000;1,04709000;
202300015737.0;1;76;76540;2;2;1.0;3.0;49,45194000;1,06896000;
202300015738.0;1;72;72181;2;9;1.0;2.0;47,99979000;0,20301000;
202300015739.0;1;69;69256;2;2;1.0;2.0;45,78716000;4,91772000;
202300015740.0;5;69;69259;2;2;1.0;2.0;45,70609000;4,87621000;
202300015741.0;5;69;69259;2;2;1.0;3.0;45,69542781;4,85920682;
202300015742.0;1;64;64445;2;3;1.0;3.0;43,30980000; -0,34380000;
202300015743.0;1;64;64445;2;1;2.0;6.0;43,30601000; -0,34948000;
202300015744.0;1;64;64335;1;3;1.0;2.0;43,35660000; -0,44174000;
202300015745.0;4;62;62642;2;2;1.0;3.0;50,45314100;2,47700800;
202300015746.0;5;59;59426;2;1;2.0;6.0;50,74577000;3,15876000;
202300015747.0;1;59;59588;1;1;8.0;1.0;51,04124000;2,43163000;
202300015748.0;1;58;58194;2;1;1.0;6.0;46,99043000;3,16570000;
202300015749.0;1;56;56036;1;1;1.0;6.0;47,79235000; -3,30994000;
202300015750.0;5;54;54395;2;2;1.0;3.0;48,69702000;6,17564000;
202300015751.0;3;54;54149;1;3;1.0;3.0;49,44723200;5,91852700;
202300015752.0;1;45;45308;2;1;1.0;3.0;47,94169866;1,94358096;
202300015753.0;1;34;34172;2;2;1.0;3.0;43,61198000;3,93008000;
202300015754.0;1;33;33529;2;1;1.0;3.0;44,62775341; -1,14321649;
202300015755.0;1;31;31483;1;2;1.0;7.0;43,13179000;0,70607000;
202300015756.0;1;29;29039;1;1;1.0;2.0;47,86900000; -3,89503000;
202300015757.0;1;29;29019;2;6;1.0;3.0;48,41461000; -4,48029000;
202300015758.0;1;26;26058;1;1;1.0;1.0;44,96300000;4,86700000;
202300015759.0;1;17;17415;2;6;1.0;2.0;45,73904900; -0,64273900;
202300015760.0;1;14;14366;2;1;1.0;6.0;49,14662000;0,23144900;
202300015761.0;1;13;13214;2;1;1.0;2.0;43,32783000;5,39153000;
202300015762.0;1;13;13206;2;2;1.0;3.0;43,28202000;5,38600000;
202300015763.0;1;13;13205;2;1;1.0;2.0;43,28840000;5,39300000;
202300015764.0;1;13;13004;2;2;1.0;3.0;43,67120000;4,63310000;
202300015765.0;5;10;10387;2;1;1.0;1.0;48,29947000;4,09673000;
202300015766.0;1;06;06069;2;1;1.0;6.0;43,64845000;6,93974000;
202300015767.0;5;05;05061;2;1;1.0;3.0;44,56303000;6,08315000;
202300015768.0;1;01;01289;2;2;1.0;6.0;46,19177600;5,21238800;
202300015769.0;1;74;74298;2;9;1.0;2.0;46,18903000;6,26411000;
202300015770.0;1;74;74281;2;8;1.0;3.0;46,35982100;6,46335000;
202300015771.0;3;74;74027;1;1;1.0;1.0;45,89742639;6,27969928;
202300015772.0;1;74;74012;2;7;1.0;6.0;46,19283000;6,23728000;
202300015773.0;5;74;74012;2;9;1.0;3.0;46,19721000;6,25217000;
202300015774.0;3;74;74238;1;3;1.0;1.0;46,24385700;6,64239400;
202300015775.0;3;74;74010;1;4;1.0;3.0;45,96307600;6,08031000;
202300015776.0;5;74;74298;2;1;1.0;7.0;46,19051200;6,26032200;
202300015777.0;1;74;74083;2;1;2.0;6.0;45,89515100;6,64472600;
202300015778.0;1;75;75112;2;1;1.0;3.0;48,82746600;2,39231200;
202300015779.0;1;75;75120;2;7;1.0;3.0;48,86448300;2,40902100;
202300015780.0;1;75;75118;2;3;8.0;6.0;48,88371000;2,34699300;
202300015781.0;1;75;75116;2;1;1.0;2.0;48,85581900;2,26367900;
202300015782.0;1;75;75114;2;2;1.0;1.0;48,82499000;2,30213700;
202300015783.0;1;75;75112;2;4;1.0;3.0;48,84945700;2,36991800;
202300015784.0;1;75;75120;2;9;1.0;6.0;48,84755300;2,40896100;
202300015785.0;1;75;75112;2;1;8.0;6.0;48,83974100;2,38732200;
202300015786.0;1;75;75110;2;1;1.0;3.0;48,87476600;2,37030600;
202300015787.0;5;75;75110;2;2;2.0;3.0;48,88384900;2,36859000;
202300015788.0;1;75;75107;2;3;1.0;3.0;48,86063700;2,29547100;
202300015789.0;1;75;75101;2;2;1.0;6.0;48,86198700;2,35018000;
202300015790.0;5;75;75104;2;1;2.0;6.0;48,85452300;2,36879700;
202300015791.0;5;75;75101;2;2;1.0;7.0;48,86321700;2,33551800;
202300015792.0;1;94;94078;2;3;1.0;2.0;48,75365000;2,45057000;
202300015793.0;1;94;94041;2;1;1.0;1.0;48,81851627;2,39568204;
202300015794.0;1;94;94073;2;1;2.0;4.0;48,76905000;2,36812000;
202300015795.0;1;94;94059;2;3;8.0;1.0;48,81108710;2,56369776;
202300015796.0;5;94;94017;2;1;3.0;3.0;48,82729300;2,51277092;
202300015797.0;2;94;94017;2;3;2.0;2.0;48,82878000;2,48589000;
202300015798.0;1;93;93073;2;2;8.0;3.0;48,94349000;2,59082000;
202300015799.0;2;93;93064;2;1;1.0;2.0;48,88064836;2,47723126;
202300015800.0;1;93;93010;2;2;1.0;2.0;48,90423000;2,47073000;
202300015801.0;1;93;93048;2;1;1.0;6.0;48,85816711;2,44203266;
202300015802.0;1;15;15014;2;1;1.0;2.0;44,92729100;2,44821700;
202300015803.0;1;93;93010;2;3;2.0;3.0;48,91240000;2,47953000;
202300015804.0;1;14;14118;2;2;1.0;3.0;49,19836000; -0,36010000;
202300015805.0;5;93;93008;2;9;2.0;6.0;48,90657000;2,45000000;
202300015806.0;5;93;93007;2;2;1.0;3.0;48,94500000;2,44980000;
202300015807.0;1;14;14167;2;6;1.0;3.0;49,19145000; -0,29928000;
202300015808.0;1;93;93001;2;1;1.0;3.0;48,91315512;2,38036931;
202300015809.0;1;14;14101;1;1;1.0;5.0;49,17323000; -0,42984000;
202300015810.0;1;92;92040;2;2;1.0;6.0;48,82913780;2,26383001;
202300015811.0;1;92;92012;2;1;1.0;2.0;48,83468000;2,22594000;
202300015812.0;1;13;13077;2;6;1.0;6.0;43,41455000;4,98710000;
202300015813.0;1;13;13117;1;1;1.0;2.0;43,44617245;5,24263165;
202300015814.0;1;13;13213;2;3;1.0;6.0;43,34524000;5,42384000;
202300015815.0;1;13;13071;1;1;1.0;4.0;43,40456000;5,31667000;
202300015816.0;1;13;13214;2;1;1.0;2.0;43,32507306;5,39393405;
202300015817.0;5;13;13209;2;1;1.0;6.0;43,27254000;5,39970000;
202300015818.0;1;13;13028;2;1;1.0;6.0;43,18869088;5,63054680;
202300015819.0;1;10;10387;2;3;8.0;3.0;48,29019000;4,07595000;
202300015820.0;1;06;06069;2;1;1.0;6.0;43,64196000;6,94255000;
202300015821.0;1;06;06069;2;3;1.0;3.0;43,64080000;6,91714000;
202300015822.0;1;02;02738;2;2;1.0;3.0;49,65794300;3,31616100;
202300015823.0;1;75;75113;2;1;1.0;6.0;48,81683300;2,36498200;
202300015824.0;1;75;75118;2;2;1.0;3.0;48,90123700;2,34424900;
202300015825.0;1;13;13210;2;5;1.0;1.0;43,26930000;5,42094000;
202300015826.0;1;75;75101;2;2;1.0;1.0;48,85844750;2,34250500;
202300015827.0;1;13;13204;2;1;1.0;2.0;43,30132000;5,40089000;
202300015828.0;1;75;75118;2;1;1.0;2.0;48,90107600;2,34527300;
202300015829.0;1;07;07019;2;9;1.0;6.0;44,61671000;4,39001000;
202300015830.0;5;75;75108;2;2;1.0;6.0;48,87514400;2,29601700;
202300015831.0;1;75;75120;2;2;1.0;3.0;48,86496400;2,39554800;
202300015832.0;1;06;06004;2;1;1.0;6.0;43,60307500;7,11401200;
202300015833.0;5;75;75120;2;2;1.0;6.0;48,87778000;2,40820000;
202300015834.0;1;75;75114;2;1;1.0;2.0;48,82226800;2,31545900;
202300015835.0;1;75;75117;2;2;1.0;3.0;48,87853000;2,29422300;
202300015836.0;1;75;75119;2;3;1.0;3.0;48,88878900;2,39310700;
202300015837.0;2;75;75117;2;2;1.0;3.0;48,89445300;2,31347900;
202300015838.0;1;75;75117;2;4;1.0;6.0;48,87954900;2,28087500;
202300015839.0;1;75;75119;2;2;1.0;6.0;48,88259000;2,37973000;
202300015840.0;1;75;75117;2;3;1.0;3.0;48,88910500;2,31614000;
202300015841.0;1;75;75117;2;2;1.0;6.0;48,89345600;2,32537500;
202300015842.0;1;75;75119;2;3;1.0;3.0;48,88172000;2,37379300;
202300015843.0;1;75;75117;2;1;1.0;3.0;48,89330600;2,30283000;
202300015844.0;5;75;75116;2;2;2.0;3.0;48,84716300;2,27444200;
202300015845.0;1;75;75116;2;2;1.0;3.0;48,86498400;2,28866500;
202300015846.0;1;75;75116;2;1;1.0;3.0;48,86182000;2,29165500;
202300015847.0;1;75;75115;2;7;1.0;3.0;48,83622800;2,31017300;
202300015848.0;1;75;75116;2;2;1.0;2.0;48,85783100;2,25023800;
202300015849.0;5;75;75114;2;3;1.0;2.0;48,83835400;2,32229400;
202300015850.0;1;75;75113;2;2;2.0;3.0;48,82412800;2,34452800;
202300015851.0;1;75;75113;2;4;1.0;3.0;48,83994600;2,36174200;
202300015852.0;1;94;94041;2;3;1.0;1.0;48,80594490;2,37568308;
202300015853.0;1;83;83107;1;3;1.0;3.0;43,36110500;6,67336300;
202300015854.0;1;75;75113;2;3;1.0;3.0;48,82025800;2,37182600;
202300015855.0;1;42;42285;1;2;1.0;3.0;45,57576500;4,11750200;
202300015856.0;1;94;94078;2;1;1.0;2.0;48,73320000;2,44680000;
202300015857.0;1;75;75112;2;2;1.0;2.0;48,84689340;2,41139000;
202300015858.0;3;07;07040;1;1;1.0;6.0;45,03184903;4,70582596;
202300015859.0;5;75;75112;2;1;1.0;2.0;48,83670200;2,37829100;
202300015860.0;1;64;64422;2;1;2.0;6.0;43,19222000; -0,60741300;
202300015861.0;3;94;94078;2;1;1.0;3.0;48,72433900;2,44504600;
202300015862.0;1;75;75108;2;4;8.0;2.0;48,86465700;2,30379800;
202300015863.0;1;85;85092;2;1;1.0;6.0;46,46376060; -0,80085396;
202300015864.0;1;75;75107;2;1;1.0;3.0;48,86290600;2,31767600;
202300015865.0;1;75;75107;2;2;1.0;3.0;48,86096600;2,31499000;
202300015866.0;3;22;22339;1;2;2.0;1.0;48,46929000; -2,06020000;
202300015867.0;4;94;94028;2;1;1.0;3.0;48,79583000;2,44246000;
202300015868.0;1;75;75103;2;7;1.0;3.0;48,86651000;2,36478800;
202300015869.0;3;35;35309;1;1;2.0;6.0;48,37595800; -1,56397500;
202300015870.0;1;75;75103;2;3;1.0;7.0;48,86900700;2,35559500;
202300015871.0;2;94;94081;2;7;1.0;6.0;48,79000000;2,41000000;
202300015872.0;2;60;60339;2;2;2.0;1.0;49,49715500;2,21135300;
202300015873.0;2;62;62281;1;1;2.0;6.0;50,70043842;1,63367595;
202300015874.0;1;94;94018;2;2;2.0;1.0;48,82470000;2,40883000;
202300015875.0;1;94;94078;2;3;1.0;3.0;48,73558500;2,44684900;
202300015876.0;1;59;59586;2;1;8.0;3.0;50,53412800;3,19597000;
202300015877.0;1;94;94042;2;2;1.0;3.0;48,82283000;2,47251000;
202300015878.0;2;94;94028;2;1;2.0;6.0;48,77242000;2,46231000;
202300015879.0;1;94;94058;2;3;1.0;3.0;48,85077100;2,50309000;
202300015880.0;1;93;93055;2;1;1.0;6.0;48,90237814;2,39327550;
202300015881.0;1;13;13106;1;1;1.0;2.0;43,39071033;5,35120523;
202300015882.0;1;94;94042;2;1;2.0;2.0;48,82013800;2,47547300;
202300015883.0;1;92;92046;2;1;2.0;3.0;48,81506000;2,28292000;
202300015884.0;1;94;94028;2;1;1.0;1.0;48,78796476;2,43575397;
202300015885.0;1;35;35046;1;3;3.0;3.0;47,87256900; -2,05071000;
202300015886.0;1;2B;2B121;1;1;1.0;7.0;42,45584000;8,67301900;
202300015887.0;1;94;94028;1;1;1.0;5.0;48,77944000;2,45918000;
202300015888.0;3;91;91161;1;1;2.0;3.0;48,70224000;2,30766000;
202300015889.0;1;2A;2A065;2;1;1.0;6.0;42,13412300;8,59424800;
202300015890.0;1;94;94017;2;1;1.0;2.0;48,81891400;2,52248100;
202300015891.0;2;91;91340;1;1;1.0;7.0;48,61122500;2,43436200;
202300015892.0;5;94;94034;1;1;1.0;3.0;48,75609704;2,34121956;
202300015893.0;1;94;94002;2;1;1.0;3.0;48,78845000;2,42885000;
202300015894.0;5;95;95487;2;1;2.0;6.0;49,14937300;2,27964700;
202300015895.0;1;93;93055;2;1;1.0;6.0;48,89386664;2,41659818;
202300015896.0;4;92;92019;1;1;1.0;3.0;48,76754609;2,24421290;
202300015897.0;3;21;21676;1;1;1.0;7.0;47,46362600;4,24889800;
202300015898.0;2;93;93053;2;1;1.0;6.0;48,89583255;2,46259626;
202300015899.0;1;22;22228;1;1;1.0;6.0;48,54942000; -3,44061000;
202300015900.0;3;92;92036;1;1;2.0;6.0;48,94355783;2,28738079;
202300015901.0;1;92;92046;2;2;1.0;6.0;48,81477264;2,29698792;
202300015902.0;3;95;95018;1;1;2.0;3.0;48,95182000;2,28002000;
202300015903.0;1;974;97413;1;1;1.0;6.0; -21,18725300;55,29696800;
202300015904.0;2;92;92063;2;3;1.0;2.0;48,87864396;2,18639749;
202300015905.0;1;38;38456;1;1;1.0;7.0;44,81706800;5,86616300;
202300015906.0;3;94;94022;1;1;2.0;7.0;48,77642770;2,41579932;
202300015907.0;1;62;62214;2;1;1.0;6.0;50,65025224;1,70590247;
202300015908.0;1;92;92026;2;1;1.0;6.0;48,89204000;2,24599000;
202300015909.0;1;59;59135;2;3;1.0;7.0;50,80187000;2,48186100;
202300015910.0;1;92;92025;2;9;1.0;3.0;48,91842496;2,22390801;
202300015911.0;1;77;77258;1;1;1.0;4.0;48,83029831;2,62849100;
202300015912.0;1;76;76302;2;1;1.0;3.0;49,64455500;0,37897000;
202300015913.0;5;92;92025;2;3;2.0;3.0;48,91893140;2,24073386;
202300015914.0;5;92;92012;2;2;1.0;3.0;48,84047000;2,23162000;
202300015915.0;3;94;94073;1;1;2.0;4.0;48,77011469;2,38223272;
202300015916.0;1;80;80190;1;1;1.0;3.0;50,08563400;1,66159600;
202300015917.0;1;92;92007;2;2;1.0;3.0;48,80598874;2,31372401;
202300015918.0;1;82;82151;1;1;1.0;1.0;44,30489800;0,93062500;
202300015919.0;1;33;33490;2;1;1.0;6.0;45,43279300; -1,04428800;
202300015920.0;1;92;92036;2;1;1.0;3.0;48,92020000;2,31519000;
202300015921.0;1;974;97416;2;1;1.0;6.0; -21,31407000;55,47179000;
202300015922.0;1;63;63091;1;1;1.0;6.0;45,42270300;3,28293800;
202300015923.0;1;91;91235;1;1;1.0;3.0;48,63523100;2,35794600;
202300015924.0;1;49;49378;1;1;2.0;2.0;47,33946400; -0,06909800;
202300015925.0;1;46;46311;1;1;1.0;7.0;44,88195400;2,04028100;
202300015926.0;5;91;91086;2;1;1.0;1.0;48,62068300;2,37449500;
202300015927.0;1;973;97302;2;1;1.0;3.0;4,92059356; -52,31608741;
202300015928.0;3;17;17278;1;4;1.0;3.0;45,71404600; -0,80880400;
202300015929.0;1;86;86286;1;2;1.0;3.0;46,84064600;0,16032600;
202300015930.0;1;44;44014;1;1;1.0;2.0;47,10644200; -1,49624300;
202300015931.0;1;973;97302;2;2;1.0;3.0;4,94004147; -52,33206564;
202300015932.0;1;974;97422;2;1;7.0;6.0; -21,27973700;55,51408800;
202300015933.0;1;38;38384;2;3;1.0;5.0;45,34138900;5,34931700;
202300015934.0;1;62;62057;2;2;1.0;6.0;50,88037970;2,08487566;
202300015935.0;1;15;15061;1;1;1.0;7.0;45,18088800;2,83947300;
202300015936.0;5;973;97302;2;9;1.0;3.0;4,94135212; -52,32666349;
202300015937.0;2;68;68238;1;1;1.0;3.0;47,70867100;7,51204700;
202300015938.0;1;26;26292;1;1;1.0;7.0;44,27940200;5,41872700;
202300015939.0;1;14;14726;1;1;1.0;6.0;48,86835600; -0,67658200;
202300015940.0;2;71;71003;1;1;1.0;6.0;46,90793700;4,93590000;
202300015941.0;5;69;69388;2;3;1.0;3.0;45,73196000;4,85355000;
202300015942.0;1;14;14047;2;6;1.0;3.0;49,28233000; -0,71883000;
202300015943.0;1;62;62061;1;2;1.0;3.0;50,35989100;2,45889900;
202300015944.0;1;73;73259;1;1;1.0;1.0;45,37628200;6,32399400;
202300015945.0;1;66;66021;2;1;1.0;3.0;42,72878300;2,94325800;
202300015946.0;5;69;69387;2;2;1.0;6.0;45,74431939;4,83505318;
202300015947.0;1;40;40031;1;6;1.0;7.0;43,82894700; -0,83413500;
202300015948.0;1;31;31588;2;1;1.0;2.0;43,52437100;1,34371400;
202300015949.0;1;40;40261;1;1;1.0;2.0;43,67701000; -1,23321000;
202300015950.0;1;56;56117;2;1;1.0;7.0;47,88744200; -2,83897300;
202300015951.0;3;972;97213;2;1;1.0;2.0;14,61441000; -61,01176000;
202300015952.0;1;67;67513;1;1;1.0;7.0;48,39256700;7,24967300;
202300015953.0;5;69;69382;2;3;1.0;7.0;45,75312000;4,83390000;
202300015954.0;3;24;24064;1;1;1.0;1.0;45,39744800;0,62010500;
202300015955.0;1;76;76655;1;3;1.0;7.0;49,85930000;0,68583000;
202300015956.0;1;04;04166;1;1;1.0;3.0;43,80708100;6,05820900;
202300015957.0;3;79;79007;1;1;1.0;3.0;46,56671300; -0,41454600;
202300015958.0;1;85;85234;2;1;1.0;7.0;46,78798400; -2,08053600;
202300015959.0;1;2A;2A269;1;1;1.0;5.0;41,78806900;9,39716200;
202300015960.0;5;69;69034;1;1;8.0;4.0;45,78774891;4,86212926;
202300015961.0;1;85;85252;1;1;2.0;1.0;46,64604300; -0,79917500;
202300015962.0;1;69;69168;2;3;1.0;3.0;45,84481200;4,83517300;
202300015963.0;1;71;71318;1;1;1.0;3.0;46,55757700;5,14979800;
202300015964.0;1;69;69389;2;2;1.0;3.0;45,77450000;4,80181000;
202300015965.0;1;28;28156;1;2;3.0;3.0;48,49758300;0,99906900;
202300015966.0;1;71;71370;1;3;1.0;6.0;46,54280900;4,02850100;
202300015967.0;1;2A;2A004;2;9;1.0;3.0;41,93234000;8,74065000;
202300015968.0;1;28;28202;1;2;8.0;3.0;48,63191200;0,93992700;
202300015969.0;1;71;71014;2;7;1.0;3.0;46,95048900;4,30417800;
202300015970.0;1;54;54395;1;1;1.0;7.0;48,67502000;6,19830000;
202300015971.0;1;37;37099;1;1;1.0;1.0;47,30059617;0,55358845;
202300015972.0;5;95;95218;2;1;1.0;3.0;49,01615000;2,09206000;
202300015973.0;1;89;89053;1;1;1.0;1.0;47,87476000;3,47534900;
202300015974.0;1;30;30339;1;1;1.0;6.0;44,09045200;3,63849200;
202300015975.0;1;51;51454;2;6;1.0;3.0;49,24227000;4,02459000;
202300015976.0;5;91;91549;2;1;2.0;6.0;48,63732000;2,33180000;
202300015977.0;2;51;51454;2;1;1.0;7.0;49,27897000;4,01660000;
202300015978.0;1;39;39526;1;1;1.0;5.0;47,03025100;5,40368800;
202300015979.0;1;30;30193;1;1;1.0;1.0;43,86160800;4,21015600;
202300015980.0;1;44;44087;1;1;1.0;7.0;47,02374700; -1,73733700;
202300015981.0;2;30;30061;1;1;1.0;7.0;43,92805100;4,27045800;
202300015982.0;1;51;51454;2;1;1.0;4.0;49,21858000;4,02022000;
202300015983.0;3;44;44213;1;1;1.0;6.0;47,48156800; -1,04919400;
202300015984.0;3;78;78624;1;1;2.0;1.0;48,96796000;1,99890000;
202300015985.0;3;48;48129;1;1;1.0;6.0;44,72210100;3,78164600;
202300015986.0;1;47;47001;2;3;1.0;5.0;44,21201000;0,64414000;
202300015987.0;1;35;35299;1;1;1.0;4.0;48,63858100; -1,89548500;
202300015988.0;2;76;76540;1;1;1.0;6.0;49,43614000;1,13731000;
202300015989.0;1;08;08272;1;1;1.0;7.0;49,71841700;4,34834400;
202300015990.0;1;29;29205;2;1;1.0;6.0;48,29872900; -3,59012300;
202300015991.0;1;45;45234;2;1;1.0;3.0;47,92370663;1,93497026;
202300015992.0;3;973;97307;1;1;1.0;6.0;4,89264700; -52,33183400;
202300015993.0;5;73;73222;2;1;8.0;6.0;45,58217780;5,94854817;
202300015994.0;1;42;42187;2;1;1.0;6.0;46,04195000;4,06277000;
202300015995.0;1;29;29282;1;1;1.0;1.0;48,36164277; -4,74784802;
202300015996.0;1;80;80107;1;1;1.0;5.0;49,85668100;2,44066500;
202300015997.0;1;31;31100;1;1;1.0;7.0;43,29440400;1,61524000;
202300015998.0;1;42;42187;2;2;1.0;1.0;46,04120000;4,06488000;
202300015999.0;5;13;13017;2;6;1.0;6.0;43,86574400;4,68876200;
202300016000.0;5;73;73087;2;1;3.0;5.0;45,55464000;5,89193000;
202300016001.0;1;973;97309;2;1;1.0;3.0;4,91400800; -52,27390900;
202300016002.0;1;41;41018;2;9;1.0;3.0;47,57791000;1,28137000;
202300016003.0;1;02;02815;1;1;1.0;6.0;49,77190000;3,10062300;
202300016004.0;1;82;82007;1;1;1.0;1.0;44,18851800;1,46861500;
202300016005.0;1;69;69266;2;2;1.0;3.0;45,76938000;4,86475000;
202300016006.0;1;38;38421;2;2;1.0;3.0;45,18526000;5,76199000;
202300016007.0;2;45;45317;1;1;2.0;6.0;47,77504100;1,58263200;
202300016008.0;1;02;02468;2;4;7.0;1.0;49,74028000;3,76745800;
202300016009.0;5;64;64102;2;1;1.0;2.0;43,50360000; -1,46752000;
202300016010.0;1;03;03276;1;1;1.0;6.0;46,15334800;3,03063900;
202300016011.0;1;11;11262;1;1;1.0;2.0;43,18336900;3,05050800;
202300016012.0;3;38;38179;2;2;1.0;6.0;45,18164000;5,78806000;
202300016013.0;1;33;33005;2;1;1.0;6.0;44,74228700; -1,09053300;
202300016014.0;1;62;62464;2;3;2.0;6.0;50,48690105;2,80826730;
202300016015.0;1;03;03193;1;3;1.0;2.0;46,48863500;2,61788400;
202300016016.0;1;37;37122;2;1;1.0;2.0;47,35577664;0,69867522;
202300016017.0;5;976;97615;2;3;1.0;1.0; -12,79184500;45,28014600;
202300016018.0;1;70;70115;1;1;1.0;6.0;47,59576000;6,31430600;
202300016019.0;1;36;36159;2;1;1.0;6.0;46,76388476;1,72241271;
202300016020.0;5;974;97415;2;1;1.0;1.0; -21,05132900;55,22532900;
202300016021.0;1;971;97111;1;1;1.0;6.0;16,28156500; -61,80353000;
202300016022.0;1;72;72328;1;1;1.0;2.0;48,06047581;0,27222633;
202300016023.0;1;35;35238;2;2;7.0;3.0;48,09512000; -1,66352000;
202300016024.0;1;06;06016;1;1;1.0;7.0;44,04760600;6,97710600;
202300016025.0;1;84;84078;2;9;1.0;3.0;44,24426500;4,71638000;
202300016026.0;5;60;60057;2;3;2.0;5.0;49,43570000;2,08546000;
202300016027.0;1;35;35238;2;3;1.0;3.0;48,10224000; -1,64950000;
202300016028.0;5;67;67065;2;1;1.0;3.0;48,57956700;7,60496400;