Num_Acc;lum;departement;commune;agglomeration;intersection;meteo;type_collision;lat;long;date
202300016029.0;1;14;14371;2;4;1.0;3.0;49,01358600;0,15226400;
202300016030.0;2;67;67529;2;1;1.0;7.0;48,71106700;7,80036100;
202300016031.0;1;35;35051;2;6;1.0;3.0;48,11184000; -1,62181000;
202300016032.0;1;59;59350;2;1;2.0;2.0;50,64951000;3,06665000;
202300016033.0;1;05;05124;1;3;1.0;3.0;44,57769900;6,13307500;
202300016034.0;3;81;81131;1;1;1.0;4.0;43,88681900;1,98506700;
202300016035.0;1;34;34032;2;3;1.0;1.0;43,35000000;3,23749000;
202300016036.0;3;05;05004;1;1;1.0;7.0;44,63531500;6,19328500;
202300016037.0;1;56;56121;2;6;1.0;3.0;47,74426000; -3,39532000;
202300016038.0;1;17;17086;1;3;1.0;2.0;45,73822600; -0,55724500;
202300016039.0;1;33;33192;2;3;1.0;3.0;44,77224000; -0,64036000;
202300016040.0;1;83;83007;2;1;1.0;3.0;43,63074000;6,22064400;
202300016041.0;1;33;33324;2;1;1.0;6.0;44,84703100;0,23902500;
202300016042.0;5;54;54099;2;3;2.0;6.0;49,24417000;5,93553000;
202300016043.0;1;09;09296;1;8;2.0;2.0;42,80039600;1,65311800;
202300016044.0;3;33;33056;1;6;1.0;6.0;44,91225100; -0,58035000;
202300016045.0;1;33;33013;2;6;1.0;2.0;44,84687000; -0,49713000;
202300016046.0;1;41;41018;2;1;1.0;6.0;47,59486000;1,34704000;
202300016047.0;1;73;73128;2;3;1.0;3.0;45,72610366;5,91881856;
202300016048.0;1;85;85098;1;2;1.0;3.0;46,71252100; -1,47647500;
202300016049.0;1;33;33039;2;3;1.0;3.0;44,81390000; -0,54966000;
202300016050.0;1;22;22081;1;2;1.0;3.0;48,50438300; -2,61763400;
202300016051.0;5;36;36044;2;2;1.0;3.0;46,80875694;1,70490056;
202300016052.0;1;16;16016;1;2;1.0;3.0;45,98956400;0,62108200;
202300016053.0;1;31;31555;2;1;1.0;3.0;43,61000000;1,47936000;
202300016054.0;3;31;31555;2;1;1.0;6.0;43,60748000;1,42812000;
202300016055.0;4;22;22214;2;1;1.0;1.0;48,74808900; -2,98518100;
202300016056.0;3;16;16312;1;1;1.0;6.0;45,77700800; -0,03297000;
202300016057.0;1;31;31483;2;1;1.0;6.0;43,11462891;0,73111787;
202300016058.0;1;53;53097;2;1;1.0;6.0;48,15031300; -0,40146800;
202300016059.0;1;29;29051;2;3;8.0;3.0;47,99700000; -4,04882000;
202300016060.0;1;29;29019;2;1;1.0;1.0;48,39428100; -4,53904000;
202300016061.0;1;76;76753;1;3;1.0;4.0;49,35543300;1,17510800;
202300016062.0;1;85;85047;2;4;1.0;3.0;46,83904400; -1,87443500;
202300016063.0;1;28;28404;2;1;1.0;1.0;48,72860000;1,32229000;
202300016064.0;5;28;28404;2;1;1.0;6.0;48,72769000;1,33338000;
202300016065.0;3;27;27383;1;1;1.0;2.0;48,74343100;0,85131700;
202300016066.0;1;13;13214;1;1;1.0;3.0;43,33304000;5,38506000;
202300016067.0;3;26;26004;1;1;1.0;6.0;44,99177739;4,98834535;
202300016068.0;1;28;28191;1;1;1.0;7.0;48,61060800;1,64778800;
202300016069.0;1;13;13081;1;1;1.0;2.0;43,48990000;5,24050000;
202300016070.0;3;25;25056;2;1;8.0;7.0;47,26538000;6,00500000;
202300016071.0;1;27;27681;2;1;1.0;6.0;49,08900000;1,48200000;
202300016072.0;3;83;83090;1;1;1.0;2.0;43,12608109;5,88263494;
202300016073.0;1;37;37156;2;2;1.0;1.0;47,38471600;0,81411500;
202300016074.0;5;22;22113;2;1;1.0;6.0;48,74771000; -3,48308000;
202300016075.0;1;70;70285;1;1;1.0;6.0;47,58652000;6,74654000;
202300016076.0;1;69;69297;1;1;1.0;2.0;45,59977821;4,79594016;
202300016077.0;1;37;37241;2;2;7.0;3.0;47,44356000;0,32010600;
202300016078.0;1;13;13103;1;1;1.0;3.0;43,66672000;5,09483000;
202300016079.0;1;48;48063;1;1;1.0;6.0;44,72859500;3,36067900;
202300016080.0;1;42;42218;1;1;1.0;2.0;45,44106700;4,43652100;
202300016081.0;5;13;13202;2;1;1.0;1.0;43,30617000;5,36753000;
202300016082.0;1;48;48107;1;1;1.0;7.0;44,52303900;3,29846800;
202300016083.0;1;70;70285;1;9;7.0;4.0;47,59020000;6,77921000;
202300016084.0;1;33;33122;1;1;1.0;4.0;44,75543196; -0,68755209;
202300016085.0;1;13;13203;2;1;1.0;6.0;43,30367000;5,37375000;
202300016086.0;3;08;08349;2;1;1.0;1.0;49,67346700;5,16659400;
202300016087.0;1;25;25056;2;1;7.0;4.0;47,23971000;5,97995000;
202300016088.0;1;91;91377;1;1;1.0;2.0;48,72753000;2,30358000;
202300016089.0;3;13;13044;1;1;1.0;1.0;43,61424000;5,06922500;
202300016090.0;1;12;12013;1;1;1.0;7.0;44,55166000;2,28830000;
202300016091.0;1;25;25056;2;1;1.0;3.0;47,23029000;5,99105000;
202300016092.0;1;69;69081;2;2;1.0;2.0;45,76633300;4,76922500;
202300016093.0;4;11;11069;2;1;1.0;6.0;43,21036000;2,35231900;
202300016094.0;1;91;91434;1;1;8.0;4.0;48,66828000;2,35455000;
202300016095.0;1;25;25056;2;9;1.0;2.0;47,24460000;5,99735000;
202300016096.0;3;94;94073;1;1;2.0;4.0;48,76884600;2,37919993;
202300016097.0;1;11;11069;1;1;1.0;1.0;43,20447000;2,38303000;
202300016098.0;1;18;18033;1;1;1.0;1.0;47,04582000;2,42088000;
202300016099.0;1;37;37173;1;2;1.0;3.0;47,16855455;1,28117323;
202300016100.0;1;94;94046;1;1;1.0;3.0;48,80856288;2,44905786;
202300016101.0;1;73;73304;1;1;1.0;1.0;45,44336800;7,01906500;
202300016102.0;1;13;13056;1;1;1.0;1.0;43,42342000;5,04322000;
202300016103.0;5;75;75118;2;1;1.0;3.0;48,90104700;2,34400000;
202300016104.0;1;2A;2A004;2;1;1.0;6.0;41,91649000;8,73155000;
202300016105.0;1;971;97119;1;1;1.0;6.0;16,37557800; -61,47211600;
202300016106.0;1;13;13056;2;1;1.0;3.0;43,40426000;5,04389000;
202300016107.0;1;47;47001;2;1;1.0;6.0;44,19022000;0,63015000;
202300016108.0;1;75;75120;2;1;1.0;7.0;48,85265800;2,41474800;
202300016109.0;1;33;33214;1;3;1.0;3.0;44,97610000; -1,04673700;
202300016110.0;1;75;75115;2;1;1.0;6.0;48,83207200;2,28833900;
202300016111.0;1;13;13214;2;1;1.0;6.0;43,34035000;5,40665000;
202300016112.0;4;75;75120;2;1;2.0;2.0;48,87638200;2,40942100;
202300016113.0;1;976;97611;2;1;1.0;2.0; -12,78491000;45,22876000;
202300016114.0;1;41;41220;2;2;1.0;3.0;47,70950900;1,60616000;
202300016115.0;1;11;11262;1;1;1.0;5.0;43,18051000;2,95934000;
202300016116.0;1;37;37003;2;1;1.0;6.0;47,41934900;0,98175000;
202300016117.0;5;75;75116;2;1;2.0;2.0;48,86281900;2,26497500;
202300016118.0;5;974;97416;1;1;1.0;2.0; -21,32558000;55,48593000;
202300016119.0;5;06;06088;2;1;1.0;6.0;43,69433000;7,28281000;
202300016120.0;1;2A;2A247;1;3;1.0;3.0;41,63990200;9,29473400;
202300016121.0;1;75;75116;2;1;1.0;2.0;48,84406100;2,25491100;
202300016122.0;5;69;69387;2;2;1.0;1.0;45,75595000;4,84089000;
202300016123.0;1;02;02722;2;1;1.0;6.0;49,37611000;3,30731000;
202300016124.0;1;02;02722;2;1;1.0;6.0;49,37966000;3,30906000;
202300016125.0;1;75;75118;2;1;1.0;3.0;48,90084700;2,33443700;
202300016126.0;1;69;69388;2;1;1.0;3.0;45,73348000;4,87861000;
202300016127.0;1;30;30258;2;2;1.0;5.0;43,67331600;4,42160000;
202300016128.0;1;83;83127;2;1;1.0;6.0;43,29045900;5,86780400;
202300016129.0;1;02;02408;2;6;1.0;6.0;49,56946000;3,60836000;
202300016130.0;1;69;69149;2;2;1.0;3.0;45,71003047;4,79967407;
202300016131.0;5;75;75106;2;2;1.0;6.0;48,84551300;2,31913900;
202300016132.0;1;75;75117;2;1;1.0;2.0;48,88261200;2,28349700;
202300016133.0;1;75;75119;2;1;1.0;6.0;48,88905100;2,37460100;
202300016134.0;1;971;97101;1;1;1.0;2.0;16,25232000; -61,52526000;
202300016135.0;1;83;83001;1;1;1.0;5.0;43,55640200;6,79680100;
202300016136.0;1;06;06091;1;1;1.0;7.0;43,81864400;7,37859600;
202300016137.0;1;75;75105;2;2;1.0;6.0;48,84713400;2,35123100;
202300016138.0;1;91;91514;2;6;1.0;3.0;48,68314000;2,53809000;
202300016139.0;1;75;75119;2;1;1.0;5.0;48,89027000;2,39803900;
202300016140.0;1;75;75118;2;1;1.0;2.0;48,89267700;2,35979000;
202300016141.0;1;13;13086;2;3;1.0;3.0;43,35107700;5,60423400;
202300016142.0;1;13;13022;2;1;1.0;6.0;43,22050800;5,54046700;
202300016143.0;1;75;75112;2;2;1.0;1.0;48,84482900;2,38295100;
202300016144.0;1;87;87048;1;3;1.0;5.0;45,79549000;1,26320000;
202300016145.0;5;75;75118;2;3;1.0;3.0;48,88834700;2,34958900;
202300016146.0;1;89;89337;1;1;1.0;1.0;47,73950400;3,65783600;
202300016147.0;5;94;94046;2;1;2.0;6.0;48,80079000;2,43116000;
202300016148.0;5;87;87085;2;1;1.0;7.0;45,80258000;1,28002000;
202300016149.0;1;75;75116;2;2;1.0;3.0;48,87253000;2,26442800;
202300016150.0;1;54;54343;1;2;7.0;3.0;48,84988050;5,80421984;
202300016151.0;5;94;94022;2;9;1.0;3.0;48,76353600;2,40625600;
202300016152.0;1;87;87085;2;6;1.0;2.0;45,80395000;1,29174000;
202300016153.0;1;03;03139;1;1;1.0;7.0;45,99925700;3,82815600;
202300016154.0;1;75;75115;2;2;1.0;3.0;48,84377800;2,28634800;
202300016155.0;1;86;86158;2;1;1.0;2.0;46,61166500;0,31386100;
202300016156.0;1;63;63226;1;1;1.0;1.0;45,75866429;3,23408770;
202300016157.0;1;75;75114;2;3;1.0;6.0;48,83208400;2,31047500;
202300016158.0;1;78;78498;1;1;1.0;3.0;48,91718000;2,01260000;
202300016159.0;5;94;94079;2;2;2.0;3.0;48,83491000;2,54726000;
202300016160.0;1;73;73290;1;1;1.0;7.0;45,21502703;6,95503601;
202300016161.0;1;75;75114;2;3;1.0;6.0;48,84147100;2,32975500;
202300016162.0;1;09;09241;1;1;1.0;7.0;42,84803700;1,54265700;
202300016163.0;3;76;76486;1;1;1.0;6.0;49,31499087;0,98608625;
202300016164.0;5;94;94018;2;1;1.0;2.0;48,82799000;2,40351000;
202300016165.0;1;75;75113;2;1;1.0;6.0;48,84015300;2,37034900;
202300016166.0;1;17;17119;1;2;1.0;7.0;45,63427800; -0,87613300;
202300016167.0;1;93;93071;2;9;7.0;6.0;48,93308600;2,51173200;
202300016168.0;1;75;75112;2;1;1.0;3.0;48,84539841;2,36680269;
202300016169.0;1;85;85208;1;1;1.0;3.0;46,81225500; -1,36612100;
202300016170.0;1;75;75112;2;1;1.0;2.0;48,84733000;2,37026100;
202300016171.0;5;93;93066;2;1;2.0;2.0;48,93267472;2,37488810;
202300016172.0;1;76;76351;2;5;1.0;7.0;49,49644167;0,11013454;
202300016173.0;1;75;75110;2;3;1.0;6.0;48,87763100;2,35155500;
202300016174.0;1;22;22067;2;3;1.0;5.0;48,55008900; -3,17096700;
202300016175.0;5;93;93066;2;2;1.0;3.0;48,92101000;2,36158000;
202300016176.0;1;75;75109;2;3;1.0;6.0;48,87421400;2,32976900;
202300016177.0;2;80;80204;1;1;1.0;1.0;50,00983500;2,86638900;
202300016178.0;1;76;76351;2;3;1.0;3.0;49,49167000;0,14635000;
202300016179.0;1;72;72181;2;9;1.0;6.0;47,99666000;0,23461000;
202300016180.0;5;93;93055;2;3;2.0;2.0;48,89084200;2,40088200;
202300016181.0;1;13;13117;1;1;1.0;2.0;43,44991000;5,23968000;
202300016182.0;2;75;75102;2;3;1.0;3.0;48,86858300;2,34971900;
202300016183.0;1;67;67482;2;1;1.0;7.0;48,60882000;7,78240000;
202300016184.0;1;13;13071;1;1;1.0;2.0;43,40491000;5,31886000;
202300016185.0;1;93;93032;2;3;1.0;6.0;48,87239012;2,55379787;
202300016186.0;1;75;75104;2;3;1.0;3.0;48,85395500;2,36476500;
202300016187.0;1;13;13071;1;1;1.0;2.0;43,40557000;5,32134000;
202300016188.0;1;67;67267;2;1;1.0;5.0;48,55747000;7,68294000;
202300016189.0;1;75;75101;2;2;1.0;6.0;48,86389200;2,34237900;
202300016190.0;3;67;67482;1;9;1.0;6.0;48,58693000;7,72743000;
202300016191.0;1;67;67482;1;1;1.0;2.0;48,51040000;7,77237000;
202300016192.0;1;94;94074;2;1;2.0;6.0;48,74804314;2,46622980;
202300016193.0;1;33;33063;1;1;1.0;2.0;44,88691113; -0,56942225;
202300016194.0;1;67;67482;2;1;1.0;3.0;48,54487000;7,76916000;
202300016195.0;1;94;94058;2;1;1.0;;48,85099548;2,49728204;
202300016196.0;5;92;92046;2;2;9.0;3.0;48,81723929;2,29470205;
202300016197.0;1;94;94034;1;1;1.0;4.0;48,75813230;2,32682889;
202300016198.0;1;64;64483;2;2;1.0;3.0;43,38300000; -1,65900000;
202300016199.0;1;91;91174;1;1;1.0;3.0;48,62384000;2,46862000;
202300016200.0;1;94;94011;2;2;1.0;3.0;48,78244318;2,49508899;
202300016201.0;1;92;92051;2;1;1.0;3.0;48,88975386;2,27633339;
202300016202.0;1;64;64125;1;1;1.0;1.0;43,44413000; -1,57558000;
202300016203.0;1;94;94079;2;6;1.0;3.0;48,82446632;2,54415706;
202300016204.0;1;94;94038;1;1;1.0;5.0;48,77319669;2,34566363;
202300016205.0;1;92;92004;2;2;1.0;3.0;48,91092215;2,29184908;
202300016206.0;1;59;59431;1;3;1.0;3.0;50,67906100;2,83696100;
202300016207.0;1;94;94017;2;3;1.0;3.0;48,81302000;2,48953000;
202300016208.0;1;94;94034;1;1;1.0;2.0;48,75938138;2,32309048;
202300016209.0;1;17;17389;1;1;1.0;7.0;45,84441400; -0,86910000;
202300016210.0;1;54;54575;2;1;1.0;6.0;49,47356000;5,83049000;
202300016211.0;1;91;91645;1;1;1.0;2.0;48,75971230;2,26475667;
202300016212.0;1;93;93066;2;3;1.0;3.0;48,93129000;2,36400000;
202300016213.0;1;35;35085;2;3;1.0;3.0;48,41338000; -1,74241100;
202300016214.0;1;51;51454;2;1;1.0;2.0;49,23585000;4,02575000;
202300016215.0;1;93;93053;2;3;1.0;3.0;48,88823597;2,45997782;
202300016216.0;1;51;51454;2;4;1.0;6.0;49,25450000;4,03527000;
202300016217.0;1;92;92072;1;1;1.0;5.0;48,81757294;2,21630638;
202300016218.0;5;93;93053;2;1;1.0;6.0;48,89970431;2,44864911;
202300016219.0;1;42;42071;2;1;1.0;6.0;46,02220000;4,08420000;
202300016220.0;1;95;95277;1;1;1.0;2.0;48,98129000;2,49859000;
202300016221.0;1;37;37261;2;3;1.0;3.0;47,38863000;0,68461000;
202300016222.0;1;93;93050;2;3;1.0;3.0;48,86487000;2,55528000;
202300016223.0;1;93;93008;1;1;1.0;3.0;48,90620241;2,45990700;
202300016224.0;1;34;34301;2;1;1.0;3.0;43,40992000;3,68837000;
202300016225.0;1;35;35238;2;2;1.0;3.0;48,08840597; -1,66758567;
202300016226.0;1;93;93049;2;2;1.0;3.0;48,87363434;2,50884494;
202300016227.0;3;93;93007;1;9;3.0;2.0;48,92328565;2,48075920;
202300016228.0;1;34;34301;2;1;1.0;6.0;43,41069000;3,68673000;
202300016229.0;1;35;35238;1;1;1.0;3.0;48,08058000; -1,67918000;
202300016230.0;3;03;03286;1;1;2.0;1.0;46,51788600;3,43588800;
202300016231.0;1;93;93066;1;9;1.0;5.0;48,91936344;2,35754643;
202300016232.0;1;93;93032;2;5;1.0;5.0;48,87449125;2,55195788;
202300016233.0;5;34;34172;2;1;1.0;6.0;43,61330000;3,84183000;
202300016234.0;1;33;33063;2;1;1.0;6.0;44,85575000; -0,57942000;
202300016235.0;1;56;56122;1;1;8.0;7.0;47,98619300; -2,39142500;
202300016236.0;1;94;94028;1;1;1.0;3.0;48,78495580;2,44038353;
202300016237.0;1;93;93008;2;1;1.0;6.0;48,90522539;2,44190779;
202300016238.0;1;34;34172;2;1;1.0;6.0;43,60563000;3,82980000;
202300016239.0;2;71;71132;1;1;1.0;6.0;46,61556200;4,27401400;
202300016240.0;1;33;33063;2;3;1.0;3.0;44,82050500; -0,57345700;
202300016241.0;1;93;93051;1;1;1.0;3.0;48,83550949;2,56930730;
202300016242.0;1;93;93007;2;1;1.0;6.0;48,94179000;2,44968000;
202300016243.0;1;29;29019;2;9;1.0;7.0;48,37798000; -4,54553000;
202300016244.0;3;89;89460;1;1;1.0;6.0;48,34290000;3,04970000;
202300016245.0;3;94;94069;1;1;1.0;2.0;48,81713893;2,44226193;
202300016246.0;1;33;33200;2;6;1.0;2.0;44,85871000; -0,67293000;
202300016247.0;1;92;92064;2;1;1.0;7.0;48,84239600;2,21887400;
202300016248.0;1;27;27375;2;1;1.0;3.0;49,22573000;1,16807000;
202300016249.0;1;95;95063;2;1;1.0;6.0;48,92717000;2,22795000;
202300016250.0;3;63;63233;2;1;2.0;1.0;46,17800300;2,80941600;
202300016251.0;1;33;33522;2;1;1.0;6.0;44,80184000; -0,59798000;
202300016252.0;1;92;92051;2;3;7.0;3.0;48,87484000;2,25231000;
202300016253.0;1;61;61443;1;1;1.0;6.0;48,74091700; -0,63010200;
202300016254.0;1;25;25462;2;3;1.0;2.0;46,90497000;6,35496000;
202300016255.0;1;976;97611;2;1;1.0;3.0; -12,77895000;45,22656000;
202300016256.0;5;33;33529;2;1;1.0;2.0;44,63744000; -1,12524000;
202300016257.0;1;92;92050;1;1;1.0;2.0;48,89974136;2,21995939;
202300016258.0;5;974;97411;2;1;1.0;6.0; -20,89010201;55,46469748;
202300016259.0;1;55;55008;1;1;2.0;1.0;49,23987700;5,66505600;
202300016260.0;1;25;25056;2;2;1.0;6.0;47,26201100;6,04048300;
202300016261.0;1;974;97411;1;9;1.0;6.0; -20,88541000;55,47363000;
202300016262.0;1;33;33529;2;3;1.0;3.0;44,63086000; -1,14523000;
202300016263.0;1;92;92050;2;1;1.0;2.0;48,89398000;2,18170000;
202300016264.0;1;12;12171;1;1;1.0;3.0;44,53335700;2,40955700;
202300016265.0;1;17;17415;1;1;1.0;2.0;45,73332000; -0,61226000;
202300016266.0;1;31;31555;2;1;9.0;6.0;43,56572968;1,39942378;
202300016267.0;3;973;97302;2;1;2.0;1.0;4,93077014; -52,31644392;
202300016268.0;3;46;46320;2;1;1.0;6.0;44,47225600;1,68399800;
202300016269.0;1;92;92040;2;1;1.0;3.0;48,82341461;2,27091640;
202300016270.0;1;973;97302;2;1;1.0;6.0;4,93133132; -52,31314480;
202300016271.0;3;13;13103;1;1;1.0;2.0;43,64000000;4,96000000;
202300016272.0;3;47;47052;1;1;1.0;1.0;44,29867944;0,09824964;
202300016273.0;1;973;97302;2;1;1.0;6.0;4,93038000; -52,30481000;
202300016274.0;1;92;92040;2;2;1.0;1.0;48,81736431;2,27372042;
202300016275.0;1;13;13214;2;3;1.0;3.0;43,34364000;5,38533000;
202300016276.0;1;973;97302;2;1;1.0;2.0;4,93938000; -52,30093000;
202300016277.0;5;34;34284;2;1;1.0;1.0;43,48688300;2,77298800;
202300016278.0;1;92;92036;2;1;1.0;6.0;48,93336900;2,30062500;
202300016279.0;1;27;27684;2;1;1.0;2.0;49,01603300;1,18690200;
202300016280.0;3;973;97309;2;1;2.0;7.0;4,91356000; -52,30845000;
202300016281.0;1;44;44036;1;1;1.0;6.0;47,71301400; -1,39934100;
202300016282.0;1;13;13004;1;1;1.0;3.0;43,71932000;4,64668000;
202300016283.0;1;92;92026;2;9;1.0;3.0;48,90442187;2,27874738;
202300016284.0;3;29;29150;1;1;3.0;6.0;47,80178475; -3,61345663;
202300016285.0;1;69;69388;2;2;1.0;3.0;45,73331000;4,87917000;
202300016286.0;1;11;11069;2;1;1.0;2.0;43,21000000;2,36450000;
202300016287.0;1;92;92025;2;2;1.0;6.0;48,91812400;2,23078400;
202300016288.0;5;69;69386;2;1;1.0;7.0;45,76798628;4,85236217;
202300016289.0;1;26;26167;2;1;1.0;6.0;44,61494800;5,45446200;
202300016290.0;1;75;75119;2;1;1.0;2.0;48,90049500;2,37384600;
202300016291.0;1;26;26198;2;6;1.0;3.0;44,54594000;4,75567000;
202300016292.0;1;972;97209;1;1;1.0;7.0;14,61446000; -61,05033000;
202300016293.0;1;92;92023;2;1;7.0;6.0;48,78456000;2,24955000;
202300016294.0;1;06;06112;2;1;1.0;6.0;43,67289400;7,00484600;
202300016295.0;1;92;92019;2;1;1.0;7.0;48,76215142;2,28573024;
202300016296.0;1;75;75120;2;3;1.0;2.0;48,86242200;2,40917800;
202300016297.0;1;2B;2B353;1;1;1.0;3.0;42,71440000;9,45478000;
202300016298.0;1;26;26198;2;4;1.0;2.0;44,54511000;4,74894000;
202300016299.0;1;14;14614;1;1;3.0;6.0;49,23039200; -0,96162600;
202300016300.0;1;75;75117;2;1;1.0;3.0;48,89210000;2,32711400;
202300016301.0;1;92;92071;2;9;1.0;2.0;48,77883000;2,28746000;
202300016302.0;1;971;97101;1;1;1.0;1.0;16,25239714; -61,48979187;
202300016303.0;2;17;17300;2;1;1.0;7.0;46,15199000; -1,12275000;
202300016304.0;1;40;40164;1;1;1.0;7.0;44,11012200; -0,27284500;
202300016305.0;1;971;97120;2;9;1.0;6.0;16,25084000; -61,54716000;
202300016306.0;1;92;92036;2;1;1.0;6.0;48,91550204;2,30258390;
202300016307.0;5;13;13210;2;1;1.0;6.0;43,28355622;5,44292157;
202300016308.0;5;75;75117;2;2;1.0;3.0;48,89891600;2,32236100;
202300016309.0;1;04;04088;1;1;1.0;7.0;43,96582400;5,80666100;
202300016310.0;1;39;39461;1;1;1.0;6.0;46,76922100;6,05957000;
202300016311.0;5;971;97107;2;3;1.0;6.0;16,04010000; -61,56640000;
202300016312.0;1;75;75115;2;2;1.0;3.0;48,84299000;2,31280700;
202300016313.0;1;13;13207;2;3;1.0;6.0;43,29086000;5,35911000;
202300016314.0;3;85;85008;1;1;2.0;2.0;46,62346100; -1,44242800;
202300016315.0;5;95;95268;2;9;1.0;3.0;48,96078000;2,40118000;
202300016316.0;1;75;75114;2;2;1.0;6.0;48,83095100;2,31229500;
202300016317.0;1;12;12202;2;4;1.0;6.0;44,34782000;2,56799000;
202300016318.0;2;95;95680;2;1;3.0;6.0;49,00624000;2,40081000;
202300016319.0;1;75;75108;2;2;1.0;6.0;48,86753100;2,29941100;
202300016320.0;5;52;52455;2;1;2.0;6.0;48,20100000;5,57843000;
202300016321.0;1;51;51141;2;2;7.0;3.0;48,83428800;4,51865200;
202300016322.0;1;11;11069;2;1;2.0;7.0;43,21020000;2,35243000;
202300016323.0;3;01;01378;1;1;1.0;7.0;45,82616800;5,14988400;
202300016324.0;5;08;08185;2;1;1.0;6.0;49,98078700;4,68936300;
202300016325.0;1;95;95427;2;3;1.0;3.0;48,97613976;2,34781265;
202300016326.0;1;75;75104;2;3;1.0;2.0;48,85244700;2,35485100;
202300016327.0;4;84;84088;1;6;1.0;1.0;44,00073300;5,01195400;
202300016328.0;1;10;10333;2;1;2.0;2.0;48,27826165;4,06604648;
202300016329.0;1;94;94041;2;1;1.0;6.0;48,81425000;2,40781000;
202300016330.0;1;05;05027;1;1;1.0;7.0;44,82623000;6,72839600;
202300016331.0;3;49;49228;1;3;1.0;3.0;47,50586300;0,11063000;
202300016332.0;1;85;85194;2;6;1.0;3.0;46,49541000; -1,75200500;
202300016333.0;1;10;10387;2;1;3.0;6.0;48,28231000;4,07942000;
202300016334.0;1;94;94073;1;1;1.0;1.0;48,75614400;2,37355900;
202300016335.0;1;972;97222;2;1;1.0;3.0;14,66961300; -60,94328000;
202300016336.0;1;76;76489;1;1;2.0;6.0;49,47414800;0,26946500;
202300016337.0;1;78;78643;1;6;1.0;5.0;48,95887000;1,98028000;
202300016338.0;1;94;94065;2;1;1.0;4.0;48,75582700;2,34629700;
202300016339.0;1;10;10387;2;6;2.0;3.0;48,28842000;4,08083000;
202300016340.0;1;34;34113;1;1;1.0;3.0;43,50564000;3,73590900;
202300016341.0;1;01;01322;1;4;1.0;3.0;45,93936100;4,80098000;
202300016342.0;2;94;94022;2;1;1.0;1.0;48,75666290;2,41410103;
202300016343.0;1;77;77284;2;1;1.0;6.0;48,95713900;2,89871800;
202300016344.0;5;75;75113;2;1;1.0;3.0;48,81906600;2,37190100;
202300016345.0;1;01;01143;2;6;1.0;3.0;46,34850500;6,13701800;
202300016346.0;1;77;77284;2;1;1.0;2.0;48,95864000;2,88004000;
202300016347.0;1;93;93066;2;1;1.0;5.0;48,94850831;2,35760915;
202300016348.0;1;971;97103;2;1;1.0;3.0;16,24036900; -61,58743800;
202300016349.0;3;76;76305;1;1;3.0;7.0;49,51215000;0,22191000;
202300016350.0;1;93;93055;2;1;1.0;3.0;48,88929600;2,40340700;
202300016351.0;1;75;75118;2;2;1.0;3.0;48,89133300;2,32688900;
202300016352.0;1;67;67485;1;4;1.0;1.0;48,63478100;7,62433700;
202300016353.0;2;95;95604;1;1;3.0;1.0;49,10482300;2,53183400;
202300016354.0;1;68;68224;2;1;1.0;7.0;47,76342134;7,32502699;
202300016355.0;1;67;67293;1;1;1.0;3.0;48,77138300;7,62604100;
202300016356.0;1;93;93055;2;2;1.0;2.0;48,89326820;2,40964879;
202300016357.0;1;68;68066;2;9;1.0;6.0;48,08716200;7,32650100;
202300016358.0;3;75;75106;2;3;1.0;1.0;48,85785869;2,33623624;
202300016359.0;1;60;60138;1;1;1.0;2.0;49,22059268;2,63725519;
202300016360.0;3;93;93008;2;1;1.0;7.0;48,89859000;2,43586000;
202300016361.0;1;01;01354;2;6;1.0;3.0;46,24030700;6,03375800;
202300016362.0;1;67;67482;2;8;1.0;3.0;48,56555000;7,71772000;
202300016363.0;1;75;75114;2;1;1.0;7.0;48,82576800;2,31440900;
202300016364.0;1;93;93045;2;5;1.0;6.0;48,87897927;2,41300524;
202300016365.0;1;77;77069;1;9;1.0;3.0;48,45753500;2,58832900;
202300016366.0;1;06;06140;2;1;1.0;3.0;43,63788000;6,83861900;
202300016367.0;1;67;67462;2;1;1.0;6.0;48,26287000;7,45914000;
202300016368.0;1;75;75113;2;4;1.0;3.0;48,83885283;2,36099303;
202300016369.0;3;59;59307;1;1;1.0;6.0;50,87077800;2,19897500;
202300016370.0;1;988;98819;1;1;1.0;7.0; -20,39216100;164,41383360;
202300016371.0;1;63;63113;2;2;2.0;6.0;45,78072000;3,07657000;
202300016372.0;5;93;93010;2;1;1.0;6.0;48,90478941;2,47035108;
202300016373.0;1;85;85017;1;1;1.0;1.0;46,89202100; -1,12558400;
202300016374.0;1;75;75112;2;1;1.0;2.0;48,84291000;2,42327500;
202300016375.0;3;986;98613;2;1;2.0;7.0; -13,33956800; -176,19375200;
202300016376.0;1;93;93001;2;1;1.0;3.0;48,91451171;2,38959195;
202300016377.0;1;34;34036;1;9;1.0;6.0;43,67807600;3,40752100;
202300016378.0;1;63;63113;2;6;1.0;2.0;45,77354000;3,07539000;