Num_Acc;lum;departement;commune;agglomeration;intersection;meteo;type_collision;lat;long;date
202300016379.0;1;83;83035;1;1;1.0;2.0;43,26020600;5,75681400;
202300016380.0;2;75;75110;2;2;1.0;3.0;48,87463700;2,35739100;
202300016381.0;1;92;92049;2;3;1.0;3.0;48,81983000;2,31082000;
202300016382.0;1;59;59512;2;1;1.0;3.0;50,69000000;3,16000000;
202300016383.0;1;57;57334;2;1;1.0;3.0;48,67394500;7,17603700;
202300016384.0;1;92;92022;2;1;1.0;1.0;48,80530833;2,18314201;
202300016385.0;2;75;75110;2;2;1.0;6.0;48,88061800;2,36202800;
202300016386.0;5;56;56121;2;9;1.0;3.0;47,75413000; -3,37115000;
202300016387.0;1;51;51350;1;1;1.0;1.0;48,92304600;3,66791000;
202300016388.0;1;49;49007;1;1;2.0;6.0;47,50300000; -0,56700000;
202300016389.0;1;92;92072;2;1;1.0;2.0;48,82691000;2,22132000;
202300016390.0;1;75;75108;2;2;1.0;3.0;48,87503700;2,30919800;
202300016391.0;1;56;56116;1;3;1.0;3.0;47,57846500; -2,95723200;
202300016392.0;5;73;73181;1;1;8.0;1.0;45,48123500;6,52783200;
202300016393.0;3;50;50066;1;1;1.0;1.0;48,74591300; -1,55947800;
202300016394.0;1;75;75107;2;1;1.0;6.0;48,85561700;2,30333600;
202300016395.0;1;76;76540;2;1;1.0;3.0;49,44359600;1,07678900;
202300016396.0;1;45;45302;2;1;1.0;4.0;47,95121000;1,86205000;
202300016397.0;1;95;95313;2;1;1.0;6.0;49,11292000;2,21627500;
202300016398.0;3;73;73227;1;1;2.0;7.0;45,43314600;6,57835000;
202300016399.0;1;79;79196;1;1;1.0;7.0;46,89350800; -0,04798000;
202300016400.0;1;94;94078;2;9;1.0;3.0;48,75404800;2,44915700;
202300016401.0;1;95;95487;2;1;2.0;7.0;49,15300800;2,25677300;
202300016402.0;1;44;44162;2;1;1.0;6.0;47,24376000; -1,60643000;
202300016403.0;1;2A;2A092;2;1;1.0;6.0;41,74735400;9,40292400;
202300016404.0;1;94;94068;2;9;1.0;6.0;48,80242941;2,49262270;
202300016405.0;4;01;01297;2;1;2.0;1.0;45,88604600;5,08871400;
202300016406.0;2;40;40304;2;9;1.0;3.0;43,65664900; -1,44187000;
202300016407.0;1;65;65095;1;1;1.0;7.0;43,24485900;0,36350400;
202300016408.0;5;94;94068;2;2;1.0;2.0;48,80261455;2,51158029;
202300016409.0;4;79;79088;1;1;1.0;2.0;46,78651500; -0,33966400;
202300016410.0;1;23;23068;1;1;1.0;1.0;46,11209900;2,06457100;
202300016411.0;2;81;81288;1;1;1.0;1.0;43,45331200;2,02503600;
202300016412.0;3;35;35193;1;1;9.0;7.0;48,22899200; -1,72897900;
202300016413.0;1;94;94068;2;3;1.0;3.0;48,79186000;2,49802000;
202300016414.0;2;17;17121;1;1;1.0;1.0;46,20027000; -1,40397500;
202300016415.0;1;57;57179;1;1;1.0;7.0;49,34082500;6,26855900;
202300016416.0;1;11;11293;1;1;1.0;5.0;43,10978700;2,26573200;
202300016417.0;1;41;41018;2;2;1.0;1.0;47,59090000;1,30680000;
202300016418.0;1;49;49023;2;1;1.0;2.0;47,19940100; -0,99482600;
202300016419.0;1;51;51245;1;1;1.0;7.0;49,22255500;3,78380800;
202300016420.0;1;94;94046;2;1;1.0;3.0;48,80463200;2,43825400;
202300016421.0;1;71;71187;1;1;1.0;2.0;46,74896000;4,50769000;
202300016422.0;1;56;56066;2;2;7.0;6.0;48,14117300; -3,60823600;
202300016423.0;1;41;41018;2;3;8.0;3.0;47,59721000;1,30444000;
202300016424.0;1;56;56165;1;1;1.0;1.0;47,90412400; -2,37720900;
202300016425.0;5;94;94003;2;2;1.0;3.0;48,81012000;2,34067000;
202300016426.0;1;35;35238;2;1;1.0;6.0;48,09078000; -1,67627000;
202300016427.0;1;61;61116;1;1;7.0;3.0;48,36159500;0,87338000;
202300016428.0;3;13;13005;1;1;1.0;2.0;43,27900000;5,58553000;
202300016429.0;1;34;34003;1;1;1.0;6.0;43,31000000;3,48548000;
202300016430.0;1;94;94073;2;3;1.0;6.0;48,75516000;2,40494000;
202300016431.0;1;61;61230;1;1;1.0;7.0;48,57523000;0,86434700;
202300016432.0;1;13;13106;1;1;1.0;7.0;43,39418000;5,35149000;
202300016433.0;1;34;34142;1;1;1.0;7.0;43,73185600;3,29282500;
202300016434.0;1;33;33063;2;2;1.0;3.0;44,85598035; -0,58862820;
202300016435.0;5;94;94028;2;1;2.0;6.0;48,76955419;2,46453930;
202300016436.0;1;65;65388;2;3;1.0;6.0;42,81650400;0,32028800;
202300016437.0;1;34;34317;1;1;1.0;3.0;43,79371200;3,48931800;
202300016438.0;1;94;94028;2;1;1.0;6.0;48,78878300;2,46161300;
202300016439.0;3;33;33063;2;1;1.0;1.0;44,86488000; -0,54941000;
202300016440.0;2;13;13071;1;1;1.0;2.0;43,39400000;5,28100000;
202300016441.0;1;68;68338;1;1;1.0;6.0;48,08420000;7,27025600;
202300016442.0;1;65;65050;2;1;1.0;1.0;42,84248300;0,40765600;
202300016443.0;1;33;33119;2;1;1.0;6.0;44,85074882; -0,50875336;
202300016444.0;3;13;13211;1;1;1.0;7.0;43,28832000;5,49876000;
202300016445.0;1;94;94017;2;2;1.0;3.0;48,82161887;2,48967576;
202300016446.0;1;65;65460;1;1;1.0;2.0;43,38616400;0,08123900;
202300016447.0;1;68;68237;1;1;7.0;2.0;48,09814900;7,25568100;
202300016448.0;1;95;95527;2;1;1.0;1.0;49,01147399;2,52127111;
202300016449.0;4;11;11262;1;1;1.0;1.0;43,20903100;3,01256100;
202300016450.0;1;69;69385;1;1;1.0;2.0;45,75138206;4,82144145;
202300016451.0;1;39;39436;1;1;1.0;7.0;46,86234000;5,89968500;
202300016452.0;1;55;55286;1;1;1.0;7.0;49,07217900;5,28626900;
202300016453.0;1;93;93064;2;9;1.0;6.0;48,88365329;2,47945803;
202300016454.0;1;25;25228;2;1;1.0;6.0;47,50653100;6,85841600;
202300016455.0;3;69;69297;1;1;1.0;3.0;45,61028200;4,80596600;
202300016456.0;1;55;55348;2;9;1.0;3.0;48,53304700;5,26847500;
202300016457.0;1;91;91103;1;1;1.0;6.0;48,62379000;2,29785000;
202300016458.0;2;25;25488;1;1;5.0;1.0;47,00980500;5,85185600;
202300016459.0;1;93;93053;2;3;1.0;2.0;48,88709000;2,47049000;
202300016460.0;1;12;12185;1;1;1.0;6.0;44,29354021;2,68620282;
202300016461.0;3;91;91617;1;1;1.0;2.0;48,63552000;2,53538000;
202300016462.0;1;47;47049;1;1;1.0;7.0;44,46690335;0,58555276;
202300016463.0;1;44;44100;2;1;1.0;1.0;47,11247700; -1,36219700;
202300016464.0;1;93;93051;2;2;1.0;6.0;48,84784000;2,55280000;
202300016465.0;1;39;39170;1;1;1.0;1.0;46,67443300;5,48512900;
202300016466.0;1;44;44106;2;1;1.0;1.0;47,06590980; -1,98564420;
202300016467.0;5;93;93050;2;3;1.0;6.0;48,86554000;2,53683000;
202300016468.0;2;78;78238;1;1;1.0;2.0;48,97051700;1,87801000;
202300016469.0;1;44;44182;2;1;1.0;6.0;47,16350900; -2,15690900;
202300016470.0;1;35;35142;2;1;1.0;6.0;48,41558700; -1,15162000;
202300016471.0;1;29;29113;2;1;1.0;6.0;48,64730700; -3,71554100;
202300016472.0;1;29;29076;1;1;5.0;1.0;48,44547157; -4,56017333;
202300016473.0;1;93;93029;2;1;1.0;2.0;48,92888600;2,43970000;
202300016474.0;1;92;92064;1;1;1.0;2.0;48,83850309;2,19236004;
202300016475.0;5;92;92046;2;9;1.0;6.0;48,82477444;2,30184898;
202300016476.0;1;38;38150;1;1;1.0;1.0;45,19865300;5,84773100;
202300016477.0;5;31;31334;1;1;1.0;1.0;43,38783800;1,28451000;
202300016478.0;3;92;92064;1;1;1.0;2.0;48,83921391;2,21834502;
202300016479.0;1;03;03312;1;1;1.0;6.0;46,50781900;2,84547100;
202300016480.0;1;02;02319;1;1;1.0;7.0;49,90092000;3,39061300;
202300016481.0;5;92;92020;2;2;1.0;6.0;48,80390104;2,28865251;
202300016482.0;3;92;92036;1;1;1.0;6.0;48,93513695;2,30171031;
202300016483.0;1;26;26198;1;1;1.0;2.0;44,57345700;4,78846700;
202300016484.0;5;92;92072;1;1;1.0;6.0;48,82775845;2,22479876;
202300016485.0;1;93;93064;1;1;1.0;6.0;48,86937000;2,48244000;
202300016486.0;1;92;92020;2;2;1.0;3.0;48,80100000;2,29374000;
202300016487.0;1;26;26108;2;1;1.0;6.0;44,72858500;5,01882400;
202300016488.0;1;95;95572;1;1;1.0;6.0;49,03386578;2,11132765;
202300016489.0;1;15;15119;1;1;1.0;6.0;45,23139700;3,19708600;
202300016490.0;1;26;26144;1;1;1.0;1.0;44,72822200;4,92493800;
202300016491.0;1;92;92020;2;4;1.0;7.0;48,79675638;2,28807047;
202300016492.0;1;95;95212;1;1;1.0;6.0;49,02856189;2,52593279;
202300016493.0;2;26;26093;1;1;1.0;6.0;44,38048800;4,79722700;
202300016494.0;1;95;95527;1;1;1.0;6.0;48,98692009;2,50492573;
202300016495.0;1;60;60167;2;2;1.0;3.0;49,39904900;3,03158300;
202300016496.0;3;93;93027;1;1;2.0;2.0;48,93450000;2,39654000;
202300016497.0;3;58;58003;2;1;1.0;1.0;47,19532600;4,17437600;
202300016498.0;1;60;60577;1;3;1.0;4.0;49,43427242;1,74996368;
202300016499.0;3;93;93053;1;1;8.0;6.0;48,88748000;2,47310000;
202300016500.0;1;06;06072;1;1;1.0;6.0;44,01689200;7,13107100;
202300016501.0;1;92;92036;2;3;1.0;3.0;48,92971000;2,30913000;
202300016502.0;3;93;93066;1;1;8.0;6.0;48,92426000;2,34198000;
202300016503.0;1;45;45166;1;1;1.0;1.0;48,01435800;1,80109300;
202300016504.0;3;14;14287;1;1;1.0;2.0;49,14073700; -0,24271800;
202300016505.0;1;92;92026;2;3;1.0;6.0;48,88879000;2,24782000;
202300016506.0;3;95;95252;1;1;1.0;6.0;48,98826000;2,20528000;
202300016507.0;3;18;18067;1;1;1.0;6.0;47,54054000;2,35757000;
202300016508.0;1;64;64154;1;1;1.0;7.0;43,17465300; -1,15109700;
202300016509.0;1;18;18197;2;1;1.0;7.0;46,71319300;2,50606300;
202300016510.0;1;36;36141;1;1;1.0;7.0;46,60112505;1,81929836;
202300016511.0;1;92;92007;2;6;1.0;3.0;48,79228789;2,31555372;
202300016512.0;3;93;93078;1;1;8.0;4.0;48,96380000;2,52113000;
202300016513.0;1;27;27295;1;2;1.0;3.0;49,04478800;0,53754700;
202300016514.0;1;16;16066;2;1;1.0;6.0;45,33837600; -0,04488900;
202300016515.0;1;92;92007;2;1;1.0;6.0;48,78952058;2,31298551;
202300016516.0;3;77;77294;1;1;1.0;2.0;48,96991748;2,59832365;
202300016517.0;1;77;77384;1;1;1.0;6.0;48,59353611;2,64101380;
202300016518.0;1;17;17008;1;1;1.0;4.0;46,28314000; -0,99464900;
202300016519.0;1;07;07261;1;1;1.0;6.0;44,82607900;4,77452700;
202300016520.0;1;84;84142;2;2;1.0;1.0;43,95691000;5,03058800;
202300016521.0;1;77;77237;1;1;1.0;7.0;48,83060000;2,75720000;
202300016522.0;1;30;30305;2;1;1.0;6.0;44,17099900;4,15657600;
202300016523.0;3;94;94044;1;1;8.0;6.0;48,75866642;2,46997279;
202300016524.0;1;04;04230;1;3;1.0;2.0;43,81341100;5,93090100;
202300016525.0;1;18;18257;1;1;1.0;3.0;47,49425500;2,86060800;
202300016526.0;1;52;52027;1;1;1.0;1.0;47,74057900;5,19166200;
202300016527.0;3;93;93051;1;1;1.0;3.0;48,83613158;2,54122138;
202300016528.0;1;85;85234;1;3;1.0;3.0;46,80375800; -2,02951350;
202300016529.0;1;08;08352;2;1;1.0;7.0;49,66358100;4,58191800;
202300016530.0;3;94;94033;1;1;2.0;6.0;48,85837971;2,48781332;
202300016531.0;1;49;49209;1;1;1.0;7.0;47,62251600; -0,19477100;
202300016532.0;1;74;74012;2;1;1.0;6.0;46,18397000;6,23727000;
202300016533.0;1;59;59260;1;1;1.0;1.0;51,03520100;2,50242600;
202300016534.0;1;33;33284;1;1;1.0;5.0;44,64769534; -0,83718985;
202300016535.0;1;62;62108;2;1;1.0;6.0;50,41647000;1,59471000;
202300016536.0;1;92;92025;2;1;3.0;6.0;48,92303128;2,25184071;
202300016537.0;1;83;83019;1;4;1.0;3.0;43,14985700;6,29141100;
202300016538.0;3;11;11145;1;1;1.0;5.0;43,24096431;3,14632152;
202300016539.0;1;30;30117;1;6;1.0;3.0;43,69419000;4,59807900;
202300016540.0;1;13;13005;1;1;1.0;1.0;43,28067000;5,58356000;
202300016541.0;1;77;77078;1;1;1.0;6.0;48,97191100;3,13843900;
202300016542.0;5;62;62099;2;1;8.0;6.0;50,27000000;2,78400000;
202300016543.0;1;89;89086;1;1;1.0;7.0;47,88788800;3,16294700;
202300016544.0;1;2A;2A215;2;1;1.0;2.0;41,49496600;9,05122700;
202300016545.0;1;974;97416;1;1;1.0;3.0; -21,30863000;55,43199000;
202300016546.0;1;89;89025;2;1;1.0;1.0;47,49066200;3,90137100;
202300016547.0;1;83;83108;1;1;1.0;6.0;43,32776442;5,99342836;
202300016548.0;1;61;61214;2;1;1.0;6.0;48,76484500;0,62599000;
202300016549.0;1;06;06017;1;1;1.0;7.0;43,80177400;7,10161800;
202300016550.0;1;972;97213;1;1;1.0;1.0;14,59621000; -60,97936000;
202300016551.0;1;05;05052;2;1;1.0;2.0;44,67086050;6,61829710;
202300016552.0;1;61;61210;1;2;1.0;3.0;48,69131400; -0,11458300;
202300016553.0;1;05;05038;1;1;1.0;1.0;44,74911100;6,83130700;
202300016554.0;1;34;34237;1;7;1.0;7.0;43,50144000;3,31968700;
202300016555.0;1;13;13074;2;6;1.0;7.0;43,64640200;5,57300800;
202300016556.0;1;972;97209;1;1;1.0;1.0;14,62250000; -61,06060000;
202300016557.0;1;68;68004;2;1;1.0;3.0;47,61511800;7,23476500;
202300016558.0;2;69;69382;2;1;1.0;6.0;45,75630000;4,83339000;
202300016559.0;1;71;71082;2;1;1.0;6.0;46,46729800;4,24820100;
202300016560.0;1;69;69149;2;1;1.0;6.0;45,71667000;4,79486000;
202300016561.0;1;25;25411;2;9;1.0;3.0;47,06105400;6,60613100;
202300016562.0;3;2B;2B120;1;1;1.0;7.0;42,65751000;9,42011000;
202300016563.0;1;71;71235;2;4;1.0;3.0;46,35456300;4,79680200;
202300016564.0;1;91;91345;2;1;2.0;6.0;48,69902000;2,29962000;
202300016565.0;5;85;85194;2;6;1.0;6.0;46,50328610; -1,73231000;
202300016566.0;3;67;67551;1;1;1.0;2.0;48,59877800;7,65631200;
202300016567.0;5;83;83137;2;9;1.0;6.0;43,12722000;5,91844000;
202300016568.0;1;29;29061;2;1;1.0;1.0;48,44123000; -4,46554000;
202300016569.0;1;03;03070;1;1;1.0;1.0;46,40246700;2,95247900;
202300016570.0;4;78;78133;2;1;2.0;6.0;48,91150700;2,03194000;
202300016571.0;1;69;69116;2;1;1.0;7.0;45,84324100;4,76909000;
202300016572.0;5;77;77379;2;1;2.0;6.0;48,54715000;3,29215000;
202300016573.0;3;38;38082;2;1;1.0;6.0;45,42629400;5,51688600;
202300016574.0;1;09;09160;2;6;1.0;6.0;42,92442900;1,83731300;
202300016575.0;5;77;77390;2;6;2.0;7.0;48,80044000;2,63370000;
202300016576.0;3;17;17064;2;1;2.0;7.0;45,67575200; -1,05674700;
202300016577.0;1;02;02706;1;1;1.0;6.0;49,34474000;3,36967000;
202300016578.0;1;33;33165;2;1;1.0;3.0;44,82561128; -0,43184102;
202300016579.0;3;77;77307;1;1;3.0;3.0;48,86664000;2,73788000;
202300016580.0;3;66;66082;1;1;1.0;6.0;42,60427500;2,10224300;
202300016581.0;1;50;50041;1;1;1.0;1.0;49,63752400; -1,76684600;
202300016582.0;1;06;06032;2;1;1.0;6.0;43,73092200;7,40949000;
202300016583.0;5;69;69266;2;2;1.0;3.0;45,75816000;4,89329000;
202300016584.0;1;22;22327;1;1;1.0;1.0;48,49482400; -2,01230000;
202300016585.0;2;60;60021;1;1;1.0;2.0;49,59499764;3,12128019;
202300016586.0;1;69;69256;2;1;1.0;1.0;45,74668000;4,93303000;
202300016587.0;1;73;73300;1;1;1.0;2.0;45,67087200;5,89356400;
202300016588.0;1;69;69290;2;4;1.0;3.0;45,71693000;4,92815000;
202300016589.0;1;24;24117;2;1;1.0;6.0;45,09090700;1,36780200;
202300016590.0;1;80;80278;1;3;1.0;5.0;49,72038700;2,66354100;
202300016591.0;1;60;60057;2;9;1.0;6.0;49,41788758;2,10450557;
202300016592.0;3;23;23013;1;1;1.0;7.0;46,03009600;2,51730700;
202300016593.0;1;87;87071;2;9;7.0;6.0;45,48028000;1,22441200;
202300016594.0;1;59;59360;2;1;1.0;3.0;50,61010000;3,01118000;
202300016595.0;1;46;46083;1;1;1.0;6.0;45,03280400;1,52478200;
202300016596.0;1;62;62014;2;2;1.0;3.0;50,64280000;2,39661800;
202300016597.0;1;38;38530;2;1;1.0;1.0;45,61267900;5,17347200;
202300016598.0;1;56;56036;1;1;3.0;4.0;47,77629000; -3,36271000;
202300016599.0;3;68;68300;1;1;1.0;7.0;47,78606400;7,41826100;
202300016600.0;1;59;59350;1;1;1.0;5.0;50,61632000;3,06840000;
202300016601.0;5;54;54395;2;1;3.0;6.0;48,70339000;6,16778000;
202300016602.0;1;31;31259;1;1;1.0;6.0;43,50702985;1,41371593;
202300016603.0;3;29;29232;1;1;3.0;2.0;48,01466616; -4,07740440;
202300016604.0;1;91;91687;1;1;1.0;2.0;48,66278000;2,36787000;
202300016605.0;1;89;89415;1;1;1.0;2.0;47,58722000;3,92010000;
202300016606.0;5;54;54328;2;1;3.0;3.0;48,61588000;6,17625000;
202300016607.0;1;94;94038;1;1;1.0;2.0;48,77376519;2,34617558;
202300016608.0;3;18;18279;1;1;2.0;2.0;47,25284100;2,06029400;
202300016609.0;1;13;13065;1;1;1.0;1.0;43,67972900;4,89084700;
202300016610.0;1;92;92072;1;1;1.0;4.0;48,82187046;2,22150108;
202300016611.0;1;54;54547;1;1;1.0;6.0;48,64727600;6,14220700;
202300016612.0;1;78;78571;1;1;1.0;3.0;48,86362600;2,04093700;
202300016613.0;1;45;45146;1;1;1.0;2.0;47,67596400;1,91222200;
202300016614.0;5;14;14118;2;1;1.0;6.0;49,17095000; -0,40025000;
202300016615.0;1;974;97415;2;1;1.0;2.0; -21,03927100;55,21892700;
202300016616.0;1;92;92025;1;1;1.0;3.0;48,92376825;2,22996229;
202300016617.0;1;77;77382;2;1;1.0;6.0;48,90112400;2,87694200;
202300016618.0;1;95;95582;1;1;1.0;5.0;48,97238617;2,24733710;
202300016619.0;1;54;54357;2;1;1.0;1.0;48,70435360;6,13081366;
202300016620.0;1;2A;2A215;1;1;1.0;3.0;41,48359400;9,05865700;
202300016621.0;3;93;93007;1;1;1.0;6.0;48,95432000;2,45653000;
202300016622.0;3;66;66165;1;1;1.0;6.0;42,64691000;2,56719500;
202300016623.0;1;13;13201;2;2;1.0;1.0;43,30347000;5,38596000;
202300016624.0;1;93;93007;1;1;1.0;2.0;48,94625000;2,44147000;
202300016625.0;1;66;66044;1;6;1.0;6.0;42,65276396;2,72568762;
202300016626.0;1;54;54116;1;1;2.0;1.0;48,59064000;6,55480000;
202300016627.0;1;93;93027;1;1;1.0;5.0;48,92572000;2,39606000;
202300016628.0;5;83;83115;2;4;1.0;1.0;43,30559600;6,63200300;
202300016629.0;1;94;94017;1;1;1.0;3.0;48,82650013;2,51586685;
202300016630.0;1;13;13202;2;7;1.0;3.0;43,30928000;5,36863000;
202300016631.0;1;54;54580;2;4;2.0;3.0;49,46199900;5,93669100;
202300016632.0;1;83;83107;1;1;7.0;2.0;43,46543400;6,61957900;
202300016633.0;1;49;49328;1;6;1.0;2.0;47,28621000; -0,04882000;
202300016634.0;1;77;77175;1;1;1.0;4.0;48,66869400;2,61232900;
202300016635.0;1;38;38158;2;1;1.0;1.0;45,15876700;5,74582300;
202300016636.0;1;13;13201;2;1;1.0;1.0;43,30497000;5,39340000;
202300016637.0;1;49;49099;2;1;1.0;6.0;47,04766500; -0,89363600;
202300016638.0;1;94;94022;1;1;1.0;2.0;48,77611070;2,42505182;
202300016639.0;1;01;01276;1;6;1.0;3.0;45,83856400;5,05008700;
202300016640.0;1;75;75112;1;1;1.0;2.0;48,81868400;2,45746300;
202300016641.0;5;13;13206;2;2;1.0;1.0;43,29069000;5,37772000;
202300016642.0;1;49;49015;2;6;1.0;1.0;47,49927000; -0,58299000;
202300016643.0;1;01;01213;1;1;1.0;4.0;45,93751600;5,29967400;
202300016644.0;1;43;43041;2;1;1.0;7.0;45,05103000;3,90832000;
202300016645.0;1;77;77373;1;1;1.0;3.0;48,78231800;2,61603200;
202300016646.0;1;06;06029;2;7;1.0;6.0;43,55088450;6,97666990;
202300016647.0;3;35;35051;1;1;1.0;6.0;48,15409678; -1,62442356;
202300016648.0;1;69;69273;1;1;1.0;3.0;45,64704100;4,91008800;
202300016649.0;3;06;06123;2;1;1.0;6.0;43,70989100;7,18343700;
202300016650.0;1;974;97416;1;1;1.0;6.0; -21,31310000;55,50710000;
202300016651.0;2;33;33192;2;1;1.0;6.0;44,77305000; -0,61421000;
202300016652.0;1;33;33233;1;1;1.0;1.0;45,11322000; -0,36098800;
202300016653.0;1;974;97416;2;3;1.0;3.0; -21,34350000;55,47743000;
202300016654.0;1;75;75114;2;1;1.0;3.0;48,82313100;2,31157000;
202300016655.0;5;33;33063;2;1;1.0;6.0;44,89406359; -0,56567252;
202300016656.0;1;44;44026;1;1;2.0;1.0;47,31630100; -1,48103500;
202300016657.0;5;31;31555;2;1;1.0;7.0;43,64508600;1,45112700;
202300016658.0;5;973;97302;2;1;2.0;3.0;4,93603000; -52,29594000;
202300016659.0;5;988;98818;2;2;2.0;3.0; -22,26820000;166,43872000;
202300016660.0;5;75;75117;2;1;1.0;3.0;48,89011500;2,29852000;
202300016661.0;1;59;59523;1;6;1.0;3.0;50,58503500;3,13756500;
202300016662.0;3;974;97411;2;1;1.0;3.0; -20,90937000;55,48010000;
202300016663.0;3;973;97302;2;1;1.0;1.0;4,93287000; -52,33022000;
202300016664.0;5;29;29019;2;1;2.0;6.0;48,39810100; -4,46273200;
202300016665.0;1;75;75119;2;1;1.0;3.0;48,88294600;2,38885000;
202300016666.0;5;59;59212;2;1;1.0;6.0;50,65547500;2,71787900;
202300016667.0;2;974;97411;2;2;1.0;3.0; -20,89302000;55,48217000;
202300016668.0;4;69;69387;2;3;1.0;3.0;45,72624000;4,83771000;
202300016669.0;5;25;25056;2;1;2.0;6.0;47,23776000;6,03699000;
202300016670.0;1;75;75118;2;5;1.0;3.0;48,88741600;2,34968100;
202300016671.0;1;59;59416;2;2;1.0;3.0;50,69144500;2,51537800;
202300016672.0;1;974;97411;2;4;1.0;6.0; -20,88745000;55,47211000;
202300016673.0;1;972;97209;1;1;1.0;5.0;14,61693000; -61,04090000;
202300016674.0;1;75;75108;2;1;2.0;7.0;48,86950600;2,32364900;
202300016675.0;3;13;13214;1;1;1.0;2.0;43,32257000;5,37828000;
202300016676.0;4;22;22215;2;4;2.0;6.0;48,48700000; -2,80000000;
202300016677.0;5;69;69382;2;1;2.0;6.0;45,75328000;4,83372000;
202300016678.0;1;973;97309;2;1;1.0;3.0;4,90933720; -52,28449345;
202300016679.0;1;75;75107;2;2;1.0;6.0;48,86242900;2,30160800;
202300016680.0;1;83;83144;1;1;1.0;2.0;43,14183000;6,00618000;
202300016681.0;5;94;94078;2;1;1.0;6.0;48,73048300;2,44684000;
202300016682.0;1;16;16102;2;1;1.0;4.0;45,69176000; -0,34428000;
202300016683.0;1;973;97309;2;3;7.0;3.0;4,92123269; -52,30406553;
202300016684.0;1;69;69152;2;1;1.0;5.0;45,69593000;4,83299000;
202300016685.0;5;69;69276;1;1;1.0;2.0;45,68363000;4,85388000;
202300016686.0;1;2B;2B033;1;1;1.0;3.0;42,66848000;9,44306000;
202300016687.0;1;14;14333;2;1;3.0;6.0;49,41944600;0,23161700;
202300016688.0;5;93;93046;2;2;1.0;1.0;48,91870000;2,52045000;
202300016689.0;2;69;69383;2;2;1.0;3.0;45,76341000;4,84142000;
202300016690.0;1;91;91363;1;1;1.0;4.0;48,64897000;2,18644000;
202300016691.0;1;971;97105;2;9;1.0;7.0;15,99110000; -61,72240000;
202300016692.0;1;69;69388;2;8;1.0;6.0;45,73749000;4,86588000;
202300016693.0;5;13;13215;2;1;1.0;1.0;43,34404000;5,35975000;
202300016694.0;1;93;93005;2;2;1.0;3.0;48,93719759;2,49864018;
202300016695.0;1;2A;2A004;2;9;2.0;3.0;41,93496000;8,75110000;
202300016696.0;1;91;91471;1;1;1.0;4.0;48,71531000;2,17384000;
202300016697.0;1;69;69387;2;3;1.0;3.0;45,73389000;4,84272000;
202300016698.0;1;92;92009;2;2;1.0;7.0;48,91579632;2,27175817;
202300016699.0;1;93;93005;1;1;1.0;2.0;48,96888116;2,48032451;
202300016700.0;1;2A;2A228;2;6;1.0;2.0;41,84523000;8,75857000;
202300016701.0;3;41;41268;1;6;1.0;7.0;47,43342500;1,70062200;
202300016702.0;5;69;69387;2;1;1.0;1.0;45,72658000;4,83771000;
202300016703.0;3;95;95500;1;1;1.0;2.0;49,03773617;2,08928876;
202300016704.0;1;95;95197;2;1;1.0;6.0;48,96154811;2,31798112;
202300016705.0;1;69;69389;2;1;1.0;2.0;45,77372000;4,80944000;
202300016706.0;1;94;94033;1;1;1.0;2.0;48,85684395;2,48790403;
202300016707.0;1;01;01033;1;1;2.0;1.0;46,16213400;5,77177200;
202300016708.0;1;91;91377;2;2;1.0;3.0;48,73015000;2,30041000;
202300016709.0;3;77;77373;1;1;1.0;6.0;48,78352000;2,61656900;
202300016710.0;1;69;69384;2;1;1.0;6.0;45,77667000;4,84004000;
202300016711.0;1;91;91645;2;1;1.0;6.0;48,74164000;2,26088000;
202300016712.0;3;31;31541;2;1;1.0;4.0;43,69285600;1,35898400;
202300016713.0;1;2B;2B033;2;1;1.0;6.0;42,69600000;9,45220000;
202300016714.0;1;75;75108;2;4;1.0;1.0;48,86992400;2,30100500;
202300016715.0;1;86;86194;2;3;7.0;3.0;46,60510300;0,32200400;
202300016716.0;3;80;80635;1;1;2.0;7.0;50,07804700;1,92273600;
202300016717.0;1;2B;2B033;2;9;1.0;6.0;42,70220000;9,45071000;
202300016718.0;1;75;75117;2;3;2.0;6.0;48,89226900;2,30101700;
202300016719.0;2;85;85191;2;1;1.0;2.0;46,65933000; -1,43643000;
202300016720.0;3;71;71202;1;1;1.0;2.0;46,84971400;4,80729100;
202300016721.0;1;2A;2A004;1;6;1.0;2.0;41,92860000;8,77120000;
202300016722.0;2;75;75106;2;2;1.0;3.0;48,84734826;2,32792407;
202300016723.0;1;83;83137;2;5;1.0;3.0;43,11465000;5,94525000;
202300016724.0;1;95;95680;2;9;1.0;6.0;49,00313664;2,39206910;
202300016725.0;1;39;39096;1;1;1.0;1.0;47,24763000;5,49363600;
202300016726.0;1;83;83034;1;9;2.0;1.0;43,08542690;6,09577882;
202300016727.0;1;75;75120;2;2;1.0;3.0;48,84688300;2,41387300;