Num_Acc;lum;departement;commune;agglomeration;intersection;meteo;type_collision;lat;long;date
202300016728.0;1;95;95585;2;1;1.0;3.0;48,98135500;2,36951900;
202300016729.0;1;29;29061;2;1;2.0;6.0;48,43267442; -4,46901150;
202300016730.0;1;75;75110;2;2;1.0;6.0;48,88142084;2,36187413;
202300016731.0;1;81;81004;2;1;2.0;6.0;43,91898000;2,11023000;
202300016732.0;3;95;95127;1;1;1.0;2.0;49,05510616;2,05250144;
202300016733.0;1;94;94081;2;1;1.0;2.0;48,78768222;2,39062661;
202300016734.0;5;01;01265;2;1;1.0;6.0;46,17282500;5,57851700;
202300016735.0;1;91;91687;2;1;1.0;3.0;48,67522000;2,38410000;
202300016736.0;1;78;78551;2;2;1.0;3.0;48,89945800;2,07052900;
202300016737.0;1;94;94080;2;2;1.0;6.0;48,84843360;2,43489513;
202300016738.0;5;87;87085;2;1;1.0;6.0;45,82905000;1,26547000;
202300016739.0;1;30;30026;1;2;1.0;3.0;43,97912000;3,59877300;
202300016740.0;1;78;78029;1;3;1.0;3.0;48,94794600;1,84639800;
202300016741.0;1;94;94074;2;1;1.0;2.0;48,74282600;2,46588300;
202300016742.0;1;87;87065;1;2;1.0;3.0;45,79076382;1,30540609;
202300016743.0;3;51;51569;1;1;1.0;1.0;49,24758200;3,94086200;
202300016744.0;1;94;94074;2;3;1.0;6.0;48,76550000;2,44760000;
202300016745.0;1;86;86194;2;1;1.0;3.0;46,57256000;0,33845000;
202300016746.0;1;77;77374;1;1;1.0;2.0;48,78549366;2,71132109;
202300016747.0;5;987;98725;2;1;1.0;6.0; -17,51253800; -149,50130900;
202300016748.0;5;94;94068;2;2;8.0;3.0;48,78486275;2,49532717;
202300016749.0;1;84;84087;2;1;1.0;3.0;44,13417300;4,79943300;
202300016750.0;1;83;83137;2;1;7.0;6.0;43,12577300;5,97054700;
202300016751.0;1;94;94058;2;1;1.0;2.0;48,82985000;2,51174000;
202300016752.0;1;77;77464;2;1;1.0;6.0;48,88400000;2,70850000;
202300016753.0;1;83;83126;2;1;1.0;1.0;43,09090400;5,87067000;
202300016754.0;5;94;94069;2;1;1.0;3.0;48,81792799;2,42412928;
202300016755.0;3;971;97107;1;1;1.0;1.0;16,06016600; -61,56588100;
202300016756.0;5;78;78350;1;1;1.0;1.0;48,84393000;2,10981000;
202300016757.0;1;93;93073;1;1;1.0;2.0;48,98950392;2,52638876;
202300016758.0;1;77;77445;2;2;1.0;3.0;48,59821000;2,59118000;
202300016759.0;2;42;42012;2;1;1.0;6.0;45,59795207;4,03560609;
202300016760.0;5;93;93066;2;3;1.0;2.0;48,91977500;2,35773300;
202300016761.0;1;77;77243;2;1;1.0;6.0;48,87881449;2,70147371;
202300016762.0;1;93;93055;2;1;1.0;4.0;48,90539268;2,39527989;
202300016763.0;5;60;60575;2;1;2.0;1.0;49,29577900;2,18610500;
202300016764.0;1;76;76114;2;1;1.0;1.0;49,57339000;0,47499000;
202300016765.0;1;93;93050;2;3;2.0;4.0;48,86360000;2,52992000;
202300016766.0;1;76;76476;2;9;1.0;1.0;49,48608700;0,57189600;
202300016767.0;3;60;60088;1;1;2.0;1.0;49,19605200;2,20602000;
202300016768.0;5;93;93071;2;6;1.0;3.0;48,93364000;2,54339000;
202300016769.0;1;72;72181;2;9;1.0;3.0;48,00648000;0,19255000;
202300016770.0;1;93;93031;2;1;1.0;3.0;48,95611100;2,30851200;
202300016771.0;1;72;72181;2;1;1.0;2.0;48,01322000;0,17436000;
202300016772.0;1;93;93008;2;1;1.0;3.0;48,90860694;2,45101306;
202300016773.0;3;13;13085;1;1;1.0;2.0;43,24914995;5,59614814;
202300016774.0;1;71;71270;2;9;1.0;6.0;46,31543103;4,82350674;
202300016775.0;5;93;93007;2;1;1.0;6.0;48,92227675;2,46407350;
202300016776.0;1;71;71076;2;1;1.0;1.0;46,78775130;4,83850926;
202300016777.0;1;92;92050;2;1;1.0;3.0;48,88418000;2,20322000;
202300016778.0;3;13;13211;1;1;1.0;6.0;43,29472000;5,46471000;
202300016779.0;1;92;92044;2;1;1.0;6.0;48,89581000;2,27857000;
202300016780.0;1;71;71076;2;3;1.0;3.0;46,80867984;4,85181838;
202300016781.0;1;83;83129;1;1;1.0;7.0;43,12061240;5,84313268;
202300016782.0;1;92;92024;2;1;1.0;3.0;48,89760773;2,30061516;
202300016783.0;1;69;69256;2;2;1.0;3.0;45,78223000;4,91873000;
202300016784.0;3;33;33162;1;1;1.0;6.0;44,87075629; -0,64298432;
202300016785.0;1;92;92014;2;1;1.0;4.0;48,77726000;2,30822000;
202300016786.0;2;69;69029;2;3;1.0;3.0;45,75281977;4,89864930;
202300016787.0;1;92;92004;2;1;1.0;3.0;48,91723000;2,29392000;
202300016788.0;3;69;69259;2;1;1.0;1.0;45,70240120;4,89443530;
202300016789.0;1;92;92004;2;1;1.0;6.0;48,91064300;2,29197200;
202300016790.0;1;69;69259;2;1;1.0;6.0;45,68965438;4,86496898;
202300016791.0;5;94;94034;1;1;1.0;4.0;48,75772551;2,32805983;
202300016792.0;1;92;92004;2;1;1.0;6.0;48,91246000;2,27612000;
202300016793.0;3;78;78322;1;1;1.0;6.0;48,78736200;2,14797500;
202300016794.0;1;67;67482;2;3;1.0;3.0;48,59670000;7,75603000;
202300016795.0;1;92;92004;2;1;1.0;3.0;48,91440000;2,31192000;
202300016796.0;1;66;66136;2;1;1.0;6.0;42,68932000;2,89450000;
202300016797.0;5;09;09261;2;1;3.0;6.0;42,98250700;1,15113100;
202300016798.0;3;78;78126;1;1;1.0;6.0;48,84200000;2,11124000;
202300016799.0;5;64;64445;2;1;2.0;3.0;43,31152000; -0,36261000;
202300016800.0;1;974;97412;1;1;1.0;6.0; -21,37993000;55,64625200;
202300016801.0;1;83;83070;2;6;1.0;3.0;43,13913172;6,35505243;
202300016802.0;1;64;64348;2;3;2.0;2.0;43,32558000; -0,38546000;
202300016803.0;1;62;62285;2;1;2.0;6.0;50,18027500;2,90724700;
202300016804.0;3;95;95306;1;1;1.0;6.0;49,00739355;2,16194967;
202300016805.0;1;64;64445;2;6;1.0;3.0;43,31918300; -0,30746100;
202300016806.0;3;62;62117;1;1;1.0;6.0;50,08001600;2,97551400;
202300016807.0;1;77;77051;2;1;1.0;6.0;48,41001800;3,24577900;
202300016808.0;1;63;63113;2;2;1.0;3.0;45,79971285;3,08408707;
202300016809.0;2;93;93053;1;1;1.0;5.0;48,89465546;2,47126500;
202300016810.0;1;81;81277;1;3;1.0;1.0;43,98733800;2,26348700;
202300016811.0;1;63;63014;1;6;1.0;3.0;45,74360000;3,13870000;
202300016812.0;1;71;71230;2;3;1.0;3.0;46,60167900;4,05590200;
202300016813.0;3;62;62510;1;1;1.0;3.0;50,42796579;2,75785661;
202300016814.0;1;12;12198;1;1;1.0;7.0;44,31981100;2,22020400;
202300016815.0;1;976;97611;2;1;1.0;3.0; -12,77477000;45,22932000;
202300016816.0;1;61;61001;2;1;7.0;3.0;48,42079000;0,08947000;
202300016817.0;1;34;34332;2;4;1.0;3.0;43,31375000;3,41724200;
202300016818.0;5;59;59271;2;1;1.0;1.0;51,01262000;2,29976000;
202300016819.0;2;34;34335;1;6;1.0;3.0;43,59528000;3,12814800;
202300016820.0;1;974;97416;2;1;1.0;6.0; -21,34020000;55,47500000;
202300016821.0;1;56;56121;2;3;1.0;3.0;47,74220000; -3,37040000;
202300016822.0;1;68;68179;2;6;1.0;3.0;47,75693600;7,01830600;
202300016823.0;1;56;56162;2;6;1.0;6.0;47,73259400; -3,42218700;
202300016824.0;1;22;22158;1;1;7.0;6.0;48,21505000; -3,00315000;
202300016825.0;1;974;97416;1;1;1.0;3.0; -21,30966000;55,45650000;
202300016826.0;1;54;54265;2;1;1.0;1.0;48,63717000;6,18355000;
202300016827.0;1;22;22132;1;1;2.0;1.0;48,47684400; -3,48723700;
202300016828.0;1;50;50129;2;2;1.0;2.0;49,62726000; -1,63778000;
202300016829.0;1;25;25328;2;1;1.0;6.0;47,18383000;5,96344100;
202300016830.0;1;50;50129;2;2;1.0;3.0;49,62794000; -1,65617000;
202300016831.0;1;973;97302;2;2;1.0;3.0;4,93989000; -52,32733000;
202300016832.0;3;29;29100;2;1;1.0;6.0;48,54996700; -4,38751500;
202300016833.0;1;49;49007;2;2;1.0;3.0;47,46553000; -0,55437000;
202300016834.0;3;49;49007;2;1;1.0;2.0;47,47214000; -0,55439000;
202300016835.0;1;31;31468;2;2;2.0;1.0;43,26481600;0,86317800;
202300016836.0;1;49;49007;2;4;1.0;3.0;47,47416000; -0,53726000;
202300016837.0;1;31;31493;1;2;1.0;3.0;43,23031300;0,74965600;
202300016838.0;1;973;97302;2;3;3.0;3.0;4,92616578; -52,31362492;
202300016839.0;1;47;47001;2;1;1.0;3.0;44,20637233;0,63448191;
202300016840.0;1;02;02814;1;1;1.0;6.0;49,92306000;3,67814500;
202300016841.0;1;44;44109;2;1;1.0;3.0;47,25799000; -1,52832000;
202300016842.0;1;14;14305;1;1;1.0;6.0;49,30809700; -0,01244500;
202300016843.0;1;05;05046;2;1;1.0;2.0;44,56673900;6,49463100;
202300016844.0;1;43;43157;2;1;1.0;4.0;45,04607000;3,87977000;
202300016845.0;2;69;69383;2;2;1.0;1.0;45,75401000;4,86161000;
202300016846.0;1;36;36200;1;3;1.0;5.0;46,59389100;1,53750700;
202300016847.0;5;37;37261;2;2;1.0;5.0;47,39218000;0,70057000;
202300016848.0;1;40;40228;1;4;7.0;3.0;43,62339800; -0,83991200;
202300016849.0;1;37;37261;2;1;1.0;2.0;47,38126000;0,70691000;
202300016850.0;1;30;30059;1;1;1.0;1.0;43,66284600;4,23202700;
202300016851.0;1;69;69388;2;2;8.0;6.0;45,74552866;4,87120733;
202300016852.0;1;35;35238;2;2;1.0;3.0;48,12605907; -1,69280112;
202300016853.0;1;88;88158;2;3;1.0;1.0;48,08784800;6,60836800;
202300016854.0;2;35;35150;1;3;1.0;7.0;48,34627000; -1,21782000;
202300016855.0;1;24;24167;2;1;1.0;6.0;44,66655500;0,39889800;
202300016856.0;1;69;69386;2;1;2.0;6.0;45,78606000;4,85901000;
202300016857.0;1;34;34172;2;3;1.0;3.0;43,61362000;3,83920000;
202300016858.0;1;69;69244;2;3;1.0;2.0;45,76389200;4,77926200;
202300016859.0;1;06;06018;1;1;1.0;1.0;43,63409100;7,07566600;
202300016860.0;1;33;33522;2;3;1.0;2.0;44,80434011; -0,58673590;
202300016861.0;1;972;97213;2;1;1.0;1.0;14,62575000; -60,98930000;
202300016862.0;3;89;89208;1;1;1.0;7.0;47,62399800;3,90789800;
202300016863.0;3;33;33281;2;1;1.0;6.0;44,85468741; -0,64427599;
202300016864.0;1;58;58303;2;1;1.0;3.0;47,01434400;3,14989000;
202300016865.0;1;31;31555;2;1;1.0;3.0;43,61553900;1,44061700;
202300016866.0;1;972;97209;1;1;1.0;2.0;14,61660000; -61,06034000;
202300016867.0;2;31;31555;2;1;1.0;1.0;43,63137000;1,41500000;
202300016868.0;3;988;98820;1;1;3.0;6.0; -20,69539000;166,48449000;
202300016869.0;1;31;31555;2;1;7.0;6.0;43,60754000;1,44203000;
202300016870.0;1;13;13088;1;3;1.0;3.0;43,37643400;5,22691200;
202300016871.0;1;28;28218;2;1;1.0;3.0;48,43360000;1,46261000;
202300016872.0;1;69;69202;2;1;1.0;1.0;45,73893000;4,78716000;
202300016873.0;1;27;27681;2;9;7.0;6.0;49,09500000;1,46400000;
202300016874.0;1;78;78062;2;6;1.0;3.0;48,85197000;1,87808300;
202300016875.0;1;66;66210;2;6;1.0;2.0;42,62866000;2,76158100;
202300016876.0;1;27;27234;2;1;1.0;2.0;49,01484399;1,20422892;
202300016877.0;1;971;97101;2;1;1.0;3.0;16,24990000; -61,48920000;
202300016878.0;1;57;57481;2;1;1.0;7.0;49,21403000;6,01076100;
202300016879.0;1;25;25388;2;3;1.0;6.0;47,51195000;6,79977000;
202300016880.0;3;69;69227;1;1;1.0;1.0;45,66855500;4,57786600;
202300016881.0;1;22;22360;1;1;1.0;4.0;48,48316300; -2,69936800;
202300016882.0;1;69;69171;2;1;1.0;1.0;45,81634600;4,59627900;
202300016883.0;1;2A;2A004;2;1;1.0;2.0;41,92430000;8,73922000;
202300016884.0;3;85;85118;1;1;1.0;2.0;46,64184800; -1,54520300;
202300016885.0;1;22;22360;1;1;1.0;4.0;48,47248000; -2,77246000;
202300016886.0;1;2A;2A004;2;1;1.0;3.0;41,94794000;8,77390000;
202300016887.0;1;22;22176;2;6;1.0;3.0;48,44333300; -2,74945700;
202300016888.0;5;17;17300;2;1;1.0;2.0;46,14040000; -1,16446000;
202300016889.0;1;35;35315;2;7;1.0;6.0;48,21886600; -1,57928100;
202300016890.0;1;60;60139;2;1;1.0;6.0;49,16376100;2,25188600;
202300016891.0;1;17;17449;2;1;1.0;6.0;45,95034300; -0,92685300;
202300016892.0;1;13;13005;1;1;1.0;7.0;43,27084000;5,58880000;
202300016893.0;1;91;91114;2;1;2.0;4.0;48,68249000;2,49125000;
202300016894.0;2;15;15014;2;3;1.0;3.0;44,92555000;2,43908000;
202300016895.0;1;33;33143;1;1;1.0;2.0;44,97316776; -0,43428183;
202300016896.0;1;59;59557;1;1;1.0;2.0;50,35040000;3,57727000;
202300016897.0;1;14;14536;2;3;1.0;2.0;49,40240943;0,25076240;
202300016898.0;2;59;59260;1;1;1.0;6.0;51,04222324;2,51139577;
202300016899.0;5;84;84007;2;3;1.0;2.0;43,92737000;4,80940000;
202300016900.0;2;13;13214;2;9;1.0;1.0;43,34765899;5,37779567;
202300016901.0;1;78;78640;1;1;1.0;3.0;48,78134000;2,22297800;
202300016902.0;5;13;13028;2;1;1.0;3.0;43,19002000;5,62566000;
202300016903.0;1;92;92036;1;1;2.0;3.0;48,93488462;2,28273043;
202300016904.0;1;83;83069;2;1;7.0;6.0;43,11581816;6,13084268;
202300016905.0;1;92;92036;1;1;1.0;2.0;48,93626044;2,28962372;
202300016906.0;2;77;77350;1;1;2.0;2.0;48,76767000;2,64628000;
202300016907.0;1;13;13004;1;1;1.0;4.0;43,66040000;4,64150000;
202300016908.0;1;95;95488;1;9;1.0;5.0;49,01168438;2,15172260;
202300016909.0;1;93;93008;1;1;8.0;2.0;48,91058000;2,44346000;
202300016910.0;5;76;76231;2;6;8.0;6.0;49,28724000;1,00907000;
202300016911.0;1;13;13001;1;1;1.0;1.0;43,48891238;5,36850803;
202300016912.0;2;93;93066;1;1;2.0;3.0;48,91922000;2,35739000;
202300016913.0;5;11;11069;2;1;1.0;6.0;43,22215000;2,35688000;
202300016914.0;1;92;92036;1;1;1.0;2.0;48,93786065;2,29673004;
202300016915.0;1;11;11069;2;1;1.0;6.0;43,20263000;2,33522000;
202300016916.0;1;74;74305;2;1;1.0;2.0;46,19871000;6,27036000;
202300016917.0;5;11;11069;2;1;1.0;3.0;43,23652000;2,36715000;
202300016918.0;3;94;94069;1;1;1.0;3.0;48,81722515;2,42374656;
202300016919.0;5;10;10387;2;1;1.0;6.0;48,29511000;4,08215000;
202300016920.0;5;72;72181;2;1;1.0;3.0;47,98104000;0,21852000;
202300016921.0;1;972;97209;2;1;1.0;6.0;14,60665000; -61,06820000;
202300016922.0;1;10;10387;2;6;1.0;3.0;48,30825000;4,06907000;
202300016923.0;1;71;71153;2;1;2.0;2.0;46,79783000;4,43414000;
202300016924.0;1;10;10387;2;6;1.0;3.0;48,27644000;4,08015000;
202300016925.0;3;71;71540;2;6;2.0;2.0;46,77813000;4,44347000;
202300016926.0;1;06;06029;2;1;1.0;6.0;43,55129000;7,03060000;
202300016927.0;1;06;06029;2;4;1.0;3.0;43,55142000;6,96199000;
202300016928.0;1;06;06155;2;1;1.0;6.0;43,56842000;7,07228000;
202300016929.0;1;71;71153;2;3;2.0;5.0;46,78716000;4,44124000;
202300016930.0;2;05;05061;2;1;1.0;6.0;44,55726000;6,05503000;
202300016931.0;5;71;71076;2;1;2.0;6.0;46,77477000;4,86464000;
202300016932.0;1;75;75116;2;1;1.0;3.0;48,86917100;2,27068700;
202300016933.0;1;75;75112;2;1;1.0;3.0;48,84583100;2,41444500;
202300016934.0;3;69;69282;2;6;2.0;2.0;45,75304000;5,01921000;
202300016935.0;1;75;75116;2;1;1.0;5.0;48,83632300;2,25639600;
202300016936.0;1;69;69264;2;3;1.0;3.0;45,99257100;4,74199800;
202300016937.0;1;75;75116;2;2;1.0;6.0;48,84535400;2,25755100;
202300016938.0;3;69;69199;2;1;8.0;6.0;45,69303000;4,84516000;
202300016939.0;5;67;67482;2;8;1.0;6.0;48,55134000;7,74294000;
202300016940.0;1;75;75119;2;1;1.0;6.0;48,89326500;2,39799900;
202300016941.0;1;75;75117;2;1;1.0;6.0;48,87671300;2,28645900;
202300016942.0;1;64;64249;2;3;3.0;1.0;43,42082000; -1,60666000;
202300016943.0;3;63;63245;1;1;1.0;7.0;45,89988416;3,08578738;
202300016944.0;1;75;75117;2;1;1.0;3.0;48,88564700;2,30669000;
202300016945.0;1;63;63032;2;6;1.0;3.0;45,74845000;3,09430000;
202300016946.0;1;75;75115;2;2;1.0;6.0;48,83788700;2,28177900;
202300016947.0;1;75;75115;2;1;1.0;7.0;48,83720600;2,27387900;
202300016948.0;1;62;62193;2;2;1.0;6.0;50,95631561;1,85003686;
202300016949.0;1;75;75114;2;2;1.0;6.0;48,82615600;2,31274900;
202300016950.0;1;62;62244;2;3;1.0;3.0;50,93081000;1,88646000;
202300016951.0;5;61;61006;2;6;9.0;3.0;48,74161900; -0,02546500;
202300016952.0;1;75;75107;2;2;1.0;6.0;48,86245000;2,30194200;
202300016953.0;5;75;75111;2;2;1.0;1.0;48,85470000;2,38532400;
202300016954.0;5;59;59017;2;1;2.0;6.0;50,68481400;2,88169300;
202300016955.0;5;54;54578;2;9;8.0;6.0;48,67056000;6,15551000;
202300016956.0;5;75;75109;2;2;1.0;6.0;48,87589500;2,33989600;
202300016957.0;5;54;54498;2;1;2.0;2.0;48,71518495;6,25409603;
202300016958.0;5;75;75108;2;2;1.0;3.0;48,88199600;2,32051100;
202300016959.0;5;54;54395;2;1;2.0;6.0;48,69285900;6,14404700;
202300016960.0;1;75;75107;2;2;1.0;6.0;48,85796400;2,31521200;
202300016961.0;1;54;54382;2;1;1.0;1.0;49,54117100;5,79148400;
202300016962.0;5;51;51454;2;1;1.0;6.0;49,23515000;4,04203000;
202300016963.0;1;75;75101;2;3;1.0;6.0;48,86291900;2,35070000;
202300016964.0;1;47;47001;2;1;1.0;6.0;44,20249000;0,61165000;
202300016965.0;1;94;94042;2;2;1.0;3.0;48,82002000;2,47728000;
202300016966.0;1;45;45234;2;2;2.0;1.0;47,90379000;1,90982000;
202300016967.0;1;42;42275;2;2;1.0;3.0;45,46747000;4,37800000;
202300016968.0;5;94;94021;1;6;1.0;3.0;48,76067400;2,34138200;
202300016969.0;1;42;42270;2;3;8.0;3.0;45,39127000;4,24109000;
202300016970.0;5;94;94073;2;1;1.0;6.0;48,76786900;2,39447700;
202300016971.0;1;38;38185;1;1;1.0;1.0;45,19323000;5,70284000;
202300016972.0;2;94;94079;2;1;1.0;2.0;48,83455500;2,54969800;
202300016973.0;1;35;35281;2;1;1.0;6.0;48,08614000; -1,69522000;
202300016974.0;1;94;94017;2;2;1.0;3.0;48,81042000;2,54742000;
202300016975.0;1;34;34172;2;1;1.0;3.0;43,60583400;3,85270500;
202300016976.0;1;93;93070;2;1;1.0;1.0;48,91792477;2,33096141;
202300016977.0;5;24;24382;2;1;1.0;2.0;44,84998500;0,66033000;
202300016978.0;1;93;93053;2;7;1.0;6.0;48,88852781;2,45730433;
202300016979.0;2;31;31555;2;1;2.0;2.0;43,60894000;1,45435000;
202300016980.0;1;93;93053;2;3;1.0;6.0;48,88821800;2,46069300;
202300016981.0;5;29;29019;2;3;1.0;3.0;48,41254900; -4,46874900;
202300016982.0;1;93;93046;2;2;1.0;3.0;48,92129000;2,51913000;
202300016983.0;5;27;27701;2;3;2.0;3.0;49,25208000;1,17674000;
202300016984.0;1;93;93010;2;1;1.0;6.0;48,89876219;2,47802978;
202300016985.0;1;27;27229;2;1;1.0;6.0;49,02554000;1,14597000;
202300016986.0;1;92;92076;2;1;1.0;6.0;48,84555477;2,17396572;
202300016987.0;3;22;22278;1;1;1.0;2.0;48,51742500; -2,74485700;
202300016988.0;5;13;13208;2;6;1.0;1.0;43,24625000;5,37380000;
202300016989.0;1;92;92076;2;6;1.0;3.0;48,83288198;2,15036273;
202300016990.0;1;13;13215;2;1;1.0;2.0;43,34166000;5,36012000;
202300016991.0;1;92;92050;2;1;1.0;6.0;48,89349897;2,20616341;
202300016992.0;1;13;13047;1;1;1.0;1.0;43,52977000;5,01195000;
202300016993.0;1;92;92050;2;3;1.0;6.0;48,89421699;2,22503990;
202300016994.0;5;13;13047;2;8;1.0;6.0;43,49421000;4,97169000;
202300016995.0;1;11;11262;2;6;1.0;6.0;43,18234000;2,99799000;
202300016996.0;1;92;92020;2;3;1.0;3.0;48,79675747;2,28808075;
202300016997.0;5;10;10387;2;1;1.0;6.0;48,29247000;4,07348000;
202300016998.0;5;06;06088;2;1;1.0;6.0;43,66707000;7,21255000;
202300016999.0;1;92;92044;2;3;1.0;2.0;48,89436935;2,29567267;
202300017000.0;5;01;01053;2;2;2.0;1.0;46,19105700;5,24197400;
202300017001.0;1;92;92036;2;6;1.0;3.0;48,94175297;2,29529500;
202300017002.0;1;75;75118;2;1;2.0;3.0;48,90081900;2,33306900;
202300017003.0;5;75;75120;2;2;1.0;3.0;48,84669300;2,41586400;
202300017004.0;3;92;92019;1;1;1.0;1.0;48,77597640;2,22895145;
202300017005.0;5;75;75119;2;1;1.0;3.0;48,89880600;2,38384100;
202300017006.0;5;75;75119;2;3;1.0;1.0;48,89248400;2,37471600;
202300017007.0;1;92;92014;2;6;1.0;2.0;48,78930000;2,31406000;
202300017008.0;1;75;75119;2;1;1.0;6.0;48,89596800;2,37393900;
202300017009.0;5;92;92002;2;1;1.0;7.0;48,75839000;2,30700000;
202300017010.0;1;75;75116;2;2;1.0;3.0;48,87269200;2,28457500;
202300017011.0;1;12;12301;1;1;1.0;1.0;44,41946500;2,04379500;
202300017012.0;1;75;75116;2;4;1.0;3.0;48,85766600;2,27363300;
202300017013.0;1;75;75116;2;3;2.0;6.0;48,86859600;2,27417500;
202300017014.0;3;26;26107;1;1;1.0;7.0;45,17367600;5,04781500;
202300017015.0;1;75;75115;2;3;1.0;6.0;48,84062600;2,30498100;
202300017016.0;1;88;88492;1;1;1.0;6.0;48,06261700;7,01954500;
202300017017.0;1;75;75115;2;1;2.0;3.0;48,83446600;2,27267700;
202300017018.0;1;22;22206;1;1;1.0;6.0;48,53642000; -3,02298000;
202300017019.0;2;75;75107;2;3;2.0;6.0;48,85398462;2,30953288;
202300017020.0;1;76;76265;1;1;1.0;7.0;49,74195100;1,59418700;
202300017021.0;1;75;75114;2;2;1.0;3.0;48,82323100;2,32555700;
202300017022.0;5;75;75110;2;3;2.0;6.0;48,87381509;2,35677204;
202300017023.0;1;06;06140;2;2;1.0;3.0;43,63811000;6,85230400;
202300017024.0;1;94;94074;2;9;8.0;3.0;48,77043000;2,44698000;
202300017025.0;3;42;42307;1;1;1.0;7.0;45,54510200;4,66599200;
202300017026.0;5;94;94068;2;2;2.0;3.0;48,79942000;2,49901000;
202300017027.0;2;94;94011;2;1;8.0;6.0;48,76872000;2,48836000;
202300017028.0;3;34;34270;1;1;8.0;1.0;43,58702800;3,82771100;
202300017029.0;1;93;93073;2;3;1.0;3.0;48,96443000;2,56582000;
202300017030.0;3;62;62896;2;3;1.0;6.0;50,69248200;1,75752300;
202300017031.0;5;93;93066;2;1;1.0;6.0;48,94524000;2,35182000;
202300017032.0;5;93;93051;2;1;1.0;3.0;48,84000000;2,56000000;
202300017033.0;1;62;62064;2;3;1.0;3.0;50,10400400;2,84020200;
202300017034.0;5;93;93077;2;5;1.0;3.0;48,88332000;2,51205000;
202300017035.0;5;93;93032;2;3;2.0;3.0;48,88296000;2,53422000;
202300017036.0;3;19;19238;1;1;1.0;7.0;45,62636403;2,27681734;
202300017037.0;1;93;93047;2;2;2.0;3.0;48,89937000;2,55955000;
202300017038.0;1;19;19182;1;1;1.0;1.0;45,24322767;1,40435750;
202300017039.0;5;93;93047;2;2;2.0;3.0;48,89852000;2,55192000;
202300017040.0;1;56;56206;1;1;1.0;6.0;47,69912000; -2,76709000;
202300017041.0;3;76;76587;1;1;1.0;7.0;49,77577900;0,46172900;
202300017042.0;3;93;93005;2;2;1.0;3.0;48,95592900;2,49639300;
202300017043.0;5;93;93005;2;2;1.0;3.0;48,92399600;2,50449600;
202300017044.0;1;89;89441;1;2;8.0;3.0;47,64779000;3,73836600;
202300017045.0;5;92;92073;2;1;2.0;2.0;48,86404309;2,20849425;
202300017046.0;1;92;92063;2;9;1.0;2.0;48,87379768;2,18291044;
202300017047.0;3;61;61435;1;1;1.0;6.0;48,81001800;0,62316000;
202300017048.0;5;92;92019;2;6;2.0;2.0;48,77023818;2,27402329;
202300017049.0;1;49;49200;1;1;1.0;1.0;47,56609100; -0,67527800;
202300017050.0;1;49;49244;2;1;2.0;2.0;47,39219400; -0,86367700;
202300017051.0;1;49;49063;2;3;1.0;1.0;47,34921500; -0,76228900;
202300017052.0;1;47;47004;1;1;1.0;1.0;44,28552010;0,33038568;
202300017053.0;5;31;31044;2;1;8.0;6.0;43,60964900;1,49020300;
202300017054.0;1;86;86248;1;3;1.0;3.0;46,33820600;0,46203700;
202300017055.0;1;12;12033;1;1;2.0;5.0;44,45254600;2,72522600;
202300017056.0;3;60;60658;1;1;1.0;2.0;49,24045200;3,01551600;
202300017057.0;3;34;34130;1;1;1.0;4.0;43,52214912;3,18839028;
202300017058.0;3;34;34016;1;1;1.0;6.0;43,62439900;3,63874700;
202300017059.0;1;68;68192;1;1;7.0;1.0;47,62310900;7,04551900;
202300017060.0;5;56;56030;2;2;8.0;3.0;47,48125000; -2,39692000;
202300017061.0;3;22;22254;2;1;8.0;6.0;48,67277000; -3,32544600;
202300017062.0;3;79;79293;1;1;1.0;1.0;46,37028400; -0,50188000;
202300017063.0;1;22;22251;1;1;1.0;7.0;48,56136800; -2,81061200;
202300017064.0;3;33;33421;1;1;2.0;1.0;44,80742364; -0,13535634;
202300017065.0;4;39;39354;1;1;1.0;6.0;46,88480100;5,65777500;
202300017066.0;1;71;71351;2;4;1.0;6.0;46,88419000;5,26210200;
202300017067.0;1;71;71338;1;1;1.0;7.0;46,54941700;4,86162200;
202300017068.0;3;44;44015;1;1;1.0;1.0;47,43055500; -1,83242100;
202300017069.0;2;89;89469;1;2;1.0;3.0;48,31340000;3,45780000;
202300017070.0;1;63;63050;2;6;1.0;7.0;45,41398600;3,32030100;
202300017071.0;1;35;35078;1;1;1.0;1.0;48,60016800; -1,69966800;
202300017072.0;3;46;46240;1;1;8.0;6.0;44,80436400;1,60578500;
202300017073.0;1;02;02364;1;1;1.0;6.0;49,35531600;3,83942400;
202300017074.0;1;01;01303;2;2;1.0;3.0;46,08577600;5,40810900;
202300017075.0;3;25;25578;1;3;2.0;5.0;47,15048700;6,31467100;
202300017076.0;3;54;54105;1;1;1.0;7.0;48,56425442;5,85217237;
202300017077.0;3;29;29162;1;1;2.0;1.0;48,21571592; -3,93739664;