Num_Acc;lum;departement;commune;agglomeration;intersection;meteo;type_collision;lat;long;date
202300017078.0;4;15;15029;2;1;2.0;6.0;44,69500900;2,38619000;
202300017079.0;1;18;18159;1;2;1.0;3.0;47,31779200;2,14778400;
202300017080.0;5;14;14303;1;4;5.0;3.0;49,14485000;0,28702900;
202300017081.0;1;43;43164;1;1;1.0;6.0;45,24938500;3,94330900;
202300017082.0;1;14;14336;2;2;2.0;7.0;49,15213500; -0,64767800;
202300017083.0;1;85;85047;2;6;1.0;6.0;46,83618540; -1,86984690;
202300017084.0;1;64;64147;1;1;2.0;1.0;43,46171900; -1,35645200;
202300017085.0;1;85;85020;1;3;1.0;3.0;46,40574400; -0,59619100;
202300017086.0;3;27;27056;1;1;1.0;6.0;49,10381200;0,53463900;
202300017087.0;2;07;07037;1;1;9.0;6.0;44,87514297;4,18911695;
202300017088.0;3;68;68082;1;1;1.0;7.0;47,83995000;7,39431400;
202300017089.0;1;37;37109;1;1;1.0;5.0;47,38320500;0,58356300;
202300017090.0;3;66;66038;1;1;1.0;6.0;42,65610036;2,85076439;
202300017091.0;5;987;98752;1;1;1.0;7.0; -17,72201500; -149,39818900;
202300017092.0;1;06;06027;1;1;1.0;2.0;43,66084800;7,15440100;
202300017093.0;3;10;10381;1;1;1.0;2.0;48,26296900;3,96980200;
202300017094.0;3;51;51588;1;1;2.0;4.0;49,06496048;4,72558480;
202300017095.0;1;38;38052;2;1;1.0;1.0;45,06739800;6,02162400;
202300017096.0;3;35;35032;1;1;9.0;6.0;47,99836900; -1,62467300;
202300017097.0;1;04;04112;1;1;3.0;6.0;43,79055200;5,80764800;
202300017098.0;1;45;45008;1;1;1.0;4.0;48,08008600;1,85123900;
202300017099.0;1;11;11370;1;1;1.0;7.0;43,21499700;3,09130000;
202300017100.0;5;987;98750;2;1;2.0;1.0; -16,82100000; -151,40400000;
202300017101.0;1;973;97313;1;1;2.0;3.0;4,93285000; -52,50651600;
202300017102.0;1;971;97125;1;1;1.0;6.0;16,27910300; -61,24832300;
202300017103.0;1;971;97125;2;9;1.0;3.0;16,25730500; -61,27437800;
202300017104.0;1;971;97117;1;1;3.0;6.0;16,36816200; -61,40915900;
202300017105.0;1;45;45253;1;1;2.0;6.0;48,16823200;2,15988600;
202300017106.0;3;78;78366;1;1;1.0;2.0;48,79654100;1,86698400;
202300017107.0;1;07;07010;1;1;1.0;3.0;45,23703348;4,61884975;
202300017108.0;5;66;66103;2;3;1.0;6.0;42,63925900;2,48320000;
202300017109.0;1;38;38170;1;1;1.0;7.0;45,24938500;5,65324900;
202300017110.0;3;988;98819;1;1;1.0;6.0; -20,42761600;164,42848900;
202300017111.0;1;38;38507;2;1;8.0;6.0;45,75193600;5,19683000;
202300017112.0;1;26;26235;1;1;1.0;1.0;44,37917700;4,69120500;
202300017113.0;1;37;37185;2;3;1.0;3.0;47,43190960;0,98174547;
202300017114.0;1;81;81219;1;2;2.0;3.0;43,58722200;2,01975700;
202300017115.0;1;91;91017;2;6;7.0;6.0;48,59389600;2,06394900;
202300017116.0;1;33;33056;1;1;2.0;1.0;44,92049000; -0,56258000;
202300017117.0;1;11;11292;1;1;1.0;6.0;43,39901400;1,96587700;
202300017118.0;3;49;49021;1;3;1.0;1.0;47,42376500; -0,23930900;
202300017119.0;1;83;83016;2;1;1.0;1.0;43,19006378;5,81398433;
202300017120.0;5;80;80236;2;1;1.0;6.0;49,70780900;2,59960800;
202300017121.0;3;83;83068;1;1;1.0;2.0;43,28742305;6,50078649;
202300017122.0;1;59;59096;2;1;9.0;6.0;50,55638500;3,24330600;
202300017123.0;3;42;42225;1;1;1.0;3.0;45,51860000;4,59110000;
202300017124.0;1;83;83138;1;6;1.0;3.0;43,61789100;6,70713200;
202300017125.0;5;92;92002;2;1;1.0;3.0;48,76329456;2,30558731;
202300017126.0;3;94;94003;1;1;1.0;2.0;48,79896363;2,34374287;
202300017127.0;5;68;68322;2;1;1.0;6.0;47,81043600;7,14772300;
202300017128.0;1;68;68283;1;1;1.0;7.0;48,28593400;7,26011800;
202300017129.0;1;92;92064;1;1;1.0;4.0;48,83918281;2,19487929;
202300017130.0;1;93;93053;1;1;1.0;3.0;48,88335910;2,45795473;
202300017131.0;1;57;57222;1;1;7.0;5.0;49,16051200;6,92639800;
202300017132.0;3;93;93078;1;1;1.0;2.0;48,96281000;2,54833000;
202300017133.0;3;94;94022;1;1;1.0;6.0;48,77669983;2,41635026;
202300017134.0;1;38;38072;2;1;1.0;4.0;45,30496900;4,80982300;
202300017135.0;1;77;77079;2;9;1.0;3.0;48,39049000;2,80647000;
202300017136.0;1;19;19037;1;1;1.0;2.0;45,40309044;1,72100161;
202300017137.0;1;69;69072;2;1;1.0;1.0;45,80204800;4,76646200;
202300017138.0;5;988;98818;2;3;1.0;6.0; -22,27104000;166,43771000;
202300017139.0;1;65;65481;1;9;1.0;2.0;42,90329500;0,10134200;
202300017140.0;5;974;97409;2;1;1.0;6.0; -20,93634000;55,65163000;
202300017141.0;1;85;85176;2;1;1.0;3.0;46,48889000; -0,80500600;
202300017142.0;5;973;97302;1;3;1.0;3.0;4,90541771; -52,32028484;
202300017143.0;1;02;02676;2;1;1.0;6.0;49,51942800;3,86343200;
202300017144.0;5;973;97302;2;2;1.0;1.0;4,93102401; -52,31324404;
202300017145.0;1;80;80212;2;2;1.0;3.0;49,90881000;2,50799300;
202300017146.0;1;973;97302;2;3;1.0;3.0;4,91996067; -52,31956869;
202300017147.0;3;62;62589;1;1;1.0;6.0;50,35299165;2,68132855;
202300017148.0;3;972;97207;1;1;1.0;5.0;14,60074000; -60,96642000;
202300017149.0;2;59;59377;2;3;7.0;3.0;50,12262800;3,17085900;
202300017150.0;2;972;97213;1;1;1.0;3.0;14,61729000; -61,01813000;
202300017151.0;4;13;13210;1;1;1.0;6.0;43,28489979;5,41754007;
202300017152.0;1;972;97209;2;1;1.0;2.0;14,61430000; -61,06326000;
202300017153.0;1;13;13211;1;1;1.0;4.0;43,28720000;5,43700000;
202300017154.0;1;83;83137;1;1;1.0;2.0;43,12689066;5,93036739;
202300017155.0;3;972;97209;1;6;1.0;3.0;14,61164000; -61,04211000;
202300017156.0;1;33;33192;1;1;1.0;2.0;44,78981900; -0,61354800;
202300017157.0;1;33;33366;1;1;1.0;4.0;44,98297900; -0,42856400;
202300017158.0;1;33;33192;1;1;1.0;4.0;44,78989300; -0,61432300;
202300017159.0;5;75;75117;2;1;1.0;3.0;48,88723100;2,30938600;
202300017160.0;5;75;75113;2;1;1.0;6.0;48,82400500;2,34669200;
202300017161.0;1;75;75105;2;1;1.0;7.0;48,83800400;2,34421300;
202300017162.0;1;75;75110;2;2;1.0;6.0;48,86999300;2,37102100;
202300017163.0;1;75;75110;2;2;1.0;3.0;48,87975000;2,35865800;
202300017164.0;5;75;75110;2;3;1.0;7.0;48,87076200;2,36539600;
202300017165.0;1;75;75108;2;3;1.0;6.0;48,86948400;2,31341200;
202300017166.0;2;94;94078;2;6;1.0;6.0;48,75296000;2,45340000;
202300017167.0;5;94;94043;2;2;1.0;3.0;48,81263511;2,36142325;
202300017168.0;1;94;94065;2;1;1.0;2.0;48,75481508;2,34686114;
202300017169.0;2;94;94060;2;1;1.0;6.0;48,79059000;2,58146000;
202300017170.0;3;94;94044;1;1;1.0;3.0;48,73920000;2,51609000;
202300017171.0;3;77;77291;2;9;1.0;2.0;49,01219000;2,59568000;
202300017172.0;5;93;93064;2;1;1.0;3.0;48,88086481;2,47222099;
202300017173.0;5;93;93062;2;3;1.0;3.0;48,90230000;2,52011000;
202300017174.0;2;93;93062;2;2;1.0;3.0;48,89134900;2,51525400;
202300017175.0;5;93;93053;2;1;1.0;5.0;48,88735459;2,46586865;
202300017176.0;5;93;93048;2;1;1.0;6.0;48,86939700;2,46337500;
202300017177.0;5;93;93048;2;2;1.0;3.0;48,87310000;2,45368000;
202300017178.0;1;93;93008;2;1;1.0;2.0;48,90685000;2,43066500;
202300017179.0;1;92;92075;2;1;1.0;3.0;48,82047000;2,29087000;
202300017180.0;1;92;92050;2;4;1.0;3.0;48,90697360;2,21131235;
202300017181.0;1;92;92049;2;2;1.0;7.0;48,81977000;2,31076000;
202300017182.0;5;92;92020;2;1;1.0;3.0;48,80547000;2,28703000;
202300017183.0;1;92;92020;2;1;1.0;6.0;48,79965000;2,28169000;
202300017184.0;5;92;92040;2;1;1.0;3.0;48,82100946;2,26245537;
202300017185.0;1;92;92036;2;2;1.0;3.0;48,92195238;2,29480737;
202300017186.0;1;92;92025;2;2;8.0;3.0;48,93109219;2,24422172;
202300017187.0;5;92;92024;2;1;1.0;3.0;48,90208993;2,29096860;
202300017188.0;5;92;92023;2;1;1.0;7.0;48,81587410;2,25411505;
202300017189.0;1;92;92002;2;1;1.0;2.0;48,76315126;2,31176752;
202300017190.0;1;62;62177;2;1;8.0;6.0;50,44985800;1,83161800;
202300017191.0;1;83;83003;1;1;1.0;7.0;43,60426200;6,37734900;
202300017192.0;1;68;68112;2;1;1.0;6.0;47,90369800;7,21739800;
202300017193.0;1;988;98810;1;1;1.0;7.0; -20,66539300;164,61304700;
202300017194.0;1;68;68300;2;1;8.0;6.0;47,77925200;7,38886400;
202300017195.0;1;83;83048;1;6;1.0;3.0;43,19168400;6,55644500;
202300017196.0;1;974;97414;2;3;1.0;1.0; -21,28807500;55,40043700;
202300017197.0;1;06;06064;2;9;1.0;3.0;43,76487200;7,20031500;
202300017198.0;3;61;61181;1;1;4.0;2.0;48,78313400;0,31832700;
202300017199.0;3;79;79301;1;1;9.0;7.0;46,22594300; -0,04864500;
202300017200.0;5;82;82037;2;1;1.0;6.0;44,16138800;1,53586500;
202300017201.0;1;71;71330;1;1;1.0;6.0;46,60692800;3,95939100;
202300017202.0;1;61;61140;1;1;1.0;4.0;48,72419400;0,65501700;
202300017203.0;3;61;61508;1;2;1.0;3.0;48,92274500;0,22489700;
202300017204.0;1;42;42246;1;1;1.0;1.0;45,29290500;4,61923100;
202300017205.0;1;41;41151;1;1;1.0;7.0;47,34662900;1,20584500;
202300017206.0;1;29;29045;1;3;1.0;3.0;48,42571713; -4,26197715;
202300017207.0;1;34;34150;1;1;1.0;2.0;43,36493463;3,51572885;
202300017208.0;3;25;25510;1;2;1.0;2.0;47,28048100;5,77730700;
202300017209.0;1;29;29260;1;1;1.0;7.0;48,42503217; -4,61289704;
202300017210.0;1;31;31390;2;1;1.0;6.0;43,09355700;0,57676400;
202300017211.0;3;26;26305;1;1;1.0;7.0;44,59025000;4,89529400;
202300017212.0;1;14;14270;1;1;8.0;6.0;49,14422557;0,32632828;
202300017213.0;3;60;60188;2;1;1.0;6.0;49,39652800;3,00316800;
202300017214.0;2;60;60616;2;9;1.0;6.0;49,34857700;1,77140600;
202300017215.0;3;18;18211;1;1;1.0;6.0;47,18571700;2,41574200;
202300017216.0;1;43;43200;2;1;2.0;6.0;45,03525300;4,06132800;
202300017217.0;3;24;24364;1;1;9.0;7.0;45,03408200;1,22562500;
202300017218.0;1;24;24356;2;1;1.0;6.0;45,04980800;0,97452200;
202300017219.0;3;87;87103;1;1;1.0;6.0;46,01932000;1,20464900;
202300017220.0;2;30;30004;1;3;1.0;5.0;43,71976900;4,20613300;
202300017221.0;3;30;30012;1;1;6.0;1.0;43,91210800;4,72472200;
202300017222.0;1;88;88516;2;2;8.0;6.0;48,19774400;5,94024500;
202300017223.0;5;24;24194;2;3;9.0;3.0;44,83697400;0,33130600;
202300017224.0;1;10;10419;1;1;1.0;7.0;48,19979300;4,26080700;
202300017225.0;1;10;10003;1;1;1.0;4.0;48,26713363;3,74477470;
202300017226.0;1;987;98735;1;1;1.0;6.0; -17,54627600; -149,58153600;
202300017227.0;2;53;53147;2;1;1.0;6.0;48,30581300; -0,62798000;
202300017228.0;1;987;98733;2;1;1.0;6.0; -17,70066500; -149,58481200;
202300017229.0;3;988;98802;1;3;1.0;2.0; -21,97576300;166,19730900;
202300017230.0;3;977;97701;1;1;1.0;7.0;17,91751996; -62,85445690;
202300017231.0;5;33;33085;2;1;2.0;6.0;44,76912400; -0,49351600;
202300017232.0;5;28;28279;2;1;1.0;6.0;48,64834000;1,53053200;
202300017233.0;1;2B;2B355;1;1;1.0;5.0;42,51868900;9,39472400;
202300017234.0;1;13;13081;2;1;1.0;6.0;43,48895300;5,22042100;
202300017235.0;1;13;13027;2;1;6.0;3.0;43,87943600;4,86171800;
202300017236.0;5;67;67348;2;1;1.0;7.0;48,45897400;7,50442900;
202300017237.0;3;46;46102;2;1;1.0;6.0;44,60477000;2,03423900;
202300017238.0;1;31;31248;2;1;1.0;5.0;43,47187700;1,39784400;
202300017239.0;3;40;40283;1;1;4.0;1.0;43,75769700; -1,00531300;
202300017240.0;5;14;14258;2;1;2.0;3.0;48,90877200; -0,20737800;
202300017241.0;1;35;35191;1;1;8.0;3.0;48,45655900; -1,30484100;
202300017242.0;2;13;13071;1;1;1.0;6.0;43,38643700;5,30737600;
202300017243.0;1;83;83027;1;1;1.0;6.0;43,16912000;5,76977000;
202300017244.0;1;59;59343;1;1;1.0;3.0;50,58377000;3,09116000;
202300017245.0;3;91;91468;1;1;1.0;4.0;48,57491000;2,46594000;
202300017246.0;5;94;94043;1;1;1.0;4.0;48,80694850;2,34653959;
202300017247.0;1;92;92050;1;1;1.0;2.0;48,90809836;2,21351713;
202300017248.0;3;93;93064;1;1;1.0;3.0;48,88130031;2,47480899;
202300017249.0;3;974;97416;1;1;1.0;6.0; -21,32465000;55,44582000;
202300017250.0;1;974;97416;2;9;1.0;3.0; -21,34298400;55,48153100;
202300017251.0;1;974;97409;1;1;1.0;2.0; -20,94430000;55,64980000;
202300017252.0;5;974;97407;2;1;1.0;3.0; -20,93358000;55,30734000;
202300017253.0;1;973;97302;2;3;1.0;3.0;4,91670000; -52,32145000;
202300017254.0;1;973;97302;2;3;1.0;3.0;4,92878908; -52,29843423;
202300017255.0;2;69;69383;2;1;1.0;2.0;45,74995000;4,86358000;
202300017256.0;3;69;69383;2;2;1.0;3.0;45,75390000;4,88756000;
202300017257.0;5;69;69382;2;1;1.0;4.0;45,75045986;4,83180657;
202300017258.0;1;2A;2A004;1;1;8.0;3.0;41,93151000;8,73383000;
202300017259.0;1;91;91103;1;1;9.0;3.0;48,58854200;2,30412600;
202300017260.0;1;91;91692;2;1;1.0;6.0;48,68729400;2,17356800;
202300017261.0;5;91;91326;2;9;1.0;6.0;48,68977000;2,38626000;
202300017262.0;1;91;91326;2;9;8.0;3.0;48,69569000;2,36494000;
202300017263.0;1;91;91223;2;1;1.0;3.0;48,43869000;2,16702000;
202300017264.0;1;83;83137;1;1;1.0;5.0;43,14823636;5,97636402;
202300017265.0;1;83;83137;2;1;1.0;6.0;43,13660876;5,91536379;
202300017266.0;1;77;77053;2;1;1.0;6.0;48,69051000;2,61049000;
202300017267.0;1;76;76540;2;1;1.0;2.0;49,44488000;1,09959000;
202300017268.0;1;76;76322;2;2;1.0;6.0;49,40663000;1,04984000;
202300017269.0;5;76;76540;2;3;8.0;6.0;49,45399000;1,09386000;
202300017270.0;2;74;74010;2;3;1.0;3.0;45,90712000;6,13500000;
202300017271.0;2;72;72181;2;9;1.0;6.0;47,96823000;0,19751000;
202300017272.0;5;71;71076;2;1;1.0;7.0;46,79574000;4,86843000;
202300017273.0;1;69;69259;2;2;1.0;3.0;45,69522042;4,88036185;
202300017274.0;2;67;67482;2;1;8.0;6.0;48,54537000;7,76686000;
202300017275.0;5;64;64102;2;1;1.0;2.0;43,47881000; -1,49585000;
202300017276.0;2;64;64102;2;1;1.0;7.0;43,50981038; -1,46604717;
202300017277.0;1;60;60057;2;1;1.0;4.0;49,43930000;2,08210000;
202300017278.0;1;59;59599;2;1;1.0;6.0;50,72471000;3,15786000;
202300017279.0;5;59;59512;2;2;2.0;3.0;50,68121000;3,16783000;
202300017280.0;1;59;59343;2;3;1.0;3.0;50,58450000;3,10290000;
202300017281.0;5;56;56121;2;1;1.0;2.0;47,75761000; -3,37188000;
202300017282.0;5;54;54395;2;1;1.0;6.0;48,70104000;6,17211000;
202300017283.0;5;54;54395;2;2;2.0;6.0;48,70329800;6,18199900;
202300017284.0;1;52;52125;1;1;8.0;2.0;48,07900830;5,15539830;
202300017285.0;1;51;51454;2;1;1.0;6.0;49,25471000;4,04272000;
202300017286.0;1;51;51506;2;1;8.0;3.0;48,94489083;4,38271813;
202300017287.0;1;49;49246;2;1;1.0;5.0;47,42050000; -0,50450000;
202300017288.0;1;49;49015;2;1;2.0;2.0;47,51098000; -0,61843000;
202300017289.0;1;45;45234;2;9;1.0;6.0;47,83947000;1,93452000;
202300017290.0;5;44;44109;2;1;1.0;3.0;47,21015000; -1,56214000;
202300017291.0;1;37;37261;2;1;1.0;3.0;47,41236000;0,70292000;
202300017292.0;5;35;35238;2;1;1.0;6.0;48,11249000; -1,67303000;
202300017293.0;1;35;35238;2;3;1.0;3.0;48,09453000; -1,63299000;
202300017294.0;1;33;33281;2;3;1.0;3.0;44,85430000; -0,65675000;
202300017295.0;1;31;31555;2;9;1.0;3.0;43,60109000;1,45674000;
202300017296.0;1;31;31555;2;1;1.0;3.0;43,58507000;1,38449000;
202300017297.0;1;29;29019;2;6;1.0;2.0;48,41400382; -4,47944462;
202300017298.0;1;28;28134;2;1;1.0;4.0;48,74592000;1,37234000;
202300017299.0;1;27;27681;2;2;1.0;3.0;49,08703000;1,48033000;
202300017300.0;1;27;27528;1;1;1.0;4.0;49,26758000;1,16009000;
202300017301.0;2;18;18050;1;1;1.0;6.0;47,05950500;2,34042000;
202300017302.0;5;16;16102;2;6;1.0;6.0;45,69154300; -0,32317100;
202300017303.0;5;15;15014;2;1;8.0;6.0;44,91922800;2,42881900;
202300017304.0;1;13;13098;1;1;1.0;3.0;43,46581000;4,98045000;
202300017305.0;1;13;13005;2;1;8.0;6.0;43,29726380;5,56574732;
202300017306.0;1;06;06069;1;1;1.0;6.0;43,64588700;6,95327500;
202300017307.0;1;06;06069;2;9;1.0;2.0;43,63640600;6,94069500;
202300017308.0;1;75;75119;2;1;1.0;3.0;48,87806100;2,40844700;
202300017309.0;5;75;75118;2;1;1.0;6.0;48,90088700;2,36421700;
202300017310.0;1;75;75119;2;2;1.0;6.0;48,88990000;2,38308600;
202300017311.0;5;75;75119;2;2;1.0;1.0;48,88417700;2,36860000;
202300017312.0;2;75;75117;2;7;1.0;6.0;48,87577400;2,28902800;
202300017313.0;1;75;75116;2;1;1.0;3.0;48,86326100;2,28362600;
202300017314.0;1;75;75110;2;3;1.0;3.0;48,87170600;2,36538700;
202300017315.0;5;75;75110;2;2;1.0;3.0;48,87480300;2,35740500;
202300017316.0;5;75;75109;2;2;1.0;3.0;48,87236800;2,33744600;
202300017317.0;1;94;94081;2;3;1.0;6.0;48,79982500;2,37777800;
202300017318.0;2;94;94028;2;2;2.0;6.0;48,79569000;2,44773000;
202300017319.0;5;94;94011;2;1;1.0;1.0;48,77165000;2,49017000;
202300017320.0;1;94;94022;2;1;1.0;4.0;48,77013900;2,42557900;
202300017321.0;1;94;94017;2;6;1.0;3.0;48,81487284;2,51996040;
202300017322.0;5;94;94004;2;1;1.0;1.0;48,74474123;2,50657350;
202300017323.0;1;94;94071;2;6;1.0;2.0;48,75987303;2,52693844;
202300017324.0;1;93;93066;2;3;1.0;3.0;48,93616907;2,36988455;
202300017325.0;1;93;93066;2;2;1.0;6.0;48,91812000;2,35799000;
202300017326.0;1;93;93062;2;2;1.0;5.0;48,89254610;2,51940832;
202300017327.0;1;93;93049;2;2;1.0;3.0;48,86701000;2,50097000;
202300017328.0;1;93;93057;2;1;1.0;2.0;48,91006000;2,50831000;
202300017329.0;1;93;93008;2;9;1.0;6.0;48,90661000;2,45081000;
202300017330.0;1;93;93008;2;1;1.0;6.0;48,90880919;2,45005041;
202300017331.0;1;93;93007;2;2;1.0;3.0;48,94135000;2,46385000;
202300017332.0;1;93;93007;2;9;1.0;1.0;48,93873565;2,47274412;
202300017333.0;1;92;92077;2;1;1.0;3.0;48,82840900;2,19073400;
202300017334.0;1;92;92050;2;1;1.0;1.0;48,88813798;2,19151765;
202300017335.0;5;92;92007;2;3;1.0;6.0;48,80006215;2,30139166;
202300017336.0;1;91;91340;1;1;9.0;1.0;48,57983300;2,41782900;
202300017337.0;1;83;83072;2;6;1.0;6.0;43,48958000;6,35390600;
202300017338.0;1;45;45293;1;1;1.0;1.0;47,97018312;2,59768863;
202300017339.0;1;83;83148;2;1;1.0;6.0;43,42688800;6,43086400;
202300017340.0;3;26;26330;1;1;1.0;2.0;45,27974800;4,92749700;
202300017341.0;1;48;48128;1;1;1.0;2.0;44,78375400;3,29205800;
202300017342.0;5;38;38113;1;3;1.0;3.0;44,83005800;5,60722200;
202300017343.0;3;11;11255;1;9;1.0;1.0;43,18204700;2,95272600;
202300017344.0;1;11;11254;1;1;4.0;6.0;43,20824100;2,18250300;
202300017345.0;1;34;34245;2;1;7.0;6.0;43,42154700;2,94683600;
202300017346.0;2;25;25467;2;3;1.0;1.0;47,25570100;5,93080900;
202300017347.0;5;31;31561;2;1;1.0;2.0;43,64977100;1,47186800;
202300017348.0;3;38;38062;1;4;1.0;3.0;45,42653200;5,99398100;
202300017349.0;1;58;58297;2;9;1.0;3.0;46,91120500;3,41962900;
202300017350.0;1;90;90034;1;1;1.0;7.0;47,65582700;6,92030800;
202300017351.0;3;60;60616;1;1;1.0;4.0;49,36400000;1,76678200;
202300017352.0;1;18;18124;1;8;1.0;3.0;47,04294600;2,03347900;
202300017353.0;2;18;18057;1;9;1.0;5.0;46,55691300;2,26030800;
202300017354.0;3;30;30003;1;6;1.0;7.0;43,56608081;4,12386417;
202300017355.0;1;06;06018;1;1;1.0;6.0;43,63216900;7,08708300;
202300017356.0;2;972;97224;1;1;7.0;2.0;14,65229900; -61,04057000;
202300017357.0;1;91;91100;2;1;1.0;4.0;48,43090600;2,26641300;
202300017358.0;3;2B;2B109;1;1;1.0;1.0;42,71869300;9,33529400;
202300017359.0;1;84;84092;2;1;1.0;2.0;43,95726600;4,84878300;
202300017360.0;1;13;13092;1;1;1.0;2.0;43,52670900;5,07534000;
202300017361.0;1;13;13119;2;1;1.0;2.0;43,24838300;5,54959800;
202300017362.0;1;52;52269;1;1;1.0;1.0;47,83576200;5,34975700;
202300017363.0;1;03;03200;2;1;1.0;6.0;46,55928300;3,29351700;
202300017364.0;1;38;38158;2;1;1.0;6.0;45,15163600;5,74698200;
202300017365.0;1;07;07268;1;1;1.0;7.0;44,31937300;4,54882800;
202300017366.0;3;69;69106;1;1;1.0;7.0;45,92586100;4,68109300;
202300017367.0;1;86;86173;2;1;2.0;1.0;46,97527500;0,04758200;
202300017368.0;1;14;14341;2;2;2.0;3.0;49,15470400; -0,34409900;
202300017369.0;1;29;29124;2;1;1.0;6.0;48,57106300; -4,32655100;
202300017370.0;1;35;35106;1;1;2.0;7.0;47,84289766; -1,58858389;
202300017371.0;2;80;80685;2;2;1.0;6.0;49,70722300;2,77872000;
202300017372.0;1;13;13202;2;1;1.0;4.0;43,30245000;5,36430000;
202300017373.0;1;83;83137;2;1;1.0;3.0;43,12476769;5,90137449;
202300017374.0;1;91;91340;1;1;1.0;2.0;48,61098000;2,43305000;
202300017375.0;2;91;91161;1;1;1.0;2.0;48,70847000;2,30657000;
202300017376.0;3;91;91161;1;1;1.0;5.0;48,72192000;2,31151000;
202300017377.0;1;93;93066;1;1;1.0;7.0;48,92832946;2,35827677;
202300017378.0;1;93;93064;1;1;1.0;4.0;48,87834000;2,47705000;
202300017379.0;1;93;93078;1;1;1.0;4.0;48,97093000;2,49969000;
202300017380.0;1;94;94069;1;1;1.0;2.0;48,81748654;2,44035369;
202300017381.0;1;73;73008;2;3;1.0;2.0;45,66546000;5,90882000;
202300017382.0;1;73;73008;2;3;1.0;1.0;45,67655000;5,90462000;
202300017383.0;1;74;74024;2;1;1.0;5.0;46,08197200;6,43974100;
202300017384.0;1;74;74143;1;1;2.0;6.0;45,91004277;6,77400738;
202300017385.0;5;74;74143;1;9;1.0;7.0;45,89190500;6,79076300;
202300017386.0;1;74;74201;1;1;1.0;2.0;46,12012000;6,09515900;
202300017387.0;1;74;74275;2;1;1.0;2.0;45,81622100;6,22903600;
202300017388.0;1;74;74168;1;3;1.0;1.0;46,02412600;6,01472500;
202300017389.0;1;74;74154;1;1;1.0;5.0;46,40796500;6,69758900;
202300017390.0;1;74;74032;1;1;1.0;7.0;46,25014900;6,49689000;
202300017391.0;1;74;74267;2;1;1.0;2.0;45,87300600;6,14138000;
202300017392.0;1;74;74243;1;1;1.0;6.0;46,13410929;6,10478014;
202300017393.0;1;74;74104;2;1;1.0;3.0;45,77863600;6,22285400;
202300017394.0;1;74;74065;2;1;8.0;6.0;46,02919300;5,96368800;
202300017395.0;1;29;29260;1;1;1.0;5.0;48,41763561; -4,63761601;
202300017396.0;1;974;97411;2;3;1.0;3.0; -20,89567000;55,49484000;
202300017397.0;1;973;97302;2;1;1.0;6.0;4,93614586; -52,33344913;
202300017398.0;1;973;97302;2;1;1.0;3.0;4,93205551; -52,32815444;
202300017399.0;5;973;97302;1;1;1.0;2.0;4,90152000; -52,32503000;
202300017400.0;1;973;97302;2;1;1.0;3.0;4,93858964; -52,32715264;
202300017401.0;5;69;69387;2;3;1.0;6.0;45,72576000;4,84047000;
202300017402.0;5;972;97213;1;1;1.0;6.0;14,61822000; -61,02675000;
202300017403.0;1;972;97229;1;9;1.0;6.0;14,61912195; -61,08323026;
202300017404.0;1;972;97209;2;1;1.0;6.0;14,62285000; -61,05752000;
202300017405.0;1;69;69034;2;3;1.0;6.0;45,78801000;4,84334000;
202300017406.0;1;2B;2B037;1;2;1.0;3.0;42,59438000;9,44263000;
202300017407.0;2;971;97101;1;1;2.0;1.0;16,24087000; -61,52034000;
202300017408.0;1;971;97101;2;1;1.0;2.0;16,27297000; -61,50510000;
202300017409.0;1;971;97101;1;9;1.0;6.0;16,29193000; -61,49518000;
202300017410.0;1;87;87085;2;1;2.0;7.0;45,87494000;1,29266000;
202300017411.0;1;87;87085;2;1;1.0;6.0;45,83395000;1,27212000;
202300017412.0;1;84;84031;2;2;1.0;2.0;44,02246000;5,03617000;
202300017413.0;3;83;83118;1;9;1.0;6.0;43,44497000;6,84556000;
202300017414.0;3;78;78517;1;1;1.0;6.0;48,63980000;1,83935000;
202300017415.0;2;78;78299;2;8;1.0;6.0;49,00120100;1,89127400;
202300017416.0;1;78;78498;2;4;1.0;3.0;48,91675500;2,02416700;
202300017417.0;5;77;77096;2;1;1.0;6.0;48,48671000;2,69634000;
202300017418.0;1;77;77464;2;3;1.0;3.0;48,88301107;2,71487732;
202300017419.0;5;76;76351;2;3;1.0;6.0;49,49226000;0,11026000;
202300017420.0;1;76;76351;2;1;1.0;6.0;49,49280000;0,12329000;
202300017421.0;5;76;76351;2;2;1.0;3.0;49,50088000;0,14443000;
202300017422.0;5;76;76351;2;1;1.0;6.0;49,52509000;0,11461000;
202300017423.0;1;74;74010;2;1;8.0;5.0;45,90999000;6,11840000;
202300017424.0;5;73;73008;2;1;1.0;4.0;45,70607000;5,91096000;
202300017425.0;2;72;72181;2;1;1.0;6.0;48,01719000;0,21772000;
202300017426.0;1;72;72181;2;9;1.0;3.0;47,97730000;0,21380000;