Num_Acc;lum;departement;commune;agglomeration;intersection;meteo;type_collision;lat;long;date
202300017427.0;1;71;71118;1;6;1.0;3.0;46,78054000;4,79708000;
202300017428.0;1;69;69256;2;2;1.0;6.0;45,78071000;4,92348000;
202300017429.0;1;64;64445;2;3;1.0;3.0;43,32912000; -0,35256000;
202300017430.0;2;64;64445;2;1;8.0;3.0;43,32375000; -0,35153000;
202300017431.0;5;64;64024;2;9;1.0;1.0;43,49910000; -1,53962000;
202300017432.0;1;63;63113;2;3;1.0;3.0;45,78442000;3,12356000;
202300017433.0;1;63;63113;2;4;1.0;2.0;45,78849000;3,11815000;
202300017434.0;5;62;62178;2;1;1.0;6.0;50,49570453;2,58207661;
202300017435.0;1;62;62178;2;3;1.0;3.0;50,48961578;2,52843118;
202300017436.0;1;62;62643;2;2;1.0;3.0;50,70668358;1,58089194;
202300017437.0;5;59;59155;2;1;1.0;6.0;51,00519000;2,38231000;
202300017438.0;1;59;59178;2;1;1.0;6.0;50,38427000;3,08196000;
202300017439.0;2;59;59375;1;1;1.0;1.0;50,39679417;3,28352273;
202300017440.0;1;52;52448;2;1;7.0;6.0;48,64444000;4,96342000;
202300017441.0;1;51;51454;2;1;1.0;6.0;49,25558000;4,02218000;
202300017442.0;1;51;51506;2;1;1.0;6.0;48,95929736;4,38692453;
202300017443.0;1;49;49007;2;1;1.0;6.0;47,46853000; -0,53283000;
202300017444.0;1;49;49007;2;1;1.0;3.0;47,47368000; -0,54007000;
202300017445.0;3;47;47323;1;1;1.0;6.0;44,40247000;0,77477000;
202300017446.0;5;46;46042;2;1;1.0;6.0;44,44590000;1,44320000;
202300017447.0;1;45;45286;1;2;1.0;3.0;47,87039908;1,93230513;
202300017448.0;1;45;45234;2;2;1.0;3.0;47,90675000;1,89281000;
202300017449.0;1;43;43251;2;9;1.0;3.0;45,02615172;3,88042688;
202300017450.0;5;43;43046;2;1;1.0;2.0;45,06472000;3,90695000;
202300017451.0;1;35;35238;1;1;1.0;2.0;48,12801000; -1,71258000;
202300017452.0;1;31;31149;2;9;1.0;3.0;43,59482500;1,32549400;
202300017453.0;1;31;31555;2;1;1.0;2.0;43,57020000;1,45516000;
202300017454.0;1;31;31555;2;1;1.0;6.0;43,62177000;1,44570800;
202300017455.0;1;29;29232;2;1;1.0;2.0;47,98013937; -4,10369570;
202300017456.0;1;28;28404;2;1;7.0;6.0;48,71729000;1,36938000;
202300017457.0;5;27;27229;2;1;1.0;1.0;49,01623000;1,16359000;
202300017458.0;1;25;25204;2;3;1.0;2.0;46,92749000;6,34712000;
202300017459.0;1;19;19031;2;1;1.0;3.0;45,15085000;1,49927000;
202300017460.0;1;19;19031;2;1;1.0;6.0;45,15200662;1,50343180;
202300017461.0;1;13;13071;2;9;1.0;6.0;43,41000000;5,31100000;
202300017462.0;1;13;13077;2;6;1.0;6.0;43,40691000;4,98612000;
202300017463.0;2;13;13213;2;3;1.0;5.0;43,32055000;5,45832000;
202300017464.0;1;13;13206;2;6;1.0;6.0;43,28612000;5,38430000;
202300017465.0;2;13;13212;2;1;1.0;3.0;43,29429889;5,44195952;
202300017466.0;1;13;13204;2;2;1.0;3.0;43,30101000;5,40066000;
202300017467.0;1;12;12145;2;3;1.0;3.0;44,09146000;3,06842000;
202300017468.0;5;75;75115;2;1;1.0;3.0;48,84149400;2,31870800;
202300017469.0;5;75;75112;2;1;1.0;6.0;48,83314200;2,39879100;
202300017470.0;1;75;75111;2;2;1.0;6.0;48,86265200;2,36730800;
202300017471.0;1;75;75111;2;3;1.0;3.0;48,86418600;2,38023900;
202300017472.0;1;75;75108;2;1;1.0;6.0;48,87397500;2,30605900;
202300017473.0;1;75;75115;2;2;1.0;6.0;48,85457700;2,28884900;
202300017474.0;1;75;75107;2;3;8.0;3.0;48,86287145;2,31519163;
202300017475.0;1;75;75103;2;1;1.0;6.0;48,86864800;2,35767600;
202300017476.0;1;94;94078;2;1;1.0;3.0;48,74041600;2,44664700;
202300017477.0;1;94;94015;2;3;1.0;3.0;48,82934100;2,51779800;
202300017478.0;1;94;94046;2;1;1.0;3.0;48,79575800;2,43370900;
202300017479.0;5;94;94016;2;7;1.0;6.0;48,79412000;2,33680000;
202300017480.0;1;94;94041;2;1;1.0;3.0;48,81574400;2,36651200;
202300017481.0;2;94;94073;2;1;1.0;2.0;48,74620000;2,37175000;
202300017482.0;5;94;94011;2;6;1.0;3.0;48,77928000;2,49230000;
202300017483.0;1;94;94069;2;1;1.0;3.0;48,81714000;2,45367000;
202300017484.0;1;93;93073;2;2;1.0;6.0;48,95911000;2,57247000;
202300017485.0;5;93;93066;2;9;1.0;6.0;48,93137212;2,35686443;
202300017486.0;1;93;93062;2;1;1.0;2.0;48,89698300;2,51534500;
202300017487.0;1;93;93063;2;3;1.0;3.0;48,89388000;2,43452000;
202300017488.0;1;93;93029;2;2;1.0;3.0;48,91945000;2,45052000;
202300017489.0;5;93;93013;2;2;1.0;3.0;48,93584000;2,43523300;
202300017490.0;2;93;93047;2;3;1.0;3.0;48,90303000;2,56226000;
202300017491.0;2;93;93001;2;2;1.0;6.0;48,91126000;2,38467600;
202300017492.0;5;92;92078;2;9;1.0;3.0;48,93070162;2,32081890;
202300017493.0;1;92;92073;2;3;1.0;6.0;48,87220323;2,22412097;
202300017494.0;1;92;92024;2;1;8.0;6.0;48,89948046;2,30287170;
202300017495.0;2;92;92012;2;1;1.0;1.0;48,83862851;2,23615980;
202300017496.0;1;92;92012;2;1;1.0;6.0;48,83837571;2,24083400;
202300017497.0;1;92;92012;2;1;1.0;6.0;48,83707824;2,23787892;
202300017498.0;1;92;92009;2;6;1.0;3.0;48,90741111;2,26576692;
202300017499.0;1;35;35175;2;1;1.0;6.0;47,89662100; -1,97297100;
202300017500.0;3;50;50167;1;1;1.0;6.0;48,68628900; -1,46684900;
202300017501.0;1;12;12300;2;1;1.0;6.0;44,36052500;1,99618600;
202300017502.0;1;972;97232;2;2;1.0;4.0;14,54446700; -60,84086900;
202300017503.0;1;22;22180;1;1;1.0;1.0;48,42521400; -2,19848900;
202300017504.0;1;30;30209;1;1;1.0;7.0;44,00800300;4,74193600;
202300017505.0;3;62;62885;1;4;1.0;3.0;50,54302000;2,34934700;
202300017506.0;3;77;77406;2;1;1.0;6.0;48,84274400;3,19390400;
202300017507.0;3;61;61349;1;1;1.0;6.0;48,78545900; -0,12502900;
202300017508.0;1;83;83067;1;1;8.0;6.0;43,33974800;6,29601900;
202300017509.0;3;62;62599;1;2;1.0;3.0;50,73607602;1,87528950;
202300017510.0;3;56;56101;1;1;1.0;7.0;47,83521100; -3,16878300;
202300017511.0;5;82;82013;2;1;1.0;2.0;43,87920400;0,98204300;
202300017512.0;3;33;33424;1;1;1.0;6.0;45,14026603; -0,81788080;
202300017513.0;3;11;11106;2;2;1.0;1.0;43,23430300;3,06402700;
202300017514.0;1;71;71428;1;2;1.0;5.0;46,19594800;4,29826100;
202300017515.0;1;61;61476;1;1;1.0;6.0;48,35038800;0,39733100;
202300017516.0;3;61;61370;1;1;1.0;6.0;48,55499500; -0,63624100;
202300017517.0;1;47;47186;1;1;1.0;7.0;44,23321304;0,44945098;
202300017518.0;1;68;68138;2;1;1.0;7.0;47,58631000;7,25699500;
202300017519.0;1;25;25405;1;1;1.0;3.0;46,82739600;6,33489500;
202300017520.0;1;03;03031;1;1;1.0;6.0;46,41525700;2,71851500;
202300017521.0;1;26;26113;1;3;1.0;3.0;44,76794300;5,35098600;
202300017522.0;1;13;13106;1;1;1.0;2.0;43,39238545;5,35127638;
202300017523.0;2;72;72042;1;9;1.0;3.0;47,98138300;0,56177300;
202300017524.0;1;69;69199;1;1;1.0;4.0;45,69126000;4,84534000;
202300017525.0;1;06;06079;2;9;1.0;3.0;43,54735600;6,93978100;
202300017526.0;1;69;69290;1;1;1.0;2.0;45,69671000;4,97894000;
202300017527.0;3;42;42207;1;1;1.0;7.0;45,48695358;4,50418049;
202300017528.0;1;64;64504;2;1;1.0;7.0;43,30325000; -1,58643500;
202300017529.0;2;73;73162;1;3;5.0;6.0;45,61175200;6,29112200;
202300017530.0;1;33;33122;1;1;1.0;4.0;44,74455000; -0,70406000;
202300017531.0;1;10;10373;1;1;1.0;1.0;48,20985300;4,00702700;
202300017532.0;3;59;59462;1;1;1.0;2.0;50,50512061;3,01817179;
202300017533.0;1;27;27137;1;1;1.0;2.0;48,74946700;0,77777200;
202300017534.0;1;78;78455;1;1;1.0;3.0;48,86071300;2,04720500;
202300017535.0;5;92;92050;1;1;1.0;2.0;48,90206507;2,20316291;
202300017536.0;1;93;93008;1;1;1.0;7.0;48,91139887;2,44020849;
202300017537.0;1;95;95042;1;1;1.0;6.0;49,06084000;2,30989400;
202300017538.0;1;987;98734;2;1;1.0;1.0; -17,71200000; -149,50800000;
202300017539.0;1;93;93066;1;1;1.0;5.0;48,92253435;2,35702102;
202300017540.0;1;19;19085;1;1;1.0;2.0;45,30726464;1,83190731;
202300017541.0;1;93;93066;1;1;1.0;2.0;48,91977000;2,35723243;
202300017542.0;1;26;26057;1;1;1.0;2.0;45,02220800;5,05054500;
202300017543.0;1;78;78043;1;1;1.0;1.0;48,83037400;2,06924900;
202300017544.0;1;93;93005;1;1;1.0;5.0;48,95700911;2,47337222;
202300017545.0;1;77;77508;2;1;1.0;6.0;48,81477100;2,82637200;
202300017546.0;1;93;93001;1;1;1.0;2.0;48,92164654;2,36690506;
202300017547.0;1;67;67223;1;1;1.0;2.0;48,50166000;7,56908100;
202300017548.0;3;94;94042;1;1;2.0;7.0;48,82846891;2,47633616;
202300017549.0;1;976;97611;2;1;1.0;6.0; -12,77049600;45,22111620;
202300017550.0;1;94;94043;2;1;1.0;6.0;48,81251000;2,36168000;
202300017551.0;1;987;98725;2;6;1.0;3.0; -17,55800000; -149,47600000;
202300017552.0;3;974;97411;2;1;2.0;7.0; -20,88793690;55,50037622;
202300017553.0;1;987;98719;2;1;1.0;3.0; -22,33400000; -135,80200000;
202300017554.0;1;974;97411;2;6;1.0;3.0; -20,87650000;55,44236000;
202300017555.0;1;77;77107;1;1;1.0;1.0;48,66765400;2,81125500;
202300017556.0;1;973;97302;2;3;2.0;3.0;4,94274000; -52,31969000;
202300017557.0;1;973;97302;1;1;2.0;2.0;4,89963000; -52,32635000;
202300017558.0;3;77;77354;1;3;1.0;3.0;48,46910500;2,85852100;
202300017559.0;1;973;97302;2;2;2.0;3.0;4,92962000; -52,31509000;
202300017560.0;1;91;91338;1;2;1.0;3.0;48,63772600;2,06186200;
202300017561.0;1;973;97302;2;2;1.0;6.0;4,94236000; -52,32240000;
202300017562.0;1;11;11426;1;1;1.0;7.0;43,28633200;2,43959700;
202300017563.0;2;69;69387;2;2;1.0;6.0;45,74743000;4,83494000;
202300017564.0;1;69;69386;2;3;1.0;3.0;45,76628000;4,86204000;
202300017565.0;1;69;69387;2;3;1.0;6.0;45,74064000;4,84859000;
202300017566.0;1;13;13027;1;1;8.0;1.0;43,90520500;4,81488700;
202300017567.0;5;972;97209;1;1;1.0;7.0;14,62294000; -61,03688000;
202300017568.0;1;971;97120;2;1;1.0;6.0;16,24087000; -61,53486000;
202300017569.0;5;971;97120;1;1;1.0;7.0;16,23036000; -61,53129000;
202300017570.0;1;91;91421;2;1;1.0;1.0;48,69958000;2,45453000;
202300017571.0;5;91;91687;2;3;2.0;6.0;48,65940000;2,37278000;
202300017572.0;1;91;91479;2;3;1.0;3.0;48,71137000;2,35907000;
202300017573.0;1;91;91479;2;3;1.0;3.0;48,70722000;2,36163000;
202300017574.0;1;87;87085;2;1;1.0;6.0;45,83668000;1,27051000;
202300017575.0;1;83;83137;2;1;1.0;6.0;43,12387000;5,95373000;
202300017576.0;1;76;76351;2;4;2.0;3.0;49,49272799;0,13210952;
202300017577.0;1;69;69290;2;3;1.0;6.0;45,69049000;4,93670000;
202300017578.0;1;67;67482;2;3;1.0;3.0;48,57910200;7,75548400;
202300017579.0;1;64;64445;2;3;1.0;3.0;43,32155000; -0,36143000;
202300017580.0;1;64;64445;2;2;1.0;3.0;43,30740067; -0,38017094;
202300017581.0;1;64;64102;2;2;1.0;2.0;43,49335000; -1,47570000;
202300017582.0;1;63;63113;2;2;1.0;3.0;45,75997000;3,12230000;
202300017583.0;1;63;63113;2;1;1.0;4.0;45,81412000;3,10993000;
202300017584.0;1;59;59271;2;2;1.0;6.0;51,02328382;2,30408067;
202300017585.0;1;58;58194;2;3;1.0;1.0;46,98689000;3,14422000;
202300017586.0;1;58;58194;1;1;1.0;6.0;47,00450000;3,15379000;
202300017587.0;3;56;56121;2;1;2.0;7.0;47,75369000; -3,36943000;
202300017588.0;1;51;51454;2;1;3.0;7.0;49,25680000;4,00818000;
202300017589.0;1;49;49099;2;6;1.0;2.0;47,06657000; -0,85896000;
202300017590.0;4;49;49007;2;1;1.0;2.0;47,47633000; -0,55441000;
202300017591.0;1;44;44109;2;1;1.0;3.0;47,23740000; -1,50770000;
202300017592.0;3;44;44055;1;1;1.0;2.0;47,30246000; -2,36979000;
202300017593.0;1;38;38421;2;3;8.0;3.0;45,18615000;5,76942000;
202300017594.0;1;37;37261;2;1;1.0;7.0;47,38818339;0,69311500;
202300017595.0;1;29;29232;1;6;1.0;7.0;47,97952500; -4,09513400;
202300017596.0;2;22;22113;1;1;1.0;3.0;48,73216000; -3,41315000;
202300017597.0;5;19;19031;2;1;1.0;6.0;45,15298000;1,53493000;
202300017598.0;1;19;19031;2;1;1.0;6.0;45,15734000;1,51557000;
202300017599.0;5;13;13207;2;1;1.0;1.0;43,26768000;5,37195000;
202300017600.0;1;13;13210;2;1;1.0;3.0;43,28332310;5,42407646;
202300017601.0;1;06;06069;2;1;1.0;2.0;43,65154000;6,94452000;
202300017602.0;5;06;06027;2;1;2.0;5.0;43,65900000;7,16300000;
202300017603.0;5;06;06155;2;1;1.0;7.0;43,57224600;7,08428800;
202300017604.0;1;04;04070;2;4;1.0;2.0;44,10271000;6,22939000;
202300017605.0;2;75;75115;2;1;1.0;2.0;48,82665900;2,29572000;
202300017606.0;5;75;75106;2;2;1.0;6.0;48,85290100;2,33699400;
202300017607.0;5;75;75120;2;2;2.0;3.0;48,85268800;2,40611700;
202300017608.0;1;75;75120;2;3;1.0;3.0;48,86644900;2,41263000;
202300017609.0;1;75;75119;2;3;1.0;7.0;48,87803000;2,37068000;
202300017610.0;1;75;75116;2;1;1.0;3.0;48,86837900;2,28566300;
202300017611.0;1;75;75115;2;2;1.0;2.0;48,85069800;2,29234200;
202300017612.0;1;75;75115;2;1;8.0;6.0;48,84276800;2,30303501;
202300017613.0;1;75;75111;2;2;8.0;3.0;48,86190900;2,37214300;
202300017614.0;1;75;75110;2;2;1.0;3.0;48,87579200;2,34826400;
202300017615.0;1;75;75110;2;1;8.0;6.0;48,87463800;2,36968100;
202300017616.0;1;75;75108;2;3;1.0;2.0;48,87138700;2,30256800;
202300017617.0;1;94;94074;2;3;8.0;2.0;48,77018000;2,44050000;
202300017618.0;5;94;94068;2;2;2.0;3.0;48,80761640;2,50586128;
202300017619.0;1;94;94076;2;1;1.0;3.0;48,79314000;2,36926000;
202300017620.0;1;93;93074;1;6;1.0;2.0;48,92445649;2,57007712;
202300017621.0;5;92;92073;2;1;1.0;6.0;48,87333236;2,22146308;
202300017622.0;5;92;92033;2;6;2.0;6.0;48,84135860;2,17947990;
202300017623.0;1;92;92051;2;1;1.0;6.0;48,88973600;2,26815900;
202300017624.0;5;92;92050;2;2;1.0;3.0;48,89418000;2,19585000;
202300017625.0;1;92;92023;2;9;2.0;3.0;48,78748482;2,24882975;
202300017626.0;1;92;92002;2;6;2.0;3.0;48,75002000;2,30875000;
202300017627.0;1;974;97415;2;1;1.0;7.0; -20,98351400;55,33410600;
202300017628.0;1;67;67372;2;9;1.0;3.0;48,84215300;7,61327900;
202300017629.0;1;71;71320;1;1;1.0;6.0;46,62978700;4,46497700;
202300017630.0;1;84;84043;2;1;1.0;2.0;44,00198200;4,92337200;
202300017631.0;1;22;22048;1;1;8.0;1.0;48,46850400; -2,12884800;
202300017632.0;3;60;60398;1;1;2.0;3.0;49,16273700;2,28054300;
202300017633.0;1;76;76320;1;4;1.0;6.0;49,92000115;1,48854822;
202300017634.0;1;83;83148;2;3;1.0;6.0;43,42597800;6,43063900;
202300017635.0;1;22;22341;1;1;1.0;6.0;48,40362000; -2,41264000;
202300017636.0;1;76;76571;1;2;1.0;3.0;49,57059695;1,31692842;
202300017637.0;2;79;79179;1;1;5.0;1.0;46,68953800; -0,61968700;
202300017638.0;1;12;12195;1;4;1.0;1.0;43,87029200;2,75683300;
202300017639.0;1;12;12208;2;1;1.0;6.0;43,94775900;2,89682900;
202300017640.0;1;39;39191;1;1;1.0;6.0;46,81447100;5,59316800;
202300017641.0;3;29;29069;1;1;1.0;6.0;48,41007500; -4,54501400;
202300017642.0;1;38;38261;2;2;2.0;3.0;45,68428600;5,46275300;
202300017643.0;1;72;72156;1;9;1.0;3.0;48,10370600;0,71763000;
202300017644.0;1;06;06074;1;1;1.0;7.0;43,96162300;7,30309700;
202300017645.0;1;50;50181;1;1;1.0;6.0;49,16329100; -1,31864300;
202300017646.0;1;53;53128;2;6;1.0;3.0;47,94185700; -1,08443900;
202300017647.0;1;04;04209;2;1;1.0;6.0;44,19148900;5,94508100;
202300017648.0;1;28;28164;1;1;1.0;1.0;48,23525297;1,78695917;
202300017649.0;1;973;97307;2;3;2.0;3.0;4,89502000; -52,33071300;
202300017650.0;1;66;66012;2;1;1.0;3.0;42,70363500;2,82229500;
202300017651.0;1;69;69019;2;3;1.0;2.0;46,10109000;4,73403500;
202300017652.0;1;45;45317;1;1;1.0;2.0;47,76432200;1,56192500;
202300017653.0;3;973;97305;1;1;1.0;1.0;4,93984100; -52,41130800;
202300017654.0;1;13;13040;2;1;1.0;3.0;43,44690600;5,55604600;
202300017655.0;1;41;41220;1;1;1.0;1.0;47,74340700;1,64277800;
202300017656.0;2;2B;2B134;2;1;6.0;6.0;42,64283400;8,93631000;
202300017657.0;1;34;34058;1;1;1.0;3.0;43,66743500;3,98700100;
202300017658.0;1;42;42299;1;1;1.0;1.0;45,62193200;4,07826700;
202300017659.0;1;31;31304;1;1;1.0;6.0;43,58104400;1,79514900;
202300017660.0;1;40;40202;2;6;3.0;3.0;43,70193200; -1,01949700;
202300017661.0;1;22;22093;2;1;2.0;6.0;48,50656900; -2,60621100;
202300017662.0;3;76;76563;1;1;1.0;6.0;49,51614400;0,32766400;
202300017663.0;4;91;91661;1;1;1.0;6.0;48,70336900;2,24879900;
202300017664.0;3;95;95572;1;1;1.0;2.0;49,03319521;2,10962176;
202300017665.0;1;72;72095;2;1;1.0;6.0;48,02270000;0,20793000;
202300017666.0;1;976;97611;2;9;1.0;6.0; -12,80266000;45,21383000;
202300017667.0;3;49;49007;1;1;1.0;1.0;47,46484000; -0,57586000;
202300017668.0;1;27;27229;2;1;1.0;6.0;49,02377600;1,14359160;
202300017669.0;4;63;63032;2;1;1.0;6.0;45,74759000;3,07324000;
202300017670.0;1;75;75112;2;1;1.0;2.0;48,82725800;2,39088400;
202300017671.0;1;75;75120;2;3;1.0;6.0;48,85702400;2,39814500;
202300017672.0;1;93;93046;2;3;1.0;5.0;48,91268000;2,52260000;
202300017673.0;1;976;97611;2;9;1.0;7.0; -12,76154500;45,22628200;
202300017674.0;5;974;97416;2;1;1.0;6.0; -21,29795000;55,45276000;
202300017675.0;1;974;97411;2;1;1.0;3.0; -20,91079000;55,41099000;
202300017676.0;5;974;97407;2;1;1.0;6.0; -20,93975000;55,29109000;
202300017677.0;1;972;97213;1;1;1.0;4.0;14,61828000; -61,03065000;
202300017678.0;5;972;97209;2;3;1.0;3.0;14,63034418; -61,05504775;
202300017679.0;5;971;97105;2;9;1.0;6.0;15,98926073; -61,72694206;
202300017680.0;1;2A;2A004;2;1;1.0;2.0;41,93144604;8,73828828;
202300017681.0;1;83;83009;2;2;1.0;3.0;43,13954600;5,75664200;
202300017682.0;5;81;81065;2;1;2.0;2.0;43,60262000;2,24373000;
202300017683.0;1;78;78401;2;1;1.0;6.0;49,01305000;1,91675000;
202300017684.0;1;33;33063;2;2;1.0;3.0;44,83877000; -0,62592000;
202300017685.0;1;32;32013;2;1;1.0;6.0;43,64838000;0,58728000;
202300017686.0;1;29;29232;2;1;1.0;7.0;47,97932008; -4,12309242;
202300017687.0;1;29;29019;2;1;1.0;2.0;48,40065000; -4,52533000;
202300017688.0;2;74;74010;2;3;1.0;3.0;45,90915000;6,10705000;
202300017689.0;5;69;69276;2;1;2.0;3.0;45,68765414;4,86151712;
202300017690.0;5;19;19031;2;1;1.0;6.0;45,16471000;1,51696000;
202300017691.0;4;60;60175;2;9;1.0;3.0;49,24626000;2,47091000;
202300017692.0;1;59;59009;2;1;1.0;3.0;50,61480000;3,13951200;
202300017693.0;3;18;18033;1;1;2.0;7.0;47,07197000;2,33766000;
202300017694.0;2;54;54184;2;3;1.0;3.0;48,70303000;6,22795000;
202300017695.0;5;54;54254;2;1;2.0;6.0;49,48877000;5,80777000;
202300017696.0;1;51;51172;2;3;1.0;3.0;49,21533000;4,04941000;
202300017697.0;3;17;17415;1;1;1.0;4.0;45,73001000; -0,62934000;
202300017698.0;2;35;35238;1;1;3.0;2.0;48,12032000; -1,72273000;
202300017699.0;1;15;15014;2;6;1.0;4.0;44,91513000;2,44035000;
202300017700.0;1;29;29232;1;3;1.0;5.0;47,95762000; -4,08254000;
202300017701.0;1;15;15014;2;1;1.0;4.0;44,91865000;2,43852000;
202300017702.0;5;29;29039;1;6;1.0;3.0;47,92122774; -3,90096613;
202300017703.0;1;14;14220;2;6;1.0;6.0;49,36042000;0,08473000;
202300017704.0;5;25;25056;2;4;2.0;6.0;47,24634100;6,02564600;
202300017705.0;5;13;13211;2;3;1.0;3.0;43,28881301;5,46134529;
202300017706.0;5;13;13211;2;1;1.0;6.0;43,28539131;5,44113557;
202300017707.0;1;06;06027;2;1;1.0;6.0;43,65864200;7,14773100;
202300017708.0;2;13;13206;2;1;1.0;2.0;43,28496000;5,37940000;
202300017709.0;1;13;13206;2;1;1.0;6.0;43,29270000;5,38277000;
202300017710.0;1;75;75120;2;1;1.0;3.0;48,87252600;2,41267600;
202300017711.0;5;13;13211;2;3;1.0;1.0;43,29021000;5,44121000;
202300017712.0;5;13;13208;2;1;1.0;2.0;43,25080000;5,37567000;
202300017713.0;1;75;75117;2;1;1.0;5.0;48,89910400;2,31712400;
202300017714.0;2;09;09122;1;1;1.0;7.0;42,96710000;1,59500100;
202300017715.0;1;07;07186;1;1;3.0;7.0;44,71215000;4,59662000;
202300017716.0;1;75;75120;2;1;1.0;5.0;48,86491100;2,41088700;
202300017717.0;1;988;98818;2;3;1.0;3.0; -22,26831000;166,47268000;
202300017718.0;3;974;97416;1;1;1.0;6.0; -21,34054000;55,49352000;
202300017719.0;1;75;75119;2;1;1.0;6.0;48,88626900;2,37151900;
202300017720.0;1;974;97416;2;3;1.0;3.0; -21,34320000;55,47800000;
202300017721.0;1;974;97407;2;1;1.0;6.0; -20,94195000;55,29783000;
202300017722.0;1;973;97302;1;1;3.0;7.0;4,90049000; -52,32793000;
202300017723.0;1;75;75119;2;9;1.0;3.0;48,88770300;2,39596500;
202300017724.0;1;972;97209;2;1;1.0;2.0;14,62301000; -61,08083000;
202300017725.0;1;971;97113;1;9;1.0;6.0;16,21073573; -61,47802770;
202300017726.0;1;75;75116;2;3;1.0;6.0;48,86500300;2,27867000;
202300017727.0;5;2A;2A004;1;9;1.0;3.0;41,92700000;8,78200000;
202300017728.0;3;83;83129;2;1;1.0;6.0;43,09256777;5,84848076;
202300017729.0;1;79;79329;1;1;1.0;7.0;46,99212000; -0,19561000;
202300017730.0;1;75;75115;2;3;1.0;6.0;48,84994800;2,28840800;
202300017731.0;1;77;77186;2;2;1.0;3.0;48,41296000;2,70686000;
202300017732.0;1;75;75115;2;2;1.0;3.0;48,84047000;2,31517600;
202300017733.0;1;77;77333;2;1;1.0;6.0;48,26757485;2,69940617;
202300017734.0;1;71;71270;1;3;1.0;3.0;46,27572000;4,78625000;
202300017735.0;1;75;75114;2;2;1.0;3.0;48,82328300;2,32562000;
202300017736.0;1;75;75111;2;3;1.0;3.0;48,85894200;2,38525000;
202300017737.0;5;69;69266;2;3;3.0;4.0;45,76809000;4,88727000;
202300017738.0;1;75;75101;2;3;1.0;3.0;48,86470900;2,32932800;
202300017739.0;1;28;28313;1;3;1.0;3.0;48,33843300;1,74249700;
202300017740.0;5;75;75101;2;2;2.0;3.0;48,86831900;2,33024800;
202300017741.0;1;69;69290;2;3;1.0;3.0;45,69370000;4,94635000;
202300017742.0;1;94;94080;2;1;1.0;6.0;48,84643039;2,43576752;
202300017743.0;1;17;17486;1;1;1.0;6.0;46,00268800; -1,34234800;
202300017744.0;1;48;48080;2;1;1.0;6.0;44,72632100;3,85566700;
202300017745.0;2;94;94043;2;1;3.0;3.0;48,81233942;2,35363036;
202300017746.0;5;69;69259;2;3;6.0;1.0;45,70518459;4,89623119;
202300017747.0;1;95;95394;2;1;1.0;6.0;49,06118900;2,18921700;
202300017748.0;1;94;94041;2;1;1.0;6.0;48,80734200;2,37504300;
202300017749.0;5;69;69244;2;4;1.0;6.0;45,75415100;4,77011600;
202300017750.0;5;64;64445;2;1;1.0;6.0;43,32067000; -0,32702000;
202300017751.0;1;94;94065;1;1;1.0;2.0;48,75377000;2,35785000;
202300017752.0;5;06;06018;2;1;1.0;7.0;43,62193800;7,10077300;
202300017753.0;5;64;64102;2;1;1.0;6.0;43,48723000; -1,47445000;
202300017754.0;1;94;94028;2;1;1.0;2.0;48,77964700;2,45960000;
202300017755.0;1;30;30189;1;1;1.0;2.0;43,80656600;4,36110000;
202300017756.0;3;64;64024;2;1;1.0;6.0;43,48285000; -1,51067000;
202300017757.0;1;987;98722;1;1;1.0;2.0; -17,59200000; -149,39100000;
202300017758.0;1;94;94019;2;1;1.0;3.0;48,79948224;2,54609227;
202300017759.0;5;64;64102;2;1;1.0;2.0;43,50357000; -1,46595000;
202300017760.0;1;94;94017;2;1;1.0;2.0;48,81634000;2,49969000;
202300017761.0;1;974;97415;2;3;1.0;3.0; -21,10791800;55,25437500;
202300017762.0;1;64;64024;2;1;1.0;3.0;43,48467000; -1,50246000;
202300017763.0;1;93;93078;2;2;1.0;3.0;48,94969000;2,55678000;
202300017764.0;1;60;60057;2;1;2.0;6.0;49,43049700;2,09149754;
202300017765.0;3;66;66101;1;1;1.0;1.0;42,62189700;2,77385500;
202300017766.0;1;57;57751;1;1;1.0;7.0;49,16129000;6,13938000;
202300017767.0;1;93;93066;2;1;1.0;3.0;48,92371129;2,37153186;
202300017768.0;1;34;34146;1;1;1.0;1.0;43,68592800;4,07684000;
202300017769.0;1;93;93066;2;1;1.0;5.0;48,93112772;2,34977592;
202300017770.0;1;57;57537;2;3;1.0;1.0;49,19930298;6,85660601;
202300017771.0;1;13;13082;2;1;1.0;1.0;43,66429400;5,34004500;
202300017772.0;2;71;71491;1;1;1.0;6.0;46,42837244;4,07578826;
202300017773.0;1;93;93066;2;1;1.0;3.0;48,94343478;2,36291081;
202300017774.0;2;52;52447;2;1;1.0;7.0;47,88229000;5,25496200;