Num_Acc;lum;departement;commune;agglomeration;intersection;meteo;type_collision;lat;long;date
202300017775.0;1;56;56098;1;1;1.0;4.0;47,78127000; -3,34222000;
202300017776.0;1;93;93055;2;3;1.0;3.0;48,89449000;2,41975000;
202300017777.0;1;10;10084;1;1;1.0;6.0;48,41368800;4,18048267;
202300017778.0;1;68;68298;2;1;2.0;7.0;48,24335300;7,16226500;
202300017779.0;5;93;93050;2;2;3.0;3.0;48,85709000;2,53121000;
202300017780.0;1;51;51454;2;2;1.0;1.0;49,24863000;4,01272000;
202300017781.0;1;73;73227;1;1;8.0;1.0;45,44476300;6,59881000;
202300017782.0;1;93;93027;2;3;1.0;3.0;48,92686140;2,38969156;
202300017783.0;2;43;43157;2;1;1.0;1.0;45,04024500;3,87407000;
202300017784.0;1;92;92073;2;2;1.0;3.0;48,86513300;2,20859400;
202300017785.0;1;73;73054;1;4;1.0;3.0;45,64917800;6,78725500;
202300017786.0;5;37;37261;2;1;8.0;7.0;47,38580000;0,69088000;
202300017787.0;1;92;92062;2;1;1.0;6.0;48,88196047;2,23045242;
202300017788.0;1;38;38276;2;1;1.0;5.0;45,55685300;5,30519500;
202300017789.0;1;31;31555;2;1;1.0;6.0;43,59444700;1,43348000;
202300017790.0;1;26;26271;2;6;1.0;6.0;45,01106600;4,85031900;
202300017791.0;1;92;92049;2;1;1.0;6.0;48,81579000;2,32082000;
202300017792.0;1;49;49021;1;1;1.0;3.0;47,42501000; -0,23760100;
202300017793.0;1;92;92020;2;1;1.0;3.0;48,80529600;2,29802000;
202300017794.0;1;31;31555;2;1;1.0;1.0;43,61309972;1,42926872;
202300017795.0;1;92;92036;2;1;1.0;1.0;48,92585000;2,29148000;
202300017796.0;1;61;61382;1;2;1.0;3.0;48,46098400; -0,05780600;
202300017797.0;1;30;30007;2;6;1.0;3.0;44,12994000;4,10615000;
202300017798.0;1;92;92025;2;4;1.0;3.0;48,93748000;2,25816000;
202300017799.0;1;56;56151;1;3;1.0;3.0;48,06840100; -2,93628900;
202300017800.0;1;92;92035;2;3;1.0;3.0;48,90503000;2,23908000;
202300017801.0;1;29;29247;2;6;7.0;3.0;47,93280800; -4,02064200;
202300017802.0;1;92;92026;2;2;1.0;6.0;48,90403587;2,26948893;
202300017803.0;1;59;59053;2;1;1.0;3.0;50,29277000;3,78587600;
202300017804.0;5;92;92024;2;1;1.0;4.0;48,90816888;2,29965359;
202300017805.0;1;13;13215;1;1;1.0;3.0;43,36896000;5,36082000;
202300017806.0;1;92;92012;2;1;1.0;3.0;48,82756000;2,24563000;
202300017807.0;5;92;92012;2;6;2.0;3.0;48,83376000;2,24364000;
202300017808.0;1;33;33122;1;1;1.0;4.0;44,73308000; -0,72217000;
202300017809.0;1;92;92004;2;2;1.0;3.0;48,91698000;2,28815000;
202300017810.0;1;95;95527;1;1;1.0;2.0;49,02710520;2,51444995;
202300017811.0;1;44;44124;1;1;1.0;6.0;47,59014200; -1,11873300;
202300017812.0;1;94;94079;1;1;1.0;4.0;48,82799527;2,52620846;
202300017813.0;1;22;22049;1;1;1.0;1.0;48,54270100; -2,21489300;
202300017814.0;1;36;36077;1;1;1.0;6.0;47,21213323;1,53196441;
202300017815.0;1;94;94017;1;1;1.0;3.0;48,83020089;2,49576700;
202300017816.0;1;50;50165;2;1;1.0;3.0;48,84454000; -1,58527000;
202300017817.0;3;974;97414;2;1;1.0;6.0; -21,29097400;55,41390200;
202300017818.0;2;05;05054;2;1;1.0;2.0;44,67433100;6,07295600;
202300017819.0;1;62;62571;2;3;1.0;1.0;50,45836100;1,61258200;
202300017820.0;1;69;69132;1;3;1.0;3.0;45,66884000;4,39560400;
202300017821.0;1;56;56174;1;9;1.0;7.0;47,86105200; -2,87680400;
202300017822.0;3;31;31150;1;6;1.0;6.0;43,64095900;1,33076700;
202300017823.0;1;19;19031;2;1;3.0;2.0;45,15985000;1,54067000;
202300017824.0;1;63;63413;1;4;2.0;2.0;45,64981600;3,17239900;
202300017825.0;1;92;92023;2;2;1.0;3.0;48,81161530;2,27515966;
202300017826.0;1;76;76618;2;1;1.0;7.0;49,95932010;1,18807149;
202300017827.0;1;69;69266;1;1;1.0;4.0;45,76916499;4,90350289;
202300017828.0;1;61;61079;1;1;1.0;1.0;48,24474200;0,75808000;
202300017829.0;1;974;97416;1;1;1.0;3.0; -21,32150000;55,44919000;
202300017830.0;1;61;61146;2;3;1.0;3.0;48,63271000; -0,55244300;
202300017831.0;1;974;97411;2;9;1.0;5.0; -20,88982135;55,46394968;
202300017832.0;1;12;12021;1;1;7.0;6.0;44,27703200;2,12225000;
202300017833.0;1;39;39365;2;1;7.0;6.0;46,98339100;5,59418800;
202300017834.0;1;974;97411;2;4;1.0;1.0; -20,89471000;55,48662000;
202300017835.0;5;974;97411;2;9;1.0;3.0; -20,87693000;55,44208000;
202300017836.0;1;44;44036;2;1;1.0;3.0;47,70755600; -1,37745900;
202300017837.0;1;69;69386;2;1;1.0;3.0;45,78357000;4,84908000;
202300017838.0;3;29;29016;1;1;1.0;6.0;48,29864000; -3,94594800;
202300017839.0;1;29;29160;1;3;2.0;3.0;48,47085200; -4,39620900;
202300017840.0;1;972;97209;1;1;1.0;4.0;14,61466000; -61,04734000;
202300017841.0;1;02;02820;1;1;1.0;2.0;49,62916400;3,25369100;
202300017842.0;1;971;97101;1;1;1.0;3.0;16,25654000; -61,52073000;
202300017843.0;1;85;85302;1;1;1.0;2.0;46,94436300; -0,95490000;
202300017844.0;1;2A;2A004;2;1;1.0;3.0;41,93856000;8,74113000;
202300017845.0;1;06;06136;2;1;1.0;6.0;43,87784500;7,44753200;
202300017846.0;1;45;45329;2;3;1.0;3.0;47,93526100;2,99397600;
202300017847.0;1;95;95539;1;9;1.0;3.0;49,01236300;2,35219002;
202300017848.0;1;18;18015;2;1;1.0;;47,48908600;2,43279600;
202300017849.0;5;83;83137;2;1;1.0;6.0;43,11471000;5,94989000;
202300017850.0;1;10;10401;1;1;1.0;3.0;48,23811900;4,44126100;
202300017851.0;1;07;07269;2;1;1.0;3.0;44,93619500;4,38790600;
202300017852.0;1;07;07296;2;1;1.0;7.0;44,56574300;4,39273300;
202300017853.0;1;76;76231;2;2;1.0;6.0;49,29073000;0,99983000;
202300017854.0;1;40;40222;1;4;1.0;3.0;43,62471400; -1,21236900;
202300017855.0;1;74;74012;2;9;1.0;7.0;46,19345100;6,25610700;
202300017856.0;1;13;13050;1;3;1.0;1.0;43,61751400;5,26324500;
202300017857.0;1;13;13050;1;1;1.0;1.0;43,67633400;5,22815100;
202300017858.0;1;71;71486;2;2;1.0;3.0;46,65592000;4,33475000;
202300017859.0;1;71;71270;2;1;1.0;7.0;46,31593000;4,83295000;
202300017860.0;5;987;98738;2;1;1.0;1.0; -17,61800000; -149,54900000;
202300017861.0;1;69;69199;1;2;1.0;3.0;45,69351000;4,84300000;
202300017862.0;1;82;82125;1;1;1.0;3.0;43,96176600;1,27799700;
202300017863.0;1;64;64122;2;9;1.0;1.0;43,48096000; -1,54121000;
202300017864.0;1;67;67506;1;1;1.0;4.0;48,66734900;7,73683200;
202300017865.0;1;976;97604;2;1;1.0;6.0; -12,89992600;45,09808300;
202300017866.0;1;56;56121;2;1;1.0;2.0;47,76366000; -3,36997000;
202300017867.0;3;11;11145;1;1;1.0;6.0;43,22062700;3,13273400;
202300017868.0;1;56;56121;2;1;1.0;6.0;47,73500000; -3,36590000;
202300017869.0;1;69;69064;1;2;1.0;3.0;45,48798600;4,75016000;
202300017870.0;1;2A;2A247;1;1;1.0;6.0;41,62262900;9,29371500;
202300017871.0;1;30;30214;1;1;1.0;6.0;44,05019400;4,09638000;
202300017872.0;1;34;34344;2;1;1.0;6.0;43,56200700;4,08464500;
202300017873.0;1;56;56098;2;2;1.0;4.0;47,76220000; -3,33709000;
202300017874.0;1;83;83068;1;9;1.0;3.0;43,28484400;6,59583100;
202300017875.0;1;54;54395;1;3;1.0;3.0;48,70372554;6,14601374;
202300017876.0;5;13;13086;2;1;1.0;3.0;43,32686000;5,59693500;
202300017877.0;1;47;47323;1;1;7.0;5.0;44,44715259;0,70373918;
202300017878.0;2;37;37122;1;1;1.0;7.0;47,34001727;0,66646698;
202300017879.0;1;13;13022;1;6;1.0;3.0;43,23104000;5,53759200;
202300017880.0;1;08;08328;2;1;1.0;3.0;49,81897100;4,74424600;
202300017881.0;1;67;67300;2;6;1.0;3.0;48,54142200;7,49901700;
202300017882.0;1;37;37233;2;1;1.0;4.0;47,38106000;0,73488000;
202300017883.0;1;37;37261;2;1;1.0;7.0;47,36273000;0,69195000;
202300017884.0;1;03;03102;2;3;1.0;3.0;46,51958400;3,68442200;
202300017885.0;1;38;38223;2;1;1.0;7.0;45,56796000;5,26306400;
202300017886.0;1;35;35051;1;1;1.0;1.0;48,09886100; -1,56878900;
202300017887.0;1;38;38348;2;1;1.0;3.0;45,59011400;5,31090800;
202300017888.0;5;33;33063;2;1;1.0;2.0;44,83350000; -0,59214000;
202300017889.0;1;69;69159;1;1;1.0;4.0;45,97909888;4,68009667;
202300017890.0;5;31;31555;1;1;1.0;7.0;43,65718000;1,42789000;
202300017891.0;1;69;69219;1;1;1.0;3.0;45,64901300;4,68786800;
202300017892.0;1;27;27701;2;1;1.0;2.0;49,25603000;1,17971500;
202300017893.0;3;81;81162;1;1;1.0;6.0;43,58583100;1,80833500;
202300017894.0;1;31;31075;1;1;1.0;6.0;43,54187320;1,12371147;
202300017895.0;1;26;26058;2;6;1.0;3.0;44,96138690;4,90125418;
202300017896.0;3;11;11069;2;1;1.0;7.0;43,19994000;2,35375000;
202300017897.0;1;24;24197;1;2;1.0;1.0;44,91434800;0,44611200;
202300017898.0;5;86;86100;2;6;1.0;1.0;46,53501600;0,25926800;
202300017899.0;1;13;13208;2;1;1.0;3.0;43,24859639;5,37481280;
202300017900.0;3;59;59419;2;1;1.0;4.0;50,52567100;3,28355500;
202300017901.0;1;11;11069;2;1;1.0;2.0;43,21808000;2,34477000;
202300017902.0;3;13;13063;1;1;1.0;2.0;43,56897000;5,02292000;
202300017903.0;1;13;13117;1;1;1.0;2.0;43,43380000;5,25600000;
202300017904.0;1;06;06088;2;1;1.0;6.0;43,69845000;7,27634000;
202300017905.0;1;13;13001;2;1;1.0;3.0;43,52510501;5,42117190;
202300017906.0;3;13;13056;1;1;1.0;2.0;43,40476000;5,04044000;
202300017907.0;2;06;06004;2;1;1.0;7.0;43,58522700;7,08996200;
202300017908.0;1;06;06069;2;9;1.0;2.0;43,64507000;6,94013000;
202300017909.0;1;02;02168;1;1;1.0;1.0;49,06731300;3,39354000;
202300017910.0;1;33;33039;1;1;1.0;3.0;44,80446064; -0,53183377;
202300017911.0;1;33;33448;1;1;1.0;7.0;44,69525000; -0,49792000;
202300017912.0;1;75;75116;2;1;1.0;2.0;48,87805500;2,27962000;
202300017913.0;5;03;03185;2;2;1.0;1.0;46,34211000;2,58920000;
202300017914.0;1;33;33550;1;1;1.0;3.0;44,77964933; -0,57428974;
202300017915.0;1;75;75106;2;5;1.0;6.0;48,84509500;2,32011000;
202300017916.0;1;75;75105;2;2;1.0;6.0;48,85034600;2,34262900;
202300017917.0;4;94;94003;1;1;1.0;4.0;48,80098849;2,34364314;
202300017918.0;5;75;75119;2;1;2.0;6.0;48,89001000;2,39605600;
202300017919.0;3;94;94003;1;1;2.0;2.0;48,80048354;2,34369821;
202300017920.0;1;75;75107;2;5;1.0;3.0;48,85116000;2,30090500;
202300017921.0;5;75;75112;2;1;1.0;6.0;48,84689500;2,41198900;
202300017922.0;1;75;75119;2;2;1.0;7.0;48,88279000;2,37027700;
202300017923.0;3;94;94003;1;1;2.0;7.0;48,80072795;2,34367155;
202300017924.0;1;75;75115;2;2;1.0;3.0;48,84361100;2,29575600;
202300017925.0;1;75;75105;2;1;2.0;3.0;48,84509400;2,35218300;
202300017926.0;1;92;92025;1;1;1.0;4.0;48,93541254;2,26118997;
202300017927.0;1;75;75115;2;1;1.0;6.0;48,84822500;2,28061400;
202300017928.0;1;92;92036;1;1;1.0;2.0;48,92990191;2,30211945;
202300017929.0;5;75;75112;2;2;1.0;6.0;48,84554900;2,39537900;
202300017930.0;5;75;75117;2;2;1.0;2.0;48,88327900;2,30195300;
202300017931.0;3;78;78402;1;1;1.0;2.0;48,96494900;1,80153100;
202300017932.0;1;75;75112;2;5;1.0;2.0;48,82813000;2,39218000;
202300017933.0;1;92;92025;1;1;1.0;6.0;48,93484607;2,25934802;
202300017934.0;1;75;75108;2;2;1.0;7.0;48,86621100;2,30149100;
202300017935.0;1;78;78640;1;1;1.0;2.0;48,77786000;2,21643000;
202300017936.0;5;75;75101;2;2;1.0;2.0;48,85434000;2,34490800;
202300017937.0;5;75;75114;2;1;2.0;3.0;48,83619900;2,33174000;
202300017938.0;1;92;92048;1;1;1.0;5.0;48,79643659;2,21723738;
202300017939.0;1;94;94021;2;2;1.0;3.0;48,76311300;2,34873000;
202300017940.0;1;93;93005;1;1;1.0;2.0;48,96661180;2,47689199;
202300017941.0;5;75;75110;2;2;1.0;6.0;48,87949800;2,35080700;
202300017942.0;1;93;93001;2;5;1.0;1.0;48,91906000;2,38712000;
202300017943.0;1;95;95585;2;1;1.0;6.0;48,99880000;2,36914000;
202300017944.0;1;75;75102;2;2;2.0;7.0;48,86525300;2,35197600;
202300017945.0;1;92;92078;2;9;3.0;2.0;48,92797000;2,32628000;
202300017946.0;1;92;92046;2;2;1.0;2.0;48,81921000;2,30284000;
202300017947.0;1;14;14225;2;2;1.0;3.0;49,28016000; -0,09978000;
202300017948.0;3;94;94068;2;1;2.0;2.0;48,80978000;2,50982000;
202300017949.0;1;92;92050;2;2;1.0;1.0;48,90025575;2,20019907;
202300017950.0;1;13;13039;1;2;1.0;3.0;43,43587000;4,92516000;
202300017951.0;5;94;94003;2;1;2.0;6.0;48,80092814;2,32786882;
202300017952.0;1;54;54345;1;9;1.0;2.0;48,60200589;6,25834465;
202300017953.0;1;974;97422;2;1;1.0;2.0; -21,21862600;55,55258000;
202300017954.0;1;91;91648;1;6;1.0;2.0;48,56130100;2,35191100;
202300017955.0;5;973;97302;2;1;1.0;4.0;4,94006071; -52,33416930;
202300017956.0;1;31;31113;2;1;1.0;6.0;43,51960700;1,51485500;
202300017957.0;5;94;94003;2;9;1.0;3.0;48,80087700;2,33345800;
202300017958.0;1;69;69383;2;1;1.0;3.0;45,75007000;4,85887000;
202300017959.0;1;10;10412;1;1;1.0;3.0;48,31254200;4,12970100;
202300017960.0;5;94;94002;2;1;2.0;6.0;48,80831000;2,40993000;
202300017961.0;1;05;05085;1;1;1.0;7.0;44,92736200;6,70393500;
202300017962.0;1;69;69387;2;3;1.0;2.0;45,74557000;4,85100000;
202300017963.0;4;76;76575;1;1;1.0;3.0;49,37903000;1,11135000;
202300017964.0;1;76;76167;1;2;1.0;1.0;49,57332800;0,15561100;
202300017965.0;1;93;93071;2;6;3.0;1.0;48,93404109;2,54226592;
202300017966.0;5;972;97213;1;1;2.0;2.0;14,61295888; -61,00938410;
202300017967.0;5;71;71076;2;1;1.0;6.0;46,80128000;4,86487000;
202300017968.0;1;972;97213;1;1;2.0;4.0;14,61551000; -61,01419000;
202300017969.0;1;93;93064;2;1;2.0;3.0;48,87688800;2,48032400;
202300017970.0;4;69;69282;1;6;2.0;6.0;45,75287751;5,01807899;
202300017971.0;1;01;01109;1;1;1.0;5.0;46,12303200;5,89955100;
202300017972.0;1;972;97209;2;1;1.0;2.0;14,62903000; -61,05591000;
202300017973.0;5;69;69259;2;1;1.0;3.0;45,70256000;4,88917000;
202300017974.0;2;93;93064;2;1;3.0;1.0;48,88329733;2,47482354;
202300017975.0;3;22;22025;1;1;2.0;1.0;48,43439000; -3,37882200;
202300017976.0;1;64;64269;2;1;1.0;6.0;43,30175000; -0,31632000;
202300017977.0;2;93;93032;2;1;3.0;6.0;48,89231000;2,54069700;
202300017978.0;1;42;42199;1;2;1.0;1.0;46,03027500;3,95801500;
202300017979.0;1;69;69382;2;4;1.0;3.0;45,74536000;4,82756000;
202300017980.0;1;64;64024;2;1;1.0;2.0;43,50377000; -1,49667000;
202300017981.0;5;58;58086;2;1;1.0;3.0;47,41045400;2,92574300;
202300017982.0;2;62;62771;2;1;1.0;6.0;50,41973000;2,87289000;
202300017983.0;1;69;69152;2;1;1.0;3.0;45,69504000;4,82427000;
202300017984.0;1;30;30096;1;3;1.0;3.0;44,21295200;4,49174500;
202300017985.0;1;62;62548;2;1;1.0;6.0;50,94110000;1,93726000;
202300017986.0;1;93;93032;2;2;2.0;3.0;48,86659000;2,56230000;
202300017987.0;1;22;22020;1;1;1.0;6.0;48,30611000; -2,23567500;
202300017988.0;1;69;69389;2;1;1.0;3.0;45,78747000;4,81409000;
202300017989.0;1;56;56024;1;3;1.0;3.0;48,12445200; -2,69098000;
202300017990.0;1;61;61001;2;2;1.0;2.0;48,42720000;0,08945000;
202300017991.0;3;971;97101;2;9;2.0;6.0;16,23029000; -61,52032000;
202300017992.0;5;93;93029;2;1;2.0;4.0;48,92167000;2,44451000;
202300017993.0;1;60;60057;1;1;1.0;2.0;49,42649900;2,11700000;
202300017994.0;1;971;97101;1;9;1.0;3.0;16,28180000; -61,51138000;
202300017995.0;1;56;56154;1;2;1.0;3.0;47,70465700; -2,21379900;
202300017996.0;5;92;92076;2;1;2.0;7.0;48,83266000;2,15310000;
202300017997.0;3;2A;2A269;1;1;1.0;6.0;41,82902600;9,40378200;
202300017998.0;1;54;54431;2;2;1.0;6.0;48,91671000;6,06301000;
202300017999.0;1;2A;2A004;2;1;1.0;3.0;41,93080000;8,73959000;
202300018000.0;2;93;93070;2;1;2.0;6.0;48,90512022;2,32053751;
202300018001.0;1;80;80324;2;1;1.0;6.0;49,94321300;1,80880400;
202300018002.0;1;2A;2A004;2;1;1.0;3.0;41,92977000;8,76372000;
202300018003.0;1;54;54184;2;1;1.0;2.0;48,70330801;6,22918904;
202300018004.0;1;65;65127;1;1;1.0;4.0;43,11599000;0,31999800;
202300018005.0;1;91;91477;2;1;1.0;3.0;48,71257000;2,24570000;
202300018006.0;2;54;54254;2;1;1.0;6.0;49,50955300;5,80807300;
202300018007.0;3;2A;2A272;1;1;1.0;5.0;41,62559600;8,95701200;
202300018008.0;1;33;33540;1;1;1.0;6.0;45,34970200; -1,04237100;
202300018009.0;1;91;91201;2;1;1.0;3.0;48,68642000;2,40409000;
202300018010.0;1;2A;2A065;2;1;1.0;6.0;42,13471200;8,59686600;
202300018011.0;1;45;45302;2;1;1.0;3.0;47,94287296;1,89488840;
202300018012.0;2;33;33506;2;1;1.0;6.0;44,68376000; -0,07645700;
202300018013.0;1;91;91286;2;1;1.0;6.0;48,65630000;2,39259000;
202300018014.0;3;33;33404;1;1;1.0;2.0;44,63123800;0,07962900;
202300018015.0;1;17;17420;1;4;1.0;3.0;46,10835000; -1,05142600;
202300018016.0;1;44;44109;2;3;1.0;4.0;47,23832000; -1,58680000;
202300018017.0;1;91;91326;2;3;2.0;4.0;48,68816000;2,37150000;
202300018018.0;1;33;33236;1;3;1.0;3.0;44,68649700; -1,24632100;
202300018019.0;1;91;91223;2;1;1.0;1.0;48,43169000;2,15140000;
202300018020.0;1;44;44109;2;6;1.0;6.0;47,20953000; -1,59590000;
202300018021.0;1;06;06161;1;4;1.0;3.0;43,64715100;7,13644600;
202300018022.0;1;32;32007;1;1;1.0;6.0;43,73564700;0,97839500;
202300018023.0;1;87;87085;2;1;1.0;7.0;45,84194000;1,23048000;
202300018024.0;2;05;05093;1;1;1.0;6.0;45,02168000;6,64427700;
202300018025.0;1;71;71419;2;3;1.0;6.0;46,75274600;5,24265100;
202300018026.0;5;42;42218;2;2;1.0;2.0;45,43950000;4,39788000;
202300018027.0;1;87;87050;1;1;1.0;1.0;45,89280100;1,25085354;
202300018028.0;2;972;97222;1;2;1.0;3.0;14,66199400; -60,96963600;
202300018029.0;1;63;63262;2;2;1.0;3.0;45,70302900;3,16730800;
202300018030.0;1;38;38185;2;1;1.0;6.0;45,17581000;5,74403000;
202300018031.0;1;83;83129;2;3;1.0;6.0;43,10187000;5,82219000;
202300018032.0;3;42;42284;1;1;8.0;6.0;46,09055500;4,00709200;
202300018033.0;1;68;68090;2;1;1.0;7.0;47,48966500;7,32660100;
202300018034.0;1;34;34003;1;9;1.0;6.0;43,30446000;3,50779000;
202300018035.0;3;39;39495;1;1;1.0;6.0;46,96877900;5,88888000;
202300018036.0;1;83;83034;2;9;1.0;3.0;43,09251000;6,07699000;
202300018037.0;1;36;36239;1;1;1.0;2.0;46,46894924;1,49639861;
202300018038.0;1;33;33119;2;2;1.0;3.0;44,85804000; -0,53539000;
202300018039.0;1;29;29150;2;1;1.0;3.0;47,80555200; -3,62866500;
202300018040.0;1;87;87202;2;1;2.0;6.0;45,89269500;1,05436000;
202300018041.0;1;78;78350;2;3;1.0;6.0;48,86026000;2,12089000;
202300018042.0;1;29;29020;1;2;1.0;3.0;48,05297484; -4,05322552;
202300018043.0;1;29;29232;2;3;1.0;3.0;48,00172000; -4,09311000;
202300018044.0;1;78;78498;2;1;1.0;3.0;48,93389000;2,03866000;
202300018045.0;1;28;28218;2;1;1.0;6.0;48,43000000;1,44000000;
202300018046.0;1;29;29197;2;1;1.0;4.0;48,01853957; -4,52514410;
202300018047.0;4;77;77182;2;1;2.0;1.0;48,77575800;3,31532000;
202300018048.0;1;22;22278;1;9;1.0;6.0;48,50803000; -2,73672000;
202300018049.0;1;15;15119;1;1;1.0;7.0;45,25544000;3,17728300;
202300018050.0;3;56;56177;1;3;2.0;3.0;47,76962600; -3,02593900;
202300018051.0;1;13;13215;2;1;2.0;1.0;43,33634000;5,35339000;
202300018052.0;1;77;77495;2;1;1.0;3.0;48,56594000;2,63032000;
202300018053.0;1;01;01093;1;1;1.0;3.0;46,12375800;4,95026600;
202300018054.0;1;77;77284;2;1;1.0;1.0;48,95586000;2,88953000;
202300018055.0;1;26;26125;1;9;7.0;6.0;44,75686700;4,95139000;
202300018056.0;1;11;11069;1;1;1.0;3.0;43,23630000;2,37030000;
202300018057.0;3;76;76597;1;1;2.0;4.0;49,75317100;0,88954900;
202300018058.0;3;79;79172;1;1;2.0;7.0;46,51038500; -0,33358100;
202300018059.0;1;66;66193;1;1;1.0;2.0;42,56570200;2,31371600;
202300018060.0;1;11;11069;2;1;1.0;2.0;43,21590000;2,36060000;
202300018061.0;1;76;76351;2;3;1.0;6.0;49,50899000;0,14046000;
202300018062.0;3;05;05011;1;1;1.0;7.0;44,52569300;6,17765800;
202300018063.0;1;06;06083;2;1;1.0;1.0;43,78800000;7,49300000;
202300018064.0;1;10;10287;1;1;1.0;6.0;48,31983400;4,37715100;
202300018065.0;1;82;82135;1;2;1.0;3.0;43,89117400;1,43252500;
202300018066.0;5;74;74305;2;6;1.0;3.0;46,20066000;6,24948000;
202300018067.0;3;07;07191;1;6;1.0;7.0;44,59654500;4,71562400;
202300018068.0;1;06;06069;2;1;1.0;1.0;43,65399400;6,91887800;
202300018069.0;1;74;74012;2;1;1.0;3.0;46,19280600;6,22958200;
202300018070.0;1;65;65183;2;1;1.0;1.0;43,23126300;0,41723900;
202300018071.0;1;53;53269;1;1;7.0;7.0;48,32386800; -0,85531900;
202300018072.0;1;06;06029;2;1;1.0;6.0;43,54993000;6,96569000;
202300018073.0;1;73;73065;2;1;1.0;6.0;45,58377000;5,89367000;
202300018074.0;1;53;53084;1;1;1.0;6.0;47,83530500; -0,98300800;
202300018075.0;5;11;11116;1;1;1.0;2.0;43,26045600;3,00825400;
202300018076.0;1;04;04209;2;9;1.0;6.0;44,18296200;5,94676300;
202300018077.0;1;70;70550;2;3;1.0;3.0;47,63435000;6,14166000;
202300018078.0;1;75;75106;2;3;1.0;4.0;48,85187900;2,32863100;
202300018079.0;1;89;89482;1;1;2.0;1.0;47,81757800;3,90894400;
202300018080.0;1;04;04140;1;1;1.0;7.0;44,17299400;5,62538600;
202300018081.0;3;89;89344;2;1;2.0;6.0;47,69939000;3,17316300;
202300018082.0;2;04;04219;1;1;1.0;6.0;44,11063800;6,57896500;
202300018083.0;1;69;69259;2;2;1.0;3.0;45,71433000;4,87929000;
202300018084.0;5;75;75106;2;3;1.0;3.0;48,84252200;2,33749200;
202300018085.0;1;85;85172;2;1;1.0;2.0;46,82034100; -1,98627800;
202300018086.0;3;63;63178;1;1;1.0;6.0;45,54319300;3,27512700;
202300018087.0;1;69;69199;2;3;1.0;3.0;45,71450000;4,85480000;
202300018088.0;1;75;75105;2;2;1.0;1.0;48,84995800;2,35488400;
202300018089.0;1;37;37046;1;1;1.0;6.0;47,22885100;1,15863900;
202300018090.0;1;67;67482;2;1;1.0;6.0;48,58057000;7,75641000;
202300018091.0;1;68;68375;2;1;1.0;2.0;47,80971200;7,24077900;
202300018092.0;1;77;77099;1;1;1.0;6.0;48,14869400;2,74967200;
202300018093.0;2;67;67482;2;1;1.0;6.0;48,56385500;7,74206900;
202300018094.0;1;75;75119;2;2;1.0;2.0;48,88012600;2,39855900;
202300018095.0;2;86;86039;1;1;1.0;1.0;46,24052200;0,16313700;
202300018096.0;3;13;13091;1;1;1.0;6.0;43,60125377;5,34450393;
202300018097.0;1;67;67462;2;1;1.0;6.0;48,25256000;7,43937000;
202300018098.0;1;29;29272;1;1;1.0;6.0;47,95656200; -3,88830700;
202300018099.0;1;75;75117;2;7;1.0;3.0;48,88335300;2,30951300;
202300018100.0;1;40;40295;1;9;1.0;4.0;44,34688500; -0,86034500;
202300018101.0;1;64;64445;2;1;1.0;2.0;43,31100000; -0,35082000;
202300018102.0;1;02;02543;2;1;1.0;6.0;49,17810900;3,26322400;
202300018103.0;1;75;75116;2;7;1.0;3.0;48,86954100;2,28503000;
202300018104.0;1;01;01373;1;1;1.0;6.0;46,13058600;5,59540500;
202300018105.0;1;64;64445;1;9;1.0;3.0;43,31726000; -0,36028000;
202300018106.0;5;84;84070;2;1;1.0;6.0;44,01862900;5,15936000;
202300018107.0;1;06;06152;1;6;1.0;2.0;43,61659800;7,03824700;
202300018108.0;1;64;64024;2;1;1.0;7.0;43,48055900; -1,51403700;
202300018109.0;1;75;75115;2;7;1.0;3.0;48,84608200;2,27697200;
202300018110.0;2;27;27390;1;1;1.0;7.0;48,83783100;1,18253200;
202300018111.0;5;64;64102;2;1;1.0;2.0;43,50744700; -1,48726900;
202300018112.0;3;66;66085;2;2;1.0;3.0;42,55615727;2,36388445;
202300018113.0;1;75;75115;2;3;1.0;6.0;48,83876600;2,29020200;
202300018114.0;1;27;27188;1;1;1.0;2.0;49,29914400;1,12013300;
202300018115.0;1;54;54533;2;4;1.0;6.0;49,32641563;5,92186689;
202300018116.0;1;75;75114;2;3;1.0;6.0;48,84298500;2,32632400;
202300018117.0;1;63;63014;2;9;1.0;3.0;45,75552000;3,12925000;
202300018118.0;1;78;78009;1;1;1.0;2.0;48,48400300;1,91296500;
202300018119.0;1;72;72367;2;1;1.0;6.0;47,96238500; -0,07512100;
202300018120.0;1;75;75114;2;1;1.0;6.0;48,82738900;2,30717300;
202300018121.0;1;66;66008;2;6;1.0;6.0;42,55099700;3,04682900;
202300018122.0;1;59;59350;2;9;1.0;3.0;50,62258000;3,02823000;
202300018123.0;1;06;06059;1;1;1.0;1.0;43,72908800;7,36735200;
202300018124.0;1;34;34189;2;6;1.0;3.0;43,28375800;2,73629300;