Num_Acc;lum;departement;commune;agglomeration;intersection;meteo;type_collision;lat;long;date
202300018125.0;5;59;59345;2;1;1.0;6.0;50,33998000;3,17544000;
202300018126.0;5;75;75113;2;3;1.0;6.0;48,82847600;2,37292900;
202300018127.0;5;13;13041;2;1;1.0;1.0;43,46068400;5,48045600;
202300018128.0;1;58;58194;2;1;1.0;2.0;46,98314000;3,15922000;
202300018129.0;5;06;06038;2;1;1.0;1.0;43,67895700;6,97365800;
202300018130.0;5;75;75113;2;2;1.0;1.0;48,81887000;2,35954600;
202300018131.0;1;68;68344;1;1;1.0;7.0;47,88927300;6,89945200;
202300018132.0;2;50;50417;1;1;2.0;7.0;49,57898400; -1,35372200;
202300018133.0;1;57;57672;1;1;1.0;6.0;49,36013000;6,17087000;
202300018134.0;1;75;75113;2;3;1.0;3.0;48,83170300;2,35793400;
202300018135.0;1;88;88261;2;2;1.0;1.0;48,20224100;6,69000300;
202300018136.0;1;51;51454;2;3;1.0;3.0;49,25610000;4,06160000;
202300018137.0;1;75;75112;2;1;1.0;6.0;48,83843200;2,43902500;
202300018138.0;1;10;10254;1;2;1.0;3.0;48,58384000;3,51662300;
202300018139.0;1;73;73132;1;1;1.0;6.0;45,75093600;6,59143200;
202300018140.0;5;51;51454;2;1;1.0;7.0;49,23518000;4,02406000;
202300018141.0;1;69;69143;2;3;1.0;3.0;45,88392900;4,84916600;
202300018142.0;1;75;75112;2;3;1.0;3.0;48,84209100;2,37639600;
202300018143.0;1;21;21003;1;1;1.0;2.0;47,38304900;5,02512400;
202300018144.0;1;50;50129;1;1;1.0;1.0;49,64700000; -1,73589000;
202300018145.0;1;69;69116;1;1;1.0;3.0;45,82426900;4,76377500;
202300018146.0;1;40;40007;1;1;1.0;6.0;43,59719428; -0,62499762;
202300018147.0;1;75;75112;2;3;1.0;2.0;48,83752100;2,42533000;
202300018148.0;1;50;50129;2;3;1.0;3.0;49,64040000; -1,59770000;
202300018149.0;1;40;40131;1;1;1.0;7.0;43,97675000; -0,20872400;
202300018150.0;1;49;49298;2;3;1.0;3.0;47,46916000; -0,69543200;
202300018151.0;1;49;49007;2;1;1.0;6.0;47,46877000; -0,56067000;
202300018152.0;1;75;75111;2;2;1.0;6.0;48,86461500;2,37801300;
202300018153.0;2;17;17326;1;1;1.0;1.0;45,49389400; -0,29655600;
202300018154.0;3;47;47323;1;1;1.0;6.0;44,40820000;0,70725000;
202300018155.0;5;44;44026;2;3;1.0;3.0;47,26598552; -1,48770601;
202300018156.0;1;75;75111;2;3;1.0;3.0;48,86812000;2,37241100;
202300018157.0;3;46;46042;2;4;1.0;6.0;44,45998000;1,43162000;
202300018158.0;3;14;14066;2;1;1.0;6.0;49,32944000; -0,43458800;
202300018159.0;1;37;37098;1;2;8.0;1.0;47,05116783;0,61390400;
202300018160.0;1;44;44184;2;2;1.0;3.0;47,27570490; -2,22151410;
202300018161.0;1;22;22277;1;1;1.0;1.0;48,40916400; -2,86295800;
202300018162.0;1;75;75108;2;3;1.0;6.0;48,86507100;2,31556900;
202300018163.0;2;22;22186;2;1;1.0;1.0;48,58663300; -2,54421500;
202300018164.0;1;42;42044;2;4;1.0;2.0;45,39613000;4,32457000;
202300018165.0;1;76;76684;1;1;1.0;6.0;49,48699500;0,46332500;
202300018166.0;1;41;41018;1;1;1.0;7.0;47,58070000;1,35083000;
202300018167.0;1;75;75114;2;3;1.0;2.0;48,81611200;2,34391600;
202300018168.0;3;13;13091;2;1;1.0;6.0;43,62681100;5,29594100;
202300018169.0;1;37;37214;2;1;8.0;6.0;47,40621000;0,67940000;
202300018170.0;1;75;75114;2;1;1.0;6.0;48,82823300;2,32561000;
202300018171.0;1;33;33063;1;1;1.0;6.0;44,88390090; -0,55809259;
202300018172.0;4;13;13037;2;1;1.0;3.0;43,55056200;5,21360300;
202300018173.0;1;35;35051;2;1;1.0;2.0;48,11661000; -1,59343000;
202300018174.0;1;75;75104;2;2;1.0;3.0;48,85582300;2,36848400;
202300018175.0;1;06;06088;1;1;1.0;7.0;43,69995600;7,18829600;
202300018176.0;1;35;35238;1;1;2.0;2.0;48,11875000; -1,71995200;
202300018177.0;1;33;33096;1;1;1.0;2.0;44,89118802; -0,50207734;
202300018178.0;1;94;94081;2;3;7.0;3.0;48,79556500;2,40688400;
202300018179.0;1;35;35150;2;9;2.0;3.0;48,35145000; -1,22650000;
202300018180.0;3;34;34135;1;1;1.0;2.0;43,27534100;3,18286000;
202300018181.0;1;33;33122;1;1;1.0;4.0;44,75293000; -0,69114000;
202300018182.0;1;94;94078;2;1;1.0;3.0;48,72970000;2,44694000;
202300018183.0;5;33;33039;2;1;1.0;2.0;44,78466000; -0,56618000;
202300018184.0;1;94;94078;2;1;1.0;6.0;48,73184800;2,45085400;
202300018185.0;4;91;91689;1;1;1.0;3.0;48,74192000;2,32013000;
202300018186.0;3;13;13051;1;1;1.0;2.0;43,59163600;5,18163100;
202300018187.0;1;30;30189;2;1;1.0;2.0;43,88786090;4,29623938;
202300018188.0;1;94;94078;2;1;1.0;6.0;48,74792503;2,45064412;
202300018189.0;5;92;92050;1;1;1.0;6.0;48,90255581;2,20307529;
202300018190.0;3;45;45094;1;1;2.0;6.0;48,14983400;2,90197000;
202300018191.0;1;95;95527;1;1;1.0;6.0;49,00052596;2,52228228;
202300018192.0;1;94;94015;2;1;1.0;6.0;48,84315800;2,52366800;
202300018193.0;1;29;29019;2;3;1.0;6.0;48,37498900; -4,53169800;
202300018194.0;1;77;77168;1;1;3.0;6.0;48,17195300;2,86078000;
202300018195.0;2;93;93066;1;1;1.0;3.0;48,92465000;2,34070000;
202300018196.0;5;94;94041;2;2;1.0;3.0;48,81809968;2,39792785;
202300018197.0;1;26;26362;2;1;1.0;3.0;44,93549000;4,90948000;
202300018198.0;3;95;95002;1;1;2.0;2.0;49,07828400;1,97344000;
202300018199.0;3;95;95141;1;1;2.0;6.0;49,14460500;1,80334600;
202300018200.0;1;83;83100;1;1;1.0;6.0;43,27499900;6,14802000;
202300018201.0;1;94;94041;2;1;1.0;3.0;48,81058000;2,40343200;
202300018202.0;1;25;25056;2;2;1.0;3.0;47,25786000;6,02270000;
202300018203.0;3;78;78366;1;1;2.0;6.0;48,78720900;1,84779300;
202300018204.0;5;94;94041;2;2;1.0;3.0;48,81527069;2,37561509;
202300018205.0;1;15;15012;2;1;1.0;7.0;44,90382000;2,47096000;
202300018206.0;1;84;84068;1;1;1.0;3.0;43,78782600;5,34776700;
202300018207.0;1;83;83069;2;1;1.0;5.0;43,16068500;6,12560900;
202300018208.0;1;94;94033;2;2;1.0;6.0;48,84371204;2,46584339;
202300018209.0;1;14;14079;2;2;2.0;2.0;49,34049500;0,03217900;
202300018210.0;1;85;85191;2;1;1.0;6.0;46,67654600; -1,42970100;
202300018211.0;1;94;94028;2;1;1.0;2.0;48,77755957;2,45750796;
202300018212.0;1;13;13106;2;1;1.0;6.0;43,40625000;5,36168000;
202300018213.0;5;69;69264;2;5;1.0;6.0;45,98697900;4,71477100;
202300018214.0;1;83;83077;1;1;1.0;3.0;43,29740900;5,98346100;
202300018215.0;1;94;94017;2;2;1.0;6.0;48,81330250;2,51125279;
202300018216.0;1;13;13117;2;1;1.0;1.0;43,44353000;5,24213000;
202300018217.0;1;94;94017;2;1;1.0;6.0;48,81322747;2,53704069;
202300018218.0;1;92;92025;2;2;1.0;3.0;48,91274183;2,23938525;
202300018219.0;2;13;13001;2;2;1.0;3.0;43,51791000;5,45927000;
202300018220.0;1;94;94071;2;1;1.0;6.0;48,77132500;2,52370000;
202300018221.0;1;74;74281;1;1;7.0;6.0;46,34575000;6,45430000;
202300018222.0;1;10;10325;2;6;2.0;3.0;48,26790000;4,06200000;
202300018223.0;1;94;94075;2;1;1.0;3.0;48,72768000;2,53045400;
202300018224.0;1;974;97405;1;1;1.0;2.0; -21,36193000;55,53841000;
202300018225.0;1;10;10081;2;3;1.0;3.0;48,31177400;4,03667200;
202300018226.0;1;974;97416;1;1;1.0;7.0; -21,31549000;55,45159000;
202300018227.0;1;93;93078;2;1;1.0;4.0;48,96676400;2,54217400;
202300018228.0;2;42;42147;2;1;1.0;3.0;45,60255300;4,06987400;
202300018229.0;1;07;07186;2;3;1.0;3.0;44,73508000;4,59624000;
202300018230.0;1;974;97416;1;1;1.0;5.0; -21,30682000;55,42998000;
202300018231.0;5;93;93073;2;3;1.0;3.0;48,96366000;2,57224000;
202300018232.0;5;973;97302;2;1;1.0;7.0;4,93158029; -52,33270749;
202300018233.0;1;06;06004;2;3;1.0;3.0;43,59625900;7,12004000;
202300018234.0;5;38;38474;2;1;2.0;3.0;45,19912900;5,67030500;
202300018235.0;1;93;93064;2;1;1.0;2.0;48,87882668;2,47223300;
202300018236.0;1;69;69388;2;1;1.0;2.0;45,72588951;4,86640523;
202300018237.0;1;03;03101;1;1;1.0;6.0;46,40117000;2,53226000;
202300018238.0;1;93;93051;2;1;1.0;3.0;48,84481000;2,53896000;
202300018239.0;3;69;69255;2;1;1.0;1.0;45,73403300;4,66469700;
202300018240.0;1;69;69383;2;1;1.0;6.0;45,75413431;4,88530608;
202300018241.0;1;75;75120;2;1;1.0;2.0;48,84826300;2,41494700;
202300018242.0;1;93;93048;2;2;1.0;3.0;48,87803407;2,45746002;
202300018243.0;1;81;81182;1;1;1.0;7.0;43,73265400;2,32425200;
202300018244.0;1;972;97209;2;1;1.0;3.0;14,61875000; -61,04498000;
202300018245.0;1;65;65059;2;1;1.0;7.0;43,07593000;0,15883500;
202300018246.0;5;69;69381;2;1;1.0;7.0;45,77356302;4,82532935;
202300018247.0;1;93;93046;2;3;1.0;3.0;48,92632142;2,52579476;
202300018248.0;3;09;09210;1;1;1.0;6.0;42,90844300;1,63842200;
202300018249.0;1;971;97113;1;1;1.0;3.0;16,21754000; -61,49419000;
202300018250.0;3;87;87167;1;1;5.0;6.0;45,90105900;1,46435700;
202300018251.0;1;93;93031;2;2;1.0;6.0;48,95963000;2,30432000;
202300018252.0;1;2A;2A004;2;1;1.0;6.0;41,91621000;8,73124000;
202300018253.0;3;16;16236;1;1;1.0;6.0;45,58189300;0,12902500;
202300018254.0;1;93;93014;2;1;1.0;4.0;48,90580425;2,53963902;
202300018255.0;1;93;93010;2;1;1.0;6.0;48,91514241;2,48404662;
202300018256.0;1;87;87085;2;1;2.0;2.0;45,88209559;1,29009604;
202300018257.0;1;22;22162;1;3;1.0;6.0;48,76608100; -3,10084500;
202300018258.0;1;76;76743;2;1;8.0;6.0;49,52755900;0,93040500;
202300018259.0;1;93;93007;2;3;1.0;3.0;48,95019000;2,45463000;
202300018260.0;1;86;86194;2;2;1.0;1.0;46,58561000;0,33320000;
202300018261.0;1;84;84007;1;1;1.0;2.0;43,91567000;4,80878000;
202300018262.0;1;92;92051;2;1;1.0;6.0;48,88760889;2,26026803;
202300018263.0;1;92;92051;2;9;1.0;6.0;48,87950000;2,27114000;
202300018264.0;1;83;83129;2;1;1.0;7.0;43,09614900;5,84906700;
202300018265.0;5;83;83144;1;1;1.0;2.0;43,13420810;5,98745607;
202300018266.0;1;92;92020;2;3;1.0;7.0;48,80639542;2,27671668;
202300018267.0;3;33;33075;1;1;1.0;6.0;44,88779288; -0,57963610;
202300018268.0;1;80;80021;2;2;1.0;3.0;49,89024000;2,29084000;
202300018269.0;1;92;92026;2;9;1.0;1.0;48,89979643;2,23996568;
202300018270.0;3;91;91347;1;1;2.0;6.0;48,62286000;2,28921000;
202300018271.0;1;91;91228;1;1;2.0;7.0;48,63433000;2,40608000;
202300018272.0;1;92;92032;2;1;1.0;6.0;48,79143618;2,28954166;
202300018273.0;1;92;92012;2;1;1.0;3.0;48,83254190;2,25979730;
202300018274.0;1;92;92002;1;1;3.0;2.0;48,73048853;2,30839062;
202300018275.0;1;78;78238;1;6;1.0;3.0;48,96976000;1,86408000;
202300018276.0;1;91;91659;1;1;3.0;7.0;48,57865000;2,46318000;
202300018277.0;3;77;77514;1;1;3.0;6.0;48,93546000;2,61318000;
202300018278.0;1;92;92012;1;2;1.0;3.0;48,83475953;2,23945946;
202300018279.0;1;76;76351;2;3;1.0;3.0;49,52703000;0,13002000;
202300018280.0;3;91;91661;1;1;2.0;5.0;48,69787000;2,24088000;
202300018281.0;1;92;92012;2;1;1.0;2.0;48,82505000;2,24877000;
202300018282.0;2;92;92004;2;1;1.0;7.0;48,90490374;2,28338465;
202300018283.0;1;72;72181;2;1;1.0;6.0;48,00410000;0,20122000;
202300018284.0;1;91;91521;1;1;1.0;2.0;48,63200000;2,40600000;
202300018285.0;1;92;92004;2;1;1.0;6.0;48,91380641;2,30160624;
202300018286.0;1;69;69275;2;2;1.0;3.0;45,77160000;4,96795000;
202300018287.0;3;78;78291;1;1;3.0;2.0;48,97025700;1,73469800;
202300018288.0;1;64;64102;1;9;1.0;6.0;43,49611000; -1,48613000;
202300018289.0;5;64;64102;2;1;1.0;7.0;43,48442000; -1,49038000;
202300018290.0;1;83;83136;1;3;1.0;2.0;43,48536900;6,21661500;
202300018291.0;3;78;78206;1;1;1.0;2.0;48,95474000;1,93843000;
202300018292.0;1;64;64102;2;1;1.0;1.0;43,49858000; -1,44769000;
202300018293.0;1;95;95582;1;1;2.0;6.0;48,96602000;2,25752000;
202300018294.0;1;57;57664;1;1;7.0;3.0;48,77846800;6,75514300;
202300018295.0;1;92;92050;1;1;2.0;7.0;48,91165005;2,21682040;
202300018296.0;2;64;64102;2;1;1.0;2.0;43,48603000; -1,47441000;
202300018297.0;1;974;97422;2;1;1.0;6.0; -21,28221700;55,51710800;
202300018298.0;1;63;63014;1;1;1.0;6.0;45,74339014;3,13852787;
202300018299.0;3;93;93007;1;1;2.0;2.0;48,94617059;2,44137667;
202300018300.0;1;85;85109;2;1;1.0;3.0;46,86091700; -1,01966900;
202300018301.0;1;59;59343;2;8;1.0;3.0;50,59106000;3,11786000;
202300018302.0;5;93;93048;1;1;1.0;3.0;48,87291000;2,43567000;
202300018303.0;1;59;59350;2;1;1.0;2.0;50,63343000;3,05406000;
202300018304.0;1;51;51621;1;1;1.0;7.0;49,20273800;4,97369500;
202300018305.0;1;95;95500;1;1;1.0;2.0;49,03791015;2,08944082;
202300018306.0;1;62;62268;2;1;1.0;6.0;50,66801500;1,84012400;
202300018307.0;3;56;56107;2;6;1.0;3.0;47,71782000; -3,38392000;
202300018308.0;1;19;19010;1;9;1.0;6.0;45,09436138;1,94940518;
202300018309.0;1;94;94017;1;1;1.0;4.0;48,82665078;2,51617424;
202300018310.0;1;76;76744;2;2;1.0;3.0;49,83428700;1,56829800;
202300018311.0;1;974;97416;2;1;1.0;3.0; -21,31620000;55,47800000;
202300018312.0;1;69;69103;2;1;1.0;1.0;46,23112321;4,71281780;
202300018313.0;1;974;97416;1;1;2.0;7.0; -21,26528000;55,47983000;
202300018314.0;1;63;63469;1;1;1.0;7.0;45,76854500;3,64658100;
202300018315.0;5;974;97407;2;1;1.0;3.0; -20,93990000;55,30640000;
202300018316.0;1;63;63097;1;1;1.0;7.0;45,48749079;3,07432652;
202300018317.0;5;67;67482;2;2;3.0;6.0;48,58717431;7,70086080;
202300018318.0;5;973;97302;2;2;1.0;3.0;4,93614000; -52,33358000;
202300018319.0;1;42;42234;1;1;1.0;1.0;45,51093300;4,38423700;
202300018320.0;2;46;46028;2;1;1.0;6.0;44,94457100;1,73047300;
202300018321.0;1;41;41242;2;6;1.0;7.0;47,27332500;1,55759200;
202300018322.0;5;69;69386;2;1;1.0;2.0;45,77385000;4,84183000;
202300018323.0;5;973;97302;2;3;1.0;3.0;4,94371776; -52,32272279;
202300018324.0;1;39;39475;2;1;1.0;7.0;46,43817500;5,34390400;
202300018325.0;2;69;69034;2;1;2.0;3.0;45,79538865;4,82955872;
202300018326.0;1;973;97302;2;2;1.0;3.0;4,92844000; -52,29349000;
202300018327.0;1;69;69386;2;1;1.0;6.0;45,77371000;4,85115000;
202300018328.0;1;971;97113;1;9;1.0;3.0;16,20895000; -61,47086000;
202300018329.0;1;35;35069;2;3;1.0;3.0;48,05621500; -1,45015800;
202300018330.0;1;972;97209;2;1;1.0;6.0;14,60562000; -61,06914000;
202300018331.0;1;02;02339;1;1;1.0;6.0;49,09846200;3,18920800;
202300018332.0;5;95;95585;2;1;2.0;3.0;48,98946400;2,37709700;
202300018333.0;1;95;95598;2;2;2.0;3.0;48,98146000;2,29258900;
202300018334.0;1;66;66149;2;1;1.0;1.0;42,62276400;2,44201200;
202300018335.0;5;95;95280;2;6;1.0;6.0;49,03226905;2,47394085;
202300018336.0;1;95;95306;2;8;1.0;6.0;48,98758072;2,16671795;
202300018337.0;1;66;66214;2;1;1.0;1.0;42,53908200;2,84629600;
202300018338.0;1;95;95063;2;1;1.0;3.0;48,92383000;2,20685000;
202300018339.0;1;91;91345;2;2;1.0;3.0;48,69344000;2,29139000;
202300018340.0;1;06;06079;2;6;1.0;3.0;43,55033300;6,94655300;
202300018341.0;1;91;91027;2;2;2.0;3.0;48,70592400;2,37172500;
202300018342.0;1;91;91174;2;7;3.0;6.0;48,60493000;2,46787000;
202300018343.0;1;60;60156;2;1;1.0;3.0;49,44203656;2,86105112;
202300018344.0;1;87;87085;2;2;2.0;1.0;45,83296000;1,25894000;
202300018345.0;1;91;91223;2;1;1.0;1.0;48,43315000;2,17881000;
202300018346.0;1;87;87085;2;1;2.0;3.0;45,82699600;1,28555800;
202300018347.0;1;73;73246;1;1;1.0;2.0;45,47046272;5,81861019;
202300018348.0;1;87;87085;2;3;3.0;3.0;45,81928000;1,22310000;
202300018349.0;1;16;16312;1;2;7.0;3.0;45,77128700; -0,02512200;
202300018350.0;2;87;87085;2;1;2.0;3.0;45,83232000;1,25023000;
202300018351.0;5;76;76351;2;6;1.0;3.0;49,49181000;0,13264000;
202300018352.0;5;76;76351;2;1;1.0;6.0;49,48446000;0,10245000;
202300018353.0;3;78;78440;2;8;2.0;6.0;48,98681000;1,89469000;
202300018354.0;1;87;87203;1;3;1.0;3.0;45,67570700;1,37346300;
202300018355.0;1;76;76217;2;1;1.0;6.0;49,92556000;1,07127000;
202300018356.0;1;987;98734;1;3;1.0;2.0; -17,75310100; -149,54023400;
202300018357.0;2;69;69266;2;2;1.0;3.0;45,74932000;4,91415000;
202300018358.0;2;77;77284;2;1;1.0;6.0;48,96191000;2,88017000;
202300018359.0;1;68;68297;1;1;1.0;2.0;47,60729100;7,52675100;
202300018360.0;1;64;64445;2;1;3.0;2.0;43,29767000; -0,38518000;
202300018361.0;1;77;77333;2;1;1.0;6.0;48,26736000;2,69853000;
202300018362.0;1;72;72080;1;1;1.0;2.0;48,14490927;0,67251205;
202300018363.0;1;64;64445;2;6;8.0;6.0;43,31872000; -0,30750000;
202300018364.0;2;76;76681;2;1;3.0;3.0;49,40482000;1,10745000;
202300018365.0;4;63;63113;2;1;2.0;6.0;45,81456000;3,10954000;
202300018366.0;1;57;57468;1;1;1.0;4.0;48,76489900;7,22367200;
202300018367.0;1;76;76351;2;4;2.0;2.0;49,50447300;0,17774500;
202300018368.0;5;63;63113;2;2;2.0;2.0;45,76304000;3,09927000;
202300018369.0;1;45;45317;1;1;1.0;6.0;47,78098200;1,59224500;
202300018370.0;1;73;73008;2;9;2.0;6.0;45,69946400;5,90839400;
202300018371.0;3;61;61169;1;1;3.0;6.0;48,73261000; -0,60475000;
202300018372.0;1;971;97125;2;1;1.0;2.0;16,26856800; -61,30995500;
202300018373.0;1;72;72181;2;9;1.0;6.0;48,01474000;0,15913000;
202300018374.0;3;59;59043;1;1;1.0;6.0;50,74895000;2,71213000;
202300018375.0;1;28;28015;1;1;1.0;1.0;48,48436500;1,76693200;
202300018376.0;1;72;72181;2;9;2.0;2.0;48,01319000;0,17623000;
202300018377.0;1;57;57143;2;3;1.0;3.0;49,25921000;6,09467000;
202300018378.0;1;77;77510;2;1;1.0;6.0;48,81603278;2,79418100;
202300018379.0;1;71;71076;2;2;7.0;3.0;46,79251000;4,85389000;
202300018380.0;1;84;84141;2;6;1.0;6.0;43,98646900;4,89672700;
202300018381.0;1;69;69256;2;1;1.0;6.0;45,78625183;4,92587075;
202300018382.0;1;52;52121;2;3;1.0;3.0;48,10483000;5,13033000;
202300018383.0;1;89;89206;1;1;1.0;1.0;47,98048000;3,43570200;
202300018384.0;5;67;67482;2;1;1.0;3.0;48,61215000;7,77702000;
202300018385.0;1;52;52121;2;1;1.0;6.0;48,10963000;5,14329000;
202300018386.0;1;21;21292;1;1;1.0;6.0;47,23772700;5,20978200;
202300018387.0;5;51;51454;2;1;1.0;7.0;49,25216000;4,02521000;
202300018388.0;1;67;67482;2;3;3.0;3.0;48,58057000;7,72335000;
202300018389.0;1;67;67028;2;3;1.0;3.0;48,36788600;7,58992700;
202300018390.0;1;51;51454;2;4;1.0;2.0;49,27447000;4,05783000;
202300018391.0;1;67;67447;2;3;8.0;6.0;48,60509000;7,75752000;
202300018392.0;1;63;63284;2;1;1.0;3.0;45,79487100;3,22661200;
202300018393.0;2;01;01301;1;1;1.0;1.0;46,25390300;5,14254600;
202300018394.0;1;47;47031;2;3;2.0;3.0;44,17659122;0,65838361;
202300018395.0;1;67;67482;2;3;3.0;3.0;48,54413000;7,78135000;
202300018396.0;1;69;69269;1;1;1.0;1.0;45,69802700;4,60155500;
202300018397.0;2;47;47031;1;3;2.0;3.0;44,15484000;0,65490000;
202300018398.0;1;67;67482;2;3;3.0;3.0;48,59107000;7,74614000;
202300018399.0;1;33;33494;1;1;1.0;2.0;44,93993700; -0,83328900;
202300018400.0;1;45;45208;2;3;1.0;3.0;47,99795000;2,73915000;
202300018401.0;5;67;67462;2;9;2.0;3.0;48,26040900;7,44476900;
202300018402.0;1;85;85214;1;1;1.0;1.0;46,53736000; -1,70208000;
202300018403.0;1;40;40192;2;3;1.0;3.0;43,88913000; -0,46755000;
202300018404.0;5;64;64129;2;3;1.0;1.0;43,30425000; -0,40021000;
202300018405.0;3;38;38158;1;1;3.0;6.0;45,15907000;5,75040000;
202300018406.0;1;85;85178;2;3;1.0;3.0;46,76961000; -1,50442000;
202300018407.0;1;64;64129;2;9;1.0;6.0;43,31678000; -0,37828000;
202300018408.0;1;37;37214;2;1;1.0;6.0;47,43085000;0,67066000;
202300018409.0;2;27;27275;1;1;7.0;6.0;49,15619700;1,35436500;
202300018410.0;1;37;37122;2;6;2.0;6.0;47,35040000;0,65635000;
202300018411.0;1;64;64445;1;1;1.0;4.0;43,34351127; -0,37981421;
202300018412.0;1;60;60612;2;1;1.0;6.0;49,20551700;2,56851600;
202300018413.0;1;35;35281;2;1;1.0;6.0;48,09243767; -1,70318261;
202300018414.0;1;64;64445;1;1;1.0;2.0;43,34558000; -0,37969000;
202300018415.0;1;67;67482;1;1;1.0;3.0;48,57055000;7,73120000;
202300018416.0;1;35;35238;2;3;1.0;3.0;48,11170000; -1,65605000;
202300018417.0;5;64;64125;2;1;2.0;6.0;43,44779000; -1,57370000;
202300018418.0;1;33;33096;1;1;1.0;3.0;44,89058375; -0,50245017;
202300018419.0;1;35;35238;2;1;1.0;4.0;48,13311021; -1,68512464;
202300018420.0;5;64;64024;2;1;1.0;3.0;43,48275000; -1,50473000;
202300018421.0;1;94;94016;1;1;1.0;2.0;48,79259523;2,34427063;
202300018422.0;1;35;35238;2;3;1.0;3.0;48,11021000; -1,66411000;
202300018423.0;1;63;63245;1;1;6.0;2.0;45,88258135;3,08552291;
202300018424.0;1;33;33063;2;1;3.0;6.0;44,84306861; -0,57295337;
202300018425.0;2;62;62041;2;2;2.0;3.0;50,28597000;2,77279000;
202300018426.0;1;91;91228;1;1;1.0;5.0;48,62628000;2,41578000;
202300018427.0;1;33;33039;2;3;2.0;3.0;44,79788452; -0,55269331;
202300018428.0;1;61;61006;2;1;2.0;3.0;48,68930000;0,00633000;
202300018429.0;1;91;91549;1;1;1.0;2.0;48,62630000;2,35223000;
202300018430.0;2;32;32013;2;3;1.0;3.0;43,64910000;0,59610000;
202300018431.0;1;60;60057;2;6;1.0;6.0;49,43179833;2,06985671;
202300018432.0;1;91;91617;1;1;1.0;4.0;48,63149300;2,51459800;
202300018433.0;2;60;60057;2;9;1.0;2.0;49,42873655;2,08613025;
202300018434.0;1;94;94003;1;1;1.0;3.0;48,80072795;2,34367155;
202300018435.0;3;59;59495;1;9;9.0;6.0;50,27675000;4,02647000;
202300018436.0;1;22;22187;2;2;1.0;3.0;48,54414000; -2,78446000;
202300018437.0;1;22;22278;2;1;2.0;2.0;48,49680000; -2,74778000;
202300018438.0;1;59;59360;2;2;7.0;1.0;50,60197000;3,03784000;
202300018439.0;1;78;78158;1;1;1.0;2.0;48,84170300;2,10425300;
202300018440.0;3;57;57306;1;1;2.0;6.0;49,33529000;6,08393000;
202300018441.0;5;16;16358;2;1;1.0;6.0;45,66489100;0,13567900;
202300018442.0;1;92;92062;1;1;1.0;4.0;48,88710935;2,25283375;
202300018443.0;1;54;54304;2;1;1.0;3.0;48,69443000;6,13641000;
202300018444.0;5;14;14366;2;6;1.0;3.0;49,14388600;0,21907800;
202300018445.0;3;73;73162;1;4;1.0;6.0;45,60647200;6,28208800;
202300018446.0;1;13;13103;2;1;1.0;6.0;43,63457135;5,10011602;
202300018447.0;1;34;34032;2;1;1.0;6.0;43,34822000;3,22244000;
202300018448.0;3;54;54149;1;1;2.0;6.0;49,42433000;5,91164000;
202300018449.0;1;13;13209;2;1;1.0;3.0;43,23918474;5,43667351;
202300018450.0;1;976;97611;1;1;1.0;3.0; -12,78750000;45,16510000;
202300018451.0;1;54;54451;2;1;2.0;2.0;49,49800000;5,75240000;
202300018452.0;1;13;13002;2;1;1.0;1.0;43,32982000;5,48444000;
202300018453.0;1;974;97416;1;1;1.0;2.0; -21,31265000;55,49532000;
202300018454.0;2;50;50129;2;1;3.0;6.0;49,63451000; -1,56806000;
202300018455.0;2;974;97411;2;1;1.0;6.0; -20,91874000;55,45883000;
202300018456.0;1;13;13063;2;1;1.0;3.0;43,59697629;5,00544166;
202300018457.0;1;50;50129;2;2;1.0;3.0;49,64230000; -1,63716000;
202300018458.0;1;69;69388;2;1;1.0;3.0;45,73770000;4,85243000;
202300018459.0;5;11;11069;2;2;3.0;3.0;43,21566000;2,35610000;
202300018460.0;1;69;69388;2;8;1.0;6.0;45,73007000;4,86717000;
202300018461.0;2;49;49099;2;1;1.0;6.0;47,06029200; -0,89018100;
202300018462.0;1;75;75105;2;2;8.0;3.0;48,85110400;2,35129200;
202300018463.0;1;971;97101;2;1;1.0;2.0;16,24987000; -61,52879000;
202300018464.0;1;49;49007;2;2;1.0;6.0;47,45062000; -0,55285000;
202300018465.0;1;91;91345;2;1;1.0;6.0;48,69156100;2,29497300;
202300018466.0;1;75;75118;2;5;2.0;6.0;48,89844700;2,35248200;
202300018467.0;5;45;45232;2;5;2.0;3.0;47,86861000;1,91217000;
202300018468.0;1;91;91377;2;9;1.0;7.0;48,72688000;2,27707000;
202300018469.0;5;43;43041;2;1;1.0;7.0;45,05279300;3,91106800;
202300018470.0;1;75;75117;2;4;1.0;2.0;48,88221000;2,30117000;
202300018471.0;1;86;86066;2;1;1.0;6.0;46,81359000;0,53250000;
202300018472.0;3;972;97209;1;1;1.0;1.0;14,61647000; -61,04280000;
202300018473.0;1;75;75117;2;1;1.0;3.0;48,88103800;2,31417700;