Num_Acc;lum;departement;commune;agglomeration;intersection;meteo;type_collision;lat;long;date
202300018474.0;1;83;83069;2;3;1.0;3.0;43,12593000;6,09371000;
202300018475.0;2;69;69389;2;6;2.0;6.0;45,79972000;4,81983000;
202300018476.0;3;42;42184;2;6;2.0;1.0;46,05081000;4,06645000;
202300018477.0;1;75;75116;2;3;1.0;3.0;48,87296700;2,29312300;
202300018478.0;2;2B;2B033;1;6;1.0;6.0;42,66596000;9,43944000;
202300018479.0;5;42;42316;2;1;2.0;6.0;45,39955000;4,25923000;
202300018480.0;1;75;75113;2;5;1.0;6.0;48,83223200;2,37976500;
202300018481.0;1;971;97101;1;1;1.0;3.0;16,24881000; -61,52777000;
202300018482.0;1;38;38053;2;1;2.0;6.0;45,59722000;5,29403000;
202300018483.0;1;77;77058;2;1;1.0;3.0;48,83129700;2,71205300;
202300018484.0;1;971;97101;1;1;1.0;2.0;16,27973000; -61,49107000;
202300018485.0;1;75;75112;2;3;2.0;3.0;48,84878500;2,36798400;
202300018486.0;5;2A;2A004;2;1;1.0;7.0;41,95473000;8,77470000;
202300018487.0;5;37;37261;2;2;1.0;3.0;47,41887000;0,68139000;
202300018488.0;1;76;76540;2;2;1.0;3.0;49,43809000;1,10509000;
202300018489.0;5;75;75110;2;2;2.0;7.0;48,87491500;2,35730200;
202300018490.0;1;76;76351;2;1;1.0;6.0;49,50814000;0,13614000;
202300018491.0;1;91;91691;2;1;1.0;3.0;48,70737000;2,48102000;
202300018492.0;1;75;75110;2;1;3.0;1.0;48,87750300;2,35285500;
202300018493.0;1;37;37214;2;2;2.0;3.0;47,40004000;0,66600000;
202300018494.0;1;76;76351;2;1;1.0;3.0;49,50703000;0,16933000;
202300018495.0;2;91;91114;2;1;1.0;3.0;48,69694000;2,49743000;
202300018496.0;1;75;75108;2;1;1.0;6.0;48,86624200;2,31384300;
202300018497.0;1;75;75108;2;2;1.0;6.0;48,87420300;2,30743000;
202300018498.0;1;35;35238;2;2;1.0;3.0;48,13504000; -1,65960000;
202300018499.0;1;91;91326;2;1;2.0;6.0;48,68800000;2,37720000;
202300018500.0;5;76;76351;2;2;1.0;6.0;49,49875000;0,15911000;
202300018501.0;1;76;76351;1;1;1.0;7.0;49,50069000;0,10763000;
202300018502.0;2;75;75104;2;2;2.0;3.0;48,85175100;2,36701100;
202300018503.0;5;35;35238;2;2;1.0;3.0;48,10716000; -1,72383000;
202300018504.0;3;89;89287;1;2;2.0;3.0;48,18276000;3,22467000;
202300018505.0;1;73;73008;2;1;1.0;6.0;45,67636810;5,90708255;
202300018506.0;1;94;94046;2;1;2.0;2.0;48,81378028;2,42590007;
202300018507.0;5;35;35238;2;3;1.0;6.0;48,12620000; -1,69322000;
202300018508.0;3;89;89024;1;1;2.0;2.0;47,82060000;3,57909000;
202300018509.0;1;68;68066;2;1;1.0;3.0;48,08358257;7,34917760;
202300018510.0;1;67;67482;2;1;1.0;6.0;48,60400000;7,71720000;
202300018511.0;1;94;94065;2;3;1.0;6.0;48,74438000;2,35860000;
202300018512.0;5;87;87114;2;2;2.0;6.0;45,83237000;1,30367000;
202300018513.0;5;35;35238;2;1;1.0;3.0;48,10629000; -1,66755000;
202300018514.0;1;67;67482;2;1;1.0;2.0;48,56438000;7,72367000;
202300018515.0;1;87;87085;2;1;1.0;7.0;45,82832000;1,26925000;
202300018516.0;1;94;94021;2;3;2.0;2.0;48,76540700;2,36813900;
202300018517.0;4;35;35051;2;1;1.0;2.0;48,12070000; -1,62065000;
202300018518.0;1;86;86066;2;1;2.0;6.0;46,81752000;0,53058000;
202300018519.0;1;64;64129;2;6;1.0;3.0;43,30489000; -0,40116000;
202300018520.0;5;85;85191;2;1;1.0;6.0;46,67731000; -1,44028000;
202300018521.0;1;64;64445;2;3;1.0;3.0;43,30770000; -0,36950000;
202300018522.0;2;34;34301;2;1;1.0;3.0;43,41150000;3,68050000;
202300018523.0;1;93;93078;2;2;1.0;3.0;48,97639047;2,51310153;
202300018524.0;1;33;33281;1;1;1.0;4.0;44,84798500; -0,66932100;
202300018525.0;1;64;64102;2;1;1.0;7.0;43,49277000; -1,49561000;
202300018526.0;5;34;34172;2;1;1.0;7.0;43,59222000;3,85146000;
202300018527.0;3;84;84007;2;1;1.0;6.0;43,92881000;4,81279000;
202300018528.0;1;77;77291;1;1;2.0;3.0;49,00547000;2,59291000;
202300018529.0;5;59;59090;2;1;1.0;6.0;50,72226000;3,12276000;
202300018530.0;3;91;91161;1;1;1.0;3.0;48,70112000;2,30934000;
202300018531.0;1;33;33063;2;9;1.0;6.0;44,82861818; -0,56285352;
202300018532.0;1;83;83137;2;3;1.0;3.0;43,12865000;5,96644000;
202300018533.0;1;93;93070;2;1;2.0;5.0;48,90805000;2,34416000;
202300018534.0;1;59;59343;2;1;1.0;3.0;50,57598000;3,09940000;
202300018535.0;1;59;59156;1;1;1.0;6.0;50,33326000;3,06064000;
202300018536.0;1;31;31555;2;1;1.0;6.0;43,58405073;1,42744079;
202300018537.0;1;91;91617;1;1;1.0;3.0;48,63157000;2,51775000;
202300018538.0;1;93;93031;2;1;1.0;6.0;48,95725500;2,32173100;
202300018539.0;1;57;57508;2;1;1.0;6.0;49,34381000;6,05161000;
202300018540.0;5;83;83137;2;3;1.0;3.0;43,12453000;5,92612000;
202300018541.0;5;25;25056;2;1;2.0;1.0;47,25674000;6,01219000;
202300018542.0;1;57;57672;2;1;1.0;6.0;49,35885000;6,17014000;
202300018543.0;1;93;93013;2;2;8.0;3.0;48,94056569;2,43103801;
202300018544.0;1;91;91345;1;1;1.0;3.0;48,68972000;2,32391000;
202300018545.0;1;83;83137;2;9;1.0;3.0;43,13058012;5,90306810;
202300018546.0;1;56;56107;2;1;1.0;6.0;47,71315000; -3,38917000;
202300018547.0;5;24;24037;2;6;1.0;1.0;44,85344000;0,48855000;
202300018548.0;1;93;93013;2;3;1.0;6.0;48,93146000;2,42812000;
202300018549.0;5;56;56121;2;1;1.0;2.0;47,74212000; -3,37054000;
202300018550.0;1;92;92036;1;1;1.0;2.0;48,93440186;2,28032461;
202300018551.0;1;93;93007;2;1;1.0;6.0;48,93876774;2,47268864;
202300018552.0;3;80;80724;1;1;2.0;1.0;49,85981000;2,22866000;
202300018553.0;2;24;24037;2;6;2.0;5.0;44,83546000;0,45067000;
202300018554.0;1;51;51108;2;6;1.0;3.0;48,97769000;4,35601000;
202300018555.0;1;92;92019;1;1;1.0;2.0;48,77623152;2,23440873;
202300018556.0;1;93;93001;2;1;1.0;3.0;48,91255900;2,36993600;
202300018557.0;1;92;92046;2;1;1.0;3.0;48,82159000;2,30442000;
202300018558.0;1;78;78490;1;1;1.0;3.0;48,80042900;1,95494400;
202300018559.0;1;51;51108;2;6;1.0;3.0;48,95438000;4,33346000;
202300018560.0;5;24;24037;2;3;2.0;1.0;44,85334000;0,49387000;
202300018561.0;5;92;92064;2;4;1.0;6.0;48,84658300;2,22352700;
202300018562.0;3;49;49267;2;6;1.0;6.0;47,48573000; -0,51144000;
202300018563.0;1;92;92048;2;1;1.0;6.0;48,80990000;2,24290000;
202300018564.0;5;22;22187;2;1;8.0;1.0;48,53319000; -2,75936000;
202300018565.0;1;43;43157;1;1;1.0;7.0;45,04843200;3,90252400;
202300018566.0;5;78;78502;2;1;2.0;6.0;48,87942100;2,10868100;
202300018567.0;3;77;77438;1;1;1.0;6.0;48,86278071;2,66799677;
202300018568.0;1;92;92019;2;1;1.0;6.0;48,76401000;2,27094000;
202300018569.0;1;16;16166;2;1;2.0;6.0;45,66321900;0,19276200;
202300018570.0;1;38;38151;2;6;1.0;3.0;45,13502000;5,71424000;
202300018571.0;3;77;77438;2;1;2.0;2.0;48,86121000;2,66508000;
202300018572.0;1;94;94028;1;1;1.0;2.0;48,78165178;2,44112328;
202300018573.0;1;92;92004;2;1;1.0;3.0;48,91667420;2,30597422;
202300018574.0;1;37;37122;1;1;1.0;6.0;47,34076000;0,65956000;
202300018575.0;1;16;16015;2;1;1.0;6.0;45,66007000;0,14351000;
202300018576.0;1;11;11424;2;1;2.0;6.0;42,95376800;2,03124800;
202300018577.0;1;77;77284;2;1;1.0;3.0;48,95130000;2,91041000;
202300018578.0;1;77;77053;1;1;1.0;7.0;48,68174000;2,60388000;
202300018579.0;1;37;37261;2;6;1.0;3.0;47,36422000;0,68446000;
202300018580.0;1;14;14327;2;1;3.0;7.0;49,20668000; -0,31485000;
202300018581.0;5;77;77058;2;1;2.0;1.0;48,83173000;2,71558000;
202300018582.0;1;06;06149;1;1;1.0;5.0;43,73363100;7,29558700;
202300018583.0;1;35;35238;2;2;1.0;2.0;48,10739776; -1,68036908;
202300018584.0;1;13;13201;2;3;1.0;6.0;43,29911000;5,38145000;
202300018585.0;5;77;77237;2;1;2.0;3.0;48,84942000;2,76770000;
202300018586.0;3;14;14120;1;1;1.0;6.0;49,04534900; -0,75664000;
202300018587.0;1;35;35238;2;1;1.0;6.0;48,11403000; -1,63732000;
202300018588.0;1;41;41031;1;1;1.0;3.0;47,54200500;1,37487900;
202300018589.0;1;35;35238;2;1;1.0;6.0;48,12285000; -1,65819000;
202300018590.0;2;76;76322;2;1;2.0;6.0;49,40262977;1,06549283;
202300018591.0;5;13;13215;2;1;1.0;1.0;43,36192000;5,35732000;
202300018592.0;1;988;98818;2;1;3.0;2.0; -22,24950000;166,45038000;
202300018593.0;1;35;35238;2;1;1.0;6.0;48,08650000; -1,66760000;
202300018594.0;1;31;31389;2;3;1.0;1.0;43,64323000;1,52218000;
202300018595.0;1;76;76270;2;1;1.0;6.0;49,53325000;0,14602000;
202300018596.0;1;34;34108;2;1;1.0;6.0;43,44871000;3,74154000;
202300018597.0;1;13;13203;2;2;1.0;3.0;43,30771738;5,37394242;
202300018598.0;1;23;23193;2;1;1.0;6.0;46,17661400;1,89825300;
202300018599.0;1;974;97411;2;1;1.0;3.0; -20,89248000;55,45184000;
202300018600.0;5;76;76351;2;1;2.0;1.0;49,49380000;0,11321000;
202300018601.0;1;34;34172;2;9;1.0;2.0;43,57754500;3,87503600;
202300018602.0;3;84;84027;1;1;2.0;6.0;44,10007700;4,75294100;
202300018603.0;5;13;13028;2;2;1.0;3.0;43,17874000;5,59748000;
202300018604.0;5;31;31555;2;1;1.0;1.0;43,62199840;1,42516226;
202300018605.0;1;76;76351;2;2;1.0;3.0;49,49231000;0,14839000;
202300018606.0;1;974;97411;2;2;1.0;6.0; -20,88988000;55,45290000;
202300018607.0;3;77;77247;1;1;3.0;3.0;48,77011700;3,34046800;
202300018608.0;1;11;11069;2;1;1.0;6.0;43,21342000;2,35010000;
202300018609.0;1;31;31555;2;1;1.0;3.0;43,61846316;1,43647011;
202300018610.0;4;74;74012;2;1;2.0;6.0;46,18518000;6,24220000;
202300018611.0;1;27;27681;2;1;1.0;6.0;49,08931000;1,46974000;
202300018612.0;1;61;61214;2;2;1.0;3.0;48,76108800;0,61563600;
202300018613.0;1;973;97302;2;3;1.0;3.0;4,93033990; -52,30899274;
202300018614.0;3;10;10060;2;1;2.0;3.0;48,26090000;4,09500000;
202300018615.0;1;73;73065;2;1;1.0;6.0;45,56771004;5,91899488;
202300018616.0;1;27;27229;2;1;1.0;2.0;49,02737000;1,14331000;
202300018617.0;2;49;49218;1;1;1.0;1.0;47,29822700; -1,11011300;
202300018618.0;1;75;75115;2;1;2.0;3.0;48,83435100;2,27601400;
202300018619.0;5;69;69259;2;2;1.0;3.0;45,72268175;4,87734290;
202300018620.0;1;22;22360;2;1;1.0;2.0;48,48174000; -2,72894000;
202300018621.0;5;72;72181;2;1;8.0;6.0;48,03152000;0,17865000;
202300018622.0;1;39;39171;1;2;3.0;5.0;46,67175500;5,46041700;
202300018623.0;5;75;75117;2;1;2.0;2.0;48,89910400;2,31712400;
202300018624.0;1;16;16166;2;7;1.0;3.0;45,66012600;0,19309400;
202300018625.0;1;69;69387;2;4;1.0;3.0;45,73525000;4,83907000;
202300018626.0;1;26;26357;1;1;1.0;6.0;44,28398000;4,92323000;
202300018627.0;1;14;14118;2;9;1.0;6.0;49,18041000; -0,36285000;
202300018628.0;5;72;72181;2;1;1.0;3.0;48,00411000;0,20132000;
202300018629.0;1;75;75112;2;2;2.0;6.0;48,83971100;2,40252400;
202300018630.0;1;58;58067;1;1;2.0;6.0;47,12589200;3,10516100;
202300018631.0;1;972;97213;1;1;1.0;3.0;14,61726000; -61,02088000;
202300018632.0;1;13;13005;2;1;8.0;6.0;43,31620182;5,59983229;
202300018633.0;1;72;72181;2;9;8.0;2.0;47,98942000;0,20698000;
202300018634.0;1;83;83025;1;1;1.0;6.0;43,52761077;5,96528621;
202300018635.0;1;75;75106;2;2;1.0;6.0;48,85209844;2,34030247;
202300018636.0;3;11;11262;2;1;1.0;6.0;43,19639000;3,00920000;
202300018637.0;1;69;69385;2;3;1.0;6.0;45,75000395;4,78116263;
202300018638.0;1;09;09122;2;1;1.0;3.0;42,95401644;1,62346870;
202300018639.0;5;75;75119;2;1;1.0;3.0;48,88375300;2,37397900;
202300018640.0;1;36;36033;1;3;1.0;1.0;46,55080400;1,50027800;
202300018641.0;5;72;72181;1;1;2.0;4.0;48,02229000;0,16916000;
202300018642.0;2;04;04084;1;1;1.0;1.0;43,94090000;6,16763200;
202300018643.0;1;07;07316;1;1;1.0;7.0;44,89788000;4,85212000;
202300018644.0;1;2B;2B033;2;1;1.0;4.0;42,67671700;9,44430900;
202300018645.0;1;75;75118;2;3;1.0;3.0;48,89084300;2,35996700;
202300018646.0;3;17;17483;1;3;2.0;7.0;46,04272400; -1,03951400;
202300018647.0;1;71;71497;1;1;1.0;1.0;46,35130000;4,84863000;
202300018648.0;5;06;06088;2;1;8.0;6.0;43,68830000;7,23948000;
202300018649.0;5;06;06004;2;9;1.0;6.0;43,59982000;7,08614000;
202300018650.0;1;75;75116;2;1;2.0;6.0;48,84080400;2,25621300;
202300018651.0;1;2B;2B033;2;2;1.0;3.0;42,70260200;9,45212500;
202300018652.0;2;69;69282;2;3;2.0;3.0;45,77824000;5,01475000;
202300018653.0;1;2B;2B033;2;1;1.0;2.0;42,66126000;9,44218000;
202300018654.0;1;52;52028;1;3;1.0;6.0;47,84270300;5,03707100;
202300018655.0;1;67;67482;2;3;9.0;3.0;48,54367000;7,75843000;
202300018656.0;1;03;03310;2;3;1.0;6.0;46,12952000;3,43348000;
202300018657.0;5;987;98734;2;1;1.0;6.0; -17,71200000; -149,50800000;
202300018658.0;5;2A;2A004;2;6;8.0;2.0;41,93319666;8,75525191;
202300018659.0;3;53;53216;1;1;8.0;3.0;48,33304500; -0,55014300;
202300018660.0;2;67;67482;2;1;8.0;3.0;48,56330000;7,70328000;
202300018661.0;5;95;95680;2;9;1.0;6.0;49,00686000;2,38425000;
202300018662.0;1;69;69080;2;2;1.0;6.0;45,55230400;4,71564500;
202300018663.0;1;66;66136;2;9;6.0;6.0;42,69828000;2,88713000;
202300018664.0;1;91;91201;2;3;1.0;3.0;48,68646000;2,40409000;
202300018665.0;1;988;98824;1;1;1.0;2.0; -20,47803000;164,73329000;
202300018666.0;1;66;66136;2;1;1.0;6.0;42,69520000;2,86437000;
202300018667.0;1;78;78321;1;1;1.0;2.0;48,79750700;1,92406700;
202300018668.0;5;91;91589;2;2;1.0;3.0;48,70065000;2,35303000;
202300018669.0;1;66;66136;2;1;1.0;6.0;42,69113000;2,89789000;
202300018670.0;1;91;91326;2;2;1.0;6.0;48,68887000;2,38508000;
202300018671.0;1;78;78320;1;1;8.0;3.0;49,05848600;1,52555500;
202300018672.0;5;64;64024;2;1;2.0;2.0;43,48426000; -1,50672000;
202300018673.0;1;87;87085;2;1;1.0;6.0;45,81409000;1,29071000;
202300018674.0;1;83;83068;2;3;1.0;3.0;43,26393300;6,52966600;
202300018675.0;4;85;85194;2;1;1.0;6.0;46,49573950; -1,73266940;
202300018676.0;3;04;04086;1;1;1.0;7.0;44,40269800;6,70159600;
202300018677.0;1;64;64102;2;1;8.0;2.0;43,49218219; -1,47511572;
202300018678.0;1;84;84007;2;6;1.0;3.0;43,94698000;4,82866000;
202300018679.0;3;26;26377;1;1;1.0;2.0;44,31621100;5,05609300;
202300018680.0;3;63;63300;1;1;8.0;7.0;45,91584581;3,13378084;
202300018681.0;1;64;64230;1;1;1.0;7.0;43,20604800; -0,38499400;
202300018682.0;3;62;62617;1;1;1.0;1.0;50,46935000;2,63671000;
202300018683.0;1;80;80131;1;6;1.0;2.0;49,86295000;2,37757700;
202300018684.0;3;60;60526;1;1;3.0;6.0;49,50930042;2,51226467;
202300018685.0;1;80;80803;1;1;1.0;2.0;49,71267300;2,75519700;
202300018686.0;1;76;76212;2;2;1.0;6.0;49,44110000;1,14906000;
202300018687.0;5;62;62178;2;1;2.0;6.0;50,47823000;2,54438000;
202300018688.0;1;59;59471;1;1;1.0;7.0;50,31193400;3,57437100;
202300018689.0;1;69;69259;2;1;1.0;6.0;45,72560337;4,86692511;
202300018690.0;1;62;62108;2;1;2.0;6.0;50,40044000;1,56150000;
202300018691.0;1;13;13214;1;1;1.0;2.0;43,32987000;5,40359000;
202300018692.0;1;69;69290;2;2;1.0;3.0;45,71118000;4,90190000;
202300018693.0;3;13;13117;1;1;1.0;7.0;43,45037000;5,23930000;
202300018694.0;1;59;59350;2;1;8.0;6.0;50,62870000;3,10740000;
202300018695.0;1;13;13215;1;1;1.0;2.0;43,36508000;5,36066000;
202300018696.0;5;67;67218;2;3;1.0;3.0;48,54322000;7,73613000;
202300018697.0;1;59;59122;2;7;1.0;6.0;50,17562000;3,23560000;
202300018698.0;1;65;65440;2;3;1.0;3.0;43,21841000;0,05750000;
202300018699.0;1;13;13005;1;1;1.0;5.0;43,30000000;5,56358000;
202300018700.0;1;83;83137;1;1;1.0;3.0;43,12396254;5,96111221;
202300018701.0;1;64;64024;2;2;1.0;3.0;43,48155000; -1,50958000;
202300018702.0;4;54;54174;1;3;2.0;3.0;48,67839900;5,85159100;
202300018703.0;3;69;69256;1;1;1.0;6.0;45,80374000;4,92616000;
202300018704.0;1;64;64102;2;4;1.0;3.0;43,48585000; -1,47180000;
202300018705.0;5;54;54395;2;1;2.0;6.0;48,68982000;6,19348000;
202300018706.0;3;69;69290;1;1;1.0;2.0;45,70266000;4,96705000;
202300018707.0;1;63;63113;2;7;1.0;3.0;45,79335000;3,10894000;
202300018708.0;3;57;57666;1;9;1.0;2.0;49,34622000;6,12054000;
202300018709.0;1;62;62193;2;6;7.0;6.0;50,94655900;1,90535000;
202300018710.0;1;33;33063;1;1;1.0;4.0;44,88022000; -0,53835000;
202300018711.0;2;51;51454;2;1;2.0;3.0;49,27140000;4,01195000;
202300018712.0;1;59;59386;2;2;1.0;3.0;50,67671000;3,08075000;
202300018713.0;1;91;91687;1;1;1.0;7.0;48,65891000;2,37447000;
202300018714.0;5;51;51454;2;1;1.0;6.0;49,26445000;4,00977000;
202300018715.0;1;91;91521;1;1;1.0;2.0;48,64067000;2,39385000;
202300018716.0;1;59;59527;2;1;1.0;6.0;50,65537000;3,04573000;
202300018717.0;3;77;77251;1;1;1.0;5.0;48,61569587;2,56103048;
202300018718.0;1;59;59457;2;3;1.0;1.0;50,66049364;2,97630821;
202300018719.0;1;93;93027;1;1;1.0;6.0;48,92846986;2,41326385;
202300018720.0;3;51;51058;2;1;1.0;6.0;49,22803800;3,99446100;
202300018721.0;1;56;56121;2;1;1.0;2.0;47,74333000; -3,38222000;
202300018722.0;1;93;93007;1;1;1.0;2.0;48,94234000;2,47827000;
202300018723.0;1;95;95252;1;1;1.0;2.0;48,98082714;2,22443170;
202300018724.0;1;54;54265;2;3;1.0;3.0;48,64266000;6,17732000;
202300018725.0;2;92;92036;1;1;1.0;7.0;48,94067835;2,29263081;
202300018726.0;5;51;51108;2;2;1.0;3.0;48,95167000;4,36867000;
202300018727.0;3;93;93064;1;1;2.0;2.0;48,87332990;2,48004132;
202300018728.0;1;54;54395;2;3;1.0;7.0;48,67589000;6,16974000;
202300018729.0;1;93;93048;1;1;2.0;2.0;48,86991000;2,43047000;
202300018730.0;5;49;49007;2;1;1.0;3.0;47,45396000; -0,52725000;
202300018731.0;1;54;54395;2;1;1.0;6.0;48,67560114;6,17644608;
202300018732.0;1;93;93027;1;1;1.0;4.0;48,93399620;2,38457104;
202300018733.0;3;94;94018;1;1;1.0;2.0;48,82050762;2,40183223;
202300018734.0;5;47;47001;2;1;2.0;6.0;44,20074000;0,62251000;
202300018735.0;1;54;54580;2;3;1.0;1.0;49,46487000;5,93336000;
202300018736.0;1;77;77251;1;1;1.0;2.0;48,64498261;2,54553568;
202300018737.0;5;43;43157;2;1;1.0;2.0;45,04783000;3,88084000;
202300018738.0;1;77;77373;1;1;2.0;2.0;48,77382500;2,61198400;
202300018739.0;1;51;51172;2;6;1.0;4.0;49,21613000;4,05103000;
202300018740.0;1;94;94022;1;1;1.0;4.0;48,77611070;2,42505182;
202300018741.0;1;973;97302;2;1;8.0;7.0;4,93664522; -52,31450951;
202300018742.0;1;51;51454;2;1;1.0;6.0;49,26019000;4,01967000;
202300018743.0;1;971;97101;2;9;1.0;3.0;16,25488460; -61,53243899;
202300018744.0;1;51;51454;2;9;1.0;6.0;49,26290000;4,04499000;
202300018745.0;1;971;97113;1;1;1.0;1.0;16,21889000; -61,45797000;
202300018746.0;2;41;41018;2;9;1.0;2.0;47,60592000;1,34176000;
202300018747.0;1;51;51454;2;2;1.0;6.0;49,26316600;4,02809100;
202300018748.0;1;2A;2A004;2;1;1.0;4.0;41,93700000;8,73800000;
202300018749.0;1;38;38421;2;2;2.0;6.0;45,18417000;5,76847000;
202300018750.0;1;50;50218;2;6;1.0;3.0;48,83390000; -1,57080000;
202300018751.0;2;80;80021;2;1;2.0;1.0;49,89165000;2,28388000;
202300018752.0;1;47;47001;2;3;1.0;3.0;44,20034000;0,63187000;
202300018753.0;5;77;77111;2;1;2.0;2.0;48,85948000;2,77615000;
202300018754.0;3;43;43157;1;1;1.0;6.0;45,03428000;3,90647000;
202300018755.0;1;37;37261;2;3;2.0;3.0;47,41542000;0,68857000;
202300018756.0;1;77;77014;2;3;2.0;3.0;48,42395000;2,73940000;
202300018757.0;5;76;76351;2;1;1.0;7.0;49,49203000;0,10777000;
202300018758.0;2;42;42218;2;9;2.0;6.0;45,44962000;4,40272000;
202300018759.0;1;37;37261;2;1;2.0;1.0;47,38973902;0,66765547;
202300018760.0;5;72;72181;2;1;3.0;6.0;48,01860000;0,19010000;
202300018761.0;1;41;41018;2;6;1.0;2.0;47,58488000;1,31824000;
202300018762.0;5;69;69264;2;9;1.0;6.0;45,97899000;4,73425000;
202300018763.0;1;34;34032;2;3;1.0;3.0;43,35158000;3,23085000;
202300018764.0;2;37;37261;2;1;1.0;6.0;47,36767000;0,70555000;
202300018765.0;1;69;69091;2;4;1.0;2.0;45,59363997;4,76440923;
202300018766.0;5;30;30189;2;1;1.0;3.0;43,82198000;4,34976000;
202300018767.0;1;37;37122;2;3;1.0;3.0;47,35517000;0,66683000;
202300018768.0;1;66;66136;1;3;1.0;3.0;42,65861000;2,87443000;
202300018769.0;1;63;63014;2;1;1.0;6.0;45,75001000;3,11979000;
202300018770.0;5;35;35238;2;1;1.0;6.0;48,11070000; -1,70000000;
202300018771.0;1;34;34172;2;1;1.0;6.0;43,61336000;3,85010000;
202300018772.0;5;63;63113;2;2;2.0;3.0;45,78748000;3,10550000;
202300018773.0;1;29;29232;2;2;2.0;1.0;47,98913481; -4,09937695;
202300018774.0;4;33;33063;2;3;1.0;6.0;44,82660558; -0,54754883;
202300018775.0;5;63;63113;2;3;2.0;2.0;45,77335000;3,09193000;
202300018776.0;1;31;31555;2;1;1.0;6.0;43,60108700;1,48321600;
202300018777.0;2;63;63113;2;5;2.0;3.0;45,76982000;3,08006000;
202300018778.0;1;61;61001;2;1;1.0;2.0;48,42904000;0,09462000;
202300018779.0;5;30;30243;1;1;1.0;6.0;44,09363000;4,07934000;
202300018780.0;1;29;29019;2;3;1.0;3.0;48,39698000; -4,47603700;
202300018781.0;5;59;59350;2;3;1.0;3.0;50,64101000;3,01844000;
202300018782.0;1;29;29039;1;1;1.0;7.0;47,87826400; -3,85605400;
202300018783.0;3;57;57631;1;1;8.0;7.0;49,11134200;7,12225500;
202300018784.0;1;29;29039;2;1;1.0;6.0;47,87421000; -3,92130000;
202300018785.0;5;50;50129;2;3;2.0;3.0;49,64222000; -1,63864000;
202300018786.0;1;28;28134;2;1;1.0;3.0;48,73112000;1,36480000;
202300018787.0;1;50;50129;2;1;1.0;3.0;49,64169000; -1,62540000;
202300018788.0;1;25;25056;2;1;1.0;3.0;47,24274000;6,01708000;
202300018789.0;1;50;50129;2;2;1.0;3.0;49,63940000; -1,61416000;
202300018790.0;5;42;42187;2;3;1.0;2.0;46,02660000;4,05057000;
202300018791.0;1;17;17415;1;9;1.0;4.0;45,73858000; -0,66032000;
202300018792.0;1;17;17306;2;7;1.0;7.0;45,62470200; -1,02928200;
202300018793.0;1;35;35238;1;1;1.0;5.0;48,11224000; -1,71865000;
202300018794.0;1;35;35238;2;1;1.0;7.0;48,11397750; -1,71881586;
202300018795.0;4;22;22113;2;1;2.0;7.0;48,74274000; -3,44781000;
202300018796.0;1;15;15014;1;1;1.0;5.0;44,92286000;2,47356000;
202300018797.0;1;34;34032;1;1;1.0;5.0;43,33592000;3,17934000;
202300018798.0;1;18;18033;2;1;1.0;6.0;47,06495000;2,39814000;
202300018799.0;5;31;31555;2;1;1.0;6.0;43,57455000;1,46955000;
202300018800.0;1;15;15014;2;2;2.0;3.0;44,91274000;2,44181000;
202300018801.0;3;31;31555;1;9;1.0;7.0;43,58400200;1,39602300;
202300018802.0;1;14;14338;2;1;1.0;6.0;49,30250000; -0,07877000;
202300018803.0;5;22;22106;2;1;1.0;1.0;48,49672000; -2,72022000;
202300018804.0;1;14;14327;2;9;1.0;3.0;49,21253000; -0,35029000;
202300018805.0;2;14;14118;2;1;1.0;4.0;49,20531600; -0,37597200;
202300018806.0;5;14;14118;2;3;2.0;3.0;49,17048400; -0,35324300;
202300018807.0;1;13;13117;2;1;1.0;3.0;43,42719000;5,23539000;
202300018808.0;5;14;14118;2;2;2.0;3.0;49,18320000; -0,38471000;
202300018809.0;1;13;13213;2;3;1.0;2.0;43,35179918;5,43889430;
202300018810.0;3;14;14118;2;6;2.0;3.0;49,20183700; -0,36091400;
202300018811.0;5;13;13056;2;6;1.0;2.0;43,43015213;5,04752578;
202300018812.0;1;13;13210;2;1;1.0;6.0;43,26827539;5,41482673;
202300018813.0;1;13;13209;2;2;1.0;3.0;43,26530066;5,41946086;
202300018814.0;1;13;13005;2;3;1.0;6.0;43,28447000;5,52350000;
202300018815.0;1;14;14437;2;9;1.0;3.0;49,18014000; -0,32016000;
202300018816.0;1;13;13204;2;1;7.0;2.0;43,31655256;5,39711476;
202300018817.0;1;09;09225;2;1;1.0;6.0;43,10278700;1,62141600;
202300018818.0;1;13;13213;2;1;1.0;6.0;43,35276000;5,43761000;
202300018819.0;3;13;13001;1;1;1.0;3.0;43,58000000;5,37000000;
202300018820.0;1;06;06069;2;1;1.0;4.0;43,63683700;6,95112600;
202300018821.0;1;12;12176;1;1;1.0;7.0;44,36922147;2,50708705;
202300018822.0;1;06;06029;2;1;1.0;2.0;43,54922000;6,99761000;
202300018823.0;1;13;13028;2;1;1.0;3.0;43,20439000;5,59968500;