Num_Acc;lum;departement;commune;agglomeration;intersection;meteo;type_collision;lat;long;date
202300018824.0;1;02;02691;2;1;1.0;6.0;49,85521000;3,30775000;
202300018825.0;1;10;10081;2;2;1.0;3.0;48,31211000;4,03559000;
202300018826.0;1;01;01053;2;1;6.0;6.0;46,19766000;5,21684000;
202300018827.0;1;13;13070;2;1;6.0;1.0;43,28232800;5,51509900;
202300018828.0;1;09;09225;2;2;1.0;6.0;43,11545000;1,61467000;
202300018829.0;2;75;75118;2;4;1.0;3.0;48,90096250;2,36379325;
202300018830.0;5;06;06069;1;1;1.0;6.0;43,66403100;6,90609900;
202300018831.0;1;75;75120;2;1;1.0;2.0;48,84831600;2,41476800;
202300018832.0;3;04;04070;1;1;1.0;6.0;44,08733000;6,22599000;
202300018833.0;1;11;11262;2;9;1.0;3.0;43,19896000;3,02048000;
202300018834.0;5;75;75120;2;4;2.0;7.0;48,86144922;2,41393447;
202300018835.0;1;01;01283;2;6;1.0;6.0;46,26157000;5,64917000;
202300018836.0;5;75;75120;2;2;1.0;3.0;48,86416700;2,38615900;
202300018837.0;1;75;75116;2;1;1.0;2.0;48,83595900;2,25746800;
202300018838.0;1;75;75120;2;2;1.0;3.0;48,86666600;2,39712300;
202300018839.0;1;11;11262;2;3;6.0;3.0;43,17844000;2,99746000;
202300018840.0;1;75;75120;2;7;2.0;6.0;48,86503400;2,39475900;
202300018841.0;5;75;75117;2;1;1.0;2.0;48,89317200;2,30352100;
202300018842.0;5;75;75120;2;1;2.0;6.0;48,86882600;2,39210400;
202300018843.0;5;75;75108;2;2;1.0;7.0;48,87419800;2,32390500;
202300018844.0;1;75;75119;2;3;1.0;2.0;48,87643200;2,37214000;
202300018845.0;1;75;75114;2;1;7.0;2.0;48,82357000;2,31710100;
202300018846.0;1;10;10387;2;1;1.0;1.0;48,29552000;4,07732000;
202300018847.0;5;75;75117;2;4;2.0;7.0;48,88294300;2,29074900;
202300018848.0;5;75;75112;2;1;2.0;2.0;48,82807400;2,39629800;
202300018849.0;1;75;75105;2;2;1.0;3.0;48,85027000;2,34453900;
202300018850.0;2;75;75116;2;2;8.0;2.0;48,86502200;2,23446100;
202300018851.0;1;75;75115;2;3;8.0;6.0;48,84048400;2,31290500;
202300018852.0;1;75;75105;2;3;1.0;3.0;48,84640300;2,35170900;
202300018853.0;5;75;75105;2;2;1.0;6.0;48,84696600;2,34063000;
202300018854.0;2;75;75112;2;1;1.0;5.0;48,84400400;2,36934300;
202300018855.0;1;75;75119;2;3;1.0;3.0;48,88712700;2,38677000;
202300018856.0;1;75;75119;2;1;2.0;3.0;48,89993700;2,38534500;
202300018857.0;5;75;75117;2;2;1.0;3.0;48,88803500;2,29969900;
202300018858.0;1;75;75112;2;3;2.0;3.0;48,83254800;2,39656600;
202300018859.0;3;75;75117;2;4;2.0;1.0;48,88666100;2,29048100;
202300018860.0;1;75;75115;2;3;2.0;6.0;48,84374300;2,30237300;
202300018861.0;1;75;75101;2;3;1.0;6.0;48,86225700;2,33919200;
202300018862.0;1;75;75107;2;2;1.0;2.0;48,85821700;2,32832100;
202300018863.0;5;75;75114;2;5;1.0;7.0;48,83440200;2,33225300;
202300018864.0;1;94;94043;2;2;2.0;6.0;48,80498900;2,34455200;
202300018865.0;2;75;75107;2;1;1.0;1.0;48,86213500;2,31235000;
202300018866.0;5;75;75113;2;1;1.0;3.0;48,82711200;2,38561400;
202300018867.0;1;94;94060;2;1;2.0;3.0;48,78125638;2,57213639;
202300018868.0;1;75;75105;2;1;1.0;3.0;48,84290000;2,36396300;
202300018869.0;1;75;75111;2;3;8.0;6.0;48,85133800;2,37615900;
202300018870.0;5;94;94075;2;6;3.0;6.0;48,72198000;2,53359000;
202300018871.0;1;75;75113;2;3;1.0;3.0;48,83654900;2,35116600;
202300018872.0;5;75;75110;2;3;1.0;3.0;48,88127700;2,35811400;
202300018873.0;1;93;93070;2;2;1.0;3.0;48,90960253;2,32995719;
202300018874.0;1;93;93070;2;1;2.0;3.0;48,90343207;2,33448476;
202300018875.0;1;75;75111;2;2;1.0;6.0;48,85130700;2,37614100;
202300018876.0;1;75;75108;2;7;2.0;3.0;48,86466200;2,32052135;
202300018877.0;1;75;75114;2;2;1.0;6.0;48,83273800;2,31153400;
202300018878.0;5;93;93055;2;2;2.0;3.0;48,88941000;2,40660000;
202300018879.0;1;75;75103;2;2;2.0;7.0;48,86174800;2,36530900;
202300018880.0;2;93;93046;2;1;2.0;6.0;48,91672405;2,53223330;
202300018881.0;1;94;94058;2;2;1.0;3.0;48,83508000;2,50130000;
202300018882.0;5;75;75103;2;2;1.0;3.0;48,86341700;2,35093100;
202300018883.0;1;93;93001;2;1;2.0;6.0;48,91696600;2,38186400;
202300018884.0;1;94;94046;2;9;1.0;1.0;48,79987096;2,43763051;
202300018885.0;1;92;92073;2;1;1.0;2.0;48,87004333;2,23126799;
202300018886.0;5;75;75104;2;3;1.0;3.0;48,85244100;2,36055900;
202300018887.0;1;94;94033;2;2;1.0;7.0;48,84774000;2,47034000;
202300018888.0;1;75;75104;2;3;2.0;3.0;48,85541200;2,35274800;
202300018889.0;5;92;92063;2;2;2.0;3.0;48,88711154;2,17961401;
202300018890.0;3;94;94076;2;2;8.0;6.0;48,79442000;2,37173000;
202300018891.0;2;94;94028;2;1;1.0;3.0;48,80223310;2,45961725;
202300018892.0;5;94;94068;2;1;2.0;6.0;48,79489000;2,51432000;
202300018893.0;1;94;94041;2;3;8.0;6.0;48,81710000;2,38189000;
202300018894.0;5;92;92025;2;2;2.0;3.0;48,93100700;2,24465200;
202300018895.0;5;94;94073;2;9;2.0;6.0;48,77306700;2,39817300;
202300018896.0;5;94;94011;2;3;1.0;6.0;48,77417000;2,48209000;
202300018897.0;1;94;94017;2;1;1.0;2.0;48,81182000;2,51067000;
202300018898.0;1;93;93066;2;1;8.0;2.0;48,94467000;2,35462000;
202300018899.0;1;92;92012;2;1;1.0;2.0;48,83304359;2,26031363;
202300018900.0;1;93;93046;2;2;2.0;3.0;48,91407000;2,51957000;
202300018901.0;5;92;92046;2;3;1.0;3.0;48,81153000;2,30022000;
202300018902.0;5;92;92051;2;3;2.0;3.0;48,88381742;2,27171400;
202300018903.0;2;92;92050;2;1;2.0;6.0;48,90162692;2,19741315;
202300018904.0;5;92;92040;2;1;1.0;7.0;48,83208157;2,26807997;
202300018905.0;1;93;93051;2;6;1.0;3.0;48,84297650;2,54379094;
202300018906.0;2;92;92025;2;1;1.0;6.0;48,91385843;2,23000742;
202300018907.0;3;60;60338;1;1;1.0;2.0;49,35319300;2,78460400;
202300018908.0;1;93;93048;2;4;7.0;5.0;48,86519000;2,45387000;
202300018909.0;1;974;97415;2;1;1.0;3.0; -21,01413600;55,26483900;
202300018910.0;5;93;93053;2;1;1.0;7.0;48,89937000;2,44685000;
202300018911.0;3;80;80498;1;1;1.0;7.0;50,06140900;2,58719400;
202300018912.0;1;93;93001;2;1;1.0;2.0;48,91932728;2,39653706;
202300018913.0;3;76;76235;1;1;2.0;1.0;49,90450300;1,26136800;
202300018914.0;2;81;81218;1;1;2.0;6.0;43,85717500;2,18930500;
202300018915.0;1;92;92046;2;1;1.0;6.0;48,81618854;2,29508847;
202300018916.0;1;28;28334;1;1;1.0;1.0;48,07020600;1,28449600;
202300018917.0;1;92;92062;2;1;1.0;1.0;48,88775085;2,23419991;
202300018918.0;1;974;97422;2;1;2.0;1.0; -21,24790200;55,53862500;
202300018919.0;1;974;97412;1;3;1.0;3.0; -21,37974700;55,63527000;
202300018920.0;1;92;92051;2;1;1.0;3.0;48,87805000;2,25715000;
202300018921.0;3;62;62228;1;1;1.0;6.0;50,79094700;1,99665007;
202300018922.0;3;21;21282;1;1;3.0;2.0;47,47620200;4,19862300;
202300018923.0;3;35;35206;1;1;1.0;2.0;48,06007500; -1,67944100;
202300018924.0;1;92;92026;2;1;1.0;2.0;48,90036748;2,26950717;
202300018925.0;4;25;25228;1;1;2.0;2.0;47,51240400;6,84626300;
202300018926.0;3;58;58295;1;1;2.0;3.0;47,36039000;2,89190400;
202300018927.0;1;92;92012;2;1;1.0;7.0;48,83766000;2,24606000;
202300018928.0;3;58;58012;1;1;2.0;6.0;47,53777500;3,02793500;
202300018929.0;1;92;92004;2;1;1.0;6.0;48,91592000;2,29458000;
202300018930.0;1;92;92002;2;1;1.0;7.0;48,75839000;2,30700000;
202300018931.0;1;41;41032;1;4;5.0;7.0;47,55165100;1,29849000;
202300018932.0;1;43;43071;1;1;1.0;7.0;45,25347800;3,82392900;
202300018933.0;3;68;68156;1;9;8.0;5.0;47,89833400;7,23376800;
202300018934.0;1;974;97405;2;1;1.0;6.0; -21,35260500;55,56497500;
202300018935.0;4;27;27368;2;2;1.0;3.0;48,83718900;1,28192400;
202300018936.0;2;51;51333;2;1;2.0;7.0;49,15898100;4,07978000;
202300018937.0;1;28;28006;1;3;1.0;3.0;48,43676400;1,42295500;
202300018938.0;1;68;68156;1;6;1.0;3.0;47,89880800;7,23287700;
202300018939.0;1;83;83019;1;1;1.0;1.0;43,20455000;6,43584300;
202300018940.0;3;59;59149;1;1;6.0;7.0;50,06683600;3,40462400;
202300018941.0;1;62;62785;1;2;1.0;2.0;50,34785700;2,55763100;
202300018942.0;3;57;57267;1;1;1.0;6.0;48,97913600;6,92588200;
202300018943.0;1;19;19116;2;1;1.0;6.0;44,92798843;1,80546583;
202300018944.0;3;67;67486;1;1;2.0;7.0;48,26555500;7,64104500;
202300018945.0;3;56;56165;1;1;1.0;6.0;47,88764900; -2,36057700;
202300018946.0;1;56;56243;1;1;1.0;2.0;47,61809500; -2,76389100;
202300018947.0;3;79;79079;1;1;1.0;3.0;46,98543400; -0,83624800;
202300018948.0;1;80;80767;2;1;1.0;2.0;49,96874800;1,67782900;
202300018949.0;5;80;80680;2;2;1.0;3.0;49,81679000;2,70712700;
202300018950.0;1;81;81056;1;1;7.0;1.0;44,03333200;1,83638700;
202300018951.0;5;65;65460;2;1;1.0;6.0;43,38262600;0,05626700;
202300018952.0;3;63;63273;2;1;1.0;7.0;45,72675700;3,24278000;
202300018953.0;1;32;32234;1;1;1.0;6.0;43,57553900;1,02140700;
202300018954.0;4;49;49018;2;3;8.0;6.0;47,54285900; -0,10499000;
202300018955.0;1;71;71428;1;1;2.0;6.0;46,17549200;4,30360400;
202300018956.0;4;12;12133;2;4;2.0;6.0;44,28694324;2,55436063;
202300018957.0;1;29;29150;1;1;1.0;1.0;47,80884900; -3,65167700;
202300018958.0;3;29;29193;1;1;1.0;6.0;48,54440804; -4,08467174;
202300018959.0;1;987;98738;1;1;1.0;6.0; -17,61800000; -149,54900000;
202300018960.0;1;46;46114;1;1;8.0;1.0;44,59315100;1,15405300;
202300018961.0;3;70;70539;1;1;1.0;6.0;47,55504700;5,79309900;
202300018962.0;3;86;86125;1;1;2.0;7.0;46,74464400;0,71362100;
202300018963.0;3;58;58010;1;1;1.0;6.0;47,04069800;4,00415700;
202300018964.0;1;51;51027;1;1;1.0;7.0;49,05388000;4,68192500;
202300018965.0;3;25;25190;1;1;2.0;6.0;47,50881600;6,90699900;
202300018966.0;5;58;58151;2;1;1.0;6.0;46,89220800;3,46232600;
202300018967.0;3;25;25233;1;1;2.0;6.0;47,15290600;6,29566500;
202300018968.0;3;11;11145;1;9;1.0;5.0;43,23585384;3,13907577;
202300018969.0;1;50;50077;2;1;1.0;6.0;49,65158900; -1,51773300;
202300018970.0;3;44;44165;1;1;1.0;1.0;47,05248600; -1,31859500;
202300018971.0;1;50;50543;1;2;1.0;3.0;48,63609200; -1,28035800;
202300018972.0;3;91;91249;1;1;2.0;4.0;48,60537600;2,08253100;
202300018973.0;3;35;35297;1;1;2.0;6.0;48,20299200; -2,17571600;
202300018974.0;3;95;95641;1;6;1.0;6.0;49,05418158;2,57295996;
202300018975.0;3;09;09173;1;1;8.0;2.0;43,04593187;1,55141652;
202300018976.0;1;29;29026;2;1;2.0;3.0;48,20085800; -4,09444600;
202300018977.0;1;95;95199;2;1;8.0;1.0;49,02545108;2,34548441;
202300018978.0;1;09;09189;1;1;1.0;3.0;42,62002400;1,82123100;
202300018979.0;1;34;34023;1;1;1.0;6.0;43,44988100;3,70657700;
202300018980.0;1;13;13045;1;1;1.0;1.0;43,84344600;4,74356700;
202300018981.0;1;26;26179;1;1;1.0;3.0;45,06980000;4,86945400;
202300018982.0;1;60;60692;1;2;7.0;1.0;49,63416700;2,21725900;
202300018983.0;1;26;26071;2;1;1.0;6.0;45,04532100;4,91149500;
202300018984.0;3;02;02328;1;1;8.0;3.0;49,04779800;3,48910300;
202300018985.0;1;60;60245;1;1;1.0;1.0;49,64151245;1,71369635;
202300018986.0;1;69;69110;1;1;1.0;1.0;45,62418300;4,49705600;
202300018987.0;1;43;43137;1;1;1.0;7.0;45,30641400;4,21596500;
202300018988.0;1;06;06032;2;9;1.0;3.0;43,72479300;7,39188900;
202300018989.0;1;43;43268;1;1;2.0;1.0;45,16233400;4,17022300;
202300018990.0;2;22;22077;2;9;8.0;2.0;48,54074000; -2,43561700;
202300018991.0;1;43;43244;1;3;1.0;3.0;45,14874500;4,29351400;
202300018992.0;1;27;27249;1;2;1.0;5.0;49,18407400;1,25377400;
202300018993.0;2;43;43084;1;1;1.0;5.0;44,97899200;3,85727400;
202300018994.0;2;45;45134;1;1;1.0;1.0;47,93675900;1,63930200;
202300018995.0;1;60;60581;1;1;1.0;7.0;49,50330100;2,41993200;
202300018996.0;1;53;53209;1;1;1.0;7.0;48,01823300; -0,99693400;
202300018997.0;3;59;59350;1;1;1.0;6.0;50,63192000;3,08276000;
202300018998.0;2;91;91553;1;1;1.0;2.0;48,63160000;2,49339000;
202300018999.0;1;07;07292;1;1;1.0;1.0;45,16484100;4,69376900;
202300019000.0;2;78;78640;1;1;1.0;6.0;48,77900700;2,19993400;
202300019001.0;1;46;46145;1;1;1.0;6.0;44,93131172;1,50239884;
202300019002.0;5;92;92050;1;1;8.0;2.0;48,90224173;2,20345080;
202300019003.0;1;31;31057;2;1;1.0;1.0;43,51028700;1,56322600;
202300019004.0;3;53;53135;1;1;1.0;3.0;47,87027300; -0,99857600;
202300019005.0;1;95;95500;1;1;2.0;2.0;49,03635100;2,09396878;
202300019006.0;1;14;14221;1;1;1.0;4.0;49,16821900; -0,26198800;
202300019007.0;1;95;95252;1;1;1.0;4.0;48,98595974;2,24209995;
202300019008.0;1;76;76391;1;1;1.0;6.0;49,33910500;0,96170100;
202300019009.0;1;40;40110;2;2;2.0;6.0;43,64002700; -0,37814900;
202300019010.0;1;93;93078;1;1;2.0;2.0;48,97104000;2,49948000;
202300019011.0;1;974;97418;1;1;1.0;2.0; -20,89825800;55,51957500;
202300019012.0;3;75;75112;1;1;1.0;2.0;48,81924200;2,45853100;
202300019013.0;1;21;21540;1;1;1.0;2.0;47,32558900;5,08134800;
202300019014.0;3;24;24354;1;1;2.0;7.0;45,16292000;0,00817500;
202300019015.0;1;94;94028;1;1;1.0;4.0;48,78839102;2,44007985;
202300019016.0;1;2B;2B093;1;1;1.0;3.0;42,62364900;8,91632800;
202300019017.0;2;75;75112;1;1;1.0;2.0;48,82045200;2,46066000;
202300019018.0;1;04;04158;1;9;1.0;1.0;43,72380800;6,03947600;
202300019019.0;1;66;66175;1;1;1.0;3.0;42,54577000;2,90924200;
202300019020.0;1;37;37261;2;9;1.0;6.0;47,42534000;0,67722000;
202300019021.0;3;85;85101;1;1;1.0;6.0;46,49436400; -1,39674540;
202300019022.0;5;59;59183;2;1;1.0;6.0;51,03873000;2,37661000;
202300019023.0;1;11;11188;1;3;1.0;3.0;42,97205400;3,00046400;
202300019024.0;1;27;27065;2;1;1.0;6.0;49,34281000;0,34554900;
202300019025.0;1;988;98818;2;2;1.0;2.0; -22,27430000;166,44381000;
202300019026.0;1;83;83119;2;3;1.0;3.0;43,26713800;6,64072800;
202300019027.0;1;28;28391;1;1;1.0;3.0;48,22218500;1,95096400;
202300019028.0;1;976;97611;1;9;1.0;6.0; -12,77099000;45,22539000;
202300019029.0;3;83;83108;1;1;1.0;1.0;43,32070900;6,02186500;
202300019030.0;1;974;97411;1;1;1.0;2.0; -20,89624800;55,37600400;
202300019031.0;3;08;08302;1;1;3.0;7.0;49,86878600;4,72381000;
202300019032.0;1;05;05007;1;1;1.0;1.0;44,71167400;6,74209300;
202300019033.0;1;973;97302;2;1;1.0;2.0;4,90400000; -52,31722000;
202300019034.0;1;04;04193;1;1;1.0;7.0;44,52767800;6,71680400;
202300019035.0;5;67;67256;1;1;3.0;6.0;48,65066000;7,72366800;
202300019036.0;1;973;97302;2;3;1.0;3.0;4,93765000; -52,31595000;
202300019037.0;1;25;25276;2;1;1.0;1.0;47,43605300;6,43948000;
202300019038.0;5;69;69387;2;2;1.0;6.0;45,74888000;4,84404000;
202300019039.0;1;03;03102;2;2;1.0;2.0;46,51968400;3,68005000;
202300019040.0;1;69;69388;2;2;1.0;3.0;45,72978000;4,86847000;
202300019041.0;1;73;73290;1;1;5.0;6.0;45,21888400;6,96892600;
202300019042.0;3;2B;2B037;1;1;1.0;3.0;42,61656000;9,43735000;
202300019043.0;1;73;73176;1;4;1.0;6.0;45,61248400;6,86082800;
202300019044.0;5;2A;2A004;2;1;1.0;3.0;41,94404000;8,76470000;
202300019045.0;1;2A;2A004;2;1;1.0;1.0;41,93495000;8,78754000;
202300019046.0;1;26;26064;1;2;1.0;3.0;44,91589800;5,00528100;
202300019047.0;5;95;95306;2;6;1.0;6.0;49,01093500;2,12958600;
202300019048.0;4;78;78043;1;1;2.0;5.0;48,83803600;2,08825000;
202300019049.0;1;69;69067;1;1;1.0;3.0;45,75835499;4,56324361;
202300019050.0;5;91;91027;2;1;1.0;2.0;48,69862300;2,37291400;
202300019051.0;2;09;09309;1;1;1.0;6.0;43,09394400;1,77845500;
202300019052.0;5;91;91174;1;1;1.0;6.0;48,60205000;2,47757000;
202300019053.0;1;85;85198;2;3;1.0;3.0;46,99101000; -1,04446800;
202300019054.0;3;91;91433;2;1;5.0;7.0;48,47807000;2,19671000;
202300019055.0;5;78;78455;1;1;2.0;4.0;48,84912500;2,05265900;
202300019056.0;1;87;87050;1;3;2.0;3.0;45,88076000;1,25722000;
202300019057.0;1;44;44122;1;2;1.0;3.0;47,42323900; -1,43577800;
202300019058.0;1;87;87065;2;6;1.0;7.0;45,81789000;1,30258000;
202300019059.0;1;50;50034;2;3;1.0;7.0;49,08345200; -1,07264200;
202300019060.0;2;84;84007;2;1;1.0;6.0;43,91969000;4,80010000;
202300019061.0;1;27;27161;1;1;1.0;3.0;49,06555800;1,02786500;
202300019062.0;1;83;83062;1;3;1.0;3.0;43,13442000;6,02993000;
202300019063.0;3;63;63265;1;1;2.0;2.0;45,84915600;3,43623200;
202300019064.0;1;60;60500;2;1;1.0;3.0;49,09602800;2,74274100;
202300019065.0;1;83;83126;2;1;1.0;3.0;43,09281000;5,88720000;
202300019066.0;1;13;13212;1;1;1.0;2.0;43,31404945;5,42342663;
202300019067.0;1;83;83123;2;1;7.0;2.0;43,12085000;5,80752000;
202300019068.0;1;67;67447;1;1;1.0;4.0;48,60035000;7,73568000;
202300019069.0;1;83;83129;2;3;1.0;7.0;43,10340000;5,81289000;
202300019070.0;1;33;33249;1;1;1.0;3.0;44,88540000; -0,50855000;
202300019071.0;3;06;06088;1;1;1.0;6.0;43,68210300;7,19271900;
202300019072.0;1;59;59346;1;1;1.0;6.0;50,60577544;3,13002996;
202300019073.0;5;77;77058;2;1;1.0;6.0;48,83964000;2,71085500;
202300019074.0;1;59;59143;1;1;1.0;7.0;50,65431000;2,91189000;
202300019075.0;5;971;97116;2;1;8.0;1.0;16,32482089; -61,46914959;
202300019076.0;1;77;77186;1;1;1.0;5.0;48,48519000;2,66552000;
202300019077.0;1;59;59348;1;1;1.0;2.0;50,27815000;3,34093000;
202300019078.0;5;76;76351;2;3;1.0;6.0;49,51350000;0,10452000;
202300019079.0;1;71;71153;2;1;1.0;7.0;46,80628000;4,42683100;
202300019080.0;1;91;91659;1;1;1.0;5.0;48,58486000;2,45392000;
202300019081.0;1;45;45324;2;1;1.0;1.0;47,79524700;2,20136100;
202300019082.0;3;78;78090;1;1;1.0;6.0;48,97063000;1,88755000;
202300019083.0;2;69;69271;2;2;1.0;4.0;45,72787225;4,96256064;
202300019084.0;1;69;69259;1;1;1.0;6.0;45,69943502;4,89736765;
202300019085.0;1;78;78640;1;1;1.0;5.0;48,77805100;2,21344600;
202300019086.0;1;77;77257;2;1;2.0;6.0;49,03014600;3,01017300;
202300019087.0;5;68;68066;2;9;1.0;3.0;48,07885000;7,34881000;
202300019088.0;1;92;92036;1;1;1.0;4.0;48,93895984;2,30736060;
202300019089.0;1;64;64483;1;1;1.0;3.0;43,37718165; -1,63772793;
202300019090.0;5;93;93008;1;1;1.0;5.0;48,90837000;2,45090000;
202300019091.0;5;64;64445;2;2;1.0;3.0;43,30549000; -0,37451000;
202300019092.0;1;2B;2B307;2;3;1.0;3.0;42,38444300;9,53033400;
202300019093.0;1;93;93066;1;1;1.0;5.0;48,92190936;2,36424249;
202300019094.0;1;64;64445;2;1;1.0;2.0;43,31977000; -0,34956000;
202300019095.0;5;64;64102;2;1;1.0;6.0;43,49459000; -1,48569000;
202300019096.0;1;93;93005;1;1;1.0;3.0;48,95885089;2,46459185;
202300019097.0;3;77;77146;1;1;1.0;6.0;48,80861819;2,63032097;
202300019098.0;1;64;64102;2;1;1.0;3.0;43,49907000; -1,45060000;
202300019099.0;3;34;34321;1;1;1.0;2.0;43,67276100;4,05938200;
202300019100.0;5;94;94058;1;1;1.0;2.0;48,84536665;2,49270959;
202300019101.0;1;63;63070;2;3;4.0;3.0;45,74376000;3,05892000;
202300019102.0;1;62;62427;2;2;1.0;3.0;50,42111800;2,94111500;
202300019103.0;1;13;13077;1;6;1.0;3.0;43,41433000;4,99827000;
202300019104.0;5;84;84089;2;1;1.0;1.0;43,69686300;5,51884400;
202300019105.0;1;62;62215;2;1;1.0;6.0;50,49378000;2,95638000;
202300019106.0;1;93;93007;2;1;1.0;3.0;48,94198406;2,46801616;
202300019107.0;5;62;62119;2;1;2.0;1.0;50,51939000;2,64148000;
202300019108.0;4;13;13014;1;9;1.0;7.0;43,51251800;5,12658100;
202300019109.0;5;60;60414;2;9;1.0;6.0;49,25152000;2,45190000;
202300019110.0;1;974;97416;1;3;1.0;3.0; -21,33000000;55,47950000;
202300019111.0;1;973;97302;1;6;1.0;7.0;4,89696936; -52,32843876;
202300019112.0;1;59;59360;2;1;1.0;2.0;50,62216000;3,01538000;
202300019113.0;1;972;97209;1;1;1.0;3.0;14,61457500; -61,04853300;
202300019114.0;2;71;71238;1;3;1.0;1.0;46,22372000;4,04902000;
202300019115.0;5;59;59220;2;2;1.0;3.0;50,58988954;3,08207810;
202300019116.0;1;55;55262;1;1;3.0;7.0;49,46235100;5,31845600;
202300019117.0;1;2A;2A004;2;3;1.0;3.0;41,91767000;8,73111000;
202300019118.0;1;59;59509;2;3;1.0;3.0;50,41723000;3,09118000;
202300019119.0;5;51;51230;2;1;2.0;6.0;49,04342900;3,95813900;
202300019120.0;1;91;91027;2;1;1.0;3.0;48,69770000;2,39452000;
202300019121.0;5;57;57683;2;1;2.0;6.0;49,30262800;6,15217500;
202300019122.0;1;49;49007;2;1;1.0;3.0;47,47160000; -0,51912000;
202300019123.0;1;91;91286;2;6;1.0;3.0;48,64788500;2,36711200;
202300019124.0;2;49;49267;2;1;1.0;7.0;47,47057000; -0,48439000;
202300019125.0;5;63;63042;2;1;2.0;6.0;45,82736800;3,07196600;
202300019126.0;5;86;86194;2;1;1.0;6.0;46,61494200;0,34997300;
202300019127.0;5;49;49007;2;2;1.0;3.0;47,48743000; -0,57353000;
202300019128.0;1;38;38562;2;9;1.0;6.0;45,08430500;5,76151900;
202300019129.0;5;49;49015;2;1;1.0;6.0;47,49528000; -0,57949000;
202300019130.0;1;26;26381;1;1;1.0;6.0;45,03424976;5,17187834;
202300019131.0;1;47;47201;2;3;1.0;3.0;44,17540000;0,60667000;
202300019132.0;1;79;79191;2;6;1.0;3.0;46,31690000; -0,48104000;
202300019133.0;1;42;42218;2;1;2.0;6.0;45,42338000;4,39231000;
202300019134.0;3;07;07279;1;1;1.0;6.0;44,42829684;4,62497860;
202300019135.0;1;35;35150;1;2;2.0;3.0;48,35491809; -1,23035163;
202300019136.0;1;69;69242;2;9;8.0;6.0;46,13086900;4,76721900;
202300019137.0;1;29;29232;2;1;1.0;1.0;47,99035817; -4,10189822;
202300019138.0;3;28;28404;1;1;8.0;2.0;48,72647000;1,34487000;
202300019139.0;1;69;69121;1;1;2.0;5.0;45,83993700;4,69191300;
202300019140.0;1;27;27229;2;1;1.0;6.0;49,02250000;1,16434000;
202300019141.0;5;33;33019;2;2;2.0;3.0;44,68145100; -1,01501200;
202300019142.0;2;27;27229;2;1;1.0;6.0;49,02688000;1,14104000;
202300019143.0;1;25;25056;2;9;1.0;1.0;47,25482800;6,03204500;
202300019144.0;1;44;44122;1;2;1.0;5.0;47,42325000; -1,43584300;
202300019145.0;1;18;18033;2;2;1.0;3.0;47,09298000;2,39990000;
202300019146.0;1;56;56178;2;1;1.0;6.0;48,07570300; -2,96116900;
202300019147.0;1;18;18033;2;3;1.0;6.0;47,08579000;2,39347000;
202300019148.0;3;17;17415;2;9;1.0;7.0;45,72483000; -0,63939000;
202300019149.0;1;13;13056;2;1;1.0;3.0;43,41279000;5,04176000;
202300019150.0;1;13;13071;1;1;6.0;2.0;43,40498387;5,33981320;
202300019151.0;3;13;13077;1;1;1.0;4.0;43,41367350;5,00434666;
202300019152.0;5;13;13212;1;1;1.0;3.0;43,29122199;5,42444229;
202300019153.0;1;13;13214;2;3;1.0;3.0;43,33332000;5,39895000;
202300019154.0;3;13;13001;1;1;1.0;3.0;43,51330000;5,42626000;
202300019155.0;1;13;13203;2;3;1.0;6.0;43,31076000;5,38366000;
202300019156.0;1;13;13213;2;3;1.0;6.0;43,32389000;5,45615000;
202300019157.0;3;69;69259;1;1;2.0;7.0;45,71808570;4,86731916;
202300019158.0;1;13;13002;2;1;1.0;1.0;43,34200000;5,48600000;
202300019159.0;1;13;13005;2;9;7.0;6.0;43,28567000;5,55470000;
202300019160.0;3;69;69081;1;1;2.0;2.0;45,78423000;4,78418000;
202300019161.0;1;10;10060;1;1;1.0;5.0;48,25434595;4,10560906;
202300019162.0;1;42;42225;1;1;1.0;2.0;45,52011000;4,59287000;
202300019163.0;1;10;10387;2;1;1.0;2.0;48,30800000;4,04460000;
202300019164.0;1;10;10387;2;1;1.0;4.0;48,30081000;4,06463000;
202300019165.0;5;10;10387;2;3;1.0;1.0;48,26899000;4,08458000;
202300019166.0;1;33;33249;1;1;2.0;4.0;44,88116910; -0,51108956;
202300019167.0;2;02;02408;1;6;1.0;3.0;49,57128000;3,58690000;
202300019168.0;3;33;33554;1;1;2.0;2.0;44,86911748; -0,46932921;
202300019169.0;1;75;75105;2;3;1.0;6.0;48,85032500;2,34754900;
202300019170.0;1;75;75106;2;2;1.0;6.0;48,85264800;2,33316700;
202300019171.0;1;75;75119;2;3;1.0;6.0;48,88042200;2,37962000;
202300019172.0;5;75;75116;2;2;1.0;3.0;48,87585200;2,26220500;
202300019173.0;3;91;91689;1;1;2.0;4.0;48,73165000;2,31532000;