Num_Acc;lum;departement;commune;agglomeration;intersection;meteo;type_collision;lat;long;date
202300019174.0;1;75;75114;2;3;2.0;6.0;48,83324600;2,33152800;
202300019175.0;1;91;91689;1;1;8.0;4.0;48,74135300;2,32085600;
202300019176.0;1;75;75114;2;7;2.0;6.0;48,83446800;2,33258300;
202300019177.0;1;92;92036;1;1;2.0;2.0;48,93554103;2,28513973;
202300019178.0;1;75;75113;2;2;1.0;2.0;48,82769100;2,37138800;
202300019179.0;3;78;78423;1;1;2.0;6.0;48,79374000;2,04095000;
202300019180.0;5;75;75113;2;3;1.0;3.0;48,82092600;2,35494400;
202300019181.0;1;78;78423;1;1;2.0;7.0;48,79848800;2,04417200;
202300019182.0;2;75;75111;2;1;1.0;3.0;48,85949286;2,37727270;
202300019183.0;5;75;75108;2;2;1.0;6.0;48,87777800;2,31634000;
202300019184.0;5;75;75107;2;2;1.0;3.0;48,86286300;2,31343100;
202300019185.0;1;92;92025;1;1;2.0;4.0;48,93300320;2,25090697;
202300019186.0;5;75;75103;2;2;1.0;6.0;48,86376100;2,35486400;
202300019187.0;1;78;78126;1;1;2.0;3.0;48,83558000;2,13005600;
202300019188.0;1;94;94033;2;4;8.0;3.0;48,85395900;2,47345200;
202300019189.0;5;94;94054;2;2;1.0;3.0;48,74682200;2,40721600;
202300019190.0;1;94;94077;2;1;1.0;2.0;48,73532000;2,40098000;
202300019191.0;1;93;93072;2;7;1.0;6.0;48,95165000;2,38196000;
202300019192.0;1;93;93053;2;3;1.0;3.0;48,88822000;2,46077000;
202300019193.0;1;93;93050;2;1;8.0;6.0;48,86568257;2,53450874;
202300019194.0;2;93;93048;2;3;1.0;3.0;48,86971968;2,47072086;
202300019195.0;5;93;93048;2;1;1.0;3.0;48,86435000;2,46772000;
202300019196.0;1;93;93031;2;3;1.0;2.0;48,95712100;2,32125500;
202300019197.0;1;92;92063;2;1;1.0;6.0;48,86425759;2,20113713;
202300019198.0;1;92;92077;2;1;8.0;3.0;48,82828981;2,19384822;
202300019199.0;5;92;92040;2;1;1.0;1.0;48,81954895;2,25595370;
202300019200.0;5;92;92023;2;2;1.0;6.0;48,78345681;2,24662256;
202300019201.0;2;06;06031;1;6;1.0;6.0;43,76201200;7,31997800;
202300019202.0;1;31;31454;1;1;1.0;6.0;43,43955800;1,11885900;
202300019203.0;1;41;41245;1;1;1.0;7.0;47,74757700;1,53894400;
202300019204.0;1;85;85109;2;1;1.0;6.0;46,88028000; -1,01491100;
202300019205.0;1;91;91553;2;1;1.0;3.0;48,61914100;2,49300000;
202300019206.0;1;51;51234;2;1;1.0;1.0;48,55388000;3,65279900;
202300019207.0;1;56;56204;2;7;1.0;3.0;47,91015400; -2,72296200;
202300019208.0;1;67;67434;2;1;8.0;6.0;48,93921100;7,09028500;
202300019209.0;1;76;76717;2;3;1.0;3.0;49,37744300;1,00224300;
202300019210.0;1;2B;2B049;1;1;1.0;6.0;42,51373300;8,84967500;
202300019211.0;3;32;32457;1;1;1.0;6.0;43,86352600;0,71563500;
202300019212.0;1;61;61345;1;1;1.0;6.0;48,41849900;0,82101800;
202300019213.0;5;55;55291;2;1;1.0;6.0;48,67788100;5,32558500;
202300019214.0;1;49;49112;1;1;1.0;6.0;47,16754300; -0,14011900;
202300019215.0;3;12;12288;1;1;1.0;6.0;44,44944500;2,42614900;
202300019216.0;3;47;47173;1;4;1.0;3.0;44,42910600;0,49442800;
202300019217.0;1;44;44134;1;1;1.0;6.0;47,46941400; -1,21340500;
202300019218.0;1;38;38240;1;2;1.0;3.0;45,37873100;4,99578600;
202300019219.0;2;50;50598;1;3;1.0;5.0;49,67039400; -1,34639700;
202300019220.0;1;09;09189;1;1;1.0;1.0;42,61335400;1,82016800;
202300019221.0;3;40;40126;1;1;3.0;3.0;43,69912800; -0,92356000;
202300019222.0;1;04;04231;1;1;1.0;7.0;44,25668000;5,94149000;
202300019223.0;1;27;27498;2;1;4.0;3.0;49,14740100;0,83393900;
202300019224.0;3;63;63311;1;1;8.0;2.0;46,03840647;3,11336256;
202300019225.0;1;06;06104;1;1;1.0;6.0;43,76137000;7,44673000;
202300019226.0;4;06;06088;1;1;1.0;6.0;43,67514700;7,19706400;
202300019227.0;5;49;49307;1;1;9.0;1.0;47,46302400; -0,40832900;
202300019228.0;3;30;30333;1;1;1.0;2.0;43,76302000;4,26565600;
202300019229.0;3;69;69013;1;1;1.0;4.0;46,01673900;4,72708200;
202300019230.0;1;32;32091;1;1;1.0;2.0;43,68229600;0,52754800;
202300019231.0;1;24;24223;2;1;1.0;6.0;44,83888800;0,73936300;
202300019232.0;3;22;22210;1;1;1.0;6.0;48,79231600; -3,03662000;
202300019233.0;3;27;27213;1;1;8.0;7.0;49,14636600;1,62715700;
202300019234.0;1;60;60612;2;6;1.0;6.0;49,20651600;2,57853600;
202300019235.0;1;59;59406;1;1;1.0;7.0;50,18263200;3,86335700;
202300019236.0;1;59;59011;2;1;1.0;3.0;50,52507800;2,93541000;
202300019237.0;5;69;69389;1;1;1.0;2.0;45,76425000;4,80177000;
202300019238.0;3;93;93064;1;1;2.0;3.0;48,88030000;2,47535000;
202300019239.0;3;95;95392;1;1;1.0;6.0;49,06749081;2,21727448;
202300019240.0;5;77;77294;1;1;1.0;3.0;48,96562366;2,60764472;
202300019241.0;1;77;77181;1;1;1.0;6.0;48,82899155;2,72059197;
202300019242.0;1;94;94033;1;1;2.0;5.0;48,85115000;2,48981800;
202300019243.0;5;62;62019;2;6;9.0;6.0;50,42665400;2,71117300;
202300019244.0;5;10;10387;2;3;1.0;6.0;48,28500000;4,08200000;
202300019245.0;1;973;97302;2;6;1.0;2.0;4,92422000; -52,32415000;
202300019246.0;1;69;69386;2;1;1.0;2.0;45,77235000;4,85390000;
202300019247.0;1;69;69383;2;2;1.0;2.0;45,75648000;4,84722000;
202300019248.0;1;972;97213;2;1;1.0;2.0;14,61880000; -61,00340000;
202300019249.0;5;69;69384;2;6;1.0;3.0;45,77418000;4,81294000;
202300019250.0;3;971;97101;2;1;1.0;6.0;16,25205037; -61,52130246;
202300019251.0;1;971;97105;2;1;1.0;2.0;16,00432000; -61,72930000;
202300019252.0;5;95;95288;2;1;8.0;6.0;48,98519746;2,36147046;
202300019253.0;1;91;91174;2;1;1.0;3.0;48,59733000;2,47424000;
202300019254.0;1;80;80021;2;9;1.0;6.0;49,90972000;2,29295000;
202300019255.0;5;80;80021;2;9;1.0;2.0;49,89827000;2,29289000;
202300019256.0;3;77;77358;1;1;2.0;1.0;48,99714200;2,85128500;
202300019257.0;1;76;76103;2;3;1.0;6.0;49,42411000;1,12303000;
202300019258.0;5;69;69259;2;1;1.0;6.0;45,69992809;4,86324446;
202300019259.0;5;67;67218;2;1;1.0;6.0;48,52020501;7,70518184;
202300019260.0;1;67;67482;2;1;1.0;2.0;48,57722000;7,71318000;
202300019261.0;1;67;67482;2;1;1.0;6.0;48,59226800;7,71816000;
202300019262.0;5;67;67482;2;3;1.0;3.0;48,57004000;7,72787000;
202300019263.0;5;66;66136;2;3;1.0;3.0;42,69075100;2,90120000;
202300019264.0;1;64;64102;2;6;1.0;3.0;43,46559000; -1,49522000;
202300019265.0;1;63;63113;2;1;1.0;4.0;45,75737000;3,12763000;
202300019266.0;5;59;59350;2;1;2.0;3.0;50,62761000;3,06165000;
202300019267.0;5;59;59350;2;1;2.0;3.0;50,62624200;3,04052400;
202300019268.0;5;59;59043;1;1;1.0;6.0;50,72805900;2,76720400;
202300019269.0;3;57;57221;1;1;1.0;6.0;49,34060000;6,10970000;
202300019270.0;5;54;54526;2;9;2.0;3.0;48,68396000;6,22121000;
202300019271.0;5;54;54329;2;1;1.0;6.0;48,59620000;6,48947000;
202300019272.0;5;54;54580;2;1;1.0;6.0;49,45961000;5,92738000;
202300019273.0;1;47;47001;2;1;1.0;6.0;44,19929000;0,62273000;
202300019274.0;1;43;43157;2;1;1.0;6.0;45,01516000;3,90064000;
202300019275.0;1;39;39300;2;1;1.0;6.0;46,66738300;5,54555800;
202300019276.0;1;38;38563;2;1;1.0;7.0;45,37400000;5,58900000;
202300019277.0;5;38;38185;2;1;1.0;6.0;45,17980000;5,70539000;
202300019278.0;1;88;88077;2;1;1.0;1.0;48,34734000;6,67665100;
202300019279.0;1;03;03040;1;3;1.0;2.0;46,52369300;3,31818800;
202300019280.0;3;73;73150;1;1;1.0;5.0;45,56349795;6,67676123;
202300019281.0;1;33;33366;2;1;1.0;3.0;44,99420600; -0,44191500;
202300019282.0;1;60;60057;2;1;1.0;3.0;49,40832240;2,11787653;
202300019283.0;5;59;59126;2;1;1.0;6.0;50,31347600;3,12225200;
202300019284.0;1;13;13214;1;1;1.0;3.0;43,33173866;5,38679838;
202300019285.0;3;33;33039;1;1;1.0;2.0;44,80010000; -0,53564000;
202300019286.0;3;91;91136;1;1;1.0;6.0;48,71213000;2,28463000;
202300019287.0;1;92;92036;1;1;1.0;4.0;48,93535855;2,28516302;
202300019288.0;3;78;78073;1;1;1.0;5.0;48,79861700;2,00387500;
202300019289.0;2;93;93007;1;1;1.0;6.0;48,92330480;2,48049511;
202300019290.0;1;94;94018;1;1;1.0;3.0;48,81948161;2,40571551;
202300019291.0;1;94;94022;1;1;1.0;4.0;48,77601929;2,42762460;
202300019292.0;3;94;94069;1;1;1.0;4.0;48,81723163;2,42989790;
202300019293.0;1;73;73270;1;2;1.0;3.0;45,56222000;6,16882900;
202300019294.0;1;73;73023;1;1;1.0;7.0;45,21612900;6,75326600;
202300019295.0;1;73;73322;1;1;3.0;6.0;45,20719858;6,67688861;
202300019296.0;2;13;13097;1;1;1.0;3.0;43,51439526;4,85150736;
202300019297.0;5;973;97302;2;2;1.0;6.0;4,93987989; -52,32734442;
202300019298.0;5;69;69388;2;1;1.0;3.0;45,72972014;4,87581481;
202300019299.0;5;69;69387;2;1;1.0;6.0;45,73885000;4,83594000;
202300019300.0;5;972;97213;1;1;1.0;2.0;14,59692000; -60,99767000;
202300019301.0;1;972;97213;1;1;1.0;3.0;14,63257000; -60,97778000;
202300019302.0;5;972;97213;1;1;1.0;2.0;14,59609000; -60,98825000;
202300019303.0;5;69;69382;2;1;1.0;6.0;45,75514000;4,82640000;
202300019304.0;5;971;97101;1;3;1.0;3.0;16,24089847; -61,49590194;
202300019305.0;1;971;97113;2;1;1.0;2.0;16,22013000; -61,51918000;
202300019306.0;2;2A;2A004;2;3;1.0;3.0;41,92766000;8,73329000;
202300019307.0;5;91;91692;2;1;1.0;6.0;48,67717400;2,17405400;
202300019308.0;5;91;91114;2;1;1.0;7.0;48,69416000;2,50763000;
202300019309.0;1;91;91097;2;9;1.0;7.0;48,68399800;2,53178600;
202300019310.0;5;86;86194;2;1;1.0;2.0;46,58391700;0,36677800;
202300019311.0;1;86;86194;2;9;1.0;3.0;46,58559400;0,33320200;
202300019312.0;1;69;69266;2;1;1.0;3.0;45,78305000;4,85992000;
202300019313.0;1;67;67482;2;8;1.0;3.0;48,59235000;7,71131000;
202300019314.0;1;67;67365;2;1;2.0;2.0;48,54208000;7,69723000;
202300019315.0;1;63;63063;1;9;7.0;7.0;45,83061000;3,11391000;
202300019316.0;5;62;62498;2;1;1.0;6.0;50,43712000;2,84236000;
202300019317.0;1;62;62193;2;1;1.0;1.0;50,97044740;1,88332683;
202300019318.0;1;49;49007;2;1;1.0;2.0;47,49223000; -0,54948000;
202300019319.0;1;49;49007;2;2;1.0;6.0;47,45813738; -0,53300589;
202300019320.0;1;45;45302;1;3;1.0;3.0;47,96417400;1,88843800;
202300019321.0;1;42;42218;2;3;1.0;6.0;45,42231000;4,40568000;
202300019322.0;3;38;38151;1;1;1.0;4.0;45,15076000;5,69694000;
202300019323.0;5;37;37261;2;3;1.0;3.0;47,37440000;0,70388000;
202300019324.0;5;34;34172;2;1;1.0;1.0;43,60880000;3,84431000;
202300019325.0;1;33;33069;2;2;1.0;3.0;44,85705000; -0,59118000;
202300019326.0;4;33;33318;2;6;1.0;6.0;44,78159000; -0,64981000;
202300019327.0;5;33;33063;2;2;1.0;3.0;44,86597000; -0,56134000;
202300019328.0;1;32;32013;2;1;1.0;2.0;43,62984000;0,58041000;
202300019329.0;1;13;13203;2;1;1.0;3.0;43,31332000;5,36742000;
202300019330.0;1;13;13203;2;2;1.0;3.0;43,30566000;5,38395000;
202300019331.0;5;13;13213;2;9;1.0;1.0;43,33305000;5,43042000;
202300019332.0;1;13;13028;2;1;1.0;2.0;43,18435506;5,60934093;
202300019333.0;5;06;06104;2;1;1.0;3.0;43,76222100;7,45779400;
202300019334.0;1;04;04070;2;1;1.0;3.0;44,07766000;6,21116000;
202300019335.0;5;75;75117;2;4;1.0;2.0;48,89550339;2,30764389;
202300019336.0;5;75;75120;2;3;1.0;2.0;48,85869700;2,40983500;
202300019337.0;1;75;75119;2;3;1.0;3.0;48,88655500;2,38461700;
202300019338.0;1;75;75118;2;2;1.0;7.0;48,89024400;2,35991600;
202300019339.0;3;75;75116;2;1;1.0;6.0;48,87436300;2,27139400;
202300019340.0;5;75;75116;2;1;1.0;2.0;48,85171300;2,26774900;
202300019341.0;5;75;75112;2;4;1.0;6.0;48,84172100;2,38693600;
202300019342.0;5;75;75107;2;2;1.0;3.0;48,86116100;2,30240000;
202300019343.0;5;94;94068;2;2;1.0;3.0;48,78600688;2,49520853;
202300019344.0;5;94;94076;2;1;1.0;6.0;48,79986000;2,35520000;
202300019345.0;1;94;94022;2;9;1.0;3.0;48,76930800;2,42234200;
202300019346.0;1;94;94054;2;1;1.0;3.0;48,75038100;2,41795500;
202300019347.0;1;93;93072;2;9;1.0;3.0;48,94834700;2,37863700;
202300019348.0;1;93;93051;2;3;1.0;3.0;48,83844000;2,54718000;
202300019349.0;1;93;93029;2;3;1.0;6.0;48,91643000;2,45803000;
202300019350.0;5;93;93066;2;1;1.0;3.0;48,92924100;2,35496000;
202300019351.0;5;93;93010;2;1;1.0;6.0;48,91324320;2,47847720;
202300019352.0;1;93;93008;2;1;1.0;7.0;48,90842800;2,45143600;
202300019353.0;5;93;93007;2;2;1.0;7.0;48,94009099;2,43844718;
202300019354.0;5;92;92072;2;1;1.0;7.0;48,82555721;2,21633828;
202300019355.0;1;92;92063;2;9;1.0;3.0;48,88786297;2,16539249;
202300019356.0;5;92;92023;2;3;1.0;6.0;48,78834334;2,25838137;
202300019357.0;2;92;92019;2;1;1.0;7.0;48,76285299;2,28262782;
202300019358.0;3;80;80498;1;1;1.0;7.0;50,06439800;2,59313800;
202300019359.0;1;87;87002;1;1;1.0;1.0;45,94042400;1,36749700;
202300019360.0;3;36;36013;1;2;1.0;3.0;47,05892260;1,60228930;
202300019361.0;2;41;41167;2;2;1.0;1.0;47,49250800;1,18404000;
202300019362.0;2;28;28018;1;1;1.0;2.0;48,19530600;0,86462200;
202300019363.0;3;83;83132;1;1;1.0;2.0;43,17369900;6,04926100;
202300019364.0;5;62;62571;2;2;8.0;3.0;50,47355250;1,61761022;
202300019365.0;1;59;59082;1;1;1.0;1.0;50,96427600;2,41520200;
202300019366.0;1;44;44138;1;3;1.0;3.0;47,49045300; -1,63816400;
202300019367.0;2;83;83130;1;3;1.0;3.0;43,18942574;6,05584645;
202300019368.0;1;32;32066;1;2;1.0;3.0;43,84288400;0,72751200;
202300019369.0;1;63;63223;1;1;8.0;1.0;46,11685257;2,88642555;
202300019370.0;1;12;12210;1;1;1.0;3.0;44,18612800;2,02807200;
202300019371.0;1;68;68264;1;4;1.0;1.0;47,57125800;7,41040700;
202300019372.0;1;39;39470;1;1;1.0;6.0;46,45652600;6,06477000;
202300019373.0;1;25;25586;1;1;1.0;1.0;47,47051100;6,89753600;
202300019374.0;2;25;25328;1;1;1.0;7.0;47,18586300;5,96463200;
202300019375.0;1;31;31528;1;1;1.0;2.0;43,24291543;0,73436469;
202300019376.0;1;15;15223;2;1;1.0;7.0;45,31832000;2,43650300;
202300019377.0;2;01;01254;2;1;8.0;3.0;46,16653900;5,29539400;
202300019378.0;1;58;58243;1;1;1.0;1.0;46,89942500;3,68591300;
202300019379.0;1;54;54152;2;1;7.0;6.0;48,55778500;6,38541000;
202300019380.0;1;06;06073;1;1;1.0;6.0;44,20030900;7,07207300;
202300019381.0;1;06;06073;2;1;1.0;6.0;44,19053200;7,15231200;
202300019382.0;3;50;50604;1;1;1.0;6.0;49,53075200; -1,82551100;
202300019383.0;1;50;50487;1;1;1.0;3.0;48,53689700; -1,35800900;
202300019384.0;1;83;83046;1;1;1.0;7.0;43,54450400;6,16131300;
202300019385.0;1;07;07167;1;1;1.0;1.0;44,79296700;4,61297000;
202300019386.0;3;40;40333;1;1;1.0;6.0;43,96996300; -0,74488200;
202300019387.0;3;85;85084;1;1;2.0;2.0;46,78325500; -1,11887400;
202300019388.0;1;27;27425;2;1;1.0;7.0;49,15142600;0,71907900;
202300019389.0;3;37;37104;1;1;1.0;2.0;47,32185542;0,76884985;
202300019390.0;1;30;30083;2;2;1.0;1.0;43,72777800;4,22105700;
202300019391.0;1;30;30182;1;9;1.0;7.0;43,86089600;4,14952800;
202300019392.0;1;88;88116;1;1;1.0;6.0;47,96597900;6,85050000;
202300019393.0;1;78;78455;2;3;1.0;3.0;48,84067000;2,06699100;
202300019394.0;1;53;53108;1;1;1.0;6.0;48,08283800; -1,02757600;
202300019395.0;1;06;06085;1;1;8.0;1.0;43,59611900;7,04910300;
202300019396.0;1;68;68084;2;1;1.0;4.0;47,71286400;7,40011500;
202300019397.0;1;986;98613;2;1;1.0;1.0; -13,32906600; -176,19200300;
202300019398.0;1;976;97607;1;1;1.0;1.0; -12,83666800;45,14430300;
202300019399.0;2;973;97305;1;3;1.0;3.0;4,93646300; -52,40792900;
202300019400.0;1;13;13087;2;1;1.0;1.0;43,47923800;5,59209500;
202300019401.0;2;41;41130;1;2;1.0;3.0;47,77805500;1,34745600;
202300019402.0;1;83;83068;2;1;1.0;6.0;43,28329400;6,59046100;
202300019403.0;3;13;13066;1;1;1.0;6.0;43,84605100;4,89823400;
202300019404.0;3;25;25520;1;1;1.0;7.0;47,27677600;6,36489300;
202300019405.0;1;67;67112;1;2;1.0;3.0;48,51319700;7,56843700;
202300019406.0;1;67;67540;1;2;1.0;3.0;48,79598300;7,71894500;
202300019407.0;1;57;57645;1;6;1.0;6.0;49,19689500;6,14369600;
202300019408.0;5;57;57433;2;1;1.0;6.0;49,21236900;6,15970900;
202300019409.0;1;74;74154;1;1;1.0;7.0;46,37913400;6,65544000;
202300019410.0;1;44;44201;1;1;1.0;6.0;47,34281400; -1,55885700;
202300019411.0;3;38;38135;1;1;1.0;6.0;45,72615400;5,41006900;
202300019412.0;1;32;32312;1;1;1.0;7.0;43,61423000;0,67791800;
202300019413.0;1;79;79319;1;1;1.0;1.0;46,35999800; -0,17081400;
202300019414.0;2;22;22168;2;4;1.0;1.0;48,80209400; -3,44353300;
202300019415.0;3;27;27489;1;3;3.0;3.0;49,07220700;1,22302300;
202300019416.0;5;69;69266;1;1;1.0;2.0;45,76607772;4,90619197;
202300019417.0;1;69;69091;1;1;1.0;5.0;45,57478000;4,71770000;
202300019418.0;3;91;91228;1;1;1.0;2.0;48,62193000;2,42328000;
202300019419.0;3;93;93007;1;1;1.0;6.0;48,95481000;2,45745000;
202300019420.0;1;93;93066;1;1;1.0;5.0;48,91854000;2,35757000;
202300019421.0;3;92;92036;1;1;2.0;4.0;48,93788866;2,29766722;
202300019422.0;3;94;94004;1;1;1.0;3.0;48,75524349;2,50744352;
202300019423.0;3;77;77373;1;1;1.0;2.0;48,77186057;2,61192396;
202300019424.0;1;29;29232;1;1;2.0;6.0;47,97846000; -4,01754000;
202300019425.0;4;57;57463;2;1;1.0;6.0;49,10164000;6,17823000;
202300019426.0;1;62;62160;2;1;1.0;7.0;50,71788199;1,61247687;
202300019427.0;1;27;27681;2;2;1.0;5.0;49,08204850;1,48214130;
202300019428.0;1;62;62160;2;1;1.0;3.0;50,71125700;1,61386800;
202300019429.0;3;25;25056;2;1;2.0;6.0;47,24679600;5,98331500;
202300019430.0;1;62;62758;2;6;1.0;3.0;50,73136000;1,63026000;
202300019431.0;1;13;13205;2;2;1.0;3.0;43,28815000;5,39523000;
202300019432.0;1;976;97611;2;1;1.0;6.0; -12,79044000;45,17674000;
202300019433.0;1;05;05023;2;1;1.0;2.0;44,90228000;6,64162000;
202300019434.0;1;03;03190;2;3;1.0;3.0;46,57460000;3,32043000;
202300019435.0;1;974;97416;1;1;1.0;3.0; -21,32052000;55,47427000;
202300019436.0;1;75;75120;2;1;2.0;6.0;48,86080500;2,41405700;
202300019437.0;1;973;97302;2;1;1.0;6.0;4,94230628; -52,32265323;
202300019438.0;5;75;75105;2;3;1.0;6.0;48,84186000;2,36317200;
202300019439.0;1;973;97302;2;1;1.0;3.0;4,93605634; -52,31852263;
202300019440.0;5;75;75117;2;3;1.0;3.0;48,88191500;2,28337600;
202300019441.0;4;973;97302;2;1;1.0;3.0;4,92764000; -52,31918000;
202300019442.0;5;75;75117;2;2;1.0;6.0;48,88155000;2,29962900;
202300019443.0;1;69;69386;2;2;1.0;3.0;45,76871000;4,84388000;
202300019444.0;1;75;75116;2;3;1.0;3.0;48,85800000;2,25268600;
202300019445.0;5;75;75115;2;7;2.0;2.0;48,84787200;2,30122700;
202300019446.0;1;69;69034;2;6;1.0;2.0;45,80239743;4,85079233;
202300019447.0;1;75;75115;2;3;2.0;3.0;48,83983300;2,28482700;
202300019448.0;1;69;69202;2;2;1.0;3.0;45,72435000;4,77929000;
202300019449.0;1;75;75113;2;3;1.0;5.0;48,82533900;2,35106000;
202300019450.0;1;86;86194;2;1;1.0;2.0;46,58531000;0,38164000;
202300019451.0;1;75;75112;2;1;2.0;2.0;48,85130700;2,37232300;
202300019452.0;5;84;84031;2;9;1.0;7.0;44,04554000;5,05994000;
202300019453.0;4;75;75112;2;1;1.0;6.0;48,82954200;2,45109300;
202300019454.0;5;83;83137;2;7;1.0;4.0;43,12648002;5,92142506;
202300019455.0;3;75;75111;2;3;2.0;1.0;48,86262400;2,37649300;
202300019456.0;1;75;75101;2;2;2.0;6.0;48,85949000;2,34355000;
202300019457.0;2;82;82121;2;2;1.0;3.0;44,01521757;1,36557814;
202300019458.0;1;75;75104;2;2;2.0;6.0;48,85613000;2,35710800;
202300019459.0;1;77;77333;2;1;1.0;3.0;48,26488000;2,71067000;
202300019460.0;1;75;75102;2;3;2.0;5.0;48,87005300;2,35097600;
202300019461.0;5;71;71270;2;1;1.0;6.0;46,28927000;4,80988000;
202300019462.0;5;94;94081;2;2;1.0;3.0;48,78077000;2,38279000;
202300019463.0;5;69;69266;2;3;1.0;1.0;45,75992000;4,88896000;
202300019464.0;1;94;94028;2;1;8.0;2.0;48,77755000;2,45562000;
202300019465.0;5;69;69290;2;1;1.0;1.0;45,69343000;4,93215000;
202300019466.0;1;69;69259;2;1;1.0;6.0;45,69389000;4,87510000;
202300019467.0;3;69;69271;1;1;8.0;7.0;45,74324000;4,94185000;
202300019468.0;1;92;92049;2;3;2.0;6.0;48,81587013;2,32088998;
202300019469.0;5;92;92044;2;1;1.0;6.0;48,89712837;2,29542911;
202300019470.0;1;92;92026;2;9;2.0;6.0;48,89628000;2,24048000;
202300019471.0;1;92;92014;2;1;1.0;6.0;48,78517338;2,31016785;
202300019472.0;1;68;68376;2;1;1.0;7.0;47,80529000;7,33594000;
202300019473.0;1;974;97415;1;1;1.0;5.0; -21,01553600;55,27120300;
202300019474.0;3;67;67458;1;1;1.0;1.0;48,80735500;7,75156700;
202300019475.0;3;974;97415;1;1;1.0;7.0; -21,02202100;55,25616600;
202300019476.0;1;64;64483;2;1;8.0;6.0;43,38757000; -1,65889000;
202300019477.0;1;64;64445;2;1;1.0;2.0;43,30312000; -0,36295000;
202300019478.0;1;976;97610;1;1;1.0;5.0; -12,73489730;45,19932032;
202300019479.0;1;63;63113;2;1;1.0;3.0;45,78170234;3,10041100;
202300019480.0;5;63;63113;2;3;1.0;1.0;45,78144661;3,08863878;
202300019481.0;1;24;24462;1;1;2.0;5.0;45,03137800;0,31430300;
202300019482.0;5;62;62178;2;1;8.0;1.0;50,48411039;2,53545231;
202300019483.0;1;59;59172;2;1;1.0;3.0;50,34493625;3,38184215;
202300019484.0;1;40;40065;2;3;1.0;3.0;43,64986400; -1,44443400;
202300019485.0;5;59;59033;2;6;1.0;1.0;50,20145600;3,82517100;
202300019486.0;5;59;59378;2;2;1.0;3.0;50,65612000;3,09001000;
202300019487.0;1;67;67073;1;1;8.0;1.0;48,29137800;7,36318400;
202300019488.0;5;59;59247;2;1;1.0;3.0;50,63509000;3,18839000;
202300019489.0;1;972;97206;1;1;1.0;1.0;14,49491400; -60,98823000;
202300019490.0;1;54;54528;2;2;1.0;3.0;48,67027000;5,89054000;
202300019491.0;1;64;64382;1;1;1.0;6.0;43,48545800; -0,65600400;
202300019492.0;1;21;21223;1;1;5.0;6.0;47,35989200;4,97650600;
202300019493.0;1;51;51454;2;3;1.0;1.0;49,27382500;4,03340000;
202300019494.0;1;62;62021;1;1;3.0;6.0;50,50721100;1,85045600;
202300019495.0;1;57;57554;1;1;3.0;7.0;49,01798200;6,20335900;
202300019496.0;1;80;80488;2;1;1.0;6.0;50,01394100;1,99086400;
202300019497.0;1;50;50129;2;1;1.0;3.0;49,65397000; -1,64922000;
202300019498.0;1;32;32190;1;1;2.0;7.0;43,79549300;0,24695600;
202300019499.0;5;49;49007;2;1;1.0;4.0;47,47488000; -0,53587000;
202300019500.0;1;32;32384;1;1;2.0;1.0;43,71284400;0,50707700;
202300019501.0;1;49;49007;2;3;1.0;3.0;47,48140000; -0,52348000;
202300019502.0;1;63;63195;2;1;1.0;6.0;45,82815600;3,37861800;
202300019503.0;1;48;48095;2;1;1.0;6.0;44,52756000;3,50773000;
202300019504.0;1;63;63178;2;3;1.0;3.0;45,54608300;3,22563500;
202300019505.0;5;38;38185;2;1;1.0;1.0;45,18821000;5,74601000;
202300019506.0;3;68;68139;1;1;2.0;7.0;47,60541900;7,22537600;
202300019507.0;1;22;22101;1;1;1.0;1.0;48,74821000; -3,30800100;
202300019508.0;5;34;34172;2;3;1.0;3.0;43,59550000;3,89679000;
202300019509.0;1;44;44212;1;2;1.0;3.0;47,19534800; -1,24937100;
202300019510.0;5;33;33063;2;3;1.0;3.0;44,88885000; -0,54120000;
202300019511.0;1;35;35302;1;2;2.0;3.0;48,17560778; -2,13384479;
202300019512.0;1;15;15169;2;3;8.0;3.0;45,33770700;2,48192000;
202300019513.0;1;70;70245;1;2;1.0;5.0;47,92345300;6,42347200;
202300019514.0;1;70;70129;2;2;7.0;3.0;47,47550900;5,81352700;
202300019515.0;1;26;26112;1;1;1.0;6.0;44,38803700;5,23263000;
202300019516.0;3;66;66167;2;1;2.0;6.0;42,45715600;2,03806700;
202300019517.0;5;64;64542;1;1;1.0;7.0;42,79273200; -0,54390371;
202300019518.0;1;10;10426;1;1;2.0;6.0;48,16626521;4,77608465;
202300019519.0;1;88;88486;2;1;3.0;1.0;48,01313400;6,73194400;
202300019520.0;1;75;75113;2;1;1.0;3.0;48,81688000;2,34832600;
202300019521.0;1;75;75106;2;2;1.0;3.0;48,85316100;2,33593900;
202300019522.0;5;06;06152;1;6;1.0;6.0;43,61767000;7,03791300;