Num_Acc;lum;departement;commune;agglomeration;intersection;meteo;type_collision;lat;long;date
202300019523.0;1;75;75119;2;3;1.0;6.0;48,89891293;2,38256747;
202300019524.0;3;49;49167;1;1;1.0;2.0;47,40584000; -0,50968900;
202300019525.0;1;34;34340;1;1;1.0;1.0;43,71217700;4,13105200;
202300019526.0;1;75;75119;2;2;1.0;5.0;48,87957200;2,38950100;
202300019527.0;1;17;17142;1;1;1.0;1.0;46,17684400; -1,07088400;
202300019528.0;5;75;75117;2;2;3.0;6.0;48,88522100;2,30725100;
202300019529.0;1;38;38067;1;4;1.0;3.0;45,67032400;5,15070000;
202300019530.0;1;75;75117;2;3;1.0;3.0;48,88322800;2,29660600;
202300019531.0;1;974;97403;1;1;1.0;1.0; -21,26698500;55,46460600;
202300019532.0;1;75;75117;2;4;1.0;2.0;48,89627100;2,30998900;
202300019533.0;1;77;77231;2;1;1.0;3.0;48,99765900;3,00720700;
202300019534.0;1;75;75116;2;2;2.0;3.0;48,87437800;2,29293500;
202300019535.0;1;83;83065;1;1;1.0;5.0;43,22127600;6,57077900;
202300019536.0;1;75;75116;2;2;1.0;1.0;48,84712700;2,27470900;
202300019537.0;1;13;13035;1;1;2.0;1.0;43,67949600;5,02849800;
202300019538.0;1;75;75116;2;7;1.0;3.0;48,87324100;2,29467400;
202300019539.0;1;68;68154;2;1;1.0;3.0;47,77850100;7,34956200;
202300019540.0;3;67;67368;1;1;1.0;7.0;48,43244700;7,39360600;
202300019541.0;1;75;75116;2;3;1.0;2.0;48,85830900;2,27264200;
202300019542.0;1;75;75115;2;3;1.0;6.0;48,84465800;2,29050200;
202300019543.0;1;33;33433;1;1;1.0;5.0;44,92036100; -0,44767700;
202300019544.0;1;75;75114;2;1;1.0;6.0;48,83895110;2,32671350;
202300019545.0;1;75;75114;2;2;1.0;6.0;48,82922700;2,31731600;
202300019546.0;1;33;33436;1;1;1.0;1.0;44,60658632; -0,62040567;
202300019547.0;1;75;75114;2;3;1.0;6.0;48,82476800;2,32597300;
202300019548.0;1;02;02186;2;9;1.0;6.0;48,98431400;3,39857000;
202300019549.0;1;75;75113;2;1;1.0;3.0;48,83921200;2,35933000;
202300019550.0;1;13;13033;1;1;1.0;5.0;43,38065000;5,21414000;
202300019551.0;1;75;75112;2;1;1.0;3.0;48,84394500;2,37302400;
202300019552.0;1;69;69256;2;1;1.0;2.0;45,79762000;4,92732000;
202300019553.0;1;75;75112;2;1;7.0;1.0;48,82742956;2,38927567;
202300019554.0;1;75;75110;2;3;1.0;6.0;48,87630335;2,35745260;
202300019555.0;1;94;94034;1;1;1.0;4.0;48,76069661;2,31909804;
202300019556.0;1;94;94074;2;2;1.0;1.0;48,74204000;2,46621000;
202300019557.0;1;91;91377;1;1;1.0;2.0;48,72728000;2,30353000;
202300019558.0;1;94;94043;2;1;1.0;3.0;48,80852500;2,36298100;
202300019559.0;1;91;91617;1;1;2.0;6.0;48,63543000;2,53562000;
202300019560.0;1;94;94002;2;1;8.0;5.0;48,79999000;2,41915000;
202300019561.0;1;91;91136;1;1;1.0;7.0;48,71365900;2,27604700;
202300019562.0;1;93;93027;1;1;8.0;6.0;48,92686000;2,40338000;
202300019563.0;1;93;93073;2;2;2.0;3.0;48,94304000;2,58852000;
202300019564.0;1;93;93027;1;1;8.0;2.0;48,92855498;2,41576754;
202300019565.0;5;93;93078;2;2;1.0;3.0;48,96011000;2,55306000;
202300019566.0;1;95;95582;1;1;8.0;6.0;48,96346787;2,26421667;
202300019567.0;1;93;93064;1;1;8.0;6.0;48,87833813;2,47687816;
202300019568.0;1;93;93070;2;2;1.0;3.0;48,90841000;2,33254000;
202300019569.0;1;93;93066;2;1;1.0;6.0;48,94699000;2,36102000;
202300019570.0;3;95;95154;1;1;1.0;5.0;49,04933106;2,54743338;
202300019571.0;1;93;93053;1;1;3.0;6.0;48,88709775;2,47365447;
202300019572.0;1;93;93048;2;1;1.0;6.0;48,86000221;2,46566623;
202300019573.0;5;69;69386;2;1;1.0;6.0;45,78257000;4,85015000;
202300019574.0;1;93;93030;2;2;1.0;3.0;48,95284000;2,41645000;
202300019575.0;1;976;97611;2;1;1.0;6.0; -12,78367000;45,22255000;
202300019576.0;1;976;97611;2;1;1.0;6.0; -12,80182000;45,21189000;
202300019577.0;1;93;93005;2;6;3.0;1.0;48,96030445;2,48819189;
202300019578.0;3;974;97416;1;9;1.0;3.0; -21,34930000;55,50301000;
202300019579.0;1;92;92073;2;3;1.0;7.0;48,88098600;2,22708100;
202300019580.0;1;69;69383;2;1;1.0;6.0;45,75425000;4,84612000;
202300019581.0;1;92;92064;2;1;1.0;3.0;48,85007076;2,20305499;
202300019582.0;1;92;92049;2;1;1.0;3.0;48,81495877;2,30411544;
202300019583.0;5;69;69386;2;2;1.0;3.0;45,76853000;4,85054000;
202300019584.0;5;2A;2A004;2;1;1.0;6.0;41,92915000;8,72713000;
202300019585.0;1;92;92048;2;1;2.0;2.0;48,78536731;2,22440913;
202300019586.0;1;92;92040;2;1;2.0;3.0;48,82365160;2,27302802;
202300019587.0;1;91;91589;2;1;1.0;6.0;48,67543200;2,35357900;
202300019588.0;1;92;92004;2;2;1.0;3.0;48,92035620;2,28424028;
202300019589.0;1;86;86066;2;1;1.0;7.0;46,83747100;0,54758400;
202300019590.0;1;974;97415;2;1;1.0;3.0; -20,97811500;55,33015800;
202300019591.0;1;83;83129;2;1;1.0;6.0;43,11531537;5,80883092;
202300019592.0;1;49;49244;1;1;1.0;1.0;47,35604000; -1,04601300;
202300019593.0;5;79;79259;2;1;1.0;7.0;46,96686900; -0,20541000;
202300019594.0;2;24;24462;1;1;1.0;1.0;45,03271300;0,31731600;
202300019595.0;1;79;79329;2;2;1.0;2.0;46,99254600; -0,21692000;
202300019596.0;1;78;78498;2;2;1.0;1.0;48,93110000;2,04591000;
202300019597.0;3;52;52206;1;1;1.0;6.0;48,52301400;4,80769900;
202300019598.0;5;78;78672;2;1;1.0;2.0;48,92823000;2,00572000;
202300019599.0;1;76;76540;2;1;1.0;3.0;49,43637328;1,09939992;
202300019600.0;1;16;16204;1;3;1.0;3.0;45,57191700; -0,09377000;
202300019601.0;1;76;76681;2;2;1.0;3.0;49,41201000;1,09638000;
202300019602.0;1;21;21665;1;1;1.0;2.0;47,67710900;5,17682400;
202300019603.0;1;76;76341;1;4;1.0;6.0;49,50320000;0,19422000;
202300019604.0;1;69;69285;2;3;7.0;3.0;45,76428200;5,06373700;
202300019605.0;5;76;76351;2;6;1.0;3.0;49,49181000;0,13285000;
202300019606.0;1;21;21244;1;1;1.0;4.0;47,30661900;4,50198100;
202300019607.0;1;72;72181;2;3;1.0;2.0;47,98883000;0,21484000;
202300019608.0;1;22;22193;1;1;2.0;6.0;48,42261700; -2,45188500;
202300019609.0;1;22;22206;1;1;1.0;2.0;48,52979300; -2,98798100;
202300019610.0;1;72;72181;2;2;1.0;3.0;48,01660000;0,15737000;
202300019611.0;1;71;71270;2;1;1.0;6.0;46,32760000;4,82770000;
202300019612.0;1;26;26010;1;2;1.0;3.0;45,27161500;4,83523200;
202300019613.0;1;69;69286;2;1;1.0;3.0;45,81910292;4,90636398;
202300019614.0;1;30;30202;1;1;1.0;3.0;44,24748900;4,65052100;
202300019615.0;1;69;69264;2;9;1.0;7.0;45,98445000;4,73396000;
202300019616.0;1;19;19108;1;1;1.0;7.0;45,70958100;2,47597900;
202300019617.0;1;69;69276;2;1;1.0;1.0;45,67764155;4,84789869;
202300019618.0;1;56;56173;1;1;1.0;6.0;47,95390700; -3,00979300;
202300019619.0;1;2A;2A085;1;1;1.0;6.0;41,91719200;8,89751000;
202300019620.0;1;69;69029;2;6;8.0;3.0;45,73320955;4,93140935;
202300019621.0;1;68;68066;2;1;1.0;3.0;48,09668000;7,35650000;
202300019622.0;1;80;80371;1;1;1.0;1.0;50,21994600;1,92063300;
202300019623.0;1;81;81101;1;1;1.0;7.0;43,97989330;2,17386840;
202300019624.0;5;67;67462;2;3;1.0;6.0;48,26053000;7,45138000;
202300019625.0;3;64;64373;1;9;1.0;6.0;43,26161000; -0,35530000;
202300019626.0;1;32;32410;2;2;1.0;3.0;43,49129600;0,92999700;
202300019627.0;1;64;64348;1;1;1.0;6.0;43,31967000; -0,38542000;
202300019628.0;3;71;71134;1;1;1.0;6.0;46,36499200;4,57574700;
202300019629.0;1;89;89390;1;1;3.0;7.0;48,33314500;3,19356700;
202300019630.0;1;64;64445;2;6;1.0;3.0;43,29594000; -0,37652000;
202300019631.0;1;60;60057;2;9;1.0;1.0;49,43364000;2,09372000;
202300019632.0;1;46;46273;1;1;1.0;1.0;44,87634700;1,87748700;
202300019633.0;1;59;59295;2;1;2.0;6.0;50,72646000;2,53769000;
202300019634.0;1;44;44057;1;1;1.0;1.0;47,60000000; -2,04425100;
202300019635.0;1;56;56098;2;1;1.0;3.0;47,77750000; -3,34390000;
202300019636.0;3;38;38555;1;1;1.0;7.0;45,46563300;5,13770600;
202300019637.0;1;56;56121;2;3;1.0;6.0;47,74671000; -3,36052000;
202300019638.0;1;15;15187;2;1;1.0;6.0;45,03829700;3,06663900;
202300019639.0;1;56;56121;2;3;1.0;3.0;47,74507000; -3,37731000;
202300019640.0;1;26;26101;1;1;1.0;3.0;44,55495300;5,08909500;
202300019641.0;1;49;49328;2;1;2.0;2.0;47,26119000; -0,08418000;
202300019642.0;1;54;54533;2;7;1.0;7.0;49,32692781;5,92718035;
202300019643.0;1;06;06073;1;1;1.0;7.0;44,19352800;7,13302400;
202300019644.0;3;49;49007;1;1;1.0;3.0;47,46475000; -0,57521000;
202300019645.0;2;64;64191;2;3;2.0;3.0;43,17268000; -0,23322000;
202300019646.0;1;37;37261;2;1;1.0;1.0;47,39398000;0,67282000;
202300019647.0;1;53;53224;1;1;1.0;7.0;48,12270300; -0,79590800;
202300019648.0;1;37;37122;2;1;1.0;6.0;47,34910000;0,66557000;
202300019649.0;1;53;53267;1;3;1.0;3.0;48,04526700; -0,48418700;
202300019650.0;1;35;35238;2;1;1.0;2.0;48,08166000; -1,68943000;
202300019651.0;1;24;24038;1;1;1.0;2.0;45,32606700;0,36406200;
202300019652.0;1;33;33529;2;1;1.0;7.0;44,61477151; -1,13606036;
202300019653.0;1;24;24224;1;9;1.0;3.0;44,88994700;0,55292100;
202300019654.0;1;33;33009;2;1;1.0;6.0;44,65260000; -1,15872000;
202300019655.0;1;87;87054;1;1;1.0;6.0;45,71344640;0,86036668;
202300019656.0;1;29;29039;2;6;1.0;3.0;47,88319000; -3,92248000;
202300019657.0;1;87;87028;1;1;1.0;1.0;46,20788900;0,91594200;
202300019658.0;1;29;29019;2;1;1.0;2.0;48,41326670; -4,46843469;
202300019659.0;1;10;10216;1;1;1.0;3.0;48,67231600;4,17018100;
202300019660.0;5;78;78455;2;6;1.0;7.0;48,85113000;2,04927400;
202300019661.0;1;27;27229;2;1;1.0;6.0;49,02998000;1,16275000;
202300019662.0;1;06;06018;1;1;1.0;3.0;43,62315300;7,05766400;
202300019663.0;1;26;26198;2;1;1.0;3.0;44,54261000;4,74649000;
202300019664.0;1;91;91179;1;6;2.0;7.0;48,56273500;2,48262000;
202300019665.0;1;22;22187;2;2;1.0;3.0;48,53009000; -2,76463000;
202300019666.0;2;974;97418;1;1;1.0;6.0; -20,93908700;55,53355100;
202300019667.0;1;18;18033;2;1;1.0;2.0;47,08974000;2,39154000;
202300019668.0;1;78;78615;2;1;1.0;7.0;48,83805400;1,94140400;
202300019669.0;2;13;13001;2;6;1.0;1.0;43,50880000;5,39270000;
202300019670.0;1;2B;2B093;1;9;1.0;3.0;42,62424100;8,91898900;
202300019671.0;1;11;11069;1;1;1.0;2.0;43,21358000;2,38599000;
202300019672.0;3;2B;2B168;1;1;1.0;6.0;42,61686800;8,97104500;
202300019673.0;3;10;10325;2;1;1.0;1.0;48,26660000;4,06660000;
202300019674.0;3;2B;2B148;1;1;1.0;2.0;42,54690700;9,46113800;
202300019675.0;1;10;10387;2;2;1.0;1.0;48,30130021;4,06422794;
202300019676.0;1;84;84129;2;1;1.0;3.0;43,98468200;4,88353000;
202300019677.0;1;83;83065;1;1;1.0;6.0;43,26430400;6,62324300;
202300019678.0;1;58;58051;1;1;1.0;7.0;46,94854800;3,14035800;
202300019679.0;1;07;07316;2;1;1.0;5.0;44,89791000;4,85185000;
202300019680.0;1;68;68069;2;4;1.0;7.0;47,97435600;7,48976800;
202300019681.0;1;06;06155;2;1;1.0;6.0;43,57789500;7,05781200;
202300019682.0;2;75;75117;2;1;1.0;2.0;48,90034800;2,32217400;
202300019683.0;1;55;55366;1;2;7.0;1.0;48,81513000;5,10463000;
202300019684.0;3;79;79049;1;1;1.0;7.0;46,84728000; -0,54079000;
202300019685.0;1;17;17161;2;1;1.0;6.0;46,17977500; -1,32617000;
202300019686.0;5;75;75116;2;1;1.0;2.0;48,83953000;2,25398000;
202300019687.0;1;75;75112;2;1;1.0;4.0;48,82725800;2,39088400;
202300019688.0;1;17;17360;1;1;3.0;4.0;46,15376500; -1,29638700;
202300019689.0;1;33;33366;1;1;1.0;2.0;44,98303600; -0,45096500;
202300019690.0;1;75;75119;2;1;1.0;3.0;48,90017100;2,37790700;
202300019691.0;1;33;33439;1;1;1.0;7.0;45,11424600; -0,41902500;
202300019692.0;1;75;75112;2;1;1.0;2.0;48,84046400;2,41346600;
202300019693.0;1;44;44110;1;1;1.0;1.0;47,43059100; -1,52070000;
202300019694.0;3;75;75120;2;3;2.0;6.0;48,86456600;2,40731400;
202300019695.0;1;44;44204;2;6;1.0;3.0;47,26679001; -1,44122601;
202300019696.0;1;75;75119;2;3;2.0;3.0;48,88581100;2,37064000;
202300019697.0;1;22;22389;2;3;2.0;3.0;48,48516500; -2,68171500;
202300019698.0;1;75;75119;2;3;2.0;6.0;48,87717200;2,39267200;
202300019699.0;1;13;13106;1;1;1.0;2.0;43,40288000;5,34566000;
202300019700.0;5;75;75118;2;1;2.0;2.0;48,88426500;2,33319900;
202300019701.0;2;69;69199;1;1;1.0;2.0;45,70080187;4,84547155;
202300019702.0;1;75;75117;2;1;1.0;3.0;48,88180700;2,31842000;
202300019703.0;1;42;42207;1;1;1.0;3.0;45,47404000;4,49730000;
202300019704.0;1;75;75108;2;7;8.0;3.0;48,86437363;2,32030928;
202300019705.0;1;54;54357;1;1;1.0;3.0;48,72038300;6,16753500;
202300019706.0;5;75;75108;2;7;1.0;6.0;48,86637100;2,32347800;
202300019707.0;1;67;67152;1;1;1.0;3.0;48,53140000;7,69339000;
202300019708.0;1;75;75107;2;2;1.0;1.0;48,84943500;2,31515500;
202300019709.0;1;94;94003;1;1;1.0;6.0;48,79896363;2,34374287;
202300019710.0;5;75;75107;2;1;1.0;3.0;48,86308673;2,31938124;
202300019711.0;1;91;91589;1;1;1.0;2.0;48,67725000;2,33832000;
202300019712.0;5;75;75102;2;1;1.0;2.0;48,86386700;2,34901100;
202300019713.0;5;94;94043;1;1;1.0;6.0;48,80356955;2,34390410;
202300019714.0;3;91;91340;1;1;1.0;2.0;48,60931000;2,43977000;
202300019715.0;5;94;94028;2;1;1.0;4.0;48,76932000;2,46429000;
202300019716.0;1;78;78291;1;1;1.0;6.0;48,96535000;1,76062000;
202300019717.0;1;93;93005;2;1;3.0;6.0;48,93762000;2,50018000;
202300019718.0;1;78;78043;1;1;1.0;3.0;48,82756000;2,07838000;
202300019719.0;4;93;93053;2;1;1.0;6.0;48,88181322;2,45277856;
202300019720.0;1;93;93048;2;1;1.0;3.0;48,86361761;2,45428896;
202300019721.0;1;92;92064;1;1;1.0;4.0;48,83972869;2,21941899;
202300019722.0;1;93;93027;2;1;1.0;6.0;48,92393286;2,41404599;
202300019723.0;1;93;93010;2;1;1.0;6.0;48,90526811;2,48128846;
202300019724.0;5;93;93005;2;3;1.0;6.0;48,93950668;2,50150457;
202300019725.0;1;78;78233;1;1;1.0;2.0;48,88308000;2,01459500;
202300019726.0;1;92;92062;2;1;1.0;6.0;48,88526670;2,22462684;
202300019727.0;1;93;93005;1;1;1.0;6.0;48,96165000;2,46645000;
202300019728.0;1;93;93066;1;1;1.0;2.0;48,92812889;2,35797590;
202300019729.0;1;92;92002;2;1;1.0;6.0;48,73120500;2,30415700;
202300019730.0;1;60;60374;1;2;2.0;3.0;49,56129556;2,48721872;
202300019731.0;1;35;35167;1;1;1.0;1.0;47,86835400; -1,32124100;
202300019732.0;1;95;95500;1;1;1.0;4.0;49,03956297;2,08485961;
202300019733.0;1;14;14656;2;1;1.0;6.0;48,94064400; -0,50314900;
202300019734.0;1;95;95572;1;1;1.0;3.0;49,04066000;2,12779000;
202300019735.0;1;2A;2A272;1;1;1.0;6.0;41,65196800;8,93413800;
202300019736.0;2;71;71348;1;1;3.0;6.0;46,52989700;3,84629800;
202300019737.0;1;95;95572;1;1;1.0;2.0;49,03406000;2,10337000;
202300019738.0;2;28;28403;1;1;1.0;7.0;48,37681600;1,47847900;
202300019739.0;1;95;95256;1;1;1.0;3.0;49,05402806;2,20008731;
202300019740.0;1;972;97231;1;3;1.0;3.0;14,52904400; -61,01561000;
202300019741.0;1;95;95018;1;1;1.0;2.0;48,96023000;2,27091000;
202300019742.0;3;83;83004;1;1;1.0;1.0;43,47864700;6,48217000;
202300019743.0;1;23;23247;1;1;1.0;2.0;46,21075400;1,74686900;
202300019744.0;3;93;93013;1;1;1.0;6.0;48,94076741;2,42507543;
202300019745.0;1;41;41114;1;1;1.0;6.0;47,75533900;1,54842900;
202300019746.0;1;95;95678;1;1;1.0;2.0;49,07215000;2,22452000;
202300019747.0;5;971;97109;1;1;1.0;6.0;15,99480900; -61,70845600;
202300019748.0;3;79;79313;1;1;1.0;2.0;46,31562800; -0,07162600;
202300019749.0;1;94;94028;1;1;1.0;4.0;48,77623444;2,43292233;
202300019750.0;1;37;37027;1;1;1.0;2.0;47,28787299;1,02369252;
202300019751.0;1;75;75112;1;1;1.0;3.0;48,82258700;2,46284900;
202300019752.0;3;61;61214;2;6;1.0;3.0;48,76294300;0,62871500;
202300019753.0;3;39;39176;1;1;1.0;6.0;46,99633691;5,79078734;
202300019754.0;1;44;44131;2;1;1.0;6.0;47,11433900; -2,12772100;
202300019755.0;1;03;03138;2;1;1.0;6.0;46,24751200;3,62235500;
202300019756.0;1;88;88310;2;3;1.0;3.0;48,03424300;5,98265400;
202300019757.0;1;01;01263;2;6;1.0;1.0;46,07485700;4,76312600;
202300019758.0;1;86;86194;2;2;1.0;6.0;46,58989000;0,35549000;
202300019759.0;3;58;58003;1;1;1.0;7.0;47,24365000;4,18478300;
202300019760.0;2;84;84087;2;1;7.0;6.0;44,15164000;4,80564000;
202300019761.0;1;66;66146;1;1;1.0;1.0;42,50623400;1,83356900;
202300019762.0;3;06;06079;2;1;1.0;6.0;43,55267200;6,93757200;
202300019763.0;1;14;14231;1;1;1.0;7.0;49,20390200; -0,01831400;
202300019764.0;5;13;13005;2;3;1.0;3.0;43,28452000;5,52355000;
202300019765.0;1;83;83020;1;1;1.0;6.0;43,78516846;6,51895561;
202300019766.0;1;75;75119;2;4;1.0;3.0;48,90040200;2,37150600;
202300019767.0;3;60;60518;1;1;1.0;6.0;49,57552000;2,17934800;
202300019768.0;1;10;10439;1;1;2.0;7.0;48,10338300;4,50607900;
202300019769.0;1;49;49138;1;1;6.0;6.0;47,48414900; -0,22161500;
202300019770.0;1;988;98818;2;1;1.0;3.0; -22,22917000;166,44511000;
202300019771.0;1;03;03220;1;1;3.0;6.0;46,16567700;3,12992300;
202300019772.0;1;42;42173;1;1;2.0;6.0;45,83887600;4,09348000;
202300019773.0;1;974;97416;2;3;1.0;1.0; -21,31356000;55,45673000;
202300019774.0;5;973;97311;2;1;2.0;6.0;5,48146406; -54,01479650;
202300019775.0;1;974;97411;2;1;1.0;4.0; -20,87926000;55,40096000;
202300019776.0;1;973;97305;1;3;1.0;3.0;4,98019000; -52,44407400;
202300019777.0;1;45;45096;1;1;1.0;7.0;47,81819800;2,66894800;
202300019778.0;1;973;97302;2;4;1.0;6.0;4,94170000; -52,30427000;
202300019779.0;1;91;91634;2;1;2.0;7.0;48,60273000;2,12109600;
202300019780.0;1;2A;2A041;1;1;1.0;6.0;41,42239200;9,12157100;
202300019781.0;1;69;69387;2;2;1.0;3.0;45,75105000;4,84819000;
202300019782.0;1;30;30211;1;1;1.0;1.0;43,84391624;4,49495316;
202300019783.0;1;69;69383;2;9;1.0;3.0;45,74673220;4,86782329;
202300019784.0;3;30;30211;2;1;1.0;1.0;43,82623000;4,50170700;
202300019785.0;1;56;56121;2;1;1.0;7.0;47,73178650; -3,36347580;
202300019786.0;2;972;97213;1;1;2.0;2.0;14,61659767; -61,01592869;
202300019787.0;4;972;97209;1;1;1.0;6.0;14,63447000; -61,07291000;
202300019788.0;1;54;54025;1;1;1.0;1.0;48,64960000;6,27356000;
202300019789.0;5;2B;2B037;1;6;1.0;6.0;42,62893600;9,43763200;
202300019790.0;1;50;50218;2;1;1.0;2.0;48,83689000; -1,59896000;
202300019791.0;5;971;97101;1;1;1.0;6.0;16,27861943; -61,47627354;
202300019792.0;1;49;49007;2;2;1.0;3.0;47,48322000; -0,52366000;
202300019793.0;1;91;91216;2;1;1.0;3.0;48,66866000;2,33816000;
202300019794.0;1;49;49007;2;1;1.0;3.0;47,45209000; -0,51483000;
202300019795.0;1;49;49007;2;2;1.0;3.0;47,47013000; -0,56226000;
202300019796.0;5;87;87085;2;1;1.0;3.0;45,82768000;1,26079000;
202300019797.0;1;87;87085;2;1;2.0;7.0;45,86864089;1,26055509;
202300019798.0;1;43;43157;2;2;1.0;3.0;45,03728000;3,88795000;
202300019799.0;1;42;42186;2;1;1.0;6.0;45,52494669;4,60336134;
202300019800.0;1;85;85191;2;6;1.0;2.0;46,68972400; -1,42973800;
202300019801.0;2;83;83137;2;1;1.0;3.0;43,12587000;5,93851000;
202300019802.0;1;41;41018;2;1;1.0;6.0;47,58693000;1,33130000;
202300019803.0;1;35;35238;2;1;1.0;3.0;48,13090000; -1,65936000;
202300019804.0;2;76;76575;2;2;1.0;3.0;49,38575000;1,09950000;
202300019805.0;1;35;35238;2;6;1.0;3.0;48,08731000; -1,64443000;
202300019806.0;1;76;76157;2;3;1.0;6.0;49,45209955;1,03418416;
202300019807.0;1;76;76305;1;1;1.0;7.0;49,49886688;0,20249605;
202300019808.0;1;35;35238;2;3;1.0;3.0;48,11024000; -1,68552000;
202300019809.0;1;76;76259;2;1;7.0;1.0;49,74609000;0,39132520;
202300019810.0;1;33;33529;2;1;1.0;1.0;44,62365488; -1,20161757;
202300019811.0;1;72;72181;1;9;1.0;3.0;47,96989000;0,23329000;
202300019812.0;2;31;31555;2;1;1.0;6.0;43,56599200;1,43986200;
202300019813.0;1;68;68297;2;1;1.0;3.0;47,58901000;7,56082000;
202300019814.0;1;31;31555;2;1;1.0;6.0;43,59300200;1,40452200;
202300019815.0;5;28;28085;2;1;1.0;7.0;48,44545000;1,49738000;
202300019816.0;5;67;67482;2;4;1.0;1.0;48,57167000;7,75607000;
202300019817.0;1;27;27229;2;1;1.0;2.0;49,02366000;1,15204000;
202300019818.0;1;26;26058;2;1;7.0;6.0;44,96028000;4,90113000;
202300019819.0;1;66;66136;2;1;1.0;6.0;42,69365000;2,89048000;
202300019820.0;1;64;64545;1;1;1.0;2.0;43,37154000; -1,68189000;
202300019821.0;1;13;13213;2;2;1.0;3.0;43,34420000;5,44320000;
202300019822.0;1;63;63113;2;8;1.0;3.0;45,76320000;3,12587000;
202300019823.0;1;10;10297;2;1;1.0;3.0;48,31543000;4,09791000;
202300019824.0;1;06;06069;2;9;1.0;6.0;43,62589000;6,93569000;
202300019825.0;1;63;63032;2;6;1.0;3.0;45,75425694;3,09281766;
202300019826.0;1;06;06123;2;9;7.0;2.0;43,66436000;7,18608000;
202300019827.0;5;57;57463;2;1;1.0;7.0;49,11282000;6,17132000;
202300019828.0;5;06;06155;2;1;1.0;6.0;43,57466700;7,05685300;
202300019829.0;5;56;56121;2;2;1.0;3.0;47,74271000; -3,36072000;
202300019830.0;1;05;05061;2;2;1.0;3.0;44,56002000;6,07569000;
202300019831.0;1;56;56121;2;3;1.0;6.0;47,74467000; -3,36320000;
202300019832.0;1;75;75120;2;1;1.0;3.0;48,85903300;2,41411000;
202300019833.0;1;54;54395;2;3;1.0;6.0;48,68512000;6,16890000;
202300019834.0;1;54;54329;2;2;1.0;3.0;48,59223000;6,49755000;
202300019835.0;1;75;75114;2;1;1.0;4.0;48,82056200;2,32311200;
202300019836.0;1;75;75105;2;1;1.0;1.0;48,84787600;2,35945400;
202300019837.0;4;54;54329;2;2;1.0;6.0;48,59032000;6,49851000;
202300019838.0;1;75;75120;2;1;1.0;3.0;48,86046000;2,40061000;
202300019839.0;5;75;75120;2;2;1.0;3.0;48,85270700;2,40612400;
202300019840.0;1;51;51454;2;2;1.0;3.0;49,24583000;4,01768000;
202300019841.0;1;51;51454;2;1;1.0;6.0;49,25245500;4,02579100;
202300019842.0;2;75;75118;2;3;1.0;6.0;48,89733100;2,34485700;
202300019843.0;1;49;49267;2;1;1.0;7.0;47,48570000; -0,51131000;
202300019844.0;1;75;75117;2;3;1.0;3.0;48,89584800;2,32673600;
202300019845.0;4;49;49267;2;1;1.0;3.0;47,47016000; -0,50963000;
202300019846.0;1;75;75116;2;3;1.0;2.0;48,84151000;2,26654100;
202300019847.0;1;49;49007;2;3;1.0;2.0;47,47384000; -0,57646000;
202300019848.0;3;44;44162;2;1;1.0;6.0;47,24010000; -1,59606000;
202300019849.0;4;75;75113;2;3;1.0;3.0;48,83722700;2,37288600;
202300019850.0;1;37;37122;1;1;1.0;2.0;47,34748184;0,64619011;
202300019851.0;1;37;37261;2;1;1.0;1.0;47,38405000;0,67448000;
202300019852.0;1;75;75101;2;3;1.0;3.0;48,85529900;2,34587700;
202300019853.0;1;35;35051;1;1;1.0;2.0;48,13070000; -1,57399000;
202300019854.0;1;94;94044;2;1;1.0;1.0;48,75630000;2,47230000;
202300019855.0;1;35;35238;2;2;1.0;3.0;48,11419000; -1,69424000;
202300019856.0;1;94;94068;2;2;1.0;3.0;48,79244900;2,49156000;
202300019857.0;5;94;94041;2;1;1.0;6.0;48,80767363;2,37482464;
202300019858.0;1;34;34172;2;2;1.0;3.0;43,63742000;3,82234000;
202300019859.0;1;94;94076;2;9;1.0;3.0;48,79461500;2,36026000;
202300019860.0;5;31;31555;2;2;1.0;3.0;43,55810000;1,40207000;
202300019861.0;5;94;94028;2;1;1.0;6.0;48,79858000;2,45472000;
202300019862.0;1;94;94011;2;1;1.0;6.0;48,76105000;2,49711000;
202300019863.0;1;29;29019;2;2;1.0;3.0;48,41425000; -4,47157000;
202300019864.0;1;94;94002;2;1;1.0;1.0;48,81221000;2,41272000;
202300019865.0;1;93;93073;2;1;1.0;6.0;48,95287000;2,56736000;
202300019866.0;1;28;28134;2;6;1.0;3.0;48,73270000;1,35787000;
202300019867.0;3;93;93073;1;2;1.0;6.0;49,00244700;2,53698400;
202300019868.0;5;93;93071;2;1;1.0;6.0;48,94044961;2,52798145;
202300019869.0;1;93;93070;2;1;1.0;3.0;48,90919994;2,34418633;
202300019870.0;3;25;25056;1;1;1.0;6.0;47,23842000;5,97932000;
202300019871.0;5;93;93066;2;1;1.0;5.0;48,93222654;2,37581003;
202300019872.0;1;25;25056;2;1;8.0;3.0;47,24168000;5,99378000;