Num_Acc;lum;departement;commune;agglomeration;intersection;meteo;type_collision;lat;long;date
202300019873.0;1;93;93064;2;1;1.0;3.0;48,88467318;2,48342924;
202300019874.0;1;22;22278;2;6;1.0;3.0;48,50377000; -2,74065000;
202300019875.0;1;93;93048;2;3;1.0;3.0;48,86395000;2,43167000;
202300019876.0;1;30;30032;1;1;1.0;4.0;43,77836000;4,54504000;
202300019877.0;1;93;93050;2;1;1.0;3.0;48,85852852;2,52223114;
202300019878.0;1;01;01053;2;2;1.0;3.0;46,20373000;5,22350000;
202300019879.0;5;92;92051;2;1;1.0;3.0;48,87867912;2,27903634;
202300019880.0;1;75;75117;2;1;1.0;2.0;48,89612600;2,30870900;
202300019881.0;1;92;92050;2;1;1.0;1.0;48,89719620;2,21984178;
202300019882.0;1;75;75116;2;1;1.0;2.0;48,87059700;2,27235200;
202300019883.0;1;92;92040;2;2;1.0;2.0;48,82913786;2,26381445;
202300019884.0;1;92;92036;2;9;1.0;3.0;48,93210972;2,29045764;
202300019885.0;1;75;75114;2;3;1.0;6.0;48,82262600;2,33513800;
202300019886.0;1;92;92024;2;1;1.0;2.0;48,90363071;2,30564654;
202300019887.0;1;75;75118;2;4;1.0;1.0;48,90092124;2,36383688;
202300019888.0;5;92;92024;2;2;1.0;3.0;48,89999627;2,30625093;
202300019889.0;1;92;92004;1;1;1.0;2.0;48,91276000;2,30391000;
202300019890.0;5;75;75119;2;1;2.0;3.0;48,89266600;2,39532100;
202300019891.0;1;75;75107;2;2;1.0;3.0;48,86097300;2,30119500;
202300019892.0;1;75;75116;2;3;1.0;3.0;48,85838100;2,26073700;
202300019893.0;3;95;95313;1;1;1.0;6.0;49,11325600;2,25445100;
202300019894.0;1;75;75114;2;3;1.0;6.0;48,83263600;2,31567400;
202300019895.0;1;75;75115;2;2;1.0;3.0;48,84619000;2,29517300;
202300019896.0;1;2A;2A100;1;1;1.0;7.0;42,24488100;8,82772900;
202300019897.0;1;75;75114;2;3;1.0;6.0;48,82045700;2,34282700;
202300019898.0;1;2A;2A048;1;1;1.0;7.0;42,03452800;8,76054500;
202300019899.0;1;75;75106;2;9;1.0;6.0;48,84693600;2,32683300;
202300019900.0;1;75;75112;2;1;1.0;6.0;48,83589100;2,39420100;
202300019901.0;5;75;75120;2;1;1.0;3.0;48,87709500;2,41065700;
202300019902.0;3;62;62613;1;1;3.0;6.0;50,66891300;2,05667300;
202300019903.0;1;75;75111;2;2;1.0;3.0;48,85975000;2,37684700;
202300019904.0;1;75;75119;2;3;1.0;3.0;48,88324600;2,38110800;
202300019905.0;1;75;75111;2;9;1.0;2.0;48,85352800;2,39273400;
202300019906.0;1;38;38019;2;1;1.0;1.0;45,42341581;4,81787770;
202300019907.0;1;94;94034;2;9;1.0;3.0;48,76104000;2,31840000;
202300019908.0;1;75;75119;2;2;1.0;3.0;48,87545900;2,39228800;
202300019909.0;1;94;94021;2;9;1.0;3.0;48,77391000;2,36761000;
202300019910.0;3;28;28110;1;1;1.0;4.0;48,42231600;1,51209000;
202300019911.0;1;75;75119;2;3;1.0;3.0;48,88894200;2,37246300;
202300019912.0;1;94;94073;2;3;1.0;3.0;48,74784000;2,36935000;
202300019913.0;1;68;68145;2;1;1.0;6.0;48,08023700;7,40129800;
202300019914.0;5;75;75119;2;3;1.0;3.0;48,88836600;2,37412200;
202300019915.0;1;93;93073;2;3;1.0;1.0;48,96910000;2,54590000;
202300019916.0;1;972;97201;2;1;1.0;6.0;14,82522700; -61,11389600;
202300019917.0;1;75;75117;2;2;1.0;6.0;48,89577500;2,32185700;
202300019918.0;1;93;93001;2;1;1.0;6.0;48,90353013;2,37448472;
202300019919.0;1;11;11203;2;6;1.0;1.0;43,17384200;2,74082700;
202300019920.0;1;92;92025;2;1;1.0;3.0;48,91822227;2,23884881;
202300019921.0;1;75;75108;2;2;1.0;3.0;48,88164000;2,31883300;
202300019922.0;1;92;92014;2;1;1.0;7.0;48,78190000;2,31639000;
202300019923.0;1;68;68300;1;1;1.0;7.0;47,77935500;7,37817100;
202300019924.0;1;75;75115;2;7;1.0;3.0;48,83645400;2,30663300;
202300019925.0;1;35;35013;1;1;1.0;6.0;47,72201800; -2,05435800;
202300019926.0;1;62;62866;2;2;1.0;3.0;50,37951700;1,65275600;
202300019927.0;1;75;75115;2;2;1.0;6.0;48,85381000;2,29421400;
202300019928.0;1;81;81064;1;1;1.0;1.0;43,95808600;1,84655600;
202300019929.0;1;75;75115;2;7;1.0;6.0;48,83623400;2,30644900;
202300019930.0;1;2A;2A272;1;1;1.0;1.0;41,56521100;8,91289500;
202300019931.0;1;60;60358;1;6;1.0;3.0;49,19497000;2,91751400;
202300019932.0;2;67;67222;2;2;1.0;6.0;48,88382700;7,46994700;
202300019933.0;1;62;62770;1;1;1.0;7.0;50,63721466;2,47149780;
202300019934.0;5;75;75115;2;3;1.0;2.0;48,83351400;2,28658800;
202300019935.0;1;87;87154;2;1;1.0;2.0;45,89782600;0,83177400;
202300019936.0;1;56;56168;1;6;1.0;2.0;47,56550900; -3,13445100;
202300019937.0;1;75;75114;2;3;1.0;6.0;48,82351200;2,33569600;
202300019938.0;1;21;21599;1;1;3.0;6.0;47,59226200;5,20785200;
202300019939.0;1;75;75114;2;4;1.0;6.0;48,82879100;2,32775300;
202300019940.0;1;76;76014;2;3;1.0;3.0;49,59051700;0,27354200;
202300019941.0;1;76;76508;2;7;1.0;2.0;49,67197915;0,18880069;
202300019942.0;1;75;75111;2;3;1.0;3.0;48,86418600;2,38023700;
202300019943.0;5;75;75116;2;3;3.0;3.0;48,87846400;2,27993500;
202300019944.0;1;79;79008;1;1;1.0;6.0;46,74346300; -0,30433400;
202300019945.0;1;75;75110;2;2;1.0;7.0;48,86985800;2,36072900;
202300019946.0;1;75;75115;2;1;1.0;6.0;48,84807600;2,28357300;
202300019947.0;1;79;79109;2;1;1.0;5.0;46,36099500; -0,42859000;
202300019948.0;1;75;75115;2;2;2.0;6.0;48,84500301;2,31069088;
202300019949.0;1;75;75116;2;2;1.0;2.0;48,85854400;2,24488800;
202300019950.0;1;2B;2B207;1;1;1.0;6.0;42,46236200;9,50055600;
202300019951.0;1;75;75107;2;1;1.0;6.0;48,85472900;2,30472200;
202300019952.0;1;2B;2B319;1;1;1.0;3.0;42,42875500;9,52494300;
202300019953.0;1;75;75115;2;3;3.0;3.0;48,83875100;2,29925200;
202300019954.0;1;94;94037;2;3;1.0;6.0;48,81519400;2,33297300;
202300019955.0;1;65;65123;1;1;1.0;3.0;42,93930200;0,29924900;
202300019956.0;1;75;75115;2;5;3.0;6.0;48,82587100;2,30021600;
202300019957.0;1;65;65029;1;1;1.0;6.0;42,98383600; -0,14593400;
202300019958.0;2;94;94073;2;1;1.0;2.0;48,76610491;2,39929162;
202300019959.0;5;75;75107;2;2;2.0;3.0;48,86241200;2,30160100;
202300019960.0;1;32;32296;2;1;1.0;1.0;43,76036600; -0,03136000;
202300019961.0;5;94;94019;2;1;1.0;3.0;48,80345300;2,53738600;
202300019962.0;1;76;76255;2;1;8.0;6.0;50,04846600;1,41344400;
202300019963.0;1;75;75113;2;3;8.0;3.0;48,83886700;2,36100400;
202300019964.0;1;94;94017;2;1;1.0;2.0;48,81543279;2,51533645;
202300019965.0;1;12;12103;1;1;1.0;5.0;44,61898200;2,58415800;
202300019966.0;3;75;75111;2;1;8.0;3.0;48,86654200;2,37303000;
202300019967.0;1;94;94071;2;3;1.0;3.0;48,77632229;2,51130107;
202300019968.0;1;46;46215;1;1;7.0;3.0;44,77023600;1,47693200;
202300019969.0;5;93;93072;2;7;1.0;6.0;48,95117000;2,38148000;
202300019970.0;1;75;75110;2;7;1.0;3.0;48,88266200;2,36986041;
202300019971.0;1;46;46334;1;1;1.0;2.0;44,74309100;1,46352100;
202300019972.0;1;93;93031;2;1;1.0;1.0;48,95564621;2,31179602;
202300019973.0;5;75;75108;2;5;1.0;6.0;48,87965000;2,32702100;
202300019974.0;1;46;46257;1;3;1.0;1.0;44,78818200;1,31216300;
202300019975.0;1;93;93053;2;2;1.0;2.0;48,89042000;2,45324000;
202300019976.0;3;22;22152;1;1;1.0;6.0;48,76826800; -3,27901700;
202300019977.0;1;75;75117;2;4;8.0;2.0;48,87683900;2,28550200;
202300019978.0;1;93;93051;2;1;1.0;6.0;48,84264706;2,57234529;
202300019979.0;2;75;75114;2;1;1.0;2.0;48,83264500;2,33106300;
202300019980.0;1;35;35010;1;2;1.0;3.0;48,53402000; -1,68936800;
202300019981.0;1;93;93027;2;2;1.0;3.0;48,92179000;2,38338000;
202300019982.0;1;75;75107;2;2;3.0;7.0;48,86064900;2,29546100;
202300019983.0;1;15;15028;1;1;1.0;3.0;44,89589000;2,55131700;
202300019984.0;1;92;92073;2;9;1.0;2.0;48,86141299;2,21591234;
202300019985.0;5;75;75104;2;5;1.0;6.0;48,85136400;2,36230600;
202300019986.0;5;01;01303;2;3;1.0;3.0;46,08190500;5,41014400;
202300019987.0;1;92;92072;2;5;1.0;3.0;48,82917000;2,22411000;
202300019988.0;1;75;75104;2;3;1.0;2.0;48,85332798;2,35781729;
202300019989.0;1;92;92022;2;1;1.0;6.0;48,81073000;2,19182000;
202300019990.0;1;75;75102;2;1;1.0;3.0;48,86926000;2,33226900;
202300019991.0;1;01;01246;2;1;1.0;5.0;46,23924000;5,04419000;
202300019992.0;1;66;66095;1;1;1.0;1.0;42,48584900;1,85868500;
202300019993.0;1;92;92040;2;7;1.0;5.0;48,82154506;2,25050211;
202300019994.0;1;75;75104;2;3;8.0;3.0;48,85495100;2,35355700;
202300019995.0;1;92;92036;2;2;1.0;1.0;48,92193546;2,29985207;
202300019996.0;1;50;50410;1;1;1.0;1.0;48,56155600; -1,52675600;
202300019997.0;1;94;94058;2;3;1.0;2.0;48,84847000;2,49625000;
202300019998.0;1;09;09120;1;1;8.0;6.0;43,09637700;1,10673800;
202300019999.0;1;92;92035;2;1;1.0;1.0;48,91114814;2,25463539;
202300020000.0;1;07;07201;1;1;1.0;2.0;44,44134100;4,34538200;
202300020001.0;1;94;94076;2;9;2.0;3.0;48,80110000;2,36521000;
202300020002.0;1;92;92026;2;1;1.0;6.0;48,89638000;2,24041000;
202300020003.0;1;40;40273;2;1;1.0;3.0;43,49789300; -1,38131800;
202300020004.0;1;37;37132;2;6;3.0;7.0;47,13146200;0,98249300;
202300020005.0;1;94;94076;2;2;3.0;6.0;48,79486000;2,35457000;
202300020006.0;1;92;92025;2;2;1.0;3.0;48,90893398;2,23657876;
202300020007.0;5;94;94037;2;1;2.0;6.0;48,81632000;2,34103000;
202300020008.0;1;30;30061;1;3;1.0;3.0;43,93638000;4,26449800;
202300020009.0;1;48;48146;1;1;1.0;6.0;44,35205500;3,40483100;
202300020010.0;5;92;92024;2;2;1.0;2.0;48,89732000;2,31052000;
202300020011.0;1;48;48027;1;1;1.0;7.0;44,56839700;3,87015900;
202300020012.0;5;94;94041;2;2;2.0;3.0;48,81528500;2,37560300;
202300020013.0;1;53;53262;1;1;1.0;7.0;48,06940500; -0,55641400;
202300020014.0;1;92;92012;2;1;1.0;2.0;48,82618000;2,25122000;
202300020015.0;5;94;94081;2;3;3.0;1.0;48,80240000;2,39730000;
202300020016.0;1;89;89341;1;1;1.0;2.0;47,71002900;3,78807300;
202300020017.0;1;92;92004;2;1;1.0;3.0;48,91764000;2,28549000;
202300020018.0;1;94;94073;1;9;2.0;3.0;48,75602500;2,37322200;
202300020019.0;1;94;94028;2;9;1.0;3.0;48,78570000;2,44947000;
202300020020.0;1;13;13001;1;1;1.0;2.0;43,51251800;5,46595600;
202300020021.0;1;92;92002;2;3;1.0;6.0;48,74965815;2,30443999;
202300020022.0;1;45;45053;1;1;1.0;2.0;47,61208954;2,77084859;
202300020023.0;5;94;94068;2;1;2.0;3.0;48,78854000;2,48460000;
202300020024.0;1;60;60406;2;3;1.0;3.0;49,31602700;2,54759400;
202300020025.0;1;11;11262;1;9;1.0;2.0;43,18014600;3,04269800;
202300020026.0;5;94;94055;2;3;1.0;1.0;48,78087000;2,52083000;
202300020027.0;1;971;97110;1;1;1.0;5.0;16,32117100; -61,03277600;
202300020028.0;1;12;12140;1;2;1.0;3.0;44,34094300;1,91996800;
202300020029.0;1;93;93070;2;2;1.0;3.0;48,90452016;2,33007482;
202300020030.0;5;77;77354;1;9;1.0;3.0;48,46908400;2,85850000;
202300020031.0;1;84;84088;1;1;1.0;1.0;43,99715600;5,00097300;
202300020032.0;1;93;93062;2;2;1.0;5.0;48,90266606;2,52281768;
202300020033.0;1;95;95351;1;6;1.0;2.0;49,02880800;2,50003300;
202300020034.0;1;95;95452;2;1;1.0;3.0;49,13548930;2,28235602;
202300020035.0;1;2B;2B168;2;9;1.0;2.0;42,63135000;8,95817600;
202300020036.0;1;93;93051;2;2;2.0;1.0;48,84883000;2,54539000;
202300020037.0;1;51;51204;2;2;1.0;7.0;49,07088200;3,88615600;
202300020038.0;1;83;83042;1;9;1.0;3.0;43,26350000;6,57951400;
202300020039.0;1;93;93050;2;1;1.0;6.0;48,86272000;2,54584000;
202300020040.0;1;56;56165;1;1;1.0;2.0;47,91015800; -2,40845000;
202300020041.0;1;83;83068;2;1;1.0;1.0;43,28924100;6,60481600;
202300020042.0;5;93;93050;2;1;2.0;6.0;48,86484000;2,55466000;
202300020043.0;5;93;93045;2;2;3.0;1.0;48,88193000;2,42268000;
202300020044.0;1;73;73034;1;1;1.0;1.0;45,69727800;6,63389700;
202300020045.0;5;93;93031;2;9;1.0;6.0;48,95678015;2,29942828;
202300020046.0;1;77;77066;1;3;1.0;2.0;48,69090400;3,33844900;
202300020047.0;1;93;93046;1;1;8.0;1.0;48,91709600;2,55525500;
202300020048.0;1;76;76100;1;2;1.0;1.0;49,50082400;1,26283200;
202300020049.0;1;65;65335;1;3;1.0;7.0;43,10465700;0,12944900;
202300020050.0;1;19;19098;1;1;1.0;6.0;45,18926600;1,84261300;
202300020051.0;1;93;93057;2;2;3.0;6.0;48,90292000;2,50823000;
202300020052.0;1;79;79031;1;1;1.0;1.0;46,16155000; -0,42834000;
202300020053.0;1;40;40244;1;1;1.0;6.0;43,69621800; -1,15802500;
202300020054.0;1;93;93008;2;9;1.0;1.0;48,91089300;2,44659200;
202300020055.0;1;2B;2B123;1;1;1.0;2.0;42,04967100;9,42835600;
202300020056.0;1;33;33554;2;1;1.0;3.0;44,88724100; -0,47306100;
202300020057.0;1;93;93007;2;9;1.0;3.0;48,94214412;2,46776568;
202300020058.0;1;80;80288;1;9;7.0;1.0;49,87543100;2,84073300;
202300020059.0;1;56;56176;1;1;1.0;6.0;47,67113500; -2,94187900;
202300020060.0;2;93;93005;2;1;2.0;3.0;48,95115800;2,49670100;
202300020061.0;1;32;32227;1;1;1.0;3.0;43,80777000;0,06375600;
202300020062.0;1;35;35326;2;1;1.0;6.0;48,33243600; -1,53474200;
202300020063.0;1;92;92063;2;6;1.0;1.0;48,86204653;2,19621509;
202300020064.0;1;63;63178;2;1;1.0;2.0;45,54340700;3,24303500;
202300020065.0;3;60;60079;1;1;1.0;5.0;49,17451684;2,87701249;
202300020066.0;1;92;92063;2;3;8.0;6.0;48,88272256;2,18835801;
202300020067.0;1;61;61500;1;1;1.0;6.0;48,62398700;0,68274000;
202300020068.0;3;59;59323;2;1;1.0;7.0;50,30331400;3,62895400;
202300020069.0;5;92;92050;2;9;1.0;3.0;48,90127253;2,21027076;
202300020070.0;1;49;49140;1;2;1.0;3.0;47,19368600;0,00727400;
202300020071.0;1;92;92020;2;1;1.0;6.0;48,80469910;2,29794431;
202300020072.0;1;33;33122;1;1;1.0;4.0;44,74440000; -0,70442000;
202300020073.0;1;49;49215;1;2;1.0;1.0;47,11353100; -0,12218600;
202300020074.0;3;91;91661;1;1;1.0;2.0;48,69065000;2,22247000;
202300020075.0;5;92;92035;2;2;1.0;3.0;48,90444373;2,23249519;
202300020076.0;1;29;29189;1;3;1.0;3.0;48,37645300; -4,40818900;
202300020077.0;3;77;77251;1;1;1.0;3.0;48,62522000;2,53991000;
202300020078.0;1;92;92025;2;2;2.0;3.0;48,91323745;2,24060333;
202300020079.0;3;86;86032;1;1;1.0;3.0;46,67303700;0,55475200;
202300020080.0;1;93;93064;1;1;1.0;5.0;48,88497546;2,47135463;
202300020081.0;1;92;92004;2;1;1.0;3.0;48,91640000;2,28956000;
202300020082.0;1;95;95582;1;1;1.0;6.0;48,97106448;2,24906981;
202300020083.0;5;92;92002;2;1;8.0;1.0;48,74113115;2,31485939;
202300020084.0;1;29;29015;1;1;1.0;1.0;48,49695100; -4,49702700;
202300020085.0;1;33;33362;1;1;1.0;3.0;45,02953173; -0,19545928;
202300020086.0;1;06;06069;2;1;1.0;6.0;43,64610000;6,91705000;
202300020087.0;3;41;41266;1;1;1.0;6.0;47,47597000;1,26424300;
202300020088.0;1;31;31123;2;1;2.0;1.0;42,80684600;0,53411400;
202300020089.0;1;27;27229;2;1;1.0;6.0;49,02637000;1,14789000;
202300020090.0;1;03;03278;1;1;7.0;1.0;46,21435500;3,16700200;
202300020091.0;1;07;07019;2;1;1.0;6.0;44,62020000;4,38764000;
202300020092.0;1;03;03254;1;3;1.0;3.0;46,29905500;3,30127400;
202300020093.0;1;95;95218;2;1;1.0;6.0;49,02015000;2,10777000;
202300020094.0;1;86;86114;1;2;8.0;2.0;46,57726300;0,55638700;
202300020095.0;1;03;03156;1;1;1.0;1.0;46,59048500;3,47516100;
202300020096.0;1;987;98715;1;9;1.0;3.0; -17,58400000; -149,56000000;
202300020097.0;1;22;22034;1;1;2.0;3.0;48,67631200; -3,35400600;
202300020098.0;1;974;97416;2;3;1.0;6.0; -21,34087000;55,47769000;
202300020099.0;1;01;01163;1;2;1.0;1.0;46,40410200;5,22176200;
202300020100.0;3;38;38030;1;1;1.0;1.0;45,33893300;5,47762900;
202300020101.0;1;974;97409;2;1;1.0;6.0; -20,96097000;55,65051000;
202300020102.0;1;26;26010;1;6;1.0;6.0;45,27812500;4,88526800;
202300020103.0;1;972;97213;1;1;2.0;3.0;14,59606000; -60,98844000;
202300020104.0;1;01;01335;2;2;1.0;5.0;46,11727200;5,07804400;
202300020105.0;1;21;21339;1;1;1.0;1.0;47,33783560;4,85839021;
202300020106.0;1;972;97209;2;4;8.0;2.0;14,61422000; -61,05194000;
202300020107.0;5;01;01001;2;3;1.0;7.0;46,14916000;4,92195000;
202300020108.0;3;44;44131;1;1;2.0;1.0;47,13248000; -2,15905500;
202300020109.0;1;971;97101;1;9;1.0;6.0;16,25078345; -61,52769685;
202300020110.0;1;58;58215;1;1;1.0;7.0;47,29122300;2,94435700;
202300020111.0;5;2B;2B251;1;1;1.0;3.0;42,00654800;9,40335300;
202300020112.0;1;58;58177;1;1;1.0;7.0;47,14422500;3,86457300;
202300020113.0;5;95;95019;2;3;1.0;6.0;48,98892662;2,41007209;
202300020114.0;1;58;58277;1;1;1.0;3.0;47,02073000;3,83818700;
202300020115.0;5;2B;2B166;1;9;1.0;3.0;42,51692600;9,44262800;
202300020116.0;2;58;58121;1;1;1.0;7.0;47,03602500;3,09373500;
202300020117.0;1;82;82089;1;2;1.0;3.0;44,12384200;0,83009100;
202300020118.0;1;66;66071;1;1;7.0;6.0;42,78922800;2,69083500;
202300020119.0;2;82;82047;1;1;1.0;6.0;43,84849400;0,92060900;
202300020120.0;1;05;05011;1;1;1.0;7.0;44,54966400;6,20146600;
202300020121.0;5;87;87085;2;2;1.0;3.0;45,84722000;1,26130000;
202300020122.0;3;55;55492;1;1;3.0;1.0;49,13017300;5,45619200;
202300020123.0;1;50;50166;1;1;1.0;1.0;49,32181000; -1,55750700;
202300020124.0;1;85;85194;2;6;1.0;6.0;46,50556000; -1,78994000;
202300020125.0;1;55;55046;1;1;2.0;3.0;48,96780100;5,81250800;
202300020126.0;1;83;83123;2;1;1.0;1.0;43,12594300;5,79532400;
202300020127.0;1;18;18126;2;3;1.0;6.0;46,92495200;2,40801200;
202300020128.0;4;49;49214;2;1;1.0;1.0;47,53104000; -0,59614800;
202300020129.0;1;80;80021;2;3;1.0;3.0;49,87911000;2,33536000;
202300020130.0;1;80;80489;1;1;1.0;3.0;49,87024000;2,37242000;
202300020131.0;1;53;53104;2;1;1.0;5.0;47,85365600; -0,60877000;
202300020132.0;3;34;34028;1;1;1.0;6.0;43,63570200;3,16294700;
202300020133.0;3;24;24146;1;1;1.0;6.0;45,06355200;0,67964600;
202300020134.0;1;77;77450;1;9;1.0;3.0;48,70408000;2,59469000;
202300020135.0;1;44;44150;2;1;1.0;6.0;47,12304300; -1,63347700;
202300020136.0;1;04;04162;1;1;2.0;6.0;43,97956400;5,66188600;
202300020137.0;1;76;76351;2;1;1.0;3.0;49,50234000;0,18826000;
202300020138.0;1;85;85154;1;1;1.0;1.0;46,64450000; -0,84182700;
202300020139.0;1;29;29214;2;1;1.0;7.0;47,91736700; -4,37063400;
202300020140.0;1;71;71059;2;1;8.0;6.0;46,81030000;4,47440000;
202300020141.0;1;85;85014;1;1;1.0;1.0;46,65718500; -0,87922000;
202300020142.0;1;69;69266;2;1;1.0;6.0;45,77373000;4,88529000;
202300020143.0;3;02;02250;1;2;2.0;2.0;49,38929400;3,76827800;
202300020144.0;3;17;17344;1;1;1.0;6.0;45,86222800; -0,59145500;
202300020145.0;1;69;69029;2;2;1.0;3.0;45,73540000;4,90310000;
202300020146.0;5;02;02173;2;2;2.0;3.0;49,62626800;3,21483400;
202300020147.0;1;08;08498;2;1;7.0;3.0;49,74081519;4,67093239;
202300020148.0;1;70;70232;1;1;8.0;7.0;47,65803500;5,98353100;
202300020149.0;1;66;66136;2;3;1.0;3.0;42,72788000;2,89501000;
202300020150.0;1;973;97307;2;2;1.0;3.0;4,88413800; -52,33576700;
202300020151.0;1;64;64260;2;1;1.0;3.0;43,35089000; -1,78312000;
202300020152.0;2;66;66167;2;1;1.0;6.0;42,45692327;2,03751862;
202300020153.0;1;64;64483;2;1;1.0;1.0;43,40371000; -1,63319000;
202300020154.0;1;24;24585;1;2;1.0;3.0;44,60440200;1,10783800;
202300020155.0;1;76;76684;1;6;1.0;3.0;49,47777300;0,45869000;
202300020156.0;1;50;50589;1;2;2.0;3.0;48,57742300; -1,44853800;
202300020157.0;1;64;64335;2;3;1.0;3.0;43,32234000; -0,43715000;
202300020158.0;2;67;67389;1;9;1.0;2.0;48,64831900;7,73909800;
202300020159.0;1;64;64122;2;1;1.0;3.0;43,48353000; -1,55931000;
202300020160.0;5;64;64386;2;2;1.0;3.0;43,18927100; -0,25037900;
202300020161.0;3;63;63300;1;1;1.0;6.0;45,89529100;3,15366100;
202300020162.0;5;63;63113;2;3;1.0;2.0;45,77725084;3,08305174;
202300020163.0;1;13;13051;1;1;1.0;2.0;43,57244200;5,15671900;
202300020164.0;2;73;73105;1;1;1.0;1.0;45,44573206;5,73935636;
202300020165.0;5;59;59009;2;2;1.0;6.0;50,62020000;3,13534000;
202300020166.0;1;78;78466;1;3;1.0;6.0;48,92511100;1,99192100;
202300020167.0;3;18;18141;2;1;2.0;1.0;47,11735400;2,20658700;
202300020168.0;1;59;59350;2;3;1.0;3.0;50,61400000;3,05200000;
202300020169.0;1;38;38384;1;1;1.0;1.0;45,34713100;5,35063100;
202300020170.0;1;18;18229;1;1;1.0;7.0;47,23821900;2,38135100;
202300020171.0;1;54;54304;2;1;2.0;6.0;48,67851000;6,16050000;
202300020172.0;1;40;40192;2;1;1.0;2.0;43,87582000; -0,47164000;
202300020173.0;3;11;11262;1;1;1.0;2.0;43,16579455;2,99907637;
202300020174.0;1;21;21420;2;1;1.0;1.0;47,01221900;4,58195500;
202300020175.0;1;37;37261;2;1;1.0;2.0;47,40187000;0,69010000;
202300020176.0;2;971;97116;2;6;1.0;6.0;16,32862400; -61,44936600;
202300020177.0;1;37;37261;2;9;1.0;3.0;47,39313000;0,67366000;
202300020178.0;1;40;40286;1;3;1.0;2.0;43,61698800; -0,45640700;
202300020179.0;1;13;13040;1;2;1.0;1.0;43,45979200;5,54646000;
202300020180.0;1;85;85160;1;1;2.0;1.0;46,59322520; -1,40580400;
202300020181.0;1;77;77453;1;1;1.0;6.0;48,54533600;2,72293600;
202300020182.0;3;14;14333;1;2;1.0;6.0;49,40582800;0,20545400;
202300020183.0;1;78;78531;1;1;1.0;2.0;49,00400800;1,60432900;
202300020184.0;1;28;28028;1;2;1.0;3.0;48,07625800;1,55419000;
202300020185.0;1;13;13206;2;2;1.0;3.0;43,29119000;5,38079000;
202300020186.0;3;34;34296;1;1;3.0;6.0;43,74964500;4,05777500;
202300020187.0;1;06;06069;2;1;1.0;1.0;43,66589500;6,93150400;
202300020188.0;1;37;37273;1;4;1.0;2.0;47,38605600;0,78555500;
202300020189.0;1;84;84054;1;1;1.0;1.0;43,94543000;5,05466200;
202300020190.0;1;30;30075;1;1;1.0;1.0;43,85215195;4,27229333;
202300020191.0;1;06;06004;2;2;1.0;3.0;43,58092000;7,11489000;
202300020192.0;3;84;84081;2;1;3.0;6.0;43,93587800;4,90536300;
202300020193.0;3;88;88328;1;1;2.0;7.0;48,32163900;6,84209000;
202300020194.0;1;75;75118;2;4;1.0;2.0;48,90088492;2,36389518;
202300020195.0;1;13;13015;2;3;1.0;1.0;43,44706600;5,41579300;
202300020196.0;1;75;75120;2;2;1.0;3.0;48,85436500;2,39618300;
202300020197.0;1;71;71372;2;3;1.0;3.0;46,18222600;4,74930700;
202300020198.0;1;67;67001;2;1;1.0;6.0;48,58304500;7,63175400;
202300020199.0;1;75;75119;2;1;1.0;3.0;48,87853000;2,40255900;
202300020200.0;3;40;40306;1;1;1.0;6.0;43,51102400; -1,05215500;
202300020201.0;1;57;57123;2;1;7.0;6.0;49,16798000;6,71632500;
202300020202.0;1;75;75117;2;3;1.0;3.0;48,88809300;2,29966500;
202300020203.0;1;988;98817;2;1;1.0;6.0; -22,22101000;166,49624000;
202300020204.0;1;03;03316;2;2;1.0;3.0;46,66210200;3,24551600;
202300020205.0;2;75;75115;2;2;1.0;3.0;48,84344000;2,28274500;
202300020206.0;1;971;97128;1;4;1.0;3.0;16,23283800; -61,41938600;
202300020207.0;1;75;75114;2;3;1.0;3.0;48,82507700;2,32053100;
202300020208.0;1;63;63099;1;2;1.0;2.0;45,84188400;3,08313000;
202300020209.0;3;77;77477;1;9;2.0;3.0;48,33798100;2,59711900;
202300020210.0;1;26;26023;1;1;1.0;7.0;44,93948400;5,16005500;
202300020211.0;1;75;75112;2;3;1.0;3.0;48,84617400;2,41106000;
202300020212.0;1;91;91226;1;1;1.0;4.0;48,49547100;2,20019500;
202300020213.0;2;75;75112;2;2;1.0;3.0;48,83180300;2,39763500;
202300020214.0;1;07;07097;2;1;1.0;5.0;45,01612100;4,83638800;
202300020215.0;1;69;69094;2;1;1.0;6.0;45,74854000;4,67102500;
202300020216.0;1;66;66014;1;1;1.0;7.0;42,76509800;2,82613600;
202300020217.0;1;75;75107;2;3;1.0;1.0;48,85238800;2,32646600;
202300020218.0;1;81;81219;1;1;1.0;1.0;43,56919000;1,96386000;
202300020219.0;5;75;75101;2;2;1.0;3.0;48,86698700;2,33587000;
202300020220.0;2;21;21390;2;3;1.0;6.0;47,28051400;5,00459400;
202300020221.0;2;85;85302;1;1;1.0;2.0;46,95099000; -0,97168800;
202300020222.0;3;72;72154;1;1;1.0;6.0;47,69491700; -0,10728800;