Num_Acc;lum;departement;commune;agglomeration;intersection;meteo;type_collision;lat;long;date
202300020223.0;1;61;61182;1;1;1.0;6.0;48,46025500; -0,07655000;
202300020224.0;1;63;63284;2;6;1.0;3.0;45,81208100;3,24002300;
202300020225.0;1;94;94033;2;2;1.0;3.0;48,84301800;2,46484200;
202300020226.0;1;93;93066;2;1;8.0;2.0;48,91761978;2,35722587;
202300020227.0;1;69;69045;1;2;1.0;3.0;46,08237900;4,70093300;
202300020228.0;1;35;35240;2;1;7.0;2.0;48,09365300; -1,77610200;
202300020229.0;1;93;93077;2;4;1.0;6.0;48,87400000;2,52978000;
202300020230.0;3;79;79189;1;1;2.0;1.0;46,41662900; -0,17543300;
202300020231.0;1;27;27242;2;1;1.0;1.0;48,94895000;0,81703300;
202300020232.0;1;93;93029;2;1;1.0;6.0;48,91772312;2,43614085;
202300020233.0;3;33;33049;1;1;1.0;6.0;44,87518400; -0,33996500;
202300020234.0;1;62;62746;2;1;1.0;1.0;50,68292700;1,62349500;
202300020235.0;4;29;29046;2;6;2.0;7.0;48,07951695; -4,32940658;
202300020236.0;1;93;93027;2;3;1.0;3.0;48,92303184;2,39509678;
202300020237.0;1;59;59481;2;1;1.0;6.0;50,25476000;3,64646000;
202300020238.0;2;22;22050;2;1;8.0;6.0;48,45266800; -2,05832300;
202300020239.0;5;93;93005;2;2;1.0;3.0;48,93670207;2,49715703;
202300020240.0;1;83;83123;1;1;1.0;3.0;43,14661757;5,77148283;
202300020241.0;5;22;22093;2;1;1.0;1.0;48,46929100; -2,51548300;
202300020242.0;1;92;92063;2;3;1.0;6.0;48,88759496;2,17313898;
202300020243.0;1;33;33281;1;1;1.0;6.0;44,81545000; -0,67266000;
202300020244.0;1;92;92050;2;3;1.0;3.0;48,88824233;2,19409543;
202300020245.0;1;94;94003;1;1;1.0;5.0;48,80072795;2,34367155;
202300020246.0;1;33;33162;1;1;8.0;2.0;44,87089023; -0,64275384;
202300020247.0;1;92;92004;2;1;1.0;2.0;48,91014000;2,29925000;
202300020248.0;1;94;94003;1;1;1.0;2.0;48,80048354;2,34369821;
202300020249.0;5;33;33550;1;1;2.0;2.0;44,77075631; -0,55477738;
202300020250.0;5;92;92004;2;3;1.0;3.0;48,91458000;2,28318000;
202300020251.0;1;91;91174;1;1;7.0;2.0;48,62345000;2,46653000;
202300020252.0;1;91;91161;1;1;1.0;7.0;48,70030100;2,31081000;
202300020253.0;1;92;92004;2;1;2.0;6.0;48,92994730;2,28339672;
202300020254.0;1;33;33063;1;1;2.0;4.0;44,88015056; -0,53855270;
202300020255.0;1;91;91553;1;1;1.0;7.0;48,63290000;2,50290000;
202300020256.0;1;92;92064;1;1;1.0;4.0;48,83887386;2,19360470;
202300020257.0;1;63;63302;1;1;1.0;1.0;45,72176600;3,15986800;
202300020258.0;1;94;94021;1;1;2.0;2.0;48,77129754;2,34584423;
202300020259.0;1;78;78291;1;1;1.0;3.0;48,96786600;1,74504100;
202300020260.0;1;71;71576;1;1;1.0;2.0;46,52576700;4,91837700;
202300020261.0;1;92;92036;1;1;1.0;4.0;48,94651571;2,28277090;
202300020262.0;1;94;94034;1;1;2.0;4.0;48,75239992;2,33121177;
202300020263.0;1;57;57111;1;1;1.0;2.0;49,19539100;6,09458000;
202300020264.0;1;93;93064;1;1;1.0;2.0;48,88656000;2,48053000;
202300020265.0;3;78;78402;1;1;1.0;5.0;48,96514800;1,76442600;
202300020266.0;1;94;94028;1;1;1.0;4.0;48,78050715;2,44139360;
202300020267.0;1;35;35121;1;1;8.0;2.0;48,24172000; -1,45613000;
202300020268.0;1;29;29302;1;1;1.0;6.0;48,26612000; -4,11532000;
202300020269.0;1;77;77249;1;1;1.0;3.0;48,75199200;2,61444500;
202300020270.0;3;78;78238;1;1;1.0;3.0;48,97063600;1,87659800;
202300020271.0;2;06;06118;1;6;1.0;3.0;43,65026800;6,81597600;
202300020272.0;1;94;94017;1;1;1.0;2.0;48,82931384;2,49951954;
202300020273.0;1;78;78029;1;1;3.0;5.0;48,96795000;1,85794300;
202300020274.0;1;43;43089;2;1;2.0;2.0;45,04533500;3,87370900;
202300020275.0;3;63;63352;1;1;1.0;4.0;45,43693275;3,27224008;
202300020276.0;4;95;95277;1;1;1.0;3.0;48,98025923;2,49780178;
202300020277.0;1;43;43157;2;1;1.0;2.0;45,02833000;3,88433000;
202300020278.0;1;22;22175;1;1;1.0;6.0;48,48998900; -2,40583400;
202300020279.0;1;14;14191;2;1;1.0;4.0;49,31884358; -0,45240195;
202300020280.0;1;93;93078;1;1;8.0;6.0;48,96358000;2,52152000;
202300020281.0;1;41;41149;2;2;7.0;6.0;47,75734400;0,87119800;
202300020282.0;1;69;69387;2;2;1.0;3.0;45,75210000;4,84660000;
202300020283.0;4;93;93053;1;9;3.0;3.0;48,89542000;2,47057000;
202300020284.0;1;972;97213;1;1;1.0;6.0;14,59734000; -60,99882000;
202300020285.0;1;56;56130;1;2;1.0;3.0;47,74156000; -3,29527600;
202300020286.0;3;93;93064;1;1;2.0;2.0;48,88128000;2,47500000;
202300020287.0;2;77;77146;1;1;1.0;6.0;48,83216000;2,65293000;
202300020288.0;4;94;94015;1;1;2.0;2.0;48,83216525;2,53266592;
202300020289.0;1;91;91421;1;1;1.0;7.0;48,68950000;2,47240000;
202300020290.0;4;77;77495;1;9;2.0;2.0;48,56017000;2,64569000;
202300020291.0;1;69;69275;2;3;1.0;6.0;45,76657000;4,97438000;
202300020292.0;1;38;38421;2;2;1.0;3.0;45,18149000;5,76296000;
202300020293.0;1;67;67482;2;2;1.0;3.0;48,58763000;7,73861000;
202300020294.0;1;64;64445;2;1;1.0;2.0;43,30775000; -0,37661000;
202300020295.0;1;92;92007;2;1;2.0;2.0;48,79757098;2,30895549;
202300020296.0;1;13;13210;2;9;1.0;3.0;43,28367000;5,40081000;
202300020297.0;5;59;59350;2;3;1.0;3.0;50,61754000;3,02677000;
202300020298.0;1;41;41194;1;1;1.0;6.0;47,34168400;1,73860700;
202300020299.0;1;93;93077;2;1;1.0;6.0;48,89029000;2,50982000;
202300020300.0;3;69;69289;1;1;2.0;6.0;45,64623500;5,00457000;
202300020301.0;1;976;97611;1;1;1.0;3.0; -12,79200000;45,22133000;
202300020302.0;1;35;35278;1;1;1.0;5.0;48,17019510; -1,71354264;
202300020303.0;1;972;97222;2;9;1.0;1.0;14,69293300; -60,97482600;
202300020304.0;1;974;97416;1;3;1.0;1.0; -21,29400000;55,51065000;
202300020305.0;5;11;11421;2;1;1.0;6.0;43,21639700;2,85860700;
202300020306.0;1;35;35238;2;1;1.0;6.0;48,12148000; -1,71021000;
202300020307.0;1;83;83100;1;1;1.0;6.0;43,27560400;6,12270000;
202300020308.0;1;973;97302;2;1;1.0;3.0;4,93622000; -52,29634000;
202300020309.0;1;34;34108;2;1;2.0;6.0;43,45229000;3,80925000;
202300020310.0;2;84;84062;1;2;1.0;3.0;43,87225100;5,10433000;
202300020311.0;5;33;33063;2;1;1.0;6.0;44,81567000; -0,55647000;
202300020312.0;5;972;97209;1;1;2.0;7.0;14,61700000; -61,04168000;
202300020313.0;3;65;65265;1;1;1.0;6.0;43,22875500;0,15926300;
202300020314.0;3;63;63404;1;1;1.0;6.0;45,59257500;3,23656300;
202300020315.0;1;2B;2B037;1;6;1.0;2.0;42,59490000;9,43858000;
202300020316.0;5;33;33529;2;3;1.0;3.0;44,62899000; -1,15154000;
202300020317.0;1;971;97101;1;9;1.0;3.0;16,24985300; -61,49692655;
202300020318.0;1;83;83140;1;1;6.0;3.0;43,40673300;5,93879200;
202300020319.0;1;25;25462;2;2;1.0;6.0;46,90028000;6,36102000;
202300020320.0;1;971;97113;1;1;1.0;6.0;16,23253000; -61,47909000;
202300020321.0;1;56;56184;1;1;1.0;3.0;47,67917500; -2,39620000;
202300020322.0;1;971;97101;2;1;1.0;1.0;16,25828000; -61,45541000;
202300020323.0;1;13;13210;2;2;1.0;3.0;43,28523252;5,42603447;
202300020324.0;3;76;76093;1;1;3.0;1.0;49,42150800;1,64095000;
202300020325.0;1;971;97113;1;3;1.0;3.0;16,20850000; -61,46751000;
202300020326.0;1;10;10387;2;6;1.0;3.0;48,28788381;4,08091021;
202300020327.0;1;95;95582;2;2;3.0;3.0;48,96311000;2,26024000;
202300020328.0;1;10;10343;2;6;1.0;3.0;48,27180000;4,09084000;
202300020329.0;2;80;80080;1;2;3.0;3.0;49,87549300;2,84308500;
202300020330.0;5;95;95598;2;6;2.0;6.0;48,99046138;2,29642153;
202300020331.0;3;81;81276;1;1;2.0;7.0;43,91430300;1,67859100;
202300020332.0;5;06;06088;2;2;1.0;3.0;43,71343000;7,27163000;
202300020333.0;3;95;95127;2;1;3.0;6.0;49,04289000;2,01785000;
202300020334.0;5;06;06088;2;1;1.0;7.0;43,69433000;7,28281000;
202300020335.0;1;91;91103;2;9;2.0;6.0;48,60857000;2,30532000;
202300020336.0;3;32;32020;2;1;1.0;6.0;43,43576200;0,27094600;
202300020337.0;1;32;32305;1;1;1.0;6.0;43,83397000; -0,04703500;
202300020338.0;1;75;75120;2;1;1.0;4.0;48,85544700;2,41382600;
202300020339.0;5;91;91114;2;2;2.0;3.0;48,68490000;2,49640000;
202300020340.0;5;75;75116;2;1;1.0;3.0;48,85453900;2,25492300;
202300020341.0;1;71;71543;2;3;1.0;3.0;46,56815100;4,89326100;
202300020342.0;5;91;91687;2;9;3.0;3.0;48,67953000;2,37552000;
202300020343.0;1;75;75119;2;1;1.0;2.0;48,89006900;2,39627400;
202300020344.0;4;91;91027;2;1;3.0;6.0;48,70570000;2,39328000;
202300020345.0;1;63;63393;2;4;1.0;3.0;45,89078100;3,59740600;
202300020346.0;5;91;91223;2;6;2.0;6.0;48,44166000;2,13733000;
202300020347.0;1;75;75116;2;2;1.0;7.0;48,85971000;2,27853000;
202300020348.0;1;12;12198;1;1;3.0;6.0;44,31279800;2,23518100;
202300020349.0;1;75;75115;2;3;1.0;6.0;48,83741933;2,28997350;
202300020350.0;5;87;87085;2;2;1.0;3.0;45,83180000;1,26245000;
202300020351.0;1;47;47315;1;1;3.0;1.0;44,43727907;0,86586178;
202300020352.0;1;75;75113;2;1;1.0;6.0;48,81923300;2,35821500;
202300020353.0;1;87;87113;1;1;1.0;1.0;45,88322000;1,32408000;
202300020354.0;1;47;47138;1;1;1.0;3.0;44,25389100;0,77749200;
202300020355.0;1;75;75112;2;1;1.0;3.0;48,83382000;2,41582000;
202300020356.0;1;39;39367;1;1;1.0;6.0;46,54569800;6,01728400;
202300020357.0;1;85;85194;2;6;1.0;6.0;46,49497000; -1,79436000;
202300020358.0;1;75;75110;2;2;1.0;1.0;48,87791600;2,35162400;
202300020359.0;1;84;84007;2;1;1.0;3.0;43,94740000;4,85586000;
202300020360.0;1;44;44091;1;2;1.0;3.0;47,57263400; -1,69490400;
202300020361.0;2;75;75110;2;1;1.0;3.0;48,87304600;2,37002600;
202300020362.0;1;84;84007;2;1;1.0;3.0;43,92859000;4,81974000;
202300020363.0;1;29;29081;2;1;2.0;1.0;48,36302500; -3,74251100;
202300020364.0;1;75;75108;2;2;1.0;3.0;48,86678100;2,32209800;
202300020365.0;2;29;29171;2;1;1.0;6.0;47,84089379; -4,28463766;
202300020366.0;1;83;83137;2;3;9.0;3.0;43,14172000;5,89220000;
202300020367.0;1;94;94074;2;1;1.0;6.0;48,74970000;2,46760000;
202300020368.0;2;93;93055;2;3;1.0;6.0;48,89078883;2,40075157;
202300020369.0;1;81;81163;2;3;2.0;3.0;43,49785580;2,39296110;
202300020370.0;1;38;38517;2;1;2.0;3.0;45,29750900;5,49976800;
202300020371.0;1;80;80021;2;1;3.0;6.0;49,89653000;2,30144000;
202300020372.0;5;93;93051;2;1;1.0;2.0;48,84607000;2,55880000;
202300020373.0;3;72;72377;1;1;2.0;6.0;47,75419075; -0,10163713;
202300020374.0;5;93;93046;2;3;1.0;3.0;48,91249000;2,52245000;
202300020375.0;1;78;78586;2;2;1.0;3.0;48,94910200;2,19365900;
202300020376.0;1;72;72071;2;9;2.0;3.0;47,69583000;0,41747000;
202300020377.0;1;93;93047;2;7;1.0;3.0;48,90042410;2,55683452;
202300020378.0;1;93;93047;2;3;1.0;1.0;48,90322188;2,56028894;
202300020379.0;1;77;77284;2;3;2.0;6.0;48,95321000;2,88013000;
202300020380.0;1;06;06113;1;1;1.0;3.0;43,79720600;7,47871400;
202300020381.0;1;93;93008;2;9;1.0;3.0;48,90499403;2,42647358;
202300020382.0;1;92;92063;2;1;1.0;6.0;48,86144000;2,17059000;
202300020383.0;1;14;14032;1;1;1.0;6.0;49,28631858;0,29824915;
202300020384.0;1;77;77058;2;2;2.0;3.0;48,84162000;2,71905000;
202300020385.0;1;92;92050;2;1;1.0;6.0;48,89512296;2,22789198;
202300020386.0;3;05;05010;1;1;1.0;7.0;44,53833906;5,78430498;
202300020387.0;1;92;92048;2;1;1.0;6.0;48,79889061;2,23311737;
202300020388.0;1;05;05170;1;1;1.0;7.0;44,45831000;6,03453000;
202300020389.0;1;77;77243;2;3;2.0;3.0;48,87470000;2,72324000;
202300020390.0;1;76;76342;1;1;1.0;3.0;49,65686700;0,54519900;
202300020391.0;2;16;16334;1;1;2.0;7.0;45,35973700;0,09622200;
202300020392.0;5;76;76540;2;1;2.0;6.0;49,44704000;1,06493000;
202300020393.0;1;40;40132;1;1;3.0;6.0;43,56539700; -0,94279100;
202300020394.0;1;39;39097;2;3;1.0;3.0;46,74374700;5,91563900;
202300020395.0;5;76;76681;2;2;8.0;3.0;49,42123000;1,09268000;
202300020396.0;1;80;80016;2;3;7.0;6.0;50,00096100;2,65160500;
202300020397.0;1;23;23173;1;1;1.0;3.0;45,98515800;1,83103700;
202300020398.0;1;54;54307;2;1;1.0;3.0;48,43592407;6,24867797;
202300020399.0;1;74;74118;2;3;2.0;1.0;46,16620700;6,18891300;
202300020400.0;2;86;86034;1;1;1.0;6.0;46,37020400;0,59305400;
202300020401.0;3;01;01024;1;1;2.0;6.0;46,26174779;5,16357958;
202300020402.0;3;2A;2A348;1;1;1.0;6.0;42,15867100;8,75647400;
202300020403.0;1;72;72181;2;9;1.0;6.0;48,00541000;0,20398000;
202300020404.0;1;52;52300;2;1;1.0;6.0;48,51372800;5,00334700;
202300020405.0;1;37;37131;1;1;1.0;1.0;47,43606102;1,02063417;
202300020406.0;1;71;71081;2;1;8.0;3.0;46,81630000;4,84011000;
202300020407.0;1;22;22048;1;1;1.0;1.0;48,48771400; -2,23020300;
202300020408.0;1;01;01213;1;1;1.0;6.0;45,93789700;5,28484300;
202300020409.0;5;69;69266;2;8;8.0;3.0;45,78354137;4,88321780;
202300020410.0;4;41;41194;2;1;1.0;6.0;47,36051700;1,74693900;
202300020411.0;2;06;06085;2;1;1.0;6.0;43,60870800;7,00945200;
202300020412.0;1;69;69264;2;1;1.0;6.0;45,99086000;4,71109000;
202300020413.0;1;28;28425;1;1;1.0;6.0;48,50318500;1,70343900;
202300020414.0;3;49;49308;1;1;2.0;4.0;47,40430000; -0,51026900;
202300020415.0;1;23;23193;1;1;1.0;7.0;46,13953000;1,90694300;
202300020416.0;3;69;69290;1;1;1.0;6.0;45,72362000;4,93821000;
202300020417.0;1;67;67163;1;6;1.0;7.0;48,70409800;7,55610700;
202300020418.0;3;988;98832;1;1;1.0;6.0; -22,25516000;166,83526000;
202300020419.0;1;69;69029;1;1;1.0;5.0;45,72416000;4,92204000;
202300020420.0;1;35;35208;1;1;1.0;4.0;47,96552889; -1,69084847;
202300020421.0;3;973;97311;1;1;1.0;3.0;5,44681100; -54,04187700;
202300020422.0;5;67;67482;2;3;3.0;3.0;48,57502000;7,73378000;
202300020423.0;3;974;97404;1;1;1.0;2.0; -21,28353600;55,37079300;
202300020424.0;1;84;84134;1;1;1.0;2.0;44,18120700;4,88716300;
202300020425.0;5;67;67482;2;6;2.0;2.0;48,57468201;7,77650499;
202300020426.0;1;973;97311;1;1;1.0;7.0;5,44374600; -54,03868000;
202300020427.0;1;51;51028;1;1;7.0;2.0;49,07588700;4,06051000;
202300020428.0;3;66;66136;1;1;1.0;3.0;42,71180000;2,96297000;
202300020429.0;5;971;97116;2;1;1.0;3.0;16,33601600; -61,45923600;
202300020430.0;3;64;64260;2;1;2.0;6.0;43,35433000; -1,77434000;
202300020431.0;1;56;56168;1;1;7.0;2.0;47,58948700; -3,13299900;
202300020432.0;1;76;76719;1;1;1.0;7.0;49,74316400;0,52562700;
202300020433.0;1;64;64445;2;1;1.0;2.0;43,32090000; -0,35885000;
202300020434.0;2;971;97129;1;1;1.0;3.0;16,29295000; -61,67067500;
202300020435.0;3;64;64122;2;9;1.0;7.0;43,46486000; -1,53516000;
202300020436.0;1;79;79170;1;1;1.0;1.0;46,19333400; -0,66149700;
202300020437.0;1;45;45173;2;1;3.0;1.0;47,86225000;2,11206900;
202300020438.0;1;63;63300;1;1;6.0;2.0;45,90466470;3,12815334;
202300020439.0;1;65;65394;1;1;1.0;6.0;43,07872500;0,52697800;
202300020440.0;3;77;77005;1;6;2.0;6.0;48,91634631;2,71175388;
202300020441.0;2;62;62842;2;1;8.0;3.0;50,47841000;2,85885000;
202300020442.0;1;65;65343;1;1;1.0;7.0;43,06844900; -0,06875000;
202300020443.0;5;78;78089;2;1;2.0;6.0;49,03595800;1,57680800;
202300020444.0;2;62;62498;2;1;2.0;6.0;50,44358000;2,81971000;
202300020445.0;1;2A;2A247;1;1;1.0;2.0;41,59314000;9,22247000;
202300020446.0;1;32;32395;1;1;1.0;5.0;43,99120900;0,67482200;
202300020447.0;1;30;30085;1;1;1.0;7.0;43,93304200;4,47353800;
202300020448.0;5;56;56121;2;1;2.0;2.0;47,76084000; -3,36494000;
202300020449.0;1;06;06147;2;1;1.0;6.0;43,78664600;7,27164000;
202300020450.0;1;71;71364;1;4;1.0;6.0;46,82853700;5,16922800;
202300020451.0;1;54;54526;2;2;8.0;2.0;48,69346300;6,21199100;
202300020452.0;1;10;10338;1;1;1.0;4.0;48,49857500;4,13693200;
202300020453.0;3;54;54373;1;1;3.0;1.0;48,56806500;6,54063500;
202300020454.0;1;73;73153;1;1;1.0;7.0;45,73277800;6,42101500;
202300020455.0;5;54;54270;2;1;2.0;2.0;49,49665000;5,86840000;
202300020456.0;1;73;73030;1;4;1.0;6.0;45,57513100;5,98063900;
202300020457.0;3;51;51454;2;6;2.0;6.0;49,26016000;4,06336000;
202300020458.0;1;38;38407;1;1;6.0;6.0;45,32486800;5,65594200;
202300020459.0;1;26;26064;1;6;9.0;7.0;44,93816473;4,97562915;
202300020460.0;1;50;50218;2;3;2.0;2.0;48,83961000; -1,56675000;
202300020461.0;1;07;07324;2;3;1.0;6.0;45,06976600;4,82852900;
202300020462.0;5;49;49007;2;1;1.0;6.0;47,49074000; -0,56439000;
202300020463.0;1;49;49007;2;1;1.0;2.0;47,48194000; -0,57722000;
202300020464.0;3;01;01213;1;1;2.0;2.0;45,92155000;5,26913500;
202300020465.0;1;69;69227;1;1;2.0;6.0;45,64688300;4,55703000;
202300020466.0;5;45;45208;2;6;8.0;3.0;48,00033159;2,73030630;
202300020467.0;1;64;64407;2;1;1.0;1.0;43,47849100; -1,43413400;
202300020468.0;5;44;44109;2;1;1.0;6.0;47,22094000; -1,55552000;
202300020469.0;1;79;79191;2;1;1.0;3.0;46,33110100; -0,47055000;
202300020470.0;1;44;44109;2;1;2.0;3.0;47,20893000; -1,56641000;
202300020471.0;1;62;62318;2;1;1.0;2.0;50,51137300;1,64625600;
202300020472.0;1;77;77284;2;9;1.0;3.0;48,95839800;2,88236300;
202300020473.0;1;62;62318;2;2;1.0;3.0;50,52024800;1,64932800;
202300020474.0;1;74;74012;2;9;1.0;6.0;46,19336000;6,23627000;
202300020475.0;1;13;13071;1;1;1.0;2.0;43,40353400;5,34368600;
202300020476.0;1;43;43157;2;9;2.0;7.0;45,03472000;3,88724000;
202300020477.0;3;33;33080;1;1;1.0;6.0;44,73113576; -0,53018689;
202300020478.0;1;73;73065;2;9;1.0;3.0;45,59942900;5,92071000;
202300020479.0;1;42;42218;2;1;1.0;6.0;45,42394000;4,40842000;
202300020480.0;1;33;33039;1;1;3.0;5.0;44,79391000; -0,53971000;
202300020481.0;1;69;69286;2;4;2.0;6.0;45,81570000;4,89510000;
202300020482.0;1;69;69029;2;4;8.0;3.0;45,73828000;4,91059000;
202300020483.0;1;33;33063;1;1;2.0;4.0;44,88307990; -0,55390298;
202300020484.0;2;38;38185;2;1;1.0;6.0;45,18866000;5,71501000;
202300020485.0;1;91;91064;1;1;2.0;2.0;48,75354800;2,22330500;
202300020486.0;5;65;65440;2;2;1.0;3.0;43,24445000;0,07334000;
202300020487.0;1;38;38053;2;1;1.0;6.0;45,60175000;5,26635000;
202300020488.0;2;92;92036;1;1;1.0;4.0;48,93391754;2,27790653;
202300020489.0;1;65;65286;2;1;1.0;6.0;43,10251000; -0,04345000;
202300020490.0;2;78;78321;1;1;1.0;2.0;48,79760000;1,91130000;
202300020491.0;3;95;95582;1;1;3.0;6.0;48,97440712;2,24318997;
202300020492.0;1;64;64445;2;6;1.0;3.0;43,31875000; -0,30739000;
202300020493.0;1;37;37122;2;1;2.0;2.0;47,34072015;0,66353354;
202300020494.0;3;95;95527;1;1;2.0;6.0;48,99210087;2,51284602;
202300020495.0;1;64;64102;2;1;2.0;6.0;43,49621000; -1,48534000;
202300020496.0;1;95;95306;1;1;1.0;2.0;49,00512685;2,16574480;
202300020497.0;1;37;37261;2;3;2.0;6.0;47,38769000;0,70311000;
202300020498.0;3;95;95527;1;1;1.0;2.0;48,99210087;2,51284602;
202300020499.0;1;37;37261;2;1;2.0;2.0;47,39595000;0,67716000;
202300020500.0;1;63;63070;1;1;2.0;2.0;45,73076000;3,06949000;
202300020501.0;1;93;93005;1;1;1.0;4.0;48,96199218;2,46989183;
202300020502.0;1;59;59090;1;1;1.0;6.0;50,71650000;3,13180000;
202300020503.0;1;93;93013;1;1;1.0;2.0;48,94156576;2,42856033;
202300020504.0;4;35;35150;1;1;2.0;6.0;48,36880000; -1,20210000;
202300020505.0;1;93;93027;1;1;8.0;3.0;48,92724936;2,41911829;
202300020506.0;2;57;57221;2;1;1.0;6.0;49,33330000;6,11670000;
202300020507.0;1;35;35115;2;2;8.0;1.0;48,35038367; -1,19539350;
202300020508.0;1;95;95351;1;1;1.0;6.0;49,04354240;2,47942176;
202300020509.0;2;56;56083;2;2;1.0;3.0;47,80235000; -3,28434000;
202300020510.0;3;93;93027;1;1;3.0;6.0;48,92672000;2,40249000;
202300020511.0;1;56;56121;2;1;7.0;3.0;47,74533000; -3,36957000;
202300020512.0;5;95;95572;1;1;1.0;6.0;49,03385084;2,11134575;
202300020513.0;1;93;93005;1;1;2.0;2.0;48,95286423;2,47371465;
202300020514.0;5;34;34172;2;1;1.0;2.0;43,60536000;3,90117000;
202300020515.0;1;56;56121;2;6;1.0;2.0;47,76416000; -3,38089000;
202300020516.0;3;95;95042;1;1;1.0;6.0;49,05685485;2,28809664;
202300020517.0;1;56;56098;2;1;1.0;6.0;47,76689400; -3,30904000;
202300020518.0;1;93;93064;1;1;3.0;4.0;48,88182000;2,47348000;
202300020519.0;1;54;54395;2;1;1.0;2.0;48,68974686;6,15914047;
202300020520.0;1;34;34172;2;1;8.0;2.0;43,58498000;3,85584000;
202300020521.0;1;92;92036;1;1;2.0;6.0;48,93701000;2,29203000;
202300020522.0;3;95;95582;1;1;3.0;3.0;48,96604990;2,25742944;
202300020523.0;1;54;54184;2;1;1.0;4.0;48,71597000;6,24144000;
202300020524.0;3;94;94073;1;1;2.0;7.0;48,77011469;2,38223272;
202300020525.0;1;34;34172;2;3;2.0;3.0;43,60322000;3,88798000;
202300020526.0;1;51;51454;2;2;1.0;3.0;49,25196300;4,05123200;
202300020527.0;1;94;94017;1;1;2.0;2.0;48,82689610;2,51289950;
202300020528.0;5;33;33281;2;1;2.0;6.0;44,82912000; -0,66371000;
202300020529.0;5;51;51454;2;2;1.0;3.0;49,24604000;4,04680000;
202300020530.0;1;77;77175;1;1;3.0;6.0;48,67223736;2,61132820;
202300020531.0;3;13;13005;2;1;1.0;6.0;43,28698000;5,53215000;
202300020532.0;1;49;49246;1;1;1.0;2.0;47,43619000; -0,50933000;
202300020533.0;1;974;97411;2;1;2.0;7.0; -20,88744000;55,44094000;
202300020534.0;1;49;49007;2;1;2.0;7.0;47,47054000; -0,56353000;
202300020535.0;1;974;97411;2;1;1.0;6.0; -20,90486000;55,46654000;
202300020536.0;1;33;33318;2;3;2.0;3.0;44,79044600; -0,65035790;
202300020537.0;1;46;46042;1;1;1.0;1.0;44,42776000;1,43591000;
202300020538.0;5;37;37233;2;9;1.0;3.0;47,39059000;0,73872000;
202300020539.0;5;69;69383;2;2;1.0;3.0;45,75702000;4,85471000;
202300020540.0;5;34;34172;2;1;1.0;3.0;43,60498000;3,86491000;
202300020541.0;1;45;45147;2;3;1.0;3.0;47,93102000;1,92752000;
202300020542.0;5;95;95555;2;6;8.0;6.0;48,97402000;2,27427000;
202300020543.0;1;34;34003;2;6;1.0;6.0;43,30883000;3,47681000;
202300020544.0;1;43;43041;2;1;2.0;7.0;45,05170519;3,92107343;
202300020545.0;1;91;91687;2;2;1.0;6.0;48,68400000;2,37700000;
202300020546.0;1;33;33318;2;2;1.0;3.0;44,81074000; -0,65038000;
202300020547.0;1;38;38516;2;3;2.0;3.0;45,20775000;5,74141000;
202300020548.0;1;83;83069;2;3;1.0;1.0;43,04286000;6,13981000;
202300020549.0;1;33;33119;2;1;1.0;4.0;44,86063000; -0,52947000;
202300020550.0;1;37;37214;2;1;1.0;6.0;47,42722000;0,65790000;
202300020551.0;3;78;78418;2;1;3.0;1.0;48,91144000;2,16158000;
202300020552.0;2;33;33063;2;3;1.0;3.0;44,83362000; -0,59088000;
202300020553.0;1;37;37122;2;1;1.0;3.0;47,34316277;0,63700211;
202300020554.0;1;64;64189;1;1;1.0;2.0;43,37331000; -1,64632000;
202300020555.0;2;31;31555;2;3;1.0;3.0;43,63567268;1,43320218;
202300020556.0;2;35;35238;2;1;1.0;3.0;48,12300000; -1,70753000;
202300020557.0;5;59;59352;1;1;9.0;7.0;50,73634000;3,06815000;
202300020558.0;1;30;30028;2;1;1.0;1.0;44,15500000;4,61260000;
202300020559.0;1;33;33162;2;1;6.0;6.0;44,87799000; -0,64417000;
202300020560.0;5;45;45004;2;6;2.0;6.0;47,98032300;2,72912200;
202300020561.0;1;28;28085;2;1;8.0;3.0;48,43666000;1,49240000;
202300020562.0;5;44;44109;2;1;2.0;6.0;47,20728000; -1,57251000;
202300020563.0;1;35;35238;2;1;1.0;4.0;48,12946541; -1,67936057;
202300020564.0;1;21;21231;2;8;1.0;6.0;47,30515700;5,02329600;
202300020565.0;1;37;37261;2;3;8.0;3.0;47,36833000;0,71032000;
202300020566.0;2;13;13213;2;1;9.0;2.0;43,32754312;5,40747336;
202300020567.0;5;33;33063;2;3;1.0;3.0;44,84341000; -0,57011000;
202300020568.0;1;09;09207;2;1;7.0;6.0;42,93374000;1,63385000;
202300020569.0;1;33;33119;2;2;2.0;3.0;44,85357000; -0,53189000;
202300020570.0;5;31;31555;2;1;1.0;6.0;43,60020000;1,45233000;
202300020571.0;2;33;33522;2;1;2.0;6.0;44,79784000; -0,58316000;