Num_Acc;lum;departement;commune;agglomeration;intersection;meteo;type_collision;lat;long;date
202300020572.0;1;06;06069;2;3;1.0;3.0;43,65644700;6,92271000;
202300020573.0;1;29;29232;2;6;1.0;3.0;48,00406000; -4,12158000;
202300020574.0;5;31;31555;2;1;2.0;3.0;43,62642000;1,43398000;
202300020575.0;2;06;06029;2;1;1.0;6.0;43,57404000;6,95953000;
202300020576.0;1;29;29019;2;3;1.0;6.0;48,38882000; -4,48690000;
202300020577.0;1;29;29051;1;1;2.0;6.0;48,02441000; -3,97883000;
202300020578.0;5;974;97409;2;1;3.0;3.0; -20,97345000;55,65637000;
202300020579.0;1;17;17028;2;6;1.0;6.0;46,13971000; -1,14523000;
202300020580.0;5;25;25056;2;2;1.0;3.0;47,25936800;6,02875200;
202300020581.0;1;974;97409;2;3;1.0;6.0; -20,94461000;55,68212000;
202300020582.0;1;29;29232;2;1;2.0;1.0;47,99907235; -4,13923895;
202300020583.0;1;973;97302;2;1;2.0;6.0;4,93696446; -52,33334720;
202300020584.0;1;25;25056;2;2;1.0;2.0;47,26251100;6,04019800;
202300020585.0;2;15;15014;2;1;1.0;6.0;44,91175000;2,44855000;
202300020586.0;1;13;13054;2;3;1.0;3.0;43,40523000;5,22300000;
202300020587.0;5;69;69387;2;1;1.0;4.0;45,73780000;4,82466000;
202300020588.0;1;13;13005;1;1;1.0;1.0;43,30685000;5,59229000;
202300020589.0;5;13;13054;2;3;1.0;3.0;43,41669000;5,20976000;
202300020590.0;5;69;69386;2;3;1.0;1.0;45,77262000;4,85657000;
202300020591.0;1;10;10362;1;1;1.0;7.0;48,28955000;3,99168000;
202300020592.0;1;972;97213;1;1;1.0;3.0;14,60362000; -61,00146000;
202300020593.0;3;13;13103;1;1;1.0;3.0;43,63041000;5,07946000;
202300020594.0;5;972;97209;2;4;2.0;3.0;14,60262000; -61,05670000;
202300020595.0;1;13;13203;2;1;1.0;1.0;43,31390000;5,37638000;
202300020596.0;5;10;10321;2;2;1.0;1.0;48,29146000;4,03410000;
202300020597.0;1;13;13205;2;1;1.0;3.0;43,29035000;5,39996000;
202300020598.0;5;13;13212;2;1;1.0;1.0;43,30847000;5,47566000;
202300020599.0;5;69;69389;2;2;1.0;3.0;45,77005000;4,80455000;
202300020600.0;1;10;10265;2;9;1.0;6.0;48,30653000;4,04102000;
202300020601.0;1;06;06069;2;6;1.0;3.0;43,64975000;6,93162000;
202300020602.0;1;06;06069;2;1;1.0;6.0;43,65394000;6,94419000;
202300020603.0;5;25;25056;2;9;2.0;3.0;47,23793900;6,03251900;
202300020604.0;1;05;05061;2;9;8.0;6.0;44,56837000;6,09902000;
202300020605.0;5;69;69202;2;1;1.0;6.0;45,73788000;4,80558000;
202300020606.0;1;04;04070;2;6;1.0;6.0;44,07702000;6,18697000;
202300020607.0;1;06;06083;2;1;1.0;2.0;43,78599000;7,49443000;
202300020608.0;2;01;01283;2;1;1.0;6.0;46,25861700;5,66148000;
202300020609.0;1;971;97101;1;1;1.0;6.0;16,25152850; -61,51585758;
202300020610.0;5;75;75116;2;1;1.0;3.0;48,84972300;2,25220500;
202300020611.0;5;75;75120;2;2;2.0;3.0;48,85474500;2,39752200;
202300020612.0;1;05;05061;2;6;1.0;2.0;44,56595000;6,08741000;
202300020613.0;5;75;75108;2;7;2.0;5.0;48,86928300;2,30918500;
202300020614.0;1;971;97113;1;1;1.0;1.0;16,20906000; -61,44732000;
202300020615.0;1;75;75115;2;3;1.0;3.0;48,83889600;2,29763300;
202300020616.0;1;04;04070;1;1;1.0;7.0;44,10740000;6,25862000;
202300020617.0;5;75;75112;2;1;1.0;6.0;48,84654900;2,40030800;
202300020618.0;5;95;95572;2;1;1.0;3.0;49,04524100;2,10763800;
202300020619.0;1;75;75112;2;1;1.0;2.0;48,83768061;2,42555916;
202300020620.0;1;75;75117;2;1;2.0;5.0;48,89736000;2,31243100;
202300020621.0;5;75;75107;2;7;2.0;7.0;48,85085900;2,31434900;
202300020622.0;1;91;91286;2;2;1.0;5.0;48,64800000;2,37500000;
202300020623.0;1;75;75112;2;1;2.0;4.0;48,83134400;2,40407800;
202300020624.0;5;94;94074;2;1;2.0;2.0;48,76451500;2,44191400;
202300020625.0;1;91;91479;2;1;1.0;2.0;48,70859000;2,37135000;
202300020626.0;1;75;75116;2;1;2.0;3.0;48,84976300;2,25240600;
202300020627.0;1;94;94077;2;2;1.0;1.0;48,74255779;2,42224717;
202300020628.0;3;91;91223;2;1;1.0;1.0;48,44763000;2,13855000;
202300020629.0;1;75;75120;2;1;1.0;4.0;48,87252600;2,41267600;
202300020630.0;5;69;69266;2;1;1.0;3.0;45,76049000;4,90496000;
202300020631.0;5;94;94018;2;4;2.0;3.0;48,82099318;2,40117386;
202300020632.0;5;75;75120;2;2;1.0;3.0;48,87307300;2,41337400;
202300020633.0;2;93;93066;2;4;1.0;6.0;48,94319200;2,35271700;
202300020634.0;5;69;69264;2;2;1.0;3.0;45,98906000;4,70854000;
202300020635.0;1;75;75120;2;2;1.0;6.0;48,85375300;2,41203500;
202300020636.0;1;62;62617;2;1;1.0;3.0;50,46730000;2,67550000;
202300020637.0;1;93;93077;2;1;1.0;4.0;48,88194000;2,49460000;
202300020638.0;5;75;75120;2;3;1.0;1.0;48,85397900;2,40572900;
202300020639.0;1;60;60057;2;6;1.0;3.0;49,43392000;2,06204000;
202300020640.0;1;75;75113;2;3;1.0;3.0;48,81681700;2,34411600;
202300020641.0;5;93;93008;2;3;2.0;7.0;48,90900000;2,44967000;
202300020642.0;1;59;59350;2;2;1.0;5.0;50,62386200;3,04317500;
202300020643.0;1;92;92047;2;1;1.0;6.0;48,83825460;2,18255746;
202300020644.0;1;75;75110;2;4;8.0;3.0;48,88193600;2,37005300;
202300020645.0;1;59;59560;2;3;1.0;6.0;50,54746987;3,03302318;
202300020646.0;1;92;92026;2;9;1.0;3.0;48,89997891;2,23986968;
202300020647.0;1;75;75103;2;2;1.0;1.0;48,86375000;2,35488400;
202300020648.0;5;59;59122;2;1;1.0;6.0;50,15394179;3,22206330;
202300020649.0;2;94;94038;2;1;8.0;6.0;48,77685000;2,32686000;
202300020650.0;1;93;93053;1;1;8.0;2.0;48,89707199;2,46965129;
202300020651.0;5;50;50502;2;1;2.0;3.0;49,12007000; -1,09515000;
202300020652.0;1;92;92026;2;3;1.0;3.0;48,89364719;2,24850789;
202300020653.0;1;94;94033;2;1;8.0;3.0;48,85911400;2,47768800;
202300020654.0;5;49;49007;2;2;1.0;3.0;47,45946000; -0,56026000;
202300020655.0;5;92;92023;2;1;2.0;7.0;48,78554097;2,25397021;
202300020656.0;2;94;94028;2;2;8.0;3.0;48,79638000;2,45777000;
202300020657.0;5;47;47001;2;3;1.0;6.0;44,20796000;0,62081000;
202300020658.0;1;92;92002;2;3;1.0;3.0;48,73370000;2,31439000;
202300020659.0;1;94;94019;2;1;1.0;6.0;48,80212966;2,52458324;
202300020660.0;5;45;45232;2;9;1.0;6.0;47,87003200;1,88882400;
202300020661.0;1;94;94071;2;6;1.0;3.0;48,76111000;2,54905000;
202300020662.0;1;58;58227;2;1;1.0;4.0;47,53404100;3,07449800;
202300020663.0;1;42;42218;2;3;2.0;1.0;45,43903000;4,37930000;
202300020664.0;1;95;95572;1;1;1.0;5.0;49,04532040;2,12995684;
202300020665.0;3;89;89411;1;1;2.0;6.0;48,20820200;3,47515600;
202300020666.0;1;93;93064;2;1;1.0;3.0;48,87500700;2,47838800;
202300020667.0;1;93;93010;1;1;2.0;7.0;48,90270000;2,47078000;
202300020668.0;1;34;34175;1;1;1.0;7.0;43,60663900;3,37331800;
202300020669.0;3;41;41018;2;1;1.0;7.0;47,58000000;1,32500000;
202300020670.0;1;93;93066;2;9;1.0;6.0;48,94509048;2,34213098;
202300020671.0;1;41;41067;2;6;2.0;6.0;47,51727300;1,45038800;
202300020672.0;3;39;39452;2;3;1.0;6.0;47,14433100;5,72628900;
202300020673.0;5;37;37214;2;2;8.0;3.0;47,40514000;0,67262000;
202300020674.0;5;93;93013;2;2;1.0;6.0;48,93473000;2,42615000;
202300020675.0;1;44;44038;1;1;2.0;7.0;47,15818400; -2,03460000;
202300020676.0;3;35;35238;1;1;1.0;6.0;48,08525000; -1,69918000;
202300020677.0;1;29;29008;1;1;1.0;7.0;48,06712500; -4,56112900;
202300020678.0;1;93;93014;2;2;2.0;6.0;48,89927000;2,54670000;
202300020679.0;1;974;97416;2;1;1.0;6.0; -21,28590000;55,46950000;
202300020680.0;1;35;35115;2;6;1.0;3.0;48,36736830; -1,20870262;
202300020681.0;1;92;92050;2;1;1.0;3.0;48,89780571;2,19210997;
202300020682.0;1;06;06085;2;2;6.0;3.0;43,61352500;6,99895500;
202300020683.0;1;92;92050;2;1;1.0;6.0;48,89936062;2,22183287;
202300020684.0;5;31;31555;1;1;1.0;1.0;43,64737000;1,41821000;
202300020685.0;5;83;83081;2;1;1.0;7.0;43,59955400;6,78488400;
202300020686.0;1;22;22360;1;1;1.0;6.0;48,46638000; -2,77772000;
202300020687.0;1;92;92050;2;1;1.0;3.0;48,89679592;2,22939402;
202300020688.0;1;974;97411;2;1;1.0;5.0; -20,89185000;55,46733000;
202300020689.0;1;17;17306;2;1;1.0;6.0;45,63776000; -1,02854900;
202300020690.0;1;92;92040;2;1;1.0;3.0;48,82999316;2,26012874;
202300020691.0;3;81;81131;1;2;1.0;3.0;43,89283500;2,00050840;
202300020692.0;1;974;97411;2;9;1.0;2.0; -20,88836000;55,44524000;
202300020693.0;1;92;92025;2;2;1.0;6.0;48,91452777;2,22919106;
202300020694.0;1;15;15014;2;1;1.0;6.0;44,91439000;2,44085000;
202300020695.0;2;33;33042;1;1;1.0;2.0;44,52502800; -0,80492000;
202300020696.0;1;92;92024;2;1;8.0;2.0;48,90463000;2,31293000;
202300020697.0;5;13;13211;2;1;1.0;6.0;43,29017000;5,44159703;
202300020698.0;3;62;62235;1;1;1.0;1.0;50,65381876;1,64606394;
202300020699.0;1;92;92004;2;3;1.0;2.0;48,91757422;2,28579104;
202300020700.0;1;974;97407;2;2;1.0;3.0; -20,93760000;55,29060000;
202300020701.0;1;13;13001;1;1;1.0;4.0;43,51633118;5,42813151;
202300020702.0;1;13;13203;2;2;1.0;3.0;43,30903580;5,37842167;
202300020703.0;1;92;92004;2;1;1.0;6.0;48,91318046;2,30725855;
202300020704.0;1;13;13071;1;1;1.0;6.0;43,40440000;5,31605000;
202300020705.0;1;75;75108;2;2;1.0;3.0;48,87521800;2,29848600;
202300020706.0;5;974;97407;2;1;1.0;6.0; -20,93595000;55,29558000;
202300020707.0;1;76;76281;1;2;1.0;3.0;49,52495400;0,58190000;
202300020708.0;1;13;13071;1;1;1.0;4.0;43,41289100;5,28142200;
202300020709.0;5;75;75118;2;2;1.0;2.0;48,89866300;2,37039800;
202300020710.0;1;65;65139;2;1;1.0;6.0;42,95744700;0,57930400;
202300020711.0;5;69;69386;2;2;2.0;6.0;45,77232000;4,84311000;
202300020712.0;1;13;13216;1;1;1.0;2.0;43,36626000;5,33185000;
202300020713.0;5;75;75117;2;2;1.0;6.0;48,88212000;2,32045200;
202300020714.0;3;17;17131;2;2;1.0;3.0;45,58357900; -0,83669900;
202300020715.0;1;67;67482;1;1;1.0;2.0;48,58585000;7,72204000;
202300020716.0;5;75;75108;2;1;1.0;2.0;48,87325600;2,30563500;
202300020717.0;1;84;84069;2;1;1.0;3.0;44,17053900;5,12668800;
202300020718.0;1;75;75115;2;3;8.0;6.0;48,83991800;2,30251300;
202300020719.0;1;33;33167;1;1;1.0;5.0;44,83714600; -0,50053200;
202300020720.0;5;69;69386;2;1;2.0;6.0;45,76745000;4,84131000;
202300020721.0;1;83;83148;2;1;1.0;6.0;43,42727000;6,43156200;
202300020722.0;1;75;75114;2;2;2.0;3.0;48,82780508;2,30523258;
202300020723.0;1;19;19250;1;1;1.0;6.0;45,50746087;1,51370660;
202300020724.0;1;91;91363;1;1;1.0;7.0;48,64500000;2,19448000;
202300020725.0;1;972;97213;1;1;1.0;6.0;14,63209000; -60,96454000;
202300020726.0;1;75;75113;2;3;1.0;2.0;48,82297372;2,37781852;
202300020727.0;1;65;65010;1;1;1.0;7.0;43,19727700;0,15456000;
202300020728.0;3;91;91570;1;1;1.0;6.0;48,62556000;2,31474000;
202300020729.0;5;75;75112;2;5;1.0;2.0;48,82799931;2,39009231;
202300020730.0;3;91;91235;1;1;2.0;1.0;48,62540000;2,35359000;
202300020731.0;1;30;30299;1;3;1.0;1.0;44,02333400;4,46167200;
202300020732.0;5;75;75110;2;2;1.0;6.0;48,87532200;2,35093500;
202300020733.0;5;69;69385;2;2;1.0;3.0;45,75443836;4,78234248;
202300020734.0;5;34;34270;2;1;1.0;6.0;43,55976000;3,83981800;
202300020735.0;3;94;94021;1;1;1.0;2.0;48,76366514;2,34209856;
202300020736.0;5;75;75104;2;3;1.0;6.0;48,85727100;2,35736600;
202300020737.0;1;61;61400;1;1;5.0;6.0;48,52921600;0,15967700;
202300020738.0;3;91;91689;1;1;2.0;4.0;48,73884100;2,31958800;
202300020739.0;5;75;75112;2;2;1.0;3.0;48,83497651;2,41978884;
202300020740.0;1;56;56032;1;3;1.0;3.0;47,96202700; -2,26803600;
202300020741.0;5;94;94074;2;1;1.0;2.0;48,76819604;2,44083522;
202300020742.0;1;79;79133;1;1;1.0;7.0;46,47179600; -0,43033000;
202300020743.0;1;91;91689;1;1;2.0;4.0;48,73253000;2,31578000;
202300020744.0;5;2B;2B033;2;1;1.0;4.0;42,67194000;9,44358000;
202300020745.0;1;94;94065;1;1;1.0;3.0;48,74919633;2,35700810;
202300020746.0;5;94;94037;2;2;1.0;3.0;48,81678700;2,34863500;
202300020747.0;1;65;65108;1;3;7.0;3.0;43,29026400;0,09403800;
202300020748.0;1;94;94073;2;3;2.0;7.0;48,76560500;2,39655500;
202300020749.0;1;78;78545;1;1;1.0;2.0;48,81531000;2,06172000;
202300020750.0;1;971;97120;2;1;1.0;6.0;16,24166000; -61,53804000;
202300020751.0;1;81;81120;1;3;1.0;3.0;43,52102600;2,30012300;
202300020752.0;1;93;93055;2;3;1.0;3.0;48,89346000;2,41122000;
202300020753.0;1;78;78158;1;1;2.0;2.0;48,83985300;2,11632300;
202300020754.0;1;71;71310;1;1;1.0;2.0;46,74718601;4,49083853;
202300020755.0;3;92;92050;1;1;2.0;3.0;48,89249510;2,18633917;
202300020756.0;1;93;93048;2;3;8.0;3.0;48,86144979;2,45610550;
202300020757.0;1;95;95210;2;3;1.0;1.0;48,97486000;2,30447000;
202300020758.0;3;71;71050;1;2;1.0;2.0;46,36286300;4,62669800;
202300020759.0;1;92;92050;1;1;1.0;3.0;48,91454622;2,21938482;
202300020760.0;1;93;93010;2;1;1.0;4.0;48,90570600;2,47748500;
202300020761.0;1;89;89100;1;1;1.0;2.0;48,18836600;2,99081300;
202300020762.0;5;92;92046;2;1;1.0;7.0;48,81327000;2,29043000;
202300020763.0;1;78;78640;1;1;3.0;3.0;48,78168400;2,16636000;
202300020764.0;1;63;63430;2;1;1.0;6.0;45,84679400;3,52781400;
202300020765.0;5;92;92064;2;3;1.0;6.0;48,85331500;2,21588000;
202300020766.0;1;61;61075;1;1;1.0;7.0;48,51059400; -0,61209300;
202300020767.0;3;95;95018;2;1;2.0;6.0;48,94718707;2,25654781;
202300020768.0;5;93;93066;1;1;2.0;2.0;48,90491893;2,35845923;
202300020769.0;1;12;12120;2;3;1.0;6.0;44,38327000;2,82199000;
202300020770.0;1;93;93063;1;1;2.0;4.0;48,87911188;2,44890332;
202300020771.0;1;02;02307;1;3;1.0;3.0;49,18626500;3,12142100;
202300020772.0;5;87;87050;2;2;2.0;6.0;45,88345314;1,24332297;
202300020773.0;5;92;92051;2;2;1.0;2.0;48,88433191;2,27819699;
202300020774.0;1;75;75112;1;1;1.0;3.0;48,82258700;2,46284900;
202300020775.0;1;02;02602;2;3;1.0;1.0;49,48391000;3,45218600;
202300020776.0;5;92;92062;2;2;1.0;3.0;48,89097000;2,23953400;
202300020777.0;5;87;87085;2;3;1.0;2.0;45,84726000;1,25860000;
202300020778.0;3;94;94044;1;1;2.0;6.0;48,75800930;2,47075818;
202300020779.0;1;01;01294;1;1;1.0;6.0;45,68357400;5,68645500;
202300020780.0;5;92;92004;2;1;1.0;2.0;48,91716959;2,31958240;
202300020781.0;3;26;26261;1;1;1.0;7.0;44,43276300;4,84925200;
202300020782.0;3;77;77146;1;9;1.0;2.0;48,83097823;2,63889488;
202300020783.0;5;92;92004;2;1;1.0;3.0;48,92329314;2,27599946;
202300020784.0;1;58;58021;1;1;1.0;7.0;46,76808700;3,21689100;
202300020785.0;1;95;95052;2;1;1.0;6.0;49,14448700;2,29485300;
202300020786.0;1;27;27174;1;1;1.0;7.0;49,34950600;0,60154400;
202300020787.0;1;95;95052;2;1;1.0;6.0;49,14212100;2,28829600;
202300020788.0;3;88;88334;1;1;1.0;6.0;48,33716800;6,00690900;
202300020789.0;3;77;77296;1;1;8.0;4.0;48,63126055;2,62880408;
202300020790.0;2;07;07153;1;1;1.0;7.0;44,67393300;4,09073400;
202300020791.0;5;87;87085;2;2;1.0;3.0;45,81860000;1,25190000;
202300020792.0;1;69;69286;2;1;1.0;6.0;45,81652000;4,88924000;
202300020793.0;1;78;78356;2;9;1.0;6.0;48,72453700;2,08290200;
202300020794.0;1;31;31285;1;1;1.0;5.0;43,64831500;1,57546000;
202300020795.0;1;38;38151;2;1;1.0;6.0;45,15441000;5,71835000;
202300020796.0;1;78;78406;2;4;1.0;6.0;48,72518800;2,04887000;
202300020797.0;1;87;87085;2;2;1.0;6.0;45,83566000;1,25265000;
202300020798.0;1;83;83036;2;1;1.0;6.0;43,17393000;6,52780500;
202300020799.0;1;31;31031;1;1;1.0;7.0;43,09784900;0,57661100;
202300020800.0;1;34;34172;2;1;1.0;6.0;43,62630000;3,88427000;
202300020801.0;3;22;22093;1;1;1.0;2.0;48,46048000; -2,53701000;
202300020802.0;1;35;35353;1;6;1.0;6.0;48,12115444; -1,77458435;
202300020803.0;1;87;87085;2;6;1.0;2.0;45,82757000;1,22676000;
202300020804.0;1;59;59553;2;1;1.0;6.0;50,59944000;2,96160900;
202300020805.0;5;50;50129;2;3;3.0;6.0;49,64377000; -1,62591000;
202300020806.0;1;973;97309;2;1;1.0;1.0;4,89611800; -52,27389300;
202300020807.0;1;85;85194;2;1;1.0;6.0;46,53496100; -1,77210100;
202300020808.0;1;30;30278;2;3;1.0;3.0;44,05845600;4,71123600;
202300020809.0;5;988;98818;2;1;1.0;7.0; -22,26589000;166,41658000;
202300020810.0;1;2B;2B150;1;1;1.0;7.0;42,58862400;8,83049200;
202300020811.0;1;69;69044;2;3;1.0;1.0;45,78958900;4,74418400;
202300020812.0;1;973;97302;2;1;1.0;7.0;4,92905000; -52,29528000;
202300020813.0;2;84;84087;1;1;1.0;1.0;44,14609000;4,84059000;
202300020814.0;1;65;65235;1;1;1.0;2.0;43,19617200;0,00866700;
202300020815.0;1;973;97309;2;3;1.0;2.0;4,91519000; -52,31075000;
202300020816.0;3;06;06088;1;1;1.0;3.0;43,73363100;7,28687000;
202300020817.0;3;11;11009;1;1;1.0;1.0;43,24078300;2,17562600;
202300020818.0;5;79;79191;2;1;2.0;6.0;46,30973000; -0,44766000;
202300020819.0;1;69;69149;2;1;1.0;6.0;45,72033000;4,81115000;
202300020820.0;1;27;27701;1;1;1.0;1.0;49,23002800;1,18276800;
202300020821.0;3;61;61168;1;1;1.0;6.0;48,60863900; -0,35983100;
202300020822.0;1;971;97113;1;1;1.0;7.0;16,20750937; -61,45672560;
202300020823.0;1;78;78621;2;1;8.0;6.0;48,78627000;1,97966000;
202300020824.0;3;02;02420;2;1;1.0;6.0;49,90002500;3,31761900;
202300020825.0;1;27;27107;1;1;1.0;2.0;49,38952100;0,59948400;
202300020826.0;1;72;72223;1;1;1.0;6.0;47,88404600; -0,06907200;
202300020827.0;1;77;77284;2;1;2.0;6.0;48,95950000;2,89416000;
202300020828.0;5;2A;2A004;2;9;8.0;1.0;41,92583136;8,73820961;
202300020829.0;1;971;97129;1;1;1.0;3.0;16,29709400; -61,67089500;
202300020830.0;1;60;60509;2;1;1.0;6.0;49,30717200;2,59039700;
202300020831.0;1;87;87109;1;1;8.0;6.0;46,22478900;1,00712100;
202300020832.0;5;76;76540;2;3;1.0;3.0;49,43226373;1,08436346;
202300020833.0;5;91;91223;2;3;1.0;3.0;48,43400000;2,17087000;
202300020834.0;1;37;37156;2;1;1.0;6.0;47,39107200;0,84416600;
202300020835.0;3;77;77142;1;1;2.0;6.0;48,85220700;2,93216900;
202300020836.0;5;76;76351;2;1;2.0;3.0;49,48754000;0,15064000;
202300020837.0;3;30;30062;1;1;1.0;6.0;43,78046000;4,19710500;
202300020838.0;1;77;77100;2;1;1.0;6.0;48,50444100;2,79243000;
202300020839.0;5;88;88413;1;1;1.0;7.0;48,29306000;6,92993000;
202300020840.0;2;30;30050;1;1;1.0;1.0;43,92745200;4,04908400;
202300020841.0;3;81;81004;2;1;2.0;6.0;43,92056000;2,13990000;
202300020842.0;1;76;76351;2;6;1.0;3.0;49,48537000;0,13673000;
202300020843.0;1;95;95489;1;1;1.0;3.0;49,01884249;2,35046536;
202300020844.0;1;80;80349;1;1;1.0;3.0;49,70738600;2,23822800;
202300020845.0;3;2B;2B290;1;1;1.0;7.0;42,56037300;8,96945400;
202300020846.0;1;66;66213;2;1;1.0;6.0;42,66694300;2,83229100;
202300020847.0;5;76;76545;2;6;1.0;2.0;49,91406000;1,09245000;
202300020848.0;1;31;31220;1;1;1.0;2.0;43,28257900;1,67464300;
202300020849.0;1;66;66164;1;1;1.0;5.0;42,75996300;2,85378500;
202300020850.0;1;72;72181;2;1;1.0;6.0;47,98413000;0,18127000;
202300020851.0;5;78;78403;2;1;2.0;6.0;48,99476400;1,87075300;
202300020852.0;3;11;11397;1;1;2.0;7.0;43,20336900;2,47078700;
202300020853.0;1;06;06004;1;1;1.0;2.0;43,60416500;7,06724000;
202300020854.0;5;72;72181;2;9;1.0;3.0;47,98137000;0,22106000;
202300020855.0;2;77;77394;1;1;1.0;3.0;48,55535000;2,67230000;
202300020856.0;2;84;84147;1;4;1.0;6.0;43,72708400;5,44249200;
202300020857.0;1;06;06088;1;1;1.0;4.0;43,71995700;7,21527700;
202300020858.0;1;13;13007;1;1;1.0;6.0;43,37606000;5,67629500;
202300020859.0;1;77;77268;2;1;1.0;6.0;48,87373000;2,80977000;
202300020860.0;2;69;69290;2;2;2.0;6.0;45,69428000;4,94114000;
202300020861.0;4;34;34172;1;1;1.0;3.0;43,59027300;3,89828300;
202300020862.0;1;88;88169;1;1;1.0;6.0;48,19069600;6,68198300;
202300020863.0;4;69;69266;2;1;2.0;6.0;45,78718000;4,87895000;
202300020864.0;1;69;69077;1;1;1.0;2.0;46,16098800;4,77081300;
202300020865.0;1;67;67482;2;3;1.0;3.0;48,55794000;7,74855000;
202300020866.0;5;64;64483;2;9;3.0;7.0;43,39169000; -1,65488000;
202300020867.0;1;987;98722;1;1;2.0;1.0; -17,59200000; -149,39100000;
202300020868.0;1;64;64102;2;1;2.0;7.0;43,49943000; -1,48959000;
202300020869.0;3;38;38190;2;1;1.0;7.0;45,80125100;5,28388700;
202300020870.0;5;66;66136;2;1;1.0;3.0;42,70000000;2,88700000;
202300020871.0;1;987;98733;2;1;1.0;1.0; -17,74247400; -149,57091800;
202300020872.0;1;38;38158;2;1;2.0;1.0;45,15501800;5,75290400;
202300020873.0;5;59;59350;2;5;2.0;3.0;50,62915000;3,04323000;
202300020874.0;5;64;64445;2;9;2.0;2.0;43,29714000; -0,38726000;
202300020875.0;3;971;97118;1;1;1.0;4.0;16,19076700; -61,60744400;
202300020876.0;1;26;26220;2;6;1.0;3.0;44,34977800;5,11665200;
202300020877.0;1;58;58194;2;2;6.0;3.0;46,99357600;3,16623500;
202300020878.0;1;84;84078;1;1;1.0;2.0;44,25801000;4,70649400;
202300020879.0;5;64;64335;2;9;2.0;1.0;43,32711000; -0,43995000;
202300020880.0;1;69;69160;1;1;1.0;1.0;46,16475600;4,44785400;
202300020881.0;1;13;13092;2;2;1.0;7.0;43,55071400;5,03925400;
202300020882.0;5;57;57660;2;1;8.0;2.0;49,19629500;6,92532700;
202300020883.0;1;64;64122;2;1;2.0;3.0;43,48239000; -1,56692000;
202300020884.0;1;55;55351;2;1;2.0;6.0;49,52182700;5,36738500;
202300020885.0;2;33;33422;1;1;1.0;5.0;44,81945700; -0,75417300;
202300020886.0;1;07;07169;1;1;1.0;1.0;45,17145600;4,77475000;
202300020887.0;1;64;64102;2;1;2.0;2.0;43,48807000; -1,48172000;
202300020888.0;1;59;59659;2;1;1.0;6.0;50,01559200;4,00423200;
202300020889.0;1;40;40184;2;1;1.0;7.0;44,20392800; -1,22565700;
202300020890.0;1;59;59320;1;1;1.0;7.0;50,57150400;2,81458100;
202300020891.0;5;64;64102;2;3;2.0;3.0;43,48045000; -1,50058000;
202300020892.0;1;72;72084;1;9;8.0;2.0;47,71307500; -0,03199300;
202300020893.0;1;49;49023;1;1;1.0;6.0;47,15874600; -1,07442900;
202300020894.0;3;13;13211;1;1;1.0;3.0;43,29158300;5,48329400;
202300020895.0;1;63;63032;2;3;1.0;3.0;45,75838000;3,10023000;
202300020896.0;2;27;27008;1;1;1.0;5.0;49,31454800;1,16822000;
202300020897.0;3;33;33192;1;1;1.0;2.0;44,78568316; -0,59436411;
202300020898.0;5;59;59392;2;1;2.0;6.0;50,26970800;3,95121373;
202300020899.0;1;60;60446;1;1;1.0;6.0;49,14788900;2,82202700;
202300020900.0;1;33;33550;1;1;1.0;4.0;44,78212700; -0,58445400;
202300020901.0;2;60;60213;1;1;2.0;7.0;49,12615472;2,72801578;
202300020902.0;2;59;59368;2;2;2.0;6.0;50,65773700;3,07383700;
202300020903.0;3;60;60204;1;1;2.0;1.0;49,64249500;2,89763200;
202300020904.0;1;33;33013;1;1;2.0;5.0;44,86816811; -0,50439745;
202300020905.0;1;57;57283;2;6;2.0;1.0;49,25202000;6,15201000;
202300020906.0;1;60;60491;1;1;8.0;7.0;49,33390400;2,99188600;
202300020907.0;3;33;33039;1;1;1.0;7.0;44,79476000; -0,53952000;
202300020908.0;1;59;59173;1;1;1.0;3.0;50,72470200;2,97866600;
202300020909.0;1;56;56162;2;1;1.0;3.0;47,74160000; -3,40500000;
202300020910.0;1;13;13056;1;1;1.0;2.0;43,39966000;5,09546000;
202300020911.0;1;91;91573;1;1;1.0;2.0;48,63126000;2,51817000;
202300020912.0;1;55;55545;2;1;1.0;1.0;49,16328000;5,37280000;
202300020913.0;1;91;91161;1;1;1.0;2.0;48,71199000;2,30795000;
202300020914.0;1;13;13088;1;1;1.0;2.0;43,38718991;5,24247855;
202300020915.0;3;69;69294;1;1;1.0;3.0;45,63756000;4,82314000;
202300020916.0;3;55;55545;1;1;1.0;1.0;49,15172000;5,39714000;
202300020917.0;2;91;91286;1;1;8.0;3.0;48,64970000;2,38460000;
202300020918.0;1;54;54099;2;3;2.0;7.0;49,24817000;5,94139000;
202300020919.0;3;59;59203;1;1;1.0;6.0;50,34508344;3,30210003;
202300020920.0;3;91;91645;1;1;2.0;6.0;48,76108000;2,22643000;