Num_Acc;lum;departement;commune;agglomeration;intersection;meteo;type_collision;lat;long;date
202300020921.0;3;59;59143;1;1;3.0;6.0;50,66457000;2,88541000;
202300020922.0;5;92;92063;1;1;1.0;6.0;48,87336976;2,15727103;
202300020923.0;1;51;51454;2;6;2.0;3.0;49,26926000;4,07052000;
202300020924.0;3;93;93027;1;1;2.0;7.0;48,92648671;2,40257539;
202300020925.0;1;49;49007;2;1;1.0;3.0;47,47468000; -0,56401000;
202300020926.0;3;91;91471;1;1;1.0;4.0;48,71372000;2,17735000;
202300020927.0;1;95;95394;1;1;2.0;2.0;49,05282000;2,17768800;
202300020928.0;5;45;45234;2;1;2.0;6.0;47,83228000;1,92064000;
202300020929.0;1;91;91549;1;1;1.0;4.0;48,62500000;2,33700000;
202300020930.0;1;94;94011;1;9;1.0;2.0;48,76302008;2,49548877;
202300020931.0;1;91;91687;1;1;1.0;7.0;48,66270800;2,36787000;
202300020932.0;1;45;45286;2;3;1.0;4.0;47,89301600;1,91646900;
202300020933.0;1;94;94022;1;1;1.0;2.0;48,77338115;2,40113955;
202300020934.0;3;78;78090;1;1;1.0;2.0;48,97042600;1,90523500;
202300020935.0;1;43;43162;1;1;1.0;7.0;45,19697000;4,04242200;
202300020936.0;1;92;92047;1;1;8.0;3.0;48,83397544;2,16646875;
202300020937.0;2;45;45004;2;2;2.0;3.0;47,97274000;2,74975000;
202300020938.0;1;75;75119;2;1;8.0;6.0;48,89862400;2,39333600;
202300020939.0;1;43;43130;1;4;1.0;2.0;45,04648100;4,19629500;
202300020940.0;1;44;44109;2;1;8.0;6.0;47,22532000; -1,53088000;
202300020941.0;5;75;75105;2;2;1.0;3.0;48,83970800;2,35660800;
202300020942.0;5;26;26198;2;1;1.0;3.0;44,55900000;4,73000000;
202300020943.0;5;43;43046;2;1;1.0;6.0;45,05460000;3,89933000;
202300020944.0;5;75;75120;2;1;1.0;3.0;48,87404000;2,40810600;
202300020945.0;1;22;22278;2;1;1.0;2.0;48,50403000; -2,74108000;
202300020946.0;5;75;75117;2;3;1.0;3.0;48,89110600;2,31800000;
202300020947.0;1;43;43157;2;2;1.0;3.0;45,04832000;3,89298000;
202300020948.0;2;88;88465;2;1;1.0;1.0;48,26649800;6,40380600;
202300020949.0;5;75;75117;2;3;1.0;3.0;48,89025700;2,30458900;
202300020950.0;1;42;42218;1;1;1.0;6.0;45,41576549;4,41073012;
202300020951.0;1;976;97611;2;1;1.0;6.0; -12,77081000;45,22396000;
202300020952.0;5;75;75112;2;1;1.0;2.0;48,83280700;2,38319400;
202300020953.0;1;976;97611;2;1;1.0;3.0; -12,78827200;45,22358120;
202300020954.0;1;94;94028;2;2;1.0;3.0;48,79363000;2,46094000;
202300020955.0;1;974;97416;1;3;7.0;3.0; -21,28382000;55,46626000;
202300020956.0;2;38;38185;1;1;2.0;4.0;45,18795000;5,70275000;
202300020957.0;5;974;97409;2;1;1.0;3.0; -20,95269000;55,66247000;
202300020958.0;5;94;94077;2;1;1.0;1.0;48,72823800;2,43388500;
202300020959.0;1;974;97407;2;1;1.0;3.0; -20,93873000;55,30790000;
202300020960.0;5;93;93073;2;6;1.0;6.0;48,98408407;2,52582559;
202300020961.0;1;37;37261;2;6;1.0;3.0;47,37472000;0,71632000;
202300020962.0;5;974;97407;2;9;1.0;6.0; -20,95413000;55,30868000;
202300020963.0;5;93;93062;2;1;1.0;1.0;48,88985000;2,51546000;
202300020964.0;1;973;97302;2;1;1.0;4.0;4,94445000; -52,31010000;
202300020965.0;5;35;35238;2;2;1.0;2.0;48,09952000; -1,67517000;
202300020966.0;1;93;93057;2;1;1.0;2.0;48,91032200;2,50978100;
202300020967.0;1;973;97302;2;9;1.0;6.0;4,93606000; -52,31336000;
202300020968.0;5;92;92048;2;9;1.0;7.0;48,82017000;2,24264000;
202300020969.0;5;35;35238;2;1;2.0;6.0;48,10987000; -1,69282000;
202300020970.0;5;973;97302;2;1;1.0;3.0;4,93108000; -52,30595000;
202300020971.0;1;35;35051;1;1;1.0;4.0;48,10720000; -1,59815000;
202300020972.0;2;60;60275;1;3;8.0;2.0;49,49574900;1,90357500;
202300020973.0;1;69;69386;2;2;1.0;3.0;45,77126000;4,85005000;
202300020974.0;1;08;08314;2;3;2.0;6.0;49,40984800;4,30723600;
202300020975.0;2;35;35238;2;3;2.0;6.0;48,09375600; -1,66721000;
202300020976.0;1;69;69383;2;1;1.0;1.0;45,75271000;4,88818000;
202300020977.0;3;40;40004;1;1;2.0;7.0;43,65718400; -1,34370100;
202300020978.0;1;69;69387;1;1;1.0;4.0;45,75229000;4,83723000;
202300020979.0;1;28;28123;1;1;1.0;6.0;48,23944700;1,08071300;
202300020980.0;3;35;35238;1;1;1.0;5.0;48,08183900; -1,64819800;
202300020981.0;1;972;97209;2;1;1.0;7.0;14,62903000; -61,05591000;
202300020982.0;3;01;01427;2;3;1.0;6.0;45,94021700;4,77225100;
202300020983.0;3;38;38337;1;1;9.0;6.0;45,36589600;5,48661900;
202300020984.0;1;972;97209;2;1;1.0;3.0;14,60586000; -61,07525000;
202300020985.0;5;34;34172;2;2;1.0;3.0;43,60509000;3,87002000;
202300020986.0;3;59;59499;1;1;1.0;6.0;50,94624900;2,53159300;
202300020987.0;1;972;97209;2;1;1.0;7.0;14,63573000; -61,03975000;
202300020988.0;1;33;33281;2;1;7.0;6.0;44,82170000; -0,66617000;
202300020989.0;1;12;12084;1;1;1.0;2.0;44,07403600;3,02360100;
202300020990.0;1;69;69382;2;2;1.0;6.0;45,76335000;4,83423000;
202300020991.0;2;33;33009;2;6;8.0;6.0;44,65950000; -1,16520000;
202300020992.0;2;51;51248;2;2;2.0;3.0;48,75653200;3,98890100;
202300020993.0;1;69;69382;2;3;1.0;6.0;45,75835000;4,83387000;
202300020994.0;3;19;19121;1;1;1.0;6.0;45,46965700;1,38875700;
202300020995.0;5;31;31555;2;1;2.0;6.0;43,56573357;1,39940768;
202300020996.0;3;56;56044;1;1;1.0;6.0;47,75643500; -2,13230300;
202300020997.0;1;69;69382;2;3;1.0;3.0;45,76011000;4,83781000;
202300020998.0;1;30;30243;2;9;1.0;3.0;44,09864000;4,08166000;
202300020999.0;1;11;11291;1;1;2.0;6.0;43,15757720;1,90786840;
202300021000.0;1;69;69389;2;3;1.0;3.0;45,77548000;4,79479000;
202300021001.0;3;49;49080;1;1;8.0;2.0;47,71029600; -0,53388800;
202300021002.0;1;29;29019;2;2;1.0;3.0;48,40551800; -4,48484300;
202300021003.0;1;69;69149;2;1;1.0;3.0;45,70871000;4,79872000;
202300021004.0;5;49;49373;2;6;8.0;7.0;47,14698800; -0,53056200;
202300021005.0;3;29;29019;2;6;2.0;5.0;48,41507100; -4,47924800;
202300021006.0;3;69;69034;1;4;1.0;6.0;45,78582600;4,84896855;
202300021007.0;1;86;86086;1;1;1.0;1.0;46,82908700;0,71491800;
202300021008.0;1;971;97101;2;1;1.0;6.0;16,27494962; -61,50319755;
202300021009.0;5;29;29019;2;3;1.0;3.0;48,38844600; -4,51578100;
202300021010.0;5;44;44041;2;1;1.0;6.0;47,10075700; -1,60263100;
202300021011.0;2;27;27299;2;1;8.0;7.0;49,05184000;1,16547000;
202300021012.0;1;971;97113;1;1;1.0;2.0;16,21882284; -61,51423216;
202300021013.0;1;29;29015;2;9;1.0;6.0;48,50128300; -4,50719500;
202300021014.0;2;26;26362;2;1;1.0;6.0;44,93581000;4,88965000;
202300021015.0;1;971;97113;1;1;1.0;3.0;16,21764000; -61,49340000;
202300021016.0;2;25;25056;2;3;2.0;6.0;47,21280000;5,97073000;
202300021017.0;2;15;15138;1;1;4.0;7.0;45,11472300;2,85862300;
202300021018.0;1;971;97101;2;3;1.0;3.0;16,27509208; -61,50296688;
202300021019.0;5;22;22278;2;1;1.0;6.0;48,50510000; -2,76140000;
202300021020.0;3;15;15157;1;1;4.0;3.0;44,74777000;2,19445500;
202300021021.0;5;15;15014;2;1;2.0;1.0;44,91035500;2,44480700;
202300021022.0;1;70;70404;1;1;1.0;6.0;47,99741700;6,03278200;
202300021023.0;5;971;97101;1;9;1.0;4.0;16,27721000; -61,50885000;
202300021024.0;1;15;15014;1;1;1.0;6.0;44,90000000;2,41665000;
202300021025.0;1;06;06105;2;1;1.0;1.0;43,66314900;7,05557400;
202300021026.0;5;2A;2A004;2;9;1.0;3.0;41,93231000;8,74045000;
202300021027.0;5;14;14167;2;1;8.0;2.0;49,20447000; -0,29745000;
202300021028.0;1;50;50483;2;6;1.0;3.0;49,10472600; -1,17587800;
202300021029.0;3;53;53101;1;1;1.0;7.0;47,89238000; -0,68089000;
202300021030.0;3;95;95585;1;1;1.0;3.0;48,99255800;2,38674100;
202300021031.0;2;13;13019;1;1;1.0;1.0;43,45094578;5,35967588;
202300021032.0;3;53;53233;2;1;1.0;7.0;47,86759500; -0,43158900;
202300021033.0;5;13;13209;2;1;1.0;7.0;43,24410000;5,40062000;
202300021034.0;1;95;95277;1;1;3.0;4.0;48,98350000;2,46920000;
202300021035.0;2;40;40224;2;4;8.0;3.0;43,54720900; -1,11377100;
202300021036.0;1;95;95210;2;1;1.0;3.0;48,96617417;2,30073452;
202300021037.0;5;13;13203;2;9;1.0;2.0;43,31482200;5,37231200;
202300021038.0;1;24;24034;1;2;8.0;3.0;44,98115100;0,47631200;
202300021039.0;1;13;13210;1;1;1.0;6.0;43,28669600;5,41448900;
202300021040.0;1;95;95427;2;1;1.0;2.0;48,95928000;2,32897000;
202300021041.0;3;973;97307;2;3;1.0;1.0;4,87615300; -52,33724700;
202300021042.0;1;13;13201;2;9;1.0;1.0;43,29730000;5,38080000;
202300021043.0;1;987;98738;2;3;2.0;2.0; -17,64003500; -149,60812600;
202300021044.0;3;53;53267;1;1;1.0;6.0;48,05926600; -0,50794600;
202300021045.0;5;31;31169;2;2;1.0;1.0;43,51418700;1,55010800;
202300021046.0;1;91;91657;2;2;1.0;3.0;48,70409900;2,43369500;
202300021047.0;3;35;35024;1;1;8.0;6.0;48,19590200; -1,60069900;
202300021048.0;3;13;13005;2;1;1.0;6.0;43,28782700;5,57877700;
202300021049.0;1;91;91421;2;1;1.0;6.0;48,71343000;2,44862000;
202300021050.0;1;987;98714;1;1;1.0;1.0; -16,38800000; -151,76500000;
202300021051.0;1;91;91589;2;9;1.0;6.0;48,67488100;2,35241900;
202300021052.0;1;06;06069;1;1;1.0;4.0;43,63607800;6,94409500;
202300021053.0;1;988;98808;1;1;3.0;6.0; -21,28962000;165,70022000;
202300021054.0;1;91;91027;2;1;1.0;3.0;48,70598000;2,38730000;
202300021055.0;3;973;97311;1;1;8.0;6.0;5,53913100; -53,94504900;
202300021056.0;4;91;91027;2;1;1.0;7.0;48,71495000;2,39821000;
202300021057.0;1;971;97119;1;1;1.0;6.0;16,36428600; -61,43048300;
202300021058.0;1;06;06069;1;1;1.0;3.0;43,62822000;6,94800000;
202300021059.0;1;971;97118;1;1;1.0;7.0;16,19395948; -61,60656452;
202300021060.0;1;91;91223;1;3;1.0;3.0;48,40340000;2,12222000;
202300021061.0;1;75;75117;2;1;8.0;3.0;48,90034800;2,32217400;
202300021062.0;1;33;33199;2;1;1.0;2.0;44,62651200; -1,06236000;
202300021063.0;5;90;90010;2;3;1.0;3.0;47,64533000;6,87706000;
202300021064.0;1;77;77183;2;1;2.0;6.0;48,94360600;3,12222600;
202300021065.0;2;87;87085;2;2;1.0;3.0;45,83446000;1,26093000;
202300021066.0;3;78;78558;1;1;2.0;7.0;48,98290700;1,53201300;
202300021067.0;1;75;75113;2;1;1.0;5.0;48,81629000;2,34577700;
202300021068.0;5;87;87085;2;1;1.0;7.0;45,84820000;1,26398000;
202300021069.0;1;11;11076;2;3;1.0;1.0;43,31962400;1,94680100;
202300021070.0;1;87;87085;2;3;1.0;6.0;45,82886000;1,24388000;
202300021071.0;5;75;75118;2;2;1.0;2.0;48,89432200;2,34538800;
202300021072.0;1;06;06092;2;1;1.0;3.0;43,76498700;7,34642200;
202300021073.0;2;87;87085;2;3;1.0;3.0;45,81041000;1,28436000;
202300021074.0;5;75;75117;2;3;1.0;3.0;48,88277489;2,31018484;
202300021075.0;2;86;86194;2;1;1.0;3.0;46,58841700;0,36978500;
202300021076.0;1;13;13085;1;3;1.0;3.0;43,23515200;5,67052200;
202300021077.0;1;86;86214;2;1;1.0;2.0;46,55181000;0,32059100;
202300021078.0;1;75;75117;2;2;1.0;6.0;48,88299000;2,32414000;
202300021079.0;3;67;67497;1;3;1.0;6.0;48,83308600;7,70167400;
202300021080.0;1;86;86194;2;3;1.0;3.0;46,58348800;0,35211600;
202300021081.0;1;26;26129;1;4;1.0;7.0;45,07298300;5,18322900;
202300021082.0;1;75;75115;2;3;1.0;3.0;48,84377100;2,30653900;
202300021083.0;1;84;84007;2;1;1.0;3.0;43,92871000;4,82243000;
202300021084.0;5;07;07324;2;1;1.0;1.0;45,06775600;4,83458000;
202300021085.0;1;83;83129;2;3;1.0;3.0;43,10030900;5,82473800;
202300021086.0;1;69;69019;2;2;1.0;3.0;46,10866700;4,74965600;
202300021087.0;1;82;82121;2;3;1.0;3.0;44,02624000;1,35279000;
202300021088.0;1;81;81099;2;1;1.0;3.0;43,90793780;1,89792000;
202300021089.0;5;75;75115;2;4;1.0;6.0;48,84667200;2,30623000;
202300021090.0;3;78;78486;2;1;1.0;6.0;48,69002000;1,85111000;
202300021091.0;1;86;86044;1;1;1.0;6.0;47,05448054;0,24347305;
202300021092.0;5;75;75114;2;1;1.0;6.0;48,81965500;2,34193300;
202300021093.0;3;86;86163;1;1;2.0;1.0;46,61111800;0,39255200;
202300021094.0;5;75;75114;2;1;1.0;7.0;48,84087300;2,32548700;
202300021095.0;2;33;33449;2;1;1.0;6.0;44,87383600; -0,70485600;
202300021096.0;5;72;72154;2;1;1.0;3.0;47,70074000; -0,07161000;
202300021097.0;1;27;27332;2;1;1.0;6.0;49,18966300;1,22040500;
202300021098.0;5;75;75114;2;2;2.0;2.0;48,83332800;2,33618200;
202300021099.0;3;60;60241;1;1;1.0;6.0;49,17595200;2,69109200;
202300021100.0;3;13;13215;1;1;1.0;2.0;43,36223000;5,36136000;
202300021101.0;5;75;75113;2;3;2.0;6.0;48,82301200;2,36638200;
202300021102.0;5;13;13210;1;1;1.0;2.0;43,28270000;5,39320000;
202300021103.0;1;78;78402;1;1;1.0;1.0;48,96222000;1,77251000;
202300021104.0;5;75;75113;2;1;1.0;6.0;48,81995035;2,36411512;
202300021105.0;1;75;75112;2;1;1.0;6.0;48,83502600;2,40130500;
202300021106.0;1;78;78208;2;3;1.0;3.0;48,77008800;1,94603700;
202300021107.0;3;91;91064;1;1;1.0;2.0;48,74270000;2,18820000;
202300021108.0;5;75;75111;2;7;8.0;2.0;48,84911700;2,39466000;
202300021109.0;1;75;75108;2;3;2.0;2.0;48,86668433;2,32204825;
202300021110.0;5;75;75107;2;1;1.0;6.0;48,85826000;2,29212000;
202300021111.0;5;75;75102;2;2;1.0;7.0;48,87149100;2,34308200;
202300021112.0;5;75;75103;2;1;2.0;6.0;48,86818400;2,36009700;
202300021113.0;1;94;94078;2;3;2.0;3.0;48,73106800;2,44671000;
202300021114.0;3;94;94073;1;1;2.0;2.0;48,75481000;2,38277000;
202300021115.0;1;94;94073;2;9;2.0;3.0;48,75801000;2,36981000;
202300021116.0;1;94;94021;2;1;1.0;6.0;48,76923200;2,33717200;
202300021117.0;1;94;94011;2;9;1.0;3.0;48,76062916;2,47959035;
202300021118.0;5;94;94028;2;1;1.0;6.0;48,77015300;2,46135000;
202300021119.0;5;93;93039;2;1;2.0;6.0;48,93501200;2,34099400;
202300021120.0;1;93;93066;2;2;2.0;3.0;48,91816900;2,35779800;
202300021121.0;5;93;93051;2;2;2.0;2.0;48,84439000;2,57642000;
202300021122.0;1;93;93074;2;2;2.0;6.0;48,93541000;2,57281000;
202300021123.0;5;93;93006;2;3;2.0;6.0;48,86825000;2,41876000;
202300021124.0;5;93;93006;2;1;8.0;5.0;48,87165200;2,41831900;
202300021125.0;2;93;93032;2;2;8.0;3.0;48,88270000;2,53500000;
202300021126.0;1;93;93031;2;1;2.0;6.0;48,95347400;2,31960300;
202300021127.0;1;93;93007;2;1;2.0;6.0;48,95048700;2,44284900;
202300021128.0;5;93;93001;2;3;2.0;3.0;48,91709200;2,39295100;
202300021129.0;5;92;92078;2;9;1.0;6.0;48,93549662;2,33296216;
202300021130.0;1;92;92064;2;1;1.0;3.0;48,84350084;2,20264994;
202300021131.0;5;92;92051;2;2;2.0;3.0;48,88936000;2,27296000;
202300021132.0;5;92;92044;2;1;2.0;3.0;48,89510560;2,29501963;
202300021133.0;1;92;92044;2;9;1.0;6.0;48,90067000;2,28453000;
202300021134.0;1;92;92044;2;1;1.0;6.0;48,89661000;2,28707000;
202300021135.0;5;92;92024;2;1;2.0;6.0;48,90926406;2,30701223;
202300021136.0;5;92;92023;2;6;2.0;3.0;48,80510665;2,25922376;
202300021137.0;5;92;92023;2;1;2.0;6.0;48,80954376;2,27194011;
202300021138.0;1;92;92012;2;1;2.0;7.0;48,84523278;2,23717734;
202300021139.0;5;24;24011;2;1;2.0;7.0;45,21410700;0,83176400;
202300021140.0;3;51;51316;1;3;2.0;3.0;48,64791251;4,76010666;
202300021141.0;3;76;76057;1;1;2.0;2.0;49,52773400;0,95204100;
202300021142.0;5;95;95313;2;6;1.0;3.0;49,11924040;2,23101988;
202300021143.0;5;95;95058;1;9;2.0;6.0;49,15776679;2,28833869;
202300021144.0;3;18;18146;1;1;1.0;3.0;47,32441100;2,85520100;
202300021145.0;1;18;18070;1;1;3.0;1.0;47,49178300;2,55567800;
202300021146.0;1;57;57060;1;3;3.0;3.0;48,90129498;6,76974053;
202300021147.0;3;68;68009;1;1;2.0;1.0;48,10876400;7,53387500;
202300021148.0;3;51;51217;1;1;2.0;2.0;49,08426300;3,65742800;
202300021149.0;3;972;97217;2;1;1.0;7.0;14,46952600; -60,85734300;
202300021150.0;3;52;52074;1;1;2.0;6.0;48,07931888;5,61144430;
202300021151.0;3;29;29265;1;1;1.0;6.0;48,55039148; -3,88495321;
202300021152.0;5;62;62376;1;1;1.0;6.0;50,57039952;2,59868954;
202300021153.0;3;37;37213;1;1;2.0;2.0;47,63788000;0,49734600;
202300021154.0;1;56;56254;1;1;1.0;3.0;47,76813300; -2,53341100;
202300021155.0;1;79;79135;1;1;2.0;1.0;46,72783000; -0,21325700;
202300021156.0;3;61;61406;1;1;5.0;1.0;48,73221500;0,50786500;
202300021157.0;1;47;47209;2;2;2.0;3.0;44,22444800;0,67615300;
202300021158.0;5;41;41280;2;1;2.0;6.0;47,29960600;1,76911000;
202300021159.0;5;39;39526;2;3;8.0;3.0;47,04246600;5,41576000;
202300021160.0;3;25;25328;1;1;2.0;7.0;47,17591600;5,97265700;
202300021161.0;3;29;29266;1;1;2.0;6.0;48,46959200; -3,96932600;
202300021162.0;3;38;38284;1;1;2.0;6.0;45,39824300;5,21697700;
202300021163.0;3;05;05084;1;3;1.0;5.0;44,55634200;6,23841000;
202300021164.0;5;50;50215;2;1;2.0;6.0;49,09767700; -1,58166800;
202300021165.0;1;60;60509;2;3;2.0;3.0;49,31388300;2,60527100;
202300021166.0;1;64;64527;2;1;3.0;6.0;43,34562300; -1,47081600;
202300021167.0;1;16;16222;1;1;2.0;1.0;45,34471100;0,07965100;
202300021168.0;1;24;24330;1;1;2.0;7.0;45,05349400;1,02346100;
202300021169.0;3;85;85295;1;1;1.0;6.0;47,00326700; -1,27315500;
202300021170.0;3;06;06152;1;9;1.0;6.0;43,64418500;7,04701100;
202300021171.0;1;68;68135;1;1;1.0;7.0;47,58607100;7,54894900;
202300021172.0;3;45;45146;1;1;2.0;2.0;47,72075100;1,89111700;
202300021173.0;1;11;11144;1;1;8.0;1.0;42,87036600;2,98787400;
202300021174.0;5;988;98821;1;1;1.0;1.0; -22,02898100;166,23177100;
202300021175.0;1;974;97418;1;1;1.0;6.0; -20,93194200;55,54009900;
202300021176.0;5;971;97108;1;3;1.0;3.0;15,90261700; -61,25158000;
202300021177.0;1;77;77264;1;2;8.0;3.0;48,75264000;2,94370800;
202300021178.0;5;77;77466;2;1;2.0;3.0;48,82237136;2,90315068;
202300021179.0;1;34;34081;1;1;1.0;2.0;43,30564500;3,13721400;
202300021180.0;5;21;21038;1;1;2.0;2.0;47,19440000;5,42819000;
202300021181.0;3;63;63284;1;1;1.0;1.0;45,78964300;3,20273400;
202300021182.0;3;38;38565;1;1;3.0;6.0;45,30343300;5,63534300;
202300021183.0;3;69;69077;1;2;2.0;1.0;46,14588600;4,76302400;
202300021184.0;1;17;17237;1;1;2.0;6.0;45,87259800; -1,06650000;
202300021185.0;2;22;22136;2;1;2.0;1.0;48,18227700; -2,76029300;
202300021186.0;3;35;35124;1;1;1.0;6.0;47,74849300; -1,70959700;
202300021187.0;5;27;27684;2;1;2.0;1.0;49,00687300;1,21813100;
202300021188.0;1;60;60139;2;9;2.0;1.0;49,16650400;2,24558100;
202300021189.0;3;60;60222;1;1;1.0;2.0;49,47875200;2,30222600;
202300021190.0;1;60;60157;2;1;2.0;3.0;49,38497300;2,41301900;
202300021191.0;1;02;02684;2;4;2.0;6.0;49,91982700;4,13779000;
202300021192.0;1;13;13117;1;1;1.0;2.0;43,42468796;5,26516861;
202300021193.0;1;83;83137;1;1;1.0;7.0;43,12309563;5,95843036;
202300021194.0;3;33;33550;1;1;2.0;4.0;44,77500000; -0,55654000;
202300021195.0;1;33;33039;1;1;2.0;2.0;44,79255009; -0,54016642;
202300021196.0;3;91;91534;1;1;1.0;3.0;48,72736000;2,16585000;
202300021197.0;1;94;94034;1;1;2.0;3.0;48,75138018;2,32947546;
202300021198.0;3;91;91661;1;1;2.0;6.0;48,68624000;2,21258000;
202300021199.0;1;92;92064;1;1;8.0;6.0;48,83822910;2,19103797;
202300021200.0;1;78;78126;1;1;2.0;7.0;48,83749500;2,12500900;
202300021201.0;5;92;92062;1;1;1.0;4.0;48,89101935;2,23950963;
202300021202.0;3;95;95252;1;1;1.0;2.0;48,98117200;2,22385100;
202300021203.0;1;95;95018;1;1;1.0;3.0;48,95528809;2,27796417;
202300021204.0;1;29;29019;2;1;1.0;2.0;48,39973800; -4,49625700;
202300021205.0;3;28;28404;2;1;1.0;7.0;48,69640000;1,37686000;
202300021206.0;1;27;27681;2;2;1.0;3.0;49,09594000;1,48244000;
202300021207.0;1;25;25031;2;6;1.0;3.0;47,47855000;6,84892000;
202300021208.0;1;23;23096;2;1;1.0;7.0;46,17993000;1,87713000;
202300021209.0;1;22;22215;1;1;1.0;2.0;48,48964000; -2,84020000;
202300021210.0;1;22;22278;2;1;1.0;1.0;48,50361000; -2,74060000;
202300021211.0;5;13;13203;2;1;1.0;3.0;43,32037421;5,37688599;
202300021212.0;1;11;11069;2;1;1.0;6.0;43,22056000;2,35422000;
202300021213.0;3;07;07281;1;1;1.0;3.0;44,93591000;4,81990000;
202300021214.0;1;05;05061;2;3;1.0;2.0;44,54870342;6,06706828;
202300021215.0;1;03;03321;1;1;2.0;6.0;46,58004000;3,38651000;
202300021216.0;1;75;75120;2;1;1.0;2.0;48,86694200;2,41322000;
202300021217.0;5;75;75119;2;1;1.0;4.0;48,90062300;2,38750400;
202300021218.0;2;75;75119;2;1;1.0;4.0;48,88143800;2,40247300;
202300021219.0;1;75;75116;2;9;1.0;4.0;48,83963700;2,25416500;
202300021220.0;1;75;75106;2;3;1.0;1.0;48,85460700;2,34251600;
202300021221.0;1;75;75120;2;3;1.0;3.0;48,87179900;2,38933200;
202300021222.0;5;75;75120;2;1;2.0;3.0;48,86790651;2,38475534;
202300021223.0;1;75;75119;2;1;1.0;2.0;48,88713500;2,38467100;
202300021224.0;5;75;75118;2;3;1.0;6.0;48,89779900;2,34723700;
202300021225.0;5;75;75116;2;3;1.0;3.0;48,85128000;2,27835900;
202300021226.0;5;75;75116;2;2;2.0;1.0;48,87268500;2,28458900;
202300021227.0;3;75;75114;2;3;2.0;6.0;48,83094700;2,31224700;
202300021228.0;3;75;75112;2;3;1.0;3.0;48,83571000;2,38607800;
202300021229.0;5;75;75112;2;2;1.0;4.0;48,84211000;2,44911600;
202300021230.0;1;75;75108;2;1;1.0;3.0;48,86549900;2,31384600;
202300021231.0;5;75;75108;2;3;1.0;6.0;48,86775719;2,31395817;
202300021232.0;5;94;94033;2;1;8.0;6.0;48,85912600;2,47648000;
202300021233.0;1;94;94054;2;3;2.0;3.0;48,74859000;2,41214000;
202300021234.0;1;94;94017;2;1;1.0;7.0;48,81094553;2,51976264;
202300021235.0;1;93;93039;2;1;1.0;6.0;48,93952700;2,33946700;
202300021236.0;1;93;93048;2;1;1.0;6.0;48,85301702;2,42167679;
202300021237.0;5;93;93029;2;2;1.0;6.0;48,91660000;2,44445000;
202300021238.0;5;93;93005;2;3;1.0;3.0;48,95344000;2,49132000;
202300021239.0;5;92;92063;2;3;2.0;1.0;48,87942086;2,17943609;
202300021240.0;1;92;92071;2;1;2.0;2.0;48,77223964;2,31237173;
202300021241.0;1;95;95445;1;1;1.0;2.0;49,09747200;2,29364300;
202300021242.0;1;80;80136;1;1;7.0;5.0;49,96532800;2,71757100;
202300021243.0;3;87;87178;1;1;1.0;6.0;45,87961200;1,37329100;
202300021244.0;1;46;46197;1;1;7.0;2.0;44,35585524;1,45766740;
202300021245.0;1;58;58102;1;1;1.0;1.0;47,34338800;3,10368100;
202300021246.0;1;89;89122;2;4;1.0;6.0;48,28792300;3,54582100;
202300021247.0;1;59;59229;1;6;7.0;2.0;50,04108300;4,02763700;
202300021248.0;1;19;19176;1;1;1.0;6.0;45,40192000;2,01798500;
202300021249.0;3;71;71484;1;1;1.0;6.0;46,69496900;5,26371700;
202300021250.0;3;71;71015;1;1;1.0;6.0;46,95186200;4,37255300;
202300021251.0;3;89;89086;2;1;1.0;6.0;47,92065300;3,17173900;
202300021252.0;1;63;63188;1;1;1.0;7.0;45,67789826;3,27854950;
202300021253.0;3;61;61507;1;4;1.0;2.0;48,54312000;0,56590800;
202300021254.0;1;55;55013;1;1;1.0;5.0;49,42585300;5,63821800;
202300021255.0;1;55;55222;1;1;1.0;1.0;49,17835800;5,65135500;
202300021256.0;3;55;55232;1;1;1.0;6.0;49,09626700;5,73791000;
202300021257.0;3;49;49125;1;1;1.0;7.0;47,20248500; -0,39954200;
202300021258.0;3;47;47248;1;1;1.0;2.0;44,15905097;0,72293096;
202300021259.0;1;22;22294;1;1;1.0;6.0;48,36595100; -3,08086000;
202300021260.0;1;29;29160;2;3;1.0;3.0;48,45639900; -4,45532600;
202300021261.0;1;02;02810;1;4;1.0;3.0;49,26613238;3,12880457;
202300021262.0;3;02;02140;2;1;1.0;6.0;49,52351900;3,14279300;
202300021263.0;1;03;03319;2;1;1.0;7.0;46,32852800;3,06160200;
202300021264.0;2;26;26113;1;1;1.0;6.0;44,76752400;5,31951800;
202300021265.0;1;72;72208;1;1;1.0;3.0;48,10655700;0,79043600;
202300021266.0;1;14;14542;2;3;1.0;6.0;49,22526000; -0,45982200;
202300021267.0;5;64;64448;2;3;1.0;3.0;43,35345600; -0,46953700;
202300021268.0;1;43;43218;1;1;1.0;6.0;45,06442800;4,06365400;
202300021269.0;3;10;10355;1;1;6.0;7.0;48,50745740;3,47689645;