Num_Acc;lum;departement;commune;agglomeration;intersection;meteo;type_collision;lat;long;date
202300021270.0;1;24;24301;1;2;1.0;6.0;45,05290800;1,38097300;
202300021271.0;1;37;37205;2;1;1.0;1.0;47,24788240;0,54732084;
202300021272.0;1;24;24084;1;1;1.0;2.0;44,79627000;1,04282500;
202300021273.0;1;67;67309;2;2;7.0;1.0;48,63432700;7,71591100;
202300021274.0;1;35;35210;1;6;1.0;3.0;48,14789200; -1,75559200;
202300021275.0;1;69;69244;2;2;1.0;3.0;45,75665100;4,78211600;
202300021276.0;5;06;06088;1;1;1.0;5.0;43,67322200;7,19948900;
202300021277.0;1;34;34270;1;9;1.0;6.0;43,56538100;3,83843400;
202300021278.0;3;11;11322;1;1;1.0;5.0;43,03638400;2,95251100;
202300021279.0;1;988;98803;1;1;1.0;6.0; -21,44937400;165,48135300;
202300021280.0;1;44;44020;1;1;1.0;2.0;47,16895800; -1,65039500;
202300021281.0;1;30;30130;2;1;1.0;7.0;44,33645700;3,95885500;
202300021282.0;1;83;83068;1;3;1.0;3.0;43,28833864;6,49772584;
202300021283.0;1;04;04152;2;1;1.0;6.0;43,81491300;5,74588700;
202300021284.0;4;89;89085;2;1;8.0;6.0;47,94101400;3,49264100;
202300021285.0;3;42;42094;2;1;1.0;6.0;45,74805700;4,22193100;
202300021286.0;1;69;69242;2;2;1.0;3.0;46,13208100;4,75858200;
202300021287.0;1;69;69020;1;6;1.0;1.0;45,85902000;4,66958100;
202300021288.0;1;31;31324;2;7;1.0;2.0;43,19607600;1,00169200;
202300021289.0;3;49;49023;1;3;1.0;3.0;47,20169000; -1,12300900;
202300021290.0;1;13;13117;1;1;1.0;2.0;43,45417014;5,23712977;
202300021291.0;1;83;83137;1;1;1.0;3.0;43,12632163;5,90983057;
202300021292.0;1;91;91161;1;1;1.0;4.0;48,69567000;2,31808000;
202300021293.0;1;91;91216;1;1;1.0;3.0;48,68384600;2,32847700;
202300021294.0;3;91;91174;1;1;1.0;3.0;48,61647000;2,45566000;
202300021295.0;1;92;92047;1;1;1.0;4.0;48,83598254;2,18217218;
202300021296.0;4;92;92048;1;1;6.0;7.0;48,79119230;2,22026330;
202300021297.0;3;78;78646;1;1;1.0;2.0;48,78917100;2,12972300;
202300021298.0;1;95;95582;1;1;1.0;3.0;48,96359000;2,26399000;
202300021299.0;1;93;93008;1;1;1.0;4.0;48,90892746;2,44905923;
202300021300.0;5;93;93066;1;1;1.0;6.0;48,90785000;2,35840000;
202300021301.0;3;95;95682;1;1;2.0;2.0;49,06814000;2,39187000;
202300021302.0;3;95;95212;1;9;6.0;7.0;49,03336637;2,54209042;
202300021303.0;1;95;95488;1;1;1.0;3.0;49,01800900;2,14144000;
202300021304.0;1;77;77083;1;1;1.0;6.0;48,83345767;2,59320237;
202300021305.0;1;94;94079;1;1;1.0;5.0;48,83284555;2,53382868;
202300021306.0;3;93;93051;1;1;1.0;2.0;48,83507994;2,57743834;
202300021307.0;3;94;94015;1;1;2.0;6.0;48,82934939;2,52849537;
202300021308.0;1;94;94004;1;1;1.0;3.0;48,75008681;2,51503631;
202300021309.0;2;94;94022;1;1;1.0;5.0;48,77565110;2,41314483;
202300021310.0;1;974;97416;1;9;1.0;1.0; -21,35233000;55,50830000;
202300021311.0;1;974;97411;2;1;2.0;3.0; -20,91160000;55,48040000;
202300021312.0;1;974;97411;2;1;1.0;2.0; -20,89264000;55,49156000;
202300021313.0;1;973;97302;2;1;1.0;3.0;4,93651000; -52,31434000;
202300021314.0;5;973;97302;2;3;1.0;1.0;4,90973627; -52,32153207;
202300021315.0;1;69;69386;2;1;1.0;6.0;45,77279000;4,85811000;
202300021316.0;1;69;69388;2;1;1.0;2.0;45,72836000;4,86825000;
202300021317.0;1;972;97213;2;1;2.0;4.0;14,63894000; -60,99176000;
202300021318.0;1;69;69389;2;1;1.0;6.0;45,78646000;4,79546000;
202300021319.0;1;69;69152;2;2;1.0;3.0;45,69765000;4,82123000;
202300021320.0;1;971;97101;1;1;1.0;7.0;16,28249170; -61,50652885;
202300021321.0;2;95;95572;2;1;1.0;6.0;49,03490900;2,11068200;
202300021322.0;5;91;91570;2;9;1.0;3.0;48,63120000;2,32857000;
202300021323.0;1;91;91425;2;1;1.0;3.0;48,64678200;2,27436800;
202300021324.0;5;91;91692;2;3;8.0;3.0;48,68440000;2,19960000;
202300021325.0;1;89;89387;2;1;1.0;6.0;48,19698000;3,29718000;
202300021326.0;1;87;87085;2;2;1.0;5.0;45,82471000;1,23458000;
202300021327.0;5;86;86194;2;2;1.0;1.0;46,58944500;0,35999500;
202300021328.0;1;86;86194;1;9;1.0;4.0;46,58445100;0,39244700;
202300021329.0;1;84;84035;2;1;1.0;2.0;43,84887000;5,03848000;
202300021330.0;1;84;84031;2;1;1.0;6.0;44,05707000;5,05852000;
202300021331.0;1;84;84007;2;1;1.0;7.0;43,92803000;4,78535000;
202300021332.0;1;78;78502;2;1;1.0;6.0;48,87590100;2,10413400;
202300021333.0;1;78;78172;2;2;1.0;3.0;49,00672200;2,12104000;
202300021334.0;5;77;77407;2;2;1.0;3.0;48,52919000;2,54666000;
202300021335.0;1;77;77269;1;1;1.0;6.0;48,56845000;2,71652000;
202300021336.0;5;77;77445;2;1;1.0;6.0;48,57856000;2,59475000;
202300021337.0;1;77;77186;1;2;1.0;2.0;48,37286000;2,64353000;
202300021338.0;1;76;76451;2;3;1.0;3.0;49,46602000;1,07109000;
202300021339.0;1;72;72181;2;1;6.0;6.0;47,97003000;0,20452000;
202300021340.0;1;63;63278;1;2;1.0;3.0;45,93114700;3,17172300;
202300021341.0;1;72;72181;2;9;1.0;3.0;47,99275000;0,19828000;
202300021342.0;5;72;72181;2;9;1.0;3.0;47,99826000;0,18876000;
202300021343.0;1;01;01157;1;2;1.0;5.0;46,03186700;4,75570900;
202300021344.0;5;71;71306;2;1;1.0;2.0;46,68000000;4,35000000;
202300021345.0;1;64;64410;2;6;1.0;7.0;43,36792600; -0,62718600;
202300021346.0;1;71;71270;2;1;1.0;3.0;46,31445000;4,82668000;
202300021347.0;1;01;01419;1;4;7.0;1.0;46,22879700;5,98901300;
202300021348.0;1;69;69264;2;1;1.0;6.0;45,99337409;4,70718752;
202300021349.0;1;69;69029;2;1;1.0;2.0;45,75232376;4,90070395;
202300021350.0;1;34;34123;1;1;1.0;4.0;43,61161900;3,80159100;
202300021351.0;1;69;69290;2;6;6.0;3.0;45,72000726;4,93245865;
202300021352.0;1;38;38208;1;1;1.0;6.0;44,85066600;5,69222700;
202300021353.0;1;69;69290;2;3;1.0;3.0;45,69728000;4,93413000;
202300021354.0;5;30;30202;2;2;1.0;3.0;44,24972600;4,64592900;
202300021355.0;1;69;69259;2;8;1.0;6.0;45,70067000;4,88755000;
202300021356.0;3;50;50624;1;1;1.0;6.0;49,07560200; -1,47581000;
202300021357.0;5;68;68224;2;2;1.0;3.0;47,75009000;7,32748000;
202300021358.0;3;83;83140;1;1;1.0;7.0;43,41196900;5,90888500;
202300021359.0;1;67;67482;2;9;1.0;1.0;48,61930000;7,79292000;
202300021360.0;2;77;77530;1;1;1.0;7.0;48,60738300;3,37845700;
202300021361.0;1;76;76602;1;1;1.0;1.0;49,67454000;1,10207000;
202300021362.0;5;67;67447;2;3;1.0;1.0;48,60642000;7,74885000;
202300021363.0;1;2A;2A271;2;3;1.0;3.0;41,95983500;8,80628500;
202300021364.0;1;66;66136;2;1;1.0;3.0;42,69466000;2,88917000;
202300021365.0;1;2B;2B046;1;1;1.0;7.0;42,86319400;9,48130800;
202300021366.0;5;65;65440;2;1;1.0;6.0;43,22936000;0,07526000;
202300021367.0;1;63;63321;1;1;1.0;1.0;45,60479800;3,31404100;
202300021368.0;1;64;64189;2;1;1.0;6.0;43,37725000; -1,66815000;
202300021369.0;5;64;64041;2;9;1.0;7.0;43,28041820; -0,33012897;
202300021370.0;1;63;63178;2;1;1.0;3.0;45,55067199;3,26939017;
202300021371.0;1;46;46265;1;1;1.0;7.0;44,95017900;1,65881800;
202300021372.0;1;64;64445;2;1;1.0;2.0;43,32461000; -0,35732000;
202300021373.0;1;41;41159;2;3;1.0;1.0;47,53652200;1,80063100;
202300021374.0;1;64;64102;2;1;1.0;3.0;43,48354000; -1,50098000;
202300021375.0;1;64;64102;2;1;1.0;3.0;43,50790000; -1,46742000;
202300021376.0;1;86;86053;1;2;1.0;3.0;46,73144100;0,11512900;
202300021377.0;2;86;86244;1;1;1.0;7.0;46,35798400;0,04715300;
202300021378.0;1;68;68182;1;1;1.0;6.0;47,49893100;7,49706400;
202300021379.0;5;63;63075;2;3;1.0;3.0;45,77460000;3,06960000;
202300021380.0;1;61;61001;2;1;1.0;6.0;48,43870000;0,08391000;
202300021381.0;1;22;22046;1;1;2.0;6.0;48,29258800; -2,49833800;
202300021382.0;1;25;25321;1;3;1.0;1.0;47,04735100;6,69859200;
202300021383.0;1;60;60325;1;1;1.0;3.0;49,40311000;2,77797000;
202300021384.0;2;57;57672;1;1;1.0;6.0;49,36234000;6,16351000;
202300021385.0;1;35;35263;1;2;1.0;3.0;48,67417600; -1,94191400;
202300021386.0;1;54;54395;2;3;1.0;6.0;48,68739194;6,18357405;
202300021387.0;5;54;54580;2;1;2.0;6.0;49,46501300;5,93338200;
202300021388.0;1;29;29167;1;1;1.0;1.0;47,96162700; -4,32007300;
202300021389.0;1;38;38480;1;1;1.0;6.0;45,55088100;5,00636600;
202300021390.0;1;51;51108;2;2;1.0;3.0;48,95916000;4,38358000;
202300021391.0;1;50;50218;2;1;1.0;1.0;48,83578000; -1,55463000;
202300021392.0;1;02;02569;1;1;1.0;1.0;50,02256600;3,67392500;
202300021393.0;1;02;02173;2;1;1.0;6.0;49,61622300;3,21927800;
202300021394.0;1;49;49007;2;2;1.0;3.0;47,47856000; -0,54912000;
202300021395.0;2;03;03203;1;1;1.0;7.0;46,66225000;3,63677500;
202300021396.0;1;45;45234;2;1;8.0;6.0;47,90768000;1,88679000;
202300021397.0;1;72;72172;1;9;1.0;3.0;48,06382900;0,56308400;
202300021398.0;5;45;45208;2;2;6.0;3.0;47,99423000;2,73026000;
202300021399.0;1;06;06059;1;1;1.0;3.0;43,72144000;7,34392900;
202300021400.0;1;42;42207;2;1;1.0;6.0;45,47597000;4,51863000;
202300021401.0;1;83;83032;2;1;1.0;2.0;43,47445400;6,17641900;
202300021402.0;1;41;41269;2;1;1.0;3.0;47,80023000;1,05750000;
202300021403.0;1;45;45269;1;4;1.0;2.0;47,85422500;1,74456200;
202300021404.0;3;41;41212;1;1;1.0;2.0;47,55200000;1,38630000;
202300021405.0;1;18;18197;2;1;1.0;3.0;46,72817200;2,49874600;
202300021406.0;1;37;37261;2;1;1.0;3.0;47,38012000;0,70146000;
202300021407.0;1;37;37195;1;1;1.0;6.0;47,38979000;0,64793000;
202300021408.0;1;36;36022;1;4;1.0;3.0;46,61553857;1,68477289;
202300021409.0;3;35;35278;2;1;1.0;6.0;48,13809602; -1,68555915;
202300021410.0;1;85;85039;1;1;1.0;3.0;47,00573900; -1,18172700;
202300021411.0;1;27;27243;1;1;1.0;3.0;49,39869300;0,31058900;
202300021412.0;1;35;35238;2;2;1.0;5.0;48,09822936; -1,68838084;
202300021413.0;5;34;34172;2;1;1.0;3.0;43,60875000;3,84194000;
202300021414.0;1;17;17482;1;2;1.0;3.0;46,14130000; -0,80556400;
202300021415.0;2;33;33162;2;1;1.0;4.0;44,87122000; -0,64827000;
202300021416.0;1;17;17093;1;1;1.0;1.0;45,87172800; -1,22699300;
202300021417.0;1;33;33318;2;3;1.0;3.0;44,78887000; -0,68265000;
202300021418.0;1;37;37172;1;1;1.0;1.0;47,44100706;0,69977760;
202300021419.0;1;33;33119;2;6;1.0;2.0;44,85841000; -0,51532000;
202300021420.0;1;30;30133;2;4;1.0;1.0;43,54047600;4,14303700;
202300021421.0;1;13;13007;1;1;1.0;1.0;43,32277400;5,66667100;
202300021422.0;1;33;33529;1;1;1.0;1.0;44,60359000; -1,17012000;
202300021423.0;1;13;13097;2;1;1.0;6.0;43,63376100;4,80178700;
202300021424.0;1;88;88030;1;1;1.0;6.0;48,20236700;6,14549300;
202300021425.0;3;67;67125;1;1;1.0;7.0;48,34756500;7,44182100;
202300021426.0;1;49;49092;1;1;1.0;3.0;47,21130800; -0,74771900;
202300021427.0;5;30;30189;2;2;1.0;6.0;43,83385000;4,36002000;
202300021428.0;1;67;67335;1;1;1.0;7.0;48,63971500;7,49250400;
202300021429.0;1;974;97415;1;1;1.0;6.0; -21,07942000;55,30919400;
202300021430.0;1;29;29232;2;2;1.0;3.0;48,00131000; -4,10631000;
202300021431.0;1;24;24207;1;1;1.0;2.0;44,79943900;1,27632900;
202300021432.0;3;57;57631;1;1;1.0;6.0;49,09357600;7,03921100;
202300021433.0;1;29;29019;2;1;1.0;6.0;48,40202900; -4,46752000;
202300021434.0;3;21;21423;1;1;1.0;6.0;46,99021122;4,85364109;
202300021435.0;2;971;97103;1;1;1.0;6.0;16,25082600; -61,59057900;
202300021436.0;1;73;73123;1;1;1.0;3.0;45,85912100;6,49699700;
202300021437.0;1;27;27229;2;3;2.0;3.0;49,00340200;1,14806000;
202300021438.0;5;987;98733;1;1;1.0;3.0; -17,69600000; -149,54800000;
202300021439.0;5;971;97106;2;1;3.0;6.0;16,09398000; -61,76908500;
202300021440.0;1;21;21166;2;2;7.0;6.0;47,29108300;5,02019200;
202300021441.0;1;2B;2B239;1;1;1.0;7.0;42,66080090;9,36631100;
202300021442.0;1;09;09306;2;1;2.0;6.0;42,84383400;1,60193900;
202300021443.0;1;21;21231;2;1;1.0;6.0;47,33026200;5,04827100;
202300021444.0;1;84;84054;1;1;1.0;1.0;43,88126300;5,06067700;
202300021445.0;5;17;17306;2;6;2.0;7.0;45,63954000; -1,02505000;
202300021446.0;1;47;47094;1;1;1.0;3.0;44,44494360;0,24422299;
202300021447.0;1;13;13081;1;1;1.0;3.0;43,50354600;5,21009400;
202300021448.0;1;35;35072;1;2;1.0;6.0;48,21872000; -1,16949900;
202300021449.0;1;15;15014;2;6;1.0;3.0;44,92232000;2,42787000;
202300021450.0;1;57;57039;2;2;1.0;3.0;49,07213700;6,12001800;
202300021451.0;1;15;15012;2;7;1.0;3.0;44,90088000;2,45917000;
202300021452.0;3;62;62318;2;2;2.0;3.0;50,51820900;1,65155400;
202300021453.0;5;73;73006;1;1;1.0;1.0;45,52652500;6,57774200;
202300021454.0;1;15;15014;2;1;1.0;7.0;44,91915000;2,44517000;
202300021455.0;1;62;62235;2;1;1.0;3.0;50,67623900;1,63747800;
202300021456.0;1;42;42005;2;3;1.0;3.0;45,52971900;4,25306100;
202300021457.0;1;38;38247;2;2;1.0;1.0;45,81744000;5,39886300;
202300021458.0;3;13;13071;1;1;1.0;5.0;43,41269032;5,28163860;
202300021459.0;5;33;33249;1;1;1.0;6.0;44,87067300; -0,50534400;
202300021460.0;1;38;38317;1;1;1.0;3.0;45,12389100;5,69379900;
202300021461.0;1;13;13203;2;1;1.0;2.0;43,31269566;5,38223337;
202300021462.0;1;91;91086;1;1;1.0;7.0;48,62403500;2,37459000;
202300021463.0;1;69;69220;1;1;1.0;6.0;45,72119200;4,45052500;
202300021464.0;1;33;33243;2;6;1.0;3.0;44,91883600; -0,24216200;
202300021465.0;1;91;91553;1;1;2.0;6.0;48,63144000;2,49509000;
202300021466.0;3;94;94021;1;1;1.0;7.0;48,76938700;2,34486209;
202300021467.0;1;14;14384;2;1;1.0;6.0;49,31639100; -0,35692200;
202300021468.0;1;76;76401;1;1;1.0;6.0;49,49630000;0,72061000;
202300021469.0;1;91;91521;1;1;1.0;4.0;48,64262000;2,39194000;
202300021470.0;1;60;60157;2;3;1.0;3.0;49,37353700;2,41617700;
202300021471.0;1;95;95212;1;1;1.0;2.0;49,02835153;2,53798332;
202300021472.0;1;93;93066;1;1;2.0;2.0;48,92247728;2,35626225;
202300021473.0;1;13;13212;1;1;1.0;2.0;43,29130000;5,42437000;
202300021474.0;1;95;95256;1;1;2.0;6.0;49,04675736;2,18432665;
202300021475.0;3;13;13001;1;1;1.0;2.0;43,48379000;5,40795000;
202300021476.0;3;93;93005;1;1;1.0;6.0;48,94503017;2,47686505;
202300021477.0;3;59;59544;1;1;1.0;6.0;50,36530000;3,59469000;
202300021478.0;1;36;36044;2;1;1.0;7.0;46,81514000;1,68482000;
202300021479.0;1;59;59383;1;1;1.0;6.0;50,33925000;3,53282000;
202300021480.0;1;974;97416;1;1;1.0;7.0; -21,30497000;55,49812000;
202300021481.0;2;62;62771;1;1;1.0;7.0;50,43197000;2,85597000;
202300021482.0;1;91;91553;1;1;1.0;2.0;48,62800000;2,48200000;
202300021483.0;4;974;97411;2;3;2.0;3.0; -20,90310000;55,48628000;
202300021484.0;3;973;97309;2;1;1.0;6.0;4,91915000; -52,30486000;
202300021485.0;2;95;95277;1;1;1.0;2.0;48,97474071;2,48863265;
202300021486.0;3;95;95580;1;1;1.0;1.0;49,08815000;2,55096000;
202300021487.0;1;973;97302;1;3;1.0;7.0;4,90380216; -52,31667137;
202300021488.0;1;93;93066;1;1;1.0;3.0;48,90477000;2,35847000;
202300021489.0;1;69;69389;1;2;1.0;3.0;45,80180000;4,83850000;
202300021490.0;1;94;94065;1;1;1.0;5.0;48,75389600;2,35352400;
202300021491.0;1;69;69382;2;3;1.0;1.0;45,74861000;4,82000000;
202300021492.0;3;94;94018;1;1;1.0;3.0;48,82545834;2,39268336;
202300021493.0;3;94;94028;1;1;2.0;2.0;48,77630937;2,43517187;
202300021494.0;1;69;69384;2;2;1.0;6.0;45,77493000;4,82876000;
202300021495.0;1;2B;2B033;2;1;1.0;7.0;42,70077000;9,43965000;
202300021496.0;1;14;14252;1;1;1.0;2.0;48,99567800; -0,25508900;
202300021497.0;1;972;97232;1;1;1.0;1.0;14,56351200; -60,85652200;
202300021498.0;1;971;97113;2;1;1.0;3.0;16,21377000; -61,43929000;
202300021499.0;1;43;43268;2;1;1.0;7.0;45,14762400;4,12240200;
202300021500.0;5;95;95280;2;2;1.0;6.0;49,02831568;2,46591568;
202300021501.0;1;43;43111;1;1;1.0;5.0;44,86391100;3,84824000;
202300021502.0;2;91;91477;1;3;1.0;3.0;48,71988000;2,22504000;
202300021503.0;1;43;43051;2;1;1.0;6.0;45,06004800;4,31375400;
202300021504.0;1;91;91201;2;1;1.0;7.0;48,68634000;2,42156000;
202300021505.0;1;43;43137;1;1;1.0;3.0;45,29179600;4,14662000;
202300021506.0;5;43;43020;2;1;1.0;6.0;45,29642600;4,12041200;
202300021507.0;1;91;91027;2;1;1.0;6.0;48,69838000;2,38203000;
202300021508.0;2;976;97611;2;1;2.0;1.0; -12,79152000;45,18147000;
202300021509.0;1;91;91223;2;1;1.0;1.0;48,43267000;2,16837000;
202300021510.0;1;974;97411;2;9;1.0;3.0; -20,88571000;55,47277000;
202300021511.0;1;90;90010;2;1;1.0;6.0;47,64560000;6,85456000;
202300021512.0;1;974;97411;2;1;1.0;6.0; -20,90355000;55,49013000;
202300021513.0;1;87;87050;2;3;1.0;2.0;45,88043000;1,22448000;
202300021514.0;5;973;97302;2;1;1.0;3.0;4,91999000; -52,31957000;
202300021515.0;1;86;86194;2;1;1.0;6.0;46,58585000;0,33978200;
202300021516.0;1;86;86066;2;1;1.0;6.0;46,80719000;0,52952000;
202300021517.0;1;69;69388;2;3;1.0;3.0;45,74332000;4,87424000;
202300021518.0;4;84;84007;2;1;1.0;6.0;43,93554000;4,83201000;
202300021519.0;3;972;97213;1;9;1.0;6.0;14,61040000; -61,00694000;
202300021520.0;1;972;97209;1;1;1.0;6.0;14,62584000; -61,05169000;
202300021521.0;1;78;78586;2;3;1.0;6.0;48,94025000;2,16704000;
202300021522.0;1;972;97209;1;1;1.0;7.0;14,61736000; -61,04860000;
202300021523.0;1;78;78551;2;1;1.0;6.0;48,89524000;2,08071000;
202300021524.0;5;971;97113;1;1;1.0;6.0;16,24064000; -61,46698000;
202300021525.0;1;2A;2A004;2;1;1.0;3.0;41,93800700;8,74009600;
202300021526.0;1;78;78440;2;6;1.0;3.0;48,99689100;1,91317400;
202300021527.0;3;95;95510;1;1;1.0;6.0;49,05985417;2,01397419;
202300021528.0;1;78;78440;2;1;1.0;3.0;48,99729500;1,90884300;
202300021529.0;1;78;78609;1;4;1.0;3.0;49,01582000;1,91042000;
202300021530.0;1;91;91689;2;1;3.0;1.0;48,74270200;2,33100900;
202300021531.0;1;78;78005;1;4;1.0;3.0;48,97860000;2,08200000;
202300021532.0;1;77;77373;2;1;1.0;6.0;48,78058946;2,60025498;
202300021533.0;1;91;91421;2;1;1.0;4.0;48,68436000;2,48875000;
202300021534.0;1;77;77390;2;1;1.0;3.0;48,78997000;2,65518000;
202300021535.0;1;77;77132;1;1;1.0;1.0;48,87710000;2,79832000;
202300021536.0;1;77;77307;2;1;1.0;3.0;48,87189000;2,73687000;
202300021537.0;1;77;77058;2;1;1.0;6.0;48,83473000;2,70870000;
202300021538.0;1;69;69266;2;3;8.0;6.0;45,76172261;4,92006510;
202300021539.0;1;77;77124;2;3;1.0;7.0;48,86210000;2,72242000;
202300021540.0;1;69;69029;2;1;1.0;6.0;45,73021000;4,88748000;
202300021541.0;5;73;73008;2;2;1.0;3.0;45,70883000;5,89389000;
202300021542.0;5;69;69275;2;1;1.0;1.0;45,77915844;4,94736692;
202300021543.0;1;69;69259;2;2;1.0;3.0;45,69644000;4,88370000;
202300021544.0;1;69;69286;2;1;2.0;3.0;45,82508000;4,90396000;
202300021545.0;1;64;64122;2;1;1.0;6.0;43,48358000; -1,55869000;
202300021546.0;1;69;69290;2;9;1.0;5.0;45,68688000;4,98393000;
202300021547.0;1;64;64122;2;6;8.0;7.0;43,47031000; -1,55520000;
202300021548.0;1;63;63070;2;1;8.0;2.0;45,74705000;3,06339000;
202300021549.0;1;65;65286;2;1;1.0;6.0;43,09238000; -0,04622000;
202300021550.0;1;62;62051;2;6;1.0;6.0;50,52072000;2,79304000;
202300021551.0;5;51;51230;2;1;1.0;1.0;49,04547000;3,95870000;
202300021552.0;1;64;64102;2;1;1.0;2.0;43,50029000; -1,49119000;
202300021553.0;1;38;38053;2;3;1.0;3.0;45,58857000;5,28779000;
202300021554.0;2;63;63113;2;2;1.0;3.0;45,77357000;3,09000000;
202300021555.0;1;37;37261;2;2;1.0;3.0;47,39753000;0,69946000;
202300021556.0;5;61;61001;2;2;9.0;3.0;48,42813000;0,08550000;
202300021557.0;1;35;35278;1;1;1.0;2.0;48,14083000; -1,68911000;
202300021558.0;1;57;57480;2;3;8.0;3.0;49,09393000;6,16807000;
202300021559.0;1;35;35115;2;6;2.0;3.0;48,35341031; -1,20088667;
202300021560.0;1;56;56260;2;2;1.0;3.0;47,66206000; -2,78132000;
202300021561.0;1;34;34003;2;1;1.0;6.0;43,29702000;3,51785200;
202300021562.0;2;54;54382;2;1;1.0;1.0;49,54410000;5,78243000;
202300021563.0;3;33;33249;2;6;2.0;1.0;44,86572000; -0,51384000;
202300021564.0;1;49;49099;2;1;1.0;1.0;47,04650000; -0,88892000;
202300021565.0;1;19;19275;2;1;1.0;6.0;45,55649945;2,31457686;
202300021566.0;1;15;15014;2;2;1.0;3.0;44,91224000;2,43681000;
202300021567.0;3;47;47031;1;1;1.0;2.0;44,17623000;0,65784000;
202300021568.0;1;14;14118;2;1;1.0;6.0;49,18484200; -0,35727000;
202300021569.0;4;45;45147;2;1;1.0;6.0;47,92882000;1,90672000;
202300021570.0;1;12;12145;2;1;1.0;3.0;44,11591000;3,06737000;
202300021571.0;1;39;39198;2;1;1.0;3.0;47,09796500;5,49954400;
202300021572.0;1;12;12089;2;1;1.0;6.0;44,55538815;2,25721300;
202300021573.0;5;34;34032;2;2;1.0;3.0;43,34779000;3,21693000;
202300021574.0;1;06;06088;2;1;1.0;6.0;43,70530500;7,25090400;
202300021575.0;1;33;33318;2;2;1.0;3.0;44,78240000; -0,68878000;
202300021576.0;5;75;75117;2;1;1.0;2.0;48,88642300;2,28929700;
202300021577.0;1;32;32013;2;9;1.0;2.0;43,64540000;0,58780000;
202300021578.0;1;75;75105;2;3;1.0;1.0;48,85192300;2,34917200;
202300021579.0;1;32;32013;2;1;1.0;7.0;43,63986000;0,58811000;
202300021580.0;1;29;29232;2;6;1.0;6.0;47,99209000; -4,11969000;
202300021581.0;1;75;75119;2;3;1.0;2.0;48,88831200;2,38628000;
202300021582.0;1;75;75119;2;3;1.0;3.0;48,87719200;2,40654700;
202300021583.0;1;29;29232;1;1;1.0;4.0;47,98330092; -4,11895037;
202300021584.0;5;29;29039;2;1;1.0;6.0;47,85662211; -3,89911518;
202300021585.0;5;75;75119;2;3;1.0;2.0;48,89112000;2,37756800;
202300021586.0;1;29;29019;2;1;1.0;4.0;48,40224000; -4,48423000;
202300021587.0;1;75;75117;2;5;1.0;3.0;48,89301100;2,32745400;
202300021588.0;2;28;28134;2;9;1.0;3.0;48,72827000;1,38408000;
202300021589.0;1;75;75116;2;5;1.0;2.0;48,87777813;2,27937412;
202300021590.0;1;75;75116;2;3;1.0;3.0;48,87836300;2,27979600;
202300021591.0;1;25;25056;2;2;1.0;6.0;47,24245900;6,02962200;
202300021592.0;4;75;75116;2;1;1.0;6.0;48,86568700;2,24554600;
202300021593.0;1;22;22113;2;1;1.0;2.0;48,72775700; -3,46582500;
202300021594.0;1;75;75114;2;3;1.0;7.0;48,83617400;2,32347100;
202300021595.0;1;19;19031;2;1;1.0;2.0;45,16547000;1,54123000;
202300021596.0;1;75;75114;2;4;1.0;3.0;48,82703000;2,32497100;
202300021597.0;1;17;17415;2;1;7.0;2.0;45,74017800; -0,65645600;
202300021598.0;1;75;75112;2;4;1.0;2.0;48,84447600;2,36813600;
202300021599.0;3;16;16015;2;6;1.0;3.0;45,64307900;0,13613500;
202300021600.0;2;75;75112;2;3;1.0;3.0;48,85149000;2,36925200;
202300021601.0;1;75;75109;2;3;1.0;6.0;48,87863300;2,33457400;
202300021602.0;1;15;15014;2;2;1.0;3.0;44,90919000;2,44640000;
202300021603.0;1;13;13054;2;1;1.0;6.0;43,41196000;5,20552000;
202300021604.0;1;75;75109;2;3;1.0;2.0;48,88387500;2,32858200;
202300021605.0;1;07;07186;2;1;2.0;6.0;44,71684000;4,61277000;
202300021606.0;5;75;75109;2;5;1.0;2.0;48,88214800;2,33372900;
202300021607.0;1;75;75108;2;1;1.0;6.0;48,87833800;2,32697300;
202300021608.0;1;06;06123;2;3;1.0;3.0;43,66715000;7,19256000;
202300021609.0;1;75;75103;2;3;1.0;3.0;48,86010600;2,36745700;
202300021610.0;1;75;75101;2;3;1.0;3.0;48,86292300;2,35069700;
202300021611.0;1;03;03310;2;5;1.0;3.0;46,13160000;3,43187000;
202300021612.0;5;94;94073;2;1;1.0;2.0;48,77082400;2,40118700;
202300021613.0;1;75;75119;2;1;1.0;5.0;48,88343000;2,39973900;
202300021614.0;1;94;94075;2;1;1.0;6.0;48,73420900;2,51967600;
202300021615.0;5;93;93078;2;1;1.0;3.0;48,95674000;2,54277000;
202300021616.0;1;75;75119;2;4;1.0;2.0;48,90035900;2,37664200;
202300021617.0;1;93;93027;2;1;1.0;6.0;48,93246689;2,40825648;
202300021618.0;5;75;75109;2;2;1.0;6.0;48,87778600;2,33189800;