Num_Acc;lum;departement;commune;agglomeration;intersection;meteo;type_collision;lat;long;date
202300021619.0;1;92;92012;2;1;1.0;7.0;48,82867183;2,23006904;
202300021620.0;1;17;17094;2;1;1.0;7.0;46,05919500; -1,08914900;
202300021621.0;1;75;75120;2;1;8.0;7.0;48,86659300;2,38355900;
202300021622.0;1;69;69298;1;1;1.0;3.0;45,66411540;4,99399441;
202300021623.0;2;40;40296;1;1;2.0;6.0;43,72853000; -1,41175400;
202300021624.0;1;75;75116;2;1;1.0;4.0;48,86263300;2,23085500;
202300021625.0;1;75;75116;2;2;1.0;3.0;48,85955400;2,27520200;
202300021626.0;1;17;17131;1;1;1.0;4.0;45,58677700; -0,85356500;
202300021627.0;1;41;41045;1;1;1.0;7.0;47,45445700;1,21748100;
202300021628.0;1;75;75114;2;1;1.0;3.0;48,83265944;2,33107030;
202300021629.0;1;05;05027;1;1;1.0;7.0;44,82719403;6,72914743;
202300021630.0;3;62;62338;2;1;1.0;6.0;50,62667900;2,82012600;
202300021631.0;1;75;75105;2;2;1.0;6.0;48,83680600;2,35185300;
202300021632.0;1;06;06109;1;1;1.0;3.0;43,83722000;7,19402800;
202300021633.0;1;75;75111;2;1;1.0;6.0;48,86460800;2,37803800;
202300021634.0;1;22;22369;2;4;1.0;3.0;48,34760000; -2,26321600;
202300021635.0;1;75;75110;2;1;1.0;7.0;48,87172500;2,36789600;
202300021636.0;3;61;61341;1;1;1.0;2.0;48,52217500;0,14968800;
202300021637.0;1;75;75107;2;2;1.0;2.0;48,86104900;2,31323800;
202300021638.0;1;51;51109;1;2;8.0;1.0;49,28798700;3,91833700;
202300021639.0;1;19;19278;1;3;1.0;3.0;45,21792400;1,41867900;
202300021640.0;1;75;75104;2;2;1.0;2.0;48,85585100;2,35081600;
202300021641.0;1;56;56002;1;3;1.0;3.0;47,55506100; -2,53206400;
202300021642.0;5;94;94081;2;1;1.0;3.0;48,79300600;2,39402200;
202300021643.0;1;79;79123;1;1;1.0;7.0;46,80195400; -0,64476000;
202300021644.0;5;94;94046;2;1;1.0;6.0;48,80685000;2,43497000;
202300021645.0;3;81;81120;1;1;2.0;1.0;43,52692360;2,29304700;
202300021646.0;3;71;71340;2;1;1.0;6.0;46,56652100;4,21843900;
202300021647.0;2;94;94046;2;1;1.0;2.0;48,79348700;2,43442800;
202300021648.0;1;71;71085;1;1;1.0;7.0;46,92974800;4,62142500;
202300021649.0;5;93;93072;2;2;1.0;2.0;48,95960000;2,38215000;
202300021650.0;1;63;63223;1;1;1.0;2.0;46,11685257;2,88642555;
202300021651.0;1;93;93071;2;2;1.0;3.0;48,92888332;2,51926106;
202300021652.0;1;63;63121;2;3;1.0;3.0;45,61361300;3,20368400;
202300021653.0;5;93;93066;2;1;1.0;6.0;48,93644900;2,35606500;
202300021654.0;1;49;49218;1;1;1.0;3.0;47,23769700; -1,06968100;
202300021655.0;1;42;42026;2;1;1.0;2.0;46,15033900;4,08272900;
202300021656.0;1;46;46047;1;1;1.0;6.0;44,79432300;1,55535900;
202300021657.0;1;93;93046;2;2;1.0;3.0;48,91815955;2,52179459;
202300021658.0;1;39;39201;1;1;1.0;2.0;46,65591500;5,79088100;
202300021659.0;1;44;44212;2;1;1.0;6.0;47,17236400; -1,26737600;
202300021660.0;2;93;93001;2;9;1.0;3.0;48,91036000;2,37896300;
202300021661.0;1;44;44043;2;1;1.0;7.0;47,08742700; -1,28996600;
202300021662.0;3;35;35340;1;1;2.0;7.0;48,03078108; -2,03481495;
202300021663.0;1;92;92073;2;2;1.0;3.0;48,86414000;2,20821000;
202300021664.0;3;34;34154;1;1;1.0;2.0;43,55901400;4,03009400;
202300021665.0;1;92;92076;2;1;1.0;2.0;48,83723000;2,15145000;
202300021666.0;1;31;31160;1;1;1.0;1.0;43,70890400;1,24489900;
202300021667.0;1;92;92051;2;3;1.0;6.0;48,88597563;2,26104990;
202300021668.0;3;31;31587;1;1;1.0;6.0;43,78253600;1,43382300;
202300021669.0;1;92;92036;2;1;1.0;6.0;48,91997000;2,31455000;
202300021670.0;3;38;38140;2;6;2.0;6.0;45,27172800;5,88827600;
202300021671.0;1;92;92026;2;6;1.0;4.0;48,89768311;2,23824763;
202300021672.0;1;01;01392;1;6;1.0;1.0;46,25716400;5,56625400;
202300021673.0;1;92;92024;2;3;1.0;7.0;48,90212166;2,30705649;
202300021674.0;1;70;70117;2;1;1.0;6.0;47,64002700;6,78247500;
202300021675.0;1;58;58103;2;1;1.0;7.0;47,43801300;3,58141000;
202300021676.0;1;92;92024;2;3;1.0;3.0;48,90138105;2,30768278;
202300021677.0;5;06;06035;2;1;1.0;6.0;43,80556800;7,49758400;
202300021678.0;1;92;92009;2;1;1.0;6.0;48,91555047;2,26536490;
202300021679.0;1;17;17482;1;1;1.0;1.0;46,16226600; -0,82818000;
202300021680.0;1;08;08179;1;1;1.0;6.0;49,69094000;5,04564300;
202300021681.0;1;87;87187;2;6;8.0;6.0;45,50949100;1,20079500;
202300021682.0;5;69;69279;2;3;1.0;6.0;45,79143700;5,04512300;
202300021683.0;1;42;42108;1;1;3.0;2.0;45,60752300;4,20788200;
202300021684.0;3;972;97207;2;1;1.0;6.0;14,58466800; -60,97761300;
202300021685.0;1;67;67223;1;1;1.0;2.0;48,49784200;7,56220900;
202300021686.0;1;84;84039;2;1;1.0;7.0;44,08597100;4,88204400;
202300021687.0;1;38;38052;2;1;1.0;7.0;45,08456600;6,01278300;
202300021688.0;1;85;85109;1;1;1.0;3.0;46,86370000; -1,09282500;
202300021689.0;1;73;73296;2;3;2.0;1.0;45,45680800;6,89861500;
202300021690.0;1;85;85109;2;6;1.0;3.0;46,87763000; -1,01296200;
202300021691.0;1;28;28029;1;1;1.0;6.0;48,16486400;1,85367200;
202300021692.0;3;987;98724;1;1;8.0;6.0; -16,70158000; -150,98354100;
202300021693.0;1;61;61464;1;1;1.0;6.0;48,61781000;0,19171300;
202300021694.0;5;987;98748;2;1;8.0;6.0; -17,81000000; -149,24300000;
202300021695.0;3;988;98817;1;1;1.0;1.0; -22,27851000;166,62211000;
202300021696.0;1;51;51237;1;2;1.0;3.0;48,71864229;3,54735553;
202300021697.0;1;972;97224;2;1;1.0;1.0;14,64824000; -61,04373000;
202300021698.0;1;56;56036;2;1;1.0;1.0;47,78426200; -3,34241900;
202300021699.0;1;2B;2B134;2;9;1.0;6.0;42,62914400;8,93694300;
202300021700.0;1;2B;2B084;2;1;1.0;6.0;42,57128700;8,88889400;
202300021701.0;1;76;76529;2;1;1.0;1.0;49,72743000;0,56224300;
202300021702.0;1;34;34006;1;1;1.0;6.0;43,32386600;2,78242700;
202300021703.0;1;2B;2B150;1;1;1.0;3.0;42,59948000;8,83960600;
202300021704.0;1;83;83101;1;1;1.0;5.0;43,23154500;6,61114600;
202300021705.0;3;71;71559;1;1;1.0;6.0;46,28464100;4,34929300;
202300021706.0;1;06;06141;1;1;1.0;7.0;43,85801800;7,12422600;
202300021707.0;1;71;71016;1;3;1.0;3.0;46,43873300;4,76618300;
202300021708.0;1;05;05073;1;1;1.0;1.0;44,36195200;5,87539000;
202300021709.0;1;04;04096;2;7;1.0;6.0;44,41884700;6,73349800;
202300021710.0;1;42;42228;1;2;1.0;5.0;45,56186900;4,09383100;
202300021711.0;1;35;35204;1;1;7.0;1.0;48,03224400; -1,55621800;
202300021712.0;2;38;38425;1;1;1.0;2.0;45,37582200;4,76254100;
202300021713.0;1;29;29044;1;9;1.0;6.0;48,21378300; -4,13771600;
202300021714.0;1;29;29235;2;1;1.0;6.0;48,39344000; -4,40641900;
202300021715.0;1;58;58134;2;1;1.0;2.0;46,93903400;3,25776500;
202300021716.0;1;72;72168;1;3;1.0;1.0;47,99874900; -0,12039400;
202300021717.0;1;06;06103;2;2;1.0;6.0;44,01673000;7,30935200;
202300021718.0;1;83;83122;1;3;1.0;2.0;43,77378068;6,21838528;
202300021719.0;1;64;64279;1;6;1.0;7.0;43,34460100; -1,40231300;
202300021720.0;1;07;07181;2;3;1.0;3.0;44,74176500;4,74562200;
202300021721.0;1;53;53271;2;1;1.0;6.0;48,34126108; -0,27116060;
202300021722.0;1;53;53008;1;1;1.0;3.0;48,29632800; -0,53614100;
202300021723.0;3;53;53062;2;9;1.0;6.0;47,82474900; -0,70510700;
202300021724.0;3;85;85146;1;1;1.0;2.0;46,99245000; -1,35054000;
202300021725.0;1;30;30116;1;1;1.0;1.0;43,94337900;4,62156400;
202300021726.0;1;08;08263;1;1;8.0;2.0;49,73866084;4,78226066;
202300021727.0;3;973;97307;1;1;1.0;7.0;4,84163400; -52,33939300;
202300021728.0;1;31;31216;1;1;1.0;2.0;43,74008800;1,59089300;
202300021729.0;1;06;06085;2;1;1.0;6.0;43,58060800;7,00697400;
202300021730.0;1;44;44028;1;1;1.0;7.0;47,34032000; -1,37816700;
202300021731.0;1;67;67460;1;1;1.0;6.0;48,76924200;7,59800600;
202300021732.0;1;06;06088;1;1;1.0;6.0;43,72866800;7,26044200;
202300021733.0;1;40;40312;1;1;2.0;6.0;43,51808400; -1,44221300;
202300021734.0;1;76;76650;1;3;1.0;3.0;49,61239900;0,29053200;
202300021735.0;2;83;83116;1;1;1.0;2.0;43,45429000;5,87777100;
202300021736.0;3;2B;2B126;1;1;1.0;1.0;42,18472900;9,36887000;
202300021737.0;1;987;98712;2;4;1.0;3.0; -17,27900000; -149,54200000;
202300021738.0;1;34;34202;2;1;1.0;6.0;43,58599800;3,77246500;
202300021739.0;1;2B;2B050;2;1;1.0;1.0;42,56829800;8,75134000;
202300021740.0;2;973;97305;1;1;3.0;2.0;4,96970500; -52,43932100;
202300021741.0;1;65;65362;2;7;1.0;7.0;42,96285700; -0,06816600;
202300021742.0;1;84;84019;2;3;1.0;3.0;44,27739000;4,76534100;
202300021743.0;1;69;69018;1;9;1.0;3.0;46,16388973;4,56916345;
202300021744.0;1;83;83146;1;1;1.0;1.0;43,64635500;6,01520800;
202300021745.0;3;69;69084;1;1;2.0;1.0;46,17995000;4,68560000;
202300021746.0;1;26;26072;1;1;1.0;6.0;45,11854600;4,89469900;
202300021747.0;1;32;32256;1;1;1.0;6.0;43,52419600;0,41699800;
202300021748.0;1;71;71235;1;4;1.0;7.0;46,33631000;4,79318100;
202300021749.0;1;63;63209;2;3;1.0;6.0;45,48887400;3,16524300;
202300021750.0;1;63;63261;1;3;1.0;3.0;45,58436100;3,27304065;
202300021751.0;3;38;38562;1;1;1.0;3.0;45,08383500;5,76089100;
202300021752.0;1;07;07323;2;1;1.0;6.0;44,90437400;4,82205400;
202300021753.0;1;55;55286;1;1;1.0;7.0;49,05263600;5,28895100;
202300021754.0;4;16;16304;1;1;1.0;6.0;45,69582800; -0,27011500;
202300021755.0;1;12;12215;1;4;1.0;3.0;44,48580200;2,39687000;
202300021756.0;3;33;33321;1;1;2.0;6.0;45,04132000; -0,41244600;
202300021757.0;1;44;44210;2;1;1.0;6.0;47,30098400; -2,20673500;
202300021758.0;1;44;44015;1;1;1.0;7.0;47,47946487; -1,71590666;
202300021759.0;1;29;29182;1;1;1.0;6.0;48,63958321; -3,68181391;
202300021760.0;3;61;61382;1;1;1.0;1.0;48,45489000; -0,01568900;
202300021761.0;1;38;38453;1;1;1.0;6.0;45,10824200;5,32364800;
202300021762.0;1;03;03082;2;1;1.0;6.0;46,28752100;2,72862200;
202300021763.0;1;50;50139;1;3;1.0;3.0;49,08297400; -1,03428100;
202300021764.0;1;76;76321;2;9;1.0;1.0;49,78828100;1,22294800;
202300021765.0;1;15;15101;1;1;1.0;5.0;45,10902900;2,77027100;
202300021766.0;1;76;76684;1;1;1.0;7.0;49,48801900;0,45885100;
202300021767.0;4;58;58242;2;1;1.0;3.0;47,37355300;3,50134000;
202300021768.0;1;60;60282;2;2;3.0;3.0;49,18438000;2,41339500;
202300021769.0;1;72;72090;2;9;1.0;3.0;48,05426100;0,49685200;
202300021770.0;1;59;59581;1;3;1.0;3.0;50,68513874;2,75677443;
202300021771.0;1;64;64405;2;6;1.0;3.0;43,32288700; -0,29900200;
202300021772.0;1;43;43203;2;1;1.0;7.0;45,13013600;4,05380500;
202300021773.0;1;13;13106;1;1;1.0;5.0;43,39034000;5,35011000;
202300021774.0;1;43;43015;1;1;1.0;6.0;44,98325600;3,35319000;
202300021775.0;1;83;83137;1;1;1.0;2.0;43,12624000;5,89636300;
202300021776.0;1;43;43156;1;1;1.0;1.0;44,88409300;4,07473700;
202300021777.0;1;91;91689;1;1;1.0;2.0;48,74863000;2,32774000;
202300021778.0;1;92;92072;1;1;1.0;7.0;48,82499763;2,22100700;
202300021779.0;2;85;85073;1;2;7.0;3.0;46,48794500; -1,17705000;
202300021780.0;1;37;37254;1;1;1.0;6.0;47,23689400;0,83978900;
202300021781.0;1;78;78118;1;1;1.0;2.0;48,98244000;1,68697400;
202300021782.0;1;30;30123;2;2;1.0;3.0;43,72050500;4,17404000;
202300021783.0;1;92;92047;1;1;1.0;2.0;48,83335317;2,16131084;
202300021784.0;1;95;95018;2;1;1.0;2.0;48,95204423;2,27986403;
202300021785.0;4;42;42130;1;1;1.0;4.0;45,68275300;4,15558900;
202300021786.0;3;77;77121;1;1;1.0;3.0;48,83683000;2,66519000;
202300021787.0;1;973;97309;2;1;1.0;5.0;4,89720100; -52,27400100;
202300021788.0;1;68;68278;1;1;1.0;5.0;47,74215500;7,42161900;
202300021789.0;1;75;75117;2;1;1.0;4.0;48,90048800;2,32206500;
202300021790.0;1;38;38253;1;1;1.0;1.0;45,03397900;6,09170400;
202300021791.0;3;72;72363;1;1;5.0;6.0;48,10343828;0,54424882;
202300021792.0;1;75;75116;2;1;1.0;5.0;48,84657500;2,25487500;
202300021793.0;1;75;75116;2;4;1.0;2.0;48,84143400;2,25413900;
202300021794.0;1;75;75119;2;3;1.0;6.0;48,88248400;2,37041800;
202300021795.0;1;06;06149;1;1;7.0;5.0;43,74380500;7,34597000;
202300021796.0;5;75;75117;2;3;1.0;5.0;48,89445500;2,31343800;
202300021797.0;1;988;98817;1;1;1.0;1.0; -22,23100900;166,51216900;
202300021798.0;5;75;75116;2;1;1.0;3.0;48,86837800;2,28231200;
202300021799.0;3;988;98833;1;1;1.0;7.0; -21,45682300;165,80919400;
202300021800.0;1;75;75116;2;9;1.0;3.0;48,84794400;2,25734000;
202300021801.0;1;974;97403;2;1;1.0;7.0; -21,27212900;55,46343100;
202300021802.0;5;66;66138;2;1;6.0;7.0;42,75248300;2,84913900;
202300021803.0;1;75;75115;2;2;1.0;6.0;48,83598200;2,27828600;
202300021804.0;1;66;66065;2;3;1.0;3.0;42,59907200;2,96504300;
202300021805.0;1;75;75115;2;3;1.0;7.0;48,83404200;2,29696800;
202300021806.0;1;04;04039;1;1;1.0;7.0;43,82893500;6,46617300;
202300021807.0;1;04;04226;1;1;1.0;7.0;44,32064000;6,60085200;
202300021808.0;2;75;75115;2;2;1.0;3.0;48,82548200;2,30027300;
202300021809.0;1;21;21038;2;1;1.0;2.0;47,19374400;5,39647400;
202300021810.0;1;75;75112;2;1;1.0;1.0;48,84235000;2,37107000;
202300021811.0;1;88;88173;1;1;1.0;3.0;48,37404100;6,25825900;
202300021812.0;1;75;75111;2;3;1.0;2.0;48,85407500;2,38267200;
202300021813.0;5;07;07156;1;1;1.0;6.0;44,67421500;4,25658000;
202300021814.0;1;75;75120;2;2;1.0;3.0;48,86478900;2,40132200;
202300021815.0;1;29;29042;1;1;1.0;6.0;48,24788700; -4,39819000;
202300021816.0;1;27;27242;1;1;1.0;1.0;48,93803400;0,82994000;
202300021817.0;1;75;75111;2;3;1.0;3.0;48,85637500;2,37678000;
202300021818.0;1;60;60341;2;1;1.0;3.0;49,09320907;2,74796900;
202300021819.0;1;75;75110;2;3;1.0;6.0;48,87824800;2,35433900;
202300021820.0;1;13;13215;1;1;1.0;3.0;43,34361228;5,37576092;
202300021821.0;3;33;33122;1;1;1.0;6.0;44,72678600; -0,73082685;
202300021822.0;5;75;75109;2;3;1.0;3.0;48,88386200;2,32856300;
202300021823.0;2;59;59350;1;1;1.0;2.0;50,64837000;2,97886000;
202300021824.0;5;94;94044;2;1;1.0;1.0;48,75270488;2,48581016;
202300021825.0;1;78;78640;1;1;1.0;6.0;48,77906300;2,19974400;
202300021826.0;2;92;92025;1;1;1.0;7.0;48,93542176;2,26058310;
202300021827.0;3;95;95256;1;1;1.0;6.0;49,05653000;2,20573000;
202300021828.0;1;94;94068;2;3;1.0;6.0;48,79788000;2,49603000;
202300021829.0;1;94;94046;2;1;1.0;6.0;48,81503000;2,41835000;
202300021830.0;1;13;13056;2;1;1.0;1.0;43,35390000;5,02550000;
202300021831.0;1;93;93029;2;2;1.0;6.0;48,91661000;2,44463000;
202300021832.0;5;988;98818;2;2;1.0;6.0; -22,27591000;166,44901000;
202300021833.0;1;988;98818;2;2;1.0;3.0; -22,27549000;166,44876000;
202300021834.0;3;974;97416;1;9;1.0;1.0; -21,32866000;55,45894000;
202300021835.0;1;974;97416;1;1;1.0;2.0; -21,28950000;55,46470000;
202300021836.0;5;974;97411;2;3;1.0;3.0; -20,90574935;55,47850657;
202300021837.0;5;974;97411;2;2;1.0;3.0; -20,89737000;55,48272000;
202300021838.0;5;974;97411;2;1;1.0;6.0; -20,87433000;55,45347000;
202300021839.0;1;974;97411;2;9;1.0;3.0; -20,88844000;55,44655000;
202300021840.0;1;974;97411;2;3;1.0;3.0; -20,87654000;55,44828000;
202300021841.0;1;974;97407;2;3;1.0;3.0; -20,93564027;55,29668864;
202300021842.0;1;974;97407;2;2;7.0;6.0; -20,93845000;55,29007000;
202300021843.0;1;973;97302;2;9;1.0;3.0;4,94210320; -52,30479240;
202300021844.0;1;973;97302;2;2;1.0;3.0;4,93334087; -52,33167887;
202300021845.0;1;973;97302;2;1;1.0;2.0;4,93172000; -52,30680000;
202300021846.0;1;973;97302;2;2;1.0;3.0;4,93495403; -52,32951298;
202300021847.0;1;973;97302;2;1;1.0;3.0;4,92402000; -52,30385000;
202300021848.0;2;973;97302;2;1;1.0;6.0;4,92001946; -52,31978059;
202300021849.0;5;973;97302;2;1;1.0;7.0;4,93650662; -52,33366773;
202300021850.0;1;69;69386;2;3;1.0;2.0;45,76616000;4,84443000;
202300021851.0;2;69;69387;2;1;1.0;6.0;45,72122000;4,84349000;
202300021852.0;1;69;69383;2;2;1.0;6.0;45,75620000;4,84615000;
202300021853.0;1;69;69386;2;3;2.0;1.0;45,77071000;4,84869000;
202300021854.0;1;69;69386;2;1;1.0;6.0;45,76358987;4,84588357;
202300021855.0;5;972;97209;2;1;1.0;6.0;14,60504000; -61,05970000;
202300021856.0;1;69;69389;1;9;1.0;6.0;45,76648338;4,78973775;
202300021857.0;3;2B;2B033;1;1;1.0;1.0;42,68482000;9,42202000;
202300021858.0;5;2B;2B120;1;1;1.0;2.0;42,65373000;9,44105000;
202300021859.0;5;971;97101;1;1;1.0;3.0;16,25386000; -61,53622000;
202300021860.0;1;971;97101;1;1;1.0;2.0;16,26832000; -61,51189000;
202300021861.0;1;971;97101;2;1;1.0;6.0;16,25249000; -61,52502000;
202300021862.0;1;971;97105;2;1;1.0;3.0;16,00324000; -61,72767000;
202300021863.0;1;2A;2A004;1;1;1.0;2.0;41,95542643;8,78349960;
202300021864.0;1;95;95268;2;1;1.0;1.0;48,96395300;2,41193500;
202300021865.0;1;91;91326;2;2;1.0;3.0;48,69466000;2,35899000;
202300021866.0;1;91;91687;2;3;1.0;6.0;48,65112000;2,36821000;
202300021867.0;1;91;91228;2;1;1.0;6.0;48,64133000;2,42020000;
202300021868.0;3;91;91223;2;1;2.0;7.0;48,42811000;2,17090000;
202300021869.0;1;89;89387;2;1;1.0;4.0;48,19092000;3,31149000;
202300021870.0;1;88;88383;2;9;1.0;1.0;48,01707000;6,59511000;
202300021871.0;1;87;87050;1;3;1.0;3.0;45,90574000;1,22264000;
202300021872.0;1;87;87085;1;1;2.0;1.0;45,80754000;1,25542000;
202300021873.0;4;87;87050;2;1;1.0;6.0;45,87685000;1,24943000;
202300021874.0;4;87;87114;2;1;2.0;6.0;45,83579000;1,28426000;
202300021875.0;1;85;85191;1;1;1.0;2.0;46,69944000; -1,43092000;
202300021876.0;1;83;83137;2;4;1.0;1.0;43,13728000;5,91443000;
202300021877.0;1;83;83069;2;9;1.0;2.0;43,05903000;6,14696000;
202300021878.0;1;82;82121;2;3;1.0;3.0;44,03000000;1,37000000;
202300021879.0;1;80;80489;2;1;1.0;3.0;49,87261000;2,37441000;
202300021880.0;1;78;78440;2;1;8.0;3.0;48,98593500;1,91291800;
202300021881.0;1;77;77449;1;1;1.0;6.0;48,85958400;2,79458400;
202300021882.0;1;77;77372;2;1;8.0;1.0;48,88191800;2,69716400;
202300021883.0;1;77;77237;2;1;2.0;2.0;48,83796100;2,75294800;
202300021884.0;1;77;77108;2;1;1.0;6.0;48,87300000;2,59000000;
202300021885.0;5;77;77058;2;1;3.0;7.0;48,84341000;2,72001300;
202300021886.0;1;77;77333;2;2;1.0;3.0;48,26710000;2,69290000;
202300021887.0;1;77;77156;1;2;1.0;3.0;48,28230000;2,73576000;
202300021888.0;1;76;76451;2;6;1.0;6.0;49,46241000;1,07696000;
202300021889.0;1;76;76217;2;1;1.0;3.0;49,92316000;1,07316000;
202300021890.0;1;76;76026;1;1;2.0;7.0;49,87166000;1,11728000;
202300021891.0;5;76;76476;2;3;1.0;3.0;49,48623000;0,58723000;
202300021892.0;1;76;76114;2;1;1.0;6.0;49,56961000;0,47134000;
202300021893.0;1;74;74010;2;1;1.0;3.0;45,90283000;6,11052000;
202300021894.0;5;72;72181;2;1;1.0;4.0;47,97785000;0,19950000;
202300021895.0;1;72;72181;2;9;2.0;2.0;47,97886000;0,20522000;
202300021896.0;1;72;72181;2;9;2.0;3.0;47,99430000;0,18539000;
202300021897.0;1;72;72181;2;9;1.0;1.0;47,99972000;0,18625000;
202300021898.0;1;69;69092;2;4;1.0;3.0;45,99406000;4,70447000;
202300021899.0;1;69;69264;2;2;1.0;3.0;45,98944000;4,72161000;
202300021900.0;1;69;69199;1;2;1.0;3.0;45,69447000;4,84468000;
202300021901.0;1;69;69029;2;1;8.0;2.0;45,75095056;4,90788344;
202300021902.0;1;69;69259;2;1;1.0;3.0;45,71112000;4,88203000;
202300021903.0;1;69;69029;2;1;1.0;2.0;45,74339000;4,93165000;
202300021904.0;1;67;67482;2;1;2.0;6.0;48,56325446;7,76179120;
202300021905.0;1;66;66136;2;1;1.0;2.0;42,67453000;2,88637000;
202300021906.0;1;66;66136;2;1;1.0;6.0;42,69130000;2,89656000;
202300021907.0;1;64;64260;2;2;3.0;3.0;43,36625000; -1,76967000;
202300021908.0;1;64;64189;2;1;1.0;6.0;43,38772000; -1,67049000;
202300021909.0;1;64;64445;2;1;1.0;6.0;43,30337000; -0,34840000;
202300021910.0;5;64;64132;2;6;1.0;7.0;43,30328000; -0,32165000;
202300021911.0;1;64;64445;2;1;1.0;6.0;43,29972000; -0,36181000;
202300021912.0;1;64;64125;2;1;1.0;7.0;43,43768000; -1,59054000;
202300021913.0;1;64;64102;1;1;1.0;6.0;43,48707000; -1,48546000;
202300021914.0;5;64;64102;2;9;8.0;7.0;43,51201000; -1,43967000;
202300021915.0;1;63;63300;1;3;1.0;3.0;45,87606000;3,09958000;
202300021916.0;1;63;63300;2;6;1.0;6.0;45,88373986;3,11158240;
202300021917.0;2;42;42293;1;1;1.0;3.0;46,01974200;4,27790900;
202300021918.0;1;42;42019;2;1;1.0;6.0;45,73957800;4,00641600;
202300021919.0;1;63;63063;1;3;1.0;3.0;45,84332549;3,10765296;
202300021920.0;1;46;46219;1;1;1.0;3.0;44,60396600;1,42329800;
202300021921.0;5;62;62193;2;9;1.0;3.0;50,94822800;1,87846000;
202300021922.0;1;62;62774;1;1;3.0;6.0;50,94829000;1,76066000;
202300021923.0;1;41;41097;1;1;1.0;1.0;47,29386100;1,62777900;
202300021924.0;3;86;86286;1;3;1.0;7.0;46,86938800;0,22894000;
202300021925.0;1;62;62178;2;2;2.0;3.0;50,47505900;2,53821100;
202300021926.0;1;62;62048;1;2;1.0;3.0;50,51660204;2,46866584;
202300021927.0;1;68;68062;1;2;1.0;3.0;47,62968200;7,19559400;
202300021928.0;1;31;31167;2;1;1.0;6.0;43,04466400;0,73934600;
202300021929.0;1;61;61001;2;2;1.0;3.0;48,43050000;0,09350000;
202300021930.0;1;02;02215;1;1;1.0;2.0;49,44820700;3,84214600;
202300021931.0;1;70;70171;2;1;7.0;6.0;47,91298000;6,33706700;
202300021932.0;1;60;60057;2;1;2.0;3.0;49,43218000;2,10798025;
202300021933.0;1;26;26165;2;1;1.0;1.0;44,77221194;4,84292771;
202300021934.0;1;59;59646;2;9;1.0;1.0;50,68694700;3,14599500;
202300021935.0;1;54;54383;1;1;1.0;7.0;48,55400081;6,46455288;
202300021936.0;1;59;59512;2;1;1.0;6.0;50,69827000;3,16756000;
202300021937.0;1;14;14229;2;2;1.0;3.0;49,23221900; -0,04453300;
202300021938.0;1;59;59350;2;2;1.0;3.0;50,63545000;3,05250000;
202300021939.0;1;57;57630;2;1;8.0;6.0;48,73514000;7,04796000;
202300021940.0;1;05;05164;1;1;1.0;4.0;44,52668000;6,41698100;
202300021941.0;1;56;56121;2;2;8.0;2.0;47,75285000; -3,36184000;
202300021942.0;1;56;56260;2;6;2.0;3.0;47,66603000; -2,74875000;
202300021943.0;1;64;64036;1;1;1.0;7.0;43,37892200; -0,99781400;
202300021944.0;1;56;56098;2;1;2.0;3.0;47,77738400; -3,34476400;
202300021945.0;1;54;54528;1;1;2.0;7.0;48,70633000;5,88458000;
202300021946.0;1;51;51454;2;1;1.0;6.0;49,26265000;4,02205000;
202300021947.0;1;64;64495;2;6;1.0;3.0;43,35550000; -1,55398600;
202300021948.0;1;54;54498;2;1;1.0;2.0;48,71345000;6,25115000;
202300021949.0;3;18;18043;1;1;1.0;6.0;46,77840800;2,17921800;
202300021950.0;5;50;50502;2;1;4.0;6.0;49,11461000; -1,09596000;
202300021951.0;1;54;54395;2;6;2.0;2.0;48,67649000;6,20613000;
202300021952.0;1;49;49007;2;1;2.0;7.0;47,48142000; -0,52191000;
202300021953.0;1;43;43218;1;3;1.0;3.0;45,03548800;4,03985700;
202300021954.0;5;54;54261;2;1;2.0;6.0;49,51807000;5,79973000;
202300021955.0;5;49;49007;2;2;2.0;3.0;47,47012000; -0,56224000;
202300021956.0;1;16;16286;1;9;1.0;2.0;45,78875900; -0,10555000;
202300021957.0;1;54;54323;2;2;2.0;3.0;49,52545000;5,76189000;
202300021958.0;1;45;45302;2;1;1.0;6.0;47,93321000;1,88664000;
202300021959.0;1;51;51454;2;1;2.0;7.0;49,25496000;4,04039000;
202300021960.0;5;07;07007;2;3;1.0;1.0;44,94470500;4,72995500;
202300021961.0;1;51;51454;2;3;1.0;6.0;49,25425000;4,03115000;
202300021962.0;1;45;45208;2;2;2.0;3.0;47,99390000;2,73245000;
202300021963.0;1;50;50066;1;1;1.0;4.0;48,81848000; -1,54967000;
202300021964.0;1;40;40209;2;3;1.0;3.0;43,56865300; -1,45643700;
202300021965.0;1;37;37261;2;2;1.0;3.0;47,37818000;0,69748000;
202300021966.0;2;19;19031;2;3;2.0;6.0;45,16722000;1,54861000;