Num_Acc;lum;departement;commune;agglomeration;intersection;meteo;type_collision;lat;long;date
202300021967.0;1;49;49328;2;1;1.0;1.0;47,25313000; -0,07716000;
202300021968.0;1;17;17485;2;2;1.0;1.0;45,85903100; -1,23233600;
202300021969.0;1;37;37261;2;2;2.0;3.0;47,38605266;0,67216158;
202300021970.0;1;49;49328;2;1;1.0;3.0;47,25133000; -0,07659000;
202300021971.0;4;17;17200;2;2;1.0;3.0;46,18610000; -1,15070000;
202300021972.0;1;30;30003;1;6;1.0;3.0;43,55980000;4,15401000;
202300021973.0;1;32;32013;2;9;2.0;3.0;43,65715000;0,62741000;
202300021974.0;1;49;49328;2;1;2.0;1.0;47,24645900; -0,07900000;
202300021975.0;1;88;88075;2;1;1.0;6.0;47,99973300;6,87034300;
202300021976.0;5;14;14118;2;1;2.0;2.0;49,19110902; -0,37393212;
202300021977.0;5;49;49328;2;1;1.0;6.0;47,26031000; -0,07457000;
202300021978.0;1;31;31555;2;6;2.0;3.0;43,56303000;1,42497000;
202300021979.0;5;49;49007;2;1;1.0;6.0;47,45716000; -0,54394000;
202300021980.0;1;971;97103;2;9;1.0;3.0;16,25457600; -61,55891200;
202300021981.0;5;13;13071;2;1;1.0;3.0;43,41381425;5,34406249;
202300021982.0;1;26;26362;1;1;1.0;2.0;44,95561704;4,93537188;
202300021983.0;1;49;49007;2;9;1.0;3.0;47,45146321; -0,55719137;
202300021984.0;5;25;25056;2;6;1.0;7.0;47,26304000;6,05141000;
202300021985.0;1;13;13019;2;9;2.0;1.0;43,42369000;5,36749000;
202300021986.0;1;13;13019;1;1;8.0;7.0;43,45045000;5,36007000;
202300021987.0;1;13;13087;1;1;1.0;3.0;43,47989200;5,58959500;
202300021988.0;1;22;22278;2;1;1.0;6.0;48,49688000; -2,74759000;
202300021989.0;1;47;47001;2;1;1.0;5.0;44,21026000;0,60988000;
202300021990.0;2;13;13103;1;1;1.0;1.0;43,63768000;5,11839000;
202300021991.0;1;47;47001;2;1;1.0;3.0;44,20621000;0,61902000;
202300021992.0;1;14;14333;2;2;8.0;3.0;49,41351300;0,23095800;
202300021993.0;5;13;13208;2;1;1.0;3.0;43,24634745;5,38765949;
202300021994.0;1;77;77141;1;1;1.0;3.0;48,85600500;2,85721800;
202300021995.0;1;47;47001;2;2;1.0;1.0;44,19913024;0,62621641;
202300021996.0;5;13;13211;2;1;1.0;2.0;43,28971738;5,49548469;
202300021997.0;1;95;95212;1;6;1.0;6.0;49,02961709;2,55884618;
202300021998.0;1;45;45232;2;1;1.0;2.0;47,87031000;1,91204000;
202300021999.0;1;13;13206;2;1;1.0;1.0;43,28420000;5,37160000;
202300022000.0;1;45;45234;2;1;1.0;3.0;47,90328941;1,93186104;
202300022001.0;2;95;95351;2;2;1.0;3.0;49,05020100;2,50213900;
202300022002.0;5;13;13208;2;1;1.0;5.0;43,26630800;5,39448500;
202300022003.0;5;06;06027;2;1;1.0;6.0;43,65255600;7,15178000;
202300022004.0;1;45;45208;1;1;1.0;6.0;48,00970000;2,74770000;
202300022005.0;1;78;78305;1;1;1.0;7.0;48,90244200;1,88847900;
202300022006.0;1;42;42218;2;7;1.0;6.0;45,44902000;4,40191000;
202300022007.0;1;13;13203;2;3;1.0;2.0;43,31451000;5,37072000;
202300022008.0;1;05;05023;2;3;1.0;3.0;44,88344986;6,62585020;
202300022009.0;2;38;38421;2;6;1.0;7.0;45,18251000;5,77719000;
202300022010.0;5;974;97411;2;1;1.0;6.0; -20,89600000;55,48500000;
202300022011.0;1;66;66017;1;1;1.0;7.0;42,79627500;3,02681800;
202300022012.0;1;13;13213;2;1;1.0;1.0;43,33185000;5,42872000;
202300022013.0;5;37;37261;2;2;2.0;3.0;47,39754000;0,69944000;
202300022014.0;2;972;97213;1;1;1.0;2.0;14,61820000; -61,00680000;
202300022015.0;5;13;13206;2;1;1.0;3.0;43,29301000;5,38539000;
202300022016.0;1;37;37195;2;1;1.0;7.0;47,38948000;0,64710000;
202300022017.0;1;972;97213;1;1;1.0;2.0;14,62380000; -61,01864000;
202300022018.0;1;83;83059;1;3;1.0;5.0;43,34013800;6,09644100;
202300022019.0;5;35;35238;2;1;1.0;6.0;48,13402674; -1,66002721;
202300022020.0;1;12;12145;2;3;8.0;6.0;44,10138000;3,07639000;
202300022021.0;2;95;95277;1;1;2.0;3.0;48,97754000;2,46241000;
202300022022.0;3;94;94065;1;1;1.0;2.0;48,75843686;2,34771690;
202300022023.0;1;13;13027;2;1;1.0;1.0;43,88554700;4,83128800;
202300022024.0;1;35;35238;2;3;1.0;3.0;48,09136000; -1,65730000;
202300022025.0;4;92;92064;1;1;1.0;3.0;48,83850309;2,19236003;
202300022026.0;1;10;10357;1;1;1.0;1.0;48,29622500;4,13750700;
202300022027.0;5;13;13041;2;1;1.0;6.0;43,43460100;5,46600900;
202300022028.0;1;34;34129;1;1;1.0;3.0;43,57611000;3,92600000;
202300022029.0;3;95;95252;1;1;1.0;2.0;48,97649655;2,23542974;
202300022030.0;1;07;07186;1;1;1.0;6.0;44,73594000;4,61219000;
202300022031.0;1;38;38205;1;1;1.0;6.0;45,12464800;5,59047500;
202300022032.0;1;34;34172;2;1;1.0;6.0;43,61168000;3,83890000;
202300022033.0;5;91;91471;2;6;2.0;5.0;48,68492000;2,17980000;
202300022034.0;3;93;93051;1;1;1.0;7.0;48,83487165;2,58137503;
202300022035.0;2;38;38317;1;1;1.0;1.0;45,11254200;5,69920100;
202300022036.0;1;06;06029;2;2;1.0;3.0;43,54660000;7,03575000;
202300022037.0;1;72;72181;2;1;1.0;6.0;47,99815000;0,21346000;
202300022038.0;1;34;34003;2;1;1.0;1.0;43,28016000;3,50074000;
202300022039.0;5;91;91097;2;6;2.0;6.0;48,69057000;2,52550000;
202300022040.0;1;01;01249;1;1;1.0;1.0;45,81190500;4,95289700;
202300022041.0;1;976;97611;2;1;1.0;3.0; -12,78109000;45,23405000;
202300022042.0;1;91;91479;1;1;2.0;2.0;48,71320577;2,37127125;
202300022043.0;1;01;01289;2;2;7.0;1.0;46,17130665;5,19691944;
202300022044.0;1;33;33069;2;3;1.0;3.0;44,85361000; -0,59577000;
202300022045.0;2;974;97411;2;9;1.0;6.0; -20,88546000;55,47478000;
202300022046.0;1;69;69094;1;2;1.0;3.0;45,74883400;4,66388900;
202300022047.0;1;83;83137;2;2;1.0;3.0;43,12187000;5,95566000;
202300022048.0;5;973;97302;2;3;2.0;3.0;4,91848000; -52,31551000;
202300022049.0;1;33;33063;2;1;1.0;6.0;44,82946000; -0,55259000;
202300022050.0;5;75;75113;2;1;2.0;3.0;48,81741600;2,35467400;
202300022051.0;1;972;97213;2;1;1.0;6.0;14,60886000; -60,99763000;
202300022052.0;3;33;33039;2;1;2.0;6.0;44,79493054; -0,56772977;
202300022053.0;1;83;83123;2;3;1.0;6.0;43,11870000;5,80856300;
202300022054.0;1;33;33240;2;3;1.0;3.0;45,30635722; -0,93626607;
202300022055.0;1;972;97209;2;1;1.0;2.0;14,61064000; -61,05466000;
202300022056.0;2;75;75116;2;1;2.0;3.0;48,83963700;2,25416500;
202300022057.0;1;33;33281;2;1;1.0;3.0;44,85632000; -0,65088000;
202300022058.0;3;80;80131;1;1;1.0;7.0;49,85295000;2,38753000;
202300022059.0;1;75;75119;2;1;1.0;7.0;48,90050300;2,38481800;
202300022060.0;4;971;97113;1;1;1.0;5.0;16,23688459; -61,47763610;
202300022061.0;1;78;78401;2;9;8.0;6.0;49,00476600;1,91023100;
202300022062.0;1;33;33529;2;1;1.0;1.0;44,60591160; -1,12055719;
202300022063.0;1;60;60282;2;3;1.0;3.0;49,17210700;2,43065800;
202300022064.0;1;971;97113;1;1;1.0;7.0;16,21849318; -61,50633574;
202300022065.0;1;75;75105;2;2;2.0;6.0;48,84993700;2,34362600;
202300022066.0;1;33;33009;2;3;1.0;6.0;44,65960000; -1,17282000;
202300022067.0;1;84;84035;1;1;1.0;3.0;43,86049000;5,02548000;
202300022068.0;1;75;75116;1;1;1.0;6.0;48,84818020;2,25269079;
202300022069.0;1;33;33009;2;1;1.0;1.0;44,65571001; -1,14681199;
202300022070.0;1;83;83137;2;1;1.0;3.0;43,12849000;5,91530000;
202300022071.0;5;75;75119;2;2;1.0;2.0;48,88594500;2,38219300;
202300022072.0;1;78;78217;1;1;1.0;6.0;48,96278600;1,83695600;
202300022073.0;1;83;83062;1;6;1.0;6.0;43,13779200;6,02591000;
202300022074.0;1;32;32013;1;1;1.0;3.0;43,62689000;0,58726000;
202300022075.0;3;74;74012;2;1;2.0;7.0;46,18500000;6,22399000;
202300022076.0;5;76;76540;2;2;2.0;3.0;49,43791000;1,10210000;
202300022077.0;5;75;75118;2;3;1.0;3.0;48,89360700;2,33633300;
202300022078.0;2;31;31555;2;1;1.0;1.0;43,64745000;1,42026000;
202300022079.0;3;71;71486;1;1;2.0;6.0;46,63529000;4,33458000;
202300022080.0;1;74;74012;2;1;2.0;2.0;46,18778000;6,24834000;
202300022081.0;1;75;75115;2;2;1.0;3.0;48,83925600;2,29193400;
202300022082.0;1;77;77243;2;4;1.0;1.0;48,87554800;2,70162200;
202300022083.0;3;71;71040;2;1;3.0;5.0;46,70023000;4,39115000;
202300022084.0;1;31;31555;2;1;1.0;7.0;43,57378900;1,40999300;
202300022085.0;1;75;75114;2;1;2.0;6.0;48,83831600;2,33935100;
202300022086.0;1;74;74007;1;2;1.0;3.0;46,07912900;6,31309400;
202300022087.0;1;69;69013;2;1;1.0;1.0;46,00464383;4,71964671;
202300022088.0;1;29;29232;1;9;1.0;1.0;47,96627000; -4,08226000;
202300022089.0;1;77;77070;1;4;1.0;1.0;48,78728400;3,13413200;
202300022090.0;1;75;75113;2;1;3.0;3.0;48,82128700;2,36821200;
202300022091.0;2;29;29232;2;6;1.0;3.0;47,97895000; -4,09436000;
202300022092.0;5;66;66136;2;3;1.0;3.0;42,69544000;2,88225000;
202300022093.0;1;74;74133;1;1;1.0;1.0;46,18622000;6,22155000;
202300022094.0;2;72;72181;2;1;1.0;3.0;47,99870000;0,23453000;
202300022095.0;1;75;75111;2;2;3.0;6.0;48,86811700;2,37245400;
202300022096.0;1;74;74258;2;1;1.0;6.0;46,08000000;6,72837500;
202300022097.0;5;69;69259;2;2;1.0;3.0;45,69175000;4,86505000;
202300022098.0;5;64;64102;2;3;1.0;6.0;43,49301000; -1,47268000;
202300022099.0;1;29;29232;2;1;1.0;5.0;47,98736000; -4,09850000;
202300022100.0;5;62;62570;2;3;1.0;3.0;50,40816550;2,88097900;
202300022101.0;1;75;75110;2;9;3.0;6.0;48,86935600;2,35429500;
202300022102.0;1;63;63113;2;1;1.0;1.0;45,78181000;3,09542000;
202300022103.0;1;74;74281;1;6;8.0;3.0;46,37814000;6,49027000;
202300022104.0;1;29;29039;1;3;1.0;3.0;47,92067246; -3,92858079;
202300022105.0;3;62;62764;1;9;1.0;6.0;50,31238300;2,77615900;
202300022106.0;5;60;60057;2;4;1.0;2.0;49,43326000;2,05267000;
202300022107.0;1;75;75108;2;1;3.0;6.0;48,87582900;2,30028600;
202300022108.0;3;74;74243;1;1;2.0;6.0;46,13177600;6,09298100;
202300022109.0;1;29;29039;1;1;1.0;7.0;47,88531200; -3,90454800;
202300022110.0;1;59;59350;2;1;2.0;3.0;50,61920000;3,05261000;
202300022111.0;5;54;54395;2;2;1.0;3.0;48,70167000;6,17156000;
202300022112.0;1;75;75108;2;2;3.0;7.0;48,87505100;2,30610800;
202300022113.0;2;74;74310;1;1;1.0;3.0;45,82645625;6,04665678;
202300022114.0;1;57;57221;2;1;2.0;3.0;49,32184000;6,11254000;
202300022115.0;2;51;51454;2;1;1.0;3.0;49,25286000;4,02688000;
202300022116.0;1;29;29039;1;1;8.0;2.0;47,88829472; -3,91495628;
202300022117.0;5;75;75107;2;1;1.0;1.0;48,86037100;2,32671900;
202300022118.0;5;45;45147;2;6;1.0;6.0;47,93398000;1,89486000;
202300022119.0;1;73;73011;1;1;1.0;5.0;45,67027000;6,39220000;
202300022120.0;5;75;75103;2;2;1.0;7.0;48,86248500;2,36333400;
202300022121.0;2;56;56121;2;2;2.0;3.0;47,74264000; -3,37953000;
202300022122.0;1;29;29019;2;2;1.0;1.0;48,41340500; -4,48663100;
202300022123.0;1;44;44109;2;6;1.0;3.0;47,24336000; -1,55659000;
202300022124.0;5;46;46042;2;1;1.0;1.0;44,45327000;1,43138000;
202300022125.0;1;55;55545;2;1;1.0;6.0;49,14800000;5,39100000;
202300022126.0;2;37;37261;2;2;8.0;3.0;47,37557000;0,70591000;
202300022127.0;5;75;75117;2;1;1.0;6.0;48,89439300;2,30553500;
202300022128.0;1;94;94081;2;3;1.0;3.0;48,79657100;2,40928700;
202300022129.0;1;34;34172;2;1;1.0;6.0;43,61504000;3,83982000;
202300022130.0;2;54;54357;2;1;1.0;6.0;48,70273000;6,12882000;
202300022131.0;2;94;94046;2;1;1.0;6.0;48,81385800;2,42141200;
202300022132.0;3;974;97411;1;1;1.0;2.0; -20,87420000;55,42903000;
202300022133.0;1;54;54395;2;9;2.0;6.0;48,69100000;6,17496000;
202300022134.0;4;33;33063;2;3;1.0;5.0;44,86675000; -0,57375000;
202300022135.0;5;974;97411;2;1;1.0;6.0; -20,87219000;55,44990000;
202300022136.0;1;54;54323;1;1;1.0;7.0;49,52838100;5,75530500;
202300022137.0;3;33;33529;1;1;1.0;6.0;44,61353171; -1,14771992;
202300022138.0;5;94;94041;2;2;3.0;3.0;48,81099000;2,38357000;
202300022139.0;5;50;50502;2;1;2.0;6.0;49,11477000; -1,09897000;
202300022140.0;5;31;31555;2;1;1.0;3.0;43,59952000;1,42969000;
202300022141.0;2;974;97407;2;9;1.0;2.0; -20,95107000;55,31852000;
202300022142.0;2;94;94038;2;1;3.0;6.0;48,77471000;2,33967000;
202300022143.0;5;31;31555;1;1;1.0;3.0;43,64790000;1,42208000;
202300022144.0;1;50;50129;2;1;1.0;7.0;49,64213000; -1,62193000;
202300022145.0;1;973;97302;2;1;1.0;3.0;4,91055107; -52,32147190;
202300022146.0;5;31;31555;2;1;1.0;2.0;43,63584000;1,47769000;
202300022147.0;1;94;94033;2;6;1.0;3.0;48,85250184;2,49063697;
202300022148.0;5;49;49007;2;3;2.0;2.0;47,48781000; -0,51643000;
202300022149.0;1;27;27229;2;1;1.0;3.0;49,02744805;1,18002176;
202300022150.0;1;49;49015;2;1;2.0;7.0;47,48767000; -0,58740000;
202300022151.0;1;69;69386;2;3;1.0;3.0;45,76629000;4,86166000;
202300022152.0;5;94;94022;2;9;2.0;3.0;48,77331000;2,40947000;
202300022153.0;5;25;25056;2;3;1.0;3.0;47,24814000;6,04285000;
202300022154.0;5;45;45302;2;6;2.0;3.0;47,96006000;1,88070000;
202300022155.0;1;22;22106;2;2;1.0;1.0;48,49044208; -2,70035684;
202300022156.0;1;42;42170;1;4;8.0;7.0;46,03675000;4,10431000;
202300022157.0;5;69;69387;2;2;1.0;3.0;45,74233000;4,85078000;
202300022158.0;5;94;94042;2;3;2.0;3.0;48,81242000;2,46745000;
202300022159.0;1;14;14118;2;1;2.0;6.0;49,16275000; -0,35799000;
202300022160.0;5;41;41269;2;1;2.0;6.0;47,79567000;1,06813000;
202300022161.0;3;13;13209;2;1;1.0;7.0;43,24569000;5,44611000;
202300022162.0;1;94;94017;2;1;1.0;3.0;48,82198161;2,49099956;
202300022163.0;5;13;13209;2;1;1.0;1.0;43,25883921;5,41714499;
202300022164.0;5;41;41018;2;1;2.0;6.0;47,60533000;1,31347000;
202300022165.0;1;69;69081;2;3;1.0;3.0;45,77923000;4,78783000;
202300022166.0;5;13;13205;2;1;1.0;6.0;43,29166000;5,40416000;
202300022167.0;1;93;93066;2;1;2.0;6.0;48,93606600;2,36509500;
202300022168.0;2;38;38053;2;1;2.0;6.0;45,59584000;5,23734000;
202300022169.0;1;11;11069;2;9;8.0;6.0;43,20511000;2,39686000;
202300022170.0;2;93;93062;2;6;2.0;6.0;48,89595000;2,52703000;
202300022171.0;1;971;97101;1;1;1.0;1.0;16,26194000; -61,46349000;
202300022172.0;5;07;07316;2;1;1.0;7.0;44,89770000;4,85183000;
202300022173.0;1;37;37122;2;1;1.0;2.0;47,35245000;0,68851000;
202300022174.0;5;02;02059;2;1;1.0;1.0;49,65867000;3,34382900;
202300022175.0;2;93;93055;2;3;2.0;3.0;48,90580620;2,39467182;
202300022176.0;1;2A;2A004;2;3;1.0;3.0;41,92494000;8,73890000;
202300022177.0;1;37;37261;2;7;2.0;3.0;47,39032000;0,68969000;
202300022178.0;5;92;92062;2;3;1.0;2.0;48,87707876;2,24117607;
202300022179.0;5;93;93053;2;1;2.0;6.0;48,88913766;2,45488322;
202300022180.0;2;75;75120;2;1;1.0;2.0;48,85812100;2,41432500;
202300022181.0;2;95;95488;2;3;1.0;6.0;49,02155000;2,16081000;
202300022182.0;1;34;34108;2;3;1.0;3.0;43,44340000;3,74920000;
202300022183.0;2;93;93050;2;1;3.0;6.0;48,86976000;2,55346000;
202300022184.0;5;75;75117;2;1;2.0;3.0;48,89515800;2,30641000;
202300022185.0;5;83;83137;2;1;1.0;2.0;43,12915000;5,89727000;
202300022186.0;2;75;75116;2;1;1.0;2.0;48,87783829;2,27973282;
202300022187.0;5;93;93048;2;1;2.0;3.0;48,87267600;2,45336800;
202300022188.0;5;34;34172;2;1;1.0;2.0;43,62042000;3,85619000;
202300022189.0;5;75;75120;2;1;1.0;2.0;48,86427400;2,41349900;
202300022190.0;1;83;83069;2;1;1.0;3.0;43,09963000;6,13260000;
202300022191.0;1;93;93029;2;3;3.0;3.0;48,92808000;2,45591000;
202300022192.0;1;34;34172;2;2;8.0;1.0;43,60590000;3,89410000;
202300022193.0;1;75;75115;2;3;1.0;6.0;48,84399098;2,27733761;
202300022194.0;3;83;83050;2;1;1.0;1.0;43,54256800;6,48741900;
202300022195.0;5;92;92046;2;1;1.0;7.0;48,81190998;2,29460174;
202300022196.0;1;77;77014;2;1;1.0;3.0;48,41387000;2,71515000;
202300022197.0;1;34;34172;2;8;1.0;3.0;43,62378000;3,86745000;
202300022198.0;1;75;75114;2;1;8.0;6.0;48,82556500;2,31531700;
202300022199.0;1;92;92075;2;1;2.0;7.0;48,82148725;2,28766716;
202300022200.0;5;75;75111;2;2;1.0;3.0;48,85469800;2,38537600;
202300022201.0;1;34;34172;2;9;1.0;3.0;43,60486000;3,85585000;
202300022202.0;1;74;74012;2;1;1.0;3.0;46,18000000;6,24000000;
202300022203.0;5;92;92062;2;1;1.0;3.0;48,88347000;2,24884000;
202300022204.0;5;75;75109;2;2;1.0;3.0;48,87526200;2,33229200;
202300022205.0;1;33;33069;2;3;6.0;3.0;44,85583000; -0,59477000;
202300022206.0;5;72;72181;2;1;1.0;3.0;47,99762000;0,21567000;
202300022207.0;5;75;75101;2;1;1.0;6.0;48,86231386;2,33104616;
202300022208.0;5;92;92020;2;1;1.0;1.0;48,79536411;2,27440345;
202300022209.0;5;94;94068;2;1;8.0;7.0;48,80106700;2,50945400;
202300022210.0;1;31;31555;2;9;1.0;3.0;43,64794000;1,42203000;
202300022211.0;1;72;72181;2;9;7.0;3.0;47,99875000;0,19522000;
202300022212.0;1;94;94038;2;9;1.0;3.0;48,78360000;2,34584000;
202300022213.0;1;92;92040;2;3;2.0;3.0;48,82525349;2,26781219;
202300022214.0;5;28;28134;2;9;2.0;5.0;48,74593000;1,36808000;
202300022215.0;1;69;69259;2;1;1.0;6.0;45,69472000;4,87172000;
202300022216.0;1;27;27229;2;1;2.0;3.0;49,02219500;1,14639700;
202300022217.0;1;92;92012;2;9;1.0;3.0;48,82649769;2,23967546;
202300022218.0;5;94;94041;2;1;8.0;7.0;48,81152000;2,38424000;
202300022219.0;1;67;67482;2;1;1.0;2.0;48,59309000;7,69643000;
202300022220.0;2;63;63026;1;1;1.0;7.0;45,67086400;2,99825900;
202300022221.0;1;24;24138;1;1;1.0;3.0;45,15853000;0,70925000;
202300022222.0;5;93;93005;2;6;1.0;3.0;48,93868000;2,48895000;
202300022223.0;1;15;15014;2;9;2.0;7.0;44,92836000;2,44274000;
202300022224.0;3;95;95313;1;1;2.0;6.0;49,12320117;2,25300193;
202300022225.0;1;93;93064;2;6;1.0;3.0;48,87760000;2,47569000;
202300022226.0;1;64;64284;2;6;1.0;3.0;43,29118000; -0,40498000;
202300022227.0;1;13;13214;2;1;1.0;6.0;43,32186000;5,38948000;
202300022228.0;1;93;93077;2;1;1.0;6.0;48,89770100;2,50697800;
202300022229.0;1;95;95445;1;1;2.0;3.0;49,09878715;2,26471599;
202300022230.0;1;61;61001;2;1;1.0;7.0;48,42871000;0,08179000;
202300022231.0;1;10;10387;2;2;2.0;3.0;48,29670000;4,08486000;
202300022232.0;1;93;93046;2;1;1.0;2.0;48,92964000;2,54802000;
202300022233.0;5;95;95487;2;1;2.0;6.0;49,14911400;2,28875800;
202300022234.0;1;92;92051;2;1;1.0;3.0;48,88249967;2,26735014;
202300022235.0;5;75;75113;2;1;1.0;2.0;48,81761400;2,36746900;
202300022236.0;5;59;59527;2;1;1.0;3.0;50,66282000;3,03660000;
202300022237.0;5;92;92026;2;9;1.0;7.0;48,89012397;2,24946678;
202300022238.0;1;75;75117;2;1;1.0;3.0;48,88959100;2,29741700;
202300022239.0;1;06;06161;2;1;1.0;5.0;43,62818300;7,13309000;
202300022240.0;1;57;57463;2;1;1.0;6.0;49,10078287;6,19047135;
202300022241.0;1;92;92025;2;3;1.0;2.0;48,91731764;2,26205975;
202300022242.0;1;31;31282;2;1;1.0;6.0;43,66966000;1,44501300;
202300022243.0;1;75;75120;2;1;2.0;5.0;48,84914500;2,41514000;
202300022244.0;1;92;92060;2;3;8.0;3.0;48,78342120;2,26923868;
202300022245.0;1;49;49007;2;3;1.0;6.0;47,45498000; -0,52475000;
202300022246.0;1;84;84037;1;1;1.0;1.0;44,07551600;4,83284700;
202300022247.0;1;75;75113;2;1;2.0;2.0;48,81803000;2,35216400;
202300022248.0;1;92;92012;2;1;8.0;2.0;48,83712765;2,24461654;
202300022249.0;3;45;45286;2;1;1.0;6.0;47,88504000;1,92439000;
202300022250.0;2;75;75120;2;1;2.0;6.0;48,86488886;2,41294205;
202300022251.0;5;92;92002;2;9;2.0;3.0;48,75846432;2,30699533;
202300022252.0;1;91;91235;2;1;1.0;6.0;48,62260000;2,37137900;
202300022253.0;1;75;75112;2;1;2.0;2.0;48,83080700;2,40315400;
202300022254.0;1;35;35238;2;2;1.0;3.0;48,12355700; -1,68454000;
202300022255.0;1;972;97203;1;1;1.0;3.0;14,83499000; -61,09811000;
202300022256.0;5;75;75106;2;3;1.0;6.0;48,85188800;2,33455500;
202300022257.0;1;34;34301;2;1;1.0;7.0;43,41207000;3,68756000;
202300022258.0;5;75;75116;2;2;1.0;3.0;48,85856500;2,24487800;
202300022259.0;1;25;25056;2;1;1.0;2.0;47,26123000;6,03469000;
202300022260.0;3;11;11067;1;1;1.0;5.0;43,21132200;2,83314200;
202300022261.0;5;75;75120;2;4;2.0;7.0;48,86778700;2,39621000;
202300022262.0;5;84;84056;1;1;1.0;6.0;44,10860800;4,91501400;
202300022263.0;3;21;21561;1;1;6.0;6.0;47,40505900;4,79270000;
202300022264.0;3;63;63388;1;1;1.0;6.0;45,99880000;2,77670000;
202300022265.0;2;75;75111;2;4;8.0;3.0;48,86238500;2,37250900;
202300022266.0;1;76;76244;1;1;3.0;3.0;49,71321400;1,39481300;
202300022267.0;1;25;25056;2;2;1.0;3.0;47,24634000;5,99790000;
202300022268.0;1;75;75110;2;2;1.0;6.0;48,87282300;2,35442700;
202300022269.0;3;60;60358;2;1;1.0;6.0;49,20093300;2,91990600;
202300022270.0;1;21;21520;1;1;1.0;6.0;47,28168900;4,72180400;
202300022271.0;1;25;25056;2;1;1.0;6.0;47,22579000;5,96542000;
202300022272.0;3;25;25097;1;1;3.0;4.0;47,52901700;6,85830100;
202300022273.0;5;75;75108;2;2;1.0;3.0;48,87331600;2,32430500;
202300022274.0;3;51;51056;1;1;9.0;7.0;48,60631700;3,61565530;
202300022275.0;3;25;25614;1;1;3.0;6.0;47,52100100;6,85421900;
202300022276.0;3;56;56131;1;1;1.0;1.0;48,01012300; -3,42502500;
202300022277.0;1;22;22113;2;6;1.0;3.0;48,72204000; -3,48187000;
202300022278.0;5;75;75101;2;2;2.0;3.0;48,86058100;2,34935700;
202300022279.0;1;76;76636;1;1;1.0;7.0;49,50035400;0,94232400;
202300022280.0;5;75;75101;2;2;1.0;7.0;48,86643800;2,32353800;
202300022281.0;1;54;54166;1;1;1.0;7.0;49,01475083;5,87473512;
202300022282.0;1;17;17415;2;1;7.0;6.0;45,74734100; -0,63553200;
202300022283.0;3;49;49029;1;1;1.0;7.0;47,38011300; -0,38622100;
202300022284.0;5;75;75104;2;3;1.0;3.0;48,85985800;2,35275500;
202300022285.0;1;29;29212;2;1;1.0;3.0;48,37372900; -4,58385200;
202300022286.0;1;17;17415;2;1;1.0;7.0;45,74534000; -0,67637600;
202300022287.0;5;30;30334;2;5;1.0;1.0;44,01108900;4,41215900;
202300022288.0;5;94;94068;2;9;1.0;6.0;48,79248899;2,51540156;
202300022289.0;1;29;29101;2;3;1.0;3.0;48,58619200; -4,56907900;
202300022290.0;2;62;62060;1;1;2.0;1.0;50,24415900;2,09947200;
202300022291.0;3;29;29015;1;1;1.0;7.0;48,48965500; -4,50099300;
202300022292.0;5;94;94077;2;1;1.0;6.0;48,74268800;2,42213600;
202300022293.0;5;57;57540;2;1;2.0;6.0;48,76763200;7,25976300;
202300022294.0;1;93;93066;2;2;1.0;3.0;48,91968100;2,36169700;
202300022295.0;1;14;14536;2;2;1.0;3.0;49,40941400;0,25149500;
202300022296.0;4;31;31524;1;3;1.0;1.0;42,83676500;0,60351800;
202300022297.0;1;56;56240;1;1;8.0;3.0;47,53677600; -2,74085300;
202300022298.0;3;06;06132;1;1;1.0;2.0;43,98909800;7,54746300;
202300022299.0;1;93;93066;2;2;8.0;1.0;48,91538000;2,36529000;
202300022300.0;3;13;13071;2;3;1.0;3.0;43,39527000;5,34348000;
202300022301.0;1;64;64528;1;1;8.0;6.0;43,23280489; -1,20669816;
202300022302.0;5;93;93048;2;1;1.0;6.0;48,86728000;2,45693000;
202300022303.0;2;56;56147;1;1;1.0;2.0;47,53747100; -2,27088700;
202300022304.0;3;16;16175;1;1;1.0;6.0;45,52965100; -0,04377400;
202300022305.0;1;13;13103;1;1;1.0;4.0;43,60200000;5,10100000;
202300022306.0;1;93;93029;2;1;1.0;3.0;48,93697000;2,45441000;
202300022307.0;2;85;85008;1;1;1.0;7.0;46,63088818; -1,44034099;
202300022308.0;1;76;76400;2;9;2.0;3.0;49,82288200;0,91973100;
202300022309.0;1;93;93027;2;1;1.0;6.0;48,92245638;2,38359198;
202300022310.0;2;13;13209;2;1;1.0;2.0;43,25247775;5,40258883;
202300022311.0;4;37;37029;2;6;1.0;3.0;47,11192000;0,73128300;
202300022312.0;1;76;76377;2;3;7.0;6.0;49,50726900;1,16259000;
202300022313.0;1;92;92078;2;1;1.0;2.0;48,92505000;2,32975000;
202300022314.0;1;13;13206;2;2;1.0;3.0;43,29000000;5,37254000;
202300022315.0;1;92;92019;2;2;6.0;3.0;48,75670165;2,27611586;
202300022316.0;5;13;13210;2;1;1.0;6.0;43,27972000;5,39934000;