Num_Acc;lum;departement;commune;agglomeration;intersection;meteo;type_collision;lat;long;date
202300022317.0;1;92;92002;2;1;1.0;6.0;48,75611000;2,28331000;
202300022318.0;1;33;33506;2;1;3.0;7.0;44,69115626; -0,08771628;
202300022319.0;5;971;97103;1;1;1.0;6.0;16,24531100; -61,58828300;
202300022320.0;1;13;13211;2;3;1.0;1.0;43,28800000;5,44000000;
202300022321.0;3;08;08452;1;1;2.0;7.0;49,47200700;4,40985100;
202300022322.0;3;33;33505;1;1;1.0;6.0;44,77158399; -0,33083439;
202300022323.0;3;17;17465;1;1;1.0;7.0;45,97146900; -0,54811500;
202300022324.0;1;21;21261;1;1;1.0;7.0;47,27465800;5,14785600;
202300022325.0;3;987;98722;1;1;1.0;6.0; -17,59200000; -149,39100000;
202300022326.0;1;11;11069;2;1;1.0;3.0;43,21105000;2,34706000;
202300022327.0;5;08;08497;2;1;1.0;7.0;49,77452900;4,68169100;
202300022328.0;1;972;97226;1;1;1.0;3.0;14,45425400; -60,86197300;
202300022329.0;1;988;98808;2;1;3.0;7.0; -21,27491800;165,61788800;
202300022330.0;1;49;49064;1;1;1.0;2.0;47,67145600; -0,70926700;
202300022331.0;1;973;97311;2;1;2.0;1.0;5,47274800; -54,03231400;
202300022332.0;1;49;49183;1;1;2.0;7.0;47,54639000; -1,00867200;
202300022333.0;2;07;07008;1;1;1.0;5.0;44,71428000;4,62659000;
202300022334.0;3;22;22030;1;1;8.0;6.0;48,70925800; -3,38317800;
202300022335.0;3;971;97115;2;1;2.0;6.0;16,23778600; -61,65600800;
202300022336.0;2;42;42334;1;1;2.0;7.0;45,85176000;4,32591000;
202300022337.0;1;79;79175;2;3;1.0;7.0;46,13070300;0,00017700;
202300022338.0;1;07;07281;1;1;1.0;5.0;44,95324000;4,81930000;
202300022339.0;3;13;13025;1;1;1.0;1.0;43,49027700;5,56789000;
202300022340.0;3;68;68025;1;1;3.0;5.0;47,47328700;7,27668300;
202300022341.0;3;72;72058;1;1;3.0;7.0;47,96543000;0,27966000;
202300022342.0;2;06;06029;2;3;1.0;3.0;43,55245000;7,02236000;
202300022343.0;2;33;33349;1;3;1.0;3.0;44,74482100; -0,48638900;
202300022344.0;1;34;34032;1;1;1.0;6.0;43,37317200;3,28987200;
202300022345.0;1;05;05061;2;1;1.0;6.0;44,54371000;6,06692000;
202300022346.0;2;44;44188;1;6;1.0;3.0;47,06256500; -1,56874400;
202300022347.0;2;33;33528;1;1;1.0;3.0;44,87311500; -0,98563700;
202300022348.0;1;30;30174;2;1;1.0;3.0;44,02907300;4,37764900;
202300022349.0;1;03;03257;1;1;1.0;6.0;46,22302200;3,64388900;
202300022350.0;1;75;75115;2;1;1.0;2.0;48,82637600;2,29701300;
202300022351.0;3;37;37089;2;1;1.0;6.0;47,16247300;0,31235900;
202300022352.0;1;57;57667;1;1;1.0;6.0;49,23976500;6,56441200;
202300022353.0;5;15;15120;2;1;2.0;6.0;45,21541100;2,33875600;
202300022354.0;1;75;75112;2;1;1.0;3.0;48,82847100;2,39741800;
202300022355.0;3;05;05006;1;1;1.0;6.0;44,77830100;6,56031800;
202300022356.0;1;56;56164;2;6;1.0;3.0;47,65682600; -2,86277800;
202300022357.0;1;75;75115;2;1;1.0;2.0;48,83425600;2,27589400;
202300022358.0;5;70;70198;2;3;3.0;3.0;47,55301300;5,68484600;
202300022359.0;1;79;79080;1;6;2.0;7.0;46,66473500; -0,24747100;
202300022360.0;1;13;13092;2;3;1.0;6.0;43,54892500;5,03119100;
202300022361.0;3;06;06079;1;1;1.0;6.0;43,52327600;6,93198500;
202300022362.0;1;75;75112;2;1;1.0;4.0;48,83781600;2,41272600;
202300022363.0;3;71;71360;1;1;1.0;6.0;46,31465400;4,75440900;
202300022364.0;1;79;79063;1;3;1.0;2.0;47,05581200; -0,32324000;
202300022365.0;5;16;16030;1;6;2.0;6.0;45,49336600; -0,20417700;
202300022366.0;1;33;33310;1;1;8.0;6.0;44,49627447; -0,50872654;
202300022367.0;1;75;75114;2;1;1.0;3.0;48,82146000;2,31922600;
202300022368.0;3;67;67101;1;1;1.0;1.0;48,52726700;7,50652400;
202300022369.0;1;16;16303;1;1;1.0;1.0;45,46560300; -0,09808600;
202300022370.0;1;75;75117;2;1;1.0;2.0;48,88401200;2,30380300;
202300022371.0;3;22;22162;1;1;1.0;7.0;48,77022000; -3,09462500;
202300022372.0;1;32;32224;1;1;1.0;1.0;43,88993700;0,37806300;
202300022373.0;5;75;75116;2;2;1.0;7.0;48,83867500;2,25395700;
202300022374.0;3;59;59215;1;1;1.0;3.0;50,35650300;3,60310300;
202300022375.0;3;53;53141;1;3;1.0;5.0;48,06443600; -0,61863500;
202300022376.0;1;47;47310;2;3;2.0;3.0;44,39187000;0,31259500;
202300022377.0;1;02;02680;1;1;1.0;7.0;49,60788700;3,39256500;
202300022378.0;3;21;21023;1;1;2.0;1.0;47,11477300;4,46717600;
202300022379.0;3;78;78206;1;1;1.0;7.0;48,94694800;1,94746000;
202300022380.0;1;66;66009;2;1;8.0;6.0;42,46693300;2,65364500;
202300022381.0;4;92;92072;1;1;2.0;6.0;48,82774854;2,22492176;
202300022382.0;5;75;75113;2;3;1.0;3.0;48,82266000;2,37284000;
202300022383.0;2;85;85146;2;3;1.0;1.0;46,97456100; -1,32289200;
202300022384.0;4;45;45030;2;1;2.0;3.0;48,06268700;2,41709400;
202300022385.0;3;78;78043;1;1;1.0;4.0;48,82476000;2,07456800;
202300022386.0;1;75;75112;2;2;1.0;3.0;48,83866217;2,37575054;
202300022387.0;1;36;36109;1;1;1.0;3.0;46,56734555;1,96565865;
202300022388.0;1;95;95394;2;1;1.0;3.0;49,06250900;2,18760200;
202300022389.0;1;85;85104;1;1;2.0;7.0;46,39365100; -1,29394600;
202300022390.0;1;75;75118;2;2;1.0;3.0;48,89774600;2,32904700;
202300022391.0;1;77;77363;1;1;1.0;6.0;48,92307940;2,62986948;
202300022392.0;1;80;80485;1;1;3.0;2.0;49,74730600;2,23031000;
202300022393.0;5;973;97309;2;3;1.0;3.0;4,90247600; -52,26462400;
202300022394.0;2;75;75108;2;1;1.0;3.0;48,87311400;2,29706800;
202300022395.0;5;988;98818;2;1;1.0;6.0; -22,23064000;166,46010000;
202300022396.0;1;77;77164;1;1;8.0;2.0;48,44708100;2,90227900;
202300022397.0;1;94;94078;2;1;1.0;6.0;48,75020241;2,43394500;
202300022398.0;3;69;69268;1;1;1.0;1.0;45,66372600;4,76258400;
202300022399.0;1;976;97611;2;9;1.0;1.0; -12,77576000;45,22526000;
202300022400.0;1;06;06030;2;1;1.0;6.0;43,57406000;6,99043200;
202300022401.0;5;94;94068;2;6;1.0;6.0;48,80237000;2,49200000;
202300022402.0;5;73;73257;2;1;4.0;6.0;45,33200859;6,53620666;
202300022403.0;1;974;97416;1;1;8.0;7.0; -21,31284000;55,54270000;
202300022404.0;1;973;97311;1;1;1.0;6.0;5,44922500; -54,04159800;
202300022405.0;1;94;94028;2;6;1.0;3.0;48,77426976;2,43878800;
202300022406.0;1;974;97416;1;1;2.0;3.0; -21,31560000;55,47570000;
202300022407.0;3;28;28113;1;1;2.0;6.0;48,67311000;1,56229000;
202300022408.0;3;45;45137;1;1;2.0;1.0;48,12301800;2,19100000;
202300022409.0;1;93;93078;2;2;1.0;6.0;48,95750000;2,54530000;
202300022410.0;1;973;97302;2;3;1.0;3.0;4,91250795; -52,32102245;
202300022411.0;1;34;34340;1;1;1.0;5.0;43,71622500;4,13632000;
202300022412.0;1;2A;2A041;2;1;3.0;7.0;41,38603000;9,18311500;
202300022413.0;1;30;30123;1;1;1.0;2.0;43,72402500;4,18097400;
202300022414.0;1;93;93072;2;1;1.0;2.0;48,94849519;2,38628943;
202300022415.0;5;69;69383;2;2;1.0;6.0;45,75069000;4,87394000;
202300022416.0;1;66;66171;2;3;1.0;6.0;42,61744200;3,00221500;
202300022417.0;2;93;93066;2;1;1.0;6.0;48,94679586;2,37080455;
202300022418.0;1;84;84087;1;1;1.0;3.0;44,12300000;4,79097200;
202300022419.0;1;69;69383;2;1;1.0;4.0;45,75524000;4,87244000;
202300022420.0;2;93;93062;2;1;1.0;6.0;48,89500000;2,51370000;
202300022421.0;1;93;93055;2;1;1.0;7.0;48,90108162;2,41223415;
202300022422.0;1;13;13007;1;1;1.0;5.0;43,33057800;5,67791500;
202300022423.0;3;78;78003;1;1;2.0;4.0;48,52570400;1,83132700;
202300022424.0;5;972;97213;1;1;1.0;2.0;14,61136000; -61,00780000;
202300022425.0;1;93;93032;2;1;7.0;6.0;48,88441000;2,53628000;
202300022426.0;1;13;13041;2;3;1.0;1.0;43,43763200;5,46492600;
202300022427.0;1;34;34123;2;9;1.0;3.0;43,61022800;3,80300200;
202300022428.0;5;69;69382;2;2;1.0;3.0;45,76320000;4,83849000;
202300022429.0;1;93;93007;2;1;1.0;3.0;48,94031000;2,44457000;
202300022430.0;1;25;25097;1;1;1.0;6.0;47,52462000;6,87076800;
202300022431.0;1;973;97311;1;1;1.0;1.0;5,37724517; -53,96157306;
202300022432.0;5;88;88352;2;1;1.0;6.0;48,26039500;5,67383800;
202300022433.0;1;92;92072;2;6;1.0;3.0;48,82846000;2,22447000;
202300022434.0;1;95;95268;2;1;8.0;3.0;48,96594600;2,40877100;
202300022435.0;1;57;57443;2;1;2.0;6.0;49,20096800;6,09133400;
202300022436.0;1;13;13104;2;1;1.0;6.0;43,33105600;5,11292900;
202300022437.0;2;92;92062;2;9;1.0;6.0;48,88148000;2,24645000;
202300022438.0;5;95;95019;2;2;1.0;3.0;48,98855500;2,42176700;
202300022439.0;4;92;92050;1;1;1.0;7.0;48,90662000;2,21514000;
202300022440.0;1;38;38110;1;4;1.0;3.0;45,56934000;4,85796300;
202300022441.0;1;95;95351;2;6;7.0;6.0;49,05287100;2,50132600;
202300022442.0;3;95;95127;1;1;2.0;2.0;49,05551629;2,04999626;
202300022443.0;1;92;92044;2;3;1.0;3.0;48,89251000;2,27951000;
202300022444.0;1;07;07159;1;1;1.0;1.0;44,56945657;4,48548228;
202300022445.0;1;34;34154;1;1;1.0;4.0;43,59722300;3,98317700;
202300022446.0;1;95;95176;2;1;1.0;6.0;48,96310500;2,20108400;
202300022447.0;1;01;01142;2;1;1.0;3.0;45,85285300;5,07210500;
202300022448.0;1;92;92025;2;9;1.0;3.0;48,90975196;2,23532349;
202300022449.0;2;25;25047;2;1;2.0;6.0;47,34921100;6,36147500;
202300022450.0;1;2A;2A154;1;1;1.0;7.0;42,24105600;8,81160100;
202300022451.0;5;91;91201;2;1;2.0;4.0;48,68046000;2,42708000;
202300022452.0;1;33;33051;2;6;2.0;6.0;44,63277200; -0,97965500;
202300022453.0;4;22;22210;2;1;1.0;6.0;48,79004400; -3,04907100;
202300022454.0;1;42;42094;2;3;1.0;6.0;45,73873500;4,22852600;
202300022455.0;5;87;87085;2;2;2.0;3.0;45,82601000;1,26795000;
202300022456.0;1;17;17389;1;2;9.0;4.0;45,84212000; -0,85833900;
202300022457.0;1;62;62056;2;2;1.0;3.0;50,82063400;1,59572900;
202300022458.0;1;71;71227;1;1;1.0;7.0;46,66827600;3,91608400;
202300022459.0;5;69;69052;2;1;1.0;1.0;45,88273500;4,70698200;
202300022460.0;1;86;86066;2;2;8.0;3.0;46,82281000;0,53307000;
202300022461.0;2;75;75116;2;4;2.0;3.0;48,87401379;2,27537155;
202300022462.0;1;81;81317;1;1;1.0;6.0;43,93140600;2,30534300;
202300022463.0;2;82;82121;2;1;2.0;3.0;44,03442000;1,37658000;
202300022464.0;3;69;69159;1;1;2.0;5.0;45,96486087;4,66964145;
202300022465.0;1;75;75112;2;2;1.0;3.0;48,84799900;2,37142100;
202300022466.0;1;68;68175;1;1;1.0;3.0;48,16408200;7,15340300;
202300022467.0;1;75;75120;2;1;8.0;7.0;48,85433000;2,41043400;
202300022468.0;3;38;38189;1;1;3.0;3.0;45,63868500;5,05725100;
202300022469.0;1;77;77243;2;1;1.0;3.0;48,86874400;2,70574200;
202300022470.0;1;01;01446;1;2;1.0;3.0;46,02283300;4,89843200;
202300022471.0;1;75;75119;2;7;2.0;3.0;48,87802600;2,37069600;
202300022472.0;1;68;68022;2;1;1.0;7.0;47,82338500;7,38266800;
202300022473.0;1;76;76540;2;1;1.0;6.0;49,44552918;1,10878882;
202300022474.0;1;72;72154;2;9;1.0;3.0;47,70113700; -0,09019200;
202300022475.0;5;76;76305;1;1;2.0;6.0;49,49995000;0,19598000;
202300022476.0;5;75;75117;2;1;1.0;6.0;48,88173000;2,31794600;
202300022477.0;2;21;21642;1;1;1.0;6.0;47,49686589;4,11753236;
202300022478.0;1;14;14047;2;1;2.0;2.0;49,26504300; -0,68606600;
202300022479.0;1;76;76351;2;1;1.0;6.0;49,51403800;0,10939000;
202300022480.0;1;67;67202;2;1;1.0;6.0;48,76157800;7,56707500;
202300022481.0;1;75;75116;2;3;8.0;3.0;48,86787200;2,25098600;
202300022482.0;1;35;35012;1;1;1.0;1.0;47,84921700; -1,70055300;
202300022483.0;5;64;64284;2;3;2.0;3.0;43,28147000; -0,38741000;
202300022484.0;1;62;62344;2;1;1.0;6.0;50,52398600;2,34303700;
202300022485.0;1;75;75116;2;2;1.0;3.0;48,84535400;2,25755500;
202300022486.0;3;60;60500;2;6;2.0;6.0;49,09699582;2,74993587;
202300022487.0;1;64;64445;2;2;8.0;3.0;43,29999000; -0,36979000;
202300022488.0;2;75;75113;2;3;2.0;3.0;48,82811500;2,38486200;
202300022489.0;1;62;62463;1;4;1.0;3.0;50,56070445;1,90393097;
202300022490.0;1;64;64102;2;1;1.0;6.0;43,48976000; -1,47200000;
202300022491.0;2;60;60141;2;1;1.0;3.0;49,19513947;2,46441633;
202300022492.0;5;75;75111;2;1;2.0;6.0;48,85565400;2,38375300;
202300022493.0;1;62;62376;1;1;7.0;7.0;50,56000100;2,55319500;
202300022494.0;5;63;63113;2;1;1.0;6.0;45,77475278;3,09004024;
202300022495.0;1;83;83057;1;1;1.0;7.0;43,37668507;6,19612464;
202300022496.0;1;59;59034;2;6;1.0;3.0;50,53435000;3,08494300;
202300022497.0;1;75;75111;2;3;8.0;3.0;48,85949400;2,36766000;
202300022498.0;2;62;62737;2;1;2.0;4.0;50,44354000;2,69398000;
202300022499.0;5;75;75108;2;1;1.0;6.0;48,87273772;2,29829103;
202300022500.0;5;13;13213;1;1;1.0;3.0;43,32436000;5,42258000;
202300022501.0;3;76;76177;1;2;1.0;3.0;49,60029900;1,17761300;
202300022502.0;1;62;62193;2;1;8.0;2.0;50,94373000;1,88818000;
202300022503.0;5;75;75108;2;3;2.0;6.0;48,87102200;2,30089700;
202300022504.0;3;83;83126;1;1;1.0;2.0;43,12011048;5,86520040;
202300022505.0;1;75;75104;2;2;1.0;6.0;48,85694900;2,35384100;
202300022506.0;1;2A;2A130;1;1;1.0;5.0;41,87553700;8,93377300;
202300022507.0;1;62;62276;2;3;1.0;1.0;50,50792400;2,82517200;
202300022508.0;1;91;91617;1;1;3.0;6.0;48,64528000;2,53463000;
202300022509.0;1;94;94068;2;2;2.0;3.0;48,80243000;2,48727000;
202300022510.0;3;56;56098;1;1;1.0;2.0;47,77880100; -3,34972000;
202300022511.0;1;91;91179;1;1;3.0;3.0;48,56809000;2,47183000;
202300022512.0;1;94;94073;2;1;8.0;6.0;48,76822000;2,36816000;
202300022513.0;1;94;94076;1;1;3.0;3.0;48,79205878;2,34458465;
202300022514.0;2;51;51454;2;3;1.0;3.0;49,23984000;4,02114000;
202300022515.0;2;71;71187;1;1;1.0;3.0;46,75012400;4,49991000;
202300022516.0;5;94;94033;2;1;2.0;6.0;48,85630000;2,49208000;
202300022517.0;1;71;71137;2;1;1.0;7.0;46,43110600;4,66749400;
202300022518.0;1;94;94017;2;1;6.0;6.0;48,81171215;2,51053870;
202300022519.0;2;91;91174;1;1;2.0;3.0;48,62100000;2,46300000;
202300022520.0;2;49;49267;1;1;2.0;4.0;47,48592000; -0,49772000;
202300022521.0;1;63;63003;1;1;1.0;6.0;45,51848900;3,75541400;
202300022522.0;5;94;94002;2;3;2.0;6.0;48,79967000;2,42597000;
202300022523.0;2;43;43157;2;1;2.0;7.0;45,04677300;3,89760600;
202300022524.0;3;91;91235;1;1;1.0;3.0;48,62403000;2,37449000;
202300022525.0;2;77;77291;2;1;2.0;6.0;49,01215424;2,57790506;
202300022526.0;1;37;37122;2;1;2.0;7.0;47,34830000;0,66079000;
202300022527.0;1;61;61473;1;2;1.0;3.0;48,69374300; -0,15830300;
202300022528.0;1;93;93064;2;7;8.0;6.0;48,88297654;2,47995219;
202300022529.0;2;35;35238;2;1;8.0;3.0;48,09323490; -1,67426169;
202300022530.0;1;55;55496;1;1;1.0;6.0;48,71587000;5,67126300;
202300022531.0;1;91;91228;1;1;1.0;5.0;48,62736000;2,41387000;
202300022532.0;1;93;93062;2;2;2.0;3.0;48,89247558;2,51920179;
202300022533.0;3;35;35238;1;1;2.0;6.0;48,07874000; -1,67553000;
202300022534.0;1;49;49069;1;1;7.0;7.0;47,34739800; -1,16319900;
202300022535.0;3;78;78291;1;1;1.0;2.0;48,96559200;1,75122800;
202300022536.0;2;93;93062;2;1;2.0;4.0;48,89218578;2,51818389;
202300022537.0;5;33;33063;2;3;8.0;3.0;44,83924000; -0,58464000;
202300022538.0;1;49;49026;1;6;1.0;3.0;47,50921900; -0,80199700;
202300022539.0;3;93;93078;1;1;8.0;7.0;48,96283000;2,52221000;
202300022540.0;5;93;93006;2;9;2.0;6.0;48,87616400;2,41986900;
202300022541.0;2;33;33249;2;6;1.0;3.0;44,86565000; -0,51375000;
202300022542.0;1;12;12266;1;2;8.0;3.0;44,24350400;2,84638200;
202300022543.0;1;93;93066;1;1;2.0;2.0;48,91563000;2,35768000;
202300022544.0;5;93;93031;2;1;2.0;2.0;48,95128000;2,32294000;
202300022545.0;5;33;33063;2;1;8.0;6.0;44,86641000; -0,56037000;
202300022546.0;1;42;42224;1;1;1.0;6.0;45,33814200;4,39618300;
202300022547.0;3;95;95500;1;1;1.0;3.0;49,03911284;2,08600760;
202300022548.0;1;93;93027;2;2;8.0;3.0;48,92623000;2,39671000;
202300022549.0;5;31;31555;2;1;1.0;6.0;43,58541000;1,42802000;
202300022550.0;1;46;46076;1;1;1.0;7.0;44,91200800;1,89243800;
202300022551.0;1;95;95527;1;1;2.0;6.0;48,98610000;2,50631000;
202300022552.0;1;93;93027;2;1;2.0;6.0;48,92007290;2,38284498;
202300022553.0;2;47;47310;1;1;5.0;6.0;44,43030500;0,27420500;
202300022554.0;5;26;26058;2;5;4.0;2.0;44,94521000;4,88660000;
202300022555.0;1;92;92078;2;1;2.0;6.0;48,93510000;2,32847000;
202300022556.0;1;93;93010;1;1;3.0;2.0;48,91676699;2,47800698;
202300022557.0;3;68;68235;1;1;1.0;7.0;48,00007962;7,35919390;
202300022558.0;5;92;92046;2;1;2.0;2.0;48,81303356;2,27948740;
202300022559.0;5;19;19031;2;2;1.0;3.0;45,16461000;1,50242000;
202300022560.0;2;93;93066;1;1;1.0;3.0;48,93327000;2,37606000;
202300022561.0;1;25;25050;1;2;1.0;3.0;47,11790600;6,61401400;
202300022562.0;1;17;17300;1;1;1.0;7.0;46,17048900; -1,18982000;
202300022563.0;1;92;92046;2;3;1.0;6.0;48,81976000;2,31047000;
202300022564.0;1;13;13209;2;1;1.0;3.0;43,26403000;5,41857000;
202300022565.0;5;16;16102;2;1;2.0;6.0;45,69936000; -0,33206000;
202300022566.0;1;92;92062;2;1;1.0;2.0;48,88345000;2,24891000;
202300022567.0;1;13;13004;1;1;1.0;3.0;43,63720000;4,74521800;
202300022568.0;1;13;13204;2;3;1.0;3.0;43,30872000;5,40036000;
202300022569.0;1;44;44131;1;2;1.0;3.0;47,08692600; -1,96858000;
202300022570.0;1;92;92040;2;1;2.0;7.0;48,82074900;2,28051300;
202300022571.0;2;35;35027;1;1;1.0;6.0;48,17314800; -2,05219000;
202300022572.0;1;92;92036;2;6;2.0;6.0;48,93774913;2,27822810;
202300022573.0;5;13;13205;2;9;1.0;3.0;43,28900000;5,40020000;
202300022574.0;1;13;13004;2;3;1.0;3.0;43,64310200;4,72853600;
202300022575.0;1;29;29044;1;1;1.0;6.0;48,19304426; -4,17913601;
202300022576.0;1;92;92035;2;3;2.0;6.0;48,90629309;2,24867553;
202300022577.0;5;13;13028;2;9;1.0;6.0;43,17156000;5,60584000;
202300022578.0;2;69;69387;2;1;2.0;2.0;45,73573000;4,83625000;
202300022579.0;1;92;92035;2;1;8.0;7.0;48,90277000;2,24809000;
202300022580.0;1;06;06069;2;1;1.0;3.0;43,65285000;6,94388000;
202300022581.0;1;15;15092;1;3;1.0;1.0;45,41765300;2,50153000;
202300022582.0;1;92;92025;2;2;1.0;6.0;48,91454700;2,22884300;
202300022583.0;1;72;72058;1;1;1.0;7.0;47,97122100;0,25611900;
202300022584.0;1;06;06069;2;1;1.0;3.0;43,63649300;6,93335700;
202300022585.0;5;69;69382;2;2;2.0;3.0;45,76353000;4,83817000;
202300022586.0;5;92;92024;2;1;1.0;2.0;48,89794000;2,30788000;
202300022587.0;1;06;06030;2;1;1.0;2.0;43,57679000;7,01228000;
202300022588.0;5;92;92060;2;1;8.0;6.0;48,77857752;2,26008564;
202300022589.0;1;972;97213;1;1;1.0;4.0;14,61815000; -61,02905000;
202300022590.0;1;83;83044;1;9;1.0;5.0;43,67210703;6,50350521;
202300022591.0;1;03;03095;2;3;1.0;3.0;46,13812000;3,44303000;
202300022592.0;1;972;97227;1;1;1.0;6.0;14,46852900; -60,93481600;
202300022593.0;5;69;69385;2;3;1.0;6.0;45,76742000;4,82543000;
202300022594.0;4;45;45279;1;1;1.0;6.0;47,95633043;2,81023622;
202300022595.0;2;75;75116;2;2;1.0;6.0;48,85729600;2,27305100;
202300022596.0;1;57;57622;1;1;3.0;7.0;49,18045600;6,03609200;
202300022597.0;3;10;10232;1;1;1.0;7.0;48,10364800;4,38764300;
202300022598.0;1;12;12169;1;1;2.0;6.0;44,17796400;2,35921700;
202300022599.0;1;2B;2B037;2;1;1.0;5.0;42,59400000;9,42630000;
202300022600.0;5;75;75120;2;2;2.0;3.0;48,87057100;2,40898600;
202300022601.0;3;07;07201;1;1;1.0;6.0;44,46296100;4,34472800;
202300022602.0;3;67;67407;1;2;1.0;1.0;48,74934500;7,90220600;
202300022603.0;1;2A;2A004;2;1;1.0;3.0;41,94204000;8,74917000;
202300022604.0;2;21;21223;1;1;2.0;6.0;47,36243900;4,97514400;
202300022605.0;1;21;21135;2;3;1.0;3.0;47,44555500;5,39161000;
202300022606.0;1;75;75120;2;7;1.0;3.0;48,85555000;2,40974500;
202300022607.0;1;32;32053;1;1;2.0;6.0;43,39982500;0,59851900;
202300022608.0;1;24;24356;2;1;7.0;7.0;45,04646900;0,97619500;
202300022609.0;1;95;95219;2;3;1.0;5.0;48,99315000;2,24678000;
202300022610.0;3;89;89296;1;1;2.0;6.0;47,68847000;4,22994000;
202300022611.0;2;75;75117;2;2;1.0;5.0;48,88548500;2,30806600;
202300022612.0;1;48;48130;1;1;1.0;1.0;44,17540200;3,54033400;
202300022613.0;2;49;49331;1;6;3.0;3.0;47,67018500; -0,88420100;
202300022614.0;1;95;95424;2;9;1.0;6.0;48,99529000;2,20015000;
202300022615.0;5;75;75116;2;2;1.0;6.0;48,86764800;2,25089000;
202300022616.0;1;41;41084;1;2;8.0;1.0;47,46816600;1,93865800;
202300022617.0;1;48;48146;1;4;1.0;3.0;44,40594100;3,43183800;
202300022618.0;1;75;75116;2;1;2.0;6.0;48,84386500;2,25688300;
202300022619.0;3;02;02514;1;1;2.0;7.0;49,39574800;3,10906300;
202300022620.0;5;91;91122;2;3;1.0;3.0;48,69187000;2,15935000;
202300022621.0;1;60;60616;1;1;1.0;6.0;49,36478300;1,76626700;
202300022622.0;1;987;98752;1;1;1.0;1.0; -17,72200000; -149,39900000;
202300022623.0;1;75;75115;2;3;1.0;6.0;48,83684300;2,30272900;
202300022624.0;1;16;16393;1;1;1.0;6.0;45,74821100;0,14604100;
202300022625.0;3;88;88319;2;1;1.0;6.0;48,38234600;6,88511800;
202300022626.0;2;91;91589;2;2;9.0;3.0;48,67686000;2,34987000;
202300022627.0;1;75;75115;2;5;1.0;6.0;48,84506800;2,31991800;
202300022628.0;1;67;67309;2;1;7.0;3.0;48,63595000;7,72752500;
202300022629.0;1;31;31228;1;1;2.0;1.0;43,68972200;1,57396300;
202300022630.0;5;91;91286;2;1;1.0;6.0;48,65470000;2,38883000;
202300022631.0;5;75;75114;2;7;1.0;2.0;48,82802050;2,32694775;
202300022632.0;3;68;68278;1;1;4.0;6.0;47,74557100;7,42085700;
202300022633.0;1;75;75114;2;2;1.0;3.0;48,82056000;2,32421500;
202300022634.0;1;987;98745;1;1;1.0;5.0; -16,62000000; -151,49600000;
202300022635.0;1;38;38212;1;1;2.0;1.0;45,05378700;5,85064900;
202300022636.0;1;75;75114;2;1;8.0;3.0;48,83074800;2,32570200;
202300022637.0;1;986;98613;1;1;1.0;7.0; -13,23490100; -176,18415000;
202300022638.0;1;30;30326;1;1;1.0;2.0;44,00580042;4,70883250;
202300022639.0;5;83;83137;2;3;1.0;3.0;43,12049000;5,97605000;
202300022640.0;5;75;75114;2;1;1.0;6.0;48,83947894;2,32103616;
202300022641.0;3;973;97305;1;1;3.0;6.0;4,96559000; -52,43653700;
202300022642.0;1;976;97608;2;1;1.0;6.0; -12,78532100;45,27723300;
202300022643.0;1;83;83141;2;6;1.0;6.0;43,49984000;6,48552000;
202300022644.0;1;75;75112;2;2;1.0;3.0;48,83866688;2,37574250;
202300022645.0;1;974;97417;1;1;1.0;3.0; -21,35272000;55,78673400;
202300022646.0;1;82;82121;2;1;1.0;3.0;44,02314000;1,36258000;
202300022647.0;1;971;97108;1;1;1.0;1.0;15,87253700; -61,24973400;
202300022648.0;5;75;75101;2;4;1.0;3.0;48,86463200;2,33490800;
202300022649.0;1;81;81021;2;1;8.0;2.0;43,50996000;2,36379000;
202300022650.0;5;67;67303;2;1;1.0;7.0;48,89918400;7,74024400;
202300022651.0;1;37;37118;1;1;1.0;7.0;47,21787800;0,25470300;
202300022652.0;1;75;75103;2;2;8.0;6.0;48,86898600;2,35557600;
202300022653.0;5;57;57350;2;1;1.0;6.0;49,07084600;6,08802300;
202300022654.0;5;81;81065;2;3;8.0;7.0;43,59357920;2,21261534;
202300022655.0;5;94;94081;2;2;1.0;6.0;48,78366000;2,39025000;
202300022656.0;3;93;93010;1;1;2.0;6.0;48,90302000;2,47125000;
202300022657.0;1;91;91200;2;3;1.0;5.0;48,53310700;2,00144800;
202300022658.0;1;78;78551;2;1;1.0;1.0;48,89893000;2,07320000;
202300022659.0;2;94;94078;2;2;2.0;3.0;48,73085700;2,45793800;
202300022660.0;1;94;94068;2;1;1.0;6.0;48,79313100;2,51565800;
202300022661.0;1;66;66145;1;1;1.0;2.0;42,63800000;2,81976980;
202300022662.0;5;94;94052;2;2;2.0;6.0;48,83805800;2,48429000;
202300022663.0;5;78;78440;2;6;1.0;3.0;48,99684900;1,91313400;
202300022664.0;1;93;93007;1;1;1.0;4.0;48,94805022;2,44448841;
202300022665.0;1;94;94065;1;1;1.0;2.0;48,75379000;2,35656000;