Num_Acc;lum;departement;commune;agglomeration;intersection;meteo;type_collision;lat;long;date
202300022666.0;1;30;30330;1;1;1.0;5.0;44,02705200;4,00638300;
202300022667.0;1;78;78440;2;1;1.0;6.0;48,99633800;1,90795400;
202300022668.0;1;94;94079;2;3;2.0;6.0;48,81938225;2,53955975;
202300022669.0;3;30;30330;1;1;1.0;6.0;44,03056200;4,00342200;
202300022670.0;5;77;77390;2;1;1.0;6.0;48,79925000;2,63866000;
202300022671.0;3;94;94018;1;1;1.0;4.0;48,82392287;2,39473975;
202300022672.0;5;93;93032;2;1;1.0;6.0;48,88323576;2,52829850;
202300022673.0;1;06;06154;2;1;2.0;6.0;43,79245100;6,66254000;
202300022674.0;1;974;97411;2;1;1.0;6.0; -20,87750000;55,45630000;
202300022675.0;2;93;93031;2;1;1.0;2.0;48,94699000;2,34516000;
202300022676.0;1;68;68106;1;9;1.0;3.0;47,87678900;7,11718800;
202300022677.0;5;93;93010;2;2;1.0;3.0;48,90573811;2,48031646;
202300022678.0;1;55;55351;1;3;1.0;1.0;49,49750400;5,39096900;
202300022679.0;1;974;97411;2;2;2.0;3.0; -20,89522000;55,48888000;
202300022680.0;1;76;76322;2;2;1.0;3.0;49,41656200;1,03787900;
202300022681.0;1;93;93010;2;1;8.0;6.0;48,89371290;2,47929722;
202300022682.0;5;973;97302;2;1;1.0;7.0;4,93427000; -52,31378000;
202300022683.0;1;92;92051;2;1;1.0;6.0;48,89030368;2,26473123;
202300022684.0;3;03;03243;1;1;1.0;1.0;46,32198600;2,99670300;
202300022685.0;3;71;71076;2;1;2.0;4.0;46,79454000;4,83860000;
202300022686.0;1;92;92040;2;1;1.0;6.0;48,82011000;2,26121000;
202300022687.0;1;973;97302;2;4;1.0;3.0;4,92958676; -52,31513366;
202300022688.0;1;92;92026;2;1;1.0;6.0;48,89529000;2,24661000;
202300022689.0;1;67;67482;2;3;1.0;6.0;48,54874000;7,74924000;
202300022690.0;1;38;38349;1;2;1.0;3.0;45,30795300;4,80167400;
202300022691.0;1;973;97302;2;1;1.0;6.0;4,94310528; -52,31930584;
202300022692.0;2;92;92012;2;1;8.0;5.0;48,83842337;2,23218262;
202300022693.0;1;65;65123;1;1;1.0;7.0;42,96509900;0,23028900;
202300022694.0;5;67;67482;2;1;2.0;6.0;48,58084000;7,74935000;
202300022695.0;1;973;97302;2;1;1.0;6.0;4,91433000; -52,32563000;
202300022696.0;1;60;60242;2;1;1.0;2.0;49,58738409;1,95428871;
202300022697.0;1;64;64478;1;9;1.0;7.0;43,27163600; -0,43812300;
202300022698.0;1;66;66136;2;3;1.0;6.0;42,69605000;2,90560000;
202300022699.0;1;972;97213;1;1;1.0;3.0;14,61827978; -61,03453824;
202300022700.0;1;976;97610;1;1;1.0;1.0; -12,72920300;45,19039400;
202300022701.0;1;66;66136;2;1;1.0;6.0;42,69826000;2,92823000;
202300022702.0;3;973;97353;2;1;1.0;7.0;3,64112800; -54,03940000;
202300022703.0;1;59;59400;1;1;7.0;1.0;50,66732100;2,60005800;
202300022704.0;1;972;97213;1;6;1.0;1.0;14,62011000; -61,02150000;
202300022705.0;3;64;64545;1;1;1.0;7.0;43,38481000; -1,69770000;
202300022706.0;1;62;62645;2;2;1.0;3.0;50,97845600;2,04616700;
202300022707.0;1;13;13117;1;1;1.0;2.0;43,43266000;5,25693000;
202300022708.0;1;64;64348;1;1;1.0;6.0;43,31312000; -0,41622000;
202300022709.0;1;69;69384;2;1;1.0;3.0;45,77954707;4,82854828;
202300022710.0;3;62;62397;2;1;1.0;3.0;50,86631023;1,87659788;
202300022711.0;1;64;64445;2;1;1.0;3.0;43,30834000; -0,36133000;
202300022712.0;2;13;13056;1;1;1.0;2.0;43,39936000;5,03963000;
202300022713.0;1;69;69202;2;1;1.0;6.0;45,72820000;4,77939000;
202300022714.0;2;971;97109;2;1;1.0;1.0;15,99287100; -61,69251900;
202300022715.0;1;64;64122;2;6;1.0;3.0;43,47130000; -1,53580000;
202300022716.0;1;71;71312;1;1;1.0;7.0;46,80284700;4,99855900;
202300022717.0;5;69;69385;2;2;1.0;1.0;45,75621000;4,80289000;
202300022718.0;1;67;67152;1;1;1.0;6.0;48,53037600;7,69331300;
202300022719.0;5;63;63113;2;1;1.0;3.0;45,78169000;3,10070000;
202300022720.0;1;94;94038;1;1;1.0;6.0;48,78216297;2,34689144;
202300022721.0;4;971;97101;2;3;1.0;2.0;16,25505798; -61,52198106;
202300022722.0;1;77;77335;1;2;1.0;3.0;48,96985000;2,82971000;
202300022723.0;3;62;62270;1;1;1.0;7.0;50,46526000;2,49703000;
202300022724.0;3;37;37141;1;1;4.0;6.0;47,28764060;1,04600072;
202300022725.0;1;77;77296;1;1;1.0;2.0;48,60747500;2,58212200;
202300022726.0;1;2A;2A004;2;3;1.0;3.0;41,90871000;8,71798000;
202300022727.0;1;92;92064;1;1;1.0;6.0;48,83939388;2,21898131;
202300022728.0;1;59;59599;2;1;1.0;2.0;50,71974242;3,14257174;
202300022729.0;1;77;77438;2;2;2.0;2.0;48,86338000;2,67534000;
202300022730.0;1;87;87085;2;1;1.0;2.0;45,82145000;1,26304000;
202300022731.0;1;95;95018;1;1;1.0;2.0;48,96161914;2,25928366;
202300022732.0;1;59;59350;2;1;1.0;6.0;50,63672000;3,02530000;
202300022733.0;2;77;77333;2;1;1.0;2.0;48,26829000;2,68615000;
202300022734.0;3;95;95306;1;1;1.0;6.0;49,00983419;2,15635796;
202300022735.0;3;84;84007;2;1;1.0;6.0;43,92890000;4,81580000;
202300022736.0;2;76;76351;1;6;5.0;6.0;49,50349000;0,19235000;
202300022737.0;1;59;59360;2;3;1.0;6.0;50,60395000;3,03320000;
202300022738.0;4;80;80021;2;1;2.0;6.0;49,88989000;2,27761000;
202300022739.0;3;76;76351;2;1;1.0;6.0;49,52771300;0,08358100;
202300022740.0;4;80;80021;2;1;1.0;6.0;49,89071000;2,29037000;
202300022741.0;5;51;51454;2;1;2.0;3.0;49,25195000;4,04352000;
202300022742.0;1;76;76351;2;2;1.0;6.0;49,49990000;0,13018000;
202300022743.0;5;78;78440;2;1;1.0;6.0;48,99733400;1,91088900;
202300022744.0;3;50;50129;2;3;2.0;6.0;49,65651000; -1,69135000;
202300022745.0;1;74;74298;2;1;1.0;2.0;46,17793000;6,24443000;
202300022746.0;5;78;78498;2;1;8.0;1.0;48,92995000;2,03766000;
202300022747.0;1;49;49007;2;1;8.0;3.0;47,47853000; -0,56470000;
202300022748.0;1;77;77296;1;1;1.0;1.0;48,61840000;2,54029000;
202300022749.0;1;71;71270;2;2;1.0;3.0;46,30600000;4,82000000;
202300022750.0;2;47;47001;2;6;1.0;3.0;44,19508000;0,61231000;
202300022751.0;1;38;38563;2;1;1.0;6.0;45,36145000;5,59067000;
202300022752.0;5;71;71076;2;2;1.0;3.0;46,79381356;4,84266582;
202300022753.0;1;77;77449;2;6;8.0;4.0;48,85188094;2,77814941;
202300022754.0;5;37;37261;2;2;1.0;6.0;47,38084000;0,70005000;
202300022755.0;5;76;76640;2;1;2.0;1.0;49,26829000;1,04622000;
202300022756.0;5;69;69266;2;2;2.0;3.0;45,75817000;4,89328000;
202300022757.0;1;37;37261;2;1;1.0;2.0;47,38612000;0,69898000;
202300022758.0;1;69;69256;2;1;1.0;6.0;45,78814000;4,91296000;
202300022759.0;1;69;69282;2;1;7.0;6.0;45,77516000;5,00508000;
202300022760.0;1;76;76351;2;2;2.0;3.0;49,48521000;0,13039000;
202300022761.0;1;37;37122;2;1;1.0;2.0;47,34827000;0,65959000;
202300022762.0;5;74;74012;2;1;1.0;6.0;46,18210000;6,23400000;
202300022763.0;5;67;67482;2;1;1.0;6.0;48,57934000;7,75820000;
202300022764.0;1;37;37233;2;2;1.0;3.0;47,39410000;0,73844000;
202300022765.0;2;69;69266;2;1;5.0;3.0;45,76756206;4,89001231;
202300022766.0;1;67;67218;2;1;1.0;7.0;48,53209000;7,71803000;
202300022767.0;5;34;34172;2;2;1.0;3.0;43,62680000;3,86999000;
202300022768.0;1;66;66136;2;1;1.0;2.0;42,71388000;2,90187000;
202300022769.0;1;66;66136;2;3;1.0;3.0;42,73614000;2,89057000;
202300022770.0;1;33;33318;1;1;1.0;3.0;44,77331000; -0,71053000;
202300022771.0;1;64;64284;2;1;1.0;4.0;43,26550000; -0,38974000;
202300022772.0;3;33;33039;1;1;2.0;2.0;44,81582275; -0,53646460;
202300022773.0;1;66;66136;2;2;1.0;3.0;42,70170000;2,89706000;
202300022774.0;1;63;63113;2;6;1.0;2.0;45,78811000;3,13981000;
202300022775.0;5;27;27681;2;6;1.0;6.0;49,09554000;1,48573000;
202300022776.0;1;65;65440;2;1;8.0;6.0;43,24115141;0,07722504;
202300022777.0;1;62;62510;2;1;1.0;3.0;50,42525000;2,79413000;
202300022778.0;5;27;27229;2;2;1.0;3.0;49,02939000;1,17999000;
202300022779.0;1;64;64445;2;1;3.0;3.0;43,32650000; -0,32633000;
202300022780.0;5;62;62193;2;3;1.0;3.0;50,94656000;1,84329000;
202300022781.0;5;27;27229;2;2;1.0;6.0;49,01792000;1,16766500;
202300022782.0;1;64;64445;2;1;1.0;2.0;43,32501000; -0,32517000;
202300022783.0;1;27;27229;2;1;2.0;2.0;49,01903900;1,14949400;
202300022784.0;3;62;62764;1;1;1.0;4.0;50,31283000;2,77585000;
202300022785.0;5;64;64122;2;2;3.0;3.0;43,47442000; -1,55030000;
202300022786.0;3;15;15014;2;3;3.0;3.0;44,89801000;2,41184000;
202300022787.0;1;59;59350;2;3;1.0;3.0;50,64129000;2,97892000;
202300022788.0;1;64;64122;2;1;8.0;6.0;43,48180000; -1,55730000;
202300022789.0;1;59;59178;2;1;2.0;6.0;50,37333000;3,06612000;
202300022790.0;3;13;13117;2;3;1.0;3.0;43,43175000;5,24875000;
202300022791.0;5;64;64024;2;6;2.0;3.0;43,49415479; -1,51876164;
202300022792.0;5;56;56260;2;1;1.0;6.0;47,67416000; -2,75890000;
202300022793.0;1;13;13215;2;3;1.0;3.0;43,37852000;5,35629000;
202300022794.0;1;64;64024;2;1;1.0;3.0;43,49474000; -1,52899000;
202300022795.0;1;51;51454;2;3;1.0;1.0;49,21908000;4,02407000;
202300022796.0;5;51;51506;2;1;8.0;6.0;48,94503000;4,38291000;
202300022797.0;3;63;63164;1;1;2.0;3.0;45,82625000;3,15732000;
202300022798.0;5;13;13205;2;2;1.0;3.0;43,28801478;5,39141023;
202300022799.0;2;49;49267;2;1;1.0;3.0;47,46804000; -0,49328000;
202300022800.0;1;61;61169;1;9;1.0;3.0;48,75234400; -0,52504800;
202300022801.0;5;10;10387;2;2;8.0;6.0;48,30000000;4,09000000;
202300022802.0;2;49;49267;2;1;1.0;6.0;47,46557000; -0,51963000;
202300022803.0;1;10;10343;2;6;8.0;3.0;48,27387000;4,09263000;
202300022804.0;1;61;61001;2;6;1.0;3.0;48,43655000;0,10493000;
202300022805.0;1;45;45338;2;6;1.0;1.0;47,98465000;2,71098000;
202300022806.0;1;10;10387;2;2;1.0;6.0;48,29760313;4,05864894;
202300022807.0;5;59;59112;2;3;1.0;6.0;50,39342000;3,52741300;
202300022808.0;2;43;43157;2;3;1.0;6.0;45,04709000;3,87938000;
202300022809.0;5;06;06088;2;1;1.0;1.0;43,70233170;7,29455720;
202300022810.0;1;59;59508;2;1;1.0;6.0;50,74854518;3,11949668;
202300022811.0;2;41;41018;2;3;1.0;3.0;47,60347000;1,33400000;
202300022812.0;2;75;75116;2;1;1.0;6.0;48,87308100;2,27672700;
202300022813.0;1;59;59152;1;2;1.0;3.0;50,74413200;3,00225000;
202300022814.0;5;38;38185;2;2;2.0;3.0;45,15927000;5,72881000;
202300022815.0;5;75;75120;2;7;1.0;6.0;48,86481300;2,40893900;
202300022816.0;5;37;37261;2;2;8.0;6.0;47,38235787;0,69498315;
202300022817.0;5;59;59328;2;2;1.0;3.0;50,64451000;3,02866000;
202300022818.0;1;37;37261;2;1;1.0;6.0;47,41377000;0,69661000;
202300022819.0;2;59;59350;2;1;8.0;3.0;50,64037000;2,99039000;
202300022820.0;1;75;75119;2;2;1.0;2.0;48,88508400;2,38377300;
202300022821.0;1;36;36044;2;1;1.0;3.0;46,81739430;1,69703901;
202300022822.0;1;75;75118;2;2;1.0;6.0;48,89808800;2,34436700;
202300022823.0;5;59;59360;2;2;1.0;3.0;50,60164000;3,03962000;
202300022824.0;1;35;35238;2;1;1.0;2.0;48,12558000; -1,69682000;
202300022825.0;1;31;31557;2;9;2.0;6.0;43,58501200;1,37258600;
202300022826.0;3;59;59185;2;1;1.0;6.0;50,33606000;3,20844000;
202300022827.0;3;31;31069;2;1;8.0;6.0;43,63128500;1,38865000;
202300022828.0;5;28;28134;2;1;1.0;6.0;48,73779000;1,34700000;
202300022829.0;1;59;59122;2;1;1.0;6.0;50,17186820;3,22750578;
202300022830.0;1;58;58194;2;2;2.0;3.0;46,99327000;3,17290000;
202300022831.0;1;27;27229;2;2;8.0;1.0;49,01918000;1,15212000;
202300022832.0;1;58;58194;2;3;1.0;3.0;46,97946000;3,13153000;
202300022833.0;1;27;27229;2;2;8.0;1.0;49,01595000;1,16566000;
202300022834.0;5;57;57491;2;3;1.0;3.0;49,25177000;6,05154000;
202300022835.0;1;56;56083;2;1;1.0;6.0;47,80004000; -3,28818000;
202300022836.0;1;26;26008;1;3;1.0;3.0;44,57578000;4,72057000;
202300022837.0;1;56;56162;1;1;1.0;7.0;47,73293000; -3,40406000;
202300022838.0;3;56;56098;1;1;1.0;3.0;47,77812000; -3,35489000;
202300022839.0;1;24;24322;2;1;1.0;6.0;45,18165000;0,72105000;
202300022840.0;1;56;56162;2;3;1.0;1.0;47,70429910; -3,44535610;
202300022841.0;1;21;21278;2;6;1.0;3.0;47,34704000;5,03491000;
202300022842.0;1;54;54578;2;3;7.0;3.0;48,67332697;6,15993440;
202300022843.0;5;14;14118;2;1;2.0;6.0;49,16852200; -0,35201400;
202300022844.0;2;54;54274;2;1;1.0;3.0;48,67120857;6,21171176;
202300022845.0;5;14;14118;2;1;3.0;6.0;49,20311000; -0,39081000;
202300022846.0;1;54;54270;1;1;1.0;6.0;49,47743000;5,88552000;
202300022847.0;5;14;14437;2;1;3.0;6.0;49,17010000; -0,32393000;
202300022848.0;1;52;52448;1;1;1.0;5.0;48,62582000;4,93471000;
202300022849.0;1;13;13210;2;1;1.0;3.0;43,27963187;5,41055937;
202300022850.0;5;13;13210;2;1;1.0;3.0;43,28310000;5,39277000;
202300022851.0;1;51;51454;2;2;8.0;2.0;49,22250000;4,01452000;
202300022852.0;1;13;13208;2;1;1.0;6.0;43,27600000;5,38900000;
202300022853.0;1;51;51454;2;9;1.0;3.0;49,23670000;4,07110000;
202300022854.0;1;13;13001;2;1;1.0;3.0;43,51263000;5,42708000;
202300022855.0;1;51;51172;2;6;1.0;3.0;49,21960000;4,04140000;
202300022856.0;1;51;51454;2;4;1.0;6.0;49,25593000;4,03860000;
202300022857.0;1;07;07186;2;3;1.0;3.0;44,73619000;4,60125000;
202300022858.0;3;07;07281;1;1;2.0;1.0;44,93217000;4,79362000;
202300022859.0;1;50;50129;2;2;1.0;7.0;49,63549000; -1,66567000;
202300022860.0;1;46;46042;2;1;1.0;6.0;44,45935000;1,42420000;
202300022861.0;1;45;45234;2;1;1.0;6.0;47,90315000;1,89342700;
202300022862.0;5;45;45004;2;1;1.0;7.0;47,98680768;2,73255140;
202300022863.0;1;06;06088;2;1;1.0;3.0;43,68197610;7,23239700;
202300022864.0;1;45;45004;2;1;1.0;3.0;47,97737000;2,73652000;
202300022865.0;2;45;45208;2;1;1.0;7.0;47,99828340;2,72085589;
202300022866.0;1;44;44184;2;1;1.0;3.0;47,26040300; -2,25847700;
202300022867.0;1;06;06088;2;3;1.0;6.0;43,70195200;7,28289400;
202300022868.0;2;43;43157;2;3;1.0;5.0;45,03958000;3,88215000;
202300022869.0;5;06;06069;2;1;1.0;3.0;43,62469000;6,96474000;
202300022870.0;5;41;41047;2;2;1.0;3.0;47,60314000;1,34959000;
202300022871.0;1;06;06029;2;1;1.0;3.0;43,55256000;6,96278000;
202300022872.0;1;38;38516;2;4;1.0;3.0;45,20782000;5,74152000;
202300022873.0;1;38;38169;2;1;1.0;6.0;45,19140000;5,69492000;
202300022874.0;5;75;75118;2;3;8.0;6.0;48,88973400;2,34964000;
202300022875.0;1;38;38185;2;3;1.0;6.0;45,18875000;5,72574000;
202300022876.0;1;38;38053;2;1;1.0;3.0;45,58721000;5,27260000;
202300022877.0;1;37;37261;2;1;1.0;2.0;47,39924000;0,67547000;
202300022878.0;1;75;75105;2;1;1.0;2.0;48,85339000;2,34561300;
202300022879.0;1;37;37261;2;1;1.0;6.0;47,36759000;0,71056000;
202300022880.0;1;35;35278;1;3;1.0;6.0;48,16229000; -1,69011000;
202300022881.0;1;35;35238;2;2;1.0;3.0;48,12141000; -1,71461000;
202300022882.0;5;75;75105;2;2;1.0;3.0;48,83948200;2,33760100;
202300022883.0;1;35;35278;1;1;1.0;4.0;48,15716010; -1,69866174;
202300022884.0;1;34;34032;2;1;1.0;3.0;43,35756000;3,24260000;
202300022885.0;1;75;75120;2;1;1.0;3.0;48,85835700;2,41462600;
202300022886.0;1;34;34003;2;1;1.0;3.0;43,30800000;3,47803000;
202300022887.0;1;33;33192;2;1;3.0;4.0;44,78971000; -0,60519000;
202300022888.0;1;33;33550;2;8;3.0;6.0;44,78186043; -0,56602389;
202300022889.0;1;33;33167;2;1;1.0;6.0;44,82922000; -0,52870000;
202300022890.0;1;33;33063;1;1;1.0;4.0;44,82385093; -0,54325461;
202300022891.0;5;75;75119;2;3;1.0;6.0;48,87635500;2,39312400;
202300022892.0;2;32;32013;2;6;8.0;7.0;43,63310000;0,58923000;
202300022893.0;2;75;75118;2;3;2.0;6.0;48,89041100;2,32660200;
202300022894.0;1;31;31555;2;2;1.0;3.0;43,56014000;1,36050000;
202300022895.0;1;30;30189;2;3;1.0;3.0;43,82933357;4,36694473;
202300022896.0;1;29;29232;1;6;1.0;6.0;47,98020542; -4,08071553;
202300022897.0;1;75;75116;2;3;1.0;2.0;48,87439200;2,28285000;
202300022898.0;1;29;29019;2;1;1.0;6.0;48,40337900; -4,50779500;
202300022899.0;1;26;26198;2;1;1.0;6.0;44,56285000;4,74723000;
202300022900.0;5;25;25388;2;9;1.0;3.0;47,50380000;6,79513000;
202300022901.0;1;25;25056;2;2;1.0;3.0;47,25211000;6,02690000;
202300022902.0;1;75;75115;2;2;1.0;3.0;48,84581498;2,30955362;
202300022903.0;1;22;22187;2;2;1.0;3.0;48,53013000; -2,76466000;
202300022904.0;1;22;22278;2;9;1.0;6.0;48,51769000; -2,76644000;
202300022905.0;1;75;75115;2;3;1.0;6.0;48,83514100;2,30556800;
202300022906.0;1;19;19031;2;3;1.0;6.0;45,15316000;1,53437000;
202300022907.0;1;19;19031;2;3;1.0;3.0;45,16473000;1,51318000;
202300022908.0;1;18;18033;2;6;1.0;6.0;47,06950000;2,37630000;
202300022909.0;1;75;75115;2;3;1.0;6.0;48,83252600;2,29762500;
202300022910.0;1;17;17333;2;1;3.0;6.0;45,60150000; -1,00001000;
202300022911.0;5;13;13213;2;9;1.0;6.0;43,32179555;5,41772377;
202300022912.0;1;13;13208;2;1;1.0;1.0;43,23741000;5,36380000;
202300022913.0;5;75;75115;2;2;2.0;1.0;48,84442700;2,31769200;
202300022914.0;1;13;13203;2;3;1.0;5.0;43,30573000;5,38398000;
202300022915.0;5;13;13207;2;1;1.0;6.0;43,29274739;5,36878109;
202300022916.0;5;75;75111;2;2;8.0;6.0;48,85130200;2,37613400;
202300022917.0;1;13;13028;1;1;1.0;2.0;43,20642444;5,58575274;
202300022918.0;5;75;75111;2;2;2.0;3.0;48,85515100;2,37033500;
202300022919.0;1;13;13001;1;1;1.0;3.0;43,51625271;5,38066945;
202300022920.0;1;75;75102;2;1;2.0;6.0;48,86970900;2,34389500;
202300022921.0;5;10;10343;2;1;1.0;7.0;48,27638000;4,08892000;
202300022922.0;5;10;10387;2;1;1.0;6.0;48,30570000;4,07100000;
202300022923.0;1;75;75102;2;2;1.0;6.0;48,86411500;2,35013260;
202300022924.0;5;10;10343;2;1;1.0;7.0;48,28170000;4,09570000;
202300022925.0;1;10;10387;2;1;1.0;2.0;48,29809000;4,06816000;
202300022926.0;2;94;94046;2;1;1.0;3.0;48,80086000;2,43441000;
202300022927.0;1;09;09225;2;3;1.0;3.0;43,11760000;1,61228000;
202300022928.0;5;94;94076;2;2;2.0;2.0;48,79606000;2,36836000;
202300022929.0;1;09;09122;2;1;1.0;6.0;42,96448900;1,60287200;
202300022930.0;5;94;94028;2;1;2.0;6.0;48,78461000;2,43675000;
202300022931.0;1;06;06088;2;9;1.0;1.0;43,70787000;7,28407000;
202300022932.0;1;94;94022;2;2;1.0;3.0;48,76690000;2,40399200;
202300022933.0;1;06;06027;2;3;1.0;6.0;43,65800000;7,16238400;
202300022934.0;1;94;94018;2;3;1.0;3.0;48,82025634;2,40385804;
202300022935.0;1;04;04112;2;1;1.0;6.0;43,82952000;5,78545000;
202300022936.0;1;03;03190;2;6;1.0;6.0;46,56271200;3,32524600;
202300022937.0;5;93;93073;2;5;2.0;2.0;48,94192000;2,57364000;
202300022938.0;1;01;01451;1;6;1.0;3.0;46,22452000;5,20666000;
202300022939.0;1;75;75112;2;1;1.0;2.0;48,83513000;2,41161900;
202300022940.0;5;93;93032;2;3;1.0;3.0;48,87059850;2,55476117;
202300022941.0;5;75;75120;2;1;1.0;4.0;48,85993000;2,41398200;
202300022942.0;1;93;93001;2;2;1.0;3.0;48,91624000;2,38164000;
202300022943.0;1;92;92063;2;9;1.0;6.0;48,88010644;2,18108252;
202300022944.0;1;75;75105;2;3;1.0;3.0;48,85375600;2,34429000;
202300022945.0;2;92;92026;2;6;1.0;3.0;48,90255816;2,27459908;
202300022946.0;1;75;75116;2;3;2.0;3.0;48,83682443;2,25365326;
202300022947.0;1;75;75115;2;7;2.0;2.0;48,82709400;2,29270100;
202300022948.0;5;92;92025;2;2;1.0;3.0;48,92566338;2,24716265;
202300022949.0;1;75;75115;2;2;1.0;3.0;48,83854700;2,31150500;
202300022950.0;1;92;92009;2;3;8.0;3.0;48,90722905;2,26466328;
202300022951.0;1;75;75114;2;3;2.0;6.0;48,82878642;2,32774615;
202300022952.0;1;92;92004;2;1;2.0;3.0;48,90656000;2,29078000;
202300022953.0;1;75;75114;2;3;3.0;3.0;48,83078160;2,32941172;
202300022954.0;1;33;33334;2;8;5.0;3.0;44,68961300; -0,41745900;
202300022955.0;5;75;75114;2;7;1.0;5.0;48,82784700;2,32665600;
202300022956.0;1;51;51217;2;2;2.0;3.0;49,07478800;3,63999900;
202300022957.0;1;75;75114;2;1;8.0;3.0;48,83830000;2,33200000;
202300022958.0;1;972;97227;1;1;1.0;1.0;14,47748400; -60,96270600;
202300022959.0;1;75;75113;2;3;2.0;2.0;48,82287547;2,35298002;
202300022960.0;1;75;75112;2;2;3.0;1.0;48,84348300;2,37069300;
202300022961.0;3;50;50592;2;1;2.0;1.0;48,96978000; -1,06069000;
202300022962.0;1;75;75112;2;2;1.0;1.0;48,82210000;2,44200000;
202300022963.0;3;35;35193;1;1;2.0;6.0;48,23765100; -1,70957600;
202300022964.0;5;75;75111;2;5;1.0;3.0;48,85743300;2,37969800;
202300022965.0;1;75;75108;2;2;2.0;3.0;48,87141800;2,30731100;
202300022966.0;1;51;51422;1;4;1.0;1.0;49,22030939;3,93729215;
202300022967.0;1;75;75108;2;3;2.0;3.0;48,87616175;2,31948289;
202300022968.0;1;56;56051;1;1;1.0;1.0;47,90013200; -2,59364200;
202300022969.0;1;75;75108;2;3;1.0;6.0;48,87775285;2,31557143;
202300022970.0;1;89;89464;1;1;2.0;1.0;48,06234400;3,29059000;
202300022971.0;1;75;75107;2;5;1.0;6.0;48,86190200;2,30203800;
202300022972.0;1;75;75104;2;2;8.0;2.0;48,85594200;2,35796600;
202300022973.0;5;94;94058;2;2;1.0;1.0;48,84325000;2,50340000;
202300022974.0;2;55;55470;1;2;2.0;3.0;48,70372500;5,07082300;
202300022975.0;1;94;94043;2;1;1.0;6.0;48,81472200;2,36090900;
202300022976.0;3;49;49180;1;2;1.0;3.0;47,33837200; -0,14052600;
202300022977.0;1;94;94038;2;2;2.0;3.0;48,77393100;2,35186600;
202300022978.0;3;47;47228;1;1;2.0;6.0;44,32532845;0,72028893;
202300022979.0;1;94;94028;2;2;3.0;6.0;48,78009000;2,46553000;
202300022980.0;1;47;47069;1;1;1.0;1.0;44,22763323;0,58292283;
202300022981.0;1;94;94028;2;1;2.0;3.0;48,78407000;2,45417000;
202300022982.0;1;94;94017;2;1;1.0;3.0;48,81484000;2,52440000;
202300022983.0;3;41;41180;1;1;8.0;5.0;47,37600800;1,22733800;
202300022984.0;3;34;34234;1;9;1.0;6.0;43,53340600;3,22720200;
202300022985.0;1;93;93070;2;9;2.0;7.0;48,91245546;2,33561654;
202300022986.0;3;25;25240;1;1;2.0;1.0;47,05012500;6,62505600;
202300022987.0;2;93;93048;2;2;1.0;6.0;48,86233000;2,44393000;
202300022988.0;1;93;93032;2;5;1.0;3.0;48,87450000;2,55199000;
202300022989.0;1;25;25122;1;1;2.0;1.0;46,94567000;6,18639700;
202300022990.0;1;93;93032;2;2;1.0;3.0;48,88851638;2,54741594;
202300022991.0;1;29;29024;2;1;1.0;6.0;48,27129000; -3,57563700;
202300022992.0;1;93;93032;2;2;1.0;2.0;48,87615000;2,54971000;
202300022993.0;1;38;38039;2;1;9.0;6.0;45,26851000;5,86598000;
202300022994.0;1;06;06090;2;1;1.0;1.0;43,61424600;6,93523600;
202300022995.0;5;93;93032;2;2;1.0;3.0;48,88277683;2,53501915;
202300022996.0;1;14;14377;1;1;8.0;6.0;49,32250300; -0,70276600;
202300022997.0;1;93;93031;2;1;3.0;6.0;48,96009338;2,30375737;
202300022998.0;3;64;64411;1;1;2.0;7.0;43,19927531; -1,01934943;
202300022999.0;1;93;93010;2;1;2.0;3.0;48,90159942;2,47604700;
202300023000.0;1;36;36117;1;1;1.0;6.0;46,55581000;1,56029500;
202300023001.0;5;92;92072;2;1;1.0;6.0;48,82611000;2,21852000;
202300023002.0;1;92;92063;2;1;8.0;6.0;48,87164509;2,20105451;
202300023003.0;3;07;07024;1;1;1.0;5.0;44,38515800;4,17184400;
202300023004.0;1;21;21644;1;1;1.0;6.0;47,34914400;5,31431200;
202300023005.0;1;92;92050;2;1;1.0;6.0;48,89707394;2,22414047;
202300023006.0;1;85;85172;1;1;1.0;6.0;46,79862300; -1,97846300;
202300023007.0;1;92;92036;2;1;1.0;4.0;48,91976000;2,32245000;
202300023008.0;1;17;17218;2;1;1.0;7.0;46,31907900; -0,96907100;
202300023009.0;1;92;92025;2;3;2.0;3.0;48,93381000;2,25559000;
202300023010.0;1;30;30165;1;1;1.0;3.0;44,09757357;4,14618874;
202300023011.0;5;987;98715;2;1;1.0;6.0; -17,58400000; -149,56000000;
202300023012.0;1;92;92024;2;1;8.0;4.0;48,91262000;2,31236000;
202300023013.0;4;13;13109;1;1;1.0;1.0;43,50797400;5,50157500;
202300023014.0;1;974;97415;1;1;1.0;3.0; -20,97083700;55,29869600;
202300023015.0;1;47;47169;1;1;1.0;6.0;44,13846400;0,60782500;