Num_Acc;lum;departement;commune;agglomeration;intersection;meteo;type_collision;lat;long;date
202300023016.0;1;13;13001;1;1;1.0;2.0;43,52357800;5,40841700;
202300023017.0;1;51;51649;2;1;1.0;1.0;48,72474600;4,58433500;
202300023018.0;5;49;49129;1;4;1.0;3.0;47,50135900; -0,50854100;
202300023019.0;1;51;51635;1;1;1.0;7.0;48,80699100;4,84201000;
202300023020.0;1;51;51466;1;1;1.0;2.0;49,18285400;3,75045800;
202300023021.0;1;84;84088;1;2;1.0;3.0;44,02218000;5,04741300;
202300023022.0;1;01;01354;2;6;1.0;3.0;46,25940000;6,02923600;
202300023023.0;1;34;34329;1;1;6.0;5.0;43,30334579;3,22158808;
202300023024.0;1;22;22044;1;1;2.0;2.0;48,47704000; -2,60042000;
202300023025.0;1;974;97418;1;1;7.0;2.0; -20,90296300;55,54183200;
202300023026.0;1;50;50214;1;1;1.0;7.0;48,90860900; -1,10465200;
202300023027.0;5;971;97125;1;2;1.0;2.0;16,25627500; -61,28974200;
202300023028.0;1;66;66056;2;6;7.0;2.0;42,65923400;2,68279400;
202300023029.0;3;66;66224;2;6;1.0;6.0;42,72729200;2,99328100;
202300023030.0;1;21;21273;1;1;8.0;7.0;47,29256400;4,81656100;
202300023031.0;1;06;06157;2;3;1.0;6.0;43,72175000;7,11032700;
202300023032.0;2;51;51342;1;1;1.0;6.0;48,98310000;3,95084000;
202300023033.0;2;38;38336;1;1;2.0;2.0;45,46365200;4,83292200;
202300023034.0;3;89;89298;1;1;2.0;7.0;48,05449000;3,10818700;
202300023035.0;1;59;59624;2;1;1.0;2.0;50,03165600;3,29432700;
202300023036.0;2;58;58124;1;1;2.0;6.0;47,05307800;3,06173100;
202300023037.0;1;56;56165;1;1;1.0;4.0;47,89391000; -2,36560100;
202300023038.0;3;56;56154;1;1;1.0;6.0;47,72886000; -2,21458000;
202300023039.0;5;54;54215;2;3;2.0;6.0;48,75394800;6,14267200;
202300023040.0;1;56;56083;1;1;1.0;4.0;47,78821000; -3,28236000;
202300023041.0;1;56;56147;2;3;2.0;2.0;47,52132700; -2,28743600;
202300023042.0;1;03;03308;1;1;1.0;3.0;46,27354400;2,97643700;
202300023043.0;1;74;74275;1;1;1.0;1.0;45,81783440;6,22926634;
202300023044.0;2;2A;2A362;2;1;1.0;2.0;41,70105100;9,35035200;
202300023045.0;3;03;03283;1;1;1.0;1.0;46,51141900;3,59332300;
202300023046.0;1;2B;2B049;1;1;1.0;7.0;42,48969400;8,68460700;
202300023047.0;1;61;61091;1;1;7.0;6.0;48,62004000; -0,52372000;
202300023048.0;1;73;73179;1;4;1.0;1.0;45,60624300;5,85412000;
202300023049.0;3;42;42081;1;8;1.0;6.0;45,62019100;4,26951900;
202300023050.0;2;01;01185;1;1;2.0;6.0;45,98381200;5,56337400;
202300023051.0;3;22;22204;1;1;1.0;2.0;48,69626700; -3,21809000;
202300023052.0;1;69;69143;2;9;1.0;3.0;45,88633700;4,83137200;
202300023053.0;1;25;25349;1;1;1.0;2.0;47,14382500;6,49712600;
202300023054.0;3;81;81140;1;1;2.0;6.0;43,67837900;1,87749300;
202300023055.0;1;25;25262;1;1;1.0;7.0;47,13652000;6,61565800;
202300023056.0;2;29;29150;1;1;5.0;6.0;47,80174100; -3,62561700;
202300023057.0;1;65;65059;2;9;1.0;4.0;43,06884700;0,15749400;
202300023058.0;2;29;29217;2;4;1.0;3.0;47,85263900; -3,73734200;
202300023059.0;1;84;84075;1;1;1.0;7.0;44,01313831;5,24676098;
202300023060.0;1;84;84005;1;1;1.0;2.0;44,14215100;5,34137200;
202300023061.0;4;62;62589;2;1;1.0;6.0;50,34763100;2,68901600;
202300023062.0;1;26;26368;1;1;2.0;1.0;44,71889100;5,26487100;
202300023063.0;1;58;58147;2;1;1.0;1.0;47,15972300;3,38574700;
202300023064.0;3;13;13211;1;1;1.0;2.0;43,29191000;5,48075000;
202300023065.0;1;06;06079;2;1;7.0;6.0;43,52918200;6,92832400;
202300023066.0;3;69;69271;1;1;1.0;2.0;45,74778100;4,98811300;
202300023067.0;3;50;50569;1;3;1.0;7.0;49,03978100; -1,35047100;
202300023068.0;1;90;90070;2;1;1.0;6.0;47,47106400;6,92261500;
202300023069.0;3;83;83005;1;1;1.0;6.0;43,68786000;6,11303300;
202300023070.0;1;07;07100;1;1;1.0;3.0;44,42212318;4,04837857;
202300023071.0;3;33;33249;1;1;2.0;4.0;44,87876220; -0,53049139;
202300023072.0;1;24;24408;1;1;1.0;3.0;45,32374800;0,78582800;
202300023073.0;1;33;33192;1;1;1.0;2.0;44,79003708; -0,60711432;
202300023074.0;2;85;85192;1;1;1.0;5.0;46,78433300; -1,01360040;
202300023075.0;3;91;91064;1;1;1.0;7.0;48,74876000;2,21678000;
202300023076.0;1;27;27069;1;1;1.0;6.0;48,82061400;0,75426800;
202300023077.0;1;17;17140;1;1;1.0;7.0;45,92173700; -1,25591800;
202300023078.0;3;94;94034;1;1;9.0;3.0;48,75628517;2,33422052;
202300023079.0;1;30;30320;1;1;1.0;1.0;44,12121500;4,30285100;
202300023080.0;1;88;88408;1;2;1.0;3.0;47,90707600;6,68116300;
202300023081.0;1;94;94038;1;1;2.0;5.0;48,77350191;2,34614102;
202300023082.0;1;95;95392;2;1;1.0;7.0;49,07651200;2,20481900;
202300023083.0;3;91;91340;1;1;2.0;7.0;48,60915000;2,43970000;
202300023084.0;1;39;39310;1;1;1.0;3.0;46,79477100;5,53002800;
202300023085.0;3;60;60030;1;1;1.0;6.0;49,36246743;2,10786009;
202300023086.0;1;59;59370;2;1;1.0;3.0;50,31562700;3,97730800;
202300023087.0;1;79;79048;1;1;1.0;2.0;46,34710500; -0,29487100;
202300023088.0;2;93;93066;1;1;1.0;7.0;48,91182000;2,35786000;
202300023089.0;3;37;37036;1;1;1.0;1.0;47,54651611;0,28583698;
202300023090.0;3;94;94046;1;1;2.0;2.0;48,80856288;2,44905786;
202300023091.0;1;69;69188;1;3;2.0;5.0;45,92308000;4,45866800;
202300023092.0;1;77;77216;1;1;3.0;6.0;48,29037500;2,68211800;
202300023093.0;2;77;77258;1;1;1.0;6.0;48,83212511;2,65067079;
202300023094.0;2;77;77216;1;1;3.0;3.0;48,29001800;2,68299800;
202300023095.0;1;34;34088;1;1;1.0;7.0;43,57100100;3,73919200;
202300023096.0;1;66;66144;2;6;1.0;1.0;42,63345300;2,87059900;
202300023097.0;1;10;10387;2;3;1.0;3.0;48,30157000;4,05152000;
202300023098.0;1;10;10387;2;1;1.0;6.0;48,31005455;4,06819832;
202300023099.0;1;78;78190;2;1;1.0;6.0;48,87772900;2,14571100;
202300023100.0;1;35;35055;2;6;1.0;3.0;48,09051000; -1,61573000;
202300023101.0;1;976;97611;2;1;1.0;7.0; -12,76896000;45,22450000;
202300023102.0;1;974;97416;1;1;1.0;2.0; -21,35360000;55,51259000;
202300023103.0;1;974;97416;1;1;1.0;3.0; -21,32966514;55,45849460;
202300023104.0;1;974;97411;2;1;1.0;6.0; -20,88037000;55,44892000;
202300023105.0;1;974;97407;1;1;1.0;1.0; -20,93072000;55,30974000;
202300023106.0;5;69;69386;2;1;1.0;6.0;45,76790000;4,85931000;
202300023107.0;1;69;69383;2;3;1.0;6.0;45,76135327;4,86389056;
202300023108.0;5;69;69382;2;1;1.0;3.0;45,76582000;4,83801000;
202300023109.0;5;2B;2B033;2;3;1.0;1.0;42,67749000;9,43359000;
202300023110.0;1;2B;2B033;2;1;1.0;1.0;42,70000000;9,45000000;
202300023111.0;1;971;97101;2;1;7.0;6.0;16,24962000; -61,52956000;
202300023112.0;1;971;97101;2;1;1.0;6.0;16,27356612; -61,50493026;
202300023113.0;1;971;97113;1;1;1.0;3.0;16,21206000; -61,47525000;
202300023114.0;5;95;95555;2;1;2.0;6.0;48,96708500;2,28438700;
202300023115.0;5;91;91421;2;9;1.0;6.0;48,70306000;2,45413000;
202300023116.0;3;91;91432;2;1;2.0;2.0;48,71301800;2,35072200;
202300023117.0;1;87;87085;2;9;1.0;3.0;45,82355000;1,25121000;
202300023118.0;3;80;80702;1;1;2.0;6.0;49,84372000;2,29575000;
202300023119.0;5;80;80001;2;1;2.0;6.0;50,10673000;1,84527000;
202300023120.0;3;77;77337;2;2;2.0;3.0;48,84590000;2,62015000;
202300023121.0;3;77;77058;1;1;2.0;2.0;48,83727000;2,74003000;
202300023122.0;2;77;77131;2;1;1.0;6.0;48,80782000;3,08342000;
202300023123.0;5;76;76108;2;1;3.0;6.0;49,46386842;1,09887421;
202300023124.0;5;76;76351;2;2;1.0;3.0;49,49075000;0,11675000;
202300023125.0;3;76;76341;1;1;1.0;6.0;49,52180000;0,18977000;
202300023126.0;1;76;76351;2;2;1.0;3.0;49,49408000;0,13872000;
202300023127.0;5;76;76351;2;1;1.0;7.0;49,49167493;0,10901016;
202300023128.0;3;73;73029;1;1;1.0;3.0;45,56496000;5,94707000;
202300023129.0;1;88;88387;1;3;1.0;3.0;48,36918000;5,82539300;
202300023130.0;1;03;03290;1;1;1.0;6.0;46,63606000;3,27763800;
202300023131.0;4;42;42304;2;9;2.0;6.0;45,54699700;4,20171300;
202300023132.0;3;31;31451;2;1;1.0;7.0;43,47528300;1,99911500;
202300023133.0;1;31;31196;1;1;1.0;7.0;43,25028200;0,99734700;
202300023134.0;1;13;13209;2;3;1.0;3.0;43,26391785;5,41842991;
202300023135.0;1;17;17458;1;1;1.0;7.0;45,35878000; -0,29851900;
202300023136.0;1;13;13206;2;3;1.0;6.0;43,28030000;5,37821000;
202300023137.0;1;47;47157;2;3;1.0;3.0;44,50354900;0,17028800;
202300023138.0;1;33;33056;2;3;1.0;3.0;44,90408800; -0,61958200;
202300023139.0;1;72;72185;1;1;1.0;6.0;47,71140400; -0,01204300;
202300023140.0;5;11;11069;2;1;1.0;6.0;43,21096000;2,33830000;
202300023141.0;1;10;10333;2;1;1.0;6.0;48,28880000;4,04530000;
202300023142.0;1;06;06088;2;1;1.0;2.0;43,70126410;7,28806400;
202300023143.0;1;14;14047;2;1;1.0;6.0;49,27728300; -0,70106500;
202300023144.0;1;06;06069;2;3;1.0;3.0;43,65178200;6,92993860;
202300023145.0;1;13;13081;1;1;1.0;2.0;43,48350000;5,24130000;
202300023146.0;5;06;06027;2;1;1.0;3.0;43,66373000;7,14882000;
202300023147.0;3;13;13213;1;1;1.0;2.0;43,32843700;5,41727082;
202300023148.0;1;83;83047;1;1;1.0;6.0;43,13446859;6,04783523;
202300023149.0;1;06;06027;2;3;1.0;3.0;43,65874000;7,14766000;
202300023150.0;1;75;75119;2;1;1.0;2.0;48,90033400;2,38078500;
202300023151.0;1;69;69029;2;2;1.0;2.0;45,72957000;4,89388000;
202300023152.0;1;75;75120;2;1;1.0;2.0;48,87474500;2,41054300;
202300023153.0;1;91;91377;2;9;1.0;2.0;48,71895000;2,29896000;
202300023154.0;1;75;75112;2;4;1.0;3.0;48,82920200;2,39025600;
202300023155.0;1;94;94033;1;1;1.0;3.0;48,85428168;2,48956832;
202300023156.0;1;75;75106;2;3;1.0;2.0;48,85304200;2,34294700;
202300023157.0;1;93;93051;1;1;1.0;5.0;48,83623318;2,55184364;
202300023158.0;5;75;75120;2;3;1.0;1.0;48,85244100;2,40612900;
202300023159.0;1;94;94046;1;1;1.0;1.0;48,81577215;2,45029735;
202300023160.0;5;75;75119;2;3;2.0;3.0;48,88837600;2,37413600;
202300023161.0;1;94;94073;1;1;1.0;5.0;48,75511212;2,38274011;
202300023162.0;5;75;75116;2;1;1.0;6.0;48,86064700;2,24062900;
202300023163.0;1;93;93051;1;1;1.0;5.0;48,83504713;2,57471770;
202300023164.0;5;75;75116;2;2;1.0;3.0;48,83853900;2,25222500;
202300023165.0;3;94;94022;1;1;1.0;6.0;48,77637562;2,42140187;
202300023166.0;5;75;75116;2;3;1.0;6.0;48,83819400;2,25822100;
202300023167.0;1;94;94017;1;1;1.0;2.0;48,83020089;2,49576700;
202300023168.0;1;75;75115;2;1;1.0;7.0;48,83036400;2,29399300;
202300023169.0;1;74;74127;1;1;1.0;7.0;46,34177300;6,55463200;
202300023170.0;1;74;74081;2;2;1.0;1.0;46,06101200;6,57701800;
202300023171.0;5;75;75115;2;2;1.0;1.0;48,84264700;2,30269000;
202300023172.0;1;74;74278;2;6;1.0;2.0;46,08233600;6,53827600;
202300023173.0;1;75;75113;2;1;1.0;3.0;48,82587100;2,38482000;
202300023174.0;1;74;74007;1;1;1.0;3.0;46,07666900;6,31316900;
202300023175.0;5;75;75111;2;3;1.0;2.0;48,86766100;2,37728900;
202300023176.0;1;74;74179;1;3;1.0;1.0;45,99767700;6,01068600;
202300023177.0;1;75;75108;2;4;1.0;1.0;48,87549700;2,32402500;
202300023178.0;1;74;74010;2;1;2.0;5.0;45,88867900;6,10618800;
202300023179.0;1;74;74281;2;1;1.0;3.0;46,35827000;6,45163000;
202300023180.0;1;75;75107;2;2;1.0;3.0;48,85957900;2,32952300;
202300023181.0;3;69;69382;1;1;1.0;6.0;45,74804083;4,82996911;
202300023182.0;1;14;14256;2;1;1.0;3.0;49,32217537; -0,78628028;
202300023183.0;5;75;75102;2;3;1.0;3.0;48,86777600;2,34379500;
202300023184.0;1;14;14118;2;1;1.0;6.0;49,19410000; -0,38266000;
202300023185.0;2;94;94081;2;2;1.0;1.0;48,78257000;2,38085000;
202300023186.0;3;974;97416;1;9;1.0;3.0; -21,27858000;55,47081000;
202300023187.0;2;973;97302;2;2;1.0;3.0;4,93921094; -52,32718349;
202300023188.0;1;94;94076;2;1;1.0;3.0;48,80054100;2,35246600;
202300023189.0;3;973;97309;2;1;2.0;7.0;4,91196769; -52,30809152;
202300023190.0;1;94;94037;2;2;1.0;3.0;48,81396000;2,33860000;
202300023191.0;1;972;97209;2;9;1.0;2.0;14,60231211; -61,07568294;
202300023192.0;5;94;94073;2;6;1.0;6.0;48,76772100;2,38545900;
202300023193.0;1;69;69202;2;7;1.0;6.0;45,74754000;4,80039000;
202300023194.0;1;94;94028;2;1;2.0;2.0;48,77768000;2,45770000;
202300023195.0;1;2A;2A004;1;3;1.0;2.0;41,95257134;8,78447056;
202300023196.0;1;94;94028;2;3;1.0;1.0;48,77635000;2,46807000;
202300023197.0;5;2A;2A004;2;9;1.0;2.0;41,92845000;8,76532000;
202300023198.0;1;94;94011;2;6;3.0;3.0;48,76805374;2,48753214;
202300023199.0;1;95;95280;2;2;1.0;3.0;49,03001571;2,46467650;
202300023200.0;5;94;94053;2;1;1.0;1.0;48,77548000;2,54829000;
202300023201.0;5;94;94017;2;6;1.0;3.0;48,81740630;2,52723768;
202300023202.0;1;91;91027;2;1;1.0;3.0;48,70414000;2,37168000;
202300023203.0;1;94;94002;2;1;1.0;6.0;48,80009800;2,42708500;
202300023204.0;1;91;91027;2;2;2.0;3.0;48,71608300;2,37080300;
202300023205.0;1;91;91687;2;3;1.0;6.0;48,68333000;2,38333000;
202300023206.0;5;93;93078;2;3;6.0;1.0;48,95549000;2,53900000;
202300023207.0;5;93;93066;2;3;1.0;2.0;48,94604700;2,36697100;
202300023208.0;1;83;83061;1;1;1.0;5.0;43,47994981;6,77573812;
202300023209.0;1;93;93051;2;3;1.0;3.0;48,84281000;2,54074000;
202300023210.0;1;93;93051;2;1;1.0;1.0;48,83926000;2,55552000;
202300023211.0;3;71;71306;2;2;1.0;3.0;46,66613000;4,36232000;
202300023212.0;1;93;93048;2;1;1.0;3.0;48,87083500;2,46317300;
202300023213.0;1;69;69290;2;2;1.0;3.0;45,71220000;4,92002000;
202300023214.0;1;93;93079;2;1;1.0;6.0;48,95340400;2,33627400;
202300023215.0;5;64;64102;2;1;2.0;7.0;43,49442100; -1,46813500;
202300023216.0;1;64;64024;2;1;2.0;3.0;43,48426000; -1,50678000;
202300023217.0;1;93;93047;2;1;8.0;4.0;48,89930600;2,55785300;
202300023218.0;1;63;63113;2;2;1.0;1.0;45,77530000;3,09611000;
202300023219.0;1;93;93010;2;1;1.0;6.0;48,89902766;2,49126792;
202300023220.0;1;59;59368;2;2;1.0;3.0;50,65541400;3,06043900;
202300023221.0;5;93;93008;2;1;1.0;1.0;48,90535000;2,42093000;
202300023222.0;1;54;54525;1;1;2.0;6.0;49,47281000;5,88882000;
202300023223.0;1;51;51454;2;1;1.0;7.0;49,23859000;4,04491000;
202300023224.0;3;93;93005;2;2;1.0;3.0;48,92355600;2,50002500;
202300023225.0;1;50;50066;2;1;1.0;3.0;48,80346000; -1,56765000;
202300023226.0;1;49;49007;2;1;1.0;6.0;47,47390000; -0,54586000;
202300023227.0;5;92;92075;2;1;1.0;2.0;48,82208391;2,29402435;
202300023228.0;1;45;45302;2;1;1.0;3.0;47,96089000;1,88723000;
202300023229.0;1;92;92064;2;1;1.0;6.0;48,84774376;2,20777273;
202300023230.0;1;37;37261;2;2;1.0;3.0;47,38761000;0,70212000;
202300023231.0;1;92;92062;2;1;1.0;6.0;48,88358389;2,24362671;
202300023232.0;1;37;37261;2;1;2.0;7.0;47,36504000;0,67497000;
202300023233.0;1;35;35238;2;1;8.0;2.0;48,10237000; -1,72579000;
202300023234.0;1;92;92020;2;3;1.0;3.0;48,80929481;2,28535652;
202300023235.0;3;29;29247;1;1;2.0;2.0;47,97841340; -4,01133854;
202300023236.0;1;92;92040;2;1;1.0;3.0;48,82711437;2,26761818;
202300023237.0;1;92;92012;2;1;2.0;3.0;48,84605598;2,24413490;
202300023238.0;1;29;29019;2;2;1.0;3.0;48,37283407; -4,53911170;
202300023239.0;1;92;92007;2;1;1.0;7.0;48,80583276;2,32457650;
202300023240.0;1;26;26362;2;1;1.0;1.0;44,93627000;4,89721000;
202300023241.0;1;92;92004;2;2;1.0;3.0;48,92397568;2,28216666;
202300023242.0;1;22;22360;2;6;1.0;3.0;48,49310000; -2,76225000;
202300023243.0;3;17;17380;1;6;2.0;7.0;45,66188300; -1,06026300;
202300023244.0;1;49;49063;2;4;7.0;1.0;47,35024500; -0,74914100;
202300023245.0;5;14;14437;2;1;2.0;6.0;49,17890000; -0,32487000;
202300023246.0;1;13;13117;2;1;1.0;6.0;43,44451000;5,25316000;
202300023247.0;1;33;33205;1;1;1.0;6.0;44,62338100; -0,37048800;
202300023248.0;1;13;13208;2;1;1.0;3.0;43,27619539;5,39708273;
202300023249.0;1;13;13201;2;2;1.0;3.0;43,29515000;5,38175000;
202300023250.0;1;28;28139;1;1;1.0;6.0;48,31859800;1,33828700;
202300023251.0;1;10;10387;2;1;2.0;1.0;48,29270000;4,07230000;
202300023252.0;1;51;51592;2;1;8.0;7.0;49,10832200;3,73643900;
202300023253.0;1;07;07281;1;1;1.0;2.0;44,94797000;4,85813000;
202300023254.0;1;07;07316;1;1;1.0;3.0;44,87972000;4,84856000;
202300023255.0;2;974;97412;2;1;1.0;2.0; -21,37442700;55,62345200;
202300023256.0;1;972;97216;1;1;1.0;1.0;14,81281700; -61,02182100;
202300023257.0;1;75;75120;2;1;1.0;4.0;48,85181400;2,41521500;
202300023258.0;1;75;75117;2;1;1.0;2.0;48,89088600;2,29941600;
202300023259.0;1;75;75116;2;4;1.0;3.0;48,85857876;2,26113439;
202300023260.0;1;68;68300;1;3;1.0;3.0;47,78691500;7,43315200;
202300023261.0;1;75;75105;2;3;1.0;6.0;48,84880500;2,35533200;
202300023262.0;1;75;75114;2;1;1.0;2.0;48,82427900;2,32108700;
202300023263.0;5;86;86165;2;3;1.0;1.0;46,42078600;0,86994800;
202300023264.0;1;75;75114;2;2;1.0;3.0;48,81979800;2,32575800;
202300023265.0;1;75;75113;2;2;1.0;3.0;48,82965700;2,34830800;
202300023266.0;1;974;97414;1;4;1.0;3.0; -21,25271700;55,42493100;
202300023267.0;1;75;75120;2;2;1.0;3.0;48,87009600;2,39575900;
202300023268.0;5;38;38239;2;1;1.0;7.0;45,32735100;5,57265900;
202300023269.0;1;75;75112;2;1;1.0;6.0;48,83424000;2,38118100;
202300023270.0;1;38;38239;2;1;1.0;3.0;45,32536600;5,58753500;
202300023271.0;1;75;75109;2;1;7.0;7.0;48,87126900;2,34433200;
202300023272.0;1;75;75103;2;2;1.0;3.0;48,86122500;2,35820500;
202300023273.0;1;75;75103;2;7;1.0;3.0;48,86734400;2,36336100;
202300023274.0;1;38;38239;2;1;1.0;4.0;45,32696142;5,57432370;
202300023275.0;1;75;75104;2;4;1.0;2.0;48,85200400;2,36114600;
202300023276.0;2;94;94068;2;1;1.0;6.0;48,79841000;2,47411000;
202300023277.0;1;67;67278;1;1;1.0;7.0;48,92695400;7,14125300;
202300023278.0;1;94;94076;2;1;1.0;3.0;48,79456000;2,35986000;
202300023279.0;1;2A;2A085;1;1;1.0;3.0;41,91278900;8,92436900;
202300023280.0;1;94;94028;2;2;2.0;3.0;48,79160200;2,46199600;
202300023281.0;1;80;80599;1;1;1.0;6.0;50,20377300;1,98364400;
202300023282.0;2;94;94071;2;1;2.0;6.0;48,76553334;2,52504498;
202300023283.0;1;93;93073;2;2;1.0;6.0;48,94140000;2,57132000;
202300023284.0;1;93;93050;2;1;1.0;2.0;48,86756000;2,53291000;
202300023285.0;1;81;81069;1;1;1.0;6.0;44,07145400;1,95633900;
202300023286.0;1;93;93031;2;1;1.0;6.0;48,95106000;2,32743000;
202300023287.0;2;93;93001;2;1;1.0;2.0;48,91883152;2,40485690;
202300023288.0;3;71;71289;1;1;1.0;6.0;46,32557600;4,46196200;
202300023289.0;1;92;92078;2;1;2.0;2.0;48,93560824;2,33471132;
202300023290.0;1;55;55551;2;1;1.0;7.0;48,97534400;5,70349200;
202300023291.0;1;92;92026;2;2;1.0;3.0;48,90039828;2,26074815;
202300023292.0;1;12;12090;1;1;8.0;6.0;44,37930000;2,41447100;
202300023293.0;3;44;44110;1;1;1.0;1.0;47,50222800; -1,48227110;
202300023294.0;1;08;08430;1;1;7.0;3.0;49,54386200;4,92230400;
202300023295.0;1;42;42149;2;3;1.0;6.0;45,64289300;4,23105600;
202300023296.0;1;45;45288;1;2;1.0;3.0;48,03901200;2,42848800;
202300023297.0;1;22;22171;1;9;1.0;6.0;48,40263900; -2,77641900;
202300023298.0;1;76;76238;1;1;1.0;3.0;49,57233300;0,23472500;
202300023299.0;1;68;68238;2;1;1.0;6.0;47,70952900;7,50614700;
202300023300.0;2;39;39333;2;2;1.0;6.0;46,43123200;5,72565800;
202300023301.0;3;22;22327;1;1;1.0;4.0;48,49194000; -2,04140000;
202300023302.0;1;39;39038;1;1;1.0;3.0;46,54865700;5,70737600;
202300023303.0;3;25;25634;1;1;2.0;7.0;46,97544300;6,34226600;
202300023304.0;1;85;85064;1;2;1.0;3.0;46,83719600; -1,34070480;
202300023305.0;1;24;24543;1;1;1.0;6.0;45,05798600;0,42327400;
202300023306.0;1;56;56189;1;1;1.0;3.0;47,92325200; -2,71285000;
202300023307.0;4;35;35179;2;2;3.0;3.0;48,51460700; -1,90805900;
202300023308.0;3;56;56063;1;1;1.0;6.0;47,79172000; -3,44543000;
202300023309.0;3;56;56002;1;1;1.0;7.0;47,53566000; -2,54523900;
202300023310.0;1;02;02820;1;1;1.0;3.0;49,64120600;3,25821300;
202300023311.0;1;67;67463;1;1;8.0;7.0;48,91601300;8,12305900;
202300023312.0;1;76;76067;1;1;1.0;7.0;49,46622800;1,61979700;
202300023313.0;1;03;03108;1;1;2.0;6.0;46,20470900;2,92283300;
202300023314.0;1;80;80008;2;1;1.0;6.0;50,03246900;1,62279600;
202300023315.0;1;06;06138;2;1;1.0;6.0;43,50141600;6,95322600;
202300023316.0;1;71;71484;1;2;2.0;3.0;46,68433100;5,25500800;
202300023317.0;2;42;42318;1;1;2.0;6.0;45,37934200;3,89708900;
202300023318.0;4;50;50568;1;1;2.0;1.0;49,00443400; -1,41458500;
202300023319.0;1;47;47220;1;1;1.0;7.0;44,34558100;0,22539100;
202300023320.0;1;34;34149;1;1;1.0;7.0;43,49226100;3,29484700;
202300023321.0;3;50;50111;1;1;1.0;6.0;49,04642700; -1,26687700;
202300023322.0;2;44;44102;1;1;1.0;6.0;47,07720286; -1,46819871;
202300023323.0;2;29;29165;1;1;1.0;7.0;47,83866366; -4,22783363;
202300023324.0;1;50;50484;2;6;1.0;3.0;48,58103600; -1,09199200;
202300023325.0;1;31;31490;1;1;1.0;2.0;43,72513400;1,38141300;
202300023326.0;1;38;38347;1;1;1.0;1.0;45,26084200;5,27011200;
202300023327.0;3;70;70312;1;1;2.0;6.0;47,58783700;6,74591700;
202300023328.0;1;14;14174;1;4;1.0;2.0;48,91497000; -0,56909000;
202300023329.0;3;45;45286;1;1;1.0;4.0;47,87319500;1,94713400;
202300023330.0;3;18;18143;1;1;1.0;6.0;47,01901700;2,95001700;
202300023331.0;1;21;21416;1;1;8.0;6.0;47,39129000;5,30624700;
202300023332.0;1;64;64327;1;1;1.0;7.0;43,02649400; -1,07598400;
202300023333.0;2;85;85288;1;1;1.0;6.0;46,49582200; -1,58277500;
202300023334.0;1;27;27050;1;1;1.0;4.0;49,09383800;0,74527700;
202300023335.0;3;73;73110;1;1;1.0;6.0;45,62717322;6,43546933;
202300023336.0;2;27;27502;2;1;1.0;6.0;48,81595700;0,70250300;
202300023337.0;2;987;98734;2;1;1.0;3.0; -17,71200000; -149,50800000;
202300023338.0;2;24;24373;1;1;1.0;6.0;44,68180600;0,50176600;
202300023339.0;2;37;37096;1;1;1.0;1.0;47,36592478;0,98514050;
202300023340.0;3;21;21500;1;1;1.0;6.0;47,52000700;4,47155700;
202300023341.0;3;68;68278;1;1;2.0;4.0;47,74276500;7,42161300;
202300023342.0;1;85;85135;2;1;1.0;2.0;46,53491900; -1,21734900;
202300023343.0;1;987;98738;1;1;1.0;3.0; -17,57604400; -149,61282800;
202300023344.0;1;988;98831;1;1;1.0;7.0; -20,99285000;164,72743000;
202300023345.0;1;37;37206;1;1;1.0;6.0;47,49206300;0,65839400;
202300023346.0;5;971;97108;1;1;2.0;6.0;15,88525000; -61,22780400;
202300023347.0;1;48;48045;1;1;1.0;6.0;44,65409300;3,73938600;
202300023348.0;5;971;97131;2;1;1.0;6.0;15,86215600; -61,58416200;
202300023349.0;1;66;66108;1;1;1.0;6.0;42,72083200;2,66987100;
202300023350.0;1;68;68118;1;1;1.0;2.0;47,73816200;7,42293800;
202300023351.0;3;34;34154;1;4;1.0;4.0;43,58542700;3,94115200;
202300023352.0;1;06;06019;1;6;1.0;1.0;43,76844300;7,33165100;
202300023353.0;1;68;68278;2;1;1.0;1.0;47,74627900;7,41646500;
202300023354.0;1;04;04096;1;1;1.0;7.0;44,37399700;6,78254500;
202300023355.0;1;04;04120;1;1;1.0;3.0;44,46930900;6,81433400;
202300023356.0;1;25;25465;1;1;1.0;1.0;47,32025100;6,35983900;
202300023357.0;1;68;68230;1;1;1.0;1.0;47,94192000;7,54372400;
202300023358.0;1;03;03143;1;1;2.0;6.0;46,65553000;2,57547400;
202300023359.0;3;77;77407;1;9;1.0;6.0;48,52123800;2,50423900;
202300023360.0;5;38;38316;2;1;2.0;6.0;45,74979800;5,17527800;
202300023361.0;1;988;98817;2;1;2.0;7.0; -22,23715800;166,59268900;
202300023362.0;3;38;38279;1;1;1.0;1.0;45,07348300;5,76000100;
202300023363.0;1;13;13040;1;1;1.0;1.0;43,44872100;5,54832800;
202300023364.0;3;26;26005;1;1;1.0;3.0;44,48280500;4,77615600;