Num_Acc;lum;departement;commune;agglomeration;intersection;meteo;type_collision;lat;long;date
202300023365.0;1;28;28007;2;1;8.0;6.0;48,85646900;1,43733300;
202300023366.0;1;14;14530;1;6;1.0;3.0;49,23953400; -0,26334500;
202300023367.0;1;27;27602;2;3;1.0;2.0;49,01215400;1,09372400;
202300023368.0;1;2B;2B265;1;1;7.0;1.0;42,59891100;9,40133800;
202300023369.0;1;60;60451;2;3;1.0;3.0;49,35877300;2,39760500;
202300023370.0;2;13;13001;1;1;1.0;1.0;43,51289000;5,42576000;
202300023371.0;1;2B;2B029;1;1;1.0;1.0;42,67719800;9,38600400;
202300023372.0;1;13;13212;1;1;1.0;7.0;43,31261400;5,42418900;
202300023373.0;5;2A;2A114;2;6;1.0;6.0;41,49629200;9,13378000;
202300023374.0;3;13;13005;1;1;1.0;6.0;43,28728000;5,54184000;
202300023375.0;1;91;91136;1;1;1.0;6.0;48,71746000;2,26850000;
202300023376.0;1;91;91161;1;1;1.0;4.0;48,71117000;2,29734000;
202300023377.0;3;34;34145;1;2;5.0;1.0;43,66212400;4,13840200;
202300023378.0;3;91;91434;1;1;1.0;6.0;48,66798000;2,35450000;
202300023379.0;3;84;84132;1;1;1.0;1.0;43,93945500;5,02914200;
202300023380.0;1;91;91136;1;1;1.0;4.0;48,71286000;2,28686000;
202300023381.0;1;78;78043;1;1;1.0;6.0;48,82706000;2,07714000;
202300023382.0;5;70;70310;2;3;1.0;1.0;47,69402500;6,50126200;
202300023383.0;1;95;95277;1;1;2.0;6.0;48,97778000;2,49359000;
202300023384.0;2;71;71350;1;1;1.0;6.0;46,32786100;4,68239700;
202300023385.0;1;95;95018;1;1;1.0;4.0;48,95848000;2,27430000;
202300023386.0;1;67;67237;2;3;1.0;3.0;48,67653900;7,84716700;
202300023387.0;1;77;77053;1;1;1.0;2.0;48,68670600;2,59723900;
202300023388.0;1;38;38064;1;1;1.0;3.0;45,56909900;5,34920100;
202300023389.0;1;94;94079;1;1;1.0;5.0;48,83416652;2,53591477;
202300023390.0;1;976;97611;2;1;1.0;6.0; -12,78417000;45,22020000;
202300023391.0;1;95;95018;2;1;1.0;1.0;48,93292000;2,23244000;
202300023392.0;2;69;69009;2;1;1.0;3.0;45,94151000;4,71593700;
202300023393.0;1;58;58194;2;1;1.0;6.0;46,99599200;3,12982700;
202300023394.0;3;81;81112;1;1;1.0;6.0;43,93044100;2,01666700;
202300023395.0;4;71;71076;2;1;1.0;6.0;46,80085000;4,83216000;
202300023396.0;3;974;97411;2;1;1.0;6.0; -20,93626000;55,49000000;
202300023397.0;2;17;17164;1;3;1.0;3.0;45,77003000; -0,57912100;
202300023398.0;3;974;97407;2;1;1.0;6.0; -20,93026000;55,29134000;
202300023399.0;2;16;16061;1;1;1.0;7.0;45,73925600;0,30136200;
202300023400.0;4;973;97309;2;1;2.0;7.0;4,92076000; -52,30334000;
202300023401.0;1;973;97302;2;3;1.0;3.0;4,94048114; -52,32747701;
202300023402.0;1;33;33023;1;1;7.0;1.0;44,69449800; -0,49402000;
202300023403.0;1;69;69383;2;1;1.0;6.0;45,74851239;4,88141315;
202300023404.0;5;33;33312;2;1;1.0;3.0;44,94731700; -0,58973200;
202300023405.0;1;972;97213;1;1;1.0;6.0;14,62490300; -61,01932300;
202300023406.0;5;60;60141;2;1;1.0;6.0;49,19083400;2,46360900;
202300023407.0;1;91;91114;2;1;8.0;1.0;48,70736000;2,50108000;
202300023408.0;3;69;69297;1;1;1.0;4.0;45,58797266;4,78470712;
202300023409.0;1;86;86066;1;6;1.0;3.0;46,78614200;0,54650500;
202300023410.0;5;83;83137;2;1;2.0;6.0;43,14285346;5,91306764;
202300023411.0;5;38;38544;2;1;1.0;2.0;45,52695000;4,87307000;
202300023412.0;5;83;83137;2;2;1.0;1.0;43,12235000;5,98171000;
202300023413.0;1;83;83123;2;1;1.0;6.0;43,11659495;5,80486523;
202300023414.0;3;33;33013;1;1;1.0;4.0;44,86854323; -0,50320387;
202300023415.0;1;83;83009;2;1;1.0;6.0;43,14051900;5,76106300;
202300023416.0;1;91;91689;1;1;1.0;2.0;48,72990000;2,31441000;
202300023417.0;5;94;94043;1;1;1.0;7.0;48,81455092;2,35560776;
202300023418.0;1;69;69282;2;1;1.0;4.0;45,77500000;4,98804000;
202300023419.0;1;78;78043;1;1;1.0;2.0;48,84132400;2,10209700;
202300023420.0;1;69;69256;2;2;1.0;3.0;45,75342000;4,93226000;
202300023421.0;1;69;69256;2;1;3.0;2.0;45,76667000;4,93127000;
202300023422.0;1;78;78133;1;1;1.0;2.0;48,88769800;2,01141100;
202300023423.0;1;67;67482;2;1;2.0;6.0;48,57771000;7,75176000;
202300023424.0;3;78;78043;1;1;1.0;2.0;48,83644500;2,08935800;
202300023425.0;1;67;67482;2;3;1.0;3.0;48,59162000;7,73369000;
202300023426.0;2;64;64102;2;6;1.0;3.0;43,49091000; -1,49537000;
202300023427.0;5;93;93008;1;1;1.0;5.0;48,91273457;2,43680722;
202300023428.0;1;62;62523;2;3;1.0;3.0;50,44029000;2,84880000;
202300023429.0;2;62;62563;2;1;1.0;1.0;50,47353000;2,71057000;
202300023430.0;1;93;93027;1;1;1.0;2.0;48,92333000;2,38295000;
202300023431.0;1;62;62427;2;1;1.0;6.0;50,42057400;2,94678900;
202300023432.0;1;92;92036;1;1;1.0;2.0;48,93724465;2,29915559;
202300023433.0;1;59;59279;2;1;1.0;3.0;50,78554000;3,11834000;
202300023434.0;1;59;59350;2;1;1.0;1.0;50,62939000;3,10164000;
202300023435.0;1;94;94028;1;1;1.0;5.0;48,79644473;2,44316089;
202300023436.0;1;56;56121;2;1;1.0;2.0;47,76312000; -3,38170000;
202300023437.0;1;56;56121;2;2;1.0;7.0;47,75149000; -3,37154000;
202300023438.0;1;54;54274;2;6;1.0;3.0;48,66663825;6,21272564;
202300023439.0;1;13;13056;2;6;1.0;1.0;43,39737000;5,03395000;
202300023440.0;1;50;50129;2;6;1.0;3.0;49,66086000; -1,68522000;
202300023441.0;1;49;49007;2;2;8.0;3.0;47,47737000; -0,55323000;
202300023442.0;1;74;74155;1;9;1.0;6.0;46,26103900;6,50746800;
202300023443.0;1;976;97611;2;1;1.0;6.0; -12,80000000;45,20392000;
202300023444.0;4;49;49007;2;2;1.0;3.0;47,47362000; -0,55900000;
202300023445.0;1;49;49007;2;1;1.0;7.0;47,47083000; -0,54451000;
202300023446.0;1;974;97411;2;4;1.0;1.0; -20,90401000;55,49490000;
202300023447.0;1;45;45285;2;1;1.0;6.0;47,91206000;1,87741000;
202300023448.0;1;973;97302;2;2;1.0;3.0;4,93517048; -52,29370549;
202300023449.0;1;45;45234;2;1;1.0;3.0;47,90505000;1,89266000;
202300023450.0;3;973;97302;2;1;1.0;2.0;4,92920000; -52,30232000;
202300023451.0;1;972;97209;2;1;1.0;6.0;14,60454000; -61,05622000;
202300023452.0;1;69;69382;2;1;1.0;2.0;45,76355000;4,83947000;
202300023453.0;1;69;69152;2;9;1.0;3.0;45,69635000;4,82569000;
202300023454.0;1;69;69382;2;2;1.0;3.0;45,76501000;4,83812000;
202300023455.0;1;2B;2B037;2;1;1.0;1.0;42,61958000;9,43192000;
202300023456.0;1;2B;2B033;2;2;1.0;3.0;42,67473000;9,43793000;
202300023457.0;1;2B;2B037;1;2;1.0;3.0;42,59396000;9,43716000;
202300023458.0;1;971;97101;2;9;1.0;6.0;16,26717000; -61,50847000;
202300023459.0;1;2A;2A004;2;4;1.0;2.0;41,94346000;8,75387000;
202300023460.0;1;95;95218;2;1;1.0;3.0;49,02195600;2,11320200;
202300023461.0;1;91;91549;2;1;1.0;6.0;48,63354000;2,34367000;
202300023462.0;5;91;91161;2;1;1.0;6.0;48,71520000;2,29882000;
202300023463.0;1;91;91691;2;1;1.0;3.0;48,70400000;2,48700000;
202300023464.0;1;30;30351;2;1;1.0;7.0;43,95778000;4,79581000;
202300023465.0;1;84;84007;2;3;1.0;3.0;43,92664000;4,80950000;
202300023466.0;1;83;83137;2;1;1.0;6.0;43,11537000;5,94359000;
202300023467.0;1;83;83144;2;1;7.0;3.0;43,13828000;5,99809000;
202300023468.0;2;79;79191;2;2;5.0;3.0;46,31268000; -0,44177000;
202300023469.0;2;77;77373;1;1;1.0;2.0;48,76964800;2,63664400;
202300023470.0;1;77;77114;2;1;1.0;3.0;48,72191053;2,65263855;
202300023471.0;1;77;77288;2;2;1.0;6.0;48,53511000;2,65722000;
202300023472.0;1;77;77058;2;2;1.0;3.0;48,83995100;2,71079900;
202300023473.0;5;77;77058;2;6;1.0;3.0;48,83117000;2,70671000;
202300023474.0;1;72;72181;2;9;1.0;3.0;48,01938000;0,16766000;
202300023475.0;1;72;72181;2;1;1.0;6.0;47,98084000;0,21183000;
202300023476.0;1;69;69266;2;2;1.0;5.0;45,78186000;4,88742000;
202300023477.0;1;67;67180;2;2;1.0;3.0;48,81014000;7,80347000;
202300023478.0;1;64;64260;2;1;1.0;3.0;43,35369000; -1,77678000;
202300023479.0;1;64;64348;2;3;1.0;3.0;43,30617000; -0,42272000;
202300023480.0;1;64;64348;2;1;7.0;2.0;43,32631000; -0,38687000;
202300023481.0;1;64;64102;2;1;1.0;7.0;43,50117000; -1,46733000;
202300023482.0;1;94;94041;2;1;1.0;3.0;48,81349000;2,37175000;
202300023483.0;1;64;64024;2;3;1.0;3.0;43,49496000; -1,54251000;
202300023484.0;1;94;94043;2;1;1.0;3.0;48,80731000;2,35436000;
202300023485.0;1;64;64102;2;1;1.0;3.0;43,51052000; -1,46823000;
202300023486.0;1;94;94033;2;9;1.0;3.0;48,84802200;2,49019300;
202300023487.0;1;64;64024;2;1;1.0;6.0;43,49498000; -1,54253000;
202300023488.0;1;94;94018;2;3;1.0;6.0;48,81784000;2,41809000;
202300023489.0;1;62;62040;2;9;2.0;6.0;50,73746000;2,28847000;
202300023490.0;1;94;94041;2;2;1.0;3.0;48,80562500;2,38443100;
202300023491.0;1;62;62040;2;9;1.0;5.0;50,73564982;2,27974409;
202300023492.0;1;93;93063;2;2;1.0;3.0;48,87836000;2,44541000;
202300023493.0;1;62;62757;1;1;1.0;2.0;50,75152000;2,21075000;
202300023494.0;1;93;93001;2;1;1.0;2.0;48,91791138;2,37912530;
202300023495.0;1;92;92048;2;1;1.0;6.0;48,81773392;2,23063588;
202300023496.0;1;62;62193;2;1;3.0;6.0;50,94610000;1,83953000;
202300023497.0;1;92;92025;2;1;1.0;6.0;48,92307600;2,25632000;
202300023498.0;1;92;92024;2;1;1.0;6.0;48,90000576;2,31778935;
202300023499.0;2;62;62193;2;1;2.0;3.0;50,95271000;1,85096000;
202300023500.0;1;50;50541;1;1;1.0;7.0;48,83741500; -1,52413300;
202300023501.0;4;62;62193;2;1;2.0;3.0;50,95202000;1,91850000;
202300023502.0;2;71;71242;1;3;1.0;3.0;46,63049518;4,55484688;
202300023503.0;1;60;60665;2;3;1.0;3.0;49,41706000;2,80264000;
202300023504.0;1;84;84088;2;1;1.0;1.0;43,98876800;5,04668400;
202300023505.0;2;59;59291;2;1;1.0;3.0;50,24798000;3,90190000;
202300023506.0;1;22;22105;2;1;1.0;6.0;48,50889600; -2,12470700;
202300023507.0;1;59;59368;2;2;1.0;3.0;50,65319000;3,06908000;
202300023508.0;5;972;97223;2;3;1.0;3.0;14,55624300; -60,94520700;
202300023509.0;1;59;59350;2;1;1.0;3.0;50,62851000;3,07931000;
202300023510.0;2;52;52307;1;1;1.0;3.0;47,94347400;5,18825600;
202300023511.0;1;57;57672;2;1;1.0;3.0;49,35351000;6,17896000;
202300023512.0;1;57;57227;2;6;1.0;6.0;49,18524000;6,89968000;
202300023513.0;1;38;38239;1;1;1.0;5.0;45,33765687;5,54348230;
202300023514.0;1;72;72287;2;1;1.0;6.0;47,87683200;0,21597700;
202300023515.0;1;56;56121;2;1;2.0;6.0;47,74221000; -3,37032000;
202300023516.0;1;51;51507;2;2;2.0;3.0;49,09319900;4,91609700;
202300023517.0;1;56;56098;2;1;1.0;3.0;47,76449000; -3,34485000;
202300023518.0;1;59;59135;1;1;1.0;7.0;50,79089700;2,48400400;
202300023519.0;1;54;54395;2;9;1.0;6.0;48,68783000;6,17818000;
202300023520.0;1;76;76271;1;1;1.0;1.0;49,55831900;1,15294200;
202300023521.0;1;54;54547;2;1;1.0;6.0;48,65984755;6,17991954;
202300023522.0;1;54;54395;2;1;1.0;3.0;48,70274000;6,17532000;
202300023523.0;1;2B;2B049;1;1;1.0;1.0;42,52750400;8,83949300;
202300023524.0;1;54;54304;2;1;1.0;2.0;48,68421989;6,15191191;
202300023525.0;1;71;71396;1;2;1.0;3.0;46,86578500;5,16117100;
202300023526.0;1;63;63172;1;1;1.0;6.0;45,58451700;3,04104000;
202300023527.0;2;54;54578;2;3;9.0;2.0;48,67139500;6,14752800;
202300023528.0;2;63;63214;2;1;1.0;6.0;45,67893400;3,19746700;
202300023529.0;1;42;42334;2;1;1.0;6.0;45,85164000;4,35711100;
202300023530.0;5;54;54395;2;2;1.0;3.0;48,67966000;6,19878000;
202300023531.0;1;41;41232;2;1;1.0;6.0;47,42399400;2,05298500;
202300023532.0;5;54;54575;1;3;1.0;2.0;49,47509000;5,85210000;
202300023533.0;1;25;25318;1;1;1.0;5.0;46,75129300;6,37866900;
202300023534.0;3;54;54099;1;1;2.0;7.0;49,25288400;5,98697500;
202300023535.0;1;25;25219;2;1;1.0;2.0;47,13068400;6,37072400;
202300023536.0;1;51;51454;2;1;1.0;6.0;49,25950000;4,04536000;
202300023537.0;1;29;29089;1;1;1.0;6.0;48,27072200; -3,60144000;
202300023538.0;1;51;51454;2;1;1.0;2.0;49,24191000;4,02403000;
202300023539.0;1;29;29165;1;3;1.0;2.0;47,82134600; -4,25323200;
202300023540.0;1;31;31431;1;1;1.0;6.0;42,94357300;0,85214900;
202300023541.0;5;51;51454;2;2;1.0;3.0;49,25158470;4,04159617;
202300023542.0;1;31;31246;1;1;1.0;7.0;43,11290500;0,83899500;
202300023543.0;1;03;03142;2;1;2.0;6.0;46,29791100;3,81618300;
202300023544.0;1;50;50129;2;3;2.0;3.0;49,63784000; -1,59498000;
202300023545.0;1;49;49007;2;1;1.0;2.0;47,47547000; -0,52874000;
202300023546.0;1;72;72289;1;1;1.0;3.0;48,14465871;0,16196966;
202300023547.0;5;44;44109;2;1;1.0;6.0;47,21243000; -1,55302000;
202300023548.0;1;06;06151;1;1;1.0;7.0;43,87395300;7,19424200;
202300023549.0;1;60;60238;2;3;1.0;2.0;49,27715400;2,59460300;
202300023550.0;2;42;42218;2;2;1.0;3.0;45,43333000;4,38881000;
202300023551.0;1;24;24067;1;1;1.0;6.0;44,92680100;0,92907700;
202300023552.0;4;85;85288;2;1;1.0;7.0;46,44307300; -1,66472400;
202300023553.0;5;38;38151;2;9;1.0;3.0;45,15004180;5,71806725;
202300023554.0;1;87;87047;1;3;1.0;1.0;46,01811400;1,29278700;
202300023555.0;1;38;38185;2;8;1.0;3.0;45,17628000;5,73199000;
202300023556.0;3;30;30284;1;1;9.0;1.0;44,14919200;4,06045100;
202300023557.0;1;31;31094;1;1;1.0;6.0;43,74716500;1,62597700;
202300023558.0;2;73;73079;1;1;3.0;6.0;45,54888100;6,15722000;
202300023559.0;5;973;97309;2;3;3.0;2.0;4,88754800; -52,28212800;
202300023560.0;1;06;06152;1;4;1.0;2.0;43,64199900;7,02912700;
202300023561.0;1;42;42256;1;4;1.0;6.0;45,48626200;4,14840900;
202300023562.0;1;13;13076;1;1;1.0;2.0;43,82833500;5,02040900;
202300023563.0;1;976;97608;2;1;1.0;2.0; -12,78647700;45,26230400;
202300023564.0;5;978;97801;2;1;1.0;3.0;18,05942100; -63,10660600;
202300023565.0;1;33;33165;2;1;1.0;5.0;44,82410000; -0,44166300;
202300023566.0;1;78;78478;1;1;1.0;1.0;48,47487000;1,85508000;
202300023567.0;1;34;34199;2;3;8.0;3.0;43,45315600;3,41422100;
202300023568.0;1;83;83115;2;1;1.0;6.0;43,31439000;6,66162000;
202300023569.0;1;21;21585;1;1;1.0;7.0;47,20063300;5,08267900;
202300023570.0;1;68;68036;1;6;1.0;3.0;48,03305100;7,56089000;
202300023571.0;1;67;67080;1;4;7.0;1.0;48,55594700;7,52732500;
202300023572.0;5;69;69287;2;6;1.0;7.0;45,69971700;5,00883200;
202300023573.0;1;60;60322;1;4;1.0;2.0;49,30839300;1,88568900;
202300023574.0;5;62;62128;2;1;1.0;6.0;50,31205800;2,94841500;
202300023575.0;1;13;13215;1;1;1.0;3.0;43,38137116;5,35209239;
202300023576.0;1;13;13005;1;1;1.0;7.0;43,28446000;5,57185000;
202300023577.0;1;83;83137;1;1;1.0;4.0;43,12027252;5,94951171;
202300023578.0;1;59;59350;1;1;1.0;6.0;50,61788416;3,03078265;
202300023579.0;1;91;91161;1;1;1.0;2.0;48,71142000;2,30752000;
202300023580.0;1;91;91312;1;1;1.0;1.0;48,74007000;2,22499000;
202300023581.0;1;78;78545;1;1;1.0;2.0;48,80450300;2,04986100;
202300023582.0;1;78;78029;1;1;1.0;3.0;48,96585600;1,85076800;
202300023583.0;1;92;92050;1;1;1.0;7.0;48,89482877;2,22905785;
202300023584.0;3;78;78455;1;1;1.0;2.0;48,85910000;2,05016000;
202300023585.0;1;95;95582;1;1;1.0;3.0;48,97353000;2,24580000;
202300023586.0;1;93;93027;1;1;1.0;3.0;48,92458528;2,38937632;
202300023587.0;1;93;93007;1;1;1.0;3.0;48,93230265;2,48082971;
202300023588.0;1;93;93027;1;1;1.0;4.0;48,92354496;2,38317132;
202300023589.0;1;93;93007;1;1;7.0;7.0;48,92375000;2,48068000;
202300023590.0;1;93;93027;1;1;1.0;2.0;48,92786049;2,40957519;
202300023591.0;1;94;94046;1;1;1.0;3.0;48,81292733;2,44895577;
202300023592.0;1;94;94028;1;1;1.0;5.0;48,78275411;2,44084607;
202300023593.0;1;77;77514;1;1;1.0;2.0;48,94261600;2,62850100;
202300023594.0;3;94;94069;1;1;1.0;4.0;48,81733586;2,43366427;
202300023595.0;3;77;77384;1;1;1.0;2.0;48,59763600;2,63483000;
202300023596.0;1;93;93064;1;1;1.0;4.0;48,86122426;2,48410075;
202300023597.0;3;94;94073;1;1;1.0;4.0;48,77183853;2,39424537;
202300023598.0;1;974;97416;1;1;1.0;6.0; -21,33216726;55,47943354;
202300023599.0;1;974;97411;2;9;1.0;3.0; -20,91459000;55,49473000;
202300023600.0;5;69;69386;2;2;1.0;3.0;45,76959000;4,85420000;
202300023601.0;1;69;69387;2;1;1.0;3.0;45,75562000;4,84142000;
202300023602.0;1;972;97209;1;1;1.0;2.0;14,63260000; -61,05974000;
202300023603.0;1;69;69081;2;1;1.0;6.0;45,78757726;4,75944539;
202300023604.0;1;69;69034;2;1;1.0;3.0;45,79041470;4,83076349;
202300023605.0;1;2B;2B033;2;1;1.0;6.0;42,70600000;9,44100000;
202300023606.0;3;971;97101;1;1;1.0;4.0;16,25811361; -61,45572782;
202300023607.0;1;2A;2A004;2;1;1.0;6.0;41,94806000;8,77408000;
202300023608.0;2;91;91657;2;3;1.0;3.0;48,69258200;2,44490200;
202300023609.0;1;85;85194;2;9;1.0;6.0;46,49976000; -1,78503000;
202300023610.0;5;84;84007;2;1;1.0;1.0;43,94375000;4,79644000;
202300023611.0;1;78;78418;2;1;1.0;3.0;48,90590000;2,14877000;
202300023612.0;1;77;77037;2;1;1.0;6.0;48,47383000;2,69281000;
202300023613.0;1;76;76231;2;2;1.0;3.0;49,29136600;1,00997400;
202300023614.0;2;69;69256;2;1;1.0;6.0;45,77485000;4,93249000;
202300023615.0;1;69;69275;2;2;1.0;6.0;45,76796701;4,93656173;
202300023616.0;1;69;69259;2;1;1.0;3.0;45,71590953;4,88797416;
202300023617.0;1;69;69271;1;3;1.0;3.0;45,74774000;4,97843000;
202300023618.0;3;67;67218;1;1;1.0;1.0;48,52832000;7,74017000;
202300023619.0;1;59;59279;2;1;1.0;3.0;50,77512000;3,12360000;
202300023620.0;3;59;59599;2;3;1.0;3.0;50,74235100;3,16954400;
202300023621.0;1;59;59392;2;9;1.0;2.0;50,28438000;3,96748000;
202300023622.0;1;54;54329;2;3;1.0;6.0;48,59159000;6,50709000;
202300023623.0;1;54;54116;1;1;1.0;6.0;48,59667000;6,54608000;
202300023624.0;1;51;51454;2;2;1.0;3.0;49,28874000;4,00582000;
202300023625.0;1;50;50129;2;5;1.0;2.0;49,63568000; -1,63103000;
202300023626.0;2;49;49246;2;1;1.0;6.0;47,44062000; -0,52016000;
202300023627.0;1;29;29019;2;6;1.0;3.0;48,41428148; -4,47887063;
202300023628.0;3;40;40281;2;3;1.0;2.0;43,87440000; -0,49245000;
202300023629.0;1;27;27229;2;1;2.0;2.0;49,01740800;1,14073100;
202300023630.0;3;26;26313;1;1;1.0;6.0;44,95683179;4,92996454;
202300023631.0;1;38;38185;1;1;1.0;2.0;45,16828014;5,70190748;
202300023632.0;1;25;25056;2;1;2.0;3.0;47,22345000;5,98652000;
202300023633.0;5;37;37261;2;1;1.0;6.0;47,38340000;0,69434000;
202300023634.0;1;24;24037;2;1;1.0;3.0;44,85084000;0,48074000;
202300023635.0;1;22;22187;2;3;3.0;3.0;48,54483000; -2,78575000;
202300023636.0;3;22;22113;2;1;3.0;7.0;48,73960000; -3,46407000;
202300023637.0;1;37;37208;2;1;1.0;3.0;47,34871000;0,73424000;
202300023638.0;1;35;35055;2;6;1.0;3.0;48,08800000; -1,60857000;
202300023639.0;5;21;21231;2;2;1.0;3.0;47,31043400;5,05994600;
202300023640.0;1;19;19275;2;1;2.0;6.0;45,54650794;2,29699964;
202300023641.0;1;35;35238;2;6;1.0;6.0;48,11773000; -1,71360000;
202300023642.0;5;18;18033;2;1;2.0;6.0;47,07990400;2,39977600;
202300023643.0;1;35;35238;2;2;1.0;3.0;48,09728000; -1,68881000;
202300023644.0;1;17;17299;2;2;1.0;3.0;45,94024000; -0,98425000;
202300023645.0;1;16;16015;2;1;2.0;6.0;45,65554000;0,16921000;
202300023646.0;1;35;35238;2;4;7.0;1.0;48,10797446; -1,70294791;
202300023647.0;1;14;14333;2;1;1.0;6.0;49,42251000;0,23290000;
202300023648.0;1;34;34032;2;2;1.0;3.0;43,33593000;3,27256000;
202300023649.0;3;14;14536;2;2;1.0;2.0;49,40940700;0,25169900;
202300023650.0;5;33;33281;2;3;1.0;3.0;44,84375000; -0,64549000;
202300023651.0;5;13;13204;2;2;1.0;3.0;43,31401000;5,40280000;
202300023652.0;1;13;13214;2;3;1.0;3.0;43,31820000;5,39031000;
202300023653.0;1;13;13215;2;9;6.0;3.0;43,32185135;5,36767691;
202300023654.0;1;13;13203;2;2;1.0;6.0;43,30907000;5,37846000;
202300023655.0;1;29;29232;2;6;1.0;3.0;47,99457400; -4,07287800;
202300023656.0;1;13;13208;2;1;1.0;6.0;43,25820000;5,38380000;
202300023657.0;1;29;29232;1;1;1.0;3.0;48,03969428; -4,06889552;
202300023658.0;5;13;13206;2;3;1.0;3.0;43,29024523;5,37584802;
202300023659.0;1;13;13208;2;3;1.0;6.0;43,27612000;5,38880000;
202300023660.0;1;19;19031;2;1;1.0;6.0;45,16439000;1,54082000;
202300023661.0;5;13;13001;1;1;1.0;7.0;43,55067000;5,38909000;
202300023662.0;1;13;13001;1;1;1.0;1.0;43,55261000;5,42381000;
202300023663.0;1;12;12083;2;1;1.0;2.0;44,52536000;2,27748000;
202300023664.0;1;12;12013;1;1;1.0;1.0;44,55515000;2,28306000;
202300023665.0;1;11;11069;2;1;1.0;2.0;43,22664000;2,33076000;
202300023666.0;1;14;14304;1;2;1.0;3.0;49,38232000;0,24479000;
202300023667.0;1;11;11069;2;1;2.0;7.0;43,20442000;2,33333000;
202300023668.0;1;13;13209;2;3;1.0;3.0;43,26403000;5,41836000;
202300023669.0;1;10;10321;2;2;2.0;3.0;48,28499000;4,01196000;
202300023670.0;5;13;13215;2;1;1.0;3.0;43,36050000;5,36410000;
202300023671.0;1;06;06088;2;9;1.0;7.0;43,69475000;7,26633000;
202300023672.0;5;11;11069;2;1;1.0;3.0;43,20745000;2,37893000;
202300023673.0;1;06;06083;2;9;1.0;1.0;43,79798000;7,48404000;
202300023674.0;1;11;11069;2;1;1.0;6.0;43,20863000;2,38377000;
202300023675.0;1;06;06069;2;1;1.0;3.0;43,64161900;6,95713700;
202300023676.0;5;06;06088;2;2;1.0;3.0;43,70549600;7,28434800;
202300023677.0;1;06;06069;2;9;1.0;3.0;43,64768000;6,93731000;
202300023678.0;5;06;06027;2;1;1.0;7.0;43,66606000;7,15722000;
202300023679.0;1;06;06069;1;9;1.0;6.0;43,68261000;6,96295000;
202300023680.0;5;75;75118;2;1;1.0;6.0;48,88584500;2,34151400;
202300023681.0;1;06;06027;2;1;1.0;1.0;43,65278100;7,14421300;
202300023682.0;1;75;75101;2;2;1.0;3.0;48,85685800;2,34115500;
202300023683.0;1;02;02408;2;1;1.0;1.0;49,55773000;3,63474000;
202300023684.0;1;75;75119;2;1;2.0;7.0;48,89778400;2,39379800;
202300023685.0;1;75;75106;2;2;1.0;3.0;48,85132000;2,34041000;
202300023686.0;1;75;75117;2;4;1.0;3.0;48,88270000;2,28335900;
202300023687.0;1;75;75105;2;3;1.0;3.0;48,83770100;2,34549800;
202300023688.0;1;75;75112;2;1;1.0;2.0;48,83687000;2,41240100;
202300023689.0;1;75;75120;2;3;1.0;3.0;48,85398600;2,40571400;
202300023690.0;1;75;75117;2;1;2.0;3.0;48,88923700;2,29615400;
202300023691.0;1;75;75113;2;1;1.0;3.0;48,81670700;2,36510700;
202300023692.0;1;75;75120;2;2;1.0;3.0;48,87709900;2,40690000;
202300023693.0;1;75;75118;2;3;1.0;6.0;48,89779900;2,33348500;
202300023694.0;1;75;75119;2;2;1.0;3.0;48,88987600;2,39663100;
202300023695.0;1;75;75115;2;2;1.0;6.0;48,84360100;2,29573500;
202300023696.0;1;75;75118;2;2;1.0;2.0;48,88878000;2,34658000;
202300023697.0;1;75;75119;2;2;1.0;6.0;48,88365300;2,39698800;
202300023698.0;1;75;75116;2;2;1.0;5.0;48,87807900;2,28102800;
202300023699.0;1;75;75106;2;3;1.0;3.0;48,85428000;2,34316600;
202300023700.0;1;75;75116;2;1;1.0;2.0;48,83515800;2,25887500;
202300023701.0;1;75;75120;2;2;2.0;3.0;48,85914500;2,40211600;
202300023702.0;1;75;75115;2;2;1.0;5.0;48,84696400;2,29435300;
202300023703.0;1;75;75120;2;3;1.0;6.0;48,86952100;2,39316800;
202300023704.0;1;75;75119;2;3;1.0;1.0;48,88184800;2,38839400;
202300023705.0;1;75;75113;2;1;1.0;3.0;48,84231100;2,36353100;
202300023706.0;5;75;75119;2;1;1.0;6.0;48,89858000;2,38647700;
202300023707.0;1;75;75111;2;2;1.0;3.0;48,86458900;2,37803900;
202300023708.0;2;75;75118;2;1;1.0;2.0;48,90081500;2,33991700;
202300023709.0;1;75;75110;2;3;1.0;3.0;48,87318800;2,35884300;
202300023710.0;1;75;75118;2;2;1.0;3.0;48,89363900;2,33636400;
202300023711.0;1;75;75108;2;2;1.0;1.0;48,87805200;2,32261000;
202300023712.0;1;75;75117;2;1;1.0;3.0;48,88525800;2,29479900;
202300023713.0;1;75;75117;2;2;2.0;6.0;48,88078100;2,28519500;
202300023714.0;1;75;75104;2;1;1.0;3.0;48,85169900;2,36434700;