Num_Acc;lum;departement;commune;agglomeration;intersection;meteo;type_collision;lat;long;date
202300023715.0;1;75;75117;2;3;2.0;3.0;48,89763700;2,32412500;
202300023716.0;1;94;94016;2;3;1.0;6.0;48,79471300;2,33497100;
202300023717.0;1;94;94028;2;1;1.0;6.0;48,76774028;2,46957227;
202300023718.0;1;75;75116;2;2;3.0;3.0;48,87253700;2,26446500;
202300023719.0;1;94;94022;2;2;1.0;1.0;48,76687998;2,41438293;
202300023720.0;1;75;75116;2;2;1.0;3.0;48,87113400;2,28885600;
202300023721.0;1;94;94001;2;2;1.0;3.0;48,72512760;2,41859615;
202300023722.0;2;93;93070;2;1;2.0;3.0;48,90848100;2,32829400;
202300023723.0;1;75;75113;2;2;1.0;3.0;48,83223577;2,37977386;
202300023724.0;1;93;93066;2;1;1.0;3.0;48,93519000;2,37235000;
202300023725.0;5;75;75107;2;2;2.0;3.0;48,86242500;2,30161100;
202300023726.0;5;93;93031;2;3;1.0;3.0;48,94790000;2,33840000;
202300023727.0;2;75;75112;2;2;1.0;3.0;48,84797100;2,37147400;
202300023728.0;1;93;93064;2;1;1.0;5.0;48,87918710;2,47837454;
202300023729.0;5;75;75112;2;3;1.0;3.0;48,84304600;2,40124800;
202300023730.0;1;93;93053;2;1;1.0;6.0;48,88954000;2,47068000;
202300023731.0;1;93;93048;2;1;1.0;6.0;48,85890000;2,46347000;
202300023732.0;1;75;75111;2;2;8.0;6.0;48,85047200;2,38445100;
202300023733.0;1;93;93029;2;1;1.0;3.0;48,92206272;2,45591669;
202300023734.0;1;93;93001;2;1;1.0;7.0;48,91548485;2,40472162;
202300023735.0;1;92;92078;2;1;1.0;6.0;48,93525100;2,32982500;
202300023736.0;1;92;92046;2;1;1.0;6.0;48,82197718;2,30391361;
202300023737.0;5;75;75109;2;2;2.0;6.0;48,87581500;2,34369100;
202300023738.0;5;92;92073;2;1;1.0;2.0;48,86264000;2,22581000;
202300023739.0;1;92;92051;2;1;1.0;6.0;48,88053600;2,25393600;
202300023740.0;1;75;75109;2;2;1.0;6.0;48,88235000;2,33697000;
202300023741.0;1;92;92051;2;3;1.0;3.0;48,88320700;2,27454500;
202300023742.0;1;75;75102;2;2;2.0;6.0;48,87147800;2,34307200;
202300023743.0;1;92;92051;2;3;1.0;3.0;48,89633516;2,27315658;
202300023744.0;1;75;75109;2;1;2.0;3.0;48,87136000;2,34789500;
202300023745.0;1;92;92050;2;3;1.0;3.0;48,89080100;2,21583456;
202300023746.0;1;75;75108;2;3;1.0;7.0;48,87543200;2,29623900;
202300023747.0;1;92;92040;2;6;1.0;3.0;48,81992715;2,24270511;
202300023748.0;1;75;75108;2;2;8.0;3.0;48,87838900;2,31555100;
202300023749.0;1;75;75107;2;7;2.0;6.0;48,86227800;2,30195500;
202300023750.0;5;92;92044;2;1;1.0;3.0;48,88644839;2,28515893;
202300023751.0;1;75;75107;2;4;8.0;6.0;48,85172800;2,32437600;
202300023752.0;5;92;92036;2;3;1.0;3.0;48,93583000;2,27975000;
202300023753.0;1;75;75102;2;3;1.0;7.0;48,86896600;2,35222300;
202300023754.0;1;92;92035;2;1;1.0;6.0;48,90571000;2,25354000;
202300023755.0;5;75;75104;2;1;2.0;6.0;48,85191300;2,36135000;
202300023756.0;1;92;92012;2;1;1.0;6.0;48,83020000;2,23891000;
202300023757.0;5;92;92007;2;1;1.0;1.0;48,79765500;2,30327100;
202300023758.0;1;75;75103;2;2;2.0;1.0;48,86200500;2,36466400;
202300023759.0;1;75;75103;2;2;1.0;3.0;48,86545700;2,35613100;
202300023760.0;1;94;94067;2;1;3.0;2.0;48,84609059;2,42102703;
202300023761.0;1;54;54462;2;4;1.0;6.0;48,59943041;6,33790433;
202300023762.0;1;94;94078;2;9;2.0;6.0;48,73107000;2,44681000;
202300023763.0;5;94;94078;2;3;1.0;6.0;48,73309382;2,44689050;
202300023764.0;1;21;21177;1;1;1.0;2.0;47,37302100;4,39473900;
202300023765.0;1;94;94073;2;3;1.0;1.0;48,76643000;2,38648000;
202300023766.0;1;22;22206;1;1;1.0;2.0;48,53026900; -2,96336900;
202300023767.0;1;14;14027;1;1;1.0;2.0;49,00989500; -0,61947000;
202300023768.0;1;94;94073;2;1;2.0;2.0;48,75430000;2,37480000;
202300023769.0;1;19;19129;1;1;1.0;2.0;45,54329500;1,51000600;
202300023770.0;1;94;94021;1;1;1.0;3.0;48,76195300;2,35241300;
202300023771.0;1;38;38113;1;1;1.0;6.0;44,82833000;5,63909800;
202300023772.0;1;66;66050;2;6;1.0;6.0;42,75549600;2,95412100;
202300023773.0;1;94;94034;2;2;2.0;3.0;48,75397000;2,31279000;
202300023774.0;1;56;56078;1;1;1.0;2.0;47,80148000; -3,45718000;
202300023775.0;1;94;94028;2;1;1.0;6.0;48,76843833;2,46581966;
202300023776.0;1;79;79062;2;1;1.0;3.0;46,81551800; -0,66568800;
202300023777.0;1;94;94018;2;2;3.0;3.0;48,82408000;2,41995000;
202300023778.0;1;33;33311;2;1;1.0;1.0;44,68587900; -0,36081100;
202300023779.0;1;34;34284;2;9;1.0;6.0;43,48773900;2,76439500;
202300023780.0;5;94;94017;2;1;1.0;3.0;48,82230000;2,49799000;
202300023781.0;3;94;94075;1;1;2.0;6.0;48,73816200;2,51696900;
202300023782.0;1;38;38144;1;1;1.0;6.0;45,59112800;5,08004000;
202300023783.0;1;94;94002;2;9;1.0;6.0;48,81421000;2,41136000;
202300023784.0;2;02;02820;2;2;1.0;3.0;49,63111300;3,24316100;
202300023785.0;1;94;94002;2;7;1.0;6.0;48,80188000;2,42614000;
202300023786.0;1;01;01037;1;1;1.0;1.0;45,82351400;5,46775800;
202300023787.0;1;06;06007;2;2;1.0;3.0;43,61235800;6,91592400;
202300023788.0;5;93;93059;2;1;1.0;2.0;48,95069174;2,35781665;
202300023789.0;1;14;14231;1;1;1.0;7.0;49,21621000;0,01027800;
202300023790.0;5;93;93072;2;3;2.0;7.0;48,94652000;2,38646000;
202300023791.0;1;93;93066;2;1;1.0;6.0;48,94020282;2,35658692;
202300023792.0;1;50;50209;1;1;1.0;3.0;49,64525600; -1,45639100;
202300023793.0;1;93;93039;2;1;8.0;2.0;48,94695825;2,32598410;
202300023794.0;1;95;95682;1;1;1.0;6.0;49,06835027;2,39100677;
202300023795.0;1;93;93066;2;1;3.0;3.0;48,94508285;2,37383936;
202300023796.0;1;94;94018;1;1;7.0;4.0;48,82050762;2,40183223;
202300023797.0;2;93;93049;2;1;2.0;2.0;48,85527774;2,51329088;
202300023798.0;1;77;77384;1;1;1.0;6.0;48,61545800;2,63137000;
202300023799.0;3;77;77175;1;1;1.0;6.0;48,66866800;2,61237900;
202300023800.0;1;03;03056;1;1;2.0;7.0;46,09043600;3,59853700;
202300023801.0;1;77;77169;1;1;1.0;5.0;48,80799200;2,63001000;
202300023802.0;5;93;93050;2;9;1.0;3.0;48,87201758;2,55378582;
202300023803.0;1;49;49007;2;1;1.0;6.0;47,44753000; -0,56236000;
202300023804.0;1;01;01185;2;3;2.0;1.0;45,89348400;5,59763100;
202300023805.0;3;33;33351;1;1;1.0;6.0;45,21092900; -0,48827500;
202300023806.0;2;93;93031;2;1;2.0;4.0;48,94938830;2,33121410;
202300023807.0;4;44;44168;2;1;2.0;7.0;47,38514500; -2,20268900;
202300023808.0;5;93;93027;2;2;1.0;1.0;48,92098071;2,38313559;
202300023809.0;1;59;59029;1;2;1.0;3.0;50,49623100;3,19117400;
202300023810.0;1;92;92012;2;1;1.0;2.0;48,82743209;2,25267202;
202300023811.0;3;74;74012;2;1;1.0;6.0;46,18765000;6,25079300;
202300023812.0;3;974;97416;2;1;3.0;3.0; -21,31271000;55,54714000;
202300023813.0;1;974;97416;2;1;2.0;7.0; -21,29026000;55,47386000;
202300023814.0;1;988;98818;2;2;1.0;6.0; -22,28124000;166,44313000;
202300023815.0;5;93;93014;2;1;2.0;2.0;48,90524000;2,54159000;
202300023816.0;1;81;81065;2;9;1.0;6.0;43,59276000;2,23382000;
202300023817.0;1;974;97416;2;3;2.0;3.0; -21,33648451;55,47042131;
202300023818.0;1;24;24145;2;1;1.0;6.0;44,85604000;0,56997000;
202300023819.0;1;973;97302;2;2;1.0;3.0;4,93305000; -52,33282000;
202300023820.0;1;24;24037;2;1;1.0;6.0;44,85342000;0,48847000;
202300023821.0;1;973;97302;2;6;1.0;2.0;4,92487809; -52,32383966;
202300023822.0;1;988;98818;1;3;1.0;5.0; -22,27091000;166,46404000;
202300023823.0;1;973;97302;2;3;1.0;3.0;4,93739888; -52,32509288;
202300023824.0;1;988;98818;2;3;1.0;3.0; -22,29104000;166,44524000;
202300023825.0;1;93;93047;2;3;2.0;3.0;48,90305848;2,56222790;
202300023826.0;1;973;97302;2;3;1.0;3.0;4,92690440; -52,30349806;
202300023827.0;1;976;97611;2;9;1.0;3.0; -12,79376000;45,21677000;
202300023828.0;5;974;97411;2;1;2.0;6.0; -20,89612000;55,48724000;
202300023829.0;1;972;97213;1;1;1.0;5.0;14,61757200; -61,01777400;
202300023830.0;1;974;97411;1;1;1.0;1.0; -20,90187000;55,45739000;
202300023831.0;5;972;97213;1;6;2.0;7.0;14,61378800; -61,01202900;
202300023832.0;1;93;93057;2;1;1.0;3.0;48,91082314;2,51460580;
202300023833.0;2;69;69389;2;1;1.0;6.0;45,76892000;4,80968000;
202300023834.0;1;974;97409;1;1;1.0;2.0; -20,94299000;55,64851000;
202300023835.0;1;92;92064;2;1;1.0;7.0;48,85173487;2,22021103;
202300023836.0;5;69;69382;2;3;1.0;3.0;45,75263187;4,82458640;
202300023837.0;1;974;97407;2;9;1.0;3.0; -20,93218000;55,29450000;
202300023838.0;1;971;97101;1;1;1.0;4.0;16,29969000; -61,49106000;
202300023839.0;1;69;69388;2;2;1.0;6.0;45,73948000;4,85990000;
202300023840.0;1;92;92035;2;3;1.0;3.0;48,90543000;2,24437000;
202300023841.0;1;95;95268;2;1;1.0;6.0;48,97265000;2,40063000;
202300023842.0;1;69;69387;2;2;1.0;6.0;45,74246000;4,84013000;
202300023843.0;5;92;92025;2;1;2.0;3.0;48,93087734;2,25521484;
202300023844.0;1;95;95268;2;9;1.0;3.0;48,97616000;2,39449000;
202300023845.0;1;69;69388;2;2;1.0;3.0;45,72756000;4,86198000;
202300023846.0;1;91;91161;2;1;1.0;7.0;48,69682000;2,30652000;
202300023847.0;1;92;92019;2;1;2.0;6.0;48,76545844;2,25978434;
202300023848.0;1;972;97213;1;1;1.0;3.0;14,61823000; -61,02924000;
202300023849.0;2;91;91027;2;9;1.0;7.0;48,71505000;2,37346000;
202300023850.0;5;2B;2B037;2;9;1.0;6.0;42,62886000;9,43727000;
202300023851.0;1;92;92012;2;2;1.0;1.0;48,83704266;2,23644091;
202300023852.0;1;85;85194;2;7;1.0;6.0;46,49767000; -1,78268000;
202300023853.0;5;971;97101;2;9;1.0;7.0;16,25892000; -61,51129000;
202300023854.0;5;92;92009;2;3;2.0;3.0;48,91387145;2,27363527;
202300023855.0;1;83;83144;2;1;1.0;6.0;43,13628000;6,00001000;
202300023856.0;1;95;95427;2;1;8.0;6.0;48,95835000;2,32952000;
202300023857.0;1;92;92004;2;1;2.0;2.0;48,91387000;2,28347000;
202300023858.0;1;78;78440;2;9;1.0;1.0;48,99207900;1,90836400;
202300023859.0;1;92;92002;2;1;1.0;6.0;48,75072737;2,30452532;
202300023860.0;1;91;91027;2;1;1.0;2.0;48,71369000;2,37116000;
202300023861.0;1;57;57125;1;1;8.0;6.0;49,20355100;6,24128600;
202300023862.0;1;78;78172;2;3;1.0;2.0;48,99144800;2,09032500;
202300023863.0;1;35;35176;1;1;8.0;2.0;47,82511400; -1,85794200;
202300023864.0;1;91;91228;2;1;3.0;6.0;48,62881000;2,42402000;
202300023865.0;3;76;76486;1;1;1.0;1.0;49,33411255;1,00232667;
202300023866.0;1;81;81077;1;1;1.0;1.0;43,88026300;2,51243600;
202300023867.0;1;83;83137;2;3;1.0;3.0;43,13154000;5,97415000;
202300023868.0;5;76;76322;2;1;1.0;3.0;49,40137776;1,06470381;
202300023869.0;1;25;25527;1;1;1.0;2.0;47,20093900;5,82516800;
202300023870.0;1;83;83069;1;1;1.0;6.0;43,07993000;6,12779000;
202300023871.0;5;51;51043;2;6;1.0;3.0;49,36031800;4,17900000;
202300023872.0;1;77;77431;2;1;8.0;6.0;48,26940400;2,68577700;
202300023873.0;1;69;69264;2;1;7.0;3.0;45,98496000;4,73038000;
202300023874.0;1;06;06149;2;1;8.0;3.0;43,74765700;7,34803500;
202300023875.0;1;56;56179;2;2;1.0;6.0;47,83422500; -3,40498400;
202300023876.0;3;16;16090;1;1;1.0;6.0;45,58918400; -0,03746500;
202300023877.0;1;76;76451;2;1;1.0;6.0;49,46538238;1,07209784;
202300023878.0;1;69;69290;2;1;1.0;3.0;45,70169000;4,89855000;
202300023879.0;3;16;16056;2;1;1.0;6.0;45,67277200; -0,21097100;
202300023880.0;1;79;79347;2;1;1.0;1.0;46,68617500; -0,24502500;
202300023881.0;1;74;74118;1;1;1.0;5.0;46,17911000;6,23272000;
202300023882.0;1;22;22048;1;1;1.0;6.0;48,50128300; -2,17124800;
202300023883.0;1;67;67482;2;3;1.0;3.0;48,60090000;7,71480000;
202300023884.0;3;39;39355;1;1;1.0;6.0;46,95021400;5,74933800;
202300023885.0;5;25;25157;2;1;1.0;6.0;46,86607800;6,37328800;
202300023886.0;5;11;11068;1;1;2.0;2.0;43,17803700;2,54440800;
202300023887.0;5;71;71270;2;3;2.0;6.0;46,30530000;4,83580000;
202300023888.0;1;67;67218;2;3;1.0;3.0;48,51250000;7,71810000;
202300023889.0;5;70;70171;2;4;1.0;7.0;47,88055631;6,30297840;
202300023890.0;3;40;40296;1;1;1.0;6.0;43,71803200; -1,39577900;
202300023891.0;1;54;54105;2;9;1.0;6.0;48,57343400;5,85303900;
202300023892.0;1;69;69271;2;3;1.0;3.0;45,73006000;4,96367000;
202300023893.0;1;42;42338;1;2;1.0;3.0;46,07659800;4,13671200;
202300023894.0;1;67;67267;2;3;1.0;3.0;48,56377000;7,68967000;
202300023895.0;1;05;05140;1;1;1.0;1.0;44,51248200;6,16592600;
202300023896.0;1;31;31044;2;1;1.0;3.0;43,63592400;1,49605600;
202300023897.0;1;69;69259;2;9;1.0;6.0;45,72888363;4,85380664;
202300023898.0;2;67;67043;2;3;1.0;6.0;48,61512300;7,72725600;
202300023899.0;3;50;50619;1;3;1.0;6.0;49,62736400; -1,36537300;
202300023900.0;1;81;81078;1;1;1.0;7.0;43,65880000;1,96148000;
202300023901.0;1;67;67482;2;1;1.0;2.0;48,57035300;7,71131900;
202300023902.0;5;68;68175;2;1;8.0;1.0;48,15301000;7,17177600;
202300023903.0;1;67;67462;2;9;1.0;3.0;48,25760000;7,45855000;
202300023904.0;3;07;07238;1;1;1.0;6.0;44,43875900;4,19940600;
202300023905.0;3;85;85108;1;1;1.0;6.0;46,89075500; -1,38726000;
202300023906.0;5;974;97401;2;1;1.0;2.0; -21,23888200;55,33506900;
202300023907.0;1;66;66136;2;2;1.0;3.0;42,68721000;2,90184000;
202300023908.0;1;64;64024;2;1;1.0;2.0;43,49082000; -1,49841000;
202300023909.0;1;27;27198;1;1;1.0;6.0;48,83322000;1,05321500;
202300023910.0;5;972;97203;2;1;1.0;6.0;14,86831100; -61,11307100;
202300023911.0;2;66;66136;2;1;1.0;3.0;42,68538000;2,86745000;
202300023912.0;1;87;87018;1;1;1.0;7.0;46,06602500;0,98357700;
202300023913.0;1;83;83085;1;1;1.0;1.0;43,49293500;6,57143900;
202300023914.0;3;973;97307;1;1;1.0;3.0;4,89605093; -52,33263910;
202300023915.0;3;83;83085;1;3;1.0;7.0;43,49809900;6,57847200;
202300023916.0;2;65;65440;2;6;1.0;3.0;43,24095000;0,07364300;
202300023917.0;3;01;01331;1;1;1.0;6.0;46,10656500;5,45477600;
202300023918.0;1;62;62618;2;1;2.0;6.0;50,81883170;2,07765225;
202300023919.0;1;58;58194;2;1;1.0;7.0;46,97252700;3,12716600;
202300023920.0;1;65;65286;2;1;1.0;3.0;43,10515900; -0,04150200;
202300023921.0;2;69;69244;2;2;8.0;3.0;45,76414000;4,78526700;
202300023922.0;1;63;63001;1;6;1.0;3.0;46,00945200;3,19727900;
202300023923.0;1;12;12216;1;1;1.0;7.0;44,53173600;2,83190800;
202300023924.0;3;33;33029;1;1;1.0;2.0;44,68131800; -0,78947100;
202300023925.0;2;57;57463;2;1;1.0;1.0;49,12230000;6,21410000;
202300023926.0;2;38;38431;1;1;8.0;2.0;45,24864100;5,87120500;
202300023927.0;5;64;64445;2;2;1.0;3.0;43,29688000; -0,37899000;
202300023928.0;1;56;56260;2;1;1.0;3.0;47,65905000; -2,76430000;
202300023929.0;1;21;21177;1;1;1.0;2.0;47,37463400;4,39106200;
202300023930.0;3;987;98729;1;1;1.0;1.0; -17,57688800; -150,20198800;
202300023931.0;1;64;64445;2;1;1.0;6.0;43,32069000; -0,30377000;
202300023932.0;1;974;97414;2;3;1.0;3.0; -21,27424900;55,43794500;
202300023933.0;1;56;56098;2;3;1.0;3.0;47,77632000; -3,33870000;
202300023934.0;5;64;64024;2;1;1.0;7.0;43,46503000; -1,52909000;
202300023935.0;1;85;85215;1;1;8.0;7.0;46,87390330; -1,20140210;
202300023936.0;1;49;49328;2;6;1.0;3.0;47,26440000; -0,09185000;
202300023937.0;1;64;64102;2;1;2.0;6.0;43,49440000; -1,47877000;
202300023938.0;1;987;98747;1;3;1.0;3.0; -17,75600000; -148,73600000;
202300023939.0;1;85;85109;2;1;2.0;7.0;46,85730200; -1,05249400;
202300023940.0;1;49;49353;2;1;1.0;2.0;47,44418000; -0,49964000;
202300023941.0;3;34;34114;1;1;1.0;6.0;43,65037745;3,54230692;
202300023942.0;1;988;98819;1;3;2.0;6.0; -20,34845000;164,44237200;
202300023943.0;1;63;63075;2;3;1.0;3.0;45,77817000;3,06171000;
202300023944.0;2;62;62490;1;1;3.0;7.0;50,28158317;2,57487544;
202300023945.0;3;971;97118;1;1;1.0;1.0;16,21722900; -61,60716500;
202300023946.0;1;60;60057;2;1;2.0;3.0;49,42501000;2,08702000;
202300023947.0;1;34;34270;2;1;1.0;3.0;43,58691900;3,83092400;
202300023948.0;1;47;47323;2;1;1.0;1.0;44,40870000;0,73070000;
202300023949.0;3;78;78548;1;1;2.0;1.0;48,72479500;1,98817100;
202300023950.0;1;13;13085;1;1;1.0;1.0;43,23569100;5,67699200;
202300023951.0;1;47;47201;2;2;1.0;2.0;44,19450000;0,60332000;
202300023952.0;5;59;59512;2;3;2.0;3.0;50,68598000;3,20436000;
202300023953.0;1;973;97304;2;1;1.0;3.0;5,15514000; -52,66725000;
202300023954.0;1;58;58160;2;1;3.0;7.0;46,98193600;3,10304800;
202300023955.0;3;83;83116;1;1;1.0;6.0;43,41562800;5,84985000;
202300023956.0;1;67;67028;2;9;1.0;6.0;48,37528100;7,59026500;
202300023957.0;1;59;59350;2;1;2.0;2.0;50,63650000;3,03691000;
202300023958.0;1;45;45004;1;1;1.0;2.0;47,97912697;2,74225187;
202300023959.0;5;44;44009;2;1;1.0;1.0;47,19058738; -1,46955013;
202300023960.0;1;59;59350;2;9;2.0;3.0;50,62197000;3,08866000;
202300023961.0;3;55;55038;1;1;1.0;2.0;49,03876800;5,08109100;
202300023962.0;3;57;57634;1;1;9.0;6.0;49,15327800;6,12399800;
202300023963.0;1;59;59569;2;1;1.0;6.0;50,36723000;3,11946000;
202300023964.0;1;31;31157;2;1;1.0;6.0;43,53730300;1,34327200;
202300023965.0;1;45;45068;1;1;1.0;2.0;48,01519000;2,73986000;
202300023966.0;1;19;19273;1;1;1.0;7.0;45,06307346;1,56379134;
202300023967.0;1;73;73150;1;1;1.0;1.0;45,56487900;6,68163100;
202300023968.0;1;59;59431;2;1;3.0;3.0;50,70008700;2,84565300;
202300023969.0;3;19;19170;1;1;1.0;7.0;44,96583233;1,76236689;
202300023970.0;3;44;44066;1;1;2.0;2.0;47,35251800; -1,65925700;
202300023971.0;5;44;44198;2;1;1.0;3.0;47,14823000; -1,53655000;
202300023972.0;5;54;54482;2;6;1.0;6.0;48,69916000;6,21086000;
202300023973.0;2;56;56051;1;1;1.0;7.0;47,87006000; -2,59162500;
202300023974.0;1;38;38562;1;1;1.0;6.0;45,06235100;5,76359500;
202300023975.0;1;56;56177;1;1;2.0;7.0;47,79923300; -3,06597900;
202300023976.0;1;38;38053;2;9;1.0;1.0;45,58965000;5,25200000;
202300023977.0;1;44;44184;2;1;2.0;6.0;47,28149000; -2,20408000;
202300023978.0;1;33;33321;1;1;8.0;6.0;45,03461600; -0,44248900;
202300023979.0;1;56;56252;1;1;1.0;6.0;47,52124500; -2,65483800;
202300023980.0;3;22;22168;2;1;1.0;7.0;48,82351200; -3,48420600;
202300023981.0;1;37;37261;2;1;1.0;2.0;47,37361000;0,68240000;
202300023982.0;1;56;56143;2;1;1.0;6.0;47,56007900; -2,49766200;
202300023983.0;5;42;42218;2;2;1.0;3.0;45,46362000;4,38224000;
202300023984.0;3;91;91689;1;1;1.0;4.0;48,73903000;2,31841000;
202300023985.0;1;37;37214;2;1;1.0;7.0;47,42619000;0,65516000;
202300023986.0;2;59;59307;1;2;1.0;3.0;50,84016200;2,20738300;
202300023987.0;5;91;91689;1;1;1.0;2.0;48,74682000;2,32643000;
202300023988.0;5;37;37261;2;4;1.0;3.0;47,39656000;0,70358000;
202300023989.0;5;34;34172;1;1;1.0;3.0;43,60766000;3,93128000;
202300023990.0;3;76;76317;1;1;3.0;6.0;49,65325200;0,40331800;
202300023991.0;5;93;93078;1;1;1.0;4.0;48,96162000;2,54503000;
202300023992.0;1;31;31555;2;1;1.0;3.0;43,61942000;1,45693000;
202300023993.0;1;79;79271;1;1;1.0;6.0;46,52230100; -0,37696400;
202300023994.0;1;37;37122;2;2;1.0;3.0;47,33565000;0,64586000;
202300023995.0;2;79;79217;1;1;1.0;7.0;46,33821700; -0,19784000;
202300023996.0;1;29;29039;2;6;1.0;3.0;47,86915662; -3,89317542;
202300023997.0;1;37;37261;2;1;3.0;6.0;47,37806000;0,69685000;
202300023998.0;2;95;95682;1;1;1.0;4.0;49,06726802;2,37810640;
202300023999.0;5;2A;2A271;2;1;1.0;3.0;41,97967200;8,83378000;
202300024000.0;1;37;37122;2;1;1.0;2.0;47,37134316;0,65400553;
202300024001.0;3;77;77058;1;1;1.0;2.0;48,83081400;2,69313200;
202300024002.0;3;2A;2A017;1;1;1.0;1.0;42,00957300;8,74921000;
202300024003.0;1;19;19275;2;1;1.0;6.0;45,54653839;2,30826080;
202300024004.0;1;974;97416;1;3;1.0;6.0; -21,33000000;55,48000000;
202300024005.0;2;2B;2B123;1;1;1.0;1.0;42,04851200;9,42772900;
202300024006.0;1;37;37261;2;1;1.0;2.0;47,39605063;0,68208039;
202300024007.0;1;2B;2B074;2;9;1.0;3.0;42,25575300;9,16949600;
202300024008.0;1;974;97411;2;4;1.0;3.0; -20,89932000;55,44683000;
202300024009.0;3;33;33281;2;1;1.0;3.0;44,81284000; -0,69431000;
202300024010.0;3;80;80080;1;1;2.0;6.0;49,87555500;2,84228300;
202300024011.0;1;974;97411;2;1;1.0;6.0; -20,89945000;55,47951000;
202300024012.0;1;15;15014;2;1;1.0;1.0;44,91211000;2,44245000;
202300024013.0;1;82;82149;1;1;1.0;7.0;44,13736224;1,48983718;
202300024014.0;1;974;97411;2;9;1.0;6.0; -20,88988000;55,46456000;
202300024015.0;1;33;33192;2;4;2.0;3.0;44,76910000; -0,59709000;
202300024016.0;5;13;13054;2;9;1.0;3.0;43,42112000;5,20776000;
202300024017.0;1;82;82119;1;3;1.0;3.0;44,21795500;1,51824300;
202300024018.0;1;33;33063;2;1;1.0;6.0;44,83783000; -0,57629000;
202300024019.0;1;974;97411;2;9;2.0;5.0; -20,89328000;55,48693000;
202300024020.0;1;65;65212;2;1;1.0;6.0;42,86370500;0,33859100;
202300024021.0;1;13;13210;2;9;1.0;3.0;43,27224000;5,41452000;
202300024022.0;1;33;33063;2;1;1.0;3.0;44,86263000; -0,57199000;
202300024023.0;1;973;97302;2;2;1.0;3.0;4,94754000; -52,30401000;
202300024024.0;1;65;65218;2;1;1.0;1.0;43,01483000;0,37254800;
202300024025.0;2;30;30007;1;9;1.0;1.0;44,09982000;4,08110000;
202300024026.0;5;69;69383;2;1;1.0;6.0;45,75303866;4,87017348;
202300024027.0;4;11;11069;2;4;1.0;6.0;43,22652000;2,34024000;
202300024028.0;1;65;65456;1;1;3.0;2.0;43,14291800;0,42458800;
202300024029.0;1;65;65093;1;1;8.0;7.0;43,04460900;0,46828200;
202300024030.0;1;69;69387;2;3;1.0;3.0;45,73136000;4,83361000;
202300024031.0;1;29;29019;2;6;2.0;2.0;48,40776231; -4,51321274;
202300024032.0;1;32;32005;1;1;1.0;6.0;43,72324600; -0,04640200;
202300024033.0;1;10;10387;2;2;7.0;6.0;48,29410000;4,07870000;
202300024034.0;1;972;97213;1;1;1.0;1.0;14,64942000; -60,98892000;
202300024035.0;5;27;27229;2;1;2.0;6.0;49,03427000;1,15378000;
202300024036.0;5;08;08105;2;1;1.0;6.0;49,77742600;4,72288900;
202300024037.0;5;2B;2B033;2;1;1.0;2.0;42,66642000;9,43954000;
202300024038.0;1;32;32264;1;2;1.0;3.0;43,92958900; -0,11410900;
202300024039.0;1;25;25056;2;2;1.0;3.0;47,23552700;5,98273900;
202300024040.0;3;11;11262;1;1;1.0;6.0;43,22406300;3,00758800;
202300024041.0;5;971;97101;2;3;1.0;3.0;16,23949000; -61,51939000;
202300024042.0;5;06;06088;2;2;1.0;3.0;43,70360000;7,28839000;
202300024043.0;5;95;95280;2;1;2.0;6.0;49,03093000;2,45967000;
202300024044.0;1;22;22113;1;9;2.0;2.0;48,75291379; -3,51428390;
202300024045.0;1;06;06088;2;1;1.0;6.0;43,70520800;7,27191100;
202300024046.0;3;11;11262;1;1;1.0;5.0;43,21168200;3,01278600;
202300024047.0;3;11;11090;1;1;1.0;6.0;43,09811600;2,23460200;
202300024048.0;1;19;19031;2;1;1.0;3.0;45,14858000;1,48062000;
202300024049.0;1;06;06029;2;1;1.0;1.0;43,54973300;7,00779600;
202300024050.0;1;91;91549;2;2;2.0;3.0;48,64999000;2,33183000;
202300024051.0;1;13;13202;2;9;1.0;2.0;43,32684000;5,35659000;
202300024052.0;1;88;88424;2;1;1.0;6.0;48,27354000;6,96797000;
202300024053.0;1;71;71282;2;2;1.0;3.0;46,83624000;4,36024200;
202300024054.0;5;75;75116;2;1;1.0;2.0;48,86988700;2,27151000;
202300024055.0;1;87;87085;2;1;1.0;6.0;45,81240000;1,25559000;
202300024056.0;1;89;89414;1;2;2.0;3.0;48,28473500;3,37572100;
202300024057.0;1;13;13206;2;3;1.0;3.0;43,28649000;5,38642000;
202300024058.0;1;75;75120;2;1;1.0;2.0;48,85993000;2,41398200;
202300024059.0;5;75;75117;2;1;1.0;2.0;48,89503100;2,30658900;
202300024060.0;5;83;83062;2;3;1.0;3.0;43,14106000;6,03005000;
202300024061.0;1;89;89418;1;2;1.0;3.0;47,84340700;3,95597900;
202300024062.0;5;75;75120;2;2;2.0;6.0;48,86458600;2,41242300;