Num_Acc;lum;departement;commune;agglomeration;intersection;meteo;type_collision;lat;long;date
202300024063.0;1;75;75118;2;2;1.0;3.0;48,89773400;2,32901400;
202300024064.0;5;83;83061;2;1;1.0;1.0;43,44209231;6,75345415;
202300024065.0;1;83;83061;1;1;1.0;6.0;43,49399012;6,77851582;
202300024066.0;1;75;75116;2;3;1.0;6.0;48,86883500;2,29144500;
202300024067.0;1;75;75118;2;2;1.0;3.0;48,88835000;2,34961100;
202300024068.0;3;89;89311;2;1;3.0;1.0;47,74759500;3,38720100;
202300024069.0;5;75;75117;2;7;3.0;3.0;48,87840982;2,29840636;
202300024070.0;5;75;75105;2;3;1.0;1.0;48,85137500;2,34320200;
202300024071.0;5;78;78440;2;1;2.0;2.0;48,97076000;1,91956200;
202300024072.0;1;75;75115;2;2;1.0;3.0;48,83998600;2,29035700;
202300024073.0;2;49;49218;2;1;2.0;6.0;47,28057900; -1,11604600;
202300024074.0;1;75;75120;2;1;1.0;1.0;48,85248800;2,40488700;
202300024075.0;1;75;75115;2;1;8.0;6.0;48,85259400;2,28616800;
202300024076.0;1;77;77067;1;2;8.0;3.0;48,58683000;2,60275000;
202300024077.0;1;75;75120;2;1;1.0;6.0;48,86473900;2,40317800;
202300024078.0;3;12;12291;1;1;1.0;6.0;44,19490100;3,06719700;
202300024079.0;5;77;77371;2;1;1.0;6.0;48,81982700;3,01483300;
202300024080.0;1;75;75114;2;2;8.0;1.0;48,82304200;2,32548800;
202300024081.0;1;76;76540;1;1;1.0;3.0;49,45100000;1,05729000;
202300024082.0;5;75;75118;2;1;1.0;3.0;48,88959500;2,35590700;
202300024083.0;5;74;74133;2;9;1.0;4.0;46,18528000;6,21905000;
202300024084.0;1;42;42273;1;2;1.0;3.0;46,17951800;4,12161100;
202300024085.0;5;72;72181;2;3;1.0;3.0;47,98066000;0,22004000;
202300024086.0;3;71;71445;1;1;1.0;5.0;46,78384000;4,88840000;
202300024087.0;1;75;75113;2;3;1.0;3.0;48,82806877;2,38483250;
202300024088.0;1;75;75112;2;1;1.0;2.0;48,85030900;2,38276400;
202300024089.0;5;66;66136;2;3;1.0;6.0;42,70497000;2,89055000;
202300024090.0;1;42;42011;2;3;1.0;3.0;45,81840678;4,18426126;
202300024091.0;1;66;66136;2;3;1.0;3.0;42,72460000;2,88716000;
202300024092.0;5;65;65440;2;1;8.0;6.0;43,23231900;0,07266800;
202300024093.0;2;64;64445;2;1;1.0;3.0;43,29934000; -0,37120000;
202300024094.0;5;75;75112;2;2;2.0;6.0;48,84675600;2,38177100;
202300024095.0;1;64;64445;2;6;2.0;6.0;43,33043000; -0,35559000;
202300024096.0;1;42;42302;1;1;1.0;2.0;45,48324400;4,45983200;
202300024097.0;1;64;64125;2;1;1.0;6.0;43,44135188; -1,58819094;
202300024098.0;5;61;61001;2;1;1.0;3.0;48,43829000;0,08651000;
202300024099.0;5;75;75112;2;2;2.0;6.0;48,84111400;2,38903200;
202300024100.0;2;47;47252;2;1;1.0;6.0;44,39507500;0,58628800;
202300024101.0;5;60;60057;2;2;1.0;3.0;49,43364000;2,09345000;
202300024102.0;1;59;59378;2;9;1.0;6.0;50,65477000;3,11201000;
202300024103.0;2;58;58194;2;1;1.0;7.0;46,98881000;3,17267000;
202300024104.0;1;75;75108;2;2;1.0;1.0;48,87398549;2,29727983;
202300024105.0;1;41;41256;1;1;1.0;7.0;47,32689800;2,01749300;
202300024106.0;1;54;54167;1;1;1.0;6.0;48,67636600;5,92680200;
202300024107.0;1;75;75111;2;3;8.0;3.0;48,85545165;2,37047732;
202300024108.0;1;54;54395;2;3;1.0;2.0;48,69879000;6,18769000;
202300024109.0;1;94;94043;2;1;1.0;3.0;48,81413000;2,36109000;
202300024110.0;1;49;49099;2;3;8.0;3.0;47,05993000; -0,87327000;
202300024111.0;3;49;49007;2;6;1.0;3.0;47,46657000; -0,55709000;
202300024112.0;1;94;94043;2;1;1.0;3.0;48,80773700;2,35724800;
202300024113.0;1;41;41181;1;2;3.0;3.0;47,32143300;1,29296100;
202300024114.0;2;45;45232;2;3;2.0;6.0;47,86583000;1,89632000;
202300024115.0;5;75;75110;2;2;2.0;3.0;48,88062000;2,36203000;
202300024116.0;5;37;37261;2;2;1.0;6.0;47,39756000;0,69930000;
202300024117.0;1;94;94041;2;2;1.0;6.0;48,81663419;2,39525422;
202300024118.0;3;41;41110;1;1;1.0;7.0;47,29427200;1,81728200;
202300024119.0;1;35;35288;2;2;1.0;3.0;48,66261000; -1,98333000;
202300024120.0;1;35;35115;2;1;1.0;6.0;48,35035931; -1,19659647;
202300024121.0;5;33;33063;2;3;1.0;3.0;44,86358000; -0,55943000;
202300024122.0;5;75;75104;2;2;1.0;3.0;48,84950700;2,36564900;
202300024123.0;1;34;34251;1;1;1.0;7.0;43,77154500;3,38426600;
202300024124.0;3;31;31555;1;9;1.0;2.0;43,62410000;1,41780000;
202300024125.0;1;93;93078;2;2;1.0;3.0;48,94666000;2,56358000;
202300024126.0;5;29;29019;2;6;1.0;2.0;48,41532100; -4,47975100;
202300024127.0;1;75;75109;2;1;2.0;6.0;48,87623000;2,33477900;
202300024128.0;1;34;34074;2;1;1.0;1.0;43,45163800;3,05061000;
202300024129.0;5;93;93010;2;1;1.0;6.0;48,89851895;2,47305907;
202300024130.0;1;75;75108;2;2;8.0;3.0;48,86678200;2,32209700;
202300024131.0;1;21;21231;2;1;8.0;1.0;47,32336328;5,01840243;
202300024132.0;1;68;68082;2;2;1.0;2.0;47,86765300;7,34892000;
202300024133.0;1;75;75118;2;2;8.0;3.0;48,88835200;2,34958400;
202300024134.0;1;75;75101;2;1;2.0;7.0;48,85668000;2,34835000;
202300024135.0;1;19;19031;2;1;1.0;6.0;45,15323000;1,53620000;
202300024136.0;1;93;93027;2;1;1.0;2.0;48,92775000;2,39160000;
202300024137.0;1;22;22015;1;1;1.0;3.0;48,39708300; -2,56729200;
202300024138.0;1;19;19031;2;6;1.0;3.0;45,15237863;1,50484264;
202300024139.0;5;75;75117;2;7;1.0;6.0;48,88491600;2,29793700;
202300024140.0;5;75;75101;2;3;2.0;6.0;48,85686800;2,34121900;
202300024141.0;1;92;92076;2;1;1.0;6.0;48,83483721;2,14630097;
202300024142.0;1;39;39202;1;2;3.0;3.0;46,92572500;5,96933700;
202300024143.0;1;13;13117;2;9;1.0;4.0;43,43609000;5,25822000;
202300024144.0;5;94;94041;2;3;2.0;6.0;48,80988962;2,38508427;
202300024145.0;5;75;75116;2;2;1.0;3.0;48,87867000;2,28006700;
202300024146.0;1;92;92048;2;4;1.0;2.0;48,80875623;2,24462762;
202300024147.0;5;13;13103;2;6;1.0;7.0;43,61726000;5,09539000;
202300024148.0;5;94;94041;2;1;2.0;1.0;48,81804864;2,37390661;
202300024149.0;3;39;39019;1;2;1.0;3.0;46,94592500;5,78118500;
202300024150.0;1;75;75115;2;2;1.0;7.0;48,85117100;2,30093600;
202300024151.0;5;13;13208;2;1;1.0;6.0;43,27142000;5,38599000;
202300024152.0;1;94;94041;2;1;2.0;6.0;48,81727000;2,37598000;
202300024153.0;1;92;92044;2;2;1.0;3.0;48,89527000;2,29493000;
202300024154.0;1;75;75114;2;1;1.0;6.0;48,82021200;2,33868000;
202300024155.0;1;13;13215;2;1;1.0;1.0;43,36299000;5,36060000;
202300024156.0;1;94;94048;2;2;2.0;3.0;48,73595000;2,55003000;
202300024157.0;1;25;25074;1;1;2.0;1.0;47,18347800;6,70469600;
202300024158.0;1;92;92025;2;1;1.0;6.0;48,91952800;2,23727100;
202300024159.0;5;13;13004;2;1;1.0;2.0;43,67532988;4,62497324;
202300024160.0;5;75;75104;2;3;8.0;3.0;48,85481200;2,36873200;
202300024161.0;1;93;93066;2;7;1.0;6.0;48,94047400;2,35751900;
202300024162.0;1;25;25403;1;4;1.0;7.0;47,02701700;6,61902700;
202300024163.0;5;92;92007;2;2;1.0;7.0;48,79627900;2,32175000;
202300024164.0;3;11;11069;1;1;1.0;2.0;43,22985000;2,32614000;
202300024165.0;5;75;75109;2;1;1.0;6.0;48,87625100;2,33420000;
202300024166.0;3;25;25162;1;1;1.0;6.0;47,22526600;5,80927800;
202300024167.0;2;93;93046;2;2;2.0;6.0;48,91655249;2,53152788;
202300024168.0;5;10;10387;2;1;9.0;6.0;48,28690000;4,07850000;
202300024169.0;1;2A;2A348;2;1;1.0;2.0;42,12606834;8,70370388;
202300024170.0;1;75;75107;2;2;1.0;3.0;48,86282800;2,31346600;
202300024171.0;5;44;44018;2;6;1.0;2.0;47,14422250; -1,68693244;
202300024172.0;1;10;10387;2;2;1.0;3.0;48,30900000;4,06100000;
202300024173.0;5;93;93074;2;1;2.0;2.0;48,93515774;2,57052451;
202300024174.0;2;01;01045;1;2;1.0;3.0;45,96339700;5,04054100;
202300024175.0;1;10;10387;2;1;8.0;6.0;48,29615658;4,07409847;
202300024176.0;1;75;75104;2;2;1.0;6.0;48,85535500;2,35958700;
202300024177.0;5;93;93061;2;2;3.0;6.0;48,88048833;2,40836710;
202300024178.0;1;44;44029;1;2;2.0;3.0;47,27575269; -1,30465329;
202300024179.0;5;06;06088;2;1;1.0;6.0;43,69673000;7,27066000;
202300024180.0;1;86;86096;2;1;1.0;7.0;46,81070100;0,30992900;
202300024181.0;1;44;44087;1;1;1.0;6.0;47,02283634; -1,81196094;
202300024182.0;5;93;93027;2;2;3.0;6.0;48,92931000;2,39659000;
202300024183.0;1;75;75113;2;4;2.0;3.0;48,82363700;2,38224900;
202300024184.0;5;94;94068;2;2;2.0;3.0;48,80259400;2,51158000;
202300024185.0;1;44;44015;1;1;1.0;1.0;47,43669500; -1,75716900;
202300024186.0;3;85;85223;1;1;1.0;6.0;46,53810000; -1,07999000;
202300024187.0;1;92;92072;2;1;1.0;1.0;48,82422000;2,21254000;
202300024188.0;5;75;75120;2;1;1.0;3.0;48,86082300;2,41383200;
202300024189.0;5;94;94015;2;1;2.0;1.0;48,83134500;2,51677600;
202300024190.0;1;75;75116;2;1;1.0;3.0;48,86027700;2,26337300;
202300024191.0;1;92;92072;2;1;2.0;2.0;48,82438427;2,21300751;
202300024192.0;1;02;02776;1;1;1.0;2.0;50,00102500;3,17946500;
202300024193.0;2;35;35263;1;3;1.0;2.0;48,66764000; -1,94612500;
202300024194.0;5;92;92064;2;4;1.0;6.0;48,84176500;2,22165000;
202300024195.0;1;29;29277;2;1;2.0;7.0;48,41092100; -4,07754200;
202300024196.0;1;94;94016;2;4;1.0;2.0;48,79638000;2,34324000;
202300024197.0;1;75;75112;2;1;1.0;6.0;48,83743600;2,40145900;
202300024198.0;1;68;68188;1;1;1.0;2.0;47,93652900;7,04558400;
202300024199.0;1;29;29018;1;1;1.0;7.0;48,36292700; -3,84898600;
202300024200.0;5;75;75119;2;3;8.0;6.0;48,88876700;2,39311900;
202300024201.0;1;972;97221;2;1;1.0;6.0;14,51884500; -60,98212500;
202300024202.0;2;94;94041;2;1;2.0;2.0;48,81114354;2,40093452;
202300024203.0;1;92;92050;2;1;2.0;3.0;48,88592000;2,21605000;
202300024204.0;1;31;31576;1;1;1.0;6.0;43,40771300;1,65704700;
202300024205.0;1;75;75119;2;7;2.0;6.0;48,90011617;2,38835156;
202300024206.0;1;94;94034;2;1;1.0;3.0;48,75767100;2,31649400;
202300024207.0;1;92;92050;2;1;8.0;6.0;48,90953000;2,21731000;
202300024208.0;1;28;28158;1;1;1.0;3.0;48,41227900;1,42716000;
202300024209.0;1;75;75115;2;3;2.0;6.0;48,85278500;2,29833900;
202300024210.0;1;93;93049;2;1;1.0;6.0;48,86774100;2,50645900;
202300024211.0;5;75;75110;2;1;2.0;6.0;48,87180975;2,37627357;
202300024212.0;1;92;92036;2;2;2.0;1.0;48,92335700;2,32130000;
202300024213.0;1;28;28006;1;3;1.0;3.0;48,43582400;1,40645900;
202300024214.0;5;75;75103;2;3;2.0;3.0;48,85925300;2,36759000;
202300024215.0;5;92;92012;2;2;1.0;3.0;48,85032000;2,23773000;
202300024216.0;2;51;51203;1;1;1.0;6.0;49,04974600;4,44949500;
202300024217.0;1;93;93046;2;2;1.0;3.0;48,91815400;2,52171500;
202300024218.0;1;94;94081;2;3;8.0;3.0;48,78730638;2,38649520;
202300024219.0;3;62;62149;1;1;2.0;7.0;50,75000600;2,08334700;
202300024220.0;5;94;94074;2;1;8.0;6.0;48,75131000;2,46481000;
202300024221.0;1;93;93063;2;3;1.0;6.0;48,88482000;2,43101000;
202300024222.0;2;972;97223;2;4;1.0;1.0;14,55846500; -60,94280400;
202300024223.0;2;93;93049;2;2;2.0;6.0;48,85247900;2,51148200;
202300024224.0;1;68;68106;1;1;1.0;7.0;47,88997400;7,11315400;
202300024225.0;1;972;97227;2;1;1.0;6.0;14,46886100; -60,91914700;
202300024226.0;1;93;93031;2;2;1.0;3.0;48,94720600;2,34262700;
202300024227.0;1;94;94038;2;3;2.0;6.0;48,77659000;2,35916000;
202300024228.0;3;35;35152;1;1;3.0;3.0;48,23410700; -1,48160900;
202300024229.0;1;71;71456;1;1;1.0;1.0;46,81584800;5,02283300;
202300024230.0;1;94;94028;2;1;1.0;6.0;48,77291000;2,43448000;
202300024231.0;1;92;92020;2;6;1.0;3.0;48,80231734;2,29678622;
202300024232.0;1;94;94077;2;1;2.0;6.0;48,73139500;2,41522300;
202300024233.0;1;38;38342;1;1;1.0;7.0;44,90043900;5,61538200;
202300024234.0;2;93;93073;2;2;2.0;3.0;48,95288000;2,58949000;
202300024235.0;3;92;92035;2;3;1.0;3.0;48,90225000;2,23950000;
202300024236.0;1;62;62422;2;5;1.0;6.0;50,12670600;2,63417700;
202300024237.0;1;93;93078;2;1;2.0;3.0;48,95671000;2,56155000;
202300024238.0;1;92;92035;2;2;2.0;3.0;48,90685000;2,23885000;
202300024239.0;1;22;22175;1;2;7.0;3.0;48,49293300; -2,40662800;
202300024240.0;1;93;93078;2;2;2.0;3.0;48,95818000;2,55833000;
202300024241.0;5;92;92023;2;2;1.0;3.0;48,77924000;2,22848000;
202300024242.0;3;30;30117;1;1;5.0;7.0;43,72272200;4,54598000;
202300024243.0;1;93;93066;2;1;2.0;6.0;48,93753107;2,37421900;
202300024244.0;1;34;34270;2;2;1.0;3.0;43,57648900;3,83775300;
202300024245.0;1;30;30060;2;6;1.0;7.0;43,79399100;4,38478900;
202300024246.0;5;92;92012;2;1;1.0;6.0;48,84051143;2,23961806;
202300024247.0;3;93;93048;2;3;2.0;3.0;48,86187000;2,43712000;
202300024248.0;3;51;51625;1;1;3.0;3.0;48,75799200;3,41428000;
202300024249.0;1;83;83087;2;1;1.0;2.0;43,37738600;5,78505300;
202300024250.0;2;93;93006;2;2;1.0;3.0;48,87425000;2,42804000;
202300024251.0;1;19;19055;1;1;2.0;6.0;45,45016300;2,31080900;
202300024252.0;1;976;97610;1;1;2.0;1.0; -12,74748200;45,22793900;
202300024253.0;1;65;65128;1;1;1.0;6.0;43,18430800;0,34531800;
202300024254.0;3;83;83096;1;1;1.0;1.0;43,46341300;5,80925200;
202300024255.0;5;93;93047;2;2;1.0;3.0;48,90646000;2,58785000;
202300024256.0;3;08;08339;1;1;2.0;6.0;49,42680900;4,34943800;
202300024257.0;1;62;62080;2;1;1.0;6.0;50,10642600;2,85284000;
202300024258.0;1;11;11304;1;1;1.0;1.0;42,89977228;2,16734355;
202300024259.0;1;93;93010;2;1;2.0;2.0;48,90687227;2,48703539;
202300024260.0;1;63;63432;2;1;2.0;6.0;45,97339700;3,25650200;
202300024261.0;1;93;93008;2;2;2.0;3.0;48,89570000;2,42623000;
202300024262.0;5;86;86272;1;2;2.0;3.0;46,82841200;0,46572800;
202300024263.0;1;51;51409;1;2;1.0;2.0;48,87934400;4,28731300;
202300024264.0;1;41;41049;1;1;2.0;1.0;47,32679600;1,49227400;
202300024265.0;1;93;93001;2;9;2.0;3.0;48,90623760;2,39476740;
202300024266.0;1;56;56052;2;1;1.0;6.0;47,52082530; -2,57739544;
202300024267.0;1;21;21021;1;9;1.0;6.0;47,34753200;5,16339200;
202300024268.0;1;34;34130;1;2;6.0;3.0;43,50136400;3,18916500;
202300024269.0;2;43;43117;1;2;1.0;5.0;45,24986800;3,43478700;
202300024270.0;3;11;11262;1;1;1.0;6.0;43,22416100;3,04525100;
202300024271.0;3;37;37261;1;4;2.0;2.0;47,39148900;0,70592500;
202300024272.0;1;68;68138;2;2;2.0;3.0;47,58575300;7,25879300;
202300024273.0;3;51;51527;1;1;8.0;1.0;49,25804910;3,78746688;
202300024274.0;1;63;63283;1;1;5.0;6.0;45,85673100;2,66970400;
202300024275.0;5;68;68145;2;1;1.0;3.0;48,08137800;7,39232400;
202300024276.0;1;2B;2B218;1;1;1.0;6.0;42,21198300;9,31943700;
202300024277.0;1;22;22366;2;1;2.0;6.0;48,60390700; -3,61182000;
202300024278.0;5;2B;2B050;1;1;1.0;7.0;42,54925500;8,78352600;
202300024279.0;3;974;97404;1;6;1.0;7.0; -21,26252000;55,33907400;
202300024280.0;1;63;63239;2;1;1.0;3.0;45,70315800;3,35742800;
202300024281.0;1;22;22147;2;1;1.0;1.0;48,19104400; -2,40956000;
202300024282.0;1;61;61309;1;1;1.0;6.0;48,39531100;0,62796100;
202300024283.0;1;972;97227;1;1;1.0;6.0;14,50022200; -60,98173900;
202300024284.0;4;63;63073;1;1;4.0;7.0;45,57829200;3,17528100;
202300024285.0;1;35;35068;2;1;2.0;1.0;48,11115600; -1,38422900;
202300024286.0;1;51;51029;2;1;1.0;7.0;48,97917800;4,02847400;
202300024287.0;3;49;49125;2;4;1.0;7.0;47,18307400; -0,26441200;
202300024288.0;2;47;47100;2;1;1.0;6.0;44,23690900;0,64899300;
202300024289.0;2;56;56193;1;1;2.0;6.0;47,71676400; -3,29810900;
202300024290.0;3;34;34028;2;1;4.0;7.0;43,62135100;3,15391300;
202300024291.0;1;2A;2A017;1;1;1.0;6.0;42,01617400;8,72906700;
202300024292.0;1;44;44084;2;1;8.0;6.0;47,24096500; -1,34668800;
202300024293.0;1;35;35299;1;1;2.0;5.0;48,65285700; -1,93157100;
202300024294.0;2;12;12182;1;1;1.0;6.0;44,44499300;2,93601900;
202300024295.0;3;44;44192;1;1;1.0;7.0;47,25092900; -2,01481100;
202300024296.0;3;47;47119;1;1;1.0;6.0;44,19429800; -0,00815400;
202300024297.0;1;58;58079;1;1;8.0;2.0;47,45171500;3,48884600;
202300024298.0;1;29;29062;1;1;1.0;6.0;48,16287600; -4,01139400;
202300024299.0;1;32;32256;2;1;3.0;1.0;43,51211200;0,40644000;
202300024300.0;1;58;58122;1;1;6.0;6.0;47,28237300;3,07299600;
202300024301.0;4;03;03223;2;4;5.0;3.0;46,14603100;3,55090100;
202300024302.0;1;41;41296;1;2;1.0;3.0;47,62188700;2,07609400;
202300024303.0;1;89;89276;1;1;2.0;1.0;48,05313500;3,79923100;
202300024304.0;1;06;06059;1;1;1.0;3.0;43,73067000;7,37419200;
202300024305.0;1;49;49339;1;1;2.0;6.0;47,56138400; -0,54697200;
202300024306.0;1;34;34194;2;3;1.0;3.0;43,53985800;3,45840500;
202300024307.0;3;01;01258;1;2;1.0;3.0;46,09617000;4,81095400;
202300024308.0;1;60;60577;2;1;1.0;1.0;49,43806400;1,74997000;
202300024309.0;1;58;58250;1;1;1.0;6.0;46,85194500;3,45718500;
202300024310.0;1;34;34036;2;1;1.0;6.0;43,70121000;3,37154700;
202300024311.0;2;12;12288;1;3;8.0;3.0;44,43021900;2,45090600;
202300024312.0;3;14;14290;2;1;1.0;6.0;49,06867683; -0,36797628;
202300024313.0;1;18;18223;1;1;1.0;2.0;47,22015800;2,39587200;
202300024314.0;1;39;39478;2;1;1.0;6.0;46,37848300;5,84885200;
202300024315.0;1;18;18242;1;1;1.0;1.0;46,81769400;2,91433800;
202300024316.0;3;16;16082;2;1;1.0;6.0;45,47849456;0,21320676;
202300024317.0;1;39;39510;1;1;1.0;6.0;46,36862700;5,91519000;
202300024318.0;3;47;47173;1;4;1.0;1.0;44,42943600;0,49404700;
202300024319.0;1;10;10401;2;4;1.0;3.0;48,23089700;4,47253400;
202300024320.0;2;39;39510;1;1;1.0;6.0;46,35959500;5,89886600;
202300024321.0;1;34;34142;1;1;1.0;7.0;43,69749500;3,33813800;
202300024322.0;1;21;21479;1;1;7.0;1.0;47,51450500;4,80006000;
202300024323.0;2;21;21154;2;1;8.0;6.0;47,86496307;4,57424146;
202300024324.0;1;85;85289;1;1;1.0;7.0;46,61762500; -0,64995300;
202300024325.0;2;35;35069;2;1;2.0;6.0;48,05321400; -1,51192900;
202300024326.0;1;87;87097;1;1;2.0;1.0;46,04319400;0,87625600;
202300024327.0;2;85;85172;1;2;1.0;1.0;46,82416000; -1,94247400;
202300024328.0;3;35;35284;1;1;2.0;6.0;48,60672500; -1,97676400;
202300024329.0;1;34;34255;2;1;1.0;6.0;43,69042000;3,80729400;
202300024330.0;1;38;38257;1;6;1.0;3.0;45,48545100;5,39792400;
202300024331.0;3;27;27243;1;1;8.0;7.0;49,39714300;0,31342700;
202300024332.0;1;53;53267;1;1;8.0;7.0;48,05895800; -0,50466300;
202300024333.0;1;35;35243;1;1;1.0;1.0;48,36963131; -1,23882651;
202300024334.0;2;06;06088;1;1;1.0;6.0;43,69226600;7,18960800;
202300024335.0;1;02;02382;1;1;1.0;3.0;49,85113200;3,20282100;
202300024336.0;3;28;28098;1;2;3.0;3.0;48,74341300;1,44676700;
202300024337.0;3;64;64545;1;1;4.0;6.0;43,35827700; -1,71103000;
202300024338.0;2;72;72150;1;1;1.0;7.0;48,11297500;0,23495100;
202300024339.0;3;38;38297;1;2;1.0;3.0;45,69858200;5,45211600;
202300024340.0;1;37;37083;2;2;3.0;1.0;47,26787300;0,83141500;
202300024341.0;3;14;14098;1;1;1.0;6.0;49,17601000; -0,52133900;
202300024342.0;3;64;64038;1;1;4.0;5.0;43,45359800; -1,52955900;
202300024343.0;1;14;14143;1;1;8.0;1.0;49,10010148; -0,78929714;
202300024344.0;1;60;60281;1;1;1.0;2.0;49,48475900;2,71355200;
202300024345.0;1;13;13044;1;9;1.0;3.0;43,62798400;5,05757300;
202300024346.0;1;18;18082;1;1;1.0;3.0;46,99190400;3,04705400;
202300024347.0;1;987;98749;2;9;1.0;7.0; -14,67300000; -144,89700000;
202300024348.0;1;07;07288;1;1;1.0;1.0;44,72295800;4,51927500;
202300024349.0;1;974;97410;1;1;3.0;1.0; -21,10492000;55,66757400;
202300024350.0;3;28;28298;1;1;3.0;7.0;48,59544300;1,54471600;
202300024351.0;1;10;10268;1;1;1.0;3.0;48,48474500;3,51336700;
202300024352.0;1;86;86297;1;2;6.0;4.0;46,60587400;0,26443900;
202300024353.0;1;978;97801;2;1;1.0;1.0;18,06534700; -63,07830300;
202300024354.0;1;10;10221;1;1;1.0;6.0;48,42302100;4,63406300;
202300024355.0;1;17;17003;1;6;1.0;2.0;46,10333700; -0,94054300;
202300024356.0;1;38;38343;1;1;1.0;6.0;45,57846900;5,63356200;
202300024357.0;1;78;78416;1;1;4.0;6.0;49,04786100;1,82898200;
202300024358.0;1;08;08383;1;1;3.0;7.0;49,33002400;4,95665000;
202300024359.0;1;66;66065;2;3;6.0;6.0;42,60124900;2,97446810;
202300024360.0;3;36;36053;1;1;1.0;6.0;46,67029685;1,26157997;
202300024361.0;1;988;98817;1;1;1.0;1.0; -22,19316700;166,71210100;
202300024362.0;1;13;13008;1;1;2.0;1.0;43,67908800;5,14936900;
202300024363.0;1;34;34052;1;1;1.0;1.0;43,31076200;3,03155800;
202300024364.0;1;83;83086;1;1;1.0;7.0;43,46777000;6,60011200;
202300024365.0;1;971;97118;1;9;1.0;3.0;16,17838700; -61,70612800;
202300024366.0;5;21;21347;1;2;1.0;1.0;46,99844600;4,86406800;
202300024367.0;3;11;11322;1;9;1.0;3.0;42,99391300;2,96836900;
202300024368.0;1;13;13041;2;9;1.0;6.0;43,45422929;5,46504334;
202300024369.0;2;38;38343;1;1;2.0;2.0;45,57542000;5,64045000;
202300024370.0;5;38;38087;2;2;1.0;3.0;45,58381500;4,78332800;
202300024371.0;1;66;66171;2;3;1.0;3.0;42,61696200;3,00067300;
202300024372.0;1;24;24528;1;1;1.0;1.0;45,47993400;0,66182400;
202300024373.0;1;32;32312;1;1;2.0;6.0;43,61423000;0,67791800;
202300024374.0;1;84;84003;2;1;1.0;6.0;43,87646200;5,39352000;
202300024375.0;3;27;27697;1;1;3.0;2.0;49,20728000;1,22188600;
202300024376.0;1;04;04107;1;1;1.0;7.0;43,86652700;6,29598100;
202300024377.0;1;22;22086;1;1;1.0;2.0;48,72437313; -3,02537441;
202300024378.0;5;83;83099;1;6;1.0;2.0;43,45580800;6,68956900;
202300024379.0;1;04;04084;1;1;1.0;6.0;43,94931200;6,17695600;
202300024380.0;1;59;59120;2;3;1.0;6.0;50,74527100;2,61592600;
202300024381.0;3;84;84129;1;1;1.0;5.0;43,99931300;4,88784300;
202300024382.0;1;85;85101;1;1;1.0;1.0;46,46679000; -1,40191000;
202300024383.0;3;59;59366;1;1;1.0;1.0;50,73050700;2,45591600;
202300024384.0;5;971;97117;1;1;1.0;1.0;16,29256900; -61,39710500;
202300024385.0;1;38;38474;1;1;1.0;2.0;45,22270700;5,65139300;
202300024386.0;1;13;13106;1;1;1.0;2.0;43,39968883;5,34920629;
202300024387.0;3;26;26038;1;1;1.0;6.0;45,01851800;4,93682000;
202300024388.0;1;37;37028;1;2;1.0;3.0;46,86023500;0,96501600;
202300024389.0;3;84;84067;2;1;1.0;2.0;44,06874000;5,01973300;
202300024390.0;2;13;13215;1;1;1.0;2.0;43,37545956;5,36019444;
202300024391.0;1;26;26220;2;9;1.0;1.0;44,36486300;5,12599600;
202300024392.0;3;37;37231;2;1;1.0;6.0;47,59440316;0,49790919;
202300024393.0;5;94;94034;1;1;2.0;2.0;48,75720178;2,32940447;
202300024394.0;1;88;88075;1;1;1.0;7.0;48,03918400;7,00773200;
202300024395.0;1;73;73030;2;1;1.0;6.0;45,57071100;5,97601500;
202300024396.0;1;26;26170;1;2;1.0;3.0;44,91365700;4,96033800;
202300024397.0;1;91;91286;1;1;8.0;4.0;48,65610000;2,37817000;
202300024398.0;1;44;44026;1;1;1.0;7.0;47,29159047; -1,46543026;
202300024399.0;1;42;42149;2;2;1.0;6.0;45,64318600;4,23207500;
202300024400.0;1;91;91340;1;1;1.0;3.0;48,59904000;2,44031000;
202300024401.0;1;11;11262;1;1;1.0;6.0;43,16255600;3,01154100;
202300024402.0;1;22;22070;2;2;2.0;3.0;48,56318900; -3,16068000;
202300024403.0;1;92;92047;1;1;2.0;3.0;48,83351336;2,16261282;
202300024404.0;1;19;19146;1;1;1.0;2.0;45,32942112;1,76579136;
202300024405.0;3;60;60454;1;1;1.0;6.0;49,39240964;2,32141729;
202300024406.0;1;971;97126;2;2;1.0;3.0;15,95557600; -61,31738200;
202300024407.0;3;78;78423;1;1;1.0;2.0;48,79854000;2,00022000;
202300024408.0;1;95;95018;1;1;1.0;6.0;48,95186906;2,27956653;
202300024409.0;1;45;45212;1;1;1.0;6.0;47,90767700;2,81918400;
202300024410.0;5;95;95212;1;1;1.0;3.0;49,02528000;2,53638000;
202300024411.0;1;59;59497;1;2;2.0;7.0;50,71358400;2,37041800;
202300024412.0;2;95;95527;1;1;5.0;6.0;49,00317183;2,52470434;