Num_Acc;lum;departement;commune;agglomeration;intersection;meteo;type_collision;lat;long;date
202300024413.0;2;77;77272;1;1;1.0;6.0;48,55824700;3,14749700;
202300024414.0;1;17;17119;1;2;2.0;3.0;45,62671100; -0,86830600;
202300024415.0;3;95;95582;1;1;8.0;6.0;48,96440785;2,26199961;
202300024416.0;1;86;86194;2;7;2.0;6.0;46,56527800;0,34332000;
202300024417.0;1;95;95572;1;1;2.0;6.0;49,03178837;2,11674035;
202300024418.0;3;34;34058;2;1;1.0;6.0;43,67441000;3,98850300;
202300024419.0;1;24;24037;2;7;1.0;6.0;44,85500000;0,48200000;
202300024420.0;2;33;33272;1;1;2.0;1.0;45,07561600; -0,38637200;
202300024421.0;1;93;93027;1;1;1.0;6.0;48,93447350;2,39765242;
202300024422.0;5;72;72181;2;1;1.0;6.0;47,99410000;0,22440000;
202300024423.0;2;95;95018;1;1;8.0;6.0;48,94967230;2,28022080;
202300024424.0;1;83;83112;1;3;1.0;3.0;43,19940400;5,72679500;
202300024425.0;1;27;27229;2;1;1.0;6.0;49,02225000;1,14748000;
202300024426.0;1;29;29042;1;1;3.0;2.0;48,24868197; -4,46472012;
202300024427.0;3;94;94022;1;1;1.0;4.0;48,77669983;2,41635026;
202300024428.0;1;08;08316;2;1;1.0;7.0;49,80788200;4,79086900;
202300024429.0;1;77;77053;2;1;1.0;6.0;48,70263000;2,60145000;
202300024430.0;3;94;94069;1;1;5.0;3.0;48,81694401;2,45457186;
202300024431.0;1;69;69091;1;1;1.0;2.0;45,57915127;4,73129142;
202300024432.0;5;68;68262;2;1;1.0;6.0;47,88059700;7,01159100;
202300024433.0;1;973;97302;2;1;1.0;3.0;4,93805000; -52,29900000;
202300024434.0;5;62;62826;2;2;8.0;6.0;50,49288100;1,60852100;
202300024435.0;1;973;97302;2;1;1.0;6.0;4,91982776; -52,31931245;
202300024436.0;1;33;33119;2;2;8.0;6.0;44,85344134; -0,50596386;
202300024437.0;1;57;57482;1;3;1.0;1.0;49,10201331;6,31143093;
202300024438.0;1;29;29019;2;1;1.0;6.0;48,40278200; -4,50147700;
202300024439.0;2;972;97213;2;3;1.0;3.0;14,61800000; -60,99600000;
202300024440.0;3;974;97416;2;1;8.0;6.0; -21,29480000;55,44638000;
202300024441.0;1;73;73316;1;3;1.0;6.0;45,48590900;6,14579400;
202300024442.0;5;972;97209;1;9;1.0;3.0;14,61537000; -61,06193000;
202300024443.0;1;974;97411;2;3;2.0;3.0; -20,88870000;55,44639000;
202300024444.0;1;54;54312;1;1;8.0;5.0;48,93656900;6,11224500;
202300024445.0;1;38;38236;2;3;1.0;7.0;45,40484600;5,69200700;
202300024446.0;1;69;69389;2;3;8.0;6.0;45,78937890;4,79332973;
202300024447.0;1;974;97411;2;9;2.0;3.0; -20,89254000;55,48329000;
202300024448.0;1;38;38442;1;1;1.0;6.0;45,34991500;5,77042400;
202300024449.0;3;974;97407;2;9;2.0;6.0; -20,95799000;55,31738000;
202300024450.0;5;971;97113;2;9;1.0;3.0;16,24257061; -61,47387028;
202300024451.0;1;26;26307;1;1;1.0;7.0;45,01405800;5,25062800;
202300024452.0;3;33;33075;1;1;1.0;2.0;44,88461546; -0,62193453;
202300024453.0;5;69;69387;2;1;1.0;7.0;45,74995736;4,85158579;
202300024454.0;1;95;95210;2;1;2.0;3.0;48,97416900;2,30557400;
202300024455.0;1;07;07133;1;1;1.0;6.0;44,45222500;4,61078200;
202300024456.0;1;972;97209;2;9;1.0;6.0;14,60392400; -61,06571700;
202300024457.0;1;31;31395;2;1;1.0;6.0;43,45900400;1,33249700;
202300024458.0;1;33;33550;1;1;1.0;4.0;44,78610578; -0,54146558;
202300024459.0;5;69;69034;2;3;2.0;3.0;45,79434000;4,82781000;
202300024460.0;1;91;91514;2;6;2.0;3.0;48,67817000;2,52710000;
202300024461.0;1;33;33238;2;9;1.0;1.0;44,74430400; -0,58395000;
202300024462.0;1;33;33550;1;1;1.0;6.0;44,77812502; -0,55844933;
202300024463.0;1;971;97101;2;1;1.0;6.0;16,25543000; -61,53056000;
202300024464.0;1;49;49138;1;1;1.0;3.0;47,43288100; -0,14915200;
202300024465.0;5;87;87085;2;2;1.0;3.0;45,84235000;1,25517000;
202300024466.0;1;59;59447;1;1;3.0;6.0;50,37453000;3,60512000;
202300024467.0;1;22;22260;1;1;1.0;5.0;48,23746500; -2,90005800;
202300024468.0;1;94;94076;1;1;1.0;2.0;48,79081730;2,34457243;
202300024469.0;1;91;91692;2;1;8.0;4.0;48,67965600;2,16283900;
202300024470.0;1;91;91521;1;1;1.0;2.0;48,63730000;2,39930000;
202300024471.0;1;76;76024;1;1;1.0;2.0;49,75369800;1,26190400;
202300024472.0;5;91;91174;2;1;1.0;6.0;48,61138000;2,46126000;
202300024473.0;1;91;91228;2;1;1.0;6.0;48,62977000;2,45162000;
202300024474.0;1;91;91689;1;1;1.0;3.0;48,74849000;2,32670000;
202300024475.0;1;02;02290;2;1;1.0;6.0;49,04654600;3,35274000;
202300024476.0;5;77;77449;2;2;2.0;1.0;48,85383105;2,77364032;
202300024477.0;5;91;91228;2;2;2.0;6.0;48,62484000;2,42687000;
202300024478.0;5;77;77186;2;1;3.0;6.0;48,40061000;2,70741000;
202300024479.0;1;62;62318;2;2;7.0;3.0;50,51906800;1,64679100;
202300024480.0;3;92;92036;1;1;1.0;2.0;48,93576409;2,28722247;
202300024481.0;5;91;91521;2;1;1.0;2.0;48,64557000;2,40432000;
202300024482.0;5;76;76540;2;4;2.0;6.0;49,42840500;1,07086100;
202300024483.0;1;78;78043;1;1;2.0;6.0;48,84122000;2,09384200;
202300024484.0;3;13;13211;1;1;1.0;2.0;43,28940300;5,44233700;
202300024485.0;1;84;84003;2;3;1.0;3.0;43,87630400;5,39986100;
202300024486.0;5;77;77372;1;1;1.0;2.0;48,87593751;2,66912639;
202300024487.0;1;13;13005;1;1;1.0;2.0;43,28568759;5,53017212;
202300024488.0;1;76;76217;2;3;1.0;3.0;49,91364000;1,07510000;
202300024489.0;3;84;84054;1;1;1.0;6.0;43,91193100;5,03418400;
202300024490.0;1;91;91044;2;1;1.0;2.0;48,66425200;2,27772400;
202300024491.0;1;38;38184;1;1;1.0;2.0;45,65922000;5,07616000;
202300024492.0;1;72;72181;2;1;1.0;2.0;48,01151100;0,19799300;
202300024493.0;1;84;84119;2;6;1.0;1.0;43,95688900;4,93085000;
202300024494.0;1;69;69389;1;1;1.0;2.0;45,76698000;4,79729000;
202300024495.0;5;91;91521;2;3;1.0;3.0;48,65809000;2,41180000;
202300024496.0;5;69;69259;2;9;1.0;3.0;45,69521000;4,87649000;
202300024497.0;1;83;83081;1;3;1.0;3.0;43,60576300;6,76636200;
202300024498.0;1;94;94034;1;1;1.0;2.0;48,75979435;2,32184781;
202300024499.0;1;91;91249;1;1;1.0;7.0;48,60208400;2,06797800;
202300024500.0;1;67;67482;2;1;1.0;3.0;48,58228800;7,76529200;
202300024501.0;1;52;52276;1;1;1.0;1.0;48,09280700;5,21159600;
202300024502.0;1;91;91434;1;1;1.0;4.0;48,66806000;2,35617000;
202300024503.0;1;64;64348;2;1;1.0;3.0;43,32645000; -0,38912000;
202300024504.0;3;74;74063;1;1;1.0;7.0;46,22863000;6,79101000;
202300024505.0;1;94;94016;1;1;1.0;3.0;48,79696969;2,34384666;
202300024506.0;1;59;59512;2;1;2.0;3.0;50,69256000;3,17092000;
202300024507.0;1;54;54395;2;2;1.0;6.0;48,69228000;6,18714000;
202300024508.0;1;92;92036;1;1;1.0;2.0;48,93370714;2,27422190;
202300024509.0;1;54;54229;2;2;8.0;3.0;48,47401842;6,69182181;
202300024510.0;1;74;74281;2;4;1.0;1.0;46,38613400;6,48362900;
202300024511.0;1;95;95252;1;1;1.0;6.0;48,98640000;2,21139000;
202300024512.0;5;54;54395;2;9;1.0;6.0;48,68985000;6,20317000;
202300024513.0;1;69;69094;1;1;1.0;6.0;45,75001700;4,69626900;
202300024514.0;3;95;95277;1;1;1.0;6.0;48,97287000;2,48507000;
202300024515.0;1;69;69067;1;1;7.0;6.0;45,74955100;4,56244800;
202300024516.0;1;54;54439;2;1;1.0;6.0;48,70614200;6,26104100;
202300024517.0;1;93;93005;1;1;1.0;2.0;48,94598218;2,47643491;
202300024518.0;1;51;51454;2;2;2.0;3.0;49,24700000;4,01585000;
202300024519.0;3;33;33284;1;1;1.0;6.0;44,58673900; -0,94612800;
202300024520.0;1;51;51454;2;1;2.0;6.0;49,21181000;4,01774000;
202300024521.0;2;49;49020;1;1;1.0;6.0;47,48324300; -0,63363400;
202300024522.0;1;74;74099;2;6;1.0;6.0;45,87782400;6,63688100;
202300024523.0;1;51;51454;2;1;2.0;6.0;49,25104000;4,03521000;
202300024524.0;1;77;77450;1;1;1.0;4.0;48,71728600;2,59931800;
202300024525.0;5;60;60462;2;1;2.0;2.0;49,33312284;2,19869471;
202300024526.0;5;51;51454;2;1;2.0;6.0;49,21937651;4,02095720;
202300024527.0;1;51;51454;2;1;1.0;6.0;49,24503000;4,01696000;
202300024528.0;1;13;13071;1;1;1.0;3.0;43,39721579;5,28706226;
202300024529.0;1;74;74263;2;3;1.0;1.0;46,33341000;6,38764300;
202300024530.0;1;77;77294;1;1;1.0;4.0;48,96535100;2,60879800;
202300024531.0;1;50;50129;2;3;2.0;3.0;49,64055000; -1,58041000;
202300024532.0;1;72;72181;2;1;1.0;6.0;48,01238000;0,20592000;
202300024533.0;2;74;74001;1;1;1.0;6.0;46,28664200;6,74388500;
202300024534.0;1;13;13070;1;1;1.0;2.0;43,28584555;5,51204403;
202300024535.0;5;50;50129;2;2;1.0;1.0;49,63441000; -1,60231000;
202300024536.0;1;13;13005;1;1;1.0;3.0;43,28360380;5,57425215;
202300024537.0;1;73;73011;2;6;1.0;3.0;45,66703000;6,38151000;
202300024538.0;1;45;45302;2;6;2.0;2.0;47,95104000;1,88067000;
202300024539.0;1;74;74082;1;2;7.0;1.0;46,13696500;6,16130200;
202300024540.0;1;13;13005;1;1;1.0;3.0;43,28497689;5,57087403;
202300024541.0;1;973;97302;2;1;1.0;3.0;4,93681000; -52,31477000;
202300024542.0;1;45;45004;2;1;2.0;3.0;47,97500918;2,73341453;
202300024543.0;1;74;74007;1;9;1.0;1.0;46,07022200;6,32104400;
202300024544.0;1;13;13071;1;1;1.0;2.0;43,40439894;5,31594824;
202300024545.0;1;69;69386;2;2;1.0;1.0;45,77110000;4,84850000;
202300024546.0;5;38;38185;2;2;2.0;6.0;45,18268000;5,70970000;
202300024547.0;1;74;74042;2;1;1.0;6.0;46,07296300;6,42028000;
202300024548.0;1;83;83137;1;1;1.0;6.0;43,12632894;5,88709760;
202300024549.0;1;38;38185;2;1;8.0;3.0;45,17147000;5,72414000;
202300024550.0;1;74;74096;1;1;1.0;7.0;46,02394300;6,10191800;
202300024551.0;1;83;83137;2;1;1.0;2.0;43,13206649;5,98119387;
202300024552.0;1;972;97213;1;1;1.0;5.0;14,64645000; -60,98954000;
202300024553.0;1;37;37261;2;2;2.0;3.0;47,42852000;0,69030000;
202300024554.0;1;74;74033;1;1;1.0;7.0;46,35237800;6,63893900;
202300024555.0;4;33;33122;1;1;2.0;6.0;44,74872300; -0,69764400;
202300024556.0;1;69;69389;2;1;1.0;3.0;45,79635000;4,81974000;
202300024557.0;1;35;35238;2;1;1.0;6.0;48,10218566; -1,71201378;
202300024558.0;1;62;62274;1;1;1.0;2.0;50,43344000;2,97836000;
202300024559.0;1;74;74001;1;3;1.0;3.0;46,28930800;6,74760600;
202300024560.0;1;69;69385;2;1;7.0;6.0;45,75654969;4,79451618;
202300024561.0;1;35;35051;2;1;2.0;1.0;48,11208000; -1,61220000;
202300024562.0;1;74;74063;2;1;1.0;6.0;46,26595800;6,84153700;
202300024563.0;1;971;97105;2;1;1.0;6.0;15,99706000; -61,72245000;
202300024564.0;2;34;34172;2;2;1.0;3.0;43,58327000;3,88742000;
202300024565.0;1;74;74250;1;1;1.0;1.0;46,05538700;6,36884100;
202300024566.0;1;95;95088;1;1;1.0;2.0;48,97664000;2,43020000;
202300024567.0;1;33;33318;2;6;2.0;6.0;44,78160000; -0,67740000;
202300024568.0;5;59;59386;1;1;1.0;2.0;50,67063000;3,03698000;
202300024569.0;1;74;74299;2;1;2.0;3.0;45,89690800;6,16461800;
202300024570.0;5;31;31557;2;6;1.0;6.0;43,58710000;1,34915000;
202300024571.0;1;91;91312;1;1;2.0;7.0;48,74585000;2,22035000;
202300024572.0;1;74;74010;2;6;1.0;6.0;45,88865600;6,07643700;
202300024573.0;1;91;91228;1;1;2.0;2.0;48,62661000;2,41537000;
202300024574.0;3;74;74152;2;1;1.0;1.0;45,90442100;6,04134700;
202300024575.0;1;91;91114;2;1;7.0;6.0;48,69836000;2,50486000;
202300024576.0;1;91;91161;1;1;1.0;3.0;48,70219000;2,30810000;
202300024577.0;1;31;31483;2;6;1.0;3.0;43,09522000;0,73650000;
202300024578.0;1;74;74040;1;1;1.0;2.0;46,16657200;6,33948100;
202300024579.0;1;91;91027;1;1;1.0;3.0;48,71702000;2,37083000;
202300024580.0;2;13;13003;1;1;1.0;2.0;43,72198600;5,12984300;
202300024581.0;1;95;95488;1;1;2.0;4.0;49,01546000;2,14514000;
202300024582.0;1;91;91223;2;6;1.0;6.0;48,43730000;2,16312000;
202300024583.0;1;92;92036;1;1;1.0;3.0;48,94647077;2,28241919;
202300024584.0;1;974;97416;1;1;1.0;4.0; -21,30977000;55,49729000;
202300024585.0;5;87;87085;1;1;1.0;2.0;45,83295000;1,24893000;
202300024586.0;1;95;95572;1;1;1.0;6.0;49,03091888;2,12129607;
202300024587.0;1;974;97409;2;1;1.0;6.0; -20,93685000;55,64688000;
202300024588.0;1;86;86194;2;1;1.0;7.0;46,59215300;0,34800800;
202300024589.0;1;974;97409;2;1;1.0;6.0; -20,93221000;55,64408000;
202300024590.0;1;75;75112;1;1;2.0;5.0;48,81812100;2,45636900;
202300024591.0;1;83;83137;2;1;1.0;3.0;43,12830000;5,90052000;
202300024592.0;5;974;97407;2;1;1.0;6.0; -20,93465000;55,31635000;
202300024593.0;1;94;94044;1;1;2.0;6.0;48,75738975;2,47653199;
202300024594.0;1;974;97407;2;1;2.0;6.0; -20,93465000;55,31635000;
202300024595.0;1;83;83137;2;2;1.0;3.0;43,12561000;5,89693000;
202300024596.0;1;75;75112;1;1;1.0;5.0;48,81924200;2,45853100;
202300024597.0;1;78;78498;2;1;1.0;2.0;48,92751100;2,02544600;
202300024598.0;3;94;94069;1;1;1.0;3.0;48,81713893;2,44226193;
202300024599.0;1;76;76540;2;2;1.0;6.0;49,44043000;1,08658000;
202300024600.0;3;94;94022;1;1;1.0;3.0;48,77667160;2,41970908;
202300024601.0;1;76;76351;2;6;1.0;7.0;49,49157000;0,13257000;
202300024602.0;1;973;97309;1;3;1.0;3.0;4,91516000; -52,31068000;
202300024603.0;3;38;38276;2;6;1.0;7.0;45,56268900;5,30357700;
202300024604.0;1;38;38197;1;1;5.0;2.0;45,75527800;5,09194900;
202300024605.0;1;38;38287;1;1;1.0;7.0;45,42234600;5,47206700;
202300024606.0;1;973;97302;2;1;1.0;3.0;4,93877000; -52,30590000;
202300024607.0;1;38;38357;2;2;2.0;3.0;45,54432100;5,53397700;
202300024608.0;1;62;62765;2;3;1.0;3.0;50,75952000;2,27916000;
202300024609.0;5;69;69388;2;2;2.0;1.0;45,72685111;4,88542132;
202300024610.0;1;62;62765;2;9;1.0;3.0;50,74355100;2,25588800;
202300024611.0;1;74;74242;2;1;1.0;6.0;45,83305800;6,16765100;
202300024612.0;1;74;74173;2;9;1.0;6.0;45,85991300;6,63061400;
202300024613.0;3;74;74144;1;1;1.0;7.0;46,06380000;5,99142200;
202300024614.0;1;972;97213;2;1;1.0;3.0;14,61754000; -60,99509000;
202300024615.0;1;74;74238;1;1;1.0;3.0;46,24756700;6,63625700;
202300024616.0;1;74;74238;2;3;1.0;3.0;46,23743100;6,65220000;
202300024617.0;5;69;69034;2;1;2.0;6.0;45,79727000;4,85468000;
202300024618.0;1;74;74154;1;1;1.0;6.0;46,40430435;6,66594469;
202300024619.0;1;14;14209;1;2;1.0;3.0;49,27513100; -0,82147800;
202300024620.0;1;69;69389;2;1;2.0;6.0;45,78578000;4,80793000;
202300024621.0;3;69;69295;1;1;1.0;2.0;45,60497000;4,85957000;
202300024622.0;2;92;92051;1;1;1.0;6.0;48,87949912;2,27714643;
202300024623.0;1;75;75118;2;1;1.0;2.0;48,90075800;2,33718900;
202300024624.0;5;971;97113;2;9;1.0;2.0;16,21465000; -61,50179000;
202300024625.0;1;75;75120;2;1;1.0;3.0;48,86260800;2,41355300;
202300024626.0;1;75;75105;2;2;1.0;6.0;48,83865400;2,35783700;
202300024627.0;1;75;75119;2;4;1.0;6.0;48,89050900;2,38312800;
202300024628.0;1;2A;2A004;1;1;1.0;4.0;41,94156000;8,80773000;
202300024629.0;5;72;72003;2;1;2.0;7.0;47,97228000;0,15871000;
202300024630.0;1;75;75119;2;1;1.0;1.0;48,89885900;2,37812200;
202300024631.0;1;75;75118;2;2;1.0;3.0;48,89869900;2,35935800;
202300024632.0;1;95;95680;2;1;2.0;6.0;49,00754477;2,40146756;
202300024633.0;5;72;72181;1;1;3.0;5.0;47,95477000;0,17971000;
202300024634.0;1;75;75118;2;4;1.0;2.0;48,88707500;2,34754300;
202300024635.0;5;95;95019;2;6;2.0;6.0;48,98561600;2,42300000;
202300024636.0;1;75;75117;2;1;1.0;1.0;48,89277770;2,30173200;
202300024637.0;1;72;72181;2;1;1.0;1.0;48,01637000;0,14720000;
202300024638.0;5;91;91216;2;1;8.0;1.0;48,66719000;2,31314000;
202300024639.0;1;75;75116;2;2;1.0;6.0;48,87297200;2,29313100;
202300024640.0;5;69;69275;2;1;1.0;2.0;45,74807000;4,93773000;
202300024641.0;4;91;91027;2;1;9.0;6.0;48,71210000;2,38000000;
202300024642.0;1;75;75115;2;1;1.0;3.0;48,82922700;2,29806800;
202300024643.0;5;75;75115;2;1;1.0;6.0;48,85172400;2,28433900;
202300024644.0;1;91;91479;2;1;2.0;6.0;48,71298000;2,36487000;
202300024645.0;1;69;69276;1;6;2.0;6.0;45,68716528;4,86128717;
202300024646.0;1;91;91174;2;1;2.0;6.0;48,60780000;2,47087000;
202300024647.0;1;64;64483;2;1;1.0;6.0;43,38377000; -1,65385000;
202300024648.0;1;75;75113;2;2;1.0;2.0;48,83119800;2,35435400;
202300024649.0;1;75;75109;2;1;1.0;7.0;48,87937200;2,33142700;
202300024650.0;5;64;64335;2;9;1.0;2.0;43,31966716; -0,42389631;
202300024651.0;5;75;75109;2;3;1.0;6.0;48,87148200;2,34308000;
202300024652.0;1;91;91433;1;6;2.0;5.0;48,45767000;2,17679000;
202300024653.0;5;64;64102;2;1;1.0;7.0;43,48600000; -1,49009000;
202300024654.0;1;87;87085;2;1;1.0;7.0;45,83055000;1,27185000;
202300024655.0;1;75;75107;2;1;1.0;3.0;48,85523500;2,29454900;
202300024656.0;5;62;62041;2;1;1.0;6.0;50,29490000;2,78284000;
202300024657.0;3;87;87114;1;1;1.0;6.0;45,84321000;1,33614000;
202300024658.0;1;75;75101;2;1;1.0;3.0;48,86439100;2,34415700;
202300024659.0;3;59;59599;2;1;1.0;6.0;50,72168900;3,15879200;
202300024660.0;5;87;87085;2;1;1.0;6.0;45,83201000;1,25087000;
202300024661.0;1;75;75101;2;2;1.0;2.0;48,86394300;2,33519900;
202300024662.0;1;87;87085;2;1;1.0;7.0;45,83590000;1,26952000;
202300024663.0;2;59;59350;2;3;8.0;3.0;50,61318000;3,06245000;
202300024664.0;1;94;94081;2;2;1.0;6.0;48,78158000;2,37255000;
202300024665.0;1;87;87085;2;2;2.0;3.0;45,82747000;1,22635000;
202300024666.0;5;57;57227;2;6;1.0;1.0;49,18409600;6,91166300;
202300024667.0;1;94;94041;2;9;1.0;3.0;48,80688000;2,37502000;
202300024668.0;2;87;87085;1;1;2.0;4.0;45,82322000;1,28689000;
202300024669.0;5;56;56083;2;6;2.0;6.0;47,80004000; -3,26004000;
202300024670.0;5;94;94028;2;9;1.0;1.0;48,77587000;2,44037000;
202300024671.0;2;86;86194;2;1;2.0;6.0;46,60837500;0,31991200;
202300024672.0;1;93;93072;2;2;1.0;3.0;48,94976000;2,38599000;
202300024673.0;5;54;54395;2;1;1.0;3.0;48,69069569;6,17120504;
202300024674.0;2;84;84007;2;1;1.0;3.0;43,95079000;4,80222000;
202300024675.0;5;93;93070;2;1;1.0;2.0;48,91670273;2,32610534;
202300024676.0;1;54;54578;2;3;1.0;6.0;48,65833806;6,11113697;
202300024677.0;5;84;84007;2;1;1.0;2.0;43,92618000;4,80947000;
202300024678.0;1;93;93053;2;7;7.0;3.0;48,89019000;2,45311000;
202300024679.0;1;93;93051;2;3;1.0;6.0;48,84782000;2,57650000;
202300024680.0;1;84;84007;2;6;1.0;3.0;43,93933000;4,82126000;
202300024681.0;1;54;54575;2;3;1.0;1.0;49,47185000;5,83391300;
202300024682.0;1;93;93077;2;2;1.0;3.0;48,88713000;2,51677000;
202300024683.0;5;51;51454;2;1;1.0;7.0;49,22229000;4,10811000;
202300024684.0;1;84;84007;2;4;1.0;6.0;43,94550000;4,83612000;
202300024685.0;4;92;92022;2;1;1.0;1.0;48,80681000;2,18552000;
202300024686.0;5;50;50129;2;6;1.0;6.0;49,66134000; -1,68161000;
202300024687.0;5;83;83069;2;2;1.0;7.0;43,09515233;6,13666579;
202300024688.0;1;92;92050;2;3;1.0;1.0;48,88827890;2,19340235;
202300024689.0;2;49;49007;2;1;1.0;3.0;47,47310000; -0,60237000;
202300024690.0;5;92;92036;2;3;1.0;6.0;48,91741984;2,30752273;
202300024691.0;5;49;49007;2;1;1.0;3.0;47,46975000; -0,56164000;
202300024692.0;5;83;83069;2;1;1.0;6.0;43,12240000;6,14220000;
202300024693.0;1;92;92071;2;1;1.0;7.0;48,77218000;2,31231000;
202300024694.0;1;92;92032;2;1;1.0;6.0;48,78825640;2,29340851;
202300024695.0;2;49;49007;2;1;1.0;3.0;47,45301000; -0,53857000;
202300024696.0;1;83;83061;2;6;1.0;3.0;43,44322000;6,73923000;
202300024697.0;1;92;92007;2;1;1.0;3.0;48,79622000;2,32187000;
202300024698.0;5;45;45169;2;1;1.0;3.0;47,90070000;1,85190000;
202300024699.0;1;80;80021;2;3;1.0;3.0;49,91998000;2,29124000;
202300024700.0;1;92;92004;2;2;1.0;3.0;48,90489000;2,28774000;
202300024701.0;5;37;37122;2;1;2.0;6.0;47,34853000;0,66142000;
202300024702.0;2;78;78624;2;1;2.0;6.0;48,97870800;2,01350200;
202300024703.0;1;39;39393;1;2;1.0;3.0;46,78368600;6,02463800;
202300024704.0;5;35;35115;2;1;1.0;6.0;48,34718300; -1,19581500;
202300024705.0;1;77;77479;2;1;2.0;6.0;48,87384000;2,63792000;
202300024706.0;1;74;74010;1;9;1.0;6.0;45,89562400;6,08710200;
202300024707.0;1;34;34129;2;1;7.0;6.0;43,55695000;3,87572000;
202300024708.0;1;77;77276;1;1;3.0;1.0;48,91635700;2,87521200;
202300024709.0;1;17;17152;1;3;1.0;3.0;45,54997800; -0,79060800;
202300024710.0;5;33;33318;2;1;1.0;1.0;44,80851000; -0,64339000;
202300024711.0;1;76;76351;2;3;2.0;6.0;49,52061000;0,11071000;
202300024712.0;1;41;41234;1;1;3.0;1.0;47,55496400;1,12366300;
202300024713.0;5;33;33318;2;1;1.0;3.0;44,79514000; -0,61732000;
202300024714.0;1;76;76351;2;2;2.0;1.0;49,51840000;0,11668000;
202300024715.0;3;42;42338;1;2;1.0;3.0;46,08984100;4,11653600;
202300024716.0;1;33;33281;2;3;1.0;5.0;44,84888000; -0,66402000;
202300024717.0;5;76;76351;2;2;1.0;3.0;49,49588000;0,11902000;
202300024718.0;1;12;12033;2;1;1.0;4.0;44,47069100;2,72964700;
202300024719.0;5;29;29039;2;1;2.0;6.0;47,89375900; -3,91558600;
202300024720.0;2;73;73011;1;1;2.0;5.0;45,66117000;6,41458000;
202300024721.0;1;01;01209;2;1;1.0;1.0;46,11493000;5,88269800;
202300024722.0;5;67;67106;2;1;1.0;6.0;48,75623100;7,96321000;
202300024723.0;1;72;72003;2;9;3.0;1.0;47,94631000;0,14206000;
202300024724.0;1;34;34270;1;1;3.0;2.0;43,55921600;3,84899100;
202300024725.0;5;69;69266;2;2;2.0;6.0;45,78159895;4,88661517;
202300024726.0;3;76;76361;1;1;1.0;6.0;49,61303200;0,15584700;
202300024727.0;3;17;17415;1;1;8.0;1.0;45,72609000; -0,65235000;
202300024728.0;1;2B;2B342;1;9;1.0;2.0;41,93965300;9,39333200;
202300024729.0;5;69;69256;2;1;2.0;3.0;45,74836704;4,92028606;
202300024730.0;1;15;15014;2;1;1.0;6.0;44,91067000;2,44444000;
202300024731.0;1;33;33296;1;1;1.0;6.0;44,82242500; -0,04242600;
202300024732.0;1;69;69290;2;6;2.0;6.0;45,69715000;4,90224000;
202300024733.0;1;81;81101;1;1;1.0;3.0;43,99036000;2,17445600;
202300024734.0;5;69;69290;2;1;1.0;6.0;45,68842024;4,93208368;
202300024735.0;1;71;71370;1;1;1.0;1.0;46,56305000;4,02039000;
202300024736.0;5;13;13103;2;3;1.0;3.0;43,63954000;5,10254000;
202300024737.0;1;69;69290;2;1;8.0;3.0;45,69177000;4,94633000;
202300024738.0;1;46;46086;1;1;1.0;6.0;44,96348500;1,56297700;
202300024739.0;5;13;13214;2;1;1.0;1.0;43,33124000;5,37408000;
202300024740.0;2;44;44116;2;1;1.0;6.0;47,28344300; -2,03243300;
202300024741.0;2;69;69091;2;1;2.0;1.0;45,59157378;4,73840557;
202300024742.0;1;13;13203;2;2;1.0;1.0;43,30904000;5,37837000;
202300024743.0;1;66;66136;2;1;1.0;6.0;42,72852000;2,88833000;
202300024744.0;1;29;29158;2;2;1.0;1.0;47,81972262; -4,35787618;
202300024745.0;1;63;63300;2;1;2.0;6.0;45,89032000;3,11815000;
202300024746.0;1;13;13211;2;1;1.0;6.0;43,29390000;5,44570000;
202300024747.0;1;84;84017;1;2;1.0;3.0;44,11676900;5,19190900;
202300024748.0;5;12;12145;2;1;2.0;3.0;44,10178150;3,07510239;
202300024749.0;2;63;63300;1;9;1.0;3.0;45,90778000;3,09437000;
202300024750.0;1;70;70056;2;4;1.0;3.0;47,78635600;6,01117900;
202300024751.0;1;10;10387;2;1;1.0;7.0;48,29423000;4,07262000;
202300024752.0;1;70;70428;2;1;7.0;6.0;47,65293600;6,12346700;
202300024753.0;1;63;63113;2;3;1.0;1.0;45,77273000;3,07832000;
202300024754.0;1;58;58110;1;1;1.0;7.0;47,17945300;3,73547200;
202300024755.0;1;62;62178;2;6;1.0;7.0;50,49361000;2,57174200;
202300024756.0;1;06;06069;2;1;1.0;2.0;43,66119990;6,92413100;
202300024757.0;3;45;45272;1;1;1.0;6.0;47,83461400;1,91695300;
202300024758.0;5;58;58194;2;1;2.0;1.0;46,99233000;3,14942000;
202300024759.0;1;05;05061;2;1;1.0;6.0;44,54166000;6,06459000;
202300024760.0;1;64;64555;2;1;1.0;3.0;43,34688700; -0,79353700;
202300024761.0;4;58;58194;2;3;2.0;6.0;46,98880000;3,16327000;
202300024762.0;3;64;64123;1;1;3.0;6.0;43,46102200; -1,14435100;