Num_Acc;lum;departement;commune;agglomeration;intersection;meteo;type_collision;lat;long;date
202300024763.0;1;73;73007;1;4;1.0;3.0;45,56277200;6,27528500;
202300024764.0;2;03;03185;2;2;1.0;6.0;46,32810000;2,60872000;
202300024765.0;1;43;43163;1;1;1.0;7.0;45,25558500;4,40026000;
202300024766.0;2;56;56083;2;1;2.0;6.0;47,80559000; -3,27485000;
202300024767.0;1;21;21500;1;1;1.0;6.0;47,50379000;4,45871100;
202300024768.0;5;56;56121;2;6;8.0;3.0;47,74780000; -3,36494000;
202300024769.0;1;02;02738;1;1;1.0;2.0;49,66396000;3,26418000;
202300024770.0;1;24;24133;1;4;7.0;1.0;45,54866300;0,99144100;
202300024771.0;5;54;54395;2;1;2.0;3.0;48,68841000;6,17341000;
202300024772.0;1;85;85154;1;1;1.0;6.0;46,67709800; -0,85917920;
202300024773.0;5;54;54547;2;1;3.0;6.0;48,66140000;6,17866000;
202300024774.0;1;75;75108;2;7;1.0;3.0;48,86667200;2,32202000;
202300024775.0;1;85;85295;2;2;1.0;6.0;46,98495000; -1,22876600;
202300024776.0;5;75;75106;2;1;2.0;3.0;48,84523100;2,32521700;
202300024777.0;4;54;54547;2;3;2.0;3.0;48,66055000;6,18582000;
202300024778.0;3;85;85146;1;2;1.0;3.0;46,92551250; -1,31374720;
202300024779.0;3;27;27267;1;1;1.0;3.0;49,24758200;0,67252600;
202300024780.0;1;75;75120;2;2;1.0;6.0;48,86830900;2,38819100;
202300024781.0;1;54;54395;2;3;1.0;3.0;48,68259000;6,16220000;
202300024782.0;1;27;27057;1;2;1.0;3.0;49,05958200;1,04076100;
202300024783.0;5;53;53130;2;1;1.0;6.0;48,07889000; -0,75410000;
202300024784.0;1;75;75119;2;2;1.0;2.0;48,89530500;2,37205200;
202300024785.0;1;30;30259;2;1;1.0;1.0;44,10853500;4,11591400;
202300024786.0;2;51;51454;2;2;8.0;3.0;49,26516600;4,02896300;
202300024787.0;5;75;75118;2;2;2.0;6.0;48,90069700;2,34420500;
202300024788.0;1;88;88304;2;1;1.0;2.0;48,29328700;6,13184100;
202300024789.0;1;35;35210;1;1;1.0;7.0;48,14334000; -1,77870000;
202300024790.0;1;50;50218;2;6;2.0;1.0;48,83270000; -1,57352000;
202300024791.0;5;75;75116;2;7;1.0;1.0;48,84741600;2,27373100;
202300024792.0;1;49;49328;2;1;1.0;1.0;47,24522000; -0,10716000;
202300024793.0;1;82;82037;1;1;1.0;5.0;44,14461500;1,50418300;
202300024794.0;1;75;75115;2;1;1.0;5.0;48,84046900;2,29075100;
202300024795.0;5;49;49007;2;1;1.0;3.0;47,47739000; -0,55324000;
202300024796.0;1;69;69173;1;1;1.0;3.0;45,87259400;4,54916300;
202300024797.0;5;45;45234;2;1;1.0;6.0;47,83486000;1,91820000;
202300024798.0;3;33;33343;1;1;3.0;7.0;44,57920400; -0,33006500;
202300024799.0;1;75;75115;2;3;1.0;3.0;48,84852800;2,28285800;
202300024800.0;2;45;45075;2;1;3.0;6.0;47,88798000;1,83260000;
202300024801.0;1;11;11398;1;1;8.0;7.0;42,92228000;2,93470100;
202300024802.0;1;75;75114;2;2;8.0;6.0;48,82422400;2,33607800;
202300024803.0;1;42;42218;2;2;3.0;6.0;45,42151000;4,39742000;
202300024804.0;1;29;29233;1;3;1.0;5.0;47,86118200; -3,57897900;
202300024805.0;1;75;75113;2;5;1.0;6.0;48,82813600;2,35277900;
202300024806.0;5;42;42218;2;1;1.0;3.0;45,44238000;4,37911000;
202300024807.0;1;77;77183;2;1;1.0;3.0;48,94406600;3,12889900;
202300024808.0;5;75;75112;2;4;1.0;6.0;48,84026700;2,38058800;
202300024809.0;3;41;41018;2;1;6.0;2.0;47,61359000;1,33512000;
202300024810.0;2;78;78531;1;9;1.0;4.0;49,00188890;1,60768460;
202300024811.0;1;41;41018;2;1;1.0;1.0;47,59187000;1,34274000;
202300024812.0;5;94;94046;2;2;8.0;2.0;48,81100000;2,45200000;
202300024813.0;3;84;84150;1;1;1.0;6.0;44,33221400;4,94731300;
202300024814.0;1;94;94065;1;1;1.0;6.0;48,74171742;2,35605660;
202300024815.0;1;41;41018;2;9;8.0;1.0;47,57920000;1,35023000;
202300024816.0;3;83;83107;1;1;1.0;6.0;43,41338927;6,70332527;
202300024817.0;1;38;38158;1;1;1.0;3.0;45,14816300;5,76003300;
202300024818.0;1;41;41295;1;1;2.0;1.0;47,60516000;1,37670000;
202300024819.0;5;38;38563;1;6;3.0;6.0;45,35002000;5,56871000;
202300024820.0;1;86;86294;2;2;1.0;3.0;46,63895600;0,16551100;
202300024821.0;1;37;37214;2;1;2.0;6.0;47,39404525;0,64710313;
202300024822.0;1;94;94028;2;9;1.0;3.0;48,77296500;2,44478300;
202300024823.0;5;33;33056;2;1;8.0;1.0;44,91873900; -0,61284200;
202300024824.0;2;14;14328;2;1;1.0;6.0;49,22171800; -0,24502500;
202300024825.0;5;94;94077;2;1;2.0;6.0;48,74168000;2,42935000;
202300024826.0;1;35;35238;2;5;1.0;6.0;48,13845000; -1,65862000;
202300024827.0;2;60;60015;2;6;1.0;7.0;49,32550000;2,32547000;
202300024828.0;5;94;94017;2;1;3.0;6.0;48,81630826;2,53857534;
202300024829.0;1;35;35238;2;1;2.0;6.0;48,11317000; -1,68578000;
202300024830.0;1;80;80393;1;2;1.0;2.0;49,73024900;2,80501100;
202300024831.0;1;93;93055;2;2;1.0;6.0;48,90276000;2,39282000;
202300024832.0;1;59;59214;1;2;1.0;3.0;50,30030200;3,05571700;
202300024833.0;1;35;35051;1;1;2.0;2.0;48,11250000; -1,58246000;
202300024834.0;2;59;59285;2;1;1.0;1.0;50,27073200;3,40844400;
202300024835.0;3;93;93074;2;9;1.0;7.0;48,93417800;2,56220200;
202300024836.0;3;35;35055;1;1;1.0;6.0;48,07526200; -1,58160100;
202300024837.0;1;59;59034;2;1;1.0;3.0;50,52291900;3,08709100;
202300024838.0;1;93;93005;2;1;1.0;3.0;48,95048900;2,49573400;
202300024839.0;1;35;35115;2;1;2.0;2.0;48,34842000; -1,19541000;
202300024840.0;1;83;83126;1;1;1.0;2.0;43,11955000;5,86093000;
202300024841.0;1;92;92046;2;1;8.0;6.0;48,81821680;2,30856478;
202300024842.0;1;34;34172;2;1;1.0;3.0;43,59648000;3,84520000;
202300024843.0;1;33;33065;1;1;1.0;3.0;44,82867000; -0,50341000;
202300024844.0;5;34;34172;2;1;1.0;7.0;43,62693000;3,83143000;
202300024845.0;1;94;94003;1;1;1.0;3.0;48,80831322;2,34031176;
202300024846.0;5;92;92050;2;1;2.0;3.0;48,90685000;2,21226000;
202300024847.0;5;33;33281;2;2;8.0;3.0;44,83461000; -0,63724000;
202300024848.0;1;91;91235;1;1;1.0;2.0;48,62486000;2,36368000;
202300024849.0;5;92;92050;2;1;2.0;6.0;48,90080852;2,22457767;
202300024850.0;3;92;92019;1;1;1.0;6.0;48,75993977;2,27329095;
202300024851.0;2;33;33281;2;6;2.0;3.0;44,84340713; -0,63200891;
202300024852.0;5;92;92044;2;1;2.0;7.0;48,88658872;2,28413254;
202300024853.0;5;92;92064;2;1;1.0;6.0;48,83936013;2,21689418;
202300024854.0;5;92;92044;2;1;1.0;2.0;48,90067000;2,28398000;
202300024855.0;1;33;33063;2;3;2.0;3.0;44,83500000; -0,57203000;
202300024856.0;1;78;78545;1;1;1.0;7.0;48,80842900;2,05393500;
202300024857.0;1;92;92026;1;1;1.0;7.0;48,88749184;2,25218368;
202300024858.0;1;33;33529;2;1;1.0;3.0;44,64736900; -1,15613400;
202300024859.0;1;92;92040;2;3;1.0;3.0;48,82463897;2,26782471;
202300024860.0;1;92;92064;1;1;7.0;3.0;48,83956984;2,21301550;
202300024861.0;5;92;92026;2;2;2.0;2.0;48,89876053;2,26241648;
202300024862.0;5;29;29019;2;6;1.0;3.0;48,39813800; -4,48901900;
202300024863.0;1;93;93005;1;1;1.0;3.0;48,96878607;2,48061025;
202300024864.0;5;92;92025;2;1;1.0;6.0;48,91426630;2,22913519;
202300024865.0;5;29;29019;2;8;3.0;3.0;48,38896900; -4,51488700;
202300024866.0;1;95;95252;1;1;1.0;3.0;48,98829419;2,20429427;
202300024867.0;5;92;92019;2;2;2.0;6.0;48,76275368;2,27988929;
202300024868.0;3;93;93001;1;1;1.0;3.0;48,92155225;2,36732304;
202300024869.0;1;74;74134;1;1;1.0;1.0;46,14221400;6,64275900;
202300024870.0;1;92;92012;2;3;8.0;3.0;48,83531166;2,24256098;
202300024871.0;1;74;74164;1;1;2.0;6.0;46,11346800;6,50244700;
202300024872.0;1;26;26198;1;1;1.0;1.0;44,56309000;4,76434000;
202300024873.0;1;92;92012;2;9;8.0;3.0;48,83465518;2,24294454;
202300024874.0;1;74;74010;1;1;1.0;7.0;45,95960100;6,11847300;
202300024875.0;1;25;25462;2;1;2.0;1.0;46,90223000;6,32967000;
202300024876.0;1;92;92007;2;3;1.0;7.0;48,78860335;2,30452806;
202300024877.0;1;74;74264;1;4;1.0;3.0;46,06281700;6,54470800;
202300024878.0;5;25;25056;2;1;2.0;1.0;47,24460100;5,99343300;
202300024879.0;1;74;74042;2;3;1.0;6.0;46,07550100;6,41278600;
202300024880.0;5;92;92004;2;2;1.0;3.0;48,90973386;2,29284570;
202300024881.0;1;25;25056;2;3;2.0;3.0;47,24615000;6,00916000;
202300024882.0;1;74;74042;2;1;1.0;3.0;46,07344600;6,40130100;
202300024883.0;5;92;92014;2;1;1.0;6.0;48,78220264;2,31649160;
202300024884.0;3;50;50565;2;1;2.0;6.0;48,75355000; -1,45814000;
202300024885.0;1;74;74140;1;4;1.0;3.0;46,26663900;6,46277700;
202300024886.0;5;17;17333;2;2;2.0;3.0;45,61306000; -0,99427000;
202300024887.0;1;74;74264;2;1;1.0;6.0;46,06656100;6,53866200;
202300024888.0;3;17;17306;2;9;2.0;3.0;45,63186000; -1,03194000;
202300024889.0;5;68;68112;2;2;1.0;3.0;47,90362700;7,22199800;
202300024890.0;1;74;74234;1;3;1.0;3.0;45,75796700;6,31538200;
202300024891.0;5;30;30032;2;6;1.0;6.0;43,80708000;4,63822000;
202300024892.0;3;95;95134;1;1;2.0;4.0;49,13593271;2,25483120;
202300024893.0;1;74;74094;2;1;1.0;6.0;46,17810300;6,29609400;
202300024894.0;1;74;74212;1;1;1.0;7.0;45,94042200;6,40207900;
202300024895.0;1;31;31575;1;1;2.0;6.0;43,52331956;1,42628342;
202300024896.0;5;13;13215;2;2;1.0;1.0;43,34631000;5,36612000;
202300024897.0;1;74;74188;1;1;1.0;7.0;46,20733900;6,71648700;
202300024898.0;1;74;74136;1;1;1.0;1.0;45,97620000;6,46509500;
202300024899.0;1;972;97214;1;3;1.0;2.0;14,84397300; -61,08327200;
202300024900.0;1;74;74094;2;1;1.0;6.0;46,18666400;6,28306400;
202300024901.0;5;13;13210;2;1;1.0;6.0;43,27274000;5,42083000;
202300024902.0;1;74;74147;2;9;1.0;3.0;45,79144500;6,21331600;
202300024903.0;1;972;97210;1;1;1.0;3.0;14,62523200; -60,91387300;
202300024904.0;2;74;74213;1;1;8.0;3.0;45,91504200;6,08230600;
202300024905.0;1;74;74043;2;1;1.0;2.0;46,26058700;6,34935700;
202300024906.0;3;62;62307;1;1;2.0;1.0;50,91513949;1,73643490;
202300024907.0;1;74;74250;1;1;1.0;2.0;46,08079092;6,37457281;
202300024908.0;5;62;62261;2;1;2.0;6.0;50,48591700;1,62350600;
202300024909.0;1;74;74238;1;1;1.0;7.0;46,24727100;6,63640700;
202300024910.0;1;10;10081;1;1;1.0;6.0;48,32960000;4,04813000;
202300024911.0;3;85;85153;1;1;2.0;6.0;46,79211200; -1,10146800;
202300024912.0;1;974;97416;1;1;1.0;6.0; -21,30533000;55,42898000;
202300024913.0;5;972;97213;1;1;1.0;5.0;14,61768000; -61,01780000;
202300024914.0;5;67;67194;2;2;2.0;6.0;48,73276400;7,90683000;
202300024915.0;3;972;97209;1;1;1.0;6.0;14,63520000; -61,05544000;
202300024916.0;1;972;97209;2;1;1.0;3.0;14,61036000; -61,04822000;
202300024917.0;1;69;69384;2;1;1.0;2.0;45,77390393;4,83843045;
202300024918.0;1;2B;2B033;2;1;1.0;6.0;42,67531200;9,43730500;
202300024919.0;1;71;71240;1;1;8.0;2.0;46,41074500;4,65850400;
202300024920.0;1;971;97101;1;1;1.0;7.0;16,25346000; -61,53443000;
202300024921.0;1;88;88429;1;1;7.0;7.0;48,06745708;6,59732401;
202300024922.0;1;42;42128;1;1;2.0;3.0;45,93890500;4,29456000;
202300024923.0;1;84;84035;1;1;1.0;3.0;43,88329000;4,99745000;
202300024924.0;1;47;47251;1;1;8.0;7.0;44,29862100;0,25798600;
202300024925.0;3;34;34281;1;1;1.0;6.0;43,53521800;3,56195200;
202300024926.0;3;77;77186;1;1;1.0;2.0;48,43969000;2,69042000;
202300024927.0;1;77;77131;2;3;1.0;3.0;48,81106000;3,07780000;
202300024928.0;1;25;25287;1;3;1.0;3.0;47,18784600;5,88741700;
202300024929.0;1;69;69266;2;4;1.0;4.0;45,76607000;4,90163000;
202300024930.0;1;25;25021;2;3;1.0;1.0;47,03171100;5,77863700;
202300024931.0;1;63;63300;2;3;1.0;3.0;45,88817000;3,12113000;
202300024932.0;1;63;63032;2;9;1.0;3.0;45,74972000;3,07917000;
202300024933.0;1;35;35142;2;4;1.0;6.0;48,41516500; -1,15183700;
202300024934.0;1;61;61006;1;3;1.0;2.0;48,70917000; -0,00409000;
202300024935.0;2;84;84041;1;1;1.0;1.0;44,10401300;5,15664300;
202300024936.0;1;61;61397;2;1;1.0;6.0;48,42324300;0,08098300;
202300024937.0;5;72;72262;2;1;2.0;6.0;47,76091035;0,65382600;
202300024938.0;1;60;60057;2;2;1.0;3.0;49,42149000;2,07647000;
202300024939.0;1;59;59507;2;2;1.0;3.0;50,60175000;3,07905000;
202300024940.0;3;14;14468;1;1;2.0;3.0;49,23344300; -0,76681100;
202300024941.0;1;57;57672;2;1;1.0;2.0;49,35790000;6,13714000;
202300024942.0;1;57;57672;1;1;1.0;6.0;49,37757000;6,09457000;
202300024943.0;3;14;14610;1;1;2.0;5.0;49,17858200; -0,48634900;
202300024944.0;1;56;56121;2;3;1.0;3.0;47,75353200; -3,37021600;
202300024945.0;3;64;64495;1;3;8.0;5.0;43,34581000; -1,54022100;
202300024946.0;1;44;44055;2;1;1.0;3.0;47,28092000; -2,38372000;
202300024947.0;5;28;28052;2;1;8.0;7.0;48,56498000;1,50775600;
202300024948.0;1;35;35150;2;2;1.0;3.0;48,36207000; -1,21984000;
202300024949.0;1;17;17053;1;2;1.0;3.0;45,89621300; -0,78380600;
202300024950.0;5;33;33281;2;6;1.0;6.0;44,83549262; -0,63491911;
202300024951.0;1;17;17346;1;1;1.0;7.0;45,92134900; -0,88429200;
202300024952.0;1;33;33281;2;1;1.0;4.0;44,81813574; -0,66728264;
202300024953.0;1;37;37050;2;1;8.0;6.0;47,33766700;0,69760500;
202300024954.0;5;44;44207;1;3;1.0;3.0;47,47411300; -1,37256100;
202300024955.0;1;83;83116;1;1;1.0;2.0;43,46087200;5,86346333;
202300024956.0;1;29;29005;1;1;2.0;2.0;47,84847512; -3,62487573;
202300024957.0;5;95;95039;2;1;2.0;6.0;49,07060465;2,17168808;
202300024958.0;1;34;34145;2;1;1.0;6.0;43,67462700;4,13211500;
202300024959.0;1;73;73179;2;4;1.0;6.0;45,59358700;5,86496100;
202300024960.0;1;38;38317;1;1;2.0;5.0;45,10996000;5,69927600;
202300024961.0;1;35;35240;1;1;1.0;1.0;48,10855200; -1,77596000;
202300024962.0;1;60;60612;2;1;1.0;6.0;49,20657100;2,58938000;
202300024963.0;1;60;60115;1;1;8.0;6.0;49,46356400;2,31646800;
202300024964.0;1;59;59626;2;1;1.0;1.0;50,28479300;3,61418600;
202300024965.0;5;13;13212;1;1;1.0;4.0;43,30955000;5,42488000;
202300024966.0;1;13;13085;1;1;1.0;2.0;43,25150000;5,59554000;
202300024967.0;3;42;42218;1;1;8.0;6.0;45,43355600;4,42324500;
202300024968.0;5;33;33063;1;1;1.0;4.0;44,88069728; -0,54105374;
202300024969.0;1;33;33167;1;1;1.0;4.0;44,82143083; -0,51735520;
202300024970.0;3;94;94021;1;1;2.0;4.0;48,76021232;2,33864852;
202300024971.0;3;91;91477;1;1;2.0;5.0;48,71658000;2,26340000;
202300024972.0;1;92;92050;1;1;1.0;6.0;48,90030972;2,20819115;
202300024973.0;1;78;78322;1;1;1.0;7.0;48,78716700;2,14829500;
202300024974.0;1;78;78158;1;1;8.0;3.0;48,83151000;2,14454000;
202300024975.0;1;92;92064;1;1;1.0;3.0;48,83831683;2,19175147;
202300024976.0;3;92;92025;1;1;1.0;4.0;48,92755851;2,23725934;
202300024977.0;3;95;95527;1;1;1.0;4.0;49,00223641;2,52363934;
202300024978.0;3;93;93066;1;1;1.0;2.0;48,92272104;2,34559178;
202300024979.0;1;94;94052;1;1;1.0;7.0;48,84027522;2,49328165;
202300024980.0;3;77;77373;1;1;1.0;2.0;48,79777024;2,62301428;
202300024981.0;1;86;86019;1;1;1.0;2.0;46,73868000;0,41215800;
202300024982.0;2;88;88253;2;9;1.0;6.0;48,19953900;6,48065100;
202300024983.0;1;88;88075;2;1;1.0;2.0;48,00157400;6,91477200;
202300024984.0;1;88;88484;1;1;1.0;3.0;48,08662800;6,33501800;
202300024985.0;1;88;88250;1;4;7.0;1.0;48,11410000;6,56845600;
202300024986.0;1;88;88516;1;3;1.0;3.0;48,19445800;5,97486700;
202300024987.0;1;09;09225;2;1;1.0;2.0;43,10242000;1,63204000;
202300024988.0;1;09;09225;2;2;1.0;3.0;43,11481000;1,62050000;
202300024989.0;5;09;09225;2;1;1.0;1.0;43,11527504;1,62766233;
202300024990.0;1;14;14435;1;1;1.0;7.0;49,11075987;0,13687849;
202300024991.0;4;974;97416;2;1;1.0;3.0; -21,31151000;55,47238000;
202300024992.0;2;69;69383;2;2;8.0;3.0;45,75290000;4,85358000;
202300024993.0;5;972;97209;2;1;2.0;6.0;14,61895000; -61,03717000;
202300024994.0;1;69;69389;2;1;1.0;3.0;45,79245000;4,81814000;
202300024995.0;1;2B;2B033;2;1;1.0;2.0;42,69256000;9,45179700;
202300024996.0;1;2B;2B033;2;9;7.0;3.0;42,69000000;9,45000000;
202300024997.0;3;971;97113;1;1;2.0;1.0;16,24138000; -61,47596000;
202300024998.0;3;971;97113;1;1;2.0;3.0;16,21229000; -61,47571000;
202300024999.0;5;971;97113;1;1;2.0;6.0;16,24138000; -61,47596000;
202300025000.0;1;971;97113;1;1;1.0;3.0;16,21785000; -61,48605000;
202300025001.0;1;2A;2A004;2;1;1.0;6.0;41,93472000;8,73653000;
202300025002.0;5;95;95323;2;1;1.0;6.0;49,01084000;2,04671000;
202300025003.0;2;91;91570;2;9;8.0;6.0;48,63513000;2,32100000;
202300025004.0;5;91;91161;2;3;1.0;6.0;48,71023000;2,29771000;
202300025005.0;5;91;91657;2;2;1.0;3.0;48,69694000;2,43595000;
202300025006.0;5;91;91223;2;1;2.0;2.0;48,44078000;2,15436000;
202300025007.0;1;87;87085;1;1;1.0;7.0;45,85247000;1,17727000;
202300025008.0;5;84;84080;2;1;1.0;6.0;44,03335000;4,99816000;
202300025009.0;5;84;84007;2;1;1.0;6.0;43,95203000;4,82813000;
202300025010.0;1;80;80021;2;1;1.0;7.0;49,89174000;2,31258000;
202300025011.0;1;78;78650;2;2;7.0;6.0;48,90268000;2,13693000;
202300025012.0;5;78;78440;2;1;1.0;1.0;48,98778000;1,89669000;
202300025013.0;5;76;76351;2;2;1.0;3.0;49,51379000;0,12982000;
202300025014.0;1;74;74012;2;3;5.0;6.0;46,18415200;6,23076100;
202300025015.0;1;72;72095;2;9;1.0;6.0;48,02434000;0,20754000;
202300025016.0;5;70;70388;2;3;1.0;6.0;47,61838000;6,13486000;
202300025017.0;1;69;69290;2;1;1.0;6.0;45,68788000;4,94260000;
202300025018.0;1;67;67482;2;4;1.0;3.0;48,59039000;7,71589000;
202300025019.0;2;67;67218;2;6;1.0;3.0;48,52703000;7,73429000;
202300025020.0;1;64;64445;2;2;2.0;3.0;43,29424000; -0,35901000;
202300025021.0;5;64;64445;2;2;1.0;3.0;43,29883000; -0,37491000;
202300025022.0;4;62;62570;1;1;3.0;5.0;50,38538000;2,85500000;
202300025023.0;5;62;62498;2;1;1.0;6.0;50,42036459;2,82098088;
202300025024.0;5;61;61001;2;2;1.0;3.0;48,42729000;0,08945000;
202300025025.0;1;59;59288;2;1;1.0;6.0;50,31490300;3,39987100;
202300025026.0;2;59;59291;2;6;5.0;3.0;50,24967000;3,92187000;
202300025027.0;1;59;59009;2;1;2.0;2.0;50,60968046;3,13153388;
202300025028.0;3;59;59043;2;1;3.0;7.0;50,71358809;2,68027735;
202300025029.0;1;54;54395;2;3;1.0;6.0;48,68944000;6,17624000;
202300025030.0;5;49;49007;2;1;1.0;6.0;47,49020000; -0,56180000;
202300025031.0;5;44;44184;2;1;1.0;6.0;47,26646000; -2,22270000;
202300025032.0;1;42;42187;2;1;2.0;;46,03305000;4,07884000;
202300025033.0;2;37;37195;2;6;1.0;3.0;47,38660000;0,65086000;
202300025034.0;1;35;35278;1;1;1.0;6.0;48,14123300; -1,68001900;
202300025035.0;5;34;34172;2;2;1.0;3.0;43,63359000;3,84342000;
202300025036.0;5;34;34172;2;4;1.0;1.0;43,62006000;3,85116000;
202300025037.0;1;34;34032;2;1;1.0;1.0;43,34547000;3,23400000;
202300025038.0;1;33;33063;2;1;5.0;2.0;44,81600000; -0,57460000;
202300025039.0;1;33;33063;2;3;1.0;3.0;44,85334000; -0,56722000;
202300025040.0;5;33;33063;1;1;1.0;6.0;44,88877000; -0,54326000;
202300025041.0;1;27;27681;2;1;8.0;2.0;49,09840680;1,49352650;
202300025042.0;2;27;27299;2;1;2.0;3.0;49,04971800;1,16460990;
202300025043.0;1;25;25056;2;6;1.0;6.0;47,21750000;5,96740000;
202300025044.0;5;17;17333;1;6;1.0;7.0;45,61663000; -0,98798000;
202300025045.0;1;16;16166;1;2;1.0;3.0;45,66371000;0,19495000;
202300025046.0;1;13;13043;2;1;1.0;1.0;43,38714000;5,23913000;
202300025047.0;1;44;44109;2;1;1.0;3.0;47,22835000; -1,52635000;
202300025048.0;1;35;35238;1;1;1.0;3.0;48,13874000; -1,71825000;
202300025049.0;5;33;33063;2;3;2.0;3.0;44,82486000; -0,57249000;
202300025050.0;5;31;31555;2;2;1.0;3.0;43,64514000;1,46946000;
202300025051.0;1;31;31555;2;1;1.0;7.0;43,60621000;1,45602000;
202300025052.0;1;29;29039;2;3;1.0;2.0;47,87396700; -3,90214800;
202300025053.0;1;29;29019;2;1;1.0;4.0;48,39367400; -4,48813700;
202300025054.0;1;29;29019;2;1;2.0;3.0;48,40224000; -4,46672000;
202300025055.0;1;27;27528;2;1;1.0;6.0;49,25631000;1,20920000;
202300025056.0;1;27;27229;2;3;1.0;3.0;49,02800000;1,17996000;
202300025057.0;1;13;13001;1;1;8.0;1.0;43,57904000;5,45740000;
202300025058.0;1;11;11069;2;2;1.0;6.0;43,21347000;2,34938000;
202300025059.0;1;06;06027;2;2;1.0;3.0;43,65775500;7,16899600;
202300025060.0;1;75;75112;2;1;1.0;3.0;48,84046400;2,41346600;
202300025061.0;5;75;75113;2;1;1.0;7.0;48,82040600;2,37544400;
202300025062.0;1;75;75118;2;3;1.0;6.0;48,89511000;2,33181000;
202300025063.0;1;75;75116;2;1;1.0;7.0;48,87428800;2,24581700;
202300025064.0;1;75;75116;2;1;1.0;3.0;48,86418200;2,28674000;
202300025065.0;1;75;75116;2;1;1.0;3.0;48,87678300;2,28558300;
202300025066.0;1;75;75117;2;1;1.0;6.0;48,87987800;2,28270200;
202300025067.0;2;75;75116;2;2;1.0;6.0;48,85853000;2,27497000;
202300025068.0;1;75;75111;2;1;1.0;3.0;48,85500500;2,38481200;
202300025069.0;1;94;94068;2;1;1.0;3.0;48,80798930;2,50912714;
202300025070.0;1;94;94059;2;2;1.0;3.0;48,82276000;2,55966000;
202300025071.0;5;93;93055;2;3;1.0;3.0;48,89086310;2,40144879;
202300025072.0;1;93;93051;2;6;1.0;3.0;48,84310000;2,54361000;
202300025073.0;1;93;93031;2;1;1.0;6.0;48,95500300;2,30139618;
202300025074.0;1;93;93029;2;3;1.0;3.0;48,92365509;2,43976824;
202300025075.0;1;93;93071;2;1;1.0;3.0;48,94828912;2,52988867;
202300025076.0;1;92;92078;2;1;1.0;1.0;48,93738000;2,32939000;
202300025077.0;1;92;92049;2;3;1.0;6.0;48,81800000;2,32224000;
202300025078.0;1;92;92026;2;1;1.0;2.0;48,88929145;2,25182873;
202300025079.0;1;92;92012;2;1;1.0;4.0;48,85240000;2,22829000;
202300025080.0;1;2A;2A026;1;1;1.0;6.0;41,88494700;9,02887300;
202300025081.0;1;67;67362;1;1;1.0;6.0;48,24872200;7,35722700;
202300025082.0;1;63;63048;1;1;2.0;7.0;45,67690600;2,56700300;
202300025083.0;1;67;67548;2;6;1.0;3.0;48,64283400;7,60189500;
202300025084.0;1;59;59499;2;1;1.0;6.0;50,94042800;2,54058900;
202300025085.0;3;30;30041;1;1;1.0;6.0;43,95958000;4,38315400;
202300025086.0;1;21;21485;2;3;1.0;1.0;47,33599400;4,98316900;
202300025087.0;1;51;51211;1;1;1.0;1.0;49,07119500;4,81712400;
202300025088.0;1;79;79103;1;1;1.0;7.0;46,78543400; -0,59331000;
202300025089.0;1;79;79210;1;1;2.0;7.0;46,84315000; -0,65790300;
202300025090.0;1;2B;2B123;1;1;1.0;5.0;42,05588500;9,43173600;
202300025091.0;4;71;71263;2;1;1.0;6.0;46,64281700;5,25691800;
202300025092.0;1;71;71095;2;2;3.0;1.0;46,26068700;4,29319200;
202300025093.0;4;71;71202;2;1;1.0;6.0;46,84642800;4,75083000;
202300025094.0;1;63;63352;1;2;1.0;3.0;45,44893900;3,23010900;
202300025095.0;3;49;49200;1;6;2.0;7.0;47,56692800; -0,67740800;
202300025096.0;1;42;42092;1;1;2.0;6.0;45,50043700;4,38558300;
202300025097.0;1;41;41235;1;1;1.0;7.0;47,91399100;0,83300800;
202300025098.0;1;68;68259;1;9;1.0;7.0;47,45641600;7,34916700;
202300025099.0;1;25;25139;1;1;1.0;1.0;47,02078400;6,41319600;
202300025100.0;1;44;44111;1;3;2.0;3.0;47,36359800; -1,67366600;
202300025101.0;3;15;15021;1;1;1.0;6.0;44,79387400;2,27018400;
202300025102.0;1;05;05176;1;1;1.0;6.0;44,47017400;6,13191600;
202300025103.0;1;83;83028;2;1;2.0;7.0;43,58965900;6,53588800;
202300025104.0;1;43;43244;1;1;1.0;1.0;45,13072000;4,29353800;
202300025105.0;1;43;43230;2;1;1.0;6.0;45,14440284;3,91027484;
202300025106.0;1;87;87068;1;2;1.0;3.0;46,15320000;1,45019500;
202300025107.0;1;30;30210;2;3;1.0;1.0;43,91364600;4,00363700;
202300025108.0;1;30;30349;1;1;1.0;7.0;43,86779600;4,09880200;
202300025109.0;5;63;63164;1;9;1.0;6.0;45,84141000;3,16065100;
202300025110.0;1;42;42276;1;1;1.0;6.0;45,95871200;3,75652500;
202300025111.0;2;31;31037;1;1;3.0;2.0;43,34790100;1,81613400;