Num_Acc;lum;departement;commune;agglomeration;intersection;meteo;type_collision;lat;long;date
202300025112.0;1;13;13086;1;1;1.0;3.0;43,33363800;5,60525900;
202300025113.0;1;17;17365;1;1;1.0;7.0;45,23627800; -0,19779700;
202300025114.0;5;987;98712;2;1;1.0;3.0; -17,27900000; -149,54200000;
202300025115.0;2;988;98814;1;1;1.0;6.0; -20,87854000;167,23471000;
202300025116.0;1;34;34075;1;1;1.0;7.0;43,34590400;2,70985700;
202300025117.0;1;34;34240;1;3;1.0;1.0;43,61813200;3,95731500;
202300025118.0;1;13;13084;1;1;1.0;7.0;43,70954800;5,29060400;
202300025119.0;1;52;52449;1;1;2.0;6.0;47,82181104;5,40053395;
202300025120.0;3;88;88242;1;1;1.0;7.0;48,36894100;5,82444900;
202300025121.0;1;54;54596;1;1;1.0;1.0;48,55811954;6,09709024;
202300025122.0;1;63;63470;1;1;1.0;3.0;45,86503100;3,01523200;
202300025123.0;1;69;69062;1;1;1.0;6.0;45,62162200;4,44246500;
202300025124.0;1;17;17393;1;1;1.0;3.0;45,71499000; -0,86431500;
202300025125.0;2;33;33366;1;2;1.0;1.0;44,98243700; -0,40773900;
202300025126.0;1;85;85302;1;1;2.0;7.0;46,96651000; -1,00238000;
202300025127.0;1;14;14762;1;1;1.0;1.0;48,82719500; -0,85708400;
202300025128.0;1;60;60135;1;1;1.0;1.0;49,30534243;2,24088623;
202300025129.0;1;59;59571;2;1;1.0;6.0;50,18723100;3,48767100;
202300025130.0;1;13;13212;1;1;1.0;2.0;43,31222900;5,42417400;
202300025131.0;1;13;13071;1;1;1.0;2.0;43,41182000;5,28274000;
202300025132.0;1;83;83137;1;1;1.0;3.0;43,12629000;5,90921000;
202300025133.0;3;83;83035;1;1;2.0;6.0;43,19021082;5,76551732;
202300025134.0;1;83;83062;1;1;1.0;6.0;43,14363957;6,02062675;
202300025135.0;1;33;33065;1;1;1.0;3.0;44,82648000; -0,50816000;
202300025136.0;1;62;62907;1;1;1.0;3.0;50,48588000;2,98521000;
202300025137.0;1;94;94038;1;1;1.0;7.0;48,79014534;2,34408380;
202300025138.0;1;92;92002;1;1;1.0;2.0;48,73015500;2,30755800;
202300025139.0;1;91;91689;1;1;1.0;3.0;48,74540000;2,32439000;
202300025140.0;1;91;91161;1;1;1.0;2.0;48,71101000;2,29825000;
202300025141.0;1;78;78646;1;1;1.0;6.0;48,79076500;2,11056400;
202300025142.0;1;92;92050;1;1;1.0;3.0;48,90228800;2,20393400;
202300025143.0;1;92;92036;1;1;1.0;2.0;48,93664875;2,29983247;
202300025144.0;1;93;93006;1;1;1.0;3.0;48,86562694;2,41958736;
202300025145.0;1;988;98818;2;1;1.0;2.0; -22,25165000;166,45458000;
202300025146.0;1;988;98818;2;3;1.0;3.0; -22,27202000;166,45059000;
202300025147.0;1;976;97611;2;1;1.0;6.0; -12,80239000;45,20974000;
202300025148.0;1;974;97416;1;1;1.0;5.0; -21,31261000;55,49508000;
202300025149.0;1;974;97416;1;1;1.0;2.0; -21,35314000;55,51017000;
202300025150.0;4;974;97411;2;3;1.0;3.0; -20,90364000;55,47820000;
202300025151.0;1;973;97302;2;3;1.0;1.0;4,92616000; -52,31361000;
202300025152.0;1;973;97302;2;1;1.0;3.0;4,93545000; -52,31267000;
202300025153.0;1;69;69387;2;2;1.0;3.0;45,74922000;4,84200000;
202300025154.0;1;69;69386;2;1;1.0;3.0;45,77276000;4,84593000;
202300025155.0;1;69;69386;2;2;1.0;3.0;45,76804000;4,84611000;
202300025156.0;5;972;97213;1;1;1.0;7.0;14,61902500; -61,00150700;
202300025157.0;5;69;69385;2;1;2.0;7.0;45,75570000;4,81525000;
202300025158.0;1;69;69149;2;1;1.0;2.0;45,71721000;4,79369000;
202300025159.0;1;971;97113;1;1;1.0;7.0;16,21958000; -61,47600000;
202300025160.0;1;971;97113;1;1;2.0;7.0;16,22778000; -61,47592000;
202300025161.0;1;2A;2A004;2;1;1.0;1.0;41,93040000;8,77988000;
202300025162.0;1;86;86194;2;1;1.0;2.0;46,54844020;0,29982300;
202300025163.0;1;81;81060;2;1;1.0;6.0;44,05780000;2,14996000;
202300025164.0;2;78;78650;2;2;1.0;1.0;48,90251000;2,13573000;
202300025165.0;1;77;77449;2;1;1.0;2.0;48,85122400;2,78479300;
202300025166.0;1;77;77442;1;1;1.0;2.0;48,42314000;2,76773000;
202300025167.0;1;76;76351;2;3;1.0;3.0;49,50086000;0,17817000;
202300025168.0;5;71;71040;2;2;1.0;3.0;46,70469000;4,39113000;
202300025169.0;1;69;69264;2;9;1.0;3.0;45,99959740;4,71931235;
202300025170.0;1;64;64348;2;1;2.0;4.0;43,31324000; -0,41664000;
202300025171.0;5;64;64445;2;1;1.0;2.0;43,31824000; -0,30279000;
202300025172.0;5;63;63113;2;2;1.0;3.0;45,78371124;3,07670295;
202300025173.0;5;59;59368;2;2;1.0;1.0;50,65772738;3,07380080;
202300025174.0;1;59;59360;2;1;1.0;1.0;50,59681000;3,03785000;
202300025175.0;1;54;54395;2;2;1.0;6.0;48,68557632;6,18139476;
202300025176.0;1;51;51454;2;1;1.0;4.0;49,24343000;4,04556000;
202300025177.0;1;47;47323;2;2;1.0;1.0;44,42211000;0,70871000;
202300025178.0;1;45;45234;2;3;1.0;3.0;47,89961000;1,92474000;
202300025179.0;1;44;44184;2;2;1.0;2.0;47,28179000; -2,23491000;
202300025180.0;1;44;44184;2;5;1.0;6.0;47,28647000; -2,21847000;
202300025181.0;1;44;44184;2;1;1.0;5.0;47,27748000; -2,23358000;
202300025182.0;1;42;42170;1;1;1.0;6.0;46,03780000;4,17256000;
202300025183.0;3;41;41018;2;1;1.0;2.0;47,58040000;1,32659000;
202300025184.0;1;41;41295;2;1;1.0;7.0;47,58981000;1,35761000;
202300025185.0;1;37;37261;2;1;1.0;6.0;47,42200000;0,67919000;
202300025186.0;1;35;35055;1;1;1.0;2.0;48,07970000; -1,63484000;
202300025187.0;1;34;34172;2;1;1.0;6.0;43,60855200;3,86901800;
202300025188.0;1;34;34172;2;1;1.0;6.0;43,62685000;3,88976600;
202300025189.0;1;33;33063;2;8;1.0;1.0;44,86336987; -0,55033296;
202300025190.0;2;31;31483;1;1;1.0;7.0;43,12860000;0,72423000;
202300025191.0;1;29;29232;2;2;1.0;3.0;47,99496559; -4,10809360;
202300025192.0;1;29;29232;2;1;1.0;6.0;47,98470006; -4,13130194;
202300025193.0;1;29;29039;2;1;1.0;2.0;47,90578136; -3,91645157;
202300025194.0;1;29;29019;2;1;1.0;6.0;48,38281600; -4,51209500;
202300025195.0;1;25;25056;2;1;1.0;6.0;47,25968800;6,02947400;
202300025196.0;1;22;22278;2;1;1.0;6.0;48,51106000; -2,76042000;
202300025197.0;1;17;17306;2;1;1.0;2.0;45,63585400; -1,02864500;
202300025198.0;1;17;17300;2;3;1.0;3.0;46,16885000; -1,19512000;
202300025199.0;1;13;13019;2;9;1.0;3.0;43,42275000;5,37011100;
202300025200.0;1;37;37233;2;1;1.0;2.0;47,39592000;0,70970000;
202300025201.0;3;11;11069;1;1;1.0;6.0;43,20476000;2,38796000;
202300025202.0;4;34;34172;2;1;1.0;6.0;43,63527000;3,81170000;
202300025203.0;5;10;10387;2;2;1.0;3.0;48,29347000;4,06879000;
202300025204.0;1;34;34003;2;1;1.0;6.0;43,31508000;3,46825000;
202300025205.0;1;08;08105;2;1;1.0;6.0;49,77065000;4,71114000;
202300025206.0;1;07;07281;1;1;1.0;7.0;44,93132000;4,81428000;
202300025207.0;1;33;33063;2;3;1.0;3.0;44,84330000; -0,57008000;
202300025208.0;1;06;06088;2;1;1.0;1.0;43,71050000;7,25591700;
202300025209.0;5;03;03190;2;1;1.0;6.0;46,56730000;3,33800000;
202300025210.0;3;33;33162;2;1;1.0;2.0;44,87350000; -0,63460000;
202300025211.0;1;75;75120;2;1;1.0;2.0;48,85632100;2,41413700;
202300025212.0;1;75;75112;2;1;1.0;3.0;48,82714100;2,39103000;
202300025213.0;1;31;31555;2;1;1.0;6.0;43,61718400;1,43689100;
202300025214.0;1;75;75116;2;1;1.0;2.0;48,87819400;2,27997400;
202300025215.0;2;31;31555;2;1;1.0;3.0;43,60461000;1,47543000;
202300025216.0;1;75;75120;2;1;8.0;1.0;48,86347600;2,38983200;
202300025217.0;1;31;31555;2;1;1.0;3.0;43,63677600;1,46445500;
202300025218.0;1;75;75116;2;7;1.0;6.0;48,83800800;2,25757300;
202300025219.0;1;75;75116;2;1;1.0;3.0;48,86915300;2,28414000;
202300025220.0;3;31;31555;1;1;1.0;6.0;43,63403000;1,47815000;
202300025221.0;1;75;75115;2;1;1.0;6.0;48,83440500;2,31081300;
202300025222.0;1;31;31483;2;1;1.0;6.0;43,10118100;0,71492900;
202300025223.0;1;75;75115;2;1;1.0;6.0;48,84555600;2,31023400;
202300025224.0;1;75;75114;2;1;1.0;7.0;48,83405800;2,32440800;
202300025225.0;1;29;29039;2;1;2.0;3.0;47,87733300; -3,90466400;
202300025226.0;1;75;75113;2;2;1.0;6.0;48,83102900;2,37759200;
202300025227.0;1;26;26252;2;1;1.0;7.0;44,86435000;4,87173000;
202300025228.0;5;75;75111;2;2;1.0;1.0;48,85575800;2,39132700;
202300025229.0;2;75;75110;2;2;1.0;6.0;48,86932500;2,36337200;
202300025230.0;5;25;25056;2;2;1.0;3.0;47,24740000;5,99904000;
202300025231.0;1;75;75110;2;3;1.0;6.0;48,87734300;2,36582800;
202300025232.0;1;19;19031;2;2;1.0;6.0;45,15975397;1,50347471;
202300025233.0;1;75;75110;2;3;1.0;3.0;48,86795100;2,36238200;
202300025234.0;1;75;75108;2;2;1.0;3.0;48,87393100;2,31589300;
202300025235.0;1;17;17415;2;9;1.0;6.0;45,74769300; -0,64027300;
202300025236.0;1;75;75107;2;5;1.0;6.0;48,86258800;2,31902200;
202300025237.0;1;94;94003;2;1;1.0;3.0;48,80412600;2,32505400;
202300025238.0;5;94;94028;2;9;1.0;6.0;48,78788000;2,45014000;
202300025239.0;1;17;17291;1;1;1.0;2.0;46,17414000; -1,12298800;
202300025240.0;1;94;94069;2;1;1.0;6.0;48,81793500;2,44155200;
202300025241.0;5;93;93070;2;1;1.0;2.0;48,91222206;2,34423190;
202300025242.0;1;93;93048;2;9;1.0;3.0;48,87262449;2,45331639;
202300025243.0;1;93;93007;2;6;1.0;6.0;48,94173051;2,45926397;
202300025244.0;1;14;14118;2;1;1.0;6.0;49,19199000; -0,39515000;
202300025245.0;1;92;92075;2;1;1.0;2.0;48,82252000;2,28476000;
202300025246.0;1;92;92048;2;9;1.0;2.0;48,81145000;2,21119000;
202300025247.0;2;13;13117;2;3;1.0;3.0;43,42323000;5,24116000;
202300025248.0;1;92;92024;2;3;1.0;3.0;48,90369789;2,30324775;
202300025249.0;2;13;13106;2;9;1.0;6.0;43,39864000;5,36660000;
202300025250.0;1;92;92024;2;1;1.0;5.0;48,90756000;2,30013000;
202300025251.0;1;92;92012;2;1;1.0;3.0;48,84004000;2,23660000;
202300025252.0;1;92;92014;2;1;1.0;6.0;48,78005000;2,31367000;
202300025253.0;5;13;13209;2;1;1.0;1.0;43,25184466;5,40297287;
202300025254.0;1;17;17045;1;2;1.0;3.0;45,84726200; -0,81910400;
202300025255.0;5;13;13211;2;6;1.0;1.0;43,29743000;5,47950000;
202300025256.0;1;43;43185;1;1;1.0;7.0;45,40078500;3,30212100;
202300025257.0;1;974;97405;1;1;1.0;1.0; -21,36376100;55,55972200;
202300025258.0;5;13;13212;2;3;1.0;3.0;43,30830000;5,43636000;
202300025259.0;5;01;01427;2;1;1.0;6.0;45,94013800;4,77112400;
202300025260.0;1;13;13002;2;6;1.0;6.0;43,35598000;5,48664000;
202300025261.0;2;01;01194;2;1;1.0;3.0;45,98691700;4,76230000;
202300025262.0;1;14;14027;1;1;1.0;6.0;48,98424500; -0,64064000;
202300025263.0;5;13;13207;2;1;1.0;1.0;43,27657930;5,35808882;
202300025264.0;5;13;13001;2;9;1.0;6.0;43,52889000;5,43960000;
202300025265.0;3;13;13001;1;9;1.0;3.0;43,59053000;5,45739000;
202300025266.0;5;10;10387;2;1;1.0;3.0;48,30089000;4,06342000;
202300025267.0;1;09;09207;2;1;1.0;6.0;42,92894000;1,63559000;
202300025268.0;1;06;06029;2;1;1.0;3.0;43,55827000;6,96512000;
202300025269.0;1;06;06027;2;3;1.0;4.0;43,65768000;7,15101000;
202300025270.0;1;06;06027;2;1;1.0;2.0;43,65367900;7,14643600;
202300025271.0;1;02;02243;1;1;1.0;2.0;49,41555000;3,39131000;
202300025272.0;1;02;02722;2;1;1.0;6.0;49,37960000;3,32811000;
202300025273.0;1;02;02722;2;1;7.0;6.0;49,38415000;3,32826000;
202300025274.0;1;02;02722;2;1;1.0;6.0;49,37711000;3,32872000;
202300025275.0;1;75;75118;2;1;2.0;7.0;48,90091100;2,36024600;
202300025276.0;1;75;75114;2;1;1.0;2.0;48,81998400;2,32569600;
202300025277.0;1;75;75119;2;1;1.0;2.0;48,89006900;2,39627400;
202300025278.0;2;75;75120;2;3;8.0;6.0;48,86469100;2,39451300;
202300025279.0;1;75;75120;2;4;1.0;6.0;48,86778300;2,39621500;
202300025280.0;1;75;75116;2;2;2.0;3.0;48,83670900;2,25362600;
202300025281.0;1;75;75113;2;2;1.0;3.0;48,82810700;2,38487400;
202300025282.0;1;75;75111;2;3;1.0;6.0;48,85102200;2,37721500;
202300025283.0;1;75;75108;2;2;1.0;3.0;48,87110500;2,31631300;
202300025284.0;5;75;75101;2;2;1.0;6.0;48,86007500;2,34909000;
202300025285.0;1;75;75102;2;1;1.0;6.0;48,87123300;2,34456600;
202300025286.0;1;94;94081;2;1;1.0;6.0;48,79069675;2,39258653;
202300025287.0;1;94;94068;2;1;1.0;3.0;48,80130000;2,52220000;
202300025288.0;3;94;94068;2;2;1.0;3.0;48,80011100;2,49730100;
202300025289.0;1;94;94076;2;1;1.0;1.0;48,79680000;2,35472000;
202300025290.0;1;94;94076;2;2;3.0;6.0;48,78847000;2,36180000;
202300025291.0;5;94;94076;2;1;1.0;6.0;48,78628700;2,37596800;
202300025292.0;5;94;94011;2;2;1.0;2.0;48,77391641;2,48650870;
202300025293.0;1;94;94028;2;1;1.0;6.0;48,76940400;2,46523500;
202300025294.0;1;93;93078;2;6;3.0;6.0;48,96303000;2,51789000;
202300025295.0;1;93;93070;2;2;1.0;3.0;48,90678000;2,33180000;
202300025296.0;1;93;93066;2;9;1.0;3.0;48,94419700;2,34216600;
202300025297.0;1;93;93062;2;1;2.0;3.0;48,90165044;2,51836945;
202300025298.0;2;93;93055;2;3;1.0;3.0;48,89450000;2,42038000;
202300025299.0;1;93;93051;2;1;1.0;3.0;48,84039000;2,58134000;
202300025300.0;5;93;93049;2;2;1.0;6.0;48,85661600;2,51045900;
202300025301.0;1;93;93046;2;3;1.0;3.0;48,91434000;2,52355000;
202300025302.0;1;93;93079;2;3;1.0;6.0;48,96510000;2,34427000;
202300025303.0;1;93;93029;2;3;1.0;3.0;48,91753800;2,44395300;
202300025304.0;1;93;93029;2;1;2.0;4.0;48,93018000;2,44300000;
202300025305.0;5;93;93027;2;3;1.0;3.0;48,93223909;2,39351173;
202300025306.0;1;93;93057;2;1;1.0;3.0;48,91303400;2,50632200;
202300025307.0;1;93;93001;2;4;8.0;3.0;48,91045057;2,38505949;
202300025308.0;5;93;93001;2;1;1.0;3.0;48,91811200;2,37902300;
202300025309.0;5;92;92072;2;1;1.0;2.0;48,81876000;2,20776000;
202300025310.0;1;92;92063;2;1;1.0;2.0;48,88643352;2,18787253;
202300025311.0;1;92;92062;2;1;1.0;2.0;48,88038250;2,24496156;
202300025312.0;1;92;92050;2;6;8.0;3.0;48,89568222;2,21584193;
202300025313.0;1;92;92048;2;1;3.0;3.0;48,81440703;2,24675596;
202300025314.0;5;92;92026;2;9;1.0;3.0;48,89101128;2,24777484;
202300025315.0;1;92;92024;2;3;1.0;3.0;48,90089256;2,30552137;
202300025316.0;2;92;92007;2;1;2.0;3.0;48,80136958;2,32374287;
202300025317.0;1;80;80425;1;1;1.0;2.0;50,05738000;2,58086400;
202300025318.0;1;01;01105;2;2;1.0;6.0;45,92212500;4,88340100;
202300025319.0;1;01;01325;1;4;1.0;5.0;45,96100100;5,14966900;
202300025320.0;3;17;17413;1;1;1.0;2.0;46,07592500; -1,07303400;
202300025321.0;3;06;06161;1;1;1.0;1.0;43,65745400;7,10844900;
202300025322.0;2;71;71270;1;1;1.0;2.0;46,27568296;4,78786245;
202300025323.0;1;28;28104;1;1;1.0;2.0;48,47547800;1,60182100;
202300025324.0;3;17;17264;1;1;1.0;7.0;46,20667100; -1,15833900;
202300025325.0;3;72;72213;1;1;1.0;1.0;47,93928900;0,23624900;
202300025326.0;1;44;44073;1;1;2.0;7.0;47,41014000; -1,64182000;
202300025327.0;1;30;30060;1;6;1.0;6.0;43,80401900;4,40505600;
202300025328.0;1;76;76198;1;1;2.0;7.0;49,67210100;0,85112900;
202300025329.0;1;76;76142;1;1;1.0;2.0;49,53145100;1,63710200;
202300025330.0;1;76;76330;2;1;1.0;1.0;49,82775200;0,90414400;
202300025331.0;3;80;80142;1;2;1.0;6.0;49,90298600;2,08628700;
202300025332.0;1;71;71450;1;1;1.0;7.0;46,91699400;4,51518800;
202300025333.0;1;63;63452;1;1;1.0;7.0;45,57332653;3,04765024;
202300025334.0;3;49;49055;1;3;1.0;3.0;47,55379915; -0,58140099;
202300025335.0;2;42;42149;2;6;1.0;2.0;45,63843000;4,23592700;
202300025336.0;1;42;42288;1;2;1.0;3.0;45,77055200;4,00452500;
202300025337.0;1;46;46251;2;2;1.0;6.0;44,85989600;1,88896700;
202300025338.0;1;46;46322;1;1;1.0;1.0;44,42682321;1,39449120;
202300025339.0;3;68;68347;1;1;1.0;1.0;47,51446200;7,29434300;
202300025340.0;1;39;39013;2;3;1.0;1.0;46,91333100;5,76722540;
202300025341.0;2;25;25545;1;4;1.0;3.0;47,03284800;6,13228100;
202300025342.0;1;35;35184;2;3;1.0;6.0;48,20067500; -2,04672700;
202300025343.0;1;29;29185;2;1;1.0;2.0;48,65236100; -4,19261300;
202300025344.0;1;31;31542;1;1;1.0;1.0;43,05673000;0,58935600;
202300025345.0;3;31;31592;1;1;1.0;6.0;43,73168500;1,23906800;
202300025346.0;1;38;38150;2;1;1.0;3.0;45,19807400;5,83395700;
202300025347.0;3;02;02780;1;9;1.0;5.0;49,36144300;3,39636300;
202300025348.0;3;26;26099;1;1;1.0;6.0;44,36985600;4,89115800;
202300025349.0;1;58;58205;1;1;1.0;7.0;47,20328800;3,96584200;
202300025350.0;1;72;72312;1;1;1.0;7.0;47,93040500; -0,14762900;
202300025351.0;1;72;72031;1;1;8.0;7.0;48,08602100;0,49631600;
202300025352.0;1;14;14431;1;1;1.0;2.0;49,05655200; -0,11990500;
202300025353.0;1;64;64306;1;1;1.0;3.0;43,36468900; -0,63699200;
202300025354.0;3;64;64353;1;1;1.0;1.0;43,09617300; -0,41774300;
202300025355.0;1;64;64539;1;1;1.0;3.0;43,27317500; -1,02976400;
202300025356.0;1;18;18242;2;9;1.0;7.0;46,82292500;2,91992800;
202300025357.0;1;10;10401;1;2;1.0;3.0;48,22037716;4,42209318;
202300025358.0;1;07;07052;2;1;1.0;6.0;44,94802300;4,77995900;
202300025359.0;1;53;53147;2;1;8.0;6.0;48,30155600; -0,60798200;
202300025360.0;3;04;04024;1;1;1.0;6.0;44,18965900;6,36479600;
202300025361.0;3;17;17107;1;1;1.0;7.0;46,03412500; -0,94264500;
202300025362.0;2;37;37151;1;1;1.0;3.0;47,44436251;0,63521147;
202300025363.0;3;72;72300;1;1;1.0;6.0;48,05565200;0,36769900;
202300025364.0;1;49;49323;1;6;1.0;3.0;47,50886400; -0,47114600;
202300025365.0;1;13;13037;1;1;1.0;3.0;43,54007100;5,20079300;
202300025366.0;1;33;33122;2;1;1.0;1.0;44,75267391; -0,68721011;
202300025367.0;3;68;68278;1;1;1.0;2.0;47,74575050;7,42103219;
202300025368.0;1;06;06085;1;1;1.0;6.0;43,58566340;7,02809630;
202300025369.0;1;34;34166;1;1;1.0;2.0;43,36225900;3,35570100;
202300025370.0;1;13;13114;1;1;1.0;2.0;43,54676700;5,31966800;
202300025371.0;1;987;98729;2;1;1.0;3.0; -17,57700000; -150,20200000;
202300025372.0;2;971;97107;1;1;1.0;6.0;16,02123600; -61,57877700;
202300025373.0;1;29;29233;2;1;2.0;3.0;47,87130953; -3,56392792;
202300025374.0;1;95;95675;1;1;2.0;4.0;49,06283600;2,52315100;
202300025375.0;1;66;66164;2;3;1.0;6.0;42,76620200;2,86936300;
202300025376.0;1;34;34199;2;6;1.0;3.0;43,45100300;3,41661900;
202300025377.0;1;83;83115;1;1;1.0;1.0;43,30894900;6,64973800;
202300025378.0;1;57;57460;1;4;2.0;1.0;49,26618700;6,64326300;
202300025379.0;1;73;73227;1;1;1.0;1.0;45,44796204;6,58444130;
202300025380.0;1;38;38022;2;1;1.0;5.0;45,61204900;5,53767800;
202300025381.0;3;26;26235;2;6;1.0;2.0;44,36426400;4,72619700;
202300025382.0;1;07;07140;1;1;1.0;3.0;45,09323900;4,76401100;
202300025383.0;3;31;31395;1;1;1.0;2.0;43,42372800;1,30352100;
202300025384.0;3;16;16388;1;3;1.0;3.0;45,63705700;0,04514700;
202300025385.0;2;44;44026;2;1;1.0;7.0;47,28911300; -1,43230000;
202300025386.0;1;22;22259;1;1;8.0;3.0;48,45460300; -2,10430400;
202300025387.0;3;22;22002;1;1;1.0;7.0;48,50580100; -2,58880400;
202300025388.0;1;13;13071;1;1;1.0;2.0;43,41556994;5,27772034;
202300025389.0;1;69;69385;1;1;1.0;5.0;45,75244000;4,82000000;
202300025390.0;1;33;33318;1;1;1.0;3.0;44,78882290; -0,62615097;
202300025391.0;1;33;33003;1;1;1.0;3.0;44,93194060; -0,46848267;
202300025392.0;1;33;33281;1;1;1.0;6.0;44,82873109; -0,67551434;
202300025393.0;1;33;33550;1;1;1.0;4.0;44,77689000; -0,55663000;
202300025394.0;3;59;59271;1;1;1.0;2.0;51,00444000;2,31077000;
202300025395.0;1;94;94021;1;1;1.0;2.0;48,76152910;2,34008141;
202300025396.0;1;94;94021;1;1;2.0;2.0;48,76323303;2,34206347;
202300025397.0;1;91;91064;1;1;3.0;2.0;48,75348500;2,22332300;
202300025398.0;1;78;78007;1;1;1.0;4.0;48,89523900;2,00718900;
202300025399.0;1;93;93048;1;1;1.0;3.0;48,87447000;2,43874000;
202300025400.0;5;93;93007;1;1;1.0;7.0;48,94683358;2,44255543;
202300025401.0;1;94;94069;1;1;2.0;2.0;48,81744769;2,43111134;
202300025402.0;1;94;94033;1;1;2.0;3.0;48,85724000;2,48879000;
202300025403.0;1;77;77363;1;1;1.0;2.0;48,92869685;2,62840045;
202300025404.0;3;77;77083;1;9;1.0;5.0;48,83100751;2,60627873;
202300025405.0;1;35;35238;2;1;1.0;6.0;48,11055000; -1,67626000;
202300025406.0;5;974;97411;2;1;1.0;2.0; -20,88083000;55,45992000;
202300025407.0;1;972;97213;2;1;1.0;6.0;14,61339000; -60,99354000;
202300025408.0;1;69;69389;2;2;1.0;3.0;45,78050100;4,80907008;
202300025409.0;5;2B;2B120;1;1;1.0;6.0;42,65615000;9,44143000;
202300025410.0;1;971;97113;1;1;1.0;2.0;16,20873364; -61,47003204;
202300025411.0;1;971;97101;2;9;1.0;3.0;16,25178772; -61,51388615;
202300025412.0;1;91;91432;2;1;1.0;6.0;48,69563000;2,33691500;
202300025413.0;1;87;87065;2;3;1.0;3.0;45,79826000;1,29568000;
202300025414.0;1;83;83123;2;9;1.0;6.0;43,11634000;5,80565900;
202300025415.0;1;83;83069;2;1;1.0;6.0;43,12623000;6,09879000;
202300025416.0;2;78;78299;2;1;1.0;1.0;49,00017000;1,88929000;
202300025417.0;5;77;77284;2;1;1.0;3.0;48,95690000;2,90017000;
202300025418.0;1;77;77186;1;1;1.0;3.0;48,44074000;2,65103000;
202300025419.0;5;76;76351;2;1;1.0;7.0;49,50825000;0,13626000;
202300025420.0;1;74;74281;2;1;3.0;3.0;46,35500000;6,44700000;
202300025421.0;1;67;67180;2;1;1.0;7.0;48,80817000;7,77414000;
202300025422.0;2;64;64445;1;1;1.0;2.0;43,34100000; -0,37975000;
202300025423.0;5;64;64024;2;9;1.0;7.0;43,49618000; -1,53649000;
202300025424.0;1;64;64102;2;1;1.0;2.0;43,48943000; -1,47206000;
202300025425.0;5;63;63245;2;2;1.0;3.0;45,89469253;3,09491515;
202300025426.0;1;63;63113;2;1;1.0;6.0;45,78426000;3,06857000;
202300025427.0;1;62;62215;2;3;1.0;6.0;50,48920000;2,94893000;
202300025428.0;1;59;59378;2;7;1.0;2.0;50,66694000;3,07605000;
202300025429.0;1;58;58194;2;3;1.0;3.0;46,98186000;3,16034000;
202300025430.0;1;54;54184;2;1;1.0;3.0;48,70004353;6,22381926;
202300025431.0;1;53;53130;2;1;1.0;6.0;48,07126000; -0,76226000;
202300025432.0;3;49;49015;1;1;1.0;1.0;47,51506000; -0,56953000;
202300025433.0;5;44;44190;2;1;1.0;6.0;47,18755000; -1,48325000;
202300025434.0;1;42;42187;2;6;1.0;6.0;46,03341000;4,07747000;
202300025435.0;5;35;35241;1;1;1.0;6.0;48,61676570; -2,02935398;
202300025436.0;5;31;31555;2;3;1.0;3.0;43,58185000;1,40781000;
202300025437.0;1;31;31069;2;1;1.0;3.0;43,63793000;1,39024000;
202300025438.0;1;60;60567;2;3;1.0;1.0;49,43686700;1,89904800;
202300025439.0;1;16;16028;2;9;1.0;6.0;45,47641100; -0,16094300;
202300025440.0;1;53;53073;2;1;1.0;6.0;47,81117000; -1,11812300;
202300025441.0;1;85;85278;1;1;1.0;7.0;46,42966400; -1,56727900;
202300025442.0;1;52;52524;1;1;1.0;5.0;48,26459311;5,12330988;
202300025443.0;1;30;30020;1;1;1.0;5.0;43,76149600;4,31570600;
202300025444.0;1;01;01087;1;1;1.0;6.0;46,17128300;5,68336000;
202300025445.0;1;34;34337;2;2;1.0;3.0;43,53004000;3,86589200;
202300025446.0;1;13;13037;1;9;1.0;5.0;43,54762700;5,18287500;
202300025447.0;1;13;13069;1;1;1.0;2.0;43,62433400;5,13181700;
202300025448.0;1;33;33214;1;1;1.0;5.0;44,98458702; -1,06665015;
202300025449.0;1;77;77273;1;1;1.0;1.0;49,05092100;2,73397600;
202300025450.0;1;34;34154;1;1;1.0;4.0;43,59249800;3,94033700;
202300025451.0;1;83;83112;2;1;1.0;3.0;43,17449700;5,71211800;
202300025452.0;1;83;83023;1;1;1.0;3.0;43,39527200;6,14003200;
202300025453.0;1;26;26235;1;1;1.0;7.0;44,37126300;4,67266600;
202300025454.0;1;44;44172;2;6;1.0;3.0;47,25788349; -1,46222770;
202300025455.0;1;29;29103;2;6;1.0;7.0;48,44986027; -4,26536783;
202300025456.0;1;13;13071;1;1;1.0;3.0;43,41418849;5,36456931;
202300025457.0;1;13;13071;1;1;1.0;2.0;43,40439894;5,31594824;
202300025458.0;1;77;77517;1;1;7.0;2.0;48,90909000;2,63770000;
202300025459.0;1;59;59512;2;2;1.0;3.0;50,67534000;3,20244000;
202300025460.0;1;54;54184;2;6;1.0;6.0;48,70823000;6,24356000;