Num_Acc;lum;departement;commune;agglomeration;intersection;meteo;type_collision;lat;long;date
202300025461.0;3;59;59196;1;1;1.0;2.0;50,64469653;2,92983045;
202300025462.0;1;72;72181;2;1;1.0;6.0;47,99252000;0,23296000;
202300025463.0;1;971;97120;2;2;1.0;6.0;16,24088000; -61,53527000;
202300025464.0;1;76;76540;2;2;1.0;3.0;49,45276620;1,05666697;
202300025465.0;1;62;62186;2;1;1.0;6.0;50,44337200;2,72128800;
202300025466.0;1;76;76351;2;3;1.0;6.0;49,49520000;0,10983000;
202300025467.0;5;974;97411;2;1;1.0;2.0; -20,89582000;55,44654000;
202300025468.0;1;974;97411;2;3;1.0;6.0; -20,89123000;55,49098000;
202300025469.0;1;974;97409;2;1;1.0;3.0; -20,97278382;55,65191567;
202300025470.0;1;69;69387;2;1;1.0;6.0;45,73325573;4,82095782;
202300025471.0;1;69;69383;2;2;1.0;6.0;45,76032000;4,84566000;
202300025472.0;5;972;97213;1;1;2.0;6.0;14,65495000; -60,98943000;
202300025473.0;5;972;97209;1;1;1.0;4.0;14,61427000; -61,04671000;
202300025474.0;1;69;69381;2;1;1.0;2.0;45,77246000;4,83888000;
202300025475.0;1;971;97113;1;1;1.0;1.0;16,22720837; -61,47759855;
202300025476.0;1;971;97101;1;3;1.0;3.0;16,25782350; -61,53228611;
202300025477.0;1;91;91161;2;3;1.0;1.0;48,71142000;2,29776000;
202300025478.0;3;91;91432;2;1;1.0;3.0;48,71341000;2,34945000;
202300025479.0;1;83;83123;2;1;1.0;2.0;43,11777000;5,80158100;
202300025480.0;1;83;83129;2;1;1.0;2.0;43,11064100;5,82624300;
202300025481.0;1;83;83090;2;6;1.0;3.0;43,12658000;5,82499000;
202300025482.0;5;81;81004;2;1;1.0;1.0;43,92393000;2,14779000;
202300025483.0;1;81;81004;2;2;1.0;3.0;43,94300000;2,14996000;
202300025484.0;1;76;76351;2;3;1.0;3.0;49,50725311;0,12630093;
202300025485.0;1;71;71076;2;1;1.0;3.0;46,81015000;4,85372000;
202300025486.0;1;71;71475;1;1;1.0;2.0;46,75554000;4,81532000;
202300025487.0;3;02;02586;1;1;3.0;6.0;49,74757000;4,18310900;
202300025488.0;3;02;02361;1;1;2.0;2.0;49,88974100;3,62584200;
202300025489.0;1;69;69266;2;3;1.0;4.0;45,78544000;4,90049000;
202300025490.0;1;02;02146;2;1;2.0;3.0;49,00904400;3,56899600;
202300025491.0;1;69;69282;2;2;1.0;3.0;45,76629000;5,02902000;
202300025492.0;1;84;84123;1;1;1.0;5.0;44,11344200;5,41656000;
202300025493.0;1;84;84089;2;6;1.0;3.0;43,67113100;5,49719800;
202300025494.0;1;03;03118;2;4;1.0;6.0;46,09255800;3,19764300;
202300025495.0;1;15;15251;1;1;1.0;7.0;45,05783470;3,25693131;
202300025496.0;1;69;69259;2;2;1.0;1.0;45,71424000;4,87917000;
202300025497.0;1;15;15092;1;1;2.0;7.0;45,41548064;2,50245273;
202300025498.0;1;15;15162;2;1;1.0;7.0;45,28500200;2,65215800;
202300025499.0;1;15;15120;1;1;3.0;6.0;45,20352100;2,32552100;
202300025500.0;1;69;69029;2;1;1.0;3.0;45,73836000;4,89426000;
202300025501.0;1;01;01015;2;3;8.0;1.0;45,70776400;5,65287900;
202300025502.0;1;01;01457;1;4;1.0;6.0;46,21604900;4,97439100;
202300025503.0;1;01;01447;2;1;1.0;7.0;46,18843900;5,39719500;
202300025504.0;1;85;85008;1;1;2.0;2.0;46,62540800; -1,43866200;
202300025505.0;1;70;70532;1;3;1.0;6.0;47,55401200;6,13133700;
202300025506.0;3;70;70372;1;1;5.0;6.0;47,80552800;5,99141400;
202300025507.0;1;66;66136;2;3;1.0;3.0;42,71754000;2,88934000;
202300025508.0;1;26;26369;1;1;1.0;2.0;44,37685400;5,43266400;
202300025509.0;1;26;26306;1;1;1.0;7.0;44,32900600;5,26288000;
202300025510.0;1;26;26146;1;1;1.0;2.0;44,44965500;4,94407300;
202300025511.0;3;64;64545;1;6;1.0;7.0;43,37311942; -1,68030101;
202300025512.0;1;26;26165;1;1;1.0;1.0;44,78597001;4,84949909;
202300025513.0;1;64;64483;2;1;1.0;3.0;43,39609000; -1,64683000;
202300025514.0;2;58;58245;1;1;1.0;6.0;46,76052500;3,63413600;
202300025515.0;5;58;58151;2;1;1.0;6.0;46,88361200;3,46342900;
202300025516.0;1;66;66161;1;1;1.0;6.0;42,60590100;2,39699800;
202300025517.0;1;64;64445;2;3;1.0;3.0;43,30781000; -0,35486000;
202300025518.0;1;54;54097;2;1;1.0;6.0;48,52489376;6,91921681;
202300025519.0;1;64;64024;2;1;1.0;3.0;43,48104000; -1,51200000;
202300025520.0;3;06;06162;1;1;1.0;3.0;44,06224500;7,60182600;
202300025521.0;1;06;06136;1;1;1.0;7.0;43,90720900;7,47369100;
202300025522.0;1;14;14026;2;1;2.0;7.0;49,21511743; -0,60054159;
202300025523.0;1;62;62065;2;2;1.0;3.0;50,41152800;2,83440800;
202300025524.0;1;05;05114;2;1;2.0;5.0;44,59484100;6,36533800;
202300025525.0;1;60;60057;2;1;1.0;2.0;49,43013137;2,11875200;
202300025526.0;1;05;05096;2;9;1.0;1.0;44,69771300;6,32807100;
202300025527.0;1;60;60057;2;1;1.0;2.0;49,42602000;2,10242000;
202300025528.0;1;50;50471;2;2;3.0;3.0;49,36415300; -1,72908300;
202300025529.0;1;59;59599;2;3;1.0;3.0;50,72285000;3,17164000;
202300025530.0;1;59;59599;2;3;1.0;6.0;50,72470000;3,17564000;
202300025531.0;1;50;50618;1;2;1.0;3.0;49,66839200; -1,37553300;
202300025532.0;1;50;50639;2;1;3.0;6.0;48,83657400; -1,22095800;
202300025533.0;1;59;59356;2;6;1.0;3.0;50,66300000;2,98700000;
202300025534.0;1;50;50239;1;1;2.0;2.0;49,11559600; -1,15669700;
202300025535.0;1;09;09189;1;1;1.0;1.0;42,67578100;1,83536300;
202300025536.0;1;51;51454;1;1;1.0;4.0;49,27311000;4,06095000;
202300025537.0;1;60;60667;1;1;3.0;7.0;49,29186800;2,72218500;
202300025538.0;1;64;64259;2;1;8.0;7.0;43,30307200; -1,25009400;
202300025539.0;1;51;51454;2;1;1.0;6.0;49,26442187;4,03977424;
202300025540.0;1;73;73043;2;3;1.0;3.0;45,75978400;5,93314300;
202300025541.0;1;50;50129;2;1;3.0;2.0;49,63115000; -1,64614000;
202300025542.0;2;18;18132;2;3;1.0;7.0;47,18673100;2,82059700;
202300025543.0;1;50;50129;2;1;2.0;7.0;49,63296000; -1,59046000;
202300025544.0;1;43;43127;2;1;1.0;7.0;45,33322500;4,17889200;
202300025545.0;1;43;43086;1;1;1.0;1.0;45,24446700;3,52200900;
202300025546.0;1;49;49007;2;2;1.0;3.0;47,47141000; -0,54721000;
202300025547.0;1;10;10114;1;1;1.0;7.0;48,51520400;3,64654900;
202300025548.0;1;10;10193;1;1;1.0;6.0;48,42843766;4,42904741;
202300025549.0;1;10;10432;1;1;1.0;6.0;48,06602100;4,23866300;
202300025550.0;1;16;16023;1;1;1.0;6.0;45,92550200;0,22743500;
202300025551.0;2;45;45234;2;2;1.0;3.0;47,89975000;1,89782000;
202300025552.0;1;16;16280;1;1;2.0;7.0;45,75926000;0,33624200;
202300025553.0;3;16;16120;1;1;2.0;7.0;45,60929523;0,24756807;
202300025554.0;1;45;45208;2;1;8.0;1.0;47,99710000;2,74169000;
202300025555.0;1;07;07301;1;1;1.0;6.0;45,10563700;4,67457000;
202300025556.0;1;21;21580;2;1;1.0;6.0;47,45640600;4,66148500;
202300025557.0;3;44;44162;2;1;1.0;1.0;47,21530000; -1,62600000;
202300025558.0;1;40;40310;2;6;1.0;3.0;43,75650800; -1,32524200;
202300025559.0;1;44;44109;2;1;1.0;3.0;47,20487000; -1,54893000;
202300025560.0;1;24;24172;1;1;1.0;1.0;44,93892900;1,02919600;
202300025561.0;5;37;37261;2;7;1.0;3.0;47,37283000;0,68454000;
202300025562.0;1;37;37208;2;1;1.0;3.0;47,36598000;0,71811000;
202300025563.0;1;24;24156;1;1;1.0;5.0;45,04750000;0,85744300;
202300025564.0;1;35;35238;2;3;1.0;3.0;48,11524000; -1,70249000;
202300025565.0;2;04;04113;1;1;1.0;6.0;44,14308700;6,29415800;
202300025566.0;1;33;33318;2;6;1.0;3.0;44,78996000; -0,63451000;
202300025567.0;1;85;85127;1;1;2.0;1.0;46,42400300; -1,51615800;
202300025568.0;1;33;33009;2;3;1.0;3.0;44,65744000; -1,15857000;
202300025569.0;5;31;31555;2;1;1.0;6.0;43,63041000;1,45514000;
202300025570.0;1;28;28304;1;2;1.0;1.0;48,29360100;1,70974700;
202300025571.0;1;31;31555;2;1;1.0;2.0;43,57020000;1,47344000;
202300025572.0;1;28;28147;1;1;3.0;6.0;48,51629900;1,24144400;
202300025573.0;1;31;31555;2;1;1.0;3.0;43,59775000;1,42250000;
202300025574.0;1;31;31483;2;1;1.0;6.0;43,10933000;0,72861000;
202300025575.0;1;17;17150;1;2;2.0;3.0;45,96582500; -0,40231700;
202300025576.0;1;30;30007;2;3;1.0;3.0;44,12504000;4,08979000;
202300025577.0;1;17;17410;1;1;1.0;2.0;45,36213100; -0,72274800;
202300025578.0;1;29;29039;2;6;1.0;3.0;47,88774000; -3,91599000;
202300025579.0;1;28;28404;2;9;1.0;6.0;48,72149000;1,32395000;
202300025580.0;1;37;37273;1;1;1.0;6.0;47,39724900;0,78499700;
202300025581.0;1;28;28085;2;9;1.0;6.0;48,45216000;1,49762000;
202300025582.0;1;37;37109;1;1;1.0;6.0;47,42942300;0,58211400;
202300025583.0;1;25;25056;2;1;8.0;2.0;47,24573000;6,03360000;
202300025584.0;1;37;37050;2;1;1.0;3.0;47,32336700;0,70965200;
202300025585.0;1;22;22278;2;1;1.0;5.0;48,49598000; -2,74956000;
202300025586.0;3;19;19031;1;1;1.0;7.0;45,14548412;1,52894497;
202300025587.0;1;30;30346;1;1;1.0;2.0;43,96621000;4,50935800;
202300025588.0;1;19;19031;2;2;1.0;3.0;45,15740000;1,52375000;
202300025589.0;1;30;30055;1;4;1.0;1.0;44,12320600;4,23613600;
202300025590.0;1;13;13071;1;1;1.0;2.0;43,41071000;5,32595000;
202300025591.0;1;88;88116;1;1;1.0;7.0;47,95148100;6,82711800;
202300025592.0;1;13;13203;2;3;1.0;3.0;43,31427535;5,36974048;
202300025593.0;2;13;13005;1;1;1.0;3.0;43,28291000;5,60651000;
202300025594.0;1;88;88302;1;3;2.0;2.0;47,91687800;6,79193300;
202300025595.0;1;13;13070;2;3;1.0;3.0;43,28141000;5,51613000;
202300025596.0;3;33;33015;1;9;1.0;6.0;44,88508200; -0,26861800;
202300025597.0;2;13;13001;2;1;1.0;7.0;43,52434000;5,45262000;
202300025598.0;1;11;11069;2;1;1.0;6.0;43,21261081;2,35067791;
202300025599.0;5;06;06088;2;1;1.0;3.0;43,67571000;7,20736000;
202300025600.0;3;68;68252;1;1;1.0;3.0;48,14123400;7,36641900;
202300025601.0;1;75;75118;2;1;1.0;2.0;48,90061600;2,33034900;
202300025602.0;1;75;75118;2;1;1.0;3.0;48,90119400;2,35074700;
202300025603.0;2;973;97307;2;2;1.0;3.0;4,84401200; -52,32332600;
202300025604.0;1;75;75115;2;1;1.0;2.0;48,83494100;2,26804000;
202300025605.0;1;75;75112;2;1;1.0;3.0;48,84493300;2,41426000;
202300025606.0;2;75;75115;2;2;2.0;3.0;48,84551600;2,31916300;
202300025607.0;1;973;97307;2;1;1.0;2.0;4,87455300; -52,33129300;
202300025608.0;1;75;75116;2;1;1.0;3.0;48,86908710;2,28549000;
202300025609.0;1;73;73272;1;1;1.0;7.0;45,47323100;6,28805300;
202300025610.0;1;75;75112;2;2;1.0;6.0;48,83622000;2,40290300;
202300025611.0;1;49;49307;1;1;1.0;7.0;47,53487800; -0,32375300;
202300025612.0;1;75;75111;2;3;1.0;3.0;48,86100700;2,37478500;
202300025613.0;1;30;30036;1;1;1.0;3.0;43,78024300;4,29279000;
202300025614.0;1;75;75110;2;2;1.0;4.0;48,87852000;2,35406800;
202300025615.0;1;75;75110;2;2;1.0;3.0;48,87177100;2,35713100;
202300025616.0;3;30;30344;1;2;1.0;5.0;43,73982104;4,24346387;
202300025617.0;1;75;75110;2;3;1.0;3.0;48,87863000;2,35054300;
202300025618.0;1;75;75109;2;4;1.0;5.0;48,87115700;2,33234400;
202300025619.0;1;01;01451;1;1;1.0;2.0;46,23835653;5,27549744;
202300025620.0;5;75;75107;2;3;1.0;2.0;48,85991700;2,29667400;
202300025621.0;1;68;68300;1;1;1.0;6.0;47,79017300;7,39889500;
202300025622.0;1;75;75104;2;2;1.0;6.0;48,85535400;2,35959000;
202300025623.0;2;68;68309;1;1;1.0;2.0;47,67144200;7,47199100;
202300025624.0;1;75;75103;2;3;1.0;3.0;48,86677600;2,36196500;
202300025625.0;5;94;94068;2;1;1.0;6.0;48,78530000;2,49520000;
202300025626.0;1;31;31004;1;1;1.0;6.0;43,45209100;1,59851000;
202300025627.0;1;94;94058;2;1;8.0;3.0;48,84768000;2,49790000;
202300025628.0;1;94;94076;2;1;1.0;3.0;48,79237347;2,36948363;
202300025629.0;1;987;98715;2;9;1.0;3.0; -17,58400000; -149,56000000;
202300025630.0;1;94;94043;2;1;1.0;3.0;48,80901000;2,36263000;
202300025631.0;4;64;64021;1;1;1.0;6.0;43,29819800; -0,23088500;
202300025632.0;5;94;94019;2;2;1.0;6.0;48,79043313;2,52227077;
202300025633.0;1;13;13007;1;1;1.0;1.0;43,36086900;5,61453800;
202300025634.0;1;94;94017;2;1;1.0;2.0;48,82084419;2,49999958;
202300025635.0;5;93;93078;2;2;1.0;3.0;48,95747000;2,54512000;
202300025636.0;1;93;93064;2;3;1.0;3.0;48,88097308;2,48008168;
202300025637.0;1;38;38486;2;9;1.0;2.0;45,15972900;5,69468100;
202300025638.0;1;93;93031;2;1;1.0;1.0;48,94452638;2,33741158;
202300025639.0;5;93;93031;2;3;1.0;1.0;48,95874000;2,30080000;
202300025640.0;1;34;34329;1;1;1.0;2.0;43,29511700;3,19837900;
202300025641.0;5;93;93007;2;2;8.0;2.0;48,93443923;2,46848355;
202300025642.0;1;93;93001;2;1;1.0;6.0;48,90742500;2,37675100;
202300025643.0;1;92;92046;2;3;2.0;3.0;48,81715068;2,30712086;
202300025644.0;1;92;92072;2;1;1.0;6.0;48,82710365;2,22204119;
202300025645.0;1;92;92050;2;5;1.0;2.0;48,89289605;2,18661457;
202300025646.0;1;13;13103;1;1;1.0;2.0;43,66251600;5,09939400;
202300025647.0;1;92;92020;2;1;1.0;6.0;48,79897029;2,28690237;
202300025648.0;1;92;92040;2;1;1.0;7.0;48,82725198;2,27821738;
202300025649.0;3;987;98740;1;1;1.0;1.0; -15,36400000; -147,96400000;
202300025650.0;5;91;91174;2;1;2.0;6.0;48,60539000;2,46733000;
202300025651.0;5;92;92040;2;3;1.0;3.0;48,82593000;2,26953000;
202300025652.0;1;91;91521;2;1;1.0;6.0;48,65895000;2,41210000;
202300025653.0;1;988;98822;1;1;1.0;6.0; -21,00449400;165,40431400;
202300025654.0;1;92;92026;2;3;1.0;3.0;48,90131655;2,26000392;
202300025655.0;1;91;91174;2;1;1.0;3.0;48,60611000;2,46660000;
202300025656.0;3;988;98803;1;1;1.0;6.0; -21,62460800;165,54620900;
202300025657.0;1;974;97403;2;1;1.0;7.0; -21,24439200;55,48027600;
202300025658.0;1;92;92060;2;6;1.0;3.0;48,77279040;2,25171179;
202300025659.0;1;91;91521;2;1;1.0;4.0;48,64241000;2,42043000;
202300025660.0;5;91;91174;2;1;1.0;6.0;48,60427000;2,47750000;
202300025661.0;1;92;92012;2;2;1.0;7.0;48,82554285;2,24188149;
202300025662.0;1;973;97303;1;1;1.0;5.0;5,44187700; -53,11546300;
202300025663.0;3;83;83058;1;1;1.0;6.0;43,54498700;6,32209500;
202300025664.0;5;91;91228;2;1;2.0;6.0;48,63068000;2,41274000;
202300025665.0;1;973;97304;1;4;1.0;3.0;5,08901000; -52,61245300;
202300025666.0;1;84;84087;1;6;1.0;1.0;44,11479000;4,81979000;
202300025667.0;1;41;41157;1;2;1.0;3.0;47,45479100;1,57570700;
202300025668.0;2;76;76231;1;1;8.0;7.0;49,28238100;0,99142400;
202300025669.0;1;11;11203;2;1;1.0;6.0;43,20012000;2,76451000;
202300025670.0;1;971;97118;2;1;1.0;3.0;16,22377100; -61,60279900;
202300025671.0;2;76;76540;2;2;1.0;3.0;49,44323000;1,12272000;
202300025672.0;1;84;84091;2;3;1.0;3.0;44,17447900;4,76161800;
202300025673.0;1;76;76351;2;3;1.0;1.0;49,48534000;0,12710000;
202300025674.0;1;30;30076;2;1;1.0;6.0;44,11331500;4,52404300;
202300025675.0;3;971;97114;1;1;1.0;1.0;16,14483500; -61,58281100;
202300025676.0;1;56;56243;2;1;1.0;6.0;47,63575500; -2,72355800;
202300025677.0;1;71;71486;2;2;1.0;3.0;46,66320200;4,36990300;
202300025678.0;1;82;82025;1;2;1.0;3.0;43,96844600;1,32082200;
202300025679.0;1;972;97228;2;1;1.0;1.0;14,76982000; -60,98557400;
202300025680.0;1;67;67482;2;3;8.0;3.0;48,57750000;7,75478000;
202300025681.0;1;63;63139;1;1;1.0;1.0;45,37334467;3,75282142;
202300025682.0;1;44;44020;1;1;1.0;6.0;47,16923500; -1,65168300;
202300025683.0;1;63;63296;1;9;1.0;3.0;45,77526800;3,38286600;
202300025684.0;5;67;67482;2;1;1.0;6.0;48,58604000;7,74508000;
202300025685.0;1;61;61063;1;1;1.0;7.0;48,71015600; -0,39073600;
202300025686.0;1;33;33214;2;3;1.0;1.0;45,00692800; -1,19302500;
202300025687.0;5;67;67482;2;1;1.0;4.0;48,57431000;7,73997000;
202300025688.0;1;61;61240;1;3;1.0;4.0;48,62688400;0,13113800;
202300025689.0;1;37;37118;1;2;9.0;1.0;47,20783900;0,25390900;
202300025690.0;3;49;49125;2;6;1.0;6.0;47,18837100; -0,28856800;
202300025691.0;5;67;67204;1;1;4.0;6.0;48,62468000;7,73961000;
202300025692.0;2;77;77486;1;1;1.0;6.0;48,70204600;3,10112000;
202300025693.0;1;12;12107;1;1;1.0;6.0;44,36363200;2,89479000;
202300025694.0;2;66;66136;2;3;1.0;3.0;42,69482000;2,88909100;
202300025695.0;1;95;95348;1;1;1.0;2.0;49,07413300;1,95285200;
202300025696.0;1;62;62907;1;9;1.0;1.0;50,48517200;2,98560400;
202300025697.0;1;68;68059;1;1;1.0;5.0;47,73011600;7,16199200;
202300025698.0;3;91;91661;1;1;1.0;1.0;48,69792900;2,24870000;
202300025699.0;1;59;59527;2;1;1.0;6.0;50,66608000;3,04998000;
202300025700.0;1;91;91038;1;1;1.0;7.0;48,48493700;2,22932300;
202300025701.0;1;59;59350;2;1;1.0;3.0;50,60381448;3,05665612;
202300025702.0;3;68;68078;1;1;1.0;1.0;48,04678400;7,32274700;
202300025703.0;1;55;55545;2;1;1.0;3.0;49,15177000;5,39578000;
202300025704.0;2;35;35306;1;2;1.0;6.0;48,57995700; -1,91672800;
202300025705.0;3;29;29281;1;1;1.0;6.0;47,99316700; -3,81510400;
202300025706.0;1;2B;2B193;1;1;1.0;1.0;42,38699100;9,19307800;
202300025707.0;1;49;49267;2;3;1.0;3.0;47,46884000; -0,50133000;
202300025708.0;1;29;29031;1;1;1.0;2.0;47,79859100; -3,52287800;
202300025709.0;5;49;49007;2;1;1.0;2.0;47,46937000; -0,56060000;
202300025710.0;1;2B;2B199;1;1;1.0;2.0;42,65240800;9,07378400;
202300025711.0;2;49;49007;2;1;1.0;2.0;47,46813000; -0,55070000;
202300025712.0;1;2B;2B314;1;1;1.0;7.0;42,68382300;9,17667400;
202300025713.0;1;31;31160;1;1;1.0;3.0;43,67852702;1,26580779;
202300025714.0;4;49;49015;2;1;1.0;6.0;47,50671000; -0,58967000;
202300025715.0;2;2B;2B188;1;1;1.0;7.0;42,59261600;9,36365100;
202300025716.0;2;02;02810;2;1;1.0;6.0;49,25317100;3,09749500;
202300025717.0;2;45;45284;1;1;2.0;4.0;47,92302000;1,99360000;
202300025718.0;1;34;34213;1;3;1.0;3.0;43,47451300;3,67842400;
202300025719.0;1;01;01050;2;3;1.0;2.0;46,38417300;4,99864100;
202300025720.0;5;44;44184;2;5;1.0;3.0;47,28650000; -2,21850000;
202300025721.0;1;34;34063;1;1;1.0;1.0;43,49399700;3,38344600;
202300025722.0;3;44;44162;1;1;1.0;6.0;47,24727000; -1,64693000;
202300025723.0;1;70;70292;2;6;1.0;3.0;47,82800300;5,89912000;
202300025724.0;1;34;34145;2;4;1.0;3.0;43,67417000;4,12766700;
202300025725.0;1;41;41018;2;1;1.0;2.0;47,58153500;1,30608930;
202300025726.0;1;05;05045;1;1;1.0;3.0;44,53263100;6,45459700;
202300025727.0;3;84;84147;1;9;1.0;7.0;43,70247500;5,44342500;
202300025728.0;5;37;37122;2;3;1.0;3.0;47,35514000;0,66696000;
202300025729.0;1;83;83027;1;1;1.0;7.0;43,20178200;5,73536200;
202300025730.0;1;64;64405;1;1;1.0;1.0;43,33827300; -0,26381100;
202300025731.0;5;37;37261;2;2;1.0;7.0;47,38455000;0,67689000;
202300025732.0;1;18;18165;1;1;1.0;1.0;47,34404300;2,30234400;
202300025733.0;1;35;35278;1;3;1.0;2.0;48,15820000; -1,69740000;
202300025734.0;1;83;83127;1;1;1.0;1.0;43,27089400;5,79067500;
202300025735.0;1;16;16194;1;2;1.0;3.0;45,93791300; -0,06793800;
202300025736.0;1;34;34003;2;1;1.0;2.0;43,31690000;3,47500000;
202300025737.0;1;37;37179;2;4;1.0;3.0;47,44980299;0,72437831;
202300025738.0;1;33;33162;2;6;1.0;3.0;44,86404000; -0,66098000;
202300025739.0;1;83;83115;1;1;1.0;3.0;43,32902500;6,66739200;
202300025740.0;1;30;30161;1;1;1.0;2.0;44,02479600;4,11153700;
202300025741.0;5;31;31555;2;1;2.0;1.0;43,55849000;1,39435000;
202300025742.0;1;83;83068;1;3;1.0;3.0;43,28862800;6,60404900;
202300025743.0;2;29;29019;1;1;1.0;2.0;48,42257538; -4,47700816;
202300025744.0;2;88;88488;1;2;1.0;3.0;48,19194000;6,09225200;
202300025745.0;5;22;22113;2;6;1.0;6.0;48,74741000; -3,46130000;
202300025746.0;1;83;83107;1;1;1.0;1.0;43,46173900;6,65483400;
202300025747.0;1;62;62836;1;1;1.0;2.0;50,50919700;2,62329500;
202300025748.0;2;18;18255;1;6;1.0;2.0;47,04059000;2,33040000;
202300025749.0;1;06;06157;2;1;7.0;1.0;43,73344100;7,12121100;
202300025750.0;1;976;97605;2;1;2.0;1.0; -12,83348800;45,12214800;
202300025751.0;1;13;13042;1;1;1.0;6.0;43,30300800;5,66800100;
202300025752.0;5;14;14220;2;2;1.0;3.0;49,35808900;0,07598900;
202300025753.0;1;60;60533;1;1;1.0;2.0;49,55012127;2,73059725;
202300025754.0;5;14;14137;1;3;1.0;3.0;49,18721000; -0,42195000;
202300025755.0;3;987;98714;2;1;1.0;6.0; -16,38800000; -151,76500000;
202300025756.0;1;13;13097;1;1;6.0;1.0;43,59873000;4,77853800;
202300025757.0;3;10;10357;1;1;1.0;2.0;48,30447000;4,09979000;
202300025758.0;1;13;13096;1;1;1.0;1.0;43,52200104;4,38665792;
202300025759.0;1;29;29232;2;2;2.0;3.0;47,98743839; -4,09855038;
202300025760.0;1;10;10387;2;6;1.0;3.0;48,28982000;4,06751000;
202300025761.0;1;988;98821;2;1;2.0;7.0; -22,15156200;166,30218900;
202300025762.0;1;13;13059;1;6;7.0;6.0;43,64214700;5,53433100;
202300025763.0;5;06;06088;2;1;1.0;6.0;43,70960000;7,28396000;
202300025764.0;5;29;29019;2;2;3.0;3.0;48,38581100; -4,49072100;
202300025765.0;1;66;66164;2;6;1.0;3.0;42,77111138;2,88411230;
202300025766.0;1;974;97411;1;1;3.0;6.0; -20,89634657;55,37607729;
202300025767.0;1;29;29019;2;2;1.0;3.0;48,38943600; -4,49262500;
202300025768.0;1;83;83101;1;3;1.0;1.0;43,25118500;6,64449700;
202300025769.0;1;974;97411;2;1;2.0;2.0; -20,87701000;55,44799000;
202300025770.0;1;71;71382;1;8;1.0;3.0;46,51792700;3,85786400;
202300025771.0;1;69;69388;2;1;1.0;6.0;45,73520000;4,86542000;
202300025772.0;1;83;83138;2;1;1.0;2.0;43,60948200;6,73577800;
202300025773.0;3;10;10030;1;1;3.0;6.0;48,32598300;4,02916100;
202300025774.0;2;69;69388;2;1;1.0;1.0;45,73925000;4,86620000;
202300025775.0;3;13;13035;1;1;1.0;7.0;43,67665600;5,02671700;
202300025776.0;1;26;26198;2;9;1.0;3.0;44,55396487;4,74203825;
202300025777.0;1;68;68329;2;1;2.0;6.0;48,04899000;7,11529800;
202300025778.0;1;69;69389;2;1;8.0;6.0;45,76198000;4,80437000;
202300025779.0;3;71;71481;1;2;1.0;7.0;46,19789400;4,77303400;
202300025780.0;1;67;67010;1;1;1.0;3.0;48,39479000;7,38680400;
202300025781.0;5;69;69389;2;1;1.0;6.0;45,76872318;4,80102913;
202300025782.0;1;73;73008;2;6;1.0;3.0;45,70312000;5,92956000;
202300025783.0;5;17;17300;2;3;8.0;3.0;46,15042000; -1,14614000;
202300025784.0;2;67;67080;1;1;2.0;6.0;48,54863500;7,55043400;
202300025785.0;1;57;57211;2;2;1.0;2.0;49,18668600;6,14633600;
202300025786.0;5;69;69034;2;1;1.0;6.0;45,79445201;4,84666421;
202300025787.0;1;69;69029;2;1;1.0;3.0;45,75105000;4,90711000;
202300025788.0;1;971;97113;1;1;1.0;6.0;16,21180000; -61,44070000;
202300025789.0;3;55;55324;1;1;3.0;7.0;49,45929316;5,41275528;
202300025790.0;1;73;73179;2;6;1.0;3.0;45,59858300;5,88687500;
202300025791.0;1;971;97113;1;1;1.0;7.0;16,21793688; -61,50968313;
202300025792.0;1;69;69091;2;1;1.0;2.0;45,58389760;4,76730062;
202300025793.0;1;57;57724;1;6;1.0;3.0;49,26365300;6,10934300;
202300025794.0;1;971;97113;1;1;1.0;4.0;16,21944095; -61,51654959;
202300025795.0;1;14;14437;1;1;2.0;5.0;49,17735000; -0,31747000;
202300025796.0;1;01;01345;1;1;1.0;3.0;45,95579700;5,32580000;
202300025797.0;2;66;66136;2;3;1.0;5.0;42,71977000;2,88659000;
202300025798.0;1;2A;2A004;2;3;2.0;3.0;41,93292609;8,73736113;
202300025799.0;1;13;13117;1;1;1.0;3.0;43,42727907;5,26433786;
202300025800.0;1;69;69127;1;9;1.0;3.0;45,79466900;4,71963600;
202300025801.0;1;03;03040;1;3;1.0;5.0;46,54622500;3,32020500;
202300025802.0;1;2A;2A004;2;9;1.0;3.0;41,94358000;8,75436000;
202300025803.0;1;64;64135;1;1;1.0;6.0;43,55473800; -0,80365400;
202300025804.0;2;13;13210;2;1;1.0;2.0;43,26969573;5,42172105;
202300025805.0;1;66;66136;2;3;1.0;5.0;42,68757000;2,87208000;
202300025806.0;1;2A;2A004;2;1;1.0;6.0;41,93559000;8,79335000;
202300025807.0;1;63;63263;1;1;1.0;1.0;45,76802400;3,02214100;
202300025808.0;1;64;64348;1;1;1.0;2.0;43,32126000; -0,39354000;