Num_Acc;lum;departement;commune;agglomeration;intersection;meteo;type_collision;lat;long;date
202300025809.0;1;14;14733;1;1;1.0;2.0;49,26600061; -0,61310174;
202300025810.0;1;11;11069;2;1;2.0;3.0;43,20849000;2,38387000;
202300025811.0;3;42;42132;1;1;1.0;7.0;45,38510700;4,72740400;
202300025812.0;5;91;91027;2;1;1.0;2.0;48,69760000;2,39460000;
202300025813.0;1;64;64445;2;6;1.0;3.0;43,31640000; -0,37487000;
202300025814.0;1;06;06088;2;1;1.0;6.0;43,71100600;7,29242700;
202300025815.0;1;07;07119;1;1;1.0;7.0;44,82697696;4,08143027;
202300025816.0;1;27;27447;1;2;1.0;3.0;48,96180000;0,95946900;
202300025817.0;1;01;01342;1;1;1.0;6.0;45,89572400;5,02840700;
202300025818.0;1;59;59279;2;1;1.0;6.0;50,78420900;3,13193100;
202300025819.0;2;85;85191;2;6;1.0;3.0;46,69039000; -1,42890000;
202300025820.0;2;60;60612;1;9;1.0;7.0;49,20909200;2,60655500;
202300025821.0;1;01;01185;2;1;2.0;6.0;45,97817600;5,60177700;
202300025822.0;5;75;75120;2;1;2.0;7.0;48,86452890;2,41338193;
202300025823.0;1;59;59512;2;3;1.0;3.0;50,68746500;3,17495500;
202300025824.0;1;59;59091;1;6;1.0;7.0;50,73176517;2,56778598;
202300025825.0;5;75;75112;2;1;1.0;6.0;48,82834422;2,38826573;
202300025826.0;5;59;59360;2;1;1.0;6.0;50,61336000;3,01209000;
202300025827.0;2;83;83137;2;1;3.0;2.0;43,12931000;5,89960000;
202300025828.0;2;81;81038;1;1;1.0;6.0;43,88587700;1,94301400;
202300025829.0;1;13;13213;2;1;1.0;2.0;43,32693815;5,42017771;
202300025830.0;3;81;81165;1;1;1.0;6.0;44,13451300;1,87057300;
202300025831.0;1;57;57672;2;1;1.0;6.0;49,36782000;6,14962000;
202300025832.0;1;83;83090;1;1;1.0;5.0;43,12332000;5,88157000;
202300025833.0;2;75;75106;2;3;1.0;3.0;48,84631300;2,33098500;
202300025834.0;1;33;33192;1;1;1.0;4.0;44,78755600; -0,59835200;
202300025835.0;2;46;46102;2;3;1.0;3.0;44,60805300;2,02604900;
202300025836.0;5;81;81004;2;4;1.0;3.0;43,93107000;2,14725000;
202300025837.0;1;54;54395;2;1;1.0;3.0;48,67801000;6,20537000;
202300025838.0;5;75;75120;2;2;8.0;6.0;48,87210900;2,37703600;
202300025839.0;1;80;80131;1;1;1.0;6.0;49,86376000;2,35148000;
202300025840.0;1;79;79049;2;2;1.0;3.0;46,84026000; -0,49320000;
202300025841.0;1;94;94034;1;1;1.0;4.0;48,75923000;2,32379000;
202300025842.0;1;75;75120;2;1;3.0;1.0;48,85186600;2,40137600;
202300025843.0;1;54;54547;2;3;1.0;3.0;48,65863000;6,17926000;
202300025844.0;3;79;79003;1;1;1.0;2.0;46,30768000; -0,43009000;
202300025845.0;1;95;95277;1;1;1.0;7.0;48,97291672;2,48744845;
202300025846.0;1;77;77495;2;1;8.0;6.0;48,57026000;2,61937000;
202300025847.0;1;17;17064;1;2;1.0;4.0;45,69047100; -1,02487200;
202300025848.0;1;54;54184;1;1;1.0;6.0;48,70171961;6,24256521;
202300025849.0;5;77;77058;2;1;1.0;6.0;48,84274000;2,72389800;
202300025850.0;1;51;51454;2;6;1.0;7.0;49,25228000;4,06286000;
202300025851.0;5;17;17225;2;2;1.0;7.0;45,71515800; -1,15625000;
202300025852.0;3;77;77221;1;1;1.0;6.0;48,85228000;2,72221000;
202300025853.0;1;75;75120;2;5;2.0;3.0;48,87172500;2,40438300;
202300025854.0;4;16;16078;2;1;1.0;6.0;45,72816633;0,18213894;
202300025855.0;1;51;51454;2;6;1.0;3.0;49,22033480;4,02100146;
202300025856.0;1;95;95277;1;1;1.0;2.0;48,97751700;2,49333300;
202300025857.0;5;76;76540;2;3;1.0;3.0;49,43378800;1,04392600;
202300025858.0;1;75;75120;2;3;2.0;1.0;48,86517800;2,40727900;
202300025859.0;5;76;76351;2;1;1.0;6.0;49,49264000;0,16913000;
202300025860.0;1;49;49099;2;2;1.0;3.0;47,05950000; -0,87401000;
202300025861.0;1;93;93005;1;1;1.0;4.0;48,94090000;2,47896000;
202300025862.0;3;86;86274;1;2;3.0;3.0;47,07737500; -0,01969200;
202300025863.0;5;76;76552;2;6;1.0;6.0;49,50903004;0,08466393;
202300025864.0;1;49;49246;1;1;1.0;2.0;47,44816000; -0,51528000;
202300025865.0;1;75;75118;2;3;2.0;3.0;48,89327000;2,36143000;
202300025866.0;1;47;47157;2;1;1.0;6.0;44,50702300;0,14642700;
202300025867.0;5;74;74118;2;1;1.0;6.0;46,18234700;6,23044400;
202300025868.0;1;95;95527;1;1;1.0;5.0;48,98502843;2,50547741;
202300025869.0;5;43;43157;2;2;1.0;3.0;45,04109900;3,88839300;
202300025870.0;1;74;74010;2;1;1.0;6.0;45,90847000;6,12195000;
202300025871.0;1;93;93005;1;1;1.0;2.0;48,94127000;2,47883000;
202300025872.0;5;75;75118;2;3;2.0;6.0;48,89029100;2,35832100;
202300025873.0;1;33;33554;2;3;1.0;3.0;44,87857464; -0,46672213;
202300025874.0;1;38;38158;1;1;1.0;2.0;45,15100000;5,73500000;
202300025875.0;1;72;72181;1;2;1.0;4.0;47,95465000;0,17960000;
202300025876.0;5;33;33056;2;4;1.0;3.0;44,93147534; -0,63366383;
202300025877.0;1;37;37261;2;7;1.0;3.0;47,37371000;0,68213000;
202300025878.0;5;75;75117;2;2;3.0;3.0;48,89356900;2,31179500;
202300025879.0;1;94;94028;1;1;1.0;5.0;48,79310493;2,44131616;
202300025880.0;1;33;33284;2;1;1.0;6.0;44,60584700; -0,93833100;
202300025881.0;1;71;71040;2;3;1.0;2.0;46,67094800;4,38630700;
202300025882.0;1;35;35238;2;6;1.0;6.0;48,08930000; -1,68218000;
202300025883.0;5;75;75117;2;3;2.0;3.0;48,88327700;2,29657700;
202300025884.0;1;77;77495;1;1;1.0;2.0;48,58696000;2,63664700;
202300025885.0;5;34;34108;2;1;1.0;6.0;43,45161500;3,75657800;
202300025886.0;1;85;85163;2;2;1.0;3.0;47,00456609; -2,24534019;
202300025887.0;1;70;70388;2;2;8.0;6.0;47,61683668;6,12439983;
202300025888.0;1;75;75117;2;1;1.0;3.0;48,88212900;2,30013800;
202300025889.0;1;85;85214;1;1;1.0;6.0;46,55128580; -1,66879260;
202300025890.0;1;34;34301;2;1;1.0;2.0;43,39606000;3,69535000;
202300025891.0;1;69;69092;1;1;1.0;1.0;46,00726000;4,71195000;
202300025892.0;1;69;69264;2;1;1.0;6.0;45,98630000;4,71486000;
202300025893.0;1;85;85016;1;1;1.0;3.0;46,66732750; -1,61809390;
202300025894.0;1;75;75117;2;2;2.0;2.0;48,88251700;2,31052000;
202300025895.0;5;34;34172;2;1;1.0;1.0;43,59298000;3,85948000;
202300025896.0;2;77;77175;1;1;1.0;4.0;48,66509800;2,61326100;
202300025897.0;1;69;69290;2;1;8.0;6.0;45,69128000;4,93588000;
202300025898.0;1;85;85300;1;1;1.0;6.0;46,70343900; -1,51963300;
202300025899.0;1;974;97416;2;1;1.0;7.0; -21,28540000;55,46919000;
202300025900.0;1;75;75116;2;4;1.0;6.0;48,86582100;2,29603000;
202300025901.0;1;33;33063;2;1;1.0;2.0;44,83718000; -0,57605000;
202300025902.0;3;44;44159;1;1;1.0;7.0;47,14826500; -1,39984000;
202300025903.0;1;67;67482;2;8;8.0;3.0;48,56676000;7,77375000;
202300025904.0;1;974;97411;2;1;1.0;3.0; -20,88031000;55,44402000;
202300025905.0;1;75;75116;2;2;1.0;3.0;48,84993900;2,27222000;
202300025906.0;1;33;33281;2;3;7.0;3.0;44,85254000; -0,64314000;
202300025907.0;1;50;50294;2;3;1.0;3.0;49,59196800; -1,65552900;
202300025908.0;1;64;64545;2;3;8.0;3.0;43,37794000; -1,67238000;
202300025909.0;1;50;50616;2;1;1.0;3.0;48,66813200; -1,38343500;
202300025910.0;5;75;75115;2;2;3.0;6.0;48,84606916;2,27694869;
202300025911.0;1;33;33069;2;3;1.0;3.0;44,86206000; -0,61585000;
202300025912.0;5;974;97407;2;4;1.0;3.0; -20,93823000;55,29673000;
202300025913.0;1;64;64445;2;1;8.0;4.0;43,31732000; -0,34238000;
202300025914.0;1;75;75115;2;1;3.0;6.0;48,84512300;2,27639100;
202300025915.0;1;14;14658;1;3;1.0;3.0;48,84010500; -0,97889900;
202300025916.0;1;33;33192;2;1;1.0;3.0;44,78612862; -0,60403615;
202300025917.0;1;64;64102;2;1;8.0;3.0;43,48170900; -1,48527600;
202300025918.0;2;56;56178;2;9;1.0;6.0;48,05856700; -2,96913600;
202300025919.0;2;63;63113;2;1;1.0;1.0;45,77988000;3,09170000;
202300025920.0;1;75;75115;2;2;3.0;1.0;48,84956397;2,28126168;
202300025921.0;5;31;31555;2;1;1.0;1.0;43,62645502;1,44355550;
202300025922.0;1;56;56069;2;1;1.0;3.0;47,63995100; -3,44989500;
202300025923.0;3;57;57672;2;1;4.0;6.0;49,38985966;6,18676186;
202300025924.0;1;75;75115;2;1;2.0;7.0;48,85374331;2,28972673;
202300025925.0;1;56;56121;2;1;1.0;6.0;47,76098000; -3,37293000;
202300025926.0;3;29;29181;1;1;2.0;1.0;48,47968700; -4,26012400;
202300025927.0;3;56;56121;2;1;1.0;6.0;47,73867000; -3,38092000;
202300025928.0;1;75;75114;2;3;1.0;6.0;48,84007800;2,32173200;
202300025929.0;3;22;22176;1;1;1.0;6.0;48,45809600; -2,75543300;
202300025930.0;1;29;29232;2;1;1.0;5.0;47,98754000; -4,12920000;
202300025931.0;1;75;75108;2;1;2.0;3.0;48,86546400;2,30140200;
202300025932.0;1;35;35178;1;1;2.0;3.0;48,28798400; -1,43897500;
202300025933.0;5;56;56107;1;1;1.0;4.0;47,72209000; -3,38232000;
202300025934.0;1;28;28404;1;1;1.0;6.0;48,71057000;1,37600000;
202300025935.0;1;35;35334;2;1;1.0;1.0;48,15659600; -1,59170900;
202300025936.0;1;54;54395;2;1;1.0;6.0;48,68180000;6,19760000;
202300025937.0;5;75;75103;2;2;1.0;3.0;48,86684400;2,36191300;
202300025938.0;1;28;28404;2;1;1.0;6.0;48,73044000;1,34035000;
202300025939.0;5;44;44109;2;9;2.0;6.0;47,20671000; -1,53391500;
202300025940.0;1;27;27681;2;1;1.0;7.0;49,07252000;1,47339000;
202300025941.0;1;76;76658;2;1;1.0;6.0;49,50485800;0,36460900;
202300025942.0;3;40;40192;2;1;1.0;7.0;43,91210000; -0,48126000;
202300025943.0;1;75;75102;2;2;5.0;4.0;48,87128500;2,33593200;
202300025944.0;1;76;76647;1;1;1.0;7.0;49,53677900;0,36747500;
202300025945.0;1;27;27299;2;1;1.0;3.0;49,04206000;1,15960000;
202300025946.0;5;13;13004;2;1;1.0;3.0;43,68813000;4,63594000;
202300025947.0;1;37;37261;2;2;1.0;6.0;47,39582000;0,68041000;
202300025948.0;5;75;75104;2;3;1.0;6.0;48,85657300;2,34953000;
202300025949.0;1;27;27229;2;9;1.0;2.0;49,01909020;1,11863200;
202300025950.0;1;02;02309;1;1;1.0;5.0;49,53478000;3,75239400;
202300025951.0;1;34;34172;2;1;1.0;6.0;43,59856000;3,89055000;
202300025952.0;5;06;06088;2;1;1.0;1.0;43,67009700;7,21555600;
202300025953.0;3;59;59267;1;1;1.0;7.0;50,06276600;3,15013600;
202300025954.0;1;94;94081;2;3;2.0;3.0;48,80411000;2,37252000;
202300025955.0;1;25;25056;2;6;1.0;2.0;47,25950000;6,00846000;
202300025956.0;5;33;33063;2;3;1.0;3.0;44,83841029; -0,58173090;
202300025957.0;1;13;13005;1;1;1.0;2.0;43,28699573;5,56574464;
202300025958.0;1;06;06088;2;2;7.0;3.0;43,71635000;7,28254000;
202300025959.0;1;22;22278;2;6;1.0;7.0;48,49826000; -2,75258000;
202300025960.0;5;94;94071;2;4;2.0;3.0;48,76388300;2,52939100;
202300025961.0;1;13;13056;1;1;6.0;2.0;43,39666000;5,04399000;
202300025962.0;2;33;33550;2;3;1.0;3.0;44,79231523; -0,56721479;
202300025963.0;1;06;06088;2;9;1.0;6.0;43,67811730;7,21829910;
202300025964.0;1;94;94075;2;3;2.0;7.0;48,73433000;2,52032000;
202300025965.0;1;17;17415;2;1;1.0;3.0;45,74709000; -0,62831000;
202300025966.0;3;13;13005;1;1;1.0;6.0;43,28656021;5,53658673;
202300025967.0;1;31;31555;2;1;1.0;1.0;43,58576823;1,46136537;
202300025968.0;5;06;06088;2;1;1.0;1.0;43,71941000;7,29651000;
202300025969.0;1;94;94071;2;1;2.0;6.0;48,77546000;2,52428000;
202300025970.0;3;13;13005;1;1;1.0;2.0;43,30337000;5,56959000;
202300025971.0;1;17;17299;2;1;1.0;1.0;45,92563000; -0,97554000;
202300025972.0;1;31;31555;1;1;1.0;3.0;43,60602000;1,40503000;
202300025973.0;1;83;83144;1;1;1.0;2.0;43,13525855;5,99079429;
202300025974.0;1;15;15014;2;1;1.0;2.0;44,92358000;2,43118000;
202300025975.0;3;04;04112;1;1;1.0;3.0;43,83490000;5,80850000;
202300025976.0;1;29;29232;1;1;1.0;2.0;47,97963000; -4,09453000;
202300025977.0;1;13;13028;1;1;1.0;6.0;43,20238637;5,63307923;
202300025978.0;1;93;93073;1;2;1.0;3.0;49,00243984;2,53329813;
202300025979.0;1;13;13103;1;9;1.0;2.0;43,64050502;5,05180556;
202300025980.0;5;75;75114;2;1;1.0;3.0;48,82192200;2,31673300;
202300025981.0;2;69;69199;1;1;1.0;6.0;45,69368763;4,84414887;
202300025982.0;1;29;29019;2;3;7.0;2.0;48,38907000; -4,45671000;
202300025983.0;1;13;13214;2;1;1.0;2.0;43,32617000;5,37449000;
202300025984.0;3;69;69189;1;1;1.0;3.0;45,52385931;4,86057455;
202300025985.0;5;92;92036;2;2;2.0;3.0;48,92488000;2,32542200;
202300025986.0;3;27;27375;2;1;1.0;2.0;49,21439000;1,18029000;
202300025987.0;5;75;75117;2;1;1.0;5.0;48,89317200;2,30352100;
202300025988.0;1;92;92073;2;1;1.0;6.0;48,86400500;2,20859800;
202300025989.0;1;42;42044;1;1;1.0;2.0;45,38886000;4,30136000;
202300025990.0;1;11;11069;2;3;2.0;2.0;43,23029000;2,36051000;
202300025991.0;1;27;27234;1;1;8.0;2.0;49,03396000;1,18650000;
202300025992.0;1;75;75116;2;1;2.0;6.0;48,85724600;2,25848900;
202300025993.0;1;67;67218;1;1;2.0;2.0;48,54934000;7,73059000;
202300025994.0;1;92;92051;2;6;2.0;3.0;48,88669178;2,28305072;
202300025995.0;1;11;11069;2;1;1.0;2.0;43,21171000;2,35737000;
202300025996.0;1;22;22187;1;1;1.0;4.0;48,54518000; -2,80150000;
202300025997.0;1;75;75113;2;1;2.0;2.0;48,82649100;2,38914600;
202300025998.0;1;33;33003;1;1;1.0;3.0;44,93225000; -0,46843000;
202300025999.0;5;92;92050;2;4;2.0;3.0;48,90683256;2,21201509;
202300026000.0;2;18;18033;2;2;2.0;3.0;47,07822100;2,40888100;
202300026001.0;1;10;10387;2;2;7.0;6.0;48,31060000;4,07450000;
202300026002.0;3;75;75105;2;2;1.0;3.0;48,84321700;2,36418000;
202300026003.0;1;92;92035;2;3;1.0;2.0;48,90886000;2,25532000;
202300026004.0;1;13;13206;2;1;1.0;3.0;43,28728046;5,37370697;
202300026005.0;1;75;75119;2;1;2.0;6.0;48,89398600;2,38089500;
202300026006.0;1;10;10362;2;3;1.0;1.0;48,29217692;4,04056871;
202300026007.0;1;92;92024;2;1;2.0;7.0;48,89722326;2,29957011;
202300026008.0;1;33;33487;1;1;2.0;4.0;44,95385559; -0,45651197;
202300026009.0;5;13;13214;2;1;1.0;3.0;43,31590993;5,38871348;
202300026010.0;5;75;75116;2;3;2.0;2.0;48,86489700;2,24907500;
202300026011.0;1;07;07102;2;6;1.0;1.0;44,93759700;4,86353000;
202300026012.0;1;92;92060;2;1;2.0;2.0;48,77400656;2,24489897;
202300026013.0;1;59;59462;1;1;1.0;2.0;50,50830032;3,02539229;
202300026014.0;5;13;13005;2;1;1.0;1.0;43,28492108;5,55100410;
202300026015.0;1;75;75114;2;2;1.0;3.0;48,83480900;2,34157300;
202300026016.0;5;75;75120;2;1;1.0;4.0;48,86694200;2,41322000;
202300026017.0;2;92;92012;2;5;3.0;1.0;48,84120000;2,22520000;
202300026018.0;1;91;91689;1;1;1.0;4.0;48,74852000;2,32784000;
202300026019.0;2;13;13004;2;1;1.0;6.0;43,68520000;4,63402000;
202300026020.0;1;75;75105;2;3;1.0;6.0;48,83718900;2,35300000;
202300026021.0;1;92;92004;2;1;8.0;6.0;48,90824000;2,28414000;
202300026022.0;1;75;75113;2;7;2.0;3.0;48,83109200;2,35606000;
202300026023.0;1;07;07281;2;6;1.0;2.0;44,94340000;4,85760000;
202300026024.0;1;91;91136;1;1;1.0;4.0;48,71458000;2,27288000;
202300026025.0;5;75;75107;2;1;1.0;6.0;48,85564200;2,29518700;
202300026026.0;3;37;37030;1;1;1.0;7.0;47,59452043;0,86339235;
202300026027.0;1;75;75120;2;2;1.0;6.0;48,86495000;2,39726700;
202300026028.0;5;75;75120;2;1;1.0;2.0;48,86260800;2,41355300;
202300026029.0;5;75;75112;2;3;1.0;6.0;48,85099200;2,37720300;
202300026030.0;5;75;75112;2;1;1.0;6.0;48,84225400;2,41363200;
202300026031.0;1;75;75119;2;3;1.0;6.0;48,88483200;2,38196200;
202300026032.0;1;06;06161;1;1;1.0;4.0;43,61866700;7,12983300;
202300026033.0;1;91;91687;1;1;1.0;5.0;48,66085000;2,37098000;
202300026034.0;1;91;91521;1;1;1.0;7.0;48,64264600;2,39173100;
202300026035.0;1;75;75115;2;1;1.0;1.0;48,83881900;2,26944300;
202300026036.0;1;75;75111;2;2;2.0;3.0;48,85041100;2,39251700;
202300026037.0;1;974;97412;2;1;1.0;3.0; -21,37924700;55,62534000;
202300026038.0;1;94;94038;1;1;1.0;4.0;48,78945300;2,34440982;
202300026039.0;2;63;63358;1;1;1.0;6.0;46,02759700;3,04828200;
202300026040.0;5;75;75107;2;2;1.0;3.0;48,85954800;2,32934200;
202300026041.0;1;75;75116;2;7;1.0;3.0;48,87166900;2,27405200;
202300026042.0;1;75;75111;2;3;2.0;3.0;48,86380200;2,38227100;
202300026043.0;1;75;75114;2;1;1.0;6.0;48,82697600;2,31398400;
202300026044.0;1;91;91617;1;9;1.0;2.0;48,64516500;2,53462900;
202300026045.0;1;28;28048;2;1;3.0;6.0;48,31824300;1,42885000;
202300026046.0;5;75;75118;2;1;1.0;4.0;48,90086000;2,36571200;
202300026047.0;1;75;75111;2;2;2.0;6.0;48,86946200;2,37391900;
202300026048.0;1;75;75114;2;3;1.0;6.0;48,83388100;2,32726300;
202300026049.0;5;75;75105;2;3;1.0;6.0;48,84370700;2,35368900;
202300026050.0;1;67;67283;1;1;2.0;1.0;48,69179300;7,38528000;
202300026051.0;1;91;91553;1;1;2.0;4.0;48,63145000;2,50236000;
202300026052.0;1;75;75107;2;1;2.0;2.0;48,85274300;2,30323200;
202300026053.0;1;62;62156;1;1;2.0;7.0;50,88940100;1,75501100;
202300026054.0;1;75;75113;2;3;1.0;3.0;48,82579500;2,35739800;
202300026055.0;1;91;91086;1;1;1.0;2.0;48,62536000;2,39572000;
202300026056.0;1;75;75116;2;2;1.0;3.0;48,87253400;2,26443300;
202300026057.0;3;91;91617;1;1;1.0;6.0;48,64409000;2,53770000;
202300026058.0;1;75;75112;2;1;1.0;2.0;48,83757600;2,43685800;
202300026059.0;5;75;75107;2;3;1.0;3.0;48,84600700;2,31390100;
202300026060.0;1;62;62775;2;1;1.0;1.0;50,78584800;1,90233500;
202300026061.0;1;91;91377;1;1;1.0;3.0;48,72196000;2,29586000;
202300026062.0;1;78;78117;1;1;1.0;6.0;48,78830800;2,13747400;
202300026063.0;1;75;75115;2;2;1.0;3.0;48,83580400;2,28971500;
202300026064.0;1;75;75112;2;3;1.0;2.0;48,84024000;2,43614100;
202300026065.0;1;78;78321;1;1;1.0;2.0;48,79715300;1,90963500;
202300026066.0;5;75;75107;2;3;1.0;2.0;48,85987700;2,30085200;
202300026067.0;1;37;37229;1;1;1.0;2.0;47,57287800;1,05382900;
202300026068.0;1;75;75113;2;2;1.0;5.0;48,81916100;2,35947600;
202300026069.0;1;75;75109;2;2;1.0;3.0;48,87313600;2,32673800;
202300026070.0;1;75;75113;2;1;1.0;6.0;48,82547500;2,34874700;
202300026071.0;5;75;75102;2;2;1.0;3.0;48,86339800;2,35096900;
202300026072.0;1;83;83097;1;1;2.0;1.0;43,46989500;5,75207200;
202300026073.0;1;78;78043;1;1;2.0;5.0;48,82588000;2,07609000;
202300026074.0;1;75;75113;2;2;1.0;6.0;48,84192900;2,36791500;
202300026075.0;1;93;93066;1;1;1.0;7.0;48,93395618;2,38339584;
202300026076.0;1;91;91225;1;1;2.0;2.0;48,66298300;2,51485300;
202300026077.0;5;94;94073;2;1;1.0;2.0;48,77383887;2,39942676;
202300026078.0;5;75;75108;2;2;1.0;3.0;48,87342800;2,32241100;
202300026079.0;2;75;75112;2;3;1.0;6.0;48,84241400;2,38547000;
202300026080.0;4;19;19178;1;2;1.0;1.0;45,26679200;1,55497300;
202300026081.0;1;94;94044;2;1;2.0;2.0;48,75375300;2,48515900;
202300026082.0;1;94;94052;2;1;1.0;6.0;48,83788400;2,49381800;
202300026083.0;1;95;95154;1;1;2.0;6.0;49,04869000;2,54723000;
202300026084.0;1;75;75112;2;2;1.0;3.0;48,84867400;2,37258500;
202300026085.0;1;94;94052;2;9;9.0;1.0;48,83639200;2,47560300;
202300026086.0;3;56;56240;1;1;3.0;7.0;47,52876000; -2,75341100;
202300026087.0;3;95;95582;1;1;8.0;6.0;48,97054000;2,24921000;
202300026088.0;1;94;94076;2;2;1.0;7.0;48,78458800;2,36738100;
202300026089.0;2;75;75112;2;2;1.0;6.0;48,84699300;2,38379800;
202300026090.0;1;93;93005;1;1;2.0;3.0;48,96114000;2,46937000;
202300026091.0;5;94;94069;1;1;2.0;2.0;48,81713700;2,45308800;
202300026092.0;1;2B;2B319;1;1;1.0;2.0;42,43068300;9,52352600;
202300026093.0;1;75;75110;2;1;1.0;6.0;48,86954500;2,36210700;
202300026094.0;1;93;93039;1;1;1.0;2.0;48,92692000;2,33586000;
202300026095.0;1;32;32440;2;9;1.0;7.0;43,63936700;0,02016500;
202300026096.0;1;94;94038;2;9;1.0;6.0;48,78365000;2,34576000;
202300026097.0;5;75;75110;2;2;1.0;7.0;48,87856300;2,35405900;
202300026098.0;1;93;93050;2;2;2.0;6.0;48,85700230;2,53110158;
202300026099.0;1;93;93006;1;1;2.0;3.0;48,86577158;2,41749625;
202300026100.0;1;94;94028;2;1;1.0;6.0;48,77299000;2,43535000;
202300026101.0;1;89;89063;1;1;1.0;1.0;47,98436400;3,27871100;
202300026102.0;5;75;75109;2;1;1.0;1.0;48,87491000;2,33246300;
202300026103.0;1;61;61153;1;1;1.0;6.0;48,71938000; -0,07042400;
202300026104.0;5;93;93048;2;2;1.0;3.0;48,86330000;2,46666000;
202300026105.0;2;93;93051;1;1;1.0;2.0;48,83501479;2,57867375;
202300026106.0;1;94;94041;2;1;8.0;6.0;48,80223837;2,39702582;
202300026107.0;1;93;93066;2;2;1.0;2.0;48,93353710;2,36995843;
202300026108.0;5;93;93029;2;2;8.0;3.0;48,91983718;2,45139844;
202300026109.0;2;94;94080;2;2;1.0;3.0;48,84530000;2,43966000;
202300026110.0;5;93;93066;2;4;1.0;1.0;48,93610499;2,36463480;
202300026111.0;1;12;12200;2;2;1.0;6.0;44,18673900;3,12916400;
202300026112.0;1;93;93027;2;1;2.0;2.0;48,93246000;2,40668000;
202300026113.0;1;12;12090;1;1;1.0;7.0;44,38965100;2,47879000;
202300026114.0;1;94;94080;2;2;1.0;3.0;48,84479311;2,43661469;
202300026115.0;1;93;93055;2;3;1.0;3.0;48,89556000;2,42670000;
202300026116.0;5;94;94052;2;2;2.0;7.0;48,83943000;2,49047000;
202300026117.0;5;93;93029;2;1;2.0;3.0;48,91582975;2,42566963;
202300026118.0;1;46;46083;1;3;1.0;2.0;45,01443700;1,57930600;
202300026119.0;1;93;93055;2;1;1.0;1.0;48,88670569;2,41167734;
202300026120.0;2;93;93007;2;1;2.0;6.0;48,93609325;2,46652331;
202300026121.0;5;94;94041;2;2;1.0;3.0;48,80955000;2,38042000;
202300026122.0;5;46;46038;2;1;1.0;6.0;44,91401400;1,83759200;
202300026123.0;1;93;93006;2;5;1.0;1.0;48,87608000;2,42346000;
202300026124.0;1;94;94076;2;1;1.0;6.0;48,78502500;2,34798900;
202300026125.0;1;93;93005;2;1;2.0;2.0;48,93396000;2,49095700;
202300026126.0;1;47;47252;1;2;1.0;3.0;44,39612100;0,60628700;
202300026127.0;1;93;93079;2;1;1.0;3.0;48,95413000;2,33533000;
202300026128.0;5;94;94018;2;3;1.0;6.0;48,82150400;2,40943100;
202300026129.0;5;93;93001;2;1;2.0;3.0;48,91119500;2,37935800;
202300026130.0;1;86;86032;1;1;2.0;2.0;46,67614700;0,55944800;
202300026131.0;1;93;93072;2;1;2.0;3.0;48,96938000;2,37841000;
202300026132.0;1;92;92078;2;1;2.0;6.0;48,94622000;2,31737000;
202300026133.0;5;92;92078;2;3;1.0;3.0;48,93555653;2,33291656;
202300026134.0;5;35;35062;1;1;2.0;1.0;48,31675600; -1,06214700;
202300026135.0;1;92;92022;1;1;1.0;7.0;48,80421633;2,19461627;
202300026136.0;1;93;93077;2;2;1.0;3.0;48,87850000;2,50976000;
202300026137.0;1;92;92073;2;9;1.0;1.0;48,88040366;2,22938441;
202300026138.0;3;29;29196;1;1;6.0;6.0;48,53139100; -4,62388200;
202300026139.0;1;92;92050;2;1;1.0;6.0;48,89145000;2,20790000;
202300026140.0;5;92;92063;2;1;2.0;6.0;48,88025667;2,18129441;
202300026141.0;5;93;93046;2;2;1.0;7.0;48,91066000;2,51210000;
202300026142.0;1;92;92020;2;1;2.0;6.0;48,80684144;2,29341763;
202300026143.0;1;92;92050;2;1;1.0;2.0;48,90585586;2,21059889;
202300026144.0;1;29;29165;2;3;3.0;6.0;47,79784400; -4,21398400;
202300026145.0;5;93;93006;2;9;1.0;3.0;48,86174347;2,41716000;
202300026146.0;1;93;93032;2;1;1.0;6.0;48,88508000;2,53386000;
202300026147.0;5;92;92036;2;3;1.0;3.0;48,91911964;2,29024887;
202300026148.0;1;92;92050;2;2;1.0;3.0;48,88251811;2,20442981;
202300026149.0;3;03;03176;1;1;1.0;7.0;46,37660500;3,30261000;
202300026150.0;1;93;93010;2;1;1.0;6.0;48,90627407;2,48208672;
202300026151.0;1;92;92049;2;1;1.0;6.0;48,81468000;2,30872100;
202300026152.0;1;58;58092;1;1;1.0;3.0;47,14582100;3,55701100;
202300026153.0;1;92;92036;2;1;3.0;3.0;48,91829653;2,30977035;
202300026154.0;1;93;93057;2;2;1.0;6.0;48,91401411;2,49188873;
202300026155.0;1;92;92035;2;1;1.0;2.0;48,90591598;2,25189149;
202300026156.0;1;92;92007;2;1;2.0;3.0;48,80562937;2,31343317;
202300026157.0;5;54;54076;2;9;1.0;1.0;48,55553300;6,40734900;
202300026158.0;5;93;93001;2;1;2.0;6.0;48,91595602;2,37695038;
202300026159.0;1;92;92007;2;9;1.0;3.0;48,79057739;2,31467396;