Num_Acc;lum;departement;commune;agglomeration;intersection;meteo;type_collision;lat;long;date
202300026160.0;1;92;92014;2;1;2.0;6.0;48,78097617;2,31598015;
202300026161.0;1;06;06079;2;6;1.0;3.0;43,55380100;6,95287800;
202300026162.0;1;92;92078;2;6;1.0;3.0;48,94292035;2,31832069;
202300026163.0;1;92;92002;2;1;1.0;6.0;48,75220475;2,30452314;
202300026164.0;1;35;35120;2;1;8.0;3.0;48,22333800; -1,79332200;
202300026165.0;3;50;50551;1;1;3.0;1.0;49,39740100; -1,54071500;
202300026166.0;5;92;92026;2;3;1.0;2.0;48,89770303;2,25656658;
202300026167.0;1;92;92025;2;1;8.0;6.0;48,91574000;2,22674000;
202300026168.0;1;39;39097;2;3;1.0;3.0;46,73963300;5,91524000;
202300026169.0;1;86;86007;1;2;7.0;3.0;46,85369100;0,53598000;
202300026170.0;3;95;95487;1;1;1.0;6.0;49,14932100;2,24812000;
202300026171.0;2;45;45193;1;1;1.0;1.0;47,80478643;2,07195184;
202300026172.0;1;06;06149;1;1;1.0;7.0;43,74597500;7,31491000;
202300026173.0;1;974;97412;2;6;2.0;6.0; -21,37481100;55,62634900;
202300026174.0;1;33;33191;2;2;2.0;3.0;45,01116600;0,02688100;
202300026175.0;1;43;43040;2;1;3.0;3.0;45,31013800;3,37552800;
202300026176.0;1;64;64256;2;1;1.0;5.0;43,36721600; -1,35852800;
202300026177.0;3;974;97412;2;6;3.0;3.0; -21,37283800;55,62027600;
202300026178.0;1;68;68089;1;1;1.0;7.0;47,93029700;7,03603500;
202300026179.0;1;17;17133;1;1;1.0;7.0;45,58519700; -0,70885400;
202300026180.0;1;31;31022;2;1;1.0;6.0;43,67743900;1,41518300;
202300026181.0;1;16;16287;1;1;8.0;1.0;45,56781830; -0,01189423;
202300026182.0;2;77;77304;1;1;5.0;1.0;48,83980100;3,47020800;
202300026183.0;1;974;97405;2;1;1.0;6.0; -21,36876700;55,57526900;
202300026184.0;2;27;27130;1;1;1.0;6.0;49,05206763;0,45763154;
202300026185.0;3;83;83004;1;1;1.0;6.0;43,47758000;6,48265200;
202300026186.0;1;51;51237;2;1;1.0;6.0;48,73226200;3,55725300;
202300026187.0;1;67;67367;1;1;1.0;1.0;48,72279000;7,38176200;
202300026188.0;1;53;53147;2;6;1.0;3.0;48,30838000; -0,63283000;
202300026189.0;3;41;41256;1;1;1.0;7.0;47,31543200;2,04998000;
202300026190.0;1;89;89419;1;1;8.0;5.0;47,75559800;3,29428900;
202300026191.0;2;04;04084;1;1;5.0;6.0;43,93765900;6,16186000;
202300026192.0;5;971;97132;2;1;1.0;3.0;15,96657900; -61,65713000;
202300026193.0;2;83;83036;2;9;1.0;3.0;43,18382200;6,54232600;
202300026194.0;2;63;63003;1;1;4.0;1.0;45,57813331;3,74142408;
202300026195.0;1;85;85146;1;1;1.0;5.0;46,98001300; -1,35387600;
202300026196.0;1;974;97413;2;1;1.0;3.0; -21,20004700;55,29403900;
202300026197.0;2;48;48156;1;1;5.0;6.0;44,45481700;3,19118500;
202300026198.0;1;76;76638;1;1;1.0;1.0;49,99615400;1,43560400;
202300026199.0;1;41;41211;2;1;1.0;1.0;47,32597400;1,12848800;
202300026200.0;3;27;27493;1;2;2.0;3.0;49,31639800;1,23890200;
202300026201.0;1;22;22020;2;2;1.0;3.0;48,31763600; -2,25445600;
202300026202.0;3;34;34194;1;1;1.0;4.0;43,52213400;3,44331300;
202300026203.0;3;44;44178;1;1;2.0;1.0;47,10113300; -1,73811400;
202300026204.0;2;28;28387;1;1;2.0;6.0;48,31180600;1,00170700;
202300026205.0;3;30;30060;1;3;1.0;3.0;43,79740600;4,39476700;
202300026206.0;5;35;35297;2;1;1.0;4.0;48,18648300; -2,18943900;
202300026207.0;1;30;30256;1;1;1.0;3.0;44,18128300;4,58303200;
202300026208.0;1;87;87078;1;3;2.0;6.0;45,98740200;0,94370300;
202300026209.0;1;58;58273;1;1;8.0;1.0;46,99483100;3,26877600;
202300026210.0;1;59;59149;1;1;1.0;6.0;50,06497700;3,40916300;
202300026211.0;1;57;57556;2;3;1.0;6.0;49,05050900;6,93131100;
202300026212.0;3;14;14055;1;1;2.0;6.0;49,25854900;0,09033000;
202300026213.0;1;56;56036;1;3;1.0;3.0;47,78544400; -3,32688300;
202300026214.0;3;64;64216;1;1;9.0;1.0;43,25267400; -0,13073100;
202300026215.0;1;78;78620;1;9;2.0;1.0;48,73996000;2,12552700;
202300026216.0;1;51;51115;2;1;2.0;5.0;49,19811100;4,01317500;
202300026217.0;1;53;53216;2;7;1.0;6.0;48,35021700; -0,58102300;
202300026218.0;1;56;56260;2;3;1.0;3.0;47,65406700; -2,73641500;
202300026219.0;1;17;17003;1;1;1.0;1.0;46,10196900; -0,91896400;
202300026220.0;1;987;98715;2;3;1.0;3.0; -17,54723500; -149,58527300;
202300026221.0;1;82;82155;1;4;1.0;6.0;44,17447500;1,79613600;
202300026222.0;2;80;80620;2;1;2.0;6.0;49,92917900;2,93469400;
202300026223.0;1;24;24055;1;1;1.0;6.0;45,29380000;0,58148100;
202300026224.0;5;37;37273;1;6;1.0;2.0;47,39396984;0,78866065;
202300026225.0;1;11;11209;1;1;1.0;1.0;42,97008800;2,25942300;
202300026226.0;1;82;82134;1;1;5.0;1.0;44,06506700;1,50099100;
202300026227.0;1;978;97801;2;1;1.0;1.0;18,08582700; -63,06616400;
202300026228.0;3;46;46228;2;2;1.0;6.0;44,90802600;1,82088200;
202300026229.0;1;65;65456;2;1;1.0;6.0;43,12377500;0,41715900;
202300026230.0;3;42;42279;2;1;5.0;6.0;45,49882200;4,24219300;
202300026231.0;1;55;55166;1;1;2.0;6.0;49,11908600;5,38934100;
202300026232.0;1;988;98817;2;3;1.0;3.0; -22,23845000;166,58110000;
202300026233.0;1;987;98712;2;1;1.0;7.0; -17,27900000; -149,54200000;
202300026234.0;1;68;68098;2;1;1.0;1.0;47,56724600;7,14767900;
202300026235.0;1;49;49331;2;9;2.0;7.0;47,68076700; -0,87455800;
202300026236.0;1;973;97311;2;1;1.0;6.0;5,49769000; -54,02939900;
202300026237.0;2;69;69007;1;1;9.0;3.0;45,50560300;4,84130700;
202300026238.0;1;39;39101;1;1;1.0;7.0;47,10850700;5,43080500;
202300026239.0;1;86;86082;2;1;2.0;7.0;46,28705400;0,24437200;
202300026240.0;3;978;97801;1;1;2.0;5.0;18,06618800; -63,12869100;
202300026241.0;1;69;69235;2;1;8.0;6.0;45,53036900;4,86488300;
202300026242.0;3;25;25466;1;1;2.0;2.0;47,19653600;5,84554200;
202300026243.0;1;974;97401;1;1;1.0;3.0; -21,24996200;55,32149400;
202300026244.0;1;83;83047;2;3;1.0;3.0;43,11904500;6,06467800;
202300026245.0;1;35;35095;2;6;2.0;3.0;48,55177559; -1,72602430;
202300026246.0;1;03;03267;1;3;1.0;3.0;46,31470600;3,26303900;
202300026247.0;2;33;33085;1;1;1.0;3.0;44,76396700; -0,49512500;
202300026248.0;1;04;04245;2;3;1.0;3.0;43,86812900;5,84292400;
202300026249.0;1;29;29266;2;1;1.0;7.0;48,52433928; -3,93563402;
202300026250.0;2;01;01069;1;1;1.0;1.0;46,11449400;5,24438400;
202300026251.0;3;77;77196;1;1;1.0;2.0;48,95052100;2,76119500;
202300026252.0;1;31;31033;2;1;1.0;6.0;43,35619000;1,46059200;
202300026253.0;1;13;13048;1;1;1.0;1.0;43,62227500;5,66919200;
202300026254.0;1;34;34344;2;1;1.0;7.0;43,56384600;4,08461300;
202300026255.0;1;01;01010;1;1;1.0;2.0;45,88435700;5,77942600;
202300026256.0;1;21;21292;2;1;1.0;3.0;47,23716700;5,22459400;
202300026257.0;1;58;58295;1;1;1.0;6.0;47,31420000;2,92489400;
202300026258.0;3;42;42265;1;1;1.0;6.0;45,43856300;4,72804800;
202300026259.0;1;34;34344;2;2;1.0;3.0;43,56123000;4,07692600;
202300026260.0;3;02;02540;1;1;2.0;1.0;49,00490400;3,42238000;
202300026261.0;1;66;66048;1;1;1.0;7.0;42,44898100;3,16212600;
202300026262.0;1;64;64139;1;1;8.0;7.0;43,17963300; -0,34705100;
202300026263.0;3;03;03214;1;1;2.0;7.0;46,44596000;3,02744200;
202300026264.0;1;72;72169;1;1;1.0;7.0;47,95190774;0,03577885;
202300026265.0;1;83;83112;2;3;1.0;2.0;43,18016500;5,70922100;
202300026266.0;1;40;40019;2;1;8.0;7.0;44,21451000; -1,19894700;
202300026267.0;3;83;83064;1;1;1.0;7.0;43,32073576;6,02296362;
202300026268.0;5;14;14488;2;1;2.0;3.0;49,27959300; -0,24984200;
202300026269.0;1;01;01203;1;1;1.0;5.0;46,25091300;4,87614900;
202300026270.0;1;71;71297;2;1;2.0;6.0;46,86126600;4,24292700;
202300026271.0;1;27;27123;1;3;1.0;3.0;49,01238600;1,30082800;
202300026272.0;5;26;26165;2;1;2.0;6.0;44,77343233;4,84495574;
202300026273.0;5;60;60471;2;1;1.0;6.0;49,58662900;2,99208200;
202300026274.0;1;60;60619;1;1;2.0;7.0;49,11832984;2,77846267;
202300026275.0;3;72;72056;1;1;1.0;6.0;48,39059700;0,11245400;
202300026276.0;1;64;64436;2;1;1.0;6.0;43,23111000; -1,30023800;
202300026277.0;5;57;57683;2;4;1.0;2.0;49,30127300;6,16253000;
202300026278.0;1;59;59051;2;1;2.0;6.0;50,53292100;2,80434600;
202300026279.0;2;73;73010;1;1;1.0;7.0;45,78384711;5,86771896;
202300026280.0;2;06;06138;2;1;1.0;3.0;43,51611300;6,93777500;
202300026281.0;1;79;79049;2;1;1.0;6.0;46,84016900; -0,49454600;
202300026282.0;1;10;10184;1;1;1.0;7.0;48,41894800;4,61340000;
202300026283.0;3;94;94038;1;1;1.0;3.0;48,77497329;2,34633377;
202300026284.0;1;33;33207;2;1;1.0;6.0;44,91534000; -0,36283900;
202300026285.0;1;10;10345;1;1;1.0;7.0;48,39991100;4,49034000;
202300026286.0;2;60;60511;1;1;1.0;5.0;49,59965100;2,96991300;
202300026287.0;1;13;13071;1;1;1.0;2.0;43,40372376;5,31157590;
202300026288.0;1;94;94003;1;1;1.0;5.0;48,80197950;2,34359623;
202300026289.0;5;64;64233;2;1;1.0;1.0;43,55988100; -0,26913800;
202300026290.0;1;10;10232;2;1;1.0;3.0;48,09162800;4,38755200;
202300026291.0;3;67;67482;1;1;1.0;2.0;48,56562946;7,73265302;
202300026292.0;5;91;91377;2;1;1.0;6.0;48,72372000;2,27818200;
202300026293.0;1;36;36018;2;1;1.0;6.0;46,62965100;1,06275000;
202300026294.0;1;64;64191;1;1;1.0;7.0;43,15394947; -0,21797508;
202300026295.0;2;59;59515;1;1;1.0;7.0;50,33399000;3,44717000;
202300026296.0;1;40;40134;2;1;1.0;6.0;44,21014900; -0,92449800;
202300026297.0;3;78;78291;1;1;1.0;2.0;48,96567600;1,75021200;
202300026298.0;1;21;21154;2;5;1.0;6.0;47,86256800;4,58087200;
202300026299.0;1;30;30133;2;1;1.0;7.0;43,52171000;4,13543500;
202300026300.0;3;94;94034;1;1;2.0;2.0;48,75359848;2,33149496;
202300026301.0;1;94;94016;1;1;3.0;7.0;48,79505260;2,34443674;
202300026302.0;1;78;78090;1;1;1.0;5.0;48,97013400;1,90948000;
202300026303.0;1;40;40031;1;1;1.0;4.0;43,82892400; -0,85446900;
202300026304.0;1;91;91286;1;1;2.0;2.0;48,65349000;2,38115000;
202300026305.0;1;92;92047;1;1;1.0;3.0;48,83343519;2,16195504;
202300026306.0;1;67;67415;1;1;1.0;6.0;48,92018700;7,51318900;
202300026307.0;2;85;85034;1;3;2.0;3.0;46,61526000; -1,14912800;
202300026308.0;1;94;94073;1;1;2.0;2.0;48,77139558;2,39237225;
202300026309.0;3;13;13113;1;1;1.0;2.0;43,59018145;5,48014692;
202300026310.0;3;94;94073;1;1;1.0;7.0;48,75460606;2,38177965;
202300026311.0;1;92;92019;1;1;2.0;4.0;48,75989409;2,27833686;
202300026312.0;3;27;27565;1;2;2.0;3.0;48,89940600;0,83999300;
202300026313.0;1;34;34255;1;6;1.0;2.0;43,70846200;3,81879000;
202300026314.0;3;94;94017;1;1;2.0;7.0;48,83032290;2,48934965;
202300026315.0;5;971;97103;2;6;1.0;6.0;16,24096000; -61,58292500;
202300026316.0;1;28;28135;1;1;1.0;1.0;48,58933300;1,68779300;
202300026317.0;1;75;75112;2;4;1.0;6.0;48,82773680;2,39321172;
202300026318.0;1;974;97407;2;9;2.0;3.0; -20,93663000;55,29021000;
202300026319.0;3;69;69077;1;1;1.0;2.0;46,17114492;4,77007821;
202300026320.0;3;87;87154;2;1;2.0;7.0;45,89004500;0,89202800;
202300026321.0;5;75;75120;2;3;1.0;6.0;48,85474900;2,41024800;
202300026322.0;1;973;97302;2;1;1.0;2.0;4,93562000; -52,31318000;
202300026323.0;1;30;30146;1;1;1.0;7.0;43,97966100;4,10363000;
202300026324.0;2;60;60482;2;4;1.0;3.0;49,15512000;2,52066200;
202300026325.0;5;75;75117;2;2;1.0;3.0;48,88004300;2,29887000;
202300026326.0;3;95;95213;1;1;1.0;6.0;49,11069930;2,05553770;
202300026327.0;3;48;48156;1;1;5.0;6.0;44,47058700;3,17816000;
202300026328.0;1;973;97302;2;1;1.0;3.0;4,91432000; -52,32094000;
202300026329.0;5;75;75117;2;2;1.0;3.0;48,89432700;2,31363600;
202300026330.0;3;08;08164;1;1;2.0;6.0;49,37153300;4,72086500;
202300026331.0;1;91;91041;1;1;1.0;1.0;48,57334200;2,23850700;
202300026332.0;1;972;97213;1;1;1.0;5.0;14,61400000; -61,01300000;
202300026333.0;2;75;75116;2;7;1.0;6.0;48,85856800;2,28450200;
202300026334.0;1;78;78601;1;1;1.0;1.0;48,58622800;1,86979500;
202300026335.0;1;34;34116;2;1;1.0;1.0;43,65014500;3,83388100;
202300026336.0;1;971;97113;1;1;1.0;1.0;16,23777000; -61,45073000;
202300026337.0;1;75;75116;2;7;1.0;6.0;48,86991100;2,28529700;
202300026338.0;2;69;69027;2;1;1.0;6.0;45,67140069;4,76083568;
202300026339.0;1;2B;2B042;1;1;1.0;2.0;42,58084300;9,43982500;
202300026340.0;1;2A;2A004;2;3;1.0;3.0;41,94854000;8,76600000;
202300026341.0;5;75;75115;2;3;1.0;3.0;48,82900400;2,29895800;
202300026342.0;1;971;97116;2;3;1.0;3.0;16,33229242; -61,45721108;
202300026343.0;3;11;11337;1;1;1.0;6.0;43,21850000;2,62761000;
202300026344.0;3;95;95427;2;3;2.0;6.0;48,95634513;2,33226120;
202300026345.0;1;75;75115;2;2;8.0;2.0;48,83830500;2,29846200;
202300026346.0;1;68;68117;2;9;1.0;2.0;48,04258500;7,17483900;
202300026347.0;1;78;78597;1;1;1.0;1.0;48,95370200;1,65639800;
202300026348.0;1;95;95428;2;4;8.0;6.0;48,97742000;2,30716000;
202300026349.0;2;75;75114;2;5;1.0;6.0;48,83058000;2,31929800;
202300026350.0;1;67;67368;1;1;1.0;7.0;48,44349667;7,33787114;
202300026351.0;3;30;30128;1;1;1.0;7.0;43,72896400;4,37229000;
202300026352.0;1;75;75111;2;1;1.0;3.0;48,86484400;2,36826800;
202300026353.0;5;91;91552;1;1;2.0;2.0;48,60338000;2,24823000;
202300026354.0;5;75;75110;2;1;1.0;3.0;48,87912300;2,36874200;
202300026355.0;2;34;34022;1;1;1.0;6.0;43,66105700;4,02763700;
202300026356.0;1;91;91514;1;1;1.0;2.0;48,66399000;2,52435000;
202300026357.0;1;81;81099;1;1;1.0;1.0;43,90906000;1,86662000;
202300026358.0;5;75;75110;2;3;1.0;6.0;48,87012500;2,35106100;
202300026359.0;5;91;91589;2;1;2.0;6.0;48,68024000;2,36482000;
202300026360.0;1;65;65192;1;1;1.0;7.0;42,77631192;0,01439667;
202300026361.0;1;83;83104;1;1;7.0;2.0;43,61432600;5,76405100;
202300026362.0;1;75;75110;2;2;8.0;7.0;48,86817200;2,36542800;
202300026363.0;1;90;90032;2;9;1.0;3.0;47,62004000;6,87221000;
202300026364.0;3;17;17483;1;1;1.0;6.0;46,05941800; -1,05907000;
202300026365.0;1;75;75108;2;2;1.0;6.0;48,87703600;2,29739900;
202300026366.0;5;13;13015;2;3;1.0;3.0;43,46034900;5,40569200;
202300026367.0;3;29;29247;1;6;1.0;6.0;47,95058700; -4,02288400;
202300026368.0;3;83;83050;1;1;1.0;1.0;43,51612109;6,42908549;
202300026369.0;3;25;25170;1;1;2.0;6.0;47,49366800;6,77923000;
202300026370.0;1;22;22162;2;1;1.0;2.0;48,78397100; -3,04856700;
202300026371.0;4;38;38087;2;1;1.0;6.0;45,58342900;4,79849300;
202300026372.0;1;78;78586;2;2;1.0;2.0;48,94428000;2,16436000;
202300026373.0;1;38;38565;2;1;1.0;6.0;45,29833600;5,63412000;
202300026374.0;1;02;02221;1;1;1.0;1.0;49,02641600;3,27032100;
202300026375.0;1;69;69059;2;1;3.0;6.0;45,85889503;4,71361069;
202300026376.0;5;76;76497;2;2;2.0;2.0;49,38823900;1,02284200;
202300026377.0;1;69;69382;1;1;1.0;4.0;45,73748000;4,82112000;
202300026378.0;1;81;81099;2;1;1.0;3.0;43,90652300;1,89876000;
202300026379.0;1;33;33318;1;1;1.0;3.0;44,79290911; -0,64932793;
202300026380.0;1;76;76165;2;3;1.0;3.0;49,28375600;1,01677500;
202300026381.0;1;81;81117;1;1;1.0;5.0;43,79089300;1,97941700;
202300026382.0;1;76;76351;2;1;1.0;3.0;49,50170000;0,12663000;
202300026383.0;1;94;94034;1;1;1.0;2.0;48,75620362;2,33732646;
202300026384.0;1;92;92002;1;1;1.0;3.0;48,73011830;2,30785096;
202300026385.0;5;72;72181;2;1;1.0;6.0;47,98009000;0,20897000;
202300026386.0;3;91;91570;1;1;1.0;7.0;48,62503000;2,32287000;
202300026387.0;1;57;57323;1;1;3.0;1.0;49,39521600;6,15130300;
202300026388.0;1;72;72003;2;3;1.0;3.0;47,96877000;0,16382000;
202300026389.0;1;78;78124;1;1;1.0;2.0;48,91362000;2,16133000;
202300026390.0;1;13;13005;1;1;1.0;3.0;43,28771000;5,54383000;
202300026391.0;5;92;92062;1;1;1.0;3.0;48,89356969;2,23306507;
202300026392.0;1;69;69264;2;1;1.0;3.0;45,99046000;4,70818000;
202300026393.0;1;69;69271;1;1;8.0;2.0;45,74893180;4,99278264;
202300026394.0;1;69;69264;2;9;1.0;6.0;45,97885088;4,71609236;
202300026395.0;1;92;92036;1;1;1.0;3.0;48,93280548;2,30212520;
202300026396.0;1;69;69271;1;1;2.0;7.0;45,75053000;4,98513000;
202300026397.0;1;66;66136;2;1;1.0;7.0;42,69726843;2,92466462;
202300026398.0;1;95;95018;1;1;1.0;5.0;48,95927808;2,27316141;
202300026399.0;4;33;33075;1;1;2.0;5.0;44,88998961; -0,61373100;
202300026400.0;1;93;93027;1;1;1.0;5.0;48,93398895;2,39130199;
202300026401.0;1;63;63113;2;5;1.0;4.0;45,77811000;3,09613000;
202300026402.0;1;94;94034;1;1;2.0;3.0;48,76020129;2,32061692;
202300026403.0;1;93;93066;1;1;1.0;5.0;48,92365000;2,34243000;
202300026404.0;1;62;62757;2;1;1.0;1.0;50,75919200;2,22099100;
202300026405.0;1;92;92036;1;1;1.0;3.0;48,94355783;2,28738079;
202300026406.0;1;94;94043;1;1;1.0;4.0;48,80361760;2,34401681;
202300026407.0;1;62;62617;2;1;1.0;3.0;50,47311000;2,66788000;
202300026408.0;1;91;91645;1;1;1.0;2.0;48,75969000;2,26549000;
202300026409.0;1;95;95500;1;1;1.0;4.0;49,04172210;2,08038300;
202300026410.0;1;59;59163;2;1;2.0;2.0;50,66738000;3,15749000;
202300026411.0;1;91;91553;1;1;1.0;3.0;48,63139000;2,49287000;
202300026412.0;1;59;59350;2;1;2.0;6.0;50,61911300;3,05872000;
202300026413.0;1;92;92036;1;1;1.0;2.0;48,93788866;2,29766722;
202300026414.0;1;91;91689;1;1;1.0;2.0;48,74267000;2,32250000;
202300026415.0;1;59;59328;2;1;1.0;2.0;50,65572000;3,01640000;
202300026416.0;1;94;94018;1;1;1.0;6.0;48,82050762;2,40183223;
202300026417.0;4;75;75112;1;1;1.0;6.0;48,82357500;2,46294900;
202300026418.0;3;91;91377;1;1;1.0;3.0;48,72686000;2,30310000;
202300026419.0;1;56;56121;2;6;1.0;2.0;47,75619000; -3,38411000;
202300026420.0;1;68;68224;2;1;1.0;6.0;47,74874000;7,34960000;
202300026421.0;5;78;78043;1;1;1.0;6.0;48,84101800;2,09765900;
202300026422.0;3;56;56036;1;1;1.0;6.0;47,78626000; -3,33265000;
202300026423.0;1;78;78297;1;1;8.0;6.0;48,78843900;2,06805600;
202300026424.0;1;62;62413;2;2;1.0;6.0;50,44563923;2,89661551;
202300026425.0;2;51;51454;2;2;1.0;3.0;49,24192000;4,01417000;
202300026426.0;1;92;92036;1;1;2.0;6.0;48,94920532;2,28069842;
202300026427.0;2;92;92036;1;1;1.0;7.0;48,93838168;2,31330853;
202300026428.0;5;50;50129;2;1;3.0;5.0;49,62923000; -1,61993000;
202300026429.0;1;93;93066;1;1;1.0;6.0;48,91277000;2,35829000;
202300026430.0;5;50;50129;2;5;1.0;3.0;49,64283000; -1,62432000;
202300026431.0;3;92;92036;1;9;1.0;2.0;48,93873000;2,29434000;
202300026432.0;1;976;97611;2;1;1.0;1.0; -12,76149000;45,22656000;
202300026433.0;1;49;49328;2;3;1.0;6.0;47,26029000; -0,07554000;
202300026434.0;1;94;94017;1;1;1.0;4.0;48,82665078;2,51617424;
202300026435.0;1;44;44109;2;3;1.0;3.0;47,22868000; -1,57711000;
202300026436.0;1;974;97411;2;1;1.0;4.0; -20,88672600;55,45216700;
202300026437.0;1;94;94022;1;1;1.0;2.0;48,77601430;2,42729991;
202300026438.0;1;973;97302;2;1;1.0;3.0;4,93877705; -52,32898124;
202300026439.0;1;60;60559;1;1;1.0;5.0;49,41407200;2,28717300;
202300026440.0;1;69;69388;2;1;1.0;6.0;45,73295000;4,88030000;
202300026441.0;1;38;38169;2;2;8.0;3.0;45,19242000;5,69844000;
202300026442.0;5;62;62160;2;3;1.0;6.0;50,73017000;1,61085000;
202300026443.0;1;37;37261;2;9;1.0;7.0;47,36532000;0,71214000;
202300026444.0;1;69;69383;2;1;1.0;3.0;45,75950000;4,85550000;
202300026445.0;5;34;34032;2;6;1.0;7.0;43,34561000;3,20870000;
202300026446.0;1;83;83023;2;9;1.0;6.0;43,40717500;6,04831700;
202300026447.0;1;69;69387;2;2;1.0;3.0;45,74556000;4,83193000;
202300026448.0;1;33;33063;2;1;8.0;6.0;44,84306000; -0,57264000;
202300026449.0;1;33;33039;1;1;2.0;5.0;44,81932550; -0,53871095;
202300026450.0;1;974;97411;2;3;1.0;7.0; -20,89400000;55,44392000;
202300026451.0;1;69;69388;2;2;1.0;3.0;45,72943000;4,85109000;
202300026452.0;1;972;97213;1;1;1.0;7.0;14,63023000; -61,01603000;
202300026453.0;5;973;97302;2;1;1.0;3.0;4,92485000; -52,31733000;
202300026454.0;1;33;33249;2;2;1.0;3.0;44,86522000; -0,51893000;
202300026455.0;1;972;97209;2;1;1.0;6.0;14,60549000; -61,07110000;
202300026456.0;1;29;29019;2;1;1.0;3.0;48,41309000; -4,48927000;
202300026457.0;1;973;97302;2;1;1.0;2.0;4,93394000; -52,32712000;
202300026458.0;1;69;69381;2;1;1.0;3.0;45,77356027;4,82517740;
202300026459.0;1;28;28134;2;1;1.0;2.0;48,72755000;1,36656000;
202300026460.0;1;2B;2B033;2;1;1.0;2.0;42,68599000;9,44638000;
202300026461.0;5;69;69383;2;2;1.0;3.0;45,75086000;4,89550000;
202300026462.0;1;27;27681;2;2;2.0;3.0;49,09355000;1,47189000;
202300026463.0;1;971;97101;2;3;1.0;1.0;16,25650000; -61,51497000;
202300026464.0;5;25;25056;2;2;1.0;6.0;47,22600000;5,96587000;
202300026465.0;2;69;69388;2;2;2.0;3.0;45,73606000;4,88640000;
202300026466.0;4;14;14715;2;1;1.0;6.0;49,36442000;0,08275000;
202300026467.0;1;25;25056;2;1;1.0;6.0;47,24471000;6,01769000;
202300026468.0;1;971;97113;1;1;1.0;3.0;16,21885000; -61,49016000;
202300026469.0;3;30;30032;1;1;1.0;7.0;43,78801000;4,62745000;
202300026470.0;1;13;13210;2;2;1.0;3.0;43,26929950;5,42086889;
202300026471.0;5;971;97101;2;9;1.0;3.0;16,24811000; -61,52777000;
202300026472.0;5;13;13206;2;1;1.0;1.0;43,28739000;5,38941000;
202300026473.0;3;13;13098;1;1;1.0;7.0;43,45048000;5,01382000;
202300026474.0;1;91;91434;2;1;1.0;2.0;48,64600000;2,35800000;
202300026475.0;5;13;13047;2;1;2.0;3.0;43,51238000;4,97953000;
202300026476.0;1;87;87075;2;1;1.0;6.0;45,80646000;1,22620000;
202300026477.0;5;2A;2A004;2;1;1.0;2.0;41,93089000;8,73975000;
202300026478.0;5;06;06088;2;2;1.0;3.0;43,69752000;7,25621000;
202300026479.0;1;87;87085;2;2;1.0;3.0;45,82674000;1,26365000;
202300026480.0;5;06;06088;2;2;1.0;3.0;43,71339000;7,27164000;
202300026481.0;1;95;95277;2;9;3.0;6.0;48,99263320;2,42770493;
202300026482.0;1;82;82121;2;1;1.0;1.0;43,99611000;1,33817000;
202300026483.0;2;06;06088;2;3;1.0;3.0;43,68966000;7,20611000;
202300026484.0;3;03;03321;1;1;1.0;3.0;46,54485833;3,38516235;
202300026485.0;1;87;87085;2;1;2.0;3.0;45,85121000;1,24466000;
202300026486.0;1;81;81065;2;2;1.0;3.0;43,59333356;2,24991347;
202300026487.0;2;05;05061;2;1;1.0;1.0;44,53758769;6,05028704;
202300026488.0;1;11;11262;2;3;1.0;6.0;43,18302400;3,02187700;
202300026489.0;1;79;79329;2;1;1.0;7.0;46,97362000; -0,21643000;
202300026490.0;5;69;69266;2;1;1.0;6.0;45,76122000;4,90911000;
202300026491.0;1;04;04070;1;1;1.0;7.0;44,05553000;6,17190000;
202300026492.0;1;78;78481;2;9;1.0;3.0;48,90281000;2,11482000;
202300026493.0;1;04;04070;2;9;1.0;6.0;44,07681000;6,18816000;
202300026494.0;1;973;97302;2;1;8.0;2.0;4,93428810; -52,30881107;
202300026495.0;1;77;77133;2;1;1.0;6.0;48,41388000;3,05267000;
202300026496.0;5;84;84007;2;1;1.0;7.0;43,92399000;4,85270000;
202300026497.0;5;973;97302;2;1;1.0;3.0;4,93879000; -52,32637000;
202300026498.0;1;77;77243;2;1;1.0;6.0;48,87698000;2,68490000;
202300026499.0;1;75;75114;2;1;1.0;4.0;48,82201100;2,31679700;
202300026500.0;1;69;69388;2;1;1.0;6.0;45,73161191;4,85405097;
202300026501.0;1;77;77243;2;9;1.0;3.0;48,87538000;2,70336000;
202300026502.0;1;972;97213;1;9;1.0;6.0;14,63620000; -61,02078000;
202300026503.0;3;77;77070;1;1;1.0;7.0;48,80707000;3,13169000;
202300026504.0;5;75;75118;2;1;1.0;2.0;48,90088600;2,36571200;
202300026505.0;2;84;84007;2;2;1.0;3.0;43,94390000;4,81929000;
202300026506.0;5;972;97213;1;1;2.0;6.0;14,59252800; -60,98373600;
202300026507.0;1;76;76707;1;1;1.0;1.0;49,86317000;1,08651000;