Num_Acc;lum;departement;commune;agglomeration;intersection;meteo;type_collision;lat;long;date
202300026508.0;1;30;30011;1;1;1.0;5.0;43,95775000;4,75223000;
202300026509.0;1;971;97101;1;1;3.0;4.0;16,25321000; -61,54679000;
202300026510.0;2;76;76114;2;2;1.0;3.0;49,57357000;0,47711000;
202300026511.0;1;75;75117;2;1;1.0;5.0;48,88580900;2,28830200;
202300026512.0;1;71;71306;1;1;1.0;6.0;46,67863000;4,34588000;
202300026513.0;1;971;97101;1;1;1.0;3.0;16,27649788; -61,49001718;
202300026514.0;1;84;84007;2;1;1.0;3.0;43,94268000;4,79362000;
202300026515.0;1;75;75117;2;1;1.0;6.0;48,87908000;2,28007000;
202300026516.0;2;71;71270;2;2;1.0;3.0;46,29976680;4,82567221;
202300026517.0;5;80;80021;2;1;2.0;6.0;49,88690000;2,32527000;
202300026518.0;5;971;97120;2;9;1.0;7.0;16,24298000; -61,53306000;
202300026519.0;1;69;69264;2;1;1.0;6.0;45,98580000;4,71810000;
202300026520.0;1;75;75105;2;3;1.0;2.0;48,84989200;2,34946400;
202300026521.0;1;69;69259;2;1;1.0;6.0;45,69721000;4,89602000;
202300026522.0;5;78;78005;2;2;1.0;6.0;48,94918800;2,07183200;
202300026523.0;1;75;75118;2;3;1.0;6.0;48,88494800;2,32678300;
202300026524.0;5;971;97101;1;9;1.0;2.0;16,25106000; -61,52789000;
202300026525.0;1;67;67482;2;3;1.0;3.0;48,56726000;7,75169000;
202300026526.0;1;971;97113;2;1;1.0;6.0;16,21773000; -61,51683000;
202300026527.0;1;75;75117;2;3;1.0;2.0;48,88803700;2,32461000;
202300026528.0;1;67;67482;2;3;1.0;6.0;48,60134900;7,71009300;
202300026529.0;1;75;75117;2;2;1.0;3.0;48,87993000;2,28824000;
202300026530.0;1;67;67482;2;3;1.0;3.0;48,58388000;7,70715000;
202300026531.0;5;77;77288;1;9;2.0;1.0;48,54490000;2,67912000;
202300026532.0;1;76;76681;2;7;1.0;6.0;49,42334000;1,08948000;
202300026533.0;1;64;64102;2;3;1.0;3.0;43,49324000; -1,46180000;
202300026534.0;1;75;75114;2;3;1.0;7.0;48,82445100;2,31965300;
202300026535.0;2;91;91687;2;1;1.0;2.0;48,68094900;2,37804600;
202300026536.0;1;75;75113;2;1;1.0;6.0;48,82423800;2,35701800;
202300026537.0;5;76;76351;2;1;1.0;2.0;49,49282000;0,16954000;
202300026538.0;3;91;91228;2;1;1.0;6.0;48,63463000;2,43880000;
202300026539.0;1;75;75110;2;4;1.0;2.0;48,87782800;2,35123200;
202300026540.0;2;91;91433;1;9;8.0;2.0;48,45814000;2,17730000;
202300026541.0;1;64;64024;2;1;1.0;1.0;43,48753000; -1,53536000;
202300026542.0;5;76;76351;2;1;3.0;6.0;49,50208000;0,16174000;
202300026543.0;1;89;89387;2;1;1.0;3.0;48,20359600;3,31018400;
202300026544.0;1;75;75107;2;3;1.0;7.0;48,85371000;2,31467000;
202300026545.0;1;87;87085;2;2;1.0;3.0;45,83453000;1,22648000;
202300026546.0;1;64;64024;2;1;1.0;6.0;43,50285800; -1,50492600;
202300026547.0;1;75;75107;2;3;1.0;2.0;48,85620700;2,30248900;
202300026548.0;2;71;71306;2;3;2.0;3.0;46,67057917;4,37812954;
202300026549.0;1;59;59360;2;1;1.0;1.0;50,60633000;3,02225000;
202300026550.0;5;78;78172;2;6;1.0;3.0;49,00270000;2,07572000;
202300026551.0;5;75;75101;2;3;1.0;1.0;48,86535600;2,32729600;
202300026552.0;3;70;70388;1;9;1.0;2.0;47,62002000;6,12437000;
202300026553.0;1;59;59609;1;1;1.0;3.0;50,57730723;3,08354795;
202300026554.0;1;73;73008;2;1;1.0;2.0;45,68450049;5,91029441;
202300026555.0;5;69;69282;2;9;2.0;3.0;45,76839363;5,03349262;
202300026556.0;1;69;69266;2;2;1.0;6.0;45,77637000;4,89267000;
202300026557.0;1;94;94054;2;2;1.0;3.0;48,74809000;2,41536000;
202300026558.0;5;69;69256;2;1;8.0;6.0;45,78623000;4,92582000;
202300026559.0;1;69;69259;2;2;1.0;1.0;45,69127000;4,89044000;
202300026560.0;1;94;94018;2;1;1.0;6.0;48,82269140;2,41666965;
202300026561.0;1;69;69290;2;1;1.0;6.0;45,71450000;4,96510000;
202300026562.0;1;69;69029;2;3;1.0;6.0;45,73877000;4,92603000;
202300026563.0;5;94;94004;2;1;1.0;3.0;48,75875000;2,50015000;
202300026564.0;1;64;64445;2;3;1.0;1.0;43,29315000; -0,36138000;
202300026565.0;1;64;64445;2;2;1.0;3.0;43,30486000; -0,37057000;
202300026566.0;1;93;93051;2;1;1.0;6.0;48,84382000;2,54832000;
202300026567.0;5;59;59346;2;1;1.0;6.0;50,61509000;3,12189000;
202300026568.0;1;93;93050;2;2;1.0;3.0;48,85714106;2,52408043;
202300026569.0;5;64;64024;2;6;1.0;6.0;43,51545000; -1,51603000;
202300026570.0;5;93;93057;2;9;1.0;7.0;48,90110314;2,49969538;
202300026571.0;5;56;56260;2;3;1.0;6.0;47,65940000; -2,77609000;
202300026572.0;1;93;93007;2;1;1.0;2.0;48,94272000;2,47891000;
202300026573.0;5;64;64024;2;1;1.0;2.0;43,49320000; -1,53077000;
202300026574.0;1;93;93007;2;1;1.0;2.0;48,94497000;2,47171000;
202300026575.0;1;64;64102;2;1;8.0;2.0;43,49813000; -1,49120000;
202300026576.0;1;92;92064;2;3;1.0;3.0;48,85808465;2,21087694;
202300026577.0;1;92;92012;2;1;1.0;7.0;48,83492000;2,22576000;
202300026578.0;3;60;60484;1;1;1.0;6.0;49,55202700;2,03123700;
202300026579.0;2;50;50590;1;1;1.0;7.0;48,79978300; -1,31344600;
202300026580.0;1;63;63113;2;1;1.0;2.0;45,77822915;3,10829937;
202300026581.0;1;54;54296;1;1;7.0;6.0;48,72634200;6,28331100;
202300026582.0;5;62;62053;2;1;1.0;6.0;50,58735784;2,13455152;
202300026583.0;1;43;43074;1;1;1.0;7.0;45,33846700;3,36288900;
202300026584.0;1;63;63032;2;1;1.0;3.0;45,74899538;3,07875752;
202300026585.0;5;35;35318;2;1;1.0;6.0;48,33479600; -1,93363100;
202300026586.0;5;59;59616;2;2;1.0;6.0;50,47900000;3,57700000;
202300026587.0;3;35;35265;1;1;1.0;2.0;48,34176503; -1,86184466;
202300026588.0;1;63;63473;1;2;1.0;3.0;45,93848200;3,10225900;
202300026589.0;2;59;59599;2;3;8.0;6.0;50,73613000;3,17322000;
202300026590.0;1;21;21214;1;1;1.0;4.0;47,18167509;4,67994755;
202300026591.0;5;59;59122;2;7;2.0;3.0;50,17521000;3,23496000;
202300026592.0;1;974;97410;2;9;1.0;3.0; -21,07808200;55,74279700;
202300026593.0;1;57;57757;2;1;1.0;6.0;49,35757000;6,18762000;
202300026594.0;1;06;06126;1;1;1.0;1.0;43,80098200;7,20213400;
202300026595.0;5;57;57463;2;1;3.0;6.0;49,09715000;6,17486000;
202300026596.0;1;65;65447;2;1;1.0;7.0;43,18998700;0,23273000;
202300026597.0;1;56;56098;2;1;8.0;2.0;47,77275000; -3,33389000;
202300026598.0;1;23;23077;1;1;1.0;3.0;45,74323900;1,97390200;
202300026599.0;1;21;21081;1;1;1.0;6.0;47,37019300;4,77409600;
202300026600.0;5;56;56083;2;1;2.0;6.0;47,80202000; -3,28363000;
202300026601.0;1;30;30047;1;1;1.0;1.0;43,79419600;4,42475400;
202300026602.0;5;50;50129;2;1;2.0;7.0;49,63030000; -1,64460000;
202300026603.0;1;56;56190;1;2;1.0;3.0;47,98278800; -2,76309860;
202300026604.0;1;49;49099;2;1;1.0;7.0;47,06524000; -0,88595000;
202300026605.0;3;56;56248;2;1;1.0;5.0;47,58035000; -2,64652000;
202300026606.0;1;74;74104;1;2;1.0;2.0;45,78368600;6,22535300;
202300026607.0;5;49;49007;2;1;1.0;3.0;47,47232000; -0,55824000;
202300026608.0;1;76;76636;1;1;2.0;3.0;49,49278600;0,89785300;
202300026609.0;1;80;80649;1;1;1.0;7.0;50,33130600;1,59537800;
202300026610.0;1;82;82125;2;1;1.0;6.0;43,96536800;1,25498400;
202300026611.0;1;45;45302;2;1;2.0;4.0;47,95036000;1,89171000;
202300026612.0;2;13;13209;2;1;1.0;6.0;43,23266800;5,43584300;
202300026613.0;5;45;45208;2;9;3.0;6.0;47,99800000;2,74232000;
202300026614.0;1;71;71061;1;2;1.0;2.0;46,56395400;5,02960300;
202300026615.0;4;13;13213;2;1;1.0;7.0;43,32656000;5,42084000;
202300026616.0;2;43;43157;2;9;8.0;7.0;45,04191700;3,88264800;
202300026617.0;1;71;71263;2;1;1.0;6.0;46,62968400;5,24691600;
202300026618.0;1;13;13214;2;1;1.0;6.0;43,32402000;5,38201000;
202300026619.0;1;63;63319;1;1;7.0;6.0;45,51660086;3,89020118;
202300026620.0;3;63;63273;2;1;1.0;7.0;45,72676100;3,23824900;
202300026621.0;5;38;38185;2;7;2.0;2.0;45,19825000;5,70934000;
202300026622.0;1;13;13202;2;9;1.0;2.0;43,32706000;5,35784000;
202300026623.0;1;61;61480;1;1;1.0;6.0;48,55837900;0,03551800;
202300026624.0;1;13;13207;2;1;1.0;1.0;43,27327000;5,36309000;
202300026625.0;1;37;37122;1;1;3.0;4.0;47,37134582;0,65398693;
202300026626.0;1;06;06069;1;1;1.0;3.0;43,67055000;6,94147000;
202300026627.0;1;55;55363;1;1;1.0;1.0;49,09779300;5,75717400;
202300026628.0;2;49;49125;2;1;1.0;6.0;47,19042300; -0,26632700;
202300026629.0;5;37;37208;2;4;3.0;3.0;47,35563000;0,73772000;
202300026630.0;1;06;06069;1;1;7.0;2.0;43,65275100;6,94670100;
202300026631.0;1;37;37261;2;1;2.0;6.0;47,43015000;0,70542000;
202300026632.0;1;42;42334;1;1;1.0;3.0;45,84932800;4,30271900;
202300026633.0;1;03;03321;2;1;1.0;6.0;46,55712000;3,34620000;
202300026634.0;2;37;37261;2;1;2.0;6.0;47,37068000;0,67740000;
202300026635.0;1;42;42142;1;1;1.0;1.0;45,37759000;4,02053500;
202300026636.0;2;75;75113;2;1;1.0;3.0;48,81999200;2,36812000;
202300026637.0;1;46;46028;1;1;1.0;6.0;44,94953413;1,72129652;
202300026638.0;1;35;35238;2;6;1.0;3.0;48,08954000; -1,68267000;
202300026639.0;5;75;75116;2;4;1.0;6.0;48,86667900;2,26494300;
202300026640.0;5;33;33063;2;1;2.0;6.0;44,85307000; -0,56699000;
202300026641.0;1;46;46317;1;2;1.0;3.0;44,83181500;1,77078400;
202300026642.0;5;33;33063;2;8;2.0;6.0;44,82886000; -0,57404000;
202300026643.0;5;75;75105;2;2;1.0;3.0;48,84749400;2,35270600;
202300026644.0;1;47;47320;1;2;7.0;3.0;44,31846000;0,20041500;
202300026645.0;2;31;31555;2;1;1.0;6.0;43,57603000;1,47108000;
202300026646.0;1;22;22194;1;1;1.0;7.0;48,62871321; -3,61635000;
202300026647.0;5;75;75118;2;3;1.0;6.0;48,89084300;2,35989600;
202300026648.0;1;31;31555;2;1;1.0;1.0;43,58378000;1,40716000;
202300026649.0;1;75;75116;2;1;8.0;6.0;48,84997800;2,26940400;
202300026650.0;1;22;22062;1;1;1.0;3.0;48,17283300; -2,45509000;
202300026651.0;2;39;39008;1;1;1.0;7.0;47,14887700;5,56570900;
202300026652.0;1;31;31483;2;1;1.0;3.0;43,11295797;0,71414350;
202300026653.0;5;75;75113;2;3;1.0;1.0;48,83294900;2,37874100;
202300026654.0;1;35;35069;2;1;1.0;6.0;48,04139600; -1,51538900;
202300026655.0;1;30;30189;1;3;1.0;3.0;43,80531000;4,33639400;
202300026656.0;1;35;35227;1;1;1.0;6.0;48,17887100; -1,88618800;
202300026657.0;1;75;75111;2;3;2.0;2.0;48,85715400;2,37890000;
202300026658.0;1;29;29020;1;1;7.0;6.0;48,08765497; -3,95229710;
202300026659.0;5;27;27229;2;6;1.0;6.0;49,01000000;1,16719000;
202300026660.0;5;75;75101;2;2;1.0;7.0;48,86198300;2,35017900;
202300026661.0;1;31;31100;1;1;1.0;1.0;43,29476200;1,63008600;
202300026662.0;5;25;25056;2;1;2.0;4.0;47,26242000;6,04020000;
202300026663.0;1;94;94081;2;3;1.0;3.0;48,78336000;2,41779000;
202300026664.0;3;22;22278;2;3;1.0;6.0;48,50556000; -2,76936000;
202300026665.0;5;94;94052;2;1;8.0;3.0;48,83592400;2,47499600;
202300026666.0;1;03;03126;2;4;1.0;5.0;46,09124700;3,44198000;
202300026667.0;1;17;17415;1;9;2.0;6.0;45,72588000; -0,64915400;
202300026668.0;5;94;94041;2;1;1.0;6.0;48,81683700;2,37875550;
202300026669.0;1;01;01319;1;2;1.0;3.0;46,06083300;4,94682500;
202300026670.0;1;13;13005;2;9;1.0;3.0;43,28663000;5,58580000;
202300026671.0;5;94;94073;2;9;1.0;2.0;48,77386143;2,39918348;
202300026672.0;1;58;58244;1;1;7.0;3.0;47,06387400;3,88647800;
202300026673.0;5;10;10387;2;6;8.0;1.0;48,28980000;4,06780000;
202300026674.0;1;93;93066;2;1;8.0;2.0;48,94711029;2,37299372;
202300026675.0;1;14;14494;1;2;1.0;3.0;49,25840500; -0,09487100;
202300026676.0;1;93;93029;2;1;8.0;6.0;48,92904700;2,43432400;
202300026677.0;5;75;75120;2;1;1.0;4.0;48,87737700;2,40915700;
202300026678.0;5;92;92050;2;1;1.0;3.0;48,89006278;2,21929371;
202300026679.0;1;50;50509;1;1;1.0;3.0;49,38902200; -1,21690800;
202300026680.0;5;75;75116;2;1;1.0;7.0;48,84324600;2,26950200;
202300026681.0;2;92;92049;2;1;8.0;7.0;48,81565339;2,31640488;
202300026682.0;1;64;64005;1;1;1.0;1.0;43,33941200; -0,52429700;
202300026683.0;5;75;75119;2;2;2.0;6.0;48,88525900;2,38461400;
202300026684.0;1;92;92044;2;1;1.0;3.0;48,89434000;2,28299000;
202300026685.0;1;64;64464;1;3;1.0;3.0;43,52151200; -0,27810200;
202300026686.0;1;75;75117;2;7;2.0;3.0;48,88540200;2,29763100;
202300026687.0;1;92;92002;2;2;1.0;6.0;48,75136877;2,30455801;
202300026688.0;1;43;43141;2;2;1.0;3.0;45,18843800;4,32326000;
202300026689.0;3;43;43131;1;1;9.0;6.0;45,19282300;3,54135800;
202300026690.0;1;75;75116;2;3;8.0;3.0;48,87078200;2,28809800;
202300026691.0;3;47;47124;1;1;1.0;1.0;44,51272700;0,81255900;
202300026692.0;3;16;16085;1;3;1.0;7.0;45,82750200;0,45903900;
202300026693.0;1;75;75113;2;3;2.0;7.0;48,82051200;2,36601900;
202300026694.0;3;47;47015;1;1;5.0;7.0;44,05771600;0,63767900;
202300026695.0;5;75;75113;2;1;2.0;2.0;48,82978300;2,35620700;
202300026696.0;1;07;07010;2;1;1.0;6.0;45,24494700;4,66833100;
202300026697.0;5;75;75114;2;3;2.0;6.0;48,83023700;2,33374700;
202300026698.0;2;11;11366;1;1;1.0;1.0;43,28965500;2,86223900;
202300026699.0;1;59;59653;2;1;2.0;6.0;50,57251100;2,93479500;
202300026700.0;1;21;21582;1;1;7.0;1.0;46,90492700;4,68597500;
202300026701.0;3;19;19021;1;1;1.0;6.0;45,65798502;2,22610224;
202300026702.0;1;21;21492;1;3;1.0;3.0;47,01090200;4,80149700;
202300026703.0;1;75;75112;2;2;8.0;6.0;48,84337500;2,37081600;
202300026704.0;1;85;85172;1;1;1.0;2.0;46,81538800; -1,95916800;
202300026705.0;1;85;85254;1;1;1.0;7.0;46,78443400; -0,74566200;
202300026706.0;1;85;85031;2;1;1.0;6.0;46,79569970; -0,92821732;
202300026707.0;3;79;79195;1;1;1.0;4.0;46,89433700; -0,61960100;
202300026708.0;1;27;27056;1;3;2.0;3.0;49,10549400;0,57593500;
202300026709.0;1;82;82119;1;1;2.0;6.0;44,21407500;1,52635900;
202300026710.0;3;27;27608;1;1;1.0;7.0;49,06562800;0,50645300;
202300026711.0;3;87;87118;1;1;1.0;7.0;45,94925500;1,14224600;
202300026712.0;1;33;33140;2;1;1.0;6.0;44,77494028; -0,34604251;
202300026713.0;1;37;37277;1;1;1.0;6.0;47,15644037;1,25566292;
202300026714.0;1;30;30341;2;1;1.0;6.0;43,69828000;4,28463000;
202300026715.0;1;48;48192;1;1;1.0;6.0;44,50222200;3,10336900;
202300026716.0;1;08;08457;2;1;7.0;6.0;49,79442300;4,63675200;
202300026717.0;1;88;88408;1;1;1.0;1.0;47,90813000;6,68865700;
202300026718.0;3;11;11024;1;1;1.0;1.0;43,12604200;2,95864300;
202300026719.0;5;987;98734;2;3;1.0;3.0; -17,71200000; -149,50800000;
202300026720.0;3;988;98805;1;1;1.0;6.0; -22,18277900;166,47673000;
202300026721.0;1;63;63430;2;1;1.0;6.0;45,85792900;3,54274200;
202300026722.0;1;18;18157;1;1;1.0;7.0;47,06164500;2,30019800;
202300026723.0;3;63;63423;1;1;1.0;6.0;45,60515500;3,39514000;
202300026724.0;5;973;97309;2;2;1.0;6.0;4,91344900; -52,28013800;
202300026725.0;3;973;97309;1;1;1.0;1.0;4,90155200; -52,30470700;
202300026726.0;3;49;49060;1;1;1.0;6.0;47,18856600; -0,02020000;
202300026727.0;1;01;01200;2;2;1.0;3.0;46,09382500;5,48226900;
202300026728.0;3;12;12215;1;1;1.0;6.0;44,49399500;2,38740200;
202300026729.0;1;34;34032;1;1;1.0;4.0;43,30436600;3,22980900;
202300026730.0;1;69;69043;2;1;1.0;6.0;45,70832600;4,74649600;
202300026731.0;1;47;47174;1;1;1.0;6.0;44,02907300;0,36084700;
202300026732.0;1;38;38053;1;1;1.0;2.0;45,59797500;5,27618400;
202300026733.0;3;68;68305;1;1;1.0;6.0;47,53315200;7,15867300;
202300026734.0;5;39;39491;2;3;1.0;6.0;46,40154300;5,79308300;
202300026735.0;1;69;69013;1;1;1.0;4.0;45,99995933;4,73508624;
202300026736.0;1;44;44084;2;1;1.0;7.0;47,22873400; -1,37439100;
202300026737.0;2;69;69080;1;1;1.0;7.0;45,52950000;4,74187000;
202300026738.0;1;91;91249;1;1;1.0;7.0;48,60537600;2,08218800;
202300026739.0;1;29;29105;2;6;1.0;7.0;48,52107327; -4,05834349;
202300026740.0;1;988;98803;1;1;1.0;7.0; -21,47477000;165,35426000;
202300026741.0;1;971;97125;1;1;1.0;6.0;16,25149100; -61,21002700;
202300026742.0;2;45;45210;1;1;1.0;6.0;47,84461600;2,83554600;
202300026743.0;3;02;02042;1;1;3.0;2.0;49,00271700;3,35291100;
202300026744.0;1;45;45212;2;3;1.0;6.0;47,90641100;2,80700700;
202300026745.0;1;77;77144;1;3;1.0;2.0;48,77606000;2,89881300;
202300026746.0;1;03;03062;1;2;1.0;3.0;46,18851900;3,18521200;
202300026747.0;1;48;48004;1;1;1.0;1.0;44,46374400;3,88318700;
202300026748.0;1;70;70413;1;1;1.0;2.0;47,72222400;6,74150200;
202300026749.0;1;84;84053;1;3;1.0;1.0;44,38201800;4,91598000;
202300026750.0;1;84;84004;2;1;1.0;3.0;44,08279200;5,03616900;
202300026751.0;4;14;14057;1;1;1.0;6.0;49,12972400; -0,21838000;
202300026752.0;1;84;84103;1;1;1.0;7.0;43,91977500;5,48202800;
202300026753.0;1;06;06154;1;1;1.0;3.0;43,79558800;6,65712500;
202300026754.0;1;06;06055;1;1;1.0;3.0;43,88832100;7,29942800;
202300026755.0;3;50;50215;1;1;1.0;1.0;49,08457800; -1,48177000;
202300026756.0;1;05;05052;1;1;1.0;2.0;44,66799356;6,61794327;
202300026757.0;2;50;50400;1;1;1.0;6.0;49,33847400; -1,41939200;
202300026758.0;1;13;13081;1;1;1.0;1.0;43,49268200;5,20576500;
202300026759.0;1;13;13053;1;1;1.0;1.0;43,73341400;5,13673100;
202300026760.0;1;60;60465;1;1;2.0;1.0;49,54375800;2,20155700;
202300026761.0;1;13;13035;1;1;1.0;7.0;43,67273400;5,02521000;
202300026762.0;2;64;64083;1;1;1.0;6.0;43,39091400; -0,96500500;
202300026763.0;3;21;21564;1;3;1.0;3.0;47,12257445;5,09911900;
202300026764.0;1;68;68348;2;1;1.0;6.0;47,80196900;7,11628900;
202300026765.0;1;21;21061;1;1;1.0;6.0;47,69636800;4,63578000;
202300026766.0;2;24;24586;1;1;1.0;3.0;45,26309000;0,37711000;
202300026767.0;1;68;68368;1;4;1.0;3.0;48,04744400;7,18326200;
202300026768.0;1;04;04049;2;3;1.0;1.0;44,07420300;5,99181900;
202300026769.0;1;54;54173;1;1;1.0;2.0;48,65949089;6,41676664;
202300026770.0;1;57;57665;1;1;1.0;7.0;49,12969900;6,93505900;
202300026771.0;1;87;87187;1;3;1.0;3.0;45,48945700;1,19413100;
202300026772.0;1;73;73292;1;1;1.0;7.0;45,71440400;6,40720200;
202300026773.0;1;73;73303;2;6;1.0;3.0;45,74535100;6,42007100;
202300026774.0;3;30;30269;1;1;1.0;1.0;44,11569900;3,84800400;
202300026775.0;1;73;73243;1;1;7.0;3.0;45,60130800;6,01658100;
202300026776.0;1;26;26290;1;1;1.0;6.0;44,85813500;5,40435100;
202300026777.0;3;52;52017;1;1;3.0;6.0;47,93258569;5,02541303;
202300026778.0;1;07;07136;2;1;1.0;2.0;44,59346500;3,90613400;
202300026779.0;1;77;77306;1;1;1.0;6.0;48,58949504;2,65386628;
202300026780.0;1;17;17074;2;1;5.0;7.0;45,21437300; -0,37749700;
202300026781.0;1;69;69176;1;4;1.0;3.0;45,67143400;4,69867200;
202300026782.0;1;19;19146;2;1;1.0;6.0;45,31892700;1,75834900;
202300026783.0;3;33;33073;1;1;1.0;7.0;45,23656900; -0,59193700;
202300026784.0;1;50;50099;1;1;1.0;6.0;49,36391600; -1,24109000;
202300026785.0;3;38;38331;2;4;1.0;7.0;45,36671600;5,51883500;
202300026786.0;1;50;50099;2;1;2.0;6.0;49,30091800; -1,24953900;
202300026787.0;1;14;14724;1;1;1.0;1.0;49,25601400; -0,13535500;
202300026788.0;1;971;97106;2;1;1.0;1.0;16,18621300; -61,78106900;
202300026789.0;3;22;22389;1;1;1.0;6.0;48,47284700; -2,68830100;
202300026790.0;1;21;21171;2;1;5.0;6.0;47,29860200;5,13324200;
202300026791.0;1;35;35326;2;1;1.0;2.0;48,33200100; -1,53248200;
202300026792.0;5;76;76533;2;1;1.0;6.0;49,50452400;0,26827500;
202300026793.0;1;95;95355;2;1;1.0;5.0;49,14980400;1,78809400;
202300026794.0;1;05;05178;1;2;7.0;3.0;44,36819100;5,92214000;
202300026795.0;3;59;59058;1;1;1.0;2.0;50,23187400;3,95004900;
202300026796.0;2;13;13072;1;3;1.0;3.0;43,45907100;5,62942600;
202300026797.0;1;59;59034;2;1;1.0;1.0;50,53172100;3,07948700;
202300026798.0;3;76;76759;2;1;1.0;6.0;49,41218300;0,87392600;
202300026799.0;1;13;13005;1;1;1.0;6.0;43,28430000;5,57250000;
202300026800.0;2;13;13056;1;1;1.0;4.0;43,40982000;5,03753000;
202300026801.0;5;69;69382;1;1;1.0;2.0;45,74205000;4,82522000;
202300026802.0;1;83;83144;1;1;1.0;2.0;43,14263526;6,00846007;
202300026803.0;2;33;33487;1;1;5.0;4.0;44,95266000; -0,45907000;
202300026804.0;3;91;91521;1;1;1.0;3.0;48,63651000;2,39941000;
202300026805.0;2;33;33550;1;1;5.0;3.0;44,78318039; -0,54269135;
202300026806.0;1;91;91553;1;1;1.0;2.0;48,63146000;2,50281000;
202300026807.0;3;59;59009;1;1;1.0;2.0;50,62913000;3,13883000;
202300026808.0;1;59;59271;1;1;1.0;2.0;50,99909000;2,29051000;
202300026809.0;1;91;91689;1;1;1.0;2.0;48,74839000;2,32732000;
202300026810.0;3;62;62637;1;1;1.0;2.0;50,46207000;2,97437000;
202300026811.0;1;93;93007;1;1;1.0;2.0;48,94661725;2,44182927;
202300026812.0;3;91;91161;1;1;1.0;2.0;48,69495000;2,31894000;
202300026813.0;2;95;95277;1;1;1.0;2.0;48,97399000;2,48834800;
202300026814.0;3;78;78640;1;1;1.0;5.0;48,77830700;2,22247800;
202300026815.0;1;92;92050;1;1;1.0;7.0;48,91813898;2,22276483;
202300026816.0;3;93;93005;1;1;1.0;4.0;48,96938098;2,48064637;
202300026817.0;2;95;95572;1;1;1.0;3.0;49,03791744;2,12330895;
202300026818.0;1;77;77122;1;1;1.0;6.0;48,65973770;2,61287775;
202300026819.0;1;93;93066;1;1;1.0;4.0;48,91560000;2,35799000;
202300026820.0;1;69;69383;2;3;1.0;3.0;45,75595000;4,84526000;
202300026821.0;1;95;95277;1;1;1.0;2.0;48,97018412;2,48292089;
202300026822.0;1;972;97213;1;1;1.0;6.0;14,61686000; -61,01665000;
202300026823.0;3;95;95582;1;1;1.0;4.0;48,97336000;2,24588000;
202300026824.0;1;972;97209;1;1;1.0;6.0;14,61182000; -61,04235000;
202300026825.0;1;32;32416;1;1;1.0;6.0;43,78448000;0,92328100;
202300026826.0;2;974;97411;2;2;1.0;3.0; -20,89183000;55,46735000;
202300026827.0;5;69;69382;2;3;1.0;2.0;45,75045000;4,83212000;
202300026828.0;1;974;97411;1;9;2.0;6.0; -20,88907000;55,43657000;
202300026829.0;3;974;97411;1;1;1.0;6.0; -20,87459000;55,43233000;
202300026830.0;1;974;97407;2;1;1.0;2.0; -20,94314000;55,29974000;
202300026831.0;-1;972;97209;2;6;;7.0;14,61191000; -61,07880000;
202300026832.0;1;83;83118;2;3;1.0;3.0;43,42042000;6,85691000;
202300026833.0;3;77;77389;1;1;1.0;1.0;48,50942000;2,65786000;
202300026834.0;5;69;69389;2;3;1.0;2.0;45,78720859;4,81047587;
202300026835.0;1;971;97101;1;1;2.0;2.0;16,24628000; -61,52563000;
202300026836.0;1;71;71306;2;1;1.0;6.0;46,66736300;4,35442300;
202300026837.0;2;95;95427;2;1;1.0;1.0;48,95855836;2,32927591;
202300026838.0;1;84;84031;2;1;1.0;6.0;44,05689700;5,06201100;
202300026839.0;1;69;69266;2;2;1.0;3.0;45,75821000;4,89332000;
202300026840.0;3;83;83069;2;1;1.0;1.0;43,03599000;6,14384000;
202300026841.0;1;77;77307;2;6;7.0;2.0;48,85230000;2,76312000;
202300026842.0;5;69;69264;2;1;1.0;7.0;45,98557000;4,72001000;
202300026843.0;3;73;73011;1;6;1.0;6.0;45,66257000;6,38720000;
202300026844.0;5;71;71076;2;3;8.0;3.0;46,79006000;4,85020000;
202300026845.0;5;69;69259;2;2;1.0;2.0;45,70046000;4,88754000;
202300026846.0;5;67;67482;2;3;1.0;3.0;48,58665700;7,74361100;
202300026847.0;1;67;67482;2;3;7.0;3.0;48,57798000;7,70403000;
202300026848.0;5;65;65440;2;6;1.0;3.0;43,24092000;0,07366000;
202300026849.0;3;65;65226;2;1;1.0;6.0;43,24122000;0,01862000;
202300026850.0;1;64;64445;2;3;1.0;3.0;43,30811000; -0,36040000;
202300026851.0;1;64;64024;2;3;1.0;2.0;43,47660327; -1,52636012;
202300026852.0;1;59;59512;2;6;1.0;1.0;50,70762432;3,18695068;
202300026853.0;1;64;64102;2;9;1.0;3.0;43,48858000; -1,49154000;
202300026854.0;1;63;63113;2;3;1.0;5.0;45,78912000;3,06282000;
202300026855.0;5;59;59431;1;1;1.0;1.0;50,68353000;2,84108000;
202300026856.0;5;62;62765;2;9;1.0;6.0;50,75226985;2,24799769;
202300026857.0;5;57;57463;2;2;1.0;1.0;49,10219594;6,16412401;