Num_Acc;lum;departement;commune;agglomeration;intersection;meteo;type_collision;lat;long;date
202300026858.0;5;62;62160;2;1;1.0;6.0;50,71714000;1,61045000;
202300026859.0;5;57;57630;2;1;9.0;6.0;48,74485400;7,07688700;
202300026860.0;1;50;50218;2;1;7.0;6.0;48,83654000; -1,56325000;
202300026861.0;1;51;51454;2;3;1.0;3.0;49,24280000;3,99962000;
202300026862.0;5;46;46042;2;1;1.0;3.0;44,44707000;1,44863000;
202300026863.0;1;49;49007;2;1;7.0;6.0;47,45426000; -0,56251000;
202300026864.0;5;38;38053;2;1;2.0;6.0;45,60257000;5,27104000;
202300026865.0;2;35;35278;1;1;1.0;4.0;48,14021000; -1,69609000;
202300026866.0;1;34;34108;2;3;1.0;1.0;43,44647000;3,75333000;
202300026867.0;5;33;33063;2;1;1.0;6.0;44,86798000; -0,55050000;
202300026868.0;5;45;45234;2;2;1.0;3.0;47,91846000;1,93385000;
202300026869.0;5;33;33318;2;2;5.0;3.0;44,79998000; -0,62430000;
202300026870.0;2;42;42207;2;1;1.0;7.0;45,48699000;4,51626000;
202300026871.0;3;27;27375;1;1;8.0;7.0;49,20841000;1,13258000;
202300026872.0;5;42;42218;2;2;1.0;1.0;45,45358855;4,39067216;
202300026873.0;1;22;22113;2;3;1.0;3.0;48,74220000; -3,47378000;
202300026874.0;5;42;42316;1;1;1.0;6.0;45,40641000;4,27241000;
202300026875.0;1;22;22113;2;1;1.0;6.0;48,74869000; -3,46090000;
202300026876.0;1;13;13213;2;6;7.0;3.0;43,32340101;5,44900727;
202300026877.0;5;37;37261;2;4;1.0;3.0;47,41444000;0,68751000;
202300026878.0;1;13;13205;2;2;1.0;3.0;43,29239338;5,40113747;
202300026879.0;1;37;37261;2;1;1.0;6.0;47,42907000;0,70380000;
202300026880.0;5;06;06088;1;1;1.0;4.0;43,69354000;7,24498300;
202300026881.0;4;35;35281;2;2;1.0;3.0;48,09086000; -1,70476000;
202300026882.0;1;05;05023;2;1;1.0;6.0;44,89955000;6,63321700;
202300026883.0;1;35;35238;2;1;1.0;6.0;48,08781114; -1,69145733;
202300026884.0;1;04;04112;1;1;1.0;6.0;43,82766000;5,79801000;
202300026885.0;5;01;01053;2;3;1.0;2.0;46,19740000;5,23565000;
202300026886.0;5;33;33063;2;1;1.0;1.0;44,83406000; -0,55106000;
202300026887.0;5;75;75117;2;1;1.0;3.0;48,88457800;2,28630100;
202300026888.0;5;75;75115;2;1;1.0;2.0;48,83425600;2,27589400;
202300026889.0;3;33;33039;1;2;1.0;3.0;44,81128000; -0,54913000;
202300026890.0;1;75;75119;2;7;1.0;6.0;48,87843200;2,37043400;
202300026891.0;5;33;33192;2;2;1.0;3.0;44,77847000; -0,60976000;
202300026892.0;1;75;75117;2;3;1.0;3.0;48,88828900;2,32416500;
202300026893.0;5;75;75116;2;1;1.0;2.0;48,87578800;2,27346200;
202300026894.0;1;75;75116;2;1;1.0;7.0;48,85991800;2,29044900;
202300026895.0;5;30;30007;2;1;1.0;1.0;44,13807000;4,10428000;
202300026896.0;5;75;75114;2;9;1.0;6.0;48,83529000;2,33277000;
202300026897.0;1;75;75112;2;2;1.0;3.0;48,83404900;2,44486500;
202300026898.0;1;29;29019;2;2;1.0;6.0;48,40597200; -4,51174800;
202300026899.0;2;75;75109;2;1;1.0;6.0;48,87193000;2,33728300;
202300026900.0;1;26;26362;2;1;1.0;6.0;44,92969000;4,92388000;
202300026901.0;1;75;75109;2;5;1.0;6.0;48,87292500;2,33324000;
202300026902.0;2;75;75101;2;2;1.0;7.0;48,85949300;2,34519600;
202300026903.0;5;94;94078;2;1;5.0;1.0;48,73600200;2,44666800;
202300026904.0;2;26;26198;1;1;1.0;2.0;44,55374496;4,71121317;
202300026905.0;1;94;94043;2;2;1.0;3.0;48,80809200;2,35716100;
202300026906.0;1;19;19272;2;1;1.0;6.0;45,26388698;1,76215500;
202300026907.0;5;94;94043;2;1;1.0;3.0;48,81089000;2,36403000;
202300026908.0;5;18;18033;2;1;1.0;2.0;47,08001300;2,38091800;
202300026909.0;1;93;93079;2;3;1.0;6.0;48,95102400;2,33979090;
202300026910.0;1;93;93008;2;2;1.0;1.0;48,90935400;2,43776100;
202300026911.0;1;14;14137;2;1;1.0;3.0;49,18787200; -0,44176900;
202300026912.0;5;92;92075;2;9;1.0;7.0;48,82329000;2,29637000;
202300026913.0;5;13;13203;2;1;1.0;1.0;43,31190000;5,38724000;
202300026914.0;5;92;92063;2;1;1.0;6.0;48,86791000;2,19423000;
202300026915.0;1;11;11069;1;1;1.0;2.0;43,21781000;2,38226000;
202300026916.0;3;92;92050;2;9;1.0;3.0;48,88591220;2,21658960;
202300026917.0;1;10;10387;2;1;1.0;7.0;48,29884600;4,09052500;
202300026918.0;1;92;92026;2;1;1.0;3.0;48,89627000;2,25192000;
202300026919.0;1;07;07281;2;6;1.0;3.0;44,94366000;4,85801000;
202300026920.0;5;92;92023;2;3;5.0;6.0;48,78451732;2,24495552;
202300026921.0;5;92;92019;2;1;1.0;6.0;48,77009352;2,27301925;
202300026922.0;3;24;24401;1;1;1.0;1.0;45,25507200;1,03280100;
202300026923.0;5;35;35136;2;6;1.0;6.0;47,96056200; -1,49626700;
202300026924.0;5;06;06088;2;1;1.0;6.0;43,69365000;7,23892000;
202300026925.0;1;11;11172;1;1;1.0;1.0;43,26514400;2,71288300;
202300026926.0;1;35;35033;1;1;5.0;3.0;47,92921300; -1,67366600;
202300026927.0;3;19;19276;1;1;1.0;6.0;45,40502400;1,55880549;
202300026928.0;5;51;51078;2;1;1.0;6.0;49,09030200;4,35256000;
202300026929.0;1;58;58215;1;1;5.0;2.0;47,30306100;2,94891700;
202300026930.0;1;66;66050;1;1;1.0;7.0;42,74859200;2,94803700;
202300026931.0;1;37;37166;1;1;1.0;2.0;47,52062800;0,92139200;
202300026932.0;1;56;56179;2;1;1.0;7.0;47,83639200; -3,39471100;
202300026933.0;2;56;56094;2;1;1.0;7.0;47,77103900; -3,23774800;
202300026934.0;1;80;80024;1;1;1.0;5.0;49,93976000;2,23528100;
202300026935.0;2;34;34338;1;1;1.0;1.0;43,61108300;3,39052700;
202300026936.0;3;25;25147;1;1;1.0;1.0;47,22366500;5,91211700;
202300026937.0;1;81;81220;1;1;1.0;6.0;43,83729700;1,68163800;
202300026938.0;1;01;01138;1;4;1.0;1.0;45,86396200;5,79963300;
202300026939.0;1;70;70116;2;1;1.0;2.0;47,61739500;6,74556600;
202300026940.0;5;26;26148;2;6;1.0;7.0;45,25444100;5,02396800;
202300026941.0;1;58;58240;1;1;1.0;3.0;47,12827600;3,47930800;
202300026942.0;1;14;14326;1;1;1.0;6.0;49,16858700;0,28889000;
202300026943.0;4;45;45061;2;3;5.0;3.0;48,04568900;2,75384800;
202300026944.0;3;53;53062;1;2;1.0;3.0;47,83891300; -0,76966500;
202300026945.0;3;53;53108;1;1;5.0;6.0;48,07435100; -1,01996900;
202300026946.0;3;40;40230;1;1;5.0;7.0;43,82009900; -1,00035700;
202300026947.0;1;24;24007;1;1;1.0;6.0;45,27337600;0,31622200;
202300026948.0;3;85;85081;1;1;2.0;2.0;46,73708000; -1,39803100;
202300026949.0;5;27;27284;2;9;8.0;6.0;49,27903700;1,77565800;
202300026950.0;5;27;27284;2;3;2.0;6.0;49,27601600;1,77905000;
202300026951.0;2;30;30004;1;1;1.0;6.0;43,75097000;4,19472800;
202300026952.0;3;30;30123;1;1;1.0;7.0;43,69294100;4,16437600;
202300026953.0;2;30;30094;2;9;9.0;7.0;44,07481800;3,96242200;
202300026954.0;3;35;35278;1;1;1.0;4.0;48,15263100; -1,70082100;
202300026955.0;2;34;34153;1;1;1.0;1.0;43,71296000;3,81515300;
202300026956.0;3;34;34146;1;1;1.0;2.0;43,69322800;4,07888900;
202300026957.0;1;976;97614;1;1;1.0;3.0; -12,83554700;45,13512000;
202300026958.0;2;976;97617;1;1;1.0;1.0; -12,79297000;45,12108600;
202300026959.0;3;13;13004;1;1;1.0;1.0;43,63750000;4,60350800;
202300026960.0;2;71;71439;1;1;1.0;3.0;46,48237800;4,14759600;
202300026961.0;2;71;71342;2;3;5.0;3.0;46,44229300;4,10202600;
202300026962.0;3;71;71588;1;1;5.0;6.0;46,46948500;4,04873000;
202300026963.0;1;71;71176;2;3;1.0;3.0;46,49059600;3,99370900;
202300026964.0;1;52;52190;1;1;1.0;6.0;48,13193300;5,35228300;
202300026965.0;3;01;01062;1;1;5.0;6.0;45,87677200;5,09170200;
202300026966.0;1;13;13117;1;1;1.0;6.0;43,46292794;5,23481274;
202300026967.0;5;13;13216;1;1;1.0;6.0;43,36877000;5,32565000;
202300026968.0;3;13;13203;1;1;1.0;6.0;43,30900000;5,37500000;
202300026969.0;1;69;69027;1;1;1.0;5.0;45,66356715;4,75933364;
202300026970.0;4;33;33318;1;1;5.0;4.0;44,78804000; -0,63256000;
202300026971.0;4;33;33192;1;1;5.0;6.0;44,78939041; -0,61813295;
202300026972.0;1;26;26295;1;1;1.0;1.0;45,16573800;4,87474900;
202300026973.0;1;56;56075;1;1;1.0;1.0;47,91579600; -2,12280800;
202300026974.0;1;56;56089;1;1;1.0;3.0;47,95075900; -3,24796200;
202300026975.0;1;80;80819;1;1;1.0;7.0;50,03578800;2,24389300;
202300026976.0;3;71;71436;1;3;2.0;6.0;46,72562400;4,51810600;
202300026977.0;1;71;71543;2;1;1.0;7.0;46,55829600;4,91601700;
202300026978.0;1;12;12215;1;1;1.0;6.0;44,49603100;2,38424200;
202300026979.0;1;46;46021;1;1;1.0;6.0;44,57218000;1,93002000;
202300026980.0;1;86;86245;2;3;1.0;7.0;46,79167200;0,62210600;
202300026981.0;1;22;22207;1;1;1.0;3.0;48,62709400; -3,46614600;
202300026982.0;1;25;25256;1;3;2.0;1.0;47,18023300;6,78221200;
202300026983.0;4;44;44081;1;1;1.0;1.0;46,90584200; -1,56208400;
202300026984.0;1;29;29274;1;2;1.0;3.0;48,03299300; -3,72933300;
202300026985.0;1;29;29178;1;1;8.0;3.0;48,51251208; -4,65623542;
202300026986.0;1;38;38189;1;1;1.0;3.0;45,63624000;5,06010000;
202300026987.0;1;84;84089;2;1;1.0;6.0;43,69541300;5,50115100;
202300026988.0;1;03;03049;1;1;1.0;1.0;46,29834300;3,21176700;
202300026989.0;3;01;01254;2;3;1.0;7.0;46,16515900;5,29682400;
202300026990.0;1;72;72143;1;9;1.0;2.0;47,87253300;0,44200700;
202300026991.0;1;06;06120;1;1;1.0;2.0;44,26821300;6,92093600;
202300026992.0;1;09;09064;1;1;1.0;2.0;42,80190300;1,65009500;
202300026993.0;1;73;73219;1;3;7.0;3.0;45,55677400;5,78792800;
202300026994.0;1;36;36052;1;1;1.0;3.0;46,93705200;2,03958900;
202300026995.0;3;30;30276;1;1;2.0;6.0;43,58325000;4,24501400;
202300026996.0;1;52;52250;1;1;1.0;7.0;48,45052800;5,15751200;
202300026997.0;1;13;13051;1;1;1.0;1.0;43,61311000;5,13860800;
202300026998.0;1;06;06059;2;9;1.0;7.0;43,71679100;7,34966800;
202300026999.0;5;976;97614;2;1;1.0;3.0; -12,82310000;45,13241000;
202300027000.0;1;2B;2B087;1;1;1.0;6.0;42,32475000;9,53882600;
202300027001.0;1;2A;2A247;1;1;1.0;3.0;41,64302900;9,20585600;
202300027002.0;1;83;83133;1;1;1.0;3.0;43,57995600;6,81105100;
202300027003.0;1;13;13013;1;3;1.0;3.0;43,40603200;5,57544900;
202300027004.0;3;38;38019;1;1;1.0;5.0;45,41524700;4,82680100;
202300027005.0;1;68;68269;2;1;7.0;6.0;48,19374400;7,32276100;
202300027006.0;1;07;07217;1;4;2.0;1.0;45,06305600;4,74716700;
202300027007.0;1;85;85092;2;1;1.0;6.0;46,46376900; -0,80088600;
202300027008.0;1;80;80415;2;1;1.0;6.0;49,75125800;2,60592700;
202300027009.0;1;59;59419;1;1;2.0;1.0;50,51357300;3,31698500;
202300027010.0;1;13;13070;1;1;1.0;2.0;43,28516169;5,51648855;
202300027011.0;1;13;13214;1;1;1.0;3.0;43,32992300;5,40205700;
202300027012.0;1;69;69276;1;1;1.0;3.0;45,67939000;4,84922000;
202300027013.0;5;69;69199;1;1;1.0;2.0;45,71638785;4,84827069;
202300027014.0;1;57;57433;1;1;1.0;2.0;49,19913000;6,16777000;
202300027015.0;2;33;33192;1;1;1.0;7.0;44,78830000; -0,60040000;
202300027016.0;1;59;59560;1;1;1.0;4.0;50,54216842;3,05390490;
202300027017.0;1;59;59560;1;1;1.0;6.0;50,55474000;3,06296000;
202300027018.0;1;91;91687;1;1;1.0;3.0;48,66588000;2,36653000;
202300027019.0;1;92;92025;1;1;1.0;2.0;48,92539969;2,23328224;
202300027020.0;1;78;78640;1;1;1.0;3.0;48,77829200;2,22232800;
202300027021.0;1;95;95028;1;1;1.0;6.0;49,06099000;2,35853000;
202300027022.0;1;93;93010;1;1;1.0;3.0;48,90207598;2,47041227;
202300027023.0;1;93;93053;1;1;1.0;5.0;48,89645125;2,47033650;
202300027024.0;3;93;93006;1;1;1.0;3.0;48,86553000;2,42046000;
202300027025.0;1;95;95218;1;1;1.0;6.0;49,03494197;2,09896803;
202300027026.0;1;95;95018;1;1;1.0;2.0;48,95786000;2,27507000;
202300027027.0;1;77;77121;1;1;1.0;3.0;48,83151900;2,67818300;
202300027028.0;1;94;94069;1;1;1.0;2.0;48,81723758;2,45368052;
202300027029.0;1;94;94042;1;1;1.0;3.0;48,82854107;2,47576095;
202300027030.0;1;94;94017;1;1;1.0;5.0;48,82648029;2,52228801;
202300027031.0;1;93;93051;1;1;1.0;3.0;48,83613360;2,55730702;
202300027032.0;1;92;92064;2;1;1.0;1.0;48,85138000;2,21304600;
202300027033.0;1;974;97411;2;1;1.0;2.0; -20,87802000;55,44950000;
202300027034.0;1;974;97411;2;1;1.0;6.0; -20,88584000;55,41227000;
202300027035.0;1;974;97411;2;6;8.0;3.0; -20,90060000;55,48710000;
202300027036.0;2;69;69386;2;1;1.0;3.0;45,78582000;4,85491000;
202300027037.0;1;69;69387;2;8;1.0;6.0;45,73173651;4,82321754;
202300027038.0;1;972;97213;1;1;2.0;2.0;14,63416000; -61,00132000;
202300027039.0;1;972;97209;2;1;1.0;2.0;14,63916000; -61,05551000;
202300027040.0;3;69;69387;2;2;1.0;3.0;45,74520000;4,84183000;
202300027041.0;1;2B;2B033;1;9;1.0;2.0;42,68699000;9,42956000;
202300027042.0;2;95;95268;2;6;2.0;3.0;48,97460000;2,41640000;
202300027043.0;1;95;95476;2;1;1.0;6.0;49,05870236;2,04829484;
202300027044.0;1;91;91687;2;6;1.0;3.0;48,66131000;2,37529000;
202300027045.0;4;87;87050;1;3;1.0;3.0;45,89789000;1,22838000;
202300027046.0;1;87;87085;2;1;1.0;4.0;45,89945000;1,29555000;
202300027047.0;1;84;84031;2;3;1.0;6.0;44,05564000;5,05184000;
202300027048.0;1;69;69266;2;9;1.0;6.0;45,78000000;4,90213000;
202300027049.0;1;68;68297;2;2;1.0;3.0;47,58587000;7,56407000;
202300027050.0;1;67;67218;2;1;1.0;3.0;48,52270000;7,71690000;
202300027051.0;1;67;67482;2;1;8.0;7.0;48,57810000;7,73470000;
202300027052.0;1;67;67482;2;1;1.0;6.0;48,57700000;7,75340000;
202300027053.0;5;64;64102;2;1;1.0;3.0;43,50351000; -1,46638000;
202300027054.0;1;63;63113;2;1;1.0;6.0;45,78160000;3,07430000;
202300027055.0;1;59;59196;1;1;1.0;2.0;50,65320600;2,93851300;
202300027056.0;1;59;59183;2;3;1.0;3.0;51,02362000;2,32769000;
202300027057.0;1;57;57666;2;1;1.0;6.0;49,34500000;6,14000000;
202300027058.0;1;57;57336;2;1;1.0;3.0;49,16063000;6,73873000;
202300027059.0;1;50;50129;2;1;1.0;6.0;49,63047000; -1,64484000;
202300027060.0;1;49;49007;2;1;1.0;2.0;47,47656000; -0,56644000;
202300027061.0;1;49;49353;2;2;1.0;3.0;47,45176000; -0,50783000;
202300027062.0;5;42;42218;2;2;2.0;1.0;45,42005000;4,40890000;
202300027063.0;1;36;36063;2;1;1.0;2.0;46,82651721;1,70345753;
202300027064.0;1;33;33063;2;3;1.0;3.0;44,82221000; -0,55964000;
202300027065.0;1;33;33200;2;1;1.0;2.0;44,85839000; -0,66781000;
202300027066.0;1;33;33318;2;1;1.0;3.0;44,77977000; -0,65987000;
202300027067.0;1;33;33281;2;2;1.0;1.0;44,84724000; -0,65808000;
202300027068.0;1;33;33119;2;8;1.0;6.0;44,85746053; -0,53184852;
202300027069.0;1;33;33529;2;1;1.0;3.0;44,61443000; -1,12220000;
202300027070.0;1;32;32013;1;1;1.0;3.0;43,67561000;0,51844000;
202300027071.0;2;31;31555;2;1;1.0;6.0;43,57750000;1,43641000;
202300027072.0;1;30;30189;2;1;1.0;6.0;43,84870000;4,39110000;
202300027073.0;5;18;18033;2;2;1.0;1.0;47,09389000;2,40119000;
202300027074.0;5;14;14699;2;1;1.0;7.0;49,35049000;0,09031000;
202300027075.0;1;14;14341;2;1;1.0;2.0;49,14236000; -0,33224000;
202300027076.0;1;13;13214;2;1;1.0;3.0;43,34753672;5,37798507;
202300027077.0;5;13;13213;2;1;1.0;3.0;43,32628000;5,42442000;
202300027078.0;4;08;08409;2;1;1.0;6.0;49,70213000;4,94126000;
202300027079.0;5;06;06088;2;2;1.0;3.0;43,69680000;7,26054000;
202300027080.0;1;06;06029;2;1;1.0;7.0;43,55051000;7,00242000;
202300027081.0;1;05;05061;1;1;1.0;6.0;44,58155517;6,08102918;
202300027082.0;1;05;05061;1;1;1.0;7.0;44,58597000;6,08157000;
202300027083.0;1;02;02691;2;3;1.0;3.0;49,84756000;3,30343000;
202300027084.0;1;75;75116;2;1;1.0;5.0;48,87632300;2,27852500;
202300027085.0;1;75;75106;2;1;1.0;3.0;48,84743500;2,34036400;
202300027086.0;1;75;75116;2;3;1.0;3.0;48,87059000;2,28119200;
202300027087.0;1;75;75115;2;3;1.0;6.0;48,83342200;2,30979900;
202300027088.0;1;75;75111;2;2;1.0;3.0;48,86961800;2,37838000;
202300027089.0;1;75;75108;2;3;1.0;6.0;48,88046800;2,32131200;
202300027090.0;1;94;94011;2;1;1.0;3.0;48,76187961;2,47900057;
202300027091.0;5;94;94043;2;1;1.0;3.0;48,81497200;2,36099500;
202300027092.0;1;94;94034;2;2;1.0;3.0;48,75709000;2,32873000;
202300027093.0;1;94;94017;2;1;1.0;3.0;48,82005000;2,48313000;
202300027094.0;1;93;93071;2;2;1.0;6.0;48,94462000;2,51723000;
202300027095.0;1;93;93066;2;3;1.0;5.0;48,92683471;2,36558371;
202300027096.0;1;93;93061;2;3;1.0;6.0;48,88417531;2,40353554;
202300027097.0;1;93;93063;2;2;1.0;1.0;48,89329000;2,43747000;
202300027098.0;1;93;93005;2;1;1.0;3.0;48,95237096;2,49588673;
202300027099.0;1;92;92046;2;9;1.0;6.0;48,82319043;2,30548605;
202300027100.0;1;92;92077;2;1;1.0;6.0;48,83032426;2,17988089;
202300027101.0;1;92;92051;2;9;1.0;3.0;48,88423332;2,26028144;
202300027102.0;1;92;92051;2;1;7.0;7.0;48,88407087;2,27070183;
202300027103.0;3;92;92050;2;1;1.0;6.0;48,88520885;2,21949148;
202300027104.0;1;92;92049;2;2;1.0;3.0;48,81845000;2,31947000;
202300027105.0;5;92;92020;2;1;1.0;2.0;48,80705000;2,29365000;
202300027106.0;1;92;92040;2;2;1.0;3.0;48,82395145;2,27280915;
202300027107.0;1;92;92040;2;2;1.0;2.0;48,82506000;2,27212000;
202300027108.0;1;92;92036;2;8;1.0;6.0;48,93293000;2,29280000;
202300027109.0;1;92;92036;2;2;1.0;6.0;48,92676000;2,29449000;
202300027110.0;1;92;92035;2;1;1.0;3.0;48,90608000;2,23886000;
202300027111.0;1;92;92026;2;6;1.0;3.0;48,90514460;2,25605965;
202300027112.0;1;92;92024;2;1;1.0;6.0;48,90096670;2,30489597;
202300027113.0;1;92;92024;2;2;1.0;2.0;48,91197834;2,31041864;
202300027114.0;1;92;92024;2;2;1.0;6.0;48,90140000;2,31518000;
202300027115.0;1;92;92004;2;2;1.0;3.0;48,92397000;2,28214000;
202300027116.0;1;92;92004;2;3;1.0;3.0;48,91236000;2,28461000;
202300027117.0;1;60;60531;1;1;1.0;6.0;49,43596400;2,69608400;
202300027118.0;1;35;35108;1;1;1.0;6.0;47,93689600; -1,45825800;
202300027119.0;1;50;50565;1;1;1.0;1.0;48,75656800; -1,41057300;
202300027120.0;1;83;83072;1;1;1.0;7.0;43,49228500;6,37762800;
202300027121.0;1;71;71317;1;1;1.0;1.0;46,72573400;4,08120600;
202300027122.0;1;44;44047;1;1;1.0;2.0;47,27254000; -1,71752000;
202300027123.0;2;12;12084;1;1;1.0;6.0;44,06670500;3,02509700;
202300027124.0;1;30;30315;1;1;1.0;2.0;43,94837300;4,69371600;
202300027125.0;1;44;44192;1;3;1.0;3.0;47,26145138; -1,98013544;
202300027126.0;1;59;59039;1;1;1.0;5.0;50,15756578;3,29722514;
202300027127.0;1;77;77068;1;1;1.0;2.0;48,50133700;3,15751800;
202300027128.0;1;2A;2A139;2;1;1.0;7.0;41,64907600;9,32808300;
202300027129.0;4;80;80086;2;1;1.0;6.0;50,13456100;2,16101800;
202300027130.0;3;71;71093;1;1;1.0;6.0;46,85562400;5,27704700;
202300027131.0;1;71;71401;2;3;1.0;3.0;46,57279000;5,24655200;
202300027132.0;3;47;47173;1;1;1.0;6.0;44,43155800;0,51693700;
202300027133.0;1;34;34150;1;3;1.0;3.0;43,38978400;3,53731900;
202300027134.0;1;35;35207;1;1;1.0;1.0;48,08092939; -1,51312530;
202300027135.0;1;38;38126;2;1;1.0;1.0;45,20668100;5,75407300;
202300027136.0;1;38;38431;1;1;1.0;1.0;45,25001100;5,84728000;
202300027137.0;3;01;01229;1;3;1.0;6.0;46,33731800;5,14766200;
202300027138.0;1;60;60588;2;2;1.0;3.0;49,61871433;1,91138506;
202300027139.0;1;10;10126;1;3;1.0;3.0;48,27300000;4,62235400;
202300027140.0;1;40;40217;2;1;1.0;5.0;44,32957400; -1,09035000;
202300027141.0;1;40;40217;2;3;1.0;3.0;44,34292900; -1,06075400;
202300027142.0;1;04;04163;1;1;1.0;6.0;44,09972900;5,52629500;
202300027143.0;1;31;31424;2;6;1.0;6.0;43,56714400;1,30730200;
202300027144.0;3;34;34337;1;1;1.0;1.0;43,54475300;3,83068800;
202300027145.0;1;44;44028;1;1;1.0;3.0;47,34407500; -1,36886500;
202300027146.0;1;57;57693;1;9;1.0;5.0;49,12222500;6,23542800;
202300027147.0;1;51;51147;1;1;1.0;7.0;49,02726864;4,50421259;
202300027148.0;1;78;78009;1;1;1.0;2.0;48,48807800;1,91235800;
202300027149.0;1;987;98733;2;1;1.0;1.0; -17,69600000; -149,54800000;
202300027150.0;1;45;45142;1;1;1.0;5.0;47,90811500;2,17361900;
202300027151.0;1;77;77005;1;1;1.0;7.0;48,91018700;2,69848600;
202300027152.0;1;91;91661;2;6;1.0;2.0;48,68543900;2,21791300;
202300027153.0;1;34;34054;1;1;1.0;2.0;43,38930000;2,60155000;
202300027154.0;1;83;83138;1;1;1.0;1.0;43,61064400;6,72591300;
202300027155.0;1;21;21292;2;6;1.0;3.0;47,23474500;5,22955100;
202300027156.0;1;68;68063;2;3;1.0;6.0;47,79970500;7,17937800;
202300027157.0;1;63;63284;1;3;1.0;3.0;45,79564900;3,21159100;
202300027158.0;3;81;81093;1;1;1.0;4.0;43,89342400;2,02541100;
202300027159.0;1;46;46272;1;4;1.0;3.0;44,62101300;2,11436400;
202300027160.0;1;33;33284;2;1;1.0;2.0;44,62410600; -0,90199700;
202300027161.0;1;50;50139;1;1;1.0;7.0;49,02626100; -1,03797200;
202300027162.0;1;22;22076;1;1;1.0;1.0;48,57922600; -2,35871900;
202300027163.0;1;23;23096;2;2;1.0;3.0;46,17120000;1,86660000;
202300027164.0;1;17;17291;2;1;1.0;4.0;46,17721100; -1,13285600;
202300027165.0;1;17;17300;2;6;1.0;3.0;46,16449000; -1,18177000;
202300027166.0;5;13;13211;2;1;1.0;7.0;43,29211000;5,44558000;
202300027167.0;3;13;13214;2;1;1.0;1.0;43,32129000;5,39207000;
202300027168.0;2;11;11262;1;1;1.0;5.0;43,19661000;2,99912000;
202300027169.0;1;75;75115;2;1;1.0;6.0;48,83468000;2,27468100;
202300027170.0;1;75;75116;2;1;1.0;3.0;48,87632300;2,27852500;
202300027171.0;5;75;75102;2;2;1.0;3.0;48,86623400;2,35253900;
202300027172.0;1;75;75112;2;1;1.0;3.0;48,84090200;2,41412700;
202300027173.0;1;75;75118;2;3;1.0;3.0;48,88973900;2,34958900;
202300027174.0;1;75;75119;2;2;1.0;3.0;48,88447800;2,36481900;
202300027175.0;1;75;75117;2;2;1.0;1.0;48,89247400;2,30878900;
202300027176.0;3;75;75116;2;1;1.0;6.0;48,84799500;2,25033500;
202300027177.0;1;75;75115;2;3;1.0;3.0;48,83362500;2,30901500;
202300027178.0;1;75;75115;2;2;1.0;6.0;48,83958000;2,29298000;
202300027179.0;1;75;75115;2;2;1.0;6.0;48,83806400;2,29460400;
202300027180.0;1;75;75112;2;3;1.0;2.0;48,83475100;2,43748000;
202300027181.0;2;75;75112;2;2;1.0;6.0;48,83890000;2,46050000;
202300027182.0;1;75;75112;2;1;1.0;6.0;48,84984900;2,37399400;
202300027183.0;5;75;75110;2;2;1.0;6.0;48,87483800;2,35570200;
202300027184.0;1;75;75109;2;3;1.0;3.0;48,88077300;2,34023700;
202300027185.0;1;75;75109;2;3;1.0;2.0;48,87696500;2,32956100;
202300027186.0;1;75;75108;2;4;1.0;6.0;48,87532400;2,31575300;
202300027187.0;1;75;75107;2;2;1.0;6.0;48,85768000;2,30019500;
202300027188.0;1;75;75114;2;1;1.0;6.0;48,82709000;2,30781100;
202300027189.0;1;75;75107;2;2;1.0;7.0;48,84943454;2,31514335;
202300027190.0;1;75;75104;2;3;1.0;7.0;48,85509700;2,36167400;
202300027191.0;2;75;75102;2;3;1.0;2.0;48,86957268;2,35254943;
202300027192.0;1;75;75103;2;3;1.0;3.0;48,86678000;2,36191000;
202300027193.0;1;94;94081;2;1;1.0;6.0;48,78544100;2,39991100;
202300027194.0;2;94;94043;2;3;1.0;3.0;48,80569400;2,34862200;
202300027195.0;1;94;94065;1;1;1.0;2.0;48,75211000;2,36878000;
202300027196.0;5;94;94065;2;1;1.0;6.0;48,75592000;2,35617000;
202300027197.0;1;94;94055;2;1;1.0;6.0;48,78998544;2,55021416;
202300027198.0;2;94;94071;2;1;1.0;3.0;48,76972438;2,50992316;
202300027199.0;5;93;93032;2;2;1.0;3.0;48,87614000;2,54982000;
202300027200.0;1;93;93027;2;6;1.0;3.0;48,93206711;2,39948175;
202300027201.0;1;92;92076;2;1;1.0;6.0;48,83781007;2,15721354;
202300027202.0;1;92;92064;2;1;1.0;6.0;48,85375837;2,21797693;
202300027203.0;1;92;92040;2;1;1.0;6.0;48,82136640;2,25003161;
202300027204.0;1;92;92040;2;3;1.0;3.0;48,81799148;2,25086398;
202300027205.0;1;92;92036;2;3;1.0;3.0;48,92761000;2,29724000;
202300027206.0;1;92;92024;2;1;1.0;3.0;48,90406000;2,31185000;