Num_Acc;lum;departement;commune;agglomeration;intersection;meteo;type_collision;lat;long;date
202300027207.0;1;92;92019;1;1;1.0;3.0;48,77071584;2,24799871;
202300027208.0;1;63;63425;1;4;1.0;3.0;45,66032200;3,13312100;
202300027209.0;1;47;47324;2;1;1.0;6.0;44,63710500;0,74193100;
202300027210.0;2;08;08320;1;1;1.0;6.0;49,34009800;4,36585300;
202300027211.0;1;17;17262;1;2;1.0;3.0;45,74594200; -0,71044200;
202300027212.0;1;22;22048;1;1;1.0;5.0;48,47160299; -2,13948548;
202300027213.0;1;41;41167;2;1;1.0;3.0;47,48730300;1,18902300;
202300027214.0;1;83;83086;1;1;1.0;4.0;43,46521600;6,53887200;
202300027215.0;1;86;86165;1;6;1.0;3.0;46,41061500;0,89584100;
202300027216.0;2;971;97109;1;4;1.0;3.0;15,98721515; -61,71993077;
202300027217.0;1;72;72155;1;1;1.0;1.0;47,86169300;0,23232200;
202300027218.0;1;85;85215;1;2;1.0;3.0;46,85538000; -1,19214800;
202300027219.0;1;50;50546;1;1;7.0;1.0;49,04575900; -1,09219600;
202300027220.0;1;41;41265;2;2;1.0;7.0;47,77501700;0,78697100;
202300027221.0;2;34;34270;1;1;1.0;1.0;43,58687200;3,83569800;
202300027222.0;3;51;51009;2;1;1.0;6.0;48,58590900;3,80110300;
202300027223.0;1;2B;2B354;1;8;1.0;6.0;42,13641600;9,14252400;
202300027224.0;1;81;81182;1;1;1.0;6.0;43,74489110;2,27830250;
202300027225.0;3;49;49170;1;1;1.0;2.0;47,67308790; -0,52696556;
202300027226.0;1;35;35095;2;6;1.0;3.0;48,54602200; -1,74726100;
202300027227.0;2;35;35319;2;2;1.0;3.0;48,02977200; -1,92481700;
202300027228.0;1;29;29235;2;2;1.0;3.0;48,40309298; -4,38554585;
202300027229.0;1;31;31255;2;1;1.0;1.0;43,03670600;0,59802100;
202300027230.0;1;15;15130;1;1;1.0;2.0;45,06237600;3,24233200;
202300027231.0;1;58;58079;2;1;1.0;6.0;47,46038400;3,52421300;
202300027232.0;1;66;66107;2;1;1.0;6.0;42,80965376;2,58880377;
202300027233.0;1;54;54275;1;1;1.0;7.0;48,96852665;5,87824345;
202300027234.0;5;14;14119;2;2;1.0;1.0;49,14251700; -0,25890800;
202300027235.0;1;14;14229;2;6;1.0;7.0;49,23395800; -0,03796900;
202300027236.0;3;60;60471;1;1;1.0;1.0;49,57195800;3,02815000;
202300027237.0;1;53;53140;1;1;1.0;2.0;48,12700700; -0,71939000;
202300027238.0;2;85;85127;1;1;5.0;3.0;46,42362600; -1,51652100;
202300027239.0;1;37;37104;1;1;1.0;1.0;47,25772814;0,77996492;
202300027240.0;5;08;08490;2;2;1.0;3.0;49,42591600;4,67703200;
202300027241.0;1;24;24225;1;1;1.0;1.0;44,83737700;0,40876900;
202300027242.0;1;987;98738;1;1;1.0;6.0; -17,61800000; -149,54900000;
202300027243.0;1;973;97309;2;6;1.0;3.0;4,88701400; -52,28511000;
202300027244.0;1;62;62355;1;1;8.0;6.0;50,33725100;2,92528700;
202300027245.0;5;34;34134;2;3;1.0;1.0;43,59005900;3,80094200;
202300027246.0;3;91;91666;1;1;1.0;1.0;48,67581300;2,22087000;
202300027247.0;3;30;30330;1;1;1.0;7.0;44,02648900;4,00644800;
202300027248.0;1;13;13015;2;3;1.0;3.0;43,43446500;5,40972600;
202300027249.0;1;68;68111;2;1;1.0;3.0;48,00429700;7,27845000;
202300027250.0;1;38;38236;1;1;1.0;6.0;45,42153900;5,72490400;
202300027251.0;3;69;69032;1;1;1.0;1.0;45,84640225;4,58875832;
202300027252.0;1;17;17219;2;3;1.0;1.0;45,83066800; -1,10475900;
202300027253.0;2;14;14630;1;6;8.0;3.0;49,25668600; -0,64771100;
202300027254.0;2;56;56242;1;1;7.0;5.0;48,10167500; -3,10352000;
202300027255.0;1;22;22093;2;2;1.0;3.0;48,46268500; -2,43126200;
202300027256.0;1;35;35031;1;1;1.0;1.0;48,15164000; -1,44429500;
202300027257.0;2;59;59126;2;1;2.0;6.0;50,31285900;3,12291700;
202300027258.0;3;59;59416;1;1;1.0;7.0;50,68654500;2,52806200;
202300027259.0;1;59;59034;1;6;1.0;3.0;50,52813300;3,09973200;
202300027260.0;1;33;33249;1;1;1.0;3.0;44,88441528; -0,51758856;
202300027261.0;1;33;33039;1;1;1.0;3.0;44,79244728; -0,53999808;
202300027262.0;1;59;59359;1;1;1.0;7.0;50,98549000;2,23094000;
202300027263.0;3;91;91434;1;1;1.0;2.0;48,66927000;2,35077000;
202300027264.0;2;91;91692;1;1;1.0;4.0;48,67162700;2,19391200;
202300027265.0;2;92;92002;1;1;1.0;3.0;48,75994034;2,27899253;
202300027266.0;1;91;91136;1;1;1.0;3.0;48,71360000;2,27555000;
202300027267.0;1;91;91589;1;1;1.0;3.0;48,67884000;2,33505000;
202300027268.0;1;93;93007;1;1;1.0;5.0;48,94785000;2,44451000;
202300027269.0;1;94;94028;1;1;1.0;2.0;48,79614431;2,44319764;
202300027270.0;1;94;94022;1;1;1.0;2.0;48,77633000;2,42206000;
202300027271.0;1;93;93051;1;1;1.0;3.0;48,83515238;2,57609455;
202300027272.0;1;94;94073;1;1;1.0;3.0;48,75717000;2,38389000;
202300027273.0;1;32;32013;2;3;1.0;3.0;43,63939000;0,59023000;
202300027274.0;1;62;62609;1;1;8.0;5.0;50,36096407;2,77406185;
202300027275.0;1;13;13048;1;1;1.0;1.0;43,62193400;5,67080700;
202300027276.0;1;974;97411;2;1;1.0;3.0; -20,90439000;55,48282000;
202300027277.0;1;974;97411;2;1;1.0;3.0; -20,89460000;55,49760000;
202300027278.0;5;974;97411;2;6;1.0;2.0; -20,90508000;55,50437000;
202300027279.0;1;974;97411;2;1;1.0;1.0; -20,88683000;55,44066000;
202300027280.0;1;973;97302;2;1;1.0;5.0;4,94067266; -52,30218530;
202300027281.0;1;973;97309;2;1;1.0;6.0;4,91985823; -52,30449870;
202300027282.0;1;973;97302;2;3;1.0;2.0;4,92160949; -52,31699377;
202300027283.0;3;973;97302;2;1;1.0;7.0;4,91066000; -52,30828000;
202300027284.0;4;973;97302;2;2;1.0;3.0;4,93784096; -52,29871988;
202300027285.0;1;973;97302;2;3;1.0;3.0;4,93952000; -52,30107000;
202300027286.0;5;973;97302;2;1;1.0;7.0;4,92179000; -52,32993000;
202300027287.0;1;69;69386;2;1;1.0;3.0;45,77945000;4,84538000;
202300027288.0;1;972;97213;2;1;1.0;6.0;14,62823800; -61,02120900;
202300027289.0;1;69;69384;2;2;1.0;3.0;45,77953000;4,82924000;
202300027290.0;5;971;97101;2;9;3.0;6.0;16,25889468; -61,52362794;
202300027291.0;1;95;95019;2;1;1.0;6.0;48,98246000;2,42143000;
202300027292.0;1;95;95428;2;4;1.0;1.0;48,99050000;2,32651000;
202300027293.0;1;91;91215;2;6;1.0;6.0;48,69767000;2,51899000;
202300027294.0;1;91;91114;2;9;1.0;3.0;48,68661000;2,49842000;
202300027295.0;1;91;91201;2;2;1.0;3.0;48,68607900;2,40871800;
202300027296.0;1;88;88209;2;2;1.0;3.0;48,19345100;6,44157900;
202300027297.0;1;87;87085;1;1;1.0;7.0;45,83267000;1,24334000;
202300027298.0;1;87;87085;2;3;1.0;3.0;45,81797000;1,28961000;
202300027299.0;1;87;87085;2;1;1.0;3.0;45,82479000;1,25547000;
202300027300.0;1;87;87085;1;1;1.0;6.0;45,80612000;1,26491000;
202300027301.0;1;85;85194;2;1;7.0;2.0;46,53078010; -1,79041200;
202300027302.0;1;85;85194;2;9;1.0;3.0;46,50791000; -1,76977000;
202300027303.0;1;83;83129;2;3;1.0;3.0;43,09080022;5,84825170;
202300027304.0;1;83;83129;2;3;7.0;6.0;43,09500700;5,83855600;
202300027305.0;1;83;83009;2;1;1.0;3.0;43,15240100;5,76369200;
202300027306.0;3;81;81065;2;1;1.0;6.0;43,62131000;2,27017000;
202300027307.0;5;80;80160;2;1;1.0;6.0;49,86418000;2,34487000;
202300027308.0;2;80;80489;2;1;1.0;1.0;49,87653000;2,35152000;
202300027309.0;5;80;80021;2;1;1.0;6.0;49,89662000;2,29433000;
202300027310.0;4;77;77379;1;9;1.0;6.0;48,55260000;3,29108000;
202300027311.0;3;77;77335;1;3;1.0;3.0;48,95759000;2,84940900;
202300027312.0;1;77;77438;2;2;1.0;3.0;48,87378000;2,68997000;
202300027313.0;1;76;76447;2;6;1.0;6.0;49,54729000;0,18880000;
202300027314.0;1;76;76351;2;3;1.0;3.0;49,49425100;0,10643200;
202300027315.0;3;76;76341;1;1;1.0;1.0;49,51120000;0,19913000;
202300027316.0;3;73;73029;1;4;1.0;3.0;45,55955000;5,94953000;
202300027317.0;1;72;72181;2;1;1.0;7.0;47,95519997;0,17941833;
202300027318.0;3;72;72181;2;1;1.0;6.0;48,00110000;0,18983000;
202300027319.0;1;72;72181;2;9;1.0;2.0;48,00193000;0,20756000;
202300027320.0;1;72;72181;2;1;1.0;3.0;48,02296000;0,18286000;
202300027321.0;1;71;71153;2;1;1.0;6.0;46,80655000;4,42818000;
202300027322.0;1;69;69259;2;1;1.0;3.0;45,69681000;4,88597000;
202300027323.0;1;69;69290;2;1;1.0;4.0;45,70091000;4,91898000;
202300027324.0;5;69;69271;2;1;1.0;7.0;45,73821000;4,94129000;
202300027325.0;1;69;69259;2;1;1.0;4.0;45,71800247;4,88778343;
202300027326.0;5;69;69276;2;6;1.0;1.0;45,67885000;4,85040000;
202300027327.0;5;68;68066;2;2;1.0;3.0;48,07667000;7,36601000;
202300027328.0;1;67;67218;2;1;1.0;1.0;48,53522000;7,72340000;
202300027329.0;1;66;66136;2;3;1.0;6.0;42,68856000;2,88883000;
202300027330.0;1;66;66136;2;1;1.0;4.0;42,73000000;2,88112000;
202300027331.0;1;66;66136;2;3;1.0;6.0;42,69144000;2,89477000;
202300027332.0;1;64;64545;2;6;1.0;3.0;43,34571000; -1,76263000;
202300027333.0;1;64;64445;2;1;1.0;6.0;43,30118000; -0,36940000;
202300027334.0;1;64;64445;2;3;1.0;3.0;43,31542000; -0,33243000;
202300027335.0;3;63;63300;1;6;1.0;6.0;45,89609000;3,14074000;
202300027336.0;5;59;59205;2;3;1.0;3.0;50,32515000;3,35735000;
202300027337.0;1;59;59512;2;1;1.0;6.0;50,68730000;3,17479000;
202300027338.0;1;59;59276;2;1;1.0;3.0;50,34617000;3,14849000;
202300027339.0;5;59;59276;2;1;1.0;6.0;50,35167000;3,15078000;
202300027340.0;1;57;57631;2;1;1.0;7.0;49,10790000;7,06619000;
202300027341.0;1;56;56260;2;6;1.0;3.0;47,65933000; -2,78099000;
202300027342.0;1;56;56121;2;1;7.0;6.0;47,76149000; -3,38775000;
202300027343.0;1;53;53130;2;3;1.0;7.0;48,05380000; -0,74015000;
202300027344.0;1;45;45234;2;1;1.0;3.0;47,91466000;1,90263000;
202300027345.0;1;45;45284;2;1;1.0;6.0;47,91635000;1,96091000;
202300027346.0;1;44;44184;2;6;7.0;6.0;47,26645000; -2,24050000;
202300027347.0;1;43;43046;2;1;1.0;6.0;45,05088000;3,89570000;
202300027348.0;1;38;38523;2;2;1.0;3.0;45,22090000;5,35030000;
202300027349.0;1;38;38151;2;1;1.0;3.0;45,15045000;5,71804580;
202300027350.0;1;38;38053;1;1;1.0;2.0;45,58392771;5,29627725;
202300027351.0;3;94;94017;1;9;2.0;6.0;48,83025978;2,49298865;
202300027352.0;3;94;94069;1;1;1.0;2.0;48,81737044;2,42861395;
202300027353.0;1;94;94046;1;1;1.0;2.0;48,81418936;2,44875500;
202300027354.0;1;94;94033;1;1;3.0;4.0;48,85106447;2,49004498;
202300027355.0;1;94;94015;1;1;3.0;2.0;48,82945356;2,52827231;
202300027356.0;5;94;94073;1;1;2.0;2.0;48,77246663;2,39724760;
202300027357.0;3;974;97409;1;1;1.0;6.0; -20,96730000;55,64206000;
202300027358.0;1;974;97409;2;1;3.0;6.0; -20,94454000;55,64996000;
202300027359.0;1;974;97409;1;1;2.0;6.0; -20,94370000;55,64920000;
202300027360.0;1;58;58194;2;3;8.0;6.0;46,99488000;3,13337000;
202300027361.0;2;973;97302;2;1;1.0;7.0;4,93175000; -52,30727000;
202300027362.0;3;05;05061;1;1;1.0;7.0;44,60970778;6,14024162;
202300027363.0;5;974;97411;2;1;1.0;6.0; -20,89497000;55,47229000;
202300027364.0;5;974;97411;2;1;1.0;1.0; -20,90738000;55,47900000;
202300027365.0;1;972;97213;2;1;1.0;2.0;14,61952000; -61,03205000;
202300027366.0;5;972;97213;1;6;1.0;2.0;14,64694604; -60,97582698;
202300027367.0;1;971;97107;2;1;1.0;1.0;16,04860000; -61,56626000;
202300027368.0;1;2A;2A004;2;1;1.0;4.0;41,94400000;8,75600000;
202300027369.0;1;95;95127;2;9;1.0;3.0;49,05399000;2,04454000;
202300027370.0;1;91;91191;2;1;6.0;3.0;48,71939000;2,45417000;
202300027371.0;1;78;78158;1;1;1.0;1.0;48,83233500;2,11254000;
202300027372.0;1;78;78172;2;7;1.0;6.0;49,00503200;2,11639000;
202300027373.0;1;77;77296;1;1;1.0;6.0;48,62733000;2,59144000;
202300027374.0;1;76;76540;2;1;3.0;3.0;49,44891000;1,12014000;
202300027375.0;4;76;76341;1;1;3.0;7.0;49,51346000;0,19447000;
202300027376.0;2;76;76351;2;1;2.0;6.0;49,49581000;0,10578000;
202300027377.0;1;72;72181;1;9;2.0;6.0;48,02907000;0,17863000;
202300027378.0;5;72;72181;2;1;2.0;6.0;47,99683000;0,22298000;
202300027379.0;1;64;64122;2;1;1.0;3.0;43,48529000; -1,55280000;
202300027380.0;1;64;64122;2;3;1.0;6.0;43,48415000; -1,55767000;
202300027381.0;1;63;63113;2;2;1.0;4.0;45,76887000;3,12412000;
202300027382.0;1;63;63113;2;1;1.0;2.0;45,80005000;3,11248000;
202300027383.0;1;59;59172;2;1;1.0;7.0;50,32473300;3,37385700;
202300027384.0;1;56;56098;2;6;6.0;2.0;47,76064000; -3,35383000;
202300027385.0;1;51;51454;2;2;1.0;3.0;49,26506600;4,06019200;
202300027386.0;1;49;49328;2;2;1.0;3.0;47,24687000; -0,07611000;
202300027387.0;1;45;45302;2;1;1.0;6.0;47,93238300;1,88898700;
202300027388.0;1;69;69383;2;2;1.0;1.0;45,75709000;4,85870000;
202300027389.0;1;38;38318;2;1;1.0;2.0;45,53036000;4,90371000;
202300027390.0;1;972;97209;1;1;1.0;2.0;14,61805000; -61,03931000;
202300027391.0;1;35;35238;2;2;8.0;3.0;48,13516000; -1,65967000;
202300027392.0;1;2B;2B037;2;1;1.0;1.0;42,59163000;9,43243000;
202300027393.0;1;971;97101;1;3;1.0;3.0;16,25155000; -61,51619000;
202300027394.0;1;35;35238;2;2;8.0;3.0;48,12845000; -1,66429000;
202300027395.0;5;971;97101;1;1;1.0;3.0;16,25377000; -61,54960000;
202300027396.0;1;35;35238;2;1;8.0;4.0;48,11697757; -1,71071827;
202300027397.0;2;971;97101;1;1;1.0;2.0;16,25391000; -61,53921000;
202300027398.0;1;2A;2A004;2;6;1.0;3.0;41,94112000;8,74580000;
202300027399.0;1;34;34108;2;1;1.0;2.0;43,44427000;3,75027000;
202300027400.0;2;95;95277;1;9;1.0;2.0;48,98110000;2,46720000;
202300027401.0;1;95;95018;2;1;1.0;3.0;48,95621000;2,25596000;
202300027402.0;5;87;87085;2;3;1.0;2.0;45,82701000;1,26193000;
202300027403.0;1;34;34003;2;3;1.0;3.0;43,30757000;3,47420000;
202300027404.0;1;87;87085;2;2;2.0;7.0;45,86175000;1,27495000;
202300027405.0;1;87;87085;2;3;1.0;3.0;45,86916000;1,26826000;
202300027406.0;1;33;33032;2;1;1.0;6.0;44,90193838; -0,50672561;
202300027407.0;1;78;78502;2;1;1.0;3.0;48,87886000;2,11237000;
202300027408.0;1;29;29039;2;3;8.0;6.0;47,87192175; -3,90679445;
202300027409.0;1;76;76540;2;1;1.0;3.0;49,42643000;1,08308000;
202300027410.0;1;76;76351;2;1;1.0;6.0;49,49113000;0,11490000;
202300027411.0;1;73;73065;2;6;1.0;2.0;45,57238253;5,91039160;
202300027412.0;1;72;72095;2;3;1.0;3.0;48,02346900;0,20569600;
202300027413.0;1;71;71306;2;1;1.0;2.0;46,67267022;4,37704736;
202300027414.0;1;67;67482;2;3;1.0;3.0;48,58656000;7,74672000;
202300027415.0;3;65;65100;2;1;1.0;6.0;43,25878500;0,04511900;
202300027416.0;1;64;64445;2;2;1.0;1.0;43,30537000; -0,36083000;
202300027417.0;1;64;64102;2;6;1.0;3.0;43,49837000; -1,49371000;
202300027418.0;1;64;64102;2;1;1.0;1.0;43,49058000; -1,47895000;
202300027419.0;1;63;63193;2;3;1.0;3.0;45,77662000;3,19250000;
202300027420.0;5;63;63113;2;2;1.0;3.0;45,76790337;3,08405489;
202300027421.0;3;59;59350;2;1;1.0;6.0;50,60835000;3,05975000;
202300027422.0;2;59;59560;1;1;1.0;3.0;50,53674000;3,01743000;
202300027423.0;1;54;54395;2;3;1.0;6.0;48,69037000;6,17287000;
202300027424.0;3;54;54575;1;1;1.0;2.0;49,47247800;5,80411900;
202300027425.0;1;50;50129;1;1;1.0;2.0;49,64145000; -1,53715000;
202300027426.0;1;45;45232;2;1;1.0;3.0;47,86852600;1,91122200;
202300027427.0;1;45;45208;2;1;1.0;7.0;47,99480000;2,73284000;
202300027428.0;2;43;43157;2;1;2.0;2.0;45,02348000;3,88166000;
202300027429.0;1;37;37214;2;4;1.0;2.0;47,40049000;0,67850000;
202300027430.0;2;35;35281;2;1;1.0;3.0;48,08193000; -1,73417000;
202300027431.0;1;12;12202;2;1;7.0;6.0;44,36371000;2,55288000;
202300027432.0;1;06;06088;2;1;1.0;1.0;43,70799300;7,27125900;
202300027433.0;1;35;35150;1;6;1.0;3.0;48,35161716; -1,23020858;
202300027434.0;1;03;03190;2;1;1.0;6.0;46,54458000;3,34209000;
202300027435.0;5;33;33063;2;1;1.0;1.0;44,86110000; -0,55236000;
202300027436.0;1;75;75112;2;4;8.0;6.0;48,82775800;2,39324500;
202300027437.0;1;75;75118;2;1;1.0;3.0;48,90104100;2,35076400;
202300027438.0;5;33;33069;2;2;1.0;3.0;44,86243000; -0,59011000;
202300027439.0;1;75;75120;2;1;1.0;3.0;48,86979900;2,40007500;
202300027440.0;1;31;31555;1;1;1.0;3.0;43,57219000;1,43843000;
202300027441.0;1;75;75119;2;2;1.0;6.0;48,88838900;2,37413800;
202300027442.0;1;31;31555;2;1;1.0;3.0;43,61902000;1,42579000;
202300027443.0;1;75;75107;2;3;6.0;6.0;48,85174311;2,32676804;
202300027444.0;1;31;31555;2;3;1.0;3.0;43,58986934;1,36968613;
202300027445.0;1;75;75112;2;2;1.0;2.0;48,84564900;2,36721800;
202300027446.0;1;30;30007;2;1;1.0;6.0;44,12642000;4,07981000;
202300027447.0;1;75;75111;2;2;1.0;6.0;48,85934000;2,38683500;
202300027448.0;1;29;29019;2;1;1.0;6.0;48,38345800; -4,53089400;
202300027449.0;1;22;22113;2;1;1.0;2.0;48,74450000; -3,46228000;
202300027450.0;1;75;75111;2;7;1.0;2.0;48,85348500;2,36960900;
202300027451.0;5;19;19031;2;3;1.0;3.0;45,15468000;1,52864000;
202300027452.0;1;75;75115;2;2;1.0;3.0;48,83549600;2,30238700;
202300027453.0;1;13;13117;2;9;1.0;3.0;43,45390000;5,23187000;
202300027454.0;1;75;75104;2;2;1.0;7.0;48,85723900;2,34711400;
202300027455.0;1;13;13205;2;3;1.0;6.0;43,28933000;5,39050000;
202300027456.0;1;75;75102;2;2;1.0;3.0;48,86954100;2,33679100;
202300027457.0;1;13;13005;2;1;1.0;2.0;43,28546000;5,59005000;
202300027458.0;5;75;75109;2;2;3.0;3.0;48,87924100;2,34323500;
202300027459.0;1;10;10387;2;1;2.0;6.0;48,29361000;4,06882000;
202300027460.0;1;94;94068;2;2;2.0;2.0;48,79268100;2,49746000;
202300027461.0;5;38;38185;2;2;4.0;3.0;45,18788000;5,72162000;
202300027462.0;5;94;94021;2;3;3.0;3.0;48,76371000;2,35708000;
202300027463.0;5;38;38185;2;9;1.0;3.0;45,16029000;5,71962000;
202300027464.0;5;93;93064;2;1;2.0;6.0;48,88126000;2,47660000;
202300027465.0;1;75;75104;2;2;8.0;7.0;48,85341700;2,36715100;
202300027466.0;2;93;93008;2;1;2.0;2.0;48,89898800;2,44394800;
202300027467.0;5;38;38185;2;3;1.0;1.0;45,17858000;5,73599000;
202300027468.0;5;75;75112;2;4;1.0;6.0;48,84648400;2,36688400;
202300027469.0;1;92;92072;2;9;8.0;7.0;48,81265000;2,21459000;
202300027470.0;1;94;94080;2;1;1.0;6.0;48,84532300;2,43820600;
202300027471.0;1;38;38421;2;1;1.0;6.0;45,18466000;5,76788000;
202300027472.0;1;92;92035;2;1;1.0;6.0;48,90750000;2,23817000;
202300027473.0;1;94;94034;2;1;1.0;6.0;48,75338000;2,32837000;
202300027474.0;5;38;38185;2;1;4.0;7.0;45,15870000;5,73173000;
202300027475.0;1;94;94033;2;1;1.0;3.0;48,85347600;2,45219100;
202300027476.0;1;92;92002;2;1;1.0;2.0;48,76204086;2,30143771;
202300027477.0;5;94;94017;2;1;1.0;6.0;48,81564700;2,51436600;
202300027478.0;1;93;93066;2;1;8.0;6.0;48,91696400;2,35796200;
202300027479.0;5;92;92002;2;1;2.0;4.0;48,75236000;2,30463000;
202300027480.0;1;93;93064;2;1;8.0;6.0;48,86998300;2,49684300;
202300027481.0;2;75;75113;2;1;1.0;2.0;48,81670700;2,36510700;
202300027482.0;1;65;65441;1;1;1.0;7.0;42,96532600;0,59921600;
202300027483.0;1;93;93055;2;1;1.0;2.0;48,90239700;2,39938000;
202300027484.0;1;80;80779;1;9;2.0;6.0;50,10443200;1,88946700;
202300027485.0;1;75;75117;2;1;1.0;1.0;48,89556200;2,30769100;
202300027486.0;1;93;93051;2;1;1.0;6.0;48,84388900;2,55066500;
202300027487.0;1;41;41194;2;2;2.0;6.0;47,35461700;1,74259400;
202300027488.0;1;75;75109;2;3;1.0;6.0;48,88342300;2,33429200;
202300027489.0;1;93;93074;2;1;1.0;2.0;48,93401458;2,56148547;
202300027490.0;1;31;31567;1;1;1.0;3.0;43,59413000;1,66292700;
202300027491.0;1;92;92064;2;1;1.0;3.0;48,84442100;2,22040500;
202300027492.0;5;75;75119;2;1;1.0;1.0;48,88217000;2,37112100;
202300027493.0;2;92;92051;2;1;1.0;6.0;48,88296000;2,28077000;
202300027494.0;1;75;75116;2;1;1.0;2.0;48,87066100;2,25937600;
202300027495.0;1;92;92020;2;1;1.0;7.0;48,80984700;2,28531200;
202300027496.0;1;64;64288;2;1;1.0;3.0;43,38760100; -0,55076500;
202300027497.0;2;92;92048;2;1;1.0;6.0;48,78638907;2,23015666;
202300027498.0;1;75;75115;2;2;1.0;6.0;48,83859400;2,26977700;
202300027499.0;1;22;22093;1;1;3.0;7.0;48,47081000; -2,55418000;
202300027500.0;5;92;92040;2;3;1.0;6.0;48,83359074;2,26712376;
202300027501.0;3;2A;2A006;1;1;1.0;3.0;41,96081400;8,78022200;
202300027502.0;5;92;92025;2;9;1.0;6.0;48,92556600;2,26079900;
202300027503.0;1;75;75115;2;2;1.0;6.0;48,84676100;2,28564800;
202300027504.0;5;92;92012;2;1;1.0;7.0;48,83085700;2,24227600;
202300027505.0;1;2B;2B346;1;1;1.0;1.0;42,52670900;9,47345500;
202300027506.0;5;75;75114;2;1;1.0;6.0;48,82129400;2,33434400;
202300027507.0;5;92;92004;2;1;1.0;2.0;48,92666661;2,27349052;
202300027508.0;1;80;80554;1;1;2.0;7.0;49,88882800;2,03813600;
202300027509.0;1;65;65258;2;3;1.0;6.0;43,12229100;0,38347500;
202300027510.0;1;974;97415;1;1;3.0;5.0; -20,96825200;55,29891000;
202300027511.0;1;75;75110;2;2;2.0;6.0;48,88110700;2,36517400;
202300027512.0;5;95;95205;2;1;1.0;3.0;49,02043300;2,37817800;
202300027513.0;1;33;33108;2;1;1.0;3.0;44,85439000; -0,05133200;
202300027514.0;1;61;61474;1;1;2.0;6.0;48,79018400; -0,00180200;
202300027515.0;1;75;75102;2;2;1.0;6.0;48,86529000;2,34307700;
202300027516.0;1;71;71047;2;1;1.0;2.0;46,62633500;3,74893400;
202300027517.0;1;31;31271;1;3;1.0;3.0;43,54435700;1,63324000;
202300027518.0;1;42;42052;2;2;1.0;3.0;46,16366700;4,16721400;
202300027519.0;1;94;94078;2;1;1.0;3.0;48,72578000;2,44458000;
202300027520.0;1;01;01173;2;2;1.0;6.0;46,33184100;6,05745000;
202300027521.0;1;42;42177;2;2;7.0;6.0;46,14291381;4,10843264;
202300027522.0;1;41;41179;1;1;1.0;7.0;48,06693100;1,08785000;
202300027523.0;2;94;94052;2;1;1.0;3.0;48,83565200;2,49252300;
202300027524.0;1;83;83091;1;3;1.0;5.0;43,23437000;6,21203400;
202300027525.0;1;34;34031;1;1;1.0;1.0;43,34673100;3,43844200;
202300027526.0;1;94;94046;2;1;1.0;3.0;48,81496300;2,41756500;
202300027527.0;5;84;84038;2;2;1.0;3.0;43,80158400;5,06573800;
202300027528.0;1;44;44213;1;2;7.0;1.0;47,44240900; -1,03286500;
202300027529.0;1;94;94017;2;1;1.0;6.0;48,82594000;2,51443000;
202300027530.0;3;37;37170;1;1;2.0;6.0;47,57648711;0,57882071;
202300027531.0;3;93;93073;2;1;1.0;6.0;49,00361000;2,56497000;
202300027532.0;1;02;02126;1;1;2.0;6.0;49,76187700;4,18156400;
202300027533.0;1;89;89195;1;1;1.0;3.0;48,16640700;3,26789600;
202300027534.0;1;93;93049;2;1;1.0;3.0;48,86162464;2,50359444;
202300027535.0;1;02;02359;1;1;3.0;2.0;49,80026600;3,28522300;
202300027536.0;1;51;51287;1;1;2.0;6.0;49,08586900;3,96236300;
202300027537.0;1;54;54072;1;1;2.0;6.0;48,85366800;6,09635000;
202300027538.0;1;93;93055;2;2;8.0;1.0;48,89157000;2,41661000;
202300027539.0;5;59;59669;2;2;8.0;3.0;50,80663032;2,43986959;
202300027540.0;1;72;72230;1;9;1.0;2.0;47,85501300;0,10012100;
202300027541.0;3;74;74312;1;1;1.0;6.0;46,06762600;6,50346600;
202300027542.0;5;93;93008;2;1;1.0;3.0;48,90917000;2,41812000;
202300027543.0;2;50;50615;2;2;2.0;6.0;49,50783600; -1,46870800;
202300027544.0;1;76;76302;2;1;1.0;6.0;49,64903100;0,36461900;
202300027545.0;1;64;64191;1;1;1.0;1.0;43,17732300; -0,22182300;
202300027546.0;1;79;79002;1;1;1.0;1.0;46,69446900; -0,30262000;
202300027547.0;1;10;10372;1;1;6.0;7.0;48,37078257;4,70991692;
202300027548.0;3;79;79238;1;1;1.0;7.0;46,91469900; -0,46797200;
202300027549.0;5;93;93001;2;1;1.0;6.0;48,90532942;2,37426889;
202300027550.0;1;16;16190;2;1;2.0;3.0;46,00614827; -0,01335114;
202300027551.0;1;71;71346;2;6;8.0;2.0;46,61215500;4,22036700;
202300027552.0;1;16;16106;2;1;1.0;2.0;46,01322900;0,66782800;
202300027553.0;1;40;40268;1;3;1.0;3.0;43,51427300; -1,28535700;
202300027554.0;1;92;92063;2;9;1.0;4.0;48,88744987;2,16726637;
202300027555.0;5;47;47004;1;1;1.0;1.0;44,30533179;0,34200450;