Num_Acc;lum;departement;commune;agglomeration;intersection;meteo;type_collision;lat;long;date
202300027556.0;1;17;17218;1;1;1.0;2.0;46,32342300; -0,98873700;
202300027557.0;3;86;86148;1;1;1.0;2.0;46,41965500;0,38292800;
202300027558.0;1;92;92048;1;9;1.0;6.0;48,79520000;2,23327000;
202300027559.0;1;38;38527;2;1;1.0;7.0;45,16274200;6,08611500;
202300027560.0;5;39;39485;2;1;1.0;6.0;46,39411000;5,45250800;
202300027561.0;1;92;92036;2;2;1.0;6.0;48,92617735;2,28482299;
202300027562.0;5;25;25578;2;1;1.0;6.0;47,14943200;6,34326100;
202300027563.0;3;69;69077;1;1;1.0;2.0;46,14774400;4,76976200;
202300027564.0;5;987;98725;2;1;1.0;2.0; -17,50666000; -149,49309100;
202300027565.0;1;35;35069;1;1;3.0;4.0;48,04881000; -1,51426800;
202300027566.0;1;92;92026;2;3;1.0;1.0;48,89636743;2,25848150;
202300027567.0;5;973;97312;2;2;1.0;3.0;5,37881600; -52,95838200;
202300027568.0;1;29;29249;1;1;1.0;1.0;48,15124900; -3,80380200;
202300027569.0;1;92;92025;2;1;8.0;6.0;48,92753000;2,26625000;
202300027570.0;2;29;29245;1;1;4.0;1.0;48,46092400; -4,35212000;
202300027571.0;1;30;30155;2;8;1.0;1.0;43,82631900;4,47949800;
202300027572.0;1;31;31033;2;1;1.0;3.0;43,35533300;1,46386200;
202300027573.0;2;92;92012;2;1;1.0;6.0;48,83392000;2,24479000;
202300027574.0;1;11;11361;1;1;1.0;6.0;43,32213400;2,01612000;
202300027575.0;2;02;02827;1;1;1.0;2.0;49,71582300;3,73409600;
202300027576.0;1;34;34154;1;3;1.0;3.0;43,62734700;4,00053800;
202300027577.0;5;70;70205;2;1;1.0;1.0;47,65853700;6,73526300;
202300027578.0;1;92;92012;2;1;1.0;4.0;48,83103000;2,23490000;
202300027579.0;1;72;72054;1;1;1.0;3.0;48,01286500;0,31786300;
202300027580.0;3;34;34176;1;1;1.0;1.0;43,63514300;4,04809700;
202300027581.0;1;92;92004;2;1;1.0;6.0;48,91365000;2,29897000;
202300027582.0;2;14;14475;2;1;1.0;7.0;49,10455606; -0,55296958;
202300027583.0;1;68;68372;2;1;1.0;2.0;47,84267600;7,07159600;
202300027584.0;2;92;92004;2;1;1.0;6.0;48,91176000;2,28514000;
202300027585.0;3;14;14143;2;2;1.0;3.0;49,08779400; -0,81794500;
202300027586.0;1;73;73197;1;1;1.0;7.0;45,54035300;6,77360800;
202300027587.0;1;49;49063;2;6;1.0;3.0;47,34855300; -0,76216000;
202300027588.0;2;26;26004;1;3;1.0;7.0;44,98423700;4,98117900;
202300027589.0;3;60;60485;1;2;9.0;1.0;49,61282300;2,17087300;
202300027590.0;4;41;41067;2;1;1.0;7.0;47,50090100;1,46514500;
202300027591.0;1;07;07262;1;1;1.0;6.0;44,60664700;3,97216400;
202300027592.0;5;16;16028;2;1;1.0;3.0;45,46716600; -0,15957000;
202300027593.0;3;07;07026;1;4;1.0;7.0;44,85450700;4,10850000;
202300027594.0;2;76;76235;1;1;1.0;1.0;49,90020500;1,24658300;
202300027595.0;1;04;04163;1;3;1.0;1.0;44,08195900;5,54303200;
202300027596.0;2;07;07145;1;3;1.0;3.0;44,60576500;4,46951000;
202300027597.0;1;31;31044;2;1;1.0;6.0;43,60899400;1,48927500;
202300027598.0;1;72;72025;2;9;1.0;3.0;47,67690300; -0,15972000;
202300027599.0;1;51;51388;1;1;1.0;7.0;49,12697732;4,34858233;
202300027600.0;1;13;13056;1;1;1.0;7.0;43,40212000;5,04272000;
202300027601.0;2;17;17210;1;2;1.0;5.0;45,43872100; -0,67343800;
202300027602.0;1;62;62261;2;1;1.0;6.0;50,48165400;1,59384400;
202300027603.0;3;74;74150;2;1;1.0;2.0;46,26643900;6,31589400;
202300027604.0;1;978;97801;2;1;1.0;3.0;18,08986600; -63,06602400;
202300027605.0;1;973;97311;2;2;1.0;6.0;5,48250100; -54,01270800;
202300027606.0;1;91;91434;1;1;1.0;4.0;48,66819000;2,35490000;
202300027607.0;1;74;74010;2;1;9.0;7.0;45,88686400;6,10194600;
202300027608.0;3;91;91661;1;1;3.0;6.0;48,69036000;2,22208000;
202300027609.0;1;76;76662;2;1;1.0;3.0;49,77104100;0,89187700;
202300027610.0;3;38;38530;1;1;1.0;3.0;45,61762500;5,19065400;
202300027611.0;1;92;92064;1;1;1.0;7.0;48,84244656;2,22228650;
202300027612.0;3;92;92072;1;1;3.0;6.0;48,82338063;2,22201913;
202300027613.0;1;77;77437;1;9;1.0;1.0;49,04619500;2,79207200;
202300027614.0;1;95;95582;1;1;2.0;6.0;48,97504200;2,24148600;
202300027615.0;1;33;33484;2;3;1.0;3.0;44,43083000; -0,49486200;
202300027616.0;1;84;84034;1;1;1.0;1.0;43,89010300;4,92803900;
202300027617.0;1;92;92036;1;1;1.0;3.0;48,93894463;2,30501249;
202300027618.0;1;89;89442;1;1;1.0;6.0;48,10142600;3,13773100;
202300027619.0;2;71;71162;1;1;1.0;6.0;46,97662200;4,40680500;
202300027620.0;1;93;93027;1;1;2.0;6.0;48,92706000;2,40353000;
202300027621.0;2;71;71267;1;1;1.0;6.0;46,47545600;4,83865700;
202300027622.0;2;71;71150;2;3;4.0;3.0;46,25028300;4,78373600;
202300027623.0;1;95;95572;1;1;3.0;6.0;49,03091846;2,12131619;
202300027624.0;3;71;71525;1;1;4.0;1.0;46,38653500;4,66491900;
202300027625.0;1;32;32013;2;1;1.0;3.0;43,66300000;0,59300000;
202300027626.0;1;47;47093;1;1;1.0;1.0;44,22247884;0,17831121;
202300027627.0;3;55;55324;1;1;1.0;7.0;49,45663200;5,44509900;
202300027628.0;1;22;22113;2;1;1.0;6.0;48,73388000; -3,44165000;
202300027629.0;5;17;17452;2;1;1.0;1.0;45,77061100; -1,14249100;
202300027630.0;3;47;47069;2;1;1.0;6.0;44,21569200;0,60256600;
202300027631.0;1;976;97611;2;9;1.0;6.0; -12,79900000;45,21580000;
202300027632.0;2;39;39470;1;1;1.0;6.0;46,48393000;6,05151400;
202300027633.0;1;972;97213;2;1;1.0;2.0;14,62687000; -60,97857000;
202300027634.0;5;33;33096;2;6;1.0;6.0;44,88839465; -0,51677316;
202300027635.0;1;44;44222;1;1;1.0;7.0;47,45395300; -1,15263100;
202300027636.0;1;85;85003;2;1;1.0;3.0;46,73751500; -1,60194200;
202300027637.0;1;971;97101;1;1;1.0;2.0;16,27224785; -61,51575565;
202300027638.0;1;35;35012;1;1;9.0;6.0;47,81598600; -1,62726400;
202300027639.0;5;29;29236;1;1;1.0;6.0;47,83172900; -3,67681000;
202300027640.0;3;76;76657;1;1;1.0;3.0;49,48456600;0,35722700;
202300027641.0;1;91;91687;2;1;1.0;2.0;48,68278000;2,38252000;
202300027642.0;1;29;29220;1;1;1.0;2.0;47,88030400; -4,22255300;
202300027643.0;1;03;03026;2;1;1.0;1.0;46,46953700;3,26288600;
202300027644.0;5;89;89387;2;3;2.0;3.0;48,20714000;3,27756000;
202300027645.0;2;02;02443;1;1;2.0;1.0;49,04319900;3,28525500;
202300027646.0;1;64;64535;1;1;1.0;2.0;43,34988300; -0,52328800;
202300027647.0;1;89;89346;1;1;3.0;6.0;47,80002000;3,51290000;
202300027648.0;3;69;69278;1;1;1.0;4.0;45,90548000;4,83255000;
202300027649.0;1;33;33075;1;1;1.0;2.0;44,88334596; -0,62261045;
202300027650.0;1;83;83144;2;1;1.0;6.0;43,12949000;5,98732000;
202300027651.0;1;10;10359;2;1;1.0;6.0;48,11435000;3,99142000;
202300027652.0;1;07;07096;1;1;1.0;6.0;44,82446500;4,56790900;
202300027653.0;1;81;81004;2;1;1.0;6.0;43,92589460;2,14426570;
202300027654.0;3;91;91521;1;1;1.0;3.0;48,63426000;2,40328000;
202300027655.0;1;53;53185;1;1;1.0;1.0;48,44622300; -0,18345200;
202300027656.0;5;78;78551;2;9;2.0;3.0;48,89272000;2,08286000;
202300027657.0;3;92;92078;1;1;1.0;3.0;48,92889155;2,33055607;
202300027658.0;3;04;04145;1;1;1.0;6.0;44,13835100;5,96865000;
202300027659.0;1;76;76351;2;1;3.0;7.0;49,48987242;0,15668526;
202300027660.0;3;95;95252;1;1;1.0;4.0;48,97949903;2,22785630;
202300027661.0;1;85;85147;1;3;7.0;1.0;46,72482200; -0,80342900;
202300027662.0;3;95;95582;1;1;1.0;3.0;48,96395155;2,26313134;
202300027663.0;1;69;69266;2;4;1.0;3.0;45,76259000;4,90905000;
202300027664.0;3;28;28263;2;9;2.0;7.0;48,72475100;1,01726300;
202300027665.0;2;95;95582;1;1;1.0;2.0;48,96682579;2,25512844;
202300027666.0;1;69;69259;2;1;1.0;1.0;45,70438000;4,89169000;
202300027667.0;3;30;30062;1;6;1.0;6.0;43,78210000;4,20500000;
202300027668.0;1;94;94052;1;1;2.0;7.0;48,83180524;2,49163099;
202300027669.0;3;30;30284;1;1;1.0;6.0;44,15322100;4,05848300;
202300027670.0;5;94;94046;2;1;1.0;6.0;48,80598900;2,44163500;
202300027671.0;1;66;66136;2;3;1.0;3.0;42,70046000;2,89369000;
202300027672.0;1;49;49125;1;1;1.0;2.0;47,17792900; -0,33049100;
202300027673.0;5;33;33281;2;2;1.0;1.0;44,85617000; -0,64630000;
202300027674.0;1;64;64545;1;1;8.0;6.0;43,38002200; -1,68925600;
202300027675.0;1;55;55029;2;1;1.0;6.0;48,76910000;5,17231000;
202300027676.0;1;67;67089;1;1;2.0;7.0;48,77414400;7,44092500;
202300027677.0;5;974;97411;1;1;2.0;3.0; -20,88705000;55,44050000;
202300027678.0;1;64;64445;2;3;1.0;3.0;43,29832000; -0,36253000;
202300027679.0;3;11;11370;1;1;1.0;2.0;43,23390300;3,10664000;
202300027680.0;5;973;97302;2;2;1.0;3.0;4,93832776; -52,32818931;
202300027681.0;1;64;64445;2;1;1.0;2.0;43,30685000; -0,33454000;
202300027682.0;3;30;30169;1;1;1.0;6.0;43,80114615;4,31269169;
202300027683.0;2;69;69388;2;2;1.0;6.0;45,73701000;4,88391000;
202300027684.0;1;974;97422;1;1;1.0;7.0; -21,20111700;55,62560300;
202300027685.0;1;971;97101;1;9;1.0;6.0;16,27129690; -61,51143193;
202300027686.0;1;64;64024;2;1;2.0;1.0;43,48560000; -1,52305000;
202300027687.0;1;971;97128;2;3;1.0;3.0;16,24595400; -61,36630800;
202300027688.0;3;971;97101;2;1;1.0;6.0;16,25252761; -61,53420389;
202300027689.0;1;78;78562;1;1;1.0;6.0;48,73341700;1,75998100;
202300027690.0;1;971;97105;2;1;1.0;6.0;15,99369560; -61,71895981;
202300027691.0;1;59;59350;2;1;1.0;4.0;50,61551935;3,04840428;
202300027692.0;1;2A;2A004;2;6;1.0;6.0;41,94188653;8,74981266;
202300027693.0;1;30;30090;2;1;1.0;1.0;44,38137800;3,94010600;
202300027694.0;5;87;87085;2;1;1.0;7.0;45,84622000;1,23832000;
202300027695.0;1;59;59350;2;1;1.0;2.0;50,60777000;3,03549000;
202300027696.0;1;34;34199;2;1;1.0;6.0;43,45858000;3,42429000;
202300027697.0;1;80;80021;2;6;1.0;3.0;49,90669000;2,31806000;
202300027698.0;2;57;57463;2;4;3.0;1.0;49,13495000;6,17413000;
202300027699.0;1;34;34154;2;6;1.0;6.0;43,61740900;4,00814800;
202300027700.0;1;76;76351;2;3;1.0;6.0;49,49600300;0,12673000;
202300027701.0;1;56;56121;2;1;2.0;6.0;47,74314000; -3,36498000;
202300027702.0;2;69;69256;2;2;1.0;3.0;45,76705000;4,93274000;
202300027703.0;1;54;54395;2;1;2.0;6.0;48,68910400;6,18180000;
202300027704.0;1;71;71229;1;1;8.0;7.0;46,53812600;3,90979700;
202300027705.0;5;67;67447;2;3;4.0;7.0;48,60153000;7,74494000;
202300027706.0;1;54;54357;2;1;1.0;6.0;48,72094000;6,17176000;
202300027707.0;1;21;21464;2;1;1.0;6.0;47,13754000;4,94949800;
202300027708.0;5;67;67043;2;1;1.0;6.0;48,61438000;7,74734000;
202300027709.0;2;51;51454;2;1;2.0;6.0;49,26930000;4,05137000;
202300027710.0;3;66;66136;2;1;1.0;6.0;42,66765207;2,88425177;
202300027711.0;1;51;51454;2;1;1.0;6.0;49,25051000;4,03942000;
202300027712.0;1;67;67137;1;1;1.0;4.0;48,50327000;7,69364800;
202300027713.0;1;64;64348;2;2;1.0;3.0;43,30390000; -0,42646000;
202300027714.0;1;48;48095;2;1;1.0;6.0;44,51648000;3,48108000;
202300027715.0;1;31;31433;2;1;1.0;6.0;43,53456500;1,40928600;
202300027716.0;3;64;64284;2;3;1.0;1.0;43,29213000; -0,39054000;
202300027717.0;1;44;44162;2;1;1.0;3.0;47,22649630; -1,63718010;
202300027718.0;3;72;72151;1;3;1.0;6.0;47,87806897; -0,30246019;
202300027719.0;1;64;64024;2;1;1.0;6.0;43,51128000; -1,50022000;
202300027720.0;2;44;44109;2;1;1.0;6.0;47,25237000; -1,55366000;
202300027721.0;3;62;62186;1;1;1.0;6.0;50,44815000;2,70436000;
202300027722.0;1;38;38423;1;1;1.0;2.0;45,20317087;5,71367364;
202300027723.0;2;59;59378;2;1;1.0;2.0;50,68853900;3,11399400;
202300027724.0;1;29;29181;1;6;1.0;3.0;48,48147700; -4,27477100;
202300027725.0;1;59;59390;2;1;1.0;3.0;50,33812000;3,20130000;
202300027726.0;1;38;38185;2;2;1.0;3.0;45,17798000;5,70540000;
202300027727.0;1;54;54323;2;1;1.0;6.0;49,51346700;5,76788500;
202300027728.0;3;58;58194;2;1;2.0;1.0;46,99911000;3,16378000;
202300027729.0;1;60;60047;2;3;1.0;3.0;49,17173172;2,73501742;
202300027730.0;1;37;37261;2;9;3.0;1.0;47,36885000;0,66645000;
202300027731.0;2;58;58194;2;3;1.0;3.0;46,98861000;3,17202000;
202300027732.0;1;49;49099;2;2;1.0;3.0;47,06724000; -0,87329000;
202300027733.0;5;54;54547;1;1;1.0;6.0;48,67183900;6,19409400;
202300027734.0;5;31;31555;2;3;1.0;3.0;43,57629000;1,42144000;
202300027735.0;1;60;60500;1;1;1.0;7.0;49,10221344;2,74399149;
202300027736.0;5;46;46042;2;1;1.0;6.0;44,45641000;1,45021000;
202300027737.0;1;50;50129;2;1;1.0;6.0;49,65256000; -1,58028000;
202300027738.0;1;28;28085;2;1;1.0;3.0;48,44667000;1,47979000;
202300027739.0;5;44;44184;2;2;1.0;1.0;47,26933000; -2,22831000;
202300027740.0;5;45;45232;2;2;1.0;3.0;47,86875000;1,91180000;
202300027741.0;1;60;60107;1;1;1.0;2.0;49,36707641;2,42856582;
202300027742.0;1;25;25056;2;1;1.0;3.0;47,24318200;6,01717700;
202300027743.0;5;44;44184;2;2;1.0;3.0;47,27924000; -2,20826000;
202300027744.0;1;45;45285;2;1;1.0;6.0;47,90590000;1,86908000;
202300027745.0;1;17;17415;2;1;1.0;3.0;45,74958000; -0,64587000;
202300027746.0;5;33;33318;2;4;1.0;1.0;44,79516521; -0,61086237;
202300027747.0;1;15;15014;2;9;2.0;3.0;44,91056100;2,42631500;
202300027748.0;1;44;44109;2;1;1.0;3.0;47,21876800; -1,55068620;
202300027749.0;1;13;13213;1;1;1.0;2.0;43,32509000;5,42167000;
202300027750.0;1;27;27701;2;2;1.0;3.0;49,27147000;1,20611000;
202300027751.0;3;15;15014;1;2;1.0;2.0;44,92263800;2,40009600;
202300027752.0;1;38;38151;2;1;1.0;6.0;45,14682000;5,71978000;
202300027753.0;5;25;25388;2;1;9.0;6.0;47,50770000;6,80941000;
202300027754.0;1;13;13026;1;1;1.0;2.0;43,37880000;5,16697000;
202300027755.0;1;11;11262;2;1;1.0;6.0;43,18890000;3,00704000;
202300027756.0;2;37;37261;2;1;8.0;6.0;47,37865000;0,71066000;
202300027757.0;1;14;14225;2;2;1.0;1.0;49,28541597; -0,10306331;
202300027758.0;1;11;11069;2;2;1.0;3.0;43,23604400;2,36705100;
202300027759.0;1;13;13005;1;1;1.0;2.0;43,30112000;5,59134000;
202300027760.0;3;974;97409;1;9;3.0;6.0; -20,94372000;55,64920000;
202300027761.0;1;37;37261;2;1;1.0;3.0;47,38198000;0,68033000;
202300027762.0;1;54;54115;1;1;1.0;4.0;48,69358600;6,07851400;
202300027763.0;1;12;12089;1;1;3.0;6.0;44,58584000;2,24786000;
202300027764.0;5;973;97302;2;3;9.0;3.0;4,92566072; -52,30360150;
202300027765.0;4;59;59343;1;1;1.0;7.0;50,60018000;3,13045000;
202300027766.0;1;09;09225;1;1;1.0;6.0;43,11924000;1,63009000;
202300027767.0;5;972;97213;2;6;1.0;7.0;14,62688349; -61,00838900;
202300027768.0;1;37;37122;2;1;1.0;1.0;47,34705000;0,66544000;
202300027769.0;1;91;91161;1;1;1.0;7.0;48,71810000;2,31030000;
202300027770.0;1;69;69385;2;1;1.0;2.0;45,75438000;4,78343000;
202300027771.0;5;07;07281;2;3;1.0;7.0;44,94093900;4,84121300;
202300027772.0;1;971;97113;1;1;1.0;7.0;16,21901000; -61,45764000;
202300027773.0;1;05;05061;2;1;1.0;2.0;44,56192000;6,08363000;
202300027774.0;1;35;35051;1;1;1.0;1.0;48,11953000; -1,57055000;
202300027775.0;3;95;95582;1;1;1.0;2.0;48,96559000;2,25938000;
202300027776.0;5;971;97101;2;1;1.0;6.0;16,27701968; -61,50229096;
202300027777.0;1;05;05061;2;1;1.0;3.0;44,56266000;6,08540000;
202300027778.0;5;91;91589;2;1;1.0;7.0;48,67808000;2,34328000;
202300027779.0;1;35;35238;2;9;1.0;1.0;48,11020000; -1,65964000;
202300027780.0;5;69;69029;2;1;1.0;3.0;45,75040940;4,91046326;
202300027781.0;1;05;05061;2;6;1.0;2.0;44,55581000;6,07831000;
202300027782.0;1;93;93064;1;1;1.0;5.0;48,87299000;2,48117000;
202300027783.0;5;69;69290;2;1;1.0;6.0;45,68635000;4,94037000;
202300027784.0;5;33;33281;2;2;1.0;3.0;44,84810941; -0,65975100;
202300027785.0;1;75;75114;2;1;1.0;3.0;48,82106500;2,32048600;
202300027786.0;1;95;95572;1;1;2.0;6.0;49,03368993;2,11147785;
202300027787.0;5;64;64445;2;2;1.0;3.0;43,30147000; -0,36926000;
202300027788.0;1;75;75113;2;1;1.0;3.0;48,82120600;2,37789000;
202300027789.0;5;64;64102;2;1;1.0;6.0;43,48159000; -1,46560000;
202300027790.0;1;27;27562;2;6;1.0;7.0;49,09536700;1,43037400;
202300027791.0;2;95;95488;1;1;1.0;6.0;49,01932000;2,13923000;
202300027792.0;5;75;75113;2;3;1.0;6.0;48,82951700;2,36895500;
202300027793.0;1;93;93013;1;1;1.0;2.0;48,93902806;2,41747499;
202300027794.0;1;59;59043;1;2;7.0;1.0;50,72191000;2,70347000;
202300027795.0;1;75;75105;2;2;1.0;3.0;48,85110300;2,35128900;
202300027796.0;5;59;59410;2;3;1.0;3.0;50,63850600;3,11728300;
202300027797.0;1;25;25462;2;2;1.0;1.0;46,90017000;6,36110000;
202300027798.0;1;44;44162;2;1;1.0;1.0;47,24026000; -1,63931000;
202300027799.0;1;75;75106;2;3;2.0;6.0;48,84272000;2,32983600;
202300027800.0;1;93;93005;1;1;1.0;4.0;48,95216497;2,47360826;
202300027801.0;1;56;56260;2;9;7.0;3.0;47,63104000; -2,78055000;
202300027802.0;3;35;35281;2;9;1.0;7.0;48,09170851; -1,70717776;
202300027803.0;1;93;93053;1;1;2.0;6.0;48,88795792;2,47241735;
202300027804.0;1;75;75117;2;4;2.0;7.0;48,87947400;2,29062200;
202300027805.0;1;17;17291;2;1;1.0;3.0;46,17688100; -1,11512300;
202300027806.0;1;33;33069;2;1;1.0;3.0;44,86278808; -0,58387130;
202300027807.0;5;56;56098;2;6;1.0;3.0;47,77435700; -3,34012800;
202300027808.0;1;92;92036;1;1;2.0;6.0;48,93849892;2,29423732;
202300027809.0;3;31;31555;2;1;1.0;7.0;43,61758000;1,39414000;
202300027810.0;1;75;75116;2;2;8.0;3.0;48,86292500;2,29193400;
202300027811.0;1;13;13205;2;2;1.0;3.0;43,28651000;5,39301000;
202300027812.0;1;50;50129;2;1;1.0;7.0;49,64728000; -1,64651000;
202300027813.0;1;75;75110;2;1;1.0;6.0;48,87681500;2,36101400;
202300027814.0;1;94;94073;1;1;1.0;5.0;48,77309121;2,39941125;
202300027815.0;1;29;29232;2;6;1.0;5.0;48,00338000; -4,08468000;
202300027816.0;1;13;13212;2;1;1.0;3.0;43,31198000;5,46485000;
202300027817.0;1;75;75108;2;3;1.0;6.0;48,88116700;2,31533400;
202300027818.0;1;49;49007;2;4;1.0;3.0;47,47095000; -0,56448000;
202300027819.0;2;974;97409;2;1;1.0;3.0; -20,94666000;55,65510000;
202300027820.0;1;13;13207;2;2;1.0;3.0;43,28920000;5,36185000;
202300027821.0;1;75;75108;2;2;1.0;3.0;48,86499900;2,31369700;
202300027822.0;1;13;13103;1;1;1.0;1.0;43,64096000;5,02516000;
202300027823.0;1;47;47001;2;1;1.0;3.0;44,17925000;0,62212000;
202300027824.0;1;75;75107;2;2;2.0;7.0;48,84941700;2,30377200;
202300027825.0;5;13;13203;2;1;1.0;2.0;43,31944000;5,37023000;
202300027826.0;1;69;69383;2;2;1.0;3.0;45,75626000;4,84037000;
202300027827.0;1;13;13215;2;1;1.0;6.0;43,35335439;5,36860936;
202300027828.0;1;13;13209;2;1;1.0;3.0;43,26900000;5,40200000;
202300027829.0;1;47;47001;2;2;1.0;3.0;44,19342000;0,61687000;
202300027830.0;5;972;97209;1;1;1.0;6.0;14,61721000; -61,06185000;
202300027831.0;1;94;94068;2;2;2.0;1.0;48,78839000;2,50637000;
202300027832.0;5;10;10333;2;1;8.0;3.0;48,28526000;4,06625000;
202300027833.0;1;13;13208;2;1;1.0;1.0;43,22613327;5,34829192;
202300027834.0;3;94;94076;2;1;1.0;2.0;48,78221100;2,36734200;
202300027835.0;1;42;42170;1;1;1.0;1.0;46,02658000;4,09994000;
202300027836.0;5;69;69382;2;1;1.0;3.0;45,74025000;4,81869000;
202300027837.0;2;06;06159;1;1;1.0;3.0;43,71360000;7,32944000;
202300027838.0;5;13;13047;2;1;1.0;6.0;43,49372000;4,97113000;
202300027839.0;1;92;92051;2;1;8.0;6.0;48,88992022;2,27711856;
202300027840.0;1;69;69034;2;1;1.0;6.0;45,78756000;4,86054000;
202300027841.0;1;42;42187;2;2;1.0;6.0;46,06713211;4,07721908;
202300027842.0;5;06;06083;2;1;1.0;6.0;43,79127800;7,49226800;
202300027843.0;1;03;03310;2;1;1.0;3.0;46,11530000;3,43875000;
202300027844.0;1;92;92020;2;2;1.0;3.0;48,80598020;2,27892458;
202300027845.0;1;35;35238;2;1;1.0;6.0;48,09767000; -1,66897000;
202300027846.0;1;06;06083;2;1;1.0;3.0;43,78529000;7,52294000;
202300027847.0;1;2B;2B033;2;1;1.0;4.0;42,69000000;9,45000000;
202300027848.0;1;75;75115;2;4;1.0;3.0;48,83474993;2,27420747;
202300027849.0;1;92;92049;2;3;2.0;2.0;48,81729533;2,32880652;
202300027850.0;1;35;35238;2;1;1.0;2.0;48,08197348; -1,64720088;
202300027851.0;1;05;05061;2;2;1.0;3.0;44,56000000;6,07570000;
202300027852.0;1;2A;2A004;1;1;1.0;2.0;41,92722000;8,79331000;
202300027853.0;1;92;92035;2;9;1.0;6.0;48,90617244;2,24742740;
202300027854.0;1;75;75116;2;1;1.0;6.0;48,86201400;2,26439300;
202300027855.0;1;35;35115;2;1;7.0;6.0;48,35762400; -1,19473300;
202300027856.0;1;05;05061;2;1;1.0;2.0;44,56348900;6,08394500;
202300027857.0;1;91;91691;2;9;1.0;6.0;48,70008000;2,47764000;
202300027858.0;1;75;75119;2;1;1.0;2.0;48,90057700;2,38886100;
202300027859.0;1;92;92024;2;3;1.0;3.0;48,89991927;2,31445491;
202300027860.0;1;34;34172;2;1;1.0;6.0;43,60038000;3,89665000;
202300027861.0;1;75;75117;2;2;1.0;3.0;48,89184200;2,30159300;
202300027862.0;1;91;91027;2;3;1.0;3.0;48,71289000;2,37149000;
202300027863.0;1;34;34172;2;1;2.0;3.0;43,58586000;3,88257000;
202300027864.0;1;75;75108;2;7;1.0;3.0;48,86704850;2,32068479;
202300027865.0;2;75;75117;2;3;1.0;3.0;48,88909200;2,31613400;
202300027866.0;1;17;17045;1;2;3.0;4.0;45,86799700; -0,84405400;
202300027867.0;5;75;75104;2;2;1.0;7.0;48,85949900;2,34885700;
202300027868.0;1;75;75114;2;1;8.0;2.0;48,83799603;2,31928736;
202300027869.0;1;30;30007;2;2;8.0;3.0;44,14179000;4,10481000;
202300027870.0;5;94;94017;2;1;1.0;6.0;48,80970900;2,55479500;
202300027871.0;1;91;91228;2;3;1.0;5.0;48,63810100;2,43804500;
202300027872.0;1;81;81156;1;1;1.0;2.0;43,90914800;2,04768400;
202300027873.0;5;75;75101;2;3;1.0;6.0;48,86444200;2,33015500;
202300027874.0;1;29;29019;2;1;1.0;6.0;48,38554700; -4,53511300;
202300027875.0;5;94;94041;2;7;1.0;3.0;48,81455292;2,39706606;
202300027876.0;1;67;67534;2;3;1.0;1.0;48,74884600;7,51219700;
202300027877.0;1;83;83144;2;1;1.0;1.0;43,13161000;5,99415000;
202300027878.0;2;94;94078;2;3;1.0;1.0;48,74773000;2,46066000;
202300027879.0;1;29;29019;2;3;1.0;3.0;48,38476000; -4,52810000;
202300027880.0;1;22;22243;1;1;2.0;1.0;48,37215700; -3,47918700;
202300027881.0;1;94;94021;2;2;1.0;2.0;48,76681000;2,33625000;
202300027882.0;1;83;83069;2;3;1.0;3.0;43,11688000;6,12265000;
202300027883.0;1;28;28134;2;3;1.0;6.0;48,73597000;1,38826000;
202300027884.0;5;93;93070;2;2;1.0;6.0;48,91776000;2,32968000;
202300027885.0;1;42;42253;1;3;1.0;2.0;46,04422500;3,99760700;
202300027886.0;5;93;93072;2;3;1.0;3.0;48,96384600;2,38054800;
202300027887.0;2;93;93066;2;2;1.0;6.0;48,93527871;2,35589574;
202300027888.0;5;93;93072;2;2;1.0;6.0;48,94753290;2,37531736;
202300027889.0;2;74;74012;2;9;8.0;6.0;46,19681000;6,23881000;
202300027890.0;1;56;56205;1;1;1.0;3.0;47,56162800; -2,71111200;
202300027891.0;1;15;15014;2;6;1.0;3.0;44,91421000;2,44109000;
202300027892.0;1;93;93064;2;1;1.0;3.0;48,87937300;2,47818900;
202300027893.0;1;93;93048;2;2;8.0;1.0;48,85502222;2,41908923;
202300027894.0;1;13;13103;2;1;1.0;6.0;43,64394000;5,08939000;
202300027895.0;5;69;69264;2;3;1.0;6.0;45,97887000;4,72680000;
202300027896.0;1;59;59546;1;1;1.0;3.0;50,78696000;2,56487800;
202300027897.0;1;93;93055;2;1;1.0;3.0;48,90468000;2,39334000;
202300027898.0;1;10;10357;1;1;1.0;7.0;48,28378000;4,12089000;
202300027899.0;1;93;93045;2;2;1.0;1.0;48,87834185;2,42247722;
202300027900.0;1;69;69259;2;3;1.0;3.0;45,71656000;4,88797000;
202300027901.0;3;93;93049;2;3;1.0;3.0;48,86439659;2,51121850;
202300027902.0;1;76;76075;2;4;6.0;1.0;49,76839100;1,04875700;
202300027903.0;3;69;69290;1;1;1.0;6.0;45,70408000;4,99591000;
202300027904.0;1;10;10387;2;1;1.0;4.0;48,28574000;4,07470000;