Num_Acc;lum;departement;commune;agglomeration;intersection;meteo;type_collision;lat;long;date
202300027905.0;4;79;79174;2;1;8.0;7.0;46,21924400; -0,14834000;
202300027906.0;5;93;93049;2;3;1.0;6.0;48,85682109;2,49907717;
202300027907.0;1;93;93010;2;3;1.0;6.0;48,90708000;2,48836000;
202300027908.0;1;92;92022;2;1;1.0;6.0;48,81810298;2,19712025;
202300027909.0;1;62;62133;2;2;1.0;3.0;50,41226000;2,91181000;
202300027910.0;1;10;10333;2;3;1.0;3.0;48,28166000;4,06072000;
202300027911.0;1;92;92050;2;1;1.0;6.0;48,88570750;2,19642811;
202300027912.0;1;59;59286;2;1;1.0;6.0;50,61198000;2,99653000;
202300027913.0;5;92;92050;2;9;1.0;3.0;48,90739300;2,21288300;
202300027914.0;1;09;09121;2;9;1.0;6.0;42,94604000;1,61560000;
202300027915.0;1;92;92040;1;1;1.0;6.0;48,82800000;2,26750000;
202300027916.0;5;92;92049;2;2;1.0;3.0;48,81769000;2,30788000;
202300027917.0;1;56;56260;2;6;1.0;2.0;47,66391000; -2,75580000;
202300027918.0;5;08;08409;2;2;1.0;6.0;49,69672000;4,93901000;
202300027919.0;2;92;92025;2;1;1.0;2.0;48,92260100;2,24131200;
202300027920.0;1;92;92026;2;9;1.0;3.0;48,89835000;2,26875000;
202300027921.0;1;01;01451;2;3;1.0;3.0;46,21302000;5,21817000;
202300027922.0;5;92;92024;2;1;1.0;2.0;48,90390000;2,30527000;
202300027923.0;1;54;54323;2;3;1.0;3.0;49,52594200;5,77516800;
202300027924.0;1;75;75117;2;2;1.0;6.0;48,88565100;2,31683000;
202300027925.0;1;92;92024;2;1;8.0;6.0;48,90011517;2,31478125;
202300027926.0;5;92;92012;2;6;1.0;7.0;48,83361000;2,24369000;
202300027927.0;1;75;75105;2;2;1.0;3.0;48,84428100;2,34215800;
202300027928.0;1;92;92023;2;1;1.0;6.0;48,78379000;2,24748000;
202300027929.0;3;2A;2A211;1;1;2.0;6.0;41,79508800;8,98254600;
202300027930.0;1;75;75105;2;3;1.0;3.0;48,85039600;2,35352700;
202300027931.0;1;92;92012;2;1;1.0;2.0;48,83213000;2,23889000;
202300027932.0;1;49;49267;2;2;1.0;2.0;47,46382000; -0,49085000;
202300027933.0;1;75;75105;2;3;1.0;3.0;48,85034400;2,34261200;
202300027934.0;1;92;92002;2;1;1.0;3.0;48,75666000;2,30638000;
202300027935.0;1;75;75120;2;2;1.0;6.0;48,85352400;2,41079000;
202300027936.0;1;01;01248;1;1;1.0;1.0;45,90389900;4,93494600;
202300027937.0;1;47;47133;1;1;8.0;7.0;44,07946600;0,57334900;
202300027938.0;1;75;75120;2;1;1.0;2.0;48,85403800;2,39991900;
202300027939.0;1;42;42218;2;2;2.0;3.0;45,42716000;4,38575000;
202300027940.0;5;75;75120;2;7;1.0;6.0;48,86490600;2,39867100;
202300027941.0;1;91;91235;2;1;1.0;3.0;48,63866300;2,36035000;
202300027942.0;1;86;86221;1;3;9.0;3.0;46,80644900;0,34417000;
202300027943.0;3;41;41018;1;1;1.0;7.0;47,54258500;1,28337600;
202300027944.0;5;75;75119;2;3;1.0;3.0;48,87929800;2,39816600;
202300027945.0;1;972;97214;2;1;1.0;6.0;14,83239900; -61,05184100;
202300027946.0;1;35;35238;2;1;1.0;3.0;48,08671000; -1,67938000;
202300027947.0;3;33;33030;1;1;1.0;1.0;44,61631700; -0,32091000;
202300027948.0;1;75;75120;2;7;1.0;2.0;48,87763700;2,40863000;
202300027949.0;1;17;17310;1;1;3.0;7.0;45,56834500; -0,73668500;
202300027950.0;1;35;35115;2;1;1.0;6.0;48,35359000; -1,20352000;
202300027951.0;1;75;75118;2;1;1.0;3.0;48,88406300;2,32844500;
202300027952.0;3;972;97217;1;1;1.0;4.0;14,45514300; -60,90323000;
202300027953.0;1;46;46137;1;1;1.0;7.0;44,39488933;1,36485212;
202300027954.0;5;35;35125;2;1;1.0;3.0;47,93365400; -1,22675700;
202300027955.0;1;75;75117;2;3;1.0;3.0;48,88989700;2,30387500;
202300027956.0;1;75;75116;2;1;1.0;3.0;48,86442100;2,27794500;
202300027957.0;5;974;97414;2;1;1.0;7.0; -21,27138400;55,43715100;
202300027958.0;1;22;22239;1;9;1.0;6.0;48,36358800; -2,13406800;
202300027959.0;2;86;86261;1;3;1.0;1.0;46,56022200;0,48312700;
202300027960.0;1;75;75115;2;3;1.0;3.0;48,84156400;2,31832800;
202300027961.0;1;22;22215;1;1;1.0;5.0;48,48772000; -2,82490000;
202300027962.0;5;62;62181;2;1;2.0;6.0;50,13855800;2,71035900;
202300027963.0;5;67;67302;1;6;1.0;3.0;48,74182800;7,39049400;
202300027964.0;5;75;75113;2;2;1.0;3.0;48,83496500;2,34499500;
202300027965.0;1;38;38342;2;1;1.0;6.0;44,88550700;5,62386300;
202300027966.0;1;19;19272;2;9;1.0;6.0;45,25243000;1,76243000;
202300027967.0;3;51;51282;1;1;1.0;1.0;49,25397200;3,93075000;
202300027968.0;1;75;75112;2;1;1.0;6.0;48,84037000;2,37989600;
202300027969.0;1;62;62869;1;1;1.0;1.0;50,26037600;2,71823600;
202300027970.0;1;56;56229;1;1;1.0;7.0;47,75864900; -2,23160900;
202300027971.0;5;13;13208;2;1;1.0;5.0;43,27082999;5,38869254;
202300027972.0;1;51;51380;2;2;1.0;3.0;48,87182900;3,54250100;
202300027973.0;1;75;75112;2;4;1.0;3.0;48,82800000;2,38900000;
202300027974.0;5;74;74225;2;1;1.0;2.0;45,85555300;5,95382800;
202300027975.0;1;13;13208;2;9;1.0;4.0;43,26424598;5,37362368;
202300027976.0;1;75;75112;2;1;1.0;3.0;48,83988500;2,40890300;
202300027977.0;1;56;56020;1;1;1.0;6.0;47,78815400; -2,45478200;
202300027978.0;5;77;77341;1;2;8.0;3.0;48,44528400;3,35580800;
202300027979.0;3;79;79008;1;1;1.0;7.0;46,72277000; -0,29800400;
202300027980.0;1;75;75108;2;7;1.0;3.0;48,86486900;2,32122600;
202300027981.0;5;13;13203;2;7;1.0;3.0;43,31492000;5,38874000;
202300027982.0;1;65;65007;1;1;1.0;4.0;43,32901800;0,06937600;
202300027983.0;1;75;75117;2;1;1.0;3.0;48,88010700;2,28793500;
202300027984.0;5;61;61168;2;1;4.0;6.0;48,58594000; -0,36532700;
202300027985.0;3;79;79298;1;1;1.0;5.0;46,27904600; -0,52255900;
202300027986.0;1;75;75103;2;7;1.0;6.0;48,86734500;2,36338200;
202300027987.0;5;13;13063;2;1;8.0;1.0;43,58040000;5,01414000;
202300027988.0;5;2B;2B050;2;1;1.0;7.0;42,56001900;8,75385000;
202300027989.0;2;47;47069;1;4;1.0;1.0;44,23416900;0,54893900;
202300027990.0;2;75;75104;2;3;1.0;6.0;48,85460400;2,36295100;
202300027991.0;1;08;08105;2;1;1.0;6.0;49,77540000;4,72501000;
202300027992.0;1;39;39500;2;1;1.0;6.0;46,93921000;5,87765800;
202300027993.0;1;38;38324;1;1;4.0;7.0;45,39605400;5,04972000;
202300027994.0;1;82;82087;1;2;2.0;3.0;44,15247100;1,21738500;
202300027995.0;1;94;94046;2;2;1.0;3.0;48,81067331;2,44354981;
202300027996.0;1;03;03185;2;1;1.0;6.0;46,34532000;2,59812000;
202300027997.0;2;70;70120;1;1;8.0;6.0;47,70208700;6,66570200;
202300027998.0;1;94;94065;2;1;1.0;6.0;48,75823164;2,34674782;
202300027999.0;1;75;75120;2;1;1.0;2.0;48,86349200;2,41340900;
202300028000.0;3;66;66150;1;1;1.0;7.0;42,40441400;2,52702700;
202300028001.0;1;33;33314;1;1;1.0;5.0;45,19265300; -0,77091000;
202300028002.0;1;94;94073;2;3;1.0;3.0;48,74785243;2,36931968;
202300028003.0;1;06;06059;1;1;1.0;1.0;43,72050100;7,36882700;
202300028004.0;1;75;75118;2;1;1.0;5.0;48,90104100;2,35276400;
202300028005.0;1;94;94065;2;6;1.0;2.0;48,75334406;2,34968752;
202300028006.0;1;89;89466;1;3;1.0;2.0;48,17517600;3,18085800;
202300028007.0;1;50;50273;1;3;3.0;6.0;49,30545800; -1,42779900;
202300028008.0;1;75;75112;2;1;2.0;3.0;48,84405100;2,41384200;
202300028009.0;2;07;07214;1;1;8.0;3.0;44,92991400;4,58209300;
202300028010.0;5;94;94077;2;1;1.0;6.0;48,73958000;2,41818000;
202300028011.0;1;61;61168;1;1;1.0;1.0;48,61664000; -0,35864300;
202300028012.0;5;27;27467;2;6;1.0;6.0;49,35012100;0,52057400;
202300028013.0;1;93;93059;2;1;1.0;6.0;48,95131823;2,35790793;
202300028014.0;5;75;75120;2;3;1.0;6.0;48,85836300;2,40070500;
202300028015.0;2;61;61298;1;1;1.0;3.0;48,76436400; -0,04907300;
202300028016.0;3;31;31395;1;1;1.0;2.0;43,48127810;1,32621300;
202300028017.0;1;93;93064;2;1;1.0;3.0;48,87162074;2,49556565;
202300028018.0;3;06;06149;1;1;1.0;6.0;43,74142600;7,33192600;
202300028019.0;1;75;75120;2;2;1.0;1.0;48,87077200;2,39923900;
202300028020.0;5;93;93055;2;1;1.0;3.0;48,91645000;2,40607000;
202300028021.0;1;12;12068;2;4;1.0;3.0;44,31534300;2,30482200;
202300028022.0;1;38;38064;1;1;2.0;5.0;45,55974783;5,40382298;
202300028023.0;1;75;75119;2;1;1.0;7.0;48,87981200;2,37043300;
202300028024.0;1;34;34326;1;1;1.0;6.0;43,38775600;2,75937100;
202300028025.0;1;93;93050;2;2;1.0;6.0;48,85716088;2,53133308;
202300028026.0;1;29;29233;2;1;1.0;6.0;47,86859900; -3,54807300;
202300028027.0;5;75;75117;2;3;1.0;6.0;48,89576800;2,32832800;
202300028028.0;1;39;39404;1;1;1.0;6.0;46,69625500;5,60498300;
202300028029.0;3;2B;2B355;1;1;1.0;6.0;42,51802500;9,40056300;
202300028030.0;1;93;93050;2;3;1.0;6.0;48,85410000;2,51936000;
202300028031.0;5;05;05052;2;1;3.0;6.0;44,67193400;6,61794300;
202300028032.0;1;25;25304;2;1;1.0;7.0;47,45236400;6,87573000;
202300028033.0;1;75;75113;2;3;1.0;6.0;48,82601800;2,34746300;
202300028034.0;1;93;93031;2;3;1.0;3.0;48,95226449;2,30725855;
202300028035.0;1;71;71275;1;1;1.0;1.0;46,26886400;4,03402100;
202300028036.0;1;75;75111;2;3;1.0;2.0;48,86999500;2,37106000;
202300028037.0;5;67;67300;2;1;2.0;6.0;48,53687600;7,50060400;
202300028038.0;3;03;03080;1;1;1.0;7.0;46,10492100;3,31103700;
202300028039.0;1;93;93008;2;1;1.0;4.0;48,90977000;2,44484000;
202300028040.0;1;67;67438;1;1;1.0;7.0;48,44240500;7,59061900;
202300028041.0;1;74;74243;2;1;1.0;6.0;46,14360600;6,08045200;
202300028042.0;1;93;93001;2;1;1.0;6.0;48,91561000;2,38460000;
202300028043.0;4;94;94041;2;2;1.0;1.0;48,81456007;2,39684612;
202300028044.0;5;58;58095;2;1;1.0;7.0;46,83747000;3,47351400;
202300028045.0;1;73;73211;1;1;4.0;6.0;45,71136400;6,43880400;
202300028046.0;3;92;92078;2;3;1.0;6.0;48,93608747;2,33389914;
202300028047.0;1;06;06151;1;1;1.0;6.0;43,89544900;7,25287600;
202300028048.0;1;17;17476;1;1;8.0;5.0;45,36597100; -0,43803700;
202300028049.0;5;93;93071;2;3;1.0;1.0;48,93451000;2,53847000;
202300028050.0;2;50;50419;1;1;8.0;6.0;48,98183700; -1,50851700;
202300028051.0;3;29;29042;1;1;1.0;6.0;48,25588400; -4,48441700;
202300028052.0;1;92;92064;2;1;1.0;6.0;48,85007900;2,22185100;
202300028053.0;1;93;93070;2;2;1.0;2.0;48,90603437;2,33227462;
202300028054.0;1;85;85084;1;2;1.0;3.0;46,77373800; -1,15667600;
202300028055.0;2;60;60360;1;1;1.0;1.0;49,33093179;2,45700475;
202300028056.0;3;94;94034;1;1;1.0;6.0;48,75630157;2,33994087;
202300028057.0;1;92;92044;2;2;1.0;3.0;48,89894000;2,28768000;
202300028058.0;1;93;93070;2;3;1.0;3.0;48,90308583;2,33398184;
202300028059.0;3;27;27100;1;1;1.0;4.0;49,35443400;0,38435500;
202300028060.0;1;92;92044;2;2;1.0;6.0;48,89643344;2,28658587;
202300028061.0;5;93;93006;1;1;1.0;2.0;48,86627623;2,41437177;
202300028062.0;1;93;93078;1;1;8.0;2.0;48,96200000;2,54627000;
202300028063.0;1;28;28386;1;1;1.0;1.0;48,56520600;1,26201200;
202300028064.0;1;92;92040;2;4;1.0;6.0;48,82790573;2,27404207;
202300028065.0;1;93;93066;2;1;1.0;2.0;48,90475780;2,35824189;
202300028066.0;1;92;92036;2;1;1.0;6.0;48,93297771;2,28481025;
202300028067.0;3;19;19176;1;1;1.0;6.0;45,41209900;2,02053000;
202300028068.0;1;75;75110;2;4;2.0;6.0;48,88198545;2,35101905;
202300028069.0;3;94;94074;1;1;1.0;4.0;48,76473430;2,46211590;
202300028070.0;1;92;92025;2;1;1.0;6.0;48,92804900;2,25093700;
202300028071.0;3;72;72031;1;1;1.0;6.0;48,08742500;0,50369700;
202300028072.0;1;93;93064;2;1;1.0;6.0;48,87251603;2,47679215;
202300028073.0;5;94;94052;2;1;2.0;2.0;48,84279700;2,48497700;
202300028074.0;1;92;92024;2;1;1.0;3.0;48,89830608;2,31010348;
202300028075.0;1;06;06004;1;1;1.0;2.0;43,60247500;7,07809200;
202300028076.0;1;93;93049;2;2;1.0;3.0;48,86513907;2,50559387;
202300028077.0;5;94;94073;2;9;2.0;3.0;48,76130000;2,40323000;
202300028078.0;1;92;92024;2;2;1.0;3.0;48,90093300;2,30801300;
202300028079.0;1;06;06088;1;1;1.0;4.0;43,72059100;7,21589300;
202300028080.0;1;94;94069;2;1;2.0;2.0;48,81498000;2,46293000;
202300028081.0;5;93;93032;2;1;1.0;7.0;48,87113346;2,54366755;
202300028082.0;1;92;92024;2;9;1.0;7.0;48,90079744;2,30552897;
202300028083.0;3;51;51480;1;1;2.0;2.0;49,14721500;3,64629100;
202300028084.0;5;92;92073;2;1;1.0;3.0;48,86447654;2,21887533;
202300028085.0;1;92;92004;2;1;1.0;2.0;48,91796000;2,28434000;
202300028086.0;5;93;93071;2;1;1.0;3.0;48,93893767;2,51300723;
202300028087.0;1;80;80095;1;1;1.0;7.0;50,09368100;2,56077200;
202300028088.0;1;92;92064;2;1;1.0;6.0;48,85731088;2,22348154;
202300028089.0;5;93;93010;2;1;2.0;2.0;48,90616600;2,48134500;
202300028090.0;1;988;98827;1;3;1.0;3.0; -21,32357000;165,12482000;
202300028091.0;1;51;51647;1;3;1.0;3.0;48,73892100;4,61754900;
202300028092.0;5;93;93057;2;2;2.0;3.0;48,90976600;2,50732200;
202300028093.0;1;973;97362;2;1;1.0;6.0;3,80698400; -54,14926700;
202300028094.0;1;988;98826;1;1;1.0;7.0; -20,29412000;164,16643700;
202300028095.0;3;974;97415;1;1;1.0;4.0; -20,97112200;55,29881400;
202300028096.0;1;49;49092;1;1;1.0;2.0;47,22762000; -0,72343500;
202300028097.0;5;93;93005;2;5;8.0;3.0;48,92773300;2,48329700;
202300028098.0;1;93;93001;2;1;2.0;6.0;48,91459900;2,38500900;
202300028099.0;1;44;44041;1;1;1.0;1.0;47,09401000; -1,55647200;
202300028100.0;1;66;66164;1;1;1.0;2.0;42,77896700;2,90326100;
202300028101.0;1;92;92078;2;1;2.0;3.0;48,92665923;2,32069659;
202300028102.0;1;28;28061;1;1;1.0;1.0;48,21675200;1,13918800;
202300028103.0;1;83;83066;1;1;1.0;2.0;43,68480300;5,84001700;
202300028104.0;5;92;92072;2;1;2.0;7.0;48,82699270;2,22160488;
202300028105.0;2;92;92050;2;3;2.0;6.0;48,89612850;2,22055078;
202300028106.0;1;63;63399;1;1;1.0;6.0;45,64361100;2,61443800;
202300028107.0;1;73;73050;1;1;1.0;1.0;45,68731000;5,84465100;
202300028108.0;5;92;92040;2;2;2.0;6.0;48,82602722;2,27781951;
202300028109.0;1;59;59653;1;3;1.0;1.0;50,58267800;2,90867900;
202300028110.0;2;92;92040;2;1;2.0;7.0;48,82641334;2,27558210;
202300028111.0;3;974;97413;1;1;1.0;7.0; -21,17715600;55,32804300;
202300028112.0;2;72;72154;2;1;1.0;3.0;47,70169000; -0,08279500;
202300028113.0;1;92;92036;2;1;2.0;6.0;48,93290577;2,29638930;
202300028114.0;1;27;27287;1;1;1.0;7.0;48,97357600;0,99518500;
202300028115.0;1;34;34123;1;1;1.0;2.0;43,60596400;3,81131600;
202300028116.0;1;92;92012;2;1;2.0;1.0;48,84211843;2,23946071;
202300028117.0;1;62;62234;1;1;1.0;6.0;50,30229600;2,18880600;
202300028118.0;3;62;62068;1;1;1.0;7.0;50,16857667;2,72682558;
202300028119.0;1;13;13202;1;1;2.0;3.0;43,31234500;5,36678800;
202300028120.0;5;92;92002;2;1;2.0;2.0;48,76836045;2,31094551;
202300028121.0;1;56;56126;1;1;1.0;3.0;47,52780800; -2,32032500;
202300028122.0;5;62;62447;2;3;3.0;6.0;50,37767699;2,03476411;
202300028123.0;5;69;69259;1;1;1.0;5.0;45,72279000;4,88906000;
202300028124.0;1;56;56164;1;3;1.0;3.0;47,66082188; -2,84075796;
202300028125.0;2;84;84037;1;1;1.0;1.0;44,04374400;4,84808800;
202300028126.0;1;65;65031;1;1;1.0;1.0;42,92150200;0,36383600;
202300028127.0;3;59;59530;1;1;2.0;5.0;50,43839722;3,66634260;
202300028128.0;3;01;01075;1;1;2.0;1.0;46,02045600;4,78996700;
202300028129.0;1;94;94003;1;1;1.0;2.0;48,81283730;2,33650560;
202300028130.0;1;37;37008;1;1;2.0;6.0;47,29691819;0,93188524;
202300028131.0;1;71;71484;1;2;1.0;3.0;46,68085700;5,24014600;
202300028132.0;3;62;62784;1;1;2.0;6.0;50,21392371;2,54286861;
202300028133.0;4;92;92050;1;1;1.0;2.0;48,91244561;2,21780957;
202300028134.0;1;71;71392;2;3;7.0;2.0;46,65528200;4,68391700;
202300028135.0;1;34;34077;1;1;1.0;1.0;43,64932100;3,88406400;
202300028136.0;1;71;71543;2;1;1.0;3.0;46,57017600;4,88595500;
202300028137.0;2;78;78490;1;1;1.0;4.0;48,80064700;1,95413800;
202300028138.0;1;92;92063;1;1;1.0;7.0;48,87145721;2,15725696;
202300028139.0;1;89;89232;1;1;1.0;2.0;47,54534400;3,90692700;
202300028140.0;1;51;51211;1;3;2.0;4.0;49,07173600;4,82083600;
202300028141.0;1;94;94069;1;1;1.0;2.0;48,81745795;2,41989569;
202300028142.0;1;75;75115;2;2;1.0;6.0;48,83448200;2,29567800;
202300028143.0;1;12;12133;2;1;1.0;6.0;44,31474000;2,55455200;
202300028144.0;3;59;59159;1;1;8.0;5.0;50,96811800;2,22899500;
202300028145.0;5;75;75105;2;3;1.0;7.0;48,84832200;2,34153000;
202300028146.0;1;42;42230;2;9;1.0;6.0;45,83079011;4,01489232;
202300028147.0;1;79;79322;1;1;2.0;7.0;46,61223800; -0,28933500;
202300028148.0;1;75;75120;2;2;1.0;7.0;48,86574200;2,38754800;
202300028149.0;1;42;42289;2;2;7.0;3.0;45,95066900;4,20667500;
202300028150.0;2;82;82189;2;1;5.0;6.0;44,18910900;1,28166700;
202300028151.0;1;75;75119;2;1;1.0;3.0;48,87979800;2,37050200;
202300028152.0;1;46;46185;1;1;1.0;2.0;44,93450500;1,59679400;
202300028153.0;1;75;75119;2;2;1.0;3.0;48,89527800;2,37197900;
202300028154.0;1;34;34219;2;1;1.0;6.0;43,52863800;2,83428000;
202300028155.0;3;11;11220;1;1;1.0;6.0;43,21429400;2,53672600;
202300028156.0;5;75;75115;2;3;1.0;2.0;48,84376200;2,30655500;
202300028157.0;1;22;22085;1;1;1.0;6.0;48,82591685; -3,18543077;
202300028158.0;2;89;89382;2;1;2.0;7.0;47,91090000;3,60170000;
202300028159.0;1;75;75115;2;3;1.0;2.0;48,84089500;2,30589500;
202300028160.0;1;22;22221;1;1;1.0;3.0;48,78631100; -3,28360300;
202300028161.0;1;86;86148;1;2;3.0;3.0;46,42647300;0,37876800;
202300028162.0;2;75;75111;2;2;1.0;3.0;48,87074400;2,37811400;
202300028163.0;1;02;02341;1;1;1.0;1.0;49,82134100;3,85777300;
202300028164.0;2;34;34150;2;1;1.0;6.0;43,34636400;3,53133700;
202300028165.0;1;75;75111;2;2;8.0;2.0;48,85511300;2,38712700;
202300028166.0;1;70;70228;2;3;1.0;1.0;47,76601300;6,10484700;
202300028167.0;1;34;34130;1;2;1.0;5.0;43,52091700;3,18892100;
202300028168.0;1;66;66167;1;1;1.0;1.0;42,46768100;2,03468200;
202300028169.0;1;75;75109;2;2;1.0;3.0;48,87408600;2,34072200;
202300028170.0;3;66;66053;1;1;1.0;7.0;42,51817600;3,07021700;
202300028171.0;1;25;25564;1;1;2.0;3.0;47,18635800;5,88798500;
202300028172.0;1;14;14086;1;1;1.0;2.0;49,33345300;0,11333400;
202300028173.0;1;75;75104;2;2;1.0;1.0;48,85394300;2,36471700;
202300028174.0;3;14;14143;1;1;1.0;6.0;49,09216400; -0,78734600;
202300028175.0;1;60;60444;1;9;1.0;6.0;49,62948400;1,77693800;
202300028176.0;1;94;94067;2;1;8.0;6.0;48,83779008;2,41787276;
202300028177.0;1;38;38347;1;1;1.0;1.0;45,26169100;5,21971800;
202300028178.0;1;45;45182;1;1;1.0;2.0;47,70380200;1,79137800;
202300028179.0;1;93;93048;2;3;1.0;3.0;48,85098301;2,43442789;
202300028180.0;1;45;45272;1;1;3.0;2.0;47,81312600;1,92848700;
202300028181.0;1;93;93048;2;1;1.0;6.0;48,85635875;2,42667362;
202300028182.0;1;64;64152;1;3;1.0;1.0;43,33692700; -0,32817400;
202300028183.0;3;27;27103;2;6;2.0;3.0;49,36009700;0,81703300;
202300028184.0;1;93;93014;2;1;1.0;2.0;48,91285400;2,54429000;
202300028185.0;1;53;53036;1;4;1.0;3.0;47,89507500; -0,50026400;
202300028186.0;3;53;53141;1;1;1.0;7.0;48,06548000; -0,63245200;
202300028187.0;5;37;37211;2;1;2.0;1.0;47,22334600;0,77340400;
202300028188.0;1;93;93047;2;1;1.0;4.0;48,90059400;2,56802900;
202300028189.0;1;68;68375;2;1;3.0;7.0;47,78534900;7,21576200;
202300028190.0;1;27;27426;1;3;1.0;1.0;49,27299200;1,71632900;
202300028191.0;1;93;93001;2;1;1.0;6.0;48,90972650;2,38609180;
202300028192.0;1;28;28206;1;3;1.0;3.0;48,68692300;1,20174800;
202300028193.0;1;92;92050;2;1;1.0;3.0;48,91343000;2,21886000;
202300028194.0;1;31;31107;1;1;1.0;4.0;43,32433500;1,22527600;
202300028195.0;1;87;87205;1;3;1.0;3.0;45,77583000;1,28911300;
202300028196.0;1;33;33162;1;1;1.0;5.0;44,87958419; -0,62763423;
202300028197.0;1;31;31107;1;1;1.0;4.0;43,31762200;1,21386100;
202300028198.0;1;78;78571;1;1;1.0;1.0;48,85670300;2,00206500;
202300028199.0;1;92;92060;1;1;1.0;2.0;48,77442413;2,24051438;
202300028200.0;1;06;06079;1;1;1.0;6.0;43,55806900;6,95179200;
202300028201.0;1;03;03193;1;1;2.0;3.0;46,50972400;2,62781900;
202300028202.0;1;94;94003;1;1;1.0;3.0;48,80243756;2,34202217;
202300028203.0;1;06;06149;1;1;1.0;2.0;43,73842200;7,32419000;
202300028204.0;1;01;01228;1;1;2.0;6.0;46,13671300;5,53676600;
202300028205.0;1;51;51571;1;1;1.0;2.0;49,16164200;4,19162800;
202300028206.0;3;78;78571;1;1;8.0;3.0;48,86209400;1,99406400;
202300028207.0;1;91;91589;1;1;1.0;4.0;48,67996000;2,33270000;
202300028208.0;3;91;91521;1;1;1.0;6.0;48,63547000;2,40101000;
202300028209.0;1;69;69072;2;1;1.0;1.0;45,80498000;4,76274000;
202300028210.0;3;90;90097;1;1;3.0;5.0;47,56964500;6,85728100;
202300028211.0;5;68;68118;1;1;2.0;6.0;47,73997800;7,41600100;
202300028212.0;5;93;93048;1;1;1.0;3.0;48,86544542;2,48185307;
202300028213.0;5;988;98817;2;3;2.0;1.0; -22,23697000;166,59990000;
202300028214.0;1;95;95212;1;1;1.0;2.0;49,02955100;2,53858100;
202300028215.0;1;972;97228;1;1;1.0;3.0;14,80031800; -61,00652200;
202300028216.0;2;13;13025;1;1;1.0;1.0;43,49056800;5,57511100;
202300028217.0;1;95;95306;1;1;1.0;6.0;49,00831775;2,15955950;
202300028218.0;2;18;18207;1;1;1.0;1.0;47,00899700;2,27374100;
202300028219.0;3;93;93027;1;1;1.0;6.0;48,92630539;2,40132558;
202300028220.0;1;78;78380;2;3;1.0;6.0;48,90856900;1,85107800;
202300028221.0;1;78;78655;1;1;2.0;3.0;48,65790300;1,90155700;
202300028222.0;3;93;93005;1;1;1.0;2.0;48,96594000;2,47671000;
202300028223.0;3;83;83107;2;1;1.0;3.0;43,46712900;6,65714100;
202300028224.0;1;94;94028;1;1;1.0;5.0;48,80103887;2,44724080;
202300028225.0;1;34;34199;1;2;1.0;3.0;43,47145300;3,41619000;
202300028226.0;1;21;21371;1;1;1.0;1.0;47,12977600;5,35967600;
202300028227.0;3;83;83112;1;1;2.0;6.0;43,16373000;5,71939200;
202300028228.0;1;67;67188;1;1;1.0;7.0;48,53403600;7,37909500;
202300028229.0;1;94;94017;1;1;1.0;5.0;48,82678408;2,51416833;
202300028230.0;1;54;54437;1;1;1.0;6.0;48,55166000;6,12449000;
202300028231.0;5;94;94052;1;1;1.0;2.0;48,83441554;2,49343043;
202300028232.0;1;38;38374;1;3;1.0;3.0;45,66092800;5,32369400;
202300028233.0;3;89;89037;1;1;3.0;4.0;47,91920000;3,28650000;
202300028234.0;2;93;93051;1;1;1.0;4.0;48,83620546;2,55596320;
202300028235.0;1;38;38035;1;2;1.0;2.0;45,49896300;5,08877300;
202300028236.0;5;67;67544;2;1;2.0;6.0;49,02986300;7,95832900;
202300028237.0;5;973;97302;2;1;1.0;3.0;4,93190000; -52,31776000;
202300028238.0;1;26;26196;1;1;1.0;1.0;44,86785400;4,91927900;
202300028239.0;5;42;42056;2;3;2.0;6.0;45,43828400;4,74689000;
202300028240.0;5;69;69387;2;2;1.0;3.0;45,74778000;4,83361000;
202300028241.0;1;07;07042;1;1;7.0;5.0;44,37254400;4,64789300;
202300028242.0;1;69;69382;2;1;1.0;6.0;45,76519728;4,83507543;
202300028243.0;1;42;42299;2;6;2.0;3.0;45,60804050;4,08813919;
202300028244.0;1;86;86123;1;2;1.0;3.0;46,58513900;0,11035700;
202300028245.0;1;07;07324;2;1;1.0;6.0;45,06906500;4,82961200;
202300028246.0;1;91;91589;2;2;1.0;3.0;48,68694500;2,35269800;
202300028247.0;3;33;33366;1;1;1.0;6.0;45,01034069; -0,46570416;
202300028248.0;1;69;69296;1;3;1.0;1.0;45,64735200;4,85627900;
202300028249.0;1;33;33080;1;1;1.0;2.0;44,75610100; -0,55204200;
202300028250.0;5;81;81004;2;3;1.0;3.0;43,93963800;2,14831800;
202300028251.0;3;69;69249;1;1;1.0;6.0;45,67167281;4,60691264;
202300028252.0;1;33;33422;2;6;1.0;3.0;44,80957100; -0,77505100;
202300028253.0;3;47;47157;2;1;1.0;6.0;44,48350900;0,15511800;
202300028254.0;2;22;22178;1;3;1.0;3.0;48,69608100; -3,02501700;