Num_Acc;lum;departement;commune;agglomeration;intersection;meteo;type_collision;lat;long;date
202300028255.0;1;69;69282;2;8;1.0;3.0;45,77271000;4,99028000;
202300028256.0;5;33;33449;1;6;1.0;3.0;44,90494514; -0,74586332;
202300028257.0;1;60;60107;1;1;1.0;2.0;49,37363197;2,43571030;
202300028258.0;1;69;69266;2;3;1.0;3.0;45,78108000;4,88234000;
202300028259.0;5;33;33280;1;3;2.0;3.0;45,16640000; -0,61722800;
202300028260.0;3;13;13056;1;1;1.0;4.0;43,39860000;5,08580000;
202300028261.0;2;69;69266;2;2;1.0;3.0;45,76970000;4,87371000;
202300028262.0;3;61;61074;1;1;2.0;1.0;48,57381600; -0,16093000;
202300028263.0;1;13;13071;1;1;3.0;4.0;43,40477000;5,34026000;
202300028264.0;5;14;14047;2;1;2.0;1.0;49,28148600; -0,69663900;
202300028265.0;1;59;59021;2;3;1.0;6.0;50,28852000;4,01706000;
202300028266.0;1;67;67447;1;1;1.0;6.0;48,60321000;7,73024000;
202300028267.0;1;27;27070;1;1;1.0;1.0;49,29235400;1,47453900;
202300028268.0;1;44;44109;2;1;1.0;1.0;47,22253900; -1,60268600;
202300028269.0;3;60;60355;1;1;1.0;6.0;49,41208634;2,20560408;
202300028270.0;1;94;94021;1;1;1.0;3.0;48,76849278;2,34465162;
202300028271.0;1;42;42218;2;1;1.0;3.0;45,41837000;4,39300000;
202300028272.0;1;69;69259;1;1;1.0;2.0;45,71799000;4,86651000;
202300028273.0;1;91;91553;1;1;1.0;2.0;48,63025000;2,48593000;
202300028274.0;1;34;34172;2;1;1.0;6.0;43,58303000;3,86063100;
202300028275.0;1;69;69271;1;1;2.0;6.0;45,75057000;4,98504000;
202300028276.0;3;42;42218;1;1;2.0;6.0;45,44078800;4,43201000;
202300028277.0;1;78;78007;1;1;1.0;4.0;48,89707000;2,00642500;
202300028278.0;1;33;33063;2;3;1.0;3.0;44,83496639; -0,57204679;
202300028279.0;1;57;57206;1;1;1.0;2.0;49,30607000;6,12694000;
202300028280.0;2;30;30243;1;1;1.0;1.0;44,10089000;4,08126000;
202300028281.0;1;92;92047;1;1;1.0;3.0;48,83444245;2,17035024;
202300028282.0;4;33;33281;1;1;1.0;6.0;44,83649689; -0,67635655;
202300028283.0;1;78;78362;1;1;1.0;2.0;48,97721400;1,71499200;
202300028284.0;1;30;30007;2;3;1.0;3.0;44,12751000;4,09629000;
202300028285.0;1;06;06088;2;1;1.0;6.0;43,70538800;7,28464500;
202300028286.0;2;33;33065;1;1;2.0;4.0;44,81128591; -0,52212685;
202300028287.0;1;78;78029;1;1;1.0;2.0;48,96701200;1,85476900;
202300028288.0;2;03;03321;2;7;7.0;6.0;46,56617000;3,35360000;
202300028289.0;3;62;62528;1;1;2.0;7.0;50,44050212;2,77754155;
202300028290.0;5;13;13211;2;1;2.0;1.0;43,28997198;5,44059195;
202300028291.0;1;75;75112;2;1;1.0;6.0;48,84405100;2,41384200;
202300028292.0;1;93;93007;1;1;1.0;5.0;48,94736000;2,44359000;
202300028293.0;5;13;13211;2;1;1.0;3.0;43,29213650;5,44919436;
202300028294.0;1;91;91521;1;1;1.0;3.0;48,62754000;2,39950000;
202300028295.0;1;75;75118;2;1;1.0;3.0;48,90086800;2,34264500;
202300028296.0;5;93;93066;1;1;1.0;2.0;48,92208986;2,35860909;
202300028297.0;1;13;13205;2;1;1.0;3.0;43,28859021;5,40022641;
202300028298.0;4;91;91521;1;1;2.0;5.0;48,63567000;2,40165000;
202300028299.0;1;13;13204;2;1;1.0;6.0;43,30142000;5,40094000;
202300028300.0;1;75;75119;2;1;1.0;6.0;48,89139000;2,37592400;
202300028301.0;3;93;93007;1;1;1.0;2.0;48,94376249;2,47766197;
202300028302.0;2;13;13047;1;1;1.0;3.0;43,59284000;4,96695000;
202300028303.0;1;78;78646;1;1;2.0;2.0;48,78960700;2,12661800;
202300028304.0;1;93;93006;1;1;1.0;4.0;48,86765000;2,42752000;
202300028305.0;1;75;75119;2;3;1.0;6.0;48,88877500;2,39310400;
202300028306.0;3;92;92025;1;1;2.0;6.0;48,93542176;2,26058310;
202300028307.0;1;93;93027;1;1;1.0;3.0;48,92568000;2,39782000;
202300028308.0;1;75;75118;2;1;1.0;6.0;48,88508600;2,33029300;
202300028309.0;1;95;95527;1;1;8.0;5.0;49,01100000;2,55239000;
202300028310.0;2;93;93027;1;1;2.0;6.0;48,92648671;2,40257539;
202300028311.0;1;93;93006;1;1;1.0;2.0;48,86577158;2,41749625;
202300028312.0;1;95;95018;1;1;2.0;6.0;48,95871451;2,27421284;
202300028313.0;5;75;75117;2;3;1.0;3.0;48,87629400;2,29685900;
202300028314.0;5;75;75117;2;1;1.0;5.0;48,89931100;2,31838000;
202300028315.0;1;92;92036;1;1;1.0;3.0;48,93788866;2,29766722;
202300028316.0;1;93;93005;1;1;2.0;3.0;48,97165000;2,49617000;
202300028317.0;2;75;75112;2;1;1.0;3.0;48,84583100;2,41444500;
202300028318.0;1;75;75115;2;3;1.0;6.0;48,84558000;2,29466300;
202300028319.0;1;93;93063;1;1;1.0;2.0;48,87669083;2,44286735;
202300028320.0;3;93;93027;1;1;2.0;6.0;48,93263000;2,40321000;
202300028321.0;5;75;75118;2;1;1.0;4.0;48,90089900;2,36160800;
202300028322.0;1;94;94069;1;1;1.0;4.0;48,81761421;2,41995748;
202300028323.0;1;75;75115;2;2;1.0;2.0;48,85379800;2,29416800;
202300028324.0;1;75;75116;2;1;1.0;2.0;48,86274088;2,29442328;
202300028325.0;3;93;93078;1;1;2.0;3.0;48,96179000;2,52377000;
202300028326.0;2;75;75110;2;7;1.0;7.0;48,87807278;2,35129175;
202300028327.0;1;77;77249;1;1;2.0;3.0;48,72828524;2,60506736;
202300028328.0;1;77;77251;1;1;1.0;4.0;48,64513600;2,54688400;
202300028329.0;5;75;75115;2;2;1.0;3.0;48,83538800;2,30278200;
202300028330.0;5;75;75109;2;1;1.0;2.0;48,87247200;2,33665100;
202300028331.0;1;44;44055;2;1;1.0;6.0;47,28022000; -2,38098000;
202300028332.0;1;77;77083;1;1;8.0;3.0;48,83120762;2,60505058;
202300028333.0;5;75;75112;2;9;1.0;6.0;48,82726900;2,46436300;
202300028334.0;3;94;94073;1;1;3.0;6.0;48,76884600;2,37919993;
202300028335.0;5;75;75107;2;1;1.0;1.0;48,85898900;2,33098400;
202300028336.0;1;91;91286;2;2;1.0;3.0;48,64789000;2,37952000;
202300028337.0;5;94;94052;1;1;3.0;4.0;48,83259993;2,49223714;
202300028338.0;1;75;75112;2;2;1.0;6.0;48,84584000;2,36763400;
202300028339.0;1;94;94015;2;1;1.0;4.0;48,83352000;2,51938000;
202300028340.0;1;94;94076;2;1;1.0;6.0;48,79476500;2,36377500;
202300028341.0;1;94;94041;2;8;1.0;6.0;48,80378000;2,37760000;
202300028342.0;1;75;75103;2;3;1.0;3.0;48,86098300;2,36723800;
202300028343.0;1;14;14040;2;2;1.0;3.0;49,27485450; -0,74862271;
202300028344.0;1;94;94028;2;9;7.0;6.0;48,77918700;2,45303500;
202300028345.0;1;62;62842;2;1;1.0;6.0;50,45219000;2,84486000;
202300028346.0;5;75;75104;2;3;1.0;6.0;48,84891200;2,36255100;
202300028347.0;5;59;59599;2;1;1.0;6.0;50,71906000;3,16334000;
202300028348.0;1;94;94028;2;8;1.0;2.0;48,78869400;2,45173300;
202300028349.0;3;974;97416;2;6;2.0;3.0; -21,34712000;55,49092000;
202300028350.0;5;75;75103;2;2;1.0;3.0;48,86545600;2,35599700;
202300028351.0;1;94;94077;2;9;1.0;2.0;48,74049800;2,40899600;
202300028352.0;1;988;98818;2;1;1.0;4.0; -22,27958000;166,46412000;
202300028353.0;5;94;94081;2;1;1.0;2.0;48,78517000;2,39218000;
202300028354.0;1;973;97302;2;3;1.0;3.0;4,92890000; -52,30025000;
202300028355.0;2;94;94004;2;1;7.0;7.0;48,72756000;2,53106000;
202300028356.0;5;93;93070;2;1;1.0;2.0;48,91162500;2,32509100;
202300028357.0;1;974;97416;1;1;2.0;3.0; -21,31568000;55,44181000;
202300028358.0;1;973;97302;2;2;1.0;3.0;4,93877928; -52,33173609;
202300028359.0;1;93;93050;2;2;1.0;3.0;48,85437000;2,52096000;
202300028360.0;5;93;93064;2;1;1.0;3.0;48,87881261;2,49021687;
202300028361.0;1;92;92040;2;9;1.0;6.0;48,82046320;2,24988484;
202300028362.0;1;972;97213;2;6;1.0;2.0;14,61870000; -61,00500000;
202300028363.0;5;974;97411;2;2;1.0;3.0; -20,88492000;55,45953000;
202300028364.0;1;93;93064;2;1;1.0;6.0;48,87465415;2,48384222;
202300028365.0;5;92;92024;2;1;1.0;2.0;48,90726000;2,30040000;
202300028366.0;1;95;95277;2;1;1.0;2.0;48,99283853;2,42718458;
202300028367.0;1;974;97407;2;1;1.0;6.0; -20,93620000;55,30410000;
202300028368.0;1;93;93055;2;2;1.0;2.0;48,88907702;2,41016127;
202300028369.0;1;91;91692;2;1;1.0;6.0;48,68223000;2,16494000;
202300028370.0;1;60;60440;2;3;1.0;1.0;49,48878900;2,63535448;
202300028371.0;5;973;97302;2;1;1.0;1.0;4,93117000; -52,31293000;
202300028372.0;1;87;87085;2;1;1.0;6.0;45,81523000;1,26903000;
202300028373.0;5;93;93006;2;3;1.0;1.0;48,87607602;2,42010489;
202300028374.0;1;63;63026;2;1;1.0;1.0;45,68664000;3,00229700;
202300028375.0;1;87;87085;2;1;1.0;6.0;45,86922000;1,26942000;
202300028376.0;3;973;97302;2;1;1.0;6.0;4,94081000; -52,30469000;
202300028377.0;1;93;93030;2;2;1.0;3.0;48,95638000;2,41610000;
202300028378.0;3;95;95529;1;9;1.0;4.0;49,16936000;2,22871700;
202300028379.0;4;87;87085;2;1;1.0;6.0;45,87707000;1,29260000;
202300028380.0;1;2A;2A348;1;1;1.0;6.0;42,11456080;8,68884293;
202300028381.0;1;92;92024;2;1;1.0;2.0;48,90056000;2,30831000;
202300028382.0;1;85;85191;2;1;1.0;6.0;46,68276000; -1,43746000;
202300028383.0;1;69;69387;2;9;1.0;3.0;45,72944654;4,82385115;
202300028384.0;1;38;38536;2;6;1.0;1.0;45,42167800;4,90576000;
202300028385.0;1;39;39517;1;1;1.0;6.0;46,73364600;5,96644200;
202300028386.0;1;83;83123;2;3;1.0;3.0;43,13278000;5,79106500;
202300028387.0;5;80;80523;2;1;1.0;6.0;49,98228400;2,67453600;
202300028388.0;1;69;69202;2;3;2.0;6.0;45,74888000;4,79682000;
202300028389.0;1;16;16013;1;9;1.0;6.0;45,61370700; -0,07018800;
202300028390.0;1;43;43108;1;1;7.0;7.0;45,29511300;3,76118100;
202300028391.0;1;78;78621;2;4;1.0;6.0;48,77423000;1,99933000;
202300028392.0;1;69;69389;2;3;1.0;2.0;45,78578000;4,80926000;
202300028393.0;1;33;33221;1;1;1.0;5.0;44,56486600;0,04167600;
202300028394.0;2;971;97101;2;1;1.0;6.0;16,25439000; -61,52304000;
202300028395.0;1;21;21214;1;1;1.0;5.0;47,16916200;4,69425200;
202300028396.0;1;06;06161;2;1;1.0;2.0;43,63602700;7,13498300;
202300028397.0;1;77;77058;2;1;1.0;2.0;48,84289000;2,74020000;
202300028398.0;5;974;97414;2;1;2.0;3.0; -21,28109200;55,43227500;
202300028399.0;1;91;91286;2;1;8.0;1.0;48,65124000;2,38325000;
202300028400.0;3;81;81273;2;1;1.0;6.0;43,57861800;2,14984300;
202300028401.0;1;76;76103;1;1;1.0;6.0;49,42215000;1,11930000;
202300028402.0;5;974;97413;2;1;3.0;5.0; -21,18421200;55,28752700;
202300028403.0;3;28;28173;1;1;1.0;6.0;48,46099900;1,54881500;
202300028404.0;1;72;72181;2;1;1.0;3.0;48,00842000;0,17197000;
202300028405.0;3;85;85110;1;1;1.0;7.0;46,50640800; -0,90371940;
202300028406.0;3;46;46225;1;1;1.0;5.0;44,49837300;1,19826100;
202300028407.0;2;83;83129;2;1;1.0;3.0;43,09709000;5,82172000;
202300028408.0;3;47;47218;1;1;1.0;6.0;44,58639100;0,33793700;
202300028409.0;1;72;72181;2;1;1.0;4.0;47,99533300;0,22536300;
202300028410.0;1;35;35125;1;1;1.0;1.0;47,94462900; -1,26073500;
202300028411.0;3;81;81065;1;1;8.0;6.0;43,65459000;2,21846000;
202300028412.0;2;22;22328;1;2;8.0;6.0;48,38557000; -3,33932900;
202300028413.0;1;72;72181;2;1;1.0;3.0;47,97265000;0,20896000;
202300028414.0;3;03;03197;1;1;1.0;7.0;46,48251900;3,40784300;
202300028415.0;1;69;69275;2;1;1.0;6.0;45,77615000;4,96701000;
202300028416.0;5;70;70084;2;1;1.0;6.0;47,35098100;5,95957900;
202300028417.0;1;50;50615;1;1;1.0;2.0;49,49614500; -1,47225400;
202300028418.0;1;06;06059;2;1;1.0;7.0;43,73314700;7,35711200;
202300028419.0;2;67;67482;2;9;1.0;3.0;48,51537000;7,77487000;
202300028420.0;1;22;22020;1;2;1.0;3.0;48,32666800; -2,23166200;
202300028421.0;3;14;14726;1;2;1.0;6.0;48,84274091; -0,74760139;
202300028422.0;1;64;64348;2;1;1.0;6.0;43,31969000; -0,38548000;
202300028423.0;3;77;77468;2;3;2.0;2.0;48,84955000;2,64420000;
202300028424.0;1;83;83131;2;1;1.0;2.0;43,20786600;6,02944000;
202300028425.0;1;90;90015;1;1;1.0;1.0;47,59806000;6,83919000;
202300028426.0;5;64;64445;2;1;3.0;6.0;43,31818000; -0,35684000;
202300028427.0;1;62;62438;2;1;7.0;6.0;50,32361900;2,58278400;
202300028428.0;1;77;77249;1;1;2.0;1.0;48,75023200;2,63276300;
202300028429.0;1;83;83040;1;1;1.0;1.0;43,80203700;6,61921200;
202300028430.0;1;77;77449;1;1;2.0;1.0;48,85817800;2,79628400;
202300028431.0;1;30;30331;1;1;1.0;3.0;44,12560000;4,59970000;
202300028432.0;1;64;64472;2;1;1.0;1.0;43,37108100; -0,31093200;
202300028433.0;1;59;59368;2;1;1.0;6.0;50,65527875;3,06811452;
202300028434.0;1;21;21576;1;1;1.0;6.0;47,37571789;4,47727857;
202300028435.0;1;77;77449;2;1;2.0;6.0;48,86064000;2,79253000;
202300028436.0;1;19;19156;1;9;1.0;3.0;45,16512900;1,70094400;
202300028437.0;1;59;59017;2;1;1.0;6.0;50,69855000;2,88843000;
202300028438.0;3;27;27116;1;1;2.0;6.0;49,21118400;0,70990600;
202300028439.0;1;56;56240;2;6;1.0;3.0;47,52132000; -2,77743300;
202300028440.0;1;57;57463;2;1;1.0;6.0;49,11139000;6,22383000;
202300028441.0;1;77;77333;2;2;1.0;3.0;48,26752000;2,69931000;
202300028442.0;1;38;38128;1;1;8.0;7.0;44,82270700;5,95264800;
202300028443.0;5;74;74208;2;6;1.0;7.0;45,92138200;6,71382100;
202300028444.0;1;56;56098;1;1;1.0;6.0;47,77516000; -3,30994000;
202300028445.0;1;65;65303;1;3;1.0;7.0;43,19586100;0,16893400;
202300028446.0;5;76;76429;2;2;2.0;3.0;49,41121344;1,15246904;
202300028447.0;1;74;74232;1;3;1.0;3.0;45,79699300;6,15168700;
202300028448.0;3;06;06088;1;1;1.0;7.0;43,73388390;7,28638130;
202300028449.0;1;54;54549;2;1;1.0;1.0;48,63669000;6,31517000;
202300028450.0;3;76;76709;1;1;1.0;6.0;49,47504000;0,83509000;
202300028451.0;5;987;98747;1;1;1.0;7.0; -17,75563000; -148,73597300;
202300028452.0;1;50;50129;2;1;1.0;2.0;49,62970000; -1,62290000;
202300028453.0;1;976;97607;2;3;1.0;6.0; -12,83602400;45,17124300;
202300028454.0;5;69;69264;2;2;1.0;6.0;45,97924000;4,73050000;
202300028455.0;1;80;80163;1;2;1.0;1.0;50,10820900;1,78638900;
202300028456.0;1;50;50129;1;6;1.0;2.0;49,65341000; -1,57824000;
202300028457.0;5;64;64445;2;1;3.0;6.0;43,31207701; -0,36718905;
202300028458.0;3;973;97311;1;1;1.0;7.0;5,40782600; -54,05942900;
202300028459.0;1;49;49267;1;1;1.0;1.0;47,47221000; -0,45950000;
202300028460.0;3;63;63113;2;1;3.0;6.0;45,78938216;3,06205273;
202300028461.0;3;78;78531;1;1;1.0;2.0;49,01312800;1,59097600;
202300028462.0;1;49;49007;2;3;1.0;6.0;47,48838000; -0,51045000;
202300028463.0;3;11;11049;1;1;1.0;6.0;43,26440900;2,12330100;
202300028464.0;1;65;65018;1;1;1.0;1.0;42,99141700; -0,27619200;
202300028465.0;1;37;37261;2;1;1.0;2.0;47,36574000;0,69870000;
202300028466.0;1;34;34199;2;1;1.0;6.0;43,46217300;3,42314200;
202300028467.0;5;62;62239;2;6;1.0;5.0;50,92119700;1,83882900;
202300028468.0;1;35;35278;2;1;1.0;3.0;48,13957000; -1,68648000;
202300028469.0;1;69;69066;2;1;1.0;3.0;46,09745200;4,31401100;
202300028470.0;1;34;34057;2;1;1.0;6.0;43,63432000;3,90631600;
202300028471.0;1;71;71190;2;1;1.0;6.0;46,98911200;4,52318200;
202300028472.0;5;61;61001;2;2;2.0;3.0;48,43351000;0,10691000;
202300028473.0;1;35;35238;2;1;1.0;4.0;48,08813000; -1,64470000;
202300028474.0;1;71;71305;1;2;1.0;3.0;46,46475600;4,89380800;
202300028475.0;5;59;59650;2;1;2.0;2.0;50,69951000;3,20678000;
202300028476.0;2;63;63047;1;1;7.0;7.0;45,57259100;2,76866500;
202300028477.0;5;59;59507;2;1;3.0;6.0;50,60191000;3,08065000;
202300028478.0;1;33;33063;2;2;1.0;3.0;44,82100000; -0,55000000;
202300028479.0;1;42;42011;2;1;1.0;3.0;45,81636500;4,18664400;
202300028480.0;1;51;51454;2;1;1.0;2.0;49,24067000;4,02208000;
202300028481.0;3;68;68205;1;2;1.0;1.0;47,90458000;7,40180000;
202300028482.0;1;47;47215;1;1;8.0;6.0;44,39421812;0,69313092;
202300028483.0;1;25;25074;2;1;7.0;3.0;47,18420400;6,72585900;
202300028484.0;1;45;45234;2;7;1.0;3.0;47,90570000;1,90973000;
202300028485.0;2;25;25463;2;1;7.0;6.0;47,38202400;6,77130800;
202300028486.0;3;35;35025;1;1;5.0;6.0;48,30389300; -1,28358700;
202300028487.0;1;42;42207;2;4;1.0;3.0;45,46993000;4,52856000;
202300028488.0;3;31;31104;1;1;1.0;6.0;43,33632200;1,25164700;
202300028489.0;3;38;38457;1;1;1.0;7.0;45,34296500;5,25440500;
202300028490.0;1;38;38563;2;9;1.0;2.0;45,36342000;5,59273000;
202300028491.0;1;35;35238;2;6;1.0;3.0;48,08983000; -1,68547000;
202300028492.0;3;02;02316;1;1;1.0;2.0;49,27838600;3,15268900;
202300028493.0;1;02;02450;1;1;1.0;7.0;49,88592300;3,55403600;
202300028494.0;1;02;02248;1;1;7.0;6.0;49,67075200;3,81435900;
202300028495.0;5;34;34172;2;3;1.0;3.0;43,61764000;3,89272000;
202300028496.0;5;15;15037;2;1;1.0;6.0;45,35686500;2,40258300;
202300028497.0;5;28;28134;2;1;3.0;6.0;48,73724000;1,36134000;
202300028498.0;1;70;70467;2;4;1.0;3.0;47,88903600;6,27193800;
202300028499.0;4;91;91340;1;1;5.0;2.0;48,60100000;2,43800000;
202300028500.0;1;05;05124;1;1;1.0;7.0;44,58163400;6,13077900;
202300028501.0;3;91;91377;1;1;1.0;2.0;48,71793000;2,29231000;
202300028502.0;2;17;17200;2;1;1.0;6.0;46,17805000; -1,15374000;
202300028503.0;4;91;91689;1;1;5.0;3.0;48,72840000;2,31420000;
202300028504.0;1;60;60438;1;1;7.0;5.0;49,47881900;3,06773900;
202300028505.0;3;13;13103;2;1;2.0;1.0;43,65072000;5,08396000;
202300028506.0;3;91;91534;1;1;1.0;7.0;48,72959000;2,16536000;
202300028507.0;1;45;45154;2;6;1.0;6.0;47,98990000;1,83646600;
202300028508.0;1;24;24376;2;1;1.0;7.0;45,20425800;0,14039200;
202300028509.0;1;13;13203;2;2;1.0;3.0;43,31891000;5,36768000;
202300028510.0;1;95;95018;1;1;1.0;2.0;48,95845019;2,27428978;
202300028511.0;3;92;92036;1;1;1.0;6.0;48,94012834;2,29364245;
202300028512.0;1;04;04054;1;9;1.0;1.0;44,01565300;6,23357200;
202300028513.0;1;13;13215;2;1;1.0;1.0;43,37868000;5,35716000;
202300028514.0;3;95;95018;1;1;1.0;2.0;48,95190000;2,27987000;
202300028515.0;5;85;85047;2;1;1.0;3.0;46,84882200; -1,89174600;
202300028516.0;5;13;13208;2;1;2.0;2.0;43,26737000;5,39420000;
202300028517.0;3;77;77258;1;1;1.0;7.0;48,83221456;2,65192439;
202300028518.0;1;28;28419;1;1;1.0;1.0;48,28180800;1,41865300;
202300028519.0;1;13;13213;2;6;1.0;3.0;43,32858000;5,43372000;
202300028520.0;3;77;77169;1;1;1.0;4.0;48,81497228;2,62559359;
202300028521.0;1;30;30233;1;1;1.0;1.0;43,92351239;4,21977997;
202300028522.0;1;11;11069;2;1;2.0;6.0;43,22623000;2,35640000;
202300028523.0;3;94;94028;1;1;1.0;3.0;48,79983715;2,44627859;
202300028524.0;1;30;30126;1;1;1.0;6.0;43,98980200;4,28994400;
202300028525.0;1;06;06088;2;1;1.0;6.0;43,70339700;7,26036900;
202300028526.0;1;08;08433;1;1;1.0;7.0;49,51716700;4,63728700;
202300028527.0;3;94;94028;1;1;1.0;2.0;48,79823929;2,44457391;
202300028528.0;1;06;06069;2;1;1.0;2.0;43,65535470;6,92303680;
202300028529.0;1;13;13211;2;1;1.0;3.0;43,28500000;5,48000000;
202300028530.0;1;13;13044;1;3;1.0;3.0;43,62211600;5,07390800;
202300028531.0;1;13;13210;2;1;1.0;3.0;43,28100660;5,39945841;
202300028532.0;5;06;06069;2;1;2.0;1.0;43,63503000;6,91179000;
202300028533.0;1;38;38553;2;3;1.0;3.0;45,61726800;5,15339000;
202300028534.0;1;13;13067;2;1;1.0;3.0;43,79350300;5,02563400;
202300028535.0;5;06;06004;2;1;1.0;6.0;43,56048000;7,12066000;
202300028536.0;1;06;06088;1;1;1.0;7.0;43,67887500;7,19393100;
202300028537.0;5;03;03185;2;1;2.0;6.0;46,34568000;2,60770000;
202300028538.0;1;13;13209;2;3;1.0;3.0;43,26387610;5,41845707;
202300028539.0;4;01;01289;1;1;3.0;7.0;46,18197000;5,23483000;
202300028540.0;3;33;33002;1;1;1.0;6.0;44,50386176; -0,03738999;
202300028541.0;1;13;13212;2;3;1.0;3.0;43,32174013;5,44840400;
202300028542.0;1;17;17438;1;1;1.0;7.0;45,55613100; -0,60287500;
202300028543.0;1;75;75118;2;3;2.0;3.0;48,89229500;2,34909200;
202300028544.0;1;51;51205;1;1;1.0;7.0;49,03468900;4,41015200;
202300028545.0;2;13;13002;2;1;1.0;5.0;43,34361144;5,48615752;
202300028546.0;5;75;75113;2;3;2.0;3.0;48,82777918;2,35679108;
202300028547.0;4;77;77261;2;1;1.0;6.0;48,23897700;2,90225200;
202300028548.0;1;13;13212;2;1;1.0;3.0;43,31329104;5,42779128;
202300028549.0;3;13;13071;1;1;1.0;6.0;43,40123000;5,26915000;
202300028550.0;3;75;75110;2;4;2.0;6.0;48,88316446;2,34986472;
202300028551.0;1;34;34289;1;9;1.0;3.0;43,38269200;3,42026200;
202300028552.0;5;75;75109;2;1;1.0;3.0;48,87123100;2,34459500;
202300028553.0;1;13;13209;2;1;1.0;3.0;43,23067000;5,40067000;
202300028554.0;3;74;74295;1;1;1.0;6.0;46,32412600;6,59631400;
202300028555.0;3;34;34190;1;3;1.0;6.0;43,27495600;2,77203100;
202300028556.0;3;75;75108;2;5;3.0;3.0;48,88084700;2,32482400;
202300028557.0;1;74;74010;1;3;1.0;3.0;45,83198400;6,05330600;
202300028558.0;5;75;75102;2;2;1.0;3.0;48,86690100;2,34945800;
202300028559.0;1;74;74220;1;1;1.0;1.0;46,14626100;6,26891800;
202300028560.0;5;94;94081;2;1;2.0;6.0;48,78358335;2,39630395;
202300028561.0;1;83;83023;1;1;1.0;5.0;43,40234100;6,09963300;
202300028562.0;1;94;94044;2;1;2.0;6.0;48,75197000;2,47025000;
202300028563.0;1;74;74012;2;3;1.0;3.0;46,19553000;6,23901000;
202300028564.0;1;06;06101;1;3;1.0;3.0;43,94954400;6,98876200;
202300028565.0;5;94;94041;2;1;2.0;1.0;48,81910664;2,39947611;
202300028566.0;2;74;74141;2;1;1.0;1.0;45,90451200;5,98867000;
202300028567.0;1;05;05007;1;1;1.0;7.0;44,75654700;6,75062700;
202300028568.0;5;94;94073;2;1;2.0;6.0;48,76281400;2,40136700;
202300028569.0;1;74;74264;2;1;1.0;6.0;46,06462600;6,55085600;
202300028570.0;5;94;94033;2;1;2.0;6.0;48,84291000;2,47012000;
202300028571.0;1;74;74201;2;1;1.0;6.0;46,12039200;6,09489100;
202300028572.0;1;05;05101;2;1;1.0;3.0;44,83814977;6,49827152;
202300028573.0;5;74;74042;2;1;1.0;6.0;46,07097100;6,42798700;
202300028574.0;1;05;05166;2;1;1.0;3.0;44,42585000;5,70992900;
202300028575.0;5;94;94070;2;1;2.0;4.0;48,71655731;2,57224929;
202300028576.0;3;13;13085;1;1;1.0;1.0;43,25951800;5,59131100;
202300028577.0;1;93;93047;2;2;2.0;3.0;48,89936900;2,55953700;
202300028578.0;3;974;97411;1;1;1.0;6.0; -20,87499000;55,41619000;
202300028579.0;1;13;13027;2;6;1.0;6.0;43,88507300;4,84962700;
202300028580.0;5;93;93005;2;1;1.0;6.0;48,93672500;2,49680900;
202300028581.0;1;974;97411;2;1;1.0;3.0; -20,89033000;55,45924000;
202300028582.0;5;92;92026;2;3;2.0;7.0;48,89182132;2,25841507;
202300028583.0;1;973;97302;2;1;2.0;3.0;4,90977000; -52,32157000;
202300028584.0;2;71;71411;1;1;1.0;1.0;46,71488500;4,21887900;
202300028585.0;2;92;92004;2;1;8.0;3.0;48,93148036;2,28342211;
202300028586.0;3;54;54258;1;1;1.0;6.0;48,67872065;6,56621933;
202300028587.0;1;972;97209;2;1;1.0;2.0;14,61816977; -61,03608989;
202300028588.0;3;60;60308;1;1;2.0;6.0;49,48606800;2,66888400;
202300028589.0;1;09;09268;2;1;1.0;6.0;43,00419200;1,12848600;
202300028590.0;1;972;97213;1;3;1.0;3.0;14,65202000; -61,01109000;
202300028591.0;1;03;03315;2;3;1.0;3.0;46,39804600;2,85601300;
202300028592.0;3;35;35328;1;1;1.0;3.0;47,79278900; -2,01852300;
202300028593.0;5;69;69034;2;3;1.0;3.0;45,81466064;4,86208190;
202300028594.0;1;38;38468;2;9;1.0;3.0;45,34167900;4,80483400;
202300028595.0;1;2A;2A348;2;1;1.0;7.0;42,16667600;8,79753800;
202300028596.0;1;971;97101;2;1;1.0;1.0;16,25528321; -61,52180672;
202300028597.0;1;07;07324;2;1;1.0;3.0;45,06916800;4,82912500;
202300028598.0;1;51;51066;1;1;2.0;1.0;48,66060200;4,57952000;
202300028599.0;1;01;01405;1;1;1.0;6.0;46,14366000;5,17356800;
202300028600.0;1;971;97101;1;1;1.0;2.0;16,26372348; -61,50746226;
202300028601.0;1;43;43071;1;1;7.0;7.0;45,23619500;3,81878400;
202300028602.0;1;65;65335;1;1;1.0;7.0;43,10280000;0,13328400;
202300028603.0;5;95;95427;2;9;1.0;3.0;48,96833100;2,34290000;
202300028604.0;5;43;43040;2;7;9.0;3.0;45,29090100;3,38537200;