Num_Acc;lum;departement;commune;agglomeration;intersection;meteo;type_collision;lat;long;date
202300028605.0;3;40;40182;1;1;1.0;6.0;44,10297200; -1,18213500;
202300028606.0;5;91;91479;2;1;1.0;6.0;48,70572000;2,36143000;
202300028607.0;2;33;33076;1;1;1.0;1.0;44,52023200; -0,43588000;
202300028608.0;3;40;40202;1;1;1.0;6.0;43,69184100; -0,98263600;
202300028609.0;1;91;91326;2;1;1.0;6.0;48,69163000;2,37802000;
202300028610.0;1;81;81115;2;1;1.0;6.0;43,47533400;2,65176600;
202300028611.0;1;84;84035;2;1;1.0;3.0;43,85072900;5,03469200;
202300028612.0;1;33;33504;1;2;1.0;3.0;44,52683700; -0,32554800;
202300028613.0;1;26;26353;1;1;1.0;2.0;44,66514300;4,79688400;
202300028614.0;5;83;83090;2;1;1.0;6.0;43,12912000;5,87705000;
202300028615.0;1;83;83061;1;1;1.0;6.0;43,48396000;6,77841000;
202300028616.0;1;14;14076;2;3;1.0;1.0;49,22880700; -0,29918600;
202300028617.0;1;974;97414;2;3;1.0;6.0; -21,28736800;55,40882100;
202300028618.0;1;29;29156;1;1;1.0;1.0;48,45627612; -4,23571989;
202300028619.0;1;50;50050;1;1;2.0;2.0;48,95624200; -0,99913400;
202300028620.0;5;78;78138;2;2;1.0;3.0;48,97854300;2,02496200;
202300028621.0;2;27;27537;2;1;1.0;6.0;49,24374000;1,21333500;
202300028622.0;1;50;50214;1;1;2.0;2.0;48,92150500; -1,08200300;
202300028623.0;5;60;60628;2;1;1.0;7.0;49,41503200;2,16256900;
202300028624.0;3;77;77372;1;1;5.0;1.0;48,88137000;2,65674000;
202300028625.0;2;62;62443;2;1;1.0;6.0;50,44914663;2,64199525;
202300028626.0;3;71;71443;1;2;3.0;3.0;46,92383900;4,94364400;
202300028627.0;3;77;77400;1;6;5.0;6.0;48,76136500;3,02408300;
202300028628.0;3;22;22020;1;1;1.0;6.0;48,32024771; -2,25324869;
202300028629.0;1;62;62894;1;1;1.0;2.0;50,76741100;1,64274600;
202300028630.0;1;77;77400;1;2;1.0;3.0;48,79612000;3,02409000;
202300028631.0;1;59;59080;1;2;1.0;3.0;50,45266100;3,25754300;
202300028632.0;1;13;13212;1;1;1.0;2.0;43,29140000;5,42460000;
202300028633.0;1;62;62858;1;2;1.0;3.0;50,23101400;3,00803800;
202300028634.0;5;72;72181;2;9;1.0;6.0;48,01167000;0,19154000;
202300028635.0;3;13;13081;1;1;1.0;2.0;43,49772458;5,23915934;
202300028636.0;1;66;66050;1;1;1.0;6.0;42,77546400;2,91579700;
202300028637.0;1;72;72181;2;6;7.0;6.0;48,00891000;0,22681000;
202300028638.0;5;83;83090;1;9;1.0;6.0;43,12619323;5,82460889;
202300028639.0;5;72;72181;2;1;1.0;6.0;48,00083000;0,19502000;
202300028640.0;3;37;37179;1;1;3.0;1.0;47,45020793;0,74562355;
202300028641.0;4;69;69290;2;9;1.0;6.0;45,71187080;4,97312934;
202300028642.0;2;33;33550;1;1;1.0;2.0;44,78229450; -0,58439165;
202300028643.0;1;83;83097;2;1;2.0;6.0;43,50339400;5,73854900;
202300028644.0;1;66;66136;2;1;1.0;6.0;42,68327000;2,90920000;
202300028645.0;1;59;59074;2;1;2.0;6.0;50,09052200;3,44490600;
202300028646.0;1;64;64445;2;1;7.0;6.0;43,29935000; -0,37108000;
202300028647.0;2;94;94038;1;1;2.0;3.0;48,77318113;2,34587558;
202300028648.0;2;56;56184;2;4;2.0;3.0;47,66400000; -2,46021300;
202300028649.0;3;94;94021;1;1;1.0;2.0;48,77137155;2,34509948;
202300028650.0;3;76;76412;2;6;2.0;7.0;49,45996600;1,29919800;
202300028651.0;5;64;64102;2;3;1.0;3.0;43,49278000; -1,49542000;
202300028652.0;5;71;71442;2;3;3.0;6.0;46,84777800;4,63172600;
202300028653.0;5;91;91161;2;9;1.0;2.0;48,71524000;2,29832000;
202300028654.0;5;64;64102;2;1;1.0;6.0;43,49471000; -1,47129000;
202300028655.0;4;89;89418;2;1;2.0;6.0;47,86440500;3,98009800;
202300028656.0;1;91;91161;1;1;1.0;4.0;48,71082000;2,29879000;
202300028657.0;1;63;63040;2;1;1.0;6.0;45,71781000;3,34285900;
202300028658.0;5;63;63113;2;1;1.0;3.0;45,78008000;3,09142000;
202300028659.0;3;95;95678;1;1;1.0;6.0;49,07036568;2,22137332;
202300028660.0;1;42;42126;1;1;2.0;7.0;45,43995900;4,06724800;
202300028661.0;1;46;46165;1;1;1.0;6.0;44,80443900;1,78502200;
202300028662.0;1;63;63113;2;2;1.0;3.0;45,76912000;3,08728000;
202300028663.0;1;46;46319;2;1;1.0;6.0;44,71686317;1,84911489;
202300028664.0;1;95;95607;1;1;1.0;5.0;49,01399400;2,21826100;
202300028665.0;5;61;61001;2;2;1.0;3.0;48,43534000;0,09162000;
202300028666.0;1;46;46060;1;3;2.0;3.0;44,39957100;1,23332300;
202300028667.0;1;95;95365;1;1;1.0;3.0;49,05879733;2,41957005;
202300028668.0;1;34;34273;1;1;1.0;3.0;43,57034900;2,97866300;
202300028669.0;5;59;59650;2;9;1.0;2.0;50,71484000;3,20270000;
202300028670.0;1;974;97411;2;1;1.0;2.0; -20,87481000;55,44617000;
202300028671.0;3;29;29100;2;2;1.0;3.0;48,57049653; -4,39257442;
202300028672.0;1;59;59043;2;4;1.0;6.0;50,73943000;2,73563000;
202300028673.0;5;973;97302;2;1;1.0;3.0;4,93703973; -52,32217848;
202300028674.0;5;38;38012;2;1;2.0;6.0;45,58812700;5,61192700;
202300028675.0;1;59;59043;2;3;1.0;2.0;50,73649000;2,72183000;
202300028676.0;1;973;97302;2;1;1.0;6.0;4,92393173; -52,31248766;
202300028677.0;2;01;01426;1;1;2.0;1.0;46,23741700;5,37541500;
202300028678.0;1;56;56260;2;1;2.0;3.0;47,66153000; -2,75858000;
202300028679.0;1;973;97302;2;1;1.0;6.0;4,93817143; -52,33429000;
202300028680.0;1;56;56162;1;6;1.0;3.0;47,70988000; -3,43859000;
202300028681.0;1;973;97302;2;1;1.0;3.0;4,93499000; -52,31199000;
202300028682.0;1;58;58303;2;6;2.0;6.0;47,02005300;3,14583200;
202300028683.0;1;53;53054;1;6;1.0;3.0;48,09172000; -0,74972000;
202300028684.0;1;66;66149;1;1;1.0;1.0;42,61900200;2,41277000;
202300028685.0;1;973;97302;2;3;1.0;3.0;4,93636000; -52,31390000;
202300028686.0;1;72;72320;1;1;3.0;3.0;48,06077200;0,17419300;
202300028687.0;5;50;50129;2;2;1.0;3.0;49,63353000; -1,63665000;
202300028688.0;1;973;97302;2;1;1.0;3.0;4,92843000; -52,32519000;
202300028689.0;1;60;60584;2;4;2.0;6.0;49,21530900;2,41895600;
202300028690.0;5;49;49007;2;3;5.0;3.0;47,45900000; -0,56000000;
202300028691.0;1;69;69388;2;1;1.0;1.0;45,72210000;4,88400000;
202300028692.0;1;36;36018;2;1;1.0;6.0;46,63566900;1,06086200;
202300028693.0;1;972;97213;1;1;2.0;3.0;14,61414000; -61,02629000;
202300028694.0;5;47;47323;2;2;1.0;3.0;44,41261000;0,69325000;
202300028695.0;5;69;69382;2;1;1.0;6.0;45,74873951;4,82797580;
202300028696.0;1;69;69389;2;2;1.0;7.0;45,77856000;4,80256000;
202300028697.0;5;34;34172;2;1;1.0;6.0;43,60811000;3,92918000;
202300028698.0;1;33;33063;2;4;1.0;2.0;44,84547000; -0,59883000;
202300028699.0;1;69;69384;2;2;1.0;3.0;45,77946000;4,82935000;
202300028700.0;5;33;33063;2;4;1.0;6.0;44,84319000; -0,57432000;
202300028701.0;1;69;69149;2;4;1.0;3.0;45,72008000;4,79809000;
202300028702.0;5;33;33529;2;6;1.0;3.0;44,62652000; -1,14141000;
202300028703.0;5;31;31555;2;1;1.0;1.0;43,56722000;1,50699300;
202300028704.0;5;31;31555;2;1;1.0;6.0;43,56243000;1,39759000;
202300028705.0;5;69;69381;2;2;1.0;3.0;45,76616000;4,83380000;
202300028706.0;1;31;31555;2;1;1.0;6.0;43,62143000;1,46724000;
202300028707.0;1;31;31555;2;1;1.0;6.0;43,60851000;1,44579000;
202300028708.0;1;95;95323;2;3;7.0;1.0;49,01769243;2,03441387;
202300028709.0;1;31;31483;2;1;1.0;6.0;43,10597000;0,72340000;
202300028710.0;1;91;91689;2;9;1.0;1.0;48,72521000;2,31679000;
202300028711.0;5;25;25204;2;1;1.0;5.0;46,92892000;6,35190000;
202300028712.0;2;91;91286;2;2;7.0;1.0;48,65050000;2,37889000;
202300028713.0;3;22;22278;1;1;1.0;2.0;48,50645000; -2,73494000;
202300028714.0;5;17;17300;2;6;1.0;3.0;46,16735400; -1,14012800;
202300028715.0;2;91;91027;2;2;1.0;3.0;48,70577600;2,36759900;
202300028716.0;1;87;87085;2;1;1.0;7.0;45,83443000;1,24704000;
202300028717.0;5;13;13215;2;1;1.0;1.0;43,34789673;5,37666881;
202300028718.0;5;13;13204;2;2;1.0;3.0;43,29738000;5,40658000;
202300028719.0;5;13;13028;2;6;1.0;3.0;43,19873000;5,62646000;
202300028720.0;5;13;13001;2;1;1.0;7.0;43,53250000;5,42620000;
202300028721.0;1;83;83061;2;3;1.0;3.0;43,46269600;6,76004500;
202300028722.0;1;06;06088;2;3;1.0;3.0;43,70038000;7,26149000;
202300028723.0;5;06;06027;2;4;1.0;1.0;43,67180000;7,16430000;
202300028724.0;5;02;02408;2;1;1.0;6.0;49,56960000;3,60484000;
202300028725.0;5;77;77285;1;2;1.0;3.0;48,54297000;2,63159000;
202300028726.0;3;01;01031;1;1;1.0;2.0;46,24105000;5,63670000;
202300028727.0;5;01;01053;2;2;1.0;3.0;46,19660000;5,26580000;
202300028728.0;1;76;76498;2;1;1.0;3.0;49,42195400;1,06529504;
202300028729.0;5;75;75118;2;3;1.0;3.0;48,89809600;2,34413800;
202300028730.0;1;76;76351;2;2;1.0;3.0;49,51855000;0,11681000;
202300028731.0;1;75;75117;2;1;1.0;3.0;48,88245900;2,29609500;
202300028732.0;1;76;76351;2;1;1.0;2.0;49,50122000;0,14799000;
202300028733.0;5;75;75113;2;7;1.0;6.0;48,82326100;2,35411700;
202300028734.0;5;75;75108;2;7;1.0;3.0;48,87372000;2,29570400;
202300028735.0;1;76;76351;2;2;1.0;3.0;49,51046500;0,16952000;
202300028736.0;5;94;94081;2;2;1.0;6.0;48,79921748;2,39147794;
202300028737.0;1;94;94041;2;1;1.0;6.0;48,81004901;2,38552746;
202300028738.0;1;72;72003;2;9;1.0;3.0;47,97500000;0,15800000;
202300028739.0;1;94;94059;2;3;1.0;3.0;48,81416000;2,56516000;
202300028740.0;1;72;72181;2;9;1.0;3.0;48,00420000;0,18377000;
202300028741.0;1;93;93005;2;6;1.0;3.0;48,94892740;2,51773095;
202300028742.0;5;93;93006;2;1;8.0;6.0;48,86355600;2,41864000;
202300028743.0;1;72;72181;2;9;1.0;3.0;48,00506000;0,19407000;
202300028744.0;1;93;93029;2;2;1.0;6.0;48,91673000;2,44460000;
202300028745.0;5;72;72181;2;9;1.0;6.0;48,01349000;0,17075800;
202300028746.0;2;93;93007;2;5;1.0;6.0;48,93558000;2,47543000;
202300028747.0;1;71;71499;1;1;1.0;1.0;46,66712136;4,29498374;
202300028748.0;1;92;92048;2;1;1.0;1.0;48,82021290;2,24238396;
202300028749.0;1;71;71153;2;3;7.0;3.0;46,80537000;4,43613000;
202300028750.0;1;92;92023;2;1;7.0;6.0;48,80334000;2,26662000;
202300028751.0;1;92;92004;2;1;1.0;3.0;48,90465006;2,28185892;
202300028752.0;1;39;39344;1;1;9.0;1.0;46,73475300;5,85603100;
202300028753.0;5;69;69256;2;5;1.0;1.0;45,77842000;4,91647000;
202300028754.0;5;69;69256;2;1;1.0;6.0;45,78217000;4,92852000;
202300028755.0;3;62;62453;1;1;1.0;6.0;50,52985971;2,19010063;
202300028756.0;5;45;45247;2;1;1.0;6.0;48,00095900;2,70142800;
202300028757.0;2;69;69282;2;1;1.0;3.0;45,76084824;5,02736526;
202300028758.0;3;21;21614;1;1;8.0;2.0;47,44646838;5,16864750;
202300028759.0;1;69;69290;2;9;1.0;6.0;45,69434000;4,94888000;
202300028760.0;3;51;51136;1;1;5.0;6.0;49,09888000;3,76355800;
202300028761.0;1;84;84027;1;1;1.0;1.0;44,09559100;4,72164300;
202300028762.0;1;69;69259;2;1;1.0;2.0;45,72583000;4,86164000;
202300028763.0;1;22;22164;1;1;1.0;6.0;48,58004300; -3,23103200;
202300028764.0;3;14;14061;1;1;1.0;6.0;48,95350800; -0,88800400;
202300028765.0;1;69;69259;2;2;1.0;3.0;45,71441000;4,87951000;
202300028766.0;5;67;67482;2;1;1.0;6.0;48,56325000;7,77923000;
202300028767.0;3;91;91665;1;1;1.0;5.0;48,66858200;2,27922900;
202300028768.0;5;971;97109;1;1;2.0;6.0;15,99498500; -61,70804600;
202300028769.0;1;66;66136;1;1;1.0;2.0;42,67810000;2,87085000;
202300028770.0;2;62;62849;2;6;1.0;3.0;50,40796900;1,64757600;
202300028771.0;1;64;64284;1;3;1.0;3.0;43,27117000; -0,38889000;
202300028772.0;1;72;72299;1;4;7.0;3.0;47,86485700;0,33774900;
202300028773.0;1;64;64024;2;1;1.0;6.0;43,48024000; -1,51623000;
202300028774.0;3;08;08397;1;1;5.0;7.0;49,39964500;4,24420500;
202300028775.0;2;64;64102;1;1;1.0;1.0;43,47495000; -1,47739000;
202300028776.0;1;56;56205;1;2;1.0;3.0;47,56289500; -2,71551100;
202300028777.0;1;62;62250;2;3;1.0;3.0;50,46638969;2,94229352;
202300028778.0;1;65;65363;2;1;1.0;6.0;43,11118900;0,43815500;
202300028779.0;1;65;65004;1;1;1.0;2.0;43,02836600; -0,07528900;
202300028780.0;2;59;59599;2;9;1.0;3.0;50,74235000;3,18260000;
202300028781.0;1;33;33108;2;1;1.0;6.0;44,85559469; -0,04147701;
202300028782.0;5;59;59122;2;1;1.0;7.0;50,17080000;3,24818000;
202300028783.0;1;63;63040;2;1;1.0;2.0;45,72773100;3,33758000;
202300028784.0;1;56;56121;2;6;1.0;3.0;47,76006000; -3,36595000;
202300028785.0;1;42;42013;2;1;1.0;3.0;45,64639000;4,28990200;
202300028786.0;1;54;54395;2;2;1.0;6.0;48,69924835;6,18050426;
202300028787.0;3;47;47203;1;1;5.0;6.0;44,38735100;0,78520100;
202300028788.0;1;68;68290;1;9;1.0;6.0;47,93975800;7,51547700;
202300028789.0;1;54;54578;2;3;1.0;6.0;48,67143358;6,15625039;
202300028790.0;1;22;22219;1;3;7.0;3.0;48,27226800; -2,70853800;
202300028791.0;1;54;54373;2;1;1.0;6.0;48,57489000;6,52737000;
202300028792.0;3;29;29172;1;4;1.0;3.0;48,17480400; -4,22845400;
202300028793.0;1;51;51454;2;1;1.0;3.0;49,24096000;4,01383000;
202300028794.0;2;51;51055;2;6;1.0;3.0;49,28297000;4,04834000;
202300028795.0;1;50;50147;2;1;1.0;7.0;49,03641000; -1,44385000;
202300028796.0;3;66;66124;1;9;1.0;6.0;42,51749700;2,04566700;
202300028797.0;1;50;50129;2;3;1.0;3.0;49,61419000; -1,64635000;
202300028798.0;3;14;14305;1;1;1.0;7.0;49,27429400; -0,04082300;
202300028799.0;1;49;49099;2;2;1.0;6.0;47,04825000; -0,87435000;
202300028800.0;1;49;49246;2;1;1.0;6.0;47,43770000; -0,50670000;
202300028801.0;2;14;14542;1;3;1.0;7.0;49,23073600; -0,45482500;
202300028802.0;1;49;49007;2;1;1.0;3.0;47,47760000; -0,55390000;
202300028803.0;1;49;49007;2;6;1.0;6.0;47,49058000; -0,56490000;
202300028804.0;1;50;50341;2;6;1.0;3.0;49,49034700; -1,39263500;
202300028805.0;3;44;44143;2;1;1.0;2.0;47,19305000; -1,56962000;
202300028806.0;5;18;18099;2;1;5.0;6.0;47,08421200;2,88757500;
202300028807.0;1;42;42103;2;9;7.0;6.0;45,50394000;4,56808000;
202300028808.0;1;42;42218;2;1;1.0;6.0;45,43546000;4,43735000;
202300028809.0;1;17;17053;2;3;5.0;3.0;45,89642300; -0,78831700;
202300028810.0;3;87;87140;1;1;1.0;2.0;45,92997600;0,94005000;
202300028811.0;1;42;42187;2;6;1.0;4.0;46,05328000;4,07362000;
202300028812.0;1;30;30123;1;1;1.0;7.0;43,71174300;4,17169300;
202300028813.0;5;42;42044;2;1;1.0;2.0;45,39622536;4,32572678;
202300028814.0;2;08;08367;2;1;5.0;6.0;49,91863600;4,54755000;
202300028815.0;5;987;98715;2;1;1.0;5.0; -17,57061800; -149,61514200;
202300028816.0;1;67;67033;1;9;1.0;7.0;48,74963500;7,68809600;
202300028817.0;1;38;38179;2;6;1.0;3.0;45,19213000;5,77592000;
202300028818.0;1;37;37261;2;1;1.0;3.0;47,39100000;0,69359000;
202300028819.0;2;51;51321;1;1;7.0;4.0;49,20631300;3,77210900;
202300028820.0;1;34;34172;2;1;1.0;6.0;43,62651000;3,86653000;
202300028821.0;4;31;31254;1;1;1.0;6.0;43,53703400;1,51100100;
202300028822.0;5;38;38193;1;1;1.0;7.0;45,61242400;5,21643500;
202300028823.0;1;33;33162;2;4;1.0;3.0;44,88164014; -0,64222491;
202300028824.0;1;60;60408;1;1;1.0;7.0;49,47724300;2,71199200;
202300028825.0;1;33;33063;2;1;1.0;6.0;44,85339000; -0,56674000;
202300028826.0;3;77;77185;1;6;5.0;6.0;48,46363100;2,55526500;
202300028827.0;1;973;97303;1;1;1.0;3.0;5,43634400; -53,10353300;
202300028828.0;1;33;33522;2;1;1.0;1.0;44,79619000; -0,59387000;
202300028829.0;3;971;97126;1;1;1.0;2.0;15,94581400; -61,31280900;
202300028830.0;5;45;45177;2;1;5.0;6.0;48,12038600;2,21524700;
202300028831.0;1;32;32013;1;1;1.0;3.0;43,62646000;0,52725000;
202300028832.0;3;66;66014;1;1;1.0;6.0;42,74085200;2,81406600;
202300028833.0;1;30;30155;2;2;7.0;3.0;43,81544900;4,46951200;
202300028834.0;3;04;04063;1;1;1.0;6.0;43,76926500;5,75966800;
202300028835.0;1;30;30007;2;1;1.0;2.0;44,12392000;4,10816000;
202300028836.0;1;13;13081;2;1;1.0;1.0;43,48701600;5,22159800;
202300028837.0;1;29;29019;2;1;1.0;6.0;48,39221006; -4,47975978;
202300028838.0;3;13;13048;2;1;1.0;2.0;43,63686300;5,62163700;
202300028839.0;5;88;88321;2;3;1.0;3.0;48,35301900;5,68212000;
202300028840.0;1;29;29019;2;3;1.0;3.0;48,42190000; -4,46351000;
202300028841.0;5;55;55122;2;1;5.0;6.0;48,76290400;5,58236900;
202300028842.0;5;38;38468;1;1;1.0;3.0;45,33589100;4,80514000;
202300028843.0;1;27;27229;2;1;1.0;2.0;49,00189300;1,15296100;
202300028844.0;3;38;38277;2;3;1.0;6.0;45,01182000;5,70186000;
202300028845.0;1;25;25056;2;4;7.0;3.0;47,23300000;5,98900000;
202300028846.0;1;01;01301;1;1;1.0;6.0;46,27303600;5,14331800;
202300028847.0;1;19;19031;2;1;1.0;6.0;45,15480000;1,53032000;
202300028848.0;3;81;81011;1;1;5.0;3.0;43,74258000;1,82101100;
202300028849.0;3;59;59593;1;1;1.0;1.0;50,23169700;3,29364500;
202300028850.0;3;13;13106;1;1;1.0;7.0;43,40414000;5,35783000;
202300028851.0;1;18;18279;1;1;1.0;4.0;47,24378000;2,09502000;
202300028852.0;3;13;13210;1;1;1.0;2.0;43,28489979;5,41754007;
202300028853.0;5;13;13213;1;1;1.0;2.0;43,32940000;5,41430000;
202300028854.0;1;57;57474;1;1;1.0;5.0;49,25969000;6,17735000;
202300028855.0;3;33;33075;1;1;1.0;2.0;44,88864169; -0,59299618;
202300028856.0;3;91;91161;1;1;1.0;2.0;48,70156000;2,30847000;
202300028857.0;3;91;91432;1;1;1.0;2.0;48,69319000;2,32057000;
202300028858.0;4;91;91689;1;1;1.0;4.0;48,73310000;2,31600000;
202300028859.0;3;95;95018;1;1;1.0;2.0;48,95563000;2,27798000;
202300028860.0;1;95;95351;1;1;1.0;4.0;49,03164000;2,49317000;
202300028861.0;2;92;92078;1;1;1.0;3.0;48,92961992;2,32818847;
202300028862.0;1;95;95500;1;1;1.0;4.0;49,04028501;2,08315467;
202300028863.0;3;77;77372;1;1;5.0;2.0;48,88466610;2,66785612;
202300028864.0;1;76;76540;2;2;1.0;1.0;49,44507000;1,06379000;
202300028865.0;1;974;97416;2;1;1.0;6.0; -21,33984000;55,49165000;
202300028866.0;1;974;97416;1;1;1.0;3.0; -21,30590000;55,46390000;
202300028867.0;1;974;97411;2;1;1.0;2.0; -20,89066333;55,45511037;
202300028868.0;5;973;97302;2;1;1.0;7.0;4,91878000; -52,32167000;
202300028869.0;1;973;97302;2;3;1.0;3.0;4,94472000; -52,31106000;
202300028870.0;5;69;69388;2;1;1.0;6.0;45,73061329;4,87494061;
202300028871.0;1;60;60612;1;9;1.0;6.0;49,21123441;2,60738558;
202300028872.0;5;69;69387;2;1;1.0;6.0;45,73012000;4,82406000;
202300028873.0;1;13;13071;1;1;1.0;2.0;43,41264900;5,28156700;
202300028874.0;1;971;97120;2;3;1.0;3.0;16,24301697; -61,53961658;
202300028875.0;1;69;69152;1;1;1.0;2.0;45,70132000;4,83541000;
202300028876.0;1;92;92012;1;1;1.0;6.0;48,84830363;2,23126544;
202300028877.0;1;2A;2A004;2;1;1.0;3.0;41,94133000;8,74448000;
202300028878.0;1;78;78640;1;1;1.0;2.0;48,77800000;2,21424200;
202300028879.0;1;87;87085;2;1;1.0;6.0;45,83096000;1,26344000;
202300028880.0;1;78;78158;1;1;1.0;2.0;48,83258000;2,13818900;
202300028881.0;2;86;86194;2;2;1.0;1.0;46,58558700;0,33322900;
202300028882.0;1;75;75120;2;1;1.0;3.0;48,86630511;2,41315520;
202300028883.0;5;84;84035;2;9;1.0;3.0;43,81746000;5,04370000;
202300028884.0;1;95;95500;1;1;1.0;2.0;49,03617521;2,09541678;
202300028885.0;5;83;83062;2;1;1.0;3.0;43,12494000;6,00476000;
202300028886.0;1;92;92078;1;1;1.0;2.0;48,92763127;2,33308867;
202300028887.0;1;83;83118;2;3;1.0;6.0;43,42604000;6,77004000;
202300028888.0;3;95;95527;1;1;1.0;2.0;49,00062000;2,52238000;
202300028889.0;5;80;80001;2;1;2.0;3.0;50,10597000;1,85772000;
202300028890.0;1;76;76114;2;6;1.0;6.0;49,56987000;0,47858000;
202300028891.0;1;83;83126;2;1;1.0;6.0;43,10020000;5,90001000;
202300028892.0;1;68;68224;2;1;1.0;6.0;47,75528000;7,33616000;
202300028893.0;1;77;77285;2;1;1.0;6.0;48,54160000;2,62830000;
202300028894.0;5;77;77284;2;1;1.0;6.0;48,95302700;2,88374200;
202300028895.0;5;77;77464;2;9;1.0;6.0;48,88434000;2,71147000;
202300028896.0;1;988;98818;2;3;1.0;3.0; -22,27754000;166,45047000;
202300028897.0;1;973;97302;1;6;1.0;7.0;4,92155000; -52,32978000;
202300028898.0;5;77;77131;2;2;5.0;2.0;48,80323000;3,08564000;
202300028899.0;5;69;69387;2;2;1.0;1.0;45,74683000;4,83678000;
202300028900.0;1;69;69388;2;1;1.0;6.0;45,73084000;4,85108000;
202300028901.0;1;69;69149;2;1;1.0;7.0;45,71875000;4,81029000;
202300028902.0;3;971;97113;1;9;1.0;1.0;16,20737372; -61,45651102;
202300028903.0;5;76;76429;2;1;8.0;3.0;49,40990000;1,14278000;
202300028904.0;1;91;91161;2;1;1.0;4.0;48,70009000;2,31765000;
202300028905.0;1;91;91326;2;1;1.0;3.0;48,69141000;2,37059000;
202300028906.0;1;87;87085;2;3;1.0;3.0;45,82916000;1,24372000;
202300028907.0;1;83;83069;2;1;1.0;6.0;43,11715200;6,12859700;
202300028908.0;1;83;83061;2;6;1.0;6.0;43,43094000;6,75464000;
202300028909.0;1;80;80021;1;1;1.0;2.0;49,88804000;2,28904000;
202300028910.0;1;79;79191;1;2;1.0;3.0;46,35610000; -0,48120000;
202300028911.0;2;76;76575;2;3;1.0;6.0;49,40367100;1,07542300;
202300028912.0;1;76;76351;2;3;1.0;3.0;49,49027000;0,10076000;
202300028913.0;1;73;73008;2;1;1.0;1.0;45,70940965;5,91937914;
202300028914.0;1;72;72181;2;9;1.0;2.0;47,99810000;0,18890000;
202300028915.0;1;72;72181;2;9;1.0;3.0;47,95386000;0,21985000;
202300028916.0;1;71;71105;2;3;1.0;3.0;46,30973000;4,80018000;
202300028917.0;1;69;69259;2;1;1.0;3.0;45,72589000;4,86314000;
202300028918.0;3;67;67482;2;1;1.0;1.0;48,57543000;7,75674000;
202300028919.0;1;67;67482;2;1;1.0;2.0;48,55327000;7,74289000;
202300028920.0;1;67;67482;2;7;1.0;3.0;48,56778000;7,72361000;
202300028921.0;1;64;64445;2;1;1.0;3.0;43,33861000; -0,37884000;
202300028922.0;1;64;64140;2;1;1.0;6.0;43,52832000; -1,49395000;
202300028923.0;1;59;59508;2;2;1.0;1.0;50,74037000;3,13213000;
202300028924.0;1;59;59512;2;1;1.0;6.0;50,68637000;3,19925000;
202300028925.0;1;57;57463;2;1;1.0;3.0;49,11755000;6,24722000;
202300028926.0;1;57;57463;2;1;1.0;7.0;49,10940000;6,23085000;
202300028927.0;1;54;54395;2;1;1.0;3.0;48,68081262;6,19421840;
202300028928.0;1;54;54395;2;1;1.0;3.0;48,69616795;6,16286606;
202300028929.0;1;54;54575;1;1;1.0;6.0;49,45755400;5,85146400;
202300028930.0;1;51;51454;2;1;1.0;3.0;49,23283000;4,04788000;
202300028931.0;1;51;51573;2;1;1.0;6.0;49,25015000;4,00809000;
202300028932.0;1;50;50129;2;1;1.0;6.0;49,63589000; -1,62552000;
202300028933.0;1;49;49007;2;1;1.0;6.0;47,47238000; -0,55455000;
202300028934.0;1;49;49015;2;6;1.0;3.0;47,51780000; -0,60830000;
202300028935.0;1;49;49246;2;6;1.0;2.0;47,43676000; -0,50428000;
202300028936.0;1;47;47001;2;1;1.0;3.0;44,20329000;0,62171000;
202300028937.0;1;45;45234;2;1;1.0;3.0;47,90525000;1,88967000;
202300028938.0;1;43;43157;2;1;1.0;2.0;45,04912200;3,90009700;
202300028939.0;1;43;43041;2;9;1.0;7.0;45,04319000;3,93303000;
202300028940.0;1;43;43157;2;1;1.0;3.0;45,04084000;3,88707000;
202300028941.0;1;37;37233;2;1;1.0;3.0;47,39199000;0,73467000;
202300028942.0;1;34;34172;2;4;1.0;6.0;43,64139000;3,83493000;
202300028943.0;1;34;34003;1;1;1.0;6.0;43,32035800;3,47606000;
202300028944.0;1;25;25056;1;1;1.0;6.0;47,24028000;5,98111000;
202300028945.0;1;25;25056;2;3;1.0;3.0;47,24252500;6,04474100;
202300028946.0;1;25;25056;2;2;1.0;2.0;47,24896000;6,03135000;
202300028947.0;1;25;25056;2;1;1.0;6.0;47,24400000;6,02700000;
202300028948.0;1;25;25056;2;1;1.0;3.0;47,25767400;6,01756800;
202300028949.0;1;14;14333;2;1;1.0;6.0;49,42046200;0,23468100;
202300028950.0;1;13;13117;2;2;1.0;3.0;43,42721000;5,23544000;
202300028951.0;1;13;13047;1;1;1.0;2.0;43,55042000;4,95739000;
202300028952.0;1;06;06088;2;2;1.0;6.0;43,70324500;7,28953900;
202300028953.0;1;06;06069;2;1;1.0;3.0;43,65729400;6,93325600;