Num_Acc;lum;departement;commune;agglomeration;intersection;meteo;type_collision;lat;long;date
202300028954.0;1;06;06029;2;9;1.0;3.0;43,55026000;6,95767000;
202300028955.0;1;05;05061;2;1;1.0;7.0;44,57933000;6,07414000;
202300028956.0;5;01;01053;2;9;1.0;3.0;46,22257000;5,22853000;
202300028957.0;1;75;75120;2;1;1.0;5.0;48,87653400;2,40964500;
202300028958.0;1;75;75116;2;4;1.0;2.0;48,87765500;2,28034400;
202300028959.0;1;75;75120;2;1;1.0;5.0;48,85271300;2,41446400;
202300028960.0;1;75;75117;2;1;1.0;2.0;48,88703500;2,29029000;
202300028961.0;1;75;75112;2;1;1.0;2.0;48,83142900;2,40385100;
202300028962.0;1;75;75115;2;9;1.0;6.0;48,83988200;2,31243000;
202300028963.0;1;75;75105;2;2;1.0;3.0;48,85110400;2,35129500;
202300028964.0;1;75;75120;2;3;1.0;2.0;48,85966500;2,40308800;
202300028965.0;1;75;75119;2;2;1.0;6.0;48,89853000;2,38653100;
202300028966.0;1;75;75119;2;7;1.0;3.0;48,90065700;2,38700200;
202300028967.0;1;75;75118;2;3;1.0;3.0;48,88453100;2,32696400;
202300028968.0;5;75;75117;2;2;1.0;7.0;48,88566900;2,31682300;
202300028969.0;1;75;75116;2;2;1.0;3.0;48,86263148;2,26811349;
202300028970.0;1;75;75116;2;1;1.0;2.0;48,86215000;2,23050500;
202300028971.0;1;75;75115;2;3;1.0;3.0;48,85156300;2,30026000;
202300028972.0;1;75;75114;2;1;1.0;3.0;48,83178000;2,33031800;
202300028973.0;1;75;75115;2;2;1.0;3.0;48,84376900;2,28635400;
202300028974.0;1;75;75113;2;1;1.0;6.0;48,83422400;2,34896000;
202300028975.0;1;75;75113;2;4;1.0;3.0;48,82263900;2,37307200;
202300028976.0;1;75;75112;2;1;1.0;2.0;48,83464000;2,39351600;
202300028977.0;5;75;75112;2;1;1.0;6.0;48,84821900;2,38400100;
202300028978.0;1;75;75109;2;1;1.0;2.0;48,88241900;2,34892700;
202300028979.0;1;75;75108;2;1;1.0;3.0;48,87274200;2,32136800;
202300028980.0;1;75;75115;2;2;1.0;2.0;48,84767500;2,28414200;
202300028981.0;1;75;75103;2;3;1.0;3.0;48,85760700;2,36805900;
202300028982.0;1;94;94044;2;1;1.0;6.0;48,75308000;2,47521000;
202300028983.0;1;94;94058;2;1;1.0;3.0;48,85202800;2,50934900;
202300028984.0;1;94;94042;2;2;1.0;1.0;48,82011000;2,47841000;
202300028985.0;1;94;94081;2;2;1.0;3.0;48,78504743;2,38848594;
202300028986.0;1;94;94081;2;1;1.0;3.0;48,80264000;2,40354700;
202300028987.0;1;94;94019;2;2;1.0;3.0;48,79023000;2,52244000;
202300028988.0;1;94;94075;2;3;1.0;2.0;48,73443000;2,52009000;
202300028989.0;1;93;93078;2;1;1.0;6.0;48,95637737;2,54154498;
202300028990.0;1;93;93059;2;3;1.0;3.0;48,95839508;2,35401928;
202300028991.0;1;93;93064;2;1;1.0;3.0;48,87279231;2,47799054;
202300028992.0;1;93;93001;2;1;1.0;3.0;48,91210000;2,38549000;
202300028993.0;1;93;93001;2;2;1.0;3.0;48,91549654;2,39995230;
202300028994.0;1;92;92064;2;1;1.0;7.0;48,85158400;2,21306700;
202300028995.0;1;92;92051;2;1;1.0;3.0;48,88264000;2,27685000;
202300028996.0;1;92;92051;2;2;1.0;6.0;48,88189591;2,28016287;
202300028997.0;1;92;92040;2;2;1.0;3.0;48,83153541;2,26721585;
202300028998.0;2;92;92012;2;1;1.0;7.0;48,83394756;2,23318040;
202300028999.0;1;92;92004;2;1;1.0;6.0;48,92056500;2,28136800;
202300029000.0;1;92;92004;2;2;1.0;3.0;48,92122000;2,27841000;
202300029001.0;1;92;92004;2;4;1.0;6.0;48,91344328;2,29918152;
202300029002.0;1;92;92004;2;1;1.0;3.0;48,91475200;2,31212900;
202300029003.0;1;76;76421;1;1;1.0;5.0;49,55493700;0,42679300;
202300029004.0;1;80;80569;1;2;1.0;3.0;49,89005200;2,65244200;
202300029005.0;1;11;11069;1;1;1.0;2.0;43,19227500;2,36411900;
202300029006.0;3;33;33392;1;1;1.0;6.0;44,60006700; -0,29152400;
202300029007.0;1;31;31573;1;1;1.0;6.0;43,66478300;1,72051900;
202300029008.0;1;42;42284;1;2;1.0;3.0;46,09298000;3,97471700;
202300029009.0;3;51;51476;1;1;1.0;7.0;49,01558100;4,41015200;
202300029010.0;1;44;44111;1;1;1.0;1.0;47,37026900; -1,72533100;
202300029011.0;1;62;62269;1;1;1.0;5.0;50,43351800;2,45012500;
202300029012.0;1;56;56128;1;3;7.0;3.0;47,99936700; -3,09255500;
202300029013.0;1;79;79005;2;1;1.0;1.0;46,82452500; -0,14077800;
202300029014.0;1;2A;2A130;1;1;1.0;1.0;41,87559300;8,80066000;
202300029015.0;1;33;33289;2;1;1.0;1.0;44,65057500;0,08538800;
202300029016.0;1;63;63430;2;2;1.0;3.0;45,85599000;3,52421900;
202300029017.0;1;49;49330;1;2;7.0;3.0;47,64864700; -0,62371000;
202300029018.0;1;12;12198;2;2;1.0;3.0;44,30557800;2,24942900;
202300029019.0;1;42;42019;2;5;1.0;5.0;45,75004500;4,00864200;
202300029020.0;1;47;47111;1;1;1.0;1.0;44,36690700;0,46227300;
202300029021.0;3;68;68377;1;1;1.0;6.0;47,62454800;7,27271700;
202300029022.0;1;25;25321;1;3;1.0;3.0;47,09051100;6,69409400;
202300029023.0;1;02;02201;2;1;1.0;6.0;49,34049600;3,15641600;
202300029024.0;1;70;70315;1;1;1.0;5.0;47,90702400;6,29332200;
202300029025.0;3;70;70353;1;1;1.0;6.0;47,27861800;5,66940700;
202300029026.0;1;06;06120;1;1;1.0;6.0;44,23806600;6,94199700;
202300029027.0;1;06;06090;1;1;1.0;1.0;43,58825600;6,91001400;
202300029028.0;1;14;14298;1;1;1.0;7.0;49,35746000; -1,10307500;
202300029029.0;1;05;05163;1;1;1.0;1.0;44,49548000;6,34280200;
202300029030.0;1;50;50365;1;3;1.0;4.0;48,94132900; -1,48670000;
202300029031.0;1;60;60045;2;2;1.0;1.0;49,22301400;2,66867500;
202300029032.0;1;18;18129;1;1;1.0;2.0;46,95988700;2,37908900;
202300029033.0;1;18;18111;1;1;1.0;6.0;47,24433800;2,66591200;
202300029034.0;1;10;10226;1;1;1.0;3.0;48,19021610;4,35093901;
202300029035.0;1;40;40217;1;3;1.0;1.0;44,36750500; -1,10946900;
202300029036.0;1;04;04209;2;2;1.0;1.0;44,21785500;5,93954300;
202300029037.0;1;04;04173;1;1;1.0;6.0;43,94780600;6,51248900;
202300029038.0;1;04;04174;1;1;1.0;1.0;43,96369300;6,74243000;
202300029039.0;1;85;85234;2;1;1.0;3.0;46,78690000; -2,07358900;
202300029040.0;1;37;37139;1;1;1.0;3.0;47,43446443;0,53337336;
202300029041.0;5;30;30006;2;2;1.0;3.0;43,69969000;4,19898700;
202300029042.0;1;30;30329;1;1;1.0;1.0;44,06341700;3,93149100;
202300029043.0;5;987;98734;2;1;1.0;3.0; -17,71200000; -149,50800000;
202300029044.0;1;38;38553;2;3;1.0;1.0;45,61849900;5,14806600;
202300029045.0;1;06;06079;1;1;1.0;2.0;43,53968300;6,91894100;
202300029046.0;1;38;38104;1;1;1.0;2.0;45,57050330;5,59244545;
202300029047.0;5;973;97304;2;1;1.0;6.0;5,17209800; -52,64978300;
202300029048.0;3;973;97305;1;1;2.0;5.0;4,92528200; -52,39036600;
202300029049.0;3;77;77088;1;1;1.0;6.0;48,30909300;2,53562600;
202300029050.0;1;77;77127;1;1;1.0;1.0;48,67638300;2,68459100;
202300029051.0;1;30;30039;2;2;1.0;3.0;43,88212700;4,49040900;
202300029052.0;1;34;34213;2;1;1.0;6.0;43,48667900;3,67008700;
202300029053.0;1;34;34296;2;1;1.0;6.0;43,75910400;4,05258200;
202300029054.0;1;83;83143;1;1;1.0;1.0;43,45259800;6,10688600;
202300029055.0;1;89;89198;1;1;1.0;3.0;47,85626200;3,56687100;
202300029056.0;1;21;21442;2;9;1.0;7.0;47,19650300;4,96968300;
202300029057.0;3;67;67067;1;1;1.0;7.0;48,74738900;7,72165100;
202300029058.0;1;42;42180;1;4;1.0;3.0;45,58918400;4,15577200;
202300029059.0;1;38;38072;1;1;1.0;1.0;45,31024326;4,80923341;
202300029060.0;1;69;69004;1;1;1.0;6.0;45,90790700;4,65084100;
202300029061.0;1;31;31135;2;1;1.0;7.0;43,21099400;1,08389100;
202300029062.0;1;40;40123;1;1;1.0;1.0;43,83183300; -1,10137900;
202300029063.0;1;33;33413;1;3;1.0;3.0;44,84998693; -0,32750845;
202300029064.0;1;33;33056;2;3;1.0;3.0;44,92384500; -0,62176800;
202300029065.0;1;50;50139;1;1;1.0;6.0;49,03511800; -1,02073100;
202300029066.0;1;59;59581;2;1;1.0;7.0;50,67685800;2,79345100;
202300029067.0;1;13;13071;1;1;1.0;6.0;43,40187000;5,29842600;
202300029068.0;1;13;13085;2;1;1.0;3.0;43,26060200;5,59155800;
202300029069.0;1;13;13213;1;1;1.0;4.0;43,32992000;5,40637000;
202300029070.0;1;13;13071;1;1;1.0;4.0;43,41205000;5,28258000;
202300029071.0;5;83;83137;1;1;1.0;2.0;43,12696802;5,92140338;
202300029072.0;1;69;69382;2;1;1.0;3.0;45,73721000;4,82087000;
202300029073.0;1;69;69276;1;1;1.0;5.0;45,68688222;4,86796407;
202300029074.0;1;33;33162;1;1;1.0;3.0;44,86237000; -0,65703000;
202300029075.0;1;37;37261;2;4;1.0;3.0;47,41217000;0,70001000;
202300029076.0;2;37;37122;1;1;1.0;5.0;47,34465818;0,64632654;
202300029077.0;5;34;34172;2;1;1.0;7.0;43,58307000;3,88710000;
202300029078.0;1;34;34003;2;1;1.0;5.0;43,29872000;3,47765000;
202300029079.0;1;33;33069;2;2;1.0;3.0;44,85705000; -0,59111000;
202300029080.0;1;33;33200;2;6;1.0;3.0;44,87780000; -0,67713000;
202300029081.0;1;33;33063;2;3;1.0;3.0;44,86199724; -0,55604607;
202300029082.0;1;31;31555;1;1;1.0;2.0;43,56705000;1,48216000;
202300029083.0;1;31;31483;2;6;1.0;3.0;43,09515000;0,73609000;
202300029084.0;1;30;30189;2;1;1.0;3.0;43,82331000;4,36769000;
202300029085.0;1;30;30189;2;2;1.0;3.0;43,83720000;4,36630000;
202300029086.0;2;30;30007;2;6;1.0;3.0;44,14584000;4,10096000;
202300029087.0;1;30;30007;2;1;1.0;2.0;44,13875000;4,08534000;
202300029088.0;1;29;29232;2;2;1.0;6.0;47,99352000; -4,10580000;
202300029089.0;5;29;29019;2;3;1.0;3.0;48,38839489; -4,51576978;
202300029090.0;1;27;27681;2;1;1.0;3.0;49,08129000;1,48410000;
202300029091.0;1;22;22113;2;3;1.0;3.0;48,74203400; -3,47424300;
202300029092.0;1;19;19031;2;6;1.0;3.0;45,14464000;1,47591000;
202300029093.0;1;15;15014;2;1;1.0;6.0;44,92230000;2,42771000;
202300029094.0;1;15;15014;2;1;1.0;3.0;44,91930000;2,42842000;
202300029095.0;5;15;15014;2;1;1.0;6.0;44,92992000;2,44705000;
202300029096.0;5;14;14069;2;1;1.0;7.0;49,13085000;0,25827000;
202300029097.0;1;14;14118;2;1;1.0;2.0;49,18307200; -0,38723400;
202300029098.0;1;13;13213;2;9;1.0;6.0;43,33430000;5,45454000;
202300029099.0;1;13;13005;2;1;1.0;1.0;43,29700000;5,56860000;
202300029100.0;1;12;12202;2;1;1.0;6.0;44,35852000;2,55699000;
202300029101.0;2;10;10325;2;2;1.0;1.0;48,26305000;4,05908000;
202300029102.0;1;10;10081;2;1;1.0;4.0;48,31608000;4,06240000;
202300029103.0;1;10;10387;2;3;1.0;3.0;48,28328000;4,07888000;
202300029104.0;1;07;07281;2;1;1.0;3.0;44,94862000;4,84538000;
202300029105.0;1;06;06083;2;2;1.0;6.0;43,77310000;7,49565000;
202300029106.0;1;06;06029;2;9;1.0;3.0;43,55506000;7,00839000;
202300029107.0;1;06;06030;2;1;1.0;6.0;43,57553000;7,01691000;
202300029108.0;1;04;04070;2;1;1.0;7.0;44,08159000;6,22268000;
202300029109.0;5;03;03190;2;3;1.0;3.0;46,56608000;3,33721000;
202300029110.0;3;02;02212;1;1;1.0;1.0;49,63188000;3,27725000;
202300029111.0;5;75;75116;2;1;1.0;4.0;48,87290600;2,27444700;
202300029112.0;5;75;75113;2;4;1.0;2.0;48,81611400;2,36252300;
202300029113.0;1;75;75120;2;4;1.0;6.0;48,86347600;2,39958000;
202300029114.0;1;75;75119;2;2;1.0;6.0;48,88646800;2,36935500;
202300029115.0;1;75;75116;2;7;1.0;3.0;48,86453000;2,30130100;
202300029116.0;1;75;75114;2;4;1.0;7.0;48,83922300;2,33061600;
202300029117.0;1;75;75114;2;2;1.0;7.0;48,82323743;2,32553959;
202300029118.0;1;75;75113;2;9;1.0;3.0;48,82574300;2,36302100;
202300029119.0;1;75;75112;2;1;1.0;3.0;48,84389000;2,37316300;
202300029120.0;1;75;75112;2;1;1.0;3.0;48,83621800;2,40475900;
202300029121.0;5;75;75111;2;1;1.0;3.0;48,86600500;2,37885100;
202300029122.0;2;75;75109;2;2;1.0;3.0;48,88327000;2,34692000;
202300029123.0;1;75;75108;2;1;1.0;6.0;48,88015100;2,30778000;
202300029124.0;1;75;75108;2;7;1.0;1.0;48,86421248;2,30180740;
202300029125.0;1;75;75107;2;3;1.0;2.0;48,84883200;2,31142000;
202300029126.0;1;75;75104;2;2;1.0;5.0;48,85206900;2,36544200;
202300029127.0;1;75;75101;2;2;1.0;6.0;48,85963200;2,34481000;
202300029128.0;1;75;75101;2;3;1.0;3.0;48,86246900;2,35043700;
202300029129.0;1;75;75103;2;2;1.0;6.0;48,86684400;2,36190900;
202300029130.0;5;94;94081;2;1;1.0;3.0;48,79651400;2,39853600;
202300029131.0;1;94;94078;2;9;1.0;3.0;48,75403400;2,44869938;
202300029132.0;1;94;94028;1;1;1.0;2.0;48,77765900;2,43859700;
202300029133.0;1;94;94068;2;1;1.0;6.0;48,81242400;2,47294800;
202300029134.0;1;94;94054;2;2;1.0;3.0;48,74946000;2,40649000;
202300029135.0;5;94;94018;2;6;1.0;6.0;48,81840000;2,41098000;
202300029136.0;5;94;94071;2;3;1.0;6.0;48,77498000;2,52548000;
202300029137.0;1;93;93078;2;1;1.0;6.0;48,96271000;2,51660000;
202300029138.0;1;93;93073;2;1;1.0;4.0;48,98068471;2,53191924;
202300029139.0;5;93;93007;2;3;1.0;6.0;48,94373200;2,45145300;
202300029140.0;5;93;93071;2;3;1.0;3.0;48,94228000;2,53269000;
202300029141.0;1;93;93051;2;2;1.0;3.0;48,83189400;2,58404500;
202300029142.0;3;93;93008;2;6;1.0;3.0;48,90953400;2,44569300;
202300029143.0;1;92;92078;1;1;1.0;1.0;48,93888000;2,32686000;
202300029144.0;5;92;92072;2;9;1.0;7.0;48,82382901;2,20884025;
202300029145.0;1;92;92064;2;1;1.0;6.0;48,84382012;2,21857872;
202300029146.0;1;92;92063;2;1;7.0;6.0;48,86782629;2,19519585;
202300029147.0;1;92;92051;2;1;1.0;3.0;48,89398568;2,26802149;
202300029148.0;1;92;92049;2;1;1.0;6.0;48,81422025;2,31574394;
202300029149.0;1;92;92036;2;3;1.0;5.0;48,93377574;2,31337667;
202300029150.0;1;92;92024;2;1;1.0;2.0;48,89999000;2,30614000;
202300029151.0;1;92;92019;2;3;1.0;3.0;48,76552798;2,26040125;
202300029152.0;1;92;92007;2;1;1.0;2.0;48,78525992;2,31013656;
202300029153.0;1;17;17094;2;6;1.0;3.0;46,07687800; -1,08807600;
202300029154.0;3;36;36097;2;1;1.0;3.0;47,02692317;1,75692953;
202300029155.0;1;76;76392;2;2;7.0;6.0;49,83379900;1,40133600;
202300029156.0;3;21;21614;1;1;1.0;6.0;47,43243475;5,16783661;
202300029157.0;1;84;84149;2;1;1.0;3.0;44,16878700;4,96058900;
202300029158.0;1;01;01398;1;1;1.0;6.0;46,00580800;4,86701800;
202300029159.0;1;71;71336;2;1;1.0;1.0;46,71777500;4,95181500;
202300029160.0;5;30;30312;2;1;1.0;7.0;44,02456400;4,79700200;
202300029161.0;1;62;62230;1;1;1.0;6.0;50,75720465;1,79297036;
202300029162.0;1;19;19094;1;4;1.0;1.0;45,32507100;1,31904600;
202300029163.0;1;2B;2B346;2;1;1.0;1.0;42,50225600;9,46440000;
202300029164.0;1;19;19274;1;1;1.0;6.0;45,18799366;1,49089204;
202300029165.0;1;82;82010;1;2;1.0;3.0;44,03463592;0,90830255;
202300029166.0;1;89;89267;2;1;1.0;6.0;47,54182400;4,03594700;
202300029167.0;1;63;63122;1;1;1.0;7.0;45,50263553;3,03529342;
202300029168.0;1;22;22079;1;1;1.0;6.0;48,39610000; -2,72338600;
202300029169.0;1;35;35187;1;4;1.0;1.0;48,07845700; -1,96050200;
202300029170.0;1;02;02284;1;1;1.0;6.0;49,93025000;3,84458200;
202300029171.0;2;15;15261;1;1;1.0;3.0;45,19958200;2,37968500;
202300029172.0;3;54;54295;1;1;1.0;7.0;49,30792920;5,81445515;
202300029173.0;1;06;06073;1;1;7.0;7.0;44,19405100;7,13577000;
202300029174.0;1;14;14410;1;1;1.0;7.0;49,12043467; -0,07695497;
202300029175.0;1;14;14739;1;1;1.0;6.0;49,32790500; -0,52412500;
202300029176.0;2;64;64448;1;1;1.0;1.0;43,34544800; -0,47585100;
202300029177.0;1;07;07011;1;1;1.0;7.0;44,73071400;4,35153000;
202300029178.0;1;24;24141;1;1;1.0;6.0;45,33947700;0,39931700;
202300029179.0;1;04;04088;2;9;1.0;6.0;43,95961100;5,78183900;
202300029180.0;1;85;85213;1;3;1.0;7.0;46,59500800; -1,38530700;
202300029181.0;1;17;17483;1;2;7.0;1.0;46,01593300; -1,04961500;
202300029182.0;1;37;37130;1;2;1.0;3.0;47,03614600;0,84974500;
202300029183.0;1;31;31120;1;1;1.0;1.0;43,67285800;1,12026800;
202300029184.0;1;69;69244;2;2;1.0;3.0;45,76600700;4,78380600;
202300029185.0;1;987;98715;2;1;1.0;2.0; -17,58402000; -149,56000000;
202300029186.0;1;77;77020;1;1;1.0;6.0;48,69256100;3,19854500;
202300029187.0;1;971;97117;1;1;1.0;3.0;16,30946700; -61,38654300;
202300029188.0;1;45;45242;1;1;1.0;7.0;47,86813500;2,71954500;
202300029189.0;4;77;77521;2;1;1.0;1.0;48,85969800;2,88085900;
202300029190.0;2;83;83035;2;1;8.0;7.0;43,18099300;5,77652600;
202300029191.0;1;83;83065;2;1;1.0;1.0;43,26356200;6,61078200;
202300029192.0;1;13;13101;2;1;1.0;6.0;43,40581800;5,52885800;
202300029193.0;1;73;73050;1;1;1.0;6.0;45,68229600;5,85091600;
202300029194.0;1;73;73249;1;1;1.0;6.0;45,52692300;5,99270900;
202300029195.0;1;42;42296;1;2;1.0;3.0;45,73215700;4,28836900;
202300029196.0;2;38;38276;2;1;1.0;3.0;45,56017300;5,30523200;
202300029197.0;1;26;26380;1;1;1.0;3.0;45,11216476;4,82534771;
202300029198.0;1;26;26313;2;1;7.0;6.0;44,97070000;4,95479100;
202300029199.0;1;17;17400;2;2;1.0;3.0;45,69635600; -0,52845400;
202300029200.0;5;86;86062;2;1;1.0;1.0;46,63777900;0,35795000;
202300029201.0;3;49;49332;1;1;1.0;3.0;47,09361300; -0,92209000;
202300029202.0;1;44;44026;1;1;1.0;3.0;47,28865000; -1,47818100;
202300029203.0;1;22;22118;1;4;7.0;3.0;48,45837500; -2,02199700;
202300029204.0;3;60;60671;1;1;1.0;6.0;49,16007139;2,81801409;
202300029205.0;3;59;59558;1;1;1.0;6.0;50,24151000;3,45948100;
202300029206.0;1;13;13214;1;1;1.0;3.0;43,33375937;5,37746625;
202300029207.0;1;13;13212;1;1;1.0;2.0;43,30355324;5,42537431;
202300029208.0;1;01;01249;1;1;1.0;3.0;45,81587000;4,96709000;
202300029209.0;3;57;57039;1;1;1.0;6.0;49,07503000;6,11115000;
202300029210.0;5;94;94065;1;1;1.0;5.0;48,75485637;2,34650229;
202300029211.0;1;91;91136;1;1;1.0;2.0;48,71477000;2,26684000;
202300029212.0;1;94;94038;1;1;1.0;2.0;48,77730361;2,34638358;
202300029213.0;1;91;91689;1;1;1.0;2.0;48,72736000;2,31373000;
202300029214.0;1;91;91659;1;1;1.0;2.0;48,58101000;2,45971000;
202300029215.0;1;92;92002;1;1;1.0;3.0;48,76321419;2,31082028;
202300029216.0;2;94;94038;1;1;1.0;4.0;48,78358086;2,34675599;
202300029217.0;1;91;91434;1;1;1.0;3.0;48,66812000;2,35461000;
202300029218.0;1;91;91377;2;1;1.0;7.0;48,71905000;2,29925000;
202300029219.0;3;91;91434;1;1;1.0;2.0;48,66838000;2,35398000;
202300029220.0;2;92;92036;1;1;1.0;2.0;48,93513721;2,26665421;
202300029221.0;1;78;78402;1;1;1.0;2.0;48,96443600;1,79733600;
202300029222.0;1;78;78672;1;1;1.0;2.0;48,93015800;1,98351900;
202300029223.0;1;92;92047;1;1;1.0;3.0;48,83469779;2,17151041;
202300029224.0;1;92;92060;1;1;1.0;3.0;48,77531057;2,23927949;
202300029225.0;3;92;92025;1;9;1.0;5.0;48,92210032;2,22649712;
202300029226.0;1;95;95555;1;1;1.0;5.0;48,97143000;2,27607000;
202300029227.0;1;95;95018;1;1;2.0;6.0;48,95150621;2,28003055;
202300029228.0;1;95;95582;1;1;1.0;2.0;48,96395000;2,26747000;
202300029229.0;3;93;93064;1;1;1.0;3.0;48,86737315;2,48181211;
202300029230.0;1;77;77373;1;1;1.0;6.0;48,77395173;2,61204393;
202300029231.0;5;19;19031;2;1;1.0;6.0;45,16481158;1,51811809;
202300029232.0;1;28;28023;1;1;2.0;6.0;48,51745400;1,68036600;
202300029233.0;1;13;13215;1;1;8.0;2.0;43,37990000;5,35355000;
202300029234.0;3;75;75116;2;1;1.0;6.0;48,86139400;2,29276700;
202300029235.0;1;75;75115;2;3;1.0;7.0;48,83971000;2,28314700;
202300029236.0;2;75;75114;2;2;1.0;6.0;48,82278600;2,32660600;
202300029237.0;2;75;75111;2;3;1.0;6.0;48,85328800;2,37025100;
202300029238.0;1;75;75110;2;2;1.0;2.0;48,88161600;2,36579700;
202300029239.0;5;75;75110;2;1;1.0;3.0;48,86961100;2,36700000;
202300029240.0;5;75;75109;2;5;1.0;3.0;48,87963400;2,32704200;
202300029241.0;3;75;75107;2;1;1.0;3.0;48,85208100;2,30763000;
202300029242.0;2;94;94081;2;1;1.0;7.0;48,78078900;2,39067400;
202300029243.0;1;94;94015;2;1;1.0;7.0;48,83242700;2,52502900;
202300029244.0;1;94;94076;2;9;1.0;6.0;48,78567000;2,36682300;
202300029245.0;5;94;94041;2;9;1.0;3.0;48,81122000;2,38402000;
202300029246.0;5;94;94034;2;1;1.0;2.0;48,76333000;2,33381000;
202300029247.0;1;94;94073;1;1;1.0;3.0;48,75552000;2,37348000;
202300029248.0;2;94;94033;2;1;1.0;6.0;48,84380000;2,46500000;
202300029249.0;1;94;94073;2;8;1.0;6.0;48,76690945;2,40374560;
202300029250.0;1;93;93070;2;5;1.0;3.0;48,91295000;2,33522000;
202300029251.0;1;93;93048;2;2;1.0;3.0;48,87811549;2,45750144;
202300029252.0;5;93;93079;2;1;1.0;6.0;48,95199373;2,34306222;
202300029253.0;1;93;93031;2;5;1.0;3.0;48,95726000;2,30994000;
202300029254.0;1;93;93031;2;9;1.0;3.0;48,95896000;2,30680200;
202300029255.0;2;93;93031;2;3;1.0;3.0;48,96210400;2,31095900;
202300029256.0;5;93;93001;2;3;1.0;3.0;48,91072200;2,38516100;
202300029257.0;5;92;92073;2;1;1.0;2.0;48,86774519;2,22179747;
202300029258.0;1;92;92064;2;1;1.0;7.0;48,85564518;2,22110831;
202300029259.0;5;92;92051;2;1;1.0;2.0;48,89331722;2,26794809;
202300029260.0;1;92;92036;2;9;1.0;6.0;48,93291000;2,29947000;
202300029261.0;1;92;92025;2;3;1.0;3.0;48,91039542;2,23438912;
202300029262.0;2;92;92024;1;2;1.0;3.0;48,90844466;2,30020112;
202300029263.0;1;92;92019;2;1;1.0;6.0;48,75877000;2,27011000;
202300029264.0;1;60;60229;1;2;1.0;3.0;49,38236906;2,68849075;
202300029265.0;1;24;24550;1;1;1.0;6.0;45,15895200;1,04788500;
202300029266.0;2;60;60201;1;1;7.0;6.0;49,59830600;2,54357100;
202300029267.0;1;01;01427;2;6;1.0;6.0;45,94041100;4,76942900;
202300029268.0;3;68;68253;1;1;1.0;6.0;47,78768600;7,51730900;
202300029269.0;2;83;83019;1;3;1.0;3.0;43,15114500;6,31511100;
202300029270.0;1;2A;2A006;1;1;1.0;1.0;41,97463100;8,78101600;
202300029271.0;1;82;82079;1;2;1.0;3.0;43,89859700;1,35922000;
202300029272.0;1;49;49003;1;1;1.0;2.0;47,28596900; -0,36716200;
202300029273.0;1;12;12069;1;1;1.0;2.0;43,87874000;2,72288200;
202300029274.0;1;12;12215;1;1;1.0;1.0;44,48356300;2,40081300;
202300029275.0;3;42;42287;1;1;1.0;7.0;45,31013400;4,52267600;
202300029276.0;1;34;34187;2;9;1.0;6.0;43,55343100;2,90496100;
202300029277.0;1;03;03220;1;1;1.0;6.0;46,15090300;3,14538900;
202300029278.0;1;03;03093;1;1;1.0;1.0;46,18223000;3,47033900;
202300029279.0;3;77;77514;1;1;1.0;2.0;48,94303000;2,62851000;
202300029280.0;3;26;26005;1;1;1.0;1.0;44,50933800;4,77803300;
202300029281.0;1;973;97302;2;1;1.0;3.0;4,93677651; -52,29718566;
202300029282.0;1;06;06108;2;1;1.0;1.0;43,58522100;6,94164800;
202300029283.0;1;973;97302;2;1;1.0;3.0;4,94341000; -52,30691000;
202300029284.0;1;45;45329;1;2;1.0;3.0;47,91928300;2,97283400;
202300029285.0;1;973;97302;2;6;1.0;7.0;4,93336000; -52,30942000;
202300029286.0;1;43;43165;1;1;1.0;7.0;45,14142400;4,00283200;
202300029287.0;1;973;97302;1;1;1.0;2.0;4,89809000; -52,32746000;
202300029288.0;1;36;36188;1;1;6.0;6.0;47,02951400;1,17450700;
202300029289.0;3;40;40046;2;6;1.0;7.0;44,44915700; -1,24795100;
202300029290.0;1;973;97302;2;2;1.0;3.0;4,93099000; -52,31330000;
202300029291.0;1;973;97302;2;1;1.0;6.0;4,92794000; -52,31392000;
202300029292.0;1;24;24499;1;9;1.0;1.0;44,88406500;0,56879500;
202300029293.0;1;27;27044;1;1;2.0;7.0;48,96513200;1,13826000;
202300029294.0;1;69;69387;2;2;1.0;3.0;45,74869000;4,85796000;
202300029295.0;1;973;97309;1;1;1.0;1.0;4,87618500; -52,29934200;
202300029296.0;1;69;69388;2;3;1.0;6.0;45,73404000;4,85335000;
202300029297.0;1;39;39030;1;1;8.0;1.0;47,11772500;5,49560600;
202300029298.0;5;69;69388;2;1;4.0;6.0;45,74034000;4,88797000;
202300029299.0;1;987;98738;1;1;1.0;6.0; -17,61800000; -149,54900000;
202300029300.0;2;69;69383;2;5;1.0;6.0;45,75632000;4,84646000;
202300029301.0;5;972;97213;1;1;1.0;6.0;14,59709000; -60,99799000;
202300029302.0;1;64;64290;1;1;1.0;3.0;43,38624400; -0,53055200;
202300029303.0;5;69;69389;2;1;1.0;2.0;45,76191000;4,80597000;