Num_Acc;lum;departement;commune;agglomeration;intersection;meteo;type_collision;lat;long;date
202300029304.0;1;38;38173;1;1;1.0;6.0;45,04260700;6,12131600;
202300029305.0;1;2B;2B033;2;1;8.0;2.0;42,68024000;9,44355000;
202300029306.0;1;63;63272;1;1;1.0;6.0;45,73498792;3,15282162;
202300029307.0;1;34;34095;1;1;1.0;6.0;43,54334200;3,79115200;
202300029308.0;4;971;97113;1;1;1.0;2.0;16,21679000; -61,51826000;
202300029309.0;3;13;13058;1;1;1.0;1.0;43,75145900;4,83053000;
202300029310.0;1;24;24486;1;1;2.0;1.0;45,56424000;0,97659200;
202300029311.0;1;68;68118;2;1;1.0;1.0;47,73925500;7,41586300;
202300029312.0;1;88;88160;2;2;1.0;6.0;48,17591468;6,44299777;
202300029313.0;1;38;38029;1;1;1.0;2.0;45,56730900;5,54251700;
202300029314.0;1;34;34202;1;2;1.0;2.0;43,58582900;3,78959900;
202300029315.0;5;78;78350;2;1;1.0;1.0;48,84777000;2,10878000;
202300029316.0;3;988;98811;1;1;1.0;1.0; -21,04865800;164,91178000;
202300029317.0;5;78;78498;2;2;1.0;3.0;48,92642600;2,03849400;
202300029318.0;3;44;44020;1;1;1.0;2.0;47,15782652; -1,63125515;
202300029319.0;5;76;76319;2;9;1.0;3.0;49,34777600;0,99179000;
202300029320.0;1;37;37072;2;1;2.0;3.0;47,15319700;0,23604500;
202300029321.0;1;91;91405;2;6;2.0;7.0;48,41094800;2,46607700;
202300029322.0;2;76;76231;1;1;1.0;4.0;49,27225000;0,99095000;
202300029323.0;5;71;71306;2;2;1.0;3.0;46,68242761;4,36217440;
202300029324.0;1;34;34299;2;3;1.0;3.0;43,27791600;3,26988100;
202300029325.0;1;05;05118;1;1;1.0;7.0;44,26235900;5,82241100;
202300029326.0;1;69;69264;2;1;2.0;3.0;45,98910000;4,72849000;
202300029327.0;5;62;62457;2;1;2.0;6.0;50,46376000;2,54126000;
202300029328.0;1;13;13073;1;3;1.0;7.0;43,39591100;5,58431600;
202300029329.0;1;59;59350;2;2;9.0;3.0;50,63020000;3,00375000;
202300029330.0;1;13;13004;1;1;1.0;1.0;43,58308000;4,45257400;
202300029331.0;1;56;56162;2;6;1.0;3.0;47,74105000; -3,40645000;
202300029332.0;1;67;67160;1;1;8.0;7.0;48,97843100;7,76953100;
202300029333.0;1;56;56162;2;6;7.0;6.0;47,73224200; -3,42806100;
202300029334.0;1;88;88196;2;1;1.0;3.0;48,07647300;6,87734500;
202300029335.0;1;51;51454;2;6;1.0;6.0;49,28816000;4,02350000;
202300029336.0;1;88;88028;1;1;8.0;7.0;48,15611600;6,56536100;
202300029337.0;1;51;51454;2;6;8.0;6.0;49,24655000;4,06225000;
202300029338.0;4;63;63263;2;1;1.0;6.0;45,78565200;3,01606600;
202300029339.0;3;49;49099;1;6;8.0;6.0;47,03095000; -0,91118000;
202300029340.0;1;73;73013;1;1;8.0;6.0;45,22786603;6,33488238;
202300029341.0;1;38;38148;1;1;1.0;1.0;45,60673500;5,46608400;
202300029342.0;1;49;49007;2;1;1.0;3.0;47,46690000; -0,56751000;
202300029343.0;5;47;47001;2;1;1.0;6.0;44,20680000;0,62075000;
202300029344.0;1;07;07071;1;4;1.0;3.0;44,78293200;3,95883300;
202300029345.0;1;47;47001;2;1;1.0;6.0;44,20647000;0,61325000;
202300029346.0;1;50;50041;1;1;2.0;6.0;49,63935100; -1,75039100;
202300029347.0;1;47;47032;2;1;1.0;2.0;44,18630000;0,67430000;
202300029348.0;1;14;14047;2;1;1.0;6.0;49,27906400; -0,70748100;
202300029349.0;1;37;37122;2;3;1.0;6.0;47,34696000;0,66548000;
202300029350.0;1;22;22210;2;1;1.0;6.0;48,79959790; -3,00549924;
202300029351.0;1;35;35051;2;2;1.0;3.0;48,13073000; -1,61362000;
202300029352.0;3;22;22210;1;1;1.0;6.0;48,78947800; -3,04935500;
202300029353.0;4;35;35115;2;1;1.0;6.0;48,35553000; -1,20782000;
202300029354.0;1;83;83090;1;1;1.0;6.0;43,12619323;5,82460889;
202300029355.0;5;33;33063;2;2;5.0;3.0;44,86007000; -0,55410000;
202300029356.0;1;29;29051;2;1;1.0;7.0;48,02831000; -4,02248000;
202300029357.0;1;33;33063;1;1;1.0;3.0;44,88289745; -0,55221319;
202300029358.0;5;29;29019;2;6;1.0;1.0;48,41481000; -4,47871000;
202300029359.0;1;29;29019;2;1;1.0;2.0;48,41384597; -4,48000968;
202300029360.0;1;33;33192;1;1;1.0;3.0;44,78307378; -0,63272238;
202300029361.0;5;29;29019;2;2;1.0;3.0;48,40738000; -4,48976000;
202300029362.0;2;33;33281;1;1;1.0;2.0;44,84384834; -0,67293942;
202300029363.0;5;92;92072;1;1;3.0;6.0;48,82721274;2,22437440;
202300029364.0;1;22;22360;2;6;1.0;3.0;48,49349000; -2,73784000;
202300029365.0;5;92;92025;1;1;1.0;6.0;48,93542176;2,26058310;
202300029366.0;1;18;18205;2;3;8.0;1.0;47,10475000;2,39011000;
202300029367.0;1;93;93078;1;1;8.0;6.0;48,96315000;2,52240000;
202300029368.0;1;93;93066;1;1;1.0;6.0;48,90633853;2,35831511;
202300029369.0;5;13;13201;2;3;1.0;3.0;43,30123000;5,38789000;
202300029370.0;5;13;13209;2;1;1.0;7.0;43,23415007;5,41182563;
202300029371.0;3;95;95572;1;1;2.0;2.0;49,03246000;2,11034000;
202300029372.0;1;13;13213;2;9;1.0;3.0;43,33484000;5,42032000;
202300029373.0;2;13;13047;2;1;6.0;6.0;43,49720000;4,98083000;
202300029374.0;3;93;93064;1;1;3.0;5.0;48,88505000;2,47150000;
202300029375.0;2;13;13028;2;1;1.0;2.0;43,19034115;5,63738962;
202300029376.0;1;95;95582;1;1;2.0;6.0;48,96459000;2,27001000;
202300029377.0;1;92;92036;1;1;2.0;6.0;48,94920532;2,28069842;
202300029378.0;3;13;13001;1;1;1.0;7.0;43,56275000;5,46920000;
202300029379.0;1;06;06069;2;1;1.0;6.0;43,64889000;6,91903000;
202300029380.0;1;93;93078;1;1;1.0;4.0;48,96764117;2,51079814;
202300029381.0;1;75;75104;2;3;1.0;2.0;48,85413700;2,35579600;
202300029382.0;3;95;95277;1;1;1.0;6.0;48,97211000;2,48444000;
202300029383.0;1;75;75114;2;1;1.0;1.0;48,83597700;2,31536700;
202300029384.0;1;94;94073;1;1;3.0;3.0;48,77151333;2,39201701;
202300029385.0;5;75;75119;2;4;2.0;6.0;48,90038417;2,37683952;
202300029386.0;1;74;74010;2;9;1.0;2.0;45,91193000;6,12830000;
202300029387.0;1;75;75119;2;7;1.0;6.0;48,90079300;2,38698100;
202300029388.0;1;74;74010;2;1;1.0;6.0;45,91201000;6,13148000;
202300029389.0;1;75;75119;2;1;1.0;6.0;48,87863000;2,37216100;
202300029390.0;1;74;74298;2;1;1.0;1.0;46,19081000;6,25802000;
202300029391.0;5;75;75112;2;2;1.0;3.0;48,84803800;2,39283200;
202300029392.0;5;74;74010;2;2;1.0;6.0;45,91159000;6,12144000;
202300029393.0;1;93;93070;2;1;1.0;1.0;48,90406300;2,32908200;
202300029394.0;1;93;93051;2;1;8.0;1.0;48,84448520;2,54182488;
202300029395.0;1;74;74010;1;1;1.0;5.0;45,90059000;6,10805000;
202300029396.0;5;92;92012;2;1;1.0;2.0;48,83333000;2,24318000;
202300029397.0;1;74;74010;2;2;1.0;3.0;45,90301000;6,12945000;
202300029398.0;1;92;92012;2;1;1.0;3.0;48,83935000;2,23754000;
202300029399.0;1;09;09261;2;6;8.0;6.0;42,98036300;1,14399700;
202300029400.0;1;91;91648;1;1;1.0;1.0;48,57154000;2,36544300;
202300029401.0;1;95;95205;2;1;1.0;6.0;49,02074100;2,38388300;
202300029402.0;1;974;97416;2;1;1.0;3.0; -21,33509000;55,47092000;
202300029403.0;1;972;97213;1;1;1.0;2.0;14,61208000; -60,99506000;
202300029404.0;1;22;22206;1;1;1.0;5.0;48,55887200; -2,99924600;
202300029405.0;5;972;97213;1;1;1.0;5.0;14,59606000; -60,99085000;
202300029406.0;1;57;57437;1;1;1.0;1.0;49,41082428;6,31035805;
202300029407.0;1;972;97209;1;1;1.0;6.0;14,64778000; -61,05978000;
202300029408.0;3;81;81059;1;1;1.0;6.0;43,88176000;2,09976100;
202300029409.0;5;971;97120;2;9;2.0;6.0;16,24078000; -61,53470000;
202300029410.0;1;972;97221;1;1;1.0;6.0;14,52969900; -60,98299400;
202300029411.0;1;67;67253;1;1;1.0;6.0;48,64666200;7,52825300;
202300029412.0;5;971;97101;2;3;1.0;3.0;16,27598000; -61,50185000;
202300029413.0;2;974;97414;2;1;3.0;6.0; -21,28853000;55,41117100;
202300029414.0;3;62;62307;1;1;1.0;6.0;50,91810300;1,71341700;
202300029415.0;1;2A;2A004;2;1;1.0;1.0;41,90771000;8,68075000;
202300029416.0;3;971;97132;1;1;1.0;6.0;15,99831600; -61,63960900;
202300029417.0;5;01;01033;2;3;8.0;6.0;46,12255900;5,81305000;
202300029418.0;5;95;95210;2;2;1.0;1.0;48,96426000;2,31341000;
202300029419.0;1;84;84099;1;2;1.0;3.0;43,86311000;5,08843200;
202300029420.0;1;91;91570;2;1;1.0;6.0;48,63658700;2,32163700;
202300029421.0;2;26;26295;1;1;8.0;1.0;45,17713200;4,85697100;
202300029422.0;5;91;91687;2;1;2.0;4.0;48,66847000;2,37696000;
202300029423.0;2;68;68156;2;3;4.0;3.0;47,89729400;7,23059400;
202300029424.0;1;91;91027;2;1;8.0;6.0;48,70610000;2,39427000;
202300029425.0;2;86;86066;1;1;8.0;7.0;46,83153300;0,52208600;
202300029426.0;1;86;86066;2;6;3.0;1.0;46,81137500;0,54382000;
202300029427.0;1;44;44149;1;1;1.0;6.0;47,50057200; -1,58927900;
202300029428.0;2;83;83090;2;1;1.0;6.0;43,13527663;5,85595858;
202300029429.0;3;50;50601;1;1;1.0;1.0;48,99180600; -0,92265800;
202300029430.0;3;85;85153;1;9;2.0;6.0;46,78342000; -1,02667000;
202300029431.0;1;67;67405;1;1;1.0;7.0;48,83290670;8,04422379;
202300029432.0;1;63;63178;1;1;4.0;6.0;45,56599400;3,25025300;
202300029433.0;1;76;76351;2;3;1.0;6.0;49,50650000;0,09996000;
202300029434.0;3;36;36026;1;1;8.0;4.0;46,91020438;1,73742319;
202300029435.0;1;66;66136;2;1;1.0;3.0;42,70206000;2,89331000;
202300029436.0;3;12;12115;1;1;6.0;6.0;43,97594300;3,19634000;
202300029437.0;5;69;69100;2;6;2.0;1.0;45,69279300;4,82770300;
202300029438.0;1;66;66136;2;6;1.0;3.0;42,68362000;2,86271000;
202300029439.0;1;31;31157;2;1;1.0;3.0;43,55311700;1,35674500;
202300029440.0;1;64;64102;2;6;1.0;3.0;43,49106000; -1,45332000;
202300029441.0;1;57;57163;1;1;4.0;6.0;48,67948600;7,19690300;
202300029442.0;2;63;63019;2;1;1.0;6.0;45,79673000;3,16686000;
202300029443.0;3;51;51007;1;1;1.0;1.0;49,08487800;4,17284100;
202300029444.0;1;59;59485;1;1;8.0;6.0;50,16998500;3,42335700;
202300029445.0;1;62;62757;1;1;7.0;1.0;50,74682000;2,23139000;
202300029446.0;3;19;19138;1;1;2.0;7.0;45,03283400;1,67228200;
202300029447.0;1;61;61077;1;3;2.0;3.0;48,44450000;0,11160000;
202300029448.0;1;56;56169;1;6;7.0;3.0;47,70617700; -3,21944650;
202300029449.0;3;56;56078;1;9;1.0;6.0;47,80877000; -3,46003000;
202300029450.0;1;60;60382;2;6;1.0;3.0;49,42041457;2,80919015;
202300029451.0;3;56;56162;2;1;1.0;7.0;47,73757000; -3,40035000;
202300029452.0;1;50;50129;2;1;1.0;2.0;49,64871000; -1,64397000;
202300029453.0;1;24;24229;1;3;1.0;3.0;45,14083800;1,19612600;
202300029454.0;5;50;50129;2;1;1.0;6.0;49,64929000; -1,65413000;
202300029455.0;1;80;80275;1;1;7.0;1.0;50,03944000;3,01324200;
202300029456.0;1;45;45302;2;6;2.0;5.0;47,95595201;1,84663653;
202300029457.0;3;80;80575;1;1;1.0;1.0;49,92680300;1,73459500;
202300029458.0;2;69;69165;2;2;5.0;3.0;46,13539700;4,64188500;
202300029459.0;1;35;35238;2;3;3.0;3.0;48,10740000; -1,67458000;
202300029460.0;3;32;32286;1;1;8.0;6.0;43,80395700;0,64218500;
202300029461.0;1;33;33249;2;6;1.0;6.0;44,87350000; -0,52876000;
202300029462.0;2;32;32462;2;1;1.0;7.0;43,76964900;0,30223700;
202300029463.0;3;32;32334;1;1;4.0;6.0;43,58601800;1,17635300;
202300029464.0;4;30;30007;2;6;1.0;3.0;44,13971000;4,08753000;
202300029465.0;1;71;71263;2;1;1.0;1.0;46,63361400;5,21696600;
202300029466.0;2;29;29232;2;1;1.0;6.0;47,98145316; -4,12027374;
202300029467.0;2;61;61302;1;1;1.0;6.0;48,84811100;0,12690000;
202300029468.0;1;29;29232;2;9;3.0;7.0;48,00335100; -4,08358400;
202300029469.0;2;86;86131;1;1;1.0;5.0;46,42922900;0,61501700;
202300029470.0;3;55;55489;1;4;1.0;6.0;49,14582600;5,27275100;
202300029471.0;1;29;29019;2;1;2.0;6.0;48,42100107; -4,50846612;
202300029472.0;1;49;49003;1;1;1.0;7.0;47,24014200; -0,36701200;
202300029473.0;1;28;28404;2;1;2.0;7.0;48,73134000;1,32612000;
202300029474.0;3;12;12215;1;1;1.0;3.0;44,46074800;2,42073700;
202300029475.0;5;43;43040;2;1;1.0;6.0;45,28001300;3,39228600;
202300029476.0;2;27;27681;1;1;3.0;6.0;49,10312000;1,51028000;
202300029477.0;1;42;42026;1;1;1.0;1.0;46,13505255;4,09911751;
202300029478.0;5;25;25462;1;1;1.0;6.0;46,89999000;6,33600000;
202300029479.0;5;05;05161;2;1;1.0;6.0;44,94329600;6,56656800;
202300029480.0;5;42;42092;2;1;4.0;6.0;45,48473700;4,37922100;
202300029481.0;5;22;22278;2;1;1.0;6.0;48,50900000; -2,77200000;
202300029482.0;1;22;22278;2;6;1.0;3.0;48,49774000; -2,75330000;
202300029483.0;3;47;47052;2;3;1.0;1.0;44,31951300;0,09418000;
202300029484.0;5;974;97404;2;6;1.0;3.0; -21,26521000;55,33655800;
202300029485.0;1;15;15012;1;3;1.0;3.0;44,89040000;2,47436000;
202300029486.0;3;86;86086;1;1;8.0;6.0;46,81481400;0,70455700;
202300029487.0;1;30;30032;2;1;1.0;6.0;43,81075000;4,64720000;
202300029488.0;2;68;68135;2;3;1.0;7.0;47,56929300;7,51134100;
202300029489.0;3;13;13056;1;1;1.0;1.0;43,37809000;5,06460000;
202300029490.0;1;22;22158;1;2;1.0;3.0;48,20312000; -2,96585000;
202300029491.0;1;13;13026;2;1;1.0;1.0;43,39528000;5,12162000;
202300029492.0;2;972;97220;1;1;1.0;1.0;14,49481000; -60,89404100;
202300029493.0;3;25;25549;1;1;4.0;6.0;46,94384600;6,23424800;
202300029494.0;1;06;06069;2;1;1.0;3.0;43,64544000;6,93981000;
202300029495.0;1;38;38351;1;1;1.0;5.0;45,53804600;5,22877300;
202300029496.0;1;06;06027;2;1;1.0;6.0;43,66293600;7,15377400;
202300029497.0;5;85;85084;1;9;9.0;5.0;46,79380000; -1,19932000;
202300029498.0;1;06;06004;2;1;1.0;3.0;43,57071000;7,09239000;
202300029499.0;2;22;22339;1;1;1.0;6.0;48,47077300; -2,05557000;
202300029500.0;1;58;58121;1;1;1.0;1.0;47,04257300;3,12283200;
202300029501.0;1;75;75114;2;1;1.0;4.0;48,82027400;2,32439700;
202300029502.0;3;14;14431;1;1;1.0;6.0;49,08611169;0,01701763;
202300029503.0;1;50;50087;1;1;1.0;1.0;49,56039300; -1,61123500;
202300029504.0;1;84;84149;1;1;1.0;5.0;44,16470500;4,95409400;
202300029505.0;1;75;75114;2;3;2.0;6.0;48,82691300;2,32650900;
202300029506.0;2;83;83028;1;1;1.0;2.0;43,57420400;6,56474400;
202300029507.0;1;18;18175;1;1;1.0;6.0;46,92547300;2,77854700;
202300029508.0;1;75;75113;2;2;2.0;2.0;48,83224200;2,37978200;
202300029509.0;3;10;10220;1;1;1.0;1.0;48,50076100;3,79594800;
202300029510.0;1;59;59463;1;9;1.0;3.0;50,93259527;2,36963511;
202300029511.0;1;75;75113;2;1;2.0;3.0;48,81977700;2,37280800;
202300029512.0;1;07;07166;1;4;4.0;7.0;45,03045700;4,54585600;
202300029513.0;1;75;75109;2;1;2.0;6.0;48,87376300;2,34264800;
202300029514.0;1;34;34123;1;1;2.0;6.0;43,61573800;3,79815300;
202300029515.0;1;75;75114;2;2;1.0;3.0;48,83755100;2,32293600;
202300029516.0;5;24;24064;2;1;1.0;3.0;45,36458400;0,65273700;
202300029517.0;1;94;94015;2;1;2.0;1.0;48,84255300;2,51263000;
202300029518.0;1;24;24224;1;2;1.0;3.0;44,88055100;0,59983800;
202300029519.0;3;30;30295;1;1;1.0;6.0;44,07112200;4,44671600;
202300029520.0;1;94;94046;2;1;2.0;3.0;48,81422452;2,42910880;
202300029521.0;2;27;27426;1;1;7.0;1.0;49,28197500;1,74260900;
202300029522.0;2;83;83097;1;1;1.0;7.0;43,49222200;5,74209500;
202300029523.0;2;17;17347;2;9;4.0;6.0;45,94645900; -0,51831200;
202300029524.0;1;94;94041;2;3;2.0;6.0;48,81313000;2,38044000;
202300029525.0;1;76;76443;2;3;1.0;3.0;49,56315600;1,12580900;
202300029526.0;1;94;94016;2;1;1.0;6.0;48,79748700;2,32948500;
202300029527.0;3;48;48146;1;1;4.0;6.0;44,37993600;3,42176900;
202300029528.0;1;52;52140;1;1;1.0;7.0;48,22678100;4,91538900;
202300029529.0;3;94;94011;2;2;1.0;3.0;48,76644000;2,48470000;
202300029530.0;1;79;79066;1;1;1.0;2.0;46,48412900; -0,35592900;
202300029531.0;4;88;88304;2;1;3.0;6.0;48,30470800;6,13420600;
202300029532.0;1;13;13080;2;1;1.0;7.0;43,64757000;5,42179900;
202300029533.0;2;94;94073;2;9;8.0;3.0;48,76688800;2,40376200;
202300029534.0;5;94;94018;2;9;2.0;6.0;48,82137000;2,39949000;
202300029535.0;2;67;67108;1;1;8.0;1.0;48,52493300;7,60987800;
202300029536.0;1;82;82025;1;2;1.0;3.0;43,94076400;1,30318300;
202300029537.0;1;93;93064;2;1;1.0;6.0;48,88602000;2,49194000;
202300029538.0;1;31;31478;2;1;8.0;6.0;43,45277110;1,87757600;
202300029539.0;3;49;49308;1;1;1.0;6.0;47,40070900; -0,51179800;
202300029540.0;1;93;93045;2;3;1.0;3.0;48,88319349;2,41160192;
202300029541.0;2;71;71205;1;2;1.0;3.0;46,71564300;5,31309100;
202300029542.0;1;973;97360;2;1;1.0;2.0;5,14844000; -54,34155500;
202300029543.0;1;92;92051;2;3;2.0;5.0;48,88010086;2,25082129;
202300029544.0;1;62;62440;1;1;1.0;6.0;50,08631500;3,03869100;
202300029545.0;1;92;92050;2;1;1.0;6.0;48,89622542;2,19588768;
202300029546.0;1;63;63407;1;1;1.0;1.0;45,60720800;2,82507400;
202300029547.0;1;92;92025;2;1;1.0;6.0;48,91819000;2,24443000;
202300029548.0;1;976;97608;2;3;1.0;1.0; -12,78772200;45,27162500;
202300029549.0;5;92;92024;2;2;1.0;2.0;48,90145762;2,30114178;
202300029550.0;1;49;49050;2;1;1.0;1.0;47,31721000; -0,40680500;
202300029551.0;5;973;97311;2;1;1.0;5.0;5,49081800; -54,01891700;
202300029552.0;1;92;92024;2;2;1.0;3.0;48,90002095;2,31147677;
202300029553.0;1;973;97311;2;1;1.0;3.0;5,48280400; -54,03590800;
202300029554.0;1;92;92007;2;1;2.0;3.0;48,79941704;2,31097808;
202300029555.0;1;46;46208;1;1;1.0;6.0;44,85537824;1,63762644;
202300029556.0;1;971;97116;1;1;1.0;1.0;16,32491700; -61,43915200;
202300029557.0;1;41;41045;1;2;1.0;3.0;47,48549700;1,21125300;
202300029558.0;3;971;97125;1;9;1.0;1.0;16,25581700; -61,31266400;
202300029559.0;1;22;22226;1;3;1.0;7.0;48,68498400; -3,56080200;
202300029560.0;1;26;26324;1;1;1.0;2.0;44,34480337;4,73776817;
202300029561.0;1;971;97125;1;1;1.0;7.0;16,30091500; -61,27637100;
202300029562.0;1;52;52189;1;1;1.0;2.0;47,70533666;5,18721937;
202300029563.0;1;77;77222;2;2;1.0;2.0;48,63729000;2,79560700;
202300029564.0;1;35;35117;1;2;1.0;5.0;48,14629600; -2,21716800;
202300029565.0;3;95;95675;1;1;2.0;6.0;49,05940423;2,53426373;
202300029566.0;1;68;68300;2;2;2.0;2.0;47,77981700;7,39206600;
202300029567.0;5;66;66180;2;1;1.0;3.0;42,77437200;2,99283300;
202300029568.0;1;35;35234;1;1;1.0;6.0;48,22280700; -2,17759400;
202300029569.0;1;42;42049;1;1;1.0;1.0;46,14552900;3,88361300;
202300029570.0;1;84;84092;2;1;1.0;6.0;43,96360200;4,85834400;
202300029571.0;5;38;38175;2;1;1.0;6.0;45,26546000;5,91499000;
202300029572.0;1;60;60203;1;1;2.0;1.0;49,23241000;2,86569400;
202300029573.0;5;06;06157;2;1;1.0;6.0;43,72100500;7,11038600;
202300029574.0;1;65;65410;1;1;1.0;7.0;43,22722500;0,12587100;
202300029575.0;1;13;13100;1;1;1.0;2.0;43,79499652;4,80692402;
202300029576.0;1;01;01294;1;2;8.0;5.0;45,68957400;5,69340600;
202300029577.0;1;62;62597;1;1;1.0;1.0;50,19239600;2,78125800;
202300029578.0;3;68;68016;1;1;1.0;6.0;47,93043400;7,49894100;
202300029579.0;1;67;67226;2;2;1.0;6.0;48,60280400;7,59595700;
202300029580.0;1;01;01098;2;1;1.0;1.0;45,77378900;5,69367000;
202300029581.0;1;57;57695;1;3;8.0;3.0;49,13917035;6,46645403;
202300029582.0;3;55;55288;1;1;8.0;6.0;48,78390800;5,56181300;
202300029583.0;1;51;51434;1;1;1.0;1.0;49,01896600;4,05879900;
202300029584.0;1;19;19136;1;1;1.0;2.0;45,58080479;2,12886286;
202300029585.0;2;73;73050;1;1;1.0;1.0;45,67925764;5,85055929;
202300029586.0;1;2B;2B207;2;9;1.0;3.0;42,44334800;9,50825400;
202300029587.0;1;72;72329;1;2;1.0;3.0;48,07248000;0,30156600;
202300029588.0;3;38;38374;1;1;1.0;5.0;45,64196700;5,33830900;
202300029589.0;1;65;65395;1;1;1.0;2.0;43,10137500; -0,18040500;
202300029590.0;2;38;38111;1;1;1.0;1.0;45,12457100;5,67157800;
202300029591.0;1;12;12102;1;1;1.0;7.0;44,30368100;2,59949000;
202300029592.0;1;06;06068;1;1;1.0;1.0;43,72054400;6,97439800;
202300029593.0;5;69;69163;2;9;4.0;2.0;45,91195100;4,77696100;
202300029594.0;1;47;47171;1;2;1.0;3.0;44,30934922;0,73760399;
202300029595.0;3;19;19061;1;1;1.0;7.0;45,20673000;1,67968500;
202300029596.0;1;86;86082;1;2;1.0;3.0;46,36084900;0,18962100;
202300029597.0;3;86;86026;1;1;1.0;7.0;47,06597200;0,16415600;
202300029598.0;1;22;22338;1;1;2.0;3.0;48,62633500; -3,16882600;
202300029599.0;1;40;40184;2;9;1.0;6.0;44,19490400; -1,23470300;
202300029600.0;1;44;44099;1;2;1.0;3.0;47,63335826; -1,33180592;
202300029601.0;3;73;73128;1;1;1.0;5.0;45,73183595;5,92180122;
202300029602.0;1;33;33114;1;1;3.0;1.0;45,08800200; -0,38401200;
202300029603.0;1;35;35179;1;1;1.0;6.0;48,54360300; -1,88432700;
202300029604.0;5;33;33005;2;2;1.0;3.0;44,73221900; -1,08696500;
202300029605.0;1;35;35179;1;1;1.0;2.0;48,50895000; -1,91053000;
202300029606.0;2;44;44026;2;1;1.0;6.0;47,27823500; -1,48446300;
202300029607.0;1;04;04209;2;1;1.0;2.0;44,21358700;5,92523600;
202300029608.0;1;29;29217;2;1;1.0;1.0;47,85255100; -3,74783200;
202300029609.0;1;30;30133;1;6;6.0;6.0;43,54859500;4,13414200;
202300029610.0;1;29;29262;1;1;2.0;3.0;48,43857638; -3,99088305;
202300029611.0;5;56;56007;2;6;1.0;3.0;47,66362800; -2,98787400;
202300029612.0;1;29;29211;1;1;2.0;7.0;48,32407841; -3,75755437;
202300029613.0;5;29;29247;1;3;2.0;3.0;47,97671500; -4,00552500;
202300029614.0;1;38;38022;1;1;1.0;1.0;45,63585300;5,52055500;
202300029615.0;1;48;48016;1;1;3.0;1.0;44,50288000;3,46208300;
202300029616.0;1;54;54175;1;1;3.0;6.0;48,51208422;6,40378475;
202300029617.0;1;27;27016;2;1;1.0;2.0;49,24884600;1,44296900;
202300029618.0;1;14;14312;1;1;1.0;6.0;49,37654059; -1,04622714;
202300029619.0;3;60;60682;1;1;1.0;6.0;49,24658600;2,64010200;
202300029620.0;5;59;59416;2;1;1.0;1.0;50,68519800;2,51005800;
202300029621.0;1;52;52550;1;1;2.0;7.0;48,50865292;4,94043699;
202300029622.0;1;16;16030;1;3;1.0;1.0;45,49240500; -0,19736800;
202300029623.0;3;13;13215;1;1;1.0;2.0;43,36631700;5,36076100;
202300029624.0;1;53;53083;1;3;2.0;3.0;48,28781900; -0,26917000;
202300029625.0;2;13;13212;1;1;1.0;6.0;43,31260700;5,42422200;
202300029626.0;3;67;67152;1;6;8.0;6.0;48,52599300;7,66460800;
202300029627.0;1;83;83144;1;1;1.0;7.0;43,14182025;6,00552392;
202300029628.0;1;24;24098;1;1;1.0;1.0;45,23682900;0,74263900;
202300029629.0;3;69;69294;1;1;1.0;2.0;45,62844904;4,81705064;
202300029630.0;1;87;87154;1;3;1.0;3.0;45,90489700;0,94476000;
202300029631.0;3;69;69199;1;1;1.0;6.0;45,69299000;4,84443000;
202300029632.0;1;37;37050;2;1;1.0;1.0;47,34940000;0,70082400;
202300029633.0;3;01;01204;1;1;2.0;6.0;46,16478400;5,70226900;
202300029634.0;3;92;92036;1;1;1.0;3.0;48,94804682;2,28091085;
202300029635.0;1;19;19134;1;9;1.0;6.0;45,62223200;2,45705900;
202300029636.0;2;89;89277;1;1;8.0;6.0;47,67451900;3,86297200;
202300029637.0;1;75;75113;2;1;1.0;6.0;48,82425459;2,36795604;
202300029638.0;1;13;13029;2;6;1.0;2.0;43,57747600;5,09446400;
202300029639.0;5;75;75113;2;3;1.0;6.0;48,81574900;2,36079400;
202300029640.0;1;75;75119;2;1;1.0;3.0;48,89862900;2,37818100;
202300029641.0;1;988;98808;1;1;2.0;7.0; -21,26045900;165,60719800;
202300029642.0;5;75;75118;2;3;1.0;6.0;48,89083845;2,35991210;
202300029643.0;1;01;01213;1;1;2.0;4.0;45,93972800;5,28881700;
202300029644.0;5;75;75118;2;3;1.0;6.0;48,89764055;2,33234704;
202300029645.0;2;987;98715;2;1;1.0;1.0; -17,56451200; -149,61220300;
202300029646.0;5;75;75116;2;3;1.0;6.0;48,86570520;2,29977161;
202300029647.0;1;973;97311;2;3;1.0;3.0;5,48530200; -54,03479600;
202300029648.0;1;07;07053;1;1;1.0;1.0;44,40116500;4,23328200;
202300029649.0;5;75;75115;2;2;1.0;6.0;48,84652103;2,28541911;
202300029650.0;1;37;37249;1;2;1.0;3.0;47,50749400;0,45062500;
202300029651.0;5;75;75115;2;1;1.0;6.0;48,85545871;2,28783309;
202300029652.0;1;971;97117;1;3;1.0;3.0;16,34194400; -61,40643700;