Num_Acc;lum;departement;commune;agglomeration;intersection;meteo;type_collision;lat;long;date
202300029653.0;1;14;14514;1;1;1.0;1.0;49,27586900;0,19217500;
202300029654.0;5;75;75113;2;1;1.0;6.0;48,81909793;2,36126125;
202300029655.0;3;45;45346;2;1;1.0;6.0;47,94543100;2,27980800;
202300029656.0;1;976;97608;2;1;1.0;3.0; -12,78026800;45,28046800;
202300029657.0;1;75;75120;2;3;1.0;6.0;48,84882900;2,39950200;
202300029658.0;1;91;91494;1;1;1.0;7.0;48,61378900;2,34875700;
202300029659.0;1;971;97111;1;1;1.0;3.0;16,34015000; -61,77737300;
202300029660.0;1;75;75110;2;7;8.0;6.0;48,88382000;2,36855100;
202300029661.0;1;78;78320;2;1;1.0;6.0;49,07314900;1,51390300;
202300029662.0;1;18;18285;1;2;1.0;3.0;47,02563400;2,21023100;
202300029663.0;5;75;75108;2;3;1.0;3.0;48,87101600;2,30348300;
202300029664.0;3;34;34289;1;1;1.0;6.0;43,38930300;3,39656600;
202300029665.0;3;78;78262;1;9;1.0;3.0;48,80695900;1,79929000;
202300029666.0;5;75;75104;2;2;1.0;7.0;48,85082534;2,36144096;
202300029667.0;1;83;83107;1;1;1.0;2.0;43,35175500;6,71329600;
202300029668.0;1;78;78443;1;2;1.0;1.0;48,80458000;1,86767700;
202300029669.0;1;83;83023;2;1;1.0;7.0;43,40853900;6,05992600;
202300029670.0;5;75;75101;2;2;1.0;6.0;48,86441500;2,34665600;
202300029671.0;1;2B;2B095;1;1;1.0;7.0;42,35241900;9,05282000;
202300029672.0;1;94;94081;2;2;7.0;6.0;48,78103200;2,40313300;
202300029673.0;1;66;66230;1;3;1.0;3.0;42,64924000;2,52942500;
202300029674.0;1;13;13022;1;3;1.0;1.0;43,21887500;5,58077000;
202300029675.0;5;83;83119;2;1;1.0;6.0;43,27025300;6,64461000;
202300029676.0;5;94;94041;2;3;1.0;6.0;48,81128890;2,38395542;
202300029677.0;3;88;88321;1;1;1.0;6.0;48,34975400;5,67693300;
202300029678.0;1;13;13048;2;1;1.0;1.0;43,63557000;5,64300300;
202300029679.0;1;44;44066;1;1;1.0;1.0;47,37303800; -1,64998800;
202300029680.0;5;94;94028;2;6;1.0;3.0;48,78485000;2,45105000;
202300029681.0;3;57;57582;1;1;3.0;1.0;49,29810500;6,16844200;
202300029682.0;1;94;94054;2;1;1.0;6.0;48,74521000;2,41026000;
202300029683.0;1;01;01397;2;6;1.0;2.0;46,31475400;6,10816800;
202300029684.0;1;94;94019;2;2;1.0;3.0;48,79881000;2,54502000;
202300029685.0;1;07;07097;1;9;1.0;2.0;45,02094800;4,83262200;
202300029686.0;1;47;47157;2;1;1.0;6.0;44,51013300;0,13928200;
202300029687.0;1;01;01224;1;1;1.0;6.0;45,81320600;5,21645700;
202300029688.0;1;93;93072;2;3;1.0;6.0;48,94657000;2,38666000;
202300029689.0;1;33;33243;2;4;1.0;3.0;44,92340400; -0,22276300;
202300029690.0;5;93;93071;2;1;1.0;2.0;48,93606800;2,53145200;
202300029691.0;1;81;81225;1;3;1.0;6.0;43,91964000;1,98169000;
202300029692.0;1;33;33052;2;6;1.0;7.0;44,95168900; -0,23816400;
202300029693.0;1;93;93070;2;1;7.0;6.0;48,91571000;2,33113000;
202300029694.0;2;09;09130;1;1;1.0;3.0;42,94945800;1,57482400;
202300029695.0;1;93;93031;2;1;1.0;1.0;48,94806000;2,33158000;
202300029696.0;1;61;61216;1;1;1.0;7.0;48,61246600; -0,07332000;
202300029697.0;1;33;33238;1;1;1.0;1.0;44,74521300; -0,61851700;
202300029698.0;3;35;35228;2;1;1.0;6.0;48,58833527; -2,05743536;
202300029699.0;1;50;50099;2;6;1.0;2.0;49,30146400; -1,26414700;
202300029700.0;1;13;13213;1;1;1.0;4.0;43,32920217;5,41484365;
202300029701.0;1;13;13215;1;1;1.0;2.0;43,37604100;5,35988300;
202300029702.0;1;54;54312;1;1;1.0;2.0;48,94195000;6,11265000;
202300029703.0;1;59;59343;1;1;1.0;4.0;50,58945000;3,09676000;
202300029704.0;1;13;13202;1;1;1.0;2.0;43,29962531;5,36366684;
202300029705.0;5;93;93008;1;1;1.0;3.0;48,90621000;2,45998000;
202300029706.0;1;92;92036;1;1;1.0;4.0;48,94647077;2,28241919;
202300029707.0;1;42;42183;1;1;1.0;2.0;45,40423100;4,37596800;
202300029708.0;3;94;94046;1;1;1.0;6.0;48,81070243;2,44917546;
202300029709.0;1;91;91589;1;1;1.0;2.0;48,68282000;2,32953000;
202300029710.0;3;88;88114;1;1;1.0;1.0;48,18985500;5,90808600;
202300029711.0;1;94;94034;2;1;1.0;4.0;48,75772551;2,32805983;
202300029712.0;1;91;91086;1;1;1.0;4.0;48,62376000;2,38229000;
202300029713.0;1;94;94034;1;1;1.0;2.0;48,75772551;2,32805983;
202300029714.0;3;92;92019;1;1;1.0;3.0;48,77609570;2,22940165;
202300029715.0;5;94;94017;1;1;1.0;2.0;48,83041529;2,49042330;
202300029716.0;3;77;77495;1;1;1.0;3.0;48,59433289;2,63556230;
202300029717.0;1;93;93051;1;1;1.0;5.0;48,83642000;2,55222000;
202300029718.0;1;94;94017;1;1;1.0;2.0;48,83020089;2,49576700;
202300029719.0;1;972;97209;2;1;1.0;6.0;14,60751000; -61,07299000;
202300029720.0;1;972;97209;1;1;1.0;2.0;14,61654000; -61,06041000;
202300029721.0;1;972;97209;2;1;1.0;6.0;14,61913000; -61,07807000;
202300029722.0;5;2B;2B033;2;1;1.0;6.0;42,70270000;9,44740000;
202300029723.0;4;31;31555;2;1;1.0;5.0;43,57111800;1,47630000;
202300029724.0;2;971;97101;1;1;1.0;2.0;16,25410000; -61,53955000;
202300029725.0;5;2A;2A004;2;1;8.0;1.0;41,92842000;8,73514000;
202300029726.0;1;29;29232;1;1;1.0;2.0;47,98666591; -4,02370932;
202300029727.0;3;91;91339;1;1;2.0;6.0;48,61498000;2,25546000;
202300029728.0;1;14;14118;2;1;1.0;3.0;49,17933000; -0,34079000;
202300029729.0;2;86;86066;2;2;1.0;3.0;46,81645000;0,52814000;
202300029730.0;3;13;13019;1;1;1.0;5.0;43,43124000;5,33488000;
202300029731.0;1;83;83144;1;1;1.0;5.0;43,13517000;6,00842000;
202300029732.0;1;83;83126;2;1;1.0;6.0;43,10191024;5,88121042;
202300029733.0;5;13;13214;2;4;1.0;5.0;43,32367736;5,38188365;
202300029734.0;1;78;78490;2;6;3.0;3.0;48,82693600;1,95217800;
202300029735.0;1;13;13202;2;1;1.0;1.0;43,30282000;5,37419000;
202300029736.0;2;78;78498;2;1;2.0;6.0;48,92083000;2,03430000;
202300029737.0;1;13;13209;2;1;1.0;1.0;43,24954000;5,42261000;
202300029738.0;5;72;72181;2;1;1.0;4.0;47,98800000;0,20770000;
202300029739.0;1;72;72095;2;3;1.0;4.0;48,03062000;0,20449000;
202300029740.0;1;13;13005;1;3;1.0;3.0;43,28417000;5,60200000;
202300029741.0;1;72;72181;2;1;1.0;3.0;48,00772000;0,19877000;
202300029742.0;1;11;11262;2;1;1.0;6.0;43,17790000;2,99490000;
202300029743.0;1;72;72181;1;1;2.0;1.0;47,96282000;0,22217000;
202300029744.0;1;71;71486;2;1;2.0;6.0;46,66035233;4,37197655;
202300029745.0;1;07;07281;2;2;1.0;6.0;44,94059000;4,83770000;
202300029746.0;5;69;69264;2;6;2.0;6.0;45,99712000;4,73038000;
202300029747.0;1;06;06069;1;3;1.0;3.0;43,65236000;6,95155000;
202300029748.0;1;69;69264;2;1;1.0;6.0;45,98499000;4,73086000;
202300029749.0;1;51;51250;2;3;8.0;4.0;49,31007800;3,68708300;
202300029750.0;1;75;75120;2;1;1.0;2.0;48,86964300;2,41326700;
202300029751.0;5;64;64102;2;1;1.0;6.0;43,48655000; -1,46740000;
202300029752.0;1;09;09130;1;1;1.0;7.0;42,93878800;1,57105600;
202300029753.0;1;75;75116;2;1;1.0;3.0;48,85949600;2,26272700;
202300029754.0;1;62;62250;1;1;1.0;1.0;50,44323315;2,91927946;
202300029755.0;2;44;44159;1;1;1.0;1.0;47,13810000; -1,40259700;
202300029756.0;1;75;75116;2;1;1.0;7.0;48,85453900;2,25492300;
202300029757.0;2;75;75114;2;1;1.0;7.0;48,82009900;2,32574100;
202300029758.0;1;62;62628;2;3;1.0;2.0;50,42445000;2,88380000;
202300029759.0;1;13;13070;1;1;1.0;2.0;43,28559000;5,51400000;
202300029760.0;1;75;75117;2;1;1.0;2.0;48,88465800;2,28612800;
202300029761.0;1;59;59599;2;3;1.0;3.0;50,73686000;3,15430000;
202300029762.0;1;13;13211;1;1;1.0;2.0;43,28653000;5,43258000;
202300029763.0;1;75;75108;2;1;1.0;6.0;48,87690400;2,29729900;
202300029764.0;1;54;54197;2;1;1.0;2.0;48,63851906;6,18810296;
202300029765.0;1;13;13026;1;1;1.0;2.0;43,39821000;5,12132200;
202300029766.0;1;75;75115;2;2;1.0;6.0;48,84913800;2,29813100;
202300029767.0;3;13;13210;1;1;1.0;2.0;43,28495394;5,40975531;
202300029768.0;1;54;54184;1;1;1.0;4.0;48,71200000;6,24291700;
202300029769.0;1;75;75114;2;2;1.0;3.0;48,83436200;2,31362500;
202300029770.0;1;75;75113;2;1;1.0;6.0;48,84337700;2,36596100;
202300029771.0;1;69;69199;1;1;1.0;5.0;45,70172000;4,84517000;
202300029772.0;1;51;51454;2;2;1.0;6.0;49,22995349;4,00711164;
202300029773.0;1;69;69266;1;1;1.0;3.0;45,76036000;4,90932000;
202300029774.0;1;75;75112;2;2;1.0;3.0;48,84644000;2,36683600;
202300029775.0;3;51;51431;1;2;1.0;3.0;49,01454900;3,94192200;
202300029776.0;3;04;04157;1;1;1.0;7.0;43,85025100;6,14480100;
202300029777.0;5;75;75111;2;1;1.0;3.0;48,86953700;2,37969100;
202300029778.0;4;33;33192;1;1;1.0;2.0;44,78594000; -0,59459000;
202300029779.0;1;49;49007;2;2;1.0;3.0;47,47841000; -0,54692000;
202300029780.0;1;85;85227;1;1;8.0;6.0;46,47224200; -0,64831300;
202300029781.0;1;91;91339;1;1;1.0;7.0;48,62465000;2,26302000;
202300029782.0;1;75;75110;2;1;1.0;7.0;48,87265700;2,35930000;
202300029783.0;1;91;91086;1;1;1.0;6.0;48,62300000;2,38700000;
202300029784.0;1;45;45308;1;1;2.0;2.0;47,93159600;1,95006100;
202300029785.0;1;27;27243;1;1;1.0;2.0;49,40851300;0,30256600;
202300029786.0;1;75;75109;2;3;1.0;6.0;48,87482600;2,32677700;
202300029787.0;3;91;91174;1;1;1.0;4.0;48,61466000;2,45296000;
202300029788.0;5;27;27622;2;1;2.0;6.0;49,10920700;0,72452100;
202300029789.0;1;45;45234;2;1;1.0;3.0;47,87842000;1,91242000;
202300029790.0;1;75;75108;2;5;1.0;3.0;48,86887300;2,30989000;
202300029791.0;3;28;28319;1;1;2.0;6.0;48,28679600;1,98062600;
202300029792.0;5;86;86194;2;2;1.0;6.0;46,56625300;0,36340100;
202300029793.0;1;72;72181;2;6;1.0;6.0;48,01899000;0,15393000;
202300029794.0;1;17;17211;1;2;1.0;7.0;46,03776800; -0,51203400;
202300029795.0;1;75;75102;2;2;1.0;3.0;48,87027000;2,33005400;
202300029796.0;1;34;34301;2;3;1.0;3.0;43,40755700;3,66857300;
202300029797.0;3;17;17113;2;9;2.0;7.0;45,11839300; -0,14739300;
202300029798.0;1;69;69290;1;5;1.0;3.0;45,70471000;4,91239000;
202300029799.0;1;94;94052;2;1;1.0;6.0;48,82932500;2,46702700;
202300029800.0;1;33;33529;2;1;1.0;3.0;44,64564000; -1,15788000;
202300029801.0;1;30;30004;2;7;1.0;6.0;43,73874600;4,18164700;
202300029802.0;1;64;64024;2;1;1.0;3.0;43,48809900; -1,53582700;
202300029803.0;1;94;94003;2;1;1.0;7.0;48,80980000;2,32631000;
202300029804.0;1;30;30007;2;3;2.0;3.0;44,11964000;4,10313000;
202300029805.0;3;67;67388;1;1;2.0;1.0;48,91413927;7,64624388;
202300029806.0;1;54;54357;2;4;8.0;6.0;48,71369000;6,16373000;
202300029807.0;1;94;94037;2;3;1.0;3.0;48,81650000;2,33801000;
202300029808.0;1;973;97302;2;1;1.0;3.0;4,91780000; -52,32148000;
202300029809.0;1;30;30243;2;3;2.0;4.0;44,06100000;4,09020000;
202300029810.0;1;94;94070;2;1;1.0;2.0;48,71710000;2,57132000;
202300029811.0;4;973;97302;1;9;1.0;3.0;4,90771596; -52,32248282;
202300029812.0;2;31;31351;2;1;7.0;6.0;43,67455700;1,29347900;
202300029813.0;1;25;25388;2;4;2.0;2.0;47,51695000;6,81176000;
202300029814.0;1;69;69388;2;1;1.0;6.0;45,73003000;4,86696000;
202300029815.0;1;93;93078;2;9;1.0;3.0;48,97302904;2,51052728;
202300029816.0;3;82;82085;1;1;1.0;2.0;43,98635800;1,24190600;
202300029817.0;1;25;25056;1;1;1.0;6.0;47,24757000;5,97897000;
202300029818.0;1;972;97209;1;1;1.0;2.0;14,61382000; -61,06381000;
202300029819.0;3;44;44026;1;9;2.0;6.0;47,28630300; -1,50801300;
202300029820.0;3;971;97101;2;1;1.0;2.0;16,25735000; -61,52012000;
202300029821.0;1;93;93073;2;2;1.0;3.0;48,97675000;2,55859000;
202300029822.0;1;17;17306;2;1;1.0;3.0;45,62462000; -1,02734000;
202300029823.0;5;91;91114;2;1;1.0;7.0;48,69308000;2,50159000;
202300029824.0;1;17;17300;2;1;1.0;3.0;46,14627100; -1,16125800;
202300029825.0;1;06;06085;1;1;1.0;5.0;43,58398920;7,01180960;
202300029826.0;1;93;93066;2;1;1.0;3.0;48,93423000;2,34343000;
202300029827.0;4;15;15014;2;1;2.0;6.0;44,91614000;2,43789000;
202300029828.0;1;71;71306;2;1;1.0;3.0;46,65939000;4,35922000;
202300029829.0;1;86;86297;1;1;1.0;2.0;46,57091300;0,28880600;
202300029830.0;1;64;64102;2;1;1.0;3.0;43,48385000; -1,50186000;
202300029831.0;1;93;93051;2;6;1.0;3.0;48,83862215;2,56725669;
202300029832.0;2;13;13001;2;2;1.0;2.0;43,53231957;5,45093091;
202300029833.0;1;73;73104;1;1;1.0;6.0;45,55549215;5,75633973;
202300029834.0;1;62;62587;2;3;1.0;3.0;50,43229400;2,92204500;
202300029835.0;1;09;09122;2;9;2.0;2.0;42,96408000;1,61049000;
202300029836.0;1;93;93048;2;3;1.0;3.0;48,86974000;2,44969000;
202300029837.0;1;988;98808;1;1;1.0;7.0; -21,37718900;165,68467500;
202300029838.0;1;62;62270;1;1;1.0;5.0;50,47122000;2,52422000;
202300029839.0;1;06;06088;2;4;1.0;3.0;43,71769100;7,26289800;
202300029840.0;5;29;29005;2;1;3.0;6.0;47,85734643; -3,60500736;
202300029841.0;1;93;93046;2;3;1.0;3.0;48,91198299;2,52079034;
202300029842.0;2;60;60057;2;9;2.0;6.0;49,42952000;2,09012000;
202300029843.0;2;06;06029;2;1;1.0;6.0;43,55120000;7,01827000;
202300029844.0;4;77;77257;2;1;2.0;1.0;49,02032100;3,03166100;
202300029845.0;5;06;06027;2;9;8.0;2.0;43,65100000;7,15200000;
202300029846.0;2;42;42187;2;2;1.0;3.0;46,04630000;4,08487000;
202300029847.0;1;93;93032;2;2;1.0;3.0;48,87793252;2,56917501;
202300029848.0;1;75;75113;2;1;2.0;2.0;48,82599900;2,38707100;
202300029849.0;5;78;78090;1;4;1.0;1.0;48,97080200;1,90728700;
202300029850.0;1;93;93032;2;1;1.0;6.0;48,88331604;2,52851708;
202300029851.0;1;37;37261;2;1;1.0;4.0;47,37168000;0,69653000;
202300029852.0;1;84;84141;2;1;1.0;1.0;43,98554700;4,90173700;
202300029853.0;1;75;75118;2;1;1.0;5.0;48,90110400;2,34664600;
202300029854.0;1;93;93001;2;1;1.0;3.0;48,91275112;2,39843854;
202300029855.0;3;06;06048;2;1;1.0;6.0;43,79037200;7,35033800;
202300029856.0;2;37;37122;2;3;1.0;6.0;47,34459000;0,66484000;
202300029857.0;1;88;88344;1;1;3.0;7.0;48,36233400;5,60393900;
202300029858.0;1;75;75116;2;1;1.0;2.0;48,85115600;2,25229300;
202300029859.0;1;93;93001;2;1;1.0;5.0;48,90953903;2,37713188;
202300029860.0;5;33;33063;2;2;1.0;3.0;44,83651000; -0,60116000;
202300029861.0;2;57;57206;2;1;3.0;6.0;49,30244600;6,10518000;
202300029862.0;1;75;75120;2;3;1.0;6.0;48,86234600;2,40632700;
202300029863.0;3;57;57160;1;1;3.0;6.0;49,20193500;6,66182400;
202300029864.0;2;33;33063;2;2;1.0;3.0;44,85252863; -0,61693758;
202300029865.0;1;93;93001;2;9;1.0;3.0;48,91793611;2,37908517;
202300029866.0;5;75;75117;2;2;1.0;3.0;48,88154700;2,30068900;
202300029867.0;5;33;33119;2;1;1.0;1.0;44,85304000; -0,53855000;
202300029868.0;1;01;01262;1;2;2.0;2.0;45,89626400;4,96927800;
202300029869.0;1;92;92064;1;1;1.0;7.0;48,83667000;2,19481000;
202300029870.0;1;31;31555;2;1;1.0;3.0;43,64982000;1,41366000;
202300029871.0;3;01;01211;1;1;2.0;6.0;46,10098400;5,18958600;
202300029872.0;5;75;75116;2;2;1.0;1.0;48,86765000;2,25089000;
202300029873.0;5;92;92051;2;1;1.0;6.0;48,88442178;2,27527097;
202300029874.0;3;29;29232;1;1;1.0;6.0;47,98388000; -4,11631000;
202300029875.0;1;75;75112;2;1;1.0;2.0;48,84412700;2,36886600;
202300029876.0;1;29;29019;2;1;1.0;2.0;48,40379700; -4,48667300;
202300029877.0;1;92;92040;2;2;1.0;4.0;48,83458000;2,26693000;
202300029878.0;1;33;33184;1;2;3.0;3.0;45,16863500; -0,54359300;
202300029879.0;1;75;75110;2;2;1.0;3.0;48,87175700;2,35720300;
202300029880.0;5;75;75107;2;1;1.0;7.0;48,86229500;2,30543100;
202300029881.0;1;92;92025;2;2;1.0;6.0;48,91454800;2,22914100;
202300029882.0;1;18;18279;2;2;1.0;3.0;47,22234000;2,06546000;
202300029883.0;5;33;33449;1;1;1.0;1.0;44,90657257; -0,74678600;
202300029884.0;2;75;75101;2;3;2.0;6.0;48,86468900;2,33858700;
202300029885.0;5;92;92071;2;1;1.0;6.0;48,78164933;2,29332894;
202300029886.0;3;18;18033;1;1;8.0;2.0;47,05938000;2,36164000;
202300029887.0;3;22;22081;2;9;2.0;3.0;48,48558100; -2,64159000;
202300029888.0;1;94;94076;2;1;2.0;6.0;48,78794500;2,36778500;
202300029889.0;1;13;13075;2;1;1.0;6.0;43,34661988;5,46585006;
202300029890.0;1;92;92012;2;1;1.0;6.0;48,84507955;2,23533757;
202300029891.0;1;27;27279;2;2;2.0;6.0;49,09259600;1,60207800;
202300029892.0;1;94;94002;2;2;2.0;3.0;48,78663000;2,43074000;
202300029893.0;1;92;92004;2;1;1.0;6.0;48,91362000;2,28156000;
202300029894.0;1;13;13212;2;1;1.0;2.0;43,30816929;5,41854873;
202300029895.0;1;59;59174;1;1;3.0;1.0;50,18779400;4,05215300;
202300029896.0;1;92;92004;2;1;1.0;3.0;48,90844900;2,26888800;
202300029897.0;1;93;93073;2;6;1.0;1.0;48,94063000;2,57844000;
202300029898.0;2;13;13005;2;1;1.0;3.0;43,28791000;5,57784000;
202300029899.0;3;13;13055;1;1;1.0;2.0;43,28472850;5,41130939;
202300029900.0;5;10;10387;2;1;1.0;1.0;48,29703000;4,06654000;
202300029901.0;5;93;93063;2;1;2.0;1.0;48,88080000;2,45028000;
202300029902.0;1;92;92004;2;1;1.0;3.0;48,91659000;2,28915000;
202300029903.0;3;13;13211;1;1;1.0;4.0;43,28569000;5,42902000;
202300029904.0;1;10;10387;2;2;1.0;3.0;48,28012000;4,07268000;
202300029905.0;1;76;76281;1;1;1.0;3.0;49,50980800;0,57562400;
202300029906.0;5;92;92063;2;2;1.0;1.0;48,87631000;2,18582000;
202300029907.0;1;10;10387;2;3;1.0;6.0;48,29834000;4,07388000;
202300029908.0;1;42;42218;1;1;1.0;3.0;45,43415000;4,42016000;
202300029909.0;5;09;09225;2;9;1.0;6.0;43,12000000;1,62000000;
202300029910.0;1;92;92050;2;1;2.0;1.0;48,87976000;2,20735000;
202300029911.0;1;80;80151;1;1;1.0;1.0;49,98575200;2,59457600;
202300029912.0;5;72;72181;2;4;1.0;6.0;48,00135000;0,19722000;
202300029913.0;1;92;92062;2;1;8.0;6.0;48,89037844;2,24164236;
202300029914.0;1;29;29019;2;1;1.0;6.0;48,40057300; -4,48409100;
202300029915.0;3;33;33448;1;1;2.0;2.0;44,71770432; -0,52012056;
202300029916.0;1;13;13056;2;1;1.0;6.0;43,42399000;5,04132000;
202300029917.0;1;92;92024;2;6;2.0;1.0;48,90339464;2,31294662;
202300029918.0;4;33;33167;1;1;2.0;3.0;44,82240760; -0,51434577;
202300029919.0;1;67;67507;2;9;1.0;6.0;48,34044600;7,29920100;
202300029920.0;5;13;13047;2;6;2.0;6.0;43,49862000;4,97962000;
202300029921.0;3;91;91549;1;1;2.0;6.0;48,62608000;2,34042000;
202300029922.0;5;92;92004;2;3;2.0;3.0;48,91638000;2,28955000;
202300029923.0;1;972;97210;1;1;1.0;6.0;14,60731300; -60,92983200;
202300029924.0;1;91;91617;1;1;2.0;3.0;48,63319000;2,53403000;
202300029925.0;5;75;75111;2;3;1.0;6.0;48,86244000;2,37663000;
202300029926.0;1;33;33453;1;3;1.0;3.0;44,58631100;0,08494000;
202300029927.0;1;93;93057;2;1;1.0;1.0;48,90111200;2,50842700;
202300029928.0;3;91;91235;1;1;2.0;5.0;48,62560000;2,35544000;
202300029929.0;1;52;52147;1;1;1.0;2.0;47,85756800;5,22622000;
202300029930.0;1;92;92025;2;1;1.0;6.0;48,93184000;2,26061000;
202300029931.0;1;78;78466;1;1;2.0;2.0;48,93484500;1,96647300;
202300029932.0;1;01;01143;1;1;2.0;1.0;46,36075700;6,12015700;
202300029933.0;2;972;97216;2;3;1.0;3.0;14,81894200; -61,02741900;
202300029934.0;1;92;92012;2;1;1.0;6.0;48,82750000;2,25270000;
202300029935.0;3;95;95678;1;1;2.0;6.0;49,07166365;2,24461198;
202300029936.0;1;25;25067;1;1;1.0;6.0;47,41951570;6,59601919;
202300029937.0;1;93;93005;1;1;3.0;6.0;48,95772000;2,46285000;
202300029938.0;1;988;98818;2;3;2.0;4.0; -22,23919000;166,47272000;
202300029939.0;3;59;59173;1;1;1.0;6.0;50,73129400;2,94680400;
202300029940.0;3;34;34123;1;1;1.0;7.0;43,62887600;3,78019400;
202300029941.0;1;974;97411;2;1;1.0;7.0; -20,89171000;55,44507000;
202300029942.0;1;93;93006;1;1;3.0;2.0;48,87004000;2,43050000;
202300029943.0;3;38;38113;1;1;1.0;7.0;44,82840600;5,63946200;
202300029944.0;5;974;97409;2;9;1.0;6.0; -20,96396800;55,65898100;
202300029945.0;1;95;95572;1;1;3.0;6.0;49,03092550;2,12129474;
202300029946.0;1;72;72058;1;2;1.0;4.0;47,95943200;0,30278900;
202300029947.0;1;93;93078;1;1;3.0;6.0;48,96388000;2,52115000;
202300029948.0;4;34;34095;1;1;1.0;2.0;43,52881600;3,74480300;
202300029949.0;1;973;97302;2;1;1.0;2.0;4,94071701; -52,32925938;
202300029950.0;1;85;85109;1;4;1.0;1.0;46,84281600; -1,04850800;
202300029951.0;1;95;95252;1;1;3.0;6.0;48,98775556;2,20669627;
202300029952.0;5;69;69386;2;2;1.0;1.0;45,76371492;4,85805004;
202300029953.0;1;56;56173;1;2;1.0;3.0;47,99735300; -2,98619400;
202300029954.0;1;67;67194;2;6;1.0;6.0;48,73046100;7,90695900;
202300029955.0;1;95;95018;1;1;2.0;6.0;48,96303970;2,26571023;
202300029956.0;1;972;97209;2;1;1.0;3.0;14,60475000; -61,08387000;
202300029957.0;1;65;65435;1;1;1.0;6.0;42,94866400; -0,08334200;
202300029958.0;5;11;11206;2;1;3.0;6.0;43,05610100;2,20255800;
202300029959.0;1;69;69389;2;2;1.0;6.0;45,77360000;4,79514000;
202300029960.0;3;93;93013;1;1;1.0;3.0;48,94049514;2,42470833;
202300029961.0;1;24;24309;1;1;1.0;7.0;45,10206200;0,48927800;
202300029962.0;1;95;95427;2;1;8.0;6.0;48,97506000;2,34714000;
202300029963.0;1;92;92036;1;1;1.0;2.0;48,94364712;2,28775617;
202300029964.0;1;44;44009;1;1;1.0;2.0;47,21710000; -1,45364100;
202300029965.0;1;22;22079;1;1;1.0;7.0;48,40155000; -2,68350700;
202300029966.0;5;91;91425;2;3;1.0;6.0;48,65168000;2,27277000;
202300029967.0;1;51;51266;2;1;1.0;6.0;49,11311800;4,03450900;
202300029968.0;2;77;77053;1;1;2.0;3.0;48,69945746;2,59393277;
202300029969.0;3;91;91432;2;1;1.0;7.0;48,71369000;2,34683000;
202300029970.0;1;44;44126;1;2;1.0;3.0;47,14260613; -2,21057475;
202300029971.0;5;91;91286;2;1;1.0;3.0;48,65435000;2,39685000;
202300029972.0;1;56;56075;1;3;1.0;1.0;47,95352200; -2,11184500;
202300029973.0;1;13;13053;2;2;1.0;2.0;43,72820400;5,16155700;
202300029974.0;3;38;38263;1;1;1.0;6.0;45,28511100;5,46125300;
202300029975.0;1;79;79063;1;1;1.0;7.0;47,07791100; -0,34581200;
202300029976.0;1;87;87085;2;1;1.0;4.0;45,83763000;1,26513000;
202300029977.0;3;38;38104;1;1;8.0;6.0;45,56783600;5,59959700;
202300029978.0;5;13;13096;2;1;1.0;1.0;43,52243400;4,38613600;
202300029979.0;3;01;01457;1;4;8.0;6.0;46,21787400;5,00332800;
202300029980.0;5;71;71270;2;1;1.0;7.0;46,30560000;4,83335000;
202300029981.0;1;82;82144;1;2;1.0;3.0;44,17215900;1,36336600;
202300029982.0;1;77;77132;2;1;1.0;7.0;48,86859000;2,79224000;
202300029983.0;1;62;62160;2;2;1.0;6.0;50,72049000;1,61324000;
202300029984.0;1;72;72191;1;3;1.0;6.0;47,76296200;0,29536500;
202300029985.0;1;76;76351;2;6;1.0;6.0;49,49145000;0,13253000;
202300029986.0;1;72;72320;1;6;1.0;3.0;48,06785600;0,16911900;
202300029987.0;1;91;91228;2;9;1.0;3.0;48,61864000;2,42458000;
202300029988.0;2;63;63420;1;2;1.0;3.0;45,81426800;3,33731700;
202300029989.0;1;76;76351;2;1;1.0;1.0;49,50186000;0,08724000;
202300029990.0;1;07;07090;2;3;1.0;1.0;44,74758100;4,67402300;
202300029991.0;1;976;97611;2;1;1.0;6.0; -12,75942000;45,22871000;
202300029992.0;1;76;76638;1;2;1.0;3.0;50,00941500;1,42990100;
202300029993.0;2;40;40044;1;1;1.0;3.0;43,55057500; -1,32018900;
202300029994.0;3;71;71105;1;3;1.0;5.0;46,28585073;4,78234112;
202300029995.0;1;974;97416;1;1;1.0;6.0; -21,33017000;55,45610000;
202300029996.0;1;85;85051;1;1;1.0;6.0;46,69085500; -1,06425800;
202300029997.0;1;12;12088;1;1;1.0;7.0;44,65359700;2,88935100;
202300029998.0;1;71;71076;2;1;1.0;6.0;46,78100000;4,85824000;
202300029999.0;1;68;68202;2;1;1.0;7.0;47,59023200;7,13124800;
202300030000.0;1;974;97416;1;1;1.0;3.0; -21,34863000;55,50096000;
202300030001.0;2;27;27102;1;3;1.0;3.0;49,35761700;0,77999200;
202300030002.0;1;39;39184;1;1;1.0;7.0;46,44996600;5,80668200;