Num_Acc;lum;departement;commune;agglomeration;intersection;meteo;type_collision;lat;long;date
202300030003.0;1;69;69266;1;1;1.0;5.0;45,78231000;4,89130000;
202300030004.0;5;39;39171;1;9;1.0;6.0;46,67165400;5,46002200;
202300030005.0;1;27;27533;2;9;1.0;7.0;49,32611500;1,71970900;
202300030006.0;1;17;17439;1;1;1.0;7.0;46,29343000; -0,84285700;
202300030007.0;5;69;69259;2;3;1.0;1.0;45,72448000;4,85406000;
202300030008.0;1;974;97411;2;6;1.0;5.0; -20,88751000;55,47227000;
202300030009.0;1;44;44069;2;3;1.0;3.0;47,33773180; -2,42819660;
202300030010.0;1;69;69290;2;1;1.0;2.0;45,69458000;4,94835000;
202300030011.0;1;17;17091;1;1;1.0;3.0;46,27517200; -1,06809900;
202300030012.0;1;973;97309;1;1;1.0;5.0;4,90049000; -52,30746000;
202300030013.0;1;69;69259;2;1;1.0;3.0;45,70913000;4,88481000;
202300030014.0;1;38;38393;1;3;1.0;3.0;45,40744800;5,34487000;
202300030015.0;5;973;97302;1;1;1.0;7.0;4,91490000; -52,32965000;
202300030016.0;2;57;57743;1;1;1.0;7.0;48,75449100;7,19247200;
202300030017.0;1;50;50013;1;1;1.0;1.0;49,63120400; -1,29268500;
202300030018.0;1;69;69029;2;8;1.0;3.0;45,73457000;4,90503000;
202300030019.0;5;973;97302;2;3;1.0;3.0;4,93501416; -52,31805995;
202300030020.0;1;988;98824;1;3;2.0;6.0; -20,41264000;164,60314900;
202300030021.0;1;53;53064;1;1;1.0;6.0;48,32883700; -0,71945400;
202300030022.0;1;69;69091;2;6;8.0;1.0;45,58780000;4,76032000;
202300030023.0;1;973;97302;2;1;1.0;2.0;4,93710253; -52,30491579;
202300030024.0;2;988;98823;2;1;2.0;6.0; -21,06355700;165,38545800;
202300030025.0;1;85;85182;1;1;1.0;1.0;46,77888000; -0,85717800;
202300030026.0;1;59;59350;2;1;1.0;6.0;50,63315000;3,01926000;
202300030027.0;1;973;97302;2;1;1.0;3.0;4,92019316; -52,32015610;
202300030028.0;1;37;37179;2;1;1.0;1.0;47,45079700;0,72612200;
202300030029.0;1;59;59368;2;1;1.0;1.0;50,66563920;3,06864023;
202300030030.0;1;987;98724;1;1;1.0;6.0; -16,73088600; -151,03540400;
202300030031.0;3;971;97128;1;1;1.0;1.0;16,22833000; -61,37448900;
202300030032.0;1;973;97302;2;1;1.0;3.0;4,93023568; -52,31339157;
202300030033.0;3;59;59588;2;1;1.0;1.0;51,02749500;2,42827300;
202300030034.0;5;971;97106;2;1;1.0;6.0;16,14890300; -61,77210500;
202300030035.0;1;59;59178;2;1;1.0;6.0;50,38818000;3,07494000;
202300030036.0;1;973;97302;2;3;1.0;3.0;4,92000000; -52,31955000;
202300030037.0;1;78;78437;1;2;1.0;3.0;49,05193300;1,65627500;
202300030038.0;1;57;57306;2;1;1.0;6.0;49,33064000;6,06049000;
202300030039.0;1;77;77273;1;3;1.0;5.0;49,04796700;2,74722600;
202300030040.0;1;03;03290;1;1;1.0;7.0;46,66466500;3,34954300;
202300030041.0;1;57;57012;2;1;1.0;6.0;49,35975000;6,04911000;
202300030042.0;3;973;97302;2;3;1.0;3.0;4,92497126; -52,31714398;
202300030043.0;1;73;73153;1;1;1.0;1.0;45,73065511;6,42131565;
202300030044.0;1;77;77280;2;3;1.0;1.0;49,01915006;3,02651968;
202300030045.0;1;56;56098;2;6;1.0;2.0;47,77808000; -3,34523000;
202300030046.0;1;973;97302;2;2;1.0;3.0;4,93051000; -52,32233000;
202300030047.0;1;30;30345;2;1;1.0;7.0;44,27946700;4,00388400;
202300030048.0;2;54;54328;1;6;1.0;3.0;48,60932000;6,17414600;
202300030049.0;1;972;97213;2;1;1.0;2.0;14,63242957; -61,01113917;
202300030050.0;1;64;64496;2;3;1.0;7.0;43,46629800; -1,44972300;
202300030051.0;1;54;54439;2;3;1.0;1.0;48,70435349;6,25269055;
202300030052.0;4;11;11076;2;6;1.0;3.0;43,30514300;1,95699300;
202300030053.0;1;44;44204;2;1;1.0;6.0;47,26125100; -1,45075300;
202300030054.0;2;972;97213;2;6;2.0;1.0;14,62353000; -60,98880000;
202300030055.0;2;54;54300;2;1;7.0;6.0;48,66618476;6,21454954;
202300030056.0;1;84;84019;1;1;6.0;5.0;44,28458300;4,73240400;
202300030057.0;1;54;54580;2;1;1.0;6.0;49,46667000;5,93284000;
202300030058.0;1;972;97209;1;1;1.0;3.0;14,61442000; -61,04642000;
202300030059.0;1;27;27022;1;1;1.0;1.0;49,16778800;1,28840400;
202300030060.0;3;83;83107;1;1;1.0;6.0;43,46266500;6,65735000;
202300030061.0;5;51;51454;2;3;1.0;1.0;49,25782000;4,05260000;
202300030062.0;3;89;89206;1;1;1.0;7.0;48,02401086;3,42479263;
202300030063.0;1;2B;2B037;2;6;1.0;2.0;42,62861000;9,43769000;
202300030064.0;1;27;27287;1;4;1.0;3.0;48,98359700;1,01481900;
202300030065.0;1;51;51172;2;1;1.0;3.0;49,21668000;4,04266000;
202300030066.0;1;67;67217;1;1;1.0;2.0;48,48130000;7,67141800;
202300030067.0;2;60;60446;1;1;1.0;6.0;49,14782883;2,82107717;
202300030068.0;5;2B;2B037;2;1;1.0;1.0;42,61900000;9,43200000;
202300030069.0;1;51;51454;2;1;1.0;6.0;49,25211000;4,02939000;
202300030070.0;1;69;69106;2;2;1.0;3.0;45,92717000;4,69007800;
202300030071.0;1;49;49007;2;1;1.0;3.0;47,44460000; -0,56060000;
202300030072.0;1;2B;2B037;2;3;1.0;6.0;42,61916000;9,42522000;
202300030073.0;3;31;31451;2;1;1.0;6.0;43,44689286;2,01155484;
202300030074.0;1;69;69116;1;1;1.0;4.0;45,83266000;4,75989000;
202300030075.0;1;31;31151;2;1;1.0;1.0;43,47478900;1,49738100;
202300030076.0;1;2B;2B033;2;1;1.0;1.0;42,69667000;9,44810000;
202300030077.0;1;49;49267;1;1;1.0;4.0;47,47295000; -0,46330000;
202300030078.0;1;49;49007;2;1;1.0;7.0;47,45044000; -0,55565000;
202300030079.0;1;86;86018;1;1;1.0;6.0;47,04818000;0,10779300;
202300030080.0;1;94;94034;1;1;1.0;5.0;48,75772551;2,32805983;
202300030081.0;1;2B;2B120;1;1;1.0;3.0;42,64646000;9,44000000;
202300030082.0;1;85;85035;2;6;1.0;3.0;46,63287000; -1,86224700;
202300030083.0;1;971;97113;1;1;1.0;3.0;16,23580000; -61,50540000;
202300030084.0;1;91;91161;1;1;1.0;3.0;48,69983000;2,31112000;
202300030085.0;1;44;44114;1;1;1.0;4.0;47,26266000; -1,60947000;
202300030086.0;1;53;53056;1;1;1.0;7.0;48,12244100; -0,68757400;
202300030087.0;1;971;97101;2;1;3.0;6.0;16,28453000; -61,49393000;
202300030088.0;5;76;76557;2;1;5.0;6.0;49,52827300;0,66070900;
202300030089.0;1;91;91286;1;1;1.0;2.0;48,65000000;2,38447000;
202300030090.0;1;44;44190;1;1;1.0;5.0;47,21206000; -1,48746000;
202300030091.0;1;971;97101;1;1;1.0;7.0;16,25401768; -61,53820574;
202300030092.0;1;62;62014;2;2;1.0;1.0;50,63263544;2,40608150;
202300030093.0;4;94;94021;1;1;1.0;2.0;48,77043046;2,34474022;
202300030094.0;1;971;97120;1;1;1.0;6.0;16,22364062; -61,52597487;
202300030095.0;5;41;41018;2;3;1.0;1.0;47,59800000;1,30700000;
202300030096.0;1;62;62543;1;1;1.0;7.0;50,61641500;2,30410300;
202300030097.0;1;971;97101;2;9;1.0;6.0;16,27194000; -61,50494000;
202300030098.0;1;92;92036;1;1;1.0;2.0;48,93766010;2,29661159;
202300030099.0;5;38;38053;2;2;1.0;3.0;45,58978000;5,27317000;
202300030100.0;1;94;94003;1;1;1.0;3.0;48,81331781;2,33602590;
202300030101.0;4;2A;2A004;2;1;3.0;3.0;41,93360000;8,75425000;
202300030102.0;1;93;93053;1;1;1.0;3.0;48,89645325;2,47035339;
202300030103.0;1;91;91617;1;1;1.0;7.0;48,63296000;2,53707600;
202300030104.0;5;95;95268;2;1;1.0;3.0;48,96410400;2,40573100;
202300030105.0;1;93;93066;1;1;1.0;3.0;48,92190936;2,36424249;
202300030106.0;1;35;35238;2;2;1.0;3.0;48,09588000; -1,66144000;
202300030107.0;1;91;91687;1;1;8.0;2.0;48,66321000;2,36708000;
202300030108.0;5;95;95680;2;9;2.0;6.0;48,99991100;2,40791600;
202300030109.0;3;91;91471;1;1;3.0;2.0;48,70900900;2,18877200;
202300030110.0;1;94;94052;1;1;1.0;3.0;48,83441554;2,49343043;
202300030111.0;2;34;34003;2;1;1.0;6.0;43,30762200;3,49481000;
202300030112.0;1;92;92072;1;1;2.0;7.0;48,82725286;2,22440344;
202300030113.0;5;95;95582;2;2;1.0;3.0;48,97127107;2,25888133;
202300030114.0;1;94;94069;1;1;1.0;3.0;48,81752866;2,42251517;
202300030115.0;5;33;33063;2;2;1.0;3.0;44,86421000; -0,55848000;
202300030116.0;1;92;92072;1;1;2.0;6.0;48,82734237;2,22446553;
202300030117.0;1;94;94028;1;1;1.0;4.0;48,78282771;2,44060622;
202300030118.0;1;31;31555;2;1;1.0;2.0;43,60648000;1,45234000;
202300030119.0;1;92;92036;1;1;2.0;2.0;48,93851705;2,30001759;
202300030120.0;3;93;93051;1;1;1.0;2.0;48,83674117;2,54365064;
202300030121.0;1;91;91339;2;1;1.0;4.0;48,61646000;2,25660000;
202300030122.0;3;92;92036;1;1;2.0;6.0;48,94074039;2,29291143;
202300030123.0;5;31;31555;2;3;1.0;3.0;43,59465000;1,45681000;
202300030124.0;1;59;59599;2;1;1.0;6.0;50,73863020;3,18128496;
202300030125.0;1;974;97411;2;1;1.0;3.0; -20,90519000;55,49036000;
202300030126.0;3;91;91161;2;1;2.0;1.0;48,71214000;2,30811000;
202300030127.0;1;27;27229;2;1;1.0;3.0;49,01800000;1,15000000;
202300030128.0;1;14;14118;1;1;1.0;1.0;49,16945419; -0,38452148;
202300030129.0;1;974;97407;2;1;1.0;3.0; -20,95698000;55,31405000;
202300030130.0;3;91;91689;1;1;2.0;6.0;48,73696500;2,34842200;
202300030131.0;1;59;59512;2;9;1.0;6.0;50,68804600;3,17618900;
202300030132.0;1;976;97611;2;9;1.0;7.0; -12,80251000;45,21363000;
202300030133.0;1;13;13056;1;1;1.0;5.0;43,41317000;5,01546000;
202300030134.0;1;974;97407;2;1;1.0;3.0; -20,94226000;55,29779000;
202300030135.0;1;91;91421;1;1;1.0;3.0;48,69113000;2,45369000;
202300030136.0;1;974;97416;1;1;1.0;6.0; -21,32637000;55,48441000;
202300030137.0;1;13;13205;2;2;1.0;3.0;43,28831590;5,39275602;
202300030138.0;1;972;97209;1;6;1.0;6.0;14,59873000; -61,05310000;
202300030139.0;1;91;91434;2;4;1.0;6.0;48,64873200;2,35331800;
202300030140.0;1;69;69388;2;1;1.0;6.0;45,74173000;4,86034000;
202300030141.0;1;13;13203;2;1;1.0;6.0;43,31303000;5,38486000;
202300030142.0;1;2B;2B120;2;1;1.0;3.0;42,64722000;9,43343000;
202300030143.0;1;91;91027;2;3;1.0;6.0;48,70822200;2,38028500;
202300030144.0;1;69;69383;2;2;1.0;3.0;45,75419000;4,86396000;
202300030145.0;3;13;13206;2;1;1.0;6.0;43,29028000;5,38120000;
202300030146.0;1;2B;2B033;2;1;1.0;6.0;42,69565000;9,44985000;
202300030147.0;5;87;87085;2;1;1.0;2.0;45,82940000;1,26984000;
202300030148.0;1;13;13001;2;1;1.0;3.0;43,55184000;5,42492000;
202300030149.0;1;972;97213;1;1;1.0;4.0;14,63653000; -60,97720000;
202300030150.0;1;2A;2A004;1;1;1.0;4.0;41,93777000;8,80381000;
202300030151.0;5;09;09122;2;9;1.0;6.0;42,96634400;1,60944000;
202300030152.0;1;86;86194;2;1;1.0;3.0;46,58429000;0,39378000;
202300030153.0;1;06;06027;2;3;1.0;6.0;43,65992000;7,13772000;
202300030154.0;1;95;95306;2;1;8.0;6.0;49,00354955;2,18841970;
202300030155.0;5;972;97213;1;2;1.0;3.0;14,61762000; -60,99525000;
202300030156.0;5;84;84087;2;2;1.0;1.0;44,15228000;4,80290000;
202300030157.0;5;75;75120;2;1;1.0;3.0;48,85544700;2,41382600;
202300030158.0;5;91;91691;2;2;1.0;6.0;48,71835000;2,50012000;
202300030159.0;1;972;97209;1;1;1.0;2.0;14,61841000; -61,03687000;
202300030160.0;1;84;84080;2;3;1.0;3.0;44,03020000;4,97915000;
202300030161.0;5;75;75114;2;2;1.0;3.0;48,82612000;2,31270100;
202300030162.0;1;91;91479;2;2;1.0;3.0;48,70700000;2,36000000;
202300030163.0;1;971;97101;1;1;1.0;4.0;16,27168000; -61,54797000;
202300030164.0;1;75;75119;2;7;1.0;6.0;48,88249268;2,38264114;
202300030165.0;1;78;78172;2;6;2.0;3.0;48,98815700;2,07428500;
202300030166.0;1;84;84007;1;2;1.0;4.0;43,94418000;4,88284000;
202300030167.0;1;971;97101;2;3;1.0;6.0;16,24982000; -61,52369000;
202300030168.0;5;75;75117;2;2;1.0;3.0;48,88108000;2,28970800;
202300030169.0;1;2A;2A004;2;1;1.0;2.0;41,92908000;8,77026000;
202300030170.0;1;83;83126;2;3;1.0;6.0;43,10615523;5,86689707;
202300030171.0;1;75;75116;2;3;1.0;2.0;48,85562600;2,28092700;
202300030172.0;5;82;82042;2;3;8.0;6.0;44,23514000;1,21235000;
202300030173.0;5;75;75114;2;3;1.0;6.0;48,83734500;2,31947200;
202300030174.0;3;82;82085;2;1;2.0;6.0;43,98433000;1,29932000;
202300030175.0;5;75;75115;2;5;1.0;3.0;48,84509400;2,32012500;
202300030176.0;1;91;91477;2;6;1.0;2.0;48,71869000;2,23148000;
202300030177.0;5;75;75112;2;2;1.0;6.0;48,85035600;2,38139100;
202300030178.0;5;81;81065;2;1;2.0;2.0;43,60360000;2,24877000;
202300030179.0;1;91;91114;2;2;1.0;3.0;48,68231000;2,49380000;
202300030180.0;5;75;75112;2;4;1.0;3.0;48,82664908;2,39040077;
202300030181.0;1;91;91114;2;1;1.0;7.0;48,69187700;2,48964900;
202300030182.0;5;75;75110;2;2;1.0;3.0;48,87799000;2,35211000;
202300030183.0;1;91;91589;2;1;1.0;3.0;48,68136000;2,34324000;
202300030184.0;5;77;77215;2;1;1.0;1.0;48,73898512;2,74747610;
202300030185.0;5;75;75108;2;2;1.0;2.0;48,87370000;2,30651300;
202300030186.0;1;87;87085;2;1;1.0;2.0;45,82795000;1,25741000;
202300030187.0;5;76;76540;2;2;2.0;6.0;49,44006000;1,08932000;
202300030188.0;5;75;75107;2;5;1.0;6.0;48,85766000;2,30025000;
202300030189.0;1;83;83137;2;5;1.0;1.0;43,11458701;5,94525647;
202300030190.0;5;75;75104;2;2;1.0;3.0;48,85120300;2,36262600;
202300030191.0;5;73;73008;2;6;1.0;3.0;45,69695000;5,90741000;
202300030192.0;1;83;83069;2;1;1.0;6.0;43,12056100;6,13122600;
202300030193.0;5;72;72181;2;9;1.0;3.0;48,00182000;0,20965000;
202300030194.0;1;75;75102;2;2;1.0;3.0;48,86736800;2,34400500;
202300030195.0;1;81;81004;2;6;1.0;3.0;43,91905000;2,12639000;
202300030196.0;1;72;72181;2;9;1.0;6.0;47,99372000;0,20397000;
202300030197.0;5;75;75101;2;3;1.0;2.0;48,86245700;2,35051600;
202300030198.0;3;75;75102;2;2;1.0;3.0;48,86888700;2,33854000;
202300030199.0;1;71;71306;2;3;2.0;3.0;46,67062610;4,35513278;
202300030200.0;5;94;94068;2;1;1.0;6.0;48,78755000;2,49510000;
202300030201.0;1;77;77464;2;1;1.0;6.0;48,88277000;2,70796000;
202300030202.0;1;71;71270;2;1;3.0;3.0;46,32959000;4,82361000;
202300030203.0;5;94;94076;2;2;1.0;3.0;48,79599000;2,36841000;
202300030204.0;1;76;76351;2;3;1.0;3.0;49,50920000;0,13485000;
202300030205.0;1;94;94021;2;6;1.0;3.0;48,76806000;2,35275000;
202300030206.0;5;71;71076;2;2;1.0;3.0;46,79176000;4,84963000;
202300030207.0;1;72;72181;2;1;1.0;6.0;47,97385000;0,22356000;
202300030208.0;5;94;94004;2;3;1.0;3.0;48,75136618;2,50296396;
202300030209.0;1;69;69092;2;3;2.0;3.0;45,99804078;4,70645724;
202300030210.0;1;70;70550;2;9;1.0;3.0;47,64141400;6,17227500;
202300030211.0;1;93;93051;2;1;1.0;5.0;48,85132000;2,53424000;
202300030212.0;5;93;93046;2;1;1.0;6.0;48,91312000;2,52372900;
202300030213.0;1;69;69259;2;3;1.0;6.0;45,71803329;4,87207906;
202300030214.0;1;69;69029;2;3;1.0;3.0;45,73888000;4,91036000;
202300030215.0;1;93;93007;2;1;1.0;2.0;48,92914195;2,47888416;
202300030216.0;1;65;65286;2;1;1.0;6.0;43,10244000; -0,04340000;
202300030217.0;1;69;69259;2;1;2.0;6.0;45,71074000;4,88539000;
202300030218.0;1;92;92063;2;1;1.0;6.0;48,86026753;2,18534678;
202300030219.0;5;92;92044;2;1;1.0;2.0;48,89718000;2,27441000;
202300030220.0;1;68;68224;2;1;2.0;1.0;47,74498000;7,34661000;
202300030221.0;1;64;64483;2;2;8.0;3.0;43,37500000; -1,63800000;
202300030222.0;5;92;92025;2;1;1.0;1.0;48,91644800;2,24597000;
202300030223.0;5;67;67482;2;8;3.0;1.0;48,57196000;7,72437000;
202300030224.0;1;64;64445;2;1;1.0;4.0;43,31579000; -0,31409000;
202300030225.0;2;01;01004;2;3;1.0;3.0;45,95568500;5,33457600;
202300030226.0;1;18;18233;2;1;1.0;6.0;47,34367200;2,85822100;
202300030227.0;1;67;67482;2;3;8.0;3.0;48,58568000;7,77523000;
202300030228.0;1;59;59512;2;1;1.0;3.0;50,69646000;3,18667000;
202300030229.0;1;84;84069;1;1;1.0;7.0;44,21005600;5,17282700;
202300030230.0;1;974;97422;2;6;1.0;3.0; -21,24054200;55,52807800;
202300030231.0;1;66;66136;2;6;1.0;5.0;42,67425000;2,88830000;
202300030232.0;5;974;97422;2;3;1.0;3.0; -21,26612800;55,50889800;
202300030233.0;1;58;58194;2;3;1.0;3.0;46,99167400;3,12876700;
202300030234.0;5;64;64445;2;2;2.0;1.0;43,31129000; -0,35642000;
202300030235.0;1;57;57631;2;9;1.0;3.0;49,10604000;7,06057200;
202300030236.0;1;22;22246;1;1;1.0;5.0;48,47682000; -2,60696000;
202300030237.0;5;64;64348;2;2;1.0;3.0;43,32091474; -0,37905782;
202300030238.0;3;26;26216;1;1;1.0;1.0;45,18744000;4,89086300;
202300030239.0;1;57;57019;1;1;1.0;7.0;49,26145000;6,12639000;
202300030240.0;2;64;64284;2;1;1.0;4.0;43,26777141; -0,38945407;
202300030241.0;4;42;42032;2;1;1.0;3.0;45,52312700;4,54325400;
202300030242.0;1;57;57227;2;4;3.0;6.0;49,17770346;6,88526809;
202300030243.0;3;64;64230;2;1;1.0;2.0;43,25246932; -0,38926482;
202300030244.0;3;42;42032;1;1;1.0;6.0;45,52272100;4,54937000;
202300030245.0;3;30;30135;1;1;1.0;1.0;43,83141900;4,57619600;
202300030246.0;5;64;64102;2;1;3.0;6.0;43,47355000; -1,48961000;
202300030247.0;1;54;54578;2;1;1.0;3.0;48,67458097;6,15881860;
202300030248.0;1;64;64102;2;1;2.0;1.0;43,51017000; -1,44978000;
202300030249.0;1;56;56211;1;1;1.0;5.0;47,77417700; -2,31682600;
202300030250.0;1;53;53130;2;1;1.0;3.0;48,06661000; -0,76730000;
202300030251.0;5;64;64024;2;1;2.0;7.0;43,49132000; -1,51704000;
202300030252.0;1;56;56193;1;9;1.0;3.0;47,70907100; -3,27842300;
202300030253.0;1;51;51454;2;1;1.0;6.0;49,26023024;4,01964024;
202300030254.0;5;51;51454;2;1;1.0;7.0;49,25650976;4,02636856;
202300030255.0;2;62;62525;2;2;2.0;3.0;50,74129000;2,26157000;
202300030256.0;1;78;78565;1;2;1.0;5.0;48,88943900;1,72254700;
202300030257.0;1;79;79202;2;6;1.0;6.0;46,63766900; -0,26513600;
202300030258.0;1;62;62765;2;1;3.0;6.0;50,74757000;2,25071000;
202300030259.0;1;51;51058;2;2;1.0;3.0;49,21940000;3,99955000;
202300030260.0;1;61;61140;1;1;1.0;1.0;48,71852000;0,65972000;
202300030261.0;1;62;62737;2;1;1.0;2.0;50,44675000;2,69107000;
202300030262.0;1;34;34150;1;1;1.0;7.0;43,35033600;3,51172000;
202300030263.0;1;50;50129;2;1;1.0;3.0;49,62862000; -1,61816000;
202300030264.0;1;62;62215;2;1;1.0;6.0;50,49145000;2,97151000;
202300030265.0;2;34;34147;1;1;1.0;2.0;43,45587800;3,20751400;
202300030266.0;1;49;49328;2;1;1.0;3.0;47,26478119; -0,09849072;
202300030267.0;4;62;62510;1;1;3.0;6.0;50,42186114;2,79985294;
202300030268.0;1;34;34130;1;1;1.0;5.0;43,52214900;3,18839000;
202300030269.0;2;62;62160;2;1;2.0;6.0;50,72663000;1,62126000;
202300030270.0;1;49;49099;2;1;1.0;1.0;47,06128000; -0,84814000;
202300030271.0;1;62;62119;2;1;1.0;6.0;50,53301224;2,63509950;
202300030272.0;4;68;68290;2;6;1.0;6.0;47,94109900;7,46370200;
202300030273.0;1;43;43157;2;1;1.0;4.0;45,02589800;3,88171200;
202300030274.0;5;62;62041;2;1;3.0;2.0;50,29730000;2,77989000;
202300030275.0;1;42;42237;1;1;1.0;2.0;45,44040000;4,45566000;
202300030276.0;1;35;35078;2;1;8.0;7.0;48,60643300; -1,70787500;
202300030277.0;1;42;42218;2;1;1.0;6.0;45,42724000;4,40499000;
202300030278.0;2;31;31579;1;1;1.0;7.0;43,73684100;1,49102900;
202300030279.0;1;61;61006;2;1;2.0;6.0;48,75045000; -0,02971000;
202300030280.0;1;38;38053;2;3;1.0;3.0;45,58973000;5,28440000;
202300030281.0;3;02;02656;1;1;1.0;1.0;49,36727700;3,81408000;
202300030282.0;5;60;60057;2;7;1.0;3.0;49,43513000;2,08814000;
202300030283.0;1;33;33318;2;1;1.0;6.0;44,80191000; -0,64545000;
202300030284.0;1;02;02158;1;6;1.0;3.0;49,46856700;3,66517400;
202300030285.0;1;33;33281;2;1;1.0;6.0;44,82685000; -0,61590000;
202300030286.0;1;60;60057;2;2;1.0;3.0;49,42353136;2,10074367;
202300030287.0;3;15;15045;1;1;1.0;6.0;44,86405600;3,01094600;
202300030288.0;5;59;59352;2;2;2.0;6.0;50,74131000;3,07996000;
202300030289.0;1;31;31555;2;1;1.0;3.0;43,58356000;1,42706000;
202300030290.0;1;70;70219;1;1;1.0;2.0;47,53847000;6,35919600;
202300030291.0;1;29;29019;2;1;1.0;1.0;48,39445900; -4,44588100;
202300030292.0;5;59;59512;2;4;3.0;3.0;50,68981000;3,17914000;
202300030293.0;1;06;06079;1;1;1.0;1.0;43,54593100;6,92556500;
202300030294.0;1;27;27701;1;1;1.0;2.0;49,24798000;1,18537000;
202300030295.0;1;59;59350;2;2;2.0;6.0;50,64459000;3,01348000;
202300030296.0;5;64;64399;1;1;1.0;6.0;43,35450100; -0,37995000;
202300030297.0;1;59;59350;2;1;8.0;6.0;50,61304000;3,04705000;
202300030298.0;1;36;36058;1;1;1.0;7.0;46,60485667;0,98637846;
202300030299.0;4;25;25388;2;2;1.0;3.0;47,49701000;6,79184000;
202300030300.0;2;85;85102;1;1;1.0;3.0;46,81075000; -1,63930300;
202300030301.0;1;56;56162;2;1;1.0;6.0;47,73671000; -3,42729000;
202300030302.0;3;24;24053;1;1;1.0;1.0;45,17747000;0,76518000;
202300030303.0;1;30;30184;1;1;1.0;6.0;43,98253600;4,23717700;
202300030304.0;1;15;15014;2;1;3.0;6.0;44,90668000;2,42861000;
202300030305.0;1;56;56083;2;6;8.0;3.0;47,79252000; -3,26561000;
202300030306.0;1;987;98738;1;3;1.0;3.0; -17,61800000; -149,54900000;
202300030307.0;1;56;56121;2;1;1.0;6.0;47,76552000; -3,39417000;
202300030308.0;1;06;06152;1;1;1.0;7.0;43,61632400;7,03942000;
202300030309.0;1;13;13206;2;2;1.0;5.0;43,28937612;5,38167197;
202300030310.0;3;66;66195;1;1;6.0;6.0;42,68951800;2,82389400;
202300030311.0;5;54;54167;2;1;3.0;4.0;48,67146000;5,89753000;
202300030312.0;3;58;58238;1;1;1.0;7.0;47,00920100;3,21249200;
202300030313.0;1;11;11069;2;1;1.0;3.0;43,21573000;2,34857000;
202300030314.0;2;54;54547;2;1;1.0;6.0;48,66689356;6,16652191;
202300030315.0;1;06;06088;2;1;1.0;6.0;43,68844100;7,22752900;
202300030316.0;4;34;34095;1;1;1.0;2.0;43,51477000;3,74751800;
202300030317.0;1;54;54321;1;1;1.0;1.0;49,53660000;5,79995000;
202300030318.0;1;06;06027;2;1;1.0;6.0;43,65149000;7,15335300;
202300030319.0;2;11;11262;1;1;1.0;2.0;43,17413700;3,02772000;
202300030320.0;1;03;03101;1;1;1.0;6.0;46,33968000;2,53630000;
202300030321.0;2;54;54254;1;3;2.0;3.0;49,49229011;5,81161469;
202300030322.0;3;51;51242;1;1;1.0;3.0;48,93510277;4,28531487;
202300030323.0;1;02;02408;2;3;1.0;3.0;49,57830000;3,64060000;
202300030324.0;1;987;98714;1;1;1.0;1.0; -16,38800000; -151,76500000;
202300030325.0;1;51;51454;2;2;8.0;3.0;49,28724000;4,02647000;
202300030326.0;1;974;97412;2;1;1.0;2.0; -21,38111200;55,61223600;
202300030327.0;1;75;75120;2;3;1.0;3.0;48,85838100;2,40067400;
202300030328.0;1;51;51573;2;1;2.0;2.0;49,25319000;3,98871000;
202300030329.0;1;978;97801;2;1;1.0;3.0;18,06117000; -63,09463300;
202300030330.0;1;75;75120;2;3;1.0;2.0;48,87359900;2,39036900;
202300030331.0;2;51;51454;2;2;2.0;1.0;49,25155000;4,04194000;
202300030332.0;2;91;91038;2;9;1.0;3.0;48,49143600;2,22186300;
202300030333.0;5;50;50502;2;1;1.0;6.0;49,10738000; -1,07075000;
202300030334.0;1;75;75120;2;9;1.0;2.0;48,85474000;2,41025800;
202300030335.0;1;66;66138;2;4;1.0;1.0;42,75495400;2,85367200;
202300030336.0;1;50;50129;2;1;2.0;3.0;49,62995000; -1,60466000;
202300030337.0;1;75;75120;2;3;2.0;6.0;48,85407200;2,41070500;
202300030338.0;1;73;73015;2;1;1.0;6.0;45,39851000;6,57263500;
202300030339.0;5;50;50129;2;1;1.0;2.0;49,63368000; -1,60638000;
202300030340.0;1;75;75117;2;2;1.0;6.0;48,88911200;2,32272300;
202300030341.0;4;07;07059;1;1;1.0;1.0;44,99207400;4,84675200;
202300030342.0;5;49;49353;2;2;1.0;2.0;47,44370000; -0,49817000;
202300030343.0;4;69;69177;1;6;9.0;6.0;45,80014400;4,63508200;
202300030344.0;1;75;75117;2;4;1.0;3.0;48,88155200;2,30069200;
202300030345.0;3;33;33539;1;1;1.0;6.0;44,88033800; -0,30694100;
202300030346.0;1;75;75116;2;2;8.0;6.0;48,85467900;2,26936600;
202300030347.0;1;49;49007;2;2;1.0;1.0;47,47855000; -0,55608000;
202300030348.0;1;33;33474;1;1;1.0;6.0;44,66216300; -0,46084600;
202300030349.0;4;49;49007;2;1;1.0;2.0;47,46818000; -0,53351000;
202300030350.0;1;75;75107;2;1;1.0;6.0;48,86152800;2,29752100;