Num_Acc;lum;departement;commune;agglomeration;intersection;meteo;type_collision;lat;long;date
202300030351.0;1;33;33233;1;1;1.0;6.0;45,08147600; -0,34334400;
202300030352.0;4;49;49007;2;1;2.0;3.0;47,49290000; -0,52220000;
202300030353.0;5;76;76481;1;6;1.0;2.0;49,55498000;0,11149000;
202300030354.0;1;94;94042;2;1;1.0;7.0;48,81937503;2,46355712;
202300030355.0;1;22;22035;1;2;1.0;1.0;48,44483500; -1,97534000;
202300030356.0;5;49;49007;2;1;2.0;5.0;47,47224000; -0,55840000;
202300030357.0;5;76;76351;2;1;2.0;6.0;49,48889000;0,12498000;
202300030358.0;1;94;94003;2;9;1.0;6.0;48,80990000;2,32730000;
202300030359.0;5;62;62443;1;1;1.0;6.0;50,44462900;2,63348100;
202300030360.0;5;76;76351;2;1;2.0;6.0;49,51702000;0,09958000;
202300030361.0;1;49;49007;2;2;8.0;2.0;47,47384000; -0,57549000;
202300030362.0;1;94;94041;2;3;1.0;6.0;48,81129927;2,38411897;
202300030363.0;3;73;73011;1;1;1.0;2.0;45,66262672;6,40528947;
202300030364.0;5;45;45075;2;1;1.0;3.0;47,88859017;1,83437526;
202300030365.0;3;83;83126;1;1;1.0;7.0;43,11997155;5,85327311;
202300030366.0;1;94;94065;2;1;1.0;6.0;48,74019943;2,35357486;
202300030367.0;1;71;71306;2;1;1.0;7.0;46,67982878;4,36758846;
202300030368.0;1;45;45234;2;1;1.0;6.0;47,87211700;1,92065200;
202300030369.0;1;71;71306;2;1;1.0;6.0;46,67435086;4,36257541;
202300030370.0;1;94;94022;2;3;1.0;3.0;48,77199000;2,41824000;
202300030371.0;1;45;45232;2;1;1.0;7.0;47,85035000;1,91146000;
202300030372.0;5;44;44109;2;6;2.0;3.0;47,20083554; -1,54449670;
202300030373.0;5;69;69282;1;3;1.0;4.0;45,76046000;5,03089000;
202300030374.0;1;94;94018;2;3;1.0;3.0;48,82305000;2,41133000;
202300030375.0;5;44;44162;2;1;2.0;6.0;47,22223000; -1,63869000;
202300030376.0;1;69;69290;2;2;1.0;2.0;45,71510000;4,92561000;
202300030377.0;1;93;93064;2;2;1.0;2.0;48,87103140;2,47092980;
202300030378.0;2;40;40279;1;1;1.0;5.0;43,72160000; -1,03880000;
202300030379.0;5;67;67482;2;3;1.0;3.0;48,57626000;7,72681000;
202300030380.0;1;93;93048;2;1;8.0;3.0;48,86324000;2,44407000;
202300030381.0;5;37;37261;2;2;2.0;2.0;47,42290000;0,68568000;
202300030382.0;5;67;67482;2;4;1.0;3.0;48,59354000;7,75853000;
202300030383.0;1;93;93046;2;1;1.0;3.0;48,91821000;2,53571000;
202300030384.0;5;37;37261;2;2;8.0;3.0;47,38695000;0,69822000;
202300030385.0;1;67;67180;2;9;8.0;6.0;48,82759000;7,79402000;
202300030386.0;1;93;93005;2;1;1.0;1.0;48,92918771;2,51238846;
202300030387.0;1;37;37261;2;3;8.0;3.0;47,38256763;0,69210380;
202300030388.0;1;66;66136;2;1;1.0;6.0;42,68988000;2,85981000;
202300030389.0;1;92;92072;2;9;1.0;2.0;48,82658000;2,22654000;
202300030390.0;5;64;64140;2;2;1.0;6.0;43,52268000; -1,48939000;
202300030391.0;1;37;37208;2;4;8.0;2.0;47,37188593;0,71603179;
202300030392.0;5;92;92072;2;3;1.0;3.0;48,82644000;2,21926000;
202300030393.0;5;63;63113;2;2;2.0;3.0;45,76956000;3,08731000;
202300030394.0;1;37;37122;2;3;8.0;3.0;47,35403000;0,69387000;
202300030395.0;1;92;92063;2;1;1.0;1.0;48,87217450;2,18297392;
202300030396.0;1;37;37195;2;6;8.0;3.0;47,38480323;0,65418005;
202300030397.0;3;62;62842;1;9;1.0;4.0;50,46237529;2,83096218;
202300030398.0;1;92;92044;2;3;1.0;3.0;48,89812622;2,28014320;
202300030399.0;2;37;37261;2;6;8.0;3.0;47,37348000;0,67865000;
202300030400.0;1;62;62624;1;9;1.0;6.0;50,41540886;2,98103499;
202300030401.0;3;37;37122;1;1;8.0;6.0;47,36625000;0,65284000;
202300030402.0;5;60;60057;2;1;1.0;6.0;49,42463000;2,09853000;
202300030403.0;1;36;36044;2;1;1.0;6.0;46,80670000;1,68041000;
202300030404.0;1;59;59152;2;1;8.0;2.0;50,76351000;3,01048000;
202300030405.0;1;92;92044;2;1;1.0;2.0;48,90118384;2,28516161;
202300030406.0;1;35;35238;1;1;1.0;4.0;48,13670000; -1,70342000;
202300030407.0;5;59;59299;2;2;1.0;1.0;50,66041000;3,18461000;
202300030408.0;1;57;57672;2;1;1.0;6.0;49,35582900;6,16354000;
202300030409.0;1;92;92040;2;1;1.0;7.0;48,82989805;2,26619750;
202300030410.0;1;35;35238;2;2;1.0;3.0;48,12857000; -1,66423000;
202300030411.0;5;57;57631;2;1;1.0;6.0;49,10666000;7,06005000;
202300030412.0;1;92;92025;2;1;1.0;1.0;48,91823100;2,23888900;
202300030413.0;3;34;34129;1;1;1.0;2.0;43,57100000;3,89612000;
202300030414.0;5;49;49007;2;1;2.0;6.0;47,47664000; -0,52054000;
202300030415.0;5;33;33063;2;1;1.0;2.0;44,83146000; -0,54600000;
202300030416.0;5;49;49007;2;1;1.0;7.0;47,46443000; -0,54600000;
202300030417.0;4;31;31555;1;1;1.0;1.0;43,57021000;1,41264000;
202300030418.0;1;49;49015;2;1;8.0;1.0;47,50336600; -0,63226300;
202300030419.0;1;31;31555;2;1;1.0;3.0;43,60914000;1,42375000;
202300030420.0;3;31;31483;1;1;1.0;6.0;43,13399500;0,72606600;
202300030421.0;5;47;47001;2;2;1.0;3.0;44,20729000;0,61544000;
202300030422.0;5;92;92012;2;1;1.0;7.0;48,82547000;2,23427000;
202300030423.0;1;31;31483;2;1;1.0;2.0;43,11180000;0,74350000;
202300030424.0;1;45;45234;2;3;8.0;6.0;47,90703000;1,89990000;
202300030425.0;1;92;92009;2;1;1.0;6.0;48,91627800;2,26758000;
202300030426.0;3;29;29232;1;1;3.0;7.0;47,97849253; -4,04788430;
202300030427.0;5;37;37261;2;1;2.0;6.0;47,38145000;0,70263000;
202300030428.0;1;60;60122;1;1;1.0;7.0;49,61052900;1,77658800;
202300030429.0;1;29;29039;2;1;2.0;6.0;47,87214000; -3,92281000;
202300030430.0;3;35;35238;1;1;1.0;2.0;48,10978000; -1,71777000;
202300030431.0;5;29;29019;2;6;2.0;3.0;48,38532600; -4,52825300;
202300030432.0;5;35;35238;2;6;1.0;3.0;48,10378000; -1,64992000;
202300030433.0;1;47;47091;1;1;1.0;7.0;44,18001900;0,57304300;
202300030434.0;1;28;28134;2;2;1.0;3.0;48,72976000;1,37499000;
202300030435.0;3;35;35278;2;1;2.0;3.0;48,14094500; -1,68645800;
202300030436.0;1;27;27701;2;1;1.0;6.0;49,27202000;1,21238000;
202300030437.0;1;34;34148;1;1;1.0;1.0;43,36911900;3,17243100;
202300030438.0;5;35;35150;2;6;8.0;3.0;48,35162800; -1,23512500;
202300030439.0;5;26;26362;2;1;2.0;6.0;44,90842000;4,88364000;
202300030440.0;1;86;86096;1;1;1.0;1.0;46,82178300;0,31880900;
202300030441.0;5;34;34003;2;6;1.0;3.0;43,31100000;3,47800000;
202300030442.0;3;26;26058;1;1;1.0;7.0;44,96978686;4,88536990;
202300030443.0;2;31;31149;2;1;2.0;6.0;43,60584200;1,32490800;
202300030444.0;3;25;25056;2;1;2.0;6.0;47,25137000;5,98530000;
202300030445.0;5;31;31555;2;1;1.0;3.0;43,59256200;1,40210100;
202300030446.0;5;22;22278;2;3;2.0;2.0;48,51655934; -2,73487151;
202300030447.0;1;11;11148;1;9;1.0;3.0;43,16909000;2,70748600;
202300030448.0;1;17;17415;2;1;2.0;2.0;45,74897900; -0,66860000;
202300030449.0;1;30;30028;2;1;1.0;1.0;44,16560000;4,62564000;
202300030450.0;3;17;17415;2;6;2.0;3.0;45,74098000; -0,62231000;
202300030451.0;1;29;29019;2;6;2.0;3.0;48,38527300; -4,52877700;
202300030452.0;1;84;84069;1;1;1.0;3.0;44,19202100;5,14134400;
202300030453.0;5;17;17300;2;1;2.0;2.0;46,16162000; -1,15530000;
202300030454.0;1;29;29019;2;3;2.0;1.0;48,40170000; -4,48306000;
202300030455.0;1;15;15014;2;1;2.0;2.0;44,92961200;2,44288700;
202300030456.0;5;28;28220;1;1;2.0;2.0;48,41621000;1,46605000;
202300030457.0;1;14;14557;1;1;1.0;7.0;49,34074000;0,09739000;
202300030458.0;5;25;25462;2;4;1.0;6.0;46,90242000;6,35108000;
202300030459.0;5;14;14118;2;2;3.0;1.0;49,20868900; -0,37695900;
202300030460.0;1;23;23096;1;1;8.0;3.0;46,14870600;1,86609600;
202300030461.0;5;21;21231;2;1;1.0;6.0;47,34800000;5,05800000;
202300030462.0;1;13;13117;2;4;2.0;6.0;43,42922000;5,27330000;
202300030463.0;1;19;19031;2;3;1.0;3.0;45,15620000;1,50316000;
202300030464.0;5;14;14566;2;1;3.0;6.0;49,20420000; -0,39683300;
202300030465.0;3;14;14437;1;1;1.0;3.0;49,17156000; -0,30559000;
202300030466.0;5;14;14118;2;1;1.0;6.0;49,18118000; -0,39870000;
202300030467.0;1;33;33550;1;1;1.0;2.0;44,77917000; -0,55174000;
202300030468.0;5;13;13206;2;2;1.0;2.0;43,28389000;5,38421000;
202300030469.0;1;33;33397;1;1;1.0;3.0;44,91169000; -0,48543000;
202300030470.0;1;13;13205;2;2;1.0;3.0;43,28734000;5,38908000;
202300030471.0;1;59;59566;1;1;1.0;6.0;50,61990000;2,97392000;
202300030472.0;1;91;91659;1;1;1.0;6.0;48,58618000;2,45184000;
202300030473.0;5;13;13215;2;1;1.0;2.0;43,35969559;5,36479323;
202300030474.0;1;91;91689;1;1;1.0;2.0;48,74019000;2,32033000;
202300030475.0;5;13;13205;2;2;1.0;1.0;43,29546000;5,39653000;
202300030476.0;1;94;94034;1;1;1.0;3.0;48,75337728;2,33158098;
202300030477.0;3;11;11069;1;1;2.0;6.0;43,18239000;2,40363000;
202300030478.0;1;17;17415;2;1;1.0;2.0;45,74726000; -0,63500000;
202300030479.0;1;78;78646;1;1;1.0;5.0;48,79065300;2,11103200;
202300030480.0;1;17;17306;2;1;7.0;3.0;45,62430000; -1,02824000;
202300030481.0;1;92;92025;1;1;1.0;3.0;48,92201331;2,22672770;
202300030482.0;5;75;75113;2;1;1.0;2.0;48,82523000;2,38552900;
202300030483.0;1;17;17300;2;2;1.0;3.0;46,16309000; -1,16514000;
202300030484.0;1;92;92036;1;1;1.0;3.0;48,93540166;2,26544968;
202300030485.0;1;17;17300;2;1;1.0;6.0;46,16827000; -1,14272000;
202300030486.0;1;95;95151;1;1;1.0;6.0;49,06365200;2,26811700;
202300030487.0;5;15;15014;2;1;1.0;6.0;44,93236700;2,44137400;
202300030488.0;1;94;94033;1;1;1.0;3.0;48,85628150;2,48912403;
202300030489.0;5;75;75104;2;7;1.0;3.0;48,85718200;2,34749900;
202300030490.0;1;77;77294;1;1;1.0;6.0;48,96577046;2,60780349;
202300030491.0;4;14;14327;2;3;1.0;6.0;49,20804900; -0,33947500;
202300030492.0;1;75;75106;2;1;2.0;3.0;48,84413600;2,33092600;
202300030493.0;1;94;94065;1;1;1.0;2.0;48,75334269;2,35993713;
202300030494.0;3;13;13071;2;1;1.0;2.0;43,37650000;5,34696000;
202300030495.0;1;94;94033;1;1;1.0;2.0;48,85493533;2,48858118;
202300030496.0;5;75;75115;2;1;1.0;6.0;48,84453200;2,30224200;
202300030497.0;1;74;74058;2;1;8.0;6.0;46,28879800;6,80713800;
202300030498.0;5;13;13215;2;3;1.0;3.0;43,34702000;5,36870000;
202300030499.0;1;74;74264;2;2;8.0;6.0;46,05349500;6,55157100;
202300030500.0;1;13;13208;2;1;1.0;6.0;43,25067876;5,38211601;
202300030501.0;1;75;75115;2;2;1.0;3.0;48,84810100;2,28682700;
202300030502.0;3;74;74154;2;3;1.0;3.0;46,38229100;6,65341800;
202300030503.0;1;13;13213;2;9;1.0;3.0;43,33493881;5,42859913;
202300030504.0;4;74;74229;1;1;1.0;7.0;46,24368700;6,32651600;
202300030505.0;1;75;75114;2;2;8.0;2.0;48,82055315;2,32424140;
202300030506.0;5;10;10387;2;1;1.0;4.0;48,28487000;4,07364000;
202300030507.0;3;74;74256;1;1;1.0;7.0;45,95065000;6,64974300;
202300030508.0;1;10;10081;2;1;7.0;7.0;48,32235000;4,05233000;
202300030509.0;1;43;43130;1;1;1.0;7.0;45,04715500;4,19442800;
202300030510.0;5;57;57463;2;1;1.0;6.0;49,11862000;6,17698000;
202300030511.0;1;75;75111;2;3;1.0;2.0;48,85283200;2,37451100;
202300030512.0;1;06;06104;2;1;1.0;4.0;43,76246100;7,48497200;
202300030513.0;5;974;97416;2;6;1.0;6.0; -21,33204567;55,47911972;
202300030514.0;1;75;75103;2;1;1.0;1.0;48,86013500;2,36459300;
202300030515.0;1;06;06069;2;1;1.0;2.0;43,64115000;6,91501000;
202300030516.0;1;974;97416;1;1;2.0;3.0; -21,28011000;55,48334000;
202300030517.0;1;75;75108;2;1;1.0;3.0;48,87614600;2,31827400;
202300030518.0;1;973;97302;2;1;1.0;3.0;4,94458000; -52,31052000;
202300030519.0;5;06;06027;2;1;1.0;3.0;43,66552000;7,15383000;
202300030520.0;1;75;75108;2;1;1.0;7.0;48,87278000;2,29842700;
202300030521.0;1;973;97302;2;1;1.0;3.0;4,92580000; -52,30361000;
202300030522.0;1;03;03185;2;1;1.0;6.0;46,34067000;2,58457000;
202300030523.0;1;75;75107;2;2;1.0;1.0;48,86284000;2,31345200;
202300030524.0;1;973;97302;2;3;1.0;3.0;4,94472109; -52,31106341;
202300030525.0;2;75;75107;2;3;1.0;1.0;48,86054900;2,29562600;
202300030526.0;1;75;75113;2;1;1.0;3.0;48,81670700;2,36510700;
202300030527.0;4;973;97302;2;1;2.0;1.0;4,92854591; -52,32533276;
202300030528.0;1;75;75118;2;1;1.0;7.0;48,90079200;2,35757000;
202300030529.0;1;972;97209;2;1;1.0;3.0;14,61775000; -61,04508000;
202300030530.0;1;75;75104;2;3;1.0;2.0;48,85165600;2,36767000;
202300030531.0;5;75;75113;2;1;1.0;6.0;48,84300000;2,36644400;
202300030532.0;1;69;69202;2;3;1.0;3.0;45,74812654;4,79222312;
202300030533.0;2;94;94011;2;9;8.0;6.0;48,77047000;2,48423000;
202300030534.0;1;75;75106;2;2;1.0;3.0;48,84726400;2,32716600;
202300030535.0;1;69;69384;2;1;1.0;3.0;45,77237000;4,81335000;
202300030536.0;1;93;93048;2;1;1.0;6.0;48,86566700;2,46891500;
202300030537.0;5;75;75106;2;2;1.0;3.0;48,84694200;2,32685500;
202300030538.0;5;93;93045;2;3;8.0;1.0;48,87940000;2,42207000;
202300030539.0;1;971;97113;1;6;1.0;2.0;16,20756000; -61,45661000;
202300030540.0;1;75;75106;2;3;1.0;6.0;48,84883200;2,34175100;
202300030541.0;5;93;93047;2;5;2.0;3.0;48,89837000;2,55329000;
202300030542.0;1;95;95476;2;6;1.0;3.0;49,05794424;2,04721212;
202300030543.0;1;75;75120;2;4;1.0;7.0;48,86304100;2,38804400;
202300030544.0;5;93;93008;2;2;2.0;6.0;48,90978200;2,45122800;
202300030545.0;1;95;95510;1;1;1.0;4.0;49,05781778;2,00791193;
202300030546.0;1;93;93007;2;5;2.0;3.0;48,92930580;2,47993876;
202300030547.0;1;75;75119;2;2;1.0;6.0;48,88386600;2,36859100;
202300030548.0;5;93;93007;2;2;1.0;6.0;48,94075300;2,46314700;
202300030549.0;1;75;75118;2;1;7.0;6.0;48,88497300;2,33009800;
202300030550.0;1;91;91201;2;1;1.0;3.0;48,69464000;2,41410000;
202300030551.0;2;92;92051;2;1;2.0;3.0;48,88436407;2,26936358;
202300030552.0;1;91;91687;2;1;1.0;2.0;48,68000000;2,37600000;
202300030553.0;5;75;75118;2;3;1.0;1.0;48,88732800;2,36706400;
202300030554.0;1;92;92020;2;1;8.0;3.0;48,80810000;2,30550000;
202300030555.0;1;87;87085;2;1;1.0;6.0;45,83413000;1,25983000;
202300030556.0;5;75;75117;2;1;1.0;6.0;48,88009400;2,30753200;
202300030557.0;1;92;92040;2;1;1.0;6.0;48,82377206;2,27422558;
202300030558.0;5;92;92025;2;1;1.0;6.0;48,92303974;2,25189060;
202300030559.0;1;87;87085;2;3;1.0;3.0;45,81449000;1,23222000;
202300030560.0;1;75;75116;2;1;1.0;3.0;48,83888100;2,25682100;
202300030561.0;5;92;92012;2;1;1.0;2.0;48,83877000;2,25004000;
202300030562.0;1;87;87085;2;1;1.0;6.0;45,82202000;1,22870000;
202300030563.0;1;92;92012;2;1;1.0;3.0;48,82813631;2,23299913;
202300030564.0;5;87;87085;2;1;1.0;6.0;45,85597000;1,29216000;
202300030565.0;1;75;75115;2;2;1.0;3.0;48,84331400;2,29575700;
202300030566.0;1;92;92012;2;1;1.0;3.0;48,83460222;2,23286703;
202300030567.0;5;85;85194;2;1;1.0;6.0;46,49584000; -1,78546000;
202300030568.0;1;92;92002;2;1;1.0;7.0;48,75101449;2,29656838;
202300030569.0;1;75;75114;2;2;1.0;3.0;48,83754500;2,32294400;
202300030570.0;1;84;84087;1;3;3.0;3.0;44,15200000;4,82500000;
202300030571.0;1;63;63345;1;1;1.0;5.0;45,69848437;3,00128880;
202300030572.0;5;75;75114;2;2;1.0;7.0;48,82264408;2,31488585;
202300030573.0;1;83;83137;2;9;1.0;6.0;43,11894500;5,93466800;
202300030574.0;5;35;35120;2;3;2.0;6.0;48,22124300; -1,79075000;
202300030575.0;1;83;83123;2;9;1.0;1.0;43,12647576;5,79652753;
202300030576.0;3;54;54062;1;1;1.0;7.0;48,52966888;6,22286478;
202300030577.0;1;75;75111;2;2;1.0;3.0;48,85030700;2,39860300;
202300030578.0;1;81;81060;1;1;1.0;7.0;44,07884000;2,16338000;
202300030579.0;1;24;24294;1;1;1.0;1.0;45,00967000;0,17855500;
202300030580.0;1;78;78551;2;9;1.0;3.0;48,89940000;2,07252000;
202300030581.0;5;75;75108;2;3;1.0;6.0;48,86759100;2,30124200;
202300030582.0;1;83;83072;2;3;1.0;3.0;43,49268900;6,35408900;
202300030583.0;5;06;06044;2;1;1.0;6.0;43,68556300;7,09867900;
202300030584.0;1;75;75107;2;3;1.0;6.0;48,85749500;2,30535400;
202300030585.0;3;28;28211;1;1;1.0;6.0;48,12928400;1,25634700;
202300030586.0;3;85;85274;2;1;1.0;6.0;46,52521000; -0,93981100;
202300030587.0;5;75;75102;2;2;1.0;2.0;48,86702200;2,35298800;
202300030588.0;1;94;94081;2;1;1.0;7.0;48,78748600;2,40251500;
202300030589.0;3;63;63244;1;1;1.0;1.0;45,93059856;3,14449020;
202300030590.0;1;77;77083;2;1;1.0;6.0;48,84069950;2,59287993;
202300030591.0;1;94;94011;2;1;1.0;2.0;48,76655198;2,47996402;
202300030592.0;1;76;76108;2;1;1.0;3.0;49,46677000;1,10284000;
202300030593.0;1;974;97414;1;1;1.0;1.0; -21,27233000;55,41435200;
202300030594.0;5;76;76351;1;2;1.0;6.0;49,49356000;0,09944000;
202300030595.0;1;94;94044;2;1;1.0;6.0;48,74941000;2,47783000;
202300030596.0;1;59;59250;1;1;1.0;2.0;50,58759600;2,92086100;
202300030597.0;1;74;74012;2;1;1.0;3.0;46,19076000;6,23442000;
202300030598.0;5;71;71306;2;1;1.0;6.0;46,67649793;4,36416596;
202300030599.0;3;35;35024;2;1;8.0;1.0;48,18933300; -1,62639500;
202300030600.0;1;94;94017;2;6;1.0;3.0;48,82694000;2,50946000;
202300030601.0;1;51;51193;1;1;1.0;6.0;48,95268400;4,52803000;
202300030602.0;1;71;71445;2;6;1.0;7.0;46,76156417;4,87012312;
202300030603.0;1;76;76334;1;1;8.0;7.0;49,84404400;0,96956500;
202300030604.0;1;94;94002;2;1;1.0;3.0;48,79122000;2,42578000;
202300030605.0;1;79;79079;1;1;1.0;1.0;46,92745300; -0,75476000;
202300030606.0;2;69;69256;2;9;1.0;3.0;45,75346000;4,93235000;
202300030607.0;3;80;80061;1;1;1.0;6.0;49,82187100;1,78098700;
202300030608.0;1;93;93073;2;3;1.0;3.0;48,95335000;2,57366000;
202300030609.0;2;69;69092;2;3;1.0;3.0;45,99641000;4,70690000;
202300030610.0;1;69;69293;2;3;5.0;3.0;45,83879660;4,87751111;
202300030611.0;1;11;11439;1;1;7.0;6.0;43,32274200;2,09278800;
202300030612.0;1;67;67482;2;1;1.0;2.0;48,57783000;7,78430000;
202300030613.0;1;93;93051;2;2;1.0;3.0;48,84661000;2,55640000;
202300030614.0;1;71;71120;2;1;1.0;7.0;46,21047000;4,34230500;
202300030615.0;1;66;66136;2;3;1.0;3.0;42,72245000;2,88653000;
202300030616.0;1;93;93048;2;1;1.0;3.0;48,85995710;2,43890388;
202300030617.0;3;49;49176;1;6;1.0;2.0;47,63567000; -0,72353900;
202300030618.0;1;65;65440;2;6;1.0;3.0;43,22098500;0,06092700;
202300030619.0;1;93;93048;2;2;7.0;6.0;48,86186000;2,44674000;
202300030620.0;2;42;42229;1;1;1.0;6.0;46,17849000;4,38501500;
202300030621.0;2;64;64024;2;1;1.0;6.0;43,47162000; -1,49881000;
202300030622.0;5;42;42323;2;1;1.0;3.0;45,55465700;4,28355300;
202300030623.0;1;93;93053;2;7;1.0;6.0;48,88988500;2,45271400;
202300030624.0;1;62;62737;2;1;1.0;6.0;50,44951000;2,68391000;
202300030625.0;3;47;47290;1;1;1.0;6.0;44,65342709;0,33475011;
202300030626.0;3;62;62846;1;1;1.0;6.0;50,49903172;2,75234556;
202300030627.0;1;93;93007;2;3;1.0;6.0;48,94805448;2,45140761;
202300030628.0;3;47;47269;1;3;8.0;3.0;44,17425600;0,75126000;
202300030629.0;3;86;86177;1;1;1.0;6.0;46,68367800;0,26377100;
202300030630.0;1;60;60665;1;1;1.0;2.0;49,42001000;2,79415000;
202300030631.0;1;93;93005;2;6;1.0;3.0;48,96446000;2,49465600;
202300030632.0;1;25;25609;1;1;1.0;1.0;46,88724000;6,43082100;
202300030633.0;5;92;92078;2;1;1.0;3.0;48,93040229;2,32707417;
202300030634.0;1;59;59526;2;1;1.0;6.0;50,44429651;3,41612577;
202300030635.0;1;59;59279;2;1;1.0;6.0;50,77850104;3,12472951;
202300030636.0;1;92;92046;2;1;1.0;3.0;48,82060297;2,31164795;
202300030637.0;2;44;44036;2;6;2.0;6.0;47,71873400; -1,37375800;
202300030638.0;1;59;59178;2;1;1.0;3.0;50,36300000;3,07809000;
202300030639.0;5;92;92046;2;2;1.0;3.0;48,81958330;2,30611145;
202300030640.0;1;56;56121;2;1;1.0;1.0;47,73175000; -3,37686000;
202300030641.0;1;92;92064;2;3;1.0;2.0;48,84973412;2,22108964;
202300030642.0;5;50;50267;1;3;1.0;3.0;49,21146000; -1,51625800;
202300030643.0;1;56;56098;2;1;1.0;6.0;47,76950000; -3,35129000;
202300030644.0;1;92;92063;2;3;1.0;3.0;48,89060425;2,17638481;
202300030645.0;1;56;56121;2;1;7.0;6.0;47,75708000; -3,35575000;
202300030646.0;3;18;18075;1;9;5.0;3.0;47,01543400;3,06540000;
202300030647.0;1;92;92051;2;1;1.0;1.0;48,87962989;2,25023299;
202300030648.0;2;10;10166;2;1;1.0;7.0;48,46591300;4,01961500;
202300030649.0;5;56;56098;2;1;1.0;6.0;47,77536000; -3,35451000;
202300030650.0;1;85;85146;1;1;7.0;2.0;47,02697600; -1,34992400;
202300030651.0;1;92;92050;2;1;1.0;3.0;48,89250203;2,21360743;
202300030652.0;1;56;56107;2;6;1.0;3.0;47,70973000; -3,38444000;
202300030653.0;1;27;27468;1;3;1.0;3.0;49,23433600;0,70620400;
202300030654.0;5;92;92036;2;3;1.0;6.0;48,93425736;2,30306715;
202300030655.0;1;54;54329;1;3;1.0;3.0;48,59961000;6,46697000;
202300030656.0;3;88;88060;1;4;5.0;7.0;48,35848000;6,04442200;
202300030657.0;1;92;92026;2;1;1.0;2.0;48,89978738;2,24553055;
202300030658.0;1;51;51172;2;3;1.0;2.0;49,21657000;4,05787000;
202300030659.0;2;49;49180;1;1;1.0;1.0;47,39047929; -0,12107894;
202300030660.0;1;92;92025;2;8;1.0;6.0;48,91586271;2,22699165;
202300030661.0;1;51;51454;2;1;1.0;6.0;49,25702000;4,02614000;
202300030662.0;1;01;01229;2;2;1.0;6.0;46,33615500;5,12946200;
202300030663.0;1;92;92024;2;3;1.0;3.0;48,90129000;2,31519000;
202300030664.0;1;51;51454;2;3;1.0;6.0;49,25495000;4,03521000;
202300030665.0;3;06;06085;2;3;1.0;3.0;43,58297100;6,97345400;
202300030666.0;1;92;92032;2;9;1.0;6.0;48,78963889;2,30039701;
202300030667.0;1;50;50129;2;6;1.0;2.0;49,63923000; -1,62107000;
202300030668.0;1;18;18032;1;1;1.0;1.0;47,42087200;2,89588500;
202300030669.0;1;49;49007;2;1;1.0;7.0;47,45746000; -0,53284000;
202300030670.0;1;974;97415;1;1;7.0;1.0; -21,06513800;55,23996600;
202300030671.0;3;69;69277;1;6;1.0;6.0;45,72692900;5,02924900;
202300030672.0;4;49;49007;2;1;1.0;7.0;47,46703000; -0,59631000;
202300030673.0;1;45;45286;1;9;1.0;1.0;47,87047000;1,93218000;
202300030674.0;2;62;62706;1;1;5.0;3.0;50,56558900;2,78087100;
202300030675.0;1;44;44109;2;1;1.0;1.0;47,20149000; -1,57702000;
202300030676.0;1;30;30308;2;1;1.0;1.0;43,95883000;4,42198600;
202300030677.0;1;971;97119;1;1;1.0;1.0;16,37390100; -61,45272900;
202300030678.0;1;42;42316;2;1;1.0;6.0;45,40522000;4,26551000;
202300030679.0;3;37;37278;1;1;1.0;6.0;47,20878200;0,65480200;
202300030680.0;3;41;41018;2;6;1.0;6.0;47,57465000;1,32415000;
202300030681.0;1;65;65018;1;1;1.0;7.0;42,95923377; -0,26868886;
202300030682.0;1;29;29297;1;1;7.0;6.0;47,90057400; -3,52453100;
202300030683.0;1;37;37214;2;1;1.0;6.0;47,43215000;0,66504000;
202300030684.0;2;55;55054;1;1;7.0;3.0;48,87117900;5,50694000;
202300030685.0;1;34;34172;2;4;1.0;1.0;43,64033000;3,82872000;
202300030686.0;1;34;34022;1;4;1.0;2.0;43,66105700;4,02779800;
202300030687.0;2;34;34119;2;1;1.0;6.0;43,59389100;3,11732200;
202300030688.0;1;33;33281;2;3;1.0;3.0;44,85270000; -0,69343000;
202300030689.0;1;39;39068;1;1;1.0;1.0;46,27902100;5,79415600;
202300030690.0;1;33;33013;2;3;1.0;3.0;44,86964000; -0,49847000;
202300030691.0;1;33;33063;2;1;1.0;6.0;44,82537000; -0,58947000;
202300030692.0;3;39;39078;1;1;1.0;1.0;47,10856700;5,52364500;
202300030693.0;1;03;03049;1;1;1.0;7.0;46,31492000;3,20102000;
202300030694.0;1;33;33550;2;2;1.0;3.0;44,78209000; -0,54013000;
202300030695.0;2;68;68113;1;3;1.0;2.0;48,18653300;7,38809400;
202300030696.0;1;06;06079;2;1;1.0;6.0;43,52579500;6,93923400;
202300030697.0;1;33;33063;2;1;1.0;7.0;44,83579000; -0,56756000;
202300030698.0;1;33;33063;2;2;1.0;3.0;44,82119000; -0,56580000;
202300030699.0;1;50;50350;1;2;7.0;6.0;49,01484900; -1,32159600;