Num_Acc;lum;departement;commune;agglomeration;intersection;meteo;type_collision;lat;long;date
202300030700.0;1;28;28229;1;1;1.0;1.0;48,47286000;1,46304000;
202300030701.0;3;03;03102;1;1;9.0;6.0;46,52091300;3,70724200;
202300030702.0;1;50;50628;1;1;1.0;1.0;48,72233900; -1,21828100;
202300030703.0;1;27;27701;1;3;1.0;1.0;49,28012000;1,22654000;
202300030704.0;1;10;10323;1;6;1.0;3.0;48,52954800;3,70933400;
202300030705.0;1;25;25056;2;2;1.0;2.0;47,23815000;5,98805000;
202300030706.0;2;26;26064;2;1;1.0;1.0;44,91132400;5,01970100;
202300030707.0;1;85;85140;1;1;1.0;2.0;46,73235200; -0,87071420;
202300030708.0;1;85;85108;1;1;1.0;6.0;46,89695610; -1,38494140;
202300030709.0;1;06;06083;2;3;1.0;6.0;43,77669000;7,49448200;
202300030710.0;3;69;69171;2;3;1.0;3.0;45,81034551;4,59823994;
202300030711.0;5;49;49129;1;1;1.0;6.0;47,49919900; -0,50146600;
202300030712.0;1;06;06029;2;1;1.0;6.0;43,56343000;7,01656000;
202300030713.0;1;976;97614;2;1;1.0;3.0; -12,82400600;45,13266800;
202300030714.0;3;33;33554;1;1;1.0;6.0;44,87852900; -0,48702500;
202300030715.0;1;04;04112;2;2;1.0;3.0;43,80769000;5,79562000;
202300030716.0;1;986;98613;1;1;1.0;7.0; -13,34665600; -176,20570100;
202300030717.0;1;75;75117;2;4;1.0;2.0;48,90036090;2,32234758;
202300030718.0;3;2B;2B337;1;1;1.0;7.0;42,47453400;9,25739800;
202300030719.0;1;83;83104;1;3;1.0;3.0;43,63660301;5,79156362;
202300030720.0;2;75;75114;2;1;1.0;4.0;48,81671400;2,34029800;
202300030721.0;1;33;33056;2;6;2.0;3.0;44,93520000; -0,63388100;
202300030722.0;2;71;71176;2;1;1.0;6.0;46,48727600;4,01200500;
202300030723.0;1;85;85198;1;1;2.0;6.0;46,97911000; -1,05176650;
202300030724.0;1;75;75105;2;3;1.0;5.0;48,84684000;2,36094600;
202300030725.0;3;31;31505;1;1;1.0;6.0;43,17621800;1,09278600;
202300030726.0;2;33;33266;1;1;1.0;7.0;45,05476080; -0,32689020;
202300030727.0;1;75;75119;2;1;1.0;3.0;48,88795200;2,38998500;
202300030728.0;1;22;22273;1;2;1.0;3.0;48,54451600; -2,53976800;
202300030729.0;1;75;75119;2;1;1.0;2.0;48,88911400;2,39592900;
202300030730.0;1;75;75118;2;1;1.0;3.0;48,89668700;2,37061000;
202300030731.0;1;27;27180;2;9;1.0;6.0;49,18328100;1,35895700;
202300030732.0;1;75;75116;2;1;1.0;6.0;48,84688300;2,27451200;
202300030733.0;4;59;59438;2;1;1.0;3.0;50,13845600;3,18383700;
202300030734.0;3;13;13215;1;1;1.0;2.0;43,36643455;5,36080529;
202300030735.0;1;75;75116;2;2;1.0;2.0;48,86499500;2,28866300;
202300030736.0;1;13;13215;2;1;1.0;2.0;43,37709000;5,35822000;
202300030737.0;1;75;75115;2;2;1.0;3.0;48,83608400;2,29397700;
202300030738.0;3;13;13071;1;1;1.0;6.0;43,40442300;5,31622300;
202300030739.0;1;75;75114;2;2;1.0;3.0;48,83945300;2,33757000;
202300030740.0;1;33;33487;1;1;1.0;5.0;44,95380751; -0,45645565;
202300030741.0;1;75;75113;2;2;1.0;3.0;48,83736600;2,37385300;
202300030742.0;1;33;33039;1;1;1.0;4.0;44,80440000; -0,53186000;
202300030743.0;1;75;75112;2;1;1.0;3.0;48,83045800;2,39414300;
202300030744.0;3;33;33487;1;1;1.0;4.0;44,94456648; -0,46581388;
202300030745.0;1;75;75112;2;1;1.0;3.0;48,83272220;2,38323400;
202300030746.0;1;59;59386;1;1;1.0;4.0;50,68222248;3,06420386;
202300030747.0;1;75;75110;2;2;1.0;3.0;48,88061600;2,36199600;
202300030748.0;1;75;75108;2;3;1.0;7.0;48,87183900;2,30113800;
202300030749.0;3;33;33162;1;1;1.0;4.0;44,87369000; -0,63801000;
202300030750.0;5;75;75107;2;2;1.0;1.0;48,85941161;2,32969165;
202300030751.0;1;59;59507;1;1;1.0;5.0;50,60786000;3,09538000;
202300030752.0;1;75;75101;2;3;1.0;6.0;48,86446100;2,33014400;
202300030753.0;1;91;91692;1;1;1.0;2.0;48,68739000;2,19032000;
202300030754.0;1;94;94021;2;1;1.0;6.0;48,77231000;2,36769000;
202300030755.0;1;94;94081;2;1;1.0;6.0;48,77349205;2,37153947;
202300030756.0;1;77;77251;1;1;1.0;4.0;48,64458099;2,54279873;
202300030757.0;1;33;33063;1;1;1.0;4.0;44,88327501; -0,55497855;
202300030758.0;1;94;94074;2;1;1.0;3.0;48,76446700;2,44186300;
202300030759.0;1;92;92048;1;1;1.0;3.0;48,80011533;2,21576871;
202300030760.0;1;94;94078;2;1;1.0;6.0;48,73585000;2,46504000;
202300030761.0;5;33;33090;1;1;1.0;2.0;44,77727840; -0,64620316;
202300030762.0;1;92;92048;1;1;1.0;2.0;48,80359917;2,21419888;
202300030763.0;5;94;94078;2;5;1.0;1.0;48,72763198;2,44548342;
202300030764.0;3;78;78140;1;1;1.0;2.0;48,96460000;1,92512000;
202300030765.0;1;94;94058;2;1;1.0;3.0;48,85125400;2,49491400;
202300030766.0;1;93;93066;1;1;1.0;3.0;48,93311271;2,37578530;
202300030767.0;1;94;94011;2;3;1.0;3.0;48,77581000;2,48991000;
202300030768.0;2;93;93073;1;1;1.0;7.0;48,97734767;2,51842161;
202300030769.0;1;93;93007;1;1;1.0;5.0;48,92936000;2,48122000;
202300030770.0;1;91;91161;1;1;1.0;5.0;48,71900000;2,31000000;
202300030771.0;5;93;93070;2;2;1.0;3.0;48,91284149;2,33478993;
202300030772.0;1;93;93039;1;1;1.0;2.0;48,92738000;2,33399000;
202300030773.0;1;93;93053;2;3;1.0;2.0;48,89456000;2,44372000;
202300030774.0;1;77;77294;1;1;1.0;2.0;48,95792573;2,62435454;
202300030775.0;1;93;93053;2;6;1.0;2.0;48,89764000;2,46250000;
202300030776.0;3;78;78571;1;1;1.0;5.0;48,87072000;2,02843000;
202300030777.0;1;77;77373;1;1;1.0;4.0;48,77837532;2,61481323;
202300030778.0;1;93;93046;2;5;1.0;3.0;48,91341000;2,51133000;
202300030779.0;1;93;93051;1;1;1.0;2.0;48,83613360;2,55730702;
202300030780.0;1;78;78073;1;1;1.0;2.0;48,80189600;2,04677000;
202300030781.0;1;93;93032;2;2;1.0;2.0;48,88171000;2,53981000;
202300030782.0;1;92;92022;2;1;1.0;7.0;48,80779000;2,18673000;
202300030783.0;3;34;34301;1;1;1.0;1.0;43,33159800;3,56282000;
202300030784.0;3;78;78431;1;1;2.0;2.0;48,94172900;1,95246600;
202300030785.0;1;92;92050;2;1;1.0;3.0;48,91440000;2,21907000;
202300030786.0;1;54;54263;2;1;1.0;6.0;49,22320000;6,00741000;
202300030787.0;1;92;92048;2;9;1.0;6.0;48,81478000;2,22550000;
202300030788.0;5;92;92064;1;1;1.0;3.0;48,83932334;2,21819252;
202300030789.0;1;92;92026;2;3;1.0;3.0;48,90460578;2,25584909;
202300030790.0;1;974;97411;2;9;1.0;1.0; -20,88734000;55,41710000;
202300030791.0;1;78;78423;1;1;1.0;2.0;48,79678400;2,02429100;
202300030792.0;1;974;97411;2;1;1.0;2.0; -20,87296000;55,45200000;
202300030793.0;1;974;97409;1;1;1.0;2.0; -20,96014000;55,65762000;
202300030794.0;1;92;92023;2;1;1.0;4.0;48,78260000;2,24483000;
202300030795.0;1;92;92032;2;1;1.0;6.0;48,78831212;2,30124414;
202300030796.0;5;973;97302;2;2;1.0;3.0;4,93587000; -52,33456000;
202300030797.0;3;95;95212;1;1;2.0;6.0;49,02829223;2,52583086;
202300030798.0;1;92;92004;2;1;1.0;1.0;48,91287000;2,27567000;
202300030799.0;2;69;69386;2;3;1.0;3.0;45,76783000;4,85087000;
202300030800.0;5;92;92004;2;3;1.0;3.0;48,93073000;2,27541000;
202300030801.0;3;93;93078;1;1;1.0;2.0;48,96659000;2,51374000;
202300030802.0;1;65;65175;1;1;8.0;7.0;42,91821800;0,51305300;
202300030803.0;1;69;69388;2;1;1.0;2.0;45,73017000;4,86687000;
202300030804.0;3;17;17193;1;1;1.0;7.0;46,11341600; -1,07047000;
202300030805.0;1;69;69383;2;3;1.0;6.0;45,75432000;4,84883000;
202300030806.0;1;972;97229;2;1;1.0;6.0;14,62370000; -61,10857000;
202300030807.0;1;94;94046;1;1;1.0;2.0;48,80750055;2,44873851;
202300030808.0;1;63;63100;1;1;1.0;7.0;46,01951354;2,89220451;
202300030809.0;1;69;69383;2;1;1.0;3.0;45,75215000;4,85269000;
202300030810.0;1;52;52258;1;1;1.0;2.0;48,08913100;4,84025000;
202300030811.0;3;94;94018;1;1;1.0;2.0;48,82397290;2,39430684;
202300030812.0;1;972;97213;2;1;1.0;2.0;14,62462294; -60,98749307;
202300030813.0;1;54;54261;2;1;1.0;6.0;49,51634000;5,77877000;
202300030814.0;1;974;97414;2;2;1.0;3.0; -21,28544100;55,40632200;
202300030815.0;1;972;97213;1;1;1.0;3.0;14,61640000; -61,01620000;
202300030816.0;1;50;50099;1;6;1.0;6.0;49,30647800; -1,16228200;
202300030817.0;5;974;97411;2;1;1.0;6.0; -20,88193000;55,46084000;
202300030818.0;1;972;97209;2;1;1.0;6.0;14,63255000; -61,06800000;
202300030819.0;1;08;08330;1;1;1.0;2.0;49,55055200;4,44557900;
202300030820.0;3;69;69202;2;1;1.0;7.0;45,74598330;4,80297207;
202300030821.0;1;27;27179;1;9;1.0;6.0;49,14072200;0,57858600;
202300030822.0;1;974;97407;2;1;1.0;3.0; -20,93013000;55,30563000;
202300030823.0;1;69;69384;2;1;1.0;2.0;45,77572000;4,83932000;
202300030824.0;1;83;83018;1;1;1.0;6.0;43,35361300;6,18648300;
202300030825.0;1;973;97302;2;1;1.0;2.0;4,92838343; -52,31734657;
202300030826.0;1;62;62179;1;4;1.0;3.0;50,71253659;1,87998372;
202300030827.0;1;971;97101;2;2;1.0;3.0;16,27674000; -61,50814000;
202300030828.0;1;973;97302;2;1;1.0;2.0;4,91982206; -52,31929779;
202300030829.0;1;51;51049;1;1;1.0;1.0;48,87324700;3,98868100;
202300030830.0;1;971;97101;1;1;1.0;2.0;16,24772084; -61,52674198;
202300030831.0;1;77;77319;1;1;1.0;7.0;48,58616400;3,23449700;
202300030832.0;3;971;97101;2;1;1.0;6.0;16,24281000; -61,52259000;
202300030833.0;5;69;69383;2;2;2.0;1.0;45,75727000;4,84084000;
202300030834.0;1;76;76070;1;3;1.0;7.0;49,71484400;1,21520700;
202300030835.0;5;971;97101;1;9;1.0;7.0;16,26036000; -61,45241000;
202300030836.0;1;82;82176;1;1;1.0;6.0;43,97818374;1,50732815;
202300030837.0;1;69;69388;2;2;2.0;6.0;45,74169000;4,86056000;
202300030838.0;1;71;71014;2;2;1.0;6.0;46,95187000;4,29712900;
202300030839.0;3;972;97209;2;1;1.0;3.0;14,61271000; -61,05978000;
202300030840.0;5;95;95539;2;2;1.0;3.0;48,99163530;2,36164480;
202300030841.0;1;63;63430;1;6;2.0;7.0;45,86033900;3,50528200;
202300030842.0;1;95;95555;2;1;1.0;6.0;48,97248007;2,27846682;
202300030843.0;1;49;49331;1;1;1.0;7.0;47,68880700; -0,98131300;
202300030844.0;1;91;91666;2;1;1.0;2.0;48,68571000;2,20916000;
202300030845.0;1;971;97101;1;9;2.0;2.0;16,25479362; -61,51327729;
202300030846.0;1;12;12208;2;1;1.0;3.0;43,94638000;2,90373300;
202300030847.0;1;91;91286;2;1;1.0;6.0;48,65369000;2,39132000;
202300030848.0;2;34;34239;1;1;1.0;6.0;43,64075300;3,49499300;
202300030849.0;1;68;68068;2;1;1.0;3.0;47,62806400;7,11687400;
202300030850.0;1;91;91432;2;1;1.0;3.0;48,70630000;2,33282000;
202300030851.0;1;22;22387;1;1;1.0;7.0;48,61206900; -3,45837100;
202300030852.0;3;35;35227;1;1;1.0;6.0;48,19072400; -1,86357200;
202300030853.0;3;971;97113;1;1;1.0;5.0;16,21567732; -61,42297268;
202300030854.0;1;83;83144;2;9;1.0;3.0;43,13858000;6,01671000;
202300030855.0;1;29;29235;2;3;1.0;3.0;48,41181757; -4,39438641;
202300030856.0;1;971;97101;2;1;1.0;6.0;16,24321955; -61,52027249;
202300030857.0;1;15;15238;2;1;1.0;7.0;45,05179400;2,48604300;
202300030858.0;1;83;83069;2;1;1.0;3.0;43,11365000;6,12972000;
202300030859.0;3;26;26167;1;1;1.0;6.0;44,61807400;5,44628600;
202300030860.0;1;78;78358;2;1;1.0;6.0;48,94338100;2,12870100;
202300030861.0;1;26;26205;1;1;1.0;7.0;44,67628300;5,39454500;
202300030862.0;2;72;72191;2;1;1.0;7.0;47,75652400;0,27382100;
202300030863.0;5;2A;2A004;2;1;1.0;2.0;41,92636700;8,73834600;
202300030864.0;1;06;06072;1;1;1.0;6.0;44,01782900;7,13150000;
202300030865.0;1;77;77494;1;1;1.0;2.0;48,41866000;2,87181000;
202300030866.0;1;14;14123;1;1;1.0;2.0;49,24308473; -0,45711910;
202300030867.0;5;95;95197;2;1;2.0;6.0;48,96906076;2,32170671;
202300030868.0;1;77;77372;2;1;7.0;1.0;48,87975800;2,67530700;
202300030869.0;1;50;50029;1;3;1.0;3.0;48,59937000; -0,83680100;
202300030870.0;1;77;77438;2;1;1.0;3.0;48,86128000;2,67319000;
202300030871.0;1;83;83121;2;3;1.0;3.0;43,55673631;6,23799746;
202300030872.0;5;91;91657;2;3;1.0;3.0;48,70543100;2,43883200;
202300030873.0;1;64;64058;2;4;1.0;3.0;43,08550200; -0,25315800;
202300030874.0;1;76;76476;2;3;1.0;1.0;49,50226000;0,57690000;
202300030875.0;5;91;91691;2;1;1.0;7.0;48,69051000;2,48123000;
202300030876.0;1;24;24190;1;1;1.0;3.0;44,98688400;0,66533300;
202300030877.0;5;74;74133;2;3;1.0;1.0;46,19201000;6,20808000;
202300030878.0;2;91;91201;2;2;8.0;6.0;48,69363200;2,41346100;
202300030879.0;1;27;27157;1;3;1.0;2.0;48,87621800;0,92800100;
202300030880.0;1;74;74010;2;1;1.0;3.0;45,89841000;6,09023000;
202300030881.0;1;37;37159;2;1;1.0;1.0;47,29604200;0,65800000;
202300030882.0;1;73;73222;2;1;1.0;6.0;45,57316278;5,95200108;
202300030883.0;1;91;91421;2;1;2.0;3.0;48,71809000;2,44317000;
202300030884.0;1;37;37038;1;1;1.0;1.0;47,30770100;0,38739500;
202300030885.0;1;52;52178;1;9;1.0;6.0;48,38310500;4,92552300;
202300030886.0;5;89;89387;2;9;2.0;3.0;48,19666000;3,30307000;
202300030887.0;1;71;71270;2;2;1.0;5.0;46,30752000;4,82036000;
202300030888.0;1;19;19146;1;1;1.0;2.0;45,32484759;1,75141922;
202300030889.0;4;988;98805;1;1;1.0;6.0; -22,21660000;166,46780000;
202300030890.0;1;71;71270;2;1;1.0;1.0;46,31444000;4,83611000;
202300030891.0;1;87;87085;1;1;1.0;7.0;45,85999000;1,27091000;
202300030892.0;1;13;13037;1;1;1.0;2.0;43,54397600;5,18604000;
202300030893.0;5;69;69256;2;2;1.0;7.0;45,78520252;4,91712051;
202300030894.0;1;69;69244;2;1;1.0;7.0;45,76751960;4,78257673;
202300030895.0;5;85;85194;2;6;1.0;3.0;46,50539000; -1,78996000;
202300030896.0;1;69;69266;2;1;7.0;6.0;45,77032000;4,86293000;
202300030897.0;1;33;33090;2;1;1.0;3.0;44,74644876; -0,64381599;
202300030898.0;1;69;69271;2;1;1.0;6.0;45,72884000;4,95821000;
202300030899.0;2;85;85191;2;1;8.0;6.0;46,67990900; -1,44070020;
202300030900.0;3;06;06004;1;1;1.0;3.0;43,60695000;7,09431400;
202300030901.0;1;67;67482;2;1;1.0;3.0;48,60183000;7,72259000;
202300030902.0;1;44;44069;1;1;1.0;6.0;47,34941500; -2,42471300;
202300030903.0;1;73;73304;2;1;1.0;6.0;45,44712079;6,98056142;
202300030904.0;5;84;84080;2;4;8.0;3.0;44,03589000;5,00693000;
202300030905.0;1;67;67482;2;3;1.0;6.0;48,57940848;7,75087059;
202300030906.0;1;988;98803;1;4;1.0;3.0; -21,52309000;165,47243000;
202300030907.0;1;64;64445;2;9;1.0;3.0;43,30156500; -0,34362700;
202300030908.0;1;64;64445;1;9;1.0;3.0;43,32538000; -0,34312000;
202300030909.0;1;2B;2B007;1;1;1.0;7.0;42,30216700;8,94333700;
202300030910.0;1;63;63113;2;1;1.0;3.0;45,77047000;3,10149000;
202300030911.0;1;30;30010;1;1;1.0;5.0;44,04061420;3,98616717;
202300030912.0;1;83;83137;2;2;1.0;3.0;43,12843015;5,92451109;
202300030913.0;1;62;62510;2;9;2.0;6.0;50,42124661;2,77849764;
202300030914.0;1;30;30258;2;1;1.0;7.0;43,68784100;4,44104600;
202300030915.0;1;11;11284;2;2;1.0;6.0;43,36168600;1,96342000;
202300030916.0;1;61;61001;2;2;1.0;3.0;48,42464000;0,09118000;
202300030917.0;2;81;81033;2;3;1.0;1.0;44,04607620;2,14975170;
202300030918.0;1;34;34199;1;1;1.0;6.0;43,46902300;3,43107700;
202300030919.0;1;61;61001;2;1;7.0;6.0;48,43879000;0,08379000;
202300030920.0;2;80;80001;2;9;2.0;6.0;50,10322000;1,85831600;
202300030921.0;1;34;34176;1;3;1.0;2.0;43,63693700;4,05905100;
202300030922.0;1;59;59599;2;1;1.0;6.0;50,70469379;3,15877187;
202300030923.0;1;13;13053;1;6;1.0;3.0;43,71806000;5,17838800;
202300030924.0;5;78;78146;2;3;2.0;6.0;48,89030400;2,15987800;
202300030925.0;1;89;89380;1;1;1.0;6.0;48,05929600;3,09205800;
202300030926.0;1;59;59378;2;1;1.0;3.0;50,65937000;3,09306000;
202300030927.0;1;55;55184;2;4;1.0;6.0;48,74713100;5,62799900;
202300030928.0;1;57;57672;2;1;1.0;6.0;49,36035487;6,14696860;
202300030929.0;5;77;77390;2;1;1.0;6.0;48,79425000;2,64934000;
202300030930.0;2;77;77307;2;1;2.0;2.0;48,87796000;2,74433000;
202300030931.0;1;73;73285;1;1;1.0;3.0;45,62959200;6,82250700;
202300030932.0;1;57;57666;2;3;1.0;2.0;49,34568087;6,14987612;
202300030933.0;1;57;57283;2;1;1.0;7.0;49,25267000;6,14865000;
202300030934.0;1;73;73006;1;1;1.0;1.0;45,54289358;6,61455515;
202300030935.0;1;77;77320;2;3;1.0;2.0;48,81459276;3,07004621;
202300030936.0;1;69;69024;1;1;1.0;1.0;45,93898900;4,54422000;
202300030937.0;1;54;54079;2;1;1.0;3.0;48,88130000;6,04843000;
202300030938.0;1;65;65145;1;1;8.0;3.0;42,91744996; -0,03980783;
202300030939.0;1;54;54395;2;2;1.0;3.0;48,70335900;6,18187800;
202300030940.0;1;40;40182;2;1;1.0;6.0;44,07152100; -1,15373900;
202300030941.0;1;54;54395;2;4;1.0;6.0;48,68561000;6,19447000;
202300030942.0;1;85;85070;2;1;1.0;6.0;46,69740000; -1,75239300;
202300030943.0;5;77;77131;2;3;1.0;6.0;48,82002896;3,08999991;
202300030944.0;1;85;85176;1;1;1.0;2.0;46,48098300; -0,80889800;
202300030945.0;1;54;54382;1;1;1.0;4.0;49,54232900;5,76065700;
202300030946.0;1;53;53130;2;1;7.0;6.0;48,06780000; -0,76820000;
202300030947.0;5;76;76540;2;2;2.0;6.0;49,44426000;1,08555000;
202300030948.0;5;53;53130;2;2;1.0;3.0;48,06956700; -0,76867400;
202300030949.0;3;51;51242;2;1;1.0;2.0;48,95884000;4,32184000;
202300030950.0;3;76;76391;1;1;2.0;1.0;49,32033000;0,90260800;
202300030951.0;1;50;50218;2;6;1.0;3.0;48,82970000; -1,56714000;
202300030952.0;1;50;50129;2;1;1.0;7.0;49,63497000; -1,55805000;
202300030953.0;2;76;76351;2;1;1.0;3.0;49,50251000;0,17529000;
202300030954.0;1;50;50129;2;4;1.0;1.0;49,63367000; -1,65509000;
202300030955.0;5;50;50129;2;6;1.0;6.0;49,65777000; -1,66887000;
202300030956.0;5;49;49007;2;2;1.0;3.0;47,47004000; -0,56228000;
202300030957.0;5;76;76447;2;3;2.0;3.0;49,53210000;0,18027000;
202300030958.0;1;49;49353;2;1;1.0;6.0;47,44697000; -0,49963000;
202300030959.0;1;49;49246;2;1;7.0;3.0;47,43168000; -0,53574000;
202300030960.0;1;49;49007;2;1;7.0;6.0;47,47912165; -0,57040930;
202300030961.0;1;76;76476;1;2;2.0;3.0;49,47960000;0,60130000;
202300030962.0;1;47;47001;2;9;1.0;3.0;44,20054000;0,63375000;
202300030963.0;1;45;45068;2;1;1.0;2.0;48,00306000;2,71710000;
202300030964.0;1;72;72181;2;6;1.0;3.0;48,00968000;0,19500000;
202300030965.0;1;42;42207;2;1;1.0;3.0;45,47745000;4,52302000;
202300030966.0;5;72;72181;2;9;2.0;6.0;48,00407000;0,19982000;
202300030967.0;1;42;42207;2;1;1.0;6.0;45,47354200;4,53423100;
202300030968.0;1;42;42110;2;4;1.0;3.0;45,48230000;4,53464000;
202300030969.0;5;72;72181;2;1;1.0;6.0;47,98513000;0,20931000;
202300030970.0;1;38;38185;2;8;1.0;6.0;45,16667000;5,71667000;
202300030971.0;2;71;71040;2;1;2.0;7.0;46,68631000;4,39054000;
202300030972.0;1;37;37261;2;2;1.0;3.0;47,38384000;0,69326000;
202300030973.0;1;70;70550;2;3;2.0;3.0;47,61348000;6,15706300;
202300030974.0;1;37;37122;2;1;1.0;3.0;47,34620000;0,66552000;
202300030975.0;1;37;37261;2;1;1.0;3.0;47,41390000;0,68430000;
202300030976.0;1;69;69256;2;1;2.0;3.0;45,74771905;4,92224286;
202300030977.0;1;37;37214;2;1;1.0;3.0;47,42832000;0,66072000;
202300030978.0;3;69;69013;1;1;8.0;6.0;46,00224146;4,73238219;
202300030979.0;1;35;35238;2;2;1.0;6.0;48,10517328; -1,69224054;
202300030980.0;1;35;35238;2;6;1.0;6.0;48,13653000; -1,66698000;
202300030981.0;5;69;69290;2;6;1.0;6.0;45,70108000;4,90010000;
202300030982.0;1;34;34301;2;9;1.0;6.0;43,40813000;3,67019000;
202300030983.0;1;69;69290;2;1;2.0;6.0;45,71489000;4,96432000;
202300030984.0;1;34;34172;2;1;1.0;3.0;43,58703000;3,85323000;
202300030985.0;1;69;69290;2;9;2.0;1.0;45,70767000;4,89874000;
202300030986.0;5;33;33063;2;1;1.0;1.0;44,86044967; -0,57786852;
202300030987.0;3;64;64483;1;1;2.0;2.0;43,40114000; -1,62744000;
202300030988.0;1;33;33318;2;3;1.0;3.0;44,80224669; -0,65202087;
202300030989.0;2;64;64483;2;1;3.0;6.0;43,39060000; -1,65910000;
202300030990.0;1;64;64445;2;1;1.0;2.0;43,31005000; -0,32596000;
202300030991.0;1;30;30007;2;2;1.0;3.0;44,13060000;4,11323000;
202300030992.0;1;64;64122;2;1;2.0;3.0;43,48512091; -1,54830113;
202300030993.0;5;17;17306;2;1;1.0;7.0;45,62496400; -1,02002100;
202300030994.0;1;14;14715;1;1;1.0;1.0;49,36466000;0,10290000;
202300030995.0;1;14;14366;2;1;1.0;3.0;49,15613000;0,22765000;
202300030996.0;1;14;14117;2;1;1.0;3.0;49,28615000; -0,12157200;
202300030997.0;5;13;13201;2;3;1.0;3.0;43,29858243;5,37894519;
202300030998.0;1;11;11262;2;1;1.0;3.0;43,18070000;3,00480000;
202300030999.0;1;11;11069;2;1;1.0;6.0;43,21442000;2,35496000;
202300031000.0;1;11;11069;1;9;1.0;6.0;43,23350000;2,36730000;
202300031001.0;1;85;85109;2;1;1.0;6.0;46,85716000; -1,01580610;
202300031002.0;3;85;85064;1;1;1.0;6.0;46,83980000; -1,24150300;
202300031003.0;1;79;79334;1;2;1.0;3.0;46,14845800; -0,53296600;
202300031004.0;1;69;69063;2;1;1.0;3.0;45,81040090;4,84204679;
202300031005.0;1;11;11357;1;1;1.0;7.0;43,30155500;2,14058500;
202300031006.0;1;71;71263;2;1;1.0;6.0;46,62330600;5,21531400;
202300031007.0;1;63;63372;1;3;1.0;2.0;45,90457900;3,29884400;
202300031008.0;1;61;61092;1;1;1.0;6.0;48,76500100;0,74728400;
202300031009.0;2;42;42027;1;1;1.0;3.0;45,93936600;3,98112000;
202300031010.0;1;47;47004;1;1;1.0;3.0;44,32106600;0,35132600;
202300031011.0;1;86;86125;1;3;1.0;2.0;46,75918900;0,67142100;
202300031012.0;3;44;44196;1;1;1.0;6.0;47,55245300; -2,06359400;
202300031013.0;1;44;44163;1;1;1.0;2.0;47,38915100; -1,08871400;
202300031014.0;1;29;29075;2;6;1.0;3.0;48,42834600; -4,41242700;
202300031015.0;2;14;14563;1;1;1.0;6.0;49,33380148;0,26587173;
202300031016.0;1;07;07155;1;3;1.0;3.0;44,61722811;4,33804125;
202300031017.0;1;21;21644;1;4;1.0;7.0;47,34932700;5,31061700;
202300031018.0;1;40;40194;1;1;1.0;1.0;43,70121800; -0,85570500;
202300031019.0;1;27;27466;1;2;1.0;3.0;49,07716900;0,84615100;
202300031020.0;1;973;97309;2;6;1.0;3.0;4,88696600; -52,28507800;
202300031021.0;5;51;51432;2;7;1.0;6.0;48,68912300;3,86963900;
202300031022.0;1;987;98722;2;1;1.0;1.0; -17,59200000; -149,39100000;
202300031023.0;3;988;98817;1;1;1.0;1.0; -22,22983800;166,51595500;
202300031024.0;1;974;97408;2;3;1.0;3.0; -20,94076900;55,33015200;
202300031025.0;3;971;97117;1;1;1.0;6.0;16,30610500; -61,30527200;
202300031026.0;2;45;45153;1;1;1.0;6.0;47,83073900;2,28523400;
202300031027.0;1;45;45142;2;1;1.0;6.0;47,92407000;2,13529200;
202300031028.0;1;77;77511;2;3;1.0;5.0;49,03285800;2,63484100;
202300031029.0;1;95;95676;1;1;1.0;7.0;49,09230500;1,74219100;
202300031030.0;2;91;91047;2;1;1.0;7.0;48,48991800;2,35565500;
202300031031.0;1;2B;2B042;1;1;1.0;2.0;42,58879300;9,43940700;
202300031032.0;2;34;34329;1;6;1.0;7.0;43,29445800;3,21940200;
202300031033.0;1;13;13022;2;1;1.0;2.0;43,22259700;5,55794200;
202300031034.0;2;26;26313;2;6;1.0;3.0;44,96825900;4,95105700;
202300031035.0;1;07;07348;2;1;1.0;1.0;44,54044600;4,41268400;
202300031036.0;3;86;86062;2;1;1.0;6.0;46,64028100;0,35931700;
202300031037.0;1;33;33240;2;1;1.0;3.0;45,29634700; -0,92903700;
202300031038.0;1;60;60341;1;1;1.0;6.0;49,08723920;2,73255032;
202300031039.0;1;13;13056;1;1;1.0;2.0;43,40096968;5,04368615;
202300031040.0;2;13;13088;1;1;1.0;2.0;43,39143018;5,25225518;
202300031041.0;1;57;57672;1;1;1.0;5.0;49,35152232;6,10797221;
202300031042.0;1;33;33063;1;1;1.0;3.0;44,88376533; -0,55745155;
202300031043.0;1;33;33013;1;1;1.0;4.0;44,86870000; -0,49812000;
202300031044.0;1;75;75113;1;1;1.0;7.0;48,81640900;2,35898100;
202300031045.0;1;94;94021;1;1;1.0;5.0;48,76252432;2,34134966;
202300031046.0;3;77;77251;1;1;1.0;2.0;48,61968000;2,55091000;
202300031047.0;1;92;92036;1;1;1.0;3.0;48,93640310;2,28946318;
202300031048.0;3;78;78362;1;1;1.0;3.0;48,97568800;1,72416000;