Num_Acc;lum;departement;commune;agglomeration;intersection;meteo;type_collision;lat;long;date
202300031049.0;1;92;92048;1;1;1.0;4.0;48,79727463;2,21701222;
202300031050.0;4;78;78297;1;1;1.0;6.0;48,78893900;2,06081800;
202300031051.0;1;92;92062;1;1;1.0;2.0;48,88804303;2,24974990;
202300031052.0;3;95;95018;1;1;1.0;2.0;48,96033000;2,27117000;
202300031053.0;1;95;95582;1;1;1.0;2.0;48,97102000;2,24920000;
202300031054.0;1;93;93053;1;1;1.0;3.0;48,89292727;2,47244859;
202300031055.0;1;93;93005;1;1;1.0;3.0;48,95935418;2,46587877;
202300031056.0;1;92;92036;1;1;1.0;3.0;48,94917898;2,28036318;
202300031057.0;2;95;95582;2;1;1.0;4.0;48,97507308;2,24260437;
202300031058.0;1;77;77517;1;1;1.0;6.0;48,90439426;2,64468623;
202300031059.0;5;974;97416;2;2;1.0;7.0; -21,33959000;55,46505000;
202300031060.0;1;974;97416;1;3;1.0;1.0; -21,32880000;55,49515000;
202300031061.0;1;974;97407;1;1;1.0;2.0; -20,95367000;55,31477000;
202300031062.0;5;69;69388;2;2;1.0;3.0;45,74406000;4,87048000;
202300031063.0;5;69;69387;2;1;1.0;6.0;45,75022000;4,85057000;
202300031064.0;1;69;69386;2;4;1.0;3.0;45,77336000;4,84138000;
202300031065.0;1;972;97209;1;9;1.0;2.0;14,61779000; -61,07152000;
202300031066.0;5;95;95637;2;3;1.0;6.0;49,02766672;2,02178478;
202300031067.0;1;91;91027;2;1;1.0;2.0;48,70138700;2,37179100;
202300031068.0;1;86;86158;1;1;1.0;3.0;46,62311400;0,31947900;
202300031069.0;1;86;86066;2;1;1.0;1.0;46,81937200;0,56613600;
202300031070.0;1;84;84035;2;1;1.0;1.0;43,83650000;5,04935000;
202300031071.0;1;84;84035;2;1;7.0;3.0;43,82940000;5,03627000;
202300031072.0;5;83;83137;2;3;1.0;6.0;43,12481895;5,93295559;
202300031073.0;1;81;81004;2;1;1.0;1.0;43,91544790;2,15410680;
202300031074.0;1;78;78172;2;3;1.0;3.0;49,00241000;2,11160000;
202300031075.0;1;76;76575;2;2;6.0;3.0;49,37964000;1,10768000;
202300031076.0;2;76;76178;1;1;1.0;3.0;49,31104000;1,04995000;
202300031077.0;1;76;76707;1;1;1.0;1.0;49,86230000;1,11101000;
202300031078.0;3;63;63164;2;3;1.0;3.0;45,82286178;3,13758373;
202300031079.0;1;62;62274;2;1;1.0;6.0;50,42873675;2,99215221;
202300031080.0;1;60;60159;2;1;1.0;2.0;49,40458000;2,84262000;
202300031081.0;1;57;57631;2;1;1.0;3.0;49,10152000;7,06773000;
202300031082.0;1;49;49353;2;1;1.0;6.0;47,45485000; -0,50672000;
202300031083.0;1;47;47323;2;1;1.0;7.0;44,39702000;0,72638000;
202300031084.0;1;45;45234;2;1;1.0;6.0;47,90671000;1,88904000;
202300031085.0;5;43;43157;2;1;1.0;6.0;45,03861000;3,88188000;
202300031086.0;5;43;43157;2;1;1.0;2.0;45,04317000;3,88037000;
202300031087.0;3;42;42316;1;6;1.0;6.0;45,40786000;4,25440000;
202300031088.0;5;38;38053;2;3;1.0;3.0;45,58450000;5,28547000;
202300031089.0;1;37;37261;2;6;1.0;3.0;47,36602000;0,69811000;
202300031090.0;1;35;35238;2;2;1.0;3.0;48,12382900; -1,66826600;
202300031091.0;5;33;33063;2;1;1.0;6.0;44,83318349; -0,56138366;
202300031092.0;3;29;29232;2;6;1.0;6.0;47,97318487; -4,08817118;
202300031093.0;5;29;29232;1;6;1.0;6.0;47,97898000; -4,09410000;
202300031094.0;1;27;27681;2;6;7.0;6.0;49,09242000;1,47073000;
202300031095.0;5;25;25056;2;9;1.0;1.0;47,22650000;5,97934000;
202300031096.0;1;17;17415;2;3;1.0;6.0;45,74690000; -0,63597000;
202300031097.0;1;16;16102;1;1;1.0;1.0;45,68250092; -0,33821851;
202300031098.0;5;13;13212;2;1;1.0;6.0;43,31706000;5,43873000;
202300031099.0;1;13;13214;2;1;1.0;6.0;43,33027000;5,37004000;
202300031100.0;5;13;13203;2;1;1.0;3.0;43,31868084;5,37340361;
202300031101.0;3;13;13001;1;1;1.0;7.0;43,56243000;5,43405000;
202300031102.0;5;12;12013;2;1;1.0;6.0;44,55267000;2,28406000;
202300031103.0;1;10;10333;2;2;1.0;3.0;48,28030000;4,06880000;
202300031104.0;1;04;04070;2;9;7.0;6.0;44,08281000;6,20220000;
202300031105.0;1;01;01053;2;3;1.0;6.0;46,20987500;5,22464500;
202300031106.0;2;75;75116;2;1;1.0;5.0;48,87765500;2,28034400;
202300031107.0;1;75;75116;2;1;1.0;6.0;48,85724600;2,25848900;
202300031108.0;1;75;75110;2;1;1.0;2.0;48,87019500;2,35026100;
202300031109.0;1;75;75106;2;2;1.0;3.0;48,85138100;2,34317600;
202300031110.0;1;75;75106;2;2;1.0;3.0;48,84890900;2,32873200;
202300031111.0;5;75;75119;2;3;1.0;3.0;48,89866543;2,37105703;
202300031112.0;1;75;75117;2;3;1.0;2.0;48,88958700;2,30400400;
202300031113.0;5;75;75117;2;1;1.0;3.0;48,89312800;2,31025800;
202300031114.0;1;75;75116;2;3;1.0;6.0;48,83594900;2,25426900;
202300031115.0;1;75;75112;2;1;1.0;5.0;48,84753400;2,40241100;
202300031116.0;1;75;75111;2;1;1.0;3.0;48,86019200;2,37608600;
202300031117.0;3;75;75110;2;3;1.0;6.0;48,88426600;2,36465100;
202300031118.0;1;75;75109;2;7;1.0;6.0;48,88365580;2,33244243;
202300031119.0;5;75;75108;2;2;1.0;3.0;48,87331000;2,32430000;
202300031120.0;5;75;75107;2;3;1.0;2.0;48,85822900;2,33322900;
202300031121.0;5;94;94078;2;1;1.0;6.0;48,72453000;2,44502000;
202300031122.0;5;94;94028;2;1;1.0;2.0;48,79745000;2,45649000;
202300031123.0;1;94;94081;2;1;1.0;6.0;48,79864000;2,38186000;
202300031124.0;1;94;94055;2;3;1.0;3.0;48,78988392;2,55002175;
202300031125.0;5;94;94002;2;7;1.0;2.0;48,78740000;2,42310000;
202300031126.0;5;93;93072;2;9;1.0;5.0;48,95801000;2,39689000;
202300031127.0;5;93;93066;2;3;1.0;3.0;48,94482000;2,35348000;
202300031128.0;5;92;92078;2;2;1.0;3.0;48,93567987;2,33595613;
202300031129.0;5;92;92020;2;3;1.0;3.0;48,80401000;2,29791000;
202300031130.0;1;92;92071;2;1;1.0;6.0;48,77871697;2,30566218;
202300031131.0;1;59;59114;2;1;1.0;6.0;50,46814900;3,50732700;
202300031132.0;1;35;35333;1;1;1.0;6.0;47,91241600; -1,45532400;
202300031133.0;1;11;11303;1;1;1.0;6.0;42,91736900;2,07488700;
202300031134.0;1;63;63302;1;9;7.0;1.0;45,71884000;3,12376500;
202300031135.0;1;81;81206;1;3;7.0;1.0;44,08352000;1,73822200;
202300031136.0;3;34;34148;1;1;1.0;1.0;43,36050400;3,17632600;
202300031137.0;1;26;26139;1;2;1.0;3.0;45,07312700;5,11254800;
202300031138.0;1;24;24509;1;1;1.0;6.0;45,19092000;0,42290100;
202300031139.0;3;38;38160;1;1;1.0;6.0;45,48817800;4,98682700;
202300031140.0;5;95;95313;2;1;1.0;6.0;49,11669100;2,22993100;
202300031141.0;5;95;95058;2;1;1.0;7.0;49,16104100;2,29733600;
202300031142.0;5;40;40296;2;3;1.0;2.0;43,68032600; -1,35876400;
202300031143.0;5;31;31044;2;1;1.0;2.0;43,58670100;1,52151000;
202300031144.0;1;81;81284;1;1;1.0;2.0;43,91401700;2,12373000;
202300031145.0;1;974;97404;2;1;1.0;6.0; -21,26844100;55,33733200;
202300031146.0;1;35;35029;1;1;1.0;3.0;48,45983065; -1,74329170;
202300031147.0;1;84;84091;1;1;1.0;1.0;44,17993400;4,75352900;
202300031148.0;1;28;28380;1;1;1.0;7.0;48,41278100;1,58696700;
202300031149.0;3;86;86070;2;1;1.0;6.0;46,51740100;0,69391300;
202300031150.0;1;59;59487;1;1;1.0;6.0;50,63187900;2,89524600;
202300031151.0;3;60;60260;1;1;1.0;7.0;49,28087100;2,93155800;
202300031152.0;1;66;66189;2;1;1.0;6.0;42,66164100;2,95437300;
202300031153.0;1;35;35173;1;1;1.0;2.0;48,18458592; -1,72062904;
202300031154.0;3;35;35173;1;1;1.0;2.0;48,18986200; -1,72159300;
202300031155.0;3;62;62524;1;1;1.0;7.0;50,66546828;1,80624551;
202300031156.0;3;19;19285;1;1;1.0;7.0;45,39592008;1,56742015;
202300031157.0;1;56;56127;2;6;7.0;3.0;48,07765450; -2,29002437;
202300031158.0;1;56;56177;1;4;1.0;1.0;47,79207200; -2,98530900;
202300031159.0;5;59;59580;2;6;1.0;6.0;50,81065300;2,60114200;
202300031160.0;3;82;82005;2;1;1.0;3.0;43,79971400;1,22052300;
202300031161.0;5;33;33226;2;3;1.0;3.0;44,70572876; -0,39987981;
202300031162.0;1;32;32462;2;4;7.0;3.0;43,75793900;0,30294200;
202300031163.0;1;11;11306;1;1;1.0;7.0;42,82874000;2,18464900;
202300031164.0;1;71;71490;1;1;1.0;6.0;46,53055200;4,13836700;
202300031165.0;1;89;89464;2;3;1.0;1.0;48,08650000;3,28680000;
202300031166.0;1;89;89209;1;3;1.0;3.0;48,17218200;2,98292200;
202300031167.0;1;61;61300;1;1;1.0;6.0;48,46604200;0,81546600;
202300031168.0;1;61;61258;2;1;1.0;7.0;48,51157500;0,35243200;
202300031169.0;1;55;55567;1;1;1.0;6.0;49,08883919;5,18466725;
202300031170.0;1;49;49125;2;1;1.0;7.0;47,18199800; -0,25395200;
202300031171.0;1;42;42241;1;1;1.0;7.0;45,89018700;4,11133300;
202300031172.0;3;68;68081;1;1;1.0;6.0;47,66062400;7,19462600;
202300031173.0;1;22;22218;1;1;1.0;7.0;48,83311200; -3,25974800;
202300031174.0;1;39;39547;2;1;1.0;6.0;46,35477000;5,74075300;
202300031175.0;1;25;25142;1;1;1.0;7.0;46,65966900;6,13782600;
202300031176.0;1;44;44183;1;1;1.0;7.0;47,39437700; -2,39908600;
202300031177.0;1;44;44186;2;1;7.0;3.0;47,09849300; -1,82775200;
202300031178.0;5;44;44085;1;1;1.0;6.0;47,68183000; -1,44523900;
202300031179.0;2;35;35184;1;1;1.0;6.0;48,19906090; -2,02220857;
202300031180.0;3;34;34154;1;9;1.0;6.0;43,55926700;4,02971200;
202300031181.0;1;29;29249;1;1;1.0;6.0;48,14240800; -3,73307700;
202300031182.0;5;29;29165;2;3;1.0;3.0;47,79608700; -4,21798900;
202300031183.0;3;29;29037;1;1;1.0;6.0;47,87873600; -4,13832700;
202300031184.0;2;02;02211;1;1;5.0;1.0;49,41140600;3,95891900;
202300031185.0;3;01;01452;1;1;1.0;6.0;45,83646500;5,66589800;
202300031186.0;1;66;66025;1;1;1.0;6.0;42,43885600;1,95658028;
202300031187.0;1;54;54029;2;2;1.0;3.0;49,37079276;5,89709468;
202300031188.0;2;50;50210;1;1;1.0;7.0;49,26254000; -1,42375900;
202300031189.0;1;93;93047;2;2;1.0;3.0;48,89848900;2,55188900;
202300031190.0;2;92;92073;2;1;2.0;2.0;48,86453390;2,20746696;
202300031191.0;5;92;92035;2;1;1.0;3.0;48,90690000;2,24432000;
202300031192.0;5;92;92025;2;3;1.0;3.0;48,91892300;2,24072900;
202300031193.0;5;92;92024;2;1;1.0;7.0;48,90641112;2,30351999;
202300031194.0;1;92;92024;2;2;1.0;3.0;48,90536900;2,31031000;
202300031195.0;5;92;92023;2;2;1.0;6.0;48,78481000;2,23807000;
202300031196.0;5;69;69266;1;1;4.0;6.0;45,77912000;4,89517000;
202300031197.0;3;67;67152;1;1;1.0;7.0;48,52452546;7,66274929;
202300031198.0;4;91;91161;1;1;1.0;6.0;48,70659000;2,30618000;
202300031199.0;1;94;94034;1;1;1.0;7.0;48,75580758;2,33353913;
202300031200.0;1;94;94038;1;1;1.0;4.0;48,77827410;2,34650341;
202300031201.0;3;91;91553;1;1;8.0;6.0;48,63136100;2,50462800;
202300031202.0;5;93;93007;1;1;9.0;2.0;48,94774549;2,44391968;
202300031203.0;1;92;92036;1;1;1.0;3.0;48,94074039;2,29291143;
202300031204.0;1;54;54547;2;3;1.0;6.0;48,67215700;6,19363300;
202300031205.0;5;10;10387;2;4;2.0;2.0;48,29822527;4,07866091;
202300031206.0;5;974;97411;2;1;1.0;7.0; -20,89219000;55,48793000;
202300031207.0;1;974;97411;2;4;1.0;6.0; -20,91053000;55,48167000;
202300031208.0;1;974;97411;2;1;2.0;7.0; -20,88607000;55,49451000;
202300031209.0;1;973;97302;2;1;2.0;1.0;4,92911510; -52,30419964;
202300031210.0;1;973;97302;2;1;3.0;7.0;4,94095000; -52,30476000;
202300031211.0;1;973;97302;2;2;3.0;6.0;4,93972267; -52,33328283;
202300031212.0;5;69;69386;2;4;2.0;1.0;45,76848000;4,85855000;
202300031213.0;1;69;69383;2;1;8.0;6.0;45,74640000;4,87360000;
202300031214.0;2;2A;2A004;2;1;1.0;3.0;41,93840000;8,75447000;
202300031215.0;2;95;95197;2;3;8.0;6.0;48,97535900;2,33278300;
202300031216.0;3;91;91064;1;9;8.0;1.0;48,76637000;2,23015000;
202300031217.0;1;90;90010;2;1;1.0;6.0;47,63371000;6,84214000;
202300031218.0;5;89;89024;2;2;1.0;6.0;47,79232000;3,56751000;
202300031219.0;5;87;87085;2;3;1.0;6.0;45,83266000;1,23255000;
202300031220.0;5;87;87085;2;1;4.0;6.0;45,83143000;1,26416000;
202300031221.0;1;80;80489;2;1;1.0;3.0;49,86942400;2,36034900;
202300031222.0;5;79;79191;2;3;1.0;2.0;46,34398000; -0,48550000;
202300031223.0;5;78;78208;2;1;2.0;6.0;48,78456800;1,95529400;
202300031224.0;1;77;77350;2;1;1.0;6.0;48,75936294;2,67805651;
202300031225.0;5;74;74281;2;1;8.0;6.0;46,38116000;6,49788000;
202300031226.0;2;74;74010;2;1;1.0;6.0;45,90250000;6,12680000;
202300031227.0;5;72;72181;2;1;1.0;6.0;47,99759000;0,20776000;
202300031228.0;1;71;71540;1;4;8.0;2.0;46,75935593;4,46459790;
202300031229.0;5;70;70550;2;2;4.0;6.0;47,61591300;6,15287600;
202300031230.0;3;69;69282;2;1;4.0;1.0;45,75479000;4,98620000;
202300031231.0;5;69;69282;2;3;4.0;1.0;45,76115000;4,98973000;
202300031232.0;1;69;69256;2;1;1.0;6.0;45,74830000;4,92883000;
202300031233.0;1;69;69029;2;2;2.0;3.0;45,73587000;4,91167000;
202300031234.0;2;67;67482;2;3;1.0;6.0;48,59166000;7,75529000;
202300031235.0;5;66;66136;2;1;1.0;6.0;42,69379000;2,90078000;
202300031236.0;1;64;64284;1;6;1.0;3.0;43,29309000; -0,38697000;
202300031237.0;1;64;64102;2;1;3.0;7.0;43,51263488; -1,43830705;
202300031238.0;1;63;63113;2;1;1.0;3.0;45,78060000;3,10993000;
202300031239.0;3;62;62215;1;9;2.0;5.0;50,50728000;2,96206000;
202300031240.0;5;59;59350;2;1;5.0;3.0;50,63233000;3,05150100;
202300031241.0;1;59;59346;2;1;1.0;2.0;50,61761000;3,11646000;
202300031242.0;1;57;57227;2;3;2.0;1.0;49,18539211;6,90716028;
202300031243.0;5;56;56260;2;1;1.0;6.0;47,64634000; -2,76320000;
202300031244.0;5;56;56260;2;3;1.0;3.0;47,66690000; -2,74588000;
202300031245.0;2;52;52448;2;1;1.0;6.0;48,64141000;4,94946000;
202300031246.0;5;51;51058;2;1;1.0;6.0;49,21832000;3,99835000;
202300031247.0;1;51;51454;2;3;1.0;3.0;49,22591000;4,01662000;
202300031248.0;2;49;49278;2;1;2.0;3.0;47,44425000; -0,55167000;
202300031249.0;1;49;49007;2;1;1.0;6.0;47,45909000; -0,53552000;
202300031250.0;1;49;49007;2;2;8.0;3.0;47,47800000; -0,53350000;
202300031251.0;1;49;49246;2;1;1.0;4.0;47,44384000; -0,52716000;
202300031252.0;1;45;45208;2;1;1.0;2.0;47,99525000;2,72682000;
202300031253.0;2;37;37122;2;3;8.0;6.0;47,33814000;0,65332000;
202300031254.0;5;35;35238;2;1;1.0;3.0;48,11123037; -1,68024570;
202300031255.0;2;35;35238;2;1;1.0;6.0;48,11136349; -1,68680236;
202300031256.0;1;35;35281;2;1;1.0;3.0;48,07538000; -1,73635000;
202300031257.0;1;34;34172;2;1;1.0;3.0;43,62634000;3,87665000;
202300031258.0;1;31;31555;2;1;8.0;2.0;43,61546000;1,43739000;
202300031259.0;1;31;31555;2;1;3.0;3.0;43,55786000;1,41301000;
202300031260.0;3;29;29232;1;1;1.0;7.0;47,97798000; -4,02274000;
202300031261.0;1;25;25056;2;1;1.0;4.0;47,23230800;5,97234900;
202300031262.0;1;25;25056;2;1;1.0;6.0;47,22244900;5,97435600;
202300031263.0;3;19;19031;2;1;9.0;2.0;45,15800259;1,52361274;
202300031264.0;1;17;17415;2;1;1.0;2.0;45,74043200; -0,62105300;
202300031265.0;1;17;17306;2;3;1.0;3.0;45,62795100; -1,01608900;
202300031266.0;1;17;17306;2;1;1.0;6.0;45,62484700; -1,02287700;
202300031267.0;3;17;17300;1;1;8.0;7.0;46,16053000; -1,12141000;
202300031268.0;3;13;13102;2;4;1.0;1.0;43,42100000;5,22900000;
202300031269.0;2;13;13213;2;1;1.0;1.0;43,32060000;5,40995000;
202300031270.0;1;13;13201;2;3;1.0;3.0;43,29667000;5,38545000;
202300031271.0;1;13;13210;2;1;1.0;3.0;43,28247897;5,39952155;
202300031272.0;5;13;13214;1;9;1.0;1.0;43,33486000;5,38538000;
202300031273.0;5;13;13005;2;1;1.0;1.0;43,28278000;5,54927000;
202300031274.0;1;10;10387;2;1;1.0;6.0;48,27586487;4,07811105;
202300031275.0;5;10;10387;2;1;8.0;6.0;48,30724000;4,05486000;
202300031276.0;1;10;10387;2;2;1.0;6.0;48,30282000;4,06805000;
202300031277.0;1;06;06029;2;1;1.0;6.0;43,56015100;6,96268100;
202300031278.0;5;06;06027;2;1;1.0;2.0;43,65200000;7,15350000;
202300031279.0;1;75;75113;2;1;1.0;5.0;48,81621500;2,35855800;
202300031280.0;2;75;75116;2;1;1.0;5.0;48,83698000;2,25546200;
202300031281.0;1;75;75114;2;3;1.0;3.0;48,83851300;2,32260700;
202300031282.0;5;75;75119;2;2;1.0;6.0;48,88595000;2,38214700;
202300031283.0;1;75;75116;2;1;1.0;7.0;48,86581813;2,28927344;
202300031284.0;5;75;75113;2;2;1.0;6.0;48,82576500;2,34658600;
202300031285.0;5;75;75113;2;2;1.0;3.0;48,84191500;2,36786200;
202300031286.0;5;75;75112;2;1;1.0;6.0;48,84748800;2,38120100;
202300031287.0;1;75;75112;2;3;1.0;1.0;48,84969100;2,37948200;
202300031288.0;1;75;75107;2;1;8.0;2.0;48,84907100;2,32168600;
202300031289.0;1;75;75103;2;3;8.0;6.0;48,85745100;2,36444900;
202300031290.0;5;94;94068;2;1;2.0;1.0;48,81345000;2,48006000;
202300031291.0;5;94;94068;2;1;2.0;6.0;48,78892000;2,48591000;
202300031292.0;1;94;94068;2;1;1.0;3.0;48,80059400;2,48417100;
202300031293.0;5;94;94052;2;1;2.0;3.0;48,84580900;2,49007900;
202300031294.0;5;94;94038;2;3;1.0;6.0;48,78018000;2,33915000;
202300031295.0;1;93;93030;2;3;1.0;6.0;48,95206000;2,41517000;
202300031296.0;5;92;92073;2;1;2.0;2.0;48,86688677;2,22944409;
202300031297.0;5;92;92064;2;1;2.0;6.0;48,84480000;2,21750000;
202300031298.0;1;92;92051;2;9;8.0;2.0;48,89132927;2,27518246;
202300031299.0;1;92;92051;2;6;1.0;3.0;48,89355082;2,26774657;
202300031300.0;5;92;92020;2;1;2.0;6.0;48,80673800;2,29345300;
202300031301.0;5;92;92049;2;1;2.0;3.0;48,81683000;2,30674700;
202300031302.0;5;92;92035;2;6;2.0;6.0;48,90661000;2,24808000;
202300031303.0;5;92;92025;2;1;1.0;3.0;48,92303900;2,25462600;
202300031304.0;5;92;92012;2;9;1.0;6.0;48,83396000;2,24482000;
202300031305.0;1;92;92012;2;2;1.0;3.0;48,83202000;2,25309000;
202300031306.0;3;83;83062;1;1;1.0;4.0;43,14394700;6,03238100;
202300031307.0;1;69;69382;1;1;1.0;3.0;45,74457000;4,82731000;
202300031308.0;3;33;33397;1;1;1.0;5.0;44,91084400; -0,48694300;
202300031309.0;3;33;33249;1;1;1.0;2.0;44,88532000; -0,51021000;
202300031310.0;3;33;33162;1;1;2.0;7.0;44,86722903; -0,64899534;
202300031311.0;1;93;93007;1;1;1.0;3.0;48,92833137;2,48120159;
202300031312.0;5;75;75110;2;1;1.0;3.0;48,87532700;2,36739000;
202300031313.0;1;973;97302;2;3;1.0;3.0;4,92497000; -52,31717000;
202300031314.0;2;22;22278;2;1;2.0;6.0;48,51549000; -2,79320000;
202300031315.0;5;973;97302;2;1;1.0;3.0;4,93488722; -52,33346388;
202300031316.0;5;27;27229;2;1;5.0;1.0;49,01654456;1,14386086;
202300031317.0;5;973;97302;2;1;1.0;7.0;4,93160000; -52,32985000;
202300031318.0;1;77;77186;2;2;1.0;6.0;48,41245000;2,69789000;
202300031319.0;3;971;97113;1;1;1.0;4.0;16,24129000; -61,49234000;
202300031320.0;5;971;97113;2;1;1.0;6.0;16,21191000; -61,47480000;
202300031321.0;1;976;97611;2;1;1.0;3.0; -12,77577000;45,22725000;
202300031322.0;5;2A;2A004;2;1;1.0;6.0;41,93100000;8,73700000;
202300031323.0;5;69;69383;2;2;1.0;3.0;45,74933000;4,88400000;
202300031324.0;1;95;95500;2;3;1.0;3.0;49,04392000;2,08499000;
202300031325.0;4;69;69387;2;1;1.0;2.0;45,74388000;4,84604000;
202300031326.0;1;972;97213;1;1;2.0;7.0;14,62556520; -61,01072210;
202300031327.0;1;91;91657;2;6;1.0;3.0;48,69843000;2,42606000;
202300031328.0;1;972;97213;2;6;1.0;3.0;14,62888000; -61,01520000;
202300031329.0;1;83;83062;2;9;1.0;6.0;43,14577000;6,03985000;
202300031330.0;1;972;97209;1;1;1.0;3.0;14,61005000; -61,06520000;
202300031331.0;2;69;69382;2;3;8.0;3.0;45,73830000;4,82161000;
202300031332.0;1;77;77108;2;3;1.0;1.0;48,86880500;2,57384700;
202300031333.0;1;971;97113;1;9;1.0;6.0;16,20763000; -61,48248000;
202300031334.0;1;77;77058;1;2;1.0;3.0;48,83465700;2,74008700;
202300031335.0;1;2A;2A004;2;1;1.0;6.0;41,94664000;8,76520000;
202300031336.0;1;76;76026;1;1;1.0;6.0;49,86801000;1,12468000;
202300031337.0;1;95;95277;2;1;1.0;6.0;48,96291200;2,45259100;
202300031338.0;1;64;64024;2;1;1.0;3.0;43,50593000; -1,49634000;
202300031339.0;1;95;95203;2;7;1.0;6.0;48,99112197;2,27862239;
202300031340.0;1;87;87085;2;3;9.0;7.0;45,86448000;1,29177000;
202300031341.0;5;62;62617;2;2;8.0;3.0;50,47569480;2,66575974;
202300031342.0;1;83;83137;2;1;1.0;3.0;43,12018266;5,94723353;
202300031343.0;1;56;56260;2;9;1.0;3.0;47,66065000; -2,77642000;
202300031344.0;5;80;80021;2;1;2.0;6.0;49,88895000;2,28999000;
202300031345.0;1;49;49328;2;7;1.0;3.0;47,26287000; -0,07955000;
202300031346.0;5;80;80021;2;1;3.0;6.0;49,89113000;2,30726000;
202300031347.0;1;44;44109;2;2;1.0;6.0;47,23148000; -1,53812000;
202300031348.0;1;77;77333;2;1;1.0;6.0;48,26450200;2,69560100;
202300031349.0;1;77;77186;1;1;1.0;2.0;48,41833300;2,67318000;
202300031350.0;1;37;37261;2;6;1.0;3.0;47,43283000;0,68590000;
202300031351.0;2;77;77013;1;1;1.0;6.0;48,84378400;3,08836800;
202300031352.0;5;31;31555;2;1;1.0;4.0;43,60336000;1,45651000;
202300031353.0;5;76;76231;2;2;1.0;3.0;49,29100600;1,00981300;
202300031354.0;1;17;17306;2;9;1.0;6.0;45,62700000; -1,01878000;
202300031355.0;3;76;76351;1;1;2.0;2.0;49,52458800;0,17479600;
202300031356.0;1;12;12145;2;1;1.0;3.0;44,09822000;3,07679000;
202300031357.0;1;76;76351;2;2;4.0;2.0;49,51260000;0,11687000;
202300031358.0;1;02;02408;2;1;1.0;1.0;49,57081900;3,63453800;
202300031359.0;5;76;76351;2;1;1.0;1.0;49,51241000;0,14774000;
202300031360.0;3;75;75112;2;7;1.0;6.0;48,84061817;2,43488789;
202300031361.0;1;76;76707;1;1;4.0;2.0;49,86272271;1,11047483;
202300031362.0;1;75;75118;2;2;1.0;3.0;48,89050000;2,34960600;
202300031363.0;1;71;71076;2;2;2.0;3.0;46,80658000;4,84423000;
202300031364.0;5;69;69275;2;3;1.0;6.0;45,77211000;4,97099000;
202300031365.0;1;75;75116;2;2;1.0;2.0;48,84791600;2,25947000;
202300031366.0;5;69;69264;2;1;1.0;6.0;45,98364000;4,71982000;
202300031367.0;1;75;75112;2;1;1.0;4.0;48,83715700;2,39051700;
202300031368.0;1;69;69264;2;6;1.0;3.0;45,99823000;4,73940000;
202300031369.0;1;75;75103;2;2;1.0;3.0;48,86165400;2,35162700;
202300031370.0;1;69;69290;2;1;4.0;1.0;45,69639000;4,91924000;
202300031371.0;5;68;68066;2;1;1.0;3.0;48,09316000;7,35526000;
202300031372.0;1;94;94077;2;2;1.0;1.0;48,73220000;2,40800000;
202300031373.0;1;66;66136;2;3;9.0;6.0;42,69047700;2,88549364;
202300031374.0;2;94;94002;2;1;2.0;6.0;48,78992000;2,43124000;
202300031375.0;1;63;63063;2;1;1.0;3.0;45,83963000;3,11761000;
202300031376.0;1;92;92040;2;2;1.0;3.0;48,82250963;2,26797277;
202300031377.0;1;62;62523;2;6;7.0;3.0;50,44405000;2,85677000;
202300031378.0;1;92;92025;2;1;1.0;3.0;48,90907000;2,23631000;
202300031379.0;3;61;61466;1;1;1.0;6.0;48,74972700; -0,49858700;
202300031380.0;1;60;60057;2;1;1.0;6.0;49,43481000;2,09819000;
202300031381.0;3;50;50447;1;1;1.0;1.0;48,79238000; -1,51277700;
202300031382.0;5;59;59508;2;1;1.0;2.0;50,73933000;3,13200000;
202300031383.0;1;12;12287;2;1;1.0;1.0;44,31609200;1,89080200;
202300031384.0;3;59;59206;2;1;9.0;6.0;50,19510800;3,26816700;
202300031385.0;1;35;35177;1;1;1.0;6.0;48,22457300; -1,74938000;
202300031386.0;1;2A;2A211;1;1;1.0;6.0;41,76494200;8,95106800;
202300031387.0;1;56;56121;2;1;2.0;3.0;47,74357000; -3,38517000;
202300031388.0;1;2A;2A119;1;1;1.0;3.0;41,89551300;9,01591300;
202300031389.0;1;56;56098;2;1;1.0;2.0;47,76873000; -3,35265000;
202300031390.0;1;52;52114;1;1;1.0;2.0;48,04496200;4,90520200;
202300031391.0;5;56;56098;2;6;2.0;6.0;47,76192000; -3,34665000;
202300031392.0;3;18;18259;1;1;1.0;7.0;47,47126000;2,69144100;
202300031393.0;5;54;54580;2;1;3.0;6.0;49,47004000;5,92821000;
202300031394.0;1;36;36011;1;1;3.0;3.0;47,17676200;1,72991800;
202300031395.0;3;54;54028;1;1;8.0;7.0;49,21737000;5,96698000;
202300031396.0;3;76;76413;2;1;2.0;7.0;49,86387500;1,15380000;
202300031397.0;5;51;51454;2;4;1.0;3.0;49,26320000;4,01577000;