Num_Acc;lum;departement;commune;agglomeration;intersection;meteo;type_collision;lat;long;date
202300031398.0;3;38;38239;1;1;1.0;6.0;45,33355700;5,56490800;
202300031399.0;2;50;50129;2;3;2.0;3.0;49,61419000; -1,64631000;
202300031400.0;3;44;44103;1;1;1.0;2.0;47,32486100; -2,15044500;
202300031401.0;1;12;12270;1;1;1.0;7.0;44,36092377;3,11715603;
202300031402.0;5;49;49214;2;6;1.0;2.0;47,52090000; -0,61063000;
202300031403.0;5;49;49007;2;1;8.0;6.0;47,45109000; -0,54482000;
202300031404.0;1;22;22175;1;1;1.0;6.0;48,44021300; -2,34826300;
202300031405.0;2;77;77436;1;1;1.0;1.0;48,78894200;3,19921400;
202300031406.0;5;49;49015;2;3;1.0;2.0;47,50166000; -0,59244000;
202300031407.0;5;49;49246;2;1;1.0;7.0;47,44396000; -0,51118000;
202300031408.0;3;61;61301;1;1;1.0;6.0;48,53968200;0,16496600;
202300031409.0;3;40;40167;1;1;1.0;7.0;44,22673800; -0,57202300;
202300031410.0;3;47;47201;2;3;3.0;1.0;44,16753000;0,60968000;
202300031411.0;1;56;56020;1;1;1.0;6.0;47,79957000; -2,44784000;
202300031412.0;1;67;67305;2;7;2.0;1.0;48,93273100;8,15753800;
202300031413.0;2;47;47001;2;3;8.0;3.0;44,20548000;0,62857000;
202300031414.0;1;67;67500;2;9;1.0;6.0;48,52600800;7,33137900;
202300031415.0;1;80;80437;1;1;1.0;7.0;49,93419300;1,90187900;
202300031416.0;3;82;82175;1;1;1.0;6.0;44,12958500;0,93909500;
202300031417.0;1;37;37214;2;1;1.0;1.0;47,40120000;0,65314000;
202300031418.0;1;71;71450;1;1;1.0;7.0;46,90738600;4,51877100;
202300031419.0;5;35;35288;2;1;2.0;6.0;48,62782000; -1,98580000;
202300031420.0;2;71;71170;2;3;1.0;3.0;46,92524500;4,83083500;
202300031421.0;5;35;35238;2;2;8.0;6.0;48,08829847; -1,66747302;
202300031422.0;1;12;12208;2;3;1.0;6.0;43,95585000;2,88928900;
202300031423.0;1;12;12031;1;1;1.0;6.0;44,46967200;2,29494600;
202300031424.0;1;35;35238;1;6;1.0;2.0;48,08185879; -1,67517096;
202300031425.0;1;42;42329;2;4;1.0;6.0;45,31681500;4,51269300;
202300031426.0;2;33;33318;2;1;3.0;6.0;44,79095000; -0,67285000;
202300031427.0;2;47;47106;2;6;1.0;6.0;44,49349400;0,96362700;
202300031428.0;2;29;29019;2;3;1.0;3.0;48,40421700; -4,48448600;
202300031429.0;1;47;47110;2;3;1.0;6.0;44,45638700;0,29481000;
202300031430.0;1;26;26198;2;1;1.0;6.0;44,55592000;4,73400000;
202300031431.0;1;22;22222;1;1;1.0;3.0;48,66902900; -2,89403900;
202300031432.0;5;22;22278;2;9;2.0;6.0;48,50100000; -2,74100000;
202300031433.0;1;39;39286;2;1;1.0;1.0;46,38650600;5,78060000;
202300031434.0;1;17;17461;2;6;8.0;4.0;45,64924000; -1,04789000;
202300031435.0;1;39;39106;1;1;1.0;1.0;46,45131900;5,71175900;
202300031436.0;1;25;25180;1;1;1.0;7.0;46,95988100;6,02403800;
202300031437.0;5;14;14715;2;9;4.0;6.0;49,36100000;0,08600000;
202300031438.0;1;29;29192;2;1;1.0;2.0;48,66965626; -4,05049266;
202300031439.0;1;14;14715;1;2;8.0;2.0;49,37838000;0,09834000;
202300031440.0;1;29;29220;1;1;2.0;5.0;47,84682701; -4,22688215;
202300031441.0;5;13;13208;2;2;1.0;3.0;43,25207000;5,37757000;
202300031442.0;1;38;38144;1;1;1.0;3.0;45,58371000;5,09759200;
202300031443.0;1;13;13204;2;1;1.0;6.0;43,31401729;5,39736348;
202300031444.0;1;38;38130;1;1;1.0;3.0;45,38072800;5,27978900;
202300031445.0;2;13;13213;2;1;1.0;2.0;43,32199903;5,41787181;
202300031446.0;1;38;38479;1;1;1.0;6.0;45,42095600;5,19215600;
202300031447.0;1;13;13208;2;1;1.0;3.0;43,26172749;5,39737485;
202300031448.0;1;03;03138;1;1;3.0;6.0;46,26516000;3,61243700;
202300031449.0;1;03;03072;1;1;1.0;2.0;46,50181900;2,54460100;
202300031450.0;5;13;13206;2;3;1.0;3.0;43,28402564;5,38476570;
202300031451.0;1;01;01388;2;2;1.0;7.0;46,45888000;5,08425600;
202300031452.0;1;05;05149;1;1;1.0;7.0;44,65735100;6,20587000;
202300031453.0;5;13;13206;2;1;1.0;6.0;43,29134995;5,38301520;
202300031454.0;1;50;50417;2;3;2.0;6.0;49,59356300; -1,30342500;
202300031455.0;1;13;13211;2;3;1.0;3.0;43,28929694;5,43637605;
202300031456.0;1;83;83124;1;3;1.0;3.0;43,58548900;6,63443300;
202300031457.0;1;83;83046;1;1;1.0;7.0;43,54327221;6,15818972;
202300031458.0;1;60;60393;2;1;3.0;1.0;49,26716100;2,37083600;
202300031459.0;1;64;64403;1;1;1.0;1.0;43,37202200; -0,84704000;
202300031460.0;1;64;64461;2;2;1.0;3.0;43,52504600; -0,91065300;
202300031461.0;1;64;64015;1;1;2.0;6.0;43,09578900; -0,90700500;
202300031462.0;1;73;73164;1;1;1.0;6.0;45,70459500;5,99880100;
202300031463.0;1;43;43150;2;7;1.0;1.0;45,09708500;4,05926900;
202300031464.0;1;16;16425;1;1;1.0;6.0;45,74717700;0,44977400;
202300031465.0;1;53;53228;1;1;1.0;6.0;48,03395500; -0,37324500;
202300031466.0;1;21;21445;1;1;1.0;7.0;47,31833200;4,31770100;
202300031467.0;1;04;04094;2;1;1.0;1.0;43,75779800;5,89402600;
202300031468.0;1;85;85146;2;6;1.0;3.0;46,98417200; -1,31929800;
202300031469.0;1;85;85089;1;3;1.0;7.0;46,74121700; -1,34768900;
202300031470.0;1;28;28052;1;1;2.0;5.0;48,56626000;1,52723400;
202300031471.0;1;23;23220;2;1;1.0;7.0;46,02156800;2,13868500;
202300031472.0;1;87;87187;2;4;1.0;7.0;45,50930559;1,20274365;
202300031473.0;3;37;37122;1;1;3.0;2.0;47,33860500;0,63662800;
202300031474.0;5;30;30122;1;1;5.0;1.0;43,90267800;4,21547200;
202300031475.0;1;48;48144;1;1;1.0;7.0;44,15657132;3,73847648;
202300031476.0;5;987;98734;2;1;1.0;1.0; -17,76092200; -149,50828900;
202300031477.0;5;30;30169;2;1;1.0;6.0;43,79042000;4,30705600;
202300031478.0;1;01;01266;2;1;1.0;6.0;46,33690300;5,12870600;
202300031479.0;5;987;98715;1;1;1.0;5.0; -17,58400000; -149,56000000;
202300031480.0;3;33;33072;1;1;1.0;6.0;44,53190156; -0,17717600;
202300031481.0;1;34;34172;1;1;1.0;2.0;43,59985500;3,91760000;
202300031482.0;1;21;21405;1;1;1.0;5.0;46,93907000;4,82501500;
202300031483.0;5;73;73304;2;6;1.0;6.0;45,45965658;6,96628541;
202300031484.0;1;11;11441;1;1;1.0;6.0;43,20238000;3,08090900;
202300031485.0;1;30;30189;1;1;1.0;4.0;43,80783600;4,35361100;
202300031486.0;3;988;98831;1;1;1.0;6.0; -20,94358500;164,71203100;
202300031487.0;3;988;98802;1;1;1.0;6.0; -21,85984000;165,97754000;
202300031488.0;3;973;97305;1;1;1.0;1.0;5,06803200; -52,59012600;
202300031489.0;1;45;45063;1;2;8.0;5.0;47,63670200;2,44842800;
202300031490.0;3;34;34213;1;1;1.0;6.0;43,51044500;3,64540600;
202300031491.0;1;34;34209;1;1;1.0;2.0;43,31311240;3,32988796;
202300031492.0;1;34;34154;1;1;1.0;3.0;43,61053900;3,97314500;
202300031493.0;1;83;83112;2;3;1.0;3.0;43,18159300;5,69770400;
202300031494.0;1;13;13082;1;1;1.0;3.0;43,69498200;5,34405500;
202300031495.0;1;13;13059;1;1;1.0;3.0;43,63322900;5,51683200;
202300031496.0;1;13;13048;2;1;1.0;7.0;43,63320200;5,62917400;
202300031497.0;1;71;71150;2;1;1.0;7.0;46,24117600;4,78142200;
202300031498.0;1;67;67127;2;1;1.0;3.0;48,56970000;7,52301200;
202300031499.0;2;54;54090;2;3;1.0;6.0;48,75306000;6,16424000;
202300031500.0;1;63;63092;1;1;1.0;1.0;45,91628800;3,03033800;
202300031501.0;1;07;07127;2;1;1.0;6.0;44,64666000;4,32459600;
202300031502.0;1;85;85222;2;1;1.0;7.0;46,68832100; -1,93372780;
202300031503.0;1;29;29237;2;1;1.0;6.0;48,47506963; -4,20591814;
202300031504.0;1;22;22198;1;2;1.0;3.0;48,80916000; -3,53306500;
202300031505.0;1;22;22198;1;1;1.0;3.0;48,79863600; -3,54066700;
202300031506.0;1;22;22186;1;2;8.0;3.0;48,58538400; -2,51750000;
202300031507.0;1;59;59399;2;1;1.0;1.0;50,71408400;2,66830800;
202300031508.0;1;13;13071;1;1;1.0;3.0;43,40498000;5,29499000;
202300031509.0;3;13;13005;1;1;1.0;2.0;43,28900000;5,55095000;
202300031510.0;3;83;83144;1;1;1.0;6.0;43,14334000;6,01320000;
202300031511.0;1;33;33550;1;1;1.0;4.0;44,77847000; -0,55431000;
202300031512.0;3;33;33162;1;1;1.0;6.0;44,85929300; -0,66095800;
202300031513.0;1;91;91689;1;1;1.0;3.0;48,74369000;2,32333000;
202300031514.0;1;76;76681;2;2;1.0;3.0;49,40643000;1,09669000;
202300031515.0;1;92;92002;1;1;1.0;4.0;48,73057039;2,30851382;
202300031516.0;1;76;76296;1;1;1.0;5.0;49,51751000;0,24723000;
202300031517.0;3;91;91689;1;1;1.0;2.0;48,74795000;2,32665000;
202300031518.0;3;92;92064;1;1;1.0;6.0;48,83971944;2,21953969;
202300031519.0;1;72;72181;2;1;3.0;2.0;47,98884000;0,17843000;
202300031520.0;1;72;72181;2;3;2.0;6.0;48,00237000;0,20600000;
202300031521.0;2;94;94018;1;1;1.0;3.0;48,81737894;2,41732391;
202300031522.0;1;71;71270;2;1;1.0;6.0;46,29411000;4,81584000;
202300031523.0;3;77;77495;1;1;1.0;6.0;48,57555000;2,63901000;
202300031524.0;5;69;69256;2;1;2.0;6.0;45,75470000;4,92820000;
202300031525.0;1;42;42186;2;1;1.0;1.0;45,52100000;4,59663000;
202300031526.0;5;69;69264;2;1;1.0;6.0;45,97943000;4,71760000;
202300031527.0;1;38;38053;2;9;1.0;6.0;45,59578405;5,26772745;
202300031528.0;1;34;34301;2;6;1.0;6.0;43,40470000;3,70090000;
202300031529.0;1;66;66136;2;1;1.0;6.0;42,68705000;2,90611000;
202300031530.0;1;974;97409;2;9;3.0;3.0; -20,94394000;55,64944000;
202300031531.0;1;64;64545;1;1;3.0;3.0;43,37482000; -1,68547000;
202300031532.0;1;974;97411;2;9;1.0;5.0; -20,89067000;55,45521000;
202300031533.0;1;974;97411;2;6;1.0;2.0; -20,90230000;55,50250000;
202300031534.0;1;60;60057;2;9;1.0;1.0;49,43364000;2,09372000;
202300031535.0;1;974;97407;2;9;1.0;6.0; -20,95775000;55,31369000;
202300031536.0;4;59;59648;2;1;1.0;6.0;50,58846200;3,04431500;
202300031537.0;1;973;97302;2;1;1.0;3.0;4,89655000; -52,32864000;
202300031538.0;5;973;97302;2;1;1.0;1.0;4,91230000; -52,32110000;
202300031539.0;1;59;59317;2;9;1.0;3.0;50,68751100;2,89686500;
202300031540.0;5;69;69386;2;2;1.0;3.0;45,77056000;4,85503000;
202300031541.0;1;57;57447;2;1;1.0;6.0;49,08524000;6,14901000;
202300031542.0;5;95;95288;2;1;9.0;6.0;48,98194213;2,35318780;
202300031543.0;1;56;56121;2;1;2.0;2.0;47,74851000; -3,36539000;
202300031544.0;5;91;91216;2;1;1.0;3.0;48,67595700;2,33631300;
202300031545.0;1;51;51454;2;2;1.0;3.0;49,26886000;4,01195000;
202300031546.0;1;86;86066;1;1;8.0;7.0;46,78546900;0,54724000;
202300031547.0;1;50;50129;2;3;1.0;1.0;49,64370000; -1,62579000;
202300031548.0;1;79;79329;2;3;1.0;6.0;46,98675800; -0,21085000;
202300031549.0;1;49;49099;2;1;1.0;7.0;47,07488000; -0,84522000;
202300031550.0;1;78;78481;2;3;2.0;6.0;48,88932000;2,09898000;
202300031551.0;1;77;77251;1;1;2.0;6.0;48,62436000;2,54626000;
202300031552.0;1;49;49007;2;2;1.0;3.0;47,45271000; -0,54103000;
202300031553.0;5;76;76681;2;1;2.0;6.0;49,40379000;1,09874000;
202300031554.0;1;72;72181;2;9;1.0;3.0;48,00700000;0,19300000;
202300031555.0;5;49;49007;2;2;1.0;3.0;47,46326000; -0,54505000;
202300031556.0;1;44;44132;2;1;1.0;6.0;47,25926000; -2,32955000;
202300031557.0;5;64;64122;2;1;1.0;3.0;43,46247000; -1,55125000;
202300031558.0;1;38;38185;2;1;2.0;6.0;45,16050000;5,70980000;
202300031559.0;1;38;38151;2;3;1.0;3.0;45,15461000;5,71226000;
202300031560.0;1;64;64024;2;1;1.0;3.0;43,49330000; -1,49722000;
202300031561.0;1;38;38185;2;2;8.0;3.0;45,18024000;5,71134000;
202300031562.0;1;64;64102;2;1;1.0;7.0;43,49393000; -1,47957000;
202300031563.0;1;37;37261;2;1;1.0;7.0;47,42988000;0,67918000;
202300031564.0;1;37;37122;1;9;2.0;7.0;47,34000535;0,66641092;
202300031565.0;1;63;63113;1;1;2.0;6.0;45,75747000;3,15475000;
202300031566.0;3;36;36202;1;1;1.0;6.0;46,78309369;1,60174012;
202300031567.0;1;60;60159;2;2;1.0;6.0;49,41232600;2,81505200;
202300031568.0;5;35;35238;2;3;1.0;5.0;48,10145485; -1,65966779;
202300031569.0;1;35;35238;2;1;1.0;6.0;48,10449000; -1,67263000;
202300031570.0;1;59;59041;2;1;1.0;6.0;50,20704000;3,86486000;
202300031571.0;1;35;35238;2;1;1.0;3.0;48,10846000; -1,71247000;
202300031572.0;5;59;59350;2;5;1.0;6.0;50,62954000;3,05492000;
202300031573.0;1;54;54431;2;6;1.0;3.0;48,90757800;6,04970000;
202300031574.0;1;54;54257;2;1;1.0;6.0;48,64840000;6,18188000;
202300031575.0;1;54;54382;2;1;1.0;6.0;49,54636000;5,77179000;
202300031576.0;5;33;33063;2;1;2.0;6.0;44,87720000; -0,55935000;
202300031577.0;1;37;37233;2;1;1.0;2.0;47,39682000;0,71034000;
202300031578.0;1;33;33063;2;1;3.0;6.0;44,83857000; -0,62444000;
202300031579.0;1;37;37261;2;1;2.0;7.0;47,38103000;0,68527000;
202300031580.0;1;31;31483;2;7;2.0;2.0;43,11171000;0,72581000;
202300031581.0;1;37;37261;2;9;2.0;6.0;47,36295000;0,69682000;
202300031582.0;3;33;33009;2;1;1.0;6.0;44,64468000; -1,19528000;
202300031583.0;1;29;29254;1;1;1.0;6.0;48,59470000; -3,84149000;
202300031584.0;1;31;31555;2;1;1.0;3.0;43,55791480;1,40277654;
202300031585.0;1;28;28134;1;1;2.0;7.0;48,74766000;1,31756000;
202300031586.0;1;27;27562;2;1;8.0;3.0;49,10225000;1,46674000;
202300031587.0;3;17;17300;1;1;2.0;7.0;46,17149000; -1,19409000;
202300031588.0;1;27;27681;2;9;2.0;6.0;49,09657000;1,46463000;
202300031589.0;1;10;10333;2;1;1.0;2.0;48,27615000;4,05642000;
202300031590.0;1;33;33249;1;1;1.0;6.0;44,87955251; -0,50989866;
202300031591.0;1;27;27681;2;1;1.0;3.0;49,09086000;1,48277000;
202300031592.0;3;10;10191;1;1;1.0;3.0;48,33007000;4,08386000;
202300031593.0;1;75;75114;1;1;1.0;7.0;48,81872300;2,33099000;
202300031594.0;1;06;06123;2;4;1.0;6.0;43,67341000;7,18981000;
202300031595.0;3;23;23096;2;1;2.0;5.0;46,16200000;1,89100000;
202300031596.0;1;91;91235;1;1;1.0;7.0;48,62579000;2,35573000;
202300031597.0;3;13;13209;2;1;1.0;3.0;43,25870000;5,39900000;
202300031598.0;1;22;22278;2;1;1.0;6.0;48,51252000; -2,76155000;
202300031599.0;1;06;06123;2;9;1.0;3.0;43,66558900;7,18659300;
202300031600.0;5;92;92050;1;1;1.0;2.0;48,89784194;2,19804328;
202300031601.0;1;13;13214;2;1;1.0;2.0;43,34175982;5,38661797;
202300031602.0;1;04;04070;2;1;1.0;1.0;44,07386000;6,19593000;
202300031603.0;1;19;19031;2;3;1.0;3.0;45,15199000;1,54091000;
202300031604.0;3;92;92036;1;1;1.0;3.0;48,93576409;2,28722247;
202300031605.0;1;04;04070;2;1;1.0;6.0;44,08622000;6,22129600;
202300031606.0;1;19;19031;2;2;1.0;3.0;45,15938000;1,53217000;
202300031607.0;1;13;13214;2;9;2.0;5.0;43,32802583;5,39740148;
202300031608.0;3;95;95277;1;1;1.0;5.0;48,97690265;2,47768521;
202300031609.0;1;01;01344;2;1;1.0;7.0;46,21135000;5,20376000;
202300031610.0;1;14;14366;2;1;1.0;6.0;49,14289000;0,22554000;
202300031611.0;5;13;13001;2;1;3.0;1.0;43,52567000;5,45505000;
202300031612.0;1;75;75114;2;1;1.0;7.0;48,82056200;2,32311200;
202300031613.0;3;93;93048;1;9;1.0;2.0;48,87186000;2,43360000;
202300031614.0;1;13;13201;2;5;2.0;2.0;43,30388000;5,39305000;
202300031615.0;1;13;13214;2;1;1.0;1.0;43,33936228;5,38073718;
202300031616.0;3;11;11069;1;6;2.0;3.0;43,19629000;2,32244000;
202300031617.0;1;77;77058;1;1;1.0;2.0;48,82800000;2,73100000;
202300031618.0;1;75;75112;2;1;1.0;4.0;48,82847100;2,39741800;
202300031619.0;2;11;11069;2;7;2.0;7.0;43,21064000;2,34500000;
202300031620.0;3;77;77517;1;1;1.0;7.0;48,91039000;2,64080000;
202300031621.0;1;13;13206;2;3;1.0;1.0;43,28955000;5,37981000;
202300031622.0;1;75;75106;2;3;1.0;2.0;48,85460200;2,34251400;
202300031623.0;2;11;11069;1;1;3.0;1.0;43,22861000;2,28256000;
202300031624.0;1;976;97611;2;1;1.0;3.0; -12,81976000;45,19601000;
202300031625.0;1;10;10387;2;1;1.0;6.0;48,30300000;4,07700000;
202300031626.0;5;09;09122;2;1;2.0;6.0;42,96376200;1,60579300;
202300031627.0;1;75;75119;2;3;8.0;1.0;48,88409800;2,37524700;
202300031628.0;1;10;10333;2;1;2.0;3.0;48,27540000;4,05700000;
202300031629.0;5;05;05061;2;4;2.0;6.0;44,53752396;6,05326027;
202300031630.0;1;974;97416;2;3;1.0;3.0; -21,30587000;55,46384000;
202300031631.0;1;04;04112;2;1;1.0;6.0;43,82910000;5,78578000;
202300031632.0;1;75;75118;2;2;2.0;6.0;48,88840800;2,34799800;
202300031633.0;1;10;10325;1;1;1.0;2.0;48,26062000;4,09109000;
202300031634.0;1;974;97416;1;1;1.0;2.0; -21,35367000;55,51620000;
202300031635.0;1;75;75115;2;1;1.0;3.0;48,83189700;2,28169000;
202300031636.0;1;13;13078;2;4;1.0;1.0;43,39270900;4,80495200;
202300031637.0;1;07;07102;1;1;2.0;7.0;44,92338000;4,85681000;
202300031638.0;1;75;75105;2;3;1.0;6.0;48,85034700;2,34755900;
202300031639.0;1;974;97411;2;6;1.0;3.0; -20,87649000;55,44227000;
202300031640.0;1;75;75118;2;2;1.0;7.0;48,89055400;2,33431100;
202300031641.0;1;59;59653;1;1;1.0;2.0;50,58404000;2,90667800;
202300031642.0;4;06;06083;2;6;1.0;6.0;43,77578000;7,48842000;
202300031643.0;1;75;75120;2;2;1.0;3.0;48,85764000;2,40389700;
202300031644.0;1;48;48032;1;1;1.0;6.0;44,61788200;3,25528400;
202300031645.0;1;75;75115;2;1;1.0;3.0;48,84556300;2,31255300;
202300031646.0;1;974;97409;2;3;1.0;6.0; -20,92903000;55,64493000;
202300031647.0;2;06;06029;2;1;1.0;6.0;43,55300000;6,96300000;
202300031648.0;1;75;75119;2;2;2.0;1.0;48,87839700;2,37422200;
202300031649.0;1;04;04102;1;1;1.0;2.0;44,40979200;6,45369000;
202300031650.0;1;75;75115;2;2;2.0;6.0;48,84915000;2,28189300;
202300031651.0;1;69;69383;2;2;1.0;6.0;45,75602000;4,84649000;
202300031652.0;1;06;06027;2;2;1.0;3.0;43,65515260;7,15135290;
202300031653.0;1;75;75118;2;3;1.0;3.0;48,88527000;2,34952900;
202300031654.0;1;51;51030;1;1;1.0;3.0;49,04544200;4,06197500;
202300031655.0;1;972;97213;2;1;1.0;6.0;14,61606600; -61,00136600;
202300031656.0;1;75;75112;2;3;1.0;3.0;48,84712900;2,37570600;
202300031657.0;2;19;19261;1;1;1.0;7.0;45,64934700;2,16651100;
202300031658.0;5;75;75120;2;1;1.0;2.0;48,87534400;2,39648600;
202300031659.0;5;75;75118;2;3;1.0;3.0;48,89773500;2,33750800;
202300031660.0;1;972;97209;2;5;1.0;6.0;14,60763000; -61,06895000;
202300031661.0;1;56;56166;1;1;7.0;6.0;47,93535100; -3,36623700;
202300031662.0;1;75;75108;2;2;1.0;3.0;48,86585500;2,31988500;
202300031663.0;2;75;75117;2;3;2.0;6.0;48,88292000;2,29935100;
202300031664.0;1;75;75117;2;2;1.0;3.0;48,89355900;2,32266300;
202300031665.0;5;69;69384;2;2;1.0;3.0;45,77757000;4,83606000;
202300031666.0;1;75;75108;2;7;1.0;3.0;48,87409600;2,29577400;
202300031667.0;1;75;75117;2;3;3.0;7.0;48,89024100;2,31723000;
202300031668.0;1;59;59436;1;2;1.0;5.0;50,78924900;2,39074900;
202300031669.0;5;75;75116;2;5;1.0;3.0;48,85802500;2,27257200;
202300031670.0;2;75;75116;2;1;2.0;2.0;48,83893300;2,25678600;
202300031671.0;5;75;75101;2;2;1.0;6.0;48,86407000;2,32012400;
202300031672.0;1;69;69384;2;9;1.0;6.0;45,77375703;4,82409765;
202300031673.0;1;75;75115;2;1;1.0;6.0;48,84320300;2,27546900;
202300031674.0;1;76;76549;2;1;1.0;1.0;49,76015100;0,92869900;
202300031675.0;5;75;75116;2;3;1.0;1.0;48,87087800;2,28503100;
202300031676.0;1;91;91228;2;1;1.0;6.0;48,61858700;2,45107800;
202300031677.0;5;75;75115;2;2;9.0;6.0;48,84565100;2,28798100;
202300031678.0;1;79;79204;2;2;1.0;1.0;46,18737400; -0,25511000;
202300031679.0;1;75;75110;2;1;1.0;3.0;48,88220100;2,36652600;
202300031680.0;1;91;91174;2;1;1.0;6.0;48,58714000;2,47252000;
202300031681.0;5;75;75111;2;2;1.0;1.0;48,86288200;2,38714700;
202300031682.0;1;75;75109;2;2;2.0;3.0;48,87519900;2,33522200;
202300031683.0;1;91;91228;2;2;1.0;6.0;48,63154000;2,44119000;
202300031684.0;1;65;65031;1;1;1.0;7.0;42,93125900;0,36744100;
202300031685.0;5;75;75111;2;2;1.0;3.0;48,85327100;2,37729800;
202300031686.0;1;75;75108;2;1;2.0;4.0;48,87966900;2,32393500;
202300031687.0;1;83;83137;2;1;1.0;2.0;43,12523000;5,92443000;
202300031688.0;1;71;71310;2;1;1.0;7.0;46,74116900;4,47718600;
202300031689.0;1;75;75104;2;1;1.0;7.0;48,85393200;2,35834400;
202300031690.0;5;75;75110;2;1;1.0;6.0;48,87297900;2,35631300;
202300031691.0;1;89;89370;2;1;1.0;6.0;48,18084900;3,08858000;
202300031692.0;1;82;82121;1;1;1.0;1.0;44,04045000;1,30521000;
202300031693.0;1;94;94074;2;1;2.0;3.0;48,74602200;2,46322700;
202300031694.0;2;75;75104;2;3;2.0;6.0;48,85153700;2,36368600;
202300031695.0;1;94;94033;2;1;2.0;6.0;48,85159000;2,48712000;
202300031696.0;1;41;41159;1;1;1.0;2.0;47,53397800;1,82938500;
202300031697.0;5;80;80021;2;1;1.0;6.0;49,87435000;2,30650000;
202300031698.0;5;94;94078;2;9;1.0;6.0;48,75481000;2,44437000;
202300031699.0;3;79;79300;1;1;1.0;7.0;46,99309300; -0,22577000;
202300031700.0;1;68;68208;1;1;1.0;7.0;47,56356500;7,41757600;
202300031701.0;1;94;94011;2;1;1.0;3.0;48,77490000;2,48100000;
202300031702.0;1;22;22381;1;1;1.0;7.0;48,75053000; -3,34847000;
202300031703.0;1;76;76681;2;3;7.0;6.0;49,41577000;1,08265000;
202300031704.0;1;94;94028;2;3;1.0;3.0;48,77706000;2,46888000;
202300031705.0;1;94;94002;2;1;2.0;2.0;48,78186000;2,41952500;
202300031706.0;5;76;76270;2;1;1.0;6.0;49,52944000;0,12558000;
202300031707.0;1;29;29158;2;6;1.0;3.0;47,81363622; -4,33626160;
202300031708.0;1;94;94074;2;2;1.0;6.0;48,74528215;2,46382450;
202300031709.0;5;93;93078;2;1;1.0;3.0;48,95942541;2,55084277;
202300031710.0;2;72;72181;2;1;1.0;2.0;47,97860000;0,17340000;
202300031711.0;1;02;02303;2;6;1.0;3.0;49,85847000;3,25333600;
202300031712.0;1;94;94011;1;1;1.0;4.0;48,76243000;2,47725000;
202300031713.0;1;72;72181;2;1;1.0;3.0;48,00903900;0,19457100;
202300031714.0;1;93;93077;2;3;8.0;3.0;48,89204000;2,50560000;
202300031715.0;1;03;03254;2;1;1.0;6.0;46,30350400;3,29670300;
202300031716.0;1;94;94017;2;9;1.0;3.0;48,82688000;2,51015000;
202300031717.0;1;70;70261;1;1;1.0;6.0;47,62389000;6,18919000;
202300031718.0;5;69;69266;2;1;1.0;6.0;45,75588000;4,89627000;
202300031719.0;1;93;93073;1;2;2.0;3.0;49,00804000;2,55757000;
202300031720.0;1;01;01306;2;3;1.0;6.0;46,26007300;4,88783200;
202300031721.0;1;93;93001;2;2;8.0;4.0;48,90367700;2,39191400;
202300031722.0;1;69;69264;2;1;1.0;6.0;45,98825000;4,71048000;
202300031723.0;1;01;01426;1;1;1.0;6.0;46,28507800;5,31634700;
202300031724.0;1;92;92078;2;9;8.0;1.0;48,92795000;2,33113000;
202300031725.0;1;93;93046;2;2;2.0;5.0;48,91900600;2,52444400;
202300031726.0;5;66;66136;2;1;1.0;6.0;42,70232000;2,89747600;
202300031727.0;1;72;72010;1;1;1.0;6.0;47,89059300; -0,24020300;
202300031728.0;1;93;93070;2;1;1.0;3.0;48,90229793;2,34412059;
202300031729.0;5;92;92048;2;3;2.0;3.0;48,78835764;2,23008256;
202300031730.0;1;66;66136;2;1;1.0;6.0;42,72242805;2,88627684;
202300031731.0;1;93;93066;2;9;1.0;3.0;48,93733270;2,36816043;
202300031732.0;5;92;92012;2;3;2.0;6.0;48,82816000;2,25367000;
202300031733.0;1;50;50219;1;3;1.0;5.0;49,06899500; -1,46002300;
202300031734.0;1;64;64132;2;1;1.0;2.0;43,28751000; -0,35011000;
202300031735.0;2;93;93031;2;3;2.0;6.0;48,95015000;2,32837000;
202300031736.0;1;40;40075;1;9;1.0;6.0;43,83507800; -1,18024400;
202300031737.0;1;60;60319;1;1;1.0;7.0;49,35506100;1,94225600;
202300031738.0;1;64;64445;2;1;1.0;6.0;43,30390000; -0,36596000;
202300031739.0;1;92;92073;2;1;1.0;6.0;48,86626700;2,21577400;
202300031740.0;1;73;73019;1;1;1.0;6.0;45,51966200;6,31795400;
202300031741.0;3;91;91086;1;9;2.0;1.0;48,60283600;2,38304600;
202300031742.0;1;92;92064;1;9;1.0;3.0;48,84168156;2,21584931;
202300031743.0;1;64;64122;2;2;1.0;3.0;43,48285000; -1,55658000;
202300031744.0;1;38;38336;1;1;1.0;7.0;45,49566100;4,83633400;
202300031745.0;3;36;36018;1;1;1.0;6.0;46,64893900;1,07051800;
202300031746.0;2;21;21572;1;1;2.0;6.0;47,12177500;5,39033900;