Num_Acc;lum;departement;commune;agglomeration;intersection;meteo;type_collision;lat;long;date
202300031747.0;5;92;92063;2;1;2.0;5.0;48,88715387;2,16948062;
202300031748.0;1;64;64122;2;1;1.0;3.0;43,48190000; -1,54296000;
202300031749.0;3;24;24484;2;1;1.0;6.0;45,12263400;0,85695000;
202300031750.0;1;85;85234;2;1;1.0;3.0;46,79357200; -2,05368600;
202300031751.0;1;64;64024;2;1;1.0;3.0;43,46047975; -1,49623007;
202300031752.0;1;71;71550;1;1;1.0;2.0;46,48900500;4,89489700;
202300031753.0;1;92;92050;2;4;3.0;3.0;48,91886166;2,22245961;
202300031754.0;3;974;97422;1;1;8.0;6.0; -21,24100100;55,49332800;
202300031755.0;1;92;92050;2;1;2.0;3.0;48,90973433;2,21578091;
202300031756.0;1;28;28116;1;4;1.0;3.0;48,45792500;1,24303200;
202300031757.0;1;63;63113;2;2;1.0;2.0;45,78969000;3,11806000;
202300031758.0;1;972;97222;2;1;1.0;6.0;14,66869300; -60,94766000;
202300031759.0;1;92;92049;2;2;1.0;3.0;48,81121000;2,31843000;
202300031760.0;5;92;92025;2;1;3.0;6.0;48,91854200;2,25265500;
202300031761.0;1;87;87116;1;9;1.0;3.0;46,12807300;1,00992700;
202300031762.0;1;60;60057;2;2;1.0;3.0;49,44131000;2,09517000;
202300031763.0;1;972;97205;1;1;1.0;5.0;14,63302300; -61,12913100;
202300031764.0;1;37;37050;2;1;1.0;6.0;47,34328100;0,71518200;
202300031765.0;3;59;59343;2;6;1.0;6.0;50,58323000;3,08886000;
202300031766.0;1;92;92024;2;2;2.0;3.0;48,90115000;2,30526000;
202300031767.0;3;44;44071;2;3;2.0;3.0;47,18618700; -1,43797000;
202300031768.0;1;30;30228;1;1;1.0;6.0;43,95847200;4,33256100;
202300031769.0;5;92;92023;2;3;2.0;7.0;48,79392000;2,26510000;
202300031770.0;1;59;59350;2;1;1.0;7.0;50,63737496;3,07057679;
202300031771.0;1;52;52442;1;1;1.0;1.0;48,43164900;5,14855400;
202300031772.0;2;92;92012;2;3;1.0;3.0;48,83472775;2,24703938;
202300031773.0;1;59;59024;2;1;1.0;1.0;50,33369000;3,23256000;
202300031774.0;1;95;95633;1;1;2.0;4.0;48,99983100;2,48417600;
202300031775.0;2;51;51457;1;1;2.0;7.0;49,09433200;3,77784800;
202300031776.0;2;67;67176;1;1;1.0;2.0;48,88105500;7,67101000;
202300031777.0;3;59;59043;1;1;1.0;6.0;50,75910000;2,75119000;
202300031778.0;1;972;97217;2;6;1.0;3.0;14,46974400; -60,85708000;
202300031779.0;3;56;56010;1;3;2.0;3.0;47,86678900; -3,04952100;
202300031780.0;1;57;57631;2;1;1.0;1.0;49,10701000;7,08569000;
202300031781.0;1;11;11170;2;1;2.0;1.0;43,11179600;3,09247400;
202300031782.0;1;83;83004;1;1;1.0;5.0;43,44717100;6,48159000;
202300031783.0;3;56;56121;1;1;1.0;6.0;47,75006000; -3,38707000;
202300031784.0;1;23;23195;2;3;3.0;3.0;46,20481100;1,90530700;
202300031785.0;1;2B;2B043;1;1;6.0;1.0;42,79630200;9,49003400;
202300031786.0;2;29;29234;1;1;1.0;3.0;47,86251164; -3,50471948;
202300031787.0;1;56;56121;2;1;1.0;3.0;47,73755000; -3,38225000;
202300031788.0;1;52;52014;1;1;3.0;6.0;47,76917461;5,19473681;
202300031789.0;3;80;80613;1;1;1.0;6.0;50,04177300;1,46235500;
202300031790.0;3;71;71543;2;1;3.0;6.0;46,56892900;4,89019300;
202300031791.0;4;37;37110;1;4;1.0;3.0;47,32100449;1,06391430;
202300031792.0;1;54;54184;2;1;1.0;1.0;48,70077000;6,24274000;
202300031793.0;1;22;22389;1;1;1.0;4.0;48,47923000; -2,66641100;
202300031794.0;1;77;77175;1;1;1.0;1.0;48,63139100;2,64253400;
202300031795.0;1;62;62307;1;1;1.0;7.0;50,91499400;1,73238500;
202300031796.0;3;63;63165;1;1;1.0;6.0;45,78602100;2,46485400;
202300031797.0;1;54;54099;2;1;1.0;6.0;49,24990000;5,94160000;
202300031798.0;1;56;56140;1;6;1.0;6.0;47,90013200; -2,80883600;
202300031799.0;1;49;49155;1;1;1.0;7.0;47,59468900; -0,70484200;
202300031800.0;3;91;91148;1;1;1.0;1.0;48,50563000;2,16341600;
202300031801.0;3;56;56177;1;1;2.0;6.0;47,82457700; -3,04864200;
202300031802.0;1;51;51454;2;1;1.0;6.0;49,25213000;4,06262000;
202300031803.0;1;2B;2B168;2;1;1.0;7.0;42,62963700;8,94824100;
202300031804.0;3;56;56186;2;1;1.0;6.0;47,47976600; -3,12314300;
202300031805.0;1;39;39470;1;1;3.0;1.0;46,48466000;6,04247800;
202300031806.0;1;47;47001;2;1;1.0;6.0;44,20100000;0,62138000;
202300031807.0;1;56;56243;2;1;1.0;7.0;47,61428600; -2,73096600;
202300031808.0;1;84;84036;2;2;1.0;2.0;43,92672200;4,94841800;
202300031809.0;2;25;25278;1;1;2.0;1.0;47,23293100;6,29059600;
202300031810.0;1;79;79132;1;1;1.0;7.0;47,01830150; -0,45387000;
202300031811.0;1;68;68262;1;1;1.0;7.0;47,92137900;7,03876000;
202300031812.0;1;35;35290;1;1;1.0;6.0;48,10330215; -2,10713804;
202300031813.0;5;38;38185;2;5;1.0;1.0;45,19336000;5,71987000;
202300031814.0;3;80;80019;1;1;1.0;1.0;49,95888200;1,86955900;
202300031815.0;3;82;82192;1;1;2.0;6.0;43,92411000;1,51540500;
202300031816.0;3;88;88183;1;1;1.0;2.0;48,38413100;5,69686200;
202300031817.0;3;38;38422;1;1;2.0;6.0;45,16290100;5,82704000;
202300031818.0;1;38;38185;2;4;1.0;6.0;45,17444000;5,72441000;
202300031819.0;1;71;71010;2;1;2.0;6.0;46,90358000;4,44696600;
202300031820.0;1;55;55414;1;1;1.0;7.0;48,80993900;4,91475500;
202300031821.0;2;63;63149;1;1;2.0;7.0;45,89657900;3,27092200;
202300031822.0;5;38;38012;1;1;3.0;5.0;45,61287400;5,61004100;
202300031823.0;1;35;35150;1;1;1.0;5.0;48,34346000; -1,22193000;
202300031824.0;1;69;69159;2;1;1.0;3.0;45,96121500;4,65107600;
202300031825.0;1;84;84068;1;1;1.0;1.0;43,78522300;5,34553500;
202300031826.0;1;63;63443;1;3;1.0;7.0;45,93823832;3,17777127;
202300031827.0;1;14;14258;2;1;1.0;3.0;48,89593000; -0,19483000;
202300031828.0;1;07;07319;2;1;1.0;1.0;44,53640900;4,67185000;
202300031829.0;5;33;33318;2;9;1.0;3.0;44,80388000; -0,66266000;
202300031830.0;1;61;61087;1;1;1.0;1.0;48,56818800;0,42282200;
202300031831.0;1;07;07157;2;1;1.0;6.0;44,61169000;4,71806400;
202300031832.0;1;56;56178;2;1;1.0;6.0;48,06423500; -2,95754300;
202300031833.0;1;12;12113;1;1;1.0;6.0;44,27222300;2,36421700;
202300031834.0;5;33;33063;2;2;1.0;3.0;44,83202000; -0,57786000;
202300031835.0;1;22;22040;1;1;1.0;6.0;48,52308500; -3,16884800;
202300031836.0;3;02;02489;1;2;1.0;6.0;49,56411900;3,55159600;
202300031837.0;2;21;21429;1;1;2.0;1.0;47,59777000;4,32629000;
202300031838.0;1;33;33162;2;1;1.0;1.0;44,87534000; -0,66460000;
202300031839.0;3;72;72315;1;1;1.0;6.0;48,18444000; -0,10545000;
202300031840.0;5;85;85084;2;1;3.0;6.0;46,77172000; -1,22698700;
202300031841.0;1;28;28404;2;1;1.0;6.0;48,73230000;1,34086000;
202300031842.0;4;27;27022;2;1;1.0;7.0;49,17110200;1,33843900;
202300031843.0;3;17;17024;1;1;2.0;7.0;46,01329700; -0,35551100;
202300031844.0;1;64;64065;1;3;2.0;3.0;43,35312800; -1,64260600;
202300031845.0;1;27;27375;2;1;7.0;1.0;49,21865000;1,17654000;
202300031846.0;3;24;24577;1;1;3.0;1.0;44,85233200;1,20052500;
202300031847.0;2;59;59139;2;6;7.0;1.0;50,12574700;3,42258500;
202300031848.0;1;87;87185;1;1;3.0;6.0;45,87616200;1,03058300;
202300031849.0;2;37;37251;1;2;1.0;3.0;47,51856800;0,40397000;
202300031850.0;3;33;33013;1;9;2.0;6.0;44,86702245; -0,47627449;
202300031851.0;1;27;27229;2;1;1.0;2.0;49,02387500;1,12862000;
202300031852.0;1;48;48041;1;1;8.0;1.0;44,72352600;3,74570500;
202300031853.0;3;30;30018;1;1;1.0;1.0;43,82661700;4,04786100;
202300031854.0;1;94;94034;1;1;1.0;2.0;48,75762305;2,32812012;
202300031855.0;1;24;24331;1;1;1.0;6.0;44,81478500;0,42581700;
202300031856.0;1;30;30224;1;1;1.0;7.0;43,93499157;4,23327273;
202300031857.0;1;91;91086;1;1;1.0;2.0;48,62374000;2,38002000;
202300031858.0;3;15;15012;1;1;1.0;2.0;44,87190000;2,44422000;
202300031859.0;1;84;84007;1;3;1.0;5.0;43,89002200;4,91556100;
202300031860.0;1;91;91086;1;1;1.0;5.0;48,62364000;2,39138000;
202300031861.0;1;34;34163;1;3;1.0;3.0;43,63116800;3,70299300;
202300031862.0;3;64;64520;1;1;2.0;5.0;43,31581100; -0,27826300;
202300031863.0;3;988;98803;1;1;1.0;6.0; -21,50737000;165,45338300;
202300031864.0;3;973;97311;2;1;1.0;6.0;5,47676000; -54,03855100;
202300031865.0;1;13;13103;1;1;1.0;4.0;43,67738000;5,09307000;
202300031866.0;1;988;98829;1;1;1.0;7.0; -21,63556900;166,20042600;
202300031867.0;1;33;33199;2;1;1.0;3.0;44,58654700; -1,06903200;
202300031868.0;1;91;91228;1;1;1.0;3.0;48,61874631;2,42732003;
202300031869.0;3;13;13056;2;1;1.0;7.0;43,42449000;5,01953000;
202300031870.0;5;971;97128;2;3;1.0;3.0;16,28452400; -61,37114400;
202300031871.0;3;77;77217;1;1;2.0;2.0;48,67465400;2,67587400;
202300031872.0;5;971;97125;1;1;1.0;2.0;16,29319200; -61,29012800;
202300031873.0;1;13;13214;2;1;1.0;3.0;43,33969430;5,39568721;
202300031874.0;1;91;91570;1;1;1.0;5.0;48,62494000;2,33068000;
202300031875.0;1;2A;2A041;1;1;1.0;6.0;41,41318800;9,12223600;
202300031876.0;1;972;97228;2;1;1.0;1.0;14,78129700; -61,02229900;
202300031877.0;1;95;95018;1;1;1.0;2.0;48,96034883;2,27111220;
202300031878.0;2;66;66145;1;1;1.0;1.0;42,62439500;2,82311600;
202300031879.0;1;95;95199;2;1;1.0;2.0;49,02389000;2,32772000;
202300031880.0;1;13;13214;2;3;1.0;3.0;43,34360000;5,38534000;
202300031881.0;1;34;34327;2;2;1.0;6.0;43,65801200;3,96827000;
202300031882.0;1;93;93066;1;1;1.0;3.0;48,91384971;2,35800952;
202300031883.0;1;78;78128;1;3;1.0;3.0;48,66942600;1,95659600;
202300031884.0;5;13;13005;2;1;1.0;6.0;43,28926000;5,57272000;
202300031885.0;1;83;83047;2;1;1.0;6.0;43,12422100;6,07400200;
202300031886.0;3;78;78090;1;1;1.0;2.0;48,95722800;1,89168700;
202300031887.0;1;95;95488;1;1;1.0;2.0;49,01041606;2,15461850;
202300031888.0;1;83;83053;2;1;1.0;6.0;43,17281200;5,82952400;
202300031889.0;1;2B;2B296;1;1;1.0;3.0;42,58099300;8,90266500;
202300031890.0;1;93;93006;1;1;1.0;3.0;48,86576613;2,42064352;
202300031891.0;1;68;68351;1;1;2.0;1.0;48,01952500;7,57651100;
202300031892.0;1;13;13001;2;3;1.0;1.0;43,52731000;5,44322000;
202300031893.0;1;2B;2B042;1;1;1.0;2.0;42,59084900;9,43927000;
202300031894.0;1;03;03316;2;3;1.0;1.0;46,66441100;3,24921700;
202300031895.0;1;04;04171;1;1;1.0;6.0;43,79285200;6,38384500;
202300031896.0;1;13;13001;1;1;1.0;5.0;43,50266000;5,39588000;
202300031897.0;1;93;93007;1;1;1.0;4.0;48,92345412;2,48055468;
202300031898.0;1;68;68063;1;1;1.0;2.0;47,77613700;7,20855500;
202300031899.0;1;01;01313;1;3;2.0;2.0;46,25418500;6,06275800;
202300031900.0;3;01;01064;2;1;2.0;6.0;45,76469000;5,48016600;
202300031901.0;2;06;06083;2;1;1.0;6.0;43,78397800;7,51708600;
202300031902.0;1;93;93006;1;1;1.0;2.0;48,86576613;2,42064352;
202300031903.0;2;69;69036;2;1;1.0;6.0;46,12079700;4,65031200;
202300031904.0;2;17;17185;1;1;8.0;3.0;45,71527400; -0,97201100;
202300031905.0;3;69;69159;1;6;2.0;6.0;45,97008600;4,67260100;
202300031906.0;2;01;01053;2;2;1.0;3.0;46,20876800;5,22756600;
202300031907.0;1;93;93007;1;1;1.0;5.0;48,94925302;2,44676549;
202300031908.0;1;29;29057;2;3;8.0;3.0;47,90519511; -3,99507291;
202300031909.0;1;22;22136;1;1;1.0;1.0;48,16971000; -2,72654600;
202300031910.0;5;60;60360;2;1;2.0;2.0;49,33012900;2,45824500;
202300031911.0;1;22;22070;2;1;3.0;2.0;48,56300500; -3,16307500;
202300031912.0;1;75;75116;2;1;1.0;4.0;48,86423900;2,26654100;
202300031913.0;1;93;93013;1;1;1.0;5.0;48,94049514;2,42470833;
202300031914.0;5;75;75113;2;1;1.0;3.0;48,82000400;2,37422500;
202300031915.0;1;60;60461;1;1;2.0;3.0;49,44974100;2,16201100;
202300031916.0;3;35;35191;1;2;1.0;3.0;48,45934100; -1,31040900;
202300031917.0;3;93;93005;1;1;1.0;6.0;48,95912873;2,47345001;
202300031918.0;1;59;59659;2;1;1.0;3.0;50,01702300;4,01843200;
202300031919.0;1;76;76462;2;2;2.0;6.0;49,73406900;1,43699900;
202300031920.0;1;75;75113;2;1;1.0;3.0;48,82108600;2,37799800;
202300031921.0;1;94;94017;1;1;1.0;2.0;48,82648029;2,52228801;
202300031922.0;1;75;75118;2;1;1.0;6.0;48,89885200;2,34424000;
202300031923.0;5;80;80780;2;3;2.0;6.0;50,11998000;1,55191500;
202300031924.0;1;94;94017;1;1;1.0;3.0;48,82872040;2,47702199;
202300031925.0;1;42;42207;1;1;1.0;5.0;45,48694000;4,50422300;
202300031926.0;1;75;75118;2;2;1.0;6.0;48,90118200;2,33998500;
202300031927.0;5;13;13215;1;1;1.0;4.0;43,34591000;5,37357000;
202300031928.0;5;43;43157;2;3;1.0;3.0;45,03018500;3,88348600;
202300031929.0;1;33;33063;1;1;3.0;4.0;44,88019000; -0,53823000;
202300031930.0;1;75;75116;2;2;1.0;3.0;48,84087700;2,26517800;
202300031931.0;1;62;62907;1;1;1.0;6.0;50,47743000;2,98021000;
202300031932.0;1;13;13117;1;1;1.0;5.0;43,42649223;5,26333366;
202300031933.0;1;59;59459;1;1;5.0;6.0;50,37450000;3,47493000;
202300031934.0;3;83;83090;1;1;1.0;6.0;43,12413270;5,87154558;
202300031935.0;1;75;75116;2;3;1.0;6.0;48,85774100;2,27992200;
202300031936.0;5;43;43099;2;2;1.0;3.0;45,38832800;3,30443300;
202300031937.0;5;33;33487;1;1;2.0;6.0;44,95230669; -0,45964479;
202300031938.0;1;91;91064;1;1;2.0;4.0;48,74422000;2,19048000;
202300031939.0;1;43;43132;1;1;1.0;1.0;45,11638900;3,49082000;
202300031940.0;1;75;75116;2;1;1.0;3.0;48,85335400;2,27873300;
202300031941.0;5;92;92004;1;1;1.0;6.0;48,91514617;2,30963154;
202300031942.0;5;43;43041;2;6;1.0;6.0;45,04696445;3,92664403;
202300031943.0;1;93;93005;1;1;1.0;3.0;48,96024199;2,47332287;
202300031944.0;1;33;33039;1;1;2.0;4.0;44,79584035; -0,53862780;
202300031945.0;1;92;92036;1;1;1.0;6.0;48,94122394;2,29162986;
202300031946.0;5;75;75113;2;1;1.0;2.0;48,82411700;2,38339900;
202300031947.0;1;43;43218;1;1;8.0;5.0;45,06260900;4,01816400;
202300031948.0;1;92;92036;1;1;1.0;6.0;48,93788866;2,29766722;
202300031949.0;4;33;33039;1;1;2.0;4.0;44,79166805; -0,54042220;
202300031950.0;1;43;43157;2;1;1.0;6.0;45,04542000;3,88262000;
202300031951.0;5;2A;2A004;2;1;1.0;2.0;41,93389000;8,74789000;
202300031952.0;1;75;75111;2;3;1.0;3.0;48,86212000;2,38015700;
202300031953.0;1;43;43157;2;1;1.0;6.0;45,04209000;3,88867000;
202300031954.0;3;91;91377;1;1;1.0;4.0;48,72183000;2,29553000;
202300031955.0;1;976;97611;2;1;1.0;3.0; -12,82037000;45,19535000;
202300031956.0;5;75;75110;2;2;1.0;2.0;48,86933038;2,35427141;
202300031957.0;2;43;43157;2;1;1.0;6.0;45,04214000;3,88591000;
202300031958.0;1;974;97411;2;1;1.0;2.0; -20,88739000;55,44134000;
202300031959.0;3;94;94076;1;1;2.0;5.0;48,78543196;2,34573083;
202300031960.0;5;95;95277;2;1;1.0;6.0;48,99419719;2,42385864;
202300031961.0;5;69;69152;2;6;1.0;3.0;45,69297770;4,82765637;
202300031962.0;1;75;75107;2;3;1.0;3.0;48,85831500;2,32236900;
202300031963.0;1;2B;2B033;2;1;1.0;2.0;42,67803600;9,43262900;
202300031964.0;1;75;75107;2;1;1.0;6.0;48,86215600;2,30000100;
202300031965.0;3;91;91161;1;1;8.0;4.0;48,69586000;2,31743000;
202300031966.0;1;42;42095;2;4;1.0;6.0;45,39055000;4,28553000;
202300031967.0;1;2B;2B033;2;1;1.0;6.0;42,67081000;9,44359000;
202300031968.0;3;92;92036;1;1;8.0;2.0;48,92009017;2,30667222;
202300031969.0;5;75;75102;2;2;1.0;3.0;48,86340200;2,35094800;
202300031970.0;1;75;75115;2;3;1.0;6.0;48,85431400;2,29231200;
202300031971.0;1;2A;2A004;2;4;1.0;1.0;41,90880000;8,71801000;
202300031972.0;2;92;92050;1;4;8.0;7.0;48,90293811;2,20539182;
202300031973.0;1;76;76351;2;1;1.0;6.0;49,50974000;0,10166000;
202300031974.0;1;83;83129;2;1;7.0;6.0;43,09557600;5,83712000;
202300031975.0;1;94;94046;2;1;1.0;5.0;48,81313000;2,42140000;
202300031976.0;3;93;93064;1;1;1.0;2.0;48,87012000;2,48243000;
202300031977.0;1;83;83061;2;9;6.0;3.0;43,43263700;6,72520500;
202300031978.0;1;43;43234;2;6;1.0;3.0;44,95607100;3,54121300;
202300031979.0;1;94;94003;2;1;1.0;2.0;48,80460000;2,34425000;
202300031980.0;3;95;95582;1;1;1.0;2.0;48,97522663;2,24280953;
202300031981.0;2;83;83061;2;3;1.0;3.0;43,43287000;6,75449000;
202300031982.0;1;94;94076;2;1;1.0;2.0;48,78763100;2,36789100;
202300031983.0;5;976;97611;2;1;1.0;1.0; -12,78609000;45,21893000;
202300031984.0;1;77;77288;2;1;2.0;6.0;48,54351900;2,67849000;
202300031985.0;2;974;97416;1;1;1.0;6.0; -21,32543000;55,44706000;
202300031986.0;1;24;24256;2;1;1.0;1.0;45,18301000;0,65237000;
202300031987.0;5;94;94033;2;2;1.0;3.0;48,84601879;2,47037172;
202300031988.0;2;78;78440;2;6;1.0;6.0;48,97453000;1,91684000;
202300031989.0;5;988;98818;2;3;2.0;6.0; -22,26718000;166,41238000;
202300031990.0;5;974;97411;1;9;1.0;6.0; -20,88660000;55,48950000;
202300031991.0;4;94;94028;2;1;1.0;5.0;48,80140000;2,44663000;
202300031992.0;2;974;97411;2;2;1.0;3.0; -20,91218000;55,50229000;
202300031993.0;1;973;97302;2;2;2.0;4.0;4,92952000; -52,31513000;
202300031994.0;1;77;77305;2;4;1.0;3.0;48,39940000;2,96110000;
202300031995.0;1;94;94028;2;1;1.0;3.0;48,80068100;2,45067500;
202300031996.0;1;974;97411;2;3;1.0;6.0; -20,90196000;55,47713000;
202300031997.0;1;69;69386;2;1;1.0;1.0;45,76543137;4,84947962;
202300031998.0;2;94;94079;2;1;1.0;6.0;48,83265734;2,54380462;
202300031999.0;5;974;97411;2;1;1.0;1.0; -20,87934000;55,45807000;
202300032000.0;5;76;76322;2;1;6.0;7.0;49,40564000;1,04872000;
202300032001.0;1;974;97411;2;1;1.0;2.0; -20,87502000;55,45396000;
202300032002.0;1;972;97213;1;1;1.0;2.0;14,59451000; -60,98438000;
202300032003.0;1;94;94017;2;9;1.0;3.0;48,81350000;2,52804000;
202300032004.0;5;69;69266;2;2;2.0;3.0;45,76522000;4,86888000;
202300032005.0;1;974;97411;2;2;3.0;3.0; -20,88107000;55,45360000;
202300032006.0;1;94;94017;2;1;1.0;6.0;48,81204608;2,54803868;
202300032007.0;5;69;69290;2;1;2.0;6.0;45,69185000;4,96710000;
202300032008.0;5;972;97209;1;1;1.0;2.0;14,61828000; -61,03646000;
202300032009.0;1;973;97302;1;9;1.0;3.0;4,89712000; -52,32859000;
202300032010.0;5;69;69259;2;3;2.0;6.0;45,70054000;4,88137000;
202300032011.0;1;93;93066;2;9;1.0;3.0;48,92645164;2,35152841;
202300032012.0;5;69;69386;2;2;2.0;2.0;45,76910000;4,86054000;
202300032013.0;1;67;67482;2;3;1.0;2.0;48,55448000;7,76639000;
202300032014.0;2;69;69386;2;1;1.0;6.0;45,76983000;4,84763000;
202300032015.0;1;63;63113;2;1;1.0;7.0;45,77651000;3,07522000;
202300032016.0;3;971;97101;1;1;2.0;5.0;16,26398000; -61,47801000;
202300032017.0;1;69;69387;2;1;3.0;3.0;45,74686000;4,84511000;
202300032018.0;1;62;62727;2;6;2.0;6.0;50,47369049;2,58979082;
202300032019.0;1;93;93029;2;1;1.0;6.0;48,91911000;2,42052000;
202300032020.0;3;971;97101;2;1;2.0;6.0;16,25823000; -61,51166000;
202300032021.0;5;69;69382;2;3;2.0;3.0;45,74192000;4,82242000;
202300032022.0;1;93;93027;2;3;1.0;1.0;48,92468000;2,37867000;
202300032023.0;1;971;97105;2;1;1.0;6.0;15,99875605; -61,72475874;
202300032024.0;1;60;60414;1;1;1.0;4.0;49,25900000;2,45300000;
202300032025.0;1;56;56121;2;6;2.0;6.0;47,73317000; -3,37236000;
202300032026.0;5;69;69384;2;2;2.0;3.0;45,77759000;4,83484000;
202300032027.0;1;95;95280;2;1;1.0;6.0;49,03018000;2,45557000;
202300032028.0;1;93;93047;2;2;1.0;3.0;48,90549000;2,58735000;
202300032029.0;1;54;54395;2;1;1.0;1.0;48,68587735;6,19101316;
202300032030.0;1;2B;2B033;2;1;1.0;2.0;42,70595000;9,44865000;
202300032031.0;1;54;54304;1;2;2.0;3.0;48,69397000;6,13520000;
202300032032.0;2;93;93005;2;1;1.0;4.0;48,95282489;2,49985099;
202300032033.0;2;95;95555;2;1;1.0;1.0;48,97516530;2,29188189;
202300032034.0;5;95;95268;2;3;2.0;3.0;48,95965495;2,39891946;
202300032035.0;5;54;54028;2;3;2.0;1.0;49,21110800;5,97658500;
202300032036.0;5;92;92046;2;1;1.0;2.0;48,81378952;2,27865055;
202300032037.0;1;87;87085;2;1;1.0;7.0;45,91065000;1,30529000;
202300032038.0;1;51;51454;2;2;1.0;6.0;49,25026670;4,02475387;
202300032039.0;5;95;95280;2;2;2.0;6.0;49,03052454;2,47038424;
202300032040.0;1;87;87085;2;1;1.0;7.0;45,90580000;1,29718000;
202300032041.0;1;92;92073;2;9;1.0;3.0;48,86469700;2,21900100;
202300032042.0;1;51;51454;2;3;1.0;3.0;49,24588243;4,05851752;
202300032043.0;2;91;91549;2;1;2.0;6.0;48,63195000;2,33158000;
202300032044.0;2;86;86157;1;1;1.0;2.0;46,56758400;0,39866700;
202300032045.0;3;91;91377;2;1;1.0;1.0;48,71858000;2,29255000;
202300032046.0;5;92;92072;2;1;1.0;2.0;48,82104000;2,20184000;
202300032047.0;2;45;45234;2;3;8.0;3.0;47,89801000;1,91083000;
202300032048.0;2;91;91345;2;9;2.0;6.0;48,69744000;2,29530000;
202300032049.0;3;42;42237;1;1;1.0;6.0;45,45386000;4,45801000;
202300032050.0;1;80;80021;2;2;2.0;3.0;49,88660000;2,27895000;
202300032051.0;1;92;92051;2;6;1.0;3.0;48,88452834;2,26040733;
202300032052.0;1;42;42127;2;1;1.0;2.0;46,06491000;4,05729000;
202300032053.0;1;87;87085;2;3;1.0;3.0;45,82118000;1,26297000;
202300032054.0;2;37;37010;1;1;1.0;7.0;47,55615962;0,97085238;
202300032055.0;1;80;80021;2;1;3.0;3.0;49,89262000;2,28444000;
202300032056.0;1;41;41295;1;1;3.0;6.0;47,60771000;1,37793000;
202300032057.0;1;77;77124;2;1;1.0;6.0;48,85917000;2,71970000;
202300032058.0;1;2A;2A070;2;1;1.0;1.0;42,06223000;8,74139400;
202300032059.0;3;87;87085;2;1;2.0;6.0;45,88237000;1,29249000;
202300032060.0;1;38;38053;2;9;2.0;6.0;45,59353000;5,27555000;
202300032061.0;1;77;77016;2;1;1.0;6.0;48,23074000;2,70509000;
202300032062.0;1;36;36044;2;1;8.0;3.0;46,81000000;1,68000000;
202300032063.0;5;87;87065;2;1;3.0;6.0;45,81044000;1,32814000;
202300032064.0;1;35;35238;2;2;1.0;6.0;48,09817144; -1,65578462;
202300032065.0;1;76;76351;2;3;1.0;3.0;49,50090000;0,17818000;
202300032066.0;1;87;87085;2;1;1.0;6.0;45,88127000;1,29491000;
202300032067.0;1;34;34172;2;1;1.0;3.0;43,61660000;3,84172000;
202300032068.0;1;22;22014;1;1;1.0;1.0;48,50801900; -2,24748200;
202300032069.0;1;34;34172;2;1;1.0;3.0;43,61777000;3,86013000;
202300032070.0;1;76;76217;2;1;1.0;1.0;49,91037000;1,07445000;
202300032071.0;1;86;86194;2;2;1.0;3.0;46,56355200;0,38198900;
202300032072.0;1;06;06161;2;6;1.0;6.0;43,64622600;7,13361500;
202300032073.0;1;32;32013;2;3;2.0;3.0;43,64375000;0,59739000;
202300032074.0;1;84;84007;2;6;1.0;6.0;43,92041000;4,80922000;
202300032075.0;1;972;97232;1;1;1.0;1.0;14,53984000; -60,87565700;
202300032076.0;1;72;72181;1;9;1.0;4.0;48,01763000;0,13662000;
202300032077.0;1;84;84007;2;1;1.0;6.0;43,94299000;4,81933000;
202300032078.0;5;31;31555;2;6;3.0;3.0;43,61873000;1,39709000;
202300032079.0;1;974;97414;1;9;1.0;3.0; -21,25386200;55,43334800;
202300032080.0;1;68;68297;2;1;1.0;6.0;47,58173000;7,55486000;
202300032081.0;2;84;84007;2;3;1.0;1.0;43,95053000;4,82472000;
202300032082.0;1;29;29019;1;2;1.0;1.0;48,38086000; -4,54786000;
202300032083.0;2;973;97304;1;1;1.0;1.0;5,07876100; -52,69312300;
202300032084.0;1;29;29019;2;1;1.0;2.0;48,40038000; -4,49877000;
202300032085.0;3;56;56129;1;1;1.0;6.0;48,14167500; -2,38836800;
202300032086.0;2;30;30011;2;1;1.0;6.0;43,96036000;4,75039000;
202300032087.0;1;67;67447;2;3;1.0;6.0;48,60669000;7,74927000;
202300032088.0;1;28;28332;2;1;1.0;1.0;48,72600000;1,39804000;
202300032089.0;5;67;67105;2;1;1.0;1.0;48,86356400;7,18542300;
202300032090.0;1;84;84007;1;2;5.0;2.0;43,94417000;4,88284000;
202300032091.0;1;76;76452;1;1;1.0;7.0;49,55451200;1,09126200;
202300032092.0;1;25;25056;2;3;1.0;2.0;47,25034000;6,01436000;
202300032093.0;1;60;60175;1;1;1.0;3.0;49,26386000;2,48712000;
202300032094.0;1;77;77517;1;1;3.0;1.0;48,92635000;2,65622000;
202300032095.0;3;76;76367;1;1;1.0;6.0;49,50498000;1,10553100;