Num_Acc;lum;departement;commune;agglomeration;intersection;meteo;type_collision;lat;long;date
202300032096.0;1;22;22360;2;1;1.0;3.0;48,49349000; -2,73576000;
202300032097.0;1;59;59350;2;2;1.0;6.0;50,64145000;3,05473000;
202300032098.0;1;77;77039;1;1;2.0;6.0;48,53239000;2,57491000;
202300032099.0;1;79;79079;1;2;7.0;3.0;46,93394200; -0,83236500;
202300032100.0;1;15;15014;2;1;2.0;3.0;44,91655000;2,46162000;
202300032101.0;1;14;14366;2;1;2.0;6.0;49,13261000;0,22630000;
202300032102.0;3;65;65069;1;1;1.0;3.0;43,08979100;0,38780200;
202300032103.0;2;59;59009;1;1;1.0;1.0;50,64730000;3,16306000;
202300032104.0;1;76;76447;2;1;2.0;1.0;49,55468000;0,20650000;
202300032105.0;1;13;13212;2;4;1.0;2.0;43,29486000;5,41749000;
202300032106.0;2;71;71419;2;1;1.0;6.0;46,75606300;5,25233400;
202300032107.0;5;72;72181;2;1;1.0;6.0;47,98503000;0,20965000;
202300032108.0;1;57;57463;2;1;1.0;6.0;49,10168551;6,19975448;
202300032109.0;1;13;13212;2;1;1.0;2.0;43,30965000;5,41162000;
202300032110.0;3;46;46064;1;3;1.0;6.0;44,54250541;1,35309398;
202300032111.0;5;72;72181;2;1;1.0;6.0;47,95262000;0,21944000;
202300032112.0;3;56;56162;1;1;1.0;6.0;47,73518000; -3,40291000;
202300032113.0;5;13;13206;2;1;2.0;2.0;43,29407000;5,38640000;
202300032114.0;1;21;21637;1;1;1.0;7.0;47,01186400;5,30748000;
202300032115.0;5;69;69266;2;9;2.0;6.0;45,76478268;4,90869892;
202300032116.0;1;13;13004;1;1;1.0;2.0;43,64768305;4,68853813;
202300032117.0;3;39;39468;1;1;1.0;1.0;46,54202500;5,51700900;
202300032118.0;1;49;49015;2;1;1.0;7.0;47,50309000; -0,58877000;
202300032119.0;1;67;67218;2;3;1.0;1.0;48,52265000;7,71580000;
202300032120.0;1;50;50082;2;1;1.0;6.0;49,49213200; -1,66856900;
202300032121.0;5;64;64445;2;1;1.0;6.0;43,32651000; -0,34136000;
202300032122.0;2;11;11069;1;1;2.0;5.0;43,19755000;2,35936000;
202300032123.0;3;25;25212;2;3;1.0;1.0;47,27623400;5,99119100;
202300032124.0;1;49;49007;2;1;1.0;6.0;47,46999000; -0,56216000;
202300032125.0;5;64;64024;2;1;3.0;3.0;43,48828000; -1,53555000;
202300032126.0;1;09;09122;2;6;1.0;2.0;42,96358000;1,60423000;
202300032127.0;1;44;44029;1;1;1.0;2.0;47,26575822; -1,31680281;
202300032128.0;1;47;47001;2;4;1.0;2.0;44,20611000;0,61156000;
202300032129.0;1;06;06004;2;1;1.0;6.0;43,57369000;7,11649000;
202300032130.0;1;80;80338;1;3;1.0;3.0;49,89499300;2,51483400;
202300032131.0;1;35;35327;1;1;1.0;2.0;48,10299600; -1,46499600;
202300032132.0;3;64;64102;2;3;3.0;4.0;43,50840000; -1,44431000;
202300032133.0;1;45;45284;2;1;1.0;6.0;47,91163000;1,96480000;
202300032134.0;1;59;59595;1;1;1.0;7.0;50,20871400;3,28946100;
202300032135.0;5;64;64024;2;3;1.0;1.0;43,48754000; -1,50070000;
202300032136.0;1;38;38035;1;2;1.0;3.0;45,53213900;5,08802200;
202300032137.0;1;37;37261;2;2;1.0;3.0;47,40937000;0,70741000;
202300032138.0;1;37;37261;2;1;1.0;6.0;47,37360000;0,68098000;
202300032139.0;1;70;70282;1;1;1.0;1.0;47,40950700;5,80736300;
202300032140.0;1;59;59559;2;1;1.0;1.0;50,35120644;3,63829897;
202300032141.0;1;63;63300;2;6;1.0;6.0;45,89116000;3,11547000;
202300032142.0;1;75;75114;2;1;8.0;2.0;48,82256100;2,31416900;
202300032143.0;1;22;22278;2;6;1.0;3.0;48,51303000; -2,73844000;
202300032144.0;1;72;72292;1;2;1.0;3.0;48,13040274;0,74573301;
202300032145.0;1;59;59388;1;1;7.0;3.0;50,55405769;2,87424177;
202300032146.0;1;62;62498;2;3;1.0;6.0;50,43110000;2,83322000;
202300032147.0;1;22;22278;2;6;1.0;7.0;48,50390000; -2,74050000;
202300032148.0;1;62;62263;2;9;1.0;3.0;50,28852000;2,73842000;
202300032149.0;1;72;72386;1;2;1.0;3.0;48,01237000;0,27638600;
202300032150.0;1;13;13210;2;1;2.0;2.0;43,27761882;5,40776961;
202300032151.0;1;13;13202;1;1;1.0;2.0;43,31000000;5,36800000;
202300032152.0;1;13;13206;2;1;2.0;6.0;43,28312732;5,38937972;
202300032153.0;3;14;14357;1;1;8.0;6.0;48,92268100; -0,69112800;
202300032154.0;1;62;62744;1;2;1.0;4.0;50,32103867;2,76513172;
202300032155.0;2;69;69236;1;1;1.0;2.0;45,56759310;4,70640544;
202300032156.0;1;13;13004;2;1;1.0;3.0;43,67228000;4,64115000;
202300032157.0;1;64;64380;1;1;1.0;1.0;43,49752300; -0,37788000;
202300032158.0;5;59;59009;1;1;2.0;5.0;50,60882000;3,17504000;
202300032159.0;1;13;13025;1;1;1.0;5.0;43,49023000;5,56806000;
202300032160.0;1;57;57067;1;1;1.0;5.0;49,30647362;6,18315160;
202300032161.0;1;10;10387;2;1;1.0;3.0;48,28200000;4,07900000;
202300032162.0;3;78;78043;1;1;1.0;2.0;48,84037000;2,09587000;
202300032163.0;3;18;18082;1;1;1.0;6.0;46,98938700;3,04656000;
202300032164.0;5;56;56121;2;2;2.0;3.0;47,75757000; -3,37158000;
202300032165.0;3;16;16106;1;1;1.0;6.0;46,03727416;0,63371479;
202300032166.0;1;06;06069;2;1;1.0;6.0;43,62857800;6,91334100;
202300032167.0;1;78;78423;1;1;1.0;3.0;48,79435900;2,04974000;
202300032168.0;5;06;06069;2;1;1.0;6.0;43,68059000;6,95947000;
202300032169.0;2;16;16082;1;1;1.0;6.0;45,48658000;0,15107300;
202300032170.0;5;54;54167;2;1;3.0;4.0;48,67176000;5,91260000;
202300032171.0;1;77;77083;1;1;1.0;4.0;48,83413600;2,58939900;
202300032172.0;1;75;75116;2;1;1.0;5.0;48,84321300;2,25437300;
202300032173.0;3;77;77059;1;1;1.0;6.0;48,84383600;2,66285300;
202300032174.0;1;53;53141;1;2;1.0;2.0;48,06377800; -0,61647100;
202300032175.0;5;54;54395;2;1;2.0;2.0;48,69667000;6,17596000;
202300032176.0;3;85;85264;1;1;1.0;6.0;46,72005600; -0,67893100;
202300032177.0;1;75;75116;2;1;1.0;2.0;48,84408900;2,25468600;
202300032178.0;1;94;94033;1;1;1.0;5.0;48,85936413;2,48655322;
202300032179.0;1;54;54339;2;1;1.0;6.0;48,70816262;6,18840337;
202300032180.0;3;85;85197;2;3;1.0;7.0;46,90525000; -1,45071000;
202300032181.0;1;75;75119;2;1;1.0;2.0;48,89639800;2,39329800;
202300032182.0;3;14;14554;1;1;1.0;1.0;49,07427400; -0,29663100;
202300032183.0;1;49;49007;2;1;1.0;1.0;47,46840000; -0,59949000;
202300032184.0;1;75;75119;2;3;1.0;3.0;48,89316400;2,37987000;
202300032185.0;1;37;37109;1;1;1.0;1.0;47,38845978;0,61990446;
202300032186.0;4;49;49007;2;1;2.0;7.0;47,46466000; -0,54888000;
202300032187.0;1;59;59122;2;6;7.0;3.0;50,17011498;3,23101938;
202300032188.0;1;48;48185;1;1;1.0;6.0;44,48403000;3,30081200;
202300032189.0;1;75;75117;2;1;1.0;6.0;48,89593700;2,31735500;
202300032190.0;1;49;49353;2;6;1.0;3.0;47,44351000; -0,48858000;
202300032191.0;3;52;52135;1;1;1.0;7.0;47,91888650;5,68199873;
202300032192.0;1;42;42042;1;1;1.0;6.0;45,46920412;4,23911333;
202300032193.0;2;69;69387;2;2;1.0;7.0;45,75241000;4,84612000;
202300032194.0;1;47;47001;2;1;2.0;3.0;44,20497721;0,62069643;
202300032195.0;1;75;75115;2;2;1.0;3.0;48,84636000;2,29532900;
202300032196.0;1;13;13040;1;3;1.0;3.0;43,45649600;5,54549900;
202300032197.0;1;972;97213;2;3;1.0;7.0;14,64366000; -61,01034000;
202300032198.0;1;45;45068;2;1;2.0;2.0;48,01407000;2,71728000;
202300032199.0;2;91;91338;1;1;1.0;3.0;48,66166800;2,09265400;
202300032200.0;1;69;69389;2;1;1.0;3.0;45,78799000;4,80887000;
202300032201.0;1;75;75108;2;4;1.0;3.0;48,86723600;2,30599000;
202300032202.0;1;44;44109;2;1;2.0;6.0;47,23976220; -1,57607890;
202300032203.0;1;75;75108;2;3;1.0;6.0;48,87513100;2,29601000;
202300032204.0;5;78;78601;1;1;1.0;1.0;48,56909600;1,90748000;
202300032205.0;1;971;97101;1;1;2.0;2.0;16,24576000; -61,52506000;
202300032206.0;1;75;75116;2;4;1.0;6.0;48,86610500;2,28937100;
202300032207.0;1;2A;2A004;2;1;1.0;6.0;41,92707000;8,73023000;
202300032208.0;1;75;75107;2;3;1.0;6.0;48,85732400;2,29253400;
202300032209.0;1;95;95539;1;9;1.0;3.0;48,99378600;2,33683000;
202300032210.0;2;75;75104;2;2;1.0;6.0;48,85535900;2,35957900;
202300032211.0;4;44;44162;2;1;3.0;2.0;47,22398880; -1,65286520;
202300032212.0;1;34;34240;1;1;1.0;3.0;43,65109800;3,98344500;
202300032213.0;1;95;95277;2;1;1.0;3.0;48,98106196;2,44576693;
202300032214.0;1;94;94081;2;6;1.0;6.0;48,78265000;2,40195000;
202300032215.0;5;44;44109;2;6;3.0;6.0;47,23308000; -1,56558000;
202300032216.0;1;88;88196;2;1;1.0;6.0;48,06997100;6,87115400;
202300032217.0;1;91;91377;2;2;1.0;6.0;48,73726000;2,29700000;
202300032218.0;1;64;64024;2;1;8.0;3.0;43,47830000; -1,52273000;
202300032219.0;5;94;94078;2;1;1.0;2.0;48,76038255;2,44302946;
202300032220.0;1;73;73064;1;6;1.0;6.0;45,55548900;5,97747700;
202300032221.0;1;43;43251;2;6;2.0;3.0;45,02790000;3,88072000;
202300032222.0;1;83;83069;2;6;1.0;6.0;43,12483000;6,15050000;
202300032223.0;4;62;62570;1;1;1.0;2.0;50,40685000;2,86699000;
202300032224.0;5;38;38449;2;1;1.0;1.0;45,65016800;5,11499400;
202300032225.0;1;94;94077;2;3;1.0;2.0;48,73285200;2,40359265;
202300032226.0;5;40;40088;2;2;1.0;3.0;43,70590000; -1,05260000;
202300032227.0;1;26;26037;1;1;1.0;7.0;44,88714900;4,94165900;
202300032228.0;1;93;93071;2;3;1.0;6.0;48,94759000;2,53448000;
202300032229.0;2;61;61001;2;2;2.0;3.0;48,42911000;0,08742000;
202300032230.0;5;38;38185;2;9;2.0;3.0;45,18716000;5,70555000;
202300032231.0;3;09;09282;1;2;1.0;3.0;43,23279100;1,56347000;
202300032232.0;1;71;71153;2;3;1.0;1.0;46,80566261;4,45915529;
202300032233.0;1;31;31395;1;1;1.0;6.0;43,43373800;1,28489500;
202300032234.0;1;93;93066;2;2;1.0;3.0;48,91965132;2,36171536;
202300032235.0;1;38;38053;2;1;1.0;2.0;45,60571000;5,23053000;
202300032236.0;5;59;59360;2;1;2.0;2.0;50,61195000;3,02311000;
202300032237.0;1;69;69256;2;3;1.0;6.0;45,78541719;4,92896630;
202300032238.0;5;56;56167;1;1;1.0;6.0;47,66714700; -2,90180100;
202300032239.0;1;69;69264;2;1;1.0;6.0;45,97606000;4,74309000;
202300032240.0;3;29;29006;1;1;1.0;6.0;47,87605200; -4,06081200;
202300032241.0;1;34;34301;2;3;1.0;3.0;43,41164000;3,68986000;
202300032242.0;1;59;59410;2;9;8.0;1.0;50,64648000;3,11689000;
202300032243.0;5;65;65440;2;6;1.0;7.0;43,23154000;0,08723400;
202300032244.0;5;93;93064;2;2;1.0;5.0;48,88393049;2,48835211;
202300032245.0;5;34;34198;2;1;1.0;2.0;43,57753000;3,93653000;
202300032246.0;1;02;02163;2;1;1.0;3.0;48,98106200;3,27624900;
202300032247.0;5;59;59317;2;1;2.0;6.0;50,68978000;2,90661000;
202300032248.0;5;93;93051;2;1;1.0;6.0;48,85143000;2,57270000;
202300032249.0;1;64;64545;1;1;8.0;1.0;43,38181000; -1,73081000;
202300032250.0;3;59;59559;1;1;1.0;6.0;50,35207600;3,62377700;
202300032251.0;1;34;34172;2;2;1.0;3.0;43,60021000;3,84424000;
202300032252.0;3;57;57757;2;1;1.0;6.0;49,35007000;6,17556000;
202300032253.0;1;64;64483;1;1;1.0;1.0;43,41400000; -1,62600000;
202300032254.0;1;93;93013;2;3;1.0;6.0;48,93348000;2,42310000;
202300032255.0;1;34;34172;2;1;1.0;1.0;43,62578000;3,83985000;
202300032256.0;2;13;13202;1;1;1.0;3.0;43,31743915;5,36403071;
202300032257.0;1;59;59183;2;1;1.0;3.0;51,00455564;2,33364925;
202300032258.0;5;93;93005;2;2;1.0;3.0;48,92992204;2,48081267;
202300032259.0;1;34;34172;2;1;1.0;6.0;43,64179000;3,81273000;
202300032260.0;1;57;57227;2;2;2.0;3.0;49,18678000;6,90725000;
202300032261.0;1;92;92073;1;1;1.0;2.0;48,85955000;2,21381000;
202300032262.0;1;57;57631;2;1;1.0;6.0;49,09981000;7,05056000;
202300032263.0;1;13;13215;1;1;1.0;4.0;43,37050000;5,36090000;
202300032264.0;3;33;33550;2;3;1.0;3.0;44,76162000; -0,56029000;
202300032265.0;1;56;56260;2;1;2.0;6.0;47,66742000; -2,76309000;
202300032266.0;1;92;92050;2;6;1.0;3.0;48,89767065;2,21821010;
202300032267.0;5;54;54395;2;3;1.0;3.0;48,67677000;6,19194000;
202300032268.0;1;33;33063;2;3;1.0;3.0;44,85945000; -0,63137000;
202300032269.0;1;92;92049;2;1;1.0;6.0;48,81772400;2,32208600;
202300032270.0;1;56;56121;2;3;2.0;3.0;47,76063000; -3,38470000;
202300032271.0;1;69;69152;1;1;1.0;4.0;45,69611000;4,83915000;
202300032272.0;1;47;47001;2;9;1.0;3.0;44,20538000;0,62919000;
202300032273.0;1;33;33318;2;1;8.0;6.0;44,80671383; -0,63327357;
202300032274.0;1;92;92036;2;1;1.0;7.0;48,93563473;2,27208450;
202300032275.0;1;54;54357;2;1;2.0;3.0;48,70946000;6,16711000;
202300032276.0;1;47;47001;2;1;1.0;6.0;44,20441000;0,61441000;
202300032277.0;3;67;67218;1;9;1.0;6.0;48,54730000;7,72792000;
202300032278.0;1;92;92036;2;6;1.0;6.0;48,93033300;2,28460800;
202300032279.0;1;45;45234;2;2;1.0;3.0;47,91356000;1,90990000;
202300032280.0;5;54;54395;2;1;2.0;6.0;48,69159293;6,17700934;
202300032281.0;1;94;94021;1;1;1.0;2.0;48,76360182;2,34384403;
202300032282.0;5;31;31555;2;1;2.0;6.0;43,61030000;1,43620000;
202300032283.0;5;92;92036;2;1;1.0;7.0;48,92944700;2,29928800;
202300032284.0;1;45;45169;1;9;1.0;6.0;47,90161000;1,85951000;
202300032285.0;1;54;54547;2;1;2.0;2.0;48,66356317;6,17071688;
202300032286.0;5;30;30007;2;6;1.0;3.0;44,11429000;4,10322000;
202300032287.0;5;92;92032;2;1;1.0;6.0;48,79124000;2,29248000;
202300032288.0;4;42;42218;2;4;9.0;6.0;45,44700000;4,39400000;
202300032289.0;1;91;91161;1;1;1.0;4.0;48,69582000;2,31747000;
202300032290.0;1;54;54395;2;1;1.0;6.0;48,70072818;6,15134597;
202300032291.0;1;29;29232;1;1;2.0;4.0;47,97993992; -4,08075934;
202300032292.0;1;93;93007;1;1;1.0;7.0;48,92489000;2,48104000;
202300032293.0;1;92;92004;2;1;1.0;2.0;48,91549000;2,29537000;
202300032294.0;1;34;34129;2;3;1.0;6.0;43,57212000;3,90190000;
202300032295.0;1;92;92036;1;1;1.0;7.0;48,94468490;2,28538563;
202300032296.0;1;54;54395;2;2;1.0;3.0;48,69209000;6,18014000;
202300032297.0;1;29;29232;2;6;2.0;3.0;47,98034700; -4,07236100;
202300032298.0;1;39;39097;2;3;1.0;3.0;46,75400500;5,89803300;
202300032299.0;1;34;34003;1;1;1.0;5.0;43,31342000;3,52760000;
202300032300.0;1;93;93064;1;1;1.0;4.0;48,88549000;2,47276000;
202300032301.0;1;27;27562;2;1;1.0;4.0;49,10240000;1,46651000;
202300032302.0;1;51;51454;2;1;1.0;4.0;49,24951000;4,02553000;
202300032303.0;1;14;14162;1;3;1.0;3.0;48,88117100; -0,45329200;
202300032304.0;1;33;33318;2;1;1.0;3.0;44,78747000; -0,64558000;
202300032305.0;1;27;27229;1;1;2.0;6.0;49,01368300;1,16519100;
202300032306.0;3;92;92036;1;1;1.0;2.0;48,94355783;2,28738079;
202300032307.0;3;51;51573;2;1;1.0;6.0;49,24337000;3,99139000;
202300032308.0;1;31;31555;2;1;1.0;3.0;43,59602400;1,43214200;
202300032309.0;5;62;62150;2;2;1.0;3.0;50,40807000;1,76618400;
202300032310.0;5;49;49099;2;1;3.0;6.0;47,05149000; -0,85218000;
202300032311.0;1;988;98818;2;3;1.0;3.0; -22,26256000;166,44481000;
202300032312.0;1;22;22187;2;1;1.0;3.0;48,53332000; -2,78333000;
202300032313.0;1;26;26259;1;1;2.0;6.0;45,17642500;4,95676500;
202300032314.0;1;25;25056;2;5;1.0;3.0;47,25940000;6,02876000;
202300032315.0;1;49;49007;2;1;1.0;3.0;47,44831000; -0,53853000;
202300032316.0;1;976;97611;1;1;1.0;2.0; -12,81265000;45,20235000;
202300032317.0;1;95;95480;2;1;1.0;3.0;49,09659024;2,20396042;
202300032318.0;1;19;19031;2;1;1.0;2.0;45,15224000;1,50508000;
202300032319.0;5;45;45147;2;1;1.0;3.0;47,92900000;1,91600000;
202300032320.0;1;83;83086;2;1;2.0;7.0;43,47189400;6,56775700;
202300032321.0;1;21;21054;2;4;1.0;3.0;47,04198000;4,83996000;
202300032322.0;5;18;18279;2;1;8.0;6.0;47,22059000;2,07964000;
202300032323.0;1;976;97611;2;1;1.0;6.0; -12,77252000;45,21788000;
202300032324.0;1;17;17415;2;6;2.0;7.0;45,74861000; -0,65517000;
202300032325.0;1;45;45308;2;1;1.0;2.0;47,92335878;1,95644116;
202300032326.0;1;13;13106;2;1;1.0;3.0;43,40919000;5,36613000;
202300032327.0;5;45;45285;2;1;1.0;2.0;47,90805000;1,86864000;
202300032328.0;3;26;26085;1;1;2.0;2.0;44,49993400;4,76858100;
202300032329.0;5;13;13203;2;1;1.0;1.0;43,31183000;5,37924000;
202300032330.0;1;13;13054;2;9;1.0;5.0;43,42372000;5,23156000;
202300032331.0;1;974;97416;1;3;1.0;3.0; -21,32729000;55,45014000;
202300032332.0;1;13;13206;2;1;1.0;6.0;43,28316894;5,38531203;
202300032333.0;1;28;28158;1;6;1.0;1.0;48,41393500;1,43144100;
202300032334.0;5;44;44184;2;2;8.0;5.0;47,27743000; -2,21007000;
202300032335.0;1;13;13214;2;1;2.0;6.0;43,32526308;5,38152246;
202300032336.0;1;13;13001;2;2;1.0;3.0;43,52439000;5,43140000;
202300032337.0;1;12;12157;1;1;2.0;1.0;44,39943300;2,71744300;
202300032338.0;1;69;69386;2;2;1.0;3.0;45,76361000;4,84707000;
202300032339.0;5;44;44109;2;6;2.0;2.0;47,22606000; -1,52298000;
202300032340.0;5;13;13204;2;1;2.0;6.0;43,30298781;5,39359443;
202300032341.0;5;06;06123;2;1;1.0;1.0;43,65847000;7,18827500;
202300032342.0;1;22;22353;1;1;1.0;1.0;48,80376100; -3,50013800;
202300032343.0;4;38;38421;2;1;3.0;6.0;45,17241000;5,75798000;
202300032344.0;5;13;13216;2;1;1.0;6.0;43,35771000;5,28724000;
202300032345.0;1;69;69388;2;2;1.0;2.0;45,72980000;4,85382000;
202300032346.0;1;75;75117;2;4;1.0;1.0;48,89746800;2,31226900;
202300032347.0;1;17;17407;1;1;1.0;6.0;46,20205200; -1,02538200;
202300032348.0;5;35;35238;2;1;1.0;3.0;48,10687000; -1,72792000;
202300032349.0;1;972;97213;1;1;1.0;2.0;14,61762000; -61,01808000;
202300032350.0;1;75;75112;2;1;1.0;4.0;48,83254200;2,40610900;
202300032351.0;1;01;01033;2;1;1.0;6.0;46,12976100;5,80087000;
202300032352.0;1;35;35278;2;2;1.0;3.0;48,15435000; -1,68141000;
202300032353.0;1;71;71578;1;1;1.0;6.0;46,95916000;5,16808000;
202300032354.0;3;13;13047;1;1;8.0;4.0;43,50246000;4,96596000;
202300032355.0;1;972;97213;1;1;1.0;3.0;14,62750000; -60,98930000;
202300032356.0;1;75;75119;2;3;1.0;1.0;48,89578400;2,38360200;
202300032357.0;1;33;33063;2;7;1.0;6.0;44,84362000; -0,58668000;
202300032358.0;1;10;10387;2;2;1.0;6.0;48,27400000;4,08030000;
202300032359.0;1;77;77423;1;1;1.0;6.0;48,77298500;3,32667900;
202300032360.0;1;972;97209;2;1;1.0;3.0;14,61680000; -61,07125000;
202300032361.0;1;75;75117;2;2;1.0;3.0;48,88153800;2,30072200;
202300032362.0;5;10;10387;2;1;2.0;6.0;48,29910000;4,06590000;
202300032363.0;1;57;57767;2;1;1.0;6.0;49,32770900;6,24188700;
202300032364.0;3;33;33318;2;3;1.0;3.0;44,76858858; -0,71882038;
202300032365.0;1;69;69384;2;1;1.0;7.0;45,77974000;4,83959000;
202300032366.0;1;75;75116;2;3;1.0;6.0;48,85762800;2,27755100;
202300032367.0;1;67;67002;1;1;1.0;1.0;48,91459498;7,20524536;
202300032368.0;1;75;75116;2;2;1.0;7.0;48,85273300;2,27589400;
202300032369.0;1;10;10333;2;3;1.0;3.0;48,28230000;4,05420000;
202300032370.0;1;95;95277;2;1;1.0;6.0;48,99907200;2,42637200;
202300032371.0;3;32;32013;2;1;1.0;2.0;43,65458000;0,59601000;
202300032372.0;1;10;10387;2;1;1.0;2.0;48,29829000;4,06027000;
202300032373.0;1;91;91286;2;1;1.0;6.0;48,64916900;2,38041900;
202300032374.0;1;75;75115;2;3;1.0;3.0;48,84771300;2,28413900;
202300032375.0;1;2B;2B207;1;9;1.0;5.0;42,45739600;9,50127500;
202300032376.0;5;29;29019;2;3;2.0;1.0;48,40145300; -4,45636200;
202300032377.0;1;75;75115;2;1;1.0;7.0;48,83488000;2,26608000;
202300032378.0;2;87;87085;2;1;1.0;6.0;45,81988000;1,24950000;
202300032379.0;2;07;07316;2;1;1.0;5.0;44,88964000;4,85071000;
202300032380.0;1;32;32064;1;3;1.0;5.0;43,87603300;0,15310000;
202300032381.0;2;29;29019;2;9;1.0;3.0;48,40673200; -4,50909000;
202300032382.0;1;75;75112;2;3;1.0;2.0;48,83156200;2,38532500;
202300032383.0;1;87;87085;2;1;1.0;3.0;45,82580000;1,23560000;
202300032384.0;1;06;06069;2;1;1.0;3.0;43,63317030;6,95354890;
202300032385.0;1;29;29019;2;9;8.0;6.0;48,39715100; -4,48765500;
202300032386.0;1;75;75112;2;1;1.0;6.0;48,84648200;2,40037000;
202300032387.0;5;06;06004;2;3;1.0;3.0;43,57529000;7,09440000;
202300032388.0;2;61;61402;1;1;1.0;6.0;48,70136300; -0,29188800;
202300032389.0;1;83;83090;1;2;1.0;3.0;43,13369000;5,86169000;
202300032390.0;1;75;75112;2;3;1.0;7.0;48,84528000;2,36840800;
202300032391.0;1;27;27562;2;6;1.0;3.0;49,09556000;1,45989000;
202300032392.0;1;39;39209;2;1;1.0;6.0;46,40876600;5,39988800;
202300032393.0;3;83;83141;1;1;3.0;7.0;43,50649000;6,51082000;
202300032394.0;1;05;05061;2;1;1.0;3.0;44,56165000;6,08413000;
202300032395.0;1;01;01068;1;1;1.0;6.0;46,08275900;5,47671100;
202300032396.0;1;78;78440;2;1;1.0;6.0;48,98941000;1,91320000;
202300032397.0;1;27;27681;2;1;1.0;3.0;49,08602000;1,48176000;
202300032398.0;5;75;75115;2;1;1.0;2.0;48,82647400;2,29707600;
202300032399.0;2;75;75109;2;2;1.0;4.0;48,87294500;2,33333200;
202300032400.0;1;75;75112;2;1;2.0;6.0;48,82792700;2,39482200;
202300032401.0;1;54;54231;2;3;1.0;3.0;49,25347200;5,75960500;
202300032402.0;1;78;78299;2;4;1.0;6.0;49,00502000;1,90150000;
202300032403.0;1;75;75108;2;2;1.0;7.0;48,87519700;2,29844300;
202300032404.0;3;24;24037;1;1;8.0;6.0;44,83100000;0,49900000;
202300032405.0;1;75;75107;2;1;1.0;7.0;48,86211200;2,29979100;
202300032406.0;1;14;14035;1;1;1.0;7.0;49,19136600; -0,85397200;
202300032407.0;5;75;75115;2;1;1.0;4.0;48,83568000;2,27468100;
202300032408.0;2;76;76540;2;6;1.0;6.0;49,43695800;1,10236800;
202300032409.0;1;75;75107;2;2;1.0;7.0;48,85711800;2,30431300;
202300032410.0;5;21;21054;2;2;2.0;3.0;47,02917000;4,84377000;
202300032411.0;5;75;75105;2;4;1.0;6.0;48,84655000;2,34447600;
202300032412.0;1;21;21629;2;4;1.0;1.0;47,26209600;4,34420200;
202300032413.0;1;72;72181;2;4;1.0;1.0;47,98542000;0,17840000;
202300032414.0;5;75;75107;2;1;1.0;2.0;48,86199300;2,32121300;
202300032415.0;1;24;24082;1;1;1.0;7.0;44,85799800;1,25420100;
202300032416.0;4;13;13054;2;9;6.0;3.0;43,42367873;5,23104083;
202300032417.0;1;72;72181;2;1;1.0;6.0;47,97205000;0,21750000;
202300032418.0;5;75;75106;2;2;1.0;2.0;48,85182900;2,34145500;
202300032419.0;1;75;75102;2;3;1.0;3.0;48,87039100;2,33693400;
202300032420.0;1;24;24064;1;1;2.0;7.0;45,35377800;0,65421800;
202300032421.0;1;13;13117;2;1;1.0;6.0;43,47593000;5,22766000;
202300032422.0;1;04;04054;1;1;1.0;6.0;44,01397900;6,21029600;
202300032423.0;5;75;75120;2;3;2.0;6.0;48,87525400;2,39537000;
202300032424.0;1;94;94017;2;1;1.0;6.0;48,81103100;2,51009600;
202300032425.0;1;69;69266;2;2;1.0;3.0;45,77456000;4,85992000;
202300032426.0;5;13;13215;2;1;1.0;1.0;43,32902000;5,35906000;
202300032427.0;1;87;87047;1;1;1.0;2.0;45,98978400;1,28547500;
202300032428.0;1;94;94002;2;1;1.0;2.0;48,80587892;2,41076303;
202300032429.0;1;69;69271;2;3;1.0;6.0;45,73174000;4,97069000;
202300032430.0;5;75;75120;2;3;1.0;2.0;48,86478000;2,41011600;
202300032431.0;1;13;13215;2;9;1.0;6.0;43,32611000;5,36675000;
202300032432.0;1;48;48094;1;1;1.0;6.0;44,25686400;3,23009500;
202300032433.0;1;11;11262;2;2;1.0;6.0;43,18882000;2,98455000;
202300032434.0;1;93;93064;2;2;1.0;3.0;48,87120698;2,47096230;
202300032435.0;5;75;75118;2;3;2.0;1.0;48,89089500;2,35320200;
202300032436.0;1;69;69029;2;8;8.0;3.0;45,72466000;4,91515000;
202300032437.0;1;24;24331;1;2;1.0;6.0;44,81257222;0,40105820;
202300032438.0;1;10;10412;1;1;8.0;2.0;48,29749000;4,13449000;
202300032439.0;1;93;93031;2;3;1.0;3.0;48,95899000;2,29030000;
202300032440.0;1;06;06069;1;1;1.0;3.0;43,63213200;6,95770000;
202300032441.0;1;93;93014;2;2;1.0;6.0;48,90464000;2,55082000;
202300032442.0;1;66;66136;2;3;1.0;1.0;42,69377000;2,90287000;
202300032443.0;5;75;75118;2;2;2.0;6.0;48,88670400;2,35073600;
202300032444.0;1;05;05061;2;1;2.0;6.0;44,54696000;6,06502000;
202300032445.0;1;93;93007;2;2;1.0;3.0;48,94014907;2,46249250;