Num_Acc;lum;departement;commune;agglomeration;intersection;meteo;type_collision;lat;long;date
202300032446.0;1;10;10343;2;1;1.0;3.0;48,27305000;4,08987000;
202300032447.0;1;04;04112;2;1;7.0;6.0;43,83123000;5,78438000;
202300032448.0;1;60;60057;2;2;1.0;3.0;49,43261725;2,08349061;
202300032449.0;1;92;92075;2;6;1.0;3.0;48,82041600;2,29099800;
202300032450.0;1;06;06069;2;1;1.0;7.0;43,65366400;6,93568100;
202300032451.0;3;04;04112;2;9;1.0;1.0;43,82560000;5,80364800;
202300032452.0;1;988;98805;1;1;1.0;2.0; -22,17868000;166,42749000;
202300032453.0;1;59;59512;2;1;7.0;3.0;50,69308000;3,16119000;
202300032454.0;1;92;92050;2;2;1.0;3.0;48,89295512;2,18681279;
202300032455.0;5;06;06155;1;6;1.0;7.0;43,55120600;7,05705400;
202300032456.0;1;01;01451;1;1;1.0;2.0;46,25078900;5,25951500;
202300032457.0;5;92;92049;2;1;1.0;6.0;48,81839000;2,31891000;
202300032458.0;1;59;59512;2;1;1.0;6.0;50,69280000;3,16660000;
202300032459.0;5;01;01451;1;2;2.0;5.0;46,25193000;5,18330000;
202300032460.0;1;06;06088;1;1;1.0;2.0;43,72477700;7,22981900;
202300032461.0;1;92;92048;2;1;1.0;3.0;48,81662891;2,24758007;
202300032462.0;1;04;04112;1;1;1.0;1.0;43,84820000;5,73631000;
202300032463.0;1;75;75118;2;1;1.0;6.0;48,90067200;2,36844330;
202300032464.0;1;59;59183;2;2;1.0;3.0;51,03382400;2,34742400;
202300032465.0;2;30;30347;1;1;1.0;2.0;43,74854500;4,24800800;
202300032466.0;1;25;25058;1;1;1.0;1.0;47,19723600;5,98179800;
202300032467.0;1;02;02691;1;1;7.0;2.0;49,84280000;3,27878000;
202300032468.0;1;75;75113;2;1;2.0;3.0;48,81598900;2,36263800;
202300032469.0;1;54;54304;2;2;1.0;6.0;48,68000750;6,15390480;
202300032470.0;1;33;33229;2;9;1.0;2.0;44,70625700; -1,04524600;
202300032471.0;1;75;75117;2;1;2.0;2.0;48,89702200;2,31108300;
202300032472.0;3;71;71446;1;2;1.0;3.0;46,57759200;4,53400600;
202300032473.0;3;987;98729;2;1;1.0;3.0; -17,57700000; -150,20200000;
202300032474.0;1;75;75119;2;1;1.0;5.0;48,89361000;2,39528700;
202300032475.0;1;51;51344;2;1;1.0;3.0;49,05896000;3,94687000;
202300032476.0;2;43;43073;1;1;7.0;6.0;45,34089900;3,60008200;
202300032477.0;3;971;97129;2;1;1.0;3.0;16,32063400; -61,69045300;
202300032478.0;1;75;75119;2;3;1.0;6.0;48,89304600;2,38006400;
202300032479.0;1;75;75116;2;1;1.0;4.0;48,83963700;2,25416500;
202300032480.0;1;13;13097;1;2;1.0;3.0;43,58475859;4,76528406;
202300032481.0;1;75;75120;2;2;8.0;6.0;48,85352400;2,41079000;
202300032482.0;1;33;33205;1;2;1.0;3.0;44,62620963; -0,36924510;
202300032483.0;5;75;75118;2;2;1.0;3.0;48,88840000;2,34799300;
202300032484.0;2;21;21688;1;1;1.0;3.0;47,14419887;4,90081945;
202300032485.0;1;75;75120;2;2;8.0;1.0;48,84897800;2,41129000;
202300032486.0;1;03;03008;1;1;2.0;6.0;46,05819400;3,57963300;
202300032487.0;1;31;31113;2;2;1.0;1.0;43,51536000;1,49892600;
202300032488.0;5;75;75118;2;7;1.0;3.0;48,89561200;2,34634700;
202300032489.0;1;75;75119;2;3;1.0;3.0;48,89512500;2,38275700;
202300032490.0;3;974;97412;2;1;2.0;7.0; -21,35454300;55,66096000;
202300032491.0;1;38;38556;1;1;8.0;6.0;45,38269900;4,84473500;
202300032492.0;1;75;75117;2;3;1.0;6.0;48,88893400;2,29057200;
202300032493.0;5;75;75119;2;7;2.0;6.0;48,90083555;2,38892555;
202300032494.0;1;07;07156;1;1;2.0;1.0;44,67481800;4,24909100;
202300032495.0;2;972;97210;1;3;1.0;3.0;14,58606500; -60,86997100;
202300032496.0;1;81;81104;1;1;2.0;7.0;43,77085800;1,77084300;
202300032497.0;1;75;75118;2;3;8.0;6.0;48,89126300;2,34064700;
202300032498.0;1;62;62614;1;3;1.0;2.0;50,84243100;2,00695200;
202300032499.0;1;75;75117;2;3;1.0;3.0;48,87729500;2,29444000;
202300032500.0;3;41;41256;1;1;1.0;6.0;47,33155200;2,04817800;
202300032501.0;1;75;75116;2;1;1.0;6.0;48,84801500;2,24477400;
202300032502.0;1;69;69089;2;1;2.0;4.0;45,74299000;4,77215200;
202300032503.0;1;974;97413;2;1;1.0;7.0; -21,13818200;55,29865300;
202300032504.0;5;75;75114;2;2;1.0;3.0;48,82264408;2,31484294;
202300032505.0;1;75;75117;2;5;1.0;5.0;48,89761900;2,32900200;
202300032506.0;1;44;44217;1;1;1.0;5.0;47,29704000; -1,74947000;
202300032507.0;1;75;75116;2;1;1.0;3.0;48,86863700;2,29589000;
202300032508.0;1;75;75113;2;7;1.0;3.0;48,81641500;2,36048600;
202300032509.0;1;03;03173;1;1;1.0;6.0;46,46029000;3,94561400;
202300032510.0;1;2B;2B152;1;1;1.0;6.0;42,89862200;9,39984100;
202300032511.0;5;75;75116;2;1;1.0;3.0;48,85461700;2,25064700;
202300032512.0;2;75;75111;2;2;1.0;6.0;48,85853100;2,38366600;
202300032513.0;1;32;32083;1;1;1.0;7.0;43,80291200;0,44044000;
202300032514.0;5;75;75116;2;2;2.0;1.0;48,86165600;2,22928000;
202300032515.0;1;75;75111;2;1;7.0;6.0;48,85370600;2,38519300;
202300032516.0;1;11;11040;1;1;1.0;6.0;43,13608300;2,87973900;
202300032517.0;1;75;75110;2;2;1.0;6.0;48,87952200;2,35718800;
202300032518.0;1;75;75116;2;7;2.0;3.0;48,86026900;2,29050300;
202300032519.0;1;71;71173;2;3;1.0;1.0;46,76169500;5,15381100;
202300032520.0;1;75;75107;2;2;1.0;6.0;48,85953900;2,32929100;
202300032521.0;1;75;75115;2;2;1.0;3.0;48,83797000;2,29897000;
202300032522.0;1;63;63178;2;3;1.0;2.0;45,53767000;3,25092600;
202300032523.0;1;94;94044;2;3;1.0;3.0;48,74127700;2,47770000;
202300032524.0;1;75;75114;2;2;8.0;3.0;48,84349100;2,32427600;
202300032525.0;1;61;61480;1;1;1.0;6.0;48,55766000;0,03660000;
202300032526.0;1;88;88352;1;1;1.0;6.0;48,29557000;5,67570800;
202300032527.0;5;75;75110;2;1;1.0;3.0;48,87666600;2,36094200;
202300032528.0;1;94;94016;2;3;7.0;1.0;48,79805833;2,32819156;
202300032529.0;1;12;12105;1;2;1.0;7.0;44,23720500;2,03007800;
202300032530.0;1;75;75110;2;4;2.0;7.0;48,87204300;2,36956000;
202300032531.0;1;94;94076;2;1;1.0;2.0;48,79232000;2,36957000;
202300032532.0;1;42;42020;1;6;1.0;3.0;45,63782025;4,20589525;
202300032533.0;5;94;94081;2;1;2.0;3.0;48,79932600;2,40081400;
202300032534.0;2;94;94078;2;1;1.0;6.0;48,73063700;2,44955200;
202300032535.0;1;94;94041;2;1;1.0;3.0;48,81436000;2,37375000;
202300032536.0;1;86;86076;1;1;1.0;1.0;46,66078200;0,27991500;
202300032537.0;2;34;34239;2;4;1.0;2.0;43,65046200;3,50223500;
202300032538.0;2;94;94068;2;3;2.0;3.0;48,79006000;2,47344000;
202300032539.0;1;94;94073;2;9;1.0;3.0;48,75520146;2,37020212;
202300032540.0;5;94;94058;2;1;1.0;1.0;48,83422600;2,51691400;
202300032541.0;1;39;39470;1;1;1.0;1.0;46,45814600;6,07515600;
202300032542.0;1;94;94055;2;3;1.0;6.0;48,78995982;2,55000535;
202300032543.0;5;94;94046;2;3;1.0;6.0;48,80732500;2,44654500;
202300032544.0;1;39;39476;2;2;1.0;3.0;47,03368500;5,32095000;
202300032545.0;1;93;93057;2;3;1.0;3.0;48,90831326;2,51378015;
202300032546.0;5;94;94076;2;9;2.0;6.0;48,78459800;2,36731800;
202300032547.0;1;93;93008;2;1;1.0;3.0;48,90373300;2,43907500;
202300032548.0;1;44;44014;1;1;1.0;1.0;47,08609300; -1,54247400;
202300032549.0;3;94;94069;1;1;2.0;4.0;48,81726000;2,45599000;
202300032550.0;1;92;92075;2;1;1.0;6.0;48,82388905;2,28303283;
202300032551.0;1;44;44096;1;2;1.0;3.0;47,44925200; -1,22829600;
202300032552.0;1;94;94017;2;1;2.0;3.0;48,82016436;2,52273251;
202300032553.0;1;92;92073;2;1;1.0;3.0;48,86845000;2,22340000;
202300032554.0;1;29;29235;2;6;7.0;3.0;48,40486900; -4,41893700;
202300032555.0;3;94;94002;2;2;1.0;1.0;48,80575000;2,41516000;
202300032556.0;1;38;38409;1;1;1.0;1.0;45,07852500;5,28723500;
202300032557.0;5;92;92073;2;4;1.0;4.0;48,88098058;2,22714427;
202300032558.0;1;93;93073;2;1;2.0;6.0;48,95764000;2,57224000;
202300032559.0;1;92;92063;2;1;1.0;1.0;48,87894000;2,18151000;
202300032560.0;2;93;93078;2;2;1.0;3.0;48,95460000;2,53610000;
202300032561.0;1;38;38304;1;1;1.0;5.0;44,96425100;5,77734900;
202300032562.0;1;92;92051;2;1;7.0;3.0;48,88181124;2,28050977;
202300032563.0;1;84;84017;1;1;1.0;1.0;44,12051200;5,24859000;
202300032564.0;3;93;93050;2;2;1.0;6.0;48,87352000;2,52969000;
202300032565.0;1;92;92049;2;1;1.0;7.0;48,81309029;2,32608676;
202300032566.0;1;01;01348;1;2;1.0;3.0;46,18613700;4,83621600;
202300032567.0;5;92;92023;2;1;1.0;3.0;48,79593970;2,25238234;
202300032568.0;5;93;93046;2;2;2.0;6.0;48,92118000;2,51475000;
202300032569.0;5;70;70421;2;1;1.0;6.0;47,68532400;6,04236500;
202300032570.0;1;92;92012;2;1;1.0;6.0;48,82745192;2,24518955;
202300032571.0;1;14;14582;1;1;1.0;2.0;49,08130100;0,19298000;
202300032572.0;3;93;93032;2;4;2.0;6.0;48,87770000;2,55598000;
202300032573.0;1;92;92009;2;1;1.0;2.0;48,92114747;2,27594912;
202300032574.0;1;50;50085;1;2;1.0;7.0;48,92978100; -1,53537200;
202300032575.0;5;93;93014;2;2;2.0;1.0;48,90935000;2,55014000;
202300032576.0;1;09;09189;1;1;1.0;6.0;42,67418000;1,83552500;
202300032577.0;1;49;49063;2;3;7.0;3.0;47,35157000; -0,76719800;
202300032578.0;1;60;60327;1;1;1.0;7.0;49,30324400;1,96663900;
202300032579.0;5;93;93008;2;1;8.0;6.0;48,90662000;2,44371000;
202300032580.0;5;62;62794;2;1;1.0;1.0;50,71151112;2,15390654;
202300032581.0;1;10;10323;1;1;1.0;2.0;48,50776300;3,69312300;
202300032582.0;5;52;52331;2;1;1.0;6.0;48,47355400;4,77361300;
202300032583.0;1;10;10209;2;1;1.0;2.0;48,25589900;4,25643400;
202300032584.0;5;92;92046;2;3;8.0;6.0;48,81336700;2,29932547;
202300032585.0;1;31;31454;2;1;1.0;2.0;43,41195300;1,12860900;
202300032586.0;1;83;83099;1;1;1.0;2.0;43,46182800;6,68274000;
202300032587.0;1;07;07261;1;1;1.0;5.0;44,82393432;4,73354956;
202300032588.0;1;92;92046;2;2;1.0;3.0;48,82049841;2,30394579;
202300032589.0;1;974;97412;1;9;1.0;7.0; -21,37591300;55,66492700;
202300032590.0;1;53;53062;2;6;7.0;3.0;47,82531000; -0,68758000;
202300032591.0;5;92;92050;2;3;2.0;6.0;48,88566101;2,21923113;
202300032592.0;1;04;04081;2;3;1.0;2.0;43,73832500;5,97985100;
202300032593.0;3;974;97416;1;1;1.0;2.0; -21,29765600;55,41860600;
202300032594.0;1;04;04157;1;1;1.0;1.0;43,86730100;6,13642200;
202300032595.0;5;92;92020;2;1;2.0;3.0;48,81111000;2,29877000;
202300032596.0;1;41;41093;1;1;1.0;2.0;47,60556300;1,11979000;
202300032597.0;1;04;04217;1;1;1.0;7.0;44,16449000;6,14612100;
202300032598.0;1;92;92048;2;1;1.0;2.0;48,79892889;2,23314643;
202300032599.0;1;87;87133;1;1;1.0;1.0;46,20266100;1,37726100;
202300032600.0;1;37;37109;1;3;2.0;3.0;47,41278500;0,60304600;
202300032601.0;5;92;92026;2;3;1.0;6.0;48,90302538;2,25818440;
202300032602.0;1;66;66141;1;1;1.0;2.0;42,72929800;2,91581300;
202300032603.0;1;30;30152;1;1;1.0;1.0;44,22166100;4,17364600;
202300032604.0;1;83;83097;1;3;1.0;3.0;43,47591000;5,76155700;
202300032605.0;3;08;08488;2;3;1.0;3.0;49,73086300;4,83664000;
202300032606.0;1;01;01005;2;1;1.0;1.0;45,99871000;4,89869800;
202300032607.0;1;88;88306;1;1;1.0;6.0;48,40613700;7,02804700;
202300032608.0;1;74;74177;1;4;1.0;3.0;46,04936700;6,17747100;
202300032609.0;3;43;43117;1;1;9.0;1.0;45,28713100;3,45293600;
202300032610.0;1;13;13001;1;1;1.0;2.0;43,51197400;5,45752300;
202300032611.0;5;76;76159;2;1;1.0;1.0;49,77830200;0,64960400;
202300032612.0;5;06;06161;2;1;1.0;1.0;43,63870100;7,13673900;
202300032613.0;3;51;51061;1;1;1.0;2.0;49,10511700;4,25444900;
202300032614.0;1;80;80779;2;3;1.0;6.0;50,09590700;1,87296500;
202300032615.0;2;83;83086;1;4;1.0;3.0;43,46513100;6,53837700;
202300032616.0;1;73;73008;1;1;1.0;7.0;45,69832562;5,92960154;
202300032617.0;1;65;65396;2;1;1.0;1.0;42,97764300; -0,08896400;
202300032618.0;1;987;98729;1;1;1.0;1.0; -17,57700000; -150,20200000;
202300032619.0;3;26;26169;1;1;1.0;2.0;44,47433900;4,76650000;
202300032620.0;1;65;65213;1;1;1.0;1.0;43,31893700;0,45378700;
202300032621.0;1;81;81101;2;1;1.0;6.0;44,00932200;2,16060500;
202300032622.0;4;974;97418;2;3;1.0;6.0; -20,89666900;55,55093600;
202300032623.0;2;84;84062;1;1;1.0;1.0;43,89007200;5,10173900;
202300032624.0;1;89;89368;1;1;1.0;6.0;47,63384000;3,21420000;
202300032625.0;1;973;97311;1;1;1.0;3.0;5,50358500; -53,96898500;
202300032626.0;2;12;12208;2;1;1.0;1.0;43,95202300;2,89260700;
202300032627.0;3;58;58298;1;1;8.0;5.0;47,12265100;3,05372700;
202300032628.0;1;77;77142;2;9;1.0;6.0;48,86060600;2,92514500;
202300032629.0;3;47;47315;1;1;1.0;1.0;44,45066360;0,88855193;
202300032630.0;3;39;39478;1;1;1.0;7.0;46,42858800;5,85950600;
202300032631.0;3;22;22341;1;1;1.0;1.0;48,39635700; -2,38411900;
202300032632.0;1;2B;2B303;1;1;1.0;3.0;42,25225900;9,54555300;
202300032633.0;2;25;25578;2;1;1.0;6.0;47,14755000;6,34368200;
202300032634.0;2;87;87143;1;3;1.0;3.0;45,91749900;1,12246200;
202300032635.0;1;84;84078;1;2;1.0;2.0;44,25971900;4,70567800;
202300032636.0;1;83;83097;1;1;1.0;6.0;43,46962700;5,74875700;
202300032637.0;1;35;35069;1;2;1.0;2.0;48,03331100; -1,50390700;
202300032638.0;1;29;29075;2;1;1.0;6.0;48,43277400; -4,41214800;
202300032639.0;1;56;56200;1;1;2.0;2.0;47,81237600; -2,30570200;
202300032640.0;1;81;81219;1;1;1.0;1.0;43,58880000;1,99757000;
202300032641.0;3;02;02721;1;2;1.0;7.0;49,81197200;3,44946000;
202300032642.0;1;64;64430;1;6;1.0;7.0;43,50102900; -0,74788000;
202300032643.0;1;56;56153;1;4;2.0;1.0;47,56426700; -2,35534400;
202300032644.0;1;33;33422;1;1;1.0;3.0;44,78885600; -0,77537300;
202300032645.0;1;03;03307;1;2;1.0;3.0;46,37056300;3,26762800;
202300032646.0;1;79;79125;2;7;8.0;6.0;46,23322700; -0,40891600;
202300032647.0;1;44;44052;2;1;1.0;6.0;47,31870400; -2,07548600;
202300032648.0;5;03;03254;2;1;1.0;7.0;46,30188100;3,27960100;
202300032649.0;3;22;22190;1;1;1.0;6.0;48,52224700; -2,09049200;
202300032650.0;5;2A;2A271;2;1;1.0;1.0;41,95463900;8,79668500;
202300032651.0;2;35;35347;2;1;7.0;6.0;48,17952200; -1,31241000;
202300032652.0;1;03;03264;2;4;1.0;3.0;46,06242400;3,45917300;
202300032653.0;3;80;80417;1;2;1.0;3.0;49,87296600;2,66939300;
202300032654.0;1;03;03019;1;1;1.0;7.0;46,60805200;3,69120800;
202300032655.0;1;76;76147;1;1;1.0;2.0;49,72385500;1,34458100;
202300032656.0;1;76;76684;1;1;1.0;2.0;49,48085000;0,45366300;
202300032657.0;1;26;26337;1;1;1.0;3.0;44,71416173;4,80329990;
202300032658.0;1;80;80240;2;9;1.0;6.0;49,92265600;2,94401400;
202300032659.0;1;80;80561;2;1;1.0;6.0;49,64685400;2,57171300;
202300032660.0;1;13;13202;1;1;1.0;6.0;43,29493910;5,36336660;
202300032661.0;5;80;80126;2;1;1.0;1.0;49,93567100;1,63147500;
202300032662.0;3;13;13203;1;1;1.0;6.0;43,31438000;5,37679000;
202300032663.0;1;14;14742;1;1;1.0;6.0;48,95624200; -0,08033800;
202300032664.0;3;81;81262;1;1;1.0;2.0;44,06835900;1,97046900;
202300032665.0;1;13;13071;1;1;1.0;3.0;43,40557200;5,33758200;
202300032666.0;1;71;71121;1;1;1.0;1.0;46,82143500;5,24522100;
202300032667.0;1;14;14371;1;1;1.0;1.0;49,02929700;0,30276800;
202300032668.0;2;69;69283;1;1;1.0;2.0;45,67246000;4,94315000;
202300032669.0;1;33;33448;1;1;1.0;6.0;44,69585062; -0,49751759;
202300032670.0;1;14;14270;1;1;1.0;3.0;49,14408500;0,33590100;
202300032671.0;3;71;71543;2;3;2.0;6.0;46,57131900;4,90477900;
202300032672.0;1;91;91161;1;1;1.0;3.0;48,70205000;2,30813000;
202300032673.0;3;89;89309;1;1;1.0;4.0;48,27822400;3,22011000;
202300032674.0;1;50;50550;1;2;1.0;1.0;49,15489900; -1,41184500;
202300032675.0;1;94;94021;1;1;1.0;5.0;48,76877597;2,34362068;
202300032676.0;3;89;89344;1;1;2.0;1.0;47,70691300;3,18530600;
202300032677.0;1;50;50483;2;1;7.0;6.0;49,10462300; -1,17377700;
202300032678.0;1;94;94034;1;1;1.0;2.0;48,75536798;2,34171662;
202300032679.0;1;45;45054;1;2;7.0;3.0;48,23273500;2,38884000;
202300032680.0;3;61;61029;1;1;5.0;7.0;48,54716800;0,48760400;
202300032681.0;1;10;10437;1;1;1.0;6.0;48,14078444;4,29835394;
202300032682.0;1;77;77169;1;1;1.0;3.0;48,82127200;2,61526600;
202300032683.0;1;49;49003;1;1;1.0;6.0;47,29867400; -0,31714400;
202300032684.0;1;36;36192;2;1;1.0;6.0;46,63437300;1,42106900;
202300032685.0;1;77;77468;1;1;1.0;2.0;48,85002300;2,66159400;
202300032686.0;3;77;77141;1;1;1.0;2.0;48,84939000;2,83441500;
202300032687.0;1;07;07114;1;1;1.0;6.0;45,01754700;4,48813200;
202300032688.0;1;49;49182;1;1;2.0;6.0;47,23121100; -0,30945200;
202300032689.0;1;94;94044;1;1;1.0;2.0;48,75738975;2,47653199;
202300032690.0;1;40;40007;2;1;1.0;7.0;43,58120700; -0,63247600;
202300032691.0;5;42;42044;2;2;1.0;1.0;45,39409000;4,30303000;
202300032692.0;4;77;77407;2;1;1.0;6.0;48,52841000;2,54881000;
202300032693.0;1;27;27288;1;3;1.0;5.0;49,25598700;0,69111200;
202300032694.0;1;76;76498;2;2;1.0;6.0;49,42862000;1,06258000;
202300032695.0;5;49;49050;2;4;2.0;6.0;47,35372200; -0,44776500;
202300032696.0;1;27;27260;1;1;7.0;1.0;49,39800900;0,42119300;
202300032697.0;1;72;72181;2;4;1.0;1.0;47,99049000;0,20239000;
202300032698.0;5;47;47283;2;2;2.0;6.0;44,47883200;0,94886400;
202300032699.0;1;27;27425;1;1;7.0;1.0;49,14268200;0,75430200;
202300032700.0;1;973;97302;2;1;1.0;1.0;4,93661974; -52,32088566;
202300032701.0;1;27;27643;1;1;1.0;7.0;48,76287200;1,05274600;
202300032702.0;1;973;97302;2;1;1.0;3.0;4,92639827; -52,30871916;
202300032703.0;5;39;39206;2;2;2.0;3.0;46,99863900;5,73782000;
202300032704.0;5;973;97302;1;1;1.0;7.0;4,92462000; -52,32910000;
202300032705.0;1;87;87106;1;2;1.0;3.0;45,66857400;1,22337700;
202300032706.0;5;69;69388;2;1;1.0;2.0;45,73506000;4,87146000;
202300032707.0;1;08;08222;2;1;1.0;1.0;50,00638287;4,69243110;
202300032708.0;5;971;97113;1;9;1.0;1.0;16,24176000; -61,48573000;
202300032709.0;2;38;38034;2;9;1.0;3.0;45,35002300;5,03825100;
202300032710.0;1;88;88245;1;1;1.0;6.0;48,34448400;6,92853200;
202300032711.0;1;2A;2A004;1;6;1.0;3.0;41,92742000;8,77817000;
202300032712.0;2;973;97307;1;1;1.0;5.0;4,82248700; -52,34165700;
202300032713.0;3;02;02360;2;1;2.0;7.0;49,42052600;4,00030200;
202300032714.0;1;95;95277;1;1;1.0;2.0;48,97978000;2,46587000;
202300032715.0;1;49;49228;1;2;1.0;5.0;47,46042000;0,16099700;
202300032716.0;1;91;91377;2;3;1.0;3.0;48,73792500;2,26492600;
202300032717.0;1;72;72098;1;2;1.0;3.0;47,70476200;0,19293700;
202300032718.0;1;01;01228;1;1;1.0;7.0;46,13498800;5,53895500;
202300032719.0;1;91;91692;2;3;1.0;3.0;48,68253000;2,17090000;
202300032720.0;1;38;38466;1;1;1.0;7.0;45,36723800;5,97349600;
202300032721.0;5;91;91657;2;1;1.0;2.0;48,70275000;2,42796000;
202300032722.0;1;14;14303;2;3;2.0;3.0;49,12547800;0,27562100;
202300032723.0;1;83;83097;1;1;1.0;4.0;43,47989150;5,74639035;
202300032724.0;1;91;91114;1;1;1.0;3.0;48,67775000;2,49709000;
202300032725.0;1;91;91687;2;1;1.0;6.0;48,66950000;2,36295000;
202300032726.0;3;17;17181;1;1;1.0;2.0;45,88038900; -0,62104900;
202300032727.0;3;91;91223;1;1;1.0;7.0;48,41090000;2,12726000;
202300032728.0;5;14;14319;2;1;2.0;3.0;49,15347500; -0,30643700;
202300032729.0;1;987;98729;1;1;2.0;1.0; -17,57700000; -150,20200000;
202300032730.0;5;83;83069;2;2;1.0;3.0;43,11420000;6,13380000;
202300032731.0;5;81;81004;2;1;1.0;2.0;43,93870605;2,14781642;
202300032732.0;2;85;85047;2;1;1.0;6.0;46,84754600; -1,87188280;
202300032733.0;1;41;41047;1;3;1.0;7.0;47,62302200;1,37232500;
202300032734.0;1;78;78551;1;1;1.0;3.0;48,91584000;2,06576000;
202300032735.0;1;77;77315;2;2;1.0;1.0;48,88422600;2,82858300;
202300032736.0;3;77;77114;1;1;1.0;6.0;48,73578500;2,70442800;
202300032737.0;1;85;85162;1;1;8.0;7.0;46,44145400; -0,69187000;
202300032738.0;5;72;72181;2;2;1.0;7.0;47,99533000;0,18635000;
202300032739.0;1;72;72181;2;1;1.0;3.0;47,99600000;0,20755000;
202300032740.0;1;978;97801;2;1;1.0;2.0;18,08600000; -63,06300000;
202300032741.0;1;84;84034;1;1;7.0;2.0;43,89625200;4,97815200;
202300032742.0;5;72;72181;2;2;1.0;3.0;48,00401000;0,19263000;
202300032743.0;5;71;71270;2;1;1.0;6.0;46,29564165;4,82124120;
202300032744.0;1;84;84141;2;3;1.0;3.0;43,95643300;4,90101800;
202300032745.0;2;71;71270;2;1;1.0;6.0;46,30646000;4,82849000;
202300032746.0;1;68;68300;1;1;2.0;5.0;47,77450400;7,38529100;
202300032747.0;1;83;83023;2;6;1.0;3.0;43,41007900;6,05420700;
202300032748.0;1;69;69256;2;2;1.0;3.0;45,77727000;4,91965000;
202300032749.0;1;68;68154;2;6;7.0;3.0;47,77108600;7,38672600;
202300032750.0;1;69;69027;2;3;1.0;6.0;45,67262797;4,76009261;
202300032751.0;1;69;69264;2;1;1.0;3.0;45,98337248;4,71794145;
202300032752.0;5;69;69264;2;1;1.0;6.0;45,98500000;4,71423000;
202300032753.0;1;01;01376;1;6;1.0;2.0;45,82087400;4,99006700;
202300032754.0;1;69;69199;2;1;1.0;3.0;45,71449000;4,85283000;
202300032755.0;1;65;65481;1;1;1.0;6.0;42,90746100;0,14374500;
202300032756.0;1;67;67482;2;1;1.0;3.0;48,58441000;7,76971000;
202300032757.0;3;77;77333;1;1;2.0;2.0;48,25307900;2,73207100;
202300032758.0;3;09;09282;1;1;1.0;7.0;43,24633600;1,58969200;
202300032759.0;5;67;67447;2;3;1.0;3.0;48,61063400;7,73389900;
202300032760.0;3;988;98817;1;1;1.0;7.0; -22,22624300;166,49806000;
202300032761.0;2;29;29103;2;6;1.0;3.0;48,45398300; -4,24472500;
202300032762.0;1;67;67365;2;1;1.0;1.0;48,55316000;7,71271000;
202300032763.0;3;22;22197;1;1;1.0;2.0;48,48344700; -1,95833400;
202300032764.0;1;974;97418;1;1;1.0;2.0; -20,90276800;55,55403100;
202300032765.0;1;64;64189;2;9;1.0;3.0;43,38267000; -1,66655000;
202300032766.0;1;64;64284;2;9;1.0;3.0;43,25455000; -0,38966000;
202300032767.0;1;22;22376;1;2;1.0;3.0;48,22127000; -2,81891600;
202300032768.0;1;13;13073;2;1;1.0;1.0;43,38691100;5,55568600;
202300032769.0;1;64;64125;2;3;1.0;3.0;43,43237000; -1,59640000;
202300032770.0;2;60;60034;1;9;1.0;3.0;49,44524900;2,43643300;
202300032771.0;1;64;64122;2;3;1.0;3.0;43,48207000; -1,55975000;
202300032772.0;1;13;13212;1;1;1.0;2.0;43,29260000;5,42488000;
202300032773.0;5;89;89099;1;1;2.0;3.0;47,92690400;3,55650200;
202300032774.0;1;67;67348;2;6;1.0;2.0;48,45893900;7,50441300;
202300032775.0;1;13;13071;1;1;1.0;3.0;43,41303000;5,28129000;
202300032776.0;1;64;64024;2;3;1.0;2.0;43,49372000; -1,52310000;
202300032777.0;1;54;54043;1;1;2.0;2.0;48,57998720;6,09865453;
202300032778.0;1;13;13071;1;1;1.0;3.0;43,40972592;5,28550357;
202300032779.0;5;57;57765;2;1;1.0;1.0;49,17560900;6,68399500;
202300032780.0;2;13;13028;1;1;1.0;3.0;43,20480000;5,59080000;
202300032781.0;1;69;69199;1;1;1.0;5.0;45,70932000;4,84354000;
202300032782.0;5;69;69243;2;1;3.0;1.0;45,88931679;4,45592229;
202300032783.0;1;69;69081;1;1;1.0;2.0;45,77390000;4,78550000;
202300032784.0;5;69;69094;2;2;1.0;3.0;45,74405500;4,69932700;
202300032785.0;1;33;33192;1;1;1.0;2.0;44,78986000; -0,61239000;
202300032786.0;4;94;94003;1;1;1.0;6.0;48,79951772;2,34247635;
202300032787.0;1;94;94038;1;1;1.0;3.0;48,78021943;2,34653059;
202300032788.0;2;69;69289;1;4;2.0;5.0;45,65806300;5,05503100;
202300032789.0;1;94;94034;1;1;1.0;4.0;48,75762305;2,32812012;
202300032790.0;3;17;17476;1;2;1.0;3.0;45,37264600; -0,44078900;
202300032791.0;1;64;64510;1;1;1.0;6.0;43,56079400; -0,66499700;
202300032792.0;1;94;94034;1;1;1.0;3.0;48,75646884;2,33489378;
202300032793.0;1;33;33238;2;1;1.0;6.0;44,73056093; -0,60211703;
202300032794.0;1;91;91573;1;1;1.0;7.0;48,63092000;2,51113000;