Num_Acc;lum;departement;commune;agglomeration;intersection;meteo;type_collision;lat;long;date
202300032795.0;1;91;91228;1;1;1.0;2.0;48,62700000;2,41500000;
202300032796.0;3;27;27273;1;3;1.0;1.0;48,98021700;1,40004900;
202300032797.0;3;76;76454;1;1;2.0;6.0;49,75410700;1,54759200;
202300032798.0;1;92;92019;1;1;1.0;4.0;48,76695347;2,24441492;
202300032799.0;3;42;42110;1;1;2.0;6.0;45,48823300;4,54135100;
202300032800.0;1;75;75116;1;1;1.0;3.0;48,84820200;2,24871600;
202300032801.0;1;33;33013;1;1;2.0;3.0;44,86839024; -0,50444307;
202300032802.0;1;92;92076;1;1;1.0;3.0;48,83203540;2,15176840;
202300032803.0;3;91;91136;1;1;2.0;2.0;48,71377000;2,27518000;
202300032804.0;1;92;92050;1;1;1.0;3.0;48,90574373;2,20997706;
202300032805.0;1;92;92036;1;1;1.0;4.0;48,93391754;2,27790653;
202300032806.0;1;92;92012;1;1;1.0;4.0;48,84842319;2,22997214;
202300032807.0;1;93;93029;1;1;1.0;2.0;48,92249000;2,42736000;
202300032808.0;1;93;93064;1;1;1.0;2.0;48,88668000;2,48072000;
202300032809.0;2;78;78217;1;1;2.0;5.0;48,96472134;1,82036137;
202300032810.0;1;93;93053;1;1;1.0;4.0;48,88844553;2,47369949;
202300032811.0;1;95;95678;1;1;1.0;4.0;49,06243439;2,21264845;
202300032812.0;1;93;93066;1;1;1.0;4.0;48,91623043;2,35752085;
202300032813.0;3;95;95572;1;1;2.0;2.0;49,03334361;2,10555387;
202300032814.0;1;93;93006;1;1;1.0;2.0;48,86863000;2,42906000;
202300032815.0;2;93;93053;1;1;1.0;6.0;48,88402000;2,46432000;
202300032816.0;1;94;94069;1;1;1.0;7.0;48,81626132;2,45282484;
202300032817.0;3;75;75112;1;1;1.0;5.0;48,81935300;2,45844100;
202300032818.0;2;87;87085;2;1;1.0;6.0;45,81882000;1,23414000;
202300032819.0;1;02;02691;2;3;7.0;6.0;49,85160000;3,28491000;
202300032820.0;1;13;13030;2;1;7.0;1.0;43,27580700;5,70390000;
202300032821.0;1;13;13209;2;6;1.0;1.0;43,25736296;5,41884413;
202300032822.0;1;973;97302;2;1;1.0;1.0;4,94272000; -52,31975000;
202300032823.0;1;80;80021;2;3;1.0;3.0;49,86530000;2,33899000;
202300032824.0;1;92;92078;2;1;1.0;3.0;48,94153600;2,32140600;
202300032825.0;1;37;37233;2;6;1.0;6.0;47,39490000;0,71827000;
202300032826.0;1;27;27408;1;2;1.0;3.0;49,18762900;1,50138800;
202300032827.0;1;37;37261;2;1;1.0;6.0;47,36689000;0,68075000;
202300032828.0;1;974;97416;1;1;7.0;2.0; -21,31356000;55,49534000;
202300032829.0;1;37;37195;2;1;1.0;4.0;47,39146510;0,64802071;
202300032830.0;3;974;97416;1;1;1.0;6.0; -21,26425254;55,48027217;
202300032831.0;1;35;35238;2;1;1.0;6.0;48,10988600; -1,67185843;
202300032832.0;1;974;97411;2;2;2.0;2.0; -20,88624000;55,46958000;
202300032833.0;2;28;28134;1;9;1.0;5.0;48,72903471;1,38969898;
202300032834.0;5;973;97302;2;6;1.0;2.0;4,90703000; -52,32212000;
202300032835.0;2;93;93079;2;1;1.0;1.0;48,95322908;2,33662737;
202300032836.0;1;973;97302;2;2;1.0;3.0;4,94149437; -52,32893631;
202300032837.0;1;69;69388;2;3;1.0;6.0;45,74360000;4,87276000;
202300032838.0;1;69;69386;2;1;1.0;3.0;45,77016000;4,85705000;
202300032839.0;1;92;92078;2;6;1.0;3.0;48,94133696;2,32229429;
202300032840.0;1;69;69386;2;1;1.0;3.0;45,76800000;4,85915000;
202300032841.0;1;972;97209;2;9;1.0;3.0;14,61359000; -61,04686000;
202300032842.0;1;92;92078;2;1;1.0;3.0;48,93449241;2,32112360;
202300032843.0;5;972;97209;2;1;1.0;6.0;14,61347969; -61,05251231;
202300032844.0;1;69;69382;2;1;1.0;3.0;45,75095141;4,83210044;
202300032845.0;5;92;92026;2;1;1.0;1.0;48,90206000;2,27380000;
202300032846.0;5;69;69382;2;2;1.0;3.0;45,75911963;4,82940673;
202300032847.0;1;92;92026;2;1;1.0;7.0;48,90227782;2,26799029;
202300032848.0;1;2B;2B120;1;1;1.0;3.0;42,65144000;9,44072000;
202300032849.0;5;971;97120;2;9;1.0;1.0;16,23752840; -61,53233707;
202300032850.0;5;973;97302;2;3;1.0;3.0;4,93187486; -52,31770599;
202300032851.0;1;87;87065;2;3;1.0;3.0;45,81322000;1,30510000;
202300032852.0;1;973;97302;2;1;1.0;7.0;4,92531000; -52,30843000;
202300032853.0;2;81;81065;2;4;1.0;3.0;43,59403110;2,26539180;
202300032854.0;5;69;69383;2;9;1.0;6.0;45,76363000;4,86236000;
202300032855.0;1;78;78190;2;3;1.0;3.0;48,87000000;2,13000000;
202300032856.0;1;77;77122;2;2;1.0;6.0;48,66085000;2,55883000;
202300032857.0;1;77;77284;2;9;1.0;6.0;48,95683000;2,88576000;
202300032858.0;1;69;69383;2;3;1.0;3.0;45,74995000;4,86050000;
202300032859.0;1;77;77369;2;1;7.0;2.0;48,96629000;2,91888000;
202300032860.0;1;76;76319;2;1;1.0;7.0;49,35238000;1,00340000;
202300032861.0;1;69;69388;2;3;8.0;6.0;45,74878000;4,86181000;
202300032862.0;1;76;76486;1;1;1.0;1.0;49,32210000;0,98570000;
202300032863.0;1;76;76217;2;3;1.0;3.0;49,92415000;1,08113000;
202300032864.0;1;72;72181;2;9;1.0;3.0;47,97390000;0,17338000;
202300032865.0;5;69;69388;2;2;2.0;6.0;45,72426131;4,87205371;
202300032866.0;1;72;72003;1;9;1.0;3.0;47,96505236;0,13188958;
202300032867.0;5;69;69266;2;2;1.0;3.0;45,76061000;4,87622000;
202300032868.0;1;69;69142;2;1;1.0;3.0;45,74490000;4,81311000;
202300032869.0;1;69;69264;2;6;1.0;1.0;45,99459000;4,70723000;
202300032870.0;1;67;67180;2;2;1.0;1.0;48,81351300;7,78405900;
202300032871.0;3;2B;2B120;2;1;1.0;3.0;42,66279000;9,44254000;
202300032872.0;1;64;64260;2;1;1.0;3.0;43,35885000; -1,77726000;
202300032873.0;2;971;97101;1;1;1.0;2.0;16,24272000; -61,52253000;
202300032874.0;1;64;64445;2;1;1.0;6.0;43,31326000; -0,34993000;
202300032875.0;1;64;64122;2;3;1.0;3.0;43,46396000; -1,55214000;
202300032876.0;3;91;91377;2;1;2.0;6.0;48,73815000;2,29720900;
202300032877.0;1;63;63113;2;1;1.0;3.0;45,78439209;3,08009058;
202300032878.0;3;59;59350;2;1;1.0;3.0;50,63087315;3,05553029;
202300032879.0;5;91;91191;2;1;1.0;3.0;48,72222000;2,46963000;
202300032880.0;1;56;56121;2;1;1.0;1.0;47,76023000; -3,36567000;
202300032881.0;2;56;56121;2;1;1.0;6.0;47,74139000; -3,37276000;
202300032882.0;3;91;91600;1;1;2.0;3.0;48,67310000;2,50255000;
202300032883.0;5;51;51454;2;3;1.0;6.0;49,25600521;4,02429443;
202300032884.0;1;49;49007;2;8;7.0;6.0;47,46970000; -0,54950000;
202300032885.0;5;90;90010;2;3;2.0;6.0;47,64400000;6,84056000;
202300032886.0;5;49;49007;2;1;1.0;7.0;47,45970000; -0,54960000;
202300032887.0;1;89;89387;2;3;1.0;3.0;48,20530000;3,29248000;
202300032888.0;1;45;45234;2;2;1.0;2.0;47,91353000;1,90988000;
202300032889.0;1;41;41018;2;1;1.0;1.0;47,57811000;1,32122000;
202300032890.0;5;80;80001;2;6;2.0;3.0;50,10096500;1,85792500;
202300032891.0;1;38;38185;2;2;1.0;3.0;45,18032000;5,71144000;
202300032892.0;1;37;37261;2;3;7.0;3.0;47,38678000;0,69030000;
202300032893.0;1;35;35206;1;1;1.0;6.0;48,08023172; -1,68019205;
202300032894.0;1;33;33069;2;2;1.0;3.0;44,86247253; -0,58469206;
202300032895.0;1;33;33522;2;1;1.0;2.0;44,80310000; -0,59320000;
202300032896.0;1;31;31565;2;3;1.0;1.0;43,09419800;0,70944300;
202300032897.0;2;77;77215;2;9;1.0;3.0;48,73979000;2,72376000;
202300032898.0;5;77;77122;2;1;2.0;6.0;48,67125000;2,55838000;
202300032899.0;1;27;27229;2;3;1.0;3.0;49,03088000;1,18493000;
202300032900.0;3;22;22187;1;1;1.0;6.0;48,54606000; -2,78623000;
202300032901.0;5;77;77449;2;2;2.0;1.0;48,83520774;2,78295433;
202300032902.0;1;21;21231;2;3;7.0;6.0;47,32212079;5,03127600;
202300032903.0;5;76;76540;2;2;2.0;3.0;49,44700070;1,06980121;
202300032904.0;1;21;21231;2;1;1.0;6.0;47,32888049;5,03863421;
202300032905.0;1;76;76540;2;5;2.0;6.0;49,44090000;1,08250000;
202300032906.0;1;21;21054;2;2;1.0;3.0;47,02074000;4,83759000;
202300032907.0;1;76;76351;2;3;1.0;3.0;49,49488000;0,11630000;
202300032908.0;1;19;19031;2;2;1.0;2.0;45,15738000;1,52372000;
202300032909.0;1;19;19031;2;3;1.0;3.0;45,16222000;1,53064000;
202300032910.0;4;73;73065;2;2;3.0;3.0;45,56909502;5,91952533;
202300032911.0;1;18;18213;2;9;7.0;6.0;47,09899000;2,48218000;
202300032912.0;5;69;69282;2;2;2.0;3.0;45,76372000;5,00252000;
202300032913.0;1;69;69199;2;1;2.0;6.0;45,71031000;4,86264000;
202300032914.0;2;75;75118;2;1;1.0;4.0;48,90110400;2,34664600;
202300032915.0;5;68;68166;2;1;2.0;6.0;47,79029500;7,33437100;
202300032916.0;1;66;66136;2;1;1.0;6.0;42,69767000;2,92601000;
202300032917.0;1;75;75113;2;1;1.0;3.0;48,81683300;2,36498200;
202300032918.0;1;64;64545;2;1;3.0;1.0;43,37625000; -1,68640000;
202300032919.0;1;75;75107;2;3;1.0;3.0;48,86110300;2,32417500;
202300032920.0;1;75;75119;2;1;1.0;6.0;48,87252800;2,37655900;
202300032921.0;1;64;64445;2;1;2.0;6.0;43,30385000; -0,36840000;
202300032922.0;1;75;75120;2;2;1.0;6.0;48,86466300;2,40462900;
202300032923.0;5;64;64102;2;1;8.0;6.0;43,49638000; -1,48168000;
202300032924.0;1;75;75116;2;7;1.0;1.0;48,87411300;2,25542700;
202300032925.0;3;63;63300;1;9;2.0;7.0;45,87416000;3,13283000;
202300032926.0;1;75;75115;2;2;1.0;1.0;48,83860400;2,28941600;
202300032927.0;1;75;75113;2;1;1.0;6.0;48,83587000;2,36109100;
202300032928.0;5;63;63113;2;2;1.0;3.0;45,78777000;3,13950000;
202300032929.0;1;75;75111;2;2;1.0;7.0;48,85778500;2,37091600;
202300032930.0;1;75;75110;2;4;1.0;3.0;48,87889300;2,36242400;
202300032931.0;3;83;83025;1;1;1.0;6.0;43,50764700;5,93115800;
202300032932.0;1;60;60287;2;1;1.0;1.0;49,60787800;3,08535900;
202300032933.0;1;64;64225;1;1;1.0;1.0;43,16429300; -0,67836300;
202300032934.0;1;43;43268;2;1;1.0;2.0;45,14512100;4,12647100;
202300032935.0;1;43;43203;1;3;1.0;3.0;45,16526900;4,05593500;
202300032936.0;1;53;53039;1;1;1.0;1.0;48,15188600; -1,00464800;
202300032937.0;3;21;21715;1;1;1.0;6.0;47,10986088;4,41890340;
202300032938.0;1;28;28405;1;4;1.0;1.0;48,75949200;1,31185800;
202300032939.0;1;17;17396;2;1;1.0;1.0;46,23247000; -0,88538600;
202300032940.0;1;30;30185;1;2;1.0;3.0;43,73472400;4,21144400;
202300032941.0;1;30;30348;1;6;1.0;3.0;44,04852600;4,14826900;
202300032942.0;1;48;48080;2;3;1.0;6.0;44,72619000;3,85512800;
202300032943.0;3;52;52332;1;1;1.0;6.0;47,97163400;5,54510200;
202300032944.0;1;52;52135;1;1;1.0;6.0;47,91751400;5,67864400;
202300032945.0;2;08;08413;1;1;7.0;7.0;49,60526600;4,19667000;
202300032946.0;1;04;04112;1;1;1.0;7.0;43,80782500;5,81301700;
202300032947.0;1;13;13008;2;1;1.0;7.0;43,66158900;5,15614500;
202300032948.0;5;13;13051;1;6;1.0;7.0;43,58459500;5,13934900;
202300032949.0;1;42;42279;2;1;1.0;6.0;45,50175300;4,25675700;
202300032950.0;3;60;60229;1;1;1.0;5.0;49,36598801;2,70388770;
202300032951.0;1;60;60024;1;1;1.0;6.0;49,40663100;2,69394600;
202300032952.0;1;976;97608;2;4;1.0;1.0; -12,78107900;45,27883700;
202300032953.0;5;973;97311;2;3;1.0;1.0;5,47676000; -54,03855100;
202300032954.0;1;973;97312;1;1;1.0;7.0;5,18463700; -52,91487700;
202300032955.0;1;978;97801;2;1;7.0;6.0;18,07448600; -63,07952600;
202300032956.0;1;77;77135;1;1;1.0;7.0;48,65741100;2,95208200;
202300032957.0;1;95;95438;1;1;1.0;7.0;49,13267900;1,93157700;
202300032958.0;1;78;78334;2;3;1.0;3.0;48,72397100;1,95617300;
202300032959.0;1;30;30051;1;1;1.0;6.0;44,21835000;4,01569600;
202300032960.0;1;11;11076;2;1;1.0;6.0;43,31276300;1,95040000;
202300032961.0;3;34;34199;1;1;1.0;7.0;43,45066800;3,40559000;
202300032962.0;1;06;06134;1;1;1.0;3.0;43,75099400;6,73009200;
202300032963.0;1;06;06039;2;1;1.0;6.0;43,81142500;7,29353200;
202300032964.0;3;13;13086;2;6;1.0;2.0;43,33816600;5,60137600;
202300032965.0;1;13;13023;2;1;1.0;1.0;43,20873400;5,63190300;
202300032966.0;1;13;13059;1;1;1.0;7.0;43,62093200;5,50659100;
202300032967.0;1;26;26002;1;1;1.0;2.0;45,24274500;4,84033600;
202300032968.0;1;71;71026;1;1;1.0;6.0;46,67213000;4,87108500;
202300032969.0;5;21;21590;2;1;1.0;6.0;47,06713700;4,80722700;
202300032970.0;1;68;68247;1;1;1.0;7.0;47,94072700;7,00627300;
202300032971.0;1;68;68069;1;1;1.0;1.0;47,95840400;7,47632500;
202300032972.0;2;73;73186;1;1;1.0;1.0;45,78565400;6,54936300;
202300032973.0;1;73;73005;1;1;1.0;6.0;45,65325800;6,07614800;
202300032974.0;1;44;44035;2;1;1.0;1.0;47,28711700; -1,55713800;
202300032975.0;3;38;38407;1;1;1.0;7.0;45,33358000;5,65914500;
202300032976.0;1;26;26235;1;2;1.0;2.0;44,36104300;4,68642500;
202300032977.0;1;07;07264;1;1;1.0;7.0;44,32215900;4,55040000;
202300032978.0;1;01;01262;2;1;1.0;6.0;45,85110100;5,06087500;
202300032979.0;1;69;69204;2;3;1.0;3.0;45,69332100;4,79761900;
202300032980.0;1;81;81219;1;1;1.0;7.0;43,57302200;2,01940300;
202300032981.0;5;81;81140;1;4;1.0;3.0;43,68045400;1,81491100;
202300032982.0;5;31;31187;2;2;1.0;1.0;43,53398600;1,23649200;
202300032983.0;3;33;33435;1;1;1.0;5.0;44,57055900; -0,21698800;
202300032984.0;1;14;14325;1;3;7.0;3.0;49,28405800; -0,32997600;
202300032985.0;3;22;22093;1;2;1.0;2.0;48,47232400; -2,53351800;
202300032986.0;1;35;35343;1;1;1.0;6.0;47,85114555; -1,56415969;
202300032987.0;1;76;76495;2;2;1.0;3.0;49,56932800;0,95280600;
202300032988.0;1;60;60581;2;2;1.0;3.0;49,51052600;2,43904500;
202300032989.0;1;13;13211;1;1;1.0;2.0;43,29273000;5,47667000;
202300032990.0;2;13;13210;1;1;1.0;6.0;43,28677000;5,43306000;
202300032991.0;1;13;13085;1;1;1.0;2.0;43,25770567;5,59258189;
202300032992.0;5;13;13212;1;1;1.0;2.0;43,30207000;5,42436000;
202300032993.0;1;33;33550;1;1;1.0;2.0;44,77910364; -0,55226684;
202300032994.0;1;94;94038;1;1;1.0;2.0;48,77779858;2,34644477;
202300032995.0;1;91;91689;1;1;1.0;5.0;48,74588000;2,32413000;
202300032996.0;3;91;91689;1;1;1.0;2.0;48,74560000;2,32526000;
202300032997.0;1;94;94034;1;1;1.0;3.0;48,75691382;2,33507254;
202300032998.0;1;93;93007;1;1;1.0;2.0;48,92069124;2,47959998;
202300032999.0;1;93;93066;1;1;1.0;3.0;48,92865000;2,35891000;
202300033000.0;1;93;93029;1;1;1.0;2.0;48,92501602;2,42564723;
202300033001.0;3;93;93005;1;1;1.0;2.0;48,96267000;2,47068000;
202300033002.0;1;93;93078;1;1;1.0;2.0;48,95866000;2,52701000;
202300033003.0;3;95;95500;1;1;1.0;2.0;49,04082540;2,08207548;
202300033004.0;1;94;94018;1;1;1.0;3.0;48,82318581;2,39579469;
202300033005.0;2;73;73183;1;1;1.0;1.0;45,52384361;5,97147770;
202300033006.0;5;974;97416;2;1;1.0;2.0; -21,35336000;55,51013000;
202300033007.0;3;974;97411;1;1;1.0;6.0; -20,88780000;55,44290000;
202300033008.0;1;973;97302;2;1;1.0;6.0;4,93202789; -52,32170239;
202300033009.0;1;973;97302;2;1;1.0;6.0;4,93756000; -52,32836000;
202300033010.0;1;69;69388;2;1;1.0;6.0;45,72591993;4,87046629;
202300033011.0;1;69;69034;2;1;1.0;2.0;45,79268000;4,86024000;
202300033012.0;1;69;69389;2;2;1.0;3.0;45,77863000;4,79821000;
202300033013.0;1;95;95427;2;2;1.0;3.0;48,96294783;2,33895734;
202300033014.0;1;95;95127;1;9;1.0;4.0;49,05569089;2,04818845;
202300033015.0;1;91;91549;1;9;1.0;6.0;48,63858000;2,33479000;
202300033016.0;1;91;91201;2;1;1.0;2.0;48,67772000;2,42260000;
202300033017.0;5;78;78551;2;2;1.0;3.0;48,90046400;2,08016300;
202300033018.0;1;78;78440;2;1;1.0;3.0;48,98621000;1,92058000;
202300033019.0;1;77;77215;2;1;1.0;6.0;48,73624000;2,73419000;
202300033020.0;1;77;77079;2;6;1.0;6.0;48,40579000;2,79906000;
202300033021.0;1;77;77285;2;1;1.0;3.0;48,53802000;2,62280000;
202300033022.0;2;77;77307;2;1;7.0;6.0;48,85896000;2,75786000;
202300033023.0;5;73;73011;2;1;1.0;6.0;45,67218000;6,38235000;
202300033024.0;5;72;72181;1;9;1.0;3.0;48,02850000;0,17960000;
202300033025.0;5;69;69290;2;6;1.0;1.0;45,70664000;4,94031000;
202300033026.0;1;69;69029;2;3;1.0;1.0;45,75015550;4,91141292;
202300033027.0;1;69;69290;2;3;1.0;6.0;45,69693000;4,94074000;
202300033028.0;4;69;69290;2;6;1.0;6.0;45,71779000;4,94948000;
202300033029.0;1;68;68149;2;1;1.0;6.0;47,59308000;7,58332000;
202300033030.0;1;67;67482;2;1;1.0;6.0;48,60211000;7,71135000;
202300033031.0;1;67;67482;2;3;1.0;3.0;48,58092000;7,76979000;
202300033032.0;1;64;64189;2;1;1.0;1.0;43,38880000; -1,68060000;
202300033033.0;1;63;63113;2;6;1.0;3.0;45,80362000;3,11909000;
202300033034.0;3;62;62895;1;9;1.0;6.0;50,48429346;2,84580231;
202300033035.0;5;59;59163;2;1;1.0;6.0;50,67847000;3,15572000;
202300033036.0;1;59;59299;2;1;1.0;6.0;50,66521000;3,18975000;
202300033037.0;1;59;59350;2;1;1.0;3.0;50,61680000;3,03397000;
202300033038.0;1;54;54304;2;2;1.0;2.0;48,67934869;6,14252150;
202300033039.0;3;54;54382;1;1;5.0;2.0;49,55089000;5,78890000;
202300033040.0;5;49;49007;2;3;1.0;7.0;47,47364000; -0,55304000;
202300033041.0;5;45;45234;2;6;1.0;1.0;47,90111000;1,91922000;
202300033042.0;3;45;45274;1;6;1.0;6.0;47,86835000;1,95742000;
202300033043.0;1;44;44184;2;1;1.0;6.0;47,27686000; -2,21207000;
202300033044.0;1;38;38053;2;1;1.0;2.0;45,59800000;5,27395000;
202300033045.0;1;33;33119;2;3;1.0;3.0;44,86288000; -0,51673000;
202300033046.0;1;10;10362;1;6;1.0;3.0;48,30213000;4,02448000;
202300033047.0;5;10;10387;2;2;8.0;3.0;48,29133484;4,07098442;
202300033048.0;1;33;33529;2;1;1.0;3.0;44,63882200; -1,14590400;
202300033049.0;1;04;04112;2;3;6.0;7.0;43,82114000;5,79825000;
202300033050.0;4;01;01014;2;1;8.0;3.0;46,28396000;5,66909000;
202300033051.0;5;75;75114;2;1;1.0;6.0;48,81922800;2,32961400;
202300033052.0;5;75;75116;2;2;2.0;6.0;48,84302400;2,26010500;
202300033053.0;5;31;31555;2;2;1.0;3.0;43,63650000;1,43330000;
202300033054.0;5;75;75105;2;2;1.0;3.0;48,85138600;2,34317200;
202300033055.0;1;31;31555;2;1;1.0;6.0;43,57739900;1,38949000;
202300033056.0;5;75;75105;2;4;1.0;3.0;48,84086100;2,33733300;
202300033057.0;5;75;75120;2;4;2.0;6.0;48,86463800;2,40558500;
202300033058.0;1;75;75119;2;3;1.0;3.0;48,88219900;2,37452200;
202300033059.0;5;75;75119;2;2;8.0;6.0;48,88970300;2,36812900;
202300033060.0;1;27;27229;2;6;1.0;3.0;49,02843600;1,18431500;
202300033061.0;1;75;75109;2;3;1.0;1.0;48,87891400;2,33983100;
202300033062.0;1;27;27229;2;1;1.0;6.0;49,02817000;1,14616000;
202300033063.0;5;75;75116;2;3;4.0;6.0;48,86883200;2,27353200;
202300033064.0;5;75;75115;2;1;2.0;3.0;48,84762100;2,29966300;
202300033065.0;1;26;26198;1;9;1.0;6.0;44,53092000;4,73641000;
202300033066.0;5;75;75115;2;3;2.0;7.0;48,84373500;2,29588500;
202300033067.0;5;75;75114;2;4;1.0;2.0;48,82441900;2,30479600;
202300033068.0;3;22;22278;2;1;1.0;3.0;48,51975000; -2,74768000;
202300033069.0;3;18;18279;2;1;1.0;7.0;47,20693700;2,07779400;
202300033070.0;1;75;75114;2;7;1.0;3.0;48,83496900;2,33176300;
202300033071.0;5;75;75112;2;2;2.0;3.0;48,83376300;2,38256900;
202300033072.0;1;15;15014;2;1;1.0;6.0;44,92706000;2,44094000;
202300033073.0;5;75;75109;2;2;2.0;3.0;48,87410600;2,33976600;
202300033074.0;1;14;14242;2;1;1.0;2.0;49,22182100; -0,36382600;
202300033075.0;1;75;75108;2;1;1.0;6.0;48,88271900;2,32639300;
202300033076.0;1;75;75102;2;2;1.0;6.0;48,86442000;2,35149300;
202300033077.0;1;94;94078;2;3;1.0;1.0;48,72776000;2,44570000;
202300033078.0;1;13;13210;2;1;1.0;1.0;43,28654531;5,41587200;
202300033079.0;1;94;94043;2;2;1.0;3.0;48,80482000;2,34476000;
202300033080.0;1;94;94022;2;1;1.0;6.0;48,76721700;2,40727100;
202300033081.0;1;13;13209;2;3;1.0;1.0;43,25316000;5,40224000;
202300033082.0;2;94;94022;2;1;4.0;2.0;48,76456000;2,40653500;
202300033083.0;1;13;13055;2;1;1.0;6.0;43,29238000;5,40126000;
202300033084.0;1;94;94017;2;1;1.0;3.0;48,81307033;2,51282483;
202300033085.0;1;13;13205;2;1;1.0;3.0;43,28898000;5,40015000;
202300033086.0;1;93;93039;2;2;1.0;3.0;48,93574300;2,33861100;
202300033087.0;5;93;93064;2;1;8.0;6.0;48,86830939;2,49180168;
202300033088.0;3;13;13047;1;1;1.0;1.0;43,51645000;4,96385000;
202300033089.0;1;93;93031;2;1;1.0;3.0;48,95305387;2,31600702;
202300033090.0;1;10;10387;2;1;1.0;6.0;48,27013000;4,08220000;
202300033091.0;5;93;93010;2;6;2.0;2.0;48,91815001;2,47684888;
202300033092.0;5;93;93007;2;2;2.0;3.0;48,92689000;2,47219000;
202300033093.0;1;10;10081;2;3;1.0;3.0;48,30819000;4,03504000;
202300033094.0;1;92;92073;2;1;1.0;6.0;48,87220276;2,22853214;
202300033095.0;4;92;92050;2;1;1.0;6.0;48,89976000;2,19955000;
202300033096.0;5;06;06088;2;5;1.0;3.0;43,68196900;7,19889300;
202300033097.0;5;92;92048;2;2;2.0;7.0;48,81886363;2,23464578;
202300033098.0;5;92;92024;2;1;9.0;7.0;48,90362000;2,31864000;
202300033099.0;5;06;06123;2;3;1.0;3.0;43,66710000;7,19250000;
202300033100.0;5;92;92012;2;2;2.0;3.0;48,83971191;2,23976952;
202300033101.0;5;92;92012;2;1;1.0;2.0;48,84613000;2,24814000;
202300033102.0;5;75;75118;2;1;1.0;2.0;48,90078700;2,33855900;
202300033103.0;5;92;92002;2;9;2.0;6.0;48,73861000;2,30205000;
202300033104.0;2;13;13215;1;1;1.0;7.0;43,37900000;5,35500000;
202300033105.0;1;75;75118;2;1;1.0;2.0;48,90086000;2,36571200;
202300033106.0;3;83;83069;1;1;1.0;6.0;43,11537000;6,11426000;
202300033107.0;3;69;69297;1;1;1.0;3.0;45,62081285;4,81335354;
202300033108.0;1;75;75119;2;1;1.0;5.0;48,89602100;2,39435100;
202300033109.0;4;33;33487;1;1;3.0;2.0;44,95442000; -0,45581000;
202300033110.0;1;91;91553;1;1;1.0;6.0;48,63143800;2,50434600;
202300033111.0;5;75;75108;2;2;1.0;3.0;48,87330700;2,32430000;
202300033112.0;1;94;94076;1;1;1.0;3.0;48,79309594;2,34508279;
202300033113.0;1;75;75106;2;2;1.0;7.0;48,84522700;2,32853500;
202300033114.0;5;75;75120;2;3;1.0;6.0;48,85969600;2,40485500;
202300033115.0;1;75;75120;2;1;1.0;6.0;48,86369700;2,40863500;
202300033116.0;2;94;94034;1;1;8.0;4.0;48,76061147;2,31935953;
202300033117.0;1;75;75119;2;2;1.0;3.0;48,89584500;2,38354800;
202300033118.0;5;75;75118;2;2;1.0;1.0;48,89023600;2,35990500;
202300033119.0;3;94;94003;1;1;8.0;3.0;48,80756471;2,34094016;
202300033120.0;1;75;75117;2;2;1.0;3.0;48,88195700;2,29591400;
202300033121.0;1;75;75116;2;3;1.0;3.0;48,85621000;2,28164900;
202300033122.0;5;93;93006;1;1;1.0;6.0;48,86425000;2,41412000;
202300033123.0;5;75;75115;2;2;1.0;6.0;48,83613700;2,29723400;
202300033124.0;1;75;75114;2;3;1.0;6.0;48,82168400;2,32667500;
202300033125.0;1;93;93066;1;1;1.0;3.0;48,92279781;2,35128419;
202300033126.0;5;75;75114;2;2;1.0;3.0;48,82959100;2,32840000;
202300033127.0;5;75;75112;2;1;1.0;2.0;48,83093800;2,38559800;
202300033128.0;5;75;75111;2;2;1.0;6.0;48,86601800;2,36632500;
202300033129.0;1;95;95018;1;1;1.0;6.0;48,95967623;2,27188361;
202300033130.0;5;75;75110;2;1;1.0;2.0;48,86886000;2,36467800;
202300033131.0;1;75;75107;2;1;1.0;6.0;48,86106300;2,32515200;
202300033132.0;1;75;75107;2;3;1.0;6.0;48,84793200;2,31597500;
202300033133.0;1;75;75103;2;2;1.0;6.0;48,86181800;2,35089200;
202300033134.0;5;94;94081;2;9;1.0;6.0;48,79277000;2,39133000;
202300033135.0;3;95;95277;1;1;1.0;5.0;48,97065000;2,48255000;
202300033136.0;1;94;94074;2;1;1.0;2.0;48,77002988;2,44049084;
202300033137.0;1;94;94055;2;1;1.0;3.0;48,79176382;2,53296764;
202300033138.0;1;94;94068;2;2;7.0;3.0;48,78728000;2,48843000;
202300033139.0;5;94;94042;1;1;1.0;6.0;48,81424800;2,46424700;
202300033140.0;1;94;94018;1;1;1.0;4.0;48,82142430;2,39921053;
202300033141.0;1;94;94021;2;1;1.0;6.0;48,77132900;2,36117900;
202300033142.0;1;94;94022;2;1;1.0;6.0;48,76932552;2,41565216;
202300033143.0;3;94;94073;1;1;1.0;2.0;48,77107455;2,38866733;
202300033144.0;1;94;94070;1;1;1.0;2.0;48,72316000;2,56049000;