Num_Acc;lum;departement;commune;agglomeration;intersection;meteo;type_collision;lat;long;date
202300033145.0;1;93;93049;2;3;1.0;6.0;48,85273000;2,51331000;
202300033146.0;1;93;93074;2;3;1.0;6.0;48,93411000;2,56245000;
202300033147.0;1;93;93014;2;1;1.0;2.0;48,91229800;2,55096600;
202300033148.0;1;93;93010;2;1;1.0;6.0;48,89320300;2,49608200;
202300033149.0;1;93;93007;2;1;1.0;6.0;48,94825900;2,44998000;
202300033150.0;1;974;97411;2;1;1.0;3.0; -20,88702000;55,46974000;
202300033151.0;1;93;93001;2;1;1.0;3.0;48,91524800;2,37481500;
202300033152.0;1;92;92020;2;5;1.0;3.0;48,80864583;2,29123458;
202300033153.0;1;92;92025;2;1;1.0;3.0;48,91350833;2,22670846;
202300033154.0;1;974;97411;2;1;1.0;6.0; -20,90308000;55,49162000;
202300033155.0;1;92;92023;2;4;1.0;3.0;48,79155086;2,26318449;
202300033156.0;1;92;92004;2;1;1.0;6.0;48,92541000;2,27946000;
202300033157.0;1;974;97407;1;9;1.0;3.0; -20,95500000;55,31491000;
202300033158.0;3;39;39543;1;3;1.0;3.0;46,77964700;5,89968700;
202300033159.0;1;974;97407;2;4;1.0;3.0; -20,93830000;55,29530000;
202300033160.0;3;974;97415;1;9;1.0;2.0; -21,00902100;55,27733400;
202300033161.0;1;69;69383;2;2;2.0;6.0;45,76259090;4,84515741;
202300033162.0;1;50;50237;1;1;1.0;3.0;48,81103200; -1,37612300;
202300033163.0;2;86;86046;2;6;1.0;3.0;46,77408900;0,53678200;
202300033164.0;1;972;97213;1;1;1.0;2.0;14,61827000; -61,02585000;
202300033165.0;1;52;52114;2;9;1.0;3.0;48,03175200;4,91290600;
202300033166.0;3;972;97234;1;1;8.0;7.0;14,69160900; -61,15475700;
202300033167.0;1;972;97213;1;1;1.0;4.0;14,61688000; -61,01603000;
202300033168.0;3;972;97209;1;1;1.0;2.0;14,61500000; -61,05010000;
202300033169.0;3;76;76167;1;2;5.0;3.0;49,57331400;0,15560600;
202300033170.0;5;972;97209;2;4;1.0;4.0;14,61470000; -61,04837000;
202300033171.0;1;01;01353;1;1;1.0;3.0;45,96478400;4,79848800;
202300033172.0;1;2B;2B033;2;1;1.0;3.0;42,68890000;9,44770000;
202300033173.0;1;01;01209;1;1;3.0;3.0;46,11048900;5,87845800;
202300033174.0;1;971;97107;2;1;1.0;2.0;16,03356000; -61,56889000;
202300033175.0;3;22;22067;1;1;1.0;5.0;48,54954000; -3,16501000;
202300033176.0;1;30;30209;2;3;1.0;3.0;44,00922500;4,78376900;
202300033177.0;1;91;91657;2;1;1.0;7.0;48,70497000;2,41353000;
202300033178.0;3;83;83017;2;1;1.0;1.0;43,25002800;5,99849200;
202300033179.0;1;35;35173;1;2;1.0;1.0;48,21682400; -1,72766400;
202300033180.0;3;91;91223;1;1;9.0;4.0;48,42320000;2,13910000;
202300033181.0;3;56;56057;1;3;1.0;3.0;48,07404300; -3,53661100;
202300033182.0;1;77;77519;2;1;1.0;6.0;48,65040100;3,40903900;
202300033183.0;1;85;85191;2;6;1.0;3.0;46,65070000; -1,43761000;
202300033184.0;3;80;80058;1;1;1.0;5.0;49,87243700;2,63780200;
202300033185.0;1;30;30011;1;3;1.0;5.0;43,94065600;4,77391400;
202300033186.0;4;80;80416;2;1;1.0;6.0;49,98001600;2,06503800;
202300033187.0;3;82;82131;1;1;1.0;6.0;44,23333500;1,44574300;
202300033188.0;3;65;65268;1;1;1.0;6.0;43,14444400;0,04567300;
202300033189.0;1;77;77243;1;1;1.0;5.0;48,86752200;2,70007700;
202300033190.0;1;33;33480;1;1;1.0;4.0;44,88496800; -0,19941800;
202300033191.0;1;11;11206;2;1;7.0;6.0;43,05423500;2,20730500;
202300033192.0;5;76;76231;2;6;1.0;6.0;49,29682783;0,99510024;
202300033193.0;5;76;76259;2;3;2.0;6.0;49,75210000;0,40951000;
202300033194.0;1;72;72181;2;1;1.0;6.0;48,02145600;0,18362100;
202300033195.0;5;72;72181;2;2;9.0;3.0;48,01496000;0,18280000;
202300033196.0;1;72;72181;2;1;1.0;3.0;47,99516000;0,22381000;
202300033197.0;1;72;72181;1;1;2.0;3.0;48,02818000;0,17588000;
202300033198.0;2;72;72181;2;1;3.0;6.0;47,99011000;0,16839000;
202300033199.0;1;67;67482;2;3;1.0;6.0;48,54015000;7,76786000;
202300033200.0;5;67;67482;2;1;6.0;3.0;48,57601000;7,75298000;
202300033201.0;1;64;64445;2;1;3.0;6.0;43,31532000; -0,37792000;
202300033202.0;5;59;59350;2;2;1.0;3.0;50,64451000;2,97441000;
202300033203.0;5;59;59328;2;2;9.0;3.0;50,64096000;3,03168000;
202300033204.0;1;58;58194;2;2;4.0;6.0;46,99164300;3,15304900;
202300033205.0;5;56;56098;2;6;8.0;3.0;47,75936000; -3,32644000;
202300033206.0;5;54;54257;2;1;1.0;6.0;48,65352000;6,19790000;
202300033207.0;5;54;54357;2;2;2.0;6.0;48,71267000;6,16801000;
202300033208.0;3;54;54328;2;3;4.0;3.0;48,61604000;6,17633000;
202300033209.0;1;54;54395;2;1;1.0;1.0;48,68247000;6,16595000;
202300033210.0;3;50;50129;1;1;1.0;6.0;49,65033000; -1,71495000;
202300033211.0;1;50;50129;2;3;1.0;2.0;49,63601000; -1,59040000;
202300033212.0;1;49;49007;2;1;1.0;2.0;47,48900000; -0,54600000;
202300033213.0;1;45;45234;2;3;7.0;3.0;47,88003000;1,89967000;
202300033214.0;4;42;42275;2;3;8.0;1.0;45,46594000;4,37471000;
202300033215.0;1;38;38423;2;8;3.0;3.0;45,20876000;5,70560000;
202300033216.0;5;37;37261;2;3;1.0;6.0;47,39231000;0,68469000;
202300033217.0;1;37;37261;2;1;1.0;7.0;47,42256000;0,70626000;
202300033218.0;2;35;35238;2;3;2.0;3.0;48,12441668; -1,70925647;
202300033219.0;1;35;35238;2;1;1.0;6.0;48,12351789; -1,70906335;
202300033220.0;1;35;35238;2;1;1.0;2.0;48,10799834; -1,67784110;
202300033221.0;1;33;33318;2;5;8.0;3.0;44,80948194; -0,62678665;
202300033222.0;5;30;30189;2;2;1.0;3.0;43,82299000;4,33599000;
202300033223.0;1;29;29232;1;1;1.0;7.0;47,97994000; -4,12139000;
202300033224.0;1;29;29232;2;1;8.0;6.0;47,98757000; -4,09851000;
202300033225.0;1;25;25462;2;1;4.0;2.0;46,90016000;6,35770000;
202300033226.0;2;25;25056;2;1;4.0;6.0;47,21764600;5,96608600;
202300033227.0;1;17;17306;2;1;2.0;6.0;45,63520800; -1,02882000;
202300033228.0;5;13;13204;2;1;1.0;6.0;43,30348000;5,40093000;
202300033229.0;1;13;13005;2;1;1.0;3.0;43,28600000;5,58801000;
202300033230.0;1;13;13005;2;3;1.0;3.0;43,28933000;5,56833000;
202300033231.0;2;13;13001;2;1;1.0;2.0;43,52464000;5,43029000;
202300033232.0;1;11;11069;2;1;2.0;2.0;43,23581100;2,36817900;
202300033233.0;5;07;07019;2;6;8.0;3.0;44,61046000;4,39000000;
202300033234.0;1;06;06029;2;6;1.0;6.0;43,56577000;7,00256000;
202300033235.0;1;06;06030;2;2;1.0;3.0;43,56559000;7,01523000;
202300033236.0;5;06;06027;2;1;1.0;2.0;43,66023900;7,13025500;
202300033237.0;5;05;05061;2;2;1.0;3.0;44,54971000;6,06522000;
202300033238.0;1;75;75113;2;1;2.0;2.0;48,81788400;2,35351000;
202300033239.0;5;75;75119;2;7;8.0;7.0;48,88278500;2,37028500;
202300033240.0;1;75;75119;2;3;1.0;6.0;48,87527300;2,39522300;
202300033241.0;1;75;75117;2;1;1.0;3.0;48,89650200;2,31939900;
202300033242.0;1;75;75116;2;2;1.0;2.0;48,84798900;2,26416200;
202300033243.0;1;75;75115;2;3;1.0;7.0;48,83625700;2,29439700;
202300033244.0;5;75;75114;2;1;2.0;6.0;48,82320400;2,31600700;
202300033245.0;5;75;75111;2;2;8.0;6.0;48,87112600;2,37670900;
202300033246.0;1;75;75111;2;1;1.0;3.0;48,86485000;2,36830700;
202300033247.0;1;75;75108;2;1;1.0;6.0;48,87611900;2,31834900;
202300033248.0;5;75;75101;2;3;1.0;6.0;48,86376400;2,33211600;
202300033249.0;1;75;75103;2;3;1.0;3.0;48,85925800;2,36765400;
202300033250.0;1;94;94076;2;1;1.0;6.0;48,79430000;2,36221000;
202300033251.0;1;94;94038;2;2;1.0;3.0;48,77814000;2,34424000;
202300033252.0;5;94;94028;2;3;2.0;6.0;48,79756000;2,45632000;
202300033253.0;1;94;94028;2;2;2.0;3.0;48,79404009;2,44708121;
202300033254.0;5;94;94073;2;1;1.0;6.0;48,75207000;2,40580000;
202300033255.0;1;94;94018;2;2;1.0;3.0;48,82149200;2,41308400;
202300033256.0;1;94;94041;2;3;1.0;3.0;48,82240000;2,39234000;
202300033257.0;1;94;94071;2;1;8.0;6.0;48,77410000;2,50797000;
202300033258.0;5;93;93059;2;3;1.0;6.0;48,97139309;2,36626240;
202300033259.0;1;93;93070;2;1;1.0;6.0;48,90237954;2,33926401;
202300033260.0;1;93;93064;2;1;1.0;3.0;48,86625670;2,48711815;
202300033261.0;5;93;93062;2;1;9.0;6.0;48,89866400;2,51706800;
202300033262.0;2;93;93010;2;4;2.0;1.0;48,90370000;2,47629000;
202300033263.0;3;93;93005;2;9;2.0;3.0;48,95855542;2,48545557;
202300033264.0;5;92;92064;2;1;1.0;6.0;48,85909000;2,21226000;
202300033265.0;5;92;92064;2;1;1.0;6.0;48,84245000;2,20808000;
202300033266.0;1;92;92063;2;1;2.0;6.0;48,88066000;2,18165000;
202300033267.0;1;92;92062;2;1;1.0;2.0;48,87724105;2,24402457;
202300033268.0;1;92;92051;2;1;8.0;6.0;48,88219200;2,27534000;
202300033269.0;5;92;92048;2;2;2.0;2.0;48,81853279;2,23124117;
202300033270.0;1;92;92040;2;1;1.0;6.0;48,83041600;2,28009500;
202300033271.0;1;92;92036;2;1;1.0;2.0;48,92523900;2,32105000;
202300033272.0;1;57;57463;1;1;8.0;2.0;49,08935000;6,22680000;
202300033273.0;5;33;33249;1;1;2.0;4.0;44,87836000; -0,50928000;
202300033274.0;1;33;33397;1;1;4.0;2.0;44,92285800; -0,47430600;
202300033275.0;1;33;33550;1;1;2.0;3.0;44,77258000; -0,55556000;
202300033276.0;1;91;91363;1;1;1.0;2.0;48,64617000;2,19207000;
202300033277.0;3;78;78043;1;1;1.0;2.0;48,84212500;2,09337000;
202300033278.0;3;95;95212;1;1;2.0;6.0;49,02886200;2,53824200;
202300033279.0;1;93;93064;1;1;1.0;2.0;48,88604000;2,47307000;
202300033280.0;2;02;02722;2;6;1.0;6.0;49,37660000;3,32974000;
202300033281.0;1;64;64445;2;1;3.0;6.0;43,29743904; -0,35898238;
202300033282.0;1;62;62041;2;1;2.0;3.0;50,29066100;2,75766000;
202300033283.0;2;974;97416;1;1;1.0;4.0; -21,31177000;55,49570000;
202300033284.0;1;974;97411;1;1;1.0;3.0; -20,89325272;55,37836522;
202300033285.0;1;973;97302;2;2;1.0;3.0;4,94235483; -52,32242256;
202300033286.0;1;973;97302;2;3;8.0;3.0;4,93464494; -52,32125580;
202300033287.0;4;973;97302;1;1;2.0;6.0;4,92345000; -52,32961000;
202300033288.0;1;69;69034;2;1;8.0;3.0;45,79124000;4,86229000;
202300033289.0;4;69;69081;2;1;2.0;3.0;45,77623000;4,77881000;
202300033290.0;5;69;69149;2;3;3.0;6.0;45,72029000;4,81099000;
202300033291.0;1;971;97113;1;1;1.0;2.0;16,21776000; -61,49077000;
202300033292.0;1;971;97113;1;1;1.0;3.0;16,20760000; -61,45709000;
202300033293.0;4;91;91161;2;1;2.0;1.0;48,71217000;2,30770000;
202300033294.0;3;91;91064;2;1;1.0;6.0;48,75647000;2,20964000;
202300033295.0;5;91;91161;2;3;2.0;1.0;48,69147800;2,31564400;
202300033296.0;1;91;91477;2;4;2.0;3.0;48,71399000;2,24257000;
202300033297.0;5;91;91027;2;1;2.0;6.0;48,71353000;2,37329000;
202300033298.0;1;91;91223;1;1;2.0;7.0;48,41863000;2,17762000;
202300033299.0;5;87;87085;2;1;2.0;3.0;45,80335000;1,27776000;
202300033300.0;1;84;84007;2;1;2.0;6.0;43,94553000;4,84179000;
202300033301.0;5;78;78440;2;3;1.0;3.0;48,98384800;1,91163100;
202300033302.0;4;76;76165;2;2;1.0;6.0;49,28712000;1,01990000;
202300033303.0;5;69;69259;2;3;3.0;3.0;45,71308800;4,87682725;
202300033304.0;1;69;69091;2;1;1.0;6.0;45,59675000;4,76909000;
202300033305.0;1;62;62119;2;1;1.0;6.0;50,51385247;2,64861131;
202300033306.0;5;59;59599;2;1;1.0;6.0;50,72054000;3,15886000;
202300033307.0;5;59;59527;2;1;1.0;1.0;50,66138000;3,05028000;
202300033308.0;2;59;59507;2;1;3.0;1.0;50,60709000;3,07660000;
202300033309.0;3;57;57666;2;1;2.0;6.0;49,34580000;6,12201000;
202300033310.0;1;56;56260;2;6;8.0;3.0;47,63851100; -2,76761100;
202300033311.0;5;54;54174;2;3;3.0;6.0;48,67097600;5,87202100;
202300033312.0;1;54;54575;1;1;1.0;6.0;49,46189469;5,85342812;
202300033313.0;5;54;54323;2;3;2.0;6.0;49,51849000;5,75856000;
202300033314.0;5;54;54159;2;3;6.0;6.0;48,61443000;6,35957000;
202300033315.0;5;49;49007;2;1;2.0;6.0;47,49133121; -0,52189350;
202300033316.0;1;49;49007;2;1;2.0;3.0;47,48953000; -0,55685000;
202300033317.0;2;94;94028;2;3;1.0;3.0;48,80107754;2,46425003;
202300033318.0;1;93;93066;2;1;1.0;4.0;48,93118000;2,34978000;
202300033319.0;1;93;93001;2;1;1.0;1.0;48,91804283;2,37903730;
202300033320.0;1;92;92002;2;1;3.0;6.0;48,76277000;2,30431000;
202300033321.0;3;13;13026;1;1;1.0;5.0;43,37852000;5,16899000;
202300033322.0;1;13;13210;1;1;1.0;2.0;43,28893000;5,42469000;
202300033323.0;2;13;13071;1;1;1.0;2.0;43,41103000;5,28361000;
202300033324.0;2;69;69382;1;1;1.0;6.0;45,75106470;4,82225785;
202300033325.0;1;94;94038;1;1;1.0;5.0;48,78982766;2,34470638;
202300033326.0;5;94;94043;1;1;1.0;4.0;48,80662035;2,34623432;
202300033327.0;1;92;92036;1;1;3.0;2.0;48,93721944;2,31700839;
202300033328.0;3;78;78646;1;1;1.0;6.0;48,78658700;2,15167700;
202300033329.0;1;78;78640;1;1;2.0;6.0;48,77737900;2,22349000;
202300033330.0;1;93;93078;1;1;2.0;6.0;48,96300436;2,52239723;
202300033331.0;2;93;93048;1;1;2.0;3.0;48,86629000;2,48165000;
202300033332.0;3;94;94069;1;1;2.0;2.0;48,81737044;2,42861395;
202300033333.0;3;77;77363;1;1;2.0;2.0;48,92741800;2,62839500;
202300033334.0;1;43;43041;2;1;1.0;6.0;45,04953000;3,91241000;
202300033335.0;1;987;98735;2;2;1.0;1.0;17,32000000;149,33000000;
202300033336.0;5;976;97611;2;1;1.0;3.0; -12,76700000;45,22469000;
202300033337.0;1;974;97416;1;1;1.0;6.0; -21,32880000;55,49515000;
202300033338.0;2;974;97416;1;1;1.0;7.0; -21,31650000;55,45351000;
202300033339.0;3;974;97416;1;1;1.0;4.0; -21,29935737;55,43667912;
202300033340.0;1;974;97409;2;1;1.0;3.0; -20,95086271;55,66050053;
202300033341.0;5;974;97409;2;1;1.0;3.0; -20,92803000;55,65641000;
202300033342.0;1;973;97302;2;3;1.0;3.0;4,94178000; -52,30412000;
202300033343.0;1;973;97302;2;1;1.0;3.0;4,92816644; -52,30393410;
202300033344.0;1;69;69386;2;2;1.0;3.0;45,76363963;4,84830749;
202300033345.0;1;972;97213;1;2;1.0;3.0;14,62124000; -60,98820000;
202300033346.0;1;972;97209;1;1;2.0;6.0;14,65049000; -61,07353000;
202300033347.0;1;69;69385;2;1;1.0;1.0;45,75080000;4,81540000;
202300033348.0;1;69;69034;1;4;1.0;1.0;45,78330611;4,83312023;
202300033349.0;5;69;69382;2;1;1.0;1.0;45,75771000;4,83510000;
202300033350.0;1;971;97113;1;1;1.0;2.0;16,21690000; -61,48230000;
202300033351.0;5;971;97105;2;1;1.0;6.0;16,00627000; -61,73955000;
202300033352.0;1;85;85194;2;2;1.0;3.0;46,50276000; -1,79819000;
202300033353.0;3;81;81144;1;2;1.0;3.0;43,96088000;2,17036000;
202300033354.0;1;78;78238;1;1;1.0;1.0;48,97669200;1,86129400;
202300033355.0;3;77;77294;1;3;1.0;3.0;48,99123000;2,59927000;
202300033356.0;1;77;77449;1;1;2.0;6.0;48,85939000;2,79471000;
202300033357.0;1;76;76540;2;2;1.0;3.0;49,43685000;1,08750000;
202300033358.0;5;76;76351;2;3;1.0;6.0;49,49328000;0,15163000;
202300033359.0;5;76;76447;2;1;1.0;1.0;49,54054000;0,17353000;
202300033360.0;2;76;76384;2;9;8.0;7.0;49,51488000;0,53310000;
202300033361.0;1;76;76114;2;1;1.0;2.0;49,57763000;0,47181000;
202300033362.0;1;71;71306;2;2;1.0;3.0;46,69368000;4,36364000;
202300033363.0;1;71;71486;2;1;1.0;7.0;46,66633000;4,38181000;
202300033364.0;1;69;69256;2;1;1.0;6.0;45,74462056;4,93246302;
202300033365.0;1;69;69264;2;6;1.0;1.0;45,99821000;4,73941000;
202300033366.0;1;68;68066;2;6;7.0;3.0;48,07493000;7,32973000;
202300033367.0;1;67;67218;2;1;1.0;4.0;48,54180000;7,73986000;
202300033368.0;5;67;67482;2;2;1.0;3.0;48,57167000;7,75057000;
202300033369.0;5;64;64445;2;2;1.0;3.0;43,29886000; -0,37497000;
202300033370.0;4;64;64024;2;1;1.0;1.0;43,48881000; -1,51955000;
202300033371.0;2;64;64102;2;1;1.0;3.0;43,48515000; -1,49403000;
202300033372.0;1;63;63113;2;1;1.0;2.0;45,78071826;3,10952783;
202300033373.0;1;61;61391;2;6;1.0;3.0;48,77308900; -0,56925100;
202300033374.0;1;59;59650;2;2;2.0;3.0;50,71015000;3,19761000;
202300033375.0;1;54;54395;2;2;1.0;6.0;48,69107127;6,17518008;
202300033376.0;1;51;51454;2;3;1.0;3.0;49,24080000;4,05293000;
202300033377.0;1;51;51454;2;3;8.0;3.0;49,24080000;4,05293000;
202300033378.0;1;51;51108;2;3;1.0;3.0;48,95599000;4,35922000;
202300033379.0;5;49;49007;2;1;1.0;3.0;47,44857000; -0,52969000;
202300033380.0;1;49;49007;2;2;1.0;7.0;47,44870000; -0,53672000;
202300033381.0;1;49;49007;2;7;2.0;3.0;47,47430000; -0,56715000;
202300033382.0;1;49;49007;2;1;1.0;7.0;47,46980000; -0,58947000;
202300033383.0;1;49;49007;2;2;2.0;6.0;47,46801000; -0,53704000;
202300033384.0;1;49;49007;2;6;2.0;3.0;47,49236000; -0,55054000;
202300033385.0;3;47;47001;1;1;2.0;7.0;44,22326000;0,61568000;
202300033386.0;1;47;47001;2;6;1.0;3.0;44,20876000;0,62790000;
202300033387.0;1;47;47001;2;4;1.0;3.0;44,19086000;0,61663000;
202300033388.0;1;45;45234;2;2;1.0;3.0;47,91467091;1,92373180;
202300033389.0;3;41;41295;1;1;1.0;6.0;47,58273000;1,36610000;
202300033390.0;4;39;39198;2;1;1.0;3.0;47,08612800;5,50174700;
202300033391.0;1;38;38185;2;2;2.0;3.0;45,16183000;5,71571000;
202300033392.0;1;38;38185;2;1;1.0;6.0;45,18559000;5,73064000;
202300033393.0;1;38;38421;2;3;1.0;3.0;45,17283000;5,75864000;
202300033394.0;1;37;37261;2;1;1.0;6.0;47,38220000;0,67700000;
202300033395.0;1;34;34032;2;1;1.0;6.0;43,34716000;3,21857000;
202300033396.0;1;34;34003;2;1;1.0;3.0;43,28108200;3,49343500;
202300033397.0;1;34;34003;1;1;1.0;2.0;43,29750000;3,47783000;
202300033398.0;1;33;33032;1;6;1.0;3.0;44,91923963; -0,54389030;
202300033399.0;1;33;33529;2;3;1.0;5.0;44,63441900; -1,20247100;
202300033400.0;1;33;33529;1;1;1.0;6.0;44,63350779; -1,18222386;
202300033401.0;5;31;31555;2;1;8.0;1.0;43,59005000;1,41573000;
202300033402.0;1;29;29232;1;1;2.0;6.0;47,98149755; -4,12038991;
202300033403.0;1;29;29232;1;1;1.0;3.0;47,99039900; -4,07394000;
202300033404.0;1;29;29232;1;1;1.0;7.0;47,99168000; -4,04373700;
202300033405.0;1;29;29019;2;1;1.0;3.0;48,41208995; -4,46849450;
202300033406.0;1;28;28085;2;1;1.0;6.0;48,44971000;1,51548000;
202300033407.0;3;22;22360;1;1;1.0;6.0;48,48931000; -2,76690000;
202300033408.0;1;19;19031;2;1;1.0;2.0;45,16470000;1,51287000;
202300033409.0;1;17;17300;2;1;1.0;3.0;46,16896000; -1,17660000;
202300033410.0;1;17;17300;2;1;1.0;6.0;46,16883500; -1,11971400;
202300033411.0;1;17;17299;2;1;1.0;3.0;45,94042300; -0,97171800;
202300033412.0;1;16;16089;2;1;1.0;6.0;45,68014000; -0,32839000;
202300033413.0;1;14;14118;2;2;1.0;3.0;49,18831000; -0,35981000;
202300033414.0;1;13;13103;1;1;1.0;1.0;43,64000000;4,97838000;
202300033415.0;1;13;13207;2;1;1.0;6.0;43,28879618;5,36043136;
202300033416.0;5;13;13210;2;3;1.0;3.0;43,28165000;5,42759000;
202300033417.0;1;13;13208;2;1;1.0;6.0;43,24384000;5,37072000;
202300033418.0;1;13;13213;2;1;1.0;4.0;43,32392000;5,44547000;
202300033419.0;5;13;13215;2;1;1.0;6.0;43,34994000;5,37500000;
202300033420.0;2;13;13203;2;2;1.0;2.0;43,31029000;5,38540000;
202300033421.0;1;13;13211;2;4;1.0;1.0;43,29375000;5,45660000;
202300033422.0;1;13;13208;2;1;1.0;3.0;43,23973000;5,36264000;
202300033423.0;1;13;13215;2;1;1.0;3.0;43,33342775;5,35847623;
202300033424.0;1;13;13209;2;2;1.0;2.0;43,26423000;5,39896000;
202300033425.0;1;13;13213;2;2;1.0;3.0;43,33755000;5,42090000;
202300033426.0;1;13;13047;1;1;1.0;1.0;43,58277424;4,98536825;
202300033427.0;1;13;13005;1;1;1.0;3.0;43,27268000;5,59006000;
202300033428.0;1;13;13005;2;1;1.0;3.0;43,29962000;5,56949000;
202300033429.0;1;13;13005;1;9;1.0;3.0;43,26714000;5,58786000;
202300033430.0;1;13;13005;2;1;1.0;3.0;43,28501000;5,59180000;
202300033431.0;5;10;10333;1;9;1.0;3.0;48,27882000;4,04089000;
202300033432.0;5;10;10333;2;1;1.0;5.0;48,27458000;4,05909000;
202300033433.0;1;07;07019;1;1;1.0;1.0;44,61507000;4,40854000;
202300033434.0;1;06;06088;2;4;1.0;6.0;43,69766200;7,23078700;
202300033435.0;3;06;06088;1;9;1.0;6.0;43,69142000;7,30309000;
202300033436.0;1;06;06123;1;1;1.0;2.0;43,71477000;7,18280000;
202300033437.0;1;02;02408;2;6;1.0;2.0;49,56864000;3,64677000;
202300033438.0;1;75;75117;2;1;3.0;7.0;48,88261200;2,28349700;
202300033439.0;1;75;75115;2;1;3.0;7.0;48,83479937;2,26808667;
202300033440.0;1;75;75112;2;1;1.0;7.0;48,82758100;2,39214500;
202300033441.0;1;75;75113;2;7;1.0;3.0;48,83272400;2,36220800;
202300033442.0;1;75;75106;2;2;2.0;3.0;48,84825300;2,33104700;
202300033443.0;1;75;75105;2;3;2.0;3.0;48,85264100;2,34764100;
202300033444.0;1;75;75116;2;2;1.0;3.0;48,85110900;2,27234400;
202300033445.0;1;75;75114;2;1;2.0;6.0;48,83448300;2,33433000;
202300033446.0;1;75;75114;2;2;1.0;4.0;48,83761800;2,32294700;
202300033447.0;1;75;75110;2;2;2.0;6.0;48,87577500;2,34822600;
202300033448.0;1;75;75109;2;2;1.0;6.0;48,87462400;2,33136000;
202300033449.0;1;94;94058;2;1;2.0;6.0;48,83722500;2,49558200;
202300033450.0;1;94;94046;2;2;2.0;3.0;48,81173300;2,45413700;
202300033451.0;1;94;94011;2;6;2.0;3.0;48,76315000;2,47897100;
202300033452.0;1;94;94079;2;3;2.0;6.0;48,83154000;2,53418000;
202300033453.0;1;94;94017;2;3;2.0;5.0;48,82123000;2,48796000;
202300033454.0;1;94;94017;2;3;1.0;2.0;48,82746000;2,52208000;
202300033455.0;1;95;95527;1;1;3.0;2.0;49,00085617;2,52058178;
202300033456.0;1;93;93032;2;3;2.0;3.0;48,87226727;2,54708469;
202300033457.0;2;93;93049;2;1;3.0;6.0;48,86460544;2,50112750;
202300033458.0;1;93;93046;2;1;8.0;3.0;48,93298000;2,56114000;
202300033459.0;1;93;93063;2;9;2.0;3.0;48,89637647;2,43055828;
202300033460.0;1;92;92072;2;1;2.0;6.0;48,82812851;2,22600442;
202300033461.0;1;92;92064;2;1;1.0;6.0;48,85146101;2,21314682;
202300033462.0;1;92;92049;2;5;2.0;3.0;48,81984168;2,31084967;
202300033463.0;1;92;92044;2;2;2.0;2.0;48,89706659;2,28930250;
202300033464.0;5;92;92004;2;2;1.0;2.0;48,91130838;2,29871696;
202300033465.0;1;60;60160;1;1;1.0;6.0;49,61700200;2,72330900;
202300033466.0;1;33;33040;2;1;1.0;1.0;44,65471800; -0,31863600;
202300033467.0;1;28;28031;1;1;1.0;2.0;48,22407900;0,97135700;
202300033468.0;1;972;97222;1;1;3.0;5.0;14,66775400; -60,96356400;
202300033469.0;1;76;76616;1;9;8.0;7.0;49,54303900;0,23907100;
202300033470.0;1;86;86165;2;1;1.0;7.0;46,42724500;0,87027300;
202300033471.0;2;68;68315;2;1;1.0;7.0;47,89884400;7,22079100;
202300033472.0;1;62;62527;1;1;3.0;1.0;50,52623100;1,76445400;
202300033473.0;1;83;83116;2;6;1.0;6.0;43,45855400;5,86404900;
202300033474.0;1;62;62080;2;1;2.0;2.0;50,10480179;2,86194155;
202300033475.0;1;56;56129;1;1;1.0;6.0;48,13285000; -2,47302900;
202300033476.0;1;75;75118;2;2;2.0;6.0;48,89301500;2,32743500;
202300033477.0;1;79;79050;1;1;3.0;7.0;46,87079800; -0,60394800;
202300033478.0;1;75;75117;2;1;3.0;3.0;48,88617300;2,29732800;
202300033479.0;1;33;33108;2;4;1.0;2.0;44,85431000; -0,04184800;
202300033480.0;3;32;32235;1;1;1.0;6.0;43,72417000;0,11924000;
202300033481.0;2;12;12231;1;1;7.0;2.0;44,01972700;3,34625700;
202300033482.0;5;75;75117;2;2;1.0;3.0;48,88446100;2,31952300;
202300033483.0;1;12;12103;1;1;1.0;7.0;44,63179500;2,67040700;
202300033484.0;5;75;75117;2;5;1.0;7.0;48,88522000;2,30721100;
202300033485.0;2;47;47195;2;3;1.0;2.0;44,13474000;0,33861300;
202300033486.0;5;75;75117;2;1;1.0;2.0;48,88573500;2,29916700;
202300033487.0;1;34;34284;1;9;1.0;1.0;43,46394600;2,75857700;
202300033488.0;1;68;68212;1;1;1.0;7.0;47,49679200;7,25232800;
202300033489.0;1;75;75116;2;3;1.0;3.0;48,85827600;2,25567700;
202300033490.0;1;25;25410;2;1;1.0;1.0;47,22569200;6,06646500;
202300033491.0;1;75;75116;2;2;1.0;3.0;48,86506900;2,28606900;
202300033492.0;1;44;44137;1;1;2.0;7.0;47,34451500; -2,00982200;
202300033493.0;1;02;02401;2;4;2.0;6.0;49,86069800;3,85277000;