Num_Acc;lum;departement;commune;agglomeration;intersection;meteo;type_collision;lat;long;date
202300033494.0;1;75;75116;2;2;1.0;3.0;48,87252200;2,26442500;
202300033495.0;3;58;58177;1;1;8.0;6.0;47,14424800;3,86444600;
202300033496.0;1;54;54222;1;1;1.0;6.0;48,51964243;6,47726655;
202300033497.0;1;06;06042;1;9;1.0;3.0;43,98483600;7,13705100;
202300033498.0;1;75;75114;2;4;1.0;3.0;48,82877800;2,32770400;
202300033499.0;1;06;06071;2;3;1.0;6.0;44,09538300;6,92905200;
202300033500.0;1;06;06148;1;1;1.0;7.0;43,71786300;7,06942000;
202300033501.0;5;75;75112;2;3;1.0;3.0;48,84483600;2,38044400;
202300033502.0;1;14;14494;1;1;1.0;6.0;49,26181100; -0,09463900;
202300033503.0;5;75;75111;2;4;1.0;1.0;48,85735400;2,38083900;
202300033504.0;3;83;83056;1;1;1.0;3.0;43,55067500;6,53003600;
202300033505.0;1;18;18210;2;5;2.0;7.0;47,22660300;1,93646900;
202300033506.0;1;75;75107;2;3;3.0;3.0;48,85392500;2,31030500;
202300033507.0;1;18;18235;1;1;1.0;1.0;47,16135700;2,56763000;
202300033508.0;1;75;75107;2;3;1.0;6.0;48,84981300;2,32328900;
202300033509.0;2;43;43184;1;9;1.0;2.0;45,34195100;4,27256600;
202300033510.0;1;43;43113;1;3;1.0;3.0;44,99625100;3,99358400;
202300033511.0;5;75;75104;2;3;1.0;3.0;48,85398200;2,36478500;
202300033512.0;1;10;10268;1;1;1.0;3.0;48,48313800;3,48953800;
202300033513.0;1;16;16070;2;1;1.0;6.0;45,87666300;0,72103000;
202300033514.0;1;07;07017;1;1;1.0;6.0;44,42298800;4,17819000;
202300033515.0;5;94;94080;2;2;2.0;1.0;48,84518900;2,43155800;
202300033516.0;1;30;30152;1;3;1.0;3.0;44,24341400;4,17850300;
202300033517.0;3;08;08250;1;1;8.0;6.0;49,37012700;4,57464700;
202300033518.0;2;88;88499;1;1;1.0;6.0;48,26025900;6,17709000;
202300033519.0;1;94;94080;2;2;1.0;3.0;48,84332000;2,43199100;
202300033520.0;5;06;06085;2;6;1.0;1.0;43,58559800;7,00632700;
202300033521.0;1;39;39150;1;1;1.0;2.0;47,06279900;5,43750300;
202300033522.0;1;94;94080;2;2;1.0;3.0;48,84460000;2,43949000;
202300033523.0;3;40;40035;1;1;1.0;6.0;43,62865300; -1,04591300;
202300033524.0;1;57;57606;1;9;2.0;3.0;49,13586300;6,70253500;
202300033525.0;5;94;94017;2;4;2.0;1.0;48,82776179;2,51117709;
202300033526.0;1;44;44204;2;1;1.0;6.0;47,27388000; -1,44489000;
202300033527.0;1;11;11262;1;1;1.0;5.0;43,15829800;2,98873200;
202300033528.0;1;94;94043;2;1;1.0;6.0;48,81015000;2,36228000;
202300033529.0;1;987;98740;1;1;1.0;3.0; -15,36400000; -147,96400000;
202300033530.0;1;56;56178;2;3;1.0;3.0;48,03762800; -2,96245700;
202300033531.0;3;78;78564;1;1;1.0;7.0;48,52206200;1,90817700;
202300033532.0;1;94;94038;2;1;2.0;4.0;48,77902000;2,34088000;
202300033533.0;1;60;60367;1;1;1.0;1.0;49,26088211;1,90565479;
202300033534.0;1;59;59343;1;1;1.0;7.0;50,60020000;3,13049000;
202300033535.0;2;94;94028;2;1;2.0;6.0;48,77007600;2,46256200;
202300033536.0;1;62;62498;1;1;1.0;2.0;50,44779771;2,83733886;
202300033537.0;5;987;98724;2;1;1.0;6.0; -16,75200000; -150,99700000;
202300033538.0;1;94;94028;2;1;8.0;6.0;48,79836000;2,44580000;
202300033539.0;2;91;91228;1;1;1.0;4.0;48,62471000;2,41819000;
202300033540.0;1;974;97420;2;1;1.0;6.0; -20,92774800;55,63309200;
202300033541.0;2;91;91136;1;1;1.0;7.0;48,70530000;2,28713000;
202300033542.0;1;94;94018;2;1;1.0;3.0;48,81866810;2,40996015;
202300033543.0;3;92;92002;1;1;1.0;2.0;48,72945700;2,30678800;
202300033544.0;3;91;91161;1;1;1.0;7.0;48,69724000;2,31525000;
202300033545.0;1;78;78362;1;1;1.0;3.0;48,97644000;1,72009000;
202300033546.0;1;94;94069;2;1;2.0;5.0;48,81643500;2,46011400;
202300033547.0;3;78;78402;1;1;1.0;3.0;48,96507900;1,76432800;
202300033548.0;5;94;94017;2;6;8.0;3.0;48,80821269;2,55409357;
202300033549.0;5;93;93073;2;1;2.0;6.0;49,00933000;2,56154000;
202300033550.0;1;78;78043;1;1;1.0;2.0;48,83171500;2,08306700;
202300033551.0;1;93;93066;2;3;8.0;6.0;48,94606000;2,34796000;
202300033552.0;1;93;93048;1;1;1.0;4.0;48,86523057;2,48172641;
202300033553.0;1;93;93066;2;2;1.0;6.0;48,94346000;2,37233000;
202300033554.0;1;93;93074;1;1;1.0;6.0;48,93375000;2,58513000;
202300033555.0;1;95;95582;1;1;1.0;7.0;48,96810406;2,25241184;
202300033556.0;1;93;93008;2;1;8.0;6.0;48,90994900;2,44400300;
202300033557.0;5;69;69383;2;1;1.0;2.0;45,75387000;4,88788000;
202300033558.0;1;93;93005;2;1;2.0;2.0;48,92933000;2,51119000;
202300033559.0;1;22;22360;2;1;1.0;6.0;48,49018000; -2,73766000;
202300033560.0;5;92;92078;2;2;2.0;6.0;48,93558002;2,32871300;
202300033561.0;5;94;94067;2;2;1.0;6.0;48,83891600;2,41747200;
202300033562.0;1;92;92063;2;9;1.0;6.0;48,85967167;2,18128324;
202300033563.0;5;93;93066;2;2;1.0;6.0;48,91833000;2,35727000;
202300033564.0;1;92;92049;2;2;2.0;3.0;48,81813530;2,30851167;
202300033565.0;1;971;97104;2;6;8.0;6.0;16,01279537; -61,74609303;
202300033566.0;5;974;97416;2;1;1.0;6.0; -21,34244000;55,47685000;
202300033567.0;1;92;92025;2;1;2.0;3.0;48,92348245;2,25734782;
202300033568.0;1;973;97302;2;3;3.0;7.0;4,92617709; -52,31361830;
202300033569.0;5;75;75113;2;1;1.0;2.0;48,82584200;2,38231400;
202300033570.0;5;92;92060;2;2;1.0;3.0;48,78226632;2,25319648;
202300033571.0;1;69;69387;2;1;1.0;2.0;45,74330000;4,84769000;
202300033572.0;5;92;92012;2;1;2.0;7.0;48,83904490;2,22412348;
202300033573.0;1;75;75119;2;3;2.0;6.0;48,88429300;2,36765500;
202300033574.0;1;92;92007;2;2;1.0;6.0;48,79622305;2,32176125;
202300033575.0;2;95;95268;2;1;1.0;3.0;48,96277000;2,41824000;
202300033576.0;5;75;75108;2;2;1.0;5.0;48,87866900;2,30085400;
202300033577.0;5;92;92014;2;1;1.0;2.0;48,78175000;2,31443000;
202300033578.0;1;75;75105;2;2;1.0;2.0;48,85139700;2,34317500;
202300033579.0;1;60;60179;1;2;2.0;2.0;49,58296300;2,50022600;
202300033580.0;1;91;91471;2;3;1.0;6.0;48,69800000;2,18600000;
202300033581.0;1;75;75118;2;2;1.0;3.0;48,89309200;2,34021900;
202300033582.0;1;976;97610;2;1;1.0;6.0; -12,73595800;45,20516800;
202300033583.0;1;75;75117;2;2;1.0;6.0;48,89445200;2,31345700;
202300033584.0;1;47;47145;1;1;1.0;1.0;44,13961041;0,65109683;
202300033585.0;1;91;91286;2;1;1.0;6.0;48,65281800;2,38883700;
202300033586.0;1;54;54037;1;2;1.0;6.0;48,59047904;6,24390364;
202300033587.0;1;75;75117;2;3;1.0;3.0;48,89640623;2,31033683;
202300033588.0;1;85;85191;2;1;1.0;6.0;46,66061600; -1,41124820;
202300033589.0;5;75;75116;2;5;2.0;3.0;48,86456100;2,30128300;
202300033590.0;1;14;14689;1;3;2.0;6.0;48,97974500; -0,52628200;
202300033591.0;4;31;31454;2;1;3.0;6.0;43,41216700;1,11770300;
202300033592.0;1;75;75114;2;3;1.0;3.0;48,81970200;2,34281500;
202300033593.0;1;78;78440;2;2;1.0;2.0;48,97586900;1,91580700;
202300033594.0;3;51;51147;1;4;2.0;1.0;49,04578700;4,50546200;
202300033595.0;1;75;75115;2;1;2.0;2.0;48,84136500;2,31850700;
202300033596.0;2;60;60637;1;1;1.0;7.0;49,15645000;3,01214200;
202300033597.0;1;75;75113;2;7;1.0;2.0;48,83186900;2,35526600;
202300033598.0;2;76;76561;2;2;1.0;3.0;49,30230000;1,03446000;
202300033599.0;3;22;22193;1;1;1.0;6.0;48,44235162; -2,47904811;
202300033600.0;1;75;75113;2;4;2.0;3.0;48,83982900;2,36166700;
202300033601.0;2;24;24053;1;1;2.0;6.0;45,13523700;0,75183400;
202300033602.0;5;75;75120;2;2;8.0;3.0;48,85352600;2,41079100;
202300033603.0;1;19;19083;1;1;2.0;6.0;45,65184732;2,52223241;
202300033604.0;1;80;80208;1;1;1.0;7.0;50,18420500;2,05458800;
202300033605.0;1;75;75110;2;3;1.0;6.0;48,87857500;2,35054500;
202300033606.0;2;70;70550;2;9;1.0;6.0;47,62380000;6,15990000;
202300033607.0;1;75;75108;2;2;1.0;6.0;48,87517900;2,32382100;
202300033608.0;1;89;89197;1;2;2.0;3.0;47,52144700;4,06264500;
202300033609.0;5;69;69275;2;1;1.0;6.0;45,77135000;4,94880000;
202300033610.0;1;75;75108;2;3;4.0;3.0;48,88088900;2,31759000;
202300033611.0;1;49;49069;2;2;1.0;3.0;47,35748800; -1,17412400;
202300033612.0;1;75;75104;2;1;1.0;7.0;48,85402200;2,35500500;
202300033613.0;2;62;62540;1;1;1.0;6.0;50,45680000;2,57482000;
202300033614.0;5;49;49218;2;9;1.0;3.0;47,26362500; -1,04203800;
202300033615.0;1;75;75104;2;3;2.0;6.0;48,85325400;2,36859000;
202300033616.0;1;46;46283;2;6;2.0;6.0;44,97755000;1,68886900;
202300033617.0;1;60;60414;2;1;1.0;6.0;49,25660000;2,43436000;
202300033618.0;1;94;94042;2;9;1.0;3.0;48,82026662;2,47331402;
202300033619.0;2;41;41214;2;1;2.0;6.0;47,92587100;1,20506000;
202300033620.0;1;46;46042;2;3;1.0;3.0;44,44938876;1,44306965;
202300033621.0;1;86;86281;1;1;1.0;7.0;46,70473200;0,23489300;
202300033622.0;1;94;94076;2;3;1.0;2.0;48,79689000;2,34996000;
202300033623.0;2;35;35238;2;1;1.0;6.0;48,09051000; -1,65396000;
202300033624.0;1;22;22232;1;1;8.0;6.0;48,64589200; -2,86071900;
202300033625.0;1;94;94041;2;1;1.0;3.0;48,80367200;2,39594200;
202300033626.0;3;38;38175;1;1;3.0;6.0;45,25962600;5,91246600;
202300033627.0;1;35;35238;2;1;1.0;6.0;48,10579000; -1,67105000;
202300033628.0;1;94;94028;2;1;1.0;3.0;48,78656343;2,44746557;
202300033629.0;3;33;33281;2;1;1.0;6.0;44,83506000; -0,61858000;
202300033630.0;1;15;15040;1;1;8.0;3.0;45,38719400;2,81826100;
202300033631.0;1;94;94077;2;1;1.0;2.0;48,73097000;2,43577000;
202300033632.0;5;33;33192;2;1;1.0;6.0;44,77591000; -0,59135000;
202300033633.0;3;72;72028;1;2;2.0;3.0;47,76320700;0,35466300;
202300033634.0;5;93;93078;2;3;1.0;3.0;48,96226000;2,54080000;
202300033635.0;3;18;18183;2;1;2.0;6.0;46,80213100;2,64944300;
202300033636.0;1;33;33162;2;2;1.0;3.0;44,87850000; -0,64140000;
202300033637.0;5;93;93066;2;2;1.0;6.0;48,94191300;2,34167700;
202300033638.0;1;43;43239;2;1;1.0;7.0;45,09299700;3,62630400;
202300033639.0;1;33;33529;2;1;1.0;6.0;44,63169000; -1,15095000;
202300033640.0;1;93;93077;2;3;1.0;3.0;48,87728000;2,52395000;
202300033641.0;3;85;85128;2;1;8.0;6.0;46,45966000; -1,14124910;
202300033642.0;2;93;93051;2;1;1.0;3.0;48,85139000;2,57121000;
202300033643.0;1;29;29051;1;1;1.0;4.0;48,01448000; -4,00660000;
202300033644.0;1;93;93047;2;3;1.0;3.0;48,90301883;2,56218928;
202300033645.0;1;27;27385;1;1;3.0;4.0;49,34960400;0,56151500;
202300033646.0;3;28;28378;1;1;2.0;6.0;48,27037600;0,87538700;
202300033647.0;1;93;93007;2;3;1.0;3.0;48,94502925;2,43523023;
202300033648.0;5;28;28140;2;1;1.0;6.0;48,60649100;1,67045000;
202300033649.0;1;93;93001;2;1;1.0;6.0;48,91538504;2,37841424;
202300033650.0;1;92;92075;2;1;1.0;7.0;48,82008000;2,28607000;
202300033651.0;3;68;68375;2;3;3.0;1.0;47,78751800;7,22535100;
202300033652.0;5;25;25056;2;1;1.0;3.0;47,22965500;5,99143900;
202300033653.0;1;92;92046;2;3;1.0;3.0;48,81296829;2,29310900;
202300033654.0;3;01;01031;1;1;2.0;2.0;46,25249400;5,62682400;
202300033655.0;1;92;92073;2;1;1.0;6.0;48,87067000;2,22007000;
202300033656.0;1;971;97112;2;1;2.0;2.0;15,88262900; -61,30839900;
202300033657.0;3;92;92024;2;9;1.0;3.0;48,90299785;2,31286749;
202300033658.0;1;45;45284;1;1;1.0;6.0;47,91829800;2,00539100;
202300033659.0;2;92;92002;2;1;1.0;2.0;48,74612000;2,31382000;
202300033660.0;1;95;95610;1;9;3.0;6.0;49,09987787;1,89621449;
202300033661.0;1;34;34154;2;2;1.0;6.0;43,61560700;4,01231100;
202300033662.0;3;24;24540;1;1;2.0;1.0;45,30746300;0,86448700;
202300033663.0;1;17;17415;1;1;1.0;4.0;45,72259000; -0,65275000;
202300033664.0;2;47;47015;1;1;1.0;7.0;44,05654600;0,63711100;
202300033665.0;3;06;06078;1;1;1.0;5.0;43,91186600;7,18220800;
202300033666.0;1;13;13085;1;1;1.0;7.0;43,25445500;5,58791000;
202300033667.0;1;45;45187;1;1;1.0;6.0;47,87092924;2,48622205;
202300033668.0;1;13;13019;1;1;2.0;1.0;43,43157000;5,36664000;
202300033669.0;1;89;89189;1;1;1.0;6.0;48,29010300;3,26577200;
202300033670.0;1;10;10142;1;1;1.0;1.0;48,27194000;3,79069100;
202300033671.0;2;71;71491;1;1;2.0;6.0;46,40795600;4,09220900;
202300033672.0;1;68;68381;1;3;2.0;7.0;47,87974000;7,21217600;
202300033673.0;4;68;68063;2;2;3.0;6.0;47,81042400;7,16856800;
202300033674.0;3;68;68260;1;1;1.0;7.0;47,88337000;7,29449300;
202300033675.0;5;75;75113;2;3;1.0;3.0;48,82579300;2,35742200;
202300033676.0;3;54;54063;1;1;3.0;7.0;48,83798661;5,83956599;
202300033677.0;1;44;44138;1;1;1.0;2.0;47,49617600; -1,63833000;
202300033678.0;3;54;54377;1;1;1.0;2.0;48,50707678;6,79902434;
202300033679.0;1;12;12270;1;1;4.0;5.0;44,35980948;3,11655325;
202300033680.0;3;38;38349;1;3;3.0;3.0;45,33922100;4,78041500;
202300033681.0;1;75;75111;2;9;1.0;2.0;48,85547900;2,38183200;
202300033682.0;1;41;41010;1;1;1.0;5.0;47,83636400;0,99385500;
202300033683.0;3;38;38415;1;1;1.0;1.0;45,62881200;5,25558500;
202300033684.0;1;19;19123;2;1;3.0;7.0;45,16871800;1,55842800;
202300033685.0;2;46;46174;1;1;5.0;1.0;44,65218461;2,11740017;
202300033686.0;1;75;75112;2;2;1.0;1.0;48,83494000;2,41984000;
202300033687.0;1;76;76360;1;1;3.0;3.0;49,74822200;1,08541500;
202300033688.0;3;17;17214;1;4;2.0;1.0;45,70218200; -0,77665800;
202300033689.0;1;94;94041;2;1;1.0;6.0;48,81371500;2,40481100;
202300033690.0;1;79;79012;2;1;2.0;2.0;46,47694800; -0,56368200;
202300033691.0;5;85;85113;2;6;1.0;7.0;46,72420500; -2,34788800;
202300033692.0;5;94;94065;2;2;1.0;6.0;48,75128000;2,35343000;
202300033693.0;1;49;49007;2;1;1.0;2.0;47,45004000; -0,55268000;
202300033694.0;1;33;33541;1;2;2.0;3.0;45,41550825; -1,03513420;
202300033695.0;3;35;35228;1;1;2.0;1.0;48,59491800; -2,05676100;
202300033696.0;1;94;94019;2;6;1.0;6.0;48,79217000;2,55545000;
202300033697.0;1;44;44184;1;6;1.0;3.0;47,26789000; -2,27812000;
202300033698.0;1;76;76638;1;2;1.0;1.0;50,00941500;1,42990100;
202300033699.0;1;76;76354;2;3;3.0;3.0;49,48460400;0,92372600;
202300033700.0;1;12;12076;1;1;2.0;6.0;44,55311200;2,41104800;
202300033701.0;1;94;94028;2;1;1.0;6.0;48,79698100;2,46384700;
202300033702.0;1;13;13026;1;1;3.0;6.0;43,38935000;5,13906000;
202300033703.0;1;37;37233;2;3;1.0;3.0;47,38723000;0,71304000;
202300033704.0;1;39;39443;1;1;1.0;1.0;46,55469700;5,59639500;
202300033705.0;1;93;93008;2;1;1.0;6.0;48,91279102;2,46993122;
202300033706.0;1;35;35278;1;1;1.0;2.0;48,14061000; -1,69045000;
202300033707.0;1;39;39240;1;1;1.0;6.0;46,61749200;5,86257900;
202300033708.0;1;93;93005;2;1;1.0;6.0;48,94983309;2,49126377;
202300033709.0;1;35;35238;2;1;1.0;6.0;48,09494516; -1,66399688;
202300033710.0;1;83;83126;1;1;1.0;4.0;43,11996038;5,86434154;
202300033711.0;1;92;92046;2;1;1.0;6.0;48,82163294;2,31301636;
202300033712.0;1;34;34172;2;1;1.0;3.0;43,62190000;3,84683000;
202300033713.0;1;01;01123;1;4;1.0;3.0;46,24631200;4,83413700;
202300033714.0;1;69;69266;1;1;2.0;2.0;45,75838000;4,90902000;
202300033715.0;3;26;26342;1;1;1.0;6.0;44,35729318;4,84215975;
202300033716.0;5;33;33063;2;1;1.0;3.0;44,83864000; -0,62031000;
202300033717.0;1;92;92064;2;2;1.0;6.0;48,84899817;2,20116824;
202300033718.0;3;69;69290;1;1;1.0;1.0;45,69136000;4,98786000;
202300033719.0;1;06;06059;1;1;1.0;7.0;43,72747600;7,35431700;
202300033720.0;1;33;33119;2;1;1.0;2.0;44,84631425; -0,53611189;
202300033721.0;1;92;92064;2;1;1.0;2.0;48,85530762;2,22291157;
202300033722.0;1;33;33550;1;1;1.0;3.0;44,77784958; -0,55851638;
202300033723.0;1;09;09145;1;1;2.0;5.0;43,07998500;1,74111800;
202300033724.0;1;77;77251;1;1;2.0;6.0;48,62178000;2,54502000;
202300033725.0;1;33;33069;2;3;1.0;3.0;44,85999000; -0,59924000;
202300033726.0;1;92;92063;2;1;1.0;1.0;48,87038894;2,19647736;
202300033727.0;1;60;60178;2;9;1.0;6.0;49,60954200;2,09557800;
202300033728.0;1;94;94021;1;1;1.0;3.0;48,76076577;2,34564162;
202300033729.0;1;92;92026;2;1;1.0;6.0;48,90205884;2,26388741;
202300033730.0;2;94;94043;1;1;1.0;3.0;48,80476702;2,34457441;
202300033731.0;1;73;73010;1;2;1.0;3.0;45,79443823;5,93267454;
202300033732.0;1;31;31555;2;1;1.0;4.0;43,64841000;1,42386000;
202300033733.0;1;78;78242;1;1;1.0;2.0;48,80476500;2,04985800;
202300033734.0;1;78;78029;1;1;1.0;3.0;48,96631000;1,85195000;
202300033735.0;1;04;04055;1;1;1.0;6.0;43,98873900;6,29646400;
202300033736.0;1;92;92024;2;3;1.0;3.0;48,89931466;2,30945438;
202300033737.0;2;78;78118;1;1;8.0;6.0;48,98693000;1,66493500;
202300033738.0;1;29;29039;2;2;1.0;1.0;47,90442000; -3,91525600;
202300033739.0;1;17;17385;2;6;1.0;3.0;45,94480500; -1,30958300;
202300033740.0;5;92;92012;2;1;1.0;7.0;48,82811367;2,24207193;
202300033741.0;3;78;78118;1;1;1.0;5.0;48,98316300;1,68505900;
202300033742.0;3;93;93053;1;1;1.0;6.0;48,88171885;2,45421891;
202300033743.0;1;87;87011;1;1;3.0;3.0;46,10010800;1,07623100;
202300033744.0;1;18;18033;2;1;1.0;3.0;47,08336800;2,38866700;
202300033745.0;1;37;37250;1;1;1.0;6.0;47,19878200;0,70007300;
202300033746.0;1;92;92004;2;1;1.0;1.0;48,91326000;2,30712000;
202300033747.0;5;14;14118;2;1;2.0;6.0;49,18508500; -0,36359600;
202300033748.0;3;92;92036;1;1;1.0;5.0;48,93810053;2,29792713;
202300033749.0;1;13;13039;2;1;1.0;3.0;43,45566000;4,93169000;
202300033750.0;1;93;93007;1;1;2.0;7.0;48,94605193;2,44078471;
202300033751.0;1;37;37130;1;2;1.0;3.0;47,03616800;0,84975600;
202300033752.0;1;08;08302;2;1;1.0;6.0;49,89169000;4,76146800;
202300033753.0;1;92;92036;1;1;2.0;2.0;48,93817308;2,31344484;
202300033754.0;1;60;60332;1;2;1.0;2.0;49,35994177;2,49832883;
202300033755.0;3;13;13001;2;1;1.0;7.0;43,55011000;5,42881000;
202300033756.0;1;93;93064;1;1;1.0;1.0;48,88087000;2,47514000;
202300033757.0;1;02;02722;2;6;1.0;6.0;49,37726000;3,31158000;
202300033758.0;1;08;08449;1;4;1.0;3.0;49,71379000;4,50874000;
202300033759.0;1;01;01085;1;1;1.0;7.0;46,09738500;4,99277100;
202300033760.0;1;94;94073;1;1;2.0;2.0;48,75426760;2,38140831;
202300033761.0;1;62;62471;1;1;1.0;7.0;50,64779160;2,22226422;
202300033762.0;1;68;68321;2;3;1.0;3.0;47,82841800;7,25099000;
202300033763.0;1;75;75116;2;3;1.0;6.0;48,87128900;2,29336000;
202300033764.0;1;75;75119;2;3;1.0;6.0;48,87880100;2,38569200;
202300033765.0;1;06;06150;1;1;1.0;2.0;43,74144500;7,38435700;
202300033766.0;1;75;75118;2;3;1.0;6.0;48,88352000;2,33880800;
202300033767.0;5;75;75104;2;3;1.0;2.0;48,85805641;2,34964192;
202300033768.0;1;38;38044;1;1;1.0;6.0;45,50098975;5,39953813;
202300033769.0;1;49;49355;1;1;1.0;1.0;47,09963800; -0,77622300;
202300033770.0;3;75;75117;2;1;8.0;3.0;48,89245000;2,30913000;
202300033771.0;1;75;75118;2;7;1.0;6.0;48,88478300;2,35928200;
202300033772.0;1;38;38180;1;1;1.0;6.0;45,35570400;5,29036800;
202300033773.0;1;75;75115;2;2;8.0;6.0;48,83685300;2,28358700;
202300033774.0;5;75;75114;2;3;1.0;7.0;48,82879000;2,32781900;
202300033775.0;2;75;75117;2;3;1.0;3.0;48,89528000;2,31206300;
202300033776.0;1;68;68278;2;1;1.0;3.0;47,74946700;7,40503200;
202300033777.0;1;68;68345;1;3;1.0;3.0;48,07616500;7,48349200;
202300033778.0;5;75;75114;2;2;1.0;3.0;48,83277000;2,31149000;
202300033779.0;1;13;13051;1;1;1.0;4.0;43,57494200;5,21261600;
202300033780.0;1;75;75117;2;4;1.0;4.0;48,88884700;2,30429900;
202300033781.0;5;63;63113;2;4;1.0;6.0;45,78143000;3,08860000;
202300033782.0;1;28;28198;1;1;1.0;3.0;48,06855900;1,36395700;
202300033783.0;5;75;75117;2;2;1.0;6.0;48,88465700;2,31786600;
202300033784.0;5;33;33234;1;6;3.0;3.0;44,77963673; -0,49587607;
202300033785.0;5;75;75110;2;3;2.0;2.0;48,87062000;2,35496000;
202300033786.0;1;41;41220;2;3;1.0;3.0;47,72030400;1,62062000;
202300033787.0;3;972;97221;1;1;1.0;6.0;14,52646900; -60,98967800;
202300033788.0;1;61;61001;2;6;1.0;6.0;48,43378000;0,09414000;
202300033789.0;5;75;75116;2;2;1.0;3.0;48,85854400;2,24485600;
202300033790.0;5;75;75109;2;7;2.0;2.0;48,87316100;2,33153800;
202300033791.0;1;28;28001;1;1;2.0;3.0;48,77613100;1,40127200;
202300033792.0;1;61;61001;2;1;1.0;6.0;48,41754000;0,10270000;
202300033793.0;5;75;75107;2;2;2.0;7.0;48,86002400;2,32457400;
202300033794.0;1;95;95641;1;1;1.0;7.0;49,07348600;2,57063400;
202300033795.0;1;75;75115;2;1;1.0;3.0;48,84068300;2,28036700;
202300033796.0;1;83;83152;2;3;1.0;1.0;43,15650229;6,47234023;
202300033797.0;1;75;75102;2;1;1.0;7.0;48,86871000;2,34866800;
202300033798.0;1;56;56121;2;6;1.0;3.0;47,74724000; -3,37655000;
202300033799.0;1;66;66190;1;3;1.0;3.0;42,80931700;2,91264300;
202300033800.0;5;75;75115;2;2;1.0;3.0;48,84041000;2,30424800;
202300033801.0;1;45;45147;1;2;1.0;6.0;47,91998000;1,91478000;
202300033802.0;1;34;34162;1;1;1.0;6.0;43,47850400;3,46049000;
202300033803.0;1;56;56123;1;2;1.0;3.0;47,66191300; -2,26365300;
202300033804.0;1;80;80704;2;1;1.0;6.0;49,96542100;2,40924600;
202300033805.0;1;75;75114;2;2;1.0;3.0;48,82057199;2,32413143;
202300033806.0;1;42;42218;1;1;1.0;3.0;45,43395044;4,30323958;
202300033807.0;5;94;94028;2;6;1.0;3.0;48,76916500;2,46118100;
202300033808.0;1;84;84054;2;3;1.0;2.0;43,93577700;5,06339900;
202300033809.0;5;75;75110;2;4;1.0;3.0;48,87553800;2,35673200;
202300033810.0;1;33;33485;1;4;1.0;3.0;44,82749300; -0,13432500;
202300033811.0;1;42;42189;2;2;1.0;3.0;45,43750000;4,32480000;
202300033812.0;1;13;13015;2;1;1.0;3.0;43,44920000;5,39818700;
202300033813.0;5;93;93051;2;2;2.0;1.0;48,82996868;2,58132577;
202300033814.0;1;75;75109;2;1;1.0;6.0;48,88160800;2,33670600;
202300033815.0;3;11;11129;1;1;2.0;6.0;42,92584300;2,21985000;
202300033816.0;1;41;41269;2;9;1.0;3.0;47,79551000;1,07484000;
202300033817.0;2;67;67313;2;6;1.0;3.0;48,53962500;7,43991100;
202300033818.0;2;93;93031;2;3;2.0;2.0;48,94872000;2,33516700;
202300033819.0;5;75;75108;2;7;1.0;3.0;48,87385500;2,29601600;
202300033820.0;1;71;71313;1;1;1.0;7.0;46,96766000;4,20412100;
202300033821.0;5;37;37261;2;3;1.0;3.0;47,39003000;0,68643000;
202300033822.0;1;93;93029;2;3;2.0;3.0;48,91820000;2,44800000;
202300033823.0;1;75;75108;2;2;8.0;3.0;48,87440182;2,30105639;
202300033824.0;1;01;01043;2;6;1.0;2.0;45,82780800;4,99811200;
202300033825.0;1;37;37261;2;2;1.0;6.0;47,38521003;0,70696592;
202300033826.0;5;93;93014;2;1;2.0;6.0;48,90564000;2,54895000;
202300033827.0;1;75;75107;2;1;1.0;2.0;48,85224100;2,30925600;
202300033828.0;1;63;63055;1;3;1.0;3.0;45,83587500;2,84640300;
202300033829.0;3;35;35238;2;1;1.0;7.0;48,10159000; -1,68619000;
202300033830.0;1;69;69184;2;1;1.0;1.0;45,60112400;4,56483500;
202300033831.0;1;75;75107;2;3;1.0;6.0;48,85779200;2,32242500;
202300033832.0;1;93;93001;2;1;2.0;3.0;48,90536462;2,37425780;
202300033833.0;5;33;33063;2;1;1.0;6.0;44,83355504; -0,56169748;
202300033834.0;1;63;63465;2;3;1.0;2.0;45,43569100;3,88222900;
202300033835.0;1;64;64230;1;1;2.0;1.0;43,24318700; -0,38694000;
202300033836.0;1;75;75102;2;2;1.0;3.0;48,86705200;2,35297400;
202300033837.0;1;33;33167;2;1;1.0;6.0;44,83322000; -0,53118000;
202300033838.0;2;93;93001;2;2;1.0;3.0;48,91527500;2,37134400;
202300033839.0;1;63;63003;1;1;1.0;2.0;45,53616000;3,77577800;
202300033840.0;5;93;93001;2;1;2.0;6.0;48,91667700;2,38181300;
202300033841.0;1;94;94068;2;6;1.0;3.0;48,79385509;2,48661000;
202300033842.0;1;31;31069;2;1;1.0;1.0;43,63056000;1,38855000;
202300033843.0;1;60;60141;2;1;2.0;4.0;49,18751000;2,46152800;