Num_Acc;lum;departement;commune;agglomeration;intersection;meteo;type_collision;lat;long;date
202300033844.0;3;55;55496;1;3;1.0;7.0;48,72862779;5,66338778;
202300033845.0;1;94;94021;2;1;1.0;1.0;48,76520000;2,35563000;
202300033846.0;1;29;29232;2;1;1.0;6.0;47,98662400; -4,08166300;
202300033847.0;1;60;60028;1;1;2.0;3.0;49,21795918;2,55411208;
202300033848.0;3;29;29019;2;1;1.0;6.0;48,39794200; -4,44380100;
202300033849.0;3;94;94065;1;1;1.0;6.0;48,75038291;2,36751001;
202300033850.0;5;92;92073;2;1;2.0;2.0;48,87337000;2,22151000;
202300033851.0;1;60;60612;2;1;1.0;6.0;49,19710000;2,57028200;
202300033852.0;1;47;47250;1;2;1.0;5.0;44,28969800;0,31193600;
202300033853.0;3;28;28134;1;1;1.0;7.0;48,75606000;1,39440000;
202300033854.0;1;94;94017;2;1;1.0;6.0;48,81247295;2,51394466;
202300033855.0;1;83;83144;1;1;1.0;3.0;43,13845900;5,99637300;
202300033856.0;1;92;92063;2;9;2.0;2.0;48,87624713;2,20113471;
202300033857.0;1;93;93062;2;1;1.0;6.0;48,89614700;2,51740100;
202300033858.0;1;26;26362;2;1;1.0;6.0;44,93787000;4,90142000;
202300033859.0;1;44;44063;1;2;1.0;3.0;47,08024200; -1,19076100;
202300033860.0;5;92;92040;2;1;8.0;6.0;48,81912000;2,25907000;
202300033861.0;1;93;93074;2;3;1.0;6.0;48,93379100;2,57621900;
202300033862.0;1;29;29027;1;1;1.0;6.0;48,20080800; -3,85472100;
202300033863.0;1;13;13005;2;3;7.0;3.0;43,30157000;5,59160000;
202300033864.0;1;83;83137;2;1;1.0;4.0;43,12610557;5,93425351;
202300033865.0;1;92;92040;2;1;8.0;2.0;48,82382000;2,27237000;
202300033866.0;2;29;29062;1;1;1.0;6.0;48,17223600; -4,00008600;
202300033867.0;1;93;93031;2;9;1.0;3.0;48,94761000;2,33248000;
202300033868.0;1;33;33550;1;1;1.0;6.0;44,77144000; -0,55537000;
202300033869.0;1;11;11262;2;1;1.0;2.0;43,18263000;2,97493000;
202300033870.0;5;92;92035;2;1;2.0;2.0;48,90684649;2,24475360;
202300033871.0;1;38;38319;1;1;1.0;6.0;45,06439000;5,33535400;
202300033872.0;1;93;93031;2;3;1.0;6.0;48,95300000;2,31266000;
202300033873.0;3;11;11069;2;1;1.0;1.0;43,20531000;2,37112000;
202300033874.0;1;59;59646;1;1;1.0;4.0;50,67174000;3,11458000;
202300033875.0;1;02;02543;1;1;1.0;7.0;49,16302100;3,27911900;
202300033876.0;1;93;93014;2;1;1.0;3.0;48,90861200;2,54254500;
202300033877.0;5;92;92026;2;1;1.0;5.0;48,89710421;2,24028379;
202300033878.0;2;91;91228;1;1;2.0;2.0;48,62640000;2,41540000;
202300033879.0;1;92;92044;2;2;1.0;3.0;48,89539000;2,28204000;
202300033880.0;1;02;02810;2;1;1.0;3.0;49,24304900;3,08629700;
202300033881.0;1;92;92024;2;1;1.0;2.0;48,90417492;2,30284005;
202300033882.0;1;07;07281;1;1;1.0;7.0;44,93242000;4,81473000;
202300033883.0;1;02;02734;1;1;1.0;7.0;49,30558700;3,04776500;
202300033884.0;1;92;92012;2;1;8.0;6.0;48,83954038;2,24825835;
202300033885.0;1;92;92036;2;1;1.0;2.0;48,93848900;2,25847700;
202300033886.0;1;91;91521;1;1;1.0;4.0;48,63296000;2,40372000;
202300033887.0;1;06;06088;2;2;1.0;3.0;43,70819100;7,23079400;
202300033888.0;5;92;92025;2;3;1.0;3.0;48,91507800;2,22802800;
202300033889.0;5;92;92007;2;1;2.0;3.0;48,80161000;2,32387000;
202300033890.0;5;06;06069;2;1;1.0;7.0;43,65822300;6,91430900;
202300033891.0;3;03;03258;2;1;1.0;6.0;46,19091100;3,40527400;
202300033892.0;2;976;97610;2;1;1.0;6.0; -12,74664200;45,22001200;
202300033893.0;1;94;94034;1;1;1.0;4.0;48,75884006;2,32440976;
202300033894.0;1;92;92024;2;2;1.0;1.0;48,89999000;2,30614000;
202300033895.0;1;05;05061;2;1;1.0;6.0;44,56724000;6,09727000;
202300033896.0;3;91;91136;1;1;2.0;6.0;48,71110000;2,28900000;
202300033897.0;1;69;69268;2;3;1.0;2.0;45,65644706;4,75111380;
202300033898.0;1;14;14620;2;1;1.0;3.0;49,30810200;0,15863100;
202300033899.0;3;31;31547;2;7;2.0;6.0;43,48934500;1,31737000;
202300033900.0;1;05;05061;2;2;1.0;3.0;44,54252000;6,05951000;
202300033901.0;1;92;92036;1;1;1.0;2.0;48,93600687;2,28843139;
202300033902.0;1;33;33308;2;1;1.0;7.0;44,65727500; -0,28489900;
202300033903.0;3;78;78423;1;1;8.0;6.0;48,79880200;1,99536400;
202300033904.0;1;06;06161;1;1;1.0;1.0;43,62168200;7,13008900;
202300033905.0;1;75;75113;2;1;1.0;5.0;48,82231300;2,38037600;
202300033906.0;1;14;14430;1;2;1.0;3.0;49,30245300; -0,60354400;
202300033907.0;3;44;44137;1;1;3.0;7.0;47,35647000; -1,99472000;
202300033908.0;1;76;76235;1;1;9.0;6.0;49,90867600;1,27501500;
202300033909.0;1;75;75112;2;1;1.0;2.0;48,84403700;2,41408900;
202300033910.0;1;50;50292;1;1;1.0;3.0;49,09051500; -1,24294100;
202300033911.0;1;92;92062;1;1;1.0;4.0;48,88939539;2,23745281;
202300033912.0;1;71;71090;1;1;1.0;6.0;46,21054700;4,78428800;
202300033913.0;1;15;15055;1;1;2.0;2.0;45,08559700;3,11692000;
202300033914.0;1;75;75111;2;3;1.0;6.0;48,84943000;2,39567400;
202300033915.0;1;10;10126;1;3;1.0;3.0;48,27302500;4,62219700;
202300033916.0;1;87;87177;1;1;8.0;1.0;45,81207200;1,07379900;
202300033917.0;1;974;97413;2;3;1.0;1.0; -21,18293100;55,28761300;
202300033918.0;4;92;92072;1;1;3.0;2.0;48,81513791;2,21468284;
202300033919.0;1;75;75117;2;1;1.0;6.0;48,90038000;2,32184300;
202300033920.0;1;62;62839;1;1;3.0;6.0;50,13315800;2,88876100;
202300033921.0;1;10;10402;1;1;7.0;6.0;48,16334100;4,11588200;
202300033922.0;1;51;51621;1;1;1.0;7.0;49,20244000;4,97267600;
202300033923.0;1;75;75116;2;3;1.0;6.0;48,86042400;2,28590900;
202300033924.0;1;93;93064;1;1;2.0;5.0;48,86756000;2,48195000;
202300033925.0;1;79;79340;1;4;2.0;3.0;46,55218300; -0,15180800;
202300033926.0;1;56;56099;1;2;1.0;3.0;48,11651300; -3,21704700;
202300033927.0;1;36;36018;1;1;1.0;3.0;46,62532242;1,04300867;
202300033928.0;1;75;75116;2;3;6.0;6.0;48,86498500;2,29987600;
202300033929.0;2;95;95018;1;1;3.0;3.0;48,95704497;2,27629596;
202300033930.0;3;65;65017;1;1;2.0;6.0;42,78831500;0,23876000;
202300033931.0;1;59;59094;2;7;1.0;6.0;50,94687830;2,19556390;
202300033932.0;1;36;36176;2;2;1.0;3.0;46,62977543;1,17236717;
202300033933.0;5;75;75114;2;2;1.0;6.0;48,82097300;2,32990400;
202300033934.0;3;94;94017;1;1;2.0;6.0;48,82732384;2,50906368;
202300033935.0;1;32;32404;1;1;1.0;6.0;43,89226400;0,43425000;
202300033936.0;1;81;81326;1;1;2.0;6.0;43,98108640;2,07308010;
202300033937.0;1;75;75113;2;1;1.0;6.0;48,82978900;2,34993100;
202300033938.0;2;71;71359;1;1;1.0;7.0;46,55162600;4,94314000;
202300033939.0;1;21;21280;1;1;1.0;3.0;47,34345000;4,37659900;
202300033940.0;2;61;61423;2;2;1.0;3.0;48,79305300;0,67766000;
202300033941.0;1;973;97302;1;6;1.0;3.0;4,89658000; -52,32884000;
202300033942.0;1;75;75111;2;2;1.0;3.0;48,85067100;2,39449100;
202300033943.0;3;26;26337;1;1;1.0;6.0;44,69369900;4,81015000;
202300033944.0;1;63;63397;1;1;3.0;3.0;45,62091100;2,71199200;
202300033945.0;1;85;85146;1;3;1.0;3.0;46,95899900; -1,34260362;
202300033946.0;1;973;97302;1;1;1.0;6.0;4,90641000; -52,32181000;
202300033947.0;3;64;64368;1;1;1.0;7.0;43,39652000; -1,09828900;
202300033948.0;2;75;75108;2;2;1.0;3.0;48,86797200;2,30281500;
202300033949.0;1;61;61116;1;1;1.0;1.0;48,40498200;0,92391300;
202300033950.0;1;973;97302;1;1;1.0;7.0;4,89773000; -52,32791000;
202300033951.0;1;85;85051;1;2;1.0;6.0;46,69122300; -1,09889000;
202300033952.0;1;87;87203;1;1;1.0;1.0;45,67229600;1,37923500;
202300033953.0;1;75;75101;2;3;1.0;7.0;48,86466700;2,32929900;
202300033954.0;1;61;61248;1;1;1.0;6.0;48,51422900; -0,81276900;
202300033955.0;1;85;85051;2;1;1.0;3.0;46,70417000; -1,03674900;
202300033956.0;1;68;68375;2;1;1.0;6.0;47,80056200;7,23414800;
202300033957.0;1;61;61474;1;1;2.0;7.0;48,82147300;0,11363900;
202300033958.0;5;973;97302;2;2;1.0;6.0;4,93783259; -52,33021420;
202300033959.0;3;89;89277;1;1;1.0;7.0;47,66447000;3,87281000;
202300033960.0;1;75;75104;2;3;1.0;5.0;48,85607100;2,35068900;
202300033961.0;1;49;49180;1;2;2.0;3.0;47,37026900; -0,10528500;
202300033962.0;1;69;69386;2;1;2.0;2.0;45,76753171;4,84127860;
202300033963.0;1;27;27096;1;2;1.0;3.0;48,88286400;0,66900700;
202300033964.0;1;42;42234;1;9;2.0;6.0;45,52252200;4,37887800;
202300033965.0;3;69;69013;1;1;1.0;2.0;46,01508500;4,72815500;
202300033966.0;5;75;75104;2;3;1.0;6.0;48,84725900;2,36490100;
202300033967.0;1;69;69388;2;2;1.0;3.0;45,73520000;4,88970000;
202300033968.0;1;68;68304;2;1;2.0;7.0;47,75812600;7,04830900;
202300033969.0;4;971;97128;1;1;1.0;2.0;16,21907400; -61,40677200;
202300033970.0;1;94;94074;2;1;1.0;3.0;48,75018700;2,46316200;
202300033971.0;1;38;38517;1;1;1.0;6.0;45,26125550;5,51462105;
202300033972.0;3;44;44131;1;1;1.0;6.0;47,18506400; -2,06450700;
202300033973.0;3;971;97118;1;1;1.0;7.0;16,17655800; -61,65910400;
202300033974.0;1;972;97213;1;9;1.0;3.0;14,61357000; -61,01237000;
202300033975.0;1;94;94015;2;1;1.0;3.0;48,83668400;2,53261900;
202300033976.0;5;973;97309;2;2;8.0;2.0;4,88753700; -52,28219200;
202300033977.0;1;44;44158;2;1;1.0;3.0;47,27497100; -1,78425400;
202300033978.0;1;69;69142;2;1;1.0;3.0;45,72952000;4,81608000;
202300033979.0;5;45;45085;2;2;1.0;3.0;47,82193300;2,84670400;
202300033980.0;1;94;94076;2;1;1.0;2.0;48,80675282;2,36313061;
202300033981.0;3;45;45146;1;1;1.0;6.0;47,72201800;1,88919800;
202300033982.0;3;35;35179;1;2;2.0;3.0;48,50643300; -1,88800200;
202300033983.0;1;87;87085;1;1;1.0;6.0;45,88977000;1,29255000;
202300033984.0;1;91;91315;2;1;1.0;2.0;48,50875500;2,34561700;
202300033985.0;1;94;94041;2;1;1.0;2.0;48,81288693;2,40270406;
202300033986.0;1;87;87085;1;1;1.0;6.0;45,80768400;1,29781700;
202300033987.0;1;29;29163;1;2;8.0;3.0;48,52922600; -3,88945300;
202300033988.0;1;34;34344;2;1;1.0;3.0;43,55633900;4,08568000;
202300033989.0;2;87;87085;1;1;1.0;6.0;45,87024000;1,28772000;
202300033990.0;2;94;94021;2;1;1.0;2.0;48,76152000;2,35633000;
202300033991.0;4;29;29220;2;1;1.0;3.0;47,85828500; -4,23927400;
202300033992.0;1;83;83101;1;1;1.0;2.0;43,21676400;6,64830800;
202300033993.0;1;86;86194;2;6;1.0;6.0;46,56705500;0,34436300;
202300033994.0;1;76;76705;1;1;1.0;4.0;49,32884500;1,08821500;
202300033995.0;1;94;94022;2;3;1.0;3.0;48,76149181;2,40755081;
202300033996.0;1;29;29215;2;1;2.0;6.0;47,98580000; -4,42405700;
202300033997.0;1;83;83107;1;1;1.0;1.0;43,46220200;6,64611200;
202300033998.0;1;83;83137;2;1;1.0;2.0;43,12425500;5,89097200;
202300033999.0;1;973;97304;1;1;1.0;3.0;5,10171600; -52,62927500;
202300034000.0;1;38;38039;2;2;1.0;3.0;45,27044700;5,86740700;
202300034001.0;1;93;93073;2;9;1.0;3.0;48,96674850;2,56497055;
202300034002.0;1;05;05070;2;1;1.0;6.0;44,31621800;5,82082800;
202300034003.0;5;83;83137;2;4;1.0;6.0;43,12295000;5,94635000;
202300034004.0;3;13;13014;2;1;1.0;6.0;43,49933600;5,15265200;
202300034005.0;1;971;97125;2;1;1.0;3.0;16,29485000; -61,29063200;
202300034006.0;1;02;02111;1;1;8.0;6.0;49,52041300;3,41141600;
202300034007.0;1;93;93066;2;1;1.0;6.0;48,91292000;2,36055000;
202300034008.0;2;57;57206;2;1;7.0;6.0;49,30689200;6,11505600;
202300034009.0;1;83;83034;2;3;8.0;3.0;43,09217300;6,06090200;
202300034010.0;1;38;38019;1;1;1.0;3.0;45,41176800;4,82428600;
202300034011.0;1;01;01445;1;1;1.0;2.0;46,33715400;5,31831400;
202300034012.0;1;93;93007;2;2;1.0;6.0;48,94072000;2,43166000;
202300034013.0;3;73;73285;1;1;1.0;1.0;45,61705300;6,81608700;
202300034014.0;1;77;77258;2;6;1.0;3.0;48,83329400;2,63382600;
202300034015.0;3;58;58293;2;1;2.0;6.0;46,76500100;3,43784100;
202300034016.0;1;21;21606;1;2;1.0;1.0;47,05951000;4,88149200;
202300034017.0;2;93;93064;2;2;1.0;3.0;48,86108431;2,48980921;
202300034018.0;3;45;45282;2;1;1.0;6.0;47,85820900;1,81925700;
202300034019.0;1;52;52269;1;1;1.0;7.0;47,86202400;5,34304600;
202300034020.0;1;38;38158;2;1;1.0;6.0;45,14684600;5,74885400;
202300034021.0;1;68;68359;1;1;1.0;7.0;47,85565400;7,13594200;
202300034022.0;1;18;18170;1;1;3.0;1.0;47,44177800;2,51325300;
202300034023.0;5;93;93055;2;2;1.0;3.0;48,89535974;2,42556155;
202300034024.0;1;77;77243;2;9;2.0;3.0;48,87820000;2,70160000;
202300034025.0;1;01;01093;2;6;1.0;3.0;46,11930600;4,96077000;
202300034026.0;1;43;43062;1;1;1.0;1.0;45,06662500;3,77438300;
202300034027.0;1;55;55177;1;1;1.0;1.0;48,90923467;5,23171842;
202300034028.0;1;93;93071;2;6;1.0;1.0;48,93359000;2,54271000;
202300034029.0;5;69;69003;2;1;1.0;6.0;45,86349700;4,83511090;
202300034030.0;1;36;36111;1;1;1.0;6.0;46,57653330;1,64282084;
202300034031.0;2;77;77186;1;2;1.0;3.0;48,37659000;2,73948000;
202300034032.0;1;93;93032;2;1;1.0;3.0;48,88049000;2,54399000;
202300034033.0;3;31;31406;1;1;2.0;6.0;43,19578700;1,06168300;
202300034034.0;1;76;76705;2;1;6.0;6.0;49,32871000;1,10031000;
202300034035.0;1;07;07288;1;9;2.0;3.0;44,72406700;4,51711900;
202300034036.0;1;33;33014;1;1;1.0;5.0;44,98462600; -0,14249000;
202300034037.0;5;93;93032;2;9;1.0;3.0;48,89886275;2,53782275;
202300034038.0;2;74;74012;2;1;1.0;3.0;46,19494000;6,24252000;
202300034039.0;1;69;69160;1;1;1.0;3.0;46,16298295;4,46208027;
202300034040.0;3;87;87017;1;3;6.0;6.0;46,12910700;1,10302100;
202300034041.0;1;33;33362;2;2;1.0;6.0;45,02864300; -0,18325400;
202300034042.0;1;93;93010;2;6;1.0;6.0;48,91812000;2,47709000;
202300034043.0;1;74;74010;2;1;1.0;6.0;45,89520000;6,13340000;
202300034044.0;3;69;69154;1;1;1.0;6.0;45,77597151;4,66281434;
202300034045.0;1;16;16078;2;1;2.0;6.0;45,67882500;0,17827000;
202300034046.0;1;37;37117;1;2;8.0;3.0;47,44552345;0,30090094;
202300034047.0;1;93;93005;2;1;1.0;3.0;48,95064455;2,49167944;
202300034048.0;3;44;44110;1;1;1.0;4.0;47,42908163; -1,54308557;
202300034049.0;3;30;30348;1;9;2.0;6.0;44,04709000;4,12647100;
202300034050.0;1;50;50298;1;1;1.0;3.0;49,26709700; -1,29079700;
202300034051.0;1;93;93001;2;1;1.0;3.0;48,91526101;2,37299055;
202300034052.0;1;14;14530;2;2;9.0;3.0;49,23334100; -0,24848100;
202300034053.0;1;60;60446;1;1;7.0;7.0;49,14426800;2,79451800;
202300034054.0;1;01;01418;1;1;8.0;2.0;45,82649700;5,01367900;
202300034055.0;2;72;72181;1;1;8.0;4.0;47,96706859;0,23208618;
202300034056.0;1;93;93001;2;2;1.0;3.0;48,91360146;2,38558397;
202300034057.0;3;59;59303;1;1;1.0;3.0;50,57146300;2,85923500;
202300034058.0;1;60;60666;1;2;1.0;1.0;49,10274400;2,67772400;
202300034059.0;1;66;66136;2;1;1.0;6.0;42,69857000;2,88735000;
202300034060.0;1;92;92075;2;1;1.0;6.0;48,82243822;2,29457885;
202300034061.0;5;06;06085;1;1;1.0;5.0;43,59826200;7,00171800;
202300034062.0;3;13;13015;1;1;1.0;4.0;43,44410000;5,39590000;
202300034063.0;1;66;66136;2;1;1.0;6.0;42,69790000;2,89215000;
202300034064.0;1;59;59435;1;1;1.0;1.0;50,50432500;3,26909800;
202300034065.0;1;51;51507;1;1;2.0;7.0;49,07378200;4,90573900;
202300034066.0;1;92;92073;2;2;1.0;6.0;48,85961947;2,21362532;
202300034067.0;5;69;69385;1;1;1.0;2.0;45,75349000;4,81933000;
202300034068.0;1;59;59237;1;1;1.0;7.0;50,77048900;2,64083900;
202300034069.0;3;92;92050;2;1;1.0;6.0;48,90764105;2,21075284;
202300034070.0;1;64;64269;2;1;1.0;3.0;43,28997000; -0,31087000;
202300034071.0;3;69;69242;1;1;2.0;2.0;46,13386500;4,76591500;
202300034072.0;1;13;13056;1;1;2.0;7.0;43,39704000;5,04048000;
202300034073.0;1;92;92040;2;1;1.0;6.0;48,81995064;2,25725502;
202300034074.0;3;54;54115;1;1;1.0;3.0;48,69451000;6,10567000;
202300034075.0;4;978;97801;2;3;1.0;6.0;18,06739700; -63,07764400;
202300034076.0;1;13;13005;1;1;8.0;7.0;43,26885300;5,58780900;
202300034077.0;1;92;92025;2;9;1.0;1.0;48,92223400;2,23604400;
202300034078.0;5;33;33192;1;1;1.0;3.0;44,78996000; -0,60669000;
202300034079.0;2;62;62065;2;2;1.0;3.0;50,41110000;2,83486000;
202300034080.0;3;77;77112;1;1;2.0;7.0;48,24971900;2,62698200;
202300034081.0;1;13;13085;1;1;1.0;1.0;43,26872039;5,58802041;
202300034082.0;1;33;33013;1;1;1.0;2.0;44,86853000; -0,49710000;
202300034083.0;5;92;92023;2;1;1.0;3.0;48,81409182;2,25780308;
202300034084.0;1;62;62413;2;3;1.0;3.0;50,44138000;2,89082000;
202300034085.0;1;13;13085;1;1;2.0;2.0;43,26350155;5,58868513;
202300034086.0;1;77;77130;1;2;1.0;3.0;48,89522300;2,94095500;
202300034087.0;1;33;33249;1;1;1.0;2.0;44,87360000; -0,50697000;
202300034088.0;1;59;59613;1;1;1.0;6.0;50,40313054;3,61826412;
202300034089.0;5;92;92012;2;6;1.0;4.0;48,84078000;2,22775000;
202300034090.0;3;95;95308;1;1;2.0;6.0;49,09806900;2,13726500;
202300034091.0;3;69;69275;1;1;1.0;2.0;45,78167186;4,95779377;
202300034092.0;1;57;57306;2;3;1.0;3.0;49,35369000;6,06910000;
202300034093.0;1;92;92004;2;1;1.0;6.0;48,91493269;2,27504835;
202300034094.0;1;2B;2B093;1;1;1.0;2.0;42,60979300;8,88552500;
202300034095.0;3;91;91363;1;1;1.0;4.0;48,65941000;2,18370000;
202300034096.0;1;60;60623;2;1;1.0;6.0;49,54692800;1,85713500;
202300034097.0;5;57;57463;2;2;3.0;6.0;49,10875972;6,16643071;
202300034098.0;3;69;69271;1;1;1.0;4.0;45,74914000;4,99121000;
202300034099.0;1;68;68383;2;1;1.0;2.0;48,17276500;7,32180200;
202300034100.0;1;91;91471;1;1;1.0;5.0;48,71231000;2,18275000;
202300034101.0;3;67;67154;1;1;1.0;6.0;48,36778900;7,72350100;
202300034102.0;1;49;49092;1;2;1.0;3.0;47,28445700; -0,68879100;
202300034103.0;1;54;54395;2;1;8.0;6.0;48,68520000;6,18520000;
202300034104.0;1;91;91659;1;1;1.0;2.0;48,57817000;2,46317000;
202300034105.0;1;91;91064;1;1;1.0;2.0;48,74336000;2,18997000;
202300034106.0;1;68;68366;1;1;1.0;2.0;48,11488500;7,44163900;
202300034107.0;3;94;94038;1;1;1.0;7.0;48,78225040;2,34645225;
202300034108.0;5;54;54196;2;2;2.0;6.0;48,56752000;6,18816000;
202300034109.0;1;93;93013;1;1;1.0;3.0;48,94103503;2,42624484;
202300034110.0;1;49;49246;2;1;2.0;5.0;47,41601000; -0,52322000;
202300034111.0;1;972;97229;2;1;1.0;7.0;14,62165500; -61,09048600;
202300034112.0;1;38;38415;1;9;2.0;1.0;45,63411000;5,21846100;
202300034113.0;1;78;78640;1;1;1.0;5.0;48,77831900;2,22233200;
202300034114.0;1;63;63100;1;1;1.0;7.0;46,01894016;2,90836377;
202300034115.0;1;93;93066;1;1;1.0;4.0;48,91902717;2,35758170;
202300034116.0;1;49;49007;2;1;8.0;6.0;47,45044000; -0,56011000;
202300034117.0;3;95;95277;1;1;1.0;6.0;48,97408000;2,48846000;
202300034118.0;1;95;95151;1;1;1.0;7.0;49,06257000;2,27641000;
202300034119.0;3;49;49246;1;1;2.0;6.0;47,43616000; -0,48140000;
202300034120.0;1;86;86236;1;1;1.0;3.0;46,65618300;0,91248200;
202300034121.0;1;93;93078;1;1;1.0;2.0;48,96050000;2,54155000;
202300034122.0;3;69;69249;1;1;1.0;7.0;45,67536200;4,63213200;
202300034123.0;1;14;14347;1;3;5.0;3.0;48,98966600; -0,74468900;
202300034124.0;1;38;38185;2;1;1.0;3.0;45,16503000;5,72850000;
202300034125.0;1;17;17097;1;1;2.0;7.0;45,64923800; -0,90055200;
202300034126.0;1;92;92036;1;1;1.0;4.0;48,93788866;2,29766722;
202300034127.0;1;92;92036;1;1;1.0;2.0;48,93904651;2,30613129;
202300034128.0;1;971;97109;2;6;8.0;6.0;15,99033100; -61,68329200;
202300034129.0;3;17;17185;1;1;3.0;7.0;45,72194800; -0,96650700;
202300034130.0;1;92;92036;1;1;1.0;6.0;48,94355783;2,28738079;
202300034131.0;1;38;38151;2;1;1.0;1.0;45,14667000;5,73195000;
202300034132.0;1;95;95252;1;1;1.0;2.0;48,97739300;2,23318100;
202300034133.0;1;95;95582;1;1;1.0;6.0;48,96767474;2,25284130;
202300034134.0;1;44;44026;2;1;7.0;6.0;47,29723700; -1,49196800;
202300034135.0;1;37;37233;2;1;8.0;6.0;47,38827000;0,72701000;
202300034136.0;1;94;94073;1;1;1.0;3.0;48,75424369;2,38104533;
202300034137.0;2;95;95394;1;1;1.0;2.0;49,05052000;2,19023000;
202300034138.0;2;22;22070;2;3;1.0;1.0;48,56477300; -3,15149900;
202300034139.0;3;94;94028;1;1;1.0;2.0;48,79983715;2,44627859;
202300034140.0;1;35;35238;2;2;1.0;6.0;48,10190265; -1,68401688;
202300034141.0;1;94;94018;1;1;1.0;3.0;48,81737894;2,41732391;
202300034142.0;1;62;62179;1;3;1.0;3.0;50,72595600;1,90754400;
202300034143.0;2;22;22307;2;3;1.0;3.0;48,45218600; -2,81465100;
202300034144.0;1;51;51210;1;1;1.0;7.0;49,07922138;3,97745111;
202300034145.0;1;988;98818;2;9;1.0;6.0; -22,24649000;166,44888000;
202300034146.0;1;974;97411;1;1;1.0;6.0; -20,88818000;55,43986000;
202300034147.0;1;33;33522;2;3;1.0;2.0;44,80792000; -0,60347000;
202300034148.0;2;19;19276;2;1;1.0;6.0;45,42924047;1,56582694;
202300034149.0;2;76;76473;2;9;2.0;3.0;49,49369709;0,76389335;
202300034150.0;1;976;97611;2;1;1.0;6.0; -12,77931242;45,22188842;
202300034151.0;2;974;97411;1;1;2.0;3.0; -20,88915000;55,43645000;
202300034152.0;3;56;56119;2;1;1.0;6.0;47,70549000; -3,10953500;
202300034153.0;1;33;33550;2;6;2.0;3.0;44,77948000; -0,58797000;
202300034154.0;1;973;97302;1;1;1.0;7.0;4,91036695; -52,30827123;
202300034155.0;1;974;97411;2;1;1.0;3.0; -20,90232000;55,50329000;
202300034156.0;5;62;62603;2;1;1.0;6.0;50,62885400;1,64571800;
202300034157.0;1;77;77321;1;1;1.0;2.0;48,40593200;3,24097600;
202300034158.0;2;972;97213;1;1;1.0;7.0;14,63550000; -60,97751000;
202300034159.0;1;31;31555;2;9;8.0;2.0;43,60465000;1,39882000;
202300034160.0;5;973;97302;2;1;3.0;6.0;4,93260000; -52,31072000;
202300034161.0;1;82;82127;1;1;1.0;6.0;44,16827600;0,99780300;
202300034162.0;2;972;97213;1;1;1.0;3.0;14,63267000; -61,01667000;
202300034163.0;1;31;31555;1;1;1.0;6.0;43,58063000;1,40552000;
202300034164.0;3;13;13210;1;1;1.0;3.0;43,28654000;5,43391000;
202300034165.0;1;973;97302;2;1;1.0;2.0;4,93002000; -52,30419000;
202300034166.0;1;82;82013;1;1;1.0;2.0;43,89331200;0,99611300;
202300034167.0;1;28;28085;2;1;1.0;6.0;48,45597000;1,46509000;
202300034168.0;5;972;97209;1;1;1.0;4.0;14,61671800; -61,04236800;
202300034169.0;5;973;97302;2;1;1.0;7.0;4,90997000; -52,32149000;
202300034170.0;1;65;65128;2;1;1.0;6.0;43,18830161;0,35646568;
202300034171.0;1;13;13071;1;1;3.0;2.0;43,40941000;5,36379000;
202300034172.0;1;971;97107;2;1;1.0;6.0;16,05295531; -61,56466305;
202300034173.0;1;27;27229;2;2;2.0;3.0;49,03258000;1,13517000;
202300034174.0;5;973;97302;1;1;3.0;7.0;4,92645000; -52,32903000;
202300034175.0;1;33;33540;1;2;7.0;3.0;45,37201400; -1,07815800;
202300034176.0;1;83;83144;1;1;2.0;6.0;43,14147362;6,00386413;
202300034177.0;1;13;13002;2;1;1.0;3.0;43,32607170;5,48201676;
202300034178.0;5;972;97213;1;1;1.0;1.0;14,62638000; -60,98926000;
202300034179.0;1;11;11163;1;1;1.0;7.0;42,76183300;2,32520900;
202300034180.0;1;91;91589;2;1;1.0;3.0;48,68136500;2,34290300;
202300034181.0;5;13;13211;2;6;1.0;7.0;43,29241000;5,44570000;
202300034182.0;1;63;63297;1;1;1.0;3.0;45,74125500;3,34909200;
202300034183.0;1;91;91223;1;9;1.0;2.0;48,43122600;2,16526700;
202300034184.0;3;55;55398;2;1;1.0;7.0;48,69633200;5,73333400;
202300034185.0;1;13;13004;2;7;1.0;1.0;43,67664000;4,62779000;
202300034186.0;1;69;69034;2;4;1.0;4.0;45,79234000;4,84433000;
202300034187.0;5;87;87085;2;2;1.0;3.0;45,82891000;1,24345000;
202300034188.0;1;69;69142;2;1;1.0;6.0;45,72361000;4,81727000;
202300034189.0;1;87;87085;2;1;1.0;6.0;45,83809000;1,25659000;
202300034190.0;1;12;12238;1;4;1.0;3.0;44,24093880;2,94358429;
202300034191.0;1;11;11069;2;2;1.0;6.0;43,21500000;2,35220000;
202300034192.0;1;85;85194;1;9;2.0;3.0;46,53005000; -1,77424000;