Num_Acc;lum;departement;commune;agglomeration;intersection;meteo;type_collision;lat;long;date
202300034193.0;4;47;47128;2;6;1.0;7.0;44,16787743;0,70239356;
202300034194.0;5;69;69387;2;1;1.0;6.0;45,75410000;4,83875000;
202300034195.0;1;2B;2B033;2;1;3.0;6.0;42,69817000;9,44910000;
202300034196.0;2;41;41073;1;1;1.0;1.0;47,90396500;1,01774800;
202300034197.0;2;80;80021;2;1;5.0;2.0;49,88559000;2,27950000;
202300034198.0;5;80;80021;2;1;1.0;6.0;49,88882000;2,28090000;
202300034199.0;1;06;06069;2;1;1.0;4.0;43,64903400;6,92393800;
202300034200.0;5;971;97101;2;9;1.0;3.0;16,25593000; -61,52116000;
202300034201.0;1;39;39240;1;1;1.0;1.0;46,64815100;5,90032900;
202300034202.0;2;06;06027;2;1;1.0;3.0;43,66400000;7,12480000;
202300034203.0;3;25;25334;1;1;1.0;6.0;46,95491300;6,13810700;
202300034204.0;1;2A;2A004;2;3;1.0;3.0;41,93409700;8,75242000;
202300034205.0;1;38;38055;1;1;1.0;2.0;45,68989600;5,51830200;
202300034206.0;1;95;95277;2;9;7.0;3.0;48,97706697;2,49796540;
202300034207.0;1;75;75119;2;1;1.0;2.0;48,88658100;2,39726300;
202300034208.0;1;77;77288;2;1;1.0;6.0;48,52766000;2,65520000;
202300034209.0;2;13;13010;1;6;1.0;6.0;43,90866100;4,79134800;
202300034210.0;4;95;95014;1;3;1.0;1.0;49,00583106;2,29498923;
202300034211.0;5;75;75117;2;1;2.0;3.0;48,88261200;2,28349700;
202300034212.0;5;76;76540;2;3;1.0;3.0;49,45487000;1,13590000;
202300034213.0;1;01;01204;1;3;1.0;3.0;46,16548000;5,69378800;
202300034214.0;5;76;76351;2;1;1.0;6.0;49,50149000;0,16256000;
202300034215.0;1;75;75114;2;1;1.0;3.0;48,82092700;2,32182800;
202300034216.0;1;72;72181;2;1;1.0;6.0;48,01586000;0,15145000;
202300034217.0;1;26;26288;1;1;1.0;1.0;44,41409278;5,26384592;
202300034218.0;1;91;91114;2;1;1.0;6.0;48,71192000;2,51982000;
202300034219.0;1;69;69266;2;3;1.0;6.0;45,76532080;4,88029291;
202300034220.0;1;75;75120;2;1;1.0;4.0;48,87053600;2,41322400;
202300034221.0;1;58;58215;2;1;1.0;1.0;47,28989900;2,97206500;
202300034222.0;1;91;91589;2;1;1.0;1.0;48,68512000;2,34928000;
202300034223.0;1;69;69029;2;1;1.0;4.0;45,73141935;4,88817768;
202300034224.0;1;66;66085;1;1;1.0;2.0;42,58118375;2,35233486;
202300034225.0;1;75;75120;2;3;1.0;6.0;48,85212300;2,41569300;
202300034226.0;1;87;87085;2;3;1.0;3.0;45,81016000;1,25688000;
202300034227.0;1;67;67482;2;1;1.0;3.0;48,54914000;7,74150000;
202300034228.0;1;54;54288;1;1;1.0;7.0;48,75069970;5,83561778;
202300034229.0;1;75;75119;2;2;1.0;6.0;48,88418800;2,36862600;
202300034230.0;1;67;67482;2;3;7.0;3.0;48,59056000;7,74461000;
202300034231.0;1;14;14726;2;1;1.0;7.0;48,81446591; -0,73015094;
202300034232.0;1;86;86066;2;3;1.0;3.0;46,81472400;0,54508300;
202300034233.0;1;66;66136;2;2;1.0;3.0;42,70089000;2,90056000;
202300034234.0;5;75;75120;2;2;3.0;2.0;48,87815800;2,40942900;
202300034235.0;1;14;14194;2;3;1.0;7.0;49,08344500;0,36811200;
202300034236.0;1;83;83126;2;1;1.0;6.0;43,10791000;5,86287000;
202300034237.0;2;63;63124;2;1;1.0;3.0;45,75084000;3,16240000;
202300034238.0;1;83;83061;2;1;1.0;2.0;43,44499300;6,73158100;
202300034239.0;1;14;14086;1;1;1.0;3.0;49,32577900;0,12223400;
202300034240.0;1;75;75118;2;2;3.0;6.0;48,88880100;2,34659100;
202300034241.0;3;50;50588;1;1;1.0;6.0;49,53708800; -1,48938800;
202300034242.0;4;62;62570;2;2;1.0;3.0;50,41267800;2,88534000;
202300034243.0;1;78;78551;1;1;1.0;1.0;48,92177000;2,08355000;
202300034244.0;1;75;75117;2;1;2.0;3.0;48,87722100;2,29751700;
202300034245.0;4;50;50615;2;6;1.0;6.0;49,50315800; -1,48465600;
202300034246.0;1;60;60159;2;3;1.0;6.0;49,41613477;2,82283938;
202300034247.0;1;78;78418;2;2;1.0;3.0;48,90631900;2,15240200;
202300034248.0;1;75;75116;2;1;2.0;2.0;48,87584100;2,27363200;
202300034249.0;3;43;43224;2;1;1.0;1.0;45,25343300;4,24353400;
202300034250.0;2;59;59378;2;3;1.0;6.0;50,66149000;3,09123000;
202300034251.0;1;75;75115;2;1;8.0;6.0;48,83972500;2,27287300;
202300034252.0;1;36;36001;2;1;1.0;3.0;46,43416640;1,82814598;
202300034253.0;1;54;54323;2;3;1.0;3.0;49,51338000;5,76760000;
202300034254.0;3;04;04200;2;1;1.0;6.0;44,14638500;5,99041300;
202300034255.0;1;75;75115;2;1;1.0;6.0;48,84118900;2,31698000;
202300034256.0;1;77;77243;2;1;1.0;1.0;48,87914900;2,70929700;
202300034257.0;1;51;51454;2;1;1.0;6.0;49,22700200;4,01178600;
202300034258.0;3;23;23093;1;1;1.0;6.0;46,19680800;2,26041600;
202300034259.0;1;76;76351;2;1;1.0;7.0;49,48199000;0,11480000;
202300034260.0;1;75;75114;2;2;2.0;3.0;48,82224400;2,33039800;
202300034261.0;5;51;51454;2;4;1.0;2.0;49,26596500;4,03096800;
202300034262.0;1;37;37028;1;2;1.0;3.0;46,79262300;0,98654300;
202300034263.0;5;76;76447;1;1;1.0;2.0;49,53728000;0,20264000;
202300034264.0;5;50;50129;2;9;1.0;3.0;49,63463000; -1,60167000;
202300034265.0;5;75;75111;2;2;3.0;3.0;48,86291500;2,37151700;
202300034266.0;1;49;49267;2;1;1.0;7.0;47,47832000; -0,45442000;
202300034267.0;1;37;37115;2;2;1.0;3.0;46,97494200;0,69506800;
202300034268.0;1;75;75108;2;3;2.0;3.0;48,86585000;2,31986900;
202300034269.0;1;76;76305;1;4;1.0;4.0;49,48693000;0,21701000;
202300034270.0;4;30;30263;2;1;1.0;6.0;43,96618700;3,85747800;
202300034271.0;1;47;47201;2;4;1.0;6.0;44,19363000;0,59397000;
202300034272.0;1;75;75108;2;2;2.0;6.0;48,87314300;2,29706200;
202300034273.0;1;73;73029;1;1;1.0;2.0;45,56369438;5,94815634;
202300034274.0;1;48;48097;1;1;1.0;7.0;44,14976341;3,76829405;
202300034275.0;1;47;47001;2;1;1.0;6.0;44,18384000;0,62495000;
202300034276.0;3;08;08340;1;1;1.0;6.0;49,41870690;4,09929191;
202300034277.0;5;72;72095;2;6;1.0;6.0;48,02839000;0,20245000;
202300034278.0;1;75;75108;2;3;2.0;3.0;48,87214300;2,32181300;
202300034279.0;1;88;88194;1;1;1.0;6.0;48,28210800;5,96137000;
202300034280.0;5;72;72181;2;6;1.0;6.0;47,99000000;0,18600000;
202300034281.0;1;45;45284;2;3;1.0;3.0;47,90829000;1,97123000;
202300034282.0;1;94;94076;2;1;2.0;6.0;48,80442852;2,36889669;
202300034283.0;1;42;42237;2;2;1.0;3.0;45,46778000;4,43275000;
202300034284.0;1;71;71306;2;1;1.0;3.0;46,68891900;4,35734300;
202300034285.0;1;10;10045;1;1;1.0;7.0;48,17278300;4,45744500;
202300034286.0;1;94;94073;2;6;1.0;3.0;48,75710600;2,38808800;
202300034287.0;5;38;38185;2;1;1.0;6.0;45,19213000;5,70738000;
202300034288.0;5;71;71270;2;1;1.0;6.0;46,32022000;4,81536000;
202300034289.0;1;94;94028;2;1;2.0;6.0;48,78421000;2,45157000;
202300034290.0;1;37;37214;2;3;1.0;6.0;47,40981000;0,67912000;
202300034291.0;1;69;69264;2;1;1.0;4.0;45,98096000;4,74034000;
202300034292.0;1;02;02559;1;1;1.0;2.0;49,67986700;3,50101500;
202300034293.0;1;93;93072;2;2;1.0;6.0;48,95523000;2,37920000;
202300034294.0;5;35;35238;2;2;2.0;2.0;48,09465000; -1,67462000;
202300034295.0;1;69;69290;2;3;1.0;3.0;45,70211000;4,91891000;
202300034296.0;1;35;35210;1;1;1.0;1.0;48,13331200; -1,80392000;
202300034297.0;2;35;35238;2;1;2.0;6.0;48,11650000; -1,70474000;
202300034298.0;1;68;68224;2;1;1.0;6.0;47,75633000;7,31407000;
202300034299.0;1;93;93070;2;3;1.0;2.0;48,90868585;2,33270377;
202300034300.0;1;973;97309;2;9;1.0;3.0;4,91486898; -52,27458537;
202300034301.0;1;67;67218;2;1;1.0;6.0;48,51545000;7,72247000;
202300034302.0;1;35;35281;1;1;1.0;4.0;48,06943824; -1,71278894;
202300034303.0;5;93;93077;2;3;2.0;6.0;48,88266120;2,51694068;
202300034304.0;1;39;39387;1;1;1.0;6.0;46,98768900;5,50492300;
202300034305.0;5;67;67482;2;1;1.0;1.0;48,59130000;7,73136000;
202300034306.0;1;35;35238;2;1;1.0;3.0;48,12190000; -1,65630000;
202300034307.0;1;93;93014;2;1;2.0;3.0;48,90657300;2,53730616;
202300034308.0;1;66;66136;2;1;1.0;1.0;42,70655000;2,88300000;
202300034309.0;1;35;35238;1;1;1.0;2.0;48,08077000; -1,67327000;
202300034310.0;2;06;06088;1;1;1.0;2.0;43,73510400;7,24614900;
202300034311.0;1;64;64249;2;1;1.0;3.0;43,42237500; -1,60512400;
202300034312.0;3;34;34113;1;1;1.0;3.0;43,48548207;3,70017690;
202300034313.0;5;93;93014;2;2;2.0;3.0;48,90670000;2,55613000;
202300034314.0;5;33;33281;2;3;1.0;1.0;44,82696000; -0,66417000;
202300034315.0;3;987;98740;1;1;1.0;7.0; -15,36400000; -147,96400000;
202300034316.0;1;64;64445;2;6;1.0;3.0;43,32395000; -0,34490000;
202300034317.0;1;31;31565;1;1;8.0;6.0;43,08997000;0,68982000;
202300034318.0;1;93;93007;2;1;1.0;3.0;48,93575648;2,46776038;
202300034319.0;1;64;64445;2;6;1.0;6.0;43,30409000; -0,36694000;
202300034320.0;2;25;25462;2;1;1.0;2.0;46,90996000;6,33400000;
202300034321.0;1;974;97415;1;6;1.0;6.0; -21,08790400;55,23754100;
202300034322.0;1;93;93001;2;2;1.0;5.0;48,91498117;2,40425223;
202300034323.0;5;64;64102;2;4;2.0;2.0;43,49532000; -1,47025000;
202300034324.0;3;974;97415;1;1;1.0;6.0; -21,04233000;55,22655000;
202300034325.0;2;25;25056;2;2;1.0;3.0;47,24410800;6,02704300;
202300034326.0;5;92;92046;2;1;2.0;6.0;48,81443000;2,30337000;
202300034327.0;1;61;61001;2;1;1.0;3.0;48,41184100;0,09584600;
202300034328.0;1;29;29233;1;1;1.0;6.0;47,83775053; -3,58137881;
202300034329.0;1;22;22113;2;1;1.0;6.0;48,72900000; -3,45300000;
202300034330.0;1;92;92062;2;1;3.0;3.0;48,87658836;2,24045187;
202300034331.0;1;59;59421;2;1;1.0;6.0;50,70245000;3,14104000;
202300034332.0;1;19;19031;2;6;1.0;3.0;45,16726000;1,54247000;
202300034333.0;1;92;92035;2;7;1.0;6.0;48,90556373;2,23967671;
202300034334.0;1;33;33214;1;3;1.0;5.0;44,97614900; -1,04682300;
202300034335.0;5;13;13106;2;1;1.0;1.0;43,39192880;5,35182429;
202300034336.0;5;59;59350;2;2;1.0;3.0;50,63457000;3,05671000;
202300034337.0;2;13;13204;2;1;1.0;7.0;43,31500000;5,40297000;
202300034338.0;2;92;92044;2;3;3.0;6.0;48,89478292;2,28795379;
202300034339.0;3;77;77392;1;1;1.0;3.0;49,06960100;2,71414900;
202300034340.0;1;59;59359;2;1;1.0;3.0;50,99625310;2,22415423;
202300034341.0;1;92;92004;2;1;2.0;7.0;48,91802000;2,32037000;
202300034342.0;3;95;95627;2;1;1.0;7.0;49,14144400;2,10514900;
202300034343.0;1;13;13212;2;2;1.0;3.0;43,29491000;5,41863000;
202300034344.0;5;59;59183;2;1;1.0;6.0;51,03275000;2,37469000;
202300034345.0;1;78;78420;2;3;1.0;3.0;48,77539900;1,81265800;
202300034346.0;1;13;13206;2;5;2.0;6.0;43,29012729;5,37818003;
202300034347.0;2;11;11328;1;1;1.0;1.0;43,11705500;2,14475900;
202300034348.0;1;59;59183;2;2;1.0;1.0;51,04407000;2,40081000;
202300034349.0;1;66;66112;1;1;1.0;1.0;42,58099000;2,73643800;
202300034350.0;1;57;57463;2;3;1.0;3.0;49,10831000;6,17349000;
202300034351.0;1;13;13004;2;9;2.0;5.0;43,66842406;4,59727642;
202300034352.0;1;06;06114;2;1;1.0;1.0;43,73679800;7,29095200;
202300034353.0;1;34;34057;1;1;1.0;3.0;43,65072600;3,92046700;
202300034354.0;2;56;56121;2;2;1.0;3.0;47,76116000; -3,38629000;
202300034355.0;1;07;07022;1;1;1.0;7.0;44,70346700;4,76547000;
202300034356.0;1;84;84054;2;1;1.0;6.0;43,92209700;5,04804600;
202300034357.0;3;54;54521;1;1;1.0;7.0;49,48087000;5,90024000;
202300034358.0;1;11;11262;2;3;1.0;2.0;43,17551000;3,00001000;
202300034359.0;1;974;97405;1;1;1.0;1.0; -21,34297200;55,57319300;
202300034360.0;1;83;83138;1;1;1.0;1.0;43,61414300;6,72045200;
202300034361.0;1;51;51454;2;6;1.0;3.0;49,25744000;4,03876000;
202300034362.0;1;11;11069;2;1;1.0;7.0;43,19711000;2,35768000;
202300034363.0;1;974;97414;1;1;1.0;6.0; -21,28460100;55,42354400;
202300034364.0;1;10;10081;2;1;1.0;6.0;48,30585000;4,02901000;
202300034365.0;1;57;57584;1;2;1.0;3.0;49,09786900;7,27352900;
202300034366.0;1;49;49007;2;1;1.0;3.0;47,48258000; -0,52144000;
202300034367.0;1;73;73311;2;1;1.0;7.0;45,46424300;6,16889800;
202300034368.0;1;10;10060;1;1;1.0;3.0;48,25228000;4,10947000;
202300034369.0;3;06;06118;1;1;1.0;6.0;43,62706800;6,82033800;
202300034370.0;4;45;45147;2;1;1.0;3.0;47,93043700;1,89570200;
202300034371.0;1;26;26088;2;1;1.0;7.0;45,02778500;5,08075000;
202300034372.0;1;26;26309;1;1;1.0;6.0;45,07138400;5,45848800;
202300034373.0;1;75;75113;2;1;1.0;3.0;48,82027300;2,37556000;
202300034374.0;1;56;56067;1;1;1.0;7.0;47,73091300; -2,83343700;
202300034375.0;1;42;42186;2;1;1.0;2.0;45,52321000;4,60990000;
202300034376.0;2;26;26064;2;1;1.0;7.0;44,90501400;5,02091800;
202300034377.0;1;75;75118;2;2;1.0;3.0;48,89915400;2,33624000;
202300034378.0;1;37;37261;2;1;8.0;6.0;47,37494000;0,67895000;
202300034379.0;1;69;69196;1;4;1.0;1.0;46,15059421;4,50905100;
202300034380.0;1;37;37122;1;1;1.0;6.0;47,36654184;0,65321642;
202300034381.0;5;75;75116;2;1;1.0;3.0;48,84670600;2,27303000;
202300034382.0;1;33;33507;1;2;1.0;3.0;44,39381800; -0,19678800;
202300034383.0;1;37;37261;2;1;1.0;6.0;47,39034000;0,69452000;
202300034384.0;3;33;33232;1;1;1.0;6.0;44,26010700; -0,10062600;
202300034385.0;3;33;33018;1;1;1.0;6.0;45,01242000; -0,35611200;
202300034386.0;5;75;75116;2;2;1.0;3.0;48,83651700;2,25597700;
202300034387.0;5;36;36063;2;1;1.0;7.0;46,82635082;1,70767128;
202300034388.0;1;33;33433;1;1;1.0;3.0;44,91969100; -0,44171400;
202300034389.0;1;63;63009;1;1;1.0;6.0;45,41481000;3,13668300;
202300034390.0;1;35;35238;2;2;1.0;2.0;48,09375562; -1,67465597;
202300034391.0;3;34;34108;1;1;6.0;6.0;43,44821000;3,79702000;
202300034392.0;1;75;75116;2;7;1.0;4.0;48,85019300;2,24191800;
202300034393.0;1;22;22364;1;2;7.0;3.0;48,43008500; -2,10248400;
202300034394.0;2;63;63154;1;2;1.0;3.0;45,74803100;3,32392200;
202300034395.0;1;75;75115;2;2;1.0;6.0;48,83512500;2,28904500;
202300034396.0;1;27;27213;2;9;1.0;7.0;49,18484200;1,53840200;
202300034397.0;1;60;60581;1;1;1.0;7.0;49,50822990;2,41727249;
202300034398.0;5;75;75113;2;2;1.0;6.0;48,82663500;2,36360900;
202300034399.0;1;34;34172;2;2;3.0;1.0;43,59582200;3,86830600;
202300034400.0;1;22;22258;2;3;6.0;3.0;48,42484500; -2,66060900;
202300034401.0;1;75;75108;2;1;1.0;2.0;48,86507000;2,31662600;
202300034402.0;2;22;22046;1;1;2.0;7.0;48,26866070; -2,55649441;
202300034403.0;1;93;93073;2;2;1.0;3.0;48,96547700;2,56923800;
202300034404.0;1;13;13215;1;1;1.0;5.0;43,37946000;5,35663000;
202300034405.0;1;29;29023;2;1;1.0;6.0;48,65934900; -3,92145900;
202300034406.0;1;93;93007;2;9;1.0;6.0;48,95168100;2,44433400;
202300034407.0;1;93;93066;2;3;1.0;2.0;48,93317591;2,36668535;
202300034408.0;1;13;13215;2;1;1.0;4.0;43,33851600;5,34905400;
202300034409.0;1;54;54146;1;1;1.0;2.0;48,58800587;5,88964820;
202300034410.0;1;13;13212;1;1;1.0;2.0;43,30297600;5,42518500;
202300034411.0;5;93;93055;2;3;1.0;3.0;48,90144090;2,41295159;
202300034412.0;1;93;93051;2;1;1.0;3.0;48,83546000;2,58287000;
202300034413.0;1;83;83137;1;1;1.0;2.0;43,12064000;5,95065000;
202300034414.0;5;93;93005;2;3;1.0;3.0;48,93533100;2,49314100;
202300034415.0;2;42;42044;1;1;1.0;2.0;45,38959000;4,31171000;
202300034416.0;1;93;93001;2;9;1.0;3.0;48,90707685;2,38451734;
202300034417.0;1;33;33550;1;1;1.0;6.0;44,78334000; -0,58777000;
202300034418.0;2;91;91659;1;1;1.0;6.0;48,58613000;2,45190000;
202300034419.0;1;92;92020;2;2;1.0;3.0;48,80251000;2,29133000;
202300034420.0;2;91;91689;1;1;1.0;2.0;48,74223000;2,32217000;
202300034421.0;2;22;22206;2;3;1.0;3.0;48,54160000; -2,97588900;
202300034422.0;1;78;78418;1;1;1.0;7.0;48,91577100;2,13184000;
202300034423.0;1;51;51085;1;1;1.0;7.0;48,97299200;3,65052900;
202300034424.0;1;78;78455;1;1;1.0;4.0;48,85954000;2,04954000;
202300034425.0;5;54;54138;2;1;8.0;6.0;49,52740900;5,72866900;
202300034426.0;1;95;95218;1;1;1.0;3.0;49,03547536;2,09719777;
202300034427.0;3;58;58102;1;1;1.0;6.0;47,37251100;3,07335600;
202300034428.0;1;93;93066;1;1;1.0;3.0;48,90986637;2,35795605;
202300034429.0;1;56;56020;1;1;1.0;6.0;47,77492500; -2,44616900;
202300034430.0;1;95;95241;1;1;1.0;2.0;49,04645000;2,43915000;
202300034431.0;2;24;24550;1;1;1.0;7.0;45,15834700;1,06131200;
202300034432.0;1;95;95641;1;1;1.0;7.0;49,07500284;2,55208716;
202300034433.0;1;71;71013;1;1;1.0;7.0;46,90199100;5,28197800;
202300034434.0;1;77;77055;1;1;1.0;2.0;48,90254900;2,64833400;
202300034435.0;1;49;49369;2;1;1.0;6.0;47,38720000;0,07977400;
202300034436.0;1;77;77384;1;1;1.0;2.0;48,59772700;2,63481200;
202300034437.0;5;41;41151;2;3;1.0;3.0;47,34106900;1,17781200;
202300034438.0;2;77;77237;1;1;1.0;2.0;48,83094300;2,76092800;
202300034439.0;3;44;44056;2;1;1.0;2.0;47,41759800; -1,77682600;
202300034440.0;1;29;29150;1;1;1.0;6.0;47,80304900; -3,65106600;
202300034441.0;1;54;54395;2;7;1.0;6.0;48,68239000;6,16557000;
202300034442.0;1;87;87085;2;1;1.0;6.0;45,82990000;1,24991000;
202300034443.0;1;31;31341;1;1;7.0;5.0;43,73401100;1,31751400;
202300034444.0;1;988;98818;2;1;1.0;6.0; -22,26822000;166,45567000;
202300034445.0;1;58;58095;2;1;1.0;3.0;46,83512500;3,46667500;
202300034446.0;1;14;14550;1;1;1.0;7.0;49,18632720;0,02973016;
202300034447.0;1;974;97411;1;1;2.0;7.0; -20,88761000;55,44040000;
202300034448.0;1;83;83010;1;1;1.0;7.0;43,73666200;6,56057600;
202300034449.0;1;974;97411;2;2;1.0;6.0; -20,87754000;55,45228000;
202300034450.0;1;60;60264;1;1;1.0;7.0;49,37647740;2,07963414;
202300034451.0;5;974;97411;2;1;1.0;3.0; -20,90145000;55,50177000;
202300034452.0;2;64;64452;1;1;4.0;1.0;43,31170500; -0,05786600;
202300034453.0;1;36;36130;1;1;1.0;1.0;46,58138561;2,05601902;
202300034454.0;1;974;97411;1;3;1.0;1.0; -20,89882000;55,46078000;
202300034455.0;1;75;75109;2;3;1.0;6.0;48,87729800;2,33939100;
202300034456.0;1;973;97302;2;3;1.0;3.0;4,93025973; -52,32601941;
202300034457.0;1;75;75108;2;7;1.0;3.0;48,86472653;2,30135679;
202300034458.0;1;38;38053;2;4;1.0;6.0;45,58008000;5,27429000;
202300034459.0;1;75;75104;2;3;1.0;4.0;48,85437800;2,35494700;
202300034460.0;5;69;69382;2;2;1.0;3.0;45,75949000;4,82968000;
202300034461.0;1;94;94044;2;6;7.0;3.0;48,75140662;2,49025512;
202300034462.0;1;2B;2B033;2;9;1.0;;42,67735000;9,43401000;
202300034463.0;1;94;94058;2;1;1.0;6.0;48,84182757;2,50530674;
202300034464.0;5;2A;2A004;2;1;1.0;6.0;41,91670000;8,73748000;
202300034465.0;5;62;62160;2;6;2.0;3.0;50,71435951;1,60705590;
202300034466.0;1;94;94003;2;1;1.0;2.0;48,80300124;2,33812465;
202300034467.0;1;94;94003;2;1;1.0;6.0;48,80153270;2,33169539;
202300034468.0;1;59;59599;2;2;2.0;3.0;50,73808372;3,16229919;
202300034469.0;1;59;59299;1;9;3.0;6.0;50,66083000;3,17888000;
202300034470.0;1;94;94038;2;6;1.0;6.0;48,78600648;2,34208567;
202300034471.0;1;91;91552;2;1;1.0;1.0;48,59710000;2,24770000;
202300034472.0;1;94;94017;2;6;1.0;3.0;48,81167000;2,53662000;
202300034473.0;1;59;59350;2;4;3.0;1.0;50,63488000;3,04755000;
202300034474.0;3;87;87085;1;1;1.0;2.0;45,86079700;1,28643200;
202300034475.0;1;94;94056;2;1;1.0;6.0;48,69746405;2,55180967;
202300034476.0;1;54;54528;2;3;1.0;6.0;48,68715400;5,89876400;
202300034477.0;3;87;87085;1;1;2.0;2.0;45,83040000;1,28214000;
202300034478.0;2;53;53130;2;1;8.0;6.0;48,07109800; -0,75077300;
202300034479.0;1;94;94075;2;1;1.0;3.0;48,73289000;2,51379000;
202300034480.0;1;87;87075;2;1;1.0;6.0;45,80995000;1,21998000;
202300034481.0;5;51;51454;2;1;2.0;6.0;49,25897000;4,02193000;
202300034482.0;1;87;87085;1;1;1.0;3.0;45,87271500;1,16337940;
202300034483.0;1;93;93059;2;1;1.0;3.0;48,97111000;2,36623000;
202300034484.0;5;49;49099;2;1;1.0;6.0;47,04165000; -0,90251000;
202300034485.0;1;83;83137;2;6;1.0;3.0;43,13220000;5,90420000;
202300034486.0;2;49;49099;2;6;2.0;6.0;47,07266000; -0,89885000;
202300034487.0;1;93;93066;2;1;1.0;2.0;48,94532005;2,35154740;
202300034488.0;1;78;78650;2;9;1.0;6.0;48,89367500;2,13655500;
202300034489.0;1;93;93066;2;1;1.0;6.0;48,91111300;2,35776700;
202300034490.0;1;47;47201;1;1;2.0;6.0;44,19019000;0,60519000;
202300034491.0;1;78;78238;2;6;1.0;6.0;48,96486000;1,86641000;
202300034492.0;1;93;93064;2;1;1.0;6.0;48,87690521;2,47978530;
202300034493.0;2;44;44109;2;4;1.0;6.0;47,24343000; -1,52329000;
202300034494.0;3;76;76005;1;1;1.0;5.0;49,40565000;1,12183000;
202300034495.0;1;93;93014;2;3;1.0;3.0;48,90857963;2,54509131;
202300034496.0;5;42;42218;2;1;2.0;6.0;45,41519000;4,40162000;
202300034497.0;1;76;76540;2;1;1.0;6.0;49,44645000;1,09318000;
202300034498.0;1;42;42218;2;2;1.0;3.0;45,45899000;4,39562000;
202300034499.0;1;93;93010;2;1;1.0;2.0;48,90697000;2,48706000;
202300034500.0;1;76;76351;2;2;1.0;3.0;49,49062700;0,10021800;
202300034501.0;2;76;76351;2;1;1.0;7.0;49,49373000;0,11837000;
202300034502.0;1;37;37122;2;1;1.0;2.0;47,34858368;0,64606905;
202300034503.0;1;74;74118;2;1;1.0;3.0;46,17887000;6,23333000;
202300034504.0;5;92;92073;1;1;1.0;4.0;48,86529544;2,22696796;
202300034505.0;1;37;37261;2;1;1.0;4.0;47,38370000;0,71097000;
202300034506.0;1;72;72181;2;1;1.0;6.0;47,97503000;0,19364000;
202300034507.0;1;72;72181;1;1;3.0;6.0;47,96000000;0,21200000;
202300034508.0;2;35;35238;2;4;8.0;6.0;48,10791000; -1,70280000;
202300034509.0;1;92;92051;2;1;1.0;5.0;48,89003000;2,26034000;
202300034510.0;1;71;71059;1;1;1.0;6.0;46,77433479;4,50877793;
202300034511.0;1;92;92050;2;1;1.0;3.0;48,88595000;2,21570000;
202300034512.0;3;34;34172;1;6;1.0;2.0;43,64502000;3,85216000;
202300034513.0;1;69;69256;2;2;1.0;3.0;45,77554000;4,91743000;
202300034514.0;1;92;92035;2;8;1.0;1.0;48,90567028;2,23901464;
202300034515.0;3;33;33529;2;1;3.0;2.0;44,61325167; -1,15080178;
202300034516.0;1;69;69275;2;1;1.0;3.0;45,75874677;4,93642881;
202300034517.0;1;92;92019;2;9;1.0;3.0;48,76902959;2,25045741;
202300034518.0;1;28;28134;1;1;2.0;4.0;48,74246971;1,33179188;
202300034519.0;1;92;92012;2;1;1.0;7.0;48,82924000;2,24018000;
202300034520.0;5;19;19031;2;3;2.0;6.0;45,15479000;1,48075000;
202300034521.0;1;69;69259;2;1;1.0;2.0;45,69124000;4,88260000;
202300034522.0;1;92;92004;2;1;1.0;3.0;48,91110000;2,29863000;
202300034523.0;1;13;13208;2;1;1.0;1.0;43,27288300;5,39119100;
202300034524.0;1;54;54563;1;9;1.0;3.0;48,48350400;6,09367800;
202300034525.0;1;13;13001;2;1;1.0;1.0;43,51892000;5,46254000;
202300034526.0;2;51;51352;1;1;1.0;3.0;48,72265100;4,63163900;
202300034527.0;1;11;11262;2;2;1.0;6.0;43,18720000;2,98312000;
202300034528.0;1;01;01092;1;3;7.0;3.0;45,96398200;5,25825600;
202300034529.0;1;10;10333;2;9;2.0;7.0;48,27946000;4,04215000;
202300034530.0;1;973;97353;2;1;1.0;3.0;3,64448600; -54,03523000;
202300034531.0;1;09;09130;1;1;2.0;7.0;42,93621499;1,58662990;
202300034532.0;1;05;05161;1;1;1.0;1.0;44,96144368;6,58739483;
202300034533.0;1;06;06029;2;3;1.0;3.0;43,55427000;7,01648000;
202300034534.0;1;974;97401;2;3;1.0;3.0; -21,24086200;55,33301200;
202300034535.0;5;75;75119;2;1;1.0;5.0;48,90049500;2,37384600;
202300034536.0;1;62;62038;2;1;7.0;6.0;50,85500000;1,97703500;
202300034537.0;5;75;75112;2;3;1.0;6.0;48,84446640;2,44019866;
202300034538.0;1;54;54236;1;1;1.0;1.0;49,42402500;5,53557900;
202300034539.0;1;75;75118;2;1;2.0;2.0;48,90086000;2,36433000;
202300034540.0;1;76;76648;1;1;1.0;2.0;49,64968000;1,26636200;
202300034541.0;1;75;75113;2;1;8.0;3.0;48,82429900;2,38466600;
202300034542.0;1;75;75120;2;1;1.0;6.0;48,85330000;2,40591700;