Num_Acc;lum;departement;commune;agglomeration;intersection;meteo;type_collision;lat;long;date
202300034543.0;3;14;14760;1;1;1.0;2.0;49,09553600; -0,62145700;
202300034544.0;1;75;75119;2;3;1.0;6.0;48,87897600;2,37128700;
202300034545.0;3;62;62289;1;1;5.0;6.0;50,44641539;1,78342053;
202300034546.0;1;75;75118;2;2;8.0;3.0;48,89483900;2,34634200;
202300034547.0;1;75;75118;2;5;8.0;3.0;48,88730800;2,34956300;
202300034548.0;1;2B;2B250;1;1;1.0;6.0;42,51565400;9,42255700;
202300034549.0;1;75;75117;2;3;1.0;6.0;48,88070900;2,29345700;
202300034550.0;2;32;32194;1;1;1.0;1.0;43,94918800;0,29978500;
202300034551.0;1;75;75117;2;1;1.0;2.0;48,89011500;2,29852000;
202300034552.0;5;71;71014;2;2;1.0;1.0;46,95051900;4,29489900;
202300034553.0;5;75;75114;2;2;2.0;3.0;48,81973500;2,32572700;
202300034554.0;1;71;71146;1;1;1.0;1.0;46,45465300;4,69556100;
202300034555.0;5;75;75111;2;2;2.0;1.0;48,85575200;2,39132800;
202300034556.0;1;63;63236;1;1;1.0;5.0;45,57255100;2,82273500;
202300034557.0;1;75;75111;2;1;2.0;6.0;48,85490000;2,37302000;
202300034558.0;1;63;63297;1;1;1.0;3.0;45,75462538;3,36773295;
202300034559.0;1;75;75111;2;2;1.0;3.0;48,86588330;2,37630400;
202300034560.0;1;55;55568;1;1;1.0;3.0;48,71184900;5,06166300;
202300034561.0;5;75;75107;2;9;1.0;7.0;48,85839900;2,31116700;
202300034562.0;5;94;94074;2;1;2.0;6.0;48,76556031;2,44151283;
202300034563.0;1;12;12088;1;1;1.0;1.0;44,65969400;2,94691100;
202300034564.0;1;94;94042;2;2;3.0;6.0;48,82006064;2,47950053;
202300034565.0;3;68;68096;1;6;1.0;7.0;47,60975100;7,35371600;
202300034566.0;1;94;94043;2;6;2.0;3.0;48,80977000;2,36227000;
202300034567.0;2;35;35188;2;6;1.0;3.0;48,13397100; -1,94666700;
202300034568.0;3;03;03107;1;1;1.0;7.0;46,11512600;3,11366900;
202300034569.0;5;94;94074;2;3;1.0;2.0;48,74232231;2,47500622;
202300034570.0;1;94;94016;2;1;1.0;6.0;48,78762199;2,33013394;
202300034571.0;1;15;15083;1;1;1.0;1.0;44,98178800;2,42927100;
202300034572.0;1;01;01272;1;1;1.0;6.0;46,13827400;5,03624400;
202300034573.0;1;94;94077;2;2;1.0;3.0;48,73740000;2,41920000;
202300034574.0;1;70;70282;2;4;7.0;1.0;47,40004700;5,81083100;
202300034575.0;1;93;93070;2;5;1.0;6.0;48,90449200;2,32868000;
202300034576.0;1;70;70441;1;4;1.0;7.0;47,47465000;5,97945900;
202300034577.0;5;92;92078;2;9;2.0;3.0;48,93293460;2,33572823;
202300034578.0;1;66;66001;1;1;1.0;6.0;42,46359179;2,89738655;
202300034579.0;5;92;92012;2;9;1.0;3.0;48,83192929;2,23819010;
202300034580.0;1;14;14735;1;3;7.0;1.0;49,03400528; -0,06512133;
202300034581.0;1;14;14367;1;1;7.0;3.0;49,25986500; -1,05415100;
202300034582.0;1;92;92009;2;1;1.0;3.0;48,92652976;2,27247030;
202300034583.0;3;18;18001;1;1;1.0;7.0;47,28393100;2,47025000;
202300034584.0;5;92;92002;2;1;2.0;6.0;48,74077166;2,28162825;
202300034585.0;1;24;24520;2;3;1.0;3.0;44,88401200;1,21966200;
202300034586.0;3;33;33138;1;1;2.0;6.0;45,02836590; -0,06288707;
202300034587.0;1;48;48061;1;1;1.0;7.0;44,33858300;3,58633900;
202300034588.0;1;973;97307;1;1;1.0;3.0;4,90163700; -52,36351700;
202300034589.0;1;972;97229;2;4;1.0;1.0;14,63059600; -61,11345400;
202300034590.0;1;01;01063;1;1;1.0;6.0;46,17492000;5,56010100;
202300034591.0;1;72;72241;1;1;1.0;7.0;48,06213500;0,39310500;
202300034592.0;3;63;63240;1;1;1.0;2.0;46,04309972;3,21004894;
202300034593.0;3;21;21295;1;1;1.0;6.0;47,21934200;5,00558100;
202300034594.0;1;974;97414;2;1;1.0;3.0; -21,28425600;55,39510500;
202300034595.0;3;59;59653;1;1;2.0;1.0;50,59390819;2,93170688;
202300034596.0;3;28;28392;1;1;1.0;4.0;48,22010900;1,84694200;
202300034597.0;1;28;28121;1;1;1.0;3.0;48,12890300;1,85302300;
202300034598.0;1;56;56231;1;1;8.0;6.0;47,67919600; -2,65358700;
202300034599.0;1;987;98753;1;1;3.0;6.0; -23,37250400; -149,46158600;
202300034600.0;3;986;98613;2;1;1.0;6.0; -13,24190900; -176,18062000;
202300034601.0;1;986;98613;1;9;8.0;6.0; -13,34010000; -176,19581200;
202300034602.0;3;67;67508;1;1;8.0;7.0;48,98966900;7,14177300;
202300034603.0;1;77;77455;1;1;7.0;2.0;48,63419900;2,72625100;
202300034604.0;1;95;95059;1;1;1.0;7.0;49,18549000;2,06487200;
202300034605.0;1;76;76547;1;1;1.0;6.0;49,56018227;1,26216459;
202300034606.0;3;91;91600;1;1;1.0;6.0;48,67632200;2,49864000;
202300034607.0;5;2B;2B096;2;1;1.0;6.0;42,30720900;9,15112300;
202300034608.0;1;78;78310;2;1;7.0;3.0;48,78954200;1,60855800;
202300034609.0;1;2B;2B190;1;1;1.0;7.0;42,52776100;9,02359500;
202300034610.0;1;80;80330;1;1;1.0;1.0;49,96797100;1,79198800;
202300034611.0;1;2A;2A041;2;1;1.0;2.0;41,39020400;9,18763900;
202300034612.0;1;34;34052;1;1;1.0;6.0;43,32456900;3,05750400;
202300034613.0;1;83;83115;2;9;1.0;6.0;43,31189200;6,63263600;
202300034614.0;1;61;61230;2;1;2.0;6.0;48,53080800;0,75280400;
202300034615.0;1;06;06078;1;1;1.0;5.0;43,91523600;7,17398100;
202300034616.0;2;13;13081;2;1;7.0;6.0;43,48613600;5,23068600;
202300034617.0;1;46;46240;1;8;1.0;3.0;44,84118500;1,65368900;
202300034618.0;5;29;29061;2;1;2.0;3.0;48,42810800; -4,45441900;
202300034619.0;3;57;57254;1;1;1.0;1.0;49,04487300;6,02389800;
202300034620.0;3;13;13036;1;3;2.0;3.0;43,84781300;4,84106000;
202300034621.0;1;63;63150;1;3;1.0;3.0;45,90138517;3,07332337;
202300034622.0;5;02;02608;2;1;2.0;6.0;49,83827000;4,06225900;
202300034623.0;1;42;42204;2;1;1.0;3.0;45,42409900;4,06326200;
202300034624.0;1;38;38158;2;1;1.0;1.0;45,15611900;5,73910200;
202300034625.0;3;01;01056;1;1;2.0;1.0;46,04556900;5,46547800;
202300034626.0;1;17;17283;2;1;1.0;6.0;45,57922200; -0,54450500;
202300034627.0;1;33;33080;1;1;1.0;6.0;44,72997500; -0,53141300;
202300034628.0;1;33;33422;1;1;1.0;1.0;44,81787318; -0,85314900;
202300034629.0;3;01;01283;1;1;3.0;2.0;46,28765900;5,65136100;
202300034630.0;1;50;50492;1;1;7.0;6.0;49,09544900; -0,90017100;
202300034631.0;3;50;50074;1;1;2.0;6.0;48,71695600; -1,17152200;
202300034632.0;1;22;22223;1;1;1.0;5.0;48,59240200; -3,17615400;
202300034633.0;1;22;22136;2;1;1.0;2.0;48,18797800; -2,75625400;
202300034634.0;1;59;59249;1;1;1.0;6.0;50,02099700;4,07863100;
202300034635.0;1;45;45167;1;2;1.0;3.0;47,86223800;1,69979800;
202300034636.0;1;07;07317;1;1;2.0;6.0;45,21566400;4,79115500;
202300034637.0;1;13;13212;1;1;1.0;3.0;43,30339800;5,42534100;
202300034638.0;1;83;83137;1;1;1.0;3.0;43,13170000;5,98060000;
202300034639.0;1;07;07238;1;3;1.0;3.0;44,43717700;4,19512000;
202300034640.0;1;83;83137;1;1;1.0;3.0;43,12679027;5,91170232;
202300034641.0;1;59;59359;1;1;1.0;2.0;50,98179000;2,22668000;
202300034642.0;2;85;85234;1;1;1.0;5.0;46,80110200; -2,03599500;
202300034643.0;1;59;59328;1;1;1.0;2.0;50,65927000;3,01890000;
202300034644.0;5;27;27102;2;1;2.0;6.0;49,36096000;0,78145600;
202300034645.0;1;59;59202;1;1;1.0;2.0;50,67778000;2,85683000;
202300034646.0;1;91;91174;1;1;1.0;3.0;48,61039000;2,44499000;
202300034647.0;1;91;91553;1;1;1.0;3.0;48,62802000;2,48016000;
202300034648.0;4;987;98729;1;9;3.0;3.0; -17,57700000; -150,20200000;
202300034649.0;1;92;92019;1;1;1.0;2.0;48,76656760;2,24478607;
202300034650.0;3;91;91692;1;1;1.0;7.0;48,68487000;2,18938000;
202300034651.0;5;974;97415;2;6;1.0;6.0; -21,06107900;55,22347000;
202300034652.0;1;92;92047;1;1;1.0;3.0;48,83231571;2,15438418;
202300034653.0;3;974;97415;1;1;1.0;1.0; -21,02222100;55,23225200;
202300034654.0;2;92;92064;1;1;1.0;4.0;48,83736624;2,18864663;
202300034655.0;5;973;97308;2;1;1.0;7.0;3,88789300; -51,80270700;
202300034656.0;2;95;95018;1;1;1.0;2.0;48,95759000;2,27568000;
202300034657.0;5;95;95370;2;1;1.0;3.0;49,13934056;1,98479176;
202300034658.0;1;93;93005;1;1;1.0;3.0;48,95707000;2,46129000;
202300034659.0;1;93;93027;1;1;1.0;3.0;48,92396263;2,38567719;
202300034660.0;3;30;30258;1;1;1.0;1.0;43,67122400;4,40502400;
202300034661.0;1;54;54257;2;1;7.0;2.0;48,65103791;6,20799422;
202300034662.0;5;34;34057;2;1;1.0;1.0;43,62374700;3,91587000;
202300034663.0;1;19;19272;2;1;1.0;2.0;45,25416107;1,75927269;
202300034664.0;2;93;93005;2;6;2.0;2.0;48,96030000;2,48815000;
202300034665.0;1;83;83119;2;1;1.0;6.0;43,26947200;6,63612300;
202300034666.0;1;93;93005;2;2;1.0;5.0;48,93319851;2,48961278;
202300034667.0;1;32;32285;1;1;3.0;6.0;43,60755600;0,33778700;
202300034668.0;1;06;06078;1;1;1.0;3.0;43,93052400;7,11096500;
202300034669.0;1;32;32258;1;1;1.0;6.0;43,74687100;0,67414600;
202300034670.0;1;988;98818;2;3;1.0;6.0; -22,29652000;166,44321000;
202300034671.0;1;06;06157;1;1;1.0;1.0;43,73894100;7,13107100;
202300034672.0;1;974;97416;2;6;7.0;1.0; -21,32527700;55,48628000;
202300034673.0;5;973;97302;1;1;1.0;3.0;4,90482000; -52,32341000;
202300034674.0;1;52;52102;2;1;7.0;6.0;47,89351000;5,34660800;
202300034675.0;1;973;97302;2;2;1.0;3.0;4,93334000; -52,33170000;
202300034676.0;5;69;69383;2;2;1.0;3.0;45,75279000;4,85209000;
202300034677.0;1;69;69094;2;1;1.0;6.0;45,73899300;4,68855300;
202300034678.0;1;69;69383;2;4;1.0;3.0;45,75601000;4,84654000;
202300034679.0;1;972;97213;1;1;1.0;7.0;14,63326000; -61,02224000;
202300034680.0;1;972;97209;1;1;1.0;7.0;14,69478000; -61,08851000;
202300034681.0;1;69;69081;1;1;1.0;2.0;45,78682000;4,78554000;
202300034682.0;5;17;17185;2;9;1.0;3.0;45,73254400; -0,95730200;
202300034683.0;1;69;69034;2;3;1.0;6.0;45,79544556;4,84123131;
202300034684.0;3;16;16146;1;1;1.0;6.0;45,63095000;0,27053800;
202300034685.0;5;2A;2A004;2;1;1.0;6.0;41,92000000;8,74000000;
202300034686.0;5;60;60612;2;3;1.0;3.0;49,20833300;2,59936100;
202300034687.0;1;95;95280;2;6;1.0;3.0;49,02288000;2,45772000;
202300034688.0;3;60;60360;1;1;2.0;1.0;49,33303700;2,45458600;
202300034689.0;1;83;83144;1;1;8.0;7.0;43,14176207;6,00499817;
202300034690.0;1;91;91377;2;9;1.0;3.0;48,73372900;2,28593900;
202300034691.0;1;91;91161;2;1;1.0;6.0;48,69707700;2,30633400;
202300034692.0;3;54;54265;1;1;2.0;6.0;48,63957058;6,17085438;
202300034693.0;1;88;88383;2;1;7.0;6.0;48,01312109;6,59442008;
202300034694.0;1;33;33063;1;1;2.0;6.0;44,88523000; -0,56193000;
202300034695.0;1;85;85194;2;3;1.0;1.0;46,49761000; -1,74136000;
202300034696.0;5;77;77409;2;1;1.0;6.0;48,40230000;2,98660000;
202300034697.0;1;77;77251;2;1;1.0;6.0;48,61949400;2,54373200;
202300034698.0;3;91;91363;1;1;2.0;2.0;48,64087000;2,19967000;
202300034699.0;1;77;77407;2;3;1.0;1.0;48,52875000;2,51684000;
202300034700.0;1;77;77284;2;1;1.0;3.0;48,96296000;2,89774000;
202300034701.0;3;91;91521;1;1;2.0;4.0;48,63786000;2,39712000;
202300034702.0;1;77;77199;1;1;1.0;7.0;48,93967000;2,92382000;
202300034703.0;1;92;92012;1;1;8.0;6.0;48,84862148;2,22831510;
202300034704.0;1;77;77438;2;2;1.0;1.0;48,86307000;2,67504000;
202300034705.0;1;77;77186;1;1;1.0;2.0;48,36510000;2,69160000;
202300034706.0;1;92;92064;1;1;1.0;4.0;48,83953087;2,19743855;
202300034707.0;4;76;76540;2;2;1.0;3.0;49,43793000;1,09779000;
202300034708.0;3;93;93006;1;1;8.0;6.0;48,86633000;2,42288000;
202300034709.0;5;77;77258;1;1;2.0;6.0;48,83120837;2,63960212;
202300034710.0;1;76;76728;1;1;1.0;4.0;49,47799000;1,01662000;
202300034711.0;1;76;76351;2;3;1.0;3.0;49,49394000;0,18016000;
202300034712.0;1;74;74012;2;3;1.0;3.0;46,18531000;6,22599000;
202300034713.0;1;73;73008;2;1;1.0;6.0;45,68999873;5,91280991;
202300034714.0;1;39;39285;1;1;1.0;2.0;47,16585800;5,63803600;
202300034715.0;3;14;14207;2;1;1.0;6.0;49,00042200; -0,43987700;
202300034716.0;1;73;73008;2;6;1.0;6.0;45,68756135;5,91650249;
202300034717.0;1;72;72181;2;9;1.0;3.0;47,98800000;0,20700000;
202300034718.0;1;84;84007;2;1;1.0;3.0;43,94303000;4,84267000;
202300034719.0;1;67;67447;2;3;1.0;3.0;48,62148925;7,77063847;
202300034720.0;1;84;84007;2;1;1.0;3.0;43,94237000;4,80749000;
202300034721.0;1;66;66136;2;1;1.0;6.0;42,68398000;2,88530000;
202300034722.0;1;66;66136;2;1;1.0;2.0;42,69737000;2,90400000;
202300034723.0;5;84;84007;2;2;1.0;2.0;43,93399000;4,83201000;
202300034724.0;1;66;66136;2;6;1.0;3.0;42,68104000;2,89397000;
202300034725.0;1;64;64249;2;1;1.0;3.0;43,42496000; -1,60424000;
202300034726.0;1;64;64122;1;2;1.0;3.0;43,45940000; -1,56702000;
202300034727.0;1;64;64125;2;3;1.0;3.0;43,45415000; -1,57363000;
202300034728.0;1;64;64102;2;1;1.0;2.0;43,47416000; -1,48537000;
202300034729.0;1;64;64024;2;6;1.0;2.0;43,49397000; -1,51829000;
202300034730.0;1;71;71153;2;2;7.0;3.0;46,80879800;4,43465900;
202300034731.0;1;63;63113;2;1;1.0;6.0;45,77704068;3,08122516;
202300034732.0;1;41;41018;1;1;1.0;6.0;47,59519000;1,31794000;
202300034733.0;1;62;62033;2;1;1.0;2.0;50,46051937;2,89213228;
202300034734.0;1;62;62498;2;2;1.0;6.0;50,44192674;2,79521817;
202300034735.0;1;62;62041;2;9;1.0;3.0;50,27640000;2,78260000;
202300034736.0;1;35;35051;2;6;1.0;3.0;48,12478551; -1,61260039;
202300034737.0;1;60;60057;2;9;1.0;4.0;49,44516000;2,09350000;
202300034738.0;1;25;25462;2;3;1.0;6.0;46,90159000;6,35057000;
202300034739.0;1;59;59346;2;6;7.0;3.0;50,61181000;3,12346000;
202300034740.0;1;25;25388;2;1;1.0;6.0;47,51146000;6,79616000;
202300034741.0;1;57;57591;1;1;1.0;7.0;49,23997000;6,10760000;
202300034742.0;3;56;56121;2;1;1.0;6.0;47,74639000; -3,39082300;
202300034743.0;1;71;71263;1;3;1.0;3.0;46,62597400;5,16607400;
202300034744.0;1;54;54273;2;1;1.0;6.0;49,15993000;5,88310000;
202300034745.0;1;06;06105;1;1;1.0;1.0;43,65820100;7,07411200;
202300034746.0;1;52;52121;1;1;1.0;1.0;48,13079000;5,13275000;
202300034747.0;1;976;97611;2;1;1.0;6.0; -12,78431000;45,22300000;
202300034748.0;5;51;51454;2;2;1.0;3.0;49,23489000;4,02827000;
202300034749.0;1;51;51454;2;1;1.0;6.0;49,28076000;4,01308000;
202300034750.0;1;974;97416;1;1;1.0;4.0; -21,31135000;55,43575000;
202300034751.0;2;49;49099;1;1;1.0;6.0;47,07245700; -0,92255400;
202300034752.0;1;49;49007;2;1;7.0;6.0;47,47649000; -0,53304000;
202300034753.0;1;973;97302;2;1;1.0;5.0;4,91174000; -52,30813000;
202300034754.0;5;973;97302;1;1;1.0;7.0;4,92274309; -52,32967615;
202300034755.0;2;47;47001;2;2;1.0;5.0;44,19934000;0,62167000;
202300034756.0;5;69;69383;2;1;1.0;6.0;45,76152076;4,86173222;
202300034757.0;1;45;45234;2;1;1.0;3.0;47,88555000;1,89707000;
202300034758.0;5;972;97209;2;1;2.0;3.0;14,64355000; -61,04386000;
202300034759.0;1;43;43157;2;1;1.0;5.0;45,04199000;3,88435000;
202300034760.0;5;69;69381;2;1;2.0;3.0;45,76755464;4,82907903;
202300034761.0;1;43;43041;2;1;1.0;6.0;45,04717000;3,92590000;
202300034762.0;1;69;69149;2;3;2.0;6.0;45,71233885;4,80323843;
202300034763.0;1;38;38185;2;1;1.0;3.0;45,19320000;5,72000000;
202300034764.0;2;37;37122;2;1;1.0;1.0;47,33887000;0,65371000;
202300034765.0;1;36;36044;2;1;1.0;2.0;46,81720000;1,68340000;
202300034766.0;2;69;69034;2;1;1.0;5.0;45,78205342;4,83870893;
202300034767.0;2;35;35238;2;1;1.0;2.0;48,10598642; -1,66653425;
202300034768.0;1;34;34301;2;7;8.0;6.0;43,40440000;3,70100000;
202300034769.0;1;2B;2B120;1;3;1.0;3.0;42,63846000;9,45960000;
202300034770.0;1;34;34172;2;1;1.0;3.0;43,61668000;3,82489000;
202300034771.0;1;34;34172;1;1;1.0;1.0;43,60763000;3,82095000;
202300034772.0;5;95;95088;2;9;1.0;3.0;48,96304200;2,45113700;
202300034773.0;1;34;34172;2;1;1.0;1.0;43,61165000;3,82715000;
202300034774.0;3;95;95428;2;1;2.0;6.0;48,99060160;2,32130036;
202300034775.0;4;33;33039;2;3;1.0;3.0;44,81919613; -0,53867877;
202300034776.0;1;31;31483;2;1;1.0;3.0;43,11298027;0,71323693;
202300034777.0;1;91;91161;2;9;2.0;6.0;48,70738000;2,31139000;
202300034778.0;1;29;29232;2;1;1.0;6.0;47,98297190; -4,07419146;
202300034779.0;3;91;91514;1;1;3.0;7.0;48,66552000;2,51329000;
202300034780.0;1;27;27681;2;2;7.0;1.0;49,08010000;1,48654000;
202300034781.0;1;91;91228;2;1;1.0;6.0;48,63421000;2,43710000;
202300034782.0;1;22;22187;2;1;1.0;7.0;48,54619000; -2,78111000;
202300034783.0;3;87;87085;1;1;2.0;7.0;45,79723000;1,25592000;
202300034784.0;1;22;22278;2;1;1.0;6.0;48,50890000; -2,75780000;
202300034785.0;1;83;83129;2;1;1.0;6.0;43,09418960;5,83621940;
202300034786.0;1;17;17415;2;3;1.0;3.0;45,74237600; -0,62619500;
202300034787.0;3;81;81065;1;1;8.0;3.0;43,66380000;2,17467000;
202300034788.0;5;13;13215;2;1;1.0;2.0;43,33239000;5,35908000;
202300034789.0;5;78;78545;2;1;1.0;6.0;48,79823200;2,06424900;
202300034790.0;1;13;13075;2;9;1.0;3.0;43,34325000;5,46753000;
202300034791.0;1;10;10387;2;1;1.0;6.0;48,30158747;4,08728555;
202300034792.0;1;07;07281;2;9;1.0;6.0;44,94881000;4,84082000;
202300034793.0;5;78;78238;1;3;1.0;4.0;48,97721000;1,88411000;
202300034794.0;1;06;06088;2;1;1.0;6.0;43,70739000;7,28021000;
202300034795.0;1;06;06027;2;1;1.0;1.0;43,66104900;7,14887800;
202300034796.0;1;77;77316;2;2;1.0;3.0;48,33427500;2,78669500;
202300034797.0;5;06;06155;2;9;1.0;1.0;43,57180200;7,08377200;
202300034798.0;4;04;04112;2;9;1.0;6.0;43,83166000;5,78412000;
202300034799.0;1;77;77268;2;3;3.0;3.0;48,86720000;2,80763000;
202300034800.0;1;02;02408;2;1;1.0;2.0;49,56702000;3,64421000;
202300034801.0;1;76;76540;2;2;1.0;6.0;49,42596000;1,09331000;
202300034802.0;1;75;75112;2;1;1.0;4.0;48,84493300;2,41426000;
202300034803.0;1;76;76540;2;1;1.0;7.0;49,43467000;1,08025000;
202300034804.0;1;75;75119;2;1;1.0;6.0;48,89862300;2,37818200;
202300034805.0;2;72;72181;2;9;2.0;3.0;47,97755000;0,23048000;
202300034806.0;1;75;75118;2;3;1.0;3.0;48,89202000;2,35988200;
202300034807.0;1;75;75118;2;2;1.0;6.0;48,89460900;2,34445700;
202300034808.0;3;69;69282;2;1;3.0;6.0;45,76444000;5,01153000;
202300034809.0;1;75;75118;2;3;1.0;6.0;48,89915800;2,32977500;
202300034810.0;5;69;69264;2;9;2.0;1.0;45,99836207;4,73396167;
202300034811.0;1;75;75116;2;2;1.0;3.0;48,85730900;2,27302200;
202300034812.0;1;69;69259;2;3;1.0;1.0;45,70175000;4,87446000;
202300034813.0;1;69;69029;2;8;2.0;2.0;45,73384000;4,90775000;
202300034814.0;5;67;67482;2;6;1.0;6.0;48,59169000;7,74176000;
202300034815.0;5;67;67218;2;6;2.0;7.0;48,52370000;7,72509000;
202300034816.0;5;67;67482;2;1;2.0;6.0;48,57328000;7,71869000;
202300034817.0;1;67;67482;2;3;8.0;3.0;48,57146000;7,77034000;
202300034818.0;5;64;64445;1;6;2.0;3.0;43,32348659; -0,32586694;
202300034819.0;1;64;64445;2;6;1.0;3.0;43,31888000; -0,35994000;
202300034820.0;1;64;64024;2;1;1.0;7.0;43,47919000; -1,52023000;
202300034821.0;5;64;64102;2;1;1.0;7.0;43,49958000; -1,48177000;
202300034822.0;1;64;64024;1;9;1.0;7.0;43,52754000; -1,51840000;
202300034823.0;5;63;63032;2;1;2.0;3.0;45,75233000;3,08224000;
202300034824.0;1;62;62765;2;1;1.0;6.0;50,74548000;2,25308000;
202300034825.0;1;62;62510;2;3;1.0;6.0;50,42040000;2,77273000;
202300034826.0;3;62;62573;1;1;2.0;2.0;50,49534000;2,91219000;
202300034827.0;3;60;60382;2;1;8.0;6.0;49,42905000;2,82309000;
202300034828.0;5;59;59163;2;3;2.0;7.0;50,67819000;3,15511000;
202300034829.0;1;59;59560;2;1;1.0;6.0;50,55860000;3,03474000;
202300034830.0;5;59;59183;2;1;3.0;6.0;51,02594000;2,35435000;
202300034831.0;3;58;58194;2;1;2.0;1.0;46,99225000;3,14532000;
202300034832.0;1;57;57463;2;1;8.0;3.0;49,09316000;6,22265000;
202300034833.0;5;54;54395;2;1;1.0;3.0;48,69157876;6,19516253;
202300034834.0;1;54;54395;2;3;1.0;3.0;48,67435800;6,16835900;
202300034835.0;2;51;51454;2;2;1.0;3.0;49,29040000;4,02424000;
202300034836.0;1;49;49007;2;6;1.0;1.0;47,46477000; -0,54893000;
202300034837.0;1;49;49007;2;1;2.0;3.0;47,46439000; -0,55409000;
202300034838.0;1;47;47001;2;9;1.0;1.0;44,19512000;0,61270000;
202300034839.0;5;42;42218;2;1;8.0;6.0;45,43827000;4,40342000;
202300034840.0;5;42;42218;2;1;1.0;6.0;45,46283963;4,36963123;
202300034841.0;1;41;41018;2;1;2.0;1.0;47,58573900;1,30020500;
202300034842.0;3;36;36159;1;1;2.0;3.0;46,78304642;1,74619808;
202300034843.0;5;35;35238;2;2;1.0;1.0;48,09808000; -1,65564000;
202300034844.0;5;35;35115;2;1;2.0;2.0;48,35522800; -1,20837000;
202300034845.0;5;34;34172;2;1;1.0;3.0;43,61195000;3,83880000;
202300034846.0;5;33;33318;2;1;2.0;6.0;44,79428000; -0,62905000;
202300034847.0;1;33;33063;2;1;2.0;6.0;44,83132572; -0,57473838;
202300034848.0;5;33;33281;2;3;1.0;3.0;44,85180000; -0,63710000;
202300034849.0;1;33;33167;2;1;2.0;6.0;44,84382742; -0,52277997;
202300034850.0;3;30;30189;1;1;1.0;5.0;43,86900000;4,31050000;
202300034851.0;1;30;30007;2;9;1.0;6.0;44,12637000;4,07987000;
202300034852.0;2;29;29232;2;6;2.0;2.0;47,98372000; -4,07469000;
202300034853.0;1;29;29232;2;1;2.0;4.0;48,01655443; -4,08037348;
202300034854.0;3;27;27554;1;3;1.0;3.0;49,09580000;1,38892000;
202300034855.0;5;25;25462;2;1;2.0;6.0;46,90470000;6,35575000;
202300034856.0;1;25;25388;2;9;2.0;6.0;47,50304000;6,79791000;
202300034857.0;5;25;25056;2;6;1.0;3.0;47,25209000;5,99846000;
202300034858.0;5;18;18033;1;6;1.0;3.0;47,05066400;2,33975900;
202300034859.0;1;17;17306;2;5;1.0;3.0;45,62455000; -1,02425000;
202300034860.0;3;13;13209;2;1;1.0;1.0;43,24446000;5,44571000;
202300034861.0;1;12;12305;1;1;1.0;1.0;44,56685100;2,21157900;
202300034862.0;1;34;34300;1;1;1.0;1.0;43,42070800;3,30040300;
202300034863.0;1;68;68218;2;6;1.0;3.0;47,73687615;7,28790897;
202300034864.0;1;44;44212;1;1;1.0;1.0;47,14461100; -1,25249800;
202300034865.0;5;35;35246;2;3;1.0;3.0;48,54417100; -1,81619900;
202300034866.0;1;29;29174;1;3;1.0;3.0;47,87364429; -4,24106954;
202300034867.0;2;38;38094;1;1;1.0;5.0;45,47526200;5,24693700;
202300034868.0;5;38;38439;2;1;1.0;7.0;45,38078900;6,05338600;
202300034869.0;3;38;38503;1;1;1.0;6.0;45,32275200;5,93249400;
202300034870.0;1;13;13010;2;1;1.0;1.0;43,90018200;4,75252200;
202300034871.0;3;02;02687;1;1;1.0;6.0;49,30113800;3,20354500;
202300034872.0;1;02;02082;1;1;1.0;1.0;49,23381100;3,40138400;
202300034873.0;3;02;02781;1;6;1.0;6.0;49,07816700;3,39642800;
202300034874.0;5;26;26148;2;1;1.0;6.0;45,25388200;5,03132000;
202300034875.0;1;58;58141;1;1;1.0;7.0;47,11501400;3,98991500;
202300034876.0;5;06;06032;2;1;1.0;6.0;43,72601400;7,40697400;
202300034877.0;2;14;14747;1;2;1.0;3.0;49,10899876; -0,45289555;
202300034878.0;5;50;50615;2;6;1.0;3.0;49,50894400; -1,46923400;
202300034879.0;1;83;83013;1;2;1.0;3.0;43,76464000;6,64048700;
202300034880.0;2;09;09103;1;1;1.0;1.0;43,02240800;1,59778100;
202300034881.0;1;09;09324;2;1;1.0;1.0;43,04745600;1,63495700;
202300034882.0;1;09;09220;1;1;1.0;7.0;42,70463300;1,87576500;
202300034883.0;3;64;64203;1;1;1.0;6.0;43,43359600; -0,37626000;
202300034884.0;3;73;73109;1;1;1.0;6.0;45,46562123;6,29175961;
202300034885.0;3;43;43233;1;1;1.0;6.0;45,05816100;3,80981000;
202300034886.0;1;36;36030;1;1;1.0;6.0;46,64141763;1,73271775;
202300034887.0;3;07;07291;1;1;1.0;6.0;44,38431377;4,52335856;
202300034888.0;1;21;21078;1;1;1.0;6.0;47,85432200;4,41875700;
202300034889.0;3;21;21334;2;1;9.0;6.0;47,07700600;4,56213700;
202300034890.0;2;21;21527;1;1;1.0;7.0;46,99369700;4,66710800;
202300034891.0;1;27;27174;1;1;1.0;4.0;49,34325800;0,58611600;