Num_Acc;lum;departement;commune;agglomeration;intersection;meteo;type_collision;lat;long;date
202300034892.0;1;27;27378;1;2;1.0;3.0;48,79988900;1,19015000;
202300034893.0;1;87;87089;1;1;1.0;1.0;46,21661400;1,21639000;
202300034894.0;1;30;30263;2;6;1.0;7.0;43,96412500;3,85345500;
202300034895.0;1;973;97309;2;3;1.0;3.0;4,92295200; -52,28224000;
202300034896.0;3;72;72031;1;1;1.0;1.0;48,08807400;0,50504900;
202300034897.0;3;11;11262;1;1;1.0;6.0;43,15459900;2,95637800;
202300034898.0;1;69;69264;1;1;1.0;6.0;45,98621300;4,73708200;
202300034899.0;5;987;98735;2;1;1.0;3.0; -17,50668000; -149,48648200;
202300034900.0;1;973;97304;2;1;1.0;3.0;5,15680600; -52,63645600;
202300034901.0;1;973;97305;1;1;1.0;5.0;4,93825300; -52,40984400;
202300034902.0;3;45;45122;1;1;1.0;1.0;47,74334000;2,49591100;
202300034903.0;3;77;77211;1;2;1.0;3.0;48,58120300;2,96434500;
202300034904.0;1;78;78590;1;1;1.0;3.0;48,68102100;1,98228600;
202300034905.0;3;2B;2B355;1;1;1.0;3.0;42,51866700;9,39467800;
202300034906.0;3;2B;2B042;2;1;1.0;1.0;42,57050500;9,44005600;
202300034907.0;1;30;30010;1;1;1.0;5.0;44,03856800;3,99610500;
202300034908.0;1;34;34113;2;1;1.0;6.0;43,50209400;3,71544500;
202300034909.0;3;34;34145;1;3;1.0;1.0;43,66212800;4,13839100;
202300034910.0;1;34;34327;1;1;1.0;2.0;43,65310900;3,98031200;
202300034911.0;1;84;84065;2;1;1.0;1.0;43,74731200;5,31550000;
202300034912.0;3;83;83101;1;1;1.0;5.0;43,22539000;6,65010000;
202300034913.0;3;83;83065;1;1;1.0;6.0;43,23941100;6,57274200;
202300034914.0;1;83;83107;1;1;1.0;5.0;43,42414900;6,67855600;
202300034915.0;3;06;06057;1;1;1.0;3.0;43,81344200;7,35638700;
202300034916.0;2;89;89380;1;1;1.0;7.0;48,07241600;3,11818600;
202300034917.0;1;07;07245;2;3;1.0;3.0;45,08156600;4,81454400;
202300034918.0;1;69;69291;1;9;1.0;3.0;45,62786687;4,85806422;
202300034919.0;1;65;65059;2;2;1.0;3.0;43,07420900;0,14808500;
202300034920.0;1;47;47157;2;2;7.0;3.0;44,50141200;0,15894500;
202300034921.0;4;22;22081;2;1;1.0;1.0;48,50589700; -2,61380700;
202300034922.0;1;22;22162;2;3;1.0;2.0;48,77030100; -3,03981700;
202300034923.0;5;60;60612;2;1;1.0;6.0;49,21733700;2,59486100;
202300034924.0;5;59;59015;2;1;1.0;6.0;50,27373900;3,10922200;
202300034925.0;1;13;13106;1;9;1.0;2.0;43,39400000;5,35100000;
202300034926.0;1;83;83062;1;1;1.0;3.0;43,14452800;6,03100600;
202300034927.0;1;91;91689;1;1;1.0;4.0;48,74811000;2,32737000;
202300034928.0;3;91;91064;1;1;1.0;3.0;48,76565000;2,22994000;
202300034929.0;1;92;92036;1;1;1.0;4.0;48,93464218;2,28152144;
202300034930.0;1;78;78297;1;1;1.0;2.0;48,78883000;2,06858100;
202300034931.0;1;93;93027;1;1;1.0;4.0;48,93774911;2,41208205;
202300034932.0;1;95;95527;1;1;1.0;2.0;48,98673234;2,50466824;
202300034933.0;2;95;95582;1;1;1.0;4.0;48,97114000;2,24913000;
202300034934.0;1;93;93005;1;1;1.0;4.0;48,95299000;2,47417000;
202300034935.0;1;93;93066;1;1;1.0;2.0;48,93155000;2,36974000;
202300034936.0;1;93;93078;1;1;1.0;2.0;48,96133000;2,52385000;
202300034937.0;4;77;77514;1;1;1.0;3.0;48,94718200;2,62885800;
202300034938.0;3;93;93051;1;1;1.0;4.0;48,83649423;2,55041242;
202300034939.0;1;988;98818;2;1;1.0;6.0; -22,24925000;166,47021000;
202300034940.0;1;988;98818;1;1;1.0;2.0; -22,22462000;166,46599000;
202300034941.0;1;974;97416;1;1;2.0;7.0; -21,27784000;55,46810000;
202300034942.0;1;974;97416;2;1;1.0;2.0; -21,32279614;55,48537910;
202300034943.0;5;974;97411;2;1;1.0;2.0; -20,87762000;55,45744000;
202300034944.0;1;974;97407;2;1;1.0;6.0; -20,93778000;55,29120000;
202300034945.0;1;973;97302;2;2;1.0;3.0;4,91445833; -52,32092053;
202300034946.0;1;69;69388;2;1;1.0;3.0;45,73265662;4,85346131;
202300034947.0;1;69;69388;2;2;1.0;5.0;45,74033000;4,86769000;
202300034948.0;5;69;69199;1;3;1.0;7.0;45,71165000;4,84298000;
202300034949.0;1;69;69385;2;1;1.0;6.0;45,75705000;4,79656000;
202300034950.0;1;69;69389;2;3;1.0;3.0;45,78977252;4,78844058;
202300034951.0;5;69;69384;2;2;1.0;3.0;45,77759000;4,83486000;
202300034952.0;1;95;95197;2;2;1.0;3.0;48,97540034;2,31731057;
202300034953.0;1;95;95428;2;1;1.0;2.0;48,99568300;2,32632000;
202300034954.0;5;95;95127;2;4;1.0;1.0;49,03996000;2,07561000;
202300034955.0;1;91;91377;1;6;1.0;6.0;48,72975400;2,24272500;
202300034956.0;1;91;91589;2;2;1.0;3.0;48,68601000;2,34893000;
202300034957.0;2;84;84031;1;6;1.0;7.0;44,06045000;5,03817000;
202300034958.0;1;84;84007;1;1;1.0;3.0;43,88928000;4,91472000;
202300034959.0;1;84;84007;2;1;1.0;1.0;43,91069000;4,88952000;
202300034960.0;1;83;83144;2;1;7.0;6.0;43,13934000;6,00214000;
202300034961.0;1;78;78551;1;1;1.0;1.0;48,92257000;2,08556000;
202300034962.0;1;78;78551;1;1;1.0;2.0;48,98445300;2,11777000;
202300034963.0;1;77;77284;2;1;1.0;6.0;48,95091000;2,89379000;
202300034964.0;1;76;76540;2;3;1.0;2.0;49,44374000;1,07671000;
202300034965.0;5;76;76351;2;1;1.0;7.0;49,48602375;0,12685657;
202300034966.0;1;76;76545;1;1;1.0;2.0;49,90887000;1,10034000;
202300034967.0;5;74;74298;2;6;1.0;6.0;46,17600000;6,24380000;
202300034968.0;1;74;74012;2;1;1.0;3.0;46,19730000;6,23980000;
202300034969.0;1;72;72181;2;9;1.0;3.0;47,99234000;0,21650000;
202300034970.0;3;71;71475;2;2;1.0;3.0;46,76332000;4,83962000;
202300034971.0;1;69;69256;2;2;1.0;6.0;45,75898000;4,92307000;
202300034972.0;1;69;69259;2;1;1.0;3.0;45,71318421;4,87709002;
202300034973.0;1;69;69259;2;2;1.0;3.0;45,71430000;4,87926000;
202300034974.0;5;67;67482;2;3;1.0;3.0;48,61248000;7,77569000;
202300034975.0;1;64;64483;2;1;1.0;6.0;43,39443000; -1,65297000;
202300034976.0;1;64;64445;2;6;1.0;3.0;43,30265000; -0,35206000;
202300034977.0;1;64;64125;2;3;1.0;3.0;43,43030000; -1,59921000;
202300034978.0;5;64;64102;2;1;1.0;7.0;43,49817000; -1,48681000;
202300034979.0;1;64;64024;2;3;1.0;3.0;43,49336000; -1,50877000;
202300034980.0;1;64;64024;2;1;1.0;7.0;43,48218000; -1,50734000;
202300034981.0;1;64;64102;2;1;1.0;3.0;43,47847000; -1,49271000;
202300034982.0;1;64;64102;2;1;7.0;6.0;43,48127000; -1,48199000;
202300034983.0;1;63;63113;2;2;1.0;2.0;45,80963000;3,10941000;
202300034984.0;1;63;63075;2;1;1.0;2.0;45,78057118;3,04628670;
202300034985.0;4;63;63113;2;3;1.0;3.0;45,78160000;3,09855000;
202300034986.0;3;62;62907;2;1;1.0;3.0;50,48543000;2,99761000;
202300034987.0;4;59;59508;2;1;1.0;6.0;50,74109000;3,13227000;
202300034988.0;1;59;59360;2;1;1.0;3.0;50,60863700;3,01415900;
202300034989.0;1;59;59648;2;2;1.0;3.0;50,58747000;3,05165000;
202300034990.0;1;43;43251;2;3;1.0;3.0;45,03547422;3,88120338;
202300034991.0;1;56;56098;1;9;1.0;3.0;47,79016100; -3,31988600;
202300034992.0;5;37;37261;2;1;2.0;6.0;47,38377000;0,66829000;
202300034993.0;1;56;56121;2;6;7.0;3.0;47,75449000; -3,38367000;
202300034994.0;1;56;56162;1;6;1.0;7.0;47,75067000; -3,41904000;
202300034995.0;5;35;35238;2;5;1.0;3.0;48,09725000; -1,65781000;
202300034996.0;1;56;56083;2;1;1.0;7.0;47,80937000; -3,29359000;
202300034997.0;5;35;35238;2;1;2.0;6.0;48,09884737; -1,64479360;
202300034998.0;1;56;56121;2;1;1.0;6.0;47,74483000; -3,39565000;
202300034999.0;5;35;35238;2;1;2.0;4.0;48,11927077; -1,68839961;
202300035000.0;5;33;33318;2;9;3.0;6.0;44,79323000; -0,61399000;
202300035001.0;2;55;55505;1;1;5.0;3.0;49,18249000;5,33821000;
202300035002.0;5;54;54395;2;1;1.0;6.0;48,70280000;6,17541000;
202300035003.0;5;33;33281;2;6;2.0;1.0;44,81206000; -0,69836000;
202300035004.0;1;54;54395;2;1;1.0;6.0;48,68815328;6,17251933;
202300035005.0;1;52;52448;2;1;1.0;6.0;48,63810000;4,95837000;
202300035006.0;5;31;31555;2;1;2.0;1.0;43,66182000;1,43266000;
202300035007.0;1;28;28134;1;1;2.0;6.0;48,71993000;1,38227000;
202300035008.0;1;50;50218;1;3;1.0;1.0;48,82223000; -1,56633000;
202300035009.0;3;50;50129;2;1;1.0;6.0;49,63347000; -1,57747000;
202300035010.0;2;28;28134;2;1;8.0;6.0;48,73954000;1,38608000;
202300035011.0;1;49;49099;2;3;1.0;3.0;47,06755000; -0,88302000;
202300035012.0;1;49;49007;2;1;1.0;6.0;47,47824000; -0,55544000;
202300035013.0;5;49;49007;2;1;1.0;6.0;47,46647000; -0,54141000;
202300035014.0;1;17;17415;2;3;2.0;3.0;45,74193000; -0,63673000;
202300035015.0;1;15;15014;2;3;2.0;1.0;44,93697900;2,45553000;
202300035016.0;1;49;49246;2;2;1.0;4.0;47,41193000; -0,52384000;
202300035017.0;1;46;46191;1;1;1.0;6.0;44,49353000;1,40167000;
202300035018.0;1;13;13213;2;1;1.0;6.0;43,32558000;5,45202000;
202300035019.0;1;45;45208;2;9;1.0;6.0;47,99481000;2,73273000;
202300035020.0;5;13;13209;2;1;2.0;2.0;43,25271189;5,40162815;
202300035021.0;1;44;44109;2;1;1.0;3.0;47,24195000; -1,54001000;
202300035022.0;1;13;13028;2;1;1.0;3.0;43,18506000;5,59938000;
202300035023.0;5;42;42099;1;2;1.0;1.0;45,37626000;4,26780000;
202300035024.0;1;11;11262;2;1;1.0;6.0;43,18576000;3,00946000;
202300035025.0;1;40;40192;2;9;1.0;2.0;43,90729000; -0,47134000;
202300035026.0;1;11;11262;2;3;1.0;3.0;43,18317000;3,00779000;
202300035027.0;2;11;11262;2;1;5.0;6.0;43,18119000;2,97154000;
202300035028.0;1;37;37261;2;6;1.0;3.0;47,37389000;0,67873000;
202300035029.0;3;06;06069;1;1;1.0;6.0;43,66805500;6,92346800;
202300035030.0;1;37;37261;2;3;1.0;3.0;47,37169000;0,67773000;
202300035031.0;1;06;06029;2;1;1.0;3.0;43,54796000;6,96579000;
202300035032.0;1;35;35238;2;1;1.0;6.0;48,10700000; -1,72774000;
202300035033.0;4;06;06027;2;9;1.0;6.0;43,65922500;7,16462600;
202300035034.0;3;04;04112;1;1;8.0;6.0;43,85139000;5,82421600;
202300035035.0;1;35;35278;1;3;1.0;3.0;48,15830000; -1,69754000;
202300035036.0;1;02;02408;1;1;2.0;1.0;49,55620000;3,59338000;
202300035037.0;1;34;34032;1;9;1.0;1.0;43,35850000;3,17537000;
202300035038.0;1;974;97411;2;6;1.0;3.0; -20,90194000;55,50282000;
202300035039.0;5;33;33192;2;3;1.0;3.0;44,78393000; -0,60662000;
202300035040.0;1;973;97302;2;1;2.0;3.0;4,94036357; -52,33213484;
202300035041.0;1;33;33063;2;8;1.0;6.0;44,85828000; -0,55829000;
202300035042.0;1;69;69388;2;3;1.0;3.0;45,73148374;4,87405658;
202300035043.0;5;30;30189;2;1;1.0;2.0;43,84181000;4,37730000;
202300035044.0;5;69;69386;2;2;2.0;3.0;45,76705000;4,85567000;
202300035045.0;1;972;97209;1;1;1.0;2.0;14,61759000; -61,04064000;
202300035046.0;1;23;23096;2;3;7.0;3.0;46,18030000;1,88400000;
202300035047.0;5;972;97209;1;1;1.0;6.0;14,61470000; -61,04821000;
202300035048.0;4;972;97209;2;1;1.0;6.0;14,60300000; -61,06320000;
202300035049.0;1;22;22278;2;1;1.0;2.0;48,52000000; -2,74741000;
202300035050.0;1;69;69389;2;2;8.0;6.0;45,77864000;4,80252000;
202300035051.0;5;19;19031;2;1;1.0;6.0;45,15781471;1,50839174;
202300035052.0;1;69;69152;2;1;8.0;3.0;45,70799000;4,82150000;
202300035053.0;1;18;18279;2;1;1.0;3.0;47,22461000;2,07561000;
202300035054.0;2;971;97101;1;1;1.0;6.0;16,28820000; -61,49497000;
202300035055.0;3;17;17291;1;9;1.0;7.0;46,17262700; -1,11868800;
202300035056.0;1;971;97107;2;1;2.0;4.0;16,04077826; -61,56798899;
202300035057.0;2;15;15014;2;1;1.0;3.0;44,92092000;2,43957000;
202300035058.0;5;91;91161;2;3;2.0;6.0;48,71559000;2,31001000;
202300035059.0;1;15;15014;2;1;1.0;6.0;44,91956000;2,43901000;
202300035060.0;3;91;91225;1;1;2.0;6.0;48,66545000;2,51209000;
202300035061.0;1;14;14366;2;1;1.0;3.0;49,14545000;0,23557000;
202300035062.0;1;91;91027;2;1;1.0;3.0;48,70550000;2,39109000;
202300035063.0;5;87;87085;2;2;2.0;6.0;45,85230000;1,25249000;
202300035064.0;5;13;13210;2;1;1.0;3.0;43,28016000;5,42544000;
202300035065.0;2;84;84007;2;1;1.0;2.0;43,93600000;4,83200000;
202300035066.0;1;13;13209;2;1;1.0;3.0;43,26573117;5,39940513;
202300035067.0;5;84;84007;2;4;1.0;3.0;43,93951000;4,84232000;
202300035068.0;2;13;13215;2;1;1.0;3.0;43,37964000;5,36181000;
202300035069.0;1;83;83009;2;1;1.0;4.0;43,14154788;5,77026710;
202300035070.0;1;13;13211;2;1;1.0;3.0;43,29192922;5,48555321;
202300035071.0;4;11;11069;2;1;1.0;7.0;43,20660000;2,31080000;
202300035072.0;1;83;83129;2;1;1.0;1.0;43,10787000;5,83990000;
202300035073.0;1;11;11069;2;9;1.0;6.0;43,20501000;2,39616000;
202300035074.0;1;77;77487;2;2;2.0;2.0;48,53390300;2,67564000;
202300035075.0;1;11;11069;2;1;1.0;6.0;43,19677000;2,31262000;
202300035076.0;3;77;77237;2;3;1.0;2.0;48,84945000;2,76748000;
202300035077.0;1;10;10362;2;1;1.0;2.0;48,29253000;4,04364000;
202300035078.0;1;10;10387;2;6;1.0;3.0;48,29267000;4,07398000;
202300035079.0;5;71;71306;2;1;2.0;1.0;46,67438000;4,37171000;
202300035080.0;1;06;06088;2;8;1.0;6.0;43,66857100;7,21136800;
202300035081.0;1;67;67482;2;1;1.0;3.0;48,59908800;7,76283500;
202300035082.0;1;06;06069;2;1;1.0;3.0;43,64095900;6,91038000;
202300035083.0;1;67;67482;1;1;8.0;3.0;48,57790000;7,73601000;
202300035084.0;1;67;67482;2;1;1.0;7.0;48,53796000;7,76986000;
202300035085.0;1;06;06069;2;1;1.0;2.0;43,64964000;6,91877000;
202300035086.0;1;67;67482;2;1;2.0;6.0;48,56448040;7,70684212;
202300035087.0;1;02;02168;2;1;1.0;6.0;49,03842000;3,38024000;
202300035088.0;1;66;66136;2;1;1.0;2.0;42,68818000;2,90944100;
202300035089.0;5;75;75105;2;2;1.0;2.0;48,85138118;2,34318084;
202300035090.0;1;64;64129;2;1;3.0;2.0;43,31939000; -0,38316000;
202300035091.0;1;75;75120;2;2;1.0;6.0;48,86665900;2,39711400;
202300035092.0;1;63;63113;2;2;1.0;3.0;45,80210000;3,10691000;
202300035093.0;1;75;75107;2;2;1.0;3.0;48,85881100;2,32875900;
202300035094.0;1;63;63113;2;1;1.0;2.0;45,76224874;3,09677124;
202300035095.0;1;75;75113;2;2;1.0;3.0;48,82618000;2,35725900;
202300035096.0;1;63;63113;2;5;1.0;1.0;45,78214936;3,07263404;
202300035097.0;1;75;75112;2;2;1.0;3.0;48,83169800;2,39789700;
202300035098.0;1;63;63113;2;2;1.0;3.0;45,76850000;3,08186000;
202300035099.0;1;63;63113;2;1;1.0;3.0;45,77222000;3,09353000;
202300035100.0;5;75;75111;2;1;1.0;6.0;48,85966100;2,38809700;
202300035101.0;5;62;62193;2;4;8.0;6.0;50,94377600;1,85163300;
202300035102.0;5;75;75110;2;1;1.0;3.0;48,87455000;2,35874900;
202300035103.0;1;60;60057;2;1;2.0;6.0;49,45246000;2,07399000;
202300035104.0;5;59;59512;2;9;2.0;6.0;50,69696846;3,16566646;
202300035105.0;5;75;75110;2;2;1.0;2.0;48,87329300;2,35874300;
202300035106.0;5;59;59155;2;2;2.0;6.0;51,01779000;2,37695000;
202300035107.0;1;75;75110;2;2;1.0;3.0;48,88149200;2,37005600;
202300035108.0;1;57;57227;1;9;8.0;1.0;49,19347454;6,90475702;
202300035109.0;1;75;75109;2;3;1.0;6.0;48,87087700;2,34673300;
202300035110.0;5;56;56083;1;6;2.0;6.0;47,78619000; -3,27723000;
202300035111.0;5;56;56121;2;6;2.0;7.0;47,77141000; -3,40413000;
202300035112.0;1;75;75101;2;4;1.0;6.0;48,86444600;2,34264500;
202300035113.0;1;56;56121;2;1;1.0;1.0;47,74068000; -3,35991000;
202300035114.0;1;54;54382;1;1;2.0;6.0;49,54567000;5,80241000;
202300035115.0;1;75;75103;2;3;1.0;6.0;48,86230200;2,36369100;
202300035116.0;5;49;49007;2;1;1.0;6.0;47,49094000; -0,52816000;
202300035117.0;1;75;75101;2;2;1.0;1.0;48,85852000;2,34822400;
202300035118.0;1;49;49007;2;1;1.0;6.0;47,44821000; -0,54053000;
202300035119.0;5;94;94078;2;2;1.0;1.0;48,73532064;2,45170650;
202300035120.0;3;47;47031;1;1;2.0;4.0;44,17448144;0,64025291;
202300035121.0;5;44;44184;2;1;3.0;6.0;47,26565000; -2,25017000;
202300035122.0;1;42;42218;2;1;1.0;6.0;45,46320000;4,40800000;
202300035123.0;1;40;40192;2;1;1.0;2.0;43,88891800; -0,49959868;
202300035124.0;3;35;35278;1;2;1.0;1.0;48,16253000; -1,68365000;
202300035125.0;1;35;35238;2;1;3.0;2.0;48,10707358; -1,72589153;
202300035126.0;1;33;33318;2;1;2.0;3.0;44,78607000; -0,64010000;
202300035127.0;3;31;31069;2;9;3.0;2.0;43,64526000;1,36544000;
202300035128.0;1;31;31555;2;1;2.0;3.0;43,64505778;1,43333092;
202300035129.0;1;31;31069;2;1;2.0;6.0;43,64469000;1,37725000;
202300035130.0;2;29;29039;1;1;2.0;5.0;47,91741000; -3,93696000;
202300035131.0;5;28;28218;2;1;2.0;6.0;48,43962000;1,46249000;
202300035132.0;1;25;25462;2;2;4.0;6.0;46,90420000;6,34910300;
202300035133.0;2;22;22215;1;1;1.0;2.0;48,47911152; -2,78111011;
202300035134.0;3;22;22187;1;1;2.0;6.0;48,55271000; -2,80299000;
202300035135.0;5;22;22113;1;3;3.0;3.0;48,76159471; -3,47110301;
202300035136.0;5;19;19031;2;5;1.0;6.0;45,16512000;1,53190500;
202300035137.0;3;17;17415;1;3;3.0;7.0;45,72734000; -0,67519000;
202300035138.0;2;17;17415;2;1;8.0;3.0;45,74575000; -0,60775000;
202300035139.0;5;17;17300;2;2;3.0;3.0;46,15203400; -1,12406000;
202300035140.0;3;13;13117;1;1;1.0;3.0;43,42765375;5,26079726;
202300035141.0;2;13;13117;2;1;8.0;6.0;43,44867000;5,24656000;
202300035142.0;3;13;13103;1;1;1.0;2.0;43,63095000;5,07886000;
202300035143.0;5;13;13216;2;9;1.0;3.0;43,35944048;5,33979985;
202300035144.0;2;13;13203;2;1;1.0;5.0;43,32040000;5,37337000;
202300035145.0;1;10;10081;2;2;1.0;3.0;48,30655000;4,03093000;
202300035146.0;1;06;06069;2;1;1.0;4.0;43,64499900;6,90111400;
202300035147.0;5;75;75120;2;1;1.0;4.0;48,87237600;2,41250400;
202300035148.0;1;75;75106;2;1;1.0;6.0;48,85603300;2,33249400;
202300035149.0;2;75;75105;2;3;8.0;3.0;48,84959900;2,35612500;
202300035150.0;2;75;75118;2;2;8.0;3.0;48,90047700;2,33019300;
202300035151.0;1;75;75118;2;1;8.0;6.0;48,89776300;2,33382600;
202300035152.0;1;75;75118;2;1;1.0;6.0;48,88734800;2,35048600;
202300035153.0;5;75;75118;2;7;1.0;6.0;48,90094134;2,37030566;
202300035154.0;1;75;75117;2;2;3.0;6.0;48,88403500;2,32245400;
202300035155.0;1;75;75116;2;1;2.0;2.0;48,86794500;2,23427000;
202300035156.0;1;75;75116;2;3;2.0;7.0;48,87166156;2,29539424;
202300035157.0;2;75;75115;2;4;8.0;6.0;48,82998398;2,30559736;
202300035158.0;5;75;75115;2;2;2.0;7.0;48,83614800;2,29724700;
202300035159.0;5;75;75114;2;7;2.0;6.0;48,82208100;2,32543800;
202300035160.0;2;75;75110;2;2;2.0;7.0;48,87633534;2,35598266;
202300035161.0;1;75;75108;2;3;1.0;2.0;48,87933800;2,32551000;
202300035162.0;1;75;75108;2;2;1.0;6.0;48,87399900;2,29731200;
202300035163.0;5;75;75103;2;3;8.0;3.0;48,85759900;2,36803400;
202300035164.0;1;94;94081;2;1;2.0;2.0;48,78159492;2,40273088;
202300035165.0;1;94;94078;2;1;3.0;2.0;48,75700759;2,44380677;
202300035166.0;5;94;94016;2;3;1.0;2.0;48,78607000;2,32914000;
202300035167.0;3;94;94038;2;2;2.0;3.0;48,77628100;2,33996500;
202300035168.0;2;93;93059;2;2;1.0;6.0;48,94972226;2,36533231;
202300035169.0;2;93;93064;2;2;1.0;6.0;48,87103000;2,48657000;
202300035170.0;1;93;93005;2;1;1.0;2.0;48,92392916;2,48616904;
202300035171.0;5;92;92046;2;1;8.0;3.0;48,82134756;2,30450624;
202300035172.0;5;92;92044;2;2;1.0;3.0;48,89561700;2,27754200;
202300035173.0;5;92;92036;2;1;1.0;1.0;48,93105100;2,30662200;
202300035174.0;1;92;92007;2;1;8.0;3.0;48,80036000;2,31815000;
202300035175.0;1;92;92009;2;2;1.0;3.0;48,91790071;2,27911323;
202300035176.0;5;92;92009;2;1;1.0;6.0;48,92328856;2,27588037;
202300035177.0;2;92;92004;2;1;1.0;3.0;48,91650400;2,28930900;
202300035178.0;5;92;92004;2;1;2.0;3.0;48,90845000;2,29295000;
202300035179.0;5;92;92014;2;1;1.0;6.0;48,78275000;2,31586000;
202300035180.0;1;29;29236;1;1;2.0;6.0;47,88696304; -3,71466186;
202300035181.0;5;37;37226;2;6;2.0;2.0;47,10181200;0,61238100;
202300035182.0;3;90;90015;1;1;9.0;7.0;47,58945800;6,85728200;
202300035183.0;1;69;69175;1;1;2.0;6.0;45,79077641;4,58551613;
202300035184.0;5;13;13081;1;1;1.0;2.0;43,48881066;5,24058515;
202300035185.0;1;13;13215;1;1;1.0;6.0;43,34402544;5,37531776;
202300035186.0;2;13;13071;1;1;2.0;2.0;43,40642663;5,29197251;
202300035187.0;1;13;13202;1;1;2.0;7.0;43,31276100;5,36810800;
202300035188.0;3;13;13071;1;1;2.0;4.0;43,40642454;5,29149727;
202300035189.0;1;33;33487;1;1;2.0;4.0;44,93921900; -0,46673400;
202300035190.0;4;33;33119;1;1;2.0;4.0;44,85166800; -0,50471500;
202300035191.0;3;94;94034;1;1;1.0;3.0;48,76170971;2,31572551;
202300035192.0;1;78;78640;1;1;2.0;5.0;48,77805600;2,21341600;
202300035193.0;2;95;95018;1;1;1.0;5.0;48,96133067;2,26860430;
202300035194.0;1;93;93027;1;1;2.0;7.0;48,93503675;2,40334511;
202300035195.0;1;93;93066;1;1;8.0;6.0;48,91529000;2,35797000;
202300035196.0;3;95;95582;1;1;3.0;2.0;48,98062982;2,24094110;
202300035197.0;1;77;77053;1;1;3.0;5.0;48,69276200;2,59524600;
202300035198.0;5;988;98818;2;1;1.0;1.0; -22,30267000;166,44393000;
202300035199.0;1;976;97611;2;9;1.0;5.0; -12,80621000;45,20859000;
202300035200.0;1;974;97416;2;1;1.0;3.0; -21,33770000;55,46401000;
202300035201.0;1;973;97302;2;1;1.0;7.0;4,92859000; -52,29398000;
202300035202.0;1;972;97209;2;2;1.0;3.0;14,60769000; -61,06960000;
202300035203.0;1;972;97209;1;6;1.0;3.0;14,61505000; -61,06191000;
202300035204.0;1;91;91377;2;1;1.0;6.0;48,72805400;2,24538000;
202300035205.0;1;91;91657;2;1;1.0;6.0;48,70607000;2,41846000;
202300035206.0;2;88;88415;2;1;3.0;3.0;48,02147000;6,60695000;
202300035207.0;2;85;85194;2;1;2.0;1.0;46,53696000; -1,77240000;
202300035208.0;5;82;82033;2;3;1.0;3.0;44,04962000;1,10872000;
202300035209.0;1;76;76391;1;4;8.0;6.0;49,30772667;0,98001966;
202300035210.0;3;74;74281;1;1;1.0;5.0;46,36502000;6,50845000;
202300035211.0;1;69;69264;2;1;1.0;3.0;45,99384000;4,70729000;
202300035212.0;3;60;60175;1;4;2.0;6.0;49,24724678;2,47665095;
202300035213.0;5;59;59410;2;2;2.0;3.0;50,64200000;3,10400000;
202300035214.0;1;59;59350;2;3;7.0;3.0;50,62883000;3,07362000;
202300035215.0;5;59;59350;1;2;1.0;6.0;50,63023000;3,05668000;
202300035216.0;5;54;54528;2;9;3.0;6.0;48,67017900;5,89025100;
202300035217.0;5;54;54528;2;1;2.0;6.0;48,66680000;5,88228000;
202300035218.0;1;54;54482;2;1;1.0;6.0;48,70057483;6,20258152;
202300035219.0;3;54;54323;1;1;2.0;6.0;49,52601000;5,75416000;
202300035220.0;5;48;48095;2;4;2.0;6.0;44,52482000;3,50356000;
202300035221.0;2;35;35115;2;1;8.0;6.0;48,35877867; -1,19304389;
202300035222.0;5;34;34172;2;7;1.0;7.0;43,60525000;3,89210000;
202300035223.0;5;34;34172;2;3;1.0;2.0;43,59154000;3,88221000;
202300035224.0;1;30;30007;2;3;1.0;3.0;44,12765000;4,07315000;
202300035225.0;5;27;27229;2;6;3.0;7.0;49,00966000;1,16658000;
202300035226.0;5;13;13210;2;1;1.0;6.0;43,28221035;5,43001520;
202300035227.0;5;13;13210;2;1;1.0;1.0;43,28862000;5,40929000;
202300035228.0;1;13;13001;1;3;1.0;3.0;43,53961000;5,37831000;
202300035229.0;1;06;06088;2;1;1.0;6.0;43,71883100;7,28497000;
202300035230.0;1;06;06069;1;1;1.0;6.0;43,66544700;6,89584000;
202300035231.0;1;02;02738;2;3;1.0;3.0;49,65017300;3,28701700;
202300035232.0;1;75;75116;2;5;2.0;6.0;48,85824000;2,27484900;
202300035233.0;5;75;75106;2;4;1.0;3.0;48,84142100;2,33749900;
202300035234.0;5;75;75114;2;1;2.0;6.0;48,83179900;2,31411800;
202300035235.0;1;75;75112;2;1;2.0;6.0;48,85278000;2,37066900;
202300035236.0;5;75;75112;2;2;2.0;6.0;48,84734900;2,38679800;
202300035237.0;4;75;75110;2;4;2.0;6.0;48,87885600;2,36234800;
202300035238.0;1;75;75109;2;7;2.0;6.0;48,87106700;2,33195100;
202300035239.0;1;75;75108;2;2;2.0;7.0;48,87514400;2,32295400;
202300035240.0;1;78;78389;2;1;3.0;1.0;48,80280400;1,81583900;