Num_Acc;lum;departement;commune;agglomeration;intersection;meteo;type_collision;lat;long;date
202300035241.0;1;78;78605;2;1;1.0;6.0;48,83804300;1,67831700;
202300035242.0;3;34;34167;1;1;1.0;6.0;43,28710100;3,02262400;
202300035243.0;1;05;05007;1;1;1.0;3.0;44,75852800;6,74745100;
202300035244.0;5;13;13018;1;1;1.0;5.0;43,85420400;4,95184100;
202300035245.0;1;13;13041;1;1;1.0;1.0;43,46006400;5,48903900;
202300035246.0;1;67;67525;1;1;2.0;1.0;48,60762800;7,44204600;
202300035247.0;1;63;63077;1;4;1.0;1.0;45,57789800;2,88087500;
202300035248.0;1;42;42285;2;6;3.0;6.0;45,55480900;4,13132100;
202300035249.0;1;01;01275;1;1;1.0;6.0;45,82555000;4,92355900;
202300035250.0;1;81;81271;2;1;1.0;6.0;43,77415800;1,68559700;
202300035251.0;1;33;33535;2;1;1.0;6.0;44,84533400; -0,47039500;
202300035252.0;1;22;22259;2;1;1.0;3.0;48,45869207; -2,06361160;
202300035253.0;1;60;60282;1;6;2.0;2.0;49,20584300;2,46153800;
202300035254.0;2;13;13071;1;1;1.0;2.0;43,41660000;5,36507000;
202300035255.0;1;13;13019;1;1;1.0;2.0;43,42547000;5,37750000;
202300035256.0;5;13;13207;1;1;1.0;6.0;43,29070287;5,36804215;
202300035257.0;3;83;83035;1;1;2.0;6.0;43,18073151;5,76977390;
202300035258.0;1;94;94003;1;1;2.0;5.0;48,80389457;2,34203660;
202300035259.0;1;78;78498;1;1;2.0;3.0;48,90507400;2,00531600;
202300035260.0;1;78;78007;1;1;2.0;4.0;48,89747400;2,00612900;
202300035261.0;1;92;92063;1;1;2.0;7.0;48,89044962;2,17238729;
202300035262.0;3;78;78043;1;1;2.0;2.0;48,85021300;2,06903600;
202300035263.0;1;78;78043;1;1;2.0;5.0;48,84482200;2,08804200;
202300035264.0;2;78;78455;1;1;2.0;2.0;48,86084500;2,04694200;
202300035265.0;1;93;93066;1;1;3.0;4.0;48,91936344;2,35754643;
202300035266.0;1;95;95582;1;1;3.0;7.0;48,97402708;2,24421501;
202300035267.0;3;93;93053;1;1;8.0;6.0;48,89375409;2,47211909;
202300035268.0;3;95;95527;1;1;2.0;6.0;48,98390662;2,50297308;
202300035269.0;3;93;93053;1;1;2.0;6.0;48,88833000;2,47219000;
202300035270.0;1;95;95018;1;1;3.0;6.0;48,95778000;2,27410000;
202300035271.0;1;94;94069;1;1;2.0;2.0;48,81737044;2,42861395;
202300035272.0;2;78;78372;2;1;1.0;6.0;48,87942100;2,09020400;
202300035273.0;1;45;45179;2;2;1.0;2.0;47,77125900;1,69328400;
202300035274.0;5;976;97611;2;3;1.0;3.0; -12,78770000;45,21862000;
202300035275.0;1;976;97611;2;9;1.0;3.0; -12,78762000;45,22538000;
202300035276.0;1;976;97611;2;1;1.0;3.0; -12,77100000;45,22526700;
202300035277.0;1;974;97416;1;1;2.0;3.0; -21,34055000;55,49350000;
202300035278.0;2;974;97411;2;1;1.0;7.0; -20,88933000;55,45044000;
202300035279.0;1;974;97411;2;1;1.0;6.0; -20,89497000;55,46025000;
202300035280.0;1;974;97409;2;1;1.0;6.0; -20,96616000;55,65925000;
202300035281.0;1;974;97407;2;3;1.0;1.0; -20,95543000;55,31474000;
202300035282.0;5;973;97302;2;1;1.0;6.0;4,91405000; -52,32082000;
202300035283.0;1;973;97302;2;2;1.0;3.0;4,94238022; -52,32242525;
202300035284.0;2;973;97302;2;3;1.0;3.0;4,93032000; -52,32600000;
202300035285.0;1;973;97302;2;6;1.0;2.0;4,92934000; -52,30298000;
202300035286.0;5;973;97302;2;2;1.0;3.0;4,93588309; -52,32466677;
202300035287.0;1;69;69387;2;1;1.0;3.0;45,75545122;4,84233908;
202300035288.0;5;69;69387;2;3;1.0;1.0;45,72626000;4,83563000;
202300035289.0;1;69;69387;2;7;1.0;6.0;45,74523000;4,84179000;
202300035290.0;1;69;69388;2;2;1.0;3.0;45,74056000;4,86388000;
202300035291.0;1;69;69387;2;2;1.0;3.0;45,75134000;4,84490000;
202300035292.0;1;69;69388;2;2;1.0;3.0;45,72972000;4,86857000;
202300035293.0;1;972;97209;2;1;1.0;3.0;14,61303000; -61,07247000;
202300035294.0;3;972;97209;1;1;1.0;6.0;14,59623000; -61,05596000;
202300035295.0;5;69;69389;2;1;1.0;6.0;45,77953000;4,80721000;
202300035296.0;1;2B;2B033;2;1;1.0;2.0;42,67716000;9,44450000;
202300035297.0;1;971;97101;1;1;1.0;3.0;16,25396000; -61,53677000;
202300035298.0;1;971;97101;2;1;1.0;4.0;16,26946000; -61,50326000;
202300035299.0;1;971;97101;2;1;1.0;2.0;16,27000000; -61,52000000;
202300035300.0;1;971;97113;2;1;1.0;6.0;16,20611000; -61,49582000;
202300035301.0;1;95;95280;2;1;2.0;6.0;49,03814000;2,46780400;
202300035302.0;1;95;95280;2;3;1.0;1.0;49,02371000;2,46534000;
202300035303.0;1;95;95277;2;1;1.0;2.0;48,99044730;2,43018329;
202300035304.0;1;95;95197;2;1;1.0;2.0;48,96468000;2,32075000;
202300035305.0;3;95;95127;2;9;2.0;6.0;49,03556000;2,08163000;
202300035306.0;1;91;91645;2;3;1.0;6.0;48,74476000;2,25832000;
202300035307.0;1;91;91114;2;1;1.0;6.0;48,68389000;2,48958000;
202300035308.0;1;91;91421;2;1;1.0;6.0;48,69757000;2,45487000;
202300035309.0;1;91;91114;2;1;1.0;2.0;48,67869100;2,49579300;
202300035310.0;1;91;91687;2;1;2.0;2.0;48,68063000;2,37986000;
202300035311.0;5;91;91326;2;1;1.0;4.0;48,68877000;2,37103000;
202300035312.0;1;91;91433;2;1;1.0;6.0;48,46914000;2,19515000;
202300035313.0;1;87;87085;2;1;1.0;6.0;45,81516000;1,24416000;
202300035314.0;1;83;83137;2;1;1.0;6.0;43,10534000;5,93103000;
202300035315.0;1;83;83069;2;1;1.0;1.0;43,04107000;6,12795000;
202300035316.0;1;83;83069;2;9;1.0;3.0;43,11345000;6,12965000;
202300035317.0;3;79;79355;1;1;1.0;7.0;46,33483000; -0,37463000;
202300035318.0;1;77;77132;1;1;3.0;3.0;48,86462000;2,79132000;
202300035319.0;1;76;76540;2;6;1.0;3.0;49,42576000;1,08755000;
202300035320.0;1;76;76351;2;1;1.0;5.0;49,51696000;0,11913000;
202300035321.0;1;72;72181;2;3;1.0;1.0;47,97386600;0,21886200;
202300035322.0;1;72;72181;2;1;1.0;3.0;47,97922000;0,22480000;
202300035323.0;1;71;71270;2;9;1.0;3.0;46,29759000;4,82128000;
202300035324.0;1;71;71475;2;1;1.0;2.0;46,77322617;4,84462470;
202300035325.0;1;69;69275;2;6;1.0;2.0;45,77075344;4,98427927;
202300035326.0;1;69;69266;2;3;1.0;2.0;45,77656000;4,89310000;
202300035327.0;1;69;69286;2;3;1.0;6.0;45,81592000;4,89877000;
202300035328.0;1;69;69264;2;1;1.0;4.0;45,98397000;4,74022000;
202300035329.0;1;69;69290;2;1;1.0;3.0;45,68819000;4,94679000;
202300035330.0;1;67;67218;2;1;1.0;3.0;48,53130000;7,71370000;
202300035331.0;1;66;66136;2;1;1.0;2.0;42,70613100;2,90919000;
202300035332.0;1;65;65440;2;2;1.0;3.0;43,23960000;0,07381000;
202300035333.0;1;64;64189;2;3;1.0;3.0;43,37997000; -1,66208000;
202300035334.0;1;64;64102;2;1;1.0;6.0;43,49127000; -1,47270000;
202300035335.0;1;63;63113;2;1;1.0;6.0;45,78202000;3,10590000;
202300035336.0;1;63;63113;2;6;1.0;3.0;45,79821000;3,14749000;
202300035337.0;1;63;63113;2;3;1.0;3.0;45,78960000;3,11794000;
202300035338.0;5;62;62193;1;1;2.0;2.0;50,93597022;1,90709938;
202300035339.0;5;62;62193;2;2;1.0;2.0;50,94309200;1,87185100;
202300035340.0;5;62;62193;2;6;1.0;3.0;50,95187700;1,83260900;
202300035341.0;1;62;62848;1;1;1.0;6.0;50,50952000;2,64935000;
202300035342.0;1;60;60057;2;2;1.0;6.0;49,43868676;2,09677613;
202300035343.0;5;59;59650;2;2;1.0;3.0;50,70426000;3,22582000;
202300035344.0;1;59;59043;2;3;1.0;6.0;50,73675000;2,73916000;
202300035345.0;5;57;57463;2;2;2.0;7.0;49,10717124;6,22196317;
202300035346.0;1;56;56121;2;1;1.0;6.0;47,75660000; -3,36431000;
202300035347.0;1;56;56121;2;1;1.0;7.0;47,74205000; -3,39368000;
202300035348.0;1;54;54395;2;1;1.0;4.0;48,68068046;6,19820416;
202300035349.0;1;54;54547;2;2;1.0;6.0;48,67051545;6,17892712;
202300035350.0;1;51;51454;2;1;1.0;6.0;49,25543000;4,02200000;
202300035351.0;1;51;51454;2;6;1.0;3.0;49,23290100;4,00400600;
202300035352.0;1;49;49015;2;1;1.0;7.0;47,50451000; -0,60577000;
202300035353.0;1;49;49007;1;1;1.0;2.0;47,46579000; -0,58002000;
202300035354.0;1;49;49267;1;6;1.0;3.0;47,48143000; -0,49148000;
202300035355.0;1;49;49007;2;1;1.0;3.0;47,47020000; -0,55190000;
202300035356.0;1;43;43157;2;3;1.0;3.0;45,04201200;3,88270800;
202300035357.0;1;43;43089;2;1;1.0;6.0;45,04737800;3,86337500;
202300035358.0;5;42;42218;2;9;1.0;3.0;45,45267000;4,39887000;
202300035359.0;1;42;42218;2;1;1.0;6.0;45,46480000;4,40878000;
202300035360.0;5;37;37261;2;2;1.0;3.0;47,41424000;0,69666000;
202300035361.0;1;37;37122;1;1;1.0;2.0;47,34754757;0,64618993;
202300035362.0;1;37;37214;2;1;1.0;6.0;47,41100000;0,67740000;
202300035363.0;1;35;35238;2;3;2.0;3.0;48,10693000; -1,72600000;
202300035364.0;1;35;35238;2;6;1.0;3.0;48,08961000; -1,68179000;
202300035365.0;1;35;35238;1;1;1.0;2.0;48,12728127; -1,71239734;
202300035366.0;1;35;35238;2;1;1.0;6.0;48,11405000; -1,65965000;
202300035367.0;1;35;35238;2;1;1.0;3.0;48,10508372; -1,69437021;
202300035368.0;1;35;35115;2;1;2.0;1.0;48,34120000; -1,20680000;
202300035369.0;1;34;34301;1;1;1.0;3.0;43,40727900;3,71173500;
202300035370.0;1;33;33063;2;1;1.0;3.0;44,88762116; -0,55184519;
202300035371.0;1;33;33013;2;1;1.0;3.0;44,85397000; -0,50095000;
202300035372.0;1;28;28134;2;9;1.0;1.0;48,74342000;1,34671000;
202300035373.0;1;28;28134;2;1;1.0;6.0;48,73660000;1,36657000;
202300035374.0;1;28;28134;2;1;1.0;6.0;48,73297000;1,37992000;
202300035375.0;4;27;27229;2;2;1.0;3.0;49,00648400;1,16235600;
202300035376.0;1;27;27229;2;9;1.0;6.0;49,02178000;1,15132000;
202300035377.0;1;27;27306;2;1;7.0;6.0;49,00396000;1,17625000;
202300035378.0;1;26;26198;2;1;1.0;6.0;44,55548000;4,75096000;
202300035379.0;1;22;22187;2;1;2.0;3.0;48,54133000; -2,72751000;
202300035380.0;1;18;18279;2;1;1.0;7.0;47,19934100;2,08121800;
202300035381.0;1;18;18279;2;3;1.0;1.0;47,21975000;2,10361000;
202300035382.0;1;17;17300;2;1;1.0;6.0;46,16565600; -1,15903700;
202300035383.0;1;17;17291;2;9;1.0;3.0;46,17359000; -1,11820000;
202300035384.0;1;15;15014;2;6;1.0;2.0;44,90825000;2,42250000;
202300035385.0;5;13;13106;2;1;1.0;7.0;43,39829000;5,35379000;
202300035386.0;5;13;13211;2;1;1.0;1.0;43,28898623;5,43153428;
202300035387.0;1;13;13213;2;6;1.0;1.0;43,32520000;5,42839000;
202300035388.0;1;13;13205;2;2;1.0;3.0;43,29371000;5,40152000;
202300035389.0;1;13;13028;2;3;1.0;3.0;43,18300000;5,66800000;
202300035390.0;1;13;13001;2;2;1.0;6.0;43,53225598;5,43742389;
202300035391.0;1;12;12028;1;3;1.0;3.0;44,58124000;2,20073000;
202300035392.0;1;11;11262;2;1;1.0;6.0;43,18581500;3,02060100;
202300035393.0;1;11;11069;2;1;2.0;3.0;43,22029600;2,38420000;
202300035394.0;1;09;09122;2;1;1.0;4.0;42,96818000;1,60824000;
202300035395.0;1;07;07070;2;1;1.0;2.0;44,97054000;4,85096000;
202300035396.0;1;06;06069;2;1;1.0;3.0;43,65395100;6,93454100;
202300035397.0;1;06;06029;2;2;1.0;6.0;43,55487000;7,02497000;
202300035398.0;5;06;06123;2;1;1.0;6.0;43,65850200;7,18693000;
202300035399.0;1;03;03185;2;2;1.0;3.0;46,34375000;2,59979000;
202300035400.0;1;01;01053;2;9;1.0;6.0;46,19537000;5,22956000;
202300035401.0;1;75;75116;2;1;2.0;3.0;48,84408500;2,25468100;
202300035402.0;1;75;75118;2;2;2.0;3.0;48,89055100;2,33428900;
202300035403.0;1;75;75117;2;2;2.0;3.0;48,88861164;2,31565833;
202300035404.0;1;75;75117;2;3;1.0;3.0;48,88671600;2,30865700;
202300035405.0;1;75;75115;2;2;2.0;1.0;48,84109600;2,28790300;
202300035406.0;1;75;75113;2;2;8.0;3.0;48,83636300;2,37133800;
202300035407.0;5;75;75112;2;2;1.0;2.0;48,84321000;2,37030500;
202300035408.0;1;75;75104;2;2;1.0;3.0;48,84951400;2,36562600;
202300035409.0;1;75;75103;2;2;2.0;3.0;48,86622000;2,35253300;
202300035410.0;1;94;94081;2;1;1.0;3.0;48,78718000;2,39106000;
202300035411.0;1;94;94080;2;1;8.0;3.0;48,84567618;2,42687291;
202300035412.0;1;94;94015;2;1;1.0;3.0;48,83388600;2,51857700;
202300035413.0;1;94;94043;2;1;2.0;2.0;48,81144000;2,35128000;
202300035414.0;1;94;94022;2;1;2.0;3.0;48,76894000;2,42082000;
202300035415.0;1;93;93048;2;2;2.0;3.0;48,87567000;2,45906000;
202300035416.0;5;93;93032;2;1;1.0;6.0;48,89000710;2,54558101;
202300035417.0;1;92;92050;2;1;1.0;2.0;48,88202979;2,20481819;
202300035418.0;1;92;92025;2;2;2.0;3.0;48,93431000;2,25594000;
202300035419.0;1;92;92025;2;1;2.0;5.0;48,93654616;2,25714684;
202300035420.0;5;92;92004;2;1;1.0;7.0;48,92106000;2,27860000;
202300035421.0;1;92;92014;2;2;3.0;3.0;48,78313000;2,31507000;
202300035422.0;1;2A;2A272;1;1;1.0;1.0;41,65032500;8,93955100;
202300035423.0;1;01;01416;1;4;1.0;1.0;45,92144200;5,50341000;
202300035424.0;3;41;41185;1;1;1.0;6.0;47,33895400;1,71381400;
202300035425.0;1;06;06161;1;1;1.0;3.0;43,62793800;7,13380400;
202300035426.0;1;972;97227;1;1;1.0;6.0;14,46854400; -60,93451600;
202300035427.0;1;83;83086;1;1;6.0;6.0;43,46230300;6,56145600;
202300035428.0;1;11;11111;1;2;1.0;3.0;43,21054000;2,82749600;
202300035429.0;3;26;26138;1;9;3.0;1.0;44,40551900;4,72907800;
202300035430.0;1;52;52014;1;1;3.0;6.0;47,76852900;5,19327200;
202300035431.0;1;67;67006;1;1;1.0;1.0;48,71928449;7,45346336;
202300035432.0;1;54;54082;1;1;3.0;3.0;49,16183400;5,82354200;
202300035433.0;1;79;79136;1;3;1.0;3.0;46,15302100; -0,06303700;
202300035434.0;1;26;26160;2;1;1.0;3.0;45,19697000;4,81460800;
202300035435.0;1;33;33529;1;1;1.0;4.0;44,61823000; -1,12965000;
202300035436.0;1;31;31555;2;1;1.0;3.0;43,58007188;1,36858039;
202300035437.0;1;31;31555;2;1;1.0;2.0;43,60009723;1,44259326;
202300035438.0;1;30;30189;2;1;1.0;6.0;43,82465000;4,37013000;
202300035439.0;1;29;29039;2;3;1.0;3.0;47,86996000; -3,90450000;
202300035440.0;1;29;29019;2;9;1.0;6.0;48,37551400; -4,54420900;
202300035441.0;5;28;28134;2;2;1.0;3.0;48,72956000;1,38320000;
202300035442.0;2;83;83137;1;1;1.0;3.0;43,12476769;5,90137449;
202300035443.0;1;25;25056;2;1;1.0;2.0;47,22005000;5,95321000;
202300035444.0;1;33;33550;1;1;2.0;3.0;44,78178047; -0,58327585;
202300035445.0;3;59;59195;1;1;3.0;2.0;50,62165000;2,96215000;
202300035446.0;1;21;21231;2;3;7.0;3.0;47,31732100;5,06059400;
202300035447.0;1;19;19031;2;1;1.0;6.0;45,15522977;1,51551783;
202300035448.0;2;91;91553;1;1;2.0;5.0;48,63077000;2,48777000;
202300035449.0;1;92;92048;1;1;1.0;7.0;48,81213557;2,21352626;
202300035450.0;1;17;17300;2;2;1.0;3.0;46,14470000; -1,13787000;
202300035451.0;3;92;92036;1;1;2.0;6.0;48,93788866;2,29766722;
202300035452.0;3;16;16102;1;1;1.0;7.0;45,71523500; -0,32872300;
202300035453.0;3;93;93048;1;1;2.0;6.0;48,87238000;2,43436000;
202300035454.0;1;14;14701;1;3;1.0;7.0;49,30628000;0,08213000;
202300035455.0;1;93;93008;1;1;1.0;3.0;48,90861000;2,44966000;
202300035456.0;1;93;93066;1;1;1.0;3.0;48,93365340;2,38109544;
202300035457.0;1;13;13026;2;9;2.0;3.0;43,38675000;5,15850000;
202300035458.0;1;93;93048;1;1;1.0;5.0;48,87086130;2,43145626;
202300035459.0;1;77;77337;1;1;2.0;6.0;48,82640425;2,61687495;
202300035460.0;5;13;13206;2;1;2.0;6.0;43,28518000;5,38901000;
202300035461.0;1;14;14214;1;1;3.0;6.0;49,28334000; -0,74661000;
202300035462.0;1;13;13208;2;1;8.0;3.0;43,27682000;5,39890000;
202300035463.0;1;14;14726;1;1;1.0;1.0;48,89216900; -0,78761500;
202300035464.0;5;13;13005;2;9;3.0;1.0;43,28852000;5,55682000;
202300035465.0;2;13;13005;2;1;2.0;1.0;43,30350183;5,53110346;
202300035466.0;5;93;93048;2;2;1.0;3.0;48,86331391;2,46667610;
202300035467.0;1;13;13005;2;4;1.0;3.0;43,28780000;5,57889000;
202300035468.0;1;06;06069;1;1;2.0;4.0;43,63497500;6,95693900;
202300035469.0;1;13;13104;2;1;1.0;4.0;43,33035100;5,09939600;
202300035470.0;1;69;69290;1;2;1.0;4.0;45,71192000;4,92059000;
202300035471.0;1;32;32279;1;1;1.0;6.0;43,70092300;0,62160700;
202300035472.0;1;05;05061;2;9;1.0;3.0;44,55357000;6,07301000;
202300035473.0;1;69;69290;2;1;8.0;6.0;45,70285000;4,92970000;
202300035474.0;1;32;32279;2;1;1.0;6.0;43,68867100;0,65748900;
202300035475.0;1;75;75117;2;1;1.0;5.0;48,88519300;2,28730200;
202300035476.0;1;67;67482;2;1;1.0;5.0;48,59017000;7,74938000;
202300035477.0;1;75;75112;2;1;1.0;2.0;48,82847100;2,39741800;
202300035478.0;1;974;97416;1;1;1.0;3.0; -21,34008000;55,49283000;
202300035479.0;1;974;97416;1;1;1.0;6.0; -21,30284000;55,42652000;
202300035480.0;5;75;75112;2;1;1.0;2.0;48,82876800;2,39871600;
202300035481.0;1;66;66136;1;1;1.0;4.0;42,69761000;2,86399000;
202300035482.0;5;971;97101;2;1;1.0;7.0;16,25459000; -61,53092000;
202300035483.0;1;75;75117;2;1;1.0;4.0;48,88519300;2,28730200;
202300035484.0;1;971;97101;1;1;1.0;7.0;16,28237000; -61,47851000;
202300035485.0;5;64;64483;2;1;1.0;1.0;43,38901000; -1,65810000;
202300035486.0;1;64;64335;1;1;1.0;2.0;43,34269000; -0,41209000;
202300035487.0;1;75;75120;2;2;1.0;6.0;48,86920900;2,39190700;
202300035488.0;1;2A;2A004;2;1;1.0;6.0;41,94276000;8,75693000;
202300035489.0;1;88;88209;2;1;2.0;6.0;48,19693000;6,43383000;
202300035490.0;1;75;75107;2;3;1.0;2.0;48,85983500;2,30301900;
202300035491.0;1;64;64132;2;6;1.0;2.0;43,28430000; -0,34559000;
202300035492.0;1;87;87085;2;1;1.0;6.0;45,83244000;1,22371000;
202300035493.0;2;75;75120;2;1;1.0;3.0;48,86287500;2,39986700;
202300035494.0;1;64;64102;2;1;1.0;6.0;43,48790000; -1,45656000;
202300035495.0;2;64;64024;2;1;1.0;6.0;43,49973000; -1,49506000;
202300035496.0;1;75;75119;2;2;1.0;3.0;48,87958000;2,38951000;
202300035497.0;2;87;87050;1;2;1.0;5.0;45,90599000;1,22416000;
202300035498.0;2;75;75118;2;2;1.0;3.0;48,89869700;2,35901300;
202300035499.0;1;64;64102;2;1;1.0;5.0;43,48649353; -1,48821831;
202300035500.0;1;75;75118;2;2;1.0;6.0;48,89118500;2,35162200;
202300035501.0;1;78;78517;1;9;1.0;6.0;48,66545000;1,83824400;
202300035502.0;1;75;75116;2;1;1.0;6.0;48,87033400;2,29787000;
202300035503.0;1;62;62842;1;1;1.0;1.0;50,45601700;2,84970600;
202300035504.0;1;75;75116;2;3;1.0;6.0;48,87412500;2,29126400;
202300035505.0;5;77;77373;2;1;1.0;2.0;48,80195100;2,61251200;
202300035506.0;1;61;61001;2;1;1.0;3.0;48,44946000;0,08948000;
202300035507.0;1;77;77284;2;1;1.0;6.0;48,95821000;2,87259000;
202300035508.0;5;75;75116;2;5;1.0;6.0;48,85817500;2,27261000;
202300035509.0;1;77;77018;2;1;8.0;6.0;48,84309000;2,80208000;
202300035510.0;5;75;75114;2;4;1.0;3.0;48,82353600;2,31943900;
202300035511.0;1;76;76231;2;4;1.0;3.0;49,28545100;1,01174000;
202300035512.0;1;75;75114;2;3;1.0;3.0;48,82468800;2,32596300;
202300035513.0;1;76;76351;2;2;1.0;6.0;49,51702100;0,11624600;
202300035514.0;5;75;75114;2;2;1.0;2.0;48,82921900;2,31729500;
202300035515.0;1;69;69266;2;1;1.0;6.0;45,75975000;4,88931000;
202300035516.0;1;56;56162;1;1;1.0;6.0;47,73117000; -3,41764000;
202300035517.0;1;75;75113;2;2;1.0;6.0;48,82705800;2,37424100;
202300035518.0;5;69;69259;2;1;1.0;4.0;45,70530935;4,88761621;
202300035519.0;1;75;75113;2;2;1.0;3.0;48,81948300;2,34461100;
202300035520.0;3;69;69290;2;1;1.0;4.0;45,70094000;4,90034000;
202300035521.0;1;75;75113;2;2;1.0;3.0;48,81887300;2,35955600;
202300035522.0;1;54;54395;2;3;1.0;6.0;48,68449500;6,17868600;
202300035523.0;1;67;67447;2;1;2.0;3.0;48,60248000;7,74584000;
202300035524.0;1;75;75110;2;1;1.0;2.0;48,88425700;2,35837800;
202300035525.0;1;64;64129;2;1;1.0;2.0;43,30167000; -0,39516000;
202300035526.0;1;51;51055;2;1;1.0;4.0;49,27836000;4,04588000;
202300035527.0;1;75;75109;2;1;1.0;3.0;48,87352700;2,33304000;
202300035528.0;5;64;64024;2;3;2.0;2.0;43,48014392; -1,52126044;
202300035529.0;3;49;49267;1;1;1.0;2.0;47,47298000; -0,49132000;
202300035530.0;1;75;75108;2;3;1.0;6.0;48,87566100;2,31962800;
202300035531.0;1;63;63164;2;7;1.0;6.0;45,82477000;3,14534000;
202300035532.0;1;49;49015;2;1;1.0;7.0;47,50342000; -0,60203000;
202300035533.0;1;75;75104;2;3;1.0;6.0;48,85403000;2,36112300;
202300035534.0;1;49;49007;2;3;1.0;2.0;47,46855000; -0,53868000;
202300035535.0;1;62;62193;2;2;2.0;2.0;50,94579648;1,87417674;
202300035536.0;1;75;75104;2;2;1.0;3.0;48,85430500;2,35593300;
202300035537.0;1;49;49007;2;3;1.0;3.0;47,46456000; -0,55208000;
202300035538.0;1;59;59512;2;2;2.0;1.0;50,69807929;3,17425489;
202300035539.0;1;75;75103;2;2;1.0;3.0;48,86444200;2,35154400;
202300035540.0;1;47;47001;2;6;1.0;3.0;44,18498000;0,61693000;
202300035541.0;5;59;59350;2;1;2.0;6.0;50,61529000;3,05006000;
202300035542.0;5;94;94081;2;3;1.0;3.0;48,79978141;2,41355628;
202300035543.0;1;45;45302;2;1;1.0;3.0;47,95785000;1,84762000;
202300035544.0;1;94;94074;2;1;1.0;6.0;48,74149000;2,46855400;
202300035545.0;4;59;59350;2;2;2.0;3.0;50,62438000;3,06778000;
202300035546.0;1;94;94042;2;1;1.0;6.0;48,82467400;2,47004200;
202300035547.0;1;44;44184;2;3;1.0;3.0;47,26371000; -2,23970000;
202300035548.0;1;59;59195;2;1;7.0;6.0;50,62530000;2,95961000;
202300035549.0;5;44;44162;2;1;1.0;3.0;47,22070480; -1,62840120;
202300035550.0;1;94;94076;2;3;1.0;3.0;48,78604416;2,35747813;
202300035551.0;2;59;59350;2;1;1.0;3.0;50,64063000;3,06887000;
202300035552.0;1;44;44109;2;2;1.0;3.0;47,20930000; -1,55551000;
202300035553.0;5;59;59131;2;8;3.0;1.0;51,00145000;2,38323000;
202300035554.0;1;94;94028;2;1;1.0;3.0;48,77491265;2,44243070;
202300035555.0;1;59;59234;2;1;1.0;1.0;50,40100000;3,05300000;
202300035556.0;2;94;94028;2;1;1.0;2.0;48,78396000;2,47183000;
202300035557.0;1;54;54395;2;1;1.0;6.0;48,67187285;6,17427751;
202300035558.0;1;43;43041;2;3;2.0;6.0;45,04990000;3,91678000;
202300035559.0;1;94;94077;2;6;1.0;6.0;48,73288225;2,42467064;
202300035560.0;5;54;54580;2;1;1.0;6.0;49,46983000;5,93059000;
202300035561.0;2;94;94058;2;1;1.0;6.0;48,84142000;2,50453000;
202300035562.0;1;51;51454;2;1;1.0;3.0;49,22701000;4,02541000;
202300035563.0;1;39;39300;2;1;3.0;6.0;46,67287700;5,55200700;
202300035564.0;1;94;94048;2;1;1.0;3.0;48,72775000;2,54967000;
202300035565.0;1;50;50129;1;1;8.0;4.0;49,61753000; -1,58228000;
202300035566.0;1;93;93072;2;3;1.0;3.0;48,96383591;2,38052595;
202300035567.0;1;72;72328;1;6;1.0;3.0;48,02238100;0,23080900;
202300035568.0;5;38;38185;2;2;1.0;6.0;45,16632000;5,72854000;
202300035569.0;1;49;49328;2;6;1.0;3.0;47,26932000; -0,07140000;
202300035570.0;1;83;83056;1;4;1.0;3.0;43,55549200;6,51714600;
202300035571.0;1;93;93059;2;2;1.0;6.0;48,96556000;2,36311000;
202300035572.0;1;38;38151;2;6;1.0;3.0;45,15981000;5,72060000;
202300035573.0;2;93;93066;2;1;1.0;6.0;48,94111225;2,36158389;
202300035574.0;3;07;07172;2;1;2.0;1.0;45,28052000;4,72398000;
202300035575.0;1;49;49015;2;6;1.0;3.0;47,50752000; -0,59630000;
202300035576.0;1;37;37261;2;1;1.0;7.0;47,38918000;0,69245000;
202300035577.0;1;93;93055;2;9;1.0;3.0;48,89466941;2,42113088;
202300035578.0;5;987;98734;2;9;1.0;3.0; -17,75383700; -149,52528300;
202300035579.0;2;44;44184;2;1;1.0;6.0;47,26103000; -2,25148000;
202300035580.0;1;35;35281;2;1;1.0;6.0;48,08401000; -1,71226000;
202300035581.0;1;93;93055;2;9;1.0;3.0;48,89512628;2,39974213;
202300035582.0;5;01;01004;2;2;1.0;6.0;45,97121900;5,35263200;
202300035583.0;1;35;35055;2;6;1.0;6.0;48,08239000; -1,61173000;
202300035584.0;2;37;37233;2;6;1.0;2.0;47,38682000;0,74520000;
202300035585.0;1;93;93055;2;1;1.0;6.0;48,89074245;2,40065083;
202300035586.0;1;35;35051;2;6;1.0;2.0;48,10240000; -1,61016000;
202300035587.0;1;13;13088;2;2;1.0;1.0;43,36742700;5,24781700;
202300035588.0;1;34;34301;1;1;1.0;2.0;43,41508800;3,70250100;
202300035589.0;3;93;93053;2;1;1.0;2.0;48,89316000;2,44430000;