Num_Acc;lum;departement;commune;agglomeration;intersection;meteo;type_collision;lat;long;date
202300035590.0;3;35;35238;1;1;2.0;3.0;48,09499000; -1,71078000;
202300035591.0;1;34;34129;2;1;1.0;3.0;43,56049662;3,94190378;
202300035592.0;1;93;93048;2;1;1.0;3.0;48,85857831;2,42996496;
202300035593.0;1;77;77500;1;1;1.0;1.0;48,21526500;2,92225900;
202300035594.0;1;34;34129;2;3;1.0;3.0;43,58574000;3,91988000;
202300035595.0;1;93;93032;2;3;1.0;6.0;48,88730000;2,53343000;
202300035596.0;5;30;30189;2;3;1.0;3.0;43,83200000;4,35200000;
202300035597.0;5;93;93057;2;2;1.0;1.0;48,89576787;2,50012323;
202300035598.0;1;35;35238;2;3;2.0;3.0;48,12793000; -1,65929000;
202300035599.0;1;34;34027;1;1;1.0;1.0;43,72087000;4,00657700;
202300035600.0;1;29;29019;2;1;1.0;2.0;48,38762400; -4,52277500;
202300035601.0;1;93;93053;2;1;1.0;6.0;48,89008457;2,46023101;
202300035602.0;1;68;68089;2;1;2.0;6.0;47,89629800;6,98336700;
202300035603.0;1;29;29019;2;1;1.0;3.0;48,42567000; -4,47267000;
202300035604.0;1;93;93007;2;3;1.0;2.0;48,92918000;2,47928000;
202300035605.0;5;35;35238;2;3;1.0;3.0;48,10673000; -1,69312000;
202300035606.0;1;29;29019;2;3;1.0;3.0;48,42308000; -4,51075000;
202300035607.0;1;93;93005;2;2;1.0;2.0;48,92778640;2,48325801;
202300035608.0;1;54;54115;2;1;2.0;3.0;48,73039347;6,16942942;
202300035609.0;1;27;27229;2;1;1.0;2.0;49,01391000;1,14307000;
202300035610.0;3;34;34129;2;6;1.0;7.0;43,57716000;3,93316000;
202300035611.0;1;93;93005;2;1;1.0;3.0;48,92968282;2,49060250;
202300035612.0;1;25;25056;2;1;1.0;1.0;47,26926000;6,01022000;
202300035613.0;1;93;93001;2;1;1.0;2.0;48,90526344;2,37259707;
202300035614.0;1;22;22187;1;1;1.0;1.0;48,55683000; -2,76570000;
202300035615.0;1;92;92051;2;2;1.0;1.0;48,88013564;2,25087360;
202300035616.0;1;18;18279;2;1;1.0;1.0;47,20513000;2,05970000;
202300035617.0;1;92;92051;2;1;1.0;2.0;48,89029000;2,26076000;
202300035618.0;5;33;33063;2;1;8.0;1.0;44,83853201; -0,56261212;
202300035619.0;1;38;38388;1;1;3.0;1.0;45,05617900;5,71532600;
202300035620.0;2;17;17306;2;2;1.0;3.0;45,64470400; -1,02467600;
202300035621.0;1;92;92050;2;1;1.0;6.0;48,88868000;2,22206000;
202300035622.0;1;16;16023;2;1;1.0;7.0;45,91576500;0,24472100;
202300035623.0;5;33;33162;2;8;3.0;3.0;44,85828000; -0,66625000;
202300035624.0;1;13;13103;2;1;1.0;6.0;43,64045825;5,07342248;
202300035625.0;1;92;92049;2;2;1.0;3.0;48,81317000;2,31964000;
202300035626.0;1;31;31135;1;1;2.0;5.0;43,22421500;1,08469100;
202300035627.0;5;40;40312;2;3;1.0;3.0;43,55127887; -1,45992228;
202300035628.0;5;13;13205;2;1;1.0;3.0;43,29122000;5,39997000;
202300035629.0;1;92;92020;2;9;1.0;6.0;48,80073600;2,28810200;
202300035630.0;5;33;33063;2;2;2.0;3.0;44,83875137; -0,58921024;
202300035631.0;1;12;12202;2;1;1.0;6.0;44,36057000;2,58152000;
202300035632.0;3;13;13037;2;1;1.0;3.0;43,55040700;5,22674000;
202300035633.0;1;50;50041;2;2;1.0;6.0;49,61244100; -1,70312800;
202300035634.0;1;92;92040;2;1;1.0;2.0;48,82818000;2,26750000;
202300035635.0;5;33;33281;2;6;2.0;6.0;44,84131000; -0,65072000;
202300035636.0;1;11;11262;2;1;1.0;3.0;43,18236000;2,99716000;
202300035637.0;1;69;69244;2;1;1.0;3.0;45,75950700;4,77494300;
202300035638.0;1;92;92025;2;1;1.0;6.0;48,91460000;2,22866000;
202300035639.0;1;22;22040;1;1;1.0;1.0;48,51331900; -3,18546100;
202300035640.0;5;31;31555;2;1;1.0;6.0;43,62680000;1,47710000;
202300035641.0;1;31;31161;1;9;1.0;6.0;43,48452400;1,54896500;
202300035642.0;1;92;92019;2;1;1.0;6.0;48,76588000;2,25064000;
202300035643.0;1;10;10333;2;3;1.0;3.0;48,28404000;4,06131000;
202300035644.0;1;29;29019;2;3;1.0;6.0;48,40729700; -4,51698900;
202300035645.0;1;10;10387;2;2;8.0;3.0;48,29514000;4,07168000;
202300035646.0;5;92;92012;2;1;1.0;2.0;48,83242546;2,23942727;
202300035647.0;1;13;13213;1;1;1.0;2.0;43,32133000;5,42260000;
202300035648.0;1;06;06027;2;1;8.0;3.0;43,65171000;7,14233000;
202300035649.0;1;62;62169;1;1;1.0;1.0;50,73016000;2,02183800;
202300035650.0;5;28;28085;2;1;2.0;3.0;48,45120000;1,49360000;
202300035651.0;3;78;78089;1;1;1.0;5.0;49,01972600;1,57768800;
202300035652.0;1;04;04070;2;1;1.0;2.0;44,08382000;6,20540000;
202300035653.0;1;2A;2A247;1;1;1.0;3.0;41,56659100;9,25379300;
202300035654.0;1;27;27229;1;1;1.0;3.0;49,02800500;1,18179500;
202300035655.0;1;33;33249;1;1;1.0;4.0;44,87231000; -0,50595000;
202300035656.0;5;02;02722;2;6;1.0;3.0;49,37605000;3,32976000;
202300035657.0;1;22;22209;2;1;1.0;1.0;48,58687000; -2,14378200;
202300035658.0;5;75;75117;2;1;1.0;7.0;48,90048800;2,32206500;
202300035659.0;1;06;06044;2;1;1.0;6.0;43,68451200;7,10488700;
202300035660.0;1;22;22213;1;1;1.0;1.0;48,50786200; -2,01968700;
202300035661.0;1;59;59508;1;1;1.0;2.0;50,74366326;3,13900568;
202300035662.0;5;25;25056;2;6;1.0;3.0;47,25983100;6,00873200;
202300035663.0;3;57;57493;1;1;1.0;7.0;48,80635500;6,67642600;
202300035664.0;5;75;75117;2;1;1.0;3.0;48,88261200;2,28349700;
202300035665.0;3;91;91687;1;1;2.0;7.0;48,66198000;2,36964000;
202300035666.0;5;22;22278;2;1;1.0;6.0;48,51290000; -2,76160000;
202300035667.0;1;68;68295;2;1;1.0;2.0;48,00140200;7,38147700;
202300035668.0;1;75;75118;2;1;1.0;3.0;48,90064600;2,33172200;
202300035669.0;1;91;91161;1;1;1.0;2.0;48,70729000;2,30669000;
202300035670.0;1;46;46172;1;1;1.0;7.0;44,35239400;1,40474800;
202300035671.0;5;19;19031;2;1;3.0;6.0;45,16607000;1,52642000;
202300035672.0;1;75;75119;2;7;1.0;2.0;48,90089100;2,38833700;
202300035673.0;3;91;91064;1;1;3.0;7.0;48,74893000;2,21903000;
202300035674.0;1;69;69276;1;1;1.0;5.0;45,68218519;4,85108403;
202300035675.0;1;17;17415;2;1;1.0;2.0;45,74928800; -0,64540200;
202300035676.0;2;59;59266;1;1;1.0;7.0;50,55649700;2,97345400;
202300035677.0;1;75;75118;2;9;1.0;6.0;48,88741300;2,34956200;
202300035678.0;5;92;92050;1;1;1.0;4.0;48,90807693;2,21348528;
202300035679.0;5;75;75118;2;1;1.0;6.0;48,88413700;2,35348700;
202300035680.0;1;65;65272;1;1;1.0;6.0;43,19686200;0,19270100;
202300035681.0;3;92;92002;1;1;3.0;5.0;48,76284698;2,30411982;
202300035682.0;3;14;14327;1;1;8.0;2.0;49,20049000; -0,34725000;
202300035683.0;1;71;71004;1;3;1.0;3.0;46,79917800;4,93350000;
202300035684.0;5;75;75117;2;7;1.0;3.0;48,88460100;2,29683700;
202300035685.0;1;95;95018;1;1;1.0;4.0;48,94967230;2,28022080;
202300035686.0;1;13;13203;2;8;1.0;6.0;43,31216000;5,36884000;
202300035687.0;2;92;92062;1;1;2.0;5.0;48,89249355;2,23689035;
202300035688.0;1;62;62147;1;2;1.0;3.0;50,21893993;2,76034309;
202300035689.0;2;13;13208;2;1;1.0;1.0;43,27888000;5,38773000;
202300035690.0;1;75;75116;2;2;1.0;3.0;48,86508700;2,23452600;
202300035691.0;1;92;92036;1;1;2.0;3.0;48,93576409;2,28722247;
202300035692.0;1;93;93053;1;1;1.0;3.0;48,90132000;2,46915000;
202300035693.0;1;34;34095;1;1;1.0;2.0;43,53792500;3,76017800;
202300035694.0;1;95;95018;1;1;1.0;6.0;48,95201228;2,27957378;
202300035695.0;1;75;75116;2;1;1.0;2.0;48,86242100;2,29369400;
202300035696.0;1;62;62297;1;1;1.0;7.0;50,82320700;2,14087500;
202300035697.0;1;78;78423;1;1;1.0;1.0;48,79725400;2,01755900;
202300035698.0;1;13;13005;2;3;1.0;6.0;43,28777000;5,57885000;
202300035699.0;1;19;19273;1;1;8.0;6.0;45,09314500;1,59093100;
202300035700.0;5;75;75116;2;7;1.0;3.0;48,86316083;2,26858556;
202300035701.0;2;93;93010;1;1;2.0;2.0;48,90807879;2,47333735;
202300035702.0;1;95;95527;1;1;1.0;3.0;48,99359806;2,51450136;
202300035703.0;1;77;77509;1;1;1.0;6.0;48,49759400;2,99499200;
202300035704.0;5;06;06012;2;1;1.0;3.0;43,75165500;7,43087700;
202300035705.0;1;75;75105;2;3;1.0;3.0;48,84133400;2,34367100;
202300035706.0;1;76;76245;1;4;1.0;1.0;49,54958200;1,03986000;
202300035707.0;3;94;94017;1;1;3.0;6.0;48,82651871;2,52107045;
202300035708.0;1;75;75112;1;1;1.0;4.0;48,82529100;2,46387900;
202300035709.0;5;06;06069;2;1;1.0;3.0;43,65000000;6,92300000;
202300035710.0;1;79;79118;1;1;1.0;7.0;46,69377000; -0,37076700;
202300035711.0;1;75;75114;2;2;1.0;3.0;48,82302600;2,32557500;
202300035712.0;1;2B;2B096;2;1;1.0;6.0;42,30362600;9,15804900;
202300035713.0;1;77;77258;1;1;1.0;3.0;48,83059272;2,63216178;
202300035714.0;1;06;06030;2;1;1.0;2.0;43,57121380;7,01608250;
202300035715.0;5;94;94073;1;1;3.0;6.0;48,76785011;2,37867726;
202300035716.0;1;75;75114;2;2;1.0;2.0;48,83372200;2,33186400;
202300035717.0;1;976;97611;2;1;1.0;6.0; -12,76732000;45,22458000;
202300035718.0;1;80;80368;2;2;1.0;3.0;50,07788200;1,54250400;
202300035719.0;5;75;75120;2;1;1.0;2.0;48,86515300;2,41321500;
202300035720.0;1;69;69383;2;2;1.0;3.0;45,75413000;4,88565000;
202300035721.0;1;75;75105;2;3;1.0;3.0;48,83995200;2,35140600;
202300035722.0;1;75;75114;2;1;1.0;3.0;48,81663900;2,34166800;
202300035723.0;1;33;33261;1;1;1.0;6.0;44,94933600; -0,08902000;
202300035724.0;1;974;97416;2;3;1.0;3.0; -21,33842656;55,47720999;
202300035725.0;1;75;75110;2;1;1.0;7.0;48,87069800;2,35647300;
202300035726.0;5;60;60057;2;1;9.0;6.0;49,43666000;2,09442000;
202300035727.0;2;69;69063;2;1;2.0;2.0;45,81601000;4,84963200;
202300035728.0;1;974;97411;2;9;1.0;3.0; -20,88919000;55,46231000;
202300035729.0;1;75;75108;2;1;1.0;1.0;48,88104700;2,31421500;
202300035730.0;1;34;34129;2;1;1.0;6.0;43,57164000;3,90609000;
202300035731.0;1;71;71158;2;1;1.0;6.0;46,56242000;5,00241600;
202300035732.0;3;75;75117;2;1;1.0;5.0;48,89898600;2,31729200;
202300035733.0;1;75;75108;2;1;1.0;3.0;48,87611200;2,32365600;
202300035734.0;4;71;71428;1;1;1.0;6.0;46,17233690;4,31005508;
202300035735.0;1;974;97411;2;3;1.0;1.0; -20,89250000;55,46260000;
202300035736.0;5;78;78358;2;1;2.0;6.0;48,94401400;2,13642000;
202300035737.0;5;75;75106;2;7;2.0;2.0;48,85355830;2,33421100;
202300035738.0;1;89;89480;1;1;1.0;3.0;48,35563100;3,11599900;
202300035739.0;1;75;75107;2;3;1.0;6.0;48,85448300;2,30579700;
202300035740.0;1;974;97416;1;1;8.0;7.0; -21,27691000;55,49069000;
202300035741.0;5;974;97411;2;1;1.0;6.0; -20,92900000;55,49400000;
202300035742.0;1;75;75101;2;2;1.0;6.0;48,86664400;2,33736900;
202300035743.0;2;75;75106;2;3;1.0;3.0;48,85715000;2,33863000;
202300035744.0;1;63;63397;1;1;1.0;6.0;45,59293000;2,67585800;
202300035745.0;1;974;97411;1;1;1.0;1.0; -20,88626000;55,43987000;
202300035746.0;1;69;69388;2;8;1.0;3.0;45,74122000;4,88506000;
202300035747.0;1;75;75102;2;2;1.0;6.0;48,86340400;2,35095000;
202300035748.0;1;974;97411;2;9;1.0;6.0; -20,88537000;55,46996000;
202300035749.0;1;63;63371;1;1;1.0;1.0;45,47151392;3,77914667;
202300035750.0;5;75;75119;2;3;1.0;6.0;48,87898200;2,37131600;
202300035751.0;1;12;12119;1;1;1.0;6.0;44,67995200;2,88289700;
202300035752.0;1;972;97213;1;1;1.0;6.0;14,59799000; -61,00380000;
202300035753.0;1;974;97409;2;1;1.0;6.0; -20,97397000;55,68796000;
202300035754.0;1;94;94068;2;1;1.0;1.0;48,79004146;2,51212089;
202300035755.0;1;75;75113;2;3;1.0;3.0;48,81947300;2,36377900;
202300035756.0;1;41;41083;2;1;1.0;3.0;47,54300000;1,85200000;
202300035757.0;3;972;97209;1;1;1.0;1.0;14,63013000; -61,03874000;
202300035758.0;1;94;94068;2;1;7.0;2.0;48,80212000;2,48009000;
202300035759.0;1;974;97407;2;9;8.0;3.0; -20,95948927;55,30790091;
202300035760.0;1;41;41043;1;2;1.0;3.0;47,28282100;1,49199700;
202300035761.0;5;75;75112;2;2;2.0;2.0;48,84539800;2,36687800;
202300035762.0;1;94;94076;2;9;1.0;3.0;48,80104000;2,36515000;
202300035763.0;1;68;68150;2;3;1.0;7.0;48,03589500;7,28029300;
202300035764.0;1;69;69034;2;2;1.0;6.0;45,79514000;4,84748000;
202300035765.0;1;69;69382;2;3;1.0;3.0;45,76506000;4,83812000;
202300035766.0;1;94;94041;2;1;1.0;6.0;48,81653000;2,37451000;
202300035767.0;2;25;25018;1;1;1.0;6.0;47,36493600;6,58142200;
202300035768.0;5;75;75112;2;3;2.0;3.0;48,83175400;2,39778500;
202300035769.0;1;94;94041;2;1;1.0;3.0;48,81134000;2,40317000;
202300035770.0;5;971;97101;2;1;1.0;3.0;16,23914000; -61,52343000;
202300035771.0;1;69;69034;2;9;1.0;3.0;45,79953000;4,86476000;
202300035772.0;1;25;25177;2;4;1.0;1.0;47,35299500;6,52762200;
202300035773.0;5;75;75112;2;2;2.0;1.0;48,83175400;2,39778500;
202300035774.0;1;94;94021;2;6;1.0;3.0;48,77277284;2,33945797;
202300035775.0;1;95;95277;2;1;1.0;2.0;48,99139536;2,43841231;
202300035776.0;1;25;25434;2;1;1.0;1.0;47,10038100;6,15293400;
202300035777.0;1;94;94028;2;1;1.0;6.0;48,79530000;2,44740000;
202300035778.0;1;75;75109;2;7;1.0;6.0;48,87068300;2,33231000;
202300035779.0;2;35;35116;2;1;1.0;7.0;48,59666700; -1,84626100;
202300035780.0;1;95;95197;2;1;2.0;3.0;48,96280800;2,32320100;
202300035781.0;1;75;75109;2;2;8.0;6.0;48,87552300;2,32663400;
202300035782.0;5;94;94011;2;9;1.0;1.0;48,77754000;2,47843000;
202300035783.0;1;87;87085;2;1;1.0;6.0;45,83399000;1,27350000;
202300035784.0;3;29;29272;1;2;1.0;3.0;47,95864900; -3,94422100;
202300035785.0;1;95;95598;2;1;2.0;3.0;48,99030000;2,29634000;
202300035786.0;1;94;94022;2;1;1.0;3.0;48,77035792;2,40171379;
202300035787.0;5;75;75108;2;3;8.0;7.0;48,87305500;2,32358100;
202300035788.0;3;29;29212;1;6;1.0;6.0;48,36405818; -4,59094773;
202300035789.0;1;86;86214;1;1;1.0;2.0;46,55663700;0,33800700;
202300035790.0;5;75;75104;2;1;1.0;6.0;48,85640100;2,35613100;
202300035791.0;3;02;02203;1;1;1.0;6.0;49,17758000;3,44092500;
202300035792.0;3;94;94070;2;1;1.0;4.0;48,71991000;2,56620000;
202300035793.0;1;94;94078;2;1;8.0;6.0;48,75098531;2,44640339;
202300035794.0;1;93;93073;1;1;1.0;2.0;48,98567000;2,52141000;
202300035795.0;5;91;91667;2;1;3.0;3.0;48,65543000;2,33852000;
202300035796.0;1;02;02290;1;1;1.0;4.0;49,04757300;3,35526100;
202300035797.0;1;94;94044;2;1;1.0;6.0;48,74947776;2,48112188;
202300035798.0;1;93;93066;2;1;1.0;2.0;48,93349000;2,37098000;
202300035799.0;1;88;88087;2;1;1.0;6.0;48,17612000;6,41242000;
202300035800.0;3;94;94078;2;1;1.0;6.0;48,75406917;2,44862455;
202300035801.0;1;84;84102;1;9;2.0;3.0;43,91350700;5,31510800;
202300035802.0;1;93;93055;2;2;1.0;1.0;48,89254401;2,40986114;
202300035803.0;1;87;87085;2;1;1.0;2.0;45,80808000;1,27534000;
202300035804.0;1;15;15090;1;2;1.0;6.0;44,77480200;2,45920500;
202300035805.0;1;93;93051;2;2;1.0;3.0;48,83780000;2,56838000;
202300035806.0;1;94;94076;2;9;1.0;3.0;48,79276421;2,36936630;
202300035807.0;1;76;76165;2;2;1.0;3.0;49,28362000;1,01741000;
202300035808.0;5;87;87085;2;1;1.0;6.0;45,81924000;1,26981000;
202300035809.0;3;01;01016;1;4;1.0;6.0;46,48041300;4,94416400;
202300035810.0;1;93;93046;2;1;1.0;3.0;48,91785000;2,52896000;
202300035811.0;1;76;76540;2;3;1.0;6.0;49,44576337;1,07927656;
202300035812.0;1;70;70451;2;1;1.0;1.0;47,69747300;6,61916900;
202300035813.0;1;93;93045;2;2;1.0;4.0;48,88339000;2,41640000;
202300035814.0;1;86;86194;2;2;1.0;3.0;46,60515400;0,32770100;
202300035815.0;1;94;94077;2;9;8.0;5.0;48,73288994;2,40599151;
202300035816.0;1;76;76351;1;1;1.0;6.0;49,48707000;0,18071000;
202300035817.0;1;93;93032;2;1;7.0;6.0;48,87669755;2,55195558;
202300035818.0;1;58;58149;1;1;1.0;3.0;46,80058500;3,98414300;
202300035819.0;5;94;94018;2;3;2.0;6.0;48,82331000;2,40658000;
202300035820.0;1;83;83061;2;6;1.0;3.0;43,43070000;6,73650000;
202300035821.0;1;76;76351;2;1;2.0;6.0;49,49672000;0,12732000;
202300035822.0;1;93;93014;2;3;1.0;3.0;48,90856087;2,54341757;
202300035823.0;5;06;06032;2;1;2.0;4.0;43,72456900;7,40177400;
202300035824.0;1;94;94069;2;1;8.0;2.0;48,82403179;2,42070136;
202300035825.0;1;80;80021;2;3;1.0;3.0;49,87086000;2,31089000;
202300035826.0;1;92;92073;2;1;7.0;2.0;48,86041900;2,21324600;
202300035827.0;5;72;72181;2;2;1.0;6.0;47,99993000;0,19234000;
202300035828.0;1;14;14528;2;3;1.0;2.0;49,34191900;0,31794400;
202300035829.0;2;92;92072;2;1;1.0;6.0;48,82312000;2,20957000;
202300035830.0;2;94;94002;2;2;1.0;6.0;48,79989400;2,42693300;
202300035831.0;1;71;71540;2;1;1.0;6.0;46,77849100;4,43996000;
202300035832.0;1;50;50087;1;1;1.0;6.0;49,55057200; -1,58188100;
202300035833.0;5;92;92022;2;1;1.0;6.0;48,80870951;2,19723478;
202300035834.0;1;77;77058;2;3;8.0;3.0;48,84300000;2,73900000;
202300035835.0;1;93;93066;2;6;1.0;3.0;48,93567000;2,34291000;
202300035836.0;5;76;76351;2;1;1.0;6.0;49,50023000;0,11797000;
202300035837.0;1;92;92064;2;3;1.0;3.0;48,85248100;2,21625400;
202300035838.0;1;50;50433;1;3;1.0;3.0;49,62717000; -1,26033800;
202300035839.0;1;69;69290;2;2;1.0;3.0;45,70032000;4,93788000;
202300035840.0;1;92;92063;2;1;1.0;3.0;48,87592000;2,16998000;
202300035841.0;5;93;93066;2;6;1.0;3.0;48,92590100;2,37696100;
202300035842.0;1;50;50410;1;3;1.0;6.0;48,55775400; -1,46977500;
202300035843.0;1;76;76341;1;1;1.0;2.0;49,51672000;0,20588000;
202300035844.0;5;67;67482;2;1;1.0;5.0;48,54052000;7,76789000;
202300035845.0;1;92;92020;2;1;1.0;6.0;48,80825700;2,29319900;
202300035846.0;1;93;93062;2;1;1.0;1.0;48,90192442;2,52146277;
202300035847.0;1;66;66136;2;1;2.0;6.0;42,73940000;2,89151000;
202300035848.0;5;60;60104;2;4;1.0;6.0;49,62956700;2,29387900;
202300035849.0;1;92;92036;2;6;1.0;3.0;48,93678800;2,30403300;
202300035850.0;1;93;93050;2;1;1.0;6.0;48,86582000;2,52287000;
202300035851.0;1;71;71270;1;1;1.0;1.0;46,37234000;4,82659000;
202300035852.0;5;66;66136;2;2;1.0;3.0;42,69885000;2,87772000;
202300035853.0;1;45;45279;2;1;1.0;5.0;47,95882800;2,80228100;
202300035854.0;1;92;92023;2;3;1.0;3.0;48,78285097;2,24506885;
202300035855.0;5;93;93010;2;1;2.0;2.0;48,90500000;2,47597000;
202300035856.0;1;45;45099;1;1;1.0;6.0;48,00526400;1,76664200;
202300035857.0;1;69;69290;2;1;1.0;6.0;45,69461511;4,94695678;
202300035858.0;1;92;92012;2;1;1.0;6.0;48,82725400;2,23388900;
202300035859.0;5;63;63113;2;5;1.0;3.0;45,76453000;3,12550000;
202300035860.0;2;10;10323;2;1;1.0;7.0;48,50620000;3,74341200;
202300035861.0;1;92;92002;2;9;1.0;3.0;48,74973000;2,30881000;
202300035862.0;2;93;93001;2;1;2.0;6.0;48,91736000;2,39567000;
202300035863.0;2;07;07085;1;1;1.0;7.0;45,01630300;4,62479400;
202300035864.0;1;63;63014;2;2;1.0;3.0;45,75382275;3,12838912;
202300035865.0;1;69;69259;2;1;1.0;5.0;45,71400000;4,87312000;
202300035866.0;1;53;53185;2;1;1.0;6.0;48,45953000; -0,20007000;
202300035867.0;1;92;92002;2;2;1.0;3.0;48,74427000;2,29161000;
202300035868.0;2;93;93001;2;2;1.0;3.0;48,91138683;2,40043759;
202300035869.0;1;59;59329;1;1;1.0;1.0;50,34577992;3,07125807;
202300035870.0;1;69;69199;2;1;1.0;6.0;45,71018000;4,86082000;
202300035871.0;1;53;53162;1;6;1.0;3.0;48,26272700; -0,62905300;
202300035872.0;1;01;01085;1;3;1.0;2.0;46,09055500;5,02800100;
202300035873.0;1;92;92063;2;3;1.0;3.0;48,88015172;2,18120322;
202300035874.0;1;51;51454;2;1;1.0;6.0;49,25958900;4,04528500;
202300035875.0;1;40;40120;1;1;1.0;1.0;43,50065900; -1,13652700;
202300035876.0;1;67;67482;2;1;1.0;3.0;48,59115000;7,70281000;
202300035877.0;1;38;38344;2;3;1.0;3.0;45,36080000;4,80275800;
202300035878.0;1;92;92063;2;1;1.0;3.0;48,85951315;2,18204141;
202300035879.0;1;51;51454;2;1;1.0;6.0;49,26409000;4,01351000;
202300035880.0;2;85;85277;1;1;1.0;6.0;46,48390000; -1,38054000;
202300035881.0;5;92;92062;2;1;2.0;6.0;48,88334872;2,24278003;
202300035882.0;5;50;50129;1;1;1.0;6.0;49,66757000; -1,70172000;
202300035883.0;1;67;67482;2;1;1.0;5.0;48,55142000;7,73291000;
202300035884.0;3;27;27425;2;1;1.0;6.0;49,15217300;0,71367700;
202300035885.0;1;28;28282;1;1;1.0;7.0;48,32741000;1,14150500;
202300035886.0;3;92;92051;2;1;2.0;2.0;48,88294163;2,27559471;
202300035887.0;1;11;11076;1;1;1.0;4.0;43,28489900;1,96758800;
202300035888.0;1;67;67482;2;1;1.0;2.0;48,59082000;7,78185000;
202300035889.0;5;49;49099;2;2;1.0;6.0;47,05546000; -0,87910000;
202300035890.0;1;87;87154;2;1;1.0;7.0;45,90230600;0,92935600;
202300035891.0;4;42;42338;1;1;1.0;2.0;46,08661200;4,11284600;
202300035892.0;1;92;92050;2;3;8.0;3.0;48,89081200;2,21579343;
202300035893.0;1;49;49267;2;1;1.0;6.0;47,46787000; -0,50397000;
202300035894.0;1;67;67447;2;1;1.0;3.0;48,60847000;7,76610000;
202300035895.0;1;37;37273;1;1;1.0;1.0;47,40372788;0,75945139;
202300035896.0;3;68;68097;1;1;1.0;7.0;48,16186000;7,19963600;
202300035897.0;1;92;92012;2;1;8.0;6.0;48,82954491;2,25127602;
202300035898.0;1;37;37122;2;1;1.0;6.0;47,34270000;0,66390000;
202300035899.0;5;66;66136;2;1;1.0;6.0;42,68111000;2,89358000;
202300035900.0;2;974;97404;1;1;1.0;6.0; -21,28131200;55,34658400;
202300035901.0;1;30;30053;1;3;1.0;3.0;43,98850000;4,22341700;
202300035902.0;1;37;37261;2;1;1.0;6.0;47,38611804;0,69905877;
202300035903.0;1;26;26116;1;1;1.0;7.0;44,42991900;4,74171600;
202300035904.0;1;66;66136;2;1;1.0;6.0;42,69146000;2,89857000;
202300035905.0;1;92;92012;2;2;1.0;3.0;48,83758430;2,24795978;
202300035906.0;3;21;21273;1;9;2.0;7.0;47,30782760;4,86480177;
202300035907.0;1;30;30233;1;2;1.0;6.0;43,91914100;4,20455000;
202300035908.0;1;35;35055;1;1;1.0;2.0;48,08127000; -1,61620000;
202300035909.0;1;92;92012;2;1;1.0;6.0;48,83847692;2,23769903;
202300035910.0;5;66;66136;2;3;1.0;3.0;42,68034465;2,90316805;
202300035911.0;2;47;47034;2;1;1.0;6.0;44,38608600;0,10376400;
202300035912.0;1;33;33063;2;1;1.0;4.0;44,86157000; -0,58688000;
202300035913.0;1;973;97307;1;1;1.0;6.0;4,84126000; -52,33929600;
202300035914.0;3;62;62898;1;2;2.0;3.0;50,72373200;2,19732500;
202300035915.0;1;2B;2B124;1;1;1.0;1.0;42,11417400;9,19976200;
202300035916.0;1;63;63113;2;2;1.0;2.0;45,78215000;3,07286000;
202300035917.0;1;27;27681;2;1;1.0;6.0;49,09819170;1,49114410;
202300035918.0;1;62;62553;2;1;1.0;1.0;50,46891600;2,41527600;
202300035919.0;3;988;98805;1;1;1.0;1.0; -22,13526000;166,44655100;
202300035920.0;1;42;42332;1;2;2.0;3.0;45,99214100;3,99695300;
202300035921.0;1;27;27229;1;1;1.0;6.0;49,01426000;1,10683000;
202300035922.0;1;63;63113;2;3;1.0;3.0;45,80687000;3,11731000;
202300035923.0;3;62;62673;1;1;1.0;6.0;50,18802800;3,00622000;
202300035924.0;2;67;67309;1;1;1.0;3.0;48,63780100;7,72702000;
202300035925.0;5;57;57706;2;1;1.0;6.0;48,83810700;6,74814300;
202300035926.0;1;62;62413;2;2;1.0;3.0;50,46606000;2,90421000;
202300035927.0;2;37;37153;1;1;1.0;4.0;47,46779288;0,76664194;
202300035928.0;1;45;45110;1;1;8.0;6.0;48,10432800;2,32704200;
202300035929.0;3;47;47061;1;1;1.0;7.0;44,41768410;0,17480827;
202300035930.0;1;62;62193;2;9;7.0;6.0;50,95340120;1,83875191;
202300035931.0;1;51;51354;1;3;1.0;1.0;48,91947500;4,49785000;
202300035932.0;5;59;59082;1;1;3.0;3.0;50,98504200;2,40538100;
202300035933.0;1;76;76141;1;1;1.0;7.0;49,63237500;0,41895000;
202300035934.0;5;22;22215;1;9;1.0;3.0;48,48100000; -2,79400000;
202300035935.0;4;76;76436;1;1;1.0;6.0;49,43029800;0,85912800;
202300035936.0;1;59;59368;2;2;1.0;3.0;50,65594000;3,06057000;
202300035937.0;2;65;65369;1;2;2.0;3.0;43,27440888;0,17412096;
202300035938.0;3;06;06149;1;1;1.0;3.0;43,74088700;7,32839600;
202300035939.0;1;19;19272;2;1;1.0;6.0;45,25888900;1,75702800;