Num_Acc;lum;departement;commune;agglomeration;intersection;meteo;type_collision;lat;long;date
202300035940.0;3;77;77162;2;1;2.0;6.0;48,86385700;3,15697100;
202300035941.0;1;76;76201;2;1;1.0;7.0;49,46456500;1,39976400;
202300035942.0;1;57;57012;2;3;1.0;3.0;49,35347000;6,04286000;
202300035943.0;1;11;11144;1;2;1.0;2.0;42,87986400;2,99295900;
202300035944.0;2;19;19031;2;1;1.0;6.0;45,15998000;1,54067000;
202300035945.0;1;79;79289;1;1;1.0;1.0;47,00163600; -0,78782900;
202300035946.0;1;74;74282;1;1;2.0;6.0;46,04256400;6,22316500;
202300035947.0;3;988;98825;1;1;1.0;7.0; -21,25017200;164,92299200;
202300035948.0;5;14;14271;2;6;1.0;6.0;49,13932300; -0,37648500;
202300035949.0;2;2A;2A008;2;1;1.0;6.0;41,85533400;8,79120800;
202300035950.0;1;56;56098;2;1;1.0;3.0;47,77564000; -3,34604000;
202300035951.0;3;79;79204;1;1;3.0;1.0;46,19335600; -0,21567600;
202300035952.0;2;80;80793;2;1;7.0;6.0;50,01598300;2,18866200;
202300035953.0;3;988;98821;1;1;1.0;1.0; -22,04917000;166,24054000;
202300035954.0;1;71;71351;1;1;1.0;6.0;46,89252891;5,26379228;
202300035955.0;1;13;13214;2;4;2.0;1.0;43,33119000;5,40606000;
202300035956.0;5;71;71204;1;1;1.0;1.0;46,82230700;4,85130600;
202300035957.0;5;51;51454;2;2;1.0;3.0;49,23303000;4,04871000;
202300035958.0;1;988;98802;2;1;1.0;6.0; -21,82499100;165,99836500;
202300035959.0;1;71;71479;2;2;1.0;6.0;46,84893400;4,42756300;
202300035960.0;1;13;13211;2;1;1.0;3.0;43,28600000;5,47600000;
202300035961.0;3;61;61485;1;1;3.0;2.0;48,90590800;0,28215700;
202300035962.0;3;971;97125;1;1;1.0;1.0;16,25944700; -61,30138800;
202300035963.0;1;50;50129;2;4;5.0;3.0;49,61057000; -1,61700000;
202300035964.0;1;89;89407;1;4;1.0;3.0;47,84544100;4,08216700;
202300035965.0;1;44;44036;2;6;2.0;6.0;47,71795500; -1,38137300;
202300035966.0;5;13;13208;2;1;2.0;6.0;43,26125871;5,39768598;
202300035967.0;3;971;97118;2;1;1.0;3.0;16,18344700; -61,60183300;
202300035968.0;1;44;44162;2;1;1.0;6.0;47,22964000; -1,63367000;
202300035969.0;1;61;61287;1;2;1.0;3.0;48,82327800; -0,58962400;
202300035970.0;5;02;02810;2;1;2.0;6.0;49,24957800;3,09584900;
202300035971.0;5;13;13098;2;1;2.0;2.0;43,45657000;5,01095000;
202300035972.0;5;978;97801;2;3;2.0;2.0;18,07052800; -63,08224600;
202300035973.0;1;10;10333;2;1;1.0;6.0;48,27030000;4,05047000;
202300035974.0;1;30;30130;1;1;1.0;6.0;44,36347100;3,94036900;
202300035975.0;1;44;44162;2;1;1.0;1.0;47,23266000; -1,59456000;
202300035976.0;1;03;03138;1;1;1.0;1.0;46,24755200;3,60261400;
202300035977.0;1;55;55312;1;2;7.0;3.0;48,93109900;5,52066500;
202300035978.0;1;34;34157;2;6;1.0;6.0;43,42725800;3,60455100;
202300035979.0;1;43;43002;2;1;2.0;7.0;45,05226400;3,88130400;
202300035980.0;5;06;06088;2;1;2.0;6.0;43,67935000;7,23016000;
202300035981.0;1;34;34052;2;1;1.0;6.0;43,32640300;3,05161400;
202300035982.0;1;49;49331;2;1;1.0;1.0;47,69043900; -0,89288600;
202300035983.0;1;37;37261;2;1;1.0;3.0;47,39300000;0,70283000;
202300035984.0;1;42;42149;2;1;1.0;6.0;45,64248800;4,23265500;
202300035985.0;5;03;03119;2;7;1.0;2.0;46,73111900;3,61153000;
202300035986.0;2;34;34022;2;1;3.0;3.0;43,65618300;4,00537500;
202300035987.0;1;42;42235;1;1;1.0;1.0;45,36972100;4,04712100;
202300035988.0;5;75;75119;2;1;1.0;6.0;48,89604500;2,38057900;
202300035989.0;5;37;37233;2;3;8.0;3.0;47,37954915;0,74504256;
202300035990.0;1;86;86177;2;1;1.0;6.0;46,67840200;0,26633300;
202300035991.0;1;34;34058;2;3;1.0;3.0;43,67505400;3,98979100;
202300035992.0;3;01;01175;1;1;3.0;2.0;46,41241800;4,92716800;
202300035993.0;1;75;75117;2;3;1.0;6.0;48,89396100;2,32142100;
202300035994.0;1;35;35238;2;1;1.0;2.0;48,09573000; -1,67472000;
202300035995.0;1;25;25434;2;1;7.0;1.0;47,10502700;6,13253800;
202300035996.0;1;83;83071;1;3;1.0;1.0;43,12623300;6,19861700;
202300035997.0;3;14;14578;1;1;2.0;1.0;49,35319100;0,16568000;
202300035998.0;3;44;44006;1;1;1.0;6.0;47,43971000; -2,43202300;
202300035999.0;1;75;75117;2;1;1.0;3.0;48,89288000;2,31633900;
202300036000.0;1;35;35331;2;1;1.0;7.0;48,11041100; -1,92795000;
202300036001.0;1;18;18148;2;1;1.0;6.0;47,20286500;2,05965300;
202300036002.0;1;06;06070;2;1;2.0;2.0;43,79606200;6,94538700;
202300036003.0;1;75;75116;2;3;1.0;6.0;48,86495500;2,29590900;
202300036004.0;1;35;35238;1;1;1.0;4.0;48,10487500; -1,71673500;
202300036005.0;1;29;29168;1;1;1.0;6.0;48,03410200; -4,71956700;
202300036006.0;3;18;18179;1;1;1.0;6.0;47,15226000;2,43843900;
202300036007.0;5;75;75111;2;3;1.0;6.0;48,86462400;2,37233600;
202300036008.0;1;31;31561;2;2;1.0;3.0;43,65973400;1,48832600;
202300036009.0;1;06;06057;1;1;2.0;5.0;43,82080800;7,35339900;
202300036010.0;1;33;33318;2;6;1.0;2.0;44,79315000; -0,64589000;
202300036011.0;1;16;16167;1;3;1.0;7.0;45,68436900; -0,15328300;
202300036012.0;2;13;13022;1;1;2.0;1.0;43,22495000;5,53435200;
202300036013.0;5;75;75107;2;2;1.0;6.0;48,85745000;2,29111500;
202300036014.0;1;02;02150;1;9;1.0;1.0;49,45615800;3,67087100;
202300036015.0;1;31;31555;1;1;1.0;4.0;43,64849247;1,42176121;
202300036016.0;1;71;71588;1;1;1.0;6.0;46,47522700;4,04422400;
202300036017.0;1;75;75114;2;2;1.0;6.0;48,82501500;2,30215800;
202300036018.0;1;02;02827;1;6;7.0;2.0;49,73148400;3,75448100;
202300036019.0;2;21;21498;1;3;2.0;2.0;47,41328600;4,53526100;
202300036020.0;4;51;51250;2;1;1.0;7.0;49,30822100;3,66725600;
202300036021.0;1;31;31555;2;1;1.0;2.0;43,61718287;1,43689424;
202300036022.0;1;02;02560;2;3;1.0;1.0;49,69876100;3,45946500;
202300036023.0;1;06;06018;2;1;2.0;6.0;43,62329700;7,07293700;
202300036024.0;1;68;68142;1;1;1.0;7.0;48,07053800;7,13265900;
202300036025.0;1;94;94034;2;2;1.0;3.0;48,75553000;2,32773000;
202300036026.0;1;30;30189;1;1;1.0;1.0;43,86510000;4,32680000;
202300036027.0;3;988;98811;1;1;1.0;6.0; -21,02063000;164,98674000;
202300036028.0;1;88;88196;1;1;1.0;1.0;48,04457900;6,86716300;
202300036029.0;5;93;93059;2;1;1.0;3.0;48,96583000;2,36370000;
202300036030.0;3;974;97415;2;1;1.0;6.0; -21,06530900;55,22384000;
202300036031.0;1;30;30007;2;2;1.0;6.0;44,13440000;4,07700000;
202300036032.0;3;70;70509;2;1;1.0;6.0;47,33707800;5,71723000;
202300036033.0;1;57;57017;2;6;1.0;6.0;49,16538500;6,04017400;
202300036034.0;1;58;58309;1;1;1.0;6.0;46,93230500;4,00314300;
202300036035.0;1;93;93072;2;1;1.0;3.0;48,96276478;2,38445835;
202300036036.0;3;29;29234;1;1;1.0;1.0;47,84831165; -3,50909071;
202300036037.0;1;29;29232;2;9;1.0;6.0;48,01320000; -4,08684000;
202300036038.0;1;06;06105;2;1;1.0;2.0;43,66362200;7,05480500;
202300036039.0;1;2A;2A163;1;1;1.0;6.0;41,49450000;8,95716200;
202300036040.0;1;42;42155;2;3;1.0;3.0;45,80516300;4,15385700;
202300036041.0;3;60;60509;1;1;1.0;6.0;49,32478600;2,62096900;
202300036042.0;1;93;93070;2;1;1.0;2.0;48,90804056;2,34415680;
202300036043.0;1;22;22113;1;1;1.0;6.0;48,71710979; -3,40733707;
202300036044.0;1;36;36231;1;1;1.0;6.0;46,74061546;1,61774218;
202300036045.0;1;26;26023;1;1;2.0;7.0;44,95095000;5,14584900;
202300036046.0;1;2A;2A041;1;1;2.0;3.0;41,41476500;9,12149500;
202300036047.0;1;12;12202;2;1;1.0;6.0;44,34780076;2,56383419;
202300036048.0;3;53;53106;1;1;1.0;6.0;48,38284400; -0,13924300;
202300036049.0;5;93;93066;2;2;1.0;3.0;48,92972000;2,35658000;
202300036050.0;1;09;09272;1;3;1.0;1.0;42,92114100;1,65657500;
202300036051.0;5;11;11076;2;2;1.0;7.0;43,31485900;1,95918200;
202300036052.0;1;53;53096;1;1;1.0;2.0;48,33075500; -0,92497600;
202300036053.0;1;40;40046;2;1;1.0;6.0;44,39045600; -1,16030500;
202300036054.0;1;93;93008;2;3;1.0;3.0;48,90580163;2,46518016;
202300036055.0;1;09;09216;1;1;8.0;1.0;42,99665200;1,44684300;
202300036056.0;1;30;30114;1;9;1.0;6.0;43,82799500;4,10528700;
202300036057.0;1;26;26084;1;1;2.0;3.0;44,99035900;4,88119100;
202300036058.0;1;12;12202;1;1;1.0;5.0;44,34954000;2,58219000;
202300036059.0;1;93;93050;2;9;1.0;3.0;48,86972651;2,53906819;
202300036060.0;1;88;88426;2;2;1.0;3.0;47,85358700;6,81267100;
202300036061.0;1;33;33328;1;2;1.0;3.0;44,92984900; -0,21372400;
202300036062.0;1;88;88483;2;6;2.0;3.0;48,19052600;6,36882000;
202300036063.0;1;88;88027;1;1;1.0;6.0;48,31590300;6,53126500;
202300036064.0;1;92;92078;1;1;1.0;6.0;48,93257620;2,32541262;
202300036065.0;1;10;10387;2;3;1.0;3.0;48,31013976;4,09728080;
202300036066.0;1;42;42108;1;1;1.0;6.0;45,60537300;4,20789800;
202300036067.0;1;51;51027;1;1;1.0;7.0;49,05816391;4,69591770;
202300036068.0;5;92;92050;2;3;1.0;3.0;48,89031779;2,21774966;
202300036069.0;5;10;10387;2;1;1.0;6.0;48,29873000;4,07353000;
202300036070.0;1;22;22213;1;3;1.0;3.0;48,53456000; -2,01155000;
202300036071.0;1;09;09122;2;9;1.0;6.0;42,96555000;1,60803000;
202300036072.0;1;51;51454;1;1;1.0;4.0;49,22775800;4,05212000;
202300036073.0;1;92;92036;2;3;1.0;6.0;48,93030980;2,29350463;
202300036074.0;1;22;22054;1;2;1.0;3.0;48,61270700; -2,44831800;
202300036075.0;1;26;26347;2;4;8.0;3.0;45,06937900;4,84108800;
202300036076.0;1;13;13114;1;1;1.0;5.0;43,51671200;5,30409500;
202300036077.0;1;06;06088;1;1;1.0;1.0;43,73276000;7,29041000;
202300036078.0;2;27;27676;1;2;1.0;2.0;49,20594200;1,30827400;
202300036079.0;1;02;02408;2;3;1.0;6.0;49,56337000;3,64499000;
202300036080.0;1;45;45024;1;1;1.0;6.0;47,82324800;1,64753100;
202300036081.0;1;60;60212;2;1;1.0;2.0;49,23251800;2,30137700;
202300036082.0;5;988;98818;2;1;1.0;2.0; -22,28670000;166,45723000;
202300036083.0;3;30;30333;1;1;1.0;1.0;43,76362486;4,26634312;
202300036084.0;1;987;98726;1;1;1.0;1.0; -16,60900000; -143,29500000;
202300036085.0;5;974;97409;1;1;2.0;4.0; -20,94370000;55,64925000;
202300036086.0;1;988;98819;1;1;1.0;7.0; -20,44210000;164,43109000;
202300036087.0;1;973;97305;1;1;1.0;6.0;4,93840800; -52,40989200;
202300036088.0;1;69;69296;1;1;2.0;1.0;45,64462905;4,81796222;
202300036089.0;1;69;69387;2;1;1.0;1.0;45,74354000;4,85380000;
202300036090.0;3;60;60338;1;1;1.0;4.0;49,36708800;2,77615100;
202300036091.0;5;971;97128;1;1;1.0;2.0;16,23547300; -61,36969300;
202300036092.0;1;81;81165;1;1;1.0;6.0;44,11766700;1,90007200;
202300036093.0;1;972;97209;2;1;1.0;6.0;14,60467000; -61,07340000;
202300036094.0;1;31;31429;2;3;1.0;3.0;43,49701700;1,51795300;
202300036095.0;1;59;59581;1;3;1.0;5.0;50,68511400;2,75663500;
202300036096.0;1;971;97106;2;1;1.0;6.0;16,14230000; -61,76896700;
202300036097.0;1;13;13019;1;1;2.0;2.0;43,42359000;5,37374000;
202300036098.0;5;69;69202;2;2;1.0;3.0;45,73597000;4,79558000;
202300036099.0;1;09;09181;2;1;1.0;6.0;43,08038100;1,36604400;
202300036100.0;1;33;33234;2;1;2.0;3.0;44,79403200; -0,51026600;
202300036101.0;1;19;19146;1;1;2.0;3.0;45,32912200;1,76634200;
202300036102.0;3;95;95054;1;1;1.0;6.0;49,15111400;1,88468600;
202300036103.0;1;95;95480;2;1;1.0;3.0;49,11687288;2,21000375;
202300036104.0;1;13;13214;1;1;1.0;2.0;43,33000613;5,39623976;
202300036105.0;1;69;69389;2;3;1.0;3.0;45,78578000;4,80923000;
202300036106.0;1;91;91106;2;1;7.0;7.0;48,55955400;2,15204400;
202300036107.0;1;17;17064;2;1;2.0;1.0;45,67252000; -1,05571900;
202300036108.0;2;2A;2A247;2;1;1.0;6.0;41,59097700;9,27847400;
202300036109.0;1;69;69259;1;1;1.0;2.0;45,72292000;4,88962000;
202300036110.0;1;66;66088;2;1;1.0;6.0;42,67065200;2,62169800;
202300036111.0;1;69;69142;2;1;1.0;6.0;45,72341000;4,81222000;
202300036112.0;1;49;49163;1;2;1.0;3.0;47,55780600; -0,22984400;
202300036113.0;1;35;35212;1;1;3.0;5.0;47,90059200; -1,64028900;
202300036114.0;5;91;91589;2;1;3.0;7.0;48,68705000;2,34764000;
202300036115.0;2;02;02505;1;1;2.0;6.0;48,96037700;3,44100600;
202300036116.0;1;83;83016;1;3;1.0;3.0;43,18649000;5,81821600;
202300036117.0;3;42;42218;1;1;3.0;7.0;45,43408596;4,41982985;
202300036118.0;3;83;83099;1;1;1.0;2.0;43,44289400;6,70326900;
202300036119.0;3;35;35139;1;1;1.0;2.0;47,97665100; -1,69504900;
202300036120.0;1;91;91027;2;2;2.0;3.0;48,71626000;2,37128000;
202300036121.0;1;57;57343;1;1;1.0;3.0;49,31714152;6,18249983;
202300036122.0;2;13;13106;1;1;1.0;2.0;43,39071033;5,35120523;
202300036123.0;1;83;83107;1;3;1.0;3.0;43,34609900;6,71256100;
202300036124.0;1;974;97410;1;1;1.0;6.0; -21,05367774;55,72675467;
202300036125.0;1;67;67152;1;1;8.0;2.0;48,52280200;7,64146700;
202300036126.0;1;69;69266;2;2;1.0;3.0;45,78189000;4,88746000;
202300036127.0;2;91;91689;1;1;1.0;2.0;48,73183000;2,31547000;
202300036128.0;3;34;34270;2;3;1.0;3.0;43,58186000;3,84807900;
202300036129.0;3;69;69149;1;1;1.0;4.0;45,71542000;4,82063000;
202300036130.0;1;62;62075;1;1;1.0;6.0;50,70163900;1,67659800;
202300036131.0;2;71;71393;1;1;1.0;6.0;46,22845500;4,14660900;
202300036132.0;1;59;59183;1;1;2.0;1.0;51,01602200;2,33056600;
202300036133.0;1;92;92002;1;1;1.0;4.0;48,73051377;2,30845499;
202300036134.0;3;33;33330;1;1;1.0;2.0;44,86973829; -0,44120461;
202300036135.0;1;71;71371;1;1;1.0;1.0;46,34046900;4,72495800;
202300036136.0;3;51;51662;1;1;1.0;2.0;49,27561700;4,08793300;
202300036137.0;1;50;50129;2;1;1.0;2.0;49,63189000; -1,61747000;
202300036138.0;1;91;91339;1;1;1.0;2.0;48,62570000;2,26229000;
202300036139.0;1;43;43002;2;6;1.0;6.0;45,05050000;3,88200000;
202300036140.0;1;33;33192;1;1;2.0;2.0;44,79016427; -0,61090797;
202300036141.0;1;65;65070;2;9;4.0;6.0;43,11512600; -0,05118400;
202300036142.0;1;67;67474;2;3;1.0;3.0;48,93388300;7,88209000;
202300036143.0;1;91;91161;1;1;1.0;2.0;48,70978000;2,30484000;
202300036144.0;2;67;67210;2;7;1.0;7.0;48,40265400;7,33074500;
202300036145.0;1;38;38423;2;1;1.0;3.0;45,21434000;5,69685000;
202300036146.0;1;91;91521;1;1;1.0;2.0;48,64250000;2,39310000;
202300036147.0;2;61;61278;1;2;1.0;2.0;48,70048500; -0,55940100;
202300036148.0;5;63;63092;2;1;1.0;6.0;45,88343000;2,98478700;
202300036149.0;3;92;92036;1;1;1.0;3.0;48,93484397;2,26726483;
202300036150.0;1;78;78423;1;1;1.0;3.0;48,79799200;2,00878400;
202300036151.0;1;81;81140;2;1;1.0;6.0;43,70059270;1,82067670;
202300036152.0;1;42;42302;1;1;6.0;1.0;45,51670700;4,44491400;
202300036153.0;1;92;92064;1;1;1.0;7.0;48,83936013;2,21689418;
202300036154.0;1;33;33075;2;1;1.0;5.0;44,89467748; -0,61566192;
202300036155.0;3;78;78007;1;1;1.0;2.0;48,89754100;2,00605300;
202300036156.0;3;42;42224;1;1;1.0;6.0;45,35305000;4,46943200;
202300036157.0;1;92;92072;1;1;1.0;5.0;48,81513791;2,21468284;
202300036158.0;1;46;46072;1;1;1.0;7.0;44,68247711;1,37045860;
202300036159.0;5;92;92050;1;1;1.0;2.0;48,90003871;2,21071229;
202300036160.0;1;64;64139;1;1;1.0;2.0;43,22341000; -0,35881500;
202300036161.0;5;28;28134;2;3;1.0;3.0;48,73861000;1,39248000;
202300036162.0;1;95;95241;1;1;1.0;2.0;49,04733000;2,46888000;
202300036163.0;1;29;29058;1;1;1.0;6.0;47,86814200; -4,04669800;
202300036164.0;1;78;78043;1;1;1.0;3.0;48,84510100;2,08665600;
202300036165.0;2;22;22045;1;1;1.0;7.0;48,44373600; -2,94635300;
202300036166.0;5;41;41151;2;4;1.0;6.0;47,34379900;1,18484300;
202300036167.0;3;92;92036;1;1;2.0;2.0;48,93835245;2,31353259;
202300036168.0;1;35;35360;1;2;1.0;3.0;48,10426800; -1,16202100;
202300036169.0;3;17;17380;1;3;8.0;3.0;45,65192700; -1,12173400;
202300036170.0;1;34;34284;2;1;1.0;6.0;43,48838900;2,76103900;
202300036171.0;1;27;27249;1;2;1.0;3.0;49,17505500;1,25838500;
202300036172.0;1;29;29212;2;3;1.0;1.0;48,37388400; -4,58422200;
202300036173.0;1;93;93027;1;1;1.0;2.0;48,93877000;2,41647000;
202300036174.0;5;15;15014;2;9;1.0;1.0;44,91411540;2,44177200;
202300036175.0;3;60;60504;1;1;1.0;2.0;49,34654800;2,18797600;
202300036176.0;1;29;29069;2;3;1.0;1.0;48,42391100; -4,55738400;
202300036177.0;1;95;95527;1;1;2.0;2.0;48,99136000;2,51183000;
202300036178.0;3;95;95212;1;1;2.0;6.0;49,02922000;2,53342000;
202300036179.0;1;13;13215;2;6;1.0;5.0;43,35318000;5,37223000;
202300036180.0;1;38;38267;1;2;1.0;3.0;45,42783400;5,31333300;
202300036181.0;3;13;13211;1;1;1.0;5.0;43,28811811;5,44227981;
202300036182.0;3;94;94065;1;1;1.0;3.0;48,75368062;2,36854130;
202300036183.0;2;03;03082;2;3;1.0;3.0;46,29080200;2,73539200;
202300036184.0;1;70;70326;1;1;1.0;5.0;47,44808000;6,07712400;
202300036185.0;1;13;13001;2;2;1.0;3.0;43,52729000;5,43912000;
202300036186.0;3;77;77294;1;1;1.0;3.0;48,96193190;2,61610299;
202300036187.0;1;26;26118;1;1;1.0;6.0;45,30618000;4,95803100;
202300036188.0;1;38;38184;1;1;1.0;5.0;45,66116314;5,07060397;
202300036189.0;1;94;94017;1;1;1.0;3.0;48,83020089;2,49576700;
202300036190.0;1;64;64250;1;1;1.0;3.0;43,52442200; -1,22745200;
202300036191.0;1;06;06088;2;2;1.0;3.0;43,70448100;7,28547900;
202300036192.0;1;67;67471;1;9;1.0;2.0;48,63206000;7,72371000;
202300036193.0;1;18;18135;1;9;1.0;7.0;46,63497700;2,18716400;
202300036194.0;2;94;94028;1;1;1.0;3.0;48,79871719;2,44499982;
202300036195.0;1;33;33487;1;1;1.0;4.0;44,95422003; -0,45603991;
202300036196.0;3;85;85147;1;1;1.0;6.0;46,73481582; -0,77834789;
202300036197.0;3;62;62548;1;1;1.0;2.0;50,93732000;1,94993000;
202300036198.0;3;77;77058;1;1;1.0;5.0;48,82968442;2,71123662;
202300036199.0;1;67;67471;2;1;1.0;6.0;48,62796391;7,72938609;
202300036200.0;1;75;75120;2;1;1.0;5.0;48,85187300;2,41495800;
202300036201.0;1;06;06069;1;1;1.0;3.0;43,62300600;6,92581900;
202300036202.0;5;971;97128;1;1;1.0;1.0;16,24056700; -61,37012200;
202300036203.0;1;75;75119;2;7;1.0;2.0;48,87802600;2,37069300;
202300036204.0;1;78;78499;1;2;1.0;3.0;48,55710400;1,90419100;
202300036205.0;2;973;97302;2;3;1.0;3.0;4,93762000; -52,31586000;
202300036206.0;1;59;59532;1;1;1.0;2.0;50,95474733;2,14127764;
202300036207.0;1;75;75119;2;2;1.0;3.0;48,88273700;2,37030600;
202300036208.0;1;77;77122;1;1;1.0;6.0;48,65386277;2,61594443;
202300036209.0;5;07;07348;2;1;1.0;1.0;44,53638200;4,41748600;
202300036210.0;2;973;97302;2;1;1.0;3.0;4,94491000; -52,31153000;
202300036211.0;1;92;92025;1;1;1.0;7.0;48,92386630;2,22972613;
202300036212.0;1;75;75119;2;2;1.0;2.0;48,88402900;2,36883700;
202300036213.0;1;33;33051;2;9;1.0;2.0;44,63387600; -0,97697400;
202300036214.0;1;69;69387;2;2;1.0;3.0;45,75135000;4,84488000;
202300036215.0;1;78;78297;1;1;1.0;2.0;48,78888800;2,06863600;
202300036216.0;1;75;75118;2;3;1.0;6.0;48,89873200;2,37032700;
202300036217.0;1;22;22272;1;9;1.0;6.0;48,55689400; -3,12338300;
202300036218.0;1;69;69383;2;1;1.0;6.0;45,75057805;4,87416968;
202300036219.0;1;78;78158;1;1;1.0;3.0;48,83363800;2,13509500;
202300036220.0;1;92;92036;1;1;1.0;2.0;48,94589035;2,28373638;
202300036221.0;1;60;60409;1;1;1.0;4.0;49,28698200;2,46872600;
202300036222.0;1;75;75115;2;3;1.0;6.0;48,85747000;2,29101300;
202300036223.0;1;13;13215;1;1;1.0;2.0;43,34278900;5,37581100;
202300036224.0;1;972;97213;2;1;1.0;1.0;14,65484019; -61,01155077;
202300036225.0;5;75;75115;2;2;2.0;3.0;48,84041500;2,30424900;
202300036226.0;1;972;97209;1;3;1.0;3.0;14,61514966; -61,06187811;
202300036227.0;1;33;33192;1;1;1.0;2.0;44,77911379; -0,64139128;
202300036228.0;1;75;75114;2;2;1.0;7.0;48,82300500;2,32663400;
202300036229.0;1;75;75111;2;1;2.0;6.0;48,85854400;2,37312800;
202300036230.0;5;972;97209;2;6;1.0;1.0;14,62990000; -61,04155000;
202300036231.0;2;59;59508;1;1;1.0;6.0;50,73634000;3,12969000;
202300036232.0;1;75;75112;2;3;1.0;3.0;48,83205900;2,39879500;
202300036233.0;5;2B;2B033;1;4;1.0;3.0;42,68000000;9,42000000;
202300036234.0;1;91;91589;1;1;1.0;2.0;48,67858000;2,33562000;
202300036235.0;5;2B;2B033;2;1;1.0;6.0;42,69449000;9,44985000;
202300036236.0;1;75;75112;2;2;1.0;3.0;48,84565965;2,36730695;
202300036237.0;1;94;94034;1;1;1.0;2.0;48,75552034;2,34097827;
202300036238.0;1;971;97120;1;4;1.0;1.0;16,24353000; -61,53888000;
202300036239.0;4;91;91216;1;1;1.0;3.0;48,68100000;2,33100000;
202300036240.0;1;78;78498;1;1;1.0;2.0;48,90839100;2,00526700;
202300036241.0;1;75;75111;2;2;1.0;6.0;48,85711400;2,36885300;
202300036242.0;1;91;91223;2;1;1.0;6.0;48,42433000;2,13731000;
202300036243.0;1;87;87114;1;1;3.0;6.0;45,83927000;1,32460000;
202300036244.0;3;92;92064;1;1;1.0;2.0;48,83822910;2,19103797;
202300036245.0;1;86;86066;1;1;3.0;1.0;46,79393200;0,55852700;
202300036246.0;1;95;95572;1;1;1.0;2.0;49,03421791;2,10199934;
202300036247.0;5;75;75109;2;2;2.0;6.0;48,88220000;2,33768400;
202300036248.0;1;93;93066;1;1;1.0;3.0;48,91899344;2,35729400;
202300036249.0;1;83;83144;2;9;1.0;3.0;43,13787263;6,01521009;
202300036250.0;2;94;94028;1;1;1.0;2.0;48,78495580;2,44038353;
202300036251.0;1;83;83069;1;1;1.0;7.0;43,13174000;6,17088000;
202300036252.0;2;81;81065;2;1;8.0;6.0;43,58270000;2,27193000;
202300036253.0;1;77;77373;1;1;1.0;2.0;48,77671436;2,61351557;
202300036254.0;1;75;75116;2;1;1.0;2.0;48,86281900;2,26497500;
202300036255.0;1;77;77390;1;1;1.0;3.0;48,79125458;2,69160748;
202300036256.0;1;75;75107;2;3;2.0;7.0;48,85378900;2,31274200;
202300036257.0;1;75;75117;2;1;1.0;2.0;48,89024500;2,29846500;
202300036258.0;5;73;73029;1;5;1.0;3.0;45,56809480;5,94057262;
202300036259.0;5;75;75119;2;1;1.0;6.0;48,87846500;2,40289500;
202300036260.0;5;73;73011;2;1;1.0;3.0;45,66818000;6,38301000;
202300036261.0;1;75;75119;2;2;1.0;3.0;48,87550000;2,39209300;
202300036262.0;5;75;75107;2;2;2.0;3.0;48,86286700;2,31347200;
202300036263.0;5;72;72181;2;6;1.0;6.0;47,99828000;0,17876000;
202300036264.0;5;75;75118;2;3;1.0;2.0;48,89547100;2,34957700;
202300036265.0;1;94;94044;2;1;3.0;6.0;48,74342100;2,47694900;
202300036266.0;1;94;94078;2;1;1.0;2.0;48,72460439;2,44503012;
202300036267.0;2;75;75117;2;7;1.0;3.0;48,88114700;2,28399600;
202300036268.0;1;94;94074;2;1;1.0;2.0;48,77120539;2,44001520;
202300036269.0;1;75;75116;2;4;1.0;1.0;48,86666900;2,26490500;
202300036270.0;3;94;94076;2;1;2.0;6.0;48,80129000;2,35582000;
202300036271.0;1;94;94033;2;1;1.0;6.0;48,85781774;2,47221069;
202300036272.0;1;94;94079;2;3;3.0;3.0;48,82555000;2,53521000;
202300036273.0;5;93;93048;2;3;2.0;1.0;48,86846000;2,46840000;
202300036274.0;1;75;75115;2;3;1.0;6.0;48,83677000;2,29818000;
202300036275.0;1;93;93006;2;9;1.0;6.0;48,87201200;2,41866200;
202300036276.0;1;93;93031;2;1;1.0;3.0;48,95424761;2,33487958;
202300036277.0;1;75;75107;2;3;1.0;3.0;48,84982500;2,32329500;
202300036278.0;1;93;93010;2;1;1.0;6.0;48,90189459;2,48507470;
202300036279.0;1;92;92047;2;1;3.0;6.0;48,83522000;2,17019000;
202300036280.0;1;75;75103;2;2;1.0;2.0;48,86546500;2,35619200;
202300036281.0;5;94;94052;2;1;1.0;6.0;48,83386849;2,49261895;
202300036282.0;1;92;92050;2;1;1.0;2.0;48,90848268;2,21352249;
202300036283.0;5;92;92020;2;1;2.0;6.0;48,79877000;2,28019600;
202300036284.0;5;94;94034;2;1;1.0;6.0;48,75507237;2,32288192;
202300036285.0;1;92;92044;2;2;8.0;6.0;48,89333000;2,29048000;
202300036286.0;1;92;92025;2;1;2.0;6.0;48,92641300;2,24377800;
202300036287.0;5;94;94054;2;1;1.0;3.0;48,74522536;2,38811150;
202300036288.0;1;92;92012;2;1;1.0;6.0;48,85055833;2,22674444;
202300036289.0;1;92;92012;2;1;1.0;7.0;48,84162000;2,24707000;