Num_Acc;lum;departement;commune;agglomeration;intersection;meteo;type_collision;lat;long;date
202300036290.0;1;92;92012;2;1;1.0;3.0;48,84638958;2,24724591;
202300036291.0;1;94;94054;2;3;1.0;6.0;48,74888000;2,40662000;
202300036292.0;1;92;92004;2;1;1.0;3.0;48,91579120;2,29473978;
202300036293.0;1;93;93070;2;1;1.0;6.0;48,90611000;2,34306000;
202300036294.0;1;92;92002;2;1;1.0;6.0;48,74036601;2,31129259;
202300036295.0;1;33;33352;2;3;1.0;3.0;44,58608500; -0,03584500;
202300036296.0;1;93;93055;2;1;1.0;6.0;48,89150087;2,39864685;
202300036297.0;1;974;97422;2;3;8.0;3.0; -21,26994000;55,51405500;
202300036298.0;5;93;93072;2;1;1.0;6.0;48,94858855;2,38016424;
202300036299.0;1;974;97404;2;6;1.0;3.0; -21,26511000;55,33406900;
202300036300.0;5;93;93001;2;1;1.0;1.0;48,90564223;2,39398869;
202300036301.0;1;972;97232;2;1;1.0;1.0;14,54484600; -60,84316000;
202300036302.0;1;92;92022;2;1;1.0;6.0;48,80766000;2,18941000;
202300036303.0;1;64;64410;2;1;8.0;6.0;43,37187200; -0,63051200;
202300036304.0;1;92;92048;2;3;1.0;6.0;48,78570839;2,22904310;
202300036305.0;2;67;67117;1;9;1.0;1.0;48,76707000;7,31726500;
202300036306.0;1;92;92004;2;1;1.0;3.0;48,91259000;2,27394000;
202300036307.0;1;75;75113;2;1;1.0;7.0;48,82055800;2,36589300;
202300036308.0;1;35;35041;1;1;1.0;1.0;47,97030349; -1,53758973;
202300036309.0;1;38;38400;2;1;1.0;1.0;45,34243300;5,56663000;
202300036310.0;1;75;75110;2;3;1.0;7.0;48,87430800;2,35861200;
202300036311.0;1;54;54089;1;1;1.0;7.0;48,76116600;6,26934200;
202300036312.0;1;30;30225;1;1;1.0;6.0;44,16213500;4,55310300;
202300036313.0;1;58;58270;1;1;1.0;6.0;47,49029700;2,99823800;
202300036314.0;1;75;75108;2;7;7.0;3.0;48,86472700;2,30171600;
202300036315.0;1;33;33236;2;1;1.0;3.0;44,70071400; -1,22986300;
202300036316.0;1;63;63404;1;9;1.0;3.0;45,56982900;3,24996800;
202300036317.0;1;75;75108;2;2;1.0;2.0;48,86514800;2,29985100;
202300036318.0;1;32;32227;1;1;1.0;1.0;43,80761200;0,06345000;
202300036319.0;1;35;35193;1;2;1.0;3.0;48,24948300; -1,71995600;
202300036320.0;1;63;63234;1;1;1.0;7.0;45,57002400;3,06077100;
202300036321.0;1;75;75104;2;1;1.0;2.0;48,86107500;2,34964700;
202300036322.0;3;57;57343;1;2;1.0;7.0;49,32845500;6,18181500;
202300036323.0;1;75;75104;2;2;1.0;3.0;48,85398200;2,36478400;
202300036324.0;1;12;12203;1;1;2.0;1.0;43,98043300;2,97545000;
202300036325.0;4;51;51391;1;1;1.0;4.0;49,26970407;3,90987754;
202300036326.0;1;68;68374;2;1;1.0;3.0;48,08798800;7,31480200;
202300036327.0;1;94;94037;2;3;1.0;3.0;48,81642397;2,33956298;
202300036328.0;1;38;38338;1;1;1.0;1.0;45,22944800;5,49745600;
202300036329.0;1;51;51282;1;1;7.0;4.0;49,26887200;3,91495200;
202300036330.0;1;94;94022;2;2;1.0;6.0;48,75461000;2,41028000;
202300036331.0;1;61;61293;2;1;1.0;6.0;48,50953400;0,55721000;
202300036332.0;2;15;15087;1;1;1.0;7.0;44,77609300;2,42649800;
202300036333.0;1;93;93078;2;1;1.0;3.0;48,96734200;2,55166800;
202300036334.0;3;25;25220;1;1;1.0;5.0;47,13053500;6,01398500;
202300036335.0;1;05;05046;2;1;1.0;6.0;44,55607500;6,48435300;
202300036336.0;1;93;93051;2;1;1.0;6.0;48,84125000;2,55990000;
202300036337.0;3;35;35264;1;4;3.0;1.0;48,10830500; -1,36314200;
202300036338.0;1;93;93048;2;9;1.0;7.0;48,86950019;2,46376484;
202300036339.0;1;05;05012;1;2;1.0;3.0;44,54739000;6,48573200;
202300036340.0;3;38;38118;1;1;1.0;6.0;45,40294900;5,46556100;
202300036341.0;1;05;05132;1;1;2.0;7.0;44,67129300;6,10115600;
202300036342.0;1;93;93046;2;5;1.0;6.0;48,91524000;2,53512000;
202300036343.0;1;70;70117;1;1;1.0;1.0;47,63182900;6,77563500;
202300036344.0;1;93;93046;2;9;1.0;3.0;48,91081887;2,51372606;
202300036345.0;3;72;72344;1;1;1.0;1.0;47,94044000;0,15316000;
202300036346.0;3;64;64466;1;1;1.0;4.0;43,34309500; -0,87470100;
202300036347.0;1;93;93046;2;2;1.0;3.0;48,91845845;2,52577507;
202300036348.0;2;16;16295;1;1;1.0;6.0;45,81814900;0,13260300;
202300036349.0;2;05;05017;1;1;1.0;1.0;44,56742700;6,20677897;
202300036350.0;1;93;93029;2;1;1.0;1.0;48,92794194;2,43189674;
202300036351.0;5;60;60245;2;2;1.0;6.0;49,65035500;1,73035200;
202300036352.0;1;68;68375;2;6;2.0;3.0;47,77472700;7,22735700;
202300036353.0;5;10;10328;2;4;1.0;6.0;48,34660800;4,25627400;
202300036354.0;1;92;92064;2;2;1.0;2.0;48,85901375;2,21170172;
202300036355.0;1;67;67164;1;1;1.0;2.0;48,43052500;7,49460700;
202300036356.0;3;53;53140;1;1;1.0;7.0;48,10465900; -0,70253000;
202300036357.0;1;92;92033;2;1;1.0;3.0;48,85234788;2,19611764;
202300036358.0;1;24;24214;2;2;1.0;6.0;45,56917000;0,56023300;
202300036359.0;1;987;98715;1;1;1.0;3.0; -17,58400000; -149,56000000;
202300036360.0;1;92;92050;2;3;1.0;3.0;48,88851299;2,22431409;
202300036361.0;3;87;87059;1;1;1.0;6.0;46,19963200;1,10861100;
202300036362.0;1;92;92036;2;4;1.0;6.0;48,91730513;2,30750799;
202300036363.0;1;30;30272;1;1;2.0;5.0;43,96645700;3,69107400;
202300036364.0;1;92;92026;2;3;7.0;3.0;48,90362672;2,25759959;
202300036365.0;1;59;59377;1;1;1.0;2.0;50,09263350;3,17037009;
202300036366.0;1;08;08022;2;2;1.0;6.0;49,82342505;4,65187660;
202300036367.0;1;92;92025;2;1;1.0;6.0;48,92862919;2,25159734;
202300036368.0;1;78;78043;2;6;1.0;7.0;48,84007700;2,08270300;
202300036369.0;1;77;77407;1;1;3.0;6.0;48,51895100;2,50459800;
202300036370.0;2;92;92025;2;9;1.0;6.0;48,92303386;2,25430727;
202300036371.0;1;01;01134;1;1;1.0;4.0;46,28075900;4,86227000;
202300036372.0;1;92;92012;2;1;1.0;6.0;48,83447000;2,24210000;
202300036373.0;5;987;98758;2;1;1.0;6.0; -16,74400000; -151,46000000;
202300036374.0;1;971;97103;2;1;1.0;3.0;16,23495300; -61,55736300;
202300036375.0;1;92;92007;2;1;1.0;3.0;48,79700000;2,31737000;
202300036376.0;1;91;91568;1;1;1.0;1.0;48,57504900;2,11108600;
202300036377.0;1;84;84141;1;1;1.0;3.0;43,97215600;4,89617400;
202300036378.0;5;92;92004;2;1;1.0;3.0;48,91624814;2,28236273;
202300036379.0;1;83;83071;2;1;1.0;6.0;43,13919600;6,23810900;
202300036380.0;1;92;92004;2;1;1.0;3.0;48,91562000;2,30787000;
202300036381.0;5;77;77065;1;1;1.0;6.0;48,45517100;2,52248900;
202300036382.0;2;92;92004;2;4;1.0;1.0;48,91352000;2,29914000;
202300036383.0;3;973;97311;1;1;2.0;7.0;5,42831200; -54,04104000;
202300036384.0;1;13;13093;2;1;1.0;3.0;43,68628500;5,39612200;
202300036385.0;1;45;45121;1;1;6.0;7.0;47,79462700;2,87057500;
202300036386.0;1;92;92014;2;1;1.0;6.0;48,77987000;2,31350000;
202300036387.0;5;57;57484;2;6;1.0;7.0;49,16821500;6,86866500;
202300036388.0;3;35;35151;1;1;1.0;6.0;47,85589500; -1,89248400;
202300036389.0;1;78;78346;1;2;1.0;3.0;48,92811800;1,56972500;
202300036390.0;2;22;22049;1;1;1.0;6.0;48,52441800; -2,20001200;
202300036391.0;4;27;27275;2;3;2.0;1.0;49,15111000;1,37657900;
202300036392.0;1;95;95313;2;1;1.0;6.0;49,12238000;2,24447300;
202300036393.0;1;95;95313;1;1;1.0;3.0;49,10731497;2,23691983;
202300036394.0;1;62;62560;2;1;1.0;6.0;50,81559400;1,70185300;
202300036395.0;1;13;13007;2;4;1.0;2.0;43,36750500;5,65251900;
202300036396.0;1;33;33352;2;1;1.0;6.0;44,59070276; -0,03284365;
202300036397.0;1;33;33192;1;1;1.0;3.0;44,78965000; -0,61534000;
202300036398.0;1;69;69287;1;1;1.0;6.0;45,70167600;5,00073200;
202300036399.0;1;07;07191;1;6;1.0;3.0;44,58003300;4,70381700;
202300036400.0;1;17;17056;1;2;1.0;3.0;45,60750800; -0,50686200;
202300036401.0;1;91;91377;1;1;1.0;3.0;48,71333000;2,28941000;
202300036402.0;5;06;06161;2;2;1.0;3.0;43,63598000;7,13353600;
202300036403.0;5;85;85092;2;1;1.0;6.0;46,46418800; -0,80132200;
202300036404.0;1;92;92036;1;1;2.0;6.0;48,91987444;2,30667989;
202300036405.0;1;52;52282;1;1;1.0;3.0;47,97959131;5,13386112;
202300036406.0;2;60;60369;1;1;1.0;2.0;49,34880800;2,71762500;
202300036407.0;1;78;78571;1;1;1.0;6.0;48,87259800;2,02597600;
202300036408.0;1;01;01353;1;1;1.0;1.0;45,97647400;4,79842600;
202300036409.0;5;33;33249;1;1;1.0;3.0;44,88474216; -0,51442623;
202300036410.0;1;01;01354;2;6;1.0;7.0;46,26454400;6,04378400;
202300036411.0;1;59;59646;1;1;1.0;6.0;50,68341000;3,11200000;
202300036412.0;1;92;92048;1;1;1.0;3.0;48,79379358;2,21880725;
202300036413.0;1;35;35012;1;1;1.0;6.0;47,79922900; -1,69098800;
202300036414.0;1;91;91645;1;1;1.0;3.0;48,75993188;2,26284379;
202300036415.0;3;93;93066;1;1;2.0;2.0;48,92193000;2,36188000;
202300036416.0;3;78;78007;1;1;1.0;7.0;48,89930000;2,00550000;
202300036417.0;1;14;14027;1;1;1.0;1.0;49,02905400; -0,64042600;
202300036418.0;1;93;93051;1;1;1.0;3.0;48,83620546;2,55596320;
202300036419.0;3;78;78133;1;1;1.0;6.0;48,88764800;2,01153500;
202300036420.0;1;74;74112;1;1;1.0;4.0;45,93606500;6,07471000;
202300036421.0;5;78;78362;1;1;1.0;6.0;48,97700200;1,71564300;
202300036422.0;1;62;62808;1;1;1.0;6.0;50,46482600;2,22885100;
202300036423.0;4;62;62597;2;1;1.0;7.0;50,18515075;2,78071378;
202300036424.0;1;95;95500;1;1;1.0;2.0;49,03635100;2,09396878;
202300036425.0;5;75;75114;2;3;1.0;2.0;48,83079500;2,32938800;
202300036426.0;5;75;75120;2;2;2.0;7.0;48,86542900;2,39489400;
202300036427.0;1;57;57389;1;9;1.0;1.0;49,04020300;6,72096700;
202300036428.0;1;93;93010;1;1;1.0;4.0;48,89162000;2,47330000;
202300036429.0;1;75;75119;2;3;2.0;7.0;48,88664100;2,38482000;
202300036430.0;1;51;51543;1;1;1.0;7.0;49,09562100;4,70257800;
202300036431.0;1;94;94022;1;1;1.0;2.0;48,77572926;2,41366314;
202300036432.0;1;51;51393;1;1;7.0;1.0;49,13437100;3,91860000;
202300036433.0;1;75;75116;2;3;1.0;3.0;48,86197200;2,23038400;
202300036434.0;1;19;19049;1;3;1.0;3.0;45,06575400;1,47497900;
202300036435.0;1;56;56164;1;4;2.0;2.0;47,65811800; -2,81593300;
202300036436.0;5;75;75111;2;1;1.0;3.0;48,85046200;2,38307800;
202300036437.0;1;74;74208;1;1;1.0;7.0;45,94679300;6,72543500;
202300036438.0;1;2B;2B050;2;9;1.0;3.0;42,55669200;8,75947800;
202300036439.0;1;11;11304;1;1;1.0;1.0;42,89542800;2,19080700;
202300036440.0;1;63;63338;1;1;1.0;6.0;46,16620100;2,81492500;
202300036441.0;1;86;86139;1;1;1.0;1.0;46,45034500;0,09871700;
202300036442.0;1;25;25157;1;1;1.0;1.0;46,88251800;6,42101500;
202300036443.0;1;25;25367;2;1;1.0;6.0;47,44793500;6,81307400;
202300036444.0;3;44;44206;1;1;1.0;7.0;46,89746800; -1,70553100;
202300036445.0;1;29;29217;2;1;1.0;6.0;47,85562700; -3,74860800;
202300036446.0;3;02;02422;1;1;1.0;2.0;49,92810200;3,63030000;
202300036447.0;1;01;01323;1;2;1.0;3.0;46,42300800;4,93376300;
202300036448.0;1;01;01113;1;1;1.0;3.0;46,15446700;5,11462400;
202300036449.0;1;70;70312;2;2;7.0;3.0;47,59706800;6,73966400;
202300036450.0;1;26;26159;1;1;1.0;6.0;44,71300284;5,41640997;
202300036451.0;1;06;06059;1;1;1.0;2.0;43,72634000;7,38880500;
202300036452.0;1;50;50353;2;1;1.0;6.0;48,61747700; -1,51102800;
202300036453.0;1;43;43005;1;1;1.0;7.0;44,92124300;3,67617700;
202300036454.0;1;36;36128;1;1;1.0;3.0;46,85713508;1,77566404;
202300036455.0;1;53;53008;2;1;1.0;6.0;48,29692000; -0,55982500;
202300036456.0;1;04;04121;1;1;1.0;1.0;44,01720000;6,17899400;
202300036457.0;1;85;85031;1;2;1.0;3.0;46,77605800; -0,89559600;
202300036458.0;1;37;37109;1;3;1.0;3.0;47,41274700;0,60305700;
202300036459.0;1;67;67083;1;4;1.0;3.0;48,99332700;7,65365100;
202300036460.0;3;24;24091;1;1;1.0;6.0;44,77213200;1,21789500;
202300036461.0;1;971;97103;2;1;1.0;3.0;16,25366400; -61,58796100;
202300036462.0;1;95;95580;1;6;1.0;3.0;49,08599527;2,54967570;
202300036463.0;1;59;59216;1;1;1.0;2.0;50,22411900;3,25796100;
202300036464.0;1;987;98729;1;1;2.0;1.0; -17,57700000; -150,20200000;
202300036465.0;1;971;97106;2;1;7.0;3.0;16,12865400; -61,76976600;
202300036466.0;1;77;77005;1;1;1.0;2.0;48,92842100;2,72842900;
202300036467.0;1;77;77520;1;1;1.0;7.0;48,31974800;2,65418800;
202300036468.0;2;78;78499;1;2;1.0;3.0;48,55709700;1,90422900;
202300036469.0;1;34;34154;1;1;1.0;3.0;43,60084300;3,95796400;
202300036470.0;3;13;13066;1;9;1.0;2.0;43,88344100;4,91592000;
202300036471.0;1;25;25505;2;1;1.0;2.0;47,48000100;6,35989900;
202300036472.0;1;71;71371;1;3;1.0;3.0;46,33498000;4,73087000;
202300036473.0;1;68;68111;1;1;1.0;7.0;48,00474000;7,26795000;
202300036474.0;1;42;42304;2;1;1.0;1.0;45,52787700;4,19677700;
202300036475.0;1;38;38246;2;1;1.0;2.0;45,53262000;5,41778300;
202300036476.0;1;38;38474;1;1;1.0;6.0;45,21662400;5,64567400;
202300036477.0;1;26;26170;1;2;1.0;3.0;44,90323900;4,94290900;
202300036478.0;1;33;33509;1;1;1.0;6.0;44,99800567; -0,23300081;
202300036479.0;1;33;33494;1;1;1.0;1.0;44,94915800; -0,85255600;
202300036480.0;1;33;33422;2;1;1.0;1.0;44,80716801; -0,79261422;
202300036481.0;1;14;14728;2;1;1.0;6.0;49,28605000; -0,73597000;
202300036482.0;1;29;29021;2;1;1.0;7.0;48,65431100; -4,30301100;
202300036483.0;3;29;29087;1;1;3.0;7.0;48,06075000; -4,28071300;
202300036484.0;1;59;59551;2;1;7.0;6.0;50,48276800;3,33869300;
202300036485.0;1;59;59336;1;1;7.0;7.0;50,27955700;3,04295200;
202300036486.0;1;13;13212;1;1;1.0;2.0;43,31297000;5,42393000;
202300036487.0;1;13;13202;1;1;1.0;3.0;43,31530000;5,36500000;
202300036488.0;1;13;13071;1;1;1.0;4.0;43,41716002;5,27526772;
202300036489.0;1;59;59196;1;1;1.0;6.0;50,63585000;2,94455000;
202300036490.0;2;59;59478;1;1;3.0;6.0;50,94275000;2,45208000;
202300036491.0;3;59;59155;1;1;2.0;6.0;51,01360000;2,38272000;
202300036492.0;3;94;94076;1;1;1.0;2.0;48,78543196;2,34573083;
202300036493.0;1;91;91179;1;1;1.0;2.0;48,56700000;2,47200000;
202300036494.0;1;92;92036;1;1;1.0;3.0;48,93480505;2,28150149;
202300036495.0;3;95;95572;1;1;1.0;2.0;49,02885200;2,12721900;
202300036496.0;1;77;77258;1;1;1.0;4.0;48,83030000;2,63104000;
202300036497.0;5;83;83069;2;2;1.0;7.0;43,10549000;6,17588000;
202300036498.0;1;83;83061;2;3;1.0;3.0;43,43079000;6,72505000;
202300036499.0;1;94;94041;2;2;1.0;3.0;48,81374522;2,39538833;
202300036500.0;2;988;98818;2;3;2.0;3.0; -22,23646000;166,46453000;
202300036501.0;1;974;97416;2;1;1.0;6.0; -21,29734000;55,49261000;
202300036502.0;1;974;97416;1;1;1.0;2.0; -21,31030000;55,45620000;
202300036503.0;1;974;97416;1;1;1.0;7.0; -21,27760000;55,46810000;
202300036504.0;5;973;97302;2;4;1.0;3.0;4,92556451; -52,32413113;
202300036505.0;1;973;97302;2;1;1.0;3.0;4,91983418; -52,31922269;
202300036506.0;5;2B;2B353;1;1;1.0;6.0;42,71688100;9,45530800;
202300036507.0;2;971;97113;2;1;1.0;7.0;16,21424000; -61,48060000;
202300036508.0;2;971;97113;1;1;1.0;3.0;16,21069795; -61,44166231;
202300036509.0;1;971;97101;1;4;1.0;3.0;16,28899000; -61,48015000;
202300036510.0;1;95;95210;2;2;1.0;7.0;48,97174000;2,30509000;
202300036511.0;2;91;91216;2;4;1.0;2.0;48,67571000;2,33591000;
202300036512.0;1;91;91223;1;1;1.0;7.0;48,43077000;2,16458000;
202300036513.0;1;89;89387;1;1;2.0;4.0;48,16734000;3,29843000;
202300036514.0;1;87;87085;2;1;1.0;6.0;45,82889000;1,24352000;
202300036515.0;5;86;86194;2;1;1.0;6.0;46,56646300;0,31417700;
202300036516.0;1;83;83137;2;1;1.0;6.0;43,12824000;5,90855000;
202300036517.0;1;78;78133;2;3;1.0;3.0;48,90884900;2,04298200;
202300036518.0;1;78;78350;2;1;1.0;2.0;48,87670400;2,11654200;
202300036519.0;1;77;77284;2;2;7.0;2.0;48,95304000;2,88534000;
202300036520.0;1;77;77307;2;1;1.0;3.0;48,85739800;2,75531400;
202300036521.0;1;77;77042;2;7;1.0;3.0;48,82265581;3,13701779;
202300036522.0;1;76;76322;2;1;1.0;6.0;49,41031300;1,05242640;
202300036523.0;1;76;76410;2;2;1.0;6.0;49,47738000;1,04059000;
202300036524.0;1;76;76351;2;1;1.0;2.0;49,50745000;0,13097000;
202300036525.0;1;76;76447;2;1;1.0;6.0;49,52709513;0,19074090;
202300036526.0;1;72;72181;2;1;1.0;2.0;48,01424000;0,20010000;
202300036527.0;1;69;69264;2;1;1.0;6.0;45,99792000;4,73491000;
202300036528.0;1;67;67482;2;1;1.0;7.0;48,53225000;7,76800000;
202300036529.0;1;67;67043;2;3;1.0;3.0;48,61450000;7,74064000;
202300036530.0;1;63;63113;2;2;1.0;6.0;45,78183000;3,11803000;
202300036531.0;1;60;60057;2;9;1.0;3.0;49,46032000;2,08622000;
202300036532.0;1;60;60057;2;3;7.0;3.0;49,42197694;2,07958961;
202300036533.0;1;58;58194;2;1;7.0;6.0;47,00340000;3,16162000;
202300036534.0;3;56;56083;2;4;1.0;3.0;47,79906330; -3,25694560;
202300036535.0;1;51;51454;2;1;1.0;1.0;49,21361000;4,01870000;
202300036536.0;5;51;51108;2;1;1.0;6.0;48,95232000;4,35000700;
202300036537.0;1;45;45234;2;6;1.0;3.0;47,88797444;1,90552175;
202300036538.0;1;42;42123;2;1;1.0;6.0;45,51539000;4,58467000;
202300036539.0;1;38;38185;2;1;1.0;6.0;45,19224305;5,72055567;
202300036540.0;1;38;38421;2;1;1.0;3.0;45,18766000;5,77486000;
202300036541.0;3;37;37208;2;1;1.0;6.0;47,36039000;0,75572000;
202300036542.0;1;37;37122;2;1;1.0;6.0;47,34575000;0,64250000;
202300036543.0;1;37;37261;2;6;1.0;3.0;47,37355000;0,67855000;
202300036544.0;1;33;33039;2;2;1.0;3.0;44,78765000; -0,56656000;
202300036545.0;1;32;32013;1;1;1.0;7.0;43,68081000;0,61895000;
202300036546.0;3;10;10321;2;3;1.0;2.0;48,29140000;4,03300000;
202300036547.0;5;31;31069;2;1;1.0;7.0;43,63901000;1,38314000;
202300036548.0;5;01;01283;2;6;3.0;6.0;46,24808000;5,64613000;
202300036549.0;1;28;28134;2;2;1.0;3.0;48,73320000;1,38587000;
202300036550.0;5;75;75116;2;1;1.0;4.0;48,83963700;2,25416500;
202300036551.0;1;28;28134;2;3;1.0;1.0;48,73597000;1,37886000;
202300036552.0;5;75;75113;2;1;8.0;2.0;48,81683300;2,36498200;
202300036553.0;1;25;25056;2;2;1.0;1.0;47,25115900;6,01357400;
202300036554.0;1;75;75112;2;1;2.0;3.0;48,83142900;2,40385100;
202300036555.0;3;22;22215;1;1;1.0;7.0;48,47003393; -2,80363619;
202300036556.0;2;75;75112;2;1;1.0;6.0;48,83092700;2,40299100;
202300036557.0;1;14;14118;2;1;1.0;2.0;49,20114000; -0,37001000;
202300036558.0;1;75;75108;2;2;2.0;2.0;48,87304200;2,29700300;
202300036559.0;5;13;13054;2;9;1.0;3.0;43,41536000;5,20968000;
202300036560.0;5;75;75114;2;1;1.0;6.0;48,82428600;2,32107100;
202300036561.0;1;13;13211;2;1;1.0;3.0;43,27980000;5,47730000;
202300036562.0;5;75;75105;2;1;1.0;6.0;48,84024134;2,35922849;
202300036563.0;1;13;13001;2;1;1.0;1.0;43,56543000;5,45734000;
202300036564.0;1;75;75106;2;3;1.0;6.0;48,85036100;2,32773900;
202300036565.0;1;12;12084;1;1;1.0;1.0;44,08340000;3,02338000;
202300036566.0;5;75;75105;2;3;1.0;1.0;48,84738900;2,35312600;
202300036567.0;5;75;75119;2;4;1.0;2.0;48,87976500;2,40836200;
202300036568.0;1;75;75116;2;2;1.0;3.0;48,87491400;2,27109800;
202300036569.0;1;11;11262;2;1;1.0;1.0;43,15000000;2,97800000;
202300036570.0;1;75;75115;2;1;2.0;2.0;48,84103300;2,31713500;
202300036571.0;1;06;06069;2;1;1.0;1.0;43,65451000;6,93295000;
202300036572.0;1;75;75114;2;2;2.0;2.0;48,82225300;2,32449400;
202300036573.0;1;06;06069;2;1;1.0;7.0;43,63523000;6,95167000;
202300036574.0;5;75;75113;2;3;1.0;3.0;48,83396800;2,36470900;
202300036575.0;1;06;06027;2;1;1.0;3.0;43,68510100;7,15891000;
202300036576.0;1;75;75113;2;2;2.0;6.0;48,83416100;2,34484300;
202300036577.0;5;75;75113;2;2;8.0;6.0;48,82226400;2,37165500;
202300036578.0;1;75;75120;2;4;1.0;3.0;48,86258700;2,41376700;
202300036579.0;5;75;75113;2;2;2.0;3.0;48,82594900;2,34523100;
202300036580.0;1;75;75120;2;1;1.0;2.0;48,86874200;2,41325200;
202300036581.0;5;75;75103;2;3;9.0;3.0;48,85924800;2,36757400;
202300036582.0;5;75;75119;2;1;1.0;6.0;48,89394100;2,39465700;
202300036583.0;1;75;75111;2;5;1.0;4.0;48,85037600;2,39254700;
202300036584.0;1;75;75119;2;7;1.0;3.0;48,87832700;2,37062000;
202300036585.0;5;75;75110;2;2;1.0;3.0;48,87774600;2,36536100;
202300036586.0;5;75;75119;2;4;1.0;6.0;48,88462700;2,37903500;
202300036587.0;1;75;75107;2;1;1.0;3.0;48,86220000;2,32053300;
202300036588.0;1;75;75118;2;3;1.0;6.0;48,89420300;2,33677700;
202300036589.0;5;75;75104;2;2;1.0;3.0;48,85127400;2,35811300;
202300036590.0;1;75;75117;2;2;1.0;3.0;48,88446800;2,31950600;
202300036591.0;5;94;94076;2;8;2.0;3.0;48,78427634;2,36722098;
202300036592.0;5;94;94081;2;2;2.0;6.0;48,79180000;2,40168000;
202300036593.0;1;75;75108;2;3;1.0;2.0;48,87108700;2,30351100;
202300036594.0;1;94;94021;1;1;2.0;2.0;48,76213000;2,35141000;
202300036595.0;1;75;75116;2;1;1.0;6.0;48,84673800;2,26552600;
202300036596.0;1;75;75116;2;2;1.0;3.0;48,87242700;2,29405500;
202300036597.0;5;94;94033;2;1;1.0;6.0;48,85482000;2,46757000;
202300036598.0;5;94;94070;2;1;2.0;6.0;48,72310628;2,56888340;
202300036599.0;1;75;75115;2;1;1.0;3.0;48,83498100;2,26582500;
202300036600.0;3;93;93071;2;9;2.0;6.0;48,94943000;2,53017000;
202300036601.0;5;75;75114;2;1;1.0;6.0;48,82152000;2,33286100;
202300036602.0;2;93;93070;2;5;1.0;1.0;48,90450000;2,32873000;
202300036603.0;2;93;93066;2;1;8.0;6.0;48,93224000;2,36519200;
202300036604.0;5;75;75114;2;3;1.0;6.0;48,83661700;2,32585400;
202300036605.0;5;93;93074;2;2;1.0;6.0;48,93523000;2,57251000;
202300036606.0;5;75;75113;2;3;1.0;6.0;48,82295700;2,37780000;
202300036607.0;1;93;93001;2;1;2.0;6.0;48,90993809;2,39880291;
202300036608.0;1;75;75108;2;2;1.0;6.0;48,87435400;2,32274700;
202300036609.0;5;92;92063;2;1;1.0;6.0;48,88305000;2,18061000;
202300036610.0;3;92;92051;2;1;1.0;4.0;48,88296915;2,26628906;
202300036611.0;1;75;75108;2;3;7.0;3.0;48,87457200;2,30964900;
202300036612.0;1;92;92050;2;2;1.0;3.0;48,89150154;2,17751294;
202300036613.0;5;75;75104;2;2;1.0;2.0;48,85105100;2,36227100;
202300036614.0;1;92;92036;2;3;1.0;1.0;48,92763414;2,30234212;
202300036615.0;1;75;75101;2;3;1.0;2.0;48,86470000;2,32932900;
202300036616.0;1;92;92035;2;3;8.0;3.0;48,90227914;2,23975025;
202300036617.0;1;75;75102;2;3;1.0;3.0;48,87169600;2,34161800;
202300036618.0;5;92;92024;2;3;1.0;3.0;48,91275505;2,31282368;
202300036619.0;1;94;94078;2;6;1.0;6.0;48,72716000;2,45022000;
202300036620.0;5;92;92012;2;2;1.0;3.0;48,83909704;2,24681541;
202300036621.0;1;94;94046;2;1;1.0;3.0;48,80433000;2,43269000;
202300036622.0;5;92;92012;2;1;2.0;7.0;48,82856994;2,25416109;
202300036623.0;3;94;94077;2;1;1.0;6.0;48,73283000;2,42992000;
202300036624.0;1;14;14656;1;1;3.0;6.0;48,95331100; -0,49447100;
202300036625.0;5;94;94002;2;2;1.0;6.0;48,80622687;2,41854867;
202300036626.0;2;972;97227;1;9;1.0;5.0;14,46852900; -60,93593700;
202300036627.0;1;93;93073;2;3;1.0;6.0;48,95267000;2,56344000;
202300036628.0;1;67;67097;1;1;1.0;1.0;48,62058400;7,64680600;
202300036629.0;3;50;50616;1;1;1.0;7.0;48,65125500; -1,35213400;
202300036630.0;1;93;93073;2;1;1.0;2.0;49,00365000;2,56369000;
202300036631.0;1;85;85064;1;2;1.0;3.0;46,84053000; -1,27131200;
202300036632.0;5;37;37266;1;1;1.0;4.0;47,29732100;0,69110900;
202300036633.0;3;37;37179;1;1;1.0;6.0;47,46217983;0,76091534;
202300036634.0;1;83;83057;1;1;1.0;1.0;43,37977600;6,24061000;
202300036635.0;3;30;30117;1;1;1.0;1.0;43,71137000;4,54901000;
202300036636.0;1;93;93077;2;4;1.0;2.0;48,87698709;2,52490403;
202300036637.0;3;51;51200;1;1;2.0;2.0;49,00161900;3,96070000;
202300036638.0;3;67;67235;1;1;8.0;7.0;48,88151700;8,07152900;