Num_Acc;lum;departement;commune;agglomeration;intersection;meteo;type_collision;lat;long;date
202300036639.0;3;61;61345;1;1;2.0;6.0;48,44875600;0,77749100;
202300036640.0;5;49;49272;2;1;1.0;6.0;47,33697600; -0,19825800;
202300036641.0;2;46;46132;2;1;1.0;6.0;44,74859200;1,79813700;
202300036642.0;1;86;86113;1;2;2.0;3.0;46,48376100;0,27204700;
202300036643.0;3;38;38130;1;1;3.0;1.0;45,38046800;5,26201700;
202300036644.0;1;26;26165;2;2;1.0;3.0;44,77407500;4,84131500;
202300036645.0;5;06;06105;2;3;1.0;3.0;43,66283500;7,05617300;
202300036646.0;3;14;14160;1;1;1.0;5.0;49,06220900; -0,30724900;
202300036647.0;1;64;64538;1;1;2.0;1.0;43,14586900; -1,25634700;
202300036648.0;1;43;43257;1;1;1.0;2.0;45,02587873;3,77339602;
202300036649.0;1;10;10233;2;1;2.0;7.0;48,50454600;3,88604100;
202300036650.0;3;10;10055;1;1;1.0;1.0;48,12717100;4,35183000;
202300036651.0;1;07;07230;1;1;1.0;1.0;44,70699300;4,48850000;
202300036652.0;5;53;53062;2;6;2.0;6.0;47,83012300; -0,70871500;
202300036653.0;4;53;53062;2;1;8.0;6.0;47,83698000; -0,68967000;
202300036654.0;1;21;21456;1;1;2.0;7.0;47,61420600;4,38564800;
202300036655.0;3;24;24155;1;1;2.0;6.0;45,02377300;0,61476200;
202300036656.0;1;85;85108;1;1;3.0;2.0;46,92237000; -1,36797000;
202300036657.0;5;85;85084;2;9;1.0;1.0;46,77007630; -1,23035030;
202300036658.0;1;30;30173;2;3;1.0;3.0;44,11464100;4,17356300;
202300036659.0;5;08;08365;2;1;3.0;6.0;49,84166122;4,53879476;
202300036660.0;3;01;01151;1;1;2.0;2.0;46,06990400;5,32868600;
202300036661.0;2;69;69143;2;6;2.0;6.0;45,87287800;4,84023900;
202300036662.0;2;68;68278;2;2;8.0;6.0;47,74795200;7,40365300;
202300036663.0;1;69;69097;1;2;1.0;3.0;45,49657662;4,72172487;
202300036664.0;1;974;97406;1;1;1.0;7.0; -21,14134100;55,62717400;
202300036665.0;5;973;97311;2;3;1.0;3.0;5,48864700; -54,01887100;
202300036666.0;1;973;97310;1;1;3.0;1.0;4,56786900; -52,40598700;
202300036667.0;1;973;97305;1;1;1.0;3.0;4,94918300; -52,42319600;
202300036668.0;3;45;45171;1;1;1.0;3.0;47,67625300;2,24447300;
202300036669.0;3;95;95509;1;1;1.0;6.0;49,07001424;2,48999119;
202300036670.0;3;34;34327;1;1;1.0;1.0;43,65003900;3,95766400;
202300036671.0;3;13;13099;2;6;1.0;1.0;43,69656400;5,73359700;
202300036672.0;5;38;38449;2;1;2.0;6.0;45,63734500;5,10678600;
202300036673.0;1;46;46102;1;1;2.0;6.0;44,57689200;2,02643600;
202300036674.0;5;56;56046;1;2;2.0;3.0;47,62395000; -3,00731000;
202300036675.0;1;35;35066;1;1;1.0;2.0;48,04789200; -1,71328800;
202300036676.0;5;59;59136;2;1;1.0;3.0;50,10599900;3,53265200;
202300036677.0;3;13;13215;1;1;1.0;2.0;43,37788000;5,35699000;
202300036678.0;3;69;69278;1;1;1.0;2.0;45,90937000;4,84351000;
202300036679.0;3;54;54232;1;1;2.0;6.0;48,68930300;5,98289900;
202300036680.0;1;67;67131;1;1;1.0;1.0;48,49171000;7,76664000;
202300036681.0;5;33;33249;1;1;1.0;2.0;44,87806750; -0,50915033;
202300036682.0;1;91;91136;1;1;2.0;6.0;48,71073000;2,28825000;
202300036683.0;1;91;91689;1;1;3.0;3.0;48,74210000;2,32210000;
202300036684.0;1;78;78466;1;1;1.0;7.0;48,91941900;2,00395000;
202300036685.0;1;95;95394;1;1;1.0;7.0;49,05139836;2,15157688;
202300036686.0;1;77;77249;1;1;2.0;2.0;48,76009108;2,61582478;
202300036687.0;2;94;94028;1;1;2.0;5.0;48,79640050;2,44337608;
202300036688.0;3;77;77249;1;1;2.0;3.0;48,75904856;2,61567284;
202300036689.0;1;31;31445;2;1;7.0;6.0;43,58056200;1,53709400;
202300036690.0;1;31;31555;2;1;1.0;6.0;43,58423200;1,39850000;
202300036691.0;1;95;95369;2;3;1.0;6.0;48,99962000;2,29210000;
202300036692.0;3;74;74012;2;1;1.0;6.0;46,19623000;6,24612000;
202300036693.0;5;74;74012;2;6;1.0;6.0;46,19629000;6,24608000;
202300036694.0;1;71;71270;2;1;1.0;3.0;46,28527000;4,80808000;
202300036695.0;1;69;69276;2;6;1.0;3.0;45,66188000;4,84285000;
202300036696.0;5;67;67482;2;1;1.0;6.0;48,60365000;7,78881000;
202300036697.0;1;64;64445;2;1;1.0;6.0;43,30759000; -0,35668000;
202300036698.0;1;51;51454;2;2;1.0;3.0;49,28800000;4,00452000;
202300036699.0;1;51;51454;2;1;1.0;4.0;49,23474000;4,01399000;
202300036700.0;2;45;45234;2;1;1.0;3.0;47,88208800;1,90367200;
202300036701.0;1;45;45234;2;1;1.0;3.0;47,89477837;1,90495312;
202300036702.0;2;42;42184;2;1;1.0;2.0;46,06186000;4,04682000;
202300036703.0;1;27;27229;2;1;1.0;3.0;49,02765000;1,14403000;
202300036704.0;1;13;13215;2;1;1.0;1.0;43,34130000;5,36080000;
202300036705.0;5;06;06069;2;1;1.0;6.0;43,65779000;6,93114000;
202300036706.0;1;974;97416;2;3;1.0;5.0; -21,33253000;55,48050000;
202300036707.0;5;69;69387;2;2;3.0;3.0;45,74512480;4,84658479;
202300036708.0;1;69;69383;2;1;2.0;3.0;45,75669538;4,83889877;
202300036709.0;1;69;69202;1;1;2.0;6.0;45,72991985;4,79723204;
202300036710.0;1;69;69382;2;7;2.0;3.0;45,75278956;4,83339441;
202300036711.0;1;971;97101;1;1;2.0;5.0;16,27409000; -61,51810000;
202300036712.0;5;971;97113;1;1;1.0;3.0;16,21777000; -61,49652000;
202300036713.0;1;95;95598;1;1;2.0;6.0;48,98351936;2,31211245;
202300036714.0;2;91;91161;2;9;1.0;2.0;48,69972000;2,31978000;
202300036715.0;1;91;91201;2;3;8.0;3.0;48,68468200;2,41564200;
202300036716.0;2;91;91201;2;5;1.0;6.0;48,68759000;2,43318000;
202300036717.0;1;87;87085;2;1;1.0;7.0;45,82830000;1,25553000;
202300036718.0;1;87;87085;2;1;1.0;1.0;45,83100000;1,24918000;
202300036719.0;5;87;87085;2;2;2.0;1.0;45,82121000;1,26290000;
202300036720.0;2;87;87114;2;1;1.0;6.0;45,82769000;1,28812000;
202300036721.0;1;87;87065;2;1;1.0;2.0;45,81404000;1,32029000;
202300036722.0;1;87;87114;2;2;1.0;3.0;45,83238000;1,30368000;
202300036723.0;5;86;86194;2;1;2.0;6.0;46,58578700;0,35066400;
202300036724.0;5;84;84007;2;1;1.0;6.0;43,93828000;4,82319000;
202300036725.0;1;83;83050;2;1;1.0;6.0;43,53521000;6,46252000;
202300036726.0;5;78;78650;2;9;1.0;5.0;48,90157000;2,11435000;
202300036727.0;5;76;76351;2;2;1.0;6.0;49,49197000;0,11676000;
202300036728.0;1;76;76351;2;3;1.0;6.0;49,51587000;0,11267000;
202300036729.0;1;76;76351;2;2;1.0;3.0;49,52155000;0,11703000;
202300036730.0;1;76;76351;2;3;1.0;6.0;49,49181000;0,11114000;
202300036731.0;5;69;69266;2;2;1.0;6.0;45,77597000;4,87064000;
202300036732.0;1;69;69013;1;3;1.0;3.0;46,01508000;4,70726000;
202300036733.0;5;69;69259;2;1;2.0;4.0;45,70830000;4,88661000;
202300036734.0;5;67;67482;2;1;1.0;6.0;48,58944000;7,69722000;
202300036735.0;3;64;64545;1;3;1.0;7.0;43,36829000; -1,67416000;
202300036736.0;1;64;64445;2;2;7.0;3.0;43,30832000; -0,32944000;
202300036737.0;1;63;63113;2;1;1.0;6.0;45,76881000;3,10395000;
202300036738.0;5;62;62041;2;1;1.0;6.0;50,29920000;2,74376000;
202300036739.0;1;59;59378;2;1;1.0;6.0;50,66756000;3,07667000;
202300036740.0;5;58;58194;2;6;1.0;3.0;46,99999000;3,15555000;
202300036741.0;5;57;57283;2;3;1.0;6.0;49,25434000;6,16990000;
202300036742.0;1;56;56121;2;1;2.0;7.0;47,76314000; -3,39795000;
202300036743.0;1;54;54079;2;2;1.0;6.0;48,88263000;6,04936000;
202300036744.0;5;51;51454;2;2;1.0;6.0;49,23524000;4,07000000;
202300036745.0;3;49;49328;1;9;2.0;6.0;47,23820600; -0,07832800;
202300036746.0;4;49;49099;2;3;3.0;2.0;47,05259000; -0,86927000;
202300036747.0;2;45;45169;2;1;2.0;6.0;47,93078000;1,83598000;
202300036748.0;5;44;44109;2;1;2.0;3.0;47,21423210; -1,52634567;
202300036749.0;5;37;37261;2;1;2.0;2.0;47,38323000;0,70291000;
202300036750.0;1;37;37261;2;1;9.0;6.0;47,42250000;0,68395000;
202300036751.0;5;37;37261;2;1;1.0;6.0;47,37784000;0,71201000;
202300036752.0;5;35;35238;2;2;1.0;3.0;48,10033000; -1,65002000;
202300036753.0;1;35;35238;2;6;1.0;3.0;48,08678000; -1,68271000;
202300036754.0;1;34;34172;2;1;1.0;2.0;43,60055000;3,87912000;
202300036755.0;2;31;31149;2;1;1.0;3.0;43,61968000;1,33669000;
202300036756.0;1;30;30007;2;1;1.0;6.0;44,12756000;4,08335000;
202300036757.0;3;26;26313;2;9;1.0;6.0;44,96144763;4,94685173;
202300036758.0;5;25;25056;2;3;1.0;6.0;47,22300300;5,95037300;
202300036759.0;1;17;17028;2;1;1.0;3.0;46,13143000; -1,11063000;
202300036760.0;3;14;14327;1;1;1.0;5.0;49,19438000; -0,33707300;
202300036761.0;5;13;13204;2;9;1.0;3.0;43,31313179;5,40344655;
202300036762.0;5;13;13211;2;6;1.0;3.0;43,28946000;5,43806000;
202300036763.0;1;12;12145;1;1;8.0;2.0;44,14109000;3,02119000;
202300036764.0;1;06;06155;1;1;1.0;3.0;43,59204700;7,05633700;
202300036765.0;5;03;03185;2;5;2.0;3.0;46,33201000;2,60228000;
202300036766.0;5;01;01053;2;3;2.0;3.0;46,21292700;5,21836900;
202300036767.0;5;75;75120;2;1;1.0;2.0;48,86258700;2,41376700;
202300036768.0;5;75;75106;2;2;2.0;3.0;48,84740800;2,32813800;
202300036769.0;5;75;75106;2;2;2.0;3.0;48,84304700;2,32637500;
202300036770.0;1;75;75119;2;3;8.0;6.0;48,89132400;2,37231000;
202300036771.0;1;75;75116;2;3;1.0;6.0;48,84771900;2,27258700;
202300036772.0;1;75;75115;2;2;1.0;6.0;48,84705400;2,29594000;
202300036773.0;1;75;75114;2;3;1.0;4.0;48,83835000;2,32235300;
202300036774.0;5;75;75114;2;1;1.0;1.0;48,81661800;2,33636900;
202300036775.0;1;75;75111;2;9;1.0;6.0;48,85041200;2,38730500;
202300036776.0;5;75;75108;2;3;1.0;6.0;48,87720800;2,32303300;
202300036777.0;5;94;94003;2;2;1.0;3.0;48,80441100;2,32919600;
202300036778.0;5;94;94073;2;9;2.0;3.0;48,74787000;2,36933000;
202300036779.0;1;94;94044;2;6;1.0;2.0;48,74907500;2,47373000;
202300036780.0;1;94;94068;2;2;1.0;6.0;48,80668525;2,47885457;
202300036781.0;1;94;94068;2;4;1.0;6.0;48,79562700;2,48395600;
202300036782.0;1;94;94011;2;2;1.0;3.0;48,78254050;2,49447593;
202300036783.0;1;94;94028;2;9;1.0;3.0;48,79238506;2,46007396;
202300036784.0;1;94;94028;2;1;1.0;3.0;48,76767688;2,46805657;
202300036785.0;5;94;94017;1;4;1.0;3.0;48,81880000;2,49006000;
202300036786.0;1;94;94071;2;3;1.0;3.0;48,76296317;2,53535195;
202300036787.0;1;93;93072;2;2;1.0;6.0;48,95002000;2,38600000;
202300036788.0;1;93;93005;2;1;1.0;1.0;48,92936400;2,51097600;
202300036789.0;5;93;93062;2;2;1.0;3.0;48,89718000;2,52300000;
202300036790.0;1;93;93048;2;1;1.0;3.0;48,86366205;2,44931476;
202300036791.0;5;93;93046;2;4;1.0;6.0;48,91829000;2,52860000;
202300036792.0;1;93;93032;2;2;1.0;3.0;48,86829000;2,55705000;
202300036793.0;1;93;93029;2;3;1.0;3.0;48,93641126;2,45108160;
202300036794.0;1;93;93030;2;2;1.0;3.0;48,95550000;2,41613000;
202300036795.0;1;93;93010;2;1;1.0;3.0;48,89435000;2,48437700;
202300036796.0;1;93;93008;2;1;1.0;6.0;48,90862111;2,45095432;
202300036797.0;1;93;93007;2;9;1.0;1.0;48,94412072;2,46751426;
202300036798.0;1;93;93005;2;9;1.0;6.0;48,95186775;2,50114430;
202300036799.0;1;92;92022;2;5;1.0;7.0;48,80862581;2,18759045;
202300036800.0;1;92;92063;2;1;1.0;6.0;48,87238694;2,20261194;
202300036801.0;1;92;92050;2;1;1.0;6.0;48,90018787;2,21437722;
202300036802.0;5;92;92020;2;1;1.0;7.0;48,80988468;2,30171889;
202300036803.0;1;92;92048;2;3;1.0;6.0;48,80252151;2,23732844;
202300036804.0;5;92;92035;2;9;1.0;3.0;48,90449697;2,23917246;
202300036805.0;5;92;92025;2;1;1.0;2.0;48,91881669;2,22329155;
202300036806.0;2;92;92032;2;1;1.0;6.0;48,78519913;2,30160736;
202300036807.0;5;92;92012;2;1;1.0;6.0;48,83331000;2,24245000;
202300036808.0;1;92;92009;2;1;1.0;6.0;48,92182000;2,27763000;
202300036809.0;1;92;92004;2;1;1.0;3.0;48,90759927;2,29213625;
202300036810.0;3;976;97603;1;1;1.0;7.0; -12,93131900;45,17389300;
202300036811.0;3;13;13210;1;1;1.0;4.0;43,28435000;5,40583000;
202300036812.0;1;13;13005;1;1;1.0;6.0;43,28891433;5,56001531;
202300036813.0;1;33;33063;1;1;1.0;4.0;44,88322940; -0,55410415;
202300036814.0;1;33;33096;1;1;1.0;2.0;44,90207391; -0,49383223;
202300036815.0;5;33;33397;1;1;1.0;2.0;44,91657931; -0,47785699;
202300036816.0;1;94;94038;1;1;1.0;2.0;48,78431731;2,34694866;
202300036817.0;1;91;91689;1;1;1.0;5.0;48,73200000;2,31500000;
202300036818.0;3;91;91689;1;1;1.0;2.0;48,73807200;2,31888800;
202300036819.0;1;92;92025;1;1;1.0;3.0;48,93542176;2,26058310;
202300036820.0;1;78;78640;1;1;1.0;2.0;48,77841600;2,22234100;
202300036821.0;5;92;92025;1;1;1.0;4.0;48,92276318;2,22752047;
202300036822.0;1;92;92036;1;1;1.0;3.0;48,93664875;2,29983248;
202300036823.0;1;78;78043;1;1;1.0;2.0;48,84132200;2,10139300;
202300036824.0;1;93;93027;1;1;1.0;2.0;48,92457000;2,39043000;
202300036825.0;3;95;95252;1;1;1.0;2.0;48,98897590;2,24363565;
202300036826.0;1;94;94017;1;1;1.0;5.0;48,82716020;2,51033987;
202300036827.0;1;77;77249;1;1;1.0;2.0;48,76155300;2,61591300;
202300036828.0;3;93;93064;1;1;1.0;6.0;48,86125511;2,48383625;
202300036829.0;1;26;26088;1;2;7.0;2.0;45,03481300;5,09730200;
202300036830.0;5;988;98818;2;3;1.0;3.0; -22,24663000;166,45767000;
202300036831.0;1;988;98818;2;1;1.0;6.0; -22,26038000;166,47104000;
202300036832.0;1;976;97611;2;1;1.0;3.0; -12,76872000;45,22189000;
202300036833.0;1;974;97416;1;1;1.0;6.0; -21,33658000;55,52035000;
202300036834.0;1;69;69383;2;2;1.0;3.0;45,75897000;4,84919000;
202300036835.0;1;69;69387;2;1;1.0;3.0;45,74079000;4,82733000;
202300036836.0;2;972;97213;2;1;3.0;7.0;14,61847000; -61,03076000;
202300036837.0;1;972;97213;1;1;1.0;6.0;14,63440000; -61,01400000;
202300036838.0;1;69;69389;2;2;1.0;3.0;45,77860000;4,79820000;
202300036839.0;1;971;97113;2;3;2.0;1.0;16,20690000; -61,46500000;
202300036840.0;1;95;95127;2;1;1.0;3.0;49,05475226;2,04076007;
202300036841.0;5;91;91286;2;4;1.0;2.0;48,66372600;2,39982900;
202300036842.0;1;91;91687;2;1;1.0;6.0;48,65937500;2,37277800;
202300036843.0;1;88;88160;2;5;1.0;3.0;48,19234200;6,45654600;
202300036844.0;1;87;87085;2;3;1.0;3.0;45,83218000;1,24233000;
202300036845.0;3;86;86194;1;9;1.0;1.0;46,58425497;0,39427661;
202300036846.0;1;84;84007;2;1;1.0;7.0;43,94933000;4,80145000;
202300036847.0;1;84;84007;2;4;1.0;3.0;43,95087000;4,80229000;
202300036848.0;1;83;83137;2;1;1.0;1.0;43,14776000;5,90383000;
202300036849.0;1;81;81065;2;1;7.0;6.0;43,58814140;2,24233470;
202300036850.0;1;81;81004;2;1;1.0;6.0;43,93848000;2,14771000;
202300036851.0;5;75;75103;2;2;1.0;6.0;48,86596100;2,35380100;
202300036852.0;5;80;80021;2;1;1.0;3.0;49,92713000;2,28525000;
202300036853.0;1;75;75103;2;2;2.0;6.0;48,85645700;2,36431400;
202300036854.0;2;75;75101;2;2;3.0;3.0;48,86271800;2,33527900;
202300036855.0;1;78;78646;2;2;1.0;6.0;48,80240600;2,12959100;
202300036856.0;1;94;94068;2;1;1.0;6.0;48,79314000;2,48261000;
202300036857.0;5;94;94046;2;1;3.0;3.0;48,78961000;2,43541000;
202300036858.0;5;94;94041;2;8;2.0;6.0;48,81625562;2,36780316;
202300036859.0;2;94;94041;2;1;2.0;6.0;48,81512000;2,39380000;
202300036860.0;5;93;93051;2;1;1.0;6.0;48,83970000;2,55010000;
202300036861.0;1;77;77358;1;6;1.0;6.0;48,97974000;2,86375000;
202300036862.0;1;93;93051;2;1;2.0;6.0;48,85302000;2,53330000;
202300036863.0;5;93;93048;2;3;2.0;3.0;48,85860000;2,42912000;
202300036864.0;2;76;76231;2;4;1.0;6.0;49,29033800;1,01249900;
202300036865.0;1;93;93063;2;1;2.0;6.0;48,88278000;2,44001000;
202300036866.0;1;93;93001;2;1;2.0;6.0;48,91722952;2,38198418;
202300036867.0;5;76;76351;2;1;1.0;7.0;49,48901000;0,12481000;
202300036868.0;5;92;92075;2;3;2.0;6.0;48,82610037;2,29000367;
202300036869.0;1;92;92064;2;1;2.0;2.0;48,84206118;2,20425814;
202300036870.0;5;76;76447;2;1;1.0;7.0;49,54682000;0,19641000;
202300036871.0;1;92;92064;2;1;2.0;2.0;48,85691000;2,20974000;
202300036872.0;5;92;92063;2;2;1.0;3.0;48,87886000;2,18140000;
202300036873.0;1;73;73065;2;3;1.0;3.0;45,58048000;5,89136000;
202300036874.0;1;92;92026;2;3;3.0;6.0;48,90398603;2,26941347;
202300036875.0;1;73;73008;2;7;1.0;6.0;45,69357000;5,91173700;
202300036876.0;1;92;92024;2;1;1.0;6.0;48,90177000;2,30725000;
202300036877.0;5;92;92007;2;9;8.0;3.0;48,80767640;2,32614362;
202300036878.0;1;72;72003;1;9;1.0;3.0;47,96686745;0,13580203;
202300036879.0;1;92;92002;2;3;2.0;3.0;48,74409000;2,29741000;
202300036880.0;1;71;71270;2;9;1.0;3.0;46,28356709;4,80582654;
202300036881.0;5;92;92002;2;7;2.0;3.0;48,73503862;2,30930740;
202300036882.0;3;72;72260;1;1;1.0;6.0;47,95158328;0,23022294;
202300036883.0;5;83;83054;1;1;1.0;3.0;43,15242800;6,04320500;
202300036884.0;1;56;56240;2;9;1.0;3.0;47,50913800; -2,68565100;
202300036885.0;5;67;67447;2;1;1.0;3.0;48,60937000;7,73456000;
202300036886.0;2;19;19124;1;1;8.0;4.0;45,16458600;1,40827034;
202300036887.0;1;67;67482;2;2;1.0;3.0;48,57757300;7,76468100;
202300036888.0;1;80;80714;1;1;2.0;3.0;50,06292400;1,46227600;
202300036889.0;1;67;67482;2;1;1.0;3.0;48,58956100;7,75114500;
202300036890.0;3;89;89018;1;1;2.0;6.0;48,05130600;3,31114900;
202300036891.0;1;63;63178;2;2;1.0;6.0;45,54177822;3,24215904;
202300036892.0;5;67;67218;2;3;1.0;2.0;48,53807000;7,73251000;
202300036893.0;1;68;68140;1;2;1.0;3.0;47,88859700;7,44805500;
202300036894.0;1;39;39325;1;1;4.0;6.0;46,91239900;5,82485700;
202300036895.0;1;25;25258;1;1;2.0;6.0;47,21652200;5,91465200;
202300036896.0;1;66;66136;2;3;1.0;3.0;42,71537000;2,89554000;
202300036897.0;1;44;44146;1;1;4.0;6.0;47,77845100; -1,43245000;
202300036898.0;5;44;44213;2;1;8.0;3.0;47,39041500; -1,03182400;
202300036899.0;1;66;66136;2;6;1.0;3.0;42,68331000;2,86311000;
202300036900.0;2;29;29235;2;1;8.0;6.0;48,40457000; -4,39037900;
202300036901.0;3;70;70312;1;1;9.0;6.0;47,60481600;6,71385100;
202300036902.0;4;58;58095;2;1;4.0;6.0;46,83275900;3,46512600;
202300036903.0;1;64;64545;2;4;1.0;3.0;43,34600000; -1,76500000;
202300036904.0;1;14;14299;1;2;2.0;3.0;49,33971500;0,26389600;
202300036905.0;5;64;64445;2;3;1.0;6.0;43,31457000; -0,37593000;
202300036906.0;1;05;05046;2;1;4.0;6.0;44,56276000;6,48849100;
202300036907.0;1;43;43025;1;1;2.0;6.0;45,27085700;4,11368800;
202300036908.0;5;64;64024;2;9;1.0;1.0;43,49404000; -1,51916000;
202300036909.0;2;36;36200;1;1;4.0;6.0;46,60347008;1,52541625;
202300036910.0;5;85;85135;2;1;2.0;6.0;46,53686700; -1,23540200;
202300036911.0;1;64;64102;2;1;1.0;2.0;43,47915000; -1,48500000;
202300036912.0;1;03;03075;1;1;6.0;7.0;46,20146192;3,10103678;
202300036913.0;1;64;64102;2;1;1.0;6.0;43,48595900; -1,47454700;
202300036914.0;4;34;34294;1;1;1.0;5.0;43,70819373;4,12386256;
202300036915.0;1;64;64102;2;1;1.0;6.0;43,49304000; -1,48018000;
202300036916.0;2;27;27351;1;1;5.0;2.0;49,25471832;1,15978008;
202300036917.0;1;63;63113;2;9;1.0;3.0;45,76493000;3,10484000;
202300036918.0;1;69;69189;1;3;1.0;3.0;45,51780100;4,86061300;
202300036919.0;1;988;98833;1;1;1.0;7.0; -21,46290400;165,79624800;
202300036920.0;3;62;62510;2;9;1.0;6.0;50,42435313;2,78209072;
202300036921.0;1;988;98802;1;1;1.0;4.0; -21,96857000;166,17056000;
202300036922.0;5;29;29233;2;1;3.0;7.0;47,87349200; -3,54794200;
202300036923.0;1;60;60159;2;6;1.0;6.0;49,40770157;2,80081898;
202300036924.0;3;45;45191;2;2;2.0;2.0;48,28587900;2,40003300;
202300036925.0;3;13;13084;1;1;1.0;6.0;43,72437400;5,29222900;
202300036926.0;3;13;13048;1;1;1.0;6.0;43,61414300;5,68504900;
202300036927.0;1;56;56260;2;1;1.0;5.0;47,66649500; -2,78565000;
202300036928.0;1;67;67345;1;1;8.0;6.0;48,77130200;7,87127500;
202300036929.0;1;73;73215;1;3;1.0;6.0;45,45624000;6,10732800;
202300036930.0;1;54;54184;2;2;1.0;3.0;48,70062561;6,22466952;
202300036931.0;3;38;38415;1;1;2.0;1.0;45,65036300;5,22074800;
202300036932.0;1;26;26085;2;1;7.0;6.0;44,48640700;4,71661100;
202300036933.0;2;31;31499;2;1;2.0;6.0;43,51190000;1,18752100;
202300036934.0;4;51;51454;2;1;1.0;3.0;49,22648200;4,01135800;
202300036935.0;1;29;29042;1;3;1.0;2.0;48,29176909; -4,54971582;
202300036936.0;3;35;35191;1;1;8.0;2.0;48,46228513; -1,32882804;
202300036937.0;5;51;51454;2;5;1.0;2.0;49,24595000;4,03083000;
202300036938.0;1;60;60575;2;1;1.0;7.0;49,29380203;2,19590843;
202300036939.0;1;60;60639;2;1;2.0;6.0;49,46765700;2,11242200;
202300036940.0;1;49;49099;2;3;1.0;3.0;47,05213000; -0,87868000;
202300036941.0;1;02;02405;1;1;1.0;6.0;49,86346100;4,08881300;
202300036942.0;5;80;80561;2;1;1.0;6.0;49,64786400;2,57529000;
202300036943.0;1;49;49353;2;1;1.0;2.0;47,45390000; -0,50671000;
202300036944.0;1;69;69276;1;1;1.0;3.0;45,67798544;4,84800938;
202300036945.0;2;45;45284;2;1;1.0;1.0;47,91839000;1,98115000;
202300036946.0;1;91;91312;1;1;1.0;1.0;48,73442200;2,23147100;
202300036947.0;3;91;91659;1;1;2.0;3.0;48,57808000;2,46353000;
202300036948.0;1;45;45286;2;1;1.0;2.0;47,88628000;1,92773000;
202300036949.0;3;95;95212;1;1;1.0;4.0;49,02618996;2,53691107;
202300036950.0;1;45;45286;2;1;1.0;3.0;47,89349184;1,92115358;
202300036951.0;1;77;77372;1;1;2.0;6.0;48,88277300;2,66790100;
202300036952.0;5;75;75113;2;4;3.0;2.0;48,82583445;2,38728136;
202300036953.0;1;44;44184;2;1;1.0;1.0;47,27860000; -2,24750000;
202300036954.0;5;75;75108;2;3;1.0;3.0;48,88011400;2,31329100;
202300036955.0;5;75;75119;2;1;1.0;6.0;48,89858400;2,38471900;
202300036956.0;1;44;44109;2;1;1.0;7.0;47,22805000; -1,58030000;
202300036957.0;3;75;75117;2;2;2.0;1.0;48,87861900;2,28004500;
202300036958.0;1;37;37214;2;6;1.0;3.0;47,42918000;0,65004000;
202300036959.0;5;75;75116;2;1;2.0;6.0;48,85495163;2,22618252;
202300036960.0;1;75;75115;2;7;1.0;6.0;48,84185800;2,31989900;
202300036961.0;1;37;37261;2;1;1.0;6.0;47,37286000;0,71135000;
202300036962.0;5;75;75113;2;1;2.0;3.0;48,83000900;2,36573200;
202300036963.0;1;75;75111;2;2;1.0;6.0;48,86158400;2,38258100;
202300036964.0;1;37;37122;2;1;1.0;2.0;47,34872000;0,66314000;
202300036965.0;5;75;75111;2;2;1.0;6.0;48,86564100;2,37733500;
202300036966.0;2;35;35238;1;1;1.0;2.0;48,11470000; -1,71901000;
202300036967.0;5;75;75110;2;3;1.0;3.0;48,87010100;2,35100700;
202300036968.0;5;75;75109;2;3;2.0;6.0;48,87405600;2,34728200;
202300036969.0;5;75;75104;2;2;3.0;3.0;48,85206700;2,36541800;
202300036970.0;5;75;75101;2;2;1.0;3.0;48,86057700;2,34941000;
202300036971.0;1;35;35051;1;1;1.0;2.0;48,11384000; -1,55324000;
202300036972.0;5;94;94038;2;3;1.0;3.0;48,78408780;2,32828751;
202300036973.0;5;93;93059;2;1;2.0;2.0;48,95298000;2,35819000;
202300036974.0;5;33;33192;2;3;1.0;2.0;44,78403000; -0,60642000;
202300036975.0;1;33;33249;2;3;1.0;3.0;44,88249000; -0,52616000;
202300036976.0;1;33;33063;2;1;1.0;6.0;44,81941044; -0,57441920;
202300036977.0;3;93;93079;2;1;2.0;2.0;48,95247000;2,33773000;
202300036978.0;1;93;93029;2;3;1.0;3.0;48,92517000;2,44131000;
202300036979.0;1;33;33529;2;1;7.0;3.0;44,64069170; -1,15573972;
202300036980.0;1;33;33529;1;1;1.0;3.0;44,64816000; -1,15807000;
202300036981.0;1;93;93005;2;1;1.0;5.0;48,95691100;2,49848700;
202300036982.0;1;31;31555;2;1;1.0;3.0;43,56882800;1,45666800;
202300036983.0;5;92;92026;2;3;1.0;6.0;48,89015692;2,25623773;
202300036984.0;5;92;92032;2;2;2.0;3.0;48,79462000;2,29147000;
202300036985.0;3;14;14162;1;1;6.0;6.0;48,91453800; -0,48198900;
202300036986.0;3;31;31555;2;1;1.0;5.0;43,59282000;1,39821000;
202300036987.0;2;83;83072;1;3;1.0;3.0;43,50573700;6,31385800;
202300036988.0;3;51;51425;1;3;2.0;1.0;49,14632800;3,71446800;