Num_Acc;lum;departement;commune;agglomeration;intersection;meteo;type_collision;lat;long;date
202300036989.0;1;30;30189;2;1;1.0;6.0;43,82100000;4,36250000;
202300036990.0;3;63;63181;1;1;3.0;7.0;46,02153453;3,11768174;
202300036991.0;1;30;30007;2;1;1.0;2.0;44,14207000;4,10538000;
202300036992.0;3;41;41046;1;1;3.0;6.0;47,66556800;1,92669500;
202300036993.0;1;974;97410;1;3;1.0;7.0; -21,09571100;55,67755200;
202300036994.0;3;50;50616;1;1;6.0;1.0;48,67650700; -1,37211100;
202300036995.0;5;29;29051;2;1;1.0;2.0;47,99620000; -4,05246000;
202300036996.0;3;50;50592;1;1;6.0;1.0;48,95448400; -1,04008000;
202300036997.0;3;47;47108;1;1;2.0;7.0;44,48946639;0,13311325;
202300036998.0;3;51;51627;1;1;3.0;1.0;48,93261500;4,03417100;
202300036999.0;1;27;27562;1;1;1.0;3.0;49,08723000;1,43547000;
202300037000.0;3;56;56206;2;6;2.0;2.0;47,67883800; -2,73985500;
202300037001.0;3;25;25462;1;1;1.0;6.0;46,91811000;6,33499000;
202300037002.0;3;59;59054;1;1;2.0;6.0;50,77399000;2,43924400;
202300037003.0;3;59;59094;2;1;3.0;3.0;50,94866900;2,21034700;
202300037004.0;1;14;14271;1;9;1.0;3.0;49,14330900; -0,36330100;
202300037005.0;3;61;61412;1;1;2.0;6.0;48,50604600;0,37414100;
202300037006.0;1;41;41099;1;1;2.0;3.0;47,34019200;1,57819900;
202300037007.0;1;13;13075;2;1;1.0;7.0;43,35600000;5,46000000;
202300037008.0;1;13;13203;2;1;1.0;7.0;43,31975303;5,37484923;
202300037009.0;1;13;13213;2;1;1.0;1.0;43,33173000;5,42813000;
202300037010.0;1;34;34338;1;1;1.0;4.0;43,61698477;3,40955893;
202300037011.0;1;68;68325;1;1;2.0;7.0;47,57137200;7,35725600;
202300037012.0;1;13;13204;2;1;1.0;1.0;43,30760000;5,40312000;
202300037013.0;3;68;68293;2;1;2.0;1.0;47,68447700;7,06254600;
202300037014.0;1;10;10333;2;9;1.0;6.0;48,28849000;4,04541000;
202300037015.0;3;29;29171;1;1;8.0;6.0;47,84365100; -4,27932500;
202300037016.0;1;06;06029;2;9;1.0;2.0;43,55435000;7,02867000;
202300037017.0;3;03;03280;1;1;2.0;1.0;46,20380100;2,63187500;
202300037018.0;1;58;58302;1;1;1.0;3.0;47,22701800;3,06541100;
202300037019.0;1;06;06029;2;1;1.0;2.0;43,56010000;7,00530000;
202300037020.0;3;54;54076;2;6;3.0;6.0;48,55622000;6,41620338;
202300037021.0;1;14;14371;1;1;3.0;7.0;48,98186800;0,15247800;
202300037022.0;1;05;05061;2;1;1.0;6.0;44,56922000;6,10267000;
202300037023.0;2;14;14119;1;3;2.0;4.0;49,15065000; -0,26587000;
202300037024.0;2;90;90049;2;1;1.0;6.0;47,63283000;7,00854800;
202300037025.0;5;09;09264;2;1;1.0;7.0;43,03057300;1,61724300;
202300037026.0;3;04;04070;1;1;1.0;7.0;44,07908000;6,20778000;
202300037027.0;1;36;36047;1;2;8.0;3.0;46,43174321;1,38881966;
202300037028.0;1;02;02064;1;1;1.0;1.0;49,35802000;3,35285000;
202300037029.0;5;21;21502;1;1;9.0;6.0;47,02463281;5,10960006;
202300037030.0;5;75;75119;2;1;1.0;7.0;48,90012322;2,39180088;
202300037031.0;3;21;21414;1;3;1.0;4.0;47,15576200;4,49502800;
202300037032.0;5;85;85051;2;6;2.0;7.0;46,69029200; -1,05237000;
202300037033.0;3;75;75116;2;1;1.0;3.0;48,87845400;2,28099000;
202300037034.0;5;27;27056;2;1;2.0;6.0;49,08609400;0,59710300;
202300037035.0;1;30;30059;1;1;1.0;6.0;43,68872100;4,24284700;
202300037036.0;3;24;24523;1;2;2.0;3.0;44,81116300;0,32434900;
202300037037.0;3;31;31483;1;1;8.0;6.0;43,11896600;0,69806100;
202300037038.0;1;75;75119;2;1;1.0;4.0;48,90046800;2,38751600;
202300037039.0;3;69;69013;1;1;1.0;5.0;46,02085327;4,72562817;
202300037040.0;1;75;75120;2;3;1.0;6.0;48,87238700;2,37812200;
202300037041.0;3;973;97305;1;1;1.0;2.0;4,91747400; -52,37892300;
202300037042.0;1;971;97116;2;1;1.0;6.0;16,33229900; -61,45806100;
202300037043.0;1;29;29297;1;1;1.0;3.0;47,89269146; -3,52832258;
202300037044.0;1;75;75120;2;4;1.0;5.0;48,85868600;2,41476400;
202300037045.0;1;75;75117;2;3;1.0;7.0;48,87827970;2,29570475;
202300037046.0;5;67;67240;2;3;1.0;1.0;48,60489300;7,49242900;
202300037047.0;1;88;88101;1;1;2.0;1.0;48,12568200;6,58700400;
202300037048.0;2;57;57256;2;1;3.0;1.0;49,12390700;6,01892500;
202300037049.0;1;75;75116;2;5;1.0;3.0;48,85838000;2,27498600;
202300037050.0;3;87;87156;1;1;3.0;1.0;45,83955400;1,39938500;
202300037051.0;3;33;33439;1;1;6.0;6.0;45,11946991; -0,40840387;
202300037052.0;2;85;85003;1;1;1.0;6.0;46,72504000; -1,56544000;
202300037053.0;1;75;75114;2;3;1.0;3.0;48,81675265;2,33369699;
202300037054.0;5;29;29103;2;6;9.0;3.0;48,44949889; -4,25240368;
202300037055.0;5;75;75113;2;3;1.0;7.0;48,83893357;2,37006676;
202300037056.0;3;27;27165;1;2;3.0;3.0;48,95346600;0,93270300;
202300037057.0;1;75;75120;2;3;1.0;3.0;48,84674600;2,41586500;
202300037058.0;3;60;60589;2;1;1.0;6.0;49,23278100;2,45885600;
202300037059.0;1;60;60103;1;2;2.0;3.0;49,41803700;2,24416100;
202300037060.0;2;75;75104;2;3;1.0;3.0;48,85694300;2,35380800;
202300037061.0;5;59;59571;2;1;1.0;5.0;50,19256100;3,49929000;
202300037062.0;2;13;13214;1;1;1.0;4.0;43,32201000;5,37817000;
202300037063.0;1;83;83047;1;1;1.0;7.0;43,13019000;6,06997000;
202300037064.0;1;75;75101;2;2;1.0;3.0;48,86272170;2,33524686;
202300037065.0;3;67;67482;1;1;2.0;7.0;48,58484000;7,72591000;
202300037066.0;1;75;75103;2;3;1.0;6.0;48,86581600;2,36088000;
202300037067.0;1;91;91064;1;1;1.0;2.0;48,75282700;2,22324100;
202300037068.0;1;75;75101;2;3;1.0;7.0;48,86453537;2,33488539;
202300037069.0;5;92;92064;1;1;2.0;2.0;48,83949368;2,20466483;
202300037070.0;5;92;92036;1;1;3.0;6.0;48,94647077;2,28241919;
202300037071.0;1;75;75104;2;3;1.0;3.0;48,85464296;2,36276481;
202300037072.0;1;95;95682;1;1;1.0;4.0;49,06835027;2,39100677;
202300037073.0;5;75;75104;2;3;1.0;7.0;48,85527200;2,36116500;
202300037074.0;1;94;94022;1;1;1.0;3.0;48,77667160;2,41970908;
202300037075.0;1;75;75101;2;2;1.0;6.0;48,86198300;2,35016300;
202300037076.0;3;94;94069;1;1;2.0;2.0;48,81731094;2,44243718;
202300037077.0;1;77;77294;1;1;2.0;4.0;48,96143000;2,61786100;
202300037078.0;5;78;78440;2;1;2.0;6.0;48,99354300;1,91251000;
202300037079.0;1;75;75103;2;1;1.0;6.0;48,86103200;2,36669800;
202300037080.0;1;72;72003;2;1;2.0;6.0;47,97006000;0,15963000;
202300037081.0;1;94;94041;2;9;1.0;6.0;48,81229300;2,38326800;
202300037082.0;5;69;69290;2;9;1.0;6.0;45,71501193;4,96378677;
202300037083.0;1;94;94058;2;6;1.0;3.0;48,84929100;2,49584400;
202300037084.0;5;54;54395;2;1;3.0;6.0;48,69650000;6,14738000;
202300037085.0;1;54;54274;2;1;2.0;6.0;48,66721500;6,19847300;
202300037086.0;5;94;94041;2;2;1.0;3.0;48,80697900;2,37528400;
202300037087.0;1;54;54528;2;1;2.0;6.0;48,67219100;5,88806500;
202300037088.0;1;974;97411;2;9;1.0;6.0; -20,87856000;55,45280000;
202300037089.0;5;94;94043;2;1;1.0;3.0;48,80965000;2,36046000;
202300037090.0;1;974;97409;2;1;1.0;7.0; -20,97791000;55,62888000;
202300037091.0;1;973;97302;2;2;3.0;3.0;4,94198740; -52,32399836;
202300037092.0;1;94;94065;2;1;1.0;2.0;48,75308000;2,35015000;
202300037093.0;5;69;69387;2;2;2.0;3.0;45,75211000;4,84674000;
202300037094.0;5;69;69387;2;1;1.0;7.0;45,73660000;4,84437000;
202300037095.0;1;94;94077;2;2;1.0;3.0;48,73314000;2,42341000;
202300037096.0;1;69;69388;2;2;1.0;6.0;45,74394000;4,87055000;
202300037097.0;5;95;95019;2;1;2.0;6.0;48,98536200;2,42654500;
202300037098.0;2;94;94019;2;1;1.0;3.0;48,79878000;2,55774000;
202300037099.0;5;95;95277;1;1;3.0;4.0;48,98134831;2,46753037;
202300037100.0;5;95;95219;2;1;2.0;1.0;48,99439000;2,25013000;
202300037101.0;1;94;94017;2;2;1.0;6.0;48,81888131;2,52029078;
202300037102.0;5;95;95218;2;1;1.0;2.0;49,01857394;2,09636092;
202300037103.0;1;93;93078;2;2;1.0;3.0;48,97627940;2,51292676;
202300037104.0;5;91;91345;2;3;2.0;7.0;48,69837300;2,29061200;
202300037105.0;2;88;88429;1;1;3.0;7.0;48,07122000;6,59559000;
202300037106.0;5;93;93072;2;1;1.0;6.0;48,95448094;2,38369671;
202300037107.0;1;93;93059;2;3;1.0;3.0;48,95150650;2,35798652;
202300037108.0;5;76;76429;2;2;2.0;6.0;49,41058000;1,14140000;
202300037109.0;5;93;93070;2;1;1.0;3.0;48,90290500;2,33083600;
202300037110.0;1;76;76497;1;4;2.0;3.0;49,38676400;1,05426900;
202300037111.0;5;93;93070;2;2;1.0;2.0;48,91574000;2,33106000;
202300037112.0;5;76;76217;2;1;2.0;6.0;49,92565000;1,07656000;
202300037113.0;5;73;73011;2;1;9.0;1.0;45,66004107;6,36811227;
202300037114.0;1;93;93066;2;3;1.0;6.0;48,93245000;2,34301000;
202300037115.0;5;73;73008;2;6;1.0;3.0;45,69447694;5,89597732;
202300037116.0;2;62;62133;2;1;2.0;6.0;50,42231000;2,91096000;
202300037117.0;1;93;93066;2;3;1.0;3.0;48,94305000;2,38187000;
202300037118.0;2;59;59507;2;1;1.0;6.0;50,60423212;3,07589829;
202300037119.0;3;57;57463;2;1;9.0;1.0;49,11975358;6,24190807;
202300037120.0;5;93;93055;2;3;1.0;1.0;48,90053000;2,41088000;
202300037121.0;1;54;54321;2;1;1.0;2.0;49,53972000;5,81250000;
202300037122.0;1;93;93031;2;3;1.0;6.0;48,95389000;2,31105000;
202300037123.0;3;53;53130;2;1;3.0;6.0;48,07127000; -0,77596000;
202300037124.0;1;49;49007;2;1;2.0;7.0;47,46952000; -0,56126000;
202300037125.0;3;45;45338;1;1;2.0;6.0;47,97429600;2,71488100;
202300037126.0;1;93;93027;2;5;1.0;1.0;48,91830831;2,40786141;
202300037127.0;5;44;44109;2;1;2.0;6.0;47,20406000; -1,58836000;
202300037128.0;5;38;38185;2;9;5.0;6.0;45,16044000;5,72072000;
202300037129.0;1;92;92063;2;3;1.0;6.0;48,87868294;2,18651265;
202300037130.0;3;37;37233;2;1;3.0;6.0;47,37967000;0,72378000;
202300037131.0;5;92;92051;2;2;1.0;2.0;48,88139615;2,26205885;
202300037132.0;5;37;37261;2;3;3.0;6.0;47,41209000;0,69984000;
202300037133.0;5;35;35278;2;6;3.0;6.0;48,13417889; -1,69444062;
202300037134.0;5;92;92044;2;5;1.0;3.0;48,89829942;2,29436228;
202300037135.0;1;33;33013;1;3;1.0;3.0;44,84274000; -0,49997000;
202300037136.0;1;92;92044;2;2;1.0;6.0;48,89830743;2,29430942;
202300037137.0;1;32;32013;1;1;1.0;2.0;43,65960000;0,63636000;
202300037138.0;1;30;30028;2;1;1.0;6.0;44,16050000;4,60910000;
202300037139.0;1;92;92036;2;6;1.0;6.0;48,93681162;2,30386823;
202300037140.0;1;29;29232;2;2;2.0;3.0;47,97730000; -4,06978000;
202300037141.0;1;92;92026;2;1;1.0;7.0;48,88829207;2,25372684;
202300037142.0;1;29;29232;2;1;2.0;6.0;47,99327000; -4,09442000;
202300037143.0;3;40;40133;1;1;1.0;6.0;43,57880200; -1,42396000;
202300037144.0;5;29;29232;2;6;1.0;2.0;47,98349000; -4,04619000;
202300037145.0;1;974;97415;1;1;1.0;2.0; -21,08923600;55,28562800;
202300037146.0;1;01;01235;1;1;1.0;3.0;46,03472200;5,06468700;
202300037147.0;5;29;29019;2;3;1.0;1.0;48,39022000; -4,47733000;
202300037148.0;2;38;38157;2;2;1.0;1.0;45,51698200;4,96991300;
202300037149.0;5;28;28085;2;2;2.0;2.0;48,43991000;1,47506000;
202300037150.0;1;06;06149;2;1;1.0;3.0;43,74105700;7,30995000;
202300037151.0;1;06;06161;2;2;1.0;3.0;43,62759300;7,13280200;
202300037152.0;5;22;22278;2;2;2.0;1.0;48,52069000; -2,73094000;
202300037153.0;1;31;31567;1;1;1.0;2.0;43,59409900;1,64125400;
202300037154.0;1;974;97412;2;1;1.0;7.0; -21,32054300;55,63284600;
202300037155.0;3;91;91661;1;1;1.0;1.0;48,68494700;2,22220500;
202300037156.0;5;21;21054;2;2;8.0;1.0;47,03819500;4,83775500;
202300037157.0;1;26;26333;1;9;1.0;5.0;45,16705400;4,81823700;
202300037158.0;1;974;97413;1;1;1.0;3.0; -21,14604700;55,27307000;
202300037159.0;1;974;97413;2;1;7.0;6.0; -21,16970100;55,28928000;
202300037160.0;2;12;12270;1;1;1.0;2.0;44,31476900;3,09783300;
202300037161.0;1;69;69100;2;3;1.0;7.0;45,67268400;4,82966300;
202300037162.0;1;51;51302;1;1;1.0;7.0;48,98648400;4,08837300;
202300037163.0;1;56;56091;2;3;1.0;3.0;47,96040900; -2,55275500;
202300037164.0;1;56;56036;2;3;1.0;1.0;47,78173100; -3,32963000;
202300037165.0;1;76;76070;1;1;1.0;4.0;49,69963600;1,23755000;
202300037166.0;1;79;79174;1;1;1.0;7.0;46,23079700; -0,12057100;
202300037167.0;1;34;34064;1;1;1.0;6.0;43,85500800;3,30789300;
202300037168.0;1;62;62042;1;1;1.0;1.0;50,31336300;2,83432800;
202300037169.0;1;83;83116;2;1;1.0;6.0;43,45617800;5,85403900;
202300037170.0;1;95;95652;1;1;1.0;3.0;49,13273500;2,39144700;
202300037171.0;3;89;89456;1;1;2.0;3.0;48,30152900;3,18424100;
202300037172.0;1;49;49359;2;3;7.0;3.0;47,22121500; -0,17713300;
202300037173.0;5;42;42279;2;1;1.0;6.0;45,49656400;4,26598900;
202300037174.0;3;46;46281;1;1;1.0;3.0;44,84201000;1,83495300;
202300037175.0;1;47;47265;1;1;2.0;1.0;44,48718867;0,59955633;
202300037176.0;1;41;41080;2;1;1.0;6.0;47,31301300;1,18544000;
202300037177.0;1;22;22166;1;3;1.0;2.0;48,80500500; -3,32347200;
202300037178.0;3;39;39017;1;3;1.0;1.0;46,76566000;5,51957600;
202300037179.0;1;35;35299;1;1;1.0;6.0;48,63403832; -1,86564535;
202300037180.0;1;02;02292;2;1;1.0;6.0;49,03621200;3,40885200;
202300037181.0;1;84;84133;2;6;1.0;1.0;43,71929600;5,53978600;
202300037182.0;2;03;03108;1;1;1.0;7.0;46,19582900;2,92146400;
202300037183.0;1;54;54162;1;1;2.0;6.0;48,64199068;5,84297776;
202300037184.0;1;06;06059;1;1;1.0;1.0;43,72050900;7,36909600;
202300037185.0;1;06;06148;1;1;1.0;1.0;43,70329700;6,99972300;
202300037186.0;1;50;50290;1;1;1.0;1.0;48,66269800; -1,22250300;
202300037187.0;1;64;64038;2;1;1.0;1.0;43,45443800; -1,53283200;
202300037188.0;1;10;10323;2;6;1.0;3.0;48,50423700;3,75550000;
202300037189.0;3;21;21205;2;4;1.0;6.0;47,45597000;4,29976900;
202300037190.0;3;24;24087;1;1;1.0;6.0;44,85151100;1,07570500;
202300037191.0;1;04;04088;1;1;1.0;3.0;43,99173000;5,81955700;
202300037192.0;1;27;27204;1;1;1.0;1.0;49,31000200;1,57016400;
202300037193.0;1;17;17241;1;3;1.0;4.0;45,22108600; -0,14878200;
202300037194.0;1;23;23223;1;1;1.0;1.0;45,86950600;1,70840600;
202300037195.0;1;68;68037;1;1;1.0;3.0;47,96357900;7,36937900;
202300037196.0;5;30;30169;2;2;2.0;1.0;43,79287900;4,30966100;
202300037197.0;1;89;89379;1;1;2.0;6.0;47,50386600;4,09641000;
202300037198.0;1;38;38289;1;3;1.0;1.0;45,11967400;6,04082800;
202300037199.0;5;78;78537;1;1;2.0;2.0;48,55357500;1,93131900;
202300037200.0;2;11;11086;2;3;1.0;3.0;42,93052500;2,97143200;
202300037201.0;1;77;77364;1;2;2.0;3.0;49,00811100;2,76987400;
202300037202.0;2;77;77343;1;1;2.0;7.0;49,02291300;3,04668900;
202300037203.0;1;78;78655;2;1;1.0;6.0;48,66272300;1,86861500;
202300037204.0;3;34;34299;1;1;3.0;6.0;43,28182900;3,30879400;
202300037205.0;1;05;05058;1;2;1.0;3.0;44,75391100;6,57278500;
202300037206.0;2;05;05070;2;6;1.0;3.0;44,31372501;5,82680787;
202300037207.0;2;13;13014;1;1;1.0;3.0;43,49105500;5,20194100;
202300037208.0;1;13;13074;1;3;7.0;3.0;43,65124600;5,60834900;
202300037209.0;1;57;57008;1;1;1.0;1.0;49,00533500;6,59518700;
202300037210.0;1;42;42037;1;1;1.0;6.0;45,67000900;4,04230400;
202300037211.0;1;38;38153;1;1;1.0;6.0;45,19865700;5,62895400;
202300037212.0;1;69;69157;2;1;1.0;6.0;45,87449714;4,48973784;
202300037213.0;1;69;69117;1;3;1.0;3.0;45,85318600;4,75879400;
202300037214.0;1;19;19101;1;1;1.0;1.0;45,24071075;1,78635335;
202300037215.0;2;17;17225;1;9;1.0;3.0;45,69806400; -1,21522800;
202300037216.0;1;44;44159;1;1;8.0;1.0;47,14184400; -1,40618600;
202300037217.0;1;59;59212;2;1;2.0;1.0;50,64377200;2,72169900;
202300037218.0;1;13;13026;1;1;1.0;2.0;43,39815790;5,12110158;
202300037219.0;3;69;69163;1;1;1.0;6.0;45,91412000;4,79329000;
202300037220.0;1;33;33397;1;1;1.0;2.0;44,91477000; -0,47965000;
202300037221.0;1;33;33487;1;1;1.0;2.0;44,95261040; -0,45934439;
202300037222.0;5;33;33550;1;1;1.0;3.0;44,77850000; -0,55480000;
202300037223.0;1;91;91340;1;1;2.0;2.0;48,60869000;2,43759000;
202300037224.0;1;91;91687;1;1;1.0;7.0;48,65941000;2,37388000;
202300037225.0;1;75;75116;1;1;1.0;6.0;48,84759800;2,25368900;
202300037226.0;1;95;95256;1;1;1.0;3.0;49,05400463;2,20008731;
202300037227.0;1;95;95277;1;1;1.0;2.0;48,98015842;2,49808344;
202300037228.0;1;93;93029;1;1;1.0;3.0;48,92294104;2,42735624;
202300037229.0;3;93;93027;1;1;1.0;3.0;48,93801000;2,41316000;
202300037230.0;1;95;95018;1;1;1.0;6.0;48,95675000;2,27453000;
202300037231.0;1;95;95018;1;1;2.0;6.0;48,95667000;2,27456000;
202300037232.0;1;94;94022;1;1;2.0;1.0;48,77667160;2,41970908;
202300037233.0;1;93;93051;1;1;1.0;3.0;48,83627877;2,55459225;
202300037234.0;1;74;74077;1;1;4.0;4.0;46,06860577;5,90316117;
202300037235.0;1;74;74010;1;9;1.0;5.0;45,89660900;6,08779900;
202300037236.0;1;19;19275;2;1;1.0;6.0;45,54673499;2,31007934;
202300037237.0;5;19;19275;2;2;1.0;3.0;45,54786000;2,31089000;
202300037238.0;2;26;26362;2;1;1.0;1.0;44,93216720;4,89799261;
202300037239.0;1;24;24256;1;1;1.0;6.0;45,19410000;0,66107000;
202300037240.0;1;988;98818;2;3;1.0;1.0; -22,25231000;166,46366000;
202300037241.0;1;974;97416;2;9;1.0;6.0; -21,29935000;55,49049000;
202300037242.0;1;974;97416;1;9;1.0;5.0; -21,32155349;55,44458628;
202300037243.0;4;973;97302;2;1;1.0;2.0;4,94698268; -52,30702937;
202300037244.0;1;973;97302;2;1;1.0;7.0;4,93154154; -52,31250510;
202300037245.0;1;69;69388;2;1;1.0;6.0;45,72877000;4,86939000;
202300037246.0;1;69;69386;2;3;1.0;3.0;45,76630000;4,86171000;
202300037247.0;1;972;97209;1;1;1.0;6.0;14,61832000; -61,04559000;
202300037248.0;1;972;97209;2;3;1.0;3.0;14,60367069; -61,06583363;
202300037249.0;5;2B;2B033;2;1;1.0;6.0;42,70217000;9,45279000;
202300037250.0;1;971;97113;1;1;1.0;1.0;16,21841000; -61,50447000;
202300037251.0;1;91;91434;2;2;1.0;3.0;48,65663400;2,35391300;
202300037252.0;1;91;91432;2;2;1.0;3.0;48,70020400;2,32564600;
202300037253.0;1;87;87065;1;1;1.0;6.0;45,79000000;1,30463000;
202300037254.0;4;86;86194;2;5;1.0;3.0;46,57818500;0,35078500;
202300037255.0;1;86;86066;2;2;1.0;3.0;46,81645000;0,52807000;
202300037256.0;1;76;76474;2;3;1.0;5.0;49,48790000;1,04766000;
202300037257.0;3;76;76351;1;1;1.0;7.0;49,49828700;0,09568600;
202300037258.0;1;72;72181;2;9;1.0;2.0;47,96252000;0,17720000;
202300037259.0;1;67;67482;2;1;8.0;3.0;48,57060000;7,76390000;
202300037260.0;1;64;64260;2;1;1.0;6.0;43,35518000; -1,77451000;
202300037261.0;1;64;64545;2;4;1.0;1.0;43,37600000; -1,67700000;
202300037262.0;2;57;57306;2;1;1.0;6.0;49,32411503;6,06908798;
202300037263.0;1;57;57463;2;2;1.0;6.0;49,13333000;6,16667000;
202300037264.0;1;54;54079;2;1;1.0;7.0;48,88900000;6,05281000;
202300037265.0;1;51;51454;2;1;1.0;6.0;49,25552000;4,06072000;
202300037266.0;5;51;51454;2;1;1.0;6.0;49,23720600;4,03481600;
202300037267.0;5;51;51454;2;2;1.0;6.0;49,27363000;4,01527000;
202300037268.0;5;49;49007;2;1;1.0;7.0;47,45867000; -0,53295000;
202300037269.0;1;49;49267;1;1;1.0;5.0;47,46519754; -0,51674366;
202300037270.0;1;49;49007;2;2;1.0;3.0;47,46271000; -0,55497000;
202300037271.0;1;47;47001;2;1;1.0;3.0;44,20429000;0,61308000;
202300037272.0;5;46;46042;2;1;1.0;6.0;44,45352000;1,43732000;
202300037273.0;1;44;44109;2;1;1.0;2.0;47,25665000; -1,55547000;
202300037274.0;1;37;37261;2;1;1.0;6.0;47,38631416;0,69052935;
202300037275.0;1;34;34003;1;1;6.0;7.0;43,29868400;3,44218100;
202300037276.0;3;28;28209;1;1;1.0;1.0;48,47757000;1,46084000;
202300037277.0;1;25;25462;1;1;8.0;1.0;46,91235000;6,38168000;
202300037278.0;1;25;25056;2;1;2.0;3.0;47,22639000;5,97751000;
202300037279.0;1;19;19031;2;3;1.0;6.0;45,15973000;1,50326000;
202300037280.0;1;11;11069;1;1;1.0;6.0;43,21130000;2,32390000;
202300037281.0;1;11;11069;2;1;1.0;6.0;43,21037052;2,35323733;
202300037282.0;1;06;06088;2;8;1.0;3.0;43,68900000;7,24040000;
202300037283.0;1;06;06069;2;1;1.0;6.0;43,65934000;6,92210000;
202300037284.0;5;06;06027;2;1;1.0;6.0;43,65631040;7,16309490;
202300037285.0;1;75;75120;2;1;1.0;3.0;48,87738700;2,41151900;
202300037286.0;1;75;75119;2;2;1.0;3.0;48,87813700;2,40943600;
202300037287.0;1;75;75118;2;5;1.0;6.0;48,89305900;2,32749300;
202300037288.0;1;75;75116;2;1;1.0;1.0;48,87234800;2,24261400;
202300037289.0;5;75;75113;2;1;1.0;3.0;48,81645300;2,36036100;
202300037290.0;1;75;75113;2;3;1.0;6.0;48,83320500;2,35438500;
202300037291.0;1;75;75113;2;3;2.0;3.0;48,83033900;2,34701600;
202300037292.0;1;75;75111;2;5;1.0;6.0;48,85778600;2,38014900;
202300037293.0;1;75;75110;2;2;1.0;2.0;48,87177300;2,37197600;
202300037294.0;5;75;75102;2;1;1.0;6.0;48,87002900;2,35066200;
202300037295.0;5;94;94042;2;1;1.0;4.0;48,82005000;2,48064000;
202300037296.0;1;94;94016;2;1;1.0;3.0;48,78606000;2,32751000;
202300037297.0;1;94;94033;2;1;1.0;2.0;48,84398000;2,46437000;
202300037298.0;1;94;94022;2;2;1.0;1.0;48,75458000;2,41032000;
202300037299.0;1;94;94017;2;3;3.0;3.0;48,81237000;2,48897000;
202300037300.0;1;93;93077;2;3;1.0;3.0;48,87727000;2,52397000;
202300037301.0;2;93;93029;2;2;1.0;3.0;48,92703279;2,43837974;
202300037302.0;1;93;93014;2;1;1.0;3.0;48,90855000;2,54513000;
202300037303.0;1;93;93053;2;9;1.0;6.0;48,89624800;2,45914300;
202300037304.0;5;93;93008;2;2;2.0;3.0;48,91165000;2,46487000;
202300037305.0;1;93;93007;2;1;1.0;4.0;48,93709579;2,47437832;
202300037306.0;1;92;92063;2;1;1.0;4.0;48,87107136;2,18384993;
202300037307.0;1;92;92051;2;1;1.0;6.0;48,88881328;2,27409750;
202300037308.0;1;92;92020;2;1;1.0;1.0;48,80720409;2,28532768;
202300037309.0;1;92;92040;2;3;1.0;7.0;48,81881094;2,24370785;
202300037310.0;5;92;92004;2;1;1.0;3.0;48,90322697;2,28396052;
202300037311.0;1;974;97415;1;1;1.0;1.0; -21,05592700;55,28923800;
202300037312.0;1;60;60275;1;1;2.0;6.0;49,48910600;1,90121400;
202300037313.0;1;22;22209;2;1;3.0;6.0;48,57894200; -2,14720500;
202300037314.0;1;33;33327;2;8;3.0;3.0;44,65029600; -0,36082100;
202300037315.0;1;84;84069;1;1;1.0;1.0;44,17704900;5,12588400;
202300037316.0;3;974;97412;2;1;2.0;6.0; -21,38176200;55,64533800;
202300037317.0;1;21;21449;1;1;1.0;2.0;47,39317800;4,36122900;
202300037318.0;1;19;19248;1;1;1.0;2.0;45,44799263;1,50928426;
202300037319.0;1;41;41093;1;1;1.0;6.0;47,60946100;1,13193500;
202300037320.0;1;30;30334;2;1;1.0;6.0;44,01331400;4,41441400;
202300037321.0;1;57;57407;2;1;1.0;6.0;48,77483079;7,14207023;
202300037322.0;3;56;56251;1;1;1.0;6.0;47,60754000; -2,68447000;
202300037323.0;1;74;74234;2;1;1.0;3.0;45,76432000;6,30249400;
202300037324.0;1;77;77416;1;1;7.0;6.0;48,61065400;3,14323800;
202300037325.0;1;33;33235;1;1;1.0;3.0;44,39167900; -0,10335600;
202300037326.0;1;71;71137;2;1;1.0;6.0;46,43605700;4,66127700;
202300037327.0;1;89;89074;2;3;1.0;2.0;48,32291000;3,12977000;
202300037328.0;3;63;63381;2;1;1.0;7.0;45,83178600;2,89861000;
202300037329.0;1;49;49331;1;1;7.0;1.0;47,73948200; -0,76582400;
202300037330.0;1;68;68258;2;3;1.0;3.0;47,83360200;7,30107500;
202300037331.0;3;22;22222;2;4;1.0;5.0;48,68909100; -2,93161200;
202300037332.0;4;25;25490;1;1;1.0;6.0;47,39204700;6,17330300;
202300037333.0;1;25;25014;1;1;1.0;7.0;47,31146000;6,15988600;
202300037334.0;1;84;84017;1;1;1.0;7.0;44,17082700;5,28484200;
202300037335.0;1;72;72176;1;2;1.0;1.0;47,62058500;0,15198500;
202300037336.0;1;24;24564;1;1;1.0;7.0;45,24108300;0,28408900;
202300037337.0;1;85;85108;2;6;1.0;7.0;46,91194100; -1,38105900;