Num_Acc;lum;departement;commune;agglomeration;intersection;meteo;type_collision;lat;long;date
202300037338.0;1;17;17385;1;1;8.0;1.0;45,95540100; -1,24870800;
202300037339.0;1;45;45120;1;1;1.0;2.0;47,60431100;2,83378600;
202300037340.0;1;988;98805;1;4;1.0;3.0; -22,21950900;166,47007400;
202300037341.0;1;01;01038;1;1;1.0;7.0;46,32550900;5,27125400;
202300037342.0;1;67;67150;2;1;1.0;6.0;48,61279200;7,56256300;
202300037343.0;1;06;06085;1;1;1.0;6.0;43,59036900;7,03528400;
202300037344.0;1;38;38343;1;1;1.0;2.0;45,57580300;5,63981700;
202300037345.0;2;66;66008;2;1;1.0;1.0;42,57792300;3,03351400;
202300037346.0;1;04;04062;1;1;1.0;7.0;44,44461900;6,73392700;
202300037347.0;1;04;04143;2;9;1.0;6.0;43,92304700;5,91163200;
202300037348.0;1;13;13059;1;3;1.0;3.0;43,64309159;5,54360569;
202300037349.0;3;13;13041;1;1;1.0;6.0;43,46711600;5,46728600;
202300037350.0;1;89;89337;2;3;8.0;3.0;47,74216700;3,64837600;
202300037351.0;1;88;88270;2;1;1.0;2.0;48,31746500;5,59405300;
202300037352.0;1;57;57443;2;1;1.0;7.0;49,22054700;6,12499100;
202300037353.0;1;03;03104;1;3;1.0;3.0;46,33435100;2,78409500;
202300037354.0;1;38;38170;2;1;1.0;6.0;45,25548400;5,66496800;
202300037355.0;1;07;07026;1;1;1.0;7.0;44,83670400;4,09470900;
202300037356.0;1;16;16078;1;1;1.0;7.0;45,69820500;0,18991300;
202300037357.0;3;95;95252;1;1;1.0;2.0;48,98490000;2,21555000;
202300037358.0;3;93;93066;1;1;1.0;4.0;48,92450000;2,35715000;
202300037359.0;1;95;95641;1;1;2.0;2.0;49,06135043;2,55175173;
202300037360.0;1;13;13005;2;1;1.0;3.0;43,30356000;5,57169000;
202300037361.0;1;75;75109;2;1;1.0;2.0;48,88440200;2,32945900;
202300037362.0;5;76;76540;2;1;1.0;6.0;49,42762600;1,09581600;
202300037363.0;3;22;22215;2;1;1.0;6.0;48,47385000; -2,80035000;
202300037364.0;1;26;26083;1;1;8.0;1.0;45,25122400;4,94826800;
202300037365.0;1;973;97302;2;6;1.0;6.0;4,93263183; -52,32639760;
202300037366.0;2;69;69387;2;1;3.0;7.0;45,72648695;4,82623816;
202300037367.0;1;69;69386;2;1;2.0;6.0;45,76907000;4,85632000;
202300037368.0;1;69;69388;2;8;1.0;3.0;45,74238000;4,88000000;
202300037369.0;1;69;69034;2;3;8.0;3.0;45,79880000;4,85252000;
202300037370.0;1;2A;2A271;1;1;1.0;1.0;41,96111500;8,81284400;
202300037371.0;1;95;95088;1;1;3.0;2.0;48,97755000;2,43397000;
202300037372.0;1;91;91347;2;3;1.0;3.0;48,63525300;2,28563200;
202300037373.0;5;91;91657;2;5;1.0;3.0;48,70017000;2,43757000;
202300037374.0;1;91;91479;2;2;1.0;3.0;48,70803700;2,36571600;
202300037375.0;5;80;80021;2;6;1.0;3.0;49,91151000;2,31571000;
202300037376.0;1;80;80021;2;1;1.0;1.0;49,90014000;2,31177000;
202300037377.0;1;78;78551;2;1;2.0;6.0;48,90071000;2,08048000;
202300037378.0;1;78;78642;2;3;1.0;3.0;48,97740000;1,96929000;
202300037379.0;1;78;78172;2;1;2.0;1.0;48,99713000;2,09395000;
202300037380.0;1;76;76351;1;1;1.0;7.0;49,49064000;0,12160000;
202300037381.0;1;74;74305;2;1;2.0;2.0;46,19914000;6,26677000;
202300037382.0;1;72;72181;2;9;1.0;2.0;48,01286000;0,18328000;
202300037383.0;1;72;72181;2;9;1.0;3.0;48,00532300;0,19596100;
202300037384.0;1;71;71306;2;1;1.0;2.0;46,66880000;4,36061000;
202300037385.0;1;71;71306;2;1;1.0;1.0;46,65395681;4,36075956;
202300037386.0;1;71;71270;2;1;1.0;6.0;46,32149000;4,82907000;
202300037387.0;1;69;69259;2;3;1.0;3.0;45,72418629;4,85411603;
202300037388.0;1;67;67482;2;3;1.0;3.0;48,56526000;7,76770000;
202300037389.0;5;67;67447;2;3;1.0;3.0;48,61185000;7,74445000;
202300037390.0;1;66;66136;2;1;1.0;6.0;42,69027985;2,88094461;
202300037391.0;1;66;66136;2;1;1.0;6.0;42,67022000;2,88305000;
202300037392.0;1;65;65433;2;4;1.0;1.0;43,19842000;0,10003000;
202300037393.0;1;65;65286;2;1;2.0;6.0;43,10927600; -0,03807800;
202300037394.0;1;64;64445;2;9;8.0;4.0;43,31741000; -0,33009000;
202300037395.0;1;64;64102;2;1;2.0;3.0;43,49891000; -1,45800000;
202300037396.0;1;64;64024;2;1;1.0;2.0;43,47667000; -1,52622000;
202300037397.0;1;64;64102;2;1;3.0;7.0;43,50206000; -1,47832000;
202300037398.0;1;64;64024;2;1;1.0;7.0;43,49658000; -1,51060000;
202300037399.0;1;63;63113;2;2;2.0;3.0;45,78349672;3,07523310;
202300037400.0;1;63;63308;2;6;1.0;2.0;45,76737000;3,05607000;
202300037401.0;1;62;62386;2;2;1.0;6.0;50,45345400;2,73399300;
202300037402.0;1;61;61497;1;1;1.0;7.0;48,46000000;0,11300000;
202300037403.0;2;60;60159;1;9;1.0;3.0;49,41258000;2,92505000;
202300037404.0;1;59;59512;2;1;1.0;6.0;50,67609000;3,16932000;
202300037405.0;1;59;59350;2;1;1.0;3.0;50,62938100;3,03636900;
202300037406.0;4;57;57757;2;3;1.0;6.0;49,35796000;6,18846000;
202300037407.0;1;57;57463;2;1;1.0;7.0;49,11307400;6,16945700;
202300037408.0;1;56;56098;2;1;1.0;7.0;47,76599000; -3,32827000;
202300037409.0;1;54;54578;2;1;1.0;6.0;48,67849000;6,16060000;
202300037410.0;1;54;54395;2;1;1.0;2.0;48,68593100;6,19711800;
202300037411.0;1;54;54323;2;1;1.0;2.0;49,52645000;5,77638000;
202300037412.0;1;51;51573;2;1;2.0;6.0;49,25406000;3,97861000;
202300037413.0;1;51;51454;2;1;3.0;3.0;49,26660000;4,04321000;
202300037414.0;2;51;51454;2;1;1.0;7.0;49,23440000;4,04582000;
202300037415.0;1;49;49007;2;6;2.0;3.0;47,46733000; -0,52975000;
202300037416.0;1;49;49007;2;1;1.0;3.0;47,48501000; -0,55419000;
202300037417.0;1;45;45232;2;1;1.0;6.0;47,86095179;1,88429475;
202300037418.0;5;45;45234;2;2;8.0;3.0;47,90370000;1,90970000;
202300037419.0;1;45;45208;2;1;3.0;6.0;47,99884960;2,74322274;
202300037420.0;1;44;44143;2;9;1.0;3.0;47,19323000; -1,57654000;
202300037421.0;1;44;44109;2;8;1.0;1.0;47,26329000; -1,58014000;
202300037422.0;1;43;43046;2;6;1.0;1.0;45,05441000;3,89919000;
202300037423.0;1;37;37261;2;3;1.0;3.0;47,39077000;0,67202000;
202300037424.0;5;35;35238;2;1;1.0;6.0;48,11090000; -1,70049000;
202300037425.0;5;34;34172;2;1;1.0;1.0;43,60048000;3,88680000;
202300037426.0;1;34;34003;2;6;1.0;3.0;43,28303471;3,49778026;
202300037427.0;5;33;33063;2;1;2.0;3.0;44,84473000; -0,57065000;
202300037428.0;1;33;33281;2;6;1.0;3.0;44,83391000; -0,69234000;
202300037429.0;1;33;33063;2;2;1.0;3.0;44,83047100; -0,60287207;
202300037430.0;1;31;31149;2;6;1.0;2.0;43,61419334;1,34093218;
202300037431.0;1;31;31555;2;1;1.0;6.0;43,60614000;1,36406000;
202300037432.0;1;30;30028;2;3;3.0;3.0;44,15526000;4,61726000;
202300037433.0;1;29;29232;2;1;1.0;2.0;47,98031400; -4,10025300;
202300037434.0;1;29;29019;1;1;1.0;2.0;48,42255903; -4,47687371;
202300037435.0;3;28;28209;1;1;1.0;5.0;48,47602000;1,46112000;
202300037436.0;3;28;28209;1;1;1.0;6.0;48,47842000;1,47159000;
202300037437.0;1;27;27681;2;1;1.0;7.0;49,09438000;1,47296000;
202300037438.0;1;27;27554;1;1;1.0;7.0;49,10110000;1,37906000;
202300037439.0;1;27;27229;1;1;1.0;6.0;49,01400000;1,16410000;
202300037440.0;1;18;18279;1;1;3.0;3.0;47,26830000;2,05966200;
202300037441.0;1;17;17415;2;4;2.0;3.0;45,74320561; -0,66427800;
202300037442.0;1;15;15014;2;3;2.0;3.0;44,90631000;2,45016000;
202300037443.0;1;15;15014;2;2;2.0;3.0;44,91259000;2,43489000;
202300037444.0;1;13;13026;2;1;1.0;7.0;43,39161251;5,15802180;
202300037445.0;1;13;13214;2;2;2.0;3.0;43,33101000;5,38285000;
202300037446.0;1;10;10362;2;3;1.0;3.0;48,29342400;4,05004700;
202300037447.0;1;10;10343;2;1;1.0;3.0;48,27040000;4,08700000;
202300037448.0;1;06;06088;2;3;8.0;3.0;43,70480400;7,19784300;
202300037449.0;1;06;06088;2;1;1.0;6.0;43,69723000;7,26972000;
202300037450.0;2;06;06069;2;1;2.0;3.0;43,65674200;6,92294800;
202300037451.0;1;75;75116;2;1;3.0;3.0;48,87059700;2,27235200;
202300037452.0;1;75;75116;2;1;1.0;7.0;48,87436400;2,27595500;
202300037453.0;1;75;75118;2;1;1.0;2.0;48,90104100;2,35076400;
202300037454.0;1;75;75116;2;1;1.0;2.0;48,85724600;2,25848900;
202300037455.0;1;75;75116;2;4;1.0;4.0;48,86566345;2,26823330;
202300037456.0;1;75;75114;2;1;1.0;2.0;48,82256100;2,31416900;
202300037457.0;1;75;75105;2;1;1.0;3.0;48,83953800;2,34793500;
202300037458.0;1;75;75120;2;1;1.0;2.0;48,86248800;2,40646300;
202300037459.0;1;75;75120;2;3;2.0;6.0;48,87371700;2,38955000;
202300037460.0;1;75;75120;2;1;3.0;1.0;48,86527900;2,40838000;
202300037461.0;5;75;75120;2;3;1.0;3.0;48,85294000;2,40746000;
202300037462.0;1;75;75119;2;1;1.0;7.0;48,87835100;2,38813000;
202300037463.0;5;75;75119;2;2;1.0;3.0;48,88501200;2,38328400;
202300037464.0;1;75;75116;2;3;8.0;4.0;48,86327300;2,29635100;
202300037465.0;1;75;75116;2;1;3.0;2.0;48,84941300;2,24201800;
202300037466.0;1;75;75115;2;2;3.0;6.0;48,84656000;2,28600200;
202300037467.0;5;75;75105;2;2;1.0;1.0;48,85110700;2,35130100;
202300037468.0;1;75;75115;2;1;1.0;2.0;48,84074600;2,31609900;
202300037469.0;1;75;75114;2;1;1.0;3.0;48,83784100;2,31911000;
202300037470.0;1;75;75110;2;2;1.0;2.0;48,87522100;2,37032200;
202300037471.0;5;75;75110;2;1;1.0;1.0;48,87318100;2,35884000;
202300037472.0;1;72;72181;2;1;1.0;4.0;47,99749000;0,22863000;
202300037473.0;5;75;75110;2;1;1.0;6.0;48,88334700;2,36915400;
202300037474.0;1;75;75110;2;2;1.0;3.0;48,86914219;2,36434579;
202300037475.0;1;72;72181;2;1;8.0;4.0;47,98025000;0,21635000;
202300037476.0;1;72;72181;2;1;1.0;6.0;48,02414000;0,17701000;
202300037477.0;1;75;75109;2;2;2.0;6.0;48,87428400;2,33269900;
202300037478.0;5;69;69256;2;1;1.0;6.0;45,78444000;4,93294000;
202300037479.0;5;75;75107;2;2;1.0;3.0;48,85995600;2,31483900;
202300037480.0;1;75;75107;2;2;1.0;7.0;48,86105800;2,31324100;
202300037481.0;1;69;69266;2;4;2.0;3.0;45,76309725;4,91384081;
202300037482.0;1;75;75104;2;2;8.0;3.0;48,84951700;2,36562900;
202300037483.0;1;94;94015;2;9;3.0;6.0;48,83854000;2,52144700;
202300037484.0;3;69;69092;1;1;1.0;6.0;45,98136445;4,66840916;
202300037485.0;1;94;94016;2;1;3.0;7.0;48,78634059;2,33753550;
202300037486.0;1;94;94021;2;6;1.0;1.0;48,76704427;2,36296029;
202300037487.0;1;69;69290;2;3;1.0;6.0;45,69010000;4,93715000;
202300037488.0;1;69;69259;2;1;1.0;2.0;45,71983453;4,88060670;
202300037489.0;1;94;94033;2;1;1.0;3.0;48,84337951;2,46770230;
202300037490.0;1;94;94054;2;1;1.0;3.0;48,74468000;2,40709000;
202300037491.0;1;67;67447;2;1;1.0;2.0;48,60744000;7,73078000;
202300037492.0;1;67;67447;2;1;2.0;2.0;48,60399000;7,75033000;
202300037493.0;1;94;94022;2;9;1.0;3.0;48,76880625;2,42072448;
202300037494.0;1;93;93073;2;1;1.0;2.0;48,94974461;2,57310334;
202300037495.0;1;64;64102;2;1;1.0;3.0;43,49590000; -1,47192000;
202300037496.0;1;93;93059;2;1;1.0;6.0;48,95250000;2,36570000;
202300037497.0;1;63;63113;2;1;2.0;3.0;45,78131193;3,11029494;
202300037498.0;1;93;93071;2;1;1.0;1.0;48,93198000;2,53815000;
202300037499.0;1;92;92078;1;1;1.0;7.0;48,93242696;2,32203879;
202300037500.0;1;93;93066;2;1;1.0;2.0;48,91817641;2,35523005;
202300037501.0;3;62;62907;1;9;2.0;3.0;50,48502000;2,98370000;
202300037502.0;1;94;94017;1;1;1.0;3.0;48,83020089;2,49576700;
202300037503.0;1;93;93064;2;1;3.0;6.0;48,87688076;2,46816553;
202300037504.0;1;62;62774;2;1;1.0;3.0;50,95740000;1,82000000;
202300037505.0;1;93;93048;2;7;1.0;3.0;48,85838000;2,43431000;
202300037506.0;3;94;94046;1;1;1.0;2.0;48,81086274;2,44891790;
202300037507.0;1;93;93005;2;3;1.0;3.0;48,93166538;2,50145763;
202300037508.0;1;62;62193;2;6;7.0;2.0;50,95571000;1,90617000;
202300037509.0;5;93;93005;2;1;1.0;6.0;48,95294488;2,49510903;
202300037510.0;1;92;92073;2;1;3.0;6.0;48,86977516;2,22425133;
202300037511.0;1;93;93051;1;1;1.0;4.0;48,83515238;2,57609455;
202300037512.0;5;61;61001;2;2;1.0;3.0;48,42730000;0,08938000;
202300037513.0;5;73;73063;1;8;1.0;3.0;45,59293800;6,44965600;
202300037514.0;5;92;92072;1;9;1.0;2.0;48,83212200;2,22240500;
202300037515.0;1;60;60057;2;1;1.0;3.0;49,42811894;2,07311904;
202300037516.0;1;92;92062;1;1;8.0;2.0;48,88050552;2,24505024;
202300037517.0;3;95;95476;1;1;1.0;6.0;49,07640000;2,07553000;
202300037518.0;1;59;59152;2;1;1.0;6.0;50,76210042;3,01153924;
202300037519.0;1;92;92020;2;2;1.0;3.0;48,80698600;2,29361900;
202300037520.0;1;22;22278;2;3;1.0;6.0;48,51114000; -2,75943000;
202300037521.0;1;59;59350;2;1;8.0;4.0;50,61267000;3,03699000;
202300037522.0;2;92;92048;2;6;2.0;7.0;48,81430518;2,23486930;
202300037523.0;1;34;34003;2;1;1.0;6.0;43,28615000;3,51343000;
202300037524.0;1;92;92036;2;1;2.0;6.0;48,91937000;2,32169000;
202300037525.0;1;59;59183;2;9;2.0;6.0;51,04262000;2,39500000;
202300037526.0;1;92;92035;2;9;3.0;2.0;48,90533000;2,23473000;
202300037527.0;2;59;59329;2;1;2.0;6.0;50,34376326;3,09117639;
202300037528.0;1;988;98818;2;3;1.0;3.0; -22,27416000;166,45555000;
202300037529.0;2;92;92062;2;9;1.0;3.0;48,88737609;2,23266274;
202300037530.0;1;57;57672;2;1;1.0;6.0;49,35558000;6,16441000;
202300037531.0;5;92;92026;2;1;1.0;2.0;48,89735689;2,26390779;
202300037532.0;1;974;97416;1;1;2.0;4.0; -21,28770823;55,48278093;
202300037533.0;3;57;57447;1;1;1.0;4.0;49,05111000;6,13851000;
202300037534.0;1;92;92025;2;2;8.0;3.0;48,91575000;2,23242000;
202300037535.0;5;92;92023;2;2;1.0;6.0;48,77871100;2,22891100;
202300037536.0;5;57;57412;2;1;8.0;2.0;49,11403000;6,13883000;
202300037537.0;1;974;97407;2;2;1.0;3.0; -20,93670000;55,29531000;
202300037538.0;5;92;92032;2;1;1.0;6.0;48,79204572;2,28438780;
202300037539.0;1;92;92004;2;1;1.0;6.0;48,93212000;2,27465000;
202300037540.0;5;973;97302;2;1;8.0;7.0;4,92806881; -52,29261982;
202300037541.0;1;56;56098;2;1;1.0;3.0;47,76978000; -3,35069000;
202300037542.0;1;54;54382;1;1;1.0;6.0;49,54681000;5,79904000;
202300037543.0;1;92;92004;2;3;3.0;1.0;48,91590000;2,29138000;
202300037544.0;5;69;69383;2;1;1.0;6.0;45,76040000;4,85793000;
202300037545.0;1;92;92014;2;1;8.0;2.0;48,78779593;2,31870264;
202300037546.0;1;972;97213;1;1;1.0;7.0;14,62388000; -61,01868000;
202300037547.0;1;92;92002;2;1;1.0;6.0;48,75581000;2,30148000;
202300037548.0;5;51;51454;2;2;2.0;3.0;49,26925300;4,02010000;
202300037549.0;1;35;35108;1;1;1.0;6.0;47,94592900; -1,47219211;
202300037550.0;1;971;97113;1;1;1.0;3.0;16,24174000; -61,46513000;
202300037551.0;5;50;50129;2;6;2.0;2.0;49,60038000; -1,59974000;
202300037552.0;1;17;17120;1;9;7.0;3.0;45,73823200; -0,79416200;
202300037553.0;1;49;49058;1;1;1.0;7.0;47,00125600; -0,65323600;
202300037554.0;5;50;50129;2;2;3.0;3.0;49,63519000; -1,58653000;
202300037555.0;1;95;95019;2;6;1.0;5.0;48,98603000;2,41086000;
202300037556.0;1;68;68300;2;6;1.0;3.0;47,77952900;7,36474000;
202300037557.0;5;50;50129;2;3;2.0;6.0;49,62799000; -1,61797000;
202300037558.0;1;95;95014;1;1;1.0;2.0;49,01576000;2,31270000;
202300037559.0;3;21;21676;1;1;1.0;2.0;47,46415961;4,24819896;
202300037560.0;2;50;50129;2;1;2.0;4.0;49,63463000; -1,60209000;
202300037561.0;3;54;54067;1;9;1.0;3.0;49,42950988;5,68598270;
202300037562.0;1;49;49007;2;1;2.0;6.0;47,47367000; -0,57095000;
202300037563.0;1;91;91174;2;1;9.0;1.0;48,61666400;2,45872300;
202300037564.0;1;35;35047;2;1;1.0;7.0;48,03412000; -1,74119900;
202300037565.0;1;49;49007;2;1;1.0;6.0;47,46871000; -0,55898000;
202300037566.0;1;35;35047;2;1;1.0;7.0;48,03780100; -1,74074900;
202300037567.0;3;49;49246;2;1;1.0;2.0;47,43885500; -0,51075300;
202300037568.0;1;29;29181;1;1;1.0;5.0;48,48994977; -4,22705915;
202300037569.0;1;49;49007;2;1;1.0;2.0;47,45026000; -0,55552000;
202300037570.0;1;42;42158;1;1;1.0;3.0;46,04104379;3,84707023;
202300037571.0;3;974;97414;1;1;2.0;7.0; -21,24546200;55,45572300;
202300037572.0;1;47;47001;2;1;1.0;2.0;44,19385000;0,63791000;
202300037573.0;2;77;77449;1;6;1.0;4.0;48,85166400;2,77820700;
202300037574.0;1;72;72200;1;9;1.0;3.0;47,89444900;0,22119600;
202300037575.0;1;72;72124;2;1;1.0;7.0;47,81852900;0,27765200;
202300037576.0;1;77;77186;1;3;1.0;3.0;48,38526100;2,72096600;
202300037577.0;1;45;45232;2;1;1.0;6.0;47,86718143;1,90161554;
202300037578.0;2;44;44076;1;2;1.0;3.0;47,63264200; -1,61195900;
202300037579.0;1;77;77186;1;1;1.0;1.0;48,44253500;2,64657100;
202300037580.0;1;04;04102;1;1;1.0;6.0;44,43841800;6,41697000;
202300037581.0;1;45;45286;2;1;9.0;2.0;47,87370000;1,94270000;
202300037582.0;5;69;69266;2;1;1.0;3.0;45,77239000;4,86612000;
202300037583.0;1;56;56052;1;1;1.0;2.0;47,51073900; -2,60988500;
202300037584.0;5;45;45234;2;1;1.0;3.0;47,91700000;1,93010000;
202300037585.0;1;77;77239;1;2;1.0;3.0;48,65557700;3,14939300;
202300037586.0;1;76;76709;2;1;1.0;6.0;49,47341700;0,81460200;
202300037587.0;1;45;45075;2;1;1.0;3.0;47,89346800;1,84896400;
202300037588.0;1;69;69256;2;1;1.0;1.0;45,79158000;4,92741000;
202300037589.0;1;79;79207;2;4;1.0;3.0;46,88263700; -0,74208000;
202300037590.0;1;45;45068;2;1;1.0;3.0;48,01292200;2,73450000;
202300037591.0;1;71;71263;1;1;1.0;6.0;46,65599100;5,18649100;
202300037592.0;1;67;67218;2;3;1.0;3.0;48,54308000;7,73644000;
202300037593.0;1;71;71079;1;1;1.0;6.0;46,48415100;5,37006100;
202300037594.0;2;43;43157;2;1;1.0;3.0;45,04898000;3,89425000;
202300037595.0;1;59;59360;2;9;1.0;2.0;50,60366014;3,02937269;
202300037596.0;3;63;63381;1;1;5.0;6.0;45,86036900;2,96738100;
202300037597.0;1;42;42127;2;2;1.0;3.0;46,06703900;4,06959400;
202300037598.0;1;55;55263;1;1;1.0;7.0;48,86152300;5,47685100;
202300037599.0;1;58;58194;2;9;1.0;3.0;46,98741400;3,14080200;
202300037600.0;2;41;41018;2;1;1.0;6.0;47,58040000;1,34450000;
202300037601.0;1;42;42020;2;2;2.0;7.0;45,63707600;4,20653000;
202300037602.0;1;51;51242;1;1;1.0;7.0;48,95053000;4,29840000;
202300037603.0;1;42;42313;1;2;2.0;3.0;45,73228400;3,99445300;
202300037604.0;2;38;38053;2;2;1.0;6.0;45,60440000;5,26663000;
202300037605.0;1;50;50218;2;1;1.0;3.0;48,83779000; -1,56327000;
202300037606.0;1;34;34197;1;3;1.0;3.0;43,56093400;3,41042300;
202300037607.0;1;34;34074;1;3;1.0;1.0;43,43774100;3,07418200;
202300037608.0;1;49;49099;1;1;1.0;3.0;47,03539000; -0,90647000;
202300037609.0;1;35;35238;2;2;1.0;3.0;48,10173000; -1,65612000;
202300037610.0;1;25;25228;2;1;1.0;6.0;47,50455900;6,85639700;
202300037611.0;1;45;45234;2;1;1.0;6.0;47,90526900;1,91204200;
202300037612.0;1;43;43041;2;1;1.0;2.0;45,05062000;3,91307000;
202300037613.0;5;34;34172;2;1;1.0;1.0;43,61144000;3,85893000;
202300037614.0;1;44;44211;1;1;1.0;1.0;47,35971598; -2,50408554;
202300037615.0;1;29;29259;2;3;1.0;3.0;48,69124400; -3,98908900;
202300037616.0;1;43;43041;2;1;1.0;5.0;45,04973000;3,90905000;
202300037617.0;1;34;34172;2;6;1.0;2.0;43,60795900;3,92987500;
202300037618.0;1;29;29284;2;1;1.0;6.0;47,79822200; -4,26697600;
202300037619.0;1;42;42275;2;3;3.0;1.0;45,47949000;4,36010000;
202300037620.0;1;29;29174;2;6;1.0;1.0;47,86988400; -4,23589500;
202300037621.0;1;34;34129;2;1;1.0;1.0;43,58670000;3,91719000;
202300037622.0;5;35;35238;2;1;1.0;6.0;48,13671000; -1,65887000;
202300037623.0;1;03;03118;2;1;8.0;3.0;46,08775100;3,19754100;
202300037624.0;2;34;34172;2;1;1.0;1.0;43,61530000;3,82158000;
202300037625.0;1;33;33200;2;4;1.0;1.0;44,87842000; -0,67834000;
202300037626.0;1;70;70240;2;1;1.0;2.0;47,86256400;6,32970200;
202300037627.0;5;33;33522;2;2;2.0;3.0;44,80087260; -0,58676273;
202300037628.0;1;31;31483;2;3;1.0;3.0;43,10780000;0,72240000;
202300037629.0;1;58;58177;1;3;1.0;3.0;47,15366800;3,86604000;
202300037630.0;1;33;33192;2;1;8.0;6.0;44,77682000; -0,60584000;
202300037631.0;1;29;29232;2;1;1.0;6.0;47,97964000; -4,10868000;
202300037632.0;1;58;58095;2;1;1.0;6.0;46,82826900;3,45878400;
202300037633.0;1;33;33119;2;1;2.0;6.0;44,85566980; -0,53493708;
202300037634.0;1;54;54102;1;3;7.0;7.0;48,71497082;5,87555051;
202300037635.0;1;17;17415;2;6;7.0;2.0;45,72398300; -0,63934100;
202300037636.0;1;50;50074;1;1;1.0;1.0;48,72102300; -1,18055800;
202300037637.0;1;33;33249;2;2;1.0;3.0;44,87350000; -0,51496000;
202300037638.0;1;64;64106;2;1;1.0;3.0;43,32746800; -1,01813400;
202300037639.0;1;17;17306;2;2;1.0;1.0;45,62172000; -1,03873000;
202300037640.0;1;15;15014;2;1;1.0;6.0;44,91608000;2,42926000;
202300037641.0;2;16;16286;1;2;5.0;3.0;45,77214800; -0,09059400;
202300037642.0;5;29;29232;2;9;1.0;5.0;47,98306669; -4,11074257;
202300037643.0;1;29;29232;2;9;1.0;7.0;47,97952351; -4,12191647;
202300037644.0;1;15;15014;2;1;1.0;2.0;44,93288900;2,44958900;
202300037645.0;1;29;29051;2;1;1.0;1.0;47,99510944; -4,06315135;
202300037646.0;1;24;24547;1;1;1.0;4.0;45,12800900;1,33301500;
202300037647.0;1;15;15014;2;6;1.0;3.0;44,90017200;2,43124900;
202300037648.0;5;28;28404;1;1;1.0;3.0;48,71827500;1,34987700;
202300037649.0;1;14;14536;1;1;1.0;6.0;49,41246100;0,28277000;
202300037650.0;1;28;28134;2;9;1.0;6.0;48,74132354;1,34114742;
202300037651.0;1;27;27290;1;2;1.0;3.0;49,13001800;0,79230300;
202300037652.0;5;13;13215;2;1;2.0;2.0;43,33306365;5,36423973;
202300037653.0;1;13;13206;2;1;2.0;2.0;43,28990000;5,37839000;
202300037654.0;1;25;25056;1;1;1.0;3.0;47,24740000;5,97911000;
202300037655.0;1;22;22278;2;1;2.0;6.0;48,49947000; -2,74288000;
202300037656.0;1;08;08480;2;9;1.0;7.0;49,73516000;4,75541000;
202300037657.0;3;94;94074;1;1;1.0;2.0;48,76529187;2,45926654;
202300037658.0;1;06;06027;2;1;1.0;2.0;43,65753400;7,14523500;
202300037659.0;3;22;22278;2;1;2.0;1.0;48,51095000; -2,75582000;
202300037660.0;5;54;54578;2;2;1.0;6.0;48,67456392;6,15118504;
202300037661.0;1;04;04070;2;2;2.0;2.0;44,09119000;6,23114000;
202300037662.0;1;19;19272;1;3;3.0;3.0;45,25275000;1,75443000;
202300037663.0;5;13;13208;2;1;1.0;3.0;43,27057129;5,38794144;
202300037664.0;2;19;19031;2;1;2.0;6.0;45,16654810;1,54463321;
202300037665.0;1;02;02408;2;2;1.0;3.0;49,57577300;3,63489100;
202300037666.0;5;974;97407;1;1;1.0;1.0; -20,93048300;55,30810100;
202300037667.0;4;75;75120;2;1;9.0;2.0;48,86260913;2,41406322;
202300037668.0;2;19;19031;2;1;1.0;6.0;45,15721000;1,52310000;
202300037669.0;3;974;97407;2;1;1.0;6.0; -20,92998000;55,30305000;
202300037670.0;1;15;15014;1;1;2.0;7.0;44,92330000;2,47058000;
202300037671.0;1;75;75108;2;4;1.0;3.0;48,86485600;2,31831300;
202300037672.0;5;973;97302;2;2;3.0;1.0;4,92960000; -52,31510000;
202300037673.0;1;75;75117;2;3;1.0;6.0;48,88245000;2,31184600;
202300037674.0;1;13;13054;2;2;1.0;3.0;43,41667498;5,20975484;
202300037675.0;2;75;75116;2;1;1.0;6.0;48,84137700;2,26888800;
202300037676.0;5;69;69383;2;3;6.0;1.0;45,74932000;4,88845000;
202300037677.0;5;13;13005;2;1;1.0;6.0;43,29342000;5,55653000;
202300037678.0;1;75;75115;2;3;1.0;6.0;48,84915500;2,29814900;
202300037679.0;4;972;97213;2;6;1.0;6.0;14,62293840; -60,98956740;
202300037680.0;1;75;75113;2;3;1.0;7.0;48,81989800;2,36508600;
202300037681.0;1;12;12145;2;9;1.0;6.0;44,09714800;3,07149600;
202300037682.0;1;82;82121;2;1;1.0;7.0;44,05058000;1,35900000;
202300037683.0;1;11;11069;2;1;1.0;2.0;43,21720000;2,35203000;
202300037684.0;5;81;81004;2;6;1.0;6.0;43,92206140;2,14904550;
202300037685.0;1;75;75111;2;3;1.0;3.0;48,86677900;2,36682700;
202300037686.0;2;11;11069;1;6;2.0;2.0;43,22685000;2,33120000;
202300037687.0;3;77;77114;1;1;1.0;2.0;48,74190000;2,69185000;