Num_Acc;lum;departement;commune;agglomeration;intersection;meteo;type_collision;lat;long;date
202300037688.0;1;75;75110;2;2;1.0;2.0;48,87290400;2,36373000;
202300037689.0;1;10;10081;1;1;2.0;2.0;48,31698000;4,06157000;
202300037690.0;1;75;75108;2;3;1.0;2.0;48,86801900;2,30471100;
202300037691.0;1;76;76545;2;1;2.0;6.0;49,90188000;1,09069000;
202300037692.0;5;75;75107;2;1;1.0;6.0;48,86125000;2,32054000;
202300037693.0;1;05;05061;1;1;2.0;5.0;44,54434000;6,09150000;
202300037694.0;1;69;69266;2;1;1.0;1.0;45,77922000;4,88881000;
202300037695.0;1;94;94042;2;1;1.0;2.0;48,81405300;2,46471500;
202300037696.0;1;05;05023;1;1;1.0;2.0;44,88108563;6,62109196;
202300037697.0;1;94;94041;2;1;1.0;6.0;48,80665264;2,39236549;
202300037698.0;1;60;60175;2;3;1.0;3.0;49,25857000;2,48825000;
202300037699.0;5;94;94078;2;2;1.0;3.0;48,73665000;2,44934000;
202300037700.0;1;04;04112;2;3;1.0;2.0;43,83119000;5,79172000;
202300037701.0;1;59;59512;2;2;1.0;3.0;50,69720971;3,16588640;
202300037702.0;1;94;94004;2;2;1.0;1.0;48,74881200;2,51285000;
202300037703.0;1;75;75119;2;1;1.0;3.0;48,89266600;2,39532100;
202300037704.0;1;59;59560;2;1;1.0;6.0;50,55624600;3,05868000;
202300037705.0;1;59;59378;2;1;1.0;6.0;50,66159000;3,07992000;
202300037706.0;2;75;75119;2;1;1.0;2.0;48,89184300;2,39578000;
202300037707.0;5;93;93066;2;2;1.0;3.0;48,94204930;2,36544286;
202300037708.0;3;54;54174;2;1;1.0;6.0;48,68706000;5,84456000;
202300037709.0;5;75;75120;2;4;2.0;6.0;48,86831178;2,41347313;
202300037710.0;1;93;93055;2;1;1.0;3.0;48,90839000;2,39725000;
202300037711.0;1;38;38185;2;2;1.0;6.0;45,18012000;5,70568000;
202300037712.0;5;75;75112;2;1;2.0;5.0;48,83319100;2,40694600;
202300037713.0;5;92;92063;2;1;1.0;6.0;48,88183006;2,18578398;
202300037714.0;1;38;38423;2;1;1.0;2.0;45,21419000;5,68788000;
202300037715.0;1;75;75117;2;1;1.0;2.0;48,90005000;2,32088400;
202300037716.0;1;92;92051;2;3;1.0;2.0;48,89227883;2,26881891;
202300037717.0;1;31;31555;2;1;1.0;2.0;43,61997000;1,45743000;
202300037718.0;3;19;19272;1;1;1.0;6.0;45,26653000;1,74335000;
202300037719.0;1;92;92050;2;9;1.0;3.0;48,88552438;2,19618738;
202300037720.0;1;75;75116;2;1;1.0;5.0;48,87048300;2,27252900;
202300037721.0;1;92;92020;2;9;1.0;7.0;48,79638113;2,27849990;
202300037722.0;3;13;13103;1;1;4.0;3.0;43,68000000;5,09000000;
202300037723.0;1;92;92019;2;1;1.0;3.0;48,76161000;2,28824000;
202300037724.0;1;75;75114;2;4;1.0;5.0;48,81941700;2,32829100;
202300037725.0;5;13;13213;2;9;2.0;3.0;43,31913475;5,45922781;
202300037726.0;3;13;13207;2;1;1.0;1.0;43,29222000;5,36472000;
202300037727.0;1;75;75119;2;1;1.0;3.0;48,89538500;2,39480200;
202300037728.0;1;54;54345;1;2;7.0;3.0;48,59850802;6,25982523;
202300037729.0;5;13;13215;2;1;1.0;1.0;43,35668000;5,35750000;
202300037730.0;1;62;62547;2;1;1.0;6.0;50,46530400;1,84192800;
202300037731.0;1;13;13005;2;3;1.0;3.0;43,31275000;5,57802000;
202300037732.0;5;75;75105;2;3;9.0;5.0;48,84684000;2,36094900;
202300037733.0;1;2A;2A272;1;1;1.0;1.0;41,65292200;8,92885900;
202300037734.0;3;09;09122;1;1;1.0;6.0;42,95277700;1,58389700;
202300037735.0;5;75;75119;2;2;2.0;3.0;48,87964700;2,39958000;
202300037736.0;5;02;02304;2;1;1.0;6.0;49,66183000;3,35224000;
202300037737.0;1;2A;2A189;1;1;1.0;6.0;41,69531500;8,89260600;
202300037738.0;1;62;62245;1;1;1.0;6.0;50,71732700;2,00558900;
202300037739.0;1;83;83126;2;2;1.0;6.0;43,08538000;5,88106000;
202300037740.0;5;75;75117;2;3;1.0;6.0;48,87899900;2,30242300;
202300037741.0;1;86;86111;1;1;1.0;7.0;46,86457500;0,56783300;
202300037742.0;5;974;97409;2;3;2.0;6.0; -20,94205000;55,64743000;
202300037743.0;1;75;75116;2;1;1.0;6.0;48,85783000;2,25024200;
202300037744.0;3;67;67392;1;1;1.0;7.0;48,92644000;7,45626200;
202300037745.0;1;2B;2B037;2;2;2.0;3.0;42,59397000;9,43725000;
202300037746.0;1;75;75116;2;3;1.0;3.0;48,86320400;2,29617600;
202300037747.0;2;49;49174;1;1;1.0;3.0;47,66729500; -0,30633000;
202300037748.0;1;971;97101;1;1;1.0;7.0;16,28012000; -61,49642000;
202300037749.0;5;75;75116;2;2;2.0;3.0;48,86766400;2,25089900;
202300037750.0;1;2A;2A004;2;1;8.0;2.0;41,93431000;8,73800000;
202300037751.0;1;62;62906;2;1;9.0;1.0;50,85815900;2,08377400;
202300037752.0;1;12;12064;1;1;1.0;1.0;44,55699008;2,78305554;
202300037753.0;5;75;75116;2;2;2.0;3.0;48,87493400;2,27110100;
202300037754.0;1;95;95277;2;2;7.0;2.0;48,98859000;2,45876000;
202300037755.0;1;75;75116;2;1;1.0;1.0;48,86976500;2,29210300;
202300037756.0;1;95;95280;2;3;1.0;3.0;49,04190500;2,46765700;
202300037757.0;1;21;21406;1;1;1.0;2.0;47,30751259;4,74206848;
202300037758.0;1;95;95427;2;1;1.0;6.0;48,96298100;2,33417094;
202300037759.0;1;75;75115;2;3;1.0;1.0;48,83210500;2,29342900;
202300037760.0;1;62;62338;1;2;1.0;3.0;50,64275100;2,81975000;
202300037761.0;1;75;75114;2;1;1.0;3.0;48,82175200;2,31793200;
202300037762.0;3;35;35139;1;1;2.0;7.0;47,96742000; -1,69181000;
202300037763.0;1;88;88383;2;9;1.0;6.0;48,01183000;6,60282000;
202300037764.0;3;25;25246;1;1;1.0;6.0;47,40744800;6,45812600;
202300037765.0;2;75;75114;2;1;1.0;3.0;48,82653300;2,31996700;
202300037766.0;1;85;85191;1;1;1.0;1.0;46,68385000; -1,38658000;
202300037767.0;3;62;62031;1;1;1.0;6.0;50,85301907;1,91723835;
202300037768.0;1;75;75113;2;5;1.0;6.0;48,82156300;2,36939300;
202300037769.0;1;54;54593;1;1;1.0;1.0;49,00144300;5,92998900;
202300037770.0;2;83;83137;1;1;1.0;1.0;43,16190433;5,92182451;
202300037771.0;3;22;22032;1;9;1.0;7.0;48,32428000; -2,10679300;
202300037772.0;1;75;75111;2;5;1.0;3.0;48,85846600;2,38940000;
202300037773.0;1;83;83126;2;1;1.0;3.0;43,09869749;5,89035738;
202300037774.0;2;75;75107;2;3;1.0;3.0;48,84738800;2,31819900;
202300037775.0;1;77;77372;2;1;1.0;3.0;48,88851000;2,68458000;
202300037776.0;1;77;77002;1;2;1.0;1.0;48,74064000;3,10921700;
202300037777.0;3;57;57038;1;1;1.0;6.0;49,48380200;5,96554400;
202300037778.0;1;75;75107;2;1;1.0;3.0;48,85507600;2,30671400;
202300037779.0;1;77;77058;2;2;1.0;3.0;48,83913000;2,72143000;
202300037780.0;1;57;57661;1;3;1.0;1.0;49,05555590;7,61902182;
202300037781.0;1;75;75107;2;3;2.0;3.0;48,85627500;2,29292600;
202300037782.0;1;76;76681;1;3;1.0;2.0;49,41662200;1,10781000;
202300037783.0;1;51;51662;2;3;1.0;2.0;49,28964900;4,11933700;
202300037784.0;1;75;75104;2;3;1.0;3.0;48,85730400;2,34990700;
202300037785.0;5;74;74012;2;2;1.0;3.0;46,19732000;6,25245000;
202300037786.0;1;19;19123;2;1;1.0;6.0;45,16494000;1,55533800;
202300037787.0;5;94;94044;2;1;1.0;1.0;48,74914700;2,47474200;
202300037788.0;1;72;72181;2;9;1.0;6.0;47,97800000;0,20900000;
202300037789.0;1;67;67066;1;1;7.0;3.0;48,44733700;7,19617400;
202300037790.0;5;94;94041;2;9;9.0;3.0;48,82149000;2,39386000;
202300037791.0;1;69;69275;2;3;8.0;3.0;45,76935000;4,96739000;
202300037792.0;1;76;76312;2;1;1.0;6.0;49,48172800;1,72424800;
202300037793.0;5;94;94022;2;9;1.0;3.0;48,76146084;2,40325543;
202300037794.0;5;69;69256;2;2;1.0;3.0;45,77864000;4,93047000;
202300037795.0;1;2B;2B327;1;1;2.0;1.0;42,94330000;9,46180300;
202300037796.0;1;64;64189;2;1;1.0;3.0;43,38500000; -1,66400000;
202300037797.0;1;94;94073;2;9;1.0;3.0;48,77385548;2,39921638;
202300037798.0;1;65;65099;1;1;8.0;3.0;42,86616700;0,39999200;
202300037799.0;1;81;81128;1;1;1.0;6.0;43,64314782;2,31954682;
202300037800.0;1;64;64140;2;1;1.0;3.0;43,52845000; -1,47644000;
202300037801.0;2;94;94028;2;1;1.0;6.0;48,77790000;2,46590000;
202300037802.0;1;71;71482;2;1;1.0;6.0;46,83888300;4,33161700;
202300037803.0;1;94;94017;2;1;1.0;6.0;48,81715428;2,49708071;
202300037804.0;1;59;59599;2;2;1.0;3.0;50,73836000;3,14224000;
202300037805.0;3;61;61484;1;1;1.0;6.0;48,31214900;0,72270200;
202300037806.0;1;93;93051;2;2;1.0;6.0;48,84186000;2,56819000;
202300037807.0;1;59;59178;2;6;1.0;3.0;50,38407000;3,06025000;
202300037808.0;3;49;49176;1;1;1.0;1.0;47,66079200; -0,75930100;
202300037809.0;5;93;93046;2;2;1.0;3.0;48,92406000;2,53909000;
202300037810.0;3;56;56260;2;1;1.0;6.0;47,65405000; -2,77343000;
202300037811.0;1;49;49214;2;6;1.0;6.0;47,53642400; -0,62918700;
202300037812.0;2;93;93032;2;3;3.0;6.0;48,89495800;2,54281500;
202300037813.0;5;54;54304;2;2;1.0;3.0;48,69425118;6,13163576;
202300037814.0;1;42;42228;1;2;1.0;1.0;45,56186300;4,09381300;
202300037815.0;1;93;93027;2;1;1.0;3.0;48,92472000;2,40106000;
202300037816.0;1;54;54547;2;1;1.0;2.0;48,66087000;6,18663100;
202300037817.0;1;34;34142;2;1;1.0;6.0;43,73431900;3,31685000;
202300037818.0;5;49;49007;2;1;1.0;6.0;47,46594000; -0,55023000;
202300037819.0;5;93;93007;2;2;1.0;3.0;48,93625749;2,46593031;
202300037820.0;2;93;93005;2;1;1.0;6.0;48,94762300;2,49164900;
202300037821.0;1;22;22203;1;1;1.0;6.0;48,34645200; -2,83917200;
202300037822.0;3;45;45338;1;1;1.0;4.0;47,98704000;2,69767000;
202300037823.0;1;93;93005;2;2;1.0;3.0;48,92776600;2,48816300;
202300037824.0;1;44;44109;2;8;1.0;6.0;47,22710000; -1,51860000;
202300037825.0;1;25;25287;1;1;1.0;2.0;47,20510000;5,89149829;
202300037826.0;3;42;42044;1;1;2.0;6.0;45,40540403;4,33096451;
202300037827.0;1;44;44154;2;6;1.0;3.0;47,24512400; -2,16245600;
202300037828.0;1;92;92076;2;2;1.0;3.0;48,84359072;2,17530392;
202300037829.0;1;37;37122;2;1;2.0;6.0;47,33111000;0,65073000;
202300037830.0;1;29;29264;1;1;1.0;6.0;48,48972399; -4,15607214;
202300037831.0;1;92;92051;2;1;1.0;2.0;48,88296914;2,27547669;
202300037832.0;1;37;37261;2;1;2.0;7.0;47,39466000;0,70472000;
202300037833.0;1;29;29235;2;3;1.0;3.0;48,41011110; -4,39031500;
202300037834.0;1;33;33249;2;1;1.0;6.0;44,86736970; -0,52202493;
202300037835.0;1;92;92050;2;2;1.0;3.0;48,89513954;2,17426993;
202300037836.0;1;01;01066;1;1;1.0;6.0;45,86653600;5,53472200;
202300037837.0;1;92;92036;2;3;1.0;6.0;48,92877851;2,29966201;
202300037838.0;1;33;33167;2;1;1.0;2.0;44,84217000; -0,52077000;
202300037839.0;1;54;54054;1;1;1.0;7.0;48,48596472;6,32972360;
202300037840.0;5;31;31555;1;9;1.0;6.0;43,63608000;1,47770000;
202300037841.0;1;06;06023;1;1;1.0;7.0;43,92924100;7,47559500;
202300037842.0;1;92;92036;2;3;1.0;6.0;48,93378396;2,31337166;
202300037843.0;5;31;31483;2;1;1.0;6.0;43,11075000;0,73745000;
202300037844.0;3;92;92036;2;1;1.0;6.0;48,93228000;2,30456000;
202300037845.0;1;50;50162;1;3;1.0;3.0;49,62016200; -1,53997600;
202300037846.0;1;29;29232;1;1;1.0;2.0;48,02482800; -4,08599900;
202300037847.0;5;92;92035;2;6;1.0;6.0;48,90552923;2,25572544;
202300037848.0;1;50;50410;1;1;1.0;7.0;48,60814500; -1,50465600;
202300037849.0;1;29;29019;2;3;1.0;3.0;48,39812316; -4,47406545;
202300037850.0;1;92;92026;2;2;1.0;6.0;48,90222382;2,23949321;
202300037851.0;1;90;90090;1;1;1.0;1.0;47,46122600;6,94760200;
202300037852.0;3;64;64168;1;1;1.0;6.0;43,47608100; -0,99221300;
202300037853.0;1;17;17300;2;1;1.0;3.0;46,16524800; -1,18590000;
202300037854.0;1;43;43213;1;1;2.0;7.0;45,23665200;4,27853400;
202300037855.0;1;92;92014;2;2;1.0;3.0;48,78310676;2,31518322;
202300037856.0;5;13;13208;2;1;1.0;1.0;43,27361000;5,39854000;
202300037857.0;1;28;28236;2;1;1.0;6.0;48,32812700;0,82281100;
202300037858.0;5;13;13211;2;1;1.0;3.0;43,28525300;5,44056100;
202300037859.0;3;37;37039;1;1;2.0;1.0;47,03180733;1,09612226;
202300037860.0;1;12;12013;2;1;1.0;3.0;44,53044000;2,24274000;
202300037861.0;2;35;35345;1;1;8.0;2.0;48,36228400; -1,90558100;
202300037862.0;1;48;48069;1;1;1.0;6.0;44,19997000;3,49256300;
202300037863.0;5;06;06088;2;1;1.0;3.0;43,68955000;7,24280000;
202300037864.0;1;48;48166;1;1;1.0;6.0;44,26039700;3,62752900;
202300037865.0;1;06;06069;2;9;8.0;3.0;43,65028000;6,91934000;
202300037866.0;1;11;11132;1;1;1.0;1.0;43,13307700;2,70132800;
202300037867.0;1;88;88029;2;1;1.0;6.0;48,00262100;6,26150700;
202300037868.0;1;24;24534;1;1;1.0;6.0;44,74375000;0,40379000;
202300037869.0;3;23;23193;1;1;1.0;2.0;46,15041600;1,90877300;
202300037870.0;5;06;06029;2;3;1.0;3.0;43,55082300;7,00764700;
202300037871.0;1;05;05061;2;1;1.0;6.0;44,56672851;6,09538972;
202300037872.0;3;37;37131;1;2;1.0;3.0;47,46043204;1,01238370;
202300037873.0;1;54;54371;1;1;1.0;5.0;49,20367036;5,94653785;
202300037874.0;1;05;05061;2;1;1.0;6.0;44,55795000;6,06900000;
202300037875.0;1;77;77435;1;1;1.0;7.0;48,48879500;2,51277900;
202300037876.0;5;75;75118;2;1;1.0;2.0;48,90072800;2,36296900;
202300037877.0;3;19;19248;1;1;1.0;2.0;45,43956277;1,51092092;
202300037878.0;1;75;75105;2;4;1.0;6.0;48,84934700;2,35602000;
202300037879.0;1;34;34270;2;1;1.0;1.0;43,57667303;3,84849250;
202300037880.0;1;63;63077;2;1;8.0;1.0;45,57551000;2,91290000;
202300037881.0;1;75;75106;2;7;1.0;2.0;48,84905200;2,33888100;
202300037882.0;1;83;83026;1;1;1.0;1.0;43,44114900;6,22604000;
202300037883.0;1;51;51536;2;1;1.0;6.0;49,19489000;4,14115900;
202300037884.0;1;17;17086;1;2;1.0;3.0;45,74557167; -0,57332947;
202300037885.0;1;75;75116;2;2;1.0;5.0;48,87116300;2,28887100;
202300037886.0;2;2A;2A130;1;1;2.0;1.0;41,88191900;8,96078800;
202300037887.0;1;86;86026;1;2;1.0;3.0;47,07383400;0,16311600;
202300037888.0;5;75;75115;2;2;1.0;3.0;48,84618500;2,29578800;
202300037889.0;3;2A;2A271;1;1;2.0;6.0;41,95316045;8,78856039;
202300037890.0;2;86;86049;1;1;1.0;1.0;46,97171700;0,07658600;
202300037891.0;1;75;75114;2;4;1.0;3.0;48,82773800;2,30550300;
202300037892.0;1;55;55117;1;9;1.0;5.0;49,09519400;5,10212500;
202300037893.0;1;94;94022;2;1;1.0;6.0;48,76697000;2,40476000;
202300037894.0;1;33;33165;2;1;1.0;6.0;44,82296300; -0,44590500;
202300037895.0;1;34;34150;1;1;1.0;1.0;43,32064700;3,53933000;
202300037896.0;1;93;93073;1;1;1.0;3.0;49,00406561;2,57118165;
202300037897.0;1;22;22194;2;1;7.0;6.0;48,66410179; -3,62277925;
202300037898.0;1;85;85019;2;3;1.0;1.0;46,80964700; -1,42213400;
202300037899.0;1;93;93072;2;7;1.0;6.0;48,95220000;2,38187000;
202300037900.0;2;93;93048;2;1;1.0;6.0;48,86922000;2,46274000;
202300037901.0;1;14;14166;1;6;1.0;6.0;49,26550800; -0,31993400;
202300037902.0;1;92;92024;2;1;1.0;3.0;48,90607791;2,30141982;
202300037903.0;1;25;25605;1;2;7.0;3.0;47,11914700;6,30829800;
202300037904.0;1;69;69136;1;1;1.0;7.0;45,62864000;4,73765000;
202300037905.0;1;29;29174;1;1;1.0;2.0;47,90547600; -4,29610200;
202300037906.0;3;18;18117;1;3;1.0;7.0;47,38337200;2,69660200;
202300037907.0;1;13;13001;1;1;1.0;3.0;43,50994494;5,41606512;
202300037908.0;2;16;16382;2;4;2.0;3.0;45,56562300;0,21213600;
202300037909.0;1;972;97210;1;1;1.0;4.0;14,61018600; -60,92657900;
202300037910.0;3;69;69027;1;1;1.0;1.0;45,66579000;4,76161000;
202300037911.0;1;07;07308;1;1;1.0;3.0;45,19570000;4,80113300;
202300037912.0;1;972;97218;1;1;1.0;1.0;14,74926200; -61,10211100;
202300037913.0;1;94;94038;1;1;1.0;4.0;48,79003666;2,34385393;
202300037914.0;1;972;97225;1;1;1.0;4.0;14,76345000; -61,15872100;
202300037915.0;3;53;53175;1;1;3.0;2.0;47,99594200; -0,63787200;
202300037916.0;1;93;93048;1;1;1.0;3.0;48,87086130;2,43145626;
202300037917.0;2;21;21652;2;1;2.0;6.0;47,22095000;4,61565000;
202300037918.0;3;83;83085;1;6;1.0;7.0;43,48344200;6,50914200;
202300037919.0;1;95;95277;1;1;1.0;6.0;48,97399752;2,48805982;
202300037920.0;1;24;24098;1;1;3.0;1.0;45,23596100;0,72539800;
202300037921.0;1;86;86165;2;6;1.0;3.0;46,42687100;0,85928800;
202300037922.0;1;04;04116;2;2;7.0;6.0;44,03245200;5,98456600;
202300037923.0;1;95;95500;1;1;1.0;4.0;49,03691139;2,09293842;
202300037924.0;3;51;51090;1;1;1.0;2.0;48,77418400;3,86597700;
202300037925.0;1;85;85143;1;1;8.0;6.0;46,52358600; -0,74994000;
202300037926.0;1;51;51333;1;1;1.0;1.0;49,14467800;4,09766400;
202300037927.0;1;92;92036;1;1;1.0;4.0;48,93668671;2,31810600;
202300037928.0;1;37;37050;2;1;1.0;2.0;47,33698800;0,69685000;
202300037929.0;1;77;77242;1;2;6.0;5.0;48,48706000;3,21238500;
202300037930.0;2;30;30075;2;6;7.0;3.0;43,82194200;4,26139700;
202300037931.0;1;75;75110;2;3;2.0;1.0;48,87614000;2,35828900;
202300037932.0;1;77;77294;1;1;1.0;2.0;48,96571600;2,60738500;
202300037933.0;1;2B;2B123;2;1;1.0;1.0;42,01951200;9,40865400;
202300037934.0;1;67;67205;1;1;7.0;2.0;48,67798800;7,79050100;
202300037935.0;1;75;75104;2;2;1.0;6.0;48,85183100;2,35655400;
202300037936.0;1;976;97611;2;1;1.0;6.0; -12,76716000;45,22466000;
202300037937.0;3;68;68300;1;1;1.0;6.0;47,77990000;7,40143800;
202300037938.0;1;2B;2B318;1;9;3.0;1.0;42,43812200;9,50613000;
202300037939.0;1;75;75104;2;2;2.0;3.0;48,84950400;2,36564200;
202300037940.0;1;974;97416;1;1;1.0;6.0; -21,25931459;55,48372507;
202300037941.0;1;38;38013;1;1;1.0;7.0;45,38536300;5,49822000;
202300037942.0;1;63;63241;1;1;1.0;7.0;45,62298200;3,20638800;
202300037943.0;1;75;75104;2;9;2.0;3.0;48,85415500;2,35471500;
202300037944.0;1;974;97411;2;1;1.0;2.0; -20,89817000;55,47533000;
202300037945.0;1;34;34317;1;1;1.0;6.0;43,78157400;3,46346400;
202300037946.0;1;973;97302;2;6;2.0;7.0;4,93315000; -52,31286000;
202300037947.0;2;95;95604;2;1;2.0;6.0;49,09992236;2,54329205;
202300037948.0;5;94;94081;2;6;2.0;3.0;48,78323000;2,40754000;
202300037949.0;1;68;68075;2;9;1.0;3.0;47,53180600;7,34020300;
202300037950.0;1;38;38316;2;1;1.0;3.0;45,75487300;5,17030100;
202300037951.0;3;973;97302;2;2;1.0;3.0;4,93050890; -52,32232194;
202300037952.0;5;94;94041;2;2;1.0;1.0;48,81806242;2,39792114;
202300037953.0;1;22;22079;1;1;1.0;3.0;48,39716416; -2,62604088;
202300037954.0;1;988;98831;1;1;1.0;7.0; -20,99034100;164,72518400;
202300037955.0;5;69;69383;2;1;1.0;6.0;45,76059000;4,84116000;
202300037956.0;1;94;94034;2;1;1.0;2.0;48,76269000;2,31820000;
202300037957.0;2;69;69387;2;2;8.0;7.0;45,73148000;4,82992000;
202300037958.0;1;13;13088;1;4;8.0;3.0;43,36001700;5,23074700;
202300037959.0;1;39;39252;1;2;1.0;1.0;47,04451000;5,44598900;
202300037960.0;5;94;94079;2;1;1.0;1.0;48,81894800;2,53930200;
202300037961.0;3;44;44015;2;1;1.0;7.0;47,43253600; -1,70637800;
202300037962.0;1;30;30155;2;1;1.0;2.0;43,81575400;4,46496600;
202300037963.0;1;69;69389;2;3;1.0;3.0;45,78393000;4,80816000;
202300037964.0;2;93;93039;2;2;3.0;3.0;48,93579000;2,34082800;
202300037965.0;1;34;34009;1;2;1.0;5.0;43,47138282;3,37583223;
202300037966.0;1;29;29220;1;1;1.0;5.0;47,88041200; -4,22110500;
202300037967.0;1;69;69389;2;1;1.0;2.0;45,77380000;4,80936000;
202300037968.0;1;83;83115;2;1;7.0;6.0;43,30670100;6,64088700;
202300037969.0;4;93;93048;2;1;2.0;2.0;48,87450317;2,44878253;
202300037970.0;5;38;38070;2;6;1.0;7.0;45,28018200;5,93060600;
202300037971.0;1;2B;2B033;2;1;8.0;6.0;42,68526000;9,44520000;
202300037972.0;1;13;13095;1;1;1.0;3.0;43,53521800;5,47895400;
202300037973.0;1;14;14326;1;1;1.0;1.0;49,17746900;0,29761600;
202300037974.0;1;64;64257;1;1;4.0;6.0;43,15131100; -0,31474000;
202300037975.0;1;971;97113;2;1;1.0;2.0;16,21809000; -61,49941000;
202300037976.0;1;81;81105;1;2;1.0;3.0;43,77781440;1,98203400;
202300037977.0;5;93;93010;2;1;1.0;2.0;48,89964000;2,48239000;
202300037978.0;1;93;93005;1;1;2.0;6.0;48,95154000;2,48195000;
202300037979.0;3;85;85226;1;4;3.0;1.0;46,74871600; -1,98368100;
202300037980.0;1;43;43268;1;1;9.0;4.0;45,13672100;4,10103300;
202300037981.0;1;95;95585;2;1;1.0;3.0;48,97779500;2,36998200;
202300037982.0;1;50;50361;1;2;3.0;3.0;48,78408800; -1,35211200;
202300037983.0;3;44;44047;1;1;2.0;1.0;47,24726900; -1,65760690;
202300037984.0;3;10;10112;2;1;1.0;6.0;47,95989581;4,02132243;
202300037985.0;1;24;24295;1;1;1.0;1.0;45,15069000;0,57982400;
202300037986.0;1;95;95014;1;3;1.0;3.0;49,01179000;2,30491000;
202300037987.0;1;04;04176;2;1;1.0;1.0;43,75521000;6,14058500;
202300037988.0;2;27;27611;1;4;2.0;4.0;49,07716200;1,24650800;
202300037989.0;1;44;44002;2;1;8.0;1.0;47,08010100; -1,40917100;
202300037990.0;1;85;85128;1;6;8.0;3.0;46,46130100; -1,12919900;
202300037991.0;3;60;60395;2;1;1.0;3.0;49,21812300;2,12915100;
202300037992.0;1;95;95197;2;8;1.0;3.0;48,97522428;2,33701140;
202300037993.0;3;972;97231;2;1;1.0;1.0;14,52270900; -61,04134800;
202300037994.0;3;80;80625;1;1;2.0;7.0;49,72333500;2,56031300;
202300037995.0;1;28;28176;1;2;1.0;3.0;48,21758200;1,49276700;
202300037996.0;1;55;55400;1;1;1.0;2.0;49,15476600;5,73312500;
202300037997.0;1;91;91425;1;9;1.0;1.0;48,64443700;2,28140200;
202300037998.0;1;59;59035;2;1;1.0;6.0;50,11939000;3,94937100;
202300037999.0;2;28;28147;1;2;1.0;3.0;48,53340200;1,24072600;
202300038000.0;5;13;13202;2;1;1.0;2.0;43,30853531;5,36644936;
202300038001.0;5;91;91377;2;1;1.0;7.0;48,72921000;2,27775000;
202300038002.0;1;988;98811;2;2;1.0;1.0; -21,05900600;164,85585600;
202300038003.0;1;13;13215;1;1;1.0;2.0;43,37977000;5,35402000;
202300038004.0;1;22;22389;1;1;1.0;5.0;48,47925000; -2,66702800;
202300038005.0;1;91;91201;2;1;1.0;2.0;48,68710700;2,39963800;
202300038006.0;3;83;83090;1;1;1.0;3.0;43,12528073;5,87485416;
202300038007.0;3;67;67535;1;1;1.0;1.0;48,90817100;7,42522900;
202300038008.0;1;91;91479;2;3;1.0;2.0;48,71137000;2,35905000;
202300038009.0;1;84;84071;1;2;1.0;3.0;43,85966600;5,14420300;
202300038010.0;3;03;03286;1;1;1.0;6.0;46,50302705;3,35708578;
202300038011.0;1;91;91223;2;1;1.0;7.0;48,43185000;2,15485000;
202300038012.0;2;83;83090;1;1;1.0;4.0;43,12418712;5,87165720;
202300038013.0;1;83;83144;1;1;1.0;6.0;43,13380137;5,98617217;
202300038014.0;1;60;60176;2;1;1.0;6.0;49,22704900;2,89519800;
202300038015.0;1;91;91223;2;1;1.0;3.0;48,44094000;2,15040000;
202300038016.0;1;29;29124;2;6;1.0;3.0;48,58581300; -4,31542800;
202300038017.0;2;65;65156;1;1;1.0;7.0;43,32024500;0,12514100;
202300038018.0;3;69;69282;1;1;1.0;1.0;45,75512000;5,02725000;
202300038019.0;1;87;87085;2;3;1.0;6.0;45,82869000;1,25608000;
202300038020.0;3;59;59228;1;1;1.0;3.0;50,33797600;3,08559200;
202300038021.0;1;12;12077;1;1;1.0;2.0;43,93129600;3,23371400;
202300038022.0;1;69;69266;1;1;2.0;2.0;45,77124000;4,90202000;
202300038023.0;1;85;85194;2;1;1.0;3.0;46,51408100; -1,78330400;
202300038024.0;3;83;83027;1;1;1.0;2.0;43,17174674;5,77016235;
202300038025.0;1;37;37141;1;1;2.0;6.0;47,28604145;1,07365608;
202300038026.0;3;54;54304;1;1;3.0;2.0;48,67137160;6,12206697;
202300038027.0;2;57;57712;1;1;5.0;6.0;48,77804400;6,50650300;
202300038028.0;1;78;78481;2;1;1.0;2.0;48,89681000;2,10697000;
202300038029.0;1;33;33063;1;1;1.0;2.0;44,88180277; -0,54693460;
202300038030.0;3;54;54265;1;1;1.0;6.0;48,64151000;6,18085000;
202300038031.0;5;33;33249;1;1;2.0;7.0;44,87248188; -0,50612748;
202300038032.0;3;78;78029;1;1;1.0;3.0;48,96807000;1,85784000;
202300038033.0;1;78;78217;2;4;1.0;2.0;48,96998000;1,83253000;
202300038034.0;2;56;56057;1;1;1.0;5.0;48,02005400; -3,47378400;
202300038035.0;5;33;33096;1;1;2.0;3.0;44,89221000; -0,50099000;
202300038036.0;3;95;95241;1;1;1.0;4.0;49,04558887;2,44667782;
202300038037.0;1;77;77468;2;2;1.0;1.0;48,85062000;2,65795000;