Num_Acc;lum;departement;commune;agglomeration;intersection;meteo;type_collision;lat;long;date
202300038038.0;1;56;56078;1;2;1.0;1.0;47,79493000; -3,50902700;
202300038039.0;1;94;94033;1;1;1.0;2.0;48,85806851;2,48816509;
202300038040.0;1;76;76540;2;1;1.0;2.0;49,44759000;1,13214000;
202300038041.0;1;65;65389;2;1;1.0;6.0;43,07268500;0,48554400;
202300038042.0;1;33;33122;1;1;1.0;5.0;44,74330000; -0,70623000;
202300038043.0;1;65;65235;2;1;1.0;2.0;43,19481500;0,02773400;
202300038044.0;5;94;94018;1;1;1.0;2.0;48,82397290;2,39430684;
202300038045.0;1;76;76351;2;2;1.0;6.0;49,49475000;0,10641000;
202300038046.0;5;33;33249;1;9;2.0;2.0;44,87887590; -0,52812159;
202300038047.0;5;75;75117;2;1;1.0;4.0;48,88819800;2,29236500;
202300038048.0;1;11;11217;1;1;1.0;1.0;43,23366600;2,92635400;
202300038049.0;1;91;91136;1;1;1.0;5.0;48,71434000;2,27235000;
202300038050.0;1;71;71463;1;1;1.0;6.0;46,23446300;4,26278100;
202300038051.0;1;75;75120;2;3;8.0;6.0;48,87253200;2,37855500;
202300038052.0;1;72;72181;2;1;1.0;5.0;47,97681000;0,23313000;
202300038053.0;1;91;91339;1;1;1.0;5.0;48,62303000;2,26980000;
202300038054.0;5;75;75116;2;4;1.0;3.0;48,85709700;2,27347600;
202300038055.0;1;72;72181;2;9;1.0;6.0;48,00563000;0,20106000;
202300038056.0;5;42;42288;2;1;1.0;3.0;45,75346200;3,98324100;
202300038057.0;5;78;78140;1;1;1.0;6.0;48,96077300;1,93054500;
202300038058.0;1;75;75116;2;1;1.0;2.0;48,85942800;2,22936400;
202300038059.0;1;69;69029;2;1;1.0;6.0;45,72858000;4,88719000;
202300038060.0;5;92;92064;1;1;1.0;6.0;48,83978582;2,21939340;
202300038061.0;1;47;47138;1;1;1.0;2.0;44,26116968;0,74047359;
202300038062.0;1;75;75116;2;1;1.0;3.0;48,87669600;2,27327200;
202300038063.0;1;67;67482;2;3;1.0;1.0;48,59610000;7,78917000;
202300038064.0;3;95;95277;1;1;1.0;5.0;48,97726000;2,47194000;
202300038065.0;1;68;68215;2;1;1.0;7.0;47,61926200;7,02229700;
202300038066.0;1;75;75115;2;2;1.0;6.0;48,83598000;2,27826000;
202300038067.0;1;39;39217;1;1;1.0;6.0;46,70827200;5,53573600;
202300038068.0;1;67;67482;2;2;1.0;6.0;48,57826000;7,74963000;
202300038069.0;3;93;93066;1;1;1.0;5.0;48,90441000;2,35824000;
202300038070.0;1;75;75114;2;2;1.0;2.0;48,82490300;2,31839300;
202300038071.0;1;67;67482;2;1;1.0;3.0;48,58215000;7,75782000;
202300038072.0;1;75;75112;2;3;1.0;6.0;48,83480800;2,40564100;
202300038073.0;2;95;95424;1;1;1.0;3.0;48,99132307;2,19141748;
202300038074.0;1;44;44029;2;1;1.0;1.0;47,27981100; -1,38861700;
202300038075.0;1;67;67482;2;1;8.0;3.0;48,58592200;7,74326900;
202300038076.0;1;94;94081;2;1;1.0;6.0;48,79213000;2,39352000;
202300038077.0;2;92;92036;2;1;1.0;3.0;48,94920532;2,28069842;
202300038078.0;1;64;64189;2;1;1.0;2.0;43,37955000; -1,66942000;
202300038079.0;5;34;34154;2;5;1.0;3.0;43,54873500;3,97991500;
202300038080.0;1;94;94076;2;4;1.0;3.0;48,80108000;2,36525000;
202300038081.0;3;93;93078;1;1;1.0;5.0;48,96358000;2,52151000;
202300038082.0;1;61;61117;1;1;1.0;2.0;48,43570000;0,03211000;
202300038083.0;2;29;29158;1;1;1.0;7.0;47,81378500; -4,34833800;
202300038084.0;5;94;94041;2;1;1.0;6.0;48,81231000;2,37075000;
202300038085.0;3;95;95678;1;1;1.0;7.0;49,07307000;2,23774000;
202300038086.0;1;31;31426;2;1;1.0;7.0;43,08067900;0,60634000;
202300038087.0;1;59;59599;2;1;1.0;6.0;50,73193600;3,14182500;
202300038088.0;1;95;95028;1;1;1.0;2.0;49,06147000;2,36001000;
202300038089.0;5;94;94077;2;1;1.0;5.0;48,73159000;2,40602000;
202300038090.0;1;31;31585;1;1;1.0;1.0;43,11641300;0,64819300;
202300038091.0;1;59;59512;2;5;1.0;3.0;50,69231900;3,18479500;
202300038092.0;3;77;77181;1;1;1.0;2.0;48,83080044;2,69269565;
202300038093.0;1;72;72048;1;1;1.0;3.0;48,16292244;0,40820360;
202300038094.0;4;94;94015;1;1;2.0;5.0;48,82928864;2,52841632;
202300038095.0;1;93;93048;2;2;1.0;3.0;48,87626000;2,45610000;
202300038096.0;1;50;50484;2;2;8.0;6.0;48,57745000; -1,09320900;
202300038097.0;1;59;59527;2;3;1.0;3.0;50,66284000;3,05713000;
202300038098.0;5;92;92073;2;1;1.0;3.0;48,86022718;2,22458303;
202300038099.0;1;14;14654;1;1;1.0;1.0;49,02301100; -0,04916000;
202300038100.0;1;09;09103;2;4;3.0;3.0;43,01241200;1,60803800;
202300038101.0;1;57;57306;2;1;1.0;6.0;49,32712186;6,05781198;
202300038102.0;1;92;92064;2;2;1.0;3.0;48,84665000;2,22353000;
202300038103.0;1;14;14480;1;1;1.0;2.0;49,32722000; -1,07846300;
202300038104.0;1;974;97415;2;1;1.0;6.0; -21,01422500;55,27353600;
202300038105.0;1;54;54403;2;8;1.0;3.0;48,93287000;6,03911000;
202300038106.0;1;50;50066;2;1;1.0;6.0;48,81463000; -1,56873000;
202300038107.0;5;45;45234;1;1;2.0;1.0;47,84919380;1,94327921;
202300038108.0;2;17;17315;2;4;1.0;3.0;46,13535200; -1,00853700;
202300038109.0;1;64;64339;2;1;1.0;7.0;43,12682500; -0,20758200;
202300038110.0;1;50;50147;2;1;1.0;2.0;49,05860000; -1,43618000;
202300038111.0;1;54;54526;1;1;1.0;6.0;48,68306000;6,22077000;
202300038112.0;3;972;97210;1;1;1.0;1.0;14,61139800; -60,89793600;
202300038113.0;1;43;43051;1;1;1.0;7.0;45,02710200;4,30321300;
202300038114.0;5;67;67460;2;1;3.0;6.0;48,75482700;7,59118800;
202300038115.0;1;54;54395;2;2;1.0;6.0;48,69270000;6,18991000;
202300038116.0;4;27;27229;2;1;1.0;2.0;49,03550200;1,15622000;
202300038117.0;1;16;16065;1;1;1.0;7.0;46,05380100;0,78723600;
202300038118.0;1;35;35124;1;1;1.0;5.0;47,76224000; -1,71156000;
202300038119.0;1;54;54526;2;2;1.0;3.0;48,68355528;6,22092247;
202300038120.0;1;04;04018;1;1;1.0;1.0;44,02156700;5,64167300;
202300038121.0;5;51;51436;2;4;1.0;7.0;48,85828100;4,48295300;
202300038122.0;1;50;50129;2;1;1.0;4.0;49,64417000; -1,59956000;
202300038123.0;1;49;49328;2;6;1.0;3.0;47,26718000; -0,06994000;
202300038124.0;3;56;56221;1;4;1.0;7.0;47,67111700; -2,21305800;
202300038125.0;1;10;10045;1;1;2.0;2.0;48,17019300;4,47324900;
202300038126.0;1;49;49099;2;3;1.0;3.0;47,06561000; -0,87068000;
202300038127.0;1;13;13069;2;6;1.0;3.0;43,63330400;5,16719000;
202300038128.0;1;49;49099;2;5;1.0;6.0;47,06740000; -0,88471000;
202300038129.0;3;71;71137;1;1;1.0;1.0;46,41182500;4,65912600;
202300038130.0;3;61;61493;2;1;1.0;7.0;48,79800200;0,37305800;
202300038131.0;1;49;49353;2;3;1.0;7.0;47,44120000; -0,49110000;
202300038132.0;1;82;82087;1;9;1.0;3.0;44,15248200;1,21740100;
202300038133.0;1;34;34300;1;1;1.0;7.0;43,41300700;3,32443300;
202300038134.0;1;49;49020;2;3;1.0;3.0;47,47405000; -0,60472000;
202300038135.0;1;49;49007;2;1;1.0;3.0;47,46486000; -0,55414000;
202300038136.0;1;39;39373;1;1;1.0;3.0;46,32277500;5,89698100;
202300038137.0;1;34;34172;1;1;1.0;4.0;43,60289500;3,92520900;
202300038138.0;1;49;49353;2;3;1.0;6.0;47,45413000; -0,50907000;
202300038139.0;3;29;29150;2;1;1.0;6.0;47,80793800; -3,63893200;
202300038140.0;1;29;29148;1;1;2.0;6.0;48,61867600; -4,07517700;
202300038141.0;3;25;25349;1;2;1.0;3.0;47,16271400;6,47247100;
202300038142.0;3;29;29224;1;1;1.0;1.0;48,02896500; -4,30206500;
202300038143.0;1;987;98733;2;1;1.0;7.0; -17,69600000; -149,54800000;
202300038144.0;3;15;15265;1;1;1.0;7.0;45,35715500;2,45797600;
202300038145.0;3;988;98814;1;1;1.0;7.0; -20,76408000;167,14366000;
202300038146.0;3;58;58147;2;1;1.0;6.0;47,16252500;3,38531500;
202300038147.0;5;45;45148;2;2;1.0;3.0;48,10305400;2,77489000;
202300038148.0;3;988;98827;1;3;1.0;6.0; -21,32443900;165,15207400;
202300038149.0;3;64;64269;1;1;1.0;2.0;43,29127100; -0,27788800;
202300038150.0;3;16;16419;1;1;1.0;6.0;45,80883500;0,07825600;
202300038151.0;3;971;97118;1;1;1.0;6.0;16,20045722; -61,60613537;
202300038152.0;1;40;40161;1;1;1.0;6.0;44,13204900;0,01798200;
202300038153.0;3;85;85021;1;1;2.0;7.0;47,04435000; -1,25656100;
202300038154.0;1;971;97115;2;2;1.0;3.0;16,27729100; -61,66386200;
202300038155.0;3;85;85089;2;1;1.0;6.0;46,71175000; -1,31528000;
202300038156.0;3;77;77277;1;1;3.0;2.0;48,71931000;2,86891200;
202300038157.0;1;30;30095;2;6;1.0;7.0;43,87167900;3,94293300;
202300038158.0;2;08;08086;1;1;1.0;6.0;49,40134625;4,87802852;
202300038159.0;1;2A;2A041;2;1;1.0;2.0;41,38806200;9,15910500;
202300038160.0;1;08;08092;1;1;1.0;6.0;49,34998200;4,44598700;
202300038161.0;1;66;66037;2;1;1.0;6.0;42,70412600;3,02121100;
202300038162.0;5;38;38193;2;1;3.0;6.0;45,61466000;5,22456800;
202300038163.0;1;84;84136;2;1;1.0;1.0;44,14572800;4,98183600;
202300038164.0;1;38;38485;2;3;1.0;3.0;45,18030900;5,69783300;
202300038165.0;1;13;13073;1;1;1.0;1.0;43,39588800;5,57972400;
202300038166.0;1;21;21590;1;1;1.0;7.0;47,07911625;4,76321248;
202300038167.0;2;13;13097;1;1;1.0;7.0;43,57603800;4,77853800;
202300038168.0;1;45;45244;2;7;1.0;6.0;47,76997900;2,47504100;
202300038169.0;1;13;13059;1;1;1.0;1.0;43,64480200;5,49616800;
202300038170.0;5;91;91546;2;1;1.0;6.0;48,57334900;2,03041600;
202300038171.0;1;83;83047;1;1;1.0;3.0;43,11552600;6,05716800;
202300038172.0;1;88;88196;2;9;1.0;1.0;48,07784200;6,88597100;
202300038173.0;5;83;83099;2;6;1.0;6.0;43,44558400;6,69812500;
202300038174.0;1;13;13100;2;3;1.0;2.0;43,78444100;4,89025700;
202300038175.0;1;03;03298;1;1;1.0;1.0;46,32354900;3,36887600;
202300038176.0;1;03;03200;1;1;6.0;6.0;46,55682000;3,29876300;
202300038177.0;1;73;73123;1;1;1.0;7.0;45,86631669;6,48950368;
202300038178.0;1;38;38215;2;3;1.0;7.0;45,58946200;4,95843900;
202300038179.0;1;01;01043;2;1;1.0;6.0;45,83281500;5,00847200;
202300038180.0;2;44;44209;2;1;1.0;3.0;47,29564726; -1,61117077;
202300038181.0;3;38;38565;2;1;1.0;6.0;45,26340200;5,65657000;
202300038182.0;1;93;93050;2;3;1.0;6.0;48,86359000;2,52636000;
202300038183.0;1;79;79049;1;2;1.0;3.0;46,89162500; -0,49511400;
202300038184.0;1;93;93049;2;1;1.0;6.0;48,85768100;2,50079100;
202300038185.0;1;69;69090;1;2;1.0;3.0;45,92807349;4,64460925;
202300038186.0;1;22;22272;2;9;2.0;6.0;48,55617600; -3,10461700;
202300038187.0;1;93;93031;2;1;1.0;3.0;48,94813000;2,33156000;
202300038188.0;1;60;60619;1;9;1.0;2.0;49,11500848;2,77452421;
202300038189.0;1;40;40246;1;2;1.0;2.0;44,15048100; -0,83281500;
202300038190.0;1;93;93014;2;3;1.0;3.0;48,90331314;2,55091247;
202300038191.0;3;60;60045;1;6;1.0;3.0;49,21681200;2,67928000;
202300038192.0;1;92;92033;2;1;1.0;3.0;48,84023127;2,19265267;
202300038193.0;1;85;85035;2;3;1.0;1.0;46,62346500; -1,86849700;
202300038194.0;3;62;62714;1;4;1.0;5.0;50,33082274;2,77693301;
202300038195.0;1;92;92063;2;1;1.0;3.0;48,88646000;2,16904000;
202300038196.0;3;59;59055;2;1;1.0;6.0;50,09337700;3,58420400;
202300038197.0;1;13;13056;1;1;1.0;7.0;43,40746000;5,03603000;
202300038198.0;1;72;72264;1;1;1.0;3.0;47,86813500; -0,33795800;
202300038199.0;1;92;92026;2;2;1.0;3.0;48,90040439;2,26077855;
202300038200.0;1;69;69115;1;1;1.0;3.0;45,96720000;4,72650000;
202300038201.0;2;35;35347;1;1;2.0;6.0;48,21214800; -1,25019900;
202300038202.0;1;92;92012;2;1;1.0;6.0;48,83416260;2,24258512;
202300038203.0;1;69;69275;1;1;1.0;4.0;45,77722100;4,97437136;
202300038204.0;1;92;92014;2;1;1.0;3.0;48,77951057;2,31537625;
202300038205.0;3;974;97416;1;9;1.0;6.0; -21,30470000;55,42780000;
202300038206.0;1;67;67447;1;1;1.0;3.0;48,60131000;7,73403000;
202300038207.0;2;60;60318;1;1;7.0;2.0;49,34461924;2,63065367;
202300038208.0;1;974;97416;1;1;1.0;7.0; -21,30330241;55,50039232;
202300038209.0;3;33;33448;1;1;1.0;2.0;44,71236239; -0,51560640;
202300038210.0;3;60;60590;1;1;1.0;6.0;49,53538900;2,00032700;
202300038211.0;3;91;91689;1;1;1.0;2.0;48,72904000;2,30632000;
202300038212.0;3;60;60609;1;1;1.0;6.0;49,45828500;1,97262500;
202300038213.0;3;91;91689;1;1;1.0;7.0;48,73850000;2,31912700;
202300038214.0;1;80;80047;1;1;9.0;2.0;50,03644200;2,65555900;
202300038215.0;1;974;97411;2;2;1.0;3.0; -20,88168000;55,45690000;
202300038216.0;1;50;50117;1;1;1.0;7.0;48,73433900; -1,53284500;
202300038217.0;3;78;78291;1;1;1.0;2.0;48,96939500;1,73678300;
202300038218.0;1;37;37010;1;1;1.0;6.0;47,55694200;0,95891700;
202300038219.0;3;92;92036;1;1;1.0;2.0;48,93699329;2,29326176;
202300038220.0;4;974;97411;2;1;1.0;2.0; -20,88338000;55,46538000;
202300038221.0;1;54;54456;2;1;1.0;6.0;48,70307800;6,38703200;
202300038222.0;1;14;14656;1;1;7.0;1.0;48,93103000; -0,49882400;
202300038223.0;3;95;95582;1;1;1.0;6.0;48,96418169;2,26854107;
202300038224.0;1;69;69388;2;1;1.0;6.0;45,73473520;4,87449901;
202300038225.0;1;2A;2A186;1;1;1.0;6.0;41,83793100;9,09565000;
202300038226.0;1;26;26294;1;1;7.0;6.0;45,08103600;4,97067000;
202300038227.0;1;69;69383;2;1;1.0;3.0;45,75925470;4,84093628;
202300038228.0;1;972;97209;1;1;2.0;7.0;14,61246000; -61,06541000;
202300038229.0;1;66;66190;1;1;1.0;3.0;42,85128435;2,93420792;
202300038230.0;3;69;69384;2;1;1.0;7.0;45,78492265;4,81559822;
202300038231.0;5;66;66144;1;1;1.0;2.0;42,64422951;2,86090851;
202300038232.0;1;971;97120;2;9;1.0;3.0;16,24447192; -61,54143780;
202300038233.0;3;11;11195;1;9;1.0;2.0;43,27113200;2,00285100;
202300038234.0;1;2A;2A004;2;1;1.0;6.0;41,92663000;8,72916000;
202300038235.0;1;31;31082;1;4;1.0;5.0;43,59534200;1,70324600;
202300038236.0;5;91;91377;2;3;1.0;7.0;48,71718000;2,29495000;
202300038237.0;5;01;01143;2;1;1.0;6.0;46,34712000;6,14892100;
202300038238.0;1;91;91657;2;1;1.0;6.0;48,70602900;2,42331800;
202300038239.0;1;67;67190;1;1;9.0;1.0;48,67183400;7,32650800;
202300038240.0;1;77;77131;2;9;1.0;6.0;48,80274000;3,09604000;
202300038241.0;1;22;22206;1;1;1.0;6.0;48,53023000; -2,96423000;
202300038242.0;1;77;77042;2;2;1.0;3.0;48,82272600;3,13724700;
202300038243.0;1;76;76217;2;1;1.0;6.0;49,92562000;1,09957000;
202300038244.0;1;14;14061;1;1;7.0;4.0;48,90983600; -0,92873100;
202300038245.0;1;74;74281;2;3;1.0;3.0;46,35458000;6,44525000;
202300038246.0;5;74;74231;1;3;1.0;3.0;45,93441600;5,95246600;
202300038247.0;1;74;74012;2;3;1.0;1.0;46,19747000;6,23848000;
202300038248.0;1;59;59641;1;1;1.0;7.0;50,96185300;2,49867100;
202300038249.0;1;68;68315;1;1;1.0;7.0;47,85982200;7,13489100;
202300038250.0;1;72;72181;2;1;1.0;7.0;47,95515000;0,22603000;
202300038251.0;1;48;48002;1;1;1.0;6.0;44,85109200;3,25629300;
202300038252.0;1;71;71270;2;1;1.0;6.0;46,31663000;4,83904000;
202300038253.0;1;70;70550;2;1;1.0;1.0;47,61990000;6,15477000;
202300038254.0;1;36;36150;1;2;1.0;3.0;46,44419300;1,48124500;
202300038255.0;1;41;41171;1;1;1.0;7.0;47,80099800;1,23534000;
202300038256.0;5;69;69029;2;2;1.0;3.0;45,73892000;4,92596000;
202300038257.0;1;30;30338;1;1;1.0;7.0;44,13688500;4,35582200;
202300038258.0;5;64;64102;2;7;1.0;2.0;43,49255000; -1,47360000;
202300038259.0;2;62;62216;1;1;1.0;7.0;50,20963925;2,58311900;
202300038260.0;1;40;40246;1;1;1.0;1.0;44,13497500; -0,71299600;
202300038261.0;1;64;64024;2;9;1.0;1.0;43,51171544; -1,52746654;
202300038262.0;1;51;51139;1;1;1.0;7.0;49,10315600;4,86505500;
202300038263.0;2;51;51171;1;1;1.0;2.0;49,39224100;3,90580100;
202300038264.0;1;62;62617;2;3;1.0;3.0;50,46604000;2,66592000;
202300038265.0;3;62;62479;1;1;1.0;7.0;50,52590357;2,58749735;
202300038266.0;1;19;19093;1;1;1.0;3.0;45,08679300;1,53896600;
202300038267.0;1;56;56159;1;2;1.0;6.0;47,76716300; -2,37890500;
202300038268.0;1;59;59328;2;9;1.0;3.0;50,64804300;3,02735400;
202300038269.0;1;56;56089;1;1;1.0;1.0;47,96619200; -3,27363600;
202300038270.0;1;59;59220;1;1;1.0;3.0;50,58449700;3,08482800;
202300038271.0;1;31;31150;2;1;1.0;7.0;43,65996300;1,32465500;
202300038272.0;5;59;59122;2;6;5.0;6.0;50,14950000;3,22020400;
202300038273.0;1;80;80639;2;3;1.0;3.0;49,94826500;2,30985400;
202300038274.0;5;57;57660;2;4;1.0;3.0;49,20939000;6,93413000;
202300038275.0;1;51;51454;2;1;1.0;7.0;49,22584000;4,02381000;
202300038276.0;1;80;80639;2;1;1.0;3.0;49,95075300;2,30744700;
202300038277.0;1;51;51454;2;1;1.0;2.0;49,23774000;4,03000000;
202300038278.0;1;65;65450;1;1;1.0;7.0;42,79884900;0,28560200;
202300038279.0;1;65;65258;1;1;1.0;6.0;43,15051900;0,39430600;
202300038280.0;1;81;81182;1;1;1.0;6.0;43,74000300;2,31565800;
202300038281.0;1;50;50129;2;4;1.0;2.0;49,65616000; -1,65333000;
202300038282.0;1;50;50129;2;1;1.0;3.0;49,61711000; -1,59749000;
202300038283.0;5;45;45285;2;1;1.0;3.0;47,90592000;1,86934000;
202300038284.0;2;71;71484;1;3;1.0;3.0;46,70087000;5,26236500;
202300038285.0;1;43;43002;2;6;1.0;6.0;45,05074000;3,88242000;
202300038286.0;1;71;71346;2;1;1.0;5.0;46,61337300;4,21938300;
202300038287.0;1;37;37261;2;1;1.0;6.0;47,38701000;0,66738000;
202300038288.0;1;34;34301;2;3;1.0;1.0;43,41191300;3,68118900;
202300038289.0;1;71;71535;1;2;1.0;3.0;47,00418200;4,20596900;
202300038290.0;1;33;33529;1;9;1.0;3.0;44,61249000; -1,11552000;
202300038291.0;2;61;61405;1;1;1.0;6.0;48,28354900;0,72525800;
202300038292.0;1;26;26064;2;3;1.0;6.0;44,92616100;4,94109300;
202300038293.0;1;17;17300;2;1;1.0;6.0;46,16047000; -1,19166000;
202300038294.0;1;94;94073;1;1;2.0;6.0;48,75477000;2,38486000;
202300038295.0;3;17;17300;1;1;1.0;7.0;46,17212000; -1,18833000;
202300038296.0;3;49;49002;1;3;1.0;7.0;47,30045300; -0,00706500;
202300038297.0;2;94;94075;2;1;8.0;3.0;48,73109600;2,51378400;
202300038298.0;1;49;49228;1;1;1.0;6.0;47,46879700;0,16315300;
202300038299.0;5;13;13215;2;1;1.0;2.0;43,36415000;5,34124000;
202300038300.0;1;93;93078;2;6;1.0;2.0;48,96082000;2,55631000;
202300038301.0;1;93;93066;2;3;2.0;1.0;48,94439100;2,34220000;
202300038302.0;1;13;13212;2;2;1.0;3.0;43,30385000;5,42574000;
202300038303.0;1;46;46271;1;1;1.0;1.0;44,86632969;1,86071947;
202300038304.0;5;13;13213;2;1;1.0;6.0;43,32300000;5,44000000;
202300038305.0;1;93;93051;2;6;1.0;3.0;48,84339720;2,54818732;
202300038306.0;3;86;86180;1;1;1.0;7.0;46,49590000;0,43721600;
202300038307.0;5;13;13002;2;1;1.0;2.0;43,34523000;5,48706000;
202300038308.0;1;34;34332;1;1;1.0;2.0;43,31206400;3,39529000;
202300038309.0;3;93;93046;1;1;2.0;1.0;48,92150284;2,55914927;
202300038310.0;1;13;13005;2;1;1.0;3.0;43,28700000;5,54659000;
202300038311.0;5;92;92036;2;3;2.0;1.0;48,91936043;2,31274500;
202300038312.0;1;68;68055;1;1;7.0;1.0;47,71020900;7,35625900;
202300038313.0;1;10;10387;2;1;1.0;3.0;48,27776000;4,06769000;
202300038314.0;2;92;92026;2;1;1.0;6.0;48,90439266;2,25593716;
202300038315.0;1;07;07316;1;1;1.0;6.0;44,91489000;4,86314000;
202300038316.0;1;75;75116;2;1;1.0;2.0;48,84232800;2,25419200;
202300038317.0;5;92;92025;2;8;1.0;3.0;48,91459182;2,22899258;
202300038318.0;3;29;29146;1;1;1.0;4.0;47,94662610; -3,84878020;
202300038319.0;5;92;92007;2;1;1.0;3.0;48,79253215;2,31556356;
202300038320.0;5;75;75119;2;1;1.0;4.0;48,88280900;2,40081900;
202300038321.0;1;92;92004;2;1;1.0;3.0;48,92890000;2,27947000;
202300038322.0;1;29;29175;1;1;1.0;5.0;48,22208063; -3,81779868;
202300038323.0;1;92;92002;2;3;1.0;3.0;48,76238504;2,30856255;
202300038324.0;1;75;75119;2;1;1.0;3.0;48,89895100;2,38659900;
202300038325.0;1;29;29035;1;3;1.0;7.0;48,50462946; -4,54604720;
202300038326.0;2;60;60254;1;2;1.0;3.0;49,45274900;2,68491300;
202300038327.0;1;75;75119;2;4;1.0;1.0;48,88965200;2,38261000;
202300038328.0;4;86;86290;2;1;1.0;2.0;46,45664200;0,36718600;
202300038329.0;4;29;29215;2;1;1.0;6.0;47,98841700; -4,42917000;
202300038330.0;1;75;75118;2;2;1.0;3.0;48,89126000;2,34734900;
202300038331.0;3;30;30060;1;1;1.0;7.0;43,79130300;4,39339400;
202300038332.0;2;31;31416;1;1;1.0;7.0;43,33618200;1,19806800;
202300038333.0;1;62;62080;2;1;3.0;6.0;50,10269300;2,84985200;
202300038334.0;1;75;75116;2;1;1.0;3.0;48,84404100;2,26574600;
202300038335.0;1;56;56066;1;1;2.0;2.0;48,13127500; -3,57594800;
202300038336.0;3;56;56140;1;1;2.0;6.0;47,96269000; -2,82674800;
202300038337.0;5;75;75112;2;2;1.0;1.0;48,83900300;2,46028400;
202300038338.0;1;31;31584;1;3;1.0;3.0;43,86600100;1,44601600;
202300038339.0;1;2A;2A040;1;1;5.0;6.0;42,10254500;9,10337400;
202300038340.0;1;94;94016;2;1;1.0;3.0;48,79742000;2,32974000;
202300038341.0;5;47;47203;1;1;5.0;1.0;44,38404300;0,81734000;
202300038342.0;1;39;39582;1;1;7.0;7.0;46,74099900;5,59925300;
202300038343.0;1;94;94041;2;2;1.0;2.0;48,80961000;2,37838000;
202300038344.0;1;38;38284;1;2;1.0;5.0;45,41058100;5,23453500;
202300038345.0;3;39;39574;1;1;2.0;3.0;46,73816200;5,47886300;
202300038346.0;1;94;94004;2;1;1.0;6.0;48,75908000;2,50302000;
202300038347.0;1;02;02067;2;1;1.0;7.0;50,02993700;3,71628600;
202300038348.0;5;35;35069;2;3;8.0;6.0;48,04668000; -1,50860800;
202300038349.0;1;93;93051;2;3;1.0;3.0;48,83868000;2,54318000;
202300038350.0;1;02;02506;1;1;2.0;6.0;49,28291700;3,17464100;
202300038351.0;1;84;84133;2;1;1.0;3.0;43,71943900;5,53914800;
202300038352.0;2;03;03279;1;1;8.0;7.0;46,25392200;2,51721600;
202300038353.0;5;93;93005;2;2;1.0;3.0;48,92591295;2,48473728;
202300038354.0;1;15;15185;1;1;7.0;6.0;45,32662500;2,60101300;
202300038355.0;3;15;15122;2;3;2.0;3.0;44,71307400;2,19973300;
202300038356.0;1;75;75114;2;3;1.0;6.0;48,82359314;2,30836540;
202300038357.0;2;15;15267;1;1;1.0;1.0;44,89473100;2,39117900;
202300038358.0;3;85;85146;1;1;2.0;6.0;46,96212600; -1,35792700;
202300038359.0;1;92;92050;2;1;1.0;3.0;48,88626849;2,21189708;
202300038360.0;1;72;72173;1;1;2.0;6.0;47,69259000;0,39864000;
202300038361.0;1;01;01274;2;3;1.0;2.0;46,14253700;5,63462100;
202300038362.0;1;92;92025;2;1;1.0;2.0;48,92046221;2,22076714;
202300038363.0;3;64;64558;1;1;2.0;1.0;43,46076900; -1,45493700;
202300038364.0;1;01;01057;1;2;7.0;6.0;46,40139400;4,92029800;
202300038365.0;1;92;92002;2;1;1.0;7.0;48,76438763;2,30923623;
202300038366.0;1;71;71166;1;1;1.0;6.0;46,75356400;4,03571600;
202300038367.0;3;73;73058;1;1;2.0;1.0;45,52752200;5,73181500;
202300038368.0;1;72;72346;1;1;1.0;7.0;47,89057000;0,04177000;
202300038369.0;5;10;10323;2;2;1.0;3.0;48,51964600;3,71492100;
202300038370.0;1;49;49381;2;1;1.0;3.0;47,02014500; -0,70471300;
202300038371.0;3;14;14478;1;1;1.0;6.0;49,01120722;0,40401348;
202300038372.0;3;53;53147;2;1;2.0;6.0;48,30238400; -0,62462700;
202300038373.0;3;30;30346;1;1;1.0;7.0;43,96775100;4,50591800;
202300038374.0;1;83;83033;1;1;1.0;1.0;43,30033290;6,20060266;
202300038375.0;3;24;24225;2;8;1.0;3.0;44,84259600;0,37864200;
202300038376.0;2;50;50463;2;2;7.0;5.0;48,94014900; -1,32914200;
202300038377.0;2;41;41278;1;1;1.0;1.0;47,65720800;0,95887900;
202300038378.0;2;01;01031;1;1;3.0;5.0;46,23777600;5,61829400;
202300038379.0;1;50;50118;1;1;1.0;6.0;48,84529500; -1,30346800;
202300038380.0;3;95;95678;1;1;2.0;6.0;49,07344420;2,24219799;
202300038381.0;1;34;34217;2;9;1.0;3.0;43,70321500;3,86659200;
202300038382.0;1;57;57162;2;1;1.0;7.0;49,04232000;6,15747200;
202300038383.0;1;13;13038;2;1;1.0;2.0;43,72502600;4,70930500;
202300038384.0;1;83;83007;2;3;1.0;3.0;43,62031400;6,22134100;
202300038385.0;1;11;11262;1;3;1.0;3.0;43,17392200;3,02865400;
202300038386.0;1;56;56231;1;1;1.0;7.0;47,68345700; -2,64869500;