Num_Acc;lum;departement;commune;agglomeration;intersection;meteo;type_collision;lat;long;date
202300038387.0;3;60;60536;1;1;1.0;7.0;49,31000100;2,69525500;
202300038388.0;1;65;65025;1;1;1.0;1.0;42,99939400; -0,10876900;
202300038389.0;3;34;34202;1;1;9.0;3.0;43,57519900;3,74706700;
202300038390.0;3;65;65261;1;1;1.0;7.0;43,23846200;0,49364800;
202300038391.0;1;64;64320;1;2;1.0;4.0;43,00066100; -0,42036100;
202300038392.0;4;987;98747;1;1;3.0;1.0; -17,75600000; -148,73600000;
202300038393.0;1;55;55035;1;1;1.0;1.0;48,69488867;5,17035642;
202300038394.0;1;988;98822;1;1;1.0;6.0; -20,92701000;165,27838000;
202300038395.0;3;47;47289;1;1;1.0;6.0;44,24571800;0,80658300;
202300038396.0;5;68;68042;2;1;1.0;7.0;47,60491900;7,49948100;
202300038397.0;1;973;97305;1;3;1.0;3.0;5,00454900; -52,46218400;
202300038398.0;1;73;73247;1;3;1.0;3.0;45,54137500;6,13633600;
202300038399.0;1;971;97124;1;1;1.0;6.0;16,00532900; -61,69931500;
202300038400.0;1;39;39470;1;1;4.0;1.0;46,50288600;6,02984700;
202300038401.0;3;972;97224;1;1;9.0;1.0;14,67274900; -61,01880700;
202300038402.0;1;18;18028;2;6;1.0;1.0;47,11098400;2,29017700;
202300038403.0;1;25;25532;1;1;1.0;1.0;47,20087000;6,10634900;
202300038404.0;3;29;29187;1;3;1.0;6.0;48,56118700; -4,12852600;
202300038405.0;3;45;45082;1;1;2.0;7.0;47,89775100;2,20724000;
202300038406.0;1;18;18195;1;1;1.0;1.0;46,85301600;2,84196100;
202300038407.0;1;29;29076;2;2;1.0;3.0;48,46925100; -4,56087100;
202300038408.0;3;2A;2A247;1;1;1.0;1.0;41,56656700;9,24905100;
202300038409.0;1;10;10323;2;6;1.0;3.0;48,51952200;3,72633900;
202300038410.0;3;66;66026;1;1;1.0;7.0;42,56181200;2,89009100;
202300038411.0;1;31;31079;2;2;1.0;3.0;43,78041700;1,40547200;
202300038412.0;1;10;10165;1;1;1.0;1.0;48,31585300;4,30636200;
202300038413.0;1;26;26321;1;1;1.0;6.0;44,59401200;5,27966000;
202300038414.0;1;36;36169;1;1;1.0;6.0;46,76832200;2,10538400;
202300038415.0;2;07;07213;1;1;1.0;1.0;44,50273900;4,14463900;
202300038416.0;3;54;54463;1;2;1.0;3.0;48,79561700;6,01475200;
202300038417.0;1;58;58303;2;1;1.0;6.0;47,00090900;3,13459900;
202300038418.0;5;07;07346;2;1;1.0;6.0;44,48555300;4,67811600;
202300038419.0;3;58;58046;1;1;1.0;1.0;46,85352900;3,63673200;
202300038420.0;3;54;54557;1;4;2.0;3.0;48,69202095;6,04331195;
202300038421.0;1;14;14371;1;1;1.0;3.0;48,98824400;0,16190600;
202300038422.0;3;42;42326;2;1;2.0;6.0;45,36807800;4,66629300;
202300038423.0;1;83;83082;1;1;1.0;2.0;43,60560429;6,47990289;
202300038424.0;3;26;26084;1;1;2.0;1.0;45,02870200;4,99144100;
202300038425.0;1;53;53104;2;2;2.0;3.0;47,85410000; -0,60770000;
202300038426.0;1;65;65059;2;1;1.0;2.0;43,07360800;0,14581300;
202300038427.0;1;73;73105;1;1;1.0;6.0;45,46812200;5,73620400;
202300038428.0;1;64;64067;2;3;1.0;3.0;43,25124700; -0,29829400;
202300038429.0;1;43;43037;1;1;1.0;6.0;44,88531000;3,78528400;
202300038430.0;1;21;21393;1;2;1.0;2.0;47,90104900;4,61884400;
202300038431.0;4;56;56178;1;1;2.0;7.0;48,08146600; -2,94741000;
202300038432.0;1;07;07338;2;3;1.0;7.0;44,89421900;4,64173100;
202300038433.0;1;27;27331;1;2;1.0;3.0;49,13284511;1,54788673;
202300038434.0;1;53;53043;1;1;1.0;3.0;48,14503600; -0,53189800;
202300038435.0;1;21;21035;1;3;1.0;2.0;47,05005200;5,09778500;
202300038436.0;1;27;27558;1;4;1.0;3.0;49,27589500;0,74004400;
202300038437.0;3;62;62654;1;1;8.0;4.0;50,90948893;1,78221345;
202300038438.0;3;28;28327;1;1;1.0;6.0;48,19542700;0,81543400;
202300038439.0;1;40;40228;2;1;1.0;1.0;43,62761500; -0,83242900;
202300038440.0;1;91;91136;1;1;1.0;2.0;48,71369000;2,27794000;
202300038441.0;3;91;91471;1;1;1.0;6.0;48,69792000;2,19208000;
202300038442.0;1;37;37245;2;2;1.0;6.0;47,49814046;0,57547867;
202300038443.0;2;40;40046;2;1;1.0;7.0;44,41023100; -1,16281700;
202300038444.0;5;52;52550;2;2;1.0;6.0;48,49749400;4,94293000;
202300038445.0;3;78;78362;1;1;1.0;4.0;48,97830000;1,70990000;
202300038446.0;1;08;08365;2;1;1.0;7.0;49,84003300;4,54330700;
202300038447.0;1;92;92050;1;1;1.0;3.0;48,89347708;2,18884570;
202300038448.0;1;04;04188;1;1;1.0;7.0;43,89844900;5,79725100;
202300038449.0;1;38;38339;1;1;1.0;1.0;45,58167500;5,16101000;
202300038450.0;3;95;95018;1;1;1.0;4.0;48,95969000;2,27195000;
202300038451.0;1;85;85095;1;2;1.0;3.0;46,85791700; -1,76195700;
202300038452.0;1;95;95018;1;1;1.0;3.0;48,95201228;2,27957378;
202300038453.0;3;988;98815;1;1;1.0;7.0; -21,49358000;168,02186000;
202300038454.0;1;95;95018;1;1;1.0;6.0;48,95627000;2,27727000;
202300038455.0;3;85;85131;1;1;1.0;2.0;46,46263900; -1,21082400;
202300038456.0;3;95;95154;1;1;1.0;6.0;49,05184373;2,54811147;
202300038457.0;1;988;98809;2;2;1.0;6.0; -22,66739800;167,49577800;
202300038458.0;1;27;27467;2;1;1.0;3.0;49,35439500;0,51826200;
202300038459.0;3;93;93039;1;1;1.0;6.0;48,92747504;2,33356513;
202300038460.0;1;971;97129;1;1;1.0;1.0;16,31680300; -61,68398900;
202300038461.0;1;94;94042;1;1;1.0;6.0;48,82728643;2,46925563;
202300038462.0;3;37;37171;1;1;1.0;6.0;47,40446856;0,89502096;
202300038463.0;1;94;94017;1;1;1.0;5.0;48,82671118;2,52258828;
202300038464.0;2;27;27524;2;2;1.0;1.0;49,11294900;0,93187500;
202300038465.0;3;28;28092;1;1;1.0;2.0;48,35921500;1,87765400;
202300038466.0;1;34;34154;1;1;1.0;1.0;43,60624700;3,96801200;
202300038467.0;2;17;17257;1;1;1.0;7.0;45,98433400; -0,24922500;
202300038468.0;5;987;98735;2;3;1.0;7.0; -17,50000000; -149,50000000;
202300038469.0;2;08;08328;2;1;1.0;3.0;49,81663300;4,74354000;
202300038470.0;3;23;23047;1;1;1.0;7.0;46,15672400;1,55846500;
202300038471.0;1;976;97611;2;1;1.0;1.0; -12,80250000;45,21423000;
202300038472.0;1;30;30165;1;1;1.0;6.0;44,09214100;4,15096000;
202300038473.0;1;54;54430;2;3;1.0;6.0;48,77995970;6,13088762;
202300038474.0;1;974;97411;2;2;2.0;3.0; -20,88265000;55,45136000;
202300038475.0;1;33;33369;1;1;1.0;6.0;44,81111085;0,21842837;
202300038476.0;3;974;97407;2;1;1.0;6.0; -20,95319000;55,30738000;
202300038477.0;2;88;88361;1;1;1.0;1.0;48,33715300;7,10534300;
202300038478.0;1;33;33402;2;1;1.0;6.0;44,83705000;0,22152900;
202300038479.0;1;69;69388;2;1;1.0;6.0;45,72967000;4,86730000;
202300038480.0;1;88;88468;2;1;1.0;7.0;47,87533900;6,76241200;
202300038481.0;3;44;44204;2;1;1.0;7.0;47,27509100; -1,44678900;
202300038482.0;1;69;69383;2;3;1.0;6.0;45,75838000;4,85249000;
202300038483.0;2;88;88530;1;1;1.0;6.0;48,05974000;6,34067800;
202300038484.0;5;972;97213;1;1;1.0;2.0;14,61863000; -61,02227000;
202300038485.0;1;02;02544;2;1;1.0;7.0;49,93696800;4,03356200;
202300038486.0;5;69;69386;2;1;1.0;6.0;45,76897000;4,84106000;
202300038487.0;4;973;97307;1;1;1.0;1.0;4,77634600; -52,34057000;
202300038488.0;3;2B;2B033;2;1;1.0;7.0;42,68148000;9,42321000;
202300038489.0;2;02;02472;1;1;1.0;3.0;49,52470700;3,79705300;
202300038490.0;3;91;91421;1;1;1.0;6.0;48,69260000;2,45003000;
202300038491.0;1;80;80032;1;1;2.0;6.0;49,61543000;2,62027700;
202300038492.0;1;91;91479;2;1;8.0;6.0;48,70949200;2,36601700;
202300038493.0;1;69;69244;2;1;1.0;3.0;45,75205300;4,76772100;
202300038494.0;1;84;84087;2;4;2.0;3.0;44,14524000;4,81085000;
202300038495.0;1;13;13216;1;1;8.0;2.0;43,34528000;5,34615000;
202300038496.0;1;83;83090;1;1;1.0;3.0;43,12584300;5,88003400;
202300038497.0;1;84;84035;2;2;1.0;3.0;43,83247000;5,03727000;
202300038498.0;1;89;89037;1;1;1.0;2.0;47,97303400;3,35520700;
202300038499.0;2;83;83061;1;1;8.0;1.0;43,52175406;6,89247555;
202300038500.0;1;69;69259;1;1;1.0;5.0;45,71757000;4,86163000;
202300038501.0;1;69;69157;1;1;1.0;6.0;45,87204219;4,49635939;
202300038502.0;3;76;76545;1;1;2.0;6.0;49,90738000;1,10288000;
202300038503.0;1;69;69290;2;6;7.0;6.0;45,68789000;4,95223000;
202300038504.0;1;91;91161;1;1;1.0;5.0;48,72141000;2,31138000;
202300038505.0;1;11;11144;1;9;1.0;2.0;42,90063500;2,99296400;
202300038506.0;1;67;67482;2;3;1.0;3.0;48,59539545;7,72610307;
202300038507.0;1;67;67482;2;1;1.0;1.0;48,59456051;7,72590458;
202300038508.0;1;83;83116;1;1;1.0;6.0;43,44508900;5,89918300;
202300038509.0;1;94;94034;1;1;1.0;4.0;48,76020129;2,32061692;
202300038510.0;1;67;67482;2;3;1.0;3.0;48,56417000;7,74103000;
202300038511.0;1;94;94038;1;1;1.0;2.0;48,77530463;2,34570250;
202300038512.0;3;63;63224;1;1;1.0;6.0;45,86110756;3,11849800;
202300038513.0;3;83;83089;1;1;1.0;2.0;43,47230900;5,81713200;
202300038514.0;5;60;60057;2;1;2.0;3.0;49,44056000;2,08932000;
202300038515.0;1;46;46042;1;1;2.0;7.0;44,45790000;1,48939000;
202300038516.0;3;84;84081;1;1;1.0;5.0;43,93968700;4,91174700;
202300038517.0;1;91;91161;1;1;1.0;4.0;48,69892000;2,31295000;
202300038518.0;1;987;98725;2;1;1.0;6.0; -17,50623000; -149,47455200;
202300038519.0;3;46;46042;1;1;2.0;4.0;44,47807000;1,42238000;
202300038520.0;5;45;45234;2;1;1.0;6.0;47,91389800;1,91622000;
202300038521.0;1;973;97306;1;1;1.0;1.0;5,43937323; -53,58787966;
202300038522.0;1;42;42305;2;1;2.0;6.0;45,48011000;4,43183000;
202300038523.0;3;973;97304;1;2;1.0;2.0;5,15498000; -52,68778000;
202300038524.0;1;38;38421;2;3;1.0;3.0;45,18506000;5,75007000;
202300038525.0;5;971;97119;1;1;1.0;3.0;16,35897400; -61,45582400;
202300038526.0;1;38;38185;2;1;1.0;6.0;45,16899000;5,72610000;
202300038527.0;1;971;97118;1;9;1.0;6.0;16,20230300; -61,60564500;
202300038528.0;5;37;37122;2;1;2.0;6.0;47,34773000;0,66523000;
202300038529.0;1;971;97115;1;1;1.0;3.0;16,26347500; -61,64246900;
202300038530.0;3;35;35051;1;1;1.0;6.0;48,11549000; -1,57265000;
202300038531.0;5;34;34172;2;1;1.0;7.0;43,58311000;3,85678000;
202300038532.0;3;971;97114;1;1;1.0;5.0;16,15498600; -61,58534300;
202300038533.0;5;45;45155;2;1;1.0;6.0;47,72104400;2,63777400;
202300038534.0;5;33;33281;2;1;2.0;1.0;44,82428000; -0,63305000;
202300038535.0;5;45;45049;2;6;1.0;6.0;47,85122132;2,37983027;
202300038536.0;1;33;33039;2;1;3.0;7.0;44,81342082; -0,55531114;
202300038537.0;1;77;77380;1;2;1.0;3.0;49,07080700;2,91897800;
202300038538.0;3;29;29051;2;6;2.0;2.0;47,99399000; -4,06697000;
202300038539.0;1;77;77244;1;1;1.0;7.0;48,26906900;2,60723600;
202300038540.0;1;29;29039;2;9;3.0;6.0;47,88831000; -3,91834000;
202300038541.0;1;91;91461;1;6;1.0;3.0;48,59158600;2,20760300;
202300038542.0;1;25;25031;2;1;2.0;3.0;47,48864000;6,82468000;
202300038543.0;1;91;91661;2;1;1.0;3.0;48,70263100;2,25363500;
202300038544.0;1;78;78089;2;3;1.0;6.0;49,03697800;1,57840000;
202300038545.0;5;22;22278;2;4;1.0;3.0;48,50203000; -2,73715000;
202300038546.0;4;22;22113;2;1;1.0;7.0;48,74285000; -3,42729000;
202300038547.0;3;78;78068;1;1;1.0;6.0;49,03600400;1,46031300;
202300038548.0;5;18;18033;2;1;1.0;6.0;47,08135500;2,38937800;
202300038549.0;1;2B;2B248;1;1;1.0;4.0;42,42414600;9,19970900;
202300038550.0;1;13;13203;2;1;1.0;3.0;43,31782000;5,37876000;
202300038551.0;1;83;83107;1;1;1.0;6.0;43,48963400;6,63926100;
202300038552.0;1;13;13215;2;1;1.0;1.0;43,34827000;5,35773000;
202300038553.0;1;83;83080;1;1;1.0;7.0;43,68097000;6,69522300;
202300038554.0;1;13;13203;2;1;1.0;1.0;43,31262000;5,39190000;
202300038555.0;1;13;13035;2;6;1.0;3.0;43,68910500;5,02089700;
202300038556.0;1;13;13075;2;1;1.0;6.0;43,34490000;5,46157000;
202300038557.0;1;13;13028;2;1;1.0;2.0;43,18691000;5,62267000;
202300038558.0;3;25;25043;1;3;1.0;3.0;47,48126300;6,76483200;
202300038559.0;1;07;07281;1;1;8.0;6.0;44,92958000;4,80061000;
202300038560.0;1;02;02168;2;9;2.0;6.0;49,04431000;3,40222000;
202300038561.0;1;71;71557;1;2;7.0;2.0;46,45651900;4,01372200;
202300038562.0;1;75;75117;2;1;2.0;6.0;48,89137100;2,30047600;
202300038563.0;1;71;71339;1;1;1.0;3.0;46,37410700;4,38037000;
202300038564.0;5;75;75115;2;5;8.0;6.0;48,84035500;2,31489100;
202300038565.0;1;10;10006;2;2;1.0;3.0;48,53410900;4,14284900;
202300038566.0;1;75;75105;2;3;1.0;3.0;48,84249600;2,33821000;
202300038567.0;5;75;75106;2;5;1.0;3.0;48,85375100;2,34430100;
202300038568.0;5;88;88086;2;3;1.0;3.0;48,19728300;6,73177100;
202300038569.0;5;75;75118;2;2;1.0;3.0;48,89088500;2,35322100;
202300038570.0;1;54;54057;1;3;1.0;3.0;48,85428924;5,79375923;
202300038571.0;5;75;75115;2;3;1.0;3.0;48,83276300;2,27872200;
202300038572.0;1;57;57274;1;1;1.0;6.0;49,19065500;6,61456300;
202300038573.0;5;75;75112;2;1;2.0;6.0;48,83440000;2,38376100;
202300038574.0;1;01;01249;2;3;1.0;1.0;45,82039200;4,94455300;
202300038575.0;5;75;75112;2;1;1.0;6.0;48,84510000;2,36724000;
202300038576.0;1;69;69160;1;9;1.0;3.0;46,16302800;4,47579100;
202300038577.0;5;75;75112;2;4;2.0;6.0;48,81867800;2,44605800;
202300038578.0;1;69;69140;1;2;1.0;3.0;45,90219000;4,67652300;
202300038579.0;1;75;75109;2;7;2.0;3.0;48,87322300;2,33113700;
202300038580.0;1;69;69207;2;1;1.0;3.0;45,88693900;4,80814400;
202300038581.0;5;75;75108;2;2;2.0;6.0;48,86855400;2,30929400;
202300038582.0;1;75;75107;2;1;2.0;7.0;48,85453400;2,30960600;
202300038583.0;2;17;17102;1;1;1.0;7.0;45,69126800; -0,67183400;
202300038584.0;5;75;75103;2;2;3.0;6.0;48,86442600;2,35152600;
202300038585.0;1;17;17064;1;1;1.0;1.0;45,71034500; -1,06481600;
202300038586.0;1;85;85019;1;1;1.0;6.0;46,79580000; -1,41014200;
202300038587.0;1;75;75104;2;3;1.0;3.0;48,85235500;2,36050800;
202300038588.0;1;85;85019;1;1;2.0;1.0;46,79732100; -1,40137650;
202300038589.0;1;94;94058;2;1;2.0;6.0;48,83433600;2,51394800;
202300038590.0;1;44;44052;1;1;1.0;5.0;47,34760100; -2,09955800;
202300038591.0;5;94;94019;2;1;3.0;6.0;48,79465000;2,53341000;
202300038592.0;5;56;56152;2;3;1.0;3.0;47,34739800; -3,15988900;
202300038593.0;1;60;60239;2;1;1.0;6.0;49,24381300;1,96956500;
202300038594.0;5;93;93066;2;9;2.0;3.0;48,92252300;2,34729500;
202300038595.0;1;60;60088;1;1;1.0;6.0;49,20722052;2,22656929;
202300038596.0;1;62;62014;2;3;1.0;3.0;50,64043300;2,40656800;
202300038597.0;5;93;93046;2;3;1.0;6.0;48,91535000;2,52915000;
202300038598.0;1;59;59036;2;1;1.0;6.0;50,12339800;3,92545600;
202300038599.0;1;93;93079;2;3;2.0;3.0;48,96419000;2,34734000;
202300038600.0;1;59;59505;2;4;1.0;3.0;50,36595500;3,64713900;
202300038601.0;1;92;92062;2;1;1.0;3.0;48,88807343;2,23421931;
202300038602.0;1;33;33249;1;1;1.0;2.0;44,88809000; -0,50534000;
202300038603.0;5;33;33550;1;1;2.0;6.0;44,78294178; -0,54284424;
202300038604.0;5;92;92026;2;9;1.0;3.0;48,90043237;2,27471709;
202300038605.0;1;91;91136;1;1;1.0;2.0;48,71589000;2,26670000;
202300038606.0;1;73;73085;2;6;1.0;6.0;45,81933800;5,84804200;
202300038607.0;1;91;91521;1;1;1.0;4.0;48,62847000;2,41281000;
202300038608.0;1;33;33169;1;3;2.0;3.0;44,57171400; -0,04301200;
202300038609.0;1;94;94037;1;1;1.0;2.0;48,81567897;2,33682579;
202300038610.0;1;94;94021;1;1;1.0;3.0;48,77124963;2,34563824;
202300038611.0;3;06;06044;2;1;1.0;6.0;43,68265100;7,08988800;
202300038612.0;3;94;94018;1;1;1.0;2.0;48,81739194;2,41475247;
202300038613.0;3;36;36013;1;4;2.0;3.0;47,07070398;1,59245834;
202300038614.0;3;77;77438;1;1;1.0;7.0;48,85463125;2,66344710;
202300038615.0;3;57;57011;1;1;2.0;6.0;48,92227000;6,88125600;
202300038616.0;5;93;93050;2;2;1.0;2.0;48,86092646;2,54068300;
202300038617.0;1;974;97412;1;1;1.0;6.0; -21,34126300;55,67591600;
202300038618.0;1;974;97416;1;1;1.0;6.0; -21,30434000;55,49356000;
202300038619.0;5;86;86070;2;1;2.0;6.0;46,56924900;0,63960800;
202300038620.0;1;60;60414;1;1;2.0;3.0;49,25617016;2,45102638;
202300038621.0;3;29;29245;1;1;2.0;7.0;48,46857876; -4,33518257;
202300038622.0;1;14;14453;1;1;1.0;2.0;49,30455600; -0,79906200;
202300038623.0;1;38;38105;1;1;2.0;3.0;45,40627300;5,55464000;
202300038624.0;1;976;97611;2;1;1.0;6.0; -12,78612000;45,17435000;
202300038625.0;2;30;30338;1;1;1.0;1.0;44,13154100;4,37319200;
202300038626.0;3;22;22180;1;1;1.0;6.0;48,44404900; -2,22827200;
202300038627.0;1;974;97416;1;1;1.0;4.0; -21,31584000;55,44176000;
202300038628.0;1;22;22240;1;1;7.0;7.0;48,24845500; -2,23061100;
202300038629.0;1;973;97302;2;1;1.0;2.0;4,94224000; -52,30490000;
202300038630.0;3;62;62825;1;1;2.0;2.0;50,29364700;3,04729500;
202300038631.0;5;973;97302;2;2;1.0;1.0;4,94005000; -52,32672000;
202300038632.0;3;30;30047;2;2;1.0;1.0;43,79624400;4,44243600;
202300038633.0;5;971;97101;2;3;1.0;3.0;16,23950000; -61,51984000;
202300038634.0;3;51;51655;1;1;3.0;1.0;48,90961100;4,08631300;
202300038635.0;1;971;97105;2;1;1.0;2.0;16,00141686; -61,73705399;
202300038636.0;1;95;95280;2;2;1.0;3.0;49,03105388;2,47515857;
202300038637.0;1;56;56185;1;1;3.0;4.0;47,77955600; -3,42156500;
202300038638.0;5;81;81163;2;2;1.0;3.0;43,49028460;2,37527300;
202300038639.0;1;74;74118;1;1;1.0;7.0;46,17500000;6,22400000;
202300038640.0;3;80;80341;1;1;1.0;1.0;49,92140200;2,12591900;
202300038641.0;5;82;82013;2;7;8.0;6.0;43,88304300;0,98877500;
202300038642.0;1;69;69199;2;3;1.0;1.0;45,71161000;4,84443000;
202300038643.0;1;82;82190;2;2;8.0;3.0;43,85305500;1,23714200;
202300038644.0;1;64;64237;1;1;1.0;6.0;43,22729000; -0,35450000;
202300038645.0;3;82;82144;1;1;1.0;6.0;44,16829900;1,32708200;
202300038646.0;1;11;11359;1;1;1.0;6.0;43,33299800;1,75190100;
202300038647.0;3;63;63224;2;1;1.0;5.0;45,87516000;3,12115000;
202300038648.0;1;71;71380;1;1;1.0;6.0;46,70027400;5,37991000;
202300038649.0;1;63;63113;2;6;1.0;3.0;45,78825000;3,13951000;
202300038650.0;5;61;61483;2;1;8.0;6.0;48,55058000; -0,42411200;
202300038651.0;4;62;62350;1;1;1.0;1.0;50,51371600;2,62050600;
202300038652.0;3;49;49002;1;1;1.0;1.0;47,33920600;0,03801800;
202300038653.0;1;46;46165;1;1;3.0;6.0;44,80051200;1,76970000;
202300038654.0;1;59;59512;2;2;1.0;5.0;50,68752000;3,16673000;
202300038655.0;3;68;68078;1;1;1.0;1.0;48,04754400;7,32194800;
202300038656.0;3;25;25356;1;1;3.0;7.0;47,24410500;6,82276700;
202300038657.0;1;54;54339;1;2;1.0;3.0;48,70901464;6,18466437;
202300038658.0;1;45;45004;2;1;1.0;6.0;48,00087000;2,76546000;
202300038659.0;2;25;25227;1;1;8.0;6.0;47,13865800;6,31813200;
202300038660.0;3;42;42223;1;1;1.0;6.0;45,44282000;4,34217000;
202300038661.0;3;29;29162;1;1;2.0;6.0;48,23598996; -3,96542489;
202300038662.0;5;38;38185;2;1;2.0;6.0;45,17925000;5,72379000;
202300038663.0;2;29;29081;1;1;8.0;6.0;48,37073090; -3,74737278;
202300038664.0;1;03;03225;1;1;2.0;6.0;46,52572600;2,43818200;
202300038665.0;1;37;37261;2;1;1.0;6.0;47,38164000;0,66981000;
202300038666.0;1;15;15235;1;1;9.0;6.0;44,99151200;3,02119700;
202300038667.0;1;35;35238;2;1;1.0;6.0;48,11497000; -1,67893000;
202300038668.0;2;33;33009;2;2;8.0;3.0;44,66262000; -1,17414000;
202300038669.0;3;01;01329;1;1;2.0;5.0;45,82861360;5,59536695;
202300038670.0;1;28;28134;2;1;1.0;3.0;48,74294000;1,38918000;
202300038671.0;1;05;05011;1;1;1.0;1.0;44,55009400;6,20187900;
202300038672.0;3;85;85172;1;1;2.0;7.0;46,82426000; -1,92631480;
202300038673.0;1;27;27681;2;3;1.0;3.0;49,07727000;1,49228000;
202300038674.0;1;21;21054;2;6;1.0;3.0;47,03951000;4,84799000;
202300038675.0;3;37;37249;1;2;2.0;3.0;47,50745400;0,45071800;
202300038676.0;1;17;17333;2;3;1.0;3.0;45,58457000; -0,98550000;
202300038677.0;1;30;30062;1;1;1.0;7.0;43,80250900;4,15641500;
202300038678.0;5;13;13211;2;1;1.0;6.0;43,29161268;5,46071662;
202300038679.0;5;95;95394;2;9;1.0;3.0;49,06003228;2,16815293;
202300038680.0;5;13;13210;2;1;1.0;1.0;43,28468874;5,39865788;
202300038681.0;1;06;06088;1;1;1.0;3.0;43,67363000;7,19930400;
202300038682.0;1;13;13004;2;1;1.0;6.0;43,67457000;4,63220000;
202300038683.0;4;07;07070;2;1;1.0;6.0;44,95902000;4,84751000;
202300038684.0;3;02;02809;1;1;1.0;2.0;49,15270300;3,71617900;
202300038685.0;1;07;07281;1;1;1.0;6.0;44,93526000;4,82633000;
202300038686.0;2;38;38173;1;1;4.0;6.0;45,04752700;6,11531900;
202300038687.0;1;975;97502;2;2;5.0;1.0;46,78227300; -56,17109300;
202300038688.0;2;06;06069;2;9;1.0;3.0;43,64909000;6,91924000;
202300038689.0;1;988;98823;1;3;1.0;1.0; -21,09429000;165,35361500;
202300038690.0;5;06;06004;1;6;1.0;2.0;43,61120000;7,12665200;
202300038691.0;1;988;98817;1;1;1.0;1.0; -22,25922700;166,61770300;
202300038692.0;5;77;77448;1;1;2.0;1.0;48,94426700;3,11447800;
202300038693.0;5;05;05061;2;1;1.0;2.0;44,56194129;6,08433956;
202300038694.0;1;95;95348;1;1;8.0;1.0;49,06260528;1,91619158;
202300038695.0;1;2A;2A041;1;3;1.0;3.0;41,39142700;9,19369000;
202300038696.0;1;01;01053;2;3;1.0;3.0;46,19104000;5,24194000;
202300038697.0;1;34;34009;1;1;1.0;7.0;43,46345600;3,34391000;
202300038698.0;1;06;06092;1;1;1.0;5.0;43,76584500;7,35753000;
202300038699.0;5;13;13027;2;2;8.0;3.0;43,88572700;4,86116600;
202300038700.0;1;18;18033;2;3;8.0;6.0;47,10013000;2,40013000;
202300038701.0;5;13;13054;2;1;1.0;1.0;43,41713432;5,22579235;
202300038702.0;3;73;73069;1;2;3.0;6.0;45,53417600;6,19805900;
202300038703.0;5;13;13202;2;1;1.0;2.0;43,29942000;5,37248000;
202300038704.0;5;13;13209;2;1;1.0;7.0;43,24475000;5,42668000;
202300038705.0;5;65;65059;2;1;1.0;3.0;43,06853000;0,14663300;
202300038706.0;1;13;13211;2;1;1.0;2.0;43,28751666;5,44781698;
202300038707.0;1;13;13215;2;1;1.0;3.0;43,36043000;5,36382000;
202300038708.0;1;86;86078;2;6;2.0;3.0;46,15100700;0,29577300;
202300038709.0;1;13;13047;2;9;1.0;2.0;43,50032000;4,97711000;
202300038710.0;5;11;11069;2;1;1.0;3.0;43,23652000;2,36719000;
202300038711.0;3;29;29042;1;1;2.0;6.0;48,24778946; -4,40951715;
202300038712.0;5;10;10357;2;1;2.0;2.0;48,29754365;4,12341624;
202300038713.0;1;13;13211;1;1;1.0;2.0;43,29270000;5,47760000;
202300038714.0;5;10;10387;2;2;2.0;1.0;48,30377905;4,06207144;
202300038715.0;3;13;13071;1;1;2.0;2.0;43,40363404;5,30639648;
202300038716.0;5;09;09122;2;1;1.0;6.0;42,95623400;1,60263300;
202300038717.0;5;06;06088;2;2;1.0;3.0;43,70823000;7,29062000;
202300038718.0;3;13;13210;1;1;2.0;2.0;43,28442538;5,40526109;
202300038719.0;5;06;06088;2;1;1.0;3.0;43,68944000;7,24221000;
202300038720.0;5;06;06029;2;3;1.0;1.0;43,55138000;6,96213000;
202300038721.0;3;13;13117;1;1;1.0;2.0;43,44071000;5,24898000;
202300038722.0;5;06;06004;2;1;1.0;3.0;43,57898100;7,12297300;
202300038723.0;1;33;33063;1;1;2.0;6.0;44,88574050; -0,56277573;
202300038724.0;2;75;75118;2;4;1.0;6.0;48,90060751;2,36687779;
202300038725.0;5;75;75116;2;1;1.0;2.0;48,86281900;2,26497500;
202300038726.0;1;75;75119;2;1;1.0;5.0;48,89958600;2,39259500;
202300038727.0;3;95;95678;1;1;8.0;2.0;49,07119273;2,22280025;
202300038728.0;1;75;75120;2;2;2.0;6.0;48,87544900;2,39795400;
202300038729.0;5;75;75117;2;1;2.0;6.0;48,88470400;2,32577100;
202300038730.0;5;75;75117;2;1;2.0;3.0;48,88584200;2,30252900;
202300038731.0;5;75;75117;2;2;2.0;6.0;48,89665900;2,30961900;
202300038732.0;1;75;75113;2;3;8.0;3.0;48,82012100;2,34803900;
202300038733.0;5;75;75113;2;1;2.0;3.0;48,82657491;2,35714540;
202300038734.0;5;75;75111;2;2;1.0;3.0;48,85066600;2,39449800;
202300038735.0;5;75;75110;2;2;2.0;3.0;48,87376400;2,35828900;