Num_Acc;lum;departement;commune;agglomeration;intersection;meteo;type_collision;lat;long;date
202300038736.0;1;75;75108;2;2;2.0;6.0;48,86905280;2,30987012;
202300038737.0;1;94;94068;2;1;2.0;6.0;48,79629000;2,50661000;
202300038738.0;5;94;94043;2;2;2.0;6.0;48,80827189;2,35714942;
202300038739.0;5;94;94041;2;1;2.0;6.0;48,81830495;2,39365749;
202300038740.0;5;94;94077;2;2;2.0;3.0;48,72830900;2,43433000;
202300038741.0;2;2B;2B286;1;1;1.0;6.0;42,48305600;9,48601800;
202300038742.0;3;94;94041;2;2;2.0;6.0;48,81098943;2,38368425;
202300038743.0;1;82;82094;1;1;1.0;6.0;44,30606000;1,09323600;
202300038744.0;5;94;94017;2;1;2.0;3.0;48,81192000;2,51714000;
202300038745.0;1;33;33424;1;1;1.0;6.0;45,16014700; -0,84594700;
202300038746.0;1;94;94071;2;2;2.0;4.0;48,77441600;2,51094100;
202300038747.0;1;33;33252;2;1;1.0;1.0;44,80562000; -0,39340500;
202300038748.0;1;81;81108;1;1;1.0;6.0;44,05148900;1,82147500;
202300038749.0;1;94;94075;1;3;2.0;6.0;48,73427590;2,52037257;
202300038750.0;4;93;93064;2;1;2.0;6.0;48,88290332;2,47973091;
202300038751.0;5;55;55398;1;1;1.0;1.0;48,68481300;5,71475700;
202300038752.0;5;93;93014;2;2;2.0;6.0;48,90941700;2,55005100;
202300038753.0;1;12;12188;1;1;1.0;1.0;44,27283000;2,78101100;
202300038754.0;5;93;93008;2;1;8.0;6.0;48,90768000;2,44897000;
202300038755.0;3;41;41044;2;1;1.0;2.0;47,26099600;1,91276900;
202300038756.0;1;93;93007;2;2;2.0;3.0;48,94364600;2,45918600;
202300038757.0;1;68;68258;1;9;1.0;4.0;47,82809500;7,28332400;
202300038758.0;1;92;92073;2;1;2.0;3.0;48,87492800;2,23104900;
202300038759.0;1;92;92050;2;5;2.0;6.0;48,89670000;2,19589000;
202300038760.0;2;44;44154;1;5;1.0;3.0;47,26730900; -2,14978500;
202300038761.0;5;92;92049;2;1;3.0;6.0;48,81796000;2,32256000;
202300038762.0;1;29;29163;1;1;1.0;7.0;48,49659000; -3,85224400;
202300038763.0;5;92;92025;2;1;2.0;3.0;48,91852400;2,25267300;
202300038764.0;1;31;31396;1;1;1.0;3.0;43,36578500;1,65072800;
202300038765.0;1;12;12096;2;1;1.0;6.0;44,52746400;2,75888000;
202300038766.0;1;31;31232;2;1;1.0;6.0;43,77115900;1,29642700;
202300038767.0;3;22;22020;1;1;2.0;2.0;48,32388000; -2,25594000;
202300038768.0;3;31;31341;1;1;1.0;1.0;43,72618900;1,32459800;
202300038769.0;1;68;68122;1;1;1.0;7.0;47,87178100;7,21527600;
202300038770.0;3;30;30315;1;1;1.0;6.0;43,94679400;4,68323300;
202300038771.0;1;31;31490;2;6;1.0;3.0;43,74032500;1,37327500;
202300038772.0;3;57;57599;2;1;2.0;6.0;49,20815600;6,47157000;
202300038773.0;1;56;56240;2;1;2.0;1.0;47,52325100; -2,77196600;
202300038774.0;2;38;38314;1;1;5.0;5.0;45,43652600;6,04219600;
202300038775.0;1;77;77137;2;2;1.0;3.0;48,69718500;3,29228800;
202300038776.0;1;01;01305;1;1;7.0;2.0;46,44738300;4,89855300;
202300038777.0;1;80;80318;2;1;1.0;6.0;50,01651587;2,07779467;
202300038778.0;1;66;66149;1;1;1.0;4.0;42,62327000;2,44120700;
202300038779.0;1;63;63415;1;3;2.0;3.0;45,55330154;3,37171376;
202300038780.0;1;66;66009;1;1;1.0;1.0;42,43290300;2,59711900;
202300038781.0;4;72;72078;1;9;1.0;7.0;48,28576300;0,16365800;
202300038782.0;1;12;12215;1;2;2.0;1.0;44,46472200;2,41711000;
202300038783.0;1;50;50443;1;1;1.0;2.0;48,50645500; -1,47543000;
202300038784.0;1;12;12254;1;1;2.0;7.0;44,42864300;2,52060600;
202300038785.0;1;64;64519;2;3;1.0;1.0;43,37264400; -0,37209700;
202300038786.0;1;36;36088;1;1;1.0;6.0;46,92814162;1,99194508;
202300038787.0;2;42;42150;1;2;1.0;1.0;45,71589600;4,09490200;
202300038788.0;1;16;16216;1;1;1.0;6.0;45,68582700; -0,07820900;
202300038789.0;1;86;86293;1;2;1.0;3.0;46,45709900;0,26698600;
202300038790.0;1;21;21212;2;3;1.0;3.0;47,61909500;4,32048100;
202300038791.0;2;68;68138;1;1;2.0;7.0;47,59582500;7,24119200;
202300038792.0;3;21;21317;2;1;1.0;6.0;47,51669700;5,10944200;
202300038793.0;1;29;29122;2;1;2.0;7.0;48,14210800; -3,84362700;
202300038794.0;1;31;31231;1;1;1.0;6.0;43,31143900;1,45961500;
202300038795.0;1;85;85210;1;1;1.0;6.0;46,83272400; -1,60802200;
202300038796.0;1;50;50550;1;1;4.0;6.0;49,13409400; -1,40449600;
202300038797.0;3;50;50101;1;2;2.0;3.0;49,65273800; -1,44691200;
202300038798.0;1;85;85133;2;3;7.0;3.0;46,36879300; -0,73870200;
202300038799.0;1;85;85284;1;6;7.0;1.0;46,82039200; -1,94004200;
202300038800.0;1;85;85190;1;1;1.0;2.0;46,95737000; -1,46428300;
202300038801.0;1;85;85051;2;1;1.0;3.0;46,68428700; -1,05098100;
202300038802.0;3;27;27224;1;1;3.0;6.0;49,13921400;0,88871200;
202300038803.0;3;30;30235;1;1;1.0;6.0;43,91748700;4,53157100;
202300038804.0;2;85;85142;1;1;1.0;7.0;46,75416100; -1,29043500;
202300038805.0;2;30;30104;1;1;1.0;7.0;43,96972000;4,14527700;
202300038806.0;1;52;52050;2;3;1.0;3.0;48,08549700;5,28776600;
202300038807.0;1;27;27106;2;2;1.0;1.0;49,12325000;0,48686400;
202300038808.0;3;08;08185;1;1;3.0;1.0;49,98667300;4,66379800;
202300038809.0;1;23;23259;1;2;1.0;3.0;46,27063205;2,35171795;
202300038810.0;1;24;24194;2;1;1.0;3.0;44,83692400;0,33553400;
202300038811.0;3;73;73151;1;1;1.0;5.0;45,46650700;6,01418300;
202300038812.0;1;13;13038;1;1;1.0;3.0;43,70850900;4,67429600;
202300038813.0;1;40;40210;1;1;1.0;2.0;44,07579300; -1,00503400;
202300038814.0;1;17;17044;1;1;1.0;2.0;45,63201606; -0,61691152;
202300038815.0;3;69;69112;1;1;1.0;4.0;45,83574966;4,68457249;
202300038816.0;3;64;64335;1;1;1.0;7.0;43,35200897; -0,44311491;
202300038817.0;1;17;17407;1;3;1.0;5.0;46,21164200; -1,02544900;
202300038818.0;3;13;13001;1;1;1.0;4.0;43,53243400;5,38021100;
202300038819.0;1;974;97415;1;1;1.0;1.0; -21,04231000;55,24052400;
202300038820.0;1;27;27107;1;1;1.0;5.0;49,37962800;0,61432800;
202300038821.0;3;77;77383;1;1;2.0;7.0;48,53701100;3,07067900;
202300038822.0;1;91;91115;2;1;1.0;7.0;48,59327800;2,19165000;
202300038823.0;3;2B;2B148;1;1;1.0;7.0;42,54219800;9,51516100;
202300038824.0;3;83;83150;2;1;1.0;7.0;43,73890600;5,79224600;
202300038825.0;1;13;13103;1;1;1.0;5.0;43,62672600;5,11521900;
202300038826.0;1;64;64139;1;1;1.0;7.0;43,17505754; -0,35699666;
202300038827.0;3;13;13118;1;1;1.0;2.0;43,55343085;5,25456015;
202300038828.0;1;59;59136;1;1;2.0;7.0;50,08919900;3,52756600;
202300038829.0;1;77;77104;1;1;1.0;3.0;48,72013100;2,84347400;
202300038830.0;3;13;13081;1;1;1.0;2.0;43,49058000;5,24021000;
202300038831.0;1;95;95582;1;1;2.0;6.0;48,96427076;2,26827495;
202300038832.0;1;77;77128;2;9;1.0;3.0;48,87905100;2,86589700;
202300038833.0;1;78;78380;2;3;1.0;3.0;48,91766600;1,85107600;
202300038834.0;1;76;76540;2;2;1.0;6.0;49,42586000;1,08272000;
202300038835.0;1;974;97411;1;9;1.0;3.0; -20,88711000;55,43735000;
202300038836.0;2;78;78668;1;2;1.0;3.0;49,02483000;1,52150500;
202300038837.0;1;2B;2B007;1;1;1.0;6.0;42,28812000;8,88944100;
202300038838.0;1;974;97411;2;3;2.0;3.0; -20,90040000;55,49962000;
202300038839.0;1;66;66164;1;3;1.0;3.0;42,79877800;2,88714700;
202300038840.0;1;973;97302;2;3;1.0;3.0;4,93629000; -52,31402000;
202300038841.0;1;973;97302;1;7;1.0;7.0;4,89655000; -52,32889000;
202300038842.0;1;83;83055;1;1;1.0;1.0;43,65605900;6,68503600;
202300038843.0;1;973;97302;2;1;2.0;2.0;4,93126000; -52,32984000;
202300038844.0;5;69;69266;2;1;2.0;6.0;45,78591000;4,86115000;
202300038845.0;1;71;71354;1;4;1.0;6.0;46,41025500;4,13552900;
202300038846.0;3;972;97209;2;4;1.0;1.0;14,61448000; -61,07033000;
202300038847.0;5;69;69389;2;1;2.0;6.0;45,77521000;4,80831000;
202300038848.0;1;42;42188;2;9;7.0;6.0;45,61400700;3,94769100;
202300038849.0;1;69;69385;2;1;1.0;7.0;45,75590740;4,82447505;
202300038850.0;1;971;97101;2;9;1.0;2.0;16,25505000; -61,53329000;
202300038851.0;1;01;01386;1;6;1.0;3.0;45,88530300;5,34720900;
202300038852.0;1;95;95210;2;2;2.0;3.0;48,97267257;2,31003106;
202300038853.0;1;69;69159;2;4;1.0;1.0;45,96812024;4,66802506;
202300038854.0;5;91;91114;2;2;2.0;7.0;48,70135000;2,49281000;
202300038855.0;3;46;46055;1;1;1.0;1.0;44,58414053;2,07714558;
202300038856.0;2;85;85191;1;1;2.0;7.0;46,68940000; -1,41381000;
202300038857.0;5;31;31433;2;1;1.0;1.0;43,51272800;1,38664000;
202300038858.0;4;83;83137;2;1;1.0;4.0;43,12821000;5,90764000;
202300038859.0;2;33;33056;1;3;1.0;3.0;44,89899100; -0,63984600;
202300038860.0;1;81;81257;2;1;1.0;6.0;43,94522010;2,19918330;
202300038861.0;1;49;49332;1;6;1.0;3.0;47,09253017; -0,91692388;
202300038862.0;2;02;02133;1;1;1.0;1.0;49,62822900;3,90692700;
202300038863.0;5;78;78498;2;2;6.0;6.0;48,92886000;2,04899000;
202300038864.0;2;83;83090;1;9;1.0;3.0;43,12599504;5,88150926;
202300038865.0;1;33;33550;1;1;1.0;6.0;44,78111032; -0,58014303;
202300038866.0;1;91;91549;1;1;1.0;3.0;48,62659000;2,35033000;
202300038867.0;1;94;94076;1;1;1.0;2.0;48,78747350;2,34578361;
202300038868.0;1;77;77243;2;1;1.0;6.0;48,87629000;2,67942000;
202300038869.0;1;94;94003;1;1;1.0;2.0;48,81283730;2,33650560;
202300038870.0;5;76;76575;2;1;2.0;2.0;49,38931145;1,07863855;
202300038871.0;1;92;92047;1;1;1.0;2.0;48,83328451;2,15990414;
202300038872.0;2;76;76351;2;3;1.0;3.0;49,50046000;0,13845000;
202300038873.0;1;78;78140;1;1;1.0;5.0;48,96379000;1,92628000;
202300038874.0;1;74;74012;2;2;2.0;6.0;46,19043000;6,23438000;
202300038875.0;1;92;92036;1;1;1.0;3.0;48,93510157;2,26605905;
202300038876.0;5;74;74012;2;1;1.0;6.0;46,18612000;6,23115000;
202300038877.0;1;78;78640;1;1;1.0;4.0;48,78294900;2,22321000;
202300038878.0;5;74;74010;2;3;2.0;6.0;45,91004000;6,11623000;
202300038879.0;1;92;92072;1;9;1.0;3.0;48,82338063;2,22201913;
202300038880.0;5;72;72181;2;1;1.0;2.0;48,00345000;0,19153000;
202300038881.0;1;78;78133;1;1;1.0;5.0;48,89327700;2,00815000;
202300038882.0;5;72;72181;2;1;2.0;3.0;48,01710000;0,18555000;
202300038883.0;3;93;93010;1;1;1.0;5.0;48,90207598;2,47041227;
202300038884.0;1;72;72181;2;9;1.0;3.0;47,98161000;0,21963000;
202300038885.0;1;93;93005;1;1;1.0;3.0;48,95699411;2,46113992;
202300038886.0;5;72;72181;2;9;2.0;3.0;47,99133000;0,20542000;
202300038887.0;1;95;95277;1;1;1.0;2.0;48,97502005;2,48988390;
202300038888.0;2;72;72181;2;1;1.0;2.0;48,01586000;0,15184000;
202300038889.0;5;69;69266;2;1;1.0;1.0;45,78598945;4,89796311;
202300038890.0;1;93;93078;1;1;1.0;5.0;48,96808000;2,50926000;
202300038891.0;1;92;92036;1;1;1.0;2.0;48,93876737;2,30748313;
202300038892.0;5;69;69029;2;3;1.0;1.0;45,73462672;4,93154436;
202300038893.0;2;93;93066;1;1;1.0;2.0;48,92188000;2,36001000;
202300038894.0;2;69;69029;2;8;2.0;3.0;45,72469000;4,91515000;
202300038895.0;1;94;94015;1;1;1.0;2.0;48,83297415;2,53364925;
202300038896.0;1;94;94079;1;1;1.0;2.0;48,83281718;2,53379035;
202300038897.0;2;67;67482;2;3;1.0;1.0;48,57742000;7,78550000;
202300038898.0;5;93;93051;1;1;1.0;3.0;48,83636000;2,55130000;
202300038899.0;1;67;67482;2;1;6.0;2.0;48,56995000;7,78335000;
202300038900.0;3;94;94069;1;1;1.0;2.0;48,81720461;2,42851783;
202300038901.0;1;64;64445;2;1;2.0;2.0;43,29656000; -0,38576000;
202300038902.0;1;987;98735;2;1;1.0;2.0;17,54083000;149,57085000;
202300038903.0;1;64;64284;1;6;1.0;7.0;43,29109888; -0,40477476;
202300038904.0;3;974;97416;1;1;2.0;7.0; -21,32593000;55,44851000;
202300038905.0;1;974;97411;2;1;1.0;6.0; -20,89601000;55,49113000;
202300038906.0;5;62;62724;2;1;1.0;6.0;50,40291900;2,92332600;
202300038907.0;1;974;97409;2;1;2.0;6.0; -20,97461000;55,65024000;
202300038908.0;5;62;62178;2;1;3.0;6.0;50,47600000;2,54400000;
202300038909.0;1;973;97302;2;6;1.0;3.0;4,92749659; -52,28993028;
202300038910.0;5;59;59599;2;1;1.0;6.0;50,69838000;3,15176000;
202300038911.0;3;973;97302;2;1;1.0;1.0;4,92728000; -52,31977000;
202300038912.0;5;59;59378;2;1;2.0;4.0;50,65220600;3,08225400;
202300038913.0;4;69;69386;2;2;1.0;6.0;45,76728000;4,84532000;
202300038914.0;5;59;59183;2;9;1.0;6.0;51,03836200;2,40590100;
202300038915.0;1;69;69387;2;1;1.0;5.0;45,75116000;4,85441000;
202300038916.0;5;59;59244;2;9;1.0;6.0;50,16705000;3,16161000;
202300038917.0;1;69;69388;2;2;1.0;3.0;45,72938000;4,86787000;
202300038918.0;5;54;54395;2;1;8.0;6.0;48,68790000;6,17977000;
202300038919.0;1;972;97213;1;1;1.0;4.0;14,61800000; -61,03000000;
202300038920.0;1;54;54547;2;3;1.0;6.0;48,66517000;6,16494000;
202300038921.0;5;54;54395;2;1;2.0;6.0;48,68983000;6,18324000;
202300038922.0;1;91;91691;2;1;8.0;3.0;48,71036000;2,49931000;
202300038923.0;2;54;54547;2;1;2.0;6.0;48,65375000;6,17751000;
202300038924.0;1;91;91479;2;3;1.0;3.0;48,71155000;2,35915000;
202300038925.0;5;54;54395;2;1;2.0;6.0;48,68800222;6,17967814;
202300038926.0;1;91;91174;2;3;1.0;6.0;48,61314800;2,48337000;
202300038927.0;1;89;89387;2;1;1.0;6.0;48,19513000;3,28331000;
202300038928.0;3;52;52448;1;1;8.0;3.0;48,64230496;4,91676807;
202300038929.0;1;87;87085;2;1;1.0;2.0;45,81450000;1,24219000;
202300038930.0;5;49;49246;2;1;2.0;6.0;47,44768000; -0,50978000;
202300038931.0;5;86;86194;1;1;1.0;3.0;46,58429000;0,39385000;
202300038932.0;5;49;49353;2;2;1.0;3.0;47,44611000; -0,49645000;
202300038933.0;1;82;82033;2;1;1.0;6.0;44,02916000;1,10783000;
202300038934.0;2;49;49267;2;1;2.0;2.0;47,47242000; -0,46066000;
202300038935.0;1;78;78650;2;2;1.0;1.0;48,90153000;2,13157000;
202300038936.0;1;44;44109;2;6;2.0;3.0;47,26346000; -1,57988000;
202300038937.0;5;78;78138;2;5;1.0;3.0;48,97030200;2,03221800;
202300038938.0;3;41;41018;1;3;8.0;3.0;47,56781400;1,31144990;
202300038939.0;1;78;78172;2;1;1.0;6.0;49,00638500;2,11822400;
202300038940.0;1;37;37261;2;9;1.0;3.0;47,38717000;0,68995000;
202300038941.0;1;78;78172;2;2;1.0;3.0;49,00507700;2,09355000;
202300038942.0;5;35;35238;2;3;2.0;3.0;48,08895064; -1,67636722;
202300038943.0;1;76;76322;2;2;6.0;3.0;49,41861000;1,03175000;
202300038944.0;1;35;35238;2;6;1.0;6.0;48,09318235; -1,65837497;
202300038945.0;5;35;35238;2;2;1.0;5.0;48,10988003; -1,67403907;
202300038946.0;1;71;71306;2;1;1.0;3.0;46,67383000;4,37395000;
202300038947.0;5;35;35238;2;1;2.0;6.0;48,10996000; -1,66262000;
202300038948.0;1;71;71270;2;6;1.0;1.0;46,29888163;4,82754573;
202300038949.0;5;34;34172;2;2;1.0;3.0;43,60119000;3,86828000;
202300038950.0;5;69;69256;2;4;1.0;7.0;45,77381000;4,93237000;
202300038951.0;1;34;34172;2;1;1.0;5.0;43,61120000;3,83889000;
202300038952.0;1;69;69013;1;4;1.0;1.0;46,01114000;4,72531000;
202300038953.0;2;33;33063;2;1;7.0;3.0;44,83403000; -0,55241000;
202300038954.0;1;69;69259;2;1;1.0;6.0;45,69378000;4,87564000;
202300038955.0;1;69;69259;2;2;1.0;3.0;45,71406000;4,87934000;
202300038956.0;3;33;33529;1;2;9.0;3.0;44,61040000; -1,12360000;
202300038957.0;1;69;69290;2;4;1.0;3.0;45,69187000;4,96716000;
202300038958.0;1;27;27681;2;3;2.0;5.0;49,07160000;1,47247000;
202300038959.0;1;69;69290;2;1;1.0;7.0;45,70718000;4,98714000;
202300038960.0;1;27;27562;2;9;2.0;6.0;49,10269000;1,45286000;
202300038961.0;5;67;67482;2;8;1.0;1.0;48,57986000;7,71773000;
202300038962.0;1;64;64348;1;1;1.0;2.0;43,34176000; -0,37984000;
202300038963.0;3;64;64445;2;3;1.0;3.0;43,32937000; -0,35326000;
202300038964.0;1;13;13208;2;1;1.0;6.0;43,25529000;5,38226000;
202300038965.0;1;11;11069;2;1;1.0;7.0;43,19404133;2,34481281;
202300038966.0;5;63;63113;2;6;1.0;6.0;45,78161000;3,07083000;
202300038967.0;2;10;10081;2;1;2.0;3.0;48,32148000;4,02726000;
202300038968.0;5;62;62907;1;1;1.0;6.0;50,48909000;2,99110000;
202300038969.0;2;58;58194;2;6;7.0;6.0;47,00082000;3,15649000;
202300038970.0;1;10;10362;2;2;2.0;3.0;48,29162533;4,03546783;
202300038971.0;1;09;09122;2;1;2.0;6.0;42,96409000;1,60851000;
202300038972.0;1;56;56121;2;3;1.0;3.0;47,75203000; -3,37929000;
202300038973.0;1;54;54357;2;1;1.0;1.0;48,71086221;6,17365122;
202300038974.0;1;06;06159;2;3;1.0;2.0;43,70108800;7,30681700;
202300038975.0;1;54;54395;2;3;1.0;6.0;48,69024728;6,18767381;
202300038976.0;1;06;06069;2;2;1.0;3.0;43,66220000;6,93425300;
202300038977.0;1;54;54159;1;4;5.0;3.0;48,61248400;6,37364500;
202300038978.0;1;51;51454;2;1;1.0;6.0;49,25741000;4,02596000;
202300038979.0;5;01;01014;2;1;2.0;3.0;46,28438000;5,66257000;
202300038980.0;1;50;50502;2;1;1.0;3.0;49,11603000; -1,06639000;
202300038981.0;5;75;75114;2;4;1.0;2.0;48,82503600;2,30354900;
202300038982.0;3;50;50129;1;1;1.0;7.0;49,59456000; -1,59578000;
202300038983.0;1;75;75119;2;1;1.0;1.0;48,88310400;2,38667200;
202300038984.0;1;50;50129;2;3;1.0;6.0;49,62769000; -1,63333000;
202300038985.0;5;75;75118;2;2;1.0;6.0;48,88671400;2,34660300;
202300038986.0;5;45;45302;2;1;1.0;1.0;47,94322000;1,89266000;
202300038987.0;5;75;75115;2;1;1.0;6.0;48,83773900;2,28027200;
202300038988.0;1;42;42186;2;1;1.0;6.0;45,51580000;4,60473000;
202300038989.0;1;37;37195;2;1;1.0;6.0;47,37539000;0,65800000;
202300038990.0;1;75;75111;2;3;1.0;3.0;48,86097800;2,37478800;
202300038991.0;1;37;37122;1;1;1.0;2.0;47,34750444;0,64617705;
202300038992.0;1;75;75110;2;2;1.0;6.0;48,87974400;2,35872500;
202300038993.0;1;35;35238;2;6;1.0;6.0;48,08757105; -1,64412171;
202300038994.0;2;30;30189;2;3;1.0;6.0;43,83770266;4,34901819;
202300038995.0;1;75;75108;2;1;1.0;2.0;48,86446400;2,31896400;
202300038996.0;1;29;29039;1;9;1.0;3.0;47,89504898; -3,91368655;
202300038997.0;5;75;75101;2;3;2.0;7.0;48,86122800;2,34968000;
202300038998.0;5;29;29019;2;2;1.0;3.0;48,37287100; -4,53927100;
202300038999.0;2;75;75101;2;2;1.0;6.0;48,86007283;2,34908670;
202300039000.0;1;27;27229;2;6;1.0;2.0;49,03297000;1,15556000;
202300039001.0;5;94;94042;2;2;8.0;3.0;48,82010237;2,47845112;
202300039002.0;1;19;19272;2;1;1.0;7.0;45,28453193;1,77318156;
202300039003.0;1;19;19031;2;1;1.0;2.0;45,16638000;1,54010000;
202300039004.0;5;94;94068;2;1;2.0;3.0;48,80797000;2,47350000;
202300039005.0;1;94;94068;2;2;1.0;3.0;48,79115000;2,49656700;
202300039006.0;1;13;13071;2;9;1.0;1.0;43,40533645;5,28340164;
202300039007.0;2;13;13216;2;1;1.0;1.0;43,36252000;5,32228000;
202300039008.0;5;94;94076;2;3;1.0;3.0;48,79276700;2,36925700;
202300039009.0;1;13;13210;2;1;1.0;3.0;43,27950000;5,41730000;
202300039010.0;1;94;94028;2;1;1.0;6.0;48,77166000;2,45974000;
202300039011.0;1;13;13201;2;1;1.0;3.0;43,29947000;5,38056000;
202300039012.0;5;94;94054;2;2;1.0;3.0;48,74513211;2,38863355;
202300039013.0;1;13;13213;2;4;1.0;3.0;43,32700000;5,41000000;
202300039014.0;2;94;94018;2;1;1.0;7.0;48,82066500;2,40233800;
202300039015.0;1;13;13214;2;1;1.0;5.0;43,33936885;5,38952039;
202300039016.0;1;13;13205;2;1;1.0;6.0;43,28934000;5,39663000;
202300039017.0;5;93;93072;2;1;1.0;2.0;48,94851300;2,38632200;
202300039018.0;5;13;13210;2;5;1.0;2.0;43,28558000;5,42499000;
202300039019.0;1;93;93070;2;1;1.0;1.0;48,90147900;2,32794400;
202300039020.0;5;13;13208;2;3;1.0;3.0;43,26502000;5,39123000;
202300039021.0;3;93;93066;2;1;1.0;3.0;48,93441800;2,34929000;
202300039022.0;1;13;13005;2;1;1.0;3.0;43,28800000;5,53917000;
202300039023.0;5;10;10387;2;1;1.0;3.0;48,28730000;4,08640000;
202300039024.0;1;10;10387;2;1;1.0;6.0;48,29430000;4,08270000;
202300039025.0;5;93;93066;2;1;2.0;4.0;48,93869900;2,35847300;
202300039026.0;1;04;04070;2;1;1.0;7.0;44,08934000;6,21320000;
202300039027.0;2;93;93077;2;2;2.0;1.0;48,88665159;2,50891417;
202300039028.0;5;75;75111;2;5;1.0;3.0;48,86400200;2,38120300;
202300039029.0;5;75;75113;2;3;1.0;7.0;48,83218500;2,37734000;
202300039030.0;1;93;93055;2;1;2.0;1.0;48,89555037;2,40055829;
202300039031.0;1;75;75120;2;2;1.0;3.0;48,85475600;2,39749400;
202300039032.0;1;93;93006;2;9;1.0;3.0;48,87690800;2,42341400;
202300039033.0;1;75;75120;2;2;1.0;3.0;48,87000100;2,39446100;
202300039034.0;1;75;75117;2;2;1.0;3.0;48,88035200;2,28680000;
202300039035.0;1;93;93029;2;1;6.0;3.0;48,92208600;2,45594200;
202300039036.0;2;75;75117;2;2;1.0;3.0;48,89396700;2,32142700;
202300039037.0;2;93;93008;2;1;1.0;6.0;48,90965400;2,45155000;
202300039038.0;1;75;75116;2;1;1.0;2.0;48,85887500;2,27640400;
202300039039.0;5;92;92078;2;3;1.0;3.0;48,93783722;2,32428914;
202300039040.0;1;75;75116;2;1;1.0;3.0;48,84660900;2,27413600;
202300039041.0;1;75;75116;2;1;1.0;6.0;48,87702700;2,28339600;
202300039042.0;5;92;92064;2;3;2.0;3.0;48,85413200;2,22260500;
202300039043.0;1;75;75115;2;1;1.0;7.0;48,83836000;2,27033000;
202300039044.0;1;75;75115;2;1;1.0;2.0;48,84164700;2,30843400;
202300039045.0;1;92;92076;2;1;8.0;3.0;48,83801600;2,14621500;
202300039046.0;1;75;75115;2;2;1.0;2.0;48,85082600;2,28371300;
202300039047.0;5;92;92051;2;9;1.0;6.0;48,88903000;2,26310000;
202300039048.0;1;75;75112;2;1;1.0;6.0;48,84292500;2,38440700;
202300039049.0;1;75;75112;2;1;1.0;3.0;48,84635100;2,38772000;
202300039050.0;5;92;92051;2;3;2.0;7.0;48,88234000;2,25322000;
202300039051.0;5;75;75111;2;3;1.0;3.0;48,86068900;2,36738900;
202300039052.0;5;92;92040;2;1;2.0;2.0;48,82683525;2,27935463;
202300039053.0;1;75;75110;2;4;1.0;3.0;48,87889900;2,36242600;
202300039054.0;1;75;75108;2;2;1.0;3.0;48,87943300;2,31428400;
202300039055.0;1;92;92036;2;1;2.0;6.0;48,93376000;2,31780000;
202300039056.0;1;92;92036;2;1;1.0;6.0;48,94094000;2,30351000;
202300039057.0;1;75;75108;2;1;1.0;3.0;48,86615700;2,32194500;
202300039058.0;5;92;92026;2;1;1.0;6.0;48,89659000;2,25224000;
202300039059.0;1;94;94078;2;1;1.0;6.0;48,73059300;2,44684800;
202300039060.0;1;94;94078;2;1;1.0;3.0;48,72884000;2,44642000;
202300039061.0;3;92;92026;2;1;1.0;6.0;48,90349025;2,25450218;
202300039062.0;1;94;94015;2;9;1.0;2.0;48,83248678;2,53119841;
202300039063.0;5;92;92023;2;1;1.0;6.0;48,80631946;2,27660832;
202300039064.0;1;94;94042;2;1;1.0;3.0;48,82008092;2,47576341;
202300039065.0;5;92;92007;2;1;1.0;3.0;48,79103847;2,31979769;
202300039066.0;1;94;94003;2;1;1.0;3.0;48,80250400;2,33835800;
202300039067.0;5;94;94033;2;1;1.0;1.0;48,84389000;2,45948000;
202300039068.0;1;94;94028;1;1;2.0;3.0;48,78447000;2,45847000;
202300039069.0;1;94;94022;2;1;1.0;3.0;48,77411000;2,39927900;
202300039070.0;5;93;93071;2;3;1.0;3.0;48,92828000;2,51875000;
202300039071.0;1;93;93066;2;1;1.0;6.0;48,93199200;2,35294600;
202300039072.0;1;31;31446;2;1;1.0;6.0;43,53486800;1,47971000;
202300039073.0;1;93;93029;2;3;1.0;3.0;48,92769600;2,43770300;
202300039074.0;5;93;93014;2;1;1.0;3.0;48,90608912;2,55281047;
202300039075.0;1;92;92072;2;1;1.0;2.0;48,82636478;2,21869826;
202300039076.0;1;92;92064;2;1;1.0;7.0;48,84275474;2,21941486;
202300039077.0;1;92;92063;2;3;1.0;3.0;48,86046134;2,17724517;
202300039078.0;1;92;92063;2;3;1.0;4.0;48,87256115;2,17803776;
202300039079.0;1;92;92051;2;2;1.0;3.0;48,88340575;2,27351591;
202300039080.0;5;92;92051;2;9;1.0;3.0;48,88162000;2,25246000;
202300039081.0;1;92;92020;2;1;1.0;2.0;48,79963000;2,28171000;
202300039082.0;1;92;92044;2;6;1.0;6.0;48,89886192;2,27887094;
202300039083.0;1;92;92036;2;6;1.0;2.0;48,93334698;2,30269253;
202300039084.0;1;92;92036;2;1;2.0;2.0;48,92662610;2,29333967;
202300039085.0;1;92;92025;2;2;1.0;3.0;48,91453073;2,22889484;