Num_Acc;lum;departement;commune;agglomeration;intersection;meteo;type_collision;lat;long;date
202300039086.0;1;92;92071;2;1;1.0;3.0;48,77787000;2,29062000;
202300039087.0;1;92;92036;2;1;1.0;3.0;48,91978000;2,31405000;
202300039088.0;5;67;67372;2;6;1.0;6.0;48,84934600;7,64009000;
202300039089.0;1;67;67372;2;1;1.0;3.0;48,84677400;7,60981000;
202300039090.0;1;31;31445;2;1;1.0;2.0;43,58359500;1,51310600;
202300039091.0;2;22;22025;1;3;1.0;3.0;48,42115500; -3,41446300;
202300039092.0;1;14;14712;1;1;1.0;7.0;49,17403100; -0,17404300;
202300039093.0;1;22;22050;1;3;8.0;3.0;48,43738300; -2,04354800;
202300039094.0;1;60;60103;1;2;2.0;3.0;49,41170600;2,26741600;
202300039095.0;1;62;62711;2;1;1.0;2.0;50,81686600;1,74464700;
202300039096.0;1;13;13071;1;1;1.0;2.0;43,40663300;5,32760000;
202300039097.0;3;13;13211;1;1;1.0;2.0;43,28807985;5,44165529;
202300039098.0;1;33;33167;1;1;1.0;2.0;44,84447782; -0,50203845;
202300039099.0;1;33;33143;1;1;1.0;2.0;44,95520000; -0,45376000;
202300039100.0;1;33;33063;1;1;1.0;3.0;44,88303999; -0,55369788;
202300039101.0;1;59;59378;1;1;1.0;6.0;50,70022000;3,11684000;
202300039102.0;3;91;91570;1;1;3.0;7.0;48,62509000;2,33019000;
202300039103.0;2;92;92023;1;1;1.0;3.0;48,77617937;2,22840361;
202300039104.0;1;74;74010;1;1;1.0;1.0;45,92019900;6,18101100;
202300039105.0;1;74;74010;2;3;1.0;2.0;45,91164900;6,09522900;
202300039106.0;1;74;74147;1;9;1.0;3.0;45,79146700;6,21332100;
202300039107.0;1;74;74043;2;1;1.0;6.0;46,26538600;6,37222100;
202300039108.0;1;74;74236;2;1;8.0;7.0;45,89685400;6,72159400;
202300039109.0;1;74;74104;2;1;1.0;5.0;45,80430400;6,21203800;
202300039110.0;1;74;74298;2;1;1.0;1.0;46,16780000;6,27134000;
202300039111.0;5;74;74172;2;1;1.0;1.0;46,40534378;6,63733613;
202300039112.0;1;74;74218;2;1;1.0;2.0;46,39689000;6,56370000;
202300039113.0;1;74;74281;2;1;1.0;2.0;46,39182000;6,50536000;
202300039114.0;1;29;29232;2;1;1.0;6.0;47,98500300; -4,06000200;
202300039115.0;1;976;97611;2;1;1.0;6.0; -12,77320000;45,21976000;
202300039116.0;1;974;97411;2;1;1.0;3.0; -20,88861000;55,44886000;
202300039117.0;1;69;69388;2;4;2.0;1.0;45,73876000;4,85214000;
202300039118.0;1;69;69388;2;1;1.0;6.0;45,72927937;4,85034597;
202300039119.0;1;972;97213;1;1;8.0;2.0;14,59560000; -60,98522000;
202300039120.0;5;971;97101;2;6;2.0;7.0;16,25875000; -61,51142000;
202300039121.0;5;971;97101;1;1;2.0;4.0;16,23570000; -61,51250000;
202300039122.0;1;971;97120;1;2;1.0;3.0;16,24010000; -61,53210000;
202300039123.0;1;91;91549;2;1;1.0;6.0;48,65573000;2,31129000;
202300039124.0;1;91;91421;2;3;1.0;3.0;48,71378100;2,44320900;
202300039125.0;1;83;83137;2;1;1.0;2.0;43,11214000;5,93515000;
202300039126.0;1;77;77186;1;6;2.0;7.0;48,47468700;2,67882500;
202300039127.0;1;76;76270;1;1;1.0;6.0;49,53067000;0,12540000;
202300039128.0;1;67;67462;2;2;2.0;3.0;48,25872000;7,44866000;
202300039129.0;2;66;66136;1;6;1.0;6.0;42,69906424;2,92861283;
202300039130.0;2;66;66136;1;1;1.0;1.0;42,69885000;2,91461000;
202300039131.0;1;66;66136;2;3;1.0;6.0;42,69449084;2,90149033;
202300039132.0;1;64;64545;2;1;2.0;6.0;43,36142592; -1,69238269;
202300039133.0;1;64;64335;1;3;2.0;3.0;43,33913000; -0,39505000;
202300039134.0;1;61;61006;1;1;1.0;4.0;48,71310000; -0,00596000;
202300039135.0;1;58;58194;2;2;1.0;3.0;46,98739000;3,14081000;
202300039136.0;1;50;50647;2;1;1.0;2.0;48,84361000; -1,55790000;
202300039137.0;5;50;50129;2;2;1.0;1.0;49,62090000; -1,64231000;
202300039138.0;1;49;49015;2;2;2.0;4.0;47,50688000; -0,58974000;
202300039139.0;1;49;49007;1;1;1.0;7.0;47,46149000; -0,51685000;
202300039140.0;1;35;35238;2;3;1.0;3.0;48,09709000; -1,65377000;
202300039141.0;1;35;35238;2;2;2.0;6.0;48,09798000; -1,65558000;
202300039142.0;1;35;35281;1;1;3.0;2.0;48,08665608; -1,71976268;
202300039143.0;1;33;33550;2;3;1.0;3.0;44,78656602; -0,58647788;
202300039144.0;1;33;33200;2;2;1.0;3.0;44,87814732; -0,67655236;
202300039145.0;1;33;33318;2;3;1.0;6.0;44,79198000; -0,63074000;
202300039146.0;1;33;33529;2;3;1.0;3.0;44,63890917; -1,15416795;
202300039147.0;1;31;31555;1;1;1.0;2.0;43,62251100;1,40358200;
202300039148.0;1;31;31555;2;3;1.0;3.0;43,61696000;1,45800000;
202300039149.0;2;30;30189;2;1;1.0;6.0;43,82370000;4,33820000;
202300039150.0;1;30;30007;2;6;1.0;3.0;44,14579300;4,10091100;
202300039151.0;1;28;28223;2;4;1.0;6.0;48,72518000;1,39605000;
202300039152.0;1;27;27681;2;6;2.0;3.0;49,09267000;1,47089000;
202300039153.0;1;27;27229;2;2;1.0;1.0;49,02788000;1,17573000;
202300039154.0;1;25;25580;1;1;2.0;3.0;47,45807000;6,84329000;
202300039155.0;1;25;25056;2;6;2.0;6.0;47,24441900;5,99566500;
202300039156.0;1;22;22278;2;1;7.0;2.0;48,51946000; -2,79057000;
202300039157.0;1;16;16102;2;2;1.0;3.0;45,68834000; -0,31896000;
202300039158.0;1;15;15012;2;1;1.0;1.0;44,90444000;2,47754800;
202300039159.0;2;13;13201;2;1;1.0;6.0;43,30194828;5,37589225;
202300039160.0;1;10;10265;2;1;2.0;7.0;48,30099000;4,03950000;
202300039161.0;1;10;10387;2;2;2.0;1.0;48,28770391;4,07714009;
202300039162.0;5;06;06088;2;1;1.0;6.0;43,67332000;7,22639000;
202300039163.0;1;06;06069;1;1;1.0;3.0;43,67475700;6,94525100;
202300039164.0;1;75;75116;2;1;1.0;2.0;48,86423900;2,26664100;
202300039165.0;5;75;75112;2;1;2.0;2.0;48,84494100;2,41403500;
202300039166.0;5;75;75117;2;1;3.0;6.0;48,87968692;2,28083253;
202300039167.0;1;75;75116;2;1;2.0;2.0;48,87290600;2,27444700;
202300039168.0;1;75;75119;2;1;2.0;6.0;48,88243400;2,38621100;
202300039169.0;1;75;75119;2;4;2.0;6.0;48,88166500;2,38850600;
202300039170.0;1;75;75119;2;9;8.0;2.0;48,88026000;2,40039700;
202300039171.0;2;75;75117;2;3;2.0;7.0;48,87865400;2,29420100;
202300039172.0;1;75;75113;2;3;2.0;6.0;48,83456900;2,35776900;
202300039173.0;5;75;75111;2;2;2.0;3.0;48,86524900;2,37454900;
202300039174.0;1;75;75108;2;3;1.0;2.0;48,86499700;2,31369700;
202300039175.0;2;94;94079;1;6;2.0;2.0;48,82750000;2,52760000;
202300039176.0;1;95;95527;1;1;1.0;4.0;49,02699782;2,51473188;
202300039177.0;1;93;93066;2;3;1.0;3.0;48,91415084;2,34533039;
202300039178.0;1;93;93050;2;3;2.0;3.0;48,85472000;2,52254000;
202300039179.0;5;93;93048;2;2;8.0;3.0;48,87654000;2,45466000;
202300039180.0;1;93;93057;2;2;2.0;6.0;48,91400565;2,49173458;
202300039181.0;1;92;92062;2;1;2.0;1.0;48,88515000;2,22597000;
202300039182.0;5;92;92024;2;2;2.0;3.0;48,90004000;2,30631000;
202300039183.0;1;92;92023;2;6;1.0;5.0;48,78981074;2,25270889;
202300039184.0;1;38;38157;1;6;1.0;3.0;45,51209900;4,95671200;
202300039185.0;1;22;22209;1;1;1.0;2.0;48,58221100; -2,12420800;
202300039186.0;1;22;22094;1;3;1.0;3.0;48,59605300; -2,14967300;
202300039187.0;1;49;49110;1;1;1.0;3.0;47,55648400; -0,33387600;
202300039188.0;1;974;97414;2;9;1.0;6.0; -21,27359400;55,40377400;
202300039189.0;1;58;58270;1;2;1.0;3.0;47,50236600;3,01385300;
202300039190.0;1;83;83100;1;3;6.0;2.0;43,27787700;6,12418100;
202300039191.0;1;87;87020;1;1;1.0;2.0;45,93812400;1,30458400;
202300039192.0;1;40;40246;1;1;1.0;3.0;44,13094000; -0,71126800;
202300039193.0;1;95;95316;1;1;8.0;6.0;49,08007500;2,44468900;
202300039194.0;2;62;62096;1;2;1.0;3.0;50,12828200;2,97535300;
202300039195.0;5;59;59580;2;1;1.0;6.0;50,81226400;2,62580600;
202300039196.0;1;79;79334;1;2;1.0;3.0;46,14853200; -0,53296600;
202300039197.0;1;2B;2B043;1;1;1.0;1.0;42,77668800;9,46777400;
202300039198.0;3;32;32012;1;1;1.0;6.0;43,64927900;0,79436300;
202300039199.0;3;63;63443;1;1;8.0;6.0;45,93148964;3,17196555;
202300039200.0;1;63;63321;1;1;1.0;1.0;45,60537600;3,31746300;
202300039201.0;3;02;02095;1;1;1.0;2.0;50,00587700;3,45498600;
202300039202.0;1;03;03236;1;1;1.0;1.0;46,19236800;3,41983800;
202300039203.0;1;70;70149;1;1;8.0;1.0;47,63281200;6,71854700;
202300039204.0;2;66;66160;2;1;1.0;1.0;42,48986500;2,70316100;
202300039205.0;2;50;50243;1;1;1.0;7.0;49,03351400; -1,49891500;
202300039206.0;2;43;43114;2;1;1.0;6.0;45,16129000;4,22709400;
202300039207.0;1;36;36012;1;1;2.0;6.0;46,46099913;1,56939268;
202300039208.0;5;36;36071;2;1;1.0;6.0;46,77728300;1,78221500;
202300039209.0;1;24;24352;1;1;1.0;2.0;45,25208900;0,36397600;
202300039210.0;1;24;24484;1;1;1.0;1.0;45,12214200;0,86783400;
202300039211.0;3;27;27655;1;1;1.0;6.0;49,31832500;0,52916200;
202300039212.0;1;27;27116;1;4;1.0;3.0;49,17895400;0,70338200;
202300039213.0;1;66;66228;1;4;1.0;3.0;42,70829800;2,79683600;
202300039214.0;1;06;06088;1;1;1.0;1.0;43,70809400;7,19245100;
202300039215.0;2;11;11262;1;1;1.0;1.0;43,17335400;3,06452000;
202300039216.0;3;30;30189;1;1;1.0;6.0;43,81267500;4,35574700;
202300039217.0;1;34;34146;1;1;1.0;6.0;43,69130700;4,07256200;
202300039218.0;3;976;97617;1;1;1.0;3.0; -12,78083300;45,10767500;
202300039219.0;1;27;27563;1;1;1.0;6.0;49,38544600;0,50056500;
202300039220.0;1;987;98744;1;1;1.0;6.0; -22,47882900; -151,34544600;
202300039221.0;1;988;98821;1;1;1.0;1.0; -22,07486300;166,28642300;
202300039222.0;1;41;41136;2;1;7.0;1.0;47,71340000;1,51265900;
202300039223.0;3;45;45089;1;1;1.0;6.0;47,91560900;2,01233300;
202300039224.0;1;77;77031;1;3;1.0;3.0;48,65674700;2,92634900;
202300039225.0;1;83;83068;1;1;1.0;6.0;43,28763600;6,60238600;
202300039226.0;1;04;04063;1;1;1.0;3.0;43,77176400;5,76450200;
202300039227.0;1;71;71176;2;3;1.0;1.0;46,47754300;3,98855200;
202300039228.0;1;71;71571;1;1;1.0;1.0;46,37298700;4,43543000;
202300039229.0;1;71;71236;1;1;1.0;2.0;46,40122400;4,74437700;
202300039230.0;1;54;54348;1;1;2.0;6.0;48,83502065;5,89877844;
202300039231.0;2;31;31193;1;1;1.0;3.0;43,27428800;1,06613000;
202300039232.0;1;86;86197;1;2;1.0;3.0;47,00793900;0,26271700;
202300039233.0;1;33;33284;1;1;1.0;6.0;44,65366018; -0,85285395;
202300039234.0;1;49;49021;1;1;1.0;3.0;47,41248648; -0,20202092;
202300039235.0;3;60;60685;1;1;2.0;7.0;49,36931000;2,22360500;
202300039236.0;2;59;59400;1;1;1.0;7.0;50,64632800;2,66089100;
202300039237.0;1;13;13070;1;1;1.0;4.0;43,28500000;5,51500000;
202300039238.0;1;13;13211;1;1;1.0;6.0;43,29214984;5,48051521;
202300039239.0;1;83;83144;1;1;1.0;2.0;43,14252635;6,00850589;
202300039240.0;1;33;33249;1;1;1.0;2.0;44,88116419; -0,51084280;
202300039241.0;1;59;59386;1;1;2.0;6.0;50,68302000;3,06514000;
202300039242.0;1;78;78217;1;1;1.0;2.0;48,96566600;1,81144300;
202300039243.0;1;95;95582;1;1;1.0;5.0;48,96251000;2,26372000;
202300039244.0;1;93;93078;1;1;8.0;2.0;48,95891000;2,52631000;
202300039245.0;1;93;93027;1;1;8.0;6.0;48,92667000;2,40326000;
202300039246.0;1;95;95582;1;1;2.0;6.0;48,97563000;2,24120000;
202300039247.0;3;95;95241;1;1;1.0;2.0;49,04808411;2,43497837;
202300039248.0;1;94;94028;1;1;1.0;4.0;48,77630937;2,43517187;
202300039249.0;1;77;77018;1;1;2.0;6.0;48,83496700;2,80550000;
202300039250.0;1;94;94022;1;1;3.0;7.0;48,77667160;2,41970908;
202300039251.0;1;94;94017;1;1;2.0;3.0;48,83044403;2,49190676;
202300039252.0;3;77;77495;1;1;3.0;5.0;48,58694300;2,63679300;
202300039253.0;1;94;94074;1;1;3.0;3.0;48,76111962;2,46826261;
202300039254.0;1;63;63113;2;1;2.0;3.0;45,78849000;3,09718000;
202300039255.0;1;83;83123;2;1;1.0;1.0;43,12634303;5,78783298;
202300039256.0;5;974;97411;2;9;1.0;2.0; -20,89014000;55,46080000;
202300039257.0;3;974;97411;1;1;1.0;6.0; -20,88001000;55,39806000;
202300039258.0;1;973;97302;2;1;1.0;3.0;4,91480000; -52,32093000;
202300039259.0;1;2B;2B264;1;1;1.0;4.0;42,36230000;9,26170000;
202300039260.0;1;2B;2B120;1;1;1.0;3.0;42,65747000;9,43244000;
202300039261.0;3;971;97113;1;9;1.0;2.0;16,21884000; -61,50232000;
202300039262.0;1;91;91421;2;1;1.0;3.0;48,71445200;2,44792100;
202300039263.0;5;91;91223;2;1;2.0;7.0;48,43686000;2,13640000;
202300039264.0;1;90;90010;2;1;1.0;7.0;47,65513000;6,84114000;
202300039265.0;1;87;87085;2;6;1.0;6.0;45,83291000;1,25564000;
202300039266.0;1;83;83009;1;1;1.0;6.0;43,14980000;5,76007000;
202300039267.0;1;83;83123;2;3;1.0;3.0;43,11719600;5,80543200;
202300039268.0;1;77;77449;1;1;2.0;6.0;48,83098300;2,80003600;
202300039269.0;1;76;76540;2;3;2.0;6.0;49,44414000;1,07135000;
202300039270.0;1;69;69264;2;1;2.0;7.0;45,99823000;4,73884000;
202300039271.0;1;64;64284;2;1;1.0;2.0;43,28657000; -0,38960000;
202300039272.0;1;64;64140;2;1;2.0;3.0;43,52812000; -1,47983000;
202300039273.0;1;59;59560;2;6;1.0;1.0;50,54953300;3,05120900;
202300039274.0;1;58;58194;2;6;1.0;3.0;47,00475000;3,14661000;
202300039275.0;5;58;58194;2;3;1.0;3.0;46,98742000;3,15125000;
202300039276.0;2;57;57672;2;1;1.0;7.0;49,35800000;6,13800000;
202300039277.0;1;56;56121;2;1;1.0;2.0;47,75788000; -3,35447000;
202300039278.0;1;56;56162;1;1;1.0;6.0;47,70332000; -3,45868000;
202300039279.0;1;54;54395;2;2;1.0;3.0;48,69704374;6,15832508;
202300039280.0;1;54;54274;2;3;1.0;3.0;48,67150000;6,20548000;
202300039281.0;1;45;45234;2;1;1.0;3.0;47,88409642;1,89823151;
202300039282.0;2;45;45004;1;1;2.0;6.0;47,97108800;2,73751400;
202300039283.0;1;43;43046;2;1;1.0;1.0;45,05765000;3,90249000;
202300039284.0;1;39;39198;2;1;1.0;6.0;47,09461800;5,50729000;
202300039285.0;1;37;37214;2;6;1.0;3.0;47,41911000;0,67399000;
202300039286.0;1;37;37261;2;2;1.0;3.0;47,39296000;0,68779000;
202300039287.0;2;30;30102;1;1;1.0;6.0;43,91240900;4,28735000;
202300039288.0;1;88;88319;2;1;1.0;2.0;48,37762200;6,88332100;
202300039289.0;1;88;88148;1;2;1.0;3.0;47,98841000;6,63464200;
202300039290.0;1;42;42155;1;1;1.0;6.0;45,81685100;4,11429400;
202300039291.0;1;83;83116;1;1;1.0;5.0;43,44880529;5,88847971;
202300039292.0;2;974;97418;2;1;1.0;1.0; -20,91485000;55,51007000;
202300039293.0;1;971;97107;1;1;1.0;3.0;16,01360000; -61,58596500;
202300039294.0;1;33;33203;1;3;1.0;3.0;45,13913500; -1,04521400;
202300039295.0;1;45;45270;1;1;1.0;6.0;47,82381000;2,29669000;
202300039296.0;4;77;77413;2;1;1.0;7.0;48,88358000;2,84510000;
202300039297.0;1;91;91494;1;6;1.0;4.0;48,61489600;2,35103100;
202300039298.0;1;13;13073;1;1;1.0;1.0;43,39668700;5,57521300;
202300039299.0;1;13;13027;2;2;1.0;3.0;43,88525100;4,82898700;
202300039300.0;1;26;26165;1;1;1.0;2.0;44,80347864;4,85014200;
202300039301.0;4;55;55514;2;1;1.0;7.0;48,74760300;5,05828000;
202300039302.0;1;57;57620;2;1;1.0;7.0;49,19994400;5,99473700;
202300039303.0;1;38;38468;1;1;1.0;4.0;45,33833100;4,80458700;
202300039304.0;1;65;65123;1;1;1.0;3.0;42,95599500;0,25818400;
202300039305.0;1;09;09293;1;1;1.0;1.0;42,96288400;1,51737400;
202300039306.0;1;79;79049;2;1;2.0;7.0;46,81065300; -0,55998600;
202300039307.0;1;79;79049;2;1;1.0;7.0;46,83889400; -0,49611500;
202300039308.0;2;60;60452;1;1;1.0;7.0;49,20571000;1,99773700;
202300039309.0;1;59;59190;1;1;1.0;1.0;50,30992000;4,01543900;
202300039310.0;1;59;59080;2;1;1.0;3.0;50,46379400;3,28758100;
202300039311.0;1;13;13202;1;1;1.0;2.0;43,31961000;5,36377000;
202300039312.0;1;13;13005;1;1;1.0;7.0;43,28840000;5,54805000;
202300039313.0;1;69;69276;1;1;1.0;7.0;45,66385942;4,84307563;
202300039314.0;1;67;67365;1;1;1.0;6.0;48,53923000;7,71869000;
202300039315.0;1;33;33318;1;1;1.0;2.0;44,78488000; -0,62959000;
202300039316.0;1;62;62274;1;1;1.0;6.0;50,44077000;2,97299000;
202300039317.0;1;91;91136;1;1;1.0;3.0;48,71322000;2,28624000;
202300039318.0;1;94;94065;1;1;1.0;2.0;48,75423746;2,35186390;
202300039319.0;1;94;94038;1;1;1.0;2.0;48,78022461;2,34674665;
202300039320.0;1;92;92064;1;1;2.0;7.0;48,83922315;2,21115320;
202300039321.0;1;95;95252;1;1;1.0;3.0;48,97641088;2,23645806;
202300039322.0;1;93;93005;1;1;8.0;6.0;48,96143000;2,46628000;
202300039323.0;1;95;95018;1;1;1.0;2.0;48,96033709;2,27110147;
202300039324.0;1;95;95154;1;1;1.0;3.0;49,05184369;2,54809856;
202300039325.0;1;93;93006;1;1;1.0;2.0;48,86577158;2,41749625;
202300039326.0;5;95;95527;1;1;3.0;3.0;49,01544622;2,53143909;
202300039327.0;1;94;94004;1;1;1.0;2.0;48,75940121;2,50031751;
202300039328.0;1;94;94017;1;1;1.0;4.0;48,82732384;2,50906368;
202300039329.0;3;38;38297;1;1;1.0;7.0;45,68935600;5,42933800;
202300039330.0;5;971;97105;2;9;8.0;6.0;15,99162000; -61,72904000;
202300039331.0;1;78;78029;2;3;1.0;3.0;48,95368000;1,85588000;
202300039332.0;1;76;76108;2;1;1.0;6.0;49,46338000;1,13299000;
202300039333.0;1;67;67482;2;1;1.0;6.0;48,57444000;7,75364000;
202300039334.0;5;972;97209;1;1;1.0;4.0;14,61402100; -61,05172300;
202300039335.0;1;2B;2B120;1;9;1.0;2.0;42,63796000;9,43830000;
202300039336.0;1;2A;2A004;2;1;1.0;2.0;41,94358000;8,75436000;
202300039337.0;1;91;91114;2;1;2.0;6.0;48,69384000;2,50228000;
202300039338.0;1;91;91286;2;1;1.0;6.0;48,65919000;2,39978000;
202300039339.0;1;87;87085;2;1;1.0;6.0;45,84677000;1,24386000;
202300039340.0;1;83;83061;1;1;1.0;1.0;43,48843000;6,77941000;
202300039341.0;5;81;81004;2;1;1.0;6.0;43,93026000;2,14470000;
202300039342.0;1;78;78396;2;3;1.0;2.0;48,93298300;2,12981300;
202300039343.0;1;78;78418;2;9;1.0;3.0;48,92736000;2,14036000;
202300039344.0;1;76;76231;2;1;1.0;2.0;49,29068000;1,00116000;
202300039345.0;1;76;76216;2;1;1.0;4.0;49,47833000;1,04734000;
202300039346.0;5;76;76351;2;1;2.0;7.0;49,51531900;0,15415800;
202300039347.0;1;73;73008;2;1;1.0;2.0;45,69486555;5,90374819;
202300039348.0;1;71;71076;2;2;1.0;3.0;46,79907957;4,84873317;
202300039349.0;1;69;69259;2;3;1.0;3.0;45,69732000;4,87681000;
202300039350.0;1;68;68297;2;6;1.0;6.0;47,59123100;7,55759400;
202300039351.0;5;64;64483;2;3;2.0;3.0;43,39069000; -1,65910000;
202300039352.0;1;64;64445;2;1;8.0;4.0;43,30965000; -0,35232000;
202300039353.0;1;63;63113;2;2;2.0;1.0;45,76909000;3,08730000;
202300039354.0;4;62;62563;1;1;1.0;1.0;50,45944800;2,72079500;
202300039355.0;1;62;62498;2;1;1.0;6.0;50,44001000;2,82969000;
202300039356.0;1;62;62427;2;9;1.0;6.0;50,42167789;2,94656745;
202300039357.0;1;61;61117;1;2;1.0;3.0;48,43800000;0,05800000;
202300039358.0;1;59;59350;2;2;1.0;3.0;50,63225000;3,06075000;
202300039359.0;1;59;59043;1;2;1.0;4.0;50,72188000;2,70345000;
202300039360.0;5;57;57751;2;2;1.0;3.0;49,14792600;6,15005900;
202300039361.0;1;56;56260;2;1;1.0;2.0;47,64593000; -2,77986000;
202300039362.0;1;56;56121;2;1;1.0;2.0;47,76135000; -3,36428000;
202300039363.0;1;56;56121;2;3;1.0;2.0;47,73587000; -3,38986000;
202300039364.0;1;54;54395;2;3;1.0;6.0;48,68922000;6,16162000;
202300039365.0;1;54;54395;2;2;1.0;3.0;48,69846000;6,16685000;
202300039366.0;1;54;54329;2;1;1.0;6.0;48,59723000;6,48231000;
202300039367.0;1;54;54280;2;1;1.0;3.0;49,22688000;6,01652000;
202300039368.0;1;49;49353;1;1;1.0;5.0;47,45366000; -0,49856000;
202300039369.0;1;44;44143;1;1;1.0;2.0;47,16735710; -1,52143380;
202300039370.0;1;44;44162;2;1;1.0;6.0;47,21182000; -1,60903000;
202300039371.0;5;43;43157;2;1;1.0;3.0;45,03876081;3,88454139;
202300039372.0;1;37;37195;2;6;1.0;6.0;47,38671000;0,65115000;
202300039373.0;1;37;37261;2;1;1.0;1.0;47,38006000;0,66780000;
202300039374.0;1;33;33162;2;3;1.0;6.0;44,88383000; -0,62965000;
202300039375.0;1;33;33063;2;1;1.0;6.0;44,82936000; -0,58215000;
202300039376.0;5;31;31555;2;1;1.0;6.0;43,57903395;1,38718352;
202300039377.0;1;29;29232;2;2;2.0;3.0;47,99506300; -4,10814200;
202300039378.0;1;29;29232;2;1;1.0;6.0;47,99467000; -4,10188000;
202300039379.0;1;29;29151;2;1;7.0;6.0;48,58295000; -3,81891000;
202300039380.0;1;29;29019;2;1;1.0;2.0;48,38400200; -4,47877500;
202300039381.0;1;28;28404;1;6;1.0;3.0;48,71967000;1,34837000;
202300039382.0;1;25;25056;1;1;1.0;2.0;47,21214000;5,99087900;
202300039383.0;3;22;22187;1;9;1.0;2.0;48,53645896; -2,77533978;
202300039384.0;1;17;17306;2;1;1.0;6.0;45,62495000; -1,01988000;
202300039385.0;1;15;15014;2;2;1.0;6.0;44,91260000;2,43490000;
202300039386.0;3;14;14398;1;1;1.0;6.0;49,19401000;0,17816800;
202300039387.0;1;14;14118;2;2;1.0;3.0;49,19477000; -0,39528900;
202300039388.0;1;14;14167;1;6;1.0;6.0;49,19949000; -0,29248000;
202300039389.0;1;13;13208;2;1;1.0;6.0;43,25887469;5,38461192;
202300039390.0;5;13;13005;1;1;1.0;1.0;43,29042000;5,55524000;
202300039391.0;1;10;10387;2;6;1.0;3.0;48,29006000;4,06762000;
202300039392.0;1;06;06069;2;1;1.0;2.0;43,63633600;6,94065300;
202300039393.0;1;03;03190;2;1;2.0;6.0;46,55030000;3,33590000;
202300039394.0;1;02;02738;2;6;1.0;3.0;49,65764700;3,31023400;
202300039395.0;4;75;75116;2;1;1.0;7.0;48,85716600;2,25862000;
202300039396.0;1;75;75120;2;1;1.0;3.0;48,86349200;2,41363900;
202300039397.0;1;75;75120;2;1;1.0;4.0;48,84736600;2,41474800;
202300039398.0;1;75;75118;2;1;1.0;5.0;48,90119400;2,35074700;
202300039399.0;1;75;75116;2;1;1.0;3.0;48,85060500;2,25200600;
202300039400.0;1;75;75117;2;1;1.0;4.0;48,88181100;2,28288400;
202300039401.0;1;75;75107;2;3;1.0;3.0;48,85905100;2,29349800;
202300039402.0;1;75;75104;2;4;1.0;2.0;48,84702400;2,36521900;
202300039403.0;1;75;75105;2;2;1.0;3.0;48,84453300;2,34534100;
202300039404.0;5;75;75105;2;2;1.0;2.0;48,84710300;2,34195400;
202300039405.0;1;75;75119;2;1;1.0;6.0;48,89264200;2,39144200;
202300039406.0;1;75;75117;2;1;1.0;6.0;48,89208500;2,30785300;
202300039407.0;5;75;75117;2;3;1.0;3.0;48,88244200;2,31181000;
202300039408.0;1;75;75117;2;1;1.0;1.0;48,88579700;2,29824400;
202300039409.0;2;75;75117;2;2;1.0;6.0;48,87864900;2,29421500;
202300039410.0;1;75;75114;2;3;1.0;3.0;48,83186800;2,32528500;
202300039411.0;1;75;75114;2;1;1.0;3.0;48,83799300;2,31906300;
202300039412.0;1;75;75114;2;7;1.0;3.0;48,82808100;2,32687600;
202300039413.0;1;75;75113;2;2;1.0;6.0;48,83832900;2,35687300;
202300039414.0;1;75;75113;2;1;1.0;2.0;48,82900814;2,35641718;
202300039415.0;1;75;75113;2;1;1.0;2.0;48,82724100;2,37496300;
202300039416.0;1;75;75111;2;3;1.0;2.0;48,85735800;2,38088100;
202300039417.0;5;75;75110;2;2;1.0;3.0;48,87482000;2,35737200;
202300039418.0;1;75;75101;2;2;1.0;6.0;48,86662700;2,33735900;
202300039419.0;3;27;27439;1;1;1.0;2.0;49,07217900;1,18326200;
202300039420.0;1;94;94067;2;1;1.0;1.0;48,84668901;2,41613334;
202300039421.0;1;988;98818;2;3;1.0;6.0; -22,23344000;166,46651000;
202300039422.0;5;94;94042;2;1;1.0;4.0;48,82014000;2,46936000;
202300039423.0;1;94;94046;2;1;1.0;6.0;48,80457400;2,43814200;
202300039424.0;1;69;69388;2;2;1.0;6.0;45,73142000;4,85981000;
202300039425.0;1;94;94021;2;9;1.0;3.0;48,76287900;2,34897100;
202300039426.0;1;972;97213;2;1;1.0;6.0;14,61708000; -60,98936000;
202300039427.0;1;94;94028;2;1;1.0;6.0;48,79131000;2,44167000;
202300039428.0;1;94;94017;2;1;1.0;6.0;48,81769400;2,49725200;
202300039429.0;5;69;69034;2;1;1.0;1.0;45,79462000;4,87315000;
202300039430.0;1;93;93031;2;2;1.0;6.0;48,96186000;2,29534000;
202300039431.0;1;69;69381;2;3;1.0;3.0;45,76638000;4,83439000;
202300039432.0;4;93;93079;2;3;1.0;1.0;48,96420000;2,34700000;
202300039433.0;1;93;93014;2;1;1.0;6.0;48,90852860;2,53996099;
202300039434.0;1;971;97105;2;1;1.0;2.0;15,99617771; -61,73227429;