Num_Acc;lum;departement;commune;agglomeration;intersection;meteo;type_collision;lat;long;date
202300039435.0;1;93;93047;2;1;1.0;6.0;48,90065413;2,56229417;
202300039436.0;1;95;95280;2;1;1.0;1.0;49,03213774;2,46829748;
202300039437.0;1;93;93010;2;2;1.0;3.0;48,90716845;2,48894513;
202300039438.0;2;91;91114;2;1;2.0;2.0;48,69950000;2,49400000;
202300039439.0;1;93;93007;2;1;1.0;2.0;48,93922826;2,46144606;
202300039440.0;1;91;91589;2;1;2.0;6.0;48,68878500;2,35751300;
202300039441.0;1;93;93001;2;5;7.0;3.0;48,90858010;2,37801837;
202300039442.0;1;91;91589;2;3;1.0;6.0;48,67450000;2,35265000;
202300039443.0;1;92;92064;2;3;1.0;2.0;48,85837000;2,22372000;
202300039444.0;5;91;91223;2;3;1.0;6.0;48,43281000;2,17575000;
202300039445.0;1;92;92051;2;1;1.0;2.0;48,89263505;2,26606160;
202300039446.0;5;87;87085;2;1;3.0;6.0;45,83383000;1,23181000;
202300039447.0;1;92;92050;2;1;1.0;3.0;48,90102313;2,22484212;
202300039448.0;1;92;92020;2;1;1.0;2.0;48,80549400;2,29101100;
202300039449.0;1;87;87085;2;2;2.0;1.0;45,81604000;1,27940000;
202300039450.0;1;92;92020;2;1;1.0;6.0;48,80911058;2,29728252;
202300039451.0;1;87;87085;2;1;3.0;6.0;45,84510000;1,24001000;
202300039452.0;1;92;92040;2;1;9.0;2.0;48,83009875;2,26096183;
202300039453.0;5;87;87085;2;1;3.0;6.0;45,85203000;1,26231000;
202300039454.0;1;80;80021;2;1;1.0;6.0;49,88265000;2,28391000;
202300039455.0;1;78;78238;1;1;1.0;6.0;48,96652800;1,86530300;
202300039456.0;5;76;76498;2;1;1.0;1.0;49,42020000;1,06854000;
202300039457.0;1;76;76498;2;1;6.0;6.0;49,41371000;1,06574000;
202300039458.0;2;76;76351;2;1;1.0;3.0;49,48957000;0,13395000;
202300039459.0;5;76;76351;2;3;1.0;2.0;49,49231000;0,09886000;
202300039460.0;1;76;76351;2;1;1.0;1.0;49,48983000;0,15631000;
202300039461.0;1;76;76351;2;6;2.0;6.0;49,46696400;0,18029900;
202300039462.0;1;76;76351;2;3;1.0;6.0;49,50226000;0,16060000;
202300039463.0;1;76;76341;1;1;3.0;6.0;49,51042000;0,19778000;
202300039464.0;1;74;74305;2;3;2.0;3.0;46,20250000;6,25598000;
202300039465.0;1;74;74010;2;1;8.0;3.0;45,89223000;6,11671000;
202300039466.0;5;72;72181;2;9;2.0;3.0;48,00405000;0,19978000;
202300039467.0;1;71;71306;1;1;3.0;3.0;46,65869816;4,33109687;
202300039468.0;5;69;69266;2;3;1.0;6.0;45,75814048;4,88505574;
202300039469.0;5;67;67482;2;2;2.0;6.0;48,58145000;7,70361000;
202300039470.0;5;67;67482;2;3;2.0;6.0;48,58708000;7,70087000;
202300039471.0;1;92;92036;2;4;1.0;6.0;48,91739000;2,30745000;
202300039472.0;5;67;67180;2;9;8.0;3.0;48,80328000;7,81075000;
202300039473.0;1;92;92036;2;1;1.0;7.0;48,92447000;2,30445000;
202300039474.0;1;92;92026;2;3;1.0;3.0;48,90073000;2,27515000;
202300039475.0;5;62;62193;2;2;3.0;3.0;50,95578000;1,85535000;
202300039476.0;1;92;92004;2;1;1.0;1.0;48,92367000;2,27996000;
202300039477.0;1;34;34155;1;1;1.0;7.0;43,36073000;3,11797700;
202300039478.0;1;57;57672;2;3;2.0;3.0;49,37136000;6,16937000;
202300039479.0;1;01;01333;2;3;1.0;1.0;45,92583400;4,95002700;
202300039480.0;1;56;56260;2;1;3.0;6.0;47,64220000; -2,77570000;
202300039481.0;1;67;67061;1;1;1.0;6.0;48,83375700;7,49136700;
202300039482.0;1;73;73330;1;2;1.0;7.0;45,70570000;5,76687300;
202300039483.0;3;40;40304;2;1;1.0;6.0;43,65678800; -1,42789900;
202300039484.0;1;51;51454;2;1;1.0;3.0;49,28612000;4,02440000;
202300039485.0;3;33;33216;1;1;2.0;7.0;44,47282300; -0,15943100;
202300039486.0;1;05;05027;1;1;2.0;3.0;44,85007300;6,72500100;
202300039487.0;3;51;51431;1;1;3.0;6.0;49,01272000;3,94366300;
202300039488.0;1;12;12033;1;1;1.0;5.0;44,45072400;2,72288700;
202300039489.0;5;50;50147;2;1;3.0;6.0;49,06275000; -1,43380000;
202300039490.0;1;41;41101;1;1;1.0;1.0;47,61597100;1,16502300;
202300039491.0;1;72;72155;1;8;1.0;3.0;47,86543800;0,22309300;
202300039492.0;1;49;49007;2;1;2.0;3.0;47,47000000; -0,56900000;
202300039493.0;3;77;77492;1;1;1.0;3.0;48,90469900;3,35010600;
202300039494.0;1;40;40246;1;1;1.0;1.0;44,15479200; -0,74168400;
202300039495.0;1;43;43041;2;1;1.0;6.0;45,05340000;3,91040000;
202300039496.0;1;57;57370;1;1;1.0;1.0;49,39961500;6,28027400;
202300039497.0;1;59;59331;1;1;2.0;3.0;50,10439616;3,69188479;
202300039498.0;1;42;42071;2;1;2.0;6.0;46,02313000;4,09373000;
202300039499.0;1;56;56259;1;2;1.0;3.0;47,60256200; -2,59480700;
202300039500.0;5;38;38151;2;1;1.0;6.0;45,14738000;5,69406000;
202300039501.0;1;77;77020;2;1;1.0;3.0;48,67794400;3,19385700;
202300039502.0;1;37;37261;2;1;8.0;6.0;47,36386000;0,69968000;
202300039503.0;2;46;46080;1;1;2.0;7.0;44,51734000;1,32930300;
202300039504.0;1;35;35055;2;6;1.0;5.0;48,08248000; -1,64004000;
202300039505.0;1;39;39553;2;3;1.0;6.0;46,72888900;5,59233600;
202300039506.0;3;58;58131;2;1;1.0;1.0;47,08916900;3,19439300;
202300039507.0;1;34;34108;2;2;1.0;1.0;43,44774000;3,75098000;
202300039508.0;1;29;29039;1;1;6.0;6.0;47,92083237; -3,90924506;
202300039509.0;1;72;72199;1;1;3.0;7.0;48,24994058;0,08086681;
202300039510.0;1;60;60444;1;2;1.0;3.0;49,62300400;1,79147200;
202300039511.0;1;60;60401;2;1;1.0;6.0;49,30055400;1,98894400;
202300039512.0;1;26;26198;2;9;1.0;3.0;44,55845000;4,74556000;
202300039513.0;1;45;45329;1;1;3.0;3.0;47,93890100;2,97087900;
202300039514.0;1;43;43025;1;3;1.0;3.0;45,24780400;4,09484300;
202300039515.0;2;36;36001;2;1;3.0;6.0;46,43256097;1,83795095;
202300039516.0;1;07;07304;1;3;1.0;5.0;44,38993100;4,37661100;
202300039517.0;1;13;13117;2;1;1.0;3.0;43,43972000;5,24265000;
202300039518.0;1;40;40312;2;3;1.0;3.0;43,53989800; -1,46092100;
202300039519.0;1;13;13117;2;1;1.0;3.0;43,44277000;5,25244000;
202300039520.0;1;85;85234;1;1;1.0;6.0;46,80410000; -2,02872000;
202300039521.0;1;85;85084;1;9;1.0;5.0;46,74851000; -1,20697900;
202300039522.0;1;85;85246;1;3;1.0;7.0;46,73635300; -1,18282700;
202300039523.0;1;13;13207;2;3;1.0;3.0;43,29272944;5,36832124;
202300039524.0;1;17;17309;2;1;3.0;6.0;45,16164500; -0,02394300;
202300039525.0;1;13;13215;2;1;1.0;6.0;43,34074642;5,36092910;
202300039526.0;1;30;30029;2;7;1.0;3.0;44,30696400;4,34803800;
202300039527.0;1;10;10387;2;1;1.0;7.0;48,26887501;4,08501238;
202300039528.0;1;78;78043;1;1;1.0;2.0;48,83530300;2,07885100;
202300039529.0;1;06;06085;1;1;1.0;7.0;43,57156100;6,97425800;
202300039530.0;1;06;06069;2;1;1.0;4.0;43,64770000;6,91499000;
202300039531.0;1;02;02738;2;1;1.0;6.0;49,65604000;3,30045000;
202300039532.0;1;75;75112;2;1;8.0;4.0;48,82835300;2,39759600;
202300039533.0;5;75;75120;2;1;1.0;2.0;48,86466771;2,41312981;
202300039534.0;5;75;75110;2;2;2.0;6.0;48,87576907;2,35653073;
202300039535.0;1;75;75117;2;3;1.0;6.0;48,88224500;2,28630700;
202300039536.0;5;75;75116;2;3;2.0;3.0;48,86180100;2,28575100;
202300039537.0;1;45;45302;1;1;1.0;4.0;47,95295142;1,89148235;
202300039538.0;1;75;75116;2;1;1.0;3.0;48,87085300;2,25310900;
202300039539.0;4;44;44109;2;1;8.0;6.0;47,20722000; -1,55509000;
202300039540.0;1;75;75115;2;4;1.0;3.0;48,83148500;2,27765700;
202300039541.0;1;35;35051;2;1;1.0;6.0;48,11419299; -1,62420765;
202300039542.0;5;75;75112;2;2;8.0;3.0;48,83669200;2,40348800;
202300039543.0;2;35;35238;2;1;1.0;6.0;48,10987000; -1,68028000;
202300039544.0;1;35;35238;2;1;1.0;6.0;48,09754865; -1,67516157;
202300039545.0;5;75;75110;2;3;2.0;6.0;48,86975900;2,36618100;
202300039546.0;1;34;34172;2;1;1.0;1.0;43,59512000;3,84037000;
202300039547.0;1;33;33063;2;3;1.0;3.0;44,83500570; -0,57206422;
202300039548.0;1;75;75101;2;7;2.0;3.0;48,86786500;2,32981900;
202300039549.0;1;32;32013;2;1;1.0;3.0;43,66662000;0,60053000;
202300039550.0;1;31;31555;2;1;1.0;3.0;43,56817000;1,36524000;
202300039551.0;2;94;94081;2;2;1.0;3.0;48,79769400;2,37967600;
202300039552.0;1;94;94074;2;1;1.0;6.0;48,76552000;2,44763000;
202300039553.0;1;29;29232;2;9;1.0;3.0;47,97544815; -4,09832150;
202300039554.0;4;29;29019;1;1;1.0;6.0;48,39082000; -4,54792000;
202300039555.0;1;94;94044;2;1;2.0;2.0;48,74189228;2,48544364;
202300039556.0;5;94;94046;2;1;1.0;6.0;48,80047400;2,43523300;
202300039557.0;5;29;29019;2;1;1.0;4.0;48,40448500; -4,48467600;
202300039558.0;2;94;94076;2;3;1.0;6.0;48,78534500;2,37061400;
202300039559.0;1;27;27299;2;3;1.0;3.0;49,04144130;1,15908940;
202300039560.0;1;94;94041;2;9;2.0;3.0;48,81056000;2,38000300;
202300039561.0;1;27;27229;2;1;7.0;6.0;49,00758000;1,15565000;
202300039562.0;1;93;93066;2;1;1.0;6.0;48,92844229;2,34119481;
202300039563.0;5;25;25056;2;9;1.0;3.0;47,24631500;5,99806000;
202300039564.0;5;93;93047;2;1;1.0;6.0;48,89871859;2,54814441;
202300039565.0;1;17;17306;2;9;1.0;3.0;45,64242000; -1,02464000;
202300039566.0;1;93;93001;2;1;1.0;3.0;48,91277600;2,39618800;
202300039567.0;1;17;17028;2;1;1.0;7.0;46,14486800; -1,13263100;
202300039568.0;1;93;93001;2;2;1.0;3.0;48,90602600;2,38968200;
202300039569.0;1;14;14366;2;1;1.0;2.0;49,15374100;0,21921500;
202300039570.0;1;92;92040;2;1;1.0;2.0;48,82485000;2,26780000;
202300039571.0;1;14;14254;1;1;1.0;2.0;49,15550000; -0,42215000;
202300039572.0;5;13;13208;2;1;1.0;6.0;43,25114000;5,38762000;
202300039573.0;1;92;92026;2;1;2.0;3.0;48,90155610;2,24375278;
202300039574.0;1;92;92024;2;1;1.0;3.0;48,90270000;2,30405000;
202300039575.0;1;13;13204;2;1;1.0;4.0;43,30642000;5,40097000;
202300039576.0;1;92;92071;2;8;2.0;6.0;48,78218732;2,28241307;
202300039577.0;1;11;11069;2;1;1.0;6.0;43,20970000;2,33503000;
202300039578.0;5;92;92012;2;1;1.0;3.0;48,84078717;2,23151922;
202300039579.0;5;10;10387;2;1;1.0;6.0;48,30728183;4,07622010;
202300039580.0;1;06;06123;1;9;2.0;1.0;43,71594000;7,17238000;
202300039581.0;1;76;76182;1;2;2.0;3.0;49,68120600;0,65534100;
202300039582.0;1;02;02722;2;3;1.0;6.0;49,37976000;3,32799000;
202300039583.0;2;44;44144;1;1;1.0;1.0;47,50317800; -1,30788800;
202300039584.0;1;75;75120;2;3;1.0;6.0;48,86783600;2,39068500;
202300039585.0;1;974;97422;2;1;1.0;5.0; -21,28928900;55,51816500;
202300039586.0;1;75;75120;2;2;1.0;3.0;48,85352200;2,41081300;
202300039587.0;1;83;83086;1;2;1.0;3.0;43,48455500;6,56687400;
202300039588.0;3;28;28173;1;1;6.0;7.0;48,48108600;1,57383400;
202300039589.0;5;75;75120;2;3;1.0;3.0;48,86953300;2,39315700;
202300039590.0;1;14;14061;1;1;9.0;6.0;48,91620000; -0,86329300;
202300039591.0;1;75;75118;2;3;1.0;6.0;48,89362600;2,33010000;
202300039592.0;1;50;50095;1;1;3.0;7.0;49,09433030; -1,19772000;
202300039593.0;3;62;62414;1;6;1.0;6.0;50,23602697;2,98712165;
202300039594.0;1;75;75117;2;3;1.0;2.0;48,88037400;2,30883400;
202300039595.0;2;30;30092;2;2;5.0;3.0;44,09445100;4,60876500;
202300039596.0;1;75;75117;2;2;1.0;3.0;48,88297900;2,32415000;
202300039597.0;5;59;59549;1;2;2.0;3.0;50,21201600;3,60416500;
202300039598.0;1;56;56244;1;1;3.0;6.0;47,82834000; -2,43272000;
202300039599.0;1;75;75117;2;3;1.0;3.0;48,88475000;2,29856600;
202300039600.0;1;80;80360;2;1;2.0;6.0;50,06640900;1,56920500;
202300039601.0;3;75;75116;2;1;1.0;6.0;48,87491700;2,27110300;
202300039602.0;2;49;49002;1;1;7.0;2.0;47,29944200; -0,00436100;
202300039603.0;3;47;47280;1;1;1.0;7.0;44,42024900;0,83933800;
202300039604.0;5;75;75116;2;1;1.0;6.0;48,87362900;2,27729300;
202300039605.0;1;47;47168;2;1;3.0;6.0;44,60009300;0,36117400;
202300039606.0;1;75;75114;2;1;1.0;6.0;48,83994600;2,32884100;
202300039607.0;5;25;25578;2;1;3.0;6.0;47,14860200;6,33279700;
202300039608.0;1;75;75114;2;1;1.0;6.0;48,82000600;2,33981100;
202300039609.0;1;26;26114;2;1;1.0;2.0;44,52209100;5,05956900;
202300039610.0;1;75;75110;2;3;1.0;6.0;48,87527300;2,37316200;
202300039611.0;1;07;07299;1;1;1.0;7.0;45,15726900;4,53920400;
202300039612.0;2;53;53097;2;1;1.0;6.0;48,13521900; -0,43159000;
202300039613.0;1;75;75110;2;4;1.0;2.0;48,88306800;2,36155300;
202300039614.0;1;63;63181;1;1;1.0;2.0;46,03564686;3,11403839;
202300039615.0;1;75;75107;2;2;1.0;3.0;48,85968700;2,30082900;
202300039616.0;2;68;68297;1;1;1.0;4.0;47,60549600;7,52944000;
202300039617.0;1;75;75101;2;3;1.0;1.0;48,86320600;2,33380600;
202300039618.0;2;28;28088;2;2;2.0;3.0;48,06634300;1,33761800;
202300039619.0;1;94;94046;2;2;1.0;6.0;48,80814551;2,44588257;
202300039620.0;1;83;83047;2;9;1.0;3.0;43,15302700;6,06935600;
202300039621.0;1;94;94021;2;1;1.0;2.0;48,77102000;2,36198000;
202300039622.0;1;94;94018;2;1;1.0;7.0;48,82205000;2,40864000;
202300039623.0;2;94;94069;2;9;1.0;6.0;48,81786000;2,44455200;
202300039624.0;1;38;38554;1;1;1.0;1.0;45,71889100;5,22661600;
202300039625.0;1;94;94002;2;2;1.0;3.0;48,79972000;2,42718000;
202300039626.0;2;07;07059;1;1;1.0;7.0;44,98383300;4,84911200;
202300039627.0;5;93;93077;2;3;1.0;6.0;48,88491313;2,50244898;
202300039628.0;1;56;56041;1;1;1.0;7.0;48,13201200; -3,02423400;
202300039629.0;1;93;93053;2;2;1.0;3.0;48,90045764;2,46534938;
202300039630.0;5;29;29057;1;6;1.0;3.0;47,91805836; -3,96190265;
202300039631.0;1;93;93048;2;9;1.0;6.0;48,86284904;2,43667943;
202300039632.0;1;22;22059;1;1;1.0;7.0;48,43108000; -2,93592500;
202300039633.0;2;93;93045;2;6;1.0;6.0;48,88280000;2,41920000;
202300039634.0;2;22;22162;1;2;2.0;3.0;48,77899100; -3,07588200;
202300039635.0;1;93;93029;2;1;1.0;6.0;48,93368896;2,45566052;
202300039636.0;5;93;93057;2;1;1.0;3.0;48,90960749;2,50573636;
202300039637.0;3;95;95256;1;1;1.0;6.0;49,05702487;2,20668655;
202300039638.0;1;93;93007;2;2;1.0;3.0;48,94138885;2,46384958;
202300039639.0;2;35;35152;1;2;1.0;6.0;48,18742000; -1,51445600;
202300039640.0;1;94;94079;1;1;1.0;5.0;48,83544590;2,53871181;
202300039641.0;3;76;76099;1;1;1.0;6.0;49,54974400;0,85470200;
202300039642.0;1;93;93007;2;1;1.0;3.0;48,92663894;2,47120017;
202300039643.0;1;988;98818;2;1;1.0;6.0; -22,26973000;166,45468000;
202300039644.0;1;92;92078;1;1;1.0;6.0;48,94151000;2,32143000;
202300039645.0;2;60;60653;1;2;7.0;2.0;49,48434381;2,45195040;
202300039646.0;1;92;92072;2;1;1.0;3.0;48,82424000;2,22019000;
202300039647.0;1;77;77288;2;1;8.0;6.0;48,52711000;2,65341000;
202300039648.0;5;973;97302;1;6;2.0;3.0;4,90705499; -52,32218921;
202300039649.0;1;92;92063;2;2;1.0;6.0;48,87882036;2,17728787;
202300039650.0;1;92;92051;2;9;1.0;2.0;48,89170000;2,27288000;
202300039651.0;5;69;69387;2;2;1.0;3.0;45,75390786;4,84694859;
202300039652.0;5;33;33550;1;1;2.0;4.0;44,77454424; -0,55640146;
202300039653.0;1;92;92050;2;1;1.0;6.0;48,88637000;2,20967000;
202300039654.0;1;972;97213;2;1;1.0;2.0;14,61944000; -61,00538000;
202300039655.0;1;92;92049;2;9;1.0;3.0;48,81773000;2,32436000;
202300039656.0;1;972;97209;1;1;2.0;7.0;14,64175000; -61,08400000;
202300039657.0;1;59;59343;1;1;1.0;5.0;50,58854000;3,09584000;
202300039658.0;1;92;92049;2;1;1.0;3.0;48,82206737;2,31457740;
202300039659.0;1;91;91521;2;1;1.0;7.0;48,63555000;2,41211000;
202300039660.0;5;69;69034;2;1;2.0;6.0;45,80614000;4,86680000;
202300039661.0;1;92;92048;2;1;1.0;6.0;48,79903725;2,23318130;
202300039662.0;2;69;69034;2;1;1.0;6.0;45,78283338;4,83537093;
202300039663.0;2;91;91064;1;1;1.0;2.0;48,74478000;2,19202000;
202300039664.0;1;92;92036;2;1;1.0;6.0;48,93746000;2,27542000;
202300039665.0;3;91;91136;1;1;2.0;6.0;48,71075000;2,28731000;
202300039666.0;1;2B;2B033;2;1;1.0;6.0;42,68131000;9,44125000;
202300039667.0;1;92;92036;1;1;1.0;3.0;48,94631468;2,29923517;
202300039668.0;3;91;91340;1;1;1.0;2.0;48,61014000;2,43304000;
202300039669.0;1;2B;2B106;1;1;1.0;1.0;42,37110000;9,25540000;
202300039670.0;2;92;92050;1;1;2.0;6.0;48,90008747;2,20944671;
202300039671.0;5;92;92012;2;1;1.0;4.0;48,83667000;2,25341000;
202300039672.0;5;92;92009;2;1;1.0;6.0;48,92118805;2,27390237;
202300039673.0;2;92;92004;2;1;2.0;6.0;48,91578768;2,30849415;
202300039674.0;3;81;81144;1;1;2.0;6.0;43,96465620;2,19135440;
202300039675.0;1;93;93078;1;1;1.0;2.0;48,97136390;2,49858110;
202300039676.0;1;39;39020;1;1;1.0;6.0;46,71698100;6,06283100;
202300039677.0;3;95;95018;1;1;1.0;3.0;48,96002948;2,27121949;
202300039678.0;1;80;80136;1;1;1.0;1.0;49,93419300;2,73411500;
202300039679.0;3;94;94073;1;1;2.0;6.0;48,77011469;2,38223272;
202300039680.0;1;77;77516;1;1;1.0;1.0;48,36117700;2,90007800;
202300039681.0;1;62;62812;1;1;1.0;5.0;50,64488953;2,04466906;
202300039682.0;1;28;28015;2;1;1.0;2.0;48,46969700;1,77604100;
202300039683.0;1;76;76351;2;3;1.0;6.0;49,51736623;0,12308358;
202300039684.0;1;31;31271;1;1;1.0;3.0;43,53371700;1,66356000;
202300039685.0;1;71;71499;2;1;1.0;1.0;46,64794000;4,29366000;
202300039686.0;1;13;13003;1;3;1.0;3.0;43,71496500;5,13904300;
202300039687.0;3;79;79313;1;1;1.0;1.0;46,31811800; -0,07450100;
202300039688.0;1;69;69282;2;3;1.0;3.0;45,76076000;4,99248000;
202300039689.0;1;973;97302;2;3;1.0;3.0;4,91547560; -52,31123775;
202300039690.0;1;41;41225;1;1;1.0;5.0;47,73493600;0,83600700;
202300039691.0;3;69;69290;2;1;2.0;2.0;45,72430000;4,95090000;
202300039692.0;1;57;57172;1;2;1.0;3.0;49,17345500;6,53261700;
202300039693.0;1;69;69029;2;1;2.0;3.0;45,73900000;4,90632000;
202300039694.0;2;69;69388;2;2;1.0;3.0;45,72701000;4,86928000;
202300039695.0;3;64;64130;1;1;1.0;7.0;43,34192000; -1,72958000;
202300039696.0;1;51;51391;1;2;1.0;3.0;49,27355500;3,88240600;
202300039697.0;1;972;97213;1;1;1.0;7.0;14,66717000; -60,98327000;
202300039698.0;1;972;97213;1;1;1.0;6.0;14,61821000; -61,02079000;
202300039699.0;1;79;79062;1;1;1.0;1.0;46,80690400; -0,67063800;
202300039700.0;1;64;64545;2;1;1.0;4.0;43,37589000; -1,67707000;
202300039701.0;1;972;97213;1;1;1.0;2.0;14,61427000; -61,01094000;
202300039702.0;1;33;33518;1;1;1.0;1.0;44,71310300; -0,41225300;
202300039703.0;5;972;97209;1;1;3.0;6.0;14,61850000; -61,03630000;
202300039704.0;1;64;64445;2;6;1.0;4.0;43,31144000; -0,36322000;
202300039705.0;1;49;49310;2;1;1.0;6.0;47,08062900; -0,54395200;
202300039706.0;1;69;69034;2;1;1.0;3.0;45,79731000;4,85046000;
202300039707.0;1;64;64102;2;1;2.0;4.0;43,47224164; -1,49032921;
202300039708.0;3;12;12066;1;1;1.0;7.0;44,42549800;2,42884800;
202300039709.0;5;69;69384;2;1;1.0;2.0;45,77381667;4,82301613;
202300039710.0;3;29;29216;1;1;1.0;6.0;47,97831496; -4,19712147;
202300039711.0;5;62;62498;2;2;1.0;3.0;50,44309000;2,80313000;
202300039712.0;5;62;62048;2;1;1.0;1.0;50,51502500;2,45516600;
202300039713.0;1;29;29167;1;2;1.0;3.0;47,96991793; -4,26806786;
202300039714.0;5;971;97113;1;1;1.0;4.0;16,20775000; -61,46160000;
202300039715.0;1;02;02441;1;1;1.0;6.0;49,24349200;3,22543100;
202300039716.0;1;971;97101;2;9;1.0;2.0;16,25147000; -61,51691000;
202300039717.0;1;60;60057;2;3;1.0;1.0;49,44502524;2,08008635;
202300039718.0;1;15;15152;2;1;1.0;6.0;44,92223900;2,83912700;
202300039719.0;5;59;59328;2;2;8.0;3.0;50,64591000;3,01789000;
202300039720.0;1;01;01319;1;4;8.0;7.0;46,10234700;4,95077800;
202300039721.0;5;971;97105;2;1;1.0;1.0;16,00032000; -61,73587000;
202300039722.0;2;59;59350;2;9;1.0;3.0;50,62142000;3,05930000;
202300039723.0;1;72;72176;1;1;1.0;1.0;47,65570683;0,12116894;
202300039724.0;5;95;95585;2;2;3.0;3.0;48,99079000;2,37417000;
202300039725.0;1;43;43028;1;1;2.0;3.0;45,12454200;4,08059500;
202300039726.0;1;59;59350;2;1;1.0;2.0;50,60531700;3,05783400;
202300039727.0;5;59;59122;2;9;1.0;3.0;50,17300000;3,22500000;
202300039728.0;1;95;95268;2;2;2.0;3.0;48,96420000;2,41320000;
202300039729.0;2;17;17443;2;3;1.0;2.0;46,08471000; -1,01804300;
202300039730.0;1;58;58194;2;3;2.0;6.0;46,99206000;3,15902000;
202300039731.0;3;95;95218;2;1;1.0;6.0;49,01340975;2,08976403;
202300039732.0;2;17;17140;2;1;1.0;3.0;45,90652800; -1,26049900;
202300039733.0;5;91;91345;2;2;3.0;6.0;48,68554000;2,30683000;
202300039734.0;1;17;17353;1;1;7.0;1.0;45,98109900; -1,01397200;
202300039735.0;1;56;56098;2;3;1.0;3.0;47,76196000; -3,34773000;
202300039736.0;3;88;88029;2;1;1.0;1.0;48,00112200;6,27213700;
202300039737.0;3;91;91161;1;1;1.0;2.0;48,70894000;2,31130000;
202300039738.0;1;56;56121;2;6;1.0;3.0;47,74537000; -3,36811000;
202300039739.0;3;03;03031;1;1;1.0;6.0;46,38578100;2,72088100;
202300039740.0;1;13;13001;1;1;2.0;6.0;43,57202754;5,46759725;
202300039741.0;5;86;86066;2;2;1.0;3.0;46,81564000;0,53565000;
202300039742.0;1;56;56121;2;6;1.0;3.0;47,74624000; -3,39583000;
202300039743.0;1;01;01179;1;1;1.0;6.0;46,27115800;4,83557200;
202300039744.0;5;84;84035;2;1;3.0;6.0;43,84763000;5,03880000;
202300039745.0;1;56;56098;2;2;1.0;3.0;47,76795000; -3,35551000;
202300039746.0;5;987;98715;2;1;1.0;6.0; -17,58400000; -149,56000000;
202300039747.0;1;56;56098;2;1;2.0;6.0;47,76868000; -3,34506000;
202300039748.0;1;83;83090;2;1;1.0;4.0;43,13502000;5,85439000;
202300039749.0;1;79;79329;2;1;1.0;7.0;46,98353400; -0,21208000;
202300039750.0;1;987;98715;1;1;1.0;4.0; -17,58400000; -149,56000000;
202300039751.0;1;54;54528;2;3;2.0;3.0;48,67456800;5,88506500;
202300039752.0;1;34;34240;1;1;1.0;2.0;43,65088900;3,98662100;
202300039753.0;1;49;49328;2;1;1.0;6.0;47,26722000; -0,06973000;
202300039754.0;3;76;76497;2;1;9.0;7.0;49,38776200;1,03342900;
202300039755.0;5;45;45284;2;6;2.0;6.0;47,90495755;1,94492394;
202300039756.0;5;71;71270;2;1;1.0;6.0;46,31154000;4,83844000;
202300039757.0;1;33;33527;1;1;1.0;1.0;44,61924200; -1,02375600;
202300039758.0;5;42;42207;2;1;1.0;6.0;45,46422000;4,50553000;
202300039759.0;1;69;69259;1;9;3.0;2.0;45,71930000;4,87910000;
202300039760.0;2;77;77206;1;1;2.0;1.0;48,84569600;3,01884600;
202300039761.0;5;42;42218;2;1;8.0;2.0;45,45548000;4,40180000;
202300039762.0;5;64;64445;2;1;1.0;7.0;43,29654000; -0,38491000;
202300039763.0;1;83;83068;1;1;1.0;6.0;43,28375500;6,59183400;
202300039764.0;1;40;40192;2;1;1.0;6.0;43,89124000; -0,50136000;
202300039765.0;3;13;13110;1;3;1.0;3.0;43,45263900;5,67418100;
202300039766.0;3;59;59088;1;1;8.0;6.0;50,66400000;2,87395400;
202300039767.0;1;40;40192;1;1;1.0;1.0;43,87200000; -0,47200000;
202300039768.0;5;37;37261;2;2;2.0;1.0;47,38303000;0,69679000;
202300039769.0;1;57;57463;2;1;1.0;3.0;49,12000000;6,18000000;
202300039770.0;1;26;26058;1;1;2.0;4.0;44,97671500;4,88460300;
202300039771.0;1;33;33063;2;2;1.0;3.0;44,81902000; -0,57676000;
202300039772.0;1;53;53130;2;6;2.0;7.0;48,05701000; -0,77982000;
202300039773.0;3;89;89390;1;1;1.0;3.0;48,32882872;3,22043829;
202300039774.0;1;29;29019;2;1;1.0;1.0;48,38019362; -4,51960668;
202300039775.0;3;47;47032;1;1;3.0;6.0;44,19902000;0,67512000;
202300039776.0;1;68;68171;2;1;1.0;6.0;47,92673100;6,96812200;
202300039777.0;2;27;27299;2;2;1.0;3.0;49,05492000;1,16708000;
202300039778.0;5;45;45232;2;1;1.0;6.0;47,85617000;1,91291000;
202300039779.0;1;68;68334;2;3;1.0;3.0;47,79827800;7,10931100;
202300039780.0;1;25;25462;2;1;1.0;1.0;46,91127200;6,35595200;
202300039781.0;1;69;69176;2;1;8.0;2.0;45,68314700;4,70303900;
202300039782.0;5;45;45147;2;2;1.0;3.0;47,93447000;1,90547000;
202300039783.0;1;23;23096;2;6;1.0;2.0;46,17773000;1,87756000;