Num_Acc;lum;departement;commune;agglomeration;intersection;meteo;type_collision;lat;long;date
202300039784.0;1;59;59232;1;1;8.0;3.0;50,30173713;3,72297794;
202300039785.0;5;42;42186;1;1;1.0;1.0;45,52096000;4,59652000;
202300039786.0;1;19;19031;2;6;2.0;3.0;45,15261192;1,50521278;
202300039787.0;1;59;59181;1;1;1.0;6.0;50,19087200;3,95139300;
202300039788.0;3;37;37122;2;1;8.0;6.0;47,34152999;0,64911874;
202300039789.0;2;59;59250;1;6;1.0;6.0;50,58462600;2,90826600;
202300039790.0;5;18;18279;2;2;1.0;3.0;47,21888000;2,07001000;
202300039791.0;1;33;33192;1;1;1.0;2.0;44,78540000; -0,59370000;
202300039792.0;5;37;37261;2;2;8.0;3.0;47,40890000;0,70348000;
202300039793.0;5;33;33529;2;1;1.0;6.0;44,62477356; -1,14095405;
202300039794.0;1;14;14118;2;2;8.0;3.0;49,17285000; -0,34095000;
202300039795.0;1;92;92036;1;1;1.0;3.0;48,93747288;2,29566820;
202300039796.0;1;33;33529;1;1;8.0;6.0;44,64491600; -1,15818600;
202300039797.0;1;92;92025;1;1;2.0;2.0;48,92865065;2,23945697;
202300039798.0;1;13;13203;2;2;2.0;3.0;43,30782463;5,38168140;
202300039799.0;2;31;31555;2;1;2.0;3.0;43,59476873;1,38207391;
202300039800.0;1;10;10387;2;1;1.0;2.0;48,31027000;4,07457000;
202300039801.0;1;93;93064;1;1;1.0;4.0;48,87916750;2,47634149;
202300039802.0;2;31;31555;2;1;2.0;3.0;43,64002605;1,45645827;
202300039803.0;1;06;06029;2;1;1.0;3.0;43,55021000;6,95882000;
202300039804.0;5;25;25462;2;1;2.0;6.0;46,91487000;6,34559000;
202300039805.0;1;95;95018;1;1;1.0;6.0;48,96125000;2,26871000;
202300039806.0;3;05;05061;2;1;1.0;7.0;44,56068976;6,04258239;
202300039807.0;1;92;92025;2;1;1.0;6.0;48,92195800;2,23511900;
202300039808.0;2;25;25056;2;1;8.0;6.0;47,22761200;5,98248300;
202300039809.0;5;03;03310;2;4;1.0;6.0;46,12311000;3,41808000;
202300039810.0;1;69;69386;2;2;8.0;3.0;45,77293000;4,84211000;
202300039811.0;5;22;22113;2;2;2.0;3.0;48,72730000; -3,44690000;
202300039812.0;1;01;01053;2;2;1.0;5.0;46,20354000;5,24251000;
202300039813.0;1;46;46042;2;3;1.0;6.0;44,44740000;1,44020000;
202300039814.0;5;13;13211;2;1;1.0;2.0;43,28347000;5,49920000;
202300039815.0;2;988;98818;2;1;1.0;6.0; -22,27302000;166,44489000;
202300039816.0;1;07;07281;1;1;2.0;3.0;44,93593000;4,82028000;
202300039817.0;5;93;93007;2;3;1.0;3.0;48,94762000;2,44793000;
202300039818.0;1;976;97611;1;1;1.0;5.0; -12,79633492;45,19950199;
202300039819.0;5;75;75106;2;2;1.0;2.0;48,84809100;2,32794100;
202300039820.0;1;05;05061;2;1;2.0;2.0;44,56020300;6,08784400;
202300039821.0;1;974;97416;2;6;1.0;3.0; -21,34353000;55,46813000;
202300039822.0;5;03;03185;2;1;2.0;6.0;46,33242200;2,59476000;
202300039823.0;5;75;75118;2;3;1.0;6.0;48,88581100;2,33478700;
202300039824.0;2;974;97411;2;1;1.0;1.0; -20,93365000;55,49231000;
202300039825.0;1;75;75116;2;1;1.0;3.0;48,84081500;2,25617600;
202300039826.0;1;974;97411;2;1;1.0;6.0; -20,89696000;55,44609000;
202300039827.0;1;75;75115;2;1;1.0;6.0;48,85355300;2,28993700;
202300039828.0;5;75;75120;2;1;2.0;2.0;48,86694200;2,41322000;
202300039829.0;1;973;97309;2;1;2.0;3.0;4,91830000; -52,30660000;
202300039830.0;5;75;75120;2;3;1.0;6.0;48,87697900;2,40863400;
202300039831.0;1;69;69388;2;1;1.0;6.0;45,74127000;4,87863000;
202300039832.0;2;75;75112;2;1;1.0;6.0;48,82864200;2,39888900;
202300039833.0;5;75;75111;2;2;1.0;6.0;48,87000200;2,37105400;
202300039834.0;1;69;69387;2;1;1.0;3.0;45,74425000;4,85177000;
202300039835.0;1;75;75110;2;2;1.0;2.0;48,87175800;2,35717400;
202300039836.0;5;75;75116;2;1;1.0;2.0;48,85392100;2,25366800;
202300039837.0;1;2A;2A004;1;1;1.0;3.0;41,93448000;8,71814000;
202300039838.0;1;75;75109;2;3;1.0;3.0;48,87090300;2,34675400;
202300039839.0;5;75;75110;2;3;1.0;3.0;48,87004700;2,35096600;
202300039840.0;1;95;95063;2;1;1.0;7.0;48,91480106;2,20579983;
202300039841.0;1;75;75109;2;2;1.0;3.0;48,87417400;2,32699100;
202300039842.0;1;91;91589;2;2;1.0;3.0;48,67777300;2,34354200;
202300039843.0;5;75;75120;2;1;2.0;2.0;48,86850200;2,39566100;
202300039844.0;1;83;83137;2;1;1.0;6.0;43,13489000;5,96210000;
202300039845.0;5;75;75109;2;2;1.0;3.0;48,87425700;2,33133400;
202300039846.0;1;75;75114;2;2;2.0;3.0;48,82233300;2,31435600;
202300039847.0;1;77;77291;2;1;1.0;1.0;49,01693200;2,60040500;
202300039848.0;2;75;75104;2;2;1.0;3.0;48,85851990;2,34822571;
202300039849.0;5;75;75114;2;2;2.0;6.0;48,83755700;2,32293400;
202300039850.0;1;77;77479;1;1;1.0;6.0;48,86818000;2,64867000;
202300039851.0;1;75;75101;2;2;1.0;6.0;48,86490100;2,33194900;
202300039852.0;1;75;75114;2;7;8.0;7.0;48,83454600;2,33261900;
202300039853.0;1;94;94067;2;1;1.0;3.0;48,84895600;2,41762600;
202300039854.0;1;77;77305;2;1;1.0;3.0;48,38193019;2,95237128;
202300039855.0;1;77;77186;2;1;1.0;6.0;48,40602861;2,70218546;
202300039856.0;5;94;94041;2;2;1.0;1.0;48,81892200;2,39925000;
202300039857.0;5;75;75113;2;2;2.0;6.0;48,82220200;2,35852600;
202300039858.0;1;76;76108;2;1;1.0;3.0;49,45729050;1,10796073;
202300039859.0;1;76;76351;2;3;1.0;3.0;49,50244000;0,13303000;
202300039860.0;1;94;94028;2;1;1.0;3.0;48,77298000;2,43476000;
202300039861.0;1;75;75110;2;3;1.0;2.0;48,88413900;2,36681700;
202300039862.0;1;93;93073;2;2;1.0;3.0;48,94002000;2,57345000;
202300039863.0;1;72;72181;2;1;1.0;3.0;47,98483000;0,18497000;
202300039864.0;5;75;75108;2;2;2.0;6.0;48,87115300;2,32163200;
202300039865.0;1;93;93072;2;1;1.0;6.0;48,94857402;2,38014374;
202300039866.0;1;69;69256;2;2;1.0;3.0;45,75202000;4,91935000;
202300039867.0;1;75;75107;2;7;8.0;2.0;48,85883800;2,31297900;
202300039868.0;1;69;69266;2;1;1.0;3.0;45,77651000;4,89536000;
202300039869.0;5;93;93074;2;2;1.0;3.0;48,93394000;2,56666000;
202300039870.0;5;75;75102;2;3;1.0;2.0;48,86858200;2,34343100;
202300039871.0;5;67;67218;2;3;1.0;7.0;48,54333000;7,73582000;
202300039872.0;5;93;93006;2;1;1.0;6.0;48,87421604;2,43220299;
202300039873.0;1;64;64260;2;3;1.0;3.0;43,37355021; -1,75561443;
202300039874.0;5;75;75101;2;3;2.0;6.0;48,86390700;2,33815200;
202300039875.0;1;93;93001;2;1;1.0;3.0;48,90349600;2,39176100;
202300039876.0;3;64;64483;2;1;1.0;7.0;43,38610000; -1,66180000;
202300039877.0;5;94;94041;2;1;2.0;3.0;48,82029000;2,37969000;
202300039878.0;5;93;93001;2;3;1.0;3.0;48,91228079;2,37471521;
202300039879.0;2;64;64445;2;3;3.0;3.0;43,31468000; -0,35435000;
202300039880.0;1;92;92051;2;9;1.0;3.0;48,88738000;2,27895000;
202300039881.0;5;94;94034;2;3;2.0;3.0;48,75589683;2,32002564;
202300039882.0;1;62;62048;2;2;1.0;3.0;50,51035000;2,46288000;
202300039883.0;1;92;92049;2;1;1.0;3.0;48,81442369;2,30552763;
202300039884.0;1;59;59599;2;1;1.0;2.0;50,69476315;3,15245390;
202300039885.0;5;94;94022;2;2;2.0;1.0;48,77146000;2,40637000;
202300039886.0;1;92;92078;2;3;1.0;3.0;48,94481027;2,31052190;
202300039887.0;1;59;59299;2;1;1.0;1.0;50,66709000;3,19558000;
202300039888.0;1;94;94075;2;3;2.0;3.0;48,73272200;2,51295700;
202300039889.0;5;92;92036;2;6;1.0;2.0;48,93304485;2,30263889;
202300039890.0;5;59;59350;2;3;1.0;3.0;50,63674000;3,03581000;
202300039891.0;2;94;94047;2;1;2.0;6.0;48,70428500;2,55111300;
202300039892.0;5;92;92036;2;1;1.0;3.0;48,92562200;2,29104500;
202300039893.0;1;59;59350;2;2;1.0;1.0;50,61257000;3,06200000;
202300039894.0;1;92;92035;2;1;1.0;4.0;48,90609000;2,23895000;
202300039895.0;1;93;93047;2;2;2.0;3.0;48,89937000;2,55953000;
202300039896.0;1;58;58194;2;3;1.0;3.0;46,98736100;3,13324700;
202300039897.0;2;92;92002;2;3;1.0;6.0;48,73835085;2,29051799;
202300039898.0;1;56;56098;2;1;1.0;4.0;47,76198000; -3,36344000;
202300039899.0;1;44;44180;2;1;1.0;7.0;47,48525100; -1,10705500;
202300039900.0;5;92;92064;2;1;2.0;6.0;48,84463307;2,22037040;
202300039901.0;1;54;54371;1;1;1.0;7.0;49,20441000;5,95386000;
202300039902.0;1;08;08435;1;1;1.0;7.0;49,45036200;4,29689900;
202300039903.0;1;52;52121;2;1;1.0;1.0;48,10857000;5,14588000;
202300039904.0;1;86;86258;1;2;1.0;6.0;46,81362500;0,38998200;
202300039905.0;1;51;51454;2;3;1.0;3.0;49,22401000;4,01799000;
202300039906.0;3;02;02060;1;1;1.0;6.0;49,84589400;3,09211000;
202300039907.0;1;44;44132;2;2;1.0;3.0;47,26317000; -2,33657000;
202300039908.0;3;62;62078;1;1;2.0;1.0;50,85042800;1,93863200;
202300039909.0;2;27;27230;1;1;1.0;6.0;48,86105500;1,39676600;
202300039910.0;5;37;37261;2;2;1.0;6.0;47,39342000;0,67189000;
202300039911.0;3;84;84029;1;1;2.0;7.0;44,15239800;4,85510900;
202300039912.0;1;37;37261;2;1;1.0;2.0;47,39104000;0,67367000;
202300039913.0;1;37;37214;2;1;1.0;6.0;47,41308000;0,67659000;
202300039914.0;1;62;62491;1;3;1.0;4.0;50,59303100;2,76184200;
202300039915.0;1;37;37261;2;1;1.0;3.0;47,40313000;0,70458000;
202300039916.0;1;87;87202;1;1;1.0;6.0;45,90795800;1,10951200;
202300039917.0;1;35;35278;1;1;1.0;4.0;48,14685000; -1,69892000;
202300039918.0;3;19;19176;1;1;1.0;6.0;45,36947472;2,07133701;
202300039919.0;1;35;35051;1;1;1.0;6.0;48,11537000; -1,56466000;
202300039920.0;1;65;65350;1;1;1.0;7.0;43,29354400;0,04244300;
202300039921.0;1;35;35150;1;1;2.0;6.0;48,37415000; -1,22616000;
202300039922.0;1;34;34172;2;2;1.0;3.0;43,62390000;3,86205000;
202300039923.0;1;33;33063;2;1;7.0;6.0;44,85845000; -0,62402000;
202300039924.0;1;55;55431;1;2;1.0;3.0;48,87821500;5,76415300;
202300039925.0;1;33;33063;2;1;1.0;3.0;44,86997000; -0,54754000;
202300039926.0;1;46;46066;1;2;1.0;3.0;44,63904900;1,22889400;
202300039927.0;3;86;86100;1;1;1.0;6.0;46,51248500;0,22830500;
202300039928.0;1;33;33318;2;2;1.0;6.0;44,80543688; -0,64913884;
202300039929.0;3;68;68176;2;9;2.0;7.0;47,55898900;7,18669500;
202300039930.0;1;44;44131;1;1;8.0;7.0;47,14090600; -2,13070400;
202300039931.0;1;33;33063;2;2;1.0;2.0;44,82697000; -0,56921000;
202300039932.0;2;03;03018;1;1;1.0;7.0;46,26986600;3,26705900;
202300039933.0;1;29;29232;2;6;1.0;1.0;48,00115000; -4,11068000;
202300039934.0;1;27;27681;2;9;1.0;7.0;49,09171000;1,46992000;
202300039935.0;1;27;27562;1;1;1.0;7.0;49,08416000;1,44077000;
202300039936.0;3;14;14193;1;2;1.0;3.0;49,11372000;0,30194300;
202300039937.0;5;27;27681;2;1;1.0;6.0;49,08260000;1,47744000;
202300039938.0;1;14;14303;1;1;1.0;1.0;49,13652300;0,28473300;
202300039939.0;1;14;14454;2;2;1.0;2.0;49,14832700; -0,47659800;
202300039940.0;1;18;18033;2;6;1.0;7.0;47,12563500;2,39415900;
202300039941.0;3;60;60272;1;1;1.0;7.0;49,30039173;2,88288585;
202300039942.0;3;85;85145;1;1;1.0;6.0;46,74749350; -0,93082570;
202300039943.0;3;30;30012;1;1;2.0;7.0;43,88751300;4,65967300;
202300039944.0;1;15;15014;2;1;1.0;4.0;44,91069000;2,42645000;
202300039945.0;1;14;14366;2;1;1.0;6.0;49,14348000;0,22231000;
202300039946.0;3;88;88037;1;1;2.0;1.0;47,98839200;6,77830700;
202300039947.0;1;14;14437;2;1;1.0;6.0;49,17910000; -0,31780000;
202300039948.0;1;88;88304;2;3;1.0;6.0;48,29859800;6,13400800;
202300039949.0;1;13;13210;2;1;1.0;3.0;43,28117000;5,44161000;
202300039950.0;5;974;97402;1;1;1.0;1.0; -20,98426100;55,65192100;
202300039951.0;4;49;49266;1;1;1.0;7.0;47,43615800; -0,77934300;
202300039952.0;1;13;13001;2;1;1.0;6.0;43,48217667;5,41985056;
202300039953.0;1;11;11262;2;2;1.0;3.0;43,19168000;3,01495000;
202300039954.0;3;988;98822;1;3;8.0;7.0; -20,91654000;165,30700000;
202300039955.0;1;11;11069;2;1;1.0;1.0;43,20545600;2,37075400;
202300039956.0;1;06;06088;2;1;1.0;6.0;43,68282000;7,23322000;
202300039957.0;1;988;98821;1;1;3.0;1.0; -22,06313000;166,25682000;
202300039958.0;5;06;06069;2;6;1.0;7.0;43,63749000;6,94110000;
202300039959.0;5;973;97311;2;4;1.0;1.0;5,47676000; -54,03855100;
202300039960.0;1;06;06069;2;1;2.0;4.0;43,63092000;6,93867000;
202300039961.0;1;66;66108;2;3;1.0;3.0;42,69142100;2,69885500;
202300039962.0;1;06;06029;2;1;1.0;3.0;43,55201000;7,02942000;
202300039963.0;1;84;84026;1;1;1.0;5.0;43,72402200;5,37554400;
202300039964.0;1;04;04112;2;1;1.0;3.0;43,82073000;5,79518000;
202300039965.0;1;71;71090;1;1;5.0;1.0;46,22050900;4,75405500;
202300039966.0;1;75;75119;2;1;1.0;2.0;48,90047900;2,37528000;
202300039967.0;1;75;75113;2;1;1.0;2.0;48,81704500;2,34840200;
202300039968.0;2;67;67118;2;2;1.0;3.0;48,58047200;7,68700700;
202300039969.0;1;75;75115;2;1;1.0;3.0;48,82723000;2,29311000;
202300039970.0;3;26;26064;1;6;2.0;7.0;44,91637700;4,95266700;
202300039971.0;1;75;75117;2;1;2.0;2.0;48,89261000;2,30246200;
202300039972.0;1;24;24361;1;1;1.0;1.0;44,84478700;0,62165000;
202300039973.0;3;33;33433;1;1;1.0;6.0;44,91072263; -0,45266837;
202300039974.0;1;75;75114;2;1;1.0;2.0;48,81674900;2,33622400;
202300039975.0;1;75;75120;2;1;1.0;6.0;48,86966300;2,41349400;
202300039976.0;3;13;13211;1;1;1.0;2.0;43,29180000;5,45330000;
202300039977.0;1;75;75114;2;1;1.0;6.0;48,83334500;2,31236900;
202300039978.0;1;13;13214;1;1;1.0;2.0;43,33030000;5,39000000;
202300039979.0;1;75;75120;2;1;1.0;2.0;48,85322000;2,41423000;
202300039980.0;1;94;94038;1;1;1.0;4.0;48,77537186;2,34614811;
202300039981.0;1;75;75106;2;4;1.0;2.0;48,84196500;2,32991100;
202300039982.0;1;91;91161;1;1;1.0;3.0;48,70382000;2,30639000;
202300039983.0;1;75;75120;2;1;1.0;3.0;48,86497000;2,41097300;
202300039984.0;1;75;75118;2;1;1.0;6.0;48,89417800;2,34596500;
202300039985.0;3;91;91687;1;1;1.0;4.0;48,66250000;2,36822000;
202300039986.0;1;68;68056;2;1;1.0;6.0;47,72623000;7,32086000;
202300039987.0;1;75;75118;2;2;1.0;3.0;48,88979700;2,34293900;
202300039988.0;1;75;75116;2;1;1.0;6.0;48,86472800;2,28438100;
202300039989.0;5;62;62510;2;6;1.0;6.0;50,42407106;2,78177655;
202300039990.0;1;974;97416;1;1;1.0;1.0; -21,28798000;55,45431000;
202300039991.0;1;974;97416;1;1;1.0;7.0; -21,30804000;55,45717000;
202300039992.0;1;974;97411;1;1;1.0;2.0; -20,87608000;55,43446000;
202300039993.0;1;973;97302;1;6;2.0;7.0;4,90779000; -52,32238000;
202300039994.0;5;973;97302;2;1;1.0;3.0;4,93421114; -52,32357994;
202300039995.0;5;69;69388;2;2;2.0;3.0;45,74235000;4,85838000;
202300039996.0;2;69;69388;2;3;2.0;6.0;45,73185000;4,86054000;
202300039997.0;2;69;69386;2;3;1.0;3.0;45,77275000;4,85274000;
202300039998.0;1;69;69388;2;1;1.0;3.0;45,74146295;4,88455668;
202300039999.0;4;972;97213;2;6;1.0;6.0;14,61360000; -61,00081000;
202300040000.0;4;972;97213;2;1;1.0;6.0;14,61249000; -60,99922000;
202300040001.0;1;2B;2B033;2;1;1.0;1.0;42,69000000;9,45000000;
202300040002.0;1;971;97113;2;1;1.0;2.0;16,21760000; -61,49225000;
202300040003.0;5;971;97120;2;1;1.0;2.0;16,24620000; -61,53851000;
202300040004.0;5;971;97101;2;1;1.0;6.0;16,24531398; -61,53211981;
202300040005.0;5;971;97105;2;6;1.0;6.0;16,00533000; -61,73963000;
202300040006.0;1;95;95280;2;2;1.0;3.0;49,01241700;2,47219500;
202300040007.0;3;94;94021;1;1;1.0;2.0;48,76216836;2,34052108;
202300040008.0;5;95;95555;2;1;1.0;6.0;48,96688800;2,29084800;
202300040009.0;1;91;91340;1;1;1.0;2.0;48,61080000;2,43290000;
202300040010.0;1;88;88462;2;1;1.0;1.0;48,02500000;6,68000000;
202300040011.0;1;87;87075;1;1;2.0;6.0;45,78689000;1,18823000;
202300040012.0;2;81;81004;2;2;8.0;2.0;43,91908044;2,15480894;
202300040013.0;5;80;80489;2;1;1.0;6.0;49,87196000;2,35361000;
202300040014.0;1;78;78402;1;1;1.0;4.0;48,96468500;1,79978100;
202300040015.0;3;78;78140;1;1;1.0;7.0;48,96226600;1,92858400;
202300040016.0;1;79;79191;2;2;1.0;3.0;46,31620000; -0,47687000;
202300040017.0;1;78;78402;1;1;1.0;2.0;48,96399000;1,78771500;
202300040018.0;2;79;79191;2;2;2.0;6.0;46,31686000; -0,43580000;
202300040019.0;1;78;78624;1;1;1.0;3.0;48,95798400;2,01820600;
202300040020.0;1;93;93006;1;1;1.0;2.0;48,86966029;2,42972435;
202300040021.0;5;77;77390;2;1;1.0;1.0;48,80088000;2,63309000;
202300040022.0;1;76;76114;2;1;1.0;2.0;49,59046000;0,48505000;
202300040023.0;1;93;93010;1;1;1.0;2.0;48,90207598;2,47041227;
202300040024.0;5;69;69266;2;1;2.0;3.0;45,76460000;4,88880000;
202300040025.0;5;94;94052;1;1;1.0;1.0;48,84219890;2,49275360;
202300040026.0;1;69;69266;2;1;1.0;6.0;45,76603000;4,89850000;
202300040027.0;5;69;69266;1;1;2.0;6.0;45,75202270;4,90809219;
202300040028.0;1;77;77251;2;1;1.0;2.0;48,64490000;2,54591000;
202300040029.0;1;64;64129;2;6;2.0;3.0;43,30705000; -0,39892000;
202300040030.0;1;83;83137;2;1;1.0;3.0;43,12829000;5,92456000;
202300040031.0;1;64;64122;2;1;1.0;6.0;43,48445000; -1,55827000;
202300040032.0;5;64;64102;2;1;2.0;6.0;43,49058000; -1,46249000;
202300040033.0;1;974;97411;2;1;1.0;3.0; -20,88745000;55,41421000;
202300040034.0;2;63;63113;2;1;1.0;7.0;45,80172000;3,14577000;
202300040035.0;2;973;97302;2;2;1.0;3.0;4,93331000; -52,33171000;
202300040036.0;1;75;75113;2;1;1.0;2.0;48,82567500;2,38669300;
202300040037.0;1;63;63113;2;2;1.0;2.0;45,77680000;3,11758000;
202300040038.0;1;69;69387;2;2;1.0;1.0;45,74804000;4,85620000;
202300040039.0;1;75;75114;2;1;1.0;2.0;48,82429200;2,30637000;
202300040040.0;1;2B;2B120;1;1;1.0;1.0;42,64120000;9,43960000;
202300040041.0;1;75;75119;2;1;1.0;2.0;48,89935400;2,39255300;
202300040042.0;3;95;95510;1;1;1.0;3.0;49,05775441;2,00597048;
202300040043.0;5;59;59090;2;1;1.0;2.0;50,68459946;3,08489442;
202300040044.0;5;86;86066;2;1;1.0;2.0;46,80337000;0,55271000;
202300040045.0;1;75;75112;2;2;1.0;3.0;48,84426400;2,41013600;
202300040046.0;5;75;75105;2;2;1.0;3.0;48,83902800;2,34923000;
202300040047.0;2;59;59410;2;1;2.0;6.0;50,64540000;3,09860000;
202300040048.0;1;81;81065;1;3;1.0;3.0;43,64197000;2,22022000;
202300040049.0;1;75;75120;2;1;1.0;3.0;48,85242000;2,40452000;
202300040050.0;5;75;75119;2;3;1.0;3.0;48,88577900;2,37097800;
202300040051.0;1;79;79191;2;1;1.0;1.0;46,33447400; -0,46193000;
202300040052.0;5;59;59350;2;2;2.0;3.0;50,64382000;2,98886000;
202300040053.0;5;75;75115;2;9;1.0;3.0;48,83585000;2,27829600;
202300040054.0;1;75;75113;2;1;1.0;4.0;48,82387700;2,35796200;
202300040055.0;3;79;79191;2;1;1.0;1.0;46,33617000; -0,42314000;
202300040056.0;5;57;57306;2;1;2.0;1.0;49,33123000;6,06411000;
202300040057.0;1;75;75112;2;2;1.0;6.0;48,83543500;2,39779400;
202300040058.0;1;57;57751;2;9;1.0;6.0;49,15001000;6,15967000;
202300040059.0;5;75;75111;2;2;1.0;6.0;48,86527400;2,37451200;
202300040060.0;1;51;51454;2;1;2.0;1.0;49,22763000;4,02766000;
202300040061.0;1;75;75108;2;3;1.0;3.0;48,86794800;2,32460600;
202300040062.0;1;49;49007;2;1;2.0;2.0;47,46445168; -0,57229221;
202300040063.0;1;77;77152;1;9;1.0;3.0;48,50964900;2,59980000;
202300040064.0;2;75;75102;2;2;1.0;3.0;48,86931200;2,35427100;
202300040065.0;1;49;49353;2;1;1.0;3.0;47,44196000; -0,48314000;
202300040066.0;1;77;77152;2;1;1.0;3.0;48,50735000;2,60805000;
202300040067.0;1;75;75104;2;2;1.0;3.0;48,85595100;2,36732200;
202300040068.0;5;45;45286;1;1;1.0;1.0;47,87000000;1,93200000;
202300040069.0;1;75;75104;2;1;1.0;6.0;48,85071600;2,36112300;
202300040070.0;1;44;44184;2;2;1.0;6.0;47,28076000; -2,22987000;
202300040071.0;1;77;77014;2;9;1.0;2.0;48,41863000;2,73715000;
202300040072.0;1;71;71270;2;1;1.0;6.0;46,30282000;4,82884000;
202300040073.0;1;94;94043;2;1;1.0;2.0;48,80855300;2,36265100;
202300040074.0;1;42;42207;1;4;1.0;6.0;45,45142000;4,49025000;
202300040075.0;1;71;71445;2;1;1.0;6.0;46,77609000;4,88700000;
202300040076.0;5;93;93051;2;3;1.0;3.0;48,82685000;2,58377000;
202300040077.0;5;38;38185;2;3;1.0;3.0;45,18924000;5,72260000;
202300040078.0;3;69;69275;2;2;1.0;7.0;45,77171680;4,95771768;
202300040079.0;1;93;93048;2;1;1.0;3.0;48,85630348;2,42616910;
202300040080.0;5;37;37261;2;1;2.0;3.0;47,43353609;0,69796926;
202300040081.0;1;69;69266;2;1;1.0;6.0;45,76483050;4,90855947;
202300040082.0;1;35;35238;2;1;2.0;2.0;48,09392000; -1,64884000;
202300040083.0;3;92;92051;2;1;1.0;5.0;48,87972000;2,27603000;
202300040084.0;5;34;34032;2;1;1.0;6.0;43,32639000;3,24582000;
202300040085.0;5;69;69259;2;1;1.0;2.0;45,71290000;4,87407000;
202300040086.0;1;34;34032;1;1;1.0;2.0;43,36968100;3,28303100;
202300040087.0;1;33;33529;2;2;2.0;3.0;44,61449000; -1,12746000;
202300040088.0;1;64;64024;2;1;1.0;2.0;43,48908000; -1,49977000;
202300040089.0;1;13;13028;1;1;1.0;4.0;43,20858342;5,58528697;
202300040090.0;1;29;29232;2;6;1.0;3.0;48,00074500; -4,15202200;
202300040091.0;1;83;83027;1;1;1.0;7.0;43,16469276;5,76706828;
202300040092.0;1;64;64102;2;1;1.0;2.0;43,48755000; -1,48272000;
202300040093.0;1;29;29039;2;2;1.0;3.0;47,90857000; -3,91873000;
202300040094.0;3;62;62277;1;1;1.0;6.0;50,38506400;2,92172600;
202300040095.0;3;91;91689;1;1;1.0;2.0;48,74007120;2,31942594;
202300040096.0;1;26;26198;2;1;1.0;6.0;44,55664000;4,74656000;
202300040097.0;1;93;93027;1;1;1.0;6.0;48,93335203;2,38374209;
202300040098.0;1;25;25056;2;1;1.0;2.0;47,22340000;5,97924000;
202300040099.0;3;62;62628;2;2;1.0;3.0;50,42219000;2,89063000;
202300040100.0;1;94;94033;1;1;1.0;2.0;48,85806851;2,48816509;
202300040101.0;1;24;24557;1;1;1.0;6.0;45,19821000;0,74099000;
202300040102.0;1;94;94069;1;1;1.0;3.0;48,81760575;2,42124411;
202300040103.0;1;30;30032;2;1;1.0;3.0;43,80630000;4,63620000;
202300040104.0;3;60;60382;1;1;1.0;5.0;49,43404434;2,81543970;
202300040105.0;1;75;75112;1;1;3.0;2.0;48,82514600;2,46377200;
202300040106.0;5;13;13210;2;3;1.0;3.0;43,28505000;5,42530000;
202300040107.0;1;60;60057;2;1;1.0;3.0;49,41914000;2,10672000;
202300040108.0;2;13;13209;2;1;1.0;1.0;43,25692275;5,40828827;
202300040109.0;1;89;89307;1;2;7.0;3.0;47,92029700;3,71319100;
202300040110.0;1;59;59360;2;3;1.0;3.0;50,62237000;3,01526000;
202300040111.0;1;59;59183;2;1;1.0;6.0;51,00459000;2,32210000;
202300040112.0;1;88;88496;1;2;1.0;1.0;48,22454800;5,81740000;
202300040113.0;5;10;10362;2;1;1.0;6.0;48,29000000;4,05000000;
202300040114.0;1;57;57227;2;1;1.0;6.0;49,18787000;6,90036000;
202300040115.0;1;974;97411;2;1;1.0;2.0; -20,89330000;55,49119000;
202300040116.0;1;44;44109;2;1;1.0;3.0;47,20418000; -1,55839000;
202300040117.0;1;973;97302;2;2;1.0;3.0;4,93431536; -52,33195379;
202300040118.0;1;44;44109;2;1;1.0;7.0;47,25901941; -1,50330462;
202300040119.0;1;69;69386;2;2;1.0;3.0;45,77458000;4,84709000;
202300040120.0;5;38;38185;2;1;1.0;6.0;45,18338000;5,72650000;
202300040121.0;5;972;97209;1;1;1.0;6.0;14,61676000; -61,04207000;
202300040122.0;1;38;38185;2;1;1.0;6.0;45,17193000;5,70505000;
202300040123.0;1;971;97101;2;1;2.0;6.0;16,25276000; -61,52450000;
202300040124.0;1;35;35288;2;1;1.0;6.0;48,66200000; -1,98967000;
202300040125.0;1;91;91201;2;1;1.0;4.0;48,67450000;2,41290000;
202300040126.0;1;91;91286;2;5;1.0;2.0;48,65090000;2,38256000;
202300040127.0;1;35;35238;2;1;1.0;5.0;48,09001000; -1,63033000;
202300040128.0;3;77;77288;1;1;1.0;2.0;48,54289000;2,64736000;
202300040129.0;1;33;33063;2;3;1.0;3.0;44,84952000; -0,58470000;
202300040130.0;5;29;29232;2;1;1.0;6.0;47,98761350; -4,12186530;
202300040131.0;3;77;77450;1;9;1.0;6.0;48,70622000;2,59631000;
202300040132.0;1;76;76474;2;1;1.0;3.0;49,49391000;1,04865000;