Num_Acc;lum;departement;commune;agglomeration;intersection;meteo;type_collision;lat;long;date
202300040133.0;1;29;29232;1;6;1.0;3.0;47,97889000; -4,09470000;
202300040134.0;1;28;28404;1;1;1.0;5.0;48,73088000;1,34318000;
202300040135.0;1;71;71076;2;2;1.0;1.0;46,78761098;4,83876253;
202300040136.0;1;27;27684;1;1;1.0;6.0;49,01417260;1,23303700;
202300040137.0;5;69;69264;2;2;1.0;3.0;45,98930000;4,72274000;
202300040138.0;1;27;27229;2;1;1.0;2.0;49,02049800;1,18218500;
202300040139.0;1;69;69264;2;1;1.0;2.0;45,99356000;4,71576000;
202300040140.0;1;69;69259;2;9;1.0;6.0;45,69508000;4,87640000;
202300040141.0;4;22;22106;2;3;1.0;3.0;48,50124000; -2,73403000;
202300040142.0;1;63;63224;1;1;1.0;5.0;45,86858000;3,11888000;
202300040143.0;1;17;17028;1;1;1.0;4.0;46,14500000; -1,10900000;
202300040144.0;1;62;62160;2;1;1.0;6.0;50,72653000;1,61194200;
202300040145.0;5;17;17274;2;6;1.0;3.0;46,15439000; -1,11213000;
202300040146.0;1;60;60175;2;1;3.0;6.0;49,25219000;2,48360000;
202300040147.0;1;59;59152;2;1;1.0;6.0;50,76392560;3,01008553;
202300040148.0;1;13;13214;2;2;1.0;3.0;43,33132000;5,37667000;
202300040149.0;1;54;54578;2;2;1.0;3.0;48,67029000;6,15830000;
202300040150.0;1;13;13215;2;1;1.0;6.0;43,37965000;5,36183000;
202300040151.0;1;49;49007;2;2;1.0;3.0;47,47861000; -0,55620000;
202300040152.0;1;13;13028;2;1;1.0;3.0;43,17904000;5,60190000;
202300040153.0;1;11;11069;2;1;1.0;6.0;43,22847700;2,38751700;
202300040154.0;5;45;45302;2;2;1.0;3.0;47,94329000;1,89264000;
202300040155.0;5;11;11069;2;1;1.0;6.0;43,20700000;2,31460000;
202300040156.0;3;44;44184;1;1;1.0;2.0;47,29136000; -2,23226000;
202300040157.0;1;44;44109;2;1;7.0;6.0;47,19823000; -1,59476000;
202300040158.0;1;35;35238;2;1;7.0;6.0;48,09144336; -1,66101158;
202300040159.0;1;11;11069;2;1;1.0;5.0;43,21130000;2,32840000;
202300040160.0;3;09;09207;1;1;1.0;6.0;42,92884000;1,63204000;
202300040161.0;1;35;35115;2;2;1.0;3.0;48,35098000; -1,19273000;
202300040162.0;5;33;33063;2;1;3.0;6.0;44,87723121; -0,56818843;
202300040163.0;1;06;06069;2;1;1.0;3.0;43,67463300;6,95537500;
202300040164.0;1;33;33069;2;2;1.0;3.0;44,85708060; -0,59114277;
202300040165.0;1;06;06069;2;1;1.0;2.0;43,63523800;6,95167000;
202300040166.0;1;31;31483;2;3;1.0;2.0;43,10164200;0,72772000;
202300040167.0;1;27;27229;2;1;1.0;3.0;49,00923600;1,16747100;
202300040168.0;1;06;06069;2;1;1.0;4.0;43,64165000;6,94534000;
202300040169.0;4;26;26198;1;1;1.0;6.0;44,55377119;4,74866867;
202300040170.0;1;26;26198;1;3;1.0;3.0;44,53935000;4,73230000;
202300040171.0;1;04;04112;2;1;1.0;2.0;43,82499000;5,78882000;
202300040172.0;1;25;25056;2;4;1.0;6.0;47,26540000;6,04877000;
202300040173.0;1;22;22113;2;1;1.0;6.0;48,73280000; -3,46388000;
202300040174.0;5;988;98818;2;3;1.0;3.0; -22,30955000;166,45802000;
202300040175.0;1;16;16271;1;1;1.0;2.0;45,61511300;0,19121100;
202300040176.0;1;976;97611;2;1;1.0;3.0; -12,80374000;45,21221000;
202300040177.0;1;14;14220;2;1;1.0;2.0;49,36238000;0,07378000;
202300040178.0;3;974;97411;1;3;1.0;6.0; -20,89192000;55,46735000;
202300040179.0;1;13;13207;2;1;1.0;2.0;43,27010000;5,36529000;
202300040180.0;1;974;97411;2;1;1.0;6.0; -20,88138000;55,45706000;
202300040181.0;5;11;11069;2;9;1.0;6.0;43,20687000;2,33537000;
202300040182.0;1;974;97411;2;1;1.0;3.0; -20,88703000;55,47108000;
202300040183.0;1;11;11069;1;1;1.0;2.0;43,22386000;2,32700000;
202300040184.0;1;974;97411;2;1;1.0;6.0; -20,88969000;55,46105000;
202300040185.0;1;02;02408;2;6;1.0;3.0;49,56850000;3,64680000;
202300040186.0;5;75;75114;2;1;1.0;7.0;48,82520657;2,30326134;
202300040187.0;1;974;97407;1;1;1.0;2.0; -20,95307000;55,29430000;
202300040188.0;1;973;97302;2;3;1.0;3.0;4,91739000; -52,32143000;
202300040189.0;2;75;75116;2;1;1.0;5.0;48,85464000;2,25471100;
202300040190.0;1;69;69388;2;2;1.0;3.0;45,73299000;4,86602000;
202300040191.0;1;75;75105;2;2;1.0;3.0;48,85377200;2,34434700;
202300040192.0;5;75;75114;2;3;1.0;6.0;48,83502500;2,33217400;
202300040193.0;1;69;69383;2;3;1.0;2.0;45,76235000;4,84140000;
202300040194.0;1;75;75115;2;2;1.0;6.0;48,84769300;2,28414100;
202300040195.0;1;75;75114;2;3;1.0;6.0;48,83945700;2,32228800;
202300040196.0;1;75;75114;2;3;1.0;3.0;48,83405800;2,32444300;
202300040197.0;5;69;69389;2;2;1.0;3.0;45,77357000;4,79524000;
202300040198.0;5;75;75113;2;1;1.0;1.0;48,82623670;2,38626069;
202300040199.0;1;2A;2A004;2;3;1.0;3.0;41,95855000;8,78061000;
202300040200.0;5;75;75111;2;3;1.0;6.0;48,85439900;2,38407700;
202300040201.0;1;95;95051;2;3;7.0;1.0;49,01614290;2,17679769;
202300040202.0;5;75;75111;2;2;1.0;6.0;48,85825900;2,38988600;
202300040203.0;1;91;91215;2;1;1.0;6.0;48,69760000;2,52424000;
202300040204.0;3;93;93064;1;1;8.0;4.0;48,87884000;2,47637000;
202300040205.0;3;94;94011;1;1;2.0;6.0;48,76265000;2,49500000;
202300040206.0;1;75;75101;2;2;1.0;3.0;48,85854700;2,34820500;
202300040207.0;1;91;91174;2;3;1.0;4.0;48,61154000;2,46993000;
202300040208.0;3;94;94042;1;1;3.0;6.0;48,82743426;2,46915402;
202300040209.0;1;94;94046;2;1;1.0;1.0;48,81170568;2,44367293;
202300040210.0;1;88;88160;2;1;8.0;3.0;48,18066300;6,43674500;
202300040211.0;1;94;94022;2;1;1.0;6.0;48,76959390;2,42372292;
202300040212.0;3;77;77372;1;1;1.0;5.0;48,89658433;2,66217082;
202300040213.0;1;78;78172;2;1;1.0;6.0;49,00500700;2,11645400;
202300040214.0;1;94;94028;1;1;3.0;6.0;48,79698818;2,44355794;
202300040215.0;1;93;93071;2;2;1.0;3.0;48,92850000;2,52723000;
202300040216.0;3;77;77258;1;1;1.0;3.0;48,83140473;2,64207057;
202300040217.0;5;93;93048;2;1;1.0;6.0;48,86074200;2,46805600;
202300040218.0;1;77;77053;2;1;1.0;6.0;48,68583000;2,62556000;
202300040219.0;2;74;74159;1;1;1.0;2.0;46,02396802;6,61644459;
202300040220.0;2;77;77378;2;1;1.0;6.0;48,52992000;2,55656000;
202300040221.0;5;988;98818;2;1;1.0;6.0; -22,26680000;166,42030000;
202300040222.0;5;93;93077;2;1;1.0;1.0;48,87659524;2,52523784;
202300040223.0;1;77;77226;2;2;1.0;3.0;48,44321000;2,78590000;
202300040224.0;5;988;98818;2;1;1.0;6.0; -22,29570000;166,43759000;
202300040225.0;3;93;93050;2;5;1.0;1.0;48,87536724;2,52598708;
202300040226.0;1;76;76561;2;2;1.0;3.0;49,30998000;1,01322000;
202300040227.0;1;974;97411;2;1;1.0;4.0; -20,88983000;55,45200000;
202300040228.0;1;93;93015;2;4;1.0;6.0;48,91636000;2,56955000;
202300040229.0;4;973;97302;2;1;1.0;6.0;4,93207047; -52,32807255;
202300040230.0;1;72;72181;2;1;1.0;4.0;47,98438000;0,22252000;
202300040231.0;5;72;72181;2;6;8.0;3.0;48,02500000;0,17700000;
202300040232.0;1;93;93047;2;2;1.0;6.0;48,89421000;2,54942000;
202300040233.0;3;69;69386;2;9;1.0;3.0;45,76788975;4,85844597;
202300040234.0;1;92;92078;2;1;1.0;3.0;48,92907878;2,32614756;
202300040235.0;1;72;72181;2;6;8.0;3.0;48,01109900;0,19913500;
202300040236.0;2;69;69386;2;2;2.0;6.0;45,76517000;4,86361000;
202300040237.0;5;69;69389;2;1;2.0;6.0;45,76806000;4,79773000;
202300040238.0;1;69;69259;2;3;1.0;3.0;45,69869000;4,89241000;
202300040239.0;5;92;92078;2;1;1.0;4.0;48,93056675;2,32072592;
202300040240.0;3;92;92033;2;1;1.0;6.0;48,84669283;2,18137443;
202300040241.0;5;69;69384;2;1;5.0;2.0;45,77656000;4,83971000;
202300040242.0;1;69;69259;2;2;1.0;3.0;45,71774000;4,88480000;
202300040243.0;1;92;92064;2;1;1.0;3.0;48,85418864;2,21213758;
202300040244.0;3;2B;2B037;1;9;3.0;1.0;42,61008000;9,43767000;
202300040245.0;1;92;92051;2;1;1.0;6.0;48,89006000;2,27377000;
202300040246.0;1;69;69029;2;3;1.0;3.0;45,73623000;4,91369000;
202300040247.0;5;2B;2B033;1;4;9.0;3.0;42,68285882;9,42202409;
202300040248.0;2;972;97222;1;1;1.0;3.0;14,65415700; -60,93056200;
202300040249.0;1;66;66136;2;1;1.0;6.0;42,67678000;2,89045000;
202300040250.0;1;66;66136;2;1;1.0;6.0;42,68713000;2,90601000;
202300040251.0;1;95;95018;2;1;3.0;6.0;48,94415000;2,25099000;
202300040252.0;1;65;65286;2;1;1.0;6.0;43,09579900; -0,03948500;
202300040253.0;1;62;62706;1;2;1.0;3.0;50,59935900;2,75700000;
202300040254.0;5;91;91421;2;1;2.0;2.0;48,70731000;2,45526000;
202300040255.0;1;71;71118;1;1;1.0;2.0;46,80321700;4,82524000;
202300040256.0;5;91;91228;1;3;8.0;3.0;48,62226000;2,41699000;
202300040257.0;1;64;64260;2;1;1.0;3.0;43,34847000; -1,77028000;
202300040258.0;1;974;97410;1;1;1.0;7.0; -21,08061100;55,62667600;
202300040259.0;5;91;91521;2;1;8.0;2.0;48,63791000;2,40318000;
202300040260.0;1;64;64483;1;1;1.0;6.0;43,39392000; -1,65009000;
202300040261.0;5;30;30351;2;1;9.0;5.0;43,95367312;4,78346765;
202300040262.0;4;64;64024;2;1;1.0;7.0;43,51541000; -1,51981000;
202300040263.0;1;974;97414;1;1;1.0;1.0; -21,28489600;55,42085400;
202300040264.0;1;64;64102;2;1;1.0;6.0;43,49874000; -1,44769000;
202300040265.0;5;83;83137;2;3;1.0;3.0;43,12612000;5,95974000;
202300040266.0;1;62;62413;2;1;1.0;6.0;50,45465885;2,90492186;
202300040267.0;5;83;83129;2;3;1.0;3.0;43,09483422;5,83005081;
202300040268.0;1;62;62413;1;3;1.0;3.0;50,46599171;2,90378469;
202300040269.0;5;77;77108;2;9;9.0;2.0;48,86932000;2,57454000;
202300040270.0;3;34;34163;1;1;1.0;5.0;43,63301273;3,72953979;
202300040271.0;1;59;59352;2;1;2.0;6.0;50,73311000;3,08579000;
202300040272.0;1;77;77251;1;1;1.0;6.0;48,61923000;2,54289000;
202300040273.0;1;59;59599;2;1;8.0;6.0;50,73614000;3,17323000;
202300040274.0;1;87;87001;2;3;1.0;3.0;45,79669200;1,13661300;
202300040275.0;1;77;77122;2;7;2.0;6.0;48,66419500;2,56843800;
202300040276.0;5;59;59033;2;1;2.0;6.0;50,20296600;3,84954800;
202300040277.0;1;21;21679;1;1;1.0;7.0;47,30581900;4,66650700;
202300040278.0;5;59;59220;2;1;1.0;6.0;50,60538061;3,06528211;
202300040279.0;3;77;77209;1;2;8.0;6.0;48,85390700;2,69064000;
202300040280.0;1;59;59122;2;1;1.0;6.0;50,16158260;3,23471993;
202300040281.0;5;76;76329;2;2;2.0;3.0;49,55775000;0,48535000;
202300040282.0;5;57;57287;2;1;1.0;1.0;49,37582400;6,22689300;
202300040283.0;5;57;57240;1;9;9.0;1.0;49,14890000;6,79680000;
202300040284.0;1;57;57079;1;1;1.0;6.0;49,32540676;6,45572121;
202300040285.0;5;72;72181;1;1;1.0;5.0;47,98554000;0,22463000;
202300040286.0;2;56;56121;2;6;2.0;2.0;47,76120000; -3,36596000;
202300040287.0;1;72;72181;1;9;2.0;3.0;48,02450000;0,17708000;
202300040288.0;3;59;59502;1;5;1.0;1.0;50,18575339;3,34372088;
202300040289.0;1;54;54357;2;1;1.0;1.0;48,71088000;6,16219000;
202300040290.0;1;46;46304;2;1;1.0;6.0;44,70194100;1,54830000;
202300040291.0;1;54;54300;2;2;1.0;6.0;48,65967000;6,22625000;
202300040292.0;1;64;64122;2;1;1.0;3.0;43,45220000; -1,54407000;
202300040293.0;1;50;50129;2;1;1.0;6.0;49,64942000; -1,65812000;
202300040294.0;5;62;62555;2;1;8.0;6.0;50,50189000;2,50256000;
202300040295.0;3;68;68155;2;1;1.0;7.0;48,09366545;7,31197894;
202300040296.0;1;50;50129;2;3;1.0;3.0;49,65008000; -1,66014000;
202300040297.0;5;54;54578;2;3;2.0;3.0;48,67235000;6,15462000;
202300040298.0;1;25;25254;1;1;1.0;6.0;46,85759400;6,37619000;
202300040299.0;3;49;49267;2;1;2.0;1.0;47,46760000; -0,51525000;
202300040300.0;1;35;35222;1;1;1.0;7.0;48,53007400; -1,60400900;
202300040301.0;1;49;49007;2;2;1.0;3.0;47,47345000; -0,54203000;
202300040302.0;5;42;42218;2;6;2.0;6.0;45,44430294;4,42492984;
202300040303.0;1;29;29241;2;6;1.0;7.0;47,95855955; -3,81968921;
202300040304.0;1;49;49007;2;1;1.0;2.0;47,46568000; -0,59484000;
202300040305.0;2;38;38185;1;1;1.0;2.0;45,16554000;5,70162000;
202300040306.0;2;02;02081;2;1;1.0;6.0;49,62753100;3,14277600;
202300040307.0;1;47;47001;2;1;1.0;2.0;44,20999000;0,61046000;
202300040308.0;1;33;33167;2;2;3.0;3.0;44,82834000; -0,53018000;
202300040309.0;1;03;03268;1;1;7.0;6.0;46,13543000;3,21126400;
202300040310.0;1;44;44109;1;1;1.0;2.0;47,25509000; -1,53204000;
202300040311.0;3;15;15221;1;6;1.0;6.0;44,88222600;2,35567800;
202300040312.0;1;33;33063;2;2;1.0;3.0;44,87594000; -0,54833000;
202300040313.0;1;44;44190;2;1;7.0;6.0;47,20850000; -1,51041000;
202300040314.0;1;70;70120;1;1;7.0;2.0;47,70281600;6,70987800;
202300040315.0;1;31;31149;2;1;8.0;6.0;43,60679000;1,33088000;
202300040316.0;1;44;44109;2;1;1.0;6.0;47,21465000; -1,56590000;
202300040317.0;1;72;72064;1;1;7.0;6.0;47,86162800;0,67612100;
202300040318.0;1;31;31555;2;9;1.0;2.0;43,56851000;1,40791000;
202300040319.0;1;43;43157;2;1;1.0;4.0;45,04224000;3,88436000;
202300040320.0;3;05;05045;1;1;1.0;6.0;44,53143800;6,43477000;
202300040321.0;3;31;31565;2;1;2.0;6.0;43,09752000;0,70642000;
202300040322.0;1;43;43251;1;1;1.0;7.0;45,01832000;3,86408000;
202300040323.0;1;35;35281;1;6;1.0;3.0;48,07837000; -1,71249000;
202300040324.0;2;90;90053;1;1;1.0;6.0;47,52876400;6,96080400;
202300040325.0;1;17;17466;1;1;1.0;7.0;46,18895900; -0,97052000;
202300040326.0;1;35;35238;2;1;1.0;6.0;48,08665000; -1,67603000;
202300040327.0;1;48;48037;1;1;1.0;7.0;44,51153400;3,64742900;
202300040328.0;1;27;27528;2;1;6.0;7.0;49,25464300;1,20946800;
202300040329.0;1;34;34172;2;6;1.0;3.0;43,63157000;3,84266000;
202300040330.0;5;27;27229;2;9;2.0;3.0;49,00400000;1,14750000;
202300040331.0;5;34;34003;2;1;1.0;2.0;43,30222400;3,48442200;
202300040332.0;3;60;60100;1;1;1.0;3.0;49,24985100;2,67916200;
202300040333.0;1;25;25056;2;9;2.0;1.0;47,22689000;5,97951000;
202300040334.0;5;33;33192;2;2;1.0;5.0;44,79056700; -0,60516800;
202300040335.0;1;15;15012;2;1;1.0;3.0;44,90167500;2,45861100;
202300040336.0;1;987;98714;2;1;1.0;6.0; -16,38656700; -151,76673500;
202300040337.0;5;13;13075;2;1;1.0;1.0;43,34798300;5,46425100;
202300040338.0;1;33;33281;2;1;1.0;3.0;44,84383000; -0,65362000;
202300040339.0;4;29;29232;1;6;1.0;7.0;47,96390000; -4,08370000;
202300040340.0;3;988;98808;1;1;1.0;6.0; -21,29054000;165,54169000;
202300040341.0;1;13;13213;2;1;1.0;2.0;43,31390000;5,40593000;
202300040342.0;1;29;29039;1;1;1.0;4.0;47,94329761; -3,92920516;
202300040343.0;4;71;71069;1;1;1.0;7.0;46,33275800;4,72063400;
202300040344.0;1;13;13210;2;1;1.0;1.0;43,27518600;5,41633900;
202300040345.0;1;28;28134;1;1;1.0;3.0;48,74595000;1,37853000;
202300040346.0;1;10;10387;2;1;2.0;3.0;48,30203000;4,07427000;
202300040347.0;1;27;27229;2;1;1.0;4.0;49,00673000;1,14446250;
202300040348.0;3;44;44201;1;1;1.0;7.0;47,34523700; -1,55893800;
202300040349.0;5;10;10387;2;2;8.0;3.0;48,28769000;4,07718000;
202300040350.0;5;06;06069;2;1;1.0;2.0;43,65689100;6,94529900;
202300040351.0;3;07;07241;1;1;1.0;6.0;44,54862788;4,43266939;
202300040352.0;1;25;25204;2;1;8.0;1.0;46,92578000;6,35241000;
202300040353.0;5;06;06004;1;9;1.0;6.0;43,60345000;7,09008000;
202300040354.0;1;24;24037;2;1;1.0;6.0;44,85914000;0,47776000;
202300040355.0;1;01;01281;2;2;1.0;1.0;46,28404600;6,08609900;
202300040356.0;5;05;05061;2;1;3.0;6.0;44,54990000;6,06851000;
202300040357.0;1;16;16102;2;6;1.0;6.0;45,69404000; -0,34735000;
202300040358.0;1;33;33498;2;1;1.0;6.0;44,55609000; -0,91432200;
202300040359.0;1;04;04112;2;1;8.0;3.0;43,83072000;5,78043000;
202300040360.0;1;35;35178;1;1;1.0;6.0;48,31118300; -1,43200500;
202300040361.0;1;04;04070;2;1;3.0;3.0;44,08468200;6,22262500;
202300040362.0;5;75;75118;2;1;1.0;2.0;48,90123600;2,35211200;
202300040363.0;1;59;59430;2;1;1.0;6.0;50,13938500;3,49977900;
202300040364.0;1;13;13103;2;1;1.0;1.0;43,63983000;5,10890000;
202300040365.0;1;75;75117;2;3;1.0;2.0;48,89028300;2,32078000;
202300040366.0;1;59;59177;1;1;1.0;1.0;50,15580300;3,87675500;
202300040367.0;5;13;13208;2;3;1.0;3.0;43,26908000;5,38640000;
202300040368.0;1;75;75112;2;3;3.0;1.0;48,83610800;2,39223600;
202300040369.0;1;13;13047;1;1;1.0;2.0;43,54847000;4,97356000;
202300040370.0;1;13;13005;1;1;1.0;2.0;43,28651100;5,53636900;
202300040371.0;1;75;75111;2;3;8.0;6.0;48,86729000;2,37589700;
202300040372.0;1;13;13026;1;1;1.0;1.0;43,39021000;5,13658000;
202300040373.0;1;10;10325;2;9;1.0;3.0;48,26750977;4,06187832;
202300040374.0;1;75;75110;2;3;3.0;6.0;48,87980000;2,36553200;
202300040375.0;1;10;10387;2;1;1.0;4.0;48,29345000;4,06872000;
202300040376.0;5;69;69204;1;1;1.0;2.0;45,68408604;4,80424374;
202300040377.0;5;75;75108;2;2;2.0;3.0;48,86667134;2,32201767;
202300040378.0;5;08;08480;2;1;9.0;6.0;49,74272000;4,73821000;
202300040379.0;2;75;75104;2;2;2.0;6.0;48,85589900;2,35108900;
202300040380.0;5;06;06088;2;1;1.0;3.0;43,70589000;7,28328000;
202300040381.0;1;06;06104;2;1;1.0;3.0;43,75775900;7,48188300;
202300040382.0;1;94;94052;2;3;2.0;3.0;48,83104600;2,46887200;
202300040383.0;3;33;33162;1;9;3.0;3.0;44,86942274; -0,64565867;
202300040384.0;5;94;94052;2;1;2.0;6.0;48,84526214;2,48923990;
202300040385.0;1;06;06069;2;1;1.0;3.0;43,64891000;6,91185000;
202300040386.0;1;92;92002;1;1;1.0;2.0;48,73038049;2,30823398;
202300040387.0;4;94;94017;2;1;2.0;6.0;48,82033118;2,48535318;
202300040388.0;1;06;06123;2;1;1.0;3.0;43,69302000;7,17844000;
202300040389.0;5;94;94071;2;2;2.0;6.0;48,77541000;2,51519000;
202300040390.0;1;91;91136;1;1;1.0;2.0;48,71276000;2,28279000;
202300040391.0;1;01;01053;2;2;7.0;1.0;46,18777000;5,22922500;
202300040392.0;1;93;93051;2;3;2.0;6.0;48,83845000;2,54940000;
202300040393.0;1;75;75112;2;1;1.0;2.0;48,83319100;2,40694600;
202300040394.0;1;91;91689;1;1;1.0;4.0;48,73237000;2,31567000;
202300040395.0;5;75;75112;2;1;1.0;7.0;48,84315800;2,41370700;
202300040396.0;1;93;93050;2;3;3.0;6.0;48,86890000;2,53705600;
202300040397.0;2;93;93006;1;1;1.0;2.0;48,86577158;2,41749625;
202300040398.0;1;75;75117;2;3;1.0;3.0;48,87902500;2,29285700;
202300040399.0;1;92;92048;2;3;2.0;3.0;48,81192129;2,23018304;
202300040400.0;5;75;75117;2;1;1.0;6.0;48,89533500;2,30730100;
202300040401.0;4;92;92036;2;1;2.0;6.0;48,93316138;2,30376855;
202300040402.0;1;75;75116;2;1;1.0;7.0;48,86789300;2,23410900;
202300040403.0;1;93;93064;1;1;1.0;2.0;48,87916750;2,47634149;
202300040404.0;2;92;92012;2;1;8.0;6.0;48,82992042;2,23227113;
202300040405.0;3;56;56186;2;1;2.0;6.0;47,47422900; -3,11085300;
202300040406.0;2;75;75114;2;2;1.0;3.0;48,82208600;2,32542500;
202300040407.0;3;81;81139;1;1;1.0;6.0;43,73810400;2,13521000;
202300040408.0;1;75;75114;2;1;1.0;6.0;48,82440000;2,33763200;
202300040409.0;3;95;95582;1;1;1.0;4.0;48,96890000;2,25120000;
202300040410.0;3;95;95582;1;1;1.0;7.0;48,97819000;2,24083000;
202300040411.0;1;75;75113;2;3;1.0;2.0;48,82280700;2,35841200;
202300040412.0;1;26;26085;1;1;8.0;4.0;44,50004100;4,76825500;
202300040413.0;3;51;51559;1;1;2.0;2.0;49,11962400;4,54880100;
202300040414.0;5;75;75109;2;3;1.0;6.0;48,87470400;2,32846200;
202300040415.0;1;94;94028;1;1;1.0;4.0;48,79992769;2,44606437;
202300040416.0;3;60;60430;1;1;6.0;1.0;49,31499900;2,92954100;
202300040417.0;1;75;75107;2;3;1.0;3.0;48,85075700;2,30925600;
202300040418.0;5;93;93066;2;1;2.0;2.0;48,94606481;2,36695718;
202300040419.0;4;65;65258;2;1;1.0;6.0;43,12361800;0,38564800;
202300040420.0;1;94;94073;2;1;1.0;3.0;48,75796854;2,39093918;
202300040421.0;3;33;33093;1;1;2.0;6.0;44,72066000; -0,33166100;
202300040422.0;1;93;93066;2;9;1.0;1.0;48,94524194;2,35185882;
202300040423.0;1;61;61339;2;1;1.0;6.0;48,76414500; -0,24559300;
202300040424.0;1;94;94017;2;1;1.0;4.0;48,81323000;2,52879000;
202300040425.0;1;974;97411;2;1;1.0;7.0; -20,89430000;55,47164000;
202300040426.0;1;68;68201;2;9;1.0;6.0;47,77338600;7,00058200;
202300040427.0;1;93;93064;2;1;1.0;3.0;48,88066247;2,47720980;
202300040428.0;5;974;97407;2;3;1.0;6.0; -20,95810000;55,31754000;
202300040429.0;5;68;68060;2;6;2.0;3.0;47,74054300;7,14378500;
202300040430.0;1;973;97302;2;3;1.0;3.0;4,93145000; -52,32469000;
202300040431.0;1;93;93064;2;6;1.0;4.0;48,87746294;2,47516069;
202300040432.0;1;34;34154;2;5;1.0;3.0;43,54878100;3,97981900;
202300040433.0;1;973;97302;1;1;1.0;3.0;4,90700154; -52,32213557;
202300040434.0;1;93;93029;2;1;1.0;3.0;48,92248043;2,45669693;
202300040435.0;1;29;29236;1;1;3.0;3.0;47,87727525; -3,63405892;
202300040436.0;1;69;69383;2;1;1.0;6.0;45,76243000;4,84980000;
202300040437.0;1;93;93005;2;1;1.0;6.0;48,92746040;2,49181257;
202300040438.0;3;29;29204;1;1;1.0;1.0;48,49095600; -4,18815100;
202300040439.0;1;972;97209;2;1;1.0;6.0;14,61211000; -61,07838000;
202300040440.0;4;66;66149;1;6;1.0;7.0;42,62261200;2,43895300;
202300040441.0;1;92;92064;2;1;1.0;2.0;48,85835000;2,22375000;
202300040442.0;1;971;97101;1;1;1.0;1.0;16,25064000; -61,48842000;
202300040443.0;1;2A;2A004;2;9;1.0;3.0;41,93160000;8,74005000;
202300040444.0;3;73;73124;2;1;3.0;6.0;45,65635900;6,36153700;
202300040445.0;1;92;92050;2;1;1.0;3.0;48,88496000;2,19470000;
202300040446.0;3;21;21562;1;1;2.0;6.0;47,57250100;5,42209600;
202300040447.0;1;95;95428;2;1;1.0;4.0;48,99322000;2,32396000;
202300040448.0;1;92;92044;2;2;1.0;3.0;48,89869000;2,28683000;
202300040449.0;3;04;04031;1;1;2.0;6.0;43,92393200;6,14029500;
202300040450.0;5;95;95018;2;1;1.0;6.0;48,94226000;2,25635000;
202300040451.0;1;92;92026;2;1;1.0;1.0;48,90678134;2,26127252;
202300040452.0;5;42;42279;2;3;1.0;3.0;45,50242900;4,23789000;
202300040453.0;1;91;91570;2;1;2.0;4.0;48,62302000;2,31602000;
202300040454.0;1;17;17413;2;4;1.0;3.0;46,08026800; -1,04937700;
202300040455.0;2;01;01290;1;1;1.0;6.0;45,86401500;5,14808200;
202300040456.0;1;76;76238;1;1;1.0;6.0;49,56987000;0,23974700;
202300040457.0;1;91;91479;2;1;1.0;3.0;48,70790000;2,37140000;
202300040458.0;1;42;42003;1;1;1.0;6.0;46,10801000;3,90210900;
202300040459.0;3;84;84080;1;1;1.0;2.0;44,04738000;4,98204000;
202300040460.0;3;45;45317;1;1;8.0;7.0;47,77535100;1,58322200;
202300040461.0;1;83;83098;1;1;1.0;1.0;43,11357000;6,03112000;
202300040462.0;3;68;68343;1;1;1.0;1.0;47,89032700;7,32558500;
202300040463.0;3;988;98827;1;1;1.0;7.0; -21,31000600;165,00443500;
202300040464.0;1;60;60176;2;1;1.0;3.0;49,23656351;2,89422584;
202300040465.0;5;83;83069;2;6;1.0;7.0;43,10149000;6,13001000;
202300040466.0;2;971;97129;1;1;1.0;6.0;16,31221600; -61,67948800;
202300040467.0;1;30;30134;1;1;1.0;7.0;44,28381500;4,46109300;
202300040468.0;3;06;06092;2;1;1.0;6.0;43,77014100;7,36800700;
202300040469.0;1;78;78498;2;1;1.0;6.0;48,93233000;2,04109000;
202300040470.0;3;83;83067;1;1;1.0;7.0;43,33680600;6,29629300;
202300040471.0;1;91;91617;2;1;1.0;7.0;48,63816900;2,50524800;
202300040472.0;3;04;04063;1;1;2.0;7.0;43,77106300;5,76220000;
202300040473.0;1;77;77374;1;1;1.0;2.0;48,81314000;2,69276000;
202300040474.0;1;91;91553;2;6;1.0;3.0;48,61810100;2,49628900;
202300040475.0;3;21;21609;1;1;9.0;6.0;47,20656700;5,31624600;
202300040476.0;1;77;77350;2;3;2.0;6.0;48,76240000;2,67120000;
202300040477.0;1;68;68185;1;1;2.0;7.0;48,27206800;7,33234400;
202300040478.0;1;19;19072;2;9;1.0;3.0;45,22844282;1,51643515;
202300040479.0;1;72;72181;2;9;2.0;2.0;47,99722000;0,21671000;
202300040480.0;3;63;63284;1;1;1.0;7.0;45,78094446;3,23697109;
202300040481.0;1;71;71076;2;1;1.0;6.0;46,78479000;4,85430000;