Num_Acc;lum;departement;commune;agglomeration;intersection;meteo;type_collision;lat;long;date
202300040482.0;1;77;77262;1;3;1.0;3.0;48,58152303;3,47403504;
202300040483.0;3;81;81131;1;3;2.0;3.0;43,88647003;1,99304223;
202300040484.0;3;80;80709;1;1;1.0;6.0;49,89797200;1,82067700;
202300040485.0;1;69;69259;2;2;1.0;3.0;45,69695000;4,88769000;
202300040486.0;1;82;82035;1;1;1.0;6.0;44,01674500;0,99494400;
202300040487.0;5;44;44168;2;1;8.0;7.0;47,38136000; -2,19284000;
202300040488.0;1;67;67447;2;1;1.0;6.0;48,60533000;7,74206000;
202300040489.0;1;76;76020;1;2;8.0;3.0;49,45661400;0,91172900;
202300040490.0;1;81;81201;1;2;1.0;3.0;44,11513600;2,22069700;
202300040491.0;1;60;60500;1;1;8.0;7.0;49,11158000;2,74478000;
202300040492.0;1;11;11262;1;2;1.0;1.0;43,14091400;2,89300900;
202300040493.0;2;67;67482;2;3;1.0;3.0;48,58805000;7,73933000;
202300040494.0;3;57;57463;1;1;8.0;2.0;49,11450000;6,23506000;
202300040495.0;1;71;71422;1;1;1.0;6.0;46,69972600;4,76793200;
202300040496.0;1;64;64335;2;6;2.0;7.0;43,32054000; -0,42290000;
202300040497.0;1;94;94034;1;1;2.0;2.0;48,76020129;2,32061692;
202300040498.0;5;64;64122;2;1;1.0;1.0;43,48202000; -1,54347000;
202300040499.0;1;71;71144;1;2;1.0;2.0;47,05546600;4,33538700;
202300040500.0;1;94;94034;1;1;2.0;2.0;48,76020129;2,32061692;
202300040501.0;1;63;63346;1;1;1.0;7.0;45,43288300;2,69336700;
202300040502.0;1;64;64024;2;6;1.0;2.0;43,49671000; -1,50912000;
202300040503.0;1;93;93006;1;1;3.0;7.0;48,86994000;2,43016000;
202300040504.0;1;95;95306;1;1;2.0;6.0;48,99916000;2,17631000;
202300040505.0;1;42;42208;1;1;1.0;2.0;45,51942500;4,47455800;
202300040506.0;2;64;64102;2;1;1.0;6.0;43,48368000; -1,50100000;
202300040507.0;3;95;95572;1;1;1.0;6.0;49,03420710;2,11254470;
202300040508.0;2;87;87085;2;1;1.0;7.0;45,85125000;1,24211000;
202300040509.0;1;62;62065;2;1;1.0;1.0;50,42098000;2,84295000;
202300040510.0;2;68;68291;1;1;1.0;6.0;47,86081500;7,51984100;
202300040511.0;1;87;87048;1;2;1.0;3.0;45,79858000;1,24764000;
202300040512.0;1;25;25212;2;1;1.0;6.0;47,28100900;5,99219400;
202300040513.0;5;59;59599;2;9;1.0;2.0;50,72636000;3,18265000;
202300040514.0;2;44;44013;1;1;1.0;1.0;47,37711700; -2,06470500;
202300040515.0;1;78;78383;2;6;1.0;6.0;48,76615900;1,94023700;
202300040516.0;5;59;59350;2;1;1.0;3.0;50,61314000;3,06202000;
202300040517.0;1;35;35099;2;3;7.0;6.0;48,06236522; -1,52296498;
202300040518.0;1;72;72181;1;9;1.0;3.0;47,97202000;0,23938000;
202300040519.0;1;59;59350;2;2;1.0;6.0;50,63673000;3,06183000;
202300040520.0;1;84;84005;1;1;1.0;1.0;44,14425700;5,33936400;
202300040521.0;1;60;60159;2;1;1.0;6.0;49,41055000;2,82333000;
202300040522.0;1;59;59350;2;3;2.0;6.0;50,63195000;3,05759000;
202300040523.0;4;58;58218;2;1;1.0;6.0;47,17301500;3,33178600;
202300040524.0;1;49;49007;2;3;1.0;3.0;47,47585000; -0,55036000;
202300040525.0;1;66;66024;2;1;1.0;6.0;42,52597400;2,84179000;
202300040526.0;1;49;49007;2;1;1.0;6.0;47,45407000; -0,55352000;
202300040527.0;1;50;50158;1;1;1.0;7.0;48,72728700; -1,10342300;
202300040528.0;1;56;56162;1;6;2.0;3.0;47,70968000; -3,43870000;
202300040529.0;1;50;50239;1;1;1.0;6.0;49,11834900; -1,15321600;
202300040530.0;5;13;13026;1;3;1.0;1.0;43,38681000;5,19275000;
202300040531.0;1;56;56121;2;6;2.0;3.0;47,73289000; -3,37252000;
202300040532.0;1;64;64270;2;3;1.0;1.0;43,14670300; -0,23649700;
202300040533.0;1;13;13077;1;1;1.0;1.0;43,43371000;5,00999000;
202300040534.0;1;10;10323;2;1;1.0;3.0;48,51217400;3,71956100;
202300040535.0;1;56;56107;2;4;2.0;2.0;47,71962000; -3,40901000;
202300040536.0;1;54;54197;1;1;1.0;1.0;48,61790045;6,20251715;
202300040537.0;1;92;92063;2;3;1.0;6.0;48,87552210;2,19410419;
202300040538.0;1;24;24471;1;1;1.0;1.0;44,89298700;1,25999500;
202300040539.0;5;54;54547;2;1;8.0;6.0;48,64855242;6,14446342;
202300040540.0;2;24;24354;2;1;1.0;6.0;45,15312500;0,00813200;
202300040541.0;1;51;51454;2;6;1.0;3.0;49,25763000;4,03948000;
202300040542.0;1;92;92063;2;1;1.0;3.0;48,86338258;2,18180627;
202300040543.0;1;51;51454;2;1;1.0;3.0;49,23999000;4,03785000;
202300040544.0;3;27;27109;1;1;1.0;3.0;49,10964100;0,83912400;
202300040545.0;5;92;92063;2;1;1.0;7.0;48,87834926;2,18791276;
202300040546.0;5;51;51172;2;6;1.0;3.0;49,21633000;4,05066000;
202300040547.0;1;974;97411;2;1;1.0;6.0; -20,87616000;55,44772000;
202300040548.0;1;51;51454;2;1;2.0;3.0;49,22481000;4,03220000;
202300040549.0;1;51;51230;2;2;8.0;6.0;49,03883300;3,95408400;
202300040550.0;1;49;49007;2;1;1.0;7.0;47,48919000; -0,54613000;
202300040551.0;1;49;49007;2;1;1.0;2.0;47,44616000; -0,56984000;
202300040552.0;1;49;49246;2;6;1.0;3.0;47,43709000; -0,51430000;
202300040553.0;5;973;97302;2;1;1.0;3.0;4,94400000; -52,30891000;
202300040554.0;1;44;44184;2;6;1.0;3.0;47,28204000; -2,20395000;
202300040555.0;1;43;43046;2;3;1.0;3.0;45,05145600;3,89658000;
202300040556.0;1;43;43002;2;3;1.0;7.0;45,05396000;3,88856000;
202300040557.0;5;69;69383;2;3;2.0;3.0;45,75355000;4,85195000;
202300040558.0;1;34;34003;2;1;1.0;6.0;43,30410000;3,48410000;
202300040559.0;1;33;33039;2;1;1.0;3.0;44,79355000; -0,53660000;
202300040560.0;1;972;97213;1;1;2.0;3.0;14,61663000; -61,03335000;
202300040561.0;1;33;33063;2;1;1.0;3.0;44,85225101; -0,56805164;
202300040562.0;5;29;29232;2;1;1.0;6.0;47,98020542; -4,08071553;
202300040563.0;1;28;28404;1;1;2.0;3.0;48,71628000;1,37429000;
202300040564.0;2;69;69034;2;1;2.0;6.0;45,80081000;4,85186000;
202300040565.0;1;25;25462;2;1;1.0;1.0;46,91121000;6,35383000;
202300040566.0;1;22;22278;2;1;8.0;2.0;48,50962000; -2,75478000;
202300040567.0;1;2B;2B120;1;1;2.0;3.0;42,66420000;9,43602000;
202300040568.0;1;2B;2B033;1;1;2.0;1.0;42,67744000;9,44460000;
202300040569.0;1;971;97120;1;3;8.0;3.0;16,24577000; -61,54275000;
202300040570.0;2;95;95428;2;3;1.0;3.0;48,97832000;2,30844000;
202300040571.0;1;95;95018;2;1;2.0;6.0;48,94852000;2,25422000;
202300040572.0;3;91;91103;1;1;1.0;2.0;48,59150000;2,30920000;
202300040573.0;5;91;91477;2;1;1.0;1.0;48,71861600;2,24187500;
202300040574.0;2;91;91114;2;1;8.0;6.0;48,69588000;2,50297000;
202300040575.0;3;54;54213;2;1;1.0;6.0;49,14792410;5,84460854;
202300040576.0;5;87;87085;2;2;1.0;5.0;45,83457000;1,22606000;
202300040577.0;5;87;87050;2;1;1.0;6.0;45,87968000;1,23819000;
202300040578.0;1;51;51549;1;1;1.0;1.0;48,96359600;4,69839300;
202300040579.0;1;86;86194;2;1;1.0;6.0;46,58700700;0,36520700;
202300040580.0;1;19;19013;1;1;1.0;1.0;45,20134400;1,66069100;
202300040581.0;3;86;86194;2;4;2.0;6.0;46,56400800;0,31748000;
202300040582.0;1;56;56200;1;1;1.0;7.0;47,83058000; -2,31135600;
202300040583.0;1;76;76312;1;1;1.0;7.0;49,49263300;1,71923200;
202300040584.0;3;85;85191;1;1;1.0;2.0;46,69214000; -1,42990000;
202300040585.0;1;79;79130;1;1;1.0;7.0;46,27035500; -0,52792300;
202300040586.0;5;84;84007;2;1;8.0;4.0;43,92482000;4,87719000;
202300040587.0;1;65;65129;1;1;1.0;7.0;43,29409100;0,50144400;
202300040588.0;3;30;30011;2;1;1.0;6.0;43,96058000;4,74943000;
202300040589.0;1;33;33036;2;1;1.0;3.0;44,43256200; -0,22019900;
202300040590.0;1;81;81276;1;1;1.0;6.0;43,89774600;1,69767700;
202300040591.0;5;84;84007;2;6;1.0;3.0;43,93556000;4,84833000;
202300040592.0;2;11;11184;1;1;1.0;7.0;43,15268700;1,88549600;
202300040593.0;3;82;82033;1;1;1.0;1.0;44,03405000;1,17314000;
202300040594.0;3;81;81004;1;1;1.0;2.0;43,94166000;2,16884000;
202300040595.0;2;71;71184;1;1;1.0;5.0;46,99890000;4,31904300;
202300040596.0;1;49;49292;2;1;1.0;6.0;47,30386900; -0,62632800;
202300040597.0;1;79;79191;2;2;1.0;3.0;46,32737000; -0,45487000;
202300040598.0;1;22;22152;1;6;1.0;3.0;48,76050909; -3,29320818;
202300040599.0;2;77;77114;1;1;1.0;4.0;48,74226900;2,70137400;
202300040600.0;1;25;25157;1;1;1.0;7.0;46,87124500;6,40558700;
202300040601.0;1;25;25360;1;1;2.0;1.0;47,14070900;6,11309800;
202300040602.0;3;76;76391;1;1;1.0;4.0;49,32367000;0,90544000;
202300040603.0;2;15;15265;2;1;7.0;2.0;45,34532100;2,43721600;
202300040604.0;5;76;76351;2;1;3.0;6.0;49,48699000;0,14952000;
202300040605.0;2;01;01320;2;1;1.0;3.0;46,30777100;4,87203200;
202300040606.0;5;76;76351;2;2;3.0;6.0;49,49418000;0,13826000;
202300040607.0;5;76;76351;2;2;3.0;3.0;49,48860000;0,10684000;
202300040608.0;1;54;54060;2;1;1.0;3.0;48,81262193;6,11569405;
202300040609.0;3;76;76296;1;4;3.0;4.0;49,51588000;0,23851000;
202300040610.0;1;72;72146;1;1;1.0;2.0;47,87441100;0,11682600;
202300040611.0;1;74;74281;2;1;1.0;5.0;46,35100000;6,46570000;
202300040612.0;1;60;60245;2;4;1.0;6.0;49,65175100;1,72887700;
202300040613.0;5;72;72181;2;9;8.0;6.0;47,97536000;0,21637000;
202300040614.0;2;64;64010;2;6;5.0;7.0;43,32585700; -1,02356300;
202300040615.0;2;72;72181;2;9;2.0;6.0;47,97904000;0,22553000;
202300040616.0;1;73;73007;1;6;1.0;7.0;45,55727300;6,25246500;
202300040617.0;1;72;72181;2;9;2.0;5.0;47,97830000;0,20661000;
202300040618.0;1;53;53115;1;3;1.0;1.0;48,41570100; -0,83921000;
202300040619.0;3;27;27169;1;1;1.0;6.0;49,41351400;0,40574300;
202300040620.0;5;69;69276;2;1;2.0;5.0;45,67838000;4,85046000;
202300040621.0;3;38;38431;1;1;1.0;7.0;45,24313000;5,85823400;
202300040622.0;4;69;69199;2;2;2.0;6.0;45,70828000;4,85525000;
202300040623.0;2;27;27577;1;1;1.0;1.0;49,42523900;0,55708400;
202300040624.0;1;987;98733;2;1;1.0;3.0; -17,67332200; -149,59062700;
202300040625.0;5;69;69259;2;3;1.0;1.0;45,70469000;4,87355000;
202300040626.0;3;78;78470;1;1;1.0;6.0;48,58080900;1,78171600;
202300040627.0;5;69;69199;2;1;8.0;1.0;45,70226000;4,85554000;
202300040628.0;4;67;67365;1;1;5.0;6.0;48,53854000;7,69378000;
202300040629.0;1;84;84092;2;4;1.0;7.0;43,95226300;4,86374600;
202300040630.0;1;67;67482;2;1;1.0;3.0;48,58747000;7,69977000;
202300040631.0;1;06;06101;1;1;1.0;3.0;43,99465700;6,99031000;
202300040632.0;1;67;67511;1;1;1.0;7.0;48,88379200;7,77599800;
202300040633.0;5;67;67482;2;3;2.0;6.0;48,56259000;7,71048000;
202300040634.0;1;63;63263;1;4;1.0;3.0;45,78208900;3,03873400;
202300040635.0;1;65;65440;2;2;2.0;6.0;43,23418382;0,07559654;
202300040636.0;5;64;64024;2;1;2.0;7.0;43,49661000; -1,50500000;
202300040637.0;5;73;73213;1;1;1.0;6.0;45,54648366;5,95710683;
202300040638.0;1;62;62902;2;2;2.0;3.0;50,70969000;2,23095000;
202300040639.0;3;60;60159;2;1;2.0;6.0;49,42280000;2,82319000;
202300040640.0;1;44;44201;1;1;1.0;1.0;47,34053100; -1,55939900;
202300040641.0;2;54;54547;1;1;2.0;6.0;48,67045700;6,19257500;
202300040642.0;1;01;01043;2;6;1.0;2.0;45,82122600;4,99054500;
202300040643.0;1;51;51454;2;2;1.0;1.0;49,25729000;4,06309000;
202300040644.0;5;49;49007;2;1;2.0;6.0;47,47497000; -0,53538000;
202300040645.0;4;49;49007;2;1;2.0;2.0;47,45255000; -0,52374000;
202300040646.0;1;81;81099;1;2;1.0;3.0;43,92725500;1,91504400;
202300040647.0;2;49;49007;2;7;3.0;3.0;47,47820000; -0,56514000;
202300040648.0;1;46;46175;1;1;7.0;2.0;44,61605329;2,00107813;
202300040649.0;2;49;49007;2;7;2.0;3.0;47,46676000; -0,55673000;
202300040650.0;1;31;31004;1;6;1.0;2.0;43,45098700;1,59065700;
202300040651.0;1;49;49267;1;1;2.0;7.0;47,46529000; -0,46917000;
202300040652.0;1;33;33449;2;1;1.0;6.0;44,88332823; -0,73766381;
202300040653.0;1;42;42186;2;9;2.0;5.0;45,52277623;4,60217178;
202300040654.0;3;33;33056;1;1;1.0;5.0;44,93078862; -0,56221917;
202300040655.0;5;38;38516;1;5;3.0;3.0;45,20044000;5,75891000;
202300040656.0;3;44;44052;1;1;1.0;7.0;47,32948300; -2,08857700;
202300040657.0;1;37;37261;2;1;2.0;3.0;47,41885000;0,68278000;
202300040658.0;1;60;60462;2;1;1.0;2.0;49,32343066;2,20164943;
202300040659.0;1;35;35051;2;6;1.0;2.0;48,12336100; -1,60161700;
202300040660.0;1;35;35238;2;1;1.0;3.0;48,10318900; -1,70370200;
202300040661.0;1;54;54312;1;1;1.0;4.0;48,94093800;6,11265500;
202300040662.0;3;34;34129;2;1;1.0;2.0;43,57471000;3,89720000;
202300040663.0;1;33;33063;1;1;1.0;2.0;44,88188766; -0,54725379;
202300040664.0;1;34;34172;2;1;1.0;4.0;43,62590000;3,82402000;
202300040665.0;2;34;34172;2;1;2.0;3.0;43,60058000;3,87938000;
202300040666.0;1;77;77251;1;1;1.0;2.0;48,62453483;2,54124693;
202300040667.0;1;91;91363;1;1;1.0;7.0;48,65747000;2,18250000;
202300040668.0;1;33;33281;2;1;2.0;4.0;44,83912000; -0,64019000;
202300040669.0;1;94;94076;1;1;1.0;3.0;48,79253545;2,34469358;
202300040670.0;1;28;28403;1;1;2.0;1.0;48,38535700;1,49126500;
202300040671.0;4;91;91689;1;1;1.0;7.0;48,74637000;2,32446000;
202300040672.0;5;33;33039;2;5;2.0;3.0;44,82087000; -0,54113000;
202300040673.0;3;68;68295;1;2;3.0;3.0;47,99557900;7,38099100;
202300040674.0;1;93;93066;1;1;1.0;5.0;48,90752236;2,35821845;
202300040675.0;1;21;21244;1;9;1.0;6.0;47,30896200;4,50171200;
202300040676.0;4;31;31555;1;1;2.0;4.0;43,60940730;1,41253978;
202300040677.0;1;95;95365;1;1;1.0;6.0;49,05777551;2,42087603;
202300040678.0;4;974;97414;2;9;1.0;3.0; -21,28299100;55,39989500;
202300040679.0;1;95;95678;1;1;1.0;2.0;49,07243211;2,22575068;
202300040680.0;3;31;31555;2;1;3.0;2.0;43,57222835;1,47412866;
202300040681.0;3;94;94018;1;1;1.0;3.0;48,81968608;2,40404784;
202300040682.0;1;31;31555;2;1;8.0;3.0;43,62293000;1,47297000;
202300040683.0;3;35;35024;1;3;2.0;3.0;48,16118700; -1,64801400;
202300040684.0;2;28;28404;2;1;7.0;6.0;48,72905300;1,33849100;
202300040685.0;3;55;55361;1;1;1.0;1.0;49,16492829;5,43586001;
202300040686.0;3;51;51109;2;1;1.0;7.0;49,28851098;3,91821653;
202300040687.0;1;27;27554;1;1;2.0;6.0;49,10860000;1,38487000;
202300040688.0;2;80;80029;2;2;1.0;7.0;50,12881800;1,60385400;
202300040689.0;1;59;59525;2;1;2.0;1.0;50,08965700;3,99796100;
202300040690.0;1;27;27439;1;1;1.0;1.0;49,06025000;1,17464000;
202300040691.0;1;80;80360;1;1;1.0;6.0;50,07258000;1,55947900;
202300040692.0;5;26;26252;2;1;2.0;6.0;44,87354583;4,87893371;
202300040693.0;1;59;59580;1;1;1.0;1.0;50,80684000;2,54632800;
202300040694.0;3;22;22278;2;1;8.0;2.0;48,49421000; -2,75386000;
202300040695.0;1;74;74065;1;3;1.0;1.0;46,03505000;5,97021100;
202300040696.0;1;29;29058;1;2;1.0;3.0;47,86978036; -3,99426779;
202300040697.0;5;21;21054;2;1;1.0;6.0;47,01614000;4,83750000;
202300040698.0;1;973;97302;2;1;1.0;2.0;4,92482740; -52,31741622;
202300040699.0;3;74;74275;2;1;2.0;6.0;45,84524400;6,21249000;
202300040700.0;1;91;91421;2;1;1.0;6.0;48,69729700;2,45960800;
202300040701.0;1;91;91657;2;2;1.0;3.0;48,70468000;2,43152000;
202300040702.0;1;88;88413;2;1;1.0;6.0;48,28744000;6,95543000;
202300040703.0;3;67;67310;1;3;1.0;5.0;48,21324100;7,51914900;
202300040704.0;1;87;87085;1;2;1.0;3.0;45,82704000;1,28357000;
202300040705.0;1;87;87085;2;1;1.0;2.0;45,83283000;1,25564000;
202300040706.0;1;87;87085;2;3;1.0;3.0;45,82797000;1,25155000;
202300040707.0;5;80;80011;2;1;1.0;6.0;49,92873400;2,19680400;
202300040708.0;1;85;85194;2;6;1.0;6.0;46,51321000; -1,77619000;
202300040709.0;3;32;32290;1;1;1.0;6.0;43,91029200;0,16745600;
202300040710.0;1;82;82121;2;1;1.0;6.0;44,01359000;1,36282000;
202300040711.0;1;81;81004;2;6;1.0;3.0;43,92111000;2,16887000;
202300040712.0;1;46;46127;2;1;1.0;6.0;44,73156800;1,37468600;
202300040713.0;1;81;81004;2;1;7.0;2.0;43,92666000;2,15358000;
202300040714.0;1;78;78586;2;1;1.0;6.0;48,92732000;2,16063000;
202300040715.0;1;46;46009;1;1;1.0;6.0;44,66415100;1,86269800;
202300040716.0;2;22;22166;1;1;2.0;6.0;48,79527400; -3,29185400;
202300040717.0;1;77;77495;2;1;1.0;6.0;48,56463000;2,64397000;
202300040718.0;1;77;77269;1;1;1.0;4.0;48,53564000;2,70916000;
202300040719.0;3;39;39209;1;1;1.0;6.0;46,36777200;5,38549200;
202300040720.0;1;77;77243;2;9;2.0;3.0;48,87788800;2,71653500;
202300040721.0;1;76;76351;2;1;1.0;6.0;49,51374000;0,17479000;
202300040722.0;1;70;70116;2;3;8.0;3.0;47,61174700;6,73562800;
202300040723.0;1;72;72181;2;9;1.0;3.0;47,99300000;0,20500000;
202300040724.0;1;71;71118;2;1;1.0;6.0;46,79571000;4,81312000;
202300040725.0;1;06;06023;2;3;1.0;6.0;43,94662600;7,51807400;
202300040726.0;2;69;69266;2;6;8.0;3.0;45,77937000;4,87503000;
202300040727.0;1;69;69091;2;1;1.0;6.0;45,59298000;4,77017000;
202300040728.0;1;68;68066;2;1;1.0;6.0;48,08061000;7,35998000;
202300040729.0;1;06;06079;2;1;1.0;6.0;43,54928200;6,93856900;
202300040730.0;1;67;67218;2;1;1.0;1.0;48,51991000;7,73259000;
202300040731.0;5;14;14119;2;1;2.0;6.0;49,14636800; -0,25496400;
202300040732.0;1;67;67482;2;1;1.0;6.0;48,58344000;7,77260000;
202300040733.0;1;64;64348;2;1;8.0;3.0;43,32470000; -0,38072000;
202300040734.0;3;50;50101;1;1;2.0;6.0;49,64731300; -1,43817400;
202300040735.0;1;64;64445;2;1;1.0;6.0;43,29732000; -0,33478000;
202300040736.0;1;64;64122;2;1;1.0;6.0;43,48322000; -1,56560000;
202300040737.0;1;43;43205;1;1;8.0;7.0;45,35912700;4,30964500;
202300040738.0;1;61;61006;2;1;1.0;6.0;48,74865000; -0,02700000;
202300040739.0;1;60;60159;2;1;1.0;6.0;49,40506000;2,81110000;
202300040740.0;2;40;40209;2;3;1.0;3.0;43,56253300; -1,45644500;
202300040741.0;1;60;60057;2;1;8.0;6.0;49,43200000;2,07820000;
202300040742.0;1;28;28084;1;2;1.0;3.0;48,52801300;1,56887200;
202300040743.0;1;59;59090;2;9;1.0;6.0;50,69400000;3,08958000;
202300040744.0;1;59;59033;2;1;1.0;6.0;50,19852822;3,84359147;
202300040745.0;1;17;17465;1;1;1.0;7.0;45,96421700; -0,55373700;
202300040746.0;2;59;59350;2;1;1.0;2.0;50,63458000;3,05669000;
202300040747.0;4;87;87061;1;1;2.0;5.0;46,18424778;1,19727373;
202300040748.0;1;59;59350;2;1;1.0;6.0;50,62853000;3,11829000;
202300040749.0;1;37;37026;1;1;8.0;7.0;46,98034000;0,96737600;
202300040750.0;1;59;59009;1;9;1.0;6.0;50,62700000;3,18500000;
202300040751.0;1;59;59636;1;1;2.0;3.0;50,67488000;3,04391000;
202300040752.0;3;77;77306;1;1;1.0;2.0;48,58743900;2,69046100;
202300040753.0;1;59;59328;2;2;1.0;2.0;50,63558000;3,02843000;
202300040754.0;5;971;97112;2;1;2.0;1.0;15,87495400; -61,30170200;
202300040755.0;1;59;59122;1;1;1.0;3.0;50,16301153;3,25332461;
202300040756.0;1;57;57631;2;1;1.0;6.0;49,11290000;7,05027000;
202300040757.0;1;56;56098;2;6;1.0;6.0;47,75730000; -3,34624500;
202300040758.0;1;56;56121;2;1;1.0;2.0;47,74863000; -3,35997000;
202300040759.0;5;977;97701;2;2;1.0;3.0;17,89445600; -62,84882100;
202300040760.0;1;56;56121;2;6;1.0;3.0;47,75160000; -3,36940000;
202300040761.0;1;55;55029;2;1;1.0;6.0;48,76909000;5,17231000;
202300040762.0;1;54;54099;2;1;8.0;2.0;49,24552600;5,94040400;
202300040763.0;3;34;34103;2;3;1.0;6.0;43,53924100;3,38150800;
202300040764.0;1;51;51454;2;1;1.0;1.0;49,24501000;4,02628000;
202300040765.0;2;49;49267;1;1;2.0;7.0;47,46588000; -0,51708000;
202300040766.0;5;49;49353;2;1;8.0;6.0;47,44743000; -0,50913000;
202300040767.0;3;06;06078;1;1;1.0;7.0;43,91700000;7,17111100;
202300040768.0;1;45;45234;2;1;8.0;1.0;47,91657000;1,89680000;
202300040769.0;1;81;81099;1;2;1.0;3.0;43,92727800;1,91505400;
202300040770.0;1;45;45004;2;2;7.0;3.0;47,99051800;2,76897800;
202300040771.0;1;44;44109;2;1;1.0;6.0;47,23094420; -1,55634900;
202300040772.0;1;14;14424;1;3;3.0;5.0;48,88392689; -0,97320871;
202300040773.0;5;37;37261;2;8;1.0;3.0;47,38298000;0,69670000;
202300040774.0;3;60;60517;1;1;1.0;6.0;49,20893639;2,23292720;
202300040775.0;2;37;37122;2;1;1.0;6.0;47,34539000;0,63931000;
202300040776.0;1;37;37261;2;1;8.0;3.0;47,40498000;0,70289000;
202300040777.0;1;13;13210;1;1;1.0;6.0;43,28583592;5,42494723;
202300040778.0;3;37;37122;2;1;8.0;2.0;47,34815000;0,65329000;
202300040779.0;3;91;91103;1;1;1.0;2.0;48,62452500;2,29833000;
202300040780.0;1;37;37261;2;1;2.0;2.0;47,40481000;0,70286000;
202300040781.0;4;91;91477;1;1;2.0;4.0;48,71488600;2,25376800;
202300040782.0;1;37;37195;2;1;8.0;2.0;47,38524045;0,65069532;
202300040783.0;3;92;92025;1;1;2.0;2.0;48,93440333;2,25689089;
202300040784.0;1;35;35238;2;1;1.0;6.0;48,08393000; -1,68330000;
202300040785.0;1;78;78490;1;1;2.0;7.0;48,79919000;1,96395000;
202300040786.0;1;35;35238;2;2;1.0;3.0;48,08833000; -1,66917000;
202300040787.0;1;93;93066;1;1;1.0;4.0;48,91506449;2,35790288;
202300040788.0;2;93;93029;1;1;1.0;7.0;48,91824000;2,42899000;
202300040789.0;4;34;34172;2;1;1.0;1.0;43,59550000;3,86573000;
202300040790.0;4;93;93005;1;1;8.0;6.0;48,94919000;2,47623000;
202300040791.0;1;33;33192;2;3;8.0;3.0;44,76960236; -0,64125985;
202300040792.0;3;93;93005;1;1;8.0;6.0;48,94603148;2,47667134;
202300040793.0;3;31;31555;1;1;1.0;2.0;43,61104000;1,37684000;
202300040794.0;1;31;31483;2;1;1.0;6.0;43,10930000;0,72852000;
202300040795.0;3;93;93007;1;1;1.0;4.0;48,93588000;2,48026000;
202300040796.0;1;28;28404;2;6;2.0;3.0;48,73302800;1,32686000;
202300040797.0;2;93;93010;1;1;1.0;3.0;48,89061000;2,47352000;
202300040798.0;4;22;22113;2;1;2.0;6.0;48,72330000; -3,47687000;
202300040799.0;1;92;92036;1;1;1.0;3.0;48,94067835;2,29263081;
202300040800.0;1;14;14487;2;1;1.0;6.0;49,17105000;0,21740000;
202300040801.0;1;14;14327;1;1;1.0;3.0;49,19224000; -0,33501000;
202300040802.0;3;95;95018;1;1;1.0;5.0;48,95550443;2,27815032;
202300040803.0;1;11;11069;2;1;1.0;1.0;43,20426000;2,38254000;
202300040804.0;2;93;93063;1;1;1.0;3.0;48,87806000;2,44586000;
202300040805.0;1;10;10387;2;9;1.0;3.0;48,30000000;4,06000000;
202300040806.0;3;09;09225;1;1;1.0;3.0;43,11670000;1,63043000;
202300040807.0;1;06;06088;2;9;1.0;2.0;43,70529000;7,29037000;
202300040808.0;1;06;06123;2;1;1.0;6.0;43,66715000;7,19256000;
202300040809.0;1;04;04112;1;1;1.0;3.0;43,84651000;5,81519000;
202300040810.0;1;02;02408;2;1;1.0;6.0;49,56479000;3,61319000;
202300040811.0;3;75;75112;1;1;1.0;4.0;48,82514600;2,46377200;
202300040812.0;1;75;75116;2;1;1.0;2.0;48,85464000;2,25471100;
202300040813.0;5;75;75113;2;1;1.0;2.0;48,81854244;2,37034804;
202300040814.0;3;77;77337;1;1;1.0;7.0;48,82908900;2,61868100;
202300040815.0;1;75;75117;2;1;1.0;3.0;48,88703500;2,29022900;
202300040816.0;3;94;94004;1;1;1.0;2.0;48,74606700;2,51424400;
202300040817.0;5;75;75119;2;1;1.0;4.0;48,89721300;2,39435400;
202300040818.0;2;972;97213;1;1;8.0;1.0;14,66101000; -60,99315000;
202300040819.0;1;75;75119;2;2;1.0;3.0;48,88321200;2,38792800;
202300040820.0;1;75;75117;2;1;2.0;7.0;48,88617400;2,31022000;
202300040821.0;1;75;75116;2;2;1.0;3.0;48,87494000;2,27108300;
202300040822.0;5;75;75116;2;1;1.0;3.0;48,85926500;2,28953200;
202300040823.0;2;38;38421;2;2;8.0;3.0;45,16419000;5,76456000;
202300040824.0;5;75;75115;2;2;1.0;3.0;48,83724100;2,29644400;
202300040825.0;1;75;75114;2;1;1.0;6.0;48,83520400;2,33317400;
202300040826.0;1;13;13117;2;1;1.0;6.0;43,43308000;5,26065000;
202300040827.0;5;75;75114;2;3;1.0;1.0;48,83410200;2,33664300;
202300040828.0;2;57;57660;2;1;8.0;6.0;49,19882000;6,93350000;
202300040829.0;5;75;75114;2;1;1.0;1.0;48,84094900;2,32582800;
202300040830.0;1;75;75113;2;2;1.0;6.0;48,83107700;2,34425200;
202300040831.0;4;77;77083;2;2;2.0;6.0;48,84847758;2,57841903;