Num_Acc;lum;departement;commune;agglomeration;intersection;meteo;type_collision;lat;long;date
202300040832.0;1;75;75112;2;4;3.0;3.0;48,83374100;2,38252100;
202300040833.0;1;973;97302;2;1;1.0;3.0;4,93248000; -52,30825000;
202300040834.0;1;75;75112;2;1;2.0;3.0;48,84404700;2,37728500;
202300040835.0;1;973;97302;2;1;1.0;3.0;4,91447000; -52,32098000;
202300040836.0;2;75;75109;2;3;1.0;6.0;48,88077820;2,34024346;
202300040837.0;1;75;75108;2;2;1.0;3.0;48,87524900;2,32426400;
202300040838.0;1;972;97209;2;1;8.0;1.0;14,61035000; -61,04838000;
202300040839.0;5;94;94044;2;1;1.0;2.0;48,75420000;2,47749000;
202300040840.0;4;95;95306;2;1;2.0;6.0;49,00472492;2,12655187;
202300040841.0;1;94;94074;2;2;1.0;3.0;48,76371400;2,44812700;
202300040842.0;1;94;94011;2;1;1.0;6.0;48,77331000;2,49029000;
202300040843.0;1;94;94041;2;2;2.0;6.0;48,81241700;2,38658600;
202300040844.0;5;90;90010;2;9;2.0;6.0;47,63474000;6,85733000;
202300040845.0;5;94;94041;2;1;1.0;6.0;48,81806000;2,36981000;
202300040846.0;1;93;93073;2;1;1.0;2.0;48,97624652;2,50359796;
202300040847.0;1;93;93066;2;8;2.0;6.0;48,93869468;2,35657031;
202300040848.0;1;93;93077;2;2;1.0;3.0;48,87805000;2,52495000;
202300040849.0;1;93;93055;2;2;2.0;6.0;48,89372000;2,40945000;
202300040850.0;1;81;81074;1;4;1.0;1.0;43,92633800;2,20319900;
202300040851.0;5;93;93051;2;1;1.0;6.0;48,84265000;2,57418000;
202300040852.0;5;80;80021;2;1;1.0;6.0;49,87082000;2,28026000;
202300040853.0;5;79;79191;2;2;2.0;3.0;46,31024000; -0,46677000;
202300040854.0;5;93;93051;2;3;1.0;3.0;48,85149000;2,53403000;
202300040855.0;1;76;76498;2;1;2.0;6.0;49,42008000;1,05947000;
202300040856.0;3;76;76319;1;2;1.0;3.0;49,34390000;0,97922000;
202300040857.0;1;93;93048;2;3;1.0;6.0;48,85864633;2,42822723;
202300040858.0;2;76;76447;2;3;1.0;3.0;49,54726000;0,17732000;
202300040859.0;1;93;93046;2;1;8.0;3.0;48,92788000;2,54876000;
202300040860.0;3;73;73065;1;1;1.0;2.0;45,59895000;5,89253000;
202300040861.0;1;93;93079;2;9;1.0;3.0;48,95544000;2,33899000;
202300040862.0;3;69;69199;2;1;1.0;3.0;45,71158254;4,84444635;
202300040863.0;1;93;93029;2;2;2.0;6.0;48,91654000;2,44451000;
202300040864.0;5;69;69259;2;9;1.0;3.0;45,71128000;4,88227000;
202300040865.0;1;93;93001;2;3;1.0;6.0;48,91642000;2,36838000;
202300040866.0;1;69;69290;2;1;7.0;6.0;45,68908037;4,93985653;
202300040867.0;5;69;69259;2;1;2.0;2.0;45,69552045;4,87260713;
202300040868.0;1;92;92033;2;1;1.0;3.0;48,83827614;2,17028260;
202300040869.0;2;69;69266;2;2;1.0;6.0;45,76525000;4,90267000;
202300040870.0;2;92;92063;2;1;1.0;3.0;48,88688973;2,17649281;
202300040871.0;1;67;67482;2;1;1.0;6.0;48,59189000;7,69212000;
202300040872.0;3;64;64189;2;1;3.0;6.0;43,38431300; -1,66679800;
202300040873.0;1;92;92051;2;1;1.0;2.0;48,88246000;2,26741000;
202300040874.0;5;64;64445;2;2;1.0;3.0;43,30458000; -0,36821000;
202300040875.0;1;92;92050;2;1;1.0;2.0;48,90113823;2,21635133;
202300040876.0;5;64;64445;2;2;1.0;3.0;43,32142000; -0,36041000;
202300040877.0;1;92;92049;2;1;1.0;3.0;48,81685586;2,30686158;
202300040878.0;1;92;92048;2;1;1.0;6.0;48,81760087;2,23060101;
202300040879.0;1;63;63113;2;2;1.0;3.0;45,79300000;3,11600000;
202300040880.0;1;92;92044;2;1;3.0;3.0;48,89747363;2,28015482;
202300040881.0;1;92;92040;2;1;2.0;7.0;48,81882655;2,25807443;
202300040882.0;1;61;61001;2;1;2.0;2.0;48,44142000;0,10824000;
202300040883.0;5;56;56260;2;1;2.0;6.0;47,65475940; -2,75955850;
202300040884.0;1;92;92036;2;2;2.0;3.0;48,92334698;2,29702793;
202300040885.0;1;54;54395;2;2;1.0;6.0;48,67087557;6,16430104;
202300040886.0;1;92;92026;2;2;1.0;3.0;48,90041027;2,26076210;
202300040887.0;5;51;51172;2;1;1.0;6.0;49,21627492;4,04955894;
202300040888.0;1;92;92026;2;1;2.0;3.0;48,90419443;2,25705278;
202300040889.0;1;50;50218;2;1;1.0;6.0;48,83723000; -1,55093000;
202300040890.0;1;92;92019;2;1;2.0;6.0;48,77306598;2,27606267;
202300040891.0;2;49;49328;2;6;1.0;6.0;47,26708000; -0,06968000;
202300040892.0;1;92;92012;2;1;2.0;6.0;48,84118307;2,22579896;
202300040893.0;1;49;49099;2;6;1.0;3.0;47,04919000; -0,86943000;
202300040894.0;5;92;92007;2;1;1.0;2.0;48,78496679;2,30676162;
202300040895.0;1;49;49007;2;1;2.0;6.0;47,44950000; -0,56599000;
202300040896.0;5;92;92014;2;1;1.0;6.0;48,77952000;2,31532000;
202300040897.0;1;92;92014;2;1;1.0;6.0;48,77889000;2,31516000;
202300040898.0;2;49;49007;2;1;2.0;4.0;47,45393000; -0,56691000;
202300040899.0;5;92;92002;2;3;1.0;6.0;48,73366313;2,30774447;
202300040900.0;1;47;47031;2;1;1.0;3.0;44,18790000;0,63090000;
202300040901.0;1;24;24417;2;1;1.0;1.0;45,32418100;0,98991800;
202300040902.0;5;45;45234;2;1;2.0;2.0;47,89097000;1,90488000;
202300040903.0;2;45;45169;2;6;1.0;6.0;47,92203000;1,83196000;
202300040904.0;1;24;24540;1;3;1.0;3.0;45,31964500;0,87119579;
202300040905.0;1;45;45232;2;9;1.0;6.0;47,86816000;1,91166000;
202300040906.0;1;39;39063;1;1;1.0;5.0;46,60663100;5,88257500;
202300040907.0;5;44;44109;2;6;2.0;3.0;47,23520200; -1,54927900;
202300040908.0;1;24;24449;2;1;1.0;2.0;45,01637400;0,20530300;
202300040909.0;5;38;38185;2;1;1.0;4.0;45,16157000;5,71014000;
202300040910.0;1;06;06019;1;3;1.0;3.0;43,77037300;7,33275700;
202300040911.0;5;17;17194;2;3;1.0;7.0;46,12907000; -1,00901500;
202300040912.0;1;38;38185;2;2;1.0;3.0;45,17234000;5,75186000;
202300040913.0;1;37;37261;2;3;1.0;1.0;47,41010921;0,72091341;
202300040914.0;1;95;95480;2;1;1.0;6.0;49,11085800;2,20500400;
202300040915.0;1;38;38185;2;2;1.0;1.0;45,17511000;5,72543000;
202300040916.0;1;34;34172;2;2;1.0;3.0;43,60589000;3,89409000;
202300040917.0;2;31;31182;2;4;1.0;3.0;43,68346100;1,40649100;
202300040918.0;1;37;37195;2;1;1.0;6.0;47,38500000;0,65490000;
202300040919.0;1;31;31435;1;1;1.0;1.0;43,42411400;1,14536800;
202300040920.0;5;33;33522;2;6;1.0;3.0;44,79984000; -0,58479000;
202300040921.0;1;37;37261;2;1;1.0;7.0;47,42020000;0,71668000;
202300040922.0;1;35;35238;2;3;2.0;3.0;48,08461000; -1,66075000;
202300040923.0;1;71;71550;1;1;1.0;5.0;46,49052771;4,89605138;
202300040924.0;1;29;29019;2;3;1.0;6.0;48,38982000; -4,48542000;
202300040925.0;2;35;35238;1;1;2.0;4.0;48,08809064; -1,63407952;
202300040926.0;1;27;27299;2;2;1.0;3.0;49,04775000;1,16303000;
202300040927.0;1;974;97422;2;9;1.0;1.0; -21,25247700;55,48900900;
202300040928.0;1;19;19031;2;3;1.0;3.0;45,16683000;1,54645000;
202300040929.0;1;34;34172;2;3;1.0;3.0;43,63166000;3,88364000;
202300040930.0;1;972;97203;1;3;1.0;3.0;14,85317700; -61,09264300;
202300040931.0;1;11;11262;2;1;2.0;2.0;43,17437600;2,97459700;
202300040932.0;5;10;10387;2;1;1.0;7.0;48,30790000;4,08440000;
202300040933.0;1;31;31069;2;2;1.0;3.0;43,64363800;1,38089400;
202300040934.0;2;67;67356;1;1;1.0;7.0;48,71697800;7,93205900;
202300040935.0;1;10;10387;2;1;1.0;6.0;48,30522000;4,07419000;
202300040936.0;1;30;30278;2;6;1.0;7.0;44,05918800;4,71223400;
202300040937.0;2;06;06088;2;1;2.0;6.0;43,72328000;7,23841000;
202300040938.0;5;31;31555;2;2;1.0;3.0;43,56223272;1,40677303;
202300040939.0;1;75;75113;2;1;1.0;4.0;48,82579100;2,38658900;
202300040940.0;1;27;27375;2;1;2.0;2.0;49,23064000;1,17468000;
202300040941.0;5;75;75113;2;1;1.0;2.0;48,81839700;2,36934700;
202300040942.0;1;75;75120;2;1;1.0;6.0;48,85428400;2,41038000;
202300040943.0;5;27;27229;2;2;2.0;3.0;49,03076000;1,16046000;
202300040944.0;1;75;75119;2;1;1.0;3.0;48,88480600;2,37793500;
202300040945.0;1;27;27299;2;1;1.0;2.0;49,04445412;1,16070460;
202300040946.0;1;75;75118;2;1;1.0;6.0;48,89231600;2,33435300;
202300040947.0;1;25;25056;2;1;2.0;2.0;47,26552000;6,00484400;
202300040948.0;1;75;75116;2;1;8.0;3.0;48,87607300;2,27082800;
202300040949.0;1;21;21054;2;7;8.0;2.0;47,02345000;4,83280000;
202300040950.0;5;75;75116;2;1;2.0;2.0;48,86088500;2,29164600;
202300040951.0;5;21;21054;2;1;1.0;3.0;47,02086200;4,83190500;
202300040952.0;1;75;75115;2;2;8.0;6.0;48,84565600;2,28794600;
202300040953.0;2;75;75111;2;3;8.0;6.0;48,85490400;2,38617100;
202300040954.0;1;15;15012;2;6;8.0;3.0;44,90525000;2,45267000;
202300040955.0;1;75;75110;2;4;2.0;3.0;48,88248900;2,36918600;
202300040956.0;5;13;13117;2;2;1.0;3.0;43,42730808;5,23568020;
202300040957.0;1;75;75108;2;7;1.0;3.0;48,87809100;2,30535700;
202300040958.0;1;13;13106;2;1;1.0;3.0;43,40848000;5,36658000;
202300040959.0;3;75;75108;2;3;3.0;6.0;48,87215900;2,30905600;
202300040960.0;5;13;13215;2;3;1.0;3.0;43,34148954;5,37310136;
202300040961.0;1;75;75104;2;5;1.0;7.0;48,85726100;2,34713900;
202300040962.0;5;06;06088;2;1;1.0;2.0;43,67486000;7,22267000;
202300040963.0;2;94;94076;2;1;2.0;6.0;48,78334100;2,36066800;
202300040964.0;1;05;05061;2;1;1.0;6.0;44,54438330;6,06582910;
202300040965.0;1;94;94034;2;2;1.0;1.0;48,75395437;2,31274948;
202300040966.0;2;976;97611;2;1;2.0;1.0; -12,76322000;45,22582000;
202300040967.0;5;94;94079;2;1;2.0;6.0;48,83034000;2,54536000;
202300040968.0;1;974;97416;1;1;1.0;6.0; -21,31684000;55,49091000;
202300040969.0;3;94;94075;2;5;2.0;3.0;48,73432000;2,52016000;
202300040970.0;1;974;97411;2;9;1.0;2.0; -20,89470000;55,46977000;
202300040971.0;3;94;94004;2;9;8.0;6.0;48,75347500;2,50693600;
202300040972.0;1;974;97409;2;1;1.0;6.0; -20,97466000;55,64640000;
202300040973.0;5;93;93005;2;2;2.0;3.0;48,94947000;2,51964000;
202300040974.0;1;69;69386;2;1;1.0;6.0;45,77287000;4,84707000;
202300040975.0;1;93;93008;2;1;1.0;1.0;48,90099200;2,44378100;
202300040976.0;1;972;97213;1;1;1.0;3.0;14,65028000; -60,98825000;
202300040977.0;1;92;92076;2;1;2.0;1.0;48,84303247;2,14916021;
202300040978.0;3;972;97209;1;1;1.0;1.0;14,63562000; -61,03687000;
202300040979.0;1;92;92009;2;1;1.0;2.0;48,91989098;2,27976769;
202300040980.0;1;972;97209;2;1;2.0;7.0;14,60288000; -61,06618000;
202300040981.0;1;42;42331;2;1;1.0;6.0;45,99228200;3,94919000;
202300040982.0;5;69;69389;2;4;8.0;3.0;45,77700000;4,80747000;
202300040983.0;1;28;28196;1;1;1.0;6.0;48,28297900;1,23555400;
202300040984.0;5;95;95539;2;1;2.0;2.0;48,99572000;2,35222000;
202300040985.0;1;972;97217;2;1;1.0;7.0;14,47388900; -60,87846300;
202300040986.0;1;95;95598;2;1;2.0;6.0;48,98449200;2,29495200;
202300040987.0;3;29;29189;1;1;3.0;6.0;48,38300144; -4,35042785;
202300040988.0;2;58;58270;1;1;1.0;6.0;47,49607800;3,00532900;
202300040989.0;1;91;91122;2;1;1.0;3.0;48,69615000;2,16250000;
202300040990.0;1;04;04205;1;1;1.0;7.0;44,36265800;6,36039700;
202300040991.0;2;91;91326;2;1;1.0;6.0;48,69012000;2,37752000;
202300040992.0;1;91;91679;1;1;3.0;7.0;48,73903700;2,12572600;
202300040993.0;1;87;87085;2;3;2.0;1.0;45,82358000;1,28005000;
202300040994.0;1;51;51662;1;1;2.0;2.0;49,28830500;4,12442400;
202300040995.0;1;87;87085;2;1;2.0;7.0;45,82975000;1,26299000;
202300040996.0;3;78;78638;1;3;2.0;2.0;49,01988300;1,95896600;
202300040997.0;1;80;80827;2;6;1.0;3.0;50,05918500;1,53583800;
202300040998.0;3;77;77379;1;9;2.0;3.0;48,54652000;3,30683000;
202300040999.0;1;71;71289;2;1;1.0;1.0;46,31161500;4,48375200;
202300041000.0;1;77;77111;2;6;1.0;6.0;48,85636000;2,77074000;
202300041001.0;3;47;47312;1;1;1.0;6.0;44,40031923;1,01285616;
202300041002.0;1;72;72181;2;6;2.0;3.0;48,00756300;0,19828900;
202300041003.0;1;22;22322;1;3;8.0;3.0;48,47267900; -3,06512100;
202300041004.0;1;71;71306;2;2;1.0;3.0;46,67909000;4,36582000;
202300041005.0;1;22;22093;1;1;3.0;7.0;48,41689400; -2,59569200;
202300041006.0;1;69;69275;2;3;2.0;3.0;45,75407000;4,94926000;
202300041007.0;1;25;25304;2;1;1.0;6.0;47,44290400;6,88133700;
202300041008.0;1;69;69029;1;1;2.0;6.0;45,74560000;4,90663000;
202300041009.0;1;29;29003;2;1;1.0;6.0;48,02656000; -4,55394600;
202300041010.0;1;31;31314;1;1;2.0;6.0;43,15224100;0,94975900;
202300041011.0;1;67;67447;2;1;1.0;3.0;48,60007000;7,74270000;
202300041012.0;1;02;02548;1;1;1.0;7.0;49,96628100;3,67044200;
202300041013.0;2;66;66136;1;1;1.0;7.0;42,68198100;2,87644000;
202300041014.0;1;02;02294;1;6;1.0;2.0;49,51048400;3,57180100;
202300041015.0;1;64;64348;1;1;2.0;4.0;43,34180118; -0,37984743;
202300041016.0;1;64;64129;2;9;1.0;6.0;43,30468500; -0,39822300;
202300041017.0;2;15;15051;1;1;2.0;7.0;44,99074800;3,27043400;
202300041018.0;2;15;15140;1;1;2.0;1.0;44,97805045;2,40851641;
202300041019.0;5;63;63070;2;1;1.0;3.0;45,74580962;3,06473494;
202300041020.0;1;63;63113;2;1;1.0;3.0;45,77654000;3,07662000;
202300041021.0;1;26;26125;1;1;7.0;7.0;44,75898500;4,95914700;
202300041022.0;1;63;63075;2;1;1.0;2.0;45,77153000;3,05628000;
202300041023.0;1;06;06053;1;1;1.0;3.0;44,01203500;6,79939000;
202300041024.0;1;06;06071;1;1;1.0;6.0;44,04169000;6,83499200;
202300041025.0;1;63;63113;2;1;1.0;4.0;45,76141000;3,13189000;
202300041026.0;1;53;53182;2;1;3.0;7.0;48,10737400; -0,97388300;
202300041027.0;1;59;59279;2;3;2.0;3.0;50,77390000;3,12956500;
202300041028.0;1;40;40274;2;1;1.0;1.0;43,92933200; -0,64690900;
202300041029.0;5;59;59008;2;1;8.0;6.0;50,33567000;3,25351000;
202300041030.0;1;24;24254;2;1;1.0;6.0;44,83894000;1,02774700;
202300041031.0;2;58;58194;2;1;2.0;6.0;46,98855700;3,16079900;
202300041032.0;1;27;27075;1;1;2.0;6.0;48,89931400;0,70829600;
202300041033.0;1;56;56121;2;6;2.0;3.0;47,75133000; -3,38427000;
202300041034.0;1;37;37270;1;1;1.0;6.0;47,40154500;0,86247000;
202300041035.0;2;51;51454;2;1;2.0;3.0;49,25396000;4,04085000;
202300041036.0;1;65;65127;1;1;8.0;3.0;43,11205900;0,32175800;
202300041037.0;3;51;51108;1;1;2.0;3.0;48,93464000;4,40237000;
202300041038.0;1;973;97309;2;3;1.0;3.0;4,91674700; -52,27632300;
202300041039.0;2;51;51108;2;1;2.0;6.0;48,95372000;4,34143000;
202300041040.0;1;69;69027;2;1;1.0;6.0;45,67200397;4,75342868;
202300041041.0;2;50;50502;2;1;2.0;6.0;49,11076000; -1,08479000;
202300041042.0;1;49;49267;2;1;2.0;7.0;47,48131992; -0,48929393;
202300041043.0;1;95;95580;1;3;2.0;3.0;49,09158100;2,53171600;
202300041044.0;2;49;49007;2;1;2.0;7.0;47,44677000; -0,57231000;
202300041045.0;4;62;62731;1;1;1.0;2.0;50,07856000;3,02433100;
202300041046.0;5;45;45208;2;2;1.0;3.0;47,99567700;2,72046700;
202300041047.0;1;37;37122;2;1;1.0;6.0;47,35022000;0,66515000;
202300041048.0;3;83;83063;1;1;1.0;1.0;43,30151200;6,48129400;
202300041049.0;5;37;37261;2;2;8.0;3.0;47,41202000;0,70573000;
202300041050.0;1;13;13092;1;1;1.0;1.0;43,53860900;5,04502100;
202300041051.0;1;13;13041;2;1;1.0;7.0;43,45670100;5,47713800;
202300041052.0;1;31;31555;2;1;1.0;3.0;43,63486100;1,45581900;
202300041053.0;1;29;29019;2;1;1.0;2.0;48,38633000; -4,47974110;
202300041054.0;3;89;89298;1;1;1.0;1.0;48,05405300;3,10084800;
202300041055.0;1;29;29019;2;2;2.0;3.0;48,40707000; -4,50164000;
202300041056.0;1;88;88387;1;2;1.0;3.0;48,35268400;5,85476900;
202300041057.0;1;29;29019;2;1;2.0;4.0;48,40966000; -4,51690000;
202300041058.0;1;69;69009;2;1;1.0;3.0;45,94588300;4,71708700;
202300041059.0;5;28;28134;2;3;2.0;6.0;48,73355000;1,37427000;
202300041060.0;1;17;17307;1;1;1.0;3.0;45,69497000; -0,90864700;
202300041061.0;2;16;16280;1;1;1.0;2.0;45,76861600;0,36281700;
202300041062.0;1;22;22278;2;1;1.0;6.0;48,51336295; -2,75817856;
202300041063.0;1;57;57124;1;1;8.0;7.0;49,42734983;6,26841000;
202300041064.0;1;80;80383;1;1;1.0;7.0;49,72280800;2,78913300;
202300041065.0;5;22;22278;2;2;2.0;1.0;48,50628000; -2,76582000;
202300041066.0;1;13;13215;1;1;1.0;6.0;43,37781000;5,35587000;
202300041067.0;1;17;17300;2;7;1.0;1.0;46,16143800; -1,15539600;
202300041068.0;1;69;69081;1;1;1.0;2.0;45,77461673;4,78457976;
202300041069.0;1;14;14536;1;1;2.0;3.0;49,40507300;0,25256600;
202300041070.0;1;54;54571;1;1;1.0;4.0;48,61842500;6,24214900;
202300041071.0;1;13;13043;2;1;1.0;1.0;43,39306536;5,23172081;
202300041072.0;1;13;13210;2;1;1.0;6.0;43,27162045;5,42236230;
202300041073.0;1;62;62427;1;1;1.0;4.0;50,43208680;2,94963781;
202300041074.0;2;13;13216;2;9;1.0;3.0;43,36202000;5,34484000;
202300041075.0;2;92;92002;1;1;1.0;2.0;48,76284698;2,30411982;
202300041076.0;2;08;08105;2;1;1.0;6.0;49,77190700;4,71333900;
202300041077.0;1;91;91345;1;1;2.0;3.0;48,68866000;2,32466800;
202300041078.0;1;06;06029;2;1;1.0;3.0;43,55610700;7,00769500;
202300041079.0;1;91;91477;1;1;1.0;1.0;48,72471000;2,24309000;
202300041080.0;1;75;75112;2;1;1.0;3.0;48,84046000;2,41369600;
202300041081.0;1;92;92025;1;1;2.0;3.0;48,91898869;2,22378867;
202300041082.0;5;75;75116;2;1;1.0;3.0;48,87580300;2,27352300;
202300041083.0;1;78;78158;1;1;1.0;6.0;48,84104300;2,10963300;
202300041084.0;1;75;75116;2;1;2.0;3.0;48,86402100;2,28811700;
202300041085.0;3;92;92063;1;1;1.0;6.0;48,88653915;2,16571926;
202300041086.0;1;75;75115;2;2;1.0;2.0;48,85008100;2,29523000;
202300041087.0;1;92;92050;1;1;1.0;7.0;48,89648239;2,22334855;
202300041088.0;1;75;75115;2;2;1.0;2.0;48,84655300;2,28611300;
202300041089.0;1;93;93051;1;1;8.0;3.0;48,83515238;2,57609455;
202300041090.0;1;75;75112;2;4;1.0;5.0;48,82786394;2,38874853;
202300041091.0;1;77;77249;1;1;2.0;2.0;48,75760600;2,61558400;
202300041092.0;3;94;94069;1;1;1.0;7.0;48,81737044;2,42861395;
202300041093.0;1;75;75112;2;3;2.0;3.0;48,85061900;2,37877100;
202300041094.0;1;74;74012;2;1;1.0;6.0;46,19565000;6,23649800;
202300041095.0;1;75;75111;2;2;1.0;3.0;48,84828300;2,39753500;
202300041096.0;1;74;74010;1;1;1.0;2.0;45,87543073;6,06986289;
202300041097.0;1;75;75111;2;2;2.0;6.0;48,86617200;2,36972100;
202300041098.0;1;74;74010;2;9;1.0;3.0;45,88127800;6,09522000;
202300041099.0;1;74;74010;2;1;1.0;6.0;45,89478900;6,11773700;
202300041100.0;5;75;75110;2;2;1.0;2.0;48,88110500;2,36516900;
202300041101.0;2;74;74220;2;6;1.0;6.0;46,13317200;6,26796800;
202300041102.0;5;94;94073;2;3;2.0;6.0;48,75178000;2,40585000;
202300041103.0;1;93;93029;2;7;1.0;6.0;48,91852866;2,43604481;
202300041104.0;1;94;94015;2;3;2.0;3.0;48,82884000;2,52571000;
202300041105.0;1;59;59009;2;1;1.0;3.0;50,65065000;3,16706000;
202300041106.0;1;94;94041;2;2;8.0;3.0;48,81309000;2,37055000;
202300041107.0;2;94;94017;2;3;2.0;3.0;48,82685000;2,52102000;
202300041108.0;1;988;98818;2;3;1.0;6.0; -22,23335000;166,46678000;
202300041109.0;3;974;97409;2;1;1.0;1.0; -20,93879000;55,64689000;
202300041110.0;5;93;93073;2;2;1.0;6.0;48,94080400;2,59411900;
202300041111.0;1;972;97209;1;1;1.0;1.0;14,62847000; -61,05847000;
202300041112.0;1;93;93066;2;3;1.0;3.0;48,93548000;2,37927500;
202300041113.0;3;2B;2B301;1;1;1.0;7.0;42,60060000;9,26190000;
202300041114.0;5;971;97101;1;9;1.0;3.0;16,28134000; -61,49632000;
202300041115.0;1;93;93066;2;1;1.0;3.0;48,91658000;2,36370900;
202300041116.0;1;2A;2A004;2;9;1.0;3.0;41,95200000;8,77435000;
202300041117.0;2;84;84035;1;2;1.0;1.0;43,86375000;5,04317000;
202300041118.0;5;83;83137;2;9;1.0;3.0;43,12703000;5,96169000;
202300041119.0;1;79;79191;2;1;1.0;7.0;46,31962000; -0,45810000;
202300041120.0;1;78;78624;1;1;2.0;5.0;48,99592000;2,00630000;
202300041121.0;1;73;73008;2;1;1.0;6.0;45,69502000;5,90571000;
202300041122.0;2;64;64125;2;1;1.0;6.0;43,44426000; -1,55991000;
202300041123.0;3;64;64102;1;1;1.0;6.0;43,45147700; -1,49337700;
202300041124.0;1;62;62178;2;9;1.0;6.0;50,49046000;2,56444000;
202300041125.0;3;59;59220;2;1;8.0;6.0;50,59915000;3,06500000;
202300041126.0;1;57;57227;2;2;1.0;6.0;49,18906000;6,90588000;
202300041127.0;1;49;49328;2;1;1.0;1.0;47,25636000; -0,07475000;
202300041128.0;3;41;41158;1;1;1.0;1.0;47,77363000;1,03318000;
202300041129.0;1;41;41158;1;2;1.0;3.0;47,78378000;1,02825000;
202300041130.0;1;37;37261;2;1;1.0;6.0;47,39022000;0,69003000;
202300041131.0;1;37;37261;2;9;1.0;2.0;47,37420000;0,69547000;
202300041132.0;1;35;35051;2;1;2.0;3.0;48,11935000; -1,56972000;
202300041133.0;1;35;35278;1;1;2.0;6.0;48,13916000; -1,69889000;
202300041134.0;1;35;35238;2;1;2.0;3.0;48,12659000; -1,66427000;
202300041135.0;2;31;31555;2;1;1.0;3.0;43,63746000;1,43004000;
202300041136.0;5;31;31555;2;2;1.0;3.0;43,60610179;1,45402282;
202300041137.0;1;27;27229;2;2;1.0;3.0;49,01862000;1,18426000;
202300041138.0;1;07;07281;1;1;1.0;5.0;44,93104000;4,80953000;
202300041139.0;1;06;06004;1;1;1.0;6.0;43,61140000;7,12603000;
202300041140.0;1;75;75120;2;5;1.0;1.0;48,86832500;2,40144800;
202300041141.0;1;75;75119;2;7;2.0;7.0;48,87839500;2,37051800;
202300041142.0;1;75;75118;2;9;2.0;6.0;48,89854600;2,35608200;
202300041143.0;5;75;75116;2;1;1.0;6.0;48,85539300;2,26340800;
202300041144.0;5;75;75114;2;2;1.0;6.0;48,83434800;2,31364600;
202300041145.0;5;94;94077;2;1;1.0;6.0;48,72652000;2,40728000;
202300041146.0;1;93;93005;2;1;2.0;2.0;48,94567511;2,51459773;
202300041147.0;1;92;92047;2;1;2.0;2.0;48,83121000;2,15250000;
202300041148.0;1;92;92012;2;2;1.0;3.0;48,83691000;2,25214000;
202300041149.0;1;71;71222;2;1;1.0;6.0;46,66751000;4,38938700;
202300041150.0;1;68;68188;1;1;2.0;3.0;47,93604100;7,04549800;
202300041151.0;1;49;49163;1;1;2.0;7.0;47,54060000; -0,29018100;
202300041152.0;1;36;36247;1;1;1.0;7.0;46,90704626;1,61753833;
202300041153.0;1;46;46217;1;1;1.0;6.0;44,33655700;1,42429100;
202300041154.0;3;86;86004;1;1;1.0;7.0;46,68774700;0,87719000;
202300041155.0;1;62;62491;1;2;1.0;6.0;50,61212200;2,78241600;
202300041156.0;3;25;25214;1;1;1.0;2.0;47,44538100;6,74006400;
202300041157.0;1;974;97410;1;1;2.0;5.0; -21,10455500;55,66738100;
202300041158.0;2;06;06095;2;3;1.0;6.0;43,64413800;6,88747800;
202300041159.0;2;06;06130;2;1;1.0;6.0;43,69808200;6,84964000;
202300041160.0;1;974;97413;1;1;1.0;7.0; -21,19988200;55,28450100;
202300041161.0;1;08;08435;1;1;1.0;3.0;49,45410100;4,30093000;
202300041162.0;5;91;91577;2;1;1.0;7.0;48,60264500;2,49198100;
202300041163.0;3;19;19246;2;9;1.0;3.0;45,21616300;1,45383200;
202300041164.0;1;77;77208;2;3;1.0;7.0;48,48734000;3,29267400;
202300041165.0;1;82;82134;1;1;1.0;7.0;44,05395700;1,53804300;
202300041166.0;1;33;33236;1;1;1.0;1.0;44,77161953; -1,17272615;
202300041167.0;2;69;69006;2;1;1.0;6.0;45,97847100;4,33394600;
202300041168.0;1;71;71196;1;1;3.0;1.0;46,64643900;5,33988100;
202300041169.0;1;71;71305;2;3;1.0;3.0;46,46934100;4,89595400;
202300041170.0;3;71;71050;1;1;1.0;7.0;46,37819400;4,63737800;
202300041171.0;4;61;61475;2;1;1.0;6.0;48,61647700;0,54253500;
202300041172.0;1;49;49080;1;1;1.0;6.0;47,66591800; -0,58186800;
202300041173.0;1;68;68208;1;1;1.0;6.0;47,55792900;7,42321700;
202300041174.0;1;22;22354;1;1;1.0;7.0;48,56061900; -3,22364000;
202300041175.0;1;39;39560;1;1;1.0;6.0;46,35913500;5,84854600;
202300041176.0;1;44;44183;1;3;1.0;1.0;47,37362973; -2,43291378;
202300041177.0;1;29;29249;1;1;1.0;6.0;48,14235000; -3,75539700;
202300041178.0;1;29;29160;1;1;1.0;6.0;48,49449800; -4,43427400;
202300041179.0;1;02;02004;1;1;1.0;7.0;49,72551300;3,94599100;
202300041180.0;2;03;03258;1;3;8.0;3.0;46,18992700;3,37308300;