Num_Acc;lum;departement;commune;agglomeration;intersection;meteo;type_collision;lat;long;date
202300041181.0;1;03;03060;1;3;1.0;6.0;46,15177300;3,38139100;
202300041182.0;3;50;50087;1;1;2.0;7.0;49,55703800; -1,57224700;
202300041183.0;2;50;50487;1;1;2.0;6.0;48,50961100; -1,39180900;
202300041184.0;1;64;64238;2;1;1.0;7.0;43,25109900; -0,06139600;
202300041185.0;1;16;16264;1;3;1.0;3.0;46,09777800;0,48114800;
202300041186.0;1;07;07162;1;1;1.0;6.0;44,49733200;4,31608200;
202300041187.0;1;21;21197;1;4;1.0;3.0;47,55149900;4,61246100;
202300041188.0;1;21;21418;1;1;1.0;7.0;47,67493500;4,81798800;
202300041189.0;1;28;28264;1;1;1.0;1.0;48,42946400;1,02896000;
202300041190.0;1;87;87133;1;1;1.0;5.0;46,20082000;1,35827600;
202300041191.0;1;48;48146;2;1;1.0;3.0;44,36415700;3,41275700;
202300041192.0;1;52;52060;2;1;1.0;7.0;47,95610542;5,72752123;
202300041193.0;1;52;52480;1;1;1.0;1.0;48,25674800;5,11822300;
202300041194.0;3;88;88062;1;1;1.0;3.0;48,13466200;5,67561900;
202300041195.0;1;987;98734;1;1;1.0;1.0; -17,76696100; -149,48892800;
202300041196.0;1;86;86158;1;1;1.0;2.0;46,62595000;0,34993400;
202300041197.0;1;77;77382;2;1;1.0;2.0;48,90504600;2,88102800;
202300041198.0;1;77;77317;2;1;1.0;7.0;48,60756400;2,89430200;
202300041199.0;1;2B;2B093;1;9;1.0;1.0;42,62283600;8,90113600;
202300041200.0;1;66;66171;2;1;1.0;1.0;42,63830300;3,02303700;
202300041201.0;3;34;34289;1;1;1.0;3.0;43,40165400;3,41060700;
202300041202.0;1;13;13086;2;3;1.0;3.0;43,34222500;5,60335500;
202300041203.0;1;89;89196;1;1;1.0;6.0;47,89138600;3,40976900;
202300041204.0;2;52;52348;1;1;1.0;6.0;47,91292600;5,35889300;
202300041205.0;2;68;68213;1;1;1.0;7.0;47,87271400;6,96804400;
202300041206.0;1;06;06088;1;1;1.0;4.0;43,72921200;7,23479700;
202300041207.0;1;73;73257;1;3;1.0;4.0;45,45926500;6,54941800;
202300041208.0;1;973;97313;1;1;1.0;3.0;4,94516400; -52,49778300;
202300041209.0;3;977;97701;1;6;1.0;6.0;17,90352200; -62,84262600;
202300041210.0;5;971;97106;2;1;2.0;6.0;16,12604100; -61,77171400;
202300041211.0;5;66;66164;1;1;1.0;6.0;42,79881600;2,88721600;
202300041212.0;1;66;66065;2;2;1.0;3.0;42,60045100;2,97470400;
202300041213.0;1;84;84049;1;1;1.0;7.0;44,17898800;5,01510900;
202300041214.0;1;05;05007;1;1;1.0;1.0;44,77043400;6,73675400;
202300041215.0;3;05;05151;1;1;1.0;6.0;44,86612200;6,59064900;
202300041216.0;2;10;10172;1;1;8.0;6.0;48,61905677;4,17091512;
202300041217.0;3;88;88251;1;1;1.0;2.0;48,33886500;6,66827200;
202300041218.0;5;55;55553;2;1;2.0;1.0;48,77028400;5,60516800;
202300041219.0;1;73;73187;1;1;1.0;6.0;45,50472300;6,44356700;
202300041220.0;1;07;07063;1;1;1.0;3.0;45,13842101;4,73581553;
202300041221.0;4;69;69072;2;1;1.0;6.0;45,80771700;4,76305500;
202300041222.0;1;81;81105;1;1;1.0;6.0;43,75758600;1,96685700;
202300041223.0;1;85;85071;1;3;1.0;3.0;46,76929000; -1,85589300;
202300041224.0;1;56;56069;2;1;1.0;6.0;47,63940500; -3,45251300;
202300041225.0;1;60;60302;2;2;1.0;3.0;49,48821400;2,24242900;
202300041226.0;1;62;62014;2;3;1.0;3.0;50,63947300;2,41365600;
202300041227.0;1;59;59548;1;1;9.0;6.0;50,30831600;3,74871700;
202300041228.0;1;59;59569;1;6;1.0;6.0;50,33989700;3,09776400;
202300041229.0;1;59;59267;1;9;1.0;3.0;50,06419633;3,15108061;
202300041230.0;1;13;13106;1;1;1.0;2.0;43,40465200;5,35918600;
202300041231.0;1;13;13001;1;1;1.0;2.0;43,51083000;5,41912000;
202300041232.0;5;13;13212;1;1;1.0;2.0;43,29647000;5,42488000;
202300041233.0;1;83;83090;1;1;2.0;2.0;43,12562777;5,87700866;
202300041234.0;3;69;69296;1;1;1.0;2.0;45,64438000;4,82948000;
202300041235.0;1;91;91216;1;1;1.0;3.0;48,68301000;2,32914000;
202300041236.0;1;94;94037;1;1;1.0;2.0;48,81474151;2,33655222;
202300041237.0;1;91;91617;1;1;1.0;4.0;48,63538000;2,53514000;
202300041238.0;1;91;91377;1;1;1.0;3.0;48,71653000;2,29065000;
202300041239.0;1;92;92050;1;1;1.0;6.0;48,89262958;2,18617361;
202300041240.0;1;95;95218;1;1;1.0;4.0;49,03512876;2,09846616;
202300041241.0;1;93;93066;1;1;1.0;5.0;48,90602834;2,35830849;
202300041242.0;1;93;93005;1;1;1.0;3.0;48,96664045;2,47689933;
202300041243.0;1;67;67482;2;1;7.0;6.0;48,59086800;7,74695000;
202300041244.0;1;62;62774;2;6;1.0;3.0;50,95874000;1,82775000;
202300041245.0;1;06;06088;2;1;1.0;6.0;43,70502600;7,28585100;
202300041246.0;5;75;75107;2;1;1.0;7.0;48,84894900;2,31540700;
202300041247.0;1;59;59350;2;9;1.0;6.0;50,61801000;3,04220000;
202300041248.0;3;82;82093;1;1;1.0;6.0;43,92766800;1,10667900;
202300041249.0;1;32;32027;1;1;1.0;6.0;43,70878800; -0,22151800;
202300041250.0;1;54;54328;1;9;1.0;6.0;48,62721900;6,18255700;
202300041251.0;1;987;98736;2;2;1.0;1.0; -17,53478800; -149,55295600;
202300041252.0;5;974;97416;2;1;1.0;1.0; -21,29733000;55,45198000;
202300041253.0;5;974;97411;2;2;1.0;2.0; -20,88533000;55,45393000;
202300041254.0;3;974;97411;1;1;1.0;2.0; -20,87702567;55,40966034;
202300041255.0;1;973;97302;2;1;1.0;7.0;4,92712000; -52,31970000;
202300041256.0;5;69;69386;2;2;1.0;3.0;45,76904000;4,84729000;
202300041257.0;1;69;69387;2;1;1.0;6.0;45,73319000;4,84254000;
202300041258.0;5;972;97213;1;9;1.0;1.0;14,63639000; -60,99189000;
202300041259.0;1;69;69382;2;2;1.0;3.0;45,74661000;4,82123000;
202300041260.0;1;69;69382;2;1;1.0;3.0;45,76474297;4,83815627;
202300041261.0;5;69;69142;2;1;1.0;6.0;45,72262000;4,81159000;
202300041262.0;1;69;69034;2;3;1.0;3.0;45,81170806;4,85908449;
202300041263.0;1;69;69034;2;1;1.0;4.0;45,78792000;4,86359000;
202300041264.0;1;69;69202;2;9;1.0;3.0;45,72930000;4,77767000;
202300041265.0;1;2B;2B122;2;2;1.0;3.0;42,42090000;9,27070000;
202300041266.0;1;2B;2B033;2;1;1.0;3.0;42,70383500;9,45297100;
202300041267.0;1;971;97113;1;3;1.0;3.0;16,21140000; -61,47400000;
202300041268.0;1;91;91457;1;1;1.0;6.0;48,57635000;2,26691000;
202300041269.0;1;91;91312;2;1;1.0;6.0;48,73245000;2,22925000;
202300041270.0;1;91;91514;1;1;8.0;1.0;48,66100500;2,51884400;
202300041271.0;1;91;91479;2;6;1.0;2.0;48,70567000;2,35502000;
202300041272.0;1;86;86066;1;2;2.0;3.0;46,83457000;0,56584000;
202300041273.0;1;85;85194;2;1;1.0;6.0;46,48081000; -1,73160000;
202300041274.0;1;79;79300;1;2;1.0;3.0;47,00917100; -0,21571000;
202300041275.0;1;78;78418;2;1;1.0;6.0;48,90457000;2,14701000;
202300041276.0;1;78;78481;1;1;1.0;3.0;48,88664000;2,09731000;
202300041277.0;3;78;78440;2;1;1.0;6.0;48,97074000;1,91977000;
202300041278.0;1;77;77337;2;2;1.0;3.0;48,84092500;2,61832000;
202300041279.0;1;77;77438;2;1;1.0;3.0;48,86746000;2,67874000;
202300041280.0;2;76;76351;2;2;1.0;3.0;49,49415000;0,13858000;
202300041281.0;1;76;76351;2;6;1.0;2.0;49,52632000;0,09108000;
202300041282.0;1;73;73065;2;6;1.0;3.0;45,58103000;5,90958000;
202300041283.0;5;71;71270;2;1;1.0;6.0;46,31720000;4,83416000;
202300041284.0;1;71;71153;2;2;1.0;3.0;46,78984000;4,42089000;
202300041285.0;1;71;71309;1;3;1.0;3.0;46,79927204;4,38409334;
202300041286.0;1;69;69266;2;3;1.0;3.0;45,75817380;4,89350758;
202300041287.0;1;69;69199;2;1;1.0;1.0;45,70965215;4,86132671;
202300041288.0;1;69;69091;2;1;1.0;6.0;45,58406000;4,74773000;
202300041289.0;1;67;67482;2;2;8.0;3.0;48,58980000;7,76720000;
202300041290.0;1;64;64445;2;1;1.0;7.0;43,31203000; -0,32548000;
202300041291.0;1;64;64024;2;1;2.0;3.0;43,46326000; -1,51087000;
202300041292.0;3;62;62107;1;1;1.0;4.0;50,47929317;2,83469840;
202300041293.0;1;61;61006;2;2;1.0;3.0;48,74932000; -0,02325400;
202300041294.0;1;61;61001;2;2;1.0;6.0;48,44134000;0,10808000;
202300041295.0;1;59;59008;2;1;1.0;6.0;50,33181000;3,24777000;
202300041296.0;1;56;56162;1;1;1.0;3.0;47,72916000; -3,41587000;
202300041297.0;1;56;56121;2;2;1.0;3.0;47,75016000; -3,36188000;
202300041298.0;1;56;56121;2;2;1.0;3.0;47,74305000; -3,38890000;
202300041299.0;3;51;51454;2;6;1.0;3.0;49,25753000;4,03889400;
202300041300.0;1;51;51454;2;1;1.0;3.0;49,28854000;3,99871000;
202300041301.0;1;51;51454;2;1;1.0;3.0;49,24751000;4,03386000;
202300041302.0;1;51;51474;2;6;1.0;3.0;49,26213000;3,98436000;
202300041303.0;1;49;49328;2;6;1.0;2.0;47,25355000; -0,08559000;
202300041304.0;1;49;49007;2;1;2.0;6.0;47,45029000; -0,55562000;
202300041305.0;5;46;46042;2;1;1.0;6.0;44,44759967;1,44017458;
202300041306.0;1;44;44184;2;4;1.0;2.0;47,26343000; -2,22701000;
202300041307.0;1;44;44184;2;1;1.0;2.0;47,26754000; -2,25330000;
202300041308.0;1;42;42275;2;1;1.0;4.0;45,47190000;4,38327000;
202300041309.0;1;41;41018;2;1;1.0;3.0;47,58478000;1,31841000;
202300041310.0;1;38;38185;2;9;1.0;6.0;45,16738000;5,72061000;
202300041311.0;1;37;37261;2;1;1.0;3.0;47,37423000;0,71867000;
202300041312.0;1;37;37261;2;1;2.0;7.0;47,40104000;0,68366000;
202300041313.0;5;37;37261;2;3;1.0;6.0;47,37621000;0,67776000;
202300041314.0;1;37;37122;2;1;3.0;7.0;47,34800000;0,65804000;
202300041315.0;1;35;35238;2;3;1.0;3.0;48,09863000; -1,64424000;
202300041316.0;1;35;35055;2;1;1.0;6.0;48,08527000; -1,62299000;
202300041317.0;1;35;35115;2;1;1.0;3.0;48,34772000; -1,19563000;
202300041318.0;1;34;34301;2;1;1.0;3.0;43,40613200;3,68784700;
202300041319.0;3;34;34336;1;1;1.0;6.0;43,31217000;3,31746000;
202300041320.0;1;33;33249;2;6;1.0;3.0;44,86273400; -0,53767900;
202300041321.0;1;29;29232;2;1;1.0;6.0;48,00194800; -4,11209000;
202300041322.0;1;29;29019;2;2;1.0;3.0;48,39091200; -4,50773700;
202300041323.0;1;29;29019;2;1;1.0;3.0;48,39816100; -4,46413400;
202300041324.0;1;27;27229;2;1;1.0;6.0;49,02132000;1,16040000;
202300041325.0;1;27;27684;2;1;1.0;1.0;49,01405000;1,18942000;
202300041326.0;1;26;26362;2;1;1.0;7.0;44,92854000;4,89021000;
202300041327.0;1;25;25056;2;1;8.0;2.0;47,23250000;6,00162000;
202300041328.0;1;22;22278;2;1;1.0;7.0;48,49402000; -2,74751000;
202300041329.0;1;22;22113;2;3;1.0;3.0;48,74872000; -3,46116000;
202300041330.0;1;17;17415;2;6;2.0;2.0;45,74607000; -0,60115000;
202300041331.0;1;17;17415;2;1;1.0;1.0;45,74165500; -0,63700800;
202300041332.0;1;14;14118;2;9;1.0;6.0;49,17731100; -0,34963500;
202300041333.0;1;13;13103;2;1;1.0;6.0;43,64068568;5,08728583;
202300041334.0;1;13;13203;2;3;1.0;1.0;43,30804000;5,38798000;
202300041335.0;1;13;13209;2;1;1.0;6.0;43,26200000;5,39600000;
202300041336.0;1;92;92050;2;9;1.0;3.0;48,89369207;2,21202984;
202300041337.0;1;13;13210;2;1;1.0;2.0;43,28644834;5,39924441;
202300041338.0;1;92;92012;1;1;2.0;6.0;48,84730000;2,22728000;
202300041339.0;1;10;10325;2;3;1.0;6.0;48,26708000;4,08063000;
202300041340.0;5;92;92004;2;1;1.0;7.0;48,90998000;2,28798000;
202300041341.0;1;07;07019;2;6;1.0;3.0;44,60926000;4,39557000;
202300041342.0;1;06;06030;2;1;1.0;3.0;43,56951000;6,99113000;
202300041343.0;1;06;06029;2;1;1.0;5.0;43,56640000;6,99187000;
202300041344.0;3;69;69277;1;4;2.0;3.0;45,75124400;5,01923400;
202300041345.0;1;06;06029;2;1;1.0;3.0;43,55085000;6,99274000;
202300041346.0;1;76;76275;1;1;1.0;5.0;49,57901200;0,17730500;
202300041347.0;1;75;75116;2;1;1.0;2.0;48,85453900;2,25492300;
202300041348.0;1;75;75112;2;1;1.0;2.0;48,83080700;2,40315400;
202300041349.0;3;14;14061;1;4;8.0;7.0;48,99932136; -0,84054100;
202300041350.0;1;75;75105;2;3;1.0;6.0;48,83883700;2,34573000;
202300041351.0;1;89;89172;2;1;8.0;6.0;48,21907000;3,37307900;
202300041352.0;1;75;75120;2;3;1.0;2.0;48,87172400;2,40431800;
202300041353.0;3;56;56188;2;1;1.0;6.0;47,90266000; -3,13426900;
202300041354.0;1;75;75118;2;3;8.0;2.0;48,89709200;2,35933100;
202300041355.0;1;75;75117;2;1;1.0;3.0;48,88013700;2,28189500;
202300041356.0;1;75;75117;2;3;1.0;3.0;48,89105700;2,30252200;
202300041357.0;3;77;77347;1;1;1.0;6.0;48,46174200;3,22097900;
202300041358.0;1;75;75116;2;3;1.0;3.0;48,85132300;2,27848800;
202300041359.0;1;79;79179;1;2;2.0;3.0;46,73751100; -0,57062700;
202300041360.0;1;75;75116;2;7;1.0;3.0;48,84738500;2,27369900;
202300041361.0;1;75;75114;2;2;1.0;6.0;48,83395000;2,31815400;
202300041362.0;1;65;65408;2;1;1.0;6.0;42,96668400;0,37690900;
202300041363.0;1;75;75114;2;2;1.0;3.0;48,82510400;2,31117700;
202300041364.0;1;33;33289;1;1;2.0;6.0;44,64453600;0,08367400;
202300041365.0;5;75;75114;2;1;1.0;7.0;48,83052287;2,31922665;
202300041366.0;1;75;75112;2;3;1.0;6.0;48,83672200;2,39843300;
202300041367.0;1;32;32210;1;2;8.0;1.0;43,56283900;1,12796500;
202300041368.0;1;75;75111;2;1;1.0;3.0;48,86178600;2,36704600;
202300041369.0;1;44;44005;1;1;2.0;2.0;47,12779700; -1,89377900;
202300041370.0;1;75;75111;2;3;1.0;3.0;48,85949200;2,36765900;
202300041371.0;1;44;44068;1;2;3.0;3.0;47,49890500; -1,86675000;
202300041372.0;1;75;75109;2;4;1.0;6.0;48,87296600;2,33331400;
202300041373.0;1;75;75107;2;3;1.0;7.0;48,86250600;2,30922000;
202300041374.0;3;29;29206;1;3;6.0;3.0;48,59227920; -4,17458365;
202300041375.0;5;75;75107;2;7;2.0;3.0;48,85140200;2,32676300;
202300041376.0;2;26;26052;1;1;8.0;7.0;44,60105600;4,87163200;
202300041377.0;1;75;75104;2;3;1.0;7.0;48,86102600;2,35136900;
202300041378.0;1;75;75104;2;2;1.0;6.0;48,85671000;2,34892500;
202300041379.0;1;54;54055;1;1;2.0;7.0;49,01736900;6,00913200;
202300041380.0;5;75;75103;2;9;1.0;3.0;48,85580143;2,36847943;
202300041381.0;1;94;94080;2;1;1.0;2.0;48,84968000;2,43461000;
202300041382.0;2;83;83040;1;1;1.0;1.0;43,80408900;6,59717200;
202300041383.0;1;94;94015;2;2;1.0;3.0;48,84700200;2,51737800;
202300041384.0;3;64;64138;2;2;2.0;3.0;43,24324500; -0,26473400;
202300041385.0;5;94;94016;2;6;1.0;6.0;48,79058000;2,33174000;
202300041386.0;1;18;18172;2;2;8.0;7.0;46,72522700;2,48073200;
202300041387.0;1;94;94073;1;1;1.0;3.0;48,75434700;2,37541400;
202300041388.0;3;18;18145;1;1;2.0;7.0;47,25488300;2,49844600;
202300041389.0;1;94;94011;2;5;1.0;3.0;48,76516000;2,48073000;
202300041390.0;1;07;07334;1;1;1.0;6.0;44,39790000;4,12640700;
202300041391.0;1;94;94022;2;1;8.0;3.0;48,76559000;2,41066000;
202300041392.0;1;53;53147;2;2;8.0;3.0;48,28572700; -0,61799700;
202300041393.0;1;94;94019;2;1;1.0;3.0;48,80321000;2,53787000;
202300041394.0;1;17;17211;1;1;2.0;7.0;46,03813300; -0,51203400;
202300041395.0;1;93;93071;2;3;1.0;3.0;48,94846935;2,52031363;
202300041396.0;1;17;17323;2;7;1.0;6.0;46,03263200; -1,37792900;
202300041397.0;1;93;93050;2;1;1.0;6.0;48,86528000;2,53397000;
202300041398.0;1;93;93032;2;1;8.0;6.0;48,86897869;2,56032295;
202300041399.0;3;17;17253;1;2;2.0;3.0;45,98651900; -0,90172600;
202300041400.0;1;93;93032;2;1;1.0;3.0;48,88995036;2,52401072;
202300041401.0;1;93;93079;2;1;1.0;3.0;48,95443628;2,33473299;
202300041402.0;1;37;37245;1;2;2.0;3.0;47,47449800;0,54506800;
202300041403.0;1;93;93057;2;3;1.0;5.0;48,90819478;2,51590994;
202300041404.0;3;987;98735;1;1;2.0;3.0; -16,62000000; -151,49600000;
202300041405.0;1;92;92046;2;1;1.0;6.0;48,81897348;2,30958045;
202300041406.0;1;34;34270;1;1;1.0;3.0;43,55461300;3,82156800;
202300041407.0;1;92;92072;2;3;1.0;3.0;48,82261000;2,20175000;
202300041408.0;1;28;28121;1;1;2.0;7.0;48,11997000;1,85111000;
202300041409.0;1;92;92076;2;1;1.0;3.0;48,83762100;2,15136800;
202300041410.0;1;92;92051;2;1;8.0;6.0;48,88613445;2,27456957;
202300041411.0;1;17;17415;1;1;1.0;7.0;45,77363000; -0,66767700;
202300041412.0;5;92;92051;2;1;1.0;1.0;48,87900138;2,27951892;
202300041413.0;1;92;92050;2;3;1.0;3.0;48,89021153;2,19095259;
202300041414.0;3;988;98821;1;1;1.0;7.0; -22,13675000;166,42173000;
202300041415.0;5;92;92050;2;9;1.0;3.0;48,88678000;2,20523000;
202300041416.0;1;77;77339;2;1;8.0;7.0;48,37005000;2,50931900;
202300041417.0;1;92;92049;2;1;1.0;7.0;48,81186000;2,30896000;
202300041418.0;1;92;92049;2;2;1.0;3.0;48,81438100;2,32575000;
202300041419.0;3;34;34023;1;1;1.0;3.0;43,45088600;3,70620100;
202300041420.0;1;92;92025;2;3;1.0;1.0;48,93224600;2,27280700;
202300041421.0;1;34;34176;1;2;1.0;3.0;43,63548500;4,05406200;
202300041422.0;3;83;83115;2;1;1.0;6.0;43,31912100;6,66509600;
202300041423.0;1;92;92025;2;3;1.0;6.0;48,91333900;2,23071300;
202300041424.0;1;92;92002;2;1;1.0;6.0;48,77105095;2,31204540;
202300041425.0;1;13;13066;1;1;1.0;1.0;43,88771000;4,88365900;
202300041426.0;3;58;58126;1;1;8.0;6.0;46,94629300;3,08617100;
202300041427.0;1;85;85306;2;3;1.0;1.0;46,47804900; -0,70067300;
202300041428.0;1;22;22237;2;3;1.0;3.0;48,53117100; -2,26878900;
202300041429.0;1;41;41118;1;9;1.0;7.0;47,39605800;1,81958900;
202300041430.0;1;68;68058;2;6;2.0;6.0;47,92348200;7,19738600;
202300041431.0;3;54;54272;1;2;2.0;3.0;48,76168783;5,96266866;
202300041432.0;3;49;49092;1;1;1.0;6.0;47,23294500; -0,61456900;
202300041433.0;1;67;67283;1;1;1.0;1.0;48,68020597;7,38394642;
202300041434.0;1;56;56118;2;1;1.0;6.0;47,71860800; -3,33615300;
202300041435.0;1;56;56240;1;1;1.0;7.0;47,50954800; -2,69762600;
202300041436.0;1;81;81140;1;1;1.0;7.0;43,68902400;1,85573500;
202300041437.0;5;56;56184;2;1;1.0;6.0;47,66279700; -2,45418400;
202300041438.0;1;31;31324;2;1;2.0;6.0;43,19811627;1,02385551;
202300041439.0;1;76;76407;1;1;1.0;1.0;49,86352300;0,74222100;
202300041440.0;1;2A;2A085;1;1;1.0;7.0;41,91304000;8,83051900;
202300041441.0;1;40;40125;1;1;2.0;6.0;43,65083700; -1,09790900;
202300041442.0;1;85;85155;2;3;1.0;3.0;46,72013700; -1,45920800;
202300041443.0;1;2A;2A330;2;1;1.0;1.0;42,04642400;8,97879100;
202300041444.0;1;31;31032;1;1;8.0;6.0;43,68386400;1,33620100;
202300041445.0;3;22;22208;1;3;2.0;7.0;48,31346600; -2,01893100;
202300041446.0;3;60;60589;1;1;1.0;2.0;49,21524200;2,46548700;
202300041447.0;1;13;13085;2;1;1.0;3.0;43,25215674;5,59552334;
202300041448.0;1;13;13071;1;1;2.0;2.0;43,41079000;5,36426000;
202300041449.0;3;13;13001;1;1;1.0;5.0;43,51054000;5,41822000;
202300041450.0;2;13;13071;1;1;1.0;3.0;43,41668000;5,27569000;
202300041451.0;1;75;75116;2;2;1.0;3.0;48,86504100;2,23445800;
202300041452.0;3;13;13015;1;1;1.0;4.0;43,43716000;5,39505000;
202300041453.0;5;75;75116;2;1;1.0;3.0;48,84966900;2,24198700;
202300041454.0;1;75;75114;2;1;1.0;2.0;48,83637900;2,33431700;
202300041455.0;3;69;69116;1;1;1.0;4.0;45,84118840;4,75238903;
202300041456.0;1;75;75113;2;1;1.0;6.0;48,82307700;2,35311300;
202300041457.0;3;42;42110;1;1;2.0;6.0;45,48788300;4,54072800;
202300041458.0;1;75;75113;2;1;1.0;3.0;48,83628200;2,37119900;
202300041459.0;1;33;33249;2;1;1.0;6.0;44,88148094; -0,51091522;
202300041460.0;1;75;75112;2;1;1.0;3.0;48,84254600;2,37192900;
202300041461.0;1;91;91161;1;1;1.0;4.0;48,71153900;2,29383300;
202300041462.0;1;75;75111;2;1;1.0;1.0;48,86578700;2,37400700;
202300041463.0;1;91;91136;1;1;2.0;6.0;48,71065000;2,28700000;
202300041464.0;2;94;94037;1;1;2.0;6.0;48,81658529;2,33656859;
202300041465.0;1;75;75110;2;1;1.0;4.0;48,88409000;2,36753100;
202300041466.0;3;91;91363;1;1;2.0;6.0;48,63061000;2,23090000;
202300041467.0;3;75;75109;2;1;1.0;6.0;48,87626900;2,33423300;
202300041468.0;3;92;92078;1;1;1.0;4.0;48,93006804;2,32558289;
202300041469.0;1;75;75116;2;7;1.0;3.0;48,87375500;2,29449700;
202300041470.0;1;93;93027;1;1;8.0;6.0;48,93940000;2,38812000;
202300041471.0;1;75;75107;2;3;1.0;3.0;48,85748000;2,29127500;
202300041472.0;1;92;92036;1;1;2.0;7.0;48,93788866;2,29766722;
202300041473.0;5;75;75114;2;1;1.0;7.0;48,82581900;2,32611700;
202300041474.0;3;95;95306;1;1;2.0;6.0;48,99543144;2,18221307;
202300041475.0;1;75;75104;2;2;1.0;3.0;48,85114109;2,36237463;
202300041476.0;3;92;92078;1;1;3.0;6.0;48,92755223;2,33269930;
202300041477.0;3;93;93010;1;1;2.0;7.0;48,91360000;2,47714000;
202300041478.0;1;94;94068;2;3;1.0;1.0;48,79646142;2,48269699;
202300041479.0;1;94;94021;2;1;1.0;6.0;48,77128006;2,34667650;
202300041480.0;1;94;94033;1;1;3.0;3.0;48,85841005;2,48778049;
202300041481.0;3;77;77059;1;1;2.0;6.0;48,84153391;2,66365441;
202300041482.0;1;94;94004;2;1;2.0;7.0;48,75478900;2,50560400;
202300041483.0;1;94;94044;1;1;2.0;7.0;48,76049276;2,46901782;
202300041484.0;1;93;93073;2;1;1.0;3.0;48,94251000;2,57119000;
202300041485.0;1;93;93073;1;1;1.0;7.0;48,98938000;2,51935000;
202300041486.0;3;94;94046;1;1;1.0;5.0;48,80779495;2,44901486;
202300041487.0;1;93;93001;2;1;1.0;6.0;48,91100000;2,37300000;
202300041488.0;5;35;35288;2;3;1.0;1.0;48,67945800; -1,97789600;
202300041489.0;1;93;93051;2;2;1.0;6.0;48,84212000;2,54314000;
202300041490.0;2;13;13208;2;1;1.0;3.0;43,24448000;5,38653000;
202300041491.0;1;93;93048;2;1;1.0;3.0;48,85341400;2,44370779;
202300041492.0;1;62;62548;2;3;8.0;7.0;50,94898000;1,96087000;
202300041493.0;1;93;93045;2;1;1.0;6.0;48,87856061;2,41147488;
202300041494.0;1;83;83137;2;1;3.0;6.0;43,12541525;5,92607921;
202300041495.0;1;93;93030;2;1;1.0;5.0;48,94213973;2,42101550;
202300041496.0;5;75;75110;2;1;1.0;6.0;48,87920500;2,37010100;
202300041497.0;1;93;93007;2;6;1.0;3.0;48,92825000;2,46330000;
202300041498.0;5;62;62186;2;2;2.0;3.0;50,44021000;2,73094000;
202300041499.0;1;92;92049;2;2;1.0;6.0;48,81751098;2,32546180;
202300041500.0;1;972;97209;1;1;1.0;6.0;14,61725000; -61,07144000;
202300041501.0;1;92;92025;2;2;1.0;3.0;48,92611228;2,25300997;
202300041502.0;1;92;92024;2;1;7.0;3.0;48,90887000;2,31297000;
202300041503.0;1;30;30028;2;9;1.0;3.0;44,16841000;4,61544000;
202300041504.0;1;49;49063;2;2;1.0;3.0;47,35193700; -0,77494400;
202300041505.0;1;974;97409;1;9;8.0;7.0; -20,96630000;55,63499000;
202300041506.0;1;26;26344;1;1;1.0;1.0;44,68314500;5,03657200;
202300041507.0;1;973;97302;2;9;1.0;6.0;4,92315142; -52,30391800;
202300041508.0;3;71;71047;1;1;1.0;2.0;46,63002600;3,73559300;
202300041509.0;5;973;97302;2;2;1.0;3.0;4,93878694; -52,33173519;
202300041510.0;1;28;28410;1;1;1.0;1.0;48,03315800;1,52984600;
202300041511.0;5;69;69383;2;1;2.0;6.0;45,75320000;4,86157000;
202300041512.0;2;35;35206;1;1;2.0;5.0;48,05602100; -1,68083300;
202300041513.0;5;95;95277;2;3;2.0;3.0;48,98745000;2,44826000;
202300041514.0;3;43;43103;1;1;2.0;6.0;45,27839000;3,21786800;
202300041515.0;1;95;95127;2;7;1.0;6.0;49,03959942;2,08186716;
202300041516.0;1;87;87001;2;1;1.0;7.0;45,79322200;1,12962200;
202300041517.0;5;91;91161;2;9;3.0;1.0;48,70296000;2,32108000;
202300041518.0;1;56;56011;1;1;1.0;6.0;47,59878400; -2,21286500;
202300041519.0;1;86;86194;2;1;8.0;6.0;46,58951500;0,35826000;
202300041520.0;3;76;76482;1;1;1.0;3.0;49,86860700;1,05466800;
202300041521.0;1;79;79034;1;1;1.0;5.0;46,29569100; -0,50148700;
202300041522.0;3;84;84035;1;2;2.0;1.0;43,86422000;5,04327000;
202300041523.0;1;65;65006;1;1;1.0;7.0;42,91048600;0,29770400;
202300041524.0;5;83;83137;2;1;1.0;3.0;43,12841858;5,91602826;
202300041525.0;1;71;71332;1;2;1.0;3.0;46,63473400;4,98513200;
202300041526.0;1;61;61300;1;2;1.0;3.0;48,49785300;0,88420600;
202300041527.0;5;83;83090;2;3;8.0;3.0;43,12325359;5,82312942;
202300041528.0;1;49;49214;2;3;1.0;3.0;47,52654600; -0,61156400;
202300041529.0;2;68;68332;2;1;8.0;7.0;47,65701000;7,27288000;
202300041530.0;1;44;44154;2;1;1.0;6.0;47,24700600; -2,16587200;