Num_Acc;lum;departement;commune;agglomeration;intersection;meteo;type_collision;lat;long;date
202300041531.0;4;77;77083;2;6;2.0;1.0;48,85020000;2,58519000;
202300041532.0;1;02;02532;2;3;1.0;2.0;49,75562800;3,36282500;
202300041533.0;1;58;58031;1;1;1.0;6.0;47,00643600;3,44520100;
202300041534.0;1;58;58232;2;1;1.0;6.0;46,99654700;3,39063400;
202300041535.0;3;77;77013;1;1;1.0;6.0;48,84571900;3,08905900;
202300041536.0;1;72;72276;1;1;1.0;1.0;48,26993300;0,44489800;
202300041537.0;2;76;76540;2;4;2.0;3.0;49,43444000;1,13187000;
202300041538.0;5;74;74010;2;3;2.0;2.0;45,89779000;6,11464000;
202300041539.0;1;05;05106;1;1;6.0;5.0;44,52916600;6,33403700;
202300041540.0;1;50;50550;2;1;1.0;7.0;49,15444900; -1,41469700;
202300041541.0;2;74;74010;2;6;3.0;2.0;45,90552000;6,13246000;
202300041542.0;1;50;50410;1;1;1.0;7.0;48,55349200; -1,49286600;
202300041543.0;1;90;90005;2;1;1.0;7.0;47,73650300;6,77224100;
202300041544.0;1;64;64260;2;6;3.0;3.0;43,35949000; -1,76327600;
202300041545.0;1;60;60667;2;2;1.0;6.0;49,30778100;2,72485600;
202300041546.0;1;63;63113;2;9;2.0;2.0;45,78802313;3,12384546;
202300041547.0;1;60;60463;2;1;1.0;6.0;49,27021380;2,48211253;
202300041548.0;1;60;60635;2;3;1.0;2.0;49,24071800;2,43928700;
202300041549.0;1;64;64191;2;1;8.0;3.0;43,17520900; -0,23608300;
202300041550.0;1;59;59286;2;4;7.0;1.0;50,61199000;3,00017000;
202300041551.0;1;64;64068;1;1;1.0;2.0;43,13157700; -0,28756500;
202300041552.0;1;54;54395;2;1;1.0;4.0;48,69396614;6,16779998;
202300041553.0;3;04;04094;1;1;8.0;1.0;43,77790300;5,81771100;
202300041554.0;5;54;54547;1;1;1.0;6.0;48,67186000;6,19410000;
202300041555.0;1;85;85234;1;2;1.0;3.0;46,78521600; -2,00296900;
202300041556.0;1;51;51474;1;1;2.0;6.0;49,28180000;4,00028000;
202300041557.0;2;85;85273;1;3;7.0;3.0;46,87256900; -2,03605000;
202300041558.0;1;13;13051;1;1;1.0;6.0;43,57249400;5,15634300;
202300041559.0;2;35;35210;1;1;1.0;6.0;48,15204700; -1,79916500;
202300041560.0;4;51;51108;2;2;3.0;3.0;48,95459000;4,35234000;
202300041561.0;1;53;53131;1;1;1.0;7.0;48,45231400; -0,80658900;
202300041562.0;1;77;77273;1;1;7.0;1.0;49,04494300;2,76080800;
202300041563.0;5;45;45302;2;1;3.0;1.0;47,95122000;1,86198000;
202300041564.0;2;77;77142;2;1;1.0;1.0;48,85919800;2,94390100;
202300041565.0;1;95;95199;2;1;1.0;1.0;49,02606500;2,34515200;
202300041566.0;5;45;45284;2;1;3.0;6.0;47,90405000;1,93869000;
202300041567.0;5;45;45147;2;1;1.0;3.0;47,93585000;1,92739000;
202300041568.0;1;2B;2B042;1;1;8.0;4.0;42,57787200;9,44020600;
202300041569.0;1;48;48004;1;1;1.0;6.0;44,46522800;3,87667200;
202300041570.0;5;44;44109;2;1;2.0;1.0;47,21960000; -1,54875000;
202300041571.0;1;34;34344;2;1;1.0;3.0;43,56325600;4,09042100;
202300041572.0;5;44;44109;2;1;3.0;6.0;47,23465051; -1,53526604;
202300041573.0;1;13;13022;1;1;1.0;1.0;43,22265200;5,57183300;
202300041574.0;1;71;71032;1;1;1.0;2.0;46,36285600;4,69375300;
202300041575.0;5;37;37261;2;1;1.0;3.0;47,37716000;0,71468000;
202300041576.0;1;21;21038;2;3;1.0;1.0;47,20060100;5,39749000;
202300041577.0;1;35;35238;1;9;2.0;2.0;48,08160000; -1,67662000;
202300041578.0;1;68;68063;2;1;1.0;3.0;47,79655200;7,17302600;
202300041579.0;5;29;29051;2;4;2.0;1.0;48,00189000; -4,04565000;
202300041580.0;2;67;67240;1;6;1.0;3.0;48,60557390;7,47973167;
202300041581.0;1;29;29019;2;8;2.0;6.0;48,38675199; -4,52814013;
202300041582.0;1;73;73020;1;1;8.0;1.0;45,71568600;6,09483700;
202300041583.0;5;27;27229;2;6;1.0;1.0;49,02320000;1,16907000;
202300041584.0;3;26;26235;1;1;1.0;6.0;44,35474000;4,69024000;
202300041585.0;1;24;24037;2;9;1.0;6.0;44,85906000;0,47685000;
202300041586.0;1;69;69095;1;2;2.0;3.0;45,66834056;4,45393515;
202300041587.0;1;22;22106;2;1;3.0;3.0;48,49447000; -2,72808000;
202300041588.0;1;31;31135;1;1;2.0;6.0;43,22314100;1,09565700;
202300041589.0;1;64;64230;1;1;1.0;6.0;43,19087900; -0,39125900;
202300041590.0;1;17;17415;2;1;2.0;3.0;45,74554800; -0,61819600;
202300041591.0;1;72;72154;1;3;1.0;3.0;47,66130500; -0,07354600;
202300041592.0;1;15;15014;2;1;1.0;1.0;44,90809000;2,42410000;
202300041593.0;1;35;35012;2;2;1.0;6.0;47,84310708; -1,68129578;
202300041594.0;1;14;14118;2;1;1.0;6.0;49,17233000; -0,39590000;
202300041595.0;1;60;60612;2;1;1.0;4.0;49,20902800;2,59156500;
202300041596.0;5;13;13205;2;1;1.0;2.0;43,29080000;5,40006000;
202300041597.0;1;13;13071;1;1;1.0;2.0;43,41340161;5,28071302;
202300041598.0;1;13;13208;2;1;2.0;6.0;43,27100640;5,39672726;
202300041599.0;1;83;83137;1;1;1.0;4.0;43,12635900;5,88733200;
202300041600.0;3;11;11069;2;1;2.0;1.0;43,23176000;2,37544000;
202300041601.0;1;94;94021;1;1;1.0;4.0;48,77137155;2,34509948;
202300041602.0;3;94;94038;1;1;1.0;6.0;48,79003666;2,34385393;
202300041603.0;1;06;06069;2;1;1.0;2.0;43,63762000;6,93306000;
202300041604.0;1;78;78466;1;1;7.0;2.0;48,93196600;1,97629000;
202300041605.0;5;75;75120;2;2;2.0;6.0;48,86492800;2,39724300;
202300041606.0;1;78;78043;1;1;1.0;4.0;48,83378500;2,08599500;
202300041607.0;1;93;93066;1;1;1.0;7.0;48,91899344;2,35729400;
202300041608.0;5;75;75119;2;1;1.0;4.0;48,89355400;2,38073400;
202300041609.0;1;93;93066;1;1;1.0;4.0;48,91936344;2,35754643;
202300041610.0;1;94;94022;1;1;1.0;2.0;48,77604023;2,42618623;
202300041611.0;1;75;75119;2;7;2.0;3.0;48,90075600;2,38912900;
202300041612.0;1;94;94042;1;1;1.0;2.0;48,82836797;2,47558356;
202300041613.0;5;75;75117;2;3;1.0;7.0;48,88798900;2,31671800;
202300041614.0;1;92;92026;2;1;1.0;6.0;48,89654588;2,23609829;
202300041615.0;1;69;69264;2;1;1.0;6.0;45,98721351;4,71088790;
202300041616.0;5;75;75116;2;1;1.0;2.0;48,83865400;2,25976200;
202300041617.0;5;75;75115;2;2;1.0;2.0;48,84933000;2,28162900;
202300041618.0;1;974;97416;1;1;1.0;2.0; -21,30801000;55,43201000;
202300041619.0;5;75;75115;2;2;1.0;3.0;48,84933099;2,28163719;
202300041620.0;1;974;97416;2;3;1.0;2.0; -21,31829000;55,47323000;
202300041621.0;1;974;97409;2;1;1.0;6.0; -20,95843000;55,65802000;
202300041622.0;2;75;75114;2;3;2.0;6.0;48,82784500;2,32899400;
202300041623.0;4;75;75110;2;2;1.0;3.0;48,86977000;2,35227800;
202300041624.0;1;972;97213;2;3;1.0;1.0;14,62256000; -61,01898000;
202300041625.0;3;75;75108;2;1;1.0;3.0;48,87703200;2,30284800;
202300041626.0;1;972;97213;1;1;1.0;5.0;14,61348100; -60,99476400;
202300041627.0;1;75;75107;2;2;1.0;3.0;48,86113200;2,31026900;
202300041628.0;4;972;97213;1;1;1.0;6.0;14,61903600; -60,98790400;
202300041629.0;1;972;97209;1;1;1.0;6.0;14,63280000; -61,04070000;
202300041630.0;5;75;75107;2;2;1.0;3.0;48,85646900;2,32112100;
202300041631.0;1;69;69202;2;3;1.0;3.0;45,73511000;4,80466000;
202300041632.0;1;75;75102;2;2;8.0;2.0;48,87025200;2,32998200;
202300041633.0;1;971;97101;1;9;1.0;4.0;16,26128592; -61,51459694;
202300041634.0;1;95;95598;2;1;2.0;2.0;48,97839000;2,29199000;
202300041635.0;5;94;94081;2;1;1.0;2.0;48,77910400;2,39600900;
202300041636.0;2;95;95210;2;9;1.0;1.0;48,96926000;2,29585000;
202300041637.0;5;94;94065;2;3;2.0;6.0;48,75614000;2,34622000;
202300041638.0;2;87;87085;2;1;1.0;7.0;45,82523000;1,25093000;
202300041639.0;1;93;93073;2;1;3.0;3.0;49,00205900;2,53696200;
202300041640.0;1;87;87085;2;2;1.0;7.0;45,82730000;1,26020000;
202300041641.0;1;85;85194;2;1;1.0;6.0;46,49478000; -1,78790000;
202300041642.0;5;92;92046;2;3;1.0;7.0;48,82233386;2,30357105;
202300041643.0;3;92;92050;2;1;1.0;1.0;48,88616000;2,21291000;
202300041644.0;1;77;77373;2;1;8.0;3.0;48,79116274;2,60399210;
202300041645.0;5;76;76486;2;1;1.0;6.0;49,30195900;0,99234300;
202300041646.0;1;92;92044;2;1;5.0;3.0;48,89503521;2,29104102;
202300041647.0;1;76;76351;2;3;1.0;3.0;49,51462000;0,15365700;
202300041648.0;1;13;13214;2;1;1.0;6.0;43,32969000;5,40221000;
202300041649.0;1;72;72181;1;1;1.0;7.0;47,94749000;0,20684000;
202300041650.0;1;92;92012;2;1;8.0;3.0;48,82387787;2,24290234;
202300041651.0;1;13;13210;2;1;1.0;3.0;43,26832165;5,41392157;
202300041652.0;1;69;69266;2;2;1.0;1.0;45,76614000;4,89781000;
202300041653.0;1;13;13005;2;1;1.0;3.0;43,28500236;5,59162974;
202300041654.0;1;66;66136;2;1;1.0;6.0;42,70162000;2,89451000;
202300041655.0;1;51;51601;1;1;2.0;7.0;48,79962500;4,69798000;
202300041656.0;1;13;13001;2;2;1.0;6.0;43,52474000;5,45499000;
202300041657.0;5;58;58194;2;3;1.0;2.0;46,99927000;3,15052000;
202300041658.0;1;51;51410;2;1;8.0;6.0;49,07657900;3,79431700;
202300041659.0;1;11;11069;2;1;1.0;3.0;43,19742000;2,32363000;
202300041660.0;1;56;56098;1;1;1.0;7.0;47,76917000; -3,31281000;
202300041661.0;5;07;07019;2;1;2.0;6.0;44,62017000;4,39442400;
202300041662.0;2;56;56107;2;1;1.0;6.0;47,72419000; -3,38269000;
202300041663.0;1;35;35085;1;3;1.0;5.0;48,42091000; -1,75602100;
202300041664.0;1;05;05061;2;1;7.0;6.0;44,57051000;6,10511000;
202300041665.0;1;54;54395;2;1;1.0;6.0;48,68297000;6,19738000;
202300041666.0;3;976;97611;1;9;1.0;4.0; -12,79251000;45,18745000;
202300041667.0;5;83;83070;2;1;1.0;6.0;43,13792880;6,37749383;
202300041668.0;3;50;50537;1;9;1.0;6.0;49,04633000; -1,42103000;
202300041669.0;1;974;97416;1;1;1.0;2.0; -21,31576000;55,49195000;
202300041670.0;3;11;11381;1;1;1.0;7.0;42,90460800;2,41143500;
202300041671.0;2;50;50129;1;1;2.0;6.0;49,59936000; -1,59531000;
202300041672.0;1;974;97411;1;1;1.0;2.0; -20,89280000;55,50176000;
202300041673.0;2;76;76618;2;6;1.0;7.0;49,93982800;1,18403400;
202300041674.0;5;49;49007;2;3;1.0;1.0;47,46749000; -0,53573000;
202300041675.0;2;973;97302;2;6;2.0;3.0;4,92715000; -52,28971000;
202300041676.0;1;42;42029;1;1;2.0;6.0;45,84697800;4,27840200;
202300041677.0;1;43;43251;1;9;3.0;7.0;45,00840000;3,85724000;
202300041678.0;3;41;41212;1;6;1.0;7.0;47,56135000;1,37363000;
202300041679.0;1;69;69388;2;2;1.0;3.0;45,72745047;4,86205237;
202300041680.0;5;42;42149;2;2;2.0;3.0;45,64339200;4,22753700;
202300041681.0;1;38;38053;2;1;2.0;3.0;45,58500000;5,27000000;
202300041682.0;1;69;69387;2;2;2.0;3.0;45,75055000;4,84628000;
202300041683.0;1;42;42021;1;1;6.0;6.0;45,51465500;4,09032600;
202300041684.0;1;37;37159;1;1;8.0;6.0;47,27792610;0,62481648;
202300041685.0;1;69;69387;2;1;2.0;7.0;45,75139000;4,85350000;
202300041686.0;1;972;97213;1;1;1.0;3.0;14,62242000; -61,02337000;
202300041687.0;3;25;25288;2;1;2.0;6.0;47,09462300;6,54419200;
202300041688.0;1;35;35238;2;2;1.0;3.0;48,12470000; -1,70309000;
202300041689.0;1;972;97213;1;1;1.0;1.0;14,65031000; -60,98901000;
202300041690.0;1;35;35143;1;1;3.0;6.0;48,23090100; -2,01934900;
202300041691.0;3;35;35278;1;1;1.0;6.0;48,16608300; -1,71069700;
202300041692.0;5;972;97209;2;1;1.0;6.0;14,61201900; -61,07079400;
202300041693.0;1;29;29279;1;1;1.0;6.0;48,60781491; -3,88865201;
202300041694.0;1;34;34172;2;1;1.0;2.0;43,60816000;3,91311000;
202300041695.0;1;972;97209;2;1;1.0;3.0;14,60384000; -61,06570000;
202300041696.0;1;69;69385;2;1;1.0;6.0;45,75436000;4,81793000;
202300041697.0;1;29;29276;1;1;2.0;1.0;48,64408200; -4,08212200;
202300041698.0;1;29;29039;2;3;1.0;3.0;47,86402000; -3,89962000;
202300041699.0;1;29;29039;1;1;1.0;7.0;47,88247000; -3,87868000;
202300041700.0;1;69;69034;2;3;1.0;3.0;45,79165114;4,84084886;
202300041701.0;1;31;31066;2;2;3.0;3.0;43,80656506;1,57344013;
202300041702.0;5;95;95210;2;2;1.0;6.0;48,96699000;2,30463000;
202300041703.0;1;28;28134;2;7;1.0;4.0;48,73162000;1,36980000;
202300041704.0;1;26;26318;1;1;1.0;5.0;44,42156700;5,32558000;
202300041705.0;1;83;83025;1;1;1.0;6.0;43,52574625;5,95346651;
202300041706.0;2;91;91692;1;1;8.0;2.0;48,67458000;2,17935000;
202300041707.0;3;25;25539;2;3;1.0;6.0;47,46162000;6,85995000;
202300041708.0;3;64;64372;1;1;2.0;6.0;43,36982500; -0,07505600;
202300041709.0;1;91;91514;1;1;1.0;3.0;48,66000000;2,52000000;
202300041710.0;1;19;19031;2;2;1.0;3.0;45,15775671;1,51107073;
202300041711.0;5;91;91589;2;1;1.0;7.0;48,68580200;2,34656600;
202300041712.0;5;13;13103;1;1;1.0;1.0;43,63064986;5,06362438;
202300041713.0;5;40;40312;1;1;2.0;1.0;43,53374000; -1,49655000;
202300041714.0;1;87;87085;2;3;2.0;2.0;45,84318000;1,27251000;
202300041715.0;1;24;24074;1;1;2.0;3.0;44,85048200;1,32301600;
202300041716.0;1;87;87085;2;3;1.0;3.0;45,87082000;1,26803000;
202300041717.0;1;13;13026;1;1;1.0;1.0;43,39290000;5,18451000;
202300041718.0;5;84;84007;2;1;1.0;1.0;43,93033000;4,82491000;
202300041719.0;1;17;17218;2;3;6.0;3.0;46,30212500; -0,98357700;
202300041720.0;1;13;13039;1;1;1.0;6.0;43,46217000;4,92189000;
202300041721.0;1;83;83144;2;9;1.0;6.0;43,13622800;5,98741300;
202300041722.0;1;13;13075;2;1;1.0;6.0;43,34546000;5,46455000;
202300041723.0;1;76;76351;1;1;1.0;7.0;49,52122000;0,17158000;
202300041724.0;1;30;30269;1;1;8.0;1.0;44,13432800;3,84422800;
202300041725.0;5;11;11069;2;1;1.0;6.0;43,21075600;2,35526400;
202300041726.0;3;30;30227;1;1;2.0;6.0;44,23527285;4,20425248;
202300041727.0;1;72;72181;2;9;2.0;3.0;48,00003307;0,18520474;
202300041728.0;1;11;11069;2;1;2.0;5.0;43,23521000;2,36920000;
202300041729.0;1;10;10333;2;1;1.0;7.0;48,28099388;4,06947970;
202300041730.0;1;71;71486;2;2;1.0;3.0;46,64926000;4,32061000;
202300041731.0;1;75;75120;2;1;1.0;2.0;48,84742800;2,41456000;
202300041732.0;1;52;52480;1;1;2.0;2.0;48,26234500;5,12421000;
202300041733.0;1;71;71309;2;1;1.0;7.0;46,79017000;4,40698000;
202300041734.0;1;66;66136;1;1;1.0;2.0;42,72805100;2,90721000;
202300041735.0;1;10;10045;1;1;1.0;2.0;48,17089500;4,46852200;
202300041736.0;5;64;64024;2;1;2.0;7.0;43,48132000; -1,51090000;
202300041737.0;2;75;75105;2;2;2.0;3.0;48,83768500;2,34551100;
202300041738.0;5;64;64024;2;3;1.0;3.0;43,48400000; -1,51146000;
202300041739.0;2;35;35208;1;1;2.0;1.0;47,96302400; -1,68791900;
202300041740.0;1;64;64102;2;2;1.0;1.0;43,50448135; -1,46732524;
202300041741.0;2;75;75105;2;3;2.0;6.0;48,84165700;2,35194500;
202300041742.0;1;64;64102;2;1;1.0;6.0;43,48312000; -1,48439000;
202300041743.0;3;72;72223;1;1;9.0;3.0;47,87132353; -0,11776686;
202300041744.0;1;62;62413;2;1;1.0;6.0;50,45217000;2,90499000;
202300041745.0;5;75;75120;2;7;1.0;3.0;48,86831900;2,40141200;
202300041746.0;1;51;51588;1;1;1.0;7.0;49,06956400;4,76647900;
202300041747.0;5;60;60057;2;9;2.0;2.0;49,41018800;2,11329300;
202300041748.0;3;21;21331;1;1;1.0;6.0;47,12431500;5,39553200;
202300041749.0;1;56;56098;2;1;1.0;6.0;47,75912000; -3,34650000;
202300041750.0;1;75;75120;2;4;2.0;6.0;48,84930100;2,41461200;
202300041751.0;1;56;56121;2;1;1.0;6.0;47,74359000; -3,39053000;
202300041752.0;1;75;75120;2;1;1.0;2.0;48,87386000;2,38726600;
202300041753.0;1;56;56121;2;6;8.0;3.0;47,75005000; -3,36644000;
202300041754.0;1;34;34163;1;3;6.0;3.0;43,63126900;3,70311100;
202300041755.0;1;54;54036;1;1;1.0;1.0;49,29711600;5,96174800;
202300041756.0;1;987;98750;1;1;3.0;1.0; -16,82100000; -151,40400000;
202300041757.0;1;75;75117;2;3;1.0;3.0;48,89980600;2,31915900;
202300041758.0;1;51;51454;2;2;2.0;3.0;49,26835000;4,03529000;
202300041759.0;1;75;75115;2;2;2.0;3.0;48,84942800;2,30375700;
202300041760.0;1;973;97311;2;2;1.0;3.0;5,50163100; -54,02768300;
202300041761.0;1;75;75115;2;1;1.0;6.0;48,84269200;2,27688000;
202300041762.0;1;51;51454;2;2;2.0;3.0;49,23614000;4,02647000;
202300041763.0;1;77;77485;2;1;1.0;1.0;48,36458600;2,51776800;
202300041764.0;1;75;75112;2;1;1.0;5.0;48,84010000;2,37494000;
202300041765.0;1;51;51055;2;6;2.0;3.0;49,27845399;4,05761093;
202300041766.0;1;77;77176;2;2;1.0;3.0;48,80023200;2,99994900;
202300041767.0;5;75;75110;2;2;1.0;6.0;48,87483900;2,35738100;
202300041768.0;1;51;51454;2;1;1.0;6.0;49,28391000;4,01032000;
202300041769.0;1;75;75109;2;4;8.0;6.0;48,87400800;2,34476700;
202300041770.0;3;45;45338;2;1;2.0;3.0;47,98884000;2,69487000;
202300041771.0;1;66;66011;2;1;1.0;3.0;42,60657200;2,88445300;
202300041772.0;1;75;75108;2;2;2.0;6.0;48,87323000;2,30019400;
202300041773.0;1;38;38229;1;1;1.0;2.0;45,20098000;5,75933000;
202300041774.0;1;34;34344;2;2;1.0;6.0;43,56818000;4,07467200;
202300041775.0;1;75;75108;2;4;1.0;3.0;48,86639400;2,32348500;
202300041776.0;1;37;37261;2;1;1.0;6.0;47,37683000;0,71361000;
202300041777.0;5;75;75108;2;4;1.0;6.0;48,87825500;2,29896000;
202300041778.0;1;89;89013;1;1;1.0;6.0;47,86505800;3,50261100;
202300041779.0;5;36;36044;2;3;1.0;3.0;46,81619000;1,70088000;
202300041780.0;1;38;38009;2;1;1.0;6.0;45,34604500;4,88118600;
202300041781.0;1;94;94015;2;6;1.0;2.0;48,83176023;2,53297600;
202300041782.0;2;35;35281;2;6;2.0;7.0;48,07838000; -1,71271000;
202300041783.0;1;93;93078;2;1;1.0;4.0;48,95801000;2,54632000;
202300041784.0;1;44;44201;2;1;1.0;6.0;47,34279800; -1,52970700;
202300041785.0;1;93;93046;2;2;1.0;3.0;48,91649000;2,53164000;
202300041786.0;1;30;30007;2;1;1.0;4.0;44,10970000;4,11210000;
202300041787.0;5;93;93032;2;1;1.0;6.0;48,87432000;2,55968000;
202300041788.0;5;38;38276;2;1;3.0;5.0;45,56350200;5,30366100;
202300041789.0;5;92;92051;1;1;1.0;2.0;48,88164403;2,27054894;
202300041790.0;1;29;29039;2;3;2.0;3.0;47,87715800; -3,91463200;
202300041791.0;5;13;13212;1;1;1.0;2.0;43,30241000;5,42566000;
202300041792.0;1;92;92044;2;9;2.0;6.0;48,89755156;2,29505360;
202300041793.0;1;92;92002;2;1;1.0;6.0;48,75599000;2,30124000;
202300041794.0;5;24;24322;2;3;1.0;2.0;45,18545000;0,70201000;
202300041795.0;1;60;60040;1;2;1.0;3.0;49,41495400;2,60030200;
202300041796.0;1;83;83047;1;1;1.0;4.0;43,13554726;6,04481649;
202300041797.0;2;22;22113;2;1;1.0;7.0;48,74279398; -3,44840884;
202300041798.0;1;57;57307;1;1;1.0;2.0;49,17742700;6,38281500;
202300041799.0;1;87;87002;1;1;1.0;6.0;45,97666600;1,43304500;
202300041800.0;5;14;14366;2;1;1.0;2.0;49,13509000;0,22380000;
202300041801.0;3;69;69152;1;1;1.0;2.0;45,70204000;4,83517000;
202300041802.0;2;62;62295;1;1;1.0;1.0;50,61424120;2,29120640;
202300041803.0;2;37;37214;1;3;1.0;2.0;47,44582820;0,67557111;
202300041804.0;1;14;14366;2;7;1.0;6.0;49,14425600;0,22672300;
202300041805.0;1;01;01249;1;1;2.0;3.0;45,86002200;4,91106100;
202300041806.0;1;28;28160;1;2;7.0;3.0;48,40763200;1,64059200;
202300041807.0;1;30;30066;1;1;1.0;7.0;43,92539300;4,10477800;
202300041808.0;1;13;13208;2;1;1.0;7.0;43,24986000;5,37515000;
202300041809.0;1;33;33550;1;1;2.0;6.0;44,77815000; -0,56482000;
202300041810.0;1;01;01033;1;1;8.0;5.0;46,13180600;5,80753000;
202300041811.0;1;30;30268;1;1;1.0;1.0;44,23578400;4,13248500;
202300041812.0;1;13;13213;2;1;1.0;3.0;43,32033000;5,46107000;
202300041813.0;3;91;91235;1;9;8.0;6.0;48,62547000;2,35321000;
202300041814.0;3;33;33528;1;1;1.0;7.0;44,87624800; -1,03095500;
202300041815.0;1;26;26160;1;3;1.0;2.0;45,21902000;4,81187800;
202300041816.0;1;13;13206;2;1;1.0;3.0;43,28510000;5,38388000;
202300041817.0;5;2A;2A247;2;1;1.0;7.0;41,60121100;9,26997700;
202300041818.0;1;44;44033;1;1;1.0;7.0;47,38004500; -1,96200400;
202300041819.0;5;11;11069;2;1;1.0;6.0;43,20900000;2,38040000;
202300041820.0;2;91;91553;1;1;1.0;4.0;48,62740000;2,47767000;
202300041821.0;1;15;15055;1;1;8.0;2.0;45,09521800;3,12578200;
202300041822.0;2;75;75120;2;1;1.0;7.0;48,86594000;2,41262000;
202300041823.0;1;04;04152;1;1;1.0;3.0;43,80648500;5,71951000;
202300041824.0;5;75;75120;2;1;1.0;7.0;48,86594046;2,41262019;
202300041825.0;1;47;47233;1;2;1.0;3.0;44,53872000;0,10452600;
202300041826.0;2;91;91086;1;1;1.0;4.0;48,62372000;2,37780000;
202300041827.0;5;26;26124;1;1;1.0;6.0;44,84205600;4,86368200;
202300041828.0;1;75;75119;2;4;1.0;6.0;48,88474500;2,39225200;
202300041829.0;3;61;61464;1;1;1.0;6.0;48,59107300;0,18581200;
202300041830.0;1;71;71105;1;1;1.0;6.0;46,29713000;4,76711000;
202300041831.0;1;75;75119;2;2;1.0;6.0;48,88956900;2,39565200;
202300041832.0;1;91;91521;1;1;8.0;3.0;48,63418000;2,40104000;
202300041833.0;1;27;27130;1;1;1.0;6.0;49,05262100;0,45818100;
202300041834.0;1;56;56094;1;6;1.0;3.0;47,76007000; -3,28620000;
202300041835.0;1;67;67313;2;3;1.0;3.0;48,53927700;7,44593000;
202300041836.0;5;75;75119;2;3;1.0;3.0;48,88876200;2,39315000;
202300041837.0;1;91;91235;1;1;8.0;2.0;48,62510000;2,36174000;
202300041838.0;5;75;75119;2;7;2.0;6.0;48,90070100;2,38709800;
202300041839.0;1;38;38026;1;1;1.0;6.0;45,83421200;5,33060100;
202300041840.0;1;76;76367;1;2;1.0;1.0;49,51885700;1,10869100;
202300041841.0;3;91;91687;1;1;1.0;7.0;48,66341000;2,36691000;
202300041842.0;2;75;75112;2;1;1.0;1.0;48,82968600;2,42027700;
202300041843.0;1;69;69061;1;3;7.0;3.0;45,98361690;4,62402446;
202300041844.0;1;79;79014;1;2;1.0;3.0;47,02302600; -0,27826000;
202300041845.0;1;92;92047;1;1;1.0;1.0;48,83632636;2,18475813;
202300041846.0;3;65;65075;1;1;1.0;6.0;42,85599600;0,34280200;
202300041847.0;5;75;75111;2;4;1.0;3.0;48,85293700;2,38851100;
202300041848.0;3;33;33284;2;1;1.0;6.0;44,68482659; -0,84732056;
202300041849.0;1;33;33394;1;4;1.0;1.0;44,90986500; -0,18411200;
202300041850.0;1;75;75109;2;3;8.0;1.0;48,87814700;2,33010300;
202300041851.0;1;61;61462;1;1;1.0;3.0;48,72765500; -0,04137400;
202300041852.0;1;72;72378;1;2;7.0;3.0;47,80782600; -0,27706700;
202300041853.0;1;12;12044;1;1;1.0;1.0;43,83608672;2,85311973;
202300041854.0;1;75;75104;2;2;1.0;3.0;48,85182400;2,35656000;
202300041855.0;1;86;86085;1;1;1.0;1.0;46,83795100;0,16153900;
202300041856.0;1;76;76758;2;2;1.0;3.0;49,61901000;0,75588900;
202300041857.0;5;94;94044;2;1;2.0;1.0;48,75311000;2,47521000;
202300041858.0;1;35;35117;1;1;1.0;2.0;48,15025700; -2,21511900;
202300041859.0;1;13;13088;1;1;1.0;7.0;43,39094053;5,24975450;
202300041860.0;1;31;31207;1;1;2.0;2.0;42,99268500;0,63029200;
202300041861.0;2;94;94038;2;2;1.0;3.0;48,77392000;2,35184000;
202300041862.0;1;38;38207;1;1;1.0;6.0;44,97215300;5,88065700;
202300041863.0;2;02;02264;1;1;5.0;1.0;49,63583500;4,03286200;
202300041864.0;3;13;13215;1;1;1.0;6.0;43,34272000;5,37628000;
202300041865.0;1;94;94028;2;2;8.0;3.0;48,79052000;2,45337000;
202300041866.0;3;72;72310;1;1;1.0;2.0;48,03477600;0,20285500;
202300041867.0;3;13;13202;1;1;1.0;1.0;43,31897914;5,36347091;
202300041868.0;1;90;90045;1;1;1.0;7.0;47,50849800;6,96891500;
202300041869.0;1;93;93073;2;2;1.0;3.0;48,94049100;2,57583400;
202300041870.0;1;90;90042;2;9;1.0;6.0;47,68223400;6,79733500;
202300041871.0;1;33;33063;1;1;1.0;4.0;44,87994783; -0,53757906;
202300041872.0;1;93;93070;2;7;1.0;7.0;48,90715000;2,32636000;
202300041873.0;1;90;90002;1;1;8.0;6.0;47,69116100;7,00974900;
202300041874.0;1;33;33080;1;1;1.0;6.0;44,72574933; -0,52654982;
202300041875.0;5;93;93029;2;9;1.0;6.0;48,92048633;2,42107923;
202300041876.0;1;40;40250;1;1;1.0;1.0;43,93493000; -0,42031500;
202300041877.0;4;33;33039;1;1;1.0;3.0;44,80600000; -0,53200000;
202300041878.0;1;24;24208;1;1;1.0;7.0;45,04090100;0,65098300;
202300041879.0;5;93;93005;2;1;1.0;3.0;48,95022000;2,49192000;