Num_Acc;lum;departement;commune;agglomeration;intersection;meteo;type_collision;lat;long;date
202300041880.0;1;91;91340;1;1;1.0;2.0;48,61053000;2,43324000;
202300041881.0;1;92;92044;2;1;8.0;7.0;48,89793000;2,29183000;
202300041882.0;1;92;92036;1;1;1.0;2.0;48,93484397;2,26726483;
202300041883.0;1;04;04036;1;1;1.0;3.0;44,14596600;6,29601900;
202300041884.0;1;92;92044;2;3;1.0;6.0;48,89065454;2,27918968;
202300041885.0;1;92;92036;1;1;1.0;5.0;48,93498875;2,31987855;
202300041886.0;1;85;85059;2;6;1.0;3.0;46,64228200; -0,75024600;
202300041887.0;1;92;92026;2;1;1.0;3.0;48,90032352;2,24502468;
202300041888.0;1;976;97611;2;1;1.0;7.0; -12,78524000;45,22644000;
202300041889.0;1;92;92060;2;3;1.0;3.0;48,77640200;2,25674700;
202300041890.0;1;28;28227;2;6;1.0;3.0;48,59515500;1,58888200;
202300041891.0;1;974;97416;2;3;1.0;3.0; -21,34000000;55,48000000;
202300041892.0;5;92;92012;2;1;1.0;6.0;48,82602422;2,24569559;
202300041893.0;1;974;97416;2;2;1.0;3.0; -21,34200000;55,47361000;
202300041894.0;1;48;48018;1;1;1.0;3.0;44,49392600;3,41411400;
202300041895.0;1;92;92004;2;1;1.0;7.0;48,91089077;2,28939146;
202300041896.0;1;974;97416;1;1;1.0;3.0; -21,33868306;55,49170732;
202300041897.0;2;60;60562;2;4;1.0;6.0;49,35589200;2,54100100;
202300041898.0;3;974;97416;1;9;1.0;4.0; -21,31870000;55,48986000;
202300041899.0;1;71;71220;1;1;1.0;6.0;46,53880500;3,76606800;
202300041900.0;1;69;69388;2;9;1.0;1.0;45,72723261;4,86626992;
202300041901.0;3;972;97227;1;1;1.0;1.0;14,46922000; -60,92070800;
202300041902.0;1;69;69383;2;9;1.0;6.0;45,75700000;4,86220000;
202300041903.0;1;12;12022;1;1;4.0;6.0;44,02675900;3,07717500;
202300041904.0;1;47;47156;1;1;1.0;6.0;44,48455600;0,09115500;
202300041905.0;5;972;97209;1;1;2.0;6.0;14,60925000; -61,06662000;
202300041906.0;2;76;76587;1;2;8.0;3.0;49,77583200;0,46222000;
202300041907.0;1;69;69081;2;2;1.0;3.0;45,78173000;4,77562000;
202300041908.0;2;76;76035;2;3;8.0;3.0;49,77599000;1,75451600;
202300041909.0;5;69;69382;2;2;1.0;1.0;45,76466000;4,83815000;
202300041910.0;1;2B;2B043;2;1;1.0;3.0;42,77563300;9,47625500;
202300041911.0;1;69;69149;2;2;1.0;3.0;45,71418491;4,81917430;
202300041912.0;1;2B;2B152;1;1;1.0;3.0;42,89423800;9,47329900;
202300041913.0;1;971;97113;1;4;1.0;1.0;16,21698224; -61,48243189;
202300041914.0;2;11;11351;1;4;1.0;2.0;43,09219300;2,71014700;
202300041915.0;1;63;63178;2;1;8.0;7.0;45,54221700;3,26112100;
202300041916.0;1;91;91097;1;1;2.0;2.0;48,68636000;2,52835000;
202300041917.0;1;55;55282;1;1;8.0;7.0;48,81141400;5,36261600;
202300041918.0;1;91;91174;2;1;1.0;6.0;48,61154000;2,46991000;
202300041919.0;1;49;49331;2;1;2.0;7.0;47,68613500; -0,87788700;
202300041920.0;1;90;90010;2;3;1.0;6.0;47,63835400;6,83815300;
202300041921.0;2;42;42260;1;4;1.0;2.0;45,82689300;3,92945200;
202300041922.0;1;41;41080;2;2;2.0;6.0;47,34093400;1,18702100;
202300041923.0;1;88;88413;2;1;2.0;4.0;48,28448000;6,95625000;
202300041924.0;1;44;44151;1;2;2.0;3.0;47,32512500; -2,33206000;
202300041925.0;1;87;87085;2;3;1.0;6.0;45,84572000;1,26051000;
202300041926.0;1;35;35306;1;6;1.0;6.0;48,56516000; -1,92569700;
202300041927.0;1;86;86194;2;1;1.0;7.0;46,61505600;0,34388600;
202300041928.0;1;14;14119;2;1;8.0;7.0;49,14572700; -0,25234200;
202300041929.0;1;50;50639;2;7;1.0;7.0;48,84035200; -1,21827000;
202300041930.0;1;84;84031;2;1;1.0;6.0;44,05594000;5,05429000;
202300041931.0;4;84;84031;2;6;2.0;6.0;44,03216000;5,05175000;
202300041932.0;1;36;36141;1;6;2.0;3.0;46,59825798;1,77400448;
202300041933.0;1;84;84007;2;4;1.0;6.0;43,93766000;4,80335000;
202300041934.0;3;36;36118;1;1;3.0;7.0;46,72652284;1,37738067;
202300041935.0;1;85;85297;1;1;1.0;6.0;46,41436000; -1,17655500;
202300041936.0;1;83;83126;2;2;1.0;3.0;43,10324200;5,87444100;
202300041937.0;1;83;83061;1;1;1.0;6.0;43,43732978;6,71956336;
202300041938.0;1;30;30006;1;6;1.0;3.0;43,67151100;4,21209000;
202300041939.0;2;08;08391;1;1;1.0;1.0;49,73418241;4,91895202;
202300041940.0;1;83;83118;1;3;1.0;3.0;43,43139000;6,80385000;
202300041941.0;1;68;68375;2;9;1.0;1.0;47,80885300;7,23058600;
202300041942.0;1;81;81065;2;4;1.0;1.0;43,60214000;2,25916000;
202300041943.0;2;06;06083;1;1;1.0;2.0;43,79711600;7,48181300;
202300041944.0;1;81;81257;2;9;1.0;3.0;43,94202860;2,19074350;
202300041945.0;1;24;24068;1;1;1.0;1.0;44,84187300;0,93006100;
202300041946.0;5;80;80021;2;1;1.0;3.0;49,90204000;2,29922000;
202300041947.0;3;80;80379;1;1;2.0;6.0;49,86540000;2,37380000;
202300041948.0;1;973;97311;1;1;1.0;6.0;5,45972400; -54,04144800;
202300041949.0;5;971;97106;2;1;8.0;7.0;16,15962300; -61,77478700;
202300041950.0;5;78;78126;2;3;1.0;3.0;48,85641400;2,14496600;
202300041951.0;1;2B;2B313;2;1;1.0;1.0;42,36797800;9,52956700;
202300041952.0;3;2B;2B303;1;1;1.0;7.0;42,25755500;9,54677600;
202300041953.0;1;66;66094;2;1;1.0;6.0;42,61046430;2,99578100;
202300041954.0;1;78;78440;2;1;1.0;3.0;48,97945000;1,91282000;
202300041955.0;1;66;66037;2;1;1.0;6.0;42,68154700;3,03138400;
202300041956.0;1;84;84028;1;1;1.0;1.0;44,24470700;4,91159700;
202300041957.0;1;74;74281;2;1;1.0;2.0;46,35523000;6,44717000;
202300041958.0;1;83;83053;1;1;1.0;1.0;43,17013100;5,89804900;
202300041959.0;5;73;73213;1;1;1.0;6.0;45,56331400;5,96905800;
202300041960.0;5;69;69266;2;1;1.0;3.0;45,78598000;4,86025000;
202300041961.0;1;42;42094;2;2;2.0;3.0;45,74507200;4,22272800;
202300041962.0;1;69;69264;2;1;1.0;6.0;45,99598543;4,72072352;
202300041963.0;1;31;31395;1;6;7.0;3.0;43,46024200;1,29558600;
202300041964.0;2;69;69199;2;3;1.0;2.0;45,68867000;4,86142000;
202300041965.0;1;33;33227;2;1;1.0;3.0;44,54735900; -0,25003400;
202300041966.0;2;67;67482;2;1;7.0;3.0;48,59944000;7,77006000;
202300041967.0;3;50;50099;1;1;1.0;6.0;49,32406600; -1,26677500;
202300041968.0;1;35;35205;2;1;2.0;6.0;48,41393100; -1,62558200;
202300041969.0;1;64;64483;2;1;1.0;6.0;43,39529000; -1,64788000;
202300041970.0;1;13;13028;1;1;1.0;1.0;43,20508000;5,59063000;
202300041971.0;1;64;64335;2;3;1.0;5.0;43,33519000; -0,45695000;
202300041972.0;1;13;13022;1;1;1.0;2.0;43,21173300;5,58249900;
202300041973.0;5;64;64102;2;9;1.0;3.0;43,48811000; -1,46032000;
202300041974.0;1;83;83069;1;1;1.0;2.0;43,11751699;6,10725260;
202300041975.0;1;63;63124;2;2;1.0;3.0;45,73526000;3,20577000;
202300041976.0;2;33;33013;1;1;1.0;2.0;44,85551000; -0,50511000;
202300041977.0;5;63;63113;2;2;1.0;3.0;45,78747000;3,10586000;
202300041978.0;1;63;63113;2;2;1.0;6.0;45,77366000;3,09762000;
202300041979.0;1;91;91161;1;1;1.0;3.0;48,71031000;2,30741000;
202300041980.0;1;60;60057;2;1;1.0;6.0;49,43335778;2,10375738;
202300041981.0;1;78;78545;1;1;1.0;2.0;48,80893600;2,05441600;
202300041982.0;1;59;59646;2;1;1.0;6.0;50,68102000;3,13193000;
202300041983.0;1;95;95018;1;1;2.0;6.0;48,95858710;2,27405291;
202300041984.0;1;59;59350;2;2;2.0;3.0;50,62226000;3,09653000;
202300041985.0;4;95;95018;1;1;2.0;4.0;48,95858710;2,27405291;
202300041986.0;1;75;75120;2;1;1.0;2.0;48,85813300;2,41411000;
202300041987.0;1;22;22278;2;1;1.0;3.0;48,52500000; -2,80500000;
202300041988.0;1;75;75116;2;2;8.0;2.0;48,85639100;2,27477200;
202300041989.0;1;59;59227;1;1;7.0;1.0;50,35197375;3,29642297;
202300041990.0;5;75;75110;2;1;2.0;3.0;48,88385400;2,35332100;
202300041991.0;5;13;13071;2;1;1.0;4.0;43,41434000;5,36062000;
202300041992.0;1;75;75110;2;1;1.0;3.0;48,88390400;2,35331600;
202300041993.0;1;58;58194;2;6;1.0;2.0;46,99249000;3,14831000;
202300041994.0;1;13;13071;2;1;1.0;6.0;43,40832000;5,31667000;
202300041995.0;5;75;75108;2;1;2.0;6.0;48,86464183;2,31196225;
202300041996.0;5;13;13215;2;9;1.0;6.0;43,37127327;5,35557288;
202300041997.0;1;94;94055;2;3;1.0;3.0;48,78948244;2,54892504;
202300041998.0;1;13;13207;2;1;1.0;3.0;43,27714000;5,35716000;
202300041999.0;1;58;58194;2;1;1.0;4.0;46,98472000;3,15799000;
202300042000.0;1;93;93070;2;1;2.0;3.0;48,90958018;2,33306453;
202300042001.0;1;57;57757;2;1;1.0;6.0;49,35920000;6,21545000;
202300042002.0;5;10;10387;2;2;1.0;3.0;48,30481000;4,08380000;
202300042003.0;1;93;93066;2;9;1.0;3.0;48,94526600;2,35173500;
202300042004.0;1;51;51454;2;3;1.0;2.0;49,26674000;4,02159000;
202300042005.0;1;10;10387;2;3;1.0;3.0;48,29436000;4,09063000;
202300042006.0;1;93;93066;2;1;1.0;3.0;48,94686169;2,37115324;
202300042007.0;1;47;47323;2;1;1.0;6.0;44,40682800;0,71501600;
202300042008.0;5;10;10362;2;3;1.0;3.0;48,30000000;4,04000000;
202300042009.0;1;93;93050;2;2;1.0;3.0;48,85707800;2,53138800;
202300042010.0;5;93;93029;2;2;1.0;3.0;48,91984000;2,45139000;
202300042011.0;1;47;47201;2;4;1.0;2.0;44,19396000;0,59873000;
202300042012.0;1;10;10081;1;2;1.0;3.0;48,30550000;4,02558000;
202300042013.0;1;45;45004;1;1;1.0;3.0;47,98500000;2,76089900;
202300042014.0;1;05;05061;2;1;1.0;6.0;44,55226000;6,07154000;
202300042015.0;5;92;92073;2;9;2.0;3.0;48,86532679;2,20377946;
202300042016.0;1;44;44109;2;1;1.0;2.0;47,22467000; -1,58426000;
202300042017.0;5;92;92076;2;1;2.0;7.0;48,84477000;2,17305000;
202300042018.0;1;92;92050;2;1;8.0;6.0;48,90066000;2,21756000;
202300042019.0;1;43;43157;2;1;1.0;3.0;45,04270000;3,88920000;
202300042020.0;1;75;75118;2;1;1.0;3.0;48,90064600;2,33172200;
202300042021.0;5;92;92012;2;1;1.0;6.0;48,83224881;2,23869100;
202300042022.0;3;92;92004;1;1;1.0;6.0;48,93121210;2,27805108;
202300042023.0;1;75;75119;2;1;2.0;6.0;48,88036200;2,40629600;
202300042024.0;2;11;11111;1;1;5.0;6.0;43,20833500;2,80884700;
202300042025.0;1;42;42218;2;2;1.0;5.0;45,42408000;4,37520000;
202300042026.0;1;14;14101;1;9;1.0;3.0;49,17670000; -0,42842000;
202300042027.0;3;41;41252;1;1;1.0;6.0;47,69000000;1,42900000;
202300042028.0;1;41;41018;2;1;1.0;3.0;47,57637000;1,30269000;
202300042029.0;1;01;01189;1;1;1.0;6.0;46,03106900;5,77905000;
202300042030.0;1;75;75119;2;5;1.0;6.0;48,89385200;2,37341400;
202300042031.0;1;13;13117;2;2;1.0;3.0;43,42321000;5,24123000;
202300042032.0;1;50;50159;1;1;1.0;6.0;49,03719000; -1,23100200;
202300042033.0;1;51;51399;2;2;1.0;1.0;49,12377700;4,85419200;
202300042034.0;1;38;38151;2;2;1.0;3.0;45,14489000;5,73310000;
202300042035.0;5;75;75115;2;3;1.0;3.0;48,84204900;2,30307700;
202300042036.0;1;13;13056;2;2;1.0;3.0;43,41168000;5,04377000;
202300042037.0;1;74;74236;1;1;1.0;1.0;45,90226900;6,71306800;
202300042038.0;5;13;13005;2;1;2.0;6.0;43,29066000;5,59306000;
202300042039.0;1;37;37261;2;2;2.0;1.0;47,39757000;0,69945000;
202300042040.0;1;75;75114;2;3;1.0;2.0;48,82780500;2,32915000;
202300042041.0;1;2A;2A008;1;1;1.0;7.0;41,86936900;8,85523800;
202300042042.0;1;37;37261;2;1;1.0;6.0;47,37484000;0,73052000;
202300042043.0;1;13;13019;1;1;3.0;2.0;43,47149930;5,34223375;
202300042044.0;1;75;75114;2;2;2.0;6.0;48,82264200;2,31483400;
202300042045.0;1;2A;2A004;2;1;1.0;2.0;41,94793700;8,74947300;
202300042046.0;1;37;37195;1;1;1.0;7.0;47,37463000;0,64640000;
202300042047.0;3;11;11069;2;1;1.0;2.0;43,22383000;2,32706000;
202300042048.0;1;80;80318;2;2;1.0;3.0;50,00764800;2,08872700;
202300042049.0;1;75;75114;2;7;2.0;2.0;48,83741000;2,31859500;
202300042050.0;1;36;36159;2;1;1.0;7.0;46,76254105;1,70638651;
202300042051.0;5;10;10387;2;1;1.0;6.0;48,29560000;4,07282000;
202300042052.0;3;82;82081;1;1;2.0;6.0;43,95553700;1,10273700;
202300042053.0;1;35;35238;2;1;1.0;6.0;48,11631000; -1,71206000;
202300042054.0;1;75;75111;2;3;1.0;6.0;48,85407100;2,38265700;
202300042055.0;3;11;11209;1;1;2.0;6.0;42,96700600;2,26013700;
202300042056.0;1;35;35238;2;1;1.0;6.0;48,10281000; -1,69441000;
202300042057.0;1;75;75108;2;3;1.0;6.0;48,86394310;2,31039047;
202300042058.0;1;71;71248;1;2;1.0;3.0;46,55732900;4,95547000;
202300042059.0;5;10;10325;2;9;1.0;1.0;48,26639000;4,07067000;
202300042060.0;1;34;34172;2;1;1.0;6.0;43,63424000;3,84937000;
202300042061.0;1;63;63268;1;1;2.0;6.0;45,55527100;3,17087000;
202300042062.0;1;75;75108;2;2;1.0;7.0;48,86841900;2,30114600;
202300042063.0;5;06;06027;2;1;2.0;6.0;43,65481090;7,15906130;
202300042064.0;1;33;33281;2;3;1.0;3.0;44,83708000; -0,64923000;
202300042065.0;1;06;06027;2;1;1.0;3.0;43,67320000;7,15171000;
202300042066.0;1;75;75107;2;3;2.0;2.0;48,85954500;2,32928400;
202300042067.0;3;63;63045;1;2;2.0;3.0;45,78987400;3,46020000;
202300042068.0;3;04;04112;2;1;8.0;6.0;43,81043000;5,78221000;
202300042069.0;1;33;33192;2;3;1.0;3.0;44,78626000; -0,60494000;
202300042070.0;1;76;76192;1;1;1.0;6.0;50,02382100;1,34253400;
202300042071.0;1;75;75107;2;3;1.0;6.0;48,85923900;2,33021700;
202300042072.0;1;49;49030;1;1;1.0;6.0;47,36487400; -0,05064500;
202300042073.0;5;75;75118;2;1;1.0;2.0;48,90067500;2,33309500;
202300042074.0;1;33;33281;2;2;1.0;3.0;44,84207000; -0,66068000;
202300042075.0;5;75;75104;2;3;2.0;6.0;48,85881200;2,35736400;
202300042076.0;5;49;49069;2;3;2.0;3.0;47,28232200; -1,17713600;
202300042077.0;5;75;75112;2;1;1.0;7.0;48,82688600;2,39183100;
202300042078.0;5;94;94078;2;3;1.0;6.0;48,75303000;2,44680000;
202300042079.0;1;47;47100;1;1;2.0;3.0;44,25565100;0,65707700;
202300042080.0;1;31;31555;2;1;8.0;5.0;43,66501000;1,43876000;
202300042081.0;4;44;44037;1;1;8.0;6.0;47,08911000; -1,43127000;
202300042082.0;1;30;30189;2;1;1.0;6.0;43,83970000;4,36990000;
202300042083.0;1;94;94068;2;2;1.0;3.0;48,79404097;2,50739336;
202300042084.0;1;75;75119;2;3;1.0;3.0;48,89132113;2,37788039;
202300042085.0;3;44;44045;1;1;1.0;2.0;47,31639600; -1,81335000;
202300042086.0;1;29;29019;2;1;1.0;2.0;48,39778600; -4,48894000;
202300042087.0;5;75;75119;2;9;3.0;6.0;48,90101081;2,38818294;
202300042088.0;1;35;35184;1;1;1.0;1.0;48,19959009; -2,01113641;
202300042089.0;1;94;94068;2;2;1.0;3.0;48,79488100;2,51826300;
202300042090.0;1;29;29019;2;2;2.0;3.0;48,39384000; -4,49596000;
202300042091.0;2;29;29076;1;9;1.0;1.0;48,43752200; -4,59909800;
202300042092.0;5;75;75117;2;4;1.0;2.0;48,88749800;2,32557200;
202300042093.0;1;94;94046;2;1;1.0;3.0;48,80241834;2,43463562;
202300042094.0;1;38;38351;1;1;8.0;7.0;45,53008700;5,22035100;
202300042095.0;1;75;75116;2;1;8.0;3.0;48,86966100;2,29188700;
202300042096.0;5;75;75116;2;2;2.0;6.0;48,86499300;2,28867000;
202300042097.0;3;38;38179;1;1;2.0;1.0;45,16477000;5,80475600;
202300042098.0;1;27;27229;2;3;1.0;3.0;49,00279000;1,13041000;
202300042099.0;1;94;94038;2;3;1.0;2.0;48,78327000;2,34545000;
202300042100.0;5;75;75116;2;2;1.0;3.0;48,84534300;2,25755800;
202300042101.0;1;25;25388;2;9;1.0;6.0;47,50365000;6,79453000;
202300042102.0;5;94;94021;2;9;1.0;3.0;48,75963000;2,36519000;
202300042103.0;1;06;06148;1;1;8.0;3.0;43,71799100;7,07019000;
202300042104.0;1;75;75114;2;4;8.0;6.0;48,82877500;2,32770900;
202300042105.0;1;73;73059;1;1;1.0;3.0;45,73487969;5,89165238;
202300042106.0;1;22;22187;2;2;1.0;2.0;48,54172000; -2,77764000;
202300042107.0;1;94;94074;2;1;1.0;2.0;48,76556133;2,46654895;
202300042108.0;5;75;75109;2;1;1.0;7.0;48,87081600;2,33330600;
202300042109.0;1;22;22113;2;9;1.0;2.0;48,75141000; -3,44871000;
202300042110.0;1;21;21579;1;3;1.0;3.0;47,60445600;4,88316500;
202300042111.0;1;75;75108;2;2;1.0;7.0;48,86670198;2,32201052;
202300042112.0;1;94;94022;2;3;1.0;6.0;48,76768000;2,41755000;
202300042113.0;1;75;75103;2;1;2.0;6.0;48,86179600;2,35385100;
202300042114.0;3;40;40287;2;1;2.0;3.0;44,48284600; -1,05487700;
202300042115.0;2;94;94022;2;1;2.0;5.0;48,76794000;2,41027000;
202300042116.0;1;21;21166;2;1;1.0;2.0;47,29331672;5,01277091;
202300042117.0;3;87;87188;1;1;3.0;6.0;45,85627800;1,08842200;
202300042118.0;5;75;75101;2;2;2.0;6.0;48,86419800;2,34760700;
202300042119.0;2;49;49018;1;1;8.0;1.0;47,58625200; -0,08797600;
202300042120.0;1;93;93059;2;1;1.0;6.0;48,97352659;2,36594439;
202300042121.0;1;18;18279;1;1;1.0;1.0;47,27151200;2,05951400;
202300042122.0;1;75;75104;2;2;1.0;3.0;48,85345400;2,36720300;
202300042123.0;1;17;17291;1;1;1.0;3.0;46,17196000; -1,12105000;
202300042124.0;1;93;93077;2;1;1.0;3.0;48,88301643;2,49594435;
202300042125.0;1;94;94067;2;3;1.0;6.0;48,84499534;2,41869164;
202300042126.0;1;06;06088;1;1;1.0;5.0;43,71697700;7,21353300;
202300042127.0;1;13;13054;2;1;1.0;4.0;43,41525000;5,22415000;
202300042128.0;1;93;93049;2;6;1.0;6.0;48,86100000;2,50927000;
202300042129.0;3;34;34172;1;1;3.0;7.0;43,60541200;3,93220400;
202300042130.0;5;94;94080;2;3;3.0;3.0;48,84536743;2,43067440;
202300042131.0;5;93;93005;2;1;2.0;6.0;48,95333844;2,49903209;
202300042132.0;1;13;13203;2;2;1.0;3.0;43,30784083;5,38165390;
202300042133.0;2;69;69013;1;1;1.0;5.0;46,03404400;4,71590300;
202300042134.0;2;13;13216;1;1;1.0;6.0;43,36039898;5,29852763;
202300042135.0;1;93;93001;2;1;1.0;3.0;48,90414785;2,37224489;
202300042136.0;3;73;73257;1;1;1.0;7.0;45,46478256;6,52808726;
202300042137.0;5;94;94044;2;3;2.0;3.0;48,74666000;2,48879000;
202300042138.0;1;13;13212;2;4;1.0;1.0;43,29800000;5,43600000;
202300042139.0;3;974;97418;1;1;1.0;6.0; -20,90296800;55,54207900;
202300042140.0;1;92;92064;2;2;2.0;6.0;48,84435908;2,21858561;
202300042141.0;1;13;13206;2;1;1.0;1.0;43,29206383;5,38305557;
202300042142.0;1;94;94068;2;2;1.0;3.0;48,79259000;2,49508000;
202300042143.0;5;978;97801;2;1;1.0;5.0;18,07603100; -63,07840000;
202300042144.0;1;92;92063;2;2;2.0;3.0;48,88714461;2,16963033;
202300042145.0;1;13;13208;2;1;1.0;6.0;43,26166499;5,39742849;
202300042146.0;3;95;95370;1;1;1.0;7.0;49,15204867;1,97881301;
202300042147.0;2;94;94068;2;2;2.0;3.0;48,79174000;2,50363000;
202300042148.0;1;13;13215;2;1;1.0;2.0;43,37338000;5,35415000;
202300042149.0;1;92;92062;2;9;1.0;3.0;48,88459806;2,23432159;
202300042150.0;1;84;84078;1;3;8.0;7.0;44,24377700;4,72131000;
202300042151.0;1;13;13005;2;1;1.0;1.0;43,29510000;5,56681000;
202300042152.0;1;06;06157;2;9;7.0;6.0;43,72331200;7,10691000;
202300042153.0;1;94;94043;2;3;8.0;3.0;48,81213000;2,35683000;
202300042154.0;2;10;10387;2;6;1.0;6.0;48,30760000;4,04347000;
202300042155.0;1;92;92020;2;1;1.0;4.0;48,80074393;2,28340298;
202300042156.0;3;55;55531;1;1;8.0;6.0;48,81417600;5,03134100;
202300042157.0;1;03;03265;1;1;1.0;7.0;46,49124300;3,75168100;
202300042158.0;5;94;94041;2;9;2.0;6.0;48,81308000;2,37084000;
202300042159.0;1;92;92048;2;1;1.0;2.0;48,78861513;2,23468646;
202300042160.0;1;10;10325;2;1;1.0;2.0;48,26479586;4,04082835;
202300042161.0;1;03;03286;1;1;1.0;6.0;46,48748300;3,36530300;
202300042162.0;1;92;92012;2;9;1.0;3.0;48,82507000;2,24837000;
202300042163.0;4;73;73215;1;6;1.0;6.0;45,45278500;6,10309800;
202300042164.0;5;94;94046;2;1;2.0;6.0;48,80416600;2,45081900;
202300042165.0;1;10;10387;2;1;1.0;1.0;48,27806000;4,06761000;
202300042166.0;5;80;80016;2;1;1.0;6.0;49,99978100;2,65098800;
202300042167.0;1;10;10333;2;9;7.0;1.0;48,27647000;4,06471000;
202300042168.0;5;94;94011;2;1;3.0;2.0;48,76295000;2,47976000;
202300042169.0;1;38;38072;2;6;8.0;5.0;45,31914200;4,80946400;
202300042170.0;1;17;17420;2;1;1.0;1.0;46,08250400; -1,07825900;
202300042171.0;1;06;06069;2;1;1.0;1.0;43,64819100;6,90758900;
202300042172.0;3;94;94004;1;1;2.0;3.0;48,75886000;2,50149000;
202300042173.0;3;22;22162;1;1;1.0;3.0;48,76464800; -3,03978000;
202300042174.0;1;94;94002;2;6;2.0;3.0;48,80447000;2,41951000;
202300042175.0;3;22;22086;1;1;1.0;3.0;48,72674305; -3,03408131;
202300042176.0;1;31;31182;2;1;1.0;2.0;43,67208200;1,41006400;
202300042177.0;1;93;93066;2;1;8.0;6.0;48,91539435;2,35622308;
202300042178.0;1;04;04112;2;1;1.0;4.0;43,82239000;5,78672000;
202300042179.0;2;93;93055;2;3;2.0;3.0;48,89750000;2,39934000;
202300042180.0;1;974;97404;2;1;1.0;7.0; -21,26760200;55,37086700;
202300042181.0;5;59;59506;2;2;1.0;3.0;50,20360500;3,53399800;
202300042182.0;1;93;93051;2;1;8.0;1.0;48,83455000;2,58312000;
202300042183.0;5;75;75118;2;1;1.0;2.0;48,90086000;2,36571200;
202300042184.0;1;01;01153;1;1;1.0;7.0;46,31000400;6,04763000;
202300042185.0;1;93;93031;2;1;1.0;6.0;48,95795923;2,32107810;
202300042186.0;1;38;38566;1;1;1.0;7.0;45,32070400;5,52708900;
202300042187.0;5;75;75105;2;2;1.0;2.0;48,84945000;2,35439900;
202300042188.0;5;92;92062;2;1;1.0;3.0;48,87484351;2,23770350;
202300042189.0;1;75;75120;2;3;2.0;6.0;48,87198400;2,39188200;
202300042190.0;3;85;85301;1;1;8.0;2.0;46,83094000; -1,10854000;
202300042191.0;1;92;92050;2;1;1.0;2.0;48,89958367;2,19935529;
202300042192.0;5;75;75119;2;2;1.0;2.0;48,88200400;2,40249400;
202300042193.0;1;92;92044;2;1;1.0;2.0;48,89863387;2,27796793;
202300042194.0;1;67;67414;2;4;1.0;6.0;48,45703700;7,20763500;
202300042195.0;1;75;75118;2;3;1.0;3.0;48,88380000;2,34702100;
202300042196.0;3;65;65165;1;1;2.0;6.0;43,04092400;0,33043700;
202300042197.0;5;92;92044;2;3;2.0;3.0;48,88936087;2,28887647;
202300042198.0;5;75;75115;2;2;1.0;3.0;48,84935600;2,28159600;
202300042199.0;1;81;81101;1;9;1.0;3.0;43,99115480;2,17460110;
202300042200.0;1;92;92036;2;4;1.0;2.0;48,93622622;2,27939241;
202300042201.0;1;75;75107;2;3;2.0;2.0;48,85150400;2,31398000;
202300042202.0;1;92;92035;2;9;1.0;3.0;48,91266250;2,25149810;
202300042203.0;1;11;11033;1;1;1.0;6.0;43,20004500;1,73848500;
202300042204.0;1;75;75101;2;2;1.0;6.0;48,85872300;2,34834200;
202300042205.0;5;92;92025;2;3;2.0;6.0;48,92563378;2,24745724;
202300042206.0;1;89;89133;2;1;1.0;3.0;47,99377800;3,18601500;
202300042207.0;1;75;75109;2;2;1.0;6.0;48,87589200;2,33989000;
202300042208.0;1;63;63003;1;9;1.0;1.0;45,53671267;3,77639501;
202300042209.0;1;92;92071;2;3;1.0;3.0;48,77901214;2,28373826;
202300042210.0;1;94;94041;2;3;1.0;1.0;48,80844000;2,40775000;
202300042211.0;2;92;92036;2;1;1.0;2.0;48,91923750;2,29002786;
202300042212.0;1;94;94065;2;1;1.0;3.0;48,75423453;2,34791762;
202300042213.0;1;35;35040;1;1;1.0;3.0;48,13176800; -1,93652900;
202300042214.0;3;35;35145;1;3;1.0;3.0;47,71785400; -1,87745000;
202300042215.0;1;94;94033;2;7;1.0;1.0;48,84388217;2,46485078;
202300042216.0;5;35;35236;2;4;1.0;6.0;47,65352400; -2,07536500;
202300042217.0;1;29;29113;1;1;1.0;1.0;48,66185800; -3,73745400;
202300042218.0;1;94;94054;2;3;1.0;1.0;48,74704519;2,41871810;
202300042219.0;3;37;37160;1;1;5.0;1.0;47,57087300;1,01783400;
202300042220.0;1;38;38511;2;1;1.0;6.0;45,35951900;5,95098200;
202300042221.0;1;94;94060;2;1;1.0;2.0;48,78084000;2,57336000;
202300042222.0;3;87;87183;1;2;3.0;6.0;45,98992500;1,32792900;
202300042223.0;1;94;94017;2;3;1.0;3.0;48,81216000;2,55865000;
202300042224.0;1;38;38422;1;1;1.0;1.0;45,14925600;5,82609600;
202300042225.0;3;49;49092;1;2;2.0;3.0;47,27023900; -0,67104000;
202300042226.0;1;94;94017;2;1;1.0;2.0;48,81482200;2,52758500;
202300042227.0;1;94;94002;2;1;1.0;6.0;48,80665824;2,42211185;
202300042228.0;5;35;35308;2;3;6.0;6.0;48,44697200; -1,91609000;
202300042229.0;1;02;02433;1;4;1.0;1.0;49,67097100;4,01364100;