Num_Acc;lum;departement;commune;agglomeration;intersection;meteo;type_collision;lat;long;date
202300042230.0;1;92;92073;2;9;1.0;6.0;48,86170468;2,21237451;
202300042231.0;1;14;14061;1;2;9.0;3.0;48,95127500; -0,80440500;
202300042232.0;5;84;84148;2;2;1.0;3.0;44,05666100;5,23184300;
202300042233.0;1;92;92077;2;6;1.0;6.0;48,82690000;2,18852000;
202300042234.0;3;30;30209;1;1;8.0;7.0;43,98057847;4,76179022;
202300042235.0;1;01;01069;1;1;1.0;6.0;46,12247141;5,24042487;
202300042236.0;1;92;92063;2;6;1.0;3.0;48,85940000;2,18329000;
202300042237.0;2;77;77239;1;2;8.0;3.0;48,65740700;3,10325100;
202300042238.0;2;76;76372;1;2;7.0;3.0;49,75190900;1,65942900;
202300042239.0;1;92;92048;2;1;1.0;4.0;48,81874648;2,23161221;
202300042240.0;1;01;01133;1;6;1.0;3.0;45,78257200;5,76908800;
202300042241.0;2;82;82149;1;1;2.0;1.0;44,12450200;1,49114700;
202300042242.0;1;92;92036;2;6;1.0;6.0;48,93598000;2,26749000;
202300042243.0;3;71;71282;1;1;2.0;6.0;46,81091000;4,38525300;
202300042244.0;1;92;92026;2;1;1.0;2.0;48,89670599;2,25368214;
202300042245.0;3;68;68006;1;1;2.0;6.0;47,68906700;7,19937100;
202300042246.0;1;07;07027;1;1;1.0;6.0;44,82709600;4,80903200;
202300042247.0;1;92;92023;2;2;1.0;1.0;48,81301422;2,25795597;
202300042248.0;5;68;68004;2;1;1.0;1.0;47,62443500;7,23998200;
202300042249.0;1;40;40122;1;1;1.0;2.0;43,82085800; -0,53996100;
202300042250.0;1;92;92019;2;1;1.0;3.0;48,77198000;2,25406000;
202300042251.0;3;29;29110;1;1;3.0;6.0;48,06452186; -3,93124404;
202300042252.0;3;17;17022;1;1;1.0;7.0;45,87741600; -0,52318100;
202300042253.0;3;13;13036;1;1;1.0;1.0;43,85167400;4,84055000;
202300042254.0;1;50;50167;2;1;1.0;2.0;48,72476700; -1,52217000;
202300042255.0;1;37;37024;2;1;1.0;6.0;47,29618200;0,21385400;
202300042256.0;2;02;02185;1;1;2.0;1.0;49,11710600;3,18450100;
202300042257.0;1;37;37234;1;3;1.0;3.0;47,23263900;1,02346700;
202300042258.0;1;2A;2A065;1;1;1.0;7.0;42,13706300;8,61668800;
202300042259.0;2;02;02397;2;1;3.0;6.0;49,71982900;3,23068300;
202300042260.0;5;06;06149;2;1;1.0;7.0;43,74547290;7,32462350;
202300042261.0;1;52;52121;1;1;1.0;7.0;48,12959460;5,19479230;
202300042262.0;3;03;03073;1;1;8.0;1.0;46,47320500;3,31608700;
202300042263.0;1;84;84088;1;1;1.0;2.0;44,01862400;5,05151700;
202300042264.0;3;88;88351;1;1;1.0;7.0;47,98247500;6,44514400;
202300042265.0;1;11;11307;1;1;6.0;2.0;43,22028300;2,86944900;
202300042266.0;1;14;14739;2;3;8.0;7.0;49,34235000; -0,51751000;
202300042267.0;4;60;60260;1;1;1.0;6.0;49,27846600;2,94080600;
202300042268.0;5;10;10034;2;3;1.0;3.0;48,12003500;4,38334100;
202300042269.0;1;87;87025;1;1;1.0;6.0;45,75069600;1,16857400;
202300042270.0;1;24;24300;1;1;1.0;3.0;44,77890300;1,29526600;
202300042271.0;1;62;62092;2;1;1.0;6.0;50,28211300;2,49848800;
202300042272.0;3;28;28298;1;1;1.0;6.0;48,56957900;1,54752700;
202300042273.0;1;17;17147;1;4;1.0;3.0;45,82485200; -0,49826900;
202300042274.0;1;987;98715;1;1;1.0;7.0; -17,55273500; -149,59347100;
202300042275.0;3;65;65138;1;1;1.0;5.0;42,91246600; -0,09820100;
202300042276.0;3;37;37046;1;1;1.0;1.0;47,27599700;1,16519500;
202300042277.0;3;63;63040;1;1;1.0;7.0;45,73487100;3,30076900;
202300042278.0;3;47;47214;1;1;1.0;6.0;44,34183700;0,25161300;
202300042279.0;3;30;30272;1;1;1.0;7.0;43,98418269;3,68488338;
202300042280.0;1;12;12006;1;2;1.0;3.0;44,14146600;2,65119700;
202300042281.0;1;74;74081;2;3;1.0;6.0;46,05918000;6,58141100;
202300042282.0;3;39;39399;1;1;2.0;6.0;46,97240500;5,66920300;
202300042283.0;3;38;38397;1;1;1.0;2.0;45,22853300;5,82796800;
202300042284.0;1;51;51183;1;1;1.0;7.0;49,32217800;3,98423400;
202300042285.0;1;35;35207;1;1;5.0;5.0;48,08162226; -1,47752970;
202300042286.0;5;45;45053;1;2;8.0;3.0;47,60146800;2,76660200;
202300042287.0;1;34;34032;1;1;1.0;2.0;43,30405400;3,22519500;
202300042288.0;1;29;29074;2;6;1.0;6.0;48,48999300; -3,99651300;
202300042289.0;3;13;13058;1;1;1.0;7.0;43,70353800;4,83207100;
202300042290.0;1;21;21684;1;1;1.0;2.0;47,02548400;4,87332400;
202300042291.0;1;29;29174;1;3;1.0;3.0;47,92818700; -4,27869200;
202300042292.0;4;45;45144;1;3;1.0;3.0;47,84090107;2,10211247;
202300042293.0;2;73;73162;1;1;1.0;1.0;45,60597700;6,28154000;
202300042294.0;1;04;04245;1;2;1.0;3.0;43,87384800;5,84899100;
202300042295.0;1;77;77005;1;1;1.0;1.0;48,90501900;2,70973100;
202300042296.0;1;18;18028;1;2;1.0;3.0;47,15156700;2,28421200;
202300042297.0;1;77;77388;2;3;2.0;2.0;48,96165600;3,14752900;
202300042298.0;1;10;10095;1;-1;1.0;3.0;48,55064200;4,14249200;
202300042299.0;1;43;43224;1;1;1.0;7.0;45,26627900;4,26175100;
202300042300.0;1;10;10005;2;3;1.0;7.0;48,29085700;4,51501100;
202300042301.0;5;69;69171;2;3;2.0;3.0;45,81117800;4,59971500;
202300042302.0;3;66;66190;1;1;1.0;5.0;42,84223100;2,92623800;
202300042303.0;3;85;85236;1;1;3.0;6.0;46,64354000; -1,75021400;
202300042304.0;1;21;21136;1;1;1.0;1.0;47,45078400;4,76262300;
202300042305.0;1;11;11190;1;1;1.0;7.0;43,25500200;2,64180400;
202300042306.0;3;60;60045;1;1;3.0;2.0;49,22475200;2,67098700;
202300042307.0;2;68;68309;2;1;1.0;7.0;47,66088200;7,44863900;
202300042308.0;3;85;85130;1;1;1.0;7.0;46,78783300; -1,70110500;
202300042309.0;5;80;80212;2;1;1.0;3.0;49,91273300;2,51513300;
202300042310.0;1;88;88512;2;3;1.0;6.0;48,22751400;6,63464900;
202300042311.0;2;13;13001;1;1;3.0;2.0;43,51144213;5,42077028;
202300042312.0;1;85;85154;1;3;1.0;3.0;46,64255000; -0,82406600;
202300042313.0;1;54;54364;1;1;1.0;5.0;48,59911100;6,13771400;
202300042314.0;3;13;13026;1;1;3.0;5.0;43,40012173;5,09963791;
202300042315.0;1;85;85108;2;3;1.0;3.0;46,90726100; -1,37020900;
202300042316.0;1;26;26072;1;4;1.0;1.0;45,12709100;4,89789600;
202300042317.0;2;13;13005;1;1;1.0;4.0;43,29224000;5,55601000;
202300042318.0;1;27;27437;1;1;1.0;6.0;49,31141400;1,53564000;
202300042319.0;1;17;17452;2;1;1.0;7.0;45,78951800; -1,15920800;
202300042320.0;1;30;30266;2;1;1.0;6.0;44,25783700;4,28916300;
202300042321.0;3;33;33366;1;1;1.0;4.0;45,00027784; -0,42682528;
202300042322.0;1;85;85178;1;9;1.0;2.0;46,75659400; -1,54566300;
202300042323.0;1;08;08459;1;1;1.0;2.0;49,65551300;5,25158300;
202300042324.0;1;33;33249;1;1;1.0;2.0;44,87910000; -0,53327000;
202300042325.0;1;33;33192;1;1;1.0;6.0;44,78921123; -0,62005699;
202300042326.0;1;14;14720;2;2;1.0;3.0;48,94959400; -0,28036600;
202300042327.0;1;973;97309;2;1;1.0;3.0;4,91805547; -52,27937990;
202300042328.0;1;34;34255;1;1;1.0;3.0;43,67623700;3,82058100;
202300042329.0;1;59;59028;1;1;1.0;4.0;50,41186000;3,03391000;
202300042330.0;1;22;22198;1;2;1.0;5.0;48,78951100; -3,55163000;
202300042331.0;1;38;38485;1;1;2.0;1.0;45,17113100;5,66703600;
202300042332.0;3;59;59378;1;1;2.0;6.0;50,68483000;3,11117000;
202300042333.0;1;35;35105;1;1;1.0;6.0;48,11378500; -1,15590300;
202300042334.0;3;987;98724;1;1;1.0;7.0; -16,75200000; -150,99700000;
202300042335.0;2;91;91086;1;1;8.0;2.0;48,62368000;2,38400000;
202300042336.0;1;35;35194;1;2;1.0;6.0;48,14545000; -1,25401000;
202300042337.0;1;988;98817;2;3;1.0;2.0; -22,24168100;166,57711300;
202300042338.0;2;91;91228;1;1;1.0;3.0;48,61975000;2,42602000;
202300042339.0;1;972;97230;1;1;1.0;1.0;14,73917700; -60,95147300;
202300042340.0;1;76;76345;1;2;1.0;3.0;49,59157100;1,69303700;
202300042341.0;3;92;92050;1;1;1.0;4.0;48,91536269;2,22043859;
202300042342.0;1;45;45039;2;1;1.0;6.0;47,79689000;2,38288000;
202300042343.0;3;60;60451;2;1;1.0;6.0;49,35672200;2,39445100;
202300042344.0;5;92;92063;1;1;2.0;6.0;48,88652814;2,16549995;
202300042345.0;1;91;91038;2;1;2.0;2.0;48,48553400;2,20795700;
202300042346.0;3;78;78640;1;1;2.0;3.0;48,77840960;2,20817190;
202300042347.0;3;66;66227;1;1;1.0;6.0;42,63660024;2,92869329;
202300042348.0;1;59;59036;2;1;1.0;6.0;50,13121400;3,92392700;
202300042349.0;1;93;93048;1;1;8.0;3.0;48,87313000;2,43576000;
202300042350.0;3;13;13028;1;1;6.0;6.0;43,20591000;5,59074000;
202300042351.0;3;66;66208;1;1;1.0;4.0;42,63217353;2,94197828;
202300042352.0;1;13;13043;1;1;1.0;4.0;43,38575000;5,23991000;
202300042353.0;3;93;93066;1;1;3.0;4.0;48,92231113;2,35858548;
202300042354.0;3;69;69009;1;1;1.0;6.0;45,95603800;4,71499900;
202300042355.0;5;93;93048;1;1;3.0;6.0;48,87077000;2,43171000;
202300042356.0;1;09;09102;1;1;1.0;3.0;43,07267300;1,81648000;
202300042357.0;1;91;91377;1;1;1.0;4.0;48,72932000;2,29635000;
202300042358.0;1;31;31395;2;1;1.0;6.0;43,46948000;1,32941000;
202300042359.0;3;95;95306;1;1;3.0;5.0;49,00451000;2,16732000;
202300042360.0;5;91;91477;2;1;1.0;6.0;48,71723000;2,25088000;
202300042361.0;1;40;40182;1;2;1.0;1.0;44,08879900; -1,15422400;
202300042362.0;4;94;94021;1;1;1.0;5.0;48,77137155;2,34509948;
202300042363.0;3;22;22001;1;1;1.0;6.0;48,31622400; -2,87230300;
202300042364.0;1;78;78217;1;1;1.0;6.0;48,96493400;1,81904400;
202300042365.0;1;49;49246;2;3;1.0;3.0;47,42262000; -0,52375000;
202300042366.0;1;59;59477;2;1;1.0;3.0;50,51524800;2,90981600;
202300042367.0;1;93;93027;1;1;1.0;3.0;48,93677000;2,40870000;
202300042368.0;3;95;95582;1;1;1.0;6.0;48,98024046;2,24094272;
202300042369.0;1;13;13212;1;1;1.0;4.0;43,29108000;5,42426000;
202300042370.0;1;13;13077;2;1;3.0;6.0;43,40632000;4,98621000;
202300042371.0;3;93;93027;1;1;2.0;6.0;48,92565743;2,40075946;
202300042372.0;1;13;13212;1;1;1.0;3.0;43,30348593;5,42520418;
202300042373.0;5;92;92048;2;9;2.0;7.0;48,81883008;2,23488986;
202300042374.0;1;71;71436;1;1;1.0;6.0;46,73646400;4,48456200;
202300042375.0;1;69;69152;1;1;1.0;4.0;45,69574000;4,83231000;
202300042376.0;3;93;93007;1;1;3.0;4.0;48,94215817;2,47819483;
202300042377.0;1;95;95212;1;1;1.0;6.0;49,02633000;2,53647000;
202300042378.0;3;66;66015;1;1;1.0;6.0;42,57114100;2,84723500;
202300042379.0;3;69;69029;1;1;1.0;4.0;45,72469000;4,92533000;
202300042380.0;1;976;97611;2;1;1.0;6.0; -12,78476000;45,22272000;
202300042381.0;5;988;98818;2;2;1.0;3.0; -22,27863000;166,45110000;
202300042382.0;1;69;69199;1;1;2.0;2.0;45,70469000;4,84397000;
202300042383.0;3;974;97416;2;1;1.0;2.0; -21,28943000;55,46133000;
202300042384.0;1;33;33318;1;1;1.0;2.0;44,78816044; -0,63237906;
202300042385.0;1;974;97416;1;1;1.0;4.0; -21,29787000;55,44208000;
202300042386.0;3;974;97416;1;1;1.0;6.0; -21,33674000;55,48958000;
202300042387.0;1;974;97411;2;6;1.0;7.0; -20,89360000;55,47051000;
202300042388.0;2;69;69388;2;1;1.0;3.0;45,72746108;4,88411173;
202300042389.0;1;33;33249;1;1;1.0;4.0;44,88333000; -0,51258000;
202300042390.0;1;974;97411;2;6;1.0;3.0; -20,90253609;55,50305557;
202300042391.0;1;59;59350;1;1;2.0;6.0;50,62158000;3,08268000;
202300042392.0;1;972;97213;1;1;1.0;2.0;14,62799000; -61,00838000;
202300042393.0;1;974;97407;2;3;1.0;6.0; -20,93911410;55,29605404;
202300042394.0;1;94;94034;1;1;1.0;2.0;48,75895409;2,32434215;
202300042395.0;1;972;97213;1;1;1.0;1.0;14,65696000; -60,97640000;
202300042396.0;1;69;69388;2;1;1.0;3.0;45,73373000;4,85334000;
202300042397.0;1;94;94021;1;1;1.0;3.0;48,77124963;2,34563824;
202300042398.0;1;972;97213;1;1;1.0;7.0;14,61243000; -61,00499000;
202300042399.0;3;972;97213;1;1;1.0;7.0;14,63657000; -60,99454000;
202300042400.0;1;972;97209;1;9;1.0;6.0;14,63384000; -61,03559000;
202300042401.0;5;972;97213;1;1;1.0;7.0;14,63256000; -60,99474000;
202300042402.0;1;91;91235;1;1;1.0;4.0;48,62494000;2,36305000;
202300042403.0;5;972;97209;2;9;1.0;6.0;14,61033000; -61,04736000;
202300042404.0;1;972;97209;2;3;1.0;3.0;14,61358000; -61,04681000;
202300042405.0;1;91;91687;1;1;1.0;2.0;48,66287000;2,36782000;
202300042406.0;1;972;97209;2;7;1.0;6.0;14,60712000; -61,06710000;
202300042407.0;3;972;97209;1;1;1.0;6.0;14,61117000; -61,08100000;
202300042408.0;5;69;69381;2;1;2.0;7.0;45,76932000;4,83787000;
202300042409.0;1;91;91340;1;1;1.0;3.0;48,60893000;2,43792000;
202300042410.0;1;69;69034;2;2;1.0;3.0;45,79127000;4,86080000;
202300042411.0;1;971;97113;2;1;1.0;6.0;16,21523000; -61,50234000;
202300042412.0;1;2A;2A004;2;1;1.0;1.0;41,94746855;8,77339840;
202300042413.0;1;95;95539;2;1;2.0;3.0;48,99397427;2,33713746;
202300042414.0;1;95;95585;2;9;8.0;6.0;48,99254873;2,37568885;
202300042415.0;5;971;97113;1;4;1.0;1.0;16,24176000; -61,48437000;
202300042416.0;5;95;95280;2;1;3.0;6.0;49,01707522;2,46823043;
202300042417.0;1;95;95277;1;6;3.0;3.0;48,97711626;2,45679617;
202300042418.0;1;95;95277;1;1;1.0;6.0;48,97802702;2,43694782;
202300042419.0;1;95;95277;1;2;1.0;3.0;48,97395314;2,46069610;
202300042420.0;1;91;91201;2;1;2.0;6.0;48,68615000;2,41022000;
202300042421.0;5;95;95607;2;9;1.0;6.0;49,02886000;2,20853000;
202300042422.0;5;95;95555;2;1;2.0;6.0;48,96289647;2,29215682;
202300042423.0;5;87;87114;2;3;1.0;3.0;45,83237000;1,30365000;
202300042424.0;2;95;95428;2;1;2.0;1.0;48,99050379;2,32129811;
202300042425.0;1;83;83137;2;1;1.0;3.0;43,12020000;5,93943000;
202300042426.0;5;91;91657;2;3;1.0;3.0;48,69263900;2,43507100;
202300042427.0;1;80;80725;1;1;1.0;5.0;49,87336000;2,27100000;
202300042428.0;1;91;91027;2;2;1.0;3.0;48,69684900;2,36929300;
202300042429.0;1;78;78335;2;3;1.0;6.0;48,99925600;1,74198000;
202300042430.0;1;87;87085;2;1;1.0;6.0;45,82875000;1,23243000;
202300042431.0;3;77;77143;1;1;1.0;7.0;48,98795000;2,88446000;
202300042432.0;1;84;84007;2;1;1.0;2.0;43,92642000;4,87558000;
202300042433.0;1;77;77111;2;1;1.0;1.0;48,86077000;2,76583000;
202300042434.0;1;84;84007;1;9;1.0;2.0;43,89166000;4,91641000;
202300042435.0;1;76;76575;2;1;2.0;2.0;49,38989000;1,09407000;
202300042436.0;1;76;76681;2;7;2.0;2.0;49,41984344;1,07828289;
202300042437.0;1;76;76217;2;6;2.0;3.0;49,92526089;1,10106289;
202300042438.0;1;69;69282;2;1;1.0;7.0;45,75988000;5,00242000;
202300042439.0;1;77;77296;2;3;1.0;3.0;48,61012700;2,58629300;
202300042440.0;1;69;69264;2;1;1.0;6.0;45,98450000;4,73693000;
202300042441.0;5;72;72181;2;1;2.0;1.0;48,01720000;0,17207000;
202300042442.0;1;69;69259;2;1;1.0;2.0;45,71117549;4,88223987;
202300042443.0;1;69;69259;2;1;1.0;2.0;45,72449000;4,87094000;
202300042444.0;5;72;72181;2;9;1.0;2.0;47,99930000;0,18957000;
202300042445.0;2;71;71306;2;3;2.0;6.0;46,66346943;4,34969679;
202300042446.0;5;66;66136;2;6;1.0;3.0;42,68848000;2,89502000;
202300042447.0;3;65;65286;2;1;1.0;4.0;43,10069389; -0,04486573;
202300042448.0;2;71;71486;2;1;1.0;3.0;46,65665000;4,37121000;
202300042449.0;1;64;64284;2;1;8.0;4.0;43,27714000; -0,38808000;
202300042450.0;2;71;71306;2;1;2.0;6.0;46,68294274;4,37352491;
202300042451.0;1;64;64102;2;1;1.0;2.0;43,48551000; -1,49164400;
202300042452.0;1;64;64024;2;3;1.0;6.0;43,50826000; -1,52231000;
202300042453.0;1;62;62498;2;1;1.0;1.0;50,45582084;2,82522279;
202300042454.0;1;71;71475;2;2;8.0;3.0;46,76454000;4,83289000;
202300042455.0;1;61;61006;2;6;1.0;3.0;48,74136000; -0,02152000;
202300042456.0;1;69;69266;2;1;8.0;3.0;45,75416754;4,89059898;
202300042457.0;5;61;61001;2;6;2.0;3.0;48,43883000;0,08327000;
202300042458.0;1;69;69264;2;1;1.0;6.0;45,98198000;4,73447000;
202300042459.0;2;59;59599;2;3;2.0;3.0;50,72298941;3,14455895;
202300042460.0;5;69;69290;2;1;1.0;6.0;45,72011000;4,92404000;
202300042461.0;1;59;59220;2;1;2.0;3.0;50,59106000;3,08465000;
202300042462.0;5;59;59183;2;2;2.0;3.0;51,02603000;2,35202000;
202300042463.0;1;59;59227;2;1;1.0;1.0;50,35855000;3,30046000;
202300042464.0;1;69;69259;2;1;1.0;6.0;45,69781000;4,89302000;
202300042465.0;1;69;69290;2;2;1.0;3.0;45,71463000;4,95961000;
202300042466.0;1;56;56121;2;3;1.0;3.0;47,74584400; -3,36379000;
202300042467.0;1;56;56036;2;1;2.0;7.0;47,79440000; -3,30455000;
202300042468.0;3;69;69091;1;1;3.0;3.0;45,58578436;4,75112184;
202300042469.0;1;54;54528;2;3;1.0;3.0;48,67449000;5,88949000;
202300042470.0;5;67;67482;2;3;1.0;3.0;48,58016000;7,71896000;
202300042471.0;1;54;54526;2;9;1.0;1.0;48,68838300;6,20961000;
202300042472.0;5;67;67043;2;1;1.0;7.0;48,62828000;7,76787000;
202300042473.0;1;54;54575;1;1;1.0;1.0;49,45940000;5,86083000;
202300042474.0;2;64;64545;2;3;1.0;3.0;43,37796000; -1,67243000;
202300042475.0;1;51;51454;2;2;1.0;3.0;49,26388000;4,01797000;
202300042476.0;1;64;64102;2;1;1.0;2.0;43,48581000; -1,49081000;
202300042477.0;1;51;51573;2;1;8.0;3.0;49,24578000;3,99752000;
202300042478.0;1;64;64102;2;1;1.0;2.0;43,48608000; -1,47480000;
202300042479.0;1;50;50129;2;2;1.0;3.0;49,62914000; -1,64085000;
202300042480.0;1;49;49007;2;1;1.0;6.0;47,48783000; -0,52683000;
202300042481.0;2;64;64024;2;1;1.0;7.0;43,47713000; -1,51949000;
202300042482.0;1;49;49007;2;1;1.0;2.0;47,49036000; -0,53269000;
202300042483.0;1;63;63063;2;2;1.0;6.0;45,83034920;3,10238510;
202300042484.0;1;49;49007;2;1;2.0;6.0;47,49460000; -0,55240000;
202300042485.0;1;62;62510;2;1;1.0;6.0;50,42294025;2,77720195;
202300042486.0;1;45;45302;2;6;2.0;7.0;47,96040000;1,88077000;
202300042487.0;1;62;62048;2;1;8.0;6.0;50,50268838;2,47848880;
202300042488.0;1;43;43251;2;9;1.0;7.0;45,02067000;3,87134000;
202300042489.0;5;59;59291;2;9;8.0;6.0;50,25465332;3,90817085;
202300042490.0;3;37;37261;2;1;3.0;6.0;47,36770000;0,71052000;
202300042491.0;1;37;37261;2;1;1.0;7.0;47,39110000;0,69480000;
202300042492.0;5;59;59350;2;1;2.0;1.0;50,62545000;3,05212000;
202300042493.0;2;37;37214;2;1;1.0;6.0;47,42085000;0,66157000;
202300042494.0;3;59;59350;2;1;3.0;6.0;50,65201000;2,98654000;
202300042495.0;1;35;35238;2;3;2.0;6.0;48,13123055; -1,65677637;
202300042496.0;1;59;59350;2;1;8.0;3.0;50,61251000;3,05789000;
202300042497.0;1;34;34172;2;6;1.0;6.0;43,63552000;3,86840000;
202300042498.0;1;34;34032;2;2;1.0;1.0;43,35315000;3,21857000;
202300042499.0;1;59;59220;2;9;7.0;3.0;50,58247000;3,08239000;
202300042500.0;1;34;34032;2;1;1.0;2.0;43,35323000;3,22473000;
202300042501.0;5;33;33063;2;2;1.0;3.0;44,84721000; -0,58404000;
202300042502.0;4;56;56121;2;6;2.0;7.0;47,73586000; -3,37444000;
202300042503.0;1;33;33063;2;3;1.0;3.0;44,82082000; -0,60203000;
202300042504.0;1;31;31149;2;6;1.0;3.0;43,61236500;1,31807600;
202300042505.0;5;54;54528;2;3;1.0;2.0;48,69661000;5,89502000;
202300042506.0;1;30;30243;1;2;1.0;3.0;44,09591000;4,08008000;
202300042507.0;1;29;29232;2;1;1.0;2.0;48,01064400; -4,10235300;
202300042508.0;1;50;50218;2;1;1.0;6.0;48,83794000; -1,57293000;
202300042509.0;1;29;29039;1;1;2.0;7.0;47,90160773; -3,90860942;
202300042510.0;5;50;50218;2;1;1.0;6.0;48,83067000; -1,53893000;
202300042511.0;1;29;29019;2;9;1.0;1.0;48,38223000; -4,50205000;
202300042512.0;1;27;27701;2;1;1.0;4.0;49,24469000;1,17354000;
202300042513.0;1;27;27229;2;1;1.0;6.0;49,02080000;1,14771000;
202300042514.0;5;50;50129;2;2;1.0;3.0;49,61793000; -1,65189000;
202300042515.0;1;24;24557;1;1;1.0;1.0;45,19802000;0,79040000;
202300042516.0;1;17;17306;2;1;1.0;6.0;45,62569000; -1,01734000;
202300042517.0;5;49;49007;1;6;1.0;3.0;47,48348000; -0,57568000;
202300042518.0;1;15;15012;1;1;1.0;7.0;44,85786800;2,44764600;
202300042519.0;2;49;49007;2;1;5.0;6.0;47,47175000; -0,54273000;
202300042520.0;1;13;13054;2;6;7.0;3.0;43,41990000;5,22500000;
202300042521.0;3;13;13103;1;1;1.0;7.0;43,67160000;5,07443000;
202300042522.0;1;07;07281;2;3;1.0;3.0;44,94038231;4,86387223;
202300042523.0;5;45;45234;2;3;1.0;3.0;47,89801000;1,87938000;
202300042524.0;1;07;07019;1;1;1.0;4.0;44,63434922;4,37960974;
202300042525.0;5;44;44143;2;1;2.0;6.0;47,17999000; -1,53842000;
202300042526.0;1;07;07019;1;1;1.0;2.0;44,63474000;4,37950000;
202300042527.0;2;37;37122;2;1;2.0;4.0;47,35141000;0,68156000;
202300042528.0;1;37;37261;2;1;1.0;6.0;47,36674000;0,67851000;
202300042529.0;5;35;35238;2;6;2.0;6.0;48,08672000; -1,66102000;
202300042530.0;1;06;06159;2;3;1.0;3.0;43,70148000;7,30661000;
202300042531.0;5;35;35115;2;6;2.0;3.0;48,35180800; -1,20063200;
202300042532.0;1;06;06069;2;1;1.0;6.0;43,64414900;6,93083000;
202300042533.0;1;34;34172;2;1;1.0;1.0;43,61357000;3,89826000;
202300042534.0;1;06;06029;2;1;1.0;6.0;43,55401000;6,96921000;
202300042535.0;3;34;34032;2;1;1.0;3.0;43,34131000;3,18345000;
202300042536.0;3;04;04112;1;1;1.0;7.0;43,81664000;5,77244000;
202300042537.0;3;33;33075;1;1;3.0;1.0;44,89639000; -0,58637000;
202300042538.0;3;02;02408;1;1;1.0;6.0;49,54990000;3,59562000;
202300042539.0;5;33;33063;2;1;3.0;3.0;44,84352000; -0,59946000;
202300042540.0;1;33;33063;2;1;2.0;6.0;44,86570000; -0,56057000;
202300042541.0;1;01;01283;2;3;8.0;3.0;46,25502300;5,63601800;
202300042542.0;1;33;33550;2;1;1.0;3.0;44,79759014; -0,56868330;
202300042543.0;5;33;33162;2;3;1.0;3.0;44,89110000; -0,65780000;
202300042544.0;1;51;51569;1;1;7.0;4.0;49,26492000;3,93284800;
202300042545.0;1;51;51030;2;1;8.0;7.0;49,05016400;4,01001000;
202300042546.0;5;31;31555;2;2;3.0;1.0;43,59365300;1,39176300;
202300042547.0;3;51;51029;2;6;1.0;6.0;48,97516500;4,02777800;
202300042548.0;1;31;31555;2;1;1.0;4.0;43,56096400;1,46273200;
202300042549.0;1;59;59546;2;1;1.0;3.0;50,77867100;2,54946400;
202300042550.0;5;75;75101;2;2;1.0;6.0;48,86636200;2,32347100;
202300042551.0;2;31;31555;2;1;1.0;3.0;43,56424355;1,40222535;
202300042552.0;3;79;79120;1;6;1.0;7.0;46,65416400; -0,09003600;
202300042553.0;1;2B;2B110;1;1;1.0;6.0;42,29398100;9,27412400;
202300042554.0;5;30;30189;2;4;1.0;3.0;43,83660000;4,37260000;
202300042555.0;1;29;29232;2;1;3.0;6.0;47,98629500; -4,07951000;
202300042556.0;1;81;81290;1;2;8.0;3.0;44,02530900;1,96304400;
202300042557.0;1;89;89263;1;3;1.0;3.0;47,86258600;3,57828100;
202300042558.0;5;29;29019;2;3;1.0;3.0;48,41841200; -4,46776300;
202300042559.0;1;63;63170;1;1;1.0;6.0;45,86477700;2,76325500;
202300042560.0;1;29;29019;2;6;2.0;3.0;48,38918000; -4,45805000;
202300042561.0;5;27;27681;2;2;2.0;3.0;49,07791000;1,49265000;
202300042562.0;1;63;63010;1;3;1.0;5.0;45,44144200;3,72392500;
202300042563.0;3;27;27234;1;1;1.0;2.0;49,03778900;1,18594400;
202300042564.0;1;49;49223;2;1;1.0;2.0;47,40229600; -0,53080400;
202300042565.0;2;93;93051;2;1;1.0;6.0;48,84887000;2,55320000;
202300042566.0;5;25;25388;2;2;8.0;1.0;47,51692000;6,79141000;
202300042567.0;1;46;46232;2;9;1.0;1.0;44,99490000;1,64475200;
202300042568.0;5;93;93048;2;2;1.0;6.0;48,87824000;2,45752000;
202300042569.0;1;46;46169;1;9;1.0;6.0;44,71052748;1,32979942;
202300042570.0;1;25;25056;2;2;1.0;3.0;47,22553000;5,96545000;
202300042571.0;5;24;24037;2;1;3.0;6.0;44,85583000;0,48406000;
202300042572.0;1;47;47285;1;4;1.0;7.0;44,45154700;0,10819000;
202300042573.0;5;93;93031;2;3;2.0;1.0;48,95286000;2,32350000;
202300042574.0;3;22;22360;1;1;1.0;6.0;48,49157000; -2,72283000;
202300042575.0;1;68;68270;2;1;7.0;6.0;47,77888400;7,28470800;
202300042576.0;1;93;93029;2;1;2.0;6.0;48,91648300;2,43620100;
202300042577.0;2;18;18033;1;2;8.0;4.0;47,04580000;2,42089800;