Num_Acc;lum;departement;commune;agglomeration;intersection;meteo;type_collision;lat;long;date
202300042578.0;1;93;93001;2;1;1.0;6.0;48,90700000;2,37600000;
202300042579.0;1;25;25024;1;1;1.0;4.0;46,95468600;6,40082400;
202300042580.0;4;18;18033;2;1;1.0;6.0;47,09805000;2,41719000;
202300042581.0;1;17;17306;2;2;2.0;6.0;45,62762000; -1,03034000;
202300042582.0;1;44;44192;1;1;7.0;3.0;47,25175200; -1,99118600;
202300042583.0;1;92;92062;2;1;1.0;2.0;48,88035200;2,22963700;
202300042584.0;5;14;14715;2;1;1.0;3.0;49,36541000;0,08411900;
202300042585.0;2;35;35207;1;3;1.0;1.0;48,06577700; -1,51082400;
202300042586.0;2;92;92077;2;2;2.0;5.0;48,82597804;2,19815800;
202300042587.0;1;29;29176;1;1;1.0;1.0;48,11268311; -4,20699075;
202300042588.0;5;13;13211;2;1;1.0;3.0;43,28893000;5,43115000;
202300042589.0;5;92;92050;2;1;1.0;6.0;48,90569000;2,21028000;
202300042590.0;1;29;29037;1;3;1.0;3.0;47,86196774; -4,16035509;
202300042591.0;2;38;38034;2;4;1.0;3.0;45,33617000;5,05003600;
202300042592.0;2;03;03320;1;1;1.0;6.0;46,54283100;2,92922400;
202300042593.0;1;06;06071;1;1;1.0;7.0;44,04403400;6,84020700;
202300042594.0;5;13;13206;2;9;1.0;2.0;43,29723000;5,38107000;
202300042595.0;2;92;92048;2;2;2.0;6.0;48,81490275;2,23424613;
202300042596.0;2;14;14161;1;2;1.0;3.0;49,21604540;0,13603091;
202300042597.0;1;14;14132;1;2;1.0;7.0;49,34030500; -0,98038100;
202300042598.0;5;73;73154;1;1;1.0;7.0;45,68087900;6,37528900;
202300042599.0;1;92;92040;2;1;2.0;6.0;48,81764600;2,27326900;
202300042600.0;1;24;24252;2;1;1.0;6.0;44,96079700;1,19755300;
202300042601.0;1;85;85084;1;3;1.0;3.0;46,78160600; -1,20852610;
202300042602.0;1;92;92040;2;1;1.0;2.0;48,82310000;2,26786000;
202300042603.0;1;17;17003;2;1;1.0;3.0;46,11651700; -0,93611200;
202300042604.0;5;37;37050;2;6;1.0;3.0;47,31714143;0,71081400;
202300042605.0;5;92;92026;2;9;1.0;4.0;48,89375000;2,24837000;
202300042606.0;5;08;08490;2;2;1.0;3.0;49,42582613;4,67710268;
202300042607.0;5;973;97307;2;1;1.0;1.0;4,88614200; -52,33527300;
202300042608.0;1;92;92025;2;3;1.0;3.0;48,93431700;2,25589200;
202300042609.0;1;18;18081;1;2;1.0;3.0;47,01157200;2,53344300;
202300042610.0;5;92;92012;1;1;2.0;1.0;48,85139000;2,23305000;
202300042611.0;1;975;97502;2;2;1.0;1.0;46,78154800; -56,17545100;
202300042612.0;2;988;98821;1;1;1.0;7.0; -22,16298900;166,38319600;
202300042613.0;3;74;74309;1;1;1.0;2.0;46,09619443;6,02549814;
202300042614.0;1;988;98813;2;1;1.0;6.0; -21,71496000;165,82849000;
202300042615.0;3;971;97125;1;1;1.0;6.0;16,25781500; -61,30680100;
202300042616.0;1;05;05167;1;1;1.0;3.0;44,46871200;5,72510500;
202300042617.0;3;02;02359;1;1;2.0;5.0;49,81219500;3,28863300;
202300042618.0;1;21;21038;2;1;1.0;6.0;47,19268700;5,38877200;
202300042619.0;1;88;88321;2;1;1.0;6.0;48,36788900;5,70191900;
202300042620.0;3;62;62623;2;1;6.0;1.0;50,92256700;2,05635920;
202300042621.0;1;55;55122;2;2;1.0;6.0;48,75891700;5,58334800;
202300042622.0;1;57;57017;2;2;1.0;3.0;49,16884700;6,04929900;
202300042623.0;1;69;69291;1;4;1.0;3.0;45,64121700;4,85634600;
202300042624.0;1;69;69028;2;1;1.0;1.0;45,71543145;4,70822243;
202300042625.0;5;69;69040;2;6;1.0;6.0;45,80143721;4,78556543;
202300042626.0;2;12;12169;1;1;1.0;1.0;44,19837055;2,33206630;
202300042627.0;5;33;33555;1;1;1.0;6.0;44,67948163; -0,87983966;
202300042628.0;1;22;22282;1;3;1.0;3.0;48,58884328; -2,24400222;
202300042629.0;1;35;35273;2;3;1.0;3.0;48,40086200; -1,26059000;
202300042630.0;1;59;59022;1;1;8.0;7.0;50,49913800;3,07263100;
202300042631.0;1;80;80721;2;3;1.0;6.0;50,17368200;1,64949400;
202300042632.0;1;62;62806;1;1;1.0;6.0;50,86060400;1,61874500;
202300042633.0;3;13;13216;1;1;1.0;2.0;43,35831000;5,34527000;
202300042634.0;1;83;83027;1;1;1.0;2.0;43,20287769;5,73702848;
202300042635.0;3;67;67482;2;1;1.0;6.0;48,57035000;7,73129000;
202300042636.0;3;59;59553;2;1;2.0;6.0;50,59650600;2,95648000;
202300042637.0;1;33;33096;1;1;1.0;2.0;44,89002761; -0,50330579;
202300042638.0;4;33;33096;1;1;1.0;2.0;44,89079600; -0,50217800;
202300042639.0;3;59;59609;1;1;1.0;4.0;50,57751000;3,08499000;
202300042640.0;1;91;91228;1;1;2.0;2.0;48,62805000;2,41306000;
202300042641.0;1;94;94038;1;1;2.0;2.0;48,77418337;2,34622975;
202300042642.0;1;78;78646;1;1;1.0;3.0;48,79308300;2,08415500;
202300042643.0;1;95;95026;2;1;2.0;3.0;49,13674300;2,36732800;
202300042644.0;1;92;92025;1;1;2.0;2.0;48,93542176;2,26058310;
202300042645.0;1;92;92047;1;1;2.0;2.0;48,83477584;2,17317586;
202300042646.0;1;78;78455;1;1;1.0;2.0;48,86051600;2,04735300;
202300042647.0;2;93;93010;1;1;1.0;3.0;48,90872000;2,47344000;
202300042648.0;1;93;93066;1;1;1.0;2.0;48,90717000;2,35845000;
202300042649.0;3;74;74256;1;1;1.0;1.0;45,92228500;6,63554400;
202300042650.0;1;95;95256;1;1;1.0;6.0;49,05809891;2,20914245;
202300042651.0;1;93;93066;1;1;1.0;4.0;48,93138000;2,36994000;
202300042652.0;1;81;81202;1;1;1.0;6.0;43,78839900;1,85887800;
202300042653.0;1;93;93005;1;1;1.0;3.0;48,96456235;2,47442275;
202300042654.0;1;93;93007;1;1;1.0;2.0;48,94605193;2,44078471;
202300042655.0;3;93;93053;1;1;1.0;3.0;48,89347000;2,47254000;
202300042656.0;1;93;93010;1;1;1.0;5.0;48,91009000;2,47461000;
202300042657.0;2;49;49022;1;1;2.0;1.0;47,31742800; -0,60566400;
202300042658.0;1;92;92036;1;1;1.0;5.0;48,94364712;2,28775617;
202300042659.0;1;93;93027;1;1;1.0;3.0;48,92582500;2,39761793;
202300042660.0;1;94;94044;1;1;2.0;6.0;48,75738000;2,47639000;
202300042661.0;1;75;75112;1;1;1.0;2.0;48,82108600;2,46156800;
202300042662.0;2;94;94004;1;1;1.0;3.0;48,75370000;2,51134000;
202300042663.0;1;88;88088;1;1;1.0;1.0;48,02257900;6,34745800;
202300042664.0;1;88;88413;2;1;1.0;6.0;48,27767000;6,95997000;
202300042665.0;1;88;88011;2;1;1.0;3.0;48,11365200;6,52050500;
202300042666.0;1;74;74133;2;3;1.0;3.0;46,18527000;6,21899000;
202300042667.0;1;13;13039;1;1;1.0;2.0;43,48535000;4,88799000;
202300042668.0;1;47;47252;2;2;1.0;3.0;44,39890600;0,59486600;
202300042669.0;3;13;13103;1;1;1.0;1.0;43,67190700;5,09616500;
202300042670.0;1;13;13001;1;1;1.0;4.0;43,52379900;5,40900200;
202300042671.0;1;974;97411;1;1;1.0;7.0; -20,93185500;55,49234300;
202300042672.0;3;974;97411;2;1;1.0;6.0; -20,87628000;55,45528000;
202300042673.0;1;69;69386;2;1;1.0;3.0;45,76553099;4,85904030;
202300042674.0;3;39;39367;1;1;1.0;6.0;46,56727000;5,99527400;
202300042675.0;1;69;69388;2;3;1.0;3.0;45,74116000;4,86224000;
202300042676.0;1;972;97213;2;6;2.0;6.0;14,61473000; -60,99327000;
202300042677.0;5;972;97209;2;1;1.0;1.0;14,63376000; -61,08076000;
202300042678.0;1;69;69382;2;1;1.0;2.0;45,75720000;4,83010000;
202300042679.0;1;70;70171;1;1;1.0;6.0;47,89902400;6,32992700;
202300042680.0;1;2B;2B037;1;2;1.0;3.0;42,59405000;9,43818000;
202300042681.0;1;971;97101;1;1;1.0;2.0;16,25844664; -61,51147485;
202300042682.0;5;971;97101;2;9;1.0;3.0;16,23939000; -61,52237000;
202300042683.0;1;2A;2A004;2;1;1.0;5.0;41,95006100;8,77052800;
202300042684.0;1;95;95563;2;3;1.0;3.0;49,01390150;2,23654997;
202300042685.0;5;95;95197;2;1;1.0;6.0;48,96689000;2,31755000;
202300042686.0;1;70;70421;1;1;1.0;6.0;47,69071400;6,01321200;
202300042687.0;1;73;73329;1;6;1.0;7.0;45,63732700;5,89229800;
202300042688.0;1;89;89239;1;4;1.0;3.0;48,19010000;3,31331000;
202300042689.0;3;70;70163;1;1;2.0;7.0;47,67608000;6,24404300;
202300042690.0;1;89;89387;2;2;2.0;3.0;48,19603000;3,28725000;
202300042691.0;1;50;50464;1;1;1.0;1.0;48,98514600; -1,41397500;
202300042692.0;1;38;38190;2;1;1.0;1.0;45,80195100;5,28492300;
202300042693.0;5;87;87085;2;3;1.0;3.0;45,82560000;1,27882000;
202300042694.0;3;07;07302;1;2;2.0;3.0;44,66141200;4,70628600;
202300042695.0;1;69;69208;2;2;1.0;3.0;45,84676100;4,61171500;
202300042696.0;1;83;83137;2;9;1.0;1.0;43,12568000;5,89714000;
202300042697.0;2;85;85051;1;1;2.0;1.0;46,70999900; -1,06560140;
202300042698.0;1;83;83137;2;1;1.0;6.0;43,12030000;5,95990000;
202300042699.0;1;69;69072;1;1;1.0;2.0;45,79566400;4,74121200;
202300042700.0;1;27;27284;2;1;1.0;6.0;49,27973100;1,77450200;
202300042701.0;1;65;65198;1;1;2.0;6.0;43,05778100;0,17193000;
202300042702.0;1;83;83118;2;3;1.0;6.0;43,41998000;6,77160000;
202300042703.0;3;17;17218;2;1;2.0;6.0;46,30551900; -0,99051900;
202300042704.0;1;77;77358;2;1;7.0;1.0;48,98409000;2,85828000;
202300042705.0;1;19;19146;1;9;1.0;6.0;45,31262677;1,75021514;
202300042706.0;5;30;30259;2;1;1.0;3.0;44,10810000;4,11710000;
202300042707.0;3;64;64230;1;1;5.0;6.0;43,24284200; -0,38744700;
202300042708.0;1;48;48099;1;1;1.0;6.0;44,53345300;3,26819700;
202300042709.0;5;76;76540;2;1;1.0;1.0;49,44103000;1,08231000;
202300042710.0;1;33;33417;1;1;1.0;1.0;44,94145800; -0,92038900;
202300042711.0;1;73;73089;1;1;1.0;6.0;45,53233200;6,12516700;
202300042712.0;5;76;76231;2;1;1.0;3.0;49,28900000;1,00576000;
202300042713.0;3;40;40134;1;1;1.0;2.0;44,22630100; -0,91603900;
202300042714.0;1;33;33056;2;2;1.0;3.0;44,90942800; -0,63969600;
202300042715.0;5;76;76481;1;6;1.0;7.0;49,53142000;0,10733000;
202300042716.0;1;06;06088;1;1;1.0;2.0;43,70898600;7,19454300;
202300042717.0;1;60;60628;1;1;2.0;4.0;49,41748600;2,17093700;
202300042718.0;5;76;76351;2;2;1.0;3.0;49,50142000;0,15008000;
202300042719.0;5;06;06088;1;1;1.0;6.0;43,66937700;7,20088400;
202300042720.0;1;72;72181;2;9;1.0;6.0;47,98216000;0,21432000;
202300042721.0;3;13;13214;1;1;1.0;2.0;43,32605000;5,37847000;
202300042722.0;1;72;72181;2;9;1.0;6.0;47,98001000;0,19220000;
202300042723.0;4;13;13103;1;1;1.0;3.0;43,67413600;5,09608100;
202300042724.0;5;971;97106;2;1;1.0;6.0;16,14501000; -61,76469100;
202300042725.0;1;71;71270;2;1;1.0;6.0;46,31371000;4,82874000;
202300042726.0;3;13;13106;1;1;1.0;1.0;43,38822000;5,35060000;
202300042727.0;3;29;29233;1;1;2.0;6.0;47,82679900; -3,56167300;
202300042728.0;1;13;13071;1;1;1.0;7.0;43,39728300;5,28717600;
202300042729.0;1;69;69271;2;1;1.0;6.0;45,72565000;4,96286000;
202300042730.0;1;69;69290;2;1;1.0;3.0;45,68396000;4,94776000;
202300042731.0;1;83;83144;2;1;1.0;2.0;43,14321538;6,01194447;
202300042732.0;1;77;77437;2;2;1.0;3.0;49,03575800;2,79604200;
202300042733.0;1;78;78522;1;1;1.0;1.0;48,57795600;1,96722900;
202300042734.0;3;68;68066;2;9;1.0;2.0;48,08286000;7,33677000;
202300042735.0;1;83;83129;1;9;1.0;5.0;43,12061240;5,84313268;
202300042736.0;5;66;66114;1;6;1.0;6.0;42,60748470;2,92402089;
202300042737.0;1;67;67482;2;1;1.0;3.0;48,56587000;7,75994000;
202300042738.0;1;94;94065;1;1;2.0;2.0;48,75476000;2,34825000;
202300042739.0;1;64;64348;2;1;1.0;3.0;43,30141800; -0,41258800;
202300042740.0;3;34;34154;1;2;1.0;3.0;43,62217400;3,99233900;
202300042741.0;1;95;95365;1;1;2.0;6.0;49,06740000;2,39873000;
202300042742.0;4;64;64284;1;6;1.0;6.0;43,27952000; -0,38020000;
202300042743.0;1;95;95582;1;1;3.0;7.0;48,96347642;2,26421356;
202300042744.0;1;64;64102;2;1;1.0;6.0;43,48375000; -1,49973000;
202300042745.0;1;21;21038;2;6;1.0;5.0;47,19738900;5,39118600;
202300042746.0;1;64;64102;2;1;1.0;7.0;43,48395000; -1,49973000;
202300042747.0;1;93;93078;1;1;8.0;6.0;48,96007000;2,52481000;
202300042748.0;1;88;88064;1;1;2.0;1.0;48,24969054;6,77747011;
202300042749.0;1;63;63113;2;2;1.0;3.0;45,80961166;3,10700678;
202300042750.0;1;62;62510;2;1;1.0;6.0;50,42431303;2,78197744;
202300042751.0;1;74;74056;2;1;8.0;6.0;45,94039200;6,88807400;
202300042752.0;3;95;95604;1;1;1.0;2.0;49,11981000;2,55626000;
202300042753.0;5;60;60057;2;3;1.0;3.0;49,44363149;2,08456886;
202300042754.0;5;94;94052;1;1;1.0;7.0;48,83532726;2,49379090;
202300042755.0;5;56;56121;2;1;1.0;1.0;47,76638000; -3,38553900;
202300042756.0;1;42;42094;2;2;1.0;3.0;45,71956300;4,22716700;
202300042757.0;1;973;97302;2;1;1.0;6.0;4,94114965; -52,32743427;
202300042758.0;2;56;56121;2;6;5.0;7.0;47,74681100; -3,36611800;
202300042759.0;3;26;26129;2;1;8.0;6.0;45,08268400;5,18106800;
202300042760.0;5;51;51454;2;3;1.0;3.0;49,24575000;4,01763000;
202300042761.0;5;50;50129;2;1;1.0;7.0;49,64956000; -1,56601000;
202300042762.0;2;69;69383;2;2;1.0;3.0;45,75605000;4,84650000;
202300042763.0;1;49;49007;2;2;1.0;3.0;47,48530000; -0,51610000;
202300042764.0;1;69;69094;1;1;1.0;3.0;45,75352600;4,68107700;
202300042765.0;1;49;49246;2;1;1.0;2.0;47,42935000; -0,52207000;
202300042766.0;1;69;69388;2;3;1.0;3.0;45,72710000;4,86953000;
202300042767.0;1;47;47001;2;1;1.0;3.0;44,20633000;0,63528000;
202300042768.0;3;19;19041;1;1;2.0;1.0;45,27909900;1,83730200;
202300042769.0;3;45;45004;2;1;1.0;6.0;47,97256517;2,76601079;
202300042770.0;1;41;41018;2;1;1.0;1.0;47,58362000;1,31349000;
202300042771.0;1;972;97209;2;1;1.0;5.0;14,63295000; -61,04245000;
202300042772.0;4;33;33179;1;2;2.0;3.0;45,00479300; -0,28359300;
202300042773.0;3;37;37122;1;1;1.0;7.0;47,30906000;0,68239000;
202300042774.0;1;972;97209;2;9;1.0;2.0;14,61056000; -61,04681000;
202300042775.0;1;85;85092;2;6;1.0;3.0;46,46236100; -0,80370800;
202300042776.0;1;34;34172;2;1;1.0;2.0;43,62706000;3,89054000;
202300042777.0;1;33;33529;1;1;1.0;1.0;44,61628876; -1,13749534;
202300042778.0;4;972;97209;2;3;1.0;1.0;14,62751000; -61,07471000;
202300042779.0;2;31;31555;2;1;1.0;2.0;43,60525176;1,39245674;
202300042780.0;1;69;69152;2;3;1.0;6.0;45,70335000;4,82285000;
202300042781.0;2;31;31149;2;3;1.0;3.0;43,59348700;1,35420000;
202300042782.0;3;28;28134;1;1;1.0;4.0;48,74661000;1,38500000;
202300042783.0;1;2B;2B037;1;1;1.0;2.0;42,60543000;9,43822000;
202300042784.0;2;76;76223;2;1;2.0;5.0;49,62759400;0,79879400;
202300042785.0;3;62;62460;1;1;6.0;6.0;50,58310000;1,74023900;
202300042786.0;5;971;97113;1;9;1.0;3.0;16,21802000; -61,49894000;
202300042787.0;1;28;28085;2;2;1.0;3.0;48,43939000;1,49145000;
202300042788.0;3;62;62801;2;1;3.0;6.0;50,39415600;2,74474000;
202300042789.0;5;24;24145;2;1;1.0;6.0;44,85552000;0,57257000;
202300042790.0;2;971;97101;1;1;1.0;1.0;16,25953000; -61,50912000;
202300042791.0;1;22;22360;2;1;1.0;3.0;48,47342000; -2,75475000;
202300042792.0;1;22;22278;2;1;1.0;2.0;48,49803000; -2,74528000;
202300042793.0;3;17;17306;2;1;1.0;6.0;45,63998000; -1,03104000;
202300042794.0;1;95;95210;2;2;1.0;3.0;48,97147000;2,30462000;
202300042795.0;1;13;13211;1;1;1.0;2.0;43,29468800;5,46429500;
202300042796.0;5;83;83069;2;1;1.0;3.0;43,11712000;6,14521000;
202300042797.0;5;13;13210;1;1;1.0;2.0;43,28197501;5,39400700;
202300042798.0;1;17;17300;2;1;1.0;3.0;46,15371000; -1,14547000;
202300042799.0;1;14;14221;1;1;7.0;2.0;49,16847000; -0,26629000;
202300042800.0;5;69;69266;1;1;1.0;7.0;45,78256000;4,89227000;
202300042801.0;1;80;80001;2;1;9.0;3.0;50,10950000;1,83940000;
202300042802.0;1;13;13071;2;1;1.0;1.0;43,40948000;5,35187000;
202300042803.0;1;67;67389;1;1;1.0;2.0;48,64887000;7,73169000;
202300042804.0;1;79;79329;2;1;1.0;3.0;46,99481500; -0,20121000;
202300042805.0;1;33;33063;1;1;2.0;6.0;44,88377927; -0,55736303;
202300042806.0;1;13;13039;1;1;1.0;4.0;43,46373000;4,92591000;
202300042807.0;1;77;77284;2;1;1.0;6.0;48,94722700;2,87971400;
202300042808.0;1;13;13213;2;1;1.0;1.0;43,32675000;5,43762000;
202300042809.0;1;13;13213;2;1;1.0;6.0;43,33029768;5,41259130;
202300042810.0;1;77;77284;2;1;1.0;3.0;48,94874000;2,87998000;
202300042811.0;1;92;92047;1;1;1.0;4.0;48,83397544;2,16646875;
202300042812.0;1;13;13213;2;1;1.0;6.0;43,32721010;5,41370149;
202300042813.0;2;92;92050;1;1;1.0;2.0;48,90206859;2,20357418;
202300042814.0;1;13;13205;2;1;1.0;1.0;43,29064000;5,40561000;
202300042815.0;3;69;69256;2;2;1.0;3.0;45,78221000;4,94237000;
202300042816.0;1;13;13005;2;1;1.0;4.0;43,28991000;5,58705000;
202300042817.0;1;95;95582;1;1;1.0;2.0;48,96418500;2,26793700;
202300042818.0;1;13;13005;1;6;1.0;3.0;43,31900000;5,59500000;
202300042819.0;1;69;69266;2;2;1.0;3.0;45,76705000;4,87138000;
202300042820.0;5;10;10387;2;1;1.0;7.0;48,30639000;4,05862000;
202300042821.0;1;93;93027;1;1;8.0;2.0;48,92693884;2,40503458;
202300042822.0;1;10;10081;2;2;1.0;7.0;48,32570000;4,04510000;
202300042823.0;1;69;69275;2;7;1.0;3.0;45,76936000;4,94693000;
202300042824.0;1;75;75118;2;1;1.0;3.0;48,90104700;2,34400000;
202300042825.0;1;92;92036;1;1;1.0;4.0;48,93788866;2,29766722;
202300042826.0;1;75;75106;2;3;1.0;2.0;48,85146100;2,33705100;
202300042827.0;5;69;69029;2;1;1.0;2.0;45,72718000;4,92716000;
202300042828.0;1;75;75105;2;3;1.0;6.0;48,84881800;2,35529200;
202300042829.0;2;93;93078;1;1;2.0;2.0;48,97102575;2,49879599;
202300042830.0;1;68;68376;2;1;1.0;6.0;47,81516000;7,33854000;
202300042831.0;1;75;75120;2;2;1.0;3.0;48,86299000;2,38748800;
202300042832.0;5;93;93010;1;1;2.0;5.0;48,90292000;2,47084000;
202300042833.0;1;75;75118;2;3;1.0;3.0;48,88731800;2,36712600;
202300042834.0;1;67;67447;2;3;1.0;3.0;48,60650000;7,73037000;
202300042835.0;1;75;75117;2;1;1.0;2.0;48,87888200;2,28558400;
202300042836.0;1;94;94028;1;1;2.0;2.0;48,77618830;2,43180914;
202300042837.0;1;67;67482;2;1;1.0;3.0;48,57239000;7,76260000;
202300042838.0;5;75;75116;2;7;1.0;3.0;48,86943900;2,28519000;
202300042839.0;1;75;75114;2;4;8.0;2.0;48,81913300;2,32959600;
202300042840.0;1;75;75116;2;1;1.0;1.0;48,84560016;2,27313593;
202300042841.0;1;64;64024;2;4;1.0;3.0;43,48217000; -1,51472000;
202300042842.0;5;75;75116;2;1;1.0;6.0;48,87312600;2,28865100;
202300042843.0;1;75;75119;2;2;1.0;3.0;48,88286600;2,37018300;
202300042844.0;1;75;75115;2;2;1.0;3.0;48,83101100;2,29233400;
202300042845.0;1;45;45169;2;1;1.0;4.0;47,92844245;1,84031188;
202300042846.0;5;75;75115;2;7;1.0;6.0;48,83644700;2,30664000;
202300042847.0;1;75;75119;2;2;1.0;3.0;48,89372900;2,37337700;
202300042848.0;1;75;75112;2;5;1.0;3.0;48,83468100;2,40078000;
202300042849.0;1;45;45004;2;1;1.0;3.0;47,97853000;2,76563000;
202300042850.0;1;75;75119;2;3;1.0;2.0;48,89516300;2,38274400;
202300042851.0;1;37;37233;2;3;1.0;6.0;47,39232537;0,74386507;
202300042852.0;1;75;75112;2;3;1.0;4.0;48,83156400;2,38535200;
202300042853.0;1;75;75116;2;4;1.0;6.0;48,85032500;2,27036800;
202300042854.0;1;75;75111;2;2;1.0;6.0;48,86156300;2,38260800;
202300042855.0;1;35;35278;1;1;1.0;4.0;48,14190600; -1,66525100;
202300042856.0;5;75;75117;2;3;8.0;3.0;48,89382800;2,31175800;
202300042857.0;2;75;75103;2;3;1.0;7.0;48,86121900;2,35347500;
202300042858.0;5;75;75104;2;3;1.0;6.0;48,85481300;2,36862900;
202300042859.0;1;75;75116;2;1;1.0;3.0;48,86742600;2,28592300;
202300042860.0;1;34;34172;2;1;1.0;1.0;43,60583700;3,82010500;
202300042861.0;1;94;94078;2;2;1.0;6.0;48,73313000;2,45071500;
202300042862.0;5;75;75116;2;1;2.0;6.0;48,87262800;2,27940900;
202300042863.0;1;34;34003;2;1;1.0;3.0;43,29068000;3,51378000;
202300042864.0;5;94;94043;2;1;1.0;3.0;48,80949700;2,35844200;
202300042865.0;1;94;94041;2;1;1.0;2.0;48,81443000;2,37384000;
202300042866.0;5;75;75115;2;3;1.0;3.0;48,84931200;2,28168400;
202300042867.0;1;33;33529;2;1;1.0;1.0;44,64376000; -1,17560000;
202300042868.0;5;94;94041;2;3;1.0;7.0;48,81500000;2,37822000;
202300042869.0;2;94;94038;2;1;1.0;2.0;48,77620000;2,34138000;
202300042870.0;1;75;75115;2;3;2.0;6.0;48,84160100;2,31827800;
202300042871.0;1;94;94038;2;1;1.0;6.0;48,77820000;2,33478000;
202300042872.0;1;75;75114;2;7;1.0;3.0;48,83742500;2,31809200;
202300042873.0;1;93;93073;2;3;1.0;2.0;48,95050000;2,56470000;
202300042874.0;1;25;25056;2;6;1.0;3.0;47,26047000;6,02727000;
202300042875.0;5;93;93071;2;1;1.0;6.0;48,94125730;2,54251079;
202300042876.0;5;75;75113;2;1;8.0;1.0;48,81601200;2,34598700;
202300042877.0;1;22;22278;2;1;1.0;7.0;48,52358000; -2,74077000;
202300042878.0;5;93;93066;2;1;1.0;1.0;48,94116900;2,38292400;
202300042879.0;3;17;17028;1;1;1.0;7.0;46,12291000; -1,10969000;
202300042880.0;1;93;93055;2;1;1.0;3.0;48,89477664;2,40972696;
202300042881.0;1;75;75113;2;3;2.0;3.0;48,82268700;2,37292400;
202300042882.0;1;93;93029;2;2;7.0;6.0;48,91975000;2,45148000;
202300042883.0;1;14;14118;2;1;1.0;3.0;49,19852500; -0,37363200;
202300042884.0;1;75;75113;2;5;2.0;3.0;48,82616289;2,36001402;
202300042885.0;1;93;93014;2;3;7.0;6.0;48,91259900;2,55175500;
202300042886.0;1;13;13019;2;1;1.0;1.0;43,46433000;5,35296000;
202300042887.0;5;75;75111;2;3;2.0;6.0;48,85245700;2,38923600;
202300042888.0;1;93;93010;2;1;7.0;1.0;48,89393200;2,47783000;
202300042889.0;5;10;10387;2;7;1.0;6.0;48,29768000;4,07612000;
202300042890.0;1;75;75110;2;3;1.0;2.0;48,87955700;2,35334200;
202300042891.0;1;07;07281;1;1;1.0;7.0;44,93346000;4,79379000;
202300042892.0;1;92;92046;2;1;1.0;4.0;48,81844978;2,30888307;
202300042893.0;1;92;92073;2;2;1.0;6.0;48,87383000;2,23014000;
202300042894.0;5;75;75103;2;2;1.0;6.0;48,86427000;2,35516400;
202300042895.0;1;07;07281;2;1;1.0;2.0;44,94240000;4,86021000;
202300042896.0;5;92;92040;2;9;1.0;4.0;48,82786570;2,26712868;
202300042897.0;5;06;06088;2;1;1.0;2.0;43,69318000;7,24397000;
202300042898.0;1;75;75103;2;3;1.0;7.0;48,86628746;2,35976726;
202300042899.0;1;92;92024;2;1;1.0;4.0;48,90117731;2,31545046;
202300042900.0;1;75;75112;2;1;1.0;2.0;48,83080700;2,40315400;
202300042901.0;1;94;94068;2;6;2.0;2.0;48,80536100;2,48396600;
202300042902.0;5;92;92023;2;6;1.0;3.0;48,78974609;2,25267738;
202300042903.0;1;75;75119;2;1;1.0;3.0;48,88622100;2,39147200;
202300042904.0;1;92;92012;2;1;1.0;6.0;48,82765175;2,24681407;
202300042905.0;5;94;94011;2;3;2.0;6.0;48,76321900;2,49355600;
202300042906.0;3;81;81097;1;1;1.0;7.0;43,89384700;2,21701330;
202300042907.0;1;75;75116;2;1;1.0;2.0;48,87379900;2,26797600;
202300042908.0;5;94;94034;2;6;3.0;3.0;48,75309600;2,33973800;
202300042909.0;1;75;75114;2;7;1.0;6.0;48,83357400;2,33633200;
202300042910.0;1;94;94059;2;2;1.0;6.0;48,80505000;2,57233000;
202300042911.0;1;75;75114;2;1;1.0;3.0;48,83556200;2,33356100;
202300042912.0;1;94;94017;2;1;1.0;3.0;48,81262000;2,51734000;
202300042913.0;1;35;35085;1;3;1.0;3.0;48,41703600; -1,75545200;
202300042914.0;1;75;75115;2;1;1.0;4.0;48,83482200;2,26566700;
202300042915.0;3;12;12049;1;1;1.0;6.0;44,56224400;2,60001500;
202300042916.0;5;93;93072;2;7;1.0;3.0;48,95580000;2,38316000;
202300042917.0;1;75;75113;2;2;1.0;3.0;48,83398100;2,36478800;
202300042918.0;1;93;93070;2;1;8.0;3.0;48,90380000;2,33927000;
202300042919.0;3;75;75111;2;3;1.0;3.0;48,85630700;2,37103300;
202300042920.0;1;93;93062;2;1;1.0;6.0;48,89894299;2,51852185;
202300042921.0;1;75;75111;2;2;1.0;3.0;48,86666300;2,37348900;
202300042922.0;5;93;93048;2;1;1.0;6.0;48,86119600;2,43946300;
202300042923.0;1;44;44023;1;1;1.0;1.0;47,43459000; -1,89054400;
202300042924.0;2;93;93005;2;1;1.0;6.0;48,95918200;2,49583600;
202300042925.0;5;75;75108;2;2;1.0;3.0;48,87312700;2,29708300;
202300042926.0;1;93;93001;2;2;1.0;2.0;48,90403501;2,37505585;
202300042927.0;1;94;94081;2;1;1.0;1.0;48,79621215;2,38677737;