Num_Acc;lum;departement;commune;agglomeration;intersection;meteo;type_collision;lat;long;date
202300042928.0;1;92;92073;2;1;1.0;6.0;48,86521000;2,21938000;
202300042929.0;1;94;94028;2;3;1.0;5.0;48,78761000;2,43590000;
202300042930.0;5;92;92007;2;2;1.0;3.0;48,79602300;2,29229100;
202300042931.0;1;92;92048;2;1;2.0;6.0;48,81916151;2,23439455;
202300042932.0;1;94;94041;2;1;1.0;2.0;48,80440000;2,37716000;
202300042933.0;1;92;92040;2;1;2.0;7.0;48,81800000;2,27690000;
202300042934.0;1;93;93064;2;3;1.0;2.0;48,87897462;2,47846907;
202300042935.0;5;92;92012;2;1;2.0;3.0;48,83669379;2,25326532;
202300042936.0;5;93;93057;2;1;1.0;3.0;48,90527416;2,50200396;
202300042937.0;5;92;92002;2;1;1.0;3.0;48,75869000;2,30690000;
202300042938.0;1;92;92064;2;3;1.0;3.0;48,85289253;2,20587015;
202300042939.0;3;01;01074;1;1;5.0;1.0;46,01474200;5,17933500;
202300042940.0;5;92;92023;2;1;1.0;2.0;48,78420473;2,24872863;
202300042941.0;1;57;57439;2;1;2.0;6.0;49,45021200;6,43110600;
202300042942.0;2;92;92012;2;2;1.0;2.0;48,83091240;2,25822097;
202300042943.0;2;33;33334;1;2;1.0;3.0;44,69019600; -0,42383200;
202300042944.0;1;31;31003;1;3;1.0;3.0;43,56206200;1,58548600;
202300042945.0;1;52;52056;1;1;1.0;7.0;48,04071900;5,03778900;
202300042946.0;5;92;92007;2;9;1.0;3.0;48,78962652;2,31357023;
202300042947.0;1;44;44089;1;1;8.0;7.0;47,34542000; -1,86005000;
202300042948.0;1;74;74171;2;1;1.0;3.0;46,31490900;6,34282400;
202300042949.0;1;51;51195;1;1;1.0;7.0;48,76946700;4,58220500;
202300042950.0;1;04;04033;1;1;1.0;3.0;44,45447100;6,31684400;
202300042951.0;1;51;51612;2;1;2.0;7.0;48,90958725;4,00121748;
202300042952.0;1;42;42212;1;3;1.0;1.0;45,97931700;4,11776200;
202300042953.0;5;74;74195;2;1;1.0;6.0;46,00538300;5,95994000;
202300042954.0;1;63;63278;2;3;1.0;3.0;45,92425900;3,15860200;
202300042955.0;3;78;78192;1;2;9.0;3.0;48,92844900;1,60962000;
202300042956.0;1;01;01143;1;1;1.0;7.0;46,41338400;6,06071500;
202300042957.0;3;65;65369;2;1;1.0;7.0;43,27002700;0,17648900;
202300042958.0;1;72;72200;1;1;1.0;7.0;47,90989900;0,21732300;
202300042959.0;3;22;22232;1;2;1.0;1.0;48,63532800; -2,90779900;
202300042960.0;3;29;29236;1;4;1.0;6.0;47,85015300; -3,66256700;
202300042961.0;2;44;44158;1;1;2.0;3.0;47,27623000; -1,72154900;
202300042962.0;1;29;29236;1;1;8.0;6.0;47,87121000; -3,61230500;
202300042963.0;2;44;44076;1;1;2.0;2.0;47,62739666; -1,64438725;
202300042964.0;2;29;29095;1;1;8.0;1.0;48,45906028; -4,35659076;
202300042965.0;5;62;62162;1;4;1.0;6.0;50,56993159;2,44732690;
202300042966.0;1;03;03314;1;3;1.0;1.0;46,30626800;2,63682600;
202300042967.0;2;62;62559;1;1;2.0;1.0;50,20758517;3,10018766;
202300042968.0;5;01;01196;1;1;1.0;6.0;46,36074000;5,12270700;
202300042969.0;1;58;58280;1;1;2.0;7.0;46,84794600;3,39509200;
202300042970.0;1;40;40165;1;1;1.0;1.0;44,11048400; -0,70200900;
202300042971.0;1;59;59194;1;1;1.0;6.0;50,19838600;3,63939300;
202300042972.0;1;06;06059;1;1;1.0;3.0;43,73232900;7,38265200;
202300042973.0;1;50;50389;1;2;1.0;3.0;49,01277000; -1,36152700;
202300042974.0;3;10;10035;1;1;8.0;6.0;48,20762300;4,75364700;
202300042975.0;1;76;76263;1;1;1.0;2.0;49,49436800;1,53062900;
202300042976.0;5;85;85146;2;3;1.0;3.0;46,96240600; -1,34484800;
202300042977.0;5;2B;2B123;1;6;1.0;6.0;42,00417200;9,44154500;
202300042978.0;1;27;27232;2;1;1.0;6.0;49,29009700;1,54036000;
202300042979.0;2;80;80240;2;1;1.0;1.0;49,92700800;2,94293400;
202300042980.0;1;27;27112;1;2;1.0;7.0;48,85305400;0,93963100;
202300042981.0;1;28;28023;1;1;2.0;3.0;48,51146600;1,67844100;
202300042982.0;1;11;11361;1;1;1.0;5.0;43,32727700;2,06412600;
202300042983.0;1;77;77279;1;1;9.0;6.0;48,37903600;3,00879900;
202300042984.0;1;71;71014;2;1;1.0;1.0;46,96064300;4,30503700;
202300042985.0;3;63;63003;1;1;1.0;7.0;45,53533300;3,78088500;
202300042986.0;1;38;38197;1;1;1.0;2.0;45,74286500;5,09583200;
202300042987.0;5;74;74010;2;1;2.0;2.0;45,88414000;6,09939300;
202300042988.0;1;49;49291;1;2;1.0;3.0;47,17007800; -0,09272400;
202300042989.0;5;69;69225;1;9;1.0;3.0;45,88189800;4,42955000;
202300042990.0;1;42;42234;1;2;1.0;1.0;45,52623100;4,39051900;
202300042991.0;2;30;30333;1;1;1.0;3.0;43,76563900;4,26745900;
202300042992.0;1;46;46313;2;1;1.0;7.0;44,91391100;1,76107400;
202300042993.0;3;34;34041;1;1;1.0;1.0;43,60895463;3,47056080;
202300042994.0;1;44;44087;1;1;1.0;6.0;47,04857500; -1,81489000;
202300042995.0;1;17;17022;1;8;1.0;3.0;45,88349200; -0,52797900;
202300042996.0;1;44;44131;1;9;1.0;3.0;47,12540300; -2,14171200;
202300042997.0;4;38;38517;1;6;1.0;6.0;45,29450500;5,50702600;
202300042998.0;1;2B;2B223;1;1;1.0;2.0;42,53644100;9,18484900;
202300042999.0;1;38;38108;1;1;1.0;3.0;45,07436900;5,44843600;
202300043000.0;3;66;66050;1;1;1.0;6.0;42,74613000;2,96957000;
202300043001.0;1;13;13053;1;1;1.0;7.0;43,73639800;5,16642100;
202300043002.0;1;03;03221;1;1;1.0;2.0;46,64509800;2,72503900;
202300043003.0;1;13;13041;1;1;1.0;7.0;43,45376400;5,45581700;
202300043004.0;1;66;66016;1;1;1.0;1.0;42,44972100;3,05736400;
202300043005.0;1;68;68364;1;1;2.0;3.0;47,94985400;7,26919400;
202300043006.0;1;54;54222;1;1;1.0;6.0;48,52047207;6,47501886;
202300043007.0;3;44;44026;1;1;2.0;1.0;47,28823201; -1,43766403;
202300043008.0;1;14;14369;1;1;2.0;3.0;49,16145700; -0,88863200;
202300043009.0;3;14;14499;1;1;1.0;6.0;49,24589098; -0,18198230;
202300043010.0;1;22;22339;2;3;1.0;3.0;48,46717000; -2,05444100;
202300043011.0;1;05;05039;1;4;1.0;3.0;44,76978600;6,02256800;
202300043012.0;1;22;22093;1;1;8.0;3.0;48,47048900; -2,54012700;
202300043013.0;1;07;07288;1;1;1.0;5.0;44,72255800;4,51048900;
202300043014.0;1;40;40115;1;2;1.0;3.0;43,77160100; -0,90459600;
202300043015.0;3;33;33318;1;1;1.0;2.0;44,80161000; -0,65806000;
202300043016.0;1;40;40188;2;1;1.0;3.0;43,62067000; -0,63060300;
202300043017.0;3;92;92002;1;1;1.0;4.0;48,73194131;2,31060880;
202300043018.0;1;24;24520;2;1;1.0;6.0;44,89367900;1,22580200;
202300043019.0;3;94;94034;1;1;1.0;2.0;48,75359848;2,33149496;
202300043020.0;3;85;85101;1;2;1.0;3.0;46,45413100; -1,40360300;
202300043021.0;1;91;91521;1;1;1.0;7.0;48,63603000;2,39996000;
202300043022.0;1;27;27587;1;1;7.0;1.0;49,28832700;0,64162700;
202300043023.0;1;92;92047;1;1;8.0;2.0;48,83477584;2,17317586;
202300043024.0;1;37;37111;1;2;1.0;3.0;47,21067700;1,13419600;
202300043025.0;1;92;92050;1;1;2.0;4.0;48,91530800;2,22011012;
202300043026.0;1;68;68375;2;1;1.0;3.0;47,78890800;7,22631600;
202300043027.0;1;92;92050;1;1;2.0;3.0;48,89184038;2,17839880;
202300043028.0;3;01;01089;1;1;1.0;6.0;45,96269300;5,30637900;
202300043029.0;5;93;93027;1;1;1.0;5.0;48,92312000;2,38254000;
202300043030.0;1;31;31035;1;1;7.0;5.0;43,53588700;1,50980500;
202300043031.0;3;92;92036;1;1;8.0;6.0;48,94411853;2,28638822;
202300043032.0;1;40;40206;1;1;1.0;5.0;43,52726900; -1,10326800;
202300043033.0;1;92;92036;1;1;2.0;3.0;48,94067835;2,29263081;
202300043034.0;1;34;34213;1;1;1.0;2.0;43,47524200;3,65067000;
202300043035.0;1;94;94022;1;1;1.0;2.0;48,77611070;2,42505182;
202300043036.0;1;94;94079;1;1;1.0;3.0;48,83592061;2,53990748;
202300043037.0;3;73;73128;1;1;1.0;6.0;45,72807017;5,92382058;
202300043038.0;3;93;93051;1;1;2.0;6.0;48,83636712;2,54936457;
202300043039.0;1;13;13051;1;1;1.0;2.0;43,59343100;5,17692100;
202300043040.0;5;54;54395;2;3;1.0;6.0;48,68518000;6,15991000;
202300043041.0;1;973;97312;1;1;1.0;6.0;5,34147200; -52,92942500;
202300043042.0;2;25;25056;2;1;2.0;6.0;47,22727100;5,96553700;
202300043043.0;3;77;77455;2;1;1.0;1.0;48,65570200;2,69941900;
202300043044.0;2;42;42095;2;6;2.0;6.0;45,37988000;4,27653000;
202300043045.0;3;84;84034;1;1;1.0;1.0;43,88320200;4,96607800;
202300043046.0;1;63;63075;2;1;2.0;6.0;45,76966000;3,05783000;
202300043047.0;1;06;06048;1;1;1.0;6.0;43,79650800;7,35410100;
202300043048.0;1;63;63113;2;1;1.0;6.0;45,77520000;3,08471000;
202300043049.0;1;05;05079;1;1;1.0;7.0;45,06292000;6,40732500;
202300043050.0;4;62;62464;2;1;2.0;6.0;50,49101400;2,80911800;
202300043051.0;3;26;26166;1;1;1.0;2.0;44,75882100;4,79487800;
202300043052.0;1;974;97409;1;1;1.0;6.0; -20,94923000;55,65413000;
202300043053.0;4;38;38494;2;1;1.0;6.0;45,69009300;5,37278100;
202300043054.0;1;973;97302;2;1;1.0;6.0;4,92878000; -52,31648000;
202300043055.0;1;26;26163;1;1;1.0;7.0;44,91613400;5,19897900;
202300043056.0;2;69;69387;2;1;1.0;2.0;45,74313000;4,85530000;
202300043057.0;3;17;17184;1;3;1.0;3.0;45,77660000; -0,93620800;
202300043058.0;1;69;69387;2;2;1.0;3.0;45,74338000;4,83429000;
202300043059.0;1;22;22050;1;1;1.0;1.0;48,44040500; -2,04189100;
202300043060.0;3;972;97209;2;3;1.0;3.0;14,61111000; -61,07007000;
202300043061.0;1;22;22233;1;1;2.0;3.0;48,71438300; -3,08192300;
202300043062.0;2;972;97209;1;1;1.0;5.0;14,61450000; -61,05300000;
202300043063.0;1;76;76684;2;1;2.0;6.0;49,47525300;0,46235400;
202300043064.0;1;69;69149;2;2;1.0;6.0;45,71290000;4,80718000;
202300043065.0;1;60;60589;1;6;1.0;3.0;49,20673700;2,46268100;
202300043066.0;1;971;97101;2;2;1.0;3.0;16,27670000; -61,50818000;
202300043067.0;1;60;60088;1;1;1.0;5.0;49,18981700;2,19276000;
202300043068.0;3;59;59191;1;1;1.0;6.0;50,04056300;3,36323300;
202300043069.0;1;91;91377;2;3;1.0;6.0;48,73222000;2,25606000;
202300043070.0;2;13;13214;1;1;1.0;3.0;43,33004000;5,40126000;
202300043071.0;1;91;91421;2;1;1.0;7.0;48,69609000;2,44524000;
202300043072.0;1;13;13213;1;1;1.0;2.0;43,32992000;5,41131700;
202300043073.0;1;87;87085;2;6;2.0;3.0;45,81520000;1,26968000;
202300043074.0;1;83;83144;1;1;1.0;6.0;43,14139129;6,00396948;
202300043075.0;1;87;87085;2;1;2.0;6.0;45,83313000;1,26858000;
202300043076.0;1;33;33167;1;1;1.0;3.0;44,82125700; -0,51760800;
202300043077.0;1;87;87085;1;1;2.0;6.0;45,83980000;1,18395000;
202300043078.0;5;78;78440;2;1;3.0;6.0;48,98144900;1,91249200;
202300043079.0;1;33;33192;1;1;1.0;3.0;44,78190000; -0,63525200;
202300043080.0;4;33;33013;1;9;1.0;2.0;44,86873840; -0,50268620;
202300043081.0;3;91;91689;1;1;1.0;5.0;48,74604000;2,32573000;
202300043082.0;1;92;92048;1;1;1.0;4.0;48,79379358;2,21880725;
202300043083.0;3;93;93053;1;1;1.0;6.0;48,89790505;2,46977341;
202300043084.0;1;94;94028;1;1;1.0;2.0;48,79411216;2,44179389;
202300043085.0;3;77;77186;1;1;2.0;2.0;48,44752400;2,63278800;
202300043086.0;2;77;77450;1;1;2.0;2.0;48,71455800;2,59969900;
202300043087.0;5;76;76575;2;1;2.0;4.0;49,39788400;1,10001291;
202300043088.0;1;83;83118;2;1;1.0;6.0;43,43746000;6,89218000;
202300043089.0;2;76;76540;2;2;2.0;3.0;49,44423000;1,08531000;
202300043090.0;1;06;06069;1;1;1.0;6.0;43,64178300;6,94867300;
202300043091.0;1;74;74012;2;1;1.0;3.0;46,19526000;6,26871000;
202300043092.0;1;976;97611;2;9;1.0;1.0; -12,76038000;45,22659000;
202300043093.0;1;72;72181;2;6;2.0;1.0;48,00593000;0,20158000;
202300043094.0;1;974;97411;2;2;1.0;3.0; -20,89430000;55,48669000;
202300043095.0;3;974;97411;2;1;1.0;3.0; -20,93569000;55,49029000;
202300043096.0;5;67;67482;2;3;2.0;3.0;48,57353000;7,76663000;
202300043097.0;1;974;97407;2;1;1.0;6.0; -20,93568000;55,29660000;
202300043098.0;1;64;64102;2;1;1.0;3.0;43,48672000; -1,46675000;
202300043099.0;1;973;97302;2;1;1.0;7.0;4,90986000; -52,32154000;
202300043100.0;1;69;69383;2;2;1.0;3.0;45,74583000;4,88765000;
202300043101.0;5;64;64102;2;1;2.0;3.0;43,48391000; -1,47671000;
202300043102.0;1;972;97213;2;6;1.0;6.0;14,61964000; -60,99471000;
202300043103.0;1;972;97213;1;1;1.0;6.0;14,62190000; -60,99101000;
202300043104.0;5;69;69385;2;1;1.0;6.0;45,75555000;4,80925000;
202300043105.0;1;69;69389;2;1;1.0;5.0;45,79909000;4,83370000;
202300043106.0;1;2B;2B120;2;1;1.0;6.0;42,64480000;9,43410000;
202300043107.0;1;95;95306;2;1;1.0;6.0;48,99893000;2,15193000;
202300043108.0;1;91;91161;2;9;1.0;3.0;48,70439000;2,32226000;
202300043109.0;1;87;87050;2;1;1.0;6.0;45,86807000;1,23740000;
202300043110.0;4;87;87065;2;1;1.0;6.0;45,81159000;1,34343000;
202300043111.0;1;84;84035;2;2;1.0;2.0;43,83800000;5,06600000;
202300043112.0;1;76;76486;2;1;1.0;1.0;49,30105000;0,99252000;
202300043113.0;1;72;72181;2;6;1.0;3.0;47,98765000;0,18130000;
202300043114.0;1;71;71306;2;1;1.0;6.0;46,67231000;4,35973000;
202300043115.0;1;71;71306;2;1;1.0;7.0;46,66853000;4,36038000;
202300043116.0;4;69;69029;2;1;1.0;2.0;45,73784533;4,92141192;
202300043117.0;1;66;66136;1;6;9.0;3.0;42,73092682;2,89556265;
202300043118.0;1;64;64024;2;3;1.0;3.0;43,47658000; -1,52629000;
202300043119.0;5;63;63113;2;2;1.0;3.0;45,76789000;3,08407000;
202300043120.0;1;59;59512;2;2;1.0;3.0;50,68222000;3,17609000;
202300043121.0;1;54;54439;2;3;1.0;3.0;48,70473000;6,25016000;
202300043122.0;1;51;51454;2;1;1.0;3.0;49,23245000;4,01416000;
202300043123.0;1;50;50129;2;1;1.0;2.0;49,63138000; -1,61759000;
202300043124.0;1;50;50129;2;1;1.0;3.0;49,63961000; -1,62523000;
202300043125.0;1;49;49007;2;1;1.0;6.0;47,44556000; -0,55788000;
202300043126.0;5;42;42186;2;3;1.0;3.0;45,52913000;4,61606000;
202300043127.0;1;42;42207;2;2;1.0;3.0;45,45538953;4,50579543;
202300043128.0;2;42;42071;2;1;1.0;6.0;46,02616000;4,09272000;
202300043129.0;1;41;41018;1;1;1.0;3.0;47,58626000;1,32637000;
202300043130.0;5;38;38421;2;1;1.0;1.0;45,17266000;5,75652000;
202300043131.0;1;35;35238;2;2;1.0;3.0;48,12949000; -1,65387000;
202300043132.0;1;35;35238;2;2;1.0;3.0;48,12784000; -1,65747000;
202300043133.0;5;35;35238;2;1;2.0;3.0;48,11023000; -1,67516000;
202300043134.0;1;80;80600;1;3;7.0;2.0;50,18613200;1,69904000;
202300043135.0;1;71;71240;1;1;1.0;3.0;46,39966872;4,64990906;
202300043136.0;1;89;89003;2;3;1.0;1.0;47,87560567;3,35540344;
202300043137.0;1;12;12052;2;3;1.0;3.0;44,57104200;2,07469400;
202300043138.0;1;22;22203;2;1;1.0;6.0;48,32628982; -2,84137197;
202300043139.0;1;39;39193;2;1;2.0;1.0;46,94994400;5,49858200;
202300043140.0;3;25;25442;1;1;1.0;6.0;46,84286000;6,33338200;
202300043141.0;1;44;44101;2;6;1.0;7.0;47,19199451; -1,69615924;
202300043142.0;3;44;44212;1;1;1.0;1.0;47,15520000; -1,25553100;
202300043143.0;1;44;44194;1;1;1.0;4.0;47,27575694; -1,71381891;
202300043144.0;1;35;35224;1;1;1.0;6.0;48,52792800; -1,83272900;
202300043145.0;1;29;29097;1;1;1.0;2.0;48,49768200; -4,05529600;
202300043146.0;1;01;01196;1;3;1.0;1.0;46,38848500;5,11604000;
202300043147.0;1;70;70504;1;1;2.0;6.0;47,60971500;5,95484700;
202300043148.0;1;58;58150;1;1;1.0;6.0;47,32003200;3,56695200;
202300043149.0;3;66;66218;1;6;1.0;1.0;42,45101800;1,95519600;
202300043150.0;1;72;72011;1;1;1.0;6.0;48,34051466;0,00559330;
202300043151.0;1;72;72198;2;6;1.0;7.0;48,06104800;0,14070300;
202300043152.0;1;05;05123;1;1;1.0;1.0;44,56192300;5,93584700;
202300043153.0;1;64;64229;1;1;3.0;7.0;43,21353900; -1,13252500;
202300043154.0;1;73;73007;1;1;1.0;5.0;45,57145900;6,22911645;
202300043155.0;1;73;73084;1;1;1.0;1.0;45,52493900;6,00666800;
202300043156.0;1;36;36007;1;1;1.0;3.0;46,92559000;1,49785300;
202300043157.0;1;16;16280;1;3;1.0;3.0;45,76377300;0,36820300;
202300043158.0;1;85;85294;2;6;1.0;3.0;46,34825700; -1,40495700;
202300043159.0;1;85;85084;1;3;1.0;3.0;46,74936700; -1,26114200;
202300043160.0;1;30;30192;1;1;1.0;7.0;43,88103300;4,05154600;
202300043161.0;1;52;52070;1;1;1.0;1.0;47,80688143;5,26150727;
202300043162.0;1;24;24297;1;1;1.0;2.0;44,98664300;0,08120600;
202300043163.0;5;978;97801;2;1;1.0;3.0;18,06709100; -63,03725500;
202300043164.0;1;69;69102;1;1;1.0;3.0;45,86655500;4,39277200;
202300043165.0;1;06;06088;1;1;1.0;2.0;43,72354500;7,22814600;
202300043166.0;5;974;97424;2;1;1.0;1.0; -21,13498500;55,47625200;
202300043167.0;3;971;97116;1;1;1.0;1.0;16,32307400; -61,47234700;
202300043168.0;1;971;97115;2;1;1.0;6.0;16,23278500; -61,66748800;
202300043169.0;1;45;45096;1;2;1.0;3.0;47,77184600;2,60716100;
202300043170.0;3;34;34103;1;1;1.0;7.0;43,54765700;3,41473800;
202300043171.0;5;34;34092;2;1;1.0;6.0;43,35926613;2,94214512;
202300043172.0;1;84;84092;1;1;2.0;2.0;43,96324000;4,85104900;
202300043173.0;1;83;83104;1;1;1.0;7.0;43,56783000;5,74276000;
202300043174.0;1;13;13041;1;1;1.0;6.0;43,44860000;5,51095800;
202300043175.0;1;71;71586;1;1;1.0;1.0;46,48251500;4,34431500;
202300043176.0;1;38;38374;1;1;1.0;1.0;45,61504300;5,38971100;
202300043177.0;3;69;69215;1;1;1.0;6.0;46,03342970;4,68313098;
202300043178.0;1;69;69141;2;2;1.0;3.0;45,61448400;4,67328800;
202300043179.0;1;81;81092;2;3;1.0;3.0;43,67486000;1,94208000;
202300043180.0;1;31;31248;2;6;8.0;6.0;43,45367200;1,39329000;
202300043181.0;2;40;40019;1;1;1.0;6.0;44,21237700; -1,20549700;
202300043182.0;2;59;59101;1;1;3.0;6.0;50,25729600;4,16831900;
202300043183.0;1;59;59581;1;1;1.0;6.0;50,66777700;2,77287800;
202300043184.0;1;13;13214;1;1;1.0;4.0;43,33970900;5,37668900;
202300043185.0;1;13;13202;1;1;1.0;2.0;43,30207880;5,36450012;
202300043186.0;1;13;13215;1;1;1.0;3.0;43,35021000;5,36850000;
202300043187.0;1;33;33397;1;1;1.0;3.0;44,91421000; -0,48020000;
202300043188.0;2;33;33550;1;9;1.0;6.0;44,78264300; -0,58707300;
202300043189.0;1;59;59386;1;1;1.0;6.0;50,68319000;3,06855000;
202300043190.0;1;94;94043;1;1;1.0;2.0;48,80839441;2,34798035;
202300043191.0;1;78;78431;1;1;1.0;4.0;48,93587400;1,96243900;
202300043192.0;1;93;93064;1;1;1.0;3.0;48,87828000;2,47673000;
202300043193.0;1;93;93027;1;1;1.0;5.0;48,92648671;2,40257539;
202300043194.0;1;95;95018;1;1;3.0;2.0;48,96192000;2,26767000;
202300043195.0;3;93;93066;1;1;1.0;4.0;48,93036000;2,36622000;
202300043196.0;1;93;93053;1;1;1.0;6.0;48,89912191;2,46932995;
202300043197.0;3;95;95678;1;1;1.0;6.0;49,07148900;2,24452300;
202300043198.0;1;95;95424;1;1;1.0;2.0;48,99193000;2,18987000;
202300043199.0;1;93;93064;1;1;1.0;3.0;48,87092000;2,48233000;
202300043200.0;1;77;77514;1;1;3.0;2.0;48,94085800;2,62840900;
202300043201.0;1;77;77294;1;1;1.0;2.0;48,96239500;2,61557200;
202300043202.0;1;77;77083;1;1;1.0;2.0;48,83052112;2,60996707;
202300043203.0;3;77;77294;1;1;1.0;2.0;48,96247225;2,61535863;
202300043204.0;1;75;75112;1;1;1.0;3.0;48,82100100;2,46162600;
202300043205.0;1;71;71306;2;6;1.0;6.0;46,69079000;4,35660400;
202300043206.0;1;64;64024;2;1;1.0;3.0;43,48567000; -1,51945000;
202300043207.0;1;987;98735;2;1;1.0;6.0;2,00000000;2,00000000;
202300043208.0;5;974;97407;2;1;1.0;6.0; -20,94169456;55,31120002;
202300043209.0;5;973;97302;2;1;1.0;2.0;4,90792000; -52,32200000;
202300043210.0;1;973;97302;2;3;1.0;4.0;4,93253830; -52,29043454;
202300043211.0;1;69;69387;2;1;1.0;5.0;45,75332000;4,84662000;
202300043212.0;5;972;97209;1;1;1.0;4.0;14,61470000; -61,04774000;
202300043213.0;1;69;69081;2;3;8.0;7.0;45,77583000;4,79454000;
202300043214.0;1;69;69384;2;3;1.0;3.0;45,77496674;4,82875599;
202300043215.0;1;971;97101;2;1;1.0;6.0;16,25526000; -61,52906000;
202300043216.0;1;2A;2A004;2;1;1.0;2.0;41,93388000;8,75085000;
202300043217.0;1;95;95585;2;1;1.0;6.0;48,97894900;2,38194000;
202300043218.0;1;95;95277;1;1;1.0;2.0;48,97787855;2,44667351;
202300043219.0;5;95;95488;2;3;1.0;7.0;49,00219584;2,18505621;
202300043220.0;1;91;91657;2;1;1.0;1.0;48,70935000;2,43576000;
202300043221.0;1;91;91514;2;9;2.0;2.0;48,68134000;2,53568000;
202300043222.0;1;91;91479;2;2;1.0;5.0;48,71173000;2,36947000;
202300043223.0;1;86;86194;2;1;2.0;3.0;46,55343000;0,30557000;
202300043224.0;1;82;82121;1;3;1.0;3.0;44,06302000;1,38611000;
202300043225.0;1;81;81033;1;1;1.0;1.0;44,04305690;2,12652930;
202300043226.0;1;80;80021;2;3;1.0;3.0;49,91167000;2,30602000;
202300043227.0;1;80;80021;2;1;1.0;6.0;49,87465000;2,28653000;
202300043228.0;5;78;78481;2;6;1.0;3.0;48,88942000;2,10386000;
202300043229.0;1;78;78172;2;3;1.0;3.0;49,00705000;2,11846000;
202300043230.0;2;77;77495;1;1;8.0;6.0;48,55735000;2,61111000;
202300043231.0;1;77;77335;1;1;1.0;3.0;48,95665000;2,85791000;
202300043232.0;2;76;76351;2;1;1.0;6.0;49,49147000;0,13572000;
202300043233.0;1;76;76447;1;1;2.0;6.0;49,52516000;0,18294000;
202300043234.0;1;76;76351;2;2;1.0;3.0;49,49761000;0,13743000;
202300043235.0;1;76;76305;2;1;1.0;6.0;49,50434000;0,23527000;
202300043236.0;5;74;74012;2;2;1.0;3.0;46,18612000;6,23641000;
202300043237.0;1;74;74012;2;1;1.0;2.0;46,19000000;6,23000000;
202300043238.0;1;72;72181;2;1;1.0;6.0;47,98000000;0,18664000;
202300043239.0;2;72;72095;2;1;1.0;2.0;48,02930000;0,20139000;
202300043240.0;1;72;72181;2;9;1.0;6.0;47,99354800;0,20430800;
202300043241.0;5;72;72181;2;1;1.0;6.0;47,98600000;0,18219000;
202300043242.0;5;71;71040;2;1;1.0;6.0;46,69599000;4,38524000;
202300043243.0;1;69;69029;2;1;1.0;3.0;45,75108000;4,90723000;
202300043244.0;1;69;69271;2;3;1.0;5.0;45,73898240;4,95897522;
202300043245.0;1;69;69259;1;9;1.0;4.0;45,72014000;4,88151000;
202300043246.0;5;69;69029;2;1;1.0;2.0;45,73444000;4,90611000;
202300043247.0;5;67;67267;2;1;1.0;6.0;48,54998000;7,68878000;
202300043248.0;1;67;67043;2;1;1.0;2.0;48,61422000;7,74773000;
202300043249.0;1;67;67180;2;1;1.0;6.0;48,80893611;7,79836178;
202300043250.0;1;66;66136;2;1;1.0;3.0;42,69534000;2,88882000;
202300043251.0;5;66;66136;2;1;1.0;6.0;42,69050000;2,87437000;
202300043252.0;1;66;66136;2;1;1.0;6.0;42,66364100;2,89043000;
202300043253.0;1;64;64024;2;3;2.0;3.0;43,48421000; -1,50676000;
202300043254.0;2;62;62262;2;2;1.0;4.0;50,51334000;2,75167400;
202300043255.0;1;61;61497;1;1;1.0;6.0;48,46654000;0,08660000;
202300043256.0;1;60;60159;2;1;1.0;6.0;49,41841900;2,82292400;
202300043257.0;1;59;59367;2;3;1.0;3.0;50,67588404;3,20407033;
202300043258.0;1;59;59599;2;3;1.0;3.0;50,72853500;3,14717500;
202300043259.0;1;54;54498;2;3;7.0;6.0;48,71376959;6,25082374;
202300043260.0;1;51;51454;2;1;1.0;3.0;49,25263000;4,03157000;
202300043261.0;1;51;51172;2;1;1.0;7.0;49,22098400;4,06115100;
202300043262.0;1;51;51454;2;1;1.0;5.0;49,26481000;4,02653000;
202300043263.0;1;51;51454;2;1;1.0;3.0;49,25162700;4,04160900;
202300043264.0;1;50;50129;2;1;1.0;6.0;49,62626000; -1,62937000;
202300043265.0;1;49;49353;2;1;1.0;1.0;47,45412000; -0,51608000;
202300043266.0;1;49;49007;2;6;1.0;3.0;47,49055000; -0,56463000;
202300043267.0;1;49;49007;2;6;1.0;6.0;47,46660000; -0,52576000;
202300043268.0;1;48;48095;2;3;1.0;1.0;44,52031919;3,50359932;
202300043269.0;1;45;45285;2;1;2.0;6.0;47,92052500;1,87815900;
202300043270.0;1;43;43157;2;1;1.0;6.0;45,04109800;3,88274000;
202300043271.0;1;37;37261;2;1;1.0;6.0;47,39373000;0,68615000;
202300043272.0;1;35;35278;2;1;1.0;3.0;48,13659961; -1,68622568;
202300043273.0;5;33;33281;2;2;3.0;3.0;44,83257101; -0,61258703;
202300043274.0;1;33;33249;2;3;1.0;3.0;44,87930256; -0,53322181;
202300043275.0;1;30;30007;2;2;1.0;3.0;44,12492000;4,08903000;
202300043276.0;1;29;29019;2;1;1.0;6.0;48,40077000; -4,46691000;