Num_Acc;lum;departement;commune;agglomeration;intersection;meteo;type_collision;lat;long;date
202300043277.0;1;29;29019;2;1;1.0;6.0;48,40238000; -4,48415700;
202300043278.0;1;27;27681;2;1;1.0;6.0;49,10038000;1,48744000;
202300043279.0;3;22;22113;2;1;1.0;6.0;48,73221000; -3,45894000;
202300043280.0;1;19;19031;2;1;2.0;6.0;45,15770000;1,54499000;
202300043281.0;1;17;17300;2;9;1.0;7.0;46,15032000; -1,15216000;
202300043282.0;1;13;13019;1;1;1.0;1.0;43,43355000;5,37940000;
202300043283.0;1;13;13203;2;1;1.0;2.0;43,30880000;5,38062000;
202300043284.0;1;13;13203;2;9;1.0;2.0;43,32016000;5,37742000;
202300043285.0;5;13;13210;2;1;1.0;7.0;43,27677000;5,42625000;
202300043286.0;5;13;13206;2;1;1.0;6.0;43,28336350;5,38578486;
202300043287.0;1;13;13063;2;9;1.0;3.0;43,58994000;4,99401000;
202300043288.0;1;13;13005;2;1;1.0;3.0;43,29380000;5,56360000;
202300043289.0;1;11;11262;2;3;1.0;3.0;43,18704300;3,01054600;
202300043290.0;1;11;11069;2;3;1.0;3.0;43,20849000;2,38383000;
202300043291.0;1;10;10387;2;1;1.0;2.0;48,29190000;4,08663000;
202300043292.0;1;10;10387;2;3;1.0;3.0;48,29343000;4,06873000;
202300043293.0;1;10;10387;2;1;1.0;3.0;48,29238000;4,07408000;
202300043294.0;1;06;06088;2;1;1.0;2.0;43,69147000;7,24331000;
202300043295.0;1;06;06069;2;1;1.0;4.0;43,64593200;6,93229700;
202300043296.0;1;06;06027;2;1;1.0;3.0;43,65857000;7,14768000;
202300043297.0;1;75;75117;2;1;1.0;4.0;48,88519300;2,28730200;
202300043298.0;1;75;75116;2;1;1.0;3.0;48,86978400;2,27168400;
202300043299.0;1;75;75119;2;1;1.0;5.0;48,89089900;2,39580900;
202300043300.0;1;75;75115;2;4;1.0;2.0;48,82609326;2,29883373;
202300043301.0;1;75;75116;2;4;1.0;3.0;48,86978400;2,27168400;
202300043302.0;5;75;75116;2;1;1.0;3.0;48,84408900;2,25468600;
202300043303.0;1;75;75114;2;1;1.0;1.0;48,82106500;2,32048600;
202300043304.0;5;75;75112;2;1;1.0;3.0;48,83254200;2,40610900;
202300043305.0;1;75;75112;2;1;1.0;3.0;48,82690335;2,39188671;
202300043306.0;1;75;75115;2;4;1.0;3.0;48,83497300;2,27339900;
202300043307.0;1;75;75105;2;3;1.0;2.0;48,84660400;2,35162200;
202300043308.0;5;75;75119;2;9;1.0;6.0;48,87592900;2,38118200;
202300043309.0;1;75;75119;2;3;1.0;2.0;48,88697300;2,38636000;
202300043310.0;1;75;75119;2;3;1.0;2.0;48,87957900;2,38948200;
202300043311.0;1;75;75116;2;7;1.0;2.0;48,87280300;2,29431700;
202300043312.0;1;75;75117;2;2;1.0;6.0;48,88307700;2,28748400;
202300043313.0;1;75;75113;2;3;1.0;6.0;48,82848000;2,34160000;
202300043314.0;1;75;75113;2;3;1.0;3.0;48,82018800;2,34799100;
202300043315.0;1;75;75113;2;3;1.0;3.0;48,83449900;2,36384500;
202300043316.0;5;75;75111;2;3;1.0;2.0;48,86336800;2,38451200;
202300043317.0;1;75;75110;2;1;1.0;6.0;48,87164400;2,36362700;
202300043318.0;5;75;75110;2;3;1.0;4.0;48,87036400;2,34956700;
202300043319.0;1;75;75108;2;1;1.0;3.0;48,86542200;2,30141000;
202300043320.0;1;75;75107;2;3;1.0;3.0;48,86194000;2,31984100;
202300043321.0;1;75;75101;2;3;3.0;2.0;48,86297300;2,34188200;
202300043322.0;1;75;75103;2;2;1.0;7.0;48,86374200;2,35489400;
202300043323.0;1;75;75101;2;2;1.0;1.0;48,85853100;2,34823300;
202300043324.0;1;94;94078;2;1;1.0;1.0;48,73117236;2,44693731;
202300043325.0;1;94;94068;2;1;1.0;6.0;48,79280603;2,49752377;
202300043326.0;1;94;94073;2;9;1.0;3.0;48,76259200;2,36992200;
202300043327.0;1;94;94028;2;6;1.0;2.0;48,76693926;2,47228807;
202300043328.0;1;94;94022;2;1;1.0;6.0;48,75397081;2,41209608;
202300043329.0;1;93;93066;1;1;1.0;4.0;48,90894000;2,35821000;
202300043330.0;3;95;95527;1;1;1.0;2.0;48,99194000;2,51301000;
202300043331.0;3;95;95572;1;9;1.0;5.0;49,03549763;2,11711049;
202300043332.0;1;94;94033;1;1;1.0;3.0;48,85116637;2,49060216;
202300043333.0;1;77;77053;1;1;3.0;5.0;48,69839941;2,59402346;
202300043334.0;1;78;78350;2;1;1.0;3.0;48,85248000;2,10824000;
202300043335.0;1;13;13039;1;1;1.0;2.0;43,42791000;4,96298000;
202300043336.0;1;93;93053;2;8;1.0;3.0;48,90344000;2,46850000;
202300043337.0;1;976;97611;2;1;1.0;6.0; -12,77031000;45,22384000;
202300043338.0;5;974;97416;2;1;1.0;1.0; -21,33163000;55,52727000;
202300043339.0;3;974;97411;2;1;2.0;7.0; -20,88572000;55,43888000;
202300043340.0;5;974;97411;2;1;2.0;3.0; -20,89263000;55,44392000;
202300043341.0;2;974;97411;2;6;3.0;7.0; -20,89977000;55,47979000;
202300043342.0;1;974;97411;1;1;3.0;3.0; -20,89501000;55,50278000;
202300043343.0;5;69;69388;2;2;2.0;3.0;45,73124000;4,86628000;
202300043344.0;3;972;97213;1;1;1.0;6.0;14,62521793; -60,98037823;
202300043345.0;2;972;97213;2;9;1.0;7.0;14,61870000; -60,99491000;
202300043346.0;3;88;88319;1;1;1.0;6.0;48,39158400;6,86213700;
202300043347.0;1;972;97209;1;1;2.0;4.0;14,61123158; -61,07999616;
202300043348.0;1;67;67415;1;1;1.0;6.0;48,89915900;7,51748100;
202300043349.0;5;971;97101;2;3;1.0;5.0;16,25383000; -61,52353000;
202300043350.0;3;91;91514;1;1;1.0;6.0;48,67296000;2,52468000;
202300043351.0;1;85;85018;1;1;1.0;1.0;46,89997700; -2,06265000;
202300043352.0;1;84;84087;1;1;1.0;1.0;44,13392000;4,78287700;
202300043353.0;5;83;83069;2;2;1.0;3.0;43,11940000;6,12627000;
202300043354.0;1;971;97125;2;1;2.0;7.0;16,26069400; -61,29043900;
202300043355.0;1;77;77095;1;1;8.0;7.0;48,95919700;2,76827000;
202300043356.0;5;78;78123;2;3;3.0;2.0;48,93872100;2,03594500;
202300043357.0;1;78;78443;1;1;1.0;2.0;48,80429100;1,86716100;
202300043358.0;5;78;78498;2;1;2.0;6.0;48,94129000;2,05804000;
202300043359.0;1;2B;2B303;1;1;1.0;2.0;42,29318300;9,54721000;
202300043360.0;1;72;72181;2;1;1.0;6.0;47,97800000;0,21300000;
202300043361.0;3;66;66212;1;1;6.0;1.0;42,75553200;3,02075200;
202300043362.0;5;69;69259;2;1;8.0;3.0;45,69131000;4,88205000;
202300043363.0;3;34;34183;1;1;1.0;1.0;43,29904100;3,15155300;
202300043364.0;2;69;69290;2;3;1.0;6.0;45,69174000;4,93876000;
202300043365.0;1;84;84019;1;3;6.0;1.0;44,28512000;4,72570896;
202300043366.0;5;67;67482;2;8;1.0;3.0;48,58412000;7,75909000;
202300043367.0;1;89;89453;1;1;1.0;2.0;47,78459000;3,52149000;
202300043368.0;1;73;73137;1;1;1.0;1.0;45,54511000;5,91662000;
202300043369.0;1;64;64260;2;2;1.0;3.0;43,35361000; -1,77428200;
202300043370.0;1;29;29169;1;1;1.0;3.0;48,08665100; -4,20735600;
202300043371.0;5;64;64445;2;4;3.0;3.0;43,30564000; -0,37610000;
202300043372.0;1;22;22143;1;1;1.0;2.0;48,60906500; -2,31128100;
202300043373.0;1;63;63113;2;3;1.0;3.0;45,78185000;3,09865000;
202300043374.0;5;62;62525;2;9;1.0;6.0;50,74169000;2,26146000;
202300043375.0;1;60;60589;2;3;1.0;3.0;49,23713400;2,46458700;
202300043376.0;1;59;59279;2;1;1.0;2.0;50,77225584;3,12764312;
202300043377.0;1;60;60141;2;1;1.0;1.0;49,18604400;2,46066900;
202300043378.0;1;59;59328;2;1;1.0;3.0;50,64375000;3,02916000;
202300043379.0;1;60;60196;1;3;1.0;1.0;49,29064300;2,08977300;
202300043380.0;1;59;59350;2;1;1.0;1.0;50,62244000;3,04561000;
202300043381.0;1;83;83144;1;1;1.0;2.0;43,13359748;5,98536712;
202300043382.0;1;59;59360;2;9;6.0;1.0;50,60222000;3,03561000;
202300043383.0;1;91;91228;1;1;1.0;5.0;48,61792000;2,42775000;
202300043384.0;5;57;57463;2;1;1.0;1.0;49,10330000;6,19479000;
202300043385.0;1;92;92025;1;1;1.0;6.0;48,92912436;2,24069854;
202300043386.0;5;54;54184;2;1;8.0;6.0;48,70528323;6,24562025;
202300043387.0;1;74;74112;2;1;1.0;3.0;45,93740000;6,09989600;
202300043388.0;1;54;54547;2;1;2.0;6.0;48,66567600;6,17571100;
202300043389.0;1;74;74010;2;1;3.0;6.0;45,91138900;6,15283200;
202300043390.0;1;51;51454;2;3;1.0;1.0;49,25808000;4,03836000;
202300043391.0;1;74;74012;2;9;1.0;6.0;46,19399787;6,25789275;
202300043392.0;1;50;50129;2;1;1.0;6.0;49,63860000; -1,62942000;
202300043393.0;1;74;74195;1;1;2.0;1.0;46,01123300;5,95055600;
202300043394.0;1;50;50129;2;2;7.0;3.0;49,64070000; -1,61394000;
202300043395.0;3;74;74088;1;3;1.0;3.0;46,04841000;6,08533100;
202300043396.0;1;49;49007;2;1;1.0;2.0;47,47021000; -0,55189000;
202300043397.0;1;974;97416;1;1;1.0;7.0; -21,26851000;55,47622000;
202300043398.0;2;45;45234;2;3;1.0;3.0;47,88429000;1,88193000;
202300043399.0;3;974;97411;1;1;2.0;4.0; -20,87405000;55,42840000;
202300043400.0;1;44;44162;2;1;1.0;2.0;47,22051000; -1,64601000;
202300043401.0;1;973;97302;2;1;1.0;3.0;4,90937000; -52,32156000;
202300043402.0;1;41;41269;2;1;1.0;6.0;47,80042000;1,04397000;
202300043403.0;2;973;97302;2;1;2.0;7.0;4,93562397; -52,33450422;
202300043404.0;5;972;97213;1;9;1.0;6.0;14,63269000; -60,99618000;
202300043405.0;1;41;41295;1;1;8.0;6.0;47,56161000;1,39683000;
202300043406.0;5;69;69382;2;2;3.0;3.0;45,75506000;4,83125000;
202300043407.0;1;37;37122;2;6;8.0;3.0;47,35063000;0,67783000;
202300043408.0;1;971;97113;1;1;1.0;4.0;16,20775835; -61,46100640;
202300043409.0;1;2A;2A004;1;1;1.0;2.0;41,93230000;8,80190000;
202300043410.0;5;35;35238;2;1;1.0;4.0;48,08755910; -1,64546549;
202300043411.0;2;35;35238;2;1;1.0;6.0;48,08615200; -1,66106790;
202300043412.0;5;95;95424;2;9;1.0;3.0;48,98597429;2,18189120;
202300043413.0;1;91;91377;2;6;1.0;6.0;48,72990000;2,28822000;
202300043414.0;1;35;35238;1;1;1.0;2.0;48,13174000; -1,70863000;
202300043415.0;1;69;69029;2;2;2.0;3.0;45,73005000;4,89126000;
202300043416.0;1;35;35238;2;1;8.0;2.0;48,10433000; -1,71061000;
202300043417.0;1;34;34172;2;1;2.0;3.0;43,59497000;3,89104000;
202300043418.0;1;67;67447;2;3;1.0;3.0;48,60126000;7,75454000;
202300043419.0;1;34;34032;1;1;1.0;1.0;43,38186000;3,22286000;
202300043420.0;1;34;34032;2;1;1.0;6.0;43,34004000;3,25059000;
202300043421.0;5;51;51454;2;2;1.0;3.0;49,26351753;4,05606329;
202300043422.0;5;33;33522;2;3;2.0;3.0;44,80893000; -0,60572000;
202300043423.0;1;51;51344;1;1;1.0;7.0;49,05279000;3,91069000;
202300043424.0;5;33;33063;2;1;3.0;3.0;44,82909000; -0,54139000;
202300043425.0;1;44;44109;2;6;1.0;6.0;47,27684700; -1,51504600;
202300043426.0;1;43;43089;2;1;8.0;6.0;45,05129300;3,87252200;
202300043427.0;5;31;31555;1;1;1.0;2.0;43,56500000;1,48500000;
202300043428.0;1;35;35238;2;1;1.0;6.0;48,09309000; -1,63971000;
202300043429.0;1;35;35238;2;1;1.0;3.0;48,12581379; -1,64076492;
202300043430.0;3;31;31555;2;1;2.0;3.0;43,57543000;1,43627000;
202300043431.0;3;31;31555;2;1;3.0;6.0;43,60603000;1,43268000;
202300043432.0;5;29;29232;2;9;2.0;7.0;47,97916910; -4,12144482;
202300043433.0;1;29;29232;2;1;1.0;6.0;47,98846900; -4,05408800;
202300043434.0;1;25;25056;2;1;1.0;6.0;47,21658000;5,96321000;
202300043435.0;1;25;25031;2;6;2.0;3.0;47,48742000;6,84229000;
202300043436.0;5;16;16102;2;3;2.0;3.0;45,70132000; -0,33939200;
202300043437.0;5;18;18033;2;1;1.0;6.0;47,08148000;2,37084000;
202300043438.0;1;13;13103;2;1;1.0;7.0;43,63388000;5,09630000;
202300043439.0;1;13;13002;2;1;1.0;7.0;43,38466860;5,55164671;
202300043440.0;5;13;13213;2;1;1.0;6.0;43,33360000;5,43122000;
202300043441.0;1;13;13208;2;6;1.0;6.0;43,24778000;5,37460000;
202300043442.0;1;13;13215;2;1;1.0;3.0;43,35950000;5,36458000;
202300043443.0;2;13;13001;2;3;2.0;3.0;43,50785000;5,40402000;
202300043444.0;4;05;05061;2;1;2.0;6.0;44,57969058;6,10143006;
202300043445.0;3;10;10081;2;1;1.0;1.0;48,30719500;4,04173708;
202300043446.0;1;04;04070;2;1;2.0;6.0;44,08754000;6,21836000;
202300043447.0;1;10;10081;2;1;8.0;6.0;48,30733000;4,02573000;
202300043448.0;1;03;03321;1;1;3.0;3.0;46,58001000;3,38685000;
202300043449.0;1;02;02059;2;2;1.0;2.0;49,65180000;3,34245000;
202300043450.0;1;03;03185;2;6;1.0;3.0;46,33111000;2,60010000;
202300043451.0;5;75;75120;2;1;1.0;3.0;48,87142800;2,41300200;
202300043452.0;1;75;75116;2;1;1.0;2.0;48,87290600;2,27444700;
202300043453.0;5;75;75119;2;2;2.0;6.0;48,88847500;2,37391000;
202300043454.0;5;75;75113;2;3;1.0;6.0;48,82085800;2,35489500;
202300043455.0;2;75;75119;2;1;1.0;1.0;48,87642001;2,40234733;
202300043456.0;1;75;75105;2;2;1.0;3.0;48,83680600;2,35183400;
202300043457.0;5;75;75113;2;2;9.0;3.0;48,83495600;2,34499400;
202300043458.0;5;75;75118;2;3;1.0;3.0;48,89267800;2,34886400;
202300043459.0;5;75;75110;2;2;2.0;3.0;48,87734400;2,35511200;
202300043460.0;1;75;75116;2;2;1.0;3.0;48,86357800;2,23976700;
202300043461.0;1;75;75111;2;1;8.0;2.0;48,86822800;2,37397700;
202300043462.0;1;75;75107;2;3;1.0;3.0;48,86076600;2,32529900;
202300043463.0;1;75;75111;2;4;1.0;3.0;48,85061200;2,39215800;
202300043464.0;1;75;75107;2;3;1.0;3.0;48,85890200;2,29328200;
202300043465.0;1;75;75110;2;1;1.0;6.0;48,87082500;2,37364700;
202300043466.0;1;75;75103;2;3;1.0;6.0;48,86521400;2,35569600;
202300043467.0;3;94;94028;1;1;8.0;3.0;48,77627223;2,43100362;
202300043468.0;1;94;94081;2;1;1.0;6.0;48,80385564;2,40914029;
202300043469.0;1;94;94041;2;1;1.0;2.0;48,81177000;2,37118000;
202300043470.0;2;94;94073;2;1;1.0;3.0;48,75389100;2,38173400;
202300043471.0;3;94;94074;2;1;1.0;4.0;48,77020000;2,44052000;
202300043472.0;1;94;94015;2;1;1.0;6.0;48,83662200;2,52695800;
202300043473.0;1;94;94017;2;2;2.0;3.0;48,81041000;2,54753000;
202300043474.0;1;94;94076;2;9;1.0;6.0;48,80463217;2,36076477;
202300043475.0;1;93;93070;2;4;1.0;3.0;48,90252900;2,33429600;
202300043476.0;1;94;94017;2;1;1.0;3.0;48,82061214;2,48609501;
202300043477.0;1;93;93055;2;9;8.0;6.0;48,90804600;2,39691300;
202300043478.0;5;94;94002;2;1;1.0;6.0;48,79466000;2,42275000;
202300043479.0;1;93;93079;2;1;8.0;1.0;48,95357354;2,33600925;
202300043480.0;1;93;93073;2;3;8.0;3.0;48,95070000;2,58012000;
202300043481.0;1;93;93013;2;5;8.0;3.0;48,94079000;2,43100000;
202300043482.0;1;93;93071;2;1;1.0;2.0;48,94801000;2,53251000;
202300043483.0;5;93;93048;2;7;1.0;1.0;48,85816050;2,43649315;
202300043484.0;5;93;93008;2;1;1.0;5.0;48,91406000;2,43942500;
202300043485.0;1;93;93001;2;1;1.0;1.0;48,92040000;2,37748000;
202300043486.0;1;93;93074;2;1;1.0;2.0;48,93889538;2,56891461;
202300043487.0;1;93;93008;2;1;8.0;3.0;48,91460118;2,42171628;
202300043488.0;5;92;92050;2;2;1.0;3.0;48,91882741;2,22279333;
202300043489.0;1;93;93001;2;9;1.0;3.0;48,90888731;2,38691211;
202300043490.0;5;92;92040;2;9;1.0;1.0;48,81838679;2,25219548;
202300043491.0;5;92;92071;2;1;8.0;3.0;48,78528820;2,30246758;
202300043492.0;1;92;92075;2;1;1.0;6.0;48,82397458;2,29685873;
202300043493.0;3;38;38378;2;1;8.0;1.0;45,43459900;4,76875800;
202300043494.0;1;60;60539;2;1;1.0;6.0;49,30295700;2,51948700;
202300043495.0;1;46;46197;1;1;3.0;6.0;44,39382157;1,45109653;
202300043496.0;1;974;97414;2;1;1.0;6.0; -21,28687000;55,40827500;
202300043497.0;5;58;58086;2;1;1.0;3.0;47,40859500;2,92477200;
202300043498.0;1;12;12131;1;1;8.0;6.0;44,38221400;2,65944200;
202300043499.0;3;14;14061;1;1;1.0;6.0;48,94751900; -0,76894600;
202300043500.0;5;23;23079;2;1;2.0;1.0;45,88004600;2,17144900;
202300043501.0;1;50;50543;1;1;1.0;6.0;48,64779600; -1,34831400;
202300043502.0;2;83;83130;2;6;2.0;6.0;43,19399600;6,04206700;
202300043503.0;2;36;36101;1;1;5.0;6.0;46,71566405;1,59614628;
202300043504.0;3;51;51518;1;3;1.0;7.0;49,30710600;3,97735100;
202300043505.0;3;91;91617;2;1;2.0;3.0;48,63861900;2,51457300;
202300043506.0;3;51;51238;1;1;1.0;2.0;48,86844100;3,87114600;
202300043507.0;1;82;82030;2;1;1.0;6.0;44,00910600;1,08380000;
202300043508.0;3;51;51617;1;1;2.0;6.0;49,03849400;4,31176900;
202300043509.0;1;80;80585;1;1;1.0;6.0;49,75599000;2,91049100;
202300043510.0;2;11;11105;1;1;1.0;4.0;43,03542700;2,24723000;
202300043511.0;2;61;61038;2;3;1.0;6.0;48,37037000;0,56699200;
202300043512.0;1;69;69214;1;1;2.0;1.0;46,00608400;4,35916900;
202300043513.0;1;41;41229;2;1;1.0;6.0;47,31723700;1,39955800;
202300043514.0;4;81;81220;2;1;2.0;6.0;43,82317400;1,72583800;
202300043515.0;3;89;89276;2;1;1.0;6.0;48,04234900;3,79222500;
202300043516.0;1;41;41044;2;1;1.0;2.0;47,26737800;1,88445000;
202300043517.0;3;63;63406;1;1;1.0;7.0;45,95350700;3,20517500;
202300043518.0;3;39;39297;1;1;1.0;1.0;46,47266300;5,94586700;
202300043519.0;4;63;63352;2;1;1.0;6.0;45,45765900;3,23803000;
202300043520.0;3;39;39412;1;6;1.0;6.0;47,00343600;5,35525600;
202300043521.0;1;63;63040;1;3;8.0;1.0;45,72019900;3,30506100;
202300043522.0;1;29;29210;1;1;1.0;5.0;48,59482500; -4,05178800;
202300043523.0;2;02;02419;1;1;1.0;6.0;49,95035300;3,77531600;
202300043524.0;3;49;49155;1;1;1.0;2.0;47,58611500; -0,69004700;
202300043525.0;1;70;70561;1;1;3.0;1.0;47,57918900;6,43249500;
202300043526.0;3;31;31212;1;1;1.0;1.0;43,70745400;1,55887800;
202300043527.0;1;66;66123;1;1;1.0;3.0;42,52844000;2,24596300;
202300043528.0;1;02;02180;1;1;8.0;2.0;49,65684300;3,61565000;
202300043529.0;1;72;72269;1;1;1.0;6.0;47,91950103;0,76603174;
202300043530.0;1;14;14543;2;1;1.0;3.0;49,19757100; -0,47466000;
202300043531.0;1;26;26339;1;1;2.0;1.0;44,58178700;4,79939500;
202300043532.0;1;60;60509;2;1;1.0;6.0;49,29488700;2,59970400;
202300043533.0;1;58;58295;1;1;2.0;7.0;47,32341400;2,94675500;
202300043534.0;1;10;10233;1;1;1.0;6.0;48,51154500;3,89524800;
202300043535.0;3;58;58024;1;1;2.0;6.0;47,13776000;3,60687900;
202300043536.0;2;10;10375;1;1;5.0;1.0;48,28258813;4,17555096;
202300043537.0;3;58;58176;1;1;3.0;6.0;47,03262100;3,24965700;
202300043538.0;1;16;16039;1;2;3.0;3.0;46,04456600;0,15086000;
202300043539.0;5;06;06090;2;1;2.0;6.0;43,59385600;6,92625000;
202300043540.0;1;53;53151;1;1;1.0;7.0;47,93778000; -1,02160000;
202300043541.0;1;14;14394;2;1;1.0;6.0;49,01043000; -0,17071100;
202300043542.0;3;53;53137;1;9;1.0;7.0;48,06828600; -0,96851300;
202300043543.0;3;04;04218;1;1;8.0;7.0;44,07039800;6,48289400;
202300043544.0;3;07;07317;1;1;1.0;3.0;45,21793100;4,79072600;
202300043545.0;5;07;07157;2;1;2.0;6.0;44,60533700;4,72494100;
202300043546.0;1;85;85234;1;6;1.0;6.0;46,79582000; -2,01067800;
202300043547.0;3;53;53146;2;1;2.0;6.0;48,19320400; -0,66449300;
202300043548.0;1;27;27067;1;1;1.0;3.0;49,29939000;1,65917500;
202300043549.0;1;21;21065;2;1;1.0;6.0;47,08123500;4,74225800;
202300043550.0;1;40;40303;1;1;2.0;7.0;44,11230200; -0,94465300;
202300043551.0;1;27;27425;2;3;1.0;3.0;49,14787500;0,71373000;
202300043552.0;1;24;24020;1;1;3.0;1.0;45,14951000;1,16455100;
202300043553.0;1;37;37270;1;1;1.0;1.0;47,41655027;0,86558104;
202300043554.0;1;04;04209;2;1;1.0;6.0;44,23534700;5,90802700;
202300043555.0;1;30;30165;1;3;1.0;2.0;44,09737100;4,14758000;
202300043556.0;3;30;30307;2;1;1.0;6.0;44,21012465;4,02221647;
202300043557.0;1;30;30086;1;1;1.0;6.0;44,01825000;4,28381000;
202300043558.0;1;85;85022;1;1;6.0;5.0;46,45595000; -1,42765000;
202300043559.0;1;08;08222;1;1;1.0;6.0;50,00615300;4,69240700;
202300043560.0;2;85;85084;1;1;1.0;2.0;46,76319300; -1,22651000;
202300043561.0;3;37;37014;2;1;1.0;1.0;47,26705400;0,43979600;
202300043562.0;1;60;60009;1;1;1.0;1.0;49,40428635;2,12580066;
202300043563.0;2;06;06030;1;1;3.0;6.0;43,56876300;6,97400100;
202300043564.0;1;42;42324;1;1;1.0;6.0;45,56054800;4,24195600;
202300043565.0;1;44;44026;1;1;1.0;6.0;47,30168274; -1,43037915;
202300043566.0;5;13;13058;2;6;1.0;3.0;43,71304000;4,80331300;
202300043567.0;2;976;97617;2;3;1.0;6.0; -12,78895200;45,13878800;
202300043568.0;3;30;30156;1;1;1.0;7.0;43,86479500;4,43359800;
202300043569.0;1;987;98714;1;1;1.0;3.0; -16,38800000; -151,76500000;
202300043570.0;5;11;11202;2;1;1.0;6.0;42,84104500;3,03987100;
202300043571.0;5;987;98747;1;1;1.0;7.0; -17,75600000; -148,73600000;
202300043572.0;1;987;98754;1;1;1.0;6.0; -16,88709900; -151,45832700;
202300043573.0;2;987;98733;1;1;1.0;1.0; -17,69600000; -149,54800000;
202300043574.0;1;988;98815;1;1;1.0;7.0; -21,46625000;167,93582000;
202300043575.0;2;33;33199;2;1;2.0;6.0;44,63797200; -1,11112800;
202300043576.0;3;988;98821;1;9;1.0;6.0; -22,13388000;166,33318000;
202300043577.0;1;971;97117;1;1;1.0;6.0;16,31607200; -61,36392700;
202300043578.0;1;13;13027;1;1;1.0;7.0;43,86397500;4,85853200;
202300043579.0;1;68;68352;2;2;1.0;3.0;48,01938900;7,55230700;
202300043580.0;3;21;21699;1;1;1.0;1.0;47,19698100;5,36930000;
202300043581.0;5;54;54111;2;1;1.0;6.0;48,62482834;6,08983219;
202300043582.0;1;03;03290;1;6;2.0;6.0;46,62475800;3,28609800;
202300043583.0;1;67;67021;1;1;1.0;7.0;48,41008900;7,40158800;
202300043584.0;1;03;03085;1;1;1.0;6.0;46,56939400;3,24950700;
202300043585.0;1;85;85298;1;1;2.0;1.0;46,58699700; -1,76184100;
202300043586.0;1;38;38468;2;1;2.0;2.0;45,34746700;4,81049900;
202300043587.0;1;50;50294;1;1;6.0;6.0;49,58695600; -1,65425800;
202300043588.0;3;38;38341;1;1;2.0;7.0;45,57346000;5,41503700;
202300043589.0;5;60;60341;2;1;1.0;2.0;49,09143400;2,74166400;
202300043590.0;1;69;69153;2;1;1.0;2.0;45,85931000;4,80985000;
202300043591.0;1;02;02521;1;1;3.0;1.0;49,02605000;3,20775000;
202300043592.0;1;69;69072;1;1;1.0;3.0;45,81229747;4,73335359;
202300043593.0;3;59;59643;1;2;1.0;1.0;50,74146900;2,96670000;
202300043594.0;1;81;81219;1;1;1.0;7.0;43,58911400;1,99777400;
202300043595.0;3;46;46202;1;1;1.0;7.0;44,28315300;1,50476900;
202300043596.0;2;13;13106;1;1;1.0;4.0;43,38861000;5,35094000;
202300043597.0;5;86;86225;2;1;1.0;1.0;46,84802300;0,05140720;
202300043598.0;3;13;13085;1;1;2.0;6.0;43,26311846;5,58921398;
202300043599.0;1;85;85296;1;1;1.0;7.0;46,89029000; -0,83210700;
202300043600.0;5;83;83137;1;1;1.0;2.0;43,12696803;5,92140338;
202300043601.0;1;60;60079;1;2;5.0;3.0;49,14770800;2,87186900;
202300043602.0;1;42;42218;1;1;2.0;2.0;45,43343000;4,41775000;
202300043603.0;1;13;13215;1;1;1.0;2.0;43,36723874;5,36069361;
202300043604.0;5;33;33039;1;1;3.0;2.0;44,80688000; -0,52847000;
202300043605.0;3;13;13215;1;1;1.0;4.0;43,37718000;5,35803000;
202300043606.0;1;33;33013;1;1;3.0;2.0;44,85728214; -0,50482661;
202300043607.0;3;13;13071;1;1;1.0;3.0;43,40439000;5,31722000;
202300043608.0;1;33;33249;1;1;3.0;6.0;44,87368065; -0,50675780;
202300043609.0;1;33;33249;1;1;3.0;3.0;44,87806750; -0,50914496;
202300043610.0;5;13;13202;1;1;1.0;3.0;43,30935000;5,36853000;
202300043611.0;2;59;59082;1;1;2.0;2.0;50,96983000;2,39593000;
202300043612.0;5;83;83137;1;1;1.0;2.0;43,12477000;5,90176000;
202300043613.0;1;91;91687;1;1;1.0;6.0;48,66122000;2,37018000;
202300043614.0;1;69;69027;1;1;1.0;3.0;45,67090000;4,76906000;
202300043615.0;1;94;94003;1;1;1.0;2.0;48,80794000;2,34065008;
202300043616.0;1;69;69287;1;1;3.0;5.0;45,68751000;4,99553000;
202300043617.0;1;92;92012;1;1;1.0;4.0;48,84856113;2,22959966;
202300043618.0;2;69;69290;1;1;3.0;4.0;45,72290525;4,92979093;
202300043619.0;1;75;75116;1;1;1.0;4.0;48,84830400;2,24598600;
202300043620.0;1;92;92064;1;1;1.0;6.0;48,83922315;2,21115320;
202300043621.0;3;01;01275;1;1;3.0;6.0;45,80457000;4,92617000;
202300043622.0;1;92;92025;1;1;1.0;3.0;48,93376075;2,25454017;
202300043623.0;3;78;78291;1;1;6.0;6.0;48,96828000;1,74378900;
202300043624.0;1;69;69199;1;1;1.0;2.0;45,71611796;4,84712695;
202300043625.0;5;93;93066;1;1;1.0;2.0;48,90647000;2,35854000;