Num_Acc;lum;departement;commune;agglomeration;intersection;meteo;type_collision;lat;long;date
202300043626.0;1;93;93053;1;1;1.0;3.0;48,88045000;2,45182000;
202300043627.0;1;91;91689;1;1;1.0;4.0;48,74489000;2,32377000;
202300043628.0;1;93;93078;1;1;1.0;5.0;48,95943129;2,53723652;
202300043629.0;1;91;91687;1;1;1.0;2.0;48,66356000;2,36673000;
202300043630.0;1;93;93064;1;1;1.0;7.0;48,88089109;2,47481346;
202300043631.0;3;95;95277;1;1;8.0;5.0;48,96735747;2,47640848;
202300043632.0;1;92;92036;1;1;2.0;2.0;48,93837004;2,30014011;
202300043633.0;1;94;94028;1;1;1.0;6.0;48,79247896;2,44106260;
202300043634.0;1;94;94046;1;1;1.0;3.0;48,81292733;2,44895577;
202300043635.0;1;95;95582;1;1;1.0;2.0;48,96688600;2,25557600;
202300043636.0;3;95;95018;1;1;1.0;3.0;48,95947000;2,27208000;
202300043637.0;1;13;13056;1;1;1.0;1.0;43,39529000;5,01845000;
202300043638.0;3;93;93048;1;1;1.0;6.0;48,86544542;2,48185307;
202300043639.0;1;29;29007;1;3;1.0;3.0;48,40299600; -3,72355000;
202300043640.0;2;05;05061;2;1;8.0;6.0;44,56507000;6,09149000;
202300043641.0;1;29;29220;2;1;1.0;7.0;47,85731500; -4,21151700;
202300043642.0;5;974;97416;2;3;1.0;3.0; -21,33641000;55,46274000;
202300043643.0;1;974;97411;2;1;1.0;2.0; -20,90009000;55,48292000;
202300043644.0;2;974;97416;1;1;1.0;6.0; -21,32713000;55,46970000;
202300043645.0;3;973;97302;2;1;1.0;1.0;4,94124000; -52,32699000;
202300043646.0;1;974;97416;1;1;1.0;1.0; -21,33555000;55,48809000;
202300043647.0;5;974;97407;2;6;1.0;6.0; -20,95489000;55,30769000;
202300043648.0;1;973;97302;2;1;1.0;1.0;4,93511259; -52,31424451;
202300043649.0;1;973;97302;2;1;2.0;3.0;4,93199000; -52,30745000;
202300043650.0;1;971;97101;1;2;1.0;3.0;16,23688000; -61,51241000;
202300043651.0;1;972;97213;1;1;1.0;2.0;14,59597000; -60,98887000;
202300043652.0;1;2A;2A004;2;1;6.0;2.0;41,93387000;8,75009000;
202300043653.0;1;972;97209;2;2;1.0;3.0;14,60987000; -61,04684000;
202300043654.0;1;69;69389;2;1;8.0;6.0;45,76674836;4,81163233;
202300043655.0;3;95;95427;2;1;1.0;7.0;48,97468900;2,35179100;
202300043656.0;1;91;91433;1;1;6.0;5.0;48,46023000;2,16885000;
202300043657.0;1;91;91433;2;1;6.0;3.0;48,44052000;2,17535000;
202300043658.0;4;95;95018;2;4;1.0;3.0;48,93235200;2,23798200;
202300043659.0;1;91;91223;2;6;2.0;7.0;48,43703000;2,16345000;
202300043660.0;2;91;91223;1;1;8.0;7.0;48,44953000;2,15498000;
202300043661.0;5;87;87085;2;3;2.0;3.0;45,83518000;1,26050000;
202300043662.0;1;91;91549;2;2;1.0;3.0;48,64387000;2,33224000;
202300043663.0;1;87;87085;2;1;1.0;6.0;45,81050000;1,27350000;
202300043664.0;1;76;76540;2;1;1.0;6.0;49,43048000;1,08500000;
202300043665.0;1;72;72181;2;1;1.0;3.0;47,96074000;0,20813000;
202300043666.0;5;84;84007;2;2;1.0;3.0;43,94110000;4,81980000;
202300043667.0;1;72;72181;2;1;1.0;7.0;47,99183000;0,17482000;
202300043668.0;5;84;84007;2;6;1.0;3.0;43,94111000;4,79857000;
202300043669.0;1;69;69290;2;2;2.0;3.0;45,72472000;4,93457000;
202300043670.0;5;84;84007;2;3;2.0;1.0;43,94100000;4,80480000;
202300043671.0;1;69;69290;2;1;2.0;1.0;45,69779000;4,90794000;
202300043672.0;1;67;67482;2;1;1.0;6.0;48,59078000;7,69680000;
202300043673.0;5;84;84007;2;6;1.0;6.0;43,92097000;4,80403000;
202300043674.0;1;30;30011;1;1;1.0;2.0;43,94962000;4,76960000;
202300043675.0;1;67;67482;2;3;1.0;3.0;48,60027000;7,69610000;
202300043676.0;5;84;84007;1;6;1.0;7.0;43,90434000;4,89348000;
202300043677.0;1;64;64102;2;1;2.0;3.0;43,49511200; -1,46955400;
202300043678.0;1;84;84007;2;1;1.0;;43,93273000;4,82387000;
202300043679.0;1;64;64024;2;9;2.0;3.0;43,49627700; -1,49673600;
202300043680.0;1;83;83090;2;1;2.0;6.0;43,12661944;5,86488783;
202300043681.0;1;59;59421;2;1;1.0;1.0;50,71486652;3,13534141;
202300043682.0;1;83;83062;2;1;1.0;2.0;43,13600000;6,02310000;
202300043683.0;1;56;56260;2;1;1.0;6.0;47,66012000; -2,78972000;
202300043684.0;1;83;83129;2;1;1.0;1.0;43,11524000;5,84412000;
202300043685.0;1;54;54257;2;2;1.0;6.0;48,64819306;6,20878110;
202300043686.0;2;82;82033;2;9;2.0;3.0;44,03714000;1,11484000;
202300043687.0;1;51;51454;2;2;1.0;3.0;49,26093000;4,04902000;
202300043688.0;1;78;78688;1;1;1.0;1.0;48,75428000;2,03857000;
202300043689.0;1;49;49328;2;1;1.0;2.0;47,25793000; -0,08810000;
202300043690.0;5;45;45234;2;2;1.0;3.0;47,89833000;1,89944000;
202300043691.0;1;77;77121;1;1;1.0;4.0;48,82729400;2,67552600;
202300043692.0;1;45;45286;2;1;1.0;6.0;47,88468000;1,92449000;
202300043693.0;1;95;95678;1;1;1.0;6.0;49,07305563;2,23582212;
202300043694.0;1;38;38151;2;3;8.0;6.0;45,15563000;5,71514000;
202300043695.0;2;77;77305;2;1;1.0;6.0;48,39438000;2,96913000;
202300043696.0;1;35;35051;2;6;1.0;3.0;48,11418000; -1,60731000;
202300043697.0;1;93;93064;1;1;1.0;2.0;48,87916750;2,47634149;
202300043698.0;5;33;33281;2;3;1.0;6.0;44,84586700; -0,64450103;
202300043699.0;5;76;76540;2;2;8.0;3.0;49,43686000;1,08750000;
202300043700.0;1;95;95394;1;1;1.0;3.0;49,05153899;2,15162516;
202300043701.0;5;33;33063;2;2;1.0;3.0;44,83187000; -0,57725000;
202300043702.0;5;74;74012;2;9;2.0;3.0;46,19405000;6,24138000;
202300043703.0;5;28;28404;1;1;1.0;6.0;48,73770000;1,33292000;
202300043704.0;1;93;93066;1;1;1.0;3.0;48,92566114;2,33952919;
202300043705.0;5;28;28134;2;6;1.0;7.0;48,74103000;1,34519000;
202300043706.0;5;74;74008;2;1;2.0;3.0;46,19239000;6,22409000;
202300043707.0;1;94;94017;1;1;1.0;2.0;48,83005427;2,49555288;
202300043708.0;5;71;71105;2;1;8.0;1.0;46,30922000;4,79812000;
202300043709.0;1;94;94022;1;1;1.0;2.0;48,77637562;2,42140187;
202300043710.0;1;94;94022;1;1;1.0;1.0;48,77637562;2,42140187;
202300043711.0;1;25;25230;2;1;1.0;4.0;47,50551000;6,84282000;
202300043712.0;1;22;22215;2;1;8.0;7.0;48,52306000; -2,81858000;
202300043713.0;5;75;75112;2;1;1.0;2.0;48,83401000;2,40951600;
202300043714.0;1;13;13212;2;1;1.0;3.0;43,30388372;5,43572337;
202300043715.0;1;57;57412;1;1;1.0;6.0;49,11219968;6,15960937;
202300043716.0;5;75;75120;2;1;1.0;2.0;48,85993000;2,41398200;
202300043717.0;3;13;13001;1;1;1.0;1.0;43,48967000;5,40745000;
202300043718.0;1;33;33318;1;1;2.0;5.0;44,79114000; -0,64766000;
202300043719.0;1;75;75115;2;1;1.0;3.0;48,82770000;2,29193200;
202300043720.0;5;33;33013;1;1;2.0;6.0;44,86955200; -0,50452352;
202300043721.0;1;11;11069;2;1;2.0;3.0;43,23540000;2,36626000;
202300043722.0;1;94;94038;1;1;1.0;3.0;48,78982766;2,34470638;
202300043723.0;1;75;75119;2;1;1.0;3.0;48,89266600;2,39532100;
202300043724.0;5;11;11069;1;6;2.0;6.0;43,21100000;2,32440000;
202300043725.0;3;91;91689;1;1;1.0;7.0;48,74880000;2,32633000;
202300043726.0;2;75;75105;2;2;1.0;7.0;48,85307900;2,34678900;
202300043727.0;1;78;78498;1;1;8.0;2.0;48,91899100;2,01094000;
202300043728.0;1;95;95394;1;1;1.0;6.0;49,05234392;2,18443036;
202300043729.0;1;75;75119;2;1;1.0;5.0;48,88267600;2,38435200;
202300043730.0;1;976;97611;2;1;1.0;4.0; -12,78277000;45,23246000;
202300043731.0;1;75;75118;2;2;2.0;6.0;48,88589000;2,35570700;
202300043732.0;5;972;97213;1;1;1.0;4.0;14,64690730; -60,96023760;
202300043733.0;5;2B;2B033;2;9;1.0;5.0;42,70400000;9,45000000;
202300043734.0;5;75;75117;2;3;1.0;6.0;48,88937700;2,32233200;
202300043735.0;2;91;91339;2;9;1.0;4.0;48,62245000;2,25815000;
202300043736.0;1;75;75115;2;2;8.0;3.0;48,85024600;2,29958800;
202300043737.0;1;91;91687;2;1;1.0;6.0;48,65220000;2,36980000;
202300043738.0;1;75;75114;2;2;2.0;3.0;48,83162300;2,32442200;
202300043739.0;2;91;91223;2;9;1.0;6.0;48,44559800;2,17066000;
202300043740.0;5;75;75114;2;2;1.0;2.0;48,82545500;2,30229900;
202300043741.0;1;84;84080;2;1;1.0;6.0;44,03443000;4,99817000;
202300043742.0;5;83;83061;2;1;1.0;6.0;43,43842000;6,74821000;
202300043743.0;1;75;75114;2;7;1.0;2.0;48,83456000;2,33263400;
202300043744.0;2;78;78029;2;9;1.0;3.0;48,97489400;1,85358900;
202300043745.0;1;78;78172;2;3;1.0;6.0;49,00734200;2,11829900;
202300043746.0;1;75;75114;2;3;1.0;3.0;48,83067700;2,31174900;
202300043747.0;5;77;77288;2;1;1.0;3.0;48,54397000;2,67830000;
202300043748.0;1;75;75113;2;1;2.0;1.0;48,82674700;2,38435400;
202300043749.0;1;72;72181;2;1;1.0;3.0;47,99417000;0,17624000;
202300043750.0;1;75;75109;2;2;1.0;3.0;48,87068300;2,33251100;
202300043751.0;3;71;71040;1;1;1.0;5.0;46,69548000;4,38462000;
202300043752.0;1;75;75108;2;3;1.0;3.0;48,86914400;2,31428700;
202300043753.0;2;69;69266;2;1;1.0;2.0;45,76811000;4,86993000;
202300043754.0;1;75;75108;2;7;1.0;3.0;48,86887400;2,30991900;
202300043755.0;1;69;69256;2;5;8.0;5.0;45,76361000;4,93328000;
202300043756.0;1;75;75103;2;2;1.0;7.0;48,86442100;2,35156600;
202300043757.0;5;69;69029;2;6;1.0;7.0;45,72923030;4,90139832;
202300043758.0;1;75;75104;2;3;2.0;6.0;48,85731200;2,35241100;
202300043759.0;5;65;65440;2;2;8.0;1.0;43,24606000;0,08122000;
202300043760.0;5;75;75102;2;2;1.0;6.0;48,87194300;2,34002300;
202300043761.0;1;65;65047;2;2;1.0;3.0;43,25021400;0,08960500;
202300043762.0;1;94;94033;2;9;2.0;6.0;48,85244000;2,46535000;
202300043763.0;1;64;64335;2;1;1.0;6.0;43,33290000; -0,42857000;
202300043764.0;1;64;64102;2;1;1.0;3.0;43,48984000; -1,49282000;
202300043765.0;5;62;62498;2;1;2.0;7.0;50,44166000;2,79459000;
202300043766.0;1;94;94055;2;3;1.0;3.0;48,78417000;2,53202000;
202300043767.0;1;60;60175;2;4;1.0;6.0;49,26273000;2,46929000;
202300043768.0;1;94;94018;2;1;1.0;3.0;48,82466000;2,41420000;
202300043769.0;1;58;58194;2;3;1.0;3.0;46,98456000;3,15667000;
202300043770.0;1;94;94017;2;3;1.0;6.0;48,82097000;2,48767000;
202300043771.0;1;57;57221;2;3;1.0;3.0;49,31567000;6,10879000;
202300043772.0;1;93;93072;2;3;1.0;3.0;48,95331000;2,39098000;
202300043773.0;1;54;54521;2;3;1.0;3.0;49,47154000;5,91143000;
202300043774.0;5;93;93071;2;2;1.0;3.0;48,93966000;2,51268000;
202300043775.0;1;54;54367;1;1;1.0;7.0;49,50644400;5,78690900;
202300043776.0;5;93;93077;2;3;1.0;3.0;48,88502000;2,50523000;
202300043777.0;1;51;51454;2;3;1.0;3.0;49,23960800;4,03828400;
202300043778.0;5;51;51454;2;2;1.0;3.0;49,24190637;4,01418865;
202300043779.0;1;93;93066;2;3;2.0;6.0;48,92272000;2,34018000;
202300043780.0;1;93;93066;2;3;2.0;3.0;48,94485000;2,35352000;
202300043781.0;1;49;49099;1;1;1.0;4.0;47,08712109; -0,81545591;
202300043782.0;2;93;93051;2;3;1.0;3.0;48,83640000;2,56283000;
202300043783.0;1;47;47032;2;1;1.0;6.0;44,18589000;0,66735000;
202300043784.0;1;93;93046;2;3;1.0;3.0;48,90699000;2,52082000;
202300043785.0;1;39;39362;1;1;1.0;6.0;46,68637400;5,51945300;
202300043786.0;4;38;38179;2;2;1.0;1.0;45,18136000;5,78814000;
202300043787.0;1;93;93079;2;1;1.0;5.0;48,96415100;2,34789800;
202300043788.0;1;37;37122;2;1;1.0;6.0;47,35580000;0,69700000;
202300043789.0;5;75;75111;2;1;1.0;6.0;48,86208900;2,36698400;
202300043790.0;1;33;33119;2;1;1.0;6.0;44,84695953; -0,51207528;
202300043791.0;1;93;93027;2;3;1.0;6.0;48,92308000;2,41200000;
202300043792.0;1;75;75119;2;3;2.0;7.0;48,88417200;2,38420400;
202300043793.0;1;30;30007;2;6;1.0;3.0;44,11291000;4,10669000;
202300043794.0;1;93;93010;2;1;1.0;6.0;48,91806366;2,48170155;
202300043795.0;1;75;75118;2;2;2.0;6.0;48,89336500;2,33826900;
202300043796.0;1;29;29232;2;1;1.0;6.0;47,98530000; -4,05989000;
202300043797.0;1;29;29039;2;1;2.0;7.0;47,90376111; -3,91065449;
202300043798.0;1;93;93010;2;1;2.0;6.0;48,91022900;2,47770000;
202300043799.0;1;75;75114;2;3;2.0;3.0;48,82970400;2,32610700;
202300043800.0;1;93;93001;2;1;1.0;3.0;48,91185644;2,37968481;
202300043801.0;2;28;28085;2;2;1.0;3.0;48,44757000;1,52097000;
202300043802.0;1;75;75113;2;3;1.0;3.0;48,82276500;2,37316800;
202300043803.0;1;27;27681;2;2;1.0;6.0;49,09617000;1,48258000;
202300043804.0;1;92;92046;2;2;1.0;3.0;48,81468000;2,29679000;
202300043805.0;1;26;26198;1;1;1.0;3.0;44,55591000;4,76182000;
202300043806.0;5;75;75111;2;2;1.0;3.0;48,86110600;2,38114800;
202300043807.0;1;92;92033;2;1;1.0;6.0;48,83837341;2,17082852;
202300043808.0;1;26;26198;2;3;1.0;6.0;44,56104000;4,73803000;
202300043809.0;1;75;75110;2;4;2.0;7.0;48,87180500;2,36459000;
202300043810.0;1;92;92049;2;1;2.0;3.0;48,81098000;2,30453000;
202300043811.0;1;75;75101;2;2;2.0;6.0;48,85852100;2,34823100;
202300043812.0;3;23;23096;2;6;1.0;6.0;46,18300000;1,87800000;
202300043813.0;5;92;92035;2;1;1.0;6.0;48,90832000;2,23770000;
202300043814.0;1;75;75101;2;2;1.0;3.0;48,86389900;2,34235900;
202300043815.0;1;15;15014;2;1;1.0;3.0;44,90662000;2,42861000;
202300043816.0;1;92;92025;2;3;1.0;1.0;48,92482579;2,26664633;
202300043817.0;1;14;14118;2;1;1.0;6.0;49,18384800; -0,35704300;
202300043818.0;1;94;94080;2;1;2.0;2.0;48,84718000;2,45135000;
202300043819.0;1;13;13117;2;1;1.0;6.0;43,42441000;5,27166000;
202300043820.0;5;92;92024;2;4;1.0;6.0;48,90083455;2,31597751;
202300043821.0;5;94;94074;2;1;1.0;3.0;48,77103153;2,44000903;
202300043822.0;1;13;13047;1;1;1.0;5.0;43,58194000;4,98502000;
202300043823.0;1;92;92032;2;6;1.0;3.0;48,78861051;2,27699295;
202300043824.0;1;94;94028;2;2;2.0;7.0;48,80272000;2,46049000;
202300043825.0;1;10;10081;2;9;1.0;2.0;48,30719000;4,02605000;
202300043826.0;1;94;94028;1;1;2.0;2.0;48,77423000;2,46104000;
202300043827.0;1;92;92012;2;1;1.0;3.0;48,83729100;2,23746700;
202300043828.0;1;07;07102;2;6;1.0;3.0;44,93760000;4,86350000;
202300043829.0;5;94;94043;2;1;1.0;6.0;48,81446000;2,36084000;
202300043830.0;1;92;92007;2;2;1.0;3.0;48,79763000;2,30958000;
202300043831.0;2;75;75104;2;1;1.0;6.0;48,85590109;2,35065311;
202300043832.0;1;94;94028;2;1;1.0;3.0;48,78756000;2,43590000;
202300043833.0;5;75;75120;2;1;1.0;2.0;48,87487600;2,41069700;
202300043834.0;2;38;38160;2;1;1.0;1.0;45,47737400;4,99864000;
202300043835.0;1;75;75120;2;2;1.0;3.0;48,85355700;2,41076900;
202300043836.0;1;94;94055;2;1;3.0;4.0;48,78103139;2,52916257;
202300043837.0;1;75;75120;2;3;1.0;6.0;48,86466600;2,40465100;
202300043838.0;1;93;93059;2;1;2.0;7.0;48,95270000;2,36734000;
202300043839.0;1;75;75120;2;3;1.0;6.0;48,85682200;2,39688700;
202300043840.0;1;93;93066;2;3;2.0;3.0;48,92633270;2,34192390;
202300043841.0;2;75;75119;2;5;1.0;3.0;48,88923200;2,37147400;
202300043842.0;5;75;75118;2;1;1.0;5.0;48,89742500;2,35942000;
202300043843.0;5;75;75117;2;2;1.0;6.0;48,88762100;2,32018000;
202300043844.0;1;93;93001;2;2;1.0;3.0;48,90540768;2,38724853;
202300043845.0;5;75;75114;2;2;1.0;6.0;48,82327400;2,32560200;
202300043846.0;1;92;92020;2;1;2.0;3.0;48,80067000;2,29377000;
202300043847.0;5;75;75104;2;7;1.0;6.0;48,85325621;2,36857831;
202300043848.0;1;94;94041;2;1;1.0;6.0;48,80336396;2,38283318;
202300043849.0;1;92;92036;2;1;1.0;6.0;48,91983318;2,31396759;
202300043850.0;1;92;92024;2;1;2.0;7.0;48,89965000;2,30915000;
202300043851.0;5;94;94058;2;1;1.0;5.0;48,83437008;2,51247481;
202300043852.0;1;92;92024;2;1;1.0;3.0;48,90703454;2,29694903;
202300043853.0;1;94;94041;2;1;1.0;3.0;48,80325673;2,39453566;
202300043854.0;1;92;92004;2;1;1.0;2.0;48,91641000;2,28230000;
202300043855.0;1;94;94002;2;3;1.0;6.0;48,78609000;2,43084000;
202300043856.0;1;51;51649;2;1;1.0;6.0;48,72891500;4,59075200;
202300043857.0;2;57;57443;1;9;1.0;7.0;49,20562600;6,12026500;
202300043858.0;1;95;95527;1;1;7.0;2.0;49,01041000;2,54173000;
202300043859.0;1;22;22361;1;1;1.0;7.0;48,59084923; -2,94275343;
202300043860.0;3;65;65359;1;1;1.0;6.0;43,24060700;0,26126900;
202300043861.0;1;93;93066;2;2;1.0;3.0;48,94054201;2,37188548;
202300043862.0;3;81;81139;1;1;1.0;6.0;43,67841496;2,11642385;
202300043863.0;1;50;50553;1;1;5.0;6.0;48,57319300; -1,33064400;
202300043864.0;5;93;93066;2;3;1.0;3.0;48,92596400;2,35659700;
202300043865.0;1;71;71105;1;1;1.0;2.0;46,29389309;4,79120381;
202300043866.0;1;51;51217;1;1;1.0;3.0;49,07243200;3,64892000;
202300043867.0;5;93;93055;2;1;1.0;7.0;48,89486000;2,40972000;
202300043868.0;1;40;40227;1;1;1.0;1.0;44,33537500; -0,77653200;
202300043869.0;1;83;83004;1;3;1.0;3.0;43,45798900;6,51953800;
202300043870.0;3;93;93047;2;1;1.0;6.0;48,89509200;2,55027300;
202300043871.0;3;24;24139;1;1;1.0;6.0;45,13572671;0,61287403;
202300043872.0;3;971;97109;1;1;1.0;6.0;15,99204500; -61,67216100;
202300043873.0;2;92;92073;2;3;7.0;3.0;48,86765897;2,22596079;
202300043874.0;1;56;56090;1;1;1.0;7.0;47,83323800; -3,24008700;
202300043875.0;1;974;97413;2;3;1.0;3.0; -21,13739600;55,29201700;
202300043876.0;5;92;92051;2;9;2.0;2.0;48,88278700;2,27119100;
202300043877.0;1;56;56034;2;6;1.0;6.0;47,58812100; -3,09027000;
202300043878.0;1;34;34095;1;1;1.0;6.0;43,54088000;3,76494700;
202300043879.0;2;92;92049;2;1;1.0;3.0;48,81017033;2,31426492;
202300043880.0;1;56;56055;2;1;1.0;6.0;47,65939500; -3,18893400;
202300043881.0;1;79;79278;1;2;1.0;3.0;46,59763800; -0,11547400;
202300043882.0;1;92;92040;2;1;1.0;7.0;48,82556024;2,26870224;
202300043883.0;1;56;56186;2;1;1.0;3.0;47,50008000; -3,11996200;
202300043884.0;1;2B;2B207;1;9;1.0;2.0;42,45782300;9,50096400;
202300043885.0;5;92;92035;2;1;1.0;7.0;48,90712000;2,23893000;
202300043886.0;1;56;56158;1;1;1.0;1.0;47,70361800; -2,84930300;
202300043887.0;1;92;92012;2;1;1.0;3.0;48,83928000;2,24452000;
202300043888.0;2;65;65138;2;1;1.0;3.0;42,89907700; -0,10994900;
202300043889.0;1;74;74104;1;1;1.0;2.0;45,78355500;6,22555700;
202300043890.0;2;60;60335;1;2;1.0;3.0;49,54002300;1,86953200;
202300043891.0;1;33;33314;1;2;7.0;3.0;45,17557100; -0,77461100;
202300043892.0;1;79;79003;1;1;1.0;2.0;46,27555500; -0,39127000;
202300043893.0;2;36;36034;2;1;8.0;6.0;47,25440100;1,65365000;
202300043894.0;3;11;11397;2;1;1.0;6.0;43,20259400;2,43098200;
202300043895.0;1;2A;2A032;1;1;1.0;1.0;41,91379100;8,82397400;
202300043896.0;1;974;97412;2;1;1.0;7.0; -21,37898300;55,62038600;
202300043897.0;1;2B;2B346;1;1;1.0;3.0;42,50498500;9,47023600;
202300043898.0;1;71;71367;2;3;2.0;3.0;46,64502100;5,30314600;
202300043899.0;3;63;63341;1;1;1.0;2.0;45,51366201;3,72736221;
202300043900.0;1;22;22004;1;1;2.0;5.0;48,62598800; -3,31993100;
202300043901.0;1;65;65002;2;1;1.0;4.0;43,13839700; -0,02773100;
202300043902.0;2;61;61187;1;1;1.0;6.0;48,66481300;0,58457700;
202300043903.0;1;46;46066;1;1;1.0;1.0;44,63249600;1,21996500;
202300043904.0;2;44;44182;2;1;1.0;7.0;47,16236400; -2,17049400;
202300043905.0;1;55;55012;1;1;2.0;7.0;48,85490516;5,65410197;
202300043906.0;1;76;76257;1;1;1.0;6.0;49,85716000;1,55375000;
202300043907.0;1;29;29235;2;6;1.0;3.0;48,40576600; -4,40912800;
202300043908.0;1;974;97410;1;1;1.0;2.0; -21,01153000;55,69950400;
202300043909.0;3;12;12145;1;1;1.0;6.0;44,03566820;3,14710021;
202300043910.0;1;42;42329;2;1;7.0;6.0;45,31602900;4,52666200;
202300043911.0;2;41;41289;1;1;1.0;1.0;47,87820300;1,55880300;
202300043912.0;1;31;31052;1;1;1.0;1.0;43,38133700;1,35298000;
202300043913.0;1;22;22158;1;1;1.0;1.0;48,22320400; -2,93476600;
202300043914.0;1;38;38150;2;3;7.0;1.0;45,20412200;5,82553300;
202300043915.0;1;19;19269;1;1;1.0;7.0;45,57166241;1,81924045;
202300043916.0;3;22;22232;1;3;1.0;6.0;48,64501100; -2,85054400;
202300043917.0;1;03;03135;1;9;1.0;6.0;46,15587700;3,01147700;
202300043918.0;1;80;80417;1;1;1.0;6.0;49,85287100;2,65474300;
202300043919.0;3;25;25489;1;1;1.0;6.0;47,01451200;6,14716200;
202300043920.0;1;58;58142;1;1;1.0;6.0;46,99354400;3,73302000;
202300043921.0;1;34;34154;1;1;1.0;2.0;43,54935100;3,98372400;
202300043922.0;1;06;06112;2;1;1.0;1.0;43,67306300;6,99803400;
202300043923.0;1;29;29209;1;1;2.0;6.0;48,54699102; -4,40776675;
202300043924.0;2;61;61043;1;1;5.0;1.0;48,34838400;0,73562200;
202300043925.0;1;27;27108;2;2;1.0;1.0;48,76728300;0,81015700;
202300043926.0;1;02;02810;2;1;2.0;6.0;49,25448000;3,09534400;
202300043927.0;1;84;84017;1;1;1.0;7.0;44,12958900;5,28813100;
202300043928.0;1;44;44119;1;1;2.0;1.0;46,95626250; -1,77052610;
202300043929.0;1;66;66172;2;1;1.0;6.0;42,71554700;2,84242300;
202300043930.0;1;29;29177;1;3;1.0;3.0;48,46824800; -4,71729200;
202300043931.0;1;03;03226;1;1;1.0;3.0;46,37083300;3,86038500;
202300043932.0;1;06;06088;1;1;1.0;4.0;43,66836800;7,19823400;
202300043933.0;1;38;38257;1;1;1.0;7.0;45,48542800;5,39805800;
202300043934.0;2;01;01024;1;1;1.0;3.0;46,29968100;5,15189900;
202300043935.0;1;26;26338;1;6;1.0;3.0;44,59343200;4,82016600;
202300043936.0;3;70;70313;1;1;2.0;7.0;47,63773600;6,61646200;
202300043937.0;1;27;27036;1;1;1.0;5.0;48,74459600;0,97865200;
202300043938.0;1;54;54073;1;1;9.0;7.0;48,64184356;5,90526134;
202300043939.0;2;70;70488;1;1;1.0;7.0;47,84013800;6,07830300;
202300043940.0;3;72;72180;2;1;1.0;6.0;48,34399900;0,37622600;
202300043941.0;1;13;13051;1;9;1.0;2.0;43,60935882;5,14754015;
202300043942.0;3;05;05156;1;1;1.0;6.0;44,54749152;6,49985075;
202300043943.0;1;72;72386;1;1;1.0;6.0;48,02395000;0,25272000;
202300043944.0;1;13;13021;2;6;1.0;3.0;43,33064500;5,15168100;
202300043945.0;1;50;50081;2;1;8.0;6.0;48,86414100; -1,54369700;
202300043946.0;1;18;18135;1;2;1.0;1.0;46,63496200;2,21872300;
202300043947.0;1;16;16070;1;1;8.0;2.0;45,87441300;0,70144100;
202300043948.0;1;91;91044;2;1;1.0;2.0;48,66365100;2,27739400;
202300043949.0;1;83;83012;2;3;1.0;3.0;43,55807500;6,01298200;
202300043950.0;3;53;53198;1;1;5.0;1.0;48,32532700; -0,19060900;
202300043951.0;1;83;83094;1;1;1.0;2.0;43,31610000;6,54180600;
202300043952.0;1;36;36220;1;1;1.0;6.0;46,62067559;1,47023519;
202300043953.0;1;85;85078;1;1;2.0;1.0;46,32507000; -0,74027600;
202300043954.0;1;13;13074;1;1;1.0;6.0;43,64460000;5,55760100;
202300043955.0;4;27;27198;2;1;5.0;6.0;48,83282600;1,12268100;
202300043956.0;1;13;13047;2;1;1.0;1.0;43,51179000;4,99038000;
202300043957.0;1;16;16044;1;2;1.0;5.0;46,02898700;0,27825500;
202300043958.0;1;89;89085;1;1;1.0;6.0;47,94988300;3,50326000;
202300043959.0;4;88;88313;2;9;1.0;6.0;48,34871300;6,42945900;
202300043960.0;5;10;10362;2;3;1.0;6.0;48,29405000;4,05725000;
202300043961.0;1;89;89257;2;6;1.0;6.0;47,96928800;3,50996700;
202300043962.0;1;53;53002;1;1;1.0;7.0;48,21280400; -0,70527500;
202300043963.0;1;07;07102;2;1;1.0;6.0;44,93594000;4,87544000;
202300043964.0;1;85;85084;1;1;1.0;2.0;46,78768200; -1,18818950;
202300043965.0;1;71;71251;1;4;1.0;3.0;46,91911900;4,18872000;
202300043966.0;2;28;28199;1;1;1.0;6.0;48,20174100;1,84994600;
202300043967.0;5;06;06088;2;1;1.0;3.0;43,69340000;7,24496000;
202300043968.0;1;85;85135;2;1;1.0;6.0;46,53756400; -1,22899280;
202300043969.0;3;69;69024;1;1;1.0;6.0;45,94033566;4,55955567;
202300043970.0;5;06;06029;2;5;1.0;1.0;43,55412000;7,01686000;
202300043971.0;1;28;28032;1;1;1.0;5.0;48,30872100;1,68618100;
202300043972.0;1;21;21515;2;1;1.0;6.0;47,31226800;5,11488100;
202300043973.0;1;32;32091;1;1;1.0;3.0;43,69732800;0,51803600;
202300043974.0;4;06;06027;2;1;1.0;1.0;43,66096000;7,16918000;
202300043975.0;1;28;28414;2;1;1.0;6.0;48,39214300;1,20970300;