Num_Acc;lum;departement;commune;agglomeration;intersection;meteo;type_collision;lat;long;date
202300043976.0;1;77;77505;1;1;1.0;7.0;48,92021500;2,98871000;
202300043977.0;3;09;09282;2;1;1.0;2.0;43,23163400;1,58992800;
202300043978.0;3;17;17465;2;1;1.0;7.0;45,97212600; -0,56468100;
202300043979.0;1;06;06123;2;1;1.0;3.0;43,67285000;7,19043000;
202300043980.0;1;34;34341;1;1;1.0;5.0;43,47528800;3,58690600;
202300043981.0;5;06;06004;1;9;1.0;1.0;43,61133300;7,12611800;
202300043982.0;3;17;17443;1;2;2.0;3.0;46,08458700; -1,00720200;
202300043983.0;1;04;04112;2;1;1.0;6.0;43,83834000;5,80652000;
202300043984.0;1;33;33240;2;3;1.0;4.0;45,30768500; -0,94207800;
202300043985.0;1;34;34344;2;9;1.0;3.0;43,56124100;4,07697400;
202300043986.0;3;03;03321;2;1;2.0;2.0;46,55804000;3,36859000;
202300043987.0;1;33;33085;2;1;1.0;6.0;44,77289400; -0,48733600;
202300043988.0;5;48;48034;2;6;2.0;5.0;44,43346200;3,21365100;
202300043989.0;1;26;26124;1;1;1.0;4.0;44,83627400;4,86273800;
202300043990.0;1;03;03101;1;1;1.0;2.0;46,38751000;2,55070000;
202300043991.0;1;13;13091;1;2;1.0;3.0;43,63270500;5,28412300;
202300043992.0;1;33;33284;1;3;1.0;4.0;44,62676300; -0,90259600;
202300043993.0;2;02;02722;2;9;8.0;6.0;49,37603000;3,32923000;
202300043994.0;2;33;33061;1;3;1.0;3.0;44,82665600; -0,42153600;
202300043995.0;3;18;18214;1;1;2.0;7.0;47,19924800;2,02993900;
202300043996.0;5;02;02340;2;1;1.0;3.0;49,82790000;3,28761000;
202300043997.0;1;44;44026;1;3;1.0;3.0;47,30104600; -1,47524000;
202300043998.0;3;13;13210;1;1;1.0;2.0;43,28452625;5,41498131;
202300043999.0;1;13;13118;1;3;1.0;3.0;43,54518400;5,25679500;
202300044000.0;1;60;60628;1;1;1.0;2.0;49,42392700;2,14602500;
202300044001.0;1;75;75118;2;1;2.0;3.0;48,90069500;2,36570500;
202300044002.0;1;33;33281;1;1;1.0;4.0;44,83504000; -0,67676000;
202300044003.0;1;75;75112;2;1;1.0;2.0;48,83080700;2,40315400;
202300044004.0;1;51;51454;1;1;1.0;2.0;49,24295200;4,03091500;
202300044005.0;1;13;13215;1;1;1.0;7.0;43,34216476;5,37623952;
202300044006.0;1;91;91687;1;1;1.0;3.0;48,66532000;2,36363000;
202300044007.0;5;31;31254;1;6;1.0;6.0;43,54449700;1,50356100;
202300044008.0;2;75;75119;2;1;1.0;2.0;48,89721300;2,39435400;
202300044009.0;3;91;91174;1;9;1.0;7.0;48,62428900;2,46927400;
202300044010.0;1;34;34172;1;1;1.0;2.0;43,60140300;3,92156100;
202300044011.0;1;13;13081;1;1;1.0;4.0;43,48986000;5,24020000;
202300044012.0;1;91;91161;1;1;1.0;4.0;48,69860000;2,31340000;
202300044013.0;1;55;55237;1;1;1.0;2.0;49,11378500;5,55556300;
202300044014.0;1;78;78423;1;1;1.0;6.0;48,79600000;2,03825500;
202300044015.0;1;75;75112;2;1;1.0;4.0;48,83017100;2,40218800;
202300044016.0;2;33;33003;1;1;1.0;4.0;44,92973662; -0,46968699;
202300044017.0;1;93;93006;1;1;1.0;3.0;48,86630746;2,41412759;
202300044018.0;1;75;75117;2;1;8.0;3.0;48,88099200;2,28233300;
202300044019.0;1;91;91689;1;1;1.0;2.0;48,74582000;2,32569000;
202300044020.0;1;45;45020;1;1;1.0;2.0;47,83081800;1,66172500;
202300044021.0;5;75;75102;2;2;8.0;6.0;48,86817500;2,34359100;
202300044022.0;1;93;93066;1;1;1.0;5.0;48,92190936;2,36424249;
202300044023.0;1;33;33229;1;1;1.0;3.0;44,78288800; -0,93470700;
202300044024.0;1;91;91228;1;1;2.0;2.0;48,62327000;2,42054000;
202300044025.0;1;75;75114;2;1;1.0;3.0;48,81784400;2,33402400;
202300044026.0;1;95;95582;1;1;1.0;2.0;48,97195611;2,24798144;
202300044027.0;1;971;97117;1;1;1.0;6.0;16,33125900; -61,39243800;
202300044028.0;1;91;91692;1;1;1.0;3.0;48,66939000;2,19447000;
202300044029.0;5;75;75105;2;2;2.0;6.0;48,84861900;2,34853100;
202300044030.0;1;28;28229;2;1;1.0;6.0;48,45003000;1,45208000;
202300044031.0;5;971;97129;2;3;1.0;3.0;16,27442800; -61,67250900;
202300044032.0;1;94;94003;1;1;2.0;7.0;48,80197950;2,34359623;
202300044033.0;5;75;75117;2;2;1.0;3.0;48,89226600;2,30102000;
202300044034.0;1;78;78297;1;1;1.0;3.0;48,78982000;2,05920000;
202300044035.0;3;75;75115;2;1;3.0;6.0;48,82800600;2,30396300;
202300044036.0;1;988;98818;2;3;1.0;6.0; -22,29577000;166,44991000;
202300044037.0;1;44;44020;2;2;2.0;2.0;47,17617900; -1,60419700;
202300044038.0;1;2B;2B162;2;1;1.0;6.0;42,47672600;9,16094500;
202300044039.0;1;78;78455;1;1;1.0;4.0;48,85558500;2,05782200;
202300044040.0;1;974;97411;2;3;1.0;3.0; -20,89135000;55,44999000;
202300044041.0;5;75;75114;2;1;1.0;5.0;48,82985400;2,32863600;
202300044042.0;2;92;92023;1;1;1.0;7.0;48,77659000;2,23342000;
202300044043.0;1;66;66190;1;1;1.0;1.0;42,86625066;2,98213363;
202300044044.0;1;973;97302;2;3;3.0;3.0;4,93651552; -52,30736196;
202300044045.0;5;75;75113;2;2;2.0;6.0;48,82161400;2,36914100;
202300044046.0;1;95;95061;1;1;1.0;7.0;49,06799174;2,25449202;
202300044047.0;1;83;83104;1;1;1.0;7.0;43,62668300;5,76570300;
202300044048.0;5;75;75112;2;1;2.0;6.0;48,85270800;2,37125000;
202300044049.0;1;95;95018;1;1;1.0;2.0;48,96084236;2,25965323;
202300044050.0;1;973;97302;2;2;3.0;3.0;4,94244000; -52,32794000;
202300044051.0;1;75;75112;2;1;1.0;2.0;48,82922000;2,41994100;
202300044052.0;1;13;13062;1;1;1.0;2.0;43,42124300;5,49557800;
202300044053.0;1;69;69388;2;1;1.0;2.0;45,74109000;4,86471000;
202300044054.0;5;75;75111;2;1;3.0;6.0;48,85428400;2,38350300;
202300044055.0;1;93;93051;1;1;2.0;5.0;48,83618999;2,54068673;
202300044056.0;1;68;68334;2;1;1.0;6.0;47,81025800;7,10074100;
202300044057.0;2;75;75110;2;2;1.0;6.0;48,87376800;2,35832400;
202300044058.0;5;69;69383;2;2;1.0;6.0;45,75483000;4,84998000;
202300044059.0;5;68;68348;2;1;1.0;1.0;47,80411000;7,12242900;
202300044060.0;1;972;97209;1;1;1.0;7.0;14,63778000; -61,04029000;
202300044061.0;1;67;67156;1;1;8.0;7.0;48,74403700;7,76089700;
202300044062.0;1;67;67482;2;1;1.0;6.0;48,59249000;7,69759000;
202300044063.0;2;75;75108;2;3;1.0;3.0;48,87099000;2,30341000;
202300044064.0;1;67;67482;2;8;2.0;6.0;48,57458000;7,76701000;
202300044065.0;3;972;97209;2;4;1.0;2.0;14,61674000; -61,07207000;
202300044066.0;3;67;67473;1;1;1.0;7.0;48,58213884;7,47485518;
202300044067.0;1;75;75108;2;2;1.0;3.0;48,87866300;2,30085200;
202300044068.0;5;974;97416;2;1;1.0;1.0; -21,32965000;55,48042000;
202300044069.0;1;03;03189;1;1;1.0;1.0;46,30811000;2,81051000;
202300044070.0;5;69;69149;2;3;1.0;3.0;45,71520000;4,80024000;
202300044071.0;1;75;75108;2;2;1.0;2.0;48,87410500;2,29576300;
202300044072.0;5;69;69149;2;1;1.0;6.0;45,71238000;4,80338000;
202300044073.0;1;42;42094;2;1;1.0;6.0;45,74237800;4,21882500;
202300044074.0;1;75;75108;2;2;1.0;3.0;48,87857000;2,30085000;
202300044075.0;1;973;97302;2;3;8.0;3.0;4,94174476; -52,30418873;
202300044076.0;1;07;07259;1;3;1.0;3.0;44,30386000;4,60378100;
202300044077.0;1;75;75102;2;4;1.0;6.0;48,86585500;2,34338200;
202300044078.0;1;69;69384;2;1;1.0;4.0;45,77511000;4,83940000;
202300044079.0;5;94;94078;2;1;1.0;3.0;48,72469000;2,44443000;
202300044080.0;1;973;97302;2;2;1.0;6.0;4,93632152; -52,33470619;
202300044081.0;1;69;69131;1;1;1.0;1.0;45,69060400;4,67820700;
202300044082.0;1;69;69149;2;2;1.0;3.0;45,72105665;4,81118631;
202300044083.0;1;94;94068;2;2;1.0;3.0;48,80710000;2,50901000;
202300044084.0;1;972;97213;1;1;1.0;3.0;14,61836000; -61,02514000;
202300044085.0;1;2A;2A004;2;9;1.0;2.0;41,92981000;8,75748000;
202300044086.0;1;69;69149;2;1;1.0;7.0;45,71953000;4,81049000;
202300044087.0;1;49;49301;1;1;9.0;6.0;47,09854700; -1,02192200;
202300044088.0;1;94;94003;2;9;1.0;3.0;48,79950000;2,34397000;
202300044089.0;1;91;91692;2;4;1.0;3.0;48,68470000;2,19118000;
202300044090.0;1;2B;2B037;1;1;1.0;2.0;42,62840000;9,43754000;
202300044091.0;1;50;50594;1;1;1.0;1.0;49,60970900; -1,71644200;
202300044092.0;1;94;94075;1;1;1.0;3.0;48,73267000;2,51284000;
202300044093.0;1;971;97120;1;1;1.0;6.0;16,23886321; -61,53706580;
202300044094.0;1;87;87085;2;2;1.0;3.0;45,82231000;1,23977000;
202300044095.0;3;22;22277;1;1;2.0;1.0;48,37580800; -2,83969200;
202300044096.0;2;93;93066;2;2;2.0;3.0;48,92120000;2,36163000;
202300044097.0;1;87;87085;2;1;1.0;7.0;45,83313000;1,23156000;
202300044098.0;1;2A;2A004;2;3;1.0;3.0;41,93155000;8,74027000;
202300044099.0;5;93;93055;2;5;2.0;2.0;48,88915500;2,41022600;
202300044100.0;3;87;87085;1;1;1.0;6.0;45,87306000;1,28777000;
202300044101.0;1;2A;2A004;2;3;1.0;3.0;41,91202000;8,72275000;
202300044102.0;1;59;59377;2;1;1.0;1.0;50,12079100;3,17355800;
202300044103.0;5;93;93047;2;3;2.0;3.0;48,89876000;2,54739000;
202300044104.0;1;87;87085;2;1;1.0;4.0;45,85158000;1,27132000;
202300044105.0;1;13;13214;1;1;1.0;2.0;43,32970000;5,39300000;
202300044106.0;1;93;93029;2;3;1.0;3.0;48,91863900;2,44875400;
202300044107.0;1;87;87075;1;3;1.0;3.0;45,80891000;1,16348000;
202300044108.0;1;13;13071;1;1;1.0;3.0;43,40520000;5,29440000;
202300044109.0;5;93;93014;2;2;2.0;6.0;48,90464700;2,54851700;
202300044110.0;3;84;84035;2;1;1.0;1.0;43,82767000;5,03270000;
202300044111.0;1;91;91570;2;9;1.0;6.0;48,63091000;2,31756000;
202300044112.0;1;13;13005;1;1;1.0;2.0;43,28680000;5,53841000;
202300044113.0;5;83;83137;2;1;1.0;1.0;43,15127444;5,96905893;
202300044114.0;1;91;91286;2;1;1.0;3.0;48,66663600;2,39636200;
202300044115.0;5;93;93007;2;4;2.0;3.0;48,93779000;2,47389000;
202300044116.0;1;13;13056;1;1;1.0;2.0;43,40527000;5,03980000;
202300044117.0;5;78;78440;2;1;1.0;2.0;48,99750000;1,90986000;
202300044118.0;1;91;91433;1;1;7.0;6.0;48,45168000;2,17169000;
202300044119.0;1;83;83144;1;1;1.0;2.0;43,14109384;6,00284963;
202300044120.0;5;92;92078;2;9;1.0;3.0;48,93487788;2,32498750;
202300044121.0;1;33;33122;1;1;1.0;6.0;44,73161848; -0,72440565;
202300044122.0;1;87;87050;2;1;1.0;6.0;45,86373000;1,23801000;
202300044123.0;1;92;92073;2;1;1.0;3.0;48,87064153;2,22461119;
202300044124.0;1;94;94076;1;1;2.0;2.0;48,79178332;2,34476096;
202300044125.0;5;83;83069;2;2;1.0;3.0;43,11942000;6,12629000;
202300044126.0;5;92;92072;2;3;1.0;3.0;48,82121261;2,21866742;
202300044127.0;1;76;76351;1;1;1.0;6.0;49,51746000;0,13001000;
202300044128.0;5;92;92072;2;1;2.0;7.0;48,82831000;2,20170000;
202300044129.0;1;91;91228;1;1;8.0;4.0;48,62789000;2,41332000;
202300044130.0;1;78;78158;2;6;1.0;6.0;48,82864600;2,12486400;
202300044131.0;2;91;91434;1;1;1.0;2.0;48,66832000;2,35421000;
202300044132.0;2;78;78372;2;1;1.0;6.0;48,87214900;2,09649200;
202300044133.0;5;92;92050;1;3;2.0;4.0;48,90684325;2,21203990;
202300044134.0;5;73;73008;2;6;1.0;6.0;45,68606000;5,90600000;
202300044135.0;2;92;92050;2;9;8.0;6.0;48,89853000;2,21519000;
202300044136.0;1;91;91471;1;9;1.0;2.0;48,69473000;2,19458000;
202300044137.0;1;78;78418;2;3;1.0;3.0;48,93223000;2,13970000;
202300044138.0;2;71;71306;2;2;1.0;3.0;46,68781000;4,35808000;
202300044139.0;5;92;92050;2;9;1.0;3.0;48,88795556;2,18953997;
202300044140.0;1;93;93027;1;1;1.0;2.0;48,92458528;2,38937632;
202300044141.0;5;78;78624;1;1;1.0;1.0;48,99157000;2,00796000;
202300044142.0;1;94;94018;1;1;8.0;6.0;48,81739194;2,41475247;
202300044143.0;1;92;92024;2;1;2.0;7.0;48,90679477;2,29649931;
202300044144.0;1;69;69271;2;3;1.0;3.0;45,73015000;4,96375000;
202300044145.0;5;92;92012;2;1;3.0;6.0;48,82361946;2,23848827;
202300044146.0;1;77;77363;1;1;1.0;2.0;48,92869685;2,62840045;
202300044147.0;5;67;67482;2;1;1.0;3.0;48,56168000;7,73434000;
202300044148.0;5;24;24294;2;1;1.0;2.0;45,00620800;0,16228400;
202300044149.0;4;59;59350;2;3;1.0;6.0;50,60862000;3,04016000;
202300044150.0;1;77;77070;1;1;1.0;7.0;48,78700000;3,12400000;
202300044151.0;5;95;95480;2;1;3.0;6.0;49,12017600;2,21048500;
202300044152.0;1;66;66136;2;3;1.0;6.0;42,69647794;2,87797272;
202300044153.0;3;31;31074;1;1;3.0;6.0;43,68230500;1,60994800;
202300044154.0;1;73;73154;1;1;2.0;1.0;45,68039200;6,33936900;
202300044155.0;1;76;76351;2;2;1.0;1.0;49,49191000;0,09917000;
202300044156.0;2;66;66136;1;1;1.0;3.0;42,69428000;2,84879000;
202300044157.0;1;71;71497;1;1;2.0;6.0;46,33969100;4,82188800;
202300044158.0;1;73;73031;2;3;1.0;3.0;45,57363000;5,93655000;
202300044159.0;5;64;64445;1;1;1.0;1.0;43,33697000; -0,36669000;
202300044160.0;1;64;64348;2;6;1.0;3.0;43,33573000; -0,38505000;
202300044161.0;1;974;97404;2;1;2.0;3.0; -21,25923600;55,35569300;
202300044162.0;1;69;69259;2;1;1.0;2.0;45,71183000;4,87490000;
202300044163.0;3;64;64122;2;1;1.0;7.0;43,47882000; -1,55317000;
202300044164.0;1;63;63035;1;2;2.0;3.0;45,95696400;3,10684300;
202300044165.0;1;39;39362;2;4;1.0;3.0;46,67323900;5,53731200;
202300044166.0;1;63;63113;2;1;1.0;7.0;45,77178000;3,09003000;
202300044167.0;5;86;86226;1;1;2.0;5.0;46,55980300;0,45172400;
202300044168.0;5;01;01053;2;2;1.0;3.0;46,20963400;5,22992100;
202300044169.0;2;67;67267;2;6;1.0;3.0;48,56045000;7,69285000;
202300044170.0;5;63;63113;2;9;1.0;3.0;45,78004367;3,11544478;
202300044171.0;3;84;84029;1;1;2.0;7.0;44,15481500;4,88411500;
202300044172.0;5;93;93053;2;3;1.0;3.0;48,89323200;2,47076600;
202300044173.0;1;67;67482;2;3;1.0;6.0;48,58289000;7,77227000;
202300044174.0;1;85;85109;2;6;7.0;6.0;46,86664100; -1,02679000;
202300044175.0;5;62;62525;2;3;1.0;6.0;50,73932900;2,26297800;
202300044176.0;1;63;63178;1;1;1.0;2.0;45,54925000;3,26926900;
202300044177.0;5;59;59599;2;8;1.0;6.0;50,71936000;3,15819000;
202300044178.0;1;973;97302;1;1;1.0;3.0;4,90294000; -52,32440000;
202300044179.0;1;59;59560;2;3;1.0;3.0;50,55608000;3,05875000;
202300044180.0;2;30;30217;2;1;2.0;6.0;43,97511900;4,69239600;
202300044181.0;5;56;56260;2;1;2.0;3.0;47,66075000; -2,75398000;
202300044182.0;1;51;51172;2;6;1.0;3.0;49,22053000;4,06423000;
202300044183.0;1;972;97209;1;1;1.0;6.0;14,60880000; -61,06455000;
202300044184.0;3;30;30141;1;1;2.0;1.0;44,09963600;4,63691700;
202300044185.0;1;51;51454;2;1;1.0;6.0;49,23563000;4,01943000;
202300044186.0;1;49;49099;2;1;1.0;6.0;47,05645000; -0,89370000;
202300044187.0;3;56;56070;1;1;2.0;3.0;47,94771900; -2,58100700;
202300044188.0;3;69;69389;2;2;1.0;3.0;45,78551842;4,81065469;
202300044189.0;1;49;49007;2;1;1.0;7.0;47,45016000; -0,54446000;
202300044190.0;1;56;56042;1;1;1.0;1.0;47,83655700; -2,79312200;
202300044191.0;2;51;51108;2;1;1.0;6.0;48,96793000;4,35793000;
202300044192.0;1;59;59094;2;1;1.0;6.0;50,94346200;2,20094600;
202300044193.0;1;45;45298;2;1;1.0;2.0;47,87593533;1,87717617;
202300044194.0;1;49;49007;2;2;1.0;6.0;47,48959000; -0,56266000;
202300044195.0;5;2A;2A130;2;9;1.0;6.0;41,89460300;8,80666300;
202300044196.0;1;44;44109;2;1;1.0;2.0;47,20191000; -1,54773000;
202300044197.0;1;89;89339;1;1;1.0;6.0;47,56591400;3,98039800;
202300044198.0;3;44;44109;2;1;1.0;6.0;47,23189000; -1,50771000;
202300044199.0;1;49;49007;2;1;1.0;1.0;47,46098000; -0,61243000;
202300044200.0;3;84;84080;1;1;1.0;2.0;44,04497000;5,01008000;
202300044201.0;5;44;44143;2;1;1.0;3.0;47,15722000; -1,54122000;
202300044202.0;3;63;63031;1;1;1.0;1.0;45,46181474;3,29628995;
202300044203.0;1;47;47032;1;4;1.0;3.0;44,18041100;0,67935500;
202300044204.0;1;35;35206;1;1;1.0;2.0;48,07179451; -1,69682711;
202300044205.0;3;61;61284;1;1;1.0;1.0;48,60201200;0,31677900;
202300044206.0;5;83;83126;2;2;2.0;3.0;43,10742100;5,86967000;
202300044207.0;3;34;34301;1;1;1.0;7.0;43,35467900;3,59555700;
202300044208.0;1;44;44162;2;1;1.0;6.0;47,21849000; -1,61796000;
202300044209.0;1;49;49215;1;1;1.0;1.0;47,14586456; -0,16844324;
202300044210.0;1;77;77053;2;1;1.0;2.0;48,70202000;2,59821000;
202300044211.0;1;34;34003;2;6;1.0;3.0;43,29109000;3,51406000;
202300044212.0;3;12;12016;1;1;2.0;6.0;44,50876400;2,36208200;
202300044213.0;3;44;44143;1;1;1.0;6.0;47,16010000; -1,55191000;
202300044214.0;1;25;25287;2;1;1.0;6.0;47,20359800;5,90222500;
202300044215.0;1;33;33550;2;1;1.0;1.0;44,78599000; -0,58298000;
202300044216.0;1;25;25468;1;1;1.0;6.0;47,33225000;6,19459400;
202300044217.0;5;39;39198;2;9;1.0;6.0;47,07982300;5,46953400;
202300044218.0;1;77;77111;2;2;1.0;3.0;48,85718000;2,77214000;
202300044219.0;1;31;31555;2;1;1.0;6.0;43,58834000;1,45878000;
202300044220.0;1;38;38421;2;1;1.0;6.0;45,17904000;5,75611000;
202300044221.0;1;44;44089;1;2;3.0;3.0;47,32715300; -1,88199400;
202300044222.0;1;76;76540;2;3;1.0;2.0;49,44042000;1,12755000;
202300044223.0;4;31;31555;2;9;1.0;3.0;43,56786359;1,37659281;
202300044224.0;1;44;44152;1;2;1.0;3.0;47,45265100; -2,02568500;
202300044225.0;1;69;69266;2;1;1.0;6.0;45,77417000;4,86112000;
202300044226.0;1;30;30028;2;6;1.0;3.0;44,16009000;4,62527000;
202300044227.0;1;35;35238;1;1;1.0;4.0;48,08142000; -1,69691000;
202300044228.0;1;44;44087;1;1;2.0;1.0;46,96005200; -1,81833900;
202300044229.0;1;33;33063;2;1;1.0;2.0;44,84638522; -0,59687600;
202300044230.0;3;68;68195;1;1;1.0;6.0;47,75565000;7,29658000;
202300044231.0;3;29;29247;1;1;3.0;6.0;47,97024000; -3,99516000;
202300044232.0;1;19;19031;2;3;1.0;3.0;45,16128000;1,50313000;
202300044233.0;1;31;31555;2;1;1.0;1.0;43,57751100;1,47967900;
202300044234.0;5;66;66136;1;1;1.0;6.0;42,69914000;2,87347000;
202300044235.0;1;02;02810;1;1;1.0;1.0;49,25366100;3,10870200;
202300044236.0;1;03;03217;1;1;2.0;6.0;46,36161500;2,68479500;
202300044237.0;2;13;13096;2;1;1.0;3.0;43,47385250;4,40177955;
202300044238.0;1;31;31555;2;1;5.0;3.0;43,57606000;1,40657000;
202300044239.0;1;64;64348;2;1;3.0;5.0;43,33945000; -0,37985000;
202300044240.0;1;01;01134;1;1;1.0;1.0;46,28832000;4,87866400;
202300044241.0;2;13;13103;2;1;1.0;1.0;43,64000000;5,09000000;
202300044242.0;1;29;29039;2;1;1.0;4.0;47,89350000; -3,91450000;
202300044243.0;1;13;13213;2;1;1.0;3.0;43,33923468;5,43907694;
202300044244.0;1;64;64122;2;2;8.0;3.0;43,48288000; -1,55655000;
202300044245.0;1;29;29039;2;6;1.0;6.0;47,89429808; -3,91384721;
202300044246.0;3;01;01232;1;1;1.0;5.0;46,35717700;5,25354600;
202300044247.0;5;13;13004;1;1;1.0;2.0;43,64808829;4,68630046;
202300044248.0;2;29;29019;2;6;1.0;3.0;48,42700300; -4,47648500;
202300044249.0;1;59;59183;2;3;1.0;3.0;51,04749000;2,42810000;
202300044250.0;3;18;18141;1;1;2.0;4.0;47,14034400;2,25003000;
202300044251.0;1;42;42218;2;1;1.0;6.0;45,41561984;4,39455897;
202300044252.0;1;27;27229;2;1;1.0;2.0;49,02384000;1,14364000;
202300044253.0;1;53;53249;1;1;5.0;1.0;48,18644000; -0,23791200;
202300044254.0;1;10;10387;2;6;1.0;6.0;48,29606000;4,09430000;
202300044255.0;1;37;37195;1;1;2.0;7.0;47,37935045;0,61213732;
202300044256.0;5;21;21554;2;1;1.0;6.0;47,10263700;5,26306800;
202300044257.0;5;18;18033;2;1;1.0;6.0;47,06542000;2,39578000;
202300044258.0;1;06;06155;2;1;1.0;6.0;43,57914000;7,05432000;
202300044259.0;1;30;30006;1;9;8.0;7.0;43,69122300;4,20654100;
202300044260.0;1;37;37122;2;1;1.0;1.0;47,34784000;0,66530000;
202300044261.0;1;13;13039;1;1;1.0;1.0;43,45064000;4,96355000;
202300044262.0;1;02;02168;2;6;2.0;3.0;49,04442000;3,40302000;
202300044263.0;1;32;32013;2;1;1.0;6.0;43,64880000;0,58990000;
202300044264.0;1;13;13215;2;1;1.0;2.0;43,34636000;5,36527000;
202300044265.0;1;01;01053;2;2;1.0;6.0;46,20331000;5,24231000;
202300044266.0;3;80;80365;1;1;3.0;6.0;49,80946500;1,99024200;
202300044267.0;1;29;29039;1;1;1.0;2.0;47,90297000; -3,94460000;
202300044268.0;1;05;05173;1;1;3.0;6.0;44,32184500;5,89209400;
202300044269.0;1;94;94052;2;7;1.0;6.0;48,83704600;2,48534700;
202300044270.0;5;13;13210;2;1;1.0;1.0;43,28263676;5,39950951;
202300044271.0;2;06;06084;1;1;1.0;7.0;43,61906800;6,94721200;
202300044272.0;2;06;06084;1;1;1.0;7.0;43,61907200;6,94720600;
202300044273.0;1;26;26362;1;9;1.0;5.0;44,95372922;4,93521716;
202300044274.0;1;75;75117;2;1;1.0;2.0;48,90058600;2,32898800;
202300044275.0;5;13;13213;2;6;1.0;3.0;43,32851000;5,43333000;
202300044276.0;1;13;13051;2;2;1.0;6.0;43,58986000;5,12441900;
202300044277.0;1;75;75117;2;1;1.0;6.0;48,89910400;2,31712400;
202300044278.0;1;13;13005;2;1;7.0;6.0;43,29290000;5,56321000;
202300044279.0;1;68;68224;1;1;1.0;2.0;47,76664100;7,33523400;
202300044280.0;1;75;75106;2;2;1.0;3.0;48,85248200;2,33875900;
202300044281.0;5;95;95250;2;1;2.0;7.0;49,09827800;2,52128000;
202300044282.0;1;14;14117;2;2;1.0;3.0;49,29457000; -0,10843500;
202300044283.0;1;75;75119;2;1;1.0;3.0;48,88215100;2,37115400;
202300044284.0;1;13;13076;1;1;1.0;3.0;43,83276200;5,00688000;
202300044285.0;5;06;06088;2;1;1.0;4.0;43,67923000;7,21063000;
202300044286.0;4;13;13210;2;1;1.0;6.0;43,28528000;5,39868000;
202300044287.0;2;44;44020;2;1;2.0;3.0;47,15686400; -1,58793200;
202300044288.0;1;75;75118;2;2;1.0;6.0;48,89245400;2,33053300;
202300044289.0;2;13;13213;2;1;1.0;1.0;43,32593000;5,41647000;
202300044290.0;1;04;04112;2;4;1.0;2.0;43,84832000;5,81753000;
202300044291.0;3;77;77234;1;4;5.0;3.0;48,91327200;2,76715500;
202300044292.0;1;13;13209;2;1;1.0;6.0;43,25653000;5,41963000;
202300044293.0;1;75;75118;2;9;1.0;6.0;48,88504500;2,34731000;
202300044294.0;3;91;91579;2;1;1.0;6.0;48,53073100;2,29437800;
202300044295.0;1;13;13002;1;1;1.0;1.0;43,38166500;5,54498800;
202300044296.0;1;75;75115;2;2;1.0;1.0;48,84361000;2,29575000;
202300044297.0;1;75;75118;2;2;1.0;6.0;48,88739400;2,34961800;
202300044298.0;1;34;34199;1;1;8.0;7.0;43,46703000;3,39386300;
202300044299.0;5;13;13005;2;1;1.0;6.0;43,29418000;5,55943000;
202300044300.0;5;75;75115;2;3;1.0;1.0;48,83934900;2,29701400;
202300044301.0;5;10;10060;2;1;1.0;6.0;48,26378000;4,09136000;
202300044302.0;1;42;42094;1;4;2.0;3.0;45,73837200;4,26177300;
202300044303.0;1;75;75120;2;4;1.0;2.0;48,86483357;2,41194695;
202300044304.0;5;06;06123;2;1;1.0;3.0;43,68730000;7,18680000;
202300044305.0;1;75;75114;2;2;1.0;6.0;48,83181000;2,31415100;
202300044306.0;1;85;85092;2;2;2.0;6.0;46,46801100; -0,81988700;
202300044307.0;5;03;03185;2;2;1.0;1.0;46,34386900;2,59956900;
202300044308.0;1;75;75110;2;3;1.0;1.0;48,87014800;2,35046800;
202300044309.0;1;29;29103;2;7;1.0;3.0;48,45048200; -4,26105500;
202300044310.0;1;01;01451;1;1;1.0;3.0;46,23066000;5,21527000;
202300044311.0;1;94;94080;2;1;1.0;3.0;48,84442878;2,44068736;
202300044312.0;3;27;27012;1;1;9.0;7.0;49,30401400;1,31938900;
202300044313.0;1;60;60341;2;1;1.0;2.0;49,09137700;2,75132400;
202300044314.0;1;94;94044;2;3;7.0;6.0;48,74997206;2,49209565;
202300044315.0;2;13;13215;1;1;1.0;2.0;43,35005000;5,36860000;
202300044316.0;3;94;94015;2;9;1.0;6.0;48,83973800;2,53457600;
202300044317.0;1;75;75119;2;1;1.0;3.0;48,89602100;2,39435100;
202300044318.0;1;94;94028;2;1;1.0;3.0;48,78212482;2,45483655;
202300044319.0;1;13;13215;1;1;1.0;3.0;43,37038000;5,36118000;
202300044320.0;1;94;94059;2;3;1.0;6.0;48,81040000;2,57240000;
202300044321.0;1;75;75117;2;1;1.0;4.0;48,89333700;2,30341100;
202300044322.0;1;75;75113;2;1;1.0;2.0;48,81947100;2,37312300;
202300044323.0;1;13;13215;1;1;1.0;2.0;43,37000000;5,36000000;
202300044324.0;1;94;94002;2;2;1.0;6.0;48,81455068;2,41533118;
202300044325.0;1;75;75105;2;2;1.0;6.0;48,84959400;2,34482200;