Num_Acc;lum;departement;commune;agglomeration;intersection;meteo;type_collision;lat;long;date
202300044326.0;2;83;83137;1;1;1.0;2.0;43,12653501;5,89467986;
202300044327.0;1;93;93029;2;3;1.0;3.0;48,93630502;2,45124373;
202300044328.0;1;75;75113;2;2;1.0;6.0;48,83583800;2,35251300;
202300044329.0;1;93;93001;2;1;1.0;6.0;48,90855316;2,38484917;
202300044330.0;3;91;91689;1;1;2.0;4.0;48,73317000;2,31563000;
202300044331.0;1;75;75111;2;3;1.0;2.0;48,86379500;2,38229800;
202300044332.0;1;92;92075;2;9;1.0;3.0;48,82472000;2,28985000;
202300044333.0;1;75;75110;2;3;1.0;6.0;48,87629000;2,35745800;
202300044334.0;1;92;92073;2;1;1.0;6.0;48,87317900;2,22132400;
202300044335.0;1;91;91689;1;1;1.0;4.0;48,72718000;2,31366000;
202300044336.0;1;75;75110;2;2;1.0;6.0;48,87521400;2,37031200;
202300044337.0;1;92;92062;2;1;1.0;6.0;48,87920604;2,24006966;
202300044338.0;1;91;91377;1;1;1.0;5.0;48,71980000;2,29360000;
202300044339.0;1;75;75117;2;2;1.0;3.0;48,89761500;2,32415600;
202300044340.0;1;92;92051;2;5;1.0;3.0;48,88343591;2,27355033;
202300044341.0;1;75;75109;2;5;8.0;6.0;48,87294300;2,33324200;
202300044342.0;3;91;91174;1;1;5.0;;48,62111000;2,46117000;
202300044343.0;1;92;92026;2;1;1.0;6.0;48,89472326;2,25064087;
202300044344.0;1;75;75107;2;4;1.0;7.0;48,85122700;2,31415200;
202300044345.0;1;75;75101;2;3;1.0;2.0;48,85899300;2,33984700;
202300044346.0;1;78;78431;1;1;1.0;3.0;48,93547400;1,96364200;
202300044347.0;1;94;94078;2;6;1.0;7.0;48,73796200;2,47121700;
202300044348.0;1;92;92026;2;1;1.0;2.0;48,89941417;2,27160251;
202300044349.0;2;78;78490;1;1;1.0;2.0;48,80046100;1,97114000;
202300044350.0;1;94;94068;2;2;1.0;1.0;48,80654879;2,47876762;
202300044351.0;1;92;92012;2;1;1.0;2.0;48,83666616;2,25321248;
202300044352.0;1;78;78640;1;1;1.0;2.0;48,78134200;2,22281200;
202300044353.0;1;94;94046;2;2;1.0;3.0;48,80764100;2,43552900;
202300044354.0;1;94;94065;2;1;1.0;3.0;48,75390000;2,35361000;
202300044355.0;3;01;01004;2;2;1.0;3.0;45,95720300;5,33313800;
202300044356.0;1;78;78073;1;1;1.0;4.0;48,79827500;2,00761100;
202300044357.0;5;94;94075;2;3;1.0;3.0;48,71219100;2,53864600;
202300044358.0;1;95;95527;1;1;2.0;6.0;49,00034000;2,52512000;
202300044359.0;3;93;93027;1;1;1.0;3.0;48,93724000;2,41078000;
202300044360.0;1;93;93066;2;1;1.0;6.0;48,91411000;2,35827000;
202300044361.0;1;67;67103;1;3;1.0;5.0;48,80961900;7,42248800;
202300044362.0;1;93;93055;2;9;1.0;6.0;48,90101187;2,41194963;
202300044363.0;3;973;97353;2;1;3.0;6.0;3,63980861; -54,04297113;
202300044364.0;1;93;93027;2;1;1.0;3.0;48,91884496;2,40846813;
202300044365.0;1;95;95572;1;1;1.0;4.0;49,03555020;2,11701020;
202300044366.0;3;41;41194;1;1;1.0;7.0;47,35462600;1,77669500;
202300044367.0;2;77;77121;1;1;1.0;2.0;48,83160810;2,67912271;
202300044368.0;1;92;92078;2;1;1.0;3.0;48,93047994;2,33211422;
202300044369.0;1;49;49092;2;6;7.0;3.0;47,21403300; -0,72802100;
202300044370.0;1;77;77373;1;1;1.0;6.0;48,77928728;2,61536001;
202300044371.0;1;92;92064;2;2;1.0;6.0;48,84687993;2,21421272;
202300044372.0;1;92;92062;2;9;1.0;3.0;48,88710242;2,24221051;
202300044373.0;1;44;44168;2;1;1.0;1.0;47,38703300; -2,20406500;
202300044374.0;1;92;92051;2;9;1.0;3.0;48,88781918;2,28215665;
202300044375.0;1;92;92049;2;9;1.0;6.0;48,80990000;2,31719000;
202300044376.0;3;74;74301;2;1;1.0;6.0;46,21366800;6,43891600;
202300044377.0;1;74;74043;1;1;1.0;6.0;46,26579000;6,34726500;
202300044378.0;1;92;92032;2;6;1.0;1.0;48,78379325;2,28225052;
202300044379.0;1;74;74256;1;1;1.0;2.0;45,94976245;6,63716961;
202300044380.0;1;92;92012;2;1;1.0;2.0;48,85051912;2,23675311;
202300044381.0;1;13;13039;1;1;1.0;3.0;43,46936000;4,93865000;
202300044382.0;2;2A;2A349;1;1;1.0;1.0;41,67945100;8,92830100;
202300044383.0;2;43;43185;2;1;1.0;6.0;45,40680800;3,32328900;
202300044384.0;5;988;98818;2;3;1.0;3.0; -22,26321000;166,46341000;
202300044385.0;3;95;95116;1;1;1.0;6.0;49,16062500;2,32851700;
202300044386.0;2;77;77141;2;1;8.0;1.0;48,86454500;2,84902600;
202300044387.0;1;976;97611;2;1;1.0;3.0; -12,78027000;45,22920000;
202300044388.0;1;62;62155;1;1;1.0;6.0;50,78112142;2,02574801;
202300044389.0;1;87;87014;1;1;1.0;6.0;46,08695900;1,36039500;
202300044390.0;1;976;97611;2;1;1.0;5.0; -12,80050000;45,20478000;
202300044391.0;1;63;63206;1;1;1.0;1.0;45,93077400;2,94418600;
202300044392.0;1;12;12047;1;1;2.0;2.0;44,38286020;3,11693752;
202300044393.0;1;974;97411;2;1;1.0;3.0; -20,88540000;55,47810000;
202300044394.0;3;34;34088;1;1;1.0;6.0;43,55115700;3,72922000;
202300044395.0;1;974;97411;2;9;1.0;6.0; -20,88501000;55,45079000;
202300044396.0;1;01;01109;1;4;3.0;6.0;46,12194467;5,89572072;
202300044397.0;1;22;22067;1;1;8.0;6.0;48,55238000; -3,17052000;
202300044398.0;1;56;56256;1;2;1.0;5.0;47,99316700; -2,30690900;
202300044399.0;1;974;97411;2;6;1.0;4.0; -20,90229000;55,50312000;
202300044400.0;2;74;74309;2;1;1.0;1.0;46,11872600;6,04006900;
202300044401.0;1;44;44138;1;1;1.0;7.0;47,48786100; -1,64470900;
202300044402.0;5;69;69383;2;3;1.0;3.0;45,75282000;4,85209000;
202300044403.0;1;50;50099;1;1;1.0;6.0;49,30261800; -1,15842700;
202300044404.0;1;80;80148;1;2;1.0;1.0;50,03400300;1,56707500;
202300044405.0;1;57;57163;1;1;1.0;7.0;48,64278706;7,25316259;
202300044406.0;1;32;32382;1;1;1.0;6.0;43,73299600;0,37754800;
202300044407.0;1;972;97213;2;1;1.0;5.0;14,61498000; -60,99452000;
202300044408.0;1;32;32076;1;1;8.0;3.0;43,57746800;0,76521300;
202300044409.0;1;79;79202;2;3;1.0;2.0;46,63420700; -0,24981600;
202300044410.0;1;2B;2B037;1;1;1.0;4.0;42,61806500;9,43718000;
202300044411.0;1;63;63113;2;1;1.0;6.0;45,77445000;3,09954000;
202300044412.0;1;41;41180;1;1;1.0;3.0;47,36947400;1,24624000;
202300044413.0;2;22;22202;1;1;1.0;6.0;48,21440000; -3,49668900;
202300044414.0;1;2B;2B033;2;1;1.0;3.0;42,67081000;9,44208000;
202300044415.0;1;63;63014;2;1;1.0;6.0;45,75864000;3,11361000;
202300044416.0;1;2B;2B201;1;1;1.0;7.0;42,15469900;9,44034000;
202300044417.0;3;25;25519;1;1;1.0;7.0;47,29598900;6,80421700;
202300044418.0;5;971;97101;1;1;1.0;1.0;16,28133483; -61,49302661;
202300044419.0;4;63;63113;2;6;1.0;3.0;45,75901000;3,10142000;
202300044420.0;2;80;80688;2;2;1.0;3.0;50,26991000;1,66739800;
202300044421.0;1;95;95210;2;1;1.0;6.0;48,96622000;2,31628000;
202300044422.0;1;62;62250;1;1;2.0;6.0;50,44738410;2,96241510;
202300044423.0;1;44;44213;1;2;1.0;3.0;47,45623400; -1,02830500;
202300044424.0;1;42;42216;1;1;1.0;1.0;45,59118800;4,44841100;
202300044425.0;1;91;91377;2;9;8.0;6.0;48,73436000;2,29282000;
202300044426.0;3;62;62895;2;1;2.0;1.0;50,49568800;2,84452500;
202300044427.0;1;35;35060;1;1;1.0;6.0;48,19289100; -1,98780700;
202300044428.0;5;91;91645;2;1;2.0;3.0;48,74267000;2,26779000;
202300044429.0;5;60;60057;2;1;8.0;7.0;49,43972000;2,10261000;
202300044430.0;1;47;47315;1;1;1.0;6.0;44,42630688;0,84631864;
202300044431.0;1;29;29106;1;1;1.0;5.0;48,09411998; -4,06832325;
202300044432.0;5;91;91687;2;1;8.0;2.0;48,65436300;2,37085600;
202300044433.0;1;59;59350;2;3;2.0;6.0;50,62383476;3,07773828;
202300044434.0;1;22;22034;1;3;8.0;1.0;48,67519300; -3,35691100;
202300044435.0;2;29;29011;2;1;1.0;6.0;48,42768500; -4,51985400;
202300044436.0;3;88;88415;2;1;2.0;6.0;48,02139000;6,60718000;
202300044437.0;5;87;87085;2;1;1.0;6.0;45,83424000;1,23074000;
202300044438.0;3;02;02280;1;6;1.0;6.0;49,10458600;3,43705800;
202300044439.0;1;59;59378;2;5;2.0;3.0;50,67305000;3,10640000;
202300044440.0;1;22;22147;1;1;1.0;3.0;48,18744595; -2,39698112;
202300044441.0;5;83;83126;2;6;1.0;1.0;43,10975556;5,85752445;
202300044442.0;2;59;59183;2;2;1.0;3.0;51,02406507;2,35941589;
202300044443.0;1;29;29171;2;6;1.0;1.0;47,82035900; -4,28820800;
202300044444.0;1;70;70467;2;1;1.0;6.0;47,88602500;6,27483000;
202300044445.0;5;54;54265;2;6;2.0;3.0;48,64345000;6,18229400;
202300044446.0;1;78;78073;1;9;2.0;6.0;48,79893000;2,04529000;
202300044447.0;1;31;31093;1;1;1.0;6.0;43,78915091;1,14745773;
202300044448.0;3;26;26357;1;1;1.0;1.0;44,28743400;4,94204300;
202300044449.0;1;54;54395;2;2;1.0;3.0;48,69300000;6,19650000;
202300044450.0;1;72;72215;1;9;1.0;2.0;48,39140900;0,22888900;
202300044451.0;1;51;51454;2;1;1.0;2.0;49,26133000;4,05019000;
202300044452.0;1;06;06038;1;1;1.0;3.0;43,66422400;6,96725200;
202300044453.0;1;77;77407;1;9;1.0;6.0;48,54205000;2,52653000;
202300044454.0;5;51;51454;2;1;2.0;2.0;49,29082000;4,00370000;
202300044455.0;3;14;14431;1;4;1.0;6.0;49,12318200;0,01904600;
202300044456.0;1;76;76351;2;3;1.0;6.0;49,51424000;0,10478000;
202300044457.0;1;05;05156;1;1;1.0;7.0;44,52178500;6,52205900;
202300044458.0;1;49;49099;2;1;2.0;6.0;47,06008600; -0,86150600;
202300044459.0;2;76;76351;2;1;1.0;7.0;49,49249000;0,13097000;
202300044460.0;1;05;05095;1;1;1.0;7.0;44,71896700;6,02101200;
202300044461.0;5;76;76351;2;3;2.0;6.0;49,50203000;0,11728000;
202300044462.0;2;49;49007;2;1;2.0;6.0;47,46848430; -0,55840373;
202300044463.0;2;47;47001;2;1;1.0;6.0;44,19613000;0,61908000;
202300044464.0;1;16;16055;1;4;1.0;2.0;45,62543600;0,34142400;
202300044465.0;4;76;76351;2;2;2.0;3.0;49,50528000;0,16126000;
202300044466.0;2;45;45234;2;3;2.0;6.0;47,90084000;1,88850000;
202300044467.0;1;07;07029;1;1;1.0;3.0;44,51876300;4,19986700;
202300044468.0;2;69;69290;2;1;1.0;3.0;45,68802000;4,93414000;
202300044469.0;5;67;67365;2;1;2.0;6.0;48,53928000;7,70949000;
202300044470.0;1;53;53129;1;1;1.0;6.0;48,13976100; -1,02708800;
202300044471.0;5;65;65433;2;1;1.0;3.0;43,21196000;0,09785000;
202300044472.0;5;38;38185;2;1;1.0;6.0;45,19763000;5,71961000;
202300044473.0;1;40;40001;2;9;1.0;3.0;43,70967500; -0,26135500;
202300044474.0;5;37;37122;2;1;2.0;6.0;47,34882000;0,66513000;
202300044475.0;1;64;64445;2;2;1.0;6.0;43,30266000; -0,37458000;
202300044476.0;1;85;85267;1;1;1.0;3.0;46,33595600; -1,08238700;
202300044477.0;5;35;35238;2;1;2.0;6.0;48,11989449; -1,68785647;
202300044478.0;1;64;64445;2;1;1.0;2.0;43,29766000; -0,38681000;
202300044479.0;1;28;28422;1;2;1.0;3.0;48,27320000;1,66829600;
202300044480.0;1;64;64445;2;1;1.0;7.0;43,29596000; -0,36971000;
202300044481.0;5;35;35238;2;2;2.0;3.0;48,10048042; -1,65006548;
202300044482.0;1;17;17113;1;3;1.0;3.0;45,11990100; -0,16293900;
202300044483.0;5;64;64102;2;3;2.0;3.0;43,49123000; -1,45990000;
202300044484.0;1;34;34032;2;1;1.0;6.0;43,33702000;3,20673000;
202300044485.0;1;62;62498;2;3;1.0;6.0;50,44031714;2,79172665;
202300044486.0;1;10;10412;1;1;1.0;7.0;48,32330100;4,16609300;
202300044487.0;5;33;33063;2;2;1.0;3.0;44,85996000; -0,56882000;
202300044488.0;3;62;62464;2;1;1.0;2.0;50,48682585;2,82263982;
202300044489.0;1;01;01331;1;1;1.0;2.0;46,10170000;5,43703100;
202300044490.0;2;33;33318;2;9;2.0;3.0;44,78318000; -0,65253000;
202300044491.0;3;06;06004;1;1;1.0;6.0;43,60257600;7,07884300;
202300044492.0;5;59;59386;2;1;1.0;6.0;50,68101000;3,08135000;
202300044493.0;1;38;38486;2;1;1.0;1.0;45,16171400;5,69635200;
202300044494.0;5;56;56260;2;2;1.0;3.0;47,65414000; -2,74897000;
202300044495.0;5;29;29051;1;6;2.0;6.0;48,01220000; -4,01406000;
202300044496.0;5;54;54395;2;1;1.0;6.0;48,69964013;6,14298284;
202300044497.0;1;34;34172;1;1;1.0;2.0;43,59637300;3,91021600;
202300044498.0;5;29;29019;2;6;2.0;2.0;48,40956470; -4,48292344;
202300044499.0;3;54;54323;1;1;2.0;4.0;49,52398000;5,75387000;
202300044500.0;1;13;13040;2;1;1.0;1.0;43,46329200;5,57486400;
202300044501.0;5;50;50147;2;2;1.0;6.0;49,04960000; -1,44440000;
202300044502.0;2;77;77317;2;1;1.0;3.0;48,60725600;2,88879300;
202300044503.0;5;49;49007;2;1;1.0;1.0;47,49234000; -0,54953000;
202300044504.0;5;83;83065;1;1;1.0;6.0;43,26246200;6,60059500;
202300044505.0;2;25;25056;2;4;1.0;7.0;47,24694000;6,01402000;
202300044506.0;5;49;49007;2;1;1.0;3.0;47,47867000; -0,55613000;
202300044507.0;1;13;13092;1;1;1.0;1.0;43,54044500;5,05504100;
202300044508.0;1;49;49007;2;1;1.0;6.0;47,45124000; -0,54776000;
202300044509.0;1;22;22278;2;2;1.0;3.0;48,50315000; -2,76369000;
202300044510.0;1;26;26165;1;1;1.0;2.0;44,78971600;4,83838300;
202300044511.0;1;22;22113;2;1;1.0;6.0;48,72850000; -3,45800000;
202300044512.0;2;44;44162;2;1;1.0;3.0;47,21954000; -1,65604000;
202300044513.0;5;14;14220;2;3;2.0;6.0;49,35677800;0,07062100;
202300044514.0;5;42;42218;2;1;8.0;1.0;45,44955000;4,39054000;
202300044515.0;1;89;89156;1;1;1.0;1.0;47,98897000;3,58987900;
202300044516.0;5;13;13106;2;1;1.0;3.0;43,40319000;5,37079000;
202300044517.0;2;42;42218;1;1;4.0;1.0;45,42878000;4,29509000;
202300044518.0;3;30;30032;1;1;1.0;6.0;43,79323177;4,63043690;
202300044519.0;1;89;89257;1;3;1.0;3.0;47,95670000;3,50500000;
202300044520.0;5;38;38421;2;3;8.0;3.0;45,17914000;5,75601000;
202300044521.0;5;13;13216;2;9;1.0;3.0;43,36374000;5,33727000;
202300044522.0;2;35;35238;2;2;1.0;1.0;48,11012700; -1,67399100;
202300044523.0;5;57;57355;2;1;1.0;6.0;49,01685500;7,15114500;
202300044524.0;1;13;13211;2;1;1.0;5.0;43,28970890;5,47073450;
202300044525.0;5;34;34172;2;3;1.0;3.0;43,62689000;3,88972000;
202300044526.0;1;13;13207;2;1;1.0;3.0;43,29224000;5,36034000;
202300044527.0;1;03;03125;2;1;1.0;3.0;45,98478900;3,64017600;
202300044528.0;2;69;69192;1;1;1.0;6.0;46,03016259;4,53774519;
202300044529.0;1;33;33318;2;3;1.0;1.0;44,81111000; -0,61922000;
202300044530.0;1;13;13213;2;3;1.0;1.0;43,33502424;5,44367770;
202300044531.0;5;31;31555;1;9;2.0;2.0;43,64662000;1,45984000;
202300044532.0;1;79;79316;1;2;1.0;3.0;46,42086000; -0,08292300;
202300044533.0;1;13;13075;2;1;1.0;2.0;43,34328000;5,45963000;
202300044534.0;1;13;13005;1;1;7.0;6.0;43,28717014;5,60481101;
202300044535.0;1;28;28404;2;2;1.0;3.0;48,72010000;1,36196000;
202300044536.0;1;72;72154;1;1;1.0;2.0;47,69524700; -0,10514900;
202300044537.0;3;11;11069;2;1;1.0;1.0;43,21944000;2,38173000;
202300044538.0;3;28;28110;1;1;5.0;3.0;48,41169000;1,50789000;
202300044539.0;1;49;49306;2;1;1.0;1.0;47,43022800; -0,72616000;
202300044540.0;1;10;10321;2;1;8.0;6.0;48,29094342;4,02932703;
202300044541.0;1;44;44158;1;1;1.0;7.0;47,23263900; -1,78565400;
202300044542.0;1;06;06088;2;1;1.0;6.0;43,71076000;7,28810000;
202300044543.0;1;27;27229;2;1;1.0;2.0;49,01003000;1,14268200;
202300044544.0;1;22;22272;1;1;1.0;6.0;48,56970700; -3,13337800;
202300044545.0;1;974;97416;2;1;1.0;2.0; -21,33109000;55,47233000;
202300044546.0;3;27;27229;2;9;8.0;2.0;48,99950000;1,15406000;
202300044547.0;1;22;22300;1;1;1.0;1.0;48,28196800; -2,81257000;
202300044548.0;1;974;97411;2;1;1.0;2.0; -20,90106000;55,50103000;
202300044549.0;1;22;22136;1;1;1.0;6.0;48,17093700; -2,73337500;
202300044550.0;1;26;26362;2;2;1.0;6.0;44,91236000;4,90001000;
202300044551.0;5;69;69388;2;1;1.0;7.0;45,73044000;4,87003000;
202300044552.0;1;76;76323;2;1;1.0;7.0;49,72867100;1,54078400;
202300044553.0;1;60;60213;1;1;1.0;7.0;49,12627126;2,71646833;
202300044554.0;1;2B;2B033;2;3;7.0;6.0;42,70333900;9,44891200;
202300044555.0;3;25;25056;2;1;2.0;4.0;47,24695000;5,98309000;
202300044556.0;1;16;16374;2;1;1.0;6.0;45,63861000;0,20226000;
202300044557.0;1;60;60612;2;2;1.0;2.0;49,20525800;2,58377700;
202300044558.0;1;2B;2B120;2;1;1.0;4.0;42,65868000;9,44375000;
202300044559.0;1;14;14118;2;6;1.0;2.0;49,16192000; -0,35744000;
202300044560.0;1;60;60328;1;1;1.0;1.0;49,51972000;2,08321800;
202300044561.0;2;971;97113;1;1;1.0;4.0;16,21899000; -61,50283000;
202300044562.0;2;59;59042;2;1;2.0;3.0;50,53891500;3,26479000;
202300044563.0;3;14;14118;2;3;1.0;6.0;49,19147000; -0,39249000;
202300044564.0;1;13;13071;1;1;1.0;2.0;43,40568000;5,29351000;
202300044565.0;3;971;97101;2;1;1.0;6.0;16,23876000; -61,52874000;
202300044566.0;3;14;14271;1;1;1.0;2.0;49,13643700; -0,38302100;
202300044567.0;1;83;83129;1;1;1.0;2.0;43,12061240;5,84313268;
202300044568.0;3;13;13071;1;1;1.0;3.0;43,40618000;5,33090000;
202300044569.0;1;91;91657;2;3;1.0;6.0;48,70007300;2,41941700;
202300044570.0;1;33;33080;1;1;1.0;4.0;44,75596337; -0,54455984;
202300044571.0;1;13;13214;2;3;1.0;3.0;43,32750550;5,37503071;
202300044572.0;5;91;91286;2;6;2.0;1.0;48,64905000;2,38128000;
202300044573.0;1;13;13005;2;1;1.0;7.0;43,30817866;5,59272732;
202300044574.0;1;33;33080;1;1;1.0;2.0;44,72533008; -0,52686632;
202300044575.0;3;12;12176;2;1;2.0;6.0;44,37189000;2,63331000;
202300044576.0;2;59;59288;1;1;1.0;2.0;50,31272000;3,39813000;
202300044577.0;5;12;12202;2;1;2.0;6.0;44,35270000;2,56779000;
202300044578.0;1;91;91161;1;1;1.0;3.0;48,69532000;2,31823000;
202300044579.0;1;91;91434;2;2;2.0;3.0;48,65206400;2,35137200;
202300044580.0;2;91;91174;2;1;2.0;6.0;48,57988000;2,47611000;
202300044581.0;1;92;92002;1;1;1.0;3.0;48,73084803;2,30892956;
202300044582.0;5;10;10297;2;1;1.0;2.0;48,31664000;4,10194000;
202300044583.0;1;87;87114;2;1;1.0;6.0;45,83789000;1,30824000;
202300044584.0;1;75;75116;2;1;1.0;2.0;48,85724600;2,25848900;
202300044585.0;1;92;92064;1;1;1.0;4.0;48,83887386;2,19360470;
202300044586.0;2;85;85191;2;1;2.0;3.0;46,64836900; -1,43521100;
202300044587.0;3;92;92025;1;1;1.0;6.0;48,93542176;2,26058310;
202300044588.0;1;75;75120;2;2;1.0;3.0;48,86707900;2,38332500;
202300044589.0;1;81;81004;2;9;2.0;6.0;43,94444000;2,15992000;
202300044590.0;1;35;35238;2;1;1.0;2.0;48,12784000; -1,67152000;
202300044591.0;1;92;92036;1;1;1.0;2.0;48,94722536;2,28156680;
202300044592.0;3;80;80164;1;1;1.0;6.0;49,90128000;2,35187000;
202300044593.0;3;34;34003;2;2;1.0;7.0;43,28828000;3,50185000;
202300044594.0;5;75;75119;2;2;1.0;6.0;48,88405500;2,36885300;
202300044595.0;5;78;78138;2;2;1.0;3.0;48,97039000;2,03222000;
202300044596.0;1;93;93010;1;1;1.0;2.0;48,90975000;2,47474000;
202300044597.0;1;33;33192;2;6;1.0;3.0;44,77234945; -0,62566549;
202300044598.0;3;75;75116;2;1;1.0;3.0;48,87343280;2,27223873;
202300044599.0;5;33;33529;2;6;1.0;6.0;44,61708700; -1,13811600;
202300044600.0;1;93;93078;1;1;1.0;5.0;48,97136390;2,49858110;
202300044601.0;5;77;77337;2;1;1.0;6.0;48,84522000;2,61532000;
202300044602.0;1;29;29019;2;1;1.0;3.0;48,41635900; -4,47575400;
202300044603.0;1;77;77468;2;2;1.0;6.0;48,84445040;2,64925152;
202300044604.0;1;29;29019;2;2;1.0;4.0;48,41689560; -4,48702991;
202300044605.0;1;76;76481;1;6;1.0;6.0;49,53125053;0,10814130;
202300044606.0;1;93;93007;1;1;1.0;4.0;48,92229000;2,48032000;
202300044607.0;3;76;76351;1;1;1.0;6.0;49,48260000;0,16175000;
202300044608.0;1;18;18033;2;3;1.0;3.0;47,07352000;2,38123000;
202300044609.0;2;17;17300;2;6;1.0;7.0;46,14180000; -1,14011000;
202300044610.0;5;76;76217;1;3;1.0;2.0;49,92228903;1,11628550;
202300044611.0;5;72;72181;2;1;2.0;2.0;47,97900000;0,19770000;
202300044612.0;1;77;77258;1;1;1.0;4.0;48,83224200;2,65238800;
202300044613.0;5;14;14118;2;2;1.0;2.0;49,17266000; -0,37863000;
202300044614.0;1;69;69264;2;1;2.0;5.0;45,99533000;4,71786000;
202300044615.0;1;77;77294;1;1;1.0;3.0;48,96416500;2,61099300;
202300044616.0;1;13;13056;2;9;1.0;3.0;43,39886000;5,05239000;
202300044617.0;5;69;69259;2;1;1.0;7.0;45,69592000;4,88155000;
202300044618.0;1;93;93051;1;1;1.0;2.0;48,83530000;2,57336000;
202300044619.0;5;67;67482;2;1;1.0;6.0;48,53027128;7,76968360;
202300044620.0;1;13;13216;2;1;1.0;3.0;43,36070000;5,34260000;
202300044621.0;5;66;66136;2;1;1.0;6.0;42,68719000;2,90734100;
202300044622.0;2;94;94046;1;1;1.0;3.0;48,81070243;2,44917546;
202300044623.0;1;11;11069;1;1;1.0;1.0;43,23701000;2,37155000;
202300044624.0;1;66;66136;2;6;1.0;3.0;42,70527855;2,90184706;
202300044625.0;1;73;73237;1;1;1.0;2.0;45,49525529;6,29732549;
202300044626.0;1;976;97611;2;1;1.0;6.0; -12,78642000;45,22210000;
202300044627.0;1;66;66136;2;1;1.0;6.0;42,69885000;2,87782000;
202300044628.0;1;11;11069;2;2;1.0;3.0;43,21110000;2,34966000;
202300044629.0;3;974;97416;1;1;1.0;6.0; -21,31111000;55,49650000;
202300044630.0;5;64;64249;2;3;1.0;3.0;43,41671000; -1,61010000;
202300044631.0;1;09;09122;2;1;1.0;3.0;42,96506000;1,59230000;
202300044632.0;5;973;97302;2;1;1.0;7.0;4,93318000; -52,32695000;
202300044633.0;1;63;63193;1;1;2.0;5.0;45,77380000;3,21041000;
202300044634.0;1;75;75117;2;1;1.0;3.0;48,88270000;2,28335900;
202300044635.0;4;63;63113;2;2;1.0;3.0;45,80966000;3,10943000;
202300044636.0;1;973;97302;2;1;1.0;3.0;4,93664000; -52,31457000;
202300044637.0;1;75;75115;2;1;1.0;5.0;48,82770000;2,29193200;
202300044638.0;4;63;63113;2;1;2.0;6.0;45,78768000;3,11934000;
202300044639.0;5;973;97302;2;1;1.0;2.0;4,93477000; -52,29196000;
202300044640.0;1;75;75118;2;1;1.0;2.0;48,90107600;2,34527300;
202300044641.0;2;973;97302;2;1;1.0;3.0;4,93780000; -52,29874000;
202300044642.0;1;75;75116;2;1;1.0;3.0;48,86491000;2,26760400;
202300044643.0;5;60;60414;2;1;2.0;1.0;49,25192000;2,45230000;
202300044644.0;5;973;97302;2;3;1.0;3.0;4,93526535; -52,33220458;
202300044645.0;2;59;59444;2;1;1.0;6.0;50,45635300;3,52874600;
202300044646.0;1;75;75110;2;2;1.0;6.0;48,87548500;2,35762500;
202300044647.0;1;59;59599;2;9;2.0;6.0;50,73430000;3,16168000;
202300044648.0;1;75;75106;2;1;1.0;3.0;48,84439400;2,32234100;
202300044649.0;1;973;97302;2;3;1.0;2.0;4,93253000; -52,29049000;
202300044650.0;3;59;59170;1;1;1.0;6.0;50,36226000;3,14781000;
202300044651.0;1;75;75120;2;3;1.0;6.0;48,85869400;2,41470800;
202300044652.0;1;69;69383;2;2;1.0;1.0;45,75292000;4,85355000;
202300044653.0;5;59;59017;2;2;2.0;3.0;50,68303597;2,87696958;
202300044654.0;1;75;75120;2;2;1.0;3.0;48,84753100;2,40623000;
202300044655.0;5;56;56121;2;1;2.0;6.0;47,74076000; -3,37329000;
202300044656.0;1;69;69382;2;2;1.0;2.0;45,74404000;4,82112000;
202300044657.0;1;75;75117;2;3;1.0;3.0;48,89026800;2,30454200;
202300044658.0;1;56;56185;1;1;2.0;6.0;47,77091000; -3,37826000;
202300044659.0;1;971;97128;1;1;1.0;6.0;16,25506313; -61,44997984;
202300044660.0;1;75;75117;2;7;1.0;3.0;48,88458700;2,29684400;
202300044661.0;4;971;97101;1;9;1.0;6.0;16,24925216; -61,53353870;
202300044662.0;5;54;54304;2;2;1.0;1.0;48,67810100;6,15956300;
202300044663.0;1;75;75115;2;3;1.0;6.0;48,85287894;2,28656477;
202300044664.0;3;54;54323;1;6;1.0;6.0;49,51784200;5,74872900;
202300044665.0;1;2A;2A004;2;1;1.0;3.0;41,93783000;8,76033000;
202300044666.0;5;75;75115;2;3;1.0;3.0;48,84851100;2,28289000;
202300044667.0;5;54;54580;2;3;2.0;3.0;49,47088200;5,93027800;
202300044668.0;1;95;95585;2;1;1.0;3.0;48,99284792;2,38874316;
202300044669.0;1;75;75114;2;3;1.0;6.0;48,83304900;2,34120100;
202300044670.0;3;52;52448;1;1;1.0;7.0;48,64142000;4,90770000;
202300044671.0;5;51;51454;2;3;2.0;3.0;49,25698000;4,03444000;
202300044672.0;1;75;75113;2;3;1.0;3.0;48,82513600;2,35758800;
202300044673.0;1;91;91425;2;3;1.0;4.0;48,63893900;2,25676400;
202300044674.0;1;75;75112;2;1;1.0;3.0;48,84192800;2,37222500;