Num_Acc;lum;departement;commune;agglomeration;intersection;meteo;type_collision;lat;long;date
202300044675.0;1;45;45234;2;2;1.0;3.0;47,84567000;1,94053000;
202300044676.0;1;91;91421;1;1;1.0;7.0;48,70899000;2,44192000;
202300044677.0;1;75;75107;2;2;1.0;7.0;48,86054300;2,29561700;
202300044678.0;2;43;43157;2;3;1.0;1.0;45,05055000;3,89908000;
202300044679.0;1;75;75107;2;2;1.0;2.0;48,85755800;2,31750000;
202300044680.0;1;91;91027;2;1;1.0;4.0;48,71136000;2,38994000;
202300044681.0;1;94;94081;2;9;1.0;3.0;48,77809281;2,41421033;
202300044682.0;5;35;35238;2;1;1.0;2.0;48,12656753; -1,70313299;
202300044683.0;5;77;77111;2;1;1.0;6.0;48,85516000;2,77135000;
202300044684.0;5;94;94016;2;1;1.0;2.0;48,79070000;2,31990000;
202300044685.0;4;76;76681;2;2;1.0;6.0;49,41387000;1,09515000;
202300044686.0;1;35;35238;1;1;1.0;4.0;48,13205000; -1,70837000;
202300044687.0;2;94;94003;2;1;1.0;6.0;48,80425200;2,33809900;
202300044688.0;5;33;33522;2;3;2.0;6.0;44,79619438; -0,59234172;
202300044689.0;1;94;94021;2;6;1.0;3.0;48,77298897;2,33919767;
202300044690.0;1;76;76384;1;1;1.0;5.0;49,49757000;0,54617000;
202300044691.0;1;33;33318;2;2;2.0;3.0;44,80559000; -0,64908000;
202300044692.0;2;94;94017;2;3;1.0;1.0;48,81806882;2,51168273;
202300044693.0;2;33;33009;2;1;2.0;6.0;44,65328000; -1,16383000;
202300044694.0;5;74;74298;2;3;1.0;3.0;46,18576800;6,25157700;
202300044695.0;1;94;94017;2;1;1.0;2.0;48,82408003;2,49766485;
202300044696.0;5;30;30007;2;2;1.0;3.0;44,13370000;4,07831000;
202300044697.0;1;71;71540;2;6;1.0;3.0;46,76824000;4,45193000;
202300044698.0;1;94;94002;2;1;1.0;2.0;48,80369052;2,41280345;
202300044699.0;3;69;69275;2;1;1.0;3.0;45,77028767;4,98480214;
202300044700.0;1;93;93048;2;1;1.0;6.0;48,87745164;2,46136137;
202300044701.0;1;28;28134;2;3;1.0;5.0;48,73230000;1,36036000;
202300044702.0;5;69;69256;2;1;1.0;6.0;45,77399000;4,92312000;
202300044703.0;5;21;21231;2;1;3.0;6.0;47,32880545;5,06671609;
202300044704.0;1;93;93063;2;3;1.0;3.0;48,87874000;2,43954000;
202300044705.0;1;69;69091;2;1;1.0;6.0;45,58542000;4,75180000;
202300044706.0;2;17;17200;2;2;2.0;3.0;46,18303000; -1,15248000;
202300044707.0;5;93;93027;2;3;1.0;6.0;48,91946608;2,41353311;
202300044708.0;5;13;13211;2;6;1.0;6.0;43,29520339;5,48928448;
202300044709.0;5;64;64024;2;3;1.0;3.0;43,48081000; -1,51310000;
202300044710.0;1;93;93027;2;9;1.0;3.0;48,93238204;2,40613995;
202300044711.0;1;13;13207;2;1;1.0;3.0;43,29074000;5,37182000;
202300044712.0;4;11;11262;2;1;1.0;6.0;43,18773800;2,98928100;
202300044713.0;1;93;93001;2;2;1.0;1.0;48,91509721;2,40428902;
202300044714.0;1;63;63113;2;6;1.0;3.0;45,79323000;3,09576000;
202300044715.0;1;11;11069;1;9;2.0;6.0;43,19850000;2,34824000;
202300044716.0;1;93;93001;2;2;1.0;3.0;48,91776402;2,37472216;
202300044717.0;5;11;11069;2;9;2.0;3.0;43,23592300;2,36703700;
202300044718.0;5;61;61077;1;1;1.0;2.0;48,44650000;0,11262000;
202300044719.0;1;60;60057;2;1;1.0;1.0;49,43735562;2,07375419;
202300044720.0;1;92;92078;2;6;1.0;1.0;48,92575623;2,32672369;
202300044721.0;1;04;04112;2;4;1.0;3.0;43,82702000;5,79986000;
202300044722.0;1;59;59152;2;1;1.0;6.0;50,76406752;3,00493028;
202300044723.0;5;02;02738;2;1;8.0;6.0;49,65680400;3,30397900;
202300044724.0;1;92;92073;2;1;1.0;6.0;48,86643000;2,22791000;
202300044725.0;1;59;59392;1;9;1.0;7.0;50,27978000;3,99578000;
202300044726.0;3;01;01451;1;1;3.0;6.0;46,27269800;5,21534100;
202300044727.0;1;92;92050;2;1;1.0;2.0;48,90583407;2,21045973;
202300044728.0;1;57;57660;2;3;1.0;6.0;49,20389300;6,93779200;
202300044729.0;5;75;75113;2;1;1.0;3.0;48,82304000;2,38123500;
202300044730.0;1;51;51454;2;1;1.0;7.0;49,24044000;4,04140000;
202300044731.0;1;75;75120;2;4;1.0;7.0;48,86735198;2,41321027;
202300044732.0;1;92;92035;2;2;1.0;3.0;48,90222000;2,23940000;
202300044733.0;1;09;09267;1;1;1.0;7.0;42,92904300;0,89769100;
202300044734.0;1;45;45234;2;2;1.0;3.0;47,91114919;1,89643103;
202300044735.0;1;75;75116;2;1;2.0;4.0;48,86201400;2,26439300;
202300044736.0;1;63;63026;1;1;1.0;6.0;45,66922200;2,93851600;
202300044737.0;1;35;35238;2;1;1.0;6.0;48,10937857; -1,67568058;
202300044738.0;5;75;75103;2;2;2.0;6.0;48,86497900;2,35827400;
202300044739.0;1;12;12300;2;1;1.0;6.0;44,36052100;2,01302500;
202300044740.0;1;35;35150;2;2;1.0;7.0;48,36919000; -1,21598000;
202300044741.0;1;75;75120;2;2;2.0;6.0;48,85149500;2,40627200;
202300044742.0;1;06;06161;2;1;1.0;1.0;43,62748600;7,13275100;
202300044743.0;5;75;75119;2;1;2.0;6.0;48,88895500;2,37249800;
202300044744.0;1;35;35115;2;6;1.0;6.0;48,34728000; -1,18903000;
202300044745.0;5;75;75117;2;3;2.0;6.0;48,88936058;2,32234508;
202300044746.0;1;972;97207;1;1;1.0;3.0;14,59944300; -60,94729400;
202300044747.0;1;34;34172;2;3;1.0;3.0;43,61910000;3,88656000;
202300044748.0;1;75;75117;2;2;2.0;3.0;48,88328600;2,30729600;
202300044749.0;1;83;83148;2;1;1.0;1.0;43,43093200;6,43319000;
202300044750.0;5;33;33550;2;6;1.0;3.0;44,77151000; -0,56434000;
202300044751.0;5;75;75116;2;1;2.0;6.0;48,85509000;2,22619000;
202300044752.0;1;54;54408;1;1;1.0;6.0;49,16413963;5,74726582;
202300044753.0;1;33;33039;2;1;1.0;6.0;44,81567000; -0,55080000;
202300044754.0;2;62;62597;1;1;1.0;7.0;50,18251800;2,77770600;
202300044755.0;5;75;75116;2;7;1.0;3.0;48,84743500;2,27382500;
202300044756.0;1;31;31555;2;1;1.0;2.0;43,60935000;1,43181000;
202300044757.0;1;31;31483;2;1;1.0;3.0;43,10925000;0,72348000;
202300044758.0;1;56;56258;2;1;1.0;3.0;47,59175200; -3,03535900;
202300044759.0;3;75;75107;2;3;1.0;1.0;48,85901400;2,29329900;
202300044760.0;1;56;56258;2;1;1.0;7.0;47,57782800; -3,03538600;
202300044761.0;1;79;79311;1;1;1.0;7.0;46,63084800; -0,41371000;
202300044762.0;5;18;18033;2;2;1.0;3.0;47,08337000;2,38885700;
202300044763.0;1;75;75114;2;1;2.0;6.0;48,82384800;2,33283100;
202300044764.0;1;71;71293;1;3;1.0;1.0;46,58977000;5,14224500;
202300044765.0;5;17;17300;2;2;1.0;3.0;46,15796000; -1,14230000;
202300044766.0;3;61;61386;2;1;1.0;6.0;48,79171100;0,45987000;
202300044767.0;3;16;16374;1;1;1.0;6.0;45,65729000;0,21473000;
202300044768.0;5;75;75112;2;7;2.0;2.0;48,83964000;2,39538500;
202300044769.0;1;12;12102;1;1;1.0;1.0;44,31031100;2,57017900;
202300044770.0;5;13;13204;2;1;1.0;1.0;43,30064000;5,40088000;
202300044771.0;5;75;75111;2;3;1.0;3.0;48,86229300;2,38521100;
202300044772.0;1;12;12131;1;1;1.0;1.0;44,36093200;2,64692200;
202300044773.0;1;13;13203;2;1;1.0;5.0;43,31286000;5,38307000;
202300044774.0;5;75;75111;2;1;1.0;6.0;48,85043940;2,38272965;
202300044775.0;1;42;42156;1;4;1.0;4.0;45,91166000;4,17751900;
202300044776.0;5;75;75109;2;1;2.0;2.0;48,87703700;2,32947700;
202300044777.0;1;22;22265;1;1;1.0;1.0;48,75741900; -3,39369200;
202300044778.0;5;13;13209;2;3;1.0;3.0;43,27231309;5,39965360;
202300044779.0;1;75;75108;2;7;2.0;2.0;48,87329402;2,29553640;
202300044780.0;1;22;22030;2;1;1.0;7.0;48,70591200; -3,37403100;
202300044781.0;1;13;13001;2;1;1.0;3.0;43,52842000;5,42810000;
202300044782.0;5;75;75108;2;2;1.0;3.0;48,87283700;2,31077900;
202300044783.0;1;10;10325;2;2;7.0;3.0;48,26493000;4,04135000;
202300044784.0;1;25;25029;1;3;1.0;3.0;47,03333400;6,33525400;
202300044785.0;5;08;08105;2;9;1.0;7.0;49,74061000;4,70940000;
202300044786.0;2;75;75107;2;2;8.0;3.0;48,85647200;2,32109400;
202300044787.0;1;05;05061;2;1;1.0;6.0;44,56306000;6,09008000;
202300044788.0;1;29;29162;1;3;1.0;3.0;48,23963400; -4,02059400;
202300044789.0;5;75;75104;2;3;1.0;7.0;48,84746005;2,36554205;
202300044790.0;1;31;31345;1;6;1.0;3.0;43,38544500;1,42540900;
202300044791.0;3;04;04070;1;4;1.0;6.0;44,06250000;6,17952000;
202300044792.0;1;94;94081;2;2;2.0;3.0;48,79603000;2,39810000;
202300044793.0;1;75;75116;2;1;1.0;2.0;48,84408500;2,25468100;
202300044794.0;1;01;01267;2;2;1.0;3.0;46,18742200;5,52347800;
202300044795.0;1;66;66146;1;1;1.0;1.0;42,51213900;1,82725500;
202300044796.0;5;94;94046;2;2;2.0;1.0;48,80453000;2,43243000;
202300044797.0;5;75;75117;2;2;1.0;5.0;48,89225700;2,30094300;
202300044798.0;3;75;75119;2;2;1.0;1.0;48,88597700;2,39809300;
202300044799.0;1;54;54398;1;2;1.0;3.0;48,52017184;6,88531637;
202300044800.0;1;94;94073;2;3;1.0;2.0;48,76824000;2,38893000;
202300044801.0;1;72;72090;1;1;1.0;7.0;48,05098300;0,48592000;
202300044802.0;5;94;94034;2;1;2.0;6.0;48,75684000;2,31540000;
202300044803.0;5;75;75117;2;3;1.0;2.0;48,88305500;2,31046200;
202300044804.0;1;05;05029;1;1;1.0;3.0;44,64697900;6,18223400;
202300044805.0;1;75;75116;2;3;1.0;6.0;48,83996300;2,25458400;
202300044806.0;1;94;94028;2;3;8.0;6.0;48,79476000;2,44496000;
202300044807.0;3;75;75115;2;7;1.0;2.0;48,82756300;2,29211600;
202300044808.0;1;43;43200;2;3;1.0;2.0;45,04151900;4,06080000;
202300044809.0;1;94;94028;2;3;2.0;2.0;48,78764141;2,46799573;
202300044810.0;1;43;43173;1;1;1.0;6.0;44,83461500;3,73198300;
202300044811.0;5;75;75113;2;2;1.0;2.0;48,84188400;2,36788000;
202300044812.0;1;94;94081;2;6;1.0;6.0;48,78350000;2,40769000;
202300044813.0;1;16;16001;1;1;1.0;1.0;46,06645700;0,69448800;
202300044814.0;5;94;94078;2;1;1.0;2.0;48,73878200;2,44659100;
202300044815.0;2;94;94022;2;7;2.0;6.0;48,76440755;2,40617537;
202300044816.0;1;16;16282;1;1;1.0;7.0;45,81408500;0,31193000;
202300044817.0;5;94;94033;2;9;1.0;6.0;48,85240283;2,46298242;
202300044818.0;1;07;07039;1;1;1.0;7.0;45,05804700;4,61696100;
202300044819.0;5;94;94017;2;1;2.0;2.0;48,82429700;2,49860600;
202300044820.0;1;94;94022;2;1;1.0;3.0;48,76249572;2,41336960;
202300044821.0;1;85;85084;2;2;1.0;3.0;46,77080800; -1,23378600;
202300044822.0;5;94;94017;2;1;1.0;1.0;48,81478000;2,55956000;
202300044823.0;5;94;94004;2;3;2.0;3.0;48,75443884;2,50595784;
202300044824.0;1;27;27198;2;2;1.0;3.0;48,87056200;1,07609200;
202300044825.0;1;93;93059;2;1;1.0;1.0;48,96885500;2,37434331;
202300044826.0;1;94;94002;2;9;2.0;3.0;48,79819300;2,42064500;
202300044827.0;5;93;93070;2;1;1.0;3.0;48,91025305;2,33783791;
202300044828.0;1;23;23093;2;2;1.0;3.0;46,19216700;2,24040600;
202300044829.0;1;93;93048;2;3;2.0;6.0;48,86086000;2,46619000;
202300044830.0;5;93;93029;2;1;1.0;3.0;48,92102177;2,44915821;
202300044831.0;1;48;48039;1;3;1.0;1.0;44,47238800;3,34432300;
202300044832.0;1;93;93048;2;1;2.0;6.0;48,87349700;2,45400100;
202300044833.0;1;93;93029;2;3;1.0;7.0;48,91997200;2,44606100;
202300044834.0;1;01;01274;1;1;1.0;6.0;46,15174300;5,64270300;
202300044835.0;1;93;93027;2;2;1.0;6.0;48,92478000;2,40663000;
202300044836.0;2;93;93048;2;2;8.0;1.0;48,87308000;2,45370000;
202300044837.0;2;95;95042;2;3;1.0;6.0;49,05384900;2,33411700;
202300044838.0;1;93;93010;2;2;1.0;3.0;48,90705000;2,48875500;
202300044839.0;2;01;01024;1;1;1.0;6.0;46,25986000;5,16799400;
202300044840.0;5;93;93029;2;1;2.0;3.0;48,92033554;2,43966155;
202300044841.0;1;93;93008;2;3;1.0;6.0;48,91130000;2,44659000;
202300044842.0;5;93;93047;2;1;2.0;1.0;48,89457000;2,57573000;
202300044843.0;1;93;93005;2;1;1.0;1.0;48,92384678;2,49376286;
202300044844.0;5;92;92073;2;1;1.0;6.0;48,87912000;2,22219000;
202300044845.0;5;92;92048;2;1;2.0;6.0;48,78526569;2,23274052;
202300044846.0;2;18;18063;1;2;1.0;3.0;46,86199600;2,41919700;
202300044847.0;1;92;92033;2;1;1.0;3.0;48,84532000;2,19808000;
202300044848.0;5;92;92044;2;2;1.0;3.0;48,88938892;2,28889525;
202300044849.0;3;49;49284;1;1;1.0;2.0;47,43447400; -0,81556300;
202300044850.0;1;92;92049;2;2;1.0;3.0;48,81752169;2,32543409;
202300044851.0;1;92;92036;2;1;1.0;4.0;48,94237052;2,28392673;
202300044852.0;1;92;92026;2;1;1.0;4.0;48,89723993;2,26617193;
202300044853.0;3;11;11170;1;6;1.0;1.0;43,11917800;3,11217800;
202300044854.0;5;92;92025;2;3;1.0;3.0;48,92232700;2,24927000;
202300044855.0;2;92;92024;2;1;1.0;2.0;48,91057916;2,30602831;
202300044856.0;1;971;97103;1;1;1.0;3.0;16,23758500; -61,61535100;
202300044857.0;5;92;92007;2;1;1.0;2.0;48,81064310;2,30802637;
202300044858.0;1;92;92019;1;5;1.0;3.0;48,77205000;2,24496000;
202300044859.0;1;971;97103;2;3;1.0;3.0;16,24509900; -61,57093400;
202300044860.0;3;83;83058;1;1;1.0;6.0;43,54348900;6,36036800;
202300044861.0;2;92;92004;2;1;1.0;6.0;48,91095523;2,29510278;
202300044862.0;1;34;34314;1;1;1.0;1.0;43,74327800;3,86313900;
202300044863.0;1;22;22375;1;1;1.0;4.0;48,61041300; -2,96047700;
202300044864.0;1;76;76319;1;1;1.0;2.0;49,33855300;0,98306200;
202300044865.0;3;35;35145;2;3;1.0;6.0;47,73984300; -1,84703400;
202300044866.0;5;22;22372;1;1;8.0;1.0;48,53369000; -2,85261800;
202300044867.0;5;34;34324;2;2;1.0;3.0;43,24551100;3,28996000;
202300044868.0;3;60;60403;1;1;1.0;3.0;49,50584400;1,98642300;
202300044869.0;3;31;31113;2;1;1.0;6.0;43,51722300;1,52034600;
202300044870.0;1;34;34182;1;1;1.0;3.0;43,41299100;3,41438900;
202300044871.0;1;12;12263;1;6;1.0;3.0;44,34957000;1,97000700;
202300044872.0;2;57;57232;1;1;1.0;1.0;48,97940400;6,79808600;
202300044873.0;1;83;83113;1;1;1.0;3.0;43,69962000;5,88777100;
202300044874.0;3;83;83072;1;1;1.0;1.0;43,45791900;6,38726200;
202300044875.0;1;81;81052;1;1;2.0;6.0;43,91820620;2,26578690;
202300044876.0;2;05;05063;1;1;1.0;6.0;45,03904604;6,25208558;
202300044877.0;3;21;21247;1;1;2.0;6.0;47,48337682;4,17194566;
202300044878.0;1;86;86258;1;2;1.0;3.0;46,81295400;0,40059300;
202300044879.0;1;89;89108;1;1;1.0;6.0;47,77013800;3,72436500;
202300044880.0;1;03;03056;1;1;1.0;6.0;46,09057411;3,59814121;
202300044881.0;1;31;31273;2;3;1.0;3.0;43,69353100;1,50235900;
202300044882.0;3;22;22030;1;1;1.0;5.0;48,70203900; -3,37782400;
202300044883.0;1;84;84069;1;4;1.0;1.0;44,19625300;5,11769200;
202300044884.0;2;69;69019;1;1;1.0;1.0;46,11432500;4,73541000;
202300044885.0;3;19;19274;1;1;2.0;1.0;45,19336969;1,49494076;
202300044886.0;1;85;85236;1;1;1.0;6.0;46,64506420; -1,70645030;
202300044887.0;1;56;56244;1;1;2.0;6.0;47,85569000; -2,45999000;
202300044888.0;1;31;31454;2;1;1.0;2.0;43,41176200;1,12905700;
202300044889.0;1;57;57086;1;1;1.0;7.0;48,80342700;6,89642600;
202300044890.0;1;22;22273;1;2;1.0;3.0;48,57109100; -2,48499700;
202300044891.0;2;10;10391;2;1;1.0;7.0;48,37111900;4,12815600;
202300044892.0;1;63;63106;2;2;1.0;3.0;45,74862000;3,28689700;
202300044893.0;5;83;83152;2;1;1.0;7.0;43,15999700;6,46698800;
202300044894.0;3;67;67478;1;3;1.0;1.0;48,75947100;7,39323600;
202300044895.0;1;12;12154;1;1;2.0;7.0;43,87811397;2,79882100;
202300044896.0;3;13;13071;1;1;1.0;2.0;43,40700000;5,32793000;
202300044897.0;1;22;22020;1;1;1.0;2.0;48,32471000; -2,25681000;
202300044898.0;2;68;68291;1;3;2.0;3.0;47,86095515;7,48740435;
202300044899.0;2;2B;2B009;1;1;1.0;6.0;42,08349300;9,47330500;
202300044900.0;1;13;13202;1;1;1.0;2.0;43,33621604;5,35158534;
202300044901.0;3;31;31334;1;1;1.0;1.0;43,38415000;1,28054600;
202300044902.0;1;13;13085;1;1;1.0;6.0;43,26374800;5,58835500;
202300044903.0;1;34;34270;2;3;1.0;6.0;43,57323600;3,82716900;
202300044904.0;3;54;54546;1;1;2.0;6.0;48,96901967;6,03072166;
202300044905.0;1;13;13005;1;1;1.0;7.0;43,27700000;5,58700000;
202300044906.0;1;56;56171;1;1;1.0;3.0;47,72674500; -2,34510900;
202300044907.0;1;2B;2B126;1;1;1.0;7.0;42,19442200;9,36039900;
202300044908.0;1;14;14431;2;3;2.0;3.0;49,07633800; -0,06457200;
202300044909.0;1;13;13028;1;1;1.0;7.0;43,19343900;5,66751200;
202300044910.0;1;82;82134;2;1;1.0;2.0;44,06290100;1,50662900;
202300044911.0;3;83;83062;1;1;1.0;2.0;43,14375000;6,02357000;
202300044912.0;5;60;60513;2;3;2.0;1.0;49,20410500;2,37621700;
202300044913.0;1;32;32414;1;1;1.0;1.0;43,69442300; -0,06749500;
202300044914.0;1;33;33550;1;9;1.0;6.0;44,78773403; -0,54101229;
202300044915.0;1;60;60029;1;9;1.0;3.0;49,37453200;1,99032700;
202300044916.0;2;91;91477;1;1;1.0;6.0;48,72232000;2,24931000;
202300044917.0;1;11;11090;1;1;1.0;3.0;43,10522900;2,25287300;
202300044918.0;1;63;63236;1;1;1.0;7.0;45,59395100;2,83335700;
202300044919.0;3;53;53218;1;2;2.0;2.0;48,18054800; -0,38579200;
202300044920.0;1;91;91216;1;1;1.0;3.0;48,67870000;2,33389000;
202300044921.0;3;04;04137;1;1;9.0;7.0;44,29110300;6,02628500;
202300044922.0;1;93;93053;1;1;1.0;3.0;48,89292727;2,47244859;
202300044923.0;1;87;87018;1;1;2.0;6.0;46,05804500;1,06239100;
202300044924.0;1;61;61456;2;1;1.0;5.0;48,76149300;0,66406100;
202300044925.0;1;93;93010;1;1;1.0;2.0;48,88893243;2,47376801;
202300044926.0;1;49;49381;2;3;2.0;3.0;47,02032300; -0,70430000;
202300044927.0;1;93;93005;1;1;1.0;3.0;48,95880000;2,46452000;
202300044928.0;1;49;49125;1;1;1.0;2.0;47,18065600; -0,24294400;
202300044929.0;2;01;01196;1;6;1.0;1.0;46,34913100;5,12550300;
202300044930.0;1;92;92036;1;1;1.0;3.0;48,93788866;2,29766722;
202300044931.0;1;35;35361;2;1;1.0;2.0;48,60324600; -1,77636000;
202300044932.0;1;66;66195;2;1;1.0;3.0;42,68305966;2,80173484;
202300044933.0;1;93;93066;1;1;1.0;2.0;48,91952000;2,35729000;
202300044934.0;1;02;02360;2;1;1.0;6.0;49,43857700;3,97203200;
202300044935.0;1;06;06085;2;1;1.0;6.0;43,58059700;7,00696400;
202300044936.0;1;94;94017;1;1;1.0;2.0;48,82665078;2,51617424;
202300044937.0;3;59;59312;1;1;2.0;6.0;50,01408160;3,17185904;
202300044938.0;1;15;15262;1;2;1.0;3.0;45,00642800;3,04349200;
202300044939.0;1;77;77450;1;1;2.0;7.0;48,71727400;2,59912500;
202300044940.0;5;974;97408;2;9;1.0;6.0; -20,95038800;55,33161200;
202300044941.0;1;01;01240;1;1;1.0;1.0;46,26224100;5,55252100;
202300044942.0;1;971;97118;1;1;8.0;3.0;16,22749000; -61,59334700;
202300044943.0;3;94;94073;1;1;1.0;2.0;48,76965561;2,38000814;
202300044944.0;1;14;14514;2;6;1.0;3.0;49,28506025;0,20498998;
202300044945.0;1;976;97611;2;1;1.0;6.0; -12,81141000;45,20284000;
202300044946.0;1;77;77077;1;3;1.0;1.0;48,99931900;2,87911800;
202300044947.0;5;974;97416;1;1;1.0;6.0; -21,29361000;55,50587000;
202300044948.0;1;05;05046;2;1;1.0;6.0;44,56454900;6,49395000;
202300044949.0;1;06;06091;1;1;1.0;1.0;43,80622600;7,38071200;
202300044950.0;1;40;40230;1;1;1.0;1.0;43,81080900; -0,89332600;
202300044951.0;3;06;06057;1;1;1.0;6.0;43,82441730;7,35181970;
202300044952.0;5;974;97411;2;6;1.0;2.0; -20,89965000;55,47956000;
202300044953.0;1;27;27587;2;1;1.0;2.0;49,29538700;0,65153000;
202300044954.0;3;54;54215;2;1;2.0;6.0;48,76100700;6,12963900;
202300044955.0;5;973;97302;2;1;1.0;2.0;4,93740984; -52,31853873;
202300044956.0;1;69;69024;1;9;8.0;1.0;45,94731631;4,59368825;
202300044957.0;1;972;97209;1;1;1.0;2.0;14,61770000; -61,04615000;
202300044958.0;1;17;17038;1;1;1.0;4.0;45,16923600; -0,33623600;
202300044959.0;5;44;44047;2;1;8.0;6.0;47,21256500; -1,71291700;
202300044960.0;1;972;97209;2;1;1.0;6.0;14,62080000; -61,06985000;
202300044961.0;1;30;30133;2;6;1.0;2.0;43,56883000;4,11264500;
202300044962.0;1;80;80561;2;2;7.0;1.0;49,65150500;2,56821500;
202300044963.0;1;24;24357;1;1;1.0;6.0;44,79177400;0,45408700;
202300044964.0;1;971;97113;1;9;1.0;3.0;16,21230000; -61,47560000;
202300044965.0;1;2A;2A004;2;2;1.0;3.0;41,92775000;8,73790000;
202300044966.0;2;988;98805;2;1;1.0;1.0; -22,14030000;166,47862900;
202300044967.0;3;59;59137;2;3;2.0;3.0;50,07415340;3,64222124;
202300044968.0;1;13;13015;1;1;1.0;2.0;43,42805096;5,38625396;
202300044969.0;3;13;13074;1;1;1.0;2.0;43,65694300;5,59581800;
202300044970.0;3;13;13071;1;1;1.0;2.0;43,40816732;5,28796136;
202300044971.0;3;33;33080;1;1;1.0;4.0;44,72728000; -0,52785000;
202300044972.0;1;91;91161;2;1;1.0;6.0;48,70729000;2,31165000;
202300044973.0;5;33;33397;1;1;1.0;2.0;44,91192200; -0,48469200;
202300044974.0;1;973;97309;2;3;1.0;2.0;4,88373200; -52,28710600;
202300044975.0;1;91;91223;1;9;1.0;2.0;48,42748000;2,15378000;
202300044976.0;1;91;91433;1;1;1.0;2.0;48,43381000;2,20822000;
202300044977.0;1;91;91689;1;1;2.0;4.0;48,72967000;2,31449000;
202300044978.0;3;85;85194;2;3;1.0;6.0;46,53340000; -1,79532000;
202300044979.0;1;91;91468;1;1;1.0;4.0;48,57299000;2,46767000;
202300044980.0;1;76;76351;2;2;1.0;3.0;49,50602000;0,16334000;
202300044981.0;3;91;91617;1;1;8.0;7.0;48,63449000;2,53672000;
202300044982.0;5;92;92051;1;1;1.0;7.0;48,88062879;2,27368809;
202300044983.0;4;76;76217;2;1;1.0;3.0;49,92002000;1,07375000;
202300044984.0;3;92;92050;1;1;2.0;2.0;48,91531692;2,22011864;
202300044985.0;1;72;72181;2;9;1.0;6.0;47,99239100;0,23508800;
202300044986.0;1;72;72181;2;9;1.0;1.0;47,98181400;0,21468800;
202300044987.0;1;78;78423;1;1;2.0;2.0;48,79528000;2,04728000;
202300044988.0;1;70;70550;2;1;1.0;6.0;47,61440000;6,14620000;
202300044989.0;1;69;69290;2;1;1.0;5.0;45,69532997;4,92988815;
202300044990.0;1;69;69096;2;9;1.0;6.0;45,60866670;4,78910789;
202300044991.0;1;67;67447;2;3;1.0;6.0;48,60974000;7,75432000;
202300044992.0;1;67;67482;2;1;1.0;6.0;48,58587000;7,74718000;
202300044993.0;1;65;65440;2;6;1.0;3.0;43,23283400;0,06135200;
202300044994.0;1;65;65286;2;3;1.0;1.0;43,08793600; -0,04610900;
202300044995.0;1;64;64445;2;1;1.0;3.0;43,30943000; -0,36394000;
202300044996.0;5;64;64445;2;1;1.0;6.0;43,31751000; -0,35217000;
202300044997.0;1;62;62215;2;2;1.0;3.0;50,49089800;2,95566400;
202300044998.0;1;54;54357;2;1;1.0;6.0;48,70628000;6,16770000;
202300044999.0;3;54;54451;2;1;1.0;6.0;49,50148000;5,75670000;
202300045000.0;1;49;49007;2;1;1.0;3.0;47,46705000; -0,55791000;
202300045001.0;1;47;47001;2;6;1.0;3.0;44,19491000;0,61229000;
202300045002.0;1;47;47001;2;4;1.0;3.0;44,21909000;0,63702000;
202300045003.0;1;45;45302;2;1;1.0;2.0;47,94403700;1,90571700;
202300045004.0;1;45;45232;2;1;1.0;3.0;47,84399637;1,92106783;
202300045005.0;1;45;45208;2;3;1.0;3.0;47,99521000;2,74202000;
202300045006.0;1;43;43041;2;9;1.0;3.0;45,04853000;3,92162000;
202300045007.0;1;33;33063;2;3;1.0;3.0;44,85677000; -0,54785000;
202300045008.0;1;33;33063;2;2;1.0;3.0;44,83663000; -0,56540000;
202300045009.0;5;33;33063;2;1;1.0;3.0;44,83858400; -0,62123716;
202300045010.0;1;28;28223;2;9;1.0;3.0;48,72745000;1,39235000;
202300045011.0;1;22;22106;2;1;1.0;2.0;48,50187000; -2,72929000;
202300045012.0;1;17;17306;2;1;1.0;4.0;45,62870000; -0,99502000;
202300045013.0;1;13;13054;2;6;1.0;6.0;43,41600000;5,22600000;
202300045014.0;1;13;13212;2;1;1.0;7.0;43,30435000;5,41224000;
202300045015.0;1;12;12202;2;1;1.0;3.0;44,36375000;2,55500000;
202300045016.0;1;10;10387;2;1;1.0;3.0;48,30834000;4,09659000;
202300045017.0;1;06;06088;2;3;1.0;5.0;43,70503000;7,28036000;
202300045018.0;1;06;06088;2;7;1.0;6.0;43,72252700;7,29282400;
202300045019.0;2;06;06069;2;9;1.0;7.0;43,63138200;6,91194500;
202300045020.0;1;04;04112;2;1;1.0;3.0;43,83217000;5,77262000;
202300045021.0;1;75;75114;2;1;1.0;2.0;48,82256100;2,31423500;
202300045022.0;5;75;75114;2;5;1.0;1.0;48,81612600;2,34354100;
202300045023.0;1;75;75120;2;1;1.0;3.0;48,87277300;2,39082800;