Num_Acc;lum;departement;commune;agglomeration;intersection;meteo;type_collision;lat;long;date
202300045024.0;1;75;75118;2;3;1.0;6.0;48,88460000;2,34718000;
202300045025.0;2;75;75118;2;3;1.0;6.0;48,88665800;2,35961400;
202300045026.0;1;75;75116;2;1;1.0;3.0;48,87187700;2,29364900;
202300045027.0;1;75;75116;2;4;1.0;5.0;48,85703600;2,26651300;
202300045028.0;1;75;75116;2;1;1.0;2.0;48,87192600;2,24205900;
202300045029.0;5;75;75116;2;3;1.0;3.0;48,85946000;2,26601700;
202300045030.0;1;75;75107;2;3;1.0;6.0;48,86256678;2,30996132;
202300045031.0;1;75;75113;2;3;1.0;3.0;48,82918500;2,37420700;
202300045032.0;1;75;75111;2;1;1.0;6.0;48,86556500;2,36708900;
202300045033.0;1;75;75109;2;2;1.0;2.0;48,87378100;2,32702400;
202300045034.0;1;75;75108;2;2;1.0;2.0;48,87484100;2,31981600;
202300045035.0;5;75;75107;2;2;1.0;3.0;48,86104700;2,31324100;
202300045036.0;1;75;75107;2;1;1.0;7.0;48,85739200;2,32409400;
202300045037.0;1;75;75107;2;2;1.0;1.0;48,86259100;2,31901800;
202300045038.0;1;75;75107;2;3;1.0;3.0;48,85556600;2,29403200;
202300045039.0;1;75;75101;2;4;1.0;7.0;48,86636900;2,32346900;
202300045040.0;5;75;75109;2;3;1.0;6.0;48,88199500;2,34042100;
202300045041.0;1;94;94076;1;1;1.0;3.0;48,79340300;2,36915400;
202300045042.0;1;94;94022;2;3;1.0;3.0;48,75991400;2,40831400;
202300045043.0;1;93;93073;2;6;1.0;2.0;48,98424635;2,52531901;
202300045044.0;1;94;94053;2;1;1.0;2.0;48,77173000;2,54474000;
202300045045.0;1;93;93078;2;2;7.0;3.0;48,95815000;2,55833000;
202300045046.0;1;93;93070;2;1;8.0;6.0;48,90990237;2,33822116;
202300045047.0;1;93;93066;2;9;1.0;3.0;48,91496764;2,33846370;
202300045048.0;3;93;93077;2;3;1.0;3.0;48,88463000;2,50753000;
202300045049.0;4;93;93031;2;1;1.0;6.0;48,95180388;2,31940051;
202300045050.0;1;93;93029;2;2;1.0;1.0;48,91966047;2,47084169;
202300045051.0;1;93;93010;2;1;1.0;2.0;48,90630483;2,48239395;
202300045052.0;1;93;93008;2;3;1.0;6.0;48,90708000;2,46907000;
202300045053.0;1;93;93001;2;9;1.0;3.0;48,91322912;2,37415565;
202300045054.0;1;92;92033;2;1;2.0;6.0;48,85101731;2,19316453;
202300045055.0;1;92;92064;2;4;1.0;1.0;48,84140803;2,22118288;
202300045056.0;5;92;92040;2;6;1.0;3.0;48,82779213;2,27398127;
202300045057.0;1;92;92007;2;5;1.0;3.0;48,80975355;2,31731862;
202300045058.0;1;92;92004;2;1;1.0;1.0;48,90997219;2,28446625;
202300045059.0;1;60;60533;1;4;1.0;1.0;49,52178200;2,71345100;
202300045060.0;1;62;62549;2;3;1.0;3.0;50,37417400;2,03036200;
202300045061.0;1;2A;2A198;2;1;1.0;1.0;42,26416200;8,71341300;
202300045062.0;2;38;38536;1;2;8.0;3.0;45,42798900;4,87524700;
202300045063.0;1;71;71305;1;1;1.0;2.0;46,46529500;4,87928200;
202300045064.0;1;63;63012;1;3;1.0;3.0;46,01168700;3,18775200;
202300045065.0;1;38;38239;1;1;1.0;2.0;45,32746000;5,57236800;
202300045066.0;1;59;59202;2;6;1.0;7.0;50,68092405;2,86123037;
202300045067.0;4;57;57059;2;1;1.0;7.0;48,90089432;6,57974839;
202300045068.0;3;04;04191;1;1;1.0;6.0;44,40134200;6,26726000;
202300045069.0;1;91;91534;1;1;1.0;7.0;48,72011000;2,18239500;
202300045070.0;1;19;19153;2;1;1.0;7.0;45,26541219;1,40776541;
202300045071.0;5;56;56240;2;1;1.0;6.0;47,49969500; -2,77061500;
202300045072.0;1;76;76035;2;1;1.0;6.0;49,76760100;1,75337800;
202300045073.0;1;76;76400;2;1;1.0;6.0;49,82426459;0,91178804;
202300045074.0;1;79;79007;1;1;2.0;7.0;46,57933400; -0,40634000;
202300045075.0;1;2B;2B354;1;1;1.0;7.0;42,16801200;9,17151900;
202300045076.0;1;82;82075;1;1;1.0;1.0;43,83331900;1,30674000;
202300045077.0;1;65;65388;1;1;1.0;7.0;42,83143900;0,23907600;
202300045078.0;1;65;65389;2;9;1.0;3.0;43,07487900;0,47772800;
202300045079.0;1;61;61484;1;2;1.0;3.0;48,28718000;0,65570800;
202300045080.0;1;61;61029;1;1;1.0;3.0;48,54698000;0,48831900;
202300045081.0;1;22;22072;1;4;1.0;1.0;48,53314600; -3,26517100;
202300045082.0;1;44;44130;1;1;1.0;5.0;47,12049011; -1,53128386;
202300045083.0;1;29;29146;1;3;1.0;2.0;47,90133256; -3,84219040;
202300045084.0;1;29;29188;2;1;2.0;6.0;48,69237700; -3,82949700;
202300045085.0;1;84;84030;1;1;1.0;3.0;44,08862500;5,09425000;
202300045086.0;1;58;58138;1;1;1.0;7.0;46,83119800;3,10104100;
202300045087.0;1;14;14020;2;1;1.0;6.0;49,13304400; -0,16347500;
202300045088.0;3;64;64263;1;1;1.0;6.0;43,44562800; -0,83818000;
202300045089.0;1;16;16222;1;1;1.0;1.0;45,33870000;0,07220500;
202300045090.0;1;53;53137;1;3;1.0;3.0;48,07152700; -0,94809700;
202300045091.0;1;04;04025;1;1;1.0;3.0;44,15245200;6,59840600;
202300045092.0;1;04;04046;1;1;1.0;3.0;44,02380400;6,09221900;
202300045093.0;1;85;85288;1;1;1.0;3.0;46,45492500; -1,59801300;
202300045094.0;1;37;37057;1;1;2.0;6.0;47,06663363;0,79897642;
202300045095.0;1;30;30003;1;3;1.0;3.0;43,55070000;4,16801900;
202300045096.0;1;30;30004;1;1;1.0;1.0;43,72638600;4,19324200;
202300045097.0;1;52;52357;1;1;8.0;7.0;48,41349800;5,25008100;
202300045098.0;1;88;88108;1;8;1.0;3.0;47,96110600;6,28214700;
202300045099.0;1;42;42256;1;1;1.0;6.0;45,47189500;4,13952300;
202300045100.0;1;69;69264;1;1;1.0;5.0;45,98398144;4,73691702;
202300045101.0;1;13;13051;1;1;1.0;2.0;43,58943700;5,19142600;
202300045102.0;1;973;97310;1;1;1.0;7.0;4,58128000; -52,43288400;
202300045103.0;3;971;97134;1;1;1.0;1.0;16,05025700; -61,76254000;
202300045104.0;1;37;37011;2;1;1.0;1.0;47,21217200;0,18604800;
202300045105.0;1;2B;2B193;1;1;1.0;6.0;42,37663300;9,18948900;
202300045106.0;1;04;04226;1;1;1.0;7.0;44,36457500;6,61826000;
202300045107.0;1;13;13081;2;1;1.0;6.0;43,48476700;5,23449700;
202300045108.0;1;13;13004;2;6;1.0;7.0;43,69781700;4,64585400;
202300045109.0;1;13;13060;1;2;1.0;3.0;43,47053000;5,50380400;
202300045110.0;1;57;57058;2;1;1.0;1.0;49,17235900;6,92908700;
202300045111.0;1;69;69094;1;1;1.0;7.0;45,74731600;4,64877200;
202300045112.0;1;33;33412;1;1;1.0;3.0;45,26246000; -0,90512500;
202300045113.0;1;76;76753;1;1;1.0;5.0;49,34889100;1,16343500;
202300045114.0;1;33;33080;1;1;1.0;3.0;44,75525200; -0,54433400;
202300045115.0;1;33;33075;1;1;1.0;4.0;44,88994100; -0,61013600;
202300045116.0;1;33;33143;1;1;1.0;2.0;44,96438000; -0,44061900;
202300045117.0;1;59;59143;1;1;1.0;6.0;50,66598000;2,88289000;
202300045118.0;2;59;59605;1;1;1.0;2.0;51,04223937;2,46824116;
202300045119.0;1;59;59410;1;1;1.0;4.0;50,64879722;3,09904235;
202300045120.0;1;59;59603;1;1;1.0;2.0;50,34080000;3,47381000;
202300045121.0;1;91;91228;1;1;1.0;5.0;48,62131000;2,42325000;
202300045122.0;1;92;92019;1;1;1.0;3.0;48,77263927;2,24280547;
202300045123.0;1;92;92026;1;1;1.0;7.0;48,88922696;2,24688395;
202300045124.0;1;92;92050;1;1;1.0;4.0;48,89540560;2,19420530;
202300045125.0;1;78;78158;1;1;1.0;5.0;48,83356900;2,13539200;
202300045126.0;1;93;93027;1;1;8.0;6.0;48,92670000;2,40335000;
202300045127.0;1;95;95678;1;1;1.0;3.0;49,06427517;2,21383601;
202300045128.0;1;95;95500;1;1;1.0;2.0;49,04149000;2,08089000;
202300045129.0;1;92;92078;1;1;1.0;6.0;48,92750095;2,33291835;
202300045130.0;3;95;95488;1;1;1.0;6.0;49,01802000;2,14116000;
202300045131.0;3;94;94033;1;1;2.0;6.0;48,85862314;2,48692119;
202300045132.0;1;77;77337;1;1;1.0;6.0;48,82741500;2,61736900;
202300045133.0;1;95;95028;1;9;1.0;6.0;49,06731500;2,33193400;
202300045134.0;1;54;54587;1;2;1.0;2.0;48,49323900;6,04630500;
202300045135.0;3;01;01371;1;1;1.0;2.0;45,95659500;4,99719100;
202300045136.0;1;17;17389;1;2;1.0;3.0;45,84210500; -0,85835000;
202300045137.0;1;02;02756;1;1;1.0;6.0;49,78432600;3,33459700;
202300045138.0;1;49;49092;1;9;1.0;1.0;47,29467705; -0,84521770;
202300045139.0;1;28;28073;1;1;1.0;6.0;48,49008900;1,66941800;
202300045140.0;4;972;97225;2;2;1.0;7.0;14,74179200; -61,17593600;
202300045141.0;1;21;21584;1;1;1.0;4.0;47,30004900;4,21240500;
202300045142.0;1;76;76462;1;1;1.0;2.0;49,73038800;1,46036600;
202300045143.0;3;974;97414;2;1;1.0;1.0; -21,28424600;55,40456800;
202300045144.0;1;85;85013;1;1;1.0;1.0;46,91871900; -1,16119120;
202300045145.0;1;21;21081;1;1;1.0;6.0;47,37301200;4,76549100;
202300045146.0;2;30;30047;1;2;1.0;3.0;43,79621300;4,44244100;
202300045147.0;3;51;51310;2;1;1.0;7.0;49,21211700;3,92611600;
202300045148.0;3;76;76243;1;1;1.0;1.0;49,55406000;1,36282000;
202300045149.0;1;2B;2B277;1;1;1.0;2.0;41,97237400;9,39880400;
202300045150.0;1;80;80718;1;1;1.0;6.0;49,94686000;2,21704400;
202300045151.0;1;55;55021;1;3;1.0;2.0;49,02786900;5,70127100;
202300045152.0;1;55;55124;1;1;1.0;7.0;49,30411100;5,31620800;
202300045153.0;1;55;55394;1;1;1.0;1.0;49,26375100;5,47251100;
202300045154.0;1;55;55246;2;1;1.0;3.0;48,60061500;5,33214000;
202300045155.0;1;49;49018;1;1;1.0;6.0;47,54948600; -0,14558000;
202300045156.0;2;12;12186;1;1;1.0;6.0;43,81833553;2,59340286;
202300045157.0;1;42;42023;1;1;1.0;6.0;45,29937300;4,58571900;
202300045158.0;1;86;86109;1;3;1.0;1.0;46,89132800;0,15651200;
202300045159.0;1;34;34147;1;1;1.0;1.0;43,49223800;3,18966200;
202300045160.0;3;25;25122;1;1;1.0;6.0;46,94797700;6,18002400;
202300045161.0;1;15;15108;1;1;7.0;1.0;44,94389600;3,15015800;
202300045162.0;1;15;15118;2;1;2.0;1.0;45,00006289;2,48421907;
202300045163.0;3;54;54416;1;1;1.0;6.0;48,93052300;5,81910000;
202300045164.0;1;06;06119;1;1;1.0;7.0;44,29301500;6,90164600;
202300045165.0;1;06;06035;1;1;1.0;3.0;43,79588000;7,49663500;
202300045166.0;3;05;05142;1;1;1.0;6.0;44,77721452;5,98851268;
202300045167.0;3;50;50487;1;1;1.0;1.0;48,53842100; -1,33379800;
202300045168.0;1;83;83025;2;1;1.0;1.0;43,53314500;5,93613600;
202300045169.0;1;85;85146;1;1;1.0;7.0;47,02371700; -1,33299110;
202300045170.0;2;30;30053;1;1;1.0;6.0;43,99541200;4,21937200;
202300045171.0;2;48;48127;1;1;1.0;7.0;44,65803800;3,45276400;
202300045172.0;4;34;34333;1;1;1.0;5.0;43,50323300;3,79000200;
202300045173.0;5;987;98715;2;1;1.0;1.0; -17,58400000; -149,56000000;
202300045174.0;1;51;51171;1;1;1.0;7.0;49,37745500;3,94649500;
202300045175.0;1;34;34203;1;1;1.0;4.0;43,40835200;3,49742900;
202300045176.0;2;27;27188;1;1;1.0;2.0;49,29624800;1,12139900;
202300045177.0;1;69;69097;1;1;1.0;7.0;45,51644236;4,70870852;
202300045178.0;5;987;98714;1;1;1.0;6.0; -16,38800000; -151,76500000;
202300045179.0;2;77;77318;1;2;1.0;3.0;48,79256300;2,93485700;
202300045180.0;1;2B;2B314;1;1;1.0;7.0;42,66213100;9,20817400;
202300045181.0;2;34;34289;1;1;1.0;6.0;43,39050800;3,40063700;
202300045182.0;1;84;84016;1;1;1.0;6.0;44,05763100;4,90760600;
202300045183.0;1;06;06141;1;1;1.0;7.0;43,90176200;7,08509300;
202300045184.0;1;05;05065;1;1;1.0;7.0;44,64120800;6,66222100;
202300045185.0;3;13;13048;1;1;1.0;1.0;43,65287600;5,61079500;
202300045186.0;1;70;70310;1;1;1.0;2.0;47,69401400;6,50871300;
202300045187.0;1;57;57058;2;1;1.0;6.0;49,17017600;6,93257200;
202300045188.0;1;73;73232;1;1;4.0;6.0;45,54879245;6,90603339;
202300045189.0;1;38;38061;2;1;1.0;2.0;45,34052500;5,61630400;
202300045190.0;1;09;09282;1;1;1.0;3.0;43,22775300;1,60365900;
202300045191.0;1;49;49301;1;2;1.0;3.0;47,10879824; -0,99595785;
202300045192.0;1;29;29046;2;1;1.0;6.0;48,09212100; -4,33086600;
202300045193.0;1;60;60107;1;1;1.0;6.0;49,36303600;2,44294000;
202300045194.0;1;60;60103;1;1;7.0;6.0;49,41048200;2,22583200;
202300045195.0;1;59;59660;1;1;1.0;7.0;50,63666048;3,22141886;
202300045196.0;3;73;73075;1;1;1.0;3.0;45,44441600;6,06235000;
202300045197.0;1;73;73162;1;1;1.0;5.0;45,60734700;6,28315900;
202300045198.0;1;94;94081;2;1;1.0;3.0;48,80402173;2,38487944;
202300045199.0;1;94;94033;2;3;1.0;6.0;48,84788000;2,46415000;
202300045200.0;5;94;94033;2;5;1.0;3.0;48,85368000;2,46973000;
202300045201.0;2;93;93073;2;2;1.0;3.0;48,94496981;2,58574784;
202300045202.0;1;93;93073;1;9;1.0;2.0;49,00318000;2,56574000;
202300045203.0;5;93;93055;2;1;1.0;3.0;48,89073491;2,40059316;
202300045204.0;2;93;93032;2;3;1.0;6.0;48,88379772;2,53135326;
202300045205.0;1;93;93079;2;1;1.0;6.0;48,96409235;2,34861799;
202300045206.0;1;93;93029;2;2;1.0;6.0;48,92336000;2,44595000;
202300045207.0;1;93;93057;2;1;1.0;1.0;48,90711017;2,50608261;
202300045208.0;1;93;93010;2;1;1.0;2.0;48,90627620;2,48219473;
202300045209.0;1;92;92072;2;1;1.0;4.0;48,82908900;2,22437800;
202300045210.0;1;60;60284;2;6;1.0;7.0;49,37829400;2,65269400;
202300045211.0;1;35;35219;1;1;8.0;1.0;47,79203200; -1,92340100;
202300045212.0;1;24;24299;2;3;1.0;3.0;45,03661200;0,35773200;
202300045213.0;3;62;62053;1;2;1.0;3.0;50,60074939;2,13023179;
202300045214.0;1;91;91235;1;9;1.0;3.0;48,62736400;2,35473800;
202300045215.0;1;26;26139;1;1;7.0;7.0;45,07734700;5,07674600;
202300045216.0;2;17;17420;2;1;7.0;1.0;46,08658200; -1,06330300;
202300045217.0;1;54;54477;1;1;1.0;7.0;49,02443587;5,90732932;
202300045218.0;1;30;30202;2;9;1.0;6.0;44,25660000;4,64427000;
202300045219.0;1;95;95144;1;1;1.0;6.0;49,06607400;2,44954300;
202300045220.0;1;51;51424;1;1;1.0;7.0;49,02035500;4,99545300;
202300045221.0;1;19;19259;1;1;1.0;7.0;45,01574600;1,98422800;
202300045222.0;2;56;56003;1;1;1.0;6.0;47,62649600; -2,85744800;
202300045223.0;2;80;80557;2;1;1.0;7.0;49,87755300;2,99714300;
202300045224.0;1;82;82026;1;1;1.0;1.0;44,04080500;1,67277600;
202300045225.0;1;65;65428;1;1;1.0;1.0;42,97152400; -0,15393200;
202300045226.0;1;81;81307;1;1;1.0;6.0;43,56973400;2,29592800;
202300045227.0;1;71;71196;1;1;1.0;6.0;46,66157200;5,36047000;
202300045228.0;1;89;89194;1;1;1.0;7.0;47,67013000;3,98873000;
202300045229.0;2;63;63448;1;1;1.0;6.0;45,52287100;3,42054600;
202300045230.0;1;49;49178;1;1;1.0;7.0;47,61585500; -0,95742000;
202300045231.0;5;49;49378;2;1;1.0;6.0;47,32573100; -0,05580100;
202300045232.0;1;46;46323;1;1;1.0;6.0;44,58398000;1,49895800;
202300045233.0;2;69;69013;2;1;2.0;3.0;46,01061531;4,71971421;
202300045234.0;5;69;69259;2;2;1.0;3.0;45,69398000;4,87502000;
202300045235.0;5;67;67267;2;3;1.0;1.0;48,55893000;7,69316000;
202300045236.0;5;67;67218;2;1;1.0;2.0;48,54535000;7,73814000;
202300045237.0;2;67;67482;2;1;2.0;3.0;48,57303000;7,71712000;
202300045238.0;5;65;65440;2;1;2.0;6.0;43,21956037;0,07083416;
202300045239.0;1;64;64445;2;1;3.0;6.0;43,32827000; -0,37950000;
202300045240.0;5;64;64445;2;1;2.0;6.0;43,30473000; -0,36962000;
202300045241.0;1;64;64024;2;1;3.0;3.0;43,49683000; -1,49829000;
202300045242.0;1;62;62041;2;2;1.0;3.0;50,28546200;2,76790800;
202300045243.0;1;62;62753;2;3;1.0;3.0;50,30686000;2,80204400;
202300045244.0;5;59;59512;2;1;3.0;6.0;50,69217000;3,18396000;
202300045245.0;3;59;59476;2;1;6.0;6.0;50,14473000;3,21352000;
202300045246.0;1;58;58194;2;3;3.0;3.0;46,99069000;3,15905000;
202300045247.0;1;56;56083;2;1;2.0;6.0;47,79851000; -3,26710000;
202300045248.0;5;56;56121;2;1;3.0;3.0;47,76164000; -3,36633000;
202300045249.0;5;54;54257;2;2;1.0;1.0;48,64757700;6,18231100;
202300045250.0;1;49;49246;2;1;6.0;6.0;47,41611000; -0,50593000;
202300045251.0;3;07;07281;1;1;3.0;7.0;44,93512000;4,79215000;
202300045252.0;3;44;44184;1;1;3.0;2.0;47,28580000; -2,25800000;
202300045253.0;1;06;06030;2;1;1.0;6.0;43,58195000;7,02663000;
202300045254.0;1;38;38185;2;2;3.0;3.0;45,18856000;5,74455000;
202300045255.0;1;75;75116;2;1;1.0;2.0;48,86917100;2,27068700;
202300045256.0;5;33;33063;2;1;3.0;6.0;44,86346000; -0,58186000;
202300045257.0;1;33;33162;2;1;8.0;6.0;44,88740522; -0,64254463;
202300045258.0;1;75;75107;2;2;1.0;3.0;48,86106200;2,31326000;
202300045259.0;1;33;33063;2;1;1.0;6.0;44,87587000; -0,57675000;
202300045260.0;5;75;75116;2;1;1.0;1.0;48,87176800;2,26436900;
202300045261.0;1;31;31069;2;1;1.0;6.0;43,63435000;1,39139000;
202300045262.0;1;75;75120;2;3;1.0;2.0;48,85210400;2,41571400;
202300045263.0;2;30;30189;2;1;1.0;6.0;43,83730000;4,34380000;
202300045264.0;1;75;75119;2;3;1.0;6.0;48,88640000;2,39345500;
202300045265.0;2;75;75118;2;1;1.0;2.0;48,89954500;2,34871000;
202300045266.0;5;30;30189;2;1;1.0;5.0;43,82130000;4,32400000;
202300045267.0;1;75;75117;2;2;1.0;3.0;48,88151400;2,30068200;
202300045268.0;1;22;22113;2;3;1.0;6.0;48,72486000; -3,47250000;
202300045269.0;1;75;75117;2;3;1.0;3.0;48,88803000;2,32461700;
202300045270.0;1;75;75117;2;3;2.0;3.0;48,88775700;2,31836300;
202300045271.0;3;14;14366;2;3;8.0;6.0;49,14154000;0,25243000;
202300045272.0;1;75;75110;2;2;1.0;2.0;48,87177200;2,35715000;
202300045273.0;2;13;13054;2;4;2.0;2.0;43,42355436;5,23092985;
202300045274.0;5;75;75110;2;3;1.0;1.0;48,87653800;2,35583500;
202300045275.0;5;13;13209;2;1;2.0;1.0;43,24336259;5,43804287;
202300045276.0;5;75;75110;2;2;1.0;3.0;48,87481200;2,35738500;
202300045277.0;1;13;13210;2;3;1.0;3.0;43,28337921;5,40113561;
202300045278.0;5;75;75108;2;2;1.0;6.0;48,87235500;2,29948300;
202300045279.0;1;13;13204;2;1;8.0;1.0;43,30255000;5,40031000;
202300045280.0;5;75;75107;2;2;1.0;6.0;48,85411700;2,30631500;
202300045281.0;1;13;13028;2;1;8.0;6.0;43,19413000;5,61700000;
202300045282.0;1;75;75103;2;3;1.0;2.0;48,86702700;2,36334400;
202300045283.0;1;13;13001;2;3;2.0;3.0;43,55555000;5,42183000;
202300045284.0;1;75;75104;2;3;1.0;6.0;48,85524100;2,36114800;
202300045285.0;5;07;07102;2;1;8.0;2.0;44,93189000;4,87336000;
202300045286.0;1;75;75102;2;2;1.0;6.0;48,86912600;2,35156700;
202300045287.0;1;06;06088;2;1;1.0;4.0;43,67538120;7,22778330;
202300045288.0;5;94;94028;2;9;1.0;1.0;48,79166700;2,44618500;
202300045289.0;5;06;06029;2;1;1.0;6.0;43,54898000;7,03063000;
202300045290.0;1;75;75113;2;1;6.0;3.0;48,81714000;2,36746900;
202300045291.0;1;94;94017;2;2;1.0;3.0;48,81615000;2,54813000;
202300045292.0;1;75;75118;2;1;6.0;6.0;48,88412900;2,35323300;
202300045293.0;5;93;93046;2;1;1.0;6.0;48,91377475;2,53690184;
202300045294.0;1;93;93027;2;3;1.0;3.0;48,92430000;2,38436000;
202300045295.0;1;75;75116;2;3;1.0;6.0;48,86401900;2,27752700;
202300045296.0;1;93;93001;2;9;1.0;5.0;48,90894674;2,38687295;
202300045297.0;2;75;75116;2;3;1.0;2.0;48,86611700;2,28948300;
202300045298.0;2;75;75116;2;1;1.0;1.0;48,86525600;2,23088400;
202300045299.0;1;92;92051;2;3;1.0;3.0;48,88754900;2,27848300;
202300045300.0;5;75;75113;2;3;1.0;7.0;48,82150500;2,36920100;
202300045301.0;5;92;92051;2;1;1.0;4.0;48,88461000;2,25509000;
202300045302.0;5;75;75109;2;3;1.0;6.0;48,88219100;2,33359900;
202300045303.0;1;60;60242;2;1;1.0;7.0;49,59524815;1,95600710;
202300045304.0;3;14;14531;1;1;1.0;6.0;48,86154900; -0,34663300;
202300045305.0;5;75;75107;2;3;1.0;6.0;48,85176900;2,31711800;
202300045306.0;1;62;62743;2;2;1.0;1.0;50,36639000;2,04333900;
202300045307.0;1;51;51497;1;1;1.0;1.0;48,73104500;4,80415300;
202300045308.0;1;71;71214;1;1;1.0;7.0;46,64786000;4,55761000;
202300045309.0;1;75;75102;2;2;1.0;1.0;48,86690000;2,34418600;
202300045310.0;1;41;41032;2;1;1.0;3.0;47,52673900;1,31054900;
202300045311.0;1;75;75104;2;3;2.0;3.0;48,85873000;2,34835700;
202300045312.0;1;94;94046;2;3;1.0;3.0;48,80740000;2,44220000;
202300045313.0;3;33;33205;1;2;1.0;3.0;44,62619300; -0,36934900;
202300045314.0;1;94;94041;2;1;2.0;6.0;48,81140400;2,38410200;
202300045315.0;3;67;67115;1;1;1.0;7.0;48,29130300;7,50310400;
202300045316.0;5;94;94065;2;1;1.0;3.0;48,75192000;2,35291000;
202300045317.0;3;51;51217;2;1;1.0;6.0;49,08293900;3,65437600;
202300045318.0;5;94;94073;2;9;1.0;6.0;48,75260000;2,37448000;
202300045319.0;1;93;93031;2;1;1.0;6.0;48,95359307;2,32724937;
202300045320.0;1;974;97410;2;9;1.0;6.0; -21,08081100;55,74568000;
202300045321.0;5;93;93029;2;1;2.0;2.0;48,92079121;2,45329372;
202300045322.0;1;06;06046;2;4;1.0;3.0;43,76426800;7,21533500;
202300045323.0;5;93;93047;2;4;1.0;6.0;48,90957000;2,58497000;
202300045324.0;1;50;50099;1;1;1.0;7.0;49,30541300; -1,21109200;
202300045325.0;1;93;93057;2;1;6.0;7.0;48,89686000;2,50096000;
202300045326.0;2;92;92050;2;1;6.0;3.0;48,89277507;2,18752876;
202300045327.0;5;92;92024;2;1;6.0;6.0;48,90830000;2,31293000;
202300045328.0;1;50;50270;1;1;1.0;4.0;49,49121100; -1,46502300;
202300045329.0;1;26;26139;2;1;8.0;6.0;45,08831600;5,07920300;
202300045330.0;3;45;45239;1;1;8.0;7.0;47,91290500;2,64892800;
202300045331.0;1;56;56193;2;3;1.0;1.0;47,71715400; -3,31425500;
202300045332.0;1;76;76624;2;1;1.0;6.0;49,87990000;1,20857000;
202300045333.0;2;82;82124;1;1;1.0;6.0;44,01767300;1,30293300;
202300045334.0;3;85;85209;1;1;2.0;1.0;46,51971700; -1,02237300;
202300045335.0;3;83;83004;1;1;2.0;6.0;43,47895800;6,48189100;
202300045336.0;1;71;71580;2;3;1.0;3.0;46,65999600;5,24507000;
202300045337.0;1;61;61404;2;1;1.0;7.0;48,56632700;0,53252000;
202300045338.0;1;11;11012;2;2;1.0;3.0;43,30788900;2,90464700;
202300045339.0;1;21;21642;1;1;1.0;1.0;47,48996177;4,13751986;
202300045340.0;1;61;61243;1;3;1.0;2.0;48,58600800; -0,33008800;
202300045341.0;3;50;50214;1;1;4.0;2.0;48,91535700; -1,09238900;
202300045342.0;1;51;51354;1;1;6.0;7.0;48,90103000;4,52135700;
202300045343.0;1;61;61278;2;3;1.0;6.0;48,71149400; -0,54051300;
202300045344.0;3;65;65054;1;1;2.0;6.0;43,07383413;0,36161936;
202300045345.0;1;65;65375;1;2;3.0;3.0;43,37287800;0,15383000;
202300045346.0;1;22;22158;1;4;1.0;1.0;48,20014000; -2,89033000;
202300045347.0;5;69;69168;2;3;2.0;2.0;45,84482000;4,83516200;
202300045348.0;1;25;25222;1;2;1.0;3.0;47,14449600;6,26972800;
202300045349.0;1;11;11105;1;3;1.0;3.0;43,03937100;2,24287900;
202300045350.0;1;71;71543;2;2;3.0;3.0;46,55545900;4,90351800;
202300045351.0;3;89;89423;1;1;1.0;1.0;47,92770000;3,92210000;
202300045352.0;1;44;44151;1;2;1.0;3.0;47,32512000; -2,33204700;
202300045353.0;1;44;44006;1;1;1.0;1.0;47,46332900; -2,42578400;
202300045354.0;3;55;55007;1;1;1.0;3.0;49,02152100;5,44669900;
202300045355.0;1;46;46153;1;1;2.0;6.0;44,85434800;1,47723200;
202300045356.0;2;38;38408;2;1;1.0;1.0;45,59714000;4,99664600;
202300045357.0;3;39;39027;1;1;2.0;1.0;46,56144200;5,50153300;
202300045358.0;1;02;02807;1;1;1.0;5.0;49,64394400;3,20826900;
202300045359.0;5;02;02095;2;1;3.0;6.0;49,98828400;3,45222800;
202300045360.0;1;03;03170;1;1;2.0;6.0;46,52318000;3,10340200;
202300045361.0;1;15;15120;2;1;1.0;4.0;45,21595500;2,34521600;
202300045362.0;3;01;01133;1;6;8.0;7.0;45,78270600;5,76919600;
202300045363.0;3;70;70575;1;1;9.0;2.0;47,33610300;6,01609800;
202300045364.0;3;45;45188;1;6;6.0;6.0;47,97376300;2,05257700;
202300045365.0;1;66;66052;1;1;1.0;3.0;42,60503800;2,41721700;
202300045366.0;3;50;50079;1;3;1.0;3.0;49,54296400; -1,67412800;
202300045367.0;1;16;16286;1;2;3.0;3.0;45,80671100; -0,05237800;
202300045368.0;3;24;24019;1;1;2.0;6.0;45,15262700;1,13545400;
202300045369.0;1;24;24026;1;9;2.0;1.0;45,19334900;0,88714600;
202300045370.0;3;18;18134;2;4;1.0;6.0;47,12504200;2,05808600;
202300045371.0;2;18;18211;1;1;8.0;7.0;47,18592100;2,39946400;
202300045372.0;3;85;85288;1;1;3.0;4.0;46,47643000; -1,66258000;
202300045373.0;1;36;36069;1;1;5.0;3.0;47,06384338;1,39408357;