Num_Acc;lum;departement;commune;agglomeration;intersection;meteo;type_collision;lat;long;date
202300045374.0;1;52;52287;1;3;2.0;3.0;48,14233000;5,55605600;
202300045375.0;1;37;37165;1;1;1.0;6.0;47,20343200;0,51200200;
202300045376.0;3;68;68375;1;1;1.0;1.0;47,81543100;7,24602000;
202300045377.0;1;95;95394;2;1;1.0;6.0;49,05900600;2,17145200;
202300045378.0;1;34;34247;1;1;7.0;6.0;43,65570900;3,83648700;
202300045379.0;2;978;97801;1;1;1.0;1.0;18,09878300; -63,05009100;
202300045380.0;3;49;49222;1;1;2.0;6.0;47,36469900; -0,57274800;
202300045381.0;1;69;69244;2;6;1.0;3.0;45,77016905;4,78770933;
202300045382.0;1;974;97415;1;1;1.0;4.0; -21,05612700;55,22672700;
202300045383.0;1;973;97311;2;1;1.0;3.0;5,49994900; -54,03074000;
202300045384.0;3;974;97415;1;1;1.0;3.0; -21,01903700;55,23524500;
202300045385.0;1;971;97116;1;1;1.0;3.0;16,31565000; -61,44377100;
202300045386.0;1;41;41207;2;3;1.0;7.0;47,65723200;1,49499100;
202300045387.0;1;95;95102;1;1;1.0;6.0;49,15691000;2,04714800;
202300045388.0;1;13;13088;2;4;2.0;3.0;43,36635800;5,26341900;
202300045389.0;2;78;78160;2;1;8.0;7.0;48,71705200;2,03113000;
202300045390.0;1;48;48004;1;1;1.0;6.0;44,46429700;3,88581800;
202300045391.0;1;30;30090;1;1;1.0;1.0;44,38586300;3,98121400;
202300045392.0;1;83;83138;2;1;1.0;6.0;43,61766200;6,70933700;
202300045393.0;1;83;83115;1;1;1.0;1.0;43,36050493;6,60032135;
202300045394.0;1;13;13100;1;1;1.0;1.0;43,80227700;4,86033400;
202300045395.0;3;06;06157;2;1;2.0;6.0;43,71119600;7,10504300;
202300045396.0;2;68;68163;1;1;3.0;7.0;47,68265300;7,51163400;
202300045397.0;2;04;04197;1;1;2.0;6.0;43,77237600;5,76538100;
202300045398.0;1;13;13066;1;9;3.0;1.0;43,88561400;4,89197400;
202300045399.0;1;73;73249;1;3;1.0;3.0;45,52812900;5,99266100;
202300045400.0;1;57;57031;2;1;1.0;7.0;49,09113100;6,26469600;
202300045401.0;1;42;42094;2;3;2.0;3.0;45,74508900;4,22273000;
202300045402.0;3;01;01424;1;2;2.0;3.0;45,87486200;4,97592700;
202300045403.0;2;33;33487;1;1;1.0;7.0;44,97073400; -0,47792700;
202300045404.0;1;59;59268;2;1;1.0;3.0;50,62672700;2,72984000;
202300045405.0;1;60;60581;2;1;1.0;6.0;49,49931400;2,43887600;
202300045406.0;1;59;59592;1;3;8.0;3.0;50,46490800;3,07592000;
202300045407.0;1;94;94038;1;1;1.0;2.0;48,78814065;2,34444260;
202300045408.0;1;80;80204;1;1;8.0;2.0;50,00920100;2,87704500;
202300045409.0;2;93;93063;1;1;6.0;3.0;48,87528738;2,44004158;
202300045410.0;3;62;62793;1;1;1.0;6.0;50,41428800;2,63440100;
202300045411.0;1;93;93010;1;1;1.0;3.0;48,91454975;2,47732254;
202300045412.0;1;59;59158;2;1;1.0;6.0;50,44618800;3,17757900;
202300045413.0;1;93;93010;1;1;1.0;6.0;48,91454975;2,47732254;
202300045414.0;1;13;13019;1;1;1.0;6.0;43,42689300;5,38133000;
202300045415.0;3;95;95424;1;1;6.0;5.0;48,99151000;2,19085000;
202300045416.0;1;69;69199;1;1;1.0;3.0;45,68399000;4,84704000;
202300045417.0;1;91;91179;1;1;1.0;7.0;48,55993000;2,48430000;
202300045418.0;3;92;92064;1;1;1.0;2.0;48,83887386;2,19360470;
202300045419.0;3;93;93008;1;1;2.0;5.0;48,90551000;2,46138000;
202300045420.0;1;92;92072;1;1;1.0;6.0;48,82701466;2,22422590;
202300045421.0;3;92;92078;1;1;1.0;2.0;48,92990824;2,32700212;
202300045422.0;3;95;95241;1;1;1.0;3.0;49,05498000;2,42402000;
202300045423.0;1;93;93027;1;1;8.0;1.0;48,92788000;2,40351000;
202300045424.0;3;95;95060;1;1;1.0;2.0;49,03492000;2,19666000;
202300045425.0;3;94;94069;1;1;1.0;4.0;48,81737184;2,43495080;
202300045426.0;1;95;95582;1;1;1.0;5.0;48,96694425;2,25535154;
202300045427.0;1;94;94033;1;1;2.0;4.0;48,85202343;2,48970428;
202300045428.0;1;93;93053;1;1;8.0;7.0;48,88757000;2,47287000;
202300045429.0;1;05;05153;1;1;1.0;7.0;44,68378501;6,15993670;
202300045430.0;1;94;94073;1;1;1.0;2.0;48,76314920;2,38096972;
202300045431.0;1;75;75102;2;4;2.0;1.0;48,87061713;2,33207881;
202300045432.0;1;974;97416;1;1;1.0;4.0; -21,30300000;55,42660000;
202300045433.0;1;13;13108;2;1;3.0;6.0;43,80440000;4,65665000;
202300045434.0;5;973;97302;2;1;1.0;7.0;4,94347000; -52,32377000;
202300045435.0;5;973;97302;1;9;1.0;7.0;4,90761173; -52,32265323;
202300045436.0;1;972;97213;2;1;1.0;1.0;14,62460894; -61,01005918;
202300045437.0;5;69;69382;2;1;1.0;6.0;45,74877000;4,82797000;
202300045438.0;1;974;97416;2;1;1.0;6.0; -21,34142000;55,47500000;
202300045439.0;5;971;97113;1;1;1.0;1.0;16,20861001; -61,46941781;
202300045440.0;1;974;97411;2;2;1.0;6.0; -20,87366000;55,44850000;
202300045441.0;1;91;91689;1;1;2.0;1.0;48,71452000;2,33183000;
202300045442.0;3;973;97302;2;6;1.0;1.0;4,93707509; -52,32599562;
202300045443.0;1;973;97302;2;1;1.0;2.0;4,91938000; -52,31809000;
202300045444.0;1;91;91687;2;1;3.0;1.0;48,67044100;2,36560200;
202300045445.0;5;973;97302;2;1;1.0;6.0;4,94433219; -52,30969012;
202300045446.0;5;89;89387;2;1;1.0;7.0;48,19165000;3,31034000;
202300045447.0;1;69;69387;2;1;1.0;6.0;45,74950000;4,83757000;
202300045448.0;1;69;69387;2;3;1.0;3.0;45,73469000;4,82366000;
202300045449.0;3;77;77350;2;6;1.0;7.0;48,76093000;2,66275000;
202300045450.0;1;972;97209;2;1;1.0;1.0;14,62570432; -61,07243425;
202300045451.0;1;69;69034;2;4;1.0;1.0;45,79220000;4,83579000;
202300045452.0;5;76;76231;2;2;2.0;3.0;49,29089000;0,99979000;
202300045453.0;1;971;97101;1;1;8.0;6.0;16,22577000; -61,52407000;
202300045454.0;3;76;76576;1;1;2.0;5.0;49,55370000;0,44804000;
202300045455.0;1;971;97101;2;1;2.0;4.0;16,26543000; -61,48091000;
202300045456.0;1;83;83137;2;1;1.0;3.0;43,12903000;5,98361000;
202300045457.0;1;68;68166;2;2;1.0;1.0;47,79373000;7,31539000;
202300045458.0;1;83;83129;2;1;1.0;2.0;43,10809000;5,81407000;
202300045459.0;5;63;63113;2;1;8.0;3.0;45,77133459;3,12212348;
202300045460.0;1;83;83069;2;3;1.0;3.0;43,11815000;6,11913000;
202300045461.0;1;62;62193;2;6;3.0;6.0;50,94110000;1,83832000;
202300045462.0;1;60;60057;1;1;2.0;6.0;49,45732014;2,07505121;
202300045463.0;1;82;82121;2;3;1.0;3.0;44,02436000;1,36403000;
202300045464.0;5;38;38421;2;1;2.0;6.0;45,18500000;5,76385000;
202300045465.0;1;78;78146;2;2;2.0;3.0;48,90249400;2,15180800;
202300045466.0;2;38;38151;2;1;2.0;6.0;45,15159000;5,70629000;
202300045467.0;1;78;78481;2;1;1.0;6.0;48,89780000;2,11150000;
202300045468.0;3;38;38169;2;1;1.0;6.0;45,18987319;5,69177504;
202300045469.0;1;78;78498;2;3;1.0;6.0;48,91814100;2,02653000;
202300045470.0;5;37;37261;2;1;1.0;4.0;47,38217000;0,69232000;
202300045471.0;1;77;77186;1;6;1.0;2.0;48,43063700;2,66139000;
202300045472.0;5;35;35281;2;1;2.0;6.0;48,09550000; -1,69536000;
202300045473.0;3;76;76231;2;6;1.0;6.0;49,29694000;0,99486000;
202300045474.0;1;34;34172;2;1;8.0;3.0;43,59555000;3,89676000;
202300045475.0;1;72;72181;2;1;1.0;3.0;47,95546000;0,18276000;
202300045476.0;1;72;72181;2;9;1.0;2.0;47,96281000;0,17698000;
202300045477.0;5;33;33039;2;2;2.0;3.0;44,79843000; -0,54151000;
202300045478.0;1;72;72181;2;9;1.0;6.0;48,01871000;0,17328000;
202300045479.0;1;72;72181;2;1;1.0;6.0;47,96154000;0,21403000;
202300045480.0;1;33;33063;2;1;1.0;2.0;44,82879000; -0,61006000;
202300045481.0;1;71;71270;2;1;1.0;2.0;46,29929000;4,82777000;
202300045482.0;3;33;33522;2;9;2.0;6.0;44,80014000; -0,59660000;
202300045483.0;1;67;67482;2;1;1.0;6.0;48,57152000;7,78533000;
202300045484.0;1;33;33009;2;1;8.0;6.0;44,65855218; -1,16821200;
202300045485.0;1;67;67482;2;1;2.0;6.0;48,60354000;7,71468000;
202300045486.0;3;26;26198;2;1;1.0;6.0;44,55416874;4,74010706;
202300045487.0;1;66;66136;2;3;1.0;6.0;42,68003000;2,90354000;
202300045488.0;2;13;13209;2;9;1.0;3.0;43,26388000;5,41841000;
202300045489.0;5;64;64102;2;6;2.0;3.0;43,49905000; -1,48130000;
202300045490.0;1;64;64102;2;1;1.0;6.0;43,48860000; -1,49147000;
202300045491.0;1;13;13001;1;1;1.0;2.0;43,52554213;5,39913001;
202300045492.0;1;64;64102;2;3;1.0;3.0;43,48361000; -1,50088000;
202300045493.0;5;75;75105;2;3;1.0;6.0;48,84249300;2,33818800;
202300045494.0;1;62;62480;2;1;3.0;6.0;50,48446000;2,68085000;
202300045495.0;1;61;61391;1;1;1.0;7.0;48,77700000; -0,57800000;
202300045496.0;5;75;75105;2;3;1.0;2.0;48,84250100;2,33818900;
202300045497.0;1;57;57012;2;1;1.0;6.0;49,35835000;6,04792000;
202300045498.0;1;54;54395;2;2;1.0;6.0;48,68933000;6,16979000;
202300045499.0;1;75;75117;2;2;1.0;6.0;48,89026900;2,32077000;
202300045500.0;5;54;54547;2;1;2.0;6.0;48,65646200;6,12726700;
202300045501.0;5;54;54395;2;1;8.0;6.0;48,69639400;6,15060200;
202300045502.0;5;75;75116;2;4;1.0;3.0;48,84811600;2,26434600;
202300045503.0;5;51;51454;2;1;1.0;7.0;49,26614600;4,01019500;
202300045504.0;1;51;51454;2;3;1.0;7.0;49,22309570;4,03099000;
202300045505.0;5;75;75116;2;1;1.0;2.0;48,86255900;2,29415400;
202300045506.0;1;51;51454;2;1;3.0;3.0;49,27531000;4,01880000;
202300045507.0;5;75;75112;2;3;1.0;6.0;48,84967600;2,38731200;
202300045508.0;5;50;50129;2;2;1.0;3.0;49,64218000; -1,63693000;
202300045509.0;5;75;75108;2;2;1.0;3.0;48,87176100;2,31419400;
202300045510.0;2;50;50129;2;2;1.0;3.0;49,63815000; -1,62515000;
202300045511.0;5;94;94058;2;1;2.0;2.0;48,83029000;2,51313800;
202300045512.0;1;49;49007;2;2;1.0;3.0;47,45056000; -0,55279000;
202300045513.0;5;93;93059;2;1;1.0;3.0;48,95628296;2,36337508;
202300045514.0;1;49;49007;2;1;1.0;2.0;47,47148681; -0,55957586;
202300045515.0;1;93;93066;2;3;2.0;6.0;48,92465400;2,36257900;
202300045516.0;1;49;49246;2;1;1.0;1.0;47,42364000; -0,52434000;
202300045517.0;1;93;93066;2;4;8.0;3.0;48,92746000;2,34161000;
202300045518.0;1;37;37214;2;1;1.0;3.0;47,42904000;0,65039000;
202300045519.0;5;93;93064;2;5;1.0;6.0;48,87728117;2,47999327;
202300045520.0;1;35;35288;2;1;1.0;1.0;48,63401500; -2,01620800;
202300045521.0;1;93;93051;2;1;1.0;6.0;48,83642000;2,58248000;
202300045522.0;1;35;35115;2;6;1.0;3.0;48,35264000; -1,18618000;
202300045523.0;1;93;93048;2;2;1.0;3.0;48,85104000;2,42451000;
202300045524.0;2;33;33550;2;1;1.0;1.0;44,77913000; -0,56625000;
202300045525.0;1;93;93045;2;2;2.0;3.0;48,87685000;2,41433000;
202300045526.0;1;33;33009;2;3;1.0;2.0;44,65506000; -1,15879000;
202300045527.0;5;93;93079;2;3;1.0;6.0;48,95895000;2,34213000;
202300045528.0;2;31;31344;1;1;2.0;2.0;43,09721000;0,77086000;
202300045529.0;1;93;93027;1;1;1.0;6.0;48,93799017;2,40479568;
202300045530.0;1;31;31483;2;2;2.0;1.0;43,10117000;0,73020000;
202300045531.0;5;92;92046;2;2;1.0;6.0;48,81300000;2,29873000;
202300045532.0;3;30;30028;1;9;1.0;6.0;44,16000000;4,61000000;
202300045533.0;5;92;92075;2;1;1.0;2.0;48,81541966;2,27706707;
202300045534.0;1;29;29019;2;1;7.0;6.0;48,40758000; -4,51505000;
202300045535.0;1;92;92033;2;1;1.0;6.0;48,84879590;2,19062895;
202300045536.0;1;27;27681;2;1;1.0;2.0;49,09507000;1,46668000;
202300045537.0;5;92;92051;2;2;1.0;3.0;48,87890150;2,27076387;
202300045538.0;1;27;27299;2;2;1.0;2.0;49,04142000;1,15920000;
202300045539.0;5;92;92051;1;9;2.0;3.0;48,89658479;2,27276623;
202300045540.0;1;25;25204;1;3;2.0;3.0;46,93231016;6,36618710;
202300045541.0;5;92;92048;2;3;1.0;3.0;48,78901406;2,23387465;
202300045542.0;1;25;25056;2;2;1.0;1.0;47,24617900;5,99904300;
202300045543.0;4;92;92023;2;1;1.0;6.0;48,80326000;2,25684000;
202300045544.0;3;19;19031;2;1;1.0;3.0;45,15118000;1,50055000;
202300045545.0;1;19;19031;2;2;1.0;3.0;45,15527000;1,54838000;
202300045546.0;3;83;83019;1;1;1.0;1.0;43,19921600;6,39445100;
202300045547.0;1;13;13207;2;1;1.0;3.0;43,29259641;5,36731482;
202300045548.0;1;36;36006;1;1;2.0;7.0;46,56317828;1,50554538;
202300045549.0;1;13;13212;2;1;1.0;6.0;43,31156218;5,42576734;
202300045550.0;3;83;83140;1;1;2.0;6.0;43,40917900;5,94757900;
202300045551.0;1;59;59182;1;1;3.0;7.0;50,91181100;2,33268000;
202300045552.0;1;13;13203;2;3;1.0;3.0;43,31134000;5,37048000;
202300045553.0;1;82;82094;2;9;2.0;1.0;44,26185900;1,14654200;
202300045554.0;1;13;13214;2;1;1.0;1.0;43,34869846;5,37608206;
202300045555.0;2;82;82087;1;3;8.0;2.0;44,11874900;1,24847200;
202300045556.0;1;13;13212;2;1;1.0;1.0;43,30205000;5,47637000;
202300045557.0;1;65;65292;1;1;2.0;7.0;43,26666300; -0,12503900;
202300045558.0;1;10;10081;2;6;2.0;2.0;48,30500654;4,02689695;
202300045559.0;1;32;32301;1;1;1.0;7.0;43,66199100;0,46638800;
202300045560.0;1;10;10325;2;1;1.0;6.0;48,27086388;4,07393485;
202300045561.0;1;11;11418;1;2;1.0;3.0;43,23533900;2,03592500;
202300045562.0;1;10;10265;2;1;1.0;6.0;48,30491000;4,03828000;
202300045563.0;5;47;47051;2;6;2.0;3.0;44,17534600;0,68678200;
202300045564.0;1;07;07229;2;6;1.0;7.0;44,61264000;4,40823000;
202300045565.0;1;34;34194;2;1;1.0;3.0;43,53680900;3,45763000;
202300045566.0;1;06;06069;2;1;1.0;6.0;43,65580900;6,91813200;
202300045567.0;3;44;44064;1;1;3.0;7.0;47,11440100; -1,28270200;
202300045568.0;1;06;06069;2;1;1.0;2.0;43,63523000;6,95167000;
202300045569.0;3;02;02643;1;1;6.0;6.0;49,39648000;3,12724100;
202300045570.0;5;05;05061;2;1;1.0;3.0;44,56931000;6,08330000;
202300045571.0;1;26;26324;2;1;1.0;6.0;44,34578800;4,77247600;
202300045572.0;5;06;06012;2;1;1.0;7.0;43,73657480;7,40927550;
202300045573.0;3;02;02722;2;1;1.0;1.0;49,36882000;3,31654000;
202300045574.0;1;02;02243;2;1;1.0;6.0;49,40060000;3,36579000;
202300045575.0;5;45;45145;2;4;2.0;3.0;48,09484200;2,79007700;
202300045576.0;1;75;75113;2;4;1.0;2.0;48,81987400;2,37433500;
202300045577.0;1;21;21425;2;4;1.0;3.0;47,62150700;4,33692300;
202300045578.0;1;75;75119;2;1;1.0;2.0;48,90036800;2,37518700;
202300045579.0;1;85;85234;2;1;8.0;1.0;46,75620300; -1,99718400;
202300045580.0;5;75;75118;2;1;1.0;2.0;48,90067500;2,33309500;
202300045581.0;2;52;52250;2;1;1.0;2.0;48,44704500;5,15536700;
202300045582.0;2;84;84069;1;1;1.0;1.0;44,19512800;5,11799800;
202300045583.0;1;75;75113;2;1;1.0;4.0;48,81688000;2,34832600;
202300045584.0;2;973;97310;1;1;1.0;7.0;4,74079300; -52,32692600;
202300045585.0;5;38;38140;1;1;1.0;6.0;45,27209300;5,90094600;
202300045586.0;1;81;81074;2;1;7.0;3.0;43,92690700;2,22873500;
202300045587.0;1;49;49050;1;1;1.0;7.0;47,33033400; -0,48351600;
202300045588.0;1;75;75106;2;4;2.0;2.0;48,85110900;2,33072400;
202300045589.0;1;45;45103;1;1;1.0;6.0;48,09080800;2,52440900;
202300045590.0;1;28;28219;1;1;1.0;7.0;48,23129500;1,02373500;
202300045591.0;3;21;21423;1;1;3.0;6.0;46,98904300;4,85260400;
202300045592.0;1;75;75106;2;2;1.0;3.0;48,84808800;2,32793400;
202300045593.0;1;68;68175;1;1;1.0;1.0;48,15390800;7,17060400;
202300045594.0;5;75;75120;2;1;1.0;6.0;48,86318000;2,38729000;
202300045595.0;3;972;97226;1;1;1.0;3.0;14,46044100; -60,85961200;
202300045596.0;2;30;30169;1;9;2.0;5.0;43,79246800;4,30336700;
202300045597.0;5;75;75117;2;1;1.0;6.0;48,88718300;2,32092300;
202300045598.0;5;972;97229;2;1;1.0;6.0;14,63751700; -61,09780800;
202300045599.0;1;75;75117;2;2;1.0;3.0;48,89435900;2,31325200;
202300045600.0;3;01;01353;1;1;1.0;6.0;45,95986900;4,80069300;
202300045601.0;1;35;35200;1;1;1.0;3.0;47,95962600; -1,21263700;
202300045602.0;1;75;75114;2;7;1.0;3.0;48,82191200;2,32545400;
202300045603.0;1;35;35334;1;1;2.0;2.0;48,15923920; -1,59628183;
202300045604.0;5;75;75113;2;2;1.0;3.0;48,82641800;2,34179200;
202300045605.0;2;30;30334;2;3;1.0;3.0;44,01755500;4,41631100;
202300045606.0;2;75;75101;2;2;1.0;6.0;48,85772200;2,34777900;
202300045607.0;3;57;57163;1;1;1.0;6.0;48,67115400;7,21720200;
202300045608.0;1;94;94068;2;4;1.0;3.0;48,80552809;2,49549025;
202300045609.0;3;56;56117;2;6;1.0;2.0;47,89197100; -2,83339400;
202300045610.0;1;94;94052;2;5;1.0;3.0;48,83554000;2,47382000;
202300045611.0;1;56;56130;1;6;1.0;3.0;47,73928000; -3,22611800;
202300045612.0;2;94;94041;2;2;1.0;1.0;48,81578000;2,38304000;
202300045613.0;1;59;59135;2;1;1.0;7.0;50,80231500;2,47704500;
202300045614.0;1;79;79277;1;1;1.0;7.0;47,05024200; -0,21495200;
202300045615.0;1;94;94038;2;1;1.0;3.0;48,78147121;2,34248391;
202300045616.0;1;63;63222;1;1;1.0;6.0;45,55089166;3,17519235;
202300045617.0;3;55;55470;1;1;1.0;6.0;48,68988400;5,04341100;
202300045618.0;1;94;94033;2;3;1.0;3.0;48,84903000;2,46762000;
202300045619.0;1;46;46243;1;1;1.0;6.0;44,76736400;1,85458700;
202300045620.0;1;94;94011;2;1;3.0;3.0;48,77497000;2,48108000;
202300045621.0;1;94;94059;2;1;1.0;2.0;48,81422240;2,56621340;
202300045622.0;2;41;41214;1;1;1.0;2.0;47,93551100;1,20147300;
202300045623.0;1;94;94017;2;2;2.0;6.0;48,81244153;2,51086360;
202300045624.0;1;39;39326;1;1;1.0;1.0;46,59459900;5,66761500;
202300045625.0;3;25;25122;1;1;1.0;6.0;46,93847900;6,21865100;
202300045626.0;1;25;25036;1;1;1.0;6.0;47,19330000;5,96591900;
202300045627.0;1;93;93050;2;3;1.0;2.0;48,87353000;2,52967000;
202300045628.0;1;38;38140;1;1;1.0;2.0;45,27094900;5,89046000;
202300045629.0;1;03;03089;1;1;1.0;6.0;46,18728800;3,01737800;
202300045630.0;1;93;93029;2;1;8.0;6.0;48,92039991;2,45748938;
202300045631.0;1;58;58067;2;1;1.0;6.0;47,11094700;3,09628800;
202300045632.0;1;93;93010;2;1;1.0;6.0;48,90664000;2,48826000;
202300045633.0;4;54;54152;2;9;1.0;6.0;48,56347000;6,39042000;
202300045634.0;2;60;60509;2;1;3.0;6.0;49,30726300;2,59036500;
202300045635.0;1;93;93007;2;3;1.0;6.0;48,92959853;2,46719639;
202300045636.0;1;27;27467;1;1;1.0;3.0;49,34399300;0,49847800;
202300045637.0;1;92;92051;2;2;2.0;3.0;48,89056107;2,26511613;
202300045638.0;1;17;17024;1;1;1.0;7.0;46,03195900; -0,36806300;
202300045639.0;1;37;37226;2;6;8.0;3.0;47,10531000;0,61302400;
202300045640.0;1;92;92026;2;1;2.0;3.0;48,90143000;2,27802000;
202300045641.0;1;76;76657;1;1;1.0;6.0;49,48091000;0,33714300;
202300045642.0;3;33;33284;1;1;1.0;6.0;44,62648800; -0,88948500;
202300045643.0;1;75;75120;2;1;1.0;3.0;48,85073200;2,41094800;
202300045644.0;1;69;69268;1;3;1.0;3.0;45,65199100;4,75549200;
202300045645.0;1;75;75118;2;2;1.0;6.0;48,89554800;2,32828900;
202300045646.0;5;75;75117;2;7;1.0;7.0;48,87849200;2,28297600;
202300045647.0;1;75;75116;2;1;1.0;6.0;48,86910800;2,28401500;
202300045648.0;2;14;14555;1;1;3.0;4.0;49,30759535;0,29912145;
202300045649.0;5;75;75116;2;1;1.0;3.0;48,86698200;2,25037900;
202300045650.0;1;69;69064;2;1;1.0;6.0;45,45728200;4,75697800;
202300045651.0;1;75;75112;2;1;1.0;3.0;48,83450800;2,38086200;
202300045652.0;1;987;98714;1;1;1.0;4.0; -16,50378300; -151,74836100;
202300045653.0;5;75;75108;2;4;1.0;3.0;48,87423800;2,29969000;
202300045654.0;1;976;97608;2;3;1.0;3.0; -12,78201000;45,25713800;
202300045655.0;1;75;75108;2;7;1.0;3.0;48,87384700;2,29594500;
202300045656.0;5;971;97134;2;1;1.0;6.0;16,04964100; -61,73639100;
202300045657.0;1;94;94074;2;1;1.0;2.0;48,76404688;2,44212770;
202300045658.0;5;94;94037;2;2;1.0;3.0;48,81756000;2,35338000;
202300045659.0;2;91;91041;1;6;1.0;7.0;48,56347000;2,24460900;
202300045660.0;1;94;94021;2;1;1.0;6.0;48,76526650;2,33852425;
202300045661.0;1;84;84141;2;1;1.0;2.0;43,97299400;4,88847100;
202300045662.0;1;94;94054;2;2;1.0;3.0;48,75018400;2,41320200;
202300045663.0;1;94;94075;2;1;1.0;3.0;48,71950500;2,52098600;
202300045664.0;1;01;01269;1;1;1.0;6.0;46,15877400;5,58588800;
202300045665.0;1;52;52246;1;1;1.0;4.0;47,91173792;5,29095268;
202300045666.0;1;72;72215;2;3;1.0;1.0;48,37491000;0,25212800;
202300045667.0;5;93;93073;2;2;1.0;3.0;48,94356000;2,59078000;
202300045668.0;1;93;93053;2;2;1.0;3.0;48,89733000;2,47065000;
202300045669.0;1;14;14396;1;6;1.0;3.0;49,13422371; -0,41271022;
202300045670.0;2;67;67345;2;6;2.0;3.0;48,79213200;7,84623400;
202300045671.0;1;93;93031;2;3;1.0;6.0;48,95827000;2,32553000;
202300045672.0;1;09;09324;2;1;7.0;1.0;43,05143800;1,64411400;
202300045673.0;3;73;73007;1;1;1.0;6.0;45,57240800;6,26398800;
202300045674.0;5;93;93010;2;1;1.0;5.0;48,90729200;2,48029600;
202300045675.0;1;54;54111;2;3;1.0;3.0;48,62357665;6,08421564;
202300045676.0;1;43;43177;1;1;1.0;6.0;45,32052400;4,30044400;
202300045677.0;5;93;93057;2;1;1.0;6.0;48,90833191;2,49722096;
202300045678.0;1;93;93005;2;1;1.0;6.0;48,92939000;2,49760700;
202300045679.0;1;43;43199;1;1;1.0;1.0;45,08977800;4,20084400;
202300045680.0;1;44;44066;1;2;1.0;3.0;47,35468000; -1,59794300;
202300045681.0;1;92;92046;2;1;1.0;7.0;48,82196142;2,30867118;
202300045682.0;2;07;07296;2;1;1.0;7.0;44,56691300;4,39194300;
202300045683.0;3;38;38382;2;1;1.0;6.0;45,23127000;5,67734000;
202300045684.0;1;92;92051;2;1;1.0;1.0;48,88686100;2,27906900;
202300045685.0;1;85;85287;1;1;1.0;1.0;46,70410286; -0,88706820;
202300045686.0;1;26;26064;1;1;1.0;1.0;44,90367200;5,00100000;
202300045687.0;1;92;92012;2;1;1.0;4.0;48,83255258;2,24019438;
202300045688.0;1;27;27467;2;4;2.0;6.0;49,35044600;0,53026200;
202300045689.0;1;49;49063;1;1;1.0;6.0;47,34376600; -0,71054900;
202300045690.0;1;28;28291;1;1;1.0;7.0;48,35664800;1,78129800;
202300045691.0;2;01;01043;1;6;1.0;2.0;45,82187200;4,99186500;
202300045692.0;1;37;37074;2;2;1.0;1.0;47,24222512;0,16205746;
202300045693.0;3;25;25132;1;1;1.0;6.0;47,33741300;6,17665300;
202300045694.0;4;01;01386;2;3;1.0;6.0;45,88871600;5,36789400;
202300045695.0;1;95;95487;2;1;5.0;1.0;49,14717000;2,26029900;
202300045696.0;1;37;37223;1;2;1.0;3.0;47,50159800;0,25594200;
202300045697.0;1;17;17131;1;2;1.0;3.0;45,57925700; -0,79347300;
202300045698.0;1;69;69255;1;1;8.0;1.0;45,72398000;4,67226600;
202300045699.0;1;28;28018;1;1;1.0;7.0;48,20486100;0,90038500;
202300045700.0;1;37;37099;1;1;8.0;1.0;47,29580154;0,54113339;
202300045701.0;1;10;10381;1;1;1.0;1.0;48,28673400;3,95964900;
202300045702.0;1;85;85097;1;6;2.0;2.0;46,95163900; -1,07931000;
202300045703.0;1;67;67125;1;1;1.0;4.0;48,32997400;7,49767500;
202300045704.0;1;50;50025;2;1;1.0;7.0;48,67660300; -1,35685500;
202300045705.0;3;28;28392;1;1;1.0;6.0;48,22768700;1,84797800;
202300045706.0;5;972;97232;2;3;1.0;1.0;14,54580100; -60,84296600;
202300045707.0;1;83;83070;2;6;1.0;3.0;43,13666700;6,36604600;
202300045708.0;1;13;13051;1;1;1.0;3.0;43,58430216;5,20498481;
202300045709.0;1;14;14679;2;2;1.0;3.0;49,24278100; -0,74826100;
202300045710.0;3;22;22193;1;6;1.0;6.0;48,39858400; -2,43685800;
202300045711.0;1;987;98729;2;1;1.0;6.0; -17,57700000; -150,20200000;
202300045712.0;3;57;57757;1;3;1.0;3.0;49,33750100;6,17990600;
202300045713.0;1;60;60079;1;1;2.0;6.0;49,14759300;2,86806700;
202300045714.0;1;976;97615;2;2;7.0;3.0; -12,79632300;45,28118100;
202300045715.0;2;95;95352;1;1;5.0;3.0;49,10841517;2,43684193;
202300045716.0;1;83;83027;1;1;1.0;3.0;43,20292965;5,74040346;
202300045717.0;1;51;51434;1;1;1.0;3.0;49,01646400;4,10042200;
202300045718.0;3;57;57757;1;1;1.0;7.0;49,34518966;6,17730770;
202300045719.0;3;973;97304;1;1;1.0;4.0;5,15736800; -52,88106000;
202300045720.0;1;95;95527;1;6;1.0;4.0;48,99863800;2,50843400;
202300045721.0;1;79;79161;2;1;1.0;7.0;46,92326000; -0,22014000;
202300045722.0;3;971;97114;1;1;1.0;1.0;16,15845300; -61,58618500;
202300045723.0;1;94;94038;1;1;1.0;4.0;48,77892968;2,34679475;