Num_Acc;lum;departement;commune;agglomeration;intersection;meteo;type_collision;lat;long;date
202300045724.0;1;11;11293;1;1;1.0;2.0;43,11057100;2,26791500;
202300045725.0;1;91;91471;1;1;1.0;2.0;48,71199000;2,18395000;
202300045726.0;1;34;34302;2;2;1.0;3.0;43,31550300;2,65977000;
202300045727.0;1;63;63128;1;1;1.0;1.0;45,90585721;3,38973284;
202300045728.0;2;34;34075;2;1;1.0;7.0;43,32172400;2,71455100;
202300045729.0;3;83;83071;1;6;1.0;6.0;43,14655800;6,25637100;
202300045730.0;1;94;94016;1;1;1.0;2.0;48,79407352;2,34456235;
202300045731.0;1;75;75116;2;2;1.0;3.0;48,86506800;2,28651100;
202300045732.0;1;49;49336;1;2;1.0;1.0;47,04331100; -0,59193100;
202300045733.0;1;34;34031;2;1;1.0;3.0;43,35894300;3,42735500;
202300045734.0;1;92;92002;1;1;1.0;2.0;48,76284698;2,30411982;
202300045735.0;1;89;89442;1;1;1.0;2.0;48,08186100;3,12851300;
202300045736.0;1;75;75115;2;2;2.0;1.0;48,83999100;2,29036400;
202300045737.0;3;39;39025;1;1;1.0;6.0;46,55071500;5,39381500;
202300045738.0;3;94;94021;1;1;1.0;2.0;48,76371356;2,34190432;
202300045739.0;1;29;29217;2;1;1.0;6.0;47,85935614; -3,75590533;
202300045740.0;1;75;75112;2;1;1.0;3.0;48,84197300;2,39599800;
202300045741.0;1;63;63417;1;9;1.0;3.0;45,82101300;3,06483100;
202300045742.0;1;03;03287;1;1;1.0;6.0;46,41753500;3,16612200;
202300045743.0;1;92;92036;1;1;1.0;4.0;48,93488462;2,28273043;
202300045744.0;4;73;73040;2;1;1.0;7.0;45,32408006;7,00220838;
202300045745.0;1;75;75110;2;3;1.0;3.0;48,87595400;2,35949300;
202300045746.0;1;15;15127;1;1;1.0;1.0;45,22468700;3,11404500;
202300045747.0;3;38;38377;2;1;1.0;6.0;45,56942700;5,45891200;
202300045748.0;1;75;75101;2;3;2.0;6.0;48,86439300;2,33011600;
202300045749.0;1;92;92025;1;1;1.0;2.0;48,92201331;2,22672770;
202300045750.0;1;05;05056;1;1;7.0;3.0;44,63588000;6,13513500;
202300045751.0;1;69;69190;2;6;1.0;3.0;45,77120100;4,70295300;
202300045752.0;2;10;10255;1;1;1.0;7.0;48,20981286;4,28326249;
202300045753.0;3;94;94046;1;1;1.0;7.0;48,81292733;2,44895577;
202300045754.0;5;94;94081;2;1;8.0;3.0;48,79554000;2,39760000;
202300045755.0;1;86;86115;1;1;1.0;7.0;46,69137100;0,38909700;
202300045756.0;3;68;68252;1;1;1.0;3.0;48,14123400;7,36641900;
202300045757.0;5;94;94081;2;1;1.0;2.0;48,78202600;2,39437300;
202300045758.0;1;27;27229;2;2;1.0;6.0;49,02572000;1,15564000;
202300045759.0;1;83;83144;1;1;1.0;2.0;43,13601362;5,99302088;
202300045760.0;1;26;26057;1;1;1.0;6.0;45,02185500;5,06873100;
202300045761.0;1;94;94081;2;2;1.0;3.0;48,79911000;2,41149000;
202300045762.0;1;27;27229;2;1;1.0;6.0;49,00890244;1,16748914;
202300045763.0;1;987;98748;1;1;1.0;2.0; -17,81000000; -149,24300000;
202300045764.0;1;69;69290;1;1;1.0;4.0;45,71226274;4,96867931;
202300045765.0;1;94;94068;2;6;2.0;3.0;48,80225000;2,49211000;
202300045766.0;1;58;58051;2;1;1.0;7.0;46,95538100;3,14882800;
202300045767.0;3;66;66136;1;1;1.0;7.0;42,71169000;2,96783000;
202300045768.0;1;94;94046;2;1;8.0;2.0;48,80500000;2,43190000;
202300045769.0;1;57;57356;1;1;8.0;5.0;49,42875627;6,11290455;
202300045770.0;5;974;97411;2;1;1.0;6.0; -20,88576000;55,47595000;
202300045771.0;2;21;21138;1;3;1.0;3.0;47,20477700;5,32468400;
202300045772.0;1;974;97411;2;1;1.0;7.0; -20,89291000;55,45583000;
202300045773.0;3;59;59359;1;1;1.0;2.0;50,98800000;2,23534000;
202300045774.0;5;94;94041;2;1;1.0;6.0;48,80991512;2,37889811;
202300045775.0;3;973;97309;2;1;1.0;7.0;4,91873523; -52,30545142;
202300045776.0;3;94;94038;1;1;1.0;2.0;48,78352344;2,34631387;
202300045777.0;1;94;94073;2;1;2.0;2.0;48,75971200;2,39710200;
202300045778.0;1;67;67408;1;1;1.0;7.0;48,63093700;7,36320000;
202300045779.0;1;01;01032;2;6;1.0;6.0;45,85286100;5,12916400;
202300045780.0;5;93;93066;2;1;1.0;3.0;48,92584200;2,36457800;
202300045781.0;1;92;92036;1;1;1.0;4.0;48,93512928;2,28395155;
202300045782.0;1;973;97302;1;1;1.0;5.0;4,89866000; -52,32707000;
202300045783.0;1;69;69069;2;3;1.0;6.0;45,74734600;4,73630100;
202300045784.0;1;92;92036;1;1;1.0;3.0;48,93557379;2,26362781;
202300045785.0;1;93;93062;2;4;1.0;3.0;48,90110600;2,51643900;
202300045786.0;1;31;31161;1;1;7.0;2.0;43,47709000;1,51184900;
202300045787.0;1;69;69386;2;4;1.0;2.0;45,77484000;4,84262000;
202300045788.0;1;78;78490;1;1;1.0;3.0;48,80010200;1,96867600;
202300045789.0;2;93;93048;2;2;1.0;3.0;48,86478000;2,45323000;
202300045790.0;1;79;79184;1;1;1.0;7.0;46,34845700; -0,10665500;
202300045791.0;1;972;97209;1;1;1.0;2.0;14,61813000; -61,03577000;
202300045792.0;1;94;94017;1;1;1.0;5.0;48,82844169;2,50273164;
202300045793.0;1;93;93008;2;1;1.0;6.0;48,90722000;2,44984000;
202300045794.0;3;17;17064;1;1;1.0;1.0;45,70165700; -1,05144200;
202300045795.0;1;74;74012;2;2;1.0;3.0;46,19722000;6,25221000;
202300045796.0;5;92;92078;2;2;3.0;3.0;48,92974722;2,32603859;
202300045797.0;1;86;86095;1;1;7.0;4.0;46,71590200;0,41618100;
202300045798.0;1;90;90010;2;9;1.0;6.0;47,62798717;6,86190069;
202300045799.0;1;74;74118;2;1;1.0;6.0;46,18217000;6,22926000;
202300045800.0;5;92;92064;2;6;1.0;6.0;48,84616080;2,21997656;
202300045801.0;2;89;89024;2;1;2.0;6.0;47,79037000;3,56562000;
202300045802.0;1;72;72154;2;6;1.0;2.0;47,70401708; -0,09088397;
202300045803.0;1;74;74263;1;1;7.0;2.0;46,33546900;6,39767500;
202300045804.0;3;60;60141;1;6;9.0;6.0;49,16683679;2,50857140;
202300045805.0;1;92;92051;2;2;2.0;6.0;48,88904043;2,26660162;
202300045806.0;1;88;88415;1;1;1.0;3.0;48,04903150;6,59768432;
202300045807.0;1;74;74042;2;1;1.0;3.0;46,07295900;6,39956300;
202300045808.0;1;80;80002;1;1;1.0;2.0;49,83700000;2,82967200;
202300045809.0;1;92;92050;2;2;1.0;3.0;48,91009702;2,21505851;
202300045810.0;3;85;85194;1;9;1.0;7.0;46,52755000; -1,73552000;
202300045811.0;1;74;74220;2;1;1.0;1.0;46,15926000;6,24236900;
202300045812.0;3;59;59388;2;1;1.0;3.0;50,55226546;2,87128508;
202300045813.0;1;92;92044;2;1;1.0;6.0;48,89375526;2,28997260;
202300045814.0;3;74;74208;1;1;2.0;6.0;45,92363600;6,67060600;
202300045815.0;3;13;13202;1;1;1.0;1.0;43,32107736;5,36433220;
202300045816.0;1;92;92040;2;2;1.0;3.0;48,81481738;2,26464137;
202300045817.0;1;74;74123;2;2;1.0;1.0;45,75013600;6,28834000;
202300045818.0;3;01;01249;1;1;1.0;5.0;45,81492900;4,95717200;
202300045819.0;1;92;92036;2;3;1.0;3.0;48,92679264;2,31478482;
202300045820.0;2;74;74118;1;4;1.0;2.0;46,18373800;6,22611700;
202300045821.0;3;92;92019;1;1;1.0;2.0;48,76065450;2,28678614;
202300045822.0;2;92;92026;2;1;1.0;6.0;48,89670247;2,23664448;
202300045823.0;1;74;74123;1;6;1.0;3.0;45,75610100;6,27141200;
202300045824.0;3;91;91339;1;1;1.0;2.0;48,62614000;2,26099000;
202300045825.0;1;92;92024;2;1;1.0;6.0;48,91248000;2,31135000;
202300045826.0;1;77;77307;2;1;1.0;6.0;48,85533602;2,76856027;
202300045827.0;3;91;91286;1;1;1.0;2.0;48,65019000;2,38430000;
202300045828.0;1;92;92004;2;2;1.0;3.0;48,93090000;2,27544000;
202300045829.0;1;74;74195;1;1;1.0;3.0;46,01688100;5,94059900;
202300045830.0;1;76;76217;2;2;1.0;3.0;49,92225000;1,11636000;
202300045831.0;1;78;78640;1;1;1.0;5.0;48,78234400;2,22314200;
202300045832.0;1;974;97415;1;6;1.0;2.0; -20,95987625;55,29380277;
202300045833.0;3;92;92036;1;1;1.0;3.0;48,93623305;2,30081199;
202300045834.0;1;74;74090;1;2;1.0;3.0;46,08647800;6,31282600;
202300045835.0;1;76;76324;1;6;1.0;3.0;49,93129000;1,14242000;
202300045836.0;5;63;63307;2;2;1.0;3.0;45,74335900;3,09519400;
202300045837.0;1;92;92036;1;1;1.0;3.0;48,93617420;2,28927815;
202300045838.0;5;71;71306;2;1;1.0;3.0;46,67602000;4,36618000;
202300045839.0;1;74;74010;1;4;1.0;1.0;45,82966300;6,05941600;
202300045840.0;1;51;51094;1;9;1.0;2.0;48,74610100;4,69296500;
202300045841.0;1;95;95582;1;1;1.0;2.0;48,96644430;2,25627474;
202300045842.0;1;06;06149;2;1;1.0;6.0;43,74404200;7,31425000;
202300045843.0;1;74;74282;1;1;1.0;3.0;45,95716200;6,31086200;
202300045844.0;1;69;69266;2;3;1.0;3.0;45,76958000;4,87881000;
202300045845.0;1;92;92036;1;1;1.0;4.0;48,94230876;2,28959192;
202300045846.0;3;17;17442;1;1;1.0;1.0;45,61424800; -0,79408400;
202300045847.0;2;67;67482;2;1;1.0;6.0;48,53962000;7,76810000;
202300045848.0;1;74;74242;1;1;1.0;1.0;45,82894400;6,14210600;
202300045849.0;1;93;93005;1;1;1.0;3.0;48,96206000;2,46972000;
202300045850.0;5;18;18284;2;3;2.0;7.0;47,42678800;2,60476300;
202300045851.0;1;974;97409;2;1;1.0;2.0; -20,96282000;55,65837000;
202300045852.0;3;77;77337;1;9;1.0;6.0;48,83015000;2,61295000;
202300045853.0;1;42;42044;2;1;1.0;6.0;45,39994000;4,35246000;
202300045854.0;1;69;69034;2;1;1.0;2.0;45,78828749;4,82751088;
202300045855.0;3;64;64545;2;1;1.0;1.0;43,37556000; -1,68606000;
202300045856.0;1;69;69387;2;2;1.0;3.0;45,75242000;4,84440000;
202300045857.0;5;2B;2B033;2;1;3.0;7.0;42,70085000;9,45308000;
202300045858.0;2;81;81218;2;9;8.0;2.0;43,89298200;2,15319200;
202300045859.0;1;64;64102;2;1;1.0;6.0;43,49318000; -1,47936000;
202300045860.0;3;972;97209;1;1;2.0;2.0;14,61460000; -61,04910000;
202300045861.0;1;971;97107;2;3;1.0;3.0;16,04506592; -61,56746864;
202300045862.0;2;971;97113;1;1;1.0;6.0;16,22037000; -61,52007000;
202300045863.0;1;62;62400;2;2;1.0;3.0;50,47324500;2,57910300;
202300045864.0;1;95;95428;2;2;1.0;2.0;48,97288385;2,31026173;
202300045865.0;5;59;59043;2;1;2.0;6.0;50,72711769;2,75153384;
202300045866.0;5;81;81004;2;1;1.0;1.0;43,94542000;2,15118000;
202300045867.0;1;95;95014;1;2;1.0;3.0;49,01177000;2,30487000;
202300045868.0;5;78;78440;2;1;1.0;6.0;48,98724000;1,91236000;
202300045869.0;1;58;58194;2;2;1.0;3.0;46,99923000;3,15046000;
202300045870.0;1;91;91691;2;1;1.0;6.0;48,71015600;2,49918200;
202300045871.0;1;56;56121;2;1;1.0;3.0;47,75908000; -3,39150000;
202300045872.0;1;87;87085;2;1;1.0;6.0;45,82713000;1,26046000;
202300045873.0;1;45;45110;1;2;8.0;3.0;48,09350200;2,34922900;
202300045874.0;1;56;56098;2;3;1.0;3.0;47,77886000; -3,29572000;
202300045875.0;5;87;87085;2;3;1.0;2.0;45,84714000;1,26128000;
202300045876.0;5;974;97405;1;3;1.0;3.0; -21,36496000;55,54237700;
202300045877.0;5;76;76349;2;2;1.0;6.0;49,89782000;1,02997000;
202300045878.0;1;86;86066;1;1;1.0;7.0;46,80676200;0,59300900;
202300045879.0;1;54;54304;2;3;1.0;3.0;48,67989000;6,16222000;
202300045880.0;5;74;74008;2;1;1.0;3.0;46,19325000;6,22064000;
202300045881.0;1;974;97412;1;1;1.0;6.0; -21,36500000;55,62645100;
202300045882.0;2;83;83062;1;3;1.0;3.0;43,13506132;6,03449535;
202300045883.0;1;54;54483;2;1;1.0;3.0;48,63002000;6,30431000;
202300045884.0;1;69;69199;2;9;1.0;1.0;45,70946000;4,85522000;
202300045885.0;2;14;14342;1;1;3.0;6.0;49,30797100; -1,13381500;
202300045886.0;1;83;83129;2;6;1.0;3.0;43,09554400;5,84830500;
202300045887.0;4;64;64024;2;1;1.0;7.0;43,49483400; -1,52953200;
202300045888.0;1;81;81004;2;1;1.0;6.0;43,91893000;2,12253000;
202300045889.0;5;53;53034;2;3;1.0;3.0;48,07680000; -0,71868000;
202300045890.0;1;48;48005;1;1;1.0;2.0;44,57998400;3,24952800;
202300045891.0;5;64;64024;2;1;1.0;2.0;43,48083500; -1,51331100;
202300045892.0;1;51;51454;2;1;1.0;3.0;49,24258000;4,05122000;
202300045893.0;5;30;30060;2;1;1.0;6.0;43,79767300;4,38167800;
202300045894.0;1;72;72181;2;9;1.0;2.0;48,01566000;0,18623000;
202300045895.0;1;72;72181;2;9;1.0;6.0;48,00152000;0,19776000;
202300045896.0;3;44;44009;1;1;1.0;6.0;47,21867200; -1,45498000;
202300045897.0;1;51;51454;2;6;1.0;2.0;49,22711000;4,01465000;
202300045898.0;1;35;35051;1;3;1.0;3.0;48,09936000; -1,62072000;
202300045899.0;1;69;69266;2;1;1.0;6.0;45,75827000;4,87653000;
202300045900.0;3;51;51380;1;1;5.0;6.0;48,88354500;3,54798300;
202300045901.0;1;51;51454;2;9;1.0;1.0;49,24265000;4,03754000;
202300045902.0;1;35;35238;2;6;1.0;3.0;48,13401000; -1,69430000;
202300045903.0;1;67;67482;2;3;8.0;3.0;48,59599000;7,70789000;
202300045904.0;1;50;50129;2;1;1.0;6.0;49,66533000; -1,69338000;
202300045905.0;1;19;19208;1;1;1.0;1.0;45,32561353;2,11001356;
202300045906.0;2;67;67482;2;3;1.0;6.0;48,57020000;7,72750000;
202300045907.0;3;56;56199;1;1;2.0;6.0;48,10981000; -3,69730700;
202300045908.0;2;49;49007;2;1;1.0;7.0;47,47168000; -0,55934000;
202300045909.0;1;35;35281;1;1;1.0;4.0;48,09380000; -1,70908000;
202300045910.0;1;67;67462;1;1;8.0;3.0;48,28798000;7,45748000;
202300045911.0;5;2B;2B251;2;6;1.0;1.0;41,99941600;9,40313800;
202300045912.0;1;35;35278;1;1;1.0;6.0;48,17537764; -1,71745598;
202300045913.0;1;65;65286;1;1;1.0;6.0;43,07510293; -0,04050674;
202300045914.0;1;49;49007;2;2;1.0;6.0;47,46858000; -0,53255000;
202300045915.0;5;35;35238;2;3;1.0;6.0;48,10855000; -1,71194000;
202300045916.0;1;64;64260;2;1;1.0;3.0;43,37441000; -1,75798000;
202300045917.0;1;81;81227;2;1;1.0;3.0;43,66272100;2,28263600;
202300045918.0;1;49;49007;1;1;1.0;7.0;47,50444000; -0,56873000;
202300045919.0;1;62;62041;2;1;1.0;2.0;50,29619000;2,77037000;
202300045920.0;1;34;34172;1;3;1.0;6.0;43,61132000;3,82880000;
202300045921.0;1;63;63273;2;1;1.0;1.0;45,72956200;3,22482000;
202300045922.0;1;45;45232;2;6;1.0;1.0;47,85664000;1,89504000;
202300045923.0;5;31;31069;2;1;1.0;3.0;43,65233000;1,37490000;
202300045924.0;2;62;62041;2;6;1.0;3.0;50,28269972;2,80300695;
202300045925.0;3;49;49302;1;1;5.0;6.0;47,12018700; -0,27952400;
202300045926.0;5;28;28134;2;1;1.0;6.0;48,73000000;1,36000000;
202300045927.0;1;38;38185;1;1;8.0;4.0;45,16538000;5,70168000;
202300045928.0;1;60;60057;2;1;1.0;6.0;49,42729000;2,08870000;
202300045929.0;1;41;41016;1;9;2.0;3.0;47,28942600;1,53102600;
202300045930.0;5;26;26362;2;9;1.0;7.0;44,93548000;4,90953000;
202300045931.0;1;38;38053;2;1;1.0;3.0;45,59210000;5,27068000;
202300045932.0;1;54;54498;2;2;1.0;3.0;48,71378375;6,25075936;
202300045933.0;2;34;34194;2;2;1.0;3.0;43,54258000;3,46200800;
202300045934.0;1;13;13214;2;1;1.0;2.0;43,33096000;5,36901000;
202300045935.0;3;37;37195;2;1;1.0;6.0;47,39029000;0,65007000;
202300045936.0;1;50;50129;2;3;1.0;3.0;49,65706000; -1,67418000;
202300045937.0;5;13;13207;2;1;1.0;3.0;43,29282622;5,36849145;
202300045938.0;1;37;37261;2;1;1.0;2.0;47,37337000;0,69109000;
202300045939.0;1;49;49328;2;1;1.0;3.0;47,24205000; -0,07946000;
202300045940.0;1;13;13005;2;3;1.0;3.0;43,29243000;5,55576000;
202300045941.0;1;49;49007;2;1;1.0;6.0;47,46670000; -0,55433000;
202300045942.0;3;25;25103;1;1;5.0;3.0;47,16371000;5,94006800;
202300045943.0;1;37;37122;2;2;1.0;1.0;47,35372000;0,66953000;
202300045944.0;5;13;13001;2;9;1.0;2.0;43,52426362;5,37864335;
202300045945.0;1;47;47323;1;3;1.0;3.0;44,39610000;0,74670000;
202300045946.0;1;29;29168;1;1;2.0;6.0;48,03453389; -4,65344463;
202300045947.0;1;35;35238;2;6;1.0;3.0;48,09139000; -1,65868000;
202300045948.0;1;12;12145;2;1;1.0;1.0;44,10195000;3,08668000;
202300045949.0;1;47;47001;2;2;1.0;3.0;44,19911000;0,63630000;
202300045950.0;2;02;02023;1;1;1.0;1.0;49,17257400;3,37279500;
202300045951.0;3;12;12013;2;1;1.0;6.0;44,54281000;2,24507000;
202300045952.0;1;35;35278;2;1;1.0;4.0;48,15266200; -1,68622300;
202300045953.0;1;44;44109;2;1;7.0;6.0;47,21395000; -1,58593000;
202300045954.0;1;07;07102;2;1;1.0;6.0;44,93351000;4,88121000;
202300045955.0;1;35;35278;2;6;1.0;3.0;48,15047852; -1,68479472;
202300045956.0;1;02;02173;2;7;1.0;1.0;49,62058400;3,21519100;
202300045957.0;1;37;37261;2;1;1.0;3.0;47,38837000;0,67680000;
202300045958.0;5;93;93057;2;1;1.0;3.0;48,90868572;2,49947314;
202300045959.0;1;35;35238;2;1;1.0;3.0;48,09204000; -1,67759000;
202300045960.0;5;03;03254;2;6;1.0;3.0;46,30897700;3,29097700;
202300045961.0;1;37;37261;2;3;1.0;3.0;47,36702000;0,71072000;
202300045962.0;5;75;75116;2;4;8.0;7.0;48,87716914;2,27915615;
202300045963.0;1;35;35238;2;3;1.0;3.0;48,09758448; -1,65482506;
202300045964.0;5;75;75110;2;1;1.0;6.0;48,87425400;2,36576600;
202300045965.0;1;34;34301;2;2;1.0;5.0;43,39787000;3,66189000;
202300045966.0;1;33;33529;1;1;2.0;3.0;44,60145000; -1,17428000;
202300045967.0;1;14;14431;2;4;1.0;3.0;49,06520800; -0,10234500;
202300045968.0;5;34;34172;2;1;1.0;1.0;43,62630000;3,87656000;
202300045969.0;1;75;75112;2;4;1.0;3.0;48,82826771;2,39192694;
202300045970.0;1;31;31555;2;1;1.0;3.0;43,56974000;1,46726000;
202300045971.0;1;34;34172;2;1;1.0;3.0;43,59501000;3,84911000;
202300045972.0;1;29;29051;1;1;1.0;6.0;48,02707305; -3,96714898;
202300045973.0;5;75;75108;2;2;1.0;2.0;48,87487000;2,31996900;
202300045974.0;1;34;34172;2;1;1.0;6.0;43,62709000;3,87255000;
202300045975.0;1;64;64093;2;4;2.0;7.0;43,21649100; -0,78634900;
202300045976.0;1;29;29019;2;6;1.0;3.0;48,41333302; -4,50823009;
202300045977.0;5;94;94058;2;3;1.0;2.0;48,85097500;2,50424000;
202300045978.0;5;53;53147;2;1;1.0;6.0;48,30836000; -0,62361000;
202300045979.0;1;25;25056;2;9;1.0;3.0;47,21535000;5,95126000;
202300045980.0;1;33;33281;2;6;1.0;3.0;44,81608000; -0,68022000;
202300045981.0;1;94;94021;2;1;1.0;3.0;48,77226000;2,36737000;
202300045982.0;1;31;31555;2;1;1.0;6.0;43,60935000;1,44508000;
202300045983.0;1;85;85089;1;1;1.0;1.0;46,69704900; -1,35448600;
202300045984.0;1;22;22278;2;6;1.0;3.0;48,50871000; -2,77167000;
202300045985.0;1;93;93066;2;1;1.0;6.0;48,93811900;2,37076900;
202300045986.0;1;30;30284;2;1;1.0;6.0;44,15901400;4,08296600;
202300045987.0;1;31;31483;2;3;7.0;1.0;43,11191000;0,74358000;
202300045988.0;1;17;17415;2;3;1.0;4.0;45,75967000; -0,63655000;
202300045989.0;1;29;29232;1;1;7.0;2.0;47,97650000; -4,03168000;
202300045990.0;1;93;93066;2;3;1.0;5.0;48,92128446;2,36283179;
202300045991.0;2;31;31395;1;1;1.0;2.0;43,42280100;1,30263100;
202300045992.0;1;29;29039;2;1;1.0;6.0;47,88813000; -3,91896000;
202300045993.0;5;93;93031;2;1;1.0;6.0;48,95318000;2,32666000;
202300045994.0;1;15;15014;2;2;1.0;3.0;44,91228600;2,43808500;
202300045995.0;2;973;97309;2;1;1.0;6.0;4,91246800; -52,27144200;
202300045996.0;1;15;15012;1;1;1.0;7.0;44,89385000;2,45947000;
202300045997.0;1;93;93008;2;3;1.0;6.0;48,91032000;2,44259000;
202300045998.0;1;29;29019;2;3;1.0;3.0;48,40645147; -4,50168839;
202300045999.0;3;33;33284;1;1;1.0;1.0;44,62881984; -0,84302098;
202300046000.0;2;28;28134;2;6;1.0;6.0;48,73837000;1,39029000;
202300046001.0;1;14;14059;2;3;1.0;2.0;49,34883000;0,05081000;
202300046002.0;1;92;92072;2;4;1.0;6.0;48,82817000;2,22583000;
202300046003.0;3;11;11255;1;1;1.0;1.0;43,19001419;2,91127920;
202300046004.0;1;13;13204;2;1;1.0;6.0;43,31110000;5,40120000;
202300046005.0;1;28;28085;2;2;1.0;3.0;48,43740000;1,48024000;
202300046006.0;2;66;66196;1;1;1.0;6.0;42,54930000;2,95798300;
202300046007.0;1;92;92012;2;2;1.0;1.0;48,82890464;2,24631384;
202300046008.0;1;13;13063;2;9;1.0;3.0;43,58791000;4,99950000;
202300046009.0;1;24;24266;1;1;1.0;7.0;45,22319500;0,56921300;
202300046010.0;2;66;66008;2;9;1.0;2.0;42,56762800;3,00438000;
202300046011.0;1;22;22113;2;1;5.0;5.0;48,73029000; -3,46707000;
202300046012.0;2;91;91511;2;1;1.0;6.0;48,34889000;1,98910300;
202300046013.0;1;12;12145;2;1;1.0;1.0;44,09314000;3,07257000;
202300046014.0;3;13;13081;1;3;1.0;3.0;43,50920300;5,20595300;
202300046015.0;1;21;21054;1;3;1.0;2.0;47,01660200;4,87635600;
202300046016.0;1;974;97422;2;1;1.0;6.0; -21,28115200;55,50149700;
202300046017.0;1;10;10387;2;1;1.0;2.0;48,27170000;4,07880000;
202300046018.0;1;73;73139;1;1;7.0;1.0;45,65964488;6,17091134;
202300046019.0;1;974;97422;1;1;1.0;7.0; -21,24569700;55,49341300;
202300046020.0;1;06;06083;2;1;2.0;6.0;43,76977000;7,49269500;
202300046021.0;1;17;17461;2;6;1.0;3.0;45,64616000; -1,05075000;
202300046022.0;3;38;38449;1;1;5.0;1.0;45,62099400;5,07954600;
202300046023.0;1;06;06069;1;1;1.0;2.0;43,63430000;6,94600000;
202300046024.0;1;17;17461;2;1;1.0;2.0;45,64786000; -1,06040000;
202300046025.0;2;30;30315;1;1;1.0;5.0;43,94908000;4,69889800;
202300046026.0;3;44;44037;1;1;1.0;7.0;47,09983300; -1,42595400;
202300046027.0;1;06;06029;2;1;1.0;3.0;43,55021900;7,02374900;
202300046028.0;1;19;19073;1;1;1.0;6.0;45,43234400;2,00859900;
202300046029.0;2;35;35012;2;9;3.0;6.0;47,84811600; -1,69342900;
202300046030.0;3;82;82098;1;1;1.0;6.0;44,02047900;1,45316700;
202300046031.0;1;75;75120;2;1;1.0;2.0;48,85722400;2,41423400;
202300046032.0;1;14;14181;1;6;1.0;6.0;49,14700000; -0,31893000;
202300046033.0;3;11;11434;1;1;1.0;3.0;43,27472100;2,10248700;
202300046034.0;1;60;60141;2;1;1.0;2.0;49,18420300;2,45972500;
202300046035.0;1;75;75119;2;1;1.0;3.0;48,87482700;2,37400800;
202300046036.0;1;13;13201;2;1;1.0;3.0;43,29990000;5,38740000;
202300046037.0;1;80;80182;2;2;1.0;6.0;50,18543500;1,50342600;
202300046038.0;1;89;89069;2;1;1.0;2.0;48,02855200;3,73805500;
202300046039.0;1;75;75118;2;2;1.0;3.0;48,88836100;2,34957200;
202300046040.0;1;29;29048;1;1;1.0;7.0;48,13514900; -4,00170610;
202300046041.0;3;59;59255;1;1;1.0;2.0;50,25444800;3,18225100;
202300046042.0;1;38;38206;1;1;1.0;6.0;45,25290700;5,95959000;
202300046043.0;2;75;75117;2;2;1.0;6.0;48,88098200;2,30027500;
202300046044.0;1;13;13215;2;9;1.0;3.0;43,34532000;5,35460000;
202300046045.0;3;02;02306;2;1;1.0;6.0;49,73826200;3,55734900;
202300046046.0;3;94;94038;1;1;1.0;2.0;48,77431145;2,34553563;
202300046047.0;1;13;13002;2;1;1.0;2.0;43,33839232;5,46869697;
202300046048.0;1;75;75115;2;2;1.0;3.0;48,84111100;2,30369000;
202300046049.0;3;92;92036;1;1;1.0;3.0;48,93457005;2,26855543;
202300046050.0;2;75;75114;2;1;1.0;6.0;48,83168400;2,33868900;
202300046051.0;5;66;66106;2;1;1.0;6.0;42,49047800;2,80970510;
202300046052.0;1;75;75113;2;1;1.0;1.0;48,84227754;2,36853004;
202300046053.0;1;92;92064;1;9;1.0;6.0;48,83908200;2,21705493;
202300046054.0;5;13;13214;2;2;1.0;3.0;43,31897000;5,37918000;
202300046055.0;1;75;75113;2;3;2.0;3.0;48,83457200;2,35780000;
202300046056.0;1;78;78322;1;1;8.0;6.0;48,78143100;2,16744300;
202300046057.0;1;09;09318;1;1;1.0;6.0;42,75396100;1,77079400;
202300046058.0;1;13;13207;2;1;1.0;1.0;43,28573000;5,35089000;
202300046059.0;1;75;75112;2;2;1.0;3.0;48,84684500;2,36939500;
202300046060.0;1;78;78466;1;1;2.0;2.0;48,93226600;1,97619600;
202300046061.0;1;36;36221;1;1;1.0;3.0;46,64469733;2,08705942;
202300046062.0;1;04;04124;1;1;1.0;6.0;43,75708500;6,07852900;
202300046063.0;1;13;13005;2;1;1.0;2.0;43,29316192;5,56325331;
202300046064.0;1;75;75108;2;2;1.0;3.0;48,87519400;2,32383800;
202300046065.0;1;78;78117;1;1;2.0;4.0;48,78753000;2,14651800;
202300046066.0;1;37;37028;1;1;1.0;6.0;46,82717700;0,97850700;
202300046067.0;1;09;09225;2;2;1.0;3.0;43,10358000;1,63000000;
202300046068.0;2;94;94068;2;3;1.0;2.0;48,79795886;2,49504635;
202300046069.0;1;92;92025;1;1;2.0;2.0;48,93300320;2,25090697;
202300046070.0;1;88;88075;2;1;1.0;6.0;48,00649100;6,87903500;
202300046071.0;1;94;94042;2;5;8.0;3.0;48,82026000;2,46734000;
202300046072.0;1;987;98738;2;1;1.0;6.0; -17,61800000; -149,54900000;