Num_Acc;lum;departement;commune;agglomeration;intersection;meteo;type_collision;lat;long;date
202300046073.0;1;09;09122;2;3;1.0;2.0;42,98770900;1,61580900;
202300046074.0;3;77;77258;1;1;1.0;2.0;48,83202658;2,64943037;
202300046075.0;1;94;94042;2;1;1.0;3.0;48,81993200;2,46527600;
202300046076.0;1;07;07146;1;1;1.0;6.0;44,75379000;4,58040000;
202300046077.0;1;988;98805;2;1;1.0;6.0; -22,20338900;166,46925300;
202300046078.0;2;94;94017;1;1;1.0;3.0;48,82689610;2,51289950;
202300046079.0;1;94;94076;2;1;1.0;3.0;48,80613000;2,36356000;
202300046080.0;5;06;06088;2;1;1.0;6.0;43,68875000;7,20162000;
202300046081.0;1;13;13112;1;1;1.0;1.0;43,53305600;5,25913600;
202300046082.0;4;77;77363;1;1;8.0;3.0;48,91471160;2,63454857;
202300046083.0;1;94;94041;2;6;7.0;6.0;48,80525000;2,38939000;
202300046084.0;1;44;44154;1;1;1.0;4.0;47,26736926; -2,16147222;
202300046085.0;3;86;86116;1;1;1.0;2.0;46,49936100;0,09423200;
202300046086.0;1;94;94028;2;5;1.0;3.0;48,79362968;2,46090035;
202300046087.0;5;06;06069;2;3;1.0;3.0;43,64000000;6,94000000;
202300046088.0;1;19;19031;2;1;1.0;6.0;45,15204849;1,50363189;
202300046089.0;1;24;24026;2;1;1.0;6.0;45,18128100;0,90738100;
202300046090.0;1;94;94022;2;9;1.0;1.0;48,76889258;2,42065005;
202300046091.0;1;21;21405;1;1;1.0;6.0;46,93966295;4,82518816;
202300046092.0;1;03;03185;2;2;1.0;3.0;46,33568000;2,60461000;
202300046093.0;1;19;19031;2;1;1.0;3.0;45,15393000;1,51074000;
202300046094.0;3;971;97129;1;1;1.0;2.0;16,31756500; -61,68765300;
202300046095.0;5;93;93050;2;3;1.0;3.0;48,85797176;2,54080465;
202300046096.0;1;74;74012;2;1;1.0;3.0;46,18919000;6,24911000;
202300046097.0;1;83;83144;1;1;1.0;2.0;43,13355886;5,98528004;
202300046098.0;1;41;41206;2;3;1.0;1.0;47,62155330;1,37985700;
202300046099.0;1;93;93048;2;1;1.0;2.0;48,86010800;2,43906800;
202300046100.0;1;74;74026;1;1;1.0;3.0;45,96262100;6,03595700;
202300046101.0;1;75;75120;2;2;1.0;6.0;48,85269600;2,40612100;
202300046102.0;1;78;78062;1;1;1.0;1.0;48,84967600;1,85285900;
202300046103.0;5;93;93005;2;2;1.0;3.0;48,94789580;2,50147365;
202300046104.0;1;74;74010;1;1;7.0;5.0;45,90766100;6,09471900;
202300046105.0;1;13;13099;1;1;1.0;3.0;43,71010600;5,76915300;
202300046106.0;5;75;75120;2;2;1.0;3.0;48,86794800;2,40888100;
202300046107.0;4;73;73213;1;1;1.0;6.0;45,56704600;5,96478200;
202300046108.0;2;74;74010;2;1;1.0;1.0;45,88652100;6,14295200;
202300046109.0;1;26;26168;1;1;1.0;6.0;44,66921700;5,69826700;
202300046110.0;1;92;92044;2;2;1.0;3.0;48,89638000;2,29152000;
202300046111.0;1;74;74010;1;1;1.0;1.0;45,95867600;6,12905100;
202300046112.0;1;75;75119;2;1;1.0;5.0;48,89441600;2,37268400;
202300046113.0;5;69;69284;2;6;1.0;6.0;45,88213300;4,87348800;
202300046114.0;3;74;74160;1;1;1.0;7.0;45,87457800;6,41603700;
202300046115.0;1;92;92024;2;2;1.0;6.0;48,90359881;2,31736825;
202300046116.0;1;81;81236;1;1;1.0;6.0;43,68387918;1,75407748;
202300046117.0;1;75;75119;2;2;1.0;1.0;48,88656300;2,38463400;
202300046118.0;4;74;74050;1;1;1.0;6.0;46,22266900;6,43503800;
202300046119.0;1;92;92024;2;2;1.0;2.0;48,90357547;2,31755018;
202300046120.0;5;74;74010;2;1;1.0;6.0;45,90421000;6,12452000;
202300046121.0;5;75;75118;2;2;1.0;3.0;48,89125100;2,36328400;
202300046122.0;3;92;92032;2;1;1.0;6.0;48,78833000;2,30126000;
202300046123.0;3;74;74312;1;1;1.0;6.0;46,06842095;6,48170024;
202300046124.0;1;75;75118;2;1;1.0;6.0;48,89288400;2,32834700;
202300046125.0;1;31;31478;1;1;1.0;5.0;43,45005700;1,90391800;
202300046126.0;5;971;97113;1;1;1.0;7.0;16,20716424; -61,45617843;
202300046127.0;1;92;92012;2;1;1.0;1.0;48,83978000;2,23916000;
202300046128.0;4;60;60134;1;1;1.0;6.0;49,31683300;2,44171500;
202300046129.0;1;75;75117;2;3;1.0;6.0;48,87907500;2,29687100;
202300046130.0;1;74;74010;2;3;1.0;6.0;45,90404000;6,12883000;
202300046131.0;1;54;54250;1;1;1.0;1.0;48,65254600;6,34197600;
202300046132.0;2;80;80485;1;2;1.0;3.0;49,76763500;2,19088700;
202300046133.0;1;75;75117;2;2;1.0;3.0;48,88527300;2,30334900;
202300046134.0;3;34;34032;2;1;1.0;6.0;43,35338000;3,23591000;
202300046135.0;4;59;59055;2;1;1.0;6.0;50,09189400;3,58997300;
202300046136.0;1;13;13096;1;1;1.0;6.0;43,45971200;4,42392600;
202300046137.0;1;26;26139;1;1;1.0;1.0;45,07097500;5,07778600;
202300046138.0;1;75;75117;2;3;1.0;3.0;48,89061900;2,30311700;
202300046139.0;2;86;86182;1;1;1.0;6.0;46,90696800;0,31223100;
202300046140.0;1;988;98818;2;1;1.0;2.0; -22,23454000;166,48475000;
202300046141.0;1;13;13015;1;1;1.0;2.0;43,42963202;5,39817095;
202300046142.0;3;987;98735;2;9;1.0;7.0; -17,32500000; -149,34510000;
202300046143.0;2;06;06149;2;1;1.0;2.0;43,73322000;7,29469700;
202300046144.0;5;75;75117;2;2;1.0;3.0;48,89758800;2,32413100;
202300046145.0;1;13;13212;1;1;1.0;2.0;43,29190000;5,42446000;
202300046146.0;4;71;71417;2;1;1.0;6.0;46,61337100;4,66091800;
202300046147.0;5;987;98736;2;1;1.0;5.0; -17,55955332; -149,52198586;
202300046148.0;3;69;69005;1;1;2.0;6.0;45,92899000;4,74274000;
202300046149.0;1;75;75116;2;2;1.0;3.0;48,86891000;2,29149300;
202300046150.0;1;51;51592;1;1;1.0;7.0;49,10909300;3,73193000;
202300046151.0;1;976;97611;2;1;1.0;1.0; -12,77677000;45,22603000;
202300046152.0;1;91;91340;1;1;1.0;2.0;48,60053000;2,43930000;
202300046153.0;1;75;75115;2;3;1.0;7.0;48,83758900;2,31097500;
202300046154.0;1;91;91661;1;1;1.0;2.0;48,68926000;2,21995000;
202300046155.0;1;87;87038;1;1;1.0;6.0;45,91163000;1,23968500;
202300046156.0;1;974;97411;2;4;1.0;3.0; -20,89000000;55,46350000;
202300046157.0;2;75;75114;2;2;1.0;3.0;48,82080000;2,32104800;
202300046158.0;1;62;62180;1;1;1.0;6.0;50,41372700;2,38670500;
202300046159.0;1;973;97302;2;9;2.0;3.0;4,93667000; -52,29702000;
202300046160.0;1;92;92036;1;9;1.0;4.0;48,93640310;2,28946318;
202300046161.0;1;19;19035;1;1;1.0;6.0;45,30728800;1,33911100;
202300046162.0;1;75;75113;2;2;1.0;6.0;48,81913800;2,35950300;
202300046163.0;2;69;69388;2;3;1.0;6.0;45,73549000;4,87033000;
202300046164.0;1;75;75112;2;1;1.0;2.0;48,84232000;2,37181400;
202300046165.0;1;19;19025;1;1;1.0;7.0;45,41192579;1,29341483;
202300046166.0;2;75;75112;2;1;1.0;3.0;48,84749100;2,38114700;
202300046167.0;1;972;97213;1;1;1.0;5.0;14,62608000; -60,98946000;
202300046168.0;1;19;19012;1;1;1.0;3.0;44,95552100;1,83842900;
202300046169.0;1;78;78402;1;1;1.0;5.0;48,96410000;1,77518900;
202300046170.0;5;69;69385;2;1;1.0;6.0;45,75588000;4,78809000;
202300046171.0;2;75;75110;2;2;1.0;3.0;48,88423800;2,36462700;
202300046172.0;3;78;78217;1;1;1.0;2.0;48,96315500;1,83481900;
202300046173.0;2;69;69385;2;1;2.0;3.0;45,75486622;4,79630442;
202300046174.0;2;79;79278;1;2;1.0;3.0;46,59760500; -0,11542900;
202300046175.0;3;93;93066;1;1;1.0;6.0;48,92475000;2,34108000;
202300046176.0;1;75;75107;2;1;1.0;3.0;48,85503900;2,30662800;
202300046177.0;3;33;33506;1;1;1.0;6.0;44,68248219; -0,06283343;
202300046178.0;3;92;92036;1;1;1.0;2.0;48,93851705;2,30001759;
202300046179.0;1;69;69382;2;2;1.0;3.0;45,74376000;4,82474000;
202300046180.0;1;75;75107;2;3;1.0;3.0;48,84883900;2,31142700;
202300046181.0;3;92;92036;1;1;1.0;2.0;48,94355783;2,28738079;
202300046182.0;1;971;97101;2;1;1.0;2.0;16,26656956; -61,50910378;
202300046183.0;1;63;63055;1;1;2.0;3.0;45,84281900;2,79124100;
202300046184.0;1;75;75103;2;2;1.0;3.0;48,86469300;2,35972300;
202300046185.0;5;2A;2A004;2;1;3.0;6.0;41,92118000;8,73728000;
202300046186.0;1;13;13212;2;1;1.0;6.0;43,30626000;5,42003000;
202300046187.0;1;12;12244;2;1;1.0;2.0;44,04945000;2,89808400;
202300046188.0;1;94;94081;2;1;1.0;6.0;48,78478843;2,38771614;
202300046189.0;1;95;95197;1;1;3.0;6.0;48,96171189;2,32681096;
202300046190.0;1;39;39106;1;1;1.0;6.0;46,47467200;5,72354400;
202300046191.0;2;25;25547;2;2;2.0;3.0;47,51467000;6,83437000;
202300046192.0;2;94;94068;2;2;1.0;6.0;48,79344000;2,47866000;
202300046193.0;2;95;95176;2;1;1.0;3.0;48,95817900;2,19601600;
202300046194.0;1;25;25434;2;9;1.0;7.0;47,10118000;6,16120600;
202300046195.0;1;974;97416;2;2;1.0;1.0; -21,30075000;55,46019000;
202300046196.0;5;91;91216;2;1;3.0;3.0;48,66762000;2,33290000;
202300046197.0;1;94;94043;2;1;1.0;1.0;48,80901000;2,36624000;
202300046198.0;2;02;02358;1;1;1.0;6.0;49,94478800;3,51627800;
202300046199.0;1;974;97411;2;1;1.0;2.0; -20,89009000;55,46086000;
202300046200.0;1;94;94041;2;1;1.0;3.0;48,80479000;2,38730500;
202300046201.0;5;91;91161;2;3;1.0;3.0;48,71774000;2,30722000;
202300046202.0;1;72;72281;2;1;1.0;7.0;48,19954600;0,50148200;
202300046203.0;1;94;94028;2;9;1.0;6.0;48,77869000;2,45745000;
202300046204.0;1;69;69382;2;3;1.0;6.0;45,75723000;4,83691000;
202300046205.0;1;91;91201;2;9;2.0;3.0;48,69365000;2,41330000;
202300046206.0;1;94;94022;2;1;1.0;3.0;48,76463000;2,41633000;
202300046207.0;1;60;60509;2;1;1.0;5.0;49,31631700;2,60380300;
202300046208.0;1;971;97120;2;1;1.0;6.0;16,24251000; -61,53595000;
202300046209.0;5;91;91589;2;2;1.0;6.0;48,68460000;2,36709000;
202300046210.0;1;94;94017;2;1;1.0;6.0;48,81855000;2,51148000;
202300046211.0;2;971;97101;1;1;2.0;2.0;16,27507000; -61,50936000;
202300046212.0;1;60;60178;2;2;1.0;2.0;49,60655900;2,06975300;
202300046213.0;1;91;91687;2;3;2.0;3.0;48,65900000;2,36432000;
202300046214.0;1;2A;2A004;2;1;1.0;2.0;41,93448000;8,74552000;
202300046215.0;1;64;64274;1;1;3.0;7.0;43,17714100; -1,30145100;
202300046216.0;3;87;87085;1;1;1.0;6.0;45,89809000;1,29383000;
202300046217.0;1;94;94017;2;2;1.0;5.0;48,81880535;2,52029443;
202300046218.0;1;94;94071;2;3;1.0;2.0;48,76271700;2,51959600;
202300046219.0;1;91;91433;1;1;1.0;2.0;48,45847000;2,17753000;
202300046220.0;1;64;64297;1;1;3.0;4.0;43,18308700; -1,17555900;
202300046221.0;5;87;87085;2;2;1.0;3.0;45,82773000;1,25814000;
202300046222.0;5;87;87085;2;1;1.0;7.0;45,84543000;1,25557000;
202300046223.0;1;93;93050;2;1;1.0;2.0;48,86539200;2,56124100;
202300046224.0;1;85;85018;1;2;7.0;3.0;46,87816650; -2,05853100;
202300046225.0;1;83;83126;2;3;1.0;2.0;43,10239000;5,90158000;
202300046226.0;1;85;85234;2;1;1.0;3.0;46,77490149; -2,03743815;
202300046227.0;1;93;93032;2;3;1.0;3.0;48,88053474;2,56959357;
202300046228.0;2;74;74012;2;1;1.0;1.0;46,18775000;6,23593000;
202300046229.0;1;83;83129;2;1;1.0;6.0;43,09835000;5,82688000;
202300046230.0;1;93;93079;2;1;1.0;6.0;48,95592900;2,33875100;
202300046231.0;1;85;85051;1;1;1.0;1.0;46,67409392; -1,02567221;
202300046232.0;1;64;64102;2;1;1.0;2.0;43,48690000; -1,48670000;
202300046233.0;1;87;87187;2;1;1.0;7.0;45,50681300;1,20599600;
202300046234.0;3;79;79191;2;1;2.0;5.0;46,31146000; -0,42586000;
202300046235.0;1;93;93013;2;1;1.0;3.0;48,93604000;2,42709000;
202300046236.0;1;64;64024;2;1;1.0;2.0;43,48221000; -1,50740000;
202300046237.0;1;87;87103;2;3;1.0;3.0;46,00969600;1,17566000;
202300046238.0;1;64;64024;2;1;1.0;6.0;43,49334000; -1,50878000;
202300046239.0;1;93;93047;2;2;1.0;3.0;48,89433000;2,54959000;
202300046240.0;1;78;78650;2;2;1.0;3.0;48,89666000;2,11992000;
202300046241.0;1;68;68375;2;1;1.0;2.0;47,78775800;7,23312900;
202300046242.0;1;92;92036;2;3;1.0;3.0;48,93374411;2,31347367;
202300046243.0;5;59;59392;2;3;2.0;6.0;50,27153363;3,97045147;
202300046244.0;1;78;78621;1;3;1.0;3.0;48,76432800;2,00073500;
202300046245.0;1;05;05103;1;1;1.0;6.0;44,28352300;5,89942200;
202300046246.0;5;59;59560;2;1;1.0;3.0;50,54971000;3,02935000;
202300046247.0;5;77;77337;2;1;1.0;3.0;48,84102000;2,61385000;
202300046248.0;1;92;92024;2;3;1.0;7.0;48,90367135;2,31197700;
202300046249.0;1;01;01228;1;1;8.0;6.0;46,13292100;5,52213200;
202300046250.0;1;92;92004;2;9;1.0;7.0;48,90793700;2,29254400;
202300046251.0;1;54;54328;2;1;1.0;7.0;48,61417000;6,16203000;
202300046252.0;5;77;77449;2;1;3.0;6.0;48,85704000;2,78573000;
202300046253.0;1;34;34337;1;1;1.0;1.0;43,52485700;3,83781200;
202300046254.0;3;42;42187;2;6;1.0;6.0;46,04010000;4,06352000;
202300046255.0;1;92;92004;2;1;1.0;6.0;48,91617241;2,30461903;
202300046256.0;5;77;77131;2;1;2.0;6.0;48,81332000;3,07873000;
202300046257.0;1;971;97103;2;1;1.0;4.0;16,25197500; -61,58630800;
202300046258.0;2;92;92002;2;9;1.0;2.0;48,74214000;2,30271000;
202300046259.0;1;76;76351;2;1;2.0;7.0;49,49459000;0,13801000;
202300046260.0;5;42;42095;2;1;1.0;3.0;45,39319919;4,29535939;
202300046261.0;1;971;97124;2;3;1.0;3.0;16,01671200; -61,70820700;
202300046262.0;2;51;51455;1;1;1.0;3.0;48,72207000;4,66871700;
202300046263.0;2;70;70550;2;3;2.0;6.0;47,61824000;6,15408800;
202300046264.0;3;38;38158;1;1;1.0;2.0;45,15307000;5,74154000;
202300046265.0;1;77;77171;2;1;1.0;7.0;48,89639100;2,81055300;
202300046266.0;1;41;41150;2;1;1.0;2.0;47,56255100;1,44170300;
202300046267.0;1;77;77529;1;1;1.0;6.0;48,82227900;2,87596900;
202300046268.0;1;37;37261;2;3;8.0;6.0;47,37692000;0,71358000;
202300046269.0;5;67;67482;2;1;8.0;2.0;48,57296000;7,78798000;
202300046270.0;1;13;13094;1;1;1.0;7.0;43,81341100;4,75156500;
202300046271.0;2;17;17142;2;3;1.0;3.0;46,19020000; -1,07173600;
202300046272.0;1;35;35238;2;1;1.0;6.0;48,08674387; -1,67604402;
202300046273.0;2;66;66136;2;3;1.0;6.0;42,70528000;2,89464000;
202300046274.0;2;34;34301;2;9;5.0;3.0;43,41082000;3,67701600;
202300046275.0;1;67;67529;1;1;1.0;4.0;48,70755495;7,84915646;
202300046276.0;1;26;26009;2;1;1.0;2.0;45,26008500;4,82321400;
202300046277.0;5;64;64545;1;9;2.0;1.0;43,37559000; -1,67756000;
202300046278.0;1;42;42320;1;1;1.0;6.0;45,55232000;4,52186600;
202300046279.0;5;33;33249;2;1;1.0;5.0;44,86556000; -0,51482000;
202300046280.0;1;79;79042;1;1;1.0;7.0;46,37765400; -0,07959000;
202300046281.0;1;62;62230;2;1;1.0;2.0;50,74189321;1,82153986;
202300046282.0;3;86;86115;2;1;1.0;7.0;46,68413000;0,35547000;
202300046283.0;1;31;31555;1;1;1.0;2.0;43,60896000;1,41199000;
202300046284.0;5;64;64284;2;1;1.0;4.0;43,26935000; -0,38916000;
202300046285.0;1;50;50041;1;1;1.0;6.0;49,66193300; -1,86906000;
202300046286.0;1;2B;2B299;1;1;1.0;6.0;42,42777300;9,42760000;
202300046287.0;5;30;30028;2;1;1.0;5.0;44,15597449;4,63786161;
202300046288.0;1;35;35228;1;4;1.0;3.0;48,58844600; -2,11843000;
202300046289.0;5;64;64445;2;1;1.0;3.0;43,31101000; -0,36322000;
202300046290.0;1;35;35001;2;1;1.0;3.0;48,13600700; -1,54144700;
202300046291.0;1;29;29039;2;2;1.0;1.0;47,87424000; -3,90526000;
202300046292.0;1;64;64445;2;6;8.0;2.0;43,33005000; -0,35525000;
202300046293.0;1;27;27022;2;1;1.0;3.0;49,16992000;1,34937600;
202300046294.0;3;19;19275;1;1;1.0;5.0;45,56418410;2,29991913;
202300046295.0;1;64;64129;2;3;2.0;3.0;43,30559000; -0,40112000;
202300046296.0;1;02;02381;2;4;1.0;3.0;49,92196800;4,08318600;
202300046297.0;5;18;18279;2;1;1.0;6.0;47,22453000;2,06555000;
202300046298.0;3;62;62250;2;1;1.0;6.0;50,44791881;2,94403142;
202300046299.0;1;13;13022;1;1;1.0;2.0;43,21880000;5,58140000;
202300046300.0;1;62;62510;1;1;1.0;6.0;50,42288000;2,77694000;
202300046301.0;2;71;71133;2;1;1.0;3.0;46,28568300;4,29889400;
202300046302.0;1;13;13214;1;1;1.0;2.0;43,33784190;5,37676383;
202300046303.0;5;62;62464;1;1;8.0;6.0;50,48710283;2,80118369;
202300046304.0;3;71;71324;1;1;1.0;7.0;46,74629400;4,66176000;
202300046305.0;1;83;83144;1;1;1.0;2.0;43,13301051;5,98331823;
202300046306.0;1;49;49331;2;1;1.0;6.0;47,69843000; -0,96069800;
202300046307.0;1;61;61001;2;6;2.0;3.0;48,42555000;0,06310000;
202300046308.0;1;92;92002;1;1;1.0;3.0;48,76265903;2,30300964;
202300046309.0;1;12;12307;1;1;1.0;6.0;44,18629700;2,83812000;
202300046310.0;4;91;91340;1;1;1.0;7.0;48,60938000;2,43948000;
202300046311.0;1;61;61001;2;6;2.0;3.0;48,44443000;0,09915000;
202300046312.0;1;68;68067;1;1;1.0;7.0;47,46054300;7,20971900;
202300046313.0;4;59;59350;2;1;8.0;6.0;50,63342468;2,98894364;
202300046314.0;1;92;92036;1;1;1.0;4.0;48,93699329;2,29326176;
202300046315.0;1;93;93005;1;1;1.0;3.0;48,96072159;2,46789896;
202300046316.0;1;57;57672;2;1;1.0;6.0;49,36512000;6,16853000;
202300046317.0;1;93;93010;1;1;1.0;3.0;48,90396716;2,47131617;
202300046318.0;5;93;93007;1;1;1.0;7.0;48,94801000;2,44503000;
202300046319.0;1;54;54395;2;1;1.0;2.0;48,67276483;6,16495013;
202300046320.0;1;94;94052;1;1;1.0;2.0;48,84027522;2,49328165;
202300046321.0;2;94;94069;1;1;1.0;6.0;48,81737184;2,43495080;
202300046322.0;5;54;54099;2;6;2.0;1.0;49,24954300;5,95362500;
202300046323.0;1;13;13039;1;6;1.0;2.0;43,46197000;4,91996000;
202300046324.0;1;91;91286;1;1;1.0;4.0;48,65588000;2,37832000;
202300046325.0;5;51;51454;2;3;2.0;3.0;49,27847800;4,03191900;
202300046326.0;1;974;97416;1;1;1.0;2.0; -21,30658000;55,43011000;
202300046327.0;5;50;50129;2;1;4.0;2.0;49,65749000; -1,65929000;
202300046328.0;1;974;97411;2;1;1.0;7.0; -20,90179000;55,50531000;
202300046329.0;1;49;49007;2;3;1.0;1.0;47,44903000; -0,54414000;
202300046330.0;2;78;78537;1;1;1.0;3.0;48,55525800;1,93475200;
202300046331.0;5;974;97411;2;2;2.0;3.0; -20,88229000;55,45271000;
202300046332.0;5;49;49007;2;1;2.0;4.0;47,49046000; -0,53282000;
202300046333.0;3;973;97304;1;1;1.0;7.0;5,14926672; -52,70283222;
202300046334.0;1;49;49007;2;1;2.0;7.0;47,46328000; -0,55203000;
202300046335.0;1;973;97304;1;1;1.0;2.0;5,03017800; -52,63232800;
202300046336.0;1;973;97302;2;3;1.0;3.0;4,91151000; -52,32145000;
202300046337.0;1;49;49015;2;6;3.0;3.0;47,49680000; -0,59164000;
202300046338.0;3;971;97125;1;1;1.0;3.0;16,25677500; -61,31655300;
202300046339.0;1;973;97302;2;3;1.0;1.0;4,92000253; -52,31550246;
202300046340.0;1;49;49007;2;1;2.0;1.0;47,47115000; -0,60222000;
202300046341.0;1;69;69386;2;3;2.0;6.0;45,76385000;4,86788000;
202300046342.0;3;45;45257;1;1;1.0;6.0;47,87701600;2,73701200;
202300046343.0;1;47;47001;2;3;1.0;3.0;44,20715000;0,61147000;
202300046344.0;5;41;41018;2;1;2.0;3.0;47,60461000;1,32515000;
202300046345.0;5;972;97213;1;1;2.0;2.0;14,61477000; -61,01255000;
202300046346.0;1;39;39198;2;6;7.0;3.0;47,07317600;5,49725000;
202300046347.0;1;66;66065;1;9;1.0;3.0;42,59961400;2,96323500;
202300046348.0;1;37;37233;2;1;1.0;1.0;47,38114000;0,75052000;
202300046349.0;1;83;83053;1;4;1.0;3.0;43,16508900;5,82949200;
202300046350.0;1;37;37214;2;3;2.0;1.0;47,41514000;0,67557000;
202300046351.0;1;13;13097;1;1;1.0;2.0;43,63857000;4,84607300;
202300046352.0;1;71;71235;2;1;1.0;6.0;46,35034900;4,80206100;
202300046353.0;5;35;35238;2;3;2.0;3.0;48,12141000; -1,70074000;
202300046354.0;3;08;08226;1;1;1.0;3.0;50,09558300;4,73435600;
202300046355.0;1;35;35051;1;3;2.0;1.0;48,14500000; -1,60700000;
202300046356.0;1;34;34172;2;1;2.0;3.0;43,61692200;3,84217700;
202300046357.0;4;67;67525;2;1;1.0;7.0;48,60517200;7,43638400;
202300046358.0;1;34;34032;2;1;1.0;6.0;43,34806000;3,24807000;
202300046359.0;2;07;07169;1;3;1.0;3.0;45,17105900;4,80503300;
202300046360.0;1;33;33063;2;8;2.0;3.0;44,86475000; -0,54943000;
202300046361.0;2;69;69071;1;1;1.0;3.0;45,86587500;4,81391100;
202300046362.0;1;31;31466;1;1;1.0;6.0;43,51506200;1,15109700;
202300046363.0;5;33;33063;2;1;2.0;3.0;44,84854000; -0,59829000;
202300046364.0;1;31;31417;2;1;1.0;1.0;43,62280100;1,28580900;
202300046365.0;1;33;33063;2;1;2.0;3.0;44,85970000; -0,54002000;
202300046366.0;1;33;33233;2;1;1.0;6.0;45,10670300; -0,34489200;
202300046367.0;5;33;33249;2;1;1.0;3.0;44,88460000; -0,51781000;
202300046368.0;1;33;33019;2;1;1.0;3.0;44,69070244; -1,02094263;
202300046369.0;3;29;29019;1;1;1.0;2.0;48,43308600; -4,49681300;
202300046370.0;1;49;49260;1;1;1.0;6.0;47,04622100; -1,03547200;
202300046371.0;2;27;27528;2;1;1.0;6.0;49,26030000;1,20294000;
202300046372.0;1;27;27235;2;2;1.0;3.0;49,01286100;0,92819500;
202300046373.0;1;27;27229;2;1;2.0;6.0;49,00800000;1,16366000;
202300046374.0;1;60;60116;1;1;8.0;7.0;49,31016900;2,35110600;
202300046375.0;1;26;26362;2;1;1.0;6.0;44,92227000;4,90648000;
202300046376.0;1;80;80110;1;1;1.0;2.0;50,17494000;1,68379400;
202300046377.0;5;25;25547;2;1;4.0;6.0;47,51500000;6,83192000;
202300046378.0;5;24;24037;2;1;3.0;1.0;44,85285000;0,48667000;
202300046379.0;1;13;13088;1;1;1.0;1.0;43,38023736;5,21936543;
202300046380.0;1;23;23096;2;9;1.0;6.0;46,17131700;1,88389100;
202300046381.0;3;92;92036;1;1;8.0;2.0;48,93417121;2,27149149;
202300046382.0;1;15;15014;1;1;2.0;6.0;44,92641700;2,42461500;
202300046383.0;1;13;13001;1;1;1.0;4.0;43,50110000;5,40720000;
202300046384.0;3;94;94028;1;1;2.0;4.0;48,77608496;2,42954952;
202300046385.0;1;83;83137;2;9;1.0;6.0;43,12479622;5,96847606;
202300046386.0;1;14;14366;2;3;2.0;3.0;49,13165377;0,23557962;
202300046387.0;1;94;94017;1;1;2.0;6.0;48,82940031;2,48394864;
202300046388.0;1;69;69259;1;1;1.0;2.0;45,71750000;4,86318000;
202300046389.0;2;94;94022;1;1;1.0;2.0;48,77667160;2,41970908;
202300046390.0;1;13;13215;2;3;1.0;5.0;43,37885000;5,35701000;
202300046391.0;1;13;13203;2;1;1.0;6.0;43,31008220;5,37619115;
202300046392.0;1;33;33063;1;1;1.0;4.0;44,88295827; -0,55273354;
202300046393.0;5;75;75111;2;2;1.0;3.0;48,85512500;2,38709100;
202300046394.0;1;13;13214;2;3;2.0;3.0;43,32902000;5,38547000;
202300046395.0;1;75;75110;2;3;2.0;7.0;48,87926600;2,36290300;
202300046396.0;1;13;13028;2;1;1.0;2.0;43,17737000;5,60926000;
202300046397.0;1;91;91468;1;1;1.0;5.0;48,57379000;2,46707000;
202300046398.0;5;94;94011;2;1;8.0;6.0;48,75866000;2,48586000;
202300046399.0;1;13;13001;2;3;1.0;3.0;43,52541000;5,44442000;
202300046400.0;3;91;91432;1;1;1.0;2.0;48,69133000;2,32248000;
202300046401.0;5;94;94017;2;1;1.0;3.0;48,82035000;2,51107100;
202300046402.0;5;11;11069;1;1;2.0;2.0;43,21787000;2,38227000;
202300046403.0;1;75;75113;1;1;1.0;4.0;48,81640900;2,35898100;
202300046404.0;3;11;11069;1;1;2.0;6.0;43,19314000;2,34014000;
202300046405.0;5;93;93072;2;3;2.0;2.0;48,94861739;2,38074213;
202300046406.0;1;92;92051;1;1;1.0;7.0;48,88543869;2,25809907;
202300046407.0;5;10;10387;2;2;2.0;2.0;48,27410000;4,08030000;
202300046408.0;1;93;93066;2;1;2.0;3.0;48,94036000;2,36781000;
202300046409.0;4;93;93048;1;1;1.0;3.0;48,87300800;2,43528390;
202300046410.0;5;93;93064;2;1;3.0;6.0;48,86624000;2,48712600;
202300046411.0;1;92;92036;1;1;1.0;2.0;48,94173674;2,29060453;
202300046412.0;3;07;07231;1;1;8.0;5.0;44,59052000;4,39388000;
202300046413.0;5;93;93077;2;3;2.0;6.0;48,89807000;2,50154000;
202300046414.0;1;06;06123;2;9;1.0;3.0;43,69700000;7,18400000;
202300046415.0;3;92;92036;1;1;1.0;3.0;48,94364712;2,28775617;
202300046416.0;1;04;04112;2;1;1.0;3.0;43,81992000;5,78684000;
202300046417.0;5;93;93055;2;1;2.0;6.0;48,89438060;2,39892450;
202300046418.0;1;95;95500;1;1;1.0;2.0;49,03653000;2,09420000;
202300046419.0;1;93;93051;2;3;3.0;6.0;48,82934900;2,57078200;
202300046420.0;1;04;04112;2;1;2.0;5.0;43,82413000;5,79747000;
202300046421.0;3;95;95241;1;1;1.0;6.0;49,04605000;2,44253000;