Num_Acc;lum;departement;commune;agglomeration;intersection;meteo;type_collision;lat;long;date
202300046422.0;1;92;92064;2;1;2.0;3.0;48,85247000;2,21270000;
202300046423.0;5;01;01053;2;1;2.0;2.0;46,20147000;5,24935000;
202300046424.0;1;93;93010;1;1;1.0;5.0;48,91231784;2,47626871;
202300046425.0;1;75;75101;2;1;1.0;6.0;48,86005000;2,34041300;
202300046426.0;5;92;92025;2;2;2.0;6.0;48,91466700;2,22915200;
202300046427.0;1;95;95527;1;1;1.0;6.0;48,99426600;2,51522800;
202300046428.0;5;75;75106;2;2;1.0;6.0;48,84206600;2,32953350;
202300046429.0;5;92;92004;2;2;1.0;3.0;48,90501000;2,28777000;
202300046430.0;5;75;75118;2;9;2.0;6.0;48,89423000;2,35288300;
202300046431.0;1;95;95604;1;1;1.0;4.0;49,12341444;2,55676911;
202300046432.0;5;92;92002;2;6;2.0;6.0;48,75207362;2,30779034;
202300046433.0;5;75;75117;2;1;3.0;6.0;48,89143100;2,30226400;
202300046434.0;1;52;52017;1;1;1.0;6.0;47,92903716;5,03947596;
202300046435.0;5;93;93007;1;9;1.0;2.0;48,95063490;2,44928777;
202300046436.0;5;75;75116;2;2;3.0;3.0;48,87729868;2,27912199;
202300046437.0;2;22;22172;2;2;8.0;1.0;48,51673900; -2,22219900;
202300046438.0;1;75;75113;2;2;2.0;7.0;48,82154300;2,36937100;
202300046439.0;1;77;77514;1;1;1.0;4.0;48,94065417;2,62841122;
202300046440.0;5;75;75112;2;1;2.0;6.0;48,84389200;2,37321700;
202300046441.0;1;68;68112;2;2;1.0;6.0;47,90247700;7,22917000;
202300046442.0;3;77;77514;1;1;1.0;2.0;48,94065417;2,62841122;
202300046443.0;5;74;74173;2;1;2.0;6.0;45,85566300;6,60727900;
202300046444.0;3;67;67073;1;3;2.0;1.0;48,30008900;7,35554000;
202300046445.0;1;74;74188;1;1;1.0;1.0;46,21575056;6,76023787;
202300046446.0;1;57;57111;1;1;2.0;7.0;49,19396200;6,09314500;
202300046447.0;1;74;74238;2;1;1.0;3.0;46,23006000;6,65817900;
202300046448.0;1;76;76167;1;1;1.0;7.0;49,61244800;0,16955900;
202300046449.0;1;74;74296;1;1;7.0;7.0;46,08431600;6,04371400;
202300046450.0;1;74;74063;2;1;1.0;6.0;46,25937400;6,84081900;
202300046451.0;1;38;38337;1;1;1.0;5.0;45,34718400;5,51194000;
202300046452.0;1;74;74302;1;1;1.0;7.0;45,91955700;6,38526700;
202300046453.0;1;36;36239;1;1;1.0;6.0;46,47868469;1,49931365;
202300046454.0;1;73;73065;2;1;1.0;7.0;45,56740104;5,90346591;
202300046455.0;2;974;97416;2;3;1.0;3.0; -21,33509000;55,46476000;
202300046456.0;3;37;37047;1;1;1.0;2.0;47,49311698;0,66049397;
202300046457.0;1;974;97411;2;1;8.0;6.0; -20,89193000;55,45276000;
202300046458.0;3;83;83031;1;1;2.0;6.0;43,40115800;6,35904600;
202300046459.0;1;973;97302;2;6;1.0;3.0;4,93164130; -52,32991397;
202300046460.0;5;973;97302;2;1;1.0;1.0;4,90881000; -52,32178000;
202300046461.0;1;51;51617;1;1;2.0;7.0;49,05762800;4,33711100;
202300046462.0;1;69;69383;2;3;1.0;3.0;45,74995000;4,86070000;
202300046463.0;5;32;32032;2;1;2.0;1.0;43,57904600;0,25133400;
202300046464.0;1;972;97209;2;2;1.0;3.0;14,63281000; -61,06780000;
202300046465.0;5;69;69381;2;7;1.0;7.0;45,76783000;4,83131000;
202300046466.0;3;89;89469;1;1;2.0;7.0;48,36744300;3,36459800;
202300046467.0;5;69;69382;2;1;1.0;2.0;45,75191000;4,83283000;
202300046468.0;3;49;49307;1;1;8.0;2.0;47,41332800; -0,31184400;
202300046469.0;1;2B;2B037;1;1;1.0;3.0;42,62884000;9,46712000;
202300046470.0;1;91;91657;2;1;1.0;3.0;48,72100700;2,44106100;
202300046471.0;5;68;68201;2;1;3.0;6.0;47,77627300;7,00015100;
202300046472.0;1;91;91201;2;2;1.0;7.0;48,68120000;2,42820000;
202300046473.0;1;88;88160;2;1;1.0;3.0;48,18785000;6,44550000;
202300046474.0;1;82;82121;2;1;1.0;3.0;44,01452900;1,34406800;
202300046475.0;3;38;38004;1;1;1.0;6.0;45,21318500;5,47312300;
202300046476.0;3;06;06151;1;1;1.0;1.0;43,88921000;7,18866300;
202300046477.0;5;77;77438;2;1;1.0;2.0;48,85316000;2,66537000;
202300046478.0;1;06;06127;1;1;1.0;1.0;44,04389000;7,28309900;
202300046479.0;5;77;77058;2;3;1.0;5.0;48,83759400;2,70785700;
202300046480.0;1;71;71486;1;1;1.0;7.0;46,64150000;4,33380000;
202300046481.0;5;14;14738;2;6;1.0;1.0;49,15240700; -0,46258000;
202300046482.0;5;69;69275;2;3;1.0;2.0;45,74747001;4,93333551;
202300046483.0;1;90;90090;1;9;1.0;6.0;47,47071600;6,96235700;
202300046484.0;2;60;60277;1;1;3.0;2.0;49,42840400;2,04506100;
202300046485.0;5;69;69259;2;2;1.0;3.0;45,69183000;4,90056000;
202300046486.0;1;69;69290;2;1;1.0;3.0;45,69273000;4,91124000;
202300046487.0;3;40;40046;1;1;1.0;3.0;44,42294600; -1,14250300;
202300046488.0;5;85;85096;2;1;1.0;6.0;46,88956600; -1,83472700;
202300046489.0;1;69;69271;2;1;1.0;5.0;45,72821000;4,96119000;
202300046490.0;1;52;52095;1;1;3.0;7.0;48,21487200;5,48997800;
202300046491.0;1;988;98805;2;2;1.0;3.0; -22,19562500;166,44598800;
202300046492.0;1;01;01181;1;1;4.0;6.0;46,23396400;5,61805600;
202300046493.0;1;67;67482;2;1;1.0;4.0;48,58476000;7,69360000;
202300046494.0;1;67;67460;1;1;1.0;2.0;48,76960500;7,60202400;
202300046495.0;5;67;67482;2;1;1.0;3.0;48,56124000;7,80081000;
202300046496.0;1;45;45089;2;1;1.0;1.0;47,90213500;2,03309300;
202300046497.0;1;93;93059;2;1;1.0;6.0;48,96474000;2,37289000;
202300046498.0;1;61;61001;2;1;1.0;6.0;48,43550000;0,09672000;
202300046499.0;3;77;77145;1;2;2.0;3.0;48,59181000;2,72579000;
202300046500.0;1;59;59350;2;3;1.0;6.0;50,64046000;3,07645000;
202300046501.0;5;93;93070;2;3;1.0;3.0;48,90807000;2,32755000;
202300046502.0;1;30;30214;1;1;1.0;6.0;44,05142000;4,05773700;
202300046503.0;2;93;93070;2;1;1.0;6.0;48,90876884;2,33953737;
202300046504.0;1;57;57631;2;1;1.0;3.0;49,11045000;7,07184000;
202300046505.0;2;84;84004;1;2;7.0;2.0;44,08573300;5,03399600;
202300046506.0;1;93;93048;2;1;1.0;6.0;48,85862700;2,43013000;
202300046507.0;5;73;73227;2;1;4.0;6.0;45,43390336;6,62507876;
202300046508.0;1;93;93029;2;1;1.0;5.0;48,92892995;2,45285962;
202300046509.0;1;49;49007;2;2;1.0;3.0;47,46644000; -0,55320000;
202300046510.0;1;01;01049;2;3;1.0;2.0;45,84511900;5,03655900;
202300046511.0;4;60;60157;2;1;1.0;6.0;49,38475400;2,41881600;
202300046512.0;5;93;93010;2;1;1.0;1.0;48,89157831;2,49014281;
202300046513.0;5;45;45234;2;3;1.0;3.0;47,83929000;1,93513000;
202300046514.0;1;92;92007;2;1;1.0;2.0;48,81014216;2,31428236;
202300046515.0;1;92;92040;2;1;1.0;7.0;48,82259581;2,25772083;
202300046516.0;1;45;45147;2;1;1.0;6.0;47,92108000;1,91648000;
202300046517.0;1;02;02443;1;5;2.0;3.0;49,04446500;3,27757400;
202300046518.0;1;45;45285;2;9;1.0;3.0;47,90418000;1,86353000;
202300046519.0;1;69;69256;1;1;1.0;3.0;45,79596257;4,93081528;
202300046520.0;1;92;92025;2;2;1.0;5.0;48,92763852;2,25375295;
202300046521.0;1;92;92023;2;1;1.0;2.0;48,78131742;2,24158108;
202300046522.0;5;69;69142;1;1;1.0;4.0;45,72283000;4,81785000;
202300046523.0;1;92;92012;2;1;1.0;3.0;48,83001712;2,25638956;
202300046524.0;1;33;33065;1;1;2.0;3.0;44,81104000; -0,52226000;
202300046525.0;1;45;45338;2;3;1.0;1.0;47,99679500;2,71005000;
202300046526.0;1;92;92012;2;2;1.0;3.0;48,84517000;2,24291000;
202300046527.0;3;33;33143;1;1;3.0;2.0;44,95728732; -0,44968843;
202300046528.0;5;41;41018;2;9;1.0;6.0;47,58966000;1,30607000;
202300046529.0;5;92;92004;2;1;1.0;3.0;48,91308016;2,30682582;
202300046530.0;4;91;91521;1;1;1.0;2.0;48,63141000;2,40726000;
202300046531.0;1;67;67347;1;1;1.0;2.0;48,85279300;7,50512100;
202300046532.0;1;92;92036;1;1;1.0;2.0;48,94589035;2,28373638;
202300046533.0;5;35;35238;2;3;1.0;3.0;48,09236780; -1,62925288;
202300046534.0;1;76;76749;2;1;1.0;7.0;49,86065300;1,36694000;
202300046535.0;3;93;93005;1;1;8.0;6.0;48,96180699;2,46685982;
202300046536.0;1;84;84069;2;1;1.0;1.0;44,17036900;5,12686000;
202300046537.0;3;94;94079;1;1;2.0;5.0;48,83458792;2,53722059;
202300046538.0;1;35;35238;2;1;1.0;4.0;48,12947000; -1,67934000;
202300046539.0;1;28;28388;1;1;1.0;2.0;48,36945700;1,45943200;
202300046540.0;2;54;54395;2;3;8.0;6.0;48,68459000;6,19619000;
202300046541.0;1;35;35238;2;1;1.0;6.0;48,08630000; -1,66067000;
202300046542.0;1;83;83036;2;1;1.0;6.0;43,17368300;6,52946800;
202300046543.0;1;974;97416;1;1;1.0;4.0; -21,30330000;55,43031500;
202300046544.0;1;26;26333;2;1;1.0;6.0;45,19554700;4,81452500;
202300046545.0;5;973;97302;2;1;1.0;7.0;4,94006000; -52,30166000;
202300046546.0;1;23;23264;1;1;1.0;7.0;45,72608293;1,87745512;
202300046547.0;2;34;34301;2;2;1.0;3.0;43,41096300;3,69723000;
202300046548.0;5;973;97302;2;1;2.0;3.0;4,92895833; -52,30019778;
202300046549.0;1;56;56141;1;1;1.0;1.0;47,86615600; -2,81835200;
202300046550.0;1;33;33281;2;3;1.0;3.0;44,85619000; -0,64947000;
202300046551.0;5;973;97302;2;1;2.0;1.0;4,92267352; -52,31255606;
202300046552.0;1;56;56193;2;6;1.0;3.0;47,72558200; -3,32307700;
202300046553.0;5;69;69149;2;4;2.0;1.0;45,71735000;4,81212000;
202300046554.0;5;33;33063;2;3;1.0;2.0;44,81830698; -0,57809383;
202300046555.0;1;56;56153;1;1;1.0;5.0;47,59801700; -2,30633000;
202300046556.0;5;95;95280;2;1;2.0;2.0;49,02858700;2,46437600;
202300046557.0;1;80;80130;1;2;1.0;2.0;49,89096600;2,15032400;
202300046558.0;1;33;33063;2;3;1.0;6.0;44,85238000; -0,61471000;
202300046559.0;5;83;83126;2;1;1.0;6.0;43,10112000;5,88945000;
202300046560.0;1;69;69217;1;1;1.0;1.0;46,00138900;4,47918200;
202300046561.0;5;69;69266;2;1;1.0;3.0;45,76027941;4,90098596;
202300046562.0;1;63;63243;1;2;1.0;3.0;46,17313700;2,90492900;
202300046563.0;1;68;68066;2;3;1.0;3.0;48,07192000;7,34807000;
202300046564.0;1;29;29039;1;3;1.0;3.0;47,91512000; -3,94563000;
202300046565.0;1;49;49330;1;2;1.0;1.0;47,63146700; -0,62629600;
202300046566.0;1;64;64284;2;2;2.0;3.0;43,29298361; -0,38664669;
202300046567.0;2;12;12109;1;1;1.0;7.0;43,85355800;2,94385300;
202300046568.0;4;64;64122;2;1;3.0;6.0;43,48209000; -1,56605000;
202300046569.0;1;35;35297;2;1;7.0;2.0;48,18530600; -2,18211700;
202300046570.0;1;28;28134;2;1;1.0;3.0;48,74668000;1,39059000;
202300046571.0;5;59;59163;2;1;8.0;1.0;50,67497000;3,14899000;
202300046572.0;1;34;34192;2;1;1.0;6.0;43,52470600;3,91918500;
202300046573.0;1;27;27681;1;1;1.0;3.0;49,07865000;1,44783000;
202300046574.0;2;29;29003;2;1;1.0;6.0;48,01275000; -4,54142500;
202300046575.0;1;59;59560;1;3;1.0;3.0;50,53690000;3,02810000;
202300046576.0;1;22;22187;1;1;1.0;2.0;48,52888000; -2,75435000;
202300046577.0;5;59;59350;2;1;1.0;1.0;50,62394087;3,07787240;
202300046578.0;1;72;72132;2;9;1.0;1.0;48,17890700;0,65370800;
202300046579.0;1;06;06119;1;1;1.0;7.0;44,33378600;6,86575700;
202300046580.0;1;51;51230;2;3;7.0;3.0;49,02678000;3,95752000;
202300046581.0;3;14;14726;1;1;1.0;1.0;48,89210600; -0,75552500;
202300046582.0;1;42;42187;2;3;8.0;3.0;46,03046553;4,06685611;
202300046583.0;1;13;13208;2;3;1.0;1.0;43,27427000;5,38704000;
202300046584.0;3;06;06069;1;1;1.0;6.0;43,64295300;6,96683600;
202300046585.0;1;83;83082;1;1;1.0;3.0;43,63991900;6,47770100;
202300046586.0;1;35;35238;2;1;1.0;2.0;48,10995525; -1,65489346;
202300046587.0;5;06;06027;2;1;1.0;1.0;43,65617200;7,15504100;
202300046588.0;1;33;33522;2;2;2.0;3.0;44,80310000; -0,59795000;
202300046589.0;1;73;73105;1;1;1.0;1.0;45,44602415;5,73886753;
202300046590.0;1;05;05061;2;3;2.0;3.0;44,56233000;6,06364000;
202300046591.0;5;25;25462;2;1;2.0;1.0;46,90848000;6,33973000;
202300046592.0;1;73;73300;2;6;1.0;3.0;45,68367500;5,89484100;
202300046593.0;1;25;25056;1;1;8.0;6.0;47,22669000;6,05306000;
202300046594.0;5;75;75119;2;1;1.0;2.0;48,87887900;2,40790600;
202300046595.0;1;25;25056;2;1;1.0;3.0;47,22957000;5,98620000;
202300046596.0;1;07;07050;2;1;1.0;2.0;44,41442500;4,14054800;
202300046597.0;3;07;07050;1;1;1.0;6.0;44,41025600;4,14534300;
202300046598.0;5;13;13208;2;1;1.0;5.0;43,24715714;5,37395641;
202300046599.0;5;75;75118;2;1;1.0;2.0;48,90073100;2,33582300;
202300046600.0;5;13;13209;2;1;1.0;3.0;43,24859196;5,40145716;
202300046601.0;1;53;53127;1;3;1.0;6.0;48,44048700; -0,50345600;
202300046602.0;1;75;75118;2;1;1.0;2.0;48,90111800;2,35484100;
202300046603.0;1;13;13204;2;1;1.0;3.0;43,30672372;5,40046111;
202300046604.0;1;21;21092;1;1;1.0;1.0;47,14003000;4,77405100;
202300046605.0;5;75;75116;2;2;1.0;3.0;48,85856500;2,24485600;
202300046606.0;5;13;13063;2;6;1.0;2.0;43,58029000;5,00074000;
202300046607.0;1;13;13001;1;1;8.0;1.0;43,60224000;5,36589000;
202300046608.0;3;85;85133;1;2;1.0;3.0;46,37079900; -0,73098800;
202300046609.0;1;75;75114;2;3;1.0;3.0;48,82961100;2,32852000;
202300046610.0;1;13;13001;1;1;2.0;5.0;43,55002000;5,42951000;
202300046611.0;1;37;37167;1;2;1.0;3.0;47,56188200;0,52190400;
202300046612.0;1;75;75106;2;4;1.0;6.0;48,85416800;2,33895200;
202300046613.0;1;06;06004;2;3;3.0;3.0;43,57850600;7,11725100;
202300046614.0;1;52;52292;2;2;1.0;3.0;47,75768700;5,31744200;
202300046615.0;5;75;75117;2;1;1.0;2.0;48,89317200;2,30352100;
202300046616.0;1;75;75118;2;3;1.0;6.0;48,88503200;2,34734400;
202300046617.0;1;52;52420;1;1;1.0;1.0;48,27641700;5,33076700;
202300046618.0;1;75;75113;2;2;8.0;3.0;48,83088200;2,34417700;
202300046619.0;1;88;88451;2;9;1.0;3.0;48,39590800;6,98140400;
202300046620.0;1;75;75117;2;5;1.0;2.0;48,88080300;2,30891500;
202300046621.0;5;75;75106;2;1;1.0;2.0;48,84642800;2,32477200;
202300046622.0;3;88;88142;1;1;1.0;1.0;48,23366400;6,37445200;
202300046623.0;1;75;75105;2;3;1.0;6.0;48,85027500;2,34267200;
202300046624.0;1;42;42116;1;1;7.0;2.0;45,87247900;3,92244100;
202300046625.0;1;75;75117;2;7;1.0;1.0;48,87840600;2,29839200;
202300046626.0;5;75;75119;2;1;2.0;3.0;48,87870100;2,38229500;
202300046627.0;1;42;42173;1;1;1.0;7.0;45,82684400;4,10595200;
202300046628.0;1;38;38253;2;9;1.0;6.0;45,00745500;6,12207800;
202300046629.0;5;75;75113;2;1;1.0;6.0;48,82779900;2,34240800;
202300046630.0;5;75;75116;2;4;2.0;6.0;48,84004621;2,26371467;
202300046631.0;2;38;38118;1;9;1.0;7.0;45,38742000;5,47228600;
202300046632.0;1;28;28199;1;1;1.0;6.0;48,21703800;1,84690500;
202300046633.0;5;75;75113;2;3;1.0;3.0;48,83549500;2,35860000;
202300046634.0;5;75;75110;2;1;1.0;6.0;48,87017136;2,35473678;
202300046635.0;1;84;84078;1;1;1.0;7.0;44,23754400;4,70695500;
202300046636.0;1;75;75113;2;1;1.0;7.0;48,82315900;2,37380700;
202300046637.0;5;75;75108;2;7;1.0;3.0;48,86473200;2,30148800;
202300046638.0;1;971;97117;2;2;1.0;6.0;16,33083000; -61,34538400;
202300046639.0;1;75;75107;2;1;1.0;6.0;48,85097700;2,32383900;
202300046640.0;2;33;33199;2;2;1.0;3.0;44,64010071; -1,04437038;
202300046641.0;1;77;77005;1;1;1.0;3.0;48,93478700;2,72791300;
202300046642.0;2;75;75111;2;1;1.0;3.0;48,85469700;2,39201600;
202300046643.0;1;93;93071;2;3;2.0;6.0;48,93530000;2,53415000;
202300046644.0;1;30;30155;1;1;1.0;2.0;43,82725000;4,48482000;
202300046645.0;1;93;93077;2;1;1.0;6.0;48,89232000;2,50500000;
202300046646.0;5;93;93062;2;6;1.0;6.0;48,90040000;2,52925000;
202300046647.0;1;75;75120;2;4;1.0;3.0;48,86666000;2,41263000;
202300046648.0;5;93;93048;2;2;2.0;3.0;48,85333269;2,44839549;
202300046649.0;5;93;93010;2;1;2.0;2.0;48,90082997;2,47084558;
202300046650.0;1;34;34023;2;3;1.0;2.0;43,43785400;3,67547400;
202300046651.0;5;75;75112;2;2;1.0;2.0;48,84801000;2,36764600;
202300046652.0;1;35;35245;2;1;2.0;6.0;48,21762100; -1,88883700;
202300046653.0;1;75;75111;2;2;1.0;6.0;48,86698199;2,38285384;
202300046654.0;3;62;62219;1;1;3.0;6.0;50,29974400;2,01860900;
202300046655.0;1;51;51531;1;1;1.0;2.0;48,77921400;4,89602900;
202300046656.0;1;80;80076;1;1;4.0;6.0;50,05115900;1,77236100;
202300046657.0;3;42;42338;1;1;1.0;3.0;46,07973500;4,10503500;
202300046658.0;1;75;75111;2;3;1.0;2.0;48,85587600;2,38325200;
202300046659.0;1;34;34289;1;1;1.0;3.0;43,39410300;3,40582600;
202300046660.0;5;31;31044;2;1;1.0;2.0;43,61114500;1,50359500;
202300046661.0;5;974;97422;2;1;1.0;1.0; -21,26435100;55,52366900;
202300046662.0;2;35;35308;1;1;1.0;6.0;48,44709100; -1,92854600;
202300046663.0;1;75;75107;2;3;1.0;1.0;48,86050900;2,29567100;
202300046664.0;1;87;87019;1;1;3.0;6.0;45,74677300;1,33998900;
202300046665.0;1;75;75101;2;1;1.0;6.0;48,85742100;2,34560400;
202300046666.0;1;94;94033;2;1;1.0;6.0;48,85367000;2,45500000;
202300046667.0;1;2B;2B009;1;3;6.0;3.0;42,08229100;9,48469300;
202300046668.0;1;34;34022;2;3;1.0;3.0;43,65945800;4,01779400;
202300046669.0;1;2B;2B143;2;1;1.0;3.0;42,20233900;9,53492000;
202300046670.0;1;94;94077;2;2;1.0;3.0;48,73783000;2,40801000;
202300046671.0;1;30;30225;1;1;1.0;6.0;44,16926100;4,56977600;
202300046672.0;1;13;13053;1;1;1.0;5.0;43,71387500;5,20084100;
202300046673.0;1;93;93055;2;1;1.0;6.0;48,89984000;2,40947200;
202300046674.0;3;57;57559;1;1;2.0;1.0;48,89702900;6,35843900;
202300046675.0;1;71;71360;1;4;1.0;2.0;46,33193900;4,73301300;
202300046676.0;1;93;93048;2;1;1.0;3.0;48,85964525;2,43295036;
202300046677.0;2;88;88388;1;2;1.0;3.0;48,13345200;6,38200500;
202300046678.0;1;51;51318;1;1;1.0;4.0;49,31520500;4,15118000;
202300046679.0;1;93;93030;2;1;1.0;3.0;48,95712430;2,41589078;
202300046680.0;1;19;19036;1;1;3.0;6.0;45,61767100;1,70732500;
202300046681.0;1;73;73150;1;1;1.0;6.0;45,56504861;6,70830993;
202300046682.0;3;76;76456;1;1;3.0;2.0;49,64677500;0,84738000;
202300046683.0;1;93;93030;2;1;1.0;6.0;48,95332857;2,41642414;
202300046684.0;2;82;82056;1;1;2.0;6.0;44,18846500;1,75589700;
202300046685.0;1;26;26064;1;2;1.0;3.0;44,89597601;5,01040392;
202300046686.0;1;93;93010;2;1;1.0;6.0;48,90537300;2,47494900;
202300046687.0;1;61;61168;2;1;2.0;6.0;48,58771300; -0,36529500;
202300046688.0;1;69;69122;1;1;1.0;1.0;45,91598000;4,68927000;
202300046689.0;3;68;68320;1;1;2.0;4.0;47,69381900;7,22123600;
202300046690.0;5;93;93010;2;1;1.0;2.0;48,91480600;2,47892000;
202300046691.0;3;69;69296;1;1;1.0;2.0;45,65208800;4,83758900;
202300046692.0;1;29;29193;1;1;2.0;1.0;48,56782600; -4,05620800;
202300046693.0;5;93;93007;2;6;1.0;3.0;48,94709000;2,45909000;
202300046694.0;1;81;81318;1;1;1.0;4.0;43,58741630;1,79378460;
202300046695.0;1;14;14520;1;1;1.0;6.0;49,13505200;0,14563300;
202300046696.0;2;14;14371;1;1;4.0;6.0;48,99132600;0,23781500;
202300046697.0;1;92;92050;2;3;1.0;1.0;48,91191000;2,22297000;
202300046698.0;1;50;50074;1;1;4.0;1.0;48,73792300; -1,14523900;
202300046699.0;1;64;64106;1;1;1.0;6.0;43,31568600; -1,01412200;
202300046700.0;2;92;92025;2;2;1.0;3.0;48,91313610;2,22586870;
202300046701.0;1;33;33494;1;1;1.0;5.0;44,92635900; -0,79940600;
202300046702.0;3;21;21576;1;1;1.0;2.0;47,36960800;4,47185900;
202300046703.0;1;11;11221;1;1;1.0;6.0;43,40529700;2,29884600;
202300046704.0;1;33;33238;2;2;2.0;6.0;44,73072900; -0,60039100;
202300046705.0;1;04;04116;1;1;1.0;2.0;44,04625000;6,01952100;
202300046706.0;1;76;76475;2;2;1.0;1.0;49,40291000;1,15846800;
202300046707.0;1;11;11367;1;4;1.0;2.0;43,35706000;2,17678400;
202300046708.0;3;89;89415;1;1;1.0;2.0;47,58940200;3,91745200;
202300046709.0;1;60;60612;2;1;1.0;6.0;49,19617300;2,57335700;
202300046710.0;1;33;33162;1;1;1.0;2.0;44,86673000; -0,65038000;
202300046711.0;1;63;63302;1;1;2.0;3.0;45,71363365;3,15148309;
202300046712.0;1;91;91689;1;1;1.0;2.0;48,73073000;2,32514000;
202300046713.0;1;09;09090;1;1;1.0;2.0;43,04606300;1,52391000;
202300046714.0;1;34;34095;1;1;1.0;2.0;43,54476900;3,79262200;
202300046715.0;1;92;92050;1;1;1.0;2.0;48,91627405;2,22128736;
202300046716.0;3;21;21054;1;1;2.0;3.0;47,00793737;4,86385957;
202300046717.0;1;91;91016;2;1;1.0;3.0;48,31783000;1,99325800;
202300046718.0;1;77;77121;1;1;1.0;2.0;48,83111400;2,68778200;
202300046719.0;1;976;97607;1;1;1.0;1.0; -12,83715900;45,15525700;
202300046720.0;1;94;94017;1;1;1.0;6.0;48,82883310;2,50053561;
202300046721.0;1;974;97422;1;1;1.0;6.0; -21,23192500;55,54161200;
202300046722.0;1;34;34256;1;1;1.0;6.0;43,69155493;4,05862423;
202300046723.0;1;74;74208;1;1;1.0;6.0;45,93185200;6,73445800;
202300046724.0;3;81;81079;1;2;1.0;1.0;43,82937200;2,19129200;
202300046725.0;1;972;97209;2;1;2.0;6.0;14,60586000; -61,07252000;
202300046726.0;3;34;34164;1;2;1.0;6.0;43,74722700;3,96547400;
202300046727.0;1;76;76540;2;2;1.0;6.0;49,44579000;1,08668000;
202300046728.0;1;28;28061;2;1;1.0;6.0;48,20963900;1,17046200;
202300046729.0;1;33;33051;2;1;2.0;5.0;44,64059000; -0,95290300;
202300046730.0;3;29;29058;1;1;2.0;6.0;47,90061900; -4,00905500;
202300046731.0;1;67;67482;2;8;1.0;3.0;48,58106000;7,73197000;
202300046732.0;3;12;12127;1;1;1.0;3.0;44,06563300;2,46545400;
202300046733.0;1;63;63113;2;1;1.0;6.0;45,76910829;3,12385887;
202300046734.0;1;22;22176;1;1;2.0;6.0;48,43148200; -2,74870600;
202300046735.0;2;38;38194;1;1;1.0;7.0;45,34174100;5,42750700;
202300046736.0;2;27;27448;2;1;8.0;6.0;49,01656500;1,38698200;
202300046737.0;1;92;92012;2;6;1.0;6.0;48,83358368;2,24389046;
202300046738.0;3;974;97416;1;1;1.0;3.0; -21,32719000;55,45048000;
202300046739.0;2;83;83019;1;1;7.0;6.0;43,19070300;6,37358800;
202300046740.0;1;69;69388;2;1;1.0;6.0;45,74009000;4,85982000;
202300046741.0;1;85;85038;1;1;1.0;3.0;46,85329000; -1,30335900;
202300046742.0;3;13;13005;1;1;1.0;6.0;43,27956943;5,58387637;
202300046743.0;1;83;83130;2;1;1.0;7.0;43,18676400;6,03743300;
202300046744.0;1;69;69387;2;1;1.0;5.0;45,72895648;4,83774555;
202300046745.0;1;13;13106;1;1;1.0;2.0;43,39088100;5,35122500;
202300046746.0;1;41;41293;1;1;7.0;1.0;47,75121600;0,99023400;
202300046747.0;1;972;97213;2;9;1.0;2.0;14,62501000; -60,97720000;
202300046748.0;4;69;69199;1;1;1.0;2.0;45,68599000;4,84659000;
202300046749.0;1;972;97213;2;1;1.0;2.0;14,62174000; -60,98933000;
202300046750.0;3;91;91136;1;1;2.0;7.0;48,71000000;2,28700000;
202300046751.0;1;91;91689;1;1;1.0;5.0;48,74752000;2,32703000;
202300046752.0;1;972;97209;2;6;1.0;5.0;14,61863000; -61,04600000;
202300046753.0;1;83;83116;1;1;1.0;5.0;43,47238300;5,86892000;
202300046754.0;3;77;77251;1;1;2.0;2.0;48,61427600;2,56473900;
202300046755.0;1;971;97113;1;9;1.0;3.0;16,20852000; -61,46802000;
202300046756.0;1;78;78297;1;1;1.0;6.0;48,78793400;2,06305200;
202300046757.0;2;19;19176;1;1;1.0;6.0;45,38257800;2,01610300;
202300046758.0;1;971;97105;2;3;1.0;3.0;15,99369000; -61,72528000;
202300046759.0;3;78;78090;1;1;3.0;7.0;48,97044500;1,89027200;
202300046760.0;1;67;67346;2;2;1.0;7.0;48,94969300;8,06788100;
202300046761.0;3;93;93053;1;1;2.0;6.0;48,88778000;2,47247000;
202300046762.0;5;2A;2A004;2;2;1.0;1.0;41,91874629;8,73689756;
202300046763.0;1;95;95306;1;1;1.0;6.0;49,00141520;2,17205622;
202300046764.0;2;76;76380;1;1;1.0;6.0;49,78727700;0,98748200;
202300046765.0;1;2A;2A004;2;1;1.0;1.0;41,90882000;8,71402000;
202300046766.0;1;93;93027;1;1;8.0;6.0;48,92549999;2,39634991;
202300046767.0;2;2A;2A269;1;1;1.0;6.0;41,81281100;9,40103500;
202300046768.0;1;95;95277;2;1;1.0;3.0;48,97715300;2,49783000;
202300046769.0;1;93;93078;1;1;8.0;2.0;48,96361976;2,52140428;
202300046770.0;1;65;65258;2;1;7.0;6.0;43,11462900;0,38745400;
202300046771.0;1;91;91692;2;9;1.0;1.0;48,68617000;2,19188000;