Num_Acc;lum;departement;commune;agglomeration;intersection;meteo;type_collision;lat;long;date
202300046772.0;3;93;93027;1;1;2.0;6.0;48,92769000;2,40339000;
202300046773.0;5;95;95641;1;1;3.0;6.0;49,06957407;2,55231568;
202300046774.0;1;89;89354;2;1;1.0;2.0;48,21966800;3,25587800;
202300046775.0;1;32;32107;2;1;7.0;6.0;43,95516700;0,36493600;
202300046776.0;1;87;87085;2;1;1.0;6.0;45,81485000;1,27027000;
202300046777.0;1;71;71484;1;1;1.0;6.0;46,66789700;5,24436200;
202300046778.0;1;77;77053;1;1;1.0;5.0;48,67711800;2,60940900;
202300046779.0;5;94;94017;1;1;1.0;2.0;48,82630823;2,51972233;
202300046780.0;1;84;84007;2;1;1.0;4.0;43,95440000;4,82272000;
202300046781.0;1;71;71263;2;2;1.0;6.0;46,62923400;5,22139700;
202300046782.0;1;93;93051;1;1;1.0;4.0;48,83612292;2,54112191;
202300046783.0;1;13;13215;2;1;1.0;2.0;43,38086000;5,37347000;
202300046784.0;2;71;71263;2;1;1.0;6.0;46,62841200;5,22830100;
202300046785.0;1;83;83129;2;1;1.0;4.0;43,09688103;5,85027730;
202300046786.0;5;75;75101;2;2;2.0;6.0;48,86340500;2,35095000;
202300046787.0;1;81;81163;2;3;9.0;6.0;43,50351000;2,37772000;
202300046788.0;1;76;76618;1;2;7.0;3.0;49,97013000;1,24634500;
202300046789.0;1;78;78350;2;1;1.0;2.0;48,85555000;2,10739000;
202300046790.0;2;72;72181;2;9;2.0;6.0;47,97881000;0,20500000;
202300046791.0;1;55;55181;1;6;1.0;3.0;49,21772300;5,65059900;
202300046792.0;1;83;83153;2;1;1.0;6.0;43,07419000;5,91107000;
202300046793.0;1;76;76351;2;1;1.0;6.0;49,51498000;0,17677000;
202300046794.0;5;68;68066;2;1;1.0;6.0;48,07917100;7,33008100;
202300046795.0;3;55;55214;1;1;5.0;6.0;48,66681800;5,32950600;
202300046796.0;1;72;72181;1;9;1.0;2.0;48,03175000;0,17849000;
202300046797.0;3;974;97411;1;1;9.0;3.0; -20,87782000;55,40651000;
202300046798.0;3;71;71475;2;1;1.0;7.0;46,77010000;4,82636000;
202300046799.0;2;49;49160;1;3;1.0;3.0;47,39811300; -0,93612300;
202300046800.0;1;69;69290;2;1;1.0;3.0;45,69100000;4,92407000;
202300046801.0;1;69;69387;2;1;8.0;3.0;45,75406000;4,84239000;
202300046802.0;1;972;97209;2;1;1.0;2.0;14,62059000; -61,04334000;
202300046803.0;1;64;64102;2;1;1.0;1.0;43,49027000; -1,46744000;
202300046804.0;1;34;34028;1;1;3.0;3.0;43,59123200;3,13099600;
202300046805.0;1;69;69389;2;1;1.0;2.0;45,78382000;4,80109000;
202300046806.0;1;63;63300;1;1;1.0;2.0;45,90498000;3,12784000;
202300046807.0;5;971;97113;2;9;2.0;6.0;16,22186187; -61,52227342;
202300046808.0;1;22;22158;2;1;1.0;6.0;48,19531200; -2,98805100;
202300046809.0;1;63;63032;2;5;1.0;3.0;45,75607000;3,08448000;
202300046810.0;5;95;95607;2;6;1.0;6.0;49,02683000;2,19987000;
202300046811.0;1;59;59279;2;1;1.0;6.0;50,77084087;3,12151864;
202300046812.0;1;29;29131;1;1;1.0;6.0;48,44830100; -4,03858600;
202300046813.0;5;83;83129;2;3;1.0;3.0;43,10186000;5,82210000;
202300046814.0;1;59;59279;2;1;1.0;6.0;50,77188200;3,12207100;
202300046815.0;1;29;29173;1;1;1.0;6.0;48,01195100; -4,23037200;
202300046816.0;1;78;78227;1;1;2.0;7.0;49,01864300;1,95214400;
202300046817.0;1;59;59183;2;2;1.0;3.0;51,02608000;2,31792000;
202300046818.0;1;02;02822;1;3;1.0;1.0;49,29768200;3,10779500;
202300046819.0;5;57;57463;2;1;1.0;6.0;49,10638600;6,16980200;
202300046820.0;5;69;69256;2;3;1.0;3.0;45,76640000;4,92987000;
202300046821.0;5;56;56098;2;1;1.0;6.0;47,76359000; -3,36129000;
202300046822.0;1;03;03043;1;1;1.0;7.0;46,19862200;3,29027700;
202300046823.0;1;64;64024;2;2;1.0;2.0;43,49396000; -1,49659000;
202300046824.0;5;54;54395;2;2;1.0;3.0;48,68061792;6,17895395;
202300046825.0;2;03;03002;1;1;7.0;7.0;46,61762500;3,17867500;
202300046826.0;1;64;64024;2;1;1.0;3.0;43,46420000; -1,49883000;
202300046827.0;1;54;54339;2;1;1.0;1.0;48,71308000;6,17646000;
202300046828.0;1;59;59421;2;1;3.0;6.0;50,71247310;3,12909152;
202300046829.0;3;01;01179;1;2;1.0;3.0;46,25642500;4,83642000;
202300046830.0;1;49;49007;2;1;1.0;6.0;47,47602000; -0,54991000;
202300046831.0;5;59;59350;2;2;1.0;3.0;50,63456879;3,05680163;
202300046832.0;1;44;44162;1;1;1.0;3.0;47,21124200; -1,62704200;
202300046833.0;2;59;59431;2;1;2.0;6.0;50,69594213;2,85386243;
202300046834.0;1;85;85008;1;1;7.0;2.0;46,62697200; -1,42615000;
202300046835.0;1;54;54184;2;6;1.0;6.0;48,70790300;6,24370700;
202300046836.0;1;14;14554;1;1;1.0;1.0;49,07229200; -0,29603000;
202300046837.0;5;54;54578;2;2;1.0;3.0;48,67031341;6,15810513;
202300046838.0;1;42;42044;2;3;1.0;3.0;45,39506000;4,32231000;
202300046839.0;5;51;51454;2;7;8.0;6.0;49,25755000;4,03952000;
202300046840.0;1;38;38185;2;1;7.0;6.0;45,18742000;5,73735000;
202300046841.0;3;35;35278;1;1;1.0;6.0;48,14000000; -1,69740000;
202300046842.0;1;14;14098;1;2;1.0;7.0;49,20799659; -0,55823364;
202300046843.0;1;51;51454;2;4;1.0;1.0;49,24079000;4,05301000;
202300046844.0;1;35;35115;2;6;1.0;3.0;48,35492059; -1,19873151;
202300046845.0;1;50;50090;1;1;1.0;1.0;48,53911400; -1,01348900;
202300046846.0;1;49;49007;2;2;1.0;3.0;47,45173000; -0,53574000;
202300046847.0;5;48;48095;2;1;1.0;6.0;44,52621000;3,48585000;
202300046848.0;2;35;35115;2;6;1.0;3.0;48,35665421; -1,20424479;
202300046849.0;4;64;64081;2;3;1.0;3.0;43,14909000; -0,93035600;
202300046850.0;1;34;34032;1;1;1.0;7.0;43,32548000;3,19121000;
202300046851.0;4;45;45234;2;1;1.0;6.0;47,91622500;1,93388200;
202300046852.0;5;31;31555;2;1;1.0;6.0;43,59616400;1,41195100;
202300046853.0;1;45;45004;2;1;8.0;2.0;47,97068000;2,73383000;
202300046854.0;1;10;10268;1;1;1.0;4.0;48,48066700;3,48224800;
202300046855.0;1;29;29051;1;1;1.0;1.0;48,02092300; -4,02128900;
202300046856.0;5;35;35238;2;3;2.0;6.0;48,11134141; -1,69076532;
202300046857.0;1;35;35051;1;6;2.0;6.0;48,14101000; -1,62679000;
202300046858.0;1;28;28223;1;2;1.0;3.0;48,72055700;1,40803000;
202300046859.0;1;36;36010;1;1;1.0;4.0;46,87403992;1,05359316;
202300046860.0;3;35;35278;1;1;1.0;2.0;48,14153235; -1,67353345;
202300046861.0;1;27;27229;2;4;1.0;1.0;49,01960000;1,15444000;
202300046862.0;1;16;16251;1;1;1.0;6.0;45,36411700; -0,17149000;
202300046863.0;5;33;33063;2;2;3.0;3.0;44,86973000; -0,56660000;
202300046864.0;1;07;07166;1;1;1.0;7.0;45,03332589;4,53449070;
202300046865.0;1;22;22278;2;3;1.0;6.0;48,50019200; -2,75651000;
202300046866.0;3;17;17306;2;9;1.0;1.0;45,62436000; -1,02458000;
202300046867.0;5;33;33063;2;2;1.0;3.0;44,84713000; -0,58778000;
202300046868.0;1;53;53160;1;3;1.0;3.0;48,37589400; -0,55659600;
202300046869.0;1;15;15012;2;3;1.0;3.0;44,90056600;2,48745800;
202300046870.0;5;33;33529;2;2;2.0;3.0;44,53809000; -1,15215000;
202300046871.0;1;53;53007;2;1;1.0;6.0;48,07861300; -0,64217400;
202300046872.0;1;06;06155;2;2;1.0;3.0;43,56955500;7,07702100;
202300046873.0;1;33;33529;2;6;3.0;3.0;44,61585000; -1,12679000;
202300046874.0;1;05;05061;2;9;1.0;3.0;44,56904300;6,08331500;
202300046875.0;1;40;40127;1;3;1.0;3.0;43,79546600; -0,24399500;
202300046876.0;1;75;75117;2;1;1.0;3.0;48,89214300;2,30137400;
202300046877.0;1;85;85277;1;2;1.0;3.0;46,48531100; -1,35842100;
202300046878.0;5;27;27428;2;1;1.0;6.0;49,14728400;0,90325800;
202300046879.0;1;37;37173;1;1;1.0;6.0;47,15914000;1,28497100;
202300046880.0;1;75;75114;2;1;1.0;5.0;48,82164800;2,31788700;
202300046881.0;1;75;75119;2;3;1.0;3.0;48,89124300;2,37736900;
202300046882.0;5;37;37172;2;3;1.0;1.0;47,43889400;0,69920900;
202300046883.0;1;75;75117;2;3;1.0;6.0;48,88803900;2,32461200;
202300046884.0;1;75;75115;2;3;1.0;6.0;48,82996868;2,30559468;
202300046885.0;3;973;97309;2;1;1.0;3.0;4,89176881; -52,27453172;
202300046886.0;1;75;75114;2;3;1.0;3.0;48,83352400;2,33424400;
202300046887.0;2;34;34116;2;1;1.0;6.0;43,64610700;3,81825300;
202300046888.0;1;75;75114;2;3;1.0;3.0;48,83721900;2,32395600;
202300046889.0;2;75;75111;2;1;1.0;3.0;48,85363100;2,38709700;
202300046890.0;1;06;06018;1;1;1.0;1.0;43,63340400;7,07646100;
202300046891.0;1;67;67348;1;9;1.0;7.0;48,47129900;7,51185900;
202300046892.0;5;75;75110;2;2;1.0;3.0;48,86881300;2,36761300;
202300046893.0;1;976;97609;1;1;1.0;3.0; -12,97940000;45,11982000;
202300046894.0;1;75;75110;2;2;1.0;6.0;48,87897300;2,35575000;
202300046895.0;5;11;11170;2;1;1.0;6.0;43,09997200;3,09859500;
202300046896.0;1;45;45269;1;1;1.0;7.0;47,87683600;1,73498200;
202300046897.0;1;75;75116;2;2;1.0;3.0;48,85729600;2,27304600;
202300046898.0;1;13;13087;1;6;1.0;7.0;43,47111000;5,64496600;
202300046899.0;1;75;75103;2;2;1.0;1.0;48,86176700;2,36526200;
202300046900.0;1;94;94081;2;1;1.0;7.0;48,78220019;2,37209503;
202300046901.0;3;17;17139;1;1;1.0;2.0;46,11702600; -0,53336900;
202300046902.0;1;94;94068;2;2;1.0;6.0;48,79459400;2,51162000;
202300046903.0;1;91;91111;1;1;1.0;7.0;48,62543500;2,13766700;
202300046904.0;1;94;94017;2;1;1.0;1.0;48,80727000;2,54961000;
202300046905.0;1;94;94016;2;1;1.0;3.0;48,79857400;2,32687500;
202300046906.0;3;974;97420;1;9;1.0;6.0; -20,89894900;55,58049900;
202300046907.0;1;973;97312;1;1;1.0;1.0;5,33212500; -52,91457700;
202300046908.0;1;94;94016;2;1;1.0;2.0;48,79076000;2,31990000;
202300046909.0;1;94;94073;2;1;1.0;6.0;48,75643100;2,37413400;
202300046910.0;1;77;77382;2;1;1.0;3.0;48,90089000;2,87021200;
202300046911.0;1;77;77508;1;1;1.0;1.0;48,81857400;2,86612800;
202300046912.0;1;94;94038;2;1;1.0;4.0;48,77549000;2,35368000;
202300046913.0;1;94;94021;2;1;1.0;3.0;48,76835400;2,36783500;
202300046914.0;1;11;11426;1;1;1.0;2.0;43,29680000;2,45730000;
202300046915.0;1;94;94028;2;1;1.0;2.0;48,77820400;2,43828600;
202300046916.0;5;83;83047;2;1;1.0;6.0;43,14967500;6,07571800;
202300046917.0;2;93;93066;2;1;1.0;3.0;48,91650275;2,34620767;
202300046918.0;3;83;83143;1;1;1.0;6.0;43,45527100;6,06538700;
202300046919.0;1;93;93001;2;5;1.0;3.0;48,90885355;2,37821260;
202300046920.0;5;67;67309;2;1;1.0;6.0;48,65185100;7,72351700;
202300046921.0;1;93;93051;2;6;1.0;3.0;48,83604000;2,54753000;
202300046922.0;3;42;42147;2;6;1.0;6.0;45,59050500;4,09035300;
202300046923.0;2;93;93048;2;7;1.0;3.0;48,86914000;2,43236000;
202300046924.0;5;93;93045;2;1;1.0;1.0;48,87883601;2,42229590;
202300046925.0;1;93;93010;2;3;1.0;6.0;48,89331983;2,48690536;
202300046926.0;5;93;93057;2;2;1.0;3.0;48,91207778;2,50865657;
202300046927.0;1;92;92078;2;1;1.0;7.0;48,93839000;2,33177000;
202300046928.0;5;92;92073;2;1;1.0;6.0;48,87115675;2,22779131;
202300046929.0;1;92;92073;2;2;1.0;3.0;48,86511288;2,20855996;
202300046930.0;1;92;92077;2;1;1.0;3.0;48,82626000;2,19203000;
202300046931.0;1;92;92063;2;3;1.0;3.0;48,87993176;2,18057728;
202300046932.0;1;92;92051;2;2;1.0;3.0;48,89363317;2,26743490;
202300046933.0;1;92;92050;2;1;1.0;3.0;48,87946000;2,20825000;
202300046934.0;1;92;92050;2;1;1.0;1.0;48,89248921;2,21358848;
202300046935.0;1;92;92020;2;1;1.0;7.0;48,80097300;2,27923200;
202300046936.0;1;92;92040;2;1;1.0;3.0;48,82630000;2,27220000;
202300046937.0;5;92;92025;2;1;1.0;6.0;48,92413671;2,24798700;
202300046938.0;1;92;92024;2;1;1.0;3.0;48,89988595;2,30886430;
202300046939.0;1;39;39295;1;2;1.0;3.0;46,48350100;5,46604200;
202300046940.0;5;92;92019;2;1;1.0;6.0;48,77447000;2,26962000;
202300046941.0;1;60;60040;1;1;1.0;7.0;49,42400400;2,59044500;
202300046942.0;1;39;39154;2;3;1.0;3.0;46,57911500;5,74732800;
202300046943.0;3;40;40296;1;1;1.0;6.0;43,68761900; -1,37858000;
202300046944.0;1;42;42332;2;2;1.0;3.0;46,01911600;4,05348300;
202300046945.0;1;44;44069;2;9;1.0;3.0;47,32780300; -2,41192300;
202300046946.0;1;64;64367;1;1;1.0;6.0;43,44971500; -0,69246000;
202300046947.0;2;02;02173;2;1;1.0;6.0;49,61275400;3,20345900;
202300046948.0;1;19;19043;1;1;1.0;6.0;45,15318700;1,62147600;
202300046949.0;1;01;01457;1;1;1.0;6.0;46,21565400;4,99832800;
202300046950.0;1;56;56117;2;6;1.0;3.0;47,88205300; -2,83428000;
202300046951.0;1;66;66053;2;9;1.0;6.0;42,52593300;3,08206700;
202300046952.0;1;56;56240;2;6;1.0;3.0;47,52231100; -2,76727400;
202300046953.0;1;54;54200;2;3;1.0;1.0;48,87533570;5,84767163;
202300046954.0;5;2B;2B343;2;1;1.0;6.0;42,48940000;9,47884100;
202300046955.0;1;50;50604;1;1;1.0;1.0;49,52255500; -1,81632800;
202300046956.0;1;11;11392;1;1;1.0;1.0;43,07961700;2,67644800;
202300046957.0;2;83;83056;2;3;1.0;6.0;43,55527800;6,51695800;
202300046958.0;2;46;46213;1;2;7.0;1.0;44,83961667;1,76415458;
202300046959.0;1;64;64094;1;1;1.0;1.0;43,46544100; -1,23684200;
202300046960.0;1;44;44128;1;1;8.0;1.0;47,52350400; -1,88636500;
202300046961.0;1;43;43153;1;9;1.0;3.0;45,33071600;4,26198800;
202300046962.0;1;07;07276;1;1;2.0;6.0;44,89618900;4,48692600;
202300046963.0;1;29;29035;1;1;1.0;3.0;48,49655805; -4,53622331;
202300046964.0;1;40;40145;2;1;1.0;6.0;43,76558900; -0,42360100;
202300046965.0;1;15;15142;1;2;1.0;3.0;44,97214000;2,99081500;
202300046966.0;1;01;01240;1;1;1.0;6.0;46,25495700;5,51333400;
202300046967.0;1;04;04036;1;1;1.0;1.0;44,14643900;6,29626600;
202300046968.0;1;70;70176;1;1;7.0;6.0;47,88612500;6,60829800;
202300046969.0;1;77;77410;1;1;1.0;6.0;48,58750900;2,70332300;
202300046970.0;1;54;54152;2;9;1.0;6.0;48,55564124;6,38659716;
202300046971.0;3;49;49188;1;1;2.0;7.0;47,58955100; -0,32322400;
202300046972.0;1;54;54076;2;4;1.0;1.0;48,56242400;6,40229700;
202300046973.0;1;79;79355;1;1;1.0;2.0;46,30016100; -0,36656100;
202300046974.0;1;54;54400;1;1;1.0;1.0;48,88270198;6,22697353;
202300046975.0;3;68;68278;1;1;1.0;6.0;47,75418300;7,42006000;
202300046976.0;1;64;64300;1;1;1.0;6.0;43,43135417; -0,62975154;
202300046977.0;1;69;69013;1;1;1.0;7.0;46,03280000;4,72592400;
202300046978.0;5;69;69118;2;3;1.0;2.0;45,56456700;4,80352000;
202300046979.0;1;06;06073;1;1;1.0;6.0;44,18874300;7,05350200;
202300046980.0;5;971;97104;2;1;1.0;3.0;16,01225200; -61,74276900;
202300046981.0;1;28;28194;1;1;1.0;7.0;48,43760000;1,65137200;
202300046982.0;2;09;09327;1;1;1.0;7.0;42,99108800;1,74167600;
202300046983.0;1;45;45244;1;1;1.0;1.0;47,77142100;2,42126200;
202300046984.0;1;77;77264;1;1;1.0;1.0;48,70283090;2,91785112;
202300046985.0;1;91;91103;1;6;1.0;3.0;48,57845300;2,29858900;
202300046986.0;1;2B;2B301;1;1;1.0;6.0;42,66058500;9,12601200;
202300046987.0;1;66;66141;1;1;1.0;7.0;42,76960300;2,90021900;
202300046988.0;1;34;34183;2;6;7.0;3.0;43,29093200;3,11849200;
202300046989.0;3;84;84132;1;1;1.0;7.0;43,88282700;5,00436900;
202300046990.0;1;13;13081;1;4;1.0;1.0;43,49158400;5,21878500;
202300046991.0;1;13;13086;2;6;1.0;2.0;43,33821400;5,60119300;
202300046992.0;1;26;26124;1;1;1.0;4.0;44,83538400;4,86226600;
202300046993.0;1;68;68329;2;1;1.0;3.0;48,05058900;7,11023600;
202300046994.0;1;73;73068;1;2;1.0;3.0;45,56208100;6,20595600;
202300046995.0;2;38;38110;1;2;1.0;5.0;45,56622700;4,85840300;
202300046996.0;1;17;17147;2;1;1.0;6.0;45,81060400; -0,55308200;
202300046997.0;1;33;33539;1;3;1.0;3.0;44,88410100; -0,34046900;
202300046998.0;1;44;44205;1;1;1.0;7.0;47,43579100; -1,44941200;
202300046999.0;1;27;27016;2;3;1.0;1.0;49,24570300;1,39694000;
202300047000.0;1;60;60666;1;1;1.0;7.0;49,09687100;2,69765900;
202300047001.0;3;60;60446;1;1;1.0;6.0;49,13379500;2,79812300;
202300047002.0;1;62;62471;2;3;1.0;3.0;50,65312973;2,22279224;
202300047003.0;1;40;40036;1;9;1.0;6.0;43,64149500; -1,37859100;
202300047004.0;1;09;09268;1;1;1.0;1.0;42,99322300;1,14034800;
202300047005.0;1;974;97415;2;9;1.0;3.0; -21,04210400;55,26767900;
202300047006.0;2;35;35175;2;3;1.0;6.0;47,89592400; -1,97528100;
202300047007.0;1;22;22172;1;3;1.0;3.0;48,53748000; -2,22417400;
202300047008.0;1;71;71075;1;1;1.0;6.0;46,63101200;3,86539600;
202300047009.0;1;95;95052;2;4;1.0;2.0;49,13858600;2,29166900;
202300047010.0;1;06;06161;2;1;1.0;3.0;43,63898300;7,13350900;
202300047011.0;3;29;29181;1;1;5.0;5.0;48,48643000; -4,27531543;
202300047012.0;1;51;51364;1;1;1.0;7.0;49,23488970;3,87935400;
202300047013.0;1;59;59149;2;2;1.0;1.0;50,08301800;3,40222100;
202300047014.0;1;71;71120;2;1;1.0;2.0;46,20813400;4,32488600;
202300047015.0;1;49;49218;2;2;1.0;1.0;47,28077800; -1,11666000;
202300047016.0;1;12;12208;2;1;1.0;7.0;43,95725600;2,87488300;
202300047017.0;1;35;35207;1;3;1.0;2.0;48,07837164; -1,51250035;
202300047018.0;1;29;29113;1;1;1.0;6.0;48,63733300; -3,72528800;
202300047019.0;1;29;29076;2;2;1.0;3.0;48,47682509; -4,56681709;
202300047020.0;3;38;38287;2;1;1.0;6.0;45,43944300;5,50437300;
202300047021.0;1;72;72039;1;1;1.0;6.0;48,17252500;0,47288400;
202300047022.0;1;50;50639;2;1;1.0;6.0;48,83819800; -1,22237100;
202300047023.0;1;73;73224;1;1;1.0;3.0;45,34937100;6,30610900;
202300047024.0;1;43;43200;1;1;1.0;7.0;45,03557900;4,09755700;
202300047025.0;1;53;53010;1;1;3.0;7.0;48,14269500; -0,30108300;
202300047026.0;2;30;30082;1;1;1.0;7.0;43,85923000;4,22666800;
202300047027.0;1;30;30029;1;1;1.0;6.0;44,33646300;4,36041900;
202300047028.0;1;69;69244;2;1;1.0;1.0;45,75828852;4,75402459;
202300047029.0;1;28;28392;1;1;1.0;6.0;48,23588100;1,84990100;
202300047030.0;1;974;97418;2;3;1.0;3.0; -20,90896200;55,52033700;
202300047031.0;1;33;33097;2;1;1.0;1.0;45,07901300; -1,03759600;
202300047032.0;1;2B;2B313;2;1;1.0;6.0;42,37517100;9,52996900;
202300047033.0;1;66;66182;2;1;1.0;3.0;42,72454000;3,03598200;
202300047034.0;4;83;83047;2;1;1.0;7.0;43,11889200;6,06401900;
202300047035.0;1;83;83016;1;4;1.0;1.0;43,20638800;5,81023100;
202300047036.0;1;71;71590;1;1;1.0;6.0;46,45157800;4,17680000;
202300047037.0;1;68;68154;2;1;1.0;6.0;47,76384200;7,36573800;
202300047038.0;1;55;55336;1;1;7.0;1.0;49,37984100;5,48223700;
202300047039.0;1;69;69138;1;1;1.0;2.0;45,70463600;4,52580900;
202300047040.0;1;69;69010;1;1;1.0;3.0;45,83973137;4,60427564;
202300047041.0;1;09;09334;1;1;1.0;7.0;42,80646300;1,42050700;
202300047042.0;1;16;16353;1;1;1.0;1.0;45,68036900;0,44589500;
202300047043.0;1;40;40114;1;1;1.0;7.0;43,78162900; -1,07099500;
202300047044.0;1;85;85019;1;1;1.0;7.0;46,75325500; -1,42698900;
202300047045.0;3;85;85015;1;3;1.0;2.0;46,81459900; -1,46386400;
202300047046.0;1;35;35273;2;3;1.0;6.0;48,40533200; -1,26342800;
202300047047.0;3;27;27624;2;6;1.0;6.0;49,19404100;1,10930300;
202300047048.0;1;27;27016;2;3;1.0;6.0;49,24340100;1,40319500;
202300047049.0;1;80;80110;1;3;1.0;6.0;50,17374400;1,65913900;
202300047050.0;3;59;59586;2;2;1.0;3.0;50,53324500;3,17247400;
202300047051.0;5;93;93066;2;1;1.0;3.0;48,94479608;2,36298095;
202300047052.0;1;93;93071;2;1;1.0;6.0;48,93455169;2,51685024;
202300047053.0;1;93;93066;2;9;1.0;1.0;48,94443217;2,34229906;
202300047054.0;1;93;93039;2;1;1.0;5.0;48,91890697;2,32846669;
202300047055.0;1;93;93049;2;5;1.0;1.0;48,85271000;2,51199000;
202300047056.0;1;93;93064;2;1;1.0;3.0;48,86175000;2,48269000;
202300047057.0;1;93;93057;2;3;1.0;3.0;48,90255000;2,51156000;
202300047058.0;2;93;93046;2;2;1.0;3.0;48,91197646;2,52076582;
202300047059.0;1;93;93074;2;1;1.0;7.0;48,93587658;2,57633418;
202300047060.0;1;93;93032;2;3;1.0;6.0;48,87699000;2,55733000;
202300047061.0;1;93;93031;2;1;1.0;5.0;48,95710000;2,31050000;
202300047062.0;1;93;93027;2;1;7.0;6.0;48,92337000;2,38532000;
202300047063.0;1;80;80136;2;9;1.0;1.0;49,94117400;2,72003900;
202300047064.0;1;83;83058;1;1;3.0;6.0;43,51967600;6,33654700;
202300047065.0;1;22;22206;2;1;1.0;6.0;48,54169200; -2,97396400;
202300047066.0;1;33;33154;2;1;1.0;2.0;45,09753000; -0,04647700;
202300047067.0;4;33;33225;1;1;1.0;6.0;44,58985300; -0,45813700;
202300047068.0;2;49;49092;1;2;1.0;3.0;47,27417400; -0,66615900;
202300047069.0;3;42;42003;1;1;1.0;7.0;46,13082100;3,89389700;
202300047070.0;1;79;79095;2;2;1.0;5.0;46,18491900;0,02812000;
202300047071.0;1;85;85153;1;1;1.0;6.0;46,77485000; -1,05006800;
202300047072.0;1;44;44196;1;1;1.0;1.0;47,53559300; -2,05429300;
202300047073.0;1;57;57133;1;1;1.0;7.0;48,84980600;6,63133800;
202300047074.0;1;51;51550;1;1;1.0;1.0;48,70461300;4,36234500;
202300047075.0;1;76;76523;1;1;1.0;7.0;49,82527600;1,59700900;
202300047076.0;1;79;79196;1;1;1.0;4.0;46,88939600; -0,07025200;
202300047077.0;1;80;80695;1;1;1.0;7.0;50,02254800;2,91047600;
202300047078.0;5;82;82031;2;1;1.0;7.0;44,03040000;1,04681300;
202300047079.0;1;69;69006;2;3;1.0;3.0;45,97724400;4,33374700;
202300047080.0;1;81;81124;2;1;1.0;7.0;43,70664000;2,68616800;
202300047081.0;1;63;63195;2;1;1.0;2.0;45,82791100;3,38054500;
202300047082.0;1;61;61121;1;1;1.0;6.0;48,46960600;0,49453400;
202300047083.0;1;47;47306;1;4;1.0;2.0;44,36593081;0,50982524;
202300047084.0;1;47;47222;1;1;1.0;7.0;44,28921200;0,12561200;
202300047085.0;3;34;34332;1;1;1.0;3.0;43,31485900;3,38258700;
202300047086.0;1;39;39325;2;4;1.0;1.0;46,90172000;5,79320700;
202300047087.0;2;25;25285;1;1;1.0;7.0;47,03810900;6,57708800;
202300047088.0;1;25;25085;1;1;1.0;6.0;46,83565000;6,21066500;
202300047089.0;1;44;44169;1;3;1.0;3.0;47,25169356; -1,40135989;
202300047090.0;1;31;31483;1;1;1.0;2.0;43,12009665;0,72731584;
202300047091.0;1;02;02321;2;1;1.0;6.0;49,85131500;3,89714800;
202300047092.0;1;03;03043;1;1;1.0;6.0;46,18575800;3,25811100;
202300047093.0;1;03;03122;1;2;1.0;3.0;46,49695600;3,06605500;
202300047094.0;1;01;01246;1;2;1.0;3.0;46,24793500;5,03647500;
202300047095.0;2;58;58003;2;1;1.0;1.0;47,22174300;4,20308100;
202300047096.0;1;66;66049;2;1;7.0;6.0;42,49493900;2,74283200;
202300047097.0;3;14;14552;2;1;1.0;6.0;49,31043600; -0,62671800;
202300047098.0;1;60;60509;2;1;1.0;1.0;49,31689100;2,60429600;
202300047099.0;1;64;64161;1;1;1.0;7.0;43,46905400; -1,07279800;
202300047100.0;1;64;64417;2;1;1.0;6.0;43,17971900; -0,26039400;
202300047101.0;1;73;73109;1;1;1.0;6.0;45,46745339;6,29143039;
202300047102.0;1;36;36156;1;1;7.0;7.0;46,45982067;2,13873227;
202300047103.0;1;07;07079;1;3;1.0;1.0;44,98626900;4,53589400;
202300047104.0;1;53;53097;2;1;1.0;3.0;48,15502300; -0,40494400;
202300047105.0;1;40;40102;2;1;1.0;6.0;43,99346100;0,01462700;
202300047106.0;1;24;24252;1;3;1.0;1.0;44,93687700;1,21174700;
202300047107.0;1;28;28240;1;1;1.0;1.0;48,48021200;0,95353600;
202300047108.0;1;37;37152;1;1;1.0;6.0;47,45749322;0,67123961;
202300047109.0;2;52;52194;2;1;1.0;4.0;48,58374100;5,03924300;
202300047110.0;3;13;13112;1;6;1.0;7.0;43,53123589;5,19934416;
202300047111.0;1;42;42256;2;1;1.0;6.0;45,49772961;4,16540851;
202300047112.0;1;44;44069;2;6;1.0;2.0;47,33027600; -2,42429300;
202300047113.0;1;11;11170;1;1;1.0;3.0;43,10985000;3,06372600;
202300047114.0;1;30;30258;1;1;3.0;6.0;43,75684900;4,42818200;
202300047115.0;2;69;69007;1;3;1.0;3.0;45,49590200;4,82446800;
202300047116.0;1;974;97421;1;1;1.0;3.0; -21,03248600;55,48954000;
202300047117.0;3;28;28062;1;1;1.0;6.0;48,76524500;1,52601900;
202300047118.0;1;18;18207;2;3;1.0;3.0;46,99143800;2,24073100;
202300047119.0;1;91;91132;1;1;1.0;2.0;48,51804000;2,20419600;
202300047120.0;2;83;83065;1;1;1.0;5.0;43,26033700;6,58952800;