Num_Acc;lum;departement;commune;agglomeration;intersection;meteo;type_collision;lat;long;date
202300047121.0;1;13;13022;1;1;1.0;1.0;43,22290100;5,54976800;
202300047122.0;1;89;89206;1;1;1.0;3.0;48,03907000;3,42824900;
202300047123.0;1;68;68028;2;1;1.0;2.0;48,20493900;7,35383100;
202300047124.0;1;67;67492;1;1;1.0;1.0;48,59309000;7,47765500;
202300047125.0;2;03;03235;1;2;1.0;3.0;46,28876000;3,55929100;
202300047126.0;1;01;01211;1;4;1.0;7.0;46,13341200;5,19164100;
202300047127.0;1;69;69243;1;1;1.0;3.0;45,89046053;4,45168644;
202300047128.0;2;44;44179;2;6;1.0;6.0;47,36549900; -1,40781600;
202300047129.0;1;22;22279;2;1;1.0;6.0;48,18914700; -2,84672500;
202300047130.0;1;60;60589;2;1;1.0;3.0;49,22875600;2,45686100;
202300047131.0;1;60;60157;2;2;1.0;6.0;49,38138100;2,42842900;
202300047132.0;1;60;60411;1;1;1.0;7.0;49,20543000;1,96114500;
202300047133.0;1;02;02290;1;2;1.0;3.0;49,03446400;3,32621800;
202300047134.0;1;80;80386;1;1;1.0;7.0;49,68323500;2,55981400;
202300047135.0;1;45;45068;2;9;1.0;6.0;48,02343000;2,73192000;
202300047136.0;1;75;75111;2;3;1.0;3.0;48,85330400;2,37573500;
202300047137.0;1;57;57606;2;1;7.0;6.0;49,10774951;6,71429873;
202300047138.0;5;971;97101;1;3;1.0;3.0;16,27676221; -61,50812745;
202300047139.0;5;92;92073;2;1;1.0;6.0;48,87164285;2,21885991;
202300047140.0;1;75;75112;2;5;1.0;3.0;48,82919000;2,39024900;
202300047141.0;1;93;93070;2;1;1.0;3.0;48,90818000;2,33262000;
202300047142.0;3;78;78321;1;1;1.0;3.0;48,79853000;1,91447000;
202300047143.0;3;974;97416;1;1;1.0;6.0; -21,31117000;55,49636000;
202300047144.0;1;974;97416;2;1;1.0;3.0; -21,34365000;55,47246000;
202300047145.0;5;974;97411;2;6;1.0;3.0; -20,89742000;55,47506000;
202300047146.0;1;973;97302;2;3;2.0;6.0;4,92762877; -52,32193646;
202300047147.0;1;13;13051;1;9;1.0;3.0;43,59009000;5,19069700;
202300047148.0;1;972;97228;2;1;8.0;7.0;14,74143900; -61,01757800;
202300047149.0;5;37;37003;1;1;3.0;1.0;47,42174804;1,01385355;
202300047150.0;1;77;77005;1;6;3.0;3.0;48,92099700;2,71663100;
202300047151.0;5;66;66190;2;1;1.0;3.0;42,82962672;2,91867256;
202300047152.0;1;84;84019;1;1;3.0;1.0;44,27258100;4,79885900;
202300047153.0;1;13;13014;2;6;1.0;1.0;43,47241800;5,16533400;
202300047154.0;3;13;13097;1;3;2.0;3.0;43,59459600;4,76113600;
202300047155.0;1;13;13027;1;2;2.0;3.0;43,86256700;4,84962700;
202300047156.0;5;68;68154;2;9;2.0;1.0;47,77292100;7,38938400;
202300047157.0;2;31;31249;1;1;1.0;6.0;43,47465300;1,65583000;
202300047158.0;5;19;19101;2;1;2.0;6.0;45,24900200;1,78359500;
202300047159.0;1;14;14066;1;1;6.0;6.0;49,32176000; -0,42592600;
202300047160.0;2;22;22262;2;1;6.0;7.0;48,39906900; -2,91289200;
202300047161.0;3;83;83144;1;1;1.0;6.0;43,14109384;6,00284963;
202300047162.0;1;69;69152;1;1;1.0;2.0;45,70799000;4,83015000;
202300047163.0;4;33;33039;1;1;2.0;2.0;44,79640000; -0,53850000;
202300047164.0;1;91;91363;1;1;2.0;6.0;48,66818000;2,19396000;
202300047165.0;1;91;91617;1;1;8.0;6.0;48,63500000;2,53500000;
202300047166.0;1;91;91161;2;2;2.0;2.0;48,69949000;2,31242000;
202300047167.0;1;92;92072;1;1;2.0;6.0;48,82602589;2,22262601;
202300047168.0;1;93;93027;1;1;8.0;5.0;48,92559000;2,39789000;
202300047169.0;3;93;93006;1;1;1.0;6.0;48,86612000;2,42297000;
202300047170.0;3;77;77258;1;1;3.0;6.0;48,83047833;2,63269369;
202300047171.0;1;73;73227;1;1;1.0;7.0;45,44492800;6,59855600;
202300047172.0;1;38;38544;2;4;3.0;5.0;45,52558000;4,90754000;
202300047173.0;1;38;38544;2;3;1.0;6.0;45,50806000;4,85962000;
202300047174.0;5;38;38544;2;3;3.0;6.0;45,52800000;4,87400000;
202300047175.0;3;38;38484;1;1;1.0;5.0;45,55065000;4,93472000;
202300047176.0;1;59;59431;1;3;1.0;3.0;50,68335000;2,84054000;
202300047177.0;1;35;35281;1;2;1.0;6.0;48,06930000; -1,69753000;
202300047178.0;1;11;11262;2;1;1.0;6.0;43,17991000;3,01136000;
202300047179.0;1;976;97611;1;1;1.0;1.0; -12,79072000;45,22298000;
202300047180.0;1;974;97416;1;1;1.0;4.0; -21,30957000;55,49763000;
202300047181.0;1;974;97411;2;3;1.0;3.0; -20,89191000;55,46746000;
202300047182.0;4;974;97411;2;2;1.0;3.0; -20,88905000;55,47579000;
202300047183.0;3;972;97213;1;1;2.0;1.0;14,60403420; -61,00230930;
202300047184.0;1;69;69034;2;2;1.0;6.0;45,80098000;4,85527000;
202300047185.0;1;2B;2B120;1;1;1.0;2.0;42,64950000;9,44040000;
202300047186.0;1;971;97101;2;1;1.0;1.0;16,26214000; -61,50176000;
202300047187.0;1;2A;2A004;2;6;1.0;3.0;41,93761200;8,75049100;
202300047188.0;2;95;95019;2;7;1.0;3.0;48,98590000;2,41956000;
202300047189.0;3;95;95510;1;1;2.0;5.0;49,05823249;2,00352430;
202300047190.0;2;91;91326;2;1;2.0;2.0;48,68559000;2,37394000;
202300047191.0;1;87;87065;1;1;2.0;6.0;45,79923000;1,29617000;
202300047192.0;5;87;87085;2;1;3.0;1.0;45,84965000;1,26298000;
202300047193.0;1;85;85194;1;1;1.0;1.0;46,53242200; -1,75145500;
202300047194.0;5;84;84087;2;1;1.0;6.0;44,13937000;4,81436000;
202300047195.0;1;84;84007;2;3;1.0;3.0;43,92893000;4,82448000;
202300047196.0;1;84;84007;2;2;1.0;3.0;43,93848000;4,82006000;
202300047197.0;1;84;84007;2;2;1.0;3.0;43,93418000;4,83146000;
202300047198.0;1;83;83137;2;3;1.0;3.0;43,13123280;5,91949940;
202300047199.0;1;80;80489;2;3;1.0;5.0;49,87703000;2,35018000;
202300047200.0;2;79;79329;2;1;8.0;2.0;46,97650600; -0,20203000;
202300047201.0;5;76;76540;2;3;2.0;1.0;49,44915000;1,04783000;
202300047202.0;1;76;76322;1;1;1.0;2.0;49,41843000;1,04859000;
202300047203.0;1;74;74118;2;9;2.0;3.0;46,18148000;6,23011000;
202300047204.0;5;72;72181;2;9;1.0;3.0;48,02479000;0,18586000;
202300047205.0;1;72;72181;2;9;1.0;3.0;48,01449000;0,21595000;
202300047206.0;5;72;72181;2;9;1.0;3.0;47,96246000;0,21384000;
202300047207.0;1;72;72003;1;1;2.0;3.0;47,94352000;0,14547000;
202300047208.0;1;71;71118;2;9;1.0;2.0;46,79328000;4,82969000;
202300047209.0;3;69;69199;1;1;1.0;2.0;45,69500000;4,84470000;
202300047210.0;5;69;69290;2;1;1.0;3.0;45,70088000;4,91910000;
202300047211.0;3;67;67482;2;8;3.0;5.0;48,55154000;7,74315000;
202300047212.0;5;67;67482;2;1;3.0;6.0;48,57800000;7,75400000;
202300047213.0;2;67;67365;2;1;2.0;3.0;48,54690000;7,71156000;
202300047214.0;2;67;67462;2;6;2.0;6.0;48,27628000;7,46347000;
202300047215.0;1;64;64483;2;1;1.0;3.0;43,39391000; -1,65033000;
202300047216.0;1;61;61006;2;1;1.0;6.0;48,73265000; -0,03306000;
202300047217.0;5;59;59350;2;3;2.0;6.0;50,62148000;3,08660000;
202300047218.0;5;59;59350;2;2;2.0;1.0;50,63263000;3,01742000;
202300047219.0;1;59;59636;2;3;1.0;6.0;50,68636000;3,05321000;
202300047220.0;1;59;59368;2;2;2.0;1.0;50,64844000;3,07835000;
202300047221.0;1;57;57019;2;6;3.0;7.0;49,24637737;6,13577843;
202300047222.0;1;56;56107;1;6;3.0;7.0;47,71122000; -3,39641000;
202300047223.0;1;54;54395;2;3;2.0;1.0;48,67075988;6,16698593;
202300047224.0;5;54;54184;2;9;2.0;2.0;48,70485863;6,23378098;
202300047225.0;1;92;92024;2;1;8.0;6.0;48,90364000;2,29836000;
202300047226.0;1;92;92023;2;1;1.0;3.0;48,80880100;2,27378100;
202300047227.0;1;54;54439;2;3;1.0;3.0;48,70477367;6,25064671;
202300047228.0;5;92;92023;2;1;1.0;6.0;48,78708500;2,25577400;
202300047229.0;1;68;68112;2;1;1.0;1.0;47,90257000;7,22878400;
202300047230.0;3;54;54367;1;1;2.0;2.0;49,50658000;5,77400000;
202300047231.0;1;51;51454;2;1;1.0;6.0;49,27591000;4,03910000;
202300047232.0;1;67;67179;1;1;1.0;6.0;48,72562300;7,32699000;
202300047233.0;1;51;51454;2;3;2.0;3.0;49,23214000;4,06695000;
202300047234.0;1;54;54514;1;1;1.0;4.0;49,50803800;5,61768300;
202300047235.0;1;49;49353;2;1;2.0;6.0;47,44551000; -0,46492000;
202300047236.0;3;22;22389;1;1;1.0;6.0;48,48198000; -2,68481000;
202300047237.0;1;06;06075;1;1;2.0;6.0;43,85435900;7,19803000;
202300047238.0;1;47;47323;1;1;2.0;2.0;44,40792000;0,74459000;
202300047239.0;1;60;60320;1;1;1.0;7.0;49,19546888;3,02938678;
202300047240.0;1;21;21650;1;1;1.0;2.0;47,27567700;4,83673100;
202300047241.0;1;47;47001;2;3;1.0;3.0;44,19703000;0,61988000;
202300047242.0;1;62;62072;1;1;1.0;7.0;50,21393300;2,58103100;
202300047243.0;3;37;37010;1;1;1.0;3.0;47,52276370;0,92858863;
202300047244.0;1;47;47001;2;3;8.0;3.0;44,20451318;0,62636447;
202300047245.0;1;56;56036;1;3;1.0;3.0;47,84335300; -3,31376200;
202300047246.0;1;47;47031;2;1;1.0;2.0;44,18120000;0,63371000;
202300047247.0;1;82;82186;2;3;1.0;6.0;44,11122700;0,89221500;
202300047248.0;5;45;45232;2;1;8.0;6.0;47,84640146;1,88873863;
202300047249.0;1;33;33485;1;1;2.0;1.0;44,83675800; -0,14571000;
202300047250.0;1;69;69248;1;1;2.0;1.0;46,01096283;4,31451697;
202300047251.0;2;37;37233;2;1;8.0;5.0;47,38114000;0,74723000;
202300047252.0;1;71;71162;1;1;1.0;1.0;46,97678400;4,40713000;
202300047253.0;1;25;25104;1;1;1.0;7.0;47,00758800;5,89591900;
202300047254.0;1;37;37233;2;1;1.0;3.0;47,39504000;0,71439000;
202300047255.0;1;50;50197;1;2;1.0;6.0;48,86388500; -1,39032300;
202300047256.0;2;60;60508;2;1;2.0;1.0;49,30289200;2,66137300;
202300047257.0;5;35;35238;2;1;1.0;3.0;48,10539000; -1,67780000;
202300047258.0;1;36;36182;1;1;1.0;7.0;46,44608088;1,39317106;
202300047259.0;1;40;40049;1;3;3.0;6.0;43,76962500; -0,33500200;
202300047260.0;1;27;27198;2;1;1.0;6.0;48,87015800;1,07513100;
202300047261.0;1;35;35238;2;2;1.0;6.0;48,08494000; -1,66065000;
202300047262.0;3;30;30179;2;4;1.0;6.0;43,88350900;4,59310900;
202300047263.0;3;48;48009;1;1;2.0;6.0;44,65276800;3,27661900;
202300047264.0;1;34;34172;2;1;3.0;3.0;43,62056000;3,85611000;
202300047265.0;1;48;48027;1;1;3.0;6.0;44,50387400;3,71140400;
202300047266.0;1;08;08367;2;1;1.0;6.0;49,92935900;4,62336100;
202300047267.0;5;33;33069;2;2;1.0;3.0;44,85709000; -0,59113000;
202300047268.0;1;88;88011;2;1;1.0;2.0;48,11928800;6,52845900;
202300047269.0;1;33;33529;2;2;1.0;3.0;44,63564168; -1,14450663;
202300047270.0;1;95;95394;2;3;1.0;2.0;49,05909500;2,18844700;
202300047271.0;1;95;95604;1;6;1.0;1.0;49,09898600;2,53129700;
202300047272.0;1;33;33529;1;1;1.0;4.0;44,60239000; -1,17276000;
202300047273.0;3;38;38530;1;1;1.0;4.0;45,62712400;5,17211400;
202300047274.0;3;29;29019;2;3;1.0;1.0;48,39806700; -4,47466800;
202300047275.0;5;33;33199;2;3;1.0;1.0;44,63664816; -1,09732792;
202300047276.0;1;29;29019;2;1;1.0;6.0;48,40034000; -4,49714000;
202300047277.0;2;13;13035;1;1;1.0;1.0;43,68564100;5,05534200;
202300047278.0;1;29;29019;2;6;2.0;1.0;48,41565000; -4,46225100;
202300047279.0;1;68;68298;2;4;1.0;6.0;48,24662600;7,18545000;
202300047280.0;1;67;67300;2;1;1.0;1.0;48,53770500;7,49883700;
202300047281.0;5;26;26198;2;1;1.0;1.0;44,55360000;4,72216000;
202300047282.0;3;57;57101;1;1;1.0;2.0;49,15788100;6,94789200;
202300047283.0;1;25;25056;2;1;2.0;6.0;47,22422000;5,97881000;
202300047284.0;1;38;38059;2;1;1.0;1.0;45,12934100;5,77742500;
202300047285.0;1;25;25056;2;1;2.0;3.0;47,22599000;5,97643000;
202300047286.0;3;69;69047;1;1;1.0;3.0;45,86878100;4,65792400;
202300047287.0;1;14;14220;2;2;1.0;6.0;49,35721000;0,07167900;
202300047288.0;1;60;60619;1;1;1.0;1.0;49,12427500;2,78666500;
202300047289.0;5;25;25147;2;1;1.0;6.0;47,23238400;5,89464800;
202300047290.0;2;13;13209;1;1;1.0;6.0;43,24198000;5,45311000;
202300047291.0;1;60;60462;1;6;1.0;1.0;49,33039400;2,19126800;
202300047292.0;1;13;13211;2;1;1.0;1.0;43,29417976;5,44155386;
202300047293.0;1;44;44120;2;6;1.0;3.0;47,20050600; -1,75964200;
202300047294.0;1;13;13210;2;1;2.0;1.0;43,27378000;5,41230000;
202300047295.0;1;31;31182;2;3;1.0;1.0;43,69700800;1,39950700;
202300047296.0;1;13;13005;2;1;1.0;3.0;43,28704000;5,60157000;
202300047297.0;1;10;10343;2;6;1.0;2.0;48,27432000;4,09101000;
202300047298.0;1;02;02714;1;1;1.0;3.0;49,37632400;3,45557600;
202300047299.0;1;59;59328;1;1;1.0;2.0;50,65582351;3,01371527;
202300047300.0;1;15;15231;1;1;7.0;7.0;45,15264200;3,05374900;
202300047301.0;1;10;10387;2;3;1.0;3.0;48,29477244;4,06279027;
202300047302.0;1;78;78297;1;1;8.0;3.0;48,79131600;2,05648500;
202300047303.0;1;05;05074;1;1;1.0;6.0;44,46716100;6,06905000;
202300047304.0;1;10;10343;2;3;2.0;3.0;48,27530000;4,08382000;
202300047305.0;1;93;93064;1;1;2.0;5.0;48,86828845;2,48218385;
202300047306.0;1;73;73278;1;1;1.0;7.0;45,37828700;6,27294700;
202300047307.0;2;10;10325;2;1;2.0;3.0;48,26480979;4,04087716;
202300047308.0;1;93;93027;1;1;8.0;3.0;48,93753987;2,41193935;
202300047309.0;5;07;07281;2;1;1.0;6.0;44,94519000;4,84682000;
202300047310.0;1;73;73121;2;1;1.0;7.0;45,63178700;6,31165300;
202300047311.0;3;93;93053;1;1;1.0;2.0;48,88411231;2,46310523;
202300047312.0;1;42;42044;2;1;1.0;6.0;45,39569304;4,31775916;
202300047313.0;1;06;06088;2;2;1.0;6.0;43,70721000;7,28601000;
202300047314.0;1;40;40197;2;1;1.0;6.0;44,03367200; -0,91260800;
202300047315.0;1;06;06029;2;1;1.0;6.0;43,55180000;7,01826000;
202300047316.0;5;06;06069;2;1;1.0;2.0;43,65154000;6,94522000;
202300047317.0;1;04;04070;2;1;1.0;3.0;44,09489000;6,23561000;
202300047318.0;3;85;85008;1;1;1.0;1.0;46,57948300; -1,49261700;
202300047319.0;1;13;13056;1;1;1.0;2.0;43,39669000;5,04353000;
202300047320.0;5;01;01053;2;1;3.0;6.0;46,20196700;5,23200300;
202300047321.0;1;2A;2A004;2;1;1.0;6.0;41,93673000;8,74265000;
202300047322.0;1;48;48127;1;1;1.0;6.0;44,60738800;3,41595400;
202300047323.0;2;75;75112;2;1;1.0;3.0;48,83869200;2,41299900;
202300047324.0;5;76;76351;2;1;1.0;6.0;49,51303000;0,16233000;
202300047325.0;2;75;75119;2;4;1.0;6.0;48,88596866;2,39759132;
202300047326.0;5;13;13028;2;1;1.0;1.0;43,17447000;5,60760000;
202300047327.0;1;08;08243;1;1;7.0;1.0;49,66742413;4,36355925;
202300047328.0;1;88;88530;1;1;1.0;6.0;48,05083300;6,40895600;
202300047329.0;1;974;97416;1;1;1.0;4.0; -21,32775000;55,45111000;
202300047330.0;1;75;75117;2;1;8.0;5.0;48,88642300;2,28929700;
202300047331.0;1;974;97416;1;6;1.0;6.0; -21,33683000;55,48805000;
202300047332.0;1;75;75120;2;3;8.0;6.0;48,85515500;2,41144060;
202300047333.0;1;68;68266;1;1;1.0;4.0;47,89432000;7,37440100;
202300047334.0;1;973;97302;1;1;2.0;7.0;4,92103000; -52,33034000;
202300047335.0;5;75;75120;2;3;8.0;2.0;48,87336700;2,41025600;
202300047336.0;1;68;68228;1;1;1.0;2.0;47,93428000;7,36023100;
202300047337.0;1;972;97213;1;1;1.0;7.0;14,61840000; -61,03203000;
202300047338.0;1;24;24234;1;1;1.0;1.0;44,98028200;0,39962800;
202300047339.0;2;972;97213;1;1;1.0;4.0;14,61801000; -61,03540000;
202300047340.0;1;75;75119;2;2;1.0;6.0;48,88323700;2,38793300;
202300047341.0;1;34;34123;2;1;1.0;7.0;43,61863700;3,79188700;
202300047342.0;5;75;75119;2;4;1.0;2.0;48,88288700;2,37060000;
202300047343.0;1;69;69389;2;3;1.0;3.0;45,77861000;4,80512000;
202300047344.0;5;987;98733;2;1;1.0;6.0; -17,69600000; -149,54800000;
202300047345.0;1;75;75116;2;2;1.0;3.0;48,86296000;2,27265500;
202300047346.0;1;2A;2A004;2;2;1.0;3.0;41,93511000;8,75082000;
202300047347.0;5;75;75112;2;2;1.0;3.0;48,84644400;2,37894700;
202300047348.0;3;971;97115;1;2;1.0;3.0;16,27709000; -61,66339000;
202300047349.0;1;2A;2A004;2;3;1.0;3.0;41,92638000;8,73830000;
202300047350.0;1;75;75111;2;3;1.0;3.0;48,85278200;2,38875700;
202300047351.0;1;2A;2A004;2;1;1.0;2.0;41,90788000;8,70650600;
202300047352.0;1;77;77474;1;1;1.0;2.0;48,95789000;2,80177100;
202300047353.0;1;75;75108;2;2;8.0;7.0;48,86906300;2,31030500;
202300047354.0;1;95;95555;2;9;2.0;3.0;48,96281000;2,28690000;
202300047355.0;1;94;94081;2;1;1.0;2.0;48,79645386;2,38467667;
202300047356.0;3;77;77031;1;1;1.0;2.0;48,67057300;2,95637400;
202300047357.0;5;94;94068;2;3;2.0;6.0;48,80128724;2,49456305;
202300047358.0;1;91;91339;1;1;1.0;2.0;48,63141100;2,26402500;
202300047359.0;5;94;94068;2;1;1.0;6.0;48,80061918;2,49609382;
202300047360.0;1;87;87085;2;3;1.0;6.0;45,82849000;1,25620000;
202300047361.0;1;77;77211;1;2;7.0;1.0;48,59299500;2,98437100;
202300047362.0;1;87;87085;2;1;1.0;4.0;45,82477000;1,25903000;
202300047363.0;1;13;13042;1;1;1.0;6.0;43,31564700;5,66905800;
202300047364.0;5;94;94003;2;9;1.0;3.0;48,80786235;2,33340302;
202300047365.0;1;87;87085;2;3;1.0;6.0;45,83050000;1,25536000;
202300047366.0;1;51;51250;1;1;1.0;3.0;49,30898000;3,69606300;
202300047367.0;1;83;83137;2;1;1.0;6.0;43,13065000;5,95525000;
202300047368.0;1;68;68045;2;1;1.0;6.0;47,77467700;7,05886600;
202300047369.0;1;80;80021;2;1;1.0;6.0;49,92019000;2,26729000;
202300047370.0;5;94;94054;2;3;2.0;6.0;48,74885591;2,40666783;
202300047371.0;1;80;80021;2;1;1.0;6.0;49,91515000;2,24684000;
202300047372.0;1;54;54196;1;3;1.0;3.0;48,55473935;6,18935823;
202300047373.0;5;93;93066;2;1;2.0;3.0;48,92481000;2,36800000;
202300047374.0;1;80;80021;2;9;7.0;1.0;49,88655000;2,27863000;
202300047375.0;1;93;93066;2;5;8.0;3.0;48,93360000;2,37151000;
202300047376.0;1;72;72378;1;9;1.0;2.0;47,83022700; -0,28405700;
202300047377.0;1;80;80021;2;6;1.0;3.0;49,92626000;2,28722000;
202300047378.0;1;93;93055;2;9;1.0;3.0;48,89110840;2,40200986;
202300047379.0;1;44;44103;1;1;1.0;1.0;47,32571500; -2,16944400;
202300047380.0;5;93;93010;2;1;3.0;6.0;48,90461333;2,47046154;
202300047381.0;1;60;60170;1;1;7.0;3.0;49,20338300;2,56026500;
202300047382.0;5;93;93051;2;2;2.0;3.0;48,84651000;2,56811000;
202300047383.0;1;77;77058;2;1;1.0;2.0;48,84983700;2,73407100;
202300047384.0;5;93;93007;2;1;8.0;6.0;48,94007639;2,45772421;
202300047385.0;1;76;76484;1;1;1.0;6.0;49,35618000;1,08380000;
202300047386.0;1;74;74010;2;1;1.0;3.0;45,88517000;6,11789000;
202300047387.0;2;92;92073;2;2;1.0;3.0;48,85957585;2,21367234;
202300047388.0;1;13;13081;1;1;1.0;4.0;43,49418000;5,24015000;
202300047389.0;1;72;72181;2;1;2.0;6.0;48,00400000;0,20100000;
202300047390.0;1;92;92024;2;1;2.0;2.0;48,90233906;2,31396818;
202300047391.0;1;69;69259;1;1;1.0;3.0;45,72309000;4,88929000;
202300047392.0;3;92;92012;2;1;1.0;3.0;48,82851467;2,25413203;
202300047393.0;1;67;67482;2;1;1.0;1.0;48,57344000;7,71779000;
202300047394.0;1;22;22372;1;1;2.0;7.0;48,52424400; -2,86619800;
202300047395.0;1;67;67218;2;1;2.0;6.0;48,52660000;7,70877000;
202300047396.0;1;91;91689;1;1;1.0;4.0;48,73782388;2,31761634;
202300047397.0;2;41;41194;2;1;1.0;6.0;47,34523900;1,73621500;
202300047398.0;1;66;66136;2;1;1.0;6.0;42,69532000;2,91043000;
202300047399.0;1;43;43138;1;1;2.0;7.0;45,22217800;3,70992400;
202300047400.0;1;91;91340;1;1;1.0;3.0;48,61139000;2,43077000;
202300047401.0;1;66;66136;2;1;1.0;6.0;42,68928000;2,87799000;
202300047402.0;1;43;43038;2;1;1.0;6.0;45,36563100;3,30684600;
202300047403.0;1;78;78571;1;1;1.0;2.0;48,86542100;2,03746300;
202300047404.0;3;13;13078;2;1;1.0;7.0;43,36089800;4,87360100;
202300047405.0;1;66;66136;2;1;1.0;6.0;42,69764000;2,89235000;
202300047406.0;1;92;92036;1;1;1.0;5.0;48,93512928;2,28395155;
202300047407.0;1;65;65226;2;1;1.0;3.0;43,23847000;0,03736000;
202300047408.0;1;95;95351;1;1;1.0;2.0;49,02912935;2,50149250;
202300047409.0;2;64;64545;2;1;2.0;7.0;43,38220000; -1,72727000;
202300047410.0;5;83;83086;1;1;1.0;3.0;43,46908600;6,55486800;
202300047411.0;1;93;93064;1;1;1.0;2.0;48,87196954;2,48145735;
202300047412.0;3;72;72058;1;1;1.0;6.0;47,98625800;0,27705400;
202300047413.0;1;64;64102;2;1;1.0;6.0;43,50247000; -1,45437000;
202300047414.0;1;95;95572;1;1;1.0;2.0;49,03436988;2,10212767;
202300047415.0;1;61;61001;2;1;1.0;1.0;48,44038000;0,09778000;
202300047416.0;1;83;83054;2;9;1.0;3.0;43,16546700;6,04271700;
202300047417.0;1;95;95151;1;1;1.0;2.0;49,06401434;2,26534221;
202300047418.0;1;60;60175;2;1;1.0;3.0;49,26580000;2,49152000;
202300047419.0;1;40;40062;1;1;1.0;1.0;43,91076100; -0,56261200;
202300047420.0;1;2A;2A330;1;1;1.0;6.0;42,06506600;8,97527900;
202300047421.0;1;93;93027;1;1;1.0;2.0;48,92271000;2,38090000;
202300047422.0;5;59;59350;2;2;1.0;3.0;50,62949000;3,10030000;
202300047423.0;1;93;93064;1;1;1.0;2.0;48,87916750;2,47634149;
202300047424.0;3;33;33394;2;1;2.0;6.0;44,89054955; -0,19227952;
202300047425.0;1;93;93010;1;1;1.0;2.0;48,89094081;2,47316485;
202300047426.0;1;55;55043;2;1;1.0;6.0;49,17373000;5,38125000;
202300047427.0;1;93;93006;1;1;1.0;6.0;48,86627623;2,41437177;
202300047428.0;1;32;32429;1;2;2.0;3.0;44,03132900;0,64430400;
202300047429.0;2;93;93066;1;1;1.0;3.0;48,91618000;2,35751000;
202300047430.0;3;55;55012;1;1;1.0;6.0;48,86683700;5,60959700;
202300047431.0;1;54;54167;1;6;8.0;7.0;48,67445000;5,92339000;
202300047432.0;1;78;78440;2;1;1.0;6.0;48,97942800;1,91307800;
202300047433.0;1;44;44162;2;1;1.0;6.0;47,20846000; -1,61201000;
202300047434.0;1;54;54395;2;3;1.0;1.0;48,68500000;6,18711000;
202300047435.0;1;976;97611;2;1;2.0;3.0; -12,76213000;45,22601000;
202300047436.0;1;12;12145;1;1;1.0;6.0;44,05704900;3,12472000;
202300047437.0;1;974;97411;2;9;1.0;6.0; -20,89207000;55,48743000;
202300047438.0;1;69;69386;2;1;1.0;6.0;45,76863017;4,84004619;
202300047439.0;1;49;49007;2;1;1.0;7.0;47,45908000; -0,55440000;
202300047440.0;1;69;69382;2;2;1.0;2.0;45,75294000;4,82542000;
202300047441.0;1;38;38406;1;1;1.0;1.0;45,43851800;5,09570900;
202300047442.0;3;03;03217;1;1;1.0;6.0;46,33735100;2,64337100;
202300047443.0;3;971;97101;1;9;1.0;1.0;16,27339447; -61,51006937;
202300047444.0;1;91;91097;2;1;1.0;3.0;48,68000000;2,53000000;
202300047445.0;1;91;91228;2;1;2.0;6.0;48,62791000;2,41788000;
202300047446.0;1;49;49007;2;1;1.0;1.0;47,48698000; -0,55622000;
202300047447.0;1;70;70228;1;1;1.0;1.0;47,75031800;6,10209000;
202300047448.0;1;91;91228;1;1;1.0;3.0;48,62214000;2,41673000;
202300047449.0;1;49;49015;1;1;8.0;7.0;47,49400000; -0,59870000;
202300047450.0;5;66;66008;2;3;1.0;6.0;42,54931000;3,01893900;
202300047451.0;1;87;87085;2;1;2.0;7.0;45,81615000;1,21868000;
202300047452.0;1;78;78551;2;1;1.0;6.0;48,89542200;2,09347900;
202300047453.0;3;14;14102;1;1;2.0;6.0;49,21420900;0,22557400;
202300047454.0;1;45;45147;2;1;1.0;2.0;47,93428000;1,90158000;
202300047455.0;1;43;43141;2;3;1.0;1.0;45,18450200;4,31189000;
202300047456.0;3;36;36149;1;9;2.0;6.0;46,96350000;1,32838500;
202300047457.0;1;45;45234;2;6;1.0;2.0;47,82392000;1,93292000;
202300047458.0;1;24;24376;1;1;2.0;7.0;45,16718300;0,16423700;
202300047459.0;1;76;76351;2;3;1.0;6.0;49,49238000;0,12158000;
202300047460.0;1;27;27218;1;1;7.0;3.0;49,26155200;0,46190900;
202300047461.0;5;76;76552;2;3;3.0;6.0;49,50615974;0,07980645;
202300047462.0;1;37;37261;2;2;1.0;3.0;47,42650000;0,67939000;
202300047463.0;3;28;28352;1;1;2.0;6.0;48,59707800;1,62097700;
202300047464.0;1;73;73008;2;6;1.0;3.0;45,70442854;5,89465678;
202300047465.0;1;37;37261;2;1;1.0;6.0;47,38999000;0,68665000;
202300047466.0;1;30;30083;1;1;1.0;7.0;43,72042715;4,22433543;
202300047467.0;5;69;69275;2;6;1.0;6.0;45,77210000;4,97641000;
202300047468.0;3;52;52444;1;1;2.0;7.0;48,26402272;5,39122269;
202300047469.0;1;69;69256;2;1;1.0;1.0;45,77158856;4,93521263;
202300047470.0;1;37;37233;2;9;3.0;3.0;47,38037190;0,72962523;