Num_Acc;lum;departement;commune;agglomeration;intersection;meteo;type_collision;lat;long;date
202300047471.0;1;69;69286;2;3;2.0;3.0;45,81502000;4,88478000;
202300047472.0;1;80;80793;1;1;3.0;2.0;49,98755600;2,18144600;
202300047473.0;5;35;35238;2;1;1.0;6.0;48,12300582; -1,70962662;
202300047474.0;3;34;34320;1;1;1.0;7.0;43,66259400;3,74732500;
202300047475.0;1;69;69264;2;1;1.0;3.0;45,99502000;4,73222000;
202300047476.0;1;67;67482;2;1;1.0;6.0;48,58578000;7,72992000;
202300047477.0;1;69;69244;2;2;1.0;1.0;45,75822800;4,77474400;
202300047478.0;1;35;35238;1;1;1.0;4.0;48,11322000; -1,71859000;
202300047479.0;5;67;67482;2;1;1.0;7.0;48,58878000;7,71404000;
202300047480.0;1;39;39270;1;1;1.0;2.0;47,13550300;5,48735100;
202300047481.0;5;63;63113;2;1;1.0;6.0;45,76605000;3,08796000;
202300047482.0;5;35;35281;2;2;1.0;3.0;48,09031000; -1,69280000;
202300047483.0;1;987;98736;1;1;2.0;1.0; -17,61800000; -149,54900000;
202300047484.0;3;58;58194;2;6;1.0;7.0;46,97035000;3,12901000;
202300047485.0;5;06;06088;1;1;1.0;6.0;43,73383300;7,25421700;
202300047486.0;1;52;52448;2;1;1.0;6.0;48,64366100;4,96302700;
202300047487.0;5;35;35051;1;6;1.0;2.0;48,10209849; -1,61030710;
202300047488.0;1;49;49007;2;1;1.0;7.0;47,46369000; -0,55281000;
202300047489.0;3;51;51305;1;1;8.0;2.0;49,24027000;3,88042700;
202300047490.0;1;33;33063;2;2;1.0;3.0;44,84593000; -0,58499000;
202300047491.0;1;49;49007;1;1;1.0;7.0;47,46483000; -0,57486000;
202300047492.0;1;30;30185;1;1;1.0;3.0;43,73868600;4,20181300;
202300047493.0;1;33;33069;2;1;1.0;3.0;44,87554585; -0,62447727;
202300047494.0;1;46;46042;1;1;1.0;1.0;44,49213000;1,40586000;
202300047495.0;3;30;30036;1;1;1.0;2.0;43,78052669;4,28938946;
202300047496.0;1;31;31555;2;1;1.0;1.0;43,60136900;1,40368000;
202300047497.0;1;45;45285;2;1;1.0;3.0;47,90500000;1,86700000;
202300047498.0;1;987;98729;1;1;1.0;3.0; -17,57700000; -150,20200000;
202300047499.0;1;42;42095;2;7;1.0;6.0;45,39120000;4,29085000;
202300047500.0;3;31;31555;2;9;1.0;3.0;43,59628779;1,43202737;
202300047501.0;2;971;97104;2;1;1.0;1.0;16,02229300; -61,74272400;
202300047502.0;1;35;35238;2;3;1.0;3.0;48,09785438; -1,65525287;
202300047503.0;1;35;35051;1;1;1.0;6.0;48,14990000; -1,60574000;
202300047504.0;1;30;30028;2;3;1.0;6.0;44,16600000;4,61920000;
202300047505.0;1;37;37072;2;1;1.0;6.0;47,17258065;0,24820089;
202300047506.0;1;95;95120;2;2;8.0;7.0;49,08537900;2,19745100;
202300047507.0;1;75;75111;2;9;2.0;3.0;48,85284200;2,38845400;
202300047508.0;1;35;35238;2;2;1.0;3.0;48,09220000; -1,67480000;
202300047509.0;1;84;84141;2;3;1.0;3.0;43,96040100;4,89559200;
202300047510.0;5;69;69149;2;1;1.0;2.0;45,71332000;4,81960000;
202300047511.0;5;75;75110;2;2;1.0;3.0;48,88080300;2,35118600;
202300047512.0;1;28;28085;2;1;1.0;6.0;48,43984000;1,48266000;
202300047513.0;2;971;97113;1;1;1.0;7.0;16,21767000; -61,49404000;
202300047514.0;1;33;33167;2;2;1.0;3.0;44,83672000; -0,53671000;
202300047515.0;1;27;27351;2;6;1.0;3.0;49,23515000;1,18344000;
202300047516.0;5;75;75108;2;3;2.0;2.0;48,88060400;2,32494100;
202300047517.0;1;2A;2A004;2;3;2.0;3.0;41,93453000;8,73669000;
202300047518.0;1;83;83023;1;3;1.0;5.0;43,35039400;6,08605600;
202300047519.0;1;33;33063;2;3;1.0;3.0;44,85109000; -0,59543000;
202300047520.0;1;26;26058;2;1;1.0;1.0;44,94024000;4,89905000;
202300047521.0;1;95;95427;2;1;1.0;6.0;48,96207600;2,33292100;
202300047522.0;5;94;94081;2;1;1.0;3.0;48,80098246;2,39915523;
202300047523.0;1;70;70310;2;1;3.0;1.0;47,67836300;6,51834700;
202300047524.0;3;94;94078;2;1;1.0;6.0;48,74658500;2,44653800;
202300047525.0;5;91;91377;2;1;1.0;6.0;48,72850000;2,28589000;
202300047526.0;1;26;26198;1;1;1.0;3.0;44,55487000;4,73038000;
202300047527.0;1;29;29232;2;1;1.0;3.0;48,01426000; -4,08053000;
202300047528.0;5;01;01405;1;3;1.0;3.0;46,11886700;5,15465900;
202300047529.0;5;91;91691;2;1;1.0;6.0;48,71653000;2,48230000;
202300047530.0;1;94;94044;2;1;3.0;3.0;48,75020953;2,48254253;
202300047531.0;1;28;28134;2;6;1.0;3.0;48,73304000;1,37262000;
202300047532.0;3;69;69228;1;1;1.0;1.0;45,54319300;4,64588600;
202300047533.0;1;91;91326;2;1;2.0;2.0;48,68731000;2,37229000;
202300047534.0;1;13;13054;2;2;1.0;3.0;43,42112000;5,20777000;
202300047535.0;2;31;31324;2;1;2.0;6.0;43,19708500;1,01889100;
202300047536.0;5;91;91687;2;1;2.0;7.0;48,65932000;2,37330300;
202300047537.0;5;94;94058;2;2;3.0;6.0;48,85127000;2,51082000;
202300047538.0;2;25;25056;2;1;1.0;2.0;47,26116000;6,01059000;
202300047539.0;5;13;13207;2;1;1.0;3.0;43,28087000;5,35230000;
202300047540.0;3;19;19061;1;1;2.0;3.0;45,21652600;1,69569300;
202300047541.0;5;94;94046;2;1;1.0;6.0;48,79740000;2,44000000;
202300047542.0;1;83;83137;2;1;1.0;6.0;43,15776200;5,92618200;
202300047543.0;1;18;18205;2;1;3.0;3.0;47,09346000;2,38729000;
202300047544.0;1;13;13203;2;1;1.0;1.0;43,30946000;5,37610000;
202300047545.0;3;85;85016;1;1;2.0;6.0;46,68724900; -1,63345500;
202300047546.0;1;94;94043;2;1;1.0;3.0;48,80897100;2,36254000;
202300047547.0;1;80;80001;2;1;1.0;3.0;50,09921200;1,83955700;
202300047548.0;1;17;17415;2;3;1.0;3.0;45,74537600; -0,65801400;
202300047549.0;5;94;94003;2;1;1.0;2.0;48,81058700;2,32682500;
202300047550.0;1;13;13209;2;1;1.0;2.0;43,26641205;5,41972250;
202300047551.0;5;78;78172;2;2;1.0;7.0;49,00673000;2,12098000;
202300047552.0;1;13;13071;2;1;1.0;3.0;43,41334000;5,35938000;
202300047553.0;1;13;13215;2;1;1.0;6.0;43,37000000;5,36000000;
202300047554.0;5;94;94069;2;3;8.0;1.0;48,81813000;2,43234000;
202300047555.0;5;02;02684;2;1;2.0;6.0;49,91714300;4,12713700;
202300047556.0;1;13;13056;2;1;1.0;3.0;43,39948000;5,05875000;
202300047557.0;1;13;13210;2;1;1.0;3.0;43,26880789;5,41987988;
202300047558.0;5;94;94028;2;3;1.0;3.0;48,79329000;2,45690000;
202300047559.0;1;13;13215;2;1;1.0;3.0;43,34817817;5,34468120;
202300047560.0;1;13;13206;2;2;1.0;3.0;43,28401000;5,38479000;
202300047561.0;1;94;94017;2;3;2.0;2.0;48,81439755;2,53770348;
202300047562.0;1;76;76575;2;1;1.0;6.0;49,40395400;1,07527400;
202300047563.0;1;13;13005;2;1;1.0;6.0;43,29171000;5,56137000;
202300047564.0;5;93;93070;2;9;2.0;3.0;48,91466600;2,33184900;
202300047565.0;1;13;13201;2;1;1.0;3.0;43,29801000;5,38205000;
202300047566.0;1;10;10387;2;1;2.0;3.0;48,30414540;4,08799767;
202300047567.0;5;76;76351;2;1;1.0;6.0;49,49760000;0,11168000;
202300047568.0;5;93;93070;2;1;1.0;2.0;48,90818600;2,32777000;
202300047569.0;5;13;13203;1;1;2.0;1.0;43,32128000;5,37728000;
202300047570.0;5;93;93077;2;1;2.0;3.0;48,88041580;2,49598982;
202300047571.0;5;13;13211;2;1;1.0;3.0;43,29277000;5,45454000;
202300047572.0;1;13;13001;2;3;1.0;3.0;43,48781000;5,38660000;
202300047573.0;1;06;06088;2;1;1.0;7.0;43,67352000;7,22178000;
202300047574.0;1;71;71540;2;3;1.0;3.0;46,78127000;4,43780000;
202300047575.0;1;13;13214;1;1;1.0;4.0;43,33468000;5,38261000;
202300047576.0;1;06;06088;2;1;1.0;4.0;43,67123000;7,21804000;
202300047577.0;1;06;06123;2;1;1.0;3.0;43,66755800;7,19175700;
202300047578.0;3;13;13071;1;1;3.0;6.0;43,40400000;5,30640000;
202300047579.0;5;05;05061;2;1;1.0;2.0;44,55891000;6,08068000;
202300047580.0;5;69;69115;2;6;1.0;3.0;45,97833000;4,70921000;
202300047581.0;1;93;93077;2;6;2.0;5.0;48,88674000;2,51180000;
202300047582.0;1;01;01451;2;2;1.0;3.0;46,26325477;5,23459911;
202300047583.0;5;93;93001;2;1;1.0;2.0;48,91560419;2,40487933;
202300047584.0;5;68;68066;2;2;1.0;6.0;48,10240900;7,37964200;
202300047585.0;1;75;75120;2;1;1.0;3.0;48,87555600;2,40995300;
202300047586.0;1;66;66136;2;1;1.0;4.0;42,69330000;2,85133000;
202300047587.0;1;75;75114;2;1;2.0;5.0;48,82284700;2,31286500;
202300047588.0;1;75;75119;2;1;1.0;3.0;48,88365000;2,38949800;
202300047589.0;1;66;66136;1;6;1.0;3.0;42,68123919;2,85229057;
202300047590.0;1;75;75119;2;3;1.0;6.0;48,89893700;2,38256500;
202300047591.0;1;75;75120;2;3;1.0;6.0;48,86270700;2,40666900;
202300047592.0;1;93;93050;2;5;2.0;6.0;48,85568000;2,52662000;
202300047593.0;1;64;64102;2;1;2.0;7.0;43,48506000; -1,49461000;
202300047594.0;1;75;75120;2;3;1.0;6.0;48,85468100;2,41028900;
202300047595.0;1;75;75117;2;7;1.0;3.0;48,88522300;2,30336200;
202300047596.0;1;75;75119;2;1;1.0;1.0;48,88292100;2,38478300;
202300047597.0;1;93;93014;2;1;2.0;3.0;48,90448000;2,55383000;
202300047598.0;1;75;75117;2;1;1.0;2.0;48,90067334;2,32114613;
202300047599.0;1;75;75116;2;1;1.0;3.0;48,87667000;2,26581200;
202300047600.0;1;59;59508;2;1;1.0;3.0;50,74175922;3,13230663;
202300047601.0;5;92;92046;2;3;8.0;6.0;48,82296695;2,30307072;
202300047602.0;1;75;75117;2;3;1.0;6.0;48,88152500;2,28921300;
202300047603.0;1;57;57672;2;1;1.0;3.0;49,37006000;6,16917000;
202300047604.0;1;75;75116;2;1;8.0;3.0;48,85126700;2,24182000;
202300047605.0;1;75;75112;2;3;1.0;6.0;48,84362300;2,37977100;
202300047606.0;5;92;92036;2;1;2.0;3.0;48,94622555;2,30202958;
202300047607.0;1;75;75107;2;1;1.0;2.0;48,86224700;2,30409100;
202300047608.0;1;92;92036;2;1;1.0;3.0;48,91895924;2,31167324;
202300047609.0;3;75;75116;2;3;1.0;2.0;48,85129000;2,27844000;
202300047610.0;1;56;56260;1;1;1.0;4.0;47,66488000; -2,72178000;
202300047611.0;1;92;92004;2;2;1.0;2.0;48,92948000;2,28187000;
202300047612.0;1;75;75104;2;2;1.0;6.0;48,85674900;2,34894800;
202300047613.0;1;56;56083;2;6;1.0;6.0;47,79945000; -3,29051000;
202300047614.0;1;75;75115;2;3;1.0;6.0;48,84221000;2,29923700;
202300047615.0;1;94;94080;2;1;1.0;6.0;48,84529000;2,43093000;
202300047616.0;5;92;92002;2;2;8.0;3.0;48,73466161;2,28539631;
202300047617.0;1;94;94074;2;1;1.0;6.0;48,75073900;2,46771400;
202300047618.0;1;75;75114;2;2;1.0;2.0;48,82307500;2,32540800;
202300047619.0;1;75;75114;2;1;1.0;6.0;48,81943600;2,34366400;
202300047620.0;1;94;94038;2;2;1.0;3.0;48,78065446;2,33140755;
202300047621.0;1;06;06161;2;1;1.0;6.0;43,63736700;7,13991700;
202300047622.0;5;51;51454;2;2;1.0;2.0;49,25217000;4,04167000;
202300047623.0;3;10;10350;1;1;1.0;1.0;48,17316200;3,81773800;
202300047624.0;5;94;94077;2;3;1.0;1.0;48,73820000;2,40835000;
202300047625.0;5;75;75114;2;3;2.0;6.0;48,82826600;2,32670700;
202300047626.0;5;49;49007;2;1;1.0;7.0;47,46460000; -0,54903000;
202300047627.0;2;28;28233;1;1;1.0;1.0;48,12109800;1,28179600;
202300047628.0;1;94;94070;2;3;8.0;1.0;48,71777577;2,57017744;
202300047629.0;1;45;45068;2;1;8.0;7.0;48,01723464;2,71717966;
202300047630.0;1;75;75114;2;2;2.0;6.0;48,83367100;2,33183300;
202300047631.0;1;93;93066;2;1;1.0;6.0;48,91533857;2,35298663;
202300047632.0;1;974;97401;1;1;1.0;1.0; -21,24989500;55,32146200;
202300047633.0;1;41;41212;2;1;1.0;6.0;47,56509000;1,36744000;
202300047634.0;5;62;62706;2;1;1.0;6.0;50,57894500;2,73872900;
202300047635.0;1;75;75113;2;1;1.0;1.0;48,84230343;2,36860514;
202300047636.0;1;93;93055;2;1;1.0;2.0;48,89789752;2,40554170;
202300047637.0;1;93;93055;2;1;1.0;2.0;48,90211000;2,39752000;
202300047638.0;1;62;62520;1;1;1.0;1.0;50,57633500;2,64654600;
202300047639.0;1;38;38185;2;1;2.0;3.0;45,20400000;5,70221000;
202300047640.0;1;93;93029;2;2;1.0;6.0;48,91993681;2,45153934;
202300047641.0;2;14;14453;1;1;4.0;3.0;49,30795700; -0,82358000;
202300047642.0;1;37;37261;2;1;1.0;3.0;47,38565000;0,69606000;
202300047643.0;1;50;50099;1;1;7.0;6.0;49,31616000; -1,23410600;
202300047644.0;1;93;93029;1;1;1.0;3.0;48,92262900;2,42691300;
202300047645.0;1;75;75113;2;3;8.0;3.0;48,82278600;2,35835400;
202300047646.0;1;30;30092;1;1;1.0;7.0;44,09880400;4,60226300;
202300047647.0;2;34;34003;2;1;1.0;3.0;43,28867700;3,51071700;
202300047648.0;1;93;93057;2;3;1.0;6.0;48,90736085;2,49579311;
202300047649.0;3;83;83026;1;1;1.0;1.0;43,41829700;6,23877500;
202300047650.0;5;33;33063;2;1;1.0;6.0;44,82558000; -0,56971000;
202300047651.0;1;29;29019;2;1;1.0;6.0;48,40508398; -4,49487805;
202300047652.0;1;51;51564;1;1;2.0;4.0;49,12346100;4,10860800;
202300047653.0;5;93;93001;2;5;1.0;2.0;48,91107000;2,38468000;
202300047654.0;5;75;75112;2;3;1.0;1.0;48,83992900;2,38235700;
202300047655.0;1;27;27681;2;1;1.0;2.0;49,09577000;1,48443000;
202300047656.0;3;19;19274;1;2;2.0;1.0;45,18217100;1,49549100;
202300047657.0;2;56;56090;1;1;1.0;6.0;47,87468600; -3,20800000;
202300047658.0;1;27;27375;2;1;1.0;6.0;49,21025000;1,16538000;
202300047659.0;1;92;92064;2;1;1.0;2.0;48,84261000;2,22113000;
202300047660.0;3;76;76612;1;1;5.0;6.0;49,83218166;1,67040128;
202300047661.0;1;22;22106;2;1;1.0;6.0;48,50481000; -2,70671000;
202300047662.0;1;75;75111;2;2;2.0;6.0;48,86893200;2,38045700;
202300047663.0;5;92;92064;2;1;2.0;7.0;48,84144000;2,20712000;
202300047664.0;3;76;76367;1;1;2.0;6.0;49,50383700;1,09828900;
202300047665.0;1;22;22113;2;1;1.0;3.0;48,73116000; -3,46511000;
202300047666.0;1;92;92044;2;2;1.0;3.0;48,88999144;2,28505567;
202300047667.0;2;79;79174;1;2;1.0;5.0;46,20784800; -0,14924900;
202300047668.0;1;75;75111;2;3;3.0;6.0;48,86015400;2,37875000;
202300047669.0;1;2B;2B207;2;1;2.0;7.0;42,44452200;9,50911000;
202300047670.0;1;14;14069;2;1;2.0;2.0;49,13001400;0,26569300;
202300047671.0;3;82;82087;1;1;5.0;6.0;44,14279800;1,19700600;
202300047672.0;1;92;92004;2;1;1.0;6.0;48,92853353;2,27260217;
202300047673.0;1;14;14487;1;1;1.0;1.0;49,16669300;0,22772600;
202300047674.0;1;75;75110;2;3;2.0;2.0;48,87578400;2,35650200;
202300047675.0;1;71;71543;2;1;2.0;1.0;46,56340800;4,91890300;
202300047676.0;1;09;09338;1;1;1.0;1.0;43,20886000;1,42155000;
202300047677.0;1;13;13215;2;1;6.0;3.0;43,37315000;5,35605000;
202300047678.0;2;63;63378;1;1;1.0;6.0;45,67141981;3,22385912;
202300047679.0;5;56;56166;2;1;1.0;6.0;47,91577000; -3,33243500;
202300047680.0;1;75;75110;2;7;8.0;3.0;48,87767300;2,37015700;
202300047681.0;1;61;61503;1;1;1.0;6.0;48,64860900; -0,13652900;
202300047682.0;1;13;13203;2;2;1.0;3.0;43,30900979;5,37835802;
202300047683.0;1;11;11069;2;1;1.0;6.0;43,20855000;2,33132000;
202300047684.0;1;33;33393;1;3;1.0;3.0;44,97600900; -0,21327900;
202300047685.0;2;49;49323;1;1;1.0;5.0;47,50169900; -0,48472300;
202300047686.0;1;75;75107;2;1;1.0;2.0;48,86201400;2,32117300;
202300047687.0;3;11;11069;1;1;8.0;7.0;43,20339000;2,37815000;
202300047688.0;3;81;81147;1;1;1.0;7.0;43,80563000;2,18283830;
202300047689.0;3;47;47209;1;1;5.0;6.0;44,24520700;0,67568600;
202300047690.0;1;38;38505;1;1;8.0;7.0;45,31393600;5,13379100;
202300047691.0;1;06;06088;2;1;2.0;2.0;43,67175800;7,20345700;
202300047692.0;1;44;44009;2;6;7.0;6.0;47,21292600; -1,47053200;
202300047693.0;1;75;75104;2;2;1.0;3.0;48,84951100;2,36563800;
202300047694.0;3;2B;2B101;1;1;1.0;6.0;42,40843500;9,34610400;
202300047695.0;1;70;70005;1;1;8.0;6.0;47,60107000;6,42940500;
202300047696.0;1;69;69066;2;7;1.0;6.0;46,10007193;4,32178252;
202300047697.0;1;05;05061;1;3;1.0;3.0;44,55771000;6,05161000;
202300047698.0;1;26;26288;1;1;1.0;1.0;44,42843200;5,27805100;
202300047699.0;1;94;94068;2;1;8.0;5.0;48,80933512;2,47190787;
202300047700.0;1;03;03185;2;9;1.0;6.0;46,35300000;2,58727000;
202300047701.0;1;84;84030;2;1;1.0;7.0;44,10721600;5,10263000;
202300047702.0;2;94;94042;2;7;1.0;7.0;48,82484000;2,47716200;
202300047703.0;1;14;14312;2;1;1.0;6.0;49,38525400; -1,05024600;
202300047704.0;3;07;07009;1;1;1.0;6.0;45,21434100;4,80323343;
202300047705.0;1;94;94043;2;1;2.0;6.0;48,81394092;2,36096661;
202300047706.0;1;02;02722;2;2;1.0;6.0;49,37446000;3,32649000;
202300047707.0;2;16;16072;1;1;9.0;5.0;45,51456216;0,16858086;
202300047708.0;1;17;17345;1;1;1.0;7.0;45,42888600; -0,49715400;
202300047709.0;1;07;07172;1;9;1.0;3.0;45,27526400;4,74021400;
202300047710.0;1;37;37050;2;2;1.0;3.0;47,34507100;0,71929900;
202300047711.0;1;94;94054;2;3;2.0;1.0;48,74894798;2,41319177;
202300047712.0;1;75;75120;2;3;1.0;6.0;48,85475400;2,41027200;
202300047713.0;1;67;67194;1;1;1.0;6.0;48,74743100;7,91545600;
202300047714.0;3;40;40273;1;1;2.0;5.0;43,53536600; -1,42573400;
202300047715.0;1;42;42116;1;1;1.0;6.0;45,87321800;3,91413700;
202300047716.0;1;94;94002;2;9;1.0;3.0;48,79823000;2,42066000;
202300047717.0;1;75;75118;2;3;1.0;3.0;48,88915100;2,33224600;
202300047718.0;3;85;85135;1;2;1.0;6.0;46,52205500; -1,20917320;
202300047719.0;1;38;38485;2;3;1.0;3.0;45,18118300;5,69232600;
202300047720.0;1;75;75113;2;3;8.0;6.0;48,82160500;2,36903800;
202300047721.0;1;93;93078;2;1;1.0;3.0;48,94923000;2,55046000;
202300047722.0;1;78;78062;2;1;1.0;1.0;48,85035400;1,87712300;
202300047723.0;1;28;28374;1;3;1.0;3.0;48,58150300;1,43123100;
202300047724.0;1;17;17322;1;2;1.0;3.0;46,25257000; -0,83513600;
202300047725.0;1;13;13035;1;1;1.0;6.0;43,66817800;5,04406800;
202300047726.0;3;45;45026;1;1;1.0;6.0;48,11208800;2,99821600;
202300047727.0;1;75;75109;2;2;1.0;3.0;48,87964000;2,32704000;
202300047728.0;1;93;93073;2;2;8.0;2.0;48,94021000;2,57734000;
202300047729.0;1;13;13100;2;1;1.0;3.0;43,78877900;4,83468700;
202300047730.0;1;973;97311;2;3;1.0;3.0;5,49622500; -54,03003500;
202300047731.0;2;71;71572;1;3;1.0;3.0;46,57243600;4,87036000;
202300047732.0;1;93;93073;2;1;8.0;3.0;48,96609000;2,56331000;
202300047733.0;1;75;75109;2;2;1.0;2.0;48,87777200;2,33197500;
202300047734.0;5;971;97119;1;2;1.0;3.0;16,37779200; -61,45473000;
202300047735.0;1;57;57683;2;1;1.0;2.0;49,31108600;6,14728000;
202300047736.0;5;28;28193;2;1;2.0;6.0;48,78746500;1,53319900;
202300047737.0;1;42;42285;1;2;1.0;1.0;45,58144600;4,10707400;
202300047738.0;1;93;93071;2;2;1.0;3.0;48,93015612;2,52863814;
202300047739.0;1;77;77315;2;1;7.0;6.0;48,89119100;2,82632000;
202300047740.0;1;75;75108;2;2;1.0;3.0;48,86666363;2,32202420;
202300047741.0;1;09;09160;2;1;1.0;2.0;42,93234700;1,84507000;
202300047742.0;1;77;77229;2;1;1.0;1.0;48,75819700;2,87799400;
202300047743.0;1;93;93013;2;1;2.0;3.0;48,93108250;2,42183465;
202300047744.0;1;75;75107;2;1;1.0;6.0;48,85888700;2,31475700;
202300047745.0;2;17;17164;1;1;1.0;1.0;45,77365200; -0,56859100;
202300047746.0;1;77;77165;1;1;1.0;1.0;48,50391900;2,86133100;
202300047747.0;1;93;93010;2;1;2.0;3.0;48,90863876;2,49012881;
202300047748.0;1;75;75103;2;3;1.0;7.0;48,86122100;2,36068000;
202300047749.0;3;33;33063;1;1;1.0;3.0;44,88399212; -0,55876315;
202300047750.0;1;34;34244;2;1;1.0;3.0;43,67051200;4,03543000;
202300047751.0;5;59;59009;1;1;2.0;6.0;50,60804291;3,13076824;
202300047752.0;1;84;84095;1;9;1.0;6.0;43,74265800;5,34319100;
202300047753.0;2;93;93005;2;2;8.0;6.0;48,95286403;2,49897655;
202300047754.0;1;94;94046;2;3;2.0;2.0;48,80719000;2,44587000;
202300047755.0;2;91;91235;1;1;1.0;2.0;48,62600000;2,35510000;
202300047756.0;1;92;92064;1;1;1.0;6.0;48,83663500;2,22183500;
202300047757.0;5;88;88266;2;8;2.0;3.0;48,17239300;6,67188200;
202300047758.0;1;92;92050;1;1;1.0;6.0;48,90212300;2,20361400;
202300047759.0;3;38;38494;2;1;3.0;7.0;45,69610500;5,36088100;
202300047760.0;5;94;94073;2;9;1.0;6.0;48,76036195;2,39898638;
202300047761.0;1;92;92064;2;3;1.0;1.0;48,85412000;2,22259000;
202300047762.0;1;78;78362;1;9;1.0;2.0;48,98013100;1,69857600;
202300047763.0;5;01;01202;2;3;9.0;1.0;45,91670200;5,33067000;
202300047764.0;1;94;94028;2;2;1.0;6.0;48,77768000;2,45769000;
202300047765.0;1;92;92025;2;1;1.0;3.0;48,92299000;2,25623500;
202300047766.0;2;33;33256;1;1;5.0;1.0;44,97895700; -0,56227700;
202300047767.0;1;93;93027;1;1;1.0;4.0;48,93391583;2,38755931;
202300047768.0;3;49;49020;1;1;1.0;5.0;47,47066900; -0,61403300;
202300047769.0;1;92;92004;2;1;1.0;3.0;48,91200839;2,29660660;
202300047770.0;1;94;94077;2;2;1.0;2.0;48,73226000;2,40866000;
202300047771.0;1;60;60138;1;1;1.0;6.0;49,22433100;2,61385600;
202300047772.0;1;95;95678;1;1;1.0;1.0;49,06427517;2,21383601;
202300047773.0;3;11;11262;2;1;1.0;6.0;43,18065840;2,99989000;
202300047774.0;2;60;60088;1;1;5.0;1.0;49,19898000;2,16456400;
202300047775.0;1;93;93066;2;2;1.0;6.0;48,91526000;2,35792000;
202300047776.0;1;92;92004;2;1;1.0;2.0;48,91164000;2,29857000;
202300047777.0;1;95;95585;2;1;1.0;6.0;48,97613000;2,38248000;
202300047778.0;5;59;59136;2;1;2.0;6.0;50,09442000;3,54048100;
202300047779.0;1;988;98818;2;1;1.0;2.0; -22,27612000;166,44920000;
202300047780.0;1;974;97411;2;1;1.0;6.0; -20,89652000;55,44468000;
202300047781.0;1;13;13212;1;1;1.0;3.0;43,29250000;5,42495000;
202300047782.0;5;93;93062;2;2;1.0;3.0;48,90369000;2,52488000;
202300047783.0;1;43;43040;2;1;1.0;6.0;45,30089200;3,37951400;
202300047784.0;1;69;69383;2;2;3.0;6.0;45,74764202;4,86531625;
202300047785.0;3;93;93048;2;1;1.0;6.0;48,86242753;2,46604979;
202300047786.0;1;13;13005;1;1;1.0;2.0;43,28846167;5,54926168;
202300047787.0;1;69;69383;2;3;3.0;4.0;45,75128097;4,87274132;
202300047788.0;1;69;69142;2;1;2.0;3.0;45,72619755;4,81295197;
202300047789.0;1;93;93031;2;2;1.0;3.0;48,94710416;2,34274034;
202300047790.0;1;33;33254;1;2;1.0;3.0;44,52238900; -0,04637000;
202300047791.0;3;13;13211;1;1;1.0;5.0;43,29007163;5,44736081;
202300047792.0;5;2B;2B037;2;9;1.0;2.0;42,59499000;9,43814000;
202300047793.0;3;13;13026;1;1;2.0;2.0;43,37394841;5,18023722;
202300047794.0;1;83;83137;2;2;1.0;3.0;43,12762655;5,92184204;
202300047795.0;5;93;93007;2;2;1.0;3.0;48,94103000;2,45878000;
202300047796.0;1;17;17438;1;1;1.0;1.0;45,55260000; -0,62025000;
202300047797.0;1;83;83034;2;6;1.0;6.0;43,09142000;6,07989000;
202300047798.0;1;92;92051;2;1;1.0;7.0;48,88452810;2,26866871;
202300047799.0;1;13;13071;1;1;2.0;2.0;43,40575000;5,29440000;
202300047800.0;1;77;77186;1;2;7.0;3.0;48,37653000;2,73974000;
202300047801.0;1;76;76258;1;2;1.0;3.0;49,67638300;0,60868400;
202300047802.0;1;71;71270;1;1;1.0;3.0;46,32881000;4,81514500;
202300047803.0;1;76;76540;2;1;1.0;6.0;49,45055000;1,13844000;
202300047804.0;5;33;33039;1;1;2.0;3.0;44,79392555; -0,53970069;
202300047805.0;1;45;45259;1;1;1.0;2.0;47,97224600;2,41725200;
202300047806.0;1;76;76575;2;3;2.0;1.0;49,39431000;1,06297000;
202300047807.0;5;59;59350;1;1;1.0;6.0;50,62790000;3,08304000;
202300047808.0;5;69;69266;2;1;2.0;2.0;45,78083000;4,88415000;
202300047809.0;1;83;83100;1;1;1.0;1.0;43,29433300;6,12293600;
202300047810.0;1;69;69282;2;1;2.0;6.0;45,76533000;5,00329000;
202300047811.0;3;40;40296;1;1;2.0;6.0;43,73351500; -1,41184000;
202300047812.0;1;91;91645;1;1;2.0;4.0;48,75983000;2,26127000;
202300047813.0;1;64;64260;1;1;2.0;1.0;43,37756000; -1,73778000;
202300047814.0;1;13;13078;1;1;1.0;3.0;43,41767400;4,80584400;
202300047815.0;1;56;56185;2;3;1.0;3.0;47,77575100; -3,40575100;
202300047816.0;1;94;94034;1;1;3.0;3.0;48,75203818;2,33088421;
202300047817.0;1;62;62516;1;3;2.0;3.0;50,55633834;2,49867797;
202300047818.0;2;68;68367;2;6;1.0;6.0;48,06377700;7,47674900;
202300047819.0;1;76;76580;1;1;1.0;7.0;49,55487700;1,16296300;
202300047820.0;1;94;94021;1;1;3.0;5.0;48,76115867;2,33989983;