Num_Acc;lum;departement;commune;agglomeration;intersection;meteo;type_collision;lat;long;date
202300047821.0;5;62;62753;2;1;3.0;6.0;50,29020249;2,79938328;
202300047822.0;1;972;97206;1;1;1.0;2.0;14,49657700; -61,04607700;
202300047823.0;1;2B;2B049;1;1;1.0;7.0;42,51412000;8,84946000;
202300047824.0;1;61;61001;2;9;1.0;3.0;48,41638000;0,09537000;
202300047825.0;1;78;78090;1;1;2.0;2.0;48,96944200;1,91423400;
202300047826.0;3;59;59437;2;1;1.0;6.0;50,56596000;3,02515000;
202300047827.0;1;32;32107;2;1;8.0;3.0;43,95782300;0,37794500;
202300047828.0;5;59;59128;2;1;2.0;6.0;50,64473000;2,96692000;
202300047829.0;1;21;21087;1;1;1.0;6.0;47,10290800;4,71683600;
202300047830.0;1;46;46240;1;1;8.0;6.0;44,81304200;1,60372500;
202300047831.0;3;78;78646;1;1;1.0;3.0;48,79326900;2,08210100;
202300047832.0;3;51;51573;2;1;3.0;6.0;49,23833000;3,98359000;
202300047833.0;1;35;35139;1;1;1.0;7.0;47,94845100; -1,67816900;
202300047834.0;5;51;51454;2;1;2.0;7.0;49,26117000;4,04161000;
202300047835.0;1;47;47325;2;1;1.0;2.0;44,36228212;0,27197995;
202300047836.0;3;94;94033;1;1;1.0;2.0;48,85684395;2,48790403;
202300047837.0;1;58;58088;1;1;1.0;7.0;47,01132300;3,20296500;
202300047838.0;1;94;94022;1;1;2.0;2.0;48,77659469;2,41691046;
202300047839.0;2;68;68380;2;1;1.0;6.0;47,46244700;7,40728000;
202300047840.0;1;47;47031;2;2;1.0;5.0;44,18520000;0,63202000;
202300047841.0;5;94;94073;1;1;2.0;6.0;48,77195676;2,39568914;
202300047842.0;1;38;38318;1;1;2.0;6.0;45,53891000;4,93911000;
202300047843.0;1;39;39284;2;1;1.0;6.0;47,15445600;5,60897100;
202300047844.0;1;94;94028;1;1;8.0;6.0;48,78949641;2,44022264;
202300047845.0;1;87;87038;1;3;1.0;2.0;45,90715500;1,25672800;
202300047846.0;5;37;37261;2;3;1.0;3.0;47,38307000;0,70496000;
202300047847.0;1;38;38185;2;1;1.0;3.0;45,17090000;5,70497000;
202300047848.0;1;29;29225;2;9;1.0;6.0;47,95410300; -4,35975700;
202300047849.0;1;27;27375;2;1;1.0;3.0;49,21288300;1,17225500;
202300047850.0;5;74;74012;2;1;8.0;6.0;46,18882000;6,25068000;
202300047851.0;1;70;70285;1;1;2.0;7.0;47,58485000;6,74740000;
202300047852.0;3;74;74157;1;1;1.0;6.0;46,34274300;6,53259500;
202300047853.0;3;58;58005;2;9;2.0;1.0;47,37665200;3,57823300;
202300047854.0;1;25;25056;2;9;3.0;3.0;47,26019000;6,04516000;
202300047855.0;1;51;51044;1;1;1.0;5.0;49,17299200;4,17137100;
202300047856.0;1;74;74201;2;3;1.0;1.0;46,12185100;6,11268700;
202300047857.0;1;58;58180;1;1;1.0;7.0;47,18578800;4,04535400;
202300047858.0;2;14;14715;2;1;1.0;7.0;49,36502000;0,08195000;
202300047859.0;1;74;74282;1;1;1.0;2.0;45,98698800;6,12801100;
202300047860.0;1;58;58309;1;1;1.0;7.0;46,91747100;3,99230700;
202300047861.0;1;56;56251;2;1;1.0;1.0;47,61775600; -2,68278700;
202300047862.0;3;13;13054;2;1;1.0;1.0;43,39843000;5,19912000;
202300047863.0;1;74;74082;2;9;1.0;3.0;46,14194300;6,13867500;
202300047864.0;1;54;54312;1;6;1.0;3.0;48,93286500;6,10792300;
202300047865.0;2;13;13208;2;1;1.0;6.0;43,26860720;5,38519554;
202300047866.0;1;59;59130;1;1;1.0;1.0;50,87850600;2,22404500;
202300047867.0;1;13;13212;2;1;1.0;3.0;43,30648379;5,42072742;
202300047868.0;1;72;72331;1;1;1.0;6.0;48,08226000;0,58416000;
202300047869.0;3;74;74243;1;3;1.0;3.0;46,13118100;6,04975500;
202300047870.0;3;13;13204;2;1;1.0;6.0;43,31654757;5,39588510;
202300047871.0;1;76;76532;1;3;1.0;5.0;49,61007000;1,29572200;
202300047872.0;5;74;74256;2;1;1.0;3.0;45,93538000;6,62966400;
202300047873.0;5;09;09225;2;1;1.0;6.0;43,12238000;1,60361000;
202300047874.0;2;05;05170;2;1;1.0;1.0;44,45929300;6,05151400;
202300047875.0;1;2A;2A362;2;3;1.0;3.0;41,69545900;9,33918400;
202300047876.0;2;06;06088;2;1;1.0;3.0;43,66637000;7,20547000;
202300047877.0;1;988;98818;1;4;1.0;2.0; -22,23318000;166,45762000;
202300047878.0;1;63;63285;1;1;2.0;1.0;45,83755300;2,85199300;
202300047879.0;1;06;06088;2;1;1.0;1.0;43,68698000;7,21236000;
202300047880.0;1;05;05068;1;1;1.0;3.0;44,48543800;6,10706800;
202300047881.0;1;42;42248;1;1;3.0;6.0;45,92549950;3,82385072;
202300047882.0;1;988;98818;2;3;8.0;4.0; -22,30083000;166,45344000;
202300047883.0;1;06;06088;2;2;1.0;3.0;43,70140000;7,28438000;
202300047884.0;1;10;10323;2;1;1.0;6.0;48,50743000;3,73265100;
202300047885.0;1;974;97416;1;1;1.0;1.0; -21,34162000;55,51211000;
202300047886.0;1;42;42230;1;3;1.0;5.0;45,85841100;4,03290500;
202300047887.0;1;04;04070;1;1;1.0;6.0;44,13083000;6,23763000;
202300047888.0;2;21;21447;1;1;8.0;7.0;47,16559000;4,51009300;
202300047889.0;3;34;34051;1;1;1.0;1.0;43,60388900;3,47967800;
202300047890.0;1;974;97416;1;6;1.0;1.0; -21,31139000;55,43583000;
202300047891.0;3;27;27681;2;1;3.0;6.0;49,07000000;1,48000000;
202300047892.0;1;974;97416;2;1;1.0;7.0; -21,34362000;55,46954000;
202300047893.0;1;34;34300;1;1;1.0;7.0;43,42727800;3,31475400;
202300047894.0;1;974;97416;2;3;1.0;3.0; -21,33000000;55,48000000;
202300047895.0;1;21;21243;2;1;1.0;7.0;47,08404400;4,62360800;
202300047896.0;1;974;97411;1;2;1.0;3.0; -20,87503000;55,45405000;
202300047897.0;3;39;39217;1;1;1.0;6.0;46,70298600;5,53730600;
202300047898.0;1;40;40080;1;1;1.0;7.0;43,74533200; -0,27001800;
202300047899.0;1;974;97409;2;3;1.0;3.0; -20,95892000;55,65246000;
202300047900.0;1;15;15236;1;1;2.0;1.0;45,01123700;2,67253700;
202300047901.0;2;973;97302;2;2;1.0;6.0;4,93165000; -52,33252000;
202300047902.0;1;30;30123;2;1;1.0;7.0;43,72030000;4,17964400;
202300047903.0;1;973;97302;2;1;1.0;3.0;4,93841300; -52,31706262;
202300047904.0;1;72;72320;1;6;1.0;3.0;48,06789900;0,16947300;
202300047905.0;2;973;97302;2;2;1.0;3.0;4,93642000; -52,33248000;
202300047906.0;2;69;69387;2;2;1.0;6.0;45,74968000;4,85940000;
202300047907.0;1;06;06068;1;1;1.0;7.0;43,70362700;6,96921400;
202300047908.0;5;69;69383;2;1;2.0;7.0;45,76364587;4,86098498;
202300047909.0;1;45;45040;1;1;1.0;2.0;47,58318400;2,86078000;
202300047910.0;5;971;97113;2;1;1.0;6.0;16,21758662; -61,49380445;
202300047911.0;5;69;69386;2;2;2.0;3.0;45,77111000;4,84863000;
202300047912.0;1;09;09283;1;1;1.0;5.0;42,72451400;1,81952500;
202300047913.0;1;13;13051;2;2;2.0;3.0;43,58894700;5,11924300;
202300047914.0;1;73;73300;1;1;2.0;6.0;45,65955600;5,89474400;
202300047915.0;3;33;33502;1;1;1.0;6.0;45,17436800; -0,48460000;
202300047916.0;5;91;91514;2;1;3.0;6.0;48,67638000;2,53059000;
202300047917.0;3;18;18075;2;6;1.0;6.0;47,02462800;3,03132000;
202300047918.0;5;87;87085;2;2;1.0;5.0;45,84277000;1,19578000;
202300047919.0;3;39;39448;1;1;1.0;6.0;47,00973800;5,47747200;
202300047920.0;1;10;10055;1;1;1.0;3.0;48,12568200;4,36221600;
202300047921.0;1;86;86194;2;1;1.0;6.0;46,56811000;0,38684000;
202300047922.0;1;85;85029;2;1;1.0;3.0;46,97197600; -1,99789400;
202300047923.0;5;85;85191;2;1;1.0;1.0;46,69087000; -1,42991000;
202300047924.0;1;85;85291;1;1;7.0;6.0;46,63012000; -1,23313500;
202300047925.0;1;15;15014;2;1;1.0;6.0;44,92751000;2,44370000;
202300047926.0;1;85;85023;1;3;1.0;7.0;46,53499000; -1,14580300;
202300047927.0;5;14;14118;2;1;1.0;1.0;49,16947900; -0,36558300;
202300047928.0;1;17;17261;1;1;1.0;7.0;45,81202500; -0,15324000;
202300047929.0;5;83;83137;2;1;1.0;4.0;43,12913000;5,92914000;
202300047930.0;1;13;13213;2;9;1.0;1.0;43,32445562;5,42170100;
202300047931.0;2;13;13203;2;4;1.0;6.0;43,31497000;5,39010000;
202300047932.0;1;17;17410;1;2;1.0;3.0;45,39528200; -0,66045100;
202300047933.0;1;80;80021;2;2;2.0;3.0;49,89613000;2,29712000;
202300047934.0;4;75;75108;2;3;1.0;3.0;48,87146800;2,30241200;
202300047935.0;1;23;23024;1;1;1.0;6.0;45,96693200;2,10562000;
202300047936.0;1;80;80021;2;1;1.0;6.0;49,89670000;2,29440000;
202300047937.0;1;87;87126;2;7;1.0;6.0;45,82454700;0,82071300;
202300047938.0;1;75;75114;2;1;1.0;3.0;48,82164800;2,31788700;
202300047939.0;3;68;68122;2;9;1.0;7.0;47,86011000;7,21948700;
202300047940.0;1;80;80021;2;1;2.0;6.0;49,89168000;2,29926000;
202300047941.0;2;02;02559;1;1;1.0;2.0;49,68455800;3,48590600;
202300047942.0;5;75;75118;2;2;1.0;6.0;48,88840300;2,34801200;
202300047943.0;1;53;53228;1;1;1.0;3.0;48,04836600; -0,40102200;
202300047944.0;2;75;75117;2;4;1.0;3.0;48,87929400;2,29145200;
202300047945.0;1;77;77445;1;1;3.0;1.0;48,56844500;2,58882100;
202300047946.0;1;11;11262;1;1;1.0;3.0;43,15333600;2,96366900;
202300047947.0;5;75;75116;2;7;1.0;3.0;48,85617500;2,27789400;
202300047948.0;1;77;77111;2;3;3.0;3.0;48,85788000;2,76808300;
202300047949.0;1;973;97311;2;1;1.0;3.0;5,49657400; -54,02989300;
202300047950.0;1;75;75116;2;4;1.0;2.0;48,85292300;2,22999800;
202300047951.0;2;41;41220;1;1;1.0;2.0;47,73002900;1,64086800;
202300047952.0;1;76;76351;2;3;2.0;4.0;49,52657000;0,11019000;
202300047953.0;1;75;75116;2;3;1.0;3.0;48,87080700;2,28806600;
202300047954.0;1;76;76351;2;3;1.0;3.0;49,50424000;0,16614000;
202300047955.0;1;34;34327;1;3;1.0;3.0;43,66375100;3,96914900;
202300047956.0;1;75;75115;2;1;1.0;3.0;48,83668700;2,30953000;
202300047957.0;2;76;76351;2;4;1.0;3.0;49,49200000;0,16142000;
202300047958.0;1;63;63417;1;1;2.0;6.0;45,83721600;3,04889900;
202300047959.0;1;75;75115;2;2;1.0;3.0;48,83735000;2,30599100;
202300047960.0;1;42;42129;1;1;2.0;7.0;45,36491160;4,69311275;
202300047961.0;1;71;71153;2;3;8.0;3.0;46,79849000;4,44697000;
202300047962.0;1;26;26220;2;1;1.0;6.0;44,35603900;5,12686500;
202300047963.0;1;75;75111;2;1;1.0;5.0;48,85115200;2,39748300;
202300047964.0;1;69;69157;1;1;1.0;7.0;45,87229600;4,48871400;
202300047965.0;2;69;69276;2;3;8.0;6.0;45,66598000;4,85849000;
202300047966.0;1;75;75109;2;5;8.0;3.0;48,87294700;2,33326200;
202300047967.0;1;81;81283;1;2;1.0;3.0;43,94729808;1,98511080;
202300047968.0;1;67;67180;1;1;4.0;7.0;48,86500500;7,82514400;
202300047969.0;5;75;75107;2;3;1.0;7.0;48,85900500;2,29339600;
202300047970.0;1;17;17058;1;1;8.0;2.0;45,84585900; -1,16381000;
202300047971.0;1;66;66136;2;1;1.0;6.0;42,67899131;2,89197117;
202300047972.0;5;75;75107;2;1;1.0;7.0;48,85688400;2,29882300;
202300047973.0;2;64;64102;2;1;1.0;2.0;43,49147000; -1,49094000;
202300047974.0;1;85;85236;2;3;1.0;1.0;46,64106500; -1,71849700;
202300047975.0;5;61;61001;2;1;3.0;6.0;48,41866000;0,09728000;
202300047976.0;3;94;94081;2;1;1.0;3.0;48,79592825;2,41161919;
202300047977.0;1;85;85302;2;1;1.0;3.0;46,92505100; -0,95840800;
202300047978.0;1;51;51454;2;2;2.0;3.0;49,24669000;4,03908000;
202300047979.0;5;94;94074;2;1;2.0;6.0;48,74457736;2,47020024;
202300047980.0;2;51;51573;2;1;2.0;6.0;49,25130000;3,98838000;
202300047981.0;1;94;94068;2;1;1.0;6.0;48,80606000;2,51065000;
202300047982.0;1;50;50041;1;1;1.0;5.0;49,64100400; -1,73965900;
202300047983.0;5;94;94076;2;2;1.0;2.0;48,79447369;2,35828525;
202300047984.0;1;22;22225;1;1;1.0;7.0;48,51443700; -3,13081400;
202300047985.0;5;50;50129;2;3;1.0;3.0;49,64010000; -1,60002000;
202300047986.0;1;76;76475;2;1;1.0;3.0;49,39623900;1,18200100;
202300047987.0;5;69;69389;1;9;1.0;6.0;45,78046388;4,79782777;
202300047988.0;5;44;44109;2;3;1.0;1.0;47,22406000; -1,58452000;
202300047989.0;3;94;94075;2;3;1.0;3.0;48,73132000;2,52360000;
202300047990.0;2;33;33013;1;1;2.0;6.0;44,86129000; -0,50394000;
202300047991.0;5;92;92046;2;2;1.0;7.0;48,82349770;2,30283871;
202300047992.0;1;43;43251;2;3;1.0;3.0;45,03550000;3,88121000;
202300047993.0;1;92;92025;1;1;1.0;3.0;48,93174386;2,24616936;
202300047994.0;5;92;92035;2;2;1.0;7.0;48,90853548;2,23731235;
202300047995.0;3;78;78043;1;1;1.0;6.0;48,83662400;2,08953100;
202300047996.0;5;92;92026;2;1;1.0;6.0;48,89481613;2,25051445;
202300047997.0;1;78;78217;1;1;1.0;6.0;48,96374200;1,82813200;
202300047998.0;5;92;92025;2;2;1.0;3.0;48,91325800;2,24066400;
202300047999.0;5;976;97611;2;1;1.0;3.0; -12,76816000;45,22438000;
202300048000.0;1;24;24463;1;1;1.0;6.0;45,34705600;1,08593000;
202300048001.0;3;973;97302;2;1;1.0;3.0;4,93400000; -52,30900000;
202300048002.0;2;49;49220;1;2;1.0;3.0;47,71502400; -0,42080600;
202300048003.0;3;81;81139;1;1;1.0;6.0;43,73270137;2,15618201;
202300048004.0;1;37;37233;2;2;2.0;3.0;47,38830000;0,71814000;
202300048005.0;3;972;97202;2;4;2.0;7.0;14,48861900; -61,05616500;
202300048006.0;1;69;69383;2;1;1.0;1.0;45,74960000;4,86840000;
202300048007.0;5;37;37233;2;1;3.0;6.0;47,39654000;0,72905000;
202300048008.0;1;972;97213;1;6;1.0;3.0;14,62350000; -60,98875000;
202300048009.0;3;88;88089;2;3;1.0;3.0;48,18772000;6,78539900;
202300048010.0;4;35;35238;2;3;2.0;6.0;48,13121000; -1,65651000;
202300048011.0;5;2A;2A004;2;1;3.0;3.0;41,92815901;8,73855248;
202300048012.0;1;35;35055;1;1;3.0;7.0;48,07959000; -1,60133000;
202300048013.0;1;26;26295;1;2;1.0;3.0;45,17465600;4,86122500;
202300048014.0;5;2A;2A004;2;1;2.0;6.0;41,90923600;8,71196300;
202300048015.0;3;34;34198;1;1;1.0;6.0;43,57339000;3,95368000;
202300048016.0;3;42;42036;1;1;1.0;6.0;45,53584400;4,54625800;
202300048017.0;1;95;95572;2;1;1.0;6.0;49,05289000;2,11686000;
202300048018.0;3;60;60430;1;1;2.0;7.0;49,30307600;2,92828600;
202300048019.0;1;85;85191;1;1;1.0;7.0;46,68437390; -1,41088380;
202300048020.0;5;34;34172;2;1;1.0;7.0;43,61240000;3,88095000;
202300048021.0;1;32;32013;2;1;1.0;7.0;43,65126000;0,57972000;
202300048022.0;1;79;79081;1;1;1.0;1.0;46,35070100; -0,40830000;
202300048023.0;1;44;44194;1;1;1.0;3.0;47,25638000; -1,68722000;
202300048024.0;1;34;34196;1;1;1.0;6.0;43,80358600;3,32550100;
202300048025.0;3;30;30334;1;1;1.0;6.0;44,02115000;4,43933500;
202300048026.0;1;77;77108;2;1;1.0;5.0;48,86624900;2,56932800;
202300048027.0;1;31;31555;2;3;1.0;3.0;43,56473850;1,46009535;
202300048028.0;3;62;62029;1;1;6.0;6.0;50,53618700;2,40027400;
202300048029.0;1;77;77379;2;4;2.0;6.0;48,55953000;3,27740900;
202300048030.0;5;56;56067;2;1;1.0;6.0;47,75797100; -2,84288900;
202300048031.0;1;31;31555;2;1;1.0;2.0;43,57285667;1,39399767;
202300048032.0;3;76;76348;1;1;2.0;6.0;49,69283500;0,75200300;
202300048033.0;1;77;77335;1;2;1.0;3.0;48,96981000;2,82979000;
202300048034.0;2;79;79241;1;1;2.0;7.0;46,45805600; -0,37810000;
202300048035.0;1;69;69276;2;1;1.0;1.0;45,67844000;4,85052000;
202300048036.0;1;82;82054;1;1;1.0;6.0;44,07893800;0,90253100;
202300048037.0;1;71;71204;1;1;1.0;1.0;46,84362200;4,81252900;
202300048038.0;5;27;27701;2;2;2.0;6.0;49,27284000;1,21176000;
202300048039.0;1;71;71079;1;1;2.0;6.0;46,49641300;5,34568500;
202300048040.0;1;69;69259;2;2;1.0;3.0;45,70378000;4,88004000;
202300048041.0;3;63;63447;1;1;1.0;2.0;46,02452100;2,63246300;
202300048042.0;1;67;67447;2;1;8.0;3.0;48,60406099;7,75072038;
202300048043.0;3;26;26198;1;1;2.0;1.0;44,54176175;4,73062277;
202300048044.0;1;41;41267;1;1;1.0;7.0;47,38572600;1,13826500;
202300048045.0;5;13;13211;2;1;1.0;2.0;43,29065570;5,48883890;
202300048046.0;1;59;59183;2;1;1.0;3.0;51,02965000;2,37341000;
202300048047.0;1;68;68205;1;1;1.0;3.0;47,91796700;7,35741200;
202300048048.0;3;59;59183;2;9;1.0;6.0;51,03876000;2,32538000;
202300048049.0;5;13;13203;2;1;1.0;2.0;43,31601000;5,37322000;
202300048050.0;1;22;22256;1;1;1.0;1.0;48,71466600; -3,09166400;
202300048051.0;1;47;47323;1;1;1.0;1.0;44,39339000;0,73792000;
202300048052.0;1;84;84020;1;1;1.0;6.0;43,84440000;5,31190900;
202300048053.0;5;13;13208;2;1;1.0;3.0;43,27126000;5,38915000;
202300048054.0;1;15;15087;1;1;1.0;7.0;44,79532800;2,41214300;
202300048055.0;3;13;13063;1;1;8.0;5.0;43,58372000;5,03489000;
202300048056.0;1;35;35238;2;2;1.0;3.0;48,10935000; -1,67783000;
202300048057.0;1;11;11069;2;1;2.0;2.0;43,20246000;2,31515000;
202300048058.0;3;26;26166;2;3;1.0;3.0;44,75663240;4,82322321;
202300048059.0;1;35;35238;2;2;1.0;3.0;48,10346000; -1,67680000;
202300048060.0;3;66;66150;1;1;1.0;6.0;42,40563400;2,49934700;
202300048061.0;5;06;06069;2;1;2.0;6.0;43,64159200;6,91180410;
202300048062.0;4;34;34129;2;1;1.0;1.0;43,57022000;3,89989000;
202300048063.0;1;06;06094;2;3;1.0;6.0;44,09660800;6,92923900;
202300048064.0;5;06;06123;2;1;3.0;4.0;43,65716000;7,18148000;
202300048065.0;1;33;33167;2;3;1.0;3.0;44,83895000; -0,53129000;
202300048066.0;5;73;73236;1;1;1.0;1.0;45,59609600;5,63604200;
202300048067.0;2;33;33529;2;1;2.0;6.0;44,63638000; -1,14797000;
202300048068.0;5;75;75114;2;1;2.0;2.0;48,82092700;2,32182800;
202300048069.0;3;10;10048;1;3;1.0;7.0;48,18297000;4,63250200;
202300048070.0;1;22;22113;1;9;1.0;7.0;48,75299000; -3,43071000;
202300048071.0;5;75;75106;2;3;2.0;6.0;48,85246900;2,33876400;
202300048072.0;1;15;15014;1;1;2.0;7.0;44,89922000;2,41562000;
202300048073.0;3;36;36120;1;1;1.0;6.0;46,69339159;1,89085032;
202300048074.0;5;75;75105;2;2;1.0;3.0;48,84940700;2,35640700;
202300048075.0;1;13;13117;1;1;2.0;3.0;43,42742000;5,26622000;
202300048076.0;3;17;17168;2;1;1.0;1.0;45,98908100; -1,07088500;
202300048077.0;5;75;75116;2;3;2.0;2.0;48,86301800;2,29519900;
202300048078.0;5;13;13039;2;1;2.0;6.0;43,45084000;4,93582000;
202300048079.0;1;75;75116;2;3;1.0;3.0;48,86394100;2,27240500;
202300048080.0;5;987;98734;1;9;1.0;3.0; -17,71200000; -149,50800000;
202300048081.0;1;13;13213;2;1;2.0;5.0;43,32444000;5,44309000;
202300048082.0;5;75;75115;2;3;3.0;6.0;48,84377500;2,28637900;
202300048083.0;3;33;33284;1;1;5.0;6.0;44,67184729; -0,80738783;
202300048084.0;3;33;33199;1;1;1.0;2.0;44,61430100; -1,07911200;
202300048085.0;2;06;06088;2;1;2.0;5.0;43,67418000;7,22427000;
202300048086.0;1;75;75113;2;7;3.0;3.0;48,83092700;2,35596200;
202300048087.0;1;34;34032;1;1;1.0;6.0;43,36250100;3,27482900;
202300048088.0;4;06;06088;2;1;2.0;2.0;43,67763000;7,20533000;
202300048089.0;1;06;06069;1;1;3.0;7.0;43,64524400;6,89501200;
202300048090.0;1;75;75113;2;1;2.0;1.0;48,82855000;2,38439400;
202300048091.0;1;26;26339;1;9;1.0;4.0;44,58495560;4,80319262;
202300048092.0;1;04;04070;2;6;1.0;6.0;44,08953000;6,22816000;
202300048093.0;5;75;75111;2;3;2.0;6.0;48,85677200;2,37786300;
202300048094.0;1;75;75119;2;3;1.0;2.0;48,89514200;2,38272200;
202300048095.0;1;84;84016;1;1;1.0;2.0;44,03765237;4,88392356;
202300048096.0;1;988;98825;1;1;1.0;6.0; -21,17744900;164,87560300;
202300048097.0;1;75;75118;2;4;1.0;6.0;48,88882100;2,33174500;
202300048098.0;5;75;75111;2;2;2.0;6.0;48,86461100;2,37798700;
202300048099.0;1;75;75115;2;1;1.0;6.0;48,83515900;2,27785500;
202300048100.0;1;971;97116;1;9;1.0;2.0;16,31199500; -61,45611400;
202300048101.0;1;75;75107;2;1;1.0;6.0;48,86226600;2,30268200;
202300048102.0;3;77;77004;1;6;1.0;7.0;48,62716100;2,81867400;
202300048103.0;1;75;75111;2;3;8.0;2.0;48,85556700;2,39016500;
202300048104.0;1;75;75112;2;3;1.0;3.0;48,84052100;2,43429900;
202300048105.0;5;75;75108;2;3;1.0;3.0;48,87964800;2,32697700;
202300048106.0;1;75;75108;2;1;1.0;6.0;48,86974500;2,30805400;
202300048107.0;1;75;75107;2;3;2.0;6.0;48,85897000;2,29339500;
202300048108.0;1;73;73303;1;1;1.0;5.0;45,75892000;6,39395000;
202300048109.0;5;75;75104;2;3;1.0;6.0;48,85262300;2,35988500;
202300048110.0;1;75;75107;2;3;1.0;6.0;48,85964500;2,31306700;
202300048111.0;1;85;85298;1;1;1.0;1.0;46,59394300; -1,75972200;
202300048112.0;1;94;94078;2;1;1.0;6.0;48,72265000;2,44363000;
202300048113.0;3;85;85016;1;1;5.0;6.0;46,67304000; -1,61570600;
202300048114.0;5;94;94037;2;1;1.0;6.0;48,81635000;2,34097000;
202300048115.0;1;29;29022;1;1;1.0;6.0;48,26839800; -4,57760800;
202300048116.0;5;94;94071;2;1;2.0;6.0;48,77405978;2,51680503;
202300048117.0;3;13;13215;1;1;1.0;7.0;43,34814376;5,34490278;
202300048118.0;5;94;94068;2;1;2.0;6.0;48,79822200;2,48096800;
202300048119.0;1;94;94011;2;1;2.0;3.0;48,76007000;2,49499000;
202300048120.0;1;13;13071;1;1;1.0;6.0;43,40641100;5,29202300;
202300048121.0;5;94;94002;2;1;3.0;6.0;48,79324500;2,42553400;
202300048122.0;1;13;13071;1;1;1.0;2.0;43,41269700;5,28169600;
202300048123.0;1;93;93062;2;2;1.0;3.0;48,89260000;2,51286000;
202300048124.0;3;33;33281;1;1;1.0;2.0;44,83900000; -0,67500000;
202300048125.0;5;94;94041;2;2;2.0;6.0;48,81695000;2,37933000;
202300048126.0;1;93;93032;2;2;1.0;2.0;48,88012000;2,54509000;
202300048127.0;1;91;91235;1;1;1.0;4.0;48,62515400;2,36140300;
202300048128.0;1;93;93031;2;1;1.0;1.0;48,95720015;2,31717513;
202300048129.0;5;75;75116;1;1;1.0;7.0;48,84845600;2,24490000;
202300048130.0;4;94;94011;2;1;1.0;6.0;48,78004687;2,49299452;
202300048131.0;1;93;93013;2;1;1.0;3.0;48,93155000;2,42221000;
202300048132.0;3;95;95018;1;1;1.0;6.0;48,94967230;2,28022080;
202300048133.0;1;93;93001;2;2;1.0;3.0;48,91362000;2,38548000;
202300048134.0;1;92;92004;2;2;1.0;6.0;48,90903100;2,28671300;
202300048135.0;5;94;94060;1;2;8.0;1.0;48,78190000;2,56980000;
202300048136.0;5;92;92049;2;1;8.0;7.0;48,81541000;2,32803000;
202300048137.0;1;78;78361;2;1;1.0;6.0;48,99906000;1,68280000;
202300048138.0;5;94;94069;2;1;1.0;7.0;48,81659729;2,45989801;
202300048139.0;1;988;98818;2;1;1.0;6.0; -22,29723000;166,44717000;
202300048140.0;1;92;92049;2;2;1.0;3.0;48,81626037;2,30593264;
202300048141.0;1;92;92040;2;1;3.0;7.0;48,83112955;2,27898949;
202300048142.0;1;974;97411;2;3;1.0;3.0; -20,90170000;55,48800000;
202300048143.0;1;92;92012;2;2;1.0;3.0;48,83296000;2,24633000;
202300048144.0;1;974;97411;2;1;1.0;2.0; -20,87757000;55,45058000;
202300048145.0;5;94;94017;2;1;2.0;1.0;48,82723000;2,51525000;
202300048146.0;1;973;97302;2;1;1.0;6.0;4,91712042; -52,30841205;
202300048147.0;1;60;60130;1;2;1.0;3.0;49,37341800;2,51782200;
202300048148.0;5;93;93070;2;3;3.0;6.0;48,91450000;2,32986000;
202300048149.0;1;976;97610;1;1;1.0;1.0; -12,73474600;45,16485100;
202300048150.0;1;69;69387;2;2;1.0;3.0;45,75203000;4,84592000;
202300048151.0;5;93;93077;2;1;2.0;5.0;48,88728000;2,52117000;
202300048152.0;1;69;69387;2;2;1.0;2.0;45,73122136;4,83407395;
202300048153.0;1;49;49063;1;1;1.0;5.0;47,34690700; -0,72103700;
202300048154.0;1;93;93062;2;1;2.0;1.0;48,90152000;2,52881000;
202300048155.0;1;69;69389;2;1;1.0;6.0;45,77416127;4,79490177;
202300048156.0;1;35;35128;1;1;1.0;5.0;48,27661700; -1,72715000;
202300048157.0;5;971;97101;1;1;2.0;3.0;16,27012000; -61,49840000;
202300048158.0;3;972;97225;1;1;1.0;6.0;14,76404100; -61,19230300;
202300048159.0;2;93;93053;2;6;2.0;6.0;48,89775000;2,46235000;
202300048160.0;3;62;62531;1;1;1.0;6.0;50,84895500;1,97721200;
202300048161.0;1;95;95127;2;6;1.0;6.0;49,03466000;2,08273000;
202300048162.0;1;93;93046;2;1;8.0;3.0;48,92764000;2,55298000;
202300048163.0;1;33;33080;1;3;1.0;3.0;44,73090300; -0,53220700;
202300048164.0;4;91;91425;2;1;1.0;6.0;48,65155000;2,27255000;
202300048165.0;3;38;38239;1;1;3.0;2.0;45,33889700;5,54166400;
202300048166.0;1;72;72154;2;9;1.0;3.0;47,70414500; -0,06539800;
202300048167.0;5;93;93046;2;1;1.0;5.0;48,91971752;2,54590583;
202300048168.0;1;30;30202;2;1;2.0;6.0;44,25636200;4,64747700;
202300048169.0;1;91;91312;2;1;1.0;1.0;48,72970300;2,23386800;