Num_Acc;lum;departement;commune;agglomeration;intersection;meteo;type_collision;lat;long;date
202300048170.0;5;29;29042;2;1;1.0;6.0;48,23333000; -4,49888400;
202300048171.0;2;93;93005;2;2;3.0;3.0;48,92915000;2,48938000;
202300048172.0;1;22;22277;1;1;1.0;3.0;48,38827100; -2,91646200;
202300048173.0;5;93;93001;2;1;1.0;7.0;48,90735634;2,38781707;
202300048174.0;1;91;91272;2;1;1.0;3.0;48,70686500;2,12410000;
202300048175.0;1;91;91027;2;2;1.0;3.0;48,71138800;2,37524200;
202300048176.0;1;92;92036;2;1;2.0;2.0;48,92456831;2,30440557;
202300048177.0;1;27;27072;1;2;1.0;1.0;49,09408000;1,55062000;
202300048178.0;1;51;51259;1;1;1.0;7.0;48,88145500;4,51880500;
202300048179.0;1;78;78440;2;1;1.0;6.0;48,99500500;1,93208200;
202300048180.0;1;92;92025;2;1;2.0;3.0;48,91427171;2,22952266;
202300048181.0;1;60;60139;1;6;1.0;7.0;49,16113700;2,23657600;
202300048182.0;1;56;56179;1;1;1.0;1.0;47,85585500; -3,42087900;
202300048183.0;1;60;60421;1;1;1.0;2.0;49,18633200;2,64019500;
202300048184.0;5;92;92012;2;1;2.0;2.0;48,83049000;2,24529000;
202300048185.0;1;76;76159;2;1;1.0;7.0;49,78880800;0,63357000;
202300048186.0;1;77;77445;2;3;1.0;3.0;48,60490000;2,56690000;
202300048187.0;1;62;62811;1;3;1.0;2.0;50,64148700;2,25125800;
202300048188.0;1;92;92004;2;3;2.0;3.0;48,91375917;2,28759876;
202300048189.0;1;76;76146;2;1;1.0;3.0;49,58809800;1,35561400;
202300048190.0;5;92;92009;2;2;2.0;6.0;48,92114741;2,27841407;
202300048191.0;1;59;59011;2;3;1.0;1.0;50,52209000;2,93479300;
202300048192.0;5;13;13215;1;1;1.0;3.0;43,34994821;5,36891233;
202300048193.0;2;77;77186;1;1;2.0;2.0;48,44415000;2,71885000;
202300048194.0;5;92;92002;2;2;8.0;3.0;48,75137000;2,30456000;
202300048195.0;1;13;13215;1;1;1.0;2.0;43,36643455;5,36080529;
202300048196.0;1;41;41229;1;1;1.0;5.0;47,30762300;1,38820400;
202300048197.0;1;13;13202;1;1;1.0;2.0;43,29730000;5,36300000;
202300048198.0;1;69;69267;1;1;1.0;1.0;46,16434700;4,66180800;
202300048199.0;1;39;39120;1;1;1.0;1.0;46,64923000;5,93381900;
202300048200.0;5;76;76322;1;1;1.0;6.0;49,40012000;1,03227000;
202300048201.0;5;69;69382;1;1;1.0;2.0;45,74724000;4,82956000;
202300048202.0;3;22;22011;1;1;2.0;6.0;48,46552300; -2,95912000;
202300048203.0;1;71;71373;1;1;1.0;7.0;46,52002000;5,12809400;
202300048204.0;1;69;69029;1;1;1.0;3.0;45,73039673;4,89897629;
202300048205.0;3;76;76540;2;1;1.0;7.0;49,43870000;1,11581000;
202300048206.0;4;33;33162;1;9;1.0;7.0;44,86723000; -0,64969000;
202300048207.0;3;57;57177;1;1;2.0;2.0;48,80991670;6,69363180;
202300048208.0;1;63;63448;1;1;2.0;6.0;45,46053700;3,43818400;
202300048209.0;4;91;91687;1;1;1.0;4.0;48,66763000;2,35750000;
202300048210.0;1;49;49241;1;1;1.0;7.0;47,48974600; -0,44277900;
202300048211.0;1;94;94034;1;1;1.0;3.0;48,75926173;2,32315997;
202300048212.0;1;94;94065;1;1;1.0;3.0;48,75494000;2,34599000;
202300048213.0;1;12;12021;1;1;1.0;3.0;44,30482500;2,14625500;
202300048214.0;1;91;91570;1;1;1.0;7.0;48,62476000;2,33061000;
202300048215.0;1;92;92025;1;1;1.0;2.0;48,93424671;2,25694533;
202300048216.0;1;72;72181;1;6;1.0;2.0;47,99511000;0,23378000;
202300048217.0;1;25;25387;1;1;2.0;6.0;47,28033500;6,82667300;
202300048218.0;4;92;92023;1;1;1.0;4.0;48,77693549;2,22484589;
202300048219.0;1;25;25218;1;1;8.0;6.0;47,21936000;6,39385300;
202300048220.0;2;71;71270;2;3;1.0;1.0;46,30424000;4,82766000;
202300048221.0;3;78;78140;1;1;1.0;5.0;48,96090500;1,93005200;
202300048222.0;1;69;69256;2;2;1.0;3.0;45,77730000;4,91966000;
202300048223.0;1;44;44212;2;1;1.0;3.0;47,16140800; -1,27636700;
202300048224.0;1;92;92050;1;1;1.0;2.0;48,91336825;2,21862758;
202300048225.0;1;69;69266;2;2;1.0;3.0;45,76130000;4,87655000;
202300048226.0;2;95;95018;1;1;1.0;5.0;48,96142191;2,26895571;
202300048227.0;3;93;93063;1;1;1.0;3.0;48,87775000;2,44530000;
202300048228.0;1;95;95018;1;1;1.0;3.0;48,95276000;2,27959000;
202300048229.0;1;35;35243;1;1;3.0;2.0;48,34849000; -1,28300000;
202300048230.0;1;95;95527;1;1;1.0;2.0;49,01544622;2,53143909;
202300048231.0;1;60;60184;1;1;1.0;6.0;49,36968254;3,02961946;
202300048232.0;1;69;69264;2;1;1.0;6.0;45,98912000;4,71143000;
202300048233.0;1;93;93064;1;1;1.0;2.0;48,88672000;2,47982000;
202300048234.0;2;60;60086;1;1;1.0;1.0;49,16534600;2,34277000;
202300048235.0;1;69;69091;2;1;1.0;4.0;45,60221000;4,77038000;
202300048236.0;1;93;93010;1;1;1.0;4.0;48,90288000;2,47089000;
202300048237.0;3;75;75112;1;1;1.0;4.0;48,82627800;2,46588200;
202300048238.0;5;67;67482;2;1;5.0;7.0;48,61459900;7,77745900;
202300048239.0;1;07;07009;1;1;1.0;1.0;45,23827200;4,78530800;
202300048240.0;1;64;64445;2;1;1.0;6.0;43,29669000; -0,37978000;
202300048241.0;3;91;91326;2;1;1.0;6.0;48,68853000;2,38223000;
202300048242.0;1;85;85029;1;1;1.0;3.0;46,95763900; -2,01391800;
202300048243.0;1;64;64024;2;1;1.0;3.0;43,50840000; -1,49817000;
202300048244.0;1;93;93079;2;2;1.0;3.0;48,95159000;2,34317000;
202300048245.0;1;63;63103;2;2;1.0;6.0;45,92410000;3,06410000;
202300048246.0;1;974;97411;2;4;1.0;3.0; -20,90206000;55,47726000;
202300048247.0;1;85;85047;1;2;1.0;3.0;46,80926500; -1,84140100;
202300048248.0;1;974;97411;2;1;1.0;6.0; -20,88445000;55,46547000;
202300048249.0;1;27;27531;2;3;1.0;3.0;49,25516300;0,80854700;
202300048250.0;5;62;62160;2;2;2.0;3.0;50,72627000;1,60748000;
202300048251.0;1;974;97407;2;1;8.0;3.0; -20,94916000;55,28485000;
202300048252.0;1;28;28325;1;1;1.0;7.0;48,46731200;1,34097000;
202300048253.0;1;59;59599;2;3;1.0;3.0;50,74237300;3,16951400;
202300048254.0;1;69;69389;2;7;1.0;2.0;45,78669000;4,79203000;
202300048255.0;1;28;28386;1;2;1.0;1.0;48,57394500;1,26251000;
202300048256.0;1;2A;2A004;2;1;1.0;3.0;41,93042305;8,73332888;
202300048257.0;1;37;37156;1;3;7.0;1.0;47,37612418;0,80027649;
202300048258.0;1;59;59350;2;9;1.0;3.0;50,62361000;3,06585200;
202300048259.0;1;91;91377;2;1;1.0;6.0;48,72378800;2,26071400;
202300048260.0;1;91;91657;2;9;1.0;3.0;48,70134000;2,41533000;
202300048261.0;2;59;59378;2;3;1.0;3.0;50,65655700;3,08884800;
202300048262.0;1;91;91201;2;1;1.0;2.0;48,68623600;2,40611300;
202300048263.0;2;59;59329;1;1;1.0;5.0;50,35303000;3,05470000;
202300048264.0;1;13;13097;1;9;7.0;2.0;43,63824900;4,85777600;
202300048265.0;5;91;91432;2;2;1.0;3.0;48,70338000;2,34959000;
202300048266.0;5;51;51454;1;1;1.0;4.0;49,25439000;4,02006000;
202300048267.0;2;60;60494;1;1;1.0;2.0;49,11636240;2,56998110;
202300048268.0;1;51;51454;2;2;1.0;2.0;49,24849000;4,01271000;
202300048269.0;2;87;87085;2;3;1.0;7.0;45,85495000;1,27408000;
202300048270.0;1;49;49328;2;3;1.0;3.0;47,26430000; -0,09970000;
202300048271.0;1;87;87085;2;3;1.0;3.0;45,84685000;1,25542000;
202300048272.0;1;49;49099;2;6;1.0;7.0;47,07400000; -0,84381000;
202300048273.0;2;971;97128;1;1;1.0;1.0;16,24878200; -61,34017800;
202300048274.0;5;87;87050;2;2;1.0;6.0;45,87104000;1,24201000;
202300048275.0;1;49;49015;2;1;1.0;6.0;47,50762000; -0,58197000;
202300048276.0;1;2A;2A247;1;1;1.0;3.0;41,65376400;9,21130700;
202300048277.0;1;86;86194;2;1;1.0;3.0;46,57110000;0,37428000;
202300048278.0;1;78;78440;2;1;1.0;6.0;48,99706100;1,90878000;
202300048279.0;2;37;37261;2;1;2.0;2.0;47,36420000;0,69954000;
202300048280.0;3;83;83065;1;1;1.0;1.0;43,26226900;6,60368700;
202300048281.0;1;35;35281;2;2;1.0;3.0;48,08982000; -1,70559000;
202300048282.0;1;71;71472;2;2;7.0;3.0;46,95480300;4,07270900;
202300048283.0;1;77;77337;2;1;1.0;1.0;48,84120000;2,61569000;
202300048284.0;2;34;34161;1;1;1.0;1.0;43,33300000;3,14800000;
202300048285.0;1;77;77288;2;3;1.0;6.0;48,55116000;2,65274000;
202300048286.0;1;10;10006;2;2;1.0;1.0;48,53637617;4,14257790;
202300048287.0;5;33;33063;2;1;1.0;3.0;44,83424483; -0,55223197;
202300048288.0;1;68;68028;2;9;1.0;3.0;48,20752300;7,36037800;
202300048289.0;2;33;33550;2;1;1.0;6.0;44,77265000; -0,56230000;
202300048290.0;2;76;76498;2;3;1.0;3.0;49,42708000;1,06382000;
202300048291.0;1;88;88470;2;1;1.0;7.0;48,08526800;6,73555300;
202300048292.0;1;72;72181;1;1;1.0;2.0;47,98988000;0,17688000;
202300048293.0;5;30;30189;2;6;1.0;3.0;43,82738000;4,37511000;
202300048294.0;1;88;88196;1;1;1.0;5.0;48,07233700;6,85513100;
202300048295.0;1;71;71306;2;1;1.0;3.0;46,67994000;4,38685000;
202300048296.0;5;30;30189;2;6;1.0;6.0;43,85680000;4,40500000;
202300048297.0;1;81;81248;1;1;1.0;7.0;43,71584900;1,92085300;
202300048298.0;1;29;29232;2;1;8.0;6.0;47,97952000; -4,12136000;
202300048299.0;5;71;71076;2;2;1.0;3.0;46,78754000;4,83887000;
202300048300.0;5;31;31451;2;9;1.0;6.0;43,46646900;2,00045000;
202300048301.0;1;28;28085;2;1;1.0;2.0;48,44195000;1,49101000;
202300048302.0;3;69;69266;1;1;1.0;7.0;45,78624294;4,89316727;
202300048303.0;1;64;64177;2;1;1.0;1.0;43,46897700; -0,71503400;
202300048304.0;1;19;19031;2;1;1.0;3.0;45,16464000;1,50659000;
202300048305.0;1;69;69275;2;3;1.0;3.0;45,74504000;4,93279000;
202300048306.0;1;16;16015;2;8;1.0;6.0;45,63906200;0,13095300;
202300048307.0;1;47;47157;1;2;1.0;3.0;44,51177425;0,18924379;
202300048308.0;1;69;69259;2;1;1.0;3.0;45,72145000;4,88226000;
202300048309.0;3;33;33433;1;1;1.0;2.0;44,92260600; -0,46312100;
202300048310.0;4;13;13043;2;3;1.0;3.0;43,39692522;5,24907810;
202300048311.0;1;67;67482;2;3;1.0;7.0;48,56642000;7,70812000;
202300048312.0;3;85;85222;1;1;1.0;6.0;46,67520500; -1,91384200;
202300048313.0;1;13;13216;2;1;1.0;3.0;43,35591000;5,34626000;
202300048314.0;1;67;67447;2;1;1.0;6.0;48,60724000;7,72367000;
202300048315.0;5;75;75118;2;1;2.0;2.0;48,90065000;2,36570500;
202300048316.0;1;69;69382;2;2;1.0;3.0;45,76502000;4,83818000;
202300048317.0;1;27;27329;1;1;1.0;7.0;49,19074200;1,45489500;
202300048318.0;1;66;66136;2;6;1.0;3.0;42,66998000;2,90495000;
202300048319.0;1;83;83090;1;1;1.0;6.0;43,12418712;5,87165720;
202300048320.0;1;75;75113;2;1;1.0;4.0;48,81644500;2,34712500;
202300048321.0;1;69;69381;2;3;1.0;2.0;45,77092000;4,82860000;
202300048322.0;1;64;64024;2;1;7.0;6.0;43,49205000; -1,53153000;
202300048323.0;3;22;22187;1;1;9.0;1.0;48,53384000; -2,75831000;
202300048324.0;3;42;42218;1;1;1.0;3.0;45,41365600;4,40237000;
202300048325.0;1;75;75112;2;1;1.0;3.0;48,83017100;2,40218800;
202300048326.0;1;64;64102;2;1;1.0;6.0;43,49346000; -1,47588000;
202300048327.0;1;13;13117;2;9;1.0;1.0;43,43566000;5,25621000;
202300048328.0;1;2B;2B033;1;1;1.0;2.0;42,70655000;9,44301000;
202300048329.0;5;13;13215;2;1;1.0;5.0;43,35056000;5,35418000;
202300048330.0;1;75;75114;2;4;1.0;6.0;48,81930044;2,32872337;
202300048331.0;1;94;94065;1;1;1.0;5.0;48,74898464;2,35721472;
202300048332.0;1;62;62263;2;2;1.0;3.0;50,26807000;2,72390000;
202300048333.0;5;971;97101;1;9;1.0;3.0;16,25049505; -61,52976751;
202300048334.0;2;75;75118;2;1;1.0;7.0;48,90078700;2,33855900;
202300048335.0;5;13;13213;2;1;1.0;1.0;43,33564188;5,41001737;
202300048336.0;1;78;78158;1;1;1.0;2.0;48,84118700;2,10740800;
202300048337.0;1;61;61001;2;1;1.0;6.0;48,42269000;0,08671000;
202300048338.0;5;75;75120;2;1;1.0;3.0;48,86082300;2,41383200;
202300048339.0;1;2A;2A004;2;3;1.0;3.0;41,93835000;8,74903000;
202300048340.0;1;78;78498;1;1;1.0;6.0;48,91432000;2,00559600;
202300048341.0;5;13;13205;2;2;1.0;3.0;43,29032000;5,39983000;
202300048342.0;1;61;61001;2;1;1.0;2.0;48,43750100;0,09538300;
202300048343.0;1;95;95277;1;1;1.0;7.0;48,97449600;2,49115800;
202300048344.0;1;75;75113;2;2;1.0;3.0;48,82020900;2,36605900;
202300048345.0;1;06;06088;1;1;1.0;6.0;43,72761000;7,18914000;
202300048346.0;2;03;03321;2;1;1.0;6.0;46,57940000;3,34080000;
202300048347.0;5;75;75105;2;3;1.0;3.0;48,85377700;2,34439500;
202300048348.0;1;91;91549;2;9;1.0;6.0;48,63465000;2,34138000;
202300048349.0;1;973;97302;2;1;3.0;4.0;4,94047847; -52,32020974;
202300048350.0;1;95;95527;1;1;1.0;4.0;49,01863000;2,53304000;
202300048351.0;1;75;75106;2;2;1.0;3.0;48,85247966;2,33874142;
202300048352.0;5;59;59152;2;6;1.0;3.0;50,75502000;3,02564000;
202300048353.0;1;91;91667;2;9;1.0;6.0;48,65768500;2,33774300;
202300048354.0;1;69;69142;2;2;8.0;3.0;45,72114595;4,81116146;
202300048355.0;1;77;77517;1;1;1.0;3.0;48,90889100;2,63782100;
202300048356.0;1;59;59279;2;1;2.0;6.0;50,77939540;3,11137491;
202300048357.0;1;75;75118;2;3;1.0;6.0;48,88512500;2,35083500;
202300048358.0;1;91;91347;2;9;7.0;3.0;48,63522000;2,28557000;
202300048359.0;1;69;69385;2;1;8.0;3.0;45,76401000;4,78902000;
202300048360.0;1;94;94065;1;1;1.0;2.0;48,75429000;2,35055900;
202300048361.0;1;75;75116;2;1;1.0;2.0;48,85379900;2,23719000;
202300048362.0;1;59;59599;2;2;1.0;2.0;50,72168000;3,18121000;
202300048363.0;3;95;95539;1;1;1.0;2.0;49,00268000;2,35891000;
202300048364.0;1;91;91161;2;2;1.0;3.0;48,71272200;2,30264300;
202300048365.0;2;93;93051;1;1;1.0;5.0;48,83600000;2,56000000;
202300048366.0;1;75;75116;2;2;1.0;6.0;48,86845500;2,29889700;
202300048367.0;4;91;91027;2;1;1.0;3.0;48,70878000;2,37152000;
202300048368.0;1;59;59560;1;3;8.0;3.0;50,53691000;3,02806000;
202300048369.0;2;94;94081;1;1;1.0;2.0;48,77482657;2,41105831;
202300048370.0;1;91;91589;2;2;1.0;3.0;48,69191300;2,34844800;
202300048371.0;2;75;75114;2;1;1.0;3.0;48,82040200;2,33794400;
202300048372.0;1;56;56121;2;1;2.0;2.0;47,75297000; -3,36123000;
202300048373.0;3;88;88409;1;1;1.0;1.0;48,01198000;6,64284000;
202300048374.0;1;43;43185;2;1;1.0;2.0;45,39680000;3,32300800;
202300048375.0;5;87;87050;2;1;1.0;6.0;45,86898000;1,23832000;
202300048376.0;5;75;75101;2;1;1.0;3.0;48,86392600;2,32095700;
202300048377.0;1;55;55505;2;1;1.0;3.0;49,17547000;5,35782000;
202300048378.0;1;87;87085;2;2;1.0;3.0;45,82605000;1,26791000;
202300048379.0;1;22;22215;2;2;1.0;3.0;48,49217000; -2,80196000;
202300048380.0;1;87;87085;2;1;1.0;6.0;45,83727130;1,23091221;
202300048381.0;1;54;54395;2;1;1.0;6.0;48,68366972;6,18792593;
202300048382.0;2;75;75103;2;7;1.0;3.0;48,86794300;2,36232400;
202300048383.0;1;54;54395;2;1;1.0;2.0;48,69953856;6,18192315;
202300048384.0;1;976;97611;2;2;1.0;3.0; -12,77936000;45,22751000;
202300048385.0;2;84;84007;2;2;1.0;6.0;43,94355000;4,84353300;
202300048386.0;1;87;87085;2;3;3.0;3.0;45,82843000;1,28289000;
202300048387.0;1;75;75104;2;2;1.0;3.0;48,85343500;2,36717200;
202300048388.0;1;974;97416;1;1;2.0;7.0; -21,31828859;55,44541240;
202300048389.0;1;54;54578;2;1;1.0;2.0;48,67623000;6,15367000;
202300048390.0;5;83;83062;2;1;1.0;1.0;43,12480000;6,00753000;
202300048391.0;1;75;75103;2;7;1.0;7.0;48,86653800;2,36479600;
202300048392.0;1;974;97409;2;1;1.0;2.0; -20,93208000;55,64419000;
202300048393.0;1;86;86194;2;6;1.0;2.0;46,55874000;0,38992000;
202300048394.0;1;54;54526;2;2;1.0;3.0;48,68152000;6,21603000;
202300048395.0;4;83;83090;2;1;1.0;1.0;43,13539000;5,85693000;
202300048396.0;5;75;75103;2;3;1.0;6.0;48,86759899;2,35331118;
202300048397.0;1;78;78440;2;2;1.0;6.0;48,99106000;1,91564000;
202300048398.0;1;69;69387;2;3;1.0;3.0;45,74420000;4,84792000;
202300048399.0;5;83;83123;2;1;1.0;2.0;43,12309045;5,82246208;
202300048400.0;1;54;54395;2;1;1.0;3.0;48,68849000;6,20450000;
202300048401.0;1;94;94081;2;8;1.0;3.0;48,80143957;2,37928922;
202300048402.0;1;78;78401;2;1;1.0;3.0;49,00413000;1,90686000;
202300048403.0;2;69;69383;2;1;1.0;3.0;45,74228000;4,88132000;
202300048404.0;1;51;51454;2;3;1.0;6.0;49,22105000;4,02922000;
202300048405.0;5;83;83126;2;1;1.0;5.0;43,10146000;5,89276000;
202300048406.0;1;69;69149;2;1;1.0;3.0;45,70666538;4,80884303;
202300048407.0;1;76;76540;2;1;1.0;3.0;49,43903000;1,08830000;
202300048408.0;1;94;94081;2;2;8.0;3.0;48,79471400;2,41800500;
202300048409.0;1;51;51454;2;6;1.0;3.0;49,26451000;4,01029000;
202300048410.0;2;83;83129;2;3;1.0;3.0;43,09330000;5,84196000;
202300048411.0;1;95;95288;2;6;8.0;3.0;48,98486067;2,36133635;
202300048412.0;1;83;83069;2;6;1.0;6.0;43,11763000;6,12613000;
202300048413.0;1;94;94043;2;1;1.0;6.0;48,80957400;2,35871200;
202300048414.0;1;50;50129;2;2;1.0;2.0;49,61226000; -1,60098000;
202300048415.0;1;73;73065;2;2;1.0;3.0;45,58678000;5,88385000;
202300048416.0;1;94;94017;2;1;8.0;6.0;48,81315935;2,51262528;
202300048417.0;1;95;95427;2;1;1.0;3.0;48,95644000;2,33421000;
202300048418.0;1;83;83061;1;1;1.0;1.0;43,52176000;6,89234000;
202300048419.0;3;49;49328;2;1;1.0;1.0;47,26725000; -0,07893000;
202300048420.0;1;72;72181;2;8;1.0;3.0;48,01350000;0,20810000;
202300048421.0;5;94;94017;2;1;1.0;3.0;48,81651281;2,50034780;
202300048422.0;1;82;82121;2;1;8.0;3.0;43,97637834;1,32238940;
202300048423.0;1;49;49328;2;1;1.0;3.0;47,26523000; -0,07479000;
202300048424.0;1;91;91377;2;1;1.0;1.0;48,72133100;2,27707300;
202300048425.0;1;72;72181;2;1;1.0;7.0;48,01231000;0,18829000;
202300048426.0;1;93;93031;2;1;1.0;6.0;48,95401671;2,31074318;
202300048427.0;1;81;81163;2;2;8.0;3.0;43,50711400;2,37821900;
202300048428.0;1;69;69264;2;1;1.0;7.0;45,99541000;4,72163000;
202300048429.0;1;85;85194;2;1;1.0;1.0;46,52930000; -1,78270000;
202300048430.0;5;93;93029;2;3;1.0;3.0;48,92113000;2,44739000;
202300048431.0;5;49;49007;2;2;1.0;1.0;47,49117000; -0,52961000;
202300048432.0;1;69;69029;2;2;1.0;3.0;45,73919486;4,91021411;
202300048433.0;4;93;93005;2;1;1.0;6.0;48,96036057;2,48833895;
202300048434.0;1;81;81004;1;1;1.0;5.0;43,90177000;2,14555000;
202300048435.0;1;47;47001;2;2;1.0;3.0;44,19540000;0,61698000;
202300048436.0;1;92;92075;2;1;1.0;3.0;48,82526367;2,29302317;
202300048437.0;1;76;76157;2;3;2.0;1.0;49,44763000;1,02022000;
202300048438.0;1;45;45234;2;1;1.0;6.0;47,90500900;1,91768700;
202300048439.0;1;68;68066;2;2;7.0;3.0;48,10729000;7,38482000;
202300048440.0;1;77;77268;2;2;1.0;3.0;48,86153000;2,81745000;
202300048441.0;1;92;92064;2;1;1.0;1.0;48,85084000;2,20477000;
202300048442.0;2;76;76474;2;4;2.0;2.0;49,48585000;1,04845000;
202300048443.0;1;76;76178;1;1;3.0;6.0;49,31254000;1,05512000;
202300048444.0;5;45;45338;2;2;1.0;3.0;47,99080000;2,71079000;
202300048445.0;5;92;92063;2;3;1.0;1.0;48,86545000;2,20735000;
202300048446.0;1;67;67482;2;1;1.0;3.0;48,59232600;7,76109200;
202300048447.0;5;44;44109;2;1;1.0;6.0;47,24634000; -1,52375000;
202300048448.0;1;72;72095;2;9;1.0;3.0;48,02976000;0,20987000;
202300048449.0;1;76;76351;2;4;1.0;3.0;49,50244000;0,16816300;
202300048450.0;1;92;92062;2;9;8.0;2.0;48,88732670;2,23199219;
202300048451.0;5;72;72181;2;1;1.0;6.0;48,00795000;0,18977000;
202300048452.0;1;66;66136;2;1;1.0;3.0;42,70701200;2,89163000;
202300048453.0;3;76;76707;1;9;1.0;6.0;49,85730000;1,11600000;
202300048454.0;1;44;44109;2;6;1.0;3.0;47,22638700; -1,56240000;
202300048455.0;1;92;92050;2;2;8.0;6.0;48,89446474;2,19390195;
202300048456.0;1;72;72181;2;9;1.0;3.0;47,99992000;0,19892000;
202300048457.0;5;65;65440;2;1;2.0;7.0;43,21925000;0,08130000;
202300048458.0;1;41;41018;2;1;1.0;1.0;47,56730000;1,31210000;
202300048459.0;5;92;92049;2;1;1.0;7.0;48,81820347;2,31941879;
202300048460.0;5;69;69266;2;1;1.0;6.0;45,77384000;4,89058000;
202300048461.0;5;71;71270;2;1;1.0;3.0;46,29730000;4,82408000;
202300048462.0;3;38;38382;1;9;1.0;7.0;45,21825000;5,67556000;
202300048463.0;1;69;69266;2;1;1.0;6.0;45,78747000;4,88483000;
202300048464.0;2;69;69115;2;9;2.0;6.0;45,97285000;4,71714000;
202300048465.0;1;92;92044;2;2;1.0;6.0;48,89272000;2,28597000;
202300048466.0;2;62;62193;2;9;1.0;3.0;50,94947100;1,89672700;
202300048467.0;1;66;66136;2;1;1.0;7.0;42,69900000;2,90600000;
202300048468.0;1;38;38421;2;6;1.0;3.0;45,18234000;5,77787000;
202300048469.0;1;92;92040;2;2;1.0;2.0;48,82696000;2,27921000;
202300048470.0;1;60;60057;2;1;1.0;6.0;49,42700000;2,07770000;
202300048471.0;1;69;69290;2;2;1.0;6.0;45,69440850;4,94138256;
202300048472.0;5;37;37261;2;2;1.0;3.0;47,35568000;0,69879000;
202300048473.0;1;64;64129;2;3;7.0;3.0;43,30463000; -0,39101000;
202300048474.0;5;92;92036;2;1;1.0;6.0;48,92196400;2,31980800;
202300048475.0;1;69;69029;2;1;1.0;3.0;45,73682000;4,89872000;
202300048476.0;1;60;60057;2;1;1.0;3.0;49,43525000;2,08821000;
202300048477.0;1;37;37195;2;1;1.0;7.0;47,38435000;0,66547000;
202300048478.0;1;92;92026;2;3;2.0;3.0;48,89090241;2,24769509;
202300048479.0;1;64;64129;2;2;1.0;3.0;43,30465000; -0,39900000;
202300048480.0;1;69;69029;2;9;1.0;3.0;45,74609000;4,92627000;
202300048481.0;1;59;59378;2;3;1.0;6.0;50,65935600;3,08081400;
202300048482.0;5;37;37261;2;2;1.0;3.0;47,39178000;0,66898000;
202300048483.0;1;92;92025;2;1;1.0;6.0;48,92292700;2,25542200;
202300048484.0;1;64;64024;2;1;1.0;3.0;43,48589000; -1,49925000;
202300048485.0;1;69;69259;2;1;1.0;3.0;45,71570000;4,87705000;
202300048486.0;1;56;56083;1;1;1.0;3.0;47,78939000; -3,29060000;
202300048487.0;1;34;34172;2;3;1.0;3.0;43,60669000;3,86520000;
202300048488.0;5;64;64102;2;1;1.0;2.0;43,49747000; -1,48508000;
202300048489.0;1;67;67204;1;1;2.0;7.0;48,63116000;7,76559000;
202300048490.0;1;92;92024;2;2;1.0;3.0;48,90845000;2,30013000;
202300048491.0;1;92;92004;2;1;2.0;3.0;48,92889310;2,27947265;
202300048492.0;1;56;56083;2;3;1.0;2.0;47,82251000; -3,25046000;
202300048493.0;1;63;63113;2;2;1.0;3.0;45,79336000;3,08449000;
202300048494.0;1;34;34032;2;2;1.0;3.0;43,33975000;3,22227000;
202300048495.0;1;67;67482;2;1;7.0;1.0;48,59794000;7,77580000;
202300048496.0;1;60;60049;2;3;1.0;7.0;49,55057014;1,73738050;
202300048497.0;1;56;56121;2;1;1.0;2.0;47,76042000; -3,38393000;
202300048498.0;3;63;63164;1;3;2.0;3.0;45,81568000;3,15087000;
202300048499.0;1;33;33063;2;2;1.0;3.0;44,82205000; -0,57651000;
202300048500.0;1;64;64545;1;1;1.0;4.0;43,36505000; -1,68897000;
202300048501.0;3;60;60088;1;1;8.0;2.0;49,18935545;2,20164230;
202300048502.0;1;56;56107;1;2;1.0;2.0;47,71003940; -3,40356760;
202300048503.0;1;33;33069;2;2;1.0;3.0;44,85702000; -0,59118000;
202300048504.0;1;64;64445;2;9;1.0;2.0;43,30610000; -0,37640000;
202300048505.0;5;59;59512;2;3;1.0;3.0;50,68593000;3,20409000;
202300048506.0;1;37;37031;2;3;1.0;2.0;47,28499300;0,17390900;
202300048507.0;1;33;33249;2;1;1.0;7.0;44,86700000; -0,50900000;
202300048508.0;2;59;59350;2;1;2.0;6.0;50,63936600;3,01316500;
202300048509.0;1;64;64122;2;1;1.0;6.0;43,48460000; -1,55448000;
202300048510.0;1;56;56121;1;1;1.0;5.0;47,74353000; -3,38463000;
202300048511.0;1;974;97405;1;1;1.0;5.0; -21,36776200;55,55992100;
202300048512.0;1;62;62841;1;1;1.0;6.0;50,55314000;2,61048000;
202300048513.0;1;59;59350;2;1;1.0;2.0;50,62857400;3,10839000;
202300048514.0;1;33;33119;2;1;1.0;6.0;44,85135000; -0,50728000;
202300048515.0;1;01;01354;2;1;1.0;2.0;46,26084000;6,02956800;
202300048516.0;3;59;59271;2;1;2.0;7.0;50,98719080;2,29886234;
202300048517.0;1;54;54578;2;2;1.0;1.0;48,67186784;6,16127484;
202300048518.0;1;59;59152;2;1;1.0;6.0;50,76588000;3,02047000;
202300048519.0;1;31;31555;2;1;1.0;3.0;43,58570000;1,45555000;