Num_Acc;lum;departement;commune;agglomeration;intersection;meteo;type_collision;lat;long;date
202300048520.0;5;56;56260;2;3;1.0;1.0;47,65576000; -2,75973000;
202300048521.0;2;31;31555;2;9;1.0;1.0;43,61637000;1,43712000;
202300048522.0;1;59;59599;2;1;1.0;6.0;50,71006000;3,15279000;
202300048523.0;3;84;84099;1;1;1.0;6.0;43,85903200;5,09296800;
202300048524.0;1;51;51454;2;2;1.0;3.0;49,24804000;4,04284000;
202300048525.0;1;56;56185;1;1;8.0;7.0;47,77091000; -3,37826000;
202300048526.0;1;25;25056;1;1;1.0;3.0;47,29740000;6,07445000;
202300048527.0;1;51;51454;2;1;1.0;6.0;49,26255000;4,05356000;
202300048528.0;3;57;57358;1;1;1.0;3.0;49,30927400;6,32629000;
202300048529.0;1;59;59368;2;1;1.0;5.0;50,65742000;3,07387000;
202300048530.0;1;22;22187;2;1;1.0;6.0;48,53527000; -2,75986000;
202300048531.0;5;54;54395;2;2;1.0;3.0;48,69634731;6,16726220;
202300048532.0;1;58;58194;2;9;1.0;2.0;46,99488000;3,14831000;
202300048533.0;5;49;49007;2;2;1.0;3.0;47,47470000; -0,58615000;
202300048534.0;1;79;79005;1;2;1.0;3.0;46,84817300; -0,20876000;
202300048535.0;1;21;21617;2;1;1.0;6.0;47,33282700;5,00972300;
202300048536.0;5;57;57441;2;1;1.0;6.0;49,37879000;6,16950000;
202300048537.0;1;47;47001;2;1;1.0;2.0;44,20194000;0,62553000;
202300048538.0;3;54;54542;1;1;8.0;2.0;49,21015400;5,91861800;
202300048539.0;1;79;79293;1;1;1.0;1.0;46,35797600; -0,53889900;
202300048540.0;5;57;57647;2;1;1.0;6.0;49,32267915;6,07932329;
202300048541.0;5;18;18033;2;1;1.0;7.0;47,08150000;2,37176000;
202300048542.0;2;71;71157;1;1;2.0;6.0;46,49836300;5,38049000;
202300048543.0;5;51;51055;2;2;1.0;3.0;49,28584821;4,06158060;
202300048544.0;1;45;45284;2;2;1.0;6.0;47,91430000;1,96435000;
202300048545.0;1;54;54451;2;1;1.0;3.0;49,50915700;5,75935700;
202300048546.0;1;17;17415;2;9;1.0;2.0;45,74033000; -0,66025000;
202300048547.0;3;71;71289;1;1;8.0;6.0;46,31510200;4,51122300;
202300048548.0;1;45;45208;2;1;1.0;6.0;47,99862000;2,73098000;
202300048549.0;1;54;54580;2;3;1.0;3.0;49,45568000;5,92763000;
202300048550.0;1;17;17380;2;1;1.0;1.0;45,64249900; -1,08758500;
202300048551.0;2;17;17028;2;1;1.0;2.0;46,13172000; -1,10497000;
202300048552.0;1;89;89168;1;1;2.0;5.0;47,81369500;3,89148800;
202300048553.0;1;43;43157;2;3;2.0;3.0;45,04405600;3,88112200;
202300048554.0;3;51;51153;1;1;2.0;5.0;49,02428400;3,97437400;
202300048555.0;1;50;50066;1;1;1.0;4.0;48,81279000; -1,54152000;
202300048556.0;1;13;13103;2;1;1.0;6.0;43,64048000;5,09442000;
202300048557.0;3;34;34041;1;1;1.0;6.0;43,62603400;3,47200100;
202300048558.0;1;42;42218;2;2;1.0;3.0;45,44038000;4,40358000;
202300048559.0;1;13;13103;2;1;1.0;3.0;43,62235000;5,08757000;
202300048560.0;1;50;50129;2;1;1.0;6.0;49,64103870; -1,57751340;
202300048561.0;3;68;68258;1;1;1.0;7.0;47,82767000;7,28857600;
202300048562.0;1;50;50129;2;2;1.0;3.0;49,63461000; -1,62602000;
202300048563.0;1;37;37261;2;1;1.0;6.0;47,36878000;0,69747000;
202300048564.0;1;50;50129;2;1;1.0;2.0;49,63731000; -1,63328000;
202300048565.0;1;49;49015;1;1;1.0;7.0;47,51679000; -0,58400000;
202300048566.0;4;35;35297;2;1;1.0;6.0;48,18985500; -2,19348900;
202300048567.0;1;13;13056;1;1;1.0;1.0;43,36256000;5,05521000;
202300048568.0;1;35;35051;2;6;1.0;3.0;48,11447000; -1,62085000;
202300048569.0;1;38;38249;1;4;1.0;6.0;45,21911800;5,82250700;
202300048570.0;5;49;49267;2;2;1.0;1.0;47,46386000; -0,49107000;
202300048571.0;1;44;44184;1;9;1.0;2.0;47,28888000; -2,24182000;
202300048572.0;4;33;33063;2;1;1.0;6.0;44,86693000; -0,56218000;
202300048573.0;5;10;10297;2;3;1.0;1.0;48,32428000;4,10485000;
202300048574.0;5;49;49246;2;1;2.0;6.0;47,43768000; -0,53050000;
202300048575.0;3;58;58087;2;1;8.0;3.0;46,76095700;3,55846000;
202300048576.0;1;33;33550;2;1;1.0;6.0;44,77382000; -0,56483000;
202300048577.0;1;44;44184;2;1;1.0;3.0;47,29695000; -2,18429000;
202300048578.0;1;50;50092;1;1;1.0;6.0;49,09964600; -1,35104500;
202300048579.0;1;49;49007;2;1;8.0;6.0;47,47898000; -0,56516000;
202300048580.0;1;10;10387;2;1;1.0;2.0;48,30275000;4,07509000;
202300048581.0;5;31;31555;2;1;3.0;6.0;43,59951000;1,42967000;
202300048582.0;3;49;49007;2;1;2.0;7.0;47,46155000; -0,51682000;
202300048583.0;1;44;44109;2;1;1.0;3.0;47,21563000; -1,56446000;
202300048584.0;1;10;10333;2;6;1.0;3.0;48,28204000;4,05955000;
202300048585.0;1;36;36155;1;1;2.0;6.0;46,99229400;1,41451300;
202300048586.0;1;27;27229;2;1;1.0;4.0;49,01863000;1,14120000;
202300048587.0;1;45;45232;2;6;1.0;3.0;47,84022000;1,87717000;
202300048588.0;1;34;34172;2;1;1.0;7.0;43,59291000;3,85941000;
202300048589.0;1;07;07316;1;1;1.0;6.0;44,88918175;4,84773103;
202300048590.0;2;24;24129;1;1;1.0;6.0;45,36554900;0,72345600;
202300048591.0;1;32;32013;2;1;1.0;6.0;43,65502000;0,61639000;
202300048592.0;1;44;44184;2;3;1.0;6.0;47,26690000; -2,25431000;
202300048593.0;5;06;06088;2;3;1.0;6.0;43,69511000;7,26924000;
202300048594.0;1;24;24197;1;1;1.0;6.0;44,89649400;0,43904000;
202300048595.0;5;44;44184;2;1;2.0;6.0;47,26885000; -2,21558000;
202300048596.0;5;31;31555;2;1;1.0;7.0;43,60769501;1,36531815;
202300048597.0;2;17;17008;2;6;1.0;2.0;46,26141000; -1,01023800;
202300048598.0;1;05;05061;1;4;1.0;4.0;44,58017000;6,08209000;
202300048599.0;1;29;29232;2;1;1.0;3.0;47,99428000; -4,11027000;
202300048600.0;1;37;37261;2;1;1.0;3.0;47,40973000;0,70327000;
202300048601.0;1;75;75120;2;1;1.0;3.0;48,86171200;2,41391200;
202300048602.0;3;87;87168;1;1;1.0;1.0;45,68058000;0,78337700;
202300048603.0;5;33;33162;2;1;1.0;6.0;44,86245225; -0,64603150;
202300048604.0;1;75;75120;2;1;1.0;2.0;48,87409600;2,41136200;
202300048605.0;5;06;06018;2;1;1.0;6.0;43,62326200;7,10462200;
202300048606.0;5;33;33281;2;1;1.0;3.0;44,82647000; -0,61875000;
202300048607.0;1;22;22106;2;1;1.0;2.0;48,50107800; -2,73274600;
202300048608.0;5;75;75116;2;1;1.0;6.0;48,84872500;2,24458300;
202300048609.0;3;53;53267;1;1;1.0;6.0;48,05530800; -0,47897800;
202300048610.0;1;17;17306;2;6;1.0;3.0;45,63102500; -1,00538200;
202300048611.0;3;22;22113;2;1;1.0;6.0;48,74587000; -3,48809000;
202300048612.0;1;33;33063;2;2;1.0;2.0;44,89901127; -0,55233657;
202300048613.0;2;973;97360;2;1;1.0;1.0;5,15703100; -54,34279400;
202300048614.0;5;75;75107;2;2;1.0;3.0;48,86282600;2,31345600;
202300048615.0;1;14;14437;2;1;1.0;2.0;49,16419000; -0,32839000;
202300048616.0;1;13;13205;2;3;1.0;2.0;43,29026000;5,39982000;
202300048617.0;1;33;33281;2;6;1.0;3.0;44,83272000; -0,67870000;
202300048618.0;2;64;64147;1;4;1.0;3.0;43,46670294; -1,28918499;
202300048619.0;5;75;75106;2;3;1.0;3.0;48,84456800;2,32453800;
202300048620.0;5;13;13204;2;9;1.0;2.0;43,30335000;5,39910000;
202300048621.0;1;14;14118;2;1;1.0;7.0;49,17538900; -0,35500000;
202300048622.0;5;75;75120;2;3;1.0;3.0;48,87389400;2,40341000;
202300048623.0;5;33;33529;2;1;8.0;1.0;44,64590000; -1,15791000;
202300048624.0;3;13;13098;1;1;1.0;4.0;43,46222000;5,00532000;
202300048625.0;3;60;60533;1;1;1.0;6.0;49,53863564;2,72630272;
202300048626.0;5;25;25056;2;1;2.0;3.0;47,22528000;5,97912000;
202300048627.0;1;13;13103;2;3;1.0;3.0;43,64049357;5,08103003;
202300048628.0;1;11;11262;2;1;1.0;6.0;43,18032000;3,00879000;
202300048629.0;1;75;75119;2;5;1.0;3.0;48,88936300;2,38369100;
202300048630.0;1;11;11069;2;1;1.0;6.0;43,20938000;2,33887000;
202300048631.0;1;06;06069;2;1;1.0;2.0;43,65206000;6,94434000;
202300048632.0;1;75;75119;2;3;1.0;6.0;48,89765000;2,38548100;
202300048633.0;2;22;22278;2;1;8.0;6.0;48,51143980; -2,75830597;
202300048634.0;1;75;75119;2;1;8.0;6.0;48,87853400;2,40253100;
202300048635.0;1;08;08105;2;1;1.0;1.0;49,78311000;4,71512000;
202300048636.0;1;19;19031;2;1;1.0;3.0;45,16465352;1,50316894;
202300048637.0;1;75;75116;2;1;1.0;4.0;48,87279400;2,27463700;
202300048638.0;1;18;18279;2;1;1.0;6.0;47,23742200;2,02840400;
202300048639.0;1;75;75118;2;1;1.0;2.0;48,89208200;2,32711700;
202300048640.0;1;01;01451;1;1;1.0;1.0;46,21852000;5,20583000;
202300048641.0;1;17;17306;2;1;1.0;7.0;45,61616000; -1,01307000;
202300048642.0;1;75;75118;2;3;1.0;6.0;48,88453800;2,32696200;
202300048643.0;1;75;75117;2;1;1.0;2.0;48,89137100;2,30047600;
202300048644.0;1;75;75117;2;1;1.0;4.0;48,88270000;2,28335900;
202300048645.0;5;13;13054;2;1;1.0;1.0;43,41507000;5,21695000;
202300048646.0;2;75;75115;2;1;1.0;6.0;48,83296400;2,28773000;
202300048647.0;1;75;75117;2;2;1.0;3.0;48,89023700;2,31719000;
202300048648.0;1;13;13210;1;1;1.0;6.0;43,28073285;5,40736763;
202300048649.0;1;75;75116;2;1;1.0;4.0;48,85937700;2,26286700;
202300048650.0;1;75;75106;2;1;1.0;6.0;48,85768100;2,33718600;
202300048651.0;1;75;75116;2;1;1.0;3.0;48,86100600;2,26402000;
202300048652.0;1;75;75105;2;1;1.0;1.0;48,85355100;2,34510000;
202300048653.0;1;75;75114;2;4;1.0;3.0;48,82879500;2,32773400;
202300048654.0;1;75;75115;2;3;1.0;6.0;48,84853200;2,28285700;
202300048655.0;5;13;13214;2;2;1.0;5.0;43,34125000;5,40735000;
202300048656.0;1;75;75119;2;2;1.0;7.0;48,88968390;2,36810088;
202300048657.0;1;75;75120;2;1;1.0;6.0;48,87027800;2,38521700;
202300048658.0;1;12;12174;2;1;1.0;6.0;44,32545000;2,55828000;
202300048659.0;1;75;75114;2;2;1.0;3.0;48,81979800;2,32575600;
202300048660.0;1;75;75117;2;1;1.0;7.0;48,88868600;2,29339400;
202300048661.0;1;75;75117;2;2;1.0;3.0;48,89514300;2,31192400;
202300048662.0;1;11;11069;2;1;1.0;2.0;43,22317000;2,33615000;
202300048663.0;1;75;75113;2;1;8.0;2.0;48,81709100;2,34414500;
202300048664.0;1;75;75117;2;3;1.0;2.0;48,88668400;2,30542000;
202300048665.0;5;08;08105;2;1;2.0;3.0;49,75420342;4,72430134;
202300048666.0;2;75;75116;2;3;1.0;6.0;48,84078900;2,25843500;
202300048667.0;3;01;01451;1;1;9.0;6.0;46,28070300;5,22926700;
202300048668.0;2;75;75111;2;3;1.0;4.0;48,85795000;2,38032800;
202300048669.0;1;75;75116;2;3;1.0;1.0;48,87585900;2,28117900;
202300048670.0;2;75;75119;2;1;2.0;3.0;48,89721300;2,39435400;
202300048671.0;1;75;75116;2;2;1.0;3.0;48,86504700;2,23448500;
202300048672.0;5;75;75111;2;3;1.0;6.0;48,85296200;2,39696300;
202300048673.0;5;75;75115;2;2;1.0;6.0;48,83858500;2,26977600;
202300048674.0;5;75;75107;2;2;1.0;2.0;48,86245400;2,31043700;
202300048675.0;1;75;75116;2;1;1.0;2.0;48,86163900;2,24690300;
202300048676.0;5;75;75108;2;2;1.0;3.0;48,87115000;2,32165200;
202300048677.0;1;75;75114;2;3;1.0;2.0;48,82226000;2,33079000;
202300048678.0;1;75;75108;2;1;1.0;3.0;48,87591100;2,31856700;
202300048679.0;5;75;75102;2;2;1.0;3.0;48,86623400;2,35254000;
202300048680.0;1;75;75107;2;2;7.0;3.0;48,86054300;2,29562200;
202300048681.0;5;75;75107;2;1;1.0;1.0;48,86042500;2,32682200;
202300048682.0;5;75;75115;2;3;2.0;3.0;48,83849200;2,28924900;
202300048683.0;1;75;75114;2;3;1.0;3.0;48,83309200;2,32475400;
202300048684.0;1;75;75115;2;2;1.0;6.0;48,84413900;2,28119900;
202300048685.0;1;75;75103;2;2;1.0;6.0;48,86321600;2,35458300;
202300048686.0;1;75;75114;2;1;1.0;2.0;48,82592800;2,32221600;
202300048687.0;1;75;75113;2;3;1.0;2.0;48,82735500;2,36910600;
202300048688.0;1;75;75101;2;3;1.0;6.0;48,86468000;2,32929800;
202300048689.0;5;75;75115;2;2;2.0;3.0;48,84715300;2,29262800;
202300048690.0;5;75;75103;2;2;1.0;6.0;48,86904700;2,35542800;
202300048691.0;1;75;75114;2;3;1.0;6.0;48,83024000;2,32593500;
202300048692.0;1;75;75110;2;3;1.0;3.0;48,87381700;2,35679400;
202300048693.0;1;75;75114;2;3;1.0;6.0;48,82225300;2,33043300;
202300048694.0;5;94;94081;2;1;2.0;6.0;48,79051800;2,42083000;
202300048695.0;1;75;75113;2;4;1.0;7.0;48,82108700;2,35439400;
202300048696.0;1;94;94080;2;1;1.0;3.0;48,84570563;2,42758034;
202300048697.0;5;75;75110;2;3;1.0;3.0;48,86776000;2,36435900;
202300048698.0;1;75;75102;2;2;1.0;3.0;48,86623700;2,35254200;
202300048699.0;1;94;94041;2;1;1.0;6.0;48,81517000;2,40134000;
202300048700.0;1;75;75109;2;3;8.0;6.0;48,86974200;2,32651100;
202300048701.0;1;75;75109;2;1;1.0;3.0;48,87737200;2,32837300;
202300048702.0;1;94;94065;1;1;1.0;2.0;48,75336000;2,35682000;
202300048703.0;5;75;75120;2;2;1.0;3.0;48,86865800;2,38961800;
202300048704.0;1;75;75108;2;2;1.0;3.0;48,87741400;2,30817300;
202300048705.0;5;94;94028;2;1;1.0;6.0;48,78357000;2,45212000;
202300048706.0;1;75;75108;2;2;1.0;3.0;48,87955200;2,30497900;
202300048707.0;2;94;94011;2;1;1.0;3.0;48,77150000;2,48469000;
202300048708.0;1;75;75110;2;5;1.0;3.0;48,87477400;2,35735900;
202300048709.0;5;75;75116;2;2;1.0;3.0;48,87268900;2,28463900;
202300048710.0;1;75;75101;2;3;1.0;6.0;48,86441000;2,33012700;
202300048711.0;1;94;94022;2;1;1.0;6.0;48,76216300;2,40680700;
202300048712.0;1;94;94080;2;1;1.0;6.0;48,84847716;2,43490908;
202300048713.0;5;75;75110;2;4;1.0;6.0;48,87942200;2,35327500;
202300048714.0;2;75;75108;2;7;2.0;3.0;48,88332900;2,32685800;
202300048715.0;1;94;94059;2;1;1.0;1.0;48,79722000;2,57892000;
202300048716.0;5;94;94067;2;1;1.0;2.0;48,84636000;2,41843000;
202300048717.0;5;75;75109;2;3;1.0;7.0;48,87322000;2,33114700;
202300048718.0;5;75;75107;2;3;2.0;3.0;48,86243900;2,30925700;
202300048719.0;1;94;94004;2;9;1.0;1.0;48,75444700;2,50605400;
202300048720.0;5;75;75107;2;1;1.0;6.0;48,86196200;2,32130000;
202300048721.0;5;94;94074;2;6;1.0;2.0;48,74800000;2,46522000;
202300048722.0;1;75;75104;2;3;1.0;7.0;48,86030600;2,35302100;
202300048723.0;1;93;93066;2;2;1.0;3.0;48,92368323;2,34198864;
202300048724.0;1;94;94021;2;9;1.0;3.0;48,76078000;2,36027000;
202300048725.0;2;75;75104;2;3;1.0;2.0;48,84891200;2,36254100;
202300048726.0;1;94;94068;2;6;1.0;3.0;48,79363000;2,48640000;
202300048727.0;1;93;93046;2;2;1.0;6.0;48,92117000;2,53791000;
202300048728.0;1;93;93072;2;3;8.0;6.0;48,96851000;2,37837891;
202300048729.0;1;94;94081;2;5;7.0;6.0;48,79471000;2,41799000;
202300048730.0;5;93;93066;2;1;2.0;3.0;48,92726000;2,35243000;
202300048731.0;1;93;93013;2;2;1.0;3.0;48,93591000;2,43526000;
202300048732.0;3;94;94022;2;5;1.0;5.0;48,76447000;2,40564000;
202300048733.0;1;94;94044;2;1;1.0;1.0;48,75224238;2,48616984;
202300048734.0;4;93;93051;2;1;2.0;6.0;48,84931000;2,56479000;
202300048735.0;1;93;93078;2;5;1.0;6.0;48,95615000;2,54026000;
202300048736.0;5;93;93001;2;4;1.0;3.0;48,90737000;2,38477000;
202300048737.0;5;93;93006;2;1;1.0;2.0;48,86438775;2,41718128;
202300048738.0;5;94;94046;2;1;1.0;2.0;48,79652000;2,42993000;
202300048739.0;5;93;93001;2;1;1.0;2.0;48,90137000;2,38948000;
202300048740.0;1;93;93064;2;1;1.0;2.0;48,87885370;2,49027816;
202300048741.0;5;93;93014;2;3;1.0;6.0;48,91235000;2,54232000;
202300048742.0;1;92;92072;2;1;1.0;3.0;48,82834393;2,22630098;
202300048743.0;1;93;93053;2;9;1.0;3.0;48,89867000;2,44460000;
202300048744.0;1;94;94046;2;3;1.0;3.0;48,81176000;2,42256000;
202300048745.0;1;92;92064;2;1;1.0;7.0;48,83652000;2,22185000;
202300048746.0;1;93;93047;2;1;8.0;6.0;48,89927801;2,56296605;
202300048747.0;1;92;92076;2;1;1.0;7.0;48,84684933;2,16096997;
202300048748.0;1;94;94041;2;3;1.0;3.0;48,80559963;2,37626874;
202300048749.0;1;93;93010;2;2;1.0;1.0;48,90394620;2,47076702;
202300048750.0;1;92;92064;2;6;1.0;2.0;48,85217580;2,22004348;
202300048751.0;1;92;92063;2;1;1.0;6.0;48,88993086;2,16759261;
202300048752.0;1;93;93050;2;1;1.0;2.0;48,86439538;2,55119157;
202300048753.0;1;92;92062;2;1;2.0;3.0;48,88639689;2,24414259;
202300048754.0;1;94;94028;2;9;1.0;3.0;48,79385000;2,46113000;
202300048755.0;5;92;92050;2;6;1.0;3.0;48,88697291;2,20066532;
202300048756.0;1;92;92049;2;1;1.0;6.0;48,81695200;2,32575300;
202300048757.0;1;93;93029;2;1;1.0;2.0;48,92032000;2,45028000;
202300048758.0;1;94;94028;2;6;1.0;3.0;48,77414114;2,43890181;
202300048759.0;1;92;92020;2;1;1.0;3.0;48,79989943;2,28216380;
202300048760.0;1;92;92036;2;6;1.0;3.0;48,93014000;2,28453000;
202300048761.0;2;94;94028;2;1;1.0;1.0;48,77641535;2,45725107;
202300048762.0;5;93;93047;2;3;1.0;1.0;48,90603000;2,57955000;
202300048763.0;1;92;92025;2;2;1.0;3.0;48,91280066;2,23565695;
202300048764.0;1;92;92060;2;7;1.0;2.0;48,77285000;2,25159000;
202300048765.0;1;94;94079;2;1;1.0;3.0;48,82837000;2,55395000;
202300048766.0;1;92;92025;2;9;1.0;3.0;48,91941331;2,22665012;
202300048767.0;1;92;92051;2;9;1.0;6.0;48,89211765;2,26493990;
202300048768.0;5;92;92023;2;2;1.0;1.0;48,78822000;2,25851000;
202300048769.0;1;92;92019;2;1;1.0;6.0;48,76709554;2,27253199;
202300048770.0;1;94;94069;2;5;1.0;1.0;48,81833000;2,41966000;
202300048771.0;1;92;92020;2;9;1.0;3.0;48,80990000;2,28260000;
202300048772.0;5;92;92019;2;1;1.0;6.0;48,76552904;2,25374329;
202300048773.0;5;92;92012;2;3;1.0;6.0;48,83914706;2,23187640;
202300048774.0;1;92;92009;2;1;1.0;6.0;48,91352757;2,27321177;
202300048775.0;1;94;94069;2;5;7.0;3.0;48,81835000;2,41985000;
202300048776.0;1;92;92049;2;3;1.0;3.0;48,81728300;2,32881400;
202300048777.0;1;92;92004;2;1;1.0;3.0;48,90718909;2,29133606;
202300048778.0;1;21;21638;1;1;1.0;2.0;47,55219424;5,19764076;
202300048779.0;1;92;92049;2;1;1.0;7.0;48,81690300;2,30684900;
202300048780.0;1;50;50590;1;1;1.0;1.0;48,79048900; -1,31877500;
202300048781.0;1;93;93005;2;2;1.0;3.0;48,95969000;2,49768000;
202300048782.0;1;92;92048;2;1;1.0;3.0;48,81318904;2,24061286;
202300048783.0;1;93;93066;2;1;1.0;6.0;48,94444126;2,34676764;
202300048784.0;1;92;92044;2;1;1.0;6.0;48,89403859;2,29212284;
202300048785.0;1;37;37031;1;2;1.0;3.0;47,28983700;0,17168800;
202300048786.0;1;01;01244;2;1;1.0;7.0;45,89572400;5,19774000;
202300048787.0;5;71;71117;1;1;1.0;1.0;46,78568500;4,91112500;
202300048788.0;1;93;93064;2;1;1.0;2.0;48,87252044;2,47678008;
202300048789.0;1;92;92040;2;1;1.0;3.0;48,82817342;2,26055270;
202300048790.0;5;95;95487;2;9;1.0;6.0;49,14608900;2,25878500;
202300048791.0;1;92;92035;2;1;1.0;2.0;48,90669300;2,24600300;
202300048792.0;1;76;76222;2;1;1.0;6.0;49,49125110;0,87547297;
202300048793.0;1;93;93053;2;3;1.0;3.0;48,89168000;2,44580000;
202300048794.0;1;77;77047;1;1;1.0;6.0;48,88035300;2,88612100;
202300048795.0;1;92;92025;2;1;1.0;3.0;48,91435426;2,22942933;
202300048796.0;3;11;11262;1;1;1.0;6.0;43,20795100;3,01193900;
202300048797.0;5;71;71202;1;1;1.0;6.0;46,86246500;4,82126000;
202300048798.0;1;93;93001;2;7;1.0;3.0;48,91545138;2,40475327;
202300048799.0;1;92;92007;2;1;1.0;7.0;48,80378141;2,31232703;
202300048800.0;1;71;71009;1;1;8.0;6.0;47,06502100;4,09650600;
202300048801.0;1;58;58102;1;1;1.0;7.0;47,37658000;3,13171500;
202300048802.0;3;25;25370;1;1;1.0;6.0;47,43734800;6,76448800;
202300048803.0;1;93;93047;2;3;1.0;6.0;48,89530000;2,57124000;
202300048804.0;1;51;51358;2;3;1.0;1.0;48,74852400;4,84780800;
202300048805.0;1;62;62849;1;6;1.0;2.0;50,40891800;1,65455800;
202300048806.0;1;93;93005;2;1;1.0;6.0;48,94922307;2,51113092;
202300048807.0;1;50;50448;1;1;1.0;2.0;48,58848000; -1,32831000;
202300048808.0;1;92;92073;2;1;1.0;7.0;48,86434000;2,20491000;
202300048809.0;3;25;25601;1;3;1.0;5.0;47,17010000;6,38549500;
202300048810.0;1;71;71286;1;3;1.0;3.0;46,60108800;4,47459800;
202300048811.0;1;30;30334;2;1;1.0;6.0;44,01127000;4,41778100;
202300048812.0;1;06;06161;1;1;1.0;6.0;43,65994400;7,09788700;
202300048813.0;3;25;25149;1;1;1.0;6.0;47,12834500;5,97873000;
202300048814.0;1;92;92051;2;1;1.0;6.0;48,88640606;2,26093858;
202300048815.0;1;57;57572;2;1;7.0;6.0;49,01036300;6,39831800;
202300048816.0;1;29;29038;1;1;2.0;6.0;48,40533900; -3,95080300;
202300048817.0;2;59;59580;1;1;1.0;6.0;50,82061500;2,57367600;
202300048818.0;1;18;18269;2;3;1.0;3.0;47,45911200;2,65004400;
202300048819.0;1;92;92020;2;3;1.0;3.0;48,79965000;2,28114000;
202300048820.0;3;76;76460;1;1;1.0;7.0;49,90223600;1,63857200;
202300048821.0;1;972;97231;2;1;1.0;6.0;14,55703100; -61,05330000;
202300048822.0;1;92;92020;2;9;1.0;3.0;48,80727600;2,28522400;
202300048823.0;1;66;66149;2;3;1.0;6.0;42,61699400;2,42143900;
202300048824.0;1;26;26324;1;1;1.0;2.0;44,34541718;4,73793983;
202300048825.0;1;92;92036;2;1;1.0;1.0;48,93279000;2,30190000;
202300048826.0;1;63;63248;1;1;1.0;6.0;45,72293700;2,88186200;
202300048827.0;3;79;79078;1;1;1.0;7.0;46,14806400; -0,52877100;
202300048828.0;1;50;50219;1;6;1.0;3.0;49,05530800; -1,48422700;
202300048829.0;1;92;92004;2;3;1.0;6.0;48,91690000;2,29564000;
202300048830.0;1;57;57620;1;1;1.0;7.0;49,18977500;5,99470500;
202300048831.0;1;80;80417;1;2;1.0;3.0;49,87320400;2,68564200;
202300048832.0;1;83;83011;1;1;1.0;6.0;43,63079500;6,57551100;
202300048833.0;2;92;92035;2;1;1.0;7.0;48,90568326;2,23901689;
202300048834.0;1;58;58162;1;1;1.0;6.0;47,41484400;3,25684600;
202300048835.0;3;81;81182;1;1;1.0;6.0;43,71956700;2,24151100;
202300048836.0;5;60;60189;2;1;8.0;6.0;49,53115400;3,10067700;
202300048837.0;1;32;32132;2;1;1.0;1.0;43,85961200;0,65995200;
202300048838.0;1;62;62161;1;1;1.0;3.0;50,82472500;1,92339600;
202300048839.0;1;92;92025;2;2;1.0;3.0;48,93032000;2,26169100;
202300048840.0;1;89;89450;2;1;1.0;6.0;48,20983800;3,13197300;
202300048841.0;1;92;92025;2;1;1.0;3.0;48,92803400;2,25069400;
202300048842.0;3;60;60686;1;1;2.0;1.0;49,20601900;2,39188700;
202300048843.0;1;63;63453;2;6;1.0;1.0;45,78632700;3,28047600;
202300048844.0;3;30;30224;1;1;1.0;6.0;43,92757200;4,23188200;
202300048845.0;1;92;92024;2;1;1.0;6.0;48,90062000;2,30647000;
202300048846.0;1;62;62582;1;2;1.0;5.0;50,26210769;2,88537052;
202300048847.0;1;49;49261;1;3;1.0;3.0;47,38338700; -0,21926500;
202300048848.0;1;63;63026;1;1;1.0;6.0;45,66205100;2,96590100;
202300048849.0;1;57;57483;1;4;1.0;3.0;48,92822700;6,62338800;
202300048850.0;1;12;12006;1;2;1.0;3.0;44,14145800;2,65117600;
202300048851.0;3;86;86281;1;1;1.0;7.0;46,74580500;0,32026600;
202300048852.0;1;57;57057;1;1;1.0;3.0;48,98712192;6,40002966;
202300048853.0;1;69;69086;1;1;8.0;6.0;45,85397200;4,65172300;
202300048854.0;1;65;65053;1;3;1.0;6.0;43,00897000;0,56518400;
202300048855.0;2;68;68365;2;1;1.0;7.0;48,05648900;7,29978400;
202300048856.0;5;06;06088;1;1;1.0;6.0;43,67210900;7,20106600;
202300048857.0;1;79;79286;1;1;1.0;3.0;46,64600600; -0,63607000;
202300048858.0;1;26;26301;1;1;1.0;1.0;45,12476200;4,96026300;
202300048859.0;2;39;39160;1;9;1.0;2.0;46,78246700;5,44681500;
202300048860.0;1;79;79160;1;1;1.0;7.0;46,13862200; -0,17629600;
202300048861.0;2;39;39013;1;1;1.0;3.0;46,88365000;5,79998800;
202300048862.0;1;60;60533;1;1;8.0;2.0;49,53084812;2,72361884;
202300048863.0;1;22;22094;2;3;1.0;2.0;48,59258000; -2,14827200;
202300048864.0;1;2A;2A085;1;1;1.0;1.0;41,91359800;8,83335000;
202300048865.0;1;39;39255;1;1;1.0;6.0;46,52983400;5,43806300;
202300048866.0;3;83;83124;1;1;2.0;7.0;43,61059700;6,65316600;
202300048867.0;1;32;32213;1;1;1.0;6.0;43,47159300;0,90336300;
202300048868.0;1;39;39556;1;1;1.0;6.0;46,59573600;5,72802000;
202300048869.0;2;13;13078;2;2;1.0;3.0;43,38951900;4,80596300;
202300048870.0;5;52;52246;2;1;2.0;6.0;47,90247700;5,30395000;