Num_Acc;lum;departement;commune;agglomeration;intersection;meteo;type_collision;lat;long;date
202300048871.0;1;71;71546;1;1;1.0;1.0;46,32895000;4,54749200;
202300048872.0;2;31;31574;1;6;1.0;1.0;43,42848900;1,41903900;
202300048873.0;5;68;68154;2;1;1.0;1.0;47,78684600;7,34514900;
202300048874.0;1;28;28041;1;1;1.0;6.0;48,32105400;1,27706900;
202300048875.0;1;89;89162;1;1;1.0;1.0;48,27313900;3,27311000;
202300048876.0;1;67;67263;1;1;1.0;6.0;49,00643300;7,81870400;
202300048877.0;1;01;01166;1;9;1.0;6.0;45,98225400;4,77644600;
202300048878.0;1;38;38416;2;3;1.0;6.0;45,14949300;5,31473300;
202300048879.0;1;88;88412;1;1;1.0;7.0;48,36976400;6,77101100;
202300048880.0;1;61;61473;1;3;1.0;2.0;48,69930900; -0,15253700;
202300048881.0;1;22;22084;1;1;1.0;7.0;48,40786000; -2,34038800;
202300048882.0;3;54;54557;1;3;2.0;6.0;48,69292215;6,06354117;
202300048883.0;2;42;42100;2;1;1.0;1.0;45,55772400;4,41035600;
202300048884.0;1;50;50373;1;1;1.0;7.0;49,42661100; -1,33147000;
202300048885.0;1;63;63121;1;1;1.0;7.0;45,60902744;3,22098117;
202300048886.0;1;54;54350;1;1;1.0;1.0;48,59640776;6,61467075;
202300048887.0;2;44;44041;1;2;1.0;3.0;47,09099100; -1,58193400;
202300048888.0;5;64;64422;2;1;2.0;6.0;43,18701000; -0,62568400;
202300048889.0;1;62;62060;1;1;1.0;1.0;50,20734000;2,09235900;
202300048890.0;1;14;14494;1;2;1.0;3.0;49,27173900; -0,10358700;
202300048891.0;1;70;70493;1;1;1.0;6.0;47,40163200;6,05108500;
202300048892.0;1;76;76558;1;1;1.0;1.0;49,39413300;1,17191100;
202300048893.0;1;57;57703;2;1;1.0;1.0;48,84289800;7,18326000;
202300048894.0;1;05;05046;2;1;1.0;7.0;44,56938300;6,49826300;
202300048895.0;3;62;62889;2;1;2.0;1.0;50,78975783;1,74412842;
202300048896.0;1;58;58299;1;1;1.0;3.0;47,44522800;3,43953600;
202300048897.0;5;59;59370;2;1;2.0;7.0;50,31576300;3,98816200;
202300048898.0;1;13;13211;1;1;1.0;6.0;43,28700000;5,43590000;
202300048899.0;1;19;19133;1;1;1.0;7.0;44,99199800;1,91930300;
202300048900.0;1;64;64160;1;1;1.0;6.0;43,34749600; -1,40483400;
202300048901.0;5;92;92002;1;1;1.0;3.0;48,76265903;2,30300964;
202300048902.0;1;64;64504;2;2;1.0;3.0;43,29245100; -1,55999400;
202300048903.0;1;56;56190;1;1;1.0;1.0;47,98126100; -2,75874900;
202300048904.0;3;73;73124;1;1;2.0;6.0;45,64927992;6,34194106;
202300048905.0;3;92;92050;1;1;2.0;2.0;48,91808521;2,22294963;
202300048906.0;1;10;10259;1;1;1.0;4.0;48,46851000;3,44775800;
202300048907.0;1;76;76087;1;2;7.0;3.0;49,71197800;0,81666000;
202300048908.0;1;07;07101;2;1;1.0;7.0;44,40867700;4,29423800;
202300048909.0;2;94;94017;1;1;1.0;5.0;48,82769882;2,50651797;
202300048910.0;1;2A;2A085;1;1;1.0;7.0;41,89275800;8,93102600;
202300048911.0;1;24;24499;1;3;1.0;6.0;44,86908600;0,56317300;
202300048912.0;3;32;32429;1;1;1.0;6.0;44,00398200;0,63777600;
202300048913.0;1;75;75114;2;1;1.0;3.0;48,82400400;2,30766900;
202300048914.0;1;37;37273;1;3;1.0;3.0;47,38129800;0,78366600;
202300048915.0;1;61;61324;1;1;8.0;1.0;48,51013200; -0,75876500;
202300048916.0;3;10;10213;1;1;1.0;2.0;48,18264647;4,41311909;
202300048917.0;5;75;75120;2;2;1.0;6.0;48,87209300;2,37710500;
202300048918.0;1;24;24538;1;1;1.0;1.0;44,82149700;0,96527900;
202300048919.0;1;75;75120;2;3;1.0;6.0;48,87533000;2,39358300;
202300048920.0;1;987;98738;1;1;1.0;6.0; -17,61789200; -149,54898800;
202300048921.0;5;75;75119;2;2;1.0;3.0;48,89525800;2,37200600;
202300048922.0;1;987;98738;2;1;1.0;1.0; -17,65470000; -149,59821000;
202300048923.0;1;49;49135;1;1;1.0;7.0;47,56929000; -0,58533200;
202300048924.0;1;68;68278;1;1;1.0;2.0;47,76254200;7,41740600;
202300048925.0;1;75;75116;2;2;1.0;6.0;48,87228000;2,29531200;
202300048926.0;1;44;44069;1;1;1.0;3.0;47,33411800; -2,45989700;
202300048927.0;2;68;68267;1;1;1.0;2.0;47,73945223;7,22551847;
202300048928.0;5;75;75116;2;1;2.0;6.0;48,86346900;2,28874300;
202300048929.0;1;51;51636;1;1;7.0;7.0;49,13884600;4,21728000;
202300048930.0;1;29;29274;1;2;1.0;3.0;48,03302900; -3,72936500;
202300048931.0;1;75;75113;2;3;1.0;3.0;48,82265500;2,37287600;
202300048932.0;1;45;45006;1;1;1.0;6.0;47,76751300;1,85177600;
202300048933.0;5;75;75110;2;2;1.0;3.0;48,86888200;2,36763800;
202300048934.0;1;60;60138;1;1;1.0;3.0;49,21555800;2,62639200;
202300048935.0;2;75;75110;2;3;8.0;2.0;48,88133400;2,36471100;
202300048936.0;1;62;62476;1;1;1.0;1.0;50,35840561;2,95868450;
202300048937.0;5;988;98811;1;3;3.0;6.0; -21,06739100;164,86618300;
202300048938.0;1;29;29217;1;1;1.0;2.0;47,88797000; -3,77290000;
202300048939.0;5;75;75109;2;3;9.0;3.0;48,87657000;2,34656700;
202300048940.0;1;41;41136;1;3;1.0;3.0;47,70020200;1,52166000;
202300048941.0;1;29;29024;2;9;1.0;6.0;48,27924500; -3,54248200;
202300048942.0;1;75;75102;2;7;1.0;2.0;48,87065500;2,33232700;
202300048943.0;1;28;28094;1;1;1.0;6.0;48,65855500;1,51039500;
202300048944.0;1;38;38269;2;1;1.0;7.0;44,93322200;5,78168900;
202300048945.0;1;66;66024;1;1;1.0;6.0;42,51709300;2,83329200;
202300048946.0;3;94;94044;2;1;1.0;2.0;48,73860600;2,49473200;
202300048947.0;1;02;02112;1;1;1.0;3.0;49,99173900;3,38881000;
202300048948.0;1;84;84141;2;1;1.0;6.0;43,96667000;4,90527700;
202300048949.0;1;68;68353;1;1;2.0;7.0;47,63472937;7,36213538;
202300048950.0;5;93;93078;1;1;2.0;4.0;48,96697000;2,55192000;
202300048951.0;1;15;15122;2;1;1.0;2.0;44,71381400;2,18704100;
202300048952.0;5;93;93048;2;1;1.0;3.0;48,86412415;2,46687350;
202300048953.0;2;26;26220;1;3;1.0;3.0;44,36679900;5,12297600;
202300048954.0;3;86;86049;1;1;1.0;6.0;46,97566900;0,10957100;
202300048955.0;1;64;64165;1;1;1.0;7.0;43,26835100; -0,58002800;
202300048956.0;1;15;15140;2;2;1.0;3.0;44,95426241;2,41561890;
202300048957.0;1;92;92077;2;1;2.0;6.0;48,82480000;2,19786000;
202300048958.0;4;44;44110;2;1;1.0;6.0;47,42493000; -1,48237100;
202300048959.0;1;22;22178;1;1;1.0;7.0;48,69229200; -2,99770700;
202300048960.0;5;92;92020;2;1;1.0;6.0;48,80802245;2,29537815;
202300048961.0;1;72;72050;2;9;1.0;3.0;47,96768600; -0,23230100;
202300048962.0;1;92;92020;2;1;1.0;3.0;48,80381686;2,28821933;
202300048963.0;1;27;27448;2;1;1.0;6.0;49,01152800;1,37625200;
202300048964.0;1;76;76295;1;1;1.0;1.0;49,65767000;1,63392000;
202300048965.0;1;92;92020;2;1;1.0;3.0;48,80682000;2,28571000;
202300048966.0;1;13;13005;1;1;1.0;2.0;43,28877533;5,55984403;
202300048967.0;1;92;92048;2;1;1.0;6.0;48,78736354;2,23555975;
202300048968.0;1;13;13026;1;1;1.0;5.0;43,39583000;5,12363000;
202300048969.0;1;92;92040;2;1;1.0;3.0;48,81720000;2,25513000;
202300048970.0;1;69;69256;1;1;1.0;3.0;45,80416918;4,92612908;
202300048971.0;1;50;50155;1;3;1.0;5.0;48,57423300; -1,37635400;
202300048972.0;5;92;92026;2;1;1.0;6.0;48,89625000;2,24064000;
202300048973.0;3;33;33162;1;9;1.0;3.0;44,86690079; -0,64971685;
202300048974.0;1;90;90105;1;1;1.0;7.0;47,46031800;6,98445100;
202300048975.0;1;92;92023;2;1;1.0;6.0;48,78545000;2,25148000;
202300048976.0;4;59;59220;1;1;1.0;6.0;50,58000000;3,08742000;
202300048977.0;1;45;45146;1;1;1.0;4.0;47,73221600;1,93701600;
202300048978.0;3;83;83132;1;1;1.0;2.0;43,17418924;6,04887562;
202300048979.0;1;64;64016;1;1;1.0;6.0;43,07682300; -1,44443700;
202300048980.0;1;91;91086;1;1;1.0;7.0;48,62429000;2,39364000;
202300048981.0;3;972;97214;1;3;1.0;1.0;14,84323700; -61,08904800;
202300048982.0;1;64;64210;1;2;1.0;3.0;43,46972000; -0,11907400;
202300048983.0;1;27;27301;1;1;8.0;2.0;48,95491700;1,20094300;
202300048984.0;1;18;18011;2;6;1.0;2.0;47,56334400;2,45204900;
202300048985.0;5;68;68300;2;1;1.0;4.0;47,77945300;7,38917500;
202300048986.0;1;93;93064;1;1;1.0;2.0;48,87109766;2,48225139;
202300048987.0;1;91;91666;1;6;2.0;7.0;48,68047400;2,23242400;
202300048988.0;1;07;07143;2;3;1.0;5.0;45,35253500;4,75784200;
202300048989.0;5;35;35024;2;1;2.0;6.0;48,18316240; -1,64609045;
202300048990.0;3;56;56243;1;1;3.0;6.0;47,64925000; -2,71279000;
202300048991.0;3;04;04079;1;1;1.0;6.0;44,09838800;6,02419900;
202300048992.0;3;56;56206;1;1;8.0;6.0;47,69855600; -2,77960500;
202300048993.0;1;85;85021;1;1;1.0;7.0;47,03724300; -1,26617400;
202300048994.0;1;79;79190;1;1;8.0;1.0;46,68259000; -0,46945100;
202300048995.0;1;27;27198;1;9;1.0;1.0;48,87493900;1,04108400;
202300048996.0;3;19;19274;1;9;1.0;6.0;45,18799366;1,49089203;
202300048997.0;1;33;33307;1;1;8.0;6.0;44,49290100; -0,39016500;
202300048998.0;1;88;88053;1;1;1.0;2.0;48,40825200;7,07579600;
202300048999.0;1;11;11397;1;1;8.0;6.0;43,20311100;2,47269600;
202300049000.0;1;63;63269;1;1;1.0;7.0;45,63124300;3,22524900;
202300049001.0;1;68;68235;1;1;7.0;4.0;47,99337500;7,37876800;
202300049002.0;1;63;63214;1;1;1.0;7.0;45,69106000;3,19096000;
202300049003.0;2;973;97307;1;1;3.0;1.0;4,85695300; -52,31283900;
202300049004.0;5;55;55578;2;1;1.0;1.0;49,19075500;5,65757600;
202300049005.0;5;41;41106;2;3;1.0;6.0;47,60164500;2,02321200;
202300049006.0;3;31;31286;1;1;1.0;2.0;43,26141300;1,11693600;
202300049007.0;1;13;13051;1;1;1.0;1.0;43,58606400;5,15291000;
202300049008.0;3;41;41127;1;1;1.0;6.0;47,57718100;1,78268700;
202300049009.0;1;78;78571;2;1;1.0;1.0;48,85728300;2,01499100;
202300049010.0;1;34;34094;1;1;8.0;3.0;43,42759300;3,24993600;
202300049011.0;1;82;82025;1;1;1.0;2.0;43,92956500;1,31842400;
202300049012.0;3;44;44178;1;1;2.0;3.0;47,11335000; -1,71648500;
202300049013.0;1;47;47041;1;1;1.0;2.0;44,21333924;0,40243753;
202300049014.0;3;66;66072;1;1;1.0;2.0;42,48505000;2,00414700;
202300049015.0;3;72;72158;1;1;1.0;6.0;48,05268559;0,68473935;
202300049016.0;1;68;68267;1;9;1.0;2.0;47,73703112;7,21521185;
202300049017.0;3;18;18167;1;1;2.0;7.0;47,11561300;1,93071800;
202300049018.0;1;21;21515;2;6;1.0;6.0;47,31100600;5,09268300;
202300049019.0;1;43;43087;2;3;1.0;6.0;45,22095546;4,34709504;
202300049020.0;1;29;29002;1;1;1.0;6.0;47,87566000; -3,45547600;
202300049021.0;3;04;04116;1;1;1.0;7.0;44,00323800;5,94202600;
202300049022.0;1;87;87111;1;1;1.0;6.0;45,76351900;0,89430200;
202300049023.0;1;91;91671;1;1;1.0;3.0;48,47443600;2,26072700;
202300049024.0;1;30;30170;1;1;8.0;6.0;43,97017200;3,54693400;
202300049025.0;3;49;49332;1;1;1.0;2.0;47,07512000; -0,94495000;
202300049026.0;1;13;13015;2;1;1.0;1.0;43,44288300;5,41071300;
202300049027.0;3;34;34333;1;1;1.0;1.0;43,47430000;3,77025300;
202300049028.0;1;89;89102;1;1;1.0;1.0;47,76899800;3,45728200;
202300049029.0;3;13;13113;1;1;1.0;3.0;43,58269500;5,47611400;
202300049030.0;1;21;21191;1;1;1.0;1.0;47,15266000;5,09092100;
202300049031.0;1;68;68318;2;3;1.0;6.0;47,96057200;7,23975200;
202300049032.0;3;33;33527;1;1;1.0;4.0;44,61393400; -1,04760600;
202300049033.0;1;63;63203;1;2;1.0;3.0;45,84125300;3,05194600;
202300049034.0;1;38;38548;1;1;1.0;5.0;45,07706600;5,52114500;
202300049035.0;1;987;98747;1;3;1.0;3.0; -17,75600000; -148,73600000;
202300049036.0;1;38;38442;1;4;1.0;7.0;45,31177900;5,77214100;
202300049037.0;1;26;26179;1;2;1.0;3.0;45,06570900;4,89070800;
202300049038.0;1;69;69159;1;3;1.0;3.0;45,97572300;4,67628100;
202300049039.0;1;31;31433;2;1;1.0;5.0;43,53484900;1,39492000;
202300049040.0;1;35;35221;2;1;1.0;2.0;47,87534900; -1,68674200;
202300049041.0;1;60;60172;1;6;1.0;3.0;49,14527298;2,44066882;
202300049042.0;1;80;80561;2;3;7.0;3.0;49,64500600;2,56551100;
202300049043.0;1;80;80721;1;6;1.0;3.0;50,17639000;1,61323100;
202300049044.0;1;59;59280;1;1;1.0;7.0;50,28073600;3,05850100;
202300049045.0;1;59;59615;1;1;7.0;3.0;50,70314400;2,61891700;
202300049046.0;1;83;83144;1;1;1.0;6.0;43,14305537;6,01077376;
202300049047.0;3;69;69029;1;1;1.0;2.0;45,73741000;4,90316000;
202300049048.0;1;91;91570;1;1;1.0;3.0;48,62493000;2,32151000;
202300049049.0;1;91;91687;1;1;1.0;2.0;48,66536000;2,36323000;
202300049050.0;1;92;92025;1;1;1.0;3.0;48,91903976;2,22360689;
202300049051.0;1;92;92072;1;1;1.0;2.0;48,82499763;2,22100700;
202300049052.0;1;78;78126;1;1;1.0;2.0;48,83559000;2,12996000;
202300049053.0;1;59;59343;2;3;1.0;6.0;50,59041800;3,11626800;
202300049054.0;5;92;92075;2;9;1.0;7.0;48,81728129;2,28367969;
202300049055.0;1;974;97416;1;1;2.0;7.0; -21,27700000;55,46800000;
202300049056.0;3;974;97416;1;1;2.0;2.0; -21,33211600;55,47932200;
202300049057.0;1;974;97411;2;1;1.0;6.0; -20,90636000;55,50025000;
202300049058.0;1;974;97409;2;1;1.0;2.0; -20,95835000;55,66466000;
202300049059.0;1;973;97302;2;1;1.0;6.0;4,92152505; -52,31260872;
202300049060.0;1;972;97209;2;1;2.0;1.0;14,63727000; -61,07151000;
202300049061.0;1;69;69382;2;1;1.0;6.0;45,75661000;4,83212000;
202300049062.0;1;69;69381;2;1;3.0;3.0;45,76679000;4,83831000;
202300049063.0;1;69;69034;2;1;1.0;6.0;45,80148000;4,84191000;
202300049064.0;1;69;69389;2;1;8.0;3.0;45,76749000;4,79762000;
202300049065.0;5;2B;2B120;2;1;1.0;2.0;42,65329500;9,44091300;
202300049066.0;1;971;97113;1;1;1.0;6.0;16,21803000; -61,50828000;
202300049067.0;5;971;97101;2;9;1.0;6.0;16,24935344; -61,53029859;
202300049068.0;1;2A;2A004;2;1;1.0;6.0;41,91909000;8,72648000;
202300049069.0;1;91;91161;2;1;1.0;2.0;48,72013000;2,31162000;
202300049070.0;2;91;91691;1;3;1.0;3.0;48,72728000;2,50032000;
202300049071.0;1;13;13071;1;1;3.0;2.0;43,40731000;5,28941000;
202300049072.0;1;83;83137;1;1;1.0;2.0;43,12888314;5,97671289;
202300049073.0;1;83;83062;1;1;1.0;4.0;43,14377482;6,02062152;
202300049074.0;3;69;69142;1;1;1.0;6.0;45,72740000;4,81648000;
202300049075.0;2;33;33143;1;1;1.0;3.0;44,97186000; -0,43507000;
202300049076.0;1;59;59523;1;1;2.0;5.0;50,59716000;3,14484000;
202300049077.0;2;91;91661;1;1;1.0;3.0;48,69567000;2,23457600;
202300049078.0;2;91;91161;1;1;2.0;3.0;48,70092000;2,30961000;
202300049079.0;3;77;77251;1;1;1.0;5.0;48,60952000;2,57629000;
202300049080.0;1;92;92064;1;1;1.0;3.0;48,83942655;2,20596191;
202300049081.0;1;95;95241;1;1;1.0;4.0;49,04547281;2,44634628;
202300049082.0;3;93;93066;1;1;1.0;3.0;48,93380000;2,38271000;
202300049083.0;1;95;95241;1;1;1.0;4.0;49,04549000;2,44736000;
202300049084.0;5;93;93066;1;1;1.0;2.0;48,90789956;2,35813022;
202300049085.0;1;95;95018;1;1;1.0;3.0;48,95313000;2,27919000;
202300049086.0;1;94;94052;1;1;1.0;4.0;48,83441554;2,49343043;
202300049087.0;1;94;94069;1;1;1.0;2.0;48,81731094;2,44243718;
202300049088.0;4;94;94073;1;1;8.0;6.0;48,76884600;2,37919993;
202300049089.0;1;2B;2B037;2;9;1.0;2.0;42,62268000;9,43726000;
202300049090.0;5;971;97120;2;6;1.0;1.0;16,22965000; -61,53132000;
202300049091.0;5;971;97105;2;1;1.0;6.0;15,99188000; -61,72841000;
202300049092.0;1;95;95197;2;9;3.0;3.0;48,96466683;2,32071161;
202300049093.0;1;87;87085;2;1;2.0;2.0;45,81349500;1,24143300;
202300049094.0;1;83;83137;2;9;3.0;6.0;43,12751000;5,91967000;
202300049095.0;1;82;82121;2;1;1.0;6.0;44,01635400;1,35132600;
202300049096.0;2;78;78643;2;2;2.0;2.0;48,97413100;1,98717700;
202300049097.0;5;78;78498;2;6;2.0;2.0;48,91734000;2,01282000;
202300049098.0;5;78;78498;1;6;8.0;3.0;48,91754000;2,01241000;
202300049099.0;1;76;76305;1;6;2.0;7.0;49,49804000;0,23120000;
202300049100.0;3;76;76259;1;1;1.0;7.0;49,73310000;0,38744000;
202300049101.0;5;69;69256;1;1;1.0;6.0;45,79153000;4,88381000;
202300049102.0;5;69;69256;2;1;3.0;6.0;45,76781000;4,93544000;
202300049103.0;5;69;69271;2;3;1.0;3.0;45,73804085;4,97030010;
202300049104.0;5;68;68066;2;2;3.0;6.0;48,06954000;7,36044000;
202300049105.0;4;64;64335;2;1;1.0;1.0;43,31704000; -0,42976000;
202300049106.0;1;64;64122;2;1;3.0;2.0;43,48505000; -1,53840000;
202300049107.0;2;55;55545;2;1;1.0;3.0;49,13322000;5,30807000;
202300049108.0;5;51;51108;2;9;1.0;7.0;48,95147000;4,36819000;
202300049109.0;2;49;49007;2;1;2.0;3.0;47,48038000; -0,52570000;
202300049110.0;1;49;49007;2;3;2.0;3.0;47,47752000; -0,54879000;
202300049111.0;5;45;45338;2;1;1.0;2.0;47,99076000;2,71075000;
202300049112.0;5;44;44184;2;6;2.0;6.0;47,29401000; -2,18828000;
202300049113.0;1;42;42275;2;1;1.0;3.0;45,47157000;4,37292000;
202300049114.0;1;37;37261;2;1;1.0;6.0;47,36328000;0,69933000;
202300049115.0;2;37;37195;2;1;2.0;6.0;47,38991000;0,64866000;
202300049116.0;5;33;33192;1;1;2.0;6.0;44,75642000; -0,62238000;
202300049117.0;1;28;28404;2;1;2.0;6.0;48,71673000;1,36955000;
202300049118.0;5;18;18279;2;1;8.0;2.0;47,23508000;2,08563000;
202300049119.0;5;13;13117;2;1;2.0;5.0;43,44817000;5,23035000;
202300049120.0;5;13;13214;2;9;1.0;3.0;43,31727000;5,38239000;
202300049121.0;2;13;13001;2;1;2.0;6.0;43,51127765;5,35009778;
202300049122.0;5;11;11069;2;1;2.0;6.0;43,21581000;2,35387000;
202300049123.0;1;11;11069;1;1;1.0;7.0;43,18947000;2,33239000;
202300049124.0;1;09;09122;2;9;1.0;6.0;42,98220700;1,61422600;
202300049125.0;5;06;06123;2;3;1.0;1.0;43,66424000;7,19366000;
202300049126.0;5;75;75119;2;1;1.0;4.0;48,89538500;2,39480200;
202300049127.0;5;75;75113;2;1;1.0;2.0;48,81839700;2,36934700;
202300049128.0;3;75;75117;2;1;2.0;6.0;48,88038300;2,28218400;
202300049129.0;5;75;75119;2;7;2.0;6.0;48,88361600;2,36900900;
202300049130.0;5;75;75113;2;1;1.0;3.0;48,82040600;2,37544400;
202300049131.0;1;75;75117;2;3;2.0;1.0;48,87535657;2,29615724;
202300049132.0;1;75;75116;2;3;2.0;6.0;48,86883400;2,28330600;
202300049133.0;1;75;75115;2;2;2.0;2.0;48,84302500;2,31279400;
202300049134.0;1;75;75112;2;2;2.0;3.0;48,83168890;2,39787921;
202300049135.0;5;75;75109;2;2;1.0;3.0;48,87224600;2,33831700;
202300049136.0;5;75;75108;2;2;1.0;2.0;48,87131300;2,30250500;
202300049137.0;5;94;94022;2;9;1.0;3.0;48,77330900;2,40949100;
202300049138.0;1;93;93077;2;1;2.0;6.0;48,89042200;2,50948600;
202300049139.0;1;93;93015;2;3;3.0;6.0;48,91406000;2,58953000;
202300049140.0;5;93;93030;2;1;9.0;2.0;48,94650584;2,43640358;
202300049141.0;5;93;93010;2;2;3.0;7.0;48,89626000;2,47983700;
202300049142.0;5;93;93007;2;3;8.0;3.0;48,94541000;2,45127000;
202300049143.0;1;92;92078;2;1;1.0;7.0;48,93448560;2,32102972;
202300049144.0;2;92;92026;2;2;2.0;6.0;48,89514836;2,24991202;
202300049145.0;5;92;92012;2;1;1.0;6.0;48,83324804;2,22716475;
202300049146.0;1;92;92002;2;1;8.0;7.0;48,74466282;2,30331302;
202300049147.0;1;47;47324;1;1;1.0;1.0;44,63695562;0,75430658;
202300049148.0;3;26;26031;1;1;3.0;1.0;44,55259600;4,87759700;
202300049149.0;1;81;81088;1;1;2.0;1.0;43,84647500;2,28786000;
202300049150.0;1;36;36006;1;1;2.0;2.0;46,57171298;1,50038874;
202300049151.0;1;30;30286;1;9;2.0;7.0;43,98118900;4,46948300;
202300049152.0;1;21;21300;1;1;2.0;6.0;47,28138300;4,78471800;
202300049153.0;1;35;35197;1;1;1.0;1.0;48,21267200; -1,61556100;
202300049154.0;1;56;56218;1;1;2.0;6.0;47,72271000; -2,32080500;
202300049155.0;1;56;56011;1;1;2.0;1.0;47,60073700; -2,23606100;
202300049156.0;1;65;65124;1;1;1.0;6.0;42,83385400;0,35152000;
202300049157.0;1;71;71442;1;1;1.0;6.0;46,85434000;4,64116800;
202300049158.0;1;12;12069;1;1;8.0;1.0;43,87349200;2,69886000;
202300049159.0;3;47;47214;1;1;2.0;6.0;44,31680900;0,25228300;
202300049160.0;3;35;35188;1;1;3.0;1.0;48,12165460; -1,95811450;
202300049161.0;2;29;29069;1;1;2.0;2.0;48,40983074; -4,53486911;
202300049162.0;5;38;38229;2;2;2.0;3.0;45,20621600;5,75248000;
202300049163.0;5;54;54157;2;1;2.0;6.0;48,84179620;6,06899679;
202300049164.0;1;72;72290;2;1;1.0;1.0;48,15242000;0,13118700;
202300049165.0;1;90;90053;2;3;1.0;1.0;47,54089300;6,97224700;
202300049166.0;1;83;83056;1;1;1.0;6.0;43,55833154;6,51369896;
202300049167.0;2;18;18037;1;1;2.0;7.0;47,56397400;2,23913000;
202300049168.0;1;43;43268;1;1;1.0;7.0;45,11309900;4,12373000;
202300049169.0;1;17;17340;1;9;1.0;3.0;46,06396500; -0,79569900;
202300049170.0;1;30;30235;2;1;1.0;7.0;43,92654500;4,54432900;
202300049171.0;5;68;68375;2;1;2.0;6.0;47,80891100;7,23991500;
202300049172.0;1;79;79125;1;1;2.0;3.0;46,23792100; -0,43501100;
202300049173.0;1;976;97609;1;1;1.0;7.0; -12,97980200;45,14614800;
202300049174.0;1;69;69188;2;1;1.0;6.0;45,92551300;4,45845400;
202300049175.0;1;69;69027;2;1;1.0;6.0;45,67435688;4,76406769;
202300049176.0;1;2B;2B313;2;1;8.0;6.0;42,37397000;9,52992100;
202300049177.0;1;06;06151;1;1;1.0;6.0;43,89943900;7,18905000;
202300049178.0;2;69;69387;2;3;2.0;3.0;45,73122000;4,83850000;
202300049179.0;1;55;55110;2;1;1.0;7.0;49,53765800;5,29534300;
202300049180.0;1;972;97213;1;2;1.0;5.0;14,62151000; -60,98818000;
202300049181.0;1;69;69081;2;1;2.0;3.0;45,77798000;4,77624000;
202300049182.0;2;63;63263;1;1;2.0;7.0;45,76104739;2,98449247;
202300049183.0;1;2B;2B037;2;9;1.0;6.0;42,62060000;9,43600000;
202300049184.0;1;73;73288;1;1;1.0;1.0;45,63200800;5,91867000;
202300049185.0;4;91;91339;1;1;1.0;6.0;48,63329000;2,26502000;
202300049186.0;1;07;07142;1;2;1.0;3.0;44,73980600;3,88924600;
202300049187.0;1;91;91339;2;3;1.0;2.0;48,63896400;2,26133700;
202300049188.0;2;33;33240;2;2;1.0;3.0;45,30500700; -0,92322700;
202300049189.0;1;91;91161;2;1;1.0;2.0;48,71242000;2,30305800;
202300049190.0;1;91;91027;2;1;1.0;2.0;48,70487200;2,37149400;
202300049191.0;5;33;33056;2;3;3.0;6.0;44,92358501; -0,63476890;
202300049192.0;2;53;53094;1;6;1.0;7.0;48,01476000; -0,72996000;
202300049193.0;1;83;83061;1;1;1.0;1.0;43,51488000;6,82578000;
202300049194.0;1;59;59377;2;6;2.0;6.0;50,12183200;3,17292100;
202300049195.0;1;78;78517;2;9;1.0;6.0;48,63998000;1,82660000;
202300049196.0;1;66;66012;1;6;1.0;3.0;42,70414400;2,83220900;
202300049197.0;3;83;83090;1;1;1.0;6.0;43,12540000;5,87643000;
202300049198.0;2;77;77400;1;6;2.0;6.0;48,76130000;3,02396000;
202300049199.0;3;06;06123;1;1;1.0;6.0;43,66793000;7,19634300;
202300049200.0;2;57;57206;1;9;3.0;7.0;49,30394357;6,13127232;
202300049201.0;3;976;97601;1;1;1.0;6.0; -12,72520200;45,06067800;
202300049202.0;1;72;72181;2;1;8.0;4.0;47,98355000;0,23439000;
202300049203.0;1;33;33487;1;1;8.0;5.0;44,93864699; -0,46682507;
202300049204.0;1;974;97402;2;1;1.0;2.0; -20,99991700;55,68631800;
202300049205.0;1;69;69264;2;2;8.0;3.0;45,98634000;4,73225000;
202300049206.0;3;33;33162;1;1;3.0;2.0;44,87157834; -0,64153880;
202300049207.0;1;973;97304;1;1;1.0;7.0;5,19034200; -52,72278800;
202300049208.0;5;69;69029;2;1;2.0;3.0;45,74968626;4,91281524;
202300049209.0;1;59;59350;1;1;1.0;7.0;50,61685000;3,07751000;
202300049210.0;1;21;21263;1;2;1.0;7.0;47,25761747;5,05911249;
202300049211.0;1;69;69029;2;1;8.0;4.0;45,74540000;4,92860000;
202300049212.0;3;59;59456;1;1;2.0;2.0;50,38011000;3,23256000;
202300049213.0;1;62;62215;2;1;1.0;6.0;50,48957800;2,94249300;
202300049214.0;1;66;66053;1;1;1.0;1.0;42,52892300;3,07160100;
202300049215.0;1;91;91136;1;1;1.0;6.0;48,71084000;2,28856000;
202300049216.0;1;30;30128;2;1;1.0;6.0;43,72923900;4,34480300;
202300049217.0;1;61;61001;2;3;3.0;2.0;48,42947000;0,08080000;
202300049218.0;1;94;94034;1;1;3.0;5.0;48,75433692;2,33216922;
202300049219.0;1;11;11188;1;1;9.0;2.0;42,94695200;2,98806700;