Num_Acc;lum;departement;commune;agglomeration;intersection;meteo;type_collision;lat;long;date
202300049220.0;5;54;54395;2;9;2.0;6.0;48,68522700;6,18027000;
202300049221.0;1;54;54367;1;1;3.0;7.0;49,50228000;5,79288000;
202300049222.0;2;92;92064;1;1;3.0;2.0;48,83887386;2,19360470;
202300049223.0;1;83;83117;1;2;1.0;3.0;43,55708900;6,70139500;
202300049224.0;5;49;49007;2;3;1.0;7.0;47,47435000; -0,53721000;
202300049225.0;5;92;92064;1;1;2.0;6.0;48,83969235;2,21105474;
202300049226.0;1;13;13015;2;1;1.0;3.0;43,44889200;5,39787300;
202300049227.0;1;08;08081;2;1;1.0;6.0;49,84813300;4,76942900;
202300049228.0;1;29;29026;2;1;1.0;3.0;48,21033010; -4,07561124;
202300049229.0;5;42;42218;2;2;1.0;3.0;45,44672000;4,38265000;
202300049230.0;1;67;67052;1;1;1.0;6.0;48,48274300;7,45177700;
202300049231.0;3;01;01159;2;1;1.0;6.0;46,33737300;4,90308900;
202300049232.0;2;73;73179;2;1;3.0;6.0;45,59727300;5,87576500;
202300049233.0;3;92;92047;1;1;3.0;5.0;48,83271459;2,15695103;
202300049234.0;1;38;38169;2;3;2.0;1.0;45,19340000;5,67920000;
202300049235.0;3;26;26166;2;1;1.0;1.0;44,75960900;4,83488000;
202300049236.0;1;07;07086;1;2;1.0;1.0;45,10790800;4,74384100;
202300049237.0;3;93;93078;1;1;8.0;2.0;48,96728918;2,51199890;
202300049238.0;1;38;38169;2;1;1.0;6.0;45,19245000;5,69756000;
202300049239.0;1;34;34129;2;9;1.0;3.0;43,58423000;3,92799000;
202300049240.0;3;27;27230;1;9;1.0;3.0;48,87002600;1,43417700;
202300049241.0;1;69;69009;2;1;1.0;2.0;45,94669600;4,71440100;
202300049242.0;1;58;58046;1;1;1.0;7.0;46,84396100;3,65961100;
202300049243.0;1;95;95572;1;1;2.0;2.0;49,03444000;2,10118000;
202300049244.0;1;33;33318;2;1;1.0;3.0;44,80034000; -0,65914000;
202300049245.0;1;17;17038;1;1;1.0;7.0;45,19603700; -0,32756700;
202300049246.0;5;62;62399;2;1;4.0;1.0;50,30678800;2,60641000;
202300049247.0;3;72;72054;1;1;1.0;1.0;48,00726300;0,34071600;
202300049248.0;2;95;95582;1;1;3.0;6.0;48,97479000;2,24430000;
202300049249.0;1;24;24572;1;1;1.0;1.0;44,65264300;0,85294200;
202300049250.0;5;30;30060;1;1;1.0;1.0;43,79202516;4,37737727;
202300049251.0;1;95;95572;1;1;3.0;6.0;49,03549763;2,11713195;
202300049252.0;1;72;72349;1;1;1.0;1.0;48,19747300;0,19335500;
202300049253.0;5;27;27299;2;1;2.0;4.0;49,05042200;1,16458400;
202300049254.0;1;60;60088;1;1;1.0;7.0;49,23475000;2,20999000;
202300049255.0;1;31;31157;2;1;8.0;6.0;43,55289100;1,33470300;
202300049256.0;1;92;92036;1;1;2.0;3.0;48,94920532;2,28069842;
202300049257.0;3;76;76380;1;2;2.0;1.0;49,80316648;0,96910411;
202300049258.0;1;94;94028;1;1;8.0;2.0;48,78106943;2,44145990;
202300049259.0;1;36;36070;2;3;1.0;3.0;46,44109277;1,58327043;
202300049260.0;1;22;22215;2;1;2.0;2.0;48,50012000; -2,77738000;
202300049261.0;1;13;13071;1;1;1.0;4.0;43,41418849;5,36456931;
202300049262.0;1;16;16341;1;1;1.0;6.0;45,63581000;0,12262000;
202300049263.0;2;80;80008;2;2;2.0;3.0;50,03729300;1,59310300;
202300049264.0;1;63;63113;2;6;1.0;3.0;45,76797000;3,08659000;
202300049265.0;1;13;13211;1;1;1.0;4.0;43,29304000;5,47554000;
202300049266.0;1;21;21584;1;4;1.0;1.0;47,27618600;4,20394400;
202300049267.0;1;14;14242;1;1;1.0;1.0;49,21993624; -0,35860598;
202300049268.0;1;89;89018;2;1;2.0;1.0;48,04970000;3,31550000;
202300049269.0;5;63;63164;2;6;1.0;6.0;45,81347000;3,13619000;
202300049270.0;1;13;13211;1;1;1.0;2.0;43,29297841;5,47637741;
202300049271.0;1;76;76618;1;1;2.0;1.0;49,98925600;1,27012300;
202300049272.0;2;13;13208;2;3;1.0;1.0;43,27540086;5,38437126;
202300049273.0;3;24;24217;1;9;3.0;6.0;44,98556300;0,88834800;
202300049274.0;1;61;61346;1;1;8.0;7.0;48,91407700;0,10073300;
202300049275.0;1;06;06069;2;1;1.0;2.0;43,63983000;6,93419000;
202300049276.0;3;13;13001;1;1;1.0;2.0;43,51936000;5,42815000;
202300049277.0;1;85;85047;2;1;1.0;6.0;46,83925230; -1,89184000;
202300049278.0;3;13;13076;1;9;1.0;2.0;43,83371000;5,00483000;
202300049279.0;1;27;27201;1;1;1.0;7.0;49,19976600;1,03821300;
202300049280.0;1;67;67389;1;1;1.0;2.0;48,64676000;7,73325000;
202300049281.0;2;47;47214;1;2;2.0;3.0;44,33497800;0,26658200;
202300049282.0;1;03;03185;2;1;3.0;1.0;46,34061200;2,58454900;
202300049283.0;1;13;13076;1;1;1.0;3.0;43,82273100;5,02737700;
202300049284.0;1;27;27108;1;2;1.0;2.0;48,74604500;0,81831000;
202300049285.0;1;91;91659;1;1;1.0;3.0;48,58624700;2,45201600;
202300049286.0;1;75;75113;2;1;2.0;3.0;48,82094000;2,37772000;
202300049287.0;1;47;47189;1;2;7.0;3.0;44,53856100;0,33210000;
202300049288.0;1;974;97411;2;1;1.0;3.0; -20,89484000;55,44520000;
202300049289.0;5;978;97801;2;1;1.0;7.0;18,08027039; -63,06160927;
202300049290.0;1;75;75113;2;1;1.0;2.0;48,81634700;2,36383700;
202300049291.0;1;973;97302;2;1;1.0;7.0;4,93712000; -52,33839000;
202300049292.0;5;33;33122;1;6;1.0;6.0;44,71553700; -0,75611500;
202300049293.0;1;47;47151;1;1;2.0;1.0;44,73111000;0,31359300;
202300049294.0;1;91;91689;1;1;1.0;4.0;48,74030000;2,31870000;
202300049295.0;1;973;97302;2;1;1.0;6.0;4,93401963; -52,31286317;
202300049296.0;2;27;27517;1;1;1.0;6.0;49,11471900;1,33443100;
202300049297.0;5;75;75120;2;1;2.0;6.0;48,86602200;2,41267600;
202300049298.0;3;34;34142;2;1;1.0;3.0;43,70329700;3,32898600;
202300049299.0;3;973;97302;2;1;1.0;7.0;4,91420000; -52,30943000;
202300049300.0;1;987;98747;1;1;1.0;3.0; -17,75615600; -148,73564100;
202300049301.0;1;91;91534;1;1;1.0;2.0;48,71706000;2,17131000;
202300049302.0;5;69;69386;2;1;1.0;3.0;45,77627000;4,84467000;
202300049303.0;2;75;75117;2;2;1.0;3.0;48,88260200;2,31024700;
202300049304.0;1;974;97422;1;1;1.0;7.0; -21,17239700;55,58516600;
202300049305.0;1;68;68042;2;1;1.0;2.0;47,60752300;7,50246600;
202300049306.0;1;91;91228;1;1;1.0;3.0;48,62391000;2,41988000;
202300049307.0;1;971;97101;1;1;1.0;6.0;16,28914400; -61,47623100;
202300049308.0;1;75;75117;2;2;8.0;6.0;48,89301100;2,32741600;
202300049309.0;1;69;69389;2;2;1.0;7.0;45,78333000;4,80761000;
202300049310.0;2;44;44069;1;1;2.0;6.0;47,31276600; -2,40225400;
202300049311.0;5;45;45144;2;1;1.0;6.0;47,83564000;2,11198200;
202300049312.0;5;75;75111;2;3;2.0;6.0;48,85915000;2,37949000;
202300049313.0;3;92;92036;1;1;1.0;6.0;48,93404000;2,27166000;
202300049314.0;5;69;69382;2;3;1.0;6.0;45,75285888;4,82470405;
202300049315.0;1;29;29165;1;3;1.0;3.0;47,82133311; -4,25329801;
202300049316.0;1;75;75104;2;4;1.0;6.0;48,85572600;2,35897600;
202300049317.0;1;77;77168;1;1;1.0;1.0;48,18040900;2,84979300;
202300049318.0;3;95;95585;2;1;1.0;6.0;48,98261153;2,37048142;
202300049319.0;3;31;31510;1;1;2.0;1.0;43,27583800;0,68548700;
202300049320.0;5;93;93064;2;1;2.0;6.0;48,88605314;2,48408424;
202300049321.0;5;75;75116;1;1;2.0;3.0;48,84820200;2,24871600;
202300049322.0;1;77;77484;1;1;1.0;3.0;48,88935100;2,95350400;
202300049323.0;1;95;95680;1;1;1.0;3.0;49,01323324;2,40693122;
202300049324.0;5;93;93048;2;7;1.0;2.0;48,85710000;2,42230000;
202300049325.0;1;66;66008;1;1;1.0;7.0;42,53301800;3,04686100;
202300049326.0;3;66;66003;2;4;2.0;6.0;42,47446700;2,67067600;
202300049327.0;5;91;91027;2;1;1.0;6.0;48,69661000;2,39347000;
202300049328.0;2;05;05053;1;1;3.0;6.0;44,33959200;5,76022500;
202300049329.0;1;93;93048;1;1;1.0;5.0;48,87072328;2,43165940;
202300049330.0;1;92;92050;2;5;8.0;3.0;48,88824380;2,19414622;
202300049331.0;4;86;86194;2;1;3.0;6.0;46,57105100;0,34257700;
202300049332.0;1;37;37148;2;1;1.0;7.0;46,98262500;0,48836900;
202300049333.0;1;88;88410;1;1;1.0;6.0;48,40989000;6,70440700;
202300049334.0;1;14;14431;2;2;2.0;3.0;49,07455100; -0,07276300;
202300049335.0;1;93;93048;1;1;1.0;2.0;48,87346451;2,43622341;
202300049336.0;5;84;84031;2;9;1.0;6.0;44,05515000;5,05405000;
202300049337.0;1;37;37043;1;1;2.0;6.0;47,52709200;1,04288500;
202300049338.0;1;57;57474;2;6;1.0;3.0;49,26284800;6,17377500;
202300049339.0;1;05;05124;1;1;4.0;3.0;44,60574600;6,14201200;
202300049340.0;2;57;57482;1;1;1.0;7.0;49,12045900;6,31835400;
202300049341.0;1;95;95154;1;1;1.0;5.0;49,03701000;2,54124000;
202300049342.0;2;06;06161;2;1;1.0;6.0;43,64285900;7,14394600;
202300049343.0;3;83;83078;1;1;1.0;6.0;43,65079121;6,15796531;
202300049344.0;1;81;81219;1;1;2.0;6.0;43,61150200;2,07755300;
202300049345.0;2;45;45145;2;1;2.0;6.0;48,09358800;2,79623000;
202300049346.0;1;73;73011;2;3;8.0;3.0;45,66425000;6,37804000;
202300049347.0;1;93;93064;1;1;1.0;2.0;48,88676096;2,47911670;
202300049348.0;1;79;79048;1;1;1.0;1.0;46,35441100; -0,34359000;
202300049349.0;3;30;30125;1;1;1.0;2.0;43,77490500;4,46662900;
202300049350.0;3;16;16329;1;9;2.0;6.0;45,91872100;0,51107900;
202300049351.0;1;57;57300;1;1;1.0;6.0;48,70062000;7,21237400;
202300049352.0;5;70;70388;1;6;1.0;3.0;47,62560000;6,13827000;
202300049353.0;1;85;85226;1;1;1.0;1.0;46,72830900; -1,95031900;
202300049354.0;1;93;93053;1;1;1.0;3.0;48,88411231;2,46310523;
202300049355.0;1;67;67456;1;1;1.0;6.0;48,95489200;7,06333700;
202300049356.0;1;40;40080;2;6;1.0;5.0;43,76286600; -0,32077100;
202300049357.0;1;85;85238;2;1;1.0;6.0;46,95910000; -0,89108900;
202300049358.0;3;67;67434;1;1;1.0;2.0;48,95056300;7,07105400;
202300049359.0;1;69;69266;2;1;1.0;3.0;45,78204000;4,85985000;
202300049360.0;5;04;04116;2;1;2.0;6.0;44,03008000;5,97367400;
202300049361.0;1;77;77363;1;1;8.0;5.0;48,91225400;2,63561300;
202300049362.0;5;27;27467;2;1;2.0;6.0;49,35448200;0,51777300;
202300049363.0;1;69;69290;2;1;1.0;6.0;45,68996886;4,94235744;
202300049364.0;3;80;80222;1;1;6.0;6.0;50,22236200;1,84179800;
202300049365.0;3;80;80799;1;6;1.0;6.0;49,87080500;2,53355000;
202300049366.0;1;93;93051;1;1;1.0;4.0;48,83635097;2,55324845;
202300049367.0;5;67;67218;2;1;3.0;6.0;48,52899000;7,73230000;
202300049368.0;1;82;82026;1;1;1.0;6.0;44,07346500;1,63893700;
202300049369.0;1;59;59550;1;6;1.0;3.0;50,53340900;2,83376200;
202300049370.0;3;82;82090;1;1;1.0;6.0;44,08728400;1,37866100;
202300049371.0;1;94;94018;1;1;1.0;5.0;48,82465601;2,39368239;
202300049372.0;1;45;45222;1;3;9.0;2.0;48,10730200;2,74524100;
202300049373.0;5;67;67482;2;3;3.0;3.0;48,58040800;7,77755600;
202300049374.0;3;83;83090;1;1;1.0;2.0;43,12103825;5,86698946;
202300049375.0;3;11;11262;1;1;1.0;2.0;43,20639600;2,95757500;
202300049376.0;1;13;13009;1;1;1.0;7.0;43,63227000;5,18767700;
202300049377.0;1;94;94028;1;1;2.0;2.0;48,78275411;2,44084607;
202300049378.0;3;61;61150;1;1;8.0;6.0;48,74927500;0,38670100;
202300049379.0;1;64;64260;2;1;1.0;2.0;43,35520000; -1,76800000;
202300049380.0;1;13;13113;1;1;1.0;2.0;43,58144800;5,47578300;
202300049381.0;1;49;49215;1;1;1.0;6.0;47,15517500; -0,09903300;
202300049382.0;1;77;77249;1;9;3.0;2.0;48,72837500;2,60460200;
202300049383.0;5;64;64024;2;1;1.0;2.0;43,48056000; -1,52955000;
202300049384.0;2;69;69297;1;1;3.0;2.0;45,59448000;4,79671000;
202300049385.0;3;72;72223;1;1;1.0;7.0;47,88112500; -0,11535600;
202300049386.0;1;94;94043;1;1;1.0;6.0;48,80476702;2,34457441;
202300049387.0;1;42;42302;1;1;2.0;1.0;45,51550400;4,44341200;
202300049388.0;1;63;63063;2;1;1.0;6.0;45,82216000;3,11021000;
202300049389.0;1;76;76575;1;2;2.0;6.0;49,38161000;1,10983000;
202300049390.0;3;60;60612;1;1;1.0;2.0;49,20181300;2,60783700;
202300049391.0;3;62;62194;1;1;2.0;6.0;50,48480000;2,47490000;
202300049392.0;1;54;54547;2;1;1.0;6.0;48,66245000;6,17274400;
202300049393.0;2;68;68374;1;1;2.0;3.0;48,08212200;7,31855300;
202300049394.0;1;33;33005;2;2;1.0;3.0;44,76618000; -1,07493300;
202300049395.0;1;62;62400;1;4;1.0;3.0;50,48243000;2,59382000;
202300049396.0;1;25;25558;2;1;1.0;1.0;47,15633800;6,11500700;
202300049397.0;1;38;38053;2;1;1.0;6.0;45,58505000;5,29597000;
202300049398.0;4;93;93053;1;1;1.0;4.0;48,89707199;2,46965129;
202300049399.0;1;987;98725;2;1;1.0;7.0; -17,51187800; -149,50090200;
202300049400.0;3;29;29279;1;1;1.0;1.0;48,58430800; -3,87720300;
202300049401.0;1;24;24145;2;1;1.0;6.0;44,85961000;0,56566000;
202300049402.0;4;95;95256;1;1;1.0;2.0;49,05696230;2,20683575;
202300049403.0;1;59;59350;2;2;1.0;3.0;50,63334300;3,08639100;
202300049404.0;1;973;97306;1;9;1.0;3.0;5,64949000; -53,74237100;
202300049405.0;5;59;59273;2;1;3.0;6.0;50,99620000;2,14761000;
202300049406.0;3;95;95500;1;1;1.0;2.0;49,03910581;2,08600223;
202300049407.0;1;76;76351;2;3;1.0;6.0;49,52136000;0,10511000;
202300049408.0;1;83;83032;1;1;1.0;6.0;43,46599069;6,14887002;
202300049409.0;5;45;45252;2;1;3.0;6.0;48,18274500;2,25143000;
202300049410.0;1;60;60098;2;1;3.0;7.0;49,65182965;1,75384882;
202300049411.0;5;47;47323;1;2;2.0;3.0;44,41039793;0,75166952;
202300049412.0;1;58;58194;2;1;3.0;6.0;46,99245000;3,16014000;
202300049413.0;1;89;89350;1;1;8.0;2.0;48,00560000;3,15930000;
202300049414.0;1;94;94028;1;1;1.0;4.0;48,77618830;2,43180914;
202300049415.0;2;64;64493;2;3;1.0;3.0;43,31605700; -1,02053800;
202300049416.0;5;51;51308;2;1;2.0;6.0;49,28405800;3,82267400;
202300049417.0;1;47;47001;2;3;1.0;3.0;44,20325000;0,63105000;
202300049418.0;1;24;24035;2;1;1.0;6.0;44,77855900;1,00114300;
202300049419.0;5;03;03224;2;1;1.0;6.0;46,06053900;3,70214000;
202300049420.0;1;74;74012;2;2;1.0;3.0;46,19167000;6,24197000;
202300049421.0;2;03;03097;1;1;3.0;6.0;46,35751900;2,75659700;
202300049422.0;1;94;94028;1;1;1.0;4.0;48,77618830;2,43180914;
202300049423.0;5;73;73054;2;1;4.0;6.0;45,61881200;6,77088200;
202300049424.0;5;45;45285;2;3;1.0;6.0;47,90997000;1,87223000;
202300049425.0;3;31;31420;1;1;1.0;7.0;43,49197300;1,39719500;
202300049426.0;5;74;74012;2;1;1.0;2.0;46,18672000;6,24797000;
202300049427.0;1;988;98818;2;1;1.0;6.0; -22,29119000;166,43963000;
202300049428.0;2;01;01425;1;1;8.0;2.0;46,10796400;5,29159100;
202300049429.0;1;45;45234;2;1;1.0;3.0;47,83357247;1,92133310;
202300049430.0;3;64;64496;2;1;3.0;6.0;43,46911300; -1,44472400;
202300049431.0;1;74;74012;2;1;1.0;6.0;46,18936000;6,25069000;
202300049432.0;1;976;97611;2;1;1.0;3.0; -12,78400900;45,22312300;
202300049433.0;5;973;97309;1;3;1.0;3.0;4,89633000; -52,29291000;
202300049434.0;1;35;35238;1;1;2.0;6.0;48,11933523; -1,72024280;
202300049435.0;1;64;64304;1;1;1.0;2.0;43,49330300; -1,39413900;
202300049436.0;1;51;51572;1;1;1.0;7.0;49,03616600;4,61832400;
202300049437.0;2;35;35115;2;6;3.0;6.0;48,35383000; -1,19918000;
202300049438.0;1;74;74010;2;4;1.0;6.0;45,92412500;6,14127200;
202300049439.0;1;976;97611;2;9;1.0;3.0; -12,79170000;45,22169000;
202300049440.0;2;14;14712;1;6;2.0;3.0;49,17908456; -0,19980964;
202300049441.0;5;33;33063;2;7;2.0;6.0;44,84124000; -0,56938000;
202300049442.0;1;974;97416;2;1;1.0;6.0; -21,34422000;55,48312000;
202300049443.0;1;29;29042;1;1;2.0;2.0;48,24443093; -4,51054346;
202300049444.0;5;33;33119;2;3;2.0;3.0;44,85332000; -0,53862000;
202300049445.0;5;974;97411;2;3;1.0;3.0; -20,89786073;55,47768903;
202300049446.0;5;22;22136;2;6;2.0;1.0;48,17721900; -2,74732800;
202300049447.0;1;83;83126;2;1;1.0;6.0;43,11583000;5,85212000;
202300049448.0;3;33;33281;2;1;3.0;6.0;44,83815000; -0,64687000;
202300049449.0;5;974;97411;2;1;2.0;6.0; -20,89602000;55,48180000;
202300049450.0;3;13;13018;1;1;1.0;4.0;43,87791200;4,93406300;
202300049451.0;1;33;33162;1;1;1.0;3.0;44,87723121; -0,63173264;
202300049452.0;3;74;74272;2;1;1.0;7.0;45,94641600;6,04523200;
202300049453.0;1;31;31555;2;1;1.0;3.0;43,57623000;1,42408000;
202300049454.0;3;987;98750;1;1;1.0;3.0; -16,82086600; -151,40398800;
202300049455.0;5;974;97411;2;2;1.0;6.0; -20,87487000;55,45378000;
202300049456.0;5;74;74112;2;6;1.0;6.0;45,94227200;6,08638300;
202300049457.0;1;62;62637;1;1;1.0;4.0;50,46053246;2,97371640;
202300049458.0;1;987;98733;2;1;1.0;1.0; -17,69816100; -149,58376000;
202300049459.0;1;29;29039;2;1;2.0;4.0;47,88820000; -3,91899000;
202300049460.0;1;74;74052;2;1;1.0;6.0;46,06269000;6,04910600;
202300049461.0;5;974;97411;2;9;1.0;2.0; -20,88862000;55,44533000;
202300049462.0;2;94;94021;1;1;3.0;2.0;48,76323303;2,34206347;
202300049463.0;2;16;16015;2;1;1.0;6.0;45,64832500;0,16094500;
202300049464.0;1;973;97305;1;1;1.0;3.0;5,00153500; -52,45866500;
202300049465.0;5;74;74058;2;1;1.0;7.0;46,28978300;6,80416300;
202300049466.0;2;91;91235;1;1;2.0;3.0;48,62400000;2,36800000;
202300049467.0;1;974;97411;2;3;1.0;3.0; -20,91429000;55,49500000;
202300049468.0;1;95;95277;1;1;2.0;6.0;48,97259000;2,48485000;
202300049469.0;1;971;97117;2;3;1.0;6.0;16,32914600; -61,35469700;
202300049470.0;1;14;14701;1;4;1.0;1.0;49,31255000;0,08401000;
202300049471.0;1;69;69386;2;2;1.0;6.0;45,77311000;4,84974000;
202300049472.0;3;74;74238;1;1;1.0;1.0;46,20385300;6,67689800;
202300049473.0;3;95;95572;1;9;1.0;2.0;49,04821494;2,13358004;
202300049474.0;1;78;78531;1;1;1.0;2.0;49,00604000;1,60141000;
202300049475.0;2;13;13005;2;1;8.0;7.0;43,30000000;5,59000000;
202300049476.0;1;69;69387;2;1;2.0;6.0;45,75117000;4,84341000;
202300049477.0;3;94;94069;1;1;1.0;6.0;48,81754093;2,43504501;
202300049478.0;1;74;74099;1;4;1.0;7.0;45,87175400;6,62159600;
202300049479.0;5;13;13027;2;1;1.0;6.0;43,88636100;4,84709000;
202300049480.0;1;72;72181;1;9;2.0;6.0;48,02116000;0,23121000;
202300049481.0;1;11;11069;2;1;1.0;6.0;43,21853000;2,34924000;
202300049482.0;4;972;97213;1;1;1.0;3.0;14,63499000; -61,00847000;
202300049483.0;3;74;74309;2;1;9.0;1.0;46,11403300;6,04257700;
202300049484.0;3;38;38110;1;1;2.0;1.0;45,58832000;4,86593500;
202300049485.0;2;14;14437;2;1;1.0;3.0;49,17977300; -0,32154100;
202300049486.0;1;07;07019;2;1;1.0;3.0;44,61422000;4,40006000;
202300049487.0;3;972;97209;1;1;1.0;6.0;14,61028000; -61,08307000;
202300049488.0;3;74;74282;1;1;1.0;1.0;46,00993394;6,26310577;
202300049489.0;1;14;14118;2;2;1.0;6.0;49,18274800; -0,36196100;
202300049490.0;1;01;01249;2;3;2.0;2.0;45,82160300;4,94725400;
202300049491.0;1;73;73021;1;1;1.0;7.0;45,41631700;6,17228900;
202300049492.0;5;06;06088;1;2;1.0;3.0;43,72294000;7,28992000;
202300049493.0;1;972;97209;2;1;1.0;3.0;14,61256000; -61,05983000;
202300049494.0;1;74;74243;1;1;1.0;2.0;46,13234800;6,09227300;
202300049495.0;5;03;03185;2;1;1.0;6.0;46,34592000;2,60771000;
202300049496.0;1;14;14160;1;1;1.0;2.0;49,06328157; -0,29148147;
202300049497.0;5;972;97209;1;1;2.0;4.0;14,61145000; -61,05404000;
202300049498.0;1;92;92078;2;1;1.0;6.0;48,93621800;2,33042800;
202300049499.0;1;59;59398;2;1;1.0;6.0;50,50809563;3,11395884;
202300049500.0;5;62;62755;2;1;1.0;6.0;50,70395000;1,61366100;
202300049501.0;5;75;75112;2;1;1.0;2.0;48,82952500;2,40122800;
202300049502.0;1;64;64064;1;3;1.0;3.0;43,10991913; -0,62493593;
202300049503.0;5;69;69389;2;1;2.0;3.0;45,77280719;4,81029450;
202300049504.0;3;74;74208;1;1;1.0;6.0;45,90928600;6,71620300;
202300049505.0;1;13;13088;1;1;1.0;3.0;43,39086000;5,24898000;
202300049506.0;1;988;98818;2;1;1.0;6.0; -22,27446000;166,44474000;
202300049507.0;1;75;75112;2;1;1.0;2.0;48,82864200;2,39888900;
202300049508.0;1;69;69385;2;2;1.0;3.0;45,75667000;4,78222000;
202300049509.0;1;76;76414;2;2;2.0;2.0;49,90825000;1,10965000;
202300049510.0;1;973;97302;2;1;1.0;7.0;4,93584000; -52,28604000;
202300049511.0;5;69;69389;1;1;1.0;2.0;45,76393000;4,80186000;
202300049512.0;1;75;75120;2;3;2.0;6.0;48,87326700;2,38191800;
202300049513.0;5;973;97302;2;1;1.0;7.0;4,93233200; -52,32706761;
202300049514.0;1;69;69273;1;1;8.0;6.0;45,66781468;4,91754070;
202300049515.0;1;69;69382;2;3;1.0;2.0;45,75039505;4,83177885;
202300049516.0;5;75;75115;2;1;8.0;6.0;48,84939900;2,29648400;
202300049517.0;5;974;97416;2;1;1.0;3.0; -21,28604376;55,50837055;
202300049518.0;5;75;75113;2;1;1.0;6.0;48,82999100;2,36467000;
202300049519.0;5;973;97302;2;1;1.0;6.0;4,93636000; -52,29637000;
202300049520.0;1;33;33090;1;1;1.0;6.0;44,77634000; -0,64780000;
202300049521.0;1;974;97416;1;1;1.0;2.0; -21,29682000;55,50851000;
202300049522.0;1;2B;2B033;2;2;1.0;2.0;42,69767000;9,44921000;
202300049523.0;1;972;97213;1;1;1.0;1.0;14,60787000; -61,00500000;
202300049524.0;5;75;75110;2;2;8.0;3.0;48,88388700;2,36862800;
202300049525.0;1;974;97411;2;9;1.0;6.0; -20,88756936;55,47236323;
202300049526.0;1;91;91174;1;1;1.0;3.0;48,61781000;2,45674000;
202300049527.0;1;971;97101;1;9;1.0;1.0;16,26951172; -61,49876654;
202300049528.0;1;91;91521;1;1;8.0;7.0;48,63357000;2,40074000;
202300049529.0;4;974;97411;1;1;1.0;7.0; -20,90148000;55,42605000;
202300049530.0;1;971;97107;2;1;1.0;1.0;16,04822000; -61,57051000;
202300049531.0;5;94;94058;2;1;3.0;3.0;48,85223759;2,51094662;
202300049532.0;1;92;92050;1;1;1.0;6.0;48,89493716;2,22826373;
202300049533.0;2;2A;2A004;2;1;1.0;6.0;41,93000000;8,78000000;
202300049534.0;3;972;97213;1;6;1.0;3.0;14,61857000; -61,03168000;
202300049535.0;5;94;94046;2;1;1.0;6.0;48,81360700;2,42599700;
202300049536.0;1;974;97407;1;9;1.0;2.0; -20,93587000;55,30918000;
202300049537.0;3;972;97213;1;1;2.0;6.0;14,61000000; -61,00000000;
202300049538.0;1;77;77018;1;1;1.0;6.0;48,83764217;2,81467222;
202300049539.0;1;95;95268;2;3;1.0;3.0;48,97399000;2,39908000;
202300049540.0;1;973;97302;2;1;1.0;1.0;4,93869680; -52,29992580;
202300049541.0;1;94;94028;2;6;2.0;3.0;48,76936000;2,46106000;
202300049542.0;3;75;75112;1;1;2.0;3.0;48,82514600;2,46377200;
202300049543.0;1;972;97209;2;1;1.0;5.0;14,60903000; -61,06703000;
202300049544.0;1;94;94071;2;2;2.0;6.0;48,76325445;2,52318151;
202300049545.0;5;75;75119;2;1;1.0;6.0;48,89187600;2,39533200;
202300049546.0;5;95;95563;2;2;1.0;1.0;49,00921100;2,25564300;
202300049547.0;1;973;97302;2;4;2.0;3.0;4,93189000; -52,31179000;
202300049548.0;1;75;75105;2;4;1.0;7.0;48,83847400;2,35068100;
202300049549.0;1;972;97209;1;2;1.0;3.0;14,61444000; -61,05158000;
202300049550.0;1;973;97302;2;1;2.0;7.0;4,91132000; -52,30813000;
202300049551.0;5;93;93050;2;3;1.0;3.0;48,86175000;2,53641000;
202300049552.0;5;95;95219;2;3;1.0;6.0;48,98105000;2,27029000;
202300049553.0;1;75;75119;2;1;1.0;7.0;48,89694300;2,38500900;
202300049554.0;2;69;69384;2;2;3.0;1.0;45,77934000;4,84131000;
202300049555.0;2;973;97302;2;1;1.0;2.0;4,93448336; -52,31137562;
202300049556.0;1;75;75116;2;3;8.0;6.0;48,86339400;2,28696700;
202300049557.0;1;91;91549;2;6;8.0;3.0;48,62651000;2,34179000;
202300049558.0;5;971;97101;1;1;1.0;2.0;16,24572000; -61,52500000;
202300049559.0;1;75;75116;2;1;1.0;3.0;48,87670000;2,27341800;
202300049560.0;1;87;87085;2;1;1.0;2.0;45,82818000;1,28213000;
202300049561.0;5;971;97113;1;1;1.0;3.0;16,21757288; -61,49482369;
202300049562.0;1;972;97213;2;3;1.0;3.0;14,62311000; -61,01881000;
202300049563.0;1;87;87085;1;1;1.0;7.0;45,89220000;1,27878000;
202300049564.0;1;75;75115;2;2;1.0;2.0;48,83101600;2,29234000;
202300049565.0;3;86;86158;2;1;1.0;6.0;46,62819000;0,33656000;
202300049566.0;5;2A;2A004;2;1;1.0;3.0;41,93100000;8,74000000;
202300049567.0;1;75;75113;2;3;1.0;3.0;48,83381000;2,36516000;