Num_Acc;lum;departement;commune;agglomeration;intersection;meteo;type_collision;lat;long;date
202300049568.0;1;972;97209;2;1;1.0;3.0;14,59583000; -61,05884000;
202300049569.0;1;86;86066;2;1;1.0;6.0;46,81987000;0,51857000;
202300049570.0;5;972;97209;2;1;1.0;6.0;14,63333000; -61,05957000;
202300049571.0;5;91;91027;2;6;1.0;6.0;48,70637000;2,39531000;
202300049572.0;1;85;85191;1;9;1.0;6.0;46,69266100; -1,47258200;
202300049573.0;5;75;75113;2;1;2.0;6.0;48,84066753;2,36962974;
202300049574.0;1;75;75110;2;2;2.0;6.0;48,87096700;2,35320100;
202300049575.0;1;91;91223;2;1;1.0;3.0;48,44072000;2,14345000;
202300049576.0;5;83;83129;2;3;1.0;3.0;43,11442606;5,80978203;
202300049577.0;1;69;69389;2;2;1.0;1.0;45,78838000;4,79326000;
202300049578.0;1;83;83050;2;1;1.0;6.0;43,53732000;6,46130000;
202300049579.0;1;75;75110;2;3;8.0;3.0;48,88141700;2,35144500;
202300049580.0;1;69;69384;2;1;1.0;6.0;45,78079000;4,81206000;
202300049581.0;1;80;80001;2;1;1.0;6.0;50,09562600;1,83151200;
202300049582.0;5;78;78401;2;2;1.0;3.0;49,01029600;1,90381600;
202300049583.0;1;75;75110;2;3;1.0;3.0;48,87566500;2,35661600;
202300049584.0;1;75;75108;2;9;1.0;3.0;48,87629400;2,32354600;
202300049585.0;1;69;69389;2;3;1.0;3.0;45,77746000;4,80348000;
202300049586.0;1;72;72181;2;1;1.0;7.0;47,99188000;0,22556000;
202300049587.0;2;77;77447;2;1;1.0;6.0;48,55707792;2,55747117;
202300049588.0;1;75;75103;2;2;1.0;6.0;48,86339956;2,35096157;
202300049589.0;5;65;65100;2;1;1.0;6.0;43,26230000;0,05831000;
202300049590.0;2;77;77438;2;1;1.0;2.0;48,86691900;2,67494600;
202300049591.0;1;75;75104;2;1;1.0;1.0;48,85668000;2,34836000;
202300049592.0;3;64;64260;2;1;1.0;1.0;43,37759000; -1,73774000;
202300049593.0;1;69;69034;2;2;1.0;3.0;45,80607188;4,87255590;
202300049594.0;1;77;77111;2;1;1.0;6.0;48,87070000;2,78337000;
202300049595.0;1;94;94042;2;1;1.0;2.0;48,81810000;2,46637000;
202300049596.0;1;63;63113;2;2;1.0;3.0;45,77065615;3,08674514;
202300049597.0;1;94;94041;2;2;1.0;2.0;48,81230000;2,38628000;
202300049598.0;1;69;69382;2;2;1.0;3.0;45,75101000;4,83059000;
202300049599.0;1;77;77186;2;3;1.0;3.0;48,39817000;2,69071000;
202300049600.0;1;63;63113;2;6;1.0;6.0;45,80402853;3,11937958;
202300049601.0;1;94;94073;1;9;2.0;3.0;48,75565000;2,38542000;
202300049602.0;1;76;76599;2;1;1.0;6.0;49,43189000;1,15846000;
202300049603.0;1;94;94021;2;1;1.0;6.0;48,76516000;2,35638000;
202300049604.0;2;2B;2B033;2;1;1.0;2.0;42,67000000;9,42000000;
202300049605.0;5;61;61006;2;6;2.0;3.0;48,72556800; -0,01447600;
202300049606.0;1;76;76481;1;1;1.0;1.0;49,56853000;0,13463000;
202300049607.0;1;93;93066;2;2;2.0;3.0;48,92848000;2,36892000;
202300049608.0;1;76;76351;2;1;1.0;7.0;49,50420000;0,16415000;
202300049609.0;5;59;59183;2;1;1.0;6.0;51,02211000;2,33748000;
202300049610.0;1;971;97101;2;1;1.0;1.0;16,24870000; -61,50815000;
202300049611.0;1;93;93064;2;3;2.0;1.0;48,87190742;2,49313288;
202300049612.0;1;73;73065;2;1;2.0;6.0;45,56820003;5,92214182;
202300049613.0;5;56;56260;2;1;3.0;6.0;47,65373000; -2,75894000;
202300049614.0;1;93;93064;2;2;2.0;6.0;48,87117976;2,47098422;
202300049615.0;1;971;97101;1;9;1.0;3.0;16,26116919; -61,49771512;
202300049616.0;1;71;71105;2;3;2.0;6.0;46,30901000;4,80599000;
202300049617.0;1;49;49099;2;2;1.0;2.0;47,06693000; -0,84271000;
202300049618.0;1;93;93049;2;2;1.0;3.0;48,86235000;2,51702600;
202300049619.0;1;71;71540;1;1;1.0;1.0;46,76735000;4,45327000;
202300049620.0;5;2A;2A004;2;1;1.0;3.0;41,93510181;8,74951620;
202300049621.0;1;92;92064;2;1;2.0;2.0;48,84174360;2,20132649;
202300049622.0;5;45;45147;2;3;1.0;3.0;47,92651300;1,89900700;
202300049623.0;1;71;71445;2;3;1.0;3.0;46,76285707;4,89307076;
202300049624.0;1;92;92064;2;1;1.0;2.0;48,84439400;2,22038300;
202300049625.0;5;35;35278;1;1;1.0;2.0;48,13782800; -1,69366900;
202300049626.0;2;95;95585;2;2;2.0;3.0;48,98530700;2,38161500;
202300049627.0;1;69;69275;2;1;2.0;5.0;45,75043000;4,94050000;
202300049628.0;1;92;92025;2;6;1.0;3.0;48,92297000;2,24981000;
202300049629.0;3;35;35238;1;1;1.0;3.0;48,13941000; -1,64181000;
202300049630.0;5;92;92023;2;1;1.0;1.0;48,79039000;2,26386000;
202300049631.0;5;69;69264;2;1;3.0;7.0;45,99247000;4,72142000;
202300049632.0;1;35;35177;1;1;2.0;7.0;48,22437200; -1,74300100;
202300049633.0;1;69;69290;2;2;1.0;3.0;45,69721000;4,93622000;
202300049634.0;1;29;29232;2;3;7.0;3.0;47,98774000; -4,10809000;
202300049635.0;1;18;18116;1;2;2.0;3.0;47,21952400;2,80544000;
202300049636.0;1;29;29232;2;1;1.0;6.0;47,98941700; -4,10894500;
202300049637.0;1;67;67267;1;1;3.0;1.0;48,55000000;7,66850000;
202300049638.0;2;21;21638;1;1;2.0;6.0;47,54538900;5,19818500;
202300049639.0;5;25;25462;2;2;4.0;2.0;46,90227000;6,35438000;
202300049640.0;1;91;91425;1;1;2.0;6.0;48,65000000;2,27000000;
202300049641.0;1;65;65286;1;1;1.0;4.0;43,11941000; -0,03025000;
202300049642.0;1;35;35006;1;1;4.0;5.0;48,07817000; -1,14392000;
202300049643.0;5;64;64130;2;1;1.0;2.0;43,34338000; -1,75571000;
202300049644.0;1;17;17415;2;2;1.0;1.0;45,74766500; -0,61237800;
202300049645.0;1;91;91103;2;1;2.0;6.0;48,61864000;2,30928000;
202300049646.0;3;89;89387;1;1;3.0;1.0;48,14466900;3,30587700;
202300049647.0;5;13;13054;2;1;1.0;1.0;43,42018000;5,22607000;
202300049648.0;1;91;91570;2;1;1.0;2.0;48,63080300;2,31853700;
202300049649.0;4;64;64445;2;1;1.0;3.0;43,31266000; -0,35468000;
202300049650.0;3;56;56153;1;1;6.0;5.0;47,60805800; -2,38669400;
202300049651.0;2;77;77083;1;1;1.0;3.0;48,83392000;2,59075900;
202300049652.0;5;64;64102;2;1;2.0;7.0;43,48671000; -1,46796000;
202300049653.0;5;13;13203;2;3;1.0;3.0;43,31890000;5,37912000;
202300049654.0;3;76;76663;2;1;2.0;6.0;49,80562300;0,53160300;
202300049655.0;2;91;91477;2;1;2.0;2.0;48,71773000;2,24067000;
202300049656.0;1;64;64024;2;9;1.0;3.0;43,48419000; -1,50227000;
202300049657.0;1;2A;2A130;2;1;1.0;6.0;41,89234300;8,80517700;
202300049658.0;1;91;91514;1;1;1.0;7.0;48,66600000;2,52700000;
202300049659.0;1;12;12145;1;1;1.0;1.0;44,09090000;3,07451000;
202300049660.0;3;65;65121;1;9;1.0;6.0;43,36075800;0,06910400;
202300049661.0;1;06;06088;1;1;1.0;6.0;43,71456930;7,18712810;
202300049662.0;1;77;77121;1;1;1.0;2.0;48,83126300;2,68228400;
202300049663.0;1;64;64102;2;6;2.0;7.0;43,48171000; -1,48622000;
202300049664.0;1;11;11401;1;1;1.0;6.0;42,90605400;2,72134200;
202300049665.0;1;91;91027;2;2;1.0;3.0;48,70861400;2,38240300;
202300049666.0;1;75;75116;2;1;1.0;2.0;48,83963700;2,25416500;
202300049667.0;5;89;89025;2;1;8.0;7.0;47,49496900;3,91639000;
202300049668.0;3;09;09332;1;1;1.0;6.0;43,09181700;1,65440800;
202300049669.0;1;64;64024;2;1;1.0;3.0;43,46335000; -1,50861000;
202300049670.0;1;91;91027;2;9;2.0;6.0;48,70588000;2,37141000;
202300049671.0;1;63;63456;1;1;1.0;6.0;45,42545510;3,25307933;
202300049672.0;1;75;75117;2;1;1.0;4.0;48,89317200;2,30352100;
202300049673.0;1;91;91432;1;1;3.0;7.0;48,70713200;2,33117000;
202300049674.0;1;19;19272;2;1;9.0;6.0;45,27787000;1,78350000;
202300049675.0;1;63;63113;2;5;8.0;1.0;45,78235000;3,07317000;
202300049676.0;1;25;25079;1;3;2.0;3.0;46,91191900;6,11606700;
202300049677.0;1;91;91469;1;1;2.0;7.0;48,41160000;2,14395000;
202300049678.0;1;75;75117;2;1;1.0;4.0;48,88891100;2,29487100;
202300049679.0;3;974;97411;1;1;1.0;6.0; -20,88814000;55,43724000;
202300049680.0;1;29;29277;1;1;1.0;2.0;48,36950800; -4,07391100;
202300049681.0;1;88;88160;1;1;1.0;6.0;48,15651477;6,51135206;
202300049682.0;2;63;63113;2;2;8.0;1.0;45,79251000;3,09174000;
202300049683.0;1;75;75119;2;1;1.0;2.0;48,90010100;2,39147900;
202300049684.0;5;973;97302;2;1;1.0;1.0;4,92194000; -52,31260000;
202300049685.0;1;01;01124;1;1;3.0;1.0;46,45309000;5,23290500;
202300049686.0;5;87;87085;2;1;1.0;3.0;45,84175000;1,25844000;
202300049687.0;5;75;75110;2;1;8.0;1.0;48,87165400;2,36013000;
202300049688.0;3;72;72333;1;2;2.0;6.0;48,03703600;0,68366800;
202300049689.0;1;87;87085;1;1;1.0;6.0;45,85518000;1,27799000;
202300049690.0;3;30;30221;1;1;1.0;5.0;44,03324600;4,75853900;
202300049691.0;5;972;97209;2;2;2.0;3.0;14,60522000; -61,07150000;
202300049692.0;1;87;87085;2;1;1.0;6.0;45,82451000;1,24501000;
202300049693.0;5;75;75105;2;2;1.0;3.0;48,84809900;2,35048100;
202300049694.0;1;69;69034;2;1;1.0;6.0;45,80666537;4,85736089;
202300049695.0;1;62;62498;2;9;1.0;3.0;50,44384000;2,82452000;
202300049696.0;1;13;13037;1;1;1.0;3.0;43,56582400;5,22558700;
202300049697.0;5;75;75120;2;4;1.0;6.0;48,86726200;2,40379900;
202300049698.0;5;60;60057;2;1;1.0;1.0;49,43292000;2,10193000;
202300049699.0;1;69;69389;2;1;1.0;1.0;45,75999039;4,80656577;
202300049700.0;1;87;87085;1;1;1.0;4.0;45,84426000;1,27810000;
202300049701.0;1;987;98758;1;1;1.0;1.0; -16,74400000; -151,46000000;
202300049702.0;1;30;30055;1;1;1.0;6.0;44,12490000;4,22830000;
202300049703.0;5;59;59650;2;2;1.0;6.0;50,70345000;3,21410000;
202300049704.0;1;988;98821;1;1;1.0;6.0; -22,06078000;166,25238000;
202300049705.0;5;75;75117;2;5;1.0;3.0;48,88234000;2,31175700;
202300049706.0;1;69;69382;2;2;1.0;3.0;45,76350000;4,83800000;
202300049707.0;1;87;87113;2;1;1.0;2.0;45,86290000;1,32319000;
202300049708.0;1;56;56260;2;1;1.0;6.0;47,66461000; -2,75376000;
202300049709.0;1;67;67506;1;9;1.0;3.0;48,67024700;7,73642400;
202300049710.0;1;56;56083;2;1;1.0;7.0;47,78737600; -3,27091300;
202300049711.0;3;87;87085;2;1;1.0;6.0;45,81782000;1,28842000;
202300049712.0;1;75;75116;2;1;1.0;2.0;48,85846300;2,22728000;
202300049713.0;1;69;69034;2;1;1.0;3.0;45,81214000;4,84673000;
202300049714.0;1;87;87085;2;1;2.0;6.0;45,88953000;1,29077000;
202300049715.0;2;971;97120;2;1;8.0;7.0;16,24143000; -61,53784000;
202300049716.0;1;59;59350;1;1;1.0;6.0;50,65764500;2,97584500;
202300049717.0;1;86;86007;1;1;1.0;2.0;46,86981400;0,52233100;
202300049718.0;1;56;56083;1;1;1.0;2.0;47,78844000; -3,27633000;
202300049719.0;5;75;75114;2;2;1.0;3.0;48,82959600;2,32842600;
202300049720.0;1;28;28015;1;1;1.0;7.0;48,50035600;1,76518900;
202300049721.0;5;95;95585;2;2;1.0;3.0;48,98435000;2,38710000;
202300049722.0;1;83;83137;2;1;1.0;2.0;43,12145800;5,94154200;
202300049723.0;3;988;98821;1;4;8.0;6.0; -22,16365000;166,38413100;
202300049724.0;1;56;56083;2;1;1.0;2.0;47,80132000; -3,29845000;
202300049725.0;1;95;95046;1;1;1.0;6.0;49,13410629;1,83129479;
202300049726.0;1;87;87085;2;1;1.0;6.0;45,85226000;1,25464000;
202300049727.0;1;80;80021;2;9;1.0;6.0;49,89986000;2,31342000;
202300049728.0;1;54;54482;2;2;1.0;3.0;48,70170000;6,19956000;
202300049729.0;5;91;91129;2;1;1.0;2.0;48,47979800;2,32078200;
202300049730.0;5;971;97111;1;1;1.0;6.0;16,29053500; -61,78857900;
202300049731.0;1;87;87075;1;3;1.0;3.0;45,78269000;1,20235000;
202300049732.0;1;2B;2B296;1;1;1.0;6.0;42,58456000;8,91969100;
202300049733.0;1;66;66115;1;1;9.0;3.0;42,51885376;2,89167076;
202300049734.0;1;54;54580;2;3;1.0;6.0;49,47118251;5,93083620;
202300049735.0;1;87;87085;2;2;1.0;3.0;45,83446000;1,26932000;
202300049736.0;1;77;77288;2;1;1.0;6.0;48,54830500;2,67083000;
202300049737.0;5;75;75108;2;2;1.0;3.0;48,87415400;2,29891600;
202300049738.0;1;51;51454;2;1;1.0;7.0;49,24569000;4,03024300;
202300049739.0;1;34;34327;1;1;1.0;1.0;43,67316400;3,95709500;
202300049740.0;1;87;87085;2;2;1.0;7.0;45,83608000;1,25061000;
202300049741.0;1;66;66069;1;3;1.0;3.0;42,80101400;2,84659600;
202300049742.0;1;50;50066;1;6;1.0;3.0;48,80937000; -1,53693000;
202300049743.0;1;75;75116;2;3;1.0;6.0;48,85008400;2,27642300;
202300049744.0;1;77;77449;2;9;2.0;7.0;48,85161000;2,77808000;
202300049745.0;1;52;52269;1;1;1.0;7.0;47,83578400;5,34974100;
202300049746.0;5;34;34057;2;2;1.0;3.0;43,63203000;3,89613900;
202300049747.0;1;87;87085;2;1;1.0;6.0;45,88157000;1,29524000;
202300049748.0;5;50;50129;2;1;1.0;1.0;49,64174000; -1,62149000;
202300049749.0;1;84;84065;1;1;1.0;1.0;43,75205200;5,29986800;
202300049750.0;2;83;83071;1;1;1.0;6.0;43,15357100;6,22645900;
202300049751.0;5;94;94073;2;9;1.0;3.0;48,76685000;2,40374200;
202300049752.0;1;50;50129;2;3;1.0;2.0;49,64213000; -1,62237000;
202300049753.0;1;77;77058;2;3;2.0;3.0;48,83198200;2,69886800;
202300049754.0;1;87;87085;2;3;1.0;6.0;45,81484000;1,22268000;
202300049755.0;1;68;68004;2;3;1.0;3.0;47,62560000;7,24063400;
202300049756.0;5;83;83069;2;1;1.0;6.0;43,12621400;6,19387500;
202300049757.0;1;50;50129;2;1;1.0;2.0;49,63931000; -1,63930000;
202300049758.0;5;94;94017;2;1;1.0;2.0;48,80716800;2,52579200;
202300049759.0;1;77;77186;1;1;1.0;1.0;48,41151000;2,66467000;
202300049760.0;5;57;57474;2;1;1.0;3.0;49,26044600;6,15783700;
202300049761.0;2;13;13014;1;2;1.0;1.0;43,52008500;5,19936000;
202300049762.0;1;49;49007;2;1;1.0;3.0;47,48740000; -0,55673000;
202300049763.0;5;93;93005;2;9;1.0;1.0;48,92966735;2,50964240;
202300049764.0;1;77;77131;1;1;3.0;3.0;48,81612000;3,11228000;
202300049765.0;1;83;83050;2;1;1.0;1.0;43,52691000;6,43850000;
202300049766.0;4;57;57032;1;1;1.0;1.0;49,08766800;6,03799600;
202300049767.0;3;49;49007;2;1;1.0;6.0;47,47710000; -0,53164000;
202300049768.0;1;13;13041;1;1;1.0;2.0;43,44791200;5,44669300;
202300049769.0;5;73;73015;2;1;1.0;6.0;45,39701600;6,57524500;
202300049770.0;1;81;81060;2;1;1.0;3.0;44,05614000;2,16427000;
202300049771.0;2;93;93046;2;5;1.0;3.0;48,92254000;2,52442000;
202300049772.0;1;49;49007;2;1;1.0;6.0;47,44978000; -0,56345000;
202300049773.0;3;03;03298;1;1;8.0;6.0;46,32430000;3,37160000;
202300049774.0;5;42;42094;2;1;1.0;1.0;45,75366800;4,22245100;
202300049775.0;1;45;45234;2;6;2.0;3.0;47,82892017;1,93641543;
202300049776.0;1;76;76351;2;6;2.0;3.0;49,49617600;0,10783200;
202300049777.0;5;92;92078;2;1;1.0;2.0;48,93560000;2,33547000;
202300049778.0;5;74;74280;2;1;8.0;6.0;45,87108200;6,32340400;
202300049779.0;1;78;78335;1;1;1.0;5.0;48,98601000;1,73123000;
202300049780.0;1;26;26313;2;1;1.0;6.0;44,96988880;4,95365381;
202300049781.0;1;33;33268;2;3;1.0;3.0;45,03984000; -0,67683900;
202300049782.0;1;42;42207;2;2;1.0;3.0;45,47317000;4,51630000;
202300049783.0;1;60;60137;1;2;3.0;3.0;49,43568500;2,52769200;
202300049784.0;3;50;50492;1;1;1.0;6.0;49,08103800; -1,01985100;
202300049785.0;1;42;42330;2;1;1.0;6.0;45,46652000;4,35065000;
202300049786.0;1;76;76351;2;4;2.0;5.0;49,50342000;0,17963000;
202300049787.0;1;31;31048;1;1;1.0;6.0;43,44921900;1,62869100;
202300049788.0;1;56;56023;2;1;2.0;7.0;47,72288800; -3,00468600;
202300049789.0;3;01;01333;1;1;1.0;1.0;45,91865100;4,94540300;
202300049790.0;1;77;77067;1;1;1.0;1.0;48,56049000;2,59623000;
202300049791.0;1;42;42044;2;1;8.0;5.0;45,40026000;4,35358000;
202300049792.0;1;35;35072;1;4;1.0;3.0;48,25491564; -1,17964491;
202300049793.0;1;22;22242;1;1;1.0;2.0;48,62138287; -2,40095615;
202300049794.0;1;73;73269;1;1;8.0;6.0;45,67285100;5,77741400;
202300049795.0;4;76;76351;1;1;1.0;4.0;49,50275000;0,18954000;
202300049796.0;1;41;41018;2;1;2.0;7.0;47,57134000;1,32488000;
202300049797.0;1;84;84088;1;1;2.0;7.0;44,00074900;5,01378400;
202300049798.0;1;77;77186;1;2;7.0;3.0;48,48082000;2,66682000;
202300049799.0;3;69;69294;1;1;1.0;5.0;45,62936000;4,81746000;
202300049800.0;5;95;95487;2;1;3.0;6.0;49,14541900;2,28348800;
202300049801.0;1;76;76349;1;3;1.0;2.0;49,90008000;1,05120000;
202300049802.0;1;60;60213;1;1;1.0;1.0;49,11857245;2,68707657;
202300049803.0;1;77;77131;1;1;1.0;2.0;48,79745000;3,09482000;
202300049804.0;3;91;91560;1;1;1.0;6.0;48,66706000;2,19177000;
202300049805.0;2;38;38544;2;3;1.0;3.0;45,50940000;4,85500000;
202300049806.0;3;95;95529;2;1;1.0;6.0;49,17070600;2,21125600;
202300049807.0;3;60;60160;1;1;1.0;7.0;49,59089300;2,73366500;
202300049808.0;3;29;29181;1;1;1.0;7.0;48,48832652; -4,24142317;
202300049809.0;1;76;76217;2;5;1.0;6.0;49,92752000;1,08789000;
202300049810.0;5;37;37214;2;1;1.0;2.0;47,41011000;0,67866000;
202300049811.0;1;91;91161;1;1;1.0;4.0;48,69894000;2,31261000;
202300049812.0;1;02;02381;1;1;1.0;6.0;49,94282800;4,08707500;
202300049813.0;5;974;97410;2;6;1.0;1.0; -21,04731100;55,71709900;
202300049814.0;1;76;76231;1;1;2.0;1.0;49,27100000;0,99700000;
202300049815.0;5;92;92062;1;1;9.0;7.0;48,89302103;2,23481680;
202300049816.0;2;74;74012;2;5;1.0;3.0;46,19040000;6,23443000;
202300049817.0;5;34;34172;2;1;1.0;3.0;43,61003000;3,83876000;
202300049818.0;5;80;80442;1;1;1.0;7.0;49,74056800;2,97701600;
202300049819.0;1;30;30334;2;1;1.0;6.0;44,01207700;4,41601000;
202300049820.0;1;93;93005;1;1;1.0;3.0;48,95880000;2,47330000;
202300049821.0;1;69;69256;2;2;1.0;3.0;45,76460000;4,91931000;
202300049822.0;1;74;74012;2;4;1.0;2.0;46,18759000;6,23253000;
202300049823.0;1;31;31203;2;1;1.0;6.0;43,51283500;1,32411800;
202300049824.0;1;988;98818;2;1;1.0;6.0; -22,22977000;166,49042000;
202300049825.0;1;34;34172;2;1;1.0;4.0;43,60297000;3,88733000;
202300049826.0;1;72;72181;2;1;1.0;2.0;48,01005000;0,17125000;
202300049827.0;1;69;69290;2;5;1.0;3.0;45,69383000;4,92315000;
202300049828.0;5;974;97411;1;1;1.0;2.0; -20,90085000;55,49259000;
202300049829.0;1;79;79355;1;1;2.0;4.0;46,31009600; -0,37753700;
202300049830.0;1;13;13215;1;1;1.0;3.0;43,37771000;5,35766000;
202300049831.0;3;34;34336;1;6;1.0;3.0;43,32004000;3,29336000;
202300049832.0;1;06;06136;1;1;1.0;1.0;43,85885400;7,44276500;
202300049833.0;1;72;72181;2;1;1.0;2.0;48,00469000;0,18722000;
202300049834.0;5;973;97302;1;6;2.0;3.0;4,89673000; -52,32841000;
202300049835.0;1;33;33140;1;1;2.0;6.0;44,78257400; -0,32209000;
202300049836.0;5;69;69199;1;1;1.0;3.0;45,70257000;4,84491000;
202300049837.0;1;34;34003;2;1;1.0;3.0;43,29926000;3,47837000;
202300049838.0;1;06;06079;2;1;1.0;6.0;43,54285900;6,94224500;
202300049839.0;2;67;67482;2;1;1.0;2.0;48,57810000;7,70354000;
202300049840.0;1;973;97302;2;1;1.0;2.0;4,93040000; -52,31416000;
202300049841.0;1;72;72181;2;1;1.0;3.0;48,02010000;0,16227000;
202300049842.0;1;61;61294;2;3;2.0;3.0;48,64182700;0,08410800;
202300049843.0;3;05;05084;1;1;1.0;6.0;44,55388800;6,24221900;
202300049844.0;3;33;33249;1;1;1.0;4.0;44,87987000; -0,53659000;
202300049845.0;2;33;33063;2;1;1.0;3.0;44,85119000; -0,56072000;
202300049846.0;1;973;97302;2;1;1.0;6.0;4,93406238; -52,31926364;
202300049847.0;1;63;63103;2;9;1.0;3.0;45,91910000;3,07986000;
202300049848.0;1;72;72181;2;3;1.0;2.0;47,96927000;0,20108000;
202300049849.0;2;68;68384;2;3;2.0;6.0;47,69848400;7,30575800;
202300049850.0;2;50;50419;1;3;1.0;3.0;48,96046900; -1,47439200;
202300049851.0;1;69;69388;2;2;8.0;3.0;45,73710000;4,85024000;
202300049852.0;5;59;59350;1;1;1.0;6.0;50,62009600;3,08337800;
202300049853.0;3;71;71497;1;1;1.0;6.0;46,34981341;4,84947547;
202300049854.0;3;25;25436;1;1;2.0;6.0;47,33435800;6,55458900;
202300049855.0;1;33;33063;2;3;1.0;5.0;44,86697000; -0,57323000;
202300049856.0;1;972;97209;2;1;1.0;3.0;14,60473350; -61,06447680;
202300049857.0;1;33;33487;1;1;1.0;4.0;44,95409000; -0,45589000;
202300049858.0;1;57;57491;2;1;1.0;7.0;49,25126000;6,03502000;
202300049859.0;1;69;69286;2;1;1.0;3.0;45,81725692;4,89735976;
202300049860.0;1;33;33318;2;1;1.0;6.0;44,81348238; -0,61259910;
202300049861.0;1;971;97120;2;2;1.0;6.0;16,24112000; -61,53602000;
202300049862.0;1;57;57283;2;1;1.0;6.0;49,25025000;6,16006000;
202300049863.0;3;73;73124;1;1;1.0;6.0;45,64942000;6,34271600;
202300049864.0;1;29;29269;1;1;3.0;7.0;47,94906068; -3,62635686;
202300049865.0;1;69;69275;2;1;8.0;7.0;45,75969000;4,96872000;
202300049866.0;1;33;33192;1;1;1.0;3.0;44,78742000; -0,59805000;
202300049867.0;1;33;33192;2;1;1.0;2.0;44,77959000; -0,61213000;
202300049868.0;1;95;95197;2;1;3.0;2.0;48,96880400;2,31501600;
202300049869.0;1;10;10317;1;1;1.0;6.0;47,98947044;4,33289027;
202300049870.0;1;69;69256;2;1;1.0;6.0;45,78645791;4,91223708;
202300049871.0;1;54;54263;1;1;1.0;3.0;49,21032000;5,99512000;
202300049872.0;1;04;04094;1;1;1.0;1.0;43,75205500;5,80436500;
202300049873.0;1;33;33063;2;2;1.0;3.0;44,82539000; -0,58920000;
202300049874.0;3;33;33366;1;1;1.0;4.0;44,98296000; -0,42853000;
202300049875.0;2;01;01350;1;1;1.0;5.0;46,26407300;5,28034700;
202300049876.0;1;69;69264;2;1;1.0;6.0;45,98565000;4,72767000;
202300049877.0;3;95;95127;2;2;6.0;3.0;49,04573200;2,07138700;
202300049878.0;2;85;85164;2;6;1.0;6.0;46,83021000; -2,13142700;
202300049879.0;3;62;62637;1;1;1.0;6.0;50,46417300;2,97512800;
202300049880.0;5;33;33063;2;1;1.0;6.0;44,82946000; -0,55520000;
202300049881.0;1;51;51454;2;2;1.0;3.0;49,25284000;4,04929000;
202300049882.0;1;69;69259;2;1;1.0;1.0;45,72695000;4,86073000;
202300049883.0;3;54;54363;2;1;1.0;1.0;49,37005398;5,82374096;
202300049884.0;1;91;91201;2;2;1.0;3.0;48,68354200;2,43206100;
202300049885.0;3;87;87191;1;1;1.0;3.0;45,75289700;1,05889300;
202300049886.0;5;07;07313;2;1;8.0;6.0;45,31953938;4,76400554;
202300049887.0;2;78;78208;1;1;2.0;3.0;48,79960300;1,98372500;
202300049888.0;3;31;31555;2;1;1.0;3.0;43,64792000;1,42203000;
202300049889.0;1;51;51055;2;9;1.0;3.0;49,27475000;4,05753000;
202300049890.0;1;91;91286;2;1;1.0;6.0;48,65288000;2,38521000;
202300049891.0;1;83;83061;1;9;1.0;3.0;43,41882660;6,70322156;
202300049892.0;1;69;69290;2;2;3.0;3.0;45,69516000;4,93103000;
202300049893.0;3;72;72031;1;1;1.0;6.0;48,07794753;0,48315883;
202300049894.0;3;07;07157;1;1;2.0;6.0;44,61781400;4,73446400;
202300049895.0;5;49;49007;2;1;1.0;7.0;47,44881000; -0,55977000;
202300049896.0;1;85;85112;1;1;8.0;6.0;46,55044000; -1,76464100;
202300049897.0;3;93;93007;1;1;1.0;2.0;48,94353000;2,43618000;
202300049898.0;1;77;77058;2;1;1.0;3.0;48,83962241;2,72118207;
202300049899.0;1;28;28134;1;6;1.0;3.0;48,74457000;1,34686000;
202300049900.0;3;53;53276;1;1;2.0;6.0;48,14899400; -0,25676300;
202300049901.0;2;06;06085;1;1;1.0;2.0;43,58202960;7,01441450;
202300049902.0;1;67;67482;2;3;1.0;3.0;48,56355000;7,71192000;
202300049903.0;1;45;45234;2;1;1.0;6.0;47,83900000;1,93079000;
202300049904.0;2;76;76540;2;6;1.0;6.0;49,43097000;1,07900000;
202300049905.0;1;27;27681;2;1;1.0;6.0;49,10000000;1,47247000;
202300049906.0;1;95;95241;1;1;2.0;2.0;49,04671000;2,43817000;
202300049907.0;1;31;31349;1;1;1.0;6.0;43,22561500;1,05566400;
202300049908.0;1;85;85191;2;2;1.0;3.0;46,67296900; -1,42368400;
202300049909.0;3;44;44184;1;1;1.0;6.0;47,28607400; -2,25079100;
202300049910.0;3;57;57333;1;1;1.0;1.0;48,74889100;7,13289200;
202300049911.0;1;67;67267;2;3;1.0;3.0;48,55985000;7,67867000;
202300049912.0;1;76;76351;2;2;1.0;3.0;49,51384800;0,17601500;
202300049913.0;1;27;27229;2;1;1.0;2.0;49,03163000;1,15239000;
202300049914.0;1;78;78418;1;6;1.0;7.0;48,91581900;2,14307200;
202300049915.0;1;95;95219;1;1;8.0;3.0;48,98936690;2,24385774;
202300049916.0;1;72;72386;1;6;1.0;7.0;48,00972700;0,30631600;