Num_Acc;lum;departement;commune;agglomeration;intersection;meteo;type_collision;lat;long;date
202300049917.0;1;42;42095;2;2;1.0;2.0;45,38371000;4,29072000;
202300049918.0;1;31;31187;2;1;1.0;3.0;43,53111100;1,22025500;
202300049919.0;1;72;72181;2;1;1.0;1.0;47,98257000;0,23072000;
202300049920.0;3;95;95060;1;1;1.0;6.0;49,04241798;2,18856615;
202300049921.0;1;67;67482;2;3;8.0;3.0;48,55444000;7,76624000;
202300049922.0;1;27;27229;2;2;1.0;2.0;49,02763000;1,14404000;
202300049923.0;1;71;71076;2;1;1.0;6.0;46,78000000;4,84000000;
202300049924.0;1;60;60142;2;6;1.0;3.0;49,10041500;2,52868500;
202300049925.0;1;67;67043;2;1;1.0;6.0;48,61743242;7,73383319;
202300049926.0;3;84;84014;1;1;1.0;2.0;43,71626400;5,73647300;
202300049927.0;1;38;38151;2;3;1.0;3.0;45,15056000;5,71287000;
202300049928.0;3;77;77495;1;1;1.0;6.0;48,55936000;2,61849000;
202300049929.0;1;95;95018;1;1;1.0;5.0;48,95083853;2,27990658;
202300049930.0;5;69;69266;2;6;1.0;3.0;45,75994000;4,87588000;
202300049931.0;5;25;25204;2;1;2.0;6.0;46,92326000;6,33973000;
202300049932.0;1;988;98831;1;1;1.0;7.0; -21,05334400;164,71213800;
202300049933.0;1;67;67482;2;3;2.0;6.0;48,57282000;7,79452000;
202300049934.0;1;69;69092;1;1;1.0;6.0;45,98079000;4,66559000;
202300049935.0;3;72;72096;1;1;1.0;2.0;48,03137418; -0,00057578;
202300049936.0;4;77;77249;1;1;8.0;7.0;48,73321171;2,61033847;
202300049937.0;1;35;35238;1;1;1.0;4.0;48,08375000; -1,64242000;
202300049938.0;1;19;19031;2;3;1.0;2.0;45,15357000;1,53904000;
202300049939.0;1;67;67267;2;1;1.0;6.0;48,55585000;7,67995000;
202300049940.0;1;69;69290;2;1;1.0;3.0;45,70648896;4,91197482;
202300049941.0;3;06;06155;1;9;2.0;6.0;43,60335300;7,06203100;
202300049942.0;1;77;77046;1;2;1.0;3.0;48,26078400;2,44399700;
202300049943.0;1;76;76384;2;1;1.0;6.0;49,52947000;0,54623000;
202300049944.0;1;34;34003;2;9;1.0;3.0;43,31094200;3,47076700;
202300049945.0;1;68;68056;1;1;6.0;6.0;47,71979400;7,34320700;
202300049946.0;1;34;34301;2;3;1.0;1.0;43,41294000;3,68395000;
202300049947.0;2;17;17415;2;1;7.0;6.0;45,74665400; -0,62354200;
202300049948.0;1;31;31506;2;1;1.0;6.0;43,55616697;1,52438790;
202300049949.0;5;74;74012;2;2;1.0;6.0;46,19780000;6,23860000;
202300049950.0;2;84;84097;2;1;1.0;3.0;44,36395000;4,91117300;
202300049951.0;1;16;16166;1;6;1.0;6.0;45,66877000;0,22097000;
202300049952.0;1;64;64284;2;1;2.0;4.0;43,28090000; -0,38595000;
202300049953.0;1;33;33522;2;1;1.0;2.0;44,82505579; -0,58983386;
202300049954.0;1;67;67365;2;3;1.0;3.0;48,54961000;7,71005000;
202300049955.0;5;31;31555;2;1;1.0;6.0;43,60179000;1,41105000;
202300049956.0;2;52;52353;2;1;1.0;7.0;48,03580600;5,34173200;
202300049957.0;1;11;11262;1;1;2.0;1.0;43,16160100;3,14498700;
202300049958.0;1;74;74298;1;1;1.0;1.0;46,16805000;6,27125000;
202300049959.0;1;32;32013;2;9;7.0;6.0;43,64863480;0,58349311;
202300049960.0;1;92;92024;2;1;1.0;6.0;48,90361520;2,32041800;
202300049961.0;1;64;64445;1;1;2.0;2.0;43,32157000; -0,31225000;
202300049962.0;5;66;66136;2;1;1.0;1.0;42,69422000;2,89000000;
202300049963.0;3;60;60541;1;1;1.0;6.0;49,28960497;2,69172335;
202300049964.0;1;72;72181;2;9;1.0;3.0;48,01320000;0,17460000;
202300049965.0;5;13;13054;2;3;2.0;3.0;43,40879000;5,22561000;
202300049966.0;3;73;73211;1;4;1.0;6.0;45,71880029;6,49562627;
202300049967.0;1;64;64445;2;1;1.0;6.0;43,30752000; -0,35127000;
202300049968.0;1;71;71306;1;1;1.0;6.0;46,67585000;4,36429000;
202300049969.0;1;30;30007;2;1;1.0;1.0;44,12010000;4,08940000;
202300049970.0;1;974;97403;2;1;1.0;6.0; -21,24979700;55,47172000;
202300049971.0;1;64;64445;2;4;8.0;6.0;43,29468400; -0,36415100;
202300049972.0;1;71;71497;1;1;1.0;2.0;46,33916000;4,84685000;
202300049973.0;5;13;13208;2;1;2.0;6.0;43,26229000;5,37558000;
202300049974.0;1;69;69225;1;4;1.0;3.0;45,87442500;4,41096800;
202300049975.0;1;64;64024;2;9;2.0;6.0;43,48080000; -1,51327000;
202300049976.0;2;06;06030;2;1;1.0;6.0;43,56656000;6,99151000;
202300049977.0;1;28;28218;2;1;7.0;3.0;48,43422000;1,45762000;
202300049978.0;1;973;97305;1;1;1.0;1.0;4,96403500; -52,43541600;
202300049979.0;1;64;64348;2;1;7.0;2.0;43,32518000; -0,38302000;
202300049980.0;1;13;13203;2;1;1.0;2.0;43,31265000;5,38528000;
202300049981.0;1;64;64102;2;1;2.0;6.0;43,48329000; -1,48331000;
202300049982.0;1;66;66136;2;1;1.0;6.0;42,70161000;2,89058000;
202300049983.0;1;83;83129;2;1;7.0;6.0;43,09224000;5,84124000;
202300049984.0;5;69;69143;2;1;3.0;1.0;45,88784454;4,82965521;
202300049985.0;1;64;64102;2;1;1.0;3.0;43,48632000; -1,46527000;
202300049986.0;2;19;19275;1;1;1.0;6.0;45,51868438;2,30167866;
202300049987.0;1;64;64102;2;6;1.0;3.0;43,49109000; -1,45415000;
202300049988.0;1;64;64445;2;1;1.0;2.0;43,30242000; -0,37979000;
202300049989.0;1;13;13204;2;1;1.0;5.0;43,31608000;5,39406000;
202300049990.0;1;974;97416;2;1;1.0;6.0; -21,33550000;55,47327000;
202300049991.0;1;17;17415;1;1;1.0;2.0;45,72539000; -0,64586000;
202300049992.0;1;64;64102;2;1;1.0;3.0;43,49365194; -1,47583187;
202300049993.0;1;73;73023;1;3;1.0;3.0;45,22512900;6,73522000;
202300049994.0;1;65;65059;2;3;1.0;3.0;43,07400200;0,14341200;
202300049995.0;1;64;64102;2;1;1.0;6.0;43,49396000; -1,48357000;
202300049996.0;1;62;62666;2;1;1.0;3.0;50,47013025;2,87518823;
202300049997.0;1;06;06029;2;1;1.0;6.0;43,55884000;7,01693000;
202300049998.0;1;13;13209;2;4;1.0;1.0;43,24257000;5,40637000;
202300049999.0;1;62;62193;1;1;1.0;6.0;50,94444000;1,90500000;
202300050000.0;3;26;26039;1;1;1.0;3.0;45,04240200;5,13310400;
202300050001.0;1;64;64102;2;1;1.0;2.0;43,48717000; -1,48557000;
202300050002.0;1;33;33273;1;1;1.0;6.0;44,84393800; -0,76450500;
202300050003.0;4;974;97411;2;4;1.0;3.0; -20,88624000;55,43993000;
202300050004.0;1;64;64102;2;2;1.0;3.0;43,49399000; -1,45297000;
202300050005.0;3;11;11069;2;1;1.0;7.0;43,23260000;2,35090000;
202300050006.0;1;63;63063;1;1;1.0;3.0;45,84558000;3,11364000;
202300050007.0;1;26;26064;2;4;2.0;6.0;44,89983100;5,01925000;
202300050008.0;1;61;61169;2;6;1.0;6.0;48,73004100; -0,57914800;
202300050009.0;3;85;85226;1;1;1.0;6.0;46,76357900; -2,02947300;
202300050010.0;1;75;75116;2;1;1.0;4.0;48,86988700;2,27151000;
202300050011.0;1;64;64102;2;1;1.0;3.0;43,49313000; -1,46605000;
202300050012.0;1;973;97302;2;1;1.0;3.0;4,93695377; -52,31492043;
202300050013.0;1;10;10333;2;1;1.0;2.0;48,26754000;4,04009000;
202300050014.0;1;59;59508;2;9;1.0;6.0;50,74331000;3,13209000;
202300050015.0;1;63;63014;1;1;1.0;3.0;45,74322000;3,13860000;
202300050016.0;1;62;62215;2;2;1.0;1.0;50,47296000;2,92410000;
202300050017.0;5;01;01027;2;3;9.0;1.0;45,84928257;5,11008292;
202300050018.0;1;75;75119;2;1;1.0;4.0;48,89721300;2,39435400;
202300050019.0;3;85;85003;1;1;1.0;6.0;46,76040000; -1,64445200;
202300050020.0;1;972;97213;1;1;1.0;6.0;14,62198000; -60,99070000;
202300050021.0;1;63;63014;2;3;1.0;2.0;45,75450000;3,13028000;
202300050022.0;1;62;62178;2;1;1.0;6.0;50,49421000;2,52684000;
202300050023.0;1;07;07281;1;1;3.0;5.0;44,94270000;4,85435000;
202300050024.0;1;69;69176;2;1;1.0;6.0;45,67819254;4,69053441;
202300050025.0;1;61;61001;2;2;8.0;7.0;48,42793000;0,07509000;
202300050026.0;1;75;75115;2;2;1.0;1.0;48,84723300;2,27917500;
202300050027.0;1;972;97209;2;1;1.0;2.0;14,61699000; -61,04824000;
202300050028.0;1;07;07281;1;1;1.0;7.0;44,95219000;4,82322000;
202300050029.0;1;65;65338;2;1;1.0;3.0;43,13115100;0,17528800;
202300050030.0;1;59;59350;2;1;2.0;1.0;50,62728000;3,03659000;
202300050031.0;2;59;59350;2;1;2.0;3.0;50,61774000;3,06444000;
202300050032.0;1;69;69290;1;1;1.0;4.0;45,70188000;4,96909000;
202300050033.0;1;06;06088;2;9;1.0;6.0;43,69927000;7,23873000;
202300050034.0;1;972;97209;1;1;1.0;1.0;14,60669000; -61,06824000;
202300050035.0;3;86;86062;2;9;9.0;6.0;46,65084800;0,36385100;
202300050036.0;1;75;75118;2;2;1.0;3.0;48,89754200;2,34468300;
202300050037.0;1;59;59009;2;3;2.0;6.0;50,63537000;3,12151000;
202300050038.0;1;69;69290;1;1;1.0;6.0;45,70430117;4,96405363;
202300050039.0;5;62;62119;2;9;1.0;6.0;50,51363995;2,64870751;
202300050040.0;1;33;33324;2;1;1.0;1.0;44,84212400;0,23150100;
202300050041.0;1;59;59206;1;2;2.0;3.0;50,18951000;3,27691000;
202300050042.0;1;69;69385;2;1;1.0;2.0;45,75025000;4,79103000;
202300050043.0;1;06;06030;2;3;1.0;6.0;43,56849180;7,02460250;
202300050044.0;1;75;75120;2;2;1.0;3.0;48,86496500;2,39554500;
202300050045.0;2;57;57630;2;3;3.0;6.0;48,73747000;7,05757000;
202300050046.0;1;91;91103;1;1;1.0;3.0;48,62484000;2,30411000;
202300050047.0;2;33;33366;1;1;9.0;3.0;44,98356600; -0,41012300;
202300050048.0;1;69;69382;2;1;1.0;3.0;45,75810000;4,83702000;
202300050049.0;1;05;05061;2;1;1.0;2.0;44,53662599;6,05227310;
202300050050.0;1;61;61001;2;2;1.0;2.0;48,42670000;0,07640000;
202300050051.0;1;57;57463;2;1;1.0;4.0;49,11918738;6,23455991;
202300050052.0;1;33;33151;1;1;8.0;6.0;45,25362900; -0,43712500;
202300050053.0;1;54;54304;2;6;1.0;3.0;48,67731117;6,15634400;
202300050054.0;5;75;75116;2;2;1.0;3.0;48,87492500;2,27111200;
202300050055.0;3;91;91421;1;1;1.0;3.0;48,71669000;2,44263000;
202300050056.0;3;05;05023;2;1;2.0;6.0;44,90378000;6,63587000;
202300050057.0;1;59;59426;1;9;1.0;6.0;50,75244000;3,14034000;
202300050058.0;1;54;54395;2;2;1.0;3.0;48,68222000;6,17791000;
202300050059.0;1;91;91687;1;1;1.0;5.0;48,66310000;2,36714000;
202300050060.0;1;60;60668;1;3;8.0;3.0;49,49266800;2,08828200;
202300050061.0;2;75;75114;2;2;1.0;2.0;48,83195200;2,34114300;
202300050062.0;2;54;54395;2;2;3.0;6.0;48,69100000;6,17510000;
202300050063.0;1;02;02408;2;1;1.0;6.0;49,56976000;3,62573000;
202300050064.0;1;86;86157;1;1;1.0;2.0;46,53651200;0,42598800;
202300050065.0;1;59;59512;2;2;1.0;1.0;50,70712700;3,16932200;
202300050066.0;1;54;54395;2;2;1.0;3.0;48,67479107;6,18046403;
202300050067.0;1;94;94003;1;1;1.0;2.0;48,80389457;2,34203660;
202300050068.0;3;80;80521;1;1;1.0;2.0;49,99438800;2,87515600;
202300050069.0;1;59;59368;2;9;1.0;6.0;50,65774000;3,06404000;
202300050070.0;1;75;75110;2;3;1.0;2.0;48,87257100;2,37621300;
202300050071.0;1;82;82121;2;1;7.0;3.0;43,99696000;1,33481000;
202300050072.0;1;52;52121;2;1;1.0;3.0;48,10866000;5,14062000;
202300050073.0;1;51;51493;1;6;8.0;2.0;49,22768285;4,09964919;
202300050074.0;5;13;13202;1;1;1.0;6.0;43,29529299;5,36313740;
202300050075.0;3;92;92025;1;1;1.0;2.0;48,93542176;2,26058310;
202300050076.0;1;75;75117;2;4;1.0;2.0;48,88342500;2,28417200;
202300050077.0;1;75;75108;2;1;1.0;6.0;48,87229100;2,30170700;
202300050078.0;1;59;59155;2;1;1.0;2.0;51,00618600;2,38933100;
202300050079.0;1;51;51454;2;6;3.0;7.0;49,27451672;4,03329939;
202300050080.0;5;13;13213;1;1;1.0;6.0;43,32944942;5,41358829;
202300050081.0;1;75;75114;2;3;1.0;7.0;48,83339000;2,31227000;
202300050082.0;1;59;59183;2;9;1.0;3.0;51,03026600;2,33678900;
202300050083.0;1;78;78531;1;1;1.0;4.0;48,98834300;1,65703300;
202300050084.0;1;51;51454;2;1;2.0;4.0;49,27248000;4,06344000;
202300050085.0;5;75;75119;2;1;1.0;6.0;48,89997000;2,38647000;
202300050086.0;5;83;83137;1;1;1.0;6.0;43,12666174;5,89016331;
202300050087.0;1;75;75115;2;3;1.0;7.0;48,83500000;2,26613000;
202300050088.0;1;50;50129;2;1;1.0;6.0;49,64733000; -1,64645000;
202300050089.0;1;54;54395;2;1;1.0;4.0;48,67799000;6,20865000;
202300050090.0;1;75;75102;2;7;1.0;7.0;48,87031500;2,33270400;
202300050091.0;3;77;77237;1;1;1.0;3.0;48,84359000;2,77620000;
202300050092.0;1;49;49007;2;2;1.0;3.0;47,46751000; -0,55583000;
202300050093.0;1;83;83137;1;1;1.0;4.0;43,12231793;5,95611165;
202300050094.0;3;78;78140;1;1;1.0;5.0;48,96564400;1,92368100;
202300050095.0;1;75;75112;2;2;1.0;4.0;48,83866923;2,37572908;
202300050096.0;1;54;54051;1;2;1.0;3.0;49,17608000;5,96825000;
202300050097.0;1;74;74012;2;1;1.0;6.0;46,19559000;6,25151000;
202300050098.0;1;75;75101;2;2;1.0;6.0;48,86197800;2,35017500;
202300050099.0;3;69;69029;1;1;1.0;6.0;45,73045000;4,89926000;
202300050100.0;1;49;49007;2;1;1.0;2.0;47,47135000; -0,52615000;
202300050101.0;2;78;78238;1;1;1.0;2.0;48,96969800;1,86739100;
202300050102.0;1;49;49267;2;6;1.0;7.0;47,46929000; -0,51951000;
202300050103.0;1;51;51454;2;2;1.0;7.0;49,21277000;4,02774000;
202300050104.0;3;69;69228;1;1;1.0;6.0;45,54283000;4,65620000;
202300050105.0;5;71;71306;2;1;1.0;3.0;46,66563043;4,36633721;
202300050106.0;1;75;75105;2;2;1.0;3.0;48,84959700;2,34482500;
202300050107.0;3;33;33143;1;1;1.0;2.0;44,96588851; -0,43908298;
202300050108.0;5;75;75104;2;2;1.0;2.0;48,85080900;2,36143200;
202300050109.0;1;49;49007;2;2;1.0;2.0;47,48205000; -0,52238000;
202300050110.0;3;92;92019;1;1;1.0;4.0;48,77621518;2,23316898;
202300050111.0;1;51;51344;1;3;1.0;3.0;49,06910000;3,93196000;
202300050112.0;1;69;69286;2;4;1.0;2.0;45,81893000;4,89368000;
202300050113.0;3;91;91377;1;1;1.0;2.0;48,72500000;2,30000000;
202300050114.0;1;75;75120;2;3;8.0;2.0;48,86793000;2,38662400;
202300050115.0;1;94;94028;2;1;1.0;2.0;48,78714100;2,45042600;
202300050116.0;1;78;78640;1;1;1.0;2.0;48,78058900;2,22271400;
202300050117.0;5;50;50129;2;1;1.0;6.0;49,60747000; -1,59948000;
202300050118.0;1;95;95365;1;1;4.0;6.0;49,06770069;2,39703848;
202300050119.0;1;69;69256;2;1;1.0;6.0;45,75896045;4,92315069;
202300050120.0;1;47;47001;2;2;8.0;3.0;44,19900000;0,62130000;
202300050121.0;1;94;94068;2;1;1.0;6.0;48,78827207;2,48804571;
202300050122.0;5;75;75120;2;2;1.0;7.0;48,86171800;2,40018800;
202300050123.0;1;93;93027;1;1;1.0;3.0;48,92703000;2,40560000;
202300050124.0;1;49;49007;2;2;1.0;6.0;47,47333000; -0,54572000;
202300050125.0;1;69;69290;1;1;1.0;6.0;45,71939000;4,95482000;
202300050126.0;1;43;43089;2;1;8.0;6.0;45,04151000;3,87159000;
202300050127.0;1;94;94016;2;9;1.0;6.0;48,78998147;2,32635176;
202300050128.0;3;93;93048;1;1;1.0;6.0;48,86639922;2,48162801;
202300050129.0;1;75;75118;2;2;1.0;6.0;48,89946700;2,34409100;
202300050130.0;3;93;93027;1;1;1.0;2.0;48,92521284;2,39306196;
202300050131.0;1;41;41295;1;1;1.0;4.0;47,58682000;1,36311000;
202300050132.0;1;94;94028;2;1;1.0;6.0;48,77865240;2,46480846;
202300050133.0;1;66;66136;2;3;1.0;3.0;42,69885000;2,87771100;
202300050134.0;1;94;94079;1;1;1.0;2.0;48,83524880;2,53824913;
202300050135.0;1;75;75118;2;2;1.0;6.0;48,89872500;2,37036900;
202300050136.0;1;25;25427;2;1;1.0;1.0;47,26909600;5,87823800;
202300050137.0;5;42;42218;2;2;1.0;3.0;45,44509000;4,36611000;
202300050138.0;1;94;94022;2;5;1.0;3.0;48,75496000;2,41180000;
202300050139.0;1;38;38185;2;6;1.0;3.0;45,15907000;5,73420000;
202300050140.0;1;77;77442;2;1;1.0;1.0;48,42527800;2,76091500;
202300050141.0;1;66;66136;2;1;1.0;2.0;42,67756000;2,90520000;
202300050142.0;3;972;97213;2;1;1.0;6.0;14,61649000; -61,03714000;
202300050143.0;1;75;75117;2;2;1.0;3.0;48,88753000;2,30749100;
202300050144.0;1;93;93059;2;1;1.0;7.0;48,96441000;2,36617000;
202300050145.0;2;55;55544;1;1;1.0;6.0;49,50569532;5,45061350;
202300050146.0;1;37;37233;2;2;1.0;3.0;47,38835000;0,72297000;
202300050147.0;1;42;42099;1;4;1.0;3.0;45,39529587;4,26312608;
202300050148.0;1;93;93064;2;1;1.0;6.0;48,87301927;2,47055114;
202300050149.0;5;972;97209;1;1;1.0;1.0;14,63593000; -61,05595000;
202300050150.0;1;75;75117;2;7;1.0;6.0;48,88486000;2,29791400;
202300050151.0;5;59;59599;2;2;1.0;3.0;50,70980525;3,15289646;
202300050152.0;1;988;98818;2;3;1.0;6.0; -22,26182000;166,44514000;
202300050153.0;5;2B;2B033;2;6;6.0;6.0;42,67151000;9,44257000;
202300050154.0;2;93;93048;2;1;1.0;3.0;48,85642580;2,43596836;
202300050155.0;1;75;75117;2;1;8.0;6.0;48,88811300;2,29631500;
202300050156.0;1;974;97416;1;1;1.0;7.0; -21,33616000;55,51948000;
202300050157.0;1;37;37208;2;9;1.0;3.0;47,36829000;0,73828000;
202300050158.0;1;38;38151;2;2;3.0;3.0;45,15189000;5,70700000;
202300050159.0;5;59;59350;2;1;1.0;6.0;50,62624000;3,06964000;
202300050160.0;1;973;97302;2;1;1.0;7.0;4,93649000; -52,30739000;
202300050161.0;1;93;93079;2;1;1.0;2.0;48,95348270;2,33622935;
202300050162.0;5;75;75107;2;2;1.0;3.0;48,86259000;2,31902400;
202300050163.0;5;35;35238;2;1;1.0;1.0;48,12455097; -1,66660935;
202300050164.0;1;56;56260;2;6;1.0;6.0;47,66294000; -2,76219000;
202300050165.0;1;38;38185;2;1;1.0;3.0;45,18269000;5,72194000;
202300050166.0;3;2B;2B037;1;1;1.0;4.0;42,61570000;9,43748000;
202300050167.0;2;973;97302;2;1;1.0;7.0;4,90941000; -52,32161000;
202300050168.0;1;93;93029;2;1;1.0;6.0;48,92445031;2,43731898;
202300050169.0;5;2A;2A004;2;1;1.0;;41,91800000;8,73700000;
202300050170.0;1;35;35278;1;1;1.0;2.0;48,15352000; -1,70126000;
202300050171.0;1;93;93013;2;1;1.0;6.0;48,93017285;2,42083857;
202300050172.0;5;54;54184;2;1;1.0;3.0;48,70794600;6,24437500;
202300050173.0;1;37;37261;2;1;8.0;3.0;47,38949000;0,66814000;
202300050174.0;1;69;69388;2;8;1.0;3.0;45,73121000;4,86619000;
202300050175.0;1;75;75115;2;3;1.0;2.0;48,84471300;2,31881500;
202300050176.0;1;34;34301;2;1;1.0;6.0;43,41212000;3,68697000;
202300050177.0;1;37;37214;2;1;2.0;2.0;47,39727000;0,66539000;
202300050178.0;1;54;54138;1;1;1.0;2.0;49,53555000;5,75676000;
202300050179.0;5;69;69383;2;9;1.0;6.0;45,75707000;4,85468000;
202300050180.0;1;93;93001;2;2;1.0;3.0;48,90359223;2,39184420;
202300050181.0;1;34;34032;1;1;1.0;3.0;43,31381000;3,17883000;
202300050182.0;1;75;75115;2;1;1.0;2.0;48,83075800;2,27679900;
202300050183.0;1;95;95277;2;1;1.0;7.0;48,98471000;2,45912000;
202300050184.0;1;37;37122;2;2;3.0;3.0;47,35562946;0,69869399;
202300050185.0;1;972;97209;1;1;1.0;2.0;14,61179000; -61,07856000;
202300050186.0;1;92;92051;2;3;1.0;3.0;48,88736539;2,25701550;
202300050187.0;1;75;75114;2;7;1.0;6.0;48,83744500;2,31815500;
202300050188.0;2;91;91549;2;1;1.0;6.0;48,63495000;2,34586000;
202300050189.0;1;35;35051;1;6;2.0;2.0;48,10229910; -1,61021054;
202300050190.0;1;31;31555;2;1;1.0;3.0;43,62258153;1,43694788;
202300050191.0;5;69;69382;2;2;1.0;6.0;45,75646000;4,83337000;
202300050192.0;1;92;92012;2;1;1.0;3.0;48,83353239;2,24362627;
202300050193.0;5;91;91549;2;3;1.0;3.0;48,64529000;2,32874200;
202300050194.0;2;69;69389;2;1;1.0;2.0;45,79749000;4,82946000;
202300050195.0;1;35;35278;1;2;2.0;3.0;48,16259000; -1,68389000;
202300050196.0;1;51;51454;2;6;1.0;6.0;49,22874432;4,03671116;
202300050197.0;1;75;75112;2;3;1.0;3.0;48,82985400;2,46106100;
202300050198.0;1;29;29232;2;2;1.0;1.0;47,97880000; -4,10188000;
202300050199.0;1;39;39329;1;1;1.0;7.0;46,78806900;6,04524900;
202300050200.0;5;91;91027;2;1;1.0;2.0;48,71999000;2,40229000;
202300050201.0;2;69;69389;2;2;1.0;3.0;45,77359000;4,79521000;
202300050202.0;1;35;35238;1;1;1.0;2.0;48,08218000; -1,64604000;
202300050203.0;1;51;51431;2;9;1.0;6.0;49,02436434;3,94409448;
202300050204.0;1;78;78650;2;6;1.0;1.0;48,90187100;2,13770200;
202300050205.0;3;971;97101;2;9;1.0;3.0;16,28793000; -61,49485000;
202300050206.0;2;35;35126;2;2;1.0;7.0;47,97069600; -1,79616300;
202300050207.0;1;75;75112;2;2;1.0;6.0;48,84429700;2,41015900;
202300050208.0;1;50;50129;2;1;1.0;2.0;49,64498000; -1,63610000;
202300050209.0;1;2A;2A004;2;1;1.0;6.0;41,94095000;8,75597000;
202300050210.0;1;78;78650;2;1;1.0;1.0;48,88588000;2,14464000;
202300050211.0;1;33;33063;1;9;2.0;4.0;44,87621000; -0,56407000;
202300050212.0;1;17;17306;1;1;3.0;4.0;45,64076000; -1,03324000;
202300050213.0;1;22;22209;2;3;1.0;3.0;48,57268500; -2,13743600;
202300050214.0;1;75;75112;2;3;1.0;3.0;48,83819600;2,40843800;
202300050215.0;1;49;49007;2;1;1.0;6.0;47,47713000; -0,57542000;
202300050216.0;1;29;29019;2;1;1.0;5.0;48,39101000; -4,48749000;
202300050217.0;1;17;17300;2;2;1.0;7.0;46,15305000; -1,12366000;
202300050218.0;1;95;95018;2;2;1.0;6.0;48,93986600;2,22828600;
202300050219.0;1;68;68044;2;1;1.0;2.0;48,16996000;7,12612000;
202300050220.0;1;13;13117;2;1;1.0;6.0;43,44312000;5,25251000;
202300050221.0;1;37;37261;2;7;1.0;6.0;47,39741000;0,68602000;
202300050222.0;3;75;75109;2;3;1.0;6.0;48,88024300;2,34291500;
202300050223.0;1;91;91421;1;1;1.0;1.0;48,69011000;2,46168000;
202300050224.0;3;77;77284;2;1;8.0;1.0;48,95556200;2,88999300;
202300050225.0;1;51;51599;1;1;1.0;3.0;49,09264200;4,27215800;
202300050226.0;1;37;37214;2;1;1.0;6.0;47,41715000;0,65038000;
202300050227.0;1;13;13209;1;1;8.0;1.0;43,24256000;5,45273000;
202300050228.0;1;60;60279;1;1;1.0;6.0;49,20898125;2,94225454;
202300050229.0;4;76;76540;1;1;1.0;2.0;49,43882500;1,11696400;
202300050230.0;2;91;91114;2;1;1.0;3.0;48,68949000;2,48290000;
202300050231.0;1;13;13211;2;9;1.0;2.0;43,29778896;5,47916609;
202300050232.0;1;34;34259;1;1;1.0;6.0;43,62897800;3,77356300;
202300050233.0;1;35;35238;2;3;2.0;3.0;48,08701000; -1,66107000;
202300050234.0;5;73;73011;2;1;3.0;6.0;45,67091380;6,39139776;
202300050235.0;1;75;75108;2;7;1.0;7.0;48,87563900;2,31891500;
202300050236.0;1;91;91691;2;6;1.0;2.0;48,72327900;2,49909900;
202300050237.0;1;13;13209;2;1;1.0;3.0;43,24965000;5,44782000;
202300050238.0;1;62;62767;2;1;1.0;6.0;50,38178900;2,33618700;
202300050239.0;5;34;34301;2;1;1.0;6.0;43,41157000;3,69179000;
202300050240.0;5;72;72181;2;1;9.0;7.0;48,02490226;0,17341018;
202300050241.0;1;87;87085;2;3;1.0;7.0;45,81655000;1,24795000;
202300050242.0;1;12;12089;1;1;2.0;1.0;44,58400000;2,24700000;
202300050243.0;1;26;26198;1;1;1.0;3.0;44,55883465;4,72959157;
202300050244.0;1;56;56156;1;1;1.0;1.0;48,03533900; -3,21448800;
202300050245.0;1;75;75108;2;2;1.0;6.0;48,88085100;2,31256500;
202300050246.0;5;33;33162;2;3;1.0;3.0;44,88943000; -0,63120000;
202300050247.0;1;11;11069;1;1;1.0;2.0;43,23007712;2,34273888;
202300050248.0;5;56;56240;2;6;2.0;7.0;47,52201050; -2,76813090;
202300050249.0;1;25;25056;2;1;2.0;6.0;47,22061000;5,97845000;
202300050250.0;1;80;80021;2;1;1.0;3.0;49,89089000;2,27681000;
202300050251.0;1;32;32013;2;6;1.0;7.0;43,63866000;0,59330000;
202300050252.0;5;63;63113;2;6;4.0;3.0;45,79306000;3,09592000;
202300050253.0;1;11;11069;2;1;2.0;6.0;43,21190000;2,34640000;
202300050254.0;1;25;25056;2;8;1.0;6.0;47,22192300;5,96735200;
202300050255.0;1;75;75107;2;2;1.0;3.0;48,85793900;2,31518200;
202300050256.0;1;56;56067;1;1;1.0;6.0;47,73933800; -2,86047900;
202300050257.0;1;80;80021;2;1;1.0;3.0;49,87527000;2,27943000;
202300050258.0;1;25;25547;2;1;1.0;6.0;47,51586000;6,83313000;
202300050259.0;1;22;22278;2;1;1.0;7.0;48,51254000; -2,76831000;
202300050260.0;5;59;59512;2;1;1.0;2.0;50,70386000;3,18104000;
202300050261.0;1;10;10387;2;1;1.0;3.0;48,29528000;4,09366000;
202300050262.0;1;80;80021;2;1;1.0;3.0;49,91119000;2,32500000;
202300050263.0;5;75;75107;2;2;1.0;6.0;48,85873200;2,30323000;
202300050264.0;1;82;82112;1;1;1.0;1.0;44,12707800;1,15432600;
202300050265.0;1;18;18033;2;1;1.0;6.0;47,08448000;2,39576000;