Num_Acc;lum;departement;commune;agglomeration;intersection;meteo;type_collision;lat;long;date
202300050266.0;5;59;59360;2;1;8.0;6.0;50,61450300;3,01308800;
202300050267.0;1;06;06155;2;9;1.0;6.0;43,57494800;7,05631400;
202300050268.0;1;14;14118;2;3;1.0;2.0;49,17826100; -0,36221400;
202300050269.0;4;82;82079;1;1;1.0;6.0;43,94152500;1,35553500;
202300050270.0;1;17;17415;2;1;2.0;3.0;45,74607300; -0,63051300;
202300050271.0;5;78;78403;2;2;1.0;1.0;48,99825000;1,88304000;
202300050272.0;1;02;02722;2;6;1.0;2.0;49,39285900;3,33836600;
202300050273.0;5;75;75102;2;5;1.0;3.0;48,86954680;2,33152628;
202300050274.0;1;59;59350;2;1;1.0;3.0;50,63645000;3,05077000;
202300050275.0;1;78;78498;2;1;1.0;6.0;48,92946000;2,04309000;
202300050276.0;1;49;49228;2;1;1.0;1.0;47,59228000;0,04906300;
202300050277.0;1;13;13117;1;1;1.0;2.0;43,44070578;5,24770879;
202300050278.0;1;75;75117;2;1;1.0;3.0;48,89556200;2,30769100;
202300050279.0;1;17;17380;1;2;1.0;4.0;45,65717100; -1,12053300;
202300050280.0;1;75;75101;2;2;8.0;2.0;48,86007000;2,34908800;
202300050281.0;5;59;59350;2;2;1.0;3.0;50,62437000;3,06974000;
202300050282.0;1;13;13001;2;1;1.0;6.0;43,53101000;5,41669000;
202300050283.0;2;46;46173;1;1;1.0;1.0;44,38403900;1,75873500;
202300050284.0;1;75;75118;2;1;1.0;2.0;48,90093500;2,33854200;
202300050285.0;1;15;15012;2;1;1.0;3.0;44,91064000;2,45702000;
202300050286.0;5;75;75102;2;2;1.0;3.0;48,86626000;2,35255000;
202300050287.0;1;77;77132;1;1;1.0;4.0;48,88296000;2,79975000;
202300050288.0;5;75;75116;2;1;1.0;6.0;48,87583800;2,27359800;
202300050289.0;1;12;12176;2;1;1.0;3.0;44,36284000;2,61681000;
202300050290.0;5;54;54578;2;1;1.0;3.0;48,67447800;6,15109400;
202300050291.0;1;47;47214;1;1;1.0;3.0;44,33554400;0,24982100;
202300050292.0;1;15;15014;2;2;7.0;6.0;44,91400600;2,43201700;
202300050293.0;5;76;76351;2;1;1.0;1.0;49,50385599;0,17815590;
202300050294.0;1;54;54099;2;6;1.0;7.0;49,25428000;5,93616900;
202300050295.0;1;75;75101;2;2;1.0;3.0;48,85851400;2,34824100;
202300050296.0;1;41;41256;1;1;1.0;6.0;47,30918000;2,00820200;
202300050297.0;1;11;11069;2;1;1.0;2.0;43,20733000;2,38025000;
202300050298.0;1;75;75119;2;3;1.0;1.0;48,88930400;2,37129300;
202300050299.0;1;75;75101;2;7;1.0;6.0;48,86010900;2,33329600;
202300050300.0;5;76;76351;2;2;1.0;7.0;49,50228000;0,09719000;
202300050301.0;5;51;51454;2;3;1.0;6.0;49,23954000;4,03844000;
202300050302.0;1;14;14243;2;1;2.0;1.0;49,39889000;0,21722600;
202300050303.0;1;11;11069;2;1;1.0;3.0;43,20787000;2,31206000;
202300050304.0;1;25;25060;2;2;1.0;1.0;46,96094300;6,26905700;
202300050305.0;1;75;75119;2;3;1.0;3.0;48,88514000;2,37939700;
202300050306.0;5;07;07102;1;9;1.0;6.0;44,93386000;4,85909000;
202300050307.0;1;94;94080;2;1;1.0;2.0;48,84849000;2,45442000;
202300050308.0;1;14;14333;2;1;2.0;2.0;49,41396000;0,23921000;
202300050309.0;1;76;76305;1;2;1.0;6.0;49,48771400;0,19622400;
202300050310.0;2;25;25228;2;1;1.0;3.0;47,50948300;6,84937500;
202300050311.0;1;75;75117;2;1;1.0;6.0;48,88507100;2,31450800;
202300050312.0;1;01;01289;2;1;7.0;6.0;46,18226000;5,20549000;
202300050313.0;5;72;72181;2;9;1.0;1.0;47,97139000;0,21355000;
202300050314.0;1;13;13211;2;3;1.0;3.0;43,30120000;5,52339000;
202300050315.0;1;94;94052;2;2;8.0;3.0;48,83550000;2,49406000;
202300050316.0;4;47;47031;1;1;5.0;7.0;44,17382210;0,63440466;
202300050317.0;5;75;75115;2;7;8.0;2.0;48,84716100;2,31207100;
202300050318.0;2;72;72181;2;1;1.0;3.0;47,96339000;0,22129000;
202300050319.0;1;13;13208;2;1;1.0;3.0;43,23498000;5,36023000;
202300050320.0;3;44;44023;1;1;1.0;6.0;47,41617800; -1,89304200;
202300050321.0;1;94;94058;2;1;1.0;3.0;48,85113000;2,49501000;
202300050322.0;1;976;97611;2;1;1.0;2.0; -12,81204000;45,20289000;
202300050323.0;1;29;29277;1;1;1.0;7.0;48,40939995; -4,04927132;
202300050324.0;1;75;75114;2;2;1.0;3.0;48,83361200;2,32580400;
202300050325.0;1;72;72181;2;9;1.0;2.0;48,00305000;0,19459000;
202300050326.0;1;13;13215;2;1;1.0;3.0;43,32638215;5,36096292;
202300050327.0;1;94;94016;2;1;1.0;3.0;48,79627000;2,33113000;
202300050328.0;1;974;97416;2;1;1.0;5.0; -21,34022000;55,49317000;
202300050329.0;1;71;71076;2;1;1.0;6.0;46,78620143;4,84400143;
202300050330.0;1;29;29176;1;1;1.0;1.0;48,14159200; -4,23065900;
202300050331.0;5;13;13212;2;9;1.0;3.0;43,30393837;5,43549806;
202300050332.0;1;75;75113;2;7;1.0;7.0;48,84367700;2,36554100;
202300050333.0;1;94;94021;2;1;1.0;6.0;48,76224130;2,34958935;
202300050334.0;2;13;13209;2;1;2.0;1.0;43,24055366;5,45863612;
202300050335.0;1;69;69264;2;1;1.0;2.0;45,99797000;4,71076000;
202300050336.0;1;973;97302;2;4;1.0;3.0;4,92543357; -52,30851799;
202300050337.0;5;75;75112;2;3;1.0;3.0;48,84961100;2,37427500;
202300050338.0;1;29;29072;2;2;1.0;3.0;47,79725100; -4,27870800;
202300050339.0;1;94;94028;2;1;1.0;2.0;48,77678000;2,44135000;
202300050340.0;1;13;13212;2;1;2.0;2.0;43,30609952;5,41954703;
202300050341.0;1;973;97302;2;3;1.0;3.0;4,91749856; -52,31287122;
202300050342.0;1;02;02810;1;1;1.0;6.0;49,21304900;3,10383100;
202300050343.0;1;69;69290;2;6;1.0;3.0;45,71680000;4,95810000;
202300050344.0;1;75;75111;2;4;1.0;3.0;48,85450500;2,37804400;
202300050345.0;1;13;13205;2;3;1.0;3.0;43,29040000;5,39983000;
202300050346.0;1;972;97209;2;1;1.0;1.0;14,62489000; -61,05083000;
202300050347.0;1;94;94011;2;9;8.0;3.0;48,76272000;2,47860000;
202300050348.0;1;75;75111;2;1;1.0;3.0;48,86006300;2,37627100;
202300050349.0;1;69;69290;2;1;1.0;1.0;45,70804000;4,91796000;
202300050350.0;1;50;50003;2;2;3.0;3.0;49,04621900; -1,59362600;
202300050351.0;5;69;69385;2;2;1.0;3.0;45,75674000;4,78296000;
202300050352.0;1;75;75110;2;2;1.0;6.0;48,87227500;2,35592100;
202300050353.0;2;94;94017;2;3;1.0;2.0;48,82409000;2,49803000;
202300050354.0;1;69;69081;2;2;1.0;6.0;45,77454000;4,77881000;
202300050355.0;1;50;50410;2;1;1.0;2.0;48,55273300; -1,51229400;
202300050356.0;1;75;75109;2;2;1.0;1.0;48,87435600;2,33815300;
202300050357.0;1;94;94002;2;2;1.0;3.0;48,81026274;2,41694967;
202300050358.0;1;2A;2A004;2;3;1.0;3.0;41,93537000;8,73632000;
202300050359.0;1;67;67447;2;3;1.0;1.0;48,60317176;7,75679559;
202300050360.0;1;50;50436;1;2;1.0;2.0;48,65380000; -0,99513200;
202300050361.0;1;75;75108;2;7;1.0;3.0;48,86424400;2,30147800;
202300050362.0;3;93;93070;2;9;1.0;6.0;48,91251342;2,33733156;
202300050363.0;1;60;60277;2;1;1.0;7.0;49,42446100;2,02062600;
202300050364.0;1;2A;2A004;2;1;1.0;4.0;41,92496000;8,73893000;
202300050365.0;1;67;67482;2;8;1.0;6.0;48,54918000;7,74156000;
202300050366.0;5;75;75108;2;3;1.0;3.0;48,86777900;2,31396000;
202300050367.0;1;64;64233;2;1;1.0;7.0;43,55718300; -0,28557500;
202300050368.0;1;93;93064;2;9;1.0;6.0;48,88070740;2,47723024;
202300050369.0;1;07;07204;1;1;1.0;6.0;45,03473000;4,42879900;
202300050370.0;1;75;75107;2;2;1.0;1.0;48,84696700;2,31680600;
202300050371.0;1;91;91477;2;1;1.0;5.0;48,71306000;2,24441400;
202300050372.0;1;67;67447;2;1;1.0;3.0;48,61000000;7,73900000;
202300050373.0;1;21;21332;2;1;1.0;7.0;47,00381300;5,09216300;
202300050374.0;1;64;64130;1;1;1.0;7.0;43,34066000; -1,72919000;
202300050375.0;1;75;75103;2;2;1.0;6.0;48,86932600;2,35427300;
202300050376.0;1;85;85234;2;1;1.0;1.0;46,77263600; -2,03051500;
202300050377.0;1;91;91479;2;2;1.0;1.0;48,70870000;2,36657000;
202300050378.0;1;94;94081;2;1;1.0;6.0;48,79102201;2,39398205;
202300050379.0;1;91;91589;2;1;1.0;6.0;48,70053000;2,35306000;
202300050380.0;3;37;37014;1;1;1.0;6.0;47,26882426;0,43359518;
202300050381.0;2;91;91027;2;1;1.0;3.0;48,70895100;2,38632000;
202300050382.0;1;974;97418;2;6;1.0;1.0; -20,89654900;55,54393500;
202300050383.0;2;94;94080;2;5;1.0;3.0;48,84463000;2,43884000;
202300050384.0;1;37;37050;2;2;1.0;3.0;47,34437500;0,70240900;
202300050385.0;1;64;64284;2;6;1.0;2.0;43,28656400; -0,38942300;
202300050386.0;1;87;87085;2;1;1.0;7.0;45,85616000;1,25927000;
202300050387.0;5;2B;2B311;2;3;1.0;3.0;42,35567800;9,53116500;
202300050388.0;1;94;94046;2;5;1.0;3.0;48,80571000;2,44080000;
202300050389.0;1;08;08116;2;1;1.0;1.0;49,51159600;4,77235200;
202300050390.0;1;78;78029;2;2;1.0;3.0;48,95470400;1,85835000;
202300050391.0;1;06;06128;2;1;1.0;2.0;43,69811700;7,11665600;
202300050392.0;1;94;94043;2;1;1.0;7.0;48,80929000;2,36478000;
202300050393.0;1;64;64335;1;6;2.0;3.0;43,32088000; -0,42319000;
202300050394.0;1;08;08222;2;3;2.0;3.0;50,00419100;4,70414900;
202300050395.0;1;89;89438;1;2;1.0;3.0;47,80311700;3,66757800;
202300050396.0;1;77;77445;2;1;1.0;1.0;48,58692000;2,59193000;
202300050397.0;1;67;67463;1;1;1.0;2.0;48,89158400;8,08040100;
202300050398.0;1;07;07324;2;1;1.0;6.0;45,06056100;4,83695900;
202300050399.0;1;94;94022;2;1;1.0;3.0;48,76370000;2,41043000;
202300050400.0;1;64;64102;2;3;1.0;3.0;43,49508000; -1,47852300;
202300050401.0;3;01;01185;1;1;1.0;1.0;45,99184100;5,59754000;
202300050402.0;4;35;35206;1;6;1.0;3.0;48,04454300; -1,66500800;
202300050403.0;2;77;77186;1;2;1.0;3.0;48,37269000;2,64328000;
202300050404.0;1;94;94060;2;1;1.0;6.0;48,78006531;2,57738426;
202300050405.0;1;63;63300;1;1;1.0;6.0;45,88043000;3,12960000;
202300050406.0;1;94;94047;2;1;1.0;6.0;48,70107100;2,53852600;
202300050407.0;2;22;22026;1;2;2.0;1.0;48,40475500; -2,04165200;
202300050408.0;3;76;76497;1;1;1.0;2.0;49,37529400;1,04690500;
202300050409.0;3;62;62224;2;1;1.0;6.0;50,54006000;2,58039000;
202300050410.0;5;60;60612;2;3;2.0;6.0;49,20783400;2,58780600;
202300050411.0;1;11;11048;1;1;1.0;2.0;43,16852700;2,81507500;
202300050412.0;3;76;76498;1;1;1.0;4.0;49,43382000;1,06336000;
202300050413.0;3;60;60575;2;1;1.0;6.0;49,28538000;2,20802700;
202300050414.0;5;72;72181;2;1;1.0;3.0;48,01150000;0,22890000;
202300050415.0;1;62;62193;2;1;1.0;5.0;50,93820000;1,85126000;
202300050416.0;1;987;98729;1;3;1.0;2.0; -17,57700000; -150,20200000;
202300050417.0;1;93;93064;2;1;1.0;4.0;48,87725025;2,49919921;
202300050418.0;4;69;69282;2;3;1.0;6.0;45,76526000;4,99624000;
202300050419.0;2;13;13211;1;1;1.0;6.0;43,28687300;5,43528900;
202300050420.0;1;78;78231;1;1;1.0;1.0;48,95083700;1,64802900;
202300050421.0;1;93;93055;2;2;1.0;3.0;48,89153670;2,41658811;
202300050422.0;3;61;61169;2;1;1.0;6.0;48,73990600; -0,58961000;
202300050423.0;1;38;38449;1;1;2.0;2.0;45,64965000;5,11604000;
202300050424.0;2;69;69290;2;2;1.0;3.0;45,70176000;4,91771000;
202300050425.0;1;2B;2B316;1;1;1.0;3.0;42,60639400;8,93007200;
202300050426.0;1;93;93051;2;1;1.0;1.0;48,83660000;2,58243000;
202300050427.0;5;33;33249;1;1;1.0;2.0;44,87505500; -0,50766300;
202300050428.0;1;30;30258;1;1;1.0;1.0;43,71301400;4,42167500;
202300050429.0;3;92;92019;1;1;1.0;7.0;48,76639308;2,24466420;
202300050430.0;1;69;69259;2;2;1.0;3.0;45,70313000;4,88751000;
202300050431.0;1;93;93050;2;1;1.0;2.0;48,85423679;2,51995584;
202300050432.0;1;67;67218;2;1;1.0;7.0;48,51402000;7,72381000;
202300050433.0;3;78;78423;1;1;1.0;2.0;48,79424000;2,05000000;
202300050434.0;1;60;60057;2;2;1.0;3.0;49,42404000;2,08441000;
202300050435.0;2;34;34199;1;2;1.0;1.0;43,47503400;3,44434300;
202300050436.0;5;93;93032;2;7;1.0;3.0;48,88292771;2,52654765;
202300050437.0;5;65;65440;2;6;1.0;3.0;43,23777790;0,04211900;
202300050438.0;1;78;78206;1;1;1.0;4.0;48,94940000;1,94491000;
202300050439.0;1;93;93029;2;3;1.0;6.0;48,92137951;2,44883940;
202300050440.0;1;83;83115;2;3;1.0;1.0;43,30672400;6,64577900;
202300050441.0;1;64;64445;2;2;1.0;3.0;43,31473000; -0,35445000;
202300050442.0;1;59;59599;2;1;1.0;1.0;50,74237000;3,17873000;
202300050443.0;2;95;95351;1;1;2.0;4.0;49,03815718;2,48489880;
202300050444.0;1;64;64122;2;1;1.0;1.0;43,47697000; -1,54760000;
202300050445.0;1;93;93027;2;1;1.0;3.0;48,92764054;2,39664763;
202300050446.0;3;94;94065;1;1;1.0;3.0;48,75415800;2,35146500;
202300050447.0;1;83;83099;2;3;1.0;1.0;43,45560600;6,69885500;
202300050448.0;1;59;59350;2;1;1.0;6.0;50,64450000;2,97546000;
202300050449.0;2;06;06128;1;1;1.0;6.0;43,67972100;7,12880200;
202300050450.0;1;93;93013;1;6;1.0;2.0;48,94340000;2,43298000;
202300050451.0;1;59;59295;2;6;1.0;3.0;50,73190438;2,52879471;
202300050452.0;1;988;98818;2;2;1.0;3.0; -22,26879000;166,44058000;
202300050453.0;1;13;13004;1;1;1.0;2.0;43,64429000;4,70296400;
202300050454.0;5;54;54547;2;1;5.0;2.0;48,66552000;6,16798000;
202300050455.0;1;59;59350;2;6;1.0;6.0;50,60789505;3,03861710;
202300050456.0;2;93;93027;2;3;1.0;3.0;48,93084000;2,38266000;
202300050457.0;5;988;98818;2;2;1.0;6.0; -22,24798000;166,46295000;
202300050458.0;1;26;26179;1;1;1.0;6.0;45,06987600;4,86933600;
202300050459.0;1;974;97407;1;9;1.0;2.0; -20,94370000;55,32626000;
202300050460.0;1;93;93046;2;3;1.0;3.0;48,90419429;2,52179816;
202300050461.0;1;51;51055;1;3;1.0;7.0;49,27136000;4,04497000;
202300050462.0;1;58;58194;2;6;1.0;3.0;46,98710000;3,16171000;
202300050463.0;1;973;97302;1;1;2.0;3.0;4,92087104; -52,33034313;
202300050464.0;2;93;93010;2;1;1.0;6.0;48,89817922;2,49013469;
202300050465.0;1;49;49007;2;1;1.0;2.0;47,44466000; -0,53582000;
202300050466.0;5;69;69387;2;2;1.0;3.0;45,74831000;4,84495000;
202300050467.0;1;56;56260;1;1;1.0;2.0;47,66431000; -2,71963000;
202300050468.0;5;45;45068;2;1;1.0;1.0;48,03198000;2,74378000;
202300050469.0;1;93;93007;2;1;7.0;6.0;48,93871616;2,45816035;
202300050470.0;1;68;68040;1;1;1.0;7.0;47,81485800;7,05511100;
202300050471.0;1;69;69387;2;3;2.0;6.0;45,74561000;4,83783000;
202300050472.0;1;45;45208;2;3;1.0;6.0;48,00272000;2,73987000;
202300050473.0;1;972;97213;2;1;1.0;6.0;14,61821000; -60,99934000;
202300050474.0;1;93;93005;2;9;1.0;3.0;48,95261968;2,49760589;
202300050475.0;1;88;88136;1;1;1.0;3.0;48,23216300;6,45077700;
202300050476.0;1;54;54395;2;2;1.0;6.0;48,68958000;6,19374000;
202300050477.0;1;37;37261;2;1;1.0;6.0;47,39291000;0,67052000;
202300050478.0;5;972;97213;2;9;2.0;2.0;14,62107000; -61,01993000;
202300050479.0;1;92;92046;2;3;1.0;3.0;48,81726000;2,29461000;
202300050480.0;1;35;35051;1;1;1.0;7.0;48,14489000; -1,61915000;
202300050481.0;1;73;73256;1;1;1.0;1.0;45,19938200;6,46168600;
202300050482.0;3;972;97209;2;1;1.0;6.0;14,61234000; -61,05294000;
202300050483.0;1;42;42261;1;1;1.0;7.0;45,73414900;4,35032300;
202300050484.0;1;92;92064;1;1;1.0;2.0;48,84419100;2,22043800;
202300050485.0;1;972;97209;1;1;2.0;6.0;14,61022000; -61,08467000;
202300050486.0;1;54;54382;2;4;1.0;3.0;49,54080000;5,78788000;
202300050487.0;5;35;35238;2;2;1.0;3.0;48,09808000; -1,65597000;
202300050488.0;1;17;17219;2;2;1.0;6.0;45,82275100; -1,10521000;
202300050489.0;1;69;69152;2;3;2.0;3.0;45,70617000;4,81524000;
202300050490.0;2;92;92063;2;2;1.0;3.0;48,86887284;2,20365644;
202300050491.0;5;31;31555;2;1;1.0;2.0;43,60990000;1,37374000;
202300050492.0;5;69;69389;2;1;2.0;6.0;45,79112000;4,80163000;
202300050493.0;1;85;85113;2;2;1.0;3.0;46,71680700; -2,36126400;
202300050494.0;5;50;50129;2;2;1.0;2.0;49,63945000; -1,63287000;
202300050495.0;2;2B;2B033;2;1;1.0;6.0;42,71027000;9,45480000;
202300050496.0;1;92;92051;2;2;1.0;3.0;48,88971000;2,27662000;
202300050497.0;1;31;31555;2;6;1.0;5.0;43,56797000;1,37641000;
202300050498.0;1;80;80442;1;1;1.0;2.0;49,74639800;2,96321900;
202300050499.0;1;92;92012;2;1;1.0;3.0;48,83142965;2,23231941;
202300050500.0;1;971;97107;1;3;1.0;3.0;16,03262000; -61,57134000;
202300050501.0;1;92;92004;2;1;1.0;6.0;48,92034000;2,28852000;
202300050502.0;5;59;59051;2;2;1.0;3.0;50,53606500;2,80648600;
202300050503.0;5;30;30007;2;6;1.0;1.0;44,12129808;4,09256816;
202300050504.0;5;87;87085;2;1;2.0;2.0;45,84834000;1,27170000;
202300050505.0;1;50;50129;2;3;1.0;3.0;49,63552000; -1,63192000;
202300050506.0;1;29;29232;2;6;1.0;6.0;48,01219600; -4,07760600;
202300050507.0;1;92;92002;2;6;1.0;6.0;48,76915000;2,30639000;
202300050508.0;2;83;83069;2;9;1.0;3.0;43,12235000;6,11013000;
202300050509.0;3;83;83035;1;1;1.0;7.0;43,16400000;5,76700000;
202300050510.0;5;78;78314;2;1;2.0;6.0;48,98793500;1,79903000;
202300050511.0;1;27;27701;1;6;5.0;3.0;49,24096600;1,18761600;
202300050512.0;1;49;49007;2;2;1.0;3.0;47,47218000; -0,54064000;
202300050513.0;1;38;38160;1;2;1.0;3.0;45,50065100;4,98245500;
202300050514.0;1;33;33013;1;1;1.0;4.0;44,86871000; -0,50189000;
202300050515.0;5;17;17300;2;1;1.0;7.0;46,16696000; -1,19359000;
202300050516.0;5;45;45284;2;1;1.0;3.0;47,90343000;1,93229000;
202300050517.0;1;14;14059;2;1;1.0;6.0;49,34502300;0,04209800;
202300050518.0;1;86;86128;2;2;1.0;3.0;46,81862500;0,33171400;
202300050519.0;1;62;62274;1;1;1.0;3.0;50,43322000;2,97858000;
202300050520.0;5;13;13209;2;1;1.0;7.0;43,26246000;5,41357000;
202300050521.0;1;80;80809;1;1;1.0;6.0;50,00833900;1,69794000;
202300050522.0;1;44;44132;2;1;1.0;6.0;47,26034000; -2,33704000;
202300050523.0;5;77;77132;1;1;2.0;7.0;48,86343100;2,78862900;
202300050524.0;1;91;91064;1;1;1.0;4.0;48,74791000;2,19763000;
202300050525.0;1;68;68366;1;6;7.0;3.0;48,10989200;7,43853000;
202300050526.0;1;43;43089;2;1;1.0;6.0;45,04434000;3,87033000;
202300050527.0;1;13;13212;2;1;1.0;1.0;43,29669000;5,44844000;
202300050528.0;5;73;73008;2;3;1.0;1.0;45,68593409;5,91300890;
202300050529.0;1;42;42008;1;1;1.0;7.0;46,00213400;3,88613500;
202300050530.0;1;94;94021;1;1;1.0;3.0;48,77156700;2,34514085;
202300050531.0;1;13;13207;2;1;1.0;6.0;43,27654431;5,35805270;
202300050532.0;1;41;41018;2;1;1.0;7.0;47,59383000;1,33804000;
202300050533.0;1;13;13001;2;1;1.0;1.0;43,52385000;5,43826000;
202300050534.0;1;91;91228;1;1;1.0;2.0;48,62541000;2,41695000;
202300050535.0;1;59;59653;1;1;7.0;3.0;50,58593300;2,94344200;
202300050536.0;1;72;72181;2;1;2.0;7.0;48,00351000;0,20233000;
202300050537.0;3;12;12013;1;1;1.0;6.0;44,51654000;2,24261000;
202300050538.0;3;41;41171;1;1;1.0;7.0;47,84332000;1,30775900;
202300050539.0;5;72;72181;2;1;2.0;6.0;48,01993000;0,16202000;
202300050540.0;1;91;91174;1;1;1.0;4.0;48,61025000;2,44411000;
202300050541.0;1;41;41295;1;1;1.0;3.0;47,58215000;1,36621000;
202300050542.0;2;75;75112;2;1;1.0;2.0;48,83193400;2,40509200;
202300050543.0;1;72;72181;2;1;1.0;7.0;48,01290000;0,19927000;
202300050544.0;1;57;57382;1;1;1.0;7.0;48,76131700;6,98484800;
202300050545.0;1;72;72181;2;1;1.0;1.0;48,03310000;0,17437000;
202300050546.0;3;91;91689;1;1;1.0;2.0;48,72931000;2,31424000;
202300050547.0;1;75;75120;2;7;1.0;3.0;48,86512800;2,39864500;
202300050548.0;1;56;56036;1;1;1.0;1.0;47,81324100; -3,33508000;
202300050549.0;1;76;76156;1;1;7.0;7.0;49,80792000;0,59696900;
202300050550.0;1;38;38053;2;1;3.0;1.0;45,61063000;5,27353000;
202300050551.0;1;64;64269;1;1;1.0;2.0;43,28573000; -0,32410000;
202300050552.0;4;91;91689;1;1;1.0;7.0;48,72931000;2,31434000;
202300050553.0;5;75;75119;2;2;1.0;3.0;48,89243700;2,37887600;
202300050554.0;1;64;64102;2;1;1.0;2.0;43,48140000; -1,48233000;
202300050555.0;1;92;92064;1;1;1.0;6.0;48,83976303;2,20327874;
202300050556.0;1;2B;2B126;1;1;3.0;3.0;42,18235200;9,37419200;
202300050557.0;5;75;75118;2;2;1.0;3.0;48,89154100;2,34963500;
202300050558.0;5;14;14035;2;1;1.0;6.0;49,18417900; -0,84673600;
202300050559.0;1;37;37122;2;3;1.0;3.0;47,35381000;0,69282000;
202300050560.0;1;64;64102;2;1;1.0;2.0;43,45926000; -1,49567000;
202300050561.0;5;75;75117;2;1;1.0;6.0;48,88361400;2,28994400;
202300050562.0;2;93;93050;2;3;1.0;6.0;48,86555051;2,53147256;
202300050563.0;1;37;37261;2;9;1.0;3.0;47,39622000;0,68402000;
202300050564.0;1;63;63113;2;3;1.0;3.0;45,77004000;3,10814000;
202300050565.0;1;49;49069;1;2;1.0;3.0;47,34066200; -1,22700900;
202300050566.0;1;75;75115;2;3;1.0;3.0;48,84450900;2,30917700;
202300050567.0;1;63;63113;2;1;1.0;6.0;45,79462541;3,11739206;
202300050568.0;1;35;35238;2;1;1.0;3.0;48,11219385; -1,69323295;
202300050569.0;1;59;59599;2;1;2.0;6.0;50,72300600;3,16385000;
202300050570.0;1;49;49218;1;1;1.0;5.0;47,23104400; -1,14815700;
202300050571.0;1;75;75115;2;1;1.0;3.0;48,83258300;2,27922600;
202300050572.0;3;69;69259;2;1;8.0;5.0;45,71702000;4,85513000;
202300050573.0;1;59;59512;2;1;2.0;3.0;50,69476000;3,17880000;
202300050574.0;5;35;35238;2;1;1.0;1.0;48,12301000; -1,70727000;
202300050575.0;2;976;97611;2;1;1.0;7.0; -12,78871000;45,22472000;
202300050576.0;1;75;75114;2;3;1.0;6.0;48,83031400;2,31086900;
202300050577.0;5;59;59365;2;1;2.0;1.0;50,26795242;3,96590821;
202300050578.0;1;49;49345;1;2;1.0;3.0;47,24426000; -0,52854500;
202300050579.0;1;34;34172;1;1;1.0;1.0;43,60761000;3,82094000;
202300050580.0;3;973;97302;2;4;1.0;1.0;4,93367134; -52,32547089;
202300050581.0;1;75;75113;2;2;1.0;3.0;48,82594100;2,34518200;
202300050582.0;3;59;59588;2;9;2.0;2.0;51,02899400;2,42658700;
202300050583.0;1;47;47288;1;1;1.0;1.0;44,25234556;0,72206775;
202300050584.0;2;75;75112;2;1;1.0;3.0;48,83030400;2,45012900;
202300050585.0;1;2B;2B120;1;1;1.0;3.0;42,64217000;9,43969000;
202300050586.0;2;86;86113;1;1;1.0;2.0;46,49067300;0,27413600;
202300050587.0;1;59;59183;2;2;1.0;1.0;51,02050000;2,33217000;
202300050588.0;1;34;34129;2;1;1.0;6.0;43,56899000;3,90513000;
202300050589.0;1;75;75109;2;2;1.0;6.0;48,87828500;2,34496200;
202300050590.0;5;971;97101;1;9;1.0;3.0;16,25200917; -61,48937881;
202300050591.0;5;57;57631;2;1;2.0;6.0;49,11289082;7,06298590;
202300050592.0;1;68;68349;2;3;1.0;3.0;47,60776700;7,57623100;
202300050593.0;1;34;34172;2;1;1.0;6.0;43,60143000;3,86904000;
202300050594.0;1;54;54300;2;1;1.0;6.0;48,65898100;6,22852800;
202300050595.0;5;75;75109;2;3;1.0;3.0;48,86995100;2,32804200;
202300050596.0;1;39;39368;2;1;1.0;6.0;46,52689600;6,02179900;
202300050597.0;1;971;97101;1;4;1.0;6.0;16,29185626; -61,49494171;
202300050598.0;1;54;54274;2;1;8.0;7.0;48,67498000;6,20069000;
202300050599.0;2;75;75108;2;2;1.0;6.0;48,87389600;2,31590600;
202300050600.0;1;39;39434;1;6;1.0;3.0;46,83693000;5,68920100;
202300050601.0;5;34;34032;2;1;1.0;2.0;43,34371000;3,22634000;
202300050602.0;2;54;54395;2;3;2.0;6.0;48,68593462;6,19309053;
202300050603.0;5;75;75108;2;2;1.0;6.0;48,87057500;2,30542500;
202300050604.0;1;44;44021;1;1;1.0;7.0;47,01283400; -1,85712400;
202300050605.0;3;54;54254;1;1;2.0;7.0;49,49851000;5,80391000;
202300050606.0;1;95;95306;2;2;1.0;5.0;49,00059000;2,18239000;
202300050607.0;5;33;33063;2;1;1.0;3.0;44,85506000; -0,55139000;
202300050608.0;1;83;83126;2;1;1.0;6.0;43,11804000;5,86311000;
202300050609.0;5;75;75108;2;2;1.0;3.0;48,87531300;2,32495600;
202300050610.0;5;54;54382;2;2;1.0;3.0;49,54598300;5,78260000;
202300050611.0;1;35;35040;1;3;1.0;2.0;48,13928700; -1,92512900;
202300050612.0;1;75;75107;2;3;1.0;6.0;48,85616000;2,30808800;
202300050613.0;5;83;83061;2;3;1.0;3.0;43,42123600;6,74372700;
202300050614.0;1;33;33063;2;3;1.0;3.0;44,82141196; -0,55211395;
202300050615.0;1;29;29037;1;6;1.0;3.0;47,88424000; -4,16865200;