Num_Acc;lum;departement;commune;agglomeration;intersection;meteo;type_collision;lat;long;date
202300050616.0;1;54;54323;2;4;1.0;1.0;49,52719900;5,77826100;
202300050617.0;5;77;77373;2;1;1.0;6.0;48,78146400;2,60532100;
202300050618.0;1;31;31555;2;1;1.0;6.0;43,59853000;1,44519000;
202300050619.0;3;02;02053;1;1;1.0;7.0;48,99337600;3,60934100;
202300050620.0;1;75;75101;2;3;1.0;3.0;48,86243385;2,33624429;
202300050621.0;5;51;51454;2;1;2.0;6.0;49,27500000;4,01773000;
202300050622.0;1;77;77216;1;9;1.0;6.0;48,29857000;2,67104000;
202300050623.0;5;50;50129;2;1;2.0;6.0;49,63339000; -1,62246000;
202300050624.0;5;75;75101;2;4;1.0;7.0;48,86388500;2,34887300;
202300050625.0;1;72;72228;1;9;1.0;3.0;47,81497013; -0,21670818;
202300050626.0;1;64;64125;2;1;1.0;6.0;43,43831891; -1,58853963;
202300050627.0;1;49;49099;2;2;1.0;3.0;47,05938000; -0,87414000;
202300050628.0;5;75;75101;2;4;1.0;6.0;48,86533300;2,32728600;
202300050629.0;1;26;26198;1;1;1.0;6.0;44,53222641;4,74072908;
202300050630.0;1;63;63113;2;5;1.0;3.0;45,76416000;3,12596000;
202300050631.0;1;49;49007;2;1;2.0;3.0;47,47105000; -0,56495000;
202300050632.0;1;45;45179;1;1;7.0;1.0;47,75411600;1,73237400;
202300050633.0;1;94;94081;2;2;1.0;3.0;48,79874000;2,40039000;
202300050634.0;1;25;25388;2;6;1.0;3.0;47,50857000;6,80618000;
202300050635.0;1;62;62193;2;6;1.0;3.0;50,94615000;1,83814000;
202300050636.0;1;64;64120;1;1;2.0;7.0;43,31089300; -1,07191800;
202300050637.0;1;37;37261;2;3;2.0;3.0;47,41483000;0,68811000;
202300050638.0;1;92;92007;2;1;1.0;3.0;48,80400000;2,32490000;
202300050639.0;1;70;70285;1;1;1.0;7.0;47,58578000;6,75860000;
202300050640.0;1;59;59588;1;1;1.0;6.0;51,02946000;2,42543000;
202300050641.0;2;37;37050;1;1;2.0;2.0;47,33089000;0,68015000;
202300050642.0;1;18;18172;2;2;1.0;7.0;46,72600700;2,47964300;
202300050643.0;2;94;94060;2;1;1.0;6.0;48,79534779;2,56515071;
202300050644.0;3;22;22278;2;1;1.0;6.0;48,50587000; -2,76792100;
202300050645.0;5;37;37261;2;6;2.0;3.0;47,37451000;0,67109000;
202300050646.0;5;21;21054;2;7;1.0;6.0;47,02349169;4,83275324;
202300050647.0;2;21;21341;1;2;1.0;3.0;47,54745100;4,37456500;
202300050648.0;1;56;56098;2;1;1.0;5.0;47,76204000; -3,35122000;
202300050649.0;2;94;94059;2;6;5.0;3.0;48,81611000;2,56205000;
202300050650.0;5;37;37261;2;1;1.0;6.0;47,41267000;0,70084000;
202300050651.0;3;40;40168;1;1;2.0;6.0;43,78719100; -1,24231300;
202300050652.0;1;56;56121;2;2;8.0;3.0;47,74520000; -3,35850000;
202300050653.0;1;33;33032;2;1;1.0;3.0;44,91086000; -0,53629000;
202300050654.0;1;93;93073;2;2;1.0;3.0;48,93885000;2,58268000;
202300050655.0;1;18;18279;2;1;1.0;2.0;47,22992000;2,07926000;
202300050656.0;3;33;33063;2;1;8.0;6.0;44,81491000; -0,57316000;
202300050657.0;1;56;56162;2;3;1.0;3.0;47,70669000; -3,42195000;
202300050658.0;4;08;08302;2;1;1.0;6.0;49,88413500;4,74948400;
202300050659.0;5;93;93046;2;6;2.0;6.0;48,92707100;2,55040700;
202300050660.0;1;17;17461;2;1;1.0;3.0;45,64268000; -1,06684000;
202300050661.0;2;31;31555;2;1;1.0;2.0;43,61522798;1,45223379;
202300050662.0;1;88;88389;1;1;1.0;7.0;48,35169000;5,96918600;
202300050663.0;1;29;29039;2;1;8.0;6.0;47,87626900; -3,90610500;
202300050664.0;1;54;54263;2;1;1.0;5.0;49,22600000;5,98093000;
202300050665.0;1;93;93046;2;3;1.0;6.0;48,91257289;2,52261579;
202300050666.0;1;17;17291;1;1;1.0;3.0;46,17229000; -1,11926000;
202300050667.0;1;50;50218;2;7;3.0;7.0;48,83780000; -1,59733000;
202300050668.0;1;67;67471;2;2;1.0;3.0;48,63347200;7,74287200;
202300050669.0;1;13;13117;2;1;1.0;6.0;43,47717000;5,22780000;
202300050670.0;1;93;93031;2;3;1.0;6.0;48,95400200;2,32710900;
202300050671.0;1;48;48095;1;1;1.0;6.0;44,53064000;3,44098000;
202300050672.0;1;11;11379;1;1;1.0;6.0;43,05321000;2,93913200;
202300050673.0;5;21;21054;2;3;2.0;3.0;47,01817000;4,83568000;
202300050674.0;3;45;45284;1;1;1.0;2.0;47,92514700;1,98057100;
202300050675.0;1;93;93031;2;3;1.0;6.0;48,96089000;2,29343000;
202300050676.0;1;13;13005;2;1;1.0;4.0;43,31170000;5,59300000;
202300050677.0;1;971;97115;2;1;7.0;6.0;16,26961000; -61,63145500;
202300050678.0;5;45;45234;2;1;1.0;2.0;47,89894375;1,92027390;
202300050679.0;1;2A;2A247;1;1;1.0;6.0;41,57130300;9,28650500;
202300050680.0;5;13;13103;2;1;1.0;4.0;43,62853000;5,11911000;
202300050681.0;1;11;11069;2;3;1.0;3.0;43,21188000;2,35345000;
202300050682.0;1;93;93031;2;3;1.0;3.0;48,94801000;2,33867000;
202300050683.0;1;10;10333;2;1;1.0;7.0;48,28000000;4,05000000;
202300050684.0;1;83;83071;2;6;1.0;6.0;43,13237000;6,22210800;
202300050685.0;1;13;13204;2;2;1.0;1.0;43,30941000;5,40289000;
202300050686.0;1;93;93027;2;9;1.0;3.0;48,93700000;2,40400000;
202300050687.0;1;10;10333;2;6;1.0;6.0;48,28960000;4,06711000;
202300050688.0;1;34;34301;2;2;1.0;3.0;43,40682600;3,69604700;
202300050689.0;1;05;05065;1;1;1.0;7.0;44,64588000;6,65672800;
202300050690.0;5;93;93013;2;1;1.0;6.0;48,93811700;2,42500800;
202300050691.0;1;06;06088;2;8;1.0;3.0;43,68142000;7,23121000;
202300050692.0;1;13;13066;2;6;1.0;3.0;43,87488500;4,90215000;
202300050693.0;5;13;13214;2;1;1.0;5.0;43,33451000;5,39866000;
202300050694.0;1;34;34003;2;6;1.0;3.0;43,28911000;3,50794000;
202300050695.0;3;93;93008;2;1;1.0;6.0;48,90583000;2,46725000;
202300050696.0;1;13;13005;1;1;1.0;7.0;43,26927916;5,58902845;
202300050697.0;1;06;06069;2;1;1.0;3.0;43,65212000;6,92877000;
202300050698.0;1;38;38298;1;1;9.0;2.0;45,39037000;4,80617000;
202300050699.0;1;92;92062;2;1;1.0;3.0;48,88168200;2,23779400;
202300050700.0;1;33;33550;2;2;1.0;1.0;44,78171000; -0,56598000;
202300050701.0;1;11;11262;2;1;1.0;6.0;43,18592000;3,00032000;
202300050702.0;1;06;06004;2;1;1.0;3.0;43,59863900;7,12043300;
202300050703.0;1;70;70014;2;1;1.0;1.0;47,67711300;6,40564100;
202300050704.0;5;05;05061;2;1;1.0;6.0;44,55531600;6,06357000;
202300050705.0;1;92;92024;2;1;7.0;2.0;48,90541511;2,30885357;
202300050706.0;5;10;10387;2;1;2.0;3.0;48,29236000;4,09175000;
202300050707.0;5;31;31555;2;3;1.0;3.0;43,57034000;1,41623000;
202300050708.0;5;10;10362;2;9;2.0;6.0;48,29156327;4,03474241;
202300050709.0;1;31;31555;1;1;1.0;2.0;43,57380900;1,40997500;
202300050710.0;1;75;75116;2;1;1.0;5.0;48,85064900;2,25221800;
202300050711.0;5;92;92024;2;3;1.0;3.0;48,90138114;2,30764657;
202300050712.0;1;27;27375;1;1;1.0;6.0;49,20554000;1,14063000;
202300050713.0;1;31;31458;1;1;1.0;2.0;43,50392900;1,35870800;
202300050714.0;5;92;92023;2;1;1.0;1.0;48,80900200;2,26868800;
202300050715.0;1;75;75116;2;1;1.0;3.0;48,85833300;2,26066200;
202300050716.0;1;75;75114;2;1;1.0;4.0;48,82226800;2,31545900;
202300050717.0;1;14;14118;2;3;1.0;3.0;49,19483500; -0,39528100;
202300050718.0;1;92;92071;2;9;1.0;6.0;48,77529000;2,28857000;
202300050719.0;1;27;27322;1;4;7.0;2.0;49,21825600;1,06126700;
202300050720.0;1;75;75117;2;1;8.0;6.0;48,87785400;2,29536200;
202300050721.0;1;13;13208;2;1;1.0;5.0;43,24221816;5,36913565;
202300050722.0;1;75;75119;2;1;1.0;2.0;48,88074900;2,40516400;
202300050723.0;5;92;92002;2;2;1.0;7.0;48,76244112;2,30311230;
202300050724.0;1;75;75105;2;3;2.0;6.0;48,84966900;2,34784800;
202300050725.0;1;75;75119;2;1;1.0;2.0;48,90060600;2,37393300;
202300050726.0;1;76;76055;1;2;1.0;1.0;49,63610146;0,73551178;
202300050727.0;1;92;92002;2;1;1.0;3.0;48,77046433;2,31655587;
202300050728.0;1;13;13209;2;3;1.0;5.0;43,24918976;5,39705613;
202300050729.0;5;75;75116;2;1;2.0;2.0;48,85852400;2,28866200;
202300050730.0;1;08;08499;1;1;2.0;7.0;49,64221000;4,39192400;
202300050731.0;5;75;75116;2;4;1.0;3.0;48,86000460;2,26315141;
202300050732.0;1;60;60612;2;3;1.0;3.0;49,20503700;2,58751100;
202300050733.0;1;13;13001;2;6;1.0;7.0;43,51625000;5,46690000;
202300050734.0;3;24;24449;1;1;1.0;2.0;45,02156300;0,23913000;
202300050735.0;1;75;75114;2;1;2.0;3.0;48,82833100;2,30670100;
202300050736.0;1;75;75120;2;2;1.0;3.0;48,85619200;2,40492900;
202300050737.0;2;49;49192;2;1;1.0;1.0;47,00637000; -0,74473100;
202300050738.0;5;75;75110;2;3;2.0;6.0;48,88255800;2,36694500;
202300050739.0;1;09;09122;1;1;1.0;4.0;42,95610800;1,62391800;
202300050740.0;1;80;80561;2;1;1.0;6.0;49,64562500;2,57104800;
202300050741.0;5;75;75120;2;3;1.0;3.0;48,87169900;2,40389500;
202300050742.0;1;06;06088;2;1;1.0;3.0;43,68696000;7,21891000;
202300050743.0;5;75;75108;2;7;2.0;3.0;48,86494900;2,31025700;
202300050744.0;1;42;42120;1;2;1.0;5.0;45,99219900;3,99696400;
202300050745.0;3;59;59303;1;1;1.0;7.0;50,56813500;2,84727500;
202300050746.0;5;06;06088;2;1;1.0;6.0;43,67783000;7,22847000;
202300050747.0;1;75;75119;2;3;1.0;6.0;48,88309800;2,37147200;
202300050748.0;1;974;97405;1;1;1.0;1.0; -21,36582900;55,55557600;
202300050749.0;3;13;13085;1;1;1.0;2.0;43,24680000;5,59600000;
202300050750.0;1;06;06088;2;1;1.0;6.0;43,72040400;7,26306000;
202300050751.0;5;75;75102;2;3;2.0;6.0;48,86779100;2,34380500;
202300050752.0;1;75;75119;2;3;1.0;2.0;48,87771800;2,38127800;
202300050753.0;1;63;63004;1;1;7.0;1.0;45,92456500;2,77633300;
202300050754.0;1;75;75119;2;1;1.0;2.0;48,90033400;2,38078500;
202300050755.0;5;75;75104;2;2;1.0;2.0;48,84753200;2,36558400;
202300050756.0;5;75;75118;2;2;1.0;3.0;48,88835000;2,34958100;
202300050757.0;1;46;46197;1;1;1.0;3.0;44,40361100;1,44354300;
202300050758.0;1;13;13071;1;1;1.0;4.0;43,41297000;5,28139000;
202300050759.0;1;75;75119;2;4;1.0;7.0;48,89289117;2,39544868;
202300050760.0;1;75;75104;2;3;2.0;3.0;48,85751994;2,35142291;
202300050761.0;3;42;42158;1;1;1.0;6.0;46,03667700;3,84935600;
202300050762.0;1;75;75117;2;3;1.0;2.0;48,88173305;2,28534937;
202300050763.0;1;75;75119;2;3;1.0;3.0;48,88226300;2,38194700;
202300050764.0;1;38;38105;2;9;1.0;6.0;45,41635200;5,55268800;
202300050765.0;1;33;33013;1;1;1.0;5.0;44,86759300; -0,50424700;
202300050766.0;3;94;94081;2;2;1.0;6.0;48,78161905;2,37268867;
202300050767.0;1;75;75112;2;2;1.0;2.0;48,83989600;2,40902000;
202300050768.0;1;08;08402;1;1;2.0;2.0;49,59173525;4,49607577;
202300050769.0;1;91;91340;1;1;1.0;3.0;48,61052000;2,43137000;
202300050770.0;1;75;75117;2;2;1.0;3.0;48,88777200;2,31836900;
202300050771.0;1;94;94046;2;3;2.0;1.0;48,79572300;2,43397800;
202300050772.0;1;62;62541;1;1;1.0;6.0;50,45721700;2,14623900;
202300050773.0;5;75;75111;2;2;1.0;2.0;48,85430300;2,39591400;
202300050774.0;1;75;75115;2;1;1.0;6.0;48,84828000;2,30083100;
202300050775.0;1;94;94043;1;1;1.0;2.0;48,80449301;2,34428108;
202300050776.0;1;83;83057;1;9;1.0;6.0;43,38786200;6,24886800;
202300050777.0;5;93;93055;2;4;2.0;6.0;48,88492000;2,41113000;
202300050778.0;1;75;75111;2;3;1.0;6.0;48,85283300;2,38845200;
202300050779.0;1;75;75110;2;2;1.0;3.0;48,87224800;2,35593100;
202300050780.0;3;2B;2B096;1;1;2.0;1.0;42,28147200;9,16413200;
202300050781.0;1;93;93032;2;3;2.0;6.0;48,87313699;2,55337849;
202300050782.0;1;78;78206;1;1;1.0;5.0;48,95481200;1,93838600;
202300050783.0;5;75;75111;2;7;1.0;3.0;48,86774000;2,36439000;
202300050784.0;1;93;93007;2;6;1.0;3.0;48,95006000;2,46693000;
202300050785.0;1;82;82112;1;6;5.0;2.0;44,10389300;1,11331000;
202300050786.0;1;92;92064;1;1;1.0;2.0;48,83980011;2,20586376;
202300050787.0;5;93;93001;2;2;2.0;2.0;48,90253000;2,37097700;
202300050788.0;1;92;92044;2;2;1.0;3.0;48,89687821;2,28838563;
202300050789.0;1;75;75111;2;3;1.0;6.0;48,86454100;2,36936400;
202300050790.0;3;78;78418;1;1;1.0;2.0;48,91597000;2,13083000;
202300050791.0;5;92;92024;2;1;1.0;6.0;48,90338758;2,29293734;
202300050792.0;2;92;92020;2;3;1.0;6.0;48,81099000;2,29937000;
202300050793.0;3;82;82161;1;3;1.0;5.0;44,04235400;1,43750500;
202300050794.0;1;75;75109;2;5;1.0;1.0;48,88045100;2,33507800;
202300050795.0;1;92;92047;1;1;1.0;3.0;48,83291148;2,15823486;
202300050796.0;1;92;92040;2;1;2.0;3.0;48,82563600;2,25977000;
202300050797.0;5;33;33011;2;1;1.0;3.0;44,75866000; -1,12095000;
202300050798.0;1;75;75109;2;3;1.0;3.0;48,87342200;2,34788900;
202300050799.0;1;60;60036;1;1;1.0;2.0;49,38572500;2,56994200;
202300050800.0;1;95;95277;1;1;1.0;2.0;48,97221000;2,48464000;
202300050801.0;1;63;63003;2;1;1.0;6.0;45,54000700;3,75125700;
202300050802.0;1;75;75108;2;2;1.0;3.0;48,86906700;2,31030700;
202300050803.0;3;76;76115;1;1;2.0;5.0;49,59385000;0,58318000;
202300050804.0;1;93;93005;1;1;1.0;2.0;48,95720448;2,46153975;
202300050805.0;1;95;95572;1;1;1.0;2.0;49,04929000;2,13858000;
202300050806.0;1;75;75107;2;4;1.0;2.0;48,85170700;2,32439600;
202300050807.0;1;25;25147;1;1;8.0;3.0;47,23510900;5,89612800;
202300050808.0;1;60;60191;2;1;1.0;1.0;49,55470700;2,70102700;
202300050809.0;3;49;49008;1;2;1.0;2.0;47,56367000; -0,99731000;
202300050810.0;2;94;94079;2;3;1.0;6.0;48,83114000;2,53518000;
202300050811.0;1;93;93066;1;1;1.0;3.0;48,91820000;2,35758000;
202300050812.0;2;49;49092;1;9;2.0;6.0;47,22964612; -0,72195524;
202300050813.0;5;93;93066;2;1;1.0;6.0;48,94025600;2,36403400;
202300050814.0;1;77;77141;1;1;1.0;7.0;48,85589500;2,84033100;
202300050815.0;1;95;95527;1;1;1.0;4.0;49,02710600;2,51178200;
202300050816.0;1;93;93050;2;1;1.0;3.0;48,86477000;2,51949000;
202300050817.0;1;93;93008;1;1;1.0;2.0;48,91273457;2,43680722;
202300050818.0;1;93;93049;2;2;1.0;1.0;48,86406000;2,51678000;
202300050819.0;3;10;10067;1;1;2.0;4.0;48,24313900;4,11824200;
202300050820.0;1;95;95252;1;1;1.0;3.0;48,97936000;2,22865600;
202300050821.0;1;93;93079;2;1;1.0;6.0;48,95412600;2,33831100;
202300050822.0;1;93;93027;2;1;1.0;6.0;48,92405000;2,38422000;
202300050823.0;1;93;93007;2;1;1.0;2.0;48,93383226;2,46650228;
202300050824.0;2;74;74272;1;3;8.0;3.0;45,94279100;6,06048300;
202300050825.0;1;92;92046;2;9;1.0;6.0;48,81518440;2,29887360;
202300050826.0;1;92;92077;2;2;1.0;3.0;48,82504806;2,18692884;
202300050827.0;1;92;92050;2;1;7.0;2.0;48,88568703;2,21758068;
202300050828.0;2;93;93066;1;1;3.0;2.0;48,90548000;2,35866000;
202300050829.0;1;92;92050;2;1;8.0;3.0;48,88690736;2,20245481;
202300050830.0;5;06;06095;2;3;1.0;3.0;43,64149600;6,87891100;
202300050831.0;1;93;93051;1;1;1.0;5.0;48,83634000;2,55335000;
202300050832.0;1;06;06109;1;1;1.0;7.0;43,82979000;7,19398500;
202300050833.0;1;92;92044;2;2;1.0;6.0;48,89058914;2,29173578;
202300050834.0;1;03;03026;1;1;2.0;6.0;46,46070300;3,27880200;
202300050835.0;3;88;88028;1;1;8.0;1.0;48,15550083;6,54981585;
202300050836.0;3;04;04033;1;1;1.0;7.0;44,45810200;6,23910800;
202300050837.0;1;92;92044;2;1;1.0;2.0;48,89786155;2,28540212;
202300050838.0;1;88;88486;2;1;1.0;6.0;48,00843300;6,71733500;
202300050839.0;2;51;51380;1;1;1.0;3.0;48,88075938;3,53905141;
202300050840.0;5;92;92024;2;1;1.0;3.0;48,90435064;2,31149644;
202300050841.0;2;88;88447;1;1;1.0;2.0;47,94485200;6,78911600;
202300050842.0;3;56;56013;2;1;2.0;3.0;47,67577500; -3,18317100;
202300050843.0;3;88;88243;2;1;8.0;1.0;48,30948100;6,71472300;
202300050844.0;1;92;92012;2;1;1.0;3.0;48,83867158;2,22414315;
202300050845.0;1;74;74096;2;2;1.0;6.0;46,03350000;6,10727200;
202300050846.0;1;43;43177;1;9;1.0;1.0;45,31375500;4,28470000;
202300050847.0;1;17;17408;2;2;1.0;3.0;45,80497600; -0,84878000;
202300050848.0;3;80;80173;1;1;1.0;1.0;49,95810900;2,38178000;
202300050849.0;1;43;43268;1;1;1.0;7.0;45,13025700;4,09588300;
202300050850.0;1;84;84137;2;1;1.0;6.0;44,24228600;5,08200300;
202300050851.0;2;11;11024;1;1;1.0;3.0;43,12893400;2,96125000;
202300050852.0;1;13;13056;2;1;1.0;6.0;43,41596000;5,05668000;
202300050853.0;3;83;83130;1;1;1.0;6.0;43,19428900;6,03947100;
202300050854.0;4;49;49086;2;2;1.0;3.0;47,23218000; -0,43089200;
202300050855.0;1;57;57487;2;1;1.0;3.0;49,10753000;6,10623000;
202300050856.0;1;71;71448;1;1;2.0;3.0;46,38509600;4,85015800;
202300050857.0;1;86;86145;1;2;1.0;3.0;46,47342600;0,26902500;
202300050858.0;1;93;93046;2;2;1.0;3.0;48,91492000;2,53467000;
202300050859.0;3;62;62491;2;1;1.0;1.0;50,60423122;2,77153829;
202300050860.0;3;34;34332;1;1;1.0;6.0;43,31313000;3,39069800;
202300050861.0;2;69;69260;2;1;1.0;7.0;45,66013500;4,80288600;
202300050862.0;1;974;97411;2;2;1.0;6.0; -20,88880000;55,44731000;
202300050863.0;3;51;51245;1;1;1.0;6.0;49,23298400;3,80456300;
202300050864.0;4;39;39078;1;2;1.0;3.0;47,10574200;5,51837410;
202300050865.0;5;973;97302;2;1;1.0;1.0;4,93219000; -52,32747000;
202300050866.0;1;39;39013;2;1;1.0;6.0;46,90687000;5,76946800;
202300050867.0;2;59;59074;1;9;1.0;1.0;50,09394200;3,43688600;
202300050868.0;1;69;69387;2;8;1.0;7.0;45,75390000;4,84175000;
202300050869.0;5;25;25157;2;2;2.0;6.0;46,86761100;6,37422400;
202300050870.0;1;971;97113;2;1;1.0;1.0;16,21696850; -61,43756390;
202300050871.0;1;59;59282;1;1;1.0;3.0;50,81309400;2,48316800;
202300050872.0;3;31;31396;1;1;1.0;1.0;43,35773100;1,59663300;
202300050873.0;1;971;97101;2;9;1.0;3.0;16,27548000; -61,50257000;
202300050874.0;4;02;02126;2;7;2.0;6.0;49,77028600;4,18065500;
202300050875.0;1;65;65020;2;1;1.0;2.0;43,09462200;0,00906100;
202300050876.0;1;95;95280;2;1;7.0;6.0;49,02276000;2,46539000;
202300050877.0;1;32;32457;1;1;1.0;6.0;43,86126700;0,68613100;
202300050878.0;1;70;70315;2;1;1.0;1.0;47,89132700;6,28279600;
202300050879.0;1;71;71282;1;1;1.0;7.0;46,82089100;4,37082100;
202300050880.0;1;95;95197;2;1;1.0;2.0;48,96660000;2,32807000;
202300050881.0;5;70;70235;2;3;2.0;3.0;47,69960700;6,18979000;
202300050882.0;1;71;71134;2;1;1.0;3.0;46,36352600;4,58249500;
202300050883.0;1;91;91114;2;1;1.0;4.0;48,67869100;2,49579300;
202300050884.0;1;54;54405;2;1;1.0;7.0;48,57439594;5,97442746;
202300050885.0;1;61;61068;1;1;1.0;3.0;48,55544240;0,21171200;
202300050886.0;1;05;05170;2;1;1.0;6.0;44,46134900;6,05486700;
202300050887.0;1;91;91027;2;2;1.0;3.0;48,71608000;2,37087000;
202300050888.0;1;91;91223;1;1;1.0;6.0;48,43097000;2,15742000;
202300050889.0;2;10;10323;2;1;1.0;5.0;48,50471100;3,72135800;
202300050890.0;3;25;25022;1;1;1.0;6.0;47,51510700;6,63912200;
202300050891.0;1;88;88383;2;1;1.0;6.0;48,00853000;6,60698000;
202300050892.0;2;07;07122;1;1;1.0;3.0;44,56001100;4,35886000;
202300050893.0;3;87;87201;1;1;1.0;6.0;45,84346400;1,17755670;
202300050894.0;1;44;44007;1;1;1.0;3.0;47,65341700; -1,96958400;
202300050895.0;3;60;60570;1;1;1.0;6.0;49,25546800;2,09336800;
202300050896.0;1;35;35143;2;1;1.0;6.0;48,23992400; -2,00927500;
202300050897.0;5;38;38530;1;1;1.0;4.0;45,61884000;5,18258600;
202300050898.0;1;83;83123;1;4;1.0;3.0;43,12485295;5,78902075;
202300050899.0;2;29;29020;1;3;8.0;3.0;48,13052587; -4,01835169;
202300050900.0;5;971;97103;2;3;1.0;3.0;16,23755800; -61,56462400;
202300050901.0;3;29;29176;1;1;3.0;6.0;48,13421000; -4,22720300;
202300050902.0;1;971;97125;2;2;1.0;3.0;16,26825900; -61,30278800;
202300050903.0;3;29;29026;1;1;1.0;6.0;48,18375101; -4,11007031;
202300050904.0;1;77;77058;2;9;1.0;7.0;48,84562400;2,73355300;
202300050905.0;1;31;31110;1;1;1.0;6.0;43,10890200;0,96973700;
202300050906.0;5;971;97125;1;2;1.0;3.0;16,25612100; -61,31158100;
202300050907.0;1;76;76351;2;6;1.0;6.0;49,50778000;0,13364000;
202300050908.0;3;977;97701;2;1;2.0;7.0;17,90297100; -62,83206000;
202300050909.0;1;72;72181;2;1;1.0;3.0;48,00395000;0,20263000;
202300050910.0;1;29;29233;2;6;8.0;3.0;47,87084493; -3,56672108;
202300050911.0;1;03;03093;1;2;1.0;5.0;46,18797200;3,48697900;
202300050912.0;2;91;91200;2;1;2.0;6.0;48,52305300;2,00780000;
202300050913.0;1;71;71270;2;1;3.0;7.0;46,29491765;4,81936634;
202300050914.0;2;03;03092;1;1;7.0;6.0;46,45393600;3,19644200;
202300050915.0;1;34;34344;2;1;1.0;6.0;43,56111200;4,07698900;
202300050916.0;1;26;26345;2;1;1.0;3.0;44,28522600;4,84680800;
202300050917.0;3;06;06077;2;1;1.0;6.0;43,88070400;7,35686400;
202300050918.0;2;72;72132;2;1;1.0;7.0;48,17538700;0,63049100;
202300050919.0;1;05;05159;1;1;1.0;6.0;44,31377700;5,79743400;
202300050920.0;1;06;06073;1;1;1.0;7.0;44,19836300;7,06951400;
202300050921.0;1;06;06080;1;1;8.0;7.0;44,04250500;7,12876400;
202300050922.0;5;73;73213;2;3;1.0;6.0;45,57103000;5,95243900;
202300050923.0;3;08;08137;1;3;1.0;3.0;49,82003700;4,69847900;
202300050924.0;3;07;07042;1;1;1.0;6.0;44,40348000;4,64601500;
202300050925.0;3;32;32258;1;1;1.0;6.0;43,74346900;0,67476200;
202300050926.0;3;14;14060;1;1;1.0;3.0;49,24841900; -0,27893100;
202300050927.0;1;88;88116;1;3;1.0;3.0;47,97694000;6,83307000;
202300050928.0;4;27;27016;2;1;1.0;6.0;49,24838400;1,45302100;
202300050929.0;5;76;76758;2;1;2.0;1.0;49,61376900;0,76110900;
202300050930.0;1;59;59151;1;1;2.0;7.0;50,26121313;4,10604000;
202300050931.0;1;13;13071;1;1;1.0;5.0;43,37809000;5,31739000;
202300050932.0;3;69;69259;2;1;8.0;2.0;45,71863487;4,87177134;
202300050933.0;1;77;77384;1;1;2.0;3.0;48,59490000;2,61413000;
202300050934.0;1;91;91689;1;1;1.0;5.0;48,73851000;2,31707000;
202300050935.0;1;91;91286;1;1;8.0;3.0;48,64444000;2,39007000;
202300050936.0;3;91;91064;1;1;3.0;6.0;48,75193000;2,22290000;
202300050937.0;5;78;78126;1;1;2.0;6.0;48,84482100;2,14703400;
202300050938.0;1;93;93066;1;1;2.0;4.0;48,91916000;2,35755000;
202300050939.0;3;95;95572;1;1;2.0;6.0;49,02837777;2,12775019;
202300050940.0;1;94;94028;1;1;1.0;2.0;48,78064360;2,44115551;
202300050941.0;5;35;35051;2;1;2.0;6.0;48,11435714; -1,59854025;
202300050942.0;5;27;27375;2;1;3.0;6.0;49,21551000;1,16951000;
202300050943.0;5;29;29019;2;1;2.0;6.0;48,40052700; -4,49912100;
202300050944.0;2;974;97416;2;1;1.0;6.0; -21,34121100;55,46892400;
202300050945.0;1;974;97411;1;1;1.0;1.0; -20,88725000;55,44006000;
202300050946.0;5;69;69383;2;3;2.0;7.0;45,75487271;4,87608835;
202300050947.0;1;69;69034;2;1;1.0;6.0;45,79105516;4,86091956;
202300050948.0;1;69;69034;2;1;1.0;2.0;45,79321000;4,86011000;
202300050949.0;5;971;97101;2;1;1.0;4.0;16,25220000; -61,53157000;
202300050950.0;5;2A;2A004;2;1;1.0;3.0;41,94060000;8,74494000;
202300050951.0;1;91;91645;2;2;8.0;3.0;48,74520000;2,28299200;
202300050952.0;5;91;91114;2;1;2.0;6.0;48,69858600;2,50942200;
202300050953.0;1;91;91589;2;4;2.0;3.0;48,68725600;2,35435400;
202300050954.0;3;91;91223;1;1;8.0;6.0;48,41508000;2,19600000;
202300050955.0;1;88;88413;2;3;1.0;3.0;48,29545000;6,93915000;
202300050956.0;1;87;87085;2;3;2.0;3.0;45,83475000;1,24567000;
202300050957.0;1;86;86194;2;1;1.0;4.0;46,56995000;0,37157100;
202300050958.0;1;83;83137;2;3;1.0;3.0;43,14602000;5,91248000;
202300050959.0;2;83;83137;2;3;1.0;2.0;43,12550000;5,92902000;
202300050960.0;5;76;76351;2;3;2.0;6.0;49,51444000;0,15346000;
202300050961.0;5;74;74012;2;1;5.0;3.0;46,19348000;6,25600000;
202300050962.0;5;74;74012;2;1;5.0;6.0;46,19470000;6,23617000;
202300050963.0;1;72;72181;2;1;1.0;7.0;47,97910000;0,16777000;
202300050964.0;1;69;69266;2;1;1.0;3.0;45,76235610;4,91158068;
202300050965.0;1;67;67482;2;1;1.0;6.0;48,58886000;7,69726000;