Num_Acc;lum;departement;commune;agglomeration;intersection;meteo;type_collision;lat;long;date
202300050966.0;5;66;66136;2;6;1.0;3.0;42,70529000;2,90176000;
202300050967.0;5;66;66136;2;1;1.0;2.0;42,69472000;2,90165100;
202300050968.0;3;60;60159;1;1;1.0;6.0;49,42168000;2,89991000;
202300050969.0;4;59;59350;2;1;1.0;2.0;50,63416700;3,08167300;
202300050970.0;5;59;59131;2;9;9.0;6.0;50,99827000;2,37591000;
202300050971.0;5;51;51454;2;4;2.0;1.0;49,23265606;4,02437702;
202300050972.0;1;51;51454;2;1;1.0;6.0;49,25396000;4,03046000;
202300050973.0;1;49;49099;2;1;8.0;3.0;47,07951000; -0,83152000;
202300050974.0;3;49;49007;2;1;8.0;7.0;47,47098000; -0,54431000;
202300050975.0;5;49;49007;2;2;1.0;3.0;47,45883000; -0,55860000;
202300050976.0;1;93;93001;2;1;8.0;2.0;48,91399700;2,38084500;
202300050977.0;3;54;54462;1;1;3.0;3.0;48,60283598;6,34496927;
202300050978.0;3;51;51423;1;1;3.0;6.0;48,77392500;4,83056200;
202300050979.0;1;06;06114;2;1;1.0;6.0;43,74132900;7,28721300;
202300050980.0;1;33;33205;1;1;3.0;1.0;44,58621469; -0,39481036;
202300050981.0;1;31;31454;2;1;1.0;6.0;43,41373000;1,11676500;
202300050982.0;1;69;69285;2;6;1.0;3.0;45,76313300;5,08044200;
202300050983.0;2;27;27306;1;1;2.0;7.0;49,00174600;1,18441200;
202300050984.0;1;01;01109;2;3;1.0;3.0;46,14258900;5,90878300;
202300050985.0;1;44;44056;1;1;1.0;3.0;47,40851900; -1,75717900;
202300050986.0;3;62;62289;1;1;2.0;6.0;50,45194400;1,77377700;
202300050987.0;3;62;62376;1;1;2.0;6.0;50,56815966;2,60229691;
202300050988.0;3;37;37179;1;1;1.0;2.0;47,45941427;0,75836563;
202300050989.0;1;56;56188;1;1;8.0;1.0;47,89567000; -3,11247000;
202300050990.0;3;56;56171;1;1;2.0;1.0;47,69821600; -2,38242100;
202300050991.0;1;71;71263;2;1;1.0;6.0;46,62901700;5,21893000;
202300050992.0;1;71;71014;1;1;3.0;6.0;46,92940000;4,36534900;
202300050993.0;1;89;89072;1;1;8.0;6.0;47,75280300;2,97590600;
202300050994.0;1;63;63366;1;3;1.0;4.0;45,49548800;3,35264900;
202300050995.0;2;61;61230;1;1;1.0;3.0;48,52670200;0,71405700;
202300050996.0;3;68;68286;1;3;1.0;3.0;47,62285600;7,55054700;
202300050997.0;3;50;50289;1;2;8.0;3.0;49,18994300; -1,30403100;
202300050998.0;3;50;50619;2;3;9.0;6.0;49,62113700; -1,36063100;
202300050999.0;5;50;50639;2;1;2.0;6.0;48,83716400; -1,22177300;
202300051000.0;1;13;13210;2;6;1.0;6.0;43,27830000;5,40700000;
202300051001.0;1;09;09296;2;1;1.0;3.0;42,79900500;1,66165700;
202300051002.0;1;13;13063;2;1;1.0;3.0;43,58332000;5,00396000;
202300051003.0;1;85;85020;2;6;1.0;2.0;46,37064800; -0,57591900;
202300051004.0;1;13;13063;2;1;1.0;1.0;43,58772000;5,00933000;
202300051005.0;1;13;13005;2;1;1.0;6.0;43,29565000;5,56810000;
202300051006.0;5;63;63113;1;9;1.0;5.0;45,77491700;3,14045900;
202300051007.0;1;13;13004;2;2;1.0;6.0;43,67489000;4,63224000;
202300051008.0;1;14;14555;1;1;1.0;3.0;49,30447758;0,29294014;
202300051009.0;3;988;98815;1;1;1.0;6.0; -21,52315000;167,90566200;
202300051010.0;1;10;10343;2;1;1.0;3.0;48,27020000;4,08913000;
202300051011.0;3;29;29233;1;1;3.0;6.0;47,86239000; -3,54916000;
202300051012.0;1;10;10387;2;1;2.0;2.0;48,29205462;4,07023877;
202300051013.0;3;77;77466;1;1;3.0;1.0;48,82467700;2,88326500;
202300051014.0;5;93;93077;2;3;1.0;6.0;48,88407400;2,50060108;
202300051015.0;1;06;06069;2;1;1.0;3.0;43,63063700;6,91210500;
202300051016.0;1;84;84129;2;1;3.0;2.0;44,00610400;4,89039700;
202300051017.0;1;93;93061;2;3;1.0;3.0;48,88567000;2,40145000;
202300051018.0;1;06;06069;2;6;1.0;3.0;43,64161800;6,93739500;
202300051019.0;1;13;13101;2;3;1.0;1.0;43,40641900;5,54478000;
202300051020.0;1;93;93029;2;2;1.0;3.0;48,91757000;2,46758000;
202300051021.0;1;06;06004;2;2;1.0;1.0;43,57283000;7,10741000;
202300051022.0;3;13;13030;1;1;1.0;2.0;43,26876900;5,72005700;
202300051023.0;1;93;93010;2;3;1.0;3.0;48,89199880;2,48899742;
202300051024.0;2;71;71086;1;1;2.0;6.0;46,41807200;4,25365100;
202300051025.0;1;05;05061;2;3;1.0;3.0;44,56140833;6,09648407;
202300051026.0;1;93;93005;2;1;1.0;6.0;48,92774220;2,50841380;
202300051027.0;1;52;52132;1;1;8.0;1.0;48,10915021;5,45051508;
202300051028.0;1;75;75106;2;3;3.0;6.0;48,84738000;2,31821300;
202300051029.0;5;93;93005;2;2;1.0;3.0;48,92396784;2,50445095;
202300051030.0;3;67;67155;2;1;8.0;7.0;48,41099000;7,47188700;
202300051031.0;1;75;75120;2;3;1.0;3.0;48,85164800;2,40055800;
202300051032.0;1;93;93001;2;4;1.0;6.0;48,92196500;2,37420900;
202300051033.0;2;03;03265;2;3;1.0;3.0;46,46808900;3,75009300;
202300051034.0;5;92;92046;2;2;1.0;3.0;48,81955000;2,30613000;
202300051035.0;1;75;75119;2;3;1.0;6.0;48,88573500;2,37101800;
202300051036.0;1;92;92064;2;1;1.0;3.0;48,84309220;2,22309843;
202300051037.0;2;07;07245;2;3;2.0;3.0;45,08967200;4,81790200;
202300051038.0;5;75;75119;2;1;3.0;6.0;48,87707500;2,37137800;
202300051039.0;1;01;01431;2;1;1.0;7.0;45,92870500;5,35422700;
202300051040.0;1;92;92033;2;1;2.0;4.0;48,83838736;2,17350036;
202300051041.0;1;75;75117;2;2;1.0;6.0;48,87914900;2,30312300;
202300051042.0;1;69;69194;1;4;1.0;3.0;45,84198946;4,79321072;
202300051043.0;1;92;92063;2;2;1.0;3.0;48,87249614;2,19619203;
202300051044.0;1;75;75113;2;3;1.0;3.0;48,83452000;2,37675000;
202300051045.0;1;92;92040;2;9;1.0;3.0;48,82256000;2,25743000;
202300051046.0;1;33;33023;1;1;2.0;3.0;44,69597800; -0,48644500;
202300051047.0;1;75;75113;2;3;2.0;1.0;48,82207800;2,37496400;
202300051048.0;3;33;33272;1;1;2.0;6.0;45,07583271; -0,38674638;
202300051049.0;1;92;92025;2;1;1.0;2.0;48,91832109;2,22386401;
202300051050.0;5;75;75113;2;3;1.0;3.0;48,82027000;2,37183200;
202300051051.0;5;92;92012;2;1;1.0;3.0;48,85048765;2,22683430;
202300051052.0;2;44;44073;1;1;2.0;1.0;47,44821400; -1,65184400;
202300051053.0;1;75;75112;2;3;1.0;3.0;48,84032700;2,38819000;
202300051054.0;1;14;14488;2;1;1.0;6.0;49,28523000; -0,25019100;
202300051055.0;1;92;92012;2;1;1.0;5.0;48,83682025;2,22426116;
202300051056.0;3;60;60437;1;1;3.0;7.0;49,32487000;2,23284200;
202300051057.0;1;92;92014;2;1;1.0;6.0;48,77971496;2,31586118;
202300051058.0;1;75;75111;2;4;2.0;3.0;48,85654763;2,37926790;
202300051059.0;1;75;75111;2;4;2.0;6.0;48,85586400;2,38327500;
202300051060.0;1;13;13214;1;1;1.0;2.0;43,33412000;5,37700000;
202300051061.0;1;60;60441;2;9;1.0;2.0;49,41510200;2,64601000;
202300051062.0;1;75;75108;2;3;3.0;6.0;48,87457600;2,29694700;
202300051063.0;1;69;69297;1;1;1.0;4.0;45,60505067;4,79933057;
202300051064.0;1;86;86131;1;1;1.0;7.0;46,45487000;0,60794800;
202300051065.0;1;75;75107;2;3;3.0;6.0;48,86244700;2,30630700;
202300051066.0;1;91;91468;1;1;1.0;5.0;48,57319000;2,46729000;
202300051067.0;1;76;76675;1;1;1.0;3.0;49,60169900;1,04516000;
202300051068.0;1;94;94074;2;1;2.0;6.0;48,74546300;2,46914700;
202300051069.0;1;91;91161;1;1;1.0;4.0;48,71212000;2,30720000;
202300051070.0;1;94;94058;2;9;3.0;6.0;48,83769900;2,49500600;
202300051071.0;1;06;06161;2;3;1.0;3.0;43,63087200;7,12988000;
202300051072.0;1;94;94034;1;1;3.0;7.0;48,75772551;2,33950000;
202300051073.0;1;94;94058;2;2;2.0;3.0;48,83894000;2,50829000;
202300051074.0;1;41;41167;1;6;1.0;7.0;47,48696200;1,18957000;
202300051075.0;1;78;78431;1;1;3.0;2.0;48,93746200;1,95902300;
202300051076.0;1;94;94079;2;3;2.0;6.0;48,82357000;2,54235000;
202300051077.0;1;51;51396;1;1;1.0;7.0;49,04966200;3,72246600;
202300051078.0;1;94;94002;2;2;1.0;3.0;48,80488000;2,41664000;
202300051079.0;1;11;11098;1;1;1.0;7.0;43,18831100;2,72541700;
202300051080.0;1;93;93066;1;1;1.0;4.0;48,91090000;2,35822000;
202300051081.0;1;93;93059;2;3;1.0;3.0;48,96838000;2,35978000;
202300051082.0;1;95;95527;1;1;1.0;7.0;48,98559644;2,50361681;
202300051083.0;1;93;93070;2;1;3.0;3.0;48,90904100;2,34427000;
202300051084.0;3;26;26324;1;9;1.0;4.0;44,32592552;4,73939896;
202300051085.0;1;93;93066;2;2;1.0;3.0;48,91363389;2,36294252;
202300051086.0;2;93;93008;1;1;2.0;2.0;48,90615841;2,46109169;
202300051087.0;3;68;68253;1;1;2.0;5.0;47,80597400;7,48525400;
202300051088.0;5;93;93039;2;1;3.0;3.0;48,93404528;2,34092150;
202300051089.0;1;95;95018;1;1;2.0;7.0;48,95523672;2,27824688;
202300051090.0;1;21;21244;1;1;1.0;7.0;47,29670600;4,50496200;
202300051091.0;1;93;93008;2;2;2.0;3.0;48,91470990;2,44060233;
202300051092.0;1;92;92036;1;1;2.0;4.0;48,93788866;2,29766722;
202300051093.0;1;21;21087;1;1;3.0;6.0;47,11689500;4,70753400;
202300051094.0;1;93;93048;2;2;3.0;3.0;48,85748550;2,44006292;
202300051095.0;3;30;30014;1;1;2.0;6.0;44,00110700;4,38308600;
202300051096.0;3;95;95488;1;1;2.0;6.0;49,02353885;2,13370800;
202300051097.0;1;93;93008;2;1;2.0;3.0;48,90845803;2,45161772;
202300051098.0;1;22;22084;1;1;1.0;6.0;48,41355800; -2,31579800;
202300051099.0;1;92;92064;2;1;2.0;6.0;48,84804320;2,20717505;
202300051100.0;3;95;95488;1;1;2.0;2.0;49,02067066;2,13769913;
202300051101.0;3;63;63290;1;1;1.0;6.0;45,87187282;2,90184670;
202300051102.0;1;92;92051;2;2;2.0;6.0;48,88752423;2,27859825;
202300051103.0;1;93;93007;1;1;1.0;4.0;48,94686412;2,44246244;
202300051104.0;1;92;92044;2;2;2.0;3.0;48,89164564;2,28357241;
202300051105.0;1;94;94073;1;1;1.0;2.0;48,76915200;2,37920100;
202300051106.0;3;56;56066;2;1;1.0;6.0;48,13330100; -3,61090800;
202300051107.0;1;92;92024;2;2;3.0;6.0;48,90628000;2,31402000;
202300051108.0;3;56;56169;2;1;1.0;6.0;47,67812700; -3,20519800;
202300051109.0;3;94;94079;1;1;1.0;4.0;48,83472567;2,53708778;
202300051110.0;2;59;59647;2;4;3.0;6.0;50,82980100;2,20981300;
202300051111.0;3;94;94028;1;1;2.0;6.0;48,78434995;2,44012870;
202300051112.0;1;92;92012;2;1;1.0;4.0;48,84044417;2,23257691;
202300051113.0;3;94;94028;1;1;3.0;6.0;48,79694000;2,44356300;
202300051114.0;1;92;92012;2;1;1.0;6.0;48,83896000;2,24270000;
202300051115.0;1;77;77109;1;1;8.0;3.0;48,61083100;3,18710300;
202300051116.0;5;51;51454;2;2;2.0;3.0;49,23894000;4,01949000;
202300051117.0;1;67;67513;1;1;1.0;7.0;48,38927900;7,23080600;
202300051118.0;1;91;91377;2;2;1.0;3.0;48,72046000;2,27972000;
202300051119.0;1;92;92002;2;1;1.0;3.0;48,74533000;2,29541000;
202300051120.0;1;50;50129;2;1;1.0;2.0;49,63034000; -1,64413000;
202300051121.0;1;79;79277;1;1;1.0;7.0;47,08794900; -0,21320300;
202300051122.0;1;49;49007;2;1;1.0;6.0;47,46817000; -0,54520000;
202300051123.0;1;92;92002;1;3;2.0;2.0;48,76303174;2,31260329;
202300051124.0;1;91;91161;1;1;1.0;3.0;48,71068000;2,29967000;
202300051125.0;3;2A;2A006;1;1;1.0;1.0;41,97549200;8,78095200;
202300051126.0;1;42;42218;2;1;1.0;6.0;45,44402064;4,37486878;
202300051127.0;1;60;60563;2;1;1.0;6.0;49,36388900;2,62450700;
202300051128.0;1;74;74012;2;2;8.0;1.0;46,19149000;6,23890000;
202300051129.0;3;82;82148;1;1;1.0;6.0;44,24427700;1,61322000;
202300051130.0;1;60;60242;1;1;1.0;7.0;49,59088081;1,95614480;
202300051131.0;2;42;42187;2;6;2.0;3.0;46,03984000;4,05227000;
202300051132.0;3;11;11124;1;1;1.0;7.0;42,98882800;2,82757400;
202300051133.0;5;74;74010;2;1;1.0;2.0;45,89560000;6,11180000;
202300051134.0;3;01;01207;1;3;1.0;7.0;45,98652200;4,98747100;
202300051135.0;1;38;38185;2;1;1.0;6.0;45,17146000;5,72424000;
202300051136.0;5;74;74118;2;1;3.0;1.0;46,18235000;6,23041000;
202300051137.0;1;06;06149;2;1;1.0;2.0;43,75107100;7,38212200;
202300051138.0;2;71;71016;1;4;8.0;3.0;46,43889400;4,76710600;
202300051139.0;1;37;37261;2;1;1.0;3.0;47,41878000;0,70082000;
202300051140.0;3;61;61142;1;1;1.0;6.0;48,36323500;0,64051100;
202300051141.0;1;976;97611;2;1;1.0;3.0; -12,77878000;45,23220000;
202300051142.0;1;22;22370;1;1;8.0;1.0;48,66352000; -3,02545100;
202300051143.0;1;974;97416;1;1;7.0;7.0; -21,28438800;55,46694300;
202300051144.0;1;33;33063;2;2;1.0;3.0;44,85089000; -0,57183000;
202300051145.0;5;42;42177;2;2;1.0;3.0;46,14296679;4,10831830;
202300051146.0;1;69;69046;2;3;1.0;1.0;45,64914800;4,79348300;
202300051147.0;1;974;97416;1;9;1.0;1.0; -21,33355000;55,49891000;
202300051148.0;1;42;42029;2;1;1.0;6.0;45,83830400;4,26919200;
202300051149.0;1;33;33063;2;1;1.0;6.0;44,89305000; -0,56562000;
202300051150.0;1;972;97214;2;1;1.0;7.0;14,83237600; -61,05136400;
202300051151.0;5;69;69386;2;1;1.0;1.0;45,77138000;4,84683000;
202300051152.0;1;33;33200;2;1;1.0;2.0;44,89525000; -0,66924000;
202300051153.0;4;2B;2B120;2;1;1.0;3.0;42,65440000;9,44571000;
202300051154.0;4;45;45302;2;1;1.0;6.0;47,95557000;1,87813000;
202300051155.0;1;972;97210;2;1;1.0;1.0;14,61530200; -60,91135200;
202300051156.0;1;47;47119;1;1;1.0;6.0;44,19172800;0,06956600;
202300051157.0;1;35;35115;2;1;1.0;2.0;48,34646000; -1,18403000;
202300051158.0;1;972;97204;1;1;1.0;7.0;14,69907600; -61,17578000;
202300051159.0;1;971;97101;1;3;2.0;6.0;16,24481000; -61,53037000;
202300051160.0;1;33;33281;2;1;1.0;4.0;44,83933000; -0,62988000;
202300051161.0;3;86;86039;1;1;1.0;6.0;46,26222800;0,17047200;
202300051162.0;5;34;34172;2;2;1.0;1.0;43,60281000;3,86366000;
202300051163.0;5;70;70550;2;2;1.0;3.0;47,61708000;6,16060000;
202300051164.0;1;39;39290;1;1;2.0;6.0;46,42821900;5,59892500;
202300051165.0;5;95;95539;2;2;1.0;1.0;48,99158000;2,36027000;
202300051166.0;1;33;33063;2;3;1.0;3.0;44,84716000; -0,57670000;
202300051167.0;1;83;83086;1;1;1.0;5.0;43,45795000;6,55796900;
202300051168.0;1;69;69266;2;1;1.0;6.0;45,75827000;4,89919000;
202300051169.0;1;33;33281;2;1;1.0;2.0;44,81962000; -0,65301000;
202300051170.0;3;29;29279;1;1;1.0;6.0;48,59669418; -3,88880253;
202300051171.0;1;11;11098;1;1;1.0;6.0;43,18810200;2,72338600;
202300051172.0;5;95;95555;1;2;2.0;3.0;48,97320000;2,27606000;
202300051173.0;2;33;33063;2;1;2.0;3.0;44,83554000; -0,54810000;
202300051174.0;1;69;69029;2;2;1.0;3.0;45,72184000;4,91434000;
202300051175.0;1;29;29024;2;1;1.0;6.0;48,27728700; -3,55897300;
202300051176.0;1;01;01353;2;1;1.0;1.0;45,94865800;4,80851400;
202300051177.0;5;95;95323;2;1;3.0;6.0;49,01465000;2,02622000;
202300051178.0;1;69;69259;2;1;1.0;3.0;45,72045000;4,87472000;
202300051179.0;1;14;14487;1;1;1.0;1.0;49,17875400;0,20450400;
202300051180.0;1;59;59579;1;1;1.0;7.0;50,95531000;2,36555200;
202300051181.0;1;31;31399;2;9;1.0;1.0;43,35844900;1,27473100;
202300051182.0;1;26;26333;2;1;1.0;6.0;45,19499700;4,81642700;
202300051183.0;1;66;66136;2;6;1.0;3.0;42,67851000;2,88088000;
202300051184.0;3;13;13103;1;3;1.0;3.0;43,64000000;5,03000000;
202300051185.0;1;27;27306;2;1;1.0;6.0;49,00862000;1,16984000;
202300051186.0;1;66;66136;2;1;1.0;2.0;42,68094000;2,88171100;
202300051187.0;1;02;02607;1;1;1.0;1.0;49,33514100;3,26456000;
202300051188.0;5;25;25056;2;1;1.0;6.0;47,25995000;6,03364000;
202300051189.0;1;62;62698;1;1;1.0;5.0;50,50938700;1,76420700;
202300051190.0;5;91;91425;2;2;2.0;3.0;48,63984000;2,26807000;
202300051191.0;1;62;62186;2;1;1.0;3.0;50,44522480;2,72314918;
202300051192.0;1;04;04033;1;1;1.0;6.0;44,45207500;6,37473600;
202300051193.0;1;13;13213;2;1;1.0;5.0;43,34599102;5,42532496;
202300051194.0;5;25;25056;2;1;2.0;6.0;47,26076700;6,02754800;
202300051195.0;2;02;02027;2;1;1.0;1.0;49,69124200;3,55999900;
202300051196.0;1;61;61169;1;1;1.0;1.0;48,72651200; -0,59254600;
202300051197.0;5;13;13208;2;1;1.0;7.0;43,26579000;5,37290000;
202300051198.0;4;22;22360;2;1;1.0;3.0;48,49028000; -2,76778000;
202300051199.0;1;84;84031;1;6;1.0;3.0;44,04659000;5,02439000;
202300051200.0;2;15;15187;2;1;1.0;1.0;45,04138700;3,08527100;
202300051201.0;1;59;59122;2;3;1.0;3.0;50,16889000;3,22895000;
202300051202.0;5;14;14366;2;1;1.0;7.0;49,13481000;0,22660000;
202300051203.0;1;11;11367;1;1;2.0;6.0;43,39433700;2,12604800;
202300051204.0;2;41;41258;1;1;2.0;3.0;47,31237700;1,33083200;
202300051205.0;5;78;78372;2;3;2.0;2.0;48,87568300;2,10338400;
202300051206.0;2;13;13213;2;3;1.0;5.0;43,33720000;5,43539000;
202300051207.0;5;13;13106;1;1;2.0;6.0;43,38862000;5,35215000;
202300051208.0;1;57;57306;2;1;1.0;6.0;49,32997934;6,07443094;
202300051209.0;3;60;60403;1;1;1.0;6.0;49,49857000;2,00526200;
202300051210.0;1;41;41166;1;1;8.0;7.0;47,40861600;1,37851800;
202300051211.0;1;15;15192;1;1;1.0;1.0;45,06971400;2,71885100;
202300051212.0;1;13;13028;2;9;1.0;6.0;43,17512000;5,60518000;
202300051213.0;1;57;57672;1;1;1.0;2.0;49,39735000;6,11434000;
202300051214.0;5;13;13208;2;1;1.0;2.0;43,27598000;5,38690000;
202300051215.0;3;86;86014;1;1;1.0;2.0;46,74256600;0,55408000;
202300051216.0;1;60;60403;2;3;1.0;6.0;49,50256900;1,99638400;
202300051217.0;3;78;78372;1;2;3.0;5.0;48,85418500;2,08371800;
202300051218.0;3;01;01188;1;3;1.0;7.0;46,18737700;4,84849000;
202300051219.0;1;13;13214;2;1;1.0;6.0;43,32922000;5,37408000;
202300051220.0;1;10;10081;1;9;1.0;2.0;48,30799000;4,02227000;
202300051221.0;1;56;56121;2;2;1.0;3.0;47,74614000; -3,35907000;
202300051222.0;3;86;86258;1;2;1.0;6.0;46,79861200;0,41637500;
202300051223.0;2;68;68120;1;1;3.0;1.0;47,51759900;7,48201100;
202300051224.0;1;77;77131;2;1;8.0;6.0;48,80277000;3,09610000;
202300051225.0;3;01;01138;1;1;3.0;6.0;45,85779800;5,79940500;
202300051226.0;3;04;04112;1;1;1.0;7.0;43,84534000;5,83366000;
202300051227.0;1;56;56098;2;9;1.0;3.0;47,76828000; -3,34360000;
202300051228.0;1;13;13002;2;1;2.0;5.0;43,38416479;5,55515638;
202300051229.0;1;85;85143;1;1;1.0;6.0;46,53065500; -0,73894500;
202300051230.0;3;68;68377;2;1;1.0;6.0;47,62203800;7,27283100;
202300051231.0;2;70;70142;1;1;1.0;7.0;47,29618900;5,62936700;
202300051232.0;1;76;76216;2;1;2.0;2.0;49,45500000;1,05200000;
202300051233.0;1;54;54578;2;1;1.0;3.0;48,67485494;6,16324157;
202300051234.0;1;39;39478;2;1;1.0;6.0;46,38685400;5,86589300;
202300051235.0;1;75;75119;2;1;1.0;2.0;48,90043300;2,38615800;
202300051236.0;1;12;12089;1;1;2.0;3.0;44,58709407;2,24861294;
202300051237.0;1;72;72309;2;9;8.0;3.0;48,31063213; -0,06907225;
202300051238.0;1;41;41194;2;3;1.0;2.0;47,36529900;1,72655300;
202300051239.0;5;72;72181;2;1;2.0;6.0;48,00270000;0,19342000;
202300051240.0;1;53;53130;2;1;1.0;3.0;48,08093000; -0,79359000;
202300051241.0;1;66;66124;2;3;1.0;3.0;42,50265000;2,04899300;
202300051242.0;1;75;75113;2;1;1.0;2.0;48,82000400;2,37422500;
202300051243.0;5;11;11069;2;6;2.0;2.0;43,21260000;2,37167000;
202300051244.0;1;72;72228;1;1;1.0;1.0;47,83289200; -0,19473900;
202300051245.0;1;2A;2A278;1;1;1.0;1.0;41,76463800;9,08949100;
202300051246.0;1;51;51454;2;1;1.0;1.0;49,21448000;4,01385000;
202300051247.0;3;14;14578;1;1;2.0;7.0;49,35752900;0,16200500;
202300051248.0;1;75;75116;2;1;1.0;7.0;48,84657500;2,25487500;
202300051249.0;5;72;72181;2;1;3.0;1.0;47,97896000;0,21466000;
202300051250.0;2;18;18138;1;2;1.0;2.0;47,07944500;2,30386700;
202300051251.0;5;06;06088;2;2;1.0;6.0;43,71170000;7,28522000;
202300051252.0;1;51;51454;2;1;1.0;6.0;49,24172000;4,03073000;
202300051253.0;1;53;53245;1;1;2.0;7.0;48,30926000; -1,06638700;
202300051254.0;1;50;50487;2;1;8.0;1.0;48,50233900; -1,39683000;
202300051255.0;1;41;41256;1;1;1.0;5.0;47,28336300;2,04350000;
202300051256.0;1;72;72181;2;1;2.0;2.0;47,97884000;0,20522000;
202300051257.0;1;51;51454;2;3;1.0;3.0;49,23414000;4,01406000;
202300051258.0;1;75;75116;2;1;2.0;4.0;48,86978400;2,27168400;
202300051259.0;1;21;21008;1;2;2.0;3.0;47,53468200;4,48184300;
202300051260.0;1;28;28278;1;6;1.0;3.0;48,45577600;1,54298600;
202300051261.0;5;06;06004;2;1;1.0;5.0;43,57910000;7,11795000;
202300051262.0;1;47;47001;2;3;1.0;3.0;44,20795000;0,62079000;
202300051263.0;1;75;75112;2;1;1.0;2.0;48,82746600;2,39231200;
202300051264.0;1;69;69266;2;2;8.0;3.0;45,76181000;4,88472000;
202300051265.0;1;64;64155;1;1;3.0;2.0;43,18264900; -1,17672300;
202300051266.0;1;27;27620;1;1;1.0;7.0;49,29260900;0,50073600;
202300051267.0;1;45;45234;2;1;1.0;6.0;47,91585000;1,90274000;
202300051268.0;1;85;85017;1;1;6.0;3.0;46,89758400; -1,06520500;
202300051269.0;1;75;75112;2;1;1.0;4.0;48,84653800;2,41435600;
202300051270.0;1;69;69266;2;8;2.0;6.0;45,75451000;4,88495000;
202300051271.0;5;73;73255;2;1;2.0;6.0;45,33445100;6,30616000;
202300051272.0;1;17;17050;1;2;1.0;3.0;45,47380600; -0,61603400;
202300051273.0;2;75;75120;2;4;2.0;3.0;48,85736800;2,40413000;
202300051274.0;1;22;22020;1;1;1.0;1.0;48,29163800; -2,28138000;
202300051275.0;1;40;40281;1;1;1.0;5.0;43,87200000; -0,51900000;
202300051276.0;3;36;36200;1;1;1.0;6.0;46,61892697;1,53248549;
202300051277.0;5;69;69259;1;1;1.0;6.0;45,69192000;4,90161000;
202300051278.0;1;75;75106;2;3;1.0;3.0;48,85451300;2,33688700;
202300051279.0;1;38;38185;2;1;1.0;6.0;45,19051000;5,70452000;
202300051280.0;1;75;75119;2;3;1.0;6.0;48,87856000;2,37544200;
202300051281.0;1;37;37226;2;6;1.0;3.0;47,10579900;0,61651600;
202300051282.0;2;07;07122;1;1;3.0;7.0;44,57023900;4,36840700;
202300051283.0;1;56;56040;1;1;1.0;2.0;47,86765300; -3,34156000;
202300051284.0;1;65;65440;2;4;1.0;3.0;43,23476263;0,07382794;
202300051285.0;5;75;75118;2;1;1.0;3.0;48,88364600;2,34780900;
202300051286.0;3;60;60009;1;1;1.0;2.0;49,40682000;2,12649800;
202300051287.0;1;04;04110;2;1;2.0;7.0;44,04570200;6,13210900;
202300051288.0;1;37;37261;2;2;1.0;6.0;47,38411000;0,69152000;
202300051289.0;5;75;75113;2;2;2.0;3.0;48,83331631;2,36365914;
202300051290.0;1;2B;2B341;1;1;1.0;3.0;42,22993100;9,18972000;
202300051291.0;1;36;36202;1;1;1.0;7.0;46,86480315;1,62569532;
202300051292.0;5;64;64445;2;3;1.0;3.0;43,29004000; -0,37931000;
202300051293.0;1;75;75116;2;2;1.0;6.0;48,85852100;2,28457100;
202300051294.0;1;67;67488;1;4;1.0;3.0;48,91542100;7,12117900;
202300051295.0;1;85;85096;2;3;1.0;7.0;46,89051000; -1,84387900;
202300051296.0;1;75;75114;2;1;6.0;2.0;48,82156600;2,34100000;
202300051297.0;1;2B;2B319;1;1;1.0;1.0;42,43098000;9,52334900;
202300051298.0;1;33;33063;2;2;1.0;3.0;44,84730000; -0,62290000;
202300051299.0;1;75;75114;2;2;1.0;6.0;48,83244200;2,32589100;
202300051300.0;3;17;17053;1;1;8.0;2.0;45,89728500; -0,75466100;
202300051301.0;5;64;64348;1;3;2.0;6.0;43,30614000; -0,42325000;
202300051302.0;1;85;85182;1;1;1.0;6.0;46,78557800; -0,81171600;
202300051303.0;5;80;80333;2;1;2.0;6.0;50,33954600;1,56046700;
202300051304.0;1;75;75114;2;3;1.0;6.0;48,83146361;2,32536793;
202300051305.0;2;33;33063;2;2;1.0;3.0;44,87839000; -0,54373000;
202300051306.0;1;85;85146;2;2;7.0;3.0;46,97961900; -1,30772200;
202300051307.0;5;75;75114;2;3;1.0;3.0;48,83210500;2,31047000;
202300051308.0;1;62;62193;2;2;1.0;6.0;50,95993000;1,85131000;
202300051309.0;5;33;33063;2;3;1.0;7.0;44,84940000; -0,54468000;
202300051310.0;1;71;71204;2;6;1.0;1.0;46,82012400;4,85082300;
202300051311.0;1;38;38401;1;1;1.0;4.0;45,56033475;5,41262647;
202300051312.0;1;75;75114;2;3;1.0;3.0;48,83325000;2,33153700;
202300051313.0;2;27;27108;1;2;8.0;3.0;48,74604100;0,81837400;
202300051314.0;5;60;60175;2;1;3.0;6.0;49,25322000;2,47194000;
202300051315.0;5;29;29232;2;1;1.0;6.0;47,97938000; -4,12145000;