Num_Acc;lum;departement;commune;agglomeration;intersection;meteo;type_collision;lat;long;date
202300051316.0;5;75;75114;2;3;1.0;2.0;48,83924200;2,33834200;
202300051317.0;1;28;28089;1;1;2.0;6.0;48,57584400;1,23376300;
202300051318.0;2;971;97107;2;1;1.0;6.0;16,10596000; -61,56531700;
202300051319.0;5;75;75109;2;1;2.0;2.0;48,87686700;2,33834200;
202300051320.0;2;71;71522;1;2;3.0;3.0;46,61066400;4,95425700;
202300051321.0;5;57;57660;2;3;2.0;3.0;49,19270000;6,91425000;
202300051322.0;1;29;29039;1;6;1.0;3.0;47,86235424; -3,88869881;
202300051323.0;1;75;75112;2;2;1.0;6.0;48,84664000;2,37672700;
202300051324.0;3;34;34151;1;1;1.0;1.0;43,64154100;4,13824100;
202300051325.0;1;75;75103;2;4;2.0;7.0;48,86626000;2,35974200;
202300051326.0;1;48;48097;1;1;8.0;1.0;44,15085100;3,76354700;
202300051327.0;1;54;54395;2;1;1.0;3.0;48,69891000;6,18777000;
202300051328.0;3;76;76507;2;1;1.0;6.0;50,03940500;1,44437000;
202300051329.0;1;24;24037;2;6;1.0;3.0;44,84848000;0,48402000;
202300051330.0;1;84;84105;1;1;1.0;3.0;43,86641900;5,41417800;
202300051331.0;1;94;94038;2;1;2.0;6.0;48,77608800;2,34229100;
202300051332.0;1;51;51454;2;1;1.0;7.0;49,22648000;4,09156000;
202300051333.0;1;75;75112;2;2;1.0;3.0;48,82377400;2,45763100;
202300051334.0;1;08;08185;1;1;1.0;1.0;49,98784900;4,67858800;
202300051335.0;5;47;47052;2;1;1.0;6.0;44,31438400;0,07908200;
202300051336.0;1;83;83027;1;1;7.0;1.0;43,18525400;5,76142800;
202300051337.0;1;18;18279;2;3;1.0;1.0;47,23422000;2,09646000;
202300051338.0;5;49;49007;2;1;1.0;2.0;47,47932000; -0,56001000;
202300051339.0;1;94;94054;2;2;1.0;3.0;48,74303501;2,38871312;
202300051340.0;1;47;47188;1;1;1.0;6.0;44,58161500;0,46377000;
202300051341.0;1;75;75112;2;1;1.0;2.0;48,84472200;2,36775000;
202300051342.0;1;10;10380;1;1;1.0;2.0;48,54346100;4,18832300;
202300051343.0;2;06;06146;1;1;2.0;6.0;43,93140400;7,17784900;
202300051344.0;1;94;94018;2;3;1.0;6.0;48,82359179;2,40438715;
202300051345.0;1;13;13072;2;1;1.0;6.0;43,44860000;5,63922600;
202300051346.0;5;41;41018;2;9;2.0;2.0;47,58707000;1,31556000;
202300051347.0;3;68;68176;2;1;2.0;7.0;47,55917400;7,18658700;
202300051348.0;5;75;75108;2;1;1.0;5.0;48,86450700;2,30514000;
202300051349.0;1;42;42243;1;1;1.0;6.0;45,86096600;3,99404500;
202300051350.0;1;14;14366;2;1;1.0;3.0;49,14367000;0,21512300;
202300051351.0;1;94;94017;2;1;2.0;6.0;48,82603000;2,51543000;
202300051352.0;1;68;68155;2;6;1.0;3.0;48,09444100;7,30571000;
202300051353.0;1;37;37261;2;1;2.0;3.0;47,38043000;0,69741000;
202300051354.0;1;93;93066;2;1;1.0;6.0;48,94225700;2,38499800;
202300051355.0;1;30;30032;2;1;1.0;6.0;43,80829000;4,64757000;
202300051356.0;5;75;75107;2;1;1.0;5.0;48,86288400;2,31792100;
202300051357.0;1;21;21606;1;2;1.0;1.0;47,06420200;4,86738300;
202300051358.0;3;25;25160;1;1;1.0;6.0;47,03017900;6,49901400;
202300051359.0;1;93;93051;2;1;1.0;6.0;48,84281500;2,54131800;
202300051360.0;3;35;35049;2;1;1.0;6.0;48,67051000; -1,86679600;
202300051361.0;1;37;37261;2;8;2.0;3.0;47,39697000;0,68613000;
202300051362.0;1;13;13215;2;1;1.0;1.0;43,35333812;5,36906727;
202300051363.0;5;94;94052;2;1;1.0;6.0;48,83247400;2,47719900;
202300051364.0;1;68;68317;2;3;2.0;3.0;48,06280300;7,10332100;
202300051365.0;1;93;93048;2;3;1.0;6.0;48,87412000;2,45438000;
202300051366.0;2;67;67162;1;1;5.0;2.0;48,76964700;7,48283700;
202300051367.0;1;34;34003;2;1;1.0;3.0;43,30689000;3,49321000;
202300051368.0;3;29;29197;1;1;1.0;1.0;48,00646300; -4,47660700;
202300051369.0;5;13;13208;2;1;1.0;3.0;43,25350160;5,37595755;
202300051370.0;1;67;67010;1;4;2.0;7.0;48,38162300;7,42941900;
202300051371.0;1;92;92078;2;3;2.0;6.0;48,93557000;2,33294700;
202300051372.0;1;94;94041;2;9;1.0;3.0;48,80806512;2,40212883;
202300051373.0;1;33;33063;2;1;8.0;7.0;44,87205000; -0,56121000;
202300051374.0;1;06;06088;1;1;1.0;2.0;43,67433600;7,19784700;
202300051375.0;1;67;67118;1;1;1.0;6.0;48,58876500;7,68736100;
202300051376.0;1;92;92075;2;2;1.0;7.0;48,82413868;2,29806773;
202300051377.0;5;13;13208;2;1;1.0;3.0;43,22801000;5,34970000;
202300051378.0;5;31;31430;1;2;8.0;3.0;43,10088900;0,60590000;
202300051379.0;1;94;94028;2;1;1.0;2.0;48,78131000;2,45969000;
202300051380.0;1;33;33039;2;1;1.0;3.0;44,78566032; -0,56636184;
202300051381.0;1;67;67300;2;1;1.0;6.0;48,53310400;7,49798700;
202300051382.0;1;33;33167;2;1;8.0;6.0;44,84345000; -0,52909000;
202300051383.0;1;63;63021;1;1;8.0;3.0;45,64378050;3,18233428;
202300051384.0;1;92;92040;2;3;1.0;6.0;48,82746000;2,27621000;
202300051385.0;1;13;13202;2;3;1.0;6.0;43,29578000;5,36656000;
202300051386.0;1;84;84017;1;1;1.0;1.0;44,12145200;5,24935700;
202300051387.0;5;94;94054;2;1;1.0;3.0;48,74460000;2,40780000;
202300051388.0;1;03;03254;2;6;1.0;6.0;46,30277000;3,28398100;
202300051389.0;1;33;33162;2;1;8.0;1.0;44,88798798; -0,64399570;
202300051390.0;5;13;13208;2;1;1.0;6.0;43,25164411;5,37803630;
202300051391.0;1;73;73242;2;1;1.0;1.0;45,20788896;6,27429038;
202300051392.0;1;92;92040;2;1;1.0;2.0;48,82761000;2,27127000;
202300051393.0;1;13;13097;1;1;1.0;1.0;43,63843600;4,84531400;
202300051394.0;5;93;93066;2;2;1.0;3.0;48,94085400;2,37446400;
202300051395.0;1;15;15163;1;3;1.0;1.0;44,80875400;2,39411600;
202300051396.0;1;92;92036;2;3;1.0;3.0;48,93351000;2,29619000;
202300051397.0;1;29;29019;1;1;1.0;5.0;48,42255903; -4,47687371;
202300051398.0;1;33;33114;1;1;2.0;2.0;45,11157300; -0,37829900;
202300051399.0;2;13;13001;2;1;2.0;1.0;43,53455000;5,34899000;
202300051400.0;5;93;93055;2;2;1.0;6.0;48,89153000;2,40493000;
202300051401.0;3;77;77412;1;1;1.0;3.0;48,47815600;2,51563300;
202300051402.0;5;28;28085;2;1;2.0;3.0;48,44651000;1,47974000;
202300051403.0;1;92;92024;2;1;1.0;2.0;48,90745656;2,30420128;
202300051404.0;1;01;01138;2;3;1.0;3.0;45,84405300;5,77349900;
202300051405.0;3;09;09225;2;1;1.0;6.0;43,11541000;1,61790000;
202300051406.0;3;987;98725;2;1;2.0;7.0; -17,50678300; -149,45915600;
202300051407.0;1;19;19272;2;1;3.0;6.0;45,27419900;1,78231300;
202300051408.0;1;92;92024;2;1;1.0;2.0;48,90761179;2,29822129;
202300051409.0;5;93;93050;2;5;1.0;6.0;48,85959000;2,53705000;
202300051410.0;5;974;97408;2;9;1.0;6.0; -20,95983500;55,32541100;
202300051411.0;1;56;56076;1;3;1.0;3.0;48,02918300; -3,02703400;
202300051412.0;1;17;17415;1;9;8.0;2.0;45,74181000; -0,66836000;
202300051413.0;1;01;01328;1;1;1.0;1.0;46,13603600;5,01292300;
202300051414.0;1;60;60152;1;1;1.0;1.0;49,39902100;2,61157000;
202300051415.0;1;06;06088;2;1;1.0;6.0;43,70186000;7,28283000;
202300051416.0;1;93;93029;2;1;1.0;6.0;48,91339800;2,46513300;
202300051417.0;1;13;13040;1;9;1.0;3.0;43,47417000;5,54271000;
202300051418.0;1;15;15012;2;1;3.0;7.0;44,90618000;2,45481000;
202300051419.0;1;24;24442;2;1;2.0;6.0;45,10649200;0,48835000;
202300051420.0;1;59;59400;2;1;1.0;1.0;50,65062400;2,63522200;
202300051421.0;1;70;70257;1;1;1.0;1.0;47,49820400;5,94884200;
202300051422.0;1;37;37079;2;2;1.0;3.0;47,33127754;1,04613125;
202300051423.0;2;06;06069;2;3;1.0;3.0;43,64298900;6,95705600;
202300051424.0;1;93;93029;2;2;1.0;3.0;48,91934937;2,46030717;
202300051425.0;1;52;52076;1;1;1.0;2.0;48,08375539;4,99720771;
202300051426.0;5;13;13205;2;2;1.0;3.0;43,29363000;5,40168000;
202300051427.0;1;13;13212;2;1;1.0;2.0;43,29720000;5,42470000;
202300051428.0;1;06;06056;1;9;1.0;7.0;44,19636300;6,74646200;
202300051429.0;1;28;28187;1;2;8.0;3.0;48,91453200;1,45949700;
202300051430.0;5;92;92073;2;2;1.0;6.0;48,86767750;2,22587407;
202300051431.0;1;18;18151;1;1;3.0;6.0;47,26066900;2,69923400;
202300051432.0;1;75;75114;2;1;1.0;3.0;48,81671400;2,34029800;
202300051433.0;1;83;83137;1;1;1.0;2.0;43,12197000;5,95497700;
202300051434.0;5;92;92060;2;1;1.0;3.0;48,77690084;2,24999204;
202300051435.0;1;14;14397;1;1;1.0;3.0;49,30376200; -0,85426700;
202300051436.0;1;44;44073;1;1;3.0;7.0;47,41444000; -1,64166200;
202300051437.0;1;13;13208;2;2;1.0;3.0;43,27000000;5,39000000;
202300051438.0;5;75;75112;2;1;1.0;3.0;48,84583100;2,41420900;
202300051439.0;1;77;77381;1;2;1.0;3.0;48,62164200;2,97274400;
202300051440.0;3;91;91216;1;1;1.0;7.0;48,68093000;2,33116000;
202300051441.0;1;92;92004;2;1;7.0;2.0;48,92937271;2,28190309;
202300051442.0;1;09;09190;1;1;2.0;1.0;43,09037900;1,21985800;
202300051443.0;5;75;75118;2;1;1.0;6.0;48,90044200;2,35849300;
202300051444.0;1;83;83054;2;3;1.0;3.0;43,16608500;6,03032500;
202300051445.0;1;13;13001;2;9;1.0;3.0;43,52935776;5,40767488;
202300051446.0;1;77;77217;1;1;2.0;1.0;48,69283000;2,68811000;
202300051447.0;1;92;92014;2;1;1.0;3.0;48,77681688;2,31470597;
202300051448.0;1;56;56165;2;1;1.0;6.0;47,92363300; -2,40508300;
202300051449.0;1;64;64529;1;1;1.0;2.0;43,30397600; -0,76271300;
202300051450.0;1;75;75117;2;4;1.0;3.0;48,88883500;2,30440000;
202300051451.0;1;11;11262;2;2;1.0;3.0;43,15720500;2,98364300;
202300051452.0;1;92;92014;2;2;1.0;3.0;48,77395595;2,31812131;
202300051453.0;5;74;74309;1;3;2.0;3.0;46,11346600;6,00739200;
202300051454.0;1;75;75116;2;3;1.0;6.0;48,84150600;2,26653700;
202300051455.0;1;43;43025;1;2;1.0;1.0;45,24913200;4,09602300;
202300051456.0;1;79;79299;1;1;1.0;7.0;46,91677700; -0,25035000;
202300051457.0;1;93;93006;1;1;1.0;4.0;48,86966029;2,42972435;
202300051458.0;3;2B;2B193;1;1;1.0;1.0;42,39147600;9,18312200;
202300051459.0;2;10;10357;2;1;2.0;6.0;48,30640000;4,10150000;
202300051460.0;3;53;53245;1;1;1.0;6.0;48,27847300; -1,01434700;
202300051461.0;1;75;75114;2;3;1.0;3.0;48,84371500;2,32426800;
202300051462.0;1;95;95582;1;1;2.0;6.0;48,96354686;2,26455688;
202300051463.0;3;60;60369;1;1;9.0;4.0;49,32755500;2,71175600;
202300051464.0;5;08;08105;2;9;2.0;2.0;49,74916200;4,71772800;
202300051465.0;5;2A;2A271;2;1;1.0;1.0;41,96932200;8,81767100;
202300051466.0;1;83;83042;2;2;1.0;3.0;43,25092300;6,53662900;
202300051467.0;1;75;75114;2;2;1.0;1.0;48,82546600;2,30234500;
202300051468.0;5;62;62100;2;1;1.0;2.0;50,42422300;1,89739400;
202300051469.0;1;21;21358;1;1;1.0;1.0;47,60999700;4,49398800;
202300051470.0;1;77;77146;1;1;8.0;4.0;48,83117000;2,64092000;
202300051471.0;5;06;06088;2;1;1.0;3.0;43,67483000;7,22342000;
202300051472.0;1;05;05177;1;1;1.0;6.0;44,55136500;6,70039400;
202300051473.0;1;21;21316;1;1;7.0;7.0;47,33049700;5,44514200;
202300051474.0;1;04;04143;1;1;1.0;7.0;43,92305900;5,95542700;
202300051475.0;1;75;75113;2;3;1.0;3.0;48,82675400;2,35711200;
202300051476.0;1;94;94079;1;1;1.0;3.0;48,83416652;2,53591477;
202300051477.0;1;33;33421;1;1;1.0;1.0;44,80852545; -0,13972700;
202300051478.0;3;49;49195;1;3;1.0;3.0;47,06009500; -0,80457700;
202300051479.0;1;04;04112;2;2;1.0;7.0;43,83811000;5,78033000;
202300051480.0;1;75;75112;2;2;1.0;6.0;48,83170700;2,39796200;
202300051481.0;3;75;75112;2;1;2.0;7.0;48,83080700;2,40315400;
202300051482.0;1;40;40001;1;2;1.0;3.0;43,67854200; -0,31519200;
202300051483.0;5;81;81273;2;1;1.0;6.0;43,58617100;2,17452300;
202300051484.0;1;94;94028;1;1;2.0;2.0;48,79245180;2,44126117;
202300051485.0;1;67;67023;1;2;1.0;7.0;48,77862700;7,71916200;
202300051486.0;1;47;47226;1;2;3.0;1.0;44,62011200;0,33075900;
202300051487.0;5;75;75112;2;1;1.0;6.0;48,83791300;2,46436600;
202300051488.0;3;24;24237;1;6;2.0;6.0;44,88872700;0,55123200;
202300051489.0;5;75;75119;2;1;2.0;4.0;48,90035900;2,37664200;
202300051490.0;2;28;28222;1;1;1.0;6.0;48,30694000;1,40169600;
202300051491.0;1;34;34214;1;1;1.0;7.0;43,48985000;3,27687300;
202300051492.0;1;55;55427;2;6;1.0;3.0;48,82115100;4,98165300;
202300051493.0;1;75;75117;2;1;2.0;3.0;48,88959100;2,29741700;
202300051494.0;1;75;75110;2;1;1.0;3.0;48,88221700;2,35073800;
202300051495.0;3;01;01288;1;1;1.0;6.0;46,17336218;5,91443717;
202300051496.0;3;42;42038;1;9;1.0;6.0;45,62396100;4,12854700;
202300051497.0;2;75;75117;2;3;1.0;1.0;48,88818300;2,31053300;
202300051498.0;1;04;04076;2;3;1.0;3.0;43,94930800;6,81290200;
202300051499.0;1;34;34252;1;3;1.0;3.0;43,65567600;3,10984400;
202300051500.0;2;75;75120;2;2;1.0;3.0;48,86458500;2,40723500;
202300051501.0;1;75;75110;2;3;1.0;3.0;48,87035300;2,34956000;
202300051502.0;5;75;75117;2;5;1.0;6.0;48,88734500;2,31413200;
202300051503.0;1;26;26170;1;2;7.0;3.0;44,90539300;4,94581600;
202300051504.0;3;29;29020;1;1;1.0;3.0;48,09872000; -4,03173000;
202300051505.0;3;85;85018;1;2;1.0;6.0;46,87823500; -2,05847700;
202300051506.0;2;44;44213;1;1;6.0;5.0;47,37226000; -1,01728100;
202300051507.0;1;75;75120;2;3;2.0;6.0;48,86456800;2,40732500;
202300051508.0;4;85;85046;1;9;1.0;7.0;46,66559000; -1,29457200;
202300051509.0;1;75;75108;2;2;1.0;1.0;48,87684900;2,32168800;
202300051510.0;3;14;14027;2;1;1.0;6.0;48,98992300; -0,62247600;
202300051511.0;1;29;29300;1;3;2.0;1.0;47,89483600; -3,64889600;
202300051512.0;1;01;01313;2;3;1.0;3.0;46,25287200;6,08205900;
202300051513.0;1;75;75119;2;1;1.0;2.0;48,87814700;2,37189500;
202300051514.0;1;75;75120;2;2;2.0;3.0;48,87723000;2,40679400;
202300051515.0;2;75;75102;2;2;1.0;6.0;48,86853500;2,34191900;
202300051516.0;1;06;06095;2;1;1.0;6.0;43,64062300;6,87765000;
202300051517.0;2;27;27107;1;1;1.0;3.0;49,38695800;0,59794200;
202300051518.0;1;38;38034;2;6;1.0;3.0;45,34645000;5,04175000;
202300051519.0;1;69;69069;2;3;3.0;3.0;45,74734200;4,74307900;
202300051520.0;1;75;75119;2;1;1.0;4.0;48,87425500;2,37464000;
202300051521.0;1;94;94068;2;1;1.0;6.0;48,80337400;2,48905500;
202300051522.0;2;02;02235;1;1;6.0;7.0;49,42993600;3,78111500;
202300051523.0;2;27;27224;1;1;2.0;6.0;49,13942500;0,88903400;
202300051524.0;1;75;75120;2;2;3.0;6.0;48,87009900;2,39577600;
202300051525.0;3;38;38030;1;1;1.0;1.0;45,34523800;5,46492600;
202300051526.0;1;31;31395;2;1;1.0;6.0;43,46989500;1,32693200;
202300051527.0;1;75;75119;2;1;1.0;2.0;48,87300200;2,37605200;
202300051528.0;1;75;75119;2;1;1.0;6.0;48,88262500;2,37958000;
202300051529.0;1;94;94038;2;1;1.0;6.0;48,77448527;2,35454996;
202300051530.0;1;91;91534;2;9;7.0;1.0;48,74788400;2,16541800;
202300051531.0;1;01;01093;1;1;2.0;3.0;46,13363300;4,97013000;
202300051532.0;1;75;75119;2;3;3.0;3.0;48,88734200;2,37286400;
202300051533.0;1;27;27679;2;1;1.0;1.0;48,73840800;0,91417900;
202300051534.0;1;51;51488;1;1;1.0;4.0;49,10352400;3,98120300;
202300051535.0;3;24;24223;1;1;2.0;6.0;44,85023300;0,77121100;
202300051536.0;1;26;26369;1;1;1.0;6.0;44,37707600;5,43121000;
202300051537.0;1;75;75119;2;2;2.0;3.0;48,87558500;2,38188000;
202300051538.0;1;94;94028;2;1;1.0;3.0;48,78323500;2,44685300;
202300051539.0;3;56;56185;1;1;2.0;6.0;47,79079700; -3,44363700;
202300051540.0;5;75;75116;2;2;2.0;1.0;48,85858400;2,24490000;
202300051541.0;3;59;59662;1;1;9.0;6.0;50,84334200;2,57216300;
202300051542.0;1;75;75117;2;3;2.0;3.0;48,87927600;2,30306100;
202300051543.0;4;94;94017;1;6;8.0;6.0;48,82976000;2,48995000;
202300051544.0;1;14;14371;1;2;1.0;3.0;49,03127000;0,21022100;
202300051545.0;3;75;75114;2;1;2.0;7.0;48,83552900;2,33354000;
202300051546.0;1;33;33227;2;2;1.0;3.0;44,55443900; -0,25492800;
202300051547.0;1;17;17385;2;3;1.0;7.0;45,93918000; -1,31154700;
202300051548.0;3;77;77414;1;3;1.0;3.0;48,65230400;3,21893000;
202300051549.0;1;07;07117;1;1;1.0;7.0;44,43450000;4,22428600;
202300051550.0;1;75;75115;2;3;3.0;2.0;48,82863900;2,30142500;
202300051551.0;1;76;76517;1;4;1.0;3.0;49,51670600;1,13934100;
202300051552.0;1;93;93073;2;3;2.0;2.0;48,95872000;2,56764000;
202300051553.0;1;75;75115;2;1;2.0;6.0;48,83408100;2,30739600;
202300051554.0;1;50;50041;1;3;1.0;3.0;49,66048900; -1,82398300;
202300051555.0;1;88;88486;2;2;1.0;7.0;48,00471100;6,72408900;
202300051556.0;1;75;75113;2;5;1.0;2.0;48,81643900;2,36008500;
202300051557.0;3;53;53146;1;1;2.0;6.0;48,20525600; -0,69153800;
202300051558.0;5;93;93073;1;1;1.0;3.0;49,00301204;2,53687204;
202300051559.0;5;2A;2A362;2;1;1.0;5.0;41,69747000;9,34298200;
202300051560.0;1;75;75113;2;3;2.0;3.0;48,82511400;2,35759100;
202300051561.0;1;93;93072;2;1;2.0;2.0;48,94605000;2,38656000;
202300051562.0;1;93;93064;2;1;1.0;6.0;48,88070304;2,47718633;
202300051563.0;1;75;75113;2;1;2.0;3.0;48,83239100;2,36113300;
202300051564.0;3;988;98805;1;1;2.0;6.0; -22,22550000;166,46239700;
202300051565.0;1;40;40282;2;1;1.0;1.0;43,77195400; -0,57402500;
202300051566.0;2;29;29294;1;1;5.0;6.0;48,40246618; -4,14883554;
202300051567.0;5;82;82112;2;2;2.0;4.0;44,10860000;1,10736600;
202300051568.0;1;93;93048;2;1;1.0;6.0;48,86438023;2,46770858;
202300051569.0;1;75;75110;2;3;1.0;6.0;48,88253000;2,36692200;
202300051570.0;5;75;75112;2;2;1.0;3.0;48,84089000;2,40469100;
202300051571.0;1;71;71396;1;3;7.0;6.0;46,86727000;5,19547900;
202300051572.0;1;75;75112;2;1;2.0;6.0;48,84794800;2,38631200;
202300051573.0;3;93;93032;2;1;1.0;3.0;48,89835000;2,54622000;
202300051574.0;1;93;93010;2;1;1.0;6.0;48,90490820;2,48334471;
202300051575.0;5;75;75112;2;2;8.0;6.0;48,84862700;2,37253500;
202300051576.0;1;42;42243;1;1;1.0;6.0;45,86258000;4,00940900;
202300051577.0;1;71;71097;1;1;1.0;1.0;46,55398400;5,10395400;
202300051578.0;1;93;93010;2;1;1.0;6.0;48,89389981;2,47797454;
202300051579.0;1;40;40154;1;4;3.0;3.0;43,98826800; -1,18438800;
202300051580.0;1;71;71162;1;1;1.0;7.0;46,97719400;4,37002800;
202300051581.0;5;75;75109;2;3;1.0;6.0;48,87968400;2,32915900;
202300051582.0;1;92;92064;2;9;1.0;3.0;48,84307081;2,21409246;
202300051583.0;2;75;75108;2;2;2.0;6.0;48,87522500;2,31628800;
202300051584.0;1;89;89307;1;1;8.0;6.0;47,89744200;3,71192000;
202300051585.0;1;94;94081;2;1;2.0;6.0;48,79147656;2,39405555;
202300051586.0;1;92;92064;2;9;1.0;3.0;48,84286600;2,21219500;
202300051587.0;3;34;34031;1;1;2.0;6.0;43,34832300;3,42885000;
202300051588.0;1;24;24525;1;1;1.0;1.0;45,54384000;0,70421900;
202300051589.0;1;13;13212;1;1;1.0;2.0;43,29760000;5,42550000;
202300051590.0;1;94;94065;2;3;2.0;3.0;48,75595000;2,34619000;
202300051591.0;3;44;44072;1;1;2.0;7.0;47,42377600; -2,33924000;
202300051592.0;5;92;92063;2;2;1.0;3.0;48,87628389;2,18576744;
202300051593.0;1;94;94028;2;1;3.0;6.0;48,78563000;2,47009000;
202300051594.0;1;75;75101;2;1;1.0;6.0;48,85737900;2,34575500;
202300051595.0;1;94;94028;2;9;3.0;6.0;48,77492000;2,43979000;
202300051596.0;1;44;44175;2;1;1.0;6.0;47,36060400; -2,31356600;
202300051597.0;1;92;92051;1;1;1.0;3.0;48,89547788;2,27138579;
202300051598.0;1;68;68146;1;1;3.0;2.0;48,12051800;7,36664400;
202300051599.0;1;83;83137;1;1;1.0;3.0;43,13063928;5,97933198;
202300051600.0;3;44;44090;1;1;1.0;1.0;47,00421200; -1,72212800;
202300051601.0;1;31;31390;2;1;2.0;6.0;43,08611244;0,57365410;
202300051602.0;1;92;92051;2;2;1.0;3.0;48,88555966;2,28018343;
202300051603.0;1;33;33075;1;1;1.0;5.0;44,88773714; -0,57988286;
202300051604.0;5;75;75104;2;2;8.0;3.0;48,85608300;2,35068700;
202300051605.0;1;38;38485;2;1;1.0;6.0;45,16908600;5,68034700;
202300051606.0;1;10;10256;1;1;4.0;7.0;48,44553409;4,15687197;
202300051607.0;4;38;38501;2;1;2.0;6.0;45,30146200;5,95132600;
202300051608.0;1;94;94077;2;3;2.0;4.0;48,73183699;2,41222253;
202300051609.0;3;94;94074;2;6;2.0;3.0;48,75260000;2,45494000;
202300051610.0;5;973;97307;2;3;1.0;3.0;4,87615300; -52,33723600;
202300051611.0;1;33;33063;1;1;1.0;4.0;44,88393131; -0,55744886;
202300051612.0;2;02;02520;1;1;9.0;1.0;49,30316000;3,58939600;
202300051613.0;1;94;94054;2;7;2.0;6.0;48,74283125;2,39830282;
202300051614.0;1;59;59401;1;1;3.0;6.0;50,74929000;2,66804000;
202300051615.0;3;94;94073;1;1;2.0;5.0;48,75888000;2,36864000;
202300051616.0;3;21;21054;1;1;1.0;2.0;47,00797100;4,86386100;
202300051617.0;1;92;92051;2;1;1.0;4.0;48,88119000;2,27135000;
202300051618.0;1;94;94017;2;1;2.0;6.0;48,80636000;2,52762000;
202300051619.0;1;94;94054;2;1;2.0;6.0;48,74702500;2,40976100;
202300051620.0;1;44;44094;1;1;6.0;7.0;47,32379800; -1,40628000;
202300051621.0;1;91;91037;1;1;1.0;3.0;48,53193000;2,50115000;
202300051622.0;1;13;13114;1;1;1.0;7.0;43,53638300;5,27710700;
202300051623.0;1;94;94071;2;1;8.0;3.0;48,77152465;2,50365785;
202300051624.0;5;987;98715;2;1;1.0;7.0; -17,54673400; -149,59030500;
202300051625.0;1;94;94053;2;1;2.0;1.0;48,77667000;2,54111000;
202300051626.0;1;94;94076;1;1;8.0;3.0;48,79144268;2,34467388;
202300051627.0;2;92;92050;2;2;1.0;3.0;48,90985168;2,21563697;
202300051628.0;3;01;01258;1;4;9.0;2.0;46,09629000;4,82230900;
202300051629.0;1;11;11145;1;1;1.0;7.0;43,23306458;3,13271769;
202300051630.0;3;91;91377;1;1;1.0;6.0;48,72566500;2,30083500;
202300051631.0;1;06;06149;1;9;1.0;6.0;43,74499900;7,37195500;
202300051632.0;1;93;93073;2;2;1.0;3.0;48,94292000;2,57694000;
202300051633.0;3;26;26213;1;1;1.0;1.0;45,29731700;4,99488500;
202300051634.0;1;93;93071;2;2;1.0;1.0;48,92769000;2,51933000;
202300051635.0;5;92;92040;2;1;1.0;3.0;48,82630416;2,26768792;
202300051636.0;1;987;98712;2;1;1.0;2.0; -17,27900000; -149,54200000;
202300051637.0;2;987;98734;2;1;1.0;2.0; -17,75915000; -149,48281300;
202300051638.0;1;92;92072;1;1;1.0;2.0;48,82786747;2,22509801;
202300051639.0;1;987;98722;1;1;1.0;5.0; -17,59200000; -149,39100000;
202300051640.0;1;92;92036;2;1;1.0;6.0;48,94084600;2,30357100;
202300051641.0;3;988;98815;1;1;1.0;6.0; -21,48450000;168,09567000;
202300051642.0;5;93;93050;2;1;8.0;3.0;48,87259000;2,52963000;
202300051643.0;1;68;68375;2;5;1.0;3.0;47,79628000;7,23456100;
202300051644.0;1;93;93073;2;2;8.0;4.0;48,96690000;2,56800000;
202300051645.0;3;64;64463;1;1;1.0;5.0;43,13870880; -0,39968161;
202300051646.0;1;92;92012;2;1;1.0;2.0;48,83151700;2,23649800;
202300051647.0;1;93;93031;2;1;2.0;3.0;48,96505700;2,29964800;
202300051648.0;1;988;98803;1;1;1.0;6.0; -21,58513000;165,51843000;
202300051649.0;1;78;78133;1;1;1.0;4.0;48,89219100;2,00885300;
202300051650.0;4;95;95256;1;1;1.0;2.0;49,05608800;2,20390700;
202300051651.0;1;974;97408;1;1;3.0;7.0; -20,93048800;55,35856200;
202300051652.0;3;971;97119;1;1;1.0;2.0;16,39894700; -61,50011900;
202300051653.0;1;95;95527;1;9;3.0;3.0;48,99716076;2,51646459;
202300051654.0;1;43;43190;1;1;1.0;5.0;45,01760800;3,99962400;
202300051655.0;1;92;92002;2;6;1.0;1.0;48,76378138;2,30928808;
202300051656.0;1;92;92047;1;1;1.0;7.0;48,83243229;2,15433619;
202300051657.0;2;93;93010;2;2;1.0;1.0;48,91585500;2,49204283;
202300051658.0;1;973;97309;2;1;1.0;5.0;4,92361685; -52,28338972;
202300051659.0;1;93;93066;2;2;8.0;6.0;48,91962000;2,36151000;
202300051660.0;3;95;95436;1;1;1.0;1.0;49,12913700;2,25810300;
202300051661.0;1;971;97112;2;2;1.0;5.0;15,88021400; -61,31036300;
202300051662.0;3;973;97312;1;1;1.0;5.0;5,32882400; -52,91444800;
202300051663.0;4;92;92036;2;4;3.0;3.0;48,93138761;2,32044151;
202300051664.0;5;04;04049;2;1;3.0;6.0;44,09391700;6,00979200;
202300051665.0;1;69;69244;2;1;1.0;1.0;45,75844400;4,75488100;