Num_Acc;lum;departement;commune;agglomeration;intersection;meteo;type_collision;lat;long;date
202300051666.0;1;93;93039;2;1;2.0;6.0;48,93257006;2,34049195;
202300051667.0;1;78;78206;1;1;1.0;5.0;48,94747000;1,94710000;
202300051668.0;4;68;68175;1;1;1.0;7.0;48,14625600;7,18574500;
202300051669.0;3;971;97128;1;1;1.0;1.0;16,22518200; -61,40304900;
202300051670.0;5;37;37011;2;6;6.0;3.0;47,21143500;0,17269100;
202300051671.0;1;17;17175;1;1;1.0;1.0;45,55081200; -0,36357900;
202300051672.0;2;93;93066;2;1;2.0;3.0;48,90650607;2,36193792;
202300051673.0;5;92;92062;2;3;1.0;3.0;48,87957594;2,24047579;
202300051674.0;3;85;85169;1;1;1.0;1.0;46,80254791; -1,60031050;
202300051675.0;1;93;93066;1;1;1.0;2.0;48,92761238;2,35729694;
202300051676.0;1;68;68331;2;2;1.0;3.0;48,04365500;7,40941800;
202300051677.0;1;91;91330;2;1;2.0;6.0;48,52049200;2,25603300;
202300051678.0;1;971;97112;1;3;1.0;3.0;15,90812100; -61,30020300;
202300051679.0;1;92;92040;2;1;3.0;6.0;48,82511869;2,27597885;
202300051680.0;3;57;57155;1;1;1.0;2.0;49,13681400;6,41105900;
202300051681.0;1;87;87192;2;4;1.0;1.0;45,75414000;1,27789600;
202300051682.0;1;93;93046;2;3;2.0;6.0;48,91220000;2,52149000;
202300051683.0;1;28;28173;1;1;1.0;7.0;48,46118300;1,54292700;
202300051684.0;3;41;41130;1;1;1.0;6.0;47,76514700;1,33696300;
202300051685.0;1;2B;2B034;1;1;1.0;1.0;42,63986600;9,00374100;
202300051686.0;5;31;31254;1;1;1.0;6.0;43,53696800;1,51098500;
202300051687.0;1;30;30138;1;6;1.0;3.0;43,81012800;4,24540000;
202300051688.0;1;93;93046;2;1;2.0;1.0;48,91519884;2,54086451;
202300051689.0;2;92;92012;2;2;2.0;1.0;48,84043811;2,23162329;
202300051690.0;2;67;67173;1;3;7.0;3.0;48,63461800;7,67564400;
202300051691.0;1;93;93007;1;1;1.0;4.0;48,94310661;2,47773335;
202300051692.0;3;13;13004;1;1;1.0;3.0;43,62175500;4,50624000;
202300051693.0;1;69;69235;2;3;2.0;6.0;45,52670501;4,86707686;
202300051694.0;5;51;51250;2;1;2.0;6.0;49,30744800;3,67986700;
202300051695.0;1;37;37210;1;1;1.0;1.0;47,21155294;0,34967999;
202300051696.0;1;93;93008;2;3;1.0;3.0;48,90578000;2,46589000;
202300051697.0;1;30;30188;1;9;1.0;3.0;44,01721419;4,15292072;
202300051698.0;1;91;91665;2;1;1.0;6.0;48,66919900;2,27050600;
202300051699.0;1;93;93066;1;1;1.0;3.0;48,92355906;2,34263062;
202300051700.0;5;92;92007;2;1;8.0;2.0;48,80020000;2,31446000;
202300051701.0;1;974;97415;1;1;1.0;1.0; -21,03073400;55,22547700;
202300051702.0;3;03;03193;1;1;2.0;7.0;46,50983900;2,62913300;
202300051703.0;2;77;77367;1;2;1.0;3.0;49,05227700;2,98836200;
202300051704.0;1;73;73285;2;1;1.0;6.0;45,62414000;6,79680200;
202300051705.0;1;93;93001;2;2;1.0;3.0;48,91435000;2,38089000;
202300051706.0;1;60;60350;2;2;1.0;3.0;49,58745000;2,84374200;
202300051707.0;1;95;95256;1;1;1.0;5.0;49,05527959;2,20240474;
202300051708.0;1;973;97308;2;3;1.0;3.0;3,88742100; -51,80219200;
202300051709.0;2;62;62158;1;1;1.0;1.0;50,28406800;2,21370200;
202300051710.0;5;65;65398;1;1;1.0;6.0;42,96128100;0,63144800;
202300051711.0;1;38;38026;1;1;2.0;5.0;45,83403200;5,32373400;
202300051712.0;1;93;93053;1;1;2.0;7.0;48,88716534;2,47490084;
202300051713.0;1;84;84092;1;9;1.0;6.0;43,97598600;4,87375600;
202300051714.0;1;67;67249;1;1;1.0;4.0;48,74232700;7,68726000;
202300051715.0;1;28;28015;1;1;1.0;1.0;48,50245600;1,73599000;
202300051716.0;1;92;92078;2;3;2.0;6.0;48,93550661;2,33386785;
202300051717.0;3;14;14226;1;1;2.0;6.0;48,96060200; -0,40589300;
202300051718.0;1;35;35173;1;1;1.0;1.0;48,20436804; -1,69575423;
202300051719.0;3;69;69163;1;1;1.0;2.0;45,90694628;4,73579900;
202300051720.0;1;84;84054;1;1;1.0;7.0;43,96022500;5,07911700;
202300051721.0;1;2A;2A247;1;1;1.0;7.0;41,61616400;9,25969400;
202300051722.0;1;92;92062;2;7;2.0;6.0;48,88256000;2,24003000;
202300051723.0;5;81;81105;2;1;1.0;6.0;43,76927300;1,99979600;
202300051724.0;1;79;79079;1;1;1.0;3.0;46,94070400; -0,85057000;
202300051725.0;1;62;62461;1;1;2.0;5.0;50,39947700;2,04365000;
202300051726.0;1;13;13086;1;1;1.0;6.0;43,33142100;5,59933700;
202300051727.0;3;93;93053;1;1;1.0;5.0;48,88410000;2,46326000;
202300051728.0;3;11;11262;1;1;2.0;4.0;43,16168700;2,99201500;
202300051729.0;3;22;22176;1;1;6.0;2.0;48,45453100; -2,79277000;
202300051730.0;1;83;83065;1;3;1.0;3.0;43,25092300;6,59212900;
202300051731.0;1;92;92050;2;2;3.0;3.0;48,88618000;2,21381000;
202300051732.0;5;49;49007;2;1;1.0;2.0;47,45025000; -0,55594000;
202300051733.0;1;80;80568;1;2;1.0;3.0;49,79380200;2,93407900;
202300051734.0;2;73;73227;1;1;1.0;7.0;45,42898124;6,62967145;
202300051735.0;3;86;86203;1;1;8.0;1.0;46,32700900;0,63126500;
202300051736.0;3;95;95572;1;1;1.0;6.0;49,02973000;2,12580000;
202300051737.0;5;45;45234;2;1;2.0;6.0;47,90185000;1,91886000;
202300051738.0;1;971;97117;1;1;1.0;6.0;16,29370600; -61,43572400;
202300051739.0;1;83;83063;1;1;1.0;3.0;43,29977771;6,49106314;
202300051740.0;1;92;92049;2;1;2.0;7.0;48,81605920;2,31297880;
202300051741.0;1;89;89076;1;1;1.0;6.0;48,03188800;3,66147300;
202300051742.0;1;07;07245;2;1;1.0;6.0;45,07753800;4,79923500;
202300051743.0;5;44;44109;2;1;2.0;6.0;47,21657000; -1,57850000;
202300051744.0;1;26;26259;1;1;1.0;1.0;45,15480600;4,97588400;
202300051745.0;3;14;14220;2;1;1.0;7.0;49,34367600;0,07192900;
202300051746.0;3;83;83068;1;1;6.0;1.0;43,27879900;6,56772100;
202300051747.0;1;60;60439;1;1;2.0;2.0;49,31503700;2,27370900;
202300051748.0;1;01;01276;2;1;1.0;6.0;45,82492535;5,05920410;
202300051749.0;1;92;92044;2;1;1.0;2.0;48,89736000;2,29056000;
202300051750.0;1;83;83029;1;1;1.0;7.0;43,60334900;6,74190400;
202300051751.0;1;83;83137;1;1;1.0;6.0;43,12630328;5,90937562;
202300051752.0;1;38;38238;1;1;8.0;1.0;45,50412100;4,99641900;
202300051753.0;1;49;49374;1;1;1.0;3.0;47,25749800; -0,04406900;
202300051754.0;1;83;83077;1;1;1.0;5.0;43,29960999;5,98472050;
202300051755.0;5;33;33039;2;2;1.0;3.0;44,78764000; -0,56658000;
202300051756.0;1;42;42207;2;1;1.0;2.0;45,47396000;4,51825000;
202300051757.0;1;92;92044;2;1;3.0;3.0;48,89290000;2,30041000;
202300051758.0;1;69;69091;1;1;1.0;3.0;45,58731000;4,75718000;
202300051759.0;1;84;84088;1;1;1.0;1.0;44,01603900;5,05135600;
202300051760.0;1;13;13042;1;1;1.0;1.0;43,31284500;5,66695000;
202300051761.0;1;46;46015;1;4;1.0;3.0;44,65916928;2,12342173;
202300051762.0;3;57;57631;1;1;1.0;6.0;49,09978000;7,03137900;
202300051763.0;5;06;06099;2;1;1.0;6.0;43,95452600;6,90828700;
202300051764.0;1;93;93078;2;3;1.0;1.0;48,95130000;2,53654000;
202300051765.0;1;92;92044;2;2;2.0;6.0;48,89077000;2,28433000;
202300051766.0;1;41;41239;2;4;1.0;2.0;47,26628900;1,38226000;
202300051767.0;1;46;46140;1;1;1.0;6.0;44,40021700;1,52123700;
202300051768.0;5;33;33478;2;2;2.0;3.0;45,01119100; -0,00161500;
202300051769.0;1;63;63335;1;1;2.0;6.0;45,54682702;2,99061074;
202300051770.0;1;06;06101;1;1;1.0;6.0;43,95922800;6,99568900;
202300051771.0;1;91;91161;1;1;1.0;3.0;48,71276000;2,30816000;
202300051772.0;5;33;33069;2;2;1.0;3.0;44,87422301; -0,61859787;
202300051773.0;3;09;09143;1;1;1.0;7.0;42,78313000;1,54463600;
202300051774.0;1;34;34031;1;1;1.0;3.0;43,34908700;3,42934400;
202300051775.0;5;92;92036;2;3;1.0;6.0;48,93159272;2,30183154;
202300051776.0;5;93;93055;2;1;1.0;3.0;48,91013000;2,39938000;
202300051777.0;1;06;06161;2;1;2.0;1.0;43,66384400;7,12126200;
202300051778.0;1;06;06014;1;1;2.0;1.0;43,83144700;7,29784000;
202300051779.0;1;47;47185;1;1;1.0;2.0;44,46512000;0,95229100;
202300051780.0;1;78;78646;1;1;1.0;2.0;48,78916900;2,13052500;
202300051781.0;3;29;29254;1;1;2.0;2.0;48,57205000; -3,85408000;
202300051782.0;2;33;33238;1;2;1.0;3.0;44,73438000; -0,57948100;
202300051783.0;1;68;68374;1;2;7.0;3.0;48,08788200;7,31471400;
202300051784.0;1;974;97404;2;1;1.0;6.0; -21,25516200;55,36753600;
202300051785.0;1;38;38348;1;1;4.0;5.0;45,57439500;5,33694700;
202300051786.0;1;22;22030;1;1;1.0;7.0;48,70170500; -3,37179300;
202300051787.0;1;05;05077;1;1;1.0;3.0;44,70828600;6,92434800;
202300051788.0;1;95;95277;1;1;1.0;4.0;48,97482404;2,48930186;
202300051789.0;5;29;29019;2;3;2.0;1.0;48,40097800; -4,45067510;
202300051790.0;1;92;92026;2;3;2.0;4.0;48,90133000;2,26003000;
202300051791.0;1;33;33312;1;1;1.0;2.0;44,96294600; -0,62714300;
202300051792.0;1;78;78090;1;1;1.0;5.0;48,97044000;1,88853000;
202300051793.0;1;35;35162;1;1;1.0;3.0;48,47168598; -1,16227895;
202300051794.0;1;38;38152;2;1;4.0;1.0;45,50879800;5,30322100;
202300051795.0;3;25;25321;1;1;1.0;1.0;47,06149800;6,68470900;
202300051796.0;1;25;25298;1;1;1.0;1.0;47,33928100;6,29947900;
202300051797.0;1;93;93048;1;1;1.0;5.0;48,86655000;2,48147000;
202300051798.0;1;57;57245;2;1;1.0;3.0;49,43388700;6,27860600;
202300051799.0;3;29;29026;1;1;1.0;6.0;48,21781000; -4,05010900;
202300051800.0;3;38;38152;1;1;4.0;6.0;45,48953200;5,29515300;
202300051801.0;1;92;92026;2;3;1.0;3.0;48,89394027;2,25652456;
202300051802.0;3;27;27681;1;1;9.0;2.0;49,11629933;1,49533098;
202300051803.0;1;92;92036;1;1;2.0;2.0;48,94355783;2,28738079;
202300051804.0;3;14;14027;1;2;8.0;3.0;48,96454000; -0,66751600;
202300051805.0;1;67;67282;2;1;1.0;6.0;48,61681700;7,50336300;
202300051806.0;3;31;31341;1;6;1.0;7.0;43,71986680;1,33060634;
202300051807.0;1;60;60643;1;1;1.0;7.0;49,57084323;2,58010945;
202300051808.0;1;13;13022;1;1;1.0;1.0;43,22547796;5,58264618;
202300051809.0;1;01;01263;2;3;1.0;3.0;46,07688900;4,76602800;
202300051810.0;1;974;97416;1;1;2.0;2.0; -21,28980000;55,51430000;
202300051811.0;1;58;58193;1;1;2.0;3.0;47,53739800;2,88702200;
202300051812.0;1;73;73280;1;1;1.0;6.0;45,22699600;6,21422800;
202300051813.0;1;95;95277;1;1;1.0;2.0;48,97466324;2,48701930;
202300051814.0;5;69;69009;2;9;1.0;3.0;45,93720600;4,71776400;
202300051815.0;1;03;03284;1;3;1.0;3.0;46,39927800;3,59776500;
202300051816.0;1;50;50027;1;1;2.0;3.0;48,69297900; -1,44125800;
202300051817.0;1;77;77251;1;9;1.0;3.0;48,61180150;2,57095121;
202300051818.0;1;66;66106;1;1;1.0;3.0;42,49258100;2,80231800;
202300051819.0;1;03;03208;1;1;1.0;6.0;46,42106300;3,90649300;
202300051820.0;3;40;40277;1;1;2.0;6.0;43,66066500; -1,04075400;
202300051821.0;1;06;06064;1;1;1.0;1.0;43,76366900;7,19899800;
202300051822.0;1;73;73228;1;1;1.0;6.0;45,53295129;5,86389321;
202300051823.0;1;974;97411;2;1;1.0;4.0; -20,89665000;55,49590000;
202300051824.0;1;25;25462;2;1;1.0;3.0;46,89582000;6,36211000;
202300051825.0;1;33;33106;2;7;1.0;7.0;44,56198800; -0,15551400;
202300051826.0;1;95;95572;1;1;1.0;2.0;49,03385084;2,11134575;
202300051827.0;5;72;72359;2;1;1.0;6.0;48,12920000;0,39658700;
202300051828.0;4;42;42271;1;1;1.0;6.0;45,47452500;4,58147000;
202300051829.0;4;29;29042;2;1;3.0;6.0;48,24605500; -4,48985600;
202300051830.0;1;91;91661;1;1;1.0;3.0;48,69590000;2,23616000;
202300051831.0;3;974;97411;2;9;9.0;6.0; -20,90069000;55,48717000;
202300051832.0;1;01;01266;2;3;1.0;3.0;46,33276900;5,12400600;
202300051833.0;1;42;42304;2;1;7.0;6.0;45,54198700;4,18437500;
202300051834.0;5;22;22278;2;1;8.0;3.0;48,50800000; -2,75200000;
202300051835.0;1;94;94017;1;1;2.0;2.0;48,82671118;2,52258828;
202300051836.0;3;92;92002;1;1;1.0;3.0;48,73281190;2,31162697;
202300051837.0;1;01;01319;1;1;1.0;6.0;46,10250700;4,95075400;
202300051838.0;1;05;05017;1;2;1.0;3.0;44,56334900;6,19691700;
202300051839.0;2;38;38532;1;1;1.0;6.0;45,65679000;5,28992800;
202300051840.0;1;76;76055;1;1;1.0;4.0;49,64128600;0,73212500;
202300051841.0;3;17;17461;2;6;2.0;3.0;45,64441700; -1,05266700;
202300051842.0;1;974;97411;2;6;1.0;3.0; -20,90000000;55,48006000;
202300051843.0;3;76;76464;1;1;1.0;6.0;49,39861600;1,23712100;
202300051844.0;1;94;94017;1;1;1.0;6.0;48,82671118;2,52258828;
202300051845.0;1;93;93008;1;1;1.0;3.0;48,91311024;2,43575960;
202300051846.0;3;71;71305;1;1;1.0;6.0;46,46555800;4,87943400;
202300051847.0;1;26;26074;1;1;1.0;1.0;44,94100300;5,39074700;
202300051848.0;1;974;97407;2;1;1.0;6.0; -20,93226000;55,29447000;
202300051849.0;5;30;30217;2;1;1.0;1.0;43,95955000;4,73432400;
202300051850.0;3;02;02697;1;1;9.0;6.0;49,59511400;3,76277400;
202300051851.0;1;54;54059;1;1;1.0;6.0;48,83249215;6,15950649;
202300051852.0;3;77;77373;1;1;3.0;6.0;48,76517721;2,61466006;
202300051853.0;5;14;14118;2;1;2.0;6.0;49,18509400; -0,36354100;
202300051854.0;3;94;94011;1;1;1.0;6.0;48,76289194;2,49463919;
202300051855.0;1;23;23154;1;1;2.0;7.0;46,13061600;2,02373700;
202300051856.0;1;69;69383;2;9;1.0;6.0;45,75932332;4,86680877;
202300051857.0;1;01;01211;1;1;1.0;6.0;46,13053000;5,19141700;
202300051858.0;1;06;06086;1;1;1.0;6.0;43,92780400;7,41403300;
202300051859.0;5;59;59092;2;1;1.0;6.0;50,28369200;3,31759000;
202300051860.0;1;63;63248;1;1;2.0;6.0;45,72462862;2,89651483;
202300051861.0;1;13;13210;2;9;1.0;3.0;43,28003222;5,41905453;
202300051862.0;3;22;22391;1;2;3.0;1.0;48,37247300; -2,14828300;
202300051863.0;1;94;94046;1;1;1.0;3.0;48,80856288;2,44905786;
202300051864.0;3;86;86297;1;1;1.0;7.0;46,60658500;0,26869300;
202300051865.0;1;972;97213;1;1;1.0;2.0;14,61804000; -61,02749000;
202300051866.0;4;94;94018;1;1;2.0;2.0;48,82320034;2,39580432;
202300051867.0;1;50;50417;2;1;7.0;1.0;49,59194100; -1,29875800;
202300051868.0;1;13;13205;2;1;1.0;7.0;43,29499000;5,40117000;
202300051869.0;5;13;13210;1;1;1.0;2.0;43,28500000;5,42190000;
202300051870.0;3;07;07157;2;1;1.0;6.0;44,61056600;4,72629900;
202300051871.0;1;86;86223;2;1;3.0;2.0;46,56670800;0,87146300;
202300051872.0;1;64;64496;2;6;1.0;7.0;43,47019900; -1,45029200;
202300051873.0;3;57;57138;1;1;2.0;7.0;48,95639000;6,49609800;
202300051874.0;1;69;69389;2;1;1.0;6.0;45,76341934;4,80360135;
202300051875.0;1;77;77122;2;1;1.0;6.0;48,66184500;2,56342000;
202300051876.0;1;13;13201;2;1;1.0;6.0;43,30008000;5,37455000;
202300051877.0;1;29;29271;1;1;1.0;1.0;48,57869875; -4,13538694;
202300051878.0;1;14;14061;1;1;2.0;7.0;48,98515785; -0,88450033;
202300051879.0;1;50;50487;2;3;1.0;6.0;48,52162200; -1,33413100;
202300051880.0;1;24;24274;1;1;1.0;2.0;44,80924300;0,46314200;
202300051881.0;1;49;49027;2;1;1.0;6.0;47,14128600; -0,93930800;
202300051882.0;3;13;13071;1;1;1.0;6.0;43,39200000;5,27120000;
202300051883.0;1;13;13208;2;9;1.0;6.0;43,25945787;5,39411018;
202300051884.0;1;38;38301;1;1;1.0;6.0;44,79712400;5,64336800;
202300051885.0;1;69;69384;2;5;1.0;6.0;45,77954000;4,82919000;
202300051886.0;1;35;35352;2;6;1.0;6.0;48,04979500; -1,60845000;
202300051887.0;1;974;97416;2;1;1.0;2.0; -21,33376000;55,47125000;
202300051888.0;1;64;64314;1;1;1.0;2.0;43,21947000; -1,08618700;
202300051889.0;1;33;33281;1;1;1.0;3.0;44,81442425; -0,67252100;
202300051890.0;2;11;11069;1;1;1.0;3.0;43,20443000;2,40169000;
202300051891.0;1;971;97101;1;1;1.0;6.0;16,26742000; -61,51777000;
202300051892.0;1;63;63187;1;3;6.0;2.0;46,23840700;2,82424800;
202300051893.0;1;42;42268;1;1;7.0;2.0;45,85735400;4,04289900;
202300051894.0;1;93;93014;2;2;1.0;6.0;48,90443902;2,54850852;
202300051895.0;1;37;37250;1;1;3.0;4.0;47,24911600;0,66405100;
202300051896.0;5;974;97411;2;3;1.0;3.0; -20,87520000;55,44500000;
202300051897.0;1;16;16170;1;1;1.0;1.0;45,35357400;0,18292100;
202300051898.0;1;50;50531;1;1;2.0;7.0;48,66778200; -1,25752700;
202300051899.0;5;971;97113;1;3;1.0;2.0;16,21080784; -61,44161403;
202300051900.0;5;10;10060;2;1;1.0;3.0;48,25624000;4,09297000;
202300051901.0;1;63;63047;1;1;2.0;1.0;45,59350558;2,72237475;
202300051902.0;1;37;37240;1;1;8.0;6.0;47,57887800;0,95633600;
202300051903.0;1;51;51507;2;7;1.0;6.0;49,09044900;4,90344500;
202300051904.0;1;92;92050;2;2;1.0;6.0;48,89298332;2,18675563;
202300051905.0;1;29;29094;1;1;1.0;7.0;48,60131897; -4,35634552;
202300051906.0;1;53;53040;1;1;1.0;6.0;48,14853600; -1,05849100;
202300051907.0;1;33;33063;1;1;1.0;4.0;44,88094373; -0,54229438;
202300051908.0;1;2A;2A004;2;1;1.0;2.0;41,93331000;8,74309000;
202300051909.0;1;10;10297;2;1;1.0;6.0;48,32531000;4,11328000;
202300051910.0;1;61;61037;1;1;3.0;7.0;48,41461800;0,51352500;
202300051911.0;1;92;92004;2;1;1.0;3.0;48,91537000;2,30693000;
202300051912.0;3;21;21547;1;1;1.0;6.0;47,46579200;4,37341800;
202300051913.0;5;55;55063;2;1;2.0;1.0;49,28876800;5,75976500;
202300051914.0;5;09;09122;2;6;8.0;6.0;42,96412500;1,61048200;
202300051915.0;3;972;97209;1;1;2.0;4.0;14,61450000; -61,06270000;
202300051916.0;1;95;95268;2;9;1.0;6.0;48,97601066;2,39543259;
202300051917.0;3;22;22168;2;1;2.0;3.0;48,81294900; -3,45544400;
202300051918.0;1;91;91340;1;1;1.0;2.0;48,60141000;2,43850000;
202300051919.0;1;56;56122;1;3;2.0;3.0;47,99421200; -2,36056100;
202300051920.0;1;04;04054;1;1;3.0;6.0;44,02306400;6,21058000;
202300051921.0;1;72;72198;1;1;1.0;7.0;48,04323800;0,15143100;
202300051922.0;1;55;55010;1;1;3.0;5.0;48,63905400;5,03234400;
202300051923.0;1;62;62895;2;1;1.0;6.0;50,49026400;2,84988100;
202300051924.0;3;59;59562;1;1;1.0;7.0;50,12035500;3,99799900;
202300051925.0;1;91;91201;2;2;2.0;1.0;48,68972200;2,41336600;
202300051926.0;1;69;69381;2;1;1.0;6.0;45,77213727;4,83095238;
202300051927.0;5;06;06123;2;1;1.0;3.0;43,66792100;7,19220700;
202300051928.0;3;91;91363;1;1;1.0;6.0;48,66850000;2,19420000;
202300051929.0;1;76;76219;2;1;1.0;1.0;49,72070400;0,78163900;
202300051930.0;1;49;49069;1;1;8.0;6.0;47,31050500; -1,20084400;
202300051931.0;5;25;25462;2;9;4.0;6.0;46,90106000;6,35720000;
202300051932.0;1;93;93010;1;1;1.0;6.0;48,91110000;2,47575000;
202300051933.0;1;27;27284;1;4;1.0;7.0;49,24959010;1,78877640;
202300051934.0;1;91;91691;2;3;8.0;3.0;48,71607000;2,49069000;
202300051935.0;1;93;93070;2;1;1.0;6.0;48,90274400;2,34629900;
202300051936.0;2;2B;2B033;1;9;1.0;7.0;42,67410000;9,44390000;
202300051937.0;1;39;39535;1;1;1.0;6.0;46,87454600;5,66807600;
202300051938.0;1;976;97611;1;1;1.0;3.0; -12,77532000;45,22830000;
202300051939.0;1;17;17434;1;1;1.0;7.0;46,08652200; -0,75333600;
202300051940.0;1;82;82190;1;1;1.0;6.0;43,83020800;1,24245300;
202300051941.0;3;93;93053;1;1;1.0;3.0;48,88781000;2,47410000;
202300051942.0;1;13;13213;1;1;1.0;3.0;43,32500000;5,42100000;
202300051943.0;5;75;75117;2;1;2.0;2.0;48,89910400;2,31712400;
202300051944.0;5;91;91434;2;2;1.0;3.0;48,66098000;2,34497200;
202300051945.0;3;971;97120;1;6;1.0;6.0;16,22275000; -61,52600000;
202300051946.0;1;37;37050;2;1;1.0;6.0;47,33954900;0,70984200;
202300051947.0;1;974;97416;2;1;1.0;3.0; -21,34111900;55,46897500;
202300051948.0;2;39;39404;1;1;8.0;1.0;46,68797500;5,59205700;
202300051949.0;1;34;34157;2;6;7.0;3.0;43,43135300;3,60355900;
202300051950.0;1;87;87050;2;1;1.0;7.0;45,87504000;1,23809000;
202300051951.0;1;89;89267;1;5;1.0;3.0;47,54985500;4,05528500;
202300051952.0;1;974;97416;2;1;1.0;6.0; -21,34536000;55,48033000;
202300051953.0;5;75;75113;2;1;1.0;4.0;48,82523700;2,38552900;
202300051954.0;3;93;93048;1;1;1.0;4.0;48,87060889;2,43112922;
202300051955.0;5;25;25228;2;1;1.0;6.0;47,50502600;6,84687500;
202300051956.0;1;08;08361;2;1;1.0;2.0;49,83178400;4,60313500;
202300051957.0;1;91;91689;1;1;1.0;2.0;48,72837000;2,30526000;
202300051958.0;1;49;49100;1;1;1.0;7.0;47,20551700; -0,19955600;
202300051959.0;1;34;34213;1;1;1.0;2.0;43,46536400;3,66875800;
202300051960.0;1;87;87085;2;1;1.0;6.0;45,81291000;1,27232000;
202300051961.0;5;973;97302;2;1;1.0;7.0;4,93394000; -52,31061000;
202300051962.0;3;29;29236;1;1;1.0;6.0;47,82113700; -3,65106600;
202300051963.0;3;95;95424;1;1;1.0;6.0;48,98932791;2,20074713;
202300051964.0;1;75;75112;2;1;1.0;3.0;48,82670558;2,39182770;
202300051965.0;1;91;91589;2;2;1.0;3.0;48,67990400;2,34226200;
202300051966.0;1;13;13103;1;2;1.0;3.0;43,63042200;5,06611300;
202300051967.0;1;85;85194;2;1;1.0;3.0;46,48642000; -1,74362000;
202300051968.0;2;91;91377;1;1;1.0;2.0;48,72491000;2,30001000;
202300051969.0;1;95;95088;1;1;1.0;6.0;48,97760000;2,43383000;
202300051970.0;1;973;97302;2;2;1.0;3.0;4,94102121; -52,32523674;
202300051971.0;1;91;91027;2;1;1.0;6.0;48,69862500;2,39571000;
202300051972.0;4;34;34145;1;2;1.0;3.0;43,65637300;4,13826200;
202300051973.0;1;41;41185;1;1;1.0;1.0;47,35163200;1,72181700;
202300051974.0;1;29;29182;1;3;2.0;2.0;48,61337293; -3,68030684;
202300051975.0;1;83;83137;2;1;1.0;2.0;43,12322932;5,93813556;
202300051976.0;1;69;69244;2;2;2.0;1.0;45,75666700;4,78180100;
202300051977.0;1;92;92064;1;1;1.0;2.0;48,83850309;2,19236003;
202300051978.0;5;976;97611;2;1;1.0;6.0; -12,77557000;45,22373000;
202300051979.0;1;972;97209;1;1;1.0;2.0;14,60336000; -61,05693000;
202300051980.0;1;38;38416;2;1;1.0;6.0;45,14901000;5,32030100;
202300051981.0;1;86;86214;2;1;1.0;6.0;46,55111100;0,32080800;
202300051982.0;1;83;83144;2;1;1.0;6.0;43,13745000;6,00790000;
202300051983.0;5;94;94067;2;2;2.0;6.0;48,83757000;2,41805000;
202300051984.0;5;85;85191;1;1;2.0;6.0;46,67151800; -1,43481500;
202300051985.0;1;972;97209;2;1;1.0;3.0;14,63775000; -61,04016000;
202300051986.0;1;974;97416;1;1;1.0;5.0; -21,28020000;55,46530000;
202300051987.0;1;03;03281;1;1;1.0;6.0;46,35849100;3,15122000;
202300051988.0;1;38;38052;1;4;1.0;3.0;45,06501900;6,04000200;
202300051989.0;5;83;83042;2;1;1.0;7.0;43,26317500;6,57539200;
202300051990.0;4;79;79329;2;3;2.0;7.0;46,97433300; -0,20227000;
202300051991.0;5;94;94046;2;2;2.0;6.0;48,79738000;2,43314000;
202300051992.0;1;92;92012;1;1;1.0;5.0;48,84843039;2,24006151;
202300051993.0;1;83;83137;2;2;1.0;1.0;43,13547000;5,93218000;
202300051994.0;1;974;97411;1;1;1.0;7.0; -20,92651000;55,47334000;
202300051995.0;1;27;27249;1;1;1.0;6.0;49,17951500;1,24111200;
202300051996.0;1;70;70493;1;1;2.0;6.0;47,39717300;6,04851000;
202300051997.0;1;972;97209;1;3;1.0;3.0;14,61171000; -61,05999000;
202300051998.0;3;29;29076;1;3;3.0;5.0;48,46616000; -4,51679700;
202300051999.0;5;78;78401;2;2;1.0;3.0;49,00434800;1,90691200;
202300052000.0;3;971;97112;1;1;1.0;6.0;15,88921300; -61,30421500;
202300052001.0;1;95;95394;1;1;1.0;7.0;49,05167676;2,15262568;
202300052002.0;1;94;94041;2;1;2.0;3.0;48,81032000;2,38212000;
202300052003.0;1;82;82121;2;1;1.0;6.0;44,01442000;1,36684000;
202300052004.0;5;89;89013;2;2;1.0;3.0;47,86956900;3,52139300;
202300052005.0;1;974;97411;2;1;2.0;2.0; -20,90420000;55,49840000;
202300052006.0;1;06;06059;2;1;1.0;6.0;43,72011700;7,35286000;
202300052007.0;5;02;02807;2;3;2.0;6.0;49,65930800;3,20658100;
202300052008.0;1;971;97134;1;1;1.0;6.0;16,05608300; -61,74992300;
202300052009.0;1;93;93006;1;1;1.0;6.0;48,86446703;2,41450757;
202300052010.0;1;69;69389;2;1;1.0;2.0;45,78711000;4,80850000;
202300052011.0;1;76;76178;1;2;6.0;1.0;49,30983000;1,04393000;
202300052012.0;5;94;94021;2;1;2.0;6.0;48,76293939;2,36820388;
202300052013.0;1;05;05127;1;1;1.0;7.0;44,47020100;6,26612800;