Num_Acc;lum;departement;commune;agglomeration;intersection;meteo;type_collision;lat;long;date
202300052014.0;1;67;67397;1;1;5.0;7.0;48,32806600;7,74132700;
202300052015.0;5;84;84089;2;6;1.0;1.0;43,67094500;5,49705900;
202300052016.0;1;972;97224;2;1;1.0;3.0;14,65374200; -61,03797900;
202300052017.0;5;94;94028;2;1;1.0;3.0;48,78659285;2,43606001;
202300052018.0;5;974;97411;2;3;1.0;3.0; -20,87246000;55,44967000;
202300052019.0;1;2B;2B120;2;1;8.0;3.0;42,65000000;9,41000000;
202300052020.0;1;76;76351;1;3;1.0;3.0;49,49977000;0,16621000;
202300052021.0;1;75;75112;1;1;1.0;4.0;48,81935300;2,45844100;
202300052022.0;5;63;63284;2;1;1.0;2.0;45,79640800;3,24158900;
202300052023.0;1;13;13087;1;2;1.0;3.0;43,48927600;5,62981700;
202300052024.0;1;973;97302;2;1;1.0;3.0;4,92264867; -52,32339156;
202300052025.0;1;50;50419;2;5;2.0;3.0;48,97036100; -1,46802100;
202300052026.0;1;94;94069;2;2;1.0;3.0;48,81779754;2,41975976;
202300052027.0;1;69;69264;2;2;1.0;3.0;45,99523000;4,73402000;
202300052028.0;1;77;77337;1;9;1.0;6.0;48,82906700;2,61866300;
202300052029.0;5;42;42022;2;6;1.0;3.0;45,52347300;4,21792400;
202300052030.0;1;95;95203;2;4;1.0;3.0;48,98903200;2,27432300;
202300052031.0;5;58;58085;2;1;2.0;7.0;47,43212600;3,40539700;
202300052032.0;1;77;77132;2;1;1.0;2.0;48,87085000;2,79589000;
202300052033.0;1;77;77440;1;1;1.0;6.0;48,94635100;3,09621900;
202300052034.0;1;973;97302;2;1;1.0;3.0;4,93853735; -52,31771368;
202300052035.0;1;94;94017;2;2;8.0;3.0;48,81379500;2,51027400;
202300052036.0;3;69;69289;2;6;1.0;7.0;45,64716800;5,02688900;
202300052037.0;1;69;69264;2;3;1.0;1.0;45,99841000;4,70854000;
202300052038.0;1;50;50388;1;3;2.0;3.0;49,00307000; -1,45869000;
202300052039.0;1;54;54128;1;1;2.0;7.0;48,65820109;5,83811760;
202300052040.0;1;2A;2A247;2;1;1.0;1.0;41,58887500;9,28466500;
202300052041.0;5;69;69388;2;1;2.0;3.0;45,72658000;4,88586000;
202300052042.0;1;69;69029;2;3;1.0;6.0;45,74657020;4,92518159;
202300052043.0;2;77;77122;1;1;1.0;7.0;48,64566400;2,55159000;
202300052044.0;3;50;50215;1;1;1.0;2.0;49,08836300; -1,59938000;
202300052045.0;1;69;69264;2;2;1.0;3.0;45,99842000;4,70852000;
202300052046.0;1;93;93078;2;6;1.0;2.0;48,96052000;2,55615000;
202300052047.0;1;81;81120;1;1;1.0;1.0;43,55774330;2,27855550;
202300052048.0;1;91;91326;2;1;1.0;6.0;48,68800000;2,38500000;
202300052049.0;1;50;50568;1;2;1.0;7.0;49,00142200; -1,44315700;
202300052050.0;1;66;66133;1;2;1.0;3.0;42,57212400;2,97267100;
202300052051.0;1;972;97213;2;1;1.0;3.0;14,62250000; -61,01500000;
202300052052.0;2;45;45035;2;1;3.0;6.0;48,03786830;2,38591969;
202300052053.0;1;69;69286;1;6;1.0;3.0;45,82970000;4,90750000;
202300052054.0;1;43;43020;2;1;1.0;6.0;45,29593900;4,11714300;
202300052055.0;5;93;93033;2;2;2.0;3.0;48,85546000;2,57595000;
202300052056.0;1;69;69259;2;3;1.0;3.0;45,70761000;4,86888000;
202300052057.0;1;44;44047;2;3;1.0;3.0;47,22093440; -1,72114134;
202300052058.0;1;34;34022;1;1;1.0;3.0;43,65543000;4,00280000;
202300052059.0;3;43;43025;1;1;6.0;6.0;45,25430900;4,12233500;
202300052060.0;1;64;64001;1;4;1.0;1.0;43,28809300; -0,07497800;
202300052061.0;2;69;69259;2;1;1.0;6.0;45,70894000;4,88255000;
202300052062.0;1;85;85191;2;1;8.0;6.0;46,69779700; -1,42661500;
202300052063.0;1;67;67482;2;9;1.0;3.0;48,59000000;7,71300000;
202300052064.0;5;93;93048;2;3;2.0;6.0;48,87729336;2,45679778;
202300052065.0;1;90;90001;2;1;1.0;2.0;47,60696200;6,86196400;
202300052066.0;1;69;69384;2;1;2.0;4.0;45,78820000;4,81860000;
202300052067.0;5;33;33096;1;1;1.0;6.0;44,88991000; -0,50317000;
202300052068.0;5;93;93048;2;1;2.0;6.0;48,86152000;2,44359000;
202300052069.0;1;89;89387;2;1;1.0;6.0;48,19800000;3,29000000;
202300052070.0;1;84;84132;1;2;1.0;3.0;43,90299500;5,01072000;
202300052071.0;1;69;69029;2;3;1.0;2.0;45,72958000;4,89398000;
202300052072.0;1;79;79300;2;1;1.0;6.0;46,99810000; -0,20891000;
202300052073.0;1;64;64545;2;3;1.0;3.0;43,37795000; -1,67236000;
202300052074.0;1;53;53135;1;2;1.0;3.0;47,91621300; -1,00124200;
202300052075.0;2;971;97113;2;6;1.0;6.0;16,21347268; -61,47770047;
202300052076.0;1;43;43244;1;3;1.0;3.0;45,13988200;4,29490600;
202300052077.0;1;33;33550;1;1;1.0;5.0;44,78265000; -0,58633000;
202300052078.0;1;92;92073;2;1;1.0;3.0;48,86274000;2,21028000;
202300052079.0;1;64;64122;2;9;1.0;6.0;43,47243000; -1,55587000;
202300052080.0;1;57;57058;2;3;1.0;6.0;49,16796300;6,93337100;
202300052081.0;1;64;64269;1;9;1.0;6.0;43,29468000; -0,32408000;
202300052082.0;1;92;92064;2;1;2.0;7.0;48,84770000;2,22039000;
202300052083.0;2;94;94022;1;1;2.0;2.0;48,77312000;2,40147000;
202300052084.0;1;36;36088;2;1;8.0;3.0;46,95591600;2,00453300;
202300052085.0;1;27;27135;1;2;1.0;1.0;49,18310100;0,97249700;
202300052086.0;4;971;97101;2;9;1.0;2.0;16,27762045; -61,49990916;
202300052087.0;1;03;03139;1;1;2.0;6.0;46,01240300;3,72526600;
202300052088.0;1;87;87085;2;1;1.0;4.0;45,83732000;1,28017000;
202300052089.0;1;64;64122;2;3;1.0;3.0;43,47841952; -1,56491071;
202300052090.0;1;33;33192;1;1;1.0;3.0;44,78929000; -0,61948000;
202300052091.0;5;92;92020;2;1;2.0;7.0;48,80411789;2,28878152;
202300052092.0;1;64;64445;2;2;2.0;3.0;43,30039000; -0,36501000;
202300052093.0;3;07;07240;1;1;1.0;7.0;44,85781600;4,83201000;
202300052094.0;1;07;07107;2;1;1.0;6.0;44,63661300;4,25930500;
202300052095.0;1;83;83061;1;1;1.0;6.0;43,50166000;6,79371000;
202300052096.0;1;94;94034;1;1;1.0;6.0;48,76101392;2,31812717;
202300052097.0;1;30;30228;1;1;2.0;1.0;43,93002900;4,31930100;
202300052098.0;5;77;77373;2;3;1.0;6.0;48,80629200;2,61656300;
202300052099.0;5;2A;2A004;2;1;1.0;4.0;41,95000000;8,76900000;
202300052100.0;1;64;64122;2;1;1.0;6.0;43,48336000; -1,56825000;
202300052101.0;3;61;61397;2;1;5.0;6.0;48,42150000;0,07936000;
202300052102.0;5;92;92036;2;1;1.0;6.0;48,93177600;2,28913400;
202300052103.0;1;52;52398;1;1;2.0;7.0;48,40151600;5,23638086;
202300052104.0;1;78;78551;2;1;1.0;6.0;48,89827000;2,08924000;
202300052105.0;3;64;64024;2;1;1.0;7.0;43,45622000; -1,50812000;
202300052106.0;5;95;95680;2;9;1.0;6.0;49,00348500;2,38456600;
202300052107.0;2;93;93007;1;1;1.0;3.0;48,93614000;2,48024000;
202300052108.0;2;01;01405;1;3;1.0;2.0;46,11889500;5,15466100;
202300052109.0;1;92;92026;2;1;1.0;3.0;48,89811000;2,26384000;
202300052110.0;1;58;58194;2;1;1.0;3.0;46,99088000;3,16969000;
202300052111.0;1;53;53219;2;1;3.0;5.0;48,31022000; -0,69458000;
202300052112.0;1;77;77131;2;2;1.0;6.0;48,80787000;3,08269000;
202300052113.0;1;63;63113;2;9;1.0;6.0;45,78003000;3,09131000;
202300052114.0;1;26;26088;1;9;1.0;7.0;45,02555500;5,08096200;
202300052115.0;1;93;93007;1;1;1.0;2.0;48,93362000;2,48067000;
202300052116.0;5;91;91552;2;6;1.0;6.0;48,59468000;2,26423000;
202300052117.0;2;44;44026;2;1;1.0;3.0;47,27876000; -1,47471100;
202300052118.0;3;40;40014;1;1;2.0;6.0;44,07550000; -0,37216200;
202300052119.0;1;37;37153;1;1;2.0;6.0;47,48476500;0,76892000;
202300052120.0;2;49;49377;1;1;3.0;6.0;47,51907615; -0,42970866;
202300052121.0;5;93;93048;2;1;1.0;7.0;48,86176000;2,44097000;
202300052122.0;1;56;56121;2;3;1.0;3.0;47,76169000; -3,37655000;
202300052123.0;1;63;63113;2;1;1.0;7.0;45,77630000;3,09140000;
202300052124.0;1;29;29247;2;1;1.0;6.0;47,92819600; -4,01455100;
202300052125.0;1;91;91103;2;6;1.0;3.0;48,58832600;2,30133600;
202300052126.0;1;87;87047;1;1;2.0;7.0;45,98358900;1,29561400;
202300052127.0;3;79;79057;1;1;5.0;6.0;46,12414700; -0,20895500;
202300052128.0;1;54;54027;1;1;1.0;6.0;48,88063800;6,09636500;
202300052129.0;1;94;94073;1;1;1.0;5.0;48,77093879;2,38756083;
202300052130.0;1;62;62427;1;1;1.0;2.0;50,38355615;2,99430907;
202300052131.0;5;974;97411;2;9;1.0;1.0; -20,89598000;55,46370000;
202300052132.0;1;06;06018;1;3;1.0;3.0;43,63944500;7,05632300;
202300052133.0;3;987;98752;1;1;1.0;6.0; -17,72200000; -149,39900000;
202300052134.0;1;54;54578;2;1;1.0;2.0;48,67266000;6,15441000;
202300052135.0;1;62;62166;1;1;1.0;6.0;50,45247600;2,38583600;
202300052136.0;5;91;91589;2;3;1.0;3.0;48,68751200;2,33651400;
202300052137.0;1;62;62548;2;9;1.0;6.0;50,94104000;1,93258000;
202300052138.0;3;77;77445;2;1;1.0;1.0;48,60152300;2,58100000;
202300052139.0;1;67;67482;1;1;1.0;2.0;48,59082900;7,73390900;
202300052140.0;3;62;62826;1;1;1.0;3.0;50,48990000;1,60601000;
202300052141.0;5;75;75118;2;1;1.0;2.0;48,90061600;2,33034900;
202300052142.0;1;54;54304;2;1;1.0;2.0;48,69483648;6,12619758;
202300052143.0;1;83;83073;2;1;1.0;6.0;43,39369700;6,32355500;
202300052144.0;1;24;24450;1;1;2.0;1.0;44,74799800;1,25468400;
202300052145.0;1;77;77071;1;1;2.0;2.0;48,19378500;2,81235000;
202300052146.0;5;59;59527;2;1;1.0;6.0;50,66124000;3,05026000;
202300052147.0;1;59;59609;1;1;1.0;2.0;50,57080000;3,07810000;
202300052148.0;1;89;89387;2;1;7.0;6.0;48,19808000;3,27221300;
202300052149.0;1;84;84035;1;9;2.0;5.0;43,84310500;5,07553300;
202300052150.0;1;54;54483;2;1;1.0;2.0;48,63213800;6,30599900;
202300052151.0;3;82;82101;1;2;1.0;6.0;44,08575900;0,98501400;
202300052152.0;1;75;75117;2;1;1.0;2.0;48,88703500;2,29029000;
202300052153.0;1;57;57672;2;1;1.0;6.0;49,36525000;6,15188000;
202300052154.0;1;78;78410;1;4;1.0;7.0;49,07565800;1,63089600;
202300052155.0;1;59;59378;1;1;1.0;6.0;50,69693344;3,11408091;
202300052156.0;5;83;83137;2;1;2.0;6.0;43,10853000;5,93530000;
202300052157.0;3;974;97416;1;1;2.0;6.0; -21,31033000;55,49707000;
202300052158.0;3;78;78189;1;1;2.0;7.0;48,88710700;1,90163900;
202300052159.0;1;52;52121;2;1;1.0;6.0;48,10467057;5,14286757;
202300052160.0;1;47;47043;1;1;1.0;4.0;44,24475300;0,31562100;
202300052161.0;1;91;91174;1;1;1.0;6.0;48,62319500;2,46661100;
202300052162.0;1;75;75113;2;1;1.0;3.0;48,82079800;2,37666400;
202300052163.0;3;974;97416;1;1;3.0;7.0; -21,32405000;55,44682000;
202300052164.0;1;54;54395;2;2;1.0;3.0;48,70149000;6,18128000;
202300052165.0;1;51;51454;2;1;1.0;6.0;49,22877000;4,03712000;
202300052166.0;1;2B;2B313;2;1;1.0;2.0;42,36680000;9,52960400;
202300052167.0;5;82;82033;2;2;1.0;3.0;44,05914000;1,10228000;
202300052168.0;1;92;92064;1;1;1.0;2.0;48,83936013;2,21689418;
202300052169.0;1;25;25262;1;1;1.0;1.0;47,13649000;6,61557200;
202300052170.0;1;50;50129;2;3;1.0;6.0;49,62042000; -1,62687000;
202300052171.0;1;75;75120;2;2;1.0;3.0;48,86577600;2,39437100;
202300052172.0;5;974;97416;2;2;2.0;3.0; -21,28952000;55,46460000;
202300052173.0;1;77;77186;1;2;1.0;5.0;48,48112000;2,66907000;
202300052174.0;2;80;80021;2;2;1.0;3.0;49,90418000;2,28811000;
202300052175.0;2;54;54149;2;1;2.0;1.0;49,42816000;5,93155000;
202300052176.0;1;92;92048;1;1;1.0;2.0;48,80998652;2,21231344;
202300052177.0;1;66;66065;2;3;1.0;3.0;42,59820700;2,97597000;
202300052178.0;1;50;50129;2;6;1.0;3.0;49,65379000; -1,67616000;
202300052179.0;1;54;54382;1;9;1.0;6.0;49,54178100;5,79722300;
202300052180.0;1;69;69266;2;1;1.0;3.0;45,77006000;4,87650000;
202300052181.0;1;75;75119;2;1;1.0;2.0;48,87613800;2,39205200;
202300052182.0;1;44;44131;2;1;8.0;3.0;47,11377000; -2,13113400;
202300052183.0;1;78;78402;1;1;1.0;6.0;48,96518000;1,76333400;
202300052184.0;1;974;97416;1;1;2.0;2.0; -21,31830000;55,48980000;
202300052185.0;1;83;83001;1;1;1.0;1.0;43,55398700;6,79592400;
202300052186.0;5;79;79259;2;2;1.0;2.0;46,96389000; -0,21008000;
202300052187.0;1;49;49353;2;1;1.0;3.0;47,44751000; -0,50025000;
202300052188.0;1;51;51454;2;1;8.0;6.0;49,25678000;4,06405000;
202300052189.0;1;75;75116;1;1;1.0;3.0;48,84836400;2,24763100;
202300052190.0;1;75;75119;2;1;1.0;3.0;48,87856300;2,40253900;
202300052191.0;1;64;64140;2;3;1.0;3.0;43,53239000; -1,47226000;
202300052192.0;3;974;97411;1;9;1.0;2.0; -20,87418371;55,42956591;
202300052193.0;5;04;04143;2;1;1.0;6.0;43,92082600;5,91676000;
202300052194.0;5;78;78440;2;1;1.0;4.0;48,98552500;1,89403300;
202300052195.0;1;38;38065;1;1;8.0;5.0;45,44884200;5,40020900;
202300052196.0;1;49;49353;2;1;1.0;7.0;47,44231000; -0,49428000;
202300052197.0;1;51;51454;2;2;1.0;6.0;49,25423000;4,03029000;
202300052198.0;4;42;42168;2;1;1.0;6.0;45,40616400;4,68216100;
202300052199.0;5;75;75118;2;3;8.0;6.0;48,89423100;2,35288100;
202300052200.0;1;78;78401;2;1;1.0;6.0;49,00535000;1,90659000;
202300052201.0;1;78;78322;1;1;1.0;4.0;48,78315000;2,15929600;
202300052202.0;1;63;63113;2;2;1.0;3.0;45,78757000;3,10575000;
202300052203.0;4;47;47001;2;1;1.0;6.0;44,19362000;0,61887000;
202300052204.0;1;974;97411;2;9;1.0;3.0; -20,87662000;55,44786000;
202300052205.0;3;14;14249;1;1;6.0;6.0;49,12107400; -0,46867800;
202300052206.0;1;51;51454;2;6;1.0;3.0;49,24058000;4,04506000;
202300052207.0;1;75;75106;2;3;1.0;6.0;48,84058500;2,33370000;
202300052208.0;1;38;38557;1;1;1.0;1.0;45,78566200;5,07803300;
202300052209.0;3;77;77350;1;1;1.0;7.0;48,78121800;2,70980800;
202300052210.0;1;93;93066;1;1;1.0;2.0;48,90397188;2,35851769;
202300052211.0;1;62;62498;2;1;1.0;3.0;50,42793356;2,82697964;
202300052212.0;2;60;60155;1;1;2.0;1.0;49,28570389;2,35879654;
202300052213.0;1;44;44184;2;4;1.0;1.0;47,26017000; -2,23624000;
202300052214.0;1;50;50129;1;6;7.0;3.0;49,63686000; -1,55008000;
202300052215.0;1;973;97302;2;1;1.0;3.0;4,92539794; -52,32253790;
202300052216.0;3;16;16075;1;1;2.0;6.0;45,51271900;0,03753500;
202300052217.0;5;61;61143;2;6;3.0;7.0;48,45425300;0,08460900;
202300052218.0;1;95;95527;1;1;1.0;2.0;48,99286381;2,51394314;
202300052219.0;1;75;75110;2;1;1.0;2.0;48,88307800;2,36762400;
202300052220.0;5;76;76540;2;6;1.0;6.0;49,44186989;1,11266371;
202300052221.0;1;49;49007;2;1;1.0;6.0;47,49319000; -0,56545000;
202300052222.0;1;42;42186;2;1;1.0;3.0;45,52024000;4,59582000;
202300052223.0;1;69;69264;2;1;1.0;6.0;45,99796000;4,72077000;
202300052224.0;1;76;76575;1;1;1.0;2.0;49,36674000;1,09268000;
202300052225.0;1;60;60057;2;2;1.0;3.0;49,43820000;2,07670000;
202300052226.0;1;40;40282;2;3;1.0;2.0;43,77293000; -0,56881600;
202300052227.0;1;38;38158;2;3;1.0;3.0;45,15211600;5,74777500;
202300052228.0;1;47;47323;2;1;1.0;6.0;44,40158614;0,70355001;
202300052229.0;5;69;69387;2;3;1.0;1.0;45,74800000;4,83306000;
202300052230.0;1;37;37233;2;1;1.0;6.0;47,38970000;0,72352000;
202300052231.0;5;75;75110;2;4;1.0;3.0;48,87890400;2,36229400;
202300052232.0;1;2A;2A271;1;1;1.0;3.0;41,96923600;8,81755300;
202300052233.0;1;76;76296;1;1;1.0;1.0;49,51769568;0,25179505;
202300052234.0;1;59;59512;2;1;2.0;3.0;50,67480526;3,19463968;
202300052235.0;1;07;07324;2;1;2.0;7.0;45,05672100;4,83989600;
202300052236.0;1;40;40212;1;2;8.0;3.0;43,55746300; -1,14595000;
202300052237.0;1;974;97416;1;1;1.0;7.0; -21,32009429;55,44604540;
202300052238.0;1;30;30243;2;3;1.0;3.0;44,08330000;4,07700000;
202300052239.0;5;972;97213;1;1;1.0;3.0;14,62379961; -61,01872344;
202300052240.0;1;35;35278;2;3;1.0;3.0;48,15436000; -1,68382000;
202300052241.0;5;74;74118;2;5;3.0;3.0;46,18139000;6,22996000;
202300052242.0;1;59;59350;2;3;1.0;3.0;50,62208000;3,10082000;
202300052243.0;1;07;07264;2;1;1.0;1.0;44,32372900;4,61604400;
202300052244.0;1;75;75109;2;3;1.0;3.0;48,87974400;2,33283800;
202300052245.0;3;27;27105;1;1;2.0;2.0;49,31575100;0,89521400;
202300052246.0;1;974;97407;2;1;1.0;1.0; -20,96209000;55,31791000;
202300052247.0;1;72;72181;1;9;1.0;6.0;48,02188845;0,22904634;
202300052248.0;1;29;29151;2;3;1.0;3.0;48,57134000; -3,83704000;
202300052249.0;1;972;97209;2;1;1.0;2.0;14,60620365; -61,06270373;
202300052250.0;1;59;59328;2;3;8.0;6.0;50,64825066;3,04466421;
202300052251.0;1;34;34301;2;1;1.0;6.0;43,41754000;3,71209000;
202300052252.0;1;06;06018;1;1;1.0;2.0;43,62186400;7,05853300;
202300052253.0;1;973;97302;2;1;8.0;3.0;4,93442973; -52,31385988;
202300052254.0;5;72;72181;2;9;2.0;3.0;47,99309200;0,17476400;
202300052255.0;2;75;75108;2;3;1.0;6.0;48,87192000;2,31869400;
202300052256.0;1;01;01390;1;2;1.0;3.0;45,82077300;5,24393900;
202300052257.0;1;49;49007;2;2;8.0;1.0;47,48282000; -0,52236000;
202300052258.0;1;29;29019;2;6;1.0;2.0;48,40908400; -4,46810100;
202300052259.0;1;31;31555;2;1;1.0;3.0;43,57805200;1,39045600;
202300052260.0;1;69;69149;2;3;1.0;1.0;45,70855663;4,81413803;
202300052261.0;1;49;49306;1;1;2.0;2.0;47,44079101; -0,75466636;
202300052262.0;1;69;69383;2;2;1.0;3.0;45,74991000;4,88573000;
202300052263.0;3;85;85189;1;1;1.0;6.0;46,76910800; -1,87421200;
202300052264.0;1;47;47001;2;1;1.0;3.0;44,22207000;0,63160000;
202300052265.0;5;69;69275;1;1;2.0;1.0;45,75615000;4,95431000;
202300052266.0;1;51;51515;1;1;2.0;7.0;49,03601100;4,61348500;
202300052267.0;1;75;75108;2;2;1.0;3.0;48,87637300;2,30791200;
202300052268.0;1;14;14366;2;3;1.0;6.0;49,14153800;0,21360300;
202300052269.0;1;31;31555;2;9;1.0;3.0;43,60582600;1,42813951;
202300052270.0;1;971;97101;2;6;1.0;6.0;16,24301010; -61,53085113;
202300052271.0;1;44;44143;2;1;1.0;6.0;47,19242100; -1,55477330;
202300052272.0;1;69;69383;2;1;1.0;6.0;45,74658000;4,88526000;
202300052273.0;2;69;69266;2;1;2.0;2.0;45,78558000;4,90454000;
202300052274.0;5;971;97113;1;1;1.0;6.0;16,21793000; -61,49851000;
202300052275.0;1;31;31555;2;1;1.0;3.0;43,56600000;1,43987000;
202300052276.0;1;49;49194;1;2;8.0;3.0;47,47274300; -0,28235100;
202300052277.0;1;14;14269;1;1;2.0;5.0;49,25047900;0,22600100;
202300052278.0;1;69;69264;2;6;2.0;7.0;45,99363000;4,73438000;
202300052279.0;2;75;75107;2;2;1.0;3.0;48,85450000;2,32579800;
202300052280.0;5;14;14118;2;8;1.0;3.0;49,16143000; -0,34232000;
202300052281.0;4;972;97213;1;1;1.0;6.0;14,63901000; -60,99186000;
202300052282.0;3;49;49138;1;1;1.0;7.0;47,50691800; -0,22151800;
202300052283.0;1;2A;2A004;1;6;1.0;3.0;41,92725800;8,77870000;
202300052284.0;2;69;69271;2;1;1.0;3.0;45,74677817;4,97348123;
202300052285.0;1;69;69384;2;2;1.0;3.0;45,78094000;4,83659000;
202300052286.0;1;75;75107;2;2;1.0;6.0;48,86243300;2,30158700;
202300052287.0;1;13;13117;1;4;1.0;2.0;43,42435000;5,23948000;
202300052288.0;1;37;37261;2;2;1.0;3.0;47,38075000;0,70746000;
202300052289.0;1;50;50492;1;3;1.0;3.0;49,07468100; -0,98484300;
202300052290.0;3;45;45093;1;1;2.0;2.0;48,04116600;1,84041100;
202300052291.0;5;67;67482;2;3;2.0;6.0;48,57440000;7,73826000;
202300052292.0;1;95;95585;2;6;1.0;3.0;48,98848777;2,37789631;
202300052293.0;1;69;69382;2;2;1.0;3.0;45,75464000;4,83245000;
202300052294.0;1;75;75103;2;4;1.0;3.0;48,86671100;2,36177800;
202300052295.0;1;35;35115;2;1;2.0;2.0;48,34455000; -1,17907000;
202300052296.0;1;13;13213;2;1;1.0;6.0;43,32644000;5,42150000;
202300052297.0;1;66;66136;1;1;1.0;2.0;42,70282000;2,94110000;
202300052298.0;1;18;18205;1;1;1.0;5.0;47,08909000;2,34965000;
202300052299.0;1;34;34172;2;6;1.0;7.0;43,64488000;3,85263000;
202300052300.0;1;2A;2A004;2;3;1.0;3.0;41,93410000;8,75074000;
202300052301.0;1;91;91589;2;1;1.0;1.0;48,67668000;2,35230000;
202300052302.0;1;12;12089;2;1;1.0;1.0;44,57324000;2,25335000;
202300052303.0;1;66;66136;2;1;1.0;3.0;42,71517000;2,89395000;
202300052304.0;1;94;94081;2;2;1.0;6.0;48,78255000;2,38087000;
202300052305.0;1;13;13215;1;1;1.0;3.0;43,36340000;5,36080000;
202300052306.0;1;988;98832;1;1;3.0;1.0; -22,15246000;166,83146000;
202300052307.0;3;18;18033;1;1;1.0;3.0;47,04028000;2,35302000;
202300052308.0;1;31;31555;2;1;1.0;6.0;43,63514595;1,44382507;
202300052309.0;5;65;65440;2;1;3.0;6.0;43,23569000;0,05495000;
202300052310.0;1;95;95555;2;1;2.0;2.0;48,96280490;2,29210317;
202300052311.0;1;09;09225;2;1;1.0;6.0;43,10765000;1,62306000;
202300052312.0;1;94;94081;2;2;1.0;3.0;48,78611000;2,39184000;
202300052313.0;1;988;98833;1;1;1.0;7.0; -21,41454900;165,82408500;
202300052314.0;1;78;78238;1;1;1.0;2.0;48,97268000;1,87871000;
202300052315.0;3;31;31555;1;1;1.0;6.0;43,57500000;1,44084000;
202300052316.0;5;91;91589;2;1;1.0;7.0;48,69003000;2,35279000;
202300052317.0;4;17;17415;2;1;1.0;3.0;45,74123700; -0,63946500;
202300052318.0;2;94;94078;2;1;1.0;6.0;48,73446800;2,46368100;
202300052319.0;1;07;07281;1;1;1.0;7.0;44,92784000;4,79947000;
202300052320.0;1;77;77083;1;6;1.0;6.0;48,85112582;2,59281627;
202300052321.0;3;65;65286;1;3;2.0;3.0;43,11603000; -0,03287000;
202300052322.0;5;31;31483;2;1;1.0;6.0;43,10457000;0,71309700;
202300052323.0;1;74;74218;1;1;1.0;6.0;46,37830000;6,54562000;
202300052324.0;3;971;97114;1;1;1.0;5.0;16,11076100; -61,57324100;
202300052325.0;5;17;17300;2;1;1.0;3.0;46,15400000; -1,11800000;
202300052326.0;5;94;94074;2;1;1.0;3.0;48,76218755;2,44248444;
202300052327.0;5;69;69259;2;1;3.0;3.0;45,71922000;4,87550000;
202300052328.0;5;69;69266;2;1;1.0;6.0;45,78062000;4,88380000;
202300052329.0;1;06;06069;2;1;1.0;3.0;43,64115000;6,91501000;
202300052330.0;1;30;30007;2;3;1.0;3.0;44,10101000;4,07131000;
202300052331.0;5;13;13211;1;1;1.0;6.0;43,31096000;5,49994000;
202300052332.0;3;94;94042;2;2;1.0;6.0;48,81765500;2,46833400;
202300052333.0;5;63;63300;2;1;2.0;4.0;45,90301000;3,10019000;
202300052334.0;5;21;21515;2;1;2.0;6.0;47,31066400;5,10611600;
202300052335.0;2;69;69199;2;3;1.0;6.0;45,71097000;4,85510000;
202300052336.0;1;65;65440;2;2;8.0;3.0;43,23155000;0,05468000;
202300052337.0;1;06;06004;2;2;1.0;3.0;43,58839800;7,11860000;
202300052338.0;1;29;29019;2;2;1.0;3.0;48,39287000; -4,46212000;
202300052339.0;1;13;13210;2;1;1.0;3.0;43,26867000;5,41965000;
202300052340.0;1;62;62040;2;9;1.0;3.0;50,73694000;2,28077000;
202300052341.0;1;94;94028;1;3;1.0;2.0;48,77795000;2,43841000;
202300052342.0;5;64;64024;2;1;1.0;7.0;43,48229000; -1,50706000;
202300052343.0;3;29;29071;1;1;2.0;1.0;47,93169900; -3,43213300;
202300052344.0;1;62;62427;2;9;8.0;7.0;50,40753507;2,95495087;
202300052345.0;1;94;94022;2;1;1.0;1.0;48,77255000;2,40942000;
202300052346.0;1;13;13204;2;1;1.0;6.0;43,29884000;5,39811000;
202300052347.0;1;64;64102;2;1;2.0;6.0;43,48788000; -1,47479000;
202300052348.0;1;29;29019;2;2;1.0;3.0;48,41617500; -4,46837700;
202300052349.0;1;75;75119;2;1;1.0;2.0;48,90060600;2,37393300;
202300052350.0;1;65;65440;2;2;1.0;1.0;43,22403500;0,06977700;
202300052351.0;1;45;45051;1;1;2.0;1.0;47,83376659;2,36233431;
202300052352.0;5;94;94018;2;2;1.0;6.0;48,82231000;2,41065000;
202300052353.0;1;28;28134;2;1;1.0;6.0;48,73680000;1,34886000;
202300052354.0;1;13;13210;2;3;1.0;3.0;43,28065000;5,42077000;
202300052355.0;1;61;61143;2;3;7.0;3.0;48,44714000;0,07784000;
202300052356.0;1;75;75120;2;2;1.0;6.0;48,86912400;2,39146000;
202300052357.0;1;27;27681;2;6;1.0;6.0;49,09713000;1,48936000;
202300052358.0;5;93;93066;2;1;1.0;3.0;48,92969400;2,35960900;
202300052359.0;5;59;59426;2;1;1.0;4.0;50,74878000;3,14437000;
202300052360.0;1;77;77476;1;1;2.0;1.0;49,04128200;2,95588400;
202300052361.0;1;59;59599;2;1;8.0;3.0;50,70941000;3,15990000;
202300052362.0;5;13;13202;2;2;1.0;7.0;43,30316000;5,37342000;