Num_Acc;lum;departement;commune;agglomeration;intersection;meteo;type_collision;lat;long;date
202300052363.0;2;93;93066;2;1;1.0;3.0;48,91334908;2,35750213;
202300052364.0;1;49;49007;2;3;1.0;3.0;47,46933000; -0,60216000;
202300052365.0;1;75;75120;2;2;2.0;3.0;48,86323000;2,39973000;
202300052366.0;1;59;59350;2;1;1.0;6.0;50,61733000;3,06145000;
202300052367.0;5;59;59650;2;1;1.0;5.0;50,70907000;3,21932000;
202300052368.0;2;95;95658;1;1;2.0;1.0;49,07850905;1,94181740;
202300052369.0;1;13;13001;1;2;1.0;6.0;43,60293000;5,42575000;
202300052370.0;1;93;93050;2;2;1.0;3.0;48,86490100;2,52028200;
202300052371.0;1;48;48095;1;1;3.0;1.0;44,53673500;3,53047907;
202300052372.0;1;56;56121;2;3;1.0;2.0;47,76811964; -3,40439736;
202300052373.0;5;25;25056;2;1;1.0;7.0;47,23985000;6,01939000;
202300052374.0;1;93;93048;2;2;1.0;3.0;48,86415000;2,43597000;
202300052375.0;1;75;75120;2;2;1.0;3.0;48,85763400;2,40391700;
202300052376.0;3;11;11099;1;1;5.0;7.0;43,28239200;2,35995800;
202300052377.0;3;54;54528;2;1;1.0;6.0;48,67402000;5,88333000;
202300052378.0;1;12;12083;2;3;7.0;6.0;44,52668000;2,26816000;
202300052379.0;5;59;59350;2;3;1.0;3.0;50,62226000;3,09653000;
202300052380.0;1;44;44184;2;2;1.0;3.0;47,28072279; -2,22984776;
202300052381.0;1;93;93006;2;1;1.0;2.0;48,86724725;2,42450505;
202300052382.0;1;21;21054;2;2;1.0;3.0;47,02379000;4,84424800;
202300052383.0;5;43;43157;2;1;3.0;7.0;45,04926000;3,89046000;
202300052384.0;1;75;75120;2;3;1.0;1.0;48,86462500;2,40564800;
202300052385.0;3;54;54431;2;2;2.0;3.0;48,90413000;6,05236000;
202300052386.0;2;06;06088;2;2;1.0;3.0;43,67679000;7,20141000;
202300052387.0;2;57;57606;2;1;8.0;6.0;49,10320400;6,69969300;
202300052388.0;1;06;06146;1;1;1.0;5.0;43,92877700;7,18083100;
202300052389.0;1;93;93031;2;1;1.0;6.0;48,95937433;2,31798515;
202300052390.0;1;51;51454;2;9;2.0;6.0;49,25885000;4,05598000;
202300052391.0;1;19;19031;2;6;1.0;3.0;45,15888000;1,51133000;
202300052392.0;1;06;06123;2;1;1.0;6.0;43,66803000;7,18365000;
202300052393.0;3;05;05119;1;1;1.0;1.0;44,63526900;6,62486300;
202300052394.0;5;57;57332;2;7;1.0;6.0;49,12456000;6,77342000;
202300052395.0;1;75;75120;2;3;1.0;3.0;48,87531300;2,39396800;
202300052396.0;1;93;93014;2;3;1.0;3.0;48,90485000;2,54680000;
202300052397.0;3;42;42184;2;1;1.0;1.0;46,03958000;4,01655000;
202300052398.0;1;17;17306;2;1;1.0;3.0;45,63864000; -1,02538000;
202300052399.0;2;51;51172;2;6;2.0;3.0;49,21500000;4,05000000;
202300052400.0;3;25;25047;1;1;1.0;5.0;47,35561100;6,37214000;
202300052401.0;5;01;01283;2;1;1.0;6.0;46,25050000;5,64476000;
202300052402.0;5;56;56260;2;3;8.0;3.0;47,65647500; -2,78230640;
202300052403.0;1;38;38185;1;9;1.0;6.0;45,18113000;5,70298000;
202300052404.0;5;93;93057;2;3;1.0;3.0;48,91546785;2,49995425;
202300052405.0;1;13;13215;2;2;1.0;6.0;43,34759000;5,35916000;
202300052406.0;1;51;51454;2;2;1.0;1.0;49,27341000;4,01490000;
202300052407.0;1;07;07272;1;1;1.0;3.0;44,52691475;4,41283464;
202300052408.0;5;93;93055;2;1;1.0;3.0;48,89465000;2,42111000;
202300052409.0;1;35;35238;2;1;1.0;6.0;48,10330000; -1,66173000;
202300052410.0;1;75;75112;2;1;1.0;2.0;48,82714100;2,39103000;
202300052411.0;5;56;56121;2;6;2.0;3.0;47,73340000; -3,38510000;
202300052412.0;1;37;37195;2;1;1.0;7.0;47,37931000;0,65460000;
202300052413.0;1;13;13214;2;9;1.0;3.0;43,33879898;5,36950145;
202300052414.0;5;69;69116;2;6;1.0;6.0;45,82141600;4,76610300;
202300052415.0;1;93;93001;2;1;1.0;6.0;48,90585084;2,36969055;
202300052416.0;3;33;33006;1;1;2.0;6.0;45,20137800; -0,64908900;
202300052417.0;5;35;35238;2;1;1.0;3.0;48,09896200; -1,65338000;
202300052418.0;1;34;34172;1;1;1.0;2.0;43,61455455;3,88003059;
202300052419.0;5;75;75120;2;1;1.0;2.0;48,85903300;2,41411000;
202300052420.0;1;11;11069;2;2;1.0;3.0;43,21051000;2,35783000;
202300052421.0;1;92;92078;2;1;1.0;6.0;48,92923900;2,33175500;
202300052422.0;1;54;54304;2;2;1.0;3.0;48,69503000;6,12438000;
202300052423.0;5;53;53168;2;1;8.0;6.0;47,98553500; -0,78291900;
202300052424.0;1;34;34003;1;1;1.0;2.0;43,30002300;3,50743700;
202300052425.0;1;92;92051;2;1;1.0;2.0;48,87868047;2,27900594;
202300052426.0;1;06;06069;2;1;1.0;1.0;43,64084000;6,96747000;
202300052427.0;5;35;35115;2;6;1.0;3.0;48,35495000; -1,19860000;
202300052428.0;5;75;75106;2;3;1.0;6.0;48,85823200;2,33323900;
202300052429.0;3;76;76057;1;1;3.0;2.0;49,53770522;0,96125364;
202300052430.0;5;33;33063;2;1;1.0;6.0;44,83719000; -0,56604000;
202300052431.0;5;49;49007;2;1;1.0;3.0;47,46821000; -0,53059000;
202300052432.0;1;31;31555;2;1;1.0;6.0;43,60412000;1,43456000;
202300052433.0;1;92;92049;2;2;1.0;3.0;48,81752000;2,32560000;
202300052434.0;1;05;05061;2;1;1.0;2.0;44,55692000;6,07585000;
202300052435.0;1;80;80219;1;1;2.0;7.0;49,72516900;2,07320800;
202300052436.0;1;75;75113;2;3;1.0;3.0;48,82918700;2,37421000;
202300052437.0;5;31;31555;2;1;1.0;6.0;43,60452400;1,40418000;
202300052438.0;1;92;92044;2;1;1.0;7.0;48,89287000;2,29835000;
202300052439.0;1;33;33200;2;3;2.0;3.0;44,86058000; -0,67770000;
202300052440.0;1;05;05061;2;1;1.0;6.0;44,55924000;6,08392000;
202300052441.0;1;92;92044;2;3;8.0;6.0;48,88764760;2,28772178;
202300052442.0;1;59;59400;1;1;2.0;1.0;50,62561100;2,63002400;
202300052443.0;1;28;28220;2;1;1.0;3.0;48,41610000;1,45696000;
202300052444.0;2;49;49267;2;1;1.0;4.0;47,48533000; -0,49780000;
202300052445.0;5;75;75106;2;3;1.0;6.0;48,85166200;2,33528400;
202300052446.0;1;54;54142;1;1;1.0;6.0;48,46121914;6,24344230;
202300052447.0;5;14;14715;2;1;1.0;6.0;49,36623000;0,07887000;
202300052448.0;3;49;49267;1;1;1.0;1.0;47,48682231; -0,47623592;
202300052449.0;1;75;75120;2;4;1.0;6.0;48,86460600;2,40597400;
202300052450.0;5;86;86131;2;4;1.0;1.0;46,43486700;0,60091600;
202300052451.0;4;59;59507;1;1;1.0;2.0;50,61213479;3,08907866;
202300052452.0;5;33;33032;2;1;1.0;6.0;44,89356196; -0,52999914;
202300052453.0;5;13;13206;2;2;2.0;3.0;43,29204000;5,38031000;
202300052454.0;1;75;75119;2;3;1.0;6.0;48,87966300;2,40839200;
202300052455.0;4;68;68250;2;1;5.0;7.0;47,93665500;7,23321000;
202300052456.0;3;48;48095;1;1;2.0;7.0;44,53042000;3,48972000;
202300052457.0;1;75;75117;2;2;1.0;3.0;48,89494700;2,32808800;
202300052458.0;1;94;94003;1;1;2.0;3.0;48,80389457;2,34203660;
202300052459.0;1;13;13201;2;9;1.0;2.0;43,30500000;5,39050000;
202300052460.0;1;31;31555;2;3;1.0;3.0;43,60386000;1,39423000;
202300052461.0;1;78;78640;1;1;2.0;6.0;48,77964000;2,19132100;
202300052462.0;1;75;75116;2;1;1.0;6.0;48,86544054;2,28642225;
202300052463.0;1;75;75119;2;1;1.0;3.0;48,87620200;2,39345600;
202300052464.0;2;84;84037;2;1;1.0;1.0;44,04897600;4,83805600;
202300052465.0;1;13;13210;2;1;1.0;2.0;43,27798382;5,42720854;
202300052466.0;2;93;93007;1;1;1.0;3.0;48,94214437;2,47816647;
202300052467.0;1;45;45208;2;4;1.0;3.0;47,99656000;2,73282000;
202300052468.0;5;31;31555;1;1;1.0;3.0;43,57557000;1,40855000;
202300052469.0;1;59;59278;2;1;1.0;3.0;50,60900000;2,96225300;
202300052470.0;1;75;75116;2;5;1.0;3.0;48,85132100;2,27845300;
202300052471.0;3;77;77373;1;1;3.0;7.0;48,76583400;2,61419900;
202300052472.0;1;29;29232;2;1;1.0;6.0;47,99547300; -4,09986500;
202300052473.0;1;71;71336;2;1;1.0;6.0;46,72057700;4,94605500;
202300052474.0;1;13;13028;2;6;1.0;3.0;43,19219000;5,60455000;
202300052475.0;2;44;44143;2;1;1.0;2.0;47,19283000; -1,55275000;
202300052476.0;1;75;75116;2;2;1.0;2.0;48,84320800;2,26023200;
202300052477.0;1;75;75118;2;2;1.0;6.0;48,89239900;2,34499700;
202300052478.0;5;28;28134;2;9;1.0;6.0;48,73561000;1,36513000;
202300052479.0;1;33;33009;2;3;1.0;6.0;44,65061000; -1,15366000;
202300052480.0;5;43;43041;2;1;1.0;7.0;45,04962100;3,91836600;
202300052481.0;5;06;06088;2;9;1.0;6.0;43,69375000;7,25644000;
202300052482.0;1;62;62473;2;8;7.0;3.0;50,60735300;2,46323300;
202300052483.0;5;75;75116;2;2;1.0;1.0;48,86364000;2,23948000;
202300052484.0;1;988;98818;2;1;1.0;6.0; -22,29614000;166,45437000;
202300052485.0;1;06;06069;2;1;1.0;3.0;43,68074200;6,95299700;
202300052486.0;1;75;75117;2;1;1.0;2.0;48,89295600;2,30203600;
202300052487.0;1;28;28134;2;1;1.0;7.0;48,73789000;1,34530000;
202300052488.0;1;76;76344;1;3;1.0;3.0;49,75877800;1,71854500;
202300052489.0;5;35;35238;2;2;1.0;2.0;48,10986300; -1,65981000;
202300052490.0;3;973;97302;1;1;1.0;3.0;4,90542000; -52,32024000;
202300052491.0;3;04;04112;1;1;1.0;6.0;43,83485000;5,81961000;
202300052492.0;1;75;75116;2;3;1.0;3.0;48,87383400;2,26413200;
202300052493.0;3;82;82118;1;1;1.0;7.0;43,93983700;1,11299900;
202300052494.0;1;27;27229;2;1;1.0;6.0;49,03172000;1,15883000;
202300052495.0;1;75;75117;2;1;1.0;3.0;48,89094700;2,30601600;
202300052496.0;5;69;69389;2;1;2.0;6.0;45,77059000;4,79693000;
202300052497.0;1;75;75115;2;2;1.0;6.0;48,85020760;2,29196906;
202300052498.0;1;75;75117;2;1;1.0;3.0;48,88519300;2,28730200;
202300052499.0;1;38;38343;2;2;1.0;1.0;45,54305100;5,66239500;
202300052500.0;5;34;34172;2;2;8.0;3.0;43,61619000;3,84106000;
202300052501.0;5;95;95539;2;1;1.0;2.0;48,99544000;2,36378000;
202300052502.0;3;26;26362;1;1;1.0;7.0;44,94513000;4,95517000;
202300052503.0;1;75;75117;2;2;1.0;3.0;48,88127100;2,29552200;
202300052504.0;2;70;70473;2;1;1.0;3.0;47,80625500;6,38367900;
202300052505.0;1;75;75114;2;1;1.0;2.0;48,81721200;2,33498200;
202300052506.0;2;95;95280;2;1;1.0;6.0;49,02658000;2,45493000;
202300052507.0;2;75;75115;2;2;1.0;3.0;48,83569000;2,31125800;
202300052508.0;5;34;34129;2;1;2.0;7.0;43,58038000;3,93059000;
202300052509.0;1;25;25056;2;1;1.0;6.0;47,22414000;5,97895000;
202300052510.0;1;75;75116;2;1;1.0;2.0;48,85978800;2,22953600;
202300052511.0;5;91;91477;2;1;8.0;6.0;48,72130000;2,24833000;
202300052512.0;1;75;75114;2;2;1.0;3.0;48,82136400;2,33436700;
202300052513.0;1;75;75114;2;1;1.0;2.0;48,81646100;2,34167100;
202300052514.0;5;34;34032;2;1;1.0;6.0;43,36357000;3,22564000;
202300052515.0;5;18;18279;2;1;2.0;6.0;47,23594800;2,07653500;
202300052516.0;5;91;91027;2;1;1.0;6.0;48,70565000;2,39325000;
202300052517.0;3;75;75115;2;2;1.0;3.0;48,84500100;2,31982600;
202300052518.0;1;24;24564;1;1;7.0;3.0;45,20769700;0,28224300;
202300052519.0;4;75;75114;2;1;1.0;6.0;48,81953886;2,32848689;
202300052520.0;2;17;17415;1;1;1.0;2.0;45,74563400; -0,59714400;
202300052521.0;5;33;33063;2;1;2.0;6.0;44,86327000; -0,56658000;
202300052522.0;1;75;75114;2;4;1.0;3.0;48,84001700;2,32169000;
202300052523.0;1;88;88160;2;1;2.0;6.0;48,16913000;6,44476000;
202300052524.0;1;27;27288;1;1;8.0;6.0;49,28343500;0,68170000;
202300052525.0;1;75;75115;2;2;1.0;6.0;48,84226100;2,31336600;
202300052526.0;1;75;75112;2;1;1.0;2.0;48,83017100;2,40218800;
202300052527.0;1;13;13201;2;3;1.0;3.0;43,29383000;5,37924000;
202300052528.0;1;75;75113;2;7;1.0;6.0;48,82344699;2,35409975;
202300052529.0;1;33;33529;2;2;2.0;6.0;44,53814000; -1,15228000;
202300052530.0;2;86;86066;2;1;1.0;6.0;46,81742200;0,54504300;
202300052531.0;3;27;27198;1;1;1.0;1.0;48,90213600;1,02971100;
202300052532.0;1;75;75113;2;3;1.0;7.0;48,82032500;2,35404700;
202300052533.0;5;84;84007;1;1;1.0;3.0;43,90496000;4,89237000;
202300052534.0;3;17;17008;1;1;1.0;2.0;46,25195900; -1,01325300;
202300052535.0;1;31;31555;2;1;2.0;6.0;43,59486000;1,45294000;
202300052536.0;1;75;75120;2;1;1.0;2.0;48,86784500;2,41324100;
202300052537.0;1;75;75112;2;3;1.0;3.0;48,84491200;2,40291700;
202300052538.0;1;11;11069;1;1;1.0;3.0;43,21293000;2,27417000;
202300052539.0;1;75;75113;2;2;1.0;6.0;48,83382800;2,36509700;
202300052540.0;1;29;29232;2;1;1.0;3.0;47,97729400; -4,06967400;
202300052541.0;1;37;37156;2;3;1.0;7.0;47,37446500;0,81115400;
202300052542.0;1;75;75109;2;3;1.0;6.0;48,87811100;2,33014200;
202300052543.0;1;81;81004;2;2;1.0;3.0;43,92287680;2,14717500;
202300052544.0;5;11;11069;2;1;1.0;6.0;43,20792000;2,34016000;
202300052545.0;1;75;75106;2;3;1.0;2.0;48,85642600;2,33990100;
202300052546.0;1;75;75113;2;1;1.0;6.0;48,83119600;2,35755100;
202300052547.0;2;973;97310;1;1;2.0;7.0;4,77852400; -52,42480500;
202300052548.0;1;75;75108;2;2;1.0;7.0;48,86412000;2,32010000;
202300052549.0;3;81;81004;1;1;8.0;1.0;43,92541000;2,17164000;
202300052550.0;1;29;29019;2;7;1.0;6.0;48,38429700; -4,50495000;
202300052551.0;1;42;42279;2;1;1.0;2.0;45,51283200;4,26357500;
202300052552.0;3;79;79191;2;2;1.0;6.0;46,31030000; -0,46698000;
202300052553.0;1;11;11069;2;3;1.0;3.0;43,21562000;2,35818000;
202300052554.0;1;75;75110;2;2;1.0;1.0;48,87972400;2,35869600;
202300052555.0;1;45;45173;1;1;7.0;3.0;47,84414100;2,11801700;
202300052556.0;1;94;94077;1;3;1.0;1.0;48,72878278;2,40596610;
202300052557.0;5;75;75118;2;1;9.0;7.0;48,88852200;2,32594400;
202300052558.0;4;29;29019;1;1;1.0;1.0;48,39507400; -4,53921900;
202300052559.0;1;07;07102;2;9;1.0;6.0;44,92540000;4,86930000;
202300052560.0;1;76;76217;2;1;1.0;7.0;49,92715000;1,08296000;
202300052561.0;1;13;13014;1;1;1.0;2.0;43,51800700;5,14872600;
202300052562.0;1;93;93078;2;2;1.0;2.0;48,95782000;2,54581000;
202300052563.0;1;75;75117;2;2;1.0;2.0;48,88150200;2,28179800;
202300052564.0;1;75;75110;2;2;1.0;2.0;48,87124300;2,37011700;
202300052565.0;5;29;29019;2;1;2.0;6.0;48,39144700; -4,48556400;
202300052566.0;3;93;93066;2;9;1.0;3.0;48,90644200;2,36371800;
202300052567.0;3;25;25056;1;1;2.0;6.0;47,24764000;5,97896000;
202300052568.0;1;06;06104;1;1;1.0;5.0;43,75819100;7,43480900;
202300052569.0;2;74;74305;2;6;2.0;2.0;46,20489000;6,28100000;
202300052570.0;1;13;13057;1;3;1.0;5.0;43,79089300;4,76532000;
202300052571.0;1;75;75113;2;2;1.0;3.0;48,83104000;2,37759400;
202300052572.0;1;93;93066;2;1;1.0;6.0;48,93939210;2,36217320;
202300052573.0;5;69;69092;2;1;1.0;3.0;45,98870000;4,69674000;
202300052574.0;5;25;25056;2;2;2.0;2.0;47,24644100;5,99765700;
202300052575.0;1;38;38407;1;1;1.0;3.0;45,35045600;5,67001300;
202300052576.0;1;75;75107;2;1;8.0;3.0;48,86282000;2,31841000;
202300052577.0;1;75;75117;2;1;1.0;5.0;48,90018800;2,32078100;
202300052578.0;5;75;75107;2;3;1.0;3.0;48,85897405;2,29336381;
202300052579.0;1;69;69259;2;1;1.0;2.0;45,70014000;4,87253000;
202300052580.0;1;93;93051;2;6;1.0;1.0;48,84332000;2,54353000;
202300052581.0;1;26;26170;1;1;1.0;3.0;44,90222800;4,94531800;
202300052582.0;2;25;25056;2;1;2.0;6.0;47,22326000;5,97131900;
202300052583.0;5;75;75107;2;1;1.0;6.0;48,85932698;2,29283810;
202300052584.0;5;75;75103;2;2;1.0;2.0;48,86121000;2,35818000;
202300052585.0;3;24;24037;1;1;3.0;6.0;44,82617000;0,48989000;
202300052586.0;1;75;75117;2;1;1.0;5.0;48,89646200;2,31005700;
202300052587.0;1;69;69290;2;3;1.0;3.0;45,69536000;4,92071000;
202300052588.0;3;94;94068;2;2;1.0;6.0;48,79398000;2,51766700;
202300052589.0;5;14;14630;2;1;1.0;6.0;49,25016400; -0,65241600;
202300052590.0;5;69;69290;2;1;2.0;6.0;45,68960000;4,94340000;
202300052591.0;5;19;19031;2;3;1.0;3.0;45,16448000;1,50250000;
202300052592.0;1;75;75105;2;3;1.0;3.0;48,84911800;2,35757600;
202300052593.0;1;27;27676;1;1;1.0;7.0;49,19934500;1,30460500;
202300052594.0;1;94;94079;2;1;1.0;2.0;48,82272790;2,55101466;
202300052595.0;3;59;59574;1;1;1.0;6.0;50,34617000;3,27700000;
202300052596.0;1;64;64545;1;3;1.0;4.0;43,35992000; -1,72657000;
202300052597.0;1;19;19031;2;1;1.0;6.0;45,15694467;1,52197874;
202300052598.0;1;94;94017;2;2;1.0;2.0;48,80704721;2,53559558;
202300052599.0;1;64;64335;2;1;2.0;3.0;43,32951700; -0,44102700;
202300052600.0;1;91;91689;1;1;1.0;2.0;48,72471000;2,31253000;
202300052601.0;5;19;19031;2;2;1.0;3.0;45,15742000;1,52368000;
202300052602.0;5;94;94017;2;1;1.0;6.0;48,81341000;2,51139000;
202300052603.0;3;78;78571;1;1;1.0;6.0;48,87891900;2,01845600;
202300052604.0;1;75;75117;2;4;8.0;2.0;48,87960700;2,28215700;
202300052605.0;2;15;15012;1;1;3.0;4.0;44,88278000;2,45007900;
202300052606.0;5;64;64122;2;4;1.0;4.0;43,48634000; -1,54335000;
202300052607.0;1;95;95488;1;1;1.0;6.0;49,01991571;2,13851555;
202300052608.0;3;75;75116;2;2;1.0;6.0;48,87213700;2,28421100;
202300052609.0;5;13;13209;2;1;2.0;1.0;43,25297000;5,40198000;
202300052610.0;1;64;64102;2;1;1.0;3.0;43,50338000; -1,46473000;
202300052611.0;1;93;93007;1;1;1.0;2.0;48,94688000;2,44244000;
202300052612.0;1;93;93078;2;9;1.0;3.0;48,96172928;2,55786046;
202300052613.0;1;75;75111;2;1;1.0;2.0;48,86369200;2,37157800;
202300052614.0;5;13;13214;2;2;1.0;6.0;43,34727000;5,37857000;
202300052615.0;5;59;59350;2;1;1.0;1.0;50,62398000;3,08119000;
202300052616.0;1;75;75108;2;2;2.0;7.0;48,87512000;2,29602900;
202300052617.0;1;92;92036;1;1;1.0;4.0;48,93909226;2,30366757;
202300052618.0;3;93;93005;2;4;1.0;3.0;48,93247500;2,49796600;
202300052619.0;5;10;10387;2;3;8.0;3.0;48,29710000;4,07510000;
202300052620.0;1;93;93078;1;1;1.0;7.0;48,95809287;2,53061231;
202300052621.0;1;54;54578;1;1;1.0;2.0;48,65642456;6,12697810;
202300052622.0;1;93;93066;2;1;1.0;6.0;48,93228269;2,36799478;
202300052623.0;5;75;75108;2;7;1.0;2.0;48,87339987;2,29571342;
202300052624.0;1;92;92036;1;1;1.0;2.0;48,94647077;2,28241919;
202300052625.0;3;49;49007;2;1;2.0;1.0;47,46541000; -0,54534000;
202300052626.0;5;09;09122;2;1;3.0;4.0;42,95348000;1,62340000;
202300052627.0;5;75;75107;2;1;1.0;1.0;48,85888100;2,33121600;
202300052628.0;1;93;93066;2;4;1.0;3.0;48,94097971;2,36417359;
202300052629.0;1;45;45302;2;1;1.0;6.0;47,94365100;1,88817400;
202300052630.0;1;94;94028;1;1;1.0;5.0;48,78172396;2,44088054;
202300052631.0;5;07;07281;2;6;2.0;7.0;44,94601000;4,84754000;
202300052632.0;1;75;75107;2;5;1.0;6.0;48,85116500;2,30090800;
202300052633.0;2;93;93066;2;9;1.0;3.0;48,91532500;2,35791300;
202300052634.0;1;37;37214;2;2;7.0;3.0;47,41288000;0,66719000;
202300052635.0;2;06;06069;2;9;1.0;3.0;43,64666080;6,91814490;
202300052636.0;3;94;94044;1;1;1.0;7.0;48,75781222;2,47055049;
202300052637.0;5;75;75104;2;3;1.0;7.0;48,86029600;2,35298300;
202300052638.0;1;35;35238;2;2;1.0;6.0;48,13198332; -1,63554601;
202300052639.0;2;91;91201;2;1;1.0;6.0;48,68071100;2,39840500;
202300052640.0;1;93;93046;2;9;1.0;3.0;48,92012228;2,52371073;
202300052641.0;1;94;94077;2;1;1.0;2.0;48,72965506;2,43398961;
202300052642.0;2;62;62160;2;1;1.0;2.0;50,72898500;1,61859500;
202300052643.0;1;35;35238;2;2;1.0;3.0;48,09813000; -1,65553000;
202300052644.0;1;94;94033;2;1;1.0;7.0;48,84508209;2,45100582;
202300052645.0;1;93;93079;2;3;1.0;3.0;48,95162700;2,34293600;
202300052646.0;1;60;60057;2;1;5.0;6.0;49,43035000;2,08125000;
202300052647.0;1;06;06069;2;6;1.0;3.0;43,64512030;6,94007400;
202300052648.0;1;93;93046;2;1;2.0;3.0;48,93184009;2,55075938;
202300052649.0;5;35;35238;2;6;1.0;3.0;48,09903000; -1,68422000;
202300052650.0;1;67;67482;2;1;1.0;6.0;48,58665200;7,69657100;
202300052651.0;5;93;93029;2;2;1.0;3.0;48,91985000;2,45143000;
202300052652.0;1;974;97416;1;1;1.0;7.0; -21,31447000;55,49359000;
202300052653.0;1;93;93051;2;2;8.0;6.0;48,82909000;2,56775000;
202300052654.0;3;34;34032;1;1;1.0;6.0;43,30944000;3,18750000;
202300052655.0;1;974;97416;1;1;1.0;6.0; -21,30223000;55,50187000;
202300052656.0;1;93;93027;2;1;1.0;3.0;48,92480787;2,38449801;
202300052657.0;1;29;29019;2;1;2.0;3.0;48,40117000; -4,45503000;
202300052658.0;2;93;93057;2;7;1.0;5.0;48,91109500;2,51624400;
202300052659.0;1;974;97411;2;1;1.0;2.0; -20,89319000;55,45257000;
202300052660.0;1;19;19031;2;1;1.0;3.0;45,16046056;1,53510976;
202300052661.0;1;92;92051;2;1;2.0;2.0;48,88214000;2,26959000;
202300052662.0;1;93;93010;2;1;1.0;6.0;48,91332000;2,48148000;
202300052663.0;1;92;92048;2;1;2.0;7.0;48,80079310;2,20833376;
202300052664.0;1;17;17415;2;1;5.0;3.0;45,74665000; -0,62402000;
202300052665.0;1;974;97411;2;6;1.0;2.0; -20,89983000;55,49476000;
202300052666.0;1;93;93008;2;6;1.0;6.0;48,90739600;2,42535200;
202300052667.0;1;13;13207;2;1;1.0;6.0;43,28771000;5,35910000;
202300052668.0;1;973;97302;2;1;2.0;7.0;4,94391675; -52,31979534;
202300052669.0;5;38;38019;2;3;1.0;1.0;45,43149400;4,81783700;
202300052670.0;5;92;92078;2;1;1.0;6.0;48,93383342;2,33269966;
202300052671.0;5;13;13205;2;9;1.0;3.0;43,29000000;5,40000000;
202300052672.0;5;972;97209;2;1;1.0;7.0;14,61645000; -61,05477000;
202300052673.0;2;06;06149;2;1;1.0;2.0;43,75138400;7,38226800;
202300052674.0;1;13;13005;2;2;1.0;3.0;43,28631000;5,58726000;
202300052675.0;1;92;92072;2;2;1.0;3.0;48,82643000;2,21924000;
202300052676.0;1;69;69382;2;1;1.0;6.0;45,75742125;4,83607666;
202300052677.0;5;10;10362;2;2;1.0;2.0;48,30329000;4,03027000;
202300052678.0;1;95;95555;1;1;5.0;3.0;48,97358106;2,27510870;
202300052679.0;1;92;92062;2;1;1.0;3.0;48,88824000;2,23449000;
202300052680.0;1;22;22172;2;2;1.0;1.0;48,52397000; -2,24162100;
202300052681.0;1;92;92051;2;1;1.0;2.0;48,88468802;2,26791054;
202300052682.0;5;07;07102;2;6;2.0;1.0;44,93999000;4,86521000;
202300052683.0;1;91;91228;2;2;1.0;6.0;48,63631000;2,43948000;
202300052684.0;1;43;43093;1;1;1.0;6.0;45,24534300;3,76519900;
202300052685.0;1;92;92050;2;1;1.0;3.0;48,89347605;2,22669125;
202300052686.0;1;06;06044;2;1;1.0;6.0;43,68616800;7,10273900;
202300052687.0;5;06;06088;2;4;1.0;1.0;43,66706000;7,20759000;
202300052688.0;1;92;92020;2;1;1.0;7.0;48,80769077;2,29479969;
202300052689.0;1;972;97207;1;1;1.0;1.0;14,56703200; -60,96596700;
202300052690.0;1;01;01344;1;1;1.0;1.0;46,21101000;5,20383000;
202300052691.0;1;92;92072;2;1;1.0;6.0;48,81495927;2,22003579;
202300052692.0;1;75;75116;2;1;1.0;2.0;48,85724600;2,25848900;
202300052693.0;1;92;92062;2;1;1.0;3.0;48,87124132;2,23620911;
202300052694.0;3;76;76410;1;1;1.0;1.0;49,48800000;1,03177000;
202300052695.0;1;38;38270;2;1;1.0;1.0;45,38178500;5,53804300;
202300052696.0;1;75;75113;2;3;1.0;2.0;48,82338500;2,37506300;
202300052697.0;3;76;76705;1;1;1.0;2.0;49,33418000;1,10616000;
202300052698.0;1;92;92050;2;4;1.0;4.0;48,91646389;2,22201812;
202300052699.0;1;79;79130;1;2;1.0;3.0;46,24649500; -0,48593000;
202300052700.0;5;75;75118;2;3;1.0;3.0;48,88525500;2,34964900;
202300052701.0;5;92;92007;2;9;1.0;3.0;48,79597451;2,32166040;
202300052702.0;1;71;71040;1;1;1.0;4.0;46,70373000;4,41522000;
202300052703.0;1;75;75116;2;3;1.0;2.0;48,84775100;2,27391800;
202300052704.0;1;2B;2B050;2;9;1.0;3.0;42,55209600;8,77663300;
202300052705.0;3;51;51531;2;1;1.0;6.0;48,78730300;4,90662100;
202300052706.0;2;69;69266;2;3;1.0;6.0;45,77087686;4,86726181;
202300052707.0;1;75;75115;2;2;8.0;3.0;48,82854500;2,30135800;
202300052708.0;1;51;51531;2;1;7.0;6.0;48,78425300;4,91136800;
202300052709.0;5;2B;2B050;2;9;1.0;3.0;42,55508000;8,76141400;
202300052710.0;5;75;75114;2;3;1.0;6.0;48,83514100;2,31494800;
202300052711.0;2;12;12054;1;1;1.0;6.0;44,30685963;2,17174476;
202300052712.0;1;69;69282;2;2;1.0;3.0;45,76367000;5,00252000;
202300052713.0;1;62;62812;1;2;1.0;3.0;50,60362800;2,03577500;