Num_Acc;lum;departement;commune;agglomeration;intersection;meteo;type_collision;lat;long;date
202300052714.0;5;75;75113;2;2;1.0;3.0;48,81594100;2,35633000;
202300052715.0;1;95;95134;1;1;1.0;3.0;49,13211000;2,25593100;
202300052716.0;5;69;69259;2;2;1.0;3.0;45,69679000;4,88753000;
202300052717.0;2;42;42323;2;1;1.0;1.0;45,56087500;4,27728400;
202300052718.0;2;75;75113;2;2;1.0;3.0;48,83220700;2,37970700;
202300052719.0;1;83;83086;1;1;1.0;7.0;43,45293400;6,56311900;
202300052720.0;1;34;34064;1;1;1.0;6.0;43,85540300;3,32490900;
202300052721.0;1;64;64102;2;1;1.0;3.0;43,48461000; -1,49059000;
202300052722.0;1;75;75110;2;3;1.0;6.0;48,87524161;2,35946953;
202300052723.0;2;75;75101;2;1;1.0;7.0;48,85857500;2,34140100;
202300052724.0;1;35;35337;2;3;1.0;3.0;48,32848000; -1,83375700;
202300052725.0;3;22;22194;2;1;2.0;7.0;48,65532000; -3,64567500;
202300052726.0;5;61;61001;2;1;1.0;7.0;48,43527000;0,10424000;
202300052727.0;2;75;75102;2;2;2.0;7.0;48,86476299;2,34679610;
202300052728.0;5;94;94044;2;1;1.0;1.0;48,74907350;2,47420049;
202300052729.0;1;59;59599;2;2;1.0;3.0;50,72471000;3,18212000;
202300052730.0;1;51;51571;1;3;1.0;1.0;49,16520600;4,19591900;
202300052731.0;1;94;94078;2;1;1.0;6.0;48,73190281;2,45091610;
202300052732.0;1;51;51093;1;1;1.0;6.0;48,99101800;3,88710000;
202300052733.0;5;94;94046;2;1;2.0;3.0;48,81045063;2,45640939;
202300052734.0;1;59;59467;2;2;1.0;3.0;50,22542000;3,84230000;
202300052735.0;1;59;59037;2;1;1.0;3.0;50,19990600;3,38900400;
202300052736.0;1;56;56058;2;3;1.0;3.0;47,48462000; -2,34010400;
202300052737.0;1;94;94028;2;3;1.0;2.0;48,80138012;2,44965345;
202300052738.0;3;52;52121;1;1;1.0;1.0;48,06064000;5,14635000;
202300052739.0;1;76;76222;2;1;1.0;6.0;49,47916400;0,87081700;
202300052740.0;1;93;93048;2;1;1.0;6.0;48,85671200;2,42817300;
202300052741.0;1;2B;2B201;1;1;7.0;6.0;42,20922500;9,37996400;
202300052742.0;1;51;51454;2;2;1.0;6.0;49,25331000;4,05409000;
202300052743.0;5;92;92078;2;1;1.0;7.0;48,93561368;2,33558339;
202300052744.0;1;65;65250;2;2;1.0;3.0;43,31325700;0,35936600;
202300052745.0;5;92;92075;2;3;2.0;6.0;48,82371137;2,29714170;
202300052746.0;1;49;49099;2;1;1.0;3.0;47,06620000; -0,87164000;
202300052747.0;1;71;71412;1;1;1.0;3.0;46,71109800;4,42881800;
202300052748.0;1;92;92063;2;4;1.0;3.0;48,87356000;2,18965000;
202300052749.0;1;49;49246;2;1;1.0;3.0;47,44286000; -0,53507000;
202300052750.0;1;71;71549;1;1;1.0;1.0;46,51954700;4,97841400;
202300052751.0;5;92;92050;2;1;3.0;3.0;48,88845464;2,20265231;
202300052752.0;1;44;44109;1;1;1.0;2.0;47,26766670; -1,56599700;
202300052753.0;1;92;92024;2;9;1.0;3.0;48,90250100;2,30540100;
202300052754.0;1;71;71359;1;2;1.0;3.0;46,54583100;4,95657200;
202300052755.0;1;38;38185;2;2;1.0;1.0;45,18947000;5,74193000;
202300052756.0;1;92;92060;2;1;8.0;2.0;48,77265101;2,25173673;
202300052757.0;5;63;63291;2;2;1.0;3.0;45,96471252;3,47652376;
202300052758.0;5;92;92004;2;2;1.0;3.0;48,92686006;2,27333777;
202300052759.0;1;37;37233;2;2;1.0;3.0;47,38989000;0,72447000;
202300052760.0;1;61;61129;1;1;2.0;1.0;48,47141600;0,60612500;
202300052761.0;3;35;35177;1;1;1.0;6.0;48,20515600; -1,74604300;
202300052762.0;1;46;46313;1;1;1.0;7.0;44,90988800;1,76787600;
202300052763.0;1;35;35206;1;1;1.0;2.0;48,07901000; -1,69073000;
202300052764.0;1;44;44130;1;1;1.0;2.0;47,12451300; -1,59538900;
202300052765.0;1;66;66190;1;1;1.0;2.0;42,85858600;2,95729610;
202300052766.0;1;29;29264;1;1;1.0;7.0;48,51536447; -4,15119559;
202300052767.0;2;34;34032;2;3;1.0;1.0;43,36329000;3,21891000;
202300052768.0;2;28;28035;1;3;5.0;3.0;48,40290293;1,55122018;
202300052769.0;1;29;29176;1;1;2.0;7.0;48,12376070; -4,21246971;
202300052770.0;1;33;33529;2;1;1.0;3.0;44,62269000; -1,13925000;
202300052771.0;1;62;62338;1;3;1.0;1.0;50,63457400;2,83529600;
202300052772.0;1;38;38457;1;1;1.0;1.0;45,29771700;5,26665200;
202300052773.0;1;74;74085;1;1;5.0;7.0;45,81422900;6,71672300;
202300052774.0;5;27;27229;2;1;1.0;3.0;49,01955000;1,13873000;
202300052775.0;5;74;74267;2;1;1.0;6.0;45,85742300;6,13834000;
202300052776.0;4;26;26193;1;1;1.0;6.0;44,17563700;5,43381200;
202300052777.0;3;79;79311;1;1;2.0;7.0;46,58986500; -0,41676200;
202300052778.0;1;22;22187;2;2;1.0;3.0;48,53016000; -2,76472000;
202300052779.0;1;79;79322;1;1;2.0;6.0;46,63791000; -0,28260000;
202300052780.0;1;22;22278;2;1;1.0;6.0;48,51094000; -2,75939000;
202300052781.0;1;69;69018;1;1;1.0;7.0;46,14679000;4,59216000;
202300052782.0;5;18;18096;2;1;1.0;7.0;47,17723600;2,16600200;
202300052783.0;3;71;71014;1;1;5.0;6.0;46,97727700;4,25950300;
202300052784.0;1;19;19275;2;9;1.0;3.0;45,54611010;2,30669439;
202300052785.0;1;18;18108;2;1;1.0;6.0;46,94935800;2,95962000;
202300052786.0;5;89;89309;2;1;1.0;6.0;48,28498000;3,21098500;
202300052787.0;1;18;18145;2;1;1.0;6.0;47,22847600;2,48272800;
202300052788.0;5;14;14118;2;2;1.0;1.0;49,20588000; -0,35935000;
202300052789.0;1;46;46317;2;2;5.0;3.0;44,83189100;1,77085900;
202300052790.0;5;14;14118;2;1;1.0;6.0;49,19516400; -0,35998300;
202300052791.0;1;47;47195;1;2;7.0;1.0;44,13060900;0,32323300;
202300052792.0;1;86;86281;2;1;1.0;6.0;46,73661100;0,30931000;
202300052793.0;1;13;13103;2;1;1.0;2.0;43,64048667;5,08041462;
202300052794.0;2;21;21545;1;1;1.0;6.0;47,87482369;4,53612269;
202300052795.0;2;38;38416;1;1;1.0;3.0;45,13204300;5,32562300;
202300052796.0;2;08;08491;2;9;7.0;6.0;49,72745800;4,84036900;
202300052797.0;5;13;13213;2;1;1.0;6.0;43,33542444;5,41009663;
202300052798.0;3;38;38533;1;1;1.0;5.0;45,16470100;5,80578100;
202300052799.0;1;88;88357;1;1;1.0;1.0;48,31339100;6,10972900;
202300052800.0;5;94;94038;2;1;1.0;6.0;48,77571100;2,35715700;
202300052801.0;3;50;50604;1;1;2.0;6.0;49,54254300; -1,83639600;
202300052802.0;2;38;38517;1;1;1.0;6.0;45,28958800;5,52725700;
202300052803.0;1;75;75118;2;3;1.0;1.0;48,89087500;2,35325700;
202300052804.0;2;67;67152;2;1;1.0;7.0;48,52854600;7,66192300;
202300052805.0;2;50;50615;2;6;2.0;6.0;49,50938300; -1,47212500;
202300052806.0;1;91;91386;2;1;1.0;6.0;48,56640000;2,44369000;
202300052807.0;1;75;75120;2;2;1.0;3.0;48,86652800;2,39988900;
202300052808.0;3;45;45327;1;1;2.0;3.0;47,98468700;2,09400100;
202300052809.0;5;75;75119;2;7;1.0;2.0;48,90101200;2,38765600;
202300052810.0;1;84;84019;2;1;1.0;1.0;44,28626100;4,74808400;
202300052811.0;3;64;64059;1;1;1.0;1.0;43,28531300; -0,25623700;
202300052812.0;1;18;18019;1;1;1.0;7.0;47,18368100;2,67745400;
202300052813.0;1;13;13034;1;1;1.0;3.0;43,76297400;4,96560600;
202300052814.0;1;53;53109;1;1;1.0;3.0;48,28756200; -0,47131800;
202300052815.0;1;75;75119;2;3;1.0;3.0;48,89057600;2,37647800;
202300052816.0;1;38;38072;1;1;1.0;2.0;45,32443800;4,81130400;
202300052817.0;1;37;37212;1;1;2.0;6.0;47,14511600;0,64691700;
202300052818.0;1;75;75119;2;2;1.0;6.0;48,88303000;2,38549200;
202300052819.0;3;30;30169;1;1;1.0;1.0;43,78769800;4,31710700;
202300052820.0;1;75;75116;2;1;1.0;6.0;48,86950200;2,28674400;
202300052821.0;1;70;70416;1;1;1.0;5.0;47,66036500;6,36861600;
202300052822.0;2;03;03298;1;1;1.0;7.0;46,30933512;3,41044069;
202300052823.0;5;35;35206;1;3;1.0;3.0;48,05932400; -1,66348500;
202300052824.0;5;75;75116;2;3;1.0;6.0;48,87125100;2,29332800;
202300052825.0;1;07;07324;2;6;1.0;3.0;45,05060400;4,83210100;
202300052826.0;5;75;75115;2;2;1.0;1.0;48,84109500;2,28784400;
202300052827.0;1;13;13117;1;1;1.0;6.0;43,43280000;5,25740000;
202300052828.0;5;75;75113;2;1;1.0;6.0;48,82931600;2,35629800;
202300052829.0;1;13;13028;1;1;1.0;1.0;43,19336483;5,66775157;
202300052830.0;1;2B;2B007;1;1;1.0;7.0;42,30448300;8,94660500;
202300052831.0;5;75;75113;2;3;1.0;3.0;48,83486400;2,35321400;
202300052832.0;1;33;33318;1;1;1.0;2.0;44,80604397; -0,66560090;
202300052833.0;1;34;34213;2;1;1.0;6.0;43,48635000;3,66814100;
202300052834.0;1;34;34113;2;1;1.0;6.0;43,49885600;3,71351400;
202300052835.0;5;75;75111;2;3;1.0;3.0;48,86557800;2,36704200;
202300052836.0;5;75;75107;2;2;1.0;6.0;48,85273600;2,30858300;
202300052837.0;1;91;91689;1;1;1.0;4.0;48,74690000;2,32700000;
202300052838.0;1;91;91179;1;1;1.0;3.0;48,56300000;2,48003000;
202300052839.0;1;34;34199;2;2;1.0;3.0;43,45432500;3,40814900;
202300052840.0;1;75;75107;2;2;1.0;6.0;48,85174200;2,31375900;
202300052841.0;5;75;75101;2;2;1.0;6.0;48,86198500;2,35015700;
202300052842.0;1;83;83035;1;1;1.0;5.0;43,26214800;5,76090800;
202300052843.0;2;95;95219;1;1;1.0;6.0;48,98965000;2,24397000;
202300052844.0;1;94;94058;2;9;1.0;6.0;48,84468000;2,49763000;
202300052845.0;3;13;13103;1;1;1.0;1.0;43,68410006;5,09391993;
202300052846.0;5;94;94058;2;2;1.0;6.0;48,84873000;2,49360000;
202300052847.0;1;94;94022;1;1;1.0;4.0;48,77604023;2,42618623;
202300052848.0;1;21;21388;2;1;5.0;6.0;47,21016400;5,18239300;
202300052849.0;1;94;94033;2;3;9.0;6.0;48,85560000;2,47534000;
202300052850.0;1;09;09225;2;1;1.0;6.0;43,11516000;1,61197000;
202300052851.0;3;68;68109;2;1;2.0;6.0;48,04251397;7,17471600;
202300052852.0;5;94;94022;2;1;1.0;2.0;48,76503000;2,40786000;
202300052853.0;1;74;74118;1;9;1.0;3.0;46,16950000;6,20636000;
202300052854.0;1;69;69069;2;2;1.0;3.0;45,74589500;4,71652000;
202300052855.0;5;94;94069;2;2;1.0;1.0;48,81779300;2,41964300;
202300052856.0;1;29;29046;1;1;2.0;7.0;48,07327326; -4,34206320;
202300052857.0;1;94;94017;2;1;1.0;6.0;48,81037000;2,54533000;
202300052858.0;1;74;74012;2;1;1.0;3.0;46,19313900;6,24336500;
202300052859.0;1;93;93072;2;1;1.0;6.0;48,95956000;2,37817000;
202300052860.0;4;59;59035;2;1;2.0;6.0;50,11904800;3,92969600;
202300052861.0;2;74;74118;1;9;1.0;6.0;46,17254000;6,21218000;
202300052862.0;1;13;13005;1;1;1.0;1.0;43,28568000;5,52910000;
202300052863.0;1;74;74137;1;1;7.0;1.0;46,01829300;6,19321000;
202300052864.0;1;93;93066;2;1;1.0;5.0;48,91536608;2,35382237;
202300052865.0;1;91;91228;1;1;1.0;4.0;48,61693000;2,42750000;
202300052866.0;1;93;93077;2;2;1.0;6.0;48,88255000;2,51838000;
202300052867.0;3;74;74012;2;1;1.0;3.0;46,19476000;6,24188000;
202300052868.0;1;93;93051;2;2;1.0;2.0;48,82997567;2,58129895;
202300052869.0;3;74;74010;1;1;1.0;1.0;45,89969000;6,10690000;
202300052870.0;1;93;93051;2;1;8.0;2.0;48,83733280;2,54660323;
202300052871.0;4;92;92072;1;1;1.0;4.0;48,82128224;2,21946107;
202300052872.0;1;93;93006;2;3;1.0;2.0;48,87201200;2,41866200;
202300052873.0;3;93;93078;1;1;1.0;3.0;48,95880000;2,53548000;
202300052874.0;1;74;74076;1;2;1.0;3.0;45,99900400;6,04157900;
202300052875.0;5;93;93032;2;5;1.0;1.0;48,87435000;2,55201000;
202300052876.0;1;74;74118;2;1;1.0;2.0;46,18100000;6,22900000;
202300052877.0;1;93;93079;2;1;7.0;6.0;48,95008738;2,34253451;
202300052878.0;2;74;74116;1;1;1.0;6.0;46,07216600;6,28945800;
202300052879.0;1;93;93030;2;1;1.0;3.0;48,95810000;2,41581000;
202300052880.0;1;93;93008;2;1;7.0;6.0;48,90817500;2,44901700;
202300052881.0;5;92;92046;2;9;1.0;6.0;48,81282010;2,29138434;
202300052882.0;1;74;74010;2;3;1.0;5.0;45,92080000;6,12063000;
202300052883.0;1;92;92075;2;2;1.0;3.0;48,82195000;2,28925000;
202300052884.0;1;74;74012;2;1;1.0;2.0;46,19675000;6,24764000;
202300052885.0;1;92;92063;2;1;1.0;3.0;48,87015200;2,20345300;
202300052886.0;1;74;74010;2;1;1.0;1.0;45,89586800;6,13289500;
202300052887.0;5;92;92050;2;2;1.0;3.0;48,88570058;2,21925169;
202300052888.0;5;74;74298;2;6;1.0;6.0;46,17500000;6,24770000;
202300052889.0;1;92;92036;2;2;1.0;3.0;48,91800500;2,29660200;
202300052890.0;1;92;92036;2;1;1.0;2.0;48,94165400;2,30296500;
202300052891.0;1;92;92025;2;1;1.0;3.0;48,93097700;2,26721500;
202300052892.0;1;74;74012;2;1;1.0;2.0;46,18850000;6,23582000;
202300052893.0;1;92;92012;2;1;1.0;2.0;48,83244000;2,22755000;
202300052894.0;5;92;92014;2;1;1.0;2.0;48,78221000;2,31650000;
202300052895.0;3;60;60435;1;1;1.0;7.0;49,58975200;1,85360000;
202300052896.0;3;95;95582;1;1;1.0;6.0;48,96924975;2,25068450;
202300052897.0;3;93;93064;1;1;1.0;2.0;48,87916750;2,47634149;
202300052898.0;2;92;92036;1;1;3.0;6.0;48,94725400;2,28190524;
202300052899.0;2;95;95527;1;1;2.0;6.0;49,01061779;2,52906561;
202300052900.0;1;34;34172;2;1;1.0;6.0;43,59125000;3,85427000;
202300052901.0;5;29;29019;2;1;2.0;6.0;48,38868800; -4,48033610;
202300052902.0;5;69;69388;2;8;2.0;6.0;45,74078000;4,88669000;
202300052903.0;5;06;06027;2;1;2.0;6.0;43,66880000;7,12590000;
202300052904.0;1;69;69386;2;2;1.0;3.0;45,76909203;4,86057580;
202300052905.0;1;05;05061;2;1;1.0;1.0;44,55983000;6,07187000;
202300052906.0;5;972;97213;1;1;1.0;7.0;14,61834000; -61,02366000;
202300052907.0;1;972;97209;1;1;1.0;2.0;14,61829000; -61,03741000;
202300052908.0;1;17;17387;1;1;1.0;2.0;45,80486500; -0,74943800;
202300052909.0;2;52;52017;2;1;1.0;7.0;47,91695700;4,93740500;
202300052910.0;1;971;97113;1;1;1.0;1.0;16,21765000; -61,49358000;
202300052911.0;1;05;05061;2;2;1.0;3.0;44,56260000;6,09579000;
202300052912.0;1;40;40065;2;6;7.0;6.0;43,63794600; -1,42929600;
202300052913.0;5;971;97113;1;9;1.0;1.0;16,24139290; -61,49409950;
202300052914.0;1;974;97404;1;1;1.0;3.0; -21,24984700;55,38189200;
202300052915.0;5;75;75119;2;1;1.0;3.0;48,88485500;2,39806000;
202300052916.0;3;77;77121;2;1;1.0;6.0;48,83616100;2,66764820;
202300052917.0;3;35;35109;1;1;1.0;2.0;48,07108477; -1,19377345;
202300052918.0;1;95;95144;1;1;5.0;6.0;49,06778100;2,44230400;
202300052919.0;1;73;73222;1;1;1.0;3.0;45,58197000;5,97544000;
202300052920.0;1;19;19248;1;1;1.0;3.0;45,46253900;1,55362100;
202300052921.0;1;71;71076;2;3;1.0;3.0;46,78457000;4,84474000;
202300052922.0;1;56;56185;1;1;1.0;6.0;47,78167900; -3,44337200;
202300052923.0;1;75;75117;2;2;1.0;3.0;48,87707500;2,29216700;
202300052924.0;3;69;69092;1;1;1.0;7.0;46,00271000;4,71927000;
202300052925.0;1;74;74225;1;1;1.0;3.0;45,87938200;5,93759300;
202300052926.0;1;75;75108;2;2;1.0;6.0;48,88127100;2,31656500;
202300052927.0;1;82;82136;2;6;1.0;6.0;43,90531000;1,40784300;
202300052928.0;1;74;74237;1;1;1.0;1.0;46,39284245;6,78975313;
202300052929.0;1;75;75105;2;3;1.0;3.0;48,84880600;2,34176400;
202300052930.0;5;69;69290;2;3;2.0;3.0;45,69444000;4,93696000;
202300052931.0;2;74;74272;1;3;1.0;3.0;45,94310800;6,02800200;
202300052932.0;2;61;61168;2;1;7.0;1.0;48,58408100; -0,36542900;
202300052933.0;1;75;75105;2;3;1.0;6.0;48,85166200;2,34776200;
202300052934.0;3;74;74161;1;1;1.0;1.0;45,87653664;6,01596430;
202300052935.0;3;69;69290;2;1;2.0;2.0;45,70007000;4,92004000;
202300052936.0;2;75;75114;2;2;1.0;2.0;48,81984800;2,32552900;
202300052937.0;2;74;74016;2;6;1.0;3.0;46,13941500;6,12356400;
202300052938.0;5;61;61145;2;1;8.0;6.0;48,58914400; -0,65021500;
202300052939.0;5;75;75111;2;3;1.0;6.0;48,86600857;2,37071478;
202300052940.0;4;67;67482;2;1;1.0;2.0;48,58306000;7,69606000;
202300052941.0;1;55;55001;1;1;5.0;7.0;48,53517800;5,50084600;
202300052942.0;1;75;75101;2;3;1.0;7.0;48,86374400;2,33878400;
202300052943.0;1;26;26165;1;1;1.0;3.0;44,79735100;4,82295200;
202300052944.0;1;94;94081;2;9;1.0;6.0;48,79727500;2,38322700;
202300052945.0;5;66;66136;2;3;1.0;6.0;42,70651000;2,89343000;
202300052946.0;5;973;97302;2;9;1.0;3.0;4,93779821; -52,30659217;
202300052947.0;5;94;94078;2;3;1.0;3.0;48,73549000;2,44674000;
202300052948.0;1;47;47301;1;1;1.0;3.0;44,53260800;0,31625400;
202300052949.0;1;973;97302;2;1;1.0;3.0;4,93455319; -52,31151402;
202300052950.0;5;64;64102;2;1;1.0;1.0;43,49350200; -1,48103700;
202300052951.0;1;13;13211;1;1;1.0;2.0;43,29466000;5,46670000;
202300052952.0;1;93;93063;2;1;1.0;3.0;48,88039300;2,43652000;
202300052953.0;5;94;94068;2;2;1.0;1.0;48,81297000;2,47972000;
202300052954.0;1;973;97302;2;1;1.0;3.0;4,91402540; -52,32085615;
202300052955.0;5;62;62193;2;3;1.0;3.0;50,94658000;1,84337000;
202300052956.0;1;93;93029;2;1;1.0;6.0;48,91450600;2,43478600;
202300052957.0;1;22;22251;2;3;1.0;3.0;48,56609000; -2,81307900;
202300052958.0;1;94;94073;2;1;1.0;3.0;48,77326000;2,39963000;
202300052959.0;3;69;69295;1;1;1.0;6.0;45,60551134;4,85985784;
202300052960.0;1;92;92051;2;1;1.0;3.0;48,88628666;2,27955347;
202300052961.0;5;59;59043;2;6;2.0;5.0;50,73792500;2,73088000;
202300052962.0;2;69;69386;2;3;1.0;3.0;45,77011000;4,85920000;
202300052963.0;1;94;94073;2;1;1.0;2.0;48,76669000;2,39835000;
202300052964.0;1;56;56098;2;6;7.0;3.0;47,77440000; -3,33829000;
202300052965.0;5;92;92050;2;6;2.0;3.0;48,89643344;2,21472949;
202300052966.0;1;39;39030;1;6;7.0;3.0;47,13470200;5,50112500;
202300052967.0;1;69;69388;2;2;1.0;2.0;45,72447381;4,87141423;
202300052968.0;4;56;56121;2;1;6.0;6.0;47,73889000; -3,38105000;
202300052969.0;1;94;94017;2;1;1.0;6.0;48,82061500;2,48602600;
202300052970.0;5;50;50218;2;1;2.0;6.0;48,83808000; -1,57465000;
202300052971.0;5;92;92020;2;1;1.0;3.0;48,80300000;2,28700000;
202300052972.0;1;33;33281;1;1;2.0;2.0;44,84876000; -0,66871000;
202300052973.0;1;69;69388;2;2;1.0;1.0;45,74304000;4,87689000;
202300052974.0;5;93;93073;2;2;1.0;3.0;49,00247500;2,53689800;
202300052975.0;1;92;92049;2;1;1.0;3.0;48,81674700;2,30662000;
202300052976.0;3;49;49246;1;1;2.0;2.0;47,41908000; -0,50523000;
202300052977.0;5;92;92049;2;1;1.0;1.0;48,81882000;2,30945000;
202300052978.0;1;25;25519;1;1;1.0;5.0;47,31284600;6,81165200;
202300052979.0;5;38;38318;2;3;3.0;3.0;45,52395000;4,91932000;
202300052980.0;1;69;69387;2;3;1.0;3.0;45,74337000;4,83426000;
202300052981.0;5;93;93066;2;2;1.0;3.0;48,92579000;2,35725000;
202300052982.0;1;92;92048;2;1;1.0;6.0;48,81608964;2,23266810;
202300052983.0;1;972;97209;2;1;1.0;7.0;14,63071000; -61,03965000;
202300052984.0;5;37;37208;2;2;2.0;3.0;47,35629000;0,72718000;
202300052985.0;1;92;92026;1;3;8.0;3.0;48,90191000;2,28023000;
202300052986.0;5;93;93077;2;3;1.0;6.0;48,88232000;2,52366000;
202300052987.0;2;29;29020;2;2;1.0;3.0;48,09722100; -3,99681900;
202300052988.0;1;69;69389;2;1;1.0;2.0;45,78847000;4,81532000;
202300052989.0;2;33;33063;2;2;1.0;3.0;44,85922000; -0,58941000;
202300052990.0;1;92;92019;2;1;1.0;6.0;48,76468259;2,26570174;
202300052991.0;1;33;33192;1;1;1.0;4.0;44,79017950; -0,60989410;
202300052992.0;1;31;31276;1;1;1.0;6.0;43,20069700;0,59569300;
202300052993.0;1;971;97101;1;1;1.0;6.0;16,25383000; -61,53890000;
202300052994.0;1;92;92004;2;1;1.0;6.0;48,91583897;2,30843666;
202300052995.0;1;93;93077;2;3;1.0;4.0;48,88216000;2,52322000;
202300052996.0;5;33;33063;2;5;1.0;3.0;44,84122376; -0,56191742;
202300052997.0;1;971;97105;2;4;1.0;7.0;15,99912000; -61,72985000;
202300052998.0;3;59;59189;1;1;1.0;2.0;50,79328789;2,61546317;
202300052999.0;1;92;92002;2;1;1.0;6.0;48,75396000;2,30736000;
202300053000.0;1;05;05111;1;1;1.0;1.0;44,55779900;6,43404100;
202300053001.0;1;93;93048;2;2;1.0;3.0;48,85252600;2,43394900;
202300053002.0;5;32;32013;2;1;1.0;6.0;43,64839000;0,58168000;
202300053003.0;1;94;94073;2;1;1.0;6.0;48,75699000;2,38862000;
202300053004.0;1;59;59431;1;1;1.0;6.0;50,68525000;2,83726000;
202300053005.0;1;85;85223;1;1;1.0;1.0;46,52969000; -1,07756000;
202300053006.0;1;2A;2A004;2;1;1.0;4.0;41,93180000;8,75676000;
202300053007.0;1;94;94075;2;1;1.0;6.0;48,72744700;2,53057200;
202300053008.0;1;05;05044;1;1;1.0;6.0;44,54992800;6,59231200;
202300053009.0;3;31;31555;1;1;1.0;2.0;43,65235000;1,42996000;
202300053010.0;1;94;94038;1;1;1.0;2.0;48,77376519;2,34617558;
202300053011.0;1;22;22180;1;2;2.0;3.0;48,42868400; -2,22258600;
202300053012.0;1;93;93007;2;5;1.0;6.0;48,94534145;2,45128457;
202300053013.0;1;22;22106;2;1;1.0;3.0;48,49589694; -2,72717781;
202300053014.0;1;2A;2A004;1;1;1.0;2.0;41,94604000;8,77186000;
202300053015.0;1;93;93039;2;1;1.0;2.0;48,92280000;2,33184000;
202300053016.0;1;91;91432;1;1;2.0;2.0;48,69306200;2,32072200;
202300053017.0;1;50;50364;2;1;1.0;3.0;49,12064200; -1,48100300;
202300053018.0;1;22;22278;2;1;1.0;6.0;48,51117000; -2,75580000;
202300053019.0;3;92;92051;2;1;1.0;4.0;48,88207124;2,26918960;
202300053020.0;1;71;71270;1;1;1.0;4.0;46,36648300;4,83388800;
202300053021.0;2;93;93050;2;2;1.0;6.0;48,86788149;2,53391653;
202300053022.0;1;94;94034;1;1;2.0;3.0;48,75548914;2,33374717;
202300053023.0;1;95;95598;2;3;1.0;3.0;48,98501557;2,29961872;
202300053024.0;5;75;75119;2;1;1.0;6.0;48,89601400;2,37413500;
202300053025.0;5;92;92048;2;3;1.0;7.0;48,78747000;2,22287000;
202300053026.0;1;974;97401;2;6;1.0;6.0; -21,24243700;55,33322400;
202300053027.0;1;93;93047;2;1;1.0;1.0;48,89527817;2,57065837;
202300053028.0;1;50;50484;1;1;1.0;3.0;48,58264000; -1,11436100;
202300053029.0;5;75;75116;2;2;2.0;6.0;48,86255737;2,26440400;
202300053030.0;1;28;28278;2;1;3.0;6.0;48,45948000;1,56761700;
202300053031.0;1;95;95127;1;1;1.0;4.0;49,05500500;2,05265200;
202300053032.0;5;92;92025;2;3;1.0;6.0;48,91850169;2,24476433;
202300053033.0;3;93;93010;2;1;2.0;6.0;48,91560710;2,48418555;
202300053034.0;1;78;78362;1;1;3.0;4.0;48,97769000;1,71280000;
202300053035.0;5;75;75116;2;1;2.0;6.0;48,85913600;2,22759600;
202300053036.0;3;22;22034;1;1;1.0;7.0;48,68023700; -3,35659100;
202300053037.0;1;92;92036;1;1;3.0;6.0;48,92990191;2,30211945;
202300053038.0;5;92;92012;2;1;1.0;3.0;48,82699871;2,23112404;
202300053039.0;5;92;92051;2;1;1.0;6.0;48,87990000;2,26310000;
202300053040.0;5;75;75115;2;1;1.0;3.0;48,84697600;2,27828500;
202300053041.0;1;60;60509;2;3;1.0;3.0;49,30727900;2,60426400;
202300053042.0;1;60;60176;1;1;2.0;1.0;49,23373402;2,92587967;
202300053043.0;1;75;75114;2;3;2.0;7.0;48,81699300;2,33206900;
202300053044.0;3;92;92072;1;1;2.0;2.0;48,81421047;2,21433526;
202300053045.0;5;92;92050;2;1;2.0;2.0;48,89371000;2,21208000;
202300053046.0;1;91;91086;1;1;1.0;5.0;48,61235200;2,37625900;
202300053047.0;1;36;36241;1;1;1.0;6.0;46,84420384;1,55396568;
202300053048.0;1;91;91326;2;2;1.0;6.0;48,69460000;2,35888000;
202300053049.0;2;31;31364;1;1;3.0;6.0;43,72357400;1,49485100;
202300053050.0;1;75;75112;2;3;1.0;7.0;48,83896000;2,39796000;
202300053051.0;1;37;37010;1;9;1.0;2.0;47,53628697;0,96339642;
202300053052.0;1;92;92025;2;1;2.0;2.0;48,91490800;2,22864400;
202300053053.0;1;95;95582;1;1;1.0;3.0;48,96345705;2,26425648;
202300053054.0;1;88;88209;2;1;1.0;2.0;48,20076000;6,42347000;
202300053055.0;3;03;03102;1;1;1.0;6.0;46,53868700;3,68994600;
202300053056.0;1;92;92024;2;1;1.0;7.0;48,90972000;2,30680000;
202300053057.0;2;85;85288;1;1;1.0;3.0;46,51563212; -1,67859077;
202300053058.0;1;75;75108;2;2;1.0;3.0;48,87419138;2,32392222;
202300053059.0;1;95;95572;1;1;1.0;2.0;49,03561000;2,11725000;
202300053060.0;1;26;26324;1;1;2.0;5.0;44,34627651;4,73759651;
202300053061.0;1;75;75108;2;2;2.0;6.0;48,87313600;2,29708800;
202300053062.0;1;92;92004;2;2;1.0;3.0;48,90493909;2,28784651;
202300053063.0;3;72;72231;1;1;1.0;6.0;47,94716600;0,31963300;