Num_Acc;lum;departement;commune;agglomeration;intersection;meteo;type_collision;lat;long;date
202300053064.0;1;93;93001;1;1;8.0;2.0;48,92145191;2,36796037;
202300053065.0;1;84;84087;1;3;1.0;3.0;44,11802000;4,86412000;
202300053066.0;2;79;79106;1;1;1.0;7.0;45,98937400; -0,11838200;
202300053067.0;3;47;47184;1;1;1.0;7.0;44,59293752;0,65801477;
202300053068.0;1;51;51413;1;1;6.0;1.0;49,01902200;4,03644600;
202300053069.0;5;75;75104;2;3;2.0;6.0;48,85826800;2,34912000;
202300053070.0;1;84;84035;2;1;1.0;3.0;43,83540000;5,04054000;
202300053071.0;1;2B;2B251;1;1;1.0;7.0;42,03854000;9,33028400;
202300053072.0;1;35;35353;1;1;7.0;2.0;48,12222517; -1,77737117;
202300053073.0;1;2A;2A272;1;1;1.0;1.0;41,55988000;8,90903200;
202300053074.0;1;95;95582;1;1;3.0;4.0;48,96394000;2,26399000;
202300053075.0;5;94;94078;2;3;1.0;6.0;48,73738832;2,46220729;
202300053076.0;1;28;28219;1;1;1.0;7.0;48,23019000;1,01687900;
202300053077.0;1;2B;2B207;1;1;8.0;1.0;42,46068400;9,50115700;
202300053078.0;3;69;69244;2;1;1.0;3.0;45,77001900;4,78853700;
202300053079.0;1;81;81163;2;1;1.0;2.0;43,50528000;2,38272000;
202300053080.0;3;71;71420;1;3;2.0;3.0;46,70731600;5,01159500;
202300053081.0;5;94;94046;2;1;1.0;5.0;48,80290000;2,44660000;
202300053082.0;1;81;81249;1;1;1.0;6.0;44,08109600;2,17044400;
202300053083.0;1;93;93005;1;1;3.0;5.0;48,96248856;2,47096625;
202300053084.0;1;12;12197;1;1;8.0;3.0;43,99413591;2,55985165;
202300053085.0;1;75;75115;2;3;1.0;2.0;48,84374000;2,30239500;
202300053086.0;1;06;06113;1;1;1.0;3.0;43,79538100;7,47658300;
202300053087.0;2;2A;2A040;1;1;8.0;2.0;42,09398700;9,10137900;
202300053088.0;3;32;32160;2;1;1.0;7.0;43,60821600;1,07223500;
202300053089.0;5;94;94002;2;1;1.0;2.0;48,78134222;2,41914014;
202300053090.0;1;93;93005;1;1;1.0;6.0;48,96880368;2,48090744;
202300053091.0;1;81;81004;2;1;1.0;4.0;43,94443000;2,15982000;
202300053092.0;1;75;75112;2;3;1.0;3.0;48,84647100;2,37889700;
202300053093.0;5;33;33199;2;2;1.0;3.0;44,63648300; -1,07919200;
202300053094.0;2;35;35124;1;1;1.0;4.0;47,75099864; -1,71506613;
202300053095.0;2;93;93059;2;2;1.0;2.0;48,96380000;2,36110000;
202300053096.0;1;71;71378;2;6;3.0;2.0;46,87914400;4,75232700;
202300053097.0;2;31;31150;2;3;2.0;1.0;43,65123800;1,33880600;
202300053098.0;1;93;93066;1;1;1.0;2.0;48,92247728;2,35626225;
202300053099.0;1;81;81004;2;1;1.0;6.0;43,93944000;2,14602000;
202300053100.0;1;75;75109;2;1;1.0;4.0;48,87168200;2,34188100;
202300053101.0;2;93;93039;2;1;2.0;3.0;48,92320000;2,33220000;
202300053102.0;1;45;45028;2;3;7.0;6.0;47,78156200;1,63315400;
202300053103.0;1;17;17142;1;1;1.0;7.0;46,18757000; -1,07482600;
202300053104.0;1;63;63366;1;1;1.0;6.0;45,48672630;3,36203850;
202300053105.0;5;80;80021;2;1;1.0;6.0;49,88841000;2,30302000;
202300053106.0;5;95;95219;1;1;2.0;2.0;48,99691000;2,24711000;
202300053107.0;3;89;89227;1;1;1.0;6.0;47,91849900;3,76354700;
202300053108.0;5;94;94028;2;1;1.0;6.0;48,79514265;2,45924127;
202300053109.0;1;84;84092;1;1;1.0;2.0;43,97796200;4,87908800;
202300053110.0;5;93;93066;2;1;1.0;2.0;48,94475777;2,35402787;
202300053111.0;3;12;12210;1;1;2.0;7.0;44,18911300;2,03560400;
202300053112.0;3;77;77122;1;1;2.0;6.0;48,65151300;2,61248600;
202300053113.0;1;94;94015;2;3;1.0;1.0;48,84212200;2,53408800;
202300053114.0;1;55;55398;1;1;2.0;3.0;48,68276200;5,74156300;
202300053115.0;1;80;80021;2;2;1.0;3.0;49,89470000;2,29755000;
202300053116.0;1;93;93055;2;3;1.0;6.0;48,89979800;2,39595300;
202300053117.0;1;83;83068;1;1;1.0;1.0;43,27810800;6,50883500;
202300053118.0;1;22;22251;2;3;1.0;6.0;48,56957900; -2,81739800;
202300053119.0;1;38;38544;1;1;1.0;1.0;45,54157000;4,88370000;
202300053120.0;1;80;80021;2;1;2.0;3.0;49,89080000;2,30637000;
202300053121.0;1;93;93048;2;1;1.0;6.0;48,85608000;2,42455000;
202300053122.0;5;94;94041;2;3;1.0;3.0;48,81800378;2,40171835;
202300053123.0;1;62;62233;1;1;1.0;5.0;50,36370232;1,65323696;
202300053124.0;1;21;21138;1;3;1.0;3.0;47,20476300;5,32500000;
202300053125.0;1;49;49069;1;2;1.0;2.0;47,31557000; -1,23266800;
202300053126.0;5;25;25367;2;9;2.0;6.0;47,44763400;6,83518600;
202300053127.0;1;93;93015;1;1;2.0;3.0;48,92432000;2,57263000;
202300053128.0;5;94;94022;2;1;1.0;3.0;48,76542467;2,40833053;
202300053129.0;5;74;74010;2;1;1.0;6.0;45,89803068;6,11915338;
202300053130.0;5;83;83070;1;1;1.0;6.0;43,14997500;6,40150000;
202300053131.0;1;42;42059;2;1;1.0;6.0;45,63879100;4,39203700;
202300053132.0;5;93;93029;2;3;1.0;3.0;48,91644629;2,42284316;
202300053133.0;1;29;29079;1;1;7.0;2.0;48,64076205; -3,93211158;
202300053134.0;2;74;74012;2;6;1.0;3.0;46,19588000;6,23133000;
202300053135.0;1;79;79191;2;2;1.0;3.0;46,34816000; -0,47740000;
202300053136.0;1;93;93073;2;2;1.0;2.0;48,95224000;2,58621000;
202300053137.0;1;02;02810;2;1;1.0;6.0;49,25449100;3,09624600;
202300053138.0;1;14;14389;1;1;1.0;2.0;49,06286212; -0,68733812;
202300053139.0;1;01;01281;2;3;1.0;3.0;46,28233900;6,08768600;
202300053140.0;5;93;93007;2;2;1.0;3.0;48,94053676;2,44928867;
202300053141.0;1;93;93055;2;1;2.0;3.0;48,90024901;2,41041126;
202300053142.0;5;31;31044;2;1;2.0;6.0;43,59607300;1,50633900;
202300053143.0;1;85;85109;1;1;7.0;7.0;46,89297000; -1,01124000;
202300053144.0;1;78;78350;2;1;1.0;6.0;48,86124000;2,10606000;
202300053145.0;3;01;01229;1;3;1.0;6.0;46,32510400;5,13603900;
202300053146.0;3;15;15142;1;1;4.0;3.0;44,98253900;3,01122500;
202300053147.0;2;93;93005;2;1;1.0;2.0;48,95155000;2,48271000;
202300053148.0;1;93;93049;2;3;8.0;6.0;48,86062000;2,51828000;
202300053149.0;2;69;69143;1;1;1.0;4.0;45,89061300;4,85564600;
202300053150.0;5;987;98736;1;4;1.0;6.0; -17,53003000; -149,54401000;
202300053151.0;3;34;34142;1;1;1.0;2.0;43,69850400;3,33411300;
202300053152.0;3;72;72046;1;1;1.0;1.0;47,98720000;0,48739000;
202300053153.0;1;85;85178;2;1;1.0;7.0;46,76834000; -1,50316200;
202300053154.0;1;78;78172;2;2;1.0;1.0;49,00508000;2,09353000;
202300053155.0;5;93;93005;2;1;1.0;4.0;48,93744900;2,49927600;
202300053156.0;1;64;64374;1;1;1.0;7.0;43,43734000; -0,48396700;
202300053157.0;1;93;93050;2;2;8.0;3.0;48,85400000;2,51889000;
202300053158.0;3;62;62084;2;1;1.0;6.0;50,24988100;2,54937000;
202300053159.0;2;973;97302;2;6;1.0;3.0;4,92498658; -52,32377207;
202300053160.0;2;60;60151;1;1;1.0;2.0;49,44822556;2,87462854;
202300053161.0;3;64;64234;1;9;1.0;6.0;43,51691400; -0,48354900;
202300053162.0;1;14;14322;1;6;1.0;3.0;49,25449380; -0,72422889;
202300053163.0;5;93;93048;2;2;1.0;3.0;48,85742000;2,44007000;
202300053164.0;5;92;92020;2;1;1.0;1.0;48,80283000;2,29071000;
202300053165.0;2;69;69259;2;1;1.0;3.0;45,72839000;4,86114000;
202300053166.0;1;57;57529;2;1;1.0;1.0;49,44167100;6,02326000;
202300053167.0;1;14;14076;1;1;1.0;6.0;49,22072300; -0,31215500;
202300053168.0;3;73;73171;1;1;2.0;3.0;45,50102474;6,04288696;
202300053169.0;1;93;93031;2;1;1.0;6.0;48,96123514;2,29611475;
202300053170.0;1;92;92026;2;9;1.0;3.0;48,88900069;2,25502753;
202300053171.0;1;77;77330;1;1;1.0;2.0;48,92064000;2,88054000;
202300053172.0;1;76;76328;1;1;1.0;7.0;49,66535700;1,19429600;
202300053173.0;1;69;69386;2;2;1.0;6.0;45,77019719;4,85983627;
202300053174.0;1;93;93059;2;4;1.0;3.0;48,97121000;2,36626000;
202300053175.0;1;14;14066;1;1;1.0;1.0;49,31603100; -0,42803800;
202300053176.0;1;18;18118;1;1;1.0;;47,03511100;3,01448900;
202300053177.0;1;79;79174;2;6;1.0;3.0;46,22470000; -0,15504800;
202300053178.0;1;92;92007;2;9;1.0;7.0;48,80127158;2,31839329;
202300053179.0;5;92;92025;2;2;2.0;3.0;48,93567300;2,26087900;
202300053180.0;1;972;97213;1;1;1.0;3.0;14,63600000; -60,99200000;
202300053181.0;1;85;85051;2;1;1.0;6.0;46,69051000; -1,04581700;
202300053182.0;1;77;77237;2;1;1.0;1.0;48,83271800;2,75439900;
202300053183.0;3;04;04230;1;1;1.0;1.0;43,83034700;5,94931100;
202300053184.0;2;65;65389;2;1;1.0;1.0;43,07989500;0,48330700;
202300053185.0;1;76;76743;1;1;4.0;4.0;49,52586300;0,93722800;
202300053186.0;1;69;69202;2;1;1.0;6.0;45,72936000;4,77750000;
202300053187.0;1;92;92007;2;3;1.0;3.0;48,79916000;2,32289000;
202300053188.0;5;17;17330;1;2;2.0;1.0;45,75405700; -0,94611200;
202300053189.0;5;27;27580;2;3;1.0;3.0;49,35653000;0,88840100;
202300053190.0;2;76;76114;2;1;1.0;6.0;49,56979000;0,47059000;
202300053191.0;5;04;04230;2;9;2.0;6.0;43,83866700;5,99029000;
202300053192.0;1;69;69384;2;1;1.0;6.0;45,77798000;4,81090000;
202300053193.0;1;32;32268;1;1;8.0;1.0;43,60865100;0,96212400;
202300053194.0;1;35;35177;2;4;1.0;3.0;48,19724700; -1,73255700;
202300053195.0;1;60;60141;2;6;1.0;3.0;49,18616300;2,46063700;
202300053196.0;5;49;49092;2;1;1.0;3.0;47,21049900; -0,72495300;
202300053197.0;1;28;28168;2;1;1.0;7.0;48,52331400;1,69336500;
202300053198.0;1;73;73065;2;6;1.0;3.0;45,56929998;5,92173180;
202300053199.0;1;971;97105;2;1;1.0;2.0;16,00515018; -61,73034310;
202300053200.0;1;27;27034;1;2;1.0;3.0;49,32091900;1,38947800;
202300053201.0;2;25;25018;1;1;1.0;6.0;47,35694500;6,57403000;
202300053202.0;3;14;14603;1;2;1.0;3.0;49,03435800; -0,41807300;
202300053203.0;3;60;60326;1;1;1.0;7.0;49,39990761;2,73738889;
202300053204.0;1;49;49180;1;1;1.0;7.0;47,36600700; -0,15192000;
202300053205.0;1;72;72181;2;9;1.0;6.0;47,99288000;0,20460000;
202300053206.0;3;17;17447;1;1;1.0;7.0;46,06748400; -0,93946000;
202300053207.0;3;44;44097;2;1;1.0;6.0;47,41163800; -2,47705200;
202300053208.0;3;11;11172;1;3;2.0;5.0;43,26606200;2,73566500;
202300053209.0;1;77;77186;1;1;1.0;3.0;48,41371000;2,64314000;
202300053210.0;3;17;17218;1;1;1.0;1.0;46,29861900; -0,97726800;
202300053211.0;1;22;22132;1;1;1.0;7.0;48,47524000; -3,52096800;
202300053212.0;1;60;60339;2;1;8.0;6.0;49,49459400;2,21201800;
202300053213.0;1;31;31210;1;1;2.0;6.0;43,37573200;1,67781300;
202300053214.0;1;2A;2A048;1;1;1.0;1.0;42,05604800;8,74533200;
202300053215.0;1;71;71081;1;1;1.0;1.0;46,81619000;4,82763000;
202300053216.0;1;17;17353;1;1;1.0;7.0;45,99526200; -1,04001000;
202300053217.0;5;62;62638;2;1;1.0;1.0;50,25135900;3,12131300;
202300053218.0;2;39;39441;1;1;7.0;2.0;46,45603500;6,05299500;
202300053219.0;1;15;15048;1;1;1.0;7.0;45,10869600;3,30737800;
202300053220.0;1;86;86174;1;6;1.0;2.0;46,78114800;0,53019200;
202300053221.0;3;80;80223;1;2;1.0;3.0;49,74181900;2,80980700;
202300053222.0;2;37;37281;1;1;8.0;4.0;47,40271594;0,79971738;
202300053223.0;1;69;69266;2;1;1.0;6.0;45,75715637;4,88526414;
202300053224.0;1;76;76575;1;1;1.0;4.0;49,39333000;1,11145000;
202300053225.0;1;17;17317;1;1;1.0;3.0;45,44447400; -0,62457700;
202300053226.0;1;39;39478;2;1;7.0;3.0;46,38399300;5,86290100;
202300053227.0;5;76;76159;2;3;1.0;1.0;49,78896000;0,63905000;
202300053228.0;1;49;49092;1;1;1.0;7.0;47,27502267; -0,82879012;
202300053229.0;1;30;30223;1;1;1.0;7.0;44,18380900;4,13870700;
202300053230.0;3;987;98714;1;1;1.0;6.0; -16,49306500; -151,72332600;
202300053231.0;1;01;01138;1;1;1.0;3.0;45,86960300;5,80314200;
202300053232.0;1;39;39534;1;1;1.0;1.0;46,54025200;5,64978400;
202300053233.0;5;76;76452;2;1;3.0;6.0;49,53609000;1,06161000;
202300053234.0;1;36;36041;2;1;1.0;7.0;47,06983927;1,80623978;
202300053235.0;1;72;72181;2;9;1.0;3.0;47,98252000;0,22954000;
202300053236.0;1;69;69264;2;3;1.0;2.0;45,98853000;4,72246000;
202300053237.0;1;36;36082;1;1;1.0;6.0;47,03344688;1,51630014;
202300053238.0;3;2B;2B319;1;1;1.0;2.0;42,41765900;9,52915900;
202300053239.0;1;988;98820;1;1;1.0;6.0; -20,59121000;166,56078100;
202300053240.0;1;25;25196;2;3;1.0;1.0;47,47846600;6,89151900;
202300053241.0;2;59;59166;1;1;1.0;4.0;50,31839500;3,60621900;
202300053242.0;1;69;69256;2;2;1.0;3.0;45,77773000;4,91836000;
202300053243.0;2;36;36175;2;1;1.0;7.0;47,07230300;1,65566300;
202300053244.0;5;69;69259;2;1;1.0;6.0;45,69229000;4,87626000;
202300053245.0;1;02;02697;1;1;1.0;2.0;49,56643300;3,72886100;
202300053246.0;5;65;65388;2;1;2.0;6.0;42,82071400;0,32716500;
202300053247.0;1;84;84022;1;1;1.0;6.0;44,27747000;4,98148400;
202300053248.0;1;13;13005;1;1;1.0;7.0;43,27671110;5,58758772;
202300053249.0;2;29;29193;1;1;1.0;6.0;48,53323559; -4,08045150;
202300053250.0;1;58;58264;1;1;1.0;5.0;46,80182200;3,10269400;
202300053251.0;3;33;33199;2;3;2.0;3.0;44,62319700; -1,10799900;
202300053252.0;3;07;07227;1;1;2.0;1.0;45,25587752;4,72581625;
202300053253.0;1;69;69282;2;1;1.0;1.0;45,76840392;4,98656767;
202300053254.0;1;69;69162;1;1;1.0;7.0;46,13966800;4,60755200;
202300053255.0;1;86;86070;2;3;1.0;3.0;46,56832500;0,63152300;
202300053256.0;1;29;29117;1;1;1.0;2.0;48,56035428; -4,50586958;
202300053257.0;2;18;18011;2;1;1.0;6.0;47,55723000;2,44510700;
202300053258.0;1;13;13211;1;1;1.0;4.0;43,28807985;5,44165529;
202300053259.0;1;38;38464;1;1;1.0;6.0;45,54786638;5,37286868;
202300053260.0;1;31;31416;2;6;1.0;6.0;43,31642000;1,18229600;
202300053261.0;1;67;67482;2;1;1.0;3.0;48,58558000;7,69494000;
202300053262.0;3;37;37003;2;1;1.0;6.0;47,41790900;1,00056900;
202300053263.0;3;46;46162;1;1;2.0;1.0;44,55224500;1,58398400;
202300053264.0;1;69;69290;2;1;1.0;2.0;45,71388000;4,96704000;
202300053265.0;1;58;58270;1;1;1.0;6.0;47,49536500;3,00465300;
202300053266.0;1;07;07155;2;1;1.0;1.0;44,63370400;4,36077800;
202300053267.0;5;29;29272;2;1;3.0;6.0;47,96741700; -3,93340600;
202300053268.0;1;64;64284;2;1;1.0;6.0;43,26769000; -0,38945000;
202300053269.0;1;67;67482;2;3;1.0;3.0;48,60000000;7,69600000;
202300053270.0;1;69;69297;1;1;1.0;5.0;45,58817000;4,78852000;
202300053271.0;1;21;21192;1;1;2.0;7.0;47,29197300;4,94881500;
202300053272.0;2;38;38189;1;1;1.0;5.0;45,63867700;5,06555600;
202300053273.0;1;21;21251;1;1;1.0;6.0;47,19680600;4,53960700;
202300053274.0;1;29;29173;1;1;3.0;7.0;47,99862400; -4,19528600;
202300053275.0;1;45;45290;1;3;1.0;3.0;47,86204200;2,25361900;
202300053276.0;1;67;67482;2;1;1.0;6.0;48,61304100;7,76967500;
202300053277.0;3;03;03226;1;1;2.0;7.0;46,39290000;3,89132700;
202300053278.0;1;24;24520;2;1;1.0;7.0;44,90956500;1,20779300;
202300053279.0;3;57;57672;1;1;1.0;3.0;49,37907000;6,10610000;
202300053280.0;1;62;62458;2;3;1.0;3.0;50,79207400;2,16281800;
202300053281.0;1;64;64102;2;3;1.0;3.0;43,49970000; -1,45849000;
202300053282.0;1;60;60132;1;1;1.0;3.0;49,63099410;2,91713995;
202300053283.0;1;56;56240;1;1;7.0;7.0;47,53983100; -2,73632300;
202300053284.0;1;988;98821;1;2;1.0;3.0; -22,07633400;166,29026400;
202300053285.0;1;53;53101;1;1;1.0;1.0;47,89240000; -0,68092000;
202300053286.0;1;59;59508;1;1;1.0;6.0;50,74415000;3,13997000;
202300053287.0;5;77;77171;2;3;1.0;6.0;48,90508200;2,81329700;
202300053288.0;1;28;28322;1;1;1.0;6.0;48,70863500;0,96066000;
202300053289.0;1;67;67053;1;2;7.0;6.0;48,23657178;7,55513625;
202300053290.0;1;24;24038;2;3;1.0;2.0;45,30418800;0,36149700;
202300053291.0;3;64;64445;2;2;1.0;3.0;43,30038000; -0,36510000;
202300053292.0;1;64;64024;2;3;1.0;3.0;43,48567000; -1,51385000;
202300053293.0;1;66;66014;1;1;1.0;6.0;42,75452547;2,82561600;
202300053294.0;2;978;97801;2;1;1.0;1.0;18,06451600; -63,08891400;
202300053295.0;1;971;97118;2;1;1.0;1.0;16,20145100; -61,61393000;
202300053296.0;2;91;91286;1;1;1.0;4.0;48,64590000;2,38860000;
202300053297.0;1;45;45098;2;1;1.0;6.0;47,82128800;1,75615500;
202300053298.0;3;64;64216;1;1;2.0;2.0;43,26183100; -0,14711400;
202300053299.0;3;13;13067;1;1;1.0;7.0;43,79022400;5,02578300;
202300053300.0;1;64;64102;2;7;1.0;3.0;43,49716000; -1,46790000;
202300053301.0;1;59;59527;2;1;3.0;6.0;50,66353000;3,05591000;
202300053302.0;1;76;76241;1;2;1.0;3.0;49,81058700;0,78846200;
202300053303.0;3;04;04173;2;1;1.0;6.0;43,96161200;6,51436700;
202300053304.0;1;83;83115;1;1;1.0;3.0;43,33827300;6,67652200;
202300053305.0;1;13;13034;1;1;1.0;7.0;43,76777800;4,96214000;
202300053306.0;1;65;65212;1;9;1.0;7.0;42,85608914;0,31659605;
202300053307.0;1;31;31037;1;1;2.0;5.0;43,36158900;1,77966300;
202300053308.0;1;16;16073;2;2;1.0;6.0;45,27255700;0,04223400;
202300053309.0;5;2B;2B148;2;1;1.0;3.0;42,54234700;9,44248100;
202300053310.0;5;57;57630;2;1;1.0;7.0;48,73310000;7,04041800;
202300053311.0;1;91;91589;1;1;1.0;2.0;48,67908000;2,33417000;
202300053312.0;2;81;81217;1;1;1.0;7.0;43,96220200;1,74009900;
202300053313.0;3;25;25097;1;6;9.0;6.0;47,52522900;6,85551200;
202300053314.0;1;85;85164;2;3;1.0;3.0;46,82980000; -2,12068900;
202300053315.0;5;987;98745;2;1;1.0;1.0; -16,62000000; -151,49600000;
202300053316.0;1;62;62624;2;2;1.0;3.0;50,40777000;2,97912000;
202300053317.0;3;89;89274;1;1;1.0;4.0;48,20916500;3,22357400;
202300053318.0;1;21;21337;2;1;1.0;6.0;47,26972600;5,37972300;
202300053319.0;1;11;11276;1;1;1.0;7.0;42,84873800;2,73733400;
202300053320.0;1;54;54575;1;1;1.0;6.0;49,47270600;5,79498200;
202300053321.0;1;68;68318;2;1;1.0;3.0;47,95862800;7,24452800;
202300053322.0;1;85;85234;1;1;7.0;1.0;46,77058000; -2,00569400;
202300053323.0;3;63;63469;1;1;1.0;6.0;45,76778990;3,58771741;
202300053324.0;2;78;78118;1;1;1.0;3.0;48,98619800;1,66866700;
202300053325.0;1;2A;2A247;1;1;1.0;1.0;41,49081100;9,24513500;
202300053326.0;1;48;48166;1;1;1.0;7.0;44,28593000;3,59662700;
202300053327.0;1;62;62263;1;9;1.0;3.0;50,26878627;2,72533733;
202300053328.0;1;28;28393;1;2;1.0;3.0;48,61613700;1,36288100;
202300053329.0;1;92;92063;2;1;1.0;7.0;48,88319818;2,16566641;
202300053330.0;1;51;51454;2;2;1.0;3.0;49,24425000;4,00728000;
202300053331.0;1;46;46083;1;8;1.0;1.0;45,01600200;1,61377500;
202300053332.0;1;09;09160;2;1;1.0;3.0;42,93002600;1,85549300;
202300053333.0;5;71;71583;2;2;2.0;5.0;46,27048500;4,77537800;
202300053334.0;1;52;52040;1;1;1.0;7.0;47,84316849;5,06177688;
202300053335.0;1;66;66053;1;1;1.0;3.0;42,53057800;3,07287300;
202300053336.0;2;60;60057;2;1;1.0;3.0;49,43092000;2,11235000;
202300053337.0;1;92;92072;1;1;1.0;6.0;48,82639920;2,22346625;
202300053338.0;1;88;88373;1;1;7.0;7.0;48,50676000;7,10595500;
202300053339.0;1;40;40314;1;1;1.0;7.0;43,66980100; -1,12031600;
202300053340.0;1;46;46334;1;1;1.0;1.0;44,74349100;1,44681000;
202300053341.0;1;47;47031;1;3;1.0;3.0;44,19137000;0,65082000;
202300053342.0;3;67;67465;1;1;2.0;2.0;48,78492200;7,96054400;
202300053343.0;1;78;78356;2;1;1.0;6.0;48,72437900;2,09235900;
202300053344.0;1;59;59009;2;1;1.0;1.0;50,61958000;3,14291000;
202300053345.0;1;66;66008;1;3;1.0;1.0;42,53707000;3,04408200;
202300053346.0;1;51;51118;1;1;1.0;2.0;49,27144500;3,96110800;
202300053347.0;1;44;44069;1;6;1.0;3.0;47,32011778; -2,41424963;
202300053348.0;3;76;76415;1;1;2.0;1.0;49,68304100;1,37809800;
202300053349.0;1;45;45232;2;2;1.0;6.0;47,86864000;1,91206000;
202300053350.0;2;93;93005;1;1;1.0;5.0;48,93021000;2,48110000;
202300053351.0;1;49;49215;1;1;1.0;5.0;47,11636500; -0,16183400;
202300053352.0;1;84;84003;1;1;1.0;1.0;43,86371400;5,36790200;
202300053353.0;1;10;10130;1;1;1.0;7.0;48,60930600;4,21445800;
202300053354.0;1;59;59009;1;3;1.0;2.0;50,64367000;3,13563000;
202300053355.0;1;03;03277;1;1;1.0;6.0;46,28112400;3,04955300;
202300053356.0;3;44;44142;1;1;1.0;2.0;47,06361800; -1,38565600;
202300053357.0;3;80;80204;1;1;1.0;6.0;50,01387971;2,87901878;
202300053358.0;5;987;98738;2;1;1.0;6.0; -17,63697700; -149,60941300;
202300053359.0;3;34;34340;1;1;1.0;4.0;43,71667207;4,13759112;
202300053360.0;1;73;73303;1;1;3.0;6.0;45,76667000;6,36563800;
202300053361.0;1;59;59507;2;1;1.0;3.0;50,60156000;3,07929000;
202300053362.0;1;34;34301;2;2;1.0;3.0;43,40883400;3,69794100;
202300053363.0;1;84;84003;2;3;1.0;3.0;43,87423500;5,40237700;
202300053364.0;1;13;13005;1;1;1.0;1.0;43,28482000;5,57130000;
202300053365.0;1;03;03264;2;1;1.0;6.0;46,06522600;3,46280500;
202300053366.0;3;92;92036;1;1;1.0;4.0;48,93895984;2,30736060;
202300053367.0;1;73;73257;1;1;1.0;6.0;45,38608600;6,50327300;
202300053368.0;1;69;69244;2;5;1.0;6.0;45,75818200;4,77467500;
202300053369.0;1;63;63014;1;9;1.0;5.0;45,74931462;3,14436582;
202300053370.0;1;21;21054;2;2;1.0;3.0;47,02078000;4,83744000;
202300053371.0;3;93;93027;1;1;1.0;6.0;48,92852000;2,41594000;
202300053372.0;1;38;38336;1;1;1.0;2.0;45,46374300;4,83295400;
202300053373.0;1;26;26108;2;1;1.0;3.0;44,72705200;5,02465700;
202300053374.0;2;57;57463;2;3;5.0;7.0;49,10032000;6,20623000;
202300053375.0;2;33;33487;1;1;1.0;2.0;44,95352152; -0,45754194;
202300053376.0;1;976;97603;1;1;1.0;7.0; -12,91689400;45,18547500;
202300053377.0;1;11;11262;1;1;1.0;6.0;43,15836100;2,91313600;
202300053378.0;3;988;98817;1;3;1.0;6.0; -22,22943000;166,53552000;
202300053379.0;1;08;08081;2;1;2.0;7.0;49,84929500;4,76183000;
202300053380.0;5;56;56107;2;1;1.0;6.0;47,70717000; -3,40838000;
202300053381.0;1;34;34172;1;1;1.0;3.0;43,60858900;3,93646400;
202300053382.0;1;33;33063;1;1;1.0;2.0;44,88034315; -0,53993940;
202300053383.0;3;93;93051;1;1;1.0;3.0;48,83478650;2,58010105;
202300053384.0;1;54;54397;2;3;2.0;6.0;48,62188900;6,10291400;
202300053385.0;1;971;97125;2;1;1.0;6.0;16,28670400; -61,30376500;
202300053386.0;1;65;65123;1;1;1.0;3.0;42,99627900;0,20696500;
202300053387.0;1;24;24037;1;1;1.0;3.0;44,82865000;0,52511200;
202300053388.0;1;91;91037;1;1;1.0;7.0;48,54103000;2,49830000;
202300053389.0;3;11;11322;1;1;1.0;6.0;43,00156000;2,96402900;
202300053390.0;1;16;16015;2;2;1.0;3.0;45,65646000;0,17505000;
202300053391.0;1;26;26331;1;1;1.0;7.0;45,03297900;5,29236300;
202300053392.0;1;54;54526;2;3;1.0;2.0;48,69730000;6,20735000;
202300053393.0;5;83;83099;2;1;1.0;6.0;43,43981139;6,70745373;
202300053394.0;1;94;94042;1;1;1.0;5.0;48,82836797;2,47558356;
202300053395.0;1;27;27105;2;3;1.0;3.0;49,31028100;0,88807900;
202300053396.0;4;86;86297;1;1;2.0;7.0;46,56382300;0,30298400;
202300053397.0;2;60;60631;1;1;1.0;4.0;49,14424071;2,57546293;
202300053398.0;3;89;89037;1;1;1.0;6.0;47,91750600;3,28803400;
202300053399.0;3;64;64304;1;1;2.0;1.0;43,47803900; -1,40991900;
202300053400.0;3;988;98814;1;1;1.0;6.0; -20,84776900;167,23414000;
202300053401.0;1;91;91617;1;1;1.0;5.0;48,63171000;2,49685000;
202300053402.0;5;13;13216;2;1;1.0;1.0;43,36057000;5,29915000;
202300053403.0;1;85;85191;2;9;1.0;6.0;46,66556000; -1,42004000;
202300053404.0;1;45;45147;2;1;1.0;2.0;47,92939707;1,89986229;
202300053405.0;3;83;83069;1;1;1.0;6.0;43,11600000;6,11090000;
202300053406.0;1;988;98803;2;3;1.0;6.0; -21,55191200;165,47911000;
202300053407.0;1;37;37132;2;1;2.0;1.0;47,11705700;1,00205500;
202300053408.0;1;67;67339;1;1;1.0;1.0;48,89808700;7,93021900;
202300053409.0;1;49;49301;2;1;1.0;6.0;47,12371563; -0,99242002;
202300053410.0;5;75;75113;2;2;1.0;6.0;48,82580700;2,35038000;
202300053411.0;1;29;29233;1;1;1.0;7.0;47,83312300; -3,58051300;
202300053412.0;5;69;69382;2;1;1.0;6.0;45,75076339;4,82303997;