Num_Acc;lum;departement;commune;agglomeration;intersection;meteo;type_collision;lat;long;date
202300053413.0;2;77;77005;1;1;2.0;1.0;48,92663000;2,72794600;
202300053414.0;1;45;45075;2;1;1.0;3.0;47,88610000;1,82740000;
202300053415.0;2;22;22282;1;1;2.0;7.0;48,60088500; -2,24220900;
202300053416.0;1;13;13091;2;1;1.0;3.0;43,62005900;5,30115100;
202300053417.0;2;44;44158;1;1;1.0;7.0;47,24767400; -1,73575400;
202300053418.0;3;29;29230;1;1;1.0;6.0;47,96391650; -3,50150774;
202300053419.0;1;67;67482;2;3;1.0;6.0;48,56200000;7,69761000;
202300053420.0;1;77;77144;1;1;1.0;6.0;48,75548900;2,90959100;
202300053421.0;1;75;75112;2;2;1.0;1.0;48,83185200;2,39769500;
202300053422.0;1;95;95060;1;1;1.0;2.0;49,03996800;2,19073612;
202300053423.0;3;91;91161;1;1;1.0;7.0;48,71404000;2,30876000;
202300053424.0;3;60;60243;1;1;1.0;3.0;49,48792363;2,14779235;
202300053425.0;1;01;01089;1;1;1.0;4.0;45,95900800;5,30513300;
202300053426.0;1;45;45312;2;1;1.0;6.0;47,91315804;2,73512679;
202300053427.0;1;60;60241;1;2;1.0;3.0;49,17665700;2,68628100;
202300053428.0;1;45;45285;2;3;1.0;3.0;47,91789927;1,86025098;
202300053429.0;1;94;94054;2;1;1.0;7.0;48,73864000;2,39119000;
202300053430.0;2;92;92072;1;1;1.0;6.0;48,82602589;2,22262601;
202300053431.0;1;63;63032;2;5;1.0;6.0;45,75310000;3,08880000;
202300053432.0;4;02;02186;1;1;1.0;7.0;48,98866600;3,36013700;
202300053433.0;3;02;02381;1;1;1.0;2.0;49,90476600;4,08515500;
202300053434.0;1;2B;2B079;2;1;1.0;5.0;42,48671600;9,28120000;
202300053435.0;3;45;45338;1;1;1.0;6.0;47,97178625;2,71670732;
202300053436.0;2;68;68042;1;1;2.0;6.0;47,61725800;7,51533500;
202300053437.0;1;95;95572;1;1;1.0;4.0;49,03235342;2,10743017;
202300053438.0;2;93;93073;2;1;3.0;3.0;49,00244000;2,53334000;
202300053439.0;1;91;91386;2;1;1.0;2.0;48,57500100;2,43419300;
202300053440.0;3;59;59268;2;1;1.0;6.0;50,62672700;2,72984000;
202300053441.0;1;95;95641;1;9;1.0;6.0;49,06787200;2,55260200;
202300053442.0;1;63;63113;2;2;1.0;6.0;45,79154271;3,09594432;
202300053443.0;3;34;34146;1;1;1.0;1.0;43,68860500;4,05983400;
202300053444.0;2;2B;2B313;2;1;1.0;3.0;42,36468800;9,52949700;
202300053445.0;1;78;78158;1;1;2.0;5.0;48,83246400;2,13930400;
202300053446.0;1;80;80288;1;1;1.0;2.0;49,88267600;2,83747700;
202300053447.0;1;42;42207;2;4;1.0;3.0;45,45556000;4,50722000;
202300053448.0;1;93;93031;2;1;1.0;2.0;48,95809000;2,32968000;
202300053449.0;1;68;68278;2;1;1.0;6.0;47,76497400;7,39458200;
202300053450.0;5;974;97416;2;7;1.0;6.0; -21,28438000;55,47277000;
202300053451.0;5;13;13117;1;1;1.0;3.0;43,47672200;5,23758700;
202300053452.0;1;13;13052;2;7;1.0;2.0;43,83188500;4,78240100;
202300053453.0;1;77;77514;1;1;1.0;3.0;48,94346579;2,62839062;
202300053454.0;1;2B;2B332;1;1;1.0;5.0;42,64668100;9,09929800;
202300053455.0;5;41;41018;1;1;1.0;6.0;47,60234000;1,34894000;
202300053456.0;1;95;95582;1;1;1.0;6.0;48,96561068;2,27178812;
202300053457.0;3;59;59025;1;1;1.0;1.0;50,59141100;2,82470900;
202300053458.0;1;48;48119;1;1;1.0;6.0;44,51198719;3,90897066;
202300053459.0;1;69;69383;2;1;1.0;6.0;45,75162000;4,87202000;
202300053460.0;1;18;18092;1;1;1.0;7.0;47,05895500;2,65740400;
202300053461.0;4;01;01211;2;3;1.0;3.0;46,11730700;5,19451900;
202300053462.0;1;33;33550;1;1;1.0;5.0;44,78138000; -0,58176000;
202300053463.0;1;93;93005;1;1;1.0;2.0;48,95441000;2,47384000;
202300053464.0;1;974;97411;1;9;2.0;4.0; -20,88818000;55,44409000;
202300053465.0;1;93;93014;2;1;1.0;6.0;48,91387000;2,54689000;
202300053466.0;3;80;80023;1;1;1.0;6.0;49,73144339;2,70937979;
202300053467.0;1;04;04112;2;1;1.0;6.0;43,84483000;5,78468000;
202300053468.0;1;83;83068;1;1;1.0;3.0;43,28963900;6,49342400;
202300053469.0;1;973;97311;2;2;1.0;3.0;5,47185432; -54,03336883;
202300053470.0;3;95;95572;1;1;2.0;2.0;49,03104508;2,12144494;
202300053471.0;3;80;80216;1;1;1.0;6.0;50,04820400;2,74247300;
202300053472.0;1;38;38053;1;2;1.0;3.0;45,59299000;5,24756000;
202300053473.0;3;83;83144;1;1;1.0;5.0;43,13660000;5,99399000;
202300053474.0;1;974;97407;2;9;1.0;3.0; -20,95505000;55,31510000;
202300053475.0;1;05;05065;2;7;1.0;6.0;44,65960700;6,64929800;
202300053476.0;1;59;59581;1;1;1.0;6.0;50,66551000;2,76856800;
202300053477.0;1;37;37261;2;1;1.0;3.0;47,38343000;0,67690000;
202300053478.0;1;33;33318;1;1;3.0;2.0;44,78592000; -0,62758000;
202300053479.0;5;91;91235;2;9;1.0;1.0;48,63928400;2,36186200;
202300053480.0;1;93;93078;1;1;2.0;4.0;48,96176998;2,54505298;
202300053481.0;5;971;97106;1;1;3.0;1.0;16,17043800; -61,77640500;
202300053482.0;1;973;97302;2;3;3.0;6.0;4,92238624; -52,31529057;
202300053483.0;1;988;98818;2;1;1.0;6.0; -22,26040000;166,46663000;
202300053484.0;1;33;33487;1;1;1.0;4.0;44,94053000; -0,46669300;
202300053485.0;1;71;71283;2;1;1.0;2.0;46,69965600;4,91262700;
202300053486.0;5;13;13210;1;1;1.0;3.0;43,28344000;5,40065000;
202300053487.0;1;77;77327;1;1;9.0;7.0;48,57806900;3,04199000;
202300053488.0;5;91;91377;2;1;1.0;2.0;48,72960000;2,30054000;
202300053489.0;1;52;52331;2;1;1.0;3.0;48,47402300;4,76577100;
202300053490.0;1;973;97302;2;1;3.0;3.0;4,93471000; -52,30855000;
202300053491.0;1;37;37233;2;2;1.0;3.0;47,38769000;0,71881000;
202300053492.0;1;95;95295;1;1;1.0;6.0;49,11975358;1,86050892;
202300053493.0;5;973;97302;2;1;1.0;3.0;4,93119000; -52,32490000;
202300053494.0;3;78;78640;1;1;1.0;6.0;48,78123000;2,22277600;
202300053495.0;1;77;77258;1;1;2.0;5.0;48,83059272;2,63216178;
202300053496.0;1;83;83137;1;1;1.0;3.0;43,12179300;5,95484900;
202300053497.0;1;91;91228;1;1;1.0;4.0;48,61916000;2,42664000;
202300053498.0;1;38;38187;1;1;1.0;1.0;45,00829700;5,63165700;
202300053499.0;2;95;95446;1;1;1.0;6.0;49,11989400;2,16008900;
202300053500.0;1;35;35238;2;9;1.0;6.0;48,08794000; -1,67449000;
202300053501.0;5;988;98818;2;1;1.0;6.0; -22,24656000;166,44460000;
202300053502.0;5;69;69386;2;2;1.0;3.0;45,77002000;4,85848000;
202300053503.0;1;83;83148;1;3;1.0;6.0;43,43043700;6,42168000;
202300053504.0;3;92;92048;1;1;1.0;4.0;48,78695192;2,22236293;
202300053505.0;1;33;33013;1;1;1.0;2.0;44,86511000; -0,50370000;
202300053506.0;1;2B;2B109;1;1;1.0;1.0;42,73877800;9,34793800;
202300053507.0;1;69;69383;2;2;1.0;3.0;45,75360000;4,85921000;
202300053508.0;3;974;97416;1;9;1.0;7.0; -21,32814000;55,45202000;
202300053509.0;1;67;67006;1;1;1.0;7.0;48,71589000;7,46708400;
202300053510.0;1;69;69050;2;2;1.0;1.0;45,87607200;4,64413800;
202300053511.0;1;69;69081;2;1;1.0;6.0;45,79105461;4,78664606;
202300053512.0;3;78;78206;1;1;1.0;6.0;48,95544000;1,93743800;
202300053513.0;1;94;94003;1;1;1.0;2.0;48,81203112;2,33668026;
202300053514.0;1;92;92050;1;1;2.0;4.0;48,90887046;2,21442681;
202300053515.0;1;35;35238;2;2;1.0;3.0;48,08376892; -1,67450577;
202300053516.0;1;79;79049;1;1;1.0;7.0;46,78680500; -0,47895900;
202300053517.0;1;69;69081;2;3;1.0;6.0;45,79012000;4,77865000;
202300053518.0;1;974;97414;1;1;1.0;6.0; -21,25454200;55,45895200;
202300053519.0;1;95;95572;1;1;2.0;6.0;49,03104977;2,12143421;
202300053520.0;1;974;97411;2;2;1.0;5.0; -20,88210000;55,44980000;
202300053521.0;1;69;69387;2;2;1.0;6.0;45,73796224;4,83759834;
202300053522.0;1;34;34289;1;2;1.0;3.0;43,39354100;3,40975300;
202300053523.0;3;78;78158;1;1;1.0;2.0;48,83242100;2,13880200;
202300053524.0;1;33;33439;1;1;1.0;6.0;45,11477600; -0,41407400;
202300053525.0;1;92;92025;1;1;1.0;4.0;48,92210032;2,22649712;
202300053526.0;1;34;34172;2;3;1.0;3.0;43,61029000;3,85443000;
202300053527.0;1;95;95277;1;1;2.0;6.0;48,97313000;2,48527000;
202300053528.0;1;08;08136;1;1;3.0;6.0;49,70477800;5,00933600;
202300053529.0;1;2B;2B120;2;3;1.0;3.0;42,64068000;9,43263000;
202300053530.0;1;974;97411;2;1;1.0;2.0; -20,88583000;55,47486000;
202300053531.0;1;972;97213;1;1;1.0;3.0;14,60881000; -61,00497000;
202300053532.0;1;84;84099;1;1;1.0;5.0;43,84192500;5,09681900;
202300053533.0;1;49;49021;1;1;1.0;3.0;47,45406500; -0,19878400;
202300053534.0;1;67;67368;2;1;7.0;7.0;48,46423900;7,41428300;
202300053535.0;1;78;78362;1;1;1.0;4.0;48,97567000;1,72373000;
202300053536.0;5;95;95212;1;1;1.0;6.0;49,02672191;2,53714234;
202300053537.0;5;30;30189;2;3;1.0;7.0;43,85370000;4,40140000;
202300053538.0;1;974;97416;1;1;1.0;1.0; -21,27640000;55,46840000;
202300053539.0;3;95;95585;2;1;8.0;6.0;48,98881632;2,37801701;
202300053540.0;1;42;42242;2;1;1.0;1.0;45,54196500;4,64104800;
202300053541.0;1;03;03201;1;1;2.0;6.0;46,11497800;3,63861000;
202300053542.0;1;972;97209;2;1;1.0;6.0;14,61046000; -61,04620000;
202300053543.0;1;974;97407;2;1;1.0;1.0; -20,93560000;55,30399000;
202300053544.0;3;93;93005;1;1;1.0;2.0;48,97275000;2,49336000;
202300053545.0;1;61;61341;1;1;1.0;2.0;48,49413400;0,06883600;
202300053546.0;1;29;29232;2;1;1.0;6.0;47,97608798; -4,07476366;
202300053547.0;3;94;94028;1;1;1.0;3.0;48,80172654;2,44741443;
202300053548.0;1;73;73303;2;1;1.0;6.0;45,74947846;6,41085441;
202300053549.0;1;974;97416;1;1;1.0;6.0; -21,32297000;55,48223000;
202300053550.0;3;93;93027;1;1;1.0;2.0;48,92669333;2,40380852;
202300053551.0;1;91;91114;2;6;1.0;6.0;48,70063000;2,50581000;
202300053552.0;1;60;60385;2;1;8.0;1.0;49,15385700;3,11104600;
202300053553.0;1;973;97302;2;3;1.0;3.0;4,92210298; -52,31259629;
202300053554.0;1;972;97213;1;1;1.0;3.0;14,62838000; -60,99339000;
202300053555.0;3;42;42296;1;1;1.0;7.0;45,73400600;4,28046800;
202300053556.0;2;974;97411;1;1;1.0;6.0; -20,87582000;55,41795000;
202300053557.0;1;14;14068;2;3;1.0;3.0;49,23976200; -0,32680000;
202300053558.0;1;94;94017;1;1;1.0;3.0;48,82844169;2,50273164;
202300053559.0;5;91;91027;2;5;1.0;7.0;48,69945000;2,36038000;
202300053560.0;1;69;69383;2;1;1.0;6.0;45,76274000;4,85165000;
202300053561.0;1;83;83019;1;1;1.0;1.0;43,14990800;6,29601400;
202300053562.0;1;94;94017;1;1;1.0;4.0;48,82676199;2,51252339;
202300053563.0;1;972;97209;1;1;1.0;1.0;14,63601000; -61,05587000;
202300053564.0;5;69;69204;2;1;1.0;3.0;45,69623600;4,79720100;
202300053565.0;3;972;97213;1;1;1.0;1.0;14,64169000; -60,99133000;
202300053566.0;1;25;25056;1;1;1.0;5.0;47,21375000;5,98814000;
202300053567.0;1;57;57356;1;1;1.0;5.0;49,43882210;6,09352827;
202300053568.0;1;91;91174;2;2;1.0;6.0;48,61595000;2,46590000;
202300053569.0;1;77;77121;1;1;1.0;4.0;48,83144900;2,67953500;
202300053570.0;1;69;69387;2;2;1.0;3.0;45,74970000;4,84265000;
202300053571.0;5;24;24037;2;1;2.0;6.0;44,85702000;0,48464000;
202300053572.0;3;44;44073;1;1;1.0;1.0;47,40328400; -1,64778300;
202300053573.0;1;972;97209;2;1;1.0;7.0;14,61649000; -61,04969000;
202300053574.0;1;59;59481;1;1;1.0;7.0;50,23478974;3,63808393;
202300053575.0;1;85;85109;1;1;1.0;7.0;46,83620000; -1,00402000;
202300053576.0;1;972;97209;2;6;1.0;3.0;14,60416000; -61,06090000;
202300053577.0;3;50;50601;2;1;1.0;1.0;49,01483900; -0,97284800;
202300053578.0;1;15;15014;2;1;1.0;6.0;44,93889000;2,45680000;
202300053579.0;1;974;97414;2;1;1.0;1.0; -21,26650600;55,44156200;
202300053580.0;1;972;97209;2;1;8.0;3.0;14,62225000; -61,06043000;
202300053581.0;5;971;97120;1;6;1.0;7.0;16,23221823; -61,53158069;
202300053582.0;1;59;59482;2;1;1.0;6.0;50,71239900;3,00102100;
202300053583.0;5;2A;2A004;2;4;1.0;3.0;41,93212342;8,74060285;
202300053584.0;1;87;87085;2;3;1.0;4.0;45,83132000;1,25609000;
202300053585.0;1;35;35360;1;6;1.0;6.0;48,13682400; -1,21068500;
202300053586.0;2;988;98818;2;3;1.0;3.0; -22,23558000;166,47659000;
202300053587.0;1;973;97302;2;9;1.0;2.0;4,93896331; -52,31790572;
202300053588.0;1;62;62113;1;3;1.0;4.0;50,34934865;2,53718004;
202300053589.0;1;13;13117;2;1;1.0;2.0;43,43461000;5,26061000;
202300053590.0;1;2A;2A004;2;1;1.0;6.0;41,92170000;8,73722000;
202300053591.0;4;2B;2B037;1;1;1.0;3.0;42,62386000;9,43686000;
202300053592.0;1;974;97416;1;1;1.0;7.0; -21,28850000;55,46664000;
202300053593.0;1;83;83069;2;6;1.0;3.0;43,11645000;6,14649000;
202300053594.0;5;971;97120;2;9;1.0;2.0;16,22378000; -61,52628000;
202300053595.0;1;62;62909;2;3;1.0;7.0;50,06323600;2,99244400;
202300053596.0;1;13;13214;1;1;1.0;4.0;43,33242542;5,38583279;
202300053597.0;1;81;81004;2;2;1.0;3.0;43,93099000;2,18817000;
202300053598.0;5;971;97107;2;3;1.0;7.0;16,05160000; -61,56390000;
202300053599.0;1;13;13002;2;6;1.0;1.0;43,35438000;5,48498000;
202300053600.0;1;2B;2B159;1;1;1.0;7.0;42,91166100;9,47049400;
202300053601.0;1;95;95268;2;1;1.0;3.0;48,96159000;2,41420000;
202300053602.0;1;02;02596;1;1;2.0;1.0;48,94701400;3,27904300;
202300053603.0;1;974;97411;2;1;1.0;2.0; -20,87480000;55,45390000;
202300053604.0;5;81;81065;2;3;1.0;3.0;43,59833850;2,23061300;
202300053605.0;1;13;13071;1;1;1.0;2.0;43,38108777;5,31559322;
202300053606.0;1;81;81144;1;6;1.0;3.0;43,95829000;2,15982000;
202300053607.0;1;2A;2A004;2;1;1.0;6.0;41,92335000;8,73777000;
202300053608.0;1;78;78650;2;6;1.0;2.0;48,89562800;2,13917800;
202300053609.0;1;13;13210;2;1;1.0;6.0;43,27539195;5,41656850;
202300053610.0;1;65;65442;1;3;1.0;3.0;43,29858100;0,61012400;
202300053611.0;1;973;97302;2;1;1.0;3.0;4,94282684; -52,32052946;
202300053612.0;3;13;13043;1;1;1.0;2.0;43,38342000;5,23067000;
202300053613.0;5;86;86066;2;1;8.0;6.0;46,79418100;0,52657500;
202300053614.0;1;83;83035;1;1;1.0;6.0;43,17755800;5,76993900;
202300053615.0;1;95;95585;2;1;1.0;6.0;48,98816978;2,37847567;
202300053616.0;2;13;13202;2;1;8.0;3.0;43,29761000;5,36367000;
202300053617.0;1;11;11441;1;1;1.0;6.0;43,20240700;3,08444400;
202300053618.0;1;77;77373;1;1;1.0;5.0;48,77053000;2,63129000;
202300053619.0;1;69;69091;1;1;1.0;6.0;45,58537000;4,75060000;
202300053620.0;1;973;97302;2;1;1.0;6.0;4,93173000; -52,32916000;
202300053621.0;3;78;78172;1;1;1.0;5.0;49,00053000;2,08079000;
202300053622.0;1;83;83069;1;1;1.0;6.0;43,12218391;6,09825355;
202300053623.0;1;78;78401;2;2;1.0;2.0;49,00139000;1,90657000;
202300053624.0;5;33;33249;1;1;1.0;6.0;44,88361963; -0,51281556;
202300053625.0;1;95;95585;2;2;2.0;3.0;48,97297000;2,37588000;
202300053626.0;1;78;78440;2;1;1.0;2.0;48,99222200;1,91382500;
202300053627.0;1;63;63258;2;1;3.0;3.0;45,67548200;3,63231200;
202300053628.0;5;69;69387;2;1;2.0;1.0;45,74400000;4,85219000;
202300053629.0;1;69;69009;1;1;1.0;3.0;45,93954000;4,72366000;
202300053630.0;1;13;13213;1;9;1.0;3.0;43,34350000;5,44623000;
202300053631.0;5;33;33550;1;1;1.0;6.0;44,77898000; -0,55230000;
202300053632.0;3;78;78638;1;3;1.0;3.0;49,01987000;1,95901000;
202300053633.0;1;77;77431;2;2;1.0;3.0;48,26677800;2,68579400;
202300053634.0;1;49;49018;2;1;1.0;7.0;47,53949400; -0,11219900;
202300053635.0;1;78;78440;1;1;1.0;2.0;48,97933000;1,88671000;
202300053636.0;3;77;77237;2;3;1.0;3.0;48,84937700;2,76783700;
202300053637.0;1;95;95598;2;6;8.0;3.0;48,99033000;2,29632000;
202300053638.0;2;11;11262;2;1;1.0;6.0;43,18925000;3,00776000;
202300053639.0;5;69;69386;2;2;2.0;3.0;45,76907000;4,86055000;
202300053640.0;1;42;42325;1;1;1.0;6.0;45,94262300;4,14129900;
202300053641.0;1;72;72181;2;9;1.0;3.0;47,98569000;0,22524000;
202300053642.0;5;94;94043;1;1;1.0;4.0;48,80839441;2,34798035;
202300053643.0;2;91;91363;1;1;3.0;3.0;48,65970000;2,18502000;
202300053644.0;3;76;76231;2;1;2.0;6.0;49,29050800;0,98245000;
202300053645.0;1;72;72181;2;1;1.0;6.0;47,96443000;0,22066000;
202300053646.0;1;77;77014;2;3;1.0;3.0;48,41307000;2,74184000;
202300053647.0;1;10;10362;1;1;1.0;6.0;48,29341920;4,05026436;
202300053648.0;5;71;71306;2;1;1.0;6.0;46,69593000;4,36843000;
202300053649.0;1;46;46309;2;9;1.0;6.0;44,89895300;1,47794000;
202300053650.0;5;87;87085;2;1;3.0;5.0;45,80145000;1,29445000;
202300053651.0;1;69;69387;2;2;2.0;3.0;45,74920000;4,84197000;
202300053652.0;1;91;91064;1;1;1.0;6.0;48,74902000;2,21276000;
202300053653.0;3;93;93066;1;1;1.0;2.0;48,92186000;2,35708000;
202300053654.0;2;29;29024;1;1;8.0;6.0;48,29030519; -3,54583836;
202300053655.0;5;76;76366;2;2;1.0;1.0;49,50974000;1,03329000;
202300053656.0;1;71;71040;2;1;1.0;2.0;46,69594000;4,39131000;
202300053657.0;1;77;77239;1;1;1.0;1.0;48,63195000;3,10266000;
202300053658.0;1;69;69266;2;1;1.0;3.0;45,76208000;4,91731000;
202300053659.0;5;10;10362;2;3;1.0;1.0;48,29184000;4,02172000;
202300053660.0;1;31;31033;2;1;1.0;7.0;43,35063600;1,47856800;
202300053661.0;4;91;91363;1;1;1.0;6.0;48,65447000;2,17759000;
202300053662.0;1;69;69383;2;2;2.0;3.0;45,75456000;4,86639000;
202300053663.0;5;83;83137;2;1;1.0;7.0;43,13993317;5,91901606;
202300053664.0;1;94;94046;1;1;2.0;2.0;48,80712934;2,44871697;
202300053665.0;1;69;69264;2;1;1.0;3.0;45,99412000;4,71762000;
202300053666.0;4;07;07102;1;1;1.0;7.0;44,93364000;4,85886000;
202300053667.0;5;72;72181;2;2;8.0;3.0;48,00875000;0,18084000;
202300053668.0;5;74;74305;2;3;1.0;3.0;46,19941000;6,24522000;
202300053669.0;1;67;67482;2;8;1.0;3.0;48,55800000;7,74855000;
202300053670.0;3;78;78043;1;1;1.0;6.0;48,82847000;2,07902000;
202300053671.0;2;77;77449;1;1;1.0;7.0;48,83312912;2,79203309;
202300053672.0;1;69;69259;2;2;1.0;3.0;45,69508000;4,87355000;
202300053673.0;1;83;83069;1;1;1.0;2.0;43,12370327;6,09646064;
202300053674.0;2;26;26324;2;1;1.0;2.0;44,34586900;4,75825500;
202300053675.0;5;69;69383;2;1;2.0;4.0;45,75534015;4,86779953;
202300053676.0;5;69;69264;2;4;1.0;6.0;45,99136000;4,73249000;
202300053677.0;1;71;71153;2;1;1.0;2.0;46,79391100;4,42149500;
202300053678.0;1;64;64102;2;1;1.0;2.0;43,48730000; -1,48496000;
202300053679.0;1;95;95598;2;1;1.0;1.0;48,98972000;2,29441000;
202300053680.0;1;06;06029;2;6;1.0;3.0;43,56739000;6,96761000;
202300053681.0;1;93;93005;1;1;1.0;3.0;48,95980000;2,47358000;
202300053682.0;1;87;87065;1;1;1.0;6.0;45,79953000;1,29611000;
202300053683.0;1;67;67218;2;1;1.0;6.0;48,51860000;7,71920000;
202300053684.0;1;83;83025;1;1;1.0;3.0;43,52907700;5,97037700;
202300053685.0;3;59;59339;2;1;1.0;6.0;50,68288000;3,24674000;
202300053686.0;5;80;80021;2;1;1.0;1.0;49,90162000;2,29514000;
202300053687.0;1;66;66136;2;1;1.0;6.0;42,70125000;2,89020000;
202300053688.0;1;18;18028;1;1;1.0;7.0;47,10679300;2,30219400;
202300053689.0;3;53;53054;1;9;1.0;1.0;48,09170000; -0,82279000;
202300053690.0;1;63;63113;2;9;1.0;1.0;45,79586000;3,11784000;
202300053691.0;1;83;83137;2;9;1.0;3.0;43,13427000;5,90585000;
202300053692.0;2;75;75119;2;2;1.0;6.0;48,89871968;2,37036467;
202300053693.0;1;64;64483;2;1;1.0;2.0;43,39180000; -1,65453000;
202300053694.0;1;93;93064;1;1;1.0;2.0;48,88086587;2,47519410;
202300053695.0;2;16;16069;1;1;1.0;6.0;45,86529200;0,14519300;
202300053696.0;1;64;64284;2;9;1.0;3.0;43,29295000; -0,38666000;
202300053697.0;1;64;64122;2;1;1.0;6.0;43,48281000; -1,56584000;
202300053698.0;2;59;59650;2;2;1.0;3.0;50,70794705;3,18666548;
202300053699.0;1;92;92073;2;4;1.0;3.0;48,86744625;2,22676188;
202300053700.0;5;81;81004;2;6;2.0;6.0;43,93377000;2,17218000;
202300053701.0;1;75;75119;2;1;1.0;3.0;48,89181500;2,38009700;
202300053702.0;1;63;63113;2;2;1.0;1.0;45,78034000;3,08325000;
202300053703.0;1;07;07126;1;1;1.0;7.0;44,43613900;4,43347700;
202300053704.0;1;75;75112;1;1;1.0;2.0;48,82347700;2,46305800;
202300053705.0;1;76;76351;2;1;1.0;6.0;49,48988000;0,10754000;
202300053706.0;5;64;64024;2;1;1.0;3.0;43,49735000; -1,50783000;
202300053707.0;5;49;49007;2;1;2.0;1.0;47,46123000; -0,56177000;
202300053708.0;5;63;63113;2;2;1.0;3.0;45,77180000;3,09380000;
202300053709.0;1;21;21455;1;1;2.0;6.0;47,76396400;4,57487600;
202300053710.0;1;59;59603;1;1;2.0;6.0;50,32348660;3,49555135;
202300053711.0;1;92;92044;2;2;1.0;3.0;48,89690000;2,28202000;
202300053712.0;1;75;75118;2;3;1.0;2.0;48,90022500;2,33560300;
202300053713.0;3;79;79191;1;1;1.0;4.0;46,31796000; -0,39340000;
202300053714.0;4;60;60159;2;1;1.0;6.0;49,42280000;2,83806000;
202300053715.0;1;62;62516;2;1;1.0;6.0;50,55179000;2,47535000;
202300053716.0;1;45;45004;1;1;1.0;2.0;47,98396000;2,82510000;
202300053717.0;1;92;92012;2;6;1.0;6.0;48,84077958;2,22885936;
202300053718.0;1;61;61006;2;1;1.0;3.0;48,74331000; -0,02472000;
202300053719.0;1;87;87003;1;1;8.0;1.0;46,29549900;1,33671900;
202300053720.0;1;59;59426;2;3;1.0;6.0;50,75087973;3,15159023;
202300053721.0;1;75;75118;2;1;1.0;6.0;48,88371600;2,33336500;
202300053722.0;1;971;97113;2;1;7.0;6.0;16,20882293; -61,50004864;
202300053723.0;5;35;35238;2;1;1.0;6.0;48,11576706; -1,69151768;
202300053724.0;1;59;59390;2;1;1.0;6.0;50,33741716;3,19544435;
202300053725.0;1;71;71486;2;2;2.0;3.0;46,66249800;4,36568000;
202300053726.0;1;59;59507;2;3;1.0;3.0;50,60823000;3,08990000;
202300053727.0;1;59;59410;2;1;1.0;1.0;50,64692072;3,11125517;
202300053728.0;1;30;30228;1;1;1.0;3.0;43,93015300;4,38942400;
202300053729.0;1;62;62548;1;1;1.0;5.0;50,93749000;1,93334000;
202300053730.0;5;77;77122;2;1;1.0;6.0;48,64937000;2,56437000;
202300053731.0;1;57;57143;2;1;1.0;6.0;49,26000000;6,09421000;
202300053732.0;1;51;51454;2;1;1.0;6.0;49,26150000;4,05670000;
202300053733.0;1;35;35238;2;2;2.0;2.0;48,11603000; -1,70509000;
202300053734.0;3;35;35352;1;1;1.0;6.0;48,07595000; -1,60584900;
202300053735.0;3;95;95582;2;5;1.0;3.0;48,97748700;2,25264200;
202300053736.0;1;974;97416;1;1;1.0;7.0; -21,29579000;55,44447000;
202300053737.0;1;59;59350;2;1;1.0;3.0;50,62000000;3,07000000;
202300053738.0;1;71;71059;2;1;3.0;1.0;46,80615000;4,47833000;
202300053739.0;2;75;75116;2;2;1.0;3.0;48,85841200;2,25892700;
202300053740.0;3;57;57019;1;1;9.0;7.0;49,22254000;6,05667000;
202300053741.0;1;37;37195;2;8;1.0;6.0;47,37615088;0,65969467;
202300053742.0;1;27;27681;2;1;1.0;7.0;49,07758000;1,48338000;
202300053743.0;5;34;34172;2;1;1.0;1.0;43,58893000;3,89077000;
202300053744.0;1;974;97416;2;1;1.0;3.0; -21,32333000;55,47446000;
202300053745.0;1;03;03118;1;1;3.0;2.0;46,11701500;3,17629500;
202300053746.0;1;59;59350;2;2;1.0;3.0;50,63339000;3,04767000;
202300053747.0;1;71;71076;2;1;2.0;3.0;46,77374000;4,86508000;
202300053748.0;3;69;69290;1;1;1.0;6.0;45,71287487;4,94659518;
202300053749.0;1;75;75116;2;7;1.0;2.0;48,86402800;2,27194700;
202300053750.0;1;37;37261;2;3;1.0;6.0;47,38294357;0,66833138;
202300053751.0;2;76;76540;2;1;2.0;6.0;49,42473000;1,07508000;
202300053752.0;1;01;01087;1;1;8.0;6.0;46,17086000;5,67836300;
202300053753.0;3;50;50129;1;1;1.0;6.0;49,63452000; -1,56363000;
202300053754.0;2;974;97416;2;1;1.0;7.0; -21,33026000;55,47944000;
202300053755.0;3;22;22215;1;1;2.0;3.0;48,48990000; -2,81250000;
202300053756.0;5;67;67482;2;1;2.0;7.0;48,57407000;7,74471000;
202300053757.0;1;56;56121;2;3;1.0;2.0;47,74528000; -3,37322000;
202300053758.0;1;974;97411;2;1;1.0;7.0; -20,89180000;55,46719000;
202300053759.0;1;75;75116;2;2;1.0;3.0;48,85855800;2,24487700;
202300053760.0;5;76;76351;2;2;2.0;6.0;49,49095787;0,12317643;