Num_Acc;lum;departement;commune;agglomeration;intersection;meteo;type_collision;lat;long;date
202300053761.0;1;974;97416;2;1;1.0;2.0; -21,28811000;55,45713000;
202300053762.0;3;35;35238;1;1;1.0;3.0;48,12801000; -1,71185000;
202300053763.0;5;49;49099;2;6;1.0;3.0;47,05565000; -0,89604000;
202300053764.0;2;54;54395;2;1;1.0;2.0;48,68350000;6,19677000;
202300053765.0;1;78;78010;1;3;1.0;2.0;48,91505600;1,93461600;
202300053766.0;1;974;97411;2;1;1.0;6.0; -20,88762000;55,45158000;
202300053767.0;1;67;67482;2;8;8.0;3.0;48,59659800;7,75925500;
202300053768.0;1;72;72181;2;1;1.0;6.0;48,01367000;0,22215000;
202300053769.0;3;17;17415;1;9;1.0;1.0;45,72558600; -0,64767300;
202300053770.0;1;35;35238;2;1;8.0;6.0;48,11534400; -1,67994100;
202300053771.0;1;75;75115;2;2;1.0;3.0;48,84641300;2,28312400;
202300053772.0;1;49;49353;2;1;1.0;1.0;47,45088000; -0,46199000;
202300053773.0;1;974;97407;2;6;1.0;3.0; -20,94522000;55,29275000;
202300053774.0;1;974;97411;2;1;1.0;6.0; -20,87230975;55,45117378;
202300053775.0;1;54;54395;2;1;1.0;3.0;48,70457000;6,16280000;
202300053776.0;5;17;17306;2;6;1.0;7.0;45,63258000; -1,01834000;
202300053777.0;1;66;66136;1;1;1.0;2.0;42,69416000;2,85014000;
202300053778.0;1;72;72181;2;1;1.0;1.0;47,99700000;0,20118000;
202300053779.0;5;47;47001;2;1;1.0;6.0;44,19921000;0,62690000;
202300053780.0;5;974;97407;2;1;1.0;6.0; -20,94840000;55,31729000;
202300053781.0;5;33;33063;2;5;1.0;1.0;44,85507910; -0,57377145;
202300053782.0;3;75;75111;2;2;1.0;3.0;48,86473600;2,38294900;
202300053783.0;1;49;49328;2;1;1.0;6.0;47,27413000; -0,10873000;
202300053784.0;1;973;97302;2;4;1.0;7.0;4,93821134; -52,31676418;
202300053785.0;5;66;66136;2;1;1.0;6.0;42,69481000;2,88908000;
202300053786.0;2;14;14437;1;1;2.0;4.0;49,16145000; -0,30824000;
202300053787.0;5;45;45068;2;6;1.0;2.0;48,01226000;2,73969000;
202300053788.0;5;69;69029;2;1;1.0;3.0;45,74960094;4,91314543;
202300053789.0;1;973;97302;2;1;1.0;3.0;4,93512000; -52,29292000;
202300053790.0;1;33;33119;2;2;1.0;3.0;44,84708000; -0,51023000;
202300053791.0;1;75;75111;2;2;1.0;6.0;48,86376900;2,37012000;
202300053792.0;1;69;69387;2;2;1.0;6.0;45,75303000;4,84509000;
202300053793.0;5;64;64024;2;1;1.0;7.0;43,48245082; -1,50638759;
202300053794.0;1;49;49007;2;2;1.0;3.0;47,45435000; -0,56765000;
202300053795.0;1;13;13214;2;3;1.0;3.0;43,33259692;5,38288842;
202300053796.0;1;987;98715;1;1;1.0;4.0; -17,58400000; -149,56000000;
202300053797.0;1;35;35238;2;5;5.0;1.0;48,09722000; -1,65795000;
202300053798.0;1;69;69385;2;1;1.0;6.0;45,75360000;4,80530000;
202300053799.0;2;69;69259;2;1;1.0;3.0;45,69790000;4,89335000;
202300053800.0;1;49;49007;2;1;1.0;3.0;47,48700000; -0,57295000;
202300053801.0;5;973;97302;2;3;1.0;3.0;4,92958632; -52,31511891;
202300053802.0;1;27;27229;2;3;1.0;2.0;49,00895300;1,16094200;
202300053803.0;5;62;62413;1;3;9.0;3.0;50,46600315;2,90384102;
202300053804.0;2;75;75111;2;2;1.0;3.0;48,85803100;2,37163000;
202300053805.0;3;13;13210;2;1;1.0;1.0;43,27752000;5,39937000;
202300053806.0;5;68;68256;1;1;1.0;6.0;47,75716100;7,30352100;
202300053807.0;3;62;62528;2;1;1.0;7.0;50,45073609;2,75966477;
202300053808.0;1;33;33281;2;6;1.0;6.0;44,85800000; -0,67718000;
202300053809.0;5;44;44109;2;1;1.0;2.0;47,22780000; -1,56131000;
202300053810.0;1;13;13071;2;1;1.0;2.0;43,41442000;5,34893000;
202300053811.0;1;2B;2B037;1;1;1.0;5.0;42,62040800;9,43693000;
202300053812.0;1;75;75108;2;2;1.0;6.0;48,86407100;2,32012400;
202300053813.0;1;69;69389;2;2;1.0;3.0;45,76410825;4,79086848;
202300053814.0;5;13;13201;2;3;1.0;5.0;43,29878000;5,38534000;
202300053815.0;3;77;77185;1;2;1.0;6.0;48,46370900;2,55497600;
202300053816.0;1;66;66136;2;3;1.0;3.0;42,68030000;2,90876000;
202300053817.0;1;42;42044;1;1;1.0;3.0;45,38005600;4,34283900;
202300053818.0;5;95;95680;2;9;1.0;3.0;49,00415366;2,39231470;
202300053819.0;1;13;13208;2;1;1.0;1.0;43,22683000;5,34815000;
202300053820.0;1;27;27375;2;1;1.0;3.0;49,21840000;1,16688000;
202300053821.0;1;62;62510;2;1;3.0;5.0;50,43373833;2,75602609;
202300053822.0;3;13;13005;1;1;1.0;7.0;43,30720996;5,55174131;
202300053823.0;5;2B;2B037;2;3;1.0;3.0;42,62852000;9,42808000;
202300053824.0;1;60;60159;2;3;1.0;6.0;49,41718000;2,82408000;
202300053825.0;1;13;13206;2;2;1.0;3.0;43,29117000;5,38078000;
202300053826.0;1;75;75107;2;2;1.0;3.0;48,86282800;2,31345900;
202300053827.0;5;973;97311;2;3;1.0;3.0;5,47818900; -54,03791800;
202300053828.0;3;64;64335;1;1;3.0;4.0;43,34244491; -0,41138113;
202300053829.0;1;13;13001;1;6;1.0;7.0;43,52359000;5,37580000;
202300053830.0;1;2B;2B033;2;3;1.0;6.0;42,69779000;9,44915000;
202300053831.0;1;13;13054;2;9;1.0;6.0;43,40256000;5,26139000;
202300053832.0;3;971;97115;1;1;1.0;6.0;16,26436500; -61,64500100;
202300053833.0;5;64;64237;1;1;2.0;7.0;43,27860000; -0,37003000;
202300053834.0;5;13;13001;2;6;1.0;6.0;43,52376000;5,43920000;
202300053835.0;5;38;38185;2;2;1.0;3.0;45,18905000;5,70579000;
202300053836.0;5;75;75104;2;2;1.0;3.0;48,85565755;2,34833837;
202300053837.0;1;971;97113;1;1;1.0;6.0;16,22551893; -61,45644128;
202300053838.0;5;59;59360;2;2;8.0;3.0;50,61597000;3,01016000;
202300053839.0;3;11;11069;2;1;1.0;7.0;43,22964000;2,34194000;
202300053840.0;1;45;45108;1;1;2.0;7.0;47,58253300;2,50687800;
202300053841.0;2;83;83034;2;3;1.0;3.0;43,10009000;6,06190000;
202300053842.0;1;37;37261;2;1;1.0;6.0;47,36743000;0,68713000;
202300053843.0;1;971;97101;1;1;1.0;6.0;16,29207000; -61,46369000;
202300053844.0;3;06;06088;2;1;1.0;4.0;43,70000000;7,28000000;
202300053845.0;1;11;11069;2;6;1.0;2.0;43,22042000;2,38034000;
202300053846.0;5;64;64024;2;1;1.0;4.0;43,48247000; -1,50559000;
202300053847.0;1;58;58194;2;1;1.0;6.0;46,99293000;3,16011000;
202300053848.0;3;06;06069;2;1;1.0;2.0;43,65599700;6,92868300;
202300053849.0;1;66;66210;1;1;1.0;7.0;42,64021000;2,73147500;
202300053850.0;1;94;94081;2;1;1.0;3.0;48,77339600;2,36791900;
202300053851.0;1;57;57672;2;1;1.0;6.0;49,35965000;6,13381000;
202300053852.0;1;37;37261;2;2;1.0;3.0;47,42782000;0,67425000;
202300053853.0;5;06;06123;2;9;1.0;1.0;43,66153600;7,19663600;
202300053854.0;1;81;81021;2;2;2.0;5.0;43,49839000;2,37154000;
202300053855.0;1;06;06069;2;1;2.0;7.0;43,65371500;6,93621500;
202300053856.0;1;11;11069;1;1;1.0;5.0;43,21783000;2,38231000;
202300053857.0;1;971;97101;1;9;1.0;3.0;16,27474000; -61,52437000;
202300053858.0;1;62;62193;2;3;2.0;6.0;50,96236000;1,83209000;
202300053859.0;2;94;94067;2;1;1.0;6.0;48,84595000;2,41747000;
202300053860.0;1;84;84026;1;3;1.0;3.0;43,73400300;5,35093200;
202300053861.0;1;10;10387;2;9;1.0;6.0;48,30469000;4,07187000;
202300053862.0;1;95;95019;2;1;1.0;6.0;48,98577000;2,40999000;
202300053863.0;1;37;37261;2;1;1.0;3.0;47,38083000;0,68301000;
202300053864.0;1;95;95527;2;1;3.0;1.0;49,00265568;2,51716733;
202300053865.0;1;56;56260;2;2;8.0;6.0;47,65404000; -2,74901000;
202300053866.0;3;61;61006;1;1;1.0;6.0;48,71384000; -0,00652000;
202300053867.0;1;75;75118;2;2;1.0;3.0;48,89822100;2,35252300;
202300053868.0;1;75;75120;2;3;1.0;2.0;48,86459600;2,40602400;
202300053869.0;1;83;83055;2;1;1.0;6.0;43,59431300;6,68529300;
202300053870.0;1;94;94037;2;1;1.0;6.0;48,81451000;2,33376000;
202300053871.0;1;36;36044;2;1;1.0;6.0;46,81277000;1,68483000;
202300053872.0;1;75;75112;2;1;1.0;3.0;48,84583100;2,41444500;
202300053873.0;1;95;95563;2;3;1.0;3.0;49,02797000;2,24882000;
202300053874.0;1;75;75117;2;1;1.0;6.0;48,89668600;2,31984800;
202300053875.0;1;54;54528;2;1;9.0;3.0;48,67989000;5,87990000;
202300053876.0;1;57;57765;2;1;1.0;6.0;49,16818400;6,70398800;
202300053877.0;5;59;59244;2;4;8.0;3.0;50,17134000;3,20412000;
202300053878.0;1;77;77487;2;2;1.0;3.0;48,53638000;2,70340900;
202300053879.0;1;35;35278;1;1;1.0;7.0;48,14111000; -1,68215000;
202300053880.0;5;75;75119;2;2;1.0;3.0;48,89244677;2,37888068;
202300053881.0;5;75;75106;2;1;1.0;1.0;48,84562900;2,32193200;
202300053882.0;5;94;94034;2;2;1.0;3.0;48,75811000;2,31683000;
202300053883.0;1;75;75116;2;3;8.0;6.0;48,85038400;2,27327900;
202300053884.0;2;56;56121;2;2;2.0;6.0;47,73967200; -3,36894100;
202300053885.0;1;77;77296;2;1;1.0;2.0;48,63169000;2,58179000;
202300053886.0;5;54;54498;2;1;2.0;4.0;48,71391000;6,25083000;
202300053887.0;1;63;63203;1;2;1.0;1.0;45,84531900;3,06151600;
202300053888.0;5;75;75118;2;2;2.0;3.0;48,88981206;2,34292835;
202300053889.0;1;33;33063;1;3;1.0;2.0;44,90679000; -0,55573000;
202300053890.0;1;75;75114;2;3;1.0;3.0;48,83218800;2,32037800;
202300053891.0;1;91;91201;2;1;1.0;4.0;48,68175500;2,42938700;
202300053892.0;1;94;94073;2;9;1.0;3.0;48,77343000;2,39952000;
202300053893.0;4;75;75115;2;2;1.0;3.0;48,84047300;2,29577900;
202300053894.0;2;75;75115;2;3;1.0;7.0;48,84961600;2,28613800;
202300053895.0;2;94;94073;2;1;7.0;6.0;48,76706596;2,38041624;
202300053896.0;1;56;56121;2;6;1.0;3.0;47,74533000; -3,36798000;
202300053897.0;1;38;38565;2;1;1.0;3.0;45,29829800;5,63687600;
202300053898.0;1;91;91114;2;1;1.0;2.0;48,69926000;2,49413000;
202300053899.0;2;75;75115;2;2;1.0;6.0;48,84209219;2,29036376;
202300053900.0;5;33;33063;2;3;1.0;3.0;44,83076000; -0,54467000;
202300053901.0;1;75;75115;2;2;1.0;6.0;48,84306700;2,30683500;
202300053902.0;1;52;52104;1;1;1.0;1.0;48,66409529;4,97842903;
202300053903.0;1;77;77186;1;1;1.0;7.0;48,37038346;2,79244296;
202300053904.0;1;94;94017;2;1;1.0;2.0;48,80709172;2,53506464;
202300053905.0;5;75;75115;2;3;1.0;3.0;48,84157000;2,31831300;
202300053906.0;1;91;91657;2;1;1.0;3.0;48,69198000;2,44276000;
202300053907.0;5;75;75112;2;3;1.0;6.0;48,83995559;2,38232464;
202300053908.0;1;51;51454;2;1;1.0;6.0;49,27051600;4,02511400;
202300053909.0;2;31;31555;2;1;1.0;3.0;43,60839700;1,42420800;
202300053910.0;1;54;54263;2;1;4.0;1.0;49,21036100;5,99099900;
202300053911.0;1;93;93066;2;1;1.0;6.0;48,91986499;2,34349154;
202300053912.0;1;77;77186;1;6;1.0;3.0;48,39718100;2,69266100;
202300053913.0;1;69;69094;2;1;2.0;1.0;45,75837700;4,69779300;
202300053914.0;1;75;75115;2;2;1.0;6.0;48,84914700;2,29798600;
202300053915.0;1;50;50218;2;1;1.0;6.0;48,83803000; -1,58285000;
202300053916.0;5;75;75115;2;3;1.0;3.0;48,84440400;2,30875700;
202300053917.0;1;29;29019;2;1;2.0;3.0;48,39309000; -4,48439000;
202300053918.0;1;46;46100;1;1;1.0;6.0;44,55797849;2,02599049;
202300053919.0;1;51;51454;2;1;1.0;2.0;49,24833000;4,03551000;
202300053920.0;5;75;75111;2;7;2.0;6.0;48,84909919;2,39472717;
202300053921.0;1;72;72181;2;1;1.0;6.0;47,99400000;0,23400000;
202300053922.0;1;93;93055;2;1;1.0;6.0;48,89418391;2,41827477;
202300053923.0;1;91;91027;2;2;1.0;3.0;48,71616000;2,37081000;
202300053924.0;5;27;27229;2;1;1.0;6.0;49,03286900;1,14526600;
202300053925.0;2;49;49007;2;3;2.0;1.0;47,48108000; -0,53360000;
202300053926.0;5;75;75111;2;3;1.0;3.0;48,85535200;2,38431200;
202300053927.0;1;75;75114;2;3;1.0;3.0;48,82469400;2,32589100;
202300053928.0;2;09;09082;1;1;8.0;6.0;42,99536900;1,32183200;
202300053929.0;1;93;93050;2;1;1.0;6.0;48,85807300;2,52438000;
202300053930.0;2;50;50129;2;1;1.0;6.0;49,63823000; -1,62632000;
202300053931.0;1;72;72181;2;9;1.0;2.0;48,03197000;0,18261000;
202300053932.0;5;75;75107;2;3;2.0;7.0;48,85810500;2,30145000;
202300053933.0;3;86;86158;2;1;1.0;6.0;46,62971000;0,35599000;
202300053934.0;1;19;19272;2;1;1.0;7.0;45,27159456;1,77626610;
202300053935.0;1;45;45234;2;1;1.0;3.0;47,90564000;1,89765000;
202300053936.0;1;75;75111;2;2;1.0;6.0;48,86458900;2,37803400;
202300053937.0;2;93;93048;2;1;1.0;6.0;48,86580996;2,43682236;
202300053938.0;1;75;75110;2;3;1.0;2.0;48,87578400;2,35651300;
202300053939.0;1;71;71306;2;1;1.0;6.0;46,67341000;4,36130000;
202300053940.0;3;50;50129;1;3;2.0;3.0;49,61383000; -1,65587000;
202300053941.0;1;94;94076;2;2;8.0;3.0;48,79607014;2,36834630;
202300053942.0;1;31;31187;1;6;1.0;3.0;43,52782300;1,20939300;
202300053943.0;1;17;17415;2;1;1.0;2.0;45,74109840; -0,63997149;
202300053944.0;5;45;45298;2;1;2.0;6.0;47,89289000;1,87853000;
202300053945.0;1;83;83069;2;1;1.0;1.0;43,08449863;6,11172295;
202300053946.0;1;93;93048;2;1;1.0;6.0;48,86008372;2,44334904;
202300053947.0;1;75;75110;2;2;1.0;7.0;48,88305500;2,36162400;
202300053948.0;1;75;75103;2;2;1.0;3.0;48,85580800;2,36848100;
202300053949.0;5;49;49353;2;1;1.0;1.0;47,45449000; -0,48316000;
202300053950.0;5;93;93008;2;3;8.0;6.0;48,91080000;2,46600000;
202300053951.0;1;69;69286;2;2;1.0;3.0;45,81493000;4,89362000;
202300053952.0;3;45;45004;1;1;2.0;6.0;47,98637000;2,81074000;
202300053953.0;5;81;81004;2;1;1.0;6.0;43,92012876;2,13530606;
202300053954.0;2;86;86036;1;1;1.0;3.0;47,05302400;0,07323500;
202300053955.0;1;93;93008;2;1;1.0;6.0;48,90980100;2,45712400;
202300053956.0;1;13;13204;2;1;1.0;3.0;43,30860000;5,39692000;
202300053957.0;5;75;75110;2;2;1.0;7.0;48,87651700;2,35621000;
202300053958.0;1;92;92020;2;1;2.0;6.0;48,80490100;2,28288400;
202300053959.0;5;49;49007;2;1;1.0;3.0;47,48678000; -0,51357000;
202300053960.0;1;94;94022;2;1;1.0;5.0;48,76204403;2,41110668;
202300053961.0;3;33;33554;1;1;1.0;6.0;44,87653100; -0,46813100;
202300053962.0;2;69;69092;2;3;2.0;3.0;45,99557000;4,70160000;
202300053963.0;1;80;80021;2;1;1.0;1.0;49,92499000;2,29865000;
202300053964.0;5;93;93007;2;9;1.0;6.0;48,94853738;2,45322447;
202300053965.0;1;13;13212;2;1;1.0;6.0;43,30072547;5,46747753;
202300053966.0;1;45;45338;2;6;1.0;3.0;47,99189000;2,69383000;
202300053967.0;1;75;75108;2;7;1.0;6.0;48,87910247;2,32345551;
202300053968.0;5;92;92024;2;3;1.0;3.0;48,90608000;2,31292000;
202300053969.0;1;62;62443;2;6;3.0;6.0;50,45189600;2,63704600;
202300053970.0;5;94;94079;2;6;1.0;2.0;48,82258397;2,54112133;
202300053971.0;5;45;45234;1;1;2.0;4.0;47,83751000;1,91555000;
202300053972.0;1;44;44184;2;7;1.0;6.0;47,28533000; -2,21163000;
202300053973.0;2;62;62865;1;1;1.0;6.0;50,31921300;2,99657500;
202300053974.0;1;77;77169;2;3;1.0;3.0;48,81366000;2,62170000;
202300053975.0;1;68;68149;2;3;1.0;3.0;47,59036100;7,57296700;
202300053976.0;1;94;94002;2;9;1.0;6.0;48,80362829;2,41820616;
202300053977.0;5;92;92078;2;2;1.0;3.0;48,93487523;2,32497329;
202300053978.0;1;75;75108;2;2;1.0;2.0;48,87011000;2,30665500;
202300053979.0;1;45;45274;1;3;1.0;7.0;47,87177723;1,94968557;
202300053980.0;5;13;13063;2;1;1.0;2.0;43,58236980;5,00124952;
202300053981.0;1;42;42095;2;1;1.0;6.0;45,38873517;4,29112516;
202300053982.0;5;33;33063;1;1;1.0;2.0;44,88077648; -0,54187194;
202300053983.0;3;67;67103;1;3;2.0;3.0;48,80954800;7,42255200;
202300053984.0;5;44;44109;2;1;2.0;6.0;47,26154138; -1,50861894;
202300053985.0;1;92;92050;2;1;1.0;6.0;48,89069898;2,22735420;
202300053986.0;1;77;77114;1;1;1.0;4.0;48,74274000;2,70244000;
202300053987.0;1;75;75108;2;2;1.0;6.0;48,87417500;2,31757800;
202300053988.0;1;67;67482;2;3;1.0;3.0;48,59890000;7,77340000;
202300053989.0;1;93;93027;2;2;1.0;3.0;48,92601754;2,39669050;
202300053990.0;3;11;11069;2;1;1.0;3.0;43,21237000;2,31850000;
202300053991.0;1;42;42223;2;1;1.0;6.0;45,44621000;4,33618000;
202300053992.0;1;91;91228;1;1;1.0;3.0;48,62900000;2,41195000;
202300053993.0;1;92;92007;2;1;1.0;3.0;48,81036903;2,31158685;
202300053994.0;1;77;77243;2;2;1.0;2.0;48,87300000;2,68700000;
202300053995.0;2;973;97353;2;3;1.0;7.0;3,64444800; -54,03430200;
202300053996.0;1;93;93057;2;2;1.0;2.0;48,90950793;2,51491002;
202300053997.0;5;39;39362;2;1;1.0;6.0;46,67782700;5,54277700;
202300053998.0;5;41;41269;2;3;3.0;1.0;47,78224000;1,06997000;
202300053999.0;5;06;06088;2;1;1.0;3.0;43,70371000;7,27564000;
202300054000.0;1;67;67462;2;3;1.0;3.0;48,25867000;7,44871000;
202300054001.0;1;75;75107;2;7;1.0;3.0;48,86072600;2,31875900;
202300054002.0;1;18;18032;1;1;1.0;7.0;47,42240700;2,89459200;
202300054003.0;3;38;38185;1;1;1.0;6.0;45,20661000;5,68815000;
202300054004.0;3;91;91161;1;1;3.0;4.0;48,69639900;2,31684300;
202300054005.0;5;92;92026;2;2;1.0;6.0;48,89683000;2,26482000;
202300054006.0;1;93;93007;2;3;1.0;3.0;48,93898000;2,46122000;
202300054007.0;1;06;06029;2;2;1.0;3.0;43,55489000;6,97221000;
202300054008.0;1;76;76165;2;6;1.0;4.0;49,28921200;1,03562800;
202300054009.0;3;972;97232;2;1;1.0;6.0;14,54229400; -60,83250600;
202300054010.0;5;38;38563;2;2;1.0;6.0;45,36768000;5,58935000;
202300054011.0;1;75;75102;2;2;1.0;3.0;48,86386900;2,34896600;
202300054012.0;1;67;67180;1;1;1.0;1.0;48,81625000;7,82331700;
202300054013.0;5;92;92077;2;1;1.0;6.0;48,82805000;2,19286000;
202300054014.0;3;91;91477;1;1;3.0;2.0;48,71817000;2,26128000;
202300054015.0;1;92;92026;2;1;1.0;2.0;48,89742519;2,26643407;
202300054016.0;2;38;38185;2;1;2.0;2.0;45,18044000;5,72346000;
202300054017.0;1;37;37261;2;1;8.0;7.0;47,40162804;0,70143521;
202300054018.0;1;76;76540;2;9;1.0;2.0;49,43724000;1,07208000;
202300054019.0;3;77;77182;2;3;1.0;6.0;48,77962400;3,30399300;
202300054020.0;1;75;75103;2;2;8.0;3.0;48,86456700;2,36582200;
202300054021.0;1;92;92062;2;9;1.0;3.0;48,88402667;2,22547000;
202300054022.0;1;64;64125;2;1;1.0;3.0;43,45010000; -1,56180000;
202300054023.0;3;92;92025;1;1;8.0;6.0;48,93542176;2,26058310;
202300054024.0;1;37;37122;1;1;8.0;6.0;47,33092000;0,67611000;
202300054025.0;1;75;75118;2;1;1.0;3.0;48,90065400;2,36979800;
202300054026.0;1;76;76131;1;1;1.0;1.0;49,34652429;0,93302250;
202300054027.0;1;92;92024;2;2;1.0;3.0;48,90849676;2,30009179;
202300054028.0;1;35;35051;1;1;2.0;6.0;48,14295011; -1,62711918;
202300054029.0;1;92;92025;2;1;1.0;3.0;48,93119901;2,26709872;
202300054030.0;3;14;14649;1;1;2.0;6.0;48,86748300; -0,20319600;
202300054031.0;1;64;64024;2;2;1.0;3.0;43,48738000; -1,53637000;
202300054032.0;2;94;94081;2;3;1.0;3.0;48,79977000;2,41355000;
202300054033.0;3;94;94081;1;1;2.0;4.0;48,77409978;2,40896160;
202300054034.0;1;37;37214;2;1;1.0;4.0;47,42922000;0,64872000;
202300054035.0;1;75;75112;2;1;1.0;2.0;48,83356900;2,40834100;
202300054036.0;5;92;92012;2;1;1.0;6.0;48,82986000;2,23094000;
202300054037.0;2;92;92023;2;3;1.0;3.0;48,80419745;2,25802615;
202300054038.0;5;34;34172;2;9;1.0;3.0;43,61561000;3,85622000;
202300054039.0;1;76;76351;2;3;1.0;5.0;49,52702000;0,12994000;
202300054040.0;3;94;94046;1;1;1.0;6.0;48,80408662;2,44863620;
202300054041.0;1;34;34172;2;1;2.0;6.0;43,61769000;3,83970000;
202300054042.0;5;76;76351;2;1;1.0;7.0;49,50384000;0,13057300;
202300054043.0;1;34;34172;2;1;1.0;6.0;43,60199900;3,86828000;
202300054044.0;1;59;59512;2;1;1.0;5.0;50,69099800;3,19629700;
202300054045.0;3;80;80476;1;1;2.0;7.0;50,03268600;1,89002400;
202300054046.0;1;92;92002;2;2;1.0;3.0;48,75087000;2,30610000;
202300054047.0;1;75;75112;2;1;1.0;2.0;48,83193400;2,40509200;
202300054048.0;1;92;92012;2;3;1.0;3.0;48,83441875;2,25809745;
202300054049.0;5;74;74012;2;1;1.0;6.0;46,19524000;6,23603000;
202300054050.0;5;94;94068;2;2;1.0;2.0;48,79404800;2,50740700;
202300054051.0;3;60;60351;1;1;1.0;6.0;49,54540000;2,66457100;
202300054052.0;1;59;59350;2;9;1.0;6.0;50,64479000;2,98014000;
202300054053.0;1;76;76351;2;3;1.0;3.0;49,49769000;0,13690000;
202300054054.0;3;71;71583;1;1;1.0;6.0;46,26138800;4,79253600;
202300054055.0;2;33;33249;2;2;2.0;6.0;44,87287000; -0,52493000;
202300054056.0;1;75;75118;2;1;1.0;3.0;48,90111800;2,35484100;
202300054057.0;1;74;74010;2;1;1.0;6.0;45,91913000;6,13021000;
202300054058.0;1;82;82117;1;1;1.0;1.0;44,33892600;0,96337200;
202300054059.0;2;60;60036;1;6;1.0;7.0;49,38791800;2,57787100;
202300054060.0;2;33;33063;2;2;2.0;3.0;44,83199000; -0,56573000;
202300054061.0;1;94;94058;2;3;1.0;6.0;48,83724300;2,49561700;
202300054062.0;1;59;59273;2;1;1.0;7.0;50,98097000;2,14625000;
202300054063.0;3;973;97308;1;1;1.0;6.0;3,90475100; -51,81480400;
202300054064.0;5;75;75113;2;1;2.0;7.0;48,81720000;2,36625400;
202300054065.0;1;74;74010;2;1;1.0;6.0;45,90841000;6,12149000;
202300054066.0;3;11;11104;1;1;1.0;7.0;42,69196864;2,23214312;
202300054067.0;1;31;31557;2;9;1.0;6.0;43,58425000;1,34696000;
202300054068.0;5;76;76114;2;2;1.0;3.0;49,56096200;0,47322300;
202300054069.0;1;24;24236;1;1;1.0;5.0;45,17108600;0,56708300;
202300054070.0;3;33;33192;2;6;3.0;3.0;44,76786000; -0,61169000;
202300054071.0;1;94;94017;2;1;1.0;2.0;48,81157403;2,51454896;
202300054072.0;3;50;50407;1;1;1.0;7.0;48,60927800; -1,33453800;
202300054073.0;3;22;22107;1;1;2.0;7.0;48,23675100; -3,12257400;
202300054074.0;1;75;75120;2;1;1.0;2.0;48,86876500;2,41346700;
202300054075.0;1;31;31555;2;1;1.0;6.0;43,59689514;1,42620295;
202300054076.0;1;63;63430;2;1;1.0;6.0;45,86560000;3,58470000;
202300054077.0;1;81;81132;2;1;1.0;6.0;43,64341300;2,04587100;
202300054078.0;1;54;54253;1;2;1.0;6.0;49,20074000;5,90559000;
202300054079.0;1;57;57383;1;1;1.0;6.0;48,72751200;6,89875900;
202300054080.0;1;44;44048;2;1;2.0;6.0;47,38724000; -1,31111700;
202300054081.0;2;32;32013;2;6;2.0;3.0;43,66119000;0,59920000;
202300054082.0;1;94;94071;2;6;1.0;3.0;48,77460000;2,51085000;
202300054083.0;1;30;30007;2;1;8.0;6.0;44,12134000;4,07572000;
202300054084.0;1;75;75115;2;2;1.0;3.0;48,83768100;2,30781800;
202300054085.0;1;49;49099;2;2;1.0;6.0;47,05428000; -0,88065000;
202300054086.0;1;11;11203;1;2;1.0;3.0;43,23031300;2,79555900;
202300054087.0;5;73;73008;2;6;1.0;2.0;45,69550000;5,90712000;
202300054088.0;1;95;95566;2;1;1.0;2.0;49,10735130;2,34998841;
202300054089.0;1;94;94048;2;1;1.0;6.0;48,74200000;2,56113000;
202300054090.0;1;31;31555;2;1;8.0;7.0;43,60456000;1,40009000;
202300054091.0;1;23;23001;1;1;2.0;6.0;46,08848700;2,05444300;
202300054092.0;1;01;01225;1;1;8.0;1.0;46,05836500;4,76930000;
202300054093.0;5;13;13208;2;1;1.0;5.0;43,26604000;5,38126000;
202300054094.0;3;67;67508;1;1;1.0;7.0;48,96382200;7,13999700;
202300054095.0;1;27;27229;2;3;2.0;3.0;49,03340000;1,13008000;
202300054096.0;1;75;75118;2;3;1.0;3.0;48,88489200;2,35934300;
202300054097.0;1;69;69266;2;2;1.0;3.0;45,76932000;4,88025000;
202300054098.0;3;71;71224;1;1;1.0;7.0;46,51100500;4,25928400;
202300054099.0;5;49;49007;2;2;1.0;3.0;47,47153000; -0,60007000;
202300054100.0;2;22;22113;1;9;2.0;6.0;48,75375849; -3,51986691;
202300054101.0;1;83;83048;1;1;1.0;1.0;43,19089400;6,56699200;
202300054102.0;1;83;83005;1;1;1.0;6.0;43,68685100;6,10943400;
202300054103.0;5;94;94004;2;2;2.0;3.0;48,74699000;2,51021000;
202300054104.0;1;75;75116;2;1;1.0;6.0;48,85944100;2,27940600;
202300054105.0;5;974;97416;2;1;1.0;6.0; -21,33420000;55,47166000;
202300054106.0;1;18;18033;2;9;1.0;3.0;47,07966500;2,39012400;
202300054107.0;1;25;25524;1;9;1.0;7.0;47,44846400;6,65730700;
202300054108.0;5;15;15014;2;1;3.0;6.0;44,91013900;2,42549500;
202300054109.0;3;971;97109;1;1;1.0;6.0;15,99453444; -61,70912147;
202300054110.0;3;36;36224;1;1;3.0;6.0;46,71682241;0,95371036;