Num_Acc;lum;departement;commune;agglomeration;intersection;meteo;type_collision;lat;long;date
202300054111.0;3;45;45147;2;6;1.0;6.0;47,92879000;1,90619000;
202300054112.0;1;69;69266;2;2;1.0;5.0;45,75816000;4,88519000;
202300054113.0;1;84;84099;1;1;1.0;7.0;43,86804300;5,08379500;
202300054114.0;1;94;94002;2;3;1.0;2.0;48,78467400;2,42141600;
202300054115.0;1;35;35096;2;1;1.0;6.0;48,07106207; -1,39270082;
202300054116.0;1;75;75115;2;3;1.0;6.0;48,82993000;2,29564700;
202300054117.0;3;974;97411;1;1;1.0;6.0; -20,88126763;55,39486885;
202300054118.0;5;15;15014;2;3;2.0;3.0;44,91106000;2,42713000;
202300054119.0;3;27;27204;2;3;2.0;6.0;49,32365400;1,60242700;
202300054120.0;5;14;14137;2;3;1.0;3.0;49,18718000; -0,42569000;
202300054121.0;5;44;44132;2;6;1.0;3.0;47,26133000; -2,34156000;
202300054122.0;1;38;38416;2;3;1.0;1.0;45,15077300;5,31646000;
202300054123.0;1;88;88361;1;1;1.0;7.0;48,33221100;7,09579500;
202300054124.0;1;75;75114;2;3;1.0;6.0;48,83024700;2,32589300;
202300054125.0;1;974;97411;2;1;1.0;3.0; -20,89129000;55,46682000;
202300054126.0;1;93;93078;2;6;1.0;3.0;48,94667500;2,55534500;
202300054127.0;1;15;15012;1;1;3.0;6.0;44,89236000;2,46741000;
202300054128.0;1;14;14101;1;4;1.0;2.0;49,16459600; -0,42900900;
202300054129.0;1;69;69029;2;2;1.0;3.0;45,75080909;4,90857320;
202300054130.0;1;14;14137;1;3;1.0;3.0;49,18718000; -0,42569000;
202300054131.0;1;41;41295;2;2;1.0;3.0;47,58296000;1,37944000;
202300054132.0;1;70;70433;2;3;1.0;3.0;47,61599600;6,18454600;
202300054133.0;3;12;12270;1;1;1.0;6.0;44,35954300;3,11659800;
202300054134.0;3;88;88122;1;1;1.0;6.0;48,21760300;6,28104700;
202300054135.0;1;13;13054;2;1;1.0;1.0;43,41760000;5,21947000;
202300054136.0;5;973;97302;2;1;1.0;3.0;4,93094669; -52,30572903;
202300054137.0;1;75;75114;2;3;1.0;3.0;48,83500400;2,32400800;
202300054138.0;5;93;93070;2;3;1.0;6.0;48,90391900;2,34415000;
202300054139.0;1;58;58025;2;1;1.0;6.0;46,86506900;3,32305800;
202300054140.0;3;50;50393;1;1;2.0;6.0;48,90347600; -1,16302700;
202300054141.0;5;38;38185;2;1;1.0;1.0;45,18682000;5,71863000;
202300054142.0;5;987;98734;1;1;1.0;6.0; -17,71200000; -149,50800000;
202300054143.0;1;69;69259;2;2;1.0;3.0;45,69340000;4,87130000;
202300054144.0;1;14;14261;1;1;1.0;6.0;49,24231905;0,31881809;
202300054145.0;5;13;13207;2;1;1.0;7.0;43,27276000;5,36300000;
202300054146.0;2;972;97209;2;1;1.0;2.0;14,62979200; -61,07238600;
202300054147.0;1;75;75113;2;2;1.0;3.0;48,83104000;2,37759200;
202300054148.0;1;93;93059;2;3;1.0;3.0;48,95880000;2,35858000;
202300054149.0;1;50;50095;1;2;3.0;1.0;49,08963500; -1,11938200;
202300054150.0;5;31;31395;2;6;1.0;2.0;43,47473700;1,32214934;
202300054151.0;2;14;14118;2;1;1.0;4.0;49,20200600; -0,35164900;
202300054152.0;1;38;38179;2;3;1.0;3.0;45,18814000;5,77728000;
202300054153.0;1;67;67482;2;3;1.0;1.0;48,58173000;7,70723000;
202300054154.0;1;36;36180;2;4;1.0;3.0;46,73123041;1,96571857;
202300054155.0;1;69;69149;2;2;2.0;6.0;45,71556000;4,80881000;
202300054156.0;1;23;23015;2;1;1.0;6.0;46,36567300;1,50247700;
202300054157.0;1;93;93064;2;2;7.0;6.0;48,88028079;2,47824276;
202300054158.0;1;37;37122;2;1;1.0;6.0;47,36131000;0,68470000;
202300054159.0;1;75;75112;2;3;1.0;6.0;48,83361200;2,39489700;
202300054160.0;1;10;10325;2;6;8.0;1.0;48,26414000;4,07840000;
202300054161.0;1;06;06088;1;1;1.0;2.0;43,70003900;7,18832000;
202300054162.0;2;67;67482;2;3;1.0;3.0;48,56640000;7,72040000;
202300054163.0;1;34;34270;1;3;1.0;2.0;43,56474400;3,85018800;
202300054164.0;1;14;14118;2;1;1.0;6.0;49,19253700; -0,39328000;
202300054165.0;1;21;21663;2;1;1.0;3.0;47,53798148;4,46220099;
202300054166.0;1;69;69382;2;2;1.0;3.0;45,74450000;4,81950000;
202300054167.0;2;93;93051;2;1;7.0;6.0;48,83733000;2,54662000;
202300054168.0;1;34;34301;2;1;1.0;3.0;43,41022000;3,70762000;
202300054169.0;1;10;10387;2;1;1.0;6.0;48,29530000;4,08007000;
202300054170.0;1;65;65440;2;1;1.0;6.0;43,24664000;0,07312000;
202300054171.0;5;75;75110;2;3;2.0;3.0;48,87781200;2,36161600;
202300054172.0;1;971;97113;1;1;1.0;6.0;16,22353073; -61,52360916;
202300054173.0;1;37;37160;1;1;1.0;2.0;47,55516300;1,01344600;
202300054174.0;3;02;02280;1;1;9.0;6.0;49,10357300;3,45733500;
202300054175.0;4;13;13117;2;3;1.0;3.0;43,47618000;5,23412000;
202300054176.0;1;21;21150;1;4;1.0;1.0;46,93429000;4,73887300;
202300054177.0;1;92;92075;2;3;1.0;3.0;48,81739500;2,28636900;
202300054178.0;5;10;10387;2;1;2.0;2.0;48,28583000;4,07479000;
202300054179.0;1;64;64260;2;6;1.0;2.0;43,36234000; -1,76199000;
202300054180.0;1;94;94046;2;2;1.0;1.0;48,81061000;2,45653000;
202300054181.0;1;95;95352;1;1;1.0;1.0;49,10721800;2,42688400;
202300054182.0;1;976;97617;1;1;1.0;1.0; -12,78743500;45,13998400;
202300054183.0;1;09;09121;2;9;9.0;6.0;42,94688400;1,61705900;
202300054184.0;1;24;24153;1;2;1.0;6.0;45,07750200;1,33298800;
202300054185.0;1;92;92072;2;1;1.0;2.0;48,82859000;2,22472000;
202300054186.0;5;13;13019;2;1;1.0;5.0;43,41853000;5,36067000;
202300054187.0;1;94;94002;2;1;1.0;6.0;48,78422000;2,42389800;
202300054188.0;1;56;56240;2;1;1.0;2.0;47,52664900; -2,77037300;
202300054189.0;1;91;91103;2;9;1.0;3.0;48,58794000;2,30698000;
202300054190.0;4;64;64024;2;3;1.0;3.0;43,49522000; -1,53503000;
202300054191.0;1;87;87187;1;1;1.0;2.0;45,54125500;1,20739100;
202300054192.0;1;34;34129;1;3;1.0;5.0;43,57447000;3,92239000;
202300054193.0;1;92;92049;2;5;1.0;3.0;48,80990000;2,31733000;
202300054194.0;5;06;06123;2;3;1.0;3.0;43,66005670;7,18346000;
202300054195.0;1;13;13207;2;1;1.0;3.0;43,29236000;5,36559000;
202300054196.0;5;988;98804;2;3;1.0;6.0; -21,51881800;165,95555700;
202300054197.0;1;94;94002;2;2;1.0;1.0;48,81449000;2,41531900;
202300054198.0;1;2A;2A362;2;2;1.0;1.0;41,69880800;9,35365700;
202300054199.0;1;64;64102;2;1;1.0;1.0;43,47916000; -1,45575000;
202300054200.0;1;13;13069;1;1;1.0;2.0;43,62758800;5,14448800;
202300054201.0;1;83;83137;2;1;1.0;2.0;43,12104000;5,94060000;
202300054202.0;5;33;33063;2;1;1.0;4.0;44,84080000; -0,58091000;
202300054203.0;4;13;13207;2;1;1.0;1.0;43,28358488;5,35019724;
202300054204.0;1;92;92062;2;1;1.0;3.0;48,89017371;2,23989129;
202300054205.0;5;75;75117;2;2;2.0;3.0;48,89773100;2,32901800;
202300054206.0;1;33;33214;1;1;1.0;1.0;45,04344800; -1,17394900;
202300054207.0;1;62;62907;2;1;1.0;3.0;50,47799100;3,00118200;
202300054208.0;1;92;92062;2;1;1.0;1.0;48,89024200;2,24175300;
202300054209.0;1;2B;2B207;1;9;1.0;3.0;42,45359200;9,50435400;
202300054210.0;1;06;06018;2;1;1.0;3.0;43,61746600;7,11337400;
202300054211.0;1;62;62274;1;9;1.0;6.0;50,44006300;2,99111300;
202300054212.0;1;66;66088;1;1;1.0;1.0;42,66224100;2,64304910;
202300054213.0;5;75;75117;2;7;1.0;1.0;48,88041400;2,30879400;
202300054214.0;1;83;83144;1;9;1.0;3.0;43,14313000;6,01565000;
202300054215.0;5;33;33529;1;1;1.0;2.0;44,55701000; -1,15314000;
202300054216.0;1;92;92026;2;9;1.0;2.0;48,89991465;2,26834042;
202300054217.0;5;13;13028;2;6;8.0;3.0;43,19262000;5,60925000;
202300054218.0;1;93;93072;2;3;1.0;5.0;48,96795000;2,37767000;
202300054219.0;1;75;75116;2;1;1.0;6.0;48,86484400;2,29693100;
202300054220.0;1;17;17139;1;1;1.0;2.0;46,11909000; -0,53270800;
202300054221.0;2;62;62413;2;4;1.0;3.0;50,44448000;2,90506000;
202300054222.0;1;32;32013;1;1;1.0;7.0;43,62145000;0,56481000;
202300054223.0;3;07;07008;1;1;1.0;6.0;44,71218000;4,62418000;
202300054224.0;1;2B;2B077;1;1;1.0;2.0;42,47297500;9,49743900;
202300054225.0;5;38;38507;2;9;1.0;2.0;45,74967600;5,18446300;
202300054226.0;1;93;93064;2;1;1.0;6.0;48,87570020;2,49828994;
202300054227.0;1;92;92012;2;2;1.0;1.0;48,82557790;2,24189624;
202300054228.0;1;68;68278;2;1;1.0;2.0;47,74426600;7,41273000;
202300054229.0;1;62;62263;1;1;1.0;1.0;50,26148000;2,69672000;
202300054230.0;1;07;07102;2;1;1.0;6.0;44,93677000;4,87289000;
202300054231.0;1;83;83069;2;3;1.0;1.0;43,12278100;6,14359400;
202300054232.0;1;71;71230;2;1;1.0;6.0;46,60423700;4,07107800;
202300054233.0;2;93;93048;2;1;1.0;6.0;48,87772653;2,45963126;
202300054234.0;1;75;75115;2;2;1.0;3.0;48,84299500;2,31279700;
202300054235.0;2;27;27003;2;1;1.0;6.0;49,17346200;1,17489900;
202300054236.0;5;31;31555;2;1;1.0;2.0;43,63457000;1,47809000;
202300054237.0;1;92;92007;2;3;1.0;6.0;48,79922285;2,32282117;
202300054238.0;1;93;93048;2;1;1.0;6.0;48,85824500;2,44745600;
202300054239.0;5;60;60057;2;2;1.0;3.0;49,42890000;2,08548000;
202300054240.0;1;75;75115;2;3;1.0;6.0;48,84245600;2,31108600;
202300054241.0;1;06;06088;2;7;1.0;1.0;43,71972480;7,26225860;
202300054242.0;1;29;29232;2;1;1.0;6.0;47,98654976; -4,12439793;
202300054243.0;1;83;83061;2;1;1.0;3.0;43,39894020;6,72971928;
202300054244.0;3;59;59388;1;3;1.0;3.0;50,55927200;2,87570900;
202300054245.0;3;71;71195;1;2;1.0;3.0;46,50613200;4,91688100;
202300054246.0;5;92;92007;2;1;1.0;6.0;48,80052000;2,32337000;
202300054247.0;1;93;93032;2;3;1.0;6.0;48,88316526;2,52745494;
202300054248.0;2;13;13001;1;1;7.0;3.0;43,53439400;5,36222900;
202300054249.0;5;60;60057;2;2;1.0;6.0;49,42786122;2,08846021;
202300054250.0;4;29;29151;2;1;1.0;6.0;48,57570400; -3,83236400;
202300054251.0;1;05;05061;2;1;1.0;6.0;44,56355000;6,08935000;
202300054252.0;1;13;13028;1;1;1.0;6.0;43,20470000;5,59070000;
202300054253.0;1;75;75114;2;7;1.0;2.0;48,82802700;2,32679100;
202300054254.0;3;13;13078;1;1;5.0;1.0;43,40744800;4,79012500;
202300054255.0;1;987;98735;2;1;3.0;3.0; -17,72200000; -149,39900000;
202300054256.0;1;93;93001;2;1;1.0;6.0;48,91182367;2,37963706;
202300054257.0;1;59;59632;1;1;1.0;3.0;50,36381000;3,39633000;
202300054258.0;1;49;49029;1;2;1.0;3.0;47,37384000; -0,36999000;
202300054259.0;1;05;05061;2;3;1.0;6.0;44,54419000;6,06583000;
202300054260.0;3;13;13043;1;1;1.0;7.0;43,38218353;5,22683418;
202300054261.0;1;29;29254;2;1;1.0;1.0;48,57539614; -3,85588457;
202300054262.0;5;75;75114;2;3;2.0;3.0;48,83403000;2,32435100;
202300054263.0;5;93;93001;2;1;1.0;3.0;48,91326000;2,38268000;
202300054264.0;1;59;59286;2;1;1.0;3.0;50,61048000;2,97416000;
202300054265.0;1;27;27507;1;1;1.0;3.0;48,88331600;1,26340600;
202300054266.0;2;75;75117;2;1;1.0;2.0;48,88024400;2,28170100;
202300054267.0;5;29;29019;2;6;2.0;7.0;48,38290318; -4,48817253;
202300054268.0;1;86;86298;1;4;2.0;1.0;46,71574100;0,55561700;
202300054269.0;1;92;92073;2;1;1.0;6.0;48,87624400;2,22915400;
202300054270.0;1;77;77449;1;1;8.0;7.0;48,85755000;2,79607000;
202300054271.0;1;59;59350;2;2;1.0;3.0;50,63369000;3,04148000;
202300054272.0;5;75;75112;2;9;2.0;1.0;48,84703643;2,37552524;
202300054273.0;1;86;86068;2;1;1.0;1.0;46,20814500;0,16347100;
202300054274.0;1;78;78478;1;1;1.0;6.0;48,47569300;1,85372100;
202300054275.0;3;33;33143;1;1;1.0;4.0;44,96679000; -0,43841700;
202300054276.0;1;75;75115;2;1;1.0;5.0;48,83189700;2,28169000;
202300054277.0;1;92;92012;2;2;1.0;6.0;48,82884200;2,24619700;
202300054278.0;1;22;22055;2;1;1.0;3.0;48,61200900; -2,82909800;
202300054279.0;1;77;77111;2;6;1.0;3.0;48,85588500;2,77052000;
202300054280.0;2;59;59574;2;3;1.0;3.0;50,37099000;3,26776000;
202300054281.0;3;52;52332;1;1;5.0;2.0;47,97719300;5,49896800;
202300054282.0;1;2B;2B148;2;6;1.0;2.0;42,55021900;9,45967900;
202300054283.0;1;75;75109;2;2;1.0;3.0;48,87149400;2,34308900;
202300054284.0;1;26;26362;2;1;1.0;6.0;44,93247000;4,89612000;
202300054285.0;3;33;33167;1;1;1.0;2.0;44,83522600; -0,50005300;
202300054286.0;5;75;75116;2;1;1.0;5.0;48,86027700;2,26337300;
202300054287.0;2;89;89257;2;1;1.0;6.0;47,95870600;3,52984100;
202300054288.0;1;59;59329;1;6;1.0;3.0;50,34749000;3,09010000;
202300054289.0;1;35;35284;1;2;1.0;3.0;48,61125700; -1,94181200;
202300054290.0;1;25;25462;2;1;1.0;6.0;46,90314000;6,35636000;
202300054291.0;1;75;75109;2;5;1.0;6.0;48,87503463;2,34085500;
202300054292.0;5;76;76322;2;3;1.0;1.0;49,41380440;1,03430271;
202300054293.0;2;68;68145;2;3;1.0;5.0;48,08003600;7,39789200;
202300054294.0;2;08;08435;1;1;5.0;2.0;49,45188300;4,29850800;
202300054295.0;5;94;94034;1;1;2.0;4.0;48,76061147;2,31935953;
202300054296.0;1;21;21464;2;6;1.0;1.0;47,13596200;4,95500400;
202300054297.0;1;75;75108;2;2;1.0;7.0;48,88257100;2,32337800;
202300054298.0;5;75;75120;2;3;1.0;2.0;48,87197600;2,39187600;
202300054299.0;1;76;76681;1;1;3.0;7.0;49,41007038;1,10852480;
202300054300.0;1;58;58194;2;3;1.0;3.0;46,98810593;3,12677815;
202300054301.0;1;974;97404;1;1;1.0;3.0; -21,26733168;55,33458620;
202300054302.0;1;38;38013;2;3;1.0;3.0;45,40016800;5,48421600;
202300054303.0;5;30;30254;2;1;1.0;3.0;44,06392200;4,72342400;
202300054304.0;1;22;22278;2;1;1.0;6.0;48,52487000; -2,78615000;
202300054305.0;1;67;67122;1;9;1.0;7.0;48,63514200;7,30948100;
202300054306.0;2;67;67283;1;1;2.0;7.0;48,70838300;7,36476100;
202300054307.0;2;75;75120;2;1;1.0;7.0;48,86852800;2,38906100;
202300054308.0;1;75;75108;2;5;8.0;3.0;48,87788100;2,32694300;
202300054309.0;1;73;73008;2;9;1.0;3.0;45,68292371;5,91040581;
202300054310.0;3;78;78133;1;1;1.0;2.0;48,88693400;2,01197400;
202300054311.0;1;58;58194;2;3;1.0;3.0;46,98899000;3,18840000;
202300054312.0;3;06;06126;1;1;1.0;6.0;43,80929200;7,19246100;
202300054313.0;1;47;47010;1;2;1.0;3.0;44,37117100;0,06821400;
202300054314.0;1;18;18279;2;1;1.0;1.0;47,20813000;2,08942000;
202300054315.0;1;67;67046;2;2;1.0;3.0;48,76512800;7,85510700;
202300054316.0;1;75;75120;2;3;1.0;6.0;48,87107200;2,40030000;
202300054317.0;3;95;95582;1;1;2.0;6.0;48,98062982;2,24094110;
202300054318.0;1;57;57306;2;3;1.0;3.0;49,32860000;6,06415000;
202300054319.0;1;84;84102;1;3;1.0;3.0;43,91338700;5,31515100;
202300054320.0;1;88;88078;2;1;1.0;6.0;48,20036800;6,72518300;
202300054321.0;3;31;31157;1;1;1.0;7.0;43,54912800;1,31763800;
202300054322.0;1;72;72306;1;1;1.0;1.0;47,85402700;0,23561600;
202300054323.0;5;94;94081;2;2;2.0;5.0;48,78779000;2,40249000;
202300054324.0;5;13;13210;2;1;1.0;6.0;43,28061357;5,40770574;
202300054325.0;3;15;15221;1;1;1.0;7.0;44,87866900;2,36159900;
202300054326.0;1;56;56121;2;1;1.0;3.0;47,73143000; -3,37908000;
202300054327.0;1;75;75119;2;3;1.0;3.0;48,89315000;2,37988500;
202300054328.0;1;73;73008;2;3;1.0;3.0;45,68792000;5,91197000;
202300054329.0;1;23;23141;1;1;1.0;6.0;46,25124400;1,67748700;
202300054330.0;2;95;95365;1;1;5.0;7.0;49,07994978;2,41198540;
202300054331.0;5;94;94074;2;1;3.0;2.0;48,76691569;2,44955347;
202300054332.0;4;54;54323;2;1;1.0;7.0;49,51737000;5,76556000;
202300054333.0;1;03;03290;1;3;1.0;3.0;46,63619800;3,33763400;
202300054334.0;1;75;75118;2;1;1.0;6.0;48,89663000;2,36976900;
202300054335.0;5;13;13210;2;1;1.0;2.0;43,26828930;5,41452446;
202300054336.0;3;93;93078;1;1;2.0;4.0;48,97136390;2,49858110;
202300054337.0;1;01;01348;1;2;1.0;1.0;46,18345200;4,82685200;
202300054338.0;1;2B;2B150;1;1;1.0;6.0;42,59540100;8,83812000;
202300054339.0;1;72;72181;2;9;1.0;7.0;47,99758000;0,22306000;
202300054340.0;1;51;51629;1;3;1.0;1.0;49,17309100;4,01213400;
202300054341.0;2;73;73034;1;1;1.0;7.0;45,63790500;6,58790200;
202300054342.0;5;94;94042;2;9;2.0;6.0;48,81976800;2,46467300;
202300054343.0;1;54;54149;1;3;1.0;3.0;49,44741000;5,91871000;
202300054344.0;1;93;93078;1;1;2.0;7.0;48,96300436;2,52239723;
202300054345.0;1;66;66147;1;1;1.0;3.0;42,56351200;1,77399200;
202300054346.0;5;75;75117;2;4;1.0;5.0;48,88900300;2,30414100;
202300054347.0;1;81;81120;2;9;1.0;3.0;43,53883879;2,25652635;
202300054348.0;1;38;38556;2;3;1.0;3.0;45,36200300;4,85785100;
202300054349.0;1;10;10357;1;1;7.0;4.0;48,29152700;4,13228700;
202300054350.0;1;94;94076;2;9;1.0;3.0;48,79598000;2,36843000;
202300054351.0;1;76;76377;2;3;1.0;6.0;49,49987600;1,15392700;
202300054352.0;2;06;06059;1;1;1.0;6.0;43,72062200;7,36806600;
202300054353.0;1;54;54099;2;3;1.0;6.0;49,24979000;5,93845000;
202300054354.0;5;69;69271;2;2;1.0;3.0;45,74486000;4,93730000;
202300054355.0;2;95;95365;1;1;1.0;2.0;49,06479520;2,41029430;
202300054356.0;1;75;75116;2;3;1.0;3.0;48,86371200;2,23953300;
202300054357.0;4;2B;2B050;2;1;1.0;6.0;42,56499900;8,75570100;
202300054358.0;1;44;44066;2;1;1.0;2.0;47,35828700; -1,63134400;
202300054359.0;1;06;06104;2;9;1.0;2.0;43,76162900;7,46510600;
202300054360.0;5;94;94041;2;2;3.0;3.0;48,81456000;2,40445000;
202300054361.0;1;64;64102;2;9;7.0;2.0;43,48000000; -1,49200000;
202300054362.0;1;51;51454;2;3;1.0;3.0;49,24047000;4,00990000;
202300054363.0;1;14;14371;2;3;1.0;3.0;49,01358600;0,15226400;
202300054364.0;1;75;75111;2;1;1.0;3.0;48,85938400;2,37746300;
202300054365.0;5;71;71014;2;2;1.0;3.0;46,95743200;4,29944700;
202300054366.0;3;77;77384;1;1;1.0;7.0;48,61986400;2,63027100;
202300054367.0;1;65;65258;2;1;1.0;6.0;43,13216700;0,39406200;
202300054368.0;1;94;94033;2;1;1.0;3.0;48,85310000;2,49139000;
202300054369.0;1;38;38341;2;3;1.0;3.0;45,56702300;5,41424300;
202300054370.0;1;06;06069;1;1;2.0;1.0;43,62002800;6,92519000;
202300054371.0;1;60;60333;1;1;1.0;6.0;49,45761857;1,89738098;
202300054372.0;1;51;51474;2;1;1.0;3.0;49,27860000;4,00315000;
202300054373.0;1;64;64024;2;1;1.0;3.0;43,46373000; -1,51482000;
202300054374.0;5;974;97407;2;1;1.0;6.0; -20,93375000;55,29189000;
202300054375.0;1;75;75110;2;2;8.0;6.0;48,88073900;2,36241000;
202300054376.0;1;39;39129;1;1;3.0;6.0;46,64902000;5,94217100;
202300054377.0;1;94;94011;2;9;2.0;6.0;48,78017000;2,48407000;
202300054378.0;1;55;55165;1;3;7.0;3.0;49,38213200;5,17140600;
202300054379.0;1;73;73259;1;1;1.0;3.0;45,37494100;6,32374800;
202300054380.0;1;71;71543;2;2;1.0;6.0;46,56185200;4,91287400;
202300054381.0;5;68;68297;2;1;1.0;6.0;47,61165000;7,53440000;
202300054382.0;5;51;51454;2;3;1.0;3.0;49,23996000;4,04112000;
202300054383.0;1;69;69228;1;2;1.0;3.0;45,59478129;4,66659650;
202300054384.0;1;94;94028;2;1;8.0;6.0;48,78055223;2,46433499;
202300054385.0;5;62;62215;2;1;2.0;6.0;50,47109000;2,93880000;
202300054386.0;1;75;75109;2;2;1.0;3.0;48,87143800;2,33684800;
202300054387.0;1;49;49180;1;1;1.0;6.0;47,37490800; -0,16264900;
202300054388.0;3;81;81225;1;1;1.0;6.0;43,91978330;1,98645290;
202300054389.0;2;85;85265;1;1;1.0;2.0;46,41283630; -0,71131931;
202300054390.0;2;73;73067;1;1;1.0;6.0;45,36747957;6,28903904;
202300054391.0;1;51;51454;2;1;1.0;6.0;49,28547000;4,02621000;
202300054392.0;3;94;94054;2;1;2.0;1.0;48,74539400;2,38478700;
202300054393.0;1;50;50188;1;3;1.0;5.0;48,83134800; -1,41449000;
202300054394.0;1;47;47310;2;2;1.0;6.0;44,39231900;0,30558900;
202300054395.0;1;62;62215;1;1;1.0;1.0;50,48047000;2,96920000;
202300054396.0;3;17;17133;2;1;1.0;7.0;45,59900700; -0,71921300;
202300054397.0;1;12;12052;2;6;7.0;3.0;44,55704264;2,07176685;
202300054398.0;5;75;75103;2;5;1.0;6.0;48,86483400;2,35330900;
202300054399.0;1;43;43167;1;1;1.0;6.0;45,06253300;3,56739200;
202300054400.0;1;52;52193;1;1;1.0;7.0;48,14184506;5,03902316;
202300054401.0;1;49;49328;2;2;1.0;6.0;47,25953000; -0,07876000;
202300054402.0;1;47;47210;1;1;1.0;2.0;44,27192000;0,40101700;
202300054403.0;1;94;94070;2;6;1.0;6.0;48,71513600;2,57472300;
202300054404.0;1;65;65335;1;1;1.0;5.0;43,09913400;0,13675000;
202300054405.0;1;16;16136;1;1;1.0;7.0;46,01340100;0,17483700;
202300054406.0;1;84;84127;1;9;1.0;7.0;44,16604800;4,82091700;
202300054407.0;1;62;62119;2;1;1.0;2.0;50,51415000;2,62675000;
202300054408.0;1;11;11068;1;1;1.0;6.0;43,17889400;2,53366900;
202300054409.0;1;75;75102;2;3;1.0;6.0;48,86945100;2,33875600;
202300054410.0;1;49;49353;2;1;1.0;6.0;47,44850000; -0,50880000;
202300054411.0;1;39;39173;2;1;1.0;3.0;46,53051700;5,38592400;
202300054412.0;1;38;38410;1;6;1.0;3.0;45,07660400;5,16249100;
202300054413.0;1;33;33233;1;1;1.0;2.0;45,13274000; -0,37126100;
202300054414.0;1;04;04124;1;1;1.0;3.0;43,76271100;6,09625300;
202300054415.0;1;93;93073;2;2;1.0;3.0;48,94258000;2,57581000;
202300054416.0;2;38;38490;1;1;1.0;6.0;45,35399200;5,39906100;
202300054417.0;2;02;02785;2;1;1.0;6.0;49,88040200;3,15301200;
202300054418.0;1;31;31418;1;3;1.0;3.0;43,63225700;1,52278900;
202300054419.0;1;94;94037;2;9;1.0;3.0;48,81351000;2,35080000;
202300054420.0;1;49;49007;2;6;1.0;3.0;47,48944000; -0,53432000;
202300054421.0;1;49;49023;2;3;1.0;6.0;47,14930500; -1,06133400;
202300054422.0;1;87;87110;2;1;1.0;2.0;45,92285436;0,98724157;
202300054423.0;2;02;02453;2;1;2.0;3.0;49,37725800;3,73432700;
202300054424.0;5;93;93048;2;3;2.0;6.0;48,85616000;2,42545000;
202300054425.0;1;85;85065;1;1;1.0;6.0;46,87219000; -1,28515500;
202300054426.0;1;49;49007;2;1;1.0;6.0;47,46841000; -0,53829000;
202300054427.0;5;94;94043;2;6;1.0;3.0;48,80950000;2,36250000;
202300054428.0;2;59;59002;2;9;2.0;4.0;50,33417000;3,30150000;
202300054429.0;4;38;38394;2;2;1.0;3.0;45,10094900;5,24756800;
202300054430.0;1;68;68383;1;3;1.0;3.0;48,16810700;7,31433100;
202300054431.0;2;44;44094;1;1;1.0;1.0;47,33729800; -1,40879500;
202300054432.0;1;30;30185;2;1;1.0;6.0;43,73845700;4,19698700;
202300054433.0;2;83;83082;1;1;1.0;6.0;43,60579200;6,48012000;
202300054434.0;1;93;93048;2;5;1.0;3.0;48,86940693;2,43291719;
202300054435.0;1;36;36165;1;2;1.0;3.0;46,67882916;1,04414204;
202300054436.0;1;59;59350;2;9;2.0;6.0;50,63972000;3,05356000;
202300054437.0;1;94;94028;2;9;1.0;3.0;48,78375000;2,45960000;
202300054438.0;1;68;68227;2;1;1.0;3.0;48,10188700;7,47185700;
202300054439.0;1;03;03156;1;2;7.0;1.0;46,59862000;3,51104400;
202300054440.0;1;30;30097;1;1;1.0;6.0;44,30842200;4,14422200;
202300054441.0;2;53;53147;1;1;2.0;1.0;48,29870000; -0,58966000;
202300054442.0;1;45;45234;2;3;1.0;3.0;47,90582000;1,91401000;
202300054443.0;1;94;94011;2;6;1.0;6.0;48,76728400;2,49369500;
202300054444.0;1;93;93057;2;1;1.0;2.0;48,90898300;2,50112400;
202300054445.0;1;28;28171;1;1;1.0;3.0;48,69453000;1,34031100;
202300054446.0;3;26;26138;1;1;1.0;2.0;44,40013800;4,72888500;
202300054447.0;1;88;88361;1;1;1.0;6.0;48,33096200;7,09281200;
202300054448.0;1;56;56146;1;2;1.0;3.0;48,14646000; -2,98272400;
202300054449.0;1;69;69086;1;1;1.0;6.0;45,84647882;4,67318058;
202300054450.0;1;44;44055;2;1;1.0;3.0;47,28264000; -2,39299000;
202300054451.0;1;94;94028;2;1;8.0;6.0;48,79475000;2,46224000;
202300054452.0;1;93;93001;2;1;2.0;3.0;48,90985700;2,37464200;
202300054453.0;3;01;01151;1;1;1.0;5.0;46,06561200;5,33068700;
202300054454.0;1;63;63206;1;1;1.0;6.0;45,94768651;2,96639013;
202300054455.0;1;88;88063;1;1;1.0;3.0;48,21668100;6,30573400;
202300054456.0;1;59;59593;1;1;1.0;6.0;50,22938700;3,27197800;
202300054457.0;1;27;27235;1;1;1.0;1.0;49,02334900;0,93057600;
202300054458.0;4;42;42071;2;1;1.0;;46,01546000;4,09625000;
202300054459.0;1;52;52440;1;1;1.0;3.0;48,35989900;5,13581100;
202300054460.0;3;92;92078;2;9;3.0;6.0;48,93494466;2,32580996;