Num_Acc;lum;departement;commune;agglomeration;intersection;meteo;type_collision;lat;long;date
202300054461.0;1;94;94019;2;6;1.0;1.0;48,80564000;2,53280000;
202300054462.0;1;59;59009;1;3;1.0;5.0;50,63793293;3,14219177;
202300054463.0;1;01;01173;1;1;1.0;2.0;46,35106000;6,05050000;
202300054464.0;1;78;78356;1;1;1.0;2.0;48,74716100;2,02426500;
202300054465.0;3;26;26211;1;1;1.0;6.0;44,36433000;4,87922800;
202300054466.0;1;13;13215;1;1;1.0;2.0;43,35818840;5,36269145;
202300054467.0;5;38;38185;2;2;1.0;1.0;45,16683000;5,72340000;
202300054468.0;2;974;97419;2;1;1.0;6.0; -21,15285600;55,82099700;
202300054469.0;1;92;92050;2;1;1.0;3.0;48,90547064;2,20991618;
202300054470.0;2;53;53121;1;1;1.0;3.0;48,42222300; -0,31482700;
202300054471.0;1;22;22223;1;1;1.0;6.0;48,56455300; -3,19548700;
202300054472.0;1;13;13050;1;1;1.0;6.0;43,65231700;5,27205300;
202300054473.0;5;72;72180;2;1;1.0;6.0;48,34908700;0,36812200;
202300054474.0;5;94;94019;2;2;1.0;3.0;48,80266684;2,54307148;
202300054475.0;1;36;36044;2;1;7.0;6.0;46,81822000;1,69596000;
202300054476.0;1;13;13215;1;1;1.0;2.0;43,37919000;5,35482000;
202300054477.0;5;59;59009;2;3;1.0;1.0;50,62279600;3,12825300;
202300054478.0;1;92;92050;2;1;8.0;2.0;48,89315569;2,18731865;
202300054479.0;1;22;22223;1;3;1.0;6.0;48,56471000; -3,19869000;
202300054480.0;2;67;67067;1;1;2.0;2.0;48,69323700;7,72514300;
202300054481.0;1;35;35051;2;1;1.0;6.0;48,11089000; -1,61811000;
202300054482.0;1;50;50150;1;1;7.0;2.0;49,54453500; -1,32120300;
202300054483.0;1;62;62718;1;1;1.0;6.0;50,30844468;2,89325607;
202300054484.0;5;92;92046;2;1;2.0;7.0;48,81213984;2,30088651;
202300054485.0;5;94;94075;2;1;1.0;6.0;48,72193000;2,53508000;
202300054486.0;3;42;42151;1;1;1.0;6.0;45,68301900;4,10677300;
202300054487.0;1;50;50615;1;1;1.0;6.0;49,49902600; -1,44421400;
202300054488.0;1;57;57631;2;9;1.0;1.0;49,11588000;7,09331000;
202300054489.0;1;13;13215;1;1;1.0;2.0;43,38181453;5,35199740;
202300054490.0;1;13;13114;1;1;1.0;3.0;43,54679200;5,31926700;
202300054491.0;1;62;62424;1;1;1.0;7.0;50,22368382;2,96623631;
202300054492.0;1;73;73070;1;9;1.0;1.0;45,61322700;5,65177900;
202300054493.0;2;987;98733;1;1;1.0;3.0; -17,69600000; -149,54800000;
202300054494.0;1;34;34032;1;2;1.0;3.0;43,38578000;3,22807000;
202300054495.0;1;92;92044;2;2;2.0;6.0;48,89492335;2,27818000;
202300054496.0;1;57;57630;2;4;1.0;7.0;48,73512000;7,04960000;
202300054497.0;3;35;35152;1;1;1.0;6.0;48,22848103; -1,47954136;
202300054498.0;1;13;13071;1;1;1.0;3.0;43,39330763;5,29952667;
202300054499.0;3;59;59624;1;1;1.0;7.0;50,02611800;3,29359600;
202300054500.0;1;93;93066;2;5;1.0;3.0;48,93721000;2,37206000;
202300054501.0;3;971;97117;1;1;1.0;6.0;16,30613600; -61,30527700;
202300054502.0;3;33;33063;2;1;1.0;6.0;44,82959000; -0,55290000;
202300054503.0;5;92;92036;2;1;1.0;6.0;48,92026000;2,32344000;
202300054504.0;3;16;16276;1;1;1.0;2.0;45,45260500; -0,15329900;
202300054505.0;1;77;77511;1;1;1.0;3.0;49,02903000;2,61986100;
202300054506.0;1;83;83137;1;1;1.0;2.0;43,12331000;5,95898000;
202300054507.0;1;54;54526;1;1;1.0;6.0;48,68460000;6,22410000;
202300054508.0;1;33;33063;2;2;1.0;7.0;44,87033671; -0,56592536;
202300054509.0;1;77;77474;1;1;1.0;1.0;48,95846800;2,81623400;
202300054510.0;1;93;93048;2;1;1.0;6.0;48,86094000;2,47329000;
202300054511.0;5;92;92062;2;1;2.0;6.0;48,88706565;2,23185875;
202300054512.0;3;56;56099;1;1;1.0;7.0;48,11556600; -3,23146820;
202300054513.0;2;40;40271;1;3;1.0;3.0;43,56362800; -1,20380200;
202300054514.0;1;83;83065;1;1;1.0;2.0;43,25478300;6,59349200;
202300054515.0;1;2B;2B148;2;1;1.0;3.0;42,52500500;9,44066200;
202300054516.0;1;33;33529;2;1;7.0;2.0;44,63770000; -1,14280000;
202300054517.0;3;56;56244;1;1;1.0;6.0;47,83009800; -2,49293700;
202300054518.0;2;92;92025;2;4;2.0;6.0;48,92741865;2,24699754;
202300054519.0;3;54;54571;1;1;1.0;5.0;48,61840854;6,24584962;
202300054520.0;1;51;51454;2;2;2.0;3.0;49,23403000;4,03971000;
202300054521.0;1;93;93048;2;3;1.0;3.0;48,85833000;2,43447000;
202300054522.0;3;13;13014;1;1;1.0;1.0;43,51479800;5,20238000;
202300054523.0;3;33;33529;1;1;1.0;3.0;44,48160000; -1,23610000;
202300054524.0;1;50;50066;1;1;1.0;6.0;48,82299700; -1,55586500;
202300054525.0;1;67;67165;1;1;1.0;1.0;48,50828200;7,14995400;
202300054526.0;1;13;13027;1;2;8.0;3.0;43,88085100;4,83208500;
202300054527.0;1;27;27011;1;2;1.0;4.0;49,21885500;0,93412200;
202300054528.0;1;93;93046;2;1;1.0;6.0;48,91818000;2,52909000;
202300054529.0;5;31;31555;2;1;1.0;6.0;43,60949000;1,45358000;
202300054530.0;5;92;92024;2;2;1.0;3.0;48,90209000;2,31428000;
202300054531.0;1;33;33013;1;1;1.0;3.0;44,85268075; -0,50489634;
202300054532.0;1;49;49015;2;1;8.0;7.0;47,51584000; -0,61946000;
202300054533.0;2;2A;2A006;1;1;1.0;3.0;41,96870400;8,77903900;
202300054534.0;5;73;73132;2;6;1.0;6.0;45,75647200;6,54096900;
202300054535.0;1;13;13057;1;3;1.0;4.0;43,78981200;4,76134500;
202300054536.0;5;93;93013;2;1;1.0;6.0;48,93130000;2,42215000;
202300054537.0;1;92;92019;2;1;2.0;6.0;48,76806458;2,25208497;
202300054538.0;1;31;31555;2;2;1.0;3.0;43,60704000;1,45290600;
202300054539.0;1;37;37167;2;2;1.0;1.0;47,54665800;0,54694500;
202300054540.0;3;47;47001;2;1;1.0;6.0;44,21472000;0,64087000;
202300054541.0;2;10;10379;2;1;1.0;6.0;48,53181810;4,16634692;
202300054542.0;1;2B;2B207;2;1;1.0;6.0;42,44517700;9,50631200;
202300054543.0;2;33;33487;1;1;1.0;2.0;44,94922000; -0,46390000;
202300054544.0;1;92;92078;2;1;1.0;6.0;48,93510000;2,32847000;
202300054545.0;1;92;92004;2;1;2.0;6.0;48,91694520;2,28199482;
202300054546.0;1;16;16168;1;1;1.0;7.0;45,77682700;0,22730600;
202300054547.0;2;10;10314;1;1;1.0;6.0;48,50771300;4,28747900;
202300054548.0;1;30;30075;2;1;1.0;3.0;43,82279300;4,26904100;
202300054549.0;1;29;29232;2;1;1.0;1.0;47,98992600; -4,11832700;
202300054550.0;1;91;91689;1;1;1.0;7.0;48,73862400;2,31933000;
202300054551.0;1;82;82194;1;1;1.0;1.0;43,91713700;1,44433600;
202300054552.0;5;68;68246;2;1;9.0;7.0;47,98961600;7,55808500;
202300054553.0;1;92;92075;2;1;1.0;6.0;48,82170005;2,28704931;
202300054554.0;1;29;29232;2;1;1.0;7.0;47,98125000; -4,03639300;
202300054555.0;1;39;39083;2;1;2.0;3.0;46,81708700;6,05845100;
202300054556.0;1;52;52332;1;1;1.0;7.0;48,04046358;5,59664520;
202300054557.0;5;44;44026;2;1;1.0;6.0;47,30263900; -1,41474700;
202300054558.0;1;91;91161;1;1;1.0;2.0;48,70691000;2,30583000;
202300054559.0;1;71;71204;1;1;1.0;3.0;46,83363500;4,82209700;
202300054560.0;1;29;29039;1;6;1.0;2.0;47,88001000; -3,90674000;
202300054561.0;1;24;24424;1;1;1.0;6.0;45,13583500;0,39423600;
202300054562.0;1;42;42223;1;1;1.0;3.0;45,45842000;4,31168000;
202300054563.0;1;92;92075;2;3;1.0;6.0;48,82331890;2,29173928;
202300054564.0;1;73;73303;1;1;1.0;7.0;45,76275700;6,46077100;
202300054565.0;3;978;97801;2;1;8.0;6.0;18,07343000; -63,08026700;
202300054566.0;1;63;63378;1;1;1.0;6.0;45,67059400;3,22362900;
202300054567.0;1;78;78423;1;1;1.0;4.0;48,78695000;2,03609600;
202300054568.0;1;28;28134;2;1;1.0;3.0;48,74105000;1,39135000;
202300054569.0;3;83;83126;1;9;1.0;2.0;43,11941000;5,86001000;
202300054570.0;1;01;01004;1;1;1.0;2.0;45,96315800;5,33272500;
202300054571.0;5;92;92050;2;1;1.0;6.0;48,89702618;2,22414047;
202300054572.0;1;30;30258;1;1;1.0;3.0;43,69223900;4,42704000;
202300054573.0;1;55;55551;2;1;1.0;7.0;48,97981700;5,71196900;
202300054574.0;1;38;38151;2;1;8.0;6.0;45,15107000;5,70656000;
202300054575.0;1;07;07190;1;1;1.0;1.0;44,51514500;4,41401500;
202300054576.0;1;22;22172;2;1;1.0;6.0;48,52136200; -2,23046100;
202300054577.0;1;95;95582;1;1;1.0;4.0;48,97535000;2,24148000;
202300054578.0;2;33;33003;1;1;1.0;2.0;44,93460700; -0,46714500;
202300054579.0;1;12;12052;2;6;1.0;3.0;44,57169000;2,07292900;
202300054580.0;1;92;92040;2;2;8.0;2.0;48,81662000;2,27500000;
202300054581.0;5;27;27681;2;1;1.0;6.0;49,09540000;1,46440000;
202300054582.0;3;40;40296;1;1;1.0;7.0;43,68214900; -1,35909500;
202300054583.0;3;52;52248;1;1;1.0;2.0;48,03542500;5,41723600;
202300054584.0;1;09;09282;1;1;1.0;7.0;43,22694400;1,60664300;
202300054585.0;1;37;37261;2;1;1.0;4.0;47,37414000;0,69750000;
202300054586.0;1;91;91534;1;1;1.0;3.0;48,71892000;2,16987000;
202300054587.0;1;12;12035;1;1;1.0;7.0;43,97341400;2,54494400;
202300054588.0;1;11;11203;2;6;1.0;3.0;43,20218400;2,77678900;
202300054589.0;1;27;27229;2;2;1.0;3.0;49,02515000;1,15387000;
202300054590.0;1;64;64422;2;6;7.0;6.0;43,18000100; -0,61693500;
202300054591.0;5;92;92025;2;2;1.0;3.0;48,92739416;2,24698600;
202300054592.0;1;67;67046;2;6;5.0;6.0;48,76812700;7,86462800;
202300054593.0;1;95;95582;1;1;1.0;2.0;48,97454000;2,24388000;
202300054594.0;1;22;22208;1;1;1.0;6.0;48,31666600; -2,02105500;
202300054595.0;1;12;12288;1;1;1.0;1.0;44,43160400;2,44026300;
202300054596.0;1;91;91521;1;1;1.0;3.0;48,64054000;2,39379000;
202300054597.0;1;23;23001;1;1;2.0;3.0;46,09586800;2,01341600;
202300054598.0;1;26;26198;2;3;1.0;3.0;44,57170000;4,74314000;
202300054599.0;5;92;92004;2;1;1.0;3.0;48,90855537;2,28653294;
202300054600.0;1;93;93008;1;1;1.0;2.0;48,90970000;2,44619000;
202300054601.0;2;47;47086;1;1;1.0;6.0;44,68456739;0,20283220;
202300054602.0;2;57;57360;1;3;7.0;1.0;49,15785332;6,96919441;
202300054603.0;1;35;35047;1;6;1.0;3.0;48,05548000; -1,73839300;
202300054604.0;1;23;23096;2;1;1.0;6.0;46,17470000;1,87308000;
202300054605.0;2;91;91589;1;1;1.0;3.0;48,68096000;2,33153000;
202300054606.0;1;93;93007;1;1;1.0;7.0;48,95483221;2,45715916;
202300054607.0;5;92;92014;2;1;1.0;6.0;48,78398306;2,31489202;
202300054608.0;1;84;84099;1;2;1.0;3.0;43,86086900;5,13422000;
202300054609.0;1;35;35238;2;3;1.0;3.0;48,08665000; -1,67191000;
202300054610.0;1;59;59052;2;1;1.0;2.0;50,51578200;2,89537200;
202300054611.0;5;93;93066;1;1;1.0;2.0;48,90963000;2,35835000;
202300054612.0;1;73;73257;1;1;1.0;1.0;45,45816500;6,55089600;
202300054613.0;1;78;78646;1;1;1.0;2.0;48,79313200;2,08359600;
202300054614.0;1;34;34139;1;3;1.0;5.0;43,40077200;3,22897700;
202300054615.0;1;33;33063;2;1;1.0;6.0;44,82858081; -0,59754118;
202300054616.0;1;13;13214;1;1;1.0;6.0;43,33977159;5,37644849;
202300054617.0;2;26;26002;1;3;1.0;3.0;45,26325800;4,82385600;
202300054618.0;1;22;22187;1;1;1.0;4.0;48,52569000; -2,75181000;
202300054619.0;1;94;94079;1;1;1.0;3.0;48,83525111;2,53871581;
202300054620.0;1;92;92036;1;1;1.0;7.0;48,94187700;2,29092958;
202300054621.0;3;83;83137;1;1;1.0;6.0;43,13055000;5,97922000;
202300054622.0;2;19;19229;1;1;2.0;7.0;45,13353962;1,39937880;
202300054623.0;1;38;38317;1;4;1.0;1.0;45,11038800;5,70857800;
202300054624.0;2;68;68125;2;1;1.0;3.0;47,68969000;7,12630500;
202300054625.0;1;22;22113;2;9;1.0;6.0;48,72571000; -3,44881000;
202300054626.0;5;31;31069;1;1;2.0;6.0;43,64530500;1,36883000;
202300054627.0;1;2B;2B102;1;1;1.0;7.0;42,47955100;9,36334200;
202300054628.0;1;94;94073;1;1;1.0;4.0;48,77139558;2,39237226;
202300054629.0;1;56;56034;2;1;3.0;6.0;47,57615700; -3,07803300;
202300054630.0;1;17;17306;2;1;1.0;2.0;45,63190000; -1,03118000;
202300054631.0;1;92;92078;1;1;1.0;4.0;48,92928253;2,32938717;
202300054632.0;1;86;86294;1;1;1.0;7.0;46,64450500;0,18614800;
202300054633.0;3;39;39018;1;1;1.0;6.0;46,34624000;5,47200000;
202300054634.0;1;91;91136;1;1;1.0;4.0;48,71278000;2,28406000;
202300054635.0;3;74;74043;1;1;1.0;7.0;46,27306900;6,34818800;
202300054636.0;1;42;42338;1;1;2.0;1.0;46,11671000;4,11271200;
202300054637.0;1;67;67040;1;1;1.0;7.0;48,28261100;7,63429100;
202300054638.0;5;14;14715;2;1;1.0;2.0;49,36316000;0,08463000;
202300054639.0;1;74;74208;2;1;1.0;6.0;45,91851200;6,68239100;
202300054640.0;3;60;60517;1;1;1.0;6.0;49,22772800;2,22693000;
202300054641.0;3;77;77251;1;1;1.0;2.0;48,60970500;2,57636600;
202300054642.0;4;02;02519;2;3;1.0;6.0;49,67346000;4,07112658;
202300054643.0;1;95;95018;1;1;1.0;4.0;48,94967230;2,28022080;
202300054644.0;2;31;31555;1;1;3.0;4.0;43,57589000;1,44202000;
202300054645.0;1;13;13117;1;2;1.0;3.0;43,42722000;5,23538000;
202300054646.0;1;76;76676;1;1;2.0;3.0;49,56446400;1,48197400;
202300054647.0;1;74;74063;1;1;2.0;1.0;46,25356900;6,84599500;
202300054648.0;1;60;60439;1;1;1.0;6.0;49,30716800;2,32836100;
202300054649.0;1;31;31555;1;9;2.0;7.0;43,61078000;1,38521300;
202300054650.0;1;13;13215;2;1;1.0;6.0;43,34933927;5,34658299;
202300054651.0;3;64;64057;1;1;3.0;6.0;43,47316900; -0,61454200;
202300054652.0;3;95;95241;1;1;1.0;2.0;49,04701000;2,45775000;
202300054653.0;1;2B;2B207;2;9;1.0;7.0;42,44925600;9,50670600;
202300054654.0;1;02;02545;1;2;1.0;1.0;49,71802800;3,84562800;
202300054655.0;1;27;27562;2;1;2.0;7.0;49,10584000;1,45777000;
202300054656.0;2;74;74243;1;1;1.0;7.0;46,13409900;6,10280900;
202300054657.0;1;13;13005;1;1;1.0;7.0;43,30027927;5,56444269;
202300054658.0;1;77;77373;1;1;1.0;6.0;48,76694017;2,61376289;
202300054659.0;3;77;77450;1;1;1.0;6.0;48,71727200;2,59924400;
202300054660.0;1;13;13215;2;6;1.0;2.0;43,37930000;5,35770000;
202300054661.0;1;22;22020;2;1;7.0;6.0;48,31949100; -2,25436400;
202300054662.0;1;11;11206;2;6;1.0;3.0;43,05461400;2,21287600;
202300054663.0;1;03;03195;2;4;1.0;6.0;46,28954800;2,65681200;
202300054664.0;2;13;13215;1;1;1.0;7.0;43,35951248;5,36208224;
202300054665.0;2;74;74006;2;1;1.0;7.0;46,00071000;6,12195700;
202300054666.0;3;94;94069;1;1;1.0;3.0;48,81754093;2,43504501;
202300054667.0;1;976;97611;2;1;1.0;7.0; -12,78112000;45,22202000;
202300054668.0;3;37;37174;1;1;1.0;6.0;47,02456600;0,56588200;
202300054669.0;5;13;13214;2;1;1.0;2.0;43,33990000;5,37950000;
202300054670.0;1;03;03171;1;1;8.0;6.0;46,46267200;3,54157800;
202300054671.0;1;71;71230;2;1;7.0;6.0;46,59998200;4,06625300;
202300054672.0;1;14;14448;1;1;1.0;7.0;49,17261700;0,04055000;
202300054673.0;1;13;13075;2;1;1.0;3.0;43,34849000;5,46592000;
202300054674.0;1;976;97611;2;9;1.0;6.0; -12,78965000;45,22052000;
202300054675.0;3;13;13005;1;1;1.0;2.0;43,28544676;5,57016000;
202300054676.0;4;13;13210;2;1;1.0;2.0;43,28202000;5,39943000;
202300054677.0;1;25;25547;2;2;1.0;6.0;47,51557400;6,82991900;
202300054678.0;3;63;63314;1;1;1.0;7.0;45,58207519;3,60116276;
202300054679.0;1;08;08298;2;1;1.0;6.0;49,77432300;4,74128500;
202300054680.0;1;57;57106;2;1;1.0;6.0;49,30016600;6,52483300;
202300054681.0;1;03;03090;1;1;2.0;1.0;46,64986300;3,13934300;
202300054682.0;5;13;13202;2;1;1.0;6.0;43,32125000;5,36292000;
202300054683.0;4;61;61167;1;1;6.0;6.0;48,81598800;0,57310700;
202300054684.0;1;974;97411;2;1;1.0;3.0; -20,89081000;55,49090000;
202300054685.0;1;95;95594;2;1;8.0;7.0;49,11886400;2,40082400;
202300054686.0;2;83;83123;1;1;1.0;2.0;43,13842318;5,80221184;
202300054687.0;1;13;13211;2;3;1.0;3.0;43,29343230;5,43980733;
202300054688.0;1;63;63113;2;1;1.0;6.0;45,81097000;3,10928100;
202300054689.0;5;13;13213;2;1;1.0;1.0;43,32676082;5,42273455;
202300054690.0;1;974;97407;1;1;1.0;3.0; -20,94910000;55,28458000;
202300054691.0;1;01;01348;2;2;1.0;5.0;46,17691900;4,81843100;
202300054692.0;3;12;12148;1;1;8.0;6.0;44,45771600;2,22138400;
202300054693.0;5;13;13213;2;1;1.0;3.0;43,32555000;5,45210000;
202300054694.0;2;36;36044;2;1;1.0;6.0;46,80320765;1,70012891;
202300054695.0;1;51;51535;1;1;1.0;1.0;48,71936000;3,75790400;
202300054696.0;3;42;42044;1;1;1.0;2.0;45,39638000;4,34822000;
202300054697.0;1;12;12139;1;1;1.0;6.0;43,87604600;3,02167900;
202300054698.0;5;973;97302;2;1;1.0;3.0;4,94076618; -52,30684564;
202300054699.0;1;13;13063;1;6;1.0;6.0;43,57159000;5,01909000;
202300054700.0;5;13;13210;2;1;1.0;3.0;43,27933000;5,39930000;
202300054701.0;1;70;70421;1;1;1.0;1.0;47,69039600;6,00763300;
202300054702.0;4;29;29076;2;1;2.0;6.0;48,47359947; -4,56797371;
202300054703.0;1;19;19150;1;1;2.0;1.0;45,07612989;1,60207554;
202300054704.0;1;974;97409;2;1;1.0;6.0; -20,95419000;55,66417000;
202300054705.0;1;13;13205;2;1;1.0;6.0;43,29523000;5,38773000;
202300054706.0;2;72;72022;1;1;1.0;6.0;47,75456300; -0,16768600;
202300054707.0;3;62;62907;1;1;1.0;4.0;50,47669000;2,97997000;
202300054708.0;1;972;97213;1;6;1.0;2.0;14,61458190; -60,99420580;
202300054709.0;3;11;11069;2;1;2.0;6.0;43,22694000;2,39603000;
202300054710.0;1;13;13001;1;1;1.0;1.0;43,60267000;5,36583000;
202300054711.0;3;29;29282;1;1;3.0;5.0;48,37297173; -4,72874690;
202300054712.0;3;974;97407;2;1;1.0;6.0; -20,96280000;55,31947000;
202300054713.0;1;91;91174;1;1;1.0;3.0;48,62293000;2,46580000;
202300054714.0;1;14;14538;2;3;1.0;1.0;49,09706800; -0,31914000;
202300054715.0;5;69;69385;2;1;1.0;1.0;45,75432000;4,81794000;
202300054716.0;3;79;79034;1;6;2.0;3.0;46,30255500; -0,49133500;
202300054717.0;1;11;11069;2;2;1.0;3.0;43,21341000;2,35703000;
202300054718.0;1;69;69034;2;1;1.0;6.0;45,80078192;4,85159456;
202300054719.0;1;50;50588;1;1;1.0;2.0;49,53120800; -1,44919800;
202300054720.0;1;15;15192;1;1;3.0;4.0;45,05810200;2,71283300;
202300054721.0;1;11;11069;2;1;1.0;6.0;43,21233000;2,34438000;
202300054722.0;5;93;93029;1;1;1.0;2.0;48,92557419;2,42454486;
202300054723.0;1;69;69381;2;1;1.0;3.0;45,76999371;4,81425226;
202300054724.0;1;973;97302;2;1;2.0;3.0;4,93374296; -52,31029415;
202300054725.0;1;10;10387;2;2;9.0;3.0;48,30739243;4,08194929;
202300054726.0;1;01;01025;2;3;1.0;6.0;46,31270300;4,94593400;
202300054727.0;5;94;94052;1;1;1.0;3.0;48,84336156;2,49263331;
202300054728.0;1;09;09245;2;3;1.0;3.0;43,06238200;1,61150300;
202300054729.0;1;971;97113;1;1;1.0;1.0;16,20918000; -61,48108000;
202300054730.0;1;10;10387;2;1;1.0;6.0;48,29633700;4,06819000;
202300054731.0;3;66;66045;2;1;1.0;6.0;42,63181000;2,42613600;
202300054732.0;1;91;91103;1;1;1.0;7.0;48,60614700;2,32435700;
202300054733.0;1;10;10357;2;1;1.0;2.0;48,29786008;4,12111223;
202300054734.0;1;45;45329;2;3;2.0;3.0;47,93990000;2,98725700;
202300054735.0;1;77;77122;1;1;1.0;6.0;48,65869745;2,61272400;
202300054736.0;1;91;91479;2;7;1.0;3.0;48,70582000;2,36339000;
202300054737.0;1;07;07070;1;1;2.0;7.0;44,96769000;4,84285000;
202300054738.0;5;14;14342;2;6;2.0;2.0;49,31186900; -1,09858200;
202300054739.0;1;45;45307;1;2;1.0;3.0;48,05930000;2,88955200;
202300054740.0;1;77;77059;1;1;1.0;2.0;48,84554650;2,66261420;
202300054741.0;1;07;07316;1;1;2.0;6.0;44,91287000;4,86254000;
202300054742.0;1;45;45129;1;1;1.0;6.0;47,93284200;3,04725800;
202300054743.0;1;89;89024;1;1;1.0;4.0;47,82067000;3,57948000;
202300054744.0;1;04;04070;2;1;1.0;6.0;44,09139000;6,23123000;
202300054745.0;5;65;65440;2;3;1.0;3.0;43,24961172;0,07185138;
202300054746.0;1;87;87085;2;2;1.0;6.0;45,82630000;1,26952000;
202300054747.0;1;18;18106;1;3;2.0;2.0;46,88125600;2,94213200;
202300054748.0;1;04;04070;2;1;1.0;6.0;44,09123000;6,23317000;
202300054749.0;2;37;37104;1;1;1.0;1.0;47,29685998;0,80210924;
202300054750.0;1;43;43079;1;1;1.0;3.0;45,17520517;3,49815447;
202300054751.0;5;988;98818;2;1;1.0;2.0; -22,22478000;166,46604000;
202300054752.0;1;37;37018;2;1;8.0;6.0;47,34175100;0,61297300;
202300054753.0;1;86;86194;2;1;1.0;3.0;46,58217000;0,36795000;
202300054754.0;1;75;75116;2;1;2.0;4.0;48,85453900;2,25492300;
202300054755.0;1;18;18279;1;1;2.0;7.0;47,27160000;2,04234100;
202300054756.0;5;81;81163;2;1;1.0;6.0;43,50565000;2,37837000;
202300054757.0;1;10;10199;2;3;1.0;3.0;48,06565500;4,50455500;
202300054758.0;5;976;97611;2;1;1.0;7.0; -12,78201000;45,23046000;
202300054759.0;3;2A;2A247;1;1;1.0;6.0;41,55716300;9,28155900;
202300054760.0;1;77;77221;2;1;1.0;1.0;48,85497800;2,70169400;
202300054761.0;1;13;13027;2;1;1.0;1.0;43,90256200;4,87252200;
202300054762.0;5;75;75113;2;1;3.0;5.0;48,82579100;2,38658900;
202300054763.0;1;76;76540;2;1;1.0;6.0;49,44768000;1,06798000;
202300054764.0;1;07;07184;2;1;2.0;7.0;44,77484437;4,60863206;
202300054765.0;1;71;71360;1;2;1.0;3.0;46,32221200;4,76724300;
202300054766.0;1;75;75106;2;3;1.0;3.0;48,84822600;2,33103600;
202300054767.0;1;76;76305;1;1;1.0;7.0;49,48663000;0,21788000;
202300054768.0;1;68;68012;1;1;1.0;3.0;47,75944300;7,10189900;
202300054769.0;1;75;75105;2;2;2.0;6.0;48,85305900;2,34650700;
202300054770.0;1;72;72181;2;9;1.0;3.0;47,99166000;0,19829000;
202300054771.0;1;57;57047;1;1;8.0;7.0;49,09919600;6,59211300;
202300054772.0;1;72;72181;2;1;1.0;3.0;48,00680400;0,19134400;
202300054773.0;1;75;75105;2;2;2.0;2.0;48,84026300;2,36198900;
202300054774.0;3;38;38524;1;1;1.0;1.0;45,07456600;5,67763600;
202300054775.0;5;75;75105;2;1;3.0;6.0;48,84093800;2,36249300;
202300054776.0;1;71;71040;2;3;1.0;1.0;46,68582000;4,39978000;
202300054777.0;1;01;01259;1;1;1.0;1.0;46,22113700;5,10872000;
202300054778.0;1;69;69266;2;1;1.0;6.0;45,76310000;4,88452000;
202300054779.0;5;75;75119;2;1;3.0;6.0;48,88333600;2,36928200;
202300054780.0;1;69;69266;2;1;1.0;6.0;45,77134000;4,87053000;
202300054781.0;2;79;79184;1;1;3.0;1.0;46,34832400; -0,10851100;
202300054782.0;1;17;17083;1;1;3.0;7.0;45,82172700; -0,93208600;
202300054783.0;5;75;75116;2;2;2.0;2.0;48,87492400;2,27111300;
202300054784.0;1;69;69266;2;2;1.0;3.0;45,76962000;4,86987000;
202300054785.0;1;75;75116;2;4;2.0;3.0;48,84991500;2,27716000;
202300054786.0;1;33;33439;1;1;3.0;1.0;45,13002600; -0,38392100;
202300054787.0;1;69;69266;2;2;1.0;3.0;45,77487305;4,87405794;
202300054788.0;3;53;53130;1;1;1.0;6.0;48,03643000; -0,80375100;
202300054789.0;1;75;75115;2;3;2.0;7.0;48,84408900;2,31997000;
202300054790.0;1;69;69264;2;2;1.0;3.0;45,98863000;4,72152000;
202300054791.0;1;22;22076;1;3;2.0;3.0;48,54500900; -2,38113100;
202300054792.0;1;69;69290;2;3;1.0;6.0;45,69737000;4,93416000;
202300054793.0;5;60;60446;1;1;2.0;6.0;49,13131000;2,79580600;
202300054794.0;1;67;67482;2;3;1.0;3.0;48,53537000;7,77124000;
202300054795.0;5;75;75111;2;3;3.0;3.0;48,85215200;2,38958400;
202300054796.0;3;83;83090;1;1;1.0;6.0;43,12549670;5,87596215;
202300054797.0;1;66;66136;2;1;1.0;3.0;42,71407000;2,90167000;
202300054798.0;5;33;33162;1;1;3.0;3.0;44,87723000; -0,63176000;
202300054799.0;1;66;66136;2;6;1.0;2.0;42,68617000;2,88821000;
202300054800.0;5;33;33039;1;1;2.0;6.0;44,80114920; -0,53434432;
202300054801.0;1;64;64445;2;1;1.0;3.0;43,32848000; -0,34978000;
202300054802.0;3;91;91174;1;1;2.0;7.0;48,62219600;2,46358200;
202300054803.0;3;91;91687;1;1;1.0;3.0;48,66583000;2,36250000;
202300054804.0;1;78;78402;1;1;2.0;2.0;48,96386000;1,77684000;
202300054805.0;1;63;63070;1;4;1.0;3.0;45,74046999;3,06957096;
202300054806.0;1;78;78640;1;1;1.0;2.0;48,77722100;2,22364200;
202300054807.0;3;92;92036;1;1;1.0;6.0;48,93429185;2,27087422;
202300054808.0;3;92;92025;1;9;2.0;6.0;48,91988494;2,22461743;
202300054809.0;3;93;93064;1;1;3.0;3.0;48,88579562;2,48740188;
202300054810.0;2;93;93064;1;1;8.0;2.0;48,87320000;2,47990000;