Num_Acc;lum;departement;commune;agglomeration;intersection;meteo;type_collision;lat;long;date
202300054811.0;3;78;78440;2;3;1.0;6.0;48,98321700;1,91188200;
202300054812.0;1;13;13113;1;9;7.0;3.0;43,60583100;5,49699400;
202300054813.0;3;66;66069;1;1;1.0;7.0;42,77228600;2,84280400;
202300054814.0;1;13;13081;1;1;1.0;6.0;43,49282200;5,22763300;
202300054815.0;1;13;13110;2;1;1.0;1.0;43,45057500;5,68347200;
202300054816.0;1;13;13059;1;1;1.0;1.0;43,62045000;5,49192500;
202300054817.0;1;988;98818;2;1;8.0;6.0; -22,22966000;166,48133000;
202300054818.0;5;974;97416;2;1;1.0;6.0; -21,33828000;55,47771000;
202300054819.0;3;974;97416;1;1;1.0;3.0; -21,28865000;55,50994000;
202300054820.0;1;974;97411;2;1;1.0;7.0; -20,90129000;55,40598000;
202300054821.0;1;973;97302;1;6;1.0;3.0;4,89713000; -52,32854000;
202300054822.0;1;69;69387;2;1;6.0;3.0;45,73306000;4,82540000;
;1;26;26198;2;3;1.0;3.0;44,5594200000;4,7257200000;
;1;25;25204;2;3;1.0;3.0;46,9258100000;6,3462000000;
;1;22;22360;2;6;1.0;2.0;48,4931620000; -2,7604390000;
;1;16;16102;2;3;8.0;6.0;45,6926520000; -0,3262900000;
;1;13;13103;1;1;1.0;2.0;43,6755790366;5,0927031775;
;1;13;13056;2;2;1.0;3.0;43,4127500000;5,0505900000;
;5;13;13063;2;1;1.0;1.0;43,5822900000;5,0034300000;
;5;12;12145;2;2;1.0;3.0;44,1036000000;3,0798400000;
;1;10;10387;2;1;8.0;6.0;48,2717969874;4,0788030624;
;1;10;10387;2;9;1.0;;48,3041200000;4,0883300000;
;5;09;09122;2;1;2.0;6.0;42,9545900000;1,6236600000;
;5;06;06088;2;1;1.0;3.0;43,6694800000;7,2140000000;
;3;03;03095;1;1;1.0;6.0;46,1022300000;3,5027800000;
;1;02;02059;1;1;1.0;1.0;49,6536000000;3,3476700000;
;5;75;75119;2;7;1.0;2.0;48,9004080000;2,3715030000;
;1;75;75106;2;1;1.0;3.0;48,8479990000;2,3301760000;
;1;75;75105;2;2;1.0;3.0;48,8513870000;2,3431860000;
;5;75;75120;2;3;9.0;6.0;48,8686411244;2,3895666003;
;1;75;75116;2;1;1.0;3.0;48,8522770000;2,2800410000;
;1;75;75116;2;3;1.0;3.0;48,8645180000;2,2698050000;
;5;75;75116;2;7;2.0;1.0;48,8772030000;2,2838210000;
;2;75;75115;2;1;1.0;6.0;48,8415650000;2,2925190000;
;5;75;75114;2;1;1.0;6.0;48,8373260000;2,3285770000;
;5;75;75113;2;3;1.0;6.0;48,8233170000;2,3657010000;
;1;75;75113;2;4;1.0;6.0;48,8210280000;2,3545150000;
;5;75;75120;2;3;8.0;3.0;48,8647870000;2,4101080000;
;1;75;75103;2;2;1.0;6.0;48,8613270000;2,3646020000;
;1;75;75101;2;2;1.0;6.0;48,8662530000;2,3354970000;
;5;94;94081;2;3;3.0;1.0;48,7883700000;2,3848800000;
;3;94;94081;1;1;1.0;6.0;48,7741500000;2,4037300000;
;2;94;94080;2;2;2.0;6.0;48,8477400000;2,4403000000;
;1;94;94068;2;1;1.0;2.0;48,7954800000;2,4869800000;
;1;94;94058;2;1;9.0;2.0;48,8421150000;2,5011700000;
;1;94;94042;2;1;1.0;3.0;48,8200990000;2,4788820000;
;1;94;94046;2;3;1.0;6.0;48,8100700000;2,4237100000;
;1;94;94065;2;6;3.0;1.0;48,7533000000;2,3475500000;
;5;94;94022;2;3;2.0;6.0;48,7534800000;2,4107900000;
;1;94;94059;2;2;2.0;6.0;48,8051700000;2,5722800000;
;2;94;94075;2;3;1.0;3.0;48,7274700000;2,5311000000;
;1;93;93078;2;1;1.0;6.0;48,9682421218;2,5511906106;
;5;93;93005;2;1;3.0;1.0;48,9581800059;2,4848115273;
;5;93;93005;2;2;2.0;1.0;48,9420400000;2,4920000000;
;1;93;93039;2;1;1.0;6.0;48,9195030000;2,3261220000;
;1;93;93064;2;2;2.0;3.0;48,8849400000;2,4815600000;
;5;93;93055;2;1;3.0;2.0;48,9047840348;2,3934013165;
;5;93;93049;2;2;1.0;3.0;48,8587000000;2,5065400000;
;1;93;93049;2;2;8.0;3.0;48,8643486047;2,5033120572;
;5;93;93048;2;2;2.0;4.0;48,8630055353;2,4660628920;
;5;93;93031;2;6;1.0;6.0;48,9595200000;2,3142200000;
;5;93;93005;2;1;3.0;6.0;48,9460206396;2,5101830821;
;3;92;92073;2;9;8.0;6.0;48,8656660000;2,2160830000;
;1;92;92072;2;9;1.0;6.0;48,8222255152;2,2065806687;
;1;92;92064;2;1;1.0;6.0;48,8609833144;2,2100881934;
;1;92;92047;2;1;1.0;2.0;48,8279290000;2,1515860000;
;1;92;92062;2;3;1.0;6.0;48,8854000000;2,2344000000;
;5;92;92051;2;1;2.0;7.0;48,8787400000;2,2786600000;
;5;92;92020;2;1;1.0;2.0;48,7996100000;2,2818300000;
;5;92;92048;2;1;1.0;2.0;48,8128800000;2,2462000000;
;1;92;92024;2;9;2.0;3.0;48,9036646539;2,3030495346;
;1;92;92060;2;1;2.0;3.0;48,7844900000;2,2748800000;
;1;92;92060;2;1;2.0;6.0;48,7806300000;2,2630400000;
;1;92;92012;2;1;1.0;3.0;48,8371210000;2,2483650000;
;5;92;92007;2;7;1.0;3.0;48,8019115375;2,3106474280;
;5;92;92002;2;1;9.0;3.0;48,7430900000;2,2877800000;
;3;76;76621;1;1;1.0;6.0;49,6431298707;1,2667151729;
;2;68;68178;2;1;2.0;7.0;47,9349260000;7,1194410000;
;5;972;97225;2;1;1.0;6.0;14,7437370000; -61,1762680000;
;1;63;63001;2;1;1.0;6.0;46,0205690000;3,2010610000;
;3;22;22213;1;1;8.0;2.0;48,5364820000; -1,9770560000;
;1;76;76417;1;1;1.0;1.0;49,6888370000;1,3520320000;
;1;62;62610;1;1;1.0;7.0;50,4679670000;1,7957070000;
;1;51;51571;1;1;1.0;1.0;49,1540190000;4,2083750000;
;3;51;51323;1;1;2.0;3.0;48,7216600000;3,7876220000;
;3;51;51372;1;6;1.0;7.0;48,9105060000;4,4309230000;
;1;2B;2B261;1;1;1.0;3.0;42,9637470000;9,4242330000;
;1;65;65125;1;1;1.0;2.0;43,1153507439;0,3653141856;
;3;33;33314;1;3;1.0;3.0;45,1866650000; -0,7671980000;
;3;71;71143;1;1;3.0;7.0;46,4532300000;5,3108650000;
;3;71;71428;2;3;3.0;1.0;46,1953910000;4,2970810000;
;1;71;71237;1;2;5.0;3.0;47,0502810000;4,3467070000;
;5;71;71543;2;1;3.0;6.0;46,5654850000;4,9036040000;
;1;89;89039;1;1;1.0;1.0;47,8170240000;3,8992600000;
;2;63;63430;1;3;2.0;3.0;45,8665470000;3,5659700000;
;1;63;63297;1;1;1.0;6.0;45,7527020000;3,3648310000;
;1;61;61029;1;1;1.0;7.0;48,5441070000;0,4924430000;
;3;22;22220;1;1;2.0;6.0;48,2583790000; -3,2235620000;
;1;29;29075;2;6;1.0;3.0;48,4312260000; -4,4026580000;
;1;38;38261;1;1;1.0;6.0;45,6782480000;5,4493740000;
;3;02;02226;1;1;1.0;7.0;49,3365570000;3,3015930000;
;1;26;26248;1;1;8.0;6.0;44,7366280000;5,2661630000;
;1;14;14231;1;1;1.0;1.0;49,2166300000;0,0098380000;
;1;09;09173;1;1;1.0;2.0;43,0363570000;1,5407970000;
;1;60;60086;1;9;1.0;6.0;49,1766540000;2,3531560000;
;1;45;45258;2;1;2.0;7.0;48,2125820000;2,4580700000;
;1;73;73303;2;3;1.0;3.0;45,7513020000;6,4064350000;
;4;16;16397;1;1;1.0;6.0;45,8872210000; -0,0758020000;
;1;53;53112;1;2;1.0;4.0;48,3978973804; -0,3763012008;
;1;24;24237;1;3;1.0;2.0;44,8877160000;0,5492360000;
;1;27;27117;2;1;1.0;6.0;49,0087060000;0,5290250000;
;1;17;17093;2;3;1.0;3.0;45,8907400000; -1,2204910000;
;3;48;48157;1;1;8.0;6.0;44,5215710000;3,6125280000;
;3;973;97307;1;1;1.0;2.0;4,8953090000; -52,3298120000;
;5;77;77521;2;1;1.0;1.0;48,8612420000;2,8655430000;
;1;67;67287;1;1;1.0;2.0;48,7695300000;7,5224800000;
;1;33;33095;1;1;1.0;6.0;44,3172160000; -0,2293400000;
;3;71;71428;1;1;3.0;3.0;46,2004260000;4,3078640000;
;1;988;98817;2;1;1.0;6.0; -22,2662620000;166,6144950000;
;3;45;45244;1;1;1.0;2.0;47,7646010718;2,4916333508;
;1;77;77229;1;1;1.0;1.0;48,7552089048;2,8588062388;
;2;13;13085;2;1;8.0;7.0;43,2660980994;5,5862754381;
;1;13;13042;1;1;1.0;3.0;43,3158030000;5,6656620000;
;1;08;08081;1;1;1.0;1.0;49,8693940000;4,7420280000;
;3;68;68036;1;1;3.0;6.0;48,0511340000;7,5370130000;
;1;67;67282;2;6;1.0;6.0;48,6265620000;7,5046440000;
;1;67;67268;1;2;7.0;1.0;48,4903840000;7,6755970000;
;1;03;03102;1;1;1.0;1.0;46,5530340000;3,6922510000;
;1;65;65123;1;1;1.0;6.0;42,9365220000;0,2088900000;
;1;17;17307;1;1;1.0;6.0;45,7043210000; -0,9248260000;
;1;33;33238;2;1;3.0;3.0;44,7244980000; -0,5950160000;
;1;56;56262;2;1;1.0;3.0;47,6382310000; -2,9528660000;
;1;60;60533;2;1;1.0;6.0;49,5410810000;2,7454340000;
;1;02;02163;1;1;1.0;2.0;48,9721000000;3,2805820000;
;1;13;13071;1;1;1.0;5.0;43,4165772776;5,2761912345;
;3;69;69029;1;1;1.0;5.0;45,7396600000;4,9047800000;
;3;69;69276;1;1;3.0;2.0;45,6724209559;4,8474758863;
;1;33;33249;1;1;1.0;4.0;44,8703800000; -0,5054400000;
;1;33;33167;1;1;1.0;7.0;44,8441100000; -0,5028200000;
;1;33;33119;1;1;1.0;2.0;44,8636610000; -0,5039290000;
;1;91;91692;1;1;1.0;7.0;48,6692800000;2,1943400000;
;1;91;91521;1;1;1.0;5.0;48,6362800000;2,4000500000;
;1;91;91434;1;1;1.0;4.0;48,6681500000;2,3548000000;
;1;91;91339;1;9;1.0;2.0;48,6252100000;2,2626200000;
;3;91;91064;1;1;3.0;7.0;48,7503500000;2,2215700000;
;3;91;91064;1;1;2.0;7.0;48,7670300000;2,2299400000;
;5;78;78124;1;1;2.0;1.0;48,9127540000;2,1725530000;
;1;93;93007;1;1;1.0;2.0;48,9477454931;2,4439196803;
;1;93;93010;1;1;2.0;2.0;48,9037100000;2,4712500000;
;1;94;94069;1;1;1.0;6.0;48,8175715400;2,4363184350;
;3;94;94028;1;1;2.0;6.0;48,7760253175;2,4435371724;
;5;92;92044;2;2;1.0;3.0;48,8922288352;2,2849167287;
;5;75;75116;2;4;2.0;3.0;48,8508680000;2,2518930000;
;5;75;75116;2;1;3.0;5.0;48,8763230000;2,2785250000;
;5;75;75117;2;1;3.0;2.0;48,8852770000;2,2871230000;
;2;75;75116;2;1;2.0;5.0;48,8698870000;2,2715100000;
;1;75;75114;2;1;1.0;4.0;48,8217520000;2,3179320000;
;5;75;75106;2;4;3.0;3.0;48,8450970000;2,3201020000;
;1;75;75105;2;3;1.0;3.0;48,8395520000;2,3372710000;
;5;75;75118;2;3;2.0;6.0;48,8908920000;2,3532080000;
;5;75;75117;2;4;2.0;6.0;48,8817740000;2,3143470000;
;1;75;75116;2;7;1.0;7.0;48,8697880000;2,2856150000;
;1;75;75116;2;2;1.0;4.0;48,8663180000;2,2315670000;
;2;75;75115;2;1;2.0;7.0;48,8406100000;2,3214980000;
;2;75;75115;2;3;2.0;6.0;48,8418010000;2,3190500000;
;1;75;75114;2;3;1.0;6.0;48,8278460000;2,3289100000;
;5;75;75113;2;1;1.0;6.0;48,8209490000;2,3640280000;
;1;75;75112;2;1;2.0;3.0;48,8395040000;2,3848970000;
;5;75;75111;2;1;3.0;6.0;48,8549840000;2,3821120000;
;1;65;65286;2;4;1.0;2.0;43,1061020000; -0,0633830000;
;2;64;64260;2;1;1.0;3.0;43,3681070000; -1,7657540000;
;5;64;64445;2;6;1.0;3.0;43,3185100000; -0,3603000000;
;2;62;62510;2;1;1.0;7.0;50,4264390000;2,7750820000;
;1;59;59386;2;2;1.0;3.0;50,6658500000;3,0640600000;
;1;59;59350;2;2;1.0;3.0;50,6242500000;3,0612700000;
;5;49;49007;2;1;1.0;7.0;47,4731200000; -0,5563700000;
;1;45;45234;2;3;1.0;3.0;47,8868310000;1,9032070000;
;1;45;45302;2;6;1.0;3.0;47,9473500000;1,8652800000;
;2;42;42218;2;3;1.0;1.0;45,4129200000;4,3963100000;
;1;38;38185;2;1;1.0;6.0;45,1802300000;5,7115700000;
;3;37;37214;2;1;1.0;6.0;47,3969983917;0,6635409594;
;1;34;34301;2;1;1.0;6.0;43,3958000000;3,6951300000;
;5;33;33119;2;1;1.0;6.0;44,8485100000; -0,5373400000;
;1;33;33009;2;1;7.0;3.0;44,6619000000; -1,1491000000;
;1;32;32013;1;1;1.0;2.0;43,6537800000;0,6119490000;
;1;31;31555;1;1;1.0;3.0;43,5631600000;1,4180500000;
;1;27;27229;2;3;1.0;3.0;49,0149600000;1,1603900000;
;1;17;17300;2;1;1.0;3.0;46,1660000000; -1,1418400000;
;2;13;13117;2;1;1.0;3.0;43,4333300000;5,2625200000;
;3;13;13054;2;3;1.0;3.0;43,4074800000;5,2273800000;
;1;13;13201;2;3;1.0;1.0;43,2979900000;5,3768000000;
;1;13;13206;2;3;1.0;3.0;43,2899500000;5,3759200000;
;1;12;12100;2;1;1.0;2.0;44,5352000000;2,3185700000;
;3;11;11069;1;1;1.0;6.0;43,1911100000;2,3318100000;
;1;75;75113;2;1;1.0;2.0;48,8264910000;2,3891460000;
;5;75;75120;2;2;1.0;3.0;48,8591630000;2,4021270000;
;5;75;75120;2;4;1.0;3.0;48,8646200000;2,4058370000;
;1;75;75116;2;4;1.0;6.0;48,8511780000;2,2751510000;
;1;75;75112;2;2;1.0;3.0;48,8473450000;2,3867860000;
;1;75;75110;2;4;1.0;6.0;48,8815931130;2,3657324910;
;1;75;75108;2;4;1.0;6.0;48,8822360000;2,3217280000;
;1;75;75108;2;2;7.0;6.0;48,8733930000;2,3195740000;
;5;75;75108;2;7;1.0;3.0;48,8735268865;2,2958260775;
;1;75;75102;2;7;1.0;6.0;48,8702990000;2,3327030000;
;1;75;75101;2;3;1.0;3.0;48,8630280000;2,3419180000;
;1;94;94067;2;2;1.0;5.0;48,8448600000;2,4210000000;
;1;94;94078;2;1;1.0;6.0;48,7329600000;2,4502200000;
;5;94;94028;2;2;1.0;3.0;48,7779200000;2,4667300000;
;5;94;94078;2;3;1.0;3.0;48,7276400000;2,4455700000;
;2;93;93046;2;3;1.0;3.0;48,9130214993;2,5386958396;
;1;93;93066;2;1;1.0;2.0;48,9188500000;2,3545600000;
;1;93;93007;2;2;1.0;3.0;48,9338819944;2,4653543914;
;1;93;93001;2;3;1.0;1.0;48,9076193213;2,3962568616;
;1;92;92078;2;1;1.0;3.0;48,9379880000;2,3241900000;
;1;92;92064;2;3;1.0;7.0;48,8442803244;2,2075653076;
;1;92;92044;2;2;1.0;3.0;48,8904197242;2,2836719155;
;2;92;92012;2;6;7.0;6.0;48,8407128516;2,2281448245;
;1;35;35145;2;8;1.0;6.0;47,7394820000; -1,8459020000;
;1;47;47124;1;1;1.0;6.0;44,5004294896;0,8485872226;
;1;86;86224;1;1;1.0;6.0;46,9071610000;0,4390450000;
;1;972;97218;1;1;2.0;3.0;14,7428450000; -61,0986190000;
;1;35;35156;1;1;1.0;7.0;48,3056700000; -1,9459460000;
;3;01;01285;2;1;1.0;3.0;45,9211620000;4,8138890000;
;1;29;29020;1;1;1.0;6.0;48,1038080910; -4,0305302350;
;1;22;22020;1;1;1.0;7.0;48,3128700000; -2,2420260000;
;1;74;74043;2;1;1.0;6.0;46,2655940000;6,3727030000;
;1;51;51621;2;1;1.0;7.0;49,1903030000;4,8906400000;
;1;79;79196;1;1;1.0;7.0;46,9447150000; -0,1325600000;
;1;79;79284;2;1;1.0;3.0;46,4433600000; -0,4476800000;
;1;2A;2A032;2;1;1.0;6.0;41,9149960000;8,8390910000;
;1;2B;2B077;1;4;1.0;3.0;42,4639570000;9,4959910000;
;1;71;71543;2;2;1.0;3.0;46,5639910000;4,9121120000;
;1;42;42161;1;1;1.0;6.0;45,9756850000;4,1375180000;
;4;46;46038;2;6;1.0;7.0;44,9125400000;1,8417660000;
;1;39;39478;2;1;1.0;6.0;46,3909090000;5,8642910000;
;5;35;35049;2;1;1.0;6.0;48,6771230000; -1,8563840000;
;3;02;02290;1;1;1.0;6.0;49,0180690000;3,3760270000;
;1;01;01039;2;1;1.0;2.0;45,8576410000;5,7427700000;
;1;01;01402;1;1;1.0;6.0;46,5148930000;4,9795750000;
;3;72;72251;1;1;1.0;7.0;48,2702540000;0,1969650000;
;1;72;72283;1;1;1.0;6.0;47,6312440000;0,3053510000;
;1;14;14370;2;2;1.0;3.0;49,2266840000; -0,8712240000;
;1;05;05010;2;1;1.0;1.0;44,5236820000;5,7574130000;
;1;18;18175;1;1;1.0;7.0;46,9210910000;2,7681900000;
;1;17;17249;1;2;1.0;3.0;45,3968490000; -0,3070590000;
;1;19;19180;1;1;1.0;7.0;45,5113510000;2,2201930000;
;3;76;76401;1;1;1.0;6.0;49,4181300000;0,7955500000;
;1;73;73296;1;1;1.0;6.0;45,4933200000;6,9261350000;
;3;971;97103;1;1;1.0;6.0;16,2521140000; -61,5840770000;
;1;987;98738;2;3;2.0;3.0; -17,5580000000; -149,4760000000;
;3;971;97107;1;1;1.0;1.0;15,9968100000; -61,6070800000;
;3;91;91587;1;1;1.0;2.0;48,6952660000;2,2857360000;
;1;78;78506;1;2;1.0;3.0;48,4986640000;1,8152330000;
;1;2A;2A215;1;2;1.0;6.0;41,5022560000;9,0300940000;
;2;66;66088;1;3;1.0;1.0;42,6802350000;2,6301630000;
;1;66;66227;2;6;1.0;3.0;42,6403780000;2,9098050000;
;1;13;13081;2;6;1.0;3.0;43,4861990000;5,2302550000;
;1;67;67481;1;2;1.0;3.0;48,3758790000;7,4885020000;
;1;63;63038;1;1;1.0;6.0;45,5086274897;2,9099929333;
;1;74;74136;2;1;1.0;5.0;45,9428240000;6,4246420000;
;3;73;73071;1;1;1.0;6.0;45,4493112809;6,6945991516;
;1;42;42094;2;1;1.0;6.0;45,7433500000;4,2208980000;
;1;26;26074;1;3;1.0;1.0;44,9690260000;5,4290700000;
;1;17;17278;1;1;1.0;2.0;45,6998180000; -0,7982070000;
;1;29;29169;1;1;1.0;3.0;48,0721510000; -4,1935530000;
;1;22;22054;1;1;1.0;;48,5996430000; -2,4631910000;
;2;60;60620;2;9;1.0;1.0;49,3319710874;2,1755053996;
;1;59;59139;2;6;1.0;6.0;50,1257279374;3,4225577116;
;1;59;59268;1;6;7.0;2.0;50,6341790000;2,7378700000;
;1;13;13071;1;1;1.0;7.0;43,3909700000;5,3012400000;
;1;92;92025;1;1;1.0;5.0;48,9189886921;2,2237886747;
;1;78;78043;1;1;1.0;2.0;48,8275900000;2,0778740000;
;1;93;93027;1;1;1.0;4.0;48,9240500000;2,3875300000;
;1;75;75112;1;1;1.0;2.0;48,8220360000;2,4623560000;
;1;77;77249;1;1;1.0;2.0;48,7348200000;2,6110700000;
;1;77;77337;1;1;1.0;2.0;48,8301300000;2,6142300000;
;1;94;94073;1;1;1.0;3.0;48,7707911137;2,3864331060;
;1;59;59512;2;1;1.0;2.0;50,7011500000;3,1919100000;
;5;68;68224;2;3;1.0;7.0;47,7530900000;7,3439800000;
;1;45;45234;2;1;1.0;4.0;47,8980053910;1,9103376567;
;3;42;42031;2;1;1.0;3.0;45,4040300000;4,2350000000;
;5;69;69388;2;1;1.0;6.0;45,7290662010;4,8866817355;
;2;69;69383;2;1;1.0;6.0;45,7549730489;4,8492624033;
;1;69;69259;2;2;1.0;3.0;45,7243852006;4,8713395000;
;1;972;97213;1;1;1.0;3.0;14,6202300000; -61,0214800000;
;5;972;97209;2;3;1.0;3.0;14,6076400000; -61,0689500000;
;5;972;97209;1;1;1.0;2.0;14,6423200000; -61,0426800000;
;1;91;91184;1;1;1.0;1.0;48,4091920000;2,3801980000;
;5;2B;2B033;2;1;1.0;1.0;42,6872200000;9,4457900000;
;1;34;34157;1;1;1.0;3.0;43,4272740000;3,5589050000;
;1;2B;2B033;2;1;1.0;2.0;42,6941000000;9,4523000000;
;1;84;84122;1;1;9.0;1.0;44,1212010000;4,9697400000;
;1;25;25465;1;1;1.0;6.0;47,3289720000;6,3648940000;
;1;971;97101;2;3;2.0;3.0;16,2537000000; -61,5234800000;
;1;971;97101;1;3;2.0;6.0;16,2654000000; -61,4688600000;
;1;69;69294;2;3;1.0;2.0;45,6284900000;4,8203900000;
;1;2A;2A004;2;1;1.0;2.0;41,9248900000;8,7389400000;
;1;85;85092;2;1;1.0;3.0;46,4657900000; -0,7934550000;
;2;95;95585;2;1;1.0;2.0;48,9824936999;2,3701822758;
;1;85;85296;1;1;1.0;1.0;46,8995750000; -0,8402400000;
;1;14;14047;2;1;2.0;7.0;49,2836490000; -0,7050390000;
;1;91;91286;2;1;1.0;6.0;48,6532500000;2,3946900000;
;1;89;89342;1;1;1.0;1.0;48,2432600000;3,2533000000;
;1;60;60252;1;1;1.0;7.0;49,4596790000;2,3843430000;
;1;60;60575;1;3;1.0;3.0;49,3004980000;2,1972760000;
;1;77;77181;2;1;7.0;6.0;48,8243000000;2,7070000000;
;1;77;77186;1;2;1.0;3.0;48,3766200000;2,7395900000;
;1;62;62870;1;1;1.0;1.0;50,4141860000;1,6937510000;
;1;76;76540;2;2;1.0;6.0;49,4526500000;1,0565800000;
;5;13;13212;1;1;1.0;6.0;43,2949000000;5,4262400000;
;5;76;76484;2;1;1.0;3.0;49,3432530276;1,0908114910;
;1;13;13005;1;1;1.0;2.0;43,2896400000;5,5575400000;
;2;76;76351;2;1;1.0;6.0;49,4874500000;0,1421000000;
;1;13;13071;1;1;2.0;2.0;43,4061400000;5,3367000000;
;1;69;69266;2;2;7.0;3.0;45,7647300000;4,8845000000;
;1;13;13211;1;1;1.0;6.0;43,2907477875;5,4875286322;
;1;67;67462;1;3;1.0;2.0;48,2379300000;7,4785700000;
;1;13;13215;1;1;1.0;2.0;43,3664345541;5,3608052872;
;5;64;64445;2;1;1.0;3.0;43,3221700000; -0,3668700000;
;1;33;33192;1;1;1.0;2.0;44,7894580000; -0,6038600000;
;1;63;63113;2;2;1.0;3.0;45,7813000000;3,1047000000;
;1;33;33397;1;1;1.0;2.0;44,8944140000; -0,4981660000;
;3;57;57591;1;1;1.0;7.0;49,2408300000;6,0679800000;
;3;56;56121;2;1;1.0;6.0;47,7493800000; -3,3740150000;
;1;54;54304;2;2;1.0;3.0;48,6932600000;6,1279500000;
;1;94;94034;1;1;1.0;4.0;48,7578300000;2,3282900000;
;1;52;52448;2;3;1.0;1.0;48,6420072187;4,9351894855;
;1;91;91174;1;1;1.0;7.0;48,6247500000;2,4708800000;
;1;50;50129;2;3;1.0;6.0;49,6380800000; -1,6239000000;
;1;92;92002;1;1;1.0;3.0;48,7319740000;2,3106990000;
;1;47;47027;1;1;1.0;6.0;44,4155000000;0,6619000000;
;1;47;47001;2;2;1.0;3.0;44,2059900000;0,6116800000;
;1;77;77251;1;1;1.0;3.0;48,6447670000;2,5434560000;
;5;47;47001;2;2;1.0;3.0;44,2052640000;0,6251970000;
;5;44;44184;2;1;1.0;7.0;47,2614700000; -2,2620100000;
;2;91;91689;1;1;1.0;4.0;48,7414300000;2,3212000000;
;1;42;42218;2;3;8.0;6.0;45,4370900000;4,3908900000;
;1;92;92036;1;1;1.0;4.0;48,9423087641;2,2895919163;
;1;92;92078;1;1;1.0;2.0;48,9276695515;2,3328449875;
;1;93;93066;1;1;1.0;2.0;48,9186200000;2,3576000000;
;5;38;38185;2;2;1.0;3.0;45,1889700000;5,7293600000;
;3;35;35278;1;1;1.0;6.0;48,1701414333; -1,6936567426;
;1;95;95572;1;1;1.0;2.0;49,0354100000;2,1170100000;
;2;35;35238;2;1;1.0;3.0;48,1157646679; -1,7045089602;
;1;95;95582;1;1;1.0;3.0;48,9746867186;2,2441935539;
;1;34;34172;2;1;1.0;4.0;43,5762500000;3,8723400000;
;1;93;93005;1;1;1.0;5.0;48,9668465843;2,4759478569;
;3;77;77058;1;1;1.0;7.0;48,8290100000;2,7383700000;
;2;34;34032;2;1;1.0;7.0;43,3237520000;3,2490740000;
;3;974;97407;2;9;1.0;6.0; -20,9553100000;55,3117200000;
;1;33;33162;2;1;1.0;7.0;44,8862600000; -0,6483300000;
;2;69;69259;2;9;2.0;3.0;45,7167823032;4,8772430420;
;1;29;29232;1;6;1.0;3.0;48,0167605000; -4,0953481700;
;1;69;69388;2;2;1.0;1.0;45,7274300000;4,8785000000;
;1;69;69387;1;1;1.0;2.0;45,7238300000;4,8423400000;
;1;29;29039;1;2;1.0;2.0;47,8741235217; -3,8982739449;
;1;972;97209;2;1;1.0;5.0;14,6130000000; -61,0529500000;
;1;29;29039;2;1;1.0;2.0;47,8689600000; -3,9174200000;
;1;69;69389;2;1;1.0;6.0;45,7624400000;4,8041800000;
;1;971;97113;1;1;1.0;6.0;16,2116000000; -61,4742000000;
;4;2A;2A004;2;1;1.0;7.0;41,9229243168;8,7375930547;
;1;17;17306;2;9;1.0;3.0;45,6159300000; -1,0019300000;
;1;95;95280;2;3;1.0;3.0;49,0213000000;2,4710200000;
;1;91;91471;2;6;1.0;3.0;48,6843800000;2,1885900000;
;1;91;91097;2;9;1.0;7.0;48,6840850000;2,5350230000;
;1;91;91223;2;1;1.0;2.0;48,4525800000;2,1603600000;
;1;85;85194;2;1;1.0;3.0;46,5140540000; -1,7765130000;
;1;83;83129;2;3;1.0;6.0;43,0925402139;5,8401346207;
;1;83;83069;2;1;1.0;4.0;43,1171400000;6,1438000000;
;1;77;77131;2;3;1.0;3.0;48,7974000000;3,0740000000;
;1;73;73008;2;6;1.0;2.0;45,6966100000;5,9074600000;
;1;67;67365;2;1;1.0;2.0;48,5503800000;7,7111500000;
;1;67;67482;2;3;1.0;2.0;48,5458995958;7,7655610442;
;1;64;64445;2;4;1.0;3.0;43,3009100000; -0,3596800000;
;1;64;64445;2;1;1.0;3.0;43,3023600000; -0,3603900000;
;1;64;64024;2;9;1.0;3.0;43,4817605980; -1,5095552820;
;1;59;59350;2;1;1.0;3.0;50,6420300000;3,0534900000;
;1;57;57672;2;1;1.0;6.0;49,3567900000;6,1577280000;
;1;56;56121;2;3;1.0;3.0;47,7616000000; -3,3882000000;
;1;51;51454;2;1;1.0;4.0;49,2548800000;4,0352500000;
;1;49;49328;2;3;1.0;3.0;47,2530800000; -0,0892800000;
;5;49;49007;2;1;1.0;6.0;47,4741200000; -0,5373200000;
;5;38;38185;2;2;2.0;3.0;45,1826800000;5,7171600000;
;1;37;37122;2;1;1.0;4.0;47,3435792180;0,6269904971;
;1;35;35238;2;1;1.0;7.0;48,1100100000; -1,6623100000;
;1;34;34129;2;3;1.0;3.0;43,5554700000;3,8603700000;
;1;34;34032;1;1;1.0;3.0;43,3624800000;3,2429270000;
;1;33;33119;2;1;1.0;6.0;44,8536500000; -0,5352600000;
;1;29;29019;2;3;1.0;3.0;48,4074050000; -4,5222590000;
;1;28;28404;2;1;7.0;3.0;48,7233610000;1,3689670000;
;5;25;25056;2;5;1.0;6.0;47,2377900000;6,0148800000;
;1;17;17028;2;6;1.0;3.0;46,1348700000; -1,1204700000;
;1;15;15014;2;1;1.0;6.0;44,9263300000;2,4454400000;
;1;13;13103;2;2;1.0;3.0;43,6318960713;5,1000122584;
;1;13;13206;2;2;1.0;2.0;43,2854500000;5,3898500000;
;1;13;13215;2;6;1.0;3.0;43,3482600000;5,3560900000;
;1;13;13206;2;1;1.0;3.0;43,2900100000;5,3836200000;
;1;13;13001;2;3;1.0;3.0;43,5134382639;5,4553753741;
;1;11;11069;2;1;1.0;6.0;43,2269700000;2,3522600000;
;1;10;10081;2;1;1.0;2.0;48,3296700000;4,0458000000;
;5;07;07186;2;1;2.0;6.0;44,7371560000;4,6124070000;
;1;07;07102;2;1;1.0;6.0;44,9278700000;4,8555800000;
;1;75;75120;2;1;1.0;2.0;48,8747450000;2,4105430000;
;1;75;75119;2;1;1.0;2.0;48,8961810000;2,3750560000;
;2;75;75119;2;2;1.0;3.0;48,8754620000;2,3979220000;
;5;75;75119;2;1;1.0;1.0;48,8914380000;2,3850170000;
;1;75;75119;2;1;1.0;4.0;48,9003590000;2,3766420000;
;1;75;75118;2;5;1.0;3.0;48,8936240000;2,3363550000;
;1;75;75115;2;7;1.0;3.0;48,8275720000;2,2929310000;
;1;75;75114;2;1;1.0;6.0;48,8296650000;2,3304160000;
;1;75;75113;2;2;1.0;6.0;48,8259757143;2,3826304078;
;5;75;75110;2;2;1.0;6.0;48,8816060000;2,3657710000;
;1;75;75108;2;7;1.0;3.0;48,8640607303;2,3201134801;
;1;75;75107;2;2;1.0;3.0;48,8625730000;2,3104080000;