Num_Acc;lum;departement;commune;agglomeration;intersection;meteo;type_collision;lat;long;date
;1;10;10387;2;2;1.0;1.0;48,3017308039;4,0872466564;
;1;69;69259;2;6;1.0;3.0;45,7285500000;4,8589800000;
;1;07;07019;2;1;1.0;3.0;44,6086282729;4,3910765650;
;1;06;06029;2;1;1.0;6.0;43,5501500000;7,0230800000;
;5;67;67482;2;2;1.0;3.0;48,5659700000;7,7667800000;
;1;75;75119;2;1;1.0;3.0;48,9006230000;2,3875040000;
;1;09;09324;1;8;7.0;3.0;43,0646510000;1,6390710000;
;1;67;67482;2;3;1.0;3.0;48,5694900000;7,7631500000;
;1;75;75112;2;1;1.0;3.0;48,8281780000;2,3961360000;
;1;73;73008;2;6;1.0;3.0;45,6935000000;5,8963400000;
;1;66;66136;2;9;1.0;4.0;42,6838400000;2,9108400000;
;1;75;75117;2;1;1.0;2.0;48,8970220000;2,3110830000;
;1;93;93077;2;2;1.0;3.0;48,8849190000;2,5195110000;
;1;66;66136;2;6;1.0;3.0;42,7050387372;2,8810049593;
;1;75;75120;2;3;1.0;2.0;48,8639350000;2,3917080000;
;1;64;64129;2;1;1.0;3.0;43,3033100000; -0,3953400000;
;5;93;93005;2;2;1.0;3.0;48,9524000000;2,4907000000;
;5;75;75120;2;4;1.0;6.0;48,8673219809;2,3906756938;
;1;64;64284;2;1;1.0;2.0;43,2596100000; -0,3905400000;
;5;93;93071;2;2;2.0;1.0;48,9334970000;2,5161640000;
;1;75;75119;2;3;1.0;7.0;48,8752430000;2,3823120000;
;1;63;63113;2;6;1.0;3.0;45,7880900000;3,1391600000;
;1;74;74096;1;1;2.0;1.0;46,0520140000;6,1321310000;
;1;75;75116;2;1;1.0;3.0;48,8697800000;2,2922170000;
;3;74;74109;1;1;2.0;7.0;46,0738860000;5,8455740000;
;1;63;63113;2;4;1.0;3.0;45,7815000000;3,0884800000;
;1;75;75116;2;1;1.0;2.0;48,8766760000;2,2656950000;
;5;74;74262;1;1;1.0;7.0;46,1138840000;6,3136520000;
;1;63;63113;2;1;1.0;6.0;45,8011380824;3,1135747432;
;1;75;75116;2;4;1.0;2.0;48,8578030000;2,2879660000;
;5;74;74010;2;4;3.0;6.0;45,9131480000;6,1426110000;
;1;63;63113;2;1;2.0;3.0;45,8163000000;3,1104400000;
;1;59;59386;2;1;1.0;6.0;50,6778510000;3,0618210000;
;1;75;75116;2;3;1.0;2.0;48,8670720000;2,2492840000;
;1;74;74010;1;1;3.0;1.0;45,9181540000;6,1858390000;
;1;59;59507;2;1;1.0;6.0;50,5997990535;3,0870348215;
;1;75;75116;2;1;1.0;5.0;48,8684300000;2,2353910000;
;5;74;74010;2;1;1.0;6.0;45,9051990000;6,1503940000;
;2;59;59350;2;1;1.0;2.0;50,6225900000;3,0448300000;
;1;75;75115;2;1;1.0;6.0;48,8457670000;2,2847980000;
;1;74;74010;1;6;1.0;3.0;45,8439340000;6,0577230000;
;1;56;56121;2;2;1.0;3.0;47,7402840000; -3,3688090000;
;1;75;75115;2;1;1.0;6.0;48,8429480000;2,3016760000;
;1;93;93005;2;3;1.0;6.0;48,9323700000;2,4949700000;
;2;75;75112;2;3;1.0;6.0;48,8391210000;2,3805390000;
;2;56;56121;2;6;8.0;3.0;47,7337700000; -3,3766700000;
;5;75;75111;2;2;1.0;3.0;48,8557440000;2,3913620000;
;1;54;54395;2;2;1.0;6.0;48,6823500000;6,1655600000;
;1;51;51454;2;1;1.0;2.0;49,2921398362;4,0024392307;
;5;51;51454;2;6;2.0;7.0;49,2571248014;4,0393048525;
;1;49;49007;2;1;1.0;6.0;47,4817900000; -0,5754700000;
;1;75;75111;2;3;1.0;6.0;48,8607140000;2,3799510000;
;2;45;45234;2;1;1.0;4.0;47,9054990000;1,9094540000;
;3;21;21459;1;1;1.0;7.0;47,4384870000;5,2906890000;
;5;45;45075;2;1;1.0;6.0;47,8856830000;1,8263180000;
;5;45;45004;2;6;1.0;6.0;47,9802250000;2,7295030000;
;2;73;73065;1;3;1.0;1.0;45,5925790000;5,9021990000;
;2;44;44162;1;1;1.0;2.0;47,2169900000; -1,6248800000;
;2;38;38544;2;1;2.0;6.0;45,5270000000;4,8980000000;
;5;38;38544;2;1;1.0;6.0;45,5263000000;4,8726000000;
;5;38;38185;2;3;1.0;3.0;45,1738800000;5,7420000000;
;5;35;35238;2;1;1.0;6.0;48,1236200000; -1,6514100000;
;3;38;38544;2;1;1.0;3.0;45,5209000000;4,8833700000;
;1;33;33063;2;1;1.0;6.0;44,8489993701; -0,5733034015;
;2;38;38544;1;9;8.0;6.0;45,5134700000;4,9210400000;
;1;33;33162;2;2;1.0;3.0;44,8796107949; -0,6472894549;
;1;38;38053;2;2;1.0;3.0;45,5917700000;5,2851700000;
;1;31;31555;2;3;8.0;3.0;43,6048180000;1,4494540000;
;1;38;38053;2;1;3.0;1.0;45,5881600000;5,2815000000;
;5;29;29232;2;1;1.0;1.0;48,0007100000; -4,1009090000;
;5;38;38053;1;2;1.0;3.0;45,5960900000;5,2409400000;
;1;29;29019;2;6;2.0;1.0;48,3913100000; -4,4883100000;
;1;38;38053;2;1;1.0;3.0;45,5846300000;5,2765200000;
;1;28;28134;2;9;1.0;1.0;48,7372600000;1,3666200000;
;1;19;19031;2;2;1.0;6.0;45,1637400000;1,5404800000;
;5;38;38053;2;1;1.0;2.0;45,5847000000;5,2855600000;
;1;38;38053;2;1;1.0;6.0;45,5908200000;5,2716100000;
;5;19;19031;2;2;1.0;3.0;45,1619800000;1,5310600000;
;3;17;17028;1;1;2.0;7.0;46,1246300000; -1,1244100000;
;3;88;88218;1;1;3.0;6.0;48,1229250000;6,8374660000;
;1;13;13117;2;2;1.0;3.0;43,4272365061;5,2354753871;
;3;60;60646;1;1;2.0;2.0;49,4792790000;2,0629410000;
;1;13;13117;2;9;1.0;2.0;43,4421804291;5,2957800278;
;2;29;29147;2;6;3.0;3.0;47,8675599000; -3,5845930000;
;5;13;13203;1;1;1.0;1.0;43,3202300000;5,3773200000;
;1;22;22272;1;1;1.0;1.0;48,5525730000; -3,1075970000;
;5;12;12013;1;1;1.0;6.0;44,5492220666;2,2519254684;
;5;06;06088;2;1;1.0;6.0;43,6728000000;7,2021900000;
;5;74;74012;1;3;8.0;3.0;46,1975300000;6,2671600000;
;1;06;06069;2;1;1.0;6.0;43,6608900000;6,9225270000;
;2;06;06029;2;1;1.0;6.0;43,5536900000;7,0155900000;
;3;74;74284;1;4;2.0;2.0;46,1351510000;6,4422800000;
;5;74;74275;2;1;2.0;1.0;45,8467390000;6,2141530000;
;2;74;74311;2;1;2.0;1.0;46,1448230000;6,3968860000;
;5;74;74012;2;1;1.0;6.0;46,1875500000;6,2405200000;
;1;74;74096;1;1;1.0;6.0;46,0484550000;6,1256290000;
;5;74;74012;2;1;3.0;6.0;46,1929200000;6,2511600000;
;1;45;45162;1;3;1.0;1.0;48,2082589618;2,1581976414;
;3;74;74172;1;1;1.0;6.0;46,3861400000;6,6438200000;
;3;45;45051;1;1;1.0;6.0;47,8267020000;2,3796130000;
;2;74;74243;2;3;1.0;3.0;46,1336680000;6,0819570000;
;1;45;45155;2;6;1.0;1.0;47,6812310000;2,6302190000;
;1;62;62040;1;2;1.0;3.0;50,7183470000;2,3256420000;
;1;74;74305;2;1;1.0;3.0;46,2015300000;6,2455400000;
;1;74;74118;1;1;8.0;3.0;46,1778700000;6,2345600000;
;5;69;69266;2;1;1.0;2.0;45,7818900000;4,8883400000;
;5;74;74012;2;3;3.0;6.0;46,1862900000;6,2364200000;
;1;74;74281;2;1;8.0;6.0;46,3634000000;6,4687300000;
;2;74;74026;2;1;4.0;6.0;45,9719500000;6,0520400000;
;1;39;39198;1;1;1.0;1.0;47,1077240000;5,4834300000;
;1;74;74010;2;3;8.0;2.0;45,9054300000;6,1196300000;
;1;39;39198;2;3;1.0;3.0;47,1115700000;5,5002700000;
;3;74;74178;1;1;3.0;3.0;45,9526270000;5,9187340000;
;1;67;67152;1;1;1.0;2.0;48,5277100000;7,6943400000;
;1;74;74010;2;6;8.0;3.0;45,9161900000;6,1286000000;
;1;67;67447;1;1;1.0;4.0;48,6012400000;7,7339800000;
;1;62;62225;1;1;8.0;6.0;50,7747030000;2,3525940000;
;1;976;97611;2;1;2.0;7.0; -12,8064500000;45,2083200000;
;1;62;62765;2;6;1.0;3.0;50,7450740000;2,2589930000;
;1;973;97302;2;3;1.0;6.0;4,9192337946; -52,3176026344;
;1;973;97302;2;1;2.0;3.0;4,9306766101; -52,3136624694;
;1;973;97302;1;1;1.0;6.0;4,9215872217; -52,3297584057;
;3;80;80187;1;1;1.0;5.0;49,9712770000;2,1549730000;
;1;973;97309;2;1;2.0;7.0;4,9147400000; -52,3101100000;
;5;54;54451;2;1;2.0;1.0;49,5072400000;5,7547800000;
;1;69;69387;2;2;1.0;3.0;45,7398400000;4,8331200000;
;1;69;69386;2;3;1.0;3.0;45,7700700000;4,8569800000;
;1;972;97213;1;1;1.0;1.0;14,6319470000; -61,0315590000;
;3;38;38053;1;1;1.0;2.0;45,5921400000;5,2512300000;
;1;972;97209;2;1;2.0;3.0;14,6150400000; -61,0513800000;
;1;971;97101;2;1;1.0;4.0;16,2530082798; -61,5460002422;
;2;971;97113;1;1;1.0;6.0;16,2229916145; -61,5234053135;
;1;95;95018;2;3;1.0;5.0;48,9429556402;2,2522696853;
;1;91;91421;1;1;1.0;2.0;48,7122400000;2,4421100000;
;5;87;87085;2;1;1.0;2.0;45,8333400000;1,2651600000;
;1;87;87085;2;1;1.0;6.0;45,8331100000;1,2485100000;
;1;85;85194;2;3;1.0;3.0;46,5065870000; -1,7841786100;
;1;83;83137;2;1;1.0;1.0;43,1139300000;5,9351500000;
;5;83;83069;2;1;1.0;1.0;43,0808200000;6,1499100000;
;3;78;78418;2;1;1.0;6.0;48,9297800000;2,1439600000;
;5;78;78440;2;1;1.0;6.0;48,9912860000;1,9086010000;
;1;78;78401;2;1;1.0;2.0;49,0000940000;1,9074260000;
;2;78;78624;2;1;1.0;1.0;48,9950860000;2,0191880000;
;1;77;77058;2;1;1.0;6.0;48,8366190000;2,7080080000;
;1;76;76540;2;3;1.0;3.0;49,4476400000;1,0975800000;
;1;76;76351;2;2;1.0;3.0;49,5054100000;0,1693300000;
;1;76;76351;1;1;1.0;4.0;49,5004800000;0,1803600000;
;1;76;76217;2;9;1.0;6.0;49,9268100000;1,0796400000;
;1;69;69259;2;9;1.0;3.0;45,6995666730;4,8621089742;
;2;67;67447;2;3;1.0;3.0;48,6106600000;7,7338900000;
;2;67;67482;2;1;1.0;4.0;48,6129400000;7,7686000000;
;1;49;49355;1;1;1.0;3.0;47,1389720000; -0,7931180000;
;1;49;49355;1;1;1.0;3.0;47,0994020000; -0,7774110000;
;3;81;81075;2;1;1.0;6.0;43,6485210000;2,1020260000;
;1;28;28219;1;1;1.0;6.0;48,2325770000;1,0352900000;
;1;51;51217;2;2;1.0;3.0;49,0757760000;3,6394770000;
;2;14;14347;1;1;1.0;6.0;48,9804990000; -0,7543230000;
;1;68;68043;2;1;1.0;1.0;47,8563050000;7,2606860000;
;3;72;72200;1;1;1.0;2.0;47,8823520000;0,1908980000;
;1;14;14061;1;1;7.0;6.0;49,0094710252; -0,8954139962;
;1;62;62113;1;2;1.0;3.0;50,3394620000;2,5236580000;
;1;51;51576;2;9;1.0;3.0;49,0486420000;4,1121700000;
;3;19;19289;1;1;1.0;7.0;45,2206141309;1,4106810093;
;1;67;67306;1;1;1.0;5.0;48,5158460000;7,2937260000;
;2;76;76206;1;1;1.0;1.0;49,6644520314;0,2474284172;
;1;76;76141;1;1;1.0;7.0;49,6218600000;0,4252480000;
;1;2A;2A269;1;1;1.0;2.0;41,7910010000;9,3963250000;
;2;65;65017;1;1;1.0;6.0;42,7545120000;0,1925180000;
;1;32;32197;1;1;1.0;1.0;43,9835480000;0,2771900000;
;3;32;32072;1;1;1.0;6.0;43,6243960000;0,2779200000;
;1;11;11038;1;1;1.0;7.0;42,7895270000;2,1227220000;
;1;71;71187;1;1;1.0;4.0;46,7440370000;4,5355510000;
;1;71;71369;1;2;1.0;3.0;46,9134250000;4,7223830000;
;3;89;89180;1;4;2.0;6.0;48,1583340000;3,1666690000;
;2;42;42011;2;8;1.0;1.0;45,8181860000;4,1873820000;
;1;34;34332;1;1;1.0;1.0;43,2909200000;3,3869920000;
;2;39;39582;1;1;1.0;7.0;46,7596840000;5,6075490000;
;1;25;25422;2;1;1.0;3.0;47,3767740000;6,7303060000;
;1;38;38039;1;1;1.0;6.0;45,2729690000;5,8420010000;
;1;38;38249;1;1;1.0;6.0;45,2146890000;5,8256830000;
;1;03;03084;1;1;1.0;3.0;46,4777980000;2,8526900000;
;1;01;01029;1;2;1.0;3.0;46,4051520000;5,2688990000;
;1;26;26357;1;1;6.0;7.0;44,2814180000;4,9457360000;
;1;83;83056;1;1;1.0;6.0;43,5474520000;6,5326540000;
;1;60;60667;2;1;1.0;7.0;49,3108860000;2,7366850000;
;1;43;43229;1;1;7.0;1.0;45,0612490640;3,7857594217;
;1;43;43267;2;1;1.0;6.0;45,1856210000;3,9108220000;
;1;07;07005;1;1;1.0;6.0;44,5563040000;4,6041620000;
;1;21;21554;2;3;1.0;6.0;47,1025750000;5,2630140000;
;1;24;24220;1;3;1.0;4.0;45,0340930000;0,8177950000;
;2;27;27192;1;6;1.0;7.0;49,1555240000;0,9171870000;
;1;27;27056;2;6;1.0;3.0;49,0937240000;0,5887130000;
;1;28;28051;1;1;1.0;7.0;48,1839860000;1,3764020000;
;1;37;37211;1;2;1.0;3.0;47,2429831181;0,8104884624;
;1;37;37156;2;2;1.0;3.0;47,3813370000;0,8292870000;
;1;30;30241;1;1;1.0;1.0;43,9537110000;4,2687680000;
;1;24;24207;2;3;1.0;1.0;44,8172240000;1,2999970000;
;1;03;03193;1;1;1.0;6.0;46,5097110000;2,6279430000;
;1;973;97309;2;1;1.0;3.0;4,9063730000; -52,2731210000;
;1;01;01249;1;1;1.0;2.0;45,8150420000;4,9599190000;
;3;37;37067;1;1;1.0;6.0;47,2507178499;0,4878187180;
;3;06;06161;1;1;1.0;6.0;43,6325730000;7,1227670000;
;3;976;97602;1;1;1.0;1.0; -12,7344770000;45,1186180000;
;1;25;25405;1;4;1.0;3.0;46,8299910000;6,3390740000;
;1;974;97415;2;1;1.0;3.0; -21,0412080000;55,2249370000;
;1;37;37225;1;1;1.0;1.0;47,3604165683;0,8731770515;
;5;2B;2B093;1;1;1.0;1.0;42,6103180000;8,8896080000;
;1;30;30156;2;9;1.0;7.0;43,8655900000;4,4396910000;
;1;84;84003;2;1;7.0;6.0;43,8767480000;5,3991820000;
;1;84;84124;1;1;6.0;;43,9189170000;5,0945880000;
;1;67;67237;2;6;1.0;3.0;48,6758940000;7,8458800000;
;5;38;38449;2;1;1.0;3.0;45,6408870000;5,0978980000;
;1;38;38210;1;1;1.0;1.0;45,7692180000;5,2524740000;
;2;26;26088;2;6;1.0;2.0;45,0357610000;5,0828830000;
;1;01;01185;1;1;1.0;6.0;45,9370870000;5,6083270000;
;3;69;69177;1;6;1.0;6.0;45,7981121833;4,6242302657;
;2;81;81131;1;2;7.0;5.0;43,8917810000;1,9948340000;
;3;33;33322;2;1;1.0;7.0;44,9576610000; -0,6685790000;
;1;60;60612;1;1;1.0;7.0;49,2002729014;2,6037219874;
;1;13;13211;1;1;1.0;3.0;43,2920440695;5,4529971317;
;1;83;83027;1;1;1.0;6.0;43,1995861167;5,7574038505;
;3;83;83090;1;1;1.0;2.0;43,1237580000;5,8277030000;
;1;91;91086;1;1;1.0;3.0;48,6246600000;2,3945800000;
;1;91;91216;1;1;1.0;4.0;48,6850200000;2,3275800000;
;3;91;91228;1;1;1.0;5.0;48,6212600000;2,4240400000;
;1;91;91235;1;1;1.0;7.0;48,6259700000;2,3541200000;
;1;92;92025;1;1;1.0;4.0;48,9297729618;2,2416641417;
;1;95;95277;1;1;1.0;4.0;48,9703100000;2,4828200000;
;1;93;93064;1;1;1.0;2.0;48,8849500000;2,4700100000;
;1;95;95241;1;1;1.0;2.0;49,0558000000;2,4231000000;
;1;77;77294;1;1;1.0;6.0;48,9727270000;2,5763970000;
;1;94;94033;1;1;1.0;2.0;48,8521422803;2,4902740888;
;2;77;77175;1;1;1.0;6.0;48,6491800000;2,6206100000;
;3;75;75112;1;1;1.0;4.0;48,8211230000;2,4615410000;
;1;94;94033;1;1;1.0;2.0;48,8521422803;2,4902740888;
;1;77;77363;1;1;1.0;2.0;48,9184500000;2,6324100000;
;3;94;94044;1;1;1.0;7.0;48,7579200000;2,4706500000;
;1;92;92073;2;1;1.0;7.0;48,8669600000;2,2211800000;
;1;974;97416;1;1;1.0;6.0; -21,3122000000;55,4511000000;
;1;974;97416;1;1;1.0;7.0; -21,3211600000;55,4464300000;
;2;973;97302;2;1;1.0;6.0;4,9337500000; -52,3340000000;
;1;972;97213;1;1;1.0;4.0;14,6181300000; -61,0333500000;
;5;69;69389;2;2;8.0;6.0;45,7742700000;4,8053700000;
;3;971;97105;2;3;2.0;3.0;15,9956500000; -61,7318600000;
;5;83;83123;2;1;1.0;6.0;43,1251633668;5,7886807323;
;1;81;81004;2;3;1.0;2.0;43,9364100000;2,1449600000;
;5;78;78190;2;1;1.0;6.0;48,8789600000;2,1488800000;
;1;76;76681;1;3;1.0;5.0;49,4156000000;1,1072000000;
;1;69;69256;2;2;1.0;3.0;45,7669800000;4,9327000000;
;5;69;69259;2;3;1.0;6.0;45,6951900000;4,8685100000;
;1;67;67462;2;1;2.0;6.0;48,2581000000;7,4444200000;
;1;64;64445;2;3;1.0;3.0;43,3046400000; -0,3681900000;
;1;64;64024;2;1;7.0;7.0;43,4976500000; -1,5070400000;
;1;59;59183;2;1;3.0;6.0;51,0195096923;2,3458868265;
;1;57;57227;2;9;1.0;6.0;49,1814322796;6,8980975633;
;5;47;47001;2;6;1.0;3.0;44,1951700000;0,6125900000;
;5;45;45234;2;1;1.0;1.0;47,9202162047;1,9023900032;
;1;43;43157;2;2;1.0;3.0;45,0465900000;3,8921400000;
;1;35;35051;2;1;1.0;3.0;48,1357702451; -1,6238039732;
;1;35;35055;2;1;1.0;3.0;48,0882032164; -1,6268147528;
;5;33;33063;2;1;1.0;6.0;44,8560488039; -0,5711871386;
;1;33;33529;2;1;1.0;7.0;44,6230344436; -1,2019354105;
;1;31;31069;2;1;1.0;6.0;43,6500080000;1,3749090000;
;1;29;29019;2;6;1.0;3.0;48,4002546192; -4,4690741301;
;1;26;26058;2;1;6.0;6.0;44,9378400000;4,8903300000;
;5;25;25056;2;2;1.0;3.0;47,2445900000;6,0216670000;
;4;17;17300;2;1;1.0;3.0;46,1605400000; -1,1483400000;
;1;17;17300;2;1;1.0;6.0;46,1637400000; -1,1468070000;
;1;16;16089;2;3;1.0;3.0;45,6822910000; -0,2920840000;
;5;14;14118;2;1;1.0;7.0;49,1901118875; -0,3382265568;
;5;13;13201;2;1;1.0;3.0;43,3025382093;5,3795529484;
;1;13;13028;2;1;1.0;6.0;43,1738300000;5,6103000000;
;1;11;11069;2;1;1.0;2.0;43,2221700000;2,3374800000;
;5;10;10333;2;2;1.0;6.0;48,2861200000;4,0665000000;
;1;06;06088;2;3;1.0;3.0;43,7024600000;7,2878100000;
;1;06;06069;1;1;1.0;5.0;43,6390800000;6,9208100000;
;1;75;75120;2;1;1.0;2.0;48,8474280000;2,4145600000;
;3;75;75114;2;4;1.0;6.0;48,8192780000;2,3288870000;
;1;75;75115;2;4;1.0;2.0;48,8260230000;2,2990750000;
;5;75;75119;2;3;1.0;3.0;48,8887970000;2,3931260000;
;1;75;75116;2;4;1.0;2.0;48,8385927303;2,2523018718;
;1;75;75116;2;1;1.0;6.0;48,8471920000;2,2567180000;
;5;75;75115;2;3;1.0;6.0;48,8288440000;2,2998140000;
;5;75;75115;2;3;1.0;3.0;48,8463280000;2,2992490000;
;5;75;75113;2;3;1.0;6.0;48,8383220000;2,3420660000;
;5;972;97213;1;1;1.0;4.0;14,6181000000; -61,0294900000;
;1;75;75112;2;4;1.0;2.0;48,8419740000;2,4491650000;
;1;972;97209;2;1;1.0;6.0;14,6193300000; -61,0388700000;
;5;75;75112;2;1;1.0;3.0;48,8439350000;2,3697560000;
;1;75;75111;2;1;1.0;3.0;48,8629590000;2,3762540000;
;1;91;91064;2;1;1.0;2.0;48,7519700000;2,2157400000;
;5;75;75108;2;7;1.0;3.0;48,8756520000;2,3189090000;
;1;91;91377;2;1;1.0;3.0;48,7172900000;2,2947900000;
;5;75;75108;2;1;1.0;2.0;48,8685770000;2,3114760000;
;1;91;91657;2;9;1.0;6.0;48,7064100000;2,4175400000;
;1;94;94081;2;2;1.0;3.0;48,7861100000;2,3918600000;
;1;87;87085;1;1;1.0;3.0;45,8560900000;1,2919700000;
;1;87;87085;2;1;1.0;6.0;45,8298400000;1,2627400000;
;1;94;94081;2;2;1.0;3.0;48,8022400000;2,4098000000;
;5;87;87085;1;1;1.0;7.0;45,8598300000;1,2874000000;
;1;94;94081;2;5;1.0;3.0;48,7931400000;2,3956400000;
;1;83;83137;2;3;1.0;3.0;43,1254000000;5,9579000000;
;1;83;83137;2;3;1.0;3.0;43,1455300000;5,9038700000;
;2;94;94046;2;9;1.0;3.0;48,7904500000;2,4351900000;
;1;83;83126;2;9;7.0;3.0;43,1146330000;5,8557970000;
;1;94;94034;2;1;1.0;2.0;48,7500000000;2,3200000000;
;1;83;83123;2;1;1.0;6.0;43,1208400000;5,8074500000;
;1;83;83069;1;1;1.0;2.0;43,1149000000;6,0956800000;
;1;81;81065;2;3;1.0;6.0;43,6021200000;2,2502300000;
;2;94;94059;2;2;1.0;3.0;48,8078900000;2,5669800000;
;1;78;78238;1;1;1.0;4.0;48,9791720000;1,8865110000;
;5;94;94018;2;1;1.0;3.0;48,8209030000;2,4126150000;
;5;93;93073;2;2;1.0;6.0;49,0112441704;2,5615099449;
;1;77;77186;2;1;1.0;6.0;48,4127800000;2,7111100000;
;5;93;93072;2;1;1.0;6.0;48,9671500000;2,3808000000;
;1;76;76451;2;1;1.0;4.0;49,4616700000;1,0755400000;
;1;93;93071;2;3;7.0;6.0;48,9373800000;2,5298700000;
;1;93;93066;2;1;1.0;6.0;48,9429944144;2,3826089712;
;1;72;72181;2;9;1.0;3.0;48,0056800000;0,2016300000;
;2;93;93051;2;2;1.0;3.0;48,8298800000;2,5813000000;
;1;72;72181;2;1;1.0;4.0;48,0039200000;0,1764600000;
;1;93;93051;2;1;1.0;1.0;48,8484584888;2,5502522934;
;1;71;71270;2;3;1.0;6.0;46,3066450289;4,8273177221;
;5;93;93050;2;2;1.0;2.0;48,8541500000;2,5202400000;
;1;67;67447;2;6;1.0;6.0;48,6111400000;7,7062300000;
;5;93;93045;2;2;2.0;3.0;48,8764387672;2,4136423678;
;1;67;67482;2;3;1.0;3.0;48,6020791691;7,7113214135;
;1;93;93057;2;6;1.0;3.0;48,9130900000;2,4973500000;
;1;64;64445;2;1;1.0;4.0;43,3064900000; -0,3762800000;
;1;92;92033;2;9;1.0;3.0;48,8453400000;2,1955800000;
;1;64;64102;2;1;1.0;2.0;43,4966600000; -1,4507000000;
;1;63;63193;2;1;1.0;3.0;45,7801868335;3,2060994208;
;1;60;60684;2;1;1.0;6.0;49,2913720000;2,4998140000;
;1;59;59508;2;4;1.0;3.0;50,7445720000;3,1384380000;
;5;59;59017;2;2;1.0;3.0;50,6908080451;2,8745632767;
;1;54;54395;2;2;1.0;3.0;48,6929998368;6,1965275109;
;1;54;54273;2;1;7.0;2.0;49,1598900000;5,8765200000;
;5;51;51454;2;2;1.0;7.0;49,2455700000;4,0114100000;
;1;51;51230;2;3;1.0;2.0;49,0474207250;3,9695647359;
;1;49;49007;2;8;1.0;7.0;47,4625863605; -0,5550026894;
;1;49;49007;2;1;1.0;2.0;47,4901500000; -0,5233300000;
;1;49;49007;2;1;1.0;3.0;47,4713500000; -0,5469000000;
;1;49;49007;2;1;1.0;6.0;47,4857500000; -0,5332300000;
;1;47;47001;1;1;1.0;5.0;44,2105130000;0,6058690000;
;1;45;45234;2;1;1.0;2.0;47,9287050248;1,8959256113;
;5;37;37261;2;7;1.0;6.0;47,3947500000;0,6857600000;
;1;37;37261;2;6;1.0;7.0;47,4306112468;0,7049274445;
;1;35;35051;2;6;1.0;3.0;48,1140330059; -1,6203244776;
;2;33;33550;2;1;1.0;6.0;44,7598000000; -0,5560200000;
;1;33;33063;2;3;1.0;3.0;44,8279790524; -0,5931141973;
;1;33;33162;2;3;1.0;3.0;44,8792100000; -0,6465100000;
;1;33;33529;2;6;1.0;3.0;44,6267300000; -1,1415400000;
;5;33;33529;2;6;1.0;6.0;44,6381209411; -1,1535161734;
;1;31;31555;2;1;1.0;6.0;43,5772900000;1,4373400000;
;1;31;31555;2;1;1.0;3.0;43,6174450000;1,4546400000;
;5;31;31555;2;9;1.0;6.0;43,6468621681;1,4187249541;
;1;29;29019;2;1;1.0;6.0;48,4024630000; -4,4722150000;
;1;27;27375;2;1;7.0;2.0;49,2102000000;1,1646800000;
;1;22;22113;1;1;1.0;1.0;48,7434100000; -3,4267600000;
;1;21;21054;2;1;1.0;3.0;47,0234500000;4,8330300000;
;5;19;19272;2;1;1.0;7.0;45,2747686577;1,7711462975;
;1;17;17461;2;1;1.0;6.0;45,6374300000; -1,0597400000;
;1;15;15014;2;3;1.0;3.0;44,9226780000;2,4431290000;
;1;13;13103;2;1;1.0;3.0;43,6298401466;5,1022679707;
;5;13;13213;2;1;1.0;7.0;43,3350100000;5,4437600000;
;3;13;13047;1;1;1.0;1.0;43,4879400000;4,9635400000;
;1;13;13005;2;1;1.0;2.0;43,2864600000;5,5748300000;
;5;06;06088;2;1;1.0;1.0;43,6984200000;7,2769400000;
;1;06;06069;1;1;1.0;7.0;43,6570400000;6,9336000000;
;1;06;06027;2;1;1.0;2.0;43,6505100000;7,1512000000;
;1;04;04112;2;5;1.0;3.0;43,8311900000;5,7784000000;
;1;01;01289;1;2;1.0;3.0;46,1731700000;5,2302300000;
;1;75;75117;2;1;1.0;2.0;48,8951580000;2,3064100000;
;1;75;75106;2;1;1.0;1.0;48,8523000000;2,3415000000;
;1;75;75120;2;2;7.0;6.0;48,8759760000;2,4025350000;
;1;75;75119;2;2;1.0;3.0;48,8923220000;2,3791500000;
;1;75;75119;2;3;1.0;2.0;48,8732760000;2,3819010000;
;5;75;75118;2;3;1.0;6.0;48,8902830000;2,3583080000;
;1;75;75116;2;2;1.0;6.0;48,8573100000;2,2730380000;
;2;75;75115;2;2;1.0;6.0;48,8383130000;2,2984540000;
;1;75;75115;2;1;1.0;3.0;48,8487340000;2,2825620000;
;1;75;75115;2;1;1.0;6.0;48,8447960000;2,3100390000;
;1;75;75115;2;1;1.0;2.0;48,8473740000;2,3038950000;
;1;75;75114;2;1;1.0;6.0;48,8228860000;2,3274010000;
;5;75;75113;2;1;1.0;6.0;48,8253610000;2,3616360000;
;1;75;75113;2;3;1.0;3.0;48,8210030000;2,3507880000;
;1;75;75112;2;7;1.0;3.0;48,8395310000;2,3952230000;
;1;75;75109;2;1;1.0;6.0;48,8832450000;2,3339790000;
;5;75;75108;2;7;1.0;6.0;48,8833200000;2,3271620000;
;1;75;75108;2;7;1.0;3.0;48,8667660000;2,3220420000;
;1;75;75108;2;2;1.0;6.0;48,8705220000;2,3052820000;
;1;75;75101;2;4;1.0;6.0;48,8644610000;2,3426480000;
;1;75;75103;2;1;1.0;6.0;48,8685150000;2,3547820000;
;1;75;75101;2;5;1.0;3.0;48,8699240000;2,3279870000;
;1;94;94081;2;3;1.0;3.0;48,7980200000;2,3994100000;
;1;94;94076;2;1;1.0;2.0;48,8021440000;2,3647240000;
;1;94;94016;2;9;1.0;4.0;48,7950000000;2,3435000000;
;1;94;94011;2;9;1.0;1.0;48,7705390000;2,4899380000;
;1;94;94028;2;3;1.0;6.0;48,7893837583;2,4427306652;
;5;94;94059;2;1;1.0;6.0;48,8040000000;2,5890000000;
;1;94;94059;2;3;1.0;3.0;48,8193600000;2,5579700000;
;1;93;93078;2;1;1.0;1.0;48,9539700000;2,5489400000;
;1;93;93066;2;1;1.0;6.0;48,9436000000;2,3475400000;
;1;93;93062;2;2;1.0;1.0;48,8905690000;2,5154950000;
;1;93;93050;2;3;1.0;3.0;48,8738196834;2,5297000855;
;1;93;93046;2;1;7.0;6.0;48,9293400000;2,5561100000;
;1;93;93027;2;1;1.0;6.0;48,9212700000;2,4113000000;
;1;93;93010;2;6;1.0;6.0;48,8950600000;2,4775800000;
;1;93;93008;2;1;1.0;3.0;48,9081580000;2,4267790000;
;1;93;93005;2;2;1.0;1.0;48,9494650000;2,5196470000;
;1;92;92073;2;1;1.0;6.0;48,8647660000;2,2190360000;
;1;92;92033;2;1;1.0;7.0;48,8436543426;2,1834468842;
;1;92;92063;2;1;1.0;4.0;48,8767300000;2,1717600000;
;1;92;92062;2;1;1.0;2.0;48,8799580109;2,2311405837;
;1;92;92050;2;9;1.0;1.0;48,8894060221;2,2042828202;
;1;92;92049;2;1;1.0;3.0;48,8155000000;2,3258100000;
;1;92;92036;2;2;1.0;3.0;48,9210327293;2,3252311349;