Num_Acc;lum;departement;commune;agglomeration;intersection;meteo;type_collision;lat;long;date
;1;83;83101;2;1;1.0;3.0;43,2436650000;6,6484650000;
;1;12;12153;1;1;1.0;6.0;44,1227150000;2,8918500000;
;2;13;13004;1;1;7.0;1.0;43,6629670000;4,4628520000;
;1;29;29069;2;1;1.0;6.0;48,4242030000; -4,5508290000;
;1;89;89295;2;1;1.0;3.0;47,8202640000;3,5559070000;
;1;26;26108;2;9;1.0;6.0;44,7293770000;5,0268750000;
;1;21;21623;1;1;1.0;6.0;47,1884681146;5,2303133010;
;3;90;90045;1;1;2.0;1.0;47,5086350000;6,9685080000;
;3;67;67339;1;1;1.0;1.0;48,9191904975;7,8853726387;
;2;60;60164;2;1;1.0;6.0;49,4124640933;1,8419904113;
;1;54;54584;1;1;1.0;7.0;48,7050100000;5,9431310000;
;5;974;97418;2;1;2.0;6.0; -20,8964890000;55,5557480000;
;1;74;74128;1;1;1.0;2.0;46,1554890000;6,3191130000;
;1;42;42269;1;1;1.0;7.0;45,6791180000;4,0849080000;
;1;63;63181;1;1;3.0;6.0;46,0286670000;3,1164410000;
;3;67;67067;1;1;9.0;6.0;48,7029420000;7,7135180000;
;1;38;38003;1;1;1.0;1.0;45,3194850000;4,8564290000;
;1;31;31254;2;6;8.0;1.0;43,5404560000;1,5121280000;
;2;26;26206;1;3;1.0;3.0;44,8365630000;4,9692750000;
;3;62;62476;1;1;1.0;1.0;50,3580290000;2,9579400000;
;2;26;26196;1;2;1.0;1.0;44,8607550000;4,9273740000;
;1;34;34123;1;1;1.0;6.0;43,6201670000;3,7898920000;
;5;69;69243;2;1;1.0;6.0;45,8949751675;4,4306820631;
;5;973;97311;2;9;1.0;3.0;5,4982560000; -54,0291040000;
;5;31;31149;1;1;1.0;2.0;43,6053960000;1,2914300000;
;1;45;45133;1;2;1.0;3.0;48,2418580107;2,2482790947;
;4;47;47263;1;1;1.0;4.0;44,4771990000;0,1922070000;
;1;77;77107;1;2;1.0;3.0;48,6645010000;2,8105150000;
;3;33;33330;1;1;1.0;1.0;44,8680210000; -0,4455040000;
;1;13;13092;2;1;1.0;4.0;43,5459350000;5,0412230000;
;1;33;33433;2;2;1.0;1.0;44,9195680000; -0,4400110000;
;5;70;70279;2;4;1.0;6.0;47,4462440000;5,5843860000;
;1;68;68180;2;6;1.0;7.0;47,7928250000;7,1044070000;
;1;14;14759;2;1;1.0;1.0;48,8972130000; -0,1362240000;
;1;67;67300;2;3;1.0;6.0;48,5348830000;7,4982170000;
;1;56;56023;1;2;1.0;3.0;47,7224150000; -3,0113480000;
;1;74;74007;1;1;1.0;3.0;46,0711540000;6,3326530000;
;1;60;60695;1;1;1.0;1.0;49,2127750000;2,5027160000;
;1;60;60612;2;1;1.0;1.0;49,2078320000;2,5877920000;
;1;73;73181;1;1;2.0;3.0;45,4915140000;6,5504690000;
;2;59;59482;2;1;1.0;6.0;50,7179120000;3,0209530000;
;1;59;59416;1;1;1.0;7.0;50,6627519330;2,5960665643;
;1;59;59408;2;1;1.0;7.0;50,4494950000;3,0739990000;
;1;38;38445;1;1;2.0;6.0;45,0546076604;5,7532234889;
;1;17;17119;2;1;1.0;7.0;45,6549940000; -0,8757540000;
;3;59;59256;2;1;1.0;1.0;50,5767639876;3,1229689120;
;3;86;86197;1;1;1.0;7.0;47,0099680000;0,2915450000;
;1;13;13212;1;1;1.0;2.0;43,3033300000;5,4253670000;
;1;13;13215;1;1;1.0;3.0;43,3664970000;5,3605960000;
;1;33;33238;1;3;1.0;3.0;44,7428160000; -0,5722810000;
;3;13;13210;2;1;1.0;2.0;43,2859690000;5,4255510000;
;1;59;59410;1;1;1.0;6.0;50,6502219320;3,1009376048;
;1;27;27602;2;1;1.0;6.0;49,0072670000;1,0976730000;
;1;59;59435;1;1;1.0;6.0;50,4882109977;3,2141804695;
;1;62;62746;2;1;1.0;1.0;50,6769290000;1,6151940000;
;1;974;97409;2;1;1.0;7.0; -20,9334000000;55,6547900000;
;1;13;13211;1;1;1.0;2.0;43,2864100000;5,5093100000;
;1;91;91689;1;1;1.0;3.0;48,7332700000;2,3157700000;
;1;91;91161;2;1;1.0;7.0;48,7110000000;2,2963200000;
;1;13;13214;1;1;1.0;4.0;43,3216400000;5,3781400000;
;3;78;78423;1;1;1.0;2.0;48,7988180000;1,9956500000;
;1;09;09122;1;6;1.0;2.0;43,0023400000;1,6152700000;
;1;13;13001;1;1;1.0;7.0;43,5118900000;5,4228000000;
;1;78;78238;1;1;1.0;7.0;48,9706890000;1,8790960000;
;1;22;22197;1;1;1.0;6.0;48,4845570000; -1,9080590000;
;1;78;78208;1;1;1.0;3.0;48,8003090000;1,9774620000;
;1;67;67447;1;1;1.0;4.0;48,6115800000;7,7265800000;
;1;43;43041;2;1;8.0;7.0;45,0413900000;3,9365400000;
;1;59;59350;1;1;1.0;2.0;50,6166905954;3,0588197707;
;1;94;94043;1;1;1.0;3.0;48,8067716076;2,3462255274;
;1;92;92078;1;1;1.0;6.0;48,9274870000;2,3333830000;
;1;38;38053;2;6;1.0;7.0;45,6018800000;5,2670200000;
;1;91;91312;1;1;1.0;5.0;48,7378000000;2,2268000000;
;1;93;93008;1;1;1.0;2.0;48,9120100000;2,4384000000;
;1;14;14266;1;1;1.0;7.0;49,1217620000; -0,4234670000;
;3;92;92050;1;1;1.0;3.0;48,9133682536;2,2186275803;
;1;93;93051;1;1;1.0;3.0;48,8361000000;2,5535000000;
;1;92;92050;1;1;1.0;6.0;48,9162740461;2,2212873621;
;5;43;43089;2;1;2.0;7.0;45,0449400000;3,8704400000;
;1;93;93006;1;1;1.0;3.0;48,8656400000;2,4184600000;
;1;94;94069;1;1;1.0;4.0;48,8172046066;2,4285178250;
;3;10;10357;1;1;5.0;6.0;48,3046710000;4,0996500000;
;1;93;93064;1;1;1.0;3.0;48,8776700000;2,4773100000;
;1;94;94015;1;1;1.0;6.0;48,8294535608;2,5282723079;
;1;94;94052;1;1;1.0;2.0;48,8372752260;2,4939611143;
;3;75;75116;1;1;1.0;6.0;48,8484080000;2,2472340000;
;1;94;94018;1;1;1.0;6.0;48,8214118828;2,3987454677;
;1;77;77337;1;1;1.0;6.0;48,8299638999;2,6185584039;
;1;32;32013;2;1;7.0;7.0;43,6496400000;0,5935400000;
;1;973;97302;2;1;8.0;6.0;4,9380912639; -52,3302894831;
;1;05;05061;2;1;1.0;7.0;44,5322400000;6,0412300000;
;3;03;03137;1;1;2.0;3.0;46,2761030000;3,4765610000;
;1;973;97302;2;2;1.0;3.0;4,9387041004; -52,3291522264;
;1;75;75116;2;1;1.0;6.0;48,8640600000;2,2867880000;
;5;14;14658;2;1;1.0;6.0;48,8391750000; -1,0407390000;
;4;69;69383;2;2;1.0;2.0;45,7570800000;4,8586100000;
;5;69;69387;2;1;1.0;2.0;45,7474443438;4,8332870007;
;1;973;97302;2;1;2.0;3.0;4,9053200000; -52,3199200000;
;1;69;69387;2;2;1.0;3.0;45,7389300000;4,8305600000;
;1;69;69383;2;1;1.0;6.0;45,7502800000;4,8940400000;
;1;83;83101;1;3;1.0;1.0;43,2239690000;6,6126750000;
;1;69;69387;2;2;1.0;6.0;45,7490552741;4,8422402143;
;1;972;97213;1;1;1.0;1.0;14,5962400000; -60,9797900000;
;5;14;14366;2;6;5.0;3.0;49,1436180000;0,2799960000;
;1;69;69383;2;1;1.0;3.0;45,7555370119;4,8749041557;
;1;972;97209;1;1;1.0;1.0;14,6482000000; -61,0697600000;
;1;85;85082;1;1;1.0;2.0;46,8758630000; -0,9296804000;
;1;69;69383;2;2;1.0;3.0;45,7570266536;4,8588162661;
;1;69;69384;2;1;1.0;6.0;45,7806200000;4,8326600000;
;1;21;21278;2;1;8.0;6.0;47,3471840000;5,0316780000;
;5;69;69389;2;1;1.0;6.0;45,7852900000;4,8030600000;
;1;14;14138;1;1;3.0;7.0;49,2311980000; -0,9987150000;
;1;95;95680;2;3;7.0;6.0;49,0001452670;2,4109357595;
;1;971;97101;2;9;1.0;1.0;16,2498701697; -61,5294510126;
;1;95;95210;2;1;1.0;6.0;48,9731725955;2,3061686754;
;4;971;97113;1;1;1.0;6.0;16,2184210709; -61,5009123087;
;5;74;74012;2;2;1.0;3.0;46,1972100000;6,2521000000;
;5;2A;2A004;2;2;2.0;3.0;41,9337400000;8,7439300000;
;5;74;74012;2;1;3.0;6.0;46,1933000000;6,2557000000;
;1;91;91027;2;2;1.0;3.0;48,7161600000;2,3708700000;
;1;91;91174;2;6;3.0;6.0;48,6140140000;2,4588220000;
;5;38;38185;2;3;2.0;3.0;45,1763800000;5,7392800000;
;5;61;61260;2;3;2.0;7.0;48,6759470000; -0,3970210000;
;1;95;95210;2;3;1.0;3.0;48,9646856120;2,3140543699;
;1;49;49311;1;2;1.0;3.0;47,3915370000; -0,0303200000;
;1;87;87085;2;2;1.0;3.0;45,8260500000;1,2679100000;
;1;90;90010;2;1;1.0;7.0;47,6343800000;6,8418000000;
;3;68;68078;1;1;5.0;6.0;48,0386540000;7,3111650000;
;1;87;87085;2;1;1.0;6.0;45,8326800000;1,2239600000;
;1;87;87085;2;2;1.0;6.0;45,8339600000;1,2735400000;
;4;29;29112;2;1;2.0;6.0;48,4755370000; -4,7406750000;
;3;33;33075;1;1;2.0;6.0;44,8883262365; -0,5883827806;
;1;86;86194;2;1;1.0;1.0;46,5563000000;0,3089420000;
;1;86;86041;2;3;1.0;3.0;46,5944980000;0,3409810000;
;2;38;38315;1;2;1.0;6.0;45,5308592482;5,6738972531;
;3;74;74010;1;1;1.0;5.0;45,9609950000;6,1308860000;
;1;01;01323;1;1;1.0;6.0;46,4194830000;4,9132620000;
;3;80;80724;1;6;1.0;7.0;49,8604000000;2,2115500000;
;5;06;06069;2;1;1.0;6.0;43,6288700000;6,9342100000;
;1;06;06069;2;1;1.0;6.0;43,6634130000;6,9291160000;
;1;80;80674;2;1;1.0;6.0;49,8985346082;2,3297846315;
;3;58;58148;1;1;5.0;3.0;46,8706950000;3,2654290000;
;1;06;06088;2;1;1.0;6.0;43,7265590000;7,2858820000;
;5;83;83137;2;2;1.0;3.0;43,1261100000;5,9366900000;
;1;80;80021;2;1;1.0;6.0;49,8858100000;2,3189600000;
;1;14;14755;2;1;7.0;6.0;49,3995450000;0,1272760000;
;1;06;06159;2;1;1.0;3.0;43,7120000000;7,3240000000;
;5;83;83090;2;1;1.0;7.0;43,1479550000;5,8474318000;
;1;64;64393;1;4;1.0;1.0;43,3217986518; -0,5531472510;
;1;80;80021;2;1;1.0;2.0;49,8946228766;2,2944581506;
;1;92;92025;2;9;8.0;6.0;48,9157480000;2,2423750000;
;3;30;30065;1;1;1.0;6.0;43,9907070000;4,0508440000;
;1;38;38179;2;1;2.0;1.0;45,1917900000;5,7780500000;
;1;81;81004;2;3;1.0;3.0;43,9417519348;2,1493202448;
;1;78;78466;2;6;1.0;3.0;48,9255160000;1,9771530000;
;1;38;38185;2;1;1.0;6.0;45,1889500000;5,7293200000;
;1;38;38421;2;1;7.0;6.0;45,1690800000;5,7546300000;
;5;38;38151;2;1;1.0;3.0;45,1457100000;5,7051100000;
;3;987;98729;1;1;1.0;3.0; -17,5770000000; -150,2020000000;
;3;33;33042;1;1;1.0;3.0;44,4813559103; -0,8323591948;
;1;77;77058;2;3;1.0;3.0;48,8312900000;2,6883000000;
;3;988;98822;1;3;1.0;6.0; -20,9907240000;165,4002080000;
;1;69;69081;1;1;1.0;3.0;45,7840000000;4,7841000000;
;3;988;98827;1;4;1.0;6.0; -21,2573000000;165,2585400000;
;1;77;77186;1;1;1.0;7.0;48,4430600000;2,6449300000;
;5;2B;2B033;2;1;1.0;4.0;42,6858000000;9,4461000000;
;5;92;92026;2;1;1.0;6.0;48,8980900000;2,2410600000;
;1;988;98817;2;1;1.0;1.0; -22,2558100000;166,6141800000;
;1;92;92026;2;2;1.0;3.0;48,9022200000;2,2394900000;
;1;973;97304;2;1;1.0;7.0;5,1578600000; -52,6673520000;
;1;77;77186;1;5;1.0;1.0;48,4086800000;2,6864200000;
;1;92;92026;2;1;1.0;5.0;48,9017400000;2,2798800000;
;3;971;97124;2;1;1.0;6.0;16,0109390000; -61,6921860000;
;1;93;93055;2;1;1.0;1.0;48,8906540000;2,4003020000;
;3;93;93008;2;1;2.0;6.0;48,9186887578;2,4149045348;
;3;34;34058;1;1;1.0;7.0;43,6797290000;3,9467530000;
;1;77;77131;2;1;7.0;6.0;48,8209907850;3,0941335280;
;1;06;06004;2;1;1.0;3.0;43,5780330000;7,1190220000;
;1;76;76351;2;1;1.0;6.0;49,5066497867;0,1411753893;
;3;42;42299;1;2;1.0;2.0;45,6152930000;4,1165150000;
;1;67;67482;1;1;1.0;4.0;48,5882800000;7,7294500000;
;1;76;76351;2;1;1.0;6.0;49,5006200000;0,0915000000;
;5;38;38565;2;1;1.0;6.0;45,2826470000;5,6453960000;
;1;74;74010;2;6;1.0;3.0;45,9118101154;6,1238243191;
;2;72;72181;2;2;1.0;3.0;48,0069700000;0,1915600000;
;1;74;74298;1;1;1.0;6.0;46,1884900000;6,2666000000;
;2;38;38543;2;1;1.0;1.0;45,6641610000;5,4692200000;
;1;74;74133;1;1;8.0;6.0;46,1870006463;6,2056353852;
;5;69;69266;2;2;1.0;3.0;45,7695100000;4,8681400000;
;4;74;74118;2;1;1.0;3.0;46,1775800000;6,2251700000;
;1;67;67447;2;1;1.0;6.0;48,6101200000;7,7342800000;
;3;09;09039;1;1;1.0;6.0;43,0502290000;1,8897820000;
;1;74;74105;2;6;1.0;3.0;46,3070690000;6,2937070000;
;5;56;56178;2;1;8.0;6.0;48,0566200000; -2,9615620000;
;1;67;67482;2;3;7.0;3.0;48,5806932003;7,7232110000;
;1;74;74281;2;6;1.0;6.0;46,3709600000;6,4817600000;
;5;76;76069;2;1;2.0;6.0;49,3697640000;1,1277720000;
;1;67;67482;1;1;1.0;3.0;48,5857300000;7,7654500000;
;1;74;74010;2;1;1.0;3.0;45,8810460000;6,0946330000;
;2;60;60281;1;1;1.0;6.0;49,4965350000;2,6732080000;
;1;65;65440;2;1;1.0;3.0;43,2331410000;0,0709840000;
;3;74;74056;1;1;1.0;6.0;45,9080940000;6,8476070000;
;1;74;74090;1;1;1.0;1.0;46,0856890000;6,2915830000;
;1;64;64445;2;9;1.0;3.0;43,3075800000; -0,3309400000;
;1;74;74224;2;2;1.0;6.0;46,0686250000;6,3031240000;
;3;60;60530;1;1;8.0;7.0;49,4377845010;2,2803868150;
;1;62;62510;1;1;1.0;7.0;50,4210710000;2,7665770000;
;3;60;60403;1;1;1.0;7.0;49,4981398598;2,0068228679;
;1;59;59512;2;1;1.0;6.0;50,6903600000;3,1829000000;
;1;74;74087;1;1;1.0;1.0;46,1501600000;6,3269070000;
;1;59;59512;2;1;1.0;6.0;50,6877470000;3,1892390000;
;5;60;60542;2;2;1.0;3.0;49,4050180000;2,1822880000;
;1;67;67482;2;1;1.0;3.0;48,5796700000;7,7158000000;
;1;59;59368;2;1;1.0;6.0;50,6489556021;3,0782952904;
;1;92;92078;2;3;1.0;3.0;48,9429625401;2,3182868958;
;2;66;66136;2;1;1.0;6.0;42,6928200000;2,8858400000;
;1;51;51454;2;2;1.0;1.0;49,2401900000;4,0098900000;
;1;95;95218;2;8;1.0;6.0;49,0232500000;2,0962330000;
;3;80;80199;1;1;1.0;2.0;49,9616050000;2,8560270000;
;5;66;66136;2;1;1.0;6.0;42,7091600000;2,8856900000;
;1;51;51474;2;1;1.0;3.0;49,2812800000;4,0023500000;
;3;92;92050;2;1;2.0;6.0;48,8869100000;2,2024800000;
;3;66;66136;1;1;2.0;7.0;42,7145730000;2,9366380000;
;5;13;13106;1;4;1.0;2.0;43,3931100000;5,3513900000;
;1;51;51454;2;1;1.0;7.0;49,2542059056;4,0173777938;
;1;64;64102;2;1;1.0;2.0;43,5048500000; -1,4472500000;
;3;42;42218;1;1;1.0;3.0;45,4321000000;4,4165900000;
;1;13;13213;1;1;1.0;3.0;43,3244400000;5,4226300000;
;1;50;50129;1;1;1.0;1.0;49,6156600000; -1,6483200000;
;3;69;69266;1;1;2.0;2.0;45,7628500000;4,9096100000;
;1;59;59350;2;2;1.0;3.0;50,6072470000;3,0433270000;
;1;64;64024;2;1;1.0;5.0;43,5106200000; -1,4998700000;
;1;44;44162;1;9;1.0;2.0;47,2393500000; -1,6278600000;
;3;91;91064;1;1;1.0;6.0;48,7498100000;2,2067100000;
;5;59;59350;2;1;1.0;3.0;50,6223970000;3,0450940000;
;1;44;44162;2;7;1.0;3.0;47,2248400000; -1,6285400000;
;1;91;91589;1;1;1.0;2.0;48,6791320000;2,3344890000;
;1;64;64024;2;1;1.0;4.0;43,4803400000; -1,5162300000;
;3;14;14251;1;1;2.0;1.0;48,9741322911; -0,4512880415;
;1;37;37261;2;1;1.0;6.0;47,4222549597;0,7084894180;
;3;78;78073;1;1;1.0;2.0;48,8002000000;2,0452800000;
;2;62;62516;2;6;1.0;3.0;50,5703000000;2,4751650000;
;1;69;69266;2;2;1.0;3.0;45,7736200000;4,8882200000;
;1;35;35334;1;1;1.0;3.0;48,1411257309; -1,5837498388;
;2;78;78646;1;1;1.0;2.0;48,7844200000;2,1569100000;
;1;57;57672;2;1;1.0;6.0;49,3664300000;6,1728600000;
;3;68;68311;1;1;1.0;7.0;47,9873370000;7,0461630000;
;1;35;35051;2;6;1.0;3.0;48,1070634338; -1,6162830591;
;1;56;56121;2;1;1.0;7.0;47,7316500000; -3,3861300000;
;1;92;92036;1;1;1.0;2.0;48,9274099467;2,3031799505;
;3;54;54115;1;1;3.0;2.0;48,6944430490;6,0957952921;
;2;34;34003;2;6;1.0;3.0;43,2982600000;3,4703100000;
;1;56;56121;2;1;1.0;6.0;47,7492113000; -3,3590094000;
;3;78;78029;1;1;1.0;6.0;48,9679770000;1,8578310000;
;1;31;31555;1;1;1.0;2.0;43,6472900000;1,4418000000;
;5;44;44109;2;6;1.0;6.0;47,2758990000; -1,5126800000;
;1;51;51454;1;1;1.0;7.0;49,2597300000;4,0629600000;
;3;31;31483;1;1;1.0;6.0;43,1367000000;0,7275600000;
;5;51;51454;2;9;1.0;7.0;49,2299100000;4,0356300000;
;1;29;29019;2;3;1.0;3.0;48,3983160000; -4,4736190000;
;3;93;93063;1;1;1.0;6.0;48,8776800000;2,4454700000;
;5;69;69256;2;1;2.0;2.0;45,7650131499;4,9216550589;
;1;47;47001;2;4;1.0;3.0;44,1907800000;0,6167300000;
;1;29;29019;2;6;1.0;4.0;48,3970190766; -4,4888888597;
;3;95;95582;1;1;1.0;5.0;48,9644078548;2,2619996143;
;1;37;37214;2;1;1.0;3.0;47,4175073444;0,6564331055;
;1;17;17300;2;1;1.0;1.0;46,1673700000; -1,1320300000;
;1;69;69275;1;1;1.0;3.0;45,7565400000;4,9711200000;
;1;35;35238;2;1;2.0;6.0;48,1161514614; -1,7077651620;
;2;77;77121;1;1;1.0;2.0;48,8315830000;2,6795430000;
;1;31;31555;1;9;1.0;2.0;43,5564000000;1,4116800000;
;5;69;69256;2;1;1.0;5.0;45,7878900000;4,9143700000;
;1;14;14731;1;3;1.0;3.0;49,3119637788;0,0460213423;
;5;94;94065;1;1;1.0;3.0;48,7538424491;2,3542632476;
;1;30;30189;2;3;1.0;3.0;43,8376500000;4,3653400000;
;1;14;14118;2;6;1.0;3.0;49,2112450000; -0,3632090000;
;5;69;69264;2;1;1.0;6.0;45,9878800000;4,7116500000;
;1;27;27299;1;1;1.0;7.0;49,0454259279;1,1822104453;
;1;27;27229;2;1;1.0;7.0;49,0265700000;1,1848700000;
;1;69;69264;2;2;1.0;6.0;45,9893000000;4,7216200000;
;1;14;14383;1;1;1.0;4.0;49,1422300000; -0,4018300000;
;5;18;18033;2;3;1.0;7.0;47,0769500000;2,3900300000;
;1;14;14118;2;1;1.0;3.0;49,1750600000; -0,3706600000;
;5;57;57631;2;1;2.0;6.0;49,1101700000;7,0654600000;
;1;14;14172;1;1;1.0;6.0;49,3409230000; -0,7414910000;
;1;13;13056;1;1;1.0;3.0;43,3695900000;5,0603200000;
;1;19;19031;2;3;1.0;3.0;45,1520684158;1,5037502646;
;5;13;13201;2;1;1.0;3.0;43,2991300000;5,3822100000;
;5;75;75109;2;3;1.0;6.0;48,8820130000;2,3404060000;
;1;974;97416;1;1;1.0;2.0; -21,3414000000;55,4942600000;
;1;13;13212;2;1;1.0;3.0;43,3080377917;5,4342129993;
;2;19;19031;2;3;1.0;3.0;45,1519000000;1,5412600000;
;1;44;44109;2;4;1.0;3.0;47,2251030000; -1,5376980000;
;5;13;13028;2;6;1.0;3.0;43,2000000000;5,5900000000;
;1;974;97416;2;3;7.0;3.0; -21,3270400000;55,4502600000;
;5;17;17300;2;6;2.0;6.0;46,1520000000; -1,1480000000;
;1;13;13005;2;1;1.0;1.0;43,2937722886;5,5672381322;
;1;974;97411;2;1;1.0;6.0; -20,8765300000;55,4416100000;
;3;13;13004;1;1;1.0;3.0;43,6619000000;4,6395000000;
;2;74;74010;2;3;1.0;5.0;45,9113700000;6,1145000000;
;1;69;69387;2;2;1.0;3.0;45,7314600000;4,8299300000;
;2;13;13071;2;1;1.0;2.0;43,3814800000;5,3467500000;
;1;41;41161;1;2;1.0;3.0;47,4995210000;1,9895880000;
;1;06;06027;2;9;1.0;3.0;43,6591770000;7,1631790000;
;1;74;74305;2;3;1.0;3.0;46,2070000000;6,2794900000;
;1;13;13203;2;1;1.0;6.0;43,3082640166;5,3770564414;
;2;972;97209;1;1;1.0;2.0;14,6144200000; -61,0507000000;
;1;75;75113;2;1;1.0;3.0;48,8164670000;2,3445500000;
;1;41;41237;1;1;1.0;3.0;47,3860560000;1,4078000000;
;1;972;97213;1;1;1.0;6.0;14,6411700000; -60,9913200000;
;1;74;74012;2;1;1.0;3.0;46,1971800000;6,2401900000;
;5;13;13001;2;6;1.0;3.0;43,5248462302;5,4237250039;
;2;68;68362;1;1;2.0;1.0;47,5546780000;7,4654570000;
;5;74;74012;2;1;1.0;6.0;46,1929100000;6,2284900000;
;1;75;75116;2;4;1.0;4.0;48,8658880000;2,2681590000;
;1;11;11262;1;1;1.0;3.0;43,1927000000;3,0301000000;
;5;972;97209;1;1;1.0;2.0;14,6146600000; -61,0485900000;
;1;68;68090;1;1;2.0;7.0;47,4890880000;7,3166690000;
;1;75;75113;2;1;1.0;3.0;48,8162240000;2,3639410000;
;5;74;74012;2;1;1.0;6.0;46,1942000000;6,2394200000;
;1;02;02691;2;1;1.0;6.0;49,8536900000;3,2870200000;
;5;69;69382;2;2;1.0;6.0;45,7601200000;4,8379600000;
;1;68;68152;2;1;1.0;1.0;47,6815370000;7,2718120000;
;1;75;75120;2;2;1.0;6.0;48,8724150000;2,3781240000;
;5;69;69385;2;1;1.0;3.0;45,7645998655;4,8290920257;
;1;75;75112;2;1;1.0;4.0;48,8330990000;2,4071660000;
;1;22;22203;1;1;1.0;1.0;48,3258800000; -2,8285670000;
;2;74;74010;2;6;2.0;3.0;45,9055900000;6,1260500000;
;2;75;75105;2;3;1.0;6.0;48,8468560000;2,3609610000;
;1;39;39040;1;1;7.0;7.0;46,8190190000;5,7156800000;
;1;75;75113;2;1;1.0;4.0;48,8257910000;2,3865890000;
;5;69;69384;2;1;1.0;3.0;45,7729621773;4,8210740089;
;5;74;74010;2;1;1.0;1.0;45,8909000000;6,1219000000;
;1;39;39436;1;1;1.0;7.0;46,8627070000;5,8996050000;
;1;75;75119;2;2;1.0;6.0;48,8763570000;2,3931300000;
;1;75;75120;2;5;1.0;6.0;48,8683080000;2,4014220000;
;1;25;25029;1;1;1.0;7.0;47,0253270000;6,3048600000;
;1;2B;2B033;1;1;1.0;2.0;42,6869400000;9,4463600000;
;1;75;75119;2;2;1.0;2.0;48,8772100000;2,4069130000;
;3;74;74010;1;1;2.0;5.0;45,9009900000;6,1085700000;
;1;25;25262;1;1;1.0;6.0;47,1312650000;6,5846940000;
;1;75;75119;2;3;1.0;3.0;48,8817110000;2,3810820000;
;1;971;97105;2;1;1.0;6.0;16,0053000000; -61,7393500000;
;1;75;75112;2;1;1.0;2.0;48,8301330000;2,4183730000;
;3;25;25151;1;1;3.0;7.0;47,1628310000;6,3777030000;
;1;75;75119;2;1;1.0;6.0;48,8775580000;2,3946130000;
;5;59;59606;2;1;1.0;2.0;50,3541620000;3,5089930000;
;1;2A;2A004;2;1;1.0;3.0;41,9422233369;8,7502343059;
;1;25;25375;1;1;1.0;6.0;47,1744360000;6,0720920000;
;1;75;75108;2;1;1.0;3.0;48,8708490000;2,3060120000;
;3;974;97407;2;1;1.0;6.0; -20,9589200000;55,3200000000;
;1;75;75119;2;2;1.0;3.0;48,8843000000;2,3675670000;
;1;44;44156;1;1;1.0;7.0;46,9478800000; -1,5928100000;
;5;75;75108;2;5;1.0;7.0;48,8748110000;2,3059810000;
;5;75;75115;2;2;1.0;1.0;48,8444270000;2,3177010000;
;3;44;44128;2;3;1.0;6.0;47,5301690000; -1,9495800000;
;1;69;69266;2;2;1.0;3.0;45,7537400000;4,8955600000;
;5;75;75108;2;4;1.0;7.0;48,8747832406;2,3050039262;
;5;91;91339;2;3;1.0;1.0;48,6264100000;2,2644800000;
;2;75;75114;2;3;1.0;6.0;48,8245350000;2,3192460000;
;1;44;44036;2;1;1.0;3.0;47,7163810000; -1,3813220000;
;1;75;75107;2;5;1.0;2.0;48,8576660000;2,3002450000;
;5;32;32013;2;1;2.0;1.0;43,6311700000;0,5879700000;
;1;87;87114;2;3;2.0;3.0;45,8346900000;1,3111300000;
;1;75;75113;2;2;1.0;2.0;48,8303420000;2,3458910000;
;1;29;29218;1;3;1.0;3.0;48,0406172500; -4,5252715940;
;5;75;75107;2;3;1.0;6.0;48,8595620000;2,3293030000;
;5;13;13056;2;1;1.0;3.0;43,4019200000;5,0586700000;
;1;75;75112;2;7;1.0;1.0;48,8521350000;2,3696080000;
;1;75;75107;2;4;1.0;3.0;48,8623050000;2,3197930000;
;3;02;02302;1;1;2.0;6.0;49,2239070000;3,2001170000;
;3;92;92072;1;1;1.0;7.0;48,8256717265;2,2217026207;
;1;75;75112;2;7;1.0;6.0;48,8533280000;2,3697580000;
;3;83;83069;1;1;1.0;3.0;43,1235000000;6,0968000000;
;2;11;11068;2;8;1.0;6.0;43,1825630000;2,5582270000;
;1;75;75104;2;3;1.0;6.0;48,8569560000;2,3598470000;
;2;75;75111;2;3;1.0;6.0;48,8555730000;2,3901220000;
;2;02;02822;1;3;1.0;3.0;49,3075430000;3,1034070000;
;1;78;78609;1;4;1.0;3.0;49,0158590000;1,9104080000;
;5;971;97107;1;1;1.0;3.0;16,0854440000; -61,5774680000;
;1;02;02140;2;1;1.0;6.0;49,5260570000;3,1324380000;
;1;75;75111;2;6;1.0;6.0;48,8584200000;2,3800180000;
;3;78;78172;1;9;1.0;2.0;48,9917730000;2,0812710000;
;2;02;02237;1;9;1.0;6.0;49,6832350000;3,6175490000;
;5;74;74010;2;1;1.0;2.0;45,8977700000;6,1108100000;
;1;75;75111;2;1;8.0;3.0;48,8569000000;2,3816180000;
;1;03;03143;1;1;1.0;6.0;46,6497450000;2,5883420000;
;4;74;74281;1;1;1.0;1.0;46,3799800000;6,5071700000;
;2;75;75116;2;2;1.0;2.0;48,8546870000;2,2693600000;
;3;01;01252;1;1;3.0;7.0;46,1593900000;4,8175470000;
;2;73;73065;2;2;1.0;3.0;45,5976120000;5,9164540000;
;5;75;75108;2;4;1.0;3.0;48,8722430000;2,3124450000;
;5;75;75103;2;4;1.0;7.0;48,8654587712;2,3561181128;
;1;77;77018;2;1;1.0;3.0;48,8477600000;2,8162800000;
;1;01;01034;2;1;1.0;6.0;45,7608640000;5,6878070000;
;1;75;75108;2;7;1.0;2.0;48,8710640000;2,3164900000;
;2;77;77243;2;3;8.0;6.0;48,8738940000;2,7043100000;
;1;01;01266;1;1;1.0;6.0;46,3325880000;5,1130090000;
;1;75;75107;2;2;1.0;3.0;48,8628260000;2,3134680000;
;5;75;75102;2;7;1.0;2.0;48,8702740000;2,3325210000;
;1;77;77186;2;1;1.0;3.0;48,4129700000;2,7115000000;
;3;33;33015;1;1;2.0;6.0;44,8895940000; -0,2798510000;
;2;94;94038;2;1;1.0;6.0;48,7757800000;2,3571400000;
;1;75;75103;2;2;1.0;6.0;48,8668430000;2,3619150000;
;1;76;76322;2;6;1.0;1.0;49,4209507954;1,0513132811;
;1;94;94021;2;1;1.0;6.0;48,7697100000;2,3653100000;
;3;70;70263;1;2;1.0;5.0;47,7236100000;6,3072410000;
;1;94;94041;2;1;1.0;6.0;48,8026000000;2,3814400000;
;1;25;25388;2;1;1.0;2.0;47,5049500000;6,8112100000;
;1;94;94033;2;1;1.0;7.0;48,8520140000;2,4766390000;
;1;94;94001;2;7;7.0;6.0;48,7245527749;2,4187350448;
;5;73;73011;2;1;1.0;6.0;45,6648200000;6,3869800000;
;1;94;94022;2;1;1.0;6.0;48,7652110000;2,4080300000;
;1;70;70482;2;1;1.0;1.0;47,6639130000;5,9635480000;
;5;69;69266;2;2;1.0;3.0;45,7655200000;4,9010900000;
;1;93;93050;2;1;1.0;4.0;48,8579600000;2,5335900000;
;1;94;94069;2;1;1.0;6.0;48,8178110000;2,4213760000;