Num_Acc;lum;departement;commune;agglomeration;intersection;meteo;type_collision;lat;long;date
;1;58;58074;2;1;1.0;1.0;46,8484316858;3,9324346419;
;1;73;73330;1;1;5.0;1.0;45,6968069903;5,7999704604;
;2;93;93078;2;1;1.0;3.0;48,9570600000;2,5436800000;
;1;54;54072;1;2;1.0;1.0;48,8492415666;6,0949230196;
;3;69;69264;1;1;1.0;1.0;45,9983400000;4,7369600000;
;5;93;93078;2;9;1.0;6.0;48,9563576884;2,5415137601;
;1;94;94069;2;1;1.0;2.0;48,8177800000;2,4207600000;
;2;59;59527;2;2;2.0;6.0;50,6620420000;3,0500260000;
;1;93;93071;2;1;1.0;3.0;48,9270691351;2,5199466927;
;5;93;93055;2;3;1.0;1.0;48,8898189215;2,4100582144;
;3;69;69029;2;1;1.0;1.0;45,7258143125;4,9359208346;
;2;69;69091;1;1;1.0;2.0;45,5751744940;4,7185313702;
;1;72;72300;2;1;1.0;1.0;48,0286836264;0,3689467905;
;1;93;93055;2;1;7.0;3.0;48,8921339498;2,4075249493;
;1;69;69259;2;1;1.0;6.0;45,7000672189;4,8875498775;
;1;93;93039;2;1;1.0;6.0;48,9198883109;2,3270944508;
;3;05;05011;1;1;1.0;6.0;44,5233553933;6,1870193481;
;1;13;13077;2;1;8.0;1.0;43,4123000000;4,9963400000;
;1;05;05011;1;1;1.0;7.0;44,5472980000;6,1996360000;
;5;93;93005;2;6;1.0;1.0;48,9319153848;2,4906534885;
;5;93;93077;2;3;1.0;3.0;48,8848100000;2,5064600000;
;5;69;69091;2;6;1.0;3.0;45,5855200000;4,7690400000;
;1;84;84007;2;2;1.0;1.0;43,9341400000;4,8315300000;
;1;93;93053;2;1;1.0;6.0;48,9020790000;2,4613400000;
;1;50;50523;2;1;1.0;3.0;49,4083970000; -1,3124590000;
;2;93;93001;2;3;1.0;3.0;48,9131460884;2,3829018204;
;1;50;50402;1;1;1.0;6.0;49,5121490000; -1,7828270000;
;1;67;67218;2;1;8.0;6.0;48,5263900000;7,7073600000;
;5;93;93001;2;2;1.0;6.0;48,9087799348;2,3905567549;
;5;93;93050;2;3;1.0;2.0;48,8733400000;2,5296300000;
;2;62;62107;1;1;5.0;2.0;50,4842300000;2,8360500000;
;2;60;60584;2;1;1.0;6.0;49,2159050000;2,4184460000;
;1;92;92064;2;1;1.0;7.0;48,8462950000;2,2152380000;
;5;67;67218;1;6;2.0;6.0;48,5273100000;7,7350000000;
;1;64;64316;1;1;1.0;7.0;43,0189410000; -0,9327650000;
;5;93;93031;2;5;1.0;3.0;48,9547300000;2,3079500000;
;1;92;92063;2;3;1.0;3.0;48,8673000000;2,1981500000;
;1;40;40192;2;1;1.0;3.0;43,8867700000; -0,4978900000;
;1;64;64316;1;1;1.0;7.0;43,0176470000; -0,9592550000;
;5;93;93029;2;1;1.0;3.0;48,9127714104;2,4633981586;
;2;67;67482;2;1;1.0;2.0;48,6102500000;7,7771800000;
;1;64;64037;1;1;1.0;2.0;43,3471950000; -0,5198170000;
;1;92;92050;2;7;1.0;3.0;48,8913582798;2,2002992034;
;2;35;35288;2;6;1.0;6.0;48,6261600000; -1,9938900000;
;1;64;64102;2;6;1.0;3.0;43,4937500000; -1,4914600000;
;5;92;92046;2;1;5.0;2.0;48,8140626725;2,3029623627;
;1;73;73067;1;1;1.0;1.0;45,3674940000;6,2882290000;
;3;01;01159;1;1;3.0;2.0;46,3363730000;4,8643790000;
;1;93;93001;2;3;1.0;3.0;48,9146700000;2,3835500000;
;1;18;18023;1;1;1.0;6.0;47,0605450000;2,7225660000;
;1;63;63103;1;1;8.0;7.0;45,9250000000;3,0395000000;
;5;92;92044;2;2;1.0;6.0;48,8991482105;2,2786100507;
;1;93;93047;2;1;1.0;6.0;48,9036600000;2,5708600000;
;3;36;36154;2;1;1.0;6.0;46,5765920000;1,5393950000;
;3;74;74183;2;1;8.0;3.0;46,1475570000;6,5147410000;
;5;92;92040;2;1;1.0;6.0;48,8205800000;2,2802800000;
;3;62;62626;1;1;1.0;7.0;50,4888020000;2,7244400000;
;3;93;93005;2;1;1.0;6.0;48,9547261800;2,5024460491;
;1;36;36154;2;1;8.0;6.0;46,5754340000;1,5331290000;
;1;92;92036;2;1;1.0;6.0;48,9200573657;2,2952290177;
;1;74;74236;1;1;1.0;7.0;45,8758030000;6,7619350000;
;5;59;59512;2;1;1.0;6.0;50,7040400000;3,1856500000;
;1;92;92051;2;4;1.0;3.0;48,8865832261;2,2830858529;
;1;16;16076;1;1;2.0;7.0;45,9869430000;0,3844360000;
;1;92;92026;2;2;1.0;6.0;48,8968610000;2,2554560000;
;5;59;59378;2;1;2.0;6.0;50,6533220247;3,1156057119;
;5;92;92036;2;6;1.0;3.0;48,9417397720;2,2953439504;
;1;74;74137;1;4;1.0;1.0;46,0019740000;6,1835590000;
;2;92;92026;2;1;1.0;6.0;48,8987630000;2,2400780000;
;3;16;16234;1;1;1.0;1.0;45,6724610000; -0,0136900000;
;5;59;59350;2;1;2.0;6.0;50,6373000000;3,0515000000;
;3;74;74133;1;1;8.0;6.0;46,1767900000;6,2137000000;
;1;07;07338;1;1;1.0;6.0;44,9072820000;4,6915380000;
;1;76;76258;1;3;1.0;2.0;49,6467570000;0,6121870000;
;1;92;92036;2;3;1.0;3.0;48,9426300000;2,3029800000;
;3;74;74282;1;1;2.0;6.0;46,0424530000;6,2232180000;
;3;07;07294;2;1;1.0;6.0;44,2947090000;4,2601200000;
;1;59;59507;2;2;1.0;6.0;50,6015900000;3,0793800000;
;5;74;74012;2;2;1.0;3.0;46,1904000000;6,2344000000;
;5;92;92024;2;2;1.0;3.0;48,9011583608;2,3052752316;
;1;21;21115;1;1;1.0;7.0;47,8286000000;4,5679000000;
;2;74;74081;2;1;1.0;6.0;46,0645630000;6,5721060000;
;5;92;92024;2;1;1.0;3.0;48,9002038117;2,3174665421;
;1;59;59328;2;3;1.0;6.0;50,6358600000;3,0277000000;
;1;40;40273;2;1;1.0;7.0;43,5496940000; -1,3999490000;
;5;74;74010;2;1;1.0;7.0;45,8851850000;6,1004030000;
;1;92;92004;2;1;1.0;6.0;48,9305228474;2,2752645314;
;2;24;24090;1;1;1.0;7.0;45,3031160000;0,4085970000;
;3;74;74242;1;1;8.0;7.0;45,8230310000;6,1366740000;
;1;59;59350;2;3;1.0;3.0;50,6378000000;3,0809800000;
;1;47;47040;1;1;1.0;3.0;44,1934510000;0,5798560000;
;1;35;35250;1;3;1.0;3.0;48,0185395703; -1,5769886971;
;1;74;74012;2;1;1.0;3.0;46,1919400000;6,2392100000;
;1;04;04209;1;4;1.0;1.0;44,1716820000;5,9185030000;
;5;57;57672;2;1;2.0;6.0;49,3588300000;6,1701300000;
;1;74;74012;2;1;1.0;3.0;46,1931900000;6,2285300000;
;1;04;04007;1;1;1.0;1.0;43,9362720000;6,5310980000;
;1;37;37123;2;3;1.0;3.0;47,3347780000;0,4127490000;
;1;11;11041;1;1;2.0;5.0;43,2910920000;2,8663050000;
;5;74;74264;2;1;2.0;6.0;46,0649760000;6,5451530000;
;5;57;57630;2;1;2.0;6.0;48,7280000000;7,0490000000;
;1;04;04084;1;1;1.0;7.0;43,9322700000;6,1544900000;
;3;01;01105;1;1;1.0;1.0;45,9362740000;4,8751830000;
;1;01;01353;2;1;2.0;6.0;45,9725260000;4,7968550000;
;1;04;04127;1;1;1.0;6.0;44,0712070000;5,9449770000;
;1;74;74118;2;3;1.0;1.0;46,1630500000;6,1839100000;
;1;56;56260;2;2;6.0;1.0;47,6634300000; -2,7652900000;
;2;31;31282;2;1;1.0;2.0;43,6744330000;1,4463440000;
;1;74;74220;1;1;1.0;1.0;46,1494240000;6,2571110000;
;2;56;56121;1;1;1.0;7.0;47,7565800000; -3,3725400000;
;1;01;01419;1;3;1.0;2.0;46,2385630000;6,0038410000;
;1;27;27284;2;6;1.0;5.0;49,2839210000;1,7687830000;
;1;57;57177;2;1;1.0;6.0;48,8121700000;6,7200390000;
;1;74;74280;2;1;1.0;6.0;45,8772410000;6,3242250000;
;1;27;27095;1;1;1.0;7.0;49,2115660000;0,7594060000;
;3;17;17407;1;1;1.0;7.0;46,1995570000; -1,0364910000;
;5;54;54395;2;1;1.0;2.0;48,6902780489;6,1726158857;
;2;81;81219;1;1;1.0;7.0;43,6096300000;2,0151700000;
;3;69;69382;2;3;1.0;6.0;45,7632900000;4,8326400000;
;1;62;62045;1;1;1.0;7.0;50,3433892314;2,5902375709;
;1;17;17446;1;2;1.0;3.0;45,8300180000; -0,3222840000;
;2;54;54270;1;1;8.0;1.0;49,5116500000;5,8486400000;
;1;84;84031;1;1;1.0;4.0;44,0598800000;5,0382100000;
;5;51;51454;2;1;1.0;7.0;49,2481200000;4,0290400000;
;2;56;56089;1;3;1.0;3.0;47,9511510000; -3,2269330000;
;1;50;50592;1;1;1.0;2.0;48,9496290000; -1,0060380000;
;1;87;87071;1;1;1.0;5.0;45,4749690000;1,1743730000;
;3;82;82110;1;1;1.0;6.0;44,1367940000;1,4238370000;
;1;51;51525;1;1;1.0;2.0;48,9166288721;4,4232094288;
;3;976;97603;1;1;1.0;1.0; -12,9005740000;45,1939880000;
;1;30;30352;1;1;1.0;1.0;43,8021060000;4,0868710000;
;1;51;51030;2;2;1.0;3.0;49,0461050000;4,0402190000;
;1;81;81220;2;1;1.0;6.0;43,8200530000;1,7263980000;
;1;89;89451;2;1;1.0;7.0;48,0937220000;3,5154380000;
;1;03;03297;2;9;1.0;1.0;46,5352940000;2,6141750000;
;1;32;32160;1;1;1.0;3.0;43,6416110000;1,0550090000;
;3;30;30013;1;1;1.0;6.0;43,9705110000;4,5004460000;
;1;49;49007;2;1;1.0;2.0;47,4537400000; -0,5268700000;
;1;48;48160;1;1;1.0;6.0;44,6807840000;3,7037870000;
;1;71;71460;2;1;1.0;6.0;46,4135320000;4,7849480000;
;3;74;74158;1;2;5.0;5.0;46,2571150000;6,3381940000;
;2;45;45286;2;3;1.0;3.0;47,8803908072;1,9341731071;
;1;52;52405;2;1;1.0;7.0;47,6561340000;5,2870680000;
;3;74;74137;1;1;1.0;6.0;46,0069480000;6,1952590000;
;2;52;52197;1;1;1.0;6.0;47,7853790000;5,6205150000;
;1;41;41166;2;3;1.0;3.0;47,3893300000;1,3725410000;
;1;45;45338;2;1;8.0;7.0;47,9808230000;2,7228790000;
;5;74;74128;1;6;1.0;1.0;46,1494430000;6,3207270000;
;3;68;68135;1;1;8.0;7.0;47,5822360000;7,5181250000;
;1;52;52242;1;1;1.0;7.0;47,8470671304;5,5845186106;
;1;40;40282;2;1;1.0;6.0;43,7717273574; -0,5730396509;
;1;68;68119;1;1;1.0;7.0;47,6557620000;7,1666370000;
;1;08;08400;2;1;1.0;3.0;49,6487300000;4,7795570000;
;1;45;45208;2;2;8.0;4.0;47,9982800000;2,7463300000;
;-1;85;85146;1;1;;6.0;46,9332040000; -1,2799150000;
;1;88;88075;1;1;1.0;6.0;48,0198770000;6,9774200000;
;1;44;44129;2;1;1.0;6.0;47,4415570000; -2,1378600000;
;1;43;43157;2;1;1.0;7.0;45,0089710000;3,8794200000;
;1;973;97307;1;1;1.0;6.0;4,8959930000; -52,3292970000;
;1;73;73008;2;2;1.0;3.0;45,7045600000;5,8909500000;
;1;41;41018;2;1;1.0;3.0;47,6108100000;1,3327700000;
;1;38;38229;2;2;1.0;3.0;45,2075240000;5,7834110000;
;1;31;31296;1;1;1.0;6.0;43,1174820000;0,9031860000;
;1;03;03075;1;1;1.0;7.0;46,2055130000;3,1114050000;
;1;36;36044;2;1;1.0;6.0;46,8094361859;1,6832712293;
;1;73;73241;1;3;1.0;1.0;45,6232188011;6,3233405835;
;1;987;98738;2;1;1.0;3.0; -17,6180000000; -149,5490000000;
;1;01;01240;1;1;2.0;6.0;46,2916730000;5,5775140000;
;5;13;13208;2;1;1.0;1.0;43,2707722370;5,3920824183;
;1;13;13051;2;1;1.0;3.0;43,5935400000;5,1111750000;
;1;36;36063;2;1;1.0;3.0;46,8268255195;1,7547333241;
;1;18;18141;1;1;1.0;6.0;47,1104160000;2,2045420000;
;1;73;73160;1;3;1.0;1.0;45,5352635407;5,9158363044;
;2;35;35281;2;3;1.0;1.0;48,0698809471; -1,7103736103;
;1;14;14191;2;3;1.0;3.0;49,3347240000; -0,4661570000;
;5;79;79322;2;1;1.0;7.0;46,6332570000; -0,2910680000;
;1;01;01422;1;1;1.0;2.0;46,1335310000;5,2849390000;
;5;33;33063;2;1;8.0;7.0;44,8275269388; -0,5513240397;
;1;45;45087;1;1;1.0;6.0;47,5769800710;2,7270045089;
;3;27;27682;1;1;1.0;3.0;49,2377170000;1,6279530000;
;1;06;06152;1;1;1.0;3.0;43,6141190000;7,0440190000;
;5;33;33522;2;1;8.0;2.0;44,7990784239; -0,5982452631;
;1;22;22263;1;2;1.0;3.0;48,3440140000; -2,0005420000;
;1;44;44026;1;1;1.0;7.0;47,3043670000; -1,4246500000;
;1;10;10018;2;1;1.0;1.0;48,1088780000;3,9206490000;
;1;24;24519;1;1;1.0;6.0;45,4696120000;1,0937190000;
;5;33;33063;2;1;8.0;1.0;44,8702200000; -0,5654600000;
;3;33;33284;1;1;1.0;3.0;44,6306450000; -0,9360460000;
;5;93;93001;2;1;1.0;6.0;48,9172082361;2,3819447433;
;1;27;27467;2;7;1.0;6.0;49,3544060000;0,5136860000;
;1;06;06149;1;1;1.0;6.0;43,7413520000;7,3315390000;
;5;69;69259;1;1;2.0;2.0;45,7204200000;4,8823600000;
;2;31;31555;2;1;2.0;3.0;43,5850300000;1,3728300000;
;1;976;97606;1;1;1.0;3.0; -12,9382030000;45,1341390000;
;1;03;03186;1;1;8.0;6.0;46,3297150000;2,9685940000;
;3;91;91105;2;1;2.0;7.0;48,5708650000;2,1797140000;
;1;35;35288;2;1;1.0;1.0;48,6203300000; -1,9861300000;
;1;31;31483;1;2;2.0;2.0;43,1316492155;0,7061773539;
;2;35;35275;1;1;3.0;3.0;48,1580500000; -1,8181050000;
;1;84;84087;2;3;2.0;1.0;44,1300600000;4,8180800000;
;3;45;45169;1;1;1.0;6.0;47,9085760000;1,8495660000;
;1;06;06085;1;1;1.0;3.0;43,6031650000;7,0239420000;
;1;29;29232;1;6;2.0;4.0;47,9783331230; -4,0172495840;
;5;84;84087;2;2;1.0;1.0;44,1353600000;4,8122100000;
;2;30;30123;1;1;1.0;2.0;43,7231960000;4,1510300000;
;1;77;77413;2;1;2.0;2.0;48,8839720000;2,8428570000;
;2;38;38053;2;9;1.0;2.0;45,5906500706;5,2558826900;
;3;38;38530;1;1;1.0;2.0;45,6178200000;5,1902680000;
;5;27;27701;2;2;1.0;3.0;49,2667900000;1,2119900000;
;3;91;91041;1;1;1.0;4.0;48,5735870000;2,2353910000;
;1;68;68329;1;1;1.0;6.0;48,0604500000;7,0415660000;
;1;60;60432;2;1;1.0;2.0;49,1146480000;2,5979290000;
;1;69;69081;1;1;8.0;6.0;45,7882400000;4,7843700000;
;1;987;98712;2;1;1.0;1.0; -17,5429770000; -149,5036460000;
;1;26;26198;2;1;1.0;6.0;44,5489700000;4,7437000000;
;1;26;26074;2;3;1.0;6.0;44,9656030000;5,4207770000;
;2;59;59311;1;1;1.0;7.0;50,0629420000;3,4875690000;
;1;26;26198;2;2;1.0;3.0;44,5424200000;4,7451300000;
;3;988;98813;1;1;1.0;7.0; -21,7871000000;165,7955500000;
;1;01;01202;2;1;1.0;6.0;45,8961990000;5,3377140000;
;1;14;14715;2;1;1.0;7.0;49,3655300000;0,0812200000;
;1;26;26198;2;1;2.0;2.0;44,5515100000;4,7478500000;
;5;973;97306;2;1;1.0;1.0;5,6703490000; -53,7856370000;
;3;33;33159;1;1;1.0;1.0;45,2066690000; -0,5824040000;
;1;69;69091;1;4;1.0;1.0;45,5903700000;4,7304800000;
;1;973;97306;1;9;1.0;6.0;5,5984500000; -53,7063870000;
;1;25;25056;2;2;2.0;3.0;47,2330500000;6,0193100000;
;2;33;33519;2;3;5.0;3.0;44,9086040000; -0,6634180000;
;1;32;32117;1;1;1.0;1.0;43,6651320000;0,5634870000;
;1;971;97102;1;1;1.0;2.0;16,4672420000; -61,4950700000;
;5;23;23096;2;1;1.0;7.0;46,1649100000;1,8720100000;
;1;80;80202;1;1;1.0;2.0;49,9635750000;2,3477540000;
;1;50;50288;2;6;1.0;3.0;48,6938000000; -1,3738860000;
;1;971;97118;1;1;1.0;2.0;16,2302710000; -61,5916620000;
;1;80;80021;2;7;1.0;6.0;49,8931700000;2,2851800000;
;3;22;22360;2;1;1.0;7.0;48,4794834232; -2,7044820786;
;3;29;29046;2;1;1.0;6.0;48,0809102780; -4,3143814800;
;1;972;97228;1;1;8.0;1.0;14,7582520000; -60,9805850000;
;3;76;76001;1;1;1.0;6.0;49,6131570000;0,6624410000;
;5;42;42218;2;2;1.0;6.0;45,4373200000;4,3929600000;
;1;13;13205;2;1;1.0;3.0;43,2937300000;5,4016100000;
;1;37;37163;2;6;1.0;3.0;47,4279780000;0,9724990000;
;5;30;30189;2;1;1.0;6.0;43,8394000000;4,3551700000;
;1;76;76647;1;1;1.0;2.0;49,5248460000;0,3728490000;
;1;13;13214;2;1;7.0;6.0;43,3485900000;5,3758900000;
;3;30;30189;1;1;1.0;6.0;43,8782800000;4,3117000000;
;1;60;60338;2;2;2.0;3.0;49,3568870000;2,7828830000;
;1;77;77173;1;1;1.0;1.0;49,0361870000;2,9204110000;
;1;13;13215;2;1;2.0;6.0;43,3753900000;5,3651800000;
;5;30;30189;2;1;1.0;1.0;43,8065100000;4,3237100000;
;1;13;13204;2;2;1.0;3.0;43,3028700000;5,4005900000;
;1;77;77095;2;2;1.0;3.0;48,9688680000;2,7577130000;
;1;13;13001;2;1;1.0;6.0;43,5360100000;5,4343900000;
;1;77;77238;1;1;1.0;3.0;48,9311450000;3,1254120000;
;5;40;40192;2;1;1.0;3.0;43,8856500000; -0,4947900000;
;1;91;91249;1;1;1.0;1.0;48,6357310000;2,1069180000;
;3;69;69081;1;1;1.0;2.0;45,7744700000;4,7847200000;
;5;06;06123;2;3;1.0;3.0;43,6856030000;7,1876520000;
;2;40;40281;2;3;1.0;5.0;43,8805300000; -0,4960000000;
;1;78;78003;1;3;1.0;3.0;48,5377460000;1,8758940000;
;3;94;94034;1;1;1.0;4.0;48,7557423927;2,3423099435;
;2;40;40281;2;3;1.0;3.0;43,8737600000; -0,5078800000;
;2;2B;2B316;1;1;1.0;1.0;42,5918030000;8,9249860000;
;2;95;95277;1;1;1.0;2.0;48,9732218937;2,4902272224;
;1;2B;2B093;1;9;1.0;6.0;42,6228400000;8,9010610000;
;1;35;35238;2;1;1.0;3.0;48,0933561213; -1,6710222512;
;1;2B;2B355;1;1;1.0;3.0;42,5077930000;9,3735050000;
;3;93;93010;1;1;1.0;2.0;48,8905000000;2,4735100000;
;1;06;06149;2;3;1.0;3.0;43,7417570000;7,3130050000;
;1;2B;2B042;1;1;1.0;2.0;42,5958980000;9,4974180000;
;1;06;06088;2;1;1.0;6.0;43,6995400000;7,2778200000;
;3;77;77053;1;1;1.0;2.0;48,6755040000;2,6105090000;
;5;04;04070;2;1;1.0;3.0;44,0753200000;6,1879000000;
;1;2B;2B148;1;1;1.0;1.0;42,5371370000;9,4428460000;
;1;06;06088;2;2;1.0;5.0;43,6964300000;7,2585400000;
;1;976;97611;2;1;1.0;6.0; -12,7848700000;45,2282000000;
;1;2A;2A247;2;1;1.0;3.0;41,6107380503;9,2788418390;
;1;06;06088;2;1;1.0;6.0;43,6715470000;7,2246490000;
;5;02;02722;2;3;3.0;6.0;49,3773400000;3,3306600000;
;1;2A;2A163;1;1;1.0;6.0;41,5069780000;9,0252360000;
;1;973;97302;2;3;1.0;3.0;4,9279860606; -52,3138904572;
;1;06;06088;2;9;1.0;1.0;43,6945500000;7,2865900000;
;2;75;75120;2;1;1.0;2.0;48,8635020000;2,4134080000;
;1;30;30201;1;9;1.0;1.0;44,4056610000;3,9767720000;
;1;973;97302;2;6;1.0;6.0;4,9299475217; -52,3041245341;
;1;30;30010;2;1;1.0;6.0;44,0476950000;3,9857520000;
;1;75;75116;2;1;1.0;3.0;48,8545390000;2,2549230000;
;1;06;06088;2;2;1.0;3.0;43,7109100000;7,2927200000;
;1;30;30129;1;1;1.0;7.0;44,0789800000;3,9708600000;
;1;976;97611;1;1;1.0;6.0; -12,7697000000;45,2216200000;
;1;973;97302;2;3;1.0;3.0;4,9380057519; -52,3063963652;
;1;75;75106;2;2;1.0;3.0;48,8451150000;2,3286920000;
;5;93;93005;2;3;2.0;6.0;48,9367080000;2,4964080000;
;1;30;30027;1;3;7.0;3.0;44,0677610000;4,0693190000;
;5;69;69386;2;1;1.0;3.0;45,7733200000;4,8413100000;
;5;92;92040;2;1;1.0;6.0;48,8204115767;2,2622196078;
;1;75;75117;2;5;1.0;3.0;48,8873210000;2,3139530000;
;1;30;30156;1;1;1.0;6.0;43,8842840000;4,4375320000;
;1;34;34332;2;9;7.0;6.0;43,3134770000;3,4155140000;
;3;34;34157;1;1;7.0;6.0;43,4551780000;3,5957690000;
;5;69;69386;2;3;1.0;3.0;45,7663700000;4,8671500000;
;1;75;75117;2;7;1.0;3.0;48,8860090000;2,2891220000;
;1;48;48095;2;1;2.0;6.0;44,5210400000;3,5045810000;
;3;14;14762;1;1;1.0;6.0;48,8521580000; -0,8808100000;
;1;34;34002;1;1;1.0;3.0;43,5299150000;3,4203240000;
;1;972;97213;1;3;1.0;5.0;14,6262400000; -61,0079400000;
;1;75;75117;2;3;8.0;3.0;48,8997646969;2,3191371560;
;5;14;14333;2;6;1.0;3.0;49,4177700000;0,2401300000;
;1;34;34033;1;1;1.0;7.0;43,7503270000;4,0674730000;
;1;2B;2B033;2;1;1.0;3.0;42,7029300000;9,4516300000;
;1;14;14243;2;1;1.0;6.0;49,4018580000;0,2197440000;
;5;75;75117;2;3;1.0;7.0;48,8833220000;2,3258040000;
;3;34;34344;1;1;1.0;6.0;43,5698184308;4,0742690544;
;5;2B;2B037;2;6;1.0;7.0;42,5945680000;9,4387490000;
;1;34;34115;2;1;1.0;6.0;43,8669720000;3,5916980000;
;3;14;14333;1;1;1.0;6.0;49,4211570000;0,2064340000;
;1;971;97101;1;1;1.0;1.0;16,2602600000; -61,4602800000;
;3;75;75114;2;3;1.0;3.0;48,8217390000;2,3267040000;
;3;62;62060;2;1;3.0;6.0;50,2280540000;2,1083990000;
;1;84;84129;1;1;1.0;3.0;44,0127170000;4,9076110000;
;4;971;97107;2;1;1.0;1.0;16,0326787149; -61,5710037947;
;1;79;79080;2;6;1.0;7.0;46,6649470000; -0,2478000000;
;1;75;75111;2;1;1.0;3.0;48,8613530000;2,3776390000;
;1;83;83112;2;1;1.0;6.0;43,1713710000;5,6953220000;
;1;2A;2A004;2;1;1.0;6.0;41,9169000000;8,7373000000;
;2;07;07259;1;1;8.0;2.0;44,3001490000;4,6135090000;
;1;75;75109;2;1;1.0;2.0;48,8765230000;2,3420690000;
;1;83;83059;1;1;1.0;3.0;43,3307700000;6,0852400000;
;4;60;60612;1;6;2.0;1.0;49,2093510000;2,6213500000;
;1;2A;2A004;2;3;1.0;3.0;41,9370202590;8,7508174183;
;1;06;06147;1;9;1.0;2.0;43,7829690000;7,2743440000;
;1;75;75101;2;4;1.0;3.0;48,8648073521;2,3451025038;
;1;59;59359;1;1;1.0;2.0;50,9910470000;2,2483130000;
;4;91;91103;2;1;2.0;1.0;48,5853400000;2,2999700000;
;1;05;05038;1;1;1.0;1.0;44,7475870000;6,7712260000;
;2;94;94043;2;1;1.0;1.0;48,8111740565;2,3640779695;
;3;93;93027;2;1;1.0;3.0;48,9230850000;2,4056740000;
;3;05;05165;1;1;1.0;6.0;44,4302600000;5,7932390000;
;1;91;91174;1;1;1.0;3.0;48,6104900000;2,4440900000;
;1;91;91223;1;1;2.0;7.0;48,3925160000;2,1111410000;
;1;94;94041;2;9;2.0;3.0;48,8057600000;2,3724700000;
;1;73;73054;1;1;1.0;1.0;45,6099280000;6,7862930000;
;1;05;05166;2;3;1.0;3.0;44,4199580000;5,7198320000;
;1;94;94021;2;9;1.0;2.0;48,7608900000;2,3431600000;
;1;87;87085;2;1;1.0;4.0;45,8565800000;1,2691900000;
;5;74;74010;2;1;1.0;6.0;45,9108310000;6,1193680000;
;1;13;13067;1;1;1.0;7.0;43,7828530000;5,0150660000;
;1;94;94028;2;2;1.0;3.0;48,7881835831;2,4408772090;
;4;87;87085;2;2;1.0;6.0;45,8213200000;1,2398900000;
;1;33;33063;2;1;1.0;3.0;44,8341231342; -0,5624887347;
;1;13;13067;1;1;1.0;1.0;43,7878410000;5,0461360000;
;5;22;22278;2;3;9.0;3.0;48,5162500000; -2,7711900000;
;1;94;94069;2;1;1.0;3.0;48,8152600000;2,4595000000;
;5;87;87085;2;3;2.0;7.0;45,8553400000;1,2483200000;
;1;13;13092;2;2;1.0;1.0;43,5508250000;5,0390770000;
;1;36;36044;1;1;1.0;6.0;46,7850400000;1,6768500000;
;1;13;13085;1;1;1.0;1.0;43,2486410000;5,6639670000;
;1;94;94041;2;1;1.0;1.0;48,8125600000;2,3921400000;
;1;13;13100;1;1;1.0;7.0;43,7548220000;4,8335770000;
;1;36;36063;1;1;1.0;3.0;46,8344090000;1,7181050000;
;1;78;78401;2;1;1.0;6.0;49,0122680000;1,9183420000;
;5;93;93073;2;1;1.0;6.0;48,9550600000;2,5665500000;
;5;77;77337;2;3;3.0;6.0;48,8489600000;2,6159400000;
;1;26;26250;1;1;1.0;4.0;45,0125560000;4,8758480000;
;5;93;93027;2;6;1.0;3.0;48,9294400000;2,3860200000;
;5;53;53147;2;2;1.0;3.0;48,3054160000; -0,6165710000;
;1;77;77079;2;6;5.0;7.0;48,3957660000;2,7985760000;
;1;70;70279;2;1;1.0;1.0;47,4413100000;5,6132040000;
;1;92;92020;2;1;1.0;6.0;48,8082980000;2,2958600000;
;1;72;72181;2;1;1.0;7.0;47,9619000000;0,2235000000;
;1;25;25313;1;1;1.0;6.0;47,3725330000;6,4251140000;
;5;92;92044;2;9;1.0;3.0;48,8939491801;2,3004314303;
;2;89;89102;1;1;1.0;6.0;47,7700650000;3,4606500000;
;1;69;69264;2;6;1.0;2.0;45,9790210994;4,7344878316;
;1;13;13033;1;1;1.0;5.0;43,3598450000;5,1844850000;
;1;92;92040;2;1;1.0;3.0;48,8185150000;2,2575610000;
;1;89;89438;1;1;1.0;1.0;47,7940670000;3,6346970000;
;3;69;69271;1;2;1.0;3.0;45,7432500000;4,9372800000;
;1;92;92040;2;2;1.0;5.0;48,8297410000;2,2673650000;
;1;67;67482;2;3;1.0;3.0;48,5823300000;7,7138100000;
;1;67;67298;2;3;1.0;3.0;48,7007440000;7,6489630000;
;1;67;67447;2;1;1.0;6.0;48,6096300000;7,7413700000;
;5;92;92025;2;2;1.0;3.0;48,9311696370;2,2443115711;
;5;67;67127;2;1;1.0;1.0;48,5701540000;7,5273190000;
;1;67;67482;2;1;1.0;7.0;48,5682800000;7,7272200000;
;1;92;92060;2;9;1.0;7.0;48,7862954943;2,2646558583;
;1;88;88513;1;1;1.0;1.0;48,3312690000;6,3440140000;
;3;09;09209;1;1;8.0;6.0;43,0186280000;1,1704130000;
;5;42;42094;2;1;1.0;6.0;45,7422880000;4,2104240000;
;5;67;67482;2;1;1.0;3.0;48,5726700000;7,7626500000;
;1;38;38529;1;1;1.0;3.0;45,1142950000;5,8305700000;
;1;67;67267;2;1;1.0;3.0;48,5558200000;7,6931000000;
;2;26;26231;1;1;5.0;6.0;45,0730360000;5,0310730000;
;1;26;26138;1;3;1.0;2.0;44,3814850000;4,7202160000;
;1;65;65286;2;1;1.0;1.0;43,1029500000; -0,0300400000;
;2;01;01160;2;1;1.0;6.0;46,2568740000;6,1123040000;
;3;69;69047;2;1;1.0;6.0;45,8939633979;4,6729820967;
;5;64;64483;2;2;1.0;3.0;43,3861900000; -1,6555400000;
;1;64;64445;2;1;1.0;2.0;43,3099900000; -0,3696100000;
;2;81;81219;1;4;1.0;1.0;43,6177600000;2,0927300000;
;1;81;81046;2;1;1.0;6.0;43,8549630000;1,9771490000;
;1;64;64102;2;1;1.0;3.0;43,4952900000; -1,4697200000;
;1;59;59527;2;1;1.0;7.0;50,6629370857;3,0502939224;
;1;81;81099;2;2;1.0;5.0;43,8930320000;1,8765146000;
;1;09;09282;2;1;1.0;6.0;43,2452930000;1,5694680000;
;4;59;59636;2;1;2.0;6.0;50,6794216183;3,0477994680;
;3;56;56036;1;1;1.0;3.0;47,7742340000; -3,3685230000;
;1;09;09199;1;2;1.0;3.0;43,1806620000;1,6523640000;
;1;55;55029;2;1;1.0;6.0;48,7690900000;5,1723000000;
;1;31;31248;2;1;1.0;2.0;43,4546998352;1,4115232229;
;1;54;54431;2;1;1.0;7.0;48,9034300000;6,0561400000;
;3;31;31287;1;1;1.0;6.0;43,4041670000;1,2613680000;
;1;86;86062;1;1;1.0;6.0;46,6705880000;0,3747960000;
;5;54;54395;2;2;1.0;3.0;48,6951300000;6,1381800000;
;2;33;33473;1;1;1.0;6.0;45,1975030000; -0,4486910000;
;1;54;54395;2;2;1.0;6.0;48,6984000000;6,1668000000;