Num_Acc;lum;departement;commune;agglomeration;intersection;meteo;type_collision;lat;long;date
;1;92;92004;2;1;1.0;2.0;48,9133408252;2,2980285734;
;1;92;92036;2;2;1.0;2.0;48,9384601981;2,2804345563;
;1;92;92026;2;3;1.0;3.0;48,8950580134;2,2500520348;
;1;92;92024;2;1;1.0;6.0;48,9044017958;2,3162502944;
;1;92;92012;2;1;1.0;4.0;48,8346079992;2,2465446442;
;5;92;92004;1;1;1.0;6.0;48,9080400000;2,2925400000;
;2;80;80776;1;1;1.0;7.0;50,0453570000;2,5452700000;
;1;38;38199;2;4;1.0;3.0;45,5080990000;4,9178140000;
;1;17;17010;1;9;1.0;6.0;46,1064280000; -1,0974610000;
;1;40;40304;2;6;1.0;7.0;43,6700560000; -1,3824270000;
;1;40;40004;2;3;1.0;3.0;43,6585190000; -1,3714720000;
;1;84;84091;2;1;1.0;6.0;44,1783553424;4,7601681084;
;1;68;68064;1;9;1.0;3.0;47,8265250000;7,5459000000;
;1;84;84029;1;6;1.0;2.0;44,1573050000;4,8637570000;
;1;50;50546;1;2;1.0;7.0;49,0509690000; -1,0983220000;
;2;62;62477;2;1;1.0;6.0;50,3146050000;2,5364500000;
;1;988;98822;1;9;1.0;6.0; -20,9371200000;165,3657400000;
;3;971;97125;1;1;3.0;6.0;16,2556310000; -61,2441020000;
;1;66;66164;1;1;1.0;6.0;42,7717180000;2,8473990000;
;1;30;30297;1;1;1.0;7.0;44,1242400000;3,4579250000;
;2;34;34059;1;1;1.0;7.0;43,3760440000;2,7776530000;
;1;34;34042;1;1;1.0;2.0;43,8828950000;3,7030600000;
;1;71;71219;1;1;1.0;1.0;46,6642560000;4,9458270000;
;1;68;68028;1;1;1.0;7.0;48,2132420000;7,3383840000;
;1;74;74224;2;1;1.0;6.0;46,0659660000;6,3137000000;
;1;42;42094;2;1;1.0;5.0;45,7424830000;4,2119800000;
;1;65;65059;1;1;1.0;7.0;42,9242200000;0,2033110000;
;1;31;31395;2;1;1.0;6.0;43,4657450000;1,3363360000;
;2;31;31395;2;6;1.0;2.0;43,4764360000;1,3193570000;
;1;17;17164;2;1;1.0;3.0;45,7621380000; -0,6142040000;
;1;17;17219;2;9;1.0;3.0;45,8135890000; -1,1330080000;
;5;33;33238;2;1;1.0;7.0;44,7478000000; -0,5912390000;
;1;44;44172;2;1;1.0;7.0;47,2356260000; -1,4767650000;
;2;56;56092;1;3;1.0;1.0;48,0251040000; -2,8410230000;
;1;76;76057;2;1;1.0;6.0;49,5363710000;0,9605100000;
;1;59;59581;2;1;1.0;6.0;50,6988910000;2,7789460000;
;2;13;13212;2;1;1.0;2.0;43,2962100000;5,4248100000;
;2;13;13056;1;1;1.0;2.0;43,3987438854;5,0861862301;
;1;13;13215;1;1;1.0;2.0;43,3615400000;5,3615600000;
;1;91;91136;1;1;1.0;4.0;48,7143400000;2,2739900000;
;3;91;91235;1;1;1.0;6.0;48,6251200000;2,3655900000;
;5;92;92063;1;1;1.0;6.0;48,8843014277;2,1656397422;
;1;93;93027;1;1;1.0;2.0;48,9279701620;2,4181916762;
;3;95;95682;1;1;1.0;6.0;49,0685147303;2,3858517408;
;3;92;92036;1;1;1.0;2.0;48,9378886633;2,2976672190;
;5;60;60157;2;6;1.0;6.0;49,3839360000;2,4136140000;
;1;32;32013;1;1;1.0;6.0;43,6356600000;0,5926300000;
;1;52;52121;2;4;1.0;6.0;48,1086200000;5,1362400000;
;1;29;29019;2;1;1.0;6.0;48,3996400000; -4,4891700000;
;1;976;97611;2;1;1.0;6.0; -12,7742300000;45,2227100000;
;1;974;97416;1;1;1.0;6.0; -21,2966300000;55,4172400000;
;1;974;97407;2;3;1.0;5.0; -20,9482800000;55,3031600000;
;5;69;69387;2;1;1.0;1.0;45,7461300000;4,8498000000;
;2;972;97209;1;1;3.0;6.0;14,6145000000; -61,0499800000;
;1;971;97101;1;1;2.0;3.0;16,2761236870; -61,5017223358;
;1;2A;2A004;2;1;1.0;2.0;41,9365067816;8,7426071763;
;5;91;91027;2;1;1.0;7.0;48,7132800000;2,3964200000;
;1;91;91286;2;1;1.0;6.0;48,6545000000;2,3937700000;
;1;91;91326;2;1;1.0;3.0;48,6918500000;2,3634800000;
;1;91;91027;2;1;1.0;4.0;48,6992200000;2,3718600000;
;1;86;86194;2;2;1.0;3.0;46,5921800000;0,3824700000;
;5;83;83144;2;1;1.0;7.0;43,1499800000;5,9811000000;
;3;83;83062;1;1;1.0;2.0;43,1379100000;6,0244400000;
;1;83;83126;2;1;1.0;3.0;43,0863700000;5,8809200000;
;1;83;83069;2;1;1.0;3.0;43,1106060000;6,1241910000;
;1;82;82121;2;3;1.0;3.0;44,0027000000;1,3666700000;
;1;69;69290;2;9;1.0;6.0;45,7010118189;4,9188512565;
;1;64;64445;2;2;1.0;3.0;43,3148100000; -0,3545000000;
;1;61;61001;2;1;1.0;1.0;48,4123000000;0,0867500000;
;3;60;60175;1;9;1.0;3.0;49,2469600000;2,4565200000;
;1;59;59599;2;1;7.0;6.0;50,7359291233;3,1536481976;
;1;59;59507;2;6;1.0;3.0;50,6016000000;3,0793200000;
;1;54;54547;2;1;1.0;6.0;48,6630090000;6,1681900000;
;5;51;51108;2;6;1.0;7.0;48,9626600000;4,3894600000;
;1;49;49246;2;1;1.0;7.0;47,4343400000; -0,5261700000;
;1;49;49353;2;1;1.0;6.0;47,4514000000; -0,5019000000;
;1;49;49007;2;1;1.0;6.0;47,4503000000; -0,5556100000;
;5;44;44109;2;1;1.0;7.0;47,2096300000; -1,5980200000;
;1;43;43157;1;1;1.0;7.0;45,0297700000;3,9056900000;
;1;39;39198;1;1;1.0;5.0;47,1079420000;5,4841690000;
;1;35;35238;2;1;1.0;6.0;48,0862260623; -1,6750663519;
;1;33;33529;2;3;1.0;3.0;44,6224900000; -1,2018400000;
;5;30;30007;2;6;1.0;2.0;44,1434600000;4,1033100000;
;1;29;29039;1;1;1.0;7.0;47,9322651000; -3,9053828000;
;1;29;29019;2;2;1.0;3.0;48,3997680000; -4,4860940000;
;1;29;29019;2;3;1.0;2.0;48,3922920000; -4,4797070000;
;1;28;28085;2;1;1.0;4.0;48,4414200000;1,4829100000;
;1;27;27229;2;1;1.0;1.0;49,0175982571;1,1297464371;
;1;26;26362;1;4;1.0;3.0;44,8973000000;4,9150800000;
;1;13;13213;2;1;1.0;1.0;43,3285443945;5,4101165961;
;5;13;13208;2;1;1.0;1.0;43,2351037021;5,3603558555;
;5;10;10387;2;1;1.0;6.0;48,3048100000;4,0647200000;
;1;10;10297;2;3;1.0;3.0;48,3200657884;4,1037958860;
;1;08;08105;2;9;7.0;6.0;49,7735486540;4,7178549170;
;1;75;75119;2;1;1.0;2.0;48,8918430000;2,3957800000;
;2;75;75113;2;5;1.0;3.0;48,8258130000;2,3503650000;
;5;75;75117;2;2;1.0;7.0;48,8922600000;2,3010190000;
;1;75;75117;2;2;1.0;6.0;48,8873490000;2,3141350000;
;5;75;75116;2;1;1.0;2.0;48,8666750000;2,2302470000;
;5;75;75115;2;7;1.0;3.0;48,8491520000;2,2818960000;
;5;75;75113;2;2;1.0;3.0;48,8322280000;2,3797870000;
;5;75;75112;2;1;1.0;6.0;48,8479030000;2,3917330000;
;1;75;75111;2;2;1.0;6.0;48,8513250000;2,3761390000;
;1;75;75108;2;1;1.0;6.0;48,8709050000;2,3042960000;
;5;75;75108;2;1;1.0;3.0;48,8770220000;2,3028320000;
;5;75;75108;2;1;1.0;5.0;48,8831280000;2,3261890000;
;5;75;75103;2;2;2.0;3.0;48,8654600000;2,3561180000;
;1;94;94081;2;1;1.0;2.0;48,7910300000;2,3944300000;
;1;94;94044;2;1;1.0;3.0;48,7564400000;2,4834700000;
;2;94;94021;2;6;1.0;3.0;48,7651030000;2,3533800000;
;5;94;94038;2;2;1.0;3.0;48,7739400000;2,3518460000;
;1;94;94033;2;3;1.0;1.0;48,8583160000;2,4797080000;
;1;94;94079;2;2;1.0;3.0;48,8307500000;2,5484700000;
;1;93;93027;2;2;1.0;3.0;48,9248000000;2,4150000000;
;1;93;93057;2;1;1.0;6.0;48,9106398725;2,5011125341;
;1;93;93001;2;3;1.0;3.0;48,9110616219;2,3882203979;
;1;92;92012;2;1;7.0;6.0;48,8312124736;2,2360315919;
;1;51;51270;1;2;1.0;3.0;48,6094900000;4,5552710000;
;1;22;22375;1;1;1.0;1.0;48,6238820000; -2,9722850000;
;3;45;45239;1;9;1.0;1.0;47,9090502312;2,6437354088;
;1;33;33066;1;4;1.0;3.0;44,5757460000; -0,0121930000;
;1;31;31418;1;4;1.0;1.0;43,6126010000;1,5468290000;
;5;974;97412;2;1;1.0;7.0; -21,3515480000;55,6119340000;
;1;28;28403;1;2;1.0;3.0;48,3755730000;1,4947950000;
;1;74;74213;2;1;1.0;7.0;45,9132220000;6,0806680000;
;1;71;71520;1;4;1.0;6.0;46,7479480000;4,8327830000;
;1;974;97414;2;3;1.0;3.0; -21,2882310000;55,4123070000;
;3;79;79312;1;1;1.0;7.0;46,1309800000; -0,2541230000;
;1;65;65353;2;1;1.0;6.0;43,1708590000;0,2556920000;
;2;51;51617;1;1;1.0;7.0;49,0450883752;4,3073487282;
;1;56;56257;1;2;1.0;3.0;48,0974300000; -2,5535900000;
;1;65;65283;1;1;1.0;7.0;42,8010690000;0,4411700000;
;1;65;65258;1;1;1.0;3.0;43,1049450000;0,4014450000;
;1;33;33544;1;1;1.0;1.0;45,5264010000; -1,0991590000;
;1;71;71370;1;1;1.0;6.0;46,5365620000;4,0203740000;
;2;71;71460;1;1;1.0;7.0;46,3966440000;4,7932360000;
;1;61;61483;1;1;1.0;3.0;48,5816080000; -0,4298190000;
;1;46;46304;1;1;1.0;1.0;44,7019570000;1,5457790000;
;1;47;47186;1;1;1.0;3.0;44,2060500000;0,4434010000;
;1;22;22135;1;1;1.0;1.0;48,6121430000; -3,3496930000;
;1;39;39189;2;3;7.0;2.0;47,0753170000;5,4081650000;
;1;39;39035;1;3;1.0;3.0;46,4525740000;5,3468820000;
;2;44;44006;2;1;1.0;6.0;47,4289620000; -2,3940480000;
;1;35;35299;1;1;1.0;2.0;48,6532385167; -1,8733821809;
;1;02;02643;2;2;7.0;2.0;49,3960070000;3,1142870000;
;1;02;02183;2;1;1.0;7.0;49,4748480000;3,5912900000;
;1;01;01321;1;4;7.0;1.0;46,1657010000;5,3606370000;
;2;70;70105;1;1;1.0;6.0;47,6344100000;5,9795240000;
;1;72;72356;1;1;1.0;6.0;47,7743630000;0,4807380000;
;2;50;50615;2;2;1.0;6.0;49,5062530000; -1,4646710000;
;1;64;64040;1;1;1.0;6.0;42,9972897732; -0,7551491261;
;1;43;43177;2;1;1.0;6.0;45,3019210000;4,2680590000;
;1;10;10218;1;1;1.0;7.0;48,0142335431;4,1680455208;
;1;36;36146;1;1;1.0;6.0;46,5059347538;1,6980984807;
;1;16;16104;2;1;1.0;6.0;46,0232040000;0,2242640000;
;3;21;21210;2;1;1.0;6.0;47,2574977577;4,5724062560;
;1;24;24571;1;1;1.0;1.0;45,0685500000;0,7265190000;
;1;85;85101;1;1;1.0;7.0;46,4917650000; -1,4005840000;
;1;85;85254;1;1;1.0;2.0;46,8291800000; -0,7600790000;
;1;85;85117;1;1;1.0;6.0;46,4347175000; -1,2635926900;
;1;87;87028;1;1;1.0;4.0;46,2372970000;0,8946350000;
;3;48;48080;1;1;1.0;6.0;44,7033140000;3,8662430000;
;1;973;97309;2;1;1.0;3.0;4,8875480000; -52,2822400000;
;5;987;98715;1;9;1.0;; -17,5589640000; -149,6065930000;
;2;28;28199;1;1;1.0;7.0;48,2102660000;1,8477980000;
;2;45;45067;1;1;1.0;6.0;47,8982395152;1,7946636800;
;1;34;34134;1;1;1.0;6.0;43,5902450000;3,8059470000;
;1;988;98807;1;1;1.0;7.0; -20,7122700000;164,9403620000;
;3;974;97423;1;1;1.0;1.0; -21,1228910000;55,2635130000;
;1;973;97310;2;1;1.0;1.0;4,7107082603; -52,3909664154;
;1;971;97104;2;1;1.0;2.0;16,0174840956; -61,7467582226;
;3;45;45315;1;1;1.0;6.0;47,7798581847;2,3176603680;
;1;45;45155;2;8;1.0;3.0;47,6863120000;2,6542070000;
;1;77;77500;1;4;7.0;3.0;48,2090100000;2,9495070000;
;1;77;77177;1;1;1.0;1.0;48,7717610000;2,7752070000;
;1;2B;2B148;1;1;1.0;3.0;42,5369710000;9,4725220000;
;3;66;66182;1;1;1.0;6.0;42,7232799525;3,0297414958;
;1;11;11195;1;3;1.0;3.0;43,2616440000;1,9968130000;
;1;84;84019;2;1;1.0;3.0;44,2787570000;4,7776030000;
;5;67;67237;2;1;1.0;3.0;48,6748770000;7,8476720000;
;1;88;88388;1;1;1.0;7.0;48,1521580000;6,3885280000;
;1;57;57261;1;1;1.0;7.0;49,0766490000;7,2106360000;
;1;57;57260;1;1;1.0;2.0;49,1441410000;7,0151461000;
;2;74;74185;1;1;8.0;6.0;46,1485760000;6,2191060000;
;1;74;74079;1;1;1.0;7.0;45,8559820000;6,3288120000;
;1;26;26232;1;1;1.0;7.0;44,9003710000;5,1130630000;
;2;52;52140;1;1;1.0;7.0;48,2572410000;4,9284520000;
;1;73;73140;1;1;8.0;6.0;45,7426053963;5,7895357715;
;3;69;69285;1;1;1.0;6.0;45,7707860000;5,0653520000;
;2;52;52469;1;1;5.0;6.0;48,0428070000;5,0594190000;
;1;35;35125;2;1;1.0;6.0;47,9405110000; -1,2291280000;
;1;69;69049;1;3;1.0;1.0;45,8725160000;4,7641660000;
;1;06;06033;1;1;1.0;7.0;43,7817490000;7,1959750000;
;1;57;57483;1;6;2.0;7.0;48,9474370000;6,6620590000;
;1;72;72025;1;1;1.0;6.0;47,6605530000; -0,1821650000;
;1;77;77522;1;2;1.0;3.0;48,4517910000;3,3813700000;
;1;27;27307;1;1;1.0;6.0;49,2202320000;1,4491870000;
;3;76;76196;1;3;3.0;2.0;49,6428070000;0,2556150000;
;1;60;60589;2;6;1.0;3.0;49,2332780000;2,4596390000;
;3;60;60524;1;1;1.0;6.0;49,3300200000;2,4350780000;
;1;79;79278;1;2;2.0;3.0;46,5975620000; -0,1155400000;
;1;60;60157;2;3;1.0;6.0;49,3715460000;2,4160050000;
;1;60;60644;2;1;7.0;6.0;49,2854189901;1,8210030555;
;5;33;33514;2;2;2.0;3.0;45,5105250000; -1,1250340000;
;1;02;02521;1;1;1.0;3.0;49,0135900000;3,1861960000;
;3;81;81288;2;1;8.0;6.0;43,4576593013;2,0769910812;
;3;59;59626;1;1;1.0;1.0;50,2882207700;3,6294659972;
;1;13;13212;1;1;1.0;2.0;43,3041885753;5,4255527258;
;1;60;60352;1;1;2.0;6.0;49,2464190000;1,8130870000;
;3;12;12224;1;1;1.0;1.0;44,4572410000;2,9769840000;
;1;80;80803;1;1;1.0;6.0;49,7126140000;2,7556690000;
;1;69;69029;1;1;1.0;4.0;45,7272700000;4,9108200000;
;1;33;33065;1;1;1.0;6.0;44,8106200000; -0,5233100000;
;1;03;03310;2;3;2.0;6.0;46,1244100000;3,4296000000;
;1;33;33090;1;1;1.0;3.0;44,7767540000; -0,6476180000;
;1;68;68018;1;1;2.0;1.0;47,6761720000;7,1779240000;
;2;83;83069;2;1;1.0;6.0;43,1181800000;6,1190700000;
;1;02;02691;2;3;1.0;3.0;49,8628400000;3,3076400000;
;1;77;77251;1;1;1.0;5.0;48,6447680000;2,5435930000;
;1;31;31584;1;1;3.0;1.0;43,8670110000;1,5097890000;
;5;974;97416;1;1;1.0;7.0; -21,3118800000;55,4963200000;
;1;77;77384;1;1;1.0;6.0;48,5987213793;2,6065129475;
;1;03;03043;1;2;1.0;3.0;46,2070940000;3,2799450000;
;5;974;97416;1;1;1.0;3.0; -21,3326000000;55,5234400000;
;1;78;78206;1;1;1.0;3.0;48,9529020000;1,9408080000;
;1;974;97416;2;1;1.0;6.0; -21,2871930000;55,4821480000;
;3;54;54162;1;1;1.0;6.0;48,6469140000;5,8353060000;
;1;78;78322;1;1;1.0;4.0;48,7871420000;2,1484990000;
;1;974;97416;1;4;1.0;3.0; -21,2769400000;55,4702500000;
;1;93;93007;1;1;1.0;2.0;48,9461510301;2,4408797622;
;3;05;05056;1;2;9.0;3.0;44,6334590000;6,1364440000;
;1;974;97411;2;2;1.0;3.0; -20,8903000000;55,4529000000;
;1;50;50236;1;1;1.0;6.0;49,2919230000; -1,5262310000;
;5;50;50394;2;1;2.0;6.0;49,1867610000; -1,4081340000;
;1;974;97411;2;1;1.0;3.0; -20,9210000000;55,4032700000;
;1;59;59599;2;1;1.0;2.0;50,7378357817;3,1635662913;
;1;974;97411;2;9;1.0;3.0; -20,8880030000;55,4898910000;
;1;974;97411;2;1;1.0;3.0; -20,8840700000;55,4499000000;
;3;50;50484;2;1;1.0;4.0;48,5806390000; -1,1064380000;
;1;83;83046;1;9;1.0;3.0;43,4926888960;6,1409249454;
;1;974;97409;2;1;1.0;6.0; -20,9637600000;55,6196400000;
;3;988;98818;2;1;1.0;6.0; -22,2626800000;166,3968000000;
;5;974;97407;2;3;1.0;3.0; -20,9416900000;55,3024700000;
;2;17;17020;1;1;1.0;1.0;45,5066480000; -0,3315640000;
;5;974;97411;2;3;1.0;3.0; -20,8724500000;55,4496600000;
;1;76;76681;2;1;1.0;3.0;49,4160100000;1,0957300000;
;2;974;97407;2;2;1.0;3.0; -20,9367200000;55,2909500000;
;2;87;87044;1;1;2.0;7.0;45,7547240000;0,7652880000;
;2;974;97411;2;2;1.0;3.0; -20,8841340000;55,4533680000;
;1;76;76486;1;1;1.0;4.0;49,3345900000;1,0118500000;
;1;974;97407;2;2;1.0;5.0; -20,9492300000;55,2939500000;
;3;48;48132;1;1;2.0;6.0;44,7760400000;3,3679100000;
;1;973;97302;2;1;1.0;7.0;4,9340900000; -52,3330400000;
;1;973;97302;2;1;1.0;3.0;4,9341585860; -52,2990551591;
;1;76;76498;1;1;1.0;2.0;49,4346200000;1,0692900000;
;3;35;35353;1;1;1.0;6.0;48,1184649985; -1,7430979013;
;1;973;97302;1;1;1.0;5.0;4,9053300000; -52,3233500000;
;1;74;74012;2;1;1.0;6.0;46,1858400000;6,2235500000;
;1;73;73065;2;2;1.0;3.0;45,5730900000;5,9141500000;
;1;973;97302;1;6;2.0;3.0;4,9211200000; -52,3294200000;
;1;973;97302;2;1;1.0;6.0;4,9405800181; -52,3242598772;
;3;34;34172;1;1;1.0;2.0;43,5927620000;3,9032680000;
;1;72;72181;2;2;1.0;6.0;48,0150000000;0,1828400000;
;1;72;72181;2;1;1.0;6.0;47,9749500000;0,2397100000;
;1;69;69276;1;1;1.0;1.0;45,6805844609;4,8461884260;
;3;13;13114;1;1;1.0;6.0;43,5459020000;5,3334700000;
;3;71;71059;1;1;1.0;7.0;46,8263700000;4,4692000000;
;1;69;69259;2;2;1.0;3.0;45,7131000000;4,8768700000;
;2;971;97103;2;1;1.0;6.0;16,2415660000; -61,5642070000;
;1;69;69029;2;3;1.0;3.0;45,7382700000;4,9047100000;
;1;69;69383;2;1;1.0;3.0;45,7594809896;4,8552824728;
;2;69;69266;2;2;1.0;3.0;45,7680518382;4,8658114672;
;1;976;97616;1;1;1.0;7.0; -12,8619810000;45,1094770000;
;1;69;69199;2;1;1.0;2.0;45,6852166641;4,8471432924;
;1;69;69013;1;1;1.0;2.0;46,0078869177;4,7292579567;
;1;69;69383;2;1;1.0;1.0;45,7605000000;4,8629900000;
;3;971;97107;1;1;1.0;1.0;16,0678980000; -61,5682630000;
;4;68;68066;2;1;1.0;3.0;48,0743590000;7,3432180000;
;1;972;97213;2;1;1.0;4.0;14,6158100000; -61,0146400000;
;5;67;67482;2;3;1.0;6.0;48,5753000000;7,7548800000;
;2;77;77392;1;1;1.0;2.0;49,0651370000;2,7082530000;
;3;972;97213;1;1;2.0;1.0;14,6593900000; -60,9714100000;
;3;91;91318;2;1;8.0;7.0;48,5125840000;2,2702590000;
;1;67;67482;2;6;1.0;3.0;48,5838700000;7,7146400000;
;5;972;97213;1;1;1.0;6.0;14,6201000000; -61,0215700000;
;1;2B;2B337;1;1;3.0;6.0;42,4706090000;9,2265630000;
;3;66;66136;1;1;1.0;6.0;42,7085700000;2,8784700000;
;1;972;97209;2;1;1.0;3.0;14,6057400000; -61,0725800000;
;1;66;66136;2;1;1.0;2.0;42,6865000000;2,8996300000;
;1;2B;2B337;1;1;2.0;5.0;42,4737750000;9,2568830000;
;1;972;97209;1;1;1.0;3.0;14,6167100000; -61,0718300000;
;1;64;64348;2;1;1.0;4.0;43,3140600000; -0,4185300000;
;5;972;97209;1;1;1.0;6.0;14,6440000000; -61,0447200000;
;3;34;34256;1;1;8.0;6.0;43,6957220000;4,0374330000;
;1;62;62108;2;2;1.0;6.0;50,4067210000;1,5624300000;
;1;972;97209;1;1;1.0;5.0;14,6183000000; -61,0370000000;
;3;83;83047;1;1;1.0;1.0;43,1313290000;6,0453240000;
;1;60;60159;2;3;1.0;3.0;49,4035540656;2,8168422282;
;1;972;97209;2;2;1.0;;14,6048500000; -61,0677300000;
;1;60;60665;1;3;1.0;3.0;49,4239151826;2,7977414130;
;1;69;69149;2;1;1.0;3.0;45,7137100000;4,8194900000;
;1;59;59599;2;3;1.0;3.0;50,7344300000;3,1578700000;
;1;69;69385;2;3;1.0;3.0;45,7560800000;4,8191000000;
;1;59;59350;2;3;1.0;3.0;50,6120994477;3,0750333667;
;3;01;01249;1;1;5.0;5.0;45,8601370000;4,9110600000;
;1;69;69034;2;1;1.0;2.0;45,7884200000;4,8397300000;
;3;59;59574;2;1;1.0;6.0;50,3473700000;3,2856100000;
;1;69;69384;2;1;2.0;6.0;45,7735900000;4,8156500000;
;1;59;59017;2;2;1.0;3.0;50,6870454282;2,8815990686;
;3;16;16210;1;1;8.0;6.0;45,7416780000;0,0835670000;
;1;2B;2B033;2;1;1.0;4.0;42,6735900000;9,4438000000;
;1;54;54395;2;1;1.0;2.0;48,6872325174;6,1826795340;
;1;86;86018;1;2;1.0;2.0;47,0424820000;0,1309560000;
;1;2B;2B033;2;1;1.0;4.0;42,6906300000;9,4473200000;
;2;33;33029;2;6;1.0;3.0;44,6140490000; -0,7772240000;
;1;54;54304;2;1;1.0;4.0;48,6940500000;6,1332600000;
;4;971;97101;1;9;1.0;6.0;16,2516486669; -61,5182769299;
;1;50;50129;2;1;1.0;6.0;49,6511900000; -1,5788500000;
;5;59;59449;2;4;1.0;6.0;50,4756940000;3,2433650000;
;1;971;97105;2;9;1.0;4.0;16,0047100000; -61,7297300000;
;1;13;13202;1;1;1.0;3.0;43,3021201534;5,3643679995;
;1;2A;2A004;2;3;8.0;3.0;41,9419600000;8,7499900000;
;1;45;45234;2;2;1.0;3.0;47,9140820000;1,9330940000;
;3;13;13210;1;1;1.0;2.0;43,2847386436;5,4173684120;
;5;44;44109;2;1;1.0;6.0;47,2081240000; -1,5449720000;
;1;2A;2A004;1;6;1.0;2.0;41,9315810582;8,8020187513;
;1;33;33550;1;1;8.0;2.0;44,7841100000; -0,5903000000;
;1;78;78640;1;1;1.0;3.0;48,7795500000;2,2226750000;
;1;2A;2A004;2;3;1.0;3.0;41,9151608325;8,7286801836;
;1;42;42259;2;1;1.0;6.0;45,5475469060;4,5962411016;
;5;78;78321;1;1;2.0;2.0;48,7965710000;1,9073410000;
;1;78;78043;1;1;1.0;3.0;48,8419520000;2,1014760000;
;1;95;95280;2;2;1.0;2.0;49,0249600000;2,4639700000;
;1;92;92036;1;1;1.0;3.0;48,9389446324;2,3050124924;
;1;42;42044;2;3;1.0;5.0;45,3894800000;4,3101500000;
;5;95;95572;1;1;1.0;2.0;49,0309188745;2,1212960669;
;1;95;95280;2;2;1.0;6.0;49,0309653600;2,4751800299;
;1;95;95598;2;1;1.0;6.0;48,9870800000;2,2955400000;
;2;93;93027;2;7;8.0;6.0;48,9300500000;2,3851500000;
;1;41;41018;2;3;1.0;6.0;47,6019800000;1,3282600000;
;1;92;92035;2;1;1.0;7.0;48,9055237081;2,2392749190;
;1;95;95427;2;1;1.0;2.0;48,9769220000;2,3647480000;
;5;94;94065;2;6;1.0;7.0;48,7531500000;2,3500500000;
;1;95;95555;2;1;1.0;3.0;48,9666610000;2,2763630000;
;1;75;75116;2;1;1.0;3.0;48,8698870000;2,2715100000;
;1;37;37195;2;3;1.0;3.0;47,3757600000;0,6438900000;
;1;95;95197;2;1;1.0;6.0;48,9754010000;2,3342610000;
;1;75;75113;2;1;1.0;5.0;48,8175220000;2,3495590000;
;1;91;91645;2;6;7.0;3.0;48,7360800000;2,2383300000;
;5;35;35238;2;3;1.0;3.0;48,1062500000; -1,6930500000;
;2;75;75113;2;1;1.0;5.0;48,8177870000;2,3533780000;
;1;75;75119;2;1;1.0;3.0;48,8844130000;2,3764450000;
;5;91;91345;2;3;1.0;3.0;48,6974300000;2,2955100000;
;1;75;75117;2;2;1.0;3.0;48,8833210000;2,2989450000;
;1;35;35238;2;3;1.0;3.0;48,0923280000; -1,6292720000;
;1;91;91345;2;6;1.0;3.0;48,6966200000;2,2894800000;
;1;75;75117;2;2;3.0;3.0;48,8918290000;2,3015990000;
;1;33;33119;2;1;1.0;6.0;44,8548137257; -0,5288339853;
;1;91;91421;2;1;1.0;3.0;48,7023900000;2,4409800000;
;1;75;75116;2;3;2.0;3.0;48,8733580000;2,2861110000;
;1;91;91201;2;1;2.0;3.0;48,6688100000;2,4152700000;
;5;31;31555;2;1;1.0;6.0;43,6130110000;1,4781200000;
;5;75;75115;2;2;1.0;1.0;48,8372207146;2,2964309156;
;1;91;91174;2;1;1.0;6.0;48,6103240000;2,4897100000;
;1;75;75114;2;3;8.0;6.0;48,8441450000;2,3229640000;
;5;31;31555;1;1;1.0;7.0;43,6476570000;1,4210550000;
;1;91;91223;2;1;8.0;3.0;48,4355280000;2,1665440000;
;1;75;75114;2;2;1.0;3.0;48,8222350000;2,3303900000;
;1;31;31555;2;1;1.0;6.0;43,6033000000;1,4509000000;
;1;90;90010;2;1;1.0;3.0;47,6440600000;6,8595900000;
;5;75;75110;2;2;1.0;3.0;48,8811000000;2,3651610000;
;1;28;28085;2;3;7.0;6.0;48,4476600000;1,4818800000;
;1;86;86158;1;1;1.0;3.0;46,6229060000;0,3526990000;
;1;75;75107;2;2;1.0;6.0;48,8533560000;2,3264150000;
;2;17;17306;2;1;1.0;7.0;45,6444700000; -1,0412400000;
;1;75;75107;2;4;2.0;3.0;48,8611390000;2,3206670000;
;3;31;31182;2;1;1.0;6.0;43,6834730000;1,4032450000;
;1;16;16102;2;2;1.0;3.0;45,6807800000; -0,3358800000;
;1;86;86194;2;1;1.0;7.0;46,5895210000;0,3297400000;
;5;75;75107;2;3;1.0;7.0;48,8592650000;2,3302150000;
;1;26;26303;1;1;1.0;6.0;44,3065300000;5,3856660000;
;1;75;75104;2;4;1.0;6.0;48,8550740000;2,3616320000;
;1;50;50394;2;1;1.0;6.0;49,1846510000; -1,4076370000;
;1;75;75104;2;3;1.0;2.0;48,8558350000;2,3508450000;
;1;13;13056;1;1;1.0;3.0;43,3762000000;5,0645900000;
;2;86;86027;1;2;8.0;3.0;46,5985620000;0,2952060000;
;5;75;75103;2;2;8.0;2.0;48,8637630000;2,3548670000;
;1;86;86194;1;3;1.0;3.0;46,5846980000;0,3747840000;
;1;21;21604;2;1;8.0;6.0;47,5828510000;4,2703450000;
;2;94;94044;2;9;1.0;6.0;48,7513100000;2,4923400000;
;1;13;13214;2;4;1.0;2.0;43,3197500000;5,3782600000;
;3;04;04157;1;1;1.0;6.0;43,8892000000;6,1321410000;
;1;94;94044;2;9;1.0;6.0;48,7511040000;2,4962830000;
;1;85;85018;2;1;1.0;7.0;46,9114130000; -2,0359790000;
;1;94;94068;2;3;2.0;6.0;48,8050000000;2,5088000000;
;1;84;84087;2;2;1.0;3.0;44,1448300000;4,8036100000;
;1;13;13210;2;2;1.0;3.0;43,2794202331;5,3992847241;
;1;17;17140;1;1;1.0;7.0;45,8956680000; -1,2441800000;
;1;07;07281;1;1;1.0;7.0;44,9370300000;4,8284270000;
;5;94;94042;2;5;1.0;3.0;48,8202500000;2,4671900000;
;3;37;37203;1;1;1.0;6.0;47,4050591557;0,7331657410;
;1;83;83144;2;6;1.0;3.0;43,1353473512;5,9778124094;
;3;07;07281;1;1;1.0;7.0;44,9435300000;4,7849100000;
;1;94;94042;2;7;1.0;6.0;48,8202676900;2,4735686984;
;1;83;83137;2;9;1.0;6.0;43,1238607374;5,9472942352;
;5;94;94076;2;1;1.0;3.0;48,7901300000;2,3688000000;
;1;30;30210;1;1;1.0;3.0;43,9436570000;3,9773080000;
;5;06;06088;2;4;2.0;3.0;43,7087200000;7,2713300000;
;1;83;83090;1;3;2.0;1.0;43,1452900000;5,8477400000;
;5;94;94028;2;1;1.0;2.0;48,7782498018;2,4383724002;
;1;44;44115;1;1;1.0;2.0;47,3698600000; -1,2909420000;
;2;83;83126;2;1;1.0;6.0;43,0944022435;5,8888006210;
;1;94;94055;2;2;1.0;3.0;48,7822500000;2,5321600000;
;1;06;06088;2;1;1.0;3.0;43,7180000000;7,2944100000;