Num_Acc;lum;departement;commune;agglomeration;intersection;meteo;type_collision;lat;long;date
;1;974;97419;2;1;1.0;7.0; -21,1257160000;55,7831010000;
;4;974;97408;2;6;1.0;3.0; -20,9227920000;55,3452800000;
;1;973;97305;2;1;1.0;3.0;4,9321134060; -52,4089640379;
;1;24;24091;1;1;1.0;1.0;44,7870130000;1,1827900000;
;1;83;83027;1;1;1.0;1.0;43,1571244939;5,7395088673;
;1;06;06085;1;6;1.0;2.0;43,5855550000;7,0061120000;
;1;05;05173;1;3;1.0;3.0;44,3206380000;5,8921710000;
;1;33;33498;1;1;1.0;2.0;44,5472876264; -0,8329653740;
;2;21;21261;1;1;1.0;6.0;47,2606400000;5,1595720000;
;3;63;63267;1;9;1.0;6.0;45,8812250000;3,6247160000;
;1;68;68352;2;1;1.0;6.0;48,0267690000;7,5341160000;
;1;51;51211;1;1;1.0;7.0;49,0774689485;4,8208361864;
;1;51;51507;1;1;1.0;7.0;49,0824850000;4,9554240000;
;1;54;54397;2;1;1.0;3.0;48,6142820000;6,1057537802;
;2;73;73296;1;1;1.0;6.0;45,4779100000;6,9216120000;
;1;57;57058;1;3;1.0;3.0;49,1589410000;6,9630360000;
;1;988;98819;1;1;1.0;1.0; -20,3851210000;164,4135120000;
;1;973;97311;1;1;1.0;1.0;5,4884100000; -53,9706210000;
;5;2A;2A247;2;1;1.0;6.0;41,5964460000;9,2781420000;
;1;26;26084;1;1;1.0;6.0;44,9899380000;4,8813900000;
;3;01;01301;1;1;1.0;6.0;46,2513322641;5,1057069004;
;1;05;05166;2;9;1.0;6.0;44,4293650000;5,7176520000;
;1;58;58214;2;1;1.0;7.0;47,0811070000;3,1009070000;
;1;69;69066;1;2;1.0;3.0;46,0978170000;4,3602960000;
;1;64;64407;2;1;1.0;7.0;43,4621240000; -1,4040400000;
;1;69;69291;1;3;1.0;4.0;45,6145250000;4,8540420000;
;1;81;81294;1;1;1.0;1.0;43,8656380000;1,9211800000;
;3;72;72336;1;9;3.0;6.0;47,8378620000; -0,2793900000;
;1;61;61165;1;1;1.0;7.0;48,4270080000; -0,0180670000;
;2;44;44047;1;1;1.0;3.0;47,2264390000; -1,7140820000;
;1;27;27329;2;1;1.0;3.0;49,1898800000;1,4674900000;
;1;60;60346;2;1;1.0;6.0;49,1515030000;2,4433210000;
;1;80;80232;1;2;1.0;3.0;49,7325280000;2,7551170000;
;5;62;62861;2;3;1.0;1.0;50,3778620000;2,8048720000;
;1;83;83069;1;1;1.0;4.0;43,1143880000;6,1166200000;
;1;59;59078;2;1;1.0;3.0;50,1628426618;4,0116351843;
;1;33;33249;1;1;1.0;2.0;44,8829900000; -0,5210000000;
;1;59;59323;1;1;1.0;6.0;50,3063360000;3,6287930000;
;2;94;94021;1;1;1.0;3.0;48,7702962559;2,3452238968;
;1;59;59212;1;2;1.0;3.0;50,6660948215;2,7190250158;
;1;78;78090;1;1;1.0;5.0;48,9699860000;1,9120640000;
;5;13;13212;1;1;1.0;3.0;43,3034628828;5,4253718194;
;1;78;78117;1;1;1.0;3.0;48,7880860000;2,1424670000;
;1;78;78126;1;1;1.0;2.0;48,8369020000;2,1265740000;
;3;13;13088;1;1;1.0;6.0;43,3912400000;5,2508100000;
;1;92;92050;1;1;1.0;2.0;48,9145462162;2,2193848208;
;1;92;92062;1;1;1.0;6.0;48,8929383054;2,2351294535;
;1;69;69283;1;1;1.0;2.0;45,6734400000;4,9473900000;
;3;92;92036;1;1;1.0;2.0;48,9337071386;2,2742219004;
;3;54;54351;1;9;2.0;4.0;48,8092800000;6,1137600000;
;1;95;95424;1;1;1.0;3.0;48,9934228271;2,1857267618;
;1;95;95176;1;1;1.0;6.0;48,9886543894;2,2030350566;
;1;59;59343;1;1;1.0;4.0;50,6003279565;3,1135404110;
;3;93;93005;1;1;1.0;2.0;48,9482000000;2,4755900000;
;1;78;78217;1;1;2.0;2.0;48,9656750000;1,8105320000;
;4;93;93007;1;1;1.0;4.0;48,9182700000;2,4786100000;
;5;78;78362;1;1;2.0;6.0;48,9765150000;1,7189140000;
;1;94;94073;1;1;1.0;3.0;48,7713955830;2,3923722546;
;1;42;42099;2;1;7.0;6.0;45,3879200000;4,2709700000;
;1;95;95127;1;1;1.0;4.0;49,0417900000;2,0799370000;
;1;60;60414;2;1;1.0;6.0;49,2580230000;2,4448970000;
;1;95;95060;1;1;1.0;2.0;49,0384989794;2,1923775628;
;1;92;92036;1;1;1.0;7.0;48,9378886633;2,2976672190;
;1;988;98818;2;3;1.0;6.0; -22,2899900000;166,4424700000;
;1;95;95018;1;1;1.0;6.0;48,9496723024;2,2802208006;
;1;976;97611;2;9;1.0;1.0; -12,8070800000;45,2073700000;
;3;92;92036;1;1;2.0;6.0;48,9436471157;2,2877561673;
;1;974;97416;1;1;1.0;3.0; -21,3062800000;55,4988200000;
;1;974;97411;2;1;1.0;6.0; -20,8984100000;55,4861000000;
;1;77;77053;1;1;2.0;6.0;48,6973400000;2,5944900000;
;1;973;97302;1;1;1.0;7.0;4,9033332457; -52,3241364956;
;1;74;74250;1;1;1.0;7.0;46,0533990000;6,3742160000;
;5;69;69383;2;2;2.0;3.0;45,7539200000;4,8469600000;
;1;74;74154;1;3;1.0;3.0;46,4078300000;6,6939940000;
;1;69;69384;2;3;1.0;6.0;45,7730700000;4,8214600000;
;1;74;74042;2;1;1.0;6.0;46,0777000000;6,4110000000;
;1;69;69034;2;1;1.0;2.0;45,8129000000;4,8601700000;
;1;74;74063;2;1;1.0;1.0;46,2615910000;6,8378270000;
;1;69;69149;2;2;1.0;3.0;45,7148000000;4,8087100000;
;1;74;74250;1;1;1.0;2.0;46,0507330000;6,3658690000;
;1;69;69149;2;3;1.0;1.0;45,7114500000;4,8164100000;
;1;74;74010;2;3;1.0;3.0;45,9171300000;6,1238500000;
;1;69;69389;2;3;1.0;3.0;45,7948700000;4,8148400000;
;1;74;74096;1;1;1.0;7.0;46,0633750000;6,1110810000;
;1;971;97113;1;1;1.0;6.0;16,2430700000; -61,4704200000;
;1;71;71306;2;6;1.0;6.0;46,6757900000;4,3758400000;
;1;971;97101;2;1;1.0;3.0;16,2380000000; -61,5070000000;
;5;69;69266;2;3;1.0;6.0;45,7649800000;4,8931700000;
;5;95;95680;2;2;1.0;3.0;49,0015100000;2,3846800000;
;5;68;68224;2;1;1.0;6.0;47,7495620000;7,3209630000;
;1;95;95268;2;2;1.0;5.0;48,9676438947;2,4107640982;
;1;95;95607;2;1;8.0;6.0;49,0222100000;2,2185000000;
;5;33;33167;2;1;1.0;6.0;44,8438700000; -0,5225500000;
;1;87;87085;2;2;3.0;2.0;45,8277400000;1,2581400000;
;1;42;42044;2;3;1.0;6.0;45,3973000000;4,3239700000;
;2;87;87085;2;2;2.0;6.0;45,8346300000;1,2257500000;
;5;974;97407;2;1;1.0;6.0; -20,9412690000;55,2950900000;
;1;87;87114;1;1;2.0;3.0;45,8475600000;1,3454600000;
;1;69;69383;2;1;1.0;6.0;45,7585000000;4,8544300000;
;1;87;87085;2;1;1.0;3.0;45,8031310000;1,2924820000;
;2;69;69383;2;2;1.0;3.0;45,7516700000;4,8949600000;
;1;83;83090;2;1;1.0;5.0;43,1264400000;5,8457600000;
;1;972;97213;2;1;1.0;3.0;14,6161200000; -60,9908400000;
;1;83;83137;2;1;1.0;2.0;43,1250216333;5,9318921864;
;1;83;83129;2;1;7.0;3.0;43,1054590000;5,8136080000;
;1;972;97213;1;1;1.0;3.0;14,6167600000; -60,9540100000;
;1;972;97209;2;1;1.0;6.0;14,6047200000; -61,0835500000;
;1;83;83118;2;1;1.0;3.0;43,4241010000;6,7720150000;
;2;69;69382;2;1;1.0;3.0;45,7558826413;4,8351028562;
;1;80;80021;2;1;1.0;1.0;49,8861600000;2,2792400000;
;1;79;79191;2;1;1.0;3.0;46,3362900000; -0,4246300000;
;1;2B;2B033;2;6;1.0;3.0;42,7029200000;9,4464800000;
;5;971;97113;1;1;1.0;2.0;16,2175000000; -61,4942000000;
;1;2A;2A004;2;1;1.0;3.0;41,9435800000;8,7573500000;
;1;76;76486;1;1;1.0;1.0;49,3193550000;0,9887980000;
;1;95;95019;2;2;2.0;6.0;48,9874730000;2,4194570000;
;1;76;76351;2;3;1.0;3.0;49,5000200000;0,1289000000;
;1;95;95277;2;1;2.0;6.0;48,9943340000;2,4237500000;
;1;76;76351;2;2;1.0;3.0;49,5059600000;0,1103100000;
;5;91;91477;2;9;3.0;6.0;48,7148700000;2,2569500000;
;5;76;76351;2;2;1.0;3.0;49,4891800000;0,1086700000;
;1;76;76329;2;9;1.0;3.0;49,5487100000;0,4931900000;
;5;91;91477;2;1;2.0;1.0;48,7125200000;2,1986800000;
;1;74;74133;2;3;1.0;3.0;46,1857700000;6,2207100000;
;1;71;71153;2;1;1.0;6.0;46,7986000000;4,3993000000;
;1;91;91421;2;3;2.0;3.0;48,7076100000;2,4630600000;
;1;67;67218;2;1;3.0;2.0;48,5430280000;7,7359420000;
;1;91;91286;2;6;3.0;2.0;48,6490000000;2,3886100000;
;1;87;87085;2;1;2.0;7.0;45,8152300000;1,2695700000;
;1;67;67267;2;3;8.0;5.0;48,5546300000;7,6780000000;
;5;83;83034;1;1;1.0;6.0;43,1057900000;6,0522700000;
;1;67;67482;2;1;2.0;2.0;48,5913700000;7,7632700000;
;2;67;67180;1;1;2.0;7.0;48,8343100000;7,7654600000;
;1;79;79329;2;2;2.0;3.0;46,9904400000; -0,2228900000;
;1;66;66136;2;1;1.0;2.0;42,6984200000;2,8873100000;
;3;65;65440;2;1;1.0;6.0;43,2380780000;0,0652940000;
;5;78;78133;2;2;3.0;3.0;48,9066900000;2,0474600000;
;1;64;64125;2;1;1.0;5.0;43,4541700000; -1,5735300000;
;1;78;78624;2;6;2.0;1.0;48,9649790000;2,0132000000;
;1;63;63113;2;2;1.0;3.0;45,7921500000;3,1176400000;
;1;62;62178;2;1;1.0;3.0;50,4848980000;2,5308510000;
;1;76;76341;2;1;1.0;7.0;49,5125600000;0,1919200000;
;1;60;60057;2;1;1.0;3.0;49,4298230000;2,0935370000;
;5;76;76351;2;1;1.0;2.0;49,5232600000;0,1111100000;
;1;59;59378;2;3;1.0;3.0;50,6675772747;3,0738383532;
;1;70;70550;2;1;1.0;6.0;47,6204116503;6,1470548808;
;1;59;59588;1;1;7.0;5.0;51,0014500000;2,4139400000;
;1;56;56121;2;1;1.0;7.0;47,7603300000; -3,3891600000;
;1;69;69266;2;2;7.0;1.0;45,7580800000;4,8852000000;
;1;54;54578;2;1;2.0;4.0;48,6749800000;6,1516600000;
;1;69;69029;2;1;1.0;3.0;45,7322900000;4,9122900000;
;1;54;54395;2;1;2.0;2.0;48,6916200000;6,1907500000;
;1;66;66136;2;1;1.0;3.0;42,6875600000;2,8721300000;
;1;54;54321;2;1;1.0;1.0;49,5291600000;5,7918000000;
;1;54;54321;2;1;1.0;6.0;49,5286700000;5,7945700000;
;1;66;66136;2;3;1.0;5.0;42,6947306848;2,9042020440;
;1;49;49007;2;1;1.0;3.0;47,4486300000; -0,5256700000;
;5;64;64102;2;1;1.0;2.0;43,5098200000; -1,4682000000;
;1;64;64024;2;1;2.0;3.0;43,4934700000; -1,5182200000;
;1;49;49007;2;1;1.0;3.0;47,4713800000; -0,5190000000;
;3;49;49007;2;2;8.0;3.0;47,4517500000; -0,5357200000;
;1;44;44162;2;7;1.0;3.0;47,2252410000; -1,6277240000;
;5;59;59512;2;6;1.0;6.0;50,7062860000;3,1798790000;
;1;41;41018;2;1;1.0;4.0;47,5837000000;1,3213100000;
;3;34;34108;1;1;8.0;5.0;43,4511041485;3,7637293339;
;2;59;59017;2;2;1.0;3.0;50,6813370000;2,8764520000;
;2;34;34336;1;9;1.0;3.0;43,3201000000;3,2935800000;
;1;56;56083;2;1;8.0;6.0;47,8188600000; -3,2970100000;
;1;33;33063;2;2;1.0;3.0;44,8412200000; -0,5866800000;
;3;56;56098;1;1;2.0;2.0;47,7779546000; -3,3557940000;
;1;33;33039;2;6;1.0;6.0;44,8078500000; -0,5606900000;
;1;33;33192;2;6;1.0;3.0;44,7613200000; -0,6125800000;
;1;56;56083;2;6;2.0;3.0;47,8106700000; -3,2736200000;
;5;33;33318;2;2;1.0;6.0;44,8059200000; -0,6323200000;
;5;54;54395;2;1;8.0;6.0;48,6971500000;6,1747500000;
;1;31;31555;2;9;1.0;3.0;43,6088400000;1,4298200000;
;1;30;30028;2;1;1.0;3.0;44,1599100000;4,6210300000;
;1;54;54547;2;3;1.0;3.0;48,6617467517;6,1780473590;
;1;28;28085;2;3;1.0;1.0;48,4356970000;1,5061670000;
;1;54;54395;2;1;1.0;6.0;48,6860154706;6,1730155349;
;1;27;27681;2;1;1.0;6.0;49,0917800000;1,4720000000;
;1;25;25462;2;1;2.0;2.0;46,9139300000;6,3461500000;
;1;51;51454;2;2;1.0;3.0;49,2456300000;4,0177800000;
;1;15;15012;2;1;1.0;6.0;44,8954600000;2,4613600000;
;1;50;50502;2;3;1.0;3.0;49,1131900000; -1,0807600000;
;1;49;49353;2;1;2.0;7.0;47,4550100000; -0,5153100000;
;5;44;44184;2;1;2.0;6.0;47,2668400000; -2,2544300000;
;1;14;14254;1;1;1.0;5.0;49,1514700000; -0,4166800000;
;1;43;43157;2;1;1.0;2.0;45,0489500000;3,8915400000;
;2;13;13043;2;1;1.0;3.0;43,3840037258;5,2194004588;
;1;13;13103;2;1;1.0;6.0;43,6404300000;5,0951300000;
;5;42;42207;2;1;1.0;6.0;45,4596100000;4,4849200000;
;2;13;13215;2;1;1.0;6.0;43,3707100000;5,3562000000;
;1;13;13208;2;1;1.0;5.0;43,2422422621;5,3691502915;
;1;13;13208;2;1;1.0;3.0;43,2543597380;5,3793294700;
;5;37;37195;2;2;1.0;3.0;47,3790600000;0,6438200000;
;1;13;13070;2;9;1.0;6.0;43,2817401367;5,5137956142;
;1;35;35281;2;1;1.0;6.0;48,0886400000; -1,6937000000;
;5;10;10387;2;1;8.0;1.0;48,2936100000;4,0837100000;
;2;35;35238;2;1;8.0;6.0;48,1123100000; -1,6691500000;
;1;10;10387;2;1;1.0;1.0;48,2852600000;4,0986700000;
;5;35;35115;2;1;1.0;6.0;48,3480000000; -1,1826700000;
;1;06;06088;2;3;1.0;2.0;43,7236400000;7,2660600000;
;1;31;31555;2;1;1.0;3.0;43,6076800000;1,3979800000;
;1;06;06088;2;1;1.0;1.0;43,7070400000;7,2816000000;
;1;26;26058;2;6;1.0;3.0;44,9410560000;4,8936880000;
;1;06;06088;2;8;1.0;6.0;43,6905200000;7,2429500000;
;1;25;25056;2;6;1.0;3.0;47,2451380000;5,9962440000;
;1;06;06088;2;9;1.0;6.0;43,6829940000;7,2328370000;
;1;21;21231;2;2;1.0;3.0;47,3404160000;5,0494280000;
;1;06;06088;2;1;1.0;1.0;43,7001400000;7,2499100000;
;1;06;06029;2;1;1.0;3.0;43,5540800000;7,0242100000;
;4;21;21231;2;3;1.0;3.0;47,3265780000;5,0295320000;
;1;05;05061;2;1;8.0;2.0;44,5673094171;6,0971009731;
;2;13;13210;2;1;1.0;6.0;43,2803300000;5,4081600000;
;5;75;75113;2;1;1.0;7.0;48,8168800000;2,3483260000;
;1;13;13028;2;3;1.0;3.0;43,2047900000;5,6036000000;
;1;75;75118;2;3;1.0;6.0;48,8896150000;2,3385020000;
;1;75;75118;2;1;1.0;3.0;48,8976680000;2,3316190000;
;1;11;11262;2;1;1.0;5.0;43,1859000000;3,0016000000;
;1;75;75118;2;2;2.0;6.0;48,8883530000;2,3495990000;
;1;75;75108;2;7;2.0;3.0;48,8743260000;2,2954390000;
;1;06;06069;2;3;1.0;3.0;43,6383100000;6,9110000000;
;1;75;75116;2;2;1.0;2.0;48,8758540000;2,2622040000;
;1;974;97416;2;3;1.0;3.0; -21,3416500000;55,4724700000;
;1;75;75116;2;3;1.0;6.0;48,8576320000;2,2775520000;
;1;971;97107;2;1;1.0;6.0;16,0541410106; -61,5619915724;
;1;91;91552;2;1;1.0;7.0;48,5954700000;2,2699700000;
;1;75;75115;2;3;1.0;3.0;48,8492600000;2,2981970000;
;1;75;75115;2;2;1.0;2.0;48,8392550000;2,2919660000;
;1;91;91421;1;1;1.0;4.0;48,6900000000;2,4700000000;
;1;75;75113;2;2;1.0;6.0;48,8256530000;2,3472030000;
;1;83;83061;2;9;1.0;3.0;43,4270000000;6,7560000000;
;5;75;75112;2;2;1.0;3.0;48,8466840000;2,4138220000;
;2;75;75110;2;7;1.0;7.0;48,8684880000;2,3629450000;
;3;77;77186;1;6;2.0;6.0;48,3906800000;2,7548300000;
;1;75;75110;2;3;1.0;3.0;48,8726210000;2,3576960000;
;3;76;76319;1;4;1.0;7.0;49,3445500000;1,0112200000;
;5;75;75109;2;7;1.0;3.0;48,8761710000;2,3311330000;
;5;76;76384;2;9;2.0;1.0;49,5162100000;0,5309200000;
;5;75;75109;2;2;1.0;7.0;48,8760560000;2,3371530000;
;5;71;71059;1;3;1.0;3.0;46,8190394812;4,4737850045;
;1;94;94003;2;1;1.0;6.0;48,7982800000;2,3468000000;
;5;69;69264;2;1;1.0;1.0;45,9833700000;4,7484700000;
;1;94;94018;2;1;1.0;3.0;48,8181400000;2,4097800000;
;5;69;69259;2;1;1.0;2.0;45,7160200000;4,8547600000;
;1;94;94017;2;1;1.0;3.0;48,8148700000;2,5065400000;
;1;69;69259;2;1;1.0;2.0;45,6896923862;4,8859521747;
;1;93;93066;2;1;1.0;6.0;48,9433303107;2,3569221390;
;1;59;59512;2;1;1.0;3.0;50,6931600000;3,1692800000;
;5;93;93077;2;2;1.0;2.0;48,8781191964;2,5249122853;
;1;59;59467;1;1;1.0;6.0;50,2246150000;3,8299930000;
;3;93;93077;2;5;1.0;3.0;48,8791900000;2,5240300000;
;1;59;59009;2;3;1.0;3.0;50,6177500000;3,1734900000;
;1;93;93050;2;3;1.0;1.0;48,8627000000;2,5302500000;
;1;59;59122;2;2;1.0;3.0;50,1787578244;3,2535785437;
;1;93;93048;2;2;1.0;6.0;48,8684001408;2,4468301316;
;5;54;54395;2;2;2.0;3.0;48,6993758461;6,1372563243;
;5;93;93031;2;3;1.0;2.0;48,9571700000;2,3097200000;
;1;93;93029;2;3;1.0;3.0;48,9218253732;2,4554775437;
;5;38;38185;2;3;1.0;2.0;45,1740800000;5,7454200000;
;1;93;93005;2;2;1.0;2.0;48,9309200000;2,4835100000;
;5;33;33281;2;2;1.0;3.0;44,8510777180; -0,6446539163;
;1;92;92050;2;1;1.0;6.0;48,8813800000;2,2173400000;
;1;92;92050;2;1;1.0;3.0;48,8871066427;2,1867962927;
;1;33;33167;2;2;1.0;2.0;44,8301800000; -0,5272300000;
;1;33;33318;2;1;1.0;1.0;44,7989700000; -0,6385200000;
;1;92;92049;2;1;1.0;7.0;48,8180710000;2,3193490000;
;1;92;92020;2;1;1.0;6.0;48,8059815277;2,2949546277;
;1;33;33192;2;1;1.0;2.0;44,7775500000; -0,6104200000;
;5;30;30007;2;1;9.0;1.0;44,1301400000;4,0737200000;
;1;92;92040;2;1;1.0;3.0;48,8285981058;2,2628464401;
;1;92;92040;2;1;1.0;7.0;48,8242684242;2,2566577792;
;5;92;92040;2;1;2.0;2.0;48,8244850000;2,2620560000;
;1;15;15014;2;2;1.0;3.0;44,9123210000;2,4380790000;
;5;92;92024;2;1;1.0;6.0;48,9022500000;2,2913600000;
;1;35;35136;1;1;1.0;1.0;47,9124230000; -1,4980240000;
;1;2A;2A272;1;1;1.0;5.0;41,6317230000;8,9579990000;
;1;69;69136;1;1;2.0;3.0;45,6470930000;4,7460940000;
;1;41;41045;2;1;1.0;6.0;47,4780000000;1,1900100000;
;3;83;83086;2;1;1.0;5.0;43,4745130000;6,5706290000;
;1;26;26138;1;1;1.0;5.0;44,3777820000;4,7324360000;
;1;63;63198;1;1;1.0;3.0;45,9406160000;3,0085160000;
;1;59;59107;2;9;1.0;6.0;51,0689220000;2,5089490000;
;1;44;44195;1;1;1.0;7.0;47,3694200000; -1,9160630000;
;1;35;35173;1;2;1.0;2.0;48,2305286412; -1,7064401507;
;1;59;59439;2;1;1.0;1.0;50,1505590754;3,7887221575;
;1;56;56240;1;1;1.0;7.0;47,5362070000; -2,7417060000;
;1;79;79196;1;1;1.0;7.0;46,9206220000; -0,0913670000;
;1;2B;2B341;1;1;1.0;3.0;42,2255060000;9,2273140000;
;2;80;80173;1;1;5.0;1.0;49,9469910000;2,3621180000;
;1;33;33011;2;3;1.0;6.0;44,7692530000; -1,1282870000;
;1;11;11072;1;1;1.0;7.0;43,1849020000;1,9964220000;
;3;55;55317;1;1;1.0;1.0;49,1105650000;5,6047600000;
;1;34;34261;2;1;1.0;3.0;43,7322320000;3,5535780000;
;1;25;25434;2;1;1.0;1.0;47,1059710000;6,1298350000;
;2;25;25410;1;1;1.0;5.0;47,2180380000;6,0678430000;
;1;84;84089;1;1;1.0;7.0;43,6809940000;5,5118640000;
;1;72;72034;1;1;1.0;6.0;48,3703770000;0,0690350000;
;1;06;06059;1;1;8.0;6.0;43,7250490000;7,3477400000;
;1;57;57038;1;1;1.0;5.0;49,4757860000;5,9504160000;
;2;89;89160;2;1;1.0;3.0;48,1354550000;3,2863350000;
;2;56;56156;1;9;1.0;3.0;48,0239240000; -3,2139090000;
;1;59;59307;1;1;1.0;7.0;50,8700482955;2,1993470192;
;1;76;76591;2;1;1.0;4.0;49,4417260000;1,1840650000;
;3;2B;2B283;1;1;1.0;3.0;41,8760560000;9,3960680000;
;1;2B;2B043;2;1;1.0;6.0;42,7761210000;9,4751340000;
;1;69;69135;1;1;7.0;1.0;46,2666770000;4,5439410000;
;1;63;63080;2;9;1.0;6.0;45,5879669036;3,1290918589;
;1;61;61385;1;1;1.0;2.0;48,7999880000;0,3383540000;
;1;68;68374;2;1;1.0;7.0;48,0847350000;7,3132420000;
;3;22;22236;1;1;1.0;6.0;48,6685790000; -2,9798320000;
;1;39;39286;1;1;1.0;6.0;46,3825410000;5,7706570000;
;1;44;44211;2;6;1.0;3.0;47,3509340000; -2,5084560000;
;1;38;38543;1;2;1.0;3.0;45,6653400000;5,4559620000;
;1;03;03126;1;6;7.0;7.0;46,0761710000;3,4417730000;
;1;15;15250;2;3;1.0;1.0;45,3429840000;2,5201610000;
;1;72;72281;1;1;1.0;6.0;48,1972900000;0,5024310000;
;1;72;72308;1;1;1.0;7.0;48,4126697708;0,1402258871;
;3;72;72298;1;1;1.0;6.0;47,9676800000;0,5097800000;
;2;45;45006;1;1;1.0;3.0;47,8231970000;1,8594670000;
;1;10;10073;1;1;1.0;6.0;48,4438070000;4,4292710000;
;1;40;40265;1;2;1.0;3.0;43,9892560000; -0,1548920000;
;1;24;24552;1;1;1.0;6.0;45,0313480000;1,1275150000;
;1;04;04230;2;1;1.0;6.0;43,8383500000;5,9908590000;
;1;17;17241;2;1;1.0;2.0;45,2128560000; -0,1822940000;
;3;17;17472;1;6;1.0;7.0;46,2527370000; -1,0664170000;
;1;37;37069;1;2;1.0;3.0;47,1536680000;1,1699210000;
;1;13;13001;1;1;1.0;2.0;43,5184620000;5,4291340000;
;2;60;60631;1;1;1.0;6.0;49,1498820000;2,5828710000;
;1;2B;2B223;1;1;1.0;1.0;42,5470730000;9,1806220000;
;3;34;34213;2;1;1.0;7.0;43,4790281428;3,6932578265;
;1;71;71176;2;1;7.0;3.0;46,5008880000;4,0098330000;
;3;67;67205;1;1;1.0;1.0;48,6885560000;7,7802410000;
;1;67;67156;2;3;1.0;2.0;48,7092140000;7,7593650000;
;1;88;88142;1;1;1.0;6.0;48,2256090000;6,3814690000;
;1;57;57209;2;1;1.0;7.0;49,0667647049;6,5948923587;
;1;63;63042;1;1;1.0;3.0;45,8390520000;3,0538080000;
;1;38;38188;2;3;1.0;3.0;45,1369300000;5,7952500000;
;1;26;26235;2;1;1.0;1.0;44,3865960000;4,6982650000;
;1;01;01249;2;1;1.0;4.0;45,8761438517;4,9110066891;
;1;01;01099;1;1;1.0;6.0;45,9074200000;5,2825520000;
;1;69;69112;2;6;1.0;3.0;45,8172100000;4,6649030000;
;3;17;17064;1;1;1.0;7.0;45,6954870000; -1,0450530000;
;1;33;33259;1;1;1.0;6.0;44,9594230000; -0,3337530000;
;1;33;33165;2;6;1.0;3.0;44,8278154549; -0,4483446479;
;1;49;49020;2;9;1.0;3.0;47,4703780000; -0,6208940000;
;1;56;56146;2;1;1.0;6.0;48,1289900000; -2,9835930000;
;1;22;22155;1;1;1.0;6.0;48,2256450000; -2,7558620000;
;1;60;60489;1;1;1.0;6.0;49,1703970000;2,8258040000;
;1;60;60639;1;9;1.0;3.0;49,4539190000;2,0991770000;
;1;69;69259;1;1;1.0;3.0;45,7167200000;4,8536900000;
;1;59;59343;1;1;1.0;2.0;50,5860613830;3,0931878090;
;5;59;59360;1;1;1.0;7.0;50,6178919916;2,9982975125;
;3;59;59530;1;1;1.0;7.0;50,4372722574;3,6636614799;
;1;91;91340;1;1;1.0;3.0;48,6033700000;2,4371100000;
;1;94;94021;1;1;1.0;3.0;48,7644631439;2,3426462846;
;1;78;78090;1;1;1.0;4.0;48,9703050000;1,9037480000;
;3;78;78455;1;1;1.0;6.0;48,8592800000;2,0499000000;
;1;94;94046;1;1;1.0;2.0;48,8071293380;2,4487169744;
;4;77;77122;1;1;1.0;7.0;48,6519783645;2,6132687632;
;1;64;64102;2;1;1.0;3.0;43,5022700000; -1,4779400000;
;1;13;13063;2;1;1.0;1.0;43,5768200000;5,0133300000;
;1;07;07019;2;4;1.0;3.0;44,6248250000;4,3825590000;
;1;14;14726;1;1;8.0;1.0;48,8762300000; -0,8120300000;
;3;974;97416;2;1;1.0;3.0; -21,2907700000;55,4730000000;
;1;974;97411;2;1;1.0;3.0; -20,8923000000;55,4882100000;
;5;973;97302;2;1;2.0;1.0;4,9266000000; -52,3138700000;
;5;973;97302;2;1;1.0;6.0;4,9228685978; -52,3236228526;
;5;973;97302;2;1;1.0;7.0;4,9427000000; -52,3177000000;
;5;2A;2A004;2;6;1.0;3.0;41,9499880089;8,7712794542;
;1;90;90039;1;1;1.0;2.0;47,6415500000;6,8002100000;
;5;78;78498;2;9;1.0;2.0;48,9357200000;2,0608500000;
;1;77;77169;2;1;1.0;3.0;48,8066300000;2,6175310000;
;1;77;77210;1;1;1.0;1.0;48,4270100000;2,9062700000;
;1;69;69266;2;3;1.0;3.0;45,7745100000;4,8845900000;
;5;69;69256;2;1;1.0;2.0;45,7650000000;4,9240000000;
;1;67;67180;1;1;1.0;5.0;48,8392700000;7,8045400000;
;1;64;64284;1;1;2.0;2.0;43,2685200000; -0,3893200000;
;1;62;62310;2;4;1.0;6.0;50,5499670000;2,6543700000;
;1;54;54526;2;3;1.0;1.0;48,6942600000;6,2105500000;
;1;51;51058;2;1;1.0;7.0;49,2156932427;4,0037575364;
;1;49;49099;2;4;1.0;5.0;47,0645155046; -0,8935859799;
;1;47;47215;2;3;1.0;6.0;44,3799400000;0,6977300000;
;1;45;45234;2;1;1.0;3.0;47,8816954169;1,9035353065;
;1;37;37261;2;2;1.0;6.0;47,3844182316;0,6722152233;
;5;37;37233;2;1;1.0;5.0;47,3870228509;0,7277530432;
;1;37;37214;2;1;1.0;6.0;47,4039699353;0,6730037928;
;1;33;33063;1;1;1.0;6.0;44,8499102292; -0,5697233230;
;1;29;29039;1;1;1.0;7.0;47,8731297700; -3,9180974120;
;1;25;25056;2;1;1.0;3.0;47,2501360000;6,0190540000;
;2;25;25056;2;1;1.0;6.0;47,2443000000;6,0187900000;
;1;22;22113;1;3;1.0;2.0;48,7111090000; -3,4021270000;
;1;17;17300;2;1;1.0;6.0;46,1534930000; -1,1462650000;
;1;16;16089;2;3;1.0;3.0;45,6833100000; -0,3287930000;
;1;10;10343;2;9;1.0;6.0;48,2741737249;4,0846207738;
;5;06;06088;2;9;1.0;3.0;43,7196300000;7,2842200000;
;1;06;06088;2;2;1.0;3.0;43,6995800000;7,2529200000;
;1;03;03185;2;2;1.0;1.0;46,3470800000;2,5821000000;
;1;75;75116;2;1;1.0;3.0;48,8770500000;2,2793560000;
;5;75;75120;2;1;1.0;6.0;48,8628120000;2,3999280000;
;1;75;75116;2;7;1.0;3.0;48,8737360000;2,2941380000;
;1;75;75116;2;1;1.0;2.0;48,8572280000;2,2374120000;
;2;75;75112;2;5;1.0;3.0;48,8409040000;2,4335780000;
;1;75;75107;2;3;1.0;1.0;48,8610820000;2,3241560000;
;1;75;75107;2;1;1.0;1.0;48,8591550000;2,2934030000;
;4;94;94041;2;1;1.0;1.0;48,8212700000;2,3944500000;
;1;93;93078;2;2;1.0;3.0;48,9582900000;2,5585100000;
;1;93;93070;2;1;1.0;6.0;48,9190500000;2,3324100000;
;1;93;93031;2;1;1.0;2.0;48,9519200000;2,3382700000;
;5;93;93066;2;1;1.0;6.0;48,9482130000;2,3575800000;
;1;93;93066;2;8;1.0;7.0;48,9331700000;2,3722400000;
;3;93;93027;2;1;1.0;3.0;48,9300800000;2,3870800000;
;1;93;93008;2;1;1.0;3.0;48,9142300000;2,4397930000;
;1;92;92076;2;1;1.0;7.0;48,8430288605;2,1728199050;
;1;92;92012;2;1;1.0;3.0;48,8522341350;2,2291981280;