Num_Acc;lum;departement;commune;agglomeration;intersection;meteo;type_collision;lat;long;date
;5;29;29232;1;6;1.0;3.0;47,9712935588; -4,0938717126;
;1;93;93010;2;1;1.0;2.0;48,9182600000;2,4774400000;
;1;93;93057;2;1;3.0;6.0;48,9135400000;2,5049400000;
;5;93;93053;2;1;1.0;3.0;48,8879339665;2,4716235283;
;5;13;13212;2;9;1.0;3.0;43,3029200000;5,4464700000;
;1;12;12027;1;1;1.0;6.0;44,5287490000;2,6969130000;
;1;93;93010;2;1;1.0;6.0;48,9057900000;2,4816900000;
;1;13;13208;2;1;1.0;3.0;43,2763201060;5,3972812446;
;1;93;93010;2;1;1.0;3.0;48,9059340000;2,4816200000;
;1;12;12157;1;1;1.0;1.0;44,4001230000;2,7205320000;
;1;93;93057;2;1;1.0;6.0;48,9095842257;2,5146390795;
;5;93;93053;2;2;1.0;3.0;48,8854600000;2,4619100000;
;2;13;13204;2;1;1.0;1.0;43,3136900000;5,4059700000;
;1;85;85065;2;1;1.0;6.0;46,8966730000; -1,2483644000;
;1;93;93010;2;3;1.0;3.0;48,9037400000;2,4762800000;
;5;13;13209;2;1;2.0;3.0;43,2713772234;5,4018712992;
;1;34;34079;1;1;1.0;2.0;43,6320338021;3,4481641075;
;5;93;93050;2;3;2.0;2.0;48,8658500000;2,5674000000;
;5;93;93008;2;3;2.0;6.0;48,9090680000;2,4495640000;
;5;13;13204;2;9;1.0;5.0;43,3038500000;5,4000000000;
;1;71;71003;1;3;1.0;6.0;46,9243620000;4,9905230000;
;1;93;93010;2;3;1.0;6.0;48,9105900000;2,4756800000;
;1;93;93047;2;2;2.0;3.0;48,8993700000;2,5595500000;
;1;13;13209;2;3;1.0;6.0;43,2487531623;5,4404417208;
;1;62;62655;1;2;1.0;1.0;50,3860780000;2,2519400000;
;1;62;62850;1;1;1.0;3.0;50,3806480000;2,1162590000;
;5;92;92047;2;3;1.0;6.0;48,8384855567;2,1717739105;
;1;75;75114;2;1;1.0;2.0;48,8202740000;2,3243970000;
;1;59;59287;2;1;1.0;3.0;50,1032620000;3,3419360000;
;5;92;92051;2;1;9.0;7.0;48,8788709804;2,2492398619;
;3;59;59461;1;1;1.0;6.0;50,0999480000;3,8236600000;
;1;56;56094;1;1;8.0;7.0;47,7527310000; -3,2724770000;
;1;75;75117;2;2;1.0;3.0;48,8840254265;2,3224315792;
;3;77;77109;1;1;1.0;3.0;48,6077310000;3,2003260000;
;1;49;49063;1;1;1.0;1.0;47,3435920000; -0,7103350000;
;1;47;47252;1;1;1.0;1.0;44,3890910000;0,5625990000;
;3;54;54462;1;1;2.0;6.0;48,5840598940;6,3468360902;
;2;75;75106;2;3;1.0;2.0;48,8518480000;2,3433890000;
;1;47;47147;1;2;1.0;3.0;44,6250380000;0,2050070000;
;2;75;75119;2;3;1.0;3.0;48,8889530000;2,3937350000;
;3;22;22206;1;1;1.0;7.0;48,5367340084; -2,9848838747;
;1;29;29259;2;1;1.0;1.0;48,6819189962; -3,9871609211;
;1;29;29165;1;1;1.0;6.0;47,8159070000; -4,2286800000;
;1;75;75118;2;1;1.0;6.0;48,9014080000;2,3701360000;
;5;31;31044;2;1;1.0;6.0;43,6141590000;1,4893390000;
;1;31;31413;1;1;1.0;6.0;43,7349960000;1,1070230000;
;1;02;02613;1;1;1.0;7.0;49,4120060000;3,8300010000;
;1;75;75118;2;3;1.0;3.0;48,8845544280;2,3292444812;
;2;81;81315;1;1;1.0;7.0;43,6351710000;2,0970530000;
;1;03;03148;1;1;1.0;7.0;46,2784980000;3,3296730000;
;2;70;70176;1;1;1.0;7.0;47,8982940000;6,6361020000;
;1;75;75117;2;1;1.0;2.0;48,8960150000;2,3088730000;
;1;26;26108;2;1;1.0;2.0;44,7273950000;5,0221680000;
;1;75;75117;2;1;1.0;2.0;48,8768320000;2,2960910000;
;1;58;58062;2;1;1.0;6.0;47,0644290000;3,9296240000;
;1;75;75116;2;1;1.0;6.0;48,8580180000;2,2531820000;
;3;54;54546;1;1;1.0;6.0;48,9604544901;6,0344660277;
;1;75;75115;2;3;1.0;3.0;48,8393859695;2,3162443936;
;1;72;72071;2;7;1.0;7.0;47,6965890000;0,4205150000;
;3;22;22160;1;1;3.0;5.0;48,4471736541; -2,4814569386;
;2;64;64370;1;1;1.0;6.0;43,3493680000; -0,2804680000;
;1;75;75115;2;3;1.0;3.0;48,8498420000;2,2828940000;
;3;68;68156;1;1;1.0;6.0;47,8919600000;7,2563570000;
;1;18;18082;1;1;1.0;2.0;46,9855520000;3,0460670000;
;5;75;75107;2;2;1.0;3.0;48,8468505115;2,3169216514;
;1;16;16308;1;1;1.0;5.0;45,9111426431;0,4923033714;
;4;56;56193;2;1;2.0;6.0;47,7139620000; -3,3154034000;
;5;75;75102;2;5;1.0;6.0;48,8675180000;2,3336800000;
;3;21;21505;1;1;1.0;6.0;47,4016297297;4,3060054778;
;1;94;94078;2;1;1.0;2.0;48,7270000000;2,4451500000;
;1;40;40001;2;1;1.0;7.0;43,6896769110; -0,2753913403;
;3;56;56026;1;1;6.0;6.0;48,0083430000; -3,1323800000;
;2;24;24007;1;1;1.0;7.0;45,2963580000;0,2799310000;
;3;67;67191;1;1;8.0;6.0;48,9955720000;7,0557550000;
;1;94;94002;2;3;1.0;3.0;48,7951700000;2,4268300000;
;1;17;17293;2;1;1.0;7.0;46,1356010000; -0,8137820000;
;1;82;82043;1;1;1.0;6.0;43,8730860000;1,1261950000;
;5;93;93070;2;3;1.0;6.0;48,9015100000;2,3302500000;
;1;973;97309;2;1;1.0;7.0;4,8875320000; -52,2823100000;
;3;11;11146;1;1;1.0;6.0;43,1858570000;2,4904630000;
;1;93;93031;2;3;1.0;6.0;48,9607200000;2,2935300000;
;1;74;74067;1;1;1.0;1.0;45,8807030000;6,0297130000;
;3;89;89369;1;1;8.0;6.0;48,2456400000;3,1531830000;
;1;93;93027;2;1;1.0;6.0;48,9203600000;2,4100700000;
;3;89;89307;1;2;1.0;7.0;47,8906240000;3,7115200000;
;1;49;49007;1;9;1.0;2.0;47,4914280000; -0,5333520000;
;2;61;61168;2;1;1.0;6.0;48,5759110000; -0,3711750000;
;3;33;33452;1;1;1.0;2.0;44,6372080000; -0,4233170000;
;1;68;68155;2;1;1.0;7.0;48,1005170000;7,3151400000;
;2;28;28121;1;1;1.0;5.0;48,1281170000;1,8528430000;
;1;44;44038;1;1;1.0;1.0;47,1408360000; -2,0025320000;
;1;69;69080;1;1;1.0;2.0;45,5491440000;4,7532180000;
;3;988;98808;1;1;1.0;7.0; -21,2916800000;165,6380900000;
;2;29;29061;1;1;2.0;5.0;48,4330322482; -4,4521665573;
;2;973;97311;2;2;1.0;2.0;5,4930770000; -54,0314380000;
;5;54;54425;2;9;2.0;6.0;49,3119914540;5,7821734231;
;3;77;77199;1;1;1.0;6.0;48,9272360000;2,9388860000;
;1;77;77177;1;1;1.0;3.0;48,8019150000;2,7432280000;
;1;64;64065;1;1;6.0;1.0;43,3379220000; -1,6157630000;
;3;83;83065;1;1;1.0;1.0;43,2382310000;6,5695560000;
;1;18;18108;2;1;2.0;3.0;46,9533130000;2,9510360000;
;1;13;13085;1;1;1.0;3.0;43,2495320000;5,6117500000;
;1;53;53097;2;1;1.0;1.0;48,1593080000; -0,3960070000;
;1;13;13052;1;1;1.0;7.0;43,8095860000;4,7869280000;
;1;13;13015;2;1;1.0;2.0;43,4561080000;5,4028380000;
;4;40;40284;2;3;3.0;3.0;43,6585040000; -1,3107100000;
;1;67;67348;2;1;1.0;3.0;48,4720610000;7,4997250000;
;4;40;40284;2;3;3.0;6.0;43,6585810000; -1,3108010000;
;5;67;67348;2;3;2.0;3.0;48,4710110000;7,4942960000;
;1;42;42155;1;4;7.0;2.0;45,8159130000;4,1121640000;
;1;24;24520;1;1;1.0;1.0;44,8736480000;1,2370880000;
;1;85;85020;2;1;7.0;1.0;46,3626100000; -0,6125980000;
;1;69;69019;1;1;1.0;1.0;46,0896620000;4,7289280000;
;1;85;85226;1;1;1.0;2.0;46,7200200000; -1,9712410000;
;5;08;08302;2;7;2.0;6.0;49,8880880000;4,7381680000;
;1;22;22201;1;1;1.0;6.0;48,6666760000; -2,3411180000;
;1;76;76203;1;1;1.0;7.0;49,5901830000;0,7991270000;
;1;88;88361;2;1;2.0;7.0;48,3050280000;7,0957300000;
;1;13;13005;1;1;1.0;3.0;43,2865291834;5,5363694407;
;1;13;13214;1;1;1.0;2.0;43,3300500000;5,3997700000;
;5;13;13206;2;2;1.0;3.0;43,2831800000;5,3811200000;
;1;13;13213;2;3;1.0;3.0;43,3245200000;5,4154200000;
;5;69;69029;1;1;1.0;5.0;45,7355600000;4,9024700000;
;1;69;69256;1;1;1.0;3.0;45,7966200000;4,9430200000;
;1;13;13209;2;1;1.0;3.0;43,2722800000;5,4008600000;
;1;92;92023;1;1;1.0;3.0;48,7767318611;2,2319235205;
;5;13;13214;1;1;1.0;1.0;43,3289300000;5,3756300000;
;1;92;92064;1;1;1.0;2.0;48,8405956350;2,2203449607;
;5;13;13047;2;1;1.0;1.0;43,5009200000;4,9811300000;
;1;13;13004;2;1;1.0;3.0;43,6895000000;4,6438100000;
;1;10;10387;2;9;1.0;3.0;48,3053400000;4,0897900000;
;1;10;10357;2;1;2.0;6.0;48,2956713161;4,1378221056;
;1;09;09225;2;1;1.0;3.0;43,1058300000;1,6192400000;
;1;09;09225;1;1;1.0;6.0;43,1390200000;1,5948500000;
;1;04;04112;1;1;1.0;7.0;43,8280000000;5,8215700000;
;2;75;75116;2;1;2.0;7.0;48,8572460000;2,2584890000;
;1;75;75106;2;4;2.0;2.0;48,8545180000;2,3368810000;
;5;75;75119;2;2;1.0;6.0;48,8878970000;2,3799440000;
;1;75;75119;2;7;2.0;3.0;48,8896520000;2,3957390000;
;5;75;75117;2;3;3.0;3.0;48,8885950000;2,3236050000;
;1;75;75117;2;7;8.0;3.0;48,8886340000;2,3156530000;
;1;75;75112;2;2;2.0;6.0;48,8496290000;2,3742970000;
;2;75;75111;2;2;1.0;3.0;48,8640050000;2,3706970000;
;2;75;75108;2;3;2.0;6.0;48,8758970000;2,2965950000;
;1;75;75108;2;5;1.0;3.0;48,8700640000;2,3010050000;
;1;75;75107;2;7;3.0;3.0;48,8538300000;2,3048050000;
;2;75;75102;2;2;1.0;7.0;48,8670260000;2,3580010000;
;1;94;94076;2;1;2.0;2.0;48,7829400000;2,3550030000;
;2;94;94041;2;1;8.0;3.0;48,8200000000;2,3900000000;
;1;94;94075;2;2;2.0;1.0;48,7170600000;2,5269700000;
;5;93;93078;2;2;1.0;3.0;48,9534800000;2,5627700000;
;1;93;93066;2;1;2.0;2.0;48,9422300000;2,3649800000;
;1;93;93066;2;1;1.0;2.0;48,9311900232;2,3586568669;
;1;93;93048;2;3;2.0;3.0;48,8585400000;2,4317400000;
;1;93;93027;2;9;3.0;2.0;48,9381800000;2,3884700000;
;1;93;93010;2;1;2.0;6.0;48,9001800000;2,4800900000;
;2;92;92050;2;1;2.0;1.0;48,8881500000;2,1913300000;
;2;92;92044;2;3;2.0;6.0;48,8944697423;2,2893946767;
;1;64;64227;2;2;1.0;2.0;43,3639918151; -0,2120658895;
;1;07;07330;1;1;1.0;6.0;44,3818380000;4,4437660000;
;2;92;92044;2;2;2.0;6.0;48,8909851170;2,2947719693;
;1;04;04149;1;1;1.0;7.0;44,0191140000;5,9289690000;
;1;87;87011;2;3;1.0;6.0;46,1211580000;1,0503530000;
;1;92;92026;2;1;2.0;3.0;48,9034877277;2,2678200602;
;1;37;37015;2;1;1.0;2.0;47,3484092164;0,8407330513;
;5;92;92024;2;2;1.0;3.0;48,9055100000;2,3018400000;
;1;30;30294;1;1;1.0;3.0;44,1579710000;4,1142400000;
;1;88;88468;1;1;8.0;3.0;47,8611930000;6,7449130000;
;5;92;92012;2;1;2.0;2.0;48,8300093499;2,2296844125;
;1;69;69063;1;1;1.0;3.0;45,8100020000;4,8419670000;
;1;92;92004;2;1;1.0;3.0;48,9308187099;2,2827430665;
;1;974;97415;2;3;1.0;3.0; -21,0491553047;55,2223947644;
;1;09;09261;1;3;1.0;1.0;42,9906470000;1,1336140000;
;1;34;34318;1;1;1.0;6.0;43,8091370000;3,9305310000;
;1;33;33528;2;1;5.0;4.0;44,8786150000; -0,9422520000;
;1;07;07288;1;1;1.0;1.0;44,7209350000;4,5352120000;
;1;2B;2B042;2;9;1.0;6.0;42,5628280000;9,4450800000;
;1;34;34023;2;1;1.0;6.0;43,4379230000;3,6761470000;
;1;974;97414;2;4;1.0;1.0; -21,2797370000;55,4128930000;
;1;06;06101;1;1;1.0;1.0;43,9665130000;7,0082540000;
;1;74;74041;1;1;2.0;1.0;46,3006870000;6,6737970000;
;1;69;69076;1;3;1.0;7.0;45,8475080000;4,7331660000;
;1;41;41132;1;1;2.0;2.0;47,3190430000;1,4450130000;
;1;53;53158;1;3;3.0;3.0;48,0020440000; -0,9269550000;
;1;76;76489;2;1;1.0;7.0;49,4948350000;0,2845180000;
;1;69;69165;1;1;1.0;1.0;46,1469216616;4,6580448747;
;1;32;32425;1;1;1.0;7.0;43,6377870000;1,1434150000;
;1;59;59139;2;3;1.0;3.0;50,1322680000;3,4235480000;
;1;63;63223;1;1;2.0;3.0;46,1102400000;2,9083300000;
;1;67;67218;1;1;1.0;2.0;48,5444000000;7,7256200000;
;1;63;63207;1;1;1.0;7.0;45,6660510000;3,6465600000;
;3;59;59646;1;1;8.0;2.0;50,6899931051;3,1418296695;
;1;12;12292;1;1;7.0;6.0;43,8964470000;2,9313860000;
;1;91;91521;1;1;1.0;5.0;48,6323600000;2,4006700000;
;1;42;42248;2;1;1.0;1.0;45,9180120000;3,8405530000;
;1;92;92002;1;1;1.0;3.0;48,7628308663;2,3120726521;
;1;42;42311;2;4;7.0;6.0;45,4822430000;4,3889520000;
;3;78;78402;1;1;1.0;4.0;48,9649020000;1,8014380000;
;1;78;78362;1;1;8.0;6.0;48,9726430000;1,7305720000;
;1;47;47052;2;1;1.0;3.0;44,3201020000;0,0777250000;
;2;41;41059;1;1;5.0;6.0;47,4103310000;1,3967660000;
;1;78;78640;1;1;1.0;5.0;48,7791940000;2,1998090000;
;1;25;25485;1;1;1.0;3.0;47,3849340000;6,7183760000;
;1;92;92036;1;1;1.0;5.0;48,9353674804;2,2648550687;
;3;44;44050;1;1;1.0;6.0;47,3997730000; -2,1473340000;
;1;92;92026;1;1;1.0;4.0;48,8900037324;2,2441999034;
;3;03;03157;1;1;1.0;6.0;46,2328990000;3,5168250000;
;1;03;03183;2;1;1.0;6.0;46,4051300000;3,0504120000;
;5;78;78126;1;1;1.0;4.0;48,8396000000;2,1188300000;
;2;03;03146;1;1;1.0;6.0;46,7034490000;3,0536200000;
;3;95;95241;1;1;1.0;6.0;49,0456029080;2,4454048276;
;1;93;93013;1;1;1.0;2.0;48,9385744444;2,4155606321;
;3;58;58278;1;1;1.0;6.0;46,9763510000;3,1679280000;
;1;94;94028;1;1;1.0;2.0;48,7990912310;2,4453273879;
;1;58;58300;1;1;1.0;1.0;47,0542180000;3,2093600000;
;1;94;94069;1;1;1.0;3.0;48,8173109429;2,4424371778;
;1;66;66107;1;1;1.0;1.0;42,8005110000;2,6366810000;
;1;59;59350;2;1;1.0;7.0;50,6413340000;3,0707370000;
;1;38;38544;2;1;1.0;3.0;45,5166600000;4,8888000000;
;1;90;90087;2;1;1.0;1.0;47,6750040000;6,9280920000;
;3;92;92025;2;1;1.0;6.0;48,9263600000;2,2531050000;
;2;93;93079;2;1;1.0;3.0;48,9485573996;2,3430754962;
;3;43;43212;1;1;1.0;4.0;45,3424940000;3,9903550000;
;1;04;04204;1;1;1.0;6.0;43,8790260000;6,4434710000;
;1;69;69383;2;2;1.0;3.0;45,7635800000;4,8471400000;
;1;17;17075;1;1;2.0;1.0;45,9238450000; -0,8437990000;
;1;28;28229;2;1;1.0;1.0;48,4529000000;1,4560000000;
;3;77;77264;1;1;5.0;1.0;48,7506800000;2,9475250000;
;1;59;59328;2;1;1.0;3.0;50,6451291930;3,0281388760;
;1;69;69244;2;1;1.0;1.0;45,7647240000;4,7736350000;
;1;57;57660;2;1;1.0;3.0;49,1972706907;6,9249174188;
;1;22;22187;2;9;1.0;7.0;48,5340600000; -2,7591700000;
;1;33;33284;1;1;1.0;2.0;44,6385260000; -0,8427300000;
;1;976;97611;2;9;1.0;3.0; -12,7796300000;45,2327400000;
;3;33;33527;1;1;1.0;2.0;44,6117950122; -1,0120139629;
;1;69;69383;2;1;3.0;3.0;45,7631400000;4,8686600000;
;1;988;98822;1;1;1.0;6.0; -20,9367000000;165,3808100000;
;5;69;69388;2;1;3.0;6.0;45,7355689808;4,8532050848;
;2;78;78575;2;1;2.0;6.0;48,7152450000;2,0856030000;
;5;69;69387;2;1;3.0;6.0;45,7552001527;4,8431414366;
;3;34;34154;2;1;1.0;2.0;43,6221980000;3,9924890000;
;1;69;69386;2;2;1.0;3.0;45,7718200000;4,8444300000;
;1;972;97209;1;1;1.0;3.0;14,6045300000; -61,0806000000;
;2;83;83107;1;1;7.0;4.0;43,4651490000;6,6202870000;
;1;2B;2B033;2;1;1.0;2.0;42,7016000000;9,4524100000;
;1;91;91689;2;1;1.0;3.0;48,7269370000;2,3237640000;
;2;21;21263;2;3;1.0;3.0;47,2568860000;5,0420590000;
;1;91;91657;2;2;1.0;3.0;48,7073300000;2,4386400000;
;3;21;21353;1;1;1.0;7.0;47,1923990000;5,1289090000;
;1;87;87085;2;3;1.0;3.0;45,8321300000;1,2638600000;
;1;69;69243;2;1;2.0;6.0;45,8906220000;4,4459280000;
;3;76;76459;1;1;1.0;6.0;49,6982480000;1,5171330000;
;1;80;80021;2;5;1.0;3.0;49,8865600000;2,2787200000;
;1;60;60559;1;1;2.0;7.0;49,4149677382;2,2938036917;
;1;79;79329;2;6;8.0;3.0;46,9817800000; -0,2165100000;
;1;78;78498;2;2;2.0;6.0;48,9372300000;2,0549600000;
;3;59;59035;1;1;1.0;2.0;50,1092840000;3,9450350000;
;1;77;77269;1;1;1.0;3.0;48,5427750000;2,7066960000;
;5;13;13210;1;1;1.0;6.0;43,2819829153;5,3939748472;
;1;76;76351;2;1;1.0;6.0;49,4892500000;0,1231000000;
;2;59;59507;1;1;1.0;6.0;50,6144513322;3,0851704723;
;1;76;76447;2;1;1.0;6.0;49,5435400000;0,1892400000;
;1;62;62587;1;1;1.0;2.0;50,4322900000;2,9379600000;
;5;72;72181;2;9;1.0;6.0;47,9990000000;0,2113800000;
;1;66;66136;1;1;1.0;2.0;42,6941100000;2,8501900000;
;1;92;92019;1;1;2.0;5.0;48,7718530000;2,2433130000;
;1;64;64024;2;6;1.0;3.0;43,5259600000; -1,5169100000;
;1;91;91228;1;1;2.0;7.0;48,6186700000;2,4272500000;
;1;91;91228;1;1;2.0;2.0;48,6222000000;2,4222000000;
;5;63;63113;2;2;1.0;3.0;45,8095800000;3,1071100000;
;1;59;59585;2;1;1.0;6.0;50,5686786549;3,0556261539;
;1;94;94034;1;1;2.0;2.0;48,7572338490;2,3295475991;
;1;59;59009;2;9;1.0;6.0;50,6331491685;3,1352448463;
;1;56;56098;2;8;1.0;6.0;47,7595100000; -3,3463300000;
;1;92;92002;1;1;2.0;4.0;48,7605490000;2,2883710000;
;1;55;55029;2;1;1.0;3.0;48,7619400000;5,1874200000;
;1;91;91661;1;1;8.0;2.0;48,6985100000;2,2429200000;
;1;54;54395;2;1;1.0;6.0;48,6923100000;6,1464700000;
;1;78;78158;1;1;2.0;6.0;48,8316010000;2,1472330000;
;1;54;54578;2;1;1.0;6.0;48,6716400000;6,1560200000;
;2;78;78640;1;1;2.0;2.0;48,7781540000;2,2138480000;
;1;54;54328;2;1;1.0;3.0;48,6216800000;6,1772400000;
;1;95;95527;1;1;2.0;7.0;48,9864060000;2,5064620000;
;1;51;51058;2;1;2.0;5.0;49,2163400000;3,9914900000;
;1;94;94017;1;1;2.0;4.0;48,8302008945;2,4957669959;
;5;51;51454;2;1;1.0;7.0;49,2319300000;4,0780900000;
;3;77;77373;1;1;1.0;6.0;48,7708750349;2,6119812069;
;1;49;49015;2;1;1.0;7.0;47,5016900000; -0,5922500000;
;1;55;55015;1;1;1.0;2.0;48,6402640000;5,1173920000;
;1;44;44184;2;1;1.0;7.0;47,2784530000; -2,2101910000;
;1;14;14281;1;1;1.0;6.0;49,3298086570; -0,8898023304;
;5;44;44109;2;1;1.0;3.0;47,2090540000; -1,5529940000;
;1;69;69388;2;9;1.0;2.0;45,7307286809;4,8872101307;
;1;44;44162;1;1;1.0;3.0;47,2556400000; -1,6431500000;
;1;69;69388;2;3;2.0;3.0;45,7288600000;4,8658000000;
;2;42;42218;2;9;1.0;3.0;45,4639400000;4,3982200000;
;2;42;42218;2;1;1.0;6.0;45,4203700000;4,3910600000;
;1;69;69259;2;1;1.0;3.0;45,7003200000;4,8862100000;
;3;37;37233;2;1;8.0;1.0;47,4019600000;0,7490400000;
;5;69;69387;2;2;1.0;3.0;45,7482000000;4,8436000000;
;1;37;37261;2;2;1.0;6.0;47,4089800000;0,7035200000;
;1;69;69383;2;1;1.0;2.0;45,7557362978;4,8625327632;
;1;37;37208;2;3;1.0;3.0;47,3678000000;0,7232800000;
;1;35;35238;2;3;8.0;2.0;48,0999100000; -1,6580700000;
;1;35;35278;2;1;2.0;6.0;48,1537400000; -1,6875700000;
;5;75;75120;2;4;1.0;2.0;48,8669620000;2,4134350000;
;3;34;34172;2;1;1.0;2.0;43,6026900000;3,9031000000;
;1;32;32013;1;1;1.0;1.0;43,6894400000;0,6045200000;
;5;75;75118;2;4;2.0;4.0;48,9006730000;2,3663030000;
;1;29;29232;1;1;1.0;2.0;47,9947900000; -4,0723100000;
;1;75;75116;2;1;2.0;2.0;48,8628190000;2,2649750000;
;1;29;29039;2;2;1.0;7.0;47,8742492800; -3,9052568070;
;1;75;75120;2;3;1.0;3.0;48,8691160000;2,3911448000;
;1;29;29019;2;3;1.0;5.0;48,4300257672; -4,5006877184;
;1;28;28404;2;1;1.0;1.0;48,7306400000;1,3398300000;
;1;75;75119;2;2;1.0;6.0;48,8860250000;2,3981210000;
;1;25;25031;2;9;1.0;6.0;47,4740020000;6,8606230000;
;1;75;75117;2;2;1.0;3.0;48,8762670000;2,2872100000;
;1;21;21231;2;6;1.0;3.0;47,3151628998;5,0295893368;
;1;75;75115;2;4;1.0;3.0;48,8551280000;2,2894300000;
;1;21;21231;2;3;1.0;3.0;47,3316447522;5,0500405493;
;1;75;75112;2;2;1.0;3.0;48,8480390000;2,3928530000;
;5;21;21054;2;6;8.0;7.0;47,0153500000;4,8377600000;
;1;19;19031;2;2;1.0;3.0;45,1552200000;1,5299900000;
;5;94;94018;2;1;2.0;3.0;48,8235300000;2,4105800000;
;5;14;14341;2;1;1.0;6.0;49,1485100000; -0,3451900000;
;5;94;94076;2;1;2.0;3.0;48,7936000000;2,3691000000;
;1;13;13210;2;1;2.0;3.0;43,2867030817;5,4149633676;
;1;03;03095;2;1;1.0;3.0;46,1352100000;3,4527800000;
;5;94;94041;2;2;1.0;3.0;48,8116300000;2,4030850000;
;1;75;75120;2;3;1.0;3.0;48,8499860000;2,4128970000;
;1;93;93051;2;2;1.0;3.0;48,8317800000;2,5840800000;
;5;93;93031;2;1;1.0;6.0;48,9566376325;2,3200386238;
;5;75;75119;2;2;1.0;3.0;48,8860960000;2,3898550000;
;1;93;93008;2;1;1.0;6.0;48,9104702561;2,4536612479;
;1;75;75119;2;2;1.0;3.0;48,8841770000;2,3685980000;
;2;92;92078;2;2;1.0;3.0;48,9249301160;2,3254435658;
;1;75;75117;2;5;1.0;7.0;48,8812480000;2,2955460000;
;1;92;92072;2;3;1.0;3.0;48,8242600000;2,2109800000;
;1;75;75116;2;3;1.0;6.0;48,8712730000;2,2932310000;
;1;54;54089;1;1;3.0;3.0;48,7883188380;6,2792873382;
;1;75;75116;2;1;1.0;2.0;48,8591490000;2,2869960000;
;5;40;40004;2;2;1.0;6.0;43,6613910000; -1,3723090000;
;5;75;75115;2;2;1.0;3.0;48,8404070000;2,3042470000;
;3;86;86239;1;1;2.0;1.0;46,6213280000;0,7047170000;
;1;75;75113;2;2;1.0;3.0;48,8304910000;2,3765960000;
;2;17;17142;1;6;2.0;7.0;46,1803210000; -1,0904040000;
;1;75;75110;2;1;1.0;2.0;48,8728580000;2,3699540000;
;2;26;26010;1;1;1.0;3.0;45,2688160000;4,8471590000;
;1;75;75108;2;3;1.0;3.0;48,8707210000;2,3229080000;
;1;50;50095;1;1;1.0;3.0;49,0885850000; -1,1289310000;
;5;75;75102;2;2;1.0;3.0;48,8685470000;2,3419080000;
;2;57;57605;1;3;3.0;3.0;48,9560020000;6,3012810000;
;1;94;94003;2;9;1.0;6.0;48,8084940000;2,3316990000;
;5;56;56014;1;2;3.0;6.0;48,0112200000; -3,3996170000;
;1;56;56141;1;1;2.0;7.0;47,8493240000; -2,8671260000;
;1;94;94076;2;1;1.0;7.0;48,7947300000;2,3624000000;
;1;59;59587;1;1;1.0;7.0;50,8003656917;2,5797486305;
;1;94;94003;2;9;1.0;5.0;48,8058130000;2,3257690000;
;2;65;65390;2;4;1.0;3.0;43,3715520000;0,0346490000;
;1;94;94041;2;1;1.0;7.0;48,8145700000;2,4093400000;
;1;63;63122;1;1;8.0;1.0;45,5009077495;3,0335837603;
;1;94;94073;2;1;1.0;3.0;48,7672670000;2,3892070000;
;1;34;34142;1;1;2.0;7.0;43,6975410000;3,3381700000;
;5;94;94071;2;3;1.0;3.0;48,7749100000;2,5127400000;
;2;22;22293;1;1;2.0;1.0;48,6451520000; -3,0963210000;
;1;93;93064;2;1;8.0;3.0;48,8793836326;2,4781861217;
;1;93;93077;2;1;1.0;6.0;48,8968046368;2,5058538180;
;2;25;25040;2;3;1.0;3.0;47,5034570000;6,9393900000;
;5;93;93055;2;1;1.0;6.0;48,9101800000;2,3992500000;
;1;29;29196;1;1;1.0;5.0;48,5224140000; -4,5886700000;
;1;93;93051;2;2;1.0;6.0;48,8496900000;2,5578800000;
;1;84;84089;2;3;1.0;;43,6882610000;5,5250900000;
;5;93;93050;2;3;1.0;3.0;48,8687902792;2,5286728152;
;2;03;03114;1;1;2.0;3.0;46,4068240000;3,3532660000;
;1;93;93030;2;6;1.0;6.0;48,9434600000;2,4191500000;
;1;93;93001;2;1;1.0;3.0;48,9034701000;2,3779164310;
;3;01;01038;1;1;1.0;3.0;46,3126790000;5,3045030000;
;1;93;93001;2;1;7.0;6.0;48,9187923611;2,3690892704;
;1;92;92063;2;1;1.0;6.0;48,8737400000;2,1828300000;
;1;92;92051;2;1;1.0;3.0;48,8804700000;2,2538600000;
;3;58;58204;1;1;2.0;7.0;47,0728050561;3,2803075338;
;1;66;66160;1;1;1.0;7.0;42,4982070000;2,7105760000;
;1;92;92051;2;1;1.0;6.0;48,8863360000;2,2617740000;
;1;54;54312;2;1;1.0;6.0;48,9332210000;6,1033610000;
;5;92;92050;2;3;1.0;3.0;48,8854268487;2,1960505843;
;1;50;50550;1;1;1.0;6.0;49,1119310000; -1,4662560000;
;1;92;92049;2;1;1.0;2.0;48,8171880000;2,3257050000;
;1;92;92044;2;2;1.0;7.0;48,9004494705;2,2864882350;
;1;92;92036;2;6;1.0;3.0;48,9331493373;2,3026801944;
;1;64;64461;2;1;1.0;4.0;43,5309480000; -0,9224440000;
;2;18;18216;1;1;1.0;7.0;46,7619730000;2,1258970000;
;1;92;92026;2;1;2.0;3.0;48,8888056920;2,2483654618;
;1;43;43221;1;1;1.0;6.0;44,9925970000;3,6938310000;
;1;92;92024;2;1;1.0;4.0;48,9073630000;2,3129380000;
;3;40;40303;1;2;2.0;3.0;44,1450310000; -0,8967800000;
;1;92;92004;2;1;1.0;6.0;48,9323068949;2,2765227556;
;1;24;24222;2;1;1.0;7.0;44,8741930000;0,3733180000;
;1;67;67225;1;3;8.0;3.0;48,8045700000;7,5307100000;
;1;87;87101;1;9;1.0;7.0;46,0440310000;0,9498020000;
;1;42;42032;1;1;1.0;1.0;45,5226840000;4,4970020000;
;1;87;87017;1;6;1.0;7.0;46,1257350000;1,0745390000;
;1;61;61181;1;1;1.0;2.0;48,7842810000;0,3194460000;
;3;52;52438;1;1;1.0;7.0;47,8095587826;5,5473725588;
;1;57;57179;2;1;1.0;7.0;49,3355400000;6,2619280000;
;4;52;52197;2;1;1.0;6.0;47,7813290000;5,6005490000;
;1;74;74103;1;1;8.0;6.0;45,9070990000;6,6461060000;
;5;987;98738;1;1;1.0;6.0; -17,6180000000; -149,5490000000;
;1;74;74256;2;1;1.0;1.0;45,9476700000;6,6447330000;
;3;33;33126;1;1;1.0;6.0;45,0952140000; -0,4748070000;
;3;76;76574;1;1;5.0;6.0;49,7105640000;1,0963150000;
;1;57;57468;1;1;1.0;2.0;48,7658070000;7,2339820000;
;3;63;63364;1;1;2.0;3.0;45,8266286279;3,4527379274;
;3;38;38193;1;1;1.0;2.0;45,6121240000;5,2166070000;
;1;61;61394;1;1;1.0;6.0;48,2667800000;0,6000530000;
;3;61;61043;1;1;2.0;6.0;48,3416530000;0,7562320000;
;1;61;61187;1;1;1.0;7.0;48,6607660000;0,5842390000;