Num_Acc;lum;departement;commune;agglomeration;intersection;meteo;type_collision;lat;long;date
;1;42;42184;2;1;1.0;6.0;46,0523600000;4,0654300000;
;5;22;22363;2;2;1.0;3.0;48,8071920000; -3,3744340000;
;1;42;42095;2;1;1.0;1.0;45,3785200000;4,2755100000;
;1;22;22144;1;1;1.0;2.0;48,4961360000; -2,8502660000;
;4;60;60619;1;1;1.0;7.0;49,1160180000;2,7973940000;
;2;37;37261;2;1;1.0;2.0;47,3653000000;0,7122700000;
;1;80;80353;1;1;1.0;2.0;49,8435180000;2,8664820000;
;1;37;37261;2;2;1.0;1.0;47,3975300000;0,6994700000;
;5;33;33167;1;1;1.0;3.0;44,8243370000; -0,5112800000;
;1;33;33039;1;1;1.0;6.0;44,8035920000; -0,5325410000;
;1;94;94003;1;1;1.0;2.0;48,8010000000;2,3420000000;
;1;37;37208;2;2;8.0;3.0;47,3583000000;0,7221400000;
;3;94;94038;1;1;2.0;6.0;48,7765100000;2,3458100000;
;1;35;35055;1;1;1.0;6.0;48,0874324906; -1,5896540880;
;1;78;78423;1;1;1.0;6.0;48,7991760000;1,9956230000;
;1;92;92050;1;1;1.0;7.0;48,9116500516;2,2168203970;
;3;78;78672;1;1;8.0;2.0;48,9302400000;1,9829400000;
;1;32;32013;2;3;1.0;7.0;43,6486400000;0,5836300000;
;1;93;93048;1;1;1.0;5.0;48,8652500000;2,4819900000;
;1;95;95252;1;1;1.0;2.0;48,9846660000;2,2416210000;
;1;31;31069;2;2;1.0;2.0;43,6511100000;1,3743300000;
;3;75;75112;1;1;1.0;2.0;48,8231700000;2,4629700000;
;1;94;94069;1;1;1.0;2.0;48,8173300000;2,4224700000;
;1;19;19031;2;1;1.0;1.0;45,1457611211;1,4904226938;
;1;94;94046;1;1;1.0;3.0;48,8085628803;2,4490578633;
;5;13;13206;2;9;1.0;3.0;43,2870104626;5,3877851063;
;1;29;29232;2;2;1.0;3.0;47,9936800000; -4,1064500000;
;1;13;13214;2;1;1.0;3.0;43,3315984065;5,3984345141;
;5;93;93010;2;2;3.0;6.0;48,9040000000;2,4713100000;
;1;07;07186;2;3;1.0;6.0;44,7351800000;4,5962500000;
;1;12;12202;1;1;1.0;5.0;44,3647000000;2,5498400000;
;1;974;97411;2;1;1.0;6.0; -20,8897500000;55,4516600000;
;1;12;12089;1;1;7.0;6.0;44,5616800000;2,2528300000;
;2;974;97416;2;1;1.0;3.0; -21,3330600000;55,4592800000;
;1;11;11069;2;1;1.0;3.0;43,2157479755;2,3487782478;
;1;69;69259;2;4;1.0;6.0;45,7060000000;4,8765100000;
;1;07;07008;2;6;1.0;3.0;44,7054500000;4,6503700000;
;1;972;97213;1;1;1.0;4.0;14,6146700000; -61,0126600000;
;1;06;06088;2;1;1.0;1.0;43,6939500000;7,2283700000;
;4;972;97209;2;1;1.0;6.0;14,6059700000; -61,0656700000;
;5;69;69142;2;1;1.0;7.0;45,7481800000;4,8157400000;
;1;05;05023;2;1;8.0;3.0;44,9084500000;6,6270300000;
;1;69;69034;2;1;1.0;7.0;45,7827400000;4,8354200000;
;1;75;75105;2;2;1.0;3.0;48,8461670000;2,3491170000;
;1;69;69286;2;3;1.0;6.0;45,8159700000;4,8987400000;
;5;75;75120;2;1;1.0;6.0;48,8757300000;2,4125360000;
;5;69;69384;2;3;1.0;1.0;45,7794300000;4,8403600000;
;5;75;75120;2;2;1.0;2.0;48,8646610000;2,4046480000;
;1;69;69034;2;1;1.0;2.0;45,8018200000;4,8420800000;
;1;2A;2A004;2;1;1.0;6.0;41,9266074417;8,7389127017;
;1;75;75117;2;7;1.0;2.0;48,8868490000;2,3045480000;
;1;91;91549;2;1;1.0;6.0;48,6378600000;2,3330700000;
;5;75;75116;2;2;1.0;3.0;48,8479140000;2,2589310000;
;1;87;87050;2;6;1.0;3.0;45,8795700000;1,2382000000;
;2;75;75115;2;1;1.0;7.0;48,8440710000;2,2962510000;
;1;83;83098;2;9;1.0;6.0;43,1087780000;6,0355230000;
;1;75;75115;2;2;1.0;3.0;48,8471030000;2,2868060000;
;1;83;83126;2;1;1.0;3.0;43,0839400000;5,8814900000;
;1;75;75113;2;2;1.0;3.0;48,8222810000;2,3716450000;
;2;83;83126;2;3;1.0;3.0;43,0809300000;5,8878790000;
;1;75;75110;2;3;1.0;3.0;48,8697360000;2,3661860000;
;1;83;83034;1;9;1.0;2.0;43,1086900000;6,0469700000;
;5;80;80001;2;1;1.0;6.0;50,1191250864;1,8161730362;
;1;75;75108;2;2;1.0;3.0;48,8794350000;2,3142770000;
;1;75;75104;2;2;1.0;6.0;48,8590170000;2,3537130000;
;1;77;77285;2;1;1.0;6.0;48,5400414246;2,6259189332;
;3;77;77186;1;6;8.0;5.0;48,4744907945;2,6784163356;
;5;94;94041;2;2;1.0;3.0;48,8194600000;2,3978500000;
;5;76;76681;2;2;2.0;6.0;49,4094900000;1,0837900000;
;1;94;94068;2;3;2.0;6.0;48,8051500000;2,5088100000;
;5;76;76351;2;2;1.0;3.0;49,4985400000;0,1179600000;
;3;76;76565;1;1;2.0;7.0;49,8740000000;1,0990000000;
;3;94;94046;2;3;1.0;3.0;48,7871300000;2,4357700000;
;2;69;69115;2;6;1.0;3.0;45,9775560348;4,7078213096;
;1;94;94028;2;2;1.0;2.0;48,7963200000;2,4578000000;
;5;69;69264;2;1;1.0;3.0;45,9843700000;4,7204300000;
;1;94;94055;2;1;1.0;3.0;48,7939800000;2,5524600000;
;1;67;67447;2;1;1.0;6.0;48,6098426275;7,7512782000;
;1;94;94017;2;2;1.0;6.0;48,8211200000;2,5088540000;
;5;67;67482;2;2;1.0;1.0;48,5629000000;7,7006700000;
;5;94;94017;2;6;1.0;6.0;48,8061500000;2,5331700000;
;3;64;64102;2;1;1.0;3.0;43,4895000000; -1,4570100000;
;1;93;93046;2;2;1.0;3.0;48,9200725086;2,5393657356;
;1;62;62040;2;1;1.0;5.0;50,7360700000;2,2901100000;
;1;93;93066;2;1;1.0;1.0;48,9441791688;2,3466132704;
;1;93;93064;2;1;1.0;2.0;48,8775226091;2,4827537805;
;5;62;62193;2;2;1.0;2.0;50,9461840000;1,8890390000;
;1;60;60463;2;9;1.0;6.0;49,2664100000;2,4523200000;
;1;93;93077;2;2;1.0;3.0;48,8846000000;2,5115000000;
;5;59;59560;1;9;1.0;1.0;50,5449174911;3,0551326275;
;1;93;93007;2;1;2.0;3.0;48,9499000000;2,4632800000;
;5;59;59350;2;2;2.0;3.0;50,6332100000;3,0474400000;
;1;93;93005;2;2;8.0;3.0;48,9494943849;2,5196034856;
;1;51;51454;2;3;1.0;3.0;49,2464900000;4,0394400000;
;1;48;48095;2;6;1.0;7.0;44,5348700000;3,5013900000;
;1;45;45302;2;1;1.0;2.0;47,9358800000;1,8894300000;
;5;92;92046;2;2;1.0;3.0;48,8247802642;2,3020624816;
;1;37;37261;2;2;1.0;6.0;47,3954469163;0,6752474606;
;1;35;35238;2;1;1.0;6.0;48,1202900000; -1,6360300000;
;5;33;33063;2;3;1.0;3.0;44,8528000000; -0,5731500000;
;1;92;92040;2;1;1.0;6.0;48,8210100000;2,2605700000;
;5;33;33039;2;1;1.0;6.0;44,8077000000; -0,5592200000;
;5;33;33063;2;2;1.0;3.0;44,8333600000; -0,5987300000;
;1;33;33249;2;1;1.0;6.0;44,8675217784; -0,5070367455;
;1;92;92026;2;1;1.0;6.0;48,8930940000;2,2525490000;
;1;30;30028;2;3;1.0;6.0;44,1620000000;4,6235000000;
;1;29;29232;2;6;1.0;7.0;47,9910900000; -4,0737600000;
;1;27;27299;2;1;2.0;2.0;49,0424923409;1,1596986208;
;1;92;92024;2;1;1.0;6.0;48,8997930000;2,3025760000;
;1;22;22278;1;1;2.0;2.0;48,5231067974; -2,7498927721;
;5;21;21231;2;3;1.0;3.0;47,3178940252;5,0460213595;
;1;19;19272;2;1;1.0;6.0;45,2505658642;1,7659299374;
;1;15;15014;2;9;1.0;3.0;44,9096420000;2,4246290000;
;1;83;83072;1;3;7.0;3.0;43,4648260000;6,3963500000;
;1;22;22190;2;1;1.0;6.0;48,5260798054; -2,0804674923;
;1;13;13071;2;3;1.0;5.0;43,3791900000;5,3513500000;
;1;972;97210;1;1;1.0;1.0;14,6099600000; -60,8970880000;
;1;84;84083;2;1;1.0;2.0;44,2011900000;4,7274150000;
;3;30;30308;1;1;1.0;7.0;43,9835000000;4,4138400000;
;1;66;66021;2;1;7.0;6.0;42,7212110000;2,9339080000;
;3;24;24059;1;1;1.0;6.0;45,0232200000;0,3916030000;
;3;31;31588;2;6;1.0;6.0;43,5242660000;1,3691820000;
;2;51;51165;1;1;3.0;7.0;48,7589713776;3,8768018782;
;1;87;87085;2;1;1.0;2.0;45,8570000000;1,2698100000;
;1;51;51075;1;1;1.0;7.0;49,3305340000;4,0892310000;
;1;76;76255;2;2;1.0;6.0;50,0541550000;1,4226010000;
;1;19;19237;2;2;8.0;3.0;45,1369204945;2,0984101295;
;3;56;56091;1;1;1.0;6.0;47,9496350000; -2,5602780000;
;2;87;87085;2;3;1.0;6.0;45,8252900000;1,2724200000;
;1;79;79131;1;1;1.0;7.0;46,8768930000; -0,3395890000;
;5;87;87085;2;3;2.0;5.0;45,8249000000;1,2299700000;
;1;82;82176;1;3;1.0;6.0;43,9781450000;1,5082760000;
;1;86;86194;2;1;1.0;6.0;46,5773940000;0,3543790000;
;1;65;65239;1;1;2.0;2.0;43,0440160959;0,3631308675;
;1;86;86194;2;2;1.0;3.0;46,5846700000;0,3665700000;
;5;83;83061;2;1;1.0;6.0;43,4239300000;6,7405600000;
;1;11;11103;2;1;1.0;2.0;42,9393903565;2,2460428201;
;5;83;83050;2;9;2.0;6.0;43,5337800000;6,4538700000;
;1;71;71584;2;1;1.0;6.0;46,4493690000;4,8464940000;
;3;81;81144;2;1;2.0;6.0;43,9581300000;2,1670100000;
;1;89;89273;1;1;7.0;6.0;47,6067580000;3,2021330000;
;1;63;63394;1;1;1.0;7.0;45,4911656858;3,8867568970;
;5;80;80021;2;1;2.0;3.0;49,9069300000;2,3186500000;
;5;80;80021;2;1;1.0;3.0;49,8893600000;2,3132200000;
;1;12;12162;1;2;1.0;2.0;44,3347080000;2,4351130000;
;5;80;80021;2;1;2.0;1.0;49,8809360000;2,3047930000;
;3;34;34291;1;1;1.0;7.0;43,5422650000;2,8734400000;
;3;34;34312;2;1;1.0;7.0;43,6516460000;3,1496000000;
;1;29;29125;1;1;1.0;1.0;48,0983260936; -3,7687686681;
;1;78;78227;1;1;8.0;6.0;49,0104800000;1,9376400000;
;1;03;03044;1;1;1.0;1.0;46,0916700000;3,3895590000;
;1;26;26264;1;1;1.0;3.0;44,4196780000;5,3587640000;
;2;77;77215;1;1;5.0;6.0;48,7332470000;2,7207640000;
;1;26;26262;1;1;1.0;7.0;44,6664400000;5,4045440000;
;1;72;72073;1;3;1.0;6.0;48,0239400000;0,0613640000;
;1;50;50596;1;4;1.0;2.0;49,6495000000; -1,3874800000;
;1;60;60021;2;1;7.0;7.0;49,5809122503;3,1187460422;
;1;77;77251;1;6;2.0;4.0;48,6189400000;2,5425400000;
;1;76;76363;1;1;1.0;1.0;49,8707840000;1,7118500000;
;2;64;64023;1;1;2.0;5.0;43,2298320000; -0,2586190000;
;3;73;73171;1;6;1.0;3.0;45,5021195083;6,0682528317;
;5;36;36088;2;1;1.0;6.0;46,9428680000;1,9829040000;
;1;16;16208;1;2;1.0;3.0;45,7611760000; -0,1521890000;
;5;76;76351;2;2;1.0;7.0;49,4948800000;0,1112200000;
;3;40;40158;1;1;1.0;6.0;44,1103300000; -0,0603820000;
;1;30;30083;1;1;1.0;2.0;43,7300117583;4,2119774222;
;1;74;74305;2;3;8.0;3.0;46,2009600000;6,2436500000;
;5;74;74298;2;1;1.0;6.0;46,1749800000;6,2641300000;
;1;76;76057;1;6;1.0;3.0;49,5239970000;0,9620550000;
;1;35;35131;1;2;1.0;3.0;48,1305690000; -1,8172070000;
;1;71;71306;2;1;1.0;6.0;46,6778900000;4,3675000000;
;1;01;01332;1;1;1.0;6.0;46,2995980000;4,9007180000;
;1;71;71270;2;9;1.0;3.0;46,3194800000;4,8127400000;
;2;69;69256;2;1;2.0;2.0;45,7683500000;4,9325000000;
;1;06;06088;1;9;1.0;6.0;43,7320650000;7,2793010000;
;2;69;69286;2;1;8.0;6.0;45,8184900000;4,8912000000;
;5;69;69013;2;9;2.0;7.0;46,0217377178;4,7206516564;
;1;58;58296;1;1;1.0;6.0;46,6901340000;3,2164890000;
;1;34;34259;2;6;1.0;3.0;43,6146810000;3,7760300000;
;5;69;69290;2;2;2.0;1.0;45,7039025777;4,9148261547;
;5;971;97107;1;1;1.0;3.0;16,0261390000; -61,5741420000;
;2;69;69259;2;3;8.0;6.0;45,7034140696;4,8874747754;
;1;45;45272;1;1;1.0;1.0;47,8183890000;1,9913580000;
;1;76;76351;2;2;1.0;3.0;49,5054900000;0,1711400000;
;5;69;69029;2;9;1.0;7.0;45,7329329965;4,9105185270;
;1;77;77142;2;1;1.0;1.0;48,8646510000;2,9044510000;
;3;11;11385;1;1;1.0;6.0;43,3824230000;1,9053980000;
;4;69;69199;2;3;2.0;1.0;45,6894000000;4,8462000000;
;1;06;06075;2;1;1.0;1.0;43,8557010000;7,1970400000;
;1;13;13096;1;1;1.0;1.0;43,5776860000;4,4328120000;
;1;68;68066;2;2;1.0;3.0;48,0800100000;7,3687000000;
;1;67;67482;2;1;1.0;6.0;48,5452900000;7,7536300000;
;1;21;21021;2;1;1.0;3.0;47,3388970000;5,1945460000;
;2;51;51250;1;1;2.0;7.0;49,3101550000;3,6511300000;
;5;67;67482;2;3;2.0;1.0;48,5721800000;7,7141800000;
;1;67;67001;1;1;1.0;6.0;48,5759510000;7,6283850000;
;5;67;67482;2;1;3.0;6.0;48,5645100000;7,7356800000;
;1;86;86294;2;1;1.0;1.0;46,6455460000;0,1780820000;
;3;66;66136;1;1;1.0;1.0;42,6795220000;2,9178860000;
;3;33;33378;1;1;1.0;7.0;44,8669810000;0,2472840000;
;2;56;56046;1;1;1.0;7.0;47,6059280000; -3,0121850000;
;1;66;66136;2;3;2.0;3.0;42,6947000000;2,8845700000;
;1;76;76714;1;1;1.0;6.0;49,5414780000;0,4093100000;
;1;66;66136;2;1;1.0;6.0;42,7337600000;2,8902000000;
;1;13;13070;1;1;1.0;2.0;43,2855700000;5,5152100000;
;5;66;66136;2;3;1.0;2.0;42,7243700000;2,8909700000;
;1;13;13214;1;1;1.0;2.0;43,3299300000;5,3965100000;
;3;13;13026;1;1;1.0;2.0;43,4022100000;5,1068800000;
;5;66;66136;1;1;1.0;4.0;42,6755700000;2,8661400000;
;2;64;64129;2;1;3.0;6.0;43,3152100000; -0,3779800000;
;1;91;91377;1;1;1.0;1.0;48,7303600000;2,2419300000;
;5;64;64122;2;1;2.0;6.0;43,4833800000; -1,5567100000;
;1;91;91339;1;9;1.0;2.0;48,6237700000;2,2607500000;
;1;64;64122;2;6;3.0;7.0;43,4679700000; -1,5398800000;
;5;64;64102;2;6;6.0;7.0;43,4982000000; -1,4935500000;
;1;91;91174;1;1;8.0;2.0;48,6186900000;2,4554700000;
;2;91;91377;1;1;1.0;2.0;48,7267400000;2,2862100000;
;5;64;64024;1;1;2.0;6.0;43,4725810000; -1,4905940000;
;1;93;93066;1;1;2.0;7.0;48,9253606113;2,3393929727;
;1;64;64102;2;1;8.0;6.0;43,4970000000; -1,4683300000;
;5;93;93001;1;1;1.0;6.0;48,9216250938;2,3669528961;
;2;63;63224;2;3;1.0;6.0;45,8717000000;3,1331100000;
;1;95;95491;1;1;1.0;2.0;49,0114669493;2,2247636318;
;5;61;61117;2;1;1.0;3.0;48,4351200000;0,0523100000;
;1;77;77294;1;1;1.0;2.0;48,9653629156;2,6087478900;
;1;59;59560;2;1;2.0;1.0;50,5474900000;3,0490800000;
;1;94;94073;1;1;1.0;4.0;48,7621005260;2,3816766713;
;1;77;77249;1;1;1.0;7.0;48,7282852389;2,6050673614;
;1;59;59271;2;1;1.0;6.0;51,0178250000;2,3003450000;
;2;29;29019;2;3;1.0;6.0;48,4013390000; -4,4869700000;
;1;59;59178;1;1;8.0;6.0;50,3948560000;3,1335580000;
;4;78;78646;2;3;1.0;6.0;48,7988300000;2,1276600000;
;5;59;59431;2;1;2.0;6.0;50,6965900000;2,8593000000;
;1;92;92004;2;1;1.0;6.0;48,9112575671;2,2971758991;
;1;57;57672;2;3;2.0;6.0;49,3612585970;6,1577524245;
;1;92;92004;2;1;1.0;3.0;48,9117693114;2,2944810837;
;5;56;56121;2;6;8.0;7.0;47,7391900000; -3,3800900000;
;1;974;97409;1;3;1.0;3.0; -20,9509500000;55,6665570000;
;3;56;56098;1;1;1.0;2.0;47,7805650000; -3,3436930000;
;1;69;69388;2;1;1.0;7.0;45,7398262594;4,8653079743;
;1;56;56121;2;1;1.0;2.0;47,7537900000; -3,3711800000;
;1;972;97213;1;9;1.0;7.0;14,6304800000; -61,0098000000;
;1;54;54395;2;2;1.0;3.0;48,6858200000;6,1580400000;
;1;972;97213;1;6;1.0;5.0;14,6195100000; -60,9946000000;
;5;54;54395;2;3;3.0;6.0;48,6927800000;6,1445500000;
;3;972;97209;1;9;1.0;6.0;14,6117600000; -61,0781800000;
;5;54;54395;2;1;2.0;6.0;48,6860650000;6,1953900000;
;1;95;95277;1;1;1.0;7.0;48,9781702010;2,4414002895;
;5;51;51058;2;1;1.0;7.0;49,2183900000;3,9902600000;
;1;91;91477;2;9;1.0;6.0;48,7144200000;2,2451800000;
;1;91;91514;2;1;1.0;6.0;48,6796600000;2,5341600000;
;5;51;51172;2;6;1.0;3.0;49,2169800000;4,0460600000;
;1;91;91589;2;3;1.0;3.0;48,6785700000;2,3427200000;
;1;50;50129;1;9;3.0;6.0;49,6318000000; -1,5797800000;
;1;91;91589;2;1;1.0;3.0;48,6775800000;2,3391300000;
;2;50;50129;2;3;2.0;3.0;49,6171600000; -1,6009200000;
;1;91;91687;2;6;1.0;2.0;48,6704950000;2,3777590000;
;1;91;91479;2;1;1.0;6.0;48,7057400000;2,3651400000;
;4;50;50129;2;3;2.0;3.0;49,6479800000; -1,5869000000;
;1;88;88383;1;1;1.0;1.0;47,9931500000;6,5463900000;
;1;49;49007;2;1;2.0;2.0;47,4659800000; -0,5960500000;
;1;87;87085;2;1;1.0;6.0;45,8524300000;1,2548600000;
;1;49;49007;2;1;2.0;4.0;47,4813000000; -0,5555700000;
;1;87;87085;2;3;1.0;3.0;45,8795100000;1,2679600000;
;1;49;49007;1;1;2.0;6.0;47,4567700000; -0,5716200000;
;1;85;85194;2;6;1.0;1.0;46,5190300000; -1,7571300000;
;1;49;49015;1;1;2.0;4.0;47,5090600000; -0,6182900000;
;1;85;85194;2;1;1.0;3.0;46,4912800000; -1,7730600000;
;1;47;47001;2;1;2.0;3.0;44,1903600000;0,6299800000;
;3;84;84087;1;1;1.0;6.0;44,1530100000;4,8009600000;
;5;45;45232;2;1;2.0;2.0;47,8644700000;1,9130700000;
;3;45;45284;1;1;1.0;7.0;47,9250335673;1,9804500576;
;1;40;40192;1;1;1.0;6.0;43,9124400000; -0,4806600000;
;5;37;37261;2;1;1.0;1.0;47,3968386164;0,6869137287;
;1;77;77269;1;2;7.0;3.0;48,5424900000;2,7041500000;
;1;37;37261;2;1;2.0;6.0;47,3774800000;0,6941000000;
;1;76;76351;2;1;1.0;2.0;49,5043800000;0,1472200000;
;1;35;35238;2;1;2.0;6.0;48,1129500000; -1,6564100000;
;1;35;35238;2;6;7.0;3.0;48,1366200000; -1,6668400000;
;1;76;76351;2;2;1.0;3.0;49,4989200000;0,0946800000;
;1;73;73065;2;3;1.0;3.0;45,5896300000;5,9162700000;
;1;33;33281;2;3;2.0;3.0;44,8380717003; -0,6610545516;
;1;72;72181;2;1;1.0;3.0;47,9767900000;0,1691700000;
;5;33;33063;2;2;2.0;3.0;44,8280400000; -0,5764200000;
;1;69;69286;2;1;1.0;6.0;45,8079873546;4,9182540178;
;1;33;33318;2;1;2.0;6.0;44,8122000000; -0,6465300000;
;1;69;69256;2;3;1.0;3.0;45,7869100000;4,9169600000;
;1;33;33032;2;1;3.0;3.0;44,8986200000; -0,5173000000;
;5;32;32013;2;6;3.0;7.0;43,6480300000;0,5927800000;
;1;69;69282;2;1;1.0;3.0;45,7712100000;5,0218700000;
;5;30;30189;2;4;1.0;7.0;43,8143000000;4,3397000000;
;5;30;30189;2;1;1.0;2.0;43,8423000000;4,3854000000;
;1;67;67365;2;3;1.0;3.0;48,5391100000;7,7102300000;
;1;29;29051;2;1;2.0;1.0;47,9978312869; -4,0525370594;
;1;67;67482;1;3;1.0;3.0;48,5976860000;7,7013550000;
;5;29;29019;2;2;2.0;1.0;48,4133000000; -4,4866600000;
;1;66;66136;2;2;1.0;3.0;42,6782000000;2,9049000000;
;1;29;29019;2;3;1.0;3.0;48,4070426181; -4,4679763913;
;1;27;27229;2;1;2.0;2.0;49,0050007146;1,1392500000;
;1;66;66136;2;1;1.0;4.0;42,6736400000;2,8886700000;
;1;64;64024;2;1;1.0;6.0;43,5189200000; -1,5018600000;
;1;27;27306;2;1;2.0;5.0;49,0077800000;1,1708800000;
;5;27;27229;2;1;1.0;2.0;49,0231700000;1,1691000000;
;1;63;63113;2;2;1.0;3.0;45,7749000000;3,0901400000;
;1;25;25056;2;1;2.0;3.0;47,2239000000;5,9789100000;
;1;59;59090;2;1;1.0;3.0;50,7070762416;3,1026721001;
;5;25;25056;2;9;2.0;3.0;47,2284300000;6,0052840000;
;2;59;59599;2;1;1.0;6.0;50,7315433336;3,1755691767;
;5;25;25056;1;1;2.0;4.0;47,2479130000;5,9834490000;
;1;59;59350;2;3;1.0;3.0;50,6180300000;3,0558100000;
;5;25;25056;2;2;2.0;6.0;47,2634800000;6,0474200000;
;1;59;59378;2;3;1.0;6.0;50,6482552453;3,1181296706;
;3;22;22360;2;1;1.0;2.0;48,4777600000; -2,7723400000;
;1;59;59009;2;2;1.0;3.0;50,6203000000;3,1351300000;
;5;21;21223;2;3;2.0;3.0;47,3431000000;5,0001000000;
;1;59;59122;2;7;1.0;3.0;50,1702923879;3,2316327095;
;1;19;19031;2;3;2.0;3.0;45,1645800000;1,5027400000;
;1;56;56260;2;1;1.0;6.0;47,6331100000; -2,7786320000;
;1;18;18279;2;3;3.0;3.0;47,2229500000;2,0719600000;
;1;56;56121;2;3;1.0;6.0;47,7443900000; -3,3592000000;
;5;17;17306;2;1;3.0;6.0;45,6211200000; -1,0310800000;
;1;54;54547;2;4;1.0;6.0;48,6672790000;6,1891000000;
;1;17;17306;2;1;1.0;2.0;45,6312500000; -1,0045100000;
;1;54;54395;2;2;1.0;3.0;48,6876690000;6,2055600000;
;2;54;54184;2;6;1.0;3.0;48,7083489000;6,2441390000;
;1;13;13206;2;4;1.0;3.0;43,2862394688;5,3861814737;
;1;51;51454;2;1;1.0;5.0;49,2501700000;4,0195300000;
;5;13;13214;2;1;2.0;3.0;43,3344000000;5,3746100000;
;1;49;49007;2;2;1.0;1.0;47,4862900000; -0,5143700000;
;1;49;49007;2;1;1.0;3.0;47,4875100000; -0,5205400000;
;1;13;13215;2;1;2.0;3.0;43,3709700000;5,3640000000;
;2;36;36044;2;2;1.0;3.0;46,8042900000;1,6917900000;
;1;35;35051;2;1;1.0;3.0;48,1352421771; -1,6232293099;
;1;13;13001;2;3;1.0;3.0;43,5141086684;5,4309395753;
;1;35;35051;1;1;1.0;6.0;48,1277320000; -1,5742840000;
;1;33;33529;1;1;1.0;7.0;44,5977500000; -1,1300500000;
;3;13;13001;1;1;8.0;2.0;43,4748032065;5,4341296189;
;1;25;25462;2;6;1.0;3.0;46,9058680000;6,3576460000;
;3;11;11262;1;1;1.0;6.0;43,1806140000;2,9673680000;
;5;25;25056;2;4;1.0;6.0;47,2526420000;5,9893100000;
;1;19;19031;2;1;1.0;3.0;45,1531640000;1,5074170000;
;1;11;11069;2;3;2.0;3.0;43,2259940000;2,3547960000;
;1;18;18033;2;6;1.0;3.0;47,0836100000;2,4357200000;
;5;14;14118;2;1;1.0;1.0;49,1848800000; -0,3630200000;
;5;11;11069;2;2;8.0;3.0;43,2126300000;2,3513500000;
;3;14;14301;1;1;1.0;2.0;49,1660900000; -0,2828400000;
;5;10;10333;2;1;2.0;1.0;48,2894955364;4,0674655164;
;1;08;08409;2;1;1.0;6.0;49,7009300000;4,9458100000;
;1;08;08409;2;9;1.0;2.0;49,7000000000;4,9400000000;
;1;93;93007;2;1;1.0;3.0;48,9441980000;2,4469270000;
;1;10;10387;2;1;1.0;3.0;48,3056000000;4,0713489000;
;1;07;07102;2;1;8.0;7.0;44,9379700000;4,8683300000;
;1;06;06083;2;1;1.0;6.0;43,7763700000;7,4983300000;
;5;05;05061;2;1;1.0;6.0;44,5640100000;6,0939500000;
;1;93;93005;1;6;1.0;4.0;48,9545870000;2,5087900000;
;1;05;05023;2;1;1.0;3.0;44,9006528027;6,6410583258;
;1;93;93005;2;6;1.0;3.0;48,9511870000;2,4857760000;
;5;04;04112;2;9;1.0;4.0;43,8117400000;5,7828400000;
;1;05;05023;1;1;7.0;6.0;44,8724200000;6,6107200000;
;1;02;02157;2;1;1.0;6.0;49,5852900000;3,6513100000;
;1;04;04112;2;1;1.0;6.0;43,8201700000;5,7939400000;
;5;75;75116;2;1;2.0;5.0;48,8697840000;2,2716840000;
;5;93;93005;2;1;1.0;4.0;48,9338300000;2,4907100000;
;1;93;93001;2;3;1.0;1.0;48,9109409195;2,3849789501;
;1;75;75119;2;1;1.0;6.0;48,8999070000;2,3914750000;
;1;75;75120;2;2;2.0;3.0;48,8640610000;2,3991260000;
;5;75;75119;2;1;1.0;6.0;48,8850490000;2,3696930000;
;1;92;92075;2;1;1.0;3.0;48,8239354649;2,2829200923;
;1;75;75116;2;1;1.0;4.0;48,8432210000;2,2543640000;
;1;75;75119;2;2;2.0;6.0;48,8847670000;2,3922520000;
;1;92;92073;2;7;1.0;6.0;48,8701876479;2,2276598811;
;1;92;92072;2;1;8.0;7.0;48,8279555506;2,2253732979;
;1;92;92072;2;1;1.0;7.0;48,8114355756;2,2107397020;
;3;75;75117;2;7;1.0;2.0;48,8743200000;2,2944920000;
;1;75;75117;2;5;1.0;3.0;48,8828910000;2,3090490000;
;1;92;92064;2;2;1.0;3.0;48,8406667329;2,2071907371;
;1;92;92064;2;3;1.0;3.0;48,8541262289;2,2226192728;
;5;75;75116;2;7;1.0;4.0;48,8474270000;2,2737190000;
;1;92;92063;2;3;1.0;2.0;48,8881700000;2,1687000000;
;2;75;75116;2;3;1.0;3.0;48,8567400000;2,2721250000;
;1;92;92063;2;1;1.0;1.0;48,8786684771;2,2004418969;
;5;75;75115;2;4;1.0;3.0;48,8472340000;2,3035260000;
;1;92;92062;2;1;1.0;2.0;48,8845000000;2,2382800000;
;1;92;92062;2;1;2.0;3.0;48,8796477135;2,2437963858;
;5;75;75115;2;3;1.0;3.0;48,8392660000;2,3004120000;
;1;75;75113;2;2;2.0;3.0;48,8202320000;2,3528440000;
;5;92;92050;2;1;9.0;1.0;48,8831000000;2,2039600000;
;1;92;92050;2;1;8.0;6.0;48,8860057021;2,2144569754;
;5;75;75108;2;4;2.0;6.0;48,8675730000;2,3012190000;
;1;92;92049;2;1;1.0;3.0;48,8164135810;2,3183273971;
;1;75;75107;2;2;9.0;3.0;48,8628500000;2,3134440000;
;1;92;92044;2;3;1.0;6.0;48,8903010000;2,2893250000;
;1;75;75107;2;3;2.0;7.0;48,8556980000;2,3076410000;
;1;92;92040;2;7;1.0;3.0;48,8277245007;2,2674906850;
;5;75;75102;2;5;1.0;2.0;48,8689120000;2,3400810000;
;2;92;92025;2;3;2.0;3.0;48,9099800000;2,2334320000;
;1;75;75102;2;2;1.0;3.0;48,8712850000;2,3359240000;
;1;94;94067;2;1;2.0;3.0;48,8412400000;2,4183900000;
;1;92;92025;2;2;2.0;6.0;48,9240219308;2,2525965124;
;5;94;94068;2;2;8.0;3.0;48,7956300000;2,5083000000;
;5;94;94046;2;2;8.0;3.0;48,8100400000;2,4400800000;
;1;92;92004;1;1;1.0;2.0;48,9102500000;2,2888100000;
;1;94;94046;2;3;1.0;3.0;48,8117800000;2,4225300000;
;5;94;94076;2;9;1.0;3.0;48,7801100000;2,3554200000;
;1;92;92004;2;1;1.0;1.0;48,9086607106;2,2655440047;
;1;94;94028;2;1;2.0;2.0;48,7991600000;2,4657800000;
;1;94;94001;2;3;2.0;6.0;48,7245474699;2,4186448939;
;5;94;94079;2;3;2.0;6.0;48,8311700000;2,5352100000;
;1;92;92002;2;3;1.0;6.0;48,7554413914;2,3058095276;
;3;93;93073;1;1;1.0;1.0;48,9772500000;2,5436200000;
;1;93;93066;2;9;2.0;3.0;48,9403908431;2,3507577327;
;1;92;92002;2;3;1.0;3.0;48,7563365470;2,3061816841;
;1;93;93033;2;1;2.0;6.0;48,8659345417;2,5749447942;
;1;92;92014;2;1;1.0;3.0;48,7820300000;2,3145500000;
;2;93;93007;2;1;2.0;6.0;48,9325240000;2,4776520000;
;1;92;92002;2;1;1.0;3.0;48,7396047030;2,3004292175;
;1;92;92048;2;4;2.0;6.0;48,8098609471;2,2320726514;