Num_Acc;lum;departement;commune;agglomeration;intersection;meteo;type_collision;lat;long;date
;1;94;94068;2;1;1.0;4.0;48,7987855434;2,4741978049;
;5;72;72181;2;3;1.0;3.0;47,9745000000;0,2015200000;
;1;972;97213;1;1;1.0;2.0;14,6183400000; -61,0201900000;
;1;94;94058;2;1;1.0;6.0;48,8448349709;2,5026040076;
;1;60;60057;2;6;1.0;6.0;49,4237600000;2,1052100000;
;5;69;69382;2;2;1.0;7.0;45,7592200000;4,8294000000;
;1;69;69282;2;2;1.0;1.0;45,7819554063;5,0054901838;
;1;94;94046;2;1;1.0;6.0;48,8100500000;2,4403000000;
;5;69;69290;1;1;1.0;3.0;45,7192900000;4,9352000000;
;5;69;69381;2;3;1.0;3.0;45,7742526477;4,8306564823;
;1;30;30011;1;4;1.0;2.0;43,9494000000;4,7845000000;
;1;94;94043;2;3;1.0;3.0;48,8065900000;2,3510300000;
;1;971;97120;2;1;1.0;6.0;16,2471700000; -61,5383000000;
;1;67;67482;2;3;1.0;3.0;48,6037300000;7,7875600000;
;1;77;77382;1;1;1.0;3.0;48,9052190000;2,8861910000;
;1;94;94043;2;2;1.0;3.0;48,8127912526;2,3615380525;
;1;2A;2A004;2;9;1.0;6.0;41,9271204000;8,7384787202;
;2;54;54184;2;1;1.0;3.0;48,7111800000;6,2464700000;
;1;71;71340;2;4;1.0;1.0;46,5626520000;4,2250370000;
;1;94;94043;2;1;1.0;6.0;48,8114354283;2,3620219229;
;1;2A;2A004;2;1;1.0;2.0;41,9360500000;8,7534400000;
;1;71;71559;1;1;1.0;6.0;46,2859200000;4,3454360000;
;1;50;50129;2;2;1.0;2.0;49,6390200000; -1,6190500000;
;1;02;02203;1;1;7.0;7.0;49,1641640000;3,4155200000;
;1;94;94028;2;9;1.0;3.0;48,7812657481;2,4648470877;
;5;50;50129;2;1;2.0;1.0;49,6222500000; -1,5845000000;
;1;84;84089;2;3;1.0;1.0;43,6741420000;5,5032870000;
;2;94;94015;2;3;1.0;7.0;48,8292600000;2,5178800000;
;3;95;95280;2;1;1.0;2.0;49,0318657516;2,4590438604;
;1;49;49007;2;2;1.0;3.0;47,4710200000; -0,5645700000;
;1;66;66160;1;9;1.0;1.0;42,4959880000;2,7066980000;
;1;93;93066;2;1;1.0;3.0;48,9258931363;2,3547483088;
;5;35;35288;2;6;2.0;6.0;48,6438600000; -2,0085300000;
;1;91;91691;2;6;1.0;6.0;48,7010200000;2,4864000000;
;1;30;30341;1;1;1.0;6.0;43,6571610000;4,2855910000;
;5;93;93014;2;3;1.0;6.0;48,9042650534;2,5276408130;
;1;35;35238;2;3;2.0;6.0;48,1312600000; -1,6565300000;
;1;33;33339;1;1;1.0;6.0;45,0321520000; -0,4899380000;
;1;33;33281;2;1;1.0;6.0;44,8461800000; -0,6560500000;
;1;93;93055;2;3;1.0;3.0;48,9091870000;2,3981930000;
;5;83;83061;2;9;1.0;7.0;43,4250000000;6,7460000000;
;1;31;31555;2;1;1.0;6.0;43,5744400000;1,4023500000;
;1;46;46038;2;3;1.0;3.0;44,9156510000;1,8387400000;
;1;82;82121;1;4;1.0;3.0;44,0629900000;1,3611900000;
;1;93;93063;2;1;1.0;2.0;48,8732730000;2,4402320000;
;1;30;30189;2;1;1.0;3.0;43,8099000000;4,3284000000;
;3;29;29017;1;1;1.0;6.0;48,4645910000; -4,6974170000;
;5;29;29019;2;1;1.0;6.0;48,4046219727; -4,4993305206;
;1;78;78372;2;3;1.0;3.0;48,8852670000;2,1010300000;
;1;85;85020;2;1;1.0;6.0;46,3674930000; -0,5939820000;
;1;93;93006;2;2;1.0;3.0;48,8742180000;2,4280250000;
;1;27;27681;2;1;7.0;2.0;49,0962700000;1,4885200000;
;5;06;06088;2;1;1.0;5.0;43,6685580000;7,1984590000;
;1;93;93029;2;2;1.0;3.0;48,9181980000;2,4547020000;
;3;77;77180;1;1;1.0;6.0;48,7176300000;2,6468800000;
;1;27;27234;1;1;1.0;2.0;49,0302306193;1,1871000000;
;1;83;83107;1;3;1.0;3.0;43,4420260000;6,6510630000;
;1;92;92046;2;9;1.0;3.0;48,8149538689;2,2862657458;
;5;76;76681;2;1;1.0;6.0;49,4127200000;1,0987490000;
;1;25;25056;2;1;1.0;3.0;47,2237000000;5,9905500000;
;1;92;92063;2;1;1.0;6.0;48,8808709217;2,1831899285;
;1;33;33015;2;2;1.0;3.0;44,9128890000; -0,2514520000;
;5;14;14366;2;7;2.0;3.0;49,1407500000;0,2272300000;
;1;71;71076;2;2;1.0;3.0;46,7749600000;4,8369900000;
;1;92;92051;2;9;1.0;2.0;48,8844472183;2,2622248381;
;1;78;78362;2;1;1.0;6.0;48,9736070000;1,7126750000;
;5;13;13204;2;1;1.0;2.0;43,3031100000;5,3971400000;
;4;69;69290;1;3;1.0;6.0;45,7116608449;4,9360585213;
;5;07;07281;2;1;1.0;1.0;44,9428400000;4,8404800000;
;1;92;92044;2;3;1.0;3.0;48,8981883112;2,2800493240;
;1;65;65433;2;6;8.0;6.0;43,2136710000;0,0955280000;
;5;75;75116;2;4;1.0;7.0;48,8465750000;2,2548750000;
;1;92;92044;2;1;1.0;3.0;48,8895038132;2,2814899385;
;1;64;64545;1;1;1.0;3.0;43,3846407385; -1,6966958808;
;1;11;11328;1;1;1.0;3.0;43,1179171548;2,1411011115;
;1;75;75113;2;1;1.0;2.0;48,8207980000;2,3766640000;
;1;92;92019;2;1;1.0;6.0;48,7642298394;2,2694495022;
;1;64;64260;2;2;1.0;3.0;43,3719000000; -1,7775300000;
;1;974;97415;1;1;1.0;2.0; -20,9914780000;55,2878760000;
;5;75;75112;2;1;1.0;2.0;48,8291100000;2,3999710000;
;1;92;92012;2;1;1.0;2.0;48,8341707654;2,2454488277;
;1;01;01074;1;1;1.0;2.0;45,9829770000;5,1627160000;
;5;64;64102;2;1;1.0;3.0;43,4930000000; -1,4751800000;
;5;75;75120;2;2;2.0;6.0;48,8475360000;2,4063950000;
;1;75;75117;2;2;9.0;6.0;48,8812685604;2,2955390811;
;1;62;62882;2;1;1.0;3.0;50,6823570000;2,1385630000;
;1;51;51590;1;1;1.0;3.0;48,8290320000;4,7906670000;
;1;62;62193;2;1;2.0;6.0;50,9594400000;1,8517000000;
;1;75;75117;2;2;1.0;3.0;48,8857560000;2,3216430000;
;1;26;26231;1;1;1.0;6.0;45,1003635697;5,0283533335;
;1;26;26301;1;1;1.0;1.0;45,1212790000;5,0025450000;
;1;59;59350;2;5;1.0;3.0;50,6303100000;3,0350100000;
;5;75;75116;2;1;2.0;6.0;48,8570910000;2,2267190000;
;1;95;95452;1;1;1.0;1.0;49,1318260000;2,2990930000;
;1;09;09038;1;1;1.0;7.0;43,1827980000;1,2636100000;
;1;59;59328;2;1;1.0;7.0;50,6476400000;3,0433900000;
;1;75;75116;2;2;2.0;6.0;48,8644190000;2,2823780000;
;1;68;68019;1;1;1.0;1.0;48,1039350000;7,5737430000;
;5;57;57463;1;1;1.0;2.0;49,1160000000;6,1900000000;
;5;974;97422;2;1;1.0;3.0; -21,2827560000;55,5112020000;
;1;75;75115;2;2;1.0;6.0;48,8434520000;2,2827490000;
;1;52;52307;1;1;1.0;6.0;47,9462504901;5,1825160169;
;1;51;51573;2;2;1.0;3.0;49,2511000000;3,9849200000;
;5;75;75112;2;2;2.0;3.0;48,8476060000;2,3890750000;
;1;72;72213;2;1;1.0;6.0;47,9169950000;0,2528650000;
;1;88;88115;2;1;1.0;1.0;48,1732940000;6,8818780000;
;2;75;75112;2;3;2.0;6.0;48,8471520000;2,3850980000;
;1;51;51454;2;2;1.0;3.0;49,2398680157;4,0136200190;
;5;75;75103;2;4;2.0;3.0;48,8614620000;2,3646000000;
;1;76;76517;1;2;1.0;3.0;49,5221820000;1,1362270000;
;1;62;62784;1;2;1.0;3.0;50,2040100000;2,5351600000;
;1;47;47001;2;1;1.0;4.0;44,1992538062;0,6361716593;
;5;75;75101;2;2;1.0;3.0;48,8692364117;2,3329150798;
;1;89;89418;2;1;7.0;6.0;47,8651070000;3,9748940000;
;5;94;94081;2;1;2.0;3.0;48,7831000000;2,3908900000;
;2;62;62332;2;3;1.0;6.0;50,2272060000;2,7404670000;
;5;45;45285;2;1;1.0;1.0;47,8993900000;1,8727100000;
;1;89;89201;2;2;1.0;3.0;47,9077590000;3,6425580000;
;1;57;57097;2;1;1.0;6.0;49,1858550000;6,4989020000;
;1;94;94018;2;2;1.0;3.0;48,8248870000;2,4091480000;
;3;22;22245;1;1;1.0;6.0;48,6528360000; -3,3313680000;
;1;74;74282;2;1;1.0;7.0;46,0531170000;6,2085490000;
;5;45;45234;2;2;1.0;3.0;47,8997400000;1,8970000000;
;1;76;76709;1;1;1.0;7.0;49,4648190000;0,8297470000;
;1;44;44069;1;1;1.0;2.0;47,3784140000; -2,3909510000;
;3;37;37195;2;1;1.0;1.0;47,3827692236;0,6329034269;
;1;94;94071;2;9;2.0;6.0;48,7718000000;2,5181000000;
;1;63;63267;2;1;1.0;6.0;45,9051692427;3,6285660962;
;1;44;44146;1;1;1.0;7.0;47,7597530000; -1,4103480000;
;1;37;37208;2;6;1.0;7.0;47,3670592918;0,7203957438;
;5;93;93064;2;1;2.0;3.0;48,8810314435;2,4767893629;
;1;31;31276;2;1;1.0;6.0;43,1952270000;0,6051060000;
;1;63;63424;1;1;1.0;1.0;45,9532980000;3,2501290000;
;1;93;93032;2;1;1.0;6.0;48,8884900000;2,5443300000;
;1;37;37261;2;2;1.0;7.0;47,3911553825;0,6884050369;
;1;42;42021;1;1;1.0;6.0;45,5154220000;4,0875900000;
;1;02;02614;1;3;1.0;3.0;49,9110640000;3,1970470000;
;1;93;93027;2;8;1.0;3.0;48,9261200000;2,3966200000;
;2;47;47195;1;1;1.0;6.0;44,1506350000;0,3223480000;
;2;33;33281;2;1;1.0;6.0;44,8368300000; -0,6471500000;
;1;93;93008;2;9;2.0;3.0;48,9054110175;2,4393190159;
;1;34;34028;1;6;1.0;3.0;43,5981770000;3,1395260000;
;1;03;03103;1;3;1.0;3.0;46,3520780000;3,8091020000;
;1;33;33063;2;4;1.0;6.0;44,8576341903; -0,5788981831;
;1;85;85064;1;9;1.0;2.0;46,8341850000; -1,2282370000;
;5;92;92078;2;2;2.0;6.0;48,9344944667;2,3210908770;
;3;14;14161;1;1;1.0;6.0;49,2634520000;0,1362050000;
;1;92;92022;2;3;1.0;6.0;48,8085500000;2,1957800000;
;1;50;50145;1;2;1.0;3.0;49,0660530000; -1,3908060000;
;1;33;33063;2;3;1.0;3.0;44,8550200000; -0,5755500000;
;5;92;92044;2;9;2.0;3.0;48,8917100000;2,2867800000;
;3;50;50364;1;1;1.0;1.0;49,1343530000; -1,5014680000;
;1;33;33529;1;1;1.0;2.0;44,6181280000; -1,1310190000;
;5;92;92040;2;1;1.0;6.0;48,8180763974;2,2494080365;
;1;10;10035;1;3;7.0;3.0;48,2147690000;4,7383340000;
;1;50;50092;1;4;1.0;3.0;49,0735390000; -1,3608110000;
;1;53;53115;2;1;1.0;2.0;48,4182890000; -0,8542460000;
;5;92;92026;2;3;1.0;4.0;48,9006039267;2,2752551436;
;1;45;45087;1;2;1.0;3.0;47,5680030000;2,7716980000;
;1;92;92002;2;1;2.0;6.0;48,7597334312;2,2893724143;
;1;40;40164;1;1;1.0;1.0;44,1604720000; -0,2855160000;
;5;31;31555;2;1;1.0;3.0;43,5767700000;1,5086000000;
;1;35;35123;1;1;2.0;6.0;47,9968963514; -1,7928166687;
;2;43;43062;1;2;8.0;3.0;45,0665570000;3,7779830000;
;1;24;24520;2;3;1.0;3.0;44,8913370000;1,2064150000;
;3;29;29232;1;1;1.0;6.0;47,9793400000; -4,0899400000;
;3;21;21210;1;1;1.0;6.0;47,2728230000;4,5935730000;
;1;36;36161;1;1;1.0;1.0;46,6194084165;1,4940977097;
;1;29;29232;2;2;1.0;1.0;47,9961900000; -4,1188900000;
;1;04;04108;1;3;1.0;1.0;44,0461180000;6,0380980000;
;3;62;62233;1;2;2.0;3.0;50,3647700000;1,7036390000;
;1;79;79216;2;1;2.0;7.0;46,2589140000; -0,3444550000;
;1;27;27391;1;1;1.0;1.0;48,8029060000;1,3496020000;
;1;27;27493;2;1;1.0;2.0;49,3321360000;1,2491620000;
;1;82;82024;1;1;1.0;6.0;44,2073860000;0,9843070000;
;1;03;03279;1;1;8.0;7.0;46,2499560000;2,5123500000;
;1;17;17221;1;2;1.0;1.0;46,1197300000; -0,6304910000;
;3;37;37167;1;1;1.0;6.0;47,5460060000;0,5206220000;
;1;27;27229;2;1;1.0;2.0;49,0170800000;1,1434300000;
;1;17;17253;1;1;1.0;7.0;46,0165900000; -0,8527710000;
;1;03;03155;1;1;1.0;2.0;46,7170190000;2,9695920000;
;3;33;33001;1;1;1.0;6.0;45,0091820000; -0,1082510000;
;1;01;01010;1;1;1.0;7.0;45,9252680000;5,8099740000;
;1;95;95392;1;1;1.0;3.0;49,0845946216;2,2067338228;
;1;69;69244;2;1;1.0;6.0;45,7526500000;4,7717300000;
;5;70;70393;2;1;8.0;1.0;47,4216710000;5,9278270000;
;1;17;17449;2;9;1.0;3.0;45,9526900000; -0,8820900000;
;3;72;72223;1;1;2.0;6.0;47,8849530000; -0,0777200000;
;1;49;49138;1;2;1.0;5.0;47,4587330000; -0,1025840000;
;1;44;44073;1;1;1.0;2.0;47,4347950000; -1,6723540000;
;5;13;13213;2;1;1.0;3.0;43,3262749954;5,4391037790;
;1;14;14174;2;2;8.0;6.0;48,8515000000; -0,5458670000;
;1;21;21142;1;1;1.0;7.0;47,5323530000;4,6963760000;
;3;26;26057;1;1;1.0;4.0;45,0192990000;5,0332190000;
;1;976;97613;1;1;1.0;2.0; -12,7636360000;45,0808200000;
;5;13;13203;2;1;1.0;1.0;43,3059362368;5,3843798029;
;1;85;85018;2;3;1.0;6.0;46,9156530000; -2,0429580000;
;1;03;03118;1;1;1.0;6.0;46,1148700000;3,1929020000;
;1;988;98819;1;1;1.0;7.0; -20,4159930000;164,4049720000;
;3;85;85130;1;1;1.0;6.0;46,7776910000; -1,6809314000;
;1;13;13202;2;2;1.0;2.0;43,3268700000;5,3582100000;
;1;06;06152;1;1;1.0;7.0;43,6441890000;7,0181390000;
;1;17;17038;1;1;1.0;3.0;45,1844870000; -0,3184590000;
;3;988;98818;1;1;1.0;1.0; -22,0848900000;166,3190700000;
;1;23;23045;1;9;1.0;6.0;46,1940770000;2,4229570000;
;1;18;18212;1;1;1.0;5.0;46,8603080000;2,4282790000;
;1;13;13004;2;2;1.0;3.0;43,6721100000;4,6233500000;
;2;37;37245;1;2;1.0;3.0;47,5084320000;0,5943670000;
;3;974;97402;2;3;1.0;3.0; -20,9972180000;55,6811090000;
;1;44;44072;1;1;1.0;1.0;47,4452180000; -2,3016140000;
;1;10;10333;2;2;1.0;3.0;48,2768290000;4,0634100000;
;1;13;13088;1;1;1.0;6.0;43,3710530000;5,2321100000;
;5;978;97801;2;1;1.0;5.0;18,0987940000; -63,0643880000;
;1;973;97306;1;1;1.0;1.0;5,6604450000; -53,7638710000;
;1;10;10387;2;1;1.0;6.0;48,2917000000;4,0747000000;
;3;987;98724;1;1;1.0;6.0; -16,7520510000; -150,9954660000;
;1;37;37011;1;1;1.0;4.0;47,2135305509;0,1692165434;
;1;971;97102;1;1;1.0;1.0;16,4297560000; -61,4254620000;
;1;10;10333;2;2;1.0;3.0;48,2886900000;4,0628390000;
;1;988;98817;2;1;1.0;6.0; -22,2358960000;166,5971300000;
;1;2B;2B298;1;1;1.0;1.0;42,6934680000;9,3289160000;
;5;972;97224;2;1;1.0;3.0;14,6627310000; -61,0637660000;
;5;971;97125;1;1;1.0;6.0;16,2653540000; -61,2899620000;
;1;10;10081;2;9;1.0;3.0;48,3026800000;4,0281890000;
;1;30;30243;1;1;1.0;3.0;44,0697482328;4,0705277324;
;1;45;45252;1;1;2.0;6.0;48,1821050000;2,2615850000;
;1;66;66115;2;2;1.0;3.0;42,5406150000;2,8794050000;
;1;09;09130;1;1;8.0;7.0;42,9346370000;1,5866290000;
;1;34;34226;1;2;1.0;3.0;43,3513110000;2,9934850000;
;1;34;34256;1;2;1.0;3.0;43,7048170000;4,0250730000;
;2;34;34113;1;1;1.0;1.0;43,5070590000;3,7190190000;
;1;01;01053;2;9;1.0;3.0;46,2032520000;5,2227510000;
;2;83;83115;2;1;1.0;6.0;43,3290862584;6,5835764407;
;1;13;13064;1;9;1.0;3.0;43,8162750000;4,9480430000;
;3;13;13004;1;1;1.0;1.0;43,6362300000;4,5505290000;
;1;75;75114;2;4;1.0;3.0;48,8194170000;2,3282910000;
;1;13;13100;1;1;1.0;2.0;43,7408400000;4,9070690000;
;1;26;26252;1;1;1.0;3.0;44,8934880000;4,8727800000;
;2;52;52205;2;1;1.0;6.0;48,0361210000;5,2188330000;
;1;75;75106;2;4;1.0;6.0;48,8459190000;2,3313940000;
;1;55;55114;1;1;1.0;6.0;48,7397200000;5,4889150000;
;2;75;75119;2;2;1.0;6.0;48,8752450000;2,3953200000;
;2;73;73179;1;6;1.0;3.0;45,5936360000;5,8861830000;
;1;988;98818;2;9;1.0;3.0; -22,3024400000;166,4398800000;
;1;21;21656;1;2;1.0;3.0;47,2224830000;5,1866200000;
;5;75;75118;2;4;1.0;6.0;48,8902110000;2,3330320000;
;1;38;38556;2;2;1.0;3.0;45,3759010000;4,8536210000;
;1;75;75116;2;2;1.0;6.0;48,8739270000;2,2717290000;
;3;67;67339;1;1;8.0;7.0;48,8981150000;7,9298540000;
;1;974;97416;2;1;1.0;6.0; -21,3384210000;55,4735650000;
;5;38;38401;2;3;1.0;3.0;45,5679960000;5,4332810000;
;1;75;75116;2;3;1.0;3.0;48,8599720000;2,2855910000;
;3;69;69113;1;1;1.0;6.0;45,9541220000;4,5254280000;
;5;57;57433;2;1;2.0;6.0;49,2110790000;6,1599080000;
;1;75;75110;2;9;1.0;6.0;48,8841360000;2,3668210000;
;5;974;97407;2;1;1.0;6.0; -20,9436700000;55,2953200000;
;1;94;94058;2;1;1.0;3.0;48,8307200000;2,5140200000;
;1;69;69277;2;1;1.0;2.0;45,7292020000;5,0073770000;
;1;31;31291;1;1;1.0;6.0;43,5906820000;1,2282060000;
;1;94;94041;2;1;1.0;6.0;48,8194700000;2,3802200000;
;5;93;93050;2;3;1.0;3.0;48,8642700000;2,5394390000;
;3;44;44198;1;1;2.0;5.0;47,1358190000; -1,5143540000;
;1;85;85092;1;1;1.0;5.0;46,4498260000; -0,8097430000;
;1;93;93050;2;1;1.0;6.0;48,8639210000;2,5369720000;
;2;85;85003;2;6;1.0;3.0;46,7392980000; -1,6070830000;
;3;76;76332;1;1;1.0;6.0;49,6166740000;1,6871200000;
;1;93;93031;2;1;1.0;6.0;48,9538760000;2,3271380000;
;1;76;76223;1;1;1.0;2.0;49,6266830000;0,8037190000;
;1;60;60439;2;4;1.0;7.0;49,3207345237;2,3227230012;
;5;93;93013;2;3;1.0;2.0;48,9371604786;2,4306938052;
;5;60;60575;2;1;8.0;6.0;49,2893701612;2,2007222275;
;3;80;80105;2;1;1.0;6.0;49,7374440000;2,8931000000;
;1;93;93047;2;1;1.0;6.0;48,8952750000;2,5706360000;
;1;93;93008;2;1;1.0;6.0;48,9080276670;2,4455351836;
;1;59;59449;2;2;8.0;6.0;50,4800530000;3,2473240000;
;1;59;59120;1;1;1.0;5.0;50,7640620000;2,5904310000;
;1;93;93005;2;1;1.0;6.0;48,9563900000;2,4770000000;
;3;13;13211;1;1;1.0;7.0;43,2912000000;5,4808500000;
;5;93;93005;2;6;1.0;1.0;48,9546130092;2,5100700651;
;1;13;13213;1;1;1.0;2.0;43,3299800000;5,4064300000;
;2;92;92064;2;1;1.0;3.0;48,8307900000;2,2227400000;
;1;13;13214;1;1;1.0;4.0;43,3211830294;5,3757194523;
;1;92;92060;2;4;1.0;3.0;48,7823240723;2,2703792900;
;1;60;60050;2;1;1.0;3.0;49,3425596035;2,6094675061;
;1;13;13071;1;1;1.0;7.0;43,4042810000;5,3160860000;
;1;76;76279;1;1;1.0;1.0;49,6162160000;0,5930040000;
;1;38;38157;1;1;1.0;6.0;45,5079343757;4,9341152363;
;1;13;13026;1;1;1.0;4.0;43,3976300000;5,1217800000;
;2;02;02063;1;1;1.0;2.0;49,9255740000;3,2267890000;
;3;95;95058;1;1;1.0;6.0;49,1647150000;2,2874950000;
;1;13;13026;1;1;1.0;2.0;43,3976300000;5,1217800000;
;3;40;40133;1;1;1.0;2.0;43,6094200000; -1,4073340000;
;5;07;07319;2;3;1.0;2.0;44,5520190000;4,6849390000;
;1;83;83137;1;1;1.0;2.0;43,1209300000;5,9435000000;
;5;972;97231;2;1;1.0;3.0;14,5380780000; -61,0340690000;
;1;91;91689;1;1;1.0;3.0;48,7298800000;2,3145900000;
;1;42;42284;1;2;1.0;3.0;46,0929810000;3,9747330000;
;1;57;57358;2;1;1.0;2.0;49,3068890000;6,3356300000;
;1;91;91161;1;1;1.0;2.0;48,7039300000;2,3062600000;
;3;56;56175;1;2;1.0;6.0;47,7181790000; -2,9439600000;
;1;80;80355;1;4;1.0;6.0;49,8821370000;1,8215200000;
;1;94;94043;1;1;1.0;2.0;48,8094200000;2,3488600000;
;1;71;71119;2;1;1.0;6.0;46,9144510000;4,7925820000;
;1;94;94043;1;1;1.0;3.0;48,8158837940;2,3564735681;
;1;71;71543;2;3;1.0;3.0;46,5617300000;4,9093810000;
;1;89;89168;1;1;1.0;6.0;47,8175820000;3,8820250000;
;1;94;94034;1;1;1.0;6.0;48,7560970401;2,3412195553;
;1;63;63275;2;1;1.0;6.0;45,5439190000;3,2030300000;
;1;61;61007;1;3;1.0;2.0;48,7807300000; -0,5278430000;
;3;49;49109;1;1;1.0;6.0;47,1281110000; -0,6324970000;
;1;78;78029;1;1;1.0;2.0;48,9643020000;1,8446970000;
;3;41;41059;2;1;1.0;6.0;47,4100870000;1,2879130000;
;1;39;39047;1;1;1.0;1.0;46,5662960000;6,0800580000;
;1;78;78362;1;1;1.0;4.0;48,9756620000;1,7242070000;
;1;29;29212;2;3;7.0;3.0;48,3789520000; -4,6032450000;
;3;29;29061;1;1;1.0;3.0;48,4311650000; -4,4722941000;
;1;29;29077;1;3;1.0;3.0;48,6118265405; -4,3856030703;
;1;93;93063;1;1;1.0;4.0;48,8749100000;2,4393600000;
;1;29;29284;1;1;1.0;6.0;47,7985550000; -4,2362320000;
;1;02;02422;1;1;1.0;6.0;49,9266380000;3,6296080000;
;1;02;02814;1;1;1.0;1.0;49,9191910000;3,6713920000;
;1;93;93053;1;1;1.0;5.0;48,8980694688;2,4693498171;
;2;03;03157;1;1;1.0;7.0;46,2080090000;3,5008380000;
;3;15;15162;1;1;1.0;7.0;45,2854570000;2,6397820000;
;1;15;15255;1;1;1.0;6.0;44,9013260000;2,5408540000;
;3;93;93006;1;1;1.0;2.0;48,8678700000;2,4279000000;
;1;26;26018;1;1;1.0;7.0;44,2365630000;5,4373790000;
;1;58;58095;2;1;1.0;5.0;46,8267680000;3,4541810000;
;5;93;93013;1;1;1.0;2.0;48,9385744444;2,4155606321;
;1;54;54533;2;3;1.0;3.0;49,3238700000;5,9254000000;
;1;50;50263;1;1;1.0;3.0;48,5444270000; -1,0076580000;
;5;93;93063;1;1;1.0;5.0;48,8790700000;2,4485900000;
;5;45;45188;2;2;1.0;3.0;47,9983580000;2,0876010000;
;1;45;45307;1;2;1.0;3.0;48,0591680000;2,8925640000;
;3;93;93051;1;1;1.0;2.0;48,8354896904;2,5666343411;
;1;64;64009;1;1;1.0;7.0;43,3988366136; -1,5935702456;
;1;73;73270;1;3;1.0;1.0;45,5683340000;6,1794230000;
;3;16;16143;1;1;1.0;6.0;45,5018050000;0,2055640000;
;1;53;53147;1;1;1.0;7.0;48,3165286440; -0,5959202956;
;1;14;14254;2;4;1.0;6.0;49,1419040000; -0,4212280000;
;3;27;27291;1;1;1.0;6.0;48,7269950000;0,7723900000;
;2;17;17260;1;1;1.0;1.0;45,2405310000; -0,2011870000;
;3;974;97416;1;1;9.0;7.0; -21,2945000000;55,5106100000;
;3;87;87074;1;9;1.0;6.0;46,3458390000;1,3768320000;
;1;30;30284;2;1;1.0;5.0;44,1605610000;4,0952610000;
;1;52;52497;1;1;8.0;1.0;48,5165830000;5,0552670000;
;5;69;69383;2;3;1.0;3.0;45,7599683921;4,8457109928;
;5;95;95678;1;1;1.0;3.0;49,0698910000;2,2213300000;
;1;69;69383;2;2;1.0;3.0;45,7497300000;4,8897700000;
;1;06;06152;1;9;1.0;3.0;43,6279060000;6,9985490000;
;1;69;69387;2;1;1.0;3.0;45,7359900000;4,8237900000;
;1;06;06085;1;1;1.0;4.0;43,5935090000;6,9999430000;
;1;69;69386;2;2;1.0;3.0;45,7723300000;4,8411700000;
;1;69;69388;2;1;1.0;6.0;45,7383321375;4,8603665829;
;5;69;69386;2;1;1.0;6.0;45,7673557969;4,8527584970;
;1;988;98811;1;1;3.0;6.0; -21,0438900000;164,7757100000;
;1;69;69389;2;1;1.0;3.0;45,7634239647;4,8004782200;
;3;988;98813;2;1;1.0;6.0; -21,7154900000;165,8401890000;
;1;95;95210;2;1;1.0;6.0;48,9687191637;2,3046720028;
;1;971;97131;2;1;1.0;6.0;15,8727950000; -61,5766630000;
;1;91;91201;2;1;1.0;7.0;48,6826600000;2,4082500000;
;1;28;28178;1;1;1.0;3.0;48,7610690000;1,4875100000;
;1;87;87085;2;2;1.0;3.0;45,8600100000;1,2870000000;
;3;11;11313;1;1;1.0;6.0;43,3358890000;1,8986020000;
;1;79;79191;2;2;1.0;3.0;46,3241800000; -0,4678800000;
;5;84;84092;1;9;1.0;1.0;43,9739740000;4,8581300000;
;5;78;78133;2;3;1.0;3.0;48,9071200000;2,0478600000;
;1;78;78146;2;2;1.0;3.0;48,9032710000;2,1394760000;
;1;77;77186;1;1;1.0;3.0;48,3799010000;2,6533820000;
;1;77;77014;2;1;1.0;2.0;48,4252600000;2,7414100000;
;1;72;72181;2;1;1.0;6.0;48,0030000000;0,1990000000;
;1;72;72181;1;9;1.0;2.0;48,0288576198;0,1780539751;
;1;94;94073;1;1;1.0;3.0;48,7710745527;2,3886673318;
;1;91;91687;2;1;1.0;6.0;48,6694030000;2,3778840000;
;3;75;75117;2;3;1.0;6.0;48,8921240000;2,3175400000;
;1;92;92036;2;1;1.0;6.0;48,9251664450;2,2904874086;
;1;94;94081;2;1;1.0;7.0;48,7824470000;2,4171260000;
;1;976;97611;2;3;1.0;3.0; -12,7818800000;45,2222600000;
;1;974;97416;1;1;1.0;3.0; -21,2996500000;55,4359700000;
;1;974;97411;2;2;1.0;3.0; -20,8901200000;55,4615200000;
;1;974;97411;2;1;1.0;3.0; -20,8947100000;55,4126100000;
;1;973;97302;2;1;1.0;3.0;4,9290598768; -52,3008683324;
;1;69;69383;2;2;1.0;3.0;45,7545000000;4,8664000000;
;1;972;97213;1;9;1.0;3.0;14,6199500000; -60,9941700000;
;1;972;97209;2;1;1.0;6.0;14,6035900000; -61,0716000000;
;1;972;97209;2;1;2.0;6.0;14,6164054444; -61,0376250744;
;1;972;97209;2;1;1.0;3.0;14,6129200000; -61,0521900000;
;1;69;69382;2;1;1.0;6.0;45,7612000000;4,8313000000;
;1;2A;2A004;2;9;1.0;2.0;41,9496000000;8,7692000000;
;3;95;95277;1;1;1.0;2.0;48,9919600000;2,4767900000;
;5;95;95582;2;3;1.0;3.0;48,9736139259;2,2530528903;
;1;91;91421;2;9;1.0;3.0;48,7054700000;2,4387500000;
;1;91;91514;2;1;1.0;2.0;48,6643900000;2,5249200000;
;1;91;91421;2;1;1.0;3.0;48,7193700000;2,4419100000;
;1;86;86194;2;1;1.0;2.0;46,5841530000;0,3453780000;
;1;84;84007;2;1;1.0;2.0;43,9285300000;4,8099800000;
;1;83;83090;2;1;1.0;3.0;43,1334600000;5,8460200000;
;1;80;80021;2;1;1.0;6.0;49,8938200000;2,3026700000;
;1;78;78440;2;1;1.0;6.0;48,9933000000;1,9127100000;
;1;78;78440;2;3;1.0;3.0;48,9929900000;1,9201200000;
;1;77;77258;2;3;2.0;3.0;48,8390000000;2,6258900000;
;1;77;77316;2;1;1.0;7.0;48,3803800000;2,8118200000;
;1;77;77186;2;2;1.0;3.0;48,4079430000;2,6980050000;
;1;76;76429;2;1;1.0;6.0;49,4069435419;1,1431488469;
;1;74;74119;2;1;1.0;2.0;46,3857400000;6,5830800000;
;1;73;73008;2;1;1.0;1.0;45,6769532445;5,9093163014;
;1;69;69266;2;1;1.0;6.0;45,7836738289;4,8836669326;
;1;69;69256;2;1;1.0;6.0;45,7609788771;4,9369543791;
;5;69;69029;2;6;1.0;6.0;45,7267800000;4,8999100000;
;2;68;68376;2;1;1.0;1.0;47,8112720000;7,3370010000;
;5;67;67482;2;3;1.0;3.0;48,5900700000;7,7156100000;
;1;66;66136;2;3;1.0;3.0;42,6936431406;2,8815709054;
;1;66;66136;2;1;1.0;7.0;42,7044400000;2,9022000000;
;1;63;63103;1;1;1.0;2.0;45,9060062872;3,0630612373;
;1;63;63124;2;1;1.0;2.0;45,7321700000;3,2100400000;
;1;60;60159;2;1;1.0;3.0;49,3983500000;2,7887300000;