Num_Acc;lum;departement;commune;agglomeration;intersection;meteo;type_collision;lat;long;date
;1;94;94017;1;1;1.0;6.0;48,8298000000;2,4851300000;
;5;972;97213;2;1;1.0;7.0;14,6217000000; -61,0069500000;
;1;45;45073;1;1;1.0;6.0;48,0334920000;2,9963650000;
;3;972;97209;1;1;2.0;6.0;14,6889300000; -61,0860400000;
;1;75;75112;2;2;1.0;2.0;48,8280710000;2,3902070000;
;1;988;98818;2;2;1.0;2.0; -22,2326500000;166,4473000000;
;1;971;97101;1;1;1.0;1.0;16,2515100000; -61,5175900000;
;1;18;18008;1;1;1.0;3.0;46,9694690000;2,3216560000;
;1;75;75111;2;2;1.0;6.0;48,8535800000;2,3804180000;
;1;988;98818;2;2;1.0;6.0; -22,2697300000;166,4407700000;
;5;971;97105;2;6;2.0;3.0;16,0005643051; -61,7361903191;
;3;07;07115;1;1;1.0;6.0;44,4600210000;4,3331840000;
;3;974;97407;2;1;1.0;6.0; -20,9435000000;55,2925000000;
;1;973;97302;2;1;1.0;3.0;4,9387793688; -52,3304316401;
;1;95;95585;2;3;2.0;3.0;48,9852913339;2,3816460371;
;1;53;53062;1;1;1.0;1.0;47,8347580000; -0,6780460000;
;1;75;75110;2;2;1.0;3.0;48,8778912070;2,3516656458;
;3;85;85051;2;6;1.0;6.0;46,6843330000; -1,0353890000;
;1;973;97302;2;1;1.0;6.0;4,9318000000; -52,3289400000;
;3;91;91345;2;2;1.0;3.0;48,6944700000;2,2951500000;
;1;87;87113;1;1;2.0;6.0;45,8708700000;1,3330700000;
;1;75;75107;2;2;1.0;6.0;48,8640648474;2,3201201856;
;1;17;17008;1;1;1.0;3.0;46,2427740000; -1,0158490000;
;5;87;87085;2;1;2.0;6.0;45,8390500000;1,2819600000;
;1;75;75108;2;7;1.0;6.0;48,8640666118;2,3201228678;
;1;37;37044;1;3;7.0;1.0;46,9403887719;0,8973920345;
;1;69;69386;2;1;1.0;4.0;45,7800923093;4,8458933830;
;1;80;80131;1;6;1.0;3.0;49,8518800000;2,4046400000;
;1;75;75108;2;1;1.0;6.0;48,8768250000;2,3073420000;
;1;972;97213;2;1;1.0;3.0;14,6203400000; -61,0212700000;
;5;80;80021;2;1;1.0;3.0;49,8886100000;2,3048000000;
;1;37;37243;2;3;1.0;3.0;47,3432450000;0,5589830000;
;1;75;75101;2;3;1.0;7.0;48,8660827895;2,3250668496;
;5;972;97209;2;1;1.0;2.0;14,6080770000; -61,0565240000;
;5;78;78551;1;1;1.0;6.0;48,9842920000;2,1158820000;
;1;78;78005;2;1;1.0;6.0;48,9533090000;2,0728940000;
;1;94;94067;2;4;1.0;3.0;48,8459200000;2,4234100000;
;5;69;69385;2;2;1.0;3.0;45,7597000000;4,7959400000;
;1;77;77186;1;1;2.0;7.0;48,4167500000;2,6060580000;
;1;94;94068;2;1;1.0;3.0;48,7929094593;2,4968190192;
;1;69;69286;2;3;1.0;4.0;45,8235500000;4,9067200000;
;3;85;85164;1;1;1.0;1.0;46,8497540000; -2,1216600000;
;5;76;76498;2;2;1.0;6.0;49,4223000000;1,0645100000;
;5;971;97101;1;1;1.0;6.0;16,2249900000; -61,5241800000;
;1;94;94058;2;1;3.0;3.0;48,8433600000;2,5032600000;
;1;76;76341;1;1;1.0;6.0;49,5105400000;0,1978100000;
;1;94;94046;2;1;1.0;6.0;48,8010000000;2,4315000000;
;1;53;53185;1;1;1.0;1.0;48,4650576675; -0,1860936091;
;1;95;95539;2;1;1.0;3.0;48,9913600000;2,3599100000;
;4;76;76447;2;1;1.0;6.0;49,5437000000;0,1826100000;
;5;94;94037;2;2;1.0;1.0;48,8136000000;2,3505200000;
;5;76;76351;2;2;1.0;6.0;49,4908800000;0,1051600000;
;1;91;91103;1;9;1.0;3.0;48,6125400000;2,2782700000;
;5;76;76351;2;1;2.0;6.0;49,4856400000;0,1072600000;
;5;91;91434;2;1;1.0;2.0;48,6596400000;2,3523500000;
;1;94;94003;2;3;1.0;3.0;48,8075800000;2,3342000000;
;3;76;76382;1;1;9.0;6.0;49,5781100000;0,5170000000;
;1;94;94041;2;2;1.0;3.0;48,8105900000;2,3799800000;
;1;13;13086;2;1;1.0;3.0;43,3266800000;5,5959210000;
;2;91;91223;2;2;1.0;3.0;48,4412600000;2,1498500000;
;2;69;69266;2;9;1.0;5.0;45,7866000000;4,8604200000;
;1;69;69290;2;1;1.0;6.0;45,7214200000;4,9256900000;
;5;94;94021;2;1;1.0;6.0;48,7644300000;2,3517900000;
;1;91;91223;2;6;1.0;3.0;48,4417400000;2,1365000000;
;1;66;66136;2;2;1.0;3.0;42,6953201192;2,9022386670;
;1;94;94033;2;2;1.0;6.0;48,8494000000;2,4578000000;
;1;87;87085;2;3;1.0;2.0;45,8191600000;1,2300200000;
;5;66;66136;2;3;1.0;2.0;42,6994100000;2,8887610000;
;5;59;59352;1;1;1.0;6.0;50,7449085704;3,0800904035;
;1;80;80021;2;1;1.0;6.0;49,8903100000;2,3025500000;
;5;94;94028;2;1;1.0;6.0;48,8009300000;2,4671100000;
;5;56;56121;2;1;2.0;1.0;47,7584200000; -3,3574800000;
;1;78;78238;1;3;1.0;6.0;48,9675700000;1,8650200000;
;1;45;45285;2;3;1.0;1.0;47,9162126087;1,8648304939;
;3;39;39198;2;1;3.0;6.0;47,0840000000;5,4920000000;
;1;94;94077;2;6;1.0;4.0;48,7355866077;2,4193482398;
;1;78;78172;2;6;1.0;2.0;49,0056090000;2,0858400000;
;3;39;39198;2;1;3.0;6.0;47,1069930000;5,5023470000;
;5;32;32013;2;1;1.0;7.0;43,6449800000;0,5875800000;
;1;94;94004;2;3;1.0;1.0;48,7531800000;2,5217900000;
;1;76;76351;2;2;1.0;6.0;49,4904700000;0,0995900000;
;5;27;27681;2;1;1.0;2.0;49,0899600000;1,4833800000;
;1;93;93064;2;1;7.0;6.0;48,8711812025;2,4906809804;
;1;72;72181;2;1;1.0;3.0;47,9824600000;0,2280100000;
;5;27;27299;2;1;3.0;6.0;49,0392500000;1,1579600000;
;1;93;93053;2;9;8.0;3.0;48,8930092624;2,4444011449;
;1;21;21231;1;1;1.0;6.0;47,3151050000;5,0299920000;
;5;72;72181;2;2;1.0;1.0;48,0055800000;0,2137400000;
;5;06;06088;2;2;1.0;3.0;43,7054800000;7,2843400000;
;1;06;06088;2;1;1.0;6.0;43,7366300000;7,2973300000;
;1;93;93048;2;2;1.0;1.0;48,8713204724;2,4396944046;
;1;69;69256;2;1;1.0;1.0;45,7766700000;4,9342400000;
;1;22;22278;1;1;1.0;2.0;48,5054300000; -2,7331500000;
;1;22;22360;2;1;1.0;7.0;48,4893100000; -2,7565500000;
;1;93;93006;2;1;1.0;6.0;48,8751141972;2,4299808982;
;3;988;98818;2;3;1.0;6.0; -22,2239400000;166,4809300000;
;1;67;67447;2;3;1.0;3.0;48,5994400000;7,7427700000;
;1;92;92073;2;1;1.0;1.0;48,8682200961;2,2292777896;
;1;69;69034;2;1;1.0;1.0;45,7924300000;4,8377500000;
;1;2B;2B033;2;1;1.0;2.0;42,6717600000;9,4433900000;
;1;67;67482;2;1;1.0;1.0;48,6269297000;7,8048822200;
;1;92;92064;2;6;1.0;3.0;48,8547801623;2,2198024839;
;5;91;91339;1;2;3.0;3.0;48,6261300000;2,2625700000;
;1;91;91689;1;1;1.0;4.0;48,7147900000;2,3292100000;
;1;65;65440;2;3;1.0;3.0;43,2396400000;0,0753400000;
;5;92;92026;2;2;1.0;3.0;48,8936955981;2,2484512925;
;1;64;64102;2;2;1.0;3.0;43,4923400000; -1,4723200000;
;1;92;92012;2;2;1.0;6.0;48,8377440887;2,2403740883;
;1;77;77384;2;2;1.0;3.0;48,5982700000;2,5912100000;
;1;64;64024;2;1;1.0;3.0;43,4963300000; -1,5114600000;
;5;92;92002;2;1;1.0;6.0;48,7541303480;2,3015845120;
;3;34;34102;1;9;2.0;6.0;43,8022980093;3,9216139125;
;3;77;77186;1;1;1.0;6.0;48,4845400000;2,6658100000;
;1;76;76212;1;1;1.0;7.0;49,4561626871;1,1438173056;
;1;51;51195;1;1;1.0;1.0;48,7589236367;4,5886158943;
;1;43;43080;2;1;2.0;3.0;45,3284000000;3,8458080000;
;1;64;64269;1;1;1.0;2.0;43,2856300000; -0,3241200000;
;2;76;76220;1;1;1.0;7.0;49,8783430000;1,2916560000;
;1;59;59599;2;3;1.0;3.0;50,7371929948;3,1675547361;
;3;01;01322;1;1;1.0;6.0;45,9417800000;4,7990140000;
;2;19;19100;2;7;1.0;7.0;45,3589900000;1,6296530000;
;1;64;64269;1;1;1.0;2.0;43,2852600000; -0,3226300000;
;1;62;62415;2;1;1.0;6.0;50,3296230000;2,6400330000;
;1;56;56260;2;1;1.0;3.0;47,6613900000; -2,7565800000;
;1;62;62036;1;1;1.0;2.0;50,4478680000;2,2654050000;
;3;62;62436;1;1;1.0;3.0;50,3534700000;2,3400450000;
;1;51;51573;2;1;1.0;3.0;49,2538600000;3,9785600000;
;1;61;61385;1;1;1.0;6.0;48,8052910000;0,3438910000;
;1;66;66028;2;6;1.0;3.0;42,6857120000;2,9400247000;
;3;56;56185;1;1;1.0;6.0;47,7713670000; -3,4206960000;
;1;50;50129;2;2;1.0;3.0;49,6344000000; -1,6023200000;
;1;65;65452;1;1;1.0;6.0;43,3321000000;0,3458980000;
;1;71;71170;1;1;1.0;7.0;46,9143050000;4,8307010000;
;5;71;71543;2;1;1.0;3.0;46,5759800000;4,9026270000;
;1;49;49007;2;1;1.0;3.0;47,4813500000; -0,5759000000;
;1;63;63338;1;1;1.0;1.0;46,1514310000;2,8310610000;
;1;42;42123;2;1;1.0;6.0;45,5090500000;4,5738100000;
;3;86;86180;1;1;1.0;7.0;46,4827540000;0,4269730000;
;1;34;34237;1;1;8.0;6.0;43,5093280000;3,2855990000;
;5;68;68338;2;1;1.0;3.0;48,0810930000;7,3026140000;
;1;25;25633;1;1;1.0;6.0;47,0574380000;6,2262280000;
;1;37;37122;2;2;1.0;3.0;47,3492621288;0,6775400788;
;1;31;31324;1;1;1.0;1.0;43,1843860000;0,9770750000;
;1;37;37233;2;1;1.0;6.0;47,3897244909;0,7221901417;
;3;70;70473;1;1;1.0;6.0;47,7997510000;6,3757780000;
;5;06;06032;2;1;1.0;3.0;43,7241690000;7,4056330000;
;1;05;05132;2;1;1.0;7.0;44,6753440000;6,0843440000;
;1;37;37233;2;6;1.0;3.0;47,3802701881;0,7267713547;
;3;50;50365;1;1;1.0;7.0;48,9396690000; -1,4878960000;
;1;83;83056;1;1;1.0;3.0;43,5611347830;6,5125753284;
;1;45;45161;1;2;1.0;1.0;48,0672300000;2,8246830000;
;1;35;35241;1;1;1.0;4.0;48,6136509962; -2,0413122699;
;5;16;16393;2;1;1.0;6.0;45,7590200000;0,1396890000;
;1;07;07296;1;3;1.0;1.0;44,5812210000;4,3918920000;
;1;35;35055;1;1;1.0;2.0;48,0837496505; -1,6224139184;
;1;40;40187;2;1;1.0;1.0;43,8520880000; -1,3628630000;
;1;27;27426;1;1;1.0;7.0;49,2753370000;1,7447230000;
;1;35;35115;2;6;1.0;6.0;48,3534857600; -1,2009875849;
;1;08;08263;1;1;1.0;2.0;49,7425920000;4,7845890000;
;1;27;27684;1;1;1.0;7.0;49,0155800000;1,1838300000;
;5;88;88081;2;1;1.0;6.0;47,8798230000;6,8504110000;
;1;27;27299;1;1;2.0;7.0;49,0373900000;1,1736899000;
;1;78;78356;2;6;1.0;6.0;48,7477600000;2,0253250000;
;1;67;67152;1;1;1.0;2.0;48,5288590000;7,6637040000;
;1;25;25388;2;3;7.0;3.0;47,5038800000;6,7948000000;
;1;01;01283;1;9;1.0;6.0;46,2593050000;5,6319200000;
;1;18;18033;2;1;1.0;6.0;47,0886000000;2,3962300000;
;3;57;57599;1;1;1.0;5.0;49,2127940917;6,4738011360;
;1;14;14699;2;1;1.0;3.0;49,3446550522;0,1022604964;
;2;95;95250;2;1;1.0;6.0;49,0970252083;2,4881096184;
;5;973;97311;2;9;1.0;1.0;5,4948070000; -54,0209340000;
;1;13;13201;2;1;1.0;1.0;43,3055859114;5,3839988305;
;4;13;13025;2;3;1.0;3.0;43,4899612516;5,5872588937;
;1;45;45028;2;2;1.0;3.0;47,7793130000;1,6306600000;
;1;13;13215;2;1;1.0;2.0;43,3751600000;5,3553700000;
;1;78;78030;1;3;1.0;3.0;48,6622730000;1,8997660000;
;1;13;13214;2;1;1.0;2.0;43,3199669535;5,3818703115;
;5;68;68197;2;2;1.0;3.0;47,6383970000;7,4094580000;
;1;68;68154;1;4;1.0;2.0;47,7710930000;7,3813960000;
;1;10;10333;2;1;1.0;2.0;48,2848000000;4,0622100000;
;1;67;67248;2;1;1.0;6.0;48,4761660000;7,5681080000;
;5;88;88253;1;1;1.0;6.0;48,1978480000;6,4778350000;
;1;07;07281;2;6;1.0;3.0;44,9394300000;4,8585300000;
;3;73;73248;1;1;1.0;6.0;45,2855914476;6,3514797380;
;1;22;22339;2;9;1.0;6.0;48,4618740000; -2,0581130000;
;5;75;75115;2;1;1.0;6.0;48,8299592632;2,2862961888;
;2;59;59256;1;1;1.0;1.0;50,5675020117;3,1247882545;
;5;75;75106;2;2;1.0;3.0;48,8514690000;2,3370640000;
;1;13;13215;1;1;1.0;2.0;43,3664530000;5,3608180000;
;1;13;13026;1;1;1.0;2.0;43,3815210000;5,1570560000;
;5;75;75115;2;2;1.0;6.0;48,8310200000;2,2923510000;
;3;33;33122;1;1;1.0;2.0;44,7584370000; -0,6827680000;
;1;75;75106;2;1;1.0;6.0;48,8447074144;2,3320820025;
;5;33;33063;1;1;1.0;2.0;44,8803300000; -0,5391270000;
;1;33;33039;1;1;1.0;2.0;44,7962420000; -0,5384920000;
;1;75;75106;2;2;8.0;3.0;48,8524870000;2,3387560000;
;1;91;91589;1;1;7.0;4.0;48,6731000000;2,3431700000;
;1;75;75114;2;1;1.0;3.0;48,8361710000;2,3317640000;
;1;92;92064;1;9;1.0;3.0;48,8394776443;2,2189659962;
;5;75;75113;2;1;1.0;7.0;48,8261540000;2,3592010000;
;1;75;75111;2;1;1.0;3.0;48,8669500000;2,3735880000;
;1;78;78043;1;1;1.0;5.0;48,8391790000;2,0931990000;
;1;75;75110;2;2;1.0;1.0;48,8722650000;2,3559030000;
;1;75;75110;2;3;1.0;3.0;48,8763513307;2,3559903404;
;1;75;75109;2;1;1.0;6.0;48,8734509538;2,3293659129;
;1;75;75108;2;1;1.0;3.0;48,8749860000;2,3079130000;
;1;75;75107;2;3;1.0;3.0;48,8583993464;2,3328217010;
;1;75;75103;2;7;1.0;7.0;48,8673835725;2,3633085360;
;1;94;94081;2;1;1.0;6.0;48,7846600000;2,3762900000;
;1;75;75116;2;1;1.0;6.0;48,8631190744;2,2856430709;
;1;75;75117;2;1;1.0;7.0;48,8813370000;2,2908660000;
;5;75;75113;2;5;1.0;3.0;48,8216090000;2,3691240000;
;1;75;75112;2;7;1.0;6.0;48,8455584474;2,3740902543;
;1;75;75111;2;2;1.0;3.0;48,8574460000;2,3797030000;
;5;75;75109;2;7;1.0;3.0;48,8828340000;2,3445400000;
;4;75;75107;2;3;1.0;6.0;48,8505390000;2,3145250000;
;1;75;75114;2;3;1.0;6.0;48,8213120000;2,3338170000;
;5;75;75104;2;3;1.0;6.0;48,8510650000;2,3664940000;
;1;94;94081;2;1;1.0;3.0;48,7910000000;2,3750000000;
;5;94;94076;2;1;1.0;7.0;48,7963000000;2,3511000000;
;1;94;94065;2;1;1.0;3.0;48,7543100000;2,3613100000;
;3;94;94073;2;1;1.0;7.0;48,7720300000;2,3927200000;
;1;94;94028;2;3;1.0;6.0;48,7916900000;2,4463600000;
;5;94;94028;2;4;8.0;7.0;48,7683700000;2,4651800000;
;1;94;94048;2;1;1.0;3.0;48,7277200000;2,5512500000;
;1;93;93073;2;6;1.0;6.0;48,9709500000;2,5489300000;
;1;93;93078;2;1;1.0;1.0;48,9433834292;2,5688714484;
;1;93;93073;1;9;1.0;3.0;49,0034600000;2,5668800000;
;1;93;93073;1;1;1.0;2.0;48,9901400000;2,5513100000;
;1;93;93055;2;1;1.0;1.0;48,8873857252;2,4138410261;
;1;93;93049;2;3;1.0;6.0;48,8667044070;2,5092736106;
;1;93;93050;2;1;1.0;2.0;48,8648056121;2,5296400182;
;1;93;93051;2;6;1.0;6.0;48,8317900000;2,5667100000;
;1;93;93048;2;3;2.0;6.0;48,8584000000;2,4336800000;
;1;93;93046;2;1;1.0;3.0;48,9079261715;2,5177609493;
;1;93;93079;2;3;1.0;3.0;48,9499900000;2,3424500000;
;1;93;93013;2;3;1.0;6.0;48,9329200000;2,4247700000;
;5;93;93010;2;1;1.0;4.0;48,9059744813;2,4816718494;
;1;92;92075;2;2;1.0;3.0;48,8187400000;2,2917500000;
;1;92;92064;2;3;1.0;3.0;48,8557241957;2,2230325341;
;5;92;92063;2;1;1.0;6.0;48,8852480000;2,1861560000;
;5;92;92020;2;2;1.0;6.0;48,8024300000;2,2863300000;
;5;92;92025;2;1;1.0;3.0;48,9150400000;2,2481990000;
;1;92;92024;2;1;1.0;6.0;48,9002150000;2,3060530000;
;1;92;92023;2;1;1.0;6.0;48,8115800000;2,2713600000;
;2;92;92004;2;9;1.0;6.0;48,9286001826;2,2786911875;
;1;92;92004;2;1;2.0;3.0;48,9112528516;2,2988639474;
;1;35;35176;1;2;1.0;3.0;47,8448680000; -1,7623350000;
;1;08;08362;2;6;7.0;6.0;49,5083730000;4,3663040000;
;1;17;17094;2;1;1.0;3.0;46,0874410000; -1,0959180000;
;1;84;84088;2;3;1.0;1.0;43,9964340000;5,0588070000;
;1;81;81190;1;1;1.0;6.0;43,8610040000;2,2538920000;
;1;972;97227;1;1;1.0;3.0;14,4692460000; -60,9163410000;
;1;55;55400;1;1;1.0;4.0;49,1492080000;5,7204220000;
;3;58;58187;1;1;1.0;2.0;47,4396480000;2,9332750000;
;2;84;84091;1;3;1.0;1.0;44,1672760000;4,7649340000;
;1;62;62752;1;1;1.0;7.0;50,4922360000;1,6473140000;
;2;31;31157;2;6;8.0;2.0;43,5452480000;1,3430950000;
;1;56;56177;2;1;1.0;6.0;47,7779960000; -3,0111760000;
;1;74;74103;1;1;1.0;6.0;45,9062260000;6,6407630000;
;1;2B;2B063;1;1;1.0;6.0;42,3556740000;9,3657700000;
;3;82;82155;1;9;9.0;6.0;44,1462620000;1,6401170000;
;1;82;82090;1;1;1.0;6.0;44,0919760000;1,3836240000;
;1;82;82134;1;1;1.0;2.0;44,0818911477;1,5307672117;
;1;89;89407;1;1;7.0;2.0;47,8530830000;4,0559720000;
;3;49;49241;1;1;1.0;6.0;47,4880730000; -0,4224910000;
;3;41;41051;1;1;1.0;6.0;47,3364960000;1,1504960000;
;1;31;31513;1;1;1.0;1.0;43,1662600000;0,5460090000;
;1;38;38409;1;1;1.0;1.0;45,0617580000;5,2477020000;
;2;02;02062;1;1;1.0;7.0;49,0752720000;3,3058980000;
;1;15;15135;1;1;7.0;1.0;44,9935270000;2,1469070000;
;2;72;72305;1;1;1.0;6.0;48,2941500000;0,0723100000;
;1;72;72183;1;2;1.0;3.0;47,7168696510;0,5683314798;
;1;06;06125;1;1;1.0;7.0;44,1403260000;6,7527130000;
;1;06;06163;2;1;1.0;1.0;44,0792320000;7,5986980000;
;1;64;64134;2;1;1.0;5.0;43,3691970000; -1,2706050000;
;3;73;73107;1;3;1.0;6.0;45,4564370000;5,8900450000;
;1;18;18245;1;1;1.0;3.0;46,6183250000;2,4931990000;
;1;43;43213;2;1;1.0;7.0;45,2568530000;4,2943380000;
;1;40;40209;2;1;1.0;7.0;43,5598540000; -1,4511980000;
;1;24;24211;1;3;1.0;3.0;45,0163710000;0,4387990000;
;1;52;52208;1;4;1.0;7.0;47,9185878638;5,8317768574;
;1;13;13044;1;1;8.0;1.0;43,6207920000;5,0150010000;
;3;01;01024;1;1;1.0;2.0;46,2614250000;5,1696520000;
;3;01;01032;1;1;1.0;6.0;45,8630460000;5,1543920000;
;1;24;24226;2;9;1.0;6.0;44,8533740000;0,0212060000;
;1;59;59377;1;1;3.0;6.0;50,1186520000;3,1567240000;
;5;987;98725;2;1;2.0;1.0; -17,5580000000; -149,4760000000;
;1;987;98729;1;1;1.0;; -17,5404420000; -149,7748090000;
;1;987;98729;2;1;1.0;1.0; -17,5769440000; -150,2019670000;
;1;971;97129;2;1;1.0;3.0;16,3302140000; -61,6976680000;
;1;77;77171;2;3;1.0;1.0;48,9050760000;2,8132890000;
;1;77;77063;2;1;1.0;7.0;48,8165540000;2,9743770000;
;1;77;77177;1;1;1.0;1.0;48,7547600000;2,7825880000;
;1;06;06091;1;1;1.0;1.0;43,7968750000;7,3888930000;
;1;13;13107;2;1;1.0;6.0;43,4345350000;5,4238880000;
;1;38;38311;1;1;1.0;1.0;45,4073310000;5,1152620000;
;2;38;38487;1;1;1.0;1.0;45,5647460000;4,8381790000;
;3;69;69077;1;1;1.0;7.0;46,1546070000;4,7879260000;
;1;65;65320;1;1;1.0;7.0;43,1305620000;0,1148310000;
;1;64;64230;1;1;1.0;1.0;43,2401770000; -0,3878580000;
;1;33;33273;1;6;1.0;6.0;44,8355890000; -0,8027260000;
;1;85;85226;2;1;1.0;6.0;46,7098320000; -1,9672610000;
;1;85;85151;1;6;1.0;7.0;47,0040400000; -0,9684100000;
;2;22;22198;1;3;1.0;3.0;48,7821940000; -3,4904770000;
;1;60;60338;2;1;1.0;6.0;49,3841151700;2,7819904089;
;1;80;80474;1;1;1.0;6.0;49,8367650000;2,8954980000;
;1;13;13214;1;1;1.0;3.0;43,3274800000;5,3783000000;
;1;33;33122;1;1;1.0;2.0;44,7592412114; -0,6812542677;
;2;33;33023;1;1;1.0;4.0;44,6980000000; -0,4997210000;
;1;62;62249;1;1;1.0;4.0;50,4240400000;3,0189000000;
;1;93;93006;1;1;1.0;3.0;48,8669900000;2,4250000000;
;1;93;93007;1;1;1.0;2.0;48,9481000000;2,4446200000;
;1;95;95424;1;1;1.0;4.0;48,9899662247;2,1973139048;
;3;95;95572;1;9;2.0;6.0;49,0329853563;2,1080419421;
;3;93;93048;1;1;2.0;2.0;48,8714060684;2,4323476457;
;1;23;23096;2;9;1.0;3.0;46,1831000000;1,8796000000;
;1;61;61169;2;1;1.0;7.0;48,7439600000; -0,5497500000;
;5;976;97611;2;1;1.0;6.0; -12,7845600000;45,2290900000;
;3;09;09225;2;1;1.0;6.0;43,1301690000;1,6491600000;
;3;988;98818;2;1;3.0;7.0; -22,2636900000;166,4497100000;
;1;976;97611;2;9;1.0;3.0; -12,7594000000;45,2300200000;
;1;974;97416;2;9;1.0;3.0; -21,2990000000;55,4842000000;
;1;973;97302;2;1;1.0;3.0;4,9322612721; -52,3181551695;
;2;973;97302;2;6;1.0;6.0;4,9249200000; -52,3240300000;
;5;69;69388;2;3;1.0;6.0;45,7372158528;4,8857779792;
;1;69;69386;2;3;1.0;3.0;45,7713200000;4,8433200000;
;1;69;69388;2;3;1.0;3.0;45,7380300000;4,8525100000;
;5;972;97213;1;1;2.0;2.0;14,6387100000; -61,0103080000;
;1;972;97209;2;3;1.0;5.0;14,6436000000; -61,0778200000;
;5;69;69384;2;2;1.0;3.0;45,7783800000;4,8361300000;
;1;2B;2B033;2;1;1.0;3.0;42,6940000000;9,4500000000;
;3;971;97107;2;1;1.0;2.0;16,0408091912; -61,5679675341;
;1;83;83069;2;1;1.0;1.0;43,1227100000;6,1469400000;
;1;83;83118;2;1;1.0;3.0;43,4275000000;6,7739900000;
;1;77;77209;2;1;8.0;6.0;48,8590700000;2,6926200000;
;5;74;74281;2;1;2.0;7.0;46,3705200000;6,4880500000;
;1;69;69266;2;1;1.0;6.0;45,7535700000;4,9092700000;
;1;65;65047;2;3;1.0;5.0;43,2497350000;0,0982090000;
;1;62;62193;2;6;7.0;3.0;50,9461000000;1,8382000000;
;1;59;59599;2;1;1.0;6.0;50,7403242343;3,1593820453;
;1;59;59350;2;1;1.0;1.0;50,6230155334;3,0506794900;
;1;59;59350;2;1;1.0;6.0;50,6210753321;3,0660921335;
;5;37;37261;2;9;2.0;3.0;47,4356700000;0,6983800000;
;1;42;42095;2;1;1.0;6.0;45,3843500000;4,2955700000;
;2;37;37261;2;1;2.0;6.0;47,4268400000;0,6917900000;
;5;35;35238;2;1;1.0;6.0;48,0935000000; -1,6677200000;
;3;35;35278;2;1;2.0;6.0;48,1382000000; -1,6969000000;
;1;34;34172;2;9;1.0;1.0;43,6120900000;3,8241700000;
;1;35;35055;1;1;2.0;2.0;48,0934474877; -1,6241499782;
;1;34;34172;2;3;1.0;3.0;43,5950500000;3,8442200000;
;2;35;35238;2;1;2.0;3.0;48,1209861338; -1,6825523973;
;5;33;33039;2;3;1.0;3.0;44,8156889240; -0,5512985587;
;1;30;30028;1;1;1.0;3.0;44,1678000000;4,6054300000;
;5;33;33167;2;3;2.0;3.0;44,8426600000; -0,5099500000;
;1;28;28134;2;1;1.0;2.0;48,7460200000;1,3658800000;
;3;32;32013;1;1;1.0;6.0;43,6582600000;0,6125300000;
;1;27;27701;2;6;1.0;6.0;49,2546500000;1,1921600000;
;2;31;31555;2;8;2.0;3.0;43,6370200000;1,4822700000;
;1;29;29232;2;1;3.0;7.0;47,9947000000; -4,1021000000;
;1;25;25388;2;1;1.0;6.0;47,5144600000;6,7972000000;
;1;29;29019;2;6;1.0;3.0;48,4035850000; -4,4804680000;
;1;25;25056;2;6;1.0;6.0;47,2198940000;5,9650720000;
;1;25;25056;2;2;1.0;6.0;47,2445800000;5,9930700000;
;1;25;25462;2;2;8.0;3.0;46,9109100000;6,3572600000;
;1;22;22187;2;2;1.0;4.0;48,5301125988; -2,7644294500;
;2;18;18033;2;1;1.0;3.0;47,1060200000;2,4086100000;
;1;21;21166;2;3;1.0;3.0;47,2951200000;5,0113400000;
;1;17;17306;2;3;1.0;6.0;45,6375600000; -1,0281100000;
;1;15;15014;2;6;1.0;2.0;44,9160790000;2,4292040000;
;1;19;19031;2;4;1.0;3.0;45,1605100000;1,5152100000;
;5;13;13054;2;1;1.0;7.0;43,4475666669;5,2177557349;
;1;17;17200;1;1;1.0;1.0;46,1918500000; -1,1661300000;
;1;13;13209;2;1;1.0;3.0;43,2493574248;5,4022322295;
;3;17;17028;1;1;2.0;7.0;46,1407300000; -1,0969100000;
;1;13;13204;2;1;1.0;1.0;43,3154000000;5,4003300000;
;5;14;14366;2;6;1.0;6.0;49,1444610000;0,2633750000;
;1;14;14366;2;1;1.0;6.0;49,1455550000;0,2245980000;
;1;13;13063;2;1;1.0;5.0;43,5804938214;5,0032396695;
;1;13;13001;2;1;1.0;3.0;43,5285300000;5,4291900000;
;2;14;14437;2;1;1.0;6.0;49,1770350000; -0,3301920000;
;1;09;09225;2;1;1.0;6.0;43,1153600000;1,6221700000;
;1;14;14118;2;9;1.0;3.0;49,1895170000; -0,3955150000;
;2;06;06029;2;3;1.0;3.0;43,5521300000;7,0262300000;
;1;13;13215;2;1;1.0;1.0;43,3813300000;5,3577500000;
;1;05;05061;2;9;1.0;3.0;44,5599000000;6,0840500000;
;1;13;13212;2;1;1.0;6.0;43,3083200000;5,4360500000;
;1;75;75120;2;1;1.0;3.0;48,8581330000;2,4141100000;
;5;13;13208;2;6;1.0;1.0;43,2503600000;5,3890900000;
;5;75;75116;2;1;1.0;6.0;48,8349950000;2,2640400000;
;1;75;75118;2;1;1.0;6.0;48,8907720000;2,3496330000;
;5;13;13001;2;1;1.0;7.0;43,5269000000;5,4498700000;
;2;75;75116;2;1;1.0;3.0;48,8667000000;2,2861200000;
;3;11;11069;1;1;1.0;2.0;43,2041400000;2,4125900000;
;1;75;75115;2;2;1.0;3.0;48,8501850000;2,2849070000;
;1;10;10387;2;1;2.0;3.0;48,2905000000;4,0921000000;
;5;10;10387;2;6;8.0;7.0;48,2896100000;4,0678100000;
;1;75;75115;2;3;1.0;5.0;48,8537150000;2,2876830000;
;5;10;10387;2;2;1.0;6.0;48,2966900000;4,0857200000;
;1;75;75113;2;2;1.0;2.0;48,8261820000;2,3572720000;
;1;10;10387;2;3;2.0;3.0;48,2789800000;4,0753100000;
;1;75;75112;2;3;1.0;3.0;48,8386050000;2,3812180000;
;5;75;75110;2;1;8.0;3.0;48,8834780000;2,3681030000;
;1;09;09225;1;1;1.0;3.0;43,1171420000;1,6349210000;
;2;94;94074;2;1;5.0;3.0;48,7664650000;2,4412700000;
;1;06;06029;2;1;1.0;3.0;43,5505700000;6,9956200000;
;1;94;94041;2;3;1.0;3.0;48,8024100000;2,3973800000;
;1;06;06123;2;1;1.0;3.0;43,6837470000;7,1844090000;
;2;94;94073;2;1;1.0;6.0;48,7570000000;2,3691000000;
;1;94;94002;2;1;1.0;6.0;48,8088300000;2,4176100000;
;1;05;05061;2;1;1.0;2.0;44,5686291810;6,1000353098;
;5;93;93050;2;1;2.0;6.0;48,8695242822;2,5333317484;
;1;93;93073;1;1;7.0;2.0;49,0056900000;2,5388200000;
;1;75;75119;2;1;2.0;2.0;48,8927250000;2,3955280000;
;1;93;93027;2;1;1.0;3.0;48,9313100000;2,3942700000;
;5;93;93031;2;1;1.0;6.0;48,9486991297;2,3306828375;