Num_Acc;lum;departement;commune;agglomeration;intersection;meteo;type_collision;lat;long;date
;5;75;75111;2;7;1.0;3.0;48,8533480000;2,3703710000;
;1;75;75109;2;4;1.0;6.0;48,8818000000;2,3449560000;
;1;92;92026;2;1;1.0;3.0;48,8982135040;2,2629582881;
;1;66;66136;2;6;1.0;1.0;42,7240100000;2,8982700000;
;1;75;75109;2;1;3.0;6.0;48,8734130000;2,3276830000;
;1;66;66136;2;1;1.0;6.0;42,7018100000;2,8916100000;
;1;75;75108;2;1;8.0;2.0;48,8742540000;2,3158790000;
;5;92;92050;2;2;1.0;2.0;48,9179554840;2,2239612490;
;1;75;75116;2;2;1.0;3.0;48,8628220000;2,2809730000;
;5;64;64024;2;6;1.0;2.0;43,4946700000; -1,5187800000;
;1;75;75101;2;3;2.0;7.0;48,8624690000;2,3504400000;
;1;92;92024;2;3;1.0;6.0;48,8978309147;2,3080301285;
;5;62;62624;2;6;1.0;6.0;50,4133800000;2,9891000000;
;1;75;75102;2;4;1.0;6.0;48,8647260000;2,3454520000;
;1;92;92012;2;3;1.0;6.0;48,8461114472;2,2376489639;
;1;94;94081;2;1;2.0;6.0;48,7789550000;2,3962640000;
;1;49;49092;1;4;1.0;1.0;47,2034760000; -0,5993990000;
;1;31;31250;1;1;7.0;1.0;43,3588230000;1,1202460000;
;1;94;94068;2;2;1.0;3.0;48,7982400000;2,5168600000;
;1;62;62193;2;3;1.0;6.0;50,9394100000;1,8639040000;
;1;94;94058;2;1;2.0;2.0;48,8357350000;2,5127790000;
;3;83;83054;1;1;1.0;4.0;43,1614560000;6,0496580000;
;1;94;94042;2;1;2.0;4.0;48,8143680000;2,4644560000;
;1;01;01399;2;9;1.0;1.0;46,2984340000;6,0718770000;
;1;94;94047;2;1;2.0;7.0;48,7000000000;2,5400000000;
;1;54;54153;1;2;1.0;3.0;49,0162689603;5,8479908091;
;1;94;94075;2;3;2.0;6.0;48,7226284323;2,5352427363;
;1;94;94048;2;2;1.0;2.0;48,7274600000;2,5395000000;
;1;47;47059;1;2;1.0;5.0;44,5829790000;0,1663180000;
;1;93;93059;2;1;1.0;6.0;48,9587700000;2,3588500000;
;1;69;69133;2;3;7.0;6.0;45,6317380000;4,7830550000;
;5;93;93071;2;3;1.0;3.0;48,9283870000;2,5185990000;
;1;51;51153;1;1;1.0;3.0;49,0256490000;4,0217150000;
;1;93;93071;2;8;2.0;3.0;48,9305700000;2,5154500000;
;1;74;74236;2;9;1.0;6.0;45,9059290000;6,7059380000;
;1;44;44003;2;1;1.0;6.0;47,3755560000; -1,1799090000;
;1;93;93051;2;6;3.0;7.0;48,8434000000;2,5479700000;
;3;38;38386;1;1;1.0;6.0;45,4781510000;5,6346610000;
;1;02;02504;2;1;1.0;6.0;49,7434830000;3,2558160000;
;1;93;93031;2;2;2.0;6.0;48,9581100000;2,2939700000;
;2;72;72241;1;1;1.0;7.0;48,0388540000;0,4282200000;
;1;93;93001;2;1;2.0;3.0;48,9111232709;2,3738508556;
;1;92;92064;2;1;1.0;6.0;48,8504297547;2,2133953571;
;3;14;14694;1;1;1.0;1.0;49,2061500000;0,1602350000;
;2;92;92033;2;1;9.0;3.0;48,8550852313;2,1967045739;
;1;21;21247;1;1;1.0;3.0;47,5176610000;4,1693810000;
;1;92;92049;2;1;1.0;7.0;48,8170316465;2,3143488765;
;1;85;85073;1;1;1.0;6.0;46,5164196000; -1,1528643900;
;1;92;92025;2;1;1.0;6.0;48,9279508485;2,2500139475;
;5;17;17236;2;1;1.0;7.0;45,3850990000; -0,5669440000;
;2;30;30188;1;1;1.0;6.0;44,0243910000;4,1680080000;
;1;92;92024;2;2;1.0;3.0;48,8999088698;2,3144518733;
;1;52;52423;2;1;1.0;1.0;48,2560090000;5,3334710000;
;1;92;92060;2;1;2.0;1.0;48,7794170698;2,2543124556;
;1;03;03118;1;1;1.0;3.0;46,0856960000;3,1307820000;
;1;35;35045;1;2;8.0;3.0;47,7954630000; -2,0092640000;
;2;34;34337;2;1;1.0;6.0;43,5285020000;3,8651920000;
;1;01;01007;1;3;7.0;3.0;45,9895230000;5,3439900000;
;1;01;01072;1;1;1.0;3.0;46,1864340000;5,2985160000;
;1;06;06085;2;1;1.0;3.0;43,5837370000;6,9902870000;
;1;16;16012;1;2;1.0;3.0;45,6310850000; -0,2772760000;
;1;95;95487;2;1;1.0;3.0;49,1549130000;2,2683870000;
;2;01;01384;2;1;1.0;1.0;45,9502210000;5,4447720000;
;1;13;13078;1;1;1.0;6.0;43,4229530000;4,8138840000;
;1;973;97311;2;1;1.0;3.0;5,4854190000; -54,0306970000;
;5;972;97226;1;4;1.0;1.0;14,4391270000; -60,8782590000;
;1;33;33333;2;1;1.0;1.0;44,8529590000; -1,1033410000;
;1;76;76616;1;1;1.0;3.0;49,5349020000;0,2320540000;
;1;30;30297;1;1;1.0;6.0;44,1072290000;3,4822310000;
;1;30;30174;1;1;1.0;1.0;44,0607391644;4,3962088376;
;2;83;83023;2;6;1.0;6.0;43,4080910000;6,0490040000;
;1;2B;2B009;1;9;1.0;3.0;42,1266320000;9,5101850000;
;1;89;89249;2;1;1.0;1.0;48,0309960000;3,6295650000;
;1;77;77436;2;1;2.0;3.0;48,8016220000;3,2112760000;
;1;51;51464;1;1;1.0;6.0;49,3379870000;3,7602420000;
;1;61;61375;1;1;1.0;3.0;48,6827330000;0,0305880000;
;1;73;73054;1;1;1.0;6.0;45,6256430000;6,7826240000;
;1;04;04126;1;1;1.0;7.0;44,4090910000;6,3374810000;
;5;33;33122;2;1;1.0;6.0;44,7585580000; -0,7336810000;
;1;19;19135;1;1;1.0;1.0;45,4911790000;2,3323040000;
;1;22;22070;2;1;1.0;6.0;48,5615130000; -3,1488130000;
;1;56;56036;1;1;1.0;5.0;47,7953190000; -3,3407640000;
;1;27;27553;1;3;1.0;3.0;49,1374520000;1,2817200000;
;1;56;56034;1;1;1.0;1.0;47,6352920000; -3,0539630000;
;1;59;59139;2;3;1.0;6.0;50,1204588611;3,4079772234;
;1;77;77239;1;1;1.0;6.0;48,6886100000;3,1285760000;
;5;13;13212;1;1;1.0;2.0;43,2950207662;5,4244454205;
;1;69;69063;2;6;1.0;3.0;45,8149040000;4,8464190000;
;1;69;69278;1;1;1.0;2.0;45,9046417074;4,8645879876;
;3;59;59284;1;1;1.0;6.0;50,4208053629;3,4052279592;
;1;63;63178;2;1;1.0;4.0;45,5514170000;3,2515240000;
;3;59;59560;1;1;1.0;2.0;50,5321935980;3,0470323563;
;1;61;61168;2;1;1.0;7.0;48,5847940000; -0,3669420000;
;3;92;92002;1;1;1.0;3.0;48,7337741367;2,3159380943;
;1;61;61139;1;1;1.0;6.0;48,9211170000;0,1481000000;
;3;91;91617;1;1;1.0;2.0;48,6352620000;2,5312080000;
;4;94;94038;1;1;1.0;2.0;48,7728445669;2,3453178748;
;1;55;55463;2;1;1.0;6.0;48,8916940000;5,5410160000;
;3;91;91661;1;1;1.0;2.0;48,6943200000;2,2317300000;
;3;94;94016;1;1;1.0;2.0;48,7950700000;2,3443500000;
;1;42;42063;1;1;1.0;6.0;45,9063000000;4,3121770000;
;1;78;78322;1;1;8.0;6.0;48,7872120000;2,1479680000;
;1;42;42254;1;4;1.0;1.0;45,8639770000;4,1941380000;
;2;78;78043;1;1;1.0;2.0;48,8250800000;2,0745100000;
;1;68;68098;2;1;1.0;7.0;47,5685020000;7,1455980000;
;1;78;78238;1;1;1.0;6.0;48,9691650000;1,8641300000;
;1;25;25157;1;1;1.0;1.0;46,8222000000;6,3698870000;
;5;78;78423;1;1;1.0;4.0;48,7962810000;2,0300550000;
;1;29;29241;1;1;1.0;1.0;47,9736910000; -3,7904760000;
;4;95;95582;1;1;1.0;2.0;48,9660100000;2,2582600000;
;1;29;29184;2;1;1.0;3.0;48,5987000000; -3,9355950000;
;1;93;93064;1;1;1.0;7.0;48,8833923869;2,4698693137;
;1;29;29062;1;1;1.0;6.0;48,1724966604; -3,9596529005;
;1;95;95060;1;1;1.0;4.0;49,0333569892;2,1982473135;
;1;29;29260;2;6;1.0;2.0;48,4258549592; -4,6162455082;
;1;26;26124;1;1;1.0;2.0;44,8450550000;4,8607980000;
;3;58;58110;1;1;1.0;6.0;47,1584650000;3,7447930000;
;3;92;92036;1;1;1.0;2.0;48,9385801095;2,3013526425;
;1;66;66053;1;1;1.0;5.0;42,5127190000;3,0796430000;
;1;72;72262;2;9;1.0;3.0;47,7506030000;0,6211840000;
;1;14;14592;1;1;1.0;3.0;49,0640676646; -0,5130762643;
;1;18;18179;1;1;2.0;1.0;47,1667960000;2,4472110000;
;2;10;10254;1;1;1.0;6.0;48,5739096710;3,5383272171;
;3;36;36127;1;1;1.0;6.0;46,5999620000;1,9997530000;
;1;16;16073;2;1;1.0;1.0;45,2708620000;0,0361350000;
;1;40;40051;1;4;1.0;3.0;43,8968471579; -0,3885354996;
;1;85;85172;1;4;1.0;1.0;46,8074760000; -2,0163330000;
;2;85;85172;1;2;7.0;1.0;46,8162900000; -1,9996100000;
;1;85;85051;1;1;1.0;1.0;46,6509310000; -1,0871740000;
;1;27;27579;1;2;1.0;2.0;49,2408230000;0,9569160000;
;3;87;87097;1;6;1.0;6.0;46,1077630000;0,9052130000;
;3;30;30182;1;1;1.0;1.0;43,8550510000;4,1817890000;
;1;10;10076;1;1;1.0;1.0;48,1305254524;4,6648091440;
;5;973;97307;2;1;1.0;1.0;4,8770080000; -52,3372360000;
;1;06;06152;1;6;2.0;7.0;43,6166750000;7,0382290000;
;1;06;06149;1;1;1.0;7.0;43,7463090000;7,3799320000;
;1;69;69127;2;6;1.0;2.0;45,7834390000;4,7131880000;
;3;30;30189;1;1;1.0;5.0;43,8135800000;4,3582090000;
;2;27;27249;1;1;1.0;7.0;49,1762050000;1,2438580000;
;1;91;91047;1;1;8.0;3.0;48,5038250000;2,3721030000;
;1;91;91386;2;1;1.0;5.0;48,5648400000;2,4368460000;
;1;83;83035;1;9;1.0;2.0;43,1821390000;5,7772680000;
;1;83;83107;2;3;1.0;3.0;43,3610950000;6,6733570000;
;1;13;13067;1;1;1.0;1.0;43,7810290000;5,0118470000;
;1;13;13074;1;1;1.0;2.0;43,6456193534;5,5943584442;
;2;21;21487;1;3;7.0;1.0;47,2148425737;5,2652807235;
;3;03;03200;1;1;1.0;6.0;46,5710980000;3,2763720000;
;1;73;73072;1;1;2.0;7.0;45,5129403206;6,2058079541;
;2;42;42121;1;1;3.0;6.0;45,6019310000;3,9537690000;
;1;38;38320;1;1;8.0;2.0;45,8528720000;5,4049840000;
;1;26;26235;1;1;1.0;3.0;44,3597850000;4,7077610000;
;1;32;32368;1;1;1.0;1.0;43,7574680000;0,6165750000;
;1;32;32091;1;1;1.0;6.0;43,6872550000;0,5241890000;
;1;33;33297;2;1;1.0;6.0;45,0449040000; -0,7971200000;
;1;21;21223;1;1;1.0;6.0;47,3696059573;4,9622626975;
;1;37;37104;1;1;1.0;6.0;47,3136900000;0,7605460000;
;1;91;91272;1;1;1.0;7.0;48,7104540000;2,1567430000;
;1;51;51437;1;1;1.0;7.0;49,2204040000;3,8218770000;
;1;19;19269;1;7;1.0;6.0;45,5605560000;1,8158070000;
;1;56;56179;1;1;1.0;1.0;47,8087380000; -3,4045710000;
;1;56;56184;2;2;1.0;3.0;47,6691160000; -2,4464960000;
;1;80;80466;1;2;1.0;3.0;50,0961510000;2,1476340000;
;1;82;82005;1;1;1.0;6.0;43,7985710000;1,2223420000;
;1;65;65329;1;1;1.0;7.0;43,0031490000;0,4644170000;
;1;63;63155;1;1;1.0;7.0;45,6975648719;3,4429129958;
;1;61;61145;2;1;7.0;6.0;48,5906690000; -0,6527310000;
;1;01;01022;1;4;1.0;3.0;45,8644440000;5,6863150000;
;1;41;41180;2;3;1.0;3.0;47,3914100000;1,2555900000;
;1;86;86225;1;2;1.0;2.0;46,8255160000;0,1093380000;
;1;39;39138;1;3;1.0;2.0;46,9916790000;5,3362070000;
;1;39;39397;1;4;1.0;1.0;46,4920400000;5,6569080000;
;1;25;25287;2;1;1.0;6.0;47,2103710000;5,9153440000;
;3;35;35099;1;1;1.0;6.0;48,0649297355; -1,5617617965;
;2;29;29165;1;1;1.0;6.0;47,8391650000; -4,2465430000;
;2;31;31049;1;1;1.0;7.0;43,7372010000;1,5192300000;
;2;02;02057;2;4;1.0;7.0;49,9995980000;3,3082850000;
;3;02;02382;1;1;1.0;2.0;49,8658330000;3,2078740000;
;1;26;26248;1;1;1.0;7.0;44,7307790000;5,2670860000;
;1;66;66167;1;1;1.0;1.0;42,4679500120;2,0355606000;
;2;06;06072;1;1;1.0;6.0;44,0178180000;7,1315000000;
;1;60;60393;1;1;1.0;1.0;49,2809360000;2,3736160000;
;1;60;60567;2;1;1.0;3.0;49,4368439850;1,8987700939;
;1;24;24199;1;2;1.0;3.0;45,4158840000;0,3916940000;
;1;37;37132;2;1;1.0;6.0;47,1248810000;0,9872510000;
;1;30;30263;2;3;1.0;6.0;43,9616000000;3,8568000000;
;1;48;48129;1;1;7.0;6.0;44,7212300000;3,7812040000;
;2;52;52535;1;1;1.0;6.0;48,1157260000;5,0595260000;
;1;42;42130;1;1;1.0;2.0;45,6696050000;4,1583250000;
;1;74;74169;1;1;7.0;6.0;46,0561050000;6,5143080000;
;1;22;22044;1;1;1.0;2.0;48,4760300000; -2,5825600000;
;1;68;68278;2;3;1.0;2.0;47,7621260000;7,3970930000;
;1;987;98729;2;3;1.0;7.0; -17,5770000000; -150,2020000000;
;1;66;66023;2;2;1.0;3.0;42,6541300000;2,5866100000;
;3;66;66017;1;1;1.0;2.0;42,8063120000;3,0311120000;
;1;34;34183;1;2;1.0;7.0;43,2735180000;3,0780820000;
;1;83;83068;1;1;1.0;3.0;43,2754670000;6,5447670000;
;1;83;83023;1;1;1.0;5.0;43,4141780000;6,0507680000;
;1;13;13110;1;1;7.0;2.0;43,4654690000;5,7289410000;
;1;89;89035;1;1;1.0;6.0;48,0584630000;3,5955550000;
;1;71;71192;1;9;1.0;3.0;46,8439610000;4,1952860000;
;1;88;88531;1;4;1.0;6.0;48,0499290000;6,9870690000;
;1;42;42147;2;1;1.0;6.0;45,6048850000;4,0658910000;
;1;38;38478;1;1;7.0;7.0;45,0909440000;5,8550260000;
;1;69;69291;1;3;1.0;3.0;45,6353350000;4,8593100000;
;1;40;40244;1;3;1.0;3.0;43,6847880000; -1,1719320000;
;1;33;33273;2;1;1.0;3.0;44,8417183173; -0,7750350237;
;1;61;61228;1;9;1.0;2.0;48,5289830000; -0,0560690000;
;1;60;60141;2;2;7.0;6.0;49,1945540000;2,4760240000;
;1;60;60139;1;1;1.0;4.0;49,1768740000;2,2332380000;
;1;02;02381;2;9;1.0;2.0;49,9242770000;4,0795270000;
;1;80;80110;1;6;1.0;7.0;50,1714290000;1,6493870000;
;1;62;62751;1;1;1.0;6.0;50,8773960000;1,7490850000;
;3;59;59440;1;1;1.0;6.0;50,2907410000;3,3874960000;
;1;33;33122;1;1;1.0;4.0;44,7301090000; -0,7265000000;
;1;92;92002;1;1;1.0;2.0;48,7605590889;2,2843458463;
;1;91;91617;1;1;1.0;2.0;48,6319300000;2,5071800000;
;1;91;91103;1;1;1.0;7.0;48,6251400000;2,3027500000;
;2;92;92064;1;1;1.0;6.0;48,8424553232;2,2221676172;
;1;95;95277;1;1;1.0;2.0;48,9707616410;2,4837791920;
;1;93;93027;1;1;1.0;7.0;48,9284112588;2,4157726764;
;1;93;93053;1;1;1.0;2.0;48,9006900000;2,4700900000;
;1;94;94017;1;1;1.0;6.0;48,8301463257;2,4891312295;
;1;94;94017;1;1;1.0;4.0;48,8276988218;2,5065179704;
;5;987;98735;2;1;1.0;3.0; -17,5306520000; -149,5681500000;
;1;976;97611;2;1;1.0;6.0; -12,7821900000;45,2219000000;
;1;69;69383;2;2;1.0;3.0;45,7549700000;4,8559900000;
;1;69;69388;2;1;1.0;4.0;45,7411000000;4,8623600000;
;5;972;97213;1;1;1.0;7.0;14,6252740000; -61,0247150000;
;5;972;97213;2;1;1.0;6.0;14,6227500000; -61,0190390000;
;1;69;69149;2;4;1.0;6.0;45,7174000000;4,8096000000;
;1;2B;2B037;1;1;1.0;2.0;42,5941130000;9,4389700000;
;1;2A;2A004;2;1;1.0;3.0;41,9485800000;8,7660100000;
;1;91;91589;2;1;1.0;2.0;48,6877180000;2,3564510000;
;1;87;87085;1;1;1.0;6.0;45,8376000000;1,2827000000;
;2;87;87085;2;3;1.0;2.0;45,8259900000;1,2681800000;
;1;83;83137;2;1;1.0;6.0;43,1210298602;5,9557271004;
;1;81;81004;1;3;1.0;1.0;43,9269470000;2,2015330000;
;1;79;79259;2;1;7.0;3.0;46,9599990000; -0,2093400000;
;1;78;78624;1;9;1.0;1.0;48,9544900000;2,0200700000;
;2;76;76212;2;2;1.0;3.0;49,4379900000;1,1473700000;
;1;76;76351;2;1;2.0;6.0;49,4797000000;0,1624600000;
;5;74;74012;2;6;1.0;2.0;46,1806100000;6,2354300000;
;1;74;74010;2;1;1.0;6.0;45,9207400000;6,1329700000;
;5;73;73011;2;2;1.0;1.0;45,6746403198;6,3878026354;
;1;69;69266;2;2;1.0;1.0;45,7694300000;4,8872100000;
;1;67;67482;2;1;1.0;6.0;48,5836800000;7,7146800000;
;1;67;67447;2;1;1.0;6.0;48,6081200000;7,7419900000;
;5;67;67482;2;4;1.0;3.0;48,5895900000;7,7409400000;
;1;64;64483;2;3;1.0;3.0;43,3861373120; -1,6530749202;
;3;64;64335;1;1;1.0;6.0;43,3565700000; -0,4417500000;
;1;64;64102;2;1;1.0;3.0;43,4835200000; -1,5009500000;
;1;63;63113;2;1;1.0;3.0;45,7913850234;3,0783482194;
;1;63;63113;2;1;1.0;2.0;45,7762800000;3,0915000000;
;1;62;62510;2;3;1.0;3.0;50,4224200000;2,7757700000;
;1;60;60057;2;9;1.0;3.0;49,4427885462;2,0915133315;
;1;59;59350;1;1;1.0;6.0;50,6549426211;2,9996068776;
;1;59;59350;2;1;1.0;6.0;50,6341597181;3,0965289473;
;2;59;59527;2;3;1.0;6.0;50,6588300000;3,0434900000;
;1;42;42183;2;1;1.0;1.0;45,4126100000;4,3712600000;
;1;29;29019;2;6;1.0;2.0;48,4139460000; -4,4795530000;
;1;17;17291;1;1;7.0;4.0;46,1727500000; -1,1181700000;
;1;13;13019;2;1;1.0;1.0;43,4606600000;5,3714500000;
;1;13;13214;2;2;1.0;3.0;43,3292723947;5,3880379884;
;1;13;13028;2;2;1.0;2.0;43,1908000000;5,6408600000;
;1;06;06069;2;1;1.0;2.0;43,6543540000;6,9209230000;
;1;05;05023;1;1;1.0;4.0;44,8702100000;6,6049300000;
;1;75;75120;2;1;1.0;7.0;48,8653170000;2,4124090000;
;2;75;75117;2;4;1.0;6.0;48,8883929461;2,2923821211;
;1;75;75119;2;1;1.0;5.0;48,8821140000;2,4016940000;
;5;75;75117;2;3;1.0;6.0;48,8879330000;2,3227090000;
;5;75;75113;2;1;1.0;6.0;48,8294680000;2,3747490000;
;5;75;75112;2;7;1.0;6.0;48,8349410000;2,4082290000;
;5;75;75110;2;2;1.0;3.0;48,8710270000;2,3659080000;
;1;94;94076;2;2;1.0;3.0;48,7884900000;2,3616900000;
;1;93;93066;2;2;1.0;3.0;48,9092200000;2,3624200000;
;1;93;93064;2;5;1.0;6.0;48,8722292801;2,4851587246;
;1;93;93049;2;2;1.0;3.0;48,8643300000;2,5032800000;
;1;93;93031;2;1;1.0;3.0;48,9528841632;2,3074415854;
;1;92;92051;2;9;1.0;3.0;48,8841700000;2,2703200000;
;1;92;92012;2;7;1.0;6.0;48,8335069184;2,2436034679;
;1;92;92002;2;1;1.0;1.0;48,7396000000;2,2951300000;
;1;17;17407;1;2;7.0;2.0;46,1715130000; -1,0038440000;
;1;84;84126;1;1;1.0;3.0;44,2205230000;5,0076410000;
;1;59;59016;2;3;1.0;3.0;50,9966540000;2,3352060000;
;3;44;44195;1;1;1.0;2.0;47,3549800000; -1,8891300000;
;1;24;24029;1;1;1.0;3.0;45,0052970000;0,2635650000;
;1;57;57321;2;1;1.0;6.0;48,6958120000;7,0461900000;
;1;51;51412;1;1;1.0;1.0;48,6950065946;3,8913595676;
;3;53;53127;1;3;2.0;3.0;48,4512790000; -0,4620050000;
;1;74;74223;1;1;1.0;1.0;46,0955830000;6,6079730000;
;1;79;79061;1;2;1.0;3.0;46,2524530000; -0,1979520000;
;2;04;04116;1;1;8.0;6.0;44,0350940000;5,9884450000;
;1;2A;2A330;1;3;7.0;3.0;42,0595770000;8,9661020000;
;5;65;65283;1;3;1.0;6.0;42,8087850000;0,4213660000;
;3;11;11084;1;1;1.0;1.0;43,2119560000;2,2565000000;
;1;35;35263;1;3;1.0;5.0;48,6805020000; -1,9342540000;
;3;17;17292;1;1;3.0;5.0;45,9624530000; -0,7599230000;
;1;29;29240;1;1;1.0;4.0;48,2738320000; -4,2659890000;
;3;48;48017;1;1;2.0;6.0;44,4095970000;3,1625180000;
;5;29;29072;2;3;1.0;2.0;47,7965866027; -4,2842438221;
;1;88;88304;1;1;8.0;7.0;48,3045320000;6,1518500000;
;1;29;29171;1;1;1.0;4.0;47,8175510000; -4,2864670000;
;1;29;29072;2;1;1.0;6.0;47,7931790000; -4,2856980000;
;3;973;97307;1;1;1.0;2.0;4,7951600000; -52,3584800000;
;1;38;38495;1;1;1.0;1.0;45,1160400000;5,2748110000;
;1;78;78455;2;1;2.0;3.0;48,8407010000;2,0670890000;
;1;01;01355;1;1;1.0;6.0;46,2715750000;5,0200490000;
;1;70;70093;1;3;1.0;3.0;47,7927480000;6,3167340000;
;5;60;60471;2;1;1.0;7.0;49,5806284326;3,0233838558;
;3;34;34116;1;1;1.0;2.0;43,6549690000;3,8346020000;
;2;73;73233;1;1;1.0;7.0;45,4831270000;5,7216420000;
;1;43;43241;1;3;1.0;2.0;44,9602850000;3,8451080000;
;2;69;69244;2;3;2.0;3.0;45,7667090000;4,7846210000;
;1;53;53003;1;1;1.0;1.0;48,4139010000; -0,6639490000;
;3;06;06161;1;1;1.0;1.0;43,6266790000;7,1164160000;
;1;53;53062;1;2;1.0;3.0;47,8190620000; -0,7697080000;
;3;83;83116;1;1;1.0;6.0;43,4569060000;5,8719350000;
;1;24;24547;2;9;1.0;3.0;45,1316780000;1,2798350000;
;3;45;45281;1;1;8.0;6.0;48,0900562458;3,0387283957;
;1;85;85193;1;1;1.0;6.0;46,5293400000; -1,2975560000;
;1;23;23254;1;1;1.0;7.0;46,2748987493;2,2453308105;
;3;973;97303;1;1;1.0;7.0;5,4808270000; -53,2681670000;
;1;37;37279;1;1;1.0;1.0;47,5574730000;0,3043450000;
;1;29;29233;2;1;1.0;2.0;47,8692944508; -3,5357615946;
;1;30;30341;2;6;1.0;2.0;43,7070310000;4,2673840000;
;1;30;30346;1;1;1.0;1.0;43,9679090000;4,5056180000;
;1;29;29233;2;1;3.0;4.0;47,8717090000; -3,5607290000;
;1;77;77295;1;1;1.0;6.0;48,5755000000;2,7462820000;
;1;45;45305;1;1;2.0;6.0;47,9662070000;2,2824310000;
;1;13;13118;1;6;1.0;2.0;43,5425520000;5,2593130000;
;3;34;34116;1;1;1.0;7.0;43,6583250000;3,8250660000;
;1;21;21475;1;1;1.0;6.0;47,0344320756;5,1936291046;
;2;06;06099;1;1;5.0;1.0;43,9518140000;6,8768740000;
;3;987;98714;2;1;1.0;6.0; -16,3880000000; -151,7650000000;
;1;971;97106;2;1;1.0;1.0;16,1458210000; -61,7650520000;
;3;77;77176;1;1;1.0;6.0;48,8039060000;3,0016710000;
;1;2A;2A247;2;1;1.0;1.0;41,6034100000;9,2669030000;
;1;66;66140;2;1;1.0;6.0;42,6960770000;2,7702930000;
;2;01;01275;2;1;8.0;5.0;45,8122360000;4,9285670000;
;1;84;84054;2;1;1.0;6.0;43,9278240000;5,0716120000;
;1;06;06078;1;1;1.0;2.0;43,9041080000;7,1873550000;
;5;33;33051;2;1;1.0;1.0;44,6408270000; -0,9523770000;
;1;05;05065;2;6;1.0;3.0;44,6579390000;6,6449370000;
;3;85;85189;1;1;1.0;1.0;46,7458600000; -1,8702940000;
;3;26;26072;1;1;1.0;2.0;45,1198773684;4,8954568880;
;1;67;67286;1;1;1.0;3.0;48,4498450000;7,5700520000;
;3;22;22136;1;2;2.0;3.0;48,1783560000; -2,7786130000;
;2;57;57206;2;3;1.0;6.0;49,2982000000;6,1098790000;
;1;57;57069;1;1;1.0;1.0;49,2705039984;6,6389594572;
;3;13;13070;1;1;1.0;7.0;43,2852690000;5,5150970000;
;1;73;73290;1;3;1.0;3.0;45,2663470000;6,8132720000;
;3;69;69152;1;1;2.0;2.0;45,7059100000;4,8323700000;
;1;73;73232;1;1;1.0;3.0;45,5466310000;6,9074580000;
;2;38;38498;1;1;1.0;6.0;45,5317110000;5,3180270000;
;1;13;13062;1;2;1.0;3.0;43,4169490000;5,5172400000;
;3;69;69297;1;1;2.0;2.0;45,6020700000;4,7971100000;
;1;26;26116;2;1;1.0;1.0;44,4340560000;4,7152050000;
;1;25;25350;2;1;1.0;6.0;47,4688946789;6,6959376633;
;1;14;14258;1;6;1.0;2.0;48,9066680000; -0,2064174414;
;1;25;25048;2;3;1.0;3.0;47,4801170000;6,7176510000;
;1;35;35031;2;1;1.0;3.0;48,1837970000; -1,4362480000;
;1;38;38087;1;1;1.0;3.0;45,5890520000;4,8071030000;
;1;27;27022;2;1;7.0;3.0;49,1702150000;1,3499770000;
;3;42;42218;1;1;8.0;4.0;45,4588300000;4,4065500000;
;1;69;69116;2;3;1.0;6.0;45,8073060000;4,7804500000;
;1;91;91521;1;1;2.0;7.0;48,6350000000;2,4010000000;
;1;33;33192;1;1;1.0;2.0;44,7804900000; -0,6385700000;
;1;81;81099;1;1;1.0;1.0;43,9255320000;1,9218130000;
;1;31;31420;1;1;1.0;7.0;43,4962526047;1,3897005326;
;1;92;92036;1;1;2.0;6.0;48,9380200000;2,2999500000;
;1;92;92012;1;1;1.0;5.0;48,8484056577;2,2377362841;
;1;17;17064;2;6;1.0;3.0;45,6978400000; -1,0512970000;
;1;93;93053;1;1;1.0;2.0;48,8800996140;2,4509841307;
;1;22;22213;1;1;1.0;7.0;48,5152260000; -2,0189740000;
;1;92;92047;1;1;2.0;2.0;48,8323157105;2,1543841825;
;1;94;94017;1;1;1.0;3.0;48,8268960991;2,5128994984;
;1;974;97416;1;9;1.0;3.0; -21,3000000000;55,4350000000;
;3;92;92064;1;1;2.0;4.0;48,8377471332;2,1898883645;
;3;78;78402;1;1;1.0;6.0;48,9649000000;1,8014800000;
;2;974;97416;2;1;1.0;5.0; -21,3483700000;55,5014900000;
;1;974;97411;2;1;1.0;3.0; -20,9014400000;55,4436400000;
;1;95;95572;1;1;2.0;6.0;49,0336115249;2,1043758974;
;1;69;69199;1;1;1.0;6.0;45,6949650220;4,8446871321;
;5;93;93066;1;1;1.0;6.0;48,9045700000;2,3586000000;
;1;69;69386;2;3;2.0;3.0;45,7637500000;4,8686100000;
;4;93;93078;1;1;9.0;6.0;48,9630043555;2,5223972297;
;1;972;97213;2;1;1.0;6.0;14,6330900000; -60,9934400000;
;3;93;93010;1;1;1.0;2.0;48,9145497516;2,4773225411;
;1;69;69389;2;1;1.0;3.0;45,7748400000;4,8093900000;
;1;69;69034;2;1;2.0;6.0;45,7805743791;4,8420529068;
;3;92;92036;1;1;2.0;2.0;48,9436471157;2,2877561673;
;1;91;91174;2;1;1.0;6.0;48,5966400000;2,4791400000;
;1;69;69152;2;1;2.0;3.0;45,6971400000;4,8319000000;
;1;22;22360;2;1;1.0;6.0;48,4898740000; -2,7433310000;
;1;971;97113;1;9;1.0;4.0;16,2210200000; -61,5214400000;
;1;22;22106;2;2;1.0;3.0;48,5003970000; -2,7235990000;
;1;91;91691;2;3;1.0;3.0;48,7324720000;2,5120670000;
;1;22;22360;1;1;1.0;2.0;48,4850500000; -2,7650700000;
;1;91;91421;2;9;1.0;6.0;48,7030300000;2,4625900000;
;1;988;98818;2;2;1.0;3.0; -22,2657400000;166,4412800000;
;1;91;91589;2;2;1.0;3.0;48,6828540000;2,3348600000;
;1;988;98818;2;1;1.0;3.0; -22,3034700000;166,4464800000;
;1;976;97611;2;1;1.0;6.0; -12,7806300000;45,2293600000;
;1;91;91589;2;2;1.0;3.0;48,6997321882;2,3573827744;
;3;78;78490;1;1;1.0;2.0;48,8015700000;1,9492000000;
;1;974;97416;2;1;1.0;3.0; -21,3036600000;55,4634000000;
;5;87;87085;2;2;1.0;3.0;45,8211800000;1,2630000000;
;1;974;97411;2;1;1.0;7.0; -20,8840800000;55,4277100000;
;5;33;33063;2;3;1.0;6.0;44,8728500000; -0,5466800000;
;1;974;97407;2;1;1.0;3.0; -20,9368600000;55,3004600000;
;1;87;87085;2;1;1.0;6.0;45,8840000000;1,2945400000;
;1;974;97407;1;1;1.0;7.0; -20,9514500000;55,2989500000;
;2;77;77445;2;3;1.0;6.0;48,6049300000;2,5693700000;
;1;83;83129;2;1;1.0;3.0;43,0937000000;5,8453800000;
;1;973;97302;2;3;1.0;1.0;4,9307900000; -52,3054900000;
;5;83;83069;1;6;1.0;7.0;43,1724160411;6,1180779934;