Num_Acc;lum;departement;commune;agglomeration;intersection;meteo;type_collision;lat;long;date
;1;50;50502;2;3;1.0;3.0;49,1098664000; -1,0847059000;
;1;973;97302;2;1;1.0;6.0;4,9306000000; -52,3056400000;
;1;973;97302;2;1;1.0;6.0;4,9174400000; -52,3214000000;
;1;80;80021;2;1;1.0;3.0;49,9037200000;2,3071700000;
;3;70;70550;1;1;1.0;6.0;47,6387700000;6,1501370000;
;1;78;78517;1;1;1.0;7.0;48,6518660000;1,8748200000;
;3;972;97213;1;1;1.0;1.0;14,6285300000; -60,9899900000;
;1;62;62510;2;1;1.0;6.0;50,4250450000;2,7760700000;
;1;78;78498;2;1;1.0;6.0;48,9241030000;2,0296110000;
;1;69;69382;2;8;1.0;3.0;45,7429955902;4,8210060596;
;1;71;71486;2;6;1.0;3.0;46,6449765665;4,3212949767;
;1;02;02212;1;1;1.0;3.0;49,6438830000;3,2634570000;
;1;69;69149;2;1;8.0;5.0;45,7209300000;4,7970200000;
;1;77;77268;2;6;1.0;6.0;48,8747800000;2,8032300000;
;3;69;69142;1;1;1.0;6.0;45,7289971200;4,8155254125;
;2;988;98818;1;1;2.0;4.0; -22,2576900000;166,4470000000;
;1;2B;2B033;2;1;1.0;7.0;42,6776300000;9,4437000000;
;2;76;76498;2;1;1.0;3.0;49,4139500000;1,0717200000;
;1;59;59646;2;8;2.0;3.0;50,6637500000;3,1301600000;
;5;2B;2B033;2;1;2.0;6.0;42,6828000000;9,4444400000;
;5;988;98818;2;3;1.0;3.0; -22,3006700000;166,4379400000;
;5;95;95280;2;1;8.0;6.0;49,0319642309;2,4589687586;
;1;76;76540;2;2;1.0;3.0;49,4440000000;1,0850000000;
;5;38;38185;2;3;1.0;3.0;45,1694800000;5,7234700000;
;2;974;97409;2;2;1.0;3.0; -20,9729300000;55,6569000000;
;2;38;38169;2;2;5.0;3.0;45,1924100000;5,6948900000;
;1;974;97407;2;2;1.0;3.0; -20,9303300000;55,2934100000;
;1;74;74298;2;1;1.0;5.0;46,1884500000;6,2670300000;
;2;26;26362;1;1;9.0;2.0;44,9563300000;4,9354880000;
;1;25;25056;1;1;8.0;3.0;47,2619500000;6,0052600000;
;1;973;97302;2;2;2.0;3.0;4,9310200000; -52,3132800000;
;1;71;71306;1;1;1.0;2.0;46,6855600000;4,3551200000;
;2;22;22215;1;1;2.0;2.0;48,5230800000; -2,8186600000;
;1;91;91216;2;1;1.0;6.0;48,6681600000;2,3369500000;
;1;69;69387;2;2;1.0;3.0;45,7278000000;4,8243000000;
;1;71;71076;2;1;1.0;6.0;46,7803700000;4,8529500000;
;5;13;13043;2;1;1.0;2.0;43,3965000000;5,2458000000;
;5;91;91477;2;9;2.0;6.0;48,7189880000;2,2426690000;
;2;69;69387;2;3;1.0;3.0;45,7470101064;4,8389196396;
;1;69;69264;1;1;1.0;3.0;45,9978000000;4,7338200000;
;1;13;13209;2;1;9.0;1.0;43,2349768734;5,4111779171;
;5;87;87085;2;3;1.0;3.0;45,8246400000;1,2279900000;
;5;69;69383;2;9;2.0;3.0;45,7497500000;4,8709900000;
;1;87;87085;2;1;2.0;7.0;45,8385600000;1,2568300000;
;5;13;13047;2;6;1.0;2.0;43,5001400000;4,9668800000;
;1;972;97209;1;1;1.0;2.0;14,6004100000; -61,0484200000;
;2;86;86158;1;1;9.0;2.0;46,6320960000;0,2783470000;
;2;06;06027;2;2;1.0;3.0;43,6590200000;7,1627300000;
;1;78;78311;2;1;8.0;6.0;48,9211100000;2,1861300000;
;1;69;69381;2;3;1.0;3.0;45,7682558416;4,8156846939;
;5;67;67447;2;3;1.0;3.0;48,6106300000;7,7339100000;
;5;75;75113;2;3;1.0;2.0;48,8375940000;2,3544030000;
;1;69;69389;2;2;1.0;3.0;45,7853900000;4,8105800000;
;1;75;75112;2;3;2.0;3.0;48,8415820000;2,4048790000;
;5;66;66136;2;3;2.0;3.0;42,6993106465;2,8897224739;
;5;77;77449;2;2;1.0;3.0;48,8537000000;2,7735000000;
;1;69;69286;1;1;8.0;3.0;45,8265000000;4,9175500000;
;5;75;75120;2;3;1.0;4.0;48,8647812232;2,4101136625;
;1;66;66136;1;1;1.0;4.0;42,6942400000;2,8495500000;
;1;72;72181;2;9;1.0;3.0;48,0056400000;0,2016900000;
;1;69;69389;2;1;1.0;2.0;45,7833321126;4,8006498814;
;1;64;64545;1;1;1.0;2.0;43,3922970000; -1,6958300000;
;1;72;72181;2;1;1.0;2.0;47,9858800000;0,1635600000;
;1;69;69382;2;2;1.0;5.0;45,7573000000;4,8365700000;
;5;75;75110;2;2;8.0;4.0;48,8666600000;2,3333300000;
;1;72;72181;2;9;1.0;3.0;47,9923900000;0,2162400000;
;1;64;64237;2;9;1.0;6.0;43,2849200000; -0,3780600000;
;5;971;97101;1;1;1.0;1.0;16,2583500000; -61,4606800000;
;5;75;75109;2;7;1.0;2.0;48,8731822878;2,3314538598;
;1;71;71306;2;1;2.0;1.0;46,6663500000;4,3584100000;
;1;64;64102;2;1;1.0;3.0;43,5010598368; -1,4458340406;
;5;971;97101;2;6;1.0;3.0;16,2518752696; -61,5210744739;
;5;75;75108;2;2;8.0;2.0;48,8640781792;2,3201320223;
;1;71;71153;2;1;1.0;7.0;46,8029400000;4,4479100000;
;5;971;97101;2;1;2.0;6.0;16,2501517087; -61,5229654312;
;5;75;75104;2;2;1.0;2.0;48,8517580000;2,3670030000;
;1;63;63113;2;3;1.0;6.0;45,7876000000;3,1057100000;
;3;69;69266;2;6;1.0;2.0;45,7706200000;4,8634200000;
;1;59;59009;2;1;1.0;6.0;50,6055000000;3,1497300000;
;1;971;97101;2;1;1.0;4.0;16,2764300000; -61,5013100000;
;1;75;75103;2;7;8.0;7.0;48,8673850000;2,3633150000;
;5;69;69256;2;1;1.0;6.0;45,7742700000;4,9277500000;
;1;95;95323;2;1;1.0;6.0;49,0136200000;2,0274300000;
;5;94;94076;2;1;1.0;6.0;48,7862050000;2,3626870000;
;1;59;59378;2;1;1.0;3.0;50,6553900000;3,1075500000;
;1;69;69275;1;1;1.0;2.0;45,7540300000;4,9729900000;
;1;59;59008;2;1;1.0;6.0;50,3326051627;3,2583260536;
;1;94;94041;2;3;2.0;3.0;48,8026470000;2,3813810000;
;5;69;69264;2;3;3.0;1.0;45,9807868492;4,7157378495;
;1;91;91201;2;2;1.0;3.0;48,6626700000;2,4177200000;
;5;56;56162;2;1;1.0;6.0;47,7383100000; -3,4434900000;
;1;94;94021;2;1;1.0;3.0;48,7718200000;2,3605300000;
;1;91;91201;2;4;1.0;1.0;48,6646700000;2,4195900000;
;1;69;69290;2;6;2.0;3.0;45,7072300000;4,8983500000;
;5;56;56098;2;2;1.0;6.0;47,7570600000; -3,3458400000;
;1;91;91215;2;3;1.0;3.0;48,6972700000;2,5236000000;
;5;93;93048;2;2;1.0;6.0;48,8509600000;2,4242300000;
;5;56;56121;2;4;1.0;6.0;47,7543100000; -3,3712800000;
;1;91;91201;2;1;1.0;3.0;48,6876490000;2,3962840000;
;1;93;93048;2;1;1.0;6.0;48,8632107506;2,4603336212;
;1;69;69290;2;2;8.0;4.0;45,7082500000;4,9181100000;
;1;56;56083;2;1;1.0;6.0;47,8033700000; -3,2671500000;
;5;67;67043;2;1;3.0;6.0;48,6130700000;7,7642000000;
;1;91;91027;2;1;1.0;2.0;48,7175400000;2,3997200000;
;5;93;93031;2;3;1.0;3.0;48,9589977817;2,2902388297;
;5;91;91228;2;2;2.0;6.0;48,6309420000;2,4250640000;
;5;67;67482;2;1;1.0;3.0;48,5814500000;7,7371000000;
;1;56;56121;2;2;1.0;3.0;47,7383340000; -3,3840774000;
;1;93;93030;2;1;1.0;3.0;48,9441500000;2,4176200000;
;2;51;51454;2;1;1.0;3.0;49,2241187384;4,0248799324;
;1;91;91223;2;1;1.0;3.0;48,4346900000;2,1690900000;
;1;92;92049;2;2;1.0;6.0;48,8149747544;2,3092837930;
;3;66;66136;1;1;1.0;2.0;42,7090600000;2,9759900000;
;1;87;87085;1;1;1.0;2.0;45,8950300000;1,2920800000;
;5;66;66136;2;1;1.0;6.0;42,6661281837;2,8867703676;
;5;92;92044;2;2;1.0;2.0;48,8938757332;2,2833916247;
;2;51;51454;2;3;1.0;2.0;49,2266108400;4,0241423249;
;1;87;87085;2;3;1.0;6.0;45,8817500000;1,2991400000;
;5;66;66136;2;1;1.0;6.0;42,6874565909;2,9083245993;
;1;87;87085;2;1;1.0;3.0;45,8451700000;1,2399300000;
;1;11;11254;1;1;1.0;2.0;43,2277570000;2,1315190000;
;1;50;50129;2;1;1.0;6.0;49,6267900000; -1,6345300000;
;1;64;64445;2;3;1.0;1.0;43,2942400000; -0,3588600000;
;1;87;87085;2;1;2.0;6.0;45,8018900000;1,2937400000;
;1;11;11234;1;1;1.0;2.0;43,2802520000;1,9842340000;
;1;64;64445;1;1;2.0;2.0;43,3266100000; -0,3270600000;
;1;87;87085;2;1;1.0;3.0;45,8371800000;1,2288400000;
;1;50;50129;2;1;1.0;7.0;49,6349400000; -1,5914500000;
;2;64;64335;2;6;8.0;4.0;43,3580000000; -0,4143400000;
;1;49;49246;2;1;1.0;3.0;47,4248700000; -0,5251300000;
;3;29;29026;1;9;8.0;6.0;48,2124209193; -4,0489944482;
;1;87;87114;1;3;1.0;2.0;45,8481500000;1,3465000000;
;2;84;84007;2;1;2.0;7.0;43,9313200000;4,8263600000;
;1;45;45234;2;1;1.0;6.0;47,9195200000;1,9020400000;
;5;64;64102;2;6;2.0;2.0;43,5046900000; -1,4467700000;
;3;76;76244;1;1;1.0;4.0;49,7056286365;1,3738274574;
;1;83;83144;1;1;1.0;6.0;43,1375300000;6,0099500000;
;1;64;64102;2;1;2.0;6.0;43,4946900000; -1,4671700000;
;5;42;42071;2;3;1.0;1.0;46,0243000000;4,0870400000;
;3;17;17222;1;1;1.0;7.0;46,2337060000; -1,1248860000;
;5;63;63075;2;1;1.0;6.0;45,7658190105;3,0684015155;
;1;83;83126;2;1;1.0;2.0;43,1067700000;5,8722300000;
;3;42;42271;1;1;2.0;6.0;45,4847030000;4,5617940000;
;1;37;37122;2;2;1.0;7.0;47,3533571890;0,6977874041;
;1;83;83069;1;2;2.0;3.0;43,1134400000;6,1296700000;
;1;63;63113;2;8;1.0;3.0;45,7942700000;3,1172600000;
;3;19;19132;1;1;1.0;6.0;45,1128380000;1,7817910000;
;1;37;37214;2;6;1.0;3.0;47,4189991871;0,6737011671;
;1;83;83050;2;1;1.0;1.0;43,5351490000;6,4913350000;
;5;59;59033;2;3;1.0;6.0;50,1983764782;3,8312458992;
;1;2B;2B050;1;1;1.0;1.0;42,5382830000;8,8026240000;
;1;37;37261;2;3;1.0;1.0;47,4233574123;0,7084216923;
;1;80;80021;2;1;1.0;4.0;49,8887800000;2,2875500000;
;3;82;82087;1;1;1.0;6.0;44,1598410000;1,2492600000;
;1;59;59360;2;4;1.0;2.0;50,6075200000;3,0213800000;
;1;36;36044;2;1;1.0;6.0;46,7952719185;1,6943956912;
;2;59;59350;2;1;3.0;6.0;50,6275731745;3,0885341763;
;5;80;80021;2;1;1.0;4.0;49,8893100000;2,2776100000;
;1;80;80021;2;1;7.0;6.0;49,8850700000;2,3185500000;
;1;59;59360;2;2;1.0;3.0;50,6158950189;3,0102270842;
;1;36;36044;2;6;1.0;3.0;46,8026700000;1,7040500000;
;1;80;80001;2;1;1.0;7.0;50,0962498864;1,8372595310;
;1;56;56121;2;6;1.0;6.0;47,7453800000; -3,3677760000;
;5;71;71263;2;7;2.0;6.0;46,6303610000;5,2211560000;
;1;35;35051;2;1;1.0;3.0;48,1237400000; -1,5978500000;
;3;71;71103;1;1;1.0;6.0;46,7585620000;4,3325690000;
;1;78;78029;2;6;1.0;3.0;48,9679480000;1,8502310000;
;5;54;54578;2;2;1.0;1.0;48,6682894266;6,1475533247;
;4;22;22147;2;4;1.0;3.0;48,1906350000; -2,4005290000;
;1;78;78498;2;7;1.0;6.0;48,9336000000;2,0399000000;
;1;54;54482;2;1;1.0;3.0;48,7010300000;6,2094200000;
;5;34;34172;2;1;1.0;5.0;43,5924339990;3,8904745790;
;1;38;38229;2;9;8.0;6.0;45,2029960000;5,7635150000;
;1;77;77083;2;2;1.0;3.0;48,8573400000;2,5859700000;
;1;01;01352;1;1;1.0;7.0;46,4085630000;4,9847250000;
;1;34;34032;2;3;1.0;3.0;43,3445700000;3,2320200000;
;1;26;26205;1;1;1.0;6.0;44,6763890000;5,3944270000;
;1;77;77495;2;1;2.0;1.0;48,5711920000;2,6342910000;
;5;06;06059;1;1;1.0;6.0;43,7314330000;7,3803180000;
;5;53;53130;2;1;1.0;2.0;48,0695800000; -0,7705800000;
;1;29;29232;1;6;1.0;3.0;47,9788600000; -4,0947000000;
;3;60;60641;1;1;8.0;1.0;49,4712796317;2,9728892768;
;1;53;53223;1;1;1.0;6.0;48,2426600000; -0,1720210000;
;5;51;51454;2;2;9.0;7.0;49,2514700000;4,0416900000;
;1;29;29232;2;1;1.0;3.0;48,0100000000; -4,1049500000;
;3;08;08363;2;1;3.0;6.0;49,9316730000;4,6409890000;
;1;51;51172;2;1;1.0;3.0;49,2188900000;4,0345800000;
;1;29;29019;2;1;1.0;2.0;48,3974840000; -4,5307430000;
;3;88;88372;2;1;3.0;6.0;48,4063360000;6,8449170000;
;1;51;51454;2;7;2.0;7.0;49,2552500000;4,0270700000;
;5;77;77307;2;1;1.0;3.0;48,8590500000;2,7583500000;
;1;49;49099;2;1;1.0;6.0;47,0688400000; -0,8799600000;
;1;27;27681;2;6;1.0;3.0;49,0966600000;1,4751400000;
;1;71;71177;1;1;2.0;2.0;46,4859170000;5,3086070000;
;5;49;49099;2;3;3.0;6.0;47,0621900000; -0,8806400000;
;1;77;77186;1;1;1.0;2.0;48,4292100000;2,6625400000;
;1;06;06152;2;5;1.0;6.0;43,6257000000;7,0057150000;
;1;25;25056;2;1;1.0;4.0;47,2585510000;6,0100790000;
;1;49;49015;2;1;1.0;3.0;47,5068700000; -0,5898100000;
;2;72;72237;1;1;1.0;2.0;47,9076550000; -0,0898650000;
;5;76;76351;2;2;2.0;3.0;49,4983800000;0,1312000000;
;5;49;49007;2;1;1.0;3.0;47,4588100000; -0,5329600000;
;1;22;22113;1;4;1.0;3.0;48,7445170179; -3,5006590784;
;5;76;76351;2;6;1.0;6.0;49,4915700000;0,1328700000;
;1;06;06088;1;1;1.0;3.0;43,7212460000;7,2175080000;
;2;49;49267;1;3;1.0;3.0;47,4706800000; -0,4528200000;
;5;987;98714;2;1;1.0;1.0; -16,5037830000; -151,7483610000;
;1;49;49353;2;1;1.0;3.0;47,4478300000; -0,5083500000;
;1;13;13210;2;3;1.0;1.0;43,2856589311;5,4420115229;
;2;49;49007;2;1;2.0;6.0;47,4544000000; -0,5673300000;
;1;973;97306;1;1;2.0;6.0;5,4102620000; -53,7102700000;
;1;74;74012;2;9;8.0;6.0;46,1941930000;6,2453820000;
;2;45;45274;2;6;1.0;3.0;47,8679600000;1,9576200000;
;3;971;97116;2;1;1.0;1.0;16,3244640000; -61,4460720000;
;1;13;13208;2;3;1.0;3.0;43,2614400000;5,3936000000;
;5;73;73008;2;6;2.0;6.0;45,6965400000;5,9073800000;
;5;44;44109;2;1;1.0;3.0;47,2096700000; -1,5294500000;
;4;971;97101;1;1;1.0;2.0;16,2912660000; -61,5031810000;
;1;43;43041;2;1;1.0;6.0;45,0473520000;3,9270090000;
;1;13;13005;2;3;1.0;3.0;43,2853339993;5,5905479193;
;1;71;71306;2;2;3.0;3.0;46,6620000000;4,3610500000;
;3;971;97126;1;1;1.0;1.0;15,9651460000; -61,2868240000;
;5;71;71270;2;1;1.0;3.0;46,3090700000;4,8287700000;
;3;42;42189;1;1;2.0;1.0;45,4212500000;4,3235700000;
;1;78;78276;2;1;1.0;6.0;49,0794040000;1,6004390000;
;1;71;71270;2;3;1.0;3.0;46,3042585316;4,8345610499;
;1;39;39300;2;3;7.0;3.0;46,6807880000;5,5577610000;
;2;07;07102;2;6;2.0;7.0;44,9327500000;4,8799000000;
;1;34;34145;1;3;1.0;1.0;43,6917760000;4,1624580000;
;5;37;37261;2;1;1.0;6.0;47,4062400000;0,7030300000;
;5;69;69266;2;1;1.0;2.0;45,7699900000;4,9030700000;
;3;34;34145;1;1;1.0;6.0;43,6694700000;4,1539480000;
;1;37;37261;2;1;2.0;7.0;47,3950400000;0,7043200000;
;1;06;06030;2;2;1.0;3.0;43,5689500000;7,0174900000;
;5;69;69266;2;6;1.0;6.0;45,7741600000;4,8677800000;
;3;38;38215;1;2;1.0;3.0;45,5862780000;4,9558000000;
;1;06;06027;2;1;1.0;1.0;43,6593990000;7,1676250000;
;1;35;35238;1;1;8.0;4.0;48,1147010000; -1,7189880000;
;1;69;69029;2;1;1.0;3.0;45,7497630637;4,9126912558;
;4;33;33003;2;1;1.0;6.0;44,9543140000; -0,5191630000;
;1;04;04112;2;1;1.0;6.0;43,8426100000;5,7720000000;
;5;34;34172;2;2;1.0;3.0;43,6239300000;3,8620800000;
;1;69;69264;2;1;1.0;3.0;45,9961400000;4,7190700000;
;1;50;50034;1;1;1.0;1.0;49,0863710000; -1,0914550000;
;1;75;75116;2;4;1.0;3.0;48,8608880000;2,2639670000;
;5;33;33063;2;3;1.0;3.0;44,8203300000; -0,5963600000;
;1;69;69264;2;3;1.0;3.0;45,9943200000;4,7371500000;
;5;33;33063;2;1;3.0;2.0;44,8333200000; -0,5742200000;
;5;33;33063;2;1;2.0;6.0;44,8397285934; -0,5798262656;
;2;27;27618;1;2;1.0;3.0;48,9700230000;0,8158180000;
;1;75;75117;2;1;1.0;4.0;48,9004814525;2,3248908323;
;1;67;67482;2;3;1.0;3.0;48,5893600000;7,7355800000;
;1;33;33249;2;3;8.0;3.0;44,8798600000; -0,5136500000;
;1;75;75117;2;1;1.0;2.0;48,8987260000;2,3158770000;
;1;66;66136;2;1;3.0;2.0;42,6932173176;2,8910712898;
;1;33;33249;2;1;8.0;6.0;44,8672784513; -0,5217137933;
;1;80;80326;1;1;1.0;1.0;49,6563430000;2,5056550000;
;5;66;66136;2;1;3.0;6.0;42,7021300000;2,9128900000;
;5;33;33318;2;3;2.0;5.0;44,8001600000; -0,6066500000;
;5;75;75101;2;3;1.0;6.0;48,8584736489;2,3425171809;
;1;33;33281;2;2;2.0;3.0;44,8492414274; -0,6790012121;
;1;64;64024;2;1;1.0;3.0;43,4647800000; -1,5273500000;
;3;59;59256;1;1;2.0;5.0;50,5650120000;3,1355810000;
;1;75;75120;2;2;1.0;3.0;48,8488507416;2,3993348651;
;5;31;31555;2;1;3.0;3.0;43,6473900000;1,4202200000;
;1;91;91064;1;1;1.0;2.0;48,7434100000;2,1886500000;
;3;62;62525;2;1;1.0;1.0;50,7384770000;2,2545710000;
;3;91;91136;1;1;1.0;6.0;48,7108500000;2,2889100000;
;2;29;29232;1;1;1.0;4.0;47,9765457300; -4,0928524732;
;1;75;75119;2;2;1.0;3.0;48,8921560000;2,3750960000;
;1;62;62400;2;9;1.0;3.0;50,4724800000;2,5780300000;
;5;92;92076;1;1;1.0;6.0;48,8299065434;2,1484345039;
;1;29;29151;2;3;2.0;6.0;48,5775400294; -3,8271956741;
;1;61;61001;2;1;1.0;3.0;48,4361310000;0,1018700000;
;1;29;29019;2;1;1.0;3.0;48,4068000000; -4,4954200000;
;1;75;75118;2;3;1.0;3.0;48,8903980000;2,3558270000;
;3;78;78291;1;1;2.0;4.0;48,9658200000;1,7508940000;
;1;29;29019;2;2;1.0;6.0;48,4020428890; -4,4988396973;
;4;59;59636;1;1;1.0;6.0;50,7222008843;3,0610511899;
;1;92;92064;1;1;2.0;6.0;48,8390819965;2,2170549251;
;1;75;75118;2;2;1.0;3.0;48,8975490650;2,3290045205;
;3;92;92072;1;1;2.0;6.0;48,8229561471;2,2222854233;
;5;27;27229;2;1;2.0;4.0;49,0184300000;1,1579000000;
;5;59;59350;2;2;1.0;3.0;50,6450400000;3,0858000000;
;1;75;75117;2;2;1.0;7.0;48,8808550000;2,3125500000;
;3;92;92036;1;1;2.0;2.0;48,9348439651;2,2672648297;
;1;95;95212;1;1;1.0;6.0;49,0265124028;2,5370210409;
;1;75;75117;2;5;1.0;6.0;48,8873522343;2,3141337624;
;1;59;59350;2;1;1.0;5.0;50,6284742708;3,0783215761;
;1;93;93007;1;1;1.0;3.0;48,9370900000;2,4802900000;
;1;57;57672;2;1;1.0;6.0;49,3619500000;6,1583000000;
;1;75;75117;2;7;1.0;6.0;48,8744331196;2,2929781914;
;1;19;19272;1;9;3.0;6.0;45,2626959881;1,7441584468;
;3;93;93053;1;1;2.0;2.0;48,8833590967;2,4579547253;
;1;56;56260;2;1;8.0;1.0;47,6415862000; -2,7733684000;
;3;95;95582;1;1;1.0;6.0;48,9785500000;2,2408200000;
;1;75;75116;2;2;1.0;2.0;48,8671720000;2,2953530000;
;3;93;93027;1;1;2.0;6.0;48,9351300000;2,4031300000;
;1;19;19031;2;3;1.0;3.0;45,1389400000;1,4838100000;
;5;54;54547;2;1;1.0;6.0;48,6671700000;6,1684400000;
;1;75;75107;2;3;1.0;3.0;48,8460920000;2,3142530000;
;1;17;17306;2;1;2.0;2.0;45,6480270000; -1,0310750000;
;3;77;77258;1;1;1.0;6.0;48,8317016358;2,6457240122;
;1;54;54395;2;1;1.0;3.0;48,7038100000;6,1885600000;
;2;75;75112;2;1;1.0;6.0;48,8328160000;2,4003160000;
;1;50;50147;2;1;1.0;6.0;49,0391700000; -1,4456200000;
;5;17;17300;2;1;2.0;2.0;46,1564590000; -1,1281190000;
;1;52;52448;2;7;1.0;3.0;48,6342600000;4,9549400000;
;1;75;75112;2;1;1.0;3.0;48,8379790000;2,3922720000;
;1;50;50129;2;1;1.0;2.0;49,6578800000; -1,6645600000;
;1;51;51454;2;1;1.0;7.0;49,2464707559;4,0187242627;
;2;75;75110;2;1;1.0;6.0;48,8841760000;2,3658960000;
;1;51;51172;2;1;1.0;7.0;49,2185630246;4,0345171094;
;1;28;28088;1;1;1.0;1.0;48,0996930000;1,2977600000;
;5;13;13071;2;1;1.0;1.0;43,4121750000;5,3180090000;
;1;75;75101;2;3;1.0;3.0;48,8663949174;2,3234897112;
;1;75;75119;2;3;1.0;6.0;48,8775050000;2,3938400000;
;1;51;51454;2;3;2.0;3.0;49,2349700000;4,0331300000;
;3;13;13103;1;3;1.0;1.0;43,6063400000;5,0988000000;
;1;75;75103;2;2;1.0;3.0;48,8662410000;2,3525380000;
;5;75;75116;2;7;2.0;6.0;48,8697460000;2,2849910000;
;3;51;51454;2;1;1.0;2.0;49,2604904787;4,0478369594;
;5;13;13214;2;1;1.0;5.0;43,3254400000;5,3811500000;
;1;13;13206;2;1;1.0;7.0;43,2901000000;5,3785600000;
;5;75;75104;2;7;1.0;6.0;48,8573360000;2,3468990000;
;1;50;50147;2;1;1.0;2.0;49,0534100000; -1,4418500000;
;5;13;13210;2;9;1.0;3.0;43,2692500000;5,4209700000;
;5;75;75104;2;2;2.0;7.0;48,8508218110;2,3614409566;
;1;75;75103;2;3;1.0;6.0;48,8576880000;2,3607530000;
;1;50;50129;2;1;1.0;6.0;49,6410800000; -1,5947900000;
;3;94;94021;2;1;1.0;7.0;48,7695600000;2,3657400000;
;1;94;94046;2;1;1.0;6.0;48,7953300000;2,4367900000;
;5;13;13202;2;9;1.0;2.0;43,3270300000;5,3594500000;
;1;50;50129;2;2;1.0;3.0;49,6465500000; -1,6430300000;
;1;13;13005;2;3;1.0;3.0;43,2975900000;5,5737900000;
;1;92;92049;2;1;1.0;2.0;48,8168250000;2,3067530000;
;1;94;94003;2;3;1.0;3.0;48,8075200000;2,3341400000;
;2;11;11069;2;1;1.0;3.0;43,2144680000;2,3682940000;
;1;49;49328;2;6;2.0;6.0;47,2589700000; -0,0726700000;
;2;92;92076;2;2;2.0;3.0;48,8369220000;2,1458910000;
;1;94;94076;2;1;1.0;6.0;48,7980800000;2,3679000000;
;5;10;10387;2;3;1.0;3.0;48,2992600000;4,0718000000;
;1;49;49007;2;1;2.0;3.0;47,4779600000; -0,5985400000;
;5;92;92050;2;1;2.0;3.0;48,9078100000;2,2140400000;
;2;21;21572;1;1;2.0;7.0;47,1192840000;5,3911700000;
;1;06;06069;2;1;1.0;1.0;43,6414600000;6,9330800000;
;1;49;49267;2;1;8.0;1.0;47,4749100000; -0,5099000000;
;1;94;94022;2;2;1.0;5.0;48,7734500000;2,3996700000;
;1;06;06069;2;1;1.0;7.0;43,6425100000;6,9464000000;
;3;28;28177;1;1;1.0;1.0;48,4308532859;1,5187077114;
;5;49;49007;2;1;1.0;7.0;47,4758000000; -0,5890000000;
;1;94;94019;2;1;1.0;2.0;48,8028760000;2,5383860000;
;5;06;06069;2;1;1.0;1.0;43,6490000000;6,9230000000;
;5;52;52042;1;1;8.0;7.0;47,9184920000;5,2288540000;
;1;06;06004;2;3;1.0;6.0;43,5687560000;7,1108140000;
;1;49;49246;2;1;1.0;3.0;47,4294800000; -0,5279200000;
;1;93;93063;2;3;1.0;3.0;48,8933100000;2,4376100000;
;1;83;83152;1;1;1.0;3.0;43,1568860000;6,4890090000;
;5;04;04070;1;1;1.0;3.0;44,0603900000;6,2069700000;
;1;93;93031;2;1;1.0;6.0;48,9553590000;2,3100270000;
;1;47;47209;1;1;1.0;7.0;44,2240000000;0,6990000000;
;1;01;01289;2;6;2.0;3.0;46,1848280000;5,2274640000;
;1;93;93027;2;5;1.0;6.0;48,9292800000;2,3858100000;
;2;45;45234;2;2;1.0;3.0;47,8820930834;1,9036626220;
;1;75;75116;2;1;1.0;2.0;48,8751260000;2,2766710000;
;1;92;92077;2;1;1.0;6.0;48,8271300000;2,1861300000;
;1;45;45147;2;1;1.0;6.0;47,9280105417;1,9244513512;
;3;06;06140;1;1;1.0;1.0;43,6356400000;6,8354700000;
;1;75;75116;2;1;1.0;3.0;48,8396330000;2,2541640000;
;1;45;45234;2;7;1.0;6.0;47,9080700000;1,8943100000;
;1;92;92077;2;1;1.0;3.0;48,8265762099;2,1905483007;
;3;62;62752;2;1;1.0;6.0;50,4859510000;1,6477610000;
;1;75;75116;2;1;1.0;3.0;48,8764290000;2,2783610000;
;3;19;19136;1;1;4.0;7.0;45,5244200000;2,1613030000;
;1;44;44184;2;1;2.0;1.0;47,2693100000; -2,2127500000;
;1;92;92077;2;9;1.0;4.0;48,8260700000;2,1969100000;
;1;32;32107;2;1;1.0;7.0;43,9606890000;0,3798120000;
;1;75;75120;2;1;1.0;2.0;48,8773770000;2,4091570000;
;3;71;71225;2;1;2.0;6.0;46,7271170000;4,7561470000;
;1;92;92064;2;1;1.0;2.0;48,8497190000;2,2102470000;
;5;75;75114;2;1;1.0;3.0;48,8250360000;2,3035490000;
;1;44;44184;2;6;1.0;3.0;47,2700200000; -2,2391200000;
;1;61;61130;1;1;8.0;1.0;48,4898830000;0,5137930000;
;5;75;75117;2;4;3.0;7.0;48,8847780000;2,2985850000;
;1;92;92064;1;1;1.0;2.0;48,8363192478;2,2121521532;
;1;37;37195;2;2;2.0;3.0;47,3847868904;0,6541264057;
;1;61;61464;1;1;1.0;1.0;48,5709300000;0,1692640000;
;5;75;75117;2;2;1.0;3.0;48,8869700000;2,3230390000;
;1;92;92051;2;2;1.0;3.0;48,8844380000;2,2689690000;
;1;12;12071;1;1;1.0;1.0;44,3498770000;2,1960640000;
;1;37;37261;2;2;8.0;3.0;47,3792900000;0,6823100000;
;5;75;75117;2;1;1.0;6.0;48,8838350000;2,3023540000;
;1;92;92051;2;2;1.0;6.0;48,8893693394;2,2729602456;
;3;44;44012;1;1;1.0;1.0;47,0870720000; -2,0274280000;
;2;75;75116;2;2;1.0;3.0;48,8686050000;2,2741890000;
;2;37;37261;2;3;1.0;6.0;47,3853843665;0,6767293811;
;3;29;29073;1;1;1.0;1.0;48,6817670000; -3,6790900000;
;1;75;75115;2;7;1.0;6.0;48,8446680000;2,2905110000;
;1;92;92050;2;3;1.0;1.0;48,8880347889;2,1848753616;
;3;31;31412;1;1;2.0;6.0;43,3148000000;0,6787000000;
;1;37;37261;2;3;1.0;6.0;47,3892596244;0,6966917217;
;1;75;75115;2;1;1.0;3.0;48,8348340000;2,2952700000;
;1;37;37261;2;1;1.0;6.0;47,4191153385;0,7105520368;
;4;02;02173;2;1;1.0;6.0;49,6191700000;3,2161300000;
;1;92;92048;2;9;1.0;4.0;48,7889205507;2,2342066169;
;2;37;37122;2;1;8.0;7.0;47,3527124075;0,6589436531;
;5;75;75111;2;2;1.0;3.0;48,8593370000;2,3868600000;
;3;03;03250;1;1;1.0;7.0;46,2203910000;3,7674520000;
;1;92;92044;2;3;1.0;3.0;48,8959020000;2,2798660000;
;1;75;75102;2;2;8.0;7.0;48,8689480000;2,3540070000;
;1;35;35278;2;3;1.0;3.0;48,1581240000; -1,6975590000;
;1;92;92024;2;1;1.0;2.0;48,8998021947;2,3142818212;
;1;94;94003;2;1;1.0;3.0;48,8054000000;2,3268400000;
;1;14;14738;1;1;8.0;1.0;49,1697170000; -0,4803090000;
;5;34;34172;2;1;1.0;6.0;43,5950020000;3,8616420000;
;1;92;92023;2;1;1.0;3.0;48,7872900000;2,2562100000;