Num_Acc;lum;departement;commune;agglomeration;intersection;meteo;type_collision;lat;long;date
;1;94;94069;1;1;1.0;2.0;48,8172002825;2,4437061533;
;1;38;38185;2;1;1.0;6.0;45,1837011300;5,7468688100;
;1;95;95280;2;1;1.0;6.0;49,0325269661;2,4773633480;
;1;33;33318;2;3;2.0;1.0;44,7839900000; -0,6797900000;
;5;62;62643;1;1;1.0;7.0;50,7050810000;1,5904630000;
;1;974;97416;2;3;1.0;3.0; -21,3011700000;55,4574400000;
;1;976;97611;2;1;1.0;7.0; -12,7788700000;45,2322500000;
;1;974;97411;2;3;1.0;5.0; -20,9002100000;55,4993100000;
;3;974;97407;1;1;1.0;2.0; -20,9563100000;55,3111400000;
;1;972;97213;1;1;2.0;7.0;14,5982310000; -60,9762120000;
;1;974;97407;1;1;1.0;7.0; -20,9499000000;55,3199000000;
;1;971;97101;2;1;1.0;6.0;16,2539300000; -61,5233800000;
;5;972;97213;1;1;1.0;2.0;14,6211250000; -60,9907550000;
;1;87;87085;1;1;1.0;7.0;45,8621200000;1,1735700000;
;1;69;69389;2;1;1.0;6.0;45,7755000000;4,8034600000;
;1;2A;2A004;1;6;1.0;2.0;41,9271300000;8,7791600000;
;1;83;83062;1;1;1.0;2.0;43,1379000000;6,0247500000;
;5;80;80021;2;1;1.0;6.0;49,9009000000;2,2990600000;
;1;78;78138;2;1;2.0;2.0;48,9704300000;2,0359400000;
;1;80;80001;2;1;1.0;6.0;50,1090949093;1,8248132344;
;5;72;72181;2;9;1.0;3.0;47,9987863002;0,2184569833;
;5;71;71076;2;1;1.0;2.0;46,8042500000;4,8452100000;
;1;78;78165;2;2;1.0;3.0;48,8161730000;1,9975330000;
;1;71;71076;2;1;1.0;3.0;46,8042500000;4,8452100000;
;1;76;76540;2;1;1.0;3.0;49,4234400000;1,0974700000;
;5;64;64249;2;1;1.0;2.0;43,4211520000; -1,6058320000;
;1;64;64249;1;1;1.0;2.0;43,4170900000; -1,6095700000;
;1;76;76157;2;1;1.0;2.0;49,4471800000;1,0370200000;
;1;64;64284;2;1;1.0;3.0;43,2848100000; -0,3877500000;
;1;72;72181;2;1;1.0;2.0;47,9843100000;0,1858900000;
;1;64;64348;2;6;1.0;3.0;43,3209940986; -0,3919351101;
;1;69;69029;2;1;1.0;6.0;45,7481800000;4,9145500000;
;1;64;64237;2;6;1.0;3.0;43,2790435022; -0,3755763173;
;5;64;64024;2;1;3.0;6.0;43,4809900000; -1,5122000000;
;1;69;69290;2;4;1.0;3.0;45,6955400000;4,9123500000;
;3;62;62239;1;9;1.0;6.0;50,9220200000;1,7928170000;
;1;59;59508;2;1;1.0;6.0;50,7349522257;3,1150746346;
;1;67;67218;2;1;1.0;2.0;48,5145700000;7,7063400000;
;5;57;57463;2;1;9.0;6.0;49,1379000000;6,1421900000;
;1;54;54431;1;1;1.0;7.0;48,9220000000;6,0654600000;
;1;67;67482;2;1;1.0;3.0;48,5909600000;7,7465330000;
;5;54;54395;2;2;2.0;3.0;48,6867100000;6,2011000000;
;1;64;64129;2;6;1.0;2.0;43,3051000000; -0,4019700000;
;3;51;51105;2;1;1.0;7.0;49,2333800000;4,0999500000;
;1;62;62523;2;1;1.0;7.0;50,4408390000;2,8501630000;
;1;51;51454;2;7;8.0;1.0;49,2566500000;4,0347100000;
;5;51;51454;2;1;2.0;7.0;49,2523700000;4,0220000000;
;1;59;59350;2;2;7.0;2.0;50,6166983111;3,0620902777;
;1;49;49007;2;1;1.0;7.0;47,4499300000; -0,5757400000;
;5;58;58194;2;1;2.0;6.0;46,9894400000;3,1504800000;
;5;47;47323;2;3;1.0;6.0;44,4230829627;0,7003763785;
;1;57;57672;2;1;2.0;6.0;49,3562700000;6,0646700000;
;1;47;47032;1;9;1.0;1.0;44,1904320000;0,6854100000;
;1;54;54395;2;2;1.0;2.0;48,6834200000;6,1735100000;
;1;47;47201;1;1;1.0;3.0;44,1645800000;0,5989100000;
;5;45;45284;2;3;1.0;3.0;47,9038155315;1,9353181422;
;1;51;51454;2;1;1.0;3.0;49,2613000000;4,0500400000;
;1;45;45068;2;2;8.0;3.0;48,0130400000;2,7312100000;
;1;49;49007;2;1;1.0;3.0;47,4813900000; -0,5238300000;
;1;43;43041;2;1;1.0;6.0;45,0496100000;3,9120500000;
;5;43;43089;2;1;1.0;6.0;45,0504800000;3,8463100000;
;4;49;49007;2;1;1.0;3.0;47,4545500000; -0,5338600000;
;5;42;42218;2;2;1.0;3.0;45,4244500000;4,3930900000;
;1;41;41018;2;2;1.0;3.0;47,6101800000;1,3328700000;
;1;42;42218;2;2;1.0;3.0;45,4240100000;4,3751800000;
;1;35;35238;2;1;1.0;6.0;48,1079100000; -1,6657700000;
;1;37;37122;2;3;1.0;2.0;47,3267304362;0,6628704071;
;1;35;35238;1;1;1.0;4.0;48,0789300000; -1,6737700000;
;1;35;35238;1;1;1.0;2.0;48,1123600000; -1,7183900000;
;3;35;35238;1;1;1.0;2.0;48,0825868966; -1,6446501017;
;1;31;31555;2;1;1.0;6.0;43,5577400000;1,3798200000;
;1;33;33281;2;6;1.0;3.0;44,8370600000; -0,6469200000;
;1;26;26198;2;1;1.0;6.0;44,5534600000;4,7463500000;
;1;33;33032;2;1;1.0;3.0;44,8983400000; -0,5100600000;
;1;22;22278;2;1;1.0;6.0;48,5156300000; -2,7710100000;
;1;31;31069;2;9;1.0;6.0;43,6178200000;1,3886350000;
;1;14;14437;2;1;2.0;3.0;49,1695979921; -0,3226053715;
;1;28;28134;1;1;1.0;1.0;48,7430000000;1,3377400000;
;1;14;14118;2;3;1.0;3.0;49,1915100000; -0,3923600000;
;1;27;27562;2;1;1.0;6.0;49,0987700000;1,4559100000;
;5;13;13103;2;9;1.0;3.0;43,6387000000;5,0953400000;
;1;14;14118;2;1;1.0;3.0;49,1725516988; -0,3889954091;
;5;13;13211;2;3;1.0;3.0;43,2889500000;5,4300100000;
;1;14;14118;2;1;1.0;6.0;49,1734580000; -0,3341940000;
;5;13;13207;2;1;1.0;7.0;43,2849000000;5,3675600000;
;1;13;13214;2;1;1.0;2.0;43,3200848944;5,3920024445;
;5;13;13202;2;2;1.0;3.0;43,3061950996;5,3722956776;
;1;13;13215;2;1;1.0;2.0;43,3593891940;5,3648255222;
;1;08;08105;1;1;3.0;7.0;49,8008816098;4,7082831859;
;5;06;06088;2;1;1.0;;43,7345300000;7,2579100000;
;1;13;13201;2;2;1.0;3.0;43,2991000000;5,3880200000;
;5;06;06004;2;1;1.0;1.0;43,5948430000;7,1200210000;
;1;13;13002;2;1;1.0;6.0;43,3397619524;5,4776105073;
;1;75;75117;2;1;1.0;2.0;48,9007640000;2,3302420000;
;5;75;75113;2;1;1.0;7.0;48,8168800000;2,3483260000;
;5;13;13063;2;9;1.0;2.0;43,5879600000;4,9995400000;
;1;75;75112;2;1;2.0;3.0;48,8458310000;2,4142090000;
;1;75;75117;2;2;1.0;6.0;48,8886360000;2,3156520000;
;1;13;13070;2;6;1.0;2.0;43,2837124582;5,5141008246;
;5;75;75107;2;7;1.0;2.0;48,8624140000;2,3015900000;
;1;11;11069;2;3;1.0;3.0;43,2229000000;2,3454100000;
;5;75;75115;2;2;1.0;7.0;48,8469140000;2,2932750000;
;1;10;10387;2;1;1.0;6.0;48,2716921026;4,0788030624;
;1;75;75114;2;1;2.0;6.0;48,8204350000;2,3386760000;
;1;75;75111;2;2;2.0;3.0;48,8648650000;2,3665380000;
;1;06;06069;2;1;1.0;3.0;43,6380680000;6,9507160000;
;1;75;75110;2;1;8.0;6.0;48,8682880000;2,3657120000;
;1;05;05061;2;1;8.0;3.0;44,5591100000;6,0730900000;
;5;75;75110;2;2;1.0;3.0;48,8810990000;2,3651650000;
;5;75;75110;2;2;1.0;3.0;48,8707190000;2,3479550000;
;1;75;75120;2;1;1.0;4.0;48,8581320366;2,4140898383;
;2;75;75109;2;3;8.0;7.0;48,8710880000;2,3347830000;
;1;75;75108;2;3;2.0;6.0;48,8670800000;2,3161210000;
;5;75;75106;2;2;1.0;3.0;48,8514700000;2,3370590000;
;5;75;75109;2;5;8.0;2.0;48,8719770000;2,3400450000;
;1;75;75105;2;3;8.0;3.0;48,8370940000;2,3526830000;
;2;94;94042;2;1;2.0;4.0;48,8145200000;2,4636600000;
;5;75;75106;2;3;1.0;6.0;48,8540730000;2,3315560000;
;5;94;94043;2;2;1.0;3.0;48,8060970000;2,3459540000;
;5;94;94076;2;1;8.0;3.0;48,7970000000;2,3680000000;
;5;75;75119;2;4;1.0;3.0;48,8804677531;2,4071136117;
;1;94;94028;2;1;3.0;4.0;48,7730000000;2,4399200000;
;1;75;75119;2;4;1.0;6.0;48,8830929655;2,3714549839;
;5;94;94028;2;6;1.0;6.0;48,7846100000;2,4367600000;
;5;75;75119;2;3;1.0;3.0;48,8981860000;2,3860220000;
;5;93;93072;2;1;1.0;2.0;48,9471090276;2,3865364982;
;5;93;93061;2;4;1.0;3.0;48,8863300000;2,4039800000;
;1;75;75118;2;2;1.0;6.0;48,8865540000;2,3495580000;
;1;93;93027;2;1;2.0;2.0;48,9278614403;2,3911815836;
;2;75;75115;2;2;1.0;3.0;48,8429980000;2,3127970000;
;1;93;93053;2;1;1.0;5.0;48,8946780658;2,4705612375;
;1;93;93005;2;1;2.0;6.0;48,9389386692;2,4872589047;
;1;75;75114;2;7;1.0;2.0;48,8280511075;2,3268444836;
;1;92;92063;2;1;1.0;7.0;48,8695245429;2,1944318712;
;5;75;75113;2;2;1.0;2.0;48,8224090000;2,3715700000;
;1;92;92051;2;1;3.0;2.0;48,8827490793;2,2670894265;
;1;92;92050;2;3;1.0;6.0;48,8840962716;2,1924161911;
;1;75;75111;2;2;1.0;6.0;48,8651870000;2,3677300000;
;1;92;92036;1;1;1.0;2.0;48,9180660000;2,2989580000;
;5;75;75111;2;2;1.0;3.0;48,8557600000;2,3913350000;
;1;92;92025;2;9;8.0;2.0;48,9230340000;2,2562850000;
;1;63;63084;1;1;1.0;2.0;45,7026800000;3,0444410000;
;1;75;75110;2;4;1.0;3.0;48,8814437721;2,3514336348;
;1;67;67485;1;1;1.0;6.0;48,6102710000;7,6298980000;
;3;41;41245;1;1;9.0;6.0;47,7461610000;1,5364850000;
;1;75;75109;2;7;1.0;7.0;48,8706459442;2,3320533335;
;1;38;38403;1;1;1.0;3.0;44,8677470000;5,7796130000;
;1;75;75108;2;1;1.0;3.0;48,8726370000;2,3214550000;
;1;22;22337;1;1;1.0;3.0;48,3427730000; -2,3356350000;
;5;66;66141;2;1;1.0;1.0;42,7348070000;2,9093330000;
;1;75;75108;2;2;1.0;3.0;48,8711637307;2,3216439345;
;1;94;94044;2;1;1.0;3.0;48,7514400000;2,4888500000;
;1;83;83140;1;1;1.0;4.0;43,3969170000;5,9688110000;
;1;94;94068;2;1;1.0;1.0;48,8100100000;2,4991800000;
;3;30;30047;1;9;1.0;2.0;43,8040005903;4,4058403373;
;1;51;51612;1;1;2.0;4.0;48,9175500000;4,0204810000;
;1;94;94076;2;1;1.0;3.0;48,8067200000;2,3633600000;
;1;19;19126;1;1;1.0;6.0;45,0420141037;1,7479033470;
;1;93;93066;2;1;1.0;2.0;48,9324790000;2,3486550000;
;1;19;19192;1;1;1.0;6.0;45,1415720000;1,8687160000;
;3;82;82129;1;1;1.0;6.0;43,9413630000;0,8716640000;
;1;93;93031;2;1;1.0;6.0;48,9552200000;2,2936200000;
;5;71;71157;2;1;1.0;6.0;46,4919330000;5,3870080000;
;2;71;71412;1;1;1.0;6.0;46,7125020000;4,4220830000;
;1;93;93008;2;2;1.0;2.0;48,9072000000;2,4568300000;
;1;71;71015;1;1;1.0;6.0;46,9514830000;4,3742140000;
;2;89;89309;1;1;5.0;2.0;48,2955000000;3,1923870000;
;2;93;93005;2;2;1.0;2.0;48,9522133560;2,4945769221;
;1;12;12254;1;1;1.0;7.0;44,4350360000;2,5144100000;
;1;93;93001;2;1;1.0;6.0;48,9109600000;2,3819600000;
;3;12;12008;1;1;1.0;6.0;44,4234980000;2,2547880000;
;1;47;47106;2;6;1.0;3.0;44,4934630000;0,9636370000;
;1;92;92046;2;3;1.0;3.0;48,8192182161;2,3009385019;
;3;47;47250;1;1;1.0;6.0;44,3064170000;0,3240840000;
;1;92;92063;2;1;1.0;3.0;48,8655600000;2,1845600000;
;5;92;92036;2;1;1.0;3.0;48,9187230000;2,3027400000;
;1;41;41211;1;9;1.0;5.0;47,3296030000;1,1518590000;
;1;34;34220;1;1;1.0;2.0;43,6781380000;3,3468770000;
;1;92;92023;2;1;1.0;3.0;48,7841675772;2,2381673008;
;3;31;31341;1;1;1.0;6.0;43,7208150000;1,2476990000;
;2;38;38001;2;3;1.0;3.0;45,5372720000;5,5868160000;
;3;01;01004;1;1;1.0;6.0;45,9589670000;5,3282830000;
;1;06;06149;2;3;1.0;1.0;43,7421290000;7,3208800000;
;1;58;58180;1;1;1.0;1.0;47,2082580000;4,0287850000;
;1;06;06160;1;1;1.0;7.0;44,1221300000;6,7920190000;
;1;13;13078;2;1;1.0;3.0;43,3960360000;4,7960040000;
;3;06;06059;2;1;1.0;7.0;43,7314620000;7,3724310000;
;1;90;90093;2;1;1.0;7.0;47,6888940000;6,8308030000;
;1;974;97422;2;6;1.0;6.0; -21,2832360000;55,5205090000;
;1;43;43039;1;9;1.0;7.0;44,9132270000;3,8829230000;
;1;10;10159;2;1;1.0;1.0;48,1649690000;4,3776940000;
;1;974;97404;2;3;1.0;3.0; -21,2675250000;55,3710400000;
;3;16;16409;1;1;1.0;6.0;46,0297710000;0,1016550000;
;1;07;07197;1;1;1.0;1.0;45,2296740000;4,6740820000;
;1;42;42163;2;4;1.0;1.0;46,1838264999;3,8626280725;
;1;07;07126;1;3;1.0;1.0;44,4257050000;4,4170620000;
;5;974;97410;2;1;1.0;2.0; -21,0361810000;55,7069490000;
;5;24;24229;1;9;1.0;3.0;45,1296610000;1,2550730000;
;1;59;59107;2;1;1.0;6.0;51,0696840000;2,5133800000;
;2;04;04084;1;1;1.0;1.0;43,9615300000;6,1874910000;
;1;62;62392;1;1;1.0;2.0;50,2644840000;2,8758060000;
;3;85;85145;1;1;1.0;6.0;46,7239300000; -0,9260310000;
;3;17;17394;1;1;1.0;7.0;46,1306470000; -0,6910780000;
;1;34;34172;1;6;1.0;3.0;43,5928000000;3,8215550000;
;1;23;23149;1;1;1.0;6.0;46,1986480000;2,1392870000;
;3;87;87126;1;1;1.0;6.0;45,8507220000;0,8573730000;
;3;33;33233;1;1;1.0;4.0;45,1477540000; -0,3634820000;
;1;30;30276;1;9;1.0;3.0;43,5873700000;4,2181900000;
;3;88;88075;1;1;1.0;1.0;48,0366700000;6,9271110000;
;1;2A;2A104;2;1;1.0;2.0;41,9208800000;8,9039470000;
;1;987;98734;2;9;1.0;3.0; -17,7120000000; -149,5080000000;
;1;32;32160;1;1;1.0;3.0;43,6056950000;1,0746380000;
;3;33;33122;1;1;1.0;6.0;44,7082600000; -0,6988010000;
;2;73;73257;1;1;1.0;6.0;45,3010940000;6,5689440000;
;1;71;71346;2;6;1.0;2.0;46,6101520000;4,2186370000;
;1;34;34202;1;1;1.0;2.0;43,5981510000;3,7824580000;
;5;89;89418;2;1;1.0;6.0;47,8584320000;3,9769540000;
;2;973;97305;1;1;2.0;1.0;4,9151270000; -52,3746690000;
;1;42;42228;1;1;1.0;6.0;45,5442900000;4,0886740000;
;3;33;33214;1;1;1.0;6.0;44,9647210000; -1,0254470000;
;1;25;25442;1;1;1.0;6.0;46,8616000000;6,3492390000;
;3;77;77100;1;1;5.0;1.0;48,5110040000;2,7832850000;
;1;44;44154;2;1;1.0;6.0;47,2442650000; -2,1586310000;
;1;91;91405;2;1;1.0;1.0;48,4107450000;2,4713870000;
;1;34;34213;1;1;1.0;6.0;43,4895930000;3,6835900000;
;1;35;35186;1;1;1.0;1.0;48,5598520000; -1,7685950000;
;3;84;84032;1;1;1.0;7.0;43,8920550000;5,4705370000;
;1;04;04226;1;1;1.0;1.0;44,3103990000;6,5961960000;
;3;14;14120;1;1;1.0;5.0;49,0885880000; -0,7478960000;
;1;13;13100;1;1;1.0;1.0;43,7973670000;4,7993730000;
;1;05;05127;1;1;1.0;6.0;44,4661270000;6,2466930000;
;1;70;70455;2;2;9.0;3.0;47,6771780000;6,5338450000;
;1;09;09065;1;1;1.0;7.0;42,8991070000;1,4527520000;
;1;21;21390;1;1;1.0;3.0;47,2873260000;4,9648330000;
;1;60;60029;1;1;1.0;3.0;49,3881280000;2,0054980000;
;1;68;68269;2;4;1.0;7.0;48,1961660000;7,3188750000;
;2;64;64124;1;1;1.0;6.0;43,2888970000; -1,3520160000;
;5;57;57433;2;2;1.0;3.0;49,2159120000;6,1637860000;
;1;16;16406;1;9;1.0;6.0;45,6771360000;0,4122790000;
;1;21;21577;2;6;1.0;6.0;47,1123100000;5,2541000000;
;3;04;04049;2;1;1.0;7.0;44,0620560000;5,9970550000;
;1;69;69244;2;6;1.0;3.0;45,7657880000;4,7518780000;
;1;17;17213;1;1;1.0;7.0;46,0392800000; -0,5367850000;
;1;973;97306;1;1;1.0;2.0;5,5984500000; -53,7063870000;
;1;95;95582;1;1;1.0;6.0;48,9726584874;2,2472566366;
;1;93;93048;1;1;1.0;2.0;48,8641300000;2,4822400000;
;1;94;94052;1;1;1.0;2.0;48,8411888425;2,4928625425;
;1;77;77450;1;1;1.0;2.0;48,7193293662;2,5987937246;
;3;77;77121;1;1;1.0;5.0;48,8311700000;2,6829200000;
;1;974;97416;2;1;1.0;3.0; -21,3335200000;55,4571100000;
;1;06;06088;2;1;1.0;6.0;43,6948820000;7,2622480000;
;1;55;55029;2;2;1.0;6.0;48,7726600000;5,1654800000;
;1;974;97411;2;3;2.0;6.0; -20,8891800000;55,4249000000;
;2;69;69388;2;1;1.0;3.0;45,7389100009;4,8666885495;
;1;69;69382;2;2;1.0;6.0;45,7444700000;4,8223100000;
;5;69;69384;2;6;8.0;3.0;45,7817500000;4,8331900000;
;1;971;97113;1;1;1.0;7.0;16,2094500000; -61,4722400000;
;1;95;95277;1;2;1.0;3.0;48,9762993853;2,4993413687;
;1;91;91687;2;3;1.0;3.0;48,6661600000;2,3634200000;
;1;91;91687;2;6;1.0;2.0;48,6481600000;2,3667300000;
;1;87;87085;2;6;1.0;7.0;45,8939800000;1,2811700000;
;1;87;87085;2;1;2.0;6.0;45,8283000000;1,2615200000;
;5;83;83137;2;1;1.0;6.0;43,1314100000;5,9124600000;
;5;76;76322;2;1;1.0;2.0;49,3920100000;1,0580190000;
;5;76;76351;2;2;1.0;6.0;49,4942000000;0,1384000000;
;1;76;76270;1;1;2.0;6.0;49,5295000000;0,1472400000;
;3;74;74305;2;1;1.0;1.0;46,2038000000;6,2444100000;
;1;74;74012;2;3;1.0;3.0;46,1929500000;6,2374100000;
;5;71;71076;2;2;1.0;3.0;46,7875300000;4,8390400000;
;1;69;69266;2;1;1.0;2.0;45,7690546148;4,9057120085;
;3;67;67482;2;3;2.0;2.0;48,5952600000;7,7278800000;
;1;67;67218;2;1;1.0;6.0;48,5203700000;7,7023700000;
;1;67;67482;2;1;2.0;5.0;48,5702500000;7,7376100000;
;5;67;67447;2;3;1.0;3.0;48,6114281238;7,7510046959;
;1;66;66136;1;1;1.0;6.0;42,7006070000;2,9354451000;
;5;66;66136;2;2;1.0;3.0;42,6895600000;2,8844800000;
;3;66;66136;1;1;1.0;6.0;42,6709000000;2,8566700000;
;5;66;66136;2;3;1.0;3.0;42,6961300000;2,9060500000;
;5;66;66136;1;1;1.0;6.0;42,7298786566;2,8777366877;
;1;66;66136;2;1;1.0;6.0;42,6866600000;2,9072000000;
;1;65;65440;2;2;1.0;1.0;43,2348610000;0,0715540000;
;5;59;59122;2;4;2.0;3.0;50,1732000000;3,2437000000;
;1;64;64445;2;4;1.0;7.0;43,2946100000; -0,3651700000;
;1;63;63113;2;1;1.0;6.0;45,7649900000;3,1254400000;
;1;63;63113;2;1;1.0;3.0;45,7575400000;3,1480000000;
;1;58;58194;2;6;1.0;3.0;46,9941400000;3,1363300000;
;1;59;59279;2;1;1.0;1.0;50,7720000000;3,1220500000;
;5;59;59512;2;1;1.0;6.0;50,6924000000;3,1836900000;
;1;56;56083;2;1;2.0;3.0;47,8111046600; -3,2641428700;
;1;58;58194;2;1;1.0;6.0;46,9887500000;3,1716800000;
;1;56;56162;1;6;2.0;3.0;47,7506500000; -3,4190400000;
;3;56;56083;1;1;8.0;6.0;47,7880600000; -3,2812734000;
;1;54;54528;2;9;1.0;2.0;48,6685100000;5,8894400000;
;5;51;51454;2;1;1.0;7.0;49,2699400000;4,0242400000;
;1;54;54528;2;1;1.0;6.0;48,6880000000;5,8990000000;
;1;51;51454;2;1;1.0;2.0;49,2325600000;4,0378000000;
;3;53;53130;2;1;1.0;6.0;48,0846340000; -0,7870190000;
;1;49;49328;2;1;1.0;2.0;47,2581700000; -0,0883900000;
;2;51;51454;2;1;2.0;7.0;49,2482200000;4,0589300000;
;1;45;45302;2;1;1.0;3.0;47,9496059651;1,8434795737;
;3;44;44184;1;6;1.0;1.0;47,2854300000; -2,2499000000;
;1;44;44184;1;6;1.0;2.0;47,2868000000; -2,2509000000;
;1;51;51454;2;6;2.0;3.0;49,2249400000;4,0177800000;
;1;43;43251;2;1;8.0;6.0;45,0361072921;3,8783347607;
;3;50;50129;2;7;1.0;6.0;49,6315600000; -1,6052500000;
;2;37;37122;2;3;1.0;3.0;47,3443400000;0,6556500000;
;1;37;37208;2;3;1.0;1.0;47,3551552080;0,7273299247;
;1;35;35238;2;1;1.0;2.0;48,1295200000; -1,6791500000;
;5;49;49007;2;1;2.0;7.0;47,4957500000; -0,5644500000;
;1;35;35238;2;9;1.0;6.0;48,0840000000; -1,6779600000;
;1;35;35238;2;9;1.0;6.0;48,1152500000; -1,6768800000;
;1;49;49007;2;2;1.0;6.0;47,4604100000; -0,5545000000;
;5;34;34172;2;2;1.0;6.0;43,6268723911;3,8894216443;
;1;33;33200;2;2;1.0;6.0;44,8678300000; -0,6700000000;
;5;49;49007;2;6;1.0;7.0;47,4456100000; -0,5269600000;
;1;29;29019;2;2;1.0;3.0;48,4025900000; -4,4819300000;
;3;49;49007;2;1;1.0;7.0;47,4447400000; -0,5362500000;
;1;29;29019;2;2;1.0;1.0;48,4223760000; -4,4982010000;
;1;27;27681;1;3;1.0;7.0;49,0993500000;1,5024800000;
;1;49;49007;2;1;1.0;6.0;47,4698000000; -0,5496000000;
;1;27;27528;2;2;1.0;3.0;49,2636300000;1,2142400000;
;5;25;25462;2;3;8.0;3.0;46,9162200000;6,3448000000;
;3;17;17415;1;1;1.0;6.0;45,7303300000; -0,6218300000;
;1;45;45232;2;2;1.0;3.0;47,8462100000;1,8917000000;
;1;14;14220;2;9;7.0;6.0;49,3597700000;0,0806900000;
;1;14;14118;1;1;1.0;4.0;49,1984100000; -0,3737800000;
;1;13;13207;2;1;1.0;3.0;43,2843500000;5,3496500000;
;1;44;44184;2;6;2.0;3.0;47,2709500000; -2,2443000000;
;5;13;13211;2;1;1.0;1.0;43,2875370028;5,4651593049;
;3;13;13098;1;1;1.0;7.0;43,4545800000;5,0095600000;
;1;06;06029;2;6;1.0;3.0;43,5540700000;6,9730000000;
;5;44;44184;2;6;2.0;3.0;47,2700000000; -2,2391300000;
;5;06;06123;2;1;1.0;2.0;43,6734100000;7,1898100000;
;1;06;06155;2;1;1.0;3.0;43,5909780000;7,0562970000;
;1;44;44143;1;1;1.0;2.0;47,1599460000; -1,5345500000;
;2;05;05061;2;1;1.0;2.0;44,5515900000;6,0706800000;
;1;05;05061;2;1;1.0;2.0;44,5647500000;6,0905300000;
;1;75;75119;2;3;2.0;2.0;48,8851790000;2,3793710000;
;1;40;40192;2;1;1.0;4.0;43,8985500000; -0,5114900000;
;5;37;37261;2;6;2.0;6.0;47,3955300000;0,6773800000;
;1;75;75116;2;2;1.0;5.0;48,8479260293;2,2601741552;
;1;37;37261;2;6;1.0;3.0;47,3639406519;0,6995901018;
;5;75;75120;2;2;1.0;3.0;48,8530560000;2,3972380000;
;1;35;35238;2;5;2.0;6.0;48,1384900000; -1,6586000000;
;1;35;35238;2;3;2.0;6.0;48,0923391376; -1,6913433373;
;1;75;75118;2;2;1.0;6.0;48,8936270000;2,3363920000;
;1;35;35238;2;1;2.0;3.0;48,1064413488; -1,6659441590;
;1;75;75118;2;2;1.0;3.0;48,8976830000;2,3291650000;
;1;34;34172;2;1;1.0;3.0;43,6044800000;3,8776400000;
;1;75;75117;2;1;1.0;2.0;48,8826120000;2,2834970000;
;5;33;33063;2;1;2.0;6.0;44,8244500000; -0,5993100000;
;1;75;75117;2;2;2.0;7.0;48,8862040000;2,3177490000;
;1;75;75116;2;7;1.0;2.0;48,8479320000;2,2601320000;
;5;33;33063;2;2;1.0;3.0;44,8315020246; -0,5586274266;
;5;75;75116;2;1;2.0;3.0;48,8693040000;2,2883450000;
;5;33;33063;2;3;1.0;3.0;44,8306900000; -0,5668700000;
;1;75;75117;2;3;2.0;6.0;48,8867330000;2,3259130000;
;5;31;31555;2;4;1.0;1.0;43,6655960000;1,4389510000;
;1;75;75116;2;1;1.0;6.0;48,8763490000;2,2826790000;
;5;75;75115;2;2;1.0;6.0;48,8462000000;2,2951780000;
;1;31;31555;2;1;1.0;2.0;43,6144020000;1,4492110000;
;5;75;75113;2;3;1.0;2.0;48,8274620000;2,3569050000;
;1;29;29051;2;3;2.0;1.0;47,9957700000; -4,0636900000;
;1;75;75113;2;3;1.0;3.0;48,8280960000;2,3848520000;
;1;29;29039;1;1;8.0;7.0;47,8704700000; -3,8752900000;
;1;75;75113;2;3;1.0;3.0;48,8264170000;2,3420040000;
;5;75;75112;2;3;1.0;6.0;48,8474170000;2,4034350000;
;3;25;25056;1;1;1.0;6.0;47,2686100000;6,0022100000;
;1;75;75111;2;3;1.0;6.0;48,8621320000;2,3729410000;
;1;14;14059;2;1;1.0;6.0;49,3458070000;0,0438050000;
;1;13;13210;1;1;1.0;3.0;43,2847894092;5,4176223276;
;2;13;13103;2;9;1.0;6.0;43,6318600000;5,1000900000;
;1;75;75110;2;3;1.0;3.0;48,8725390000;2,3762450000;
;1;13;13103;1;1;1.0;6.0;43,6400180243;4,9645093283;
;1;13;13212;1;1;1.0;4.0;43,3033095614;5,4253730178;
;1;75;75116;2;6;1.0;6.0;48,8741160000;2,2554110000;
;1;13;13071;1;1;1.0;6.0;43,3989100000;5,2945800000;
;1;75;75108;2;7;1.0;2.0;48,8734940000;2,2959060000;
;5;13;13063;2;2;1.0;3.0;43,5840000000;5,0070000000;
;1;13;13106;1;1;1.0;4.0;43,3933524338;5,3513199090;
;1;13;13211;1;1;1.0;7.0;43,2887000000;5,4980000000;
;5;75;75108;2;2;8.0;3.0;48,8825690000;2,3234060000;
;1;13;13005;2;3;1.0;3.0;43,2878000000;5,5789000000;
;1;75;75107;2;1;1.0;6.0;48,8604704621;2,2952574492;
;4;13;13210;2;9;1.0;4.0;43,2833432206;5,4007932543;
;1;33;33063;1;1;2.0;6.0;44,8829900000; -0,5612500000;
;1;59;59160;1;1;1.0;6.0;50,4210879095;3,6346077919;
;1;10;10362;2;1;1.0;4.0;48,2921521783;4,0404152870;
;1;94;94046;2;1;8.0;6.0;48,7996744644;2,4386987685;
;1;91;91161;1;9;8.0;7.0;48,7086700000;2,3063200000;
;2;94;94076;2;1;1.0;6.0;48,7875390000;2,3544710000;
;1;91;91286;1;1;1.0;2.0;48,6534100000;2,3812000000;
;1;06;06088;2;2;1.0;6.0;43,7005050000;7,2854910000;
;1;91;91570;1;1;2.0;2.0;48,6246600000;2,3084700000;
;1;94;94021;2;3;1.0;3.0;48,7644200000;2,3517800000;
;1;06;06029;2;7;1.0;3.0;43,5368600000;7,0369300000;
;1;78;78043;1;1;8.0;6.0;48,8295490000;2,0806360000;
;1;92;92050;1;1;1.0;7.0;48,9003281179;2,2094354778;
;1;85;85261;1;1;2.0;6.0;46,5784800000; -1,1165700000;
;1;94;94017;2;3;1.0;3.0;48,8198600000;2,5112500000;
;5;93;93070;2;1;1.0;6.0;48,9095340889;2,3329158152;
;1;93;93048;2;1;2.0;6.0;48,8631829865;2,4366805136;
;1;78;78043;1;1;1.0;3.0;48,8413640000;2,1017810000;
;1;93;93029;2;3;1.0;3.0;48,9207215190;2,4496796583;
;2;92;92063;1;1;1.0;6.0;48,8873433597;2,1665055928;
;1;21;21599;1;1;3.0;4.0;47,5947040000;5,2065270000;
;1;93;93066;1;1;2.0;6.0;48,9281288890;2,3579758958;
;5;93;93010;2;3;1.0;1.0;48,8899861308;2,4931769723;
;1;974;97422;2;1;1.0;6.0; -21,2800220000;55,5202250000;
;1;93;93007;1;1;2.0;3.0;48,9273844641;2,4813437462;
;5;92;92063;2;2;1.0;6.0;48,8673078365;2,2001465857;
;3;83;83086;2;1;1.0;2.0;43,4674500000;6,6080400000;
;4;93;93078;1;1;1.0;6.0;48,9708600000;2,4999400000;
;1;92;92062;1;9;1.0;7.0;48,8809990000;2,2456290000;
;1;93;93013;1;1;1.0;7.0;48,9416500000;2,4300100000;
;1;92;92044;2;1;1.0;6.0;48,8900600000;2,2839600000;