Num_Acc;lum;departement;commune;agglomeration;intersection;meteo;type_collision;lat;long;date
;1;62;62841;2;3;1.0;1.0;50,5414000000;2,6064500000;
;1;59;59041;2;1;1.0;7.0;50,2130989113;3,8644570112;
;5;57;57606;2;1;1.0;6.0;49,1032726598;6,6996807384;
;1;56;56260;1;1;1.0;2.0;47,6563340000; -2,7043760000;
;5;49;49007;2;1;1.0;6.0;47,4492200000; -0,5670800000;
;2;49;49007;2;1;1.0;6.0;47,4470700000; -0,5291000000;
;5;45;45286;2;1;1.0;6.0;47,8849520307;1,9292633235;
;1;33;33550;2;2;1.0;3.0;44,7682375777; -0,5796307325;
;2;29;29039;1;6;1.0;7.0;47,8623122500; -3,8894927500;
;1;27;27375;2;1;1.0;6.0;49,2284200000;1,1688500000;
;1;27;27229;2;1;1.0;6.0;49,0083797000;1,1639936000;
;1;22;22113;2;9;1.0;1.0;48,7450790000; -3,4953790000;
;5;13;13206;2;2;1.0;3.0;43,2834600000;5,3823900000;
;1;12;12145;1;1;1.0;6.0;44,1201000000;3,1849200000;
;5;10;10081;2;3;1.0;6.0;48,3208100000;4,0348800000;
;5;04;04112;2;1;1.0;3.0;43,8335600000;5,7857000000;
;1;01;01289;1;2;1.0;3.0;46,1648300000;5,2207000000;
;5;75;75120;2;1;1.0;2.0;48,8617120000;2,4136970000;
;1;75;75118;2;2;1.0;2.0;48,8858430000;2,3263870000;
;1;75;75113;2;2;1.0;6.0;48,8192220000;2,3620700000;
;4;75;75113;2;3;1.0;6.0;48,8261850000;2,3871670000;
;5;75;75113;2;2;1.0;3.0;48,8375250000;2,3735770000;
;5;75;75113;2;3;1.0;6.0;48,8157620000;2,3607060000;
;1;75;75111;2;2;1.0;3.0;48,8652890000;2,3745100000;
;1;75;75110;2;2;1.0;2.0;48,8705540000;2,3728950000;
;5;75;75107;2;2;1.0;6.0;48,8573240000;2,3099360000;
;1;75;75107;2;1;1.0;6.0;48,8596010000;2,2971040000;
;1;75;75101;2;2;1.0;3.0;48,8600760000;2,3334270000;
;5;75;75101;2;3;1.0;6.0;48,8587360000;2,3483820000;
;1;93;93027;2;2;1.0;6.0;48,9300000000;2,3860300000;
;1;93;93005;2;2;1.0;3.0;48,9300180000;2,4818730000;
;1;63;63307;1;1;1.0;3.0;45,7082170000;3,0595640000;
;1;83;83031;1;1;1.0;7.0;43,4309202019;6,3291549683;
;1;972;97221;1;1;1.0;3.0;14,5255030000; -60,9864590000;
;1;972;97232;1;1;1.0;6.0;14,5193230000; -60,8392600000;
;1;63;63035;2;6;1.0;3.0;45,9604360000;3,1123660000;
;1;46;46197;1;6;1.0;4.0;44,3784410000;1,4541010000;
;1;22;22164;1;1;1.0;7.0;48,5853800000; -3,2490780000;
;3;971;97132;2;1;1.0;3.0;15,9835830000; -61,6326570000;
;2;84;84025;1;1;1.0;1.0;43,8803130000;5,1599430000;
;1;87;87133;1;1;1.0;2.0;46,1934900000;1,3826470000;
;2;2B;2B009;2;1;1.0;6.0;42,1132110000;9,5169340000;
;1;77;77116;1;1;1.0;7.0;48,7489120000;3,2052950000;
;1;34;34095;1;1;1.0;2.0;43,5476930000;3,8084900000;
;2;95;95280;1;1;1.0;6.0;49,0122515827;2,4918553233;
;1;79;79005;1;3;1.0;3.0;46,8157300000; -0,0888780000;
;3;79;79013;2;2;1.0;7.0;46,9935030000; -0,4331070000;
;1;55;55059;1;1;1.0;6.0;48,5268550000;5,4480490000;
;1;32;32245;1;2;1.0;5.0;43,6139960000; -0,0883410000;
;2;49;49261;1;1;1.0;5.0;47,3853370000; -0,2160630000;
;2;63;63229;1;1;1.0;6.0;45,7801645616;3,3498859406;
;1;22;22366;1;1;8.0;7.0;48,6212650000; -3,5916920000;
;1;49;49248;1;1;1.0;6.0;47,7568650000; -1,1719370000;
;1;29;29048;1;1;2.0;6.0;48,1107120000; -3,9910840000;
;1;49;49331;1;1;1.0;7.0;47,7045350000; -0,7281290000;
;4;38;38416;2;2;1.0;6.0;45,1500240000;5,3122540000;
;1;66;66067;1;1;1.0;6.0;42,4231710000;2,0363330000;
;1;72;72224;1;1;1.0;3.0;48,0230340000;0,4767040000;
;1;49;49018;1;1;1.0;7.0;47,6036460000; -0,0905080000;
;1;12;12188;1;1;7.0;6.0;44,2712940000;2,7868150000;
;3;90;90033;1;3;2.0;3.0;47,4962990000;6,9803740000;
;3;09;09086;1;1;1.0;7.0;43,0375600000;1,0921040000;
;3;42;42039;1;1;1.0;7.0;45,6901430000;3,8223200000;
;1;60;60651;1;1;1.0;6.0;49,2596471758;2,3024820912;
;1;46;46185;2;3;1.0;1.0;44,9337910000;1,6074290000;
;3;18;18245;1;1;1.0;6.0;46,5861050000;2,4727930000;
;1;44;44072;2;1;1.0;6.0;47,4476950000; -2,3141080000;
;3;27;27161;1;1;2.0;1.0;49,0575580000;1,0452460000;
;1;44;44074;2;1;1.0;3.0;47,1942440000; -1,6806290000;
;5;27;27226;2;1;1.0;1.0;49,3053640000;1,6139120000;
;1;58;58210;1;1;1.0;6.0;47,1404521279;4,0256759407;
;1;14;14371;2;1;1.0;1.0;49,0029419150;0,1474249363;
;1;14;14578;1;1;8.0;6.0;49,3400630980;0,2221405505;
;1;05;05040;1;2;7.0;3.0;44,5407220000;6,2800220000;
;1;87;87154;1;1;1.0;2.0;45,9128320000;0,8930360000;
;4;45;45076;2;4;1.0;7.0;48,0172540000;2,8494770000;
;3;48;48017;1;1;1.0;6.0;44,4416740000;3,1522720000;
;1;10;10323;2;6;1.0;7.0;48,5072720000;3,7446000000;
;3;68;68066;1;1;1.0;3.0;48,1050380000;7,3827910000;
;1;10;10033;1;3;1.0;3.0;48,2270835851;4,7230806923;
;3;36;36030;1;1;1.0;7.0;46,6242324463;1,7708373070;
;1;36;36088;2;6;1.0;6.0;46,9417317102;2,0014750957;
;3;07;07296;1;1;1.0;6.0;44,5657430000;4,3927330000;
;1;21;21713;2;1;1.0;7.0;47,2948360000;5,4031120000;
;3;80;80632;1;1;4.0;5.0;49,8846260000;2,2238300000;
;1;40;40333;1;1;1.0;7.0;43,9854540000; -0,7367600000;
;1;06;06018;2;1;1.0;7.0;43,6234430000;7,0615260000;
;1;27;27638;1;1;1.0;6.0;49,2744720000;0,9419760000;
;3;69;69013;1;1;1.0;6.0;46,0186020000;4,7262670000;
;1;27;27043;1;1;1.0;7.0;48,8778410000;0,8263350000;
;1;27;27069;2;1;1.0;2.0;48,8114190000;0,7423170000;
;1;17;17411;2;1;1.0;6.0;45,8455240000; -1,2084960000;
;3;60;60100;1;1;1.0;4.0;49,2434838804;2,6696934555;
;3;48;48094;1;1;1.0;6.0;44,3523850000;3,2289880000;
;2;48;48086;1;1;7.0;6.0;44,6266930000;3,8917780000;
;1;52;52405;1;1;1.0;7.0;47,6730276395;5,3153381960;
;3;988;98813;1;1;1.0;6.0; -21,7419400000;165,8382900000;
;1;08;08406;1;3;1.0;3.0;49,3697950000;4,7101710000;
;5;88;88447;2;1;1.0;6.0;47,9510260000;6,7816440000;
;5;973;97311;2;3;1.0;2.0;5,4981870000; -54,0306710000;
;1;49;49301;1;3;1.0;7.0;47,1177300000; -1,0471880000;
;1;33;33165;2;1;1.0;2.0;44,8246850000; -0,4490550000;
;3;30;30169;1;1;1.0;3.0;43,7534660000;4,3421320000;
;1;18;18133;1;2;1.0;3.0;46,9471420000;2,2784190000;
;1;34;34320;1;1;1.0;1.0;43,6403920000;3,7458230000;
;1;77;77192;1;9;3.0;6.0;48,7194520000;2,8449980000;
;1;38;38253;1;1;1.0;1.0;45,0377320000;6,0915540000;
;1;77;77415;1;1;2.0;6.0;48,9147440000;3,0142880000;
;3;42;42147;1;1;2.0;6.0;45,6111365215;4,0364209413;
;1;90;90018;1;1;1.0;3.0;47,5777200000;6,9779060000;
;1;17;17128;2;1;1.0;7.0;45,7109920000; -0,5778700000;
;1;21;21356;1;1;1.0;6.0;47,0646984363;5,2956429511;
;1;61;61427;1;1;1.0;1.0;48,5913410000; -0,1783240000;
;1;22;22093;1;1;1.0;7.0;48,4734330000; -2,5594710000;
;5;22;22171;1;6;1.0;6.0;48,4169315009; -2,8227996829;
;1;17;17336;1;9;7.0;7.0;45,7533760000; -0,6721830000;
;3;22;22081;1;1;1.0;7.0;48,5084020000; -2,6691200000;
;2;971;97121;1;3;1.0;3.0;16,2564840000; -61,8011480000;
;3;76;76557;1;1;1.0;6.0;49,5283900000;0,6836580000;
;1;77;77142;1;9;1.0;7.0;48,8415240000;2,9190590000;
;3;34;34171;1;1;1.0;6.0;43,9429310000;3,8064190000;
;1;60;60695;1;1;1.0;1.0;49,2012240000;2,4747780000;
;2;58;58160;2;1;1.0;7.0;46,9973450000;3,1081220000;
;5;60;60575;2;4;1.0;1.0;49,2924350000;2,1892230000;
;5;57;57160;2;1;1.0;3.0;49,2050230000;6,6990370000;
;5;60;60574;2;1;1.0;1.0;49,3508850000;2,2792770000;
;1;57;57160;2;2;1.0;3.0;49,2084650000;6,7137730000;
;1;60;60628;2;1;2.0;1.0;49,4170320000;2,1477740000;
;1;74;74127;1;4;7.0;1.0;46,3560070000;6,5961960000;
;3;13;13071;1;1;1.0;2.0;43,4096400000;5,3637100000;
;1;69;69148;2;4;1.0;1.0;45,6562730000;4,7147170000;
;1;13;13214;2;1;1.0;2.0;43,3300800000;5,4002200000;
;1;85;85126;2;1;1.0;6.0;46,4798910000; -0,8519270000;
;4;83;83137;1;1;1.0;2.0;43,1309800000;5,9796100000;
;1;53;53082;1;2;1.0;3.0;47,9725850000; -0,8778230000;
;5;33;33039;1;1;1.0;2.0;44,7910437022; -0,5404651165;
;3;14;14258;2;1;1.0;6.0;48,8890150030; -0,1796192229;
;3;78;78158;1;1;2.0;2.0;48,8315070000;2,1447160000;
;1;60;60139;2;2;1.0;3.0;49,1637780000;2,2390170000;
;3;78;78029;1;1;1.0;6.0;48,9673100000;1,8550800000;
;1;13;13056;1;1;1.0;7.0;43,3945042542;5,0514959169;
;1;92;92036;1;1;1.0;6.0;48,9389446324;2,3050124924;
;3;13;13005;1;1;1.0;2.0;43,2774475915;5,5870572502;
;3;77;77384;1;1;1.0;6.0;48,6047700000;2,6337200000;
;3;77;77384;1;1;1.0;3.0;48,6136750000;2,6318700000;
;1;13;13210;1;1;1.0;2.0;43,2846400000;5,4125000000;
;3;83;83047;1;1;1.0;6.0;43,1337900000;6,0506800000;
;3;94;94015;1;1;1.0;4.0;48,8307100000;2,5303900000;
;1;69;69383;2;1;1.0;1.0;45,7497700000;4,8855000000;
;2;69;69199;1;1;1.0;2.0;45,7070134279;4,8437726498;
;1;69;69383;2;2;1.0;3.0;45,7583300000;4,8480500000;
;1;91;91136;1;1;1.0;6.0;48,7093000000;2,2875800000;
;4;95;95527;1;1;1.0;6.0;48,9972991929;2,5185701251;
;4;91;91174;2;1;1.0;6.0;48,6017660000;2,4698680000;
;1;77;77058;1;1;1.0;6.0;48,8289400000;2,7369200000;
;1;91;91174;1;1;1.0;3.0;48,6074210000;2,4651570000;
;1;94;94052;1;1;1.0;6.0;48,8311847838;2,4908146999;
;1;91;91174;2;1;1.0;6.0;48,6115100000;2,4622100000;
;1;72;72181;2;1;1.0;6.0;47,9952290000;0,1864820000;
;5;91;91228;2;1;1.0;3.0;48,6248800000;2,4336800000;
;1;974;97416;2;1;1.0;5.0; -21,3302300000;55,4733400000;
;1;91;91174;2;1;1.0;3.0;48,6193000000;2,4542300000;
;1;973;97302;2;1;1.0;3.0;4,9189100000; -52,3165300000;
;1;91;91228;2;1;1.0;6.0;48,6266200000;2,4240200000;
;2;973;97302;2;2;1.0;2.0;4,9440200000; -52,3083800000;
;1;91;91521;2;1;1.0;7.0;48,6524060000;2,4131700000;
;1;973;97302;2;1;1.0;2.0;4,9230872823; -52,3125278950;
;1;91;91174;2;1;1.0;2.0;48,6092300000;2,4642100000;
;1;972;97213;2;1;1.0;3.0;14,6168700000; -61,0325000000;
;5;972;97213;1;9;1.0;3.0;14,6202900000; -61,0213200000;
;1;13;13214;2;1;1.0;4.0;43,3305251159;5,3711141646;
;1;972;97209;1;1;1.0;3.0;14,6284400000; -61,0489200000;
;1;13;13209;2;1;1.0;1.0;43,2509300000;5,4123100000;
;1;69;69389;2;6;1.0;2.0;45,7753800000;4,8054000000;
;5;2A;2A004;2;1;1.0;7.0;41,9285400000;8,8000600000;
;1;974;97416;1;1;7.0;4.0; -21,3132950000;55,4379280000;
;1;91;91432;2;1;1.0;3.0;48,7001300000;2,3474400000;
;1;974;97411;2;1;1.0;5.0; -20,8980000000;55,4945000000;
;1;85;85194;1;1;1.0;3.0;46,5233990000; -1,8094780000;
;2;974;97407;2;1;1.0;6.0; -20,9400500000;55,3057500000;
;5;83;83137;1;1;1.0;1.0;43,1531900000;5,9170300000;
;1;973;97302;2;3;1.0;3.0;4,9149651801; -52,3209889233;
;2;83;83034;1;1;1.0;6.0;43,1067400000;6,0511100000;
;1;81;81065;2;1;1.0;6.0;43,6078900000;2,2411000000;
;5;69;69383;2;3;2.0;3.0;45,7570700000;4,8564300000;
;1;69;69386;2;3;1.0;6.0;45,7700600000;4,8588000000;
;1;73;73008;2;6;1.0;3.0;45,7028700000;5,9280800000;
;1;69;69387;2;1;1.0;3.0;45,7515400000;4,8378100000;
;1;69;69199;2;3;1.0;2.0;45,7107600000;4,8551000000;
;1;971;97120;2;2;1.0;3.0;16,2455200000; -61,5409200000;
;1;65;65286;2;1;1.0;6.0;43,0881220000; -0,0500110000;
;5;971;97120;2;9;1.0;6.0;16,2436400000; -61,5393400000;
;1;64;64545;2;1;1.0;3.0;43,3744332166; -1,6790161335;
;1;91;91421;2;3;1.0;6.0;48,6998100000;2,4683500000;
;5;64;64102;2;1;1.0;1.0;43,4982180000; -1,4822830000;
;1;91;91223;2;9;2.0;6.0;48,4329900000;2,1543600000;
;1;64;64102;2;1;1.0;3.0;43,4817180000; -1,4862400000;
;5;87;87085;2;1;2.0;6.0;45,8343900000;1,2464400000;
;1;59;59350;2;1;1.0;2.0;50,6228223961;3,0494678020;
;5;83;83137;2;1;3.0;6.0;43,1344000000;5,9796900000;
;1;56;56083;2;3;1.0;6.0;47,8045000000; -3,2773000000;
;1;83;83129;2;1;1.0;3.0;43,0942000000;5,8362700000;
;5;83;83069;2;1;1.0;6.0;43,0806865331;6,1215044260;
;1;54;54395;2;1;1.0;6.0;48,6885640748;6,1669510603;
;3;54;54575;1;1;1.0;6.0;49,4724800000;5,7963500000;
;5;81;81004;2;2;1.0;6.0;43,9238700000;2,1399200000;
;1;80;80001;2;1;2.0;7.0;50,1098900000;1,8430500000;
;1;51;51454;2;4;1.0;7.0;49,2629600000;4,0035500000;
;1;78;78327;2;1;1.0;3.0;48,9883700000;1,8269600000;
;5;49;49007;2;1;1.0;7.0;47,4691300000; -0,5496200000;
;1;49;49246;2;1;1.0;6.0;47,4199767871; -0,4870462418;
;3;37;37233;1;1;1.0;6.0;47,3811300000;0,7447400000;
;1;77;77108;2;1;2.0;3.0;48,8828000000;2,6007400000;
;1;35;35238;2;1;7.0;6.0;48,1200000000; -1,6321700000;
;1;35;35238;2;1;1.0;6.0;48,1074738741; -1,6512195021;
;1;77;77307;2;1;2.0;2.0;48,8527222517;2,7619026371;
;1;34;34172;2;1;1.0;1.0;43,5951200000;3,8695800000;
;5;76;76540;2;3;1.0;3.0;49,4378800000;1,0935200000;
;5;34;34198;2;1;1.0;4.0;43,5747700000;3,9416500000;
;5;76;76165;2;3;1.0;7.0;49,2864300000;1,0373700000;
;5;71;71475;2;1;1.0;6.0;46,7600000000;4,8400000000;
;1;33;33063;2;3;1.0;3.0;44,8568400000; -0,6366700000;
;5;69;69266;2;1;2.0;6.0;45,7687264905;4,8838734630;
;1;30;30028;2;1;1.0;3.0;44,1610000000;4,6262200000;
;5;69;69290;2;1;2.0;6.0;45,7081900000;4,9291800000;
;4;69;69259;2;1;3.0;6.0;45,6983891519;4,8770526052;
;1;29;29019;2;6;1.0;1.0;48,3929900000; -4,4792510000;
;5;69;69091;2;9;2.0;6.0;45,5894100000;4,7709200000;
;1;29;29019;2;6;1.0;6.0;48,4028640000; -4,5036920000;
;5;67;67482;2;1;1.0;6.0;48,5787300000;7,7108100000;
;5;17;17300;2;1;1.0;6.0;46,1538300000; -1,1804200000;
;5;66;66136;1;6;1.0;2.0;42,6735720000;2,8890810000;
;1;13;13071;2;1;1.0;2.0;43,4009532335;5,3428175508;
;1;64;64132;2;9;2.0;6.0;43,3042500000; -0,3207700000;
;1;13;13206;2;1;1.0;1.0;43,2908200000;5,3816000000;
;1;64;64445;2;2;2.0;3.0;43,3093524438; -0,3745865822;
;1;13;13205;1;1;1.0;1.0;43,2931500000;5,4048600000;
;1;09;09225;2;9;1.0;6.0;43,1174320000;1,6185060000;
;1;64;64445;2;1;7.0;2.0;43,3280900000; -0,3617900000;
;5;64;64102;2;1;1.0;3.0;43,4805300000; -1,4577800000;
;1;07;07186;2;6;1.0;3.0;44,7197800000;4,6022400000;
;5;62;62617;2;6;5.0;3.0;50,4718320000;2,6691490000;
;1;06;06088;2;2;1.0;3.0;43,7024500000;7,2878100000;
;1;62;62628;2;1;1.0;6.0;50,4259630000;2,8741260000;
;1;06;06088;2;1;1.0;5.0;43,7137400000;7,2586100000;
;1;06;06069;1;1;1.0;7.0;43,6627200000;6,9221400000;
;1;62;62041;2;2;1.0;3.0;50,2884460000;2,7806860000;
;1;75;75115;2;1;1.0;5.0;48,8300820000;2,2864170000;
;1;62;62263;2;9;2.0;4.0;50,2771430000;2,7261400000;
;3;61;61077;1;9;2.0;6.0;48,4453400000;0,1122800000;
;1;75;75105;2;4;1.0;3.0;48,8431770000;2,3641510000;
;1;60;60414;2;1;2.0;6.0;49,2559000000;2,4284400000;
;5;59;59195;1;1;2.0;5.0;50,6276300000;2,9606800000;
;1;75;75119;2;3;1.0;3.0;48,8976490000;2,3854800000;
;5;59;59350;2;1;3.0;1.0;50,6443100000;3,0075400000;
;2;75;75118;2;2;1.0;3.0;48,8977270000;2,3290280000;
;1;57;57463;2;1;2.0;7.0;49,1301000000;6,1651000000;
;1;75;75117;2;2;1.0;3.0;48,8977300000;2,3290260000;
;5;54;54547;2;3;3.0;6.0;48,6617500000;6,1780600000;
;1;75;75113;2;3;1.0;2.0;48,8358660000;2,3587740000;
;1;51;51454;2;4;1.0;2.0;49,2420900000;4,0135500000;
;5;51;51454;2;1;2.0;3.0;49,2203500000;4,0215500000;
;2;51;51454;2;2;2.0;3.0;49,2475500000;4,0337200000;
;5;75;75112;2;2;1.0;4.0;48,8458410000;2,3676370000;
;5;50;50129;2;1;2.0;7.0;49,6353600000; -1,6653800000;
;5;75;75107;2;3;1.0;7.0;48,8624660000;2,3054190000;
;5;49;49007;2;1;2.0;6.0;47,4511500000; -0,5272300000;
;5;49;49007;2;1;2.0;7.0;47,4604600000; -0,6046500000;
;1;45;45075;2;6;1.0;4.0;47,8936680000;1,8496450000;
;1;94;94078;2;9;1.0;2.0;48,7237400000;2,4444200000;
;1;35;35238;2;2;1.0;3.0;48,1051400000; -1,6503900000;
;5;93;93078;2;1;1.0;6.0;48,9544500000;2,5482900000;
;1;35;35238;2;5;1.0;3.0;48,0972000000; -1,6579000000;
;5;93;93078;2;2;1.0;3.0;48,9487200000;2,5606800000;
;1;93;93077;2;1;1.0;1.0;48,8818000000;2,5068600000;
;1;93;93008;2;1;1.0;3.0;48,9029457495;2,4454911947;
;1;93;93010;2;1;1.0;6.0;48,9043517248;2,4849287867;
;5;33;33550;2;1;1.0;1.0;44,7637800000; -0,5632400000;
;1;93;93008;2;6;1.0;6.0;48,9087900000;2,4504100000;
;1;93;93007;2;2;1.0;3.0;48,9405200000;2,4493000000;
;1;92;92072;2;9;1.0;6.0;48,8226337593;2,2118497342;
;1;33;33063;2;3;1.0;6.0;44,8555100000; -0,5635100000;
;1;92;92051;2;1;1.0;3.0;48,8797420178;2,2640231252;
;1;31;31483;1;1;1.0;7.0;43,1417300000;0,7357200000;
;3;80;80129;1;1;1.0;7.0;50,0162880000;2,6191230000;
;2;71;71222;1;1;1.0;6.0;46,6316540000;4,4660280000;
;1;31;31483;1;1;1.0;7.0;43,1230500000;0,7111200000;
;3;62;62057;1;1;1.0;2.0;50,8894270265;2,1185569836;
;1;11;11098;1;1;1.0;1.0;43,1872020000;2,7328920000;
;3;30;30008;1;1;1.0;6.0;44,1877130000;4,2359590000;
;1;84;84056;1;2;1.0;3.0;44,1379160000;4,9324970000;
;1;35;35014;1;1;1.0;6.0;48,0183630000; -1,2908400000;
;1;48;48140;2;1;1.0;6.0;44,7987040000;3,2754760000;
;3;26;26010;1;1;1.0;7.0;45,2683700000;4,8521380000;
;5;27;27681;2;2;3.0;6.0;49,0924500000;1,4883400000;
;1;974;97413;2;1;1.0;6.0; -21,1685150000;55,2854940000;
;1;978;97801;1;1;1.0;5.0;18,0989880000; -63,0460310000;
;1;85;85109;2;6;1.0;3.0;46,8700060000; -1,0092190000;
;1;973;97309;2;1;2.0;3.0;4,8901460000; -52,2876750000;
;3;987;98715;1;1;1.0;2.0; -17,5552960000; -149,5932930000;
;1;83;83140;1;1;1.0;7.0;43,4090580000;5,9082360000;
;1;49;49068;1;1;1.0;6.0;47,4359260000; -0,8548740000;
;5;27;27229;2;2;2.0;6.0;49,0037700000;1,1483200000;
;1;33;33205;1;1;1.0;7.0;44,6067240000; -0,3718190000;
;2;83;83116;1;1;1.0;3.0;43,4573350000;5,8413900000;
;1;69;69189;1;1;1.0;7.0;45,5227740000;4,8659940000;
;1;59;59229;2;1;1.0;6.0;50,0408087550;4,0325242281;
;1;973;97304;1;2;1.0;3.0;5,0699450000; -52,5952970000;
;3;978;97801;1;1;1.0;2.0;18,0581560000; -63,0855560000;
;1;29;29233;1;1;1.0;2.0;47,8670147200; -3,5854835219;
;1;78;78605;2;1;1.0;6.0;48,8337800000;1,6581000000;
;1;57;57474;2;1;1.0;3.0;49,2598860000;6,1582660000;
;5;25;25462;2;5;3.0;3.0;46,9182000000;6,3436800000;
;2;57;57644;2;1;1.0;2.0;49,1131560000;6,8409900000;
;1;73;73285;1;4;1.0;3.0;45,6245430000;6,8188730000;
;1;85;85151;1;2;1.0;4.0;47,0146600000; -0,9962200000;
;3;50;50411;1;3;1.0;1.0;48,7090140000; -1,3202960000;
;5;21;21231;2;3;1.0;3.0;47,3199400000;5,0517500000;
;1;988;98818;2;3;1.0;2.0; -22,2719400000;166,4506600000;
;5;13;13117;1;1;1.0;6.0;43,4749100000;5,2281700000;
;1;987;98735;1;8;1.0;6.0; -17,5509500000; -149,5760100000;
;1;973;97302;2;3;3.0;3.0;4,9366300000; -52,2970000000;
;5;13;13206;2;3;1.0;3.0;43,2904300000;5,3758000000;
;1;69;69388;2;2;1.0;2.0;45,7284900000;4,8814600000;
;1;13;13213;2;1;1.0;1.0;43,3381500000;5,4162400000;
;1;69;69383;2;1;1.0;6.0;45,7532400000;4,8631600000;
;1;13;13208;2;1;1.0;3.0;43,2431320864;5,3687462502;
;1;69;69199;2;3;1.0;6.0;45,7071700000;4,8590700000;
;5;69;69388;2;2;1.0;6.0;45,7333400000;4,8787100000;
;1;13;13005;2;3;1.0;3.0;43,2943134462;5,5950201063;
;5;69;69383;2;3;1.0;2.0;45,7545800000;4,8668400000;
;5;87;87085;1;1;1.0;6.0;45,8669600000;1,2769600000;
;2;13;13001;1;1;1.0;3.0;43,4961800000;5,4037900000;
;1;83;83069;2;1;1.0;3.0;43,1157400000;6,1391600000;
;1;08;08409;2;2;1.0;3.0;49,6967610000;4,9387490000;
;1;80;80021;2;3;1.0;6.0;49,8891900000;2,3056500000;
;5;66;66021;2;6;1.0;3.0;42,7318186614;2,9332074523;
;5;05;05061;1;3;1.0;1.0;44,5596000000;6,0863700000;
;1;78;78133;2;1;1.0;3.0;48,9085300000;2,0318400000;
;5;05;05061;2;4;1.0;1.0;44,5657600000;6,0932300000;
;3;83;83120;1;1;1.0;1.0;43,3832393260;5,7362837790;
;3;78;78220;1;1;1.0;6.0;48,7368300000;1,9064200000;
;5;75;75112;2;1;2.0;4.0;48,8276460000;2,3936530000;
;1;78;78029;2;2;1.0;3.0;48,9735800000;1,8422000000;
;3;61;61096;1;3;2.0;1.0;48,5112950000; -0,3945850000;
;1;41;41164;2;1;2.0;7.0;47,2815500000;1,3913440000;
;1;75;75112;2;1;1.0;5.0;48,8335690000;2,4083410000;
;2;25;25222;1;1;2.0;7.0;47,1590010000;6,2626790000;
;4;77;77447;2;1;1.0;6.0;48,5627100000;2,5582300000;
;1;06;06073;1;1;1.0;5.0;44,1902820000;7,0178820000;
;2;75;75113;2;1;2.0;4.0;48,8167070000;2,3651070000;
;5;21;21500;2;1;2.0;6.0;47,5071900000;4,4687000000;
;3;30;30061;1;6;5.0;7.0;43,9336300000;4,2563220000;
;1;77;77307;2;1;1.0;6.0;48,8712000000;2,7506000000;
;5;75;75102;2;3;2.0;3.0;48,8714710000;2,3370840000;
;3;59;59125;1;1;2.0;6.0;50,1337639827;3,1440370754;
;1;75;75106;2;2;1.0;6.0;48,8470930000;2,3302440000;
;1;76;76351;2;2;1.0;3.0;49,4948200000;0,1544900000;
;5;75;75119;2;7;1.0;2.0;48,8863390000;2,3939950000;
;1;74;74218;2;1;1.0;6.0;46,3940500000;6,5385700000;
;3;78;78349;1;1;1.0;5.0;48,5730010000;1,9985680000;
;5;75;75118;2;2;2.0;3.0;48,8977300000;2,3290130000;
;1;72;72181;2;1;1.0;2.0;48,0133600000;0,1993400000;
;3;973;97305;1;9;3.0;6.0;5,0577153910; -52,5627565384;
;1;75;75117;2;7;1.0;6.0;48,8853060000;2,2969070000;
;1;69;69029;2;1;1.0;3.0;45,7509000000;4,9079000000;
;2;971;97128;1;1;1.0;6.0;16,2803240000; -61,3457410000;
;1;971;97115;1;9;1.0;2.0;16,2771570000; -61,6635560000;
;5;75;75117;2;7;8.0;3.0;48,8842520000;2,3026580000;
;1;66;66136;1;1;1.0;2.0;42,6991345509;2,9156302661;
;3;11;11410;1;1;1.0;6.0;43,2505010000;2,4048580000;
;5;75;75116;2;1;1.0;2.0;48,8592300000;2,2896510000;
;1;26;26362;1;1;1.0;6.0;44,9262830000;4,8804190000;
;1;63;63113;2;1;1.0;3.0;45,7841200000;3,0758300000;
;5;75;75116;2;1;1.0;1.0;48,8357490000;2,2630000000;
;3;69;69206;1;1;1.0;7.0;46,0834940000;4,7274360000;
;5;75;75114;2;7;1.0;3.0;48,8374110000;2,3186000000;
;1;63;63113;2;2;1.0;3.0;45,7695900000;3,0872300000;
;5;75;75114;2;2;8.0;7.0;48,8221090000;2,3803350000;
;1;59;59599;2;2;1.0;3.0;50,7360092481;3,1638720632;
;1;86;86222;2;3;1.0;3.0;46,6790830000;0,4089350000;
;5;75;75109;2;1;1.0;6.0;48,8735900000;2,3428260000;
;1;59;59566;2;1;2.0;1.0;50,6312607091;2,9833124578;
;3;27;27097;1;3;3.0;6.0;49,1995886739;1,4069740815;
;5;94;94081;2;1;2.0;1.0;48,7900000000;2,3800000000;
;1;59;59350;2;1;1.0;2.0;50,6495650187;3,0061022043;
;3;76;76535;2;1;1.0;6.0;49,6201090000;1,4859740000;
;2;94;94044;2;1;1.0;3.0;48,7547600000;2,4845600000;
;1;59;59431;2;1;1.0;6.0;50,7022655491;2,8443874419;
;1;56;56098;2;6;1.0;3.0;47,7672200000; -3,3394900000;
;1;94;94016;2;1;1.0;3.0;48,7876530000;2,3370380000;
;1;76;76412;2;6;1.0;3.0;49,4599450000;1,2905450000;
;1;52;52448;1;1;1.0;3.0;48,6209000000;4,9320000000;
;1;94;94016;2;1;1.0;6.0;48,7910680000;2,3245560000;
;3;80;80430;1;1;2.0;6.0;49,9213880000;2,8513810000;
;1;51;51454;1;1;1.0;2.0;49,2433500000;4,0801000000;
;1;71;71014;2;3;1.0;6.0;46,9495180000;4,3003050000;
;1;94;94041;2;2;1.0;2.0;48,8043300000;2,3856500000;
;1;47;47001;2;3;1.0;1.0;44,2071300000;0,6397000000;
;5;94;94028;2;1;9.0;6.0;48,7949600000;2,4599700000;
;1;31;31237;1;1;3.0;1.0;43,0709840000;0,9663890000;
;1;13;13043;1;1;1.0;5.0;43,3836820000;5,2308990000;
;1;45;45285;2;2;1.0;3.0;47,9214877561;1,8819049001;
;3;94;94017;2;1;1.0;3.0;48,8074000000;2,5318000000;
;1;31;31160;2;1;1.0;6.0;43,6785570000;1,2494800000;
;3;42;42044;1;1;1.0;4.0;45,3954400000;4,3397700000;
;1;44;44184;2;2;1.0;3.0;47,2781700000; -2,2211900000;
;1;94;94017;2;3;1.0;3.0;48,8155100000;2,5180400000;
;1;70;70473;1;1;1.0;1.0;47,8033330000;6,4020790000;
;1;44;44184;1;2;1.0;3.0;47,3000263000; -2,2396267000;
;1;72;72071;2;2;1.0;3.0;47,6927430000;0,4164720000;
;1;93;93066;1;1;1.0;2.0;48,9333000000;2,3421400000;
;5;94;94034;1;1;1.0;5.0;48,7592617334;2,3231599645;
;1;43;43002;2;1;1.0;6.0;45,0504800000;3,8841400000;
;1;06;06059;2;9;1.0;3.0;43,7338520000;7,3522620000;
;5;93;93048;2;1;1.0;6.0;48,8663756446;2,4360224605;