Num_Acc;lum;departement;commune;agglomeration;intersection;meteo;type_collision;lat;long;date
;3;91;91286;1;1;1.0;2.0;48,6577000000;2,3765700000;
;1;50;50130;1;1;1.0;7.0;48,7912380000; -1,1910990000;
;1;37;37261;2;2;1.0;3.0;47,3860400000;0,6947100000;
;1;93;93079;2;1;2.0;6.0;48,9623869154;2,3445966840;
;3;35;35150;2;6;1.0;6.0;48,3518773682; -1,2342694402;
;1;40;40046;2;3;8.0;5.0;44,4108040000; -1,1711700000;
;5;93;93027;2;2;2.0;3.0;48,9209600000;2,3831400000;
;1;91;91689;1;1;1.0;5.0;48,7270000000;2,3130000000;
;1;04;04004;1;1;1.0;2.0;43,7891270000;6,0284900000;
;3;93;93010;2;2;1.0;3.0;48,9044000000;2,4731900000;
;1;85;85265;1;2;8.0;3.0;46,4036200000; -0,7223200000;
;5;95;95641;1;1;1.0;3.0;49,0768434708;2,5519233942;
;1;33;33063;2;2;1.0;6.0;44,8784000000; -0,5438000000;
;1;93;93010;2;1;1.0;6.0;48,8883710000;2,4818920000;
;3;68;68266;1;1;8.0;2.0;47,8802400000;7,3828980000;
;1;29;29232;2;1;1.0;2.0;47,9783600000; -4,0704600000;
;5;93;93066;1;9;1.0;4.0;48,9250558882;2,3571038246;
;5;93;93005;2;3;2.0;6.0;48,9397220000;2,5078760000;
;3;93;93064;1;1;1.0;3.0;48,8627900000;2,4829700000;
;5;92;92049;2;2;1.0;6.0;48,8180000000;2,3223300000;
;2;28;28134;2;2;1.0;3.0;48,7382000000;1,3610900000;
;5;95;95212;1;1;3.0;6.0;49,0259198913;2,5364959224;
;3;988;98805;1;4;1.0;6.0; -22,1830800000;166,4331800000;
;2;92;92049;2;2;1.0;2.0;48,8153400000;2,3175900000;
;2;69;69244;2;1;1.0;6.0;45,7700860000;4,7886340000;
;1;77;77373;1;1;2.0;6.0;48,7952300000;2,6204300000;
;1;92;92020;2;4;1.0;3.0;48,8067800000;2,2981700000;
;1;33;33205;1;1;1.0;2.0;44,6202880000; -0,3891780000;
;5;92;92035;2;1;2.0;6.0;48,9113440775;2,2546002567;
;3;30;30344;1;1;1.0;7.0;43,7496000000;4,2314530000;
;5;27;27681;2;9;1.0;3.0;49,0930915000;1,4881906000;
;3;22;22278;2;1;2.0;1.0;48,5070800000; -2,7323300000;
;5;988;98817;2;3;2.0;6.0; -22,2712760000;166,6180190000;
;1;92;92025;2;2;1.0;6.0;48,9315193281;2,2578484118;
;1;25;25056;2;1;1.0;6.0;47,2350220000;5,9846220000;
;1;92;92036;2;3;8.0;7.0;48,9194550000;2,3130790000;
;3;22;22187;1;1;1.0;7.0;48,5410000000; -2,8330000000;
;1;973;97304;2;1;1.0;3.0;5,1559100000; -52,6702110000;
;2;17;17275;1;1;1.0;3.0;45,7372300000; -0,7013500000;
;1;92;92004;2;1;1.0;6.0;48,9127230000;2,2961920000;
;1;972;97230;1;1;1.0;1.0;14,7307570000; -60,9822430000;
;5;17;17028;2;1;1.0;6.0;46,1345800000; -1,1193400000;
;1;92;92002;2;1;1.0;6.0;48,7545574046;2,2980016172;
;2;22;22187;2;1;1.0;4.0;48,5458400000; -2,7885700000;
;3;37;37166;1;1;2.0;1.0;47,4984960000;0,8974130000;
;1;13;13056;2;1;1.0;7.0;43,3976300000;5,0782200000;
;1;92;92002;2;1;1.0;6.0;48,7441000000;2,2974800000;
;1;13;13097;2;6;1.0;3.0;43,6417470000;4,8016690000;
;1;26;26072;1;1;1.0;6.0;45,1205220000;4,8957930000;
;1;13;13056;2;1;1.0;3.0;43,4045500000;5,0425600000;
;2;67;67411;2;1;1.0;7.0;48,4934370000;7,4607090000;
;1;01;01052;1;1;2.0;1.0;46,0381850000;4,9940750000;
;1;974;97411;2;3;1.0;5.0; -20,8724000000;55,4511200000;
;2;13;13210;2;1;1.0;3.0;43,2837331564;5,4428370984;
;3;67;67506;1;1;1.0;1.0;48,6793720000;7,7166080000;
;1;33;33331;1;1;1.0;6.0;44,5346873382; -0,0759749115;
;1;974;97411;2;1;1.0;6.0; -20,8740800000;55,4506000000;
;1;01;01043;2;1;1.0;2.0;45,8227730000;4,9982160000;
;5;13;13207;2;4;1.0;3.0;43,2812900000;5,3690500000;
;5;31;31022;2;1;2.0;1.0;43,6760740000;1,4242960000;
;1;11;11069;2;1;8.0;7.0;43,2189223931;2,3517501354;
;1;69;69141;2;3;8.0;1.0;45,6159510000;4,6746240000;
;1;974;97407;2;1;1.0;1.0; -20,9367600000;55,3006200000;
;1;68;68145;2;1;1.0;7.0;48,0812930000;7,3895190000;
;1;07;07281;1;1;1.0;7.0;44,9355400000;4,7940100000;
;5;09;09314;1;1;1.0;6.0;43,0719000000;1,8003240000;
;1;28;28088;2;7;1.0;6.0;48,0703760000;1,3281410000;
;1;973;97302;1;6;1.0;3.0;4,9078032534; -52,3225325346;
;1;06;06069;2;1;1.0;6.0;43,6343000000;6,9519600000;
;1;27;27412;1;1;1.0;5.0;49,2404940000;1,1133100000;
;5;972;97222;2;1;1.0;6.0;14,6777280000; -60,9380720000;
;1;69;69382;2;3;8.0;1.0;45,7412499804;4,8240351676;
;1;75;75120;2;4;1.0;3.0;48,8688270000;2,4132520000;
;1;13;13106;1;1;1.0;4.0;43,3923500000;5,3511600000;
;5;972;97217;2;3;1.0;6.0;14,4721100000; -60,8717170000;
;5;69;69382;2;3;2.0;2.0;45,7630100000;4,8383600000;
;3;13;13071;1;1;1.0;7.0;43,4181780000;5,2736890000;
;1;51;51203;1;1;2.0;7.0;49,0462580000;4,4234350000;
;1;75;75120;2;1;1.0;4.0;48,8739650000;2,4112290000;
;1;2B;2B033;2;2;1.0;1.0;42,6760000000;9,4387000000;
;1;56;56251;2;1;7.0;6.0;47,6108090000; -2,6824020000;
;1;59;59560;1;1;1.0;5.0;50,5493716332;3,0588984489;
;5;67;67435;2;1;2.0;6.0;48,9264330000;7,0824910000;
;5;2B;2B033;2;2;1.0;1.0;42,6992000000;9,4511300000;
;1;75;75120;2;2;1.0;3.0;48,8768020000;2,4119920000;
;3;971;97101;1;1;1.0;6.0;16,2797454151; -61,5104556084;
;3;11;11274;1;1;2.0;1.0;43,0911980000;2,1428540000;
;1;94;94034;1;1;1.0;4.0;48,7568982229;2,3308260251;
;1;75;75119;2;4;1.0;6.0;48,8882340000;2,3958310000;
;3;63;63139;2;1;1.0;6.0;45,3811620000;3,7576250000;
;5;971;97113;1;1;1.0;1.0;16,2162100000; -61,4379700000;
;1;75;75119;2;1;1.0;6.0;48,8989743571;2,3869063289;
;1;91;91521;1;1;1.0;5.0;48,6335170000;2,4049460000;
;1;971;97105;2;6;1.0;3.0;15,9987268300; -61,7207756639;
;3;49;49176;1;1;1.0;4.0;47,6374680000; -0,7251510000;
;3;92;92078;2;1;1.0;5.0;48,9296199221;2,3281884729;
;1;75;75118;2;2;1.0;3.0;48,8912700000;2,3632790000;
;5;95;95280;2;1;2.0;6.0;49,0251757345;2,4636679888;
;1;75;75117;2;1;1.0;6.0;48,8904840000;2,2983070000;
;3;86;86069;1;1;1.0;1.0;46,9013400000;0,1320560000;
;1;95;95197;2;1;2.0;3.0;48,9753346085;2,3353081942;
;1;95;95252;1;1;1.0;4.0;48,9859531675;2,2421604395;
;1;75;75117;2;2;1.0;3.0;48,8974210000;2,3231340000;
;3;95;95582;1;1;1.0;6.0;48,9642465504;2,2687062621;
;5;91;91377;2;1;1.0;6.0;48,7376100000;2,2716100000;
;5;39;39230;2;4;2.0;6.0;46,6703930000;5,8240640000;
;1;94;94028;1;1;1.0;2.0;48,8007000000;2,4470700000;
;1;75;75117;2;2;1.0;3.0;48,8819370000;2,2919750000;
;1;88;88160;2;1;2.0;3.0;48,1811800000;6,4476400000;
;1;29;29160;1;1;1.0;2.0;48,5106560000; -4,3764960000;
;1;59;59599;2;3;1.0;6.0;50,7305570000;3,1338580000;
;1;75;75116;2;2;1.0;6.0;48,8546850000;2,2693890000;
;5;87;87085;2;2;2.0;6.0;45,8252900000;1,2724500000;
;1;75;75112;2;4;1.0;2.0;48,8416950007;2,3869715631;
;3;02;02687;1;1;1.0;6.0;49,2999980000;3,2013990000;
;3;84;84007;2;2;1.0;3.0;43,9404200000;4,8687900000;
;1;75;75116;2;1;1.0;6.0;48,8575430000;2,2647790000;
;3;974;97407;2;1;1.0;4.0; -20,9591700000;55,3211000000;
;3;03;03036;1;1;8.0;6.0;46,5774150000;3,0785110000;
;1;75;75116;2;1;1.0;2.0;48,8561501165;2,2375347930;
;2;77;77445;2;3;1.0;3.0;48,5980110000;2,5799690000;
;1;01;01273;1;1;1.0;1.0;46,0897770000;5,3747060000;
;2;973;97302;2;3;2.0;3.0;4,9380900000; -52,3064600000;
;5;76;76540;2;2;2.0;6.0;49,4507800000;1,0577000000;
;3;54;54216;1;3;1.0;3.0;48,4649683840;6,3529515268;
;1;95;95127;2;1;1.0;3.0;49,0442022879;2,0275729895;
;1;75;75115;2;7;1.0;3.0;48,8271864560;2,2926168256;
;1;74;74010;2;1;3.0;6.0;45,8940000000;6,1062000000;
;1;30;30011;2;9;1.0;6.0;43,9600000000;4,7506000000;
;3;72;72137;1;1;1.0;6.0;48,4322580000;0,1620620000;
;5;72;72181;2;9;2.0;3.0;47,9804900000;0,2258400000;
;1;72;72181;2;3;1.0;6.0;47,9976200000;0,2148900000;
;3;72;72344;1;1;1.0;6.0;47,9409140000;0,1642260000;
;1;75;75115;2;2;1.0;3.0;48,8285600000;2,3014040000;
;5;69;69264;1;1;1.0;6.0;45,9892443681;4,7248238325;
;5;72;72181;2;9;2.0;2.0;48,0101700000;0,1961600000;
;1;50;50046;1;1;1.0;6.0;49,1391970000; -0,9213870000;
;1;75;75113;2;7;1.0;3.0;48,8436928974;2,3646694307;
;3;68;68271;2;1;1.0;4.0;47,7500388042;7,3616498710;
;1;36;36042;1;1;2.0;3.0;46,6532117810;1,4548140764;
;5;72;72181;2;1;1.0;1.0;47,9789500000;0,2146400000;
;1;67;67482;2;1;1.0;3.0;48,5461860336;7,7702468634;
;5;85;85146;2;6;8.0;6.0;46,9787230000; -1,3024700000;
;1;75;75112;2;3;1.0;3.0;48,8489064791;2,3719876264;
;5;72;72181;2;1;1.0;3.0;48,0093500000;0,2077600000;
;3;87;87030;1;1;2.0;6.0;45,8517870000;0,8624210000;
;1;67;67482;2;1;1.0;4.0;48,5689400000;7,7570100000;
;1;75;75111;2;3;1.0;6.0;48,8579869657;2,3815644978;
;3;87;87109;1;1;1.0;6.0;46,2210960000;1,0395600000;
;1;64;64445;2;1;1.0;7.0;43,3358100000; -0,3631300000;
;5;69;69290;2;2;2.0;2.0;45,7054700000;4,9347500000;
;1;75;75110;2;2;1.0;3.0;48,8693310000;2,3542590000;
;1;55;55545;2;6;1.0;3.0;49,1614600000;5,3899000000;
;5;69;69199;2;1;2.0;3.0;45,6931600000;4,8600700000;
;1;75;75109;2;1;1.0;6.0;48,8834220738;2,3478308046;
;1;51;51454;2;6;3.0;2.0;49,2198900000;4,0343500000;
;1;49;49007;2;1;1.0;6.0;47,4506400000; -0,5603800000;
;1;75;75104;2;2;1.0;6.0;48,8508280000;2,3614490000;
;1;42;42186;2;1;1.0;6.0;45,5289790000;4,6134400000;
;1;94;94074;2;1;1.0;3.0;48,7489100000;2,4547000000;
;5;69;69271;2;2;2.0;2.0;45,7358400000;4,9672100000;
;1;38;38151;2;9;1.0;3.0;45,1506200000;5,7208900000;
;1;94;94021;2;1;1.0;2.0;48,7689100000;2,3371700000;
;5;37;37261;2;1;2.0;6.0;47,3632369057;0,6952205300;
;1;37;37261;2;1;1.0;7.0;47,4144990295;0,6863320246;
;1;94;94071;2;6;1.0;6.0;48,7666720000;2,5325920000;
;5;33;33529;2;6;1.0;6.0;44,6477207855; -1,1532036960;
;1;93;93073;2;1;1.0;6.0;48,9514530000;2,5697550000;
;1;29;29019;2;1;1.0;3.0;48,3913520000; -4,4360310000;
;1;69;69029;2;6;8.0;5.0;45,7316800000;4,9306700000;
;3;93;93063;2;1;1.0;6.0;48,8936317835;2,4359151721;
;1;25;25056;2;2;1.0;1.0;47,2624970000;6,0401240000;
;1;93;93032;2;1;1.0;6.0;48,8827800000;2,5263300000;
;1;11;11069;2;1;1.0;6.0;43,2109000000;2,3394900000;
;1;10;10387;2;1;8.0;6.0;48,3052900000;4,0741900000;
;1;93;93031;2;2;1.0;3.0;48,9617100000;2,2951300000;
;5;06;06029;2;1;1.0;6.0;43,5497300000;6,9699000000;
;1;69;69259;2;2;1.0;3.0;45,7031600000;4,8874700000;
;5;05;05061;2;6;1.0;6.0;44,5577300000;6,0685000000;
;1;93;93029;2;9;1.0;3.0;48,9184219498;2,4199265242;
;3;04;04112;1;1;1.0;7.0;43,8015800000;5,7888100000;
;5;66;66136;2;3;1.0;6.0;42,6974800000;2,8890500000;
;1;93;93053;2;1;1.0;4.0;48,9020790000;2,4613400000;
;1;75;75120;2;4;1.0;2.0;48,8753180000;2,4103850000;
;5;75;75117;2;1;2.0;2.0;48,8859000000;2,2881190000;
;5;93;93007;2;6;1.0;2.0;48,9473900000;2,4586100000;
;5;65;65440;2;2;1.0;3.0;43,2245000000;0,0653100000;
;1;75;75116;2;1;1.0;3.0;48,8770500000;2,2793560000;
;1;92;92049;2;7;1.0;7.0;48,8161825662;2,3115623295;
;1;75;75112;2;2;1.0;3.0;48,8458408686;2,3676422238;
;2;92;92009;2;1;1.0;3.0;48,9069111879;2,2638922334;
;5;65;65047;2;2;1.0;3.0;43,2502000000;0,0896300000;
;1;75;75118;2;2;1.0;6.0;48,8895040189;2,3357520998;
;1;75;75118;2;1;8.0;1.0;48,8932490000;2,3508040000;
;2;64;64445;2;1;1.0;6.0;43,3045600000; -0,3663000000;
;1;92;92002;2;1;1.0;2.0;48,7573345545;2,3065467328;
;1;75;75117;2;1;1.0;6.0;48,8875000000;2,3143740000;
;1;14;14228;1;1;1.0;3.0;49,2835120000; -0,4077390000;
;1;64;64445;2;1;1.0;2.0;43,3082958936; -0,3640723228;
;1;75;75116;2;1;1.0;3.0;48,8419827395;2,2674603760;
;1;14;14117;1;1;8.0;1.0;49,2745286778; -0,1258867979;
;1;75;75115;2;1;8.0;3.0;48,8362770826;2,3125697672;
;3;14;14308;1;1;1.0;3.0;49,2211290000; -0,1119020000;
;2;64;64335;1;1;1.0;3.0;43,3455321030; -0,4546612501;
;1;59;59379;1;1;1.0;6.0;50,2963580000;3,2423510000;
;1;75;75115;2;7;1.0;3.0;48,8272106013;2,2926811874;
;1;64;64102;2;3;1.0;6.0;43,4933900000; -1,4615000000;
;1;59;59256;2;3;1.0;3.0;50,5768530000;3,1236470000;
;1;75;75114;2;1;1.0;3.0;48,8246689848;2,3051252961;
;1;62;62119;2;1;2.0;6.0;50,5227910000;2,6273400000;
;1;13;13214;2;1;1.0;2.0;43,3337000000;5,3841900000;
;3;75;75112;2;4;1.0;2.0;48,8267920000;2,3905180000;
;1;61;61117;2;3;2.0;3.0;48,4377300000;0,0579000000;
;1;75;75112;2;1;8.0;2.0;48,8366472404;2,3781833053;
;3;13;13215;1;1;1.0;2.0;43,3668451797;5,3606747791;
;1;75;75111;2;2;1.0;3.0;48,8660220000;2,3663260000;
;1;33;33063;1;1;1.0;4.0;44,8809250000; -0,5421490000;
;5;60;60057;2;2;1.0;3.0;49,4141400000;2,1060400000;
;1;75;75112;2;2;8.0;3.0;48,8486330000;2,3725470000;
;2;59;59350;2;1;2.0;6.0;50,6327800000;3,0587500000;
;1;94;94028;2;1;1.0;6.0;48,7984800000;2,4550400000;
;1;91;91645;1;1;1.0;2.0;48,7597685540;2,2622524024;
;1;94;94068;2;9;1.0;2.0;48,7992200000;2,4712200000;
;5;59;59410;2;1;2.0;3.0;50,6420947840;3,1091201305;
;1;94;94068;2;1;8.0;6.0;48,8049500000;2,4715700000;
;1;91;91136;1;1;1.0;6.0;48,7161600000;2,2662600000;
;1;78;78140;1;1;1.0;7.0;48,9624900000;1,9281300000;
;5;94;94041;2;1;1.0;2.0;48,8162000000;2,4037600000;
;4;55;55545;2;3;1.0;3.0;49,1676292924;5,3943112493;
;1;92;92036;1;1;1.0;6.0;48,9209983571;2,3063262118;
;1;94;94028;2;2;8.0;2.0;48,7779700000;2,4602700000;
;1;95;95424;1;1;1.0;2.0;48,9909565319;2,1928989887;
;1;93;93064;1;1;1.0;2.0;48,8853500000;2,4725100000;
;1;94;94017;2;3;1.0;5.0;48,8224060254;2,4922989607;
;1;93;93064;1;1;1.0;7.0;48,8842701357;2,4695885075;
;1;54;54261;2;4;1.0;3.0;49,5221600000;5,7927700000;
;2;94;94071;2;3;1.0;6.0;48,7596100000;2,5293600000;
;1;77;77514;1;1;1.0;5.0;48,9358000000;2,6279700000;
;1;94;94070;2;2;2.0;3.0;48,7199500000;2,5664100000;
;1;51;51454;2;2;2.0;7.0;49,2608790806;4,0489313006;
;1;19;19019;1;1;1.0;6.0;44,9894790000;1,8229580000;
;2;93;93039;2;3;2.0;1.0;48,9504800000;2,3067100000;
;2;76;76594;2;1;1.0;6.0;49,4906100000;1,0001000000;
;2;51;51454;2;6;2.0;3.0;49,2664400000;4,0451600000;
;1;93;93066;2;2;2.0;1.0;48,9433374937;2,3722873653;
;1;38;38044;1;1;1.0;2.0;45,4949360000;5,3901990000;
;5;51;51454;2;1;3.0;7.0;49,2409800000;4,0337300000;
;1;45;45193;1;1;1.0;7.0;47,8062660000;2,0662450000;
;1;93;93029;2;1;1.0;7.0;48,9228000000;2,4470500000;
;5;50;50025;2;1;1.0;6.0;48,6903020000; -1,3555240000;
;1;93;93029;2;9;3.0;6.0;48,9249400000;2,4476100000;
;1;62;62644;2;1;1.0;7.0;50,6474860000;2,1349740000;
;5;51;51230;2;2;9.0;7.0;49,0464807660;3,9640206099;
;3;85;85196;1;1;1.0;7.0;46,8536830000; -1,2087210000;
;1;93;93047;2;1;8.0;2.0;48,8912800000;2,5522900000;
;1;50;50129;2;1;1.0;2.0;49,6611000000; -1,6808200000;
;1;51;51430;1;1;1.0;2.0;48,8517550000;4,0014050000;
;1;93;93010;2;1;1.0;3.0;48,8888011255;2,4764373564;
;1;88;88162;1;4;1.0;3.0;48,1645250000;6,0618460000;
;1;93;93005;2;3;1.0;3.0;48,9346237333;2,4922549518;
;1;38;38185;2;2;1.0;6.0;45,1767100000;5,7128700000;
;1;93;93005;2;1;8.0;6.0;48,9399034496;2,4900194884;
;1;50;50129;2;2;2.0;3.0;49,6312000000; -1,5859400000;
;1;24;24037;2;1;1.0;6.0;44,8530800000;0,4875700000;
;1;93;93001;2;9;1.0;6.0;48,9115069093;2,3795375902;
;1;92;92075;2;2;8.0;7.0;48,8197170610;2,2934020981;
;3;49;49267;2;1;1.0;4.0;47,4818000000; -0,4991000000;
;1;88;88198;1;1;8.0;1.0;48,1212650000;6,9119830000;
;1;92;92046;2;1;1.0;3.0;48,8229154709;2,3048203289;
;1;33;33199;2;1;1.0;2.0;44,6315230000; -1,0726810000;
;1;63;63226;1;1;1.0;3.0;45,7770830000;3,2470800000;
;4;49;49007;2;1;2.0;6.0;47,4746293515; -0,5747424066;
;2;92;92062;2;1;1.0;3.0;48,8804910000;2,2291370000;
;1;04;04144;1;1;1.0;7.0;43,7474600000;6,3299060000;
;3;49;49267;2;1;2.0;7.0;47,4700300000; -0,4909800000;
;3;42;42094;1;1;1.0;6.0;45,7412091728;4,1978089213;
;1;06;06088;1;1;1.0;6.0;43,7000180000;7,1883230000;
;1;92;92072;2;3;1.0;4.0;48,8258418055;2,2024256587;
;1;72;72236;1;1;1.0;7.0;47,7987860000; -0,3721400000;
;1;38;38449;1;1;1.0;5.0;45,6509250000;5,1367140000;
;1;92;92064;2;1;1.0;3.0;48,8496806093;2,2180122435;
;1;49;49007;2;2;2.0;3.0;47,4855500000; -0,5332900000;
;1;80;80001;2;1;1.0;6.0;50,1103000000;1,8363000000;
;1;38;38188;2;1;1.0;1.0;45,1401870000;5,7909000000;
;1;92;92036;2;1;1.0;6.0;48,9283400000;2,2885100000;
;5;46;46042;2;9;1.0;6.0;44,4537810000;1,4391120000;
;1;92;92024;2;2;1.0;3.0;48,9035731496;2,3175490200;
;1;46;46055;1;1;1.0;2.0;44,5862190000;2,0877030000;
;1;38;38185;2;3;2.0;6.0;45,1700331397;5,7382603989;
;1;09;09272;2;6;1.0;3.0;42,9181780000;1,6405390000;
;1;31;31555;2;1;1.0;2.0;43,6176800000;1,4550050000;
;1;45;45298;2;3;8.0;3.0;47,8773800000;1,8694200000;
;5;976;97610;2;1;1.0;6.0; -12,7341220000;45,1631480000;
;1;33;33284;2;1;1.0;6.0;44,6511690000; -0,8584570000;
;1;08;08403;2;6;2.0;3.0;49,5027510000;4,3601780000;
;5;45;45234;2;1;2.0;6.0;47,8878797084;1,8917636275;
;1;72;72343;1;1;1.0;6.0;47,8280380000; -0,3843660000;
;5;75;75113;2;1;1.0;7.0;48,8170450000;2,3484020000;
;4;45;45004;1;9;9.0;7.0;47,9855800000;2,7422300000;
;3;50;50041;1;1;5.0;6.0;49,5899400000; -1,7689970000;
;5;95;95052;2;1;1.0;3.0;49,1388609242;2,2884553671;
;1;35;35013;1;1;1.0;2.0;47,7193780000; -2,0962030000;
;1;95;95058;2;6;1.0;3.0;49,1573434597;2,2889220715;
;3;35;35228;2;1;1.0;1.0;48,5924360000; -2,1093280000;
;5;45;45208;2;2;2.0;3.0;47,9977400000;2,7365500000;
;1;68;68381;2;4;1.0;6.0;47,8798260000;7,2120520000;
;1;34;34225;1;1;1.0;1.0;43,3746330000;3,0492640000;
;1;22;22084;1;9;1.0;3.0;48,4070950000; -2,3400500000;
;4;44;44114;2;1;3.0;5.0;47,2524720000; -1,6237030000;
;1;26;26096;1;1;1.0;1.0;45,0805250000;4,9551670000;
;1;59;59115;2;1;1.0;7.0;50,2705249012;3,1377580762;
;3;57;57599;1;1;1.0;6.0;49,2074910000;6,4718480000;
;1;42;42071;2;1;8.0;6.0;46,0286700000;4,0883600000;
;1;13;13210;1;1;1.0;3.0;43,2829000000;5,4033000000;
;1;95;95352;2;1;1.0;3.0;49,1179512807;2,4230110645;
;1;69;69043;2;1;1.0;1.0;45,7168700000;4,7619190000;
;5;38;38421;2;1;2.0;6.0;45,1888371057;5,7624479031;
;1;33;33003;1;1;1.0;3.0;44,9320770000; -0,4681320000;
;1;2B;2B242;1;1;1.0;4.0;42,4093418284;9,5310232014;
;3;83;83086;1;1;1.0;2.0;43,4605199808;6,5948867798;
;1;91;91534;1;1;8.0;7.0;48,7315600000;2,1670200000;
;5;37;37261;1;1;2.0;6.0;47,3908900000;0,6817700000;
;1;47;47239;1;1;1.0;7.0;44,4126900000;0,5474160000;
;3;94;94021;1;1;1.0;6.0;48,7700000000;2,3440000000;
;1;67;67437;2;3;1.0;6.0;48,7434940000;7,3607650000;
;1;37;37261;2;1;1.0;6.0;47,4204800000;0,7167200000;
;2;86;86045;1;1;1.0;7.0;46,4358160000;0,1868750000;
;1;62;62599;1;1;1.0;6.0;50,7508680000;1,8665920000;
;1;37;37208;2;1;8.0;6.0;47,3676100000;0,7309000000;
;3;91;91286;1;1;1.0;5.0;48,6519600000;2,3825000000;
;1;68;68138;2;9;8.0;7.0;47,5871100000;7,2585890000;
;1;38;38194;1;2;1.0;3.0;45,3604160000;5,4339090000;
;1;25;25411;2;6;1.0;7.0;47,0541780000;6,6013520000;
;1;37;37261;2;1;2.0;3.0;47,3869000000;0,6982500000;
;2;05;05055;2;1;1.0;7.0;44,5704070000;5,7365800000;
;5;35;35238;2;1;1.0;6.0;48,1009891277; -1,6497489810;
;1;54;54478;1;2;1.0;3.0;49,1301377374;5,9672203642;
;3;50;50539;2;1;1.0;7.0;49,6620670000; -1,4094710000;
;1;91;91161;1;1;1.0;5.0;48,7130000000;2,3080000000;
;1;83;83070;1;1;1.0;7.0;43,1499760000;6,4419630000;
;1;64;64539;1;1;8.0;6.0;43,2777600000; -1,0103670000;
;1;35;35055;1;1;1.0;2.0;48,0923570000; -1,6263720000;
;1;92;92077;1;1;1.0;6.0;48,8185495660;2,1559642527;
;3;18;18253;1;1;1.0;6.0;47,1760310000;2,5393310000;
;5;31;31555;2;1;1.0;6.0;43,6349200000;1,4778000000;
;1;71;71003;1;2;1.0;3.0;46,9237910000;4,9436730000;
;1;78;78640;1;1;2.0;2.0;48,7815980000;2,1672990000;
;1;16;16011;1;6;8.0;3.0;45,7699700000;0,1914130000;
;2;25;25634;1;1;2.0;5.0;46,9337900000;6,3427100000;
;3;95;95682;1;1;3.0;2.0;49,0684866141;2,3847144842;
;1;34;34169;1;4;1.0;3.0;43,6679180000;3,8678420000;
;1;40;40218;1;1;1.0;3.0;43,9231450534;0,0176067784;
;5;974;97416;2;1;1.0;6.0; -21,2994773234;55,4491567612;
;1;57;57425;1;1;1.0;6.0;48,9773160000;6,3355280000;
;3;06;06088;1;1;1.0;2.0;43,6837790000;7,1920320000;
;1;25;25056;2;1;2.0;2.0;47,2348300000;6,0119700000;
;1;51;51641;2;1;1.0;7.0;48,8384210000;3,7890710000;
;2;974;97408;2;1;1.0;6.0; -20,9254780000;55,3377650000;
;1;974;97411;2;1;1.0;7.0; -20,9121500000;55,4117000000;
;1;79;79290;1;1;1.0;7.0;46,4448800000; -0,6014400000;
;1;971;97116;1;1;1.0;6.0;16,3239700000; -61,4129300000;
;3;22;22360;2;6;3.0;3.0;48,4932700000; -2,7623900000;
;3;80;80509;1;1;1.0;6.0;49,8286710000;2,8845760000;
;1;974;97411;2;1;1.0;2.0; -20,8856000000;55,4554100000;
;1;89;89400;2;1;1.0;6.0;47,5581460000;3,3333120000;
;1;77;77088;2;1;1.0;6.0;48,3193090000;2,5741010000;
;5;17;17300;2;1;2.0;3.0;46,1530610000; -1,1142530000;
;1;974;97411;1;1;1.0;1.0; -20,8871300000;55,4399900000;
;1;63;63148;1;1;1.0;6.0;45,8881779057;3,1917013228;
;2;95;95199;2;6;8.0;3.0;49,0338170000;2,3418580000;
;1;13;13054;2;1;1.0;1.0;43,4074500000;5,2272400000;
;1;973;97302;2;2;1.0;3.0;4,9383331028; -52,3281893134;
;1;91;91461;2;1;1.0;1.0;48,6001120000;2,2356530000;
;1;46;46170;2;9;1.0;6.0;44,7827470000;1,8994330000;
;5;13;13205;2;1;1.0;3.0;43,2944800000;5,4013400000;
;1;973;97302;2;1;7.0;3.0;4,9348858882; -52,3211377859;
;1;22;22055;1;1;1.0;3.0;48,6020660000; -2,8373320000;
;1;38;38087;2;1;1.0;6.0;45,5819530000;4,7929040000;
;1;13;13001;2;6;1.0;3.0;43,5279700000;5,4112300000;
;1;973;97302;2;1;1.0;2.0;4,9194500000; -52,3218300000;
;1;29;29267;1;1;1.0;6.0;48,1590590000; -3,8828450000;
;1;38;38061;2;1;1.0;3.0;45,3296580000;5,6210090000;
;1;29;29024;2;1;1.0;6.0;48,2823492082; -3,5776682049;
;5;69;69387;2;1;8.0;2.0;45,7442500000;4,8447800000;
;3;11;11069;1;1;1.0;1.0;43,2177700000;2,3089600000;
;1;27;27279;2;1;1.0;1.0;49,0845760000;1,6135630000;
;2;60;60195;1;1;1.0;7.0;49,2251090000;1,8315840000;
;1;38;38416;2;3;1.0;1.0;45,1553450000;5,3103690000;
;2;69;69387;2;2;1.0;3.0;45,7381000000;4,8377500000;
;1;11;11069;2;1;1.0;2.0;43,2123800000;2,3255100000;
;3;69;69029;1;1;1.0;6.0;45,7292684114;4,8960775137;
;1;02;02810;2;1;1.0;2.0;49,2535380000;3,0909400000;
;1;59;59654;1;1;1.0;7.0;50,3939550477;3,1198315322;
;2;69;69383;2;2;1.0;3.0;45,7529032960;4,8520562053;
;1;03;03236;2;2;1.0;1.0;46,2053750000;3,4366150000;
;5;06;06088;2;3;1.0;3.0;43,7014030000;7,2843780000;
;1;78;78466;1;1;2.0;4.0;48,9312220000;1,9790590000;
;5;69;69387;2;1;1.0;6.0;45,7307481837;4,8333750665;
;1;01;01241;1;1;7.0;1.0;46,2499040000;5,3354390000;
;1;06;06069;2;1;1.0;6.0;43,6493750000;6,9236160000;
;1;95;95306;1;1;1.0;2.0;48,9971000000;2,1797700000;
;1;26;26240;1;1;1.0;6.0;44,8174180000;5,1632740000;
;1;972;97213;1;1;1.0;3.0;14,5964600000; -60,9789400000;
;3;06;06027;2;9;1.0;3.0;43,6621100000;7,1268520000;
;1;54;54076;1;1;1.0;6.0;48,5564436847;6,4217448243;
;3;94;94017;1;1;1.0;2.0;48,8295389382;2,4980603393;
;5;972;97209;2;1;1.0;2.0;14,6148100000; -61,0510500000;
;2;94;94017;1;1;1.0;2.0;48,8302100000;2,4870800000;
;3;72;72076;1;1;1.0;7.0;48,4418200000;0,1630000000;
;1;02;02805;2;3;2.0;3.0;49,3799600000;3,3576000000;
;3;72;72146;1;9;1.0;7.0;47,8852640000;0,1426410000;
;1;69;69152;2;6;1.0;3.0;45,6949800000;4,8266900000;
;1;31;31149;2;1;6.0;3.0;43,6056188332;1,3396668434;
;5;02;02691;2;1;2.0;6.0;49,8530000000;3,2898000000;
;1;69;69034;2;1;1.0;6.0;45,7830600000;4,8440900000;