Num_Acc;lum;departement;commune;agglomeration;intersection;meteo;type_collision;lat;long;date
;5;93;93008;2;1;1.0;6.0;48,9046411311;2,4444268942;
;1;06;06079;2;6;1.0;3.0;43,5490970000;6,9423810000;
;1;95;95058;1;1;1.0;5.0;49,1624560000;2,3054340000;
;5;51;51507;2;9;1.0;6.0;49,0920200000;4,8990170000;
;1;92;92078;2;1;1.0;3.0;48,9269990000;2,3264600000;
;1;50;50455;1;2;1.0;3.0;49,1905390000; -1,0409120000;
;5;40;40065;2;1;1.0;6.0;43,6360260000; -1,4388720000;
;5;92;92063;2;1;2.0;3.0;48,8871457522;2,1800925135;
;1;64;64108;1;1;2.0;1.0;43,4944480000; -0,9105560000;
;1;92;92020;2;2;2.0;3.0;48,8059891679;2,2789164931;
;5;57;57474;2;2;1.0;2.0;49,2617270000;6,1678470000;
;1;73;73103;2;1;1.0;2.0;45,6629972082;5,9089702596;
;1;49;49092;1;1;1.0;3.0;47,1882400000; -0,7918310000;
;5;57;57160;2;1;1.0;3.0;49,1951630000;6,6817960000;
;1;92;92012;2;6;1.0;3.0;48,8407169559;2,2281646729;
;3;18;18065;1;9;2.0;;46,8389050000;2,1060970000;
;1;79;79048;2;1;1.0;3.0;46,3837750000; -0,2850490000;
;3;16;16059;1;1;2.0;6.0;46,0059550000;0,0223560000;
;1;49;49092;1;3;1.0;3.0;47,2567910000; -0,6878260000;
;1;974;97415;2;3;1.0;3.0; -20,9776890000;55,3209040000;
;1;33;33555;2;6;1.0;6.0;44,6903000000; -0,8589000000;
;3;17;17337;2;1;2.0;7.0;45,9720530000; -1,2920100000;
;2;62;62095;1;1;1.0;6.0;50,5384010000;2,2327750000;
;3;52;52295;1;1;8.0;7.0;48,0397690000;5,2707450000;
;1;76;76445;1;9;1.0;3.0;49,6296181487;1,3492074609;
;1;83;83130;1;1;1.0;2.0;43,1948990503;6,0398840906;
;1;13;13117;1;1;1.0;2.0;43,4400000000;5,2490000000;
;1;62;62758;2;1;1.0;5.0;50,7300790000;1,6256490000;
;1;77;77305;1;1;9.0;1.0;48,3987500000;2,9768470000;
;1;68;68044;1;1;1.0;3.0;48,1376550000;7,0622130000;
;3;13;13215;1;1;1.0;3.0;43,3579179734;5,3625932336;
;1;51;51153;1;1;1.0;1.0;49,0239610000;3,9845450000;
;1;03;03305;1;1;1.0;6.0;46,3759290000;2,6755680000;
;1;51;51193;1;1;1.0;3.0;49,0125130000;4,5641430000;
;3;972;97210;1;1;2.0;6.0;14,6089580000; -60,9279440000;
;5;69;69029;1;1;1.0;2.0;45,7385000000;4,9043900000;
;1;56;56041;1;1;1.0;6.0;48,0989240000; -3,0686280000;
;3;38;38193;1;1;2.0;2.0;45,6127690000;5,2007170000;
;1;76;76757;1;1;1.0;1.0;49,7045000000;0,8071520000;
;5;973;97309;2;1;1.0;7.0;4,8915190000; -52,2746180000;
;4;69;69290;1;1;1.0;4.0;45,6835100000;4,9618600000;
;1;11;11140;2;1;1.0;1.0;43,1477370000;2,7293590000;
;5;69;69382;2;1;1.0;7.0;45,7351500000;4,8191900000;
;2;79;79123;1;1;2.0;1.0;46,7273160000; -0,6738570000;
;1;13;13038;2;1;1.0;1.0;43,7254640000;4,7086130000;
;1;2B;2B096;1;1;2.0;7.0;42,2849770000;9,1640350000;
;1;73;73184;1;1;1.0;2.0;45,5799710000;5,8055020000;
;3;67;67482;1;1;1.0;4.0;48,5867700000;7,7160600000;
;1;80;80385;1;1;1.0;2.0;50,1248700000;1,8021230000;
;1;26;26339;1;1;7.0;2.0;44,6340320000;4,7920990000;
;2;988;98804;2;1;1.0;1.0; -21,5134680000;165,9427360000;
;1;65;65220;2;4;1.0;6.0;43,1649750000;0,0357060000;
;3;91;91471;1;1;1.0;4.0;48,7128900000;2,1801100000;
;1;974;97422;2;1;1.0;7.0; -21,2252720000;55,5678280000;
;1;49;49018;1;9;1.0;1.0;47,5233670000; -0,1009480000;
;1;94;94021;1;1;2.0;3.0;48,7602123240;2,3386485204;
;1;23;23002;1;3;1.0;1.0;46,2077550000;2,0104630000;
;2;46;46152;1;1;2.0;6.0;44,8267230000;1,4340740000;
;2;45;45108;1;1;2.0;1.0;47,5944030239;2,4954110339;
;1;46;46105;1;1;1.0;6.0;44,4191800000;1,4867110000;
;1;22;22266;2;1;8.0;7.0;48,2409770000; -3,3146360000;
;3;78;78297;1;1;1.0;4.0;48,7884810000;2,0682020000;
;4;66;66164;1;1;1.0;2.0;42,7784880000;2,9064630000;
;1;02;02089;1;6;1.0;3.0;49,3685270000;3,3635010000;
;2;05;05118;1;1;5.0;6.0;44,2167320000;5,8680620000;
;1;52;52189;1;1;1.0;2.0;47,7037620000;5,1871830000;
;5;92;92048;1;1;1.0;1.0;48,7886364714;2,2215270650;
;3;67;67132;1;1;2.0;7.0;48,8712460000;7,7205460000;
;1;01;01034;2;1;8.0;2.0;45,7597700000;5,6882520000;
;3;12;12131;1;1;1.0;3.0;44,4153600000;2,6350000000;
;1;55;55120;1;1;3.0;6.0;48,7302090000;5,1034930000;
;1;93;93005;1;1;1.0;4.0;48,9601700000;2,4675400000;
;3;58;58311;1;1;1.0;6.0;46,9479630000;3,5006050000;
;1;86;86165;2;9;1.0;6.0;46,4297990000;0,8786570000;
;3;92;92036;1;1;1.0;2.0;48,9435929610;2,2873958945;
;2;57;57659;2;6;1.0;3.0;49,2044240000;6,9562660000;
;1;06;06112;2;3;1.0;1.0;43,6764600000;7,0184480000;
;1;74;74213;1;1;1.0;6.0;45,9092710000;6,0846020000;
;3;93;93005;1;1;1.0;6.0;48,9638400000;2,4739400000;
;1;07;07218;1;1;6.0;6.0;44,9616250000;4,5501640000;
;5;73;73328;2;1;3.0;3.0;45,6577160000;5,9088210000;
;1;41;41008;1;1;1.0;6.0;47,7390770000;1,5243370000;
;1;53;53262;2;2;8.0;7.0;48,0601200000; -0,5702110000;
;3;75;75112;1;1;1.0;2.0;48,8193730000;2,4581050000;
;2;79;79042;1;1;7.0;1.0;46,3707990000; -0,0849290000;
;1;53;53152;1;1;1.0;3.0;47,9606600000; -0,5419890000;
;1;17;17102;1;1;2.0;7.0;45,6989450000; -0,6634070000;
;3;94;94028;1;1;1.0;7.0;48,7760900000;2,4287200000;
;1;42;42308;1;1;1.0;1.0;45,4440240000;4,6081260000;
;1;30;30221;1;1;1.0;6.0;44,0507380000;4,7517160000;
;1;37;37055;2;2;1.0;3.0;47,4785027266;0,2659202367;
;3;77;77121;1;1;1.0;5.0;48,8315526731;2,6773766725;
;1;64;64460;1;1;1.0;5.0;43,1842939012; -0,5787375764;
;3;52;52099;1;1;8.0;3.0;48,5928670000;5,0416890000;
;1;30;30334;2;1;7.0;6.0;44,0114770000;4,4146560000;
;2;33;33063;2;1;1.0;2.0;44,8656700000; -0,5743400000;
;5;80;80826;2;1;2.0;3.0;50,1088650000;1,4960690000;
;1;22;22171;1;1;1.0;2.0;48,4373010000; -2,8139380000;
;1;2B;2B143;1;3;1.0;2.0;42,2392100000;9,5456650000;
;1;13;13202;1;1;1.0;2.0;43,3087460000;5,3665160000;
;1;974;97411;2;2;2.0;3.0; -20,8755500000;55,4519200000;
;1;95;95580;2;1;1.0;6.0;49,0928770000;2,5282180000;
;1;973;97302;2;2;1.0;3.0;4,9329084081; -52,3332962394;
;5;33;33167;1;1;2.0;2.0;44,8410000000; -0,5010000000;
;1;62;62404;2;1;1.0;6.0;50,1576040000;2,4257010000;
;1;973;97305;1;1;8.0;2.0;5,0407800000; -52,5108080000;
;2;973;97302;1;1;1.0;2.0;4,9013000000; -52,3249900000;
;1;91;91347;1;1;2.0;2.0;48,6221000000;2,2831200000;
;1;29;29233;2;1;2.0;3.0;47,8662750000; -3,5610530000;
;1;77;77002;1;1;1.0;7.0;48,7460090000;3,1240330000;
;1;973;97302;2;1;1.0;1.0;4,9375800000; -52,2983400000;
;1;91;91461;2;1;1.0;4.0;48,5910600000;2,2332610000;
;1;91;91064;1;1;2.0;4.0;48,7522600000;2,2230000000;
;1;2B;2B148;1;1;1.0;1.0;42,5431010000;9,4549070000;
;3;93;93027;1;1;2.0;6.0;48,9284698590;2,4132638547;
;5;69;69259;2;1;1.0;1.0;45,7058200000;4,8781500000;
;1;34;34014;1;1;1.0;6.0;43,6943920000;3,8994810000;
;1;66;66226;1;1;1.0;2.0;42,5997456333;2,8569388390;
;1;77;77121;1;1;1.0;2.0;48,8322600000;2,6660520000;
;5;69;69387;2;1;1.0;3.0;45,7303900000;4,8328700000;
;1;30;30010;1;1;2.0;3.0;44,0400180000;3,9875010000;
;3;74;74180;1;1;1.0;2.0;46,3426760000;6,2920010000;
;1;77;77294;1;1;2.0;3.0;48,9696730000;2,5984150000;
;1;69;69383;2;1;1.0;6.0;45,7499162272;4,8586204648;
;1;84;84019;2;1;8.0;6.0;44,2839160000;4,7508840000;
;3;94;94073;1;1;2.0;6.0;48,7719567548;2,3956891381;
;5;68;68309;2;3;2.0;7.0;47,6531060000;7,4560850000;
;1;69;69383;2;2;1.0;1.0;45,7544600000;4,8500400000;
;1;13;13088;1;1;1.0;6.0;43,3592250000;5,2740620000;
;1;83;83026;1;1;7.0;1.0;43,4102000000;6,1824920000;
;3;03;03298;1;1;1.0;2.0;46,3009100000;3,4210230000;
;5;75;75120;2;4;2.0;6.0;48,8669420000;2,4132200000;
;1;972;97209;1;1;1.0;4.0;14,6105000000; -61,0546400000;
;1;74;74220;1;1;1.0;5.0;46,1455520000;6,2651250000;
;1;75;75116;2;2;1.0;3.0;48,8749450000;2,2711300000;
;1;971;97120;1;6;1.0;6.0;16,2240900000; -61,5264800000;
;2;57;57343;1;1;1.0;3.0;49,3284780000;6,1818050000;
;1;69;69206;2;6;1.0;7.0;46,0515260000;4,7221850000;
;5;75;75105;2;2;2.0;6.0;48,8396966895;2,3366836900;
;1;2A;2A004;2;1;1.0;6.0;41,9307633741;8,7366376519;
;3;51;51636;1;1;1.0;7.0;49,1170610000;4,1993090000;
;3;69;69019;2;1;1.0;7.0;46,1053900000;4,7545700000;
;1;2A;2A004;2;1;1.0;6.0;41,9195300000;8,7369000000;
;1;64;64550;1;1;1.0;6.0;43,2484070000; -0,3564280000;
;1;75;75118;2;3;2.0;3.0;48,8888229661;2,3465688491;
;1;51;51641;1;1;7.0;7.0;48,8287770000;3,8184300000;
;1;91;91103;2;1;1.0;7.0;48,6171000000;2,3004000000;
;1;75;75118;2;4;8.0;3.0;48,8837070000;2,3482860000;
;1;80;80212;2;3;1.0;6.0;49,9087080000;2,5122110000;
;3;51;51227;1;1;1.0;2.0;48,9043020000;4,3725050000;
;2;59;59084;1;1;1.0;7.0;50,6809280000;2,3775110000;
;2;91;91377;2;1;2.0;6.0;48,7302400000;2,2893300000;
;1;19;19261;1;1;1.0;7.0;45,7163380000;2,1749500000;
;5;75;75116;2;7;2.0;2.0;48,8631652004;2,2685671037;
;2;13;13214;1;1;1.0;2.0;43,3345155594;5,3826210796;
;1;91;91114;2;3;2.0;6.0;48,6900000000;2,5000000000;
;2;56;56047;2;1;1.0;2.0;48,0312640000; -2,7903130000;
;5;75;75116;2;7;8.0;3.0;48,8695652125;2,2851327464;
;1;91;91691;2;2;1.0;3.0;48,6992300000;2,4868700000;
;1;13;13202;1;1;1.0;5.0;43,3167612507;5,3643612350;
;4;56;56251;1;1;1.0;7.0;47,6482310000; -2,7068370000;
;5;91;91326;2;9;2.0;6.0;48,6920600000;2,3865800000;
;5;75;75115;2;4;2.0;6.0;48,8502830000;2,2901520000;
;1;13;13106;1;1;8.0;2.0;43,3887800000;5,3509400000;
;1;91;91027;2;1;2.0;6.0;48,7048100000;2,3633000000;
;1;56;56195;2;1;1.0;2.0;47,5211350000; -2,2998760000;
;1;75;75114;2;1;2.0;3.0;48,8356190000;2,3335800000;
;1;13;13071;1;1;1.0;3.0;43,3816400000;5,3151700000;
;5;86;86194;2;1;1.0;1.0;46,5758200000;0,3817090000;
;1;74;74208;2;1;1.0;2.0;45,9238890000;6,6915440000;
;5;75;75107;2;4;3.0;6.0;48,8621821243;2,3196394712;
;1;84;84007;2;9;1.0;6.0;43,9407600000;4,8274400000;
;1;13;13005;1;1;1.0;5.0;43,2839100000;5,5915700000;
;1;74;74104;2;1;1.0;2.0;45,7913140000;6,2153220000;
;1;75;75113;2;1;8.0;3.0;48,8433070000;2,3659820000;
;1;83;83061;2;1;1.0;6.0;43,4512080954;6,7270293832;
;1;13;13212;2;1;1.0;5.0;43,3033350000;5,4253990000;
;5;75;75113;2;4;2.0;6.0;48,8256950000;2,3484690000;
;1;76;76680;1;1;1.0;1.0;49,7116290000;0,5594500000;
;1;78;78418;2;6;2.0;3.0;48,9119500000;2,1464900000;
;1;13;13214;1;1;1.0;3.0;43,3343360000;5,3829390000;
;2;75;75102;2;2;2.0;6.0;48,8685470000;2,3419040000;
;1;83;83144;1;1;1.0;6.0;43,1334900000;5,9847600000;
;1;78;78440;2;1;1.0;6.0;48,9972490000;1,9133130000;
;1;69;69282;1;1;1.0;6.0;45,7488049961;4,9946214840;
;1;2B;2B251;2;9;1.0;1.0;42,0065900000;9,3860390000;
;2;78;78401;2;9;1.0;1.0;49,0043270000;1,9068530000;
;5;94;94081;2;1;2.0;6.0;48,7905700000;2,3925680000;
;1;94;94065;1;1;1.0;4.0;48,7546800000;2,3474500000;
;3;80;80184;1;2;1.0;3.0;49,9019880000;2,6106260000;
;5;94;94068;2;1;2.0;2.0;48,8128100000;2,4796600000;
;3;91;91161;1;1;2.0;2.0;48,6973000000;2,3154700000;
;5;78;78643;1;6;1.0;3.0;48,9657400000;1,9913900000;
;3;91;91136;1;1;1.0;2.0;48,7162300000;2,2665100000;
;1;80;80177;1;2;1.0;3.0;49,9059330000;2,9936240000;
;5;94;94003;2;3;2.0;6.0;48,8002000000;2,3314800000;
;3;78;78423;1;1;1.0;3.0;48,7944060000;2,0499810000;
;3;77;77384;2;3;1.0;3.0;48,6119600000;2,6390500000;
;1;80;80629;1;1;1.0;3.0;49,8789430000;3,1124090000;
;1;92;92025;1;1;1.0;2.0;48,9226735411;2,2277525686;
;5;94;94043;2;3;2.0;3.0;48,8123600000;2,3525700000;
;1;77;77053;2;1;1.0;6.0;48,6920900000;2,6125500000;
;1;65;65217;2;4;1.0;7.0;43,0544670000;0,4552940000;
;1;92;92036;1;1;1.0;3.0;48,9221909685;2,3058025650;
;1;94;94041;2;1;2.0;2.0;48,8141000000;2,3797100000;
;5;76;76231;2;1;1.0;6.0;49,2871000000;1,0159200000;
;3;33;33343;2;1;1.0;6.0;44,5604020000; -0,3608320000;
;5;94;94033;2;1;2.0;6.0;48,8475270000;2,4874170000;
;1;78;78133;1;1;1.0;4.0;48,8942600000;2,0076620000;
;1;76;76108;1;1;1.0;2.0;49,4722200000;1,1345500000;
;1;71;71306;2;1;1.0;7.0;46,6729400000;4,3602000000;
;1;81;81070;1;1;1.0;2.0;43,7934640000;1,7579950000;
;3;95;95604;1;1;1.0;2.0;49,0967401085;2,5502523780;
;1;94;94053;2;1;8.0;2.0;48,7731000000;2,5459100000;
;2;95;95306;1;1;2.0;7.0;49,0013277596;2,1722513437;
;1;32;32166;1;1;1.0;6.0;43,8151210000;0,3205960000;
;1;95;95572;1;1;8.0;6.0;49,0333194743;2,1055662632;
;1;94;94075;1;3;2.0;3.0;48,7274600000;2,5311400000;
;1;69;69264;2;3;1.0;4.0;45,9898900000;4,7150800000;
;3;32;32154;1;1;1.0;6.0;43,8140610000;0,8480390000;
;1;66;66136;2;1;1.0;1.0;42,7260100000;2,8934900000;
;2;95;95252;1;1;3.0;3.0;48,9814200000;2,2226000000;
;5;71;71014;2;1;1.0;6.0;46,9599910000;4,2952760000;
;5;94;94002;2;6;3.0;1.0;48,7819966140;2,4285471504;
;1;89;89204;2;9;1.0;7.0;47,5830270000;4,0053130000;
;5;93;93039;2;9;2.0;1.0;48,9197150000;2,3270930000;
;1;94;94073;1;1;3.0;4.0;48,7688459978;2,3791999315;
;1;65;65440;2;2;1.0;1.0;43,2245220000;0,0652600000;
;1;94;94017;1;1;2.0;2.0;48,8304400000;2,4935200000;
;5;93;93066;2;1;1.0;3.0;48,9315400000;2,3418100000;
;5;64;64102;2;1;1.0;4.0;43,4956200000; -1,4517000000;
;3;94;94073;1;1;1.0;2.0;48,7580284325;2,3841329967;
;1;93;93064;2;1;2.0;6.0;48,8758970000;2,4698540000;
;1;64;64024;2;1;1.0;7.0;43,4806300000; -1,5338200000;
;1;61;61342;2;3;1.0;3.0;48,7500490000;0,5718680000;
;1;93;93051;1;1;1.0;2.0;48,8357000000;2,5698000000;
;1;64;64024;2;1;1.0;2.0;43,4937100000; -1,5099300000;
;2;61;61278;2;2;1.0;3.0;48,7130520000; -0,5386840000;
;1;93;93062;2;6;3.0;3.0;48,8955000000;2,5264700000;
;5;75;75107;2;2;1.0;6.0;48,8589330000;2,2968490000;
;1;61;61055;1;1;1.0;6.0;48,6500400000; -0,0888880000;
;1;75;75117;2;1;1.0;7.0;48,8903730000;2,3120270000;
;5;64;64102;2;3;1.0;3.0;43,4914500000; -1,4693700000;
;5;93;93029;2;3;1.0;1.0;48,9293100000;2,4337300000;
;5;75;75120;2;3;1.0;6.0;48,8695800000;2,3799890000;
;4;63;63014;2;1;1.0;6.0;45,7627900000;3,1049800000;
;1;12;12121;2;1;7.0;3.0;44,4302630000;2,1696710000;
;5;93;93013;2;1;2.0;1.0;48,9309487109;2,4241966009;
;5;59;59512;2;1;1.0;1.0;50,6924000000;3,1836900000;
;1;75;75119;2;2;1.0;3.0;48,8910770000;2,3737160000;
;1;93;93027;2;1;1.0;6.0;48,9268463136;2,3849505186;
;1;12;12153;1;1;1.0;6.0;44,0704280000;2,9050790000;
;5;75;75117;2;1;1.0;6.0;48,8837460000;2,3120840000;
;5;59;59165;2;1;2.0;6.0;50,3834300000;3,0566400000;
;1;94;94016;1;1;2.0;3.0;48,7939736481;2,3445574029;
;2;93;93029;2;3;2.0;3.0;48,9156390000;2,4263360000;
;1;58;58194;2;1;1.0;3.0;46,9930000000;3,1317000000;
;1;42;42333;1;1;1.0;1.0;46,1353652986;4,2364321947;
;1;75;75116;2;3;1.0;5.0;48,8768900000;2,2852820000;
;1;92;92077;2;9;8.0;6.0;48,8265463677;2,1892120242;
;1;91;91228;1;1;1.0;2.0;48,6290000000;2,4110000000;
;3;57;57672;2;1;1.0;6.0;49,3459100000;6,1586300000;
;1;46;46145;1;1;1.0;7.0;44,9071220000;1,4858790000;
;1;75;75116;2;1;1.0;7.0;48,8521810000;2,2368010000;
;1;75;75116;2;1;1.0;1.0;48,8695970000;2,2378570000;
;4;92;92050;2;3;2.0;3.0;48,9074500000;2,2120300000;
;1;56;56162;2;6;1.0;3.0;47,7399800000; -3,4274100000;
;1;78;78073;1;1;8.0;5.0;48,7995900000;2,0450230000;
;1;34;34332;1;1;1.0;4.0;43,3081410000;3,4354650000;
;1;75;75116;2;3;1.0;6.0;48,8478580000;2,2651140000;
;1;92;92012;1;1;1.0;6.0;48,8484231922;2,2299721348;
;1;34;34323;1;1;7.0;1.0;43,6068893488;3,3120138424;
;5;54;54395;2;1;2.0;3.0;48,6765008630;6,1774009466;
;1;92;92020;2;3;3.0;1.0;48,8099400000;2,2825800000;
;3;95;95488;1;1;2.0;6.0;49,0159986539;2,1441444755;
;1;75;75113;2;2;1.0;3.0;48,8362700000;2,3711610000;
;1;34;34028;1;1;1.0;1.0;43,6037260000;3,1656290000;
;1;75;75112;2;1;1.0;3.0;48,8476880000;2,3897500000;
;4;54;54300;2;1;2.0;3.0;48,6624335770;6,2207078934;
;1;94;94017;1;1;1.0;4.0;48,8303228960;2,4893496496;
;1;75;75111;2;1;1.0;6.0;48,8546550000;2,3899410000;
;1;92;92036;1;9;3.0;6.0;48,9221750000;2,3200370000;
;1;39;39022;2;1;1.0;6.0;46,9449560000;5,4158090000;
;5;54;54395;2;1;2.0;2.0;48,6873717394;6,1701214314;
;1;75;75111;2;3;1.0;6.0;48,8600750000;2,3725890000;
;5;92;92036;2;3;3.0;6.0;48,9337603237;2,3136238754;
;5;75;75108;2;1;2.0;2.0;48,8698220000;2,3075120000;
;3;976;97611;2;1;1.0;5.0; -12,7682100000;45,2244700000;
;1;29;29068;1;2;1.0;3.0;48,5797870000; -3,9420320000;
;5;92;92026;2;1;2.0;6.0;48,8992993205;2,2618821859;
;5;54;54395;2;2;2.0;3.0;48,6869650000;6,1950580000;
;2;75;75107;2;3;1.0;2.0;48,8611090000;2,3242020000;
;1;974;97416;1;1;1.0;4.0; -21,3400000000;55,4900000000;
;3;29;29199;1;2;1.0;6.0;48,5788925250; -3,7963685980;
;1;37;37031;1;1;1.0;3.0;47,2894521933;0,1630997658;
;1;75;75107;2;3;1.0;3.0;48,8590790000;2,2932700000;
;1;974;97407;2;1;1.0;7.0; -20,9465600000;55,3042700000;
;1;51;51454;2;3;1.0;2.0;49,2317200000;4,0340000000;
;1;75;75102;2;2;2.0;6.0;48,8689140000;2,3401080000;
;2;29;29211;1;3;1.0;2.0;48,3464810000; -3,7708640000;
;1;50;50147;2;1;1.0;6.0;49,0640560000; -1,4330170000;
;1;01;01371;1;1;2.0;1.0;45,9605140000;5,0021480000;
;1;974;97407;1;3;1.0;3.0; -20,9392800000;55,3057000000;
;5;94;94076;2;2;2.0;6.0;48,7900200000;2,3742200000;
;2;29;29015;1;1;1.0;7.0;48,5072240000; -4,5072260000;
;5;49;49007;2;1;1.0;1.0;47,4486300000; -0,5511200000;
;1;973;97353;1;1;1.0;7.0;3,6616550000; -54,0229670000;
;1;69;69383;2;1;1.0;3.0;45,7533200000;4,8573400000;
;5;94;94068;2;3;2.0;7.0;48,8049000000;2,4789000000;
;1;49;49007;2;1;1.0;7.0;47,4480200000; -0,5410400000;
;2;49;49371;1;1;2.0;1.0;47,1101730000; -0,7406010000;
;1;69;69383;2;3;1.0;3.0;45,7482400000;4,8634900000;
;1;94;94028;2;1;2.0;2.0;48,7700000000;2,4581500000;
;1;31;31199;1;1;1.0;5.0;42,9557630000;0,6439020000;
;1;45;45234;2;1;2.0;6.0;47,9052530000;1,9120450000;
;1;972;97209;1;1;1.0;5.0;14,6144400000; -61,0505900000;
;1;94;94071;2;3;1.0;2.0;48,7643300000;2,5255900000;
;3;44;44081;1;1;3.0;1.0;46,9174160000; -1,5426030000;
;5;44;44109;2;1;1.0;7.0;47,2060500000; -1,5914000000;
;1;31;31424;1;1;1.0;3.0;43,5399160000;1,3003940000;
;1;10;10081;1;1;2.0;7.0;48,3277298737;4,0610978007;
;1;94;94017;2;2;1.0;6.0;48,8235500000;2,4962200000;
;1;972;97209;1;1;1.0;1.0;14,6147100000; -61,0784300000;
;2;41;41269;2;1;2.0;6.0;47,7936640000;1,0649860000;
;1;38;38410;2;1;1.0;6.0;45,0791430000;5,1713530000;
;1;94;94004;2;2;1.0;3.0;48,7496687890;2,5082774161;
;2;62;62502;1;2;2.0;3.0;50,5999720000;2,6777788000;
;1;93;93073;2;1;1.0;6.0;48,9535000000;2,5854000000;
;3;38;38185;2;2;1.0;3.0;45,1859300000;5,7287400000;
;1;971;97113;1;1;1.0;5.0;16,2104798856; -61,4417347312;
;3;38;38504;1;1;1.0;3.0;45,2929470000;5,9950800000;
;1;93;93072;2;1;1.0;6.0;48,9569700000;2,3943000000;
;1;37;37261;2;1;2.0;3.0;47,4246993790;0,7014526427;
;1;971;97113;1;1;1.0;6.0;16,2181326184; -61,4996355772;
;2;51;51507;2;3;8.0;3.0;49,0920730000;4,8991700000;
;1;38;38120;2;3;1.0;7.0;45,2317450000;5,8931030000;
;1;93;93072;2;3;1.0;6.0;48,9635300000;2,3866900000;
;5;59;59194;2;1;2.0;6.0;50,1929090000;3,6390880000;
;1;35;35238;2;1;8.0;6.0;48,0927200000; -1,6375300000;
;1;2A;2A004;2;3;1.0;3.0;41,9326185307;8,7558361192;
;2;93;93071;2;3;1.0;5.0;48,9349065081;2,5157957361;
;1;38;38022;1;3;1.0;3.0;45,6651920000;5,5613080000;
;1;93;93048;2;1;1.0;2.0;48,8602200000;2,4392260000;
;1;95;95428;2;1;2.0;4.0;48,9870843662;2,3283827305;
;1;35;35281;1;1;8.0;4.0;48,0868639201; -1,7006975412;
;5;56;56248;1;2;2.0;1.0;47,5707790000; -2,6436710000;
;1;93;93031;2;1;1.0;6.0;48,9496480388;2,3305655450;
;1;93;93029;2;1;1.0;3.0;48,9243265277;2,4514752481;
;2;76;76655;2;1;8.0;6.0;49,8618250000;0,6937270000;
;1;87;87114;2;2;1.0;6.0;45,8347000000;1,3111500000;
;1;35;35238;2;1;1.0;2.0;48,1145900000; -1,6482900000;
;1;84;84076;1;1;1.0;3.0;43,6985650000;5,6712520000;
;3;79;79135;1;1;1.0;7.0;46,6978430000; -0,1994490000;
;3;35;35055;1;6;1.0;6.0;48,0782700000; -1,6323900000;
;1;93;93027;2;2;1.0;4.0;48,9258700000;2,3969200000;
;1;87;87085;2;3;1.0;3.0;45,8330100000;1,2462500000;
;1;01;01134;1;1;1.0;2.0;46,2757670000;4,8644050000;
;1;34;34032;2;1;1.0;6.0;43,3539861013;3,2353786538;
;1;93;93014;2;3;1.0;3.0;48,9055668883;2,5573167088;
;4;82;82134;2;6;1.0;6.0;44,0723400000;1,5366640000;
;1;80;80489;2;1;1.0;2.0;49,8704900000;2,3577400000;
;1;01;01328;1;1;1.0;3.0;46,1186380000;5,0066350000;
;1;93;93010;2;1;1.0;6.0;48,8948933873;2,4896526347;
;1;65;65017;1;1;1.0;6.0;42,7724240000;0,1989770000;
;1;77;77445;2;1;1.0;1.0;48,5943100000;2,5811500000;
;1;33;33550;2;2;2.0;3.0;44,7817000000; -0,5659200000;
;1;26;26069;1;1;1.0;1.0;44,8025560000;5,3888050000;
;1;93;93007;2;2;1.0;3.0;48,9383730000;2,4687570000;
;1;29;29039;1;1;1.0;6.0;47,9319599330; -3,9051637040;
;1;77;77333;2;6;1.0;6.0;48,2676700000;2,7111300000;
;1;58;58141;1;1;1.0;7.0;47,1196800000;3,9990290000;
;1;65;65258;2;6;7.0;3.0;43,1216360000;0,3940770000;
;1;93;93001;2;1;1.0;3.0;48,9194529371;2,3831409341;
;5;29;29039;2;4;1.0;6.0;47,8723400000; -3,9257900000;
;2;74;74012;2;1;1.0;2.0;46,1933000000;6,2425200000;
;3;72;72062;1;1;1.0;7.0;48,2267400000;0,5859000000;
;1;93;93001;2;3;1.0;3.0;48,9015100000;2,3895500000;
;1;71;71486;2;3;1.0;3.0;46,6452300000;4,3418600000;
;1;28;28229;2;9;1.0;1.0;48,4466400000;1,4389100000;
;1;92;92078;2;1;1.0;3.0;48,9326780000;2,3222030000;
;1;33;33348;1;2;2.0;3.0;45,3788440000; -1,0259770000;
;1;71;71076;2;1;1.0;6.0;46,7874400000;4,8430000000;
;5;27;27701;2;1;1.0;6.0;49,2720700000;1,2183100000;
;1;72;72320;2;1;1.0;1.0;48,0479425000;0,1733888700;
;1;92;92072;2;1;2.0;3.0;48,8283929711;2,2264535576;
;5;65;65286;2;1;1.0;6.0;43,1036660000; -0,0425800000;
;1;81;81288;1;2;1.0;3.0;43,4540910000;2,0530380000;
;5;64;64024;2;1;2.0;6.0;43,4929618251; -1,5312248468;
;1;27;27229;2;3;1.0;3.0;49,0356700000;1,1355000000;
;1;92;92051;2;3;2.0;3.0;48,8838207686;2,2717157006;
;3;72;72269;1;1;1.0;7.0;47,9351710000;0,7431760000;
;3;63;63128;1;1;2.0;6.0;45,9161931423;3,3716957506;
;1;92;92044;2;2;1.0;6.0;48,8899980000;2,2849510000;
;1;63;63113;2;2;1.0;3.0;45,7732200000;3,0951600000;
;3;49;49090;1;1;2.0;6.0;47,6067020000; -0,5186430000;
;1;63;63113;2;1;1.0;6.0;45,7741800000;3,0982900000;
;5;92;92035;2;7;1.0;7.0;48,9071047400;2,2404611930;
;3;46;46028;2;1;1.0;6.0;44,9280000000;1,7406790000;
;1;25;25056;2;3;1.0;3.0;47,2525200000;6,0166700000;
;1;92;92071;2;1;1.0;6.0;48,7789540795;2,2890618145;
;1;63;63113;2;1;1.0;6.0;45,7631300000;3,1007100000;
;1;19;19272;2;1;1.0;6.0;45,2575300000;1,7533000000;
;3;39;39088;1;1;2.0;1.0;46,6293150000;5,4903060000;
;1;39;39292;1;1;1.0;1.0;46,7571260000;5,9671550000;
;3;29;29095;1;1;3.0;6.0;48,4646915278; -4,3585837483;
;1;63;63113;2;1;1.0;3.0;45,7861540439;3,0921980739;
;2;35;35317;1;1;2.0;6.0;48,2896210000; -1,8038230000;
;5;17;17028;1;3;1.0;3.0;46,1374320000; -1,1083220000;
;1;51;51410;1;1;2.0;7.0;49,0787080000;3,7824430000;
;1;59;59599;2;6;2.0;2.0;50,7428800000;3,1803900000;
;1;59;59234;1;1;1.0;7.0;50,3969300000;3,0429200000;
;3;31;31471;2;1;1.0;4.0;42,9207480000;0,6882550000;
;1;22;22093;1;1;1.0;2.0;48,4583057041; -2,5233633786;
;1;91;91363;1;1;9.0;3.0;48,6627650000;2,2048400000;
;1;14;14301;2;1;1.0;2.0;49,1812200000; -0,2947900000;
;1;31;31490;2;1;1.0;1.0;43,7440760000;1,3687580000;