Num_Acc;lum;departement;commune;agglomeration;intersection;meteo;type_collision;lat;long;date
;3;56;56121;2;6;1.0;3.0;47,7529400000; -3,3856100000;
;1;57;57552;1;1;2.0;1.0;49,0628410000;6,1814190000;
;1;14;14118;2;9;2.0;6.0;49,1793100000; -0,3627200000;
;1;59;59661;1;1;1.0;3.0;50,1215880000;4,1168660000;
;1;51;51454;2;1;1.0;7.0;49,2737500000;4,0300700000;
;3;13;13215;2;1;1.0;1.0;43,3744083886;5,3544764220;
;2;59;59135;1;1;1.0;6.0;50,8060217377;2,4934217334;
;3;02;02141;2;4;3.0;6.0;49,9704760000;3,9043150000;
;1;49;49267;2;6;1.0;3.0;47,4729000000; -0,4930000000;
;1;13;13054;2;1;1.0;1.0;43,4102100000;5,2060300000;
;3;76;76062;1;1;1.0;2.0;49,6609160000;1,2178620000;
;1;49;49007;2;1;1.0;7.0;47,4650100000; -0,5541900000;
;1;33;33505;1;1;1.0;1.0;44,7600670000; -0,3153420000;
;5;15;15118;2;1;3.0;3.0;45,0033630000;2,4752660000;
;1;13;13001;1;9;1.0;1.0;43,5080557066;5,4290373623;
;1;71;71056;2;1;1.0;3.0;46,6460000000;5,1891600000;
;3;14;14357;1;1;8.0;6.0;48,9324810000; -0,6637290000;
;1;47;47201;2;9;1.0;3.0;44,1806800000;0,6046200000;
;3;44;44125;1;2;1.0;3.0;47,3769140000; -2,5121780000;
;5;13;13056;2;1;1.0;3.0;43,4177226691;5,0564286154;
;3;29;29102;1;1;3.0;6.0;48,2176348130; -3,7487105590;
;1;43;43157;2;1;1.0;3.0;45,0427980000;3,8917200000;
;1;13;13211;2;1;1.0;1.0;43,2876300000;5,4487300000;
;1;02;02160;1;1;1.0;6.0;49,7044170000;4,0141080000;
;1;42;42207;2;1;1.0;6.0;45,4576368672;4,5042782575;
;5;13;13207;2;1;1.0;3.0;43,2929433844;5,3691367093;
;3;02;02336;1;1;1.0;6.0;49,6916060000;3,2616520000;
;3;15;15235;1;1;4.0;6.0;45,0015880000;3,0298820000;
;1;37;37195;2;2;1.0;3.0;47,3843700000;0,6523900000;
;3;10;10080;1;1;1.0;6.0;48,0451170000;4,1325649000;
;5;13;13001;2;2;1.0;3.0;43,5236449967;5,4373135905;
;5;73;73103;2;2;2.0;3.0;45,6598760000;5,9210030000;
;1;85;85047;2;1;1.0;6.0;46,8397390000; -1,8937760000;
;1;06;06088;2;1;1.0;6.0;43,7347850000;7,2973410000;
;5;35;35238;2;2;1.0;3.0;48,0847200000; -1,6569300000;
;5;24;24194;1;1;1.0;6.0;44,8378930000;0,3143400000;
;4;07;07078;1;6;1.0;3.0;45,2557740000;4,7188210000;
;1;06;06088;2;1;1.0;3.0;43,7150200000;7,2828500000;
;1;35;35238;2;9;1.0;3.0;48,1101500000; -1,6597200000;
;3;67;67401;1;1;1.0;7.0;48,9300560000;7,1171670000;
;2;49;49308;1;9;1.0;7.0;47,3998490000; -0,5138090000;
;1;05;05061;2;1;1.0;4.0;44,5576200000;6,0533600000;
;5;33;33063;2;9;3.0;3.0;44,8295100000; -0,6030800000;
;5;53;53147;2;1;2.0;6.0;48,2879190000; -0,6211460000;
;1;04;04112;2;1;1.0;3.0;43,8425000000;5,7722000000;
;1;31;31555;2;1;1.0;3.0;43,6497900000;1,4136000000;
;3;34;34213;1;1;2.0;2.0;43,4791140000;3,6604210000;
;5;40;40312;2;1;1.0;6.0;43,5408300000; -1,4609300000;
;1;75;75114;2;1;1.0;2.0;48,8177210000;2,3339990000;
;3;988;98817;1;1;1.0;6.0; -22,2303150000;166,5134670000;
;1;29;29232;1;3;1.0;1.0;47,9515000000; -4,0764300000;
;1;29;29232;1;1;2.0;7.0;47,9883700000; -4,0743400000;
;5;85;85288;2;6;2.0;3.0;46,4679950000; -1,6288183000;
;1;75;75120;2;1;1.0;3.0;48,8581330000;2,4141100000;
;3;971;97128;2;2;3.0;3.0;16,2515290000; -61,3543720000;
;1;29;29039;2;1;6.0;7.0;47,8696800000; -3,9254100000;
;3;33;33528;1;1;1.0;7.0;44,8760650000; -0,9281730000;
;1;27;27229;2;1;2.0;7.0;49,0066000000;1,1569000000;
;1;75;75120;2;1;1.0;3.0;48,8723760000;2,4125040000;
;1;28;28008;1;1;1.0;1.0;48,5504210000;1,1814170000;
;1;37;37027;1;1;1.0;6.0;47,2966500290;0,9900891781;
;1;34;34285;1;1;1.0;7.0;43,5163160000;3,5138310000;
;3;17;17331;1;1;3.0;2.0;45,4854290000; -0,5799370000;
;5;75;75112;2;1;1.0;3.0;48,8272580000;2,3908840000;
;1;25;25047;2;3;1.0;6.0;47,3513920000;6,3549420000;
;1;74;74040;2;1;1.0;1.0;46,1698600000;6,3172730000;
;5;75;75115;2;1;1.0;3.0;48,8294780000;2,2874410000;
;3;87;87030;1;1;2.0;1.0;45,8573452504;0,8765292573;
;1;17;17415;1;1;1.0;2.0;45,7183600000; -0,6524900000;
;1;26;26072;1;1;1.0;6.0;45,1236030000;4,8971560000;
;3;30;30269;1;1;1.0;7.0;44,1125170000;3,8595060000;
;1;75;75119;2;3;2.0;3.0;48,8959140000;2,3714160000;
;2;31;31533;1;1;6.0;1.0;43,4744740000;1,3522950000;
;1;13;13212;2;1;1.0;3.0;43,3073580105;5,4244090750;
;1;42;42279;2;6;1.0;3.0;45,5061534095;4,2458950281;
;2;76;76753;1;2;1.0;1.0;49,3554120000;1,1750650000;
;5;75;75116;2;3;1.0;3.0;48,8588250000;2,2889800000;
;1;13;13211;2;1;1.0;3.0;43,2889612098;5,4319162375;
;1;75;75115;2;1;2.0;6.0;48,8413920000;2,3183770000;
;3;82;82025;1;1;1.0;4.0;43,9342940000;1,3198830000;
;1;60;60425;2;4;2.0;3.0;49,5075987818;2,2766584754;
;5;13;13201;2;1;1.0;3.0;43,3023100000;5,3768100000;
;5;75;75115;2;4;1.0;5.0;48,8350790000;2,2735100000;
;1;13;13205;2;2;1.0;1.0;43,2989321702;5,3881458793;
;1;13;13051;1;1;1.0;4.0;43,6043240000;5,1514720000;
;5;75;75105;2;2;2.0;6.0;48,8493700000;2,3560410000;
;1;07;07102;2;1;1.0;3.0;44,9380500000;4,8696100000;
;1;06;06088;2;9;1.0;1.0;43,6944800000;7,2602300000;
;2;75;75111;2;5;2.0;6.0;48,8504680000;2,3844500000;
;1;987;98748;1;1;1.0;1.0; -17,7895960000; -149,2990490000;
;1;06;06159;1;1;1.0;5.0;43,7147400000;7,3314300000;
;1;75;75115;2;4;1.0;1.0;48,8329970000;2,2942390000;
;1;05;05061;2;9;1.0;3.0;44,5677200000;6,0883500000;
;1;971;97112;1;1;1.0;1.0;15,9391910000; -61,3352750000;
;1;75;75101;2;2;1.0;2.0;48,8598970000;2,3439950000;
;5;04;04070;2;1;1.0;6.0;44,0928700000;6,2350800000;
;4;971;97118;2;1;1.0;7.0;16,2030790000; -61,6108240000;
;1;03;03095;2;1;1.0;6.0;46,1376100000;3,4462700000;
;1;94;94046;2;1;2.0;3.0;48,8082361314;2,4246611594;
;1;37;37242;2;1;2.0;6.0;47,2089270000;0,1486690000;
;1;03;03185;2;1;1.0;2.0;46,3418900000;2,5881100000;
;3;18;18198;1;1;2.0;;46,9257810000;2,1664070000;
;2;94;94028;2;3;1.0;3.0;48,7741700000;2,4597400000;
;1;01;01053;2;2;1.0;3.0;46,2095800000;5,2275500000;
;1;77;77126;1;1;8.0;1.0;49,0181140000;2,9491960000;
;5;94;94019;2;3;1.0;3.0;48,8006970000;2,5422310000;
;1;75;75112;2;1;1.0;4.0;48,8340100000;2,4095160000;
;3;77;77229;1;9;2.0;1.0;48,7548420000;2,8587380000;
;1;93;93072;2;9;1.0;3.0;48,9477718642;2,3798355460;
;5;75;75119;2;3;1.0;3.0;48,8771210000;2,3741700000;
;3;2A;2A247;1;1;1.0;7.0;41,5941010000;9,2307930000;
;1;93;93066;2;1;1.0;7.0;48,9322200000;2,3652200000;
;5;06;06065;2;1;8.0;6.0;43,7419800000;7,1773280000;
;1;75;75117;2;2;8.0;3.0;48,8796430000;2,2947090000;
;2;75;75116;2;3;1.0;6.0;48,8599090000;2,2797550000;
;5;93;93051;2;4;2.0;3.0;48,8478500000;2,5371700000;
;5;75;75115;2;2;1.0;3.0;48,8380310000;2,2946850000;
;1;93;93050;2;4;1.0;6.0;48,8655380972;2,5637465715;
;5;75;75115;2;3;2.0;6.0;48,8485290000;2,2828860000;
;1;21;21138;1;1;8.0;2.0;47,1733930000;5,2936510000;
;1;75;75114;2;3;1.0;7.0;48,8418780000;2,3226280000;
;1;93;93006;2;1;1.0;3.0;48,8658000000;2,4262400000;
;1;75;75114;2;2;8.0;7.0;48,8367620000;2,3207530000;
;3;68;68287;1;2;2.0;7.0;47,9422000000;7,2829480000;
;5;93;93005;2;2;8.0;6.0;48,9526600000;2,4966800000;
;1;75;75113;2;2;1.0;3.0;48,8261820000;2,3572730000;
;1;42;42147;2;6;2.0;3.0;45,6066540000;4,0557310000;
;1;92;92078;2;9;1.0;3.0;48,9351880000;2,3292350000;
;3;38;38051;1;1;2.0;1.0;45,3212360000;4,8771730000;
;5;92;92046;2;1;1.0;6.0;48,8142869855;2,3031855225;
;1;75;75111;2;2;1.0;3.0;48,8558116699;2,3685032129;
;1;92;92020;2;1;1.0;6.0;48,8105231644;2,2819429636;
;5;38;38509;2;1;3.0;1.0;45,5671980000;5,4387880000;
;1;75;75110;2;2;1.0;6.0;48,8785350000;2,3540580000;
;5;92;92048;2;6;1.0;2.0;48,8175294756;2,2487681955;
;3;85;85119;1;1;2.0;3.0;46,9819940000; -1,1117600000;
;1;75;75108;2;2;1.0;3.0;48,8692770000;2,3092010000;
;5;92;92044;2;1;1.0;3.0;48,8988417571;2,2938514352;
;5;44;44047;2;1;1.0;3.0;47,2126740000; -1,7149940000;
;1;75;75108;2;2;8.0;3.0;48,8705190000;2,3052890000;
;5;80;80561;2;1;2.0;1.0;49,6457700000;2,5727960000;
;1;92;92040;2;1;1.0;6.0;48,8171644603;2,2549712062;
;1;75;75107;2;2;8.0;6.0;48,8548240000;2,3291910000;
;1;62;62693;2;1;1.0;6.0;50,4335470000;2,5600130000;
;1;92;92036;2;3;1.0;2.0;48,9377226999;2,2767979503;
;5;59;59139;2;9;2.0;3.0;50,1274980000;3,4243010000;
;1;94;94068;2;2;2.0;3.0;48,7860100000;2,4952400000;
;1;92;92025;2;2;1.0;3.0;48,9284340000;2,2595720000;
;3;13;13106;1;1;1.0;3.0;43,4031900000;5,3571100000;
;1;94;94042;2;2;2.0;2.0;48,8148000000;2,4633900000;
;1;92;92023;2;1;1.0;2.0;48,7811467722;2,2411736548;
;5;94;94046;2;3;2.0;3.0;48,8044000000;2,4434300000;
;5;92;92007;2;3;2.0;6.0;48,7928378667;2,3065562546;
;1;13;13071;1;1;1.0;5.0;43,4154500000;5,3649800000;
;1;94;94017;2;1;1.0;2.0;48,8273200000;2,5128000000;
;1;92;92004;2;1;1.0;2.0;48,9105259472;2,2990761101;
;1;13;13212;1;1;1.0;2.0;43,2946082001;5,4242652654;
;1;93;93072;2;1;1.0;6.0;48,9504996421;2,3927049876;
;5;94;94034;1;1;2.0;2.0;48,7580352906;2,3269085883;
;3;37;37153;1;1;1.0;5.0;47,4833040000;0,7672240000;
;1;93;93070;2;2;1.0;1.0;48,9084300000;2,3326300000;
;5;92;92050;1;1;2.0;3.0;48,9088704627;2,2144268065;
;1;01;01054;2;2;1.0;3.0;45,8880350000;5,1545810000;
;4;93;93013;2;2;1.0;1.0;48,9331600000;2,4242300000;
;1;22;22182;1;1;1.0;7.0;48,5541200000; -2,9176090000;
;1;92;92072;1;1;2.0;3.0;48,8233194056;2,2222341789;
;1;43;43185;2;1;1.0;6.0;45,4064670000;3,3212150000;
;1;93;93007;2;2;1.0;3.0;48,9384000000;2,4687500000;
;1;92;92026;2;1;1.0;6.0;48,8993058446;2,2364006638;
;3;93;93064;1;1;2.0;2.0;48,8775820000;2,4773200000;
;3;972;97212;1;1;1.0;7.0;14,7209510000; -61,0205390000;
;5;92;92025;2;1;2.0;6.0;48,9241280000;2,2496350000;
;1;95;95424;1;1;2.0;3.0;48,9911920000;2,1926800000;
;3;26;26169;1;1;1.0;3.0;44,4875200000;4,7672300000;
;3;94;94044;1;1;1.0;6.0;48,7573897525;2,4765319865;
;1;35;35006;1;1;1.0;7.0;48,0707210000; -1,1203960000;
;1;92;92025;2;2;1.0;3.0;48,9104430000;2,2347230000;
;3;22;22339;1;1;1.0;6.0;48,4984469609; -2,0402280689;
;3;94;94042;1;1;2.0;6.0;48,8285410714;2,4757609509;
;5;92;92024;2;1;2.0;2.0;48,8985430602;2,3073863983;
;5;974;97414;2;1;1.0;6.0; -21,2156450000;55,4531300000;
;1;77;77450;2;1;2.0;6.0;48,7067800000;2,5845000000;
;1;83;83131;1;1;1.0;6.0;43,2060260000;6,0292430000;
;1;92;92024;2;2;2.0;3.0;48,9044930342;2,3037144542;
;5;33;33063;2;1;2.0;3.0;44,8281300000; -0,5525000000;
;3;24;24295;1;1;2.0;6.0;45,1435170000;0,5871250000;
;1;92;92004;2;1;2.0;2.0;48,9135908261;2,2837282419;
;3;63;63224;1;1;1.0;6.0;45,8591181589;3,1352287531;
;5;51;51612;2;6;1.0;7.0;48,9068010000;4,0163830000;
;5;06;06161;2;1;1.0;1.0;43,6386140000;7,1370540000;
;1;74;74161;1;1;1.0;7.0;45,8788200000;6,0232110000;
;5;92;92078;2;2;1.0;3.0;48,9351300000;2,3288100000;
;1;55;55029;2;1;1.0;6.0;48,7721389223;5,1676270678;
;2;41;41230;1;1;1.0;2.0;47,6102680000;1,2595220000;
;1;71;71015;2;3;8.0;3.0;46,9459450000;4,3957540000;
;1;42;42183;2;1;1.0;6.0;45,4009400000;4,3554600000;
;1;89;89010;2;1;1.0;6.0;47,7256490000;3,9578890000;
;1;31;31446;2;1;1.0;6.0;43,5514390000;1,4698980000;
;5;01;01451;2;3;5.0;3.0;46,2130160000;5,2182920000;
;1;61;61091;1;1;1.0;6.0;48,6217540000; -0,5765250000;
;5;73;73065;2;4;2.0;6.0;45,5700485224;5,9159065693;
;1;68;68249;1;1;1.0;1.0;48,1230030000;7,1040990000;
;3;49;49331;1;1;1.0;2.0;47,6969100000; -0,9175730000;
;5;27;27230;2;1;1.0;7.0;48,8637440000;1,4058210000;
;1;49;49041;1;1;1.0;7.0;47,2944150895;0,0600600243;
;5;02;02738;2;8;8.0;6.0;49,6547500000;3,2955500000;
;1;14;14027;1;1;2.0;7.0;49,0188230202; -0,6548409463;
;2;49;49218;1;1;7.0;6.0;47,2686740000; -1,0151030000;
;1;14;14664;2;4;1.0;1.0;49,1142600000; -0,8285450000;
;1;35;35283;1;1;1.0;6.0;48,1273210000; -1,3292260000;
;1;30;30315;1;1;1.0;6.0;43,9500300000;4,7055600000;
;1;14;14380;1;1;1.0;7.0;49,2211010000; -0,5837770000;
;1;35;35295;1;1;1.0;1.0;48,1462100000; -2,0996170000;
;1;19;19150;1;1;1.0;5.0;45,0716110000;1,6139820000;
;1;14;14200;1;2;1.0;1.0;49,2813280000; -0,5232870000;
;2;38;38130;1;1;1.0;1.0;45,3657070000;5,2640390000;
;1;95;95612;1;1;1.0;5.0;49,0013480000;2,4856510000;
;1;01;01216;1;4;1.0;3.0;45,7202132016;5,5404835939;
;1;41;41018;1;1;1.0;3.0;47,5947600000;1,3529500000;
;1;74;74225;2;6;1.0;3.0;45,8357470000;5,9553630000;
;1;72;72039;1;1;1.0;7.0;48,2134530000;0,4327910000;
;2;50;50305;1;1;1.0;1.0;49,5800970000; -1,5399960000;
;1;56;56078;1;2;7.0;3.0;47,8172900000; -3,4875150000;
;1;80;80417;1;2;1.0;5.0;49,8731760000;2,6856420000;
;5;90;90093;2;1;1.0;1.0;47,6908360000;6,8358620000;
;1;55;55228;2;1;2.0;6.0;49,0381740000;5,6583880000;
;1;56;56042;1;2;2.0;3.0;47,8176670000; -2,7925970000;
;3;49;49064;1;1;2.0;2.0;47,6818570000; -0,7092040000;
;5;60;60004;1;1;1.0;1.0;49,5589145076;1,9751948118;
;1;22;22280;1;4;1.0;3.0;48,4180390082; -2,0331117511;
;1;41;41106;1;1;1.0;6.0;47,5885320000;2,0405920000;
;3;10;10323;1;1;8.0;2.0;48,5278000000;3,7332400000;
;5;988;98818;2;1;1.0;6.0; -22,2423100000;166,4469600000;
;1;34;34150;1;1;1.0;3.0;43,3743230000;3,5336520000;
;1;53;53084;2;1;1.0;6.0;47,8470140000; -0,9505370000;
;1;974;97416;2;1;1.0;2.0; -21,3037600000;55,4604700000;
;3;68;68094;1;1;2.0;7.0;47,5483200000;7,4314890000;
;1;04;04068;1;5;7.0;1.0;43,9065500000;5,7853590000;
;1;974;97416;1;1;1.0;1.0; -21,3043400000;55,4591800000;
;1;44;44081;1;1;1.0;7.0;46,9103030000; -1,5677300000;
;3;27;27192;1;1;8.0;6.0;49,1481310000;0,9344920000;
;1;974;97416;2;1;1.0;3.0; -21,2873000000;55,4724000000;
;1;44;44075;1;1;1.0;3.0;47,6366950000; -1,4385440000;
;1;974;97411;2;1;1.0;2.0; -20,8899500000;55,4643100000;
;5;28;28051;2;1;1.0;7.0;48,1826150000;1,3872880000;
;1;29;29146;1;2;2.0;3.0;47,9186180000; -3,8158120000;
;1;30;30138;2;1;1.0;6.0;43,7978710000;4,2542950000;
;1;974;97411;1;1;1.0;2.0; -20,8957600000;55,3770000000;
;1;29;29146;1;1;1.0;1.0;47,9083432800; -3,8608355300;
;1;974;97411;2;1;1.0;6.0; -20,8765000000;55,4415500000;
;4;69;69234;1;1;1.0;2.0;45,8722020000;4,5086430000;
;3;03;03002;1;1;1.0;6.0;46,6026780000;3,1839110000;
;1;02;02521;1;1;1.0;3.0;49,0354340000;3,1853700000;
;1;01;01024;1;2;1.0;2.0;46,2798140000;5,1642880000;
;1;974;97411;1;9;1.0;5.0; -20,8883300000;55,4455100000;
;3;83;83023;1;1;1.0;2.0;43,4183592892;6,0357470511;
;3;26;26114;2;1;1.0;6.0;44,5218460000;5,0669210000;
;5;974;97409;2;1;1.0;2.0; -20,9419300000;55,6475300000;
;5;988;98811;2;1;2.0;6.0; -21,0621300000;164,8628620000;
;1;72;72034;1;1;1.0;7.0;48,3835753556;0,0883662698;
;1;976;97607;1;1;1.0;3.0; -12,8237060000;45,1949210000;
;5;974;97407;2;2;1.0;3.0; -20,9405900000;55,2954300000;
;1;14;14538;2;9;7.0;3.0;49,1240826280; -0,3239893913;
;3;971;97107;2;9;1.0;1.0;16,0375630000; -61,5892010000;
;5;973;97302;2;1;1.0;7.0;4,9302561706; -52,3196491599;
;1;77;77274;1;2;1.0;3.0;49,0330920000;2,8965260000;
;1;14;14500;1;3;1.0;1.0;49,2525543701;0,2099590492;
;1;973;97302;2;1;2.0;6.0;4,9366362203; -52,3340432346;
;1;66;66227;2;1;1.0;6.0;42,6412040000;2,9079330000;
;1;50;50197;1;1;2.0;1.0;48,8610660000; -1,3859000000;
;1;973;97302;1;6;2.0;3.0;4,9078085981; -52,3225057125;
;3;83;83099;2;1;1.0;2.0;43,4592661787;6,6676282883;
;3;60;60043;2;1;3.0;7.0;49,5006040000;2,9764040000;
;3;83;83107;1;1;1.0;6.0;43,4675130000;6,6087060000;
;5;973;97302;2;1;1.0;3.0;4,9403400000; -52,3018400000;
;2;13;13022;1;1;1.0;3.0;43,2212910000;5,5800030000;
;1;64;64495;2;4;1.0;1.0;43,3388430000; -1,5504240000;
;1;973;97302;2;3;1.0;3.0;4,9192462653; -52,3175945878;
;1;52;52353;2;1;9.0;6.0;48,0246670000;5,3359170000;
;1;36;36124;1;1;8.0;6.0;46,7247660530;1,3216745853;
;5;69;69383;2;1;1.0;5.0;45,7604000000;4,8444600000;
;1;67;67474;1;3;1.0;3.0;48,9273000000;7,9004570000;
;2;21;21496;2;1;8.0;1.0;47,2976110000;5,4060690000;
;5;69;69386;2;1;1.0;3.0;45,7727000000;4,8571200000;
;3;85;85307;2;1;1.0;6.0;46,3315500000; -1,3273920000;
;1;67;67130;1;6;1.0;6.0;48,4120340000;7,6536890000;
;5;69;69386;2;2;1.0;3.0;45,7691809838;4,8489797116;
;1;85;85047;2;4;7.0;2.0;46,8357896000; -1,8546637100;
;3;37;37179;1;1;2.0;2.0;47,4741130000;0,7570370000;
;4;74;74229;1;1;1.0;2.0;46,2348270000;6,3176640000;
;5;69;69383;2;3;1.0;6.0;45,7615100000;4,8698700000;
;5;88;88351;2;1;1.0;1.0;47,9668750000;6,4641770000;
;1;06;06085;2;1;1.0;3.0;43,5893200000;6,9777130000;
;2;69;69383;2;3;1.0;3.0;45,7532887893;4,8561635613;
;1;38;38212;1;1;1.0;7.0;45,0696410000;5,8704010000;
;5;987;98714;1;1;1.0;3.0; -16,4987850000; -151,7000590000;
;1;973;97305;2;1;1.0;3.0;5,0112180000; -52,4703060000;
;3;971;97129;1;1;1.0;1.0;16,3413080000; -61,7173290000;
;2;28;28377;1;1;8.0;1.0;48,8376620000;1,4232770000;
;1;77;77273;2;3;1.0;6.0;49,0500760000;2,7716020000;
;1;77;77283;2;1;1.0;1.0;49,0717360000;3,0205360000;
;1;77;77415;1;3;8.0;2.0;48,9258270000;3,0015420000;
;1;66;66227;1;2;1.0;1.0;42,6483380000;2,8903160000;
;1;84;84054;1;1;1.0;1.0;43,8816240000;5,0397420000;
;2;06;06146;1;1;1.0;3.0;43,9319920000;7,1751880000;
;1;13;13110;1;1;1.0;1.0;43,4649240000;5,7146880000;
;1;13;13015;2;1;1.0;6.0;43,4264480000;5,3881390000;
;1;42;42147;2;1;3.0;6.0;45,6092340000;4,0573020000;
;1;38;38298;2;1;1.0;2.0;45,3824770000;4,7988050000;
;1;38;38374;1;1;1.0;1.0;45,6632240000;5,3268030000;
;1;69;69023;1;1;1.0;2.0;46,0290460000;4,6494050000;
;1;17;17297;1;1;1.0;6.0;46,1661190000; -1,2525170000;
;1;14;14325;2;2;1.0;3.0;49,2958481584; -0,2974194288;
;1;22;22198;1;1;1.0;1.0;48,7779410000; -3,5271690000;
;3;60;60341;1;1;1.0;7.0;49,0851335732;2,7642650306;
;2;59;59312;2;1;2.0;6.0;50,0207830000;3,1960770000;
;3;59;59168;1;1;1.0;6.0;50,5565496434;3,2101696730;
;1;83;83137;2;9;1.0;2.0;43,1273125598;5,9176687002;
;1;33;33448;1;1;1.0;2.0;44,7150040000; -0,5181770000;
;1;92;92019;1;1;1.0;7.0;48,7663930838;2,2446641971;
;1;91;91174;1;1;2.0;3.0;48,6106500000;2,4449500000;
;1;78;78297;1;1;1.0;2.0;48,7925670000;2,0541850000;
;1;93;93001;1;1;1.0;3.0;48,9209477807;2,3716716074;
;1;93;93066;1;9;1.0;2.0;48,9237309191;2,3569409743;
;1;93;93066;1;1;1.0;2.0;48,9090000000;2,3586800000;
;3;77;77181;1;1;1.0;2.0;48,8306220000;2,6931690000;
;1;77;77363;1;1;1.0;5.0;48,9113880000;2,6360390000;
;2;77;77169;1;1;1.0;6.0;48,8204760000;2,6158640000;
;1;83;83126;2;1;1.0;6.0;43,1082000000;5,8794800000;
;1;66;66136;1;6;1.0;6.0;42,7267419460;2,9005622864;
;2;987;98735;2;1;1.0;3.0; -17,5340930000; -149,5616830000;
;1;974;97416;1;9;1.0;4.0; -21,3297700000;55,4536700000;
;1;974;97411;1;1;1.0;7.0; -20,8949300000;55,4817500000;
;4;973;97302;2;1;1.0;6.0;4,9327200000; -52,2904900000;
;1;69;69388;2;4;1.0;6.0;45,7417348039;4,8603187502;
;1;972;97213;1;1;1.0;5.0;14,6178800000; -61,0262900000;
;1;972;97213;2;9;1.0;7.0;14,6213900000; -61,0064800000;
;5;69;69389;2;3;9.0;6.0;45,7764200000;4,7966300000;
;5;971;97107;2;3;1.0;6.0;16,0518572396; -61,5649312735;
;1;2A;2A004;2;2;1.0;2.0;41,9261000000;8,7286700000;
;3;95;95280;2;1;8.0;3.0;49,0156000000;2,4699400000;
;2;95;95428;2;1;2.0;6.0;49,0078802297;2,3140007257;
;1;91;91691;2;1;2.0;2.0;48,7185600000;2,4886800000;
;5;91;91114;1;1;1.0;6.0;48,6833440000;2,4906040000;
;2;91;91027;2;2;3.0;3.0;48,7104900000;2,3885100000;
;1;91;91326;2;1;2.0;6.0;48,6940700000;2,3712000000;
;1;87;87114;2;3;2.0;3.0;45,8267300000;1,2914400000;
;1;94;94041;2;3;1.0;3.0;48,8183300000;2,3953600000;
;1;85;85194;2;3;2.0;3.0;46,4666200000; -1,7314800000;
;5;93;93071;2;1;1.0;6.0;48,9471500000;2,5329400000;
;2;83;83137;2;7;1.0;6.0;43,1241500000;5,9361200000;
;1;83;83050;2;1;1.0;6.0;43,5325470000;6,4674110000;
;5;93;93064;2;2;1.0;1.0;48,8830600000;2,4918300000;
;1;83;83050;2;9;1.0;1.0;43,5313440000;6,4495570000;
;1;72;72181;2;1;1.0;2.0;47,9972900000;0,2170800000;
;5;93;93027;2;1;1.0;3.0;48,9320100000;2,3918300000;
;1;72;72181;2;1;1.0;3.0;48,0249166137;0,1789140699;
;5;93;93057;2;3;1.0;3.0;48,9082300000;2,5048500000;
;1;72;72181;1;9;2.0;6.0;48,0208700000;0,1694200000;
;1;71;71076;2;6;1.0;6.0;46,7908900000;4,8620400000;
;2;93;93008;2;1;1.0;6.0;48,9030000000;2,4455310000;
;1;69;69092;2;1;1.0;7.0;46,0033900000;4,6859600000;
;5;93;93053;2;2;1.0;3.0;48,8984400000;2,4422200000;
;1;69;69271;1;2;1.0;3.0;45,7432400000;4,9373200000;
;1;93;93005;2;6;1.0;2.0;48,9544510000;2,5093390000;
;1;92;92024;2;1;1.0;7.0;48,9099537239;2,3100307882;
;1;92;92024;2;2;1.0;2.0;48,9008272350;2,3158409893;
;3;54;54374;1;1;5.0;6.0;48,7636574453;6,4085483551;
;1;07;07346;1;1;1.0;3.0;44,4943320000;4,6802720000;
;3;71;71583;1;1;8.0;6.0;46,2610060000;4,7927690000;
;1;35;35085;1;9;1.0;1.0;48,4006002377; -1,7266851515;
;2;86;86236;1;3;1.0;6.0;46,6506440000;0,8710960000;
;1;21;21633;1;1;2.0;6.0;47,3368614357;4,4722656906;
;1;41;41174;1;1;1.0;6.0;47,7590890000;1,1583390000;
;1;62;62839;1;1;1.0;6.0;50,1402000000;2,8989470000;
;1;51;51154;1;1;1.0;7.0;48,8430280000;4,0777950000;
;1;19;19278;1;1;1.0;5.0;45,2168460000;1,4366630000;
;1;56;56105;1;1;1.0;6.0;48,0050160000; -3,5425700000;
;2;65;65301;1;3;1.0;3.0;43,3011810000;0,2181950000;
;5;71;71027;2;1;1.0;3.0;46,6670270000;5,3851630000;
;1;42;42092;2;3;1.0;3.0;45,4850000000;4,3792160000;
;1;34;34237;1;2;1.0;5.0;43,4976820000;3,3283530000;
;1;22;22115;1;1;1.0;7.0;48,3537500000; -3,2168700000;
;1;39;39478;2;1;1.0;6.0;46,3906170000;5,8640280000;
;1;35;35299;1;1;1.0;3.0;48,6580660000; -1,9020940000;
;1;29;29186;1;1;1.0;6.0;48,6347380000; -3,7768720000;
;1;14;14345;1;1;7.0;1.0;48,9726120000; -0,0937160000;
;1;14;14227;1;3;7.0;3.0;49,2761310000; -0,0132910000;
;1;54;54367;1;1;1.0;6.0;49,5053100000;5,7892200000;
;1;53;53243;1;3;1.0;2.0;48,1467400000; -0,8873070000;
;5;35;35238;2;1;8.0;6.0;48,1043605933; -1,6639612914;
;1;53;53255;1;1;7.0;2.0;48,1027550000; -0,3790190000;
;1;17;17300;2;2;7.0;6.0;46,1682500000; -1,1321600000;
;1;17;17300;2;1;1.0;6.0;46,1562000000; -1,1310800000;
;1;21;21196;1;3;1.0;1.0;46,9283282897;4,7420265153;
;1;17;17300;2;3;1.0;3.0;46,1731610000; -1,1258530000;
;5;17;17300;2;1;1.0;3.0;46,1690900000; -1,1498000000;
;1;04;04031;1;3;1.0;1.0;43,8962220000;6,1287620000;
;5;02;02722;2;7;1.0;3.0;49,3819800000;3,3216300000;
;3;87;87148;1;1;1.0;6.0;45,7261880000;1,3438890000;
;1;988;98818;2;2;1.0;6.0; -22,2745500000;166,4438400000;
;1;30;30339;1;1;1.0;7.0;44,0923940000;3,5620590000;
;2;974;97416;1;2;1.0;1.0; -21,3211500000;55,4829500000;
;1;67;67152;1;1;1.0;7.0;48,5330930000;7,6916370000;
;1;974;97411;2;2;7.0;6.0; -20,8780700000;55,4457500000;
;1;973;97302;2;3;1.0;3.0;4,9175300000; -52,3129500000;
;1;69;69389;2;2;1.0;6.0;45,7722400000;4,8054300000;
;1;18;18028;1;1;1.0;6.0;47,1082270000;2,2986420000;
;1;971;97113;1;1;1.0;3.0;16,2117400000; -61,4744700000;
;1;89;89316;1;9;3.0;6.0;47,5484770000;3,9658150000;
;1;91;91589;2;2;1.0;3.0;48,6823340000;2,3434910000;
;1;89;89277;1;1;1.0;3.0;47,6612450000;3,8797760000;
;5;87;87085;2;2;1.0;3.0;45,8351900000;1,2605000000;
;1;87;87085;2;3;1.0;3.0;45,8336500000;1,2290000000;
;1;55;55122;2;3;1.0;6.0;48,7598530000;5,5893480000;