Num_Acc;lum;departement;commune;agglomeration;intersection;meteo;type_collision;lat;long;date
;3;988;98817;1;1;1.0;7.0; -22,2497250000;166,6088250000;
;1;78;78123;2;9;1.0;6.0;48,9424770000;2,0281140000;
;1;66;66174;1;1;1.0;1.0;42,6793910000;2,7517750000;
;1;76;76498;2;3;1.0;3.0;49,4278500000;1,0633000000;
;1;83;83107;1;1;7.0;1.0;43,4790050000;6,6653650000;
;1;76;76351;2;2;1.0;6.0;49,4948800000;0,1060200000;
;1;76;76270;2;3;1.0;6.0;49,5363900000;0,1432200000;
;1;06;06048;1;4;1.0;2.0;43,7935430000;7,3290960000;
;1;61;61165;2;6;1.0;7.0;48,4141980000; -0,0370470000;
;1;50;50099;2;6;1.0;2.0;49,3105120000; -1,2620170000;
;1;74;74010;2;1;1.0;3.0;45,8979700000;6,1306900000;
;3;60;60089;1;1;1.0;1.0;49,2162100000;1,8827180000;
;1;72;72181;2;3;1.0;3.0;48,0288151679;0,1737749574;
;5;69;69256;2;1;1.0;6.0;45,7488093897;4,9273802529;
;1;13;13214;1;1;1.0;5.0;43,3257100000;5,3784800000;
;1;69;69286;2;9;1.0;4.0;45,8228800000;4,9098700000;
;1;13;13071;1;1;3.0;1.0;43,3989110000;5,2938340000;
;1;69;69266;2;2;1.0;1.0;45,7710000000;4,8682200000;
;1;13;13106;1;1;2.0;2.0;43,4051900000;5,3602100000;
;5;67;67482;2;3;1.0;3.0;48,5559200000;7,7519000000;
;1;67;67447;2;1;1.0;6.0;48,5998200000;7,7411200000;
;3;13;13106;1;1;8.0;1.0;43,3871000000;5,3508400000;
;1;67;67482;2;1;1.0;6.0;48,5878154144;7,7016936243;
;1;67;67482;1;1;1.0;2.0;48,5861800000;7,7195700000;
;1;67;67447;2;3;1.0;3.0;48,6090800000;7,7462000000;
;1;91;91064;1;1;1.0;2.0;48,7437500000;2,1898800000;
;3;95;95424;1;1;1.0;2.0;48,9896705372;2,1990466118;
;1;66;66136;2;1;1.0;3.0;42,7067200000;2,9001700000;
;1;95;95018;1;1;1.0;3.0;48,9614735641;2,2682690620;
;5;974;97416;2;1;1.0;3.0; -21,3435000000;55,4739500000;
;1;65;65440;2;2;2.0;3.0;43,2242000000;0,0683900000;
;1;64;64024;2;6;2.0;7.0;43,4944700000; -1,5183000000;
;3;974;97407;2;1;1.0;3.0; -20,9553100000;55,3118100000;
;5;63;63113;2;1;1.0;6.0;45,7900400000;3,0908600000;
;1;61;61001;2;9;1.0;7.0;48,4200580000;0,0895440000;
;1;974;97407;2;9;1.0;3.0; -20,9530000000;55,3160000000;
;1;60;60057;2;2;1.0;3.0;49,4300600000;2,1050400000;
;5;973;97302;2;3;1.0;3.0;4,9418805084; -52,3300708830;
;5;59;59508;1;9;1.0;6.0;50,7595900000;3,1338900000;
;1;69;69387;2;2;1.0;6.0;45,7530300000;4,8451500000;
;1;59;59090;2;3;7.0;2.0;50,7071300000;3,1027780000;
;1;69;69383;2;3;1.0;6.0;45,7613300000;4,8654900000;
;1;59;59350;2;2;1.0;5.0;50,6242554789;3,0609951541;
;1;972;97213;2;1;1.0;2.0;14,6138800000; -61,0105300000;
;1;56;56098;2;1;1.0;3.0;47,7637200000; -3,3609900000;
;2;972;97209;1;1;2.0;6.0;14,6196800000; -61,0562300000;
;1;50;50129;1;3;1.0;3.0;49,6674100000; -1,6966500000;
;1;971;97101;1;1;3.0;6.0;16,2645989391; -61,4674115181;
;5;47;47215;1;6;2.0;3.0;44,3940000000;0,6930000000;
;1;45;45169;2;1;1.0;6.0;47,9022352843;1,8593463153;
;3;91;91661;2;1;1.0;3.0;48,7070000000;2,2500000000;
;1;44;44162;1;1;1.0;2.0;47,2347470000; -1,6254330000;
;5;83;83129;2;1;1.0;3.0;43,1086869974;5,8134822249;
;4;41;41047;2;1;1.0;6.0;47,6171460000;1,3701170000;
;1;83;83061;2;6;1.0;3.0;43,4324205321;6,7492611408;
;1;37;37261;2;1;1.0;4.0;47,3600000000;0,6974100000;
;1;37;37122;2;1;1.0;3.0;47,3553569021;0,6987959146;
;1;78;78299;2;1;1.0;2.0;49,0015990000;1,8933490000;
;5;35;35238;2;6;1.0;3.0;48,1325970199; -1,6907827556;
;1;69;69282;2;3;1.0;1.0;45,7830300000;4,9947000000;
;1;35;35238;2;1;1.0;3.0;48,1086609803; -1,6537092626;
;1;35;35278;2;1;1.0;1.0;48,1420301196; -1,6716795601;
;1;69;69275;2;2;1.0;3.0;45,7678600000;4,9365800000;
;1;34;34172;2;3;1.0;3.0;43,5932600000;3,8825800000;
;1;65;65440;2;1;2.0;6.0;43,2516430000;0,0726920000;
;1;33;33529;1;1;1.0;7.0;44,5789300000; -1,1255800000;
;3;65;65440;2;1;1.0;6.0;43,2199600000;0,0594300000;
;5;31;31555;1;1;2.0;2.0;43,6574100000;1,4280700000;
;1;47;47201;2;5;2.0;3.0;44,1947910000;0,6076070000;
;5;26;26362;2;3;1.0;5.0;44,9271300000;4,8997700000;
;1;22;22215;2;1;1.0;6.0;48,4980638427; -2,7724544406;
;1;44;44184;2;2;1.0;3.0;47,2802500000; -2,2285300000;
;1;17;17306;2;1;1.0;6.0;45,6208410000; -1,0364890000;
;2;37;37122;2;1;1.0;3.0;47,3601000000;0,6704900000;
;1;14;14243;1;1;1.0;6.0;49,3966700000;0,1967490000;
;1;37;37122;2;1;1.0;1.0;47,3374921730;0,6534880400;
;1;13;13103;1;1;1.0;6.0;43,6735100000;5,0922900000;
;1;13;13206;2;1;1.0;2.0;43,2914700000;5,3738500000;
;5;33;33063;2;2;1.0;3.0;44,8364000000; -0,5810100000;
;1;33;33063;2;1;2.0;6.0;44,8772300000; -0,5685300000;
;1;13;13005;2;2;1.0;1.0;43,2947300000;5,5640900000;
;3;06;06083;2;1;1.0;1.0;43,8122000000;7,4856200000;
;2;06;06083;2;1;1.0;6.0;43,7875500000;7,4927700000;
;1;13;13103;2;1;1.0;4.0;43,6359200000;5,0804300000;
;1;06;06123;2;1;1.0;1.0;43,7006000000;7,1733700000;
;5;13;13204;2;1;1.0;6.0;43,2987900000;5,4009100000;
;1;05;05061;2;6;1.0;6.0;44,5639079566;6,0955774784;
;5;01;01053;2;1;1.0;7.0;46,2016200000;5,2418900000;
;1;06;06069;2;1;3.0;1.0;43,6462170000;6,9206660000;
;1;75;75114;2;1;1.0;4.0;48,8203870000;2,3244410000;
;1;75;75106;2;3;1.0;2.0;48,8578125330;2,3352950066;
;1;75;75119;2;1;1.0;2.0;48,9015358297;2,3722247901;
;1;75;75119;2;1;1.0;3.0;48,8968771487;2,3846420063;
;1;75;75117;2;2;1.0;6.0;48,8951400000;2,3119780000;
;5;75;75106;2;3;1.0;6.0;48,8401950000;2,3347830000;
;1;75;75116;2;3;1.0;2.0;48,8388030000;2,2613190000;
;5;75;75102;2;3;2.0;6.0;48,8704460000;2,3490890000;
;1;75;75114;2;3;1.0;6.0;48,8315461166;2,3153294539;
;1;75;75106;2;3;1.0;6.0;48,8423940000;2,3284050000;
;1;75;75114;2;3;1.0;6.0;48,8213683213;2,3287108892;
;1;75;75106;2;1;1.0;2.0;48,8507480000;2,3371490000;
;5;75;75111;2;5;1.0;3.0;48,8628871975;2,3872338673;
;5;75;75106;2;2;1.0;3.0;48,8517570000;2,3370420000;
;1;75;75120;2;1;1.0;6.0;48,8676510000;2,4008730000;
;1;75;75109;2;3;1.0;3.0;48,8710560000;2,3457250000;
;1;75;75119;2;2;1.0;6.0;48,8852440000;2,3846090000;
;5;75;75108;2;7;1.0;6.0;48,8706790000;2,3255520000;
;1;75;75119;2;2;1.0;3.0;48,8911320000;2,3775720000;
;1;75;75107;2;3;2.0;2.0;48,8576311210;2,3327104747;
;1;75;75117;2;2;1.0;3.0;48,8808460000;2,2899580000;
;1;75;75116;2;7;1.0;3.0;48,8696380000;2,2856520000;
;1;75;75102;2;2;1.0;3.0;48,8695310000;2,3368110000;
;1;75;75113;2;1;1.0;5.0;48,8268970000;2,3570450000;
;1;75;75101;2;2;1.0;7.0;48,8634033712;2,3509647277;
;1;75;75112;2;2;1.0;2.0;48,8386600000;2,3895680000;
;1;94;94081;2;1;1.0;2.0;48,7945900000;2,4026600000;
;1;75;75112;2;1;1.0;6.0;48,8504530000;2,3687750000;
;1;75;75112;2;1;1.0;3.0;48,8301360000;2,4183720000;
;5;94;94046;2;6;1.0;7.0;48,7975300000;2,4391100000;
;1;75;75111;2;2;1.0;3.0;48,8646040000;2,3780520000;
;1;93;93078;1;1;2.0;2.0;48,9713850000;2,4987900000;
;1;75;75111;2;2;1.0;6.0;48,8577960000;2,3709360000;
;1;75;75109;2;3;1.0;3.0;48,8805390000;2,3287900000;
;1;75;75109;2;1;1.0;6.0;48,8763050000;2,3334620000;
;1;93;93046;2;2;1.0;3.0;48,9175990000;2,5230540000;
;1;94;94011;2;1;1.0;3.0;48,7738800000;2,4949800000;
;5;93;93051;2;2;1.0;6.0;48,8494410000;2,5472950000;
;1;94;94017;2;2;1.0;3.0;48,8137300000;2,5102000000;
;1;93;93073;2;1;1.0;6.0;48,9510700000;2,5817300000;
;1;93;93055;2;1;1.0;6.0;48,8906899002;2,4002755882;
;5;93;93049;2;2;1.0;3.0;48,8640880000;2,5169540000;
;1;93;93046;2;2;1.0;3.0;48,9164800000;2,5315800000;
;1;93;93031;2;3;2.0;6.0;48,9593570000;2,2998850000;
;1;93;93030;2;2;1.0;6.0;48,9555610000;2,4161960000;
;1;93;93007;2;1;1.0;3.0;48,9358800000;2,4673200000;
;1;93;93010;2;1;1.0;5.0;48,9043376203;2,4849545360;
;1;93;93005;2;1;2.0;2.0;48,9487031554;2,5150644779;
;1;93;93008;2;2;8.0;2.0;48,9075700000;2,4256700000;
;2;93;93001;2;1;1.0;3.0;48,9086600000;2,3916800000;
;1;93;93007;2;3;1.0;3.0;48,9398980000;2,4546980000;
;1;93;93071;2;1;1.0;2.0;48,9300100000;2,5149700000;
;1;92;92050;2;2;1.0;1.0;48,8825225594;2,2044696361;
;1;92;92020;2;1;1.0;3.0;48,8040063955;2,3031146452;
;1;92;92012;2;2;1.0;6.0;48,8422501909;2,2401089519;
;5;92;92049;2;9;1.0;6.0;48,8121600000;2,3260900000;
;1;39;39434;2;1;1.0;6.0;46,8437960000;5,7032450000;
;1;92;92035;2;1;1.0;6.0;48,9076500000;2,2381500000;
;1;92;92026;2;9;1.0;6.0;48,9019044435;2,2639952302;
;1;38;38199;1;9;1.0;3.0;45,4856240000;4,8958900000;
;5;92;92025;2;1;1.0;7.0;48,9148904762;2,2335339188;
;1;92;92012;2;3;1.0;6.0;48,8328838917;2,2413898408;
;5;92;92009;2;1;1.0;6.0;48,9190382719;2,2735546231;
;2;92;92004;2;1;1.0;6.0;48,9079725751;2,2676036060;
;1;57;57272;1;1;1.0;6.0;48,7898420000;6,8234970000;
;1;83;83072;1;1;1.0;5.0;43,5041220000;6,3400130000;
;5;972;97221;2;1;1.0;1.0;14,5088640000; -60,9605710000;
;5;01;01004;2;2;2.0;3.0;45,9571990000;5,3331650000;
;1;17;17094;2;6;1.0;3.0;46,0769480000; -1,0879420000;
;3;34;34035;1;1;1.0;6.0;43,6239200000;3,6227750000;
;3;95;95052;1;1;1.0;6.0;49,1460080000;2,3162700000;
;1;30;30334;1;1;1.0;7.0;44,0432420000;4,4062040000;
;1;33;33447;2;1;1.0;6.0;45,0159030000; -0,0589480000;
;1;81;81209;1;1;1.0;1.0;43,5113173154;2,4112200737;
;1;01;01288;1;1;1.0;7.0;46,1907200000;5,9591500000;
;1;30;30282;1;2;8.0;3.0;44,1352910000;4,4748800000;
;5;62;62043;2;2;1.0;1.0;50,9066590000;1,9329450000;
;1;50;50175;1;1;1.0;2.0;49,4815760000; -1,3878650000;
;1;50;50393;1;2;1.0;3.0;48,9330730000; -1,1771250000;
;1;22;22240;1;1;7.0;6.0;48,2426750000; -2,2416750000;
;1;51;51191;1;1;1.0;7.0;49,1470870000;4,8166940000;
;1;04;04154;1;1;1.0;3.0;44,5088710000;6,3525010000;
;1;56;56261;1;1;1.0;6.0;47,6962450000; -2,5429920000;
;1;80;80368;2;6;1.0;7.0;50,0762260000;1,5418890000;
;3;34;34194;1;1;1.0;1.0;43,5359768891;3,4550525048;
;1;51;51535;1;2;1.0;5.0;48,7182671352;3,7429744005;
;1;22;22183;2;2;1.0;3.0;48,1826560000; -2,5803600000;
;3;56;56081;1;1;1.0;6.0;48,0543860000; -3,6376820000;
;1;39;39458;1;1;1.0;5.0;46,6188340000;5,6047760000;
;1;35;35310;2;1;1.0;6.0;48,3396969068; -1,3144956529;
;3;35;35234;1;1;1.0;6.0;48,2322367110; -2,1744621545;
;1;29;29061;1;1;1.0;1.0;48,4394699566; -4,4558286669;
;1;71;71484;2;1;1.0;6.0;46,6796860000;5,2511050000;
;1;15;15243;1;1;1.0;3.0;45,2454830000;2,5410870000;
;1;49;49125;2;1;1.0;1.0;47,1556850000; -0,2957410000;
;1;72;72112;1;1;1.0;7.0;48,2360200000;0,2505100000;
;1;29;29081;1;1;1.0;2.0;48,3687270000; -3,7912330000;
;1;72;72331;1;1;1.0;6.0;48,0986040000;0,5742900000;
;3;01;01204;1;1;1.0;6.0;46,1633440000;5,6971940000;
;1;72;72381;1;1;1.0;1.0;47,9361410000;0,0916140000;
;1;83;83046;1;1;1.0;1.0;43,4982480000;6,1623430000;
;1;26;26166;2;2;1.0;1.0;44,7533660000;4,8176040000;
;1;73;73312;1;1;1.0;6.0;45,6662760000;6,3013670000;
;1;21;21459;1;1;2.0;6.0;47,4387000000;5,2906600000;
;1;66;66124;2;1;1.0;7.0;42,4988310000;2,0322020000;
;1;40;40332;1;1;1.0;6.0;44,3441690000; -0,9490730000;
;1;27;27108;1;1;1.0;1.0;48,7466670000;0,8102360000;
;1;66;66016;2;2;1.0;3.0;42,4874550000;3,1268280000;
;1;28;28239;1;1;1.0;3.0;48,6610270000;1,3651780000;
;3;45;45222;1;1;1.0;7.0;48,1018930000;2,7338630000;
;1;45;45129;1;1;8.0;7.0;47,9544444334;3,0605641901;
;1;87;87003;1;2;1.0;3.0;46,2773000000;1,3998500000;
;3;31;31390;1;1;1.0;6.0;43,0919260000;0,5350690000;
;1;45;45329;1;2;1.0;3.0;47,9192830000;2,9728420000;
;1;42;42169;1;4;8.0;3.0;45,4546630000;4,1477870000;
;2;07;07162;1;1;8.0;6.0;44,5074740000;4,3148640000;
;1;68;68195;1;1;2.0;5.0;47,7473320000;7,2757070000;
;1;21;21599;1;1;1.0;2.0;47,5957000000;5,2375000000;
;3;57;57495;1;1;1.0;3.0;49,1333110000;6,5491500000;
;5;73;73296;1;1;1.0;6.0;45,4912770000;6,9412140000;
;1;24;24330;1;4;1.0;7.0;45,0104020000;1,0208590000;
;1;76;76391;1;1;1.0;1.0;49,3409440000;0,9369060000;
;1;75;75117;2;3;1.0;6.0;48,8852310000;2,3254120000;
;3;13;13103;1;9;1.0;2.0;43,6733780000;5,0959690000;
;1;85;85221;1;1;1.0;5.0;46,9373180000; -1,9749620000;
;3;987;98748;1;1;2.0;7.0; -17,8100000000; -149,2450000000;
;1;75;75116;2;3;1.0;3.0;48,8731660000;2,2844680000;
;2;976;97607;1;1;1.0;2.0; -12,8538330000;45,1954150000;
;1;971;97130;1;1;1.0;6.0;15,8440310000; -61,6334940000;
;1;75;75116;2;1;1.0;3.0;48,8540690000;2,2262220000;
;1;28;28001;1;2;2.0;3.0;48,7880180000;1,4254870000;
;2;17;17005;2;1;7.0;1.0;45,3749410000; -0,5054410000;
;1;75;75116;2;1;1.0;1.0;48,8394800000;2,2672900000;
;1;52;52444;1;1;8.0;3.0;48,2708540000;5,4221180000;
;1;77;77277;1;2;1.0;6.0;48,7169670000;2,8691050000;
;1;75;75115;2;1;1.0;3.0;48,8426040000;2,2730720000;
;1;75;75115;2;2;1.0;6.0;48,8429970000;2,3127940000;
;3;987;98714;1;1;1.0;3.0; -16,5230610000; -151,7350640000;
;1;75;75115;2;3;1.0;6.0;48,8526650000;2,2872880000;
;1;78;78128;1;3;7.0;3.0;48,6693720000;1,9566980000;
;1;976;97607;2;1;1.0;6.0; -12,8660080000;45,1984730000;
;1;75;75114;2;1;1.0;3.0;48,8386300000;2,3366260000;
;1;71;71098;1;1;2.0;6.0;46,7816810000;4,1406550000;
;1;2B;2B290;2;1;1.0;6.0;42,5695210000;8,9601180000;
;5;73;73024;2;1;1.0;1.0;45,4629960000;6,4421590000;
;1;75;75113;2;2;1.0;4.0;48,8366790000;2,3718720000;
;1;42;42105;1;3;7.0;3.0;45,6208740000;4,1386860000;
;3;2B;2B168;1;1;1.0;1.0;42,6286170000;8,9507270000;
;3;38;38405;1;1;1.0;6.0;45,3720090000;5,6932680000;
;1;2B;2B029;1;1;3.0;3.0;42,6772400000;9,3856180000;
;1;75;75112;2;1;1.0;3.0;48,8321020000;2,4576680000;
;1;75;75112;2;1;1.0;6.0;48,8526690000;2,3713100000;
;1;83;83077;1;1;1.0;1.0;43,2796350000;5,9544560000;
;1;26;26235;1;2;1.0;3.0;44,4033300000;4,7001020000;
;1;69;69094;2;3;7.0;3.0;45,7491990000;4,6861410000;
;2;57;57466;2;1;1.0;2.0;49,1057840000;6,9573410000;
;1;75;75110;2;3;1.0;3.0;48,8784760000;2,3566690000;
;1;33;33376;1;1;1.0;2.0;44,9351430000; -0,7121800000;
;1;03;03290;1;1;1.0;7.0;46,6507770000;3,2664590000;
;1;14;14088;1;1;1.0;7.0;48,9533160000; -0,2240320000;
;2;75;75107;2;1;1.0;7.0;48,8556050000;2,3310890000;
;1;22;22186;2;1;1.0;3.0;48,5868740000; -2,5332930000;
;1;75;75104;2;1;1.0;3.0;48,8532080000;2,3521360000;
;2;59;59251;1;1;1.0;7.0;50,2630890000;3,6724810000;
;1;81;81099;2;1;1.0;1.0;43,9061910000;1,9143460000;
;1;59;59320;2;6;1.0;3.0;50,5480040000;2,8245110000;
;5;75;75104;2;3;1.0;6.0;48,8565469879;2,3555991054;
;1;13;13055;1;1;1.0;6.0;43,3299700000;5,3894300000;
;1;13;13214;2;1;1.0;3.0;43,3300189325;5,3951050484;
;1;44;44204;1;6;1.0;3.0;47,2803070000; -1,4516550000;
;1;13;13106;1;1;1.0;2.0;43,3907776987;5,3509971499;
;1;94;94046;2;1;1.0;2.0;48,8083040000;2,4413890000;
;1;44;44172;2;1;1.0;2.0;47,2737240000; -1,4715560000;
;1;94;94037;2;1;1.0;3.0;48,8161800000;2,3334500000;
;1;69;69029;1;1;2.0;3.0;45,7477126989;4,9070048332;
;3;59;59588;1;1;1.0;2.0;51,0322865556;2,4356689452;
;1;13;13211;1;1;1.0;2.0;43,2924500000;5,4539500000;
;1;94;94037;1;1;1.0;7.0;48,8166900000;2,3371400000;
;1;91;91345;1;1;1.0;2.0;48,6876700000;2,3257200000;
;1;91;91617;1;1;1.0;2.0;48,6420400000;2,5355400000;
;5;93;93072;2;3;1.0;2.0;48,9597300000;2,3822300000;
;3;92;92036;1;1;1.0;6.0;48,9424432251;2,2899144727;
;1;78;78238;1;1;1.0;2.0;48,9704750000;1,8737010000;
;2;92;92078;1;1;1.0;3.0;48,9283084303;2,3316245851;
;5;92;92072;1;1;1.0;3.0;48,8273423681;2,2244655267;
;1;93;93055;2;1;1.0;4.0;48,8904674742;2,4099640635;
;1;78;78362;1;1;1.0;6.0;48,9755840000;1,7239730000;
;1;94;94033;1;1;1.0;2.0;48,8586231423;2,4869211857;
;5;92;92051;1;1;1.0;2.0;48,8810060864;2,2720879002;
;1;93;93051;2;1;1.0;5.0;48,8390300000;2,5429100000;
;1;94;94017;1;1;1.0;3.0;48,8284416936;2,5027316394;
;1;93;93048;2;1;1.0;1.0;48,8678476760;2,4343898732;
;1;93;93051;1;1;1.0;2.0;48,8351523817;2,5760945539;
;1;78;78133;1;1;2.0;4.0;48,8911700000;2,0095000000;
;1;987;98735;2;1;1.0;6.0; -17,5354700000; -149,5651600000;
;1;92;92036;1;1;1.0;2.0;48,9390027228;2,2956647869;
;1;93;93048;2;2;1.0;3.0;48,8571878611;2,4411794999;
;1;974;97411;2;1;1.0;2.0; -20,8856300000;55,4713900000;
;1;93;93066;1;1;1.0;3.0;48,9221655771;2,3610144854;
;1;93;93079;2;1;1.0;6.0;48,9543707320;2,3348750174;
;5;974;97409;2;9;3.0;3.0; -20,9326170000;55,6484550000;
;1;93;93005;1;1;2.0;2.0;48,9507985275;2,4743666025;
;1;973;97302;2;1;1.0;3.0;4,9346957120; -52,2917944193;
;2;93;93010;2;3;1.0;3.0;48,9061737322;2,4831607907;
;3;93;93053;1;1;1.0;4.0;48,8959400000;2,4705400000;
;5;69;69388;2;2;1.0;3.0;45,7245612524;4,8712322116;
;1;92;92051;2;3;1.0;6.0;48,8906761446;2,2790907025;
;5;972;97209;1;1;1.0;7.0;14,5989530000; -61,0516640000;
;1;77;77372;1;1;1.0;6.0;48,8825796143;2,6679437381;
;2;94;94018;1;1;1.0;6.0;48,8176590351;2,4128117856;
;1;92;92026;2;5;1.0;3.0;48,8977248965;2,2401380539;
;1;94;94028;1;1;1.0;2.0;48,7776016949;2,4400786182;
;1;69;69202;2;3;1.0;2.0;45,7404200000;4,8047400000;
;2;92;92012;2;4;1.0;3.0;48,8442132474;2,2501113117;
;3;77;77517;1;1;1.0;6.0;48,9070300000;2,6393300000;
;1;69;69034;2;2;1.0;1.0;45,8010200000;4,8551800000;
;5;35;35238;2;1;1.0;2.0;48,1114690000; -1,6861060000;
;1;92;92012;2;1;1.0;2.0;48,8488887393;2,2409496903;
;1;2B;2B120;1;1;1.0;4.0;42,6487100000;9,4404400000;
;1;33;33009;2;2;1.0;3.0;44,6566200000; -1,1602400000;
;1;92;92009;2;2;1.0;1.0;48,9105900000;2,2608500000;
;2;971;97113;1;1;1.0;6.0;16,2177651840; -61,4918518066;
;2;19;19229;1;1;3.0;2.0;45,1616956826;1,4285659790;
;2;92;92002;2;1;1.0;3.0;48,7476438577;2,3038163781;
;5;971;97113;1;9;1.0;3.0;16,2177033725; -61,4925169945;
;1;69;69388;2;2;1.0;6.0;45,7430400000;4,8769000000;
;1;95;95277;1;1;1.0;3.0;48,9787200000;2,4650700000;
;3;35;35002;1;1;2.0;6.0;47,9988710000; -1,5141020000;
;1;69;69387;2;2;1.0;3.0;45,7524000000;4,8443500000;
;1;95;95582;2;1;1.0;6.0;48,9779500000;2,2412800000;
;5;91;91433;2;1;1.0;7.0;48,4505400000;2,1829500000;
;1;40;40065;2;2;3.0;1.0;43,6421040000; -1,4304440000;
;1;972;97213;1;1;3.0;3.0;14,6280700000; -60,9722000000;
;2;89;89287;1;1;3.0;1.0;48,1741600000;3,2267100000;
;1;44;44188;1;1;1.0;2.0;47,0582130000; -1,6155160000;
;3;972;97213;1;9;1.0;2.0;14,6584584000; -60,9719090000;
;1;87;87085;2;3;1.0;3.0;45,8308500000;1,2447700000;
;1;974;97422;2;6;1.0;6.0; -21,2849280000;55,5193660000;
;1;972;97209;1;1;2.0;2.0;14,6115300000; -61,0793800000;
;5;78;78551;2;1;1.0;3.0;48,8972200000;2,0983900000;
;5;972;97209;2;3;1.0;3.0;14,6048100000; -61,0691800000;
;1;26;26339;1;1;8.0;2.0;44,6183630000;4,7929570000;
;1;78;78440;2;1;1.0;6.0;48,9899100000;1,9132310000;
;5;83;83070;2;1;1.0;6.0;43,1502490000;6,4027440000;
;1;78;78624;1;1;1.0;3.0;48,9587900000;2,0176100000;
;1;69;69286;2;2;1.0;3.0;45,8123600000;4,8936200000;
;3;50;50607;1;1;1.0;2.0;48,7828807164; -1,2676154900;
;1;77;77464;2;1;1.0;6.0;48,8841200000;2,7102900000;
;1;69;69034;2;1;1.0;6.0;45,7888600000;4,8402100000;
;1;95;95585;2;1;1.0;3.0;48,9923739042;2,3890328407;
;1;77;77307;2;1;1.0;1.0;48,8776700000;2,7321500000;
;1;91;91216;2;1;1.0;7.0;48,6737400000;2,3266500000;
;1;77;77243;2;1;1.0;3.0;48,8769000000;2,6847800000;
;1;91;91326;2;1;2.0;7.0;48,6969910000;2,3717780000;
;1;76;76540;2;1;1.0;1.0;49,4448300000;1,0682900000;
;1;91;91027;2;1;1.0;3.0;48,7010800000;2,3717400000;
;2;14;14738;1;1;1.0;4.0;49,1580520000; -0,4716990000;
;1;72;72181;2;1;8.0;6.0;48,0072700000;0,1995300000;
;1;83;83123;1;1;1.0;1.0;43,1271400000;5,7861220000;
;1;37;37018;1;1;1.0;6.0;47,3080448901;0,6046772003;
;1;71;71497;2;1;1.0;6.0;46,3353000000;4,8265900000;
;2;62;62285;1;1;1.0;7.0;50,1858130000;2,9027180000;
;1;71;71475;2;1;1.0;3.0;46,7687540000;4,8433880000;
;1;81;81065;2;6;1.0;2.0;43,6195535000;2,2701580000;
;2;19;19091;1;1;1.0;3.0;45,0844090000;1,9717210000;
;1;66;66136;2;3;2.0;3.0;42,7039800000;2,8827300000;
;3;56;56240;2;1;1.0;6.0;47,5185800000; -2,7552980000;
;2;69;69266;2;1;3.0;6.0;45,7575800000;4,8909300000;
;3;59;59135;1;1;1.0;6.0;50,8029950000;2,5139380000;
;1;58;58194;1;1;1.0;3.0;46,9875400000;3,1376900000;
;1;69;69013;1;1;2.0;6.0;46,0166927663;4,7028210516;
;5;76;76550;2;2;5.0;6.0;49,3584410000;0,9456610000;
;1;56;56121;2;6;1.0;6.0;47,7396400000; -3,3798000000;
;1;69;69091;2;1;2.0;3.0;45,5865600000;4,7551200000;
;1;51;51454;2;6;1.0;3.0;49,2202133365;4,0208137035;
;1;80;80308;2;1;1.0;1.0;50,0610250000;1,5913680000;
;1;32;32119;1;1;1.0;1.0;43,8411590000;0,0929760000;
;1;47;47001;2;1;1.0;1.0;44,1992900000;0,6232200000;
;1;47;47031;1;1;8.0;2.0;44,1765600000;0,6169300000;
;1;71;71460;2;3;1.0;5.0;46,4273420000;4,7842780000;
;1;63;63231;2;1;2.0;1.0;45,8706400000;3,6131430000;
;1;43;43251;2;1;1.0;2.0;45,0284200000;3,8807200000;
;1;44;44024;2;1;7.0;6.0;47,1693900000; -1,7209780000;
;1;38;38185;2;6;8.0;6.0;45,1582400000;5,7243000000;
;1;29;29158;2;9;1.0;6.0;47,8170050000; -4,3766520000;
;5;37;37261;2;2;1.0;2.0;47,3975300000;0,6994300000;
;1;13;13083;1;9;1.0;3.0;43,8960790000;4,7850720000;
;1;03;03082;2;1;2.0;6.0;46,2864610000;2,7297000000;
;1;35;35238;2;1;1.0;3.0;48,0969013363; -1,6332104802;
;2;03;03040;1;1;5.0;6.0;46,5472550000;3,3027970000;
;2;01;01359;1;2;1.0;1.0;46,0817450000;5,0704480000;
;1;14;14659;2;2;1.0;1.0;49,0545800000; -0,2151240000;
;1;50;50273;1;3;1.0;2.0;49,3054230000; -1,4278200000;
;1;50;50142;1;2;7.0;3.0;49,6907070000; -1,3590110000;
;2;45;45006;1;1;8.0;3.0;47,7799220000;1,8824490000;
;2;64;64066;2;2;1.0;3.0;43,1680810000; -1,2583320000;
;2;16;16086;1;1;1.0;3.0;45,8446610000;0,7899530000;
;1;07;07022;1;5;1.0;1.0;44,7094675830;4,7222489125;
;1;53;53147;2;6;1.0;1.0;48,3025710000; -0,6112000000;
;2;53;53040;1;1;1.0;7.0;48,1401970000; -1,0560860000;
;1;21;21496;2;2;1.0;3.0;47,3109000000;5,4096290000;
;3;17;17277;1;1;2.0;7.0;46,0158000000; -0,5159710000;
;1;08;08097;1;2;7.0;5.0;49,3229868436;4,7219109535;
;2;08;08349;1;1;1.0;1.0;49,6925190000;5,1866140000;
;3;13;13001;1;1;1.0;2.0;43,5132960000;5,4735200000;
;1;68;68059;1;1;1.0;4.0;47,7177310000;7,1413280000;
;2;38;38052;1;1;5.0;3.0;45,1146510000;6,0047280000;
;1;971;97117;1;3;1.0;2.0;16,3027220000; -61,3663350000;
;1;77;77382;2;1;2.0;3.0;48,9039800000;2,8797480000;
;3;78;78003;1;1;1.0;6.0;48,5366700000;1,8290950000;
;3;34;34289;1;5;1.0;3.0;43,3870740000;3,4199350000;
;2;84;84078;2;1;1.0;6.0;44,2431250000;4,7116400000;
;1;83;83023;1;1;1.0;2.0;43,4023860000;6,0988390000;
;1;83;83081;1;1;1.0;1.0;43,6091250000;6,8123980000;
;1;26;26271;1;3;1.0;3.0;45,0317855760;4,8678443457;
;1;26;26084;2;1;1.0;6.0;45,0086960000;4,9285380000;
;1;86;86123;1;1;1.0;7.0;46,5697870000;0,0206960000;
;5;33;33243;2;6;1.0;3.0;44,8991620000; -0,2122910000;
;1;85;85016;2;4;1.0;3.0;46,6760457094; -1,6124160703;
;1;44;44037;1;1;1.0;1.0;47,1382880000; -1,4213800000;
;1;14;14762;2;1;1.0;6.0;48,8569080000; -0,8801260000;
;1;22;22197;1;3;1.0;3.0;48,4920940000; -1,9207620000;
;1;13;13106;1;1;1.0;2.0;43,3995952580;5,3492407618;
;1;13;13210;1;1;1.0;3.0;43,2850000000;5,4250000000;
;1;69;69389;1;1;1.0;3.0;45,7654500000;4,7999300000;
;2;69;69296;1;1;1.0;5.0;45,6395000000;4,8248400000;