Num_Acc;lum;departement;commune;agglomeration;intersection;meteo;type_collision;lat;long;date
;3;69;69199;1;1;1.0;6.0;45,6859900000;4,8471100000;
;3;59;59160;1;1;1.0;5.0;50,4203769837;3,6336636543;
;3;59;59654;1;1;1.0;6.0;50,3962966147;3,1168435514;
;1;59;59566;1;1;1.0;2.0;50,6178283432;2,9794996977;
;1;59;59378;1;1;1.0;2.0;50,6539319515;3,1065747142;
;1;59;59410;1;1;1.0;4.0;50,6513697525;3,1026023626;
;1;94;94038;1;9;1.0;3.0;48,7743600000;2,3460400000;
;5;94;94037;1;1;1.0;1.0;48,8153700000;2,3364500000;
;1;78;78640;1;1;1.0;2.0;48,7773760000;2,2222100000;
;3;78;78117;1;1;1.0;3.0;48,7878610000;2,1441120000;
;5;93;93066;1;1;1.0;2.0;48,9308700000;2,3678400000;
;3;94;94017;1;1;1.0;3.0;48,8269800000;2,5128900000;
;3;77;77181;1;1;1.0;2.0;48,8292000000;2,7165200000;
;3;94;94028;1;1;1.0;4.0;48,7760849626;2,4295495219;
;1;38;38544;2;1;1.0;1.0;45,5151500000;4,8900200000;
;1;38;38185;1;1;1.0;5.0;45,1640300000;5,7016000000;
;1;75;75117;2;4;1.0;2.0;48,8954681180;2,3075419664;
;1;75;75119;2;1;1.0;2.0;48,8781750000;2,3721240000;
;1;75;75117;2;2;1.0;2.0;48,8864670000;2,2957770000;
;1;75;75116;2;1;1.0;3.0;48,8650620000;2,2724550000;
;1;75;75116;2;7;1.0;3.0;48,8647040000;2,3009420000;
;1;75;75114;2;3;1.0;3.0;48,8205490000;2,3374130000;
;5;75;75101;2;2;1.0;7.0;48,8591060000;2,3464400000;
;5;75;75103;2;7;1.0;6.0;48,8592130000;2,3621400000;
;1;75;75101;2;2;1.0;6.0;48,8666960000;2,3255750000;
;1;75;75101;2;4;1.0;6.0;48,8644450000;2,3426340000;
;1;94;94052;2;3;1.0;3.0;48,8382500000;2,4894280000;
;1;94;94043;2;1;1.0;3.0;48,8143700000;2,3598200000;
;1;94;94076;2;1;1.0;3.0;48,7934500000;2,3691300000;
;5;94;94073;2;9;1.0;1.0;48,7678000000;2,3760000000;
;1;94;94017;2;2;1.0;2.0;48,8251300000;2,5100100000;
;3;94;94048;2;1;1.0;2.0;48,7276800000;2,5467100000;
;1;93;93073;1;6;1.0;3.0;48,9892000000;2,5197700000;
;1;93;93073;2;1;1.0;2.0;48,9775096515;2,5169041873;
;1;93;93066;2;1;1.0;6.0;48,9277700000;2,3530900000;
;1;93;93053;2;3;1.0;6.0;48,8882300000;2,4599500000;
;1;93;93051;2;2;1.0;3.0;48,8485600000;2,5654900000;
;1;93;93029;2;6;1.0;3.0;48,9178680297;2,4177609104;
;1;93;93007;2;9;1.0;3.0;48,9399570301;2,4712124907;
;1;92;92072;2;2;1.0;7.0;48,8254000000;2,2158000000;
;1;92;92026;2;1;1.0;3.0;48,8920219771;2,2566902339;
;1;92;92004;2;1;1.0;4.0;48,9153646382;2,3149797320;
;1;35;35108;1;3;1.0;1.0;47,9378230000; -1,4614070000;
;3;14;14497;1;3;1.0;3.0;48,9592690000; -0,1170110000;
;1;73;73085;1;1;1.0;3.0;45,7926109584;5,8626155555;
;1;28;28409;1;1;1.0;6.0;48,2784590000;1,2029390000;
;3;14;14027;1;1;2.0;6.0;48,9798194592; -0,6412767470;
;1;72;72231;1;1;1.0;2.0;47,9385000000;0,3412300000;
;3;34;34114;1;1;2.0;6.0;43,6474730000;3,5463950000;
;5;62;62595;2;1;1.0;6.0;50,7868860000;2,1807750000;
;4;95;95652;2;1;1.0;6.0;49,1269340299;2,3701661825;
;1;76;76503;2;3;1.0;3.0;49,5327317827;0,9956462340;
;1;82;82025;1;2;1.0;2.0;43,9578340000;1,2866460000;
;1;42;42098;2;1;1.0;6.0;45,9397030000;4,2679360000;
;1;41;41063;1;1;1.0;3.0;47,2508630000;1,4278260000;
;1;39;39445;1;3;1.0;3.0;46,6372440000;5,6289510000;
;3;44;44175;1;1;1.0;1.0;47,3753840000; -2,3474370000;
;3;35;35184;1;1;1.0;1.0;48,1907810000; -2,0486930000;
;1;29;29278;1;1;8.0;6.0;48,1641189537; -3,6482992170;
;1;29;29160;1;6;7.0;6.0;48,4980770000; -4,4277460000;
;2;14;14738;1;1;1.0;1.0;49,1687140000; -0,4790000000;
;1;60;60187;1;1;1.0;3.0;49,4408407950;1,8539560971;
;2;64;64490;2;8;5.0;3.0;43,2394990000; -1,3086260000;
;1;10;10119;1;1;3.0;6.0;48,0365440000;4,6485040000;
;3;36;36031;1;1;1.0;6.0;46,8958232064;1,3849425316;
;3;24;24159;1;1;2.0;6.0;45,1037660000;0,2217760000;
;1;85;85234;2;2;1.0;3.0;46,7914700000; -2,0613630000;
;1;48;48063;1;2;1.0;3.0;44,7405110000;3,3977470000;
;1;52;52093;2;1;1.0;6.0;47,8045800000;5,4352710000;
;1;01;01254;1;1;1.0;3.0;46,1644310000;5,2991940000;
;5;987;98715;2;1;1.0;3.0; -17,5541750000; -149,5883950000;
;1;17;17074;1;1;2.0;1.0;45,2089640000; -0,3681010000;
;3;86;86280;1;1;1.0;2.0;46,9445620000;0,5470230000;
;3;38;38565;1;1;1.0;5.0;45,2681700000;5,6283260000;
;2;83;83047;1;3;1.0;2.0;43,1288210000;6,0769680000;
;1;06;06143;2;1;1.0;1.0;43,9477840000;7,0075040000;
;1;13;13014;2;3;1.0;1.0;43,4814690000;5,1705050000;
;1;71;71481;2;1;1.0;1.0;46,1969580000;4,7578950000;
;1;21;21586;2;1;1.0;5.0;47,2240420000;5,0618650000;
;2;67;67286;2;6;1.0;3.0;48,4477990000;7,5494290000;
;1;57;57360;2;1;1.0;2.0;49,1663320000;6,9623820000;
;1;38;38124;1;1;1.0;3.0;45,5965110000;5,5358430000;
;3;07;07156;1;1;1.0;6.0;44,6838200000;4,2820070000;
;2;79;79049;2;1;1.0;6.0;46,8302360000; -0,4987890000;
;2;16;16078;2;1;1.0;3.0;45,7011740000;0,1816020000;
;1;86;86222;2;1;1.0;1.0;46,6754020000;0,4015480000;
;2;64;64407;1;1;9.0;7.0;43,4819300000; -1,4222100000;
;1;50;50099;1;1;1.0;1.0;49,2975910000; -1,1886640000;
;2;56;56167;1;1;1.0;7.0;47,6517870000; -2,8832140000;
;2;76;76743;1;1;7.0;2.0;49,5344770000;0,9240750000;
;3;59;59129;2;1;1.0;6.0;50,5107202148;3,1946504116;
;1;83;83027;1;1;1.0;2.0;43,1973900713;5,7611909382;
;1;33;33075;1;1;1.0;4.0;44,8819000000; -0,6241300000;
;4;33;33063;1;1;1.0;2.0;44,8870000000; -0,5704200000;
;1;62;62637;1;1;1.0;7.0;50,4622690000;2,9744090000;
;1;94;94038;1;1;1.0;6.0;48,7828929028;2,3471321325;
;1;92;92002;1;1;1.0;4.0;48,7295420000;2,3069390000;
;1;91;91689;1;1;1.0;2.0;48,7478366855;2,3272195931;
;1;93;93013;1;1;1.0;2.0;48,9411800000;2,4269100000;
;3;95;95488;1;1;1.0;2.0;49,0184789544;2,1405771375;
;3;94;94018;1;1;2.0;2.0;48,8174509582;2,4185959238;
;1;69;69383;2;2;1.0;6.0;45,7495700000;4,8841000000;
;1;35;35278;2;1;3.0;6.0;48,1519995788; -1,6849449277;
;1;34;34172;2;1;1.0;6.0;43,6206400000;3,8975200000;
;2;34;34032;1;1;1.0;2.0;43,3484700000;3,2522100000;
;5;33;33522;2;1;2.0;3.0;44,8008725636; -0,5952170491;
;1;33;33249;2;1;1.0;3.0;44,8763000000; -0,5226500000;
;3;33;33318;2;2;2.0;3.0;44,7907339839; -0,6572431326;
;5;31;31557;2;1;1.0;6.0;43,5871370000;1,3493600000;
;5;29;29019;2;1;3.0;3.0;48,3850805863; -4,4941808581;
;5;29;29019;2;3;2.0;1.0;48,4132550000; -4,4866540000;
;5;27;27681;2;3;2.0;3.0;49,0867700000;1,4803000000;
;1;17;17415;2;1;2.0;7.0;45,7440900000; -0,6521500000;
;2;11;11262;2;1;1.0;6.0;43,1913000000;3,0071000000;
;1;11;11069;2;1;1.0;6.0;43,2142300000;2,3686300000;
;5;10;10387;2;1;2.0;3.0;48,2782223739;4,0818688273;
;1;10;10333;2;1;1.0;1.0;48,2835000000;4,0567000000;
;1;10;10387;2;6;1.0;2.0;48,3084366755;4,0686267614;
;1;06;06083;2;3;1.0;6.0;43,7698700000;7,4922700000;
;3;05;05061;1;9;1.0;2.0;44,5800500000;6,0845400000;
;5;04;04112;2;9;1.0;6.0;43,8254000000;5,7878600000;
;1;03;03310;2;2;1.0;3.0;46,1124420000;3,4438820000;
;1;69;69266;2;3;1.0;3.0;45,7697900000;4,8779000000;
;1;69;69383;2;3;1.0;6.0;45,7613800000;4,8638500000;
;5;69;69387;1;2;1.0;3.0;45,7452000000;4,8418000000;
;1;69;69388;2;3;1.0;2.0;45,7232233127;4,8540760466;
;1;69;69388;2;1;1.0;6.0;45,7265100000;4,8747500000;
;1;69;69387;2;3;1.0;3.0;45,7540200000;4,8395900000;
;1;69;69383;2;2;1.0;3.0;45,7486100000;4,8838000000;
;4;69;69388;2;2;1.0;1.0;45,7274560202;4,8621127009;
;1;69;69388;2;2;1.0;3.0;45,7434300000;4,8653500000;
;1;14;14160;1;1;1.0;7.0;49,0617373735; -0,2954936028;
;1;75;75114;2;1;8.0;3.0;48,8162800000;2,3375730000;
;5;75;75113;2;1;1.0;6.0;48,8350220000;2,3581520000;
;1;75;75118;2;2;1.0;6.0;48,8838560000;2,3447600000;
;5;75;75117;2;4;3.0;6.0;48,8789830000;2,2927640000;
;1;75;75116;2;6;1.0;3.0;48,8775090000;2,2699030000;
;1;75;75115;2;3;8.0;6.0;48,8351259865;2,3037748039;
;2;75;75114;2;2;8.0;2.0;48,8226440000;2,3148330000;
;1;75;75114;2;2;2.0;6.0;48,8320140000;2,3274260000;
;5;75;75113;2;3;2.0;3.0;48,8202350000;2,3479640000;
;5;75;75113;2;2;2.0;3.0;48,8215450000;2,3724690000;
;5;75;75112;2;2;2.0;6.0;48,8473420000;2,3867720000;
;1;75;75101;2;2;1.0;2.0;48,8590020000;2,3398500000;
;1;75;75102;2;4;8.0;3.0;48,8654810000;2,3532290000;
;1;75;75104;2;2;2.0;3.0;48,8539730000;2,3647970000;
;1;94;94080;2;1;1.0;3.0;48,8481620000;2,4504300000;
;5;94;94074;2;6;2.0;3.0;48,7703600000;2,4466800000;
;2;94;94046;2;1;2.0;3.0;48,8108900000;2,4322600000;
;5;94;94076;2;1;2.0;6.0;48,7912800000;2,3536600000;
;1;94;94003;2;1;8.0;3.0;48,8056600000;2,3257400000;
;1;94;94033;2;7;2.0;3.0;48,8524040000;2,4629370000;
;1;94;94055;2;1;1.0;2.0;48,7928800000;2,5540000000;
;5;94;94017;2;2;2.0;6.0;48,8179634688;2,5390918110;
;1;49;49120;1;3;1.0;3.0;47,3976140000; -0,6155160000;
;1;94;94079;2;2;2.0;6.0;48,8322600000;2,5451500000;
;1;42;42185;2;1;1.0;3.0;45,5868710000;4,2496810000;
;1;42;42039;1;1;1.0;7.0;45,7085770000;3,8568020000;
;5;94;94017;2;3;3.0;6.0;48,8190800000;2,5088200000;
;1;42;42019;2;1;1.0;6.0;45,7458600000;4,0042910000;
;3;94;94075;1;1;3.0;7.0;48,7277470000;2,5298480000;
;1;47;47021;1;1;1.0;7.0;44,1795150921;0,2485370618;
;1;94;94071;2;6;1.0;3.0;48,7615026216;2,5332391262;
;1;41;41242;2;3;1.0;3.0;47,2777230000;1,5580190000;
;1;86;86286;1;1;1.0;6.0;46,8913650000;0,1641730000;
;1;93;93070;2;1;3.0;3.0;48,9127544218;2,3327144980;
;1;44;44119;1;2;1.0;3.0;46,9795170000; -1,7760620000;
;5;93;93051;2;2;2.0;6.0;48,8433100000;2,5469500000;
;1;35;35023;1;1;1.0;2.0;48,1966420000; -1,9402770000;
;4;93;93050;2;1;2.0;3.0;48,8686700000;2,5334700000;
;2;29;29266;1;1;1.0;6.0;48,5204561000; -3,9311310000;
;1;31;31183;2;1;1.0;1.0;43,0842050000;0,8969090000;
;5;93;93048;2;2;1.0;3.0;48,8607080000;2,4597730000;
;1;02;02408;1;1;1.0;7.0;49,5669480000;3,5697840000;
;5;92;92072;2;3;2.0;2.0;48,8245487581;2,2200751305;
;1;06;06032;2;1;1.0;3.0;43,7259130000;7,3959900000;
;5;92;92063;2;9;8.0;6.0;48,8826800000;2,1885800000;
;1;05;05164;1;4;1.0;3.0;44,5349750000;6,3919240000;
;5;92;92063;2;1;9.0;3.0;48,8872600000;2,1816600000;
;1;50;50273;1;1;1.0;7.0;49,3253740000; -1,4650650000;
;1;60;60509;1;1;1.0;6.0;49,2865670000;2,6022850000;
;1;92;92051;2;9;1.0;3.0;48,8838220915;2,2715587914;
;1;64;64436;2;3;1.0;3.0;43,2347450000; -1,2968910000;
;1;92;92050;2;2;1.0;3.0;48,8857200000;2,2010400000;
;1;92;92026;2;1;2.0;2.0;48,8944200000;2,2441600000;
;1;43;43268;1;1;1.0;1.0;45,1588420000;4,1307310000;
;5;92;92025;2;1;2.0;6.0;48,9183170000;2,2390400000;
;1;92;92026;2;2;1.0;2.0;48,9030100000;2,2834700000;
;1;07;07338;1;2;1.0;3.0;44,9085960000;4,6519370000;
;5;92;92002;2;1;2.0;6.0;48,7531580069;2,2988950610;
;1;07;07199;1;4;2.0;3.0;44,4850170000;4,2625020000;
;1;92;92002;2;1;8.0;4.0;48,7397380092;2,2785360217;
;1;53;53209;1;1;1.0;6.0;48,0293200000; -0,9920096390;
;1;47;47057;2;9;1.0;7.0;44,6516500000;0,5924680000;
;1;40;40197;2;1;1.0;6.0;44,0274690000; -0,9079970000;
;1;67;67538;1;1;8.0;7.0;48,9219920000;7,3459050000;
;1;04;04049;2;1;9.0;1.0;44,0787220000;5,9942220000;
;5;33;33352;1;1;1.0;6.0;44,5930880000; -0,0302070000;
;1;27;27157;2;1;1.0;1.0;48,8908750000;0,9266230000;
;2;14;14027;2;1;3.0;3.0;49,0149000000; -0,6391100000;
;1;37;37222;1;1;1.0;1.0;47,0853300000;1,0521070000;
;1;62;62261;2;2;7.0;3.0;50,4750890000;1,5928510000;
;1;37;37069;1;1;1.0;7.0;47,1274400000;1,1430930000;
;1;50;50601;1;1;3.0;7.0;48,9836710000; -0,9413360000;
;1;37;37050;2;5;1.0;3.0;47,3490510000;0,7009630000;
;1;30;30287;1;1;1.0;6.0;44,2083960000;4,5498150000;
;1;48;48127;1;1;1.0;1.0;44,6155000000;3,4781710000;
;1;62;62376;1;1;2.0;1.0;50,5624510000;2,5607370000;
;1;19;19123;2;1;1.0;6.0;45,1707960000;1,5723680000;
;3;10;10162;1;1;1.0;2.0;48,2084019609;4,2487907410;
;1;45;45104;1;1;1.0;2.0;48,0388970000;2,6721510000;
;3;80;80061;1;1;3.0;6.0;49,8337200000;1,7685840000;
;2;11;11015;1;1;1.0;6.0;42,9716540000;2,3862220000;
;5;987;98715;2;1;1.0;1.0; -17,5840000000; -149,5600000000;
;1;11;11206;2;1;1.0;6.0;43,0508390000;2,2179240000;
;1;06;06004;1;1;1.0;3.0;43,6076960000;7,0958050000;
;2;55;55523;1;1;2.0;6.0;49,2306860000;5,3614140000;
;1;60;60680;1;1;1.0;7.0;49,2743557806;2,6956948936;
;2;49;49214;2;1;2.0;3.0;47,5452640000; -0,6073430000;
;5;987;98753;2;1;1.0;6.0; -23,3730000000; -149,4630000000;
;5;988;98817;2;1;2.0;6.0; -22,2336420000;166,5648150000;
;3;12;12288;1;1;1.0;1.0;44,4508000000;2,4325970000;
;1;978;97801;2;1;1.0;1.0;18,0583840000; -63,1039790000;
;1;42;42159;1;1;2.0;1.0;45,7998490000;3,7370990000;
;1;45;45244;2;1;1.0;1.0;47,7845000000;2,4592210000;
;1;47;47144;1;1;2.0;1.0;44,5970990000;0,4198730000;
;1;39;39103;1;1;1.0;1.0;47,0032610000;5,8597250000;
;1;66;66069;1;1;1.0;7.0;42,7851450000;2,8304330000;
;3;44;44069;1;1;1.0;6.0;47,3085830000; -2,4299850000;
;3;34;34213;1;1;1.0;1.0;43,4689770000;3,6743310000;
;1;38;38013;2;1;2.0;6.0;45,3985860000;5,4669000000;
;1;83;83115;1;1;1.0;1.0;43,3372510000;6,6087430000;
;1;58;58196;2;1;1.0;6.0;47,1006400000;3,3394680000;
;3;64;64342;1;1;1.0;6.0;43,0534300000; -0,8810090000;
;2;83;83107;2;1;7.0;6.0;43,3668156589;6,7122387886;
;3;07;07334;1;1;3.0;7.0;44,4109148520;4,1489481927;
;1;04;04062;1;1;1.0;2.0;44,4459140000;6,7417480000;
;1;40;40267;1;1;2.0;5.0;43,9767580000; -0,2406480000;
;1;71;71440;1;1;1.0;7.0;46,9299420000;4,0486980000;
;1;30;30228;1;1;1.0;6.0;43,9340300000;4,3855400000;
;1;71;71371;1;1;1.0;7.0;46,3570140000;4,7374950000;
;1;01;01105;1;2;1.0;3.0;45,9077490000;4,8924860000;
;1;68;68231;2;2;1.0;6.0;48,0182500000;7,5302060000;
;2;65;65120;1;1;3.0;6.0;43,1990820000;0,1581670000;
;1;88;88095;2;3;1.0;3.0;48,3025770000;5,8334260000;
;2;67;67152;1;6;5.0;7.0;48,5224030000;7,6664190000;
;1;88;88321;2;1;1.0;1.0;48,3540030000;5,6844030000;
;1;73;73071;1;1;1.0;7.0;45,4478590000;6,6864250000;
;1;42;42108;1;1;1.0;2.0;45,5904980000;4,2111110000;
;1;42;42121;1;4;7.0;3.0;45,5998070000;3,9572880000;
;2;38;38503;1;1;1.0;4.0;45,3241850000;5,9514360000;
;3;69;69112;1;1;1.0;3.0;45,8054730000;4,6600540000;
;3;73;73128;1;1;1.0;6.0;45,7421320000;5,9262220000;
;5;46;46102;1;1;1.0;6.0;44,5988940000;2,0441010000;
;3;85;85211;1;1;1.0;6.0;46,6255400000; -1,5417700000;
;3;21;21001;1;1;2.0;2.0;47,1222730000;4,9662940000;
;1;56;56237;1;6;1.0;3.0;48,0405620000; -2,9492420000;
;5;95;95250;2;1;2.0;1.0;49,0960930000;2,5138930000;
;5;76;76475;2;6;1.0;3.0;49,4028680000;1,1665570000;
;1;30;30130;1;1;2.0;7.0;44,3364000000;3,9582910000;
;1;60;60134;2;1;1.0;3.0;49,3197680000;2,4488640000;
;5;59;59449;2;1;1.0;6.0;50,4679490000;3,2527460000;
;1;42;42330;1;9;7.0;2.0;45,4782100000;4,3529600000;
;1;57;57672;1;9;1.0;2.0;49,4047200000;6,1118000000;
;2;04;04245;1;1;1.0;4.0;43,8566570000;5,8311060000;
;3;70;70523;1;1;8.0;6.0;47,5317880000;5,5334030000;
;1;91;91064;1;1;1.0;2.0;48,7488000000;2,2147000000;
;1;27;27229;2;1;1.0;6.0;49,0202000000;1,1383000000;
;1;89;89152;1;1;1.0;1.0;47,9528790000;3,4600060000;
;1;971;97113;2;1;1.0;3.0;16,2114980922; -61,5007460117;
;5;67;67397;2;3;3.0;1.0;48,3239250000;7,6980150000;
;1;27;27375;2;9;1.0;6.0;49,2150000000;1,1670000000;
;3;26;26271;1;1;1.0;6.0;45,0071860000;4,8597120000;
;3;84;84007;2;3;1.0;3.0;43,9482100000;4,8111000000;
;1;07;07341;1;1;8.0;1.0;44,5692760000;4,5101340000;
;1;26;26362;2;6;1.0;2.0;44,9398200000;4,9160100000;
;2;01;01224;1;1;1.0;7.0;45,8106750000;5,2145790000;
;1;33;33366;1;1;1.0;2.0;44,9930200000; -0,4270900000;
;5;69;69140;2;1;1.0;3.0;45,9002740000;4,7009360000;
;1;974;97416;1;1;1.0;4.0; -21,3415200000;55,4958000000;
;1;81;81140;1;1;1.0;1.0;43,6727817013;1,8406069279;
;1;974;97416;2;3;1.0;6.0; -21,2862600000;55,4705500000;
;1;80;80415;1;1;1.0;6.0;49,7559020000;2,5835900000;
;1;974;97411;2;1;1.0;3.0; -20,9252000000;55,4944400000;
;1;974;97411;2;2;1.0;3.0; -20,8823000000;55,4526600000;
;3;974;97409;1;1;1.0;5.0; -20,9492500000;55,6538900000;
;3;69;69271;1;1;1.0;6.0;45,7239283140;4,9748244882;
;1;973;97302;1;1;1.0;3.0;4,9043380654; -52,3178708553;
;3;01;01049;1;1;2.0;6.0;45,8304700000;5,0281800000;
;1;69;69388;2;1;1.0;6.0;45,7220911498;4,8840381195;
;1;33;33063;1;1;1.0;6.0;44,8835500000; -0,5612500000;
;1;33;33063;1;1;2.0;7.0;44,8818700000; -0,5476200000;
;1;69;69388;2;2;1.0;3.0;45,7396000000;4,8657300000;
;1;91;91235;1;1;3.0;3.0;48,6260500000;2,3532100000;
;1;69;69388;1;9;1.0;3.0;45,7371100000;4,8503600000;
;1;92;92062;1;1;1.0;2.0;48,8913250000;2,2407690000;
;1;69;69387;2;2;1.0;7.0;45,7491300000;4,8535500000;
;3;92;92025;1;1;1.0;6.0;48,9354217595;2,2605830961;
;1;972;97213;2;1;1.0;3.0;14,6253440522; -60,9793379903;
;1;93;93053;1;1;1.0;6.0;48,8876800000;2,4726200000;
;1;69;69382;2;2;1.0;3.0;45,7468648572;4,8273481590;
;3;93;93006;1;1;8.0;3.0;48,8645800000;2,4150000000;
;2;91;91201;2;1;1.0;6.0;48,6635200000;2,4182600000;
;3;93;93053;1;1;1.0;6.0;48,8875111248;2,4748206139;
;1;91;91657;2;5;1.0;3.0;48,6925400000;2,4449000000;
;3;14;14574;2;1;1.0;6.0;49,1400080000;0,2061860000;
;1;91;91027;2;1;1.0;2.0;48,7016500000;2,3718100000;
;5;14;14220;2;9;1.0;6.0;49,3480230000;0,0817460000;
;1;88;88160;2;1;1.0;6.0;48,1931300000;6,4531600000;
;1;83;83129;2;1;1.0;2.0;43,0932900000;5,8433500000;
;3;14;14715;1;1;1.0;7.0;49,3872500000;0,1081300000;
;1;83;83009;2;1;1.0;6.0;43,1368400000;5,7596600000;
;1;22;22224;2;6;2.0;3.0;48,7215900000; -3,4811000000;
;1;91;91479;2;7;1.0;6.0;48,7127800000;2,3633600000;
;1;83;83123;1;1;7.0;5.0;43,1271480000;5,7861110000;
;1;69;69286;2;1;2.0;6.0;45,8172400000;4,8911800000;
;1;83;83034;2;1;1.0;3.0;43,0925100000;6,0770300000;
;1;81;81004;2;1;1.0;7.0;43,9190900984;2,1248298883;
;5;66;66136;2;3;1.0;6.0;42,6948300000;2,8893900000;
;1;12;12089;2;6;1.0;6.0;44,5624441207;2,2482419015;
;1;77;77281;2;1;1.0;2.0;48,7705600000;3,0414400000;
;1;988;98818;2;1;1.0;4.0; -22,2351300000;166,4435000000;
;1;76;76414;1;1;1.0;3.0;49,9074300000;1,1073700000;
;1;988;98818;2;2;1.0;3.0; -22,2761500000;166,4465700000;
;1;74;74012;2;3;1.0;3.0;46,1975000000;6,2671800000;
;1;69;69115;2;1;1.0;7.0;45,9655300000;4,7162800000;
;2;987;98735;1;1;1.0;3.0; -17,5308000000; -149,5631730000;
;1;974;97416;2;1;1.0;3.0; -21,3255800000;55,4877800000;
;1;68;68066;2;2;1.0;3.0;48,0908390000;7,3601250000;
;1;67;67482;1;1;1.0;6.0;48,5981508171;7,7997726202;
;5;974;97411;2;1;1.0;2.0; -20,9055500000;55,4785000000;
;5;64;64260;2;9;1.0;3.0;43,3598215863; -1,7755520910;
;1;974;97411;2;1;1.0;4.0; -20,8854400000;55,4689100000;
;1;64;64189;2;1;1.0;3.0;43,3933900000; -1,6873000000;
;1;974;97407;2;1;1.0;3.0; -20,9593600000;55,3149100000;
;1;64;64445;2;1;1.0;7.0;43,3347400000; -0,3659500000;
;1;63;63075;2;3;1.0;3.0;45,7789900000;3,0648600000;
;1;973;97302;2;3;1.0;5.0;4,9311100000; -52,3166900000;
;1;973;97302;2;1;2.0;6.0;4,9339400000; -52,3271200000;
;1;63;63075;2;1;1.0;6.0;45,7744000000;3,0628800000;
;1;54;54547;2;1;1.0;2.0;48,6605514561;6,1718219519;
;2;69;69388;2;2;8.0;3.0;45,7466293661;4,8681020737;
;1;69;69152;2;2;8.0;6.0;45,7030200000;4,8208700000;
;1;51;51573;2;1;1.0;7.0;49,2532243430;3,9772814512;
;1;971;97101;2;3;1.0;6.0;16,2557400000; -61,5156900000;
;1;50;50129;2;3;1.0;3.0;49,6268000000; -1,6342900000;
;1;2A;2A004;1;1;3.0;2.0;41,9402200000;8,7442600000;
;1;47;47201;2;3;1.0;3.0;44,1918950000;0,5930030000;
;2;2A;2A004;2;1;8.0;2.0;41,9364808024;8,7359090051;
;1;42;42218;1;1;1.0;6.0;45,4375503272;4,3902182579;
;1;37;37214;2;1;1.0;4.0;47,4247700000;0,6562000000;
;1;35;35055;1;6;1.0;3.0;48,0783800000; -1,6323000000;
;1;91;91549;2;1;1.0;3.0;48,6544800000;2,3129600000;
;5;91;91421;2;1;2.0;7.0;48,7144900000;2,4480500000;
;1;34;34003;2;1;1.0;2.0;43,2754700000;3,5022700000;
;1;91;91691;2;3;2.0;7.0;48,7220330000;2,5102740000;
;1;33;33069;2;1;1.0;6.0;44,8648600000; -0,6046000000;
;5;91;91326;2;3;2.0;2.0;48,6889900000;2,3710000000;
;1;31;31555;2;1;1.0;3.0;43,6218100000;1,4351900000;
;5;87;87085;2;1;2.0;6.0;45,8380000000;1,2588400000;
;1;29;29039;1;1;1.0;2.0;47,8927008000; -3,9150161100;
;1;28;28209;2;1;1.0;7.0;48,4743280000;1,4810610000;
;1;26;26362;2;1;7.0;2.0;44,9199100000;4,8783700000;
;1;78;78267;2;1;1.0;1.0;48,9747400000;1,8027000000;
;5;77;77243;2;1;1.0;6.0;48,8717806499;2,7282289401;
;2;77;77438;2;1;8.0;2.0;48,8619067092;2,6738713710;
;1;77;77216;1;1;1.0;1.0;48,3000100000;2,6789600000;
;1;15;15014;2;6;1.0;3.0;44,9173020000;2,4222850000;
;5;76;76486;2;6;2.0;6.0;49,3095800000;0,9954900000;
;1;76;76351;2;3;1.0;2.0;49,5156106890;0,1126527786;
;1;13;13039;1;1;1.0;3.0;43,4412300000;4,9121000000;
;5;76;76341;2;3;1.0;6.0;49,5022800000;0,1989400000;
;5;69;69290;2;1;3.0;6.0;45,7020800000;4,9316100000;
;1;13;13056;1;1;1.0;3.0;43,4132100000;5,0131500000;
;1;69;69290;2;3;8.0;6.0;45,6947547353;4,9412807822;
;5;13;13202;2;1;1.0;3.0;43,3138904991;5,3684243322;
;1;69;69029;2;2;2.0;1.0;45,7461600000;4,9234700000;
;2;13;13206;2;2;1.0;3.0;43,2889900000;5,3776500000;
;1;67;67482;2;1;1.0;6.0;48,5660465613;7,7601523697;
;1;13;13001;1;9;1.0;3.0;43,5570313028;5,4601537214;
;1;66;66136;2;3;1.0;3.0;42,6965778234;2,9034268856;
;5;66;66136;2;9;1.0;3.0;42,6704770000;2,8816900000;
;1;11;11069;2;1;1.0;2.0;43,2177400000;2,3527400000;
;5;66;66136;2;1;1.0;4.0;42,6871059749;2,9062774032;
;1;07;07102;2;1;1.0;6.0;44,9355700000;4,8748500000;
;5;64;64260;2;9;1.0;6.0;43,3716600000; -1,7727300000;
;5;64;64483;2;1;2.0;7.0;43,3828100000; -1,6445900000;
;5;06;06088;2;1;1.0;7.0;43,7088700000;7,2877400000;
;5;64;64129;2;3;2.0;3.0;43,3019500000; -0,3923200000;
;1;05;05061;2;6;1.0;3.0;44,5637907492;6,0785937309;
;5;64;64445;2;3;3.0;3.0;43,3112600000; -0,3564400000;
;1;05;05061;1;6;1.0;2.0;44,5094400000;6,0458200000;
;1;62;62126;2;6;1.0;6.0;50,5165100000;2,6722300000;
;5;59;59599;2;1;2.0;6.0;50,7333021353;3,1611281633;
;1;75;75120;2;1;1.0;2.0;48,8500990000;2,4151060000;
;1;59;59421;2;3;1.0;3.0;50,6941107067;3,1327289343;
;1;75;75119;2;1;1.0;5.0;48,9003550000;2,3821030000;
;3;59;59068;1;1;3.0;6.0;50,2031600000;3,7769870000;
;1;06;06073;1;1;1.0;7.0;44,2014530000;7,0869330000;
;1;59;59350;2;1;2.0;6.0;50,6332000000;3,0595000000;
;1;75;75120;2;3;1.0;3.0;48,8596700000;2,4031000000;
;1;06;06059;2;9;1.0;3.0;43,7335230000;7,3866320000;
;1;59;59350;2;1;2.0;6.0;50,6420222099;2,9823321104;
;5;38;38449;2;1;1.0;6.0;45,6313860000;5,0928280000;
;1;06;06163;1;1;1.0;3.0;44,0688920000;7,5890590000;
;1;75;75119;2;3;1.0;3.0;48,8857890000;2,3709780000;
;1;56;56121;2;1;2.0;3.0;47,7436530000; -3,3815610000;
;1;65;65310;1;1;2.0;7.0;43,0987580000;0,1899000000;
;5;14;14349;2;2;1.0;7.0;49,0798820000; -0,4010120000;
;3;17;17393;1;2;1.0;3.0;45,6853620000; -0,8485650000;
;1;75;75119;2;1;1.0;3.0;48,8883680000;2,3793950000;
;1;05;05040;1;1;1.0;1.0;44,5515490000;6,2562850000;
;5;54;54395;2;3;2.0;6.0;48,6872585247;6,1697003245;
;1;49;49023;1;3;7.0;3.0;47,1808900000; -1,1311410000;
;1;50;50364;1;3;1.0;7.0;49,1329530000; -1,5028100000;
;1;60;60134;1;1;1.0;2.0;49,3217588586;2,4388489722;