Num_Acc;lum;departement;commune;agglomeration;intersection;meteo;type_collision;lat;long;date
;1;60;60700;1;1;1.0;1.0;49,3837678156;2,1471319196;
;1;50;50311;2;1;1.0;1.0;48,8649230000; -1,3079040000;
;1;75;75118;2;2;1.0;3.0;48,8883530000;2,3495990000;
;5;53;53130;2;2;2.0;3.0;48,0590300000; -0,7626600000;
;3;60;60095;1;1;1.0;7.0;49,2473660000;1,7130270000;
;2;50;50058;1;1;1.0;7.0;49,0808900000; -1,5852870000;
;3;02;02346;1;1;2.0;6.0;49,5971838725;3,7679201178;
;5;51;51454;2;6;1.0;3.0;49,2662700000;4,0453300000;
;1;75;75117;2;3;1.0;5.0;48,8866980000;2,3054240000;
;1;80;80521;1;1;2.0;7.0;49,9800270000;2,8671200000;
;1;64;64316;1;1;5.0;7.0;42,9895650000; -0,9843060000;
;1;51;51172;2;6;1.0;3.0;49,2165000000;4,0510700000;
;1;59;59012;2;6;1.0;3.0;49,9901437071;4,0965431929;
;2;75;75117;2;4;1.0;6.0;48,8860040000;2,2891170000;
;5;83;83069;1;1;1.0;6.0;43,1133123463;6,1265316009;
;1;18;18209;1;1;1.0;7.0;46,6910470000;2,4727710000;
;1;51;51454;2;3;8.0;7.0;49,2639900000;4,0575500000;
;1;75;75116;2;3;1.0;6.0;48,8504070000;2,2705470000;
;2;69;69009;1;1;1.0;2.0;45,9417500000;4,7209900000;
;1;18;18097;1;6;1.0;2.0;47,1248560000;2,4235800000;
;1;75;75116;2;2;1.0;6.0;48,8407090000;2,2650300000;
;1;50;50129;2;3;1.0;3.0;49,6332700000; -1,6484300000;
;3;67;67482;1;1;1.0;4.0;48,5870000000;7,7152000000;
;5;49;49015;2;9;1.0;7.0;47,5022300000; -0,5852500000;
;1;33;33063;1;1;1.0;3.0;44,8841740000; -0,5591460000;
;1;43;43152;1;3;1.0;2.0;45,0643242887;3,8758000731;
;1;75;75113;2;2;1.0;3.0;48,8259490000;2,3452050000;
;1;49;49007;2;1;1.0;7.0;47,4679600000; -0,5488500000;
;1;10;10080;1;1;1.0;7.0;48,0413839096;4,1858428439;
;3;91;91589;1;1;2.0;2.0;48,6791100000;2,3341200000;
;1;75;75112;2;4;1.0;2.0;48,8480180000;2,3676530000;
;1;49;49007;2;1;1.0;6.0;47,4441400000; -0,5349000000;
;1;36;36048;1;1;1.0;3.0;46,5656600000;1,6035260000;
;1;92;92025;1;1;1.0;4.0;48,9189886921;2,2237886747;
;1;75;75112;2;1;1.0;2.0;48,8434420000;2,3701880000;
;1;16;16338;1;9;1.0;3.0;45,4978950000; -0,1247980000;
;1;93;93066;1;1;1.0;7.0;48,9236000000;2,3426700000;
;1;49;49007;2;1;1.0;4.0;47,4516500000; -0,5402000000;
;5;75;75107;2;2;1.0;3.0;48,8610540000;2,3132410000;
;1;07;07291;1;1;1.0;6.0;44,3439240000;4,4910050000;
;3;93;93066;1;1;1.0;5.0;48,9218500000;2,3633200000;
;2;49;49007;2;1;1.0;2.0;47,4528700000; -0,5411500000;
;1;75;75104;2;3;1.0;6.0;48,8529040000;2,3589770000;
;1;07;07346;1;1;1.0;6.0;44,4441600000;4,6832440000;
;1;77;77363;1;1;2.0;6.0;48,9266610488;2,6288637319;
;1;53;53122;2;1;1.0;7.0;48,2578270000; -0,4982790000;
;1;47;47001;2;2;1.0;2.0;44,2088000000;0,6115900000;
;5;94;94074;2;2;1.0;3.0;48,7705100000;2,4470200000;
;1;21;21615;1;1;1.0;6.0;47,2116100000;4,3571520000;
;3;94;94018;1;1;1.0;6.0;48,8173000000;2,4164000000;
;5;45;45004;1;1;2.0;2.0;47,9692800088;2,7569863200;
;1;21;21599;1;1;1.0;7.0;47,5716376320;5,2188621882;
;1;94;94015;1;1;1.0;3.0;48,8327900000;2,5296700000;
;3;94;94018;1;1;1.0;2.0;48,8180452094;2,4118106839;
;1;40;40312;2;1;1.0;6.0;43,5575090000; -1,4969140000;
;2;42;42186;2;3;1.0;1.0;45,5193900000;4,5949300000;
;1;93;93005;2;1;1.0;3.0;48,9592197378;2,4766024053;
;1;988;98818;2;3;1.0;3.0; -22,2781200000;166,4507800000;
;1;24;24227;1;1;1.0;1.0;45,3933100000;1,1428950000;
;5;38;38185;2;1;8.0;1.0;45,1892100000;5,7226200000;
;1;988;98818;2;6;1.0;3.0; -22,2425800000;166,4604900000;
;1;93;93064;2;2;1.0;2.0;48,8865200000;2,4720700000;
;1;04;04031;1;1;1.0;6.0;43,9099980000;6,1395760000;
;1;27;27453;2;1;1.0;1.0;49,4103660000;1,3469410000;
;1;37;37261;2;1;2.0;2.0;47,4125868679;0,7265889645;
;1;976;97611;2;1;1.0;3.0; -12,7727000000;45,2232300000;
;1;17;17257;1;3;1.0;7.0;45,9682173948; -0,2054927051;
;2;93;93049;2;2;1.0;3.0;48,8614800000;2,5040700000;
;1;17;17430;1;1;1.0;7.0;45,3668250000; -0,5190520000;
;1;69;69259;2;3;1.0;3.0;45,7150400000;4,8955400000;
;1;23;23024;1;1;1.0;1.0;45,9517020000;2,1141820000;
;1;87;87154;2;1;1.0;1.0;45,8883810000;0,8908110000;
;1;93;93046;2;3;1.0;6.0;48,9281200000;2,5429500000;
;1;972;97213;2;2;1.0;3.0;14,6213900000; -60,9881500000;
;1;37;37266;1;1;1.0;4.0;47,3123440000;0,7122310000;
;5;93;93027;2;9;1.0;3.0;48,9287059590;2,3837960957;
;5;69;69081;2;1;1.0;1.0;45,7873425839;4,7784889122;
;1;37;37189;1;1;1.0;6.0;46,8381706454;0,9224116802;
;1;93;93014;2;1;1.0;6.0;48,9085900000;2,5415000000;
;3;37;37281;2;2;1.0;6.0;47,4099912266;0,7973214984;
;1;93;93014;2;1;1.0;6.0;48,9041418317;2,5483077764;
;2;69;69081;2;3;1.0;4.0;45,7800200000;4,7787400000;
;5;2A;2A004;2;9;1.0;7.0;41,9339507058;8,7504054307;
;1;37;37050;2;3;1.0;2.0;47,3317916342;0,7062309980;
;1;93;93057;2;2;1.0;3.0;48,9028550000;2,5083030000;
;4;95;95306;2;3;2.0;3.0;49,0021600000;2,1852800000;
;1;30;30276;1;1;1.0;4.0;43,5871370000;4,2122700000;
;1;95;95018;2;1;1.0;6.0;48,9517022377;2,2218507528;
;1;30;30065;1;1;1.0;6.0;43,9913790000;4,0505970000;
;1;93;93001;2;2;1.0;3.0;48,9152000000;2,3742900000;
;1;84;84035;2;1;1.0;6.0;43,8344950000;5,0422280000;
;2;92;92062;2;1;1.0;7.0;48,8872880000;2,2456020000;
;1;83;83137;2;3;1.0;3.0;43,1245200000;5,9262200000;
;1;30;30053;1;2;1.0;3.0;43,9776080000;4,2091350000;
;1;83;83069;2;1;1.0;6.0;43,1051300000;6,1273100000;
;1;92;92050;2;1;1.0;2.0;48,8952283568;2,2132564187;
;1;52;52123;1;9;1.0;1.0;48,4991930589;5,1080104122;
;1;81;81065;1;1;1.0;7.0;43,6059626013;2,1872998774;
;2;81;81004;2;1;2.0;3.0;43,9409100000;2,1488200000;
;1;52;52233;1;1;1.0;2.0;47,8753100000;5,7174400000;
;1;92;92050;2;1;1.0;3.0;48,8894088439;2,2199962735;
;5;80;80021;2;1;2.0;6.0;49,8860100000;2,3318900000;
;3;49;49099;1;1;1.0;2.0;47,0013290000; -0,9072300000;
;1;78;78015;2;2;1.0;6.0;48,9890100000;2,0539700000;
;5;92;92044;2;2;1.0;2.0;48,8905208641;2,2917437553;
;1;92;92025;2;1;1.0;2.0;48,9215671090;2,2526527047;
;1;24;24375;1;3;1.0;5.0;44,7249130000;1,2680570000;
;3;76;76259;1;1;1.0;6.0;49,7461527852;0,3959899396;
;1;92;92025;2;2;1.0;3.0;48,9339274516;2,2558209300;
;2;80;80793;1;9;1.0;2.0;49,9994920000;2,1756360000;
;1;72;72181;2;6;1.0;6.0;48,0090000000;0,1960000000;
;1;92;92036;2;1;1.0;3.0;48,9165288720;2,3053876161;
;1;72;72003;1;1;1.0;2.0;47,9655900000;0,1345700000;
;1;30;30020;1;1;1.0;1.0;43,7649270000;4,3191720000;
;5;69;69275;2;1;1.0;6.0;45,7689700000;4,9753300000;
;1;13;13050;1;1;1.0;6.0;43,6605840000;5,2531600000;
;2;92;92004;2;1;1.0;3.0;48,9131827506;2,3072957396;
;1;69;69029;2;1;1.0;7.0;45,7327500000;4,8886500000;
;1;77;77453;1;9;1.0;6.0;48,5416100000;2,7914710000;
;5;92;92004;2;1;1.0;3.0;48,9110744538;2,2990216613;
;1;69;69266;2;1;1.0;6.0;45,7604300000;4,8848800000;
;1;77;77279;1;1;1.0;2.0;48,3732420000;3,0560870000;
;1;68;68066;2;3;1.0;3.0;48,0697110000;7,3507490000;
;1;13;13069;2;1;1.0;3.0;43,6293190000;5,1343060000;
;1;54;54235;2;3;1.0;1.0;48,4956491370;6,0145908602;
;2;67;67447;2;4;2.0;3.0;48,6073000000;7,7622200000;
;1;973;97309;2;1;1.0;1.0;4,8871421000; -52,2980710000;
;1;65;65440;2;1;1.0;3.0;43,2328900000;0,0820400000;
;2;2A;2A198;1;1;1.0;1.0;42,2625260000;8,6957650000;
;5;973;97309;1;1;1.0;3.0;4,8899480000; -52,2874920000;
;2;64;64445;2;1;1.0;6.0;43,3217000000; -0,3631600000;
;3;01;01416;1;1;1.0;7.0;45,9275690000;5,5224880000;
;1;34;34320;1;1;1.0;7.0;43,6664440000;3,7266180000;
;1;63;63113;2;1;1.0;3.0;45,7894400000;3,0842500000;
;1;34;34153;1;1;1.0;7.0;43,7112230000;3,8183930000;
;1;63;63113;2;1;1.0;3.0;45,7713500000;3,0834200000;
;1;33;33021;1;1;1.0;1.0;44,5142570000; -0,1741500000;
;2;34;34247;1;1;1.0;3.0;43,6598230000;3,8378440000;
;2;62;62510;2;6;1.0;6.0;50,4226540000;2,7959690000;
;1;29;29078;1;1;1.0;6.0;48,3068516001; -4,1923315614;
;2;59;59508;2;2;1.0;6.0;50,7396301067;3,1165781020;
;1;22;22227;1;1;1.0;7.0;48,5637380000; -3,5342450000;
;5;59;59350;2;1;1.0;6.0;50,6365937949;3,0769447088;
;1;06;06085;2;1;1.0;3.0;43,5833510000;7,0086840000;
;2;59;59350;2;1;1.0;6.0;50,6293900000;3,0774500000;
;1;56;56162;2;1;8.0;6.0;47,7382870000; -3,4430680000;
;1;62;62390;1;2;1.0;3.0;50,3916050000;1,6203980000;
;3;82;82158;1;1;1.0;2.0;44,0681770000;0,8476420000;
;1;51;51454;2;3;2.0;3.0;49,2491969422;4,0481339619;
;2;44;44138;1;1;1.0;6.0;47,5152300000; -1,6399700000;
;1;45;45004;2;1;8.0;6.0;47,9699699270;2,7562802285;
;1;987;98715;1;9;1.0;2.0; -17,5527360000; -149,5934750000;
;1;44;44109;2;1;2.0;6.0;47,2175790000; -1,5574090000;
;2;12;12270;1;1;2.0;2.0;44,2679290000;3,0835600000;
;2;57;57342;1;1;1.0;6.0;48,6302089785;6,8937667271;
;1;44;44109;2;7;8.0;6.0;47,2208900000; -1,5618900000;
;1;22;22114;1;9;1.0;7.0;48,2293180000; -2,3199120000;
;1;37;37261;2;1;1.0;4.0;47,4031300000;0,7006600000;
;1;34;34135;1;1;1.0;6.0;43,2687150000;3,1783050000;
;2;19;19285;1;1;1.0;7.0;45,3666145222;1,5348780155;
;1;37;37261;2;2;1.0;3.0;47,4120432459;0,7057542354;
;1;56;56073;2;7;1.0;6.0;48,0680140000; -3,2049720000;
;1;21;21131;1;1;1.0;6.0;47,0324000000;5,1698000000;
;1;33;33318;2;1;8.0;1.0;44,7978960000; -0,6883190000;
;1;56;56101;2;3;1.0;6.0;47,8337780000; -3,1571420000;
;3;33;33529;1;1;1.0;7.0;44,6128395260; -1,1166564163;
;1;79;79202;2;1;1.0;7.0;46,6524080000; -0,2281600000;
;5;31;31555;1;1;1.0;3.0;43,5794600000;1,4062400000;
;1;31;31555;2;9;1.0;1.0;43,6414400000;1,4534400000;
;1;31;31555;2;1;1.0;3.0;43,6013200000;1,4521900000;
;1;11;11188;1;1;1.0;4.0;42,9547890000;2,9703430000;
;4;31;31555;2;1;5.0;3.0;43,6120300000;1,3866500000;
;1;79;79063;1;2;1.0;5.0;47,0539550000; -0,3172090000;
;2;79;79236;1;1;1.0;7.0;46,7902170000; -0,7001320000;
;5;29;29232;2;2;9.0;3.0;47,9942310000; -4,1041830000;
;3;60;60631;1;1;1.0;2.0;49,1427030341;2,5733585352;
;3;29;29232;2;1;1.0;6.0;47,9810400000; -4,1271600000;
;1;82;82019;1;1;1.0;2.0;44,0948820000;1,0527240000;
;1;29;29039;2;8;8.0;7.0;47,8749400000; -3,9168900000;
;5;82;82031;2;1;1.0;6.0;44,0308360000;1,0358210000;
;3;13;13051;1;1;1.0;6.0;43,5903450000;5,1870600000;
;5;29;29019;1;1;2.0;4.0;48,4151670000; -4,4796730000;
;3;82;82027;1;1;1.0;6.0;43,9019530000;1,3270200000;
;1;988;98808;1;1;2.0;6.0; -21,2904700000;165,6099800000;
;3;28;28229;1;9;2.0;3.0;48,4516900000;1,4435400000;
;1;988;98803;1;1;1.0;6.0; -21,4704700000;165,4861300000;
;1;27;27229;2;9;1.0;1.0;49,0288800000;1,1525600000;
;1;11;11106;1;3;8.0;3.0;43,2526110000;3,0707540000;
;1;26;26198;2;1;1.0;6.0;44,5554900000;4,7578600000;
;1;974;97406;1;4;1.0;3.0; -21,1562470000;55,6024790000;
;1;11;11148;1;4;1.0;3.0;43,1805680000;2,6792050000;
;5;25;25031;2;4;1.0;5.0;47,4815400000;6,8449300000;
;1;71;71392;1;1;2.0;6.0;46,6278380000;4,6855400000;
;1;974;97408;1;1;1.0;6.0; -20,9281030000;55,3452050000;
;3;22;22187;1;1;1.0;3.0;48,5311201242; -2,7562921998;
;1;71;71414;1;1;7.0;1.0;47,0068160000;4,2737890000;
;1;971;97128;2;1;1.0;3.0;16,2233540000; -61,3984470000;
;1;18;18033;2;9;1.0;2.0;47,1026400000;2,4278000000;
;3;971;97122;1;1;1.0;6.0;16,4374440000; -61,5126230000;
;1;13;13210;2;2;1.0;3.0;43,2677800000;5,4203300000;
;1;71;71014;1;2;1.0;4.0;46,9618330000;4,2814060000;
;3;71;71576;1;1;1.0;6.0;46,5325910178;4,9209252298;
;5;13;13213;2;1;1.0;3.0;43,3343300000;5,4320600000;
;1;33;33234;2;1;1.0;3.0;44,7841730000; -0,5052530000;
;1;55;55010;2;1;1.0;7.0;48,6328152692;5,0178642640;
;5;13;13205;2;5;1.0;3.0;43,2926656527;5,4012019914;
;1;33;33203;1;2;1.0;3.0;45,1995370000; -0,9445880000;
;1;49;49018;2;3;1.0;6.0;47,5424360000; -0,1046490000;
;1;13;13203;2;1;1.0;6.0;43,3076000000;5,3727300000;
;1;41;41206;1;1;1.0;7.0;47,6353350000;1,3975170000;
;1;95;95101;2;1;1.0;3.0;49,1397730000;1,6582680000;
;1;46;46177;1;1;1.0;6.0;44,8505750000;1,7823600000;
;1;09;09225;2;2;1.0;3.0;43,1087500000;1,6206600000;
;1;78;78030;1;1;1.0;1.0;48,6913120000;1,9106740000;
;1;47;47128;2;6;1.0;3.0;44,1681170000;0,7018560000;
;1;06;06027;2;1;1.0;1.0;43,6627326466;7,1766999792;
;2;01;01031;2;3;1.0;6.0;46,2603001140;5,6364288926;
;3;66;66023;1;1;1.0;1.0;42,6534360000;2,5962600000;
;1;86;86045;1;2;1.0;3.0;46,3899250000;0,1568340000;
;5;75;75116;2;1;1.0;2.0;48,8440890000;2,2546860000;
;5;75;75117;2;1;1.0;3.0;48,8818110000;2,2828840000;
;1;34;34113;1;1;1.0;2.0;43,5104600000;3,7232150000;
;4;39;39333;2;1;1.0;7.0;46,4442590000;5,7120860000;
;1;34;34243;1;1;1.0;7.0;43,9034130000;3,7379270000;
;1;39;39056;2;1;1.0;6.0;46,7454350000;5,4486130000;
;1;84;84049;1;2;1.0;3.0;44,1753870000;5,0020840000;
;3;84;84065;2;1;1.0;1.0;43,7474520000;5,3003290000;
;1;44;44010;2;4;7.0;3.0;47,2759240000; -2,4861070000;
;1;75;75112;2;4;1.0;4.0;48,8276230000;2,3940530000;
;1;29;29236;2;3;7.0;1.0;47,8253330000; -3,7368480000;
;5;75;75119;2;4;1.0;7.0;48,8847570000;2,3922260000;
;1;83;83115;2;1;1.0;5.0;43,3271950000;6,6066030000;
;1;75;75119;2;4;1.0;2.0;48,8828890000;2,3706070000;
;1;29;29220;2;1;1.0;3.0;47,8711040000; -4,2204940000;
;1;75;75119;2;2;1.0;3.0;48,8987050000;2,3710990000;
;1;38;38013;2;1;1.0;6.0;45,3988150000;5,4670610000;
;1;83;83077;1;1;1.0;1.0;43,2665500000;5,9542040000;
;1;75;75119;2;1;1.0;3.0;48,8803030000;2,4012550000;
;3;58;58267;1;1;1.0;6.0;47,1014180000;3,5136130000;
;1;05;05116;1;3;1.0;1.0;44,6699190000;6,6031270000;
;1;05;05053;1;1;1.0;3.0;44,3518490000;5,7667390000;
;1;75;75118;2;4;8.0;6.0;48,8906460000;2,3545320000;
;1;13;13042;1;1;1.0;6.0;43,3156860000;5,6697180000;
;5;13;13004;1;9;1.0;1.0;43,6419720000;4,7114660000;
;5;13;13097;1;1;1.0;2.0;43,5471480000;4,8113250000;
;1;75;75118;2;3;1.0;6.0;48,8829420000;2,3438660000;
;1;70;70041;1;1;1.0;2.0;47,4948150000;5,4741220000;
;3;75;75117;2;2;2.0;6.0;48,8977280000;2,3290230000;
;1;91;91689;1;1;1.0;5.0;48,7455300000;2,3245700000;
;1;25;25526;2;1;1.0;1.0;47,5084000000;6,7665860000;
;1;75;75117;2;3;1.0;5.0;48,8902390000;2,3171930000;
;3;91;91432;1;1;1.0;2.0;48,6911890000;2,3225940000;
;1;89;89263;1;1;1.0;2.0;47,8523470000;3,5977050000;
;1;95;95582;1;1;1.0;2.0;48,9643300000;2,2685600000;
;3;71;71588;1;1;1.0;6.0;46,4682070000;4,0565300000;
;1;83;83137;2;1;8.0;6.0;43,1213300000;5,9574900000;
;1;10;10338;1;1;1.0;3.0;48,4984790000;4,1369000000;
;1;77;77305;2;9;1.0;6.0;48,3842000000;2,9565800000;
;1;75;75117;2;3;1.0;6.0;48,8910640000;2,3025320000;
;1;68;68106;2;1;1.0;6.0;47,8738350000;7,1053000000;
;1;02;02135;1;1;1.0;3.0;49,9708770000;3,8688180000;
;2;67;67389;1;6;1.0;7.0;48,6645560000;7,7605590000;
;3;02;02543;2;1;1.0;6.0;49,1679780000;3,2649160000;
;1;67;67101;2;2;1.0;3.0;48,5244413728;7,4911603332;
;3;02;02257;1;1;5.0;3.0;49,8236360000;3,2272550000;
;1;88;88095;1;1;1.0;3.0;48,2965560000;5,8567430000;
;1;75;75116;2;1;1.0;5.0;48,8748430000;2,2634940000;
;5;988;98818;2;3;1.0;3.0; -22,2483400000;166,4637700000;
;1;54;54063;2;2;1.0;3.0;48,8444350000;5,8434260000;
;1;75;75116;2;1;1.0;6.0;48,8779810000;2,2781450000;
;1;974;97416;2;1;8.0;2.0; -21,3481200000;55,4872100000;
;1;54;54023;1;1;1.0;7.0;48,7440285574;6,5400195116;
;3;974;97416;1;1;2.0;7.0; -21,3246400000;55,4892800000;
;5;54;54150;2;1;1.0;6.0;48,7919480000;6,1220870000;
;5;974;97409;2;1;1.0;1.0; -20,9313300000;55,6493000000;
;1;75;75115;2;4;1.0;3.0;48,8383500000;2,2939580000;
;1;973;97302;2;9;3.0;3.0;4,9292193233; -52,3024964333;
;1;57;57752;2;1;1.0;4.0;49,0756960000;7,0145230000;
;1;69;69259;2;2;1.0;3.0;45,6994706497;4,8666751385;
;5;75;75111;2;1;1.0;6.0;48,8621360000;2,3876510000;
;2;03;03100;1;1;1.0;6.0;46,5268110000;3,7638630000;
;5;972;97209;2;1;1.0;1.0;14,6398900000; -61,0416600000;
;2;42;42094;2;2;1.0;3.0;45,7431460000;4,2192920000;
;5;69;69382;2;2;8.0;3.0;45,7546200000;4,8301500000;
;2;42;42062;1;1;1.0;1.0;45,5829970000;4,4027170000;
;5;69;69384;2;1;2.0;4.0;45,7787400000;4,8411200000;
;1;75;75108;2;7;1.0;2.0;48,8667780000;2,3219930000;
;5;69;69385;2;1;1.0;7.0;45,7533900000;4,8226800000;
;1;38;38003;1;3;1.0;6.0;45,3234420000;4,8565150000;
;1;38;38474;2;6;1.0;6.0;45,2122700000;5,6556740000;
;1;07;07042;2;1;1.0;6.0;44,3781800000;4,6476670000;
;5;69;69385;2;2;1.0;3.0;45,7662600000;4,8287400000;
;1;2B;2B033;2;1;2.0;2.0;42,6796140000;9,4386690000;
;1;07;07279;1;1;1.0;1.0;44,4137500000;4,6528920000;
;1;75;75107;2;1;1.0;3.0;48,8523730000;2,3081020000;
;1;07;07034;1;1;1.0;7.0;44,3306630000;4,5421170000;
;1;91;91589;2;2;2.0;3.0;48,6877340000;2,3409600000;
;2;01;01275;2;1;1.0;6.0;45,8157220000;4,9299700000;
;1;91;91027;2;2;8.0;1.0;48,7142060000;2,3902050000;
;1;94;94052;2;2;1.0;6.0;48,8363600000;2,4698600000;
;1;91;91326;2;1;2.0;6.0;48,6847000000;2,3817500000;
;1;01;01185;1;1;7.0;2.0;45,9859590000;5,5623220000;
;3;88;88413;1;9;2.0;7.0;48,3137700000;6,9631200000;
;1;69;69050;2;1;1.0;3.0;45,8746080000;4,6465300000;
;1;94;94042;2;1;2.0;5.0;48,8201400000;2,4690900000;
;1;83;83118;2;1;1.0;3.0;43,4252499322;6,7688065320;
;1;69;69272;2;9;1.0;3.0;45,6102210000;4,8392420000;
;2;93;93072;2;1;1.0;2.0;48,9575256361;2,3826786876;
;1;69;69255;1;1;1.0;1.0;45,7471470000;4,6621940000;
;1;77;77059;2;1;1.0;3.0;48,8415900000;2,6620800000;
;1;69;69094;2;6;7.0;3.0;45,7466700000;4,7034500000;
;1;93;93071;2;1;1.0;2.0;48,9393780830;2,5383782387;
;3;77;77022;1;6;1.0;6.0;48,4517581204;2,6235918402;
;1;46;46288;1;1;1.0;6.0;44,6738020000;2,0461080000;
;2;31;31165;1;1;1.0;6.0;43,4238730000;1,3611940000;
;2;76;76212;2;1;2.0;1.0;49,4354800000;1,1456900000;
;1;86;86115;2;1;1.0;6.0;46,7118320000;0,3855430000;
;3;74;74298;1;1;1.0;1.0;46,1678000000;6,2687000000;
;2;33;33141;1;1;7.0;6.0;44,8364410000; -0,3484510000;
;1;93;93050;2;1;1.0;3.0;48,8663500000;2,5278300000;
;3;33;33177;1;1;1.0;6.0;45,3291600000; -0,9702730000;
;1;69;69264;2;3;8.0;6.0;45,9946000000;4,7151500000;
;1;93;93045;2;1;1.0;3.0;48,8791222269;2,4136009812;
;1;69;69383;2;1;1.0;3.0;45,7620900000;4,8511500000;
;1;67;67180;1;3;1.0;7.0;48,8021200000;7,8346600000;
;5;33;33123;2;2;1.0;3.0;45,0899684997; -0,4190321267;
;5;93;93031;2;2;1.0;2.0;48,9500700000;2,3285500000;
;1;62;62457;2;1;1.0;6.0;50,4486730000;2,5432790000;
;5;69;69383;2;2;1.0;3.0;45,7545200000;4,8665300000;
;1;85;85300;1;1;1.0;7.0;46,7075850000; -1,5154105000;
;1;93;93013;2;3;1.0;3.0;48,9321699227;2,4134060740;
;1;59;59512;2;2;1.0;3.0;50,6753265241;3,2024422288;
;1;53;53001;2;1;1.0;6.0;48,0197800000; -0,8729290000;
;5;69;69387;2;2;1.0;3.0;45,7490900000;4,8361000000;
;5;93;93047;2;9;2.0;6.0;48,9029207353;2,5764897466;
;1;69;69388;2;2;1.0;6.0;45,7295400000;4,8676200000;
;1;93;93001;2;1;1.0;1.0;48,9111131140;2,3738525945;
;1;56;56178;2;1;1.0;6.0;48,0631430000; -2,9659370000;
;2;59;59392;2;5;2.0;3.0;50,2817001404;3,9528840780;
;1;972;97213;2;1;1.0;3.0;14,6204200000; -60,9928200000;
;1;93;93070;2;3;1.0;6.0;48,9086081241;2,3326338199;
;5;972;97213;1;1;1.0;6.0;14,6070000000; -61,0041100000;
;1;49;49246;2;1;2.0;7.0;47,4257100000; -0,5128300000;
;1;35;35212;1;1;1.0;6.0;47,8849980000; -1,6174520000;
;1;92;92064;2;1;8.0;3.0;48,8423249052;2,1989999413;
;1;972;97209;1;1;1.0;6.0;14,6120700000; -61,0600300000;
;3;45;45302;1;1;2.0;3.0;47,9483855280;1,8648837805;
;2;92;92063;2;1;1.0;6.0;48,8789010560;2,1862656176;
;5;974;97411;2;5;1.0;3.0; -20,8910000000;55,4550000000;
;5;972;97209;1;1;1.0;6.0;14,6090400000; -61,0557200000;
;5;92;92050;2;5;1.0;6.0;48,8982100000;2,2201400000;
;4;69;69389;2;1;1.0;1.0;45,7883100000;4,8082200000;
;5;974;97411;2;1;1.0;7.0; -20,8863400000;55,4833500000;
;1;37;37261;2;1;1.0;5.0;47,3950700000;0,6850200000;
;1;2B;2B033;2;1;1.0;3.0;42,6822000000;9,4373900000;
;1;92;92024;2;2;1.0;3.0;48,9013300000;2,3152100000;
;1;35;35278;2;1;2.0;3.0;48,1484100000; -1,6565900000;
;1;973;97302;1;9;1.0;3.0;4,8970500000; -52,3282700000;
;5;2B;2B033;2;2;1.0;3.0;42,6994900000;9,4498600000;
;5;33;33063;2;2;1.0;3.0;44,8646500000; -0,5637800000;
;5;2B;2B037;1;6;1.0;2.0;42,5957000000;9,4387000000;
;1;26;26272;2;4;1.0;3.0;44,5160470000;4,8605170000;
;1;2B;2B033;2;1;1.0;1.0;42,6711500000;9,4420800000;
;1;33;33063;2;2;1.0;3.0;44,8274432173; -0,5757723749;
;1;973;97302;2;1;1.0;3.0;4,9142800000; -52,3208300000;
;1;40;40004;1;1;1.0;1.0;43,6574750000; -1,3455780000;
;5;33;33009;2;1;1.0;7.0;44,6562100000; -1,1767800000;
;1;2B;2B033;2;1;1.0;6.0;42,7069700000;9,4529200000;
;3;77;77047;1;1;1.0;2.0;48,8937290771;2,9078241075;
;1;69;69388;2;2;1.0;6.0;45,7450900000;4,8662100000;
;3;13;13078;1;1;5.0;1.0;43,4078840000;4,8197840000;
;1;31;31555;1;9;1.0;5.0;43,5883200000;1,4006800000;
;1;971;97101;2;3;1.0;2.0;16,2506598519; -61,5200686455;
;1;974;97412;2;1;1.0;6.0; -21,3325490000;55,6429410000;
;1;31;31483;1;1;1.0;1.0;43,0900500000;0,7294700000;
;1;69;69383;2;1;1.0;6.0;45,7598420706;4,8522761272;
;1;2A;2A004;2;4;2.0;3.0;41,9166800000;8,7317200000;
;3;52;52282;1;1;2.0;6.0;47,9787590000;5,1345760000;
;1;30;30007;2;1;1.0;3.0;44,1339042076;4,1057009697;
;1;79;79140;2;1;1.0;6.0;46,0994090000; -0,0473030000;
;5;2A;2A004;2;2;1.0;3.0;41,9186251397;8,7369493246;
;5;69;69387;2;3;1.0;3.0;45,7267300000;4,8317900000;
;5;29;29019;2;1;2.0;6.0;48,3841050000; -4,5168810000;
;5;95;95539;2;1;2.0;6.0;48,9961236440;2,3502266407;
;5;29;29019;2;6;2.0;6.0;48,3831700000; -4,4859600000;
;3;95;95277;1;1;5.0;2.0;48,9746491597;2,4600255489;
;1;974;97413;2;2;1.0;3.0; -21,1995720000;55,3286770000;
;2;70;70285;2;1;1.0;6.0;47,5752121406;6,7553126737;
;3;83;83140;1;1;1.0;6.0;43,4124750000;5,9088740000;
;1;69;69259;2;2;1.0;3.0;45,7026833486;4,8702384531;
;1;59;59331;1;1;8.0;1.0;50,1251150000;3,6708770000;
;5;13;13215;2;1;2.0;3.0;43,3594109707;5,3649491260;
;3;79;79066;1;1;5.0;1.0;46,4535000000; -0,3822260000;
;1;69;69259;2;3;1.0;2.0;45,6949500000;4,8910400000;
;1;2B;2B050;2;1;1.0;6.0;42,5595923555;8,7567043297;
;5;13;13001;1;1;2.0;6.0;43,5636786122;5,4617485010;
;1;91;91286;2;1;8.0;1.0;48,6474800000;2,3754900000;
;3;09;09225;1;1;1.0;6.0;43,0950300000;1,6333000000;
;1;2B;2B242;1;1;1.0;4.0;42,3976247230;9,5308488620;
;5;91;91434;2;1;1.0;3.0;48,6632300000;2,3584200000;
;1;69;69386;2;3;1.0;3.0;45,7764400000;4,8447400000;
;1;06;06069;2;1;2.0;6.0;43,6502200000;6,9220000000;
;1;69;69104;1;1;8.0;6.0;46,2303520991;4,6898226142;
;5;89;89449;2;1;1.0;6.0;48,3342310000;3,0884420000;
;5;91;91687;2;4;9.0;6.0;48,6594600000;2,3729000000;
;3;01;01451;1;1;3.0;7.0;46,2365420000;5,2284810000;
;1;972;97213;1;1;2.0;6.0;14,6667200000; -60,9949500000;
;1;29;29190;2;1;1.0;6.0;48,3471320000; -4,7041970000;
;1;91;91223;2;1;2.0;2.0;48,4495900000;2,1584300000;
;1;29;29218;2;1;1.0;6.0;48,0420820000; -4,4939120000;
;1;972;97213;1;1;2.0;3.0;14,5939500000; -60,9839900000;
;5;75;75108;2;2;2.0;6.0;48,8700878490;2,3066434264;
;1;88;88160;2;1;1.0;6.0;48,1598700000;6,4511100000;
;1;972;97213;2;1;1.0;2.0;14,6202900000; -61,0213800000;
;1;38;38311;1;1;1.0;1.0;45,3915509227;5,1214025988;