Num_Acc;lum;departement;commune;agglomeration;intersection;meteo;type_collision;lat;long;date
;2;75;75105;2;2;2.0;3.0;48,8514020000;2,3431850000;
;5;87;87085;2;2;2.0;3.0;45,8397800000;1,2360500000;
;1;03;03052;1;1;1.0;6.0;46,3285430000;2,7401880000;
;1;03;03052;1;6;5.0;6.0;46,3324100000;2,7162840000;
;5;69;69386;2;6;1.0;3.0;45,7660300000;4,8560100000;
;1;87;87038;1;3;2.0;2.0;45,9022700000;1,2297500000;
;5;01;01034;2;1;1.0;6.0;45,7605620000;5,6884420000;
;5;75;75106;2;4;2.0;3.0;48,8518740000;2,3286600000;
;1;69;69034;2;1;1.0;2.0;45,7820000000;4,8435700000;
;5;87;87085;2;2;1.0;3.0;45,8526800000;1,2495700000;
;3;26;26188;2;1;1.0;2.0;44,2385350000;5,1851820000;
;2;75;75120;2;2;1.0;3.0;48,8591410000;2,4021240000;
;5;87;87085;2;2;1.0;3.0;45,8388900000;1,2665500000;
;1;66;66049;2;3;7.0;6.0;42,4865970000;2,7500900000;
;2;69;69389;2;1;1.0;2.0;45,7863860182;4,8113979371;
;1;75;75120;2;1;1.0;6.0;48,8748410000;2,4030300000;
;1;66;66009;2;1;1.0;6.0;42,4585750000;2,6365100000;
;2;83;83137;2;1;2.0;6.0;43,1653200000;5,9375000000;
;1;2B;2B037;2;9;1.0;3.0;42,6218100000;9,4368600000;
;5;75;75119;2;2;1.0;2.0;48,8830120000;2,3855480000;
;1;83;83118;2;1;1.0;6.0;43,4278200000;6,7663400000;
;1;83;83007;1;1;1.0;6.0;43,6446950000;6,1845370000;
;1;971;97101;1;1;1.0;2.0;16,2534400000; -61,5478300000;
;1;75;75117;2;3;2.0;6.0;48,8929220000;2,3270200000;
;1;36;36126;1;1;1.0;7.0;46,4766670000;1,7416010000;
;5;82;82033;2;1;1.0;1.0;44,0391500000;1,1117900000;
;3;85;85084;2;3;2.0;3.0;46,7961400000; -1,1583800000;
;5;81;81163;2;1;1.0;2.0;43,5060100000;2,3790800000;
;5;971;97113;1;1;1.0;3.0;16,2078900000; -61,4530400000;
;5;75;75117;2;2;2.0;3.0;48,8923339099;2,3010912538;
;3;79;79191;1;1;1.0;1.0;46,3373400000; -0,4626500000;
;1;30;30182;1;1;1.0;5.0;43,8509010000;4,1512660000;
;5;2A;2A004;2;9;1.0;3.0;41,9280900000;8,7386600000;
;5;75;75116;2;7;2.0;6.0;48,8646250000;2,2937090000;
;5;26;26009;2;4;5.0;6.0;45,2584180000;4,8230110000;
;5;67;67389;2;1;2.0;6.0;48,6529470374;7,7510046959;
;1;75;75115;2;3;2.0;1.0;48,8462240000;2,2794120000;
;1;95;95598;2;1;8.0;3.0;48,9888022366;2,2967192531;
;1;973;97309;2;9;1.0;3.0;4,9063140000; -52,2730240000;
;1;75;75112;2;2;2.0;7.0;48,8337040000;2,3824670000;
;5;78;78029;1;6;9.0;2.0;48,9594410000;1,8407340000;
;1;973;97309;2;1;1.0;3.0;4,9073960000; -52,2678590000;
;1;75;75112;2;2;2.0;3.0;48,8481440000;2,3991170000;
;5;78;78029;2;4;1.0;3.0;48,9612070000;1,8501620000;
;2;91;91021;2;2;1.0;1.0;48,5872820000;2,2486850000;
;1;06;06085;1;1;1.0;2.0;43,5932950000;7,0389530000;
;5;75;75108;2;3;8.0;4.0;48,8710810000;2,3035020000;
;1;78;78118;2;5;8.0;6.0;48,9867200000;1,6804800000;
;3;91;91421;1;1;1.0;7.0;48,7110200000;2,4417100000;
;2;94;94054;2;1;2.0;1.0;48,7495900000;2,4103600000;
;5;84;84092;2;4;1.0;1.0;43,9540700000;4,8583120000;
;1;91;91114;2;9;1.0;3.0;48,6947000000;2,5024000000;
;1;93;93001;2;2;2.0;6.0;48,9231800000;2,3700500000;
;1;83;83099;2;3;1.0;1.0;43,4527670000;6,6907540000;
;1;91;91109;1;1;1.0;7.0;48,4723200000;2,1374100000;
;1;92;92075;2;9;1.0;3.0;48,8241009736;2,2982061356;
;1;55;55369;1;1;8.0;1.0;48,8095730267;5,2050857971;
;5;77;77373;2;3;1.0;6.0;48,7906090000;2,6133890000;
;5;74;74224;2;3;1.0;6.0;46,0606880000;6,3085130000;
;5;92;92023;2;3;2.0;1.0;48,7792404774;2,2284915671;
;1;81;81105;2;2;1.0;3.0;43,7694360000;1,9986530000;
;1;71;71583;1;1;1.0;2.0;46,2690050000;4,7885370000;
;1;77;77464;2;6;1.0;3.0;48,8990400000;2,7133800000;
;3;84;84149;1;1;3.0;7.0;44,1697240000;4,9544150000;
;1;33;33243;1;1;1.0;6.0;44,9238750000; -0,2155210000;
;5;77;77186;2;1;2.0;6.0;48,4022000000;2,6968800000;
;3;59;59016;1;3;1.0;3.0;50,9783110000;2,3601130000;
;3;14;14627;1;2;2.0;3.0;48,8787010000; -0,2305200000;
;1;23;23065;1;1;7.0;1.0;46,2902570000;1,5965370000;
;1;83;83137;2;1;1.0;3.0;43,1227600000;5,9458500000;
;2;87;87177;1;1;9.0;7.0;45,8125590000;1,0791490000;
;3;77;77371;1;1;1.0;5.0;48,8336100000;3,0009700000;
;1;22;22067;2;2;1.0;5.0;48,5534860000; -3,1669060000;
;1;83;83137;2;9;1.0;2.0;43,1085600000;5,9596500000;
;3;44;44070;1;1;1.0;7.0;47,1572310000; -1,4131760000;
;1;76;76540;2;2;3.0;6.0;49,4403000000;1,1022000000;
;5;27;27016;2;3;1.0;3.0;49,2458520000;1,4138780000;
;1;51;51282;1;6;1.0;3.0;49,2519800000;3,9237710000;
;1;83;83123;2;1;1.0;3.0;43,1349500000;5,7948000000;
;1;76;76351;2;3;1.0;6.0;49,5137100000;0,1748500000;
;1;69;69217;2;1;1.0;6.0;46,0022271180;4,4457989937;
;1;60;60402;2;2;1.0;3.0;49,3579980953;2,7551522254;
;5;69;69292;2;1;1.0;1.0;45,8150570000;4,8667070000;
;1;59;59086;2;3;2.0;6.0;50,8095760000;2,6795270000;
;1;83;83118;2;9;1.0;3.0;43,4337400000;6,7739700000;
;2;89;89460;2;1;2.0;1.0;48,3416414182;3,0763944983;
;3;76;76351;2;1;1.0;6.0;49,5063310000;0,1417500000;
;1;13;13005;1;1;1.0;1.0;43,2840996229;5,5936224048;
;1;83;83141;1;9;1.0;2.0;43,4923470000;6,4855910000;
;1;89;89345;1;1;1.0;3.0;47,9920110000;3,7343110000;
;5;76;76351;2;3;2.0;6.0;49,5146500000;0,1536500000;
;2;91;91589;1;1;1.0;3.0;48,6794900000;2,3334200000;
;1;61;61432;1;3;1.0;2.0;48,7575400000;0,6939840000;
;1;76;76217;2;9;2.0;6.0;49,9100000000;1,0780000000;
;1;94;94021;1;1;1.0;5.0;48,7617700000;2,3452100000;
;1;81;81004;2;6;1.0;2.0;43,9268000000;2,1535400000;
;1;25;25596;1;3;1.0;3.0;47,2377530000;6,4447690000;
;1;76;76414;1;9;8.0;3.0;49,9071700000;1,1059600000;
;3;91;91174;1;1;1.0;3.0;48,6209500000;2,4616400000;
;1;31;31141;1;1;1.0;6.0;43,2352610000;0,7449250000;
;1;79;79191;2;1;1.0;2.0;46,3162600000; -0,4768300000;
;1;01;01422;1;1;3.0;7.0;46,1473950000;5,3118470000;
;3;91;91179;1;1;1.0;2.0;48,5677600000;2,4721300000;
;1;74;74012;2;4;1.0;2.0;46,1865800000;6,2478400000;
;1;78;78481;2;1;1.0;6.0;48,9011800000;2,1068800000;
;3;70;70407;1;1;3.0;2.0;47,3633190000;6,0398200000;
;1;78;78423;1;1;1.0;2.0;48,7967440000;2,0260860000;
;3;26;26345;2;4;1.0;6.0;44,2859793558;4,8359665275;
;1;78;78401;2;1;1.0;2.0;49,0033830000;1,9066700000;
;1;77;77373;1;1;1.0;2.0;48,7824478757;2,6161280087;
;2;67;67482;2;1;1.0;3.0;48,5807500000;7,7373700000;
;1;64;64068;1;1;1.0;6.0;43,1115730000; -0,2620410000;
;3;73;73029;1;4;2.0;3.0;45,5681600000;5,9407300000;
;1;94;94073;1;1;1.0;4.0;48,7609888888;2,3826099002;
;1;77;77083;1;1;1.0;1.0;48,8408500000;2,5963700000;
;1;67;67482;2;3;1.0;3.0;48,5707500000;7,7697500000;
;1;44;44109;2;1;1.0;6.0;47,2440900000; -1,5753700000;
;3;88;88475;1;1;2.0;3.0;48,0986400000;5,7371380000;
;5;72;72181;2;1;3.0;2.0;47,9794900000;0,1979200000;
;5;77;77251;1;2;1.0;3.0;48,6247400000;2,5664800000;
;1;66;66136;1;1;1.0;4.0;42,7269600000;2,8997800000;
;1;05;05061;2;1;1.0;6.0;44,5596800000;6,0757900000;
;1;34;34032;1;1;3.0;6.0;43,3030550000;3,2206790000;
;1;72;72181;2;1;1.0;3.0;47,9733600000;0,2230190000;
;5;77;77186;2;1;1.0;6.0;48,3999500000;2,7133400000;
;1;66;66136;2;1;1.0;3.0;42,7176028111;2,8874368966;
;1;91;91174;2;1;1.0;6.0;48,6016430000;2,4699870000;
;1;51;51147;1;1;1.0;7.0;49,0270600000;4,5087800000;
;1;71;71153;2;3;1.0;3.0;46,7891200000;4,4357300000;
;5;76;76540;1;1;1.0;6.0;49,4493000000;1,0628500000;
;2;988;98825;1;1;1.0;6.0; -21,4209870000;165,2632090000;
;1;973;97302;2;1;2.0;7.0;4,9386907392; -52,3267221451;
;1;66;66136;1;6;1.0;6.0;42,6582228249;2,8846675158;
;5;69;69286;2;3;1.0;3.0;45,8132400000;4,8934500000;
;1;973;97302;1;6;1.0;3.0;4,9069600000; -52,3223400000;
;1;76;76705;1;1;1.0;3.0;49,3309500000;1,1045780000;
;5;69;69383;2;1;1.0;6.0;45,7589400000;4,8409700000;
;1;64;64260;2;3;1.0;3.0;43,3500046686; -1,7812769693;
;1;76;76351;2;1;1.0;7.0;49,5212021197;0,1090983152;
;5;69;69266;2;2;8.0;3.0;45,7581300000;4,8933100000;
;2;77;77329;1;2;3.0;3.0;48,2404150000;2,8093160000;
;1;64;64284;1;1;1.0;3.0;43,2629770763; -0,3901648521;
;1;69;69386;2;1;1.0;3.0;45,7656268727;4,8515260220;
;3;69;69266;2;1;1.0;6.0;45,7846700000;4,8880100000;
;1;76;76217;2;2;1.0;3.0;49,9245600000;1,1034500000;
;1;95;95610;1;1;1.0;5.0;49,0892980000;1,9141530000;
;5;69;69389;2;3;1.0;6.0;45,7703000000;4,8009000000;
;1;64;64125;2;9;1.0;3.0;43,4300530000; -1,5730240000;
;1;74;74013;2;1;1.0;6.0;46,3547800000;6,4348600000;
;1;95;95610;1;1;1.0;6.0;49,1003040323;1,8956780434;
;1;69;69264;2;3;1.0;3.0;45,9830500000;4,7314300000;
;1;971;97101;2;2;1.0;3.0;16,2758300000; -61,5074600000;
;1;64;64102;2;1;1.0;3.0;43,4965700000; -1,4506100000;
;1;21;21138;1;1;1.0;7.0;47,1864435532;5,2999391555;
;5;95;95574;2;1;2.0;7.0;49,0051000000;2,2695000000;
;1;69;69259;2;3;1.0;6.0;45,7001574490;4,8857134581;
;1;74;74010;2;5;1.0;3.0;45,9070200000;6,1102000000;
;1;64;64102;2;1;1.0;3.0;43,4871900000; -1,4858050000;
;1;67;67010;2;1;1.0;3.0;48,3874550000;7,4202450000;
;5;87;87085;2;3;2.0;6.0;45,8249000000;1,2747700000;
;5;74;74010;2;1;1.0;3.0;45,9029900000;6,1261000000;
;5;69;69290;2;3;1.0;2.0;45,6963000000;4,9263800000;
;1;64;64024;2;1;1.0;3.0;43,4968200000; -1,5095900000;
;3;42;42251;1;9;1.0;3.0;45,7052730000;4,2271130000;
;1;87;87085;2;2;1.0;2.0;45,8214900000;1,2402700000;
;1;73;73065;2;2;1.0;1.0;45,5759029959;5,9069631994;
;1;69;69259;2;1;8.0;3.0;45,7140056728;4,8761889338;
;1;38;38222;1;1;1.0;1.0;45,4395720000;5,6097330000;
;1;63;63014;2;2;1.0;3.0;45,7513012108;3,1092944741;
;2;87;87085;2;3;1.0;6.0;45,8200100000;1,2448400000;
;1;72;72181;2;1;1.0;3.0;48,0174900000;0,2180100000;
;5;69;69204;2;3;1.0;3.0;45,6869810000;4,7863270000;
;1;69;69290;2;3;1.0;6.0;45,6918900000;4,9337500000;
;1;86;86194;2;1;8.0;3.0;46,5855840000;0,3331120000;
;1;46;46042;1;1;3.0;;44,4373650000;1,5036680000;
;4;62;62427;2;1;1.0;6.0;50,4131400000;2,9669500000;
;1;31;31395;1;1;1.0;7.0;43,4511740000;1,2712280000;
;1;69;69256;2;2;1.0;3.0;45,7713900000;4,9082600000;
;5;81;81065;2;2;1.0;6.0;43,6059550591;2,2393049151;
;1;59;59599;2;2;1.0;3.0;50,7371600000;3,1708600000;
;1;14;14452;1;1;1.0;7.0;48,9056358948; -0,1057434082;
;3;69;69199;1;3;1.0;7.0;45,7117295570;4,8424038291;
;1;60;60103;2;1;1.0;3.0;49,4097050609;2,2487919330;
;1;69;69256;2;2;1.0;1.0;45,7785700000;4,9166100000;
;1;78;78440;2;2;1.0;3.0;48,9978800000;1,9089800000;
;5;59;59386;2;1;1.0;1.0;50,6734743227;3,0551098287;
;5;67;67482;2;1;8.0;2.0;48,6131000000;7,7729000000;
;3;77;77268;1;9;1.0;6.0;48,8760700000;2,8242600000;
;1;59;59220;2;1;8.0;1.0;50,5844950368;3,0881388858;
;3;13;13211;1;1;1.0;2.0;43,2859370000;5,4296640000;
;1;69;69266;2;2;1.0;3.0;45,7652500000;4,8715600000;
;5;66;66136;2;3;1.0;7.0;42,6949400000;2,9117600000;
;5;77;77243;2;2;1.0;2.0;48,8751400000;2,6945600000;
;1;59;59350;2;1;1.0;6.0;50,6222341872;3,0850405991;
;2;13;13211;1;1;8.0;2.0;43,2922600000;5,4791700000;
;2;66;66136;1;1;1.0;1.0;42,6624600000;2,9059800000;
;5;66;66136;2;1;1.0;7.0;42,7058186051;2,9029333591;
;1;76;76682;2;1;1.0;7.0;49,3189109254;1,1162106693;
;1;13;13070;1;1;1.0;4.0;43,2852200000;5,5165500000;
;1;51;51454;2;2;1.0;1.0;49,2525310514;4,0579301119;
;1;66;66136;2;3;1.0;3.0;42,7088600000;2,8889400000;
;1;66;66136;2;3;1.0;1.0;42,7009815586;2,8924110532;
;3;69;69199;1;1;1.0;2.0;45,6871200000;4,8465000000;
;1;72;72181;2;1;1.0;2.0;47,9847800000;0,1610200000;
;1;42;42103;2;1;1.0;1.0;45,5068900000;4,5570000000;
;1;64;64260;2;1;1.0;6.0;43,3550700000; -1,7745900000;
;1;91;91235;1;1;2.0;7.0;48,6257400000;2,3565900000;
;1;64;64122;2;2;1.0;1.0;43,4824000000; -1,5444400000;
;1;69;69266;2;1;1.0;6.0;45,7781954440;4,8624231093;
;1;38;38229;1;1;1.0;4.0;45,2024800000;5,7820800000;
;1;64;64260;2;1;1.0;3.0;43,3712140000; -1,7707440000;
;1;94;94034;1;1;2.0;4.0;48,7614600000;2,3164400000;
;1;37;37122;1;1;2.0;7.0;47,3407275366;0,6624197960;
;5;64;64102;2;1;1.0;3.0;43,4836200000; -1,5008600000;
;5;78;78126;1;1;8.0;6.0;48,8403880000;2,1147730000;
;1;64;64445;2;1;1.0;6.0;43,3037500000; -0,3654500000;
;2;69;69290;2;3;8.0;3.0;45,7189721879;4,9307209253;
;5;64;64102;2;1;1.0;2.0;43,4847600000; -1,4963300000;
;2;92;92047;1;1;1.0;2.0;48,8350422017;2,1744212904;
;1;64;64445;2;1;1.0;3.0;43,3068500000; -0,3346900000;
;1;33;33063;2;2;1.0;3.0;44,8627800000; -0,5834700000;
;2;78;78321;1;1;1.0;6.0;48,7987240000;1,9154830000;
;1;66;66136;2;1;1.0;6.0;42,6967800000;2,8817500000;
;2;64;64102;2;1;8.0;2.0;43,4929488529; -1,4791524410;
;4;64;64122;2;1;1.0;6.0;43,4731200000; -1,5456400000;
;3;92;92036;1;1;2.0;6.0;48,9436471157;2,2877561673;
;1;33;33529;2;3;1.0;3.0;44,6361592374; -1,1416339874;
;2;63;63113;2;4;1.0;6.0;45,7879720500;3,0575680733;
;1;95;95572;1;1;1.0;6.0;49,0317300000;2,1150200000;
;1;63;63113;2;2;1.0;3.0;45,7732000000;3,0951500000;
;1;31;31555;2;1;1.0;6.0;43,6246520000;1,4017600000;
;1;95;95060;1;1;1.0;7.0;49,0387588348;2,1920084953;
;5;63;63113;2;2;1.0;3.0;45,7807483052;3,1092193723;
;2;22;22106;2;1;1.0;6.0;48,4967000000; -2,7349500000;
;1;62;62774;2;3;1.0;3.0;50,9439520000;1,7463750000;
;1;63;63014;2;9;2.0;3.0;45,7556277764;3,1295934319;
;1;61;61169;2;2;1.0;3.0;48,7532300000; -0,5611000000;
;4;63;63113;2;2;1.0;3.0;45,7768300000;3,0786500000;
;1;38;38421;2;1;1.0;6.0;45,1662400000;5,7517200000;
;1;60;60057;2;2;1.0;6.0;49,4140900000;2,0854000000;
;1;21;21231;2;3;1.0;3.0;47,3526610000;5,0628540000;
;3;63;63113;2;1;1.0;3.0;45,7880912845;3,1117004156;
;1;91;91549;2;2;8.0;3.0;48,6430520000;2,3416540000;
;1;59;59350;2;2;1.0;3.0;50,6306800000;3,0475900000;
;1;18;18279;2;3;1.0;1.0;47,2289600000;2,0479800000;
;1;974;97411;2;1;1.0;7.0; -20,8823700000;55,4475100000;
;5;59;59648;2;1;1.0;1.0;50,5894944737;3,0447793007;
;1;63;63113;2;1;9.0;1.0;45,8115810885;3,1322820174;
;3;63;63113;2;1;1.0;1.0;45,7678000000;3,0811500000;
;1;59;59588;1;1;1.0;1.0;51,0108100000;2,4568400000;
;1;17;17299;1;1;1.0;3.0;45,9232100000; -0,9722900000;
;1;974;97411;2;9;1.0;3.0; -20,9032300000;55,5033000000;
;3;63;63113;2;1;1.0;6.0;45,7824204693;3,0938154459;
;1;57;57306;2;6;1.0;2.0;49,3200000000;6,0600000000;
;1;13;13117;2;3;1.0;3.0;43,4426700000;5,2303600000;
;1;974;97407;1;1;1.0;6.0; -20,9501000000;55,2880000000;
;5;973;97302;2;1;1.0;3.0;4,9321410196; -52,3127773404;
;4;56;56121;2;6;1.0;6.0;47,7421000000; -3,3733400000;
;5;13;13208;2;9;1.0;5.0;43,2462746257;5,3881528574;
;5;62;62737;2;1;9.0;5.0;50,4606850000;2,6786500000;
;4;56;56107;2;1;1.0;1.0;47,7228406000; -3,3772560900;
;1;13;13204;2;1;1.0;1.0;43,3067600000;5,3996900000;
;5;62;62193;2;3;1.0;3.0;50,9465400000;1,8433200000;
;5;54;54395;2;1;1.0;6.0;48,6989300000;6,1755700000;
;5;69;69259;2;3;1.0;3.0;45,7143700000;4,8794400000;
;1;13;13001;2;1;1.0;6.0;43,5141743669;5,4700974024;
;5;62;62119;2;2;2.0;6.0;50,5300200000;2,6401200000;
;1;11;11069;2;3;1.0;3.0;43,2163100000;2,3561600000;
;1;69;69383;2;1;1.0;2.0;45,7555700000;4,8499600000;
;1;54;54395;2;2;1.0;3.0;48,6904700000;6,1883500000;
;1;62;62350;1;1;5.0;1.0;50,5091820000;2,6181220000;
;1;10;10387;2;1;1.0;2.0;48,2943000000;4,0827000000;
;1;972;97213;2;1;1.0;2.0;14,6297600000; -60,9893400000;
;1;09;09122;2;9;1.0;6.0;42,9635730000;1,6071930000;
;1;972;97209;1;1;1.0;7.0;14,6045600000; -61,0816300000;
;1;54;54304;2;1;1.0;6.0;48,6843000000;6,1394500000;
;5;61;61006;2;1;3.0;3.0;48,7200800000; -0,0094300000;
;1;06;06029;2;1;1.0;3.0;43,5609500000;7,0164800000;
;1;971;97101;1;1;1.0;6.0;16,2663100000; -61,4919700000;
;3;61;61006;1;1;5.0;7.0;48,7052550000; -0,0020560000;
;1;75;75114;2;1;1.0;3.0;48,8213550000;2,3191800000;
;1;52;52448;2;3;1.0;3.0;48,6357100000;4,9420600000;
;5;61;61006;2;9;1.0;7.0;48,7292900000; -0,0172300000;
;1;971;97101;1;2;1.0;3.0;16,2973313006; -61,5114158392;
;5;61;61001;2;1;2.0;7.0;48,4365900000;0,0893500000;
;1;75;75107;2;2;1.0;6.0;48,8610430000;2,3132370000;
;1;51;51454;2;1;1.0;1.0;49,2485543582;4,0121582150;
;3;91;91130;1;1;2.0;7.0;48,4254800000;2,1036800000;
;1;61;61001;2;1;8.0;7.0;48,4219300000;0,0896700000;
;5;75;75108;2;2;1.0;3.0;48,8736750000;2,3144780000;
;5;88;88413;2;1;1.0;1.0;48,2997700000;6,9368900000;
;1;59;59152;2;1;2.0;6.0;50,7565910000;2,9908590000;
;1;50;50129;2;2;1.0;3.0;49,6375300000; -1,6056200000;
;1;75;75119;2;5;1.0;6.0;48,8937710000;2,3733590000;
;1;85;85191;1;1;1.0;2.0;46,6691970000; -1,4602830000;
;5;59;59279;1;1;1.0;1.0;50,7730700000;3,1110300000;
;1;75;75107;2;2;2.0;2.0;48,8518360000;2,3144960000;
;1;77;77123;1;1;2.0;1.0;48,9914700000;2,6522000000;
;1;75;75112;2;1;1.0;2.0;48,8458180000;2,3763370000;
;5;59;59646;2;1;1.0;6.0;50,6645000000;3,1186000000;
;1;50;50129;2;3;1.0;3.0;49,6438000000; -1,6259200000;
;1;74;74012;2;1;1.0;2.0;46,1963300000;6,2372500000;
;1;75;75109;2;2;2.0;6.0;48,8728600000;2,3404680000;
;5;59;59650;2;2;9.0;3.0;50,7234900000;3,1910800000;
;5;73;73008;2;6;1.0;1.0;45,7132300000;5,8933300000;
;5;59;59193;1;4;4.0;6.0;50,5887900000;3,0077200000;
;1;75;75107;2;3;2.0;3.0;48,8606440000;2,2954560000;
;5;69;69256;2;1;1.0;6.0;45,7744900000;4,9149100000;
;1;75;75107;2;3;2.0;6.0;48,8557320000;2,3049750000;
;1;59;59350;2;3;2.0;3.0;50,6156300000;3,0626560000;
;1;75;75104;2;3;1.0;7.0;48,8550510000;2,3616480000;
;5;64;64445;2;2;3.0;3.0;43,3026500000; -0,3745500000;
;1;94;94078;2;1;2.0;4.0;48,7447220000;2,4523630000;
;2;59;59009;2;2;1.0;5.0;50,6429000000;3,1230400000;
;2;59;59350;2;1;1.0;4.0;50,6486634197;3,0681279302;
;1;94;94033;2;1;1.0;3.0;48,8487100000;2,4787600000;
;2;56;56260;2;1;3.0;6.0;47,6670340000; -2,7935117000;
;1;94;94002;2;3;1.0;3.0;48,7879700000;2,4258300000;
;5;59;59350;2;2;1.0;3.0;50,6243400000;3,0696700000;
;1;56;56121;2;1;2.0;6.0;47,7632200000; -3,3940300000;
;1;93;93078;2;1;1.0;2.0;48,9750400000;2,5101700000;
;1;59;59343;2;1;1.0;3.0;50,5820714623;3,1142295599;
;1;56;56121;2;1;1.0;4.0;47,7580600000; -3,3868300000;
;1;93;93064;2;2;1.0;3.0;48,8805359574;2,4887055159;
;3;56;56121;2;6;3.0;2.0;47,7431140000; -3,3659410000;
;1;59;59043;1;1;1.0;1.0;50,7162659179;2,6917764544;
;1;93;93062;2;3;1.0;6.0;48,8944600000;2,5133900000;
;1;56;56121;2;1;1.0;3.0;47,7488000000; -3,3657000000;
;5;54;54395;2;3;1.0;6.0;48,6805700000;6,1811800000;
;1;93;93045;2;2;1.0;3.0;48,8783818656;2,4225332458;
;5;51;51454;2;2;1.0;1.0;49,2700700000;4,0221400000;
;1;54;54395;2;2;1.0;6.0;48,6903600000;6,1562000000;
;1;93;93079;2;3;1.0;3.0;48,9497350805;2,3415020853;
;5;54;54395;2;1;1.0;6.0;48,6913800000;6,1980200000;
;1;49;49007;2;1;1.0;6.0;47,4523400000; -0,5560100000;
;1;92;92072;2;1;1.0;7.0;48,8250782538;2,2281759381;
;1;45;45004;1;1;2.0;7.0;47,9843000000;2,8233400000;
;3;37;37122;2;1;8.0;6.0;47,3423106114;0,6474718451;
;2;54;54357;2;1;8.0;4.0;48,7067600000;6,1620100000;
;1;92;92076;2;1;1.0;2.0;48,8370700000;2,1495400000;
;5;33;33063;2;6;1.0;3.0;44,8771300000; -0,5767600000;
;5;33;33522;2;2;2.0;3.0;44,7973300000; -0,5921200000;
;1;92;92050;2;1;1.0;2.0;48,8881900000;2,1921800000;
;1;54;54395;2;1;1.0;2.0;48,6885853227;6,1841171980;
;1;33;33063;2;1;7.0;4.0;44,8726900000; -0,5620300000;
;5;31;31555;2;1;2.0;3.0;43,6041100000;1,4566700000;
;1;54;54578;2;1;1.0;6.0;48,6721600000;6,1531400000;
;1;92;92049;2;1;1.0;7.0;48,8173600000;2,3268900000;
;1;30;30007;2;1;1.0;1.0;44,1073700000;4,0958800000;
;1;29;29232;1;3;1.0;3.0;48,0390105850; -4,0727177560;
;1;53;53054;1;2;3.0;5.0;48,0917240000; -0,8229150000;
;1;29;29019;1;1;2.0;1.0;48,4231190000; -4,5107750000;
;2;92;92044;2;1;2.0;7.0;48,8945100000;2,2893600000;
;1;51;51454;2;1;2.0;7.0;49,2552400000;4,0592500000;
;3;27;27701;2;3;1.0;3.0;49,2477400000;1,1742600000;
;1;92;92040;2;9;2.0;7.0;48,8235874932;2,2554990649;
;1;51;51454;2;1;1.0;2.0;49,2483200000;4,0107600000;
;3;18;18033;2;3;1.0;3.0;47,0950600000;2,4233900000;
;5;92;92040;2;6;2.0;7.0;48,8201687478;2,2429436445;
;1;92;92040;2;1;2.0;2.0;48,8297100000;2,2673700000;
;5;51;51454;2;1;2.0;4.0;49,2760321691;4,0064504743;
;3;17;17333;1;1;1.0;1.0;45,6150760000; -0,9865360000;
;1;92;92040;2;1;2.0;7.0;48,8234000000;2,2491900000;
;1;92;92026;2;1;1.0;6.0;48,8996600000;2,2615800000;
;1;51;51454;2;6;1.0;3.0;49,2852200000;4,0156700000;
;5;92;92023;2;1;3.0;2.0;48,7857700000;2,2513700000;
;1;13;13117;2;1;8.0;2.0;43,4361700000;5,2582800000;
;1;974;97405;1;1;1.0;7.0; -21,3651700000;55,5498580000;
;5;51;51454;2;1;1.0;7.0;49,2571300000;4,0263800000;
;1;58;58086;2;1;1.0;3.0;47,3801470000;2,9053800000;
;1;13;13106;2;2;1.0;3.0;43,4034500000;5,3569700000;
;1;50;50129;1;1;7.0;2.0;49,6292100000; -1,5811100000;
;5;13;13210;2;1;8.0;3.0;43,2796000000;5,3997000000;
;1;62;62261;2;6;1.0;6.0;50,4836188108;1,6239687211;
;1;49;49007;2;1;2.0;1.0;47,4787700000; -0,5561500000;
;1;30;30221;1;1;1.0;6.0;44,0388770000;4,7886550000;
;1;13;13210;2;1;2.0;3.0;43,2768600000;5,4082800000;
;5;49;49007;2;1;2.0;7.0;47,4647400000; -0,5937700000;
;1;76;76035;1;1;1.0;6.0;49,7669453857;1,7579552163;
;1;13;13212;2;1;1.0;5.0;43,3007532706;5,4308337614;
;1;49;49015;1;1;2.0;7.0;47,5154600000; -0,5695900000;
;1;79;79066;2;2;1.0;7.0;46,4833530000; -0,4075240000;
;3;49;49007;2;1;1.0;6.0;47,4684100000; -0,5652400000;
;1;13;13201;2;1;1.0;1.0;43,2994400000;5,3864600000;
;1;65;65183;1;1;1.0;6.0;43,2077680000;0,4094870000;
;1;11;11206;2;1;1.0;3.0;43,0560280000;2,2132850000;
;5;13;13210;2;1;1.0;2.0;43,2747555486;5,4154367280;
;1;47;47001;2;4;1.0;4.0;44,1977100000;0,6123500000;
;1;71;71031;2;4;1.0;6.0;46,3850260000;4,6877500000;
;1;45;45234;2;1;1.0;3.0;47,8987900000;1,9200500000;
;1;12;12243;2;1;1.0;6.0;44,0120120000;2,9639300000;
;1;12;12243;1;1;1.0;6.0;44,0054640000;2,9662010000;
;1;45;45004;1;1;1.0;6.0;47,9865340000;2,8121060000;
;1;34;34147;1;1;1.0;6.0;43,4662600000;3,2090470000;
;1;06;06088;2;3;1.0;3.0;43,7125240000;7,2886760000;
;5;45;45004;2;1;1.0;4.0;47,9818300000;2,7697700000;
;2;68;68115;2;1;1.0;3.0;47,7529870000;7,0912460000;
;5;44;44109;2;1;1.0;6.0;47,2232600000; -1,5636230000;
;1;68;68065;2;1;1.0;1.0;47,6314460000;7,0219640000;
;1;22;22166;2;1;1.0;6.0;48,8090194293; -3,2991237938;
;3;43;43046;2;1;9.0;6.0;45,0579000000;3,9038600000;
;3;39;39569;1;1;2.0;6.0;46,9925500000;5,7713234000;
;1;75;75116;2;1;1.0;3.0;48,8705970000;2,2723520000;
;1;35;35184;1;1;3.0;6.0;48,2077670000; -2,0479790000;
;5;38;38544;2;1;1.0;6.0;45,5251800000;4,8858300000;
;1;75;75117;2;1;1.0;3.0;48,8931720000;2,3035210000;
;1;29;29105;1;4;3.0;6.0;48,4988130000; -4,0897250000;
;5;38;38516;2;2;1.0;1.0;45,2054900000;5,7486900000;
;5;75;75103;2;1;2.0;2.0;48,8602100000;2,3612550000;
;1;38;38307;1;2;1.0;3.0;45,3796263899;5,0528605010;
;1;38;38386;2;3;1.0;3.0;45,4657180000;5,6517470000;
;5;75;75105;2;4;1.0;3.0;48,8493890000;2,3559630000;
;5;02;02268;2;1;2.0;7.0;49,0162000000;3,2758060000;
;1;75;75120;2;1;8.0;6.0;48,8766380000;2,4071540000;
;1;01;01199;1;3;1.0;6.0;46,0387740000;5,3959390000;
;5;75;75119;2;1;2.0;7.0;48,8867820000;2,3981290000;
;1;14;14227;1;1;1.0;5.0;49,2690737258; -0,0339530111;