Num_Acc;lum;departement;commune;agglomeration;intersection;meteo;type_collision;lat;long;date
;1;17;17200;2;1;1.0;2.0;46,1781400000; -1,1529100000;
;1;2B;2B033;2;9;1.0;4.0;42,6956800000;9,4523000000;
;1;13;13208;2;1;1.0;2.0;43,2594295032;5,3941355485;
;1;2B;2B033;2;1;1.0;1.0;42,6898200000;9,4470100000;
;1;10;10333;1;1;1.0;2.0;48,2866800000;4,0399500000;
;1;971;97101;1;3;1.0;6.0;16,3008200000; -61,5114000000;
;1;75;75105;2;1;1.0;1.0;48,8420185334;2,3556600052;
;1;05;05023;1;2;1.0;3.0;44,9097900000;6,6640300000;
;1;971;97101;2;1;1.0;1.0;16,2730400000; -61,5050800000;
;1;75;75116;2;4;1.0;2.0;48,8466820000;2,2545660000;
;1;75;75118;2;1;1.0;3.0;48,9008600000;2,3657120000;
;1;971;97113;1;1;1.0;2.0;16,2073000000; -61,4441900000;
;1;75;75106;2;2;1.0;3.0;48,8410178084;2,3361306867;
;1;75;75105;2;2;1.0;3.0;48,8499760000;2,3548750000;
;3;75;75105;2;1;1.0;6.0;48,8512200000;2,3466020000;
;1;971;97107;2;1;1.0;7.0;16,0517575708; -61,5645450354;
;1;75;75118;2;3;1.0;1.0;48,8841180000;2,3494680000;
;1;2A;2A004;1;1;1.0;2.0;41,9236000000;8,8129000000;
;1;75;75118;2;2;1.0;3.0;48,8936420000;2,3363780000;
;1;75;75120;2;2;1.0;3.0;48,8728835795;2,4086423213;
;1;95;95268;2;1;2.0;6.0;48,9719870870;2,3949873447;
;1;75;75117;2;7;1.0;6.0;48,8848210000;2,2966340000;
;5;95;95268;2;1;2.0;6.0;48,9742125330;2,3989999294;
;5;91;91425;2;9;1.0;3.0;48,6444800000;2,2700900000;
;2;75;75116;2;1;1.0;5.0;48,8625660000;2,2308020000;
;1;75;75120;2;4;1.0;6.0;48,8737070398;2,3895405406;
;1;91;91514;2;1;1.0;2.0;48,6725700000;2,5374400000;
;1;75;75116;2;1;1.0;5.0;48,8709300000;2,2956700000;
;5;91;91114;2;2;2.0;2.0;48,6866200000;2,4928400000;
;1;75;75114;2;2;1.0;2.0;48,8169890000;2,3321440000;
;2;91;91103;2;1;1.0;3.0;48,6000000000;2,3000000000;
;1;75;75113;2;2;1.0;2.0;48,8306470000;2,3526550000;
;1;88;88160;2;1;1.0;6.0;48,1629100000;6,4497800000;
;1;75;75119;2;7;1.0;3.0;48,9009992741;2,3880865009;
;4;87;87085;1;1;2.0;6.0;45,8662710799;1,2876635348;
;1;75;75113;2;2;1.0;7.0;48,8303450000;2,3458850000;
;1;75;75118;2;1;1.0;3.0;48,8985105205;2,3441999407;
;5;75;75112;2;2;1.0;3.0;48,8366220000;2,3931760000;
;1;87;87085;2;3;1.0;3.0;45,8288900000;1,2434400000;
;1;75;75112;2;2;1.0;3.0;48,8480380000;2,3928640000;
;1;75;75117;2;2;1.0;3.0;48,8850310000;2,3207720000;
;5;83;83144;2;1;1.0;2.0;43,1380700000;5,9917900000;
;1;75;75111;2;1;1.0;3.0;48,8632230000;2,3760610000;
;1;75;75117;2;1;2.0;2.0;48,8837876495;2,2968123387;
;1;75;75108;2;7;1.0;3.0;48,8648270000;2,3203780000;
;1;83;83144;1;1;1.0;2.0;43,1383950000;6,0026290000;
;5;75;75117;2;4;1.0;3.0;48,9004629296;2,3296782374;
;1;75;75101;2;2;1.0;2.0;48,8659360000;2,3278910000;
;1;75;75101;2;3;1.0;7.0;48,8589890000;2,3398710000;
;5;75;75115;2;2;1.0;2.0;48,8493821032;2,2815548308;
;1;83;83069;2;1;1.0;3.0;43,1176000000;6,1286100000;
;1;75;75104;2;3;1.0;7.0;48,8554720000;2,3601030000;
;1;75;75115;2;2;1.0;6.0;48,8487170000;2,2852170000;
;1;75;75101;2;2;1.0;3.0;48,8591000000;2,3464240000;
;1;83;83069;1;1;1.0;7.0;43,0929700000;6,1304900000;
;1;94;94068;2;2;1.0;3.0;48,7898410000;2,5149480000;
;1;75;75114;2;2;1.0;1.0;48,8348140668;2,3416080797;
;5;94;94054;2;1;1.0;6.0;48,7472400000;2,4112700000;
;1;75;75114;2;1;1.0;6.0;48,8325050000;2,3183090000;
;2;81;81163;1;9;2.0;3.0;43,4645100000;2,3550500000;
;5;75;75113;2;2;1.0;3.0;48,8261790000;2,3572800000;
;1;95;95527;1;1;1.0;4.0;49,0176200000;2,5319200000;
;1;93;93059;2;1;1.0;3.0;48,9504450000;2,3660580000;
;3;80;80021;2;1;1.0;6.0;49,8775100000;2,2707100000;
;1;75;75113;2;5;8.0;2.0;48,8258182386;2,3503802885;
;1;93;93070;2;2;1.0;3.0;48,9127000000;2,3345500000;
;1;75;75113;2;7;1.0;2.0;48,8160214635;2,3443184827;
;1;80;80725;2;1;1.0;6.0;49,8704900000;2,2425700000;
;1;93;93001;2;2;1.0;3.0;48,9232100000;2,3701500000;
;5;75;75113;2;2;1.0;3.0;48,8272940817;2,3685233151;
;1;93;93077;2;2;1.0;3.0;48,8789500000;2,5066600000;
;1;75;75112;2;1;1.0;3.0;48,8459929132;2,3750001309;
;1;80;80021;2;1;1.0;4.0;49,8765800000;2,2602300000;
;1;93;93078;2;3;1.0;4.0;48,9555200000;2,5390000000;
;5;75;75112;2;4;1.0;3.0;48,8464397658;2,3668490388;
;1;93;93055;2;3;1.0;6.0;48,8908700000;2,4015100000;
;1;78;78551;2;1;2.0;6.0;48,8958400000;2,0957700000;
;1;75;75110;2;2;1.0;2.0;48,8782130000;2,3555590000;
;1;93;93048;2;2;1.0;1.0;48,8572000000;2,4411000000;
;1;75;75110;2;1;1.0;6.0;48,8764274634;2,3608013764;
;5;77;77243;2;4;2.0;6.0;48,8787800000;2,7015500000;
;1;93;93047;2;2;1.0;3.0;48,8907180000;2,5585570000;
;1;75;75110;2;2;1.0;3.0;48,8793150301;2,3570858375;
;5;92;92078;1;9;1.0;6.0;48,9278870000;2,3310450000;
;2;92;92049;2;2;1.0;6.0;48,8100510992;2,3191390335;
;1;75;75109;2;2;1.0;3.0;48,8827920000;2,3320810000;
;1;92;92012;2;1;1.0;3.0;48,8394169219;2,2430745363;
;1;77;77186;2;3;2.0;1.0;48,4086800000;2,6875500000;
;1;75;75108;2;7;1.0;3.0;48,8690756600;2,3103194052;
;1;92;92002;2;9;1.0;6.0;48,7459194565;2,3035095334;
;1;75;75107;2;1;1.0;6.0;48,8580660000;2,3270020000;
;1;26;26301;2;1;1.0;6.0;45,1206360000;4,9827720000;
;1;75;75107;2;1;1.0;6.0;48,8571970000;2,3293210000;
;5;76;76540;2;3;2.0;3.0;49,4482700000;1,0667700000;
;1;25;25527;1;1;1.0;2.0;47,1986940000;5,8099650000;
;5;75;75107;2;1;1.0;7.0;48,8629070000;2,3175060000;
;2;17;17315;1;2;1.0;3.0;46,1351110000; -0,9974280000;
;1;75;75103;2;1;1.0;6.0;48,8578140625;2,3604411632;
;5;76;76351;2;1;1.0;6.0;49,4926300000;0,1396100000;
;1;94;94081;2;1;1.0;1.0;48,7794700000;2,3746300000;
;1;40;40296;1;1;1.0;5.0;43,7043940000; -1,4124620000;
;5;94;94068;2;3;1.0;3.0;48,7991000000;2,4997400000;
;1;31;31113;2;3;1.0;3.0;43,5126620000;1,5245620000;
;1;94;94076;2;1;1.0;3.0;48,7947500000;2,3688760000;
;1;94;94076;2;1;1.0;3.0;48,7884600000;2,3650300000;
;2;28;28110;1;1;1.0;2.0;48,4221660000;1,5117140000;
;1;94;94081;2;1;1.0;6.0;48,7790100000;2,3675700000;
;1;94;94076;2;1;1.0;3.0;48,7872700000;2,3656100000;
;1;83;83054;1;1;1.0;5.0;43,1601767444;6,0480165482;
;1;84;84027;1;6;1.0;3.0;44,0969010000;4,7305260000;
;1;94;94022;2;2;1.0;3.0;48,7676179307;2,4062919721;
;1;74;74133;2;3;8.0;3.0;46,1881700000;6,2093400000;
;1;94;94017;2;1;1.0;3.0;48,8158700000;2,5132600000;
;1;50;50099;1;9;1.0;6.0;49,3033560000; -1,1659030000;
;1;94;94017;2;6;1.0;2.0;48,8136400000;2,5275700000;
;5;94;94002;2;3;1.0;2.0;48,8145700000;2,4129640000;
;5;34;34295;2;4;1.0;2.0;43,5724730000;3,7728430000;
;1;93;93070;2;1;1.0;3.0;48,9157100000;2,3225600000;
;1;56;56094;1;6;1.0;3.0;47,7593560000; -3,2831100000;
;1;67;67544;1;1;1.0;3.0;49,0446200000;7,9532860000;
;1;93;93066;2;2;7.0;3.0;48,9211140000;2,3615860000;
;1;79;79086;1;1;1.0;7.0;46,4171510000; -0,3291110000;
;1;74;74010;2;6;1.0;4.0;45,9228500000;6,1239000000;
;1;93;93051;1;1;1.0;5.0;48,8371500000;2,5434100000;
;1;82;82161;1;1;1.0;1.0;44,0363160000;1,4559350000;
;1;63;63445;1;1;1.0;6.0;45,7647310000;3,3047390000;
;1;93;93048;2;1;1.0;1.0;48,8684810853;2,4337452650;
;1;61;61332;1;1;1.0;6.0;48,6838700000; -0,3606180000;
;1;93;93032;2;3;1.0;3.0;48,8762300000;2,5561100000;
;1;55;55557;1;1;1.0;7.0;49,1267190000;5,6192060000;
;5;71;71270;2;2;2.0;3.0;46,3075400000;4,8203500000;
;1;49;49086;1;1;1.0;3.0;47,3064340000; -0,4478320000;
;1;93;93029;2;2;1.0;3.0;48,9271000000;2,4382400000;
;1;34;34109;1;1;1.0;6.0;43,5099580000;3,2778310000;
;5;93;93032;2;5;1.0;1.0;48,8993124585;2,5395804370;
;2;69;69266;2;3;1.0;6.0;45,7697500000;4,8756300000;
;1;93;93010;2;2;1.0;3.0;48,9013610249;2,4890259950;
;1;25;25075;2;1;1.0;5.0;46,8066070000;6,1778350000;
;5;29;29037;1;1;1.0;2.0;47,8708050000; -4,1640760000;
;1;93;93001;2;1;1.0;6.0;48,9097564147;2,3786526918;
;1;38;38012;2;6;1.0;3.0;45,5868940000;5,6036500000;
;1;92;92072;2;3;1.0;3.0;48,8258301069;2,2029059082;
;2;69;69275;2;3;2.0;1.0;45,7594300000;4,9692700000;
;1;13;13083;1;2;1.0;1.0;43,8957080000;4,7890570000;
;1;02;02795;2;1;1.0;6.0;49,4058890000;3,1157230000;
;1;92;92049;2;2;1.0;3.0;48,8131686784;2,3147563040;
;1;02;02153;1;1;1.0;6.0;49,5429170000;3,4932470000;
;1;92;92048;2;6;1.0;3.0;48,7865408729;2,2240110040;
;1;67;67482;2;1;1.0;2.0;48,5644500000;7,7524800000;
;1;15;15163;1;3;7.0;1.0;44,8407390000;2,3902720000;
;1;92;92040;2;1;1.0;6.0;48,8225035648;2,2798696160;
;1;66;66148;1;6;1.0;3.0;42,4922270000;3,1190120000;
;1;92;92025;2;1;1.0;6.0;48,9229090000;2,2554660000;
;1;14;14654;1;3;1.0;5.0;49,0268210038; -0,0217709543;
;5;92;92024;2;2;1.0;1.0;48,9000548643;2,3062185645;
;5;66;66136;2;3;1.0;3.0;42,6944000000;2,8763400000;
;1;50;50410;1;1;1.0;3.0;48,5624150000; -1,5122830000;
;1;92;92012;2;1;8.0;2.0;48,8388550000;2,2326370000;
;1;50;50409;1;1;1.0;1.0;49,1886120000; -1,1877280000;
;1;92;92012;2;1;1.0;6.0;48,8453869051;2,2358982861;
;1;45;45069;2;6;1.0;3.0;48,0575780000;2,2922640000;
;1;66;66136;2;2;1.0;3.0;42,6881900000;2,9137200000;
;5;92;92012;2;2;1.0;3.0;48,8414139830;2,2390948087;
;5;92;92036;2;1;1.0;2.0;48,9162238471;2,3046379387;
;1;73;73236;1;3;1.0;3.0;45,5920590000;5,6400850000;
;1;66;66136;2;1;1.0;6.0;42,6928100000;2,8857600000;
;1;18;18127;1;1;1.0;6.0;46,7548760000;2,1606050000;
;2;16;16292;2;1;1.0;6.0;46,0204070000;0,1992790000;
;1;87;87059;1;1;1.0;6.0;46,2166323000;1,0587877000;
;3;87;87063;2;1;1.0;7.0;45,7747750000;1,3900710000;
;1;37;37153;1;1;1.0;2.0;47,4904102184;0,8192472160;
;1;24;24167;2;1;1.0;1.0;44,6785690000;0,4094980000;
;1;63;63275;2;1;1.0;6.0;45,5462137981;3,1977765262;
;1;64;64445;2;2;1.0;3.0;43,2982900000; -0,3583400000;
;1;988;98805;1;3;1.0;1.0; -22,1421420000;166,4358220000;
;1;34;34333;1;9;1.0;6.0;43,4851500000;3,7996000000;
;1;49;49060;1;1;1.0;7.0;47,1904780000; -0,0663690000;
;1;18;18138;1;1;1.0;6.0;47,0662820000;2,2909070000;
;1;42;42268;1;1;1.0;1.0;45,8991360000;4,0131290000;
;1;06;06152;2;1;1.0;3.0;43,6227720000;7,0172250000;
;1;30;30221;1;3;1.0;3.0;44,0358700000;4,7639400000;
;1;38;38480;1;1;1.0;1.0;45,5621110000;4,9837370000;
;1;22;22171;1;1;1.0;6.0;48,4296210000; -2,8215470000;
;3;64;64538;1;1;1.0;6.0;43,1619400000; -1,2476330000;
;5;64;64348;1;1;2.0;4.0;43,3216400000; -0,3950600000;
;1;08;08024;2;1;1.0;7.0;49,4693370000;4,1186610000;
;1;11;11014;1;1;1.0;4.0;43,1892750000;3,0648420000;
;3;971;97116;1;1;1.0;6.0;16,3176800000; -61,4791540000;
;1;64;64445;2;1;2.0;6.0;43,3121900000; -0,3674200000;
;1;68;68287;2;6;2.0;7.0;47,9672840000;7,3024160000;
;3;83;83112;2;1;1.0;1.0;43,1940540000;5,7009870000;
;1;49;49021;1;1;1.0;1.0;47,4320610000; -0,2281490000;
;1;89;89337;1;1;1.0;6.0;47,7531620000;3,6752070000;
;5;64;64125;2;1;2.0;1.0;43,4476191635; -1,5736571213;
;2;52;52353;2;1;1.0;7.0;48,0336570000;5,3423810000;
;1;33;33063;1;1;1.0;2.0;44,8834143815; -0,5554264784;
;1;54;54297;1;1;1.0;7.0;48,6202150000;6,6657400000;
;4;33;33281;1;1;1.0;6.0;44,8418880000; -0,6732580000;
;5;64;64102;2;6;5.0;7.0;43,4828900000; -1,4661000000;
;2;42;42285;2;1;7.0;3.0;45,5507900000;4,1280000000;
;2;38;38110;1;1;1.0;7.0;45,5880050000;4,8673190000;
;1;44;44035;2;3;1.0;1.0;47,2744500000; -1,5476100000;
;1;91;91692;1;1;1.0;4.0;48,6818870000;2,1901460000;
;1;69;69116;2;1;1.0;3.0;45,8253301106;4,7732599229;
;1;94;94021;1;1;1.0;3.0;48,7716800000;2,3452700000;
;1;17;17240;2;1;1.0;1.0;45,2931920000; -0,4131350000;
;1;91;91689;1;1;1.0;3.0;48,7414100000;2,3211900000;
;3;46;46281;1;1;2.0;6.0;44,8541490000;1,8466450000;
;1;78;78043;1;1;1.0;6.0;48,8502320000;2,0687160000;
;1;47;47142;1;1;4.0;6.0;44,6474500396;0,5108816149;
;1;60;60057;2;1;1.0;3.0;49,4397735183;2,0892517269;
;3;78;78498;1;1;1.0;2.0;48,9151500000;2,0059100000;
;1;22;22251;2;7;1.0;6.0;48,5707290000; -2,8182770000;
;1;93;93005;1;1;1.0;3.0;48,9690093983;2,4804863075;
;1;72;72019;1;1;1.0;2.0;47,9411500000; -0,2560100000;
;1;93;93030;1;1;1.0;2.0;48,9393100000;2,4186700000;
;1;14;14543;1;1;1.0;6.0;49,2272390000; -0,5294040000;
;1;59;59360;2;9;1.0;1.0;50,6253090143;3,0136549473;
;1;93;93010;1;1;1.0;3.0;48,8927000000;2,4726900000;
;3;95;95219;1;1;1.0;2.0;48,9909700000;2,2447500000;
;3;09;09238;1;1;2.0;7.0;43,0923180000;1,7085130000;
;1;75;75112;1;1;1.0;3.0;48,8243243040;2,4633634831;
;1;24;24130;2;1;8.0;3.0;45,1199620000;1,2282800000;
;1;30;30281;2;2;2.0;3.0;43,8830000000;4,1940000000;
;1;59;59350;2;2;1.0;3.0;50,6054100000;3,0533100000;
;1;60;60212;1;2;1.0;5.0;49,2388270000;2,3001120000;
;1;48;48140;1;1;8.0;6.0;44,7866780000;3,2891290000;
;2;60;60157;2;2;1.0;3.0;49,3834730000;2,4044820000;
;5;60;60017;2;1;1.0;7.0;49,5643380000;2,3925970000;
;1;88;88116;1;1;1.0;2.0;47,9519630000;6,8262920000;
;2;59;59560;2;1;1.0;6.0;50,5565490000;3,0585480000;
;1;80;80338;1;1;1.0;7.0;49,8766610000;2,4944970000;
;1;59;59183;2;1;1.0;6.0;51,0343709363;2,3433387280;
;3;06;06152;1;2;1.0;3.0;43,6081180000;7,0549120000;
;1;59;59178;2;1;1.0;6.0;50,3671200000;3,0877600000;
;1;13;13210;1;1;1.0;3.0;43,2847405615;5,4172860800;
;5;58;58194;2;1;1.0;6.0;46,9776500000;3,1250100000;
;1;971;97103;1;1;1.0;3.0;16,2530150000; -61,5788410000;
;1;13;13215;2;1;1.0;1.0;43,3292600000;5,3653700000;
;1;13;13215;1;1;8.0;2.0;43,3690500000;5,3608800000;
;5;58;58194;2;3;1.0;3.0;46,9874100000;3,1326100000;
;5;13;13209;2;1;1.0;1.0;43,2448775920;5,4073683011;
;1;78;78009;1;1;8.0;3.0;48,4873970000;1,9124890000;
;3;69;69290;1;1;1.0;5.0;45,7103885426;4,9508723617;
;3;57;57631;2;1;9.0;1.0;49,1071600000;7,0857400000;
;1;13;13213;2;1;1.0;2.0;43,3457200000;5,4247600000;
;1;987;98729;2;3;1.0;3.0; -17,4948930000; -149,7634360000;
;1;53;53130;2;1;1.0;6.0;48,0740300000; -0,7749100000;
;1;67;67152;1;1;1.0;2.0;48,5300700000;7,6937000000;
;5;13;13208;2;1;1.0;1.0;43,2769000000;5,3840900000;
;5;51;51230;2;7;2.0;7.0;49,0436305709;3,9508265637;
;3;973;97361;2;1;1.0;6.0;5,7411530000; -53,9211340000;
;2;13;13206;2;2;1.0;3.0;43,2922127892;5,3772845864;
;3;33;33162;1;1;1.0;2.0;44,8721617035; -0,6405707363;
;2;50;50502;2;1;1.0;1.0;49,1212200000; -1,0883600000;
;1;971;97117;1;1;1.0;3.0;16,3015160000; -61,4093130000;
;1;13;13211;2;1;1.0;6.0;43,2857675665;5,4423487495;
;1;95;95018;1;1;1.0;3.0;48,9605400000;2,2699800000;
;4;13;13047;2;1;1.0;6.0;43,6012340000;4,9440900000;
;1;50;50129;2;6;1.0;3.0;49,6365700000; -1,5962600000;
;1;13;13019;1;1;8.0;6.0;43,4545950179;5,3167998790;
;1;93;93078;1;1;1.0;6.0;48,9645100000;2,5199200000;
;1;971;97115;1;1;1.0;1.0;16,2251410000; -61,6555090000;
;1;12;12083;1;1;5.0;6.0;44,5136909995;2,2774386408;
;3;49;49267;2;3;1.0;3.0;47,4825000000; -0,5020000000;
;1;16;16206;2;1;1.0;6.0;45,8879756686;0,1754880000;
;1;34;34145;1;1;6.0;1.0;43,6962300000;4,1428760000;
;1;11;11069;2;1;1.0;3.0;43,2151130000;2,3239340000;
;1;49;49007;2;1;1.0;2.0;47,4537400000; -0,5396900000;
;1;13;13085;1;1;1.0;6.0;43,2520640000;5,6687090000;
;1;09;09122;1;6;7.0;3.0;43,0029150000;1,6136530000;
;5;49;49007;2;1;1.0;3.0;47,4517900000; -0,5248700000;
;1;68;68279;1;1;1.0;7.0;47,7681470000;7,0904090000;
;1;62;62314;1;1;1.0;1.0;50,3938530000;2,6150110000;
;3;49;49015;2;1;8.0;7.0;47,5037100000; -0,6195200000;
;1;09;09122;2;1;1.0;2.0;42,9726040000;1,6079640000;
;1;01;01060;1;1;6.0;2.0;46,0561890000;5,5932260000;
;1;47;47001;2;1;1.0;2.0;44,2072000000;0,6233400000;
;1;69;69037;1;1;1.0;5.0;46,0294260000;4,4975070000;
;1;33;33096;1;1;1.0;4.0;44,8918620000; -0,5013030000;
;3;81;81093;1;1;2.0;2.0;43,8879920000;2,0168100000;
;1;07;07019;1;1;2.0;3.0;44,5935200000;4,4189300000;
;3;92;92025;1;1;1.0;2.0;48,9274239062;2,2374158506;
;1;93;93008;1;1;2.0;2.0;48,9097212416;2,4455699022;
;1;33;33312;1;6;1.0;4.0;44,9433380000; -0,5602330000;
;5;06;06088;2;9;2.0;3.0;43,6748100000;7,2267400000;
;1;22;22070;2;9;1.0;6.0;48,5607220000; -3,1533940000;
;1;77;77121;1;1;1.0;2.0;48,8368290000;2,6649340000;
;3;94;94042;1;1;1.0;6.0;48,8274342642;2,4691540168;
;5;06;06088;2;1;2.0;6.0;43,6824100000;7,2320500000;
;3;60;60138;1;9;2.0;5.0;49,2113040000;2,6073220000;
;1;94;94073;1;1;1.0;7.0;48,7605503444;2,3825440405;
;1;59;59401;1;1;1.0;6.0;50,7489926132;2,6599144936;
;1;94;94017;1;1;1.0;4.0;48,8283361632;2,5023593274;
;1;35;35126;2;1;1.0;6.0;47,9664497495; -1,7937269434;
;1;13;13117;1;1;1.0;4.0;43,4629190607;5,2347794230;
;5;06;06088;2;1;1.0;6.0;43,7008900000;7,2605900000;
;3;41;41046;1;1;1.0;7.0;47,6112550000;1,9662090000;
;1;13;13216;1;9;1.0;6.0;43,3465000000;5,3451000000;
;5;06;06088;2;1;1.0;6.0;43,7061600000;7,2703900000;
;1;29;29007;1;1;1.0;7.0;48,3926240000; -3,7263180000;
;5;06;06088;2;9;1.0;6.0;43,7246400000;7,2587000000;
;1;13;13215;1;1;1.0;2.0;43,3442000000;5,3749300000;
;1;70;70134;1;1;1.0;7.0;47,6257340000;6,0738520000;
;5;06;06069;2;1;1.0;1.0;43,6800700000;6,9584100000;
;1;69;69236;1;1;1.0;6.0;45,5709900000;4,7119200000;
;1;06;06069;2;1;1.0;7.0;43,6245000000;6,9652800000;
;1;16;16223;2;1;1.0;7.0;45,6685210000;0,5045690000;
;1;92;92036;1;1;1.0;3.0;48,9350431573;2,2827114928;
;5;06;06030;2;1;1.0;2.0;43,5786100000;7,0119000000;
;1;62;62108;2;2;1.0;6.0;50,4093240000;1,5660300000;
;3;04;04112;2;1;3.0;6.0;43,8434400000;5,8094700000;
;3;92;92047;1;1;1.0;2.0;48,8350422017;2,1744212904;
;5;94;94018;2;1;1.0;6.0;48,8245385450;2,4073963160;
;1;03;03095;2;1;1.0;6.0;46,1279000000;3,4379900000;
;5;01;01451;1;1;1.0;7.0;46,2182800000;5,2056000000;
;2;92;92025;1;1;1.0;4.0;48,9280993721;2,2383538616;
;1;73;73054;2;1;1.0;2.0;45,6172720000;6,7704640000;
;5;75;75120;2;1;2.0;2.0;48,8554470000;2,4138260000;
;1;95;95572;1;1;1.0;6.0;49,0381280000;2,1237880000;
;1;75;75112;2;1;2.0;3.0;48,8413570000;2,4135520000;
;1;60;60057;2;4;1.0;6.0;49,4256000000;2,0768500000;
;5;75;75115;2;1;1.0;2.0;48,8343510000;2,2760140000;
;2;95;95351;1;1;1.0;7.0;49,0278300000;2,5198860000;
;5;75;75115;2;4;2.0;6.0;48,8355067456;2,2714474797;
;3;93;93053;1;1;1.0;2.0;48,8974000000;2,4698000000;
;1;45;45272;1;3;1.0;3.0;47,7989170000;1,9314800000;
;5;75;75108;2;2;1.0;2.0;48,8646790000;2,3136540000;
;2;95;95277;1;1;1.0;2.0;48,9810000000;2,4995900000;
;5;75;75108;2;3;1.0;3.0;48,8710840000;2,3035280000;
;5;17;17441;2;1;1.0;7.0;45,6322410000; -0,6528820000;
;1;75;75105;2;2;2.0;3.0;48,8461580000;2,3490930000;
;1;75;75105;2;1;2.0;7.0;48,8451490000;2,3396320000;
;5;93;93066;1;1;1.0;4.0;48,9194161016;2,3575383425;
;1;75;75118;2;2;2.0;2.0;48,8902564775;2,3599281907;
;3;80;80546;2;1;1.0;6.0;50,1035840000;1,7270530000;
;5;75;75116;2;7;3.0;6.0;48,8646930000;2,2941340000;
;3;93;93051;1;1;1.0;2.0;48,8351932083;2,5720589887;
;3;71;71483;1;1;1.0;6.0;46,3348510000;4,2789240000;
;1;75;75115;2;2;1.0;3.0;48,8491486085;2,2980120778;
;1;70;70451;1;1;1.0;7.0;47,6987180000;6,5934170000;
;2;50;50129;2;1;1.0;6.0;49,6265800000; -1,6334900000;
;1;75;75114;2;2;2.0;6.0;48,8252590000;2,3255340000;
;1;05;05061;2;1;1.0;6.0;44,5602500000;6,0811000000;
;1;75;75113;2;3;2.0;6.0;48,8260760000;2,3552090000;
;5;75;75113;2;1;2.0;6.0;48,8359900000;2,3786800000;
;1;08;08480;2;9;1.0;6.0;49,7312900000;4,7522100000;
;1;60;60555;1;2;1.0;3.0;49,6421775330;2,3461773097;
;5;75;75113;2;1;1.0;6.0;48,8306484651;2,3536477983;
;1;988;98818;2;1;1.0;6.0; -22,2986300000;166,4447500000;
;1;75;75112;2;4;2.0;3.0;48,8302770860;2,3861977458;
;5;974;97416;2;1;1.0;3.0; -21,3425200000;55,4657200000;
;5;75;75111;2;3;2.0;3.0;48,8553210000;2,3842900000;
;1;91;91223;2;1;1.0;2.0;48,4361130000;2,1653900000;
;1;974;97411;2;1;1.0;7.0; -20,8857500000;55,4748000000;
;5;75;75111;2;2;2.0;3.0;48,8616430000;2,3773280000;
;1;82;82121;2;1;1.0;6.0;44,0616800000;1,4111000000;
;1;973;97302;2;1;1.0;6.0;4,9431614001; -52,3066189885;
;1;75;75111;2;1;2.0;6.0;48,8602350000;2,3760300000;
;5;75;75110;2;2;2.0;6.0;48,8806160000;2,3620240000;
;4;972;97209;1;1;1.0;3.0;14,6146600000; -61,0820300000;
;5;75;75110;2;2;1.0;3.0;48,8700050000;2,3710510000;
;1;69;69286;2;6;1.0;3.0;45,8227200000;4,9020100000;
;3;49;49244;1;1;1.0;6.0;47,3668650000; -0,9524580000;
;5;75;75110;2;1;1.0;3.0;48,8719010000;2,3601100000;
;1;69;69382;2;3;1.0;3.0;45,7526500000;4,8246000000;
;1;35;35195;2;3;1.0;3.0;48,3059610293; -1,6759776324;
;1;75;75109;2;7;8.0;6.0;48,8732237901;2,3311437092;
;1;2B;2B033;2;6;1.0;3.0;42,6857700000;9,4454200000;
;5;75;75109;2;5;8.0;3.0;48,8804050000;2,3404500000;
;1;17;17349;1;4;1.0;3.0;46,2603460000; -0,8809660000;
;1;971;97101;1;9;2.0;2.0;16,2893000000; -61,4812500000;
;5;75;75109;2;3;1.0;3.0;48,8737009492;2,3276183009;
;1;95;95487;2;1;2.0;3.0;49,1489860000;2,2885780000;
;1;75;75109;2;2;1.0;6.0;48,8716200000;2,3308000000;
;5;95;95268;2;1;1.0;2.0;48,9685150000;2,4063350000;
;5;75;75108;2;7;2.0;3.0;48,8666606764;2,3220144453;
;5;95;95555;2;3;1.0;2.0;48,9676063303;2,2846278548;
;5;75;75108;2;2;2.0;3.0;48,8743480000;2,3227270000;
;1;95;95018;2;1;1.0;6.0;48,9482900000;2,2519600000;
;5;75;75108;2;3;2.0;6.0;48,8724060000;2,3041210000;
;5;75;75108;2;1;1.0;6.0;48,8646500648;2,3075339198;
;3;11;11095;1;9;1.0;4.0;43,1791645048;2,5806121491;
;1;91;91223;2;2;1.0;3.0;48,4298900000;2,1479400000;
;5;75;75114;2;7;2.0;2.0;48,8347130000;2,3312440000;
;1;87;87085;2;1;1.0;7.0;45,8260000000;1,2683300000;
;1;75;75107;2;7;8.0;3.0;48,8607130000;2,3187690000;
;2;71;71513;1;1;1.0;3.0;46,4046120000;4,8561930000;
;5;75;75107;2;1;1.0;3.0;48,8490240000;2,3216860000;
;1;83;83144;2;6;8.0;6.0;43,1304500000;5,9915200000;
;1;83;83086;1;1;1.0;1.0;43,4674720000;6,6047120000;
;1;75;75103;2;4;2.0;3.0;48,8667390000;2,3619650000;
;4;83;83144;2;1;1.0;3.0;43,1367900000;6,0011500000;
;1;75;75101;2;2;1.0;3.0;48,8679470000;2,3245840000;
;1;78;78440;2;1;1.0;6.0;48,9799000000;1,9078700000;
;1;75;75103;2;2;1.0;6.0;48,8652520000;2,3571260000;
;1;35;35265;1;1;1.0;6.0;48,3602341411; -1,8712055683;
;1;78;78382;2;1;2.0;6.0;48,9986900000;2,0639000000;
;1;94;94081;2;1;1.0;3.0;48,7941200000;2,4007200000;
;1;77;77307;2;1;1.0;6.0;48,8532100000;2,7726600000;
;5;94;94080;2;4;2.0;6.0;48,8479900000;2,4458500000;
;5;94;94080;2;4;1.0;1.0;48,8499000000;2,4346000000;
;1;77;77243;2;9;1.0;3.0;48,8782500000;2,7014600000;
;5;94;94046;2;1;1.0;3.0;48,8039590000;2,4276280000;
;1;76;76540;2;4;2.0;3.0;49,4506100000;1,0588600000;
;5;94;94076;2;1;2.0;1.0;48,7828300000;2,3670200000;
;1;94;94041;2;1;1.0;1.0;48,8242000000;2,3901700000;
;1;73;73137;2;4;1.0;3.0;45,5587600000;5,9168000000;
;5;94;94028;2;3;2.0;3.0;48,7837700000;2,4703600000;
;1;71;71270;2;6;1.0;3.0;46,3088000000;4,8204600000;
;1;94;94017;2;3;2.0;3.0;48,8218100000;2,4901200000;
;1;64;64445;2;1;1.0;2.0;43,3156200000; -0,3731100000;
;2;94;94017;2;2;2.0;1.0;48,8237300000;2,4961300000;
;1;64;64102;2;1;1.0;2.0;43,4858930006; -1,4910394983;
;5;94;94017;2;2;1.0;6.0;48,8135540000;2,5018110000;
;1;63;63069;2;1;1.0;6.0;45,7290500000;3,1865500000;
;5;93;93078;2;1;2.0;6.0;48,9556969175;2,5395101309;