Num_Acc;lum;departement;commune;agglomeration;intersection;meteo;type_collision;lat;long;date
;3;14;14118;2;6;1.0;3.0;49,1747400000; -0,3533700000;
;3;14;14327;1;1;1.0;6.0;49,2062600000; -0,3222900000;
;1;13;13203;2;1;1.0;2.0;43,3148600000;5,3908500000;
;5;13;13215;2;1;1.0;1.0;43,3669700000;5,3434400000;
;1;11;11069;2;9;1.0;6.0;43,2104240000;2,3691640000;
;1;10;10387;2;3;1.0;2.0;48,3059300000;4,0635900000;
;1;10;10357;2;2;1.0;;48,2981200000;4,1194400000;
;1;06;06069;2;1;1.0;6.0;43,6444080000;6,9409770000;
;1;02;02059;2;1;1.0;3.0;49,6594900000;3,3442100000;
;5;02;02408;2;1;1.0;6.0;49,5695100000;3,6325400000;
;1;75;75113;2;1;1.0;3.0;48,8161200000;2,3599110000;
;1;75;75116;2;1;1.0;3.0;48,8713380000;2,2731220000;
;1;75;75118;2;3;1.0;3.0;48,8997020000;2,3702830000;
;1;94;94011;2;6;8.0;3.0;48,7690100000;2,4819700000;
;2;93;93078;2;1;1.0;6.0;48,9567300000;2,5509300000;
;1;75;75118;2;2;1.0;3.0;48,8835400000;2,3469800000;
;1;93;93066;2;1;1.0;6.0;48,9362400000;2,3560000000;
;1;75;75117;2;2;2.0;3.0;48,8828000000;2,3232620000;
;1;93;93048;2;1;2.0;2.0;48,8682000000;2,4600300000;
;1;75;75116;2;7;1.0;2.0;48,8710730000;2,2752570000;
;5;93;93046;2;2;1.0;3.0;48,9127800000;2,5398800000;
;1;75;75116;2;1;1.0;2.0;48,8636400000;2,2394870000;
;1;93;93014;2;3;2.0;3.0;48,9122570000;2,5519520000;
;1;75;75116;2;3;1.0;2.0;48,8618810000;2,2303920000;
;1;93;93005;2;1;1.0;6.0;48,9475200000;2,4915800000;
;5;75;75112;2;1;8.0;6.0;48,8506170000;2,3754000000;
;1;93;93001;2;1;2.0;3.0;48,9214039934;2,3723017573;
;5;92;92046;2;1;1.0;6.0;48,8192050000;2,3025390000;
;5;75;75108;2;4;8.0;6.0;48,8713730000;2,3026000000;
;1;75;75101;2;1;1.0;3.0;48,8627740000;2,3241580000;
;1;92;92063;2;3;2.0;4.0;48,8672700000;2,1556400000;
;1;94;94052;2;1;1.0;3.0;48,8383000000;2,4909100000;
;1;92;92063;2;1;2.0;1.0;48,8624683745;2,1945313811;
;5;92;92050;2;9;1.0;3.0;48,9065904798;2,2116847113;
;5;94;94076;2;9;1.0;7.0;48,7947000000;2,3624000000;
;1;92;92050;2;1;2.0;2.0;48,9007300000;2,2244200000;
;1;94;94022;2;2;1.0;3.0;48,7688386904;2,4206917779;
;1;92;92050;2;3;1.0;6.0;48,8898850113;2,2195209861;
;5;92;92020;2;3;1.0;7.0;48,8092901773;2,3009803444;
;1;94;94004;2;2;1.0;3.0;48,7449034581;2,5118954480;
;1;92;92012;2;4;8.0;3.0;48,8398394577;2,2304072678;
;1;92;92014;2;1;2.0;6.0;48,7773721564;2,3077203333;
;3;40;40001;1;1;1.0;2.0;43,7171940000; -0,2757580000;
;1;93;93062;2;6;1.0;5.0;48,8995588558;2,5177290837;
;1;59;59162;1;1;1.0;6.0;50,9332870000;2,3694260000;
;1;39;39015;1;1;1.0;6.0;46,7803420000;5,8903630000;
;1;91;91225;1;1;1.0;1.0;48,6317880000;2,4682330000;
;1;22;22304;2;1;1.0;6.0;48,5676270000; -3,0139230000;
;1;19;19252;1;1;1.0;6.0;45,4356762573;2,4496722220;
;1;11;11018;1;9;1.0;6.0;43,2195640000;2,2144320000;
;1;19;19151;1;3;8.0;6.0;45,0980410000;1,5215740000;
;3;28;28398;1;1;1.0;6.0;48,1971660000;1,0710220000;
;2;41;41110;1;1;1.0;6.0;47,3146690000;1,8129390000;
;3;71;71264;1;1;1.0;6.0;46,4537660000;4,6335050000;
;1;83;83004;1;1;1.0;7.0;43,4419220077;6,4585198478;
;3;67;67437;2;3;1.0;7.0;48,7449340000;7,3690740000;
;2;01;01354;2;1;1.0;5.0;46,2371200000;6,0426310000;
;1;25;25271;1;3;1.0;1.0;47,0384570000;6,4954520000;
;1;44;44089;1;1;1.0;6.0;47,3395000000; -1,8203200000;
;2;44;44068;1;2;1.0;3.0;47,4809900000; -1,9148500000;
;1;38;38370;1;2;1.0;3.0;45,1196210000;5,2409560000;
;1;22;22193;1;1;1.0;7.0;48,4208850000; -2,4408530000;
;3;23;23047;1;1;2.0;6.0;46,1610030000;1,5778470000;
;2;38;38181;2;6;1.0;1.0;45,3374860000;5,9749210000;
;1;84;84020;1;1;1.0;1.0;43,8644230000;5,3015470000;
;1;62;62605;1;3;2.0;5.0;50,3866350000;2,1675750000;
;1;70;70245;2;1;1.0;7.0;47,8851590000;6,4057820000;
;1;30;30117;1;3;1.0;2.0;43,7007180000;4,5746850000;
;1;06;06136;1;4;1.0;3.0;43,8807060000;7,4315650000;
;3;67;67369;1;3;1.0;6.0;48,8695770000;7,2421570000;
;1;79;79080;1;1;2.0;7.0;46,6655330000; -0,2476000000;
;3;89;89456;1;1;1.0;1.0;48,2990400000;3,1868510000;
;1;24;24142;1;1;2.0;1.0;44,8525720000;1,0198030000;
;1;61;61491;1;1;1.0;3.0;48,6542820000;0,6800580000;
;2;24;24499;1;1;1.0;6.0;44,8869060000;0,5807950000;
;1;04;04076;2;1;1.0;6.0;43,9476630000;6,8112980000;
;1;61;61435;1;3;1.0;5.0;48,8160100000;0,6192630000;
;1;27;27066;1;2;1.0;3.0;49,4033780000;1,6182090000;
;1;22;22046;1;2;1.0;1.0;48,2683120000; -2,5770240000;
;1;28;28140;2;4;1.0;6.0;48,6106320000;1,6824370000;
;1;35;35179;2;2;1.0;3.0;48,5145400000; -1,9079520000;
;1;87;87126;1;4;2.0;1.0;45,8155910000;0,8184130000;
;1;35;35116;2;1;7.0;1.0;48,5903567597; -1,8576610833;
;1;87;87011;2;2;1.0;3.0;46,1230009553;1,0461923653;
;2;03;03029;1;1;3.0;1.0;46,2194850000;3,4341500000;
;3;72;72118;1;1;1.0;6.0;48,0444350000;0,5723620000;
;3;30;30341;1;1;1.0;3.0;43,5736290000;4,3040660000;
;1;50;50582;2;1;1.0;3.0;48,7160080000; -0,9244560000;
;3;18;18184;1;1;1.0;6.0;47,0806730000;2,9429730000;
;1;52;52405;1;1;1.0;1.0;47,6463950000;5,2798320000;
;3;85;85135;1;1;1.0;4.0;46,5112600000; -1,2023700000;
;2;30;30284;1;1;1.0;6.0;44,1456440000;4,0617470000;
;3;63;63193;1;1;2.0;5.0;45,7846440000;3,2073210000;
;1;48;48178;1;1;8.0;6.0;44,2824780000;3,7989550000;
;5;88;88075;1;1;1.0;1.0;47,9902540000;6,8476130000;
;1;69;69043;1;1;1.0;7.0;45,7198510000;4,7676370000;
;3;11;11024;1;9;1.0;2.0;43,1436140000;2,9802130000;
;1;30;30036;1;1;1.0;5.0;43,7636560000;4,2791100000;
;1;987;98712;2;1;1.0;3.0; -17,5429770000; -149,5036460000;
;1;973;97311;2;1;2.0;3.0;5,4950200000; -54,0210200000;
;3;971;97128;1;1;2.0;6.0;16,2174707210; -61,4153699577;
;1;30;30039;2;1;1.0;6.0;43,8757700000;4,4931880000;
;3;11;11284;1;1;1.0;1.0;43,3682365429;1,9658551227;
;1;11;11370;1;1;1.0;2.0;43,2265370000;3,1017490000;
;1;84;84129;1;1;1.0;7.0;44,0302460000;4,8835090000;
;1;69;69193;2;1;1.0;6.0;45,5190940000;4,8494420000;
;5;987;98758;2;1;1.0;1.0; -16,7440000000; -151,4600000000;
;2;83;83065;1;1;1.0;1.0;43,2596710000;6,5908690000;
;5;971;97128;1;1;1.0;1.0;16,2772710000; -61,3935540000;
;1;70;70313;1;1;1.0;1.0;47,6483140000;6,5896990000;
;1;78;78683;1;1;1.0;1.0;48,8335520000;1,8764330000;
;1;74;74102;1;1;1.0;6.0;45,9244650000;6,2168030000;
;1;83;83119;1;1;1.0;3.0;43,2585960000;6,6326740000;
;1;42;42165;2;3;1.0;3.0;45,7870120000;4,3409890000;
;1;06;06048;2;1;1.0;3.0;43,8116230000;7,3252760000;
;1;26;26034;1;1;2.0;1.0;45,0658830000;5,2286120000;
;1;13;13100;1;1;1.0;7.0;43,8085060000;4,8166520000;
;1;26;26170;1;1;1.0;2.0;44,9144990000;4,9577360000;
;1;68;68309;2;1;1.0;3.0;47,6568210000;7,4522390000;
;1;01;01211;1;3;1.0;1.0;46,1338910000;5,1918130000;
;1;69;69175;1;1;1.0;6.0;45,8024480000;4,5612140000;
;1;88;88527;1;1;7.0;5.0;48,4096190000;6,5866680000;
;1;09;09160;2;1;1.0;6.0;42,9284490000;1,8559900000;
;2;57;57153;1;1;2.0;6.0;49,0329440000;6,0862490000;
;1;79;79189;1;1;1.0;1.0;46,4160560000; -0,1762430000;
;1;29;29161;2;1;1.0;6.0;47,9306450651; -4,0699264035;
;1;69;69107;1;1;1.0;6.0;46,0412390000;4,4893370000;
;1;60;60141;2;6;1.0;2.0;49,2022940506;2,4612851142;
;4;31;31429;2;1;2.0;6.0;43,4965230000;1,5185330000;
;1;60;60346;2;2;1.0;6.0;49,1555110000;2,4397800000;
;3;17;17421;2;1;1.0;6.0;45,6661950000; -0,9281650000;
;1;13;13214;1;1;1.0;2.0;43,3299108590;5,3930220694;
;1;40;40168;1;1;8.0;6.0;43,7697460000; -1,2191820000;
;5;33;33019;2;1;1.0;6.0;44,6811952109; -1,0166115314;
;1;69;69297;1;1;2.0;5.0;45,5883400000;4,7906800000;
;1;85;85003;2;6;1.0;7.0;46,7554400000; -1,6227400000;
;1;59;59507;1;1;1.0;6.0;50,6115084381;3,0899800658;
;1;49;49301;1;2;1.0;1.0;47,1370090000; -0,9568410000;
;1;92;92023;1;1;1.0;4.0;48,7766292971;2,2331996201;
;1;61;61467;1;4;1.0;3.0;48,4754210000;0,1430420000;
;1;78;78206;1;1;1.0;6.0;48,9544730000;1,9385440000;
;1;29;29058;2;6;1.0;6.0;47,8981470000; -4,0142260000;
;1;95;95365;1;1;1.0;3.0;49,0667400000;2,4019800000;
;1;93;93053;1;1;1.0;6.0;48,8980694688;2,4693498171;
;1;92;92078;1;1;1.0;3.0;48,9274987900;2,3333366364;
;1;62;62369;1;2;7.0;3.0;50,3334894711;2,8881477713;
;2;95;95572;1;1;1.0;3.0;49,0265346803;2,1301272511;
;1;83;83144;1;1;1.0;6.0;43,1351300000;5,9907400000;
;1;93;93013;1;1;1.0;2.0;48,9424500000;2,4307600000;
;3;69;69199;1;1;1.0;2.0;45,6833431432;4,8470642961;
;1;95;95351;1;1;1.0;4.0;49,0279264186;2,5056552887;
;1;69;69283;1;1;1.0;2.0;45,6680100000;4,9272500000;
;1;91;91553;1;1;1.0;7.0;48,6314200000;2,5048000000;
;1;94;94017;1;1;1.0;6.0;48,8284416936;2,5027316394;
;1;94;94022;1;1;1.0;6.0;48,7763980000;2,4152400000;
;1;94;94003;1;1;1.0;3.0;48,7995177224;2,3424763536;
;1;94;94017;1;1;1.0;2.0;48,8289075736;2,4782949522;
;1;92;92064;1;1;2.0;2.0;48,8395693208;2,2020814717;
;1;89;89387;2;3;1.0;3.0;48,1909300000;3,2854000000;
;5;78;78640;1;1;1.0;6.0;48,7849757564;2,2229106395;
;5;976;97611;2;2;1.0;3.0; -12,7724500000;45,2231300000;
;3;78;78043;1;1;2.0;2.0;48,8455400000;2,0847600000;
;1;974;97416;1;1;1.0;2.0; -21,3108200000;55,4968300000;
;1;69;69384;2;1;1.0;6.0;45,7747700000;4,8111700000;
;1;69;69389;2;2;1.0;6.0;45,7792000000;4,8041200000;
;1;95;95678;1;1;1.0;2.0;49,0692210000;2,2494770000;
;3;2B;2B037;1;1;1.0;2.0;42,6221199225;9,4368918527;
;3;95;95572;1;1;2.0;4.0;49,0309794287;2,1210640669;
;5;971;97101;1;1;1.0;2.0;16,2762301084; -61,5089750290;
;3;971;97113;1;1;1.0;6.0;16,2357652235; -61,4726793766;
;1;2A;2A004;2;1;1.0;3.0;41,9404500000;8,7461000000;
;1;95;95527;1;1;2.0;4.0;48,9983515319;2,5199809670;
;1;95;95539;1;2;1.0;3.0;48,9915700000;2,3601100000;
;1;94;94017;1;1;1.0;3.0;48,8271790507;2,5086856622;
;1;91;91421;1;1;1.0;2.0;48,7008100000;2,4440000000;
;1;87;87113;2;1;2.0;7.0;45,8757000000;1,3312100000;
;1;77;77363;1;1;1.0;6.0;48,9266610488;2,6288637319;
;1;37;37261;2;1;1.0;6.0;47,3793200000;0,6986600000;
;1;85;85191;2;2;7.0;3.0;46,6763140000; -1,4409700000;
;1;86;86194;2;1;1.0;6.0;46,5759620000;0,3760240000;
;1;78;78551;2;1;1.0;3.0;48,8947900000;2,0697700000;
;1;78;78440;2;6;1.0;2.0;48,9958780000;1,9161210000;
;1;976;97611;2;3;1.0;6.0; -12,7865600000;45,2193400000;
;1;65;65440;2;1;2.0;3.0;43,2347790000;0,0785360000;
;1;64;64335;1;1;2.0;7.0;43,3426400000; -0,4374500000;
;2;976;97611;2;3;1.0;3.0; -12,7837800000;45,2226900000;
;1;64;64445;2;3;3.0;3.0;43,3246800000; -0,3569240000;
;1;61;61143;1;6;1.0;7.0;48,4422000000;0,0588100000;
;1;976;97611;2;3;1.0;3.0; -12,7940900000;45,2147400000;
;5;59;59599;2;2;1.0;3.0;50,7242400000;3,1727800000;
;5;59;59650;2;1;1.0;6.0;50,7011000000;3,2380600000;
;1;59;59365;2;1;1.0;6.0;50,2695522707;3,9657526014;
;5;91;91228;2;2;1.0;3.0;48,6176720000;2,4301010000;
;1;59;59009;2;1;1.0;3.0;50,6354628530;3,1217694283;
;1;77;77445;2;1;1.0;3.0;48,5946700000;2,5668200000;
;1;56;56098;2;3;1.0;3.0;47,7743500000; -3,3414400000;
;1;26;26198;2;2;1.0;3.0;44,5345400000;4,7589300000;
;1;54;54329;2;6;1.0;3.0;48,5922700000;6,5100300000;
;1;974;97416;2;1;1.0;6.0; -21,3247090000;55,4580630000;
;5;54;54323;2;1;1.0;6.0;49,5151800000;5,7568200000;
;5;974;97411;2;1;1.0;2.0; -20,8899200000;55,4610400000;
;5;50;50129;2;1;1.0;6.0;49,6308400000; -1,6055800000;
;1;49;49353;2;1;1.0;7.0;47,4455900000; -0,4933600000;
;1;973;97302;2;1;1.0;6.0;4,9231727970; -52,3125815392;
;1;49;49246;2;1;1.0;2.0;47,4400000000; -0,5292900000;
;1;973;97302;2;1;1.0;6.0;4,9271897165; -52,3140648007;
;5;49;49007;2;1;1.0;3.0;47,4505900000; -0,5527900000;
;2;49;49267;2;1;1.0;7.0;47,4702000000; -0,5096200000;
;1;69;69383;2;9;1.0;6.0;45,7567500000;4,8539400000;
;1;44;44184;2;3;1.0;3.0;47,2851500000; -2,2267900000;
;1;37;37261;2;9;1.0;6.0;47,4263416311;0,7065689564;
;1;69;69383;2;3;3.0;6.0;45,7617500000;4,8474000000;
;5;35;35055;2;3;1.0;3.0;48,0863693831; -1,6143612564;
;1;34;34129;1;1;1.0;5.0;43,5637700000;3,8677900000;
;1;69;69259;2;3;1.0;6.0;45,7078741546;4,8646877598;
;1;2A;2A004;1;1;1.0;7.0;41,9329000000;8,6703700000;
;1;33;33063;2;3;3.0;6.0;44,8486100000; -0,5917500000;
;1;31;31555;2;1;8.0;7.0;43,6665700000;1,4120100000;
;5;31;31555;2;9;2.0;6.0;43,6035700000;1,4777900000;
;1;95;95428;2;2;1.0;3.0;48,9972874610;2,3235493898;
;1;23;23096;2;1;8.0;6.0;46,1748600000;1,8735800000;
;5;13;13210;2;2;2.0;3.0;43,2900000000;5,4200000000;
;1;95;95183;1;1;1.0;3.0;49,0590700000;1,9997000000;
;1;13;13214;2;1;2.0;4.0;43,3251700000;5,3882800000;
;1;91;91432;1;1;1.0;2.0;48,7058000000;2,3517700000;
;5;89;89024;2;1;1.0;6.0;47,8040500000;3,5726500000;
;1;13;13210;2;1;1.0;3.0;43,2799722826;5,4420520156;
;1;13;13205;2;3;1.0;3.0;43,2937000000;5,4014100000;
;1;13;13005;2;1;1.0;2.0;43,2848800000;5,5966700000;
;1;87;87085;2;2;1.0;4.0;45,8687500000;1,2964900000;
;1;83;83123;2;1;1.0;5.0;43,1362100000;5,7775500000;
;1;09;09122;2;1;2.0;6.0;42,9520270000;1,6275230000;
;1;06;06029;2;6;1.0;3.0;43,5511200000;7,0300000000;
;1;83;83129;2;3;1.0;3.0;43,0924720000;5,8122560000;
;1;75;75116;2;1;1.0;4.0;48,8532095859;2,2531234678;
;5;83;83069;2;1;1.0;6.0;43,0867700000;6,1573300000;
;1;75;75120;2;1;1.0;4.0;48,8725632870;2,4126230426;
;4;75;75120;2;1;1.0;6.0;48,8629549740;2,4140900373;
;1;83;83069;2;3;1.0;6.0;43,0915347466;6,1229896545;
;1;75;75107;2;2;1.0;2.0;48,8622779677;2,3015612868;
;1;81;81163;1;1;1.0;6.0;43,4759800000;2,3733900000;
;5;75;75120;2;3;1.0;3.0;48,8756740000;2,4059750000;
;1;75;75120;2;1;1.0;7.0;48,8704450000;2,3871930000;
;1;78;78172;2;1;1.0;2.0;48,9919100000;2,0847400000;
;1;75;75119;2;1;1.0;3.0;48,8749810000;2,3826340000;
;1;75;75118;2;5;1.0;6.0;48,8930091738;2,3274121883;
;5;75;75118;2;2;1.0;3.0;48,8835557512;2,3469894381;
;1;75;75117;2;2;1.0;2.0;48,8813983014;2,3163557873;
;1;77;77449;2;2;2.0;3.0;48,8538800000;2,7736800000;
;1;71;71270;2;1;2.0;7.0;46,3166100000;4,8266500000;
;1;75;75116;2;4;1.0;3.0;48,8429606172;2,2563420392;
;1;66;66136;2;1;1.0;6.0;42,6886533361;2,9041390121;
;1;75;75115;2;1;1.0;3.0;48,8463650000;2,3175000000;
;5;75;75112;2;3;1.0;3.0;48,8480260000;2,3738380000;
;1;64;64445;2;1;1.0;3.0;43,3187600000; -0,3598700000;
;5;75;75111;2;7;1.0;3.0;48,8486279275;2,3943630606;
;1;75;75108;2;1;1.0;3.0;48,8774755792;2,2992870162;
;1;63;63113;2;1;1.0;2.0;45,7729200000;3,0826800000;
;1;75;75108;2;1;1.0;3.0;48,8718550000;2,3083420000;
;1;61;61497;1;1;1.0;1.0;48,4511600000;0,1182300000;
;1;75;75107;2;2;1.0;3.0;48,8628350105;2,3134476815;
;1;75;75107;2;1;1.0;6.0;48,8568010000;2,3149020000;
;1;57;57751;1;1;3.0;5.0;49,1786000000;6,1616000000;
;1;56;56121;2;2;1.0;1.0;47,7331540000; -3,3752692500;
;1;75;75107;2;6;1.0;2.0;48,8584528818;2,3123726249;
;1;75;75101;2;2;1.0;6.0;48,8666870000;2,3255680000;
;1;56;56121;1;1;2.0;2.0;47,7665800000; -3,3786900000;
;1;75;75104;2;3;1.0;3.0;48,8521070000;2,3656510000;
;1;54;54395;2;3;1.0;3.0;48,6856875923;6,1719265581;
;3;94;94081;1;1;1.0;4.0;48,7736100000;2,4041200000;
;3;54;54549;1;1;1.0;3.0;48,6455900000;6,2871100000;
;1;51;51454;2;1;1.0;3.0;49,2689500000;4,0232400000;
;1;94;94034;2;7;1.0;6.0;48,7527000000;2,3295000000;
;1;94;94028;2;1;1.0;2.0;48,7915771293;2,4443131685;
;1;50;50129;2;2;1.0;3.0;49,6673700000; -1,6966700000;
;1;94;94054;2;1;1.0;3.0;48,7451800000;2,4010400000;
;1;94;94017;2;1;1.0;1.0;48,8224500000;2,4922000000;
;1;50;50129;2;1;2.0;4.0;49,6577300000; -1,6666900000;
;1;93;93071;2;4;1.0;6.0;48,9383900000;2,5304300000;
;1;49;49015;2;6;1.0;3.0;47,4904700000; -0,5822000000;
;5;93;93066;2;3;1.0;6.0;48,9361860000;2,3645190000;
;2;46;46042;2;1;1.0;6.0;44,4597400000;1,4325100000;
;1;93;93055;2;2;1.0;3.0;48,8891680000;2,4101100000;
;1;42;42218;2;2;1.0;6.0;45,4572300000;4,3897200000;
;3;81;81003;2;1;1.0;1.0;43,8877760000;2,4493500000;
;1;93;93055;2;2;7.0;3.0;48,8867800000;2,4202430000;
;1;42;42223;2;1;2.0;6.0;45,4416700000;4,3424400000;
;1;93;93050;2;1;1.0;3.0;48,8658300000;2,5672300000;
;1;974;97404;2;1;1.0;7.0; -21,2651700000;55,3661800000;
;1;93;93048;2;9;1.0;6.0;48,8688350000;2,4678380000;
;4;42;42189;1;1;3.0;6.0;45,4328300000;4,3281900000;
;1;40;40238;1;1;1.0;7.0;43,8545830000; -0,3445670000;
;1;93;93046;2;2;1.0;3.0;48,9165100000;2,5315500000;
;1;37;37261;2;1;1.0;6.0;47,4247483751;0,7097259164;
;1;93;93027;2;1;1.0;2.0;48,9277400000;2,3916500000;
;5;35;35238;2;2;1.0;6.0;48,0950400000; -1,6373900000;
;1;93;93008;2;3;1.0;3.0;48,9052590000;2,4257030000;
;1;21;21676;1;1;1.0;2.0;47,4681950000;4,2347150000;
;5;35;35238;2;2;8.0;3.0;48,1124500000; -1,6662000000;
;1;93;93008;2;1;1.0;5.0;48,9161744048;2,4150105714;
;1;92;92049;2;9;1.0;1.0;48,8166870000;2,3253870000;
;1;35;35051;1;1;2.0;2.0;48,1144368247; -1,5596600000;
;1;62;62736;2;3;1.0;6.0;50,6622920000;2,8024200000;
;1;92;92049;2;9;1.0;3.0;48,8168395561;2,3067384437;
;4;85;85109;2;1;1.0;7.0;46,8708900000; -1,0171310000;
;1;35;35238;2;2;1.0;1.0;48,1145872486; -1,6570519656;
;1;92;92049;2;3;1.0;3.0;48,8121301398;2,3262979835;
;3;30;30151;1;1;1.0;6.0;44,1422500000;4,3585470000;
;1;34;34032;2;1;1.0;7.0;43,3416200000;3,2161500000;
;1;92;92036;2;1;1.0;3.0;48,9168600000;2,3062970000;
;3;30;30334;1;1;1.0;6.0;44,0033420000;4,3967630000;
;5;92;92025;2;2;1.0;3.0;48,9190460000;2,2259740000;
;3;59;59624;1;1;1.0;1.0;50,0317310000;3,2925140000;
;1;33;33063;2;2;1.0;6.0;44,8375900000; -0,5736900000;
;1;37;37092;1;1;1.0;6.0;47,5256200000;0,8287600000;
;5;67;67414;2;1;1.0;6.0;48,4520120000;7,1994510000;
;1;33;33529;2;1;1.0;6.0;44,6512300000; -1,1485200000;
;1;76;76698;2;3;1.0;3.0;49,8157140000;1,1724140000;
;1;54;54590;1;1;1.0;1.0;49,4805860000;5,6327460000;
;1;31;31555;2;1;1.0;6.0;43,6102800000;1,4529000000;
;1;62;62665;1;1;1.0;1.0;50,2553310000;2,0813410000;
;1;79;79034;2;6;1.0;2.0;46,3030360000; -0,4916100000;
;1;82;82064;2;1;1.0;7.0;43,8063810000;1,0312130000;
;1;30;30141;2;3;1.0;3.0;44,1033460000;4,6517930000;
;1;29;29039;1;2;2.0;5.0;47,9207900000; -3,9172800000;
;4;89;89424;2;1;5.0;6.0;47,6278810000;3,6619150000;
;1;29;29019;2;3;1.0;1.0;48,3995100000; -4,4434870000;
;2;61;61168;1;1;1.0;1.0;48,6049150000; -0,3664540000;
;1;79;79196;1;2;1.0;3.0;46,9547680000; -0,1441200000;
;1;42;42295;1;1;1.0;6.0;45,8538080000;3,7802200000;
;3;79;79289;1;1;5.0;6.0;46,9765960000; -0,7756730000;
;1;47;47058;2;1;1.0;6.0;44,2657360000;0,2443780000;
;1;80;80763;2;1;1.0;6.0;50,1852800000;1,7978310000;
;5;26;26198;2;2;1.0;3.0;44,5365700000;4,7578900000;
;3;44;44129;1;1;1.0;1.0;47,4565900000; -2,0805360000;
;1;11;11255;1;1;2.0;6.0;43,1702090000;2,9168490000;
;5;44;44169;1;6;1.0;6.0;47,2426630000; -1,4277610000;
;1;49;49002;1;1;1.0;7.0;47,3040160000; -0,0096050000;
;1;22;22187;2;2;1.0;3.0;48,5402700000; -2,7715000000;
;3;44;44087;1;1;1.0;6.0;46,9884940000; -1,8515180000;
;1;47;47111;1;2;1.0;3.0;44,3702030000;0,4701900000;
;1;13;13117;2;2;1.0;3.0;43,4232100000;5,2411300000;
;1;02;02614;1;1;1.0;1.0;49,9112610000;3,2050040000;
;2;39;39436;1;1;1.0;6.0;46,8832490000;5,8976370000;
;2;02;02710;1;1;1.0;6.0;49,7721290000;3,2071760000;
;1;13;13039;2;1;1.0;1.0;43,4327200000;4,9404500000;
;1;44;44168;1;4;1.0;1.0;47,3729210000; -2,2072810000;
;1;13;13215;2;1;1.0;6.0;43,3513715222;5,3540414571;
;1;84;84133;1;4;1.0;2.0;43,7305430000;5,5521570000;
;1;35;35023;1;1;1.0;6.0;48,1553766890; -1,9258421659;
;1;13;13208;2;1;1.0;3.0;43,2786732167;5,3807811521;
;1;70;70477;1;1;1.0;1.0;47,5846890000;6,6317460000;
;1;35;35117;1;1;7.0;7.0;48,1346330000; -2,2388720000;
;1;29;29279;1;1;1.0;6.0;48,6284410000; -3,8847750000;
;1;13;13204;2;1;1.0;1.0;43,3084400000;5,4003000000;
;1;72;72049;1;1;1.0;7.0;47,6376020000;0,3282000000;
;3;03;03301;1;1;4.0;1.0;46,4382120000;2,5784930000;
;1;06;06036;2;1;1.0;7.0;43,8346530000;7,4696650000;
;1;13;13211;2;1;1.0;6.0;43,2943374929;5,4422682523;
;1;58;58303;2;1;1.0;6.0;47,0245040000;3,1323590000;
;1;50;50626;1;1;1.0;6.0;48,8936080000; -1,3787570000;
;3;50;50419;1;1;1.0;6.0;48,9925630000; -1,4179070000;
;1;13;13201;2;9;1.0;3.0;43,2937209136;5,3730225563;
;1;13;13001;2;1;1.0;6.0;43,5249700000;5,3899600000;
;1;50;50619;1;1;1.0;7.0;49,6105290000; -1,3738060000;
;1;09;09173;1;1;1.0;5.0;43,0356030000;1,5429460000;
;1;60;60238;2;1;1.0;6.0;49,2587276113;2,5816572904;
;1;10;10387;2;1;1.0;6.0;48,3000000000;4,0652900000;
;3;85;85288;1;1;1.0;1.0;46,4629440000; -1,6384369000;
;1;10;10387;2;3;1.0;6.0;48,2842300000;4,0707390000;
;3;43;43213;1;5;1.0;7.0;45,2251540000;4,2596350000;
;1;60;60125;1;1;7.0;2.0;49,3918990000;2,6990750000;
;2;971;97112;2;1;1.0;6.0;15,8792320000; -61,3080720000;
;1;37;37079;2;1;1.0;6.0;47,3229614921;1,0357403755;
;1;10;10387;2;1;1.0;6.0;48,3063500000;4,0742700000;
;1;07;07228;1;1;1.0;5.0;45,2532330000;4,7692840000;
;2;66;66190;2;1;2.0;6.0;42,8265481768;2,9177860916;
;1;53;53137;1;1;1.0;7.0;48,0721860000; -0,9008150000;
;1;09;09122;2;1;1.0;1.0;42,9574500000;1,6046000000;
;1;83;83065;2;1;8.0;3.0;43,2634893730;6,5795122683;
;1;21;21459;1;1;1.0;7.0;47,4369670000;5,2912530000;
;1;06;06123;2;1;1.0;6.0;43,6736200000;7,1900100000;
;1;68;68292;2;4;1.0;1.0;47,8803530000;7,0375360000;
;3;27;27476;1;1;5.0;7.0;49,3228820000;0,4764020000;
;1;05;05061;1;1;1.0;7.0;44,6106100000;6,1394000000;
;1;67;67021;1;1;1.0;7.0;48,4086080000;7,4353620000;
;1;57;57466;2;3;1.0;6.0;49,1057920000;6,9574250000;
;1;75;75113;2;1;1.0;3.0;48,8241170000;2,3833990000;
;3;28;28172;1;1;1.0;5.0;48,5576510000;1,6780110000;
;1;01;01249;2;1;1.0;2.0;45,8286410000;4,9693160000;
;1;75;75115;2;1;1.0;2.0;48,8349730000;2,2733990000;
;1;30;30306;1;1;1.0;1.0;43,8053400000;4,0678400000;
;1;69;69049;2;2;1.0;6.0;45,8738740000;4,7720850000;
;1;85;85300;1;1;1.0;7.0;46,7076300000; -1,5151700000;
;1;75;75116;2;1;1.0;5.0;48,8705970000;2,2723520000;
;3;30;30294;1;1;1.0;1.0;44,1290300000;4,1469740000;
;1;35;35228;1;1;1.0;3.0;48,5895877136; -2,1159315706;
;1;60;60575;1;1;1.0;2.0;49,3030760000;2,1980810000;
;1;75;75106;2;4;1.0;4.0;48,8510730000;2,3306490000;
;1;59;59034;2;1;1.0;7.0;50,5398448239;3,0837796032;
;1;987;98750;1;1;1.0;1.0; -17,7120000000; -149,5080000000;
;1;75;75120;2;1;8.0;6.0;48,8553470000;2,3969470000;
;1;67;67176;1;1;1.0;7.0;48,8915700000;7,6821900000;
;1;83;83144;1;1;1.0;2.0;43,1405392399;6,0001856088;
;1;75;75119;2;2;1.0;3.0;48,8772710000;2,4067700000;
;3;01;01031;1;1;3.0;2.0;46,2512770000;5,6256870000;
;1;91;91645;1;1;1.0;3.0;48,7600100000;2,2569300000;
;3;987;98745;1;1;1.0;3.0; -16,6200000000; -151,4960000000;
;1;78;78640;1;1;1.0;2.0;48,7775740000;2,2220490000;
;1;75;75119;2;2;1.0;3.0;48,8860060000;2,3981670000;
;1;95;95241;1;1;1.0;6.0;49,0453500000;2,4757900000;
;1;75;75116;2;7;1.0;6.0;48,8593330000;2,2768860000;
;3;57;57240;1;9;1.0;5.0;49,1416780000;6,8138780000;
;1;988;98818;2;3;7.0;2.0; -22,2821900000;166,4483300000;
;5;75;75115;2;7;1.0;6.0;48,8544240000;2,2886590000;
;3;13;13001;1;9;1.0;1.0;43,5291200000;5,3979350000;