Num_Acc;lum;departement;commune;agglomeration;intersection;meteo;type_collision;lat;long;date
;1;29;29078;1;1;1.0;6.0;48,3171345282; -4,2177685549;
;5;93;93029;2;3;2.0;3.0;48,9212200000;2,4543300000;
;3;14;14027;1;1;2.0;6.0;48,9925660000; -0,5999570000;
;1;93;93010;2;1;1.0;3.0;48,9118185376;2,4911912531;
;1;92;92022;2;5;2.0;7.0;48,8089216575;2,1878164709;
;2;38;38368;1;9;8.0;3.0;45,3911120000;5,5268530000;
;2;92;92040;2;1;2.0;6.0;48,8278541077;2,2742895484;
;1;92;92025;2;2;8.0;3.0;48,9356740000;2,2609550000;
;3;34;34169;1;1;2.0;1.0;43,6659620000;3,8661360000;
;1;92;92024;2;2;1.0;3.0;48,9054600409;2,3018089458;
;5;92;92060;2;1;1.0;3.0;48,7833308860;2,2683278024;
;4;56;56193;2;1;1.0;3.0;47,7165110000; -3,3003240000;
;1;92;92023;2;1;2.0;3.0;48,7893400000;2,2617200000;
;1;56;56090;1;2;1.0;3.0;47,8781240000; -3,2155390000;
;3;92;92012;2;2;1.0;7.0;48,8310724137;2,2572614104;
;1;974;97415;1;6;1.0;7.0; -20,9598220000;55,2938030000;
;3;76;76469;1;1;5.0;6.0;49,4873850000;1,4874030000;
;3;17;17315;1;1;1.0;6.0;46,1379020000; -0,9142900000;
;1;2A;2A032;1;1;7.0;6.0;41,9388670000;8,8409360000;
;1;01;01427;2;6;1.0;3.0;45,9386487203;4,7800236940;
;1;2B;2B077;1;1;1.0;3.0;42,4703280000;9,4808950000;
;1;14;14061;1;2;8.0;3.0;48,9297047080; -0,8100914955;
;2;32;32132;2;2;2.0;3.0;43,8566100000;0,6617550000;
;1;67;67472;2;4;2.0;6.0;48,8299030000;7,9642070000;
;1;46;46251;1;1;1.0;6.0;44,8379630000;1,8811080000;
;3;71;71412;1;1;2.0;6.0;46,7104051825;4,4274920797;
;1;41;41152;1;1;2.0;7.0;47,5340520000;1,7393700000;
;3;39;39466;1;1;2.0;7.0;46,5300490000;5,4546500000;
;5;29;29189;2;1;1.0;6.0;48,3806210000; -4,3765300000;
;1;34;34237;2;1;1.0;6.0;43,5031540000;3,3140590000;
;1;44;44125;2;1;1.0;2.0;47,3798120000; -2,5387640000;
;1;38;38504;1;1;2.0;7.0;45,3016130000;5,9947440000;
;1;38;38229;2;6;1.0;3.0;45,2144510000;5,7800640000;
;3;29;29130;2;1;1.0;1.0;48,3573430000; -4,6530430000;
;2;29;29170;1;1;2.0;6.0;47,9394800000; -4,1720850000;
;5;01;01266;2;2;2.0;4.0;46,3405730000;5,1275250000;
;3;31;31345;1;1;1.0;7.0;43,4056400000;1,4380500000;
;1;16;16355;1;1;1.0;7.0;45,7515540000; -0,3971310000;
;3;58;58286;1;1;2.0;1.0;47,3595430000;3,5809100000;
;1;50;50521;1;2;1.0;2.0;48,8306970000; -1,1676210000;
;1;33;33080;1;8;1.0;6.0;44,7410220000; -0,5313780000;
;1;72;72023;1;9;1.0;7.0;48,1717180000;0,2622910000;
;5;60;60584;2;1;2.0;6.0;49,2171350000;2,4230430000;
;1;33;33487;2;3;1.0;3.0;44,9486170000; -0,4680630000;
;3;45;45224;1;9;2.0;6.0;48,0709460000;2,0870000000;
;1;59;59409;2;1;1.0;7.0;50,3234820362;3,2045960426;
;1;43;43232;1;3;1.0;3.0;45,2045130000;3,5007860000;
;3;13;13216;1;1;1.0;6.0;43,3576000000;5,3454700000;
;3;73;73082;2;1;8.0;6.0;45,4949580000;6,0726770000;
;1;10;10209;2;1;2.0;6.0;48,2516646719;4,2630386353;
;3;13;13005;1;1;1.0;3.0;43,2848900000;5,5265100000;
;1;23;23139;1;1;7.0;1.0;46,3947692227;1,9356107712;
;1;976;97603;2;1;1.0;5.0; -12,8932010000;45,2018040000;
;1;33;33075;1;1;1.0;7.0;44,8900656193; -0,6115275621;
;1;30;30341;2;1;3.0;6.0;43,6971000000;4,2740410000;
;2;22;22176;1;1;8.0;5.0;48,4424770000; -2,7491220000;
;1;59;59234;1;1;1.0;6.0;50,4021900603;3,0658078194;
;3;76;76484;1;1;2.0;7.0;49,3437680000;1,0455570000;
;1;973;97307;1;3;1.0;1.0;4,8663180000; -52,3112300000;
;5;33;33229;2;3;1.0;3.0;44,7065000000; -1,0347750000;
;1;59;59566;1;1;1.0;4.0;50,6212296208;2,9709783196;
;3;76;76314;1;1;1.0;6.0;49,5690154040;0,3495614501;
;1;987;98747;1;1;1.0;7.0; -17,7648000000; -149,2130890000;
;1;91;91689;1;1;1.0;2.0;48,7420400000;2,3228300000;
;1;973;97309;2;1;1.0;3.0;4,8970990000; -52,2739980000;
;2;70;70018;2;3;8.0;6.0;47,4477130000;5,6366920000;
;3;68;68154;2;1;9.0;3.0;47,7716700000;7,3825230000;
;2;69;69157;1;1;2.0;2.0;45,8703693626;4,4922709465;
;3;67;67433;1;1;1.0;6.0;48,3887620000;7,5927110000;
;3;94;94021;1;1;1.0;4.0;48,7659898511;2,3426223387;
;3;73;73213;1;4;2.0;6.0;45,5467510000;5,9569720000;
;3;91;91179;1;1;1.0;7.0;48,5520200000;2,4939900000;
;5;31;31395;2;1;1.0;2.0;43,4467190000;1,3174800000;
;1;78;78133;1;1;1.0;2.0;48,8888810000;2,0106830000;
;1;79;79088;1;1;8.0;1.0;46,8158730000; -0,3992470000;
;3;92;92072;1;1;1.0;6.0;48,8224757424;2,2222421137;
;1;93;93053;1;1;1.0;3.0;48,8956000000;2,4705300000;
;1;60;60241;1;1;1.0;3.0;49,1557370000;2,6651820000;
;1;60;60010;2;1;1.0;2.0;49,2186200000;2,1103410000;
;1;93;93010;1;1;1.0;4.0;48,9109800000;2,4756800000;
;1;80;80618;2;1;8.0;6.0;50,1717880000;1,5729930000;
;1;13;13214;1;1;1.0;3.0;43,3299108118;5,3930482969;
;5;94;94017;1;1;1.0;6.0;48,8266507839;2,5161742429;
;1;43;43157;2;9;1.0;7.0;45,0498100000;3,9026000000;
;1;13;13211;1;1;1.0;2.0;43,2864300000;5,4329400000;
;1;43;43003;1;1;8.0;6.0;45,1844300000;3,6919420000;
;1;13;13212;1;1;1.0;2.0;43,2950214935;5,4244418090;
;2;77;77495;2;9;1.0;6.0;48,5639700000;2,6172800000;
;1;91;91161;1;1;2.0;6.0;48,7149900000;2,3091700000;
;3;95;95572;1;1;1.0;7.0;49,0309419120;2,1210050583;
;3;57;57474;1;1;1.0;6.0;49,2677244000;6,1719020000;
;1;93;93073;1;1;2.0;5.0;48,9695900000;2,5684100000;
;1;30;30351;2;1;1.0;2.0;43,9548100000;4,7831000000;
;1;93;93066;1;1;1.0;2.0;48,9226672444;2,3537688117;
;1;92;92004;2;1;1.0;3.0;48,9169689999;2,2819778323;
;1;92;92036;1;1;2.0;4.0;48,9464707688;2,2824191861;
;1;93;93027;1;1;2.0;6.0;48,9263100000;2,4012700000;
;5;92;92004;2;1;1.0;2.0;48,9138469514;2,3092247844;
;2;95;95582;1;1;2.0;4.0;48,9756726346;2,2399449348;
;1;69;69383;2;2;1.0;1.0;45,7527600000;4,8520800000;
;2;93;93078;1;1;1.0;4.0;48,9610200000;2,5429000000;
;3;77;77121;1;1;1.0;2.0;48,8318978282;2,6741537641;
;5;69;69381;2;1;1.0;2.0;45,7728300000;4,8383400000;
;1;77;77146;1;1;1.0;5.0;48,8314000000;2,6432000000;
;1;75;75115;2;1;1.0;3.0;48,8435030000;2,3144130000;
;1;75;75109;2;1;1.0;3.0;48,8704530000;2,3311280000;
;1;69;69202;2;1;1.0;1.0;45,7502100000;4,7981700000;
;5;75;75107;2;3;1.0;3.0;48,8592610000;2,3302280000;
;1;75;75103;2;2;1.0;3.0;48,8628740000;2,3625940000;
;1;75;75102;2;5;1.0;6.0;48,8677800000;2,3454200000;
;1;94;94068;2;1;1.0;6.0;48,7850780000;2,4977790000;
;1;2B;2B033;2;4;1.0;3.0;42,7076500000;9,4431200000;
;5;94;94058;2;1;2.0;3.0;48,8500300000;2,5093300000;
;1;971;97101;2;1;1.0;7.0;16,2503000000; -61,5227500000;
;5;94;94002;2;1;1.0;6.0;48,7780210160;2,4220883846;
;1;2A;2A004;2;1;1.0;1.0;41,9519900000;8,7762700000;
;5;93;93064;2;1;1.0;3.0;48,8792140000;2,4908810000;
;1;93;93064;2;1;1.0;2.0;48,8810113202;2,4716910884;
;1;93;93074;2;2;1.0;3.0;48,9429670550;2,5690554539;
;1;95;95598;2;2;1.0;3.0;48,9825077824;2,3004877567;
;5;93;93008;2;1;1.0;3.0;48,9092646323;2,4676814957;
;1;93;93008;2;1;1.0;3.0;48,9049870000;2,4264550000;
;1;91;91064;1;1;1.0;2.0;48,7580420000;2,2083760000;
;1;93;93007;2;1;1.0;3.0;48,9393880000;2,4581190000;
;1;93;93005;2;2;8.0;3.0;48,9358233297;2,4939051214;
;1;91;91377;2;2;1.0;1.0;48,7302600000;2,2735000000;
;1;92;92073;2;2;1.0;4.0;48,8716670000;2,2224080000;
;1;92;92035;2;2;8.0;3.0;48,9068597090;2,2390485406;
;1;91;91477;2;1;8.0;6.0;48,7021300000;2,2211300000;
;5;92;92002;2;3;1.0;5.0;48,7438400000;2,3031400000;
;1;92;92002;2;1;1.0;2.0;48,7399200000;2,2790200000;
;1;09;09289;2;1;2.0;6.0;43,0145700000;1,1101130000;
;1;09;09149;1;1;2.0;6.0;42,9181280000;1,1910900000;
;1;87;87085;2;2;1.0;2.0;45,8106300000;1,2575500000;
;1;76;76562;1;1;1.0;3.0;49,8625710000;1,1750490000;
;1;83;83061;2;9;1.0;6.0;43,4240764380;6,7403483391;
;2;57;57428;1;1;2.0;3.0;49,1166670000;6,7630400000;
;1;36;36239;1;1;1.0;7.0;46,4728030000;1,4974020000;
;1;30;30151;1;1;1.0;7.0;44,1799000000;4,3602200000;
;1;80;80021;2;1;1.0;1.0;49,8836600000;2,3041800000;
;1;37;37232;1;1;2.0;6.0;47,2871185488;0,2824902534;
;1;44;44154;1;1;1.0;2.0;47,1995620000; -2,1474410000;
;1;76;76655;1;1;1.0;6.0;49,8564840000;0,7222100000;
;1;42;42150;1;1;1.0;1.0;45,7144020000;4,0480170000;
;3;68;68152;2;1;2.0;6.0;47,6641370000;7,2656750000;
;1;78;78297;2;1;7.0;1.0;48,7657930000;2,0745080000;
;1;29;29049;1;3;1.0;3.0;47,9795840000; -3,8653740000;
;1;38;38081;1;1;2.0;5.0;45,5409120000;5,0924780000;
;1;15;15063;1;1;2.0;2.0;45,1411400000;2,3989030000;
;5;76;76216;2;1;1.0;6.0;49,4642300000;1,0471100000;
;1;72;72359;1;2;1.0;3.0;48,1399800000;0,3792200000;
;1;76;76322;1;1;1.0;6.0;49,3994700000;1,0325700000;
;5;40;40126;2;6;5.0;6.0;43,7019590000; -0,9270040000;
;3;27;27481;1;1;1.0;3.0;48,7167410000;0,8645190000;
;1;76;76305;2;3;1.0;3.0;49,5033900000;0,2071500000;
;1;22;22272;1;1;1.0;1.0;48,5508356444; -3,1132164716;
;1;76;76181;1;1;5.0;6.0;49,6284733750;0,6105975062;
;1;74;74118;1;1;1.0;5.0;46,1666800000;6,1934300000;
;3;45;45302;1;1;1.0;2.0;47,9451899780;1,8484711647;
;1;11;11370;1;1;6.0;6.0;43,2285700000;3,1065560000;
;1;42;42284;2;4;1.0;3.0;46,0825820000;4,0174340000;
;1;71;71306;2;1;1.0;6.0;46,6819770000;4,3624500000;
;1;987;98725;2;1;1.0;3.0; -17,5067260000; -149,4876410000;
;2;974;97414;2;1;1.0;7.0; -21,2764860000;55,4177700000;
;5;987;98712;2;1;1.0;1.0; -17,5429770000; -149,5036460000;
;1;69;69266;2;2;1.0;2.0;45,7620000000;4,8720000000;
;5;38;38337;2;1;1.0;3.0;45,3492800000;5,5040160000;
;1;34;34179;1;1;1.0;3.0;43,6102900000;3,7169410000;
;1;67;67482;2;1;1.0;3.0;48,5541900000;7,7402300000;
;1;973;97304;2;1;1.0;1.0;5,1575820000; -52,6426540000;
;1;67;67482;2;8;1.0;6.0;48,5844200000;7,7584300000;
;1;62;62648;2;1;1.0;1.0;50,5884380000;1,8090480000;
;1;64;64260;2;1;1.0;3.0;43,3704300000; -1,7641100000;
;1;30;30345;2;1;1.0;6.0;44,2794000000;4,0039000000;
;3;77;77398;1;1;1.0;7.0;48,8890400000;3,3029090000;
;1;59;59090;2;9;1.0;3.0;50,7203370617;3,1313395500;
;1;57;57672;2;1;1.0;6.0;49,3643900000;6,1689100000;
;1;34;34095;1;9;1.0;1.0;43,5488130000;3,8057110000;
;1;83;83027;1;1;1.0;3.0;43,2002751463;5,7591465711;
;1;56;56121;2;1;1.0;6.0;47,7555596000; -3,3757766000;
;1;54;54304;2;1;1.0;6.0;48,6832100000;6,1446700000;
;1;57;57704;2;3;1.0;3.0;49,3366870000;6,3694200000;
;1;53;53130;2;1;1.0;3.0;48,0687500000; -0,7980100000;
;1;83;83027;1;1;1.0;2.0;43,1621960000;5,7641960000;
;1;89;89278;2;4;1.0;1.0;48,1626520000;3,3900550000;
;1;51;51454;2;4;1.0;1.0;49,2449400000;4,0552000000;
;1;50;50218;2;1;1.0;3.0;48,8380800000; -1,5853000000;
;1;83;83023;2;9;7.0;6.0;43,4061990000;6,0651000000;
;2;67;67305;1;1;1.0;7.0;48,9317720000;8,1667790000;
;1;49;49267;2;1;1.0;7.0;47,4725100000; -0,4854100000;
;1;49;49267;2;1;1.0;6.0;47,4667200000; -0,5154700000;
;1;67;67467;1;1;1.0;7.0;48,8477450000;7,2084210000;
;2;13;13004;1;1;6.0;5.0;43,6375580000;4,7440660000;
;1;79;79061;2;4;8.0;7.0;46,2647410000; -0,2219210000;
;2;45;45004;2;1;1.0;1.0;48,0008100000;2,7657900000;
;3;82;82085;1;1;1.0;6.0;43,9716770000;1,2748650000;
;1;44;44184;2;6;1.0;3.0;47,2678600000; -2,2338800000;
;1;65;65375;1;1;1.0;7.0;43,3782280000;0,1473710000;
;1;43;43157;2;1;1.0;6.0;45,0361000000;3,8837500000;
;1;37;37122;2;1;1.0;6.0;47,3411928310;0,6496310234;
;1;71;71250;1;1;1.0;6.0;46,3867570000;4,8048820000;
;1;33;33540;2;2;1.0;3.0;45,3766590000; -1,1502980000;
;1;35;35238;2;1;1.0;6.0;48,0867200000; -1,6772500000;
;1;33;33195;2;1;1.0;6.0;44,3882980000; -0,0433180000;
;1;35;35278;1;1;1.0;2.0;48,1408005508; -1,6903723776;
;1;71;71496;2;1;1.0;7.0;46,9044840000;4,6536430000;
;1;67;67237;2;1;1.0;6.0;48,6751690000;7,8572160000;
;1;35;35051;2;1;1.0;1.0;48,1155700000; -1,5872400000;
;1;35;35051;2;1;1.0;2.0;48,1136718739; -1,6021840274;
;1;71;71470;1;1;1.0;3.0;46,3170140000;4,6303400000;
;1;31;31344;1;1;2.0;7.0;43,0970554726;0,7599931955;
;3;03;03253;1;1;1.0;2.0;46,4605006957;3,6377073485;
;3;61;61100;1;1;2.0;6.0;48,7088500000;0,6197600000;
;1;27;27681;2;3;1.0;1.0;49,0850100000;1,4629400000;
;1;42;42022;2;1;8.0;3.0;45,5178650000;4,2045020000;
;3;49;49367;1;1;1.0;6.0;47,6032120000; -0,8214910000;
;1;27;27681;2;1;1.0;6.0;49,0934700000;1,4726700000;
;1;07;07034;1;1;1.0;7.0;44,3648890000;4,5302810000;
;1;47;47100;1;1;1.0;2.0;44,2554820000;0,6564550000;
;5;24;24037;2;1;1.0;6.0;44,8523306234;0,4707505703;
;3;33;33019;1;1;1.0;3.0;44,6751101871; -1,0028806329;
;1;19;19031;2;3;1.0;3.0;45,1504300000;1,4976100000;
;1;86;86211;1;2;1.0;3.0;46,2594520000;0,2773620000;
;1;85;85163;1;1;1.0;3.0;47,0024600000; -2,2587110000;
;1;17;17306;2;1;2.0;3.0;45,6413600000; -1,0247200000;
;1;39;39478;2;1;1.0;3.0;46,3913060000;5,8640190000;
;1;17;17306;2;1;1.0;6.0;45,6313220000; -0,9891110000;
;5;22;22225;1;2;1.0;1.0;48,5463210000; -3,1323340000;
;1;29;29282;1;1;1.0;1.0;48,3653380000; -4,7457500000;
;1;14;14437;1;1;1.0;4.0;49,1735300000; -0,3092100000;
;1;29;29170;1;3;1.0;1.0;47,9459880000; -4,1465990000;
;1;54;54459;1;1;1.0;2.0;48,6048050000;6,1735070000;
;1;13;13002;2;1;1.0;;43,3383769679;5,4675954581;
;1;38;38399;2;2;1.0;3.0;45,5024070000;5,1291990000;
;3;59;59462;1;1;1.0;6.0;50,5047703322;3,0173483491;
;1;11;11069;2;2;1.0;3.0;43,2112400000;2,3265500000;
;1;02;02613;2;9;1.0;3.0;49,4077690000;3,8212310000;
;1;05;05061;2;1;1.0;6.0;44,5613100000;6,0811900000;
;1;78;78238;1;1;1.0;3.0;48,9691380000;1,8639800000;
;1;03;03014;1;1;7.0;6.0;46,3373920000;3,9429380000;
;1;04;04112;2;4;1.0;2.0;43,8158600000;5,7915100000;
;5;92;92063;1;1;8.0;6.0;48,8888475181;2,1682327380;
;3;15;15092;1;1;1.0;6.0;45,4473290000;2,5421870000;
;1;15;15066;1;1;1.0;7.0;45,1406330000;2,6469590000;
;1;75;75120;2;1;1.0;2.0;48,8483160000;2,4147680000;
;2;75;75105;2;1;1.0;7.0;48,8405460000;2,3393330000;
;5;78;78466;1;1;8.0;1.0;48,9255460000;1,9973990000;
;1;70;70196;2;1;1.0;1.0;47,8344870000;6,2130500000;
;1;75;75120;2;2;1.0;3.0;48,8753550000;2,4075370000;
;5;75;75119;2;7;1.0;2.0;48,8827860000;2,3702720000;
;1;75;75118;2;1;1.0;2.0;48,8988730000;2,3441860000;
;1;93;93066;1;1;1.0;1.0;48,9307730768;2,3665103285;
;1;75;75116;2;1;1.0;3.0;48,8685100000;2,2910210000;
;1;75;75116;2;1;1.0;6.0;48,8533010000;2,2789450000;
;1;26;26365;1;1;1.0;5.0;44,7770900000;5,0214960000;
;5;75;75115;2;4;1.0;3.0;48,8553150000;2,2895790000;
;1;77;77146;1;1;1.0;4.0;48,8314000000;2,6432000000;
;5;75;75115;2;1;1.0;2.0;48,8330550000;2,2779090000;
;1;54;54146;1;4;1.0;2.0;48,5792334696;5,8875775339;
;1;06;06007;1;1;1.0;6.0;43,6185780000;6,9219120000;
;1;75;75114;2;2;1.0;6.0;48,8359900000;2,3276090000;
;1;13;13098;2;1;1.0;1.0;43,4537800000;5,0126900000;
;1;14;14735;1;3;1.0;6.0;49,0373800000; -0,0749700000;
;1;75;75114;2;3;1.0;6.0;48,8356830000;2,3249680000;
;5;75;75108;2;2;1.0;2.0;48,8700690000;2,3009970000;
;1;974;97416;1;1;1.0;3.0; -21,3103000000;55,4346000000;
;1;50;50152;1;2;1.0;3.0;48,7133570000; -1,1087290000;
;5;75;75108;2;7;1.0;3.0;48,8658640000;2,3198530000;
;1;45;45272;1;1;1.0;1.0;47,8202780000;1,9871630000;
;1;75;75103;2;2;1.0;3.0;48,8662380000;2,3525410000;
;3;73;73048;1;1;1.0;6.0;45,5810670000;6,3318640000;
;5;69;69388;2;1;1.0;6.0;45,7256600000;4,8671700000;
;1;75;75104;2;3;1.0;6.0;48,8554710000;2,3601000000;
;3;18;18289;1;1;1.0;6.0;46,9536460000;2,5657800000;
;2;94;94081;2;1;1.0;7.0;48,7850380000;2,3783760000;
;1;18;18197;2;6;1.0;6.0;46,7250580000;2,5064170000;
;5;93;93072;2;1;1.0;6.0;48,9664415173;2,3854178935;
;5;93;93014;2;1;1.0;6.0;48,9028622660;2,5476667285;
;1;43;43087;1;5;1.0;3.0;45,1942370000;4,3455000000;
;1;972;97213;2;1;1.0;5.0;14,6546100000; -60,9893200000;
;5;93;93047;2;2;1.0;3.0;48,8901800000;2,5520500000;
;1;43;43268;1;1;1.0;1.0;45,1299850000;4,0954110000;
;1;93;93071;2;1;1.0;6.0;48,9294474893;2,5154002905;
;1;972;97209;2;9;1.0;3.0;14,6128551190; -61,0527741909;
;1;92;92076;2;1;1.0;6.0;48,8385271757;2,1643828153;
;5;07;07078;2;1;1.0;6.0;45,2589690000;4,6859210000;
;5;972;97209;2;1;1.0;1.0;14,6017300000; -61,0672500000;
;5;92;92050;2;1;1.0;3.0;48,8881316347;2,1912145615;
;1;53;53129;1;1;8.0;3.0;48,1457190000; -1,0192720000;
;1;92;92024;2;3;1.0;3.0;48,9036989460;2,3032423854;
;1;21;21416;1;1;1.0;1.0;47,4035000000;5,3408000000;
;1;92;92023;2;1;1.0;1.0;48,7770302247;2,2295524478;
;1;04;04121;1;1;1.0;7.0;44,0231330000;6,1764140000;
;1;16;16110;1;1;7.0;2.0;45,9953850000;0,1499620000;
;1;43;43121;1;1;1.0;7.0;45,3383760000;3,2470390000;
;1;85;85034;1;2;1.0;3.0;46,6375300000; -1,1581550000;
;1;28;28139;1;1;1.0;7.0;48,3156820000;1,3258270000;
;1;85;85175;1;1;2.0;7.0;46,5867340000; -1,1967475000;
;1;35;35318;1;1;1.0;1.0;48,3472362288; -1,9287751615;
;1;27;27467;2;1;1.0;2.0;49,3581900000;0,5139260000;
;1;63;63143;1;2;1.0;3.0;46,0625940000;3,2950190000;
;1;27;27056;2;1;2.0;7.0;49,0912970000;0,5927200000;
;1;67;67220;1;1;1.0;7.0;48,7404840000;7,5138330000;
;1;17;17337;1;1;1.0;7.0;45,9790600000; -1,3551590000;
;1;72;72053;1;9;1.0;3.0;47,9301629747;0,4066121576;
;1;87;87133;1;1;1.0;3.0;46,2037450000;1,3825610000;
;1;87;87028;1;1;1.0;6.0;46,2203460000;0,9055140000;
;1;71;71256;1;2;1.0;3.0;46,7539540000;5,0918520000;
;1;37;37234;1;1;1.0;1.0;47,1913857290;1,0245421529;
;1;37;37216;1;1;1.0;2.0;47,1634485489;0,6287741661;
;1;10;10329;1;1;1.0;2.0;48,2700264974;4,1644599199;
;1;74;74263;1;1;1.0;1.0;46,3208300000;6,3843390000;
;1;83;83026;1;1;1.0;7.0;43,4176890000;6,2435390000;
;1;13;13050;1;1;1.0;2.0;43,6364600000;5,2795640000;
;1;63;63164;1;1;1.0;6.0;45,8416410000;3,1606940000;
;1;30;30047;1;1;1.0;1.0;43,8131700000;4,4123300000;
;3;35;35210;1;1;1.0;7.0;48,1420134171; -1,7348608375;
;1;74;74208;2;1;1.0;3.0;45,9162400000;6,7032960000;
;1;06;06152;1;3;1.0;1.0;43,6181710000;7,0536360000;
;3;74;74069;1;1;1.0;2.0;46,1112700000;5,9901670000;
;3;987;98715;2;1;1.0;3.0; -17,5845220000; -149,5685780000;
;1;06;06149;2;1;1.0;6.0;43,7454520000;7,3639240000;
;1;41;41126;1;1;1.0;6.0;47,2964330000;1,3159990000;
;1;65;65388;1;1;5.0;7.0;42,8348320000;0,2397400000;
;1;34;34146;1;1;1.0;4.0;43,6919270000;4,0747510000;
;1;65;65258;2;6;1.0;3.0;43,1212490000;0,3833790000;
;1;71;71162;1;1;1.0;6.0;46,9840290000;4,4079740000;
;1;42;42139;1;3;1.0;3.0;45,2890430000;4,4090690000;
;1;68;68278;2;2;7.0;3.0;47,7561500000;7,4023660000;
;1;68;68291;2;2;1.0;3.0;47,8524790000;7,5175670000;
;1;973;97306;1;1;1.0;1.0;5,5984500000; -53,7063870000;
;1;22;22222;2;3;7.0;3.0;48,6974900000; -2,9404740000;
;1;973;97304;1;1;1.0;1.0;5,1561870000; -52,6681460000;
;1;29;29174;2;6;1.0;3.0;47,9023841107; -4,2796218395;
;1;01;01266;2;1;1.0;6.0;46,3382670000;5,1281280000;
;1;971;97121;2;1;1.0;4.0;16,2357100000; -61,7916640000;
;1;26;26054;1;1;1.0;3.0;44,3096620000;4,8671450000;
;1;29;29002;1;3;8.0;7.0;47,8991460000; -3,4534300000;
;1;58;58149;2;1;1.0;6.0;46,7841780000;3,9937640000;
;1;45;45155;2;1;1.0;1.0;47,6855820000;2,6507230000;
;1;66;66107;2;3;1.0;7.0;42,8118180000;2,5943590000;
;1;78;78062;2;4;1.0;7.0;48,8506430000;1,8949650000;
;1;16;16337;1;2;1.0;3.0;45,9849900000;0,7109790000;
;1;78;78193;1;1;1.0;7.0;48,7065390000;1,9502020000;
;1;40;40212;1;1;1.0;1.0;43,5759100000; -1,1301650000;
;3;2A;2A288;2;1;1.0;6.0;41,5532490000;9,2219120000;
;1;17;17168;2;1;1.0;7.0;45,9929270000; -1,0982250000;
;1;30;30192;1;1;1.0;3.0;43,8822000000;4,0497800000;
;1;34;34213;1;2;1.0;1.0;43,4953980000;3,6973290000;
;2;34;34052;1;1;1.0;7.0;43,3356040000;3,0404020000;
;2;34;34344;2;1;1.0;3.0;43,5612300000;4,0770540000;
;1;13;13051;1;2;1.0;3.0;43,5464650657;5,1486342196;
;3;83;83068;1;1;2.0;7.0;43,2788920000;6,5681720000;
;2;13;13051;1;1;1.0;1.0;43,5712660000;5,1520300000;
;3;71;71026;1;3;1.0;3.0;46,6636710000;4,8660530000;
;1;33;33382;1;1;1.0;2.0;45,1261600000; -0,4856970000;
;1;06;06088;1;1;1.0;3.0;43,6711620000;7,2033780000;
;2;21;21622;1;1;1.0;1.0;47,1984390000;5,2244600000;
;3;13;13037;1;1;1.0;1.0;43,5557490000;5,2316930000;
;1;68;68193;2;1;2.0;7.0;48,0340840000;7,1139910000;
;1;987;98724;1;1;8.0;6.0; -16,7409960000; -151,0289030000;
;3;67;67192;1;1;1.0;7.0;48,3441990000;7,6420640000;
;5;988;98822;2;1;1.0;6.0; -20,9369020000;165,3374360000;
;1;971;97125;1;2;2.0;3.0;16,2780840000; -61,3019080000;
;1;38;38054;2;2;1.0;6.0;45,7805740000;5,4419450000;
;1;07;07034;1;1;1.0;7.0;44,3687090000;4,5208100000;
;2;77;77217;2;1;1.0;6.0;48,6810370000;2,6703380000;
;1;78;78513;1;1;1.0;7.0;48,7993450000;1,7471960000;
;1;31;31395;2;1;1.0;6.0;43,4675460000;1,3279990000;
;3;78;78107;1;1;1.0;7.0;48,9458710000;1,5149440000;
;1;16;16163;1;1;7.0;1.0;45,6710278468; -0,0058445334;
;1;34;34157;2;1;1.0;1.0;43,4250920000;3,6042130000;
;1;84;84081;2;1;1.0;1.0;43,9535060000;4,8909970000;
;1;86;86115;2;4;1.0;3.0;46,7063170000;0,3595660000;
;1;06;06075;2;1;1.0;7.0;43,8341480000;7,2511020000;
;1;64;64060;2;3;1.0;3.0;43,3136770168; -0,4527018964;
;1;17;17163;1;2;1.0;3.0;45,3793230000; -0,3757520000;
;1;22;22162;1;1;1.0;3.0;48,7760360000; -3,0996840000;
;1;974;97407;2;1;1.0;6.0; -20,9630800000;55,3183200000;
;1;35;35257;2;1;1.0;3.0;48,4030400000; -1,3258030000;
;1;973;97302;2;1;2.0;7.0;4,9426400000; -52,3199100000;
;5;973;97302;2;9;1.0;7.0;4,9326400000; -52,3263300000;
;1;62;62680;1;1;1.0;5.0;50,3778750000;2,9759220000;
;3;973;97302;1;1;1.0;7.0;4,9026700000; -52,3140600000;
;1;13;13005;1;1;1.0;2.0;43,2754700000;5,5880600000;
;1;13;13071;1;1;1.0;5.0;43,4009400000;5,2986800000;
;1;973;97302;1;3;3.0;3.0;4,9059700000; -52,3048800000;
;1;83;83137;2;1;1.0;2.0;43,1223490000;5,9557830000;
;1;973;97302;2;3;1.0;3.0;4,9395164642; -52,3010426760;
;1;33;33550;1;1;1.0;6.0;44,7600040000; -0,5465670000;
;1;92;92060;1;1;1.0;3.0;48,7740663007;2,2410281628;
;1;973;97302;2;2;1.0;3.0;4,9383700000; -52,3281900000;
;1;94;94021;1;1;1.0;6.0;48,7609654233;2,3389360390;
;5;973;97302;2;1;1.0;3.0;4,9423811077; -52,3054683208;
;1;91;91689;1;1;1.0;2.0;48,7301100000;2,3141800000;
;5;973;97302;2;9;1.0;2.0;4,9367693881; -52,3071956635;
;1;91;91617;1;1;1.0;4.0;48,6317900000;2,5179000000;
;3;91;91687;1;1;1.0;7.0;48,6601500000;2,3723200000;
;5;69;69387;2;2;1.0;3.0;45,7477700000;4,8396500000;
;1;91;91521;1;1;1.0;7.0;48,6412900000;2,3937700000;
;1;69;69387;2;2;1.0;3.0;45,7507300000;4,8394900000;
;1;91;91228;1;1;1.0;4.0;48,6195900000;2,4256800000;
;5;69;69383;2;1;1.0;7.0;45,7581800000;4,8407700000;
;1;92;92025;1;1;1.0;3.0;48,9254957669;2,2330475954;
;3;75;75112;1;1;1.0;6.0;48,8213702244;2,4616670609;
;5;69;69388;2;3;1.0;3.0;45,7295957833;4,8679985280;
;2;14;14743;1;1;1.0;6.0;49,1723890000;0,0086470000;
;5;69;69383;2;1;1.0;7.0;45,7636435540;4,8694056273;
;1;06;06030;2;9;1.0;6.0;43,5657000000;6,9650400000;
;1;94;94074;2;1;1.0;3.0;48,7654599952;2,4476370892;
;1;57;57206;2;1;1.0;6.0;49,3080180000;6,1054230000;
;1;69;69259;2;2;1.0;3.0;45,6969700000;4,8875300000;
;1;14;14487;2;2;1.0;3.0;49,1785143992;0,2095947862;
;1;69;69386;2;2;1.0;3.0;45,7690600000;4,8460300000;
;1;74;74012;2;9;1.0;3.0;46,1913400000;6,2421920000;