Num_Acc;lum;departement;commune;agglomeration;intersection;meteo;type_collision;lat;long;date
;1;972;97213;1;1;1.0;1.0;14,6368900000; -60,9918600000;
;1;74;74012;2;1;1.0;2.0;46,1879600000;6,2324500000;
;1;976;97611;2;1;1.0;1.0; -12,8071100000;45,2071100000;
;1;972;97209;1;3;2.0;3.0;14,6234700000; -61,0516000000;
;5;972;97209;1;1;1.0;7.0;14,6027500000; -61,0768300000;
;1;974;97416;2;3;1.0;6.0; -21,3116800000;55,4727700000;
;1;971;97105;2;9;1.0;1.0;16,0040000000; -61,7387900000;
;1;69;69384;2;2;1.0;1.0;45,7795626822;4,8238231404;
;1;91;91027;2;1;1.0;3.0;48,7140000000;2,3710000000;
;1;69;69389;2;1;1.0;7.0;45,7897176986;4,7967191041;
;1;91;91027;2;1;1.0;2.0;48,7118700000;2,3712500000;
;1;2B;2B120;1;1;1.0;2.0;42,6575753577;9,4415768897;
;1;91;91027;2;3;1.0;3.0;48,7112100000;2,3757400000;
;5;971;97101;1;1;1.0;7.0;16,2727500000; -61,5416000000;
;1;87;87085;2;3;1.0;3.0;45,8344500000;1,2609000000;
;1;91;91103;2;1;1.0;3.0;48,6093380000;2,3127220000;
;1;77;77243;2;1;1.0;6.0;48,8787500000;2,6928600000;
;1;91;91201;2;2;1.0;3.0;48,6740000000;2,4120000000;
;5;76;76540;2;1;1.0;2.0;49,4266000000;1,1043500000;
;1;87;87085;2;6;1.0;3.0;45,8127300000;1,2811700000;
;1;76;76351;2;2;1.0;3.0;49,4852100000;0,1303800000;
;3;76;76576;1;1;1.0;3.0;49,5516000000;0,4462000000;
;1;83;83062;1;1;1.0;3.0;43,1197600000;6,0265900000;
;1;67;67482;2;3;1.0;3.0;48,5895400000;7,7516600000;
;1;80;80021;2;1;1.0;3.0;49,9073200000;2,3202000000;
;1;66;66136;2;3;1.0;6.0;42,7006300000;2,8910400000;
;5;78;78358;2;1;2.0;3.0;48,9581310000;2,1690900000;
;5;66;66136;2;1;1.0;1.0;42,6794100000;2,8799300000;
;5;64;64260;2;1;1.0;3.0;43,3697900000; -1,7732100000;
;1;78;78650;2;9;8.0;3.0;48,8983000000;2,1154000000;
;2;64;64445;2;6;2.0;3.0;43,3186540000; -0,3079590000;
;1;77;77285;2;1;1.0;4.0;48,5442620000;2,6455150000;
;1;64;64122;2;1;1.0;2.0;43,4594390000; -1,5414350000;
;1;64;64024;2;1;1.0;3.0;43,4964700000; -1,4978200000;
;4;63;63014;2;1;1.0;1.0;45,7478100000;3,1353500000;
;1;77;77464;2;3;1.0;1.0;48,8900300000;2,7103500000;
;1;62;62498;1;1;1.0;6.0;50,4261670000;2,8196080000;
;1;77;77186;2;1;1.0;2.0;48,4128000000;2,7109300000;
;1;62;62119;2;6;1.0;3.0;50,5268370000;2,6304970000;
;3;76;76540;2;1;1.0;7.0;49,4451500000;1,1109400000;
;1;59;59599;2;2;1.0;3.0;50,7370639838;3,1395095587;
;1;76;76165;2;1;1.0;6.0;49,2872600000;1,0240700000;
;1;56;56260;2;6;1.0;2.0;47,6642000000; -2,7811500000;
;5;56;56121;2;1;1.0;6.0;47,7405600000; -3,3754800000;
;1;76;76351;2;2;1.0;3.0;49,5013900000;0,1500100000;
;1;54;54395;2;1;1.0;3.0;48,6893431612;6,1843210459;
;1;74;74118;1;1;1.0;3.0;46,1797600000;6,2310900000;
;1;54;54395;2;4;1.0;3.0;48,6845338809;6,1962515116;
;1;72;72003;2;1;1.0;6.0;47,9650200000;0,1621800000;
;1;72;72181;2;1;1.0;3.0;48,0245600000;0,1774700000;
;1;72;72181;1;1;1.0;6.0;47,9608790000;0,2149190000;
;2;69;69266;2;1;1.0;2.0;45,7589100000;4,8807100000;
;1;69;69029;2;3;1.0;3.0;45,7481100000;4,9175400000;
;1;69;69092;2;9;1.0;6.0;46,0093600000;4,7119900000;
;1;67;67482;2;3;1.0;3.0;48,5677800000;7,7275300000;
;1;67;67447;2;1;8.0;3.0;48,6083300000;7,7499600000;
;2;67;67482;2;1;1.0;7.0;48,5976000000;7,7361600000;
;1;66;66136;2;1;1.0;7.0;42,6940700000;2,8502100000;
;1;64;64445;2;3;1.0;3.0;43,3214800000; -0,3399600000;
;1;64;64132;2;1;1.0;6.0;43,3065900207; -0,3271597624;
;5;64;64122;2;1;1.0;6.0;43,4766400000; -1,5494400000;
;1;64;64122;2;1;8.0;3.0;43,4602883019; -1,5475822985;
;1;64;64024;2;9;2.0;3.0;43,4810600000; -1,5116500000;
;3;60;60110;1;3;1.0;3.0;49,6530190000;1,8273510000;
;5;63;63063;2;6;1.0;7.0;45,8173900000;3,1093800000;
;1;64;64014;1;1;7.0;5.0;43,3182930000; -1,4878320000;
;5;63;63113;2;1;1.0;7.0;45,7876200000;3,1192500000;
;1;64;64405;2;1;2.0;2.0;43,3374928331; -0,2730852987;
;3;18;18087;1;1;2.0;3.0;46,9157630000;2,5596160000;
;1;18;18197;2;1;1.0;6.0;46,7236860000;2,5056340000;
;1;18;18025;2;1;3.0;7.0;47,0885010000;3,0052440000;
;5;62;62617;2;2;1.0;3.0;50,4812500000;2,6613800000;
;1;43;43224;2;1;1.0;6.0;45,2418210000;4,2355350000;
;3;43;43078;1;1;1.0;6.0;45,0102920000;3,9508670000;
;2;59;59009;2;1;1.0;6.0;50,6161300000;3,1399200000;
;5;36;36241;2;2;1.0;3.0;46,8461840000;1,5444910000;
;1;16;16181;1;1;1.0;5.0;46,0633920000;0,6703130000;
;1;59;59009;2;1;1.0;6.0;50,6178759945;3,1476902962;
;1;16;16256;1;3;1.0;1.0;45,3509540000; -0,0679990000;
;1;59;59350;2;3;1.0;3.0;50,6330822514;3,0532953143;
;5;07;07201;2;1;2.0;6.0;44,4504060000;4,3495410000;
;5;59;59183;2;9;1.0;6.0;51,0485000000;2,4185000000;
;1;07;07198;1;4;1.0;1.0;44,7823070000;4,7312020000;
;1;21;21663;2;1;8.0;3.0;47,5403860000;4,4741980000;
;1;59;59178;2;6;8.0;3.0;50,3631100000;3,0786500000;
;3;24;24520;2;1;1.0;1.0;44,8746250000;1,2171970000;
;1;24;24352;1;1;1.0;7.0;45,2521410000;0,3701450000;
;1;56;56121;2;6;1.0;3.0;47,7583700000; -3,3904200000;
;3;04;04160;1;1;1.0;6.0;43,8649510000;5,6813390000;
;1;85;85031;1;1;2.0;6.0;46,7762460000; -0,9472873000;
;3;27;27364;1;1;1.0;6.0;49,1010940000;0,7379840000;
;1;54;54526;2;1;1.0;3.0;48,6851000000;6,2192500000;
;1;28;28227;2;7;1.0;6.0;48,5866290000;1,5780780000;
;1;54;54395;2;7;1.0;6.0;48,6836100000;6,1926100000;
;5;17;17218;2;2;1.0;1.0;46,3057060000; -0,9906560000;
;1;87;87024;1;1;1.0;6.0;45,7762560000;1,5849280000;
;2;37;37250;1;1;7.0;6.0;47,2589805783;0,7112574577;
;1;37;37271;2;1;2.0;1.0;47,2307670000;0,4949670000;
;1;54;54304;2;3;1.0;1.0;48,6836556087;6,1502663791;
;1;30;30341;1;1;7.0;2.0;43,6904320000;4,2515800000;
;1;30;30123;1;9;1.0;6.0;43,7078880000;4,1686680000;
;5;88;88075;1;1;1.0;6.0;48,0015050000;6,9212230000;
;1;54;54270;2;2;1.0;3.0;49,4971200000;5,8605900000;
;3;68;68082;1;9;1.0;5.0;47,8612610000;7,3930260000;
;1;54;54254;2;1;1.0;6.0;49,4938500000;5,7976600000;
;1;52;52448;2;9;1.0;5.0;48,6210900000;4,9323500000;
;1;51;51108;2;1;1.0;7.0;48,9566034404;4,3785372376;
;1;50;50129;2;1;1.0;6.0;49,6433100000; -1,6035100000;
;1;80;80793;1;1;9.0;1.0;50,0092089576;2,1626003940;
;1;50;50129;2;3;1.0;3.0;49,6548000000; -1,6918700000;
;1;49;49007;2;1;1.0;3.0;47,4703300000; -0,5437700000;
;3;76;76533;1;9;2.0;5.0;49,4949990000;0,2637630000;
;1;49;49007;2;1;1.0;1.0;47,4730570000; -0,5835140000;
;1;35;35210;1;1;2.0;6.0;48,1709650000; -1,7886260000;
;1;49;49246;2;1;3.0;6.0;47,4239300000; -0,5245700000;
;3;82;82025;1;1;1.0;4.0;43,9341700000;1,3197970000;
;1;45;45285;2;3;1.0;1.0;47,9162000000;1,8648300000;
;5;45;45298;2;6;1.0;6.0;47,8928500000;1,8759600000;
;5;82;82123;1;1;8.0;5.0;43,9284410000;1,3122120000;
;1;68;68021;1;1;1.0;2.0;47,6435040000;7,4962810000;
;1;45;45208;2;9;2.0;3.0;47,9959900000;2,7256320000;
;1;43;43157;2;1;1.0;3.0;45,0421300000;3,8866400000;
;3;17;17258;1;1;1.0;7.0;45,5044230000; -0,4040890000;
;1;42;42218;2;3;1.0;6.0;45,4379200000;4,3840800000;
;3;07;07217;1;2;1.0;3.0;45,0396120000;4,7168250000;
;3;63;63113;1;1;5.0;6.0;45,7695740000;3,1391930000;
;1;41;41047;2;6;1.0;3.0;47,6098900000;1,3542000000;
;5;69;69143;2;6;3.0;6.0;45,8772260000;4,8385440000;
;1;83;83097;1;1;1.0;3.0;43,4814668840;5,7325463570;
;1;38;38185;2;1;1.0;6.0;45,1905400000;5,7168800000;
;1;59;59010;1;9;3.0;6.0;50,1518810000;3,1140230000;
;5;27;27375;1;1;2.0;2.0;49,2089630000;1,1810950000;
;1;38;38151;2;1;1.0;6.0;45,1562800000;5,7238300000;
;2;27;27003;1;1;2.0;3.0;49,1626870000;1,1781500000;
;1;37;37233;2;3;1.0;6.0;47,3970891730;0,7412928343;
;3;13;13081;1;1;3.0;2.0;43,4973900000;5,2390190000;
;1;37;37122;1;1;1.0;2.0;47,3407638879;0,6581443548;
;1;69;69189;1;3;1.0;2.0;45,5178160000;4,8606350000;
;1;11;11202;1;1;1.0;1.0;42,8493170000;3,0371560000;
;1;35;35238;2;1;1.0;2.0;48,1059255261; -1,7331603169;
;5;987;98758;1;1;1.0;1.0; -16,7446020000; -151,4597670000;
;1;35;35051;2;1;1.0;6.0;48,1181641635; -1,6105679423;
;1;987;98722;1;1;1.0;1.0; -17,5920000000; -149,3910000000;
;1;988;98815;1;1;1.0;6.0; -21,5367330000;167,8675000000;
;1;35;35051;1;1;1.0;3.0;48,1451192637; -1,6185146570;
;1;988;98817;2;1;1.0;6.0; -22,2761000000;166,5730300000;
;5;34;34129;1;1;1.0;6.0;43,5907200000;3,9091000000;
;1;974;97404;2;1;1.0;6.0; -21,2651800000;55,3355170000;
;1;974;97415;1;1;1.0;3.0; -21,0618090000;55,2233090000;
;1;974;97408;2;1;1.0;3.0; -20,9442110000;55,3285240000;
;1;34;34003;1;1;1.0;4.0;43,3040041500;3,4535301694;
;2;45;45142;1;1;8.0;7.0;47,9456430000;2,1665380000;
;1;33;33192;1;1;1.0;2.0;44,7829060000; -0,6328280000;
;5;33;33063;2;1;1.0;6.0;44,8229800000; -0,5550500000;
;1;77;77171;2;2;1.0;2.0;48,9025230000;2,8129940000;
;1;31;31555;2;1;1.0;6.0;43,5624800000;1,4812000000;
;1;33;33063;1;1;1.0;4.0;44,8801000000; -0,5383200000;
;3;77;77107;2;4;4.0;2.0;48,6695340000;2,8446650000;
;1;31;31555;2;1;1.0;6.0;43,5996100000;1,4545300000;
;3;33;33448;1;1;1.0;2.0;44,7198110000; -0,5217860000;
;5;78;78321;2;3;1.0;6.0;48,8020870000;1,9070710000;
;1;29;29232;2;1;1.0;7.0;47,9784000000; -4,0163100000;
;3;33;33063;1;1;1.0;6.0;44,8828200000; -0,5611200000;
;4;78;78575;2;1;8.0;6.0;48,7030830000;2,0555320000;
;1;987;98722;2;1;1.0;1.0; -17,5158120000; -149,4241360000;
;2;91;91286;1;1;2.0;5.0;48,6455900000;2,3889300000;
;1;66;66008;1;1;1.0;6.0;42,5836120000;2,9869720000;
;1;22;22278;2;1;1.0;6.0;48,5051400000; -2,7640200000;
;1;78;78640;1;1;1.0;2.0;48,7783330000;2,2225030000;
;1;19;19272;2;3;1.0;3.0;45,2573600000;1,7590700000;
;1;34;34031;1;1;1.0;5.0;43,3611379355;3,3779532600;
;1;92;92064;1;1;1.0;3.0;48,8403969917;2,2201802330;
;3;18;18279;1;1;1.0;2.0;47,2626550000;2,0598830000;
;1;34;34240;2;1;2.0;1.0;43,6371230000;3,9603840000;
;5;17;17300;2;1;1.0;7.0;46,1525400000; -1,1393700000;
;1;95;95488;1;1;2.0;4.0;49,0124099165;2,1505308151;
;1;34;34344;2;5;7.0;6.0;43,5610310000;4,0770440000;
;1;15;15014;2;1;1.0;6.0;44,9160100000;2,4320000000;
;1;84;84034;1;5;1.0;3.0;43,8834880000;4,9733200000;
;3;94;94017;1;1;1.0;6.0;48,8302008945;2,4957669959;
;1;13;13103;2;2;1.0;3.0;43,6414700000;5,1031700000;
;1;83;83027;1;3;1.0;1.0;43,1923080000;5,7626940000;
;1;83;83001;2;3;1.0;6.0;43,5274940000;6,8177840000;
;5;13;13213;2;2;1.0;3.0;43,3263900000;5,4215000000;
;3;06;06048;1;1;5.0;5.0;43,7954120000;7,3537960000;
;1;05;05118;1;1;1.0;7.0;44,2048200000;5,8916540000;
;1;13;13203;2;1;1.0;3.0;43,3184800000;5,3797000000;
;1;33;33009;2;2;1.0;3.0;44,6605200000; -1,1726500000;
;1;04;04019;2;1;7.0;6.0;44,3984630000;6,6423140000;
;1;13;13202;2;9;1.0;3.0;43,3010800000;5,3641800000;
;5;25;25277;1;2;1.0;3.0;47,4696680000;6,3798810000;
;5;13;13213;2;1;1.0;7.0;43,3283700000;5,4256600000;
;2;59;59350;2;1;1.0;6.0;50,6268451613;3,1121197343;
;1;71;71325;1;1;1.0;6.0;46,5124340000;3,9559800000;
;2;52;52315;1;1;1.0;7.0;48,0200710000;5,2342990000;
;5;13;13206;2;3;1.0;2.0;43,2875400000;5,3697000000;
;3;10;10299;2;1;1.0;6.0;48,5374910000;4,0648730000;
;1;05;05061;2;1;1.0;6.0;44,5382300000;6,0607300000;
;2;68;68036;2;2;8.0;6.0;48,0404680000;7,5451340000;
;5;13;13208;2;1;1.0;1.0;43,2558469033;5,3939437685;
;1;88;88321;2;1;1.0;6.0;48,3549090000;5,6926880000;
;2;62;62587;2;1;2.0;6.0;50,4268600000;2,9295300000;
;1;13;13215;2;9;1.0;3.0;43,3756377752;5,3430984558;
;3;55;55218;1;1;2.0;1.0;49,2694390000;5,4843720000;
;5;73;73248;2;1;1.0;6.0;45,2756596723;6,3462312520;
;1;988;98818;2;1;1.0;6.0; -22,2734400000;166,4457800000;
;5;73;73284;2;1;2.0;6.0;45,4779700000;6,5277940000;
;2;38;38276;2;8;1.0;3.0;45,5701780000;5,3072550000;
;1;26;26235;2;1;1.0;1.0;44,3820840000;4,7097910000;
;3;07;07152;1;1;1.0;6.0;45,0393090000;4,8257450000;
;1;974;97416;2;1;1.0;2.0; -21,3029490000;55,4301390000;
;1;69;69047;1;1;1.0;1.0;45,8939730000;4,6730630000;
;5;974;97411;2;1;1.0;7.0; -20,8767000000;55,4472500000;
;1;69;69255;1;2;8.0;3.0;45,7477981730;4,6116873622;
;1;974;97411;2;1;1.0;7.0; -20,8933300000;55,4704700000;
;1;69;69204;2;1;7.0;6.0;45,6934180000;4,7943410000;
;2;81;81140;1;3;1.0;7.0;43,6781700000;1,7454790000;
;1;973;97302;2;1;1.0;3.0;4,9319806829; -52,3074102402;
;1;09;09002;2;1;7.0;6.0;42,9954630000;1,8754100000;
;5;69;69388;2;1;1.0;3.0;45,7409900000;4,8626700000;
;1;86;86294;1;1;1.0;6.0;46,6443720000;0,1871510000;
;3;86;86222;1;1;1.0;6.0;46,6789560000;0,3884130000;
;1;69;69386;2;2;1.0;3.0;45,7728800000;4,8420900000;
;1;47;47326;1;3;1.0;3.0;44,5021680000;0,2405830000;
;1;972;97209;2;1;2.0;6.0;14,6051000000; -61,0603300000;
;1;47;47024;2;1;2.0;7.0;44,5359040000;0,1399040000;
;1;69;69382;2;3;1.0;6.0;45,7383700000;4,8215900000;
;1;85;85178;1;1;1.0;7.0;46,7591850000; -1,4979359000;
;5;85;85019;2;1;2.0;3.0;46,7802520000; -1,4307170000;
;1;69;69034;2;1;1.0;3.0;45,7833400000;4,8445400000;
;1;69;69384;2;3;1.0;3.0;45,7795900000;4,8115500000;
;3;49;49023;1;3;1.0;3.0;47,1644650000; -1,0803560000;
;1;49;49021;1;1;2.0;6.0;47,4360130000; -0,2233960000;
;1;971;97113;2;1;1.0;4.0;16,2070000000; -61,4845500000;
;3;14;14258;1;1;1.0;6.0;48,9048510000; -0,1813120000;
;1;971;97101;2;1;1.0;6.0;16,2681522173; -61,5072208643;
;1;29;29042;2;1;3.0;6.0;48,2322410000; -4,4998670000;
;1;35;35253;2;6;2.0;3.0;48,2578950000; -1,4004300000;
;1;971;97107;2;3;1.0;6.0;16,0444506983; -61,5651994944;
;1;27;27015;2;1;1.0;7.0;49,2307420000;1,2470390000;
;3;60;60462;1;1;2.0;1.0;49,3098617719;2,2004669569;
;1;2A;2A004;1;6;1.0;3.0;41,9297938834;8,7609883547;
;3;59;59136;1;1;3.0;2.0;50,1012030000;3,5114190000;
;1;95;95598;2;3;1.0;2.0;48,9819268779;2,2928783298;
;1;91;91027;2;1;1.0;3.0;48,7060520000;2,3724440000;
;3;59;59212;2;3;3.0;6.0;50,6449550000;2,7210180000;
;5;13;13215;1;1;1.0;2.0;43,3771900000;5,3579000000;
;1;90;90010;2;3;1.0;3.0;47,6490000000;6,8550000000;
;3;13;13022;1;1;1.0;7.0;43,2199264430;5,5810417704;
;3;13;13033;1;1;1.0;3.0;43,3805950000;5,2139590000;
;1;87;87085;2;2;1.0;3.0;45,8266100000;1,2579600000;
;3;13;13202;1;1;1.0;7.0;43,3358220000;5,3525790000;
;1;87;87085;2;1;1.0;6.0;45,8271500000;1,2620700000;
;1;13;13215;1;1;1.0;4.0;43,3664345541;5,3608052872;
;3;83;83090;1;1;1.0;3.0;43,1243540000;5,8723620000;
;1;87;87050;1;3;1.0;2.0;45,8918700000;1,1778500000;
;5;69;69034;1;1;1.0;7.0;45,7927400000;4,8730500000;
;5;69;69389;1;1;1.0;2.0;45,7674300000;4,7965900000;
;1;85;85194;2;1;1.0;6.0;46,5002900000; -1,7778800000;
;1;84;84007;2;1;1.0;6.0;43,9531800000;4,8325200000;
;3;57;57751;1;9;1.0;5.0;49,1796600000;6,1774400000;
;5;33;33318;1;1;1.0;3.0;44,7892910330; -0,6209345889;
;1;83;83137;2;1;1.0;6.0;43,1285230000;5,9140000000;
;1;33;33448;1;1;1.0;6.0;44,7193700000; -0,5217200000;
;1;83;83137;2;1;1.0;3.0;43,1350700000;5,9009800000;
;3;33;33013;1;1;1.0;1.0;44,8680400000; -0,4939580000;
;5;33;33550;1;1;2.0;6.0;44,7807130503; -0,5793195963;
;5;33;33366;1;1;1.0;2.0;45,0063000000; -0,4274580000;
;5;62;62907;1;1;2.0;7.0;50,4867500000;2,9860600000;
;1;83;83050;2;1;1.0;1.0;43,5294620000;6,4560320000;
;1;59;59508;1;1;1.0;4.0;50,7390500000;3,1331600000;
;5;79;79191;2;2;1.0;3.0;46,3360310000; -0,4520100000;
;3;91;91136;1;1;2.0;7.0;48,7120300000;2,2845500000;
;1;78;78361;2;1;1.0;6.0;48,9984480000;1,6769080000;
;1;91;91161;1;1;1.0;2.0;48,6969600000;2,3157700000;
;5;91;91377;2;1;1.0;3.0;48,7189700000;2,2989000000;
;5;78;78005;2;6;1.0;3.0;48,9617300000;2,0596200000;
;3;94;94038;1;1;1.0;2.0;48,7763427485;2,3462651211;
;1;77;77018;2;3;1.0;2.0;48,8533500000;2,8168800000;
;1;72;72181;2;6;1.0;3.0;47,9756043678;0,2175986765;
;3;78;78455;1;1;2.0;4.0;48,8526600000;2,0635800000;
;3;78;78090;1;1;1.0;1.0;48,9694640000;1,9147310000;
;1;72;72181;2;6;1.0;3.0;47,9732600000;0,2001400000;
;5;72;72181;2;9;1.0;6.0;48,0064200000;0,1927700000;
;3;78;78466;1;1;1.0;2.0;48,9237600000;2,0002300000;
;3;93;93008;1;1;2.0;3.0;48,9128400000;2,4360700000;
;2;69;69282;2;1;2.0;3.0;45,7835600000;5,0129000000;
;1;95;95527;1;1;1.0;5.0;48,9869273615;2,5071343804;
;1;69;69264;2;6;1.0;3.0;45,9939000000;4,7346200000;
;5;93;93066;1;1;1.0;2.0;48,9161940878;2,3577797413;
;1;93;93066;1;1;1.0;7.0;48,9192000000;2,3575100000;
;1;68;68297;2;1;1.0;1.0;47,5890200000;7,5540100000;
;1;93;93048;1;1;2.0;2.0;48,8696602928;2,4297243504;
;3;93;93005;1;1;2.0;6.0;48,9607700000;2,4682400000;
;3;93;93005;1;1;2.0;3.0;48,9728000000;2,4924300000;
;1;67;67218;1;3;1.0;3.0;48,5147100000;7,7060100000;
;3;93;93007;1;1;1.0;5.0;48,9200811595;2,4791443348;
;1;67;67043;2;3;1.0;3.0;48,6152200000;7,7274600000;
;5;93;93066;1;1;1.0;2.0;48,9134400000;2,3578900000;
;1;67;67180;2;1;1.0;3.0;48,8136500000;7,7840900000;
;3;93;93010;1;1;1.0;6.0;48,9049641803;2,4719104171;
;3;93;93064;1;1;1.0;4.0;48,8808658662;2,4751941032;
;3;93;93006;1;1;1.0;3.0;48,8657818159;2,4124591769;
;1;64;64445;1;3;1.0;5.0;43,3359600000; -0,3636300000;
;3;94;94046;1;1;2.0;4.0;48,8071293380;2,4487169744;
;5;64;64445;2;2;1.0;1.0;43,3081200000; -0,3765600000;
;3;94;94033;1;1;2.0;3.0;48,8577784448;2,4875039050;
;2;94;94028;1;1;1.0;3.0;48,7894964088;2,4402226391;
;1;64;64024;2;2;2.0;3.0;43,4970600000; -1,5067000000;
;1;94;94073;1;1;2.0;2.0;48,7719567548;2,3956891381;
;1;77;77249;1;1;1.0;2.0;48,7297000000;2,6078200000;
;5;59;59360;2;2;1.0;3.0;50,6089235002;3,0148619413;
;3;77;77058;1;1;1.0;6.0;48,8292400000;2,7189000000;
;5;59;59350;2;1;1.0;2.0;50,6076800000;3,0592600000;
;5;56;56121;2;1;1.0;6.0;47,7572800000; -3,3647100000;
;1;14;14731;1;3;1.0;3.0;49,3120480000;0,0460260000;
;1;14;14341;2;9;8.0;6.0;49,1412660000; -0,3384220000;
;1;54;54395;2;1;1.0;1.0;48,7031590966;6,1463570595;
;2;59;59650;2;2;1.0;6.0;50,6974611595;3,2054382563;
;2;36;36101;1;1;1.0;6.0;46,7262190000;1,5380450000;
;5;51;51454;2;1;1.0;7.0;49,2488800000;4,0655100000;
;1;74;74104;1;1;1.0;7.0;45,7825040000;6,2268230000;
;1;74;74155;1;1;1.0;6.0;46,2712600000;6,5136370000;
;1;51;51454;2;1;1.0;2.0;49,2419845842;4,0242227912;
;1;74;74213;2;1;1.0;1.0;45,9185500000;6,0829070000;
;2;50;50129;2;1;1.0;2.0;49,6296000000; -1,6180000000;
;5;74;74123;1;1;2.0;1.0;45,7559590000;6,2715890000;
;1;62;62108;2;1;1.0;6.0;50,4098330000;1,5996930000;
;1;49;49007;2;1;1.0;6.0;47,4668500000; -0,5487500000;
;1;75;75113;2;1;1.0;2.0;48,8166560000;2,3375740000;
;1;49;49007;2;1;1.0;7.0;47,4781200000; -0,5968200000;
;1;47;47001;2;1;1.0;6.0;44,2062000000;0,6335500000;
;5;75;75114;2;3;1.0;3.0;48,8221130000;2,3303400000;
;1;45;45285;2;1;1.0;2.0;47,8982700000;1,8713700000;
;5;75;75120;2;2;1.0;6.0;48,8640600000;2,3991320000;
;1;75;75115;2;3;1.0;3.0;48,8345470000;2,3057900000;
;1;45;45208;2;2;1.0;3.0;48,0020890000;2,7373950000;
;1;75;75114;2;5;1.0;6.0;48,8419503766;2,3297131062;
;1;43;43041;2;1;1.0;3.0;45,0522700000;3,9155300000;
;5;75;75113;2;1;1.0;3.0;48,8202500000;2,3440030000;
;1;42;42218;2;6;1.0;3.0;45,4209600000;4,4121300000;
;1;75;75112;2;1;1.0;5.0;48,8394070000;2,3776470000;
;1;42;42237;1;1;1.0;3.0;45,4452000000;4,4246000000;
;3;75;75112;2;4;1.0;5.0;48,8186330000;2,4430180000;
;1;75;75109;2;2;1.0;6.0;48,8741810000;2,3269430000;
;1;42;42218;2;1;1.0;5.0;45,4643684563;4,3820915222;
;5;75;75109;2;7;1.0;6.0;48,8836250465;2,3326179385;
;1;33;33063;2;1;2.0;3.0;44,8504800000; -0,5959400000;
;5;75;75103;2;2;1.0;3.0;48,8644430000;2,3515440000;
;1;33;33281;2;1;1.0;7.0;44,8264000000; -0,6716900000;
;5;75;75103;2;2;1.0;6.0;48,8558040000;2,3684930000;
;5;94;94074;2;1;1.0;2.0;48,7490400000;2,4555900000;
;1;33;33200;2;6;1.0;1.0;44,8585700000; -0,6772500000;
;5;94;94054;2;1;1.0;3.0;48,7445700000;2,4068000000;
;1;27;27229;2;3;1.0;2.0;49,0228600000;1,1406700000;
;5;93;93071;2;2;8.0;1.0;48,9397770000;2,5147420000;
;1;24;24102;1;3;1.0;3.0;45,2293600000;0,6556000000;
;1;93;93070;2;1;8.0;3.0;48,9158400000;2,3309100000;
;1;13;13039;1;1;1.0;3.0;43,4583300000;4,9486800000;
;5;93;93048;2;2;1.0;6.0;48,8576000000;2,4333800000;
;1;13;13203;2;1;1.0;3.0;43,3140000000;5,3708500000;
;1;93;93046;2;3;1.0;5.0;48,9115200000;2,5189400000;
;1;13;13213;2;3;1.0;1.0;43,3244900000;5,4555600000;
;5;93;93077;2;1;1.0;5.0;48,8843050000;2,5009680000;
;5;92;92077;2;1;1.0;7.0;48,8237520759;2,1854580045;
;1;13;13213;2;1;1.0;3.0;43,3425100000;5,4202400000;
;1;92;92064;2;1;8.0;6.0;48,8423141372;2,2212477922;
;1;974;97415;2;2;1.0;3.0; -21,0777730000;55,2685210000;
;1;13;13212;2;1;1.0;2.0;43,3000000000;5,4300000000;
;1;37;37125;2;3;1.0;3.0;47,1026920000;0,3139100000;
;5;13;13215;2;1;1.0;4.0;43,3533700000;5,3685700000;
;3;83;83058;1;1;1.0;6.0;43,5172570000;6,3394760000;
;1;10;10362;2;3;1.0;3.0;48,2897000000;4,0400889000;
;5;49;49333;2;2;1.0;3.0;47,5725100000; -0,3557660000;
;1;07;07102;2;6;1.0;6.0;44,9332100000;4,8823800000;
;3;76;76392;2;1;3.0;6.0;49,8343910000;1,4004670000;
;5;974;97422;2;6;1.0;6.0; -21,2741590000;55,5175640000;
;1;07;07102;2;1;1.0;3.0;44,9344600000;4,8773100000;
;3;68;68253;2;6;4.0;7.0;47,7832240000;7,5034530000;
;1;06;06069;2;1;1.0;7.0;43,6545180000;6,9430020000;
;3;21;21485;1;1;1.0;6.0;47,3370033090;4,9561415387;
;5;22;22305;2;1;1.0;6.0;48,2667770000; -2,1598700000;
;3;66;66141;1;1;1.0;6.0;42,7399431684;2,9411494732;
;1;06;06069;2;1;1.0;3.0;43,6389250000;6,9499650000;
;5;69;69100;1;3;1.0;3.0;45,6719320000;4,8291510000;
;1;06;06123;2;1;1.0;3.0;43,6942600000;7,1846900000;
;5;82;82110;2;1;1.0;6.0;44,1430900000;1,4226490000;
;1;89;89390;1;1;1.0;2.0;48,3167410000;3,2129440000;
;1;05;05061;2;1;1.0;3.0;44,5368500000;6,0541100000;
;4;55;55519;2;1;9.0;6.0;48,7199810000;5,2711060000;
;3;22;22074;1;1;9.0;7.0;48,3277780000; -3,0436700000;
;1;44;44003;2;1;1.0;6.0;47,3703890000; -1,1788850000;
;1;03;03185;2;2;1.0;3.0;46,3368800000;2,5744700000;
;1;75;75120;2;7;1.0;1.0;48,8639200000;2,4005140000;
;5;31;31587;1;3;1.0;3.0;43,7628070000;1,4068190000;
;2;16;16281;1;1;1.0;6.0;45,7261890000;0,3962730000;
;5;75;75118;2;2;1.0;6.0;48,8916780000;2,3446080000;
;3;16;16280;1;1;1.0;6.0;45,7541400000;0,3904220000;
;1;40;40234;1;9;1.0;7.0;43,9878280000; -0,3595450000;
;3;85;85022;1;1;1.0;5.0;46,4541190000; -1,4195039000;
;1;75;75118;2;3;1.0;6.0;48,8921560000;2,3463540000;
;1;75;75115;2;3;1.0;6.0;48,8359430000;2,2885470000;
;5;27;27103;2;2;1.0;3.0;49,3555240000;0,8187340000;
;1;75;75115;2;3;1.0;3.0;48,8353760000;2,2669290000;
;1;75;75114;2;3;1.0;2.0;48,8280300000;2,3214660000;
;5;75;75113;2;1;1.0;3.0;48,8170980000;2,3601050000;
;1;75;75111;2;3;1.0;6.0;48,8623480000;2,3853930000;
;5;75;75108;2;7;1.0;3.0;48,8647150000;2,3013600000;
;1;75;75103;2;2;1.0;3.0;48,8624850000;2,3633400000;
;5;94;94081;2;1;1.0;3.0;48,7837800000;2,4011600000;
;1;94;94081;2;2;1.0;6.0;48,7928600000;2,3931500000;
;1;93;93051;2;3;1.0;6.0;48,8463300000;2,5535000000;
;1;94;94068;2;2;1.0;3.0;48,7940367879;2,5073901415;
;1;93;93013;2;1;1.0;3.0;48,9325792948;2,4256711844;
;1;94;94052;2;1;1.0;3.0;48,8409599352;2,4824509619;