Num_Acc;lum;departement;commune;agglomeration;intersection;meteo;type_collision;lat;long;date
;1;93;93006;1;1;1.0;3.0;48,8670202732;2,4260687828;
;1;93;93066;1;1;8.0;3.0;48,9279564099;2,3575211478;
;1;93;93048;2;2;1.0;3.0;48,8569400000;2,4455100000;
;1;93;93010;1;1;1.0;2.0;48,9062533918;2,4721405579;
;1;93;93063;2;9;1.0;3.0;48,8840350000;2,4291420000;
;1;95;95582;1;1;1.0;3.0;48,9654200000;2,2601100000;
;1;92;92064;2;1;1.0;6.0;48,8460400000;2,2052900000;
;1;95;95176;1;1;1.0;6.0;48,9887910000;2,2026210000;
;1;44;44109;2;1;1.0;6.0;47,2166730000; -1,5184440000;
;1;92;92050;2;1;1.0;6.0;48,8870901083;2,1976279914;
;1;13;13103;2;1;1.0;4.0;43,6271027716;5,0961234381;
;1;92;92049;2;3;1.0;6.0;48,8138394405;2,3072469234;
;1;92;92040;2;1;1.0;2.0;48,8319339984;2,2671664059;
;5;92;92044;2;1;1.0;6.0;48,8928018786;2,2892841697;
;1;92;92026;2;1;1.0;3.0;48,9002135535;2,2740460038;
;1;63;63113;2;2;1.0;3.0;45,8096600000;3,1094300000;
;1;92;92025;2;2;1.0;3.0;48,9151322730;2,2332492024;
;1;49;49099;2;1;9.0;6.0;47,0566220549; -0,8618447185;
;1;45;45302;2;6;1.0;6.0;47,9569229534;1,8901412488;
;1;2A;2A019;1;1;1.0;3.0;42,1466690000;8,8130090000;
;1;38;38185;2;2;1.0;3.0;45,1857000000;5,7184000000;
;1;34;34032;2;1;1.0;6.0;43,3437700000;3,2215800000;
;5;95;95205;1;1;1.0;3.0;49,0229370000;2,3865440000;
;3;33;33001;1;6;2.0;6.0;45,0129200000; -0,1032650000;
;1;01;01173;1;1;1.0;3.0;46,3604490000;6,0377540000;
;1;974;97416;1;1;2.0;7.0; -21,3448920000;55,4923450000;
;2;974;97416;2;3;1.0;3.0; -21,2974900000;55,4521800000;
;5;974;97411;2;1;1.0;1.0; -20,8916100000;55,4787200000;
;1;77;77030;1;1;1.0;7.0;48,8543170000;3,3201350000;
;5;974;97411;2;6;1.0;2.0; -20,8784800000;55,4588900000;
;1;974;97409;2;1;1.0;6.0; -20,9612900000;55,6511700000;
;1;34;34270;1;1;1.0;5.0;43,5857317704;3,8421174911;
;3;973;97302;1;1;1.0;3.0;4,9055566730; -52,3204243183;
;1;95;95585;2;1;1.0;2.0;48,9914164780;2,3745542765;
;1;91;91573;2;1;1.0;2.0;48,6110720000;2,5056770000;
;1;95;95127;2;1;1.0;6.0;49,0317532034;2,0626240969;
;1;76;76340;1;1;1.0;3.0;49,7015160000;0,7856890000;
;1;91;91687;2;1;1.0;2.0;48,6583300000;2,3689200000;
;1;2B;2B286;2;1;2.0;2.0;42,4852990000;9,4798390000;
;1;91;91286;2;1;1.0;6.0;48,6478300000;2,3701500000;
;1;33;33541;1;2;1.0;3.0;45,4054780000; -1,0286300000;
;1;89;89345;1;1;1.0;7.0;47,9989140000;3,7027860000;
;1;55;55448;1;1;1.0;7.0;48,8790519041;5,3995978832;
;1;89;89387;2;2;1.0;6.0;48,1991500000;3,2825700000;
;1;86;86052;1;1;1.0;1.0;46,2930990000;0,3444280000;
;1;80;80021;1;2;1.0;6.0;49,9281100000;2,2834400000;
;1;68;68305;2;1;1.0;3.0;47,5376050000;7,1764970000;
;1;78;78517;2;1;7.0;1.0;48,6432100000;1,8343800000;
;1;25;25265;1;1;1.0;1.0;47,3174280000;5,9819910000;
;1;44;44058;1;1;1.0;6.0;47,7933230000; -1,3442800000;
;1;35;35299;2;3;1.0;3.0;48,6149060000; -1,9049420000;
;1;78;78361;2;2;1.0;6.0;48,9878560000;1,7076780000;
;1;03;03048;1;6;1.0;1.0;46,6355370000;2,7546390000;
;1;78;78361;2;1;1.0;6.0;48,9959000000;1,6761400000;
;1;70;70253;1;1;1.0;5.0;47,4556260000;5,9010400000;
;1;78;78672;2;1;1.0;1.0;48,9317620000;2,0020960000;
;1;58;58116;1;1;1.0;7.0;47,3511380000;3,6379230000;
;1;14;14593;2;2;1.0;3.0;49,2160398562;0,1360630989;
;1;50;50639;2;2;1.0;1.0;48,8271320000; -1,2346850000;
;1;09;09032;1;1;2.0;5.0;42,6870790000;1,8239700000;
;1;45;45220;2;1;1.0;1.0;48,0587180000;2,3276050000;
;1;43;43224;1;9;2.0;5.0;45,2605100000;4,1990090000;
;1;77;77320;2;2;3.0;3.0;48,8231570000;3,0375840000;
;1;30;30088;1;1;2.0;5.0;43,8608420000;4,1087690000;
;1;72;72181;2;1;8.0;6.0;48,0199500000;0,2124300000;
;3;974;97418;1;1;1.0;1.0; -20,9198360000;55,5412960000;
;1;71;71540;1;1;2.0;7.0;46,7709139314;4,4710975885;
;1;19;19275;1;1;1.0;7.0;45,5160990000;2,2666320000;
;1;42;42279;1;1;1.0;6.0;45,4782490000;4,2220870000;
;1;71;71076;2;6;1.0;3.0;46,7763400000;4,8578700000;
;1;33;33284;1;1;1.0;2.0;44,6304890000; -0,9110500000;
;2;69;69290;2;1;2.0;1.0;45,6976300000;4,9080000000;
;3;91;91111;1;1;1.0;6.0;48,6231090000;2,1355320000;
;1;77;77339;1;1;1.0;6.0;48,3736700000;2,5060420000;
;1;69;69264;2;2;1.0;6.0;45,9873000000;4,7211800000;
;1;91;91180;1;1;1.0;6.0;48,4432230000;2,4834680000;
;1;06;06091;1;1;1.0;3.0;43,7822740000;7,3989330000;
;1;68;68149;2;1;1.0;3.0;47,5928500000;7,5771700000;
;1;71;71406;1;2;1.0;3.0;46,3514380000;4,1053680000;
;1;67;67482;2;1;1.0;6.0;48,5934404938;7,7545747161;
;5;38;38474;2;2;1.0;3.0;45,2052410000;5,6831020000;
;1;67;67482;2;1;1.0;2.0;48,5733485600;7,7191340178;
;1;33;33498;1;2;1.0;3.0;44,5848280000; -0,8887340000;
;1;44;44026;1;1;1.0;3.0;47,2750820000; -1,4688720000;
;1;60;60309;1;1;1.0;7.0;49,2066008795;2,0610308646;
;1;67;67482;2;3;1.0;3.0;48,5470987730;7,7581487596;
;1;59;59184;1;9;1.0;6.0;50,7304789660;2,4325318336;
;1;64;64445;2;7;1.0;3.0;43,2965500000; -0,3743100000;
;1;59;59011;2;1;7.0;1.0;50,5293300000;2,9160550000;
;2;63;63075;2;3;1.0;3.0;45,7712700000;3,0591500000;
;1;13;13215;1;1;1.0;1.0;43,3415000000;5,3767000000;
;1;13;13211;1;1;1.0;2.0;43,2875400000;5,4403200000;
;1;63;63014;2;1;1.0;3.0;45,7603800000;3,1198800000;
;1;61;61001;2;1;1.0;6.0;48,4186500000;0,0970000000;
;1;59;59560;1;9;1.0;2.0;50,5321515429;3,0471892655;
;1;94;94034;1;1;1.0;2.0;48,7600700000;2,3210700000;
;1;59;59603;2;3;1.0;5.0;50,3305300102;3,4811063111;
;1;78;78423;1;1;1.0;2.0;48,7964200000;2,0373270000;
;1;59;59143;2;1;1.0;6.0;50,6761718606;2,8894270957;
;1;95;95252;1;1;1.0;2.0;48,9863521410;2,2422516346;
;1;95;95351;1;1;1.0;2.0;49,0300086765;2,4979090691;
;1;93;93006;1;1;1.0;6.0;48,8695473617;2,4299369253;
;1;92;92036;1;1;1.0;2.0;48,9446848956;2,2853856324;
;1;56;56162;2;6;1.0;3.0;47,7400560000; -3,4273250000;
;5;94;94065;1;1;1.0;2.0;48,7538424491;2,3542632476;
;1;56;56162;2;1;2.0;6.0;47,7273100000; -3,4075000000;
;3;77;77294;1;9;1.0;6.0;48,9715537756;2,5944922889;
;1;77;77181;1;1;1.0;4.0;48,8302997752;2,6984275937;
;1;56;56162;1;3;1.0;4.0;47,7448980000; -3,4205880000;
;1;94;94079;1;1;3.0;6.0;48,8354458972;2,5387118132;
;2;974;97416;1;1;1.0;2.0; -21,3127000000;55,4373300000;
;3;974;97411;1;1;3.0;1.0; -20,9433030000;55,4859410000;
;1;51;51454;2;3;1.0;3.0;49,2458900000;4,0589400000;
;1;973;97302;2;2;1.0;3.0;4,9392400000; -52,3183600000;
;1;69;69387;2;2;1.0;3.0;45,7532400000;4,8400600000;
;1;50;50647;2;6;1.0;3.0;48,8403700000; -1,5592000000;
;1;69;69388;2;2;1.0;3.0;45,7371100000;4,8503500000;
;1;49;49007;2;6;1.0;3.0;47,4881700000; -0,5363500000;
;1;972;97209;2;9;1.0;3.0;14,6071900000; -61,0678300000;
;1;69;69381;2;1;1.0;7.0;45,7665475223;4,8380345106;
;1;78;78401;2;1;1.0;1.0;49,0088800000;1,9053700000;
;5;49;49007;2;1;1.0;7.0;47,4726600000; -0,5479100000;
;1;77;77438;1;3;1.0;3.0;48,8612300000;2,6654100000;
;1;74;74133;2;1;1.0;6.0;46,1831000000;6,2156000000;
;1;74;74012;2;9;1.0;3.0;46,1960600000;6,2393600000;
;1;47;47031;2;9;1.0;3.0;44,1786057219;0,6325676775;
;1;64;64102;2;6;1.0;3.0;43,4913700000; -1,4959300000;
;1;45;45285;2;3;1.0;3.0;47,9216100000;1,8801500000;
;1;60;60175;2;1;1.0;6.0;49,2521250000;2,4805000000;
;1;59;59279;2;2;1.0;3.0;50,7800600000;3,1276300000;
;5;59;59350;2;7;1.0;6.0;50,6468900000;3,0077500000;
;1;45;45004;1;1;1.0;7.0;47,9934600000;2,8018100000;
;1;37;37261;2;2;7.0;3.0;47,3885600000;0,6762900000;
;1;37;37261;2;2;1.0;2.0;47,4089129995;0,7032886147;
;5;26;26362;2;6;1.0;3.0;44,9227700000;4,9329600000;
;5;13;13209;2;1;1.0;7.0;43,2459736859;5,4180466022;
;1;13;13005;2;3;1.0;3.0;43,2858105846;5,5567053698;
;1;35;35051;1;1;1.0;7.0;48,1469995916; -1,6163896769;
;1;09;09122;2;9;1.0;6.0;42,9620260000;1,6039110000;
;5;75;75120;2;1;1.0;3.0;48,8765149173;2,4096232543;
;1;35;35051;1;1;1.0;4.0;48,1077140000; -1,5966240000;
;1;75;75120;2;1;1.0;2.0;48,8491450000;2,4151400000;
;1;75;75105;2;2;1.0;3.0;48,8537750769;2,3443217576;
;1;35;35238;2;2;1.0;1.0;48,0944800000; -1,6855900000;
;1;75;75120;2;3;1.0;3.0;48,8513112228;2,4111196049;
;1;75;75120;2;2;1.0;3.0;48,8754510000;2,3979420000;
;1;75;75119;2;3;1.0;6.0;48,8764400000;2,3721380000;
;5;34;34172;1;1;3.0;6.0;43,6071070000;3,9181730000;
;2;75;75117;2;2;1.0;2.0;48,8762621996;2,2872297939;
;5;75;75117;2;2;1.0;3.0;48,8838250000;2,2951670000;
;1;33;33063;2;2;1.0;6.0;44,8362000000; -0,5824600000;
;1;75;75116;2;1;1.0;5.0;48,8565920000;2,2265400000;
;1;33;33063;2;1;1.0;6.0;44,8358100000; -0,5987700000;
;1;75;75115;2;2;1.0;3.0;48,8392627902;2,2919758922;
;5;75;75112;2;5;1.0;6.0;48,8346500000;2,4007870000;
;1;29;29232;2;1;1.0;1.0;47,9969640000; -4,1059970000;
;1;75;75111;2;2;1.0;3.0;48,8481649854;2,3990807346;
;1;29;29039;1;1;1.0;6.0;47,9035087761; -3,9107716084;
;1;75;75110;2;3;1.0;3.0;48,8763587583;2,3559846936;
;5;75;75104;2;3;1.0;6.0;48,8552110000;2,3611580000;
;1;75;75104;2;3;1.0;3.0;48,8493280000;2,3665770000;
;1;94;94044;2;3;1.0;3.0;48,7503400000;2,4828700000;
;5;94;94078;2;3;1.0;6.0;48,7388900000;2,4562700000;
;1;94;94078;2;1;1.0;7.0;48,7530500758;2,4482603072;
;1;94;94043;2;1;1.0;3.0;48,8114200000;2,3620900000;
;2;18;18033;2;2;2.0;4.0;47,0807700000;2,3829500000;
;1;94;94002;2;2;1.0;3.0;48,8142100000;2,4118100000;
;1;93;93071;2;2;1.0;3.0;48,9493730000;2,5196720000;
;1;18;18033;2;1;1.0;1.0;47,0768000000;2,4039900000;
;1;93;93001;2;2;1.0;6.0;48,9155700000;2,3998000000;
;1;01;01129;1;3;1.0;3.0;45,9638890000;5,1723500000;
;1;17;17300;2;2;1.0;3.0;46,1598200000; -1,1662100000;
;1;68;68252;2;1;1.0;6.0;48,1597450000;7,3775550000;
;1;15;15014;2;1;1.0;6.0;44,9279500000;2,4443900000;
;1;62;62397;2;3;7.0;3.0;50,8626140000;1,8811650000;
;1;01;01357;2;3;7.0;4.0;46,1768150000;5,7408880000;
;1;74;74293;1;3;1.0;6.0;46,2839550000;6,2603620000;
;1;13;13071;1;1;1.0;1.0;43,4037600000;5,2797100000;
;1;13;13103;2;6;1.0;2.0;43,6281124104;5,1123943180;
;1;74;74002;1;3;1.0;4.0;45,8176290000;6,0023550000;
;1;76;76719;2;1;1.0;3.0;49,7459480000;0,5125270000;
;3;79;79284;1;1;2.0;7.0;46,4348400000; -0,4515120000;
;1;13;13209;2;2;1.0;3.0;43,2677800000;5,4203200000;
;1;61;61474;1;1;1.0;2.0;48,7863960000; -0,0005150000;
;4;86;86281;1;1;1.0;6.0;46,7236720000;0,2137400000;
;1;13;13208;2;1;1.0;3.0;43,2595392738;5,3963636315;
;1;44;44131;2;1;1.0;6.0;47,1254710000; -2,1197790000;
;1;29;29146;1;1;1.0;7.0;47,8945710000; -3,8433690000;
;1;29;29075;2;3;1.0;6.0;48,4348751722; -4,4009817391;
;1;13;13210;2;1;1.0;3.0;43,2779200000;5,4032900000;
;1;03;03138;2;1;7.0;6.0;46,2567300000;3,6318880000;
;1;01;01454;2;1;1.0;7.0;45,7172410000;5,7107610000;
;1;72;72195;1;1;1.0;7.0;47,8349740000; -0,0286030000;
;1;13;13098;1;1;1.0;1.0;43,4615015235;4,9970626831;
;1;14;14057;2;9;1.0;3.0;49,1279820000; -0,2143190000;
;3;13;13098;1;1;1.0;6.0;43,4635900000;5,0040500000;
;3;05;05124;1;1;1.0;1.0;44,5776450000;6,1387180000;
;1;13;13001;2;1;1.0;7.0;43,4758200000;5,4138200000;
;1;18;18196;2;1;1.0;5.0;46,7631650000;2,8194870000;
;1;12;12145;2;1;3.0;6.0;44,1008400000;3,0791000000;
;1;18;18139;2;1;1.0;6.0;47,0628500000;3,0183490000;
;5;24;24229;2;1;1.0;6.0;45,1329830000;1,2135440000;
;1;13;13209;2;9;1.0;3.0;43,2455243876;5,4121506156;
;2;85;85051;2;1;1.0;6.0;46,6634700000; -1,0132200000;
;1;13;13213;2;1;1.0;2.0;43,3363667182;5,4099947039;
;1;09;09207;2;1;1.0;6.0;42,9360356424;1,6331890225;
;1;17;17459;1;2;1.0;3.0;45,9088450000; -0,4248260000;
;1;37;37099;1;1;2.0;6.0;47,3076447770;0,5701839924;
;1;13;13206;2;2;1.0;3.0;43,2901400000;5,3820400000;
;1;48;48111;1;1;2.0;6.0;44,5719670000;3,6284980000;
;1;09;09122;2;3;1.0;3.0;42,9522610000;1,6150340000;
;1;34;34082;1;1;1.0;7.0;43,6718650000;3,7613170000;
;1;08;08105;2;1;1.0;6.0;49,7784100000;4,7075200000;
;3;13;13047;1;1;1.0;2.0;43,6007000000;4,9450800000;
;1;67;67425;1;1;1.0;3.0;48,7681830000;7,3798940000;
;1;06;06083;2;1;1.0;6.0;43,7833450000;7,5144790000;
;1;10;10362;1;1;1.0;2.0;48,2986047436;4,0129655600;
;1;976;97602;1;1;1.0;1.0; -12,7297890000;45,1322220000;
;1;06;06155;2;1;1.0;6.0;43,5674700000;7,0717000000;
;1;06;06069;1;9;1.0;3.0;43,6439570000;6,9029280000;
;1;34;34101;1;9;1.0;4.0;43,3978490000;3,4712860000;
;1;03;03095;2;1;1.0;3.0;46,1346300000;3,4435400000;
;4;02;02028;1;1;1.0;6.0;49,5712500000;3,6594900000;
;5;987;98733;2;1;1.0;1.0; -17,6899310000; -149,5483490000;
;3;03;03310;2;2;1.0;3.0;46,1314000000;3,4281200000;
;1;01;01451;1;2;1.0;3.0;46,2433900000;5,1906400000;
;5;01;01053;2;2;1.0;3.0;46,1953680000;5,2252600000;
;5;67;67482;2;1;1.0;6.0;48,5759170000;7,7268700000;
;1;75;75108;2;7;1.0;3.0;48,8658570000;2,3198960000;
;5;67;67482;2;8;9.0;6.0;48,5772020000;7,7316790000;
;1;75;75105;2;3;1.0;7.0;48,8374890000;2,3463380000;
;1;988;98802;1;1;1.0;1.0; -21,9775430000;166,1981670000;
;1;75;75119;2;1;1.0;6.0;48,8918150000;2,3781360000;
;1;75;75116;2;4;1.0;3.0;48,8351810000;2,2607800000;
;1;75;75117;2;3;1.0;6.0;48,8913030000;2,3062460000;
;1;75;75116;2;1;1.0;2.0;48,8755600000;2,2894170000;
;1;75;75116;2;3;1.0;2.0;48,8738100000;2,2902340000;
;1;75;75105;2;3;1.0;6.0;48,8503260000;2,3475390000;
;1;75;75114;2;2;1.0;3.0;48,8236840000;2,3170990000;
;5;75;75106;2;2;1.0;3.0;48,8478220000;2,3295710000;
;1;75;75114;2;2;1.0;3.0;48,8249990000;2,3021500000;
;1;75;75119;2;7;1.0;3.0;48,8776540000;2,4081670000;
;1;75;75114;2;7;1.0;6.0;48,8333500000;2,3330930000;
;1;75;75119;2;1;1.0;2.0;48,8952140000;2,3765590000;
;1;75;75112;2;2;1.0;3.0;48,8434270000;2,3707130000;
;1;75;75116;2;2;1.0;6.0;48,8750870000;2,2839750000;
;1;75;75111;2;3;1.0;3.0;48,8611560000;2,3778410000;
;1;75;75115;2;2;1.0;6.0;48,8481090000;2,2901470000;
;1;75;75115;2;1;1.0;2.0;48,8441640000;2,2963680000;
;5;75;75108;2;2;1.0;3.0;48,8795010000;2,3050110000;
;1;75;75114;2;1;1.0;7.0;48,8230960000;2,3262470000;
;1;75;75107;2;1;1.0;2.0;48,8629520000;2,3176630000;
;5;75;75114;2;2;1.0;2.0;48,8207880000;2,3210580000;
;5;75;75113;2;2;1.0;6.0;48,8261250000;2,3572800000;
;5;75;75107;2;2;1.0;2.0;48,8611120000;2,3102920000;
;1;75;75112;2;1;1.0;5.0;48,8400820000;2,3936610000;
;1;75;75107;2;2;1.0;3.0;48,8540800000;2,3063540000;
;2;75;75112;2;3;1.0;6.0;48,8381990000;2,4084370000;
;1;94;94076;2;1;1.0;4.0;48,7947800000;2,3634900000;
;1;75;75112;2;4;1.0;3.0;48,8400800000;2,4367260000;
;1;75;75111;2;1;1.0;6.0;48,8598200000;2,3866020000;
;5;94;94043;2;1;1.0;6.0;48,8153900000;2,3628400000;
;1;75;75111;2;2;1.0;6.0;48,8656630000;2,3724740000;
;1;94;94073;2;1;1.0;3.0;48,7617350000;2,4003580000;
;1;75;75111;2;2;1.0;6.0;48,8587110000;2,3786000000;
;1;94;94028;2;1;1.0;3.0;48,7842000000;2,4541900000;
;1;75;75109;2;3;1.0;6.0;48,8729670000;2,3430840000;
;1;94;94022;2;3;1.0;3.0;48,7693130000;2,4023940000;
;5;75;75108;2;1;1.0;3.0;48,8758520000;2,2966500000;
;1;94;94017;2;6;1.0;3.0;48,8163900000;2,5118500000;
;1;75;75107;2;3;1.0;6.0;48,8592480000;2,3179930000;
;5;94;94017;2;1;1.0;1.0;48,8187700000;2,5215500000;
;3;93;93073;1;1;8.0;7.0;48,9913695448;2,5537705421;
;5;75;75104;2;7;1.0;6.0;48,8568080000;2,3511010000;
;1;93;93071;2;1;1.0;3.0;48,9310239316;2,5280061364;
;1;94;94081;2;1;1.0;2.0;48,7859440000;2,4080800000;
;1;93;93066;2;9;1.0;5.0;48,9154400000;2,3594550000;
;1;94;94068;2;1;1.0;1.0;48,8033800000;2,4860700000;
;1;94;94016;2;3;1.0;7.0;48,7903680000;2,3315420000;
;1;93;93062;2;6;1.0;6.0;48,8950000000;2,5137000000;
;1;94;94033;2;2;1.0;2.0;48,8565000000;2,4674000000;
;1;94;94028;2;6;1.0;6.0;48,7850700000;2,4513600000;
;1;93;93014;2;3;1.0;3.0;48,9053300000;2,5249000000;
;1;94;94011;2;3;1.0;1.0;48,7623700000;2,4786800000;
;1;94;94059;2;6;1.0;3.0;48,8160864516;2,5620531087;
;1;94;94059;2;1;1.0;6.0;48,8101400000;2,5725100000;
;1;94;94017;2;3;1.0;3.0;48,8223200000;2,4885100000;
;1;94;94017;2;1;1.0;6.0;48,8085827892;2,5511643291;
;1;94;94071;2;1;1.0;3.0;48,7770300000;2,5114400000;
;1;94;94075;2;9;1.0;3.0;48,7249030000;2,5291000000;
;1;93;93062;2;3;1.0;6.0;48,8979000000;2,5163000000;
;5;93;93077;2;2;1.0;3.0;48,8841200000;2,5102000000;
;5;93;93077;2;1;1.0;6.0;48,8830000000;2,4963300000;
;1;93;93063;2;1;1.0;6.0;48,8787487873;2,4318885058;
;1;93;93029;2;2;1.0;3.0;48,9284900000;2,4304200000;
;2;93;93027;2;1;1.0;6.0;48,9275481484;2,3917376285;
;1;93;93027;2;1;1.0;6.0;48,9214645414;2,4112317301;
;1;93;93047;2;2;1.0;3.0;48,8901900000;2,5520800000;
;1;93;93007;2;5;1.0;3.0;48,9409000000;2,4348800000;
;5;92;92073;2;1;1.0;3.0;48,8627020000;2,2123830000;
;1;92;92073;2;1;1.0;7.0;48,8704690000;2,2319070000;
;1;92;92022;2;2;7.0;6.0;48,8116000000;2,1833500000;
;1;92;92064;2;9;7.0;3.0;48,8440469667;2,2204938233;
;1;92;92049;2;1;1.0;1.0;48,8169380000;2,3254610000;
;1;92;92044;2;2;1.0;3.0;48,8959600000;2,2964600000;
;1;92;92040;2;7;1.0;2.0;48,8212700000;2,2737100000;
;1;92;92040;2;6;1.0;6.0;48,8278900000;2,2736800000;
;1;92;92036;2;1;1.0;1.0;48,9285970000;2,3113890000;
;5;92;92035;2;1;2.0;7.0;48,9056210000;2,2353710000;
;1;92;92024;2;2;1.0;6.0;48,9035880000;2,3175320000;
;1;92;92012;2;5;1.0;6.0;48,8413100000;2,2254500000;
;1;92;92004;2;3;1.0;6.0;48,9053328605;2,2826556265;
;3;09;09209;1;1;2.0;7.0;42,9959500000;1,1985490000;
;1;51;51649;2;1;1.0;7.0;48,7288550000;4,5822860000;
;1;85;85223;1;1;1.0;6.0;46,5420277000; -1,0832905700;
;1;06;06161;2;1;8.0;3.0;43,6275720000;7,1327890000;
;5;974;97404;2;1;1.0;6.0; -21,2617860000;55,3608800000;
;1;63;63001;2;1;7.0;6.0;46,0241916643;3,2053604722;
;3;52;52469;1;9;1.0;5.0;48,0390410000;5,0633240000;
;2;44;44103;1;1;1.0;3.0;47,3247650000; -2,1502680000;
;3;50;50225;1;1;5.0;6.0;48,9680000000; -1,2190000000;
;1;62;62086;1;1;1.0;3.0;50,2139880000;2,5576420000;
;1;62;62198;1;1;1.0;7.0;50,3816457135;2,5990405082;
;1;51;51535;1;1;1.0;2.0;48,7093850000;3,7476040000;
;1;56;56094;1;1;1.0;2.0;47,7619200000; -3,2929200000;
;1;76;76621;1;2;1.0;3.0;49,6368051084;1,3106564870;
;1;79;79134;2;3;1.0;2.0;46,8600370000; -0,2502310000;
;1;82;82131;1;2;1.0;3.0;44,2704950000;1,4700440000;
;1;32;32158;1;2;1.0;3.0;43,9292250000;0,7440660000;
;1;11;11363;1;1;1.0;6.0;43,0500742380;2,5880742073;
;1;61;61167;1;3;7.0;2.0;48,8337210000;0,5385660000;
;1;46;46029;2;1;1.0;6.0;44,9242780000;1,8437610000;
;3;41;41256;1;1;1.0;6.0;47,3487100000;1,9928170000;
;1;25;25050;1;2;1.0;3.0;47,1179200000;6,6138550000;
;1;29;29146;1;2;1.0;3.0;47,8892440000; -3,7975680000;
;3;29;29291;1;1;1.0;6.0;48,0951510000; -3,8583040000;
;1;31;31135;2;1;1.0;6.0;43,2071520000;1,0855280000;
;1;58;58168;1;1;1.0;7.0;46,8314770000;4,0429960000;
;1;54;54131;1;1;1.0;6.0;48,8840565910;6,1736404904;
;3;14;14403;1;1;1.0;1.0;49,1435800000;0,3682990000;
;5;60;60471;2;1;1.0;6.0;49,5867276960;2,9914705280;
;1;64;64270;1;9;1.0;3.0;43,1521860000; -0,2249520000;
;1;64;64152;2;1;1.0;6.0;43,3395180000; -0,3196230000;
;1;16;16062;1;1;1.0;7.0;45,4231690000; -0,0443530000;
;1;07;07296;1;3;1.0;2.0;44,5812440000;4,3918810000;
;3;04;04094;1;1;1.0;6.0;43,7868340000;5,8236980000;
;1;17;17093;2;2;1.0;3.0;45,8860840000; -1,1958580000;
;1;37;37267;2;1;1.0;2.0;47,3620470000;0,8022170000;
;3;52;52033;1;1;1.0;7.0;47,9718380000;5,5450490000;
;2;49;49323;1;1;1.0;2.0;47,5063020000; -0,4757810000;
;1;72;72375;1;1;1.0;2.0;48,1267799789;0,6247115133;
;1;38;38485;2;1;1.0;3.0;45,1802860000;5,6966530000;
;1;34;34031;1;1;1.0;2.0;43,3637420000;3,3788740000;
;1;973;97311;2;1;1.0;6.0;5,4968915971; -54,0316079557;
;5;971;97117;2;2;1.0;1.0;16,3278130000; -61,3458540000;
;1;45;45042;2;2;1.0;4.0;47,8088930000;2,4112520000;
;1;77;77196;1;1;1.0;6.0;48,9476910000;2,7309500000;
;1;2A;2A247;2;1;1.0;3.0;41,5983230000;9,2741510000;
;1;30;30258;1;1;1.0;1.0;43,7103850000;4,4222970000;
;1;13;13081;2;1;1.0;3.0;43,4877780000;5,2354310000;
;5;71;71176;2;2;5.0;6.0;46,4814510000;3,9719920000;
;1;57;57442;1;2;1.0;3.0;49,0008760000;6,5097000000;
;1;57;57701;2;1;1.0;1.0;49,0936060000;6,0953670000;
;1;63;63470;2;1;1.0;1.0;45,8797130000;3,0008930000;
;1;44;44035;2;1;7.0;6.0;47,2999770000; -1,5527630000;
;1;17;17161;1;1;1.0;1.0;46,1738800000; -1,3296840000;
;4;56;56237;2;1;1.0;6.0;48,0156820000; -2,9529020000;
;1;35;35280;1;2;1.0;1.0;48,3448200000; -1,3397310000;
;1;62;62832;2;1;7.0;1.0;50,5184540000;1,7030470000;
;5;59;59419;2;4;1.0;3.0;50,5248600000;3,2829170000;
;1;59;59320;2;1;1.0;2.0;50,5488630000;2,8253750000;
;3;13;13081;1;1;1.0;2.0;43,4913000000;5,2395000000;
;1;13;13214;1;1;1.0;2.0;43,3357900000;5,3769600000;
;1;83;83027;1;9;1.0;2.0;43,2026870000;5,7308370000;
;3;57;57672;1;9;1.0;3.0;49,3657900000;6,1069600000;
;1;91;91553;1;1;1.0;4.0;48,6315200000;2,5029200000;
;1;92;92002;1;1;1.0;4.0;48,7605783397;2,2919127345;
;1;94;94065;1;1;1.0;2.0;48,7508017306;2,3554256350;
;1;78;78126;1;1;1.0;5.0;48,8390530000;2,1202990000;
;1;94;94017;1;1;1.0;2.0;48,8302008945;2,4957669959;
;1;94;94073;1;1;1.0;4.0;48,7639305386;2,3806452928;
;1;58;58194;2;1;1.0;1.0;46,9792400000;3,1259400000;
;1;987;98735;2;1;1.0;3.0; -17,5522600000; -149,5715600000;
;1;974;97416;1;1;1.0;4.0; -21,3012900000;55,5030000000;
;5;973;97302;2;1;1.0;7.0;4,9412908343; -52,3213389516;
;5;69;69387;2;1;1.0;6.0;45,7506200000;4,8492800000;
;2;69;69386;2;1;1.0;5.0;45,7859100000;4,8546700000;
;1;972;97209;2;9;1.0;2.0;14,6077800000; -61,0691800000;
;1;972;97209;2;1;1.0;6.0;14,6133200000; -61,0523600000;
;1;69;69382;2;1;1.0;3.0;45,7529000000;4,8334000000;
;1;69;69389;2;1;1.0;7.0;45,7801273052;4,7933453323;
;1;2B;2B033;1;1;1.0;2.0;42,6990300000;9,4365900000;
;1;971;97101;1;1;1.0;6.0;16,2494478600; -61,5030366182;
;1;971;97105;2;3;1.0;1.0;16,0063600000; -61,7359500000;
;1;95;95280;2;1;1.0;6.0;49,0381586583;2,4678066373;
;1;91;91692;2;1;1.0;3.0;48,6846200000;2,1950500000;
;1;91;91286;2;1;7.0;3.0;48,6501800000;2,3740100000;
;1;89;89387;2;1;1.0;6.0;48,2048600000;3,2861700000;
;2;86;86214;1;1;1.0;2.0;46,5631190000;0,3453720000;
;1;85;85191;2;2;1.0;3.0;46,6679260000; -1,4266580000;
;1;83;83137;2;6;1.0;3.0;43,1187400000;5,9457300000;
;1;83;83129;2;1;1.0;2.0;43,0991837179;5,8281344175;
;1;78;78440;2;1;1.0;6.0;48,9813310000;1,9159880000;
;1;78;78498;2;1;1.0;6.0;48,9280500000;2,0424040000;
;1;77;77495;1;1;2.0;1.0;48,5929700000;2,6053300000;
;1;77;77307;2;1;1.0;4.0;48,8777610000;2,7354410000;
;1;77;77014;2;2;1.0;3.0;48,4132200000;2,7198000000;
;1;76;76351;2;1;1.0;7.0;49,4889900000;0,1347100000;
;5;72;72181;2;3;2.0;3.0;47,9714200000;0,2135000000;
;1;72;72181;2;1;1.0;4.0;47,9780200000;0,2133900000;
;1;71;71153;2;1;8.0;1.0;46,7958300000;4,4215800000;
;1;69;69282;2;3;1.0;3.0;45,7775700000;5,0004200000;
;1;69;69275;2;8;1.0;6.0;45,7649600000;4,9375400000;
;1;67;67482;2;1;1.0;3.0;48,5905100000;7,7675500000;
;1;66;66136;2;6;1.0;2.0;42,6699950266;2,9051193595;
;1;64;64284;2;6;1.0;3.0;43,2929400000; -0,3866000000;
;5;64;64445;2;1;1.0;6.0;43,3004800000; -0,3751400000;