Num_Acc;lum;departement;commune;agglomeration;intersection;meteo;type_collision;lat;long;date
;1;82;82121;2;3;1.0;3.0;44,0169500000;1,3605300000;
;1;987;98748;2;1;2.0;1.0; -17,7432510000; -149,3277810000;
;1;75;75115;2;2;1.0;3.0;48,8466920000;2,2889160000;
;3;77;77296;2;1;5.0;6.0;48,6038400000;2,5865900000;
;1;75;75117;2;1;1.0;2.0;48,8852853384;2,2870995104;
;5;75;75113;2;1;1.0;3.0;48,8381210000;2,3704800000;
;1;75;75105;2;4;8.0;6.0;48,8391435268;2,3509696126;
;1;77;77449;1;1;1.0;6.0;48,8495500000;2,7783600000;
;5;75;75112;2;3;1.0;6.0;48,8452970000;2,3794950000;
;1;77;77111;2;1;1.0;7.0;48,8817900000;2,7535600000;
;5;75;75106;2;1;1.0;6.0;48,8443460000;2,3224290000;
;3;988;98814;1;1;1.0;2.0; -20,7769300000;167,2097470000;
;5;77;77058;2;6;1.0;6.0;48,8330600000;2,6944300000;
;1;75;75111;2;3;1.0;3.0;48,8645720000;2,3658350000;
;1;976;97615;2;6;1.0;3.0; -12,7921800000;45,2802020000;
;1;76;76486;1;1;1.0;6.0;49,3176812070;0,9893703461;
;5;75;75105;2;2;2.0;6.0;48,8494492478;2,3544175923;
;1;76;76540;2;1;8.0;1.0;49,4433800000;1,1309400000;
;1;75;75111;2;2;1.0;2.0;48,8603060000;2,3786630000;
;1;973;97311;2;1;1.0;3.0;5,4663280000; -54,0232550000;
;1;71;71076;2;1;1.0;6.0;46,7848584613;4,8552940786;
;1;29;29002;1;1;1.0;7.0;47,9060549460; -3,4210571050;
;1;75;75120;2;2;1.0;4.0;48,8559010852;2,4100694060;
;5;75;75111;2;4;1.0;6.0;48,8581560000;2,3822040000;
;1;69;69286;2;1;1.0;6.0;45,8173300000;4,9018500000;
;3;2A;2A247;1;1;1.0;1.0;41,5800920000;9,1993980000;
;1;75;75120;2;2;1.0;6.0;48,8527910000;2,4066420000;
;5;64;64445;2;1;1.0;3.0;43,3054400000; -0,3743600000;
;5;75;75110;2;7;1.0;3.0;48,8779070000;2,3516410000;
;1;42;42147;2;1;1.0;3.0;45,5990410000;4,0935120000;
;1;64;64445;2;1;1.0;1.0;43,3174100000; -0,3532200000;
;1;75;75119;2;1;1.0;3.0;48,8940715033;2,3730106652;
;1;38;38468;2;1;1.0;2.0;45,3416720000;4,8040620000;
;1;75;75108;2;7;1.0;2.0;48,8734990000;2,2958740000;
;1;64;64445;2;3;1.0;3.0;43,3068250000; -0,3664340000;
;1;75;75119;2;1;1.0;6.0;48,8820490000;2,3713940000;
;5;75;75115;2;3;1.0;3.0;48,8529070000;2,2865700000;
;1;75;75117;2;3;1.0;3.0;48,8888938138;2,3012749851;
;1;64;64445;2;1;1.0;2.0;43,2966200000; -0,3872300000;
;1;75;75117;2;4;1.0;3.0;48,8780010000;2,2943209432;
;1;75;75107;2;1;1.0;1.0;48,8577160000;2,2915690000;
;1;69;69227;1;1;8.0;6.0;45,6418130000;4,5588540000;
;1;75;75116;2;7;1.0;3.0;48,8740420162;2,2942382097;
;1;75;75102;2;7;1.0;2.0;48,8685390000;2,3419220000;
;1;75;75115;2;1;1.0;1.0;48,8471930000;2,3005330000;
;5;17;17283;2;3;1.0;6.0;45,5734300000; -0,5553350000;
;1;94;94068;2;9;1.0;6.0;48,7855510000;2,4826960000;
;1;75;75112;2;6;1.0;3.0;48,8406834886;2,4347443879;
;1;94;94016;2;3;1.0;3.0;48,7930900000;2,3356400000;
;3;50;50041;1;1;2.0;1.0;49,5948980000; -1,7697000000;
;1;75;75112;2;1;1.0;6.0;48,8348730000;2,3810930000;
;3;80;80561;1;1;1.0;7.0;49,6551830000;2,5703290000;
;1;94;94079;2;3;1.0;1.0;48,8253682291;2,5423023105;
;5;75;75112;2;3;8.0;6.0;48,8433450000;2,3913260000;
;3;13;13015;1;1;1.0;3.0;43,4366400000;5,3959800000;
;1;13;13212;1;1;1.0;2.0;43,2977600000;5,4249700000;
;5;94;94071;2;3;1.0;3.0;48,7738200000;2,5171600000;
;1;75;75111;2;2;1.0;3.0;48,8558222586;2,3684991896;
;3;69;69297;1;1;1.0;2.0;45,6152500000;4,8098800000;
;1;93;93071;2;1;1.0;6.0;48,9381200000;2,5345900000;
;1;91;91434;1;1;2.0;2.0;48,6693100000;2,3504600000;
;5;75;75111;2;3;1.0;3.0;48,8666109347;2,3812812567;
;3;91;91377;1;1;2.0;3.0;48,7308200000;2,2410100000;
;1;93;93071;2;2;1.0;3.0;48,9396700000;2,5126800000;
;1;78;78362;1;1;1.0;4.0;48,9776400000;1,7119600000;
;1;93;93053;2;1;1.0;2.0;48,8920600000;2,4438900000;
;1;75;75111;2;2;1.0;3.0;48,8675100000;2,3757440000;
;1;78;78402;1;1;1.0;6.0;48,9642850000;1,7975340000;
;3;78;78646;1;1;2.0;6.0;48,7931800000;2,0752900000;
;1;75;75111;2;1;1.0;6.0;48,8705888999;2,3765686154;
;3;78;78117;1;1;1.0;6.0;48,7882170000;2,1410620000;
;5;93;93049;2;5;1.0;3.0;48,8582500000;2,5020100000;
;1;93;93027;1;1;1.0;6.0;48,9361500000;2,4042970000;
;1;75;75110;2;1;1.0;6.0;48,8738338479;2,3706878722;
;1;93;93064;2;9;1.0;3.0;48,8781499554;2,4736678004;
;3;95;95424;1;1;1.0;4.0;48,9913000000;2,1919600000;
;1;75;75110;2;2;1.0;6.0;48,8738260000;2,3505130000;
;1;93;93048;2;1;1.0;6.0;48,8620410000;2,4453950000;
;1;75;75109;2;2;1.0;6.0;48,8787555584;2,3453141749;
;3;60;60494;1;1;1.0;2.0;49,1136530000;2,5539660000;
;1;93;93048;2;2;1.0;3.0;48,8574200000;2,4400700000;
;1;75;75109;2;2;7.0;6.0;48,8775850000;2,3407780000;
;1;77;77237;1;1;8.0;2.0;48,8308954163;2,7605978102;
;1;93;93031;2;2;1.0;3.0;48,9616600000;2,2949700000;
;1;93;93010;2;1;1.0;6.0;48,8983875768;2,4929680140;
;5;75;75102;2;2;1.0;3.0;48,8714874858;2,3430651426;
;1;75;75108;2;1;1.0;6.0;48,8707190000;2,3114360000;
;1;93;93057;2;1;1.0;2.0;48,9099040000;2,5078040000;
;1;83;83129;2;1;1.0;6.0;43,0939930000;5,8389600000;
;2;75;75108;2;2;1.0;6.0;48,8752039785;2,2984734178;
;2;92;92051;2;2;1.0;3.0;48,8893427973;2,2728966772;
;1;75;75108;2;2;8.0;6.0;48,8765600000;2,3016970000;
;1;92;92049;2;3;1.0;3.0;48,8120252647;2,3007870912;
;1;75;75108;2;2;1.0;2.0;48,8741950000;2,3175270000;
;1;75;75108;2;1;1.0;6.0;48,8696790000;2,3079720000;
;1;92;92044;2;2;1.0;3.0;48,9004272541;2,2832652926;
;1;65;65130;1;1;1.0;7.0;43,5702470000; -0,0087870000;
;1;75;75107;2;2;2.0;3.0;48,8517660000;2,3138620000;
;1;75;75102;2;5;1.0;3.0;48,8677686587;2,3454610258;
;2;71;71446;1;1;1.0;6.0;46,5789370000;4,5281050000;
;1;75;75104;2;2;1.0;6.0;48,8583470000;2,3519360000;
;1;84;84027;1;4;1.0;2.0;44,0930640000;4,7623750000;
;1;94;94081;2;1;1.0;3.0;48,7990000000;2,4000000000;
;5;83;83036;2;9;1.0;6.0;43,1763670000;6,5345960000;
;1;94;94067;2;1;1.0;6.0;48,8465800000;2,4164700000;
;1;74;74112;2;2;1.0;3.0;45,9374790000;6,0780890000;
;1;75;75112;2;2;1.0;3.0;48,8445511322;2,4387663603;
;1;51;51559;2;1;1.0;1.0;49,1277630000;4,5362610000;
;1;94;94068;2;1;1.0;7.0;48,7981000000;2,4880000000;
;1;37;37188;1;1;1.0;2.0;47,0785880391;0,5863738060;
;1;94;94058;2;2;1.0;3.0;48,8350700000;2,5013100000;
;1;41;41278;1;1;1.0;1.0;47,6617260000;0,9622610000;
;1;94;94058;2;1;1.0;3.0;48,8500800000;2,4956200000;
;1;94;94043;2;1;1.0;3.0;48,8072500000;2,3546400000;
;3;51;51413;1;1;1.0;1.0;49,0276650000;4,0385380000;
;1;94;94076;2;1;1.0;2.0;48,8000000000;2,3500000000;
;1;59;59135;1;3;1.0;7.0;50,7762873463;2,4790102243;
;1;94;94028;2;1;1.0;6.0;48,7827000000;2,4589000000;
;2;74;74256;2;4;1.0;3.0;45,9316570000;6,6342560000;
;2;94;94054;2;1;1.0;6.0;48,7485874782;2,4054853973;
;1;94;94022;2;1;2.0;7.0;48,7725400000;2,4002700000;
;1;2B;2B123;2;1;1.0;3.0;42,0396846866;9,4226575807;
;1;94;94004;2;3;1.0;1.0;48,7501300000;2,5042400000;
;3;82;82135;1;1;1.0;1.0;43,8827460000;1,4460650000;
;1;94;94047;2;3;1.0;7.0;48,7055500000;2,5529500000;
;1;93;93073;2;3;1.0;3.0;48,9642800000;2,5655200000;
;1;71;71300;1;2;1.0;3.0;46,5256970000;5,3218890000;
;1;63;63003;1;1;1.0;6.0;45,5384993410;3,7662479281;
;1;93;93078;2;3;1.0;3.0;48,9560300000;2,5532700000;
;1;46;46145;1;1;1.0;3.0;44,9018670000;1,4779180000;
;1;93;93078;2;6;1.0;2.0;48,9606269324;2,5563099235;
;1;44;44006;1;1;1.0;1.0;47,4444560000; -2,4434120000;
;1;93;93072;2;3;1.0;1.0;48,9568699527;2,3792548478;
;1;29;29067;2;1;1.0;7.0;48,5205270000; -3,5904980000;
;1;93;93072;2;1;1.0;3.0;48,9621368505;2,3799213767;
;1;29;29220;1;6;1.0;3.0;47,8807150000; -4,2173980000;
;2;93;93070;2;1;1.0;4.0;48,9143100000;2,3178300000;
;1;02;02159;1;3;1.0;1.0;49,5510110000;3,2503600000;
;1;93;93070;2;1;1.0;2.0;48,9148873254;2,3317220807;
;1;72;72386;1;6;1.0;7.0;48,0094200000;0,3059430000;
;1;93;93055;2;1;1.0;3.0;48,9007202094;2,4114668369;
;3;06;06036;1;1;1.0;7.0;43,8295570000;7,4773880000;
;1;14;14316;1;1;1.0;6.0;49,2653183925; -0,0407145917;
;1;93;93055;2;1;7.0;3.0;48,8991334212;2,4082401395;
;1;50;50389;1;1;1.0;7.0;49,0077560000; -1,3662740000;
;1;93;93048;2;1;1.0;6.0;48,8678951921;2,4296666981;
;1;45;45313;1;1;1.0;6.0;48,0642190000;1,7946610000;
;1;73;73300;2;1;1.0;2.0;45,6897200000;5,8957810000;
;1;43;43174;1;1;7.0;2.0;44,9922940000;3,8301460000;
;1;93;93063;2;1;1.0;4.0;48,8803645553;2,4364442378;
;1;40;40034;1;2;1.0;3.0;43,5912840000; -1,1468110000;
;1;93;93032;2;9;1.0;6.0;48,8868800000;2,5442500000;
;1;93;93029;2;1;1.0;6.0;48,9170982989;2,4456502497;
;1;04;04116;1;3;1.0;2.0;44,0461510000;6,0193360000;
;1;93;93029;2;1;1.0;6.0;48,9209400000;2,4536100000;
;1;27;27290;1;2;1.0;3.0;49,1350590000;0,7935690000;
;1;93;93071;2;1;1.0;6.0;48,9413180000;2,5123940000;
;1;93;93001;2;1;1.0;3.0;48,9089384346;2,3868602514;
;1;17;17337;1;1;1.0;1.0;45,9752000000; -1,3204060000;
;1;37;37241;2;1;1.0;6.0;47,4471819856;0,3186061978;
;1;93;93001;2;2;1.0;3.0;48,9025410000;2,3709230000;
;1;30;30062;1;1;7.0;7.0;43,8026640000;4,1552780000;
;3;13;13050;1;1;1.0;7.0;43,6633310000;5,2620010000;
;1;92;92078;2;1;1.0;2.0;48,9277560000;2,3308650000;
;1;92;92078;2;1;1.0;6.0;48,9356775480;2,3355702460;
;1;13;13091;2;2;1.0;1.0;43,6195380000;5,3035480000;
;1;92;92072;2;1;3.0;3.0;48,8256928573;2,2274005115;
;1;38;38212;1;1;1.0;7.0;45,1144810000;5,9598680000;
;1;92;92064;2;1;1.0;3.0;48,8429205858;2,2127712071;
;1;92;92063;2;1;1.0;3.0;48,8871176216;2,1812112629;
;1;22;22044;1;1;7.0;5.0;48,4760860000; -2,5830960000;
;1;92;92049;2;1;1.0;3.0;48,8167590417;2,3066318929;
;1;27;27517;1;1;1.0;5.0;49,1073300000;1,3424240000;
;1;92;92049;2;2;1.0;3.0;48,8198377040;2,3107769787;
;1;92;92040;2;1;1.0;6.0;48,8242518248;2,2678522467;
;1;11;11202;1;9;1.0;3.0;42,9327990000;3,0060910000;
;5;978;97801;1;1;1.0;3.0;18,0574160000; -63,0854700000;
;1;92;92025;2;3;1.0;3.0;48,9334610206;2,2643981650;
;3;29;29233;1;1;1.0;6.0;47,8361620000; -3,5814410000;
;1;92;92025;2;1;1.0;3.0;48,9156320000;2,2277840000;
;1;37;37100;2;1;1.0;2.0;47,2806956447;1,1094528437;
;1;92;92025;2;2;1.0;3.0;48,9146226344;2,2290211022;
;1;91;91175;1;1;1.0;7.0;48,4903450000;1,9570680000;
;2;2B;2B042;1;1;1.0;2.0;42,5526340000;9,4608750000;
;1;92;92025;2;1;1.0;2.0;48,9306210000;2,2551500000;
;1;92;92024;2;1;1.0;6.0;48,8997108156;2,3055347353;
;1;2A;2A247;1;1;1.0;1.0;41,5669130000;9,2547580000;
;1;92;92012;2;2;1.0;3.0;48,8293420487;2,2441483587;
;1;66;66008;1;3;1.0;3.0;42,5356700000;3,0478640000;
;1;34;34023;2;1;1.0;6.0;43,4486486328;3,6857344071;
;5;92;92012;2;2;3.0;3.0;48,8361700000;2,2366300000;
;1;21;21297;1;1;1.0;6.0;47,1817350000;4,9950460000;
;1;92;92004;2;1;1.0;6.0;48,9318453606;2,2820072025;
;1;74;74003;1;6;1.0;2.0;45,8916290000;6,2509950000;
;1;92;92014;2;1;7.0;6.0;48,7784740727;2,3133801967;
;1;26;26088;2;3;1.0;2.0;45,0295400000;5,0760600000;
;1;27;27213;1;2;1.0;3.0;49,2050510000;1,5084740000;
;3;07;07341;1;1;1.0;6.0;44,5636280000;4,4888860000;
;1;69;69072;1;1;1.0;6.0;45,8131840000;4,7509000000;
;1;27;27410;1;1;1.0;6.0;49,0134700000;1,2620010000;
;1;60;60107;1;2;1.0;2.0;49,3491010000;2,4356390000;
;1;65;65123;1;1;2.0;7.0;42,9365400000;0,2089920000;
;1;59;59449;1;1;1.0;3.0;50,4695550000;3,2265390000;
;1;14;14679;1;3;1.0;3.0;49,2390200000; -0,7482300000;
;1;83;83090;1;1;1.0;3.0;43,1259100000;5,8794500000;
;1;29;29124;2;1;1.0;6.0;48,5725750000; -4,3177340000;
;1;29;29046;2;3;1.0;5.0;48,0788820000; -4,3222190000;
;1;80;80185;2;4;1.0;1.0;49,6922410000;2,8515690000;
;3;57;57343;1;1;1.0;2.0;49,3206300000;6,1831700000;
;1;13;13070;1;1;1.0;1.0;43,2856700000;5,5126500000;
;3;33;33192;1;1;1.0;2.0;44,7900300000; -0,6081200000;
;1;83;83144;1;1;1.0;2.0;43,1356100000;5,9915800000;
;1;33;33013;1;1;1.0;2.0;44,8438650000; -0,5012220000;
;1;33;33003;1;1;1.0;2.0;44,9277900000; -0,4710700000;
;1;54;54462;1;1;1.0;4.0;48,6039700000;6,3577000000;
;1;33;33013;1;1;1.0;4.0;44,8543190000; -0,5051460000;
;5;94;94043;1;1;1.0;4.0;48,8062620369;2,3459029848;
;1;92;92036;1;1;1.0;2.0;48,9352904563;2,2839322475;
;2;91;91064;1;1;1.0;3.0;48,7489300000;2,2146800000;
;1;78;78158;1;1;1.0;3.0;48,8401300000;2,1110200000;
;1;91;91553;1;1;1.0;2.0;48,6253300000;2,4725800000;
;3;95;95028;1;1;1.0;6.0;49,0636410084;2,3328459263;
;1;94;94034;1;1;1.0;6.0;48,7558231545;2,3383867154;
;1;77;77294;1;1;1.0;6.0;48,9732300000;2,5902800000;
;1;91;91340;1;1;1.0;3.0;48,6099400000;2,4426200000;
;5;31;31555;2;1;1.0;6.0;43,5587340000;1,4103460000;
;1;94;94076;1;1;1.0;5.0;48,7854319590;2,3457308279;
;1;14;14726;1;1;1.0;6.0;48,9229110000; -0,7526620000;
;1;78;78466;1;1;1.0;3.0;48,9277060000;1,9916800000;
;1;974;97411;1;4;1.0;7.0; -20,8756800000;55,4324900000;
;1;92;92050;1;1;1.0;7.0;48,8954657962;2,1940928399;
;1;973;97302;2;2;1.0;1.0;4,9327881559; -52,3337025940;
;1;78;78640;1;1;1.0;4.0;48,7812580000;2,1705110000;
;1;973;97302;1;1;1.0;7.0;4,9060000000; -52,3215100000;
;1;69;69386;2;1;1.0;3.0;45,7679416089;4,8589505239;
;1;78;78133;1;1;1.0;4.0;48,8927100000;2,0086300000;
;1;972;97213;2;1;1.0;2.0;14,5953400000; -60,9860500000;
;1;92;92050;1;1;1.0;3.0;48,9153626913;2,2204385940;
;1;69;69381;2;1;1.0;3.0;45,7670351971;4,8321191944;
;1;95;95277;1;1;1.0;6.0;48,9771400000;2,4754900000;
;1;95;95604;1;1;1.0;3.0;49,1054600000;2,5513100000;
;1;971;97101;1;1;1.0;5.0;16,2666900000; -61,4854700000;
;1;77;77122;1;1;1.0;6.0;48,6522560000;2,6134660000;
;1;83;83118;2;1;1.0;3.0;43,4504109482;6,7799592018;
;1;77;77363;1;1;1.0;6.0;48,9235200000;2,6299500000;
;5;81;81060;1;9;1.0;6.0;44,0570500000;2,1749200000;
;1;976;97611;2;1;1.0;6.0; -12,7936800000;45,2096200000;
;1;81;81244;2;2;1.0;6.0;44,0520900000;2,1290700000;
;1;37;37232;1;1;1.0;6.0;47,2894360000;0,3288550000;
;1;67;67046;2;1;1.0;6.0;48,7701850000;7,8524940000;
;1;77;77186;2;1;1.0;6.0;48,4035600000;2,7015200000;
;1;74;74042;2;6;1.0;3.0;46,0740570000;6,4025620000;
;1;69;69266;2;2;1.0;3.0;45,7696400000;4,8711000000;
;1;83;83017;2;1;1.0;1.0;43,2420570000;6,0027890000;
;1;69;69256;2;1;1.0;3.0;45,7866700000;4,9216800000;
;1;31;31157;2;3;1.0;3.0;43,5419910000;1,3543400000;
;1;69;69271;2;1;1.0;6.0;45,7462460537;4,9803738312;
;5;33;33051;2;6;1.0;6.0;44,6325360000; -0,9796390000;
;1;22;22299;1;1;1.0;7.0;48,4568430000; -1,9843630000;
;1;81;81004;2;1;1.0;6.0;43,9310900000;2,1635200000;
;5;68;68166;2;5;1.0;1.0;47,7813210000;7,3298240000;
;1;13;13216;2;2;1.0;1.0;43,3567358412;5,3431657548;
;1;65;65433;2;1;1.0;1.0;43,2041010000;0,0975420000;
;1;13;13019;1;1;1.0;2.0;43,4243170663;5,3750648614;
;1;64;64445;2;1;1.0;1.0;43,3024800000; -0,3526600000;
;1;13;13071;1;1;1.0;2.0;43,3976829819;5,2865259922;
;1;13;13106;1;1;1.0;5.0;43,3913439600;5,3510158055;
;3;61;61466;1;1;1.0;7.0;48,7352000000; -0,5272500000;
;3;69;69152;1;1;1.0;2.0;45,6951500000;4,8412000000;
;1;56;56243;2;1;1.0;1.0;47,6535000000; -2,7345500000;
;1;69;69283;1;1;1.0;2.0;45,6779400000;4,9584800000;
;5;54;54395;2;1;1.0;3.0;48,6850000000;6,1961205000;
;1;33;33065;1;1;1.0;2.0;44,8101600000; -0,5235500000;
;1;51;51454;2;1;1.0;3.0;49,2830900000;4,0110300000;
;1;33;33063;1;1;1.0;4.0;44,8849000000; -0,5613000000;
;1;59;59234;1;1;2.0;2.0;50,3986200000;3,0924700000;
;2;37;37233;2;1;1.0;6.0;47,3915000000;0,7256300000;
;1;62;62351;1;1;1.0;6.0;50,4313300000;2,8891900000;
;1;91;91549;1;1;1.0;7.0;48,6258800000;2,3398300000;
;1;35;35238;2;6;1.0;2.0;48,0868000000; -1,6820600000;
;2;91;91363;1;1;1.0;7.0;48,6533690000;2,1761830000;
;3;92;92002;1;9;2.0;3.0;48,7604500000;2,2903690000;
;1;35;35238;2;2;1.0;3.0;48,1164100000; -1,7097100000;
;3;91;91432;1;1;2.0;7.0;48,6939300000;2,3200700000;
;1;34;34129;1;1;1.0;6.0;43,5854700000;3,9198000000;
;1;92;92062;1;1;1.0;6.0;48,8878652807;2,2502447516;
;5;33;33550;2;3;1.0;3.0;44,7786700000; -0,5661600000;
;1;92;92063;1;1;1.0;3.0;48,8910645642;2,1744392216;
;1;33;33063;2;1;1.0;3.0;44,8357969502; -0,5642831326;
;1;92;92036;1;1;1.0;2.0;48,9390465105;2,3061312878;
;1;33;33529;2;1;1.0;2.0;44,6334900000; -1,1616100000;
;1;93;93005;1;1;1.0;2.0;48,9300300000;2,4814300000;
;1;93;93053;1;1;1.0;2.0;48,8842400000;2,4583300000;
;1;93;93008;1;1;1.0;3.0;48,9146400000;2,4315600000;
;1;32;32013;2;1;1.0;7.0;43,6490000000;0,5906000000;
;1;93;93008;1;1;1.0;2.0;48,9116200000;2,4406800000;
;1;22;22187;1;1;1.0;4.0;48,5250400000; -2,7669700000;
;2;93;93066;1;1;1.0;2.0;48,9115100000;2,3580000000;
;1;13;13043;1;9;7.0;2.0;43,3928166182;5,2048425212;
;1;93;93006;1;1;1.0;2.0;48,8659962227;2,4216624911;
;1;13;13103;2;1;1.0;6.0;43,6378073502;5,0981219220;
;3;17;17353;2;1;5.0;7.0;45,9846950000; -1,0486310000;
;1;93;93066;1;1;1.0;4.0;48,9165900000;2,3578000000;
;1;13;13203;2;2;1.0;3.0;43,3091898327;5,3717264704;
;3;48;48132;1;1;1.0;6.0;44,8258920000;3,3741140000;
;1;93;93066;1;1;1.0;2.0;48,9229344984;2,3450405446;
;1;13;13203;2;1;1.0;3.0;43,3107701407;5,3890760012;
;1;93;93005;1;1;2.0;3.0;48,9729300000;2,4928700000;
;5;13;13210;2;1;1.0;6.0;43,2808180000;5,4073450000;
;3;72;72024;1;1;9.0;6.0;48,1066290000;0,1615330000;
;1;11;11069;1;1;1.0;7.0;43,2210700000;2,2999400000;
;1;95;95277;1;1;1.0;3.0;48,9801841251;2,4981772900;
;4;07;07316;1;1;1.0;7.0;44,9085100000;4,8662100000;
;1;95;95218;1;1;2.0;4.0;49,0357400000;2,0960500000;
;1;75;75120;2;1;1.0;4.0;48,8660490000;2,4132040000;
;1;92;92036;1;1;1.0;3.0;48,9383700387;2,3001401108;
;1;75;75119;2;3;1.0;6.0;48,8861060000;2,3830920000;
;1;93;93064;1;1;1.0;3.0;48,8858500000;2,4727000000;
;1;73;73241;1;1;5.0;5.0;45,6104940000;6,2921200000;
;5;75;75117;2;2;1.0;5.0;48,8918270000;2,3016100000;
;1;93;93005;1;1;1.0;2.0;48,9605593492;2,4679698413;
;2;35;35045;1;1;7.0;2.0;47,8014049089; -1,9732998312;
;3;95;95252;1;1;1.0;2.0;48,9836500000;2,2186300000;
;1;75;75115;2;2;1.0;3.0;48,8453540000;2,2785780000;
;3;45;45146;1;1;1.0;2.0;47,6835200000;1,9053550000;
;1;75;75111;2;1;1.0;6.0;48,8664550000;2,3832070000;
;1;94;94028;1;1;1.0;4.0;48,8036000000;2,4484900000;
;5;33;33019;2;1;1.0;1.0;44,6875050000; -1,0190270000;
;1;94;94065;1;1;1.0;3.0;48,7537795800;2,3530427724;
;1;75;75103;2;4;1.0;3.0;48,8614740000;2,3646120000;
;1;41;41085;1;1;1.0;6.0;47,6926350000;1,6420050000;
;3;94;94052;1;1;3.0;6.0;48,8432096684;2,4926533177;
;2;75;75103;2;2;1.0;6.0;48,8659560000;2,3537760000;
;1;77;77142;1;1;1.0;7.0;48,8474270000;2,9224390000;
;1;94;94052;1;1;2.0;4.0;48,8433145546;2,4931583402;
;5;93;93070;2;3;1.0;6.0;48,9155400000;2,3343500000;
;1;93;93064;2;1;1.0;7.0;48,8751900000;2,4781200000;
;3;95;95199;1;1;8.0;5.0;49,0306320864;2,3468466540;
;3;75;75112;1;1;1.0;2.0;48,8200198123;2,4596916139;
;1;93;93048;2;2;1.0;6.0;48,8768200000;2,4494400000;
;1;83;83055;2;3;1.0;3.0;43,6173240000;6,6856470000;
;1;65;65461;1;3;8.0;1.0;43,2961090000;0,3442750000;
;1;92;92063;2;1;1.0;2.0;48,8806900000;2,1828700000;
;1;67;67177;1;1;1.0;1.0;48,9165140000;7,7893070000;
;1;02;02614;1;1;1.0;1.0;49,9096300000;3,1923220000;
;5;38;38548;2;1;4.0;6.0;45,0759780000;5,5502820000;
;2;92;92012;2;1;1.0;7.0;48,8385393568;2,2330790162;
;1;92;92002;2;1;1.0;6.0;48,7495103889;2,2991085648;
;5;85;85152;2;1;1.0;7.0;46,6098700000; -1,6635460000;
;1;35;35179;2;3;1.0;3.0;48,5118886064; -1,8963589892;
;3;60;60551;1;1;5.0;7.0;49,3072781739;2,3976883612;
;1;83;83072;1;3;1.0;3.0;43,4789070000;6,3069140000;
;1;76;76518;1;2;1.0;3.0;49,5916300000;0,5033760000;
;1;71;71320;1;2;1.0;2.0;46,6186720000;4,4739410000;
;3;69;69029;1;1;1.0;4.0;45,7510000000;4,9075000000;
;1;43;43038;2;1;1.0;6.0;45,3651800000;3,3082800000;
;2;12;12242;1;1;2.0;1.0;44,3966430000;2,0406030000;
;3;71;71047;2;1;1.0;2.0;46,6175110000;3,7603980000;
;1;91;91086;1;1;1.0;4.0;48,6239300000;2,3773900000;
;1;47;47146;2;1;1.0;2.0;44,4379090000;0,6761850000;
;1;11;11068;1;9;1.0;2.0;43,1810220000;2,5276280000;
;1;92;92002;1;1;1.0;4.0;48,7629853869;2,3043052888;
;1;47;47238;1;1;1.0;1.0;44,1935400000;0,5067400000;
;3;974;97404;1;3;1.0;1.0; -21,2813670000;55,3468470000;
;1;91;91589;1;1;1.0;2.0;48,6791800000;2,3342600000;
;1;68;68015;1;9;1.0;7.0;47,7952940000;7,3865300000;
;1;2A;2A348;1;1;1.0;6.0;42,1602180000;8,7580350000;
;3;59;59162;1;1;1.0;6.0;50,9316390000;2,3708880000;
;3;91;91617;1;1;1.0;4.0;48,6435500000;2,5344300000;
;1;2A;2A065;2;1;1.0;7.0;42,1341070000;8,5971990000;
;1;15;15188;1;1;1.0;3.0;45,0349610000;3,1337050000;
;3;92;92047;1;1;1.0;2.0;48,8327145937;2,1569510289;
;1;51;51130;1;1;1.0;1.0;48,8769300000;4,9039790000;
;1;30;30277;1;1;1.0;7.0;44,2272620000;4,5446970000;
;1;95;95572;1;1;8.0;6.0;49,0352732315;2,1158588442;
;1;19;19042;1;1;1.0;7.0;45,3271910000;1,6255640000;
;2;83;83003;1;1;1.0;1.0;43,5631420000;6,4119330000;
;1;93;93064;1;1;1.0;2.0;48,8866992089;2,4803643682;
;1;56;56040;1;6;1.0;3.0;47,8521910000; -3,3432340000;
;3;94;94004;1;1;1.0;6.0;48,7538430000;2,5111840000;
;1;76;76493;1;1;1.0;6.0;49,8477210000;0,6197140000;
;1;95;95229;2;1;1.0;6.0;49,0229130000;2,3638470000;
;2;77;77379;2;1;1.0;6.0;48,5561145519;3,3028095687;
;1;81;81227;1;1;1.0;6.0;43,6675530000;2,3011100000;
;1;80;80001;2;1;8.0;3.0;50,1084300000;1,8348700000;
;1;91;91174;2;3;1.0;3.0;48,6042400000;2,4678000000;
;3;89;89273;1;4;1.0;1.0;47,6111100000;3,2137400000;
;1;91;91228;2;1;1.0;3.0;48,6241400000;2,4404900000;
;1;68;68112;2;1;1.0;4.0;47,9014300000;7,2163550000;
;2;49;49200;1;6;1.0;7.0;47,5673840000; -0,6780410000;
;1;91;91228;2;1;1.0;4.0;48,6349600000;2,4254600000;
;3;11;11098;1;1;1.0;6.0;43,1680020000;2,7327740000;
;1;68;68216;2;1;1.0;6.0;47,5049403742;7,2194284201;
;3;988;98818;2;1;1.0;6.0; -22,2587000000;166,4757300000;
;2;974;97416;1;1;1.0;7.0; -21,2792100000;55,4890900000;
;1;39;39236;1;1;1.0;6.0;46,8388900000;5,4977130000;
;1;33;33334;2;2;1.0;1.0;44,6928870000; -0,4319160000;
;5;974;97411;2;1;1.0;3.0; -20,8753900000;55,4544900000;
;1;17;17355;1;1;1.0;7.0;45,5271820000; -0,3615940000;
;1;974;97411;2;1;1.0;1.0; -20,8799000000;55,4576900000;
;3;36;36026;1;1;1.0;7.0;46,9476610000;1,7256220000;
;1;974;97409;1;1;1.0;1.0; -20,9726400000;55,6792000000;
;5;973;97302;2;1;3.0;3.0;4,9443051148; -52,3096445203;
;1;973;97302;2;1;1.0;3.0;4,9261200000; -52,3087000000;
;1;81;81222;1;1;1.0;5.0;43,7873220000;2,1886850000;
;1;973;97302;2;1;1.0;3.0;4,9192000000; -52,3172600000;
;1;972;97214;2;1;1.0;6.0;14,8317300000; -61,0549040000;
;1;973;97302;2;2;1.0;6.0;4,9390893498; -52,3305134475;
;1;973;97302;2;1;1.0;3.0;4,9322900000; -52,3082100000;
;1;972;97201;2;1;1.0;6.0;14,8203160000; -61,1175870000;
;1;972;97213;1;1;1.0;3.0;14,6161400000; -61,0175500000;
;3;972;97209;1;1;1.0;6.0;14,6155800000; -61,0508000000;
;3;972;97227;1;1;1.0;3.0;14,4685910000; -60,9359480000;
;1;69;69385;2;1;2.0;1.0;45,7545988307;4,8065426946;
;1;64;64431;1;1;1.0;7.0;43,3906870000; -0,5995800000;
;1;69;69389;2;2;8.0;3.0;45,7804800000;4,8091300000;