Num_Acc;lum;departement;commune;agglomeration;intersection;meteo;type_collision;lat;long;date
;3;22;22084;1;1;1.0;7.0;48,3655948349; -2,3260363767;
;1;69;69034;2;1;1.0;3.0;45,7853800000;4,8329700000;
;1;59;59478;1;1;1.0;7.0;50,9221830000;2,4459820000;
;5;95;95280;2;3;8.0;3.0;49,0327450243;2,4585825205;
;1;95;95203;2;1;7.0;6.0;48,9901710000;2,2767680000;
;5;91;91021;2;9;1.0;3.0;48,5815900000;2,2422000000;
;1;36;36239;1;1;1.0;3.0;46,4797506208;1,4996016026;
;1;91;91691;2;1;1.0;6.0;48,7153600000;2,4785600000;
;1;23;23238;1;1;1.0;7.0;45,8684220000;2,1706150000;
;1;85;85191;2;1;1.0;6.0;46,6860180000; -1,4303228000;
;5;83;83061;2;3;1.0;1.0;43,3909500000;6,7250000000;
;1;77;77182;2;1;1.0;6.0;48,7817130000;3,2974490000;
;3;77;77279;1;1;1.0;1.0;48,3819600000;3,0294700000;
;1;24;24354;1;1;1.0;1.0;45,1225510000; -0,0084920000;
;1;76;76540;2;2;1.0;6.0;49,4285300000;1,0944700000;
;5;76;76498;2;1;1.0;6.0;49,4181500000;1,0628200000;
;1;57;57055;1;1;1.0;7.0;49,0502350000;6,3943540000;
;2;76;76484;2;1;8.0;6.0;49,3432790000;1,0908200000;
;5;72;72181;2;1;1.0;3.0;47,9974100000;0,2168900000;
;1;51;51153;1;1;8.0;2.0;49,0344000000;3,9889280000;
;5;71;71270;2;2;2.0;1.0;46,2885200000;4,8110400000;
;2;68;68066;2;3;8.0;3.0;48,0677600000;7,3605400000;
;1;67;67482;2;1;7.0;6.0;48,5771700000;7,7517600000;
;5;67;67482;2;3;1.0;3.0;48,5612300000;7,7517100000;
;2;67;67482;2;3;4.0;7.0;48,5221100000;7,7633300000;
;1;64;64269;1;1;2.0;4.0;43,2855200000; -0,3231900000;
;1;64;64102;2;1;2.0;7.0;43,4999600000; -1,4558400000;
;5;64;64102;2;6;2.0;7.0;43,4875100000; -1,4671150000;
;5;63;63124;1;1;3.0;1.0;45,7379200000;3,1690100000;
;2;59;59329;2;1;1.0;6.0;50,3440000000;3,0925700000;
;5;57;57666;2;1;1.0;6.0;49,3442200000;6,1337000000;
;5;54;54274;2;2;1.0;3.0;48,6659369825;6,1977642775;
;1;54;54547;2;2;1.0;3.0;48,6628451363;6,1623403430;
;1;51;51454;2;1;1.0;7.0;49,2590655788;4,0197327733;
;5;49;49007;2;9;1.0;6.0;47,4728873801; -0,5533350259;
;2;49;49007;2;3;1.0;3.0;47,4753700000; -0,5485400000;
;1;49;49007;2;1;1.0;2.0;47,4740500000; -0,5374300000;
;1;49;49007;2;1;7.0;6.0;47,4674900000; -0,5586100000;
;1;49;49007;2;1;1.0;2.0;47,4897000000; -0,5469000000;
;5;49;49007;2;1;1.0;3.0;47,4449000000; -0,5622600000;
;5;42;42218;2;2;2.0;6.0;45,4242900000;4,3914800000;
;1;42;42184;2;7;7.0;6.0;46,0336223614;4,0499475896;
;5;42;42187;2;6;2.0;6.0;46,0334200000;4,0774700000;
;1;40;40192;1;3;1.0;5.0;43,9276700000; -0,5176600000;
;5;37;37122;2;2;1.0;3.0;47,3545501210;0,6953948736;
;1;37;37261;2;3;1.0;6.0;47,4256100000;0,6925300000;
;5;37;37261;2;2;1.0;3.0;47,3857200000;0,6825100000;
;1;35;35115;2;6;1.0;3.0;48,3517600000; -1,2004900000;
;5;33;33063;2;2;1.0;3.0;44,8425600000; -0,5829800000;
;5;33;33162;2;3;1.0;6.0;44,8841800000; -0,6342800000;
;2;33;33318;2;3;8.0;3.0;44,8011732666; -0,6633880734;
;5;33;33063;2;1;1.0;2.0;44,8357626737; -0,5807438493;
;5;31;31555;2;1;8.0;6.0;43,6065300000;1,4496700000;
;5;29;29019;2;1;1.0;3.0;48,3986200000; -4,4879500000;
;5;29;29019;2;3;1.0;3.0;48,4211500000; -4,4942600000;
;1;29;29019;2;3;2.0;3.0;48,3938600000; -4,4959800000;
;5;27;27375;2;9;1.0;6.0;49,2151300000;1,1683700000;
;5;27;27229;2;2;1.0;2.0;49,0196100000;1,1388400000;
;3;25;25056;1;1;1.0;6.0;47,2405000000;5,9811000000;
;5;14;14118;2;1;2.0;3.0;49,1685000000; -0,3520800000;
;5;13;13213;2;2;9.0;3.0;43,3264404529;5,4214492167;
;5;13;13213;2;3;1.0;3.0;43,3239000000;5,4194400000;
;5;13;13207;2;1;2.0;1.0;43,2924005340;5,3661869466;
;5;13;13005;2;6;2.0;7.0;43,2874800000;5,5830000000;
;1;13;13005;2;3;1.0;3.0;43,2882000000;5,5295100000;
;5;03;03095;2;1;2.0;6.0;46,1378100000;3,4483200000;
;2;02;02549;1;1;1.0;1.0;49,8330600000;3,3292300000;
;2;13;13213;1;1;1.0;3.0;43,3212991611;5,4226881265;
;5;75;75115;2;1;1.0;2.0;48,8275960000;2,2918880000;
;5;75;75106;2;3;1.0;2.0;48,8560610000;2,3404560000;
;1;75;75105;2;1;1.0;6.0;48,8383630000;2,3495940000;
;5;75;75120;2;3;1.0;6.0;48,8683094304;2,3881718516;
;3;75;75119;2;3;1.0;7.0;48,8782560000;2,3856080000;
;1;75;75119;2;1;1.0;7.0;48,8809890000;2,3971500000;
;5;75;75117;2;3;1.0;6.0;48,8896240000;2,3133580000;
;1;75;75117;2;7;1.0;6.0;48,8833600000;2,3095010000;
;5;75;75117;2;3;1.0;3.0;48,8997780000;2,3189400000;
;5;75;75116;2;3;1.0;3.0;48,8503740000;2,2733140000;
;1;75;75115;2;3;1.0;6.0;48,8539460000;2,2891000000;
;2;75;75115;2;3;1.0;7.0;48,8395950000;2,2842040000;
;5;75;75115;2;7;1.0;3.0;48,8277940000;2,2927730000;
;1;75;75115;2;3;8.0;3.0;48,8528900000;2,2865460000;
;5;75;75114;2;1;1.0;3.0;48,8303040000;2,3396140000;
;1;75;75114;2;2;1.0;6.0;48,8320190000;2,3274280000;
;5;75;75113;2;2;1.0;6.0;48,8306230000;2,3768320000;
;5;75;75112;2;4;1.0;3.0;48,8296790000;2,4010610000;
;1;75;75112;2;3;1.0;6.0;48,8471450000;2,3850430000;
;1;75;75111;2;2;1.0;6.0;48,8659898637;2,3706918955;
;1;75;75107;2;2;1.0;7.0;48,8605350000;2,2956410000;
;1;75;75107;2;7;1.0;6.0;48,8619060000;2,3020200000;
;5;75;75109;2;2;1.0;6.0;48,8702860000;2,3300100000;
;5;75;75103;2;7;1.0;3.0;48,8673407653;2,3633546005;
;5;94;94068;2;3;1.0;3.0;48,8045800000;2,4856800000;
;5;94;94052;2;2;1.0;1.0;48,8446987164;2,4878948689;
;1;94;94041;2;2;1.0;3.0;48,8130000000;2,3700000000;
;5;94;94073;2;1;8.0;2.0;48,7617090000;2,4003170000;
;5;94;94021;2;2;8.0;3.0;48,7729400000;2,3609700000;
;1;94;94059;2;1;8.0;6.0;48,8051200000;2,5762100000;
;1;94;94071;2;1;2.0;6.0;48,7713900000;2,5321900000;
;1;94;94002;2;1;1.0;3.0;48,7837600000;2,4308300000;
;1;93;93078;2;3;1.0;6.0;48,9744300000;2,5139800000;
;1;93;93073;1;2;1.0;3.0;49,0024200000;2,5329600000;
;5;93;93073;2;1;1.0;1.0;48,9656100000;2,5694600000;
;1;93;93071;2;9;1.0;3.0;48,9340390035;2,5421630235;
;1;93;93066;2;1;1.0;1.0;48,9370560000;2,3626970000;
;1;93;93066;2;1;1.0;6.0;48,9145817779;2,3479414753;
;1;93;93008;2;1;8.0;2.0;48,9075000000;2,4551600000;
;1;93;93049;2;1;1.0;3.0;48,8747800000;2,5121700000;
;2;93;93048;2;3;8.0;1.0;48,8560340895;2,4456789084;
;1;93;93029;2;1;8.0;6.0;48,9190690000;2,4371750000;
;2;93;93013;2;3;1.0;5.0;48,9357600000;2,4266900000;
;5;93;93005;2;6;5.0;6.0;48,9388000000;2,4889500000;
;5;92;92046;2;4;9.0;7.0;48,8154382071;2,2850516438;
;5;92;92072;2;6;1.0;7.0;48,8243051547;2,2124356627;
;1;92;92063;2;1;1.0;6.0;48,8834180000;2,1753980000;
;1;92;92063;2;9;1.0;6.0;48,8605296353;2,1867331266;
;1;92;92062;2;1;1.0;2.0;48,8837100000;2,2250700000;
;5;92;92020;2;6;9.0;7.0;48,7981010271;2,2829670310;
;5;92;92035;2;3;1.0;3.0;48,9068452526;2,2387899756;
;3;41;41032;1;1;8.0;1.0;47,5557640000;1,3004420000;
;3;17;17172;2;3;2.0;1.0;45,5719650000; -0,6766140000;
;3;10;10340;2;1;1.0;3.0;48,2415530000;4,0222620000;
;5;83;83033;2;1;1.0;1.0;43,3086020000;6,1862900000;
;1;69;69199;2;2;1.0;6.0;45,7120000000;4,8532900000;
;3;77;77182;2;3;8.0;3.0;48,7792110000;3,3030630000;
;5;69;69388;2;2;1.0;3.0;45,7375300000;4,8740600000;
;3;74;74043;1;1;2.0;1.0;46,2734770000;6,3431450000;
;1;69;69081;2;1;1.0;6.0;45,7840852183;4,7870457172;
;1;57;57379;2;1;1.0;6.0;48,9696570000;6,6099420000;
;5;51;51210;2;1;1.0;7.0;49,0616820000;3,9651220000;
;5;971;97113;1;4;1.0;3.0;16,2175677308; -61,4944562316;
;3;82;82113;1;1;1.0;6.0;44,2279330000;1,3912350000;
;5;971;97101;1;9;1.0;2.0;16,2495700000; -61,5285000000;
;3;32;32268;1;1;2.0;5.0;43,6025570000;1,0211870000;
;1;91;91345;2;1;1.0;2.0;48,6949560000;2,2933700000;
;3;71;71310;1;6;1.0;3.0;46,7490950000;4,4931940000;
;1;71;71014;2;1;7.0;6.0;46,9623530000;4,3123870000;
;2;91;91201;2;3;1.0;3.0;48,6875400000;2,4333600000;
;5;63;63192;2;1;2.0;6.0;45,5358337264;2,6917047054;
;3;63;63336;1;1;1.0;7.0;45,4838372447;2,7320559660;
;5;91;91421;2;1;1.0;3.0;48,6993700000;2,4722800000;
;3;61;61248;1;1;1.0;6.0;48,5168990000; -0,8410330000;
;3;47;47254;1;1;1.0;7.0;44,3390130000; -0,0057080000;
;3;91;91479;2;1;1.0;3.0;48,7347060000;2,3662390000;
;1;68;68374;2;9;1.0;3.0;48,0860460000;7,3156350000;
;3;35;35091;1;3;1.0;2.0;48,2117800000; -2,1760740000;
;1;83;83137;2;6;1.0;2.0;43,1200215488;5,9489905089;
;5;72;72071;2;1;8.0;6.0;47,6947980000;0,4186220000;
;5;81;81004;2;1;1.0;6.0;43,9309200000;2,1632500000;
;1;14;14229;2;1;1.0;1.0;49,2349530000; -0,0393570000;
;3;73;73032;1;3;1.0;3.0;45,6105700000;6,4518710000;
;1;80;80021;2;1;1.0;3.0;49,8897300000;2,3093500000;
;1;77;77243;2;1;1.0;6.0;48,8770877375;2,7041770034;
;5;18;18087;2;1;1.0;5.0;46,8887910000;2,5684030000;
;1;53;53197;1;1;1.0;6.0;47,8534180000; -1,1440960000;
;1;77;77307;2;1;1.0;7.0;48,8577700000;2,7558200000;
;3;40;40233;1;1;5.0;7.0;43,6253590000; -0,9981520000;
;3;24;24243;1;1;1.0;6.0;45,2943750000;0,5478230000;
;1;74;74013;2;1;1.0;3.0;46,3633900000;6,4423400000;
;1;24;24253;1;1;1.0;3.0;45,4748630000;0,5337810000;
;2;85;85172;2;6;7.0;6.0;46,8189310000; -1,9932680000;
;1;74;74012;2;1;1.0;3.0;46,1874000000;6,2435600000;
;5;30;30223;2;1;1.0;6.0;44,2036000000;4,1391960000;
;1;72;72181;2;1;1.0;6.0;47,9938400000;0,2172600000;
;2;76;76533;1;1;4.0;4.0;49,5096900000;0,2880050000;
;1;72;72181;2;1;7.0;6.0;47,9932800000;0,1962600000;
;1;62;62794;1;1;1.0;6.0;50,7192120000;2,1725570000;
;3;38;38537;1;1;8.0;6.0;45,6363376855;5,1543555383;
;2;71;71153;2;2;7.0;3.0;46,7949000000;4,4247900000;
;1;971;97112;1;1;1.0;7.0;15,9075690000; -61,3177070000;
;1;34;34189;1;1;8.0;6.0;43,2772870000;2,7426020000;
;3;34;34145;2;1;1.0;1.0;43,6614815849;4,1590185463;
;1;71;71153;2;1;1.0;4.0;46,8067500000;4,4260700000;
;1;69;69009;2;1;1.0;2.0;45,9353719220;4,7183878720;
;3;66;66136;1;1;1.0;2.0;42,7284500000;2,9099700000;
;5;69;69028;2;1;1.0;6.0;45,7224380000;4,6979570000;
;1;59;59378;2;1;1.0;6.0;50,6620565992;3,0962755680;
;5;31;31395;2;1;2.0;5.0;43,4634250000;1,3327310000;
;1;59;59350;2;1;1.0;3.0;50,6179100000;3,0582400000;
;3;57;57019;2;1;1.0;7.0;49,2582736000;6,1337600000;
;1;33;33080;2;2;1.0;2.0;44,7522390000; -0,5403240000;
;2;85;85003;2;6;2.0;1.0;46,7509091000; -1,6239729000;
;1;51;51454;2;3;1.0;2.0;49,2718485291;4,0338867903;
;1;62;62752;1;1;9.0;6.0;50,4888450000;1,6834060000;
;5;44;44162;2;6;1.0;3.0;47,2293410000; -1,6080670000;
;1;43;43157;2;1;1.0;6.0;45,0555206050;3,9026355743;
;1;59;59626;1;1;5.0;2.0;50,2969340000;3,6376760000;
;1;42;42218;2;1;1.0;3.0;45,4401030000;4,4225200000;
;1;37;37261;2;1;1.0;6.0;47,3961945171;0,6839472055;
;1;35;35238;2;1;2.0;3.0;48,1163800000; -1,7117000000;
;3;13;13215;1;1;8.0;7.0;43,3460000000;5,3460000000;
;1;33;33075;2;3;1.0;3.0;44,8735330234; -0,6172285974;
;5;33;33075;1;1;1.0;6.0;44,8918074829; -0,6146308780;
;1;28;28085;2;6;1.0;1.0;48,4379000000;1,4883600000;
;1;27;27229;2;2;1.0;5.0;49,0185176531;1,1424407958;
;1;25;25056;2;3;1.0;3.0;47,2339900000;6,0071800000;
;1;25;25056;2;4;1.0;2.0;47,2477600000;6,0282700000;
;1;13;13212;2;1;1.0;1.0;43,3100276660;5,4605661230;
;5;13;13206;2;9;1.0;2.0;43,2883184766;5,3845019893;
;1;06;06088;2;9;1.0;6.0;43,7451100000;7,3072700000;
;1;06;06069;2;1;1.0;5.0;43,6452650000;6,9028590000;
;1;06;06004;1;6;1.0;3.0;43,6111750000;7,1266740000;
;1;75;75114;2;4;1.0;7.0;48,8248232042;2,3045204580;
;1;75;75119;2;4;1.0;3.0;48,8808527856;2,4050099077;
;2;75;75106;2;1;1.0;2.0;48,8483210000;2,3291950000;
;1;75;75105;2;2;1.0;3.0;48,8466070000;2,3516520000;
;1;75;75119;2;2;1.0;6.0;48,8920660000;2,3725420000;
;1;75;75119;2;2;1.0;2.0;48,8944390000;2,3814680000;
;5;75;75119;2;2;1.0;3.0;48,8770868176;2,4068950117;
;5;75;75117;2;2;1.0;3.0;48,8832900000;2,3192640000;
;1;75;75116;2;1;1.0;6.0;48,8668140000;2,2786160000;
;1;75;75116;2;2;1.0;3.0;48,8676520000;2,2508860000;
;1;75;75112;2;3;1.0;6.0;48,8518610000;2,3737400000;
;1;75;75112;2;1;1.0;4.0;48,8431820000;2,3710260000;
;1;75;75110;2;1;1.0;6.0;48,8816370000;2,3512740000;
;1;75;75110;2;5;1.0;3.0;48,8826725880;2,3698684573;
;1;75;75108;2;2;1.0;6.0;48,8699336638;2,3119456711;
;1;75;75101;2;1;1.0;1.0;48,8613979033;2,3284624849;
;1;94;94044;2;1;1.0;3.0;48,7518400000;2,4873900000;
;1;94;94068;2;9;1.0;3.0;48,7933400000;2,4873900000;
;5;94;94041;2;1;1.0;6.0;48,8130500000;2,3882200000;
;5;94;94022;2;3;1.0;6.0;48,7656200000;2,4096400000;
;1;93;93066;2;1;1.0;1.0;48,9299100000;2,3657000000;
;1;93;93049;2;2;1.0;3.0;48,8530700000;2,5149700000;
;1;93;93050;2;1;1.0;4.0;48,8673400000;2,5287200000;
;1;93;93046;2;1;1.0;6.0;48,9305900000;2,5547700000;
;3;93;93005;2;1;1.0;6.0;48,9633622236;2,4711665667;
;1;92;92072;2;3;1.0;3.0;48,8245600000;2,2200800000;
;1;92;92051;2;1;1.0;6.0;48,8950597768;2,2728100419;
;1;92;92040;2;2;1.0;6.0;48,8224986201;2,2680421471;
;1;92;92036;2;2;1.0;1.0;48,9217905440;2,3058008105;
;5;92;92012;1;1;1.0;6.0;48,8274350000;2,2451120000;
;1;972;97221;2;6;8.0;6.0;14,5219160000; -60,9808110000;
;1;34;34270;2;1;8.0;6.0;43,5763490000;3,8363520000;
;1;83;83097;1;1;5.0;3.0;43,5073961009;5,7337918281;
;1;51;51562;2;1;1.0;7.0;49,2133510000;4,0961310000;
;1;80;80593;1;1;1.0;7.0;49,9197510000;2,7268730000;
;5;80;80228;2;3;1.0;6.0;50,2196970000;1,6226920000;
;1;82;82178;1;2;5.0;3.0;43,8205250000;1,1836800000;
;1;61;61180;1;1;1.0;7.0;48,8720540000;0,2231810000;
;3;49;49069;1;9;1.0;4.0;47,3158340000; -1,1631450000;
;3;47;47316;1;1;1.0;6.0;44,4171990000;0,3346540000;
;1;22;22165;1;2;1.0;3.0;48,3625970000; -2,4974210000;
;1;25;25334;1;3;1.0;1.0;46,9463220000;6,1135750000;
;3;35;35179;1;3;1.0;3.0;48,4990050000; -1,9056130000;
;1;29;29024;2;4;1.0;6.0;48,2774020000; -3,5699180000;
;2;29;29158;1;3;1.0;6.0;47,8194080000; -4,3188290000;
;1;31;31390;2;9;1.0;6.0;43,0863560000;0,5736550000;
;1;58;58079;2;1;1.0;3.0;47,4503940000;3,5048960000;
;5;54;54157;2;1;1.0;6.0;48,8420460000;6,0676090000;
;1;14;14371;1;4;1.0;3.0;49,0024700000;0,2981440000;
;1;60;60584;2;1;1.0;7.0;49,2153040000;2,4073820000;
;3;18;18141;1;1;1.0;6.0;47,1402420000;2,2504380000;
;1;21;21619;1;1;1.0;7.0;47,4139000000;5,2672000000;
;3;27;27074;1;1;1.0;1.0;49,1548820000;0,6489500000;
;1;23;23076;1;3;1.0;6.0;46,1828170000;2,4801210000;
;1;01;01067;1;1;1.0;3.0;46,1304250000;5,5080470000;
;1;35;35131;1;1;8.0;2.0;48,1217570000; -1,8299960000;
;1;01;01089;1;1;1.0;2.0;45,9894180000;5,3130380000;
;1;74;74081;2;1;1.0;6.0;46,0646520000;6,5797110000;
;1;38;38537;1;1;1.0;6.0;45,6448880000;5,1373960000;
;1;13;13067;1;1;1.0;5.0;43,7697700000;5,0691350000;
;3;78;78009;1;1;1.0;3.0;48,4824110000;1,9131150000;
;1;91;91634;1;1;1.0;7.0;48,6082840000;2,0954710000;
;1;13;13087;2;1;1.0;3.0;43,4871590000;5,6111380000;
;1;83;83115;2;1;1.0;6.0;43,3107560000;6,6342030000;
;1;06;06075;2;1;8.0;1.0;43,8537040000;7,2221070000;
;3;13;13081;2;1;1.0;1.0;43,4798300000;5,2312200000;
;2;38;38487;1;2;1.0;5.0;45,5662660000;4,8584090000;
;1;35;35238;1;1;1.0;6.0;48,0996530000; -1,7146050000;
;1;35;35238;2;2;1.0;6.0;48,1055800000; -1,6847900000;
;1;01;01262;2;3;1.0;3.0;45,8479010000;5,0507610000;
;1;33;33075;2;1;1.0;1.0;44,8796418378; -0,5839852989;
;5;31;31555;2;6;1.0;6.0;43,5913600000;1,4531600000;
;1;01;01160;1;1;1.0;1.0;46,2499270000;6,1105870000;
;1;29;29019;2;2;1.0;3.0;48,3828800000; -4,5386200000;
;1;22;22360;2;1;1.0;2.0;48,4752200000; -2,7507600000;
;3;01;01213;1;1;1.0;5.0;45,9283150000;5,2820370000;
;5;10;10387;2;1;1.0;7.0;48,3045600000;4,0551700000;
;1;09;09194;1;1;1.0;6.0;43,0963300000;1,8961070000;
;3;72;72154;1;1;1.0;6.0;47,6650500000; -0,0738700000;
;5;10;10387;2;2;1.0;3.0;48,3050800000;4,0531700000;
;1;44;44172;2;1;1.0;1.0;47,2639260000; -1,4876340000;
;5;06;06088;2;1;1.0;6.0;43,6715900000;7,2247500000;
;5;75;75112;2;1;1.0;7.0;48,8202230000;2,4489200000;
;1;75;75105;2;2;1.0;2.0;48,8437960000;2,3523050000;
;3;60;60259;1;1;1.0;1.0;49,1943551562;2,2549953455;
;1;75;75119;2;3;8.0;4.0;48,8902490000;2,3987340000;
;1;60;60192;2;1;1.0;6.0;49,5862170000;2,9133800000;
;1;75;75117;2;2;1.0;6.0;48,8956190000;2,3265910000;
;5;75;75116;2;7;1.0;6.0;48,8631220000;2,2864770000;
;3;13;13215;1;1;1.0;2.0;43,3791300000;5,3546100000;
;1;75;75115;2;7;1.0;6.0;48,8373900000;2,2796360000;
;1;33;33122;1;1;1.0;4.0;44,7554800000; -0,6870100000;
;1;75;75112;2;2;1.0;3.0;48,8443160000;2,4104070000;
;2;33;33039;1;1;1.0;6.0;44,8094312403; -0,5323795974;
;5;75;75112;2;2;1.0;6.0;48,8446660000;2,3691510000;
;1;91;91161;1;1;1.0;2.0;48,7105400000;2,3004200000;
;5;75;75111;2;1;1.0;6.0;48,8538130000;2,3802270000;
;1;91;91340;1;1;1.0;2.0;48,6112000000;2,4325600000;
;5;75;75109;2;7;1.0;6.0;48,8822230000;2,3377050000;
;1;78;78043;1;1;1.0;3.0;48,8304190000;2,0817840000;
;1;94;94054;2;3;1.0;6.0;48,7423780000;2,3862320000;
;1;78;78640;1;1;1.0;3.0;48,7814560000;2,1685700000;
;3;92;92050;1;1;1.0;6.0;48,9065130000;2,2111820000;
;1;78;78402;1;1;1.0;6.0;48,9647400000;1,8008100000;
;5;93;93073;2;2;1.0;3.0;48,9561987148;2,5766551991;
;5;93;93066;1;1;1.0;5.0;48,9078000000;2,3582000000;
;1;93;93053;2;1;1.0;4.0;48,8953220253;2,4705166836;
;2;77;77169;1;1;1.0;2.0;48,8212450000;2,6153450000;
;5;93;93050;2;1;1.0;6.0;48,8637900000;2,5360800000;
;1;59;59512;2;1;1.0;6.0;50,6960450000;3,1862270000;
;1;988;98818;2;3;1.0;3.0; -22,2781200000;166,4687500000;
;1;93;93057;2;1;1.0;5.0;48,9086338417;2,4992175560;
;1;988;98818;2;1;1.0;3.0; -22,2959200000;166,4452100000;
;2;974;97411;2;1;2.0;2.0; -20,8876200000;55,4422700000;
;5;92;92064;2;2;1.0;3.0;48,8465900000;2,2235800000;
;1;974;97411;2;3;1.0;3.0; -20,8727000000;55,4496700000;
;1;92;92020;2;2;1.0;3.0;48,7998370000;2,2857260000;
;1;92;92040;2;9;1.0;3.0;48,8240967796;2,2678565383;
;1;974;97411;2;2;1.0;6.0; -20,8820900000;55,4497500000;
;1;76;76082;2;6;2.0;6.0;49,6161770000;0,4757170000;
;4;974;97409;2;1;1.0;6.0; -20,9678480000;55,6481560000;
;3;51;51601;1;1;1.0;1.0;48,7987860000;4,6964940000;
;5;69;69383;2;3;1.0;3.0;45,7544684712;4,8820334673;
;2;69;69388;2;1;1.0;3.0;45,7302477573;4,8556162589;
;1;22;22317;1;1;1.0;4.0;48,4216890000; -2,2645780000;
;3;11;11069;1;1;1.0;2.0;43,1889740000;2,4084900000;
;1;69;69259;2;2;1.0;6.0;45,6939000000;4,8751400000;
;1;31;31567;1;1;1.0;7.0;43,5983420000;1,6526810000;
;1;972;97209;2;1;1.0;3.0;14,6076270000; -61,0693300000;
;1;71;71583;1;1;1.0;3.0;46,2712010000;4,7882580000;
;2;69;69385;2;4;1.0;3.0;45,7619100000;4,8261200000;
;1;972;97231;1;1;1.0;3.0;14,5299480000; -61,0129920000;
;2;54;54476;2;1;1.0;6.0;49,4533030000;5,4626780000;
;1;69;69034;1;1;1.0;4.0;45,7925339883;4,8726296425;
;1;01;01288;1;1;1.0;6.0;46,1992530000;5,9338080000;
;3;71;71170;1;1;1.0;6.0;46,9154960000;4,8191250000;
;5;91;91174;2;1;1.0;4.0;48,6080190000;2,4646650000;
;1;62;62506;2;1;1.0;2.0;50,7841330000;1,9275090000;
;1;91;91223;2;6;1.0;3.0;48,4288700000;2,1581900000;
;3;34;34079;1;1;8.0;5.0;43,6366060000;3,4470210000;
;5;87;87085;2;1;1.0;6.0;45,8838100000;1,2837100000;
;1;87;87021;2;1;1.0;1.0;45,7783800000;1,1995240000;
;1;87;87085;2;3;1.0;3.0;45,8252900000;1,2419600000;
;1;91;91553;2;6;7.0;3.0;48,6202290000;2,4899380000;
;1;62;62653;1;1;1.0;3.0;50,7533000000;1,6824600000;
;1;86;86194;2;1;1.0;4.0;46,5530600000;0,3107440000;
;3;51;51299;1;6;1.0;7.0;49,3385834095;4,1812527180;
;1;80;80021;2;1;1.0;6.0;49,9005900000;2,2693300000;
;1;51;51369;1;3;1.0;1.0;48,7273220000;3,6857490000;
;1;80;80021;2;1;1.0;3.0;49,8887500000;2,2777800000;
;2;76;76357;1;1;1.0;1.0;49,5928470000;0,2633390000;
;1;78;78498;2;3;1.0;2.0;48,9345770000;2,0416060000;
;1;76;76050;2;2;1.0;3.0;49,8488300000;0,9525030000;
;1;33;33112;1;1;1.0;7.0;44,6880910000; -0,0293000000;
;1;77;77445;2;3;1.0;6.0;48,5974400000;2,5784700000;
;1;77;77255;1;8;7.0;;48,4978572267;2,6862560745;
;1;32;32208;1;1;1.0;5.0;43,9490180000;0,6551240000;
;1;63;63321;1;1;1.0;7.0;45,5983800000;3,2919500000;
;2;61;61345;1;1;1.0;6.0;48,4290010000;0,7626270000;
;3;77;77237;2;1;1.0;2.0;48,8465300000;2,7479600000;
;1;34;34031;1;1;1.0;6.0;43,3716040000;3,4088050000;
;3;44;44189;1;1;1.0;7.0;47,4513950000; -2,1967180000;
;2;76;76351;1;2;1.0;3.0;49,5091400000;0,1453300000;
;3;29;29119;1;1;2.0;6.0;48,4494229820; -4,6233040093;
;1;29;29215;1;3;1.0;1.0;47,9796153955; -4,4332344532;
;5;76;76351;2;2;1.0;3.0;49,5170300000;0,1162700000;
;1;31;31231;1;2;1.0;3.0;43,3158400000;1,4554670000;
;1;69;69256;2;1;1.0;6.0;45,7778101177;4,9268424511;
;1;38;38409;1;4;1.0;3.0;45,1060610000;5,2763770000;
;1;69;69266;2;1;1.0;6.0;45,7555600000;4,8913600000;
;1;03;03059;1;1;1.0;7.0;46,2740820000;3,2239940000;
;1;69;69029;2;1;1.0;6.0;45,7382800000;4,9240200000;
;1;15;15141;1;1;1.0;7.0;45,1577604940;2,9242944472;
;5;69;69264;2;6;1.0;7.0;45,9838700000;4,7479700000;
;1;15;15244;1;1;1.0;2.0;45,0704780000;2,9607510000;
;1;67;67447;2;1;1.0;6.0;48,6110000000;7,7377100000;
;1;15;15169;1;1;1.0;7.0;45,3430642502;2,4806410074;
;1;85;85008;1;1;1.0;7.0;46,6326982544; -1,4779177919;
;1;65;65417;2;1;1.0;3.0;43,2215030000;0,1047620000;
;3;58;58025;2;1;1.0;6.0;46,8627660000;3,3274730000;
;1;64;64348;2;6;1.0;4.0;43,3225122412; -0,3994747996;
;1;50;50435;1;2;1.0;2.0;49,5118070000; -1,5949380000;
;1;36;36017;1;1;1.0;6.0;46,7116388457;2,0539069176;
;5;63;63113;2;1;1.0;7.0;45,7911600000;3,1135500000;
;1;63;63113;2;1;1.0;6.0;45,7967600000;3,1125800000;
;1;40;40310;1;2;1.0;3.0;43,7575960000; -1,3111710000;
;1;85;85288;1;1;1.0;6.0;46,4736820000; -1,6324460000;
;1;62;62193;2;6;8.0;6.0;50,9546600000;1,8506500000;
;1;85;85244;1;2;1.0;3.0;46,4274090000; -0,7705340000;
;1;59;59599;2;3;7.0;6.0;50,7275800000;3,1488300000;
;2;85;85261;1;1;1.0;6.0;46,5571860000; -1,1412910000;
;2;37;37250;1;1;1.0;6.0;47,2566328465;0,6743931770;
;5;59;59291;2;6;1.0;3.0;50,2619903444;3,8971787095;
;1;59;59043;2;1;1.0;6.0;50,7382871418;2,7319697142;
;4;973;97307;1;9;1.0;5.0;4,8340610000; -52,3395470000;
;1;973;97307;1;1;1.0;1.0;4,7714570000; -52,3392430000;
;1;54;54395;2;2;1.0;6.0;48,6920823177;6,1801300943;
;1;01;01228;1;1;1.0;7.0;46,1346350000;5,5236180000;
;1;54;54328;2;1;1.0;2.0;48,6169440000;6,1809400000;
;2;34;34159;1;1;1.0;5.0;43,5094200000;3,7987450000;
;3;988;98821;2;2;1.0;6.0; -22,1209600000;166,3724700000;
;1;51;51454;2;3;1.0;3.0;49,2423300000;4,0407400000;
;1;971;97125;2;1;8.0;6.0;16,2593190000; -61,2661650000;
;1;04;04039;1;3;1.0;1.0;43,8707200000;6,5119210000;
;1;51;51454;2;6;1.0;1.0;49,2572695161;4,0388783813;
;3;88;88251;1;1;1.0;7.0;48,3302210000;6,7775880000;
;4;57;57256;2;1;1.0;7.0;49,1231648905;6,0203441978;
;1;50;50147;2;3;1.0;3.0;49,0521800000; -1,4368000000;
;1;38;38317;1;1;1.0;3.0;45,1062880000;5,7030200000;
;1;49;49099;2;1;2.0;6.0;47,0730000000; -0,8770000000;
;4;59;59523;1;1;1.0;6.0;50,5893199152;3,1573407083;
;1;49;49015;2;1;1.0;7.0;47,5142200000; -0,6186900000;
;1;59;59268;1;3;1.0;1.0;50,6088349879;2,7502566576;
;3;83;83144;1;1;1.0;2.0;43,1345280000;5,9878190000;
;1;45;45302;2;2;1.0;3.0;47,9512486592;1,8832781911;