Num_Acc;lum;departement;commune;agglomeration;intersection;meteo;type_collision;lat;long;date
;1;59;59457;2;1;1.0;6.0;50,6690200000;2,9724300000;
;1;76;76509;1;2;1.0;3.0;49,4935600000;1,2285380000;
;2;39;39146;2;1;5.0;6.0;46,6593570000;5,4989960000;
;1;54;54395;2;3;1.0;3.0;48,6891668939;6,1836872399;
;1;76;76179;2;1;1.0;6.0;49,5986970000;1,1106950000;
;3;25;25532;1;1;1.0;1.0;47,2376510000;6,1081620000;
;1;54;54197;1;1;1.0;1.0;48,6242900000;6,1951200000;
;1;69;69109;1;1;1.0;1.0;46,1437770000;4,6118730000;
;3;44;44175;1;1;2.0;2.0;47,3715920000; -2,3526410000;
;1;51;51454;2;1;1.0;3.0;49,2383870000;4,0316950000;
;3;29;29037;1;1;3.0;6.0;47,9162990000; -4,1876150000;
;1;11;11240;2;3;1.0;3.0;42,9432730000;2,2502180000;
;1;51;51058;2;2;1.0;3.0;49,2238396245;3,9853951335;
;1;58;58200;1;1;2.0;1.0;47,4062210000;3,5001330000;
;1;61;61394;1;1;1.0;7.0;48,2849060000;0,5759450000;
;1;50;50147;2;1;1.0;6.0;49,0656400000; -1,4321300000;
;1;58;58139;1;1;1.0;7.0;46,8089420000;3,8606700000;
;1;49;49218;1;1;1.0;6.0;47,2721860000; -1,0373980000;
;1;49;49353;2;1;1.0;3.0;47,4516300000; -0,5053800000;
;1;73;73007;1;1;4.0;5.0;45,5710490000;6,2608550000;
;1;45;45234;2;1;1.0;6.0;47,9022700000;1,8972000000;
;3;34;34312;2;1;1.0;3.0;43,6519060000;3,1494280000;
;1;07;07181;2;3;1.0;3.0;44,7379700000;4,7416520000;
;5;38;38185;2;1;1.0;6.0;45,2092400000;5,6951500000;
;2;85;85059;2;2;2.0;3.0;46,6482820000; -0,7329690000;
;1;37;37261;2;1;1.0;2.0;47,3870105931;0,6765718013;
;1;22;22043;1;2;1.0;3.0;48,1392940000; -2,5651770000;
;2;85;85084;1;1;1.0;1.0;46,7623940000; -1,1037477000;
;5;37;37261;2;1;1.0;3.0;47,3975700000;0,6994400000;
;1;44;44129;1;1;1.0;7.0;47,4251000000; -2,1282040000;
;1;87;87096;1;9;8.0;3.0;45,6307800000;1,2292180000;
;5;35;35238;2;3;1.0;3.0;48,1035909709; -1,6625508294;
;3;30;30036;1;1;8.0;6.0;43,7885070000;4,2640690000;
;1;38;38206;1;1;1.0;6.0;45,2531690000;5,9182410000;
;1;35;35238;2;1;1.0;3.0;48,0980400000; -1,6882500000;
;1;35;35238;1;3;1.0;6.0;48,0940100000; -1,7341700000;
;1;70;70243;1;1;7.0;1.0;47,4870804227;6,2612494826;
;1;42;42213;2;9;8.0;1.0;45,8908740000;4,3060480000;
;1;33;33039;2;1;1.0;2.0;44,8112300000; -0,5677100000;
;1;26;26299;1;1;1.0;3.0;44,7626570000;5,3030490000;
;1;90;90002;1;9;8.0;2.0;47,6981810000;7,0240620000;
;3;21;21356;1;1;1.0;1.0;47,0768420000;5,3315820000;
;1;06;06059;2;1;1.0;6.0;43,7289490000;7,3705390000;
;1;31;31069;1;1;1.0;4.0;43,6239500000;1,3883400000;
;1;06;06032;2;1;1.0;7.0;43,7273280000;7,4131640000;
;3;28;28392;1;1;2.0;6.0;48,2458110000;1,8514750000;
;1;29;29232;2;1;1.0;6.0;47,9978400000; -4,0962310000;
;1;975;97502;2;1;1.0;6.0;46,7796820000; -56,1721460000;
;1;50;50629;1;1;1.0;1.0;49,2539620000; -1,5074770000;
;1;29;29232;1;6;1.0;6.0;48,0299890000; -4,0884130000;
;3;988;98803;1;1;1.0;6.0; -21,4649610000;165,3190950000;
;4;22;22278;2;1;1.0;6.0;48,5059572245; -2,7612486184;
;1;971;97131;1;1;1.0;7.0;15,8623710000; -61,5913830000;
;1;60;60509;2;3;1.0;2.0;49,3025730000;2,6057150000;
;1;77;77091;1;2;1.0;3.0;48,7453440000;2,8406520000;
;5;17;17300;2;9;1.0;3.0;46,1403000000; -1,1650000000;
;3;60;60064;1;1;2.0;6.0;49,4132003908;2,9839854239;
;5;13;13208;2;1;1.0;6.0;43,2588742071;5,3847032715;
;1;2B;2B042;1;1;9.0;6.0;42,5717260000;9,4408340000;
;2;64;64038;2;1;1.0;6.0;43,4559040000; -1,5357650000;
;1;13;13205;2;2;1.0;3.0;43,2881800000;5,3952000000;
;5;2A;2A247;2;4;1.0;3.0;41,5803635469;9,2754582166;
;1;13;13047;1;4;1.0;1.0;43,5852800000;4,9456900000;
;1;16;16393;1;3;1.0;3.0;45,7648880000;0,1621990000;
;1;66;66145;2;3;1.0;3.0;42,6263060000;2,8104831000;
;1;13;13005;2;6;1.0;3.0;43,2971600000;5,5688100000;
;3;07;07207;1;1;1.0;6.0;44,4155130000;4,2796900000;
;1;26;26058;1;1;2.0;2.0;44,9476620000;4,8907290000;
;1;81;81116;1;1;1.0;6.0;43,6990230000;1,8545440000;
;1;21;21023;2;3;1.0;3.0;47,1363300000;4,4849540000;
;1;06;06104;2;1;1.0;6.0;43,7632780000;7,4544170000;
;5;33;33309;2;1;1.0;3.0;45,3065010000; -0,8575720000;
;1;06;06029;2;1;1.0;3.0;43,5523400000;7,0290500000;
;1;40;40328;2;3;7.0;1.0;43,7869700000; -1,4047370000;
;3;49;49298;2;3;5.0;6.0;47,4595200000; -0,7094170000;
;1;75;75112;2;1;1.0;4.0;48,8331910000;2,4069460000;
;2;29;29120;1;1;1.0;7.0;48,2688170000; -4,4247590000;
;1;85;85273;1;1;1.0;7.0;46,8859700000; -1,9828300000;
;1;75;75120;2;4;1.0;3.0;48,8564575738;2,4138714373;
;5;29;29046;2;3;1.0;6.0;48,0895540000; -4,3299540000;
;1;27;27243;1;1;1.0;1.0;49,3974010000;0,3069950000;
;2;59;59363;1;1;1.0;1.0;50,2237030000;3,6425200000;
;1;75;75114;2;1;1.0;4.0;48,8202582268;2,3244251311;
;2;59;59611;1;3;1.0;3.0;50,6935220000;2,9820830000;
;1;75;75112;2;2;1.0;3.0;48,8337200000;2,3824485000;
;1;17;17337;2;6;7.0;2.0;45,9758130000; -1,3526110000;
;3;54;54328;1;1;1.0;6.0;48,6259500000;6,1837900000;
;3;17;17340;1;1;1.0;7.0;46,0751060000; -0,7841710000;
;5;75;75119;2;7;1.0;6.0;48,8780270346;2,3706771433;
;1;75;75119;2;1;1.0;6.0;48,8764164832;2,3785521090;
;1;33;33039;1;1;2.0;2.0;44,7940000000; -0,5396000000;
;1;30;30186;2;1;1.0;1.0;43,7914850000;4,2273060000;
;3;59;59284;1;1;1.0;6.0;50,4163700000;3,4126300000;
;3;92;92036;1;1;4.0;7.0;48,9299019086;2,3021194538;
;1;92;92048;1;1;1.0;2.0;48,8018365085;2,2151025398;
;1;88;88328;2;2;1.0;3.0;48,3213250000;6,8469820000;
;1;92;92036;1;1;9.0;4.0;48,9333403270;2,3021533533;
;1;24;24331;1;1;1.0;1.0;44,8147240000;0,4412980000;
;1;93;93007;1;1;1.0;3.0;48,9467409550;2,4424188267;
;1;13;13080;1;1;7.0;6.0;43,6597530000;5,3995230000;
;3;95;95641;1;1;1.0;2.0;49,0688100000;2,5522600000;
;5;74;74010;2;1;1.0;7.0;45,8852510000;6,1093640000;
;3;95;95572;1;1;1.0;2.0;49,0289927251;2,1266824015;
;3;95;95580;1;1;1.0;3.0;49,0831902377;2,5511554622;
;1;67;67429;1;1;1.0;3.0;48,3861970000;7,4777410000;
;3;77;77449;1;1;1.0;2.0;48,8323747506;2,7821201275;
;1;69;69027;2;1;1.0;6.0;45,6723050000;4,7538610000;
;1;91;91174;2;3;1.0;2.0;48,5860500000;2,4728500000;
;2;988;98804;2;1;3.0;7.0; -21,5223520000;165,9691720000;
;1;91;91174;2;3;1.0;6.0;48,6034200000;2,4684900000;
;1;91;91174;2;3;1.0;3.0;48,6078700000;2,4742900000;
;2;974;97408;2;2;1.0;3.0; -20,9326680000;55,3350130000;
;1;91;91174;2;1;1.0;6.0;48,5948800000;2,4784700000;
;1;91;91521;1;1;3.0;1.0;48,6412800000;2,4201000000;
;1;91;91174;2;3;1.0;3.0;48,5868400000;2,4770600000;
;3;971;97117;1;1;1.0;1.0;16,3340390000; -61,3837960000;
;1;974;97416;1;1;1.0;6.0; -21,3247800000;55,4888700000;
;5;974;97411;2;1;2.0;1.0; -20,8887600000;55,5001300000;
;2;77;77318;1;2;1.0;3.0;48,7925390000;2,9348730000;
;1;974;97411;2;1;1.0;6.0; -20,9055600000;55,4749900000;
;5;974;97407;2;1;1.0;6.0; -20,9461300000;55,2920400000;
;1;974;97407;1;1;1.0;2.0; -20,9405700000;55,3053700000;
;2;78;78601;1;1;1.0;6.0;48,5747050000;1,8326140000;
;5;69;69383;2;2;1.0;3.0;45,7516800000;4,8950000000;
;5;69;69388;2;1;4.0;6.0;45,7375375411;4,8708093168;
;3;972;97213;1;1;1.0;1.0;14,6434100000; -60,9910300000;
;2;69;69385;2;1;4.0;6.0;45,7521500000;4,7829600000;
;3;69;69152;2;1;4.0;1.0;45,7044900000;4,8291300000;
;1;69;69385;2;1;1.0;6.0;45,7612600000;4,8251400000;
;1;971;97105;2;1;1.0;3.0;15,9993100000; -61,7215800000;
;1;78;78320;1;1;1.0;1.0;49,0476830000;1,5224850000;
;5;2A;2A004;2;2;1.0;6.0;41,9350000000;8,7510000000;
;1;34;34329;2;1;7.0;6.0;43,2361950000;3,2649730000;
;5;91;91326;2;3;1.0;2.0;48,6875800000;2,3720500000;
;1;91;91479;1;1;1.0;2.0;48,7429200000;2,3638500000;
;5;86;86066;2;1;8.0;6.0;46,8191190000;0,5220280000;
;1;84;84035;2;9;1.0;6.0;43,8488600000;5,0383200000;
;1;05;05178;1;1;1.0;6.0;44,3480280000;5,9109560000;
;1;83;83137;2;1;2.0;6.0;43,1347300000;5,9015700000;
;1;79;79191;2;1;1.0;7.0;46,3108000000; -0,4458400000;
;2;13;13086;2;1;1.0;7.0;43,3373680000;5,5996640000;
;5;79;79191;2;9;2.0;2.0;46,3336000000; -0,4330000000;
;3;78;78440;2;1;1.0;2.0;48,9929030000;1,8983030000;
;1;13;13074;2;6;1.0;7.0;43,6460520000;5,5732660000;
;5;76;76341;1;1;1.0;6.0;49,5034309847;0,1941972971;
;5;72;72181;1;1;1.0;4.0;47,9913500000;0,1750800000;
;5;67;67482;2;1;1.0;6.0;48,6043200000;7,7177000000;
;1;57;57160;1;6;2.0;3.0;49,1873290000;6,7096770000;
;1;64;64545;1;1;1.0;2.0;43,3343000000; -1,6777900000;
;1;64;64132;2;1;1.0;6.0;43,2902570000; -0,3563980000;
;1;62;62617;2;1;1.0;6.0;50,4765100000;2,6652900000;
;5;60;60057;2;1;1.0;6.0;49,4214600000;2,0799970000;
;1;59;59599;2;1;1.0;1.0;50,7241900000;3,1726800000;
;2;81;81283;2;2;1.0;3.0;43,9361290000;1,9539790000;
;5;55;55029;2;1;1.0;6.0;48,7740000000;5,1590000000;
;2;54;54395;2;1;1.0;6.0;48,7030648359;6,1464536190;
;1;54;54025;1;1;1.0;2.0;48,6458600000;6,2847200000;
;1;85;85019;1;1;1.0;7.0;46,7972390000; -1,4292740000;
;2;76;76276;2;1;1.0;6.0;49,6094020000;1,5343600000;
;5;51;51454;2;1;1.0;3.0;49,2167700000;4,0286100000;
;5;51;51454;2;1;1.0;7.0;49,2648600000;4,0266100000;
;5;51;51454;2;1;1.0;3.0;49,2365100000;4,0713400000;
;1;60;60473;1;1;1.0;7.0;49,0931090000;2,8269840000;
;5;50;50129;2;1;1.0;2.0;49,6296280000; -1,6179830000;
;1;45;45234;2;1;1.0;6.0;47,9066310000;1,9061110000;
;1;60;60234;2;1;1.0;7.0;49,3887120000;2,4328980000;
;1;43;43157;1;1;4.0;6.0;45,0180700000;3,8973000000;
;3;60;60106;2;1;1.0;6.0;49,3824920000;2,4372750000;
;5;42;42218;2;1;1.0;6.0;45,4100400000;4,3841300000;
;1;42;42218;2;1;8.0;6.0;45,4584900000;4,3860600000;
;1;62;62899;2;1;1.0;6.0;50,8837980000;1,6609100000;
;5;35;35238;2;1;9.0;7.0;48,1048174450; -1,6503296793;
;5;35;35238;2;2;1.0;3.0;48,1135500000; -1,6751000000;
;1;59;59219;1;1;7.0;3.0;50,2529470000;3,3039560000;
;5;34;34172;2;1;1.0;6.0;43,6446300000;3,8420800000;
;5;34;34172;2;2;2.0;3.0;43,5992500000;3,8797700000;
;5;34;34003;2;1;2.0;6.0;43,3127584571;3,4738234431;
;5;59;59250;1;1;1.0;6.0;50,5801550634;2,8777903318;
;5;33;33063;2;1;2.0;7.0;44,8500718625; -0,5855879188;
;1;33;33529;2;3;1.0;3.0;44,6355980000; -1,1335000000;
;5;31;31555;2;1;1.0;3.0;43,5907300000;1,4177000000;
;1;13;13202;1;1;1.0;2.0;43,2980000000;5,3640000000;
;1;69;69286;1;1;1.0;5.0;45,8511575219;4,9103415012;
;1;91;91312;1;1;2.0;7.0;48,7394400000;2,2256200000;
;3;91;91689;1;1;1.0;3.0;48,7409300000;2,3212240000;
;1;92;92064;1;1;1.0;4.0;48,8374721916;2,1885659846;
;1;93;93010;1;1;1.0;5.0;48,9132562331;2,4767729969;
;1;95;95306;1;1;1.0;3.0;49,0060000000;2,1642300000;
;1;93;93010;1;1;2.0;2.0;48,9062533918;2,4721405579;
;1;93;93063;1;1;1.0;5.0;48,8740284252;2,4378279214;
;1;75;75112;1;1;1.0;2.0;48,8189830000;2,4574720000;
;3;94;94069;1;1;1.0;6.0;48,8173294761;2,4285464286;
;1;14;14165;2;3;1.0;3.0;49,3486610000; -0,8426800000;
;1;973;97302;2;1;1.0;3.0;4,9220000000; -52,3039200000;
;1;973;97302;2;3;1.0;3.0;4,9149233134; -52,3209875822;
;1;972;97213;1;1;1.0;3.0;14,6233700000; -60,9889200000;
;5;972;97209;1;1;1.0;6.0;14,6182400000; -61,0364000000;
;5;972;97209;2;1;2.0;2.0;14,6099600000; -61,0652800000;
;1;971;97101;1;1;1.0;4.0;16,2513400000; -61,5303500000;
;1;2A;2A004;2;1;1.0;2.0;41,9128721715;8,7245312333;
;1;2A;2A004;2;2;1.0;3.0;41,9288600000;8,7375100000;
;1;95;95018;2;2;1.0;6.0;48,9609170693;2,2555178404;
;1;91;91103;2;1;1.0;6.0;48,6048600000;2,3204200000;
;1;91;91161;2;1;2.0;2.0;48,7128000000;2,2978800000;
;1;91;91201;2;1;1.0;5.0;48,6837100000;2,4083300000;
;5;83;83137;2;1;1.0;1.0;43,1211900000;5,9304200000;
;1;77;77350;1;1;1.0;1.0;48,7781400000;2,7090700000;
;1;77;77501;1;1;8.0;1.0;48,3290700000;2,8604800000;
;1;69;69264;2;2;1.0;2.0;45,9996024637;4,7193279862;
;1;69;69290;2;2;7.0;1.0;45,7080800000;4,9180600000;
;1;69;69029;2;1;1.0;3.0;45,7267700000;4,9289700000;
;3;68;68376;2;1;8.0;7.0;47,8062300000;7,3169700000;
;3;66;66136;1;1;1.0;2.0;42,7170300000;2,8734310000;
;1;66;66136;1;1;1.0;2.0;42,6774100000;2,8486100000;
;1;64;64445;2;1;1.0;2.0;43,3210623963; -0,3789512068;
;1;62;62427;2;9;1.0;3.0;50,4079100000;2,9698800000;
;1;62;62193;2;6;1.0;2.0;50,9541390000;1,8910690000;
;1;62;62193;2;1;1.0;7.0;50,9519490000;1,8847300000;
;1;62;62263;1;1;1.0;1.0;50,2833100000;2,7018700000;
;1;61;61001;2;4;1.0;5.0;48,4189800000;0,0895000000;
;1;60;60057;2;1;1.0;2.0;49,4333900000;2,1213400000;
;5;59;59350;2;9;1.0;3.0;50,6322145889;3,0150783060;
;5;59;59569;2;1;2.0;6.0;50,3667442586;3,0976831913;
;1;56;56121;2;1;1.0;7.0;47,7720000000; -3,4040000000;
;1;54;54321;1;1;1.0;1.0;49,5367500000;5,8001700000;
;1;50;50129;2;2;1.0;2.0;49,6339700000; -1,6227600000;
;1;45;45004;2;1;1.0;2.0;47,9811000000;2,7329620000;
;2;44;44109;2;3;1.0;3.0;47,2273500000; -1,5609300000;
;1;43;43251;2;1;1.0;2.0;45,0281000000;3,8800800000;
;1;42;42099;2;3;7.0;1.0;45,3883700000;4,2688600000;
;1;40;40279;2;1;1.0;6.0;43,7257200000; -1,0469300000;
;2;974;97412;2;1;1.0;6.0; -21,3794720000;55,6294490000;
;1;67;67202;2;8;1.0;3.0;48,7550820000;7,5670860000;
;1;22;22193;1;2;2.0;3.0;48,4162172862; -2,3857122663;
;1;34;34270;2;1;1.0;1.0;43,5931280000;3,8301780000;
;2;62;62117;2;3;9.0;3.0;50,0891900000;2,9774020000;
;3;56;56022;1;1;1.0;6.0;47,7848930000; -2,9248090000;
;1;33;33036;2;3;1.0;6.0;44,4313590000; -0,2134980000;
;1;81;81002;2;1;1.0;1.0;43,4986280000;2,3415060000;
;1;71;71144;1;1;1.0;5.0;47,0496570000;4,3464660000;
;1;38;38257;1;3;1.0;3.0;45,4850410000;5,3995120000;
;1;02;02810;1;1;1.0;3.0;49,2523440000;3,0630930000;
;1;72;72373;2;2;1.0;3.0;48,0598970000;0,7285310000;
;1;60;60188;2;1;1.0;6.0;49,3890810000;3,0062740000;
;5;40;40312;2;3;2.0;3.0;43,5535870000; -1,4573890000;
;1;08;08151;2;1;1.0;6.0;49,5281120000;4,5776990000;
;2;53;53112;1;1;1.0;1.0;48,3689090000; -0,3381510000;
;1;971;97103;1;1;1.0;4.0;16,2540450000; -61,5509250000;
;1;38;38348;1;1;1.0;3.0;45,5875550000;5,3007320000;
;3;77;77126;1;1;1.0;6.0;49,0140300000;2,9495060000;
;1;83;83042;1;1;1.0;1.0;43,2605110000;6,5684780000;
;5;06;06147;1;1;1.0;3.0;43,7802200000;7,2756740000;
;3;25;25047;1;3;1.0;5.0;47,3621560000;6,3753320000;
;3;49;49020;2;1;6.0;1.0;47,4795370000; -0,6194400000;
;3;35;35228;1;1;2.0;6.0;48,6051630000; -2,0567610000;
;1;27;27623;2;1;1.0;6.0;49,2093590000;1,0527830000;
;1;60;60678;1;9;1.0;1.0;49,2444650000;2,0848260000;
;2;83;83137;1;1;1.0;2.0;43,1261021146;5,9089611769;
;1;54;54265;1;1;1.0;5.0;48,6423100000;6,1617900000;
;5;59;59196;1;1;1.0;6.0;50,6344360000;2,9489480000;
;1;59;59603;1;1;1.0;2.0;50,3380302625;3,5065011977;
;1;91;91377;1;1;1.0;3.0;48,7242900000;2,2989500000;
;1;92;92036;1;1;1.0;3.0;48,9348846198;2,2827304295;
;1;92;92050;1;1;1.0;6.0;48,9180852121;2,2229496253;
;3;78;78217;1;1;1.0;5.0;48,9631600000;1,8369500000;
;1;93;93053;1;1;1.0;2.0;48,9025000000;2,4676000000;
;4;93;93053;1;1;1.0;2.0;48,8961600000;2,4702200000;
;3;93;93066;1;1;1.0;6.0;48,9227000000;2,3452000000;
;1;94;94046;1;1;1.0;4.0;48,8129273331;2,4489557692;
;1;94;94018;1;1;1.0;4.0;48,8205076244;2,4018322324;
;3;77;77514;1;1;1.0;7.0;48,9365070000;2,6279810000;
;1;973;97302;2;2;2.0;3.0;4,9365075065; -52,3277011514;
;4;69;69259;2;2;1.0;3.0;45,7073000000;4,8768800000;
;2;69;69259;2;1;1.0;2.0;45,7109039520;4,8827147484;
;1;69;69387;2;3;1.0;1.0;45,7278400000;4,8240500000;
;1;972;97209;1;1;1.0;6.0;14,6751200000; -61,0916200000;
;5;69;69202;2;1;1.0;6.0;45,7252521515;4,7779718041;
;1;971;97101;1;1;1.0;6.0;16,2666700000; -61,4739000000;
;5;971;97105;1;1;1.0;7.0;15,9966658812; -61,7272102833;
;1;2A;2A004;2;1;1.0;6.0;41,9307000000;8,7397100000;
;1;91;91434;2;1;7.0;2.0;48,6470500000;2,3446800000;
;1;91;91432;2;1;1.0;6.0;48,7039870000;2,3282460000;
;5;91;91432;2;3;1.0;3.0;48,7068370000;2,3319000000;
;1;88;88209;2;9;7.0;6.0;48,1903600000;6,4249500000;
;1;83;83137;2;1;1.0;3.0;43,1264860012;5,8999653160;
;1;77;77186;1;2;1.0;3.0;48,3695000000;2,7199000000;
;1;76;76600;2;1;1.0;6.0;49,7343210000;0,3555650000;
;1;69;69266;2;1;1.0;6.0;45,7690600000;4,8818400000;
;5;64;64284;2;1;1.0;7.0;43,2655710000; -0,3897730000;
;5;61;61169;2;9;2.0;3.0;48,7357000000; -0,5754000000;
;1;57;57630;2;2;1.0;3.0;48,7357000000;7,0564900000;
;5;51;51454;2;1;1.0;7.0;49,2649900000;4,0415700000;
;1;49;49007;2;1;1.0;1.0;47,4519000000; -0,5710000000;
;5;37;37261;2;1;1.0;3.0;47,4246540122;0,6972509623;
;1;35;35115;2;9;1.0;6.0;48,3453250000; -1,1940850000;
;5;33;33063;2;3;1.0;2.0;44,8139500000; -0,5677470000;
;5;18;18033;2;2;1.0;3.0;47,1000900000;2,4156400000;
;5;13;13206;2;2;1.0;3.0;43,2890900000;5,3841000000;
;1;13;13213;2;1;2.0;2.0;43,3328800000;5,4363000000;
;5;13;13213;2;1;1.0;3.0;43,3207300000;5,4582100000;
;2;13;13001;1;1;1.0;1.0;43,4894000000;5,4079400000;
;1;06;06083;2;1;1.0;3.0;43,7787550000;7,5049540000;
;2;75;75113;2;4;1.0;6.0;48,8165540000;2,3642960000;
;3;75;75113;2;4;1.0;2.0;48,8207580106;2,3764961958;
;2;75;75120;2;1;1.0;3.0;48,8696430000;2,4132670000;
;5;75;75116;2;1;1.0;7.0;48,8506490000;2,2522180000;
;1;75;75119;2;2;1.0;4.0;48,8943120000;2,3817240000;
;5;75;75118;2;1;1.0;3.0;48,8938670000;2,3347390000;
;1;75;75118;2;3;1.0;3.0;48,8927042410;2,3597672582;
;5;75;75116;2;7;1.0;3.0;48,8740590000;2,2942130000;
;5;75;75106;2;2;1.0;3.0;48,8515877943;2,3311105371;
;1;75;75114;2;3;1.0;6.0;48,8418762352;2,3226240277;
;1;75;75114;2;1;1.0;3.0;48,8293040000;2,3281580000;
;1;75;75113;2;4;1.0;2.0;48,8260428158;2,3872116208;
;1;75;75113;2;2;1.0;6.0;48,8322360000;2,3797740000;
;1;75;75111;2;3;1.0;3.0;48,8611440000;2,3828610000;
;5;75;75111;2;2;1.0;3.0;48,8662910000;2,3720930000;
;1;75;75108;2;4;1.0;3.0;48,8805312538;2,3099425435;
;5;75;75103;2;3;1.0;3.0;48,8658190000;2,3608900000;
;1;94;94076;2;1;1.0;6.0;48,7925700000;2,3537400000;
;5;94;94003;2;9;1.0;2.0;48,8095292759;2,3256120086;
;5;94;94022;2;1;1.0;2.0;48,7740000000;2,4094700000;
;5;93;93071;2;2;1.0;6.0;48,9399000000;2,5172500000;
;5;93;93048;2;1;1.0;3.0;48,8588500000;2,4363100000;
;1;17;17373;1;2;1.0;3.0;46,1592340000; -0,9805080000;
;3;33;33289;2;1;1.0;7.0;44,6497380000;0,0880270000;
;1;44;44169;1;1;1.0;1.0;47,2357720000; -1,4362910000;
;1;71;71383;1;1;1.0;3.0;46,4162110000;4,8633190000;
;4;974;97410;2;6;1.0;6.0; -21,0482370000;55,7169270000;
;3;63;63054;1;1;1.0;2.0;45,4823694245;3,2463312144;
;5;34;34295;1;1;1.0;3.0;43,5640360000;3,8025570000;
;1;63;63298;1;1;1.0;6.0;45,7342850000;3,7356780000;
;1;12;12288;1;3;1.0;3.0;44,4302290000;2,4508900000;
;2;12;12171;1;1;7.0;1.0;44,5049380000;2,4317550000;
;2;41;41296;1;1;1.0;4.0;47,6264500000;2,0080350000;
;3;44;44213;1;1;1.0;7.0;47,4140390000; -1,0441440000;
;3;02;02315;2;1;1.0;6.0;49,7009440000;3,1857990000;
;1;03;03118;1;1;1.0;1.0;46,0999300000;3,2179210000;
;1;03;03221;1;2;1.0;3.0;46,6608780000;2,6730570000;
;1;70;70421;2;1;1.0;6.0;47,6882530000;6,0458730000;
;1;43;43113;1;3;1.0;3.0;44,9994980000;3,9928030000;
;3;43;43150;1;1;1.0;1.0;45,1044860000;4,0693620000;
;1;16;16107;2;1;1.0;1.0;45,8103530000;0,2870550000;
;1;16;16308;2;1;1.0;6.0;45,8955846783;0,4658762366;
;2;24;24520;2;1;1.0;6.0;44,8900570000;1,2185330000;
;1;04;04209;2;2;1.0;3.0;44,1812920000;5,9407280000;
;1;04;04236;1;1;1.0;7.0;43,9149600000;6,5637950000;
;1;04;04108;2;2;1.0;3.0;44,0462840000;6,0324330000;
;1;85;85023;1;1;1.0;6.0;46,5388200000; -1,1973810000;
;3;28;28025;1;1;1.0;7.0;48,2580960000;1,9667120000;
;5;28;28025;2;1;1.0;1.0;48,2525480000;1,9483080000;
;1;35;35210;1;1;1.0;6.0;48,1543089074; -1,8043595881;
;1;66;66213;2;1;1.0;6.0;42,6704992367;2,8289761394;
;5;987;98715;1;3;1.0;1.0; -17,5523830000; -149,5992850000;
;2;38;38397;1;9;1.0;6.0;45,2408300000;5,8486020000;
;1;33;33002;1;1;1.0;2.0;44,5042190000; -0,0383660000;
;1;38;38197;1;1;1.0;2.0;45,7661460000;5,0970980000;
;1;69;69097;1;1;1.0;7.0;45,5046780000;4,7359230000;
;1;45;45028;2;1;1.0;6.0;47,7778780000;1,6278900000;
;1;77;77510;1;1;1.0;7.0;48,8235400000;2,7909400000;
;1;66;66164;2;3;1.0;6.0;42,7792200000;2,8714330000;
;1;84;84141;2;1;1.0;2.0;43,9805480000;4,8871230000;
;1;84;84034;1;3;1.0;1.0;43,8834960000;4,9733900000;
;1;83;83094;1;1;1.0;6.0;43,3188280000;6,5449980000;
;1;73;73003;2;1;1.0;6.0;45,5014630000;6,5091020000;
;1;26;26096;1;3;1.0;3.0;45,0736014253;4,9354147911;
;1;59;59379;1;1;1.0;6.0;50,2893120000;3,2269760000;
;3;13;13202;1;1;1.0;2.0;43,3356000000;5,3542300000;
;5;13;13215;1;1;1.0;1.0;43,3199600000;5,3710100000;
;3;13;13106;1;1;1.0;2.0;43,4024300000;5,3559400000;
;3;13;13211;1;1;1.0;2.0;43,2919000000;5,4526900000;
;1;69;69266;1;1;1.0;4.0;45,7853746632;4,8897635937;
;3;42;42183;1;9;1.0;6.0;45,4048300000;4,3760700000;
;1;94;94034;1;6;1.0;6.0;48,7579400000;2,3397500000;
;3;91;91161;1;1;1.0;4.0;48,6956600000;2,3176400000;
;1;91;91161;1;1;1.0;4.0;48,7108900000;2,2992800000;
;1;92;92050;1;1;1.0;2.0;48,9154302971;2,2202267987;
;4;95;95277;1;1;1.0;7.0;48,9822200000;2,5002500000;
;1;93;93013;1;1;1.0;2.0;48,9401100000;2,4220900000;
;3;95;95252;1;1;1.0;6.0;48,9856450000;2,2132820000;
;3;95;95572;1;1;1.0;6.0;49,0482900000;2,1335200000;
;1;93;93064;1;1;1.0;4.0;48,8811807298;2,4744982044;
;1;94;94017;1;1;1.0;4.0;48,8268920527;2,5112557410;
;3;94;94069;1;9;1.0;2.0;48,8172500000;2,4240400000;
;5;92;92035;2;1;1.0;6.0;48,9050917656;2,2390785813;
;1;73;73011;2;1;1.0;6.0;45,6680120000;6,3903670000;
;1;974;97407;2;1;1.0;7.0; -20,9588500000;55,3146000000;
;1;974;97407;2;1;1.0;2.0; -20,9357000000;55,2911500000;
;1;973;97302;1;1;2.0;3.0;4,9044500000; -52,3191300000;
;4;973;97302;1;1;2.0;7.0;4,9035900000; -52,3164100000;
;1;69;69388;2;1;1.0;3.0;45,7241400000;4,8869900000;
;1;69;69259;2;1;2.0;1.0;45,7257000000;4,8609400000;
;3;972;97209;2;1;1.0;6.0;14,6055800000; -61,0595800000;
;3;972;97209;1;1;1.0;7.0;14,6166300000; -61,0746600000;
;1;69;69385;2;1;1.0;3.0;45,7508058257;4,8150479794;
;1;91;91657;2;1;1.0;3.0;48,7020200000;2,4260300000;
;3;91;91223;1;1;1.0;7.0;48,4380130000;2,1624260000;
;1;83;83069;2;3;1.0;3.0;43,1059900000;6,1754300000;
;1;82;82033;2;1;2.0;2.0;44,0616000000;1,0979000000;
;5;76;76540;2;1;9.0;6.0;49,4443000000;1,0752000000;
;1;74;74012;2;9;1.0;3.0;46,1929000000;6,2374000000;
;5;64;64129;2;2;1.0;1.0;43,3021660000; -0,3963980000;
;5;64;64102;2;3;1.0;3.0;43,4945800000; -1,4778000000;
;3;61;61117;1;1;1.0;1.0;48,4406600000;0,0179300000;
;1;59;59009;2;1;1.0;3.0;50,6140000000;3,1349300000;
;5;59;59183;2;6;1.0;3.0;51,0175029355;2,3475739360;
;1;59;59431;1;2;1.0;3.0;50,6858740000;2,8257570000;
;1;54;54431;2;1;1.0;7.0;48,9167900000;6,0639900000;
;1;51;51454;2;1;1.0;3.0;49,2517513786;4,0215459466;
;1;50;50502;2;1;2.0;2.0;49,1146900000; -1,0928200000;
;1;45;45284;2;6;1.0;3.0;47,9107120000;1,9525870000;
;1;44;44143;2;1;1.0;3.0;47,1760770000; -1,5336680000;
;1;33;33281;2;2;1.0;2.0;44,8328900000; -0,6635700000;
;1;33;33063;2;1;1.0;4.0;44,8233200000; -0,5425700000;
;5;31;31555;2;9;1.0;7.0;43,5873400000;1,4614600000;