Num_Acc;lum;departement;commune;agglomeration;intersection;meteo;type_collision;lat;long;date
;1;973;97302;2;1;1.0;7.0;4,9210376143; -52,3220577836;
;1;973;97302;2;3;1.0;3.0;4,9298800000; -52,3041200000;
;1;69;69387;2;1;1.0;6.0;45,7533900000;4,8452700000;
;2;2B;2B033;1;1;1.0;1.0;42,6846800000;9,4167100000;
;5;2A;2A004;2;7;1.0;3.0;41,9456684452;8,7699072365;
;1;95;95277;2;1;1.0;6.0;48,9832730000;2,4485350000;
;1;90;90010;2;9;1.0;3.0;47,6337500000;6,8389900000;
;3;87;87075;2;1;1.0;6.0;45,7903200000;1,1693700000;
;1;87;87085;2;1;1.0;6.0;45,8294800000;1,2447300000;
;1;87;87085;2;2;1.0;3.0;45,8214000000;1,2403400000;
;1;87;87085;2;1;1.0;6.0;45,8821100000;1,2901400000;
;2;83;83129;2;1;1.0;2.0;43,0951240000;5,8330760000;
;1;76;76319;1;1;1.0;7.0;49,3573262763;1,0331803308;
;5;72;72181;2;1;1.0;7.0;47,9966971218;0,2348899839;
;1;71;71486;1;1;1.0;7.0;46,6462037258;4,3360580206;
;5;69;69256;2;4;1.0;7.0;45,7763600000;4,9399200000;
;1;68;68066;2;2;1.0;3.0;48,0820300000;7,3603600000;
;1;67;67482;2;1;1.0;2.0;48,5409900000;7,7600100000;
;1;67;67482;2;1;1.0;2.0;48,5950000000;7,7103500000;
;1;67;67482;2;1;1.0;6.0;48,5624000000;7,6947100000;
;1;66;66136;2;3;1.0;3.0;42,7046600000;2,8884800000;
;1;63;63075;2;1;1.0;6.0;45,7685980937;3,0612748861;
;1;61;61001;2;1;1.0;3.0;48,4435800000;0,1107900000;
;2;59;59599;2;1;1.0;6.0;50,7152220359;3,1514078379;
;1;59;59599;2;1;1.0;6.0;50,7148495388;3,1694456935;
;1;59;59350;2;4;1.0;3.0;50,6487983432;2,9752993584;
;5;52;52448;2;3;1.0;3.0;48,6374580000;4,9433690000;
;1;51;51454;2;2;1.0;3.0;49,2512086352;4,0343776345;
;3;49;49353;2;1;1.0;2.0;47,4526900000; -0,5146900000;
;1;49;49015;2;1;1.0;6.0;47,5193070000; -0,5873620000;
;1;45;45068;2;1;1.0;7.0;48,0156650000;2,7327270000;
;1;44;44035;1;1;1.0;2.0;47,2566600000; -1,5420900000;
;2;42;42187;2;1;1.0;2.0;46,0364700000;4,0683900000;
;1;37;37233;1;1;1.0;3.0;47,3811500000;0,7480300000;
;1;37;37214;2;4;1.0;6.0;47,3954768750;0,6563687325;
;1;35;35238;2;6;1.0;3.0;48,0928992873; -1,6398945451;
;1;33;33167;2;1;1.0;3.0;44,8353594801; -0,5404248834;
;1;33;33063;2;1;1.0;6.0;44,8428400000; -0,5593600000;
;1;33;33522;2;1;1.0;6.0;44,7947800000; -0,6045400000;
;5;31;31555;2;1;1.0;3.0;43,6271660000;1,4786390000;
;1;27;27681;2;3;1.0;6.0;49,0794400000;1,4754300000;
;1;17;17274;2;6;1.0;3.0;46,1601000000; -1,1024000000;
;3;76;76533;1;1;1.0;7.0;49,5095500000;0,2727480000;
;2;60;60589;1;1;1.0;6.0;49,2157451039;2,4654436109;
;1;59;59029;1;1;1.0;7.0;50,4846410000;3,1858850000;
;1;83;83062;1;1;1.0;4.0;43,1437595812;6,0225244760;
;2;94;94076;1;1;1.0;6.0;48,7950670141;2,3452843000;
;2;78;78466;1;1;1.0;2.0;48,9261600000;1,9969400000;
;1;92;92025;1;1;1.0;2.0;48,9280993721;2,2383538616;
;1;92;92064;1;1;1.0;2.0;48,8429820546;2,2224709619;
;1;92;92036;1;1;1.0;4.0;48,9362604392;2,2896237179;
;1;93;93005;1;1;3.0;6.0;48,9614000000;2,4693300000;
;2;93;93063;1;1;1.0;5.0;48,8791960301;2,4484241199;
;1;93;93078;1;1;2.0;6.0;48,9601900000;2,5400000000;
;1;93;93064;1;1;2.0;2.0;48,8869396963;2,4760490656;
;1;94;94015;1;1;3.0;6.0;48,8325700000;2,5332900000;
;3;36;36202;1;1;1.0;5.0;46,7647700000;1,6735400000;
;5;987;98736;2;9;1.0;1.0; -17,5321410000; -149,5437630000;
;1;976;97611;2;6;1.0;3.0; -12,7904600000;45,2227300000;
;5;69;69387;2;3;1.0;2.0;45,7224100000;4,8422400000;
;1;69;69383;2;1;1.0;6.0;45,7611973224;4,8575176119;
;1;69;69259;2;3;1.0;6.0;45,6973800000;4,8721200000;
;1;69;69386;2;3;1.0;3.0;45,7664600000;4,8495000000;
;5;972;97213;1;1;1.0;2.0;14,6153200000; -61,0135300000;
;2;69;69384;2;3;1.0;7.0;45,7798100000;4,8116400000;
;2;69;69381;2;1;1.0;6.0;45,7678300000;4,8320800000;
;1;69;69382;2;4;1.0;6.0;45,7627000000;4,8374800000;
;1;69;69034;2;9;1.0;2.0;45,7854245804;4,8481062055;
;1;2A;2A004;2;3;1.0;5.0;41,9135768000;8,7253014000;
;1;2A;2A004;2;1;1.0;3.0;41,9366400000;8,7535300000;
;5;91;91347;2;1;1.0;3.0;48,6453920000;2,2975180000;
;1;91;91479;2;1;1.0;6.0;48,7147700000;2,3607600000;
;1;88;88087;2;3;1.0;3.0;48,1772900000;6,4269300000;
;1;83;83137;2;1;1.0;4.0;43,1285100000;5,9150500000;
;1;83;83123;2;1;1.0;6.0;43,1271090000;5,7861320000;
;1;83;83069;1;1;1.0;5.0;43,1661600000;6,1195100000;
;1;71;71105;2;1;1.0;6.0;46,3055600000;4,7891700000;
;2;69;69275;2;1;1.0;5.0;45,7546700000;4,9352900000;
;5;69;69264;2;4;1.0;3.0;45,9806000000;4,7188600000;
;1;67;67482;2;1;1.0;6.0;48,5712000000;7,7691800000;
;1;64;64445;2;3;1.0;3.0;43,3046400000; -0,3681900000;
;1;64;64024;2;6;1.0;3.0;43,4965900000; -1,5380900000;
;1;59;59512;2;3;1.0;6.0;50,7056400000;3,1798800000;
;1;54;54483;2;1;1.0;3.0;48,6285700000;6,2969800000;
;1;50;50502;1;1;1.0;6.0;49,1054300000; -1,0939100000;
;2;45;45234;2;1;8.0;3.0;47,9052800000;1,8970500000;
;1;45;45234;2;2;8.0;3.0;47,9013000000;1,9039200000;
;3;82;82137;1;1;1.0;6.0;44,2652090000;1,8598080000;
;1;42;42207;2;1;1.0;7.0;45,4555800000;4,5004200000;
;1;71;71056;2;3;1.0;3.0;46,6429880000;5,1750331000;
;1;42;42218;2;2;1.0;3.0;45,4461100000;4,4001900000;
;1;61;61002;1;1;1.0;2.0;48,6964350000;0,1240900000;
;1;12;12119;1;1;1.0;6.0;44,6777930000;2,8511940000;
;1;46;46117;1;1;1.0;6.0;44,9432810000;1,9090680000;
;1;41;41047;2;1;2.0;2.0;47,6065400000;1,3534800000;
;1;37;37122;2;1;1.0;7.0;47,3409500000;0,6551000000;
;2;34;34150;1;3;1.0;1.0;43,3897840000;3,5372110000;
;1;35;35238;2;9;1.0;3.0;48,1356329913; -1,6601626575;
;1;25;25022;2;4;7.0;3.0;47,5206330000;6,6595250000;
;2;35;35051;1;1;5.0;7.0;48,1478610016; -1,5946859121;
;1;25;25030;1;1;1.0;5.0;47,2539190000;5,8737710000;
;1;33;33522;2;1;1.0;6.0;44,8053200000; -0,5865800000;
;1;38;38422;1;1;1.0;6.0;45,1627260000;5,8139930000;
;1;02;02575;2;1;1.0;7.0;49,8436980000;3,4873970000;
;1;33;33063;2;2;1.0;3.0;44,8509400000; -0,5778300000;
;1;13;13205;2;2;1.0;7.0;43,2936400000;5,4013000000;
;1;13;13208;2;9;1.0;3.0;43,2672600000;5,3838900000;
;1;01;01093;1;1;1.0;5.0;46,1297460000;4,9652950000;
;1;31;31555;1;9;2.0;4.0;43,5542900000;1,4098900000;
;1;58;58106;1;1;1.0;6.0;47,2822170000;3,9910090000;
;1;13;13028;2;1;1.0;1.0;43,1870822981;5,6233234947;
;1;10;10297;2;1;7.0;6.0;48,3215000000;4,1089490000;
;1;54;54491;1;1;1.0;1.0;49,3625745742;5,9074419745;
;1;17;17300;2;6;1.0;3.0;46,1429800000; -1,1536100000;
;1;09;09225;2;1;1.0;2.0;43,1073800000;1,6180400000;
;1;05;05012;2;3;1.0;3.0;44,5493890000;6,4847820000;
;1;06;06088;2;1;1.0;6.0;43,6982400000;7,2873200000;
;1;13;13103;2;1;1.0;3.0;43,6376400000;5,0953600000;
;1;50;50388;1;9;1.0;6.0;49,0185080000; -1,4878590000;
;2;75;75118;2;1;1.0;3.0;48,9008200000;2,3694450000;
;1;09;09103;2;1;1.0;7.0;43,0129710000;1,6077590000;
;1;75;75116;2;3;1.0;2.0;48,8775043020;2,2799071670;
;5;13;13206;2;2;1.0;3.0;43,2900874475;5,3723631015;
;1;60;60616;1;1;8.0;6.0;49,3657750000;1,7657950000;
;2;13;13204;2;1;1.0;3.0;43,3081200000;5,4029500000;
;1;73;73188;1;3;1.0;3.0;45,6183710000;6,3324060000;
;5;75;75112;2;1;1.0;4.0;48,8284710000;2,3974180000;
;1;13;13209;2;1;1.0;3.0;43,2566300000;5,4196400000;
;1;04;04088;1;1;1.0;1.0;43,9461450000;5,8093540000;
;5;75;75120;2;1;1.0;4.0;48,8599300000;2,4139920000;
;3;13;13001;1;1;1.0;1.0;43,5298200000;5,4280200000;
;1;04;04172;1;1;1.0;1.0;43,8421030000;6,1598970000;
;3;75;75119;2;2;1.0;3.0;48,8887870000;2,3930890000;
;1;48;48075;1;1;1.0;6.0;44,3623050000;3,5618450000;
;1;01;01451;2;1;1.0;1.0;46,2144600000;5,2160500000;
;1;75;75118;2;5;1.0;6.0;48,8912650000;2,3612590000;
;1;67;67415;2;1;1.0;6.0;48,9072340000;7,5313210000;
;1;75;75118;2;2;1.0;6.0;48,8915540000;2,3496330000;
;1;34;34255;1;1;7.0;3.0;43,7006130000;3,8218260000;
;1;75;75112;2;1;2.0;2.0;48,8308070000;2,4031540000;
;1;75;75117;2;2;1.0;3.0;48,8803210000;2,2998520000;
;3;13;13049;1;1;1.0;2.0;43,6892100000;5,0961540000;
;1;75;75117;2;1;2.0;3.0;48,8793790000;2,2813450000;
;1;75;75115;2;2;1.0;6.0;48,8338820000;2,3081070000;
;1;986;98613;1;1;1.0;3.0; -13,2805890000; -176,1928510000;
;5;75;75107;2;1;1.0;7.0;48,8615880000;2,2976610000;
;5;75;75105;2;3;1.0;3.0;48,8510837286;2,3444907220;
;1;973;97311;1;9;1.0;1.0;5,4767600000; -54,0385510000;
;1;75;75112;2;1;1.0;2.0;48,8484100000;2,3678420000;
;1;973;97311;1;1;1.0;3.0;5,4934770000; -54,0119650000;
;5;75;75118;2;4;1.0;2.0;48,8895545751;2,3263469338;
;1;75;75112;2;4;1.0;3.0;48,8444170000;2,4410600000;
;1;91;91292;1;6;1.0;2.0;48,5681750000;2,2703340000;
;1;75;75111;2;1;8.0;2.0;48,8632430000;2,3688330000;
;1;75;75118;2;3;2.0;6.0;48,8857060000;2,3474050000;
;1;75;75109;2;2;8.0;3.0;48,8752610000;2,3322910000;
;1;75;75117;2;1;2.0;6.0;48,8839230927;2,2918036529;
;5;66;66011;2;3;1.0;3.0;42,6058474672;2,8927382827;
;1;75;75109;2;7;1.0;3.0;48,8758870000;2,3399460000;
;1;83;83064;1;1;7.0;3.0;43,3220090000;6,0266180000;
;1;75;75115;2;4;2.0;6.0;48,8528020000;2,2983400000;
;5;75;75108;2;5;1.0;3.0;48,8748400000;2,3059990000;
;1;04;04197;2;1;1.0;6.0;43,7864780000;5,7653760000;
;1;75;75115;2;1;1.0;6.0;48,8454760744;2,3122411966;
;1;13;13089;2;1;1.0;1.0;43,8362760000;4,9432040000;
;5;75;75107;2;3;1.0;6.0;48,8540820000;2,3072270000;
;1;75;75114;2;1;1.0;6.0;48,8416283160;2,3304500635;
;3;13;13094;1;1;1.0;1.0;43,7868650000;4,7526140000;
;1;75;75107;2;4;1.0;3.0;48,8611540000;2,3206480000;
;1;75;75114;2;3;1.0;3.0;48,8212090000;2,3342980000;
;1;13;13059;2;1;1.0;3.0;43,6414750000;5,5309510000;
;1;94;94068;2;1;1.0;2.0;48,8152583489;2,4736737013;
;3;67;67550;1;1;1.0;6.0;48,9234650000;7,7482630000;
;5;75;75114;2;1;1.0;2.0;48,8299510000;2,3101530000;
;5;94;94041;2;3;1.0;2.0;48,8131700000;2,3805400000;
;1;75;75111;2;1;3.0;3.0;48,8641560000;2,3694650000;
;1;94;94041;2;3;1.0;3.0;48,8026100000;2,3962200000;
;1;57;57443;2;3;1.0;3.0;49,2172750000;6,1186710000;
;1;94;94033;2;1;8.0;6.0;48,8447400000;2,4591500000;
;3;81;81219;1;1;1.0;6.0;43,5708230000;2,0369820000;
;1;75;75110;2;2;1.0;6.0;48,8793180000;2,3571050000;
;1;94;94071;2;3;8.0;3.0;48,7693800000;2,5146200000;
;4;93;93073;2;1;1.0;6.0;49,0031000000;2,5492900000;
;1;75;75107;2;2;2.0;3.0;48,8571230000;2,3043090000;
;1;09;09199;1;2;1.0;3.0;43,1806700000;1,6523480000;
;1;93;93064;2;1;1.0;6.0;48,8624467797;2,4930975836;
;1;33;33354;1;1;1.0;6.0;44,7679740000;0,2054680000;
;1;94;94052;2;2;2.0;3.0;48,8412700000;2,4828400000;
;2;93;93053;2;3;8.0;3.0;48,8969000000;2,4615900000;
;1;33;33366;1;2;1.0;3.0;44,9823910000; -0,4077170000;
;1;94;94043;2;1;1.0;6.0;48,8124200000;2,3616200000;
;4;93;93071;2;1;1.0;3.0;48,9478100000;2,5327400000;
;1;33;33080;1;2;1.0;3.0;44,7497850000; -0,5505560000;
;5;93;93001;2;1;1.0;3.0;48,9181407244;2,3746913551;
;1;94;94033;2;6;1.0;3.0;48,8537400000;2,4935000000;
;1;92;92062;2;1;1.0;6.0;48,8829465833;2,2436188906;
;1;27;27469;2;2;1.0;3.0;49,3047380000;1,1590790000;
;1;92;92040;2;1;1.0;7.0;48,8298700000;2,2846800000;
;1;76;76660;1;1;1.0;6.0;49,5003820000;0,3116510000;
;1;94;94018;2;1;3.0;3.0;48,8290000000;2,4022100000;
;1;92;92025;2;7;1.0;3.0;48,9362019042;2,2571859062;
;1;59;59611;2;3;1.0;3.0;50,6781231025;2,9931521416;
;5;92;92071;2;1;1.0;3.0;48,7849135933;2,3086668849;
;1;94;94017;2;1;1.0;5.0;48,8113513322;2,5384171307;
;1;47;47057;1;3;1.0;7.0;44,6575880000;0,5894480000;
;1;13;13113;1;1;1.0;2.0;43,5832350386;5,4762673311;
;1;13;13215;1;1;1.0;2.0;43,3504330530;5,3681069612;
;1;41;41029;2;1;1.0;7.0;47,4907300000;1,2584820000;
;1;94;94071;2;1;8.0;2.0;48,7621700000;2,5371000000;
;1;54;54265;1;1;1.0;6.0;48,6416600000;6,1670800000;
;1;84;84137;2;9;1.0;6.0;44,2420750000;5,0733660000;
;1;33;33013;1;1;1.0;3.0;44,8686220000; -0,5016180000;
;3;972;97207;2;3;1.0;3.0;14,5759060000; -60,9647110000;
;1;93;93048;2;2;3.0;3.0;48,8529000000;2,4260000000;
;3;41;41161;1;1;8.0;7.0;47,5028230000;2,0071510000;
;1;94;94038;1;1;1.0;2.0;48,7763427485;2,3462651211;
;3;44;44103;1;1;1.0;6.0;47,3289370000; -2,1284080000;
;1;93;93031;2;2;1.0;3.0;48,9546750000;2,3079330000;
;1;92;92025;1;1;1.0;2.0;48,9324848646;2,2484916319;
;1;78;78206;1;1;1.0;7.0;48,9560300000;1,9363000000;
;1;67;67465;1;1;1.0;2.0;48,8098790000;7,9717840000;
;1;93;93001;2;3;2.0;3.0;48,9140400000;2,3783800000;
;1;93;93066;1;1;1.0;2.0;48,9217000000;2,3575300000;
;1;57;57102;1;9;1.0;3.0;49,2670310000;6,2021870000;
;1;92;92046;2;1;1.0;2.0;48,8120987436;2,2804001569;
;1;51;51237;2;1;9.0;7.0;48,7201030000;3,5438260000;
;1;93;93010;1;1;1.0;2.0;48,9043535615;2,4716561041;
;1;59;59149;1;1;1.0;6.0;50,0654865003;3,3914279935;
;1;92;92050;2;3;1.0;6.0;48,8894214976;2,1980964392;
;1;93;93064;1;1;1.0;2.0;48,8727600000;2,4803700000;
;3;59;59358;1;1;1.0;1.0;50,8977257478;2,2529375553;
;4;93;93027;1;1;1.0;6.0;48,9385733468;2,4164026735;
;1;92;92020;2;1;2.0;6.0;48,8009470000;2,2793020000;
;3;79;79123;1;6;5.0;7.0;46,7749500000; -0,6426140000;
;3;93;93027;1;1;1.0;7.0;48,9265000000;2,4028500000;
;1;92;92026;2;1;2.0;6.0;48,8977174907;2,2629008889;
;2;82;82126;2;4;7.0;1.0;44,1608460000;1,5518720000;
;5;92;92012;2;2;1.0;3.0;48,8309363262;2,2346239686;
;1;32;32147;2;1;1.0;5.0;43,6296770000;0,8732550000;
;1;93;93005;1;1;1.0;4.0;48,9508885757;2,4745512892;
;5;92;92007;2;1;2.0;6.0;48,7956338818;2,3170420825;
;1;89;89309;2;1;1.0;1.0;48,2868980000;3,2073210000;
;1;95;95500;1;1;1.0;3.0;49,0429200000;2,0785500000;
;5;25;25410;2;1;5.0;5.0;47,2280060000;6,0622320000;
;1;93;93006;1;1;1.0;2.0;48,8638635528;2,4131602275;
;1;94;94069;1;1;1.0;2.0;48,8172046066;2,4285178250;
;1;29;29023;2;1;1.0;6.0;48,6688940000; -3,9152450000;
;1;37;37175;1;2;8.0;5.0;47,5499112661;0,7877352834;
;1;29;29105;2;7;7.0;6.0;48,5111380000; -4,0731210000;
;5;94;94042;1;1;1.0;4.0;48,8272864270;2,4692556276;
;5;06;06079;2;1;1.0;6.0;43,5447080000;6,9379100000;
;1;74;74238;1;1;1.0;5.0;46,2466470000;6,6384140000;
;5;31;31555;2;1;1.0;7.0;43,5674000000;1,4034900000;
;2;73;73124;1;1;1.0;1.0;45,6544850000;6,3324170000;
;1;75;75112;2;1;1.0;6.0;48,8443320000;2,3768500000;
;1;68;68249;1;1;1.0;6.0;48,1121810000;7,1001830000;
;1;18;18225;2;1;7.0;3.0;46,5557540000;2,2705680000;
;1;07;07008;2;1;1.0;6.0;44,7148600000;4,6160800000;
;1;16;16336;2;1;1.0;7.0;45,8383566848;0,3488648683;
;3;974;97411;1;1;3.0;7.0; -20,8776000000;55,4374600000;
;5;68;68143;2;2;1.0;1.0;48,1108020000;7,4159490000;
;1;16;16337;1;1;1.0;7.0;45,9833950000;0,6649730000;
;2;53;53096;2;1;8.0;3.0;48,2922490000; -0,9172350000;
;1;974;97409;2;3;1.0;3.0; -20,9571400000;55,6547300000;
;3;40;40066;1;1;1.0;6.0;43,8485180000; -0,7459550000;
;1;973;97302;2;1;1.0;7.0;4,9318600000; -52,2905100000;
;1;28;28158;1;1;1.0;7.0;48,4007060000;1,4106220000;
;5;69;69387;2;1;1.0;6.0;45,7314100000;4,8239300000;
;1;28;28172;1;6;1.0;1.0;48,5739700000;1,6711990000;
;1;22;22093;1;1;1.0;3.0;48,5027300000; -2,4928880000;
;1;2B;2B033;2;1;1.0;7.0;42,6711900000;9,4437300000;
;3;77;77099;1;1;8.0;6.0;48,1490380000;2,7500560000;
;1;2A;2A004;2;1;1.0;7.0;41,9254000000;8,7344200000;
;3;41;41278;1;1;1.0;1.0;47,6378920000;0,9443800000;
;2;95;95277;2;1;1.0;3.0;48,9924300000;2,4553700000;
;1;91;91667;2;1;1.0;1.0;48,6661500000;2,3277200000;
;2;35;35275;1;1;5.0;5.0;48,1599690000; -1,8400430000;
;1;61;61497;1;1;1.0;6.0;48,4658220000;0,1244330000;
;2;91;91689;2;1;2.0;6.0;48,7267350000;2,3243770000;
;1;06;06152;1;1;1.0;2.0;43,6234950000;7,0120780000;
;1;91;91223;1;1;1.0;7.0;48,4165600000;2,1305400000;
;1;74;74198;2;9;1.0;3.0;45,9338220000;6,1864510000;
;1;33;33527;1;1;1.0;6.0;44,6148950000; -0,9889410000;
;3;34;34240;1;9;1.0;6.0;43,6195450000;3,9524390000;
;1;65;65304;1;1;1.0;7.0;43,4780653920;0,0521736642;
;1;83;83069;1;1;1.0;3.0;43,1149200000;6,0958300000;
;1;95;95535;1;1;5.0;6.0;49,0368457480;1,9769757986;
;1;89;89391;1;2;1.0;3.0;48,3459930000;3,2316430000;
;1;66;66210;1;1;1.0;1.0;42,6563870000;2,7676110000;
;1;81;81144;1;1;6.0;4.0;43,9668800000;2,1830200000;
;1;55;55470;1;1;1.0;7.0;48,6971530000;5,0668990000;
;2;84;84081;2;1;1.0;1.0;43,9395210000;4,9038720000;
;1;76;76681;2;5;1.0;2.0;49,4196500000;1,0901860000;
;1;47;47325;1;1;1.0;6.0;44,3685290000;0,2825390000;
;5;76;76565;2;9;2.0;1.0;49,8927800000;1,0748500000;
;1;68;68135;2;1;1.0;2.0;47,5806850000;7,5195430000;
;3;57;57328;1;2;5.0;3.0;48,9755700000;6,5156010000;
;1;68;68139;1;9;1.0;7.0;47,6036130000;7,2185810000;
;1;68;68081;1;1;8.0;7.0;47,6622040000;7,2059480000;
;5;01;01142;2;7;5.0;6.0;45,8517180000;5,0769950000;
;1;74;74012;2;3;1.0;3.0;46,1869460000;6,2479880000;
;2;69;69297;2;1;1.0;1.0;45,5970979884;4,8028761148;
;1;39;39451;1;1;1.0;1.0;47,1657050000;5,7149200000;
;1;69;69266;2;2;1.0;3.0;45,7760900000;4,8842700000;
;1;31;31165;2;1;1.0;6.0;43,4271650000;1,3539480000;
;3;44;44152;1;1;1.0;7.0;47,4746400000; -2,0067150000;
;5;69;69266;2;2;1.0;6.0;45,7521500000;4,9151800000;
;1;33;33535;1;6;1.0;7.0;44,8329260000; -0,4733560000;
;2;68;68224;2;1;1.0;7.0;47,7745100000;7,3282600000;
;3;50;50592;1;1;1.0;6.0;48,9900670000; -1,0783870000;
;1;29;29158;2;2;7.0;3.0;47,8141130000; -4,3442340000;
;5;67;67462;2;1;1.0;6.0;48,2664500000;7,4320900000;
;1;22;22353;1;1;1.0;3.0;48,8061230000; -3,5012270000;
;1;29;29216;2;1;1.0;3.0;47,9801370000; -4,1800990000;
;5;64;64140;2;2;1.0;6.0;43,5281100000; -1,4912100000;
;3;13;13215;1;1;1.0;2.0;43,3781300000;5,3564400000;
;1;01;01263;1;4;7.0;3.0;46,0698644235;4,7706547379;
;3;13;13022;1;1;1.0;2.0;43,2299000000;5,5854200000;
;1;54;54526;2;1;1.0;6.0;48,6846047131;6,2242645025;
;1;01;01269;1;1;1.0;2.0;46,1634550000;5,5909680000;
;2;54;54525;1;1;1.0;1.0;49,4707300000;5,8941700000;
;1;83;83137;1;1;1.0;4.0;43,1260711843;5,9729420542;
;1;45;45234;2;1;1.0;6.0;47,9163100000;1,9266500000;
;1;70;70044;1;1;1.0;3.0;47,6775950000;6,1611630000;
;1;59;59196;1;1;1.0;4.0;50,6471452201;2,9260271788;
;1;37;37261;2;2;1.0;3.0;47,3597558226;0,6975916028;
;3;91;91521;1;1;1.0;7.0;48,6358860000;2,4010450000;
;1;05;05004;2;1;1.0;6.0;44,6229610000;6,2149570000;
;1;33;33063;2;3;1.0;3.0;44,8346443047; -0,5803200603;
;3;78;78423;1;1;1.0;5.0;48,7963900000;2,0323000000;
;1;31;31555;2;1;1.0;3.0;43,6029700000;1,4514500000;
;1;60;60509;2;3;1.0;6.0;49,3072940000;2,6042850000;
;3;95;95042;1;1;1.0;3.0;49,0612613803;2,3119488358;
;1;29;29039;1;4;2.0;7.0;47,8894000000; -3,9155600000;
;1;93;93066;1;1;1.0;2.0;48,9022101430;2,3586907111;
;1;27;27299;1;1;1.0;6.0;49,0571200000;1,1750200000;
;1;25;25056;2;1;1.0;3.0;47,2542260000;6,0152010000;
;1;93;93008;1;1;1.0;2.0;48,9127345676;2,4368072152;
;1;13;13117;1;1;1.0;2.0;43,4421000000;5,2327900000;
;3;95;95277;1;1;1.0;2.0;48,9733416161;2,4870246649;
;1;13;13210;2;1;1.0;3.0;43,2828560763;5,4272232860;
;1;45;45327;1;1;1.0;3.0;47,9442398984;2,1209120751;
;1;94;94017;1;1;8.0;2.0;48,8289600000;2,4998400000;
;5;18;18141;2;4;1.0;1.0;47,1445400000;2,2209950000;
;1;06;06069;2;1;1.0;5.0;43,6453870000;6,9026840000;
;1;06;06029;2;1;1.0;3.0;43,5556600000;7,0169500000;
;5;75;75119;2;4;1.0;6.0;48,8808770000;2,4040970000;
;5;75;75120;2;1;1.0;6.0;48,8646630043;2,4123197794;
;1;16;16174;1;1;1.0;6.0;45,6928370000; -0,2295440000;
;1;75;75106;2;2;1.0;3.0;48,8514660000;2,3370620000;
;5;75;75117;2;2;1.0;6.0;48,8880840000;2,2996720000;
;1;75;75120;2;2;1.0;7.0;48,8716610000;2,3923110000;
;5;75;75117;2;2;1.0;7.0;48,8822170000;2,3203760000;
;1;75;75119;2;3;1.0;7.0;48,8982560000;2,3861060000;
;5;75;75115;2;1;1.0;6.0;48,8414770000;2,2923900000;
;1;24;24547;2;3;1.0;3.0;45,1315190000;1,2817740000;
;1;75;75117;2;2;2.0;3.0;48,8915590000;2,3185020000;
;1;75;75115;2;3;1.0;3.0;48,8383380000;2,2940080000;
;2;88;88054;1;1;1.0;1.0;48,2734140000;7,0528740000;
;1;75;75116;2;1;1.0;3.0;48,8460200000;2,2578820000;
;1;75;75115;2;4;1.0;3.0;48,8389920000;2,2822650000;
;1;67;67536;1;1;7.0;1.0;48,9915900000;7,6709980000;
;1;75;75114;2;3;1.0;3.0;48,8277780000;2,3152100000;
;1;75;75115;2;1;1.0;2.0;48,8350270000;2,2659020000;
;1;75;75115;2;2;1.0;6.0;48,8456570000;2,2879970000;
;1;75;75107;2;1;1.0;3.0;48,8578080000;2,2917150000;
;1;75;75113;2;3;1.0;3.0;48,8228820000;2,3778550000;
;5;75;75104;2;7;1.0;3.0;48,8532070000;2,3687150000;
;3;60;60082;1;1;1.0;2.0;49,6760135081;2,2114019391;
;5;75;75113;2;2;1.0;3.0;48,8373540000;2,3738400000;
;1;94;94076;2;1;1.0;3.0;48,7934170000;2,3692000000;
;1;13;13044;1;1;1.0;1.0;43,6088300000;5,0163960000;
;5;94;94022;2;1;1.0;3.0;48,7671450000;2,4238140000;
;1;75;75102;2;2;1.0;3.0;48,8647910000;2,3451660000;
;5;75;75104;2;3;1.0;7.0;48,8553460000;2,3528150000;
;1;94;94069;2;1;1.0;3.0;48,8181900000;2,4211100000;
;1;95;95151;1;1;1.0;1.0;49,0639690000;2,2680120000;
;1;94;94081;2;2;1.0;3.0;48,7833670000;2,4178000000;
;1;94;94004;2;2;2.0;6.0;48,7469300000;2,5102200000;
;1;17;17050;1;1;1.0;3.0;45,4582790000; -0,6175090000;
;1;93;93064;2;1;1.0;6.0;48,8750057234;2,4704663157;
;3;94;94078;2;1;1.0;2.0;48,7390410000;2,4468600000;
;1;93;93008;2;7;1.0;3.0;48,9094100000;2,4718900000;
;1;94;94042;2;9;1.0;2.0;48,8217900000;2,4645600000;
;1;94;94076;2;1;1.0;3.0;48,7815130000;2,3670520000;
;4;93;93001;2;2;3.0;1.0;48,9137715143;2,3829936380;
;1;93;93001;2;1;1.0;5.0;48,9109000000;2,3822600000;
;5;94;94077;2;2;1.0;6.0;48,7336700000;2,4057700000;
;1;971;97118;2;6;1.0;3.0;16,2181570000; -61,6001160000;
;1;92;92046;2;1;1.0;3.0;48,8147235980;2,2868283391;
;5;94;94017;2;1;1.0;1.0;48,8228977730;2,5104128569;
;1;34;34227;2;1;1.0;1.0;43,7201210000;4,0366070000;
;1;92;92020;2;1;1.0;6.0;48,7956155723;2,2904538140;
;5;94;94017;2;3;1.0;2.0;48,8293118220;2,4933318794;
;1;06;06147;2;1;1.0;1.0;43,7954000000;7,2643720000;
;1;92;92012;2;2;1.0;6.0;48,8434979011;2,2379493713;
;5;93;93078;2;1;1.0;6.0;48,9568600000;2,5432500000;
;1;93;93050;2;1;1.0;2.0;48,8574117506;2,5322016971;
;5;92;92004;1;1;1.0;4.0;48,9044486051;2,2884054780;
;1;13;13007;1;3;1.0;2.0;43,3735920000;5,6701500000;
;1;35;35294;1;1;1.0;6.0;47,7099170000; -1,9919750000;
;1;93;93064;2;1;1.0;3.0;48,8682635512;2,4919512503;
;1;71;71448;2;1;1.0;3.0;46,3822580000;4,8553830000;
;1;93;93008;2;9;1.0;6.0;48,9055400000;2,4444400000;
;1;01;01244;2;3;1.0;3.0;45,9071330000;5,1949130000;
;1;67;67474;2;1;1.0;6.0;48,9384150000;7,8807060000;
;1;93;93029;2;2;8.0;3.0;48,9182100000;2,4547400000;
;1;95;95134;2;1;1.0;6.0;49,1368060000;2,2404410000;
;2;54;54520;1;1;1.0;2.0;48,5742184717;6,6214835653;
;1;93;93008;2;3;8.0;3.0;48,9057700000;2,4666700000;
;3;40;40296;1;1;1.0;1.0;43,7296680000; -1,4122610000;
;1;93;93001;2;2;1.0;3.0;48,9147951121;2,4039112679;
;1;83;83033;1;1;1.0;3.0;43,2897210000;6,1943740000;
;3;32;32029;1;1;1.0;6.0;43,6219550000;0,4902030000;
;1;71;71397;1;1;1.0;3.0;46,3913680000;4,6285810000;
;5;92;92026;2;5;8.0;3.0;48,8968200000;2,2642700000;
;1;86;86163;1;9;1.0;6.0;46,6046950000;0,4272860000;