Num_Acc;lum;departement;commune;agglomeration;intersection;meteo;type_collision;lat;long;date
;1;68;68143;2;2;1.0;3.0;48,1106760000;7,4184700000;
;2;33;33056;2;1;5.0;6.0;44,9118710000; -0,6018340000;
;3;92;92025;2;2;1.0;3.0;48,9104800000;2,2415140000;
;3;972;97212;1;1;1.0;7.0;14,7207800000; -61,0371580000;
;5;92;92024;2;3;1.0;2.0;48,9068253640;2,2966489457;
;1;14;14025;2;2;1.0;3.0;48,9223940000; -0,2133110000;
;1;74;74152;1;1;1.0;1.0;45,8979830000;6,0433820000;
;3;35;35239;1;1;1.0;6.0;47,8927730000; -1,3429660000;
;5;44;44070;2;2;1.0;3.0;47,1765740000; -1,4117480000;
;1;76;76758;2;6;1.0;3.0;49,6135880000;0,7617150000;
;1;57;57018;1;2;1.0;1.0;48,8300310000;6,4938960000;
;1;40;40014;1;1;1.0;2.0;44,0523720000; -0,3270150000;
;1;60;60350;2;9;1.0;3.0;49,5874410000;2,8437020000;
;1;74;74131;1;1;1.0;3.0;46,0228780000;5,9454920000;
;3;62;62654;1;1;1.0;6.0;50,9072510000;1,7779410000;
;3;78;78325;1;1;1.0;1.0;48,9222450000;1,7818020000;
;3;58;58012;1;1;5.0;6.0;47,5556550000;2,9647850000;
;1;83;83137;1;1;1.0;4.0;43,1239350000;5,9612480000;
;1;91;91345;1;1;1.0;5.0;48,6880400000;2,3250800000;
;1;59;59653;2;1;1.0;6.0;50,5655600000;2,9225900000;
;1;79;79213;2;1;1.0;1.0;46,6348370000; -0,2451160000;
;1;91;91228;1;1;2.0;2.0;48,6136500000;2,4312380000;
;3;79;79189;1;1;1.0;7.0;46,4463810000; -0,1235000000;
;1;78;78158;1;1;1.0;2.0;48,8350400000;2,1457140000;
;1;72;72058;1;1;1.0;1.0;47,9510900000;0,2952150000;
;1;92;92062;1;1;1.0;7.0;48,8931560706;2,2343018353;
;3;2B;2B342;1;1;1.0;6.0;41,9229480000;9,3109050000;
;3;34;34239;1;1;1.0;2.0;43,6538250000;3,5252190000;
;3;13;13108;1;1;1.0;1.0;43,8240200000;4,6674500000;
;1;82;82039;1;1;1.0;6.0;44,1039880000;1,4612070000;
;5;62;62415;1;6;5.0;7.0;50,3319034672;2,6412937939;
;3;81;81051;1;1;1.0;7.0;43,9817370000;1,9285190000;
;5;75;75116;2;3;2.0;6.0;48,8553070000;2,2262140000;
;1;32;32044;1;1;1.0;1.0;43,9124830000;0,3965750000;
;4;976;97611;2;6;1.0;3.0; -12,7711700000;45,2237800000;
;1;71;71209;1;3;1.0;3.0;46,5549210000;5,3156230000;
;1;973;97302;2;1;1.0;3.0;4,9353824842; -52,3316922784;
;5;62;62124;2;1;1.0;1.0;50,4920780000;1,7201380000;
;5;69;69387;2;7;1.0;3.0;45,7450859450;4,8417359591;
;1;71;71120;2;1;1.0;7.0;46,2026500160;4,3336979114;
;1;49;49170;1;1;1.0;7.0;47,6422680000; -0,4951470000;
;3;74;74083;1;1;1.0;1.0;45,8854830000;6,6488530000;
;1;69;69388;2;2;1.0;1.0;45,7245200000;4,8711800000;
;1;49;49069;1;1;1.0;6.0;47,3128610000; -1,3085530000;
;1;69;69385;2;1;1.0;7.0;45,7507600000;4,8151000000;
;1;31;31150;1;4;1.0;2.0;43,6374100502;1,3324503601;
;1;12;12029;1;1;1.0;1.0;44,1977360000;2,0960660000;
;1;69;69202;2;3;8.0;3.0;45,7281500000;4,7788600000;
;1;34;34310;2;6;1.0;3.0;43,4203350000;3,1608710000;
;1;89;89456;1;1;8.0;1.0;48,3068050000;3,1682510000;
;1;2A;2A004;2;1;1.0;5.0;41,9087700000;8,7117800000;
;1;38;38395;2;4;1.0;1.0;45,3291750000;5,9034880000;
;1;91;91345;2;1;1.0;6.0;48,6924140000;2,3003660000;
;3;55;55291;1;1;5.0;6.0;48,6974790000;5,3460400000;
;1;06;06120;1;1;1.0;1.0;44,2602800000;6,9221650000;
;3;42;42197;1;1;9.0;6.0;45,7383460000;4,0682300000;
;1;90;90010;2;1;1.0;7.0;47,6508710000;6,8517380000;
;1;44;44069;1;9;1.0;6.0;47,3405090000; -2,3450290000;
;5;09;09265;2;6;1.0;6.0;43,0958990000;1,6251720000;
;1;87;87113;2;1;1.0;6.0;45,8685100000;1,3279400000;
;1;73;73130;2;1;1.0;6.0;45,6546631915;6,3707667558;
;1;35;35021;1;1;1.0;6.0;48,3426090000; -1,1545090000;
;1;87;87085;2;1;1.0;5.0;45,8315300000;1,2367300000;
;1;10;10106;2;1;1.0;1.0;48,4645130824;3,4140416980;
;1;83;83137;2;1;1.0;3.0;43,1223300000;5,9725100000;
;5;80;80021;2;2;1.0;3.0;49,8965500000;2,2889400000;
;1;10;10294;1;2;1.0;3.0;48,1792220000;4,3507790000;
;1;38;38543;1;3;1.0;3.0;45,6442280000;5,4328040000;
;1;07;07215;1;1;1.0;6.0;44,8922820000;4,4891450000;
;1;78;78440;2;9;1.0;3.0;48,9949800000;1,9135800000;
;3;40;40206;1;1;1.0;6.0;43,5275800000; -1,1047380000;
;1;04;04124;1;1;1.0;1.0;43,7592930000;6,0893120000;
;5;77;77288;2;3;1.0;3.0;48,5271700000;2,6534500000;
;1;14;14045;1;1;5.0;6.0;49,2103640000; -0,1153560000;
;3;85;85185;2;9;2.0;7.0;46,3766710000; -1,0769950000;
;1;76;76476;2;1;1.0;6.0;49,4904700000;0,5771400000;
;1;28;28111;1;1;1.0;3.0;48,2323420000;0,8633550000;
;1;62;62239;1;6;1.0;3.0;50,9253800000;1,8064500000;
;1;37;37084;1;1;1.0;1.0;47,5325740000;0,3693190000;
;2;14;14738;2;1;5.0;1.0;49,1553520000; -0,4520020000;
;1;08;08419;2;1;1.0;1.0;49,7013758450;4,4162882566;
;1;59;59456;2;3;1.0;1.0;50,3689500000;3,2005900000;
;5;987;98752;2;1;2.0;1.0; -17,7220000000; -149,3990000000;
;1;56;56121;1;1;1.0;1.0;47,7614600000; -3,4042200000;
;1;67;67194;1;9;1.0;3.0;48,7317060000;7,8946260000;
;1;56;56121;2;1;1.0;6.0;47,7637400000; -3,3678900000;
;2;85;85084;1;1;1.0;3.0;46,8040700000; -1,1459470000;
;1;38;38193;2;2;1.0;3.0;45,6182270000;5,2093300000;
;1;54;54395;2;2;1.0;1.0;48,7001770000;6,1725490000;
;3;34;34159;2;1;1.0;7.0;43,5119270000;3,8027720000;
;1;54;54395;2;1;1.0;3.0;48,6764156293;6,1773419380;
;1;23;23013;1;3;7.0;3.0;46,0289310000;2,5211370000;
;1;44;44213;1;1;1.0;6.0;47,4197610000; -1,0197330000;
;1;51;51454;2;6;1.0;3.0;49,2322900000;4,0335200000;
;1;49;49068;1;1;1.0;6.0;47,4294421124; -0,8831977844;
;1;77;77034;1;1;1.0;2.0;48,5541140000;2,7724600000;
;5;50;50129;1;6;1.0;1.0;49,6407400000; -1,6697900000;
;1;38;38065;1;1;1.0;2.0;45,4433620000;5,4048010000;
;5;50;50129;2;1;2.0;6.0;49,6226400000; -1,6183100000;
;5;37;37261;2;1;1.0;6.0;47,3821200000;0,6923300000;
;1;83;83116;1;1;1.0;3.0;43,4687660000;5,8380960000;
;1;06;06152;2;3;8.0;1.0;43,6365490000;7,0030010000;
;2;38;38381;1;9;1.0;7.0;45,5574380000;5,4587670000;
;1;37;37214;2;1;2.0;2.0;47,4071900000;0,6765200000;
;1;37;37122;2;1;1.0;3.0;47,3352000341;0,6648411602;
;1;60;60631;1;1;7.0;6.0;49,1485350000;2,5809070000;
;5;06;06085;2;5;1.0;1.0;43,5801030000;6,9980710000;
;1;32;32013;2;1;2.0;7.0;43,6280100000;0,6290700000;
;1;13;13051;1;1;1.0;2.0;43,6041690000;5,1516330000;
;1;19;19031;2;2;1.0;3.0;45,1606000000;1,5032800000;
;2;57;57497;1;1;5.0;1.0;48,9776400000;6,8580440000;
;1;34;34259;1;1;1.0;1.0;43,6291800000;3,7460020000;
;1;15;15012;2;3;1.0;2.0;44,9046640000;2,4541400000;
;1;34;34282;2;6;1.0;3.0;43,6258030000;3,6700240000;
;1;38;38485;2;1;7.0;6.0;45,1756463368;5,6862910354;
;5;15;15014;2;1;2.0;6.0;44,9164000000;2,4289000000;
;1;988;98808;1;1;1.0;1.0; -21,2891040000;165,6854260000;
;1;30;30032;1;1;1.0;7.0;43,7934000000;4,6304000000;
;5;69;69118;2;1;1.0;7.0;45,5676690000;4,8002740000;
;3;974;97415;1;1;1.0;7.0; -21,0995250000;55,2657900000;
;1;13;13212;2;3;1.0;3.0;43,3001511782;5,4490968190;
;2;973;97311;1;1;2.0;1.0;5,4572065983; -54,0409541130;
;5;971;97125;2;1;1.0;2.0;16,2743710000; -61,3006530000;
;5;971;97118;2;1;1.0;1.0;16,1982520000; -61,6045690000;
;1;13;13206;2;2;1.0;3.0;43,2888600000;5,3828900000;
;2;971;97108;1;1;7.0;2.0;15,8742910000; -61,2457970000;
;1;13;13205;2;2;1.0;3.0;43,2957700000;5,4001700000;
;1;34;34145;1;1;1.0;5.0;43,6555150000;4,1385400000;
;1;13;13047;1;1;1.0;1.0;43,5439400000;4,9553900000;
;1;34;34145;1;2;1.0;3.0;43,6688370000;4,1434300000;
;1;04;04039;1;1;1.0;1.0;43,8288150000;6,4262940000;
;2;971;97108;1;1;7.0;2.0;15,8743320000; -61,2457750000;
;1;13;13034;1;1;1.0;1.0;43,7677780000;4,9828360000;
;1;10;10333;2;1;1.0;2.0;48,2771941760;4,0640482306;
;1;89;89438;1;9;1.0;6.0;47,7875000000;3,6726410000;
;1;06;06069;2;1;1.0;3.0;43,6541060000;6,9302690000;
;1;71;71096;1;1;1.0;6.0;46,8334220000;4,2581680000;
;2;21;21209;2;1;1.0;6.0;47,3321365440;5,1530634463;
;2;06;06004;1;3;1.0;3.0;43,6176050000;7,1034020000;
;1;95;95459;2;1;5.0;3.0;49,1588360000;1,8536370000;
;4;75;75118;2;4;1.0;6.0;48,9006463022;2,3662582040;
;1;63;63284;2;6;1.0;3.0;45,8006783762;3,2431112230;
;3;74;74197;1;1;1.0;1.0;46,1468080000;6,3175030000;
;1;75;75105;2;7;1.0;2.0;48,8400303199;2,3563621938;
;1;78;78444;1;1;1.0;1.0;48,9383620000;1,5544130000;
;1;38;38365;1;1;1.0;6.0;45,7756560000;5,3435480000;
;1;07;07161;1;1;1.0;6.0;44,7094140000;4,2034510000;
;1;75;75106;2;3;1.0;6.0;48,8426960000;2,3317570000;
;1;01;01247;1;1;1.0;3.0;46,3510010000;5,9771100000;
;1;75;75120;2;1;1.0;6.0;48,8698911322;2,4051455408;
;1;81;81105;2;3;1.0;1.0;43,7608900000;1,9775870000;
;5;70;70455;2;2;1.0;3.0;47,6771630000;6,5338500000;
;2;75;75119;2;1;1.0;6.0;48,8988260000;2,3773400000;
;1;32;32368;1;1;1.0;6.0;43,7515980000;0,6206100000;
;1;09;09058;2;1;1.0;1.0;42,8657620000;1,6137030000;
;5;75;75118;2;2;1.0;3.0;48,8903510000;2,3545360000;
;1;40;40283;2;9;1.0;1.0;43,7399100000; -1,0152380000;
;5;57;57209;2;1;1.0;6.0;49,0484060000;6,5953480000;
;1;33;33321;1;1;1.0;6.0;45,0456770000; -0,4108720000;
;1;60;60674;1;3;7.0;1.0;49,3938971164;2,9248770475;
;1;60;60015;2;3;1.0;3.0;49,3278370000;2,3283240000;
;1;60;60007;2;1;1.0;6.0;49,4035840000;2,3821130000;
;1;60;60115;1;1;1.0;6.0;49,4508570000;2,3406670000;
;3;42;42046;1;2;1.0;3.0;45,6408810000;4,0522570000;
;1;59;59228;1;1;1.0;2.0;50,3308200000;3,0784410000;
;1;13;13055;1;1;1.0;2.0;43,3159300000;5,4223000000;
;1;38;38382;2;1;1.0;6.0;45,2308380000;5,6816590000;
;1;65;65320;1;2;1.0;3.0;43,1288210000;0,1154210000;
;1;31;31417;1;1;1.0;1.0;43,6308880000;1,2823590000;
;5;79;79049;2;6;5.0;3.0;46,8437490000; -0,4894700000;
;1;29;29103;1;6;1.0;7.0;48,4516630000; -4,2667780000;
;1;80;80453;2;3;5.0;3.0;49,6647530000;2,6809750000;
;1;13;13213;1;1;1.0;5.0;43,3283870000;5,4172880000;
;1;78;78545;1;1;1.0;3.0;48,8089540000;2,0544640000;
;1;92;92036;1;1;1.0;4.0;48,9337452828;2,2760672051;
;5;75;75102;2;3;1.0;7.0;48,8668260000;2,3366070000;
;5;13;13211;1;1;1.0;3.0;43,2919766871;5,4527812296;
;1;973;97302;2;3;1.0;3.0;4,9319967166; -52,3179379106;
;1;973;97302;2;1;1.0;6.0;4,9267982252; -52,3140031099;
;1;973;97302;2;3;1.0;3.0;4,9439300000; -52,3081900000;
;1;973;97302;2;1;1.0;2.0;4,9106500000; -52,3214700000;
;2;973;97302;2;6;1.0;7.0;4,9413400000; -52,3213400000;
;3;22;22113;1;1;1.0;6.0;48,7524700000; -3,4115000000;
;5;69;69386;2;1;1.0;3.0;45,7663378846;4,8645561934;
;1;69;69385;1;1;1.0;5.0;45,7518988253;4,8209005594;
;1;22;22224;1;3;1.0;3.0;48,7074030000; -3,4995750000;
;1;88;88160;2;1;7.0;6.0;48,1931700000;6,4532200000;
;1;22;22055;1;1;1.0;3.0;48,5880380000; -2,8212440000;
;5;83;83137;2;3;1.0;1.0;43,1074706354;5,9333876967;
;1;22;22106;2;1;1.0;1.0;48,5049000000; -2,7177100000;
;1;81;81065;2;1;1.0;6.0;43,6007299579;2,2349546850;
;1;81;81033;2;4;7.0;1.0;44,0270600000;2,1286200000;
;1;22;22160;1;1;2.0;6.0;48,4482766231; -2,4820362338;
;5;81;81004;2;1;1.0;6.0;43,9189200000;2,1227900000;
;3;22;22225;1;1;1.0;7.0;48,5520870000; -3,1236090000;
;3;22;22150;1;1;1.0;7.0;48,5697210000; -3,0928020000;
;5;78;78123;2;1;1.0;2.0;48,9390770000;2,0341350000;
;1;76;76484;1;1;1.0;3.0;49,3451200000;1,0596300000;
;1;22;22278;2;6;1.0;3.0;48,5059470359; -2,7328823805;
;2;73;73011;2;3;7.0;1.0;45,6683000000;6,3738600000;
;1;22;22070;2;1;1.0;1.0;48,5574020000; -3,1616650000;
;1;68;68066;2;3;1.0;3.0;48,0834100000;7,3506100000;
;1;74;74218;2;3;1.0;3.0;46,3921600000;6,5333900000;
;5;62;62083;2;1;8.0;1.0;50,4557900000;2,6155500000;
;5;62;62498;2;1;1.0;6.0;50,4462660000;2,8393270000;
;5;54;54482;2;1;1.0;6.0;48,7007700000;6,2021000000;
;1;974;97416;1;9;1.0;2.0; -21,2959600000;55,4609300000;
;5;51;51454;2;1;2.0;7.0;49,2391815421;4,0137219429;
;1;974;97416;1;1;1.0;3.0; -21,3252400000;55,4879100000;
;3;47;47323;1;3;5.0;1.0;44,3962985675;0,7467184386;
;1;974;97411;2;1;1.0;6.0; -20,8928800000;55,4654100000;
;1;46;46042;2;1;1.0;;44,4468180000;1,4440800000;
;1;974;97407;2;1;1.0;6.0; -20,9370100000;55,3002000000;
;1;45;45234;2;1;1.0;6.0;47,9138800000;1,8955400000;
;5;69;69388;2;2;1.0;1.0;45,7380700000;4,8844500000;
;3;45;45302;2;1;1.0;4.0;47,9617572647;1,8890690804;
;5;69;69259;2;2;1.0;3.0;45,7247200000;4,8541500000;
;1;38;38053;2;2;1.0;6.0;45,5850165402;5,2732497689;
;1;69;69388;2;2;1.0;6.0;45,7454000000;4,8712200000;
;5;69;69385;2;2;1.0;3.0;45,7557100000;4,8159100000;
;5;33;33063;2;2;1.0;2.0;44,8533000000; -0,5699800000;
;5;33;33063;2;3;1.0;6.0;44,8265000000; -0,5474000000;
;5;69;69382;2;2;1.0;2.0;45,7651828365;4,8381176591;
;1;69;69382;2;1;1.0;7.0;45,7337300000;4,8178200000;
;1;33;33550;2;1;1.0;2.0;44,7641500000; -0,5607900000;
;1;30;30007;2;6;1.0;6.0;44,1036000000;4,0828000000;
;1;69;69382;2;1;1.0;2.0;45,7607600000;4,8308700000;
;2;69;69381;2;9;1.0;3.0;45,7727800000;4,8385400000;
;1;27;27229;2;1;1.0;7.0;49,0032700000;1,1519900000;
;5;69;69382;2;1;1.0;6.0;45,7522900000;4,8245000000;
;1;2B;2B033;2;6;1.0;1.0;42,7030900000;9,4466800000;
;1;971;97113;2;1;8.0;3.0;16,2138100000; -61,5010400000;
;2;91;91326;2;1;1.0;2.0;48,6918800000;2,3785200000;
;1;91;91027;2;2;1.0;3.0;48,7058570000;2,3714090000;
;1;87;87201;1;1;2.0;3.0;45,8567000000;1,1591900000;
;1;85;85194;2;6;1.0;3.0;46,5030140000; -1,7982950000;
;1;85;85194;2;1;1.0;6.0;46,4803194000; -1,7606422300;
;1;83;83137;2;2;1.0;3.0;43,1278500000;5,9247700000;
;1;83;83069;2;1;1.0;6.0;43,1190600000;6,1311400000;
;1;81;81004;2;1;1.0;6.0;43,9159500000;2,1299300000;
;1;78;78674;2;1;1.0;6.0;48,8308700000;2,0002300000;
;5;76;76351;2;2;1.0;6.0;49,4956989566;0,0957155225;
;1;76;76341;1;1;1.0;4.0;49,5081100000;0,1968900000;
;1;70;70550;1;1;1.0;2.0;47,6321700000;6,1377100000;
;5;69;69282;2;6;1.0;3.0;45,7704500000;4,9929300000;
;1;69;69266;2;1;8.0;3.0;45,7708900000;4,8719000000;
;1;69;69271;2;1;7.0;3.0;45,7376700000;4,9713600000;
;2;66;66136;2;1;1.0;2.0;42,6811550610;2,9105776548;
;1;66;66136;1;1;1.0;2.0;42,7251000000;2,8775500000;
;1;64;64445;2;1;7.0;2.0;43,3166000000; -0,3401600000;
;2;64;64102;2;2;1.0;3.0;43,4939000000; -1,4529000000;
;5;64;64102;2;3;1.0;1.0;43,4914600000; -1,4693300000;
;1;63;63113;2;1;1.0;6.0;45,8074300000;3,1093500000;
;5;62;62826;2;3;1.0;6.0;50,5248900000;1,5821030000;
;1;61;61497;2;1;1.0;7.0;48,4633000000;0,1028100000;
;1;59;59599;2;2;1.0;3.0;50,7383260000;3,1422290000;
;5;59;59328;2;1;1.0;6.0;50,6522586019;3,0402410030;
;5;56;56121;2;1;2.0;6.0;47,7512400000; -3,3685300000;
;3;56;56162;1;6;2.0;7.0;47,7085400000; -3,4207600000;
;3;56;56121;2;1;2.0;7.0;47,7411200000; -3,3585400000;
;3;52;52448;1;1;3.0;1.0;48,6237400000;4,9381200000;
;1;45;45234;2;2;1.0;6.0;47,9000200000;1,9049300000;
;1;45;45285;2;1;1.0;6.0;47,9024000000;1,8606000000;
;3;44;44162;1;1;1.0;4.0;47,1979900000; -1,6189500000;
;5;41;41018;2;1;1.0;1.0;47,5919800000;1,3187400000;
;5;38;38516;2;2;1.0;1.0;45,2005400000;5,7592100000;
;1;38;38421;2;2;1.0;6.0;45,1788490329;5,7512271715;
;3;35;35278;1;1;1.0;2.0;48,1680090000; -1,7119530000;
;5;35;35238;2;3;1.0;3.0;48,1101000000; -1,6861000000;
;1;34;34172;2;6;1.0;1.0;43,6184500000;3,8633300000;
;1;33;33063;2;8;1.0;3.0;44,8838400000; -0,5419200000;
;1;33;33522;2;6;1.0;6.0;44,8127600000; -0,5909400000;
;2;33;33063;2;3;1.0;3.0;44,8250700000; -0,5987000000;
;5;18;18279;2;3;1.0;6.0;47,2242290000;2,0724030000;
;1;15;15014;2;1;1.0;6.0;44,9123400000;2,4367810000;
;1;14;14167;2;1;1.0;6.0;49,1904000000; -0,3006300000;
;1;13;13117;2;1;1.0;4.0;43,4240000000;5,2500000000;
;1;13;13002;2;1;1.0;3.0;43,3259495223;5,4819022656;
;2;13;13211;2;1;1.0;3.0;43,2892000000;5,4684200000;
;2;13;13001;2;6;1.0;3.0;43,5280000000;5,4114000000;
;1;06;06088;2;9;1.0;6.0;43,6708700000;7,2239700000;
;1;06;06088;2;7;1.0;2.0;43,7001000000;7,2560000000;
;5;06;06069;1;9;1.0;1.0;43,6427400000;6,9079700000;
;1;01;01344;2;1;1.0;3.0;46,1996330000;5,1878170000;
;5;75;75105;2;3;1.0;6.0;48,8494260000;2,3569210000;
;1;75;75119;2;7;1.0;6.0;48,8781490000;2,4093570000;
;5;75;75117;2;3;1.0;3.0;48,8797420000;2,2894200000;
;5;75;75117;2;1;1.0;7.0;48,8915680000;2,3104160000;
;5;75;75115;2;2;1.0;2.0;48,8308440000;2,2923080000;
;1;75;75114;2;1;1.0;3.0;48,8261730000;2,3263410000;
;5;75;75114;2;1;1.0;2.0;48,8393490000;2,3219530000;
;1;75;75113;2;3;1.0;3.0;48,8202420000;2,3479600000;
;5;75;75111;2;7;1.0;3.0;48,8666980000;2,3651610000;
;5;75;75109;2;3;1.0;6.0;48,8763580000;2,3324140000;
;1;75;75109;2;2;1.0;1.0;48,8736230000;2,3353230000;
;5;75;75108;2;7;1.0;2.0;48,8662870000;2,3216880000;
;1;75;75107;2;1;8.0;3.0;48,8620060000;2,3151240000;
;5;94;94028;2;1;1.0;6.0;48,7777600000;2,4626900000;
;5;94;94078;2;9;1.0;4.0;48,7293870000;2,4470170000;
;5;93;93072;2;3;1.0;3.0;48,9628000000;2,3784700000;
;1;93;93066;2;3;1.0;6.0;48,9261800000;2,3622500000;
;5;93;93050;2;3;1.0;1.0;48,8733400000;2,5297200000;
;1;93;93050;2;3;8.0;3.0;48,8648158993;2,5258598269;
;1;93;93001;2;1;1.0;6.0;48,9088311179;2,3870131374;
;5;92;92046;2;1;1.0;7.0;48,8151527886;2,3042626977;
;5;92;92073;2;9;1.0;3.0;48,8676250000;2,2284330000;
;1;92;92051;2;1;1.0;7.0;48,8823204677;2,2683736682;
;1;92;92051;2;1;1.0;3.0;48,8843500000;2,2657200000;
;1;92;92049;2;1;1.0;6.0;48,8154410000;2,3177550000;
;5;92;92049;2;1;1.0;6.0;48,8168040344;2,3116469532;
;1;92;92049;2;3;1.0;3.0;48,8194320000;2,3102660000;
;1;37;37119;2;2;8.0;3.0;47,1158900000;0,4180240000;
;1;34;34148;1;1;1.0;4.0;43,3716770000;3,1439940000;
;2;95;95052;2;1;8.0;6.0;49,1380630000;2,2751570000;
;5;06;06027;2;1;2.0;3.0;43,6719070000;7,1206640000;
;3;49;49058;1;1;8.0;1.0;47,0051040000; -0,6702950000;
;1;68;68145;1;3;1.0;7.0;48,0835720000;7,4039710000;
;1;01;01173;2;3;3.0;6.0;46,3322466219;6,0602219403;
;3;01;01033;1;1;2.0;1.0;46,1154310000;5,8225820000;
;3;42;42167;1;1;3.0;6.0;45,4591070000;4,6556280000;
;1;83;83057;1;3;2.0;3.0;43,3703080000;6,2205310000;
;3;95;95352;1;1;1.0;6.0;49,1112470956;2,4282842875;
;1;2A;2A271;2;1;7.0;2.0;41,9531230000;8,8019480000;
;3;63;63314;1;1;2.0;6.0;45,5463880327;3,6134505272;
;1;12;12052;2;3;1.0;3.0;44,5710340000;2,0746890000;
;1;42;42266;1;1;1.0;6.0;45,4240880000;4,0505650000;
;3;68;68267;1;1;5.0;7.0;47,7617580000;7,2328610000;
;1;35;35207;2;3;1.0;3.0;48,1057864203; -1,5187807381;
;5;35;35095;2;1;3.0;6.0;48,5504688317; -1,7486487329;
;3;35;35223;1;1;2.0;6.0;48,0058034533; -2,0830585063;
;3;31;31587;1;2;1.0;3.0;43,7800788269;1,4480951428;
;5;38;38397;2;3;1.0;3.0;45,2459850000;5,8310900000;
;1;72;72090;2;1;1.0;6.0;48,0618100000;0,4997870000;
;3;45;45224;1;1;6.0;3.0;48,0811470000;2,0632300000;
;5;40;40310;2;6;1.0;6.0;43,7547290000; -1,3514690000;
;1;04;04209;2;9;1.0;6.0;44,1974320000;5,9437000000;
;1;08;08198;1;9;1.0;7.0;49,3360980000;4,8492710000;
;1;973;97309;2;1;2.0;3.0;4,8791350000; -52,2783030000;
;3;13;13087;1;1;1.0;2.0;43,4699420000;5,6571440000;
;5;988;98822;2;3;1.0;1.0; -20,9321200000;165,3263500000;
;1;45;45253;1;9;7.0;3.0;48,1659803332;2,2101649119;
;3;95;95213;1;1;1.0;6.0;49,1315955129;2,0869478008;
;1;78;78516;1;1;1.0;6.0;48,6371910000;1,6901350000;
;3;48;48135;1;1;2.0;6.0;44,4146850000;3,9308310000;
;2;34;34145;2;2;1.0;3.0;43,6783480000;4,1328390000;
;3;34;34058;1;1;1.0;1.0;43,6747320000;3,9974780000;
;1;13;13110;2;3;1.0;1.0;43,4518910000;5,6841050000;
;3;67;67411;1;1;1.0;7.0;48,5100300000;7,4882130000;
;5;73;73303;1;8;2.0;7.0;45,7395860000;6,4234250000;
;1;69;69102;1;1;1.0;6.0;45,8838742895;4,3957060575;
;3;53;53076;1;1;1.0;6.0;47,9640410000; -0,3513640000;
;3;49;49021;1;1;1.0;7.0;47,4539420000; -0,2447350000;
;3;14;14712;1;1;2.0;2.0;49,1887050000; -0,1913920000;
;3;76;76489;2;1;1.0;6.0;49,5045480000;0,2988890000;
;1;60;60125;1;1;7.0;1.0;49,4028049882;2,7152182065;
;1;60;60251;1;1;1.0;7.0;49,4524075696;2,2161429973;
;5;59;59322;2;1;9.0;6.0;50,2334300000;3,3216050000;
;3;13;13019;1;1;1.0;2.0;43,4243680000;5,3754950000;
;1;13;13215;1;1;1.0;2.0;43,3678600000;5,3607800000;
;1;69;69081;1;1;1.0;2.0;45,7777801867;4,7812360525;
;3;69;69193;1;1;1.0;7.0;45,5080100000;4,8451000000;
;5;33;33192;1;1;1.0;4.0;44,7900487912; -0,6111788750;
;3;33;33075;1;1;1.0;4.0;44,8901260000; -0,6121860000;
;5;33;33039;1;1;1.0;2.0;44,8011872629; -0,5344301462;
;5;33;33162;1;1;1.0;3.0;44,8793400000; -0,6281300000;
;1;59;59560;1;1;2.0;2.0;50,5340600000;3,0485400000;
;1;59;59603;1;1;1.0;6.0;50,3383500000;3,5035900000;
;1;62;62274;1;1;1.0;3.0;50,4256320000;2,9873150000;
;1;59;59143;1;1;1.0;6.0;50,6713281984;2,8712439389;
;2;91;91570;1;1;1.0;3.0;48,6251000000;2,3231500000;
;1;91;91434;1;1;1.0;4.0;48,6680000000;2,3540000000;
;1;91;91471;1;1;1.0;3.0;48,7078300000;2,1878500000;
;4;93;93064;1;1;1.0;4.0;48,8866200000;2,4821300000;
;2;93;93007;1;1;1.0;3.0;48,9242200000;2,4809000000;
;1;93;93006;1;1;1.0;2.0;48,8657661263;2,4206435175;
;2;94;94028;1;1;1.0;3.0;48,7910300000;2,4409100000;
;1;78;78624;2;1;1.0;6.0;48,9667910000;2,0112780000;
;1;38;38298;2;1;1.0;6.0;45,3690730000;4,7960580000;
;1;93;93073;2;1;8.0;3.0;48,9651600000;2,5709700000;
;5;93;93064;2;2;2.0;3.0;48,8610610000;2,4898250000;
;1;93;93055;2;1;8.0;2.0;48,9052690000;2,3966320000;
;5;93;93053;2;1;8.0;3.0;48,9035794863;2,4678687079;
;5;93;93046;2;5;1.0;3.0;48,9106000000;2,5122900000;
;1;93;93027;2;3;1.0;6.0;48,9312200000;2,3784400000;
;3;972;97206;1;1;1.0;1.0;14,4844120000; -60,9927950000;
;2;11;11233;1;1;1.0;6.0;43,2722060000;2,8909710000;
;1;34;34239;1;1;1.0;6.0;43,6564692878;3,5195758266;
;1;62;62005;1;1;2.0;2.0;50,1355630000;2,7672600000;
;3;59;59663;1;1;8.0;6.0;50,9059020000;2,4549080000;
;5;32;32256;2;2;1.0;6.0;43,5142050000;0,4045150000;
;4;89;89198;1;1;2.0;2.0;47,8651730000;3,5798910000;
;1;60;60342;2;1;1.0;1.0;49,2911290000;2,4446240000;
;1;12;12223;1;1;1.0;1.0;44,7881710000;2,8444720000;
;1;13;13005;1;1;1.0;3.0;43,2847000000;5,5207000000;
;3;46;46229;1;2;1.0;3.0;44,9126440000;1,7783500000;
;1;39;39502;1;1;1.0;6.0;47,0168080000;5,6687610000;
;1;69;69382;2;1;1.0;4.0;45,7361000000;4,8199000000;
;2;25;25425;1;1;1.0;1.0;47,1062010000;6,6738890000;
;1;67;67482;1;1;1.0;2.0;48,5876300000;7,7102000000;
;3;44;44051;1;1;1.0;6.0;47,6516970000; -1,6172920000;
;2;92;92002;1;1;1.0;2.0;48,7604701300;2,2910136580;
;3;44;44028;1;1;2.0;6.0;47,3360820000; -1,3586250000;
;1;94;94038;1;1;1.0;3.0;48,7903422576;2,3438434323;
;1;34;34192;2;1;1.0;6.0;43,5293110000;3,9299570000;
;1;91;91312;1;1;1.0;3.0;48,7313300000;2,2392400000;
;1;78;78362;1;1;1.0;2.0;48,9749260000;1,7265620000;
;1;92;92025;1;1;1.0;4.0;48,9346615298;2,2581093324;
;1;95;95582;1;1;1.0;6.0;48,9656083334;2,2718364000;
;1;93;93053;1;1;1.0;7.0;48,8837520000;2,4591860000;
;5;59;59650;2;1;8.0;6.0;50,6952524701;3,2131361961;
;1;62;62540;1;1;8.0;6.0;50,4537450000;2,5844650000;
;1;14;14061;1;1;1.0;2.0;48,9201870000; -0,8571370000;
;1;74;74044;1;1;1.0;5.0;46,1523450870;6,1556160444;
;3;42;42093;2;1;1.0;7.0;45,4742910000;4,6089150000;
;1;74;74081;2;3;1.0;3.0;46,0762300000;6,5612520000;
;1;74;74087;2;6;1.0;6.0;46,1474770000;6,3200570000;