Num_Acc;lum;departement;commune;agglomeration;intersection;meteo;type_collision;lat;long;date
;1;77;77355;2;1;1.0;2.0;48,4765890000;3,1961240000;
;1;65;65018;1;1;1.0;7.0;42,9654750000; -0,2667300000;
;1;33;33314;1;3;7.0;3.0;45,2071530000; -0,7564580000;
;1;71;71198;2;1;1.0;1.0;46,5945840000;5,3980420000;
;1;63;63342;1;1;1.0;7.0;45,5459590000;3,0795410000;
;1;12;12102;2;1;1.0;6.0;44,2920250000;2,6012920000;
;2;44;44171;1;1;1.0;1.0;47,1384000000; -1,7192500000;
;1;70;70111;1;1;1.0;7.0;47,6377500000;6,2858100000;
;1;72;72197;1;9;1.0;3.0;48,1557465582;0,0307989118;
;1;06;06032;2;9;1.0;3.0;43,7277590000;7,4075100000;
;1;93;93066;2;3;1.0;3.0;48,9399100000;2,3628200000;
;1;05;05164;1;1;1.0;1.0;44,5371350000;6,3964350000;
;3;50;50076;1;1;1.0;6.0;48,8945750000; -1,5040970000;
;1;93;93048;2;3;1.0;6.0;48,8700155182;2,4504191032;
;1;64;64362;1;1;1.0;6.0;43,3626140000; -1,0707590000;
;1;07;07288;1;1;1.0;1.0;44,7242350000;4,5096300000;
;1;93;93048;2;1;8.0;3.0;48,8725000000;2,4532500000;
;3;53;53271;1;1;1.0;6.0;48,3427336000; -0,2671587000;
;1;93;93045;2;2;1.0;3.0;48,8764500000;2,4137400000;
;1;53;53255;1;2;1.0;3.0;48,1047160000; -0,3902300000;
;1;93;93014;2;1;1.0;6.0;48,9024800000;2,5474200000;
;4;85;85046;2;2;1.0;3.0;46,6698100000; -1,2925300000;
;5;93;93010;2;2;1.0;3.0;48,9060290000;2,4803260000;
;1;30;30045;1;9;1.0;7.0;44,3235100000;4,0742540000;
;1;93;93010;2;3;1.0;3.0;48,8986040000;2,4867450000;
;1;30;30088;1;1;1.0;1.0;43,8483000000;4,0971000000;
;1;38;38048;2;9;1.0;7.0;45,5978340000;5,1282890000;
;5;93;93008;2;5;8.0;1.0;48,9074000000;2,4253700000;
;1;27;27137;1;1;1.0;3.0;48,7636400000;0,7629700000;
;2;93;93007;2;3;8.0;3.0;48,9383730000;2,4687570000;
;1;60;60505;1;1;1.0;7.0;49,1506750000;2,5376700000;
;1;11;11202;1;1;1.0;3.0;42,8982700000;3,0486520000;
;5;93;93001;2;1;1.0;3.0;48,9100770000;2,3766150000;
;5;92;92046;2;9;9.0;7.0;48,8142500000;2,2874400000;
;1;987;98744;1;1;2.0;7.0; -22,4837820000; -151,3278940000;
;3;988;98821;1;3;1.0;6.0; -22,0821400000;166,3190400000;
;1;92;92025;2;1;1.0;6.0;48,9230545123;2,2547472417;
;2;971;97107;1;1;1.0;1.0;16,0743720000; -61,5622870000;
;1;92;92019;2;2;1.0;3.0;48,7708600000;2,2850800000;
;1;45;45155;1;1;2.0;5.0;47,6743640000;2,6737480000;
;5;92;92012;2;9;1.0;3.0;48,8351719484;2,2256181836;
;1;95;95008;1;1;1.0;6.0;49,0603650362;1,7719209194;
;1;92;92012;2;3;1.0;3.0;48,8344000000;2,2580700000;
;1;78;78506;1;1;1.0;7.0;48,4884250000;1,8026160000;
;1;92;92002;2;6;1.0;3.0;48,7336247958;2,3077077269;
;3;60;60456;1;1;9.0;3.0;49,4881742174;2,5711171219;
;1;84;84068;2;3;1.0;1.0;43,7652090000;5,3626750000;
;1;974;97415;1;1;1.0;5.0; -21,0251760000;55,2739660000;
;1;83;83016;1;1;1.0;3.0;43,1897520000;5,8144930000;
;3;38;38157;1;6;1.0;3.0;45,5176540000;4,9264400000;
;1;81;81140;2;1;1.0;6.0;43,6971650000;1,8155390000;
;3;25;25032;1;1;2.0;2.0;47,3738880000;6,3641360000;
;3;21;21111;1;1;9.0;7.0;47,4019950000;5,1829400000;
;1;81;81105;2;1;1.0;3.0;43,7621020000;1,9896630000;
;3;972;97222;1;1;1.0;1.0;14,6902550000; -60,9633120000;
;1;35;35085;2;3;1.0;1.0;48,4122760000; -1,7593900000;
;1;17;17308;1;1;1.0;1.0;45,8613440000; -0,9748920000;
;1;14;14488;1;1;2.0;6.0;49,2604058436; -0,2641774714;
;1;60;60139;2;2;7.0;3.0;49,1670930000;2,2427560000;
;2;35;35253;1;1;1.0;5.0;48,2554352984; -1,4221193380;
;2;62;62014;2;3;3.0;1.0;50,6346910000;2,4001880000;
;1;91;91064;1;1;2.0;6.0;48,7508000000;2,2223000000;
;3;17;17391;1;2;4.0;3.0;46,1502230000; -1,0555940000;
;1;91;91687;1;1;2.0;2.0;48,6654200000;2,3632400000;
;2;59;59107;2;1;1.0;6.0;51,0628880000;2,5212380000;
;1;91;91689;1;1;8.0;5.0;48,7320000000;2,3150000000;
;5;65;65303;2;2;1.0;1.0;43,1899360000;0,1717530000;
;1;94;94003;1;1;8.0;2.0;48,8009709861;2,3420251782;
;1;91;91521;1;1;2.0;7.0;48,6359600000;2,4009700000;
;1;92;92050;1;1;1.0;3.0;48,9008832163;2,2054629922;
;1;2B;2B320;1;1;1.0;1.0;42,1424010000;9,5074440000;
;1;92;92036;1;1;1.0;2.0;48,9239274208;2,3049291695;
;1;92;92072;1;1;1.0;2.0;48,8158170159;2,2149565122;
;1;91;91538;1;1;1.0;1.0;48,7224170000;2,1379240000;
;1;78;78208;1;1;1.0;3.0;48,7999600000;1,9818160000;
;2;93;93053;1;1;1.0;3.0;48,8836200000;2,4588700000;
;1;71;71373;1;2;8.0;1.0;46,5057030000;5,0643000000;
;1;93;93027;1;1;1.0;4.0;48,9286400000;2,4029600000;
;1;92;92036;1;1;1.0;3.0;48,9395667576;2,2946477251;
;3;25;25039;1;1;1.0;2.0;47,1431480000;6,4245230000;
;1;93;93029;1;1;1.0;3.0;48,9263427285;2,4221654468;
;3;72;72205;2;6;1.0;3.0;48,1458450000;0,1829960000;
;1;95;95018;1;1;1.0;6.0;48,9536398065;2,2789978981;
;3;60;60068;1;3;1.0;1.0;49,3047429420;2,7945710420;
;1;94;94028;1;1;1.0;4.0;48,7766468479;2,4380583283;
;1;60;60664;1;2;1.0;3.0;49,5980830000;2,2763160000;
;5;45;45307;2;1;1.0;6.0;48,0672970000;2,8845550000;
;1;43;43051;1;1;1.0;1.0;45,0737780000;4,3237210000;
;1;94;94052;1;1;2.0;3.0;48,8432096684;2,4926533177;
;5;07;07308;2;1;4.0;6.0;45,1990140000;4,8013770000;
;3;24;24208;1;2;5.0;3.0;45,0486260000;0,6531550000;
;1;54;54395;2;3;1.0;2.0;48,6960400000;6,1417300000;
;1;37;37156;2;6;1.0;3.0;47,3845530000;0,8263830000;
;1;976;97611;2;1;1.0;1.0; -12,8132400000;45,2019600000;
;1;72;72328;1;1;1.0;2.0;48,0406830000;0,2495700000;
;1;974;97416;1;1;1.0;6.0; -21,3019200000;55,4256900000;
;1;51;51588;1;1;1.0;2.0;49,0759228093;4,8062449694;
;1;83;83059;2;9;9.0;6.0;43,3395880000;6,0843500000;
;1;57;57206;2;1;1.0;6.0;49,3051680000;6,1104000000;
;1;974;97416;2;1;1.0;5.0; -21,3068500000;55,4653100000;
;5;57;57514;2;7;4.0;6.0;49,1171160000;6,9741360000;
;1;974;97411;1;1;1.0;2.0; -20,8762800000;55,4158800000;
;1;38;38072;1;9;1.0;3.0;45,3136250000;4,8088150000;
;5;38;38565;1;1;8.0;7.0;45,3084280000;5,6214590000;
;1;974;97411;2;1;8.0;2.0; -20,8864400000;55,4762100000;
;3;26;26235;1;1;4.0;6.0;44,3446220000;4,6890700000;
;1;01;01342;1;1;1.0;6.0;45,8903070000;5,0349090000;
;1;973;97302;2;1;1.0;6.0;4,9268017879; -52,3140031099;
;5;72;72264;2;1;1.0;2.0;47,8389130000; -0,3096660000;
;3;59;59009;1;1;1.0;4.0;50,6486900000;3,1435600000;
;1;973;97302;2;2;1.0;3.0;4,9333300000; -52,3316800000;
;3;62;62065;1;1;1.0;6.0;50,4167700000;2,8224700000;
;1;973;97302;2;1;1.0;3.0;4,9363689943; -52,3148882389;
;1;94;94021;1;1;8.0;6.0;48,7702865981;2,3454249440;
;1;69;69386;2;1;1.0;2.0;45,7815200000;4,8466200000;
;1;92;92036;1;1;1.0;2.0;48,9281382446;2,3027377306;
;1;93;93066;1;1;1.0;2.0;48,9289800000;2,3595100000;
;1;972;97209;1;1;2.0;3.0;14,6118200000; -61,0786700000;
;1;69;69384;2;3;1.0;6.0;45,7795600000;4,8274900000;
;5;93;93066;1;1;1.0;5.0;48,9208100000;2,3571500000;
;1;69;69389;2;1;1.0;3.0;45,7749500000;4,8079200000;
;3;77;77468;1;1;1.0;2.0;48,8477000000;2,6621400000;
;2;974;97416;1;1;1.0;6.0; -21,2745300000;55,4971100000;
;5;2B;2B033;2;1;1.0;1.0;42,6821600000;9,4441000000;
;5;69;69383;2;1;1.0;2.0;45,7435642218;4,8771129549;
;1;971;97113;1;1;1.0;6.0;16,2304429871; -61,4995765686;
;1;69;69386;2;1;1.0;6.0;45,7704200000;4,8500600000;
;1;972;97213;1;9;1.0;7.0;14,6314700000; -60,9677500000;
;5;95;95476;2;3;1.0;3.0;49,0680976708;2,0882070065;
;1;69;69381;2;1;1.0;3.0;45,7742311056;4,8303061725;
;1;91;91326;2;9;1.0;7.0;48,6901600000;2,3774000000;
;5;69;69384;2;3;1.0;3.0;45,7794900000;4,8323100000;
;1;87;87085;2;3;1.0;3.0;45,8201400000;1,2514300000;
;5;95;95277;2;6;8.0;6.0;48,9688540000;2,4652880000;
;1;91;91471;2;6;7.0;3.0;48,6844200000;2,1883200000;
;1;85;85194;2;2;1.0;3.0;46,5072600000; -1,7407200000;
;5;83;83137;2;1;1.0;3.0;43,1281800000;5,9059000000;
;1;85;85194;2;1;1.0;6.0;46,4998100000; -1,7845500000;
;1;83;83144;2;1;1.0;3.0;43,1360740000;5,9841820000;
;1;83;83137;2;9;1.0;3.0;43,1192434297;5,9473554343;
;3;77;77438;2;1;1.0;6.0;48,8666500000;2,6777200000;
;1;69;69266;2;8;8.0;3.0;45,7580000000;4,9077700000;
;1;83;83090;2;1;7.0;7.0;43,1190000000;5,8860000000;
;5;62;62119;2;1;1.0;6.0;50,5238920000;2,6289200000;
;5;62;62041;2;1;1.0;6.0;50,2906180000;2,7820050000;
;3;59;59225;2;1;1.0;3.0;50,2974797399;3,9284759760;
;1;47;47001;1;1;1.0;5.0;44,2232600000;0,6157000000;
;1;76;76351;2;2;1.0;3.0;49,4940700000;0,1384300000;
;5;45;45298;2;1;1.0;6.0;47,8823500000;1,8721000000;
;1;44;44109;2;1;1.0;2.0;47,2002700000; -1,5788300000;
;1;74;74298;2;7;1.0;6.0;46,1801740000;6,2549840000;
;1;38;38185;2;1;8.0;2.0;45,1773300000;5,7023000000;
;1;69;69029;2;1;1.0;3.0;45,7509100000;4,9078700000;
;1;37;37261;2;1;1.0;2.0;47,3897000000;0,6867900000;
;1;33;33039;2;1;1.0;6.0;44,8026800000; -0,5581200000;
;1;69;69091;2;4;1.0;1.0;45,5986900000;4,7686700000;
;1;33;33063;2;2;1.0;3.0;44,8318800000; -0,5772700000;
;1;67;67267;2;1;1.0;3.0;48,5568100000;7,6858900000;
;5;33;33063;2;2;1.0;3.0;44,8171500000; -0,5484800000;
;1;67;67447;2;3;1.0;3.0;48,6106200000;7,7339100000;
;1;33;33063;2;1;1.0;3.0;44,8304354957; -0,5968183279;
;1;29;29232;2;1;5.0;6.0;48,0029790000; -4,1010940000;
;1;67;67482;2;3;1.0;3.0;48,5685900000;7,7527600000;
;1;67;67043;2;1;1.0;3.0;48,6138190000;7,7534520000;
;5;28;28134;2;1;1.0;1.0;48,7393400000;1,3905500000;
;5;25;25056;2;1;1.0;6.0;47,2308730000;5,9950680000;
;1;67;67482;2;3;1.0;3.0;48,5817700000;7,7073500000;
;1;67;67482;2;1;1.0;2.0;48,5974700000;7,7234100000;
;1;13;13054;2;1;1.0;2.0;43,4160800000;5,2284600000;
;1;67;67365;2;3;1.0;3.0;48,5573300000;7,7159300000;
;1;13;13215;2;1;1.0;4.0;43,3548000000;5,3574200000;
;5;67;67482;2;3;1.0;3.0;48,5693400000;7,7354000000;
;5;13;13211;2;1;1.0;3.0;43,2887969431;5,4602906705;
;1;13;13205;2;1;1.0;1.0;43,2889500000;5,3981900000;
;1;67;67482;2;1;1.0;6.0;48,5673400000;7,7741700000;
;1;13;13028;2;1;1.0;3.0;43,1841000000;5,6064500000;
;1;64;64445;2;1;1.0;1.0;43,3069100000; -0,3763400000;
;1;13;13028;2;3;1.0;3.0;43,1774948658;5,6018087915;
;1;64;64024;2;1;1.0;1.0;43,4965500000; -1,4946000000;
;5;13;13001;1;1;8.0;4.0;43,5401110000;5,4326690000;
;1;63;63113;2;2;1.0;6.0;45,7667700000;3,1069700000;
;1;69;69259;2;1;2.0;6.0;45,7174500000;4,8912100000;
;1;60;60057;2;9;1.0;6.0;49,4274638135;2,0833591819;
;1;61;61169;2;2;2.0;6.0;48,7488500000; -0,5686700000;
;1;59;59599;2;9;1.0;3.0;50,7333300000;3,1682000000;
;1;74;74308;1;1;1.0;3.0;46,3536960000;6,6139520000;
;5;74;74010;2;1;1.0;6.0;45,8831410000;6,0979160000;
;1;59;59512;2;1;1.0;6.0;50,6740150000;3,1902970000;
;1;74;74123;1;3;1.0;6.0;45,7548770000;6,2968670000;
;5;988;98818;2;1;1.0;1.0; -22,2469900000;166,4607700000;
;1;59;59350;2;1;1.0;6.0;50,6285101146;3,0523627996;
;1;974;97416;1;1;1.0;1.0; -21,3193000000;55,4701000000;
;1;974;97416;1;1;1.0;2.0; -21,2974500000;55,5081700000;
;1;54;54395;2;3;1.0;3.0;48,7028800000;6,1591800000;
;1;973;97302;2;1;1.0;7.0;4,9328549627; -52,3188659549;
;1;973;97302;2;1;1.0;1.0;4,9333355265; -52,3131796718;
;4;973;97302;1;1;1.0;7.0;4,9037100000; -52,3162400000;
;1;54;54382;2;1;1.0;6.0;49,5327600000;5,7645300000;
;1;972;97213;1;1;1.0;1.0;14,5951500000; -60,9829900000;
;1;971;97113;2;1;1.0;1.0;16,2068998088; -61,5016016364;
;1;51;51454;2;4;1.0;3.0;49,2354804877;4,0249148011;
;1;971;97101;2;1;1.0;6.0;16,2484600000; -61,5300400000;
;1;971;97101;2;9;1.0;6.0;16,2660000000; -61,5150000000;
;1;50;50129;2;1;1.0;2.0;49,6335800000; -1,6176200000;
;1;2A;2A004;1;1;2.0;3.0;41,9418300000;8,8081300000;
;1;49;49246;2;6;1.0;3.0;47,4334000000; -0,5295500000;
;1;95;95019;2;3;1.0;3.0;48,9862007659;2,4133738875;
;1;49;49007;2;1;1.0;2.0;47,4527900000; -0,5245700000;
;1;91;91421;2;1;1.0;6.0;48,7033320000;2,4427760000;
;1;49;49007;2;1;1.0;6.0;47,4573800000; -0,5442800000;
;5;91;91687;2;1;1.0;1.0;48,6734400000;2,3929600000;
;5;88;88160;2;1;2.0;1.0;48,1860700000;6,4452900000;
;1;48;48095;2;3;7.0;2.0;44,5319500000;3,4989000000;
;1;83;83126;2;2;1.0;1.0;43,1028300000;5,8742500000;
;1;45;45234;2;2;1.0;3.0;47,8979400000;1,8949700000;
;1;76;76108;2;6;5.0;6.0;49,4818500000;1,1096900000;
;1;45;45147;1;6;1.0;3.0;47,9379625513;1,8946392238;
;1;71;71153;2;3;1.0;3.0;46,7959164418;4,4532917440;
;3;71;71153;2;9;2.0;6.0;46,7930200000;4,4448800000;
;5;42;42187;2;3;1.0;1.0;46,0308803569;4,0671719558;
;3;71;71445;2;1;1.0;1.0;46,7849523735;4,8883232474;
;1;37;37261;2;1;1.0;6.0;47,3925500000;0,6862400000;
;5;69;69266;2;1;8.0;6.0;45,7708408270;4,8722112180;
;2;69;69259;2;1;8.0;6.0;45,7130200000;4,8988300000;
;1;66;66136;2;1;1.0;6.0;42,7003600000;2,8936700000;
;1;35;35238;2;6;1.0;3.0;48,0915700000; -1,6585200000;
;1;64;64189;2;1;7.0;6.0;43,3776404942; -1,6697019339;
;1;34;34032;2;1;1.0;7.0;43,3704202118;3,2189029455;
;1;60;60175;2;1;1.0;6.0;49,2601795949;2,4762395024;
;1;60;60057;2;1;1.0;3.0;49,4090500000;2,1155900000;
;1;33;33063;2;3;1.0;3.0;44,8299000000; -0,5428600000;
;1;60;60057;2;1;8.0;4.0;49,4278600000;2,0984000000;
;2;33;33063;2;3;1.0;3.0;44,8298100000; -0,5558600000;
;1;59;59043;2;1;7.0;3.0;50,7400000000;2,7375000000;
;1;56;56260;2;1;1.0;6.0;47,6613000000; -2,7259500000;
;1;27;27562;2;2;1.0;3.0;49,1057300000;1,4576300000;
;1;54;54547;2;3;1.0;6.0;48,6665400000;6,1684900000;
;1;25;25056;2;1;1.0;3.0;47,2638740000;6,0227440000;
;5;51;51454;2;1;1.0;3.0;49,2516600000;4,0283400000;
;5;49;49007;2;1;1.0;6.0;47,4766600000; -0,5325000000;
;5;47;47001;2;1;1.0;3.0;44,2017000000;0,6206700000;
;5;45;45208;2;2;1.0;3.0;47,9942770000;2,7240930000;
;1;15;15014;2;1;1.0;2.0;44,9122690000;2,4380270000;
;5;45;45068;2;3;1.0;2.0;48,0053700000;2,7238900000;
;1;13;13208;2;1;1.0;2.0;43,2696300000;5,3927000000;
;5;45;45068;2;1;8.0;4.0;48,0081400000;2,7223000000;
;1;35;35238;2;6;1.0;3.0;48,0860800000; -1,6441800000;
;1;13;13215;2;1;1.0;1.0;43,3370000000;5,3515000000;
;5;33;33063;2;1;1.0;3.0;44,8528400000; -0,5672420000;
;1;13;13209;2;1;1.0;2.0;43,2508305417;5,4221004281;
;5;29;29019;2;1;2.0;2.0;48,3901900000; -4,4861000000;
;5;28;28134;2;1;1.0;6.0;48,7402500000;1,3871600000;
;5;28;28134;2;1;5.0;6.0;48,7503700000;1,3521900000;
;3;13;13047;2;1;1.0;3.0;43,5144838818;4,9940685100;
;5;26;26362;2;1;1.0;3.0;44,9380000000;4,9130000000;
;5;21;21054;2;3;1.0;1.0;47,0183360000;4,8635790000;
;5;17;17291;2;1;1.0;1.0;46,1843000000; -1,1190300000;
;3;17;17291;1;1;1.0;2.0;46,1794000000; -1,0958500000;
;1;10;10387;2;6;1.0;3.0;48,2949000000;4,0818890000;
;5;14;14333;1;6;9.0;6.0;49,4123900000;0,2703300000;
;1;13;13117;2;3;8.0;3.0;43,4430000000;5,2523100000;
;1;06;06069;2;1;1.0;1.0;43,6261600000;6,9350700000;
;5;13;13202;2;9;1.0;3.0;43,3132925316;5,3664072912;
;4;13;13047;1;1;1.0;6.0;43,5470900000;4,9726000000;
;1;13;13028;2;1;1.0;3.0;43,1757700000;5,6025200000;
;5;08;08497;2;1;1.0;1.0;49,7834560000;4,6842820000;
;1;06;06004;2;5;1.0;3.0;43,5869200000;7,1208200000;
;5;06;06088;2;3;1.0;3.0;43,7062500000;7,2698200000;
;5;06;06088;2;8;1.0;6.0;43,7053800000;7,2649700000;
;2;06;06069;2;1;1.0;3.0;43,6696980000;6,9490050000;
;1;06;06004;2;6;1.0;3.0;43,5993260000;7,0863730000;
;1;06;06123;2;3;1.0;3.0;43,6621200000;7,1942000000;
;1;75;75112;2;1;1.0;7.0;48,8277650000;2,3934860000;
;5;06;06004;2;4;1.0;6.0;43,5877800000;7,1190900000;
;5;75;75119;2;1;1.0;2.0;48,9006060000;2,3739330000;
;1;75;75113;2;2;1.0;4.0;48,8262150000;2,3877800000;
;5;75;75118;2;4;1.0;5.0;48,9008690000;2,3643360000;
;5;75;75112;2;1;1.0;2.0;48,8302760000;2,4020370000;
;5;75;75116;2;1;1.0;3.0;48,8735780000;2,2752950000;
;5;75;75113;2;4;1.0;2.0;48,8167830000;2,3558550000;
;1;75;75109;2;7;1.0;6.0;48,8763540000;2,3324730000;
;1;75;75118;2;7;1.0;2.0;48,8956380000;2,3462880000;
;1;75;75108;2;2;1.0;3.0;48,8678510000;2,2918890000;
;5;75;75104;2;1;1.0;6.0;48,8562916132;2,3500818014;
;1;94;94001;2;1;8.0;6.0;48,7273000000;2,4291300000;
;1;94;94048;2;1;1.0;5.0;48,7275200000;2,5394800000;
;1;75;75115;2;2;1.0;2.0;48,8431010000;2,2834810000;
;5;93;93014;2;3;1.0;6.0;48,8994229043;2,5464732121;
;5;93;93029;2;3;1.0;3.0;48,9235100000;2,4604000000;
;5;93;93001;2;1;1.0;2.0;48,9097000000;2,3861300000;
;1;75;75114;2;4;1.0;4.0;48,8220910000;2,3165000000;
;5;92;92048;2;1;1.0;6.0;48,8072848140;2,2396320552;
;1;92;92040;2;1;1.0;6.0;48,8231310000;2,2740750000;
;5;92;92023;2;2;1.0;3.0;48,7861107305;2,2533168197;
;1;75;75113;2;7;1.0;3.0;48,8163990000;2,3600790000;
;1;51;51144;1;1;1.0;7.0;48,7539250000;4,9005890000;
;5;66;66024;1;1;1.0;2.0;42,5280100000;2,8214530000;
;1;974;97410;2;1;1.0;3.0; -21,0495740000;55,6840750000;
;1;75;75112;2;2;1.0;3.0;48,8349790000;2,4198000000;
;2;26;26010;1;3;8.0;3.0;45,2777060000;4,9167200000;
;1;75;75111;2;4;7.0;6.0;48,8532840000;2,3877200000;
;2;62;62094;1;3;1.0;1.0;50,4633880000;1,7734120000;
;1;75;75110;2;2;1.0;1.0;48,8740200000;2,3479040000;
;2;34;34088;2;6;1.0;3.0;43,5529140000;3,7170640000;
;2;63;63460;1;1;1.0;6.0;45,9311521817;2,6531472802;
;1;75;75109;2;2;1.0;6.0;48,8728550000;2,3310700000;
;1;49;49080;1;1;5.0;1.0;47,6473350000; -0,5769320000;
;3;49;49029;1;1;1.0;2.0;47,3795360000; -0,3851120000;
;3;42;42249;1;1;1.0;1.0;45,8829470000;4,2376010000;
;1;75;75116;2;2;1.0;3.0;48,8555610000;2,2702220000;
;3;47;47174;1;1;9.0;7.0;44,0532460000;0,3176400000;
;3;47;47095;1;1;1.0;4.0;44,4286310000;0,2784670000;
;1;75;75107;2;2;1.0;7.0;48,8572610000;2,3099370000;
;3;41;41115;1;1;5.0;7.0;47,8732340000;1,1646850000;
;1;41;41176;1;1;1.0;1.0;47,5663090000;2,1114940000;
;1;29;29111;1;1;9.0;1.0;48,5668593903; -4,2121108174;
;1;75;75106;2;2;1.0;6.0;48,8527080000;2,3377490000;
;4;29;29302;2;6;5.0;6.0;48,2456840000; -4,0842050000;
;1;31;31100;1;1;1.0;7.0;43,2804390000;1,6383040000;
;1;75;75103;2;2;1.0;6.0;48,8564560000;2,3643140000;
;1;02;02558;1;1;1.0;6.0;50,0272620000;3,7764160000;
;3;01;01165;1;2;1.0;6.0;46,0652850000;4,8156330000;
;1;94;94028;2;1;1.0;3.0;48,7734799735;2,4606486306;
;1;14;14107;2;3;1.0;3.0;49,2792870000; -0,9610000000;
;3;64;64231;2;1;1.0;6.0;43,2026950000; -0,9108430000;
;2;07;07260;1;1;1.0;7.0;44,6986620000;4,7068210000;
;3;27;27665;1;1;1.0;1.0;49,4040090000;0,5818740000;
;3;28;28259;1;1;1.0;7.0;48,2198820000;1,4030570000;
;1;94;94011;2;3;1.0;4.0;48,7643000000;2,4926000000;
;5;68;68375;2;1;8.0;1.0;47,7886230000;7,2261070000;
;1;33;33122;1;1;1.0;4.0;44,7065470000; -0,7523920000;
;1;93;93005;2;3;1.0;1.0;48,9461500000;2,5154900000;
;1;93;93066;2;2;1.0;3.0;48,9421000000;2,3654400000;
;1;93;93066;2;9;1.0;3.0;48,9467676708;2,3705685139;
;1;93;93064;2;6;1.0;3.0;48,8775290000;2,4756430000;
;1;93;93062;2;2;1.0;3.0;48,8972500000;2,5296000000;
;2;93;93008;2;1;1.0;6.0;48,9053813438;2,4393312336;
;1;93;93001;2;1;2.0;3.0;48,9187974304;2,3911692202;
;1;92;92078;2;2;1.0;6.0;48,9354460000;2,3329420000;
;1;92;92062;2;1;1.0;6.0;48,8832294551;2,2397129238;
;1;51;51204;1;1;1.0;6.0;49,0794880000;3,8792900000;
;1;56;56026;1;1;1.0;1.0;47,9882920000; -3,1736810000;
;1;74;74256;2;1;1.0;7.0;45,9497700000;6,6261720000;
;1;67;67002;1;1;1.0;7.0;48,9048470000;7,1897690000;
;1;79;79063;1;1;1.0;2.0;47,0379590000; -0,4047560000;
;1;82;82123;1;1;2.0;1.0;43,9257660000;1,2815740000;
;1;65;65056;2;2;1.0;3.0;43,0192230000; -0,0966830000;
;3;32;32344;2;1;1.0;1.0;43,6666680000; -0,0881180000;
;1;71;71292;1;1;1.0;2.0;46,8163840000;4,7429180000;
;1;89;89025;2;2;1.0;3.0;47,4886150000;3,9191580000;
;1;89;89025;2;1;7.0;6.0;47,4914620000;3,9146320000;
;1;55;55398;1;1;1.0;1.0;48,6827370000;5,7416980000;
;3;49;49018;2;1;1.0;6.0;47,5448730000; -0,1052880000;
;3;34;34293;1;1;1.0;6.0;43,5931980000;2,7312610000;
;1;68;68349;2;3;1.0;3.0;47,6083760000;7,5606210000;
;1;39;39235;2;2;1.0;3.0;47,1516320000;5,7597760000;
;1;25;25305;1;9;1.0;6.0;47,1860810000;6,2057300000;
;3;31;31584;1;1;2.0;6.0;43,8375430000;1,4808420000;
;3;38;38257;2;3;1.0;2.0;45,4806480000;5,4012070000;
;1;02;02321;2;1;1.0;3.0;49,8498340000;3,9036010000;
;3;15;15252;1;1;1.0;7.0;44,9942440000;2,5475190000;
;1;14;14654;2;1;1.0;6.0;49,0182970000; -0,0333990000;
;1;64;64106;1;9;1.0;3.0;43,3199950000; -1,0149480000;
;1;43;43203;1;1;7.0;1.0;45,1540490000;4,0314460000;
;1;07;07197;2;1;1.0;6.0;45,2174970000;4,6595230000;
;3;21;21645;1;3;1.0;6.0;47,1485310000;5,2844240000;
;1;40;40017;1;1;2.0;1.0;43,7310570000; -0,5719170000;
;5;85;85221;2;1;1.0;1.0;46,9027850000; -1,9988438000;
;1;85;85047;2;6;1.0;6.0;46,8555490000; -1,8965390000;
;2;85;85034;1;1;1.0;6.0;46,6324027171; -1,1366276443;
;1;03;03305;1;1;1.0;6.0;46,4366890000;2,6972510000;
;5;976;97605;2;1;1.0;1.0; -12,8369810000;45,1131980000;
;1;987;98729;1;1;1.0;2.0; -17,5331890000; -149,8386110000;
;1;971;97104;2;1;1.0;6.0;16,0342700000; -61,7348090000;
;1;29;29234;1;1;1.0;6.0;47,8708450000; -3,4864770000;
;3;89;89438;1;1;1.0;1.0;47,8011760000;3,6634490000;
;1;54;54520;2;4;1.0;6.0;48,5803123576;6,6237473490;
;4;74;74007;2;6;1.0;6.0;46,0744810000;6,3135550000;
;3;73;73288;1;2;1.0;7.0;45,6154511072;5,9238738454;
;5;42;42285;2;1;9.0;6.0;45,5495880000;4,1299470000;
;5;38;38468;2;1;1.0;6.0;45,3553910000;4,8018520000;
;3;64;64230;1;1;1.0;2.0;43,2068300000; -0,4034200000;
;1;85;85152;2;1;1.0;5.0;46,6044500000; -1,6613500000;
;1;76;76057;1;6;2.0;6.0;49,5268520000;0,9620980000;
;1;02;02544;1;1;1.0;6.0;49,9213400000;4,0578710000;
;5;59;59584;2;1;1.0;7.0;50,3177400000;3,8344700000;
;1;59;59482;1;1;1.0;1.0;50,7178460000;3,0143150000;
;1;13;13106;1;1;1.0;2.0;43,3941700000;5,3513800000;
;1;69;69029;1;1;1.0;3.0;45,7479000000;4,9068000000;
;1;33;33096;1;1;1.0;6.0;44,8917300000; -0,5014700000;
;1;91;91521;1;1;1.0;2.0;48,6382860000;2,3966780000;
;1;77;77251;1;1;8.0;6.0;48,6167150000;2,5587000000;
;1;92;92048;1;1;1.0;6.0;48,8085156424;2,2121007426;
;2;60;60494;1;1;1.0;5.0;49,1352599924;2,5644621848;
;1;93;93010;1;1;1.0;3.0;48,9021112959;2,4703828674;
;2;95;95256;1;1;1.0;2.0;49,0569716698;2,2064977884;
;1;33;33009;2;1;1.0;6.0;44,6613200000; -1,1735500000;
;5;76;76540;2;2;1.0;6.0;49,4367500000;1,0875200000;
;5;974;97416;2;1;1.0;3.0; -21,3410300000;55,4620000000;
;1;974;97416;2;1;1.0;6.0; -21,2894540000;55,5098930000;
;1;974;97407;2;1;1.0;6.0; -20,9390400000;55,2961300000;
;1;69;69383;2;2;1.0;2.0;45,7527300000;4,8503900000;
;2;69;69383;2;2;1.0;3.0;45,7635836768;4,8581296206;
;1;69;69383;2;2;1.0;3.0;45,7541800000;4,8855800000;
;1;69;69383;2;2;1.0;3.0;45,7596700000;4,8490500000;
;1;972;97213;1;1;1.0;4.0;14,6466600000; -61,0101600000;
;1;971;97101;1;1;1.0;3.0;16,2889700000; -61,5114100000;
;5;971;97101;1;1;1.0;6.0;16,2505200000; -61,5224700000;
;1;971;97107;2;1;1.0;2.0;16,0447858030; -61,5625199676;
;5;2A;2A004;2;3;1.0;3.0;41,9207108597;8,7370766601;
;1;91;91687;2;1;1.0;6.0;48,6593100000;2,3676400000;
;5;87;87085;2;1;2.0;2.0;45,8246100000;1,2591900000;
;1;83;83137;2;1;8.0;3.0;43,1265300000;5,9117600000;
;1;83;83137;2;1;1.0;2.0;43,1214200000;5,9530700000;
;1;79;79191;2;1;1.0;7.0;46,3256900000; -0,4973700000;