Num_Acc;lum;departement;commune;agglomeration;intersection;meteo;type_collision;lat;long;date
;1;78;78133;2;2;1.0;3.0;48,9100200000;2,0388600000;
;1;77;77400;1;2;1.0;3.0;48,7986416749;3,0236381896;
;1;76;76565;1;6;1.0;4.0;49,8734200000;1,0997200000;
;1;73;73011;2;3;1.0;1.0;45,6697640000;6,3770860000;
;1;66;66136;2;1;1.0;6.0;42,6883200000;2,8970900000;
;2;66;66136;1;1;1.0;4.0;42,7012200000;2,8859400000;
;1;65;65286;2;1;2.0;6.0;43,1018700000; -0,0440000000;
;1;64;64132;2;1;1.0;2.0;43,2896178168; -0,3551352024;
;1;64;64122;2;1;1.0;3.0;43,4861500000; -1,5553100000;
;1;64;64102;2;1;1.0;7.0;43,4856700000; -1,4911900000;
;1;63;63113;2;2;1.0;3.0;45,7706100000;3,1010100000;
;1;63;63113;2;1;1.0;5.0;45,7693500000;3,1137300000;
;1;63;63113;2;1;1.0;6.0;45,7986104755;3,1139395241;
;1;62;62771;2;8;1.0;1.0;50,4216620000;2,8556350000;
;1;62;62035;1;1;1.0;2.0;50,5343710000;2,6035750000;
;1;59;59599;2;1;1.0;6.0;50,7286943647;3,1463752985;
;1;59;59512;2;8;1.0;6.0;50,6891100000;3,1776800000;
;1;59;59350;2;1;1.0;3.0;50,6456800000;3,0502700000;
;1;56;56098;2;1;1.0;6.0;47,7626100000; -3,3317000000;
;1;54;54371;2;1;1.0;7.0;49,2015100000;5,9388200000;
;1;49;49328;2;6;1.0;3.0;47,2537400000; -0,0857400000;
;1;49;49007;2;1;1.0;7.0;47,4796000000; -0,5896300000;
;1;47;47323;1;3;1.0;3.0;44,4077926288;0,7474523182;
;1;44;44109;2;1;1.0;6.0;47,2037940000; -1,5476130000;
;2;42;42095;2;1;1.0;3.0;45,3929829081;4,2930675745;
;1;37;37122;2;6;1.0;3.0;47,3521301581;0,6866072863;
;3;35;35238;1;1;2.0;2.0;48,1366282540; -1,7035192251;
;2;35;35238;2;6;2.0;6.0;48,1333300000; -1,6852700000;
;5;33;33039;2;1;1.0;6.0;44,7987250000; -0,5574960000;
;1;33;33063;2;3;1.0;2.0;44,8345228236; -0,5519696211;
;5;29;29019;2;3;1.0;3.0;48,4066070000; -4,4792800000;
;1;27;27701;1;1;1.0;4.0;49,2529900000;1,1814500000;
;1;75;75112;2;4;1.0;3.0;48,8277870000;2,3936370000;
;1;22;22113;2;1;1.0;4.0;48,7442600000; -3,4527500000;
;1;75;75112;2;1;1.0;4.0;48,8308070000;2,4031540000;
;5;15;15014;2;6;1.0;3.0;44,9223230000;2,4278920000;
;1;75;75120;2;1;1.0;2.0;48,8500990000;2,4151060000;
;2;14;14304;1;2;1.0;3.0;49,3823220000;0,2447530000;
;1;75;75112;2;4;1.0;6.0;48,8278921895;2,3945420980;
;1;13;13210;2;1;1.0;3.0;43,2792300000;5,4139100000;
;1;75;75116;2;1;1.0;3.0;48,8677800000;2,2623880000;
;1;13;13005;2;6;1.0;3.0;43,2942952400;5,5584177262;
;1;75;75114;2;2;1.0;3.0;48,8316940000;2,3408890000;
;1;75;75112;2;1;1.0;4.0;48,8340920000;2,3831570000;
;1;75;75110;2;2;1.0;3.0;48,8748200000;2,3573990000;
;5;11;11069;2;3;2.0;7.0;43,2219600000;2,3415700000;
;1;94;94081;2;2;1.0;1.0;48,7929400000;2,4012200000;
;1;10;10387;2;1;1.0;6.0;48,2852500000;4,0740500000;
;5;94;94081;2;3;1.0;1.0;48,7811200000;2,4030700000;
;1;94;94046;2;9;1.0;6.0;48,7996400000;2,4324770000;
;1;10;10387;2;3;8.0;3.0;48,3043000000;4,0825700000;
;1;94;94043;2;3;1.0;6.0;48,8089300000;2,3582000000;
;1;06;06088;2;1;1.0;6.0;43,7034400000;7,2763200000;
;3;94;94022;1;1;1.0;2.0;48,7734300000;2,4085400000;
;5;93;93059;2;2;1.0;6.0;48,9684574524;2,3651790333;
;1;06;06088;2;2;1.0;3.0;43,6966500000;7,2550700000;
;1;93;93064;2;1;1.0;3.0;48,8790187170;2,4719096077;
;1;06;06069;2;3;2.0;1.0;43,6561250000;6,9289220000;
;5;93;93064;2;2;1.0;3.0;48,8610400000;2,4898100000;
;2;06;06027;2;1;1.0;3.0;43,6477400000;7,1487500000;
;1;93;93053;2;3;1.0;3.0;48,8823300000;2,4583400000;
;1;93;93048;2;1;1.0;3.0;48,8637700000;2,4398600000;
;1;04;04112;1;3;1.0;4.0;43,8093600000;5,7816400000;
;5;93;93027;2;3;1.0;3.0;48,9243300000;2,4016300000;
;5;75;75119;2;1;1.0;6.0;48,8988990000;2,3934800000;
;5;93;93057;2;1;1.0;4.0;48,9062800000;2,4995300000;
;1;75;75113;2;4;1.0;2.0;48,8173330086;2,3660919070;
;1;93;93005;2;3;1.0;6.0;48,9303300000;2,4952500000;
;5;75;75105;2;7;1.0;6.0;48,8442930000;2,3648860000;
;1;93;93001;2;1;1.0;1.0;48,9176578444;2,3930821362;
;1;92;92026;2;1;1.0;1.0;48,8877623278;2,2519628405;
;1;75;75120;2;5;8.0;2.0;48,8769680000;2,4065820000;
;2;50;50066;1;2;7.0;3.0;48,7467664550; -1,4999770000;
;5;75;75119;2;2;1.0;3.0;48,8887780000;2,3930750000;
;1;41;41067;2;1;1.0;1.0;47,5081720000;1,4510860000;
;1;75;75116;2;2;1.0;3.0;48,8650720000;2,2865190000;
;1;81;81096;1;1;1.0;6.0;43,8949930000;2,3770590000;
;4;76;76404;1;6;1.0;6.0;49,5781390000;0,2402560000;
;5;75;75115;2;2;1.0;3.0;48,8476860000;2,2841400000;
;5;75;75115;2;1;1.0;7.0;48,8394360000;2,2699310000;
;1;37;37250;1;1;1.0;4.0;47,2114860000;0,6560040000;
;5;75;75112;2;4;1.0;6.0;48,8402500000;2,3806370000;
;1;75;75111;2;1;8.0;6.0;48,8600290000;2,3777550000;
;1;34;34270;1;3;1.0;3.0;43,5647830000;3,8502040000;
;5;34;34088;2;1;3.0;1.0;43,5606920000;3,7290340000;
;1;75;75108;2;4;1.0;2.0;48,8667270000;2,3012980000;
;3;35;35193;1;1;1.0;6.0;48,2353841032; -1,7078965902;
;1;51;51616;2;3;1.0;3.0;48,8720160000;4,4601970000;
;5;94;94068;2;2;1.0;6.0;48,7922500000;2,5062400000;
;1;56;56113;1;2;1.0;3.0;48,0701250000; -3,1970050000;
;1;94;94046;2;2;1.0;3.0;48,8058100000;2,4409700000;
;1;56;56075;1;1;1.0;1.0;47,8657820000; -2,1179580000;
;1;94;94073;2;1;1.0;6.0;48,7576300000;2,3903600000;
;2;56;56166;2;6;1.0;3.0;47,9111540000; -3,3361370000;
;1;94;94011;2;1;1.0;6.0;48,7675900000;2,4862900000;
;1;94;94028;2;6;1.0;2.0;48,7741500000;2,4396000000;
;1;56;56251;1;2;1.0;3.0;47,6523730000; -2,6312360000;
;1;59;59307;1;1;1.0;1.0;50,8429246065;2,2029224038;
;1;94;94011;2;6;1.0;3.0;48,7626500000;2,4787800000;
;1;76;76406;2;2;1.0;3.0;49,6989560000;0,3478400000;
;1;94;94011;2;1;1.0;2.0;48,7762258496;2,4730845541;
;1;79;79007;1;1;1.0;1.0;46,5901680000; -0,3545450000;
;1;94;94059;2;1;1.0;6.0;48,8102200000;2,5733400000;
;5;2A;2A362;1;1;1.0;1.0;41,6924950000;9,3576480000;
;5;93;93048;2;3;1.0;6.0;48,8583400000;2,4335400000;
;1;2B;2B342;1;3;1.0;2.0;41,9391590000;9,4047690000;
;1;93;93046;2;1;1.0;2.0;48,9152100000;2,5285100000;
;1;93;93008;2;9;1.0;7.0;48,9081580000;2,4267790000;
;1;61;61091;1;1;1.0;6.0;48,6238320000; -0,5733490000;
;1;55;55012;1;1;1.0;7.0;48,8393790000;5,6049640000;
;5;93;93001;2;3;1.0;3.0;48,9166200000;2,4061300000;
;1;46;46090;1;1;1.0;6.0;44,6709720000;1,7856000000;
;1;41;41235;1;1;1.0;7.0;47,9441010000;0,9115760000;
;5;92;92073;2;9;1.0;1.0;48,8643729402;2,2079417556;
;3;25;25558;1;1;1.0;6.0;47,1802040000;6,1108880000;
;1;92;92063;2;1;1.0;6.0;48,8864594148;2,1823506653;
;1;29;29075;2;1;1.0;1.0;48,4055253360; -4,4232124686;
;5;92;92036;2;2;1.0;3.0;48,9210600000;2,3253300000;
;1;38;38198;2;3;1.0;3.0;45,3343560000;4,9466800000;
;5;92;92007;2;1;1.0;7.0;48,8004286566;2,3087240159;
;1;92;92007;2;1;1.0;6.0;48,7893153267;2,3117889762;
;1;70;70248;2;3;1.0;3.0;47,6608280000;6,7474670000;
;1;92;92004;2;1;1.0;1.0;48,9132600000;2,2993100000;
;1;66;66024;2;2;1.0;3.0;42,5249370000;2,8313400000;
;1;14;14086;1;4;1.0;3.0;49,3339330000;0,1127450000;
;1;12;12300;2;6;1.0;3.0;44,3529560000;2,0184510000;
;1;50;50388;1;3;1.0;3.0;49,0198660000; -1,5049450000;
;1;40;40065;2;2;2.0;3.0;43,6522570000; -1,4412570000;
;1;64;64506;1;1;1.0;3.0;43,0390580000; -0,6097630000;
;5;06;06161;1;6;1.0;7.0;43,6355550000;7,1289320000;
;5;62;62520;2;1;1.0;6.0;50,5680170000;2,6651440000;
;1;64;64010;1;1;1.0;1.0;43,3767930000; -1,0133060000;
;1;07;07349;2;1;1.0;6.0;44,8005110000;4,7814240000;
;3;84;84038;2;3;1.0;3.0;43,8032250000;5,0697930000;
;1;40;40044;1;1;1.0;2.0;43,5541020000; -1,3027700000;
;1;04;04121;1;1;1.0;7.0;44,0301920000;6,1727930000;
;1;60;60027;1;2;1.0;3.0;49,2307140000;2,8105470000;
;1;85;85234;1;1;1.0;7.0;46,7788740000; -2,0160880000;
;1;62;62060;2;3;1.0;2.0;50,2315350293;2,1167202294;
;1;88;88327;2;3;1.0;1.0;48,3047590000;6,3878960000;
;1;57;57490;1;1;1.0;6.0;48,7606730000;6,5477440000;
;1;33;33174;1;1;1.0;2.0;44,9373860000; -0,2593330000;
;3;51;51146;1;1;1.0;1.0;48,8881980000;4,2229560000;
;3;62;62480;1;1;1.0;6.0;50,4850180000;2,6906950000;
;2;06;06150;1;1;1.0;6.0;43,7458530000;7,3823110000;
;1;63;63276;2;2;1.0;6.0;45,8384251631;3,4989443421;
;3;33;33130;1;1;1.0;6.0;44,4901150000; -0,1989770000;
;1;42;42141;1;2;1.0;6.0;46,1510300000;4,2435340000;
;1;74;74197;1;1;1.0;2.0;46,1527610000;6,2954720000;
;1;46;46001;2;1;1.0;6.0;44,4676320000;1,2411750000;
;3;44;44007;1;1;2.0;6.0;47,6362380000; -1,9590900000;
;3;13;13103;1;1;1.0;2.0;43,6382304811;5,0273007316;
;1;29;29075;2;5;1.0;1.0;48,4209290000; -4,4250250000;
;1;987;98747;1;1;1.0;1.0; -17,8140710000; -149,2879560000;
;1;02;02067;2;7;1.0;6.0;50,0343470000;3,7037900000;
;5;988;98815;2;3;8.0;7.0; -21,4740970000;168,0333840000;
;1;01;01227;1;3;1.0;6.0;45,7627030000;5,7271060000;
;4;971;97121;1;1;2.0;6.0;16,2070480000; -61,7800070000;
;1;91;91494;1;6;1.0;3.0;48,6153490000;2,3512030000;
;1;01;01305;2;1;1.0;6.0;46,4325610000;4,9376090000;
;1;30;30169;1;3;1.0;3.0;43,7497580199;4,3423313498;
;3;13;13084;1;1;1.0;6.0;43,7207490000;5,2894020000;
;3;05;05040;1;1;1.0;3.0;44,5488580000;6,3013030000;
;3;13;13049;1;1;1.0;2.0;43,7151900000;5,0901000000;
;1;37;37208;2;3;1.0;6.0;47,3501907459;0,7049757242;
;1;71;71360;2;2;1.0;2.0;46,3300760000;4,7491570000;
;1;68;68292;1;1;1.0;1.0;47,8733750000;7,0275590000;
;3;68;68180;1;1;1.0;6.0;47,7967820000;7,0853130000;
;2;68;68379;1;1;1.0;1.0;48,0351100000;7,4887280000;
;1;74;74010;2;1;1.0;3.0;45,8914460000;6,1141010000;
;1;67;67067;2;6;1.0;2.0;48,7095200000;7,7088560000;
;1;88;88531;2;6;1.0;6.0;48,0826020000;6,9278240000;
;3;74;74311;1;1;1.0;6.0;46,1832301319;6,4243161677;
;1;74;74063;1;1;1.0;7.0;46,2568850000;6,8447830000;
;1;38;38565;1;1;1.0;6.0;45,2948150000;5,6204510000;
;1;73;73075;1;1;1.0;6.0;45,4458769905;6,0779444575;
;1;42;42180;2;2;2.0;7.0;45,5860810000;4,1507180000;
;3;971;97118;1;1;1.0;3.0;16,2176000000; -61,6053200000;
;1;26;26129;1;2;1.0;3.0;45,0513970000;5,1781760000;
;1;69;69039;1;1;2.0;1.0;45,9940550000;4,5026780000;
;3;69;69136;1;1;1.0;1.0;45,6378122460;4,7561273574;
;5;977;97701;2;2;1.0;3.0;17,8953540000; -62,8483040000;
;1;50;50599;1;3;1.0;3.0;49,5954200000; -1,6019710000;
;1;50;50025;2;6;1.0;2.0;48,6816680000; -1,3553470000;
;1;83;83107;1;1;1.0;3.0;43,4409700000;6,6540240000;
;4;27;27123;1;1;1.0;6.0;49,0120800000;1,3078290000;
;1;59;59139;2;6;1.0;3.0;50,1121230000;3,4078540000;
;1;59;59168;1;1;1.0;5.0;50,5816231968;3,2217366993;
;1;89;89257;2;2;1.0;1.0;47,9640897184;3,5128033161;
;3;94;94021;1;1;1.0;4.0;48,7667355672;2,3438153999;
;1;92;92019;1;1;1.0;2.0;48,7764016783;2,2356829485;
;1;54;54459;2;6;1.0;7.0;48,5995794014;6,1700356001;
;3;93;93051;1;1;1.0;2.0;48,8355581581;2,5652770910;
;1;73;73211;1;4;1.0;1.0;45,7071564324;6,4342333565;
;3;974;97416;1;1;1.0;5.0; -21,3111000000;55,4963900000;
;3;73;73329;1;1;1.0;2.0;45,6327210000;5,8919330000;
;5;69;69386;2;3;1.0;6.0;45,7723500000;4,8412500000;
;1;69;69389;2;9;1.0;3.0;45,7848500000;4,8058800000;
;1;91;91689;1;6;1.0;7.0;48,7147900000;2,3310500000;
;1;38;38071;2;2;1.0;3.0;45,0801880000;5,7349010000;
;5;76;76231;2;1;1.0;6.0;49,2865400000;1,0096500000;
;2;69;69266;2;1;1.0;3.0;45,7661500000;4,8707000000;
;1;69;69286;2;2;1.0;3.0;45,8125800000;4,8910700000;
;1;65;65059;1;1;1.0;5.0;43,0805570000;0,1641400000;
;1;64;64445;2;2;1.0;3.0;43,3024900000; -0,3755100000;
;5;64;64122;2;1;1.0;6.0;43,4789200000; -1,5462000000;
;1;59;59512;2;3;1.0;6.0;50,6975783869;3,1820024550;
;1;59;59560;2;1;1.0;2.0;50,5549300000;3,0586000000;
;1;86;86294;2;1;1.0;1.0;46,6468710000;0,1682010000;
;3;51;51506;2;6;1.0;3.0;48,9445012161;4,3867903948;
;5;37;37214;2;1;1.0;6.0;47,3952644401;0,6554782391;
;1;37;37261;2;3;1.0;6.0;47,4026120091;0,7112789154;
;1;33;33009;2;4;1.0;2.0;44,6528800000; -1,1868700000;
;1;61;61076;1;2;1.0;3.0;48,5795160000;0,0269480000;
;1;30;30007;2;3;1.0;3.0;44,1176400000;4,0806700000;
;5;29;29039;1;9;1.0;6.0;47,8825428529; -3,9090160131;
;3;27;27099;1;1;1.0;6.0;49,0790600000;1,1796360000;
;2;29;29019;2;1;1.0;6.0;48,4043404547; -4,4793156981;
;1;15;15014;2;6;1.0;3.0;44,9156800000;2,4295100000;
;1;13;13210;2;1;1.0;3.0;43,2821400000;5,4041000000;
;1;13;13001;2;1;1.0;1.0;43,5303300000;5,4114000000;
;1;13;13071;1;1;1.0;4.0;43,4040000000;5,3419000000;
;2;11;11069;2;1;7.0;3.0;43,2072400000;2,3802000000;
;5;05;05061;2;1;1.0;6.0;44,5597700000;6,0752100000;
;5;04;04070;2;1;1.0;7.0;44,0681700000;6,1962300000;
;1;75;75118;2;1;1.0;3.0;48,8957560000;2,3529440000;
;1;13;13071;1;1;1.0;4.0;43,4096500000;5,2857500000;
;1;75;75117;2;3;1.0;6.0;48,8893630000;2,3223180000;
;3;69;69276;1;1;1.0;2.0;45,6639414222;4,8432326316;
;2;75;75115;2;3;1.0;7.0;48,8311910000;2,2918650000;
;3;69;69296;1;1;1.0;3.0;45,6473700000;4,8327900000;
;2;75;75114;2;1;1.0;2.0;48,8229180000;2,3153320000;
;1;75;75112;2;2;1.0;6.0;48,8466290000;2,3767100000;
;1;33;33065;1;1;1.0;2.0;44,8113400000; -0,5229700000;
;1;75;75112;2;3;1.0;3.0;48,8406250000;2,4387330000;
;2;75;75109;2;7;1.0;3.0;48,8823280000;2,3370360000;
;1;75;75101;2;3;1.0;7.0;48,8696570000;2,3264580000;
;1;91;91477;1;1;1.0;4.0;48,7258660000;2,2447960000;
;1;94;94046;2;1;1.0;4.0;48,8101200000;2,4561200000;
;1;91;91136;1;1;1.0;5.0;48,7058900000;2,2879600000;
;1;94;94041;2;1;1.0;7.0;48,8147200000;2,3787700000;
;5;93;93078;2;1;1.0;6.0;48,9571365761;2,5594610479;
;1;92;92078;2;1;1.0;1.0;48,9326896168;2,3266993761;
;3;94;94038;1;1;1.0;3.0;48,7733700000;2,3454100000;
;1;974;97415;2;1;1.0;3.0; -21,0528800000;55,2672390000;
;1;78;78640;1;1;1.0;5.0;48,7774040000;2,2219980000;
;3;95;95445;1;1;1.0;2.0;49,0993744392;2,2853145003;
;1;14;14404;1;1;1.0;7.0;48,9612010000; -0,3519920000;
;3;60;60494;1;1;1.0;6.0;49,1277610000;2,5581550000;
;3;38;38157;1;1;1.0;1.0;45,5094680000;4,9696410000;
;3;02;02340;1;1;1.0;6.0;49,8172610000;3,2769510000;
;1;95;95487;2;6;8.0;7.0;49,1534585123;2,2580927610;
;1;93;93064;1;1;1.0;5.0;48,8701776556;2,4825844140;
;1;17;17098;1;1;1.0;7.0;45,5065270000; -0,8415270000;
;1;28;28091;1;1;7.0;6.0;48,3432220000;1,1958580000;
;1;93;93053;1;1;1.0;7.0;48,8882300000;2,4738500000;
;1;28;28142;2;1;1.0;6.0;48,2954330000;1,3516770000;
;1;972;97210;2;1;1.0;3.0;14,6016860000; -60,8758930000;
;1;35;35085;2;6;7.0;3.0;48,4119620000; -1,7461020000;
;1;11;11067;2;3;1.0;3.0;43,2275220000;2,8470150000;
;3;34;34239;1;1;1.0;6.0;43,6523550000;3,5305760000;
;1;21;21373;1;1;1.0;1.0;47,3024720000;4,8048820000;
;1;19;19269;1;9;1.0;3.0;45,5364040000;1,8006900000;
;1;56;56175;1;4;1.0;2.0;47,7231950000; -2,9131900000;
;1;74;74065;2;3;1.0;6.0;46,0306280000;5,9647460000;
;1;76;76312;2;1;1.0;6.0;49,4814600000;1,7214740000;
;1;82;82081;2;1;1.0;6.0;43,9544100000;1,1025970000;
;1;71;71264;1;1;1.0;1.0;46,4671870000;4,6701120000;
;1;61;61476;1;2;1.0;3.0;48,3502000000;0,4105580000;
;1;12;12154;1;1;1.0;1.0;43,8801240000;2,8057730000;
;1;42;42249;1;1;1.0;3.0;45,8743130000;4,2345320000;
;1;25;25512;2;9;1.0;3.0;47,1632980000;6,7287740000;
;3;35;35264;1;1;1.0;6.0;48,0876320000; -1,3561640000;
;5;29;29173;2;6;1.0;3.0;48,0187360000; -4,2134710000;
;1;03;03227;1;1;1.0;7.0;46,2288670000;3,3387490000;
;3;03;03110;1;1;1.0;7.0;46,1272000000;3,2923000000;
;1;58;58295;1;1;7.0;3.0;47,3238690000;2,9336980000;
;1;54;54344;1;1;1.0;7.0;48,4542357040;6,2921565779;
;2;54;54198;1;1;1.0;6.0;49,2629320000;5,8287140000;
;1;72;72176;2;1;1.0;2.0;47,6415187034;0,1602745054;
;1;72;72386;1;1;1.0;7.0;48,0120900000;0,2785420000;
;1;06;06127;1;1;1.0;7.0;44,0883400000;7,2501180000;
;1;45;45145;1;1;1.0;7.0;48,1037614430;2,8257761986;
;1;18;18129;1;1;1.0;2.0;46,9771490000;2,3525330000;
;1;37;37250;1;1;1.0;6.0;47,2280275578;0,6763699651;
;1;30;30212;2;1;1.0;6.0;43,9387430000;4,5624470000;
;1;30;30218;1;1;1.0;1.0;44,2392500000;4,2754200000;
;1;48;48178;1;1;1.0;3.0;44,2822780000;3,8235480000;
;2;88;88121;1;1;1.0;6.0;48,3941970000;6,4538500000;
;1;69;69244;2;2;1.0;6.0;45,7603980000;4,7701850000;
;5;86;86158;1;1;1.0;2.0;46,6278760000;0,3508330000;
;3;63;63113;1;1;1.0;2.0;45,7768470000;3,1320910000;
;1;45;45075;1;1;1.0;2.0;47,8994700000;1,8365620000;
;1;988;98808;1;1;1.0;7.0; -21,2842400000;165,6661900000;
;1;2B;2B034;1;1;1.0;7.0;42,6363540000;9,0212020000;
;1;84;84122;1;1;1.0;6.0;44,0947130000;4,9489650000;
;3;83;83037;1;1;1.0;6.0;43,3651260000;5,9746740000;
;1;05;05070;1;1;1.0;1.0;44,3258280000;5,7929710000;
;1;13;13081;1;1;1.0;7.0;43,4786620000;5,2308760000;
;1;65;65320;2;3;1.0;3.0;43,1285940000;0,1144390000;
;4;56;56167;2;4;1.0;7.0;47,6559711700; -2,9188697040;
;2;60;60103;1;2;1.0;3.0;49,4124500000;2,2174870000;
;1;13;13210;1;1;1.0;3.0;43,2826800000;5,3951400000;
;3;42;42123;1;1;1.0;1.0;45,5141710000;4,5721390000;
;1;91;91347;1;1;1.0;4.0;48,6229400000;2,2876900000;
;1;93;93066;1;1;1.0;2.0;48,9103383362;2,3582601057;
;1;93;93064;1;1;1.0;3.0;48,8845803844;2,4698601413;
;1;93;93005;1;1;1.0;2.0;48,9722710000;2,4954670000;
;1;95;95424;1;1;1.0;2.0;48,9892140943;2,2006800771;
;1;94;94042;1;1;1.0;2.0;48,8280800000;2,4735100000;
;1;75;75118;2;3;1.0;3.0;48,8944900000;2,3664750000;
;1;75;75117;2;2;1.0;6.0;48,8804600000;2,2964600000;
;5;75;75116;2;3;1.0;2.0;48,8715990000;2,2793030000;
;1;75;75114;2;2;1.0;6.0;48,8260200000;2,3125530000;
;1;75;75113;2;2;1.0;2.0;48,8240473935;2,3770245910;
;2;75;75113;2;2;1.0;3.0;48,8375960000;2,3736390000;
;1;75;75111;2;4;1.0;3.0;48,8684750000;2,3697590000;
;1;75;75110;2;4;1.0;6.0;48,8794099859;2,3532588780;
;1;75;75110;2;4;1.0;3.0;48,8755497394;2,3567222804;
;5;75;75103;2;2;1.0;3.0;48,8693150000;2,3542600000;
;1;75;75109;2;5;1.0;6.0;48,8778382870;2,3270134628;
;1;75;75103;2;7;1.0;3.0;48,8673854982;2,3633171618;
;1;75;75102;2;2;1.0;3.0;48,8670602653;2,3528417945;
;1;25;25462;2;1;1.0;4.0;46,9045130000;6,3565870000;
;1;75;75104;2;3;1.0;6.0;48,8550700000;2,3616630000;
;5;25;25056;2;6;1.0;6.0;47,2211000000;5,9564000000;
;1;94;94028;2;1;1.0;2.0;48,7918000000;2,4459000000;
;1;22;22187;2;1;8.0;7.0;48,5496000000; -2,7726700000;
;1;22;22113;2;1;1.0;7.0;48,7578250000; -3,4613510000;
;5;16;16341;2;1;1.0;3.0;45,6391300000;0,1035600000;
;2;94;94033;2;2;1.0;3.0;48,8535400000;2,4524000000;
;5;13;13212;2;1;1.0;1.0;43,2944731731;5,4278012639;
;5;94;94059;2;1;1.0;2.0;48,8165700000;2,5681900000;
;1;13;13203;2;3;1.0;3.0;43,3071350951;5,3752069999;
;2;69;69296;1;1;1.0;6.0;45,6526620000;4,8373189000;
;1;93;93071;2;1;1.0;6.0;48,9358710000;2,5345940000;
;1;13;13005;1;6;1.0;2.0;43,2821080197;5,6042001563;
;3;13;13004;1;1;1.0;6.0;43,6640000000;4,7105000000;
;1;93;93062;2;1;1.0;3.0;48,8904201652;2,5116167665;
;1;06;06029;2;1;1.0;1.0;43,5643170000;7,0072640000;
;1;33;33013;1;1;1.0;4.0;44,8688000000; -0,5013600000;
;1;93;93055;2;3;1.0;3.0;48,9011200000;2,3944500000;
;1;75;75112;2;1;1.0;2.0;48,8301710000;2,4021880000;
;1;33;33487;1;1;1.0;7.0;44,9494000000; -0,4660100000;
;1;93;93029;2;1;1.0;3.0;48,9156100000;2,4625400000;
;5;75;75118;2;2;1.0;3.0;48,9007120000;2,3442280000;
;2;93;93029;2;1;1.0;6.0;48,9247500000;2,4410600000;
;1;75;75116;2;1;1.0;3.0;48,8641350000;2,2882080000;
;1;91;91468;1;1;1.0;4.0;48,5749800000;2,4661600000;
;1;93;93010;2;1;1.0;6.0;48,8946280000;2,4917250000;
;2;78;78402;1;1;1.0;6.0;48,9649630000;1,8019930000;
;5;75;75115;2;2;1.0;3.0;48,8404250000;2,3042770000;
;1;93;93057;2;1;1.0;6.0;48,9153740000;2,5001020000;
;5;75;75112;2;2;1.0;3.0;48,8462690000;2,3775150000;
;1;93;93006;1;9;1.0;4.0;48,8658000000;2,4208000000;
;1;92;92048;2;1;1.0;6.0;48,7890890000;2,2332240000;
;5;75;75111;2;3;1.0;2.0;48,8598270000;2,3888520000;
;1;92;92044;2;1;1.0;3.0;48,8931860494;2,2867143452;
;3;93;93048;1;1;1.0;2.0;48,8640000000;2,4820000000;
;1;75;75103;2;2;8.0;7.0;48,8581570000;2,3644860000;
;1;92;92023;2;2;1.0;3.0;48,8142100000;2,2702200000;
;2;94;94017;1;1;3.0;4.0;48,8309372764;2,4913077198;
;5;94;94055;2;3;1.0;3.0;48,7912460000;2,5493100000;
;1;92;92012;2;1;1.0;3.0;48,8360984761;2,2385501862;
;5;94;94017;1;1;1.0;4.0;48,8303228960;2,4893496496;
;1;92;92007;2;2;1.0;3.0;48,7923648840;2,2988276035;
;1;94;94075;2;4;1.0;3.0;48,7274690000;2,5311360000;
;1;77;77384;1;9;1.0;6.0;48,6064640091;2,6333762576;
;1;92;92002;2;1;1.0;6.0;48,7444100000;2,2966400000;
;5;88;88413;2;1;1.0;6.0;48,2927600000;6,9417500000;
;2;93;93066;2;3;1.0;3.0;48,9380704954;2,3764782897;
;1;88;88032;1;1;1.0;6.0;48,2380300000;7,0623640000;
;5;93;93006;2;1;1.0;3.0;48,8721900000;2,4257200000;
;1;92;92002;2;2;1.0;3.0;48,7475430482;2,3038668036;
;3;88;88462;1;1;9.0;1.0;48,0538000000;6,7034900000;
;1;24;24009;1;1;1.0;6.0;45,3252070000;1,1121940000;
;1;93;93057;2;5;8.0;1.0;48,9105020000;2,5123670000;
;3;57;57498;1;1;2.0;7.0;49,3307200000;6,0121800000;
;1;62;62193;2;1;1.0;6.0;50,9468730000;1,8465820000;
;1;31;31182;2;1;1.0;5.0;43,6845900000;1,4062200000;
;1;93;93077;2;2;8.0;3.0;48,8874405048;2,5095552206;
;3;71;71550;1;1;1.0;6.0;46,4991600000;4,9010830000;
;5;92;92051;2;1;1.0;3.0;48,8841200000;2,2704400000;
;1;95;95427;2;1;1.0;3.0;48,9688529836;2,3424831033;
;1;06;06029;2;1;1.0;1.0;43,5525200000;7,0187400000;
;5;92;92024;2;1;1.0;3.0;48,9029281844;2,3015470281;
;1;40;40234;1;1;1.0;6.0;44,0042180000; -0,3540410000;
;1;54;54395;2;1;1.0;6.0;48,6858700000;6,1861200000;
;5;92;92012;2;7;1.0;7.0;48,8337700000;2,2434900000;
;1;51;51555;1;1;7.0;1.0;48,7372763388;4,3380331993;
;1;95;95134;1;1;1.0;6.0;49,1331259836;2,2533720732;
;1;93;93046;2;3;1.0;6.0;48,9225450000;2,5438450000;
;1;51;51030;1;1;1.0;7.0;49,0577567578;3,9949223399;
;1;28;28201;2;1;1.0;3.0;48,5108390000;1,5461250000;
;1;17;17306;2;6;1.0;3.0;45,6360000000; -1,0287000000;
;1;56;56165;2;1;1.0;6.0;47,9285760000; -2,3960750000;
;1;91;91363;1;1;1.0;3.0;48,6613760000;2,2051620000;
;1;49;49099;2;1;1.0;6.0;47,0544200000; -0,8575700000;
;3;06;06034;1;1;1.0;6.0;43,7977990000;7,2329690000;
;1;67;67436;1;1;1.0;1.0;48,4008230000;7,1072370000;
;1;72;72181;2;2;1.0;6.0;47,9841700000;0,1855000000;
;1;66;66141;1;1;1.0;4.0;42,7690850000;2,9002830000;
;1;95;95680;2;1;1.0;3.0;49,0076620625;2,3832124472;
;1;80;80187;1;1;1.0;5.0;49,9588010000;2,1865560000;
;3;57;57605;1;3;1.0;3.0;48,9559950000;6,3012470000;
;1;976;97611;2;1;1.0;1.0; -12,7758900000;45,2255800000;
;3;79;79299;1;2;5.0;7.0;46,8755360000; -0,1967020000;
;3;974;97416;2;1;1.0;3.0; -21,3368900000;55,5120600000;
;1;33;33424;1;1;1.0;7.0;45,1344350000; -0,8397460000;
;1;69;69214;1;1;1.0;4.0;45,9907498882;4,3307590485;
;1;973;97302;2;1;1.0;3.0;4,9088900000; -52,3218100000;
;1;32;32160;1;8;1.0;2.0;43,6157780000;1,0643970000;
;1;63;63180;1;1;1.0;6.0;45,8738295994;3,3064379097;
;1;63;63056;1;1;1.0;6.0;45,6106680000;3,4398790000;
;1;69;69383;2;2;1.0;2.0;45,7615900000;4,8453700000;
;1;11;11304;1;3;1.0;6.0;42,8874090000;2,1278630000;
;5;63;63400;2;1;5.0;6.0;46,0591240000;3,3998050000;