Num_Acc;lum;departement;commune;agglomeration;intersection;meteo;type_collision;lat;long;date
;1;75;75111;2;4;2.0;6.0;48,8621320000;2,3727690000;
;1;67;67051;2;1;1.0;5.0;48,3412180000;7,4185180000;
;5;75;75110;2;4;8.0;2.0;48,8803600000;2,3523960000;
;1;03;03076;1;1;1.0;7.0;46,5788190000;3,4325840000;
;5;75;75114;2;2;1.0;3.0;48,8213700000;2,3343500000;
;1;74;74290;1;1;1.0;1.0;46,0048640202;6,9234960078;
;3;73;73077;1;1;1.0;6.0;45,5906440000;6,7316790000;
;1;75;75102;2;3;2.0;3.0;48,8678560000;2,3362660000;
;1;42;42037;1;1;1.0;2.0;45,6602470000;4,0725800000;
;5;94;94067;2;3;1.0;3.0;48,8451320000;2,4203470000;
;2;69;69219;1;3;1.0;3.0;45,6258790000;4,7012900000;
;1;65;65059;2;3;2.0;6.0;43,0646940000;0,1531760000;
;1;09;09039;1;1;1.0;2.0;43,0669200000;1,8801210000;
;1;94;94076;2;9;2.0;3.0;48,7896900000;2,3649800000;
;3;40;40179;1;1;1.0;6.0;43,7178690000; -1,1316890000;
;1;94;94073;2;3;2.0;2.0;48,7669500000;2,3938000000;
;1;33;33080;1;1;1.0;6.0;44,7479520000; -0,5600450000;
;1;94;94022;2;2;8.0;2.0;48,7687740000;2,4207210000;
;1;33;33416;2;2;1.0;1.0;45,1339770000; -0,5345320000;
;3;72;72025;1;1;1.0;7.0;47,6540420000; -0,1087470000;
;1;94;94069;2;2;1.0;6.0;48,8171300000;2,4589000000;
;1;44;44198;1;1;1.0;5.0;47,1325500000; -1,5175600000;
;5;93;93055;2;3;1.0;5.0;48,9005287456;2,4109705651;
;3;56;56176;1;1;1.0;6.0;47,6681110000; -2,9525760000;
;3;93;93051;2;3;1.0;6.0;48,8306800000;2,5846900000;
;1;93;93007;2;2;1.0;3.0;48,9410400000;2,4588000000;
;1;59;59218;1;1;3.0;1.0;50,0821780000;3,9580390000;
;2;92;92073;2;2;9.0;3.0;48,8734895453;2,2252244353;
;1;59;59350;2;1;8.0;6.0;50,6216500000;3,0788900000;
;2;92;92022;2;2;1.0;3.0;48,8072578309;2,1877676546;
;1;40;40197;1;1;1.0;2.0;44,0359000000; -0,9534070000;
;1;92;92072;2;1;1.0;6.0;48,8281200000;2,2259300000;
;1;74;74220;1;1;1.0;6.0;46,1278610000;6,2839440000;
;1;92;92048;2;1;8.0;2.0;48,7857721277;2,2291898131;
;5;92;92026;2;1;1.0;3.0;48,9006793914;2,2318173051;
;1;92;92025;2;1;1.0;1.0;48,9155800000;2,2326880000;
;1;69;69387;2;2;1.0;3.0;45,7389100000;4,8305000000;
;1;92;92012;2;6;1.0;2.0;48,8502131929;2,2383050322;
;5;69;69387;2;2;1.0;3.0;45,7424517400;4,8504330201;
;1;92;92014;2;1;8.0;3.0;48,7827600000;2,3161000000;
;5;972;97213;1;1;1.0;6.0;14,5963300000; -60,9933600000;
;5;972;97209;1;1;1.0;3.0;14,6164700000; -61,0495100000;
;1;50;50493;1;3;1.0;1.0;48,8366750000; -1,4675950000;
;1;972;97209;2;1;1.0;7.0;14,6252500000; -61,0619000000;
;1;95;95052;2;6;8.0;6.0;49,1474330000;2,2944050000;
;1;69;69034;2;6;1.0;6.0;45,7980300000;4,8514500000;
;1;67;67430;2;1;1.0;1.0;48,3378410000;7,3585950000;
;1;971;97101;2;1;1.0;6.0;16,2552399464; -61,5289628506;
;3;83;83036;2;1;1.0;6.0;43,1736050000;6,5328470000;
;5;971;97101;1;1;1.0;6.0;16,2451700000; -61,5246900000;
;1;74;74168;1;1;2.0;1.0;46,0105100000;5,9996940000;
;1;95;95203;2;9;1.0;6.0;48,9938147009;2,2676226497;
;1;59;59278;2;1;1.0;1.0;50,6154750000;2,9679500000;
;1;95;95598;2;1;1.0;6.0;48,9918036744;2,2985404730;
;1;95;95197;2;1;1.0;6.0;48,9713900000;2,3113100000;
;1;26;26325;2;1;7.0;6.0;45,2934030000;4,8152460000;
;2;51;51399;1;1;2.0;7.0;49,1257360000;4,8446270000;
;1;91;91514;1;6;1.0;2.0;48,6609300000;2,5176530000;
;1;79;79209;1;1;1.0;7.0;46,8514130000; -0,3127580000;
;1;91;91479;2;1;1.0;2.0;48,7190320000;2,3706900000;
;1;87;87085;2;1;1.0;3.0;45,8086100000;1,2860600000;
;5;87;87085;2;2;1.0;3.0;45,8479000000;1,2453400000;
;2;61;61199;2;2;3.0;5.0;48,7746250000; -0,1735760000;
;1;12;12154;1;1;5.0;1.0;43,8700000000;2,8211960000;
;1;79;79191;2;1;1.0;3.0;46,3214600000; -0,4194000000;
;1;12;12043;1;1;1.0;6.0;44,2627200000;2,5574970000;
;3;46;46208;1;1;2.0;6.0;44,8711990000;1,6640000000;
;2;86;86281;1;2;1.0;3.0;46,7412050000;0,2055560000;
;1;72;72181;2;3;1.0;3.0;47,9742300000;0,2118000000;
;3;39;39531;1;1;1.0;6.0;46,5272880000;5,7541970000;
;1;72;72181;2;1;1.0;3.0;47,9688600000;0,2184600000;
;1;25;25163;1;1;9.0;1.0;47,3493780000;6,1822990000;
;1;67;67482;2;1;1.0;3.0;48,5880105765;7,7806170000;
;1;67;67482;2;1;1.0;6.0;48,5752000000;7,7422900000;
;1;31;31451;1;3;1.0;1.0;43,4452900000;1,9520310000;
;1;66;66136;2;1;1.0;6.0;42,6978600000;2,8939600000;
;1;31;31278;1;3;1.0;3.0;43,1799890000;0,8026240000;
;1;66;66136;2;3;1.0;1.0;42,6759980000;2,8808570000;
;1;02;02397;1;1;2.0;1.0;49,7226240000;3,2387510000;
;1;65;65440;2;2;1.0;3.0;43,2357450000;0,0741390000;
;3;70;70199;1;1;1.0;6.0;47,6322651011;6,2431445718;
;1;64;64445;2;1;1.0;2.0;43,3325200000; -0,3670600000;
;1;26;26339;1;3;1.0;2.0;44,5802360000;4,7926730000;
;1;64;64445;2;1;1.0;3.0;43,3109200000; -0,3628100000;
;1;66;66167;1;1;1.0;2.0;42,4528000000;2,0301950000;
;1;64;64445;2;6;1.0;3.0;43,3127300000; -0,3685700000;
;2;14;14570;1;1;1.0;1.0;49,0507170000;0,3172450000;
;1;62;62215;2;4;1.0;3.0;50,4862200000;2,9504700000;
;1;14;14110;1;2;8.0;3.0;49,2450820000; -0,1027610000;
;5;59;59512;2;2;1.0;6.0;50,6982610000;3,1704150000;
;1;90;90033;2;4;1.0;6.0;47,5065780000;6,9928910000;
;1;59;59512;2;1;1.0;6.0;50,6922500000;3,1827600000;
;5;60;60509;2;1;9.0;6.0;49,2939780000;2,5976720000;
;1;59;59512;2;1;1.0;6.0;50,6863300000;3,1869800000;
;3;53;53005;1;1;2.0;1.0;48,1793610000; -0,7491680000;
;1;59;59328;1;3;1.0;3.0;50,6533100000;3,0380600000;
;1;59;59350;2;1;1.0;6.0;50,6298570754;3,0707524717;
;3;24;24064;1;4;1.0;6.0;45,3583800000;0,6857340000;
;5;59;59350;2;2;1.0;3.0;50,6333510532;3,0854335427;
;1;04;04136;1;1;1.0;7.0;43,9909390000;6,5361460000;
;3;54;54483;2;1;1.0;6.0;48,6237100000;6,3018200000;
;1;04;04136;1;1;1.0;7.0;44,0384290000;6,5281110000;
;1;30;30305;2;1;1.0;6.0;44,1752330000;4,1623270000;
;1;82;82192;1;1;7.0;1.0;43,9257100000;1,5509390000;
;1;51;51454;1;6;1.0;2.0;49,2416100000;4,0806900000;
;1;51;51454;2;2;1.0;3.0;49,2672000000;4,0448800000;
;1;13;13040;1;2;1.0;3.0;43,4526000000;5,5455100000;
;1;50;50129;2;1;1.0;3.0;49,6276500000; -1,6257600000;
;1;28;28001;1;1;5.0;6.0;48,7886580000;1,3989110000;
;1;45;45338;2;2;1.0;1.0;47,9954678056;2,6951742321;
;3;95;95280;1;1;1.0;1.0;49,0304940548;2,4473923445;
;1;91;91630;1;9;1.0;7.0;48,5720000000;2,0922120000;
;1;42;42225;1;1;1.0;1.0;45,5479935870;4,5513731092;
;1;66;66230;1;1;1.0;2.0;42,6442479208;2,4997973442;
;1;41;41269;2;3;1.0;3.0;47,8024500000;1,0500500000;
;2;66;66008;1;1;1.0;6.0;42,5574950000;3,0063250000;
;1;38;38185;2;1;1.0;4.0;45,1665900000;5,7231800000;
;4;84;84019;2;3;1.0;3.0;44,2858120000;4,7492690000;
;1;38;38151;2;1;1.0;4.0;45,1487000000;5,6937900000;
;1;83;83042;1;1;1.0;1.0;43,2479220000;6,5385170000;
;1;37;37214;2;1;1.0;3.0;47,4206593114;0,6649685651;
;4;83;83023;1;1;1.0;1.0;43,4083760000;6,0813940000;
;1;37;37261;2;1;2.0;3.0;47,4091952648;0,6807459891;
;1;05;05151;1;1;2.0;1.0;44,8122422373;6,5751921248;
;1;35;35051;1;1;1.0;6.0;48,1154172046; -1,5679876729;
;3;13;13035;1;1;1.0;6.0;43,7221530000;5,0261890000;
;2;13;13014;2;1;7.0;3.0;43,4938570000;5,1698080000;
;1;35;35238;1;1;1.0;5.0;48,1181931221; -1,7199878215;
;3;13;13004;1;5;1.0;3.0;43,6258802165;4,7483549623;
;1;34;34032;2;1;1.0;6.0;43,3521100000;3,2248800000;
;1;38;38344;1;1;1.0;3.0;45,3736900000;4,8057460000;
;1;33;33522;2;3;1.0;6.0;44,8122700000; -0,5861700000;
;1;38;38101;1;1;1.0;2.0;45,4243590000;4,8266460000;
;1;52;52269;2;1;1.0;6.0;47,8472080000;5,3307190000;
;1;54;54397;2;2;1.0;7.0;48,6216866370;6,1079907398;
;1;85;85222;1;2;1.0;3.0;46,6784707000; -1,9098669200;
;3;60;60259;1;1;1.0;1.0;49,2047780000;2,2685370000;
;1;80;80685;1;2;5.0;3.0;49,6842940000;2,7891270000;
;4;13;13213;1;1;1.0;2.0;43,3284823235;5,4169338941;
;1;13;13215;1;1;1.0;7.0;43,3427420000;5,3762200000;
;1;83;83137;1;1;1.0;3.0;43,1263502749;5,8957819143;
;5;69;69256;1;9;2.0;6.0;45,7914000000;4,8836800000;
;1;92;92002;1;1;2.0;2.0;48,7628308663;2,3120726521;
;1;94;94038;1;1;1.0;2.0;48,7729200000;2,3458500000;
;1;75;75112;1;1;1.0;6.0;48,8190343538;2,4575257301;
;1;78;78431;1;1;1.0;2.0;48,9431600000;1,9509760000;
;1;95;95306;1;1;1.0;6.0;48,9955500000;2,1801200000;
;1;93;93063;1;1;2.0;6.0;48,8766908331;2,4428673511;
;1;93;93010;1;1;1.0;4.0;48,8909408086;2,4731648485;
;3;77;77294;1;1;1.0;6.0;48,9715636402;2,5733532110;
;3;94;94046;1;1;1.0;2.0;48,8157721475;2,4502973472;
;1;77;77146;1;9;1.0;4.0;48,8320783431;2,6525259575;
;1;976;97611;2;1;1.0;2.0; -12,8003100000;45,2152600000;
;3;972;97209;1;1;1.0;3.0;14,6308000000; -61,0614600000;
;1;94;94033;2;6;1.0;3.0;48,8526700000;2,4815000000;
;1;42;42044;2;1;1.0;2.0;45,3975100000;4,3280500000;
;1;92;92009;2;1;1.0;6.0;48,9155545661;2,2692247331;
;1;27;27229;2;1;2.0;3.0;49,0116030001;1,1683487892;
;1;26;26198;2;1;1.0;3.0;44,5717700000;4,7428200000;
;1;05;05061;2;1;1.0;5.0;44,5687220000;6,1002500000;
;5;92;92051;2;1;1.0;6.0;48,8789284856;2,2793975472;
;5;976;97611;2;1;1.0;1.0; -12,7878000000;45,2246000000;
;5;976;97611;2;1;1.0;1.0; -12,7796400000;45,2328000000;
;5;973;97302;2;2;1.0;3.0;4,9342895272; -52,3319578171;
;1;69;69387;2;1;2.0;4.0;45,7511058646;4,8550155759;
;1;69;69387;2;3;8.0;6.0;45,7257100000;4,8407000000;
;1;972;97209;2;1;1.0;3.0;14,6160300000; -61,0383900000;
;1;06;06088;1;1;1.0;2.0;43,7323130000;7,2853140000;
;2;971;97113;1;1;8.0;2.0;16,2179000000; -61,4891200000;
;3;987;98729;2;1;3.0;2.0; -17,5770000000; -150,2020000000;
;4;2A;2A004;2;1;1.0;1.0;41,9422700000;8,7352200000;
;1;2A;2A004;2;1;1.0;4.0;41,9145700000;8,7296600000;
;1;988;98817;2;1;1.0;6.0; -22,2379320000;166,5827970000;
;5;971;97128;1;1;1.0;1.0;16,2338150000; -61,4220290000;
;1;95;95680;2;1;1.0;2.0;49,0011610000;2,4078360000;
;3;971;97107;1;2;1.0;3.0;16,0907740000; -61,5637400000;
;1;95;95019;2;1;1.0;6.0;48,9840908583;2,4224545062;
;2;33;33203;1;1;5.0;6.0;45,2088770000; -1,0771540000;
;1;91;91570;2;1;8.0;6.0;48,6380700000;2,3125600000;
;1;91;91338;2;9;8.0;3.0;48,6445990000;2,0675810000;
;1;91;91434;2;1;1.0;7.0;48,6533300000;2,3454900000;
;2;30;30258;1;1;2.0;7.0;43,6986000000;4,4121430000;
;1;83;83144;2;1;1.0;6.0;43,1372994174;5,9965503216;
;3;74;74080;2;1;9.0;7.0;45,8918380000;6,4260470000;
;3;86;86050;2;1;1.0;6.0;46,6614590000; -0,0039950000;
;1;83;83144;1;1;1.0;6.0;43,1423000000;5,9986000000;
;4;33;33227;2;1;2.0;6.0;44,5570460000; -0,2543380000;
;2;78;78227;1;3;8.0;3.0;49,0151300000;1,9388220000;
;3;29;29181;1;1;2.0;6.0;48,4633930000; -4,2284330000;
;1;77;77390;1;2;1.0;2.0;48,7926100000;2,6961500000;
;1;22;22143;1;1;8.0;1.0;48,5944020000; -2,2654310000;
;5;77;77284;2;5;2.0;3.0;48,9574700000;2,8945300000;
;3;80;80645;1;1;1.0;6.0;50,0484180000;2,4323770000;
;5;77;77243;1;3;2.0;3.0;48,8712549233;2,7292824204;
;2;80;80799;2;1;8.0;1.0;49,8638170000;2,5218990000;
;2;77;77449;2;2;1.0;3.0;48,8537700000;2,7735700000;
;1;77;77132;2;1;2.0;6.0;48,8719180000;2,7977580000;
;3;13;13106;1;1;1.0;2.0;43,4087000000;5,3634300000;
;5;77;77186;1;9;1.0;5.0;48,4837000000;2,6659400000;
;3;13;13106;1;1;1.0;2.0;43,3976300000;5,3526700000;
;1;76;76414;2;9;8.0;6.0;49,9147974186;1,1037354961;
;3;13;13015;1;1;3.0;2.0;43,4583000000;5,4021000000;
;3;13;13028;1;1;1.0;2.0;43,1931970000;5,6690190000;
;5;69;69282;2;3;1.0;2.0;45,7658875179;5,0059856686;
;3;69;69275;1;1;2.0;5.0;45,7653041077;4,9851134419;
;1;69;69013;2;6;2.0;6.0;46,0199300000;4,7208800000;
;1;69;69115;2;1;1.0;1.0;45,9782900000;4,7096600000;
;3;67;67482;1;1;1.0;4.0;48,5866670000;7,7268760000;
;3;33;33474;1;1;1.0;6.0;44,6751210000; -0,4809980000;
;5;64;64132;2;1;1.0;1.0;43,3037620000; -0,3234210000;
;1;64;64024;2;1;1.0;7.0;43,4974200000; -1,4977900000;
;1;94;94034;1;1;1.0;2.0;48,7588400587;2,3244097572;
;1;64;64024;2;2;1.0;5.0;43,4926000000; -1,5192900000;
;1;91;91689;1;1;1.0;2.0;48,7470100000;2,3275000000;
;1;59;59378;2;1;1.0;3.0;50,6647687343;3,0756354332;
;1;92;92036;1;1;1.0;3.0;48,9436471157;2,2877561673;
;1;59;59009;2;3;1.0;6.0;50,6162900000;3,1476200000;
;3;93;93064;1;1;1.0;2.0;48,8791675030;2,4763414899;
;1;51;51454;2;1;1.0;3.0;49,2726500000;4,0220200000;
;3;95;95582;1;1;1.0;2.0;48,9806298222;2,2409411038;
;3;77;77121;1;1;1.0;2.0;48,8322500000;2,6658600000;
;1;45;45147;2;1;1.0;2.0;47,9328110000;1,8965860000;
;1;94;94046;1;1;1.0;2.0;48,8084578956;2,4490520687;
;1;88;88413;2;1;1.0;6.0;48,2863090000;6,9493250000;
;1;44;44184;2;3;1.0;3.0;47,2769800000; -2,2033400000;
;5;49;49099;2;1;1.0;6.0;47,0686700000; -0,8513600000;
;4;41;41295;2;9;1.0;1.0;47,5778100000;1,3738500000;
;1;17;17415;2;1;1.0;6.0;45,7472000000; -0,6331590000;
;3;38;38486;1;1;1.0;6.0;45,1505800000;5,6910900000;
;1;02;02722;2;2;1.0;6.0;49,3741900000;3,3260700000;
;1;37;37233;2;1;8.0;6.0;47,3973034161;0,7442486286;
;3;93;93010;1;9;1.0;6.0;48,9165200000;2,4782000000;
;1;37;37261;2;1;1.0;2.0;47,3893000000;0,6831500000;
;3;42;42218;1;1;1.0;6.0;45,4383600000;4,4513400000;
;1;37;37122;2;2;2.0;3.0;47,3521696815;0,6584501266;
;2;38;38185;2;2;8.0;3.0;45,1669600000;5,7063400000;
;1;35;35051;1;9;1.0;3.0;48,1026500000; -1,6097600000;
;1;38;38185;2;3;8.0;6.0;45,1752400000;5,7256300000;
;1;38;38169;2;9;2.0;6.0;45,2001900000;5,6730600000;
;1;33;33063;2;3;2.0;3.0;44,8216500000; -0,5713500000;
;1;73;73191;1;1;3.0;2.0;45,5668160000;5,7887960000;
;1;33;33069;2;3;2.0;3.0;44,8680200000; -0,5761500000;
;1;62;62516;1;2;1.0;3.0;50,5671070000;2,4944330000;
;1;29;29039;2;2;8.0;3.0;47,8832000000; -3,9224900000;
;1;74;74082;1;1;1.0;1.0;46,1236560000;6,1645100000;
;1;25;25462;2;2;2.0;3.0;46,9182000000;6,3436700000;
;1;13;13207;2;1;1.0;1.0;43,2841000000;5,3577200000;
;1;14;14130;2;1;1.0;1.0;49,2580200000; -0,8048550000;
;1;13;13213;2;1;1.0;1.0;43,3301800000;5,4273500000;
;5;13;13207;2;1;1.0;6.0;43,2922900000;5,3607400000;
;1;10;10387;2;2;1.0;3.0;48,2994200000;4,0732700000;
;1;10;10387;2;1;1.0;2.0;48,2943100000;4,0837000000;
;1;74;74104;1;3;1.0;1.0;45,7841890000;6,2247290000;
;1;74;74056;2;7;1.0;6.0;45,9248150000;6,8723560000;
;1;74;74304;1;1;8.0;1.0;46,1416340000;6,4238370000;
;5;35;35281;2;1;2.0;7.0;48,0910026363; -1,6924108565;
;3;74;74173;1;1;1.0;6.0;45,8472920000;6,5943500000;
;5;988;98818;2;3;1.0;3.0; -22,2959000000;166,4452000000;
;2;74;74138;2;1;1.0;7.0;45,7881370000;6,0592810000;
;1;974;97411;1;9;1.0;3.0; -20,8992800000;55,4601800000;
;1;974;97411;2;6;1.0;3.0; -20,8971000000;55,4752000000;
;5;972;97213;1;1;1.0;6.0;14,6387000000; -61,0101300000;
;1;972;97209;2;1;1.0;6.0;14,6077200000; -61,0650500000;
;5;69;69081;1;4;8.0;6.0;45,7656200000;4,7708500000;
;5;69;69389;2;2;2.0;3.0;45,7735900000;4,7952300000;
;1;971;97120;2;9;1.0;6.0;16,2395000000; -61,5362800000;
;1;971;97113;1;3;1.0;5.0;16,2175700000; -61,4943200000;
;2;91;91589;2;3;9.0;3.0;48,6904790000;2,3496510000;
;5;91;91027;2;3;1.0;3.0;48,6981500000;2,3649700000;
;5;87;87085;1;1;1.0;2.0;45,8405600000;1,2805400000;
;5;83;83069;1;1;1.0;2.0;43,1274700000;6,1885300000;
;1;78;78655;1;1;1.0;6.0;48,6543300000;1,8907600000;
;1;76;76322;2;1;1.0;1.0;49,4060180000;1,0605450000;
;1;76;76351;2;3;1.0;2.0;49,4865300000;0,1115400000;
;1;76;76351;2;2;1.0;3.0;49,5012900000;0,1699000000;
;1;73;73222;2;1;1.0;6.0;45,5735962428;5,9523364781;
;5;73;73008;2;3;2.0;3.0;45,6794800000;5,9105000000;
;5;92;92051;2;2;1.0;1.0;48,8880557982;2,2755909562;
;5;69;69259;1;1;2.0;4.0;45,7198700000;4,8800400000;
;5;67;67482;2;1;1.0;6.0;48,5987400000;7,6967900000;
;5;67;67267;2;3;1.0;6.0;48,5537850000;7,6886300000;
;5;92;92049;2;1;1.0;6.0;48,8125400000;2,3192600000;
;1;64;64445;2;3;8.0;2.0;43,3152906429; -0,3151354194;
;1;64;64445;2;1;1.0;2.0;43,3184000000; -0,3577600000;
;1;92;92049;2;1;1.0;6.0;48,8168229764;2,3067145049;
;5;64;64102;2;6;2.0;2.0;43,4659800000; -1,4956800000;
;1;92;92048;2;1;1.0;6.0;48,8117880475;2,2354972958;
;1;61;61001;2;1;1.0;6.0;48,4425800000;0,0812700000;
;1;92;92012;2;1;1.0;6.0;48,8350444789;2,2278347611;
;5;59;59599;2;2;5.0;3.0;50,7190200000;3,1634700000;
;5;59;59356;2;3;1.0;3.0;50,6537641658;3,0013328791;
;1;22;22065;1;3;1.0;3.0;48,6062260000; -3,0262710000;
;5;59;59193;1;2;1.0;3.0;50,5965100000;3,0056800000;
;1;01;01357;1;1;1.0;7.0;46,1757610000;5,7337930000;
;1;56;56098;1;1;7.0;3.0;47,7810000000; -3,3350000000;
;1;51;51454;2;1;8.0;3.0;49,2500000000;4,0600000000;
;1;30;30041;1;1;1.0;6.0;43,9692220000;4,3890380000;
;5;49;49007;2;1;1.0;4.0;47,4866900000; -0,5148300000;
;1;37;37123;1;1;1.0;7.0;47,3467760000;0,3713040000;
;1;49;49007;2;1;1.0;6.0;47,4719100000; -0,5672800000;
;1;74;74293;2;1;1.0;7.0;46,2771380000;6,2590580000;
;5;49;49007;2;2;1.0;3.0;47,4506300000; -0,5528000000;
;4;74;74215;2;3;1.0;6.0;45,8343720000;6,5591060000;
;5;44;44109;2;1;1.0;6.0;47,2389700000; -1,5568400000;
;1;43;43157;2;1;2.0;7.0;45,0264200000;3,8816000000;
;4;33;33437;2;3;1.0;6.0;44,8545530000; -0,0635630000;
;5;43;43041;2;1;2.0;6.0;45,0479200000;3,9282500000;
;1;33;33421;2;1;1.0;7.0;44,8152250000; -0,1456710000;
;4;41;41018;2;1;5.0;3.0;47,6170000000;1,3271000000;
;1;89;89334;1;1;1.0;6.0;47,8343870000;3,3189920000;
;2;37;37214;2;1;8.0;5.0;47,3933200000;0,6473600000;
;5;33;33529;2;1;1.0;7.0;44,6421115803; -1,1563512683;
;1;63;63275;2;9;1.0;1.0;45,5437270000;3,2013130000;
;5;33;33009;2;1;1.0;6.0;44,6539000000; -1,1588000000;
;1;29;29019;2;2;1.0;1.0;48,3828350000; -4,5404150000;
;1;12;12208;1;1;1.0;1.0;43,9748510000;2,9060980000;
;1;27;27681;1;1;1.0;7.0;49,1026110626;1,5047484493;
;1;47;47209;2;7;1.0;3.0;44,2315900000;0,6811470000;
;3;27;27681;1;4;5.0;3.0;49,0767200000;1,4640000000;
;2;41;41151;2;1;9.0;1.0;47,3520530000;1,1929290000;
;5;27;27229;2;2;2.0;6.0;49,0115500000;1,1654500000;
;1;17;17274;1;1;1.0;7.0;46,1593900000; -1,0716700000;
;3;34;34157;1;3;1.0;3.0;43,4134559209;3,5445858174;
;1;39;39530;2;1;7.0;6.0;46,2652610000;5,5194080000;
;1;13;13204;2;1;1.0;3.0;43,2988000000;5,4022100000;
;3;11;11069;1;1;1.0;4.0;43,2285800000;2,3378300000;
;1;29;29141;1;1;1.0;1.0;48,3156100000; -3,8646980000;
;5;09;09225;2;1;1.0;1.0;43,1153800000;1,6215600000;
;1;31;31529;1;1;1.0;6.0;43,2589240000;0,9581320000;
;2;06;06069;2;1;3.0;6.0;43,6501361705;6,9197208404;
;1;02;02326;2;1;1.0;6.0;49,4085280000;3,1814210000;
;1;06;06069;1;1;2.0;1.0;43,6603090000;6,9500140000;
;1;02;02001;2;6;2.0;7.0;49,5989449201;3,1760807633;
;3;03;03310;2;1;1.0;6.0;46,1307400000;3,4175000000;
;3;01;01447;1;1;1.0;6.0;46,2049930000;5,3919590000;
;5;75;75119;2;1;1.0;2.0;48,9004680000;2,3875160000;
;1;70;70063;1;1;1.0;1.0;47,7636180000;6,6111735000;
;5;75;75116;2;2;1.0;3.0;48,8645210000;2,2665070000;
;1;70;70059;1;2;1.0;3.0;47,4437630000;6,1688390000;
;5;75;75120;2;2;1.0;6.0;48,8735970000;2,3903630000;
;5;75;75120;2;1;1.0;3.0;48,8706490000;2,3987450000;
;1;05;05012;1;3;1.0;3.0;44,5495270000;6,4847660000;
;1;75;75119;2;3;1.0;6.0;48,8911080000;2,3776110000;
;1;75;75119;2;5;1.0;3.0;48,8937730000;2,3733600000;
;1;75;75117;2;2;1.0;2.0;48,8943830000;2,3136800000;
;5;75;75116;2;4;1.0;6.0;48,8672310000;2,2903520000;
;1;05;05054;1;4;1.0;2.0;44,6832195972;6,0667705536;
;1;75;75116;2;1;1.0;6.0;48,8590030000;2,2292110000;
;2;50;50421;2;1;1.0;6.0;49,5126610000; -1,2904110000;
;5;75;75116;2;1;1.0;2.0;48,8714050000;2,2613460000;
;1;04;04031;1;1;1.0;7.0;43,9115980000;6,1391470000;
;1;75;75116;2;2;1.0;3.0;48,8735940000;2,2927860000;
;5;75;75115;2;2;1.0;2.0;48,8476930000;2,2841300000;
;1;17;17377;1;1;1.0;1.0;45,8709170000; -0,1838710000;
;5;75;75115;2;2;1.0;3.0;48,8428770000;2,2950850000;
;1;87;87187;2;9;1.0;6.0;45,5135090000;1,2021280000;
;1;75;75115;2;3;1.0;2.0;48,8486980000;2,2986630000;
;1;76;76533;1;1;1.0;2.0;49,4825191185;0,2632082999;
;5;75;75107;2;1;1.0;6.0;48,8624260000;2,3034260000;
;1;75;75110;2;2;1.0;6.0;48,8743580000;2,3553820000;
;1;53;53096;1;1;7.0;1.0;48,2982690000; -0,9015570000;
;5;75;75108;2;2;1.0;6.0;48,8670170000;2,3063220000;
;1;75;75104;2;1;1.0;6.0;48,8494520000;2,3615060000;
;1;90;90076;1;1;1.0;2.0;47,6361960000;6,8810760000;
;5;94;94078;2;1;1.0;5.0;48,7545100000;2,4444300000;
;3;94;94021;2;1;1.0;2.0;48,7638500000;2,3393400000;
;3;90;90076;1;1;2.0;2.0;47,6431280000;6,8918610000;
;1;93;93071;2;1;1.0;1.0;48,9427300000;2,5327910000;
;5;31;31254;2;1;1.0;6.0;43,5387820000;1,5155890000;
;5;93;93066;2;1;8.0;6.0;48,9323130000;2,3761120000;
;1;93;93027;2;1;1.0;1.0;48,9341306080;2,4018289981;
;1;92;92020;2;1;1.0;7.0;48,8001250435;2,2848778367;
;1;38;38189;1;1;7.0;1.0;45,6387820000;5,0625940000;
;5;92;92024;2;2;1.0;3.0;48,9000171315;2,3062378764;
;5;976;97608;2;1;1.0;7.0; -12,7879740000;45,2646860000;
;5;92;92032;2;3;1.0;3.0;48,7832800000;2,2866900000;
;1;95;95535;1;9;2.0;7.0;49,0643420000;1,9806720000;
;5;92;92007;2;1;1.0;6.0;48,8022950000;2,3110710000;
;3;86;86111;1;1;9.0;7.0;46,8607640000;0,5548040000;
;3;06;06161;1;1;1.0;2.0;43,6218270000;7,1301770000;
;3;988;98810;1;1;1.0;7.0; -20,6505400000;164,3636200000;
;1;95;95008;1;1;1.0;3.0;49,0699300000;1,7773600000;
;1;974;97413;1;1;1.0;7.0; -21,2029480000;55,2852200000;
;2;38;38204;1;1;1.0;1.0;44,7416430000;5,6808760000;
;4;56;56010;1;1;1.0;7.0;47,8850330000; -3,0398420000;
;3;56;56166;1;1;1.0;2.0;47,9011510000; -3,3362820000;
;1;83;83068;1;1;1.0;5.0;43,2923880000;6,6129110000;
;4;82;82186;2;6;2.0;6.0;44,1072670000;0,8920810000;
;1;11;11262;1;1;1.0;6.0;43,2034240000;3,0205540000;
;5;06;06128;2;1;1.0;7.0;43,6991390000;7,1185830000;
;1;12;12203;1;1;8.0;6.0;43,9660560000;2,9641410000;
;1;38;38565;2;6;1.0;3.0;45,2959280000;5,6289320000;
;5;42;42059;2;2;9.0;6.0;45,6374770000;4,3896660000;
;3;34;34139;2;1;1.0;7.0;43,4231730000;3,2442480000;
;1;25;25139;1;1;9.0;1.0;47,0188570000;6,4056090000;
;1;25;25495;2;1;1.0;3.0;47,2768960000;6,1072450000;
;3;07;07272;1;1;1.0;3.0;44,5254300000;4,4088090000;
;3;44;44131;1;1;2.0;7.0;47,0840330000; -1,9714670000;
;2;29;29027;1;1;1.0;7.0;48,1745140000; -3,8869500000;
;3;31;31080;1;2;1.0;2.0;43,2761270000;0,6523450000;
;1;02;02167;1;1;1.0;1.0;49,3768340000;3,4912710000;
;3;46;46055;1;1;1.0;6.0;44,5815420000;2,0661160000;
;1;72;72100;1;1;1.0;6.0;47,7970585550;0,0308489797;
;1;76;76666;1;1;1.0;7.0;49,5822020000;1,6311750000;
;3;60;60277;1;1;1.0;1.0;49,4217780000;2,0421050000;
;1;60;60079;1;1;3.0;3.0;49,1805499637;2,8881533145;
;1;43;43039;1;1;1.0;7.0;44,9136930000;3,8841790000;
;1;28;28166;1;2;8.0;6.0;48,4253330000;1,1339630000;
;2;13;13117;1;1;1.0;3.0;43,4519100000;5,2383700000;
;5;17;17446;2;3;1.0;3.0;45,8258200000; -0,3135450000;
;1;91;91161;1;1;1.0;7.0;48,7105700000;2,3073000000;
;3;17;17221;1;1;9.0;7.0;46,1222430000; -0,5830850000;
;3;23;23106;1;1;1.0;6.0;46,2590660000;2,3624250000;
;1;94;94034;1;1;1.0;4.0;48,7555257692;2,3430114984;
;1;88;88116;2;1;1.0;6.0;47,9630670000;6,8370260000;