Num_Acc;lum;departement;commune;agglomeration;intersection;meteo;type_collision;lat;long;date
;1;94;94034;1;1;1.0;2.0;48,7606114652;2,3193595264;
;5;973;97309;2;1;1.0;3.0;4,9074420000; -52,2728850000;
;5;66;66172;2;3;1.0;6.0;42,7162020000;2,8314691000;
;1;971;97103;2;1;7.0;6.0;16,2392130000; -61,5751670000;
;3;94;94034;1;1;1.0;2.0;48,7584457799;2,3369825611;
;2;988;98803;1;1;5.0;6.0; -21,5774850000;165,4946240000;
;1;95;95582;1;1;7.0;3.0;48,9690713210;2,2505342960;
;1;971;97106;2;1;1.0;5.0;16,1704220000; -61,7764230000;
;1;94;94018;1;1;1.0;2.0;48,8176679679;2,4148114130;
;1;41;41220;2;1;1.0;6.0;47,6992350000;1,5800410000;
;3;77;77144;1;1;1.0;7.0;48,7612830000;2,9271890000;
;1;17;17306;2;1;7.0;2.0;45,6275000000; -1,0319500000;
;3;34;34344;1;1;1.0;4.0;43,5633940000;4,0445590000;
;1;01;01142;2;1;1.0;6.0;45,8534120000;5,0769070000;
;5;987;98735;2;9;1.0;5.0; -17,5373680000; -149,5652760000;
;3;27;27458;1;1;1.0;1.0;49,3258630000;1,2136670000;
;1;27;27165;1;1;1.0;2.0;48,9420650000;0,9449530000;
;3;13;13071;1;1;1.0;2.0;43,3978900000;5,2982600000;
;5;69;69277;1;1;2.0;6.0;45,7316722950;4,9788987637;
;1;974;97416;2;1;1.0;6.0; -21,3153060000;55,4732330000;
;1;69;69252;1;1;2.0;3.0;45,5444500000;4,6674400000;
;5;974;97409;2;1;2.0;7.0; -20,9635100000;55,6514700000;
;3;42;42218;1;1;4.0;2.0;45,4584600000;4,4073300000;
;3;91;91161;1;1;1.0;2.0;48,7015300000;2,3088890000;
;5;972;97213;1;1;1.0;3.0;14,5961700000; -60,9895400000;
;3;78;78640;1;1;1.0;4.0;48,7780360000;2,2137920000;
;3;93;93048;1;1;1.0;6.0;48,8714820000;2,4329980000;
;4;93;93078;1;1;1.0;2.0;48,9589000000;2,5357900000;
;1;93;93027;1;1;1.0;3.0;48,9269388398;2,4050345767;
;1;972;97209;1;1;1.0;3.0;14,6088000000; -61,0536400000;
;1;77;77294;1;1;1.0;6.0;48,9681234906;2,6019218423;
;3;77;77121;1;9;1.0;2.0;48,8346201168;2,6655400446;
;1;77;77373;2;1;1.0;6.0;48,7897600000;2,6149200000;
;5;974;97416;2;1;1.0;3.0; -21,3332300000;55,4716100000;
;1;974;97416;1;1;1.0;3.0; -21,3210200000;55,4463700000;
;1;974;97411;2;1;1.0;6.0; -20,8874700000;55,4721000000;
;1;974;97411;2;1;1.0;6.0; -20,8821100000;55,4540300000;
;1;974;97411;2;1;1.0;5.0; -20,8775500000;55,4566700000;
;1;973;97302;2;3;1.0;3.0;4,9199557683; -52,3195767403;
;3;971;97101;2;1;1.0;1.0;16,2410976161; -61,5287107229;
;1;973;97302;2;1;1.0;1.0;4,9298856137; -52,3155400157;
;1;69;69259;2;1;8.0;6.0;45,7192079865;4,8545292020;
;1;972;97213;1;1;1.0;3.0;14,5935700000; -60,9820200000;
;5;69;69389;2;2;2.0;2.0;45,7647800000;4,8015900000;
;1;2A;2A004;2;1;1.0;3.0;41,9351000000;8,7442700000;
;2;95;95197;2;8;1.0;3.0;48,9752078481;2,3370140791;
;5;971;97113;1;1;1.0;3.0;16,2077497609; -61,4597994089;
;5;91;91479;1;1;1.0;3.0;48,7345000000;2,3661500000;
;1;87;87085;2;3;1.0;3.0;45,8334800000;1,2464700000;
;1;81;81065;1;3;1.0;3.0;43,5832000000;2,2282230000;
;1;91;91434;2;1;1.0;7.0;48,6652000000;2,3477700000;
;2;78;78517;2;1;5.0;3.0;48,6520900000;1,8491900000;
;5;87;87085;2;3;1.0;3.0;45,8368700000;1,2663700000;
;1;87;87085;2;1;1.0;6.0;45,8279400000;1,2417200000;
;1;87;87085;2;3;1.0;6.0;45,8273300000;1,2600500000;
;5;80;80021;2;3;1.0;6.0;49,9013200000;2,2881600000;
;1;77;77337;2;1;1.0;3.0;48,8512300000;2,6236400000;
;1;74;74010;2;4;1.0;3.0;45,9006500000;6,1205820000;
;1;69;69266;2;1;1.0;3.0;45,7620417380;4,9098747969;
;1;66;66136;2;1;1.0;6.0;42,7001700000;2,8915100000;
;1;66;66136;1;1;1.0;3.0;42,6786960000;2,8805610000;
;1;64;64335;1;1;1.0;3.0;43,3447479663; -0,4307922721;
;5;64;64102;2;1;1.0;6.0;43,4765000000; -1,4839300000;
;1;63;63113;2;2;1.0;3.0;45,7924900000;3,0916700000;
;1;63;63113;2;2;1.0;3.0;45,7878300000;3,0844300000;
;1;62;62643;2;1;1.0;6.0;50,7094660000;1,5997930000;
;1;59;59636;1;1;1.0;7.0;50,7031455075;3,0354040860;
;3;56;56162;1;1;1.0;6.0;47,7235500000; -3,4849400000;
;2;56;56098;2;1;1.0;7.0;47,7633500000; -3,3459300000;
;1;55;55029;2;3;1.0;3.0;48,7749000000;5,1629000000;
;1;52;52448;2;3;1.0;3.0;48,6384990000;4,9688210000;
;1;49;49267;2;1;1.0;5.0;47,4843000000; -0,4980000000;
;1;45;45004;2;2;1.0;2.0;48,0002800000;2,7611400000;
;1;41;41018;2;1;2.0;7.0;47,5766300000;1,3121600000;
;5;38;38185;2;2;1.0;1.0;45,1853000000;5,7148800000;
;1;37;37122;2;2;1.0;3.0;47,3538400000;0,6638700000;
;5;37;37261;2;1;1.0;1.0;47,3817800000;0,6973300000;
;1;35;35238;2;2;1.0;3.0;48,0992301077; -1,6571626067;
;1;34;34301;1;1;1.0;5.0;43,3750000000;3,6281000000;
;5;34;34172;2;1;1.0;6.0;43,6046700000;3,8649200000;
;1;32;32013;2;1;1.0;3.0;43,6636000000;0,5995700000;
;2;30;30028;2;2;1.0;6.0;44,1617900000;4,6225400000;
;3;29;29232;1;3;1.0;1.0;47,9513571600; -4,0763647500;
;1;29;29019;2;6;1.0;2.0;48,3916280000; -4,4804950000;
;1;29;29019;2;6;1.0;2.0;48,4139460000; -4,4795530000;
;1;28;28404;1;1;1.0;1.0;48,6963100000;1,3770200000;
;1;27;27229;2;1;1.0;6.0;49,0084800000;1,1504900000;
;1;22;22113;1;1;1.0;2.0;48,7324300000; -3,4180800000;
;1;14;14536;1;1;1.0;6.0;49,4115081922;0,2520918071;
;1;13;13103;2;2;1.0;3.0;43,6222011687;5,0991169659;
;2;13;13206;2;3;1.0;3.0;43,2850400000;5,3896700000;
;1;13;13201;2;3;1.0;4.0;43,2935300000;5,3822800000;
;1;13;13211;2;2;1.0;3.0;43,2970000000;5,4830000000;
;1;11;11069;2;1;1.0;6.0;43,1887400000;2,3111600000;
;1;07;07281;2;1;1.0;7.0;44,9437000000;4,8448600000;
;1;07;07316;1;1;1.0;1.0;44,8806000000;4,8490800000;
;1;06;06088;2;9;1.0;2.0;43,7339500000;7,2921200000;
;1;06;06029;2;1;1.0;6.0;43,5547920000;6,9722480000;
;1;01;01053;2;1;1.0;6.0;46,2093200000;5,2378600000;
;1;75;75114;2;1;1.0;2.0;48,8229480000;2,3129510000;
;1;75;75117;2;1;1.0;3.0;48,8882920000;2,2921750000;
;1;75;75118;2;1;1.0;2.0;48,9009840000;2,3480380000;
;5;75;75117;2;1;1.0;2.0;48,8989860000;2,3172920000;
;1;75;75119;2;1;7.0;6.0;48,8754050000;2,3902300000;
;2;75;75116;2;2;1.0;3.0;48,8408680000;2,2652940000;
;1;75;75114;2;1;1.0;5.0;48,8255970000;2,3261030000;
;1;75;75113;2;5;1.0;3.0;48,8365730000;2,3592920000;
;1;75;75112;2;2;1.0;3.0;48,8318270000;2,3976620000;
;1;75;75110;2;1;7.0;6.0;48,8749420000;2,3601700000;
;5;75;75108;2;7;1.0;6.0;48,8647420000;2,3010020000;
;1;75;75108;2;7;1.0;3.0;48,8649190000;2,3102790000;
;1;94;94078;2;3;1.0;1.0;48,7348850000;2,4533150000;
;5;94;94028;2;4;1.0;2.0;48,7901600000;2,4528200000;
;1;93;93066;2;9;1.0;1.0;48,9296447208;2,3593300581;
;1;93;93064;2;3;1.0;3.0;48,8763200000;2,4861200000;
;2;93;93077;2;1;1.0;6.0;48,8832334457;2,4993440509;
;1;93;93010;2;1;1.0;1.0;48,9033015666;2,4834600091;
;1;92;92051;2;9;1.0;3.0;48,8857623093;2,2569442391;
;1;93;93005;1;1;1.0;4.0;48,9559829274;2,4734293654;
;1;92;92050;2;2;1.0;1.0;48,8792422051;2,2128645480;
;1;92;92007;2;1;7.0;3.0;48,8015731297;2,3022325337;
;3;94;94069;1;1;1.0;2.0;48,8172046066;2,4285178250;
;1;92;92002;2;7;1.0;3.0;48,7633600000;2,3087700000;
;1;94;94017;1;1;1.0;4.0;48,8302008945;2,4957669959;
;2;974;97415;1;7;1.0;1.0; -21,0692190000;55,2298760000;
;1;01;01299;1;1;7.0;6.0;46,0235860000;5,0802120000;
;1;94;94073;1;1;1.0;4.0;48,7592916531;2,3835324056;
;1;42;42162;1;2;1.0;3.0;46,0053380000;4,0131210000;
;1;77;77237;1;1;1.0;2.0;48,8315810000;2,7691080000;
;1;81;81278;1;1;1.0;1.0;43,4702220000;2,5725500000;
;1;94;94028;1;1;8.0;3.0;48,7762100000;2,4291100000;
;1;972;97222;1;1;1.0;3.0;14,6696270000; -60,9574750000;
;1;59;59462;2;1;1.0;6.0;50,5189091747;3,0197113752;
;5;64;64483;2;1;2.0;6.0;43,3912500000; -1,6544000000;
;5;971;97101;2;1;1.0;6.0;16,2452700000; -61,5298600000;
;1;44;44025;1;1;1.0;5.0;47,3830100000; -1,9406900000;
;5;45;45234;2;3;1.0;6.0;47,9188228667;1,9147371948;
;1;62;62094;1;1;7.0;6.0;50,4439913320;1,7890924217;
;1;74;74012;2;2;1.0;6.0;46,1904700000;6,2345400000;
;1;74;74210;2;1;1.0;6.0;46,3052040000;6,4324900000;
;1;59;59081;2;1;1.0;6.0;50,1580270000;3,3893330000;
;1;974;97411;2;1;1.0;6.0; -20,8930450000;55,4583860000;
;1;32;32301;1;1;1.0;6.0;43,6744910000;0,5223330000;
;1;974;97411;2;1;1.0;2.0; -20,8756800000;55,4514100000;
;1;11;11063;1;2;1.0;3.0;42,9229320000;2,2177630000;
;1;973;97302;2;6;1.0;6.0;4,9333200000; -52,3094200000;
;1;86;86005;1;2;1.0;1.0;46,9449700000;0,0837390000;
;1;69;69387;2;2;1.0;3.0;45,7480000000;4,8364000000;
;1;34;34029;1;1;1.0;6.0;43,5599330000;3,4869230000;
;1;44;44064;1;1;1.0;6.0;47,1072190000; -1,3158610000;
;1;69;69388;2;8;1.0;3.0;45,7375900000;4,8655600000;
;2;29;29165;1;3;1.0;1.0;47,8168442839; -4,2292141913;
;5;972;97209;2;1;1.0;2.0;14,6049100000; -61,0583000000;
;1;38;38547;2;1;7.0;1.0;45,2340170000;5,8710320000;
;1;69;69389;2;2;1.0;3.0;45,7759000000;4,8008500000;
;3;02;02100;1;1;1.0;7.0;49,9926500000;3,2401080000;
;1;54;54369;1;1;1.0;7.0;48,8094742860;6,1251300581;
;1;971;97101;1;1;1.0;7.0;16,2839300000; -61,5062500000;
;1;09;09257;1;1;1.0;1.0;43,1010300000;1,1791370000;
;5;971;97101;2;3;1.0;1.0;16,2918700000; -61,4949200000;
;1;10;10323;2;6;1.0;6.0;48,5041410000;3,7556510000;
;1;2A;2A004;1;1;1.0;2.0;41,9294900000;8,8012900000;
;1;36;36211;1;1;1.0;7.0;46,7577122043;1,8755185604;
;1;07;07250;2;1;7.0;7.0;45,1465170000;4,7066880000;
;1;95;95018;2;1;1.0;6.0;48,9405808096;2,2221243382;
;1;07;07139;1;1;1.0;7.0;44,7705480000;4,3367030000;
;1;53;53106;1;1;1.0;7.0;48,3658270000; -0,1566400000;
;1;86;86066;2;6;7.0;3.0;46,8021700000;0,5455890000;
;1;17;17385;2;6;1.0;3.0;45,9357660000; -1,3035990000;
;1;80;80021;2;1;2.0;3.0;49,8774000000;2,2826400000;
;1;48;48065;1;1;1.0;6.0;44,2038970000;3,5234140000;
;1;80;80021;2;2;1.0;6.0;49,8692800000;2,3158300000;
;1;52;52093;1;1;1.0;5.0;47,8069150000;5,4236200000;
;3;78;78551;1;1;1.0;6.0;48,9611200000;2,1014600000;
;1;73;73255;1;4;1.0;6.0;45,3427200000;6,3064960000;
;3;53;53201;1;1;1.0;6.0;48,0982530000; -0,8511450000;
;1;76;76681;2;3;1.0;3.0;49,4194688837;1,0949890316;
;1;06;06027;1;1;1.0;2.0;43,6601570000;7,1647700000;
;1;72;72181;2;1;1.0;2.0;47,9642429759;0,1762604711;
;3;77;77458;1;1;1.0;2.0;48,1868050000;2,7670100000;
;1;70;70550;2;1;1.0;6.0;47,6308630000;6,1672550000;
;1;972;97228;1;1;1.0;6.0;14,7912780000; -60,9992860000;
;1;69;69266;2;1;1.0;3.0;45,7605500000;4,9049500000;
;1;68;68297;2;1;8.0;6.0;47,6044900000;7,5448600000;
;1;34;34344;2;5;1.0;3.0;43,5636080000;4,0857980000;
;1;34;34022;2;1;1.0;7.0;43,6576580000;4,0109270000;
;1;64;64024;2;1;1.0;3.0;43,4878531508; -1,5343093872;
;1;04;04242;1;1;2.0;1.0;43,8992530000;5,8186880000;
;1;59;59350;2;1;1.0;6.0;50,6109932775;3,0456537008;
;3;13;13053;1;1;1.0;1.0;43,7253510000;5,1632090000;
;1;57;57672;2;1;7.0;6.0;49,3547400000;6,1629900000;
;1;54;54351;2;1;1.0;1.0;48,7897961540;6,1158549780;
;1;50;50475;1;1;1.0;6.0;49,1273400000; -1,0893260000;
;3;74;74212;1;1;1.0;1.0;46,0288900000;6,3910170000;
;1;49;49246;2;1;1.0;3.0;47,4296200000; -0,5279400000;
;1;42;42094;2;2;1.0;3.0;45,7327630000;4,2280520000;
;2;43;43152;2;9;1.0;6.0;45,0528356531;3,8727182150;
;1;38;38320;1;2;1.0;1.0;45,8294350000;5,4096990000;
;1;41;41018;2;1;1.0;2.0;47,5946150000;1,3529930000;
;2;37;37122;2;6;8.0;3.0;47,3469087110;0,6476327777;
;1;33;33063;2;3;1.0;3.0;44,8777850000; -0,5569740000;
;1;64;64407;2;1;1.0;7.0;43,4736700000; -1,4309260000;
;5;31;31555;2;1;1.0;7.0;43,5672400000;1,4515500000;
;5;29;29254;2;1;1.0;6.0;48,5766700000; -3,8413140000;
;1;26;26362;2;3;1.0;3.0;44,9191200000;4,9006900000;
;1;26;26198;2;1;1.0;3.0;44,5351000000;4,7276000000;
;1;14;14715;2;3;2.0;3.0;49,3641100000;0,0833100000;
;1;22;22274;1;4;7.0;1.0;48,3866110000; -2,0205190000;
;5;13;13054;2;3;1.0;3.0;43,4070000000;5,2270000000;
;5;13;13103;2;4;1.0;2.0;43,6310602371;5,1010845804;
;2;13;13208;2;1;1.0;3.0;43,2474300000;5,3741100000;
;1;35;35012;1;1;1.0;1.0;47,8532380000; -1,6788110000;
;1;13;13204;2;3;1.0;6.0;43,2998800000;5,3996000000;
;1;09;09122;1;1;1.0;3.0;42,9574340000;1,6207970000;
;1;06;06088;2;1;1.0;3.0;43,7025870000;7,2851570000;
;1;60;60360;2;2;1.0;3.0;49,3255560000;2,4630190000;
;1;06;06027;2;1;1.0;3.0;43,6651800000;7,1707470000;
;1;75;75119;2;7;1.0;2.0;48,8866360000;2,3941240000;
;5;75;75117;2;3;1.0;6.0;48,8997500000;2,3191340000;
;1;75;75116;2;2;1.0;3.0;48,8681440000;2,2755010000;
;1;60;60103;2;1;1.0;6.0;49,3988330000;2,2487640000;
;1;75;75113;2;1;1.0;6.0;48,8270790000;2,3630420000;
;1;75;75109;2;3;1.0;7.0;48,8740460000;2,3442770000;
;1;13;13215;1;1;1.0;6.0;43,3581479742;5,3627074994;
;1;75;75108;2;1;1.0;3.0;48,8683682416;2,3063202202;
;3;13;13210;1;1;1.0;6.0;43,2848900000;5,4173800000;
;1;75;75103;2;2;1.0;6.0;48,8686500000;2,3553590000;
;1;33;33550;1;1;1.0;2.0;44,7797530000; -0,5748660000;
;1;94;94046;2;1;1.0;2.0;48,8054100000;2,4316100000;
;1;94;94011;2;6;1.0;3.0;48,7684000000;2,4883600000;
;1;33;33281;1;1;1.0;4.0;44,8566800000; -0,6609700000;
;3;59;59205;1;1;1.0;6.0;50,3340330606;3,3232073486;
;3;94;94042;1;1;1.0;2.0;48,8285410714;2,4757609509;
;2;94;94028;2;3;1.0;4.0;48,7991400000;2,4536200000;
;3;69;69290;1;1;1.0;2.0;45,7059860348;4,9668623705;
;5;94;94055;2;3;1.0;2.0;48,7830700000;2,5339800000;
;1;59;59350;1;1;1.0;6.0;50,6368026843;3,0884443264;
;1;69;69091;2;3;1.0;3.0;45,5932300000;4,7645300000;
;5;94;94075;2;1;1.0;3.0;48,7266300000;2,5311300000;
;5;57;57660;2;1;1.0;3.0;49,1979300000;6,9307800000;
;1;91;91645;1;1;1.0;3.0;48,7600200000;2,2629400000;
;5;93;93048;2;2;1.0;6.0;48,8565100000;2,4276700000;
;3;78;78646;1;1;1.0;6.0;48,7865760000;2,1517120000;
;1;974;97407;1;9;1.0;7.0; -20,9299400000;55,3092700000;
;1;93;93006;2;3;1.0;3.0;48,8636125784;2,4203969836;
;1;78;78640;1;1;1.0;2.0;48,7807100000;2,1782060000;
;1;92;92064;2;1;1.0;6.0;48,8532454579;2,2206213623;
;1;973;97302;1;6;1.0;3.0;4,9071500000; -52,3223000000;
;1;92;92036;1;1;1.0;2.0;48,9330433500;2,3215717971;
;3;973;97302;1;1;1.0;2.0;4,9011900000; -52,3110900000;
;2;92;92062;2;1;1.0;2.0;48,8817540068;2,2468003929;
;3;95;95424;1;1;1.0;6.0;48,9930900000;2,1869800000;
;1;92;92050;2;1;1.0;6.0;48,9005700000;2,2127800000;
;1;69;69387;2;4;1.0;2.0;45,7456674820;4,8482939601;
;3;95;95241;1;1;1.0;3.0;49,0535593222;2,4260795116;
;5;92;92049;2;1;1.0;6.0;48,8166600000;2,3286900000;
;1;972;97209;1;3;1.0;3.0;14,6152500000; -61,0619400000;
;1;92;92025;2;3;1.0;3.0;48,9302800000;2,2550690000;
;3;93;93006;1;1;1.0;4.0;48,8663142702;2,4133247345;
;5;972;97209;2;2;1.0;7.0;14,6064100000; -61,0667800000;
;1;92;92025;2;2;1.0;3.0;48,9146235598;2,2290424257;
;1;93;93005;1;1;1.0;4.0;48,9552000000;2,4734200000;
;3;972;97209;1;1;1.0;5.0;14,6141800000; -61,0500300000;
;1;95;95018;1;1;1.0;6.0;48,9586558069;2,2746205330;
;1;92;92012;2;3;1.0;2.0;48,8325817552;2,2498154640;
;1;77;77373;2;6;1.0;6.0;48,7893300000;2,6174800000;
;5;92;92004;2;1;2.0;3.0;48,9105500000;2,2990400000;
;1;92;92002;2;1;1.0;3.0;48,7496700000;2,3042000000;
;2;77;77209;1;2;1.0;3.0;48,8538900000;2,6906400000;
;1;45;45330;1;1;1.0;2.0;48,0713690000;1,9668960000;
;5;74;74012;2;1;1.0;3.0;46,1930000000;6,2287000000;
;1;72;72181;2;6;1.0;3.0;48,0081320000;0,1977430000;
;3;71;71584;1;1;1.0;3.0;46,4372041526;4,8697907925;
;1;22;22225;1;1;1.0;1.0;48,5511831319; -3,1374997490;
;1;64;64483;2;6;1.0;3.0;43,4123870000; -1,6176460000;
;1;59;59650;2;1;1.0;1.0;50,6969174917;3,2099765539;
;1;44;44129;1;1;2.0;6.0;47,4420300000; -2,0794870000;
;1;59;59350;2;2;1.0;6.0;50,6147853638;3,0482071638;
;1;71;71443;1;3;1.0;1.0;46,9432840000;4,8753330000;
;1;59;59560;2;1;1.0;3.0;50,5491262123;3,0515170097;
;1;12;12254;1;1;1.0;6.0;44,4447690000;2,5228430000;
;5;54;54395;2;2;1.0;3.0;48,6726940961;6,1765506864;
;5;42;42149;2;2;1.0;3.0;45,6477830000;4,2310350000;
;5;54;54451;2;3;1.0;3.0;49,5032400000;5,7538400000;
;2;34;34079;2;1;1.0;6.0;43,6241360000;3,4373210000;
;1;22;22042;1;1;1.0;2.0;48,7575570000; -3,3028780000;
;1;53;53054;2;1;2.0;7.0;48,0982490000; -0,7921010000;
;3;22;22220;2;1;2.0;6.0;48,2392620000; -3,2489850000;
;1;45;45286;2;1;1.0;6.0;47,8879700000;1,9290500000;
;4;44;44015;2;1;2.0;6.0;47,4745880000; -1,8594630000;
;3;44;44082;1;1;1.0;3.0;47,4164330000; -1,4159530000;
;1;45;45338;2;2;1.0;3.0;47,9908400000;2,7108900000;
;5;29;29233;2;1;2.0;3.0;47,8722640000; -3,5545380000;
;3;42;42237;1;1;1.0;6.0;45,4498900000;4,4668200000;
;1;35;35238;1;1;1.0;6.0;48,0927458141; -1,7375068367;
;1;29;29171;1;1;1.0;6.0;47,8372350000; -4,3284850000;
;1;35;35281;2;1;1.0;3.0;48,0955649910; -1,6950085759;
;1;01;01243;1;1;7.0;6.0;46,0389230000;4,7562220000;
;5;33;33063;2;2;1.0;3.0;44,8543000000; -0,5691800000;
;1;01;01314;1;2;1.0;3.0;46,0280630000;5,2917190000;
;5;33;33063;2;1;1.0;6.0;44,8678300000; -0,5713400000;
;1;58;58197;1;1;1.0;6.0;47,3783450000;3,7263610000;
;5;33;33063;2;3;1.0;3.0;44,8641700000; -0,5586100000;
;1;33;33529;2;1;1.0;1.0;44,6338700000; -1,1967000000;
;1;72;72090;1;9;1.0;7.0;48,0629400000;0,5075310000;
;3;83;83095;1;1;1.0;6.0;43,5562730000;6,0309850000;
;1;27;27375;2;1;1.0;2.0;49,2104000000;1,1727600000;
;2;60;60315;1;2;1.0;3.0;49,4805610000;1,9002060000;
;1;13;13028;2;1;1.0;1.0;43,2000800000;5,5949100000;
;1;04;04031;1;4;1.0;3.0;43,8962530000;6,1287400000;
;1;57;57596;1;1;1.0;6.0;49,1551660000;6,8489300000;
;1;09;09225;2;3;1.0;3.0;43,1156400000;1,6238800000;
;1;09;09122;1;9;1.0;3.0;42,9520100000;1,6240700000;
;1;07;07008;1;1;1.0;6.0;44,7134000000;4,6162900000;
;1;75;75112;2;1;1.0;4.0;48,8449910000;2,4140350000;
;1;75;75118;2;1;1.0;6.0;48,8876710000;2,3348310000;
;1;25;25157;2;1;1.0;1.0;46,8768240000;6,3749200000;
;1;75;75112;2;1;1.0;2.0;48,8311110000;2,3854160000;
;1;2B;2B265;1;1;1.0;1.0;42,5990473483;9,4103318424;
;1;75;75104;2;3;1.0;6.0;48,8572910000;2,3523830000;
;1;34;34022;1;1;1.0;4.0;43,6541880000;3,9965020000;
;1;94;94043;2;3;1.0;6.0;48,8120000000;2,3608000000;
;1;68;68309;2;6;7.0;6.0;47,6611350000;7,4483010000;
;1;94;94069;2;2;1.0;2.0;48,8179500000;2,4244400000;
;2;67;67031;1;1;1.0;7.0;48,4466250000;7,4442350000;
;3;57;57481;1;1;1.0;7.0;49,2280100000;6,0246010000;
;1;93;93078;2;3;1.0;3.0;48,9671856364;2,5426899413;
;1;69;69170;1;1;1.0;7.0;45,6688170000;4,6129920000;
;5;93;93073;2;2;1.0;3.0;48,9396300000;2,5919300000;
;1;93;93071;2;1;1.0;6.0;48,9500200000;2,5225800000;
;1;09;09306;2;1;8.0;6.0;42,8515510000;1,5949200000;
;5;93;93070;2;5;1.0;3.0;48,9014156807;2,3440317025;
;3;29;29066;1;1;2.0;6.0;48,0328780000; -4,2403790000;
;1;93;93048;2;1;1.0;3.0;48,8674379476;2,4294203057;
;1;22;22201;1;1;1.0;7.0;48,6683490000; -2,3357530000;
;1;93;93029;2;1;1.0;3.0;48,9185244267;2,4156410205;
;1;35;35031;1;3;1.0;3.0;48,1610260000; -1,4406250000;
;1;93;93010;2;1;1.0;6.0;48,9101038908;2,4801299993;
;3;27;27611;1;1;9.0;7.0;49,0809680000;1,2587500000;
;1;92;92076;2;3;1.0;3.0;48,8369253718;2,1459457129;
;5;60;60695;2;1;1.0;1.0;49,1992610000;2,4815800000;
;1;92;92064;2;3;1.0;3.0;48,8592705704;2,2240871787;
;3;80;80090;1;1;1.0;5.0;49,8705590000;2,8356640000;
;1;92;92040;2;1;1.0;3.0;48,8278622303;2,2672385573;
;3;59;59389;1;1;1.0;6.0;50,1068180000;3,1993500000;
;5;92;92026;2;1;1.0;3.0;48,8986939958;2,2445535064;
;3;69;69259;1;1;1.0;6.0;45,6865000000;4,8741000000;
;1;92;92032;2;9;1.0;3.0;48,7921659623;2,2900030017;
;1;67;67218;1;1;1.0;2.0;48,5328000000;7,6973500000;
;1;92;92007;2;1;1.0;6.0;48,7953461418;2,3117814660;
;3;33;33090;1;1;1.0;4.0;44,7607100000; -0,6790300000;
;2;24;24436;1;2;1.0;3.0;45,0216730000;0,2845720000;
;2;92;92060;1;1;1.0;3.0;48,7736751738;2,2415169590;
;3;86;86265;2;1;1.0;6.0;46,8572820000;0,3850920000;
;3;92;92025;1;1;1.0;3.0;48,9224505810;2,2269890734;
;1;25;25467;1;1;1.0;3.0;47,2671300000;5,9248500000;
;1;78;78073;1;1;1.0;4.0;48,8014390000;2,0467240000;
;1;17;17172;1;3;1.0;3.0;45,5615100000; -0,6814740000;
;1;78;78007;1;1;1.0;3.0;48,9012360000;2,0052200000;
;1;28;28103;1;9;7.0;3.0;47,9907190000;1,2538680000;
;3;67;67362;1;1;1.0;6.0;48,2471830000;7,3334060000;
;1;77;77053;1;1;1.0;6.0;48,6862300000;2,5974100000;
;1;974;97413;2;1;1.0;6.0; -21,2166580000;55,3085100000;
;1;06;06104;2;1;1.0;6.0;43,7610240000;7,4839710000;
;1;57;57480;2;1;1.0;6.0;49,0936198000;6,1494973000;
;1;35;35251;1;2;1.0;3.0;48,2547543163; -1,6007611156;
;1;51;51338;1;1;1.0;7.0;49,1599570322;4,1108527780;
;3;51;51612;1;1;1.0;7.0;48,9197756571;3,9766806364;
;1;974;97411;2;9;1.0;6.0; -20,8862500000;55,4808400000;
;1;974;97411;2;1;1.0;7.0; -20,9276100000;55,4932700000;
;1;69;69259;2;1;1.0;2.0;45,7128619528;4,8740221735;
;1;59;59663;1;1;1.0;3.0;50,8982150000;2,4912140000;
;5;74;74104;2;1;1.0;6.0;45,7701970000;6,2079090000;
;1;69;69387;2;1;1.0;1.0;45,7457223481;4,8506838083;
;2;33;33506;1;1;1.0;6.0;44,6978610000; -0,1214560000;
;1;69;69388;2;1;1.0;5.0;45,7484100000;4,8629200000;
;1;69;69386;1;1;1.0;3.0;45,7642400000;4,8433000000;
;1;972;97209;1;1;1.0;3.0;14,6093800000; -61,0853200000;
;1;61;61317;1;1;1.0;3.0;48,7461160000;0,3669910000;
;5;69;69385;2;1;1.0;7.0;45,7563700000;4,8060100000;
;1;35;35009;1;2;7.0;1.0;48,4997120000; -1,7388550000;
;1;69;69149;2;1;1.0;6.0;45,7173500000;4,8121100000;
;1;31;31075;1;1;1.0;6.0;43,5440220000;1,1592080000;
;1;971;97105;2;1;1.0;3.0;15,9914700000; -61,7278700000;
;1;72;72090;1;1;1.0;3.0;48,0294585207;0,4453933237;
;1;2A;2A004;1;1;1.0;4.0;41,9376783860;8,8037400842;
;1;14;14578;2;3;1.0;6.0;49,3470360000;0,1919000000;
;3;91;91174;2;7;1.0;6.0;48,6137900000;2,4740800000;
;1;14;14593;1;1;1.0;7.0;49,2388740000;0,1602380000;
;1;87;87085;2;1;1.0;2.0;45,8844200000;1,2898500000;
;5;87;87085;2;2;1.0;3.0;45,8260500000;1,2679100000;
;1;90;90045;1;1;1.0;1.0;47,5080520000;6,9557830000;
;1;80;80021;2;2;1.0;3.0;49,9009900000;2,3012900000;
;1;83;83060;1;1;1.0;6.0;43,6037024996;6,0663414001;
;1;80;80021;2;1;1.0;3.0;49,8889600000;2,2780300000;
;5;18;18223;2;4;1.0;3.0;47,1937300000;2,3770920000;
;5;80;80021;2;1;5.0;6.0;49,8647700000;2,3379900000;
;1;80;80021;2;1;1.0;3.0;49,9087300000;2,3128700000;
;1;07;07129;2;1;1.0;6.0;44,9885690000;4,5792100000;
;1;78;78551;2;1;2.0;3.0;48,8991640000;2,0741370000;
;1;40;40042;1;1;1.0;7.0;43,5466200000; -1,2735560000;
;1;78;78688;2;1;1.0;7.0;48,7663400000;2,0534200000;
;1;77;77487;2;3;1.0;1.0;48,5377100000;2,6843500000;
;5;76;76575;2;6;2.0;7.0;49,3803400000;1,1008090000;
;3;40;40291;1;1;1.0;6.0;43,6665030000; -1,3273760000;
;3;76;76108;2;1;2.0;7.0;49,4823888898;1,1089076847;
;1;72;72181;2;1;1.0;6.0;48,0066000000;0,1926500000;
;1;28;28383;2;4;1.0;3.0;48,3171980000;1,5717640000;
;1;69;69266;2;1;1.0;4.0;45,7683773936;4,9052528143;
;1;46;46118;1;1;1.0;6.0;44,9907060000;1,5268850000;
;1;69;69275;2;1;1.0;2.0;45,7494900000;4,9393800000;
;1;49;49307;1;1;1.0;6.0;47,5344430000; -0,3227230000;
;1;03;03158;1;1;1.0;7.0;46,5026760000;2,6435640000;
;1;69;69282;2;3;1.0;1.0;45,7606100000;4,9979100000;
;3;01;01089;1;1;1.0;6.0;45,9919420000;5,3131610000;