Num_Acc;lum;departement;commune;agglomeration;intersection;meteo;type_collision;lat;long;date
;1;66;66161;1;1;1.0;3.0;42,6126752100;2,4104033069;
;1;29;29232;2;6;7.0;3.0;47,9753700000; -4,0977600000;
;5;45;45068;2;1;1.0;6.0;48,0094987851;2,7320154682;
;1;85;85047;2;6;1.0;3.0;46,8433590000; -1,8813980000;
;1;26;26362;2;1;1.0;6.0;44,9389000000;4,9016400000;
;1;01;01147;1;1;1.0;2.0;46,4266620000;5,2707770000;
;1;45;45068;2;1;1.0;3.0;48,0122097051;2,7094783187;
;1;25;25031;2;1;1.0;1.0;47,4873950000;6,8395630000;
;1;987;98745;1;1;1.0;1.0; -16,6308330000; -151,5040280000;
;1;35;35238;2;1;1.0;6.0;48,0846700000; -1,6570600000;
;1;25;25056;2;3;1.0;3.0;47,2332400000;5,9745170000;
;5;974;97416;2;1;1.0;3.0; -21,3360150000;55,4851530000;
;1;34;34172;2;1;1.0;2.0;43,6319800000;3,8224800000;
;3;973;97304;1;1;1.0;7.0;5,1556673262; -52,8759634495;
;1;24;24037;2;6;1.0;3.0;44,8433700000;0,4844200000;
;3;971;97104;2;1;1.0;6.0;16,0163120000; -61,7466400000;
;1;34;34172;2;3;1.0;3.0;43,6089000000;3,8274000000;
;1;19;19272;2;1;1.0;6.0;45,2699800000;1,7738300000;
;1;78;78368;2;1;8.0;6.0;48,9014340000;1,8661130000;
;1;15;15012;1;1;1.0;3.0;44,8995500000;2,4819100000;
;1;78;78344;1;1;1.0;1.0;48,9833860000;1,5239320000;
;1;14;14327;2;1;7.0;6.0;49,2131000000; -0,3303000000;
;3;84;84019;1;1;6.0;2.0;44,2691740000;4,7424240000;
;1;13;13117;2;9;1.0;6.0;43,4761800000;5,2278600000;
;3;89;89438;1;9;1.0;2.0;47,7952330000;3,6540330000;
;1;21;21585;2;3;1.0;6.0;47,2132040000;5,0902140000;
;2;22;22113;2;1;3.0;4.0;48,7334400000; -3,4496120000;
;5;13;13204;2;1;1.0;3.0;43,3140100000;5,4062800000;
;3;68;68301;1;1;1.0;1.0;47,6795040000;7,4318000000;
;1;13;13203;2;9;1.0;3.0;43,3063789280;5,3738013121;
;1;13;13209;2;1;1.0;6.0;43,2682185098;5,4121836741;
;1;81;81092;1;1;1.0;6.0;43,7105410000;1,8833670000;
;5;13;13211;2;1;1.0;6.0;43,2910000000;5,4782800000;
;1;81;81140;2;1;1.0;6.0;43,6981660000;1,8033560000;
;1;13;13207;2;3;1.0;1.0;43,2894700000;5,3640400000;
;1;13;13208;2;1;1.0;3.0;43,2612657646;5,3976707958;
;1;13;13028;2;1;1.0;3.0;43,1787100000;5,5960100000;
;1;33;33119;1;1;1.0;2.0;44,8576940000; -0,5049060000;
;1;12;12145;2;1;7.0;1.0;44,0874900000;3,0565000000;
;3;33;33318;1;1;8.0;6.0;44,8023000000; -0,6594100000;
;1;13;13005;1;3;1.0;3.0;43,3089400000;5,5928000000;
;1;59;59343;1;1;1.0;2.0;50,6006343997;3,1197175384;
;1;11;11069;2;2;1.0;3.0;43,2167500000;2,3479900000;
;1;07;07102;2;1;1.0;6.0;44,9351000000;4,8757000000;
;1;07;07102;2;1;1.0;6.0;44,9371600000;4,8779900000;
;1;91;91086;1;1;1.0;4.0;48,6238200000;2,3804500000;
;1;06;06030;2;9;1.0;2.0;43,5768880000;7,0209960000;
;1;06;06029;2;1;1.0;6.0;43,5428510000;6,9636840000;
;1;75;75116;2;1;1.0;2.0;48,8697840000;2,2716840000;
;3;05;05061;2;1;1.0;7.0;44,5713500000;6,0695100000;
;1;94;94003;1;1;1.0;4.0;48,8112300000;2,3374300000;
;1;75;75118;2;1;1.0;3.0;48,9009350000;2,3385420000;
;1;75;75113;2;1;1.0;3.0;48,8260810000;2,3879370000;
;1;75;75107;2;3;1.0;6.0;48,8585950000;2,3324940000;
;1;91;91174;1;1;1.0;5.0;48,6239700000;2,4682800000;
;5;75;75105;2;2;1.0;3.0;48,8494027694;2,3567853123;
;1;75;75114;2;2;1.0;6.0;48,8246480000;2,3195330000;
;1;78;78545;1;1;1.0;2.0;48,8144370000;2,0603020000;
;1;75;75119;2;1;1.0;6.0;48,8891470000;2,3747090000;
;1;92;92036;1;1;8.0;7.0;48,9356557559;2,2642429853;
;5;75;75115;2;1;1.0;6.0;48,8468810000;2,2774360000;
;1;75;75116;2;1;1.0;6.0;48,8384900000;2,2591980000;
;3;95;95028;1;1;1.0;2.0;49,0616730000;2,3433110000;
;1;75;75106;2;3;1.0;7.0;48,8456470000;2,3255970000;
;1;69;69264;2;1;1.0;6.0;45,9840037299;4,7200924158;
;1;75;75113;2;3;1.0;6.0;48,8229850000;2,3624180000;
;2;75;75105;2;2;1.0;3.0;48,8513810000;2,3432030000;
;1;974;97411;2;1;1.0;6.0; -20,8978000000;55,4561900000;
;5;75;75113;2;7;1.0;2.0;48,8309904140;2,3557922244;
;1;75;75120;2;3;1.0;6.0;48,8661750000;2,3896840000;
;1;974;97411;2;1;2.0;3.0; -20,8856500000;55,4964400000;
;2;974;97409;2;1;1.0;1.0; -20,9651830000;55,6519260000;
;1;75;75119;2;2;1.0;2.0;48,8997700000;2,3880640000;
;5;75;75112;2;2;1.0;6.0;48,8486340000;2,3725350000;
;1;973;97302;2;1;1.0;3.0;4,9228628079; -52,3236536980;
;1;75;75117;2;2;1.0;3.0;48,8975890000;2,3288940000;
;1;75;75112;2;7;1.0;6.0;48,8350959729;2,4082642794;
;1;69;69276;1;1;2.0;6.0;45,6737000000;4,8485100000;
;5;75;75117;2;2;1.0;4.0;48,8861440000;2,2880800000;
;1;69;69383;2;3;2.0;3.0;45,7594500000;4,8458200000;
;5;75;75108;2;7;1.0;2.0;48,8677489567;2,3139698803;
;5;972;97209;2;1;1.0;6.0;14,6288100000; -61,0722600000;
;1;75;75116;2;1;1.0;2.0;48,8735780000;2,2752950000;
;5;69;69081;2;3;1.0;7.0;45,7654800000;4,7681000000;
;1;75;75104;2;3;1.0;2.0;48,8552384085;2,3611465842;
;1;75;75116;2;3;1.0;2.0;48,8619890000;2,2303800000;
;2;75;75116;2;1;1.0;6.0;48,8374320000;2,2606740000;
;1;69;69385;2;1;1.0;3.0;45,7635399771;4,7966319323;
;5;75;75104;2;3;1.0;6.0;48,8553487082;2,3595882207;
;5;2A;2A004;1;6;1.0;2.0;41,9270000000;8,7790000000;
;1;94;94041;2;1;1.0;6.0;48,8135570000;2,4003080000;
;1;75;75115;2;7;1.0;3.0;48,8490650000;2,2876500000;
;1;94;94073;2;1;1.0;7.0;48,7579673906;2,3912687300;
;1;87;87085;2;1;2.0;6.0;45,8320200000;1,2507900000;
;1;84;84031;2;3;1.0;3.0;44,0556200000;5,0516200000;
;1;94;94022;2;2;1.0;6.0;48,7671943089;2,4047183990;
;1;75;75107;2;2;1.0;2.0;48,8516560000;2,3267940000;
;1;83;83069;2;1;1.0;3.0;43,1186000000;6,1425000000;
;1;93;93064;2;1;1.0;3.0;48,8763800000;2,4792700000;
;1;75;75114;2;3;1.0;3.0;48,8307980000;2,3294090000;
;1;78;78551;2;9;1.0;2.0;48,8992900000;2,0709500000;
;1;75;75113;2;1;1.0;7.0;48,8397490000;2,3708800000;
;1;93;93079;2;3;1.0;6.0;48,9631800000;2,3439300000;
;5;78;78551;2;9;1.0;2.0;48,9011163313;2,0786737485;
;1;93;93001;2;7;1.0;6.0;48,9146300000;2,3993150000;
;1;75;75112;2;2;1.0;3.0;48,8318460000;2,3977410000;
;1;78;78498;2;2;1.0;6.0;48,9262700000;2,0512700000;
;1;92;92049;2;1;1.0;7.0;48,8149840270;2,3109121621;
;1;75;75112;2;1;1.0;6.0;48,8414380000;2,3732020000;
;5;76;76540;2;2;1.0;3.0;49,4527975868;1,0566276311;
;5;74;74010;2;1;1.0;6.0;45,9010000000;6,1217000000;
;5;92;92023;2;2;1.0;3.0;48,7896128645;2,2528025061;
;1;75;75111;2;3;1.0;6.0;48,8702480000;2,3765030000;
;1;72;72181;2;1;8.0;3.0;47,9959800000;0,2233600000;
;1;974;97405;2;1;1.0;7.0; -21,3653080000;55,5471780000;
;1;75;75110;2;7;1.0;2.0;48,8826300000;2,3699490000;
;1;69;69266;2;2;2.0;6.0;45,7700600000;4,8757500000;
;5;972;97219;1;9;1.0;1.0;14,7828390000; -61,2145110000;
;3;83;83085;1;1;1.0;7.0;43,5083790000;6,5363520000;
;5;75;75109;2;5;1.0;3.0;48,8729420000;2,3332960000;
;1;69;69264;2;1;2.0;2.0;45,9902400000;4,7150200000;
;1;63;63013;1;1;1.0;6.0;45,9789239650;3,1816105843;
;1;69;69264;2;3;1.0;3.0;45,9815800000;4,7410500000;
;1;75;75107;2;1;1.0;6.0;48,8577670000;2,2951410000;
;1;67;67482;2;3;1.0;3.0;48,5523700000;7,7400300000;
;1;75;75103;2;7;1.0;3.0;48,8673380000;2,3633430000;
;1;65;65440;2;1;1.0;3.0;43,2371400000;0,0457600000;
;1;75;75101;2;3;1.0;6.0;48,8607890000;2,3412000000;
;1;71;71444;1;1;1.0;2.0;46,7237120000;4,8378040000;
;5;64;64102;2;3;2.0;3.0;43,4939386251; -1,4540255070;
;1;75;75101;2;2;1.0;3.0;48,8577200000;2,3477750000;
;2;64;64024;2;1;2.0;3.0;43,4886600000; -1,5224000000;
;1;75;75103;2;2;1.0;3.0;48,8662430000;2,3525310000;
;1;63;63103;1;2;1.0;3.0;45,9198600000;3,0841200000;
;1;75;75104;2;3;1.0;3.0;48,8522270000;2,3660400000;
;1;14;14579;1;1;1.0;4.0;49,0503230000; -0,7210960000;
;1;94;94081;2;1;1.0;1.0;48,8012200000;2,3851300000;
;4;63;63113;2;2;1.0;3.0;45,7831700000;3,0842200000;
;3;83;83140;1;1;1.0;3.0;43,4087580000;5,9548040000;
;5;94;94081;2;3;1.0;3.0;48,7937500000;2,3987500000;
;3;61;61006;1;1;1.0;5.0;48,7552400000; -0,0100900000;
;1;51;51570;1;1;1.0;3.0;48,8493830000;3,6895930000;
;1;94;94068;2;2;1.0;3.0;48,7883000000;2,5064000000;
;1;59;59178;2;2;1.0;6.0;50,3714000000;3,0845500000;
;1;51;51178;1;1;1.0;7.0;48,8232444932;4,3808627129;
;1;59;59178;2;1;1.0;6.0;50,3559118623;3,0820512772;
;1;94;94068;2;3;1.0;1.0;48,7938800000;2,4922900000;
;1;56;56206;1;1;1.0;6.0;47,6955900000; -2,7651700000;
;1;56;56107;2;1;8.0;6.0;47,7264900000; -3,3841500000;
;1;74;74282;1;1;7.0;6.0;45,9808820000;6,2730210000;
;1;94;94042;1;2;1.0;3.0;48,8149400000;2,4632400000;
;5;54;54395;2;1;2.0;6.0;48,7021100000;6,1914900000;
;1;94;94058;2;1;1.0;3.0;48,8352600000;2,4986500000;
;2;67;67196;2;3;1.0;3.0;48,2905670000;7,5683140000;
;1;54;54395;2;3;1.0;3.0;48,6962270000;6,1917520000;
;1;76;76748;1;1;1.0;7.0;49,8122000000;0,6288390000;
;5;94;94046;2;3;1.0;1.0;48,8116301376;2,4224424362;
;2;54;54451;2;2;8.0;6.0;49,5043490000;5,7531270000;
;1;94;94076;2;1;1.0;3.0;48,7856000000;2,3667000000;
;1;79;79174;1;1;1.0;2.0;46,2141270000; -0,1572200000;
;2;54;54323;2;2;5.0;6.0;49,5291800000;5,7631400000;
;1;94;94003;2;1;1.0;3.0;48,8077300000;2,3264700000;
;1;51;51454;2;3;1.0;7.0;49,2629900000;4,0449700000;
;1;79;79241;1;1;1.0;7.0;46,4587620000; -0,3774190000;
;1;94;94041;2;1;1.0;3.0;48,8049600000;2,3945700000;
;5;2B;2B346;2;1;1.0;6.0;42,4992550000;9,4504790000;
;1;94;94028;2;1;1.0;3.0;48,7986500000;2,4651100000;
;1;51;51058;2;8;1.0;3.0;49,2185004901;4,0040275210;
;1;80;80362;2;2;1.0;6.0;49,9835370000;1,6301500000;
;1;93;93078;2;2;7.0;3.0;48,9584500000;2,5582300000;
;1;89;89345;1;4;1.0;1.0;47,9966720000;3,7351580000;
;1;93;93066;2;1;1.0;6.0;48,9436962835;2,3723575473;
;1;37;37261;2;3;1.0;3.0;47,3803283065;0,6664055586;
;1;93;93066;2;1;1.0;6.0;48,9359600000;2,3689690000;
;1;55;55265;1;1;1.0;1.0;49,0964920000;5,7846450000;
;1;93;93053;2;1;1.0;2.0;48,8941570000;2,4639300000;
;3;35;35238;1;1;1.0;2.0;48,1102800000; -1,7180500000;
;3;12;12208;2;1;1.0;6.0;43,9487319013;2,9013542533;
;1;93;93053;2;2;1.0;3.0;48,8919000000;2,4448200000;
;1;41;41051;2;8;1.0;3.0;47,3419560000;1,1643470000;
;1;93;93048;2;1;1.0;3.0;48,8571176458;2,4446157218;
;1;31;31555;2;1;1.0;3.0;43,6110100000;1,4201900000;
;1;68;68091;1;1;1.0;3.0;47,9190740000;7,4949070000;
;1;93;93063;2;1;1.0;6.0;48,8885033637;2,4372340142;
;1;93;93063;2;1;1.0;6.0;48,8793570000;2,4441580000;
;1;22;22229;1;3;1.0;4.0;48,2679910000; -3,2766940000;
;1;93;93027;1;1;1.0;5.0;48,9385300000;2,3879200000;
;2;44;44067;1;1;1.0;2.0;47,6274760000; -1,7874880000;
;1;93;93046;2;1;1.0;6.0;48,9335282643;2,5514861942;
;1;29;29020;1;2;1.0;3.0;48,0853430000; -3,9710800000;
;1;93;93001;2;9;1.0;3.0;48,9173432686;2,3794888705;
;1;29;29220;2;3;1.0;3.0;47,8615740000; -4,2190130000;
;1;93;93001;2;1;1.0;6.0;48,9091150000;2,3892320000;
;1;84;84017;1;1;7.0;3.0;44,1295540000;5,2880290000;
;1;92;92073;2;9;1.0;3.0;48,8617500000;2,2126500000;
;1;01;01335;1;1;6.0;6.0;46,1068780000;5,0742890000;
;1;92;92076;2;1;1.0;6.0;48,8394350000;2,1586860000;
;3;01;01245;1;1;5.0;7.0;46,1406490000;5,3923240000;
;1;92;92051;2;1;1.0;7.0;48,8807185212;2,2733722329;
;1;72;72115;1;1;1.0;6.0;47,6722420000;0,4712020000;
;1;92;92049;2;1;1.0;1.0;48,8142742685;2,3281998038;
;1;92;92048;2;4;7.0;6.0;48,8146056141;2,2343214154;
;1;14;14092;2;3;1.0;3.0;49,1190760000; -0,3062170000;
;1;92;92036;2;1;1.0;3.0;48,9254990000;2,3075430000;
;1;64;64029;1;1;1.0;7.0;43,1330770000; -0,7481320000;
;1;10;10342;2;9;1.0;7.0;48,1731840000;4,0478990000;
;2;92;92035;2;1;1.0;3.0;48,9044657729;2,2325512245;
;2;16;16382;2;3;8.0;6.0;45,5640378757;0,2166595459;
;1;92;92035;2;1;1.0;3.0;48,9101092085;2,2549323141;
;1;24;24340;1;1;1.0;1.0;44,8501230000;0,4204740000;
;1;04;04144;1;1;1.0;7.0;43,7752460000;6,3802030000;
;5;92;92024;2;6;1.0;2.0;48,9108792644;2,3127193004;
;1;92;92024;2;1;1.0;2.0;48,9074161011;2,2976376414;
;3;17;17465;1;6;1.0;7.0;45,9643290000; -0,5535170000;
;5;17;17480;2;1;1.0;7.0;46,1414110000; -0,9049560000;
;1;92;92071;2;3;1.0;3.0;48,7773236374;2,2898313403;
;1;92;92007;2;4;1.0;3.0;48,8009654297;2,3095009178;
;1;987;98734;2;1;1.0;1.0; -17,7220550000; -149,4046530000;
;1;92;92004;1;1;1.0;3.0;48,9171114193;2,3070082068;
;1;72;72191;1;1;1.0;2.0;47,7692150000;0,3137970000;
;1;92;92014;2;2;1.0;2.0;48,7862300000;2,3179600000;
;1;80;80470;1;1;7.0;7.0;50,0636900000;2,5107390000;
;1;83;83072;1;1;1.0;6.0;43,4949560000;6,4042860000;
;1;34;34336;1;1;1.0;4.0;43,3178755210;3,2618428234;
;3;38;38336;1;1;1.0;3.0;45,4874560000;4,8313290000;
;1;41;41045;2;1;1.0;1.0;47,4814950000;1,1927890000;
;1;34;34294;1;1;1.0;2.0;43,7102300000;4,1271900000;
;1;35;35337;1;3;1.0;6.0;48,2968420000; -1,8220570000;
;1;26;26345;1;1;1.0;3.0;44,2966090000;4,8479120000;
;1;988;98821;1;3;1.0;1.0; -22,1375890000;166,4103230000;
;1;12;12214;1;1;1.0;7.0;44,6187300000;2,9639380000;
;2;06;06034;1;1;1.0;7.0;43,7723410000;7,2139410000;
;3;23;23039;1;1;1.0;1.0;46,3381920000;1,7276810000;
;1;988;98802;1;1;1.0;5.0; -21,9410000000;166,1368500000;
;3;973;97305;1;1;1.0;3.0;4,9246190000; -52,3896630000;
;1;62;62473;2;3;1.0;3.0;50,6164710000;2,4720470000;
;1;74;74163;1;1;1.0;6.0;46,3194810000;6,4238740000;
;1;41;41085;1;1;2.0;6.0;47,6638470000;1,6950430000;
;1;04;04126;1;1;1.0;7.0;44,4122680000;6,3417240000;
;1;18;18285;1;1;1.0;6.0;47,0136130000;2,2244420000;
;1;51;51282;2;1;1.0;2.0;49,2510380000;3,9124900000;
;1;48;48198;2;1;1.0;7.0;44,4445890000;3,9305520000;
;1;67;67436;1;1;1.0;1.0;48,3911630000;7,1302770000;
;1;84;84129;1;1;1.0;1.0;44,0063280000;4,9053760000;
;1;79;79207;1;1;7.0;7.0;46,9043370000; -0,7319790000;
;2;05;05097;2;1;1.0;6.0;44,3148670000;5,7048230000;
;1;2A;2A330;1;1;1.0;3.0;42,0502010000;8,9778040000;
;1;71;71176;2;1;1.0;6.0;46,4891520000;3,9952580000;
;1;2B;2B049;1;1;1.0;7.0;42,5188370000;8,6969500000;
;1;61;61079;1;3;1.0;3.0;48,1997620000;0,7856140000;
;1;26;26129;1;3;1.0;1.0;45,0514080000;5,1781550000;
;1;61;61339;1;1;1.0;7.0;48,7594060000; -0,2510170000;
;1;42;42266;1;1;1.0;3.0;45,4245660000;4,0488590000;
;1;01;01213;1;2;1.0;3.0;45,9230130000;5,2718600000;
;2;46;46128;2;1;1.0;6.0;44,7715230000;1,7166460000;
;1;01;01185;2;1;1.0;6.0;45,9730020000;5,5847670000;
;1;41;41280;1;1;1.0;3.0;47,3088340000;1,7650250000;
;3;33;33051;1;1;1.0;6.0;44,6529020000; -0,9001490000;
;3;34;34012;1;1;1.0;7.0;43,7001701647;3,6745389873;
;3;33;33229;1;6;1.0;6.0;44,7784080000; -1,0186330000;
;1;02;02179;2;1;1.0;3.0;49,2544730000;3,6226290000;
;1;50;50445;1;1;1.0;2.0;49,2383330000; -1,2632940000;
;1;15;15092;2;1;1.0;2.0;45,4137560000;2,5044110000;
;1;01;01094;1;1;1.0;3.0;46,4420834515;4,9796283245;
;3;14;14180;1;1;1.0;6.0;48,8587860000; -0,2297040000;
;3;50;50185;1;1;1.0;6.0;48,8433140000; -1,2618350000;
;1;60;60145;1;1;1.0;1.0;49,3497300000;3,0232570000;
;3;60;60513;2;1;1.0;6.0;49,2071540000;2,3740390000;
;1;60;60405;2;1;9.0;6.0;49,6735940000;1,8170600000;
;3;13;13106;1;1;1.0;2.0;43,3907470000;5,3512120000;
;1;16;16198;1;2;7.0;3.0;45,5024070000;0,2677170000;
;1;13;13211;1;1;1.0;3.0;43,2880800000;5,4414700000;
;1;53;53077;2;3;1.0;3.0;47,9482230000; -0,9095530000;
;2;27;27149;1;1;9.0;6.0;49,1137280000;0,4233380000;
;1;91;91689;1;1;1.0;4.0;48,7388500000;2,3197300000;
;5;30;30274;2;1;1.0;6.0;44,1734870000;4,1083870000;
;1;91;91340;1;1;1.0;7.0;48,6088000000;2,4355000000;
;1;48;48074;1;1;1.0;6.0;44,2035580000;3,3379550000;
;3;08;08082;1;1;1.0;7.0;49,3357850000;4,7488510000;
;3;91;91174;1;1;1.0;2.0;48,6223000000;2,4648000000;
;1;973;97307;2;3;1.0;3.0;4,8987400000; -52,3374080000;
;1;78;78498;1;1;1.0;2.0;48,9104130000;2,0053380000;
;2;42;42256;1;1;1.0;6.0;45,5094203717;4,1603454351;
;1;49;49298;1;1;7.0;1.0;47,4694140000; -0,6857790000;
;1;92;92019;1;1;1.0;2.0;48,7762151839;2,2331689808;
;1;11;11262;1;1;1.0;2.0;43,1720710000;3,0211540000;
;1;93;93066;1;1;1.0;2.0;48,9260700000;2,3378610000;
;1;13;13051;1;1;1.0;2.0;43,5910070000;5,1840020000;
;1;77;77249;1;1;1.0;7.0;48,7388952522;2,6128903609;
;1;77;77065;1;1;1.0;2.0;48,4613120000;2,5170170000;
;1;973;97304;1;1;3.0;7.0;5,1222905116; -52,8132748604;
;1;94;94018;1;1;1.0;6.0;48,8173700000;2,4187400000;
;2;973;97305;1;1;1.0;1.0;4,9322090000; -52,4004080000;
;1;972;97230;2;1;1.0;7.0;14,7612250000; -60,9153860000;
;1;75;75112;1;1;1.0;3.0;48,8195050000;2,4587480000;
;1;54;54184;2;1;1.0;6.0;48,7086719309;6,2381315231;
;1;77;77508;1;1;1.0;3.0;48,8160060000;2,8498360000;
;1;91;91228;1;1;1.0;7.0;48,6294030000;2,4403980000;
;1;988;98818;2;2;1.0;7.0; -22,2753700000;166,4438200000;
;1;2B;2B134;2;1;1.0;3.0;42,6323330000;8,9421360000;
;1;976;97611;2;1;1.0;6.0; -12,8062300000;45,2060400000;
;3;2A;2A247;1;1;1.0;1.0;41,6230140000;9,2880820000;
;3;974;97416;1;1;1.0;3.0; -21,3081600000;55,4986100000;
;4;973;97302;2;1;1.0;3.0;4,9276600000; -52,2916700000;
;1;34;34157;1;1;1.0;6.0;43,4564940000;3,5948150000;
;1;69;69387;2;1;1.0;3.0;45,7411206146;4,8563458009;
;5;972;97209;1;1;2.0;7.0;14,6404700000; -61,0417500000;
;1;84;84122;1;1;7.0;1.0;44,0921930000;4,9582890000;
;5;971;97120;2;2;1.0;3.0;16,2368021840; -61,5321815014;
;5;2A;2A004;2;4;1.0;3.0;41,9320500000;8,7406800000;
;1;91;91691;2;2;1.0;3.0;48,6965600000;2,4805700000;
;5;83;83129;2;3;1.0;3.0;43,0964348727;5,8126362562;
;2;78;78299;2;3;4.0;2.0;49,0095900000;1,9020500000;
;1;59;59410;2;1;1.0;3.0;50,6383727165;3,1012816429;
;1;59;59009;2;1;1.0;6.0;50,6436830000;3,1357900000;
;1;51;51573;2;1;1.0;2.0;49,2454715294;3,9920872450;
;1;51;51454;2;1;1.0;4.0;49,2798500000;4,0081700000;
;1;49;49007;2;1;7.0;6.0;47,4434500000; -0,5623700000;
;5;49;49267;2;1;1.0;7.0;47,4680500000; -0,5044600000;
;3;44;44109;2;1;1.0;3.0;47,2461100000; -1,4995500000;
;1;44;44109;2;6;1.0;3.0;47,2338540000; -1,5359160000;
;3;42;42316;2;6;8.0;7.0;45,4080119303;4,2545762211;
;3;35;35055;1;1;1.0;2.0;48,0937167896; -1,6239742935;
;1;34;34172;2;1;1.0;6.0;43,6242789665;3,8166071089;
;3;33;33529;1;1;1.0;6.0;44,6036770000; -1,1699210000;
;5;26;26281;2;3;1.0;3.0;45,0434280000;5,0611230000;
;5;18;18279;2;2;1.0;3.0;47,2242830000;2,0679670000;
;5;42;42044;2;2;1.0;5.0;45,3968100000;4,2964700000;
;5;38;38151;2;1;1.0;1.0;45,1526100000;5,7184900000;
;1;38;38185;2;1;1.0;3.0;45,1751000000;5,7256900000;
;1;35;35238;1;1;8.0;2.0;48,0827792311; -1,6978441292;
;5;31;31555;2;3;1.0;3.0;43,5857300000;1,4556500000;
;5;28;28085;2;1;2.0;2.0;48,4418900000;1,4906300000;
;5;27;27229;2;1;1.0;7.0;49,0086377000;1,1578497000;
;3;26;26362;1;9;1.0;6.0;44,9032100000;4,8853100000;
;1;26;26057;2;2;8.0;4.0;45,0128300000;5,0386500000;
;5;17;17415;1;6;1.0;6.0;45,7244700000; -0,6402400000;
;2;14;14118;2;1;2.0;1.0;49,1813290000; -0,3567810000;
;1;13;13214;2;1;1.0;3.0;43,3393500000;5,3910900000;
;5;13;13208;2;1;1.0;1.0;43,2746600000;5,3947600000;
;1;11;11069;2;2;1.0;2.0;43,2070550000;2,3117180000;
;1;11;11069;2;1;1.0;3.0;43,2072600000;2,3806700000;
;1;06;06088;1;1;1.0;6.0;43,6880210000;7,3065560000;
;1;05;05061;2;1;1.0;7.0;44,5661500000;6,0836300000;
;5;75;75116;2;1;1.0;3.0;48,8743640000;2,2759550000;
;1;75;75116;2;1;1.0;4.0;48,8627610000;2,2651500000;
;1;75;75113;2;1;1.0;3.0;48,8179160000;2,3520350000;
;5;75;75113;2;1;1.0;3.0;48,8183970000;2,3693470000;
;1;75;75120;2;1;1.0;3.0;48,8747450000;2,4105430000;
;1;75;75117;2;1;2.0;5.0;48,8926100000;2,3024620000;
;5;75;75114;2;1;1.0;3.0;48,8354750000;2,3218520000;
;1;75;75120;2;2;1.0;3.0;48,8489480000;2,4065950000;
;1;75;75118;2;1;1.0;6.0;48,8841460000;2,3536060000;
;1;75;75116;2;3;1.0;2.0;48,8613930000;2,2301270000;
;1;75;75115;2;2;1.0;3.0;48,8476930000;2,2841350000;
;1;75;75114;2;3;1.0;6.0;48,8356760000;2,3249500000;
;5;75;75111;2;3;1.0;3.0;48,8532760000;2,3785080000;
;5;75;75111;2;2;1.0;3.0;48,8662850000;2,3674210000;
;1;75;75109;2;5;1.0;3.0;48,8729460000;2,3332960000;
;1;75;75108;2;2;1.0;6.0;48,8718830000;2,3011280000;
;5;75;75107;2;1;1.0;6.0;48,8616760000;2,3222980000;
;1;94;94081;2;1;1.0;6.0;48,7914970000;2,3903990000;
;1;94;94058;2;3;1.0;6.0;48,8369500000;2,4959300000;
;5;94;94004;2;2;1.0;3.0;48,7516900000;2,5335700000;
;5;93;93027;2;2;1.0;3.0;48,9217610000;2,3833830000;
;5;93;93010;2;3;1.0;6.0;48,9004590000;2,4764820000;
;5;93;93008;2;1;1.0;3.0;48,9008500000;2,4267400000;
;5;92;92012;2;2;1.0;2.0;48,8345874309;2,2420156002;
;3;12;12140;1;1;1.0;6.0;44,3263620000;1,9085260000;
;1;38;38238;1;1;1.0;2.0;45,5054780000;5,0131130000;
;1;84;84088;2;1;1.0;7.0;43,9943100000;5,0544570000;
;3;22;22234;1;1;2.0;2.0;48,4816690000; -2,9480910000;
;1;95;95487;2;1;3.0;3.0;49,1536360000;2,2727430000;
;5;06;06161;2;1;1.0;1.0;43,6554480000;7,1242450000;
;1;36;36247;1;1;1.0;3.0;46,8962187097;1,6312638620;
;3;31;31266;1;1;1.0;6.0;43,4384930000;1,0919380000;
;3;972;97227;1;1;8.0;1.0;14,4692250000; -60,9180580000;
;1;46;46329;1;2;1.0;6.0;44,3103180000;1,6290160000;
;3;62;62361;2;3;2.0;6.0;50,2690140000;2,2961760000;
;1;40;40307;1;1;1.0;6.0;44,3246540000; -0,6801280000;
;1;57;57534;2;1;1.0;7.0;49,0717971938;6,2276776135;
;3;51;51165;1;1;8.0;7.0;48,7381553810;3,9449762106;
;5;51;51056;2;1;1.0;7.0;48,6107550000;3,6141310000;
;3;59;59226;1;1;1.0;6.0;50,1341490000;4,0066090000;
;1;19;19124;1;6;1.0;7.0;45,1528050000;1,3735910000;
;1;76;76560;1;1;3.0;7.0;49,4124880000;1,1734560000;
;3;79;79066;1;1;2.0;1.0;46,4670100000; -0,3986410000;
;1;11;11397;2;1;1.0;3.0;43,2048900000;2,4305600000;
;5;71;71464;2;1;8.0;1.0;46,8780590000;4,6017640000;
;1;63;63031;1;1;1.0;7.0;45,4578150040;3,3008430898;
;1;42;42185;1;1;1.0;2.0;45,5935980000;4,2539190000;
;1;34;34245;2;3;1.0;1.0;43,4205020000;2,9474260000;
;3;22;22229;1;1;2.0;3.0;48,2760620000; -3,2619690000;
;3;39;39211;1;1;1.0;6.0;46,9011930000;5,4246800000;
;1;39;39159;1;1;8.0;6.0;46,8849910000;5,5805160000;
;3;44;44013;1;6;2.0;6.0;47,3919940000; -2,1005560000;
;5;44;44012;2;1;2.0;3.0;47,0966850000; -2,0464990000;
;3;29;29024;1;1;3.0;6.0;48,2713110000; -3,5873790000;
;2;31;31308;1;1;1.0;2.0;43,0092330000;0,6199820000;
;1;31;31308;1;1;7.0;1.0;43,0085030000;0,6210540000;
;1;70;70326;1;1;1.0;7.0;47,4528830000;6,0780790000;
;3;54;54295;1;1;1.0;2.0;49,3089080000;5,8132840000;
;1;43;43113;1;1;1.0;7.0;45,0026280000;4,0288410000;
;1;53;53018;1;2;2.0;3.0;47,9072090000; -1,0560610000;
;1;53;53039;1;1;3.0;1.0;48,1596300000; -0,9821390000;
;3;21;21399;1;2;8.0;3.0;47,2096350000;4,5553670000;
;1;40;40194;1;1;1.0;3.0;43,7080320000; -0,8211870000;
;3;52;52529;1;1;5.0;5.0;47,7443950000;5,3052700000;
;1;33;33284;1;1;1.0;6.0;44,6261680000; -0,9565290000;
;1;973;97360;1;1;1.0;7.0;5,1636190000; -54,3342700000;
;1;17;17379;1;1;1.0;7.0;45,5120950000; -0,6125310000;
;1;973;97305;2;1;1.0;1.0;5,0129710000; -52,4725060000;
;1;971;97117;2;1;1.0;5.0;16,3158660000; -61,3449850000;
;2;77;77474;1;1;8.0;2.0;48,9587080000;2,8219370000;
;3;34;34249;1;1;1.0;7.0;43,7203730000;3,9883990000;
;1;13;13022;1;1;1.0;7.0;43,2228670000;5,5497800000;