Num_Acc;lum;departement;commune;agglomeration;intersection;meteo;type_collision;lat;long;date
;2;16;16089;2;1;1.0;6.0;45,6841374281; -0,3036072850;
;1;78;78624;2;1;1.0;3.0;49,0001410000;2,0099550000;
;1;77;77373;2;3;1.0;3.0;48,7935700000;2,6083400000;
;5;13;13215;2;1;1.0;2.0;43,3529800000;5,3533100000;
;1;13;13002;2;1;1.0;2.0;43,3382937378;5,4838452170;
;1;69;69259;2;9;1.0;3.0;45,6969600000;4,8877700000;
;5;64;64125;2;1;1.0;6.0;43,4369100000; -1,5924400000;
;1;13;13204;2;3;1.0;6.0;43,2986900000;5,4012300000;
;1;64;64024;2;1;1.0;3.0;43,4935900000; -1,5016000000;
;1;64;64024;2;3;1.0;3.0;43,4986800000; -1,5430600000;
;1;10;10387;2;3;8.0;3.0;48,3054000000;4,0525000000;
;1;64;64024;2;1;1.0;7.0;43,4894300000; -1,5228600000;
;1;06;06088;2;2;1.0;6.0;43,6779660000;7,2287270000;
;1;75;75111;2;5;1.0;6.0;48,8659698669;2,3708555102;
;3;62;62503;1;1;1.0;6.0;50,8553900000;1,7297700000;
;1;06;06069;2;1;1.0;6.0;43,6441350000;6,9451770000;
;5;75;75111;2;2;1.0;3.0;48,8577740625;2,3709064722;
;2;59;59421;2;2;1.0;3.0;50,7019600000;3,1522900000;
;1;51;51454;2;1;1.0;7.0;49,2388000000;4,0213900000;
;1;75;75109;2;7;8.0;3.0;48,8731787595;2,3314914107;
;1;50;50218;1;1;1.0;6.0;48,8282300000; -1,5435000000;
;1;06;06027;2;1;1.0;3.0;43,6546420000;7,1514870000;
;1;94;94067;2;1;1.0;3.0;48,8340700000;2,4138000000;
;3;49;49015;2;1;1.0;2.0;47,5016500000; -0,6206400000;
;1;94;94080;2;2;1.0;3.0;48,8488300000;2,4549600000;
;1;37;37233;2;1;1.0;6.0;47,3863900000;0,7156100000;
;1;75;75112;2;1;1.0;5.0;48,8359910000;2,4120530000;
;1;94;94078;2;3;8.0;3.0;48,7531400000;2,4521500000;
;1;94;94003;2;1;1.0;3.0;48,8074000000;2,3345900000;
;1;34;34108;2;3;1.0;3.0;43,4550400000;3,7610800000;
;1;33;33529;2;6;1.0;7.0;44,6467399453; -1,1578398943;
;3;94;94028;2;2;1.0;3.0;48,7801840000;2,4377300000;
;1;31;31555;2;1;1.0;2.0;43,5700738671;1,4125531912;
;5;75;75111;2;7;2.0;3.0;48,8665170000;2,3648140000;
;1;31;31555;2;1;1.0;2.0;43,6579600000;1,4355700000;
;5;93;93078;2;5;1.0;3.0;48,9575300000;2,5451700000;
;1;27;27681;2;9;1.0;6.0;49,0759474074;1,4893716574;
;1;93;93066;2;1;8.0;6.0;48,9446000000;2,3541000000;
;1;27;27375;2;1;1.0;6.0;49,2150500000;1,1629600000;
;1;93;93066;2;1;1.0;6.0;48,9379021445;2,3609656887;
;3;26;26198;2;1;1.0;1.0;44,5394410000;4,7614860000;
;2;75;75120;2;2;1.0;3.0;48,8649620000;2,3955460000;
;1;16;16089;1;1;1.0;7.0;45,6663300000; -0,3027100000;
;1;93;93066;2;2;1.0;3.0;48,9192400000;2,3544700000;
;1;13;13203;2;1;1.0;1.0;43,3115600000;5,3785600000;
;2;75;75119;2;5;8.0;5.0;48,8787980000;2,4015410000;
;1;93;93010;2;1;1.0;6.0;48,9035600000;2,4775900000;
;3;13;13047;2;1;1.0;1.0;43,4988800000;4,9785300000;
;1;92;92046;2;1;8.0;6.0;48,8214300000;2,2983400000;
;1;75;75116;2;3;2.0;3.0;48,8552350000;2,2632620000;
;1;13;13063;2;1;1.0;3.0;43,5917200000;5,0032700000;
;1;92;92051;2;1;1.0;2.0;48,8803874365;2,2744134664;
;2;75;75117;2;3;1.0;3.0;48,8789930000;2,3024130000;
;1;11;11069;2;1;1.0;2.0;43,2165200000;2,3531200000;
;1;92;92044;2;4;1.0;6.0;48,8992766629;2,2934638560;
;1;11;11069;2;1;1.0;6.0;43,2149200000;2,3534000000;
;1;75;75114;2;1;1.0;6.0;48,8214750000;2,3339230000;
;1;10;10343;2;1;1.0;6.0;48,2768240672;4,0965378284;
;5;75;75114;2;7;1.0;7.0;48,8382120000;2,3174090000;
;5;92;92024;2;1;1.0;3.0;48,9127700000;2,3112000000;
;1;09;09225;1;1;1.0;7.0;43,1377100000;1,6133000000;
;1;75;75111;2;3;1.0;6.0;48,8641810000;2,3802410000;
;1;92;92024;2;3;1.0;6.0;48,9068689646;2,3025538623;
;1;09;09122;2;9;1.0;1.0;42,9643650000;1,6104120000;
;1;92;92002;2;1;1.0;6.0;48,7571781972;2,3027791679;
;1;07;07186;2;1;1.0;1.0;44,7236900000;4,6005500000;
;5;75;75111;2;2;2.0;3.0;48,8566870000;2,3792650000;
;1;51;51224;1;1;1.0;7.0;48,6980894231;4,6871066093;
;1;04;04112;2;1;1.0;6.0;43,8202100000;5,7947000000;
;1;75;75109;2;3;1.0;6.0;48,8805620000;2,3288150000;
;1;974;97422;2;1;7.0;6.0; -21,2830330000;55,5219030000;
;5;75;75120;2;1;1.0;3.0;48,8509950000;2,4152130000;
;1;972;97229;2;1;1.0;6.0;14,6369980000; -61,0977490000;
;2;75;75115;2;4;1.0;6.0;48,8350050000;2,2673580000;
;1;75;75108;2;3;8.0;3.0;48,8754390000;2,3239030000;
;2;01;01173;2;1;1.0;6.0;46,3355400000;6,0574120000;
;5;75;75118;2;1;1.0;6.0;48,9008470000;2,3344370000;
;2;75;75108;2;3;8.0;1.0;48,8690350000;2,3147690000;
;5;75;75105;2;7;1.0;3.0;48,8442360000;2,3647730000;
;5;75;75107;2;2;1.0;3.0;48,8503640000;2,3068050000;
;1;59;59194;1;1;1.0;4.0;50,1980733129;3,6397410494;
;1;93;93072;2;1;1.0;3.0;48,9508210297;2,3873479358;
;1;75;75117;2;1;1.0;3.0;48,8897480000;2,2997870000;
;5;75;75107;2;3;2.0;7.0;48,8557390000;2,3076510000;
;1;75;75113;2;1;1.0;6.0;48,8313780000;2,3622400000;
;3;56;56149;1;1;2.0;1.0;47,5657840000; -2,4345450000;
;5;75;75110;2;2;1.0;3.0;48,8748050000;2,3573900000;
;1;82;82079;2;1;1.0;6.0;43,9145770000;1,3791760000;
;1;93;93072;2;6;1.0;3.0;48,9589600000;2,3814500000;
;5;94;94011;2;9;2.0;6.0;48,7745500000;2,4899700000;
;3;33;33314;1;1;2.0;6.0;45,1926230000; -0,7708670000;
;5;93;93066;2;1;1.0;2.0;48,9267168030;2,3519831147;
;5;94;94077;2;2;2.0;5.0;48,7377740000;2,4080180000;
;1;93;93055;2;1;1.0;6.0;48,9011292563;2,4121751484;
;1;89;89150;2;1;1.0;6.0;47,7935710000;3,3659670000;
;5;93;93072;2;3;1.0;3.0;48,9564300000;2,3950000000;
;3;61;61507;1;6;1.0;6.0;48,5464730000;0,5740680000;
;5;93;93029;2;3;1.0;3.0;48,9206839228;2,4496296232;
;3;92;92064;2;1;2.0;3.0;48,8359200000;2,2219500000;
;5;93;93008;2;3;1.0;6.0;48,9091094173;2,4489979586;
;2;92;92063;2;1;1.0;3.0;48,8735669916;2,2015818357;
;1;61;61462;2;6;1.0;3.0;48,7291460000; -0,0392380000;
;4;92;92062;2;1;1.0;2.0;48,8882512973;2,2418635189;
;1;92;92050;2;3;1.0;6.0;48,8940855373;2,2271025181;
;1;46;46251;2;3;1.0;3.0;44,8557210000;1,8773000000;
;5;92;92024;2;2;1.0;3.0;48,9000274463;2,3062225878;
;1;92;92036;2;3;1.0;3.0;48,9208300000;2,3177500000;
;5;92;92002;2;1;1.0;6.0;48,7596226116;2,3057997376;
;3;47;47188;1;1;1.0;1.0;44,5740000000;0,4549620000;
;1;92;92002;2;1;1.0;6.0;48,7355390361;2,3056540936;
;1;92;92036;2;3;1.0;3.0;48,9211800000;2,2951200000;
;3;03;03250;1;1;1.0;2.0;46,2191580000;3,7734600000;
;1;35;35333;1;1;1.0;3.0;47,8998260000; -1,4056170000;
;1;92;92036;2;1;1.0;6.0;48,9365400000;2,3038000000;
;1;06;06012;1;9;1.0;7.0;43,7561860000;7,4159000000;
;1;01;01450;1;2;1.0;1.0;45,9212140000;5,2339450000;
;1;92;92036;2;1;1.0;1.0;48,9351900000;2,2971600000;
;1;988;98810;1;1;1.0;7.0; -20,6769600000;164,4145900000;
;1;14;14260;1;3;1.0;3.0;49,1861490000;0,2994364000;
;1;974;97413;1;1;1.0;7.0; -21,2451860000;55,3173780000;
;1;92;92036;2;2;1.0;3.0;48,9208600000;2,3177100000;
;1;66;66021;2;1;1.0;3.0;42,7248770000;2,9368420000;
;1;05;05123;1;1;1.0;3.0;44,5462270000;5,9857460000;
;1;92;92036;2;1;1.0;2.0;48,9266380000;2,2941370000;
;3;51;51571;1;1;1.0;2.0;49,1812550000;4,2293930000;
;1;92;92036;2;2;1.0;3.0;48,9331900000;2,2941500000;
;1;51;51345;1;1;1.0;7.0;48,9669350000;3,7353300000;
;1;64;64256;2;1;1.0;2.0;43,3818461649; -1,3149261475;
;5;2A;2A006;1;1;1.0;1.0;41,9684540000;8,7791240000;
;1;92;92036;2;3;1.0;3.0;48,9337584734;2,3133966922;
;3;2B;2B346;1;1;1.0;7.0;42,5189440000;9,4676940000;
;1;73;73032;1;1;1.0;6.0;45,6266401366;6,4452665085;
;1;92;92012;2;1;1.0;6.0;48,8389609290;2,2400055528;
;5;82;82115;2;1;1.0;6.0;43,9926620000;1,5657770000;
;1;65;65017;1;1;4.0;6.0;42,7872440000;0,2413240000;
;2;63;63406;1;1;1.0;6.0;45,9545730000;3,2095530000;
;1;18;18209;1;3;1.0;4.0;46,6847050000;2,4647070000;
;1;60;60403;1;1;1.0;1.0;49,4936500000;2,0277500000;
;1;61;61096;2;1;1.0;6.0;48,5129510000; -0,4152600000;
;3;49;49138;1;1;1.0;7.0;47,4300690000; -0,1234510000;
;1;85;85020;1;1;1.0;3.0;46,3662980000; -0,5637790000;
;1;86;86171;1;1;1.0;1.0;46,2671760000;0,6975400000;
;3;41;41237;1;1;1.0;6.0;47,4005640000;1,4530530000;
;2;68;68215;2;2;1.0;2.0;47,6198470000;7,0227210000;
;1;31;31269;2;1;1.0;3.0;43,4775100000;1,2564010000;
;1;49;49301;1;2;1.0;3.0;47,1275710000; -1,0511360000;
;1;63;63093;1;1;1.0;6.0;45,9930534550;3,0220207572;
;1;39;39367;1;1;5.0;1.0;46,5795180000;6,0527720000;
;1;76;76648;1;2;1.0;7.0;49,6550020000;1,2723650000;
;2;44;44084;2;1;1.0;1.0;47,2424420000; -1,3424860000;
;1;67;67173;2;6;1.0;3.0;48,6217190000;7,6895820000;
;5;35;35095;2;6;1.0;2.0;48,5495510000; -1,7566590000;
;1;35;35179;1;1;7.0;7.0;48,5385770000; -1,9172400000;
;1;86;86158;1;1;1.0;2.0;46,6337560000;0,3521390000;
;1;29;29095;1;3;1.0;3.0;48,4592410000; -4,3644260000;
;1;41;41136;1;1;1.0;4.0;47,7243140000;1,4955140000;
;3;29;29195;1;1;1.0;7.0;48,5993380000; -4,5113420000;
;3;38;38170;1;1;1.0;6.0;45,2406300000;5,6597190000;
;3;29;29085;2;6;1.0;6.0;47,8584240663; -4,1590560973;
;5;971;97109;1;1;1.0;3.0;15,9994300000; -61,7015040000;
;1;971;97116;1;1;1.0;3.0;16,3257820000; -61,4768310000;
;1;03;03084;2;2;1.0;3.0;46,4782150000;2,8362110000;
;2;84;84091;1;1;1.0;2.0;44,1868430000;4,7487440000;
;1;15;15246;2;1;4.0;6.0;45,2694750000;2,6053450000;
;1;72;72029;2;9;1.0;6.0;48,2288070000;0,1347650000;
;1;62;62734;1;1;1.0;1.0;50,2897250000;3,0134180000;
;1;64;64081;1;1;2.0;7.0;43,1346662012; -0,9554886818;
;3;73;73188;1;1;1.0;3.0;45,6304850000;6,3447010000;
;1;66;66050;2;1;1.0;1.0;42,7739350000;2,9168430000;
;1;83;83112;2;6;1.0;2.0;43,1834160000;5,6914540000;
;3;43;43114;1;3;4.0;3.0;45,1683210000;4,2336420000;
;1;79;79016;1;1;1.0;1.0;46,8083430000; -0,0195260000;
;3;16;16175;1;9;1.0;2.0;45,5450940000; -0,0361560000;
;5;27;27413;2;1;1.0;6.0;49,2960310000;0,6633570000;
;1;63;63348;1;2;1.0;3.0;45,5087680000;3,5040160000;
;1;17;17347;2;9;1.0;6.0;45,9412760000; -0,5188200000;
;1;55;55445;1;1;1.0;6.0;49,3704560000;5,6349300000;
;2;13;13066;1;1;1.0;1.0;43,8721788328;4,9212528709;
;3;72;72058;1;1;1.0;2.0;48,0043950000;0,3062440000;
;1;25;25482;1;3;9.0;3.0;47,2693070000;5,8192080000;
;1;38;38052;1;1;1.0;3.0;45,1151170000;5,9989640000;
;3;67;67433;1;1;1.0;6.0;48,3796182002;7,6004576683;
;2;42;42254;1;1;2.0;2.0;45,8433080000;4,1638400000;
;1;38;38323;1;1;1.0;7.0;45,5344310000;5,6080810000;
;1;42;42290;1;2;1.0;3.0;45,5733430000;4,0877480000;
;1;72;72096;1;1;1.0;6.0;48,0285090000; -0,0085400000;
;1;02;02554;1;2;1.0;3.0;49,0275420000;3,4094100000;
;2;06;06088;1;1;1.0;3.0;43,7287940000;7,2343900000;
;3;02;02360;1;1;1.0;2.0;49,4492110000;3,9676520000;
;1;81;81283;1;1;1.0;7.0;43,9405200000;1,9628250000;
;3;86;86280;1;1;1.0;2.0;46,9566170000;0,5493620000;
;2;01;01265;1;1;1.0;7.0;46,1924060000;5,5820420000;
;1;58;58145;1;1;1.0;6.0;47,2687540000;3,8191330000;
;1;58;58221;1;1;1.0;7.0;46,8059750000;3,8172230000;
;1;58;58134;2;1;1.0;7.0;46,9289900000;3,2611640000;
;2;22;22182;1;1;1.0;5.0;48,5313204513; -2,9295673631;
;1;24;24405;1;1;1.0;6.0;44,9128970000;0,6683420000;
;1;05;05054;2;3;1.0;3.0;44,6750500000;6,0715660000;
;1;971;97128;1;1;1.0;6.0;16,2703490000; -61,3740060000;
;1;50;50388;1;1;1.0;6.0;49,0047890000; -1,4887490000;
;1;971;97110;1;1;1.0;6.0;16,3097190000; -61,0715010000;
;1;50;50031;2;1;1.0;7.0;49,3664100000; -1,7693250000;
;1;85;85097;1;3;7.0;3.0;46,9158200000; -1,0470950000;
;3;977;97701;2;1;1.0;7.0;17,9004030000; -62,8254680000;
;2;60;60513;1;1;1.0;1.0;49,1906230000;2,3643140000;
;1;18;18266;1;1;1.0;6.0;46,6992150000;2,2014230000;
;1;37;37003;2;2;1.0;3.0;47,4103896568;0,9796714783;
;1;13;13211;1;1;1.0;2.0;43,2868300000;5,4348200000;
;2;77;77420;2;3;1.0;6.0;49,0331800000;2,6988440000;
;1;36;36128;1;1;1.0;3.0;46,8387900000;1,7325000000;
;3;95;95489;2;1;1.0;1.0;49,0209600000;2,3533700000;
;3;24;24055;1;1;1.0;6.0;45,3212240000;0,5643370000;
;1;91;91207;2;1;1.0;6.0;48,5789360000;2,2401040000;
;1;83;83144;1;1;1.0;3.0;43,1408933526;6,0015656948;
;1;85;85197;1;1;1.0;6.0;46,8902980000; -1,3875070000;
;3;83;83151;1;1;1.0;6.0;43,4297360000;6,1237140000;
;1;28;28280;2;1;1.0;2.0;48,3257190000;0,8064170000;
;1;05;05119;1;1;1.0;6.0;44,6317110000;6,6299270000;
;3;69;69199;1;1;1.0;4.0;45,6905300000;4,8457000000;
;1;87;87111;1;1;1.0;1.0;45,7602780000;0,9009430000;
;1;89;89390;1;1;1.0;2.0;48,3333890000;3,2119800000;
;3;30;30106;1;1;9.0;1.0;43,9804900000;3,9293450000;
;1;71;71150;2;1;1.0;3.0;46,2524490000;4,7905490000;
;1;30;30193;2;1;1.0;6.0;43,8703340000;4,2126990000;
;5;33;33192;1;1;1.0;2.0;44,7887700000; -0,6018800000;
;5;67;67101;2;6;1.0;1.0;48,5231600000;7,5045310000;
;3;03;03297;1;1;1.0;6.0;46,5183130000;2,5781040000;
;1;33;33249;1;1;1.0;4.0;44,8731000000; -0,5066700000;
;1;57;57160;2;1;1.0;1.0;49,1867600000;6,6989890000;
;3;82;82037;1;1;1.0;2.0;44,1719975411;1,5285701662;
;2;26;26347;2;3;1.0;6.0;45,0704390000;4,8470870000;
;5;971;97103;2;6;1.0;7.0;16,2602870000; -61,5883680000;
;1;01;01211;1;1;1.0;6.0;46,1017260000;5,1895380000;
;3;91;91471;1;1;1.0;2.0;48,7120400000;2,1830000000;
;2;971;97114;1;2;1.0;3.0;16,1114720000; -61,5738740000;
;2;69;69289;2;1;2.0;1.0;45,6689450000;5,0012250000;
;1;13;13025;1;1;1.0;6.0;43,4891170000;5,5548170000;
;1;31;31395;2;6;1.0;6.0;43,4675460000;1,3279990000;
;2;91;91589;1;1;8.0;2.0;48,6794400000;2,3337700000;
;1;77;77453;1;1;7.0;7.0;48,5466710000;2,7285580000;
;3;33;33012;1;1;1.0;6.0;45,0002070000; -0,6529190000;
;1;29;29103;2;1;1.0;6.0;48,4530675480; -4,2481327055;
;3;30;30332;1;1;1.0;7.0;44,0660000000;3,3864070000;
;3;95;95154;1;1;1.0;2.0;49,0434052650;2,5441181660;
;5;22;22364;2;1;1.0;6.0;48,4419780000; -2,0735300000;
;1;06;06157;2;1;1.0;3.0;43,7244440000;7,0896360000;
;1;60;60139;1;1;8.0;2.0;49,1882670000;2,2349020000;
;2;94;94015;1;1;1.0;4.0;48,8319200000;2,5319300000;
;1;13;13004;1;4;1.0;6.0;43,4708840000;4,7065820000;
;1;13;13215;1;1;1.0;2.0;43,3601300000;5,3619800000;
;1;83;83137;1;1;1.0;2.0;43,1326560000;5,9824690000;
;1;77;77146;1;1;1.0;3.0;48,8322791340;2,6562405846;
;1;55;55122;2;6;1.0;6.0;48,7542900000;5,5988160000;
;3;69;69081;1;1;1.0;5.0;45,7780300000;4,7810200000;
;1;74;74290;1;4;1.0;3.0;46,0217080000;6,9187850000;
;1;69;69057;1;1;1.0;1.0;45,7752610000;4,5884230000;
;1;94;94069;1;1;1.0;4.0;48,8172000000;2,4308000000;
;1;79;79049;1;1;7.0;7.0;46,8952020000; -0,4956190000;
;1;85;85300;1;6;1.0;7.0;46,6495294524; -1,5121811628;
;1;60;60057;2;1;1.0;7.0;49,4275800000;2,0829800000;
;1;33;33080;1;1;2.0;4.0;44,7260800000; -0,5272100000;
;1;92;92050;1;1;1.0;2.0;48,9181389775;2,2227648260;
;1;92;92036;2;2;1.0;6.0;48,9243440000;2,2996460000;
;1;50;50601;1;3;7.0;3.0;48,9832240000; -0,9542980000;
;4;93;93027;1;1;2.0;6.0;48,9287700000;2,4147500000;
;3;29;29042;1;1;1.0;6.0;48,2235860000; -4,5375250000;
;5;92;92036;1;1;2.0;6.0;48,9492003801;2,2806682438;
;1;69;69383;2;1;1.0;3.0;45,7486700000;4,8793400000;
;1;94;94018;1;1;1.0;2.0;48,8205076244;2,4018322324;
;1;972;97213;1;1;1.0;2.0;14,6184750526; -61,0211205485;
;1;27;27448;2;1;1.0;2.0;49,0235780000;1,3770510000;
;1;77;77083;1;1;1.0;2.0;48,8332151948;2,5944228581;
;3;59;59602;1;1;1.0;6.0;50,6112156824;3,1877812743;
;3;77;77121;1;1;1.0;2.0;48,8319180000;2,6627920000;
;1;69;69276;1;1;1.0;3.0;45,6691196551;4,8458611965;
;1;42;42183;1;9;1.0;2.0;45,4041900000;4,3754800000;
;2;75;75110;2;3;1.0;6.0;48,8812960000;2,3581400000;
;5;972;97213;1;1;2.0;6.0;14,6134100000; -61,0114900000;
;5;75;75120;2;2;2.0;6.0;48,8645590000;2,4072420000;
;1;33;33281;1;1;1.0;4.0;44,8501770823; -0,6675428152;
;5;75;75116;2;4;2.0;6.0;48,8618538986;2,2677487135;
;5;91;91097;2;1;1.0;6.0;48,6932070000;2,5425730000;
;5;33;33039;1;1;1.0;2.0;44,8004000000; -0,5353000000;
;1;75;75116;2;1;1.0;4.0;48,8419800000;2,2674710000;
;1;75;75115;2;1;1.0;3.0;48,8539440000;2,2895630000;
;1;91;91086;1;1;1.0;2.0;48,6235000000;2,3832400000;
;1;91;91433;2;3;1.0;7.0;48,4334560000;2,1820470000;
;1;75;75115;2;2;1.0;3.0;48,8493710000;2,2815700000;
;1;91;91689;1;1;1.0;4.0;48,7386300000;2,3182900000;
;5;75;75114;2;7;2.0;3.0;48,8374310000;2,3186360000;
;1;85;85191;2;6;1.0;6.0;46,6678900000; -1,4117900000;
;1;91;91161;1;1;1.0;5.0;48,6979200000;2,3143100000;
;5;75;75114;2;3;1.0;3.0;48,8280030000;2,3155050000;
;1;93;93005;1;1;1.0;6.0;48,9657704770;2,4759173748;
;5;75;75112;2;2;2.0;6.0;48,8439650912;2,4134892225;
;1;83;83137;2;1;1.0;3.0;43,1313700000;5,9050600000;
;1;75;75112;2;3;1.0;2.0;48,8393960000;2,3943610000;
;1;77;77249;1;1;1.0;2.0;48,7590485567;2,6156728365;
;5;75;75112;2;5;1.0;2.0;48,8344109518;2,4099487066;
;5;78;78401;2;2;1.0;3.0;49,0102450000;1,9038420000;
;1;77;77373;1;1;1.0;6.0;48,7896103118;2,6181025973;
;1;75;75110;2;5;1.0;6.0;48,8748180000;2,3573820000;
;1;75;75103;2;2;8.0;2.0;48,8632210000;2,3545620000;
;1;988;98818;2;3;1.0;4.0; -22,2525232525;166,4483910799;
;5;94;94081;2;1;1.0;3.0;48,7878090000;2,3760370000;
;5;94;94081;2;3;1.0;6.0;48,7904100000;2,3920300000;
;4;76;76540;2;1;1.0;2.0;49,4349000000;1,0738700000;
;1;94;94028;2;1;1.0;6.0;48,7945944350;2,4496550559;
;2;974;97416;1;9;1.0;4.0; -21,3171000000;55,4903000000;
;1;93;93073;1;9;8.0;2.0;48,9636950669;2,5588034450;
;1;76;76351;2;2;1.0;6.0;49,5003800000;0,1226100000;
;3;83;83117;1;1;1.0;6.0;43,5640210000;6,7092990000;
;1;974;97411;2;6;1.0;2.0; -20,9003500000;55,4837800000;
;1;93;93064;2;1;1.0;6.0;48,8681875250;2,4921160844;
;1;71;71306;2;1;1.0;1.0;46,6762400000;4,3734700000;
;3;83;83138;1;1;1.0;6.0;43,6000350000;6,6991280000;
;1;93;93061;2;2;1.0;6.0;48,8862800000;2,4071000000;
;1;973;97302;2;1;1.0;3.0;4,9308200000; -52,3055500000;
;1;06;06158;1;1;1.0;6.0;43,9414560000;7,0575770000;
;5;69;69266;2;1;1.0;6.0;45,7765984628;4,8747207775;
;2;69;69383;2;2;1.0;7.0;45,7601500000;4,8445200000;
;1;06;06011;2;1;1.0;7.0;43,7101490000;7,3306380000;
;2;93;93031;2;3;1.0;3.0;48,9543000000;2,3097100000;
;1;69;69282;2;1;1.0;7.0;45,7760300000;4,9959600000;
;1;69;69383;2;1;1.0;2.0;45,7569900000;4,8522600000;
;1;67;67263;2;1;1.0;7.0;48,9850480000;7,7603200000;
;1;68;68066;1;9;1.0;3.0;48,0680048661;7,3846433760;
;1;69;69081;2;1;1.0;2.0;45,7730000000;4,7912000000;
;1;93;93047;2;1;1.0;6.0;48,8977800000;2,5593300000;
;2;74;74145;2;1;1.0;1.0;46,2217530000;6,2944200000;
;1;971;97101;1;1;2.0;2.0;16,2597200000; -61,5083100000;
;1;67;67267;2;3;1.0;3.0;48,5509991162;7,6874712110;
;4;42;42132;2;1;1.0;6.0;45,3898270000;4,7453160000;
;1;971;97113;1;3;1.0;3.0;16,2177300000; -61,4305600000;
;2;67;67482;2;3;1.0;3.0;48,5899900000;7,7090700000;
;5;93;93005;2;1;2.0;6.0;48,9407708735;2,5005256405;
;1;971;97101;1;9;1.0;3.0;16,2614900000; -61,4991900000;
;1;38;38472;1;1;1.0;1.0;45,2913050000;5,7670230000;
;1;67;67482;2;3;1.0;3.0;48,6035400000;7,7764800000;
;2;971;97120;2;1;1.0;6.0;16,2407400000; -61,5339200000;
;1;01;01032;1;2;1.0;3.0;45,8530760000;5,1434250000;
;1;87;87085;2;1;1.0;3.0;45,8469100000;1,2586900000;
;1;66;66136;2;1;1.0;2.0;42,6843000000;2,8651900000;
;2;93;93005;2;6;2.0;6.0;48,9279066104;2,4907758465;
;1;01;01101;1;1;1.0;6.0;46,1037980000;5,5708190000;
;1;84;84007;2;1;1.0;3.0;43,9393000000;4,8213000000;
;1;66;66136;2;1;1.0;6.0;42,6945700000;2,8892200000;
;1;84;84007;2;1;1.0;3.0;43,9348000000;4,7987000000;
;1;65;65440;2;1;1.0;2.0;43,2176480000;0,0565660000;
;1;01;01185;1;3;1.0;5.0;45,9844870000;5,5904370000;
;1;84;84007;2;1;1.0;3.0;43,9256780000;4,8094100000;
;5;93;93001;2;1;2.0;3.0;48,9087602979;2,3975009546;
;5;81;81060;2;9;1.0;3.0;44,0506700000;2,1580800000;
;1;92;92046;2;1;1.0;6.0;48,8149177056;2,2965964079;
;5;65;65440;2;2;1.0;3.0;43,2445000000;0,0733500000;
;1;69;69074;1;1;1.0;7.0;46,0156400000;4,6556980000;
;1;92;92075;2;1;1.0;3.0;48,8216841131;2,2933038622;
;1;80;80021;2;1;1.0;3.0;49,8778200000;2,3400300000;
;1;92;92072;2;1;1.0;7.0;48,8282080534;2,2262358963;
;1;85;85300;1;1;1.0;1.0;46,6820570000; -1,5903510000;
;1;78;78362;2;1;1.0;6.0;48,9726790000;1,7087940000;
;1;92;92064;2;1;1.0;6.0;48,8428350000;2,2120030000;
;1;64;64189;2;1;1.0;2.0;43,3849592911; -1,6639217734;
;1;71;71475;2;1;1.0;3.0;46,7633000000;4,8425000000;
;5;92;92062;2;1;3.0;2.0;48,8839493046;2,2325762361;
;1;61;61341;1;1;7.0;1.0;48,4971850000;0,1217720000;
;1;92;92050;2;2;2.0;1.0;48,8927453152;2,1802926064;
;1;64;64269;2;1;1.0;7.0;43,2939825133; -0,3091245890;
;1;60;60619;2;1;7.0;7.0;49,1063660357;2,7863551676;
;1;92;92044;2;1;1.0;3.0;48,8974804587;2,2910234481;
;1;64;64041;2;1;1.0;6.0;43,2795700000; -0,3262000000;
;1;60;60685;2;1;1.0;6.0;49,3672770000;2,2146950000;
;1;69;69290;2;2;1.0;1.0;45,7075800000;4,9078000000;
;5;92;92040;2;1;2.0;3.0;48,8224190000;2,2669160000;
;1;64;64024;2;1;1.0;3.0;43,5242300000; -1,5047200000;
;1;62;62318;2;1;1.0;6.0;50,5141980000;1,6377270000;
;1;67;67204;2;3;1.0;6.0;48,6323600000;7,7680500000;
;5;92;92026;2;2;2.0;6.0;48,8924859516;2,2455392182;
;1;63;63113;2;1;2.0;6.0;45,8056600000;3,1260600000;
;1;92;92025;2;1;1.0;6.0;48,9150200000;2,2420650000;
;1;64;64335;2;1;1.0;2.0;43,3325900000; -0,4521900000;
;1;92;92023;2;1;1.0;6.0;48,8091130055;2,2726599723;
;1;63;63113;2;1;1.0;3.0;45,7647900000;3,1274600000;
;1;64;64445;2;1;1.0;6.0;43,3213800000; -0,3650500000;
;1;33;33162;1;1;1.0;4.0;44,8710600000; -0,6425220000;
;3;74;74263;2;1;1.0;6.0;46,3338770000;6,3899020000;
;1;63;63113;2;1;1.0;6.0;45,8074100000;3,1191900000;
;1;59;59288;1;1;1.0;2.0;50,3194815546;3,4211039543;
;2;56;56055;2;1;2.0;1.0;47,6585440000; -3,2060020000;
;5;63;63113;2;1;1.0;6.0;45,7629673975;3,0812466145;
;5;63;63113;2;2;1.0;3.0;45,7641500000;3,1259200000;
;1;94;94038;1;1;1.0;2.0;48,7889285400;2,3451101160;
;1;56;56053;1;3;1.0;2.0;47,7058196600; -2,5530552800;
;1;59;59512;2;1;1.0;4.0;50,6938200000;3,1735500000;
;1;63;63113;2;2;1.0;3.0;45,7642272755;3,1255728006;
;1;91;91161;1;1;1.0;6.0;48,7140000000;2,3080000000;
;1;59;59512;2;1;1.0;6.0;50,6768880050;3,1729753017;
;5;62;62032;2;1;1.0;6.0;50,4087600000;2,7640500000;
;5;56;56206;1;6;8.0;6.0;47,6884270000; -2,7507720000;
;5;59;59350;2;-1;1.0;6.0;50,6390000000;3,0701400000;
;1;62;62032;2;9;1.0;6.0;50,4053400000;2,7564400000;
;1;94;94065;1;1;1.0;4.0;48,7547200943;2,3463439041;
;1;2B;2B050;2;1;1.0;3.0;42,5585810000;8,7574020000;
;3;62;62244;1;1;1.0;7.0;50,9128400000;1,9164500000;
;3;82;82072;1;1;2.0;6.0;44,1049350000;0,8785640000;
;5;59;59507;2;2;1.0;1.0;50,6013766654;3,0871689320;
;1;92;92036;1;1;1.0;3.0;48,9435714245;2,2874027342;
;1;62;62193;2;1;1.0;6.0;50,9506430000;1,8692530000;
;2;13;13211;2;1;1.0;6.0;43,2846600000;5,4842400000;
;3;46;46189;1;1;5.0;6.0;44,8179480000;1,7860460000;
;1;56;56162;1;1;1.0;3.0;47,7410100000; -3,4065700000;
;1;95;95527;1;1;1.0;2.0;48,9950300000;2,5160000000;
;5;62;62160;2;3;1.0;6.0;50,7154310000;1,6142170000;
;1;13;13206;2;1;1.0;3.0;43,2868000000;5,3869300000;
;3;41;41218;1;1;5.0;6.0;47,2760120000;1,8011140000;
;1;62;62188;1;1;1.0;1.0;50,5440700000;2,4602700000;
;2;56;56098;2;8;1.0;3.0;47,7594720000; -3,3463430000;