Num_Acc;lum;departement;commune;agglomeration;intersection;meteo;type_collision;lat;long;date
;2;75;75119;2;1;1.0;6.0;48,8960670000;2,3802500000;
;1;74;74012;2;3;2.0;2.0;46,1845100000;6,2287600000;
;1;75;75119;2;3;1.0;6.0;48,8888160000;2,3797370000;
;1;72;72003;2;1;2.0;6.0;47,9648900000;0,1621400000;
;1;75;75116;2;2;1.0;6.0;48,8758530000;2,2622070000;
;1;72;72181;2;3;1.0;3.0;47,9924300000;0,2253900000;
;1;75;75115;2;3;7.0;6.0;48,8443990000;2,3087550000;
;1;71;71445;2;1;2.0;6.0;46,7728000000;4,8930300000;
;1;75;75114;2;2;1.0;6.0;48,8346040000;2,3369930000;
;1;75;75114;2;2;1.0;7.0;48,8388570000;2,3396710000;
;5;69;69256;2;2;1.0;3.0;45,7671600000;4,9327900000;
;1;75;75113;2;1;1.0;3.0;48,8348730000;2,3430390000;
;1;69;69266;2;1;2.0;3.0;45,7513500000;4,9062400000;
;1;75;75112;2;3;1.0;6.0;48,8405840000;2,3993460000;
;5;68;68224;2;1;2.0;6.0;47,7334606872;7,3141951568;
;1;75;75112;2;1;1.0;2.0;48,8389780000;2,4048610000;
;1;64;64335;1;1;8.0;1.0;43,3382400000; -0,4626700000;
;5;75;75112;2;2;1.0;3.0;48,8421140000;2,3764470000;
;1;64;64373;1;1;1.0;1.0;43,2844600000; -0,3534000000;
;1;75;75112;2;3;1.0;3.0;48,8184690000;2,4515170000;
;1;63;63113;2;1;1.0;4.0;45,8123700000;3,1289500000;
;1;75;75111;2;4;1.0;6.0;48,8533290000;2,3769820000;
;5;63;63113;2;1;1.0;3.0;45,7832600000;3,1184400000;
;2;75;75110;2;3;1.0;3.0;48,8725310000;2,3761670000;
;1;63;63113;2;3;1.0;3.0;45,7758400000;3,0791400000;
;1;75;75110;2;4;1.0;7.0;48,8731822877;2,3588392138;
;5;59;59350;2;1;1.0;6.0;50,6278488135;3,0344384908;
;1;75;75110;2;3;1.0;3.0;48,8778320000;2,3616090000;
;1;59;59009;2;1;1.0;2.0;50,6043400000;3,1382500000;
;1;75;75108;2;1;1.0;3.0;48,8797640000;2,3253080000;
;1;56;56098;2;1;1.0;4.0;47,7759200000; -3,3386600000;
;2;75;75103;2;3;1.0;3.0;48,8668660000;2,3619380000;
;1;51;51454;2;1;3.0;1.0;49,2334400000;4,0489600000;
;1;75;75102;2;2;1.0;3.0;48,8675080000;2,3337110000;
;1;51;51454;2;1;3.0;7.0;49,2525170455;4,0623933077;
;1;94;94081;2;1;1.0;3.0;48,7993350000;2,3811120000;
;1;51;51454;1;1;1.0;7.0;49,2847605545;3,9966349304;
;1;94;94044;2;1;1.0;2.0;48,7503150000;2,4829700000;
;3;50;50502;1;1;2.0;1.0;49,1093020000; -1,1202790000;
;1;94;94068;2;2;1.0;3.0;48,7900000000;2,5208000000;
;5;45;45338;2;1;1.0;7.0;47,9828633951;2,7237676978;
;3;94;94042;2;3;1.0;2.0;48,8163030000;2,4719700000;
;1;94;94043;2;1;1.0;2.0;48,8158500000;2,3635600000;
;1;38;38169;2;1;1.0;6.0;45,2012800000;5,6900300000;
;1;94;94043;2;9;1.0;1.0;48,8061000000;2,3459000000;
;2;37;37261;2;1;2.0;2.0;47,3735900000;0,6809300000;
;1;94;94041;2;1;1.0;3.0;48,8130000000;2,3932500000;
;1;37;37261;2;1;1.0;7.0;47,3777238105;0,7143849134;
;1;94;94038;2;2;1.0;1.0;48,7798900000;2,3251900000;
;1;35;35093;2;6;8.0;3.0;48,6235374060; -2,0589818359;
;1;94;94033;2;3;1.0;6.0;48,8547900000;2,4684100000;
;2;35;35238;2;3;1.0;3.0;48,1163400000; -1,7078300000;
;1;94;94028;2;3;1.0;1.0;48,7818600000;2,4646600000;
;1;34;34172;1;1;1.0;3.0;43,6073000000;3,8209600000;
;1;94;94028;2;3;1.0;6.0;48,7714073901;2,4603715785;
;3;33;33249;2;1;3.0;1.0;44,8658100000; -0,5148300000;
;1;31;31555;2;1;1.0;6.0;43,6061400000;1,4480100000;
;1;94;94022;2;1;1.0;3.0;48,7666600000;2,4106900000;
;1;31;31555;2;1;1.0;4.0;43,5984800000;1,4522100000;
;5;94;94077;2;3;1.0;1.0;48,7274373527;2,4372857597;
;1;31;31483;2;1;1.0;3.0;43,1105380000;0,7357010000;
;1;93;93073;2;2;1.0;3.0;48,9428100000;2,5770200000;
;1;25;25056;2;3;3.0;3.0;47,2347600000;5,9844700000;
;1;93;93039;2;3;1.0;3.0;48,9414910000;2,3364680000;
;1;93;93066;2;1;7.0;2.0;48,9282600000;2,3412700000;
;1;21;21231;2;3;2.0;2.0;47,3288695365;5,0357996605;
;1;93;93066;2;1;1.0;6.0;48,9419035700;2,3509642482;
;2;16;16113;2;1;1.0;3.0;45,6106176677;0,0955376029;
;1;93;93077;2;2;1.0;5.0;48,8832100000;2,4970600000;
;5;14;14715;2;4;8.0;6.0;49,3651200000;0,0839500000;
;1;93;93048;2;6;1.0;1.0;48,8615140000;2,4815170000;
;1;93;93048;2;2;1.0;6.0;48,8507010000;2,4263430000;
;5;13;13206;2;2;1.0;3.0;43,2904100000;5,3758200000;
;1;93;93048;2;1;1.0;6.0;48,8770400000;2,4643800000;
;5;11;11069;2;2;1.0;1.0;43,2078700000;2,3369000000;
;1;93;93046;2;2;1.0;3.0;48,9200690000;2,5393200000;
;1;93;93045;2;1;1.0;3.0;48,8741800000;2,4132900000;
;1;10;10387;2;1;2.0;4.0;48,2830800000;4,0717190000;
;5;93;93027;2;2;1.0;3.0;48,9217756842;2,3833977959;
;1;93;93008;2;1;1.0;6.0;48,9140000000;2,4390000000;
;1;07;07019;2;1;1.0;3.0;44,6146900000;4,3896200000;
;1;92;92049;2;2;1.0;3.0;48,8198407505;2,3107811362;
;1;07;07116;1;1;1.0;2.0;44,6464600000;4,3674100000;
;1;92;92040;2;1;1.0;2.0;48,8277287385;2,2752165198;
;1;06;06069;2;1;1.0;5.0;43,6579770000;6,9150560000;
;1;92;92025;2;3;1.0;1.0;48,9107645038;2,2275637239;
;1;06;06069;2;1;1.0;6.0;43,6567010000;6,9238040000;
;5;92;92012;2;2;1.0;3.0;48,8356357220;2,2324291840;
;1;06;06027;2;1;1.0;6.0;43,6627480000;7,1316280000;
;1;92;92004;1;1;1.0;3.0;48,9079069056;2,2923837304;
;1;01;01053;2;1;2.0;6.0;46,1984400000;5,2173300000;
;1;92;92002;2;2;1.0;6.0;48,7475580370;2,2986996621;
;1;11;11294;1;1;1.0;6.0;43,0674330000;2,0600720000;
;1;75;75116;2;1;3.0;4.0;48,8351120000;2,2599990000;
;1;37;37153;1;1;1.0;1.0;47,5149980000;0,8115510000;
;5;75;75119;2;1;1.0;4.0;48,9003090000;2,3779940000;
;2;62;62008;2;1;1.0;6.0;50,7342920000;2,0864210000;
;1;85;85290;1;3;1.0;3.0;46,5467100000; -1,0357340000;
;1;75;75116;2;4;1.0;3.0;48,8593600000;2,2628510000;
;3;972;97227;1;1;1.0;7.0;14,4686010000; -60,9305410000;
;1;75;75119;2;2;2.0;6.0;48,8884630000;2,3738990000;
;1;83;83086;2;1;1.0;3.0;43,4687080000;6,5534360000;
;5;75;75116;2;1;1.0;6.0;48,8678840000;2,2981300000;
;1;01;01288;1;3;1.0;3.0;46,1920600000;5,9564460000;
;1;29;29265;1;1;1.0;6.0;48,5557760720; -3,8742756240;
;1;75;75115;2;3;3.0;3.0;48,8346410517;2,2835339922;
;1;42;42231;1;1;1.0;1.0;46,0948070000;3,9397520000;
;1;75;75113;2;3;3.0;6.0;48,8267190000;2,3819510000;
;1;75;75113;2;2;3.0;6.0;48,8256940000;2,3820620000;
;3;34;34123;1;1;1.0;5.0;43,6062740000;3,8174590000;
;1;75;75113;2;1;2.0;6.0;48,8338179341;2,3572439468;
;1;22;22114;1;1;1.0;6.0;48,2257880000; -2,2799630000;
;1;57;57151;1;1;1.0;7.0;48,8961050000;6,6662550000;
;5;75;75111;2;3;1.0;6.0;48,8524698339;2,3768099559;
;3;19;19036;1;1;1.0;6.0;45,5926450000;1,7430280000;
;1;75;75111;2;2;3.0;3.0;48,8664048030;2,3804859675;
;1;75;75110;2;3;3.0;2.0;48,8752593736;2,3731465833;
;1;75;75110;2;1;2.0;3.0;48,8694283406;2,3622130654;
;1;75;75108;2;3;3.0;6.0;48,8772090000;2,3230760000;
;1;56;56128;1;2;1.0;3.0;47,9903670000; -3,0720520000;
;1;56;56058;1;1;1.0;6.0;47,4879440000; -2,3349330000;
;1;75;75108;2;7;1.0;3.0;48,8667912926;2,3220872446;
;1;79;79179;1;1;1.0;1.0;46,6688400000; -0,5869200000;
;1;2A;2A209;1;1;1.0;3.0;42,0117810000;8,8694640000;
;1;75;75103;2;4;1.0;6.0;48,8613565835;2,3671413213;
;1;75;75101;2;2;1.0;6.0;48,8610685034;2,3448986869;
;1;82;82037;1;4;1.0;2.0;44,1781180000;1,5385930000;
;1;94;94080;2;2;2.0;3.0;48,8453000000;2,4396900000;
;1;33;33443;1;1;1.0;1.0;44,6367066889; -0,0400051475;
;1;94;94042;2;4;3.0;4.0;48,8118989138;2,4687180518;
;1;33;33011;2;6;1.0;6.0;44,7756346160; -1,1415079236;
;1;94;94046;2;3;2.0;1.0;48,7914562635;2,4347462653;
;1;71;71310;1;6;1.0;2.0;46,7490840000;4,4934510000;
;5;94;94041;2;3;2.0;3.0;48,8143413269;2,3789144754;
;1;71;71383;2;2;1.0;2.0;46,4278520000;4,8773500000;
;1;94;94077;2;2;2.0;3.0;48,7372700000;2,4177500000;
;1;94;94059;2;2;3.0;3.0;48,8193310528;2,5595784186;
;1;61;61486;1;2;7.0;3.0;48,7419200000; -0,6979540000;
;2;94;94019;2;2;1.0;6.0;48,8027460198;2,5386035442;
;1;94;94056;2;1;3.0;2.0;48,6967000000;2,5655100000;
;5;93;93072;2;3;2.0;2.0;48,9532900000;2,3909400000;
;1;93;93071;2;1;3.0;3.0;48,9427270000;2,5327830000;
;1;93;93070;2;9;3.0;3.0;48,9165610000;2,3257110000;
;1;93;93066;2;1;2.0;6.0;48,9461000000;2,3430000000;
;1;93;93066;2;1;3.0;3.0;48,9322500000;2,3489700000;
;1;93;93051;2;1;3.0;6.0;48,8368100000;2,5557900000;
;2;93;93032;2;3;1.0;1.0;48,8855200000;2,5411200000;
;1;93;93057;2;9;3.0;1.0;48,9083600000;2,4973200000;
;5;92;92072;2;1;2.0;3.0;48,8270210366;2,2216790915;
;1;92;92076;2;1;2.0;6.0;48,8374068054;2,1529942900;
;2;92;92062;2;7;8.0;6.0;48,8796823748;2,2439581230;
;1;92;92050;2;9;2.0;6.0;48,8972922695;2,2193442285;
;2;92;92020;2;1;2.0;7.0;48,7994373800;2,2813457698;
;1;92;92036;2;1;1.0;3.0;48,9200435410;2,2939565778;
;5;92;92062;1;1;3.0;6.0;48,8871903732;2,2460088727;
;1;92;92026;2;1;2.0;7.0;48,8960900000;2,2442900000;
;1;92;92025;2;1;1.0;3.0;48,9221835686;2,2355322987;
;1;92;92023;2;1;2.0;6.0;48,8034197699;2,2669494152;
;1;92;92023;2;1;2.0;4.0;48,7896927819;2,2620436549;
;1;92;92014;2;3;3.0;6.0;48,7798791721;2,3135723770;
;1;06;06161;2;9;1.0;3.0;43,6390040000;7,1335270000;
;3;972;97212;1;1;1.0;6.0;14,6987230000; -60,9794000000;
;1;22;22339;1;1;1.0;6.0;48,4980460000; -2,0402540000;
;3;72;72260;1;1;1.0;6.0;47,9545900000;0,2524700000;
;3;50;50498;1;3;1.0;6.0;49,5251840000; -1,5088790000;
;1;30;30295;2;2;1.0;6.0;44,0458950000;4,4307090000;
;2;94;94017;2;3;2.0;4.0;48,8248690984;2,5002573431;
;1;94;94002;2;2;1.0;3.0;48,8072200000;2,4124800000;
;1;93;93066;2;1;1.0;3.0;48,9326486488;2,3675596117;
;5;93;93066;2;1;1.0;2.0;48,9114373304;2,3583886027;
;1;93;93066;2;1;8.0;6.0;48,9314200000;2,3812100000;
;5;93;93057;2;3;2.0;5.0;48,9097960000;2,5073150000;
;1;93;93008;2;7;8.0;3.0;48,9050800000;2,4700400000;
;1;93;93001;2;1;1.0;3.0;48,9089600000;2,3868100000;
;5;93;93001;2;1;1.0;3.0;48,9090800000;2,3866700000;
;5;92;92078;2;3;1.0;3.0;48,9297760000;2,3258440000;
;1;92;92049;2;1;1.0;3.0;48,8187465419;2,3180127740;
;1;92;92044;2;2;2.0;3.0;48,8954130712;2,2820805609;
;1;92;92036;2;1;1.0;6.0;48,9246776604;2,2930207550;
;1;92;92036;2;3;1.0;3.0;48,9227116354;2,3206155896;
;5;92;92025;2;1;1.0;3.0;48,9149430000;2,2285990000;
;1;92;92024;2;3;1.0;3.0;48,8982926753;2,3021941781;
;2;83;83086;1;6;1.0;3.0;43,4674410000;6,5477090000;
;3;79;79150;2;4;9.0;7.0;46,1295290000;0,1661890000;
;3;58;58155;1;1;1.0;7.0;47,1376400000;3,0431750000;
;5;62;62323;2;1;1.0;2.0;50,3042770000;2,8763040000;
;3;2B;2B150;1;1;2.0;6.0;42,6021250000;8,8413760000;
;3;69;69240;1;1;2.0;1.0;46,0814060000;4,3884430000;
;3;11;11008;1;1;2.0;6.0;42,9854060000;2,2627540000;
;1;63;63223;1;1;1.0;6.0;46,1067880000;2,8974510000;
;1;55;55516;1;1;1.0;6.0;48,6070360000;5,4036640000;
;5;46;46038;2;1;1.0;3.0;44,9147210000;1,8397610000;
;1;68;68006;1;1;1.0;2.0;47,6963290000;7,1603460000;
;1;44;44130;1;9;1.0;3.0;47,1540290000; -1,5587660000;
;5;35;35068;2;6;8.0;6.0;48,1094160000; -1,4011270000;
;1;29;29206;1;3;1.0;1.0;48,6473140000; -4,2162070000;
;3;29;29015;1;2;2.0;3.0;48,4948030000; -4,4670640000;
;1;38;38291;1;3;2.0;1.0;45,3472860000;5,1047160000;
;3;03;03289;1;1;1.0;7.0;46,3631320000;3,5784680000;
;1;27;27284;2;6;7.0;6.0;49,2791380000;1,7619270000;
;1;17;17217;2;3;1.0;3.0;45,8019560000; -0,2122540000;
;4;37;37020;2;1;1.0;6.0;47,1293410000;1,0100950000;
;3;62;62479;1;1;1.0;5.0;50,5258960000;2,5645350000;
;1;27;27005;1;1;1.0;6.0;49,1595569933;1,2674997219;
;1;988;98825;1;1;1.0;6.0; -21,2891000000;164,9901900000;
;3;986;98613;2;1;1.0;1.0; -13,3187200000; -176,1895470000;
;1;986;98613;2;1;1.0;1.0; -13,2782080000; -176,1751700000;
;5;28;28007;2;1;1.0;6.0;48,8607520000;1,4577160000;
;2;77;77508;1;1;1.0;5.0;48,8197310000;2,8219710000;
;3;78;78520;1;1;1.0;1.0;48,8312070010;1,6433572769;
;1;78;78346;1;1;1.0;6.0;48,9152300000;1,5755830000;
;3;83;83023;1;1;1.0;6.0;43,4022100000;6,1004590000;
;1;71;71342;2;2;2.0;3.0;46,4464130000;4,1015480000;
;1;69;69145;1;1;1.0;6.0;46,0906970000;4,6488480000;
;3;81;81271;1;1;9.0;2.0;43,7535360000;1,6871310000;
;1;33;33012;2;9;1.0;3.0;44,9930560000; -0,6959900000;
;3;80;80421;1;1;1.0;4.0;49,7674070000;2,7962350000;
;3;69;69282;1;1;1.0;6.0;45,7634710948;5,0358366966;
;1;69;69081;1;1;1.0;5.0;45,7764500000;4,7824700000;
;1;33;33013;1;1;1.0;2.0;44,8476900000; -0,5030500000;
;3;91;91340;1;1;1.0;4.0;48,6022200000;2,4381700000;
;2;91;91573;1;1;1.0;6.0;48,6306000000;2,5119600000;
;2;92;92002;1;1;1.0;3.0;48,7317820000;2,3100820000;
;1;92;92002;1;1;1.0;3.0;48,7295359328;2,3069406152;
;3;78;78640;1;1;2.0;1.0;48,7785710000;2,2062970000;
;1;93;93030;1;1;1.0;2.0;48,9396600000;2,4202900000;
;1;93;93078;1;1;2.0;2.0;48,9713250681;2,4986815453;
;1;976;97611;2;3;1.0;6.0; -12,7825700000;45,2333000000;
;1;76;76540;2;1;1.0;6.0;49,4471500000;1,1064300000;
;5;17;17415;2;1;2.0;6.0;45,7456650000; -0,6205530000;
;1;58;58194;2;1;1.0;6.0;46,9888400000;3,1573700000;
;2;58;58194;2;6;1.0;6.0;47,0000500000;3,1556300000;
;5;59;59122;2;1;1.0;3.0;50,1672972882;3,2367798686;
;1;13;13001;1;9;1.0;6.0;43,5599689150;5,3816378117;
;1;976;97611;2;1;1.0;3.0; -12,7698900000;45,2280600000;
;5;974;97416;2;4;1.0;3.0; -21,2892700000;55,4751300000;
;1;974;97416;1;1;1.0;2.0; -21,3577530000;55,5207310000;
;1;974;97411;2;1;1.0;3.0; -20,8948510000;55,4601210000;
;1;974;97407;2;1;8.0;2.0; -20,9373300000;55,3078700000;
;1;973;97302;2;2;1.0;3.0;4,9413554134; -52,3238521814;
;1;973;97302;2;1;1.0;6.0;4,9323619282; -52,3081290722;
;1;69;69388;2;2;1.0;3.0;45,7465163503;4,8681188375;
;1;69;69388;2;1;1.0;2.0;45,7314914680;4,8599168658;
;1;972;97213;2;6;2.0;2.0;14,6144100000; -60,9945800000;
;1;2B;2B033;2;1;1.0;3.0;42,6744400000;9,4377400000;
;5;2B;2B120;2;1;1.0;6.0;42,6576000000;9,4316000000;
;2;971;97113;1;1;1.0;6.0;16,2129816082; -61,4278274775;
;1;95;95127;2;2;1.0;1.0;49,0429926830;2,0718723536;
;5;91;91687;2;8;1.0;7.0;48,6573500000;2,3720070000;
;3;77;77281;1;3;1.0;3.0;48,7647998155;3,0316352842;
;5;76;76540;2;2;8.0;3.0;49,4285338193;1,0946298552;
;5;76;76103;2;1;1.0;3.0;49,4210500000;1,1269000000;
;2;72;72181;2;3;1.0;4.0;47,9713700000;0,2150100000;
;5;69;69275;2;1;2.0;1.0;45,7580300000;4,9746400000;
;1;69;69092;2;9;1.0;3.0;45,9848518108;4,7019021213;
;5;67;67482;2;3;1.0;3.0;48,5693177227;7,7779327333;
;1;64;64024;2;1;1.0;7.0;43,4867800000; -1,5369800000;
;5;63;63113;2;1;1.0;6.0;45,7915308545;3,0879628658;
;4;62;62186;2;8;1.0;6.0;50,4513800000;2,7270440000;
;1;60;60057;2;1;1.0;4.0;49,4272062033;2,0955691336;
;1;59;59392;2;1;1.0;6.0;50,2889188255;3,9653187990;
;3;59;59359;1;9;2.0;6.0;51,0050200000;2,2535500000;
;1;58;58194;2;1;1.0;3.0;46,9900500000;3,1581300000;
;1;51;51454;2;1;1.0;5.0;49,2463800000;4,0299200000;
;1;49;49328;1;2;1.0;3.0;47,2721920000; -0,1278640000;
;1;49;49328;2;1;2.0;1.0;47,2449900000; -0,0659600000;
;1;49;49328;2;3;2.0;3.0;47,2555400000; -0,0666100000;
;1;49;49007;2;2;1.0;3.0;47,4746900000; -0,5292100000;
;1;49;49015;2;1;2.0;7.0;47,5076300000; -0,5961800000;
;1;49;49007;2;1;1.0;3.0;47,4742700000; -0,5158200000;
;1;49;49007;2;1;1.0;3.0;47,4738100000; -0,5766000000;
;5;45;45004;2;6;8.0;7.0;47,9757000000;2,7411300000;
;5;42;42259;2;1;1.0;7.0;45,5483054278;4,6059964194;
;5;42;42218;2;6;1.0;3.0;45,4580700000;4,4061200000;
;5;42;42218;2;1;1.0;6.0;45,4538905949;4,3860876560;
;5;38;38169;2;3;3.0;3.0;45,1924000000;5,6928000000;
;5;37;37261;2;6;1.0;3.0;47,4257200000;0,6970600000;
;1;35;35278;1;1;3.0;2.0;48,1378900000; -1,6940200000;
;1;33;33063;2;6;1.0;3.0;44,8291500000; -0,6032200000;
;2;33;33119;2;4;1.0;3.0;44,8441069000; -0,5259972811;
;2;31;31555;2;1;2.0;3.0;43,6212324090;1,4355417341;
;1;31;31069;2;1;8.0;3.0;43,6410200000;1,3796670000;
;1;29;29039;2;3;1.0;7.0;47,8832127100; -3,9294282740;
;5;29;29019;2;6;2.0;3.0;48,3871484080; -4,4824508428;
;5;17;17300;2;1;3.0;7.0;46,1602300000; -1,1291800000;
;5;13;13212;2;1;2.0;7.0;43,3037721030;5,4729123348;
;5;13;13212;2;1;8.0;2.0;43,3079000000;5,4312000000;
;1;13;13211;2;2;8.0;3.0;43,2858495954;5,4425668151;
;1;13;13204;2;4;1.0;3.0;43,2999600000;5,4006600000;
;1;13;13028;1;9;1.0;3.0;43,1893310248;5,6465641026;
;2;13;13004;2;6;1.0;3.0;43,6984500000;4,6429100000;
;1;12;12013;2;1;1.0;7.0;44,5271097942;2,2466343642;
;1;06;06088;2;1;3.0;6.0;43,7122220000;7,2943140000;
;1;06;06104;2;1;1.0;3.0;43,7500200000;7,4388400000;
;5;06;06069;2;1;1.0;7.0;43,6460540000;6,9141380000;
;5;06;06069;2;3;3.0;6.0;43,6539520000;6,9423870000;
;1;06;06029;2;1;1.0;3.0;43,5536500000;7,0080970000;
;1;45;45234;2;2;1.0;2.0;47,8797500000;1,9081700000;
;5;06;06027;2;5;1.0;3.0;43,6590300000;7,1627470000;
;1;44;44184;2;3;1.0;3.0;47,2770000000; -2,2034800000;
;1;05;05061;2;3;1.0;3.0;44,5573000000;6,0771700000;
;5;44;44109;2;2;1.0;3.0;47,2227690000; -1,5710110000;
;1;05;05061;2;6;1.0;3.0;44,5394200000;6,0635700000;
;5;27;27229;2;1;1.0;7.0;49,0281012000;1,1667524000;
;1;44;44114;2;1;1.0;3.0;47,2484560000; -1,5876790000;
;1;988;98818;2;3;1.0;6.0; -22,2714700000;166,4444300000;
;1;42;42218;2;7;1.0;6.0;45,4158700000;4,3941600000;
;1;69;69387;2;3;1.0;7.0;45,7507000000;4,8395000000;
;1;69;69387;2;1;1.0;3.0;45,7353800000;4,8269100000;
;5;42;42316;2;2;1.0;3.0;45,3992200000;4,2626600000;
;1;972;97213;1;1;1.0;6.0;14,6202000000; -60,9634700000;
;3;972;97209;1;1;1.0;6.0;14,6084100000; -61,0784300000;
;2;37;37261;2;2;1.0;3.0;47,3840295934;0,6913836300;
;5;69;69382;2;1;1.0;2.0;45,7519201142;4,8328042031;
;1;35;35238;2;1;1.0;2.0;48,1257206873; -1,6683863103;
;1;69;69384;2;1;1.0;6.0;45,7766200000;4,8398000000;
;1;35;35238;1;1;1.0;2.0;48,1366064758; -1,7039000988;
;2;95;95197;2;1;7.0;6.0;48,9600647056;2,3271489143;
;1;34;34108;1;1;1.0;3.0;43,4391400000;3,7625200000;
;3;91;91514;1;1;1.0;6.0;48,6712600000;2,5050200000;
;1;33;33063;2;5;1.0;3.0;44,8333500000; -0,5985200000;
;1;91;91027;2;1;1.0;4.0;48,7018000000;2,3718200000;
;5;31;31555;2;6;1.0;3.0;43,6315800000;1,4626100000;
;1;31;31555;2;3;1.0;1.0;43,5902000000;1,3681100000;
;1;78;78624;1;1;1.0;2.0;48,9679300000;2,0006000000;
;2;31;31555;2;9;1.0;3.0;43,5813100000;1,4134400000;
;3;76;76481;1;1;3.0;6.0;49,5329600000;0,1144300000;
;1;29;29019;2;6;1.0;3.0;48,3854060000; -4,5280990000;
;5;72;72181;2;3;2.0;3.0;47,9919200000;0,2050000000;
;5;72;72181;2;1;1.0;6.0;48,0190200000;0,1846700000;
;1;27;27701;2;1;1.0;6.0;49,2747700000;1,2244600000;
;1;71;71153;2;9;1.0;3.0;46,7937900000;4,4436600000;
;1;27;27299;2;1;1.0;4.0;49,0464800000;1,1621200000;
;1;69;69290;2;1;7.0;3.0;45,6850200000;4,9485600000;
;1;27;27229;2;1;1.0;3.0;49,0015400000;1,1394500000;
;1;68;68224;2;1;1.0;3.0;47,7490800000;7,3417000000;
;1;27;27229;2;1;1.0;7.0;49,0284000000;1,1832600000;
;1;26;26198;2;1;1.0;6.0;44,5605700000;4,7512300000;
;1;64;64445;2;3;1.0;1.0;43,3092300000; -0,3762500000;
;1;17;17291;1;9;1.0;2.0;46,1742800000; -1,1234600000;
;5;64;64125;2;6;1.0;3.0;43,4377600000; -1,5913500000;
;2;63;63113;2;5;1.0;1.0;45,7822900000;3,0954200000;
;1;14;14254;1;9;1.0;2.0;49,1549400000; -0,4216800000;
;1;63;63113;2;3;1.0;3.0;45,7874400000;3,1424600000;
;1;13;13206;2;1;1.0;3.0;43,2906500000;5,3799000000;
;1;63;63113;2;1;1.0;2.0;45,7792157460;3,1244972348;
;1;13;13208;2;6;2.0;6.0;43,2478479735;5,3747168397;
;1;63;63113;2;6;1.0;3.0;45,7974500000;3,1186100000;
;1;13;13212;2;2;1.0;3.0;43,3076000000;5,4254000000;
;1;13;13047;1;3;1.0;7.0;43,5578500000;4,9650400000;
;1;63;63113;2;6;1.0;3.0;45,7641400000;3,1259900000;
;1;13;13047;2;6;1.0;1.0;43,5072100000;4,9832500000;
;1;63;63113;2;3;1.0;1.0;45,7874500000;3,1423700000;
;1;13;13005;2;1;1.0;3.0;43,3166500000;5,5816000000;
;1;13;13005;2;1;1.0;6.0;43,2846245833;5,5981475115;
;1;63;63113;2;2;1.0;3.0;45,7872300000;3,0983400000;
;2;11;11069;1;1;1.0;3.0;43,2214900000;2,2990100000;
;5;63;63113;2;5;1.0;3.0;45,7641500000;3,1259400000;
;1;11;11069;2;1;1.0;1.0;43,2078230000;2,3115220000;
;1;06;06069;2;4;1.0;3.0;43,6818820000;6,9631090000;
;1;60;60159;1;1;1.0;2.0;49,4029600000;2,8730400000;
;1;02;02064;1;1;1.0;1.0;49,3590900000;3,3447000000;
;1;60;60057;2;2;1.0;1.0;49,4162330000;2,0993640000;
;1;02;02722;2;6;1.0;2.0;49,3655700000;3,3197800000;
;5;59;59646;2;9;1.0;3.0;50,6800000000;3,1340000000;
;1;75;75113;2;1;1.0;3.0;48,8206740000;2,3767840000;
;1;59;59017;2;3;7.0;6.0;50,7058460000;2,8842320000;
;2;58;58194;2;1;1.0;3.0;46,9931400000;3,1488600000;
;5;75;75117;2;1;1.0;4.0;48,8819147237;2,2827033699;
;3;57;57597;1;1;1.0;1.0;49,2577500000;6,0761200000;
;1;56;56083;1;4;1.0;2.0;47,7991200000; -3,2572000000;
;1;75;75113;2;1;1.0;4.0;48,8207721386;2,3770862818;
;1;75;75116;2;1;1.0;2.0;48,8440890000;2,2546860000;
;5;54;54547;2;6;1.0;3.0;48,6642764328;6,1741125584;
;1;75;75106;2;1;1.0;6.0;48,8517550000;2,3305840000;
;2;49;49015;2;1;8.0;7.0;47,5065500000; -0,5894600000;
;5;75;75105;2;1;1.0;3.0;48,8424460000;2,3608730000;
;1;45;45302;2;1;1.0;3.0;47,9597000000;1,8460000000;
;1;75;75115;2;7;1.0;3.0;48,8463339252;2,3086430132;
;1;37;37261;2;1;1.0;6.0;47,4139826529;0,6986725330;
;1;75;75114;2;1;1.0;3.0;48,8205480000;2,3374020000;
;1;37;37261;2;6;8.0;2.0;47,4189411113;0,7043373585;
;1;75;75111;2;4;1.0;6.0;48,8528185202;2,3884736001;
;5;35;35238;2;1;1.0;2.0;48,1097045239; -1,6879382730;
;1;75;75111;2;1;1.0;6.0;48,8601170000;2,3886260000;
;1;35;35278;1;1;1.0;6.0;48,1690700000; -1,6813700000;
;1;75;75111;2;1;1.0;3.0;48,8663251018;2,3737482727;
;2;34;34032;2;1;1.0;3.0;43,3503100000;3,2031300000;
;1;75;75110;2;2;1.0;6.0;48,8816130000;2,3657870000;
;2;33;33529;1;6;1.0;3.0;44,6327595786; -1,1451664567;
;1;75;75107;2;3;1.0;3.0;48,8628900000;2,3151830000;
;3;32;32013;1;3;1.0;7.0;43,6619500000;0,5891400000;
;1;75;75102;2;2;1.0;3.0;48,8688834243;2,3385308683;
;5;28;28085;1;1;1.0;6.0;48,4308680000;1,5008970000;
;1;94;94081;2;1;1.0;2.0;48,7867900000;2,4201500000;
;1;94;94078;2;1;1.0;2.0;48,7389943140;2,4466252326;
;1;27;27229;2;1;1.0;5.0;49,0202203682;1,1586928368;
;2;26;26198;2;1;1.0;2.0;44,5582711000;4,7424380000;
;1;94;94058;2;1;1.0;5.0;48,8495400000;2,4986600000;
;1;25;25056;2;1;1.0;3.0;47,2401500000;6,0151700000;
;1;94;94016;2;1;1.0;2.0;48,7855400000;2,3288600000;
;1;22;22278;2;2;1.0;3.0;48,5077900000; -2,7495400000;
;1;94;94043;2;2;1.0;1.0;48,8142500000;2,3597100000;
;1;22;22187;2;2;1.0;1.0;48,5300500000; -2,7646400000;
;1;94;94034;2;1;1.0;3.0;48,7574710000;2,3276800000;
;3;22;22187;2;1;1.0;7.0;48,5333400000; -2,7573400000;
;1;94;94028;2;1;1.0;3.0;48,7911056810;2,4626669882;
;1;21;21231;2;1;1.0;6.0;47,3243300000;5,0085790000;
;1;94;94011;1;1;1.0;2.0;48,7615800000;2,4963800000;
;1;16;16374;1;1;1.0;1.0;45,6364370000;0,2133940000;
;1;94;94002;2;1;1.0;2.0;48,7817400000;2,4194200000;
;1;93;93078;2;9;1.0;6.0;48,9749401682;2,5148445368;
;5;14;14059;2;3;1.0;3.0;49,3518830000;0,0534080000;
;1;93;93078;2;6;1.0;4.0;48,9608000000;2,5562800000;
;1;13;13103;2;9;1.0;3.0;43,6467970834;5,1025305626;
;1;93;93072;2;3;1.0;3.0;48,9638500000;2,3805200000;