Num_Acc;lum;departement;commune;agglomeration;intersection;meteo;type_collision;lat;long;date
;3;91;91161;1;1;1.0;5.0;48,6976700000;2,3149400000;
;1;93;93064;2;3;7.0;3.0;48,8804401002;2,4935679138;
;3;78;78498;1;1;1.0;2.0;48,9176690000;2,0053970000;
;5;93;93006;2;1;1.0;6.0;48,8718500000;2,4245000000;
;1;93;93007;1;1;1.0;3.0;48,9476100000;2,4436400000;
;1;93;93029;2;3;1.0;6.0;48,9262300000;2,4258040000;
;2;95;95018;1;1;1.0;6.0;48,9585871000;2,2740529104;
;1;92;92040;2;1;1.0;6.0;48,8228090000;2,2534260000;
;1;95;95018;1;1;1.0;3.0;48,9498780000;2,2801840000;
;1;92;92025;2;2;1.0;3.0;48,9157469171;2,2324303240;
;1;95;95154;1;1;1.0;3.0;49,0351060000;2,5408860000;
;1;93;93006;1;1;1.0;3.0;48,8657300000;2,4211800000;
;1;94;94074;1;1;1.0;6.0;48,7690871283;2,4502224877;
;5;92;92024;2;6;1.0;3.0;48,9033789006;2,3129108101;
;1;38;38563;2;1;1.0;6.0;45,3760000000;5,5810000000;
;4;01;01235;2;1;1.0;6.0;46,0652900000;5,0720150000;
;1;38;38563;2;2;1.0;6.0;45,3661900000;5,5812300000;
;3;81;81273;2;1;1.0;6.0;43,5905680000;2,1755470000;
;1;38;38544;2;1;2.0;6.0;45,5283300000;4,8747700000;
;1;74;74213;2;6;1.0;3.0;45,9195240000;6,0830680000;
;3;74;74118;1;1;8.0;1.0;46,1833180000;6,2268390000;
;1;76;76101;1;1;1.0;7.0;49,9106580000;1,6222140000;
;3;42;42103;1;1;1.0;2.0;45,4960285070;4,5564910769;
;1;62;62261;2;2;1.0;3.0;50,4852610000;1,6310620000;
;1;75;75117;2;4;1.0;6.0;48,8819110000;2,2827270000;
;5;84;84025;2;1;1.0;2.0;43,8708740000;5,1471810000;
;2;59;59511;1;3;1.0;3.0;50,4460340000;3,3502290000;
;1;75;75106;2;5;1.0;6.0;48,8524530000;2,3319250000;
;3;34;34217;1;1;1.0;7.0;43,7016125604;3,8744832205;
;1;75;75119;2;2;1.0;3.0;48,8861640000;2,3966450000;
;3;74;74150;1;1;1.0;6.0;46,2687530000;6,3198850000;
;5;75;75118;2;2;8.0;2.0;48,8824800000;2,3379180000;
;1;74;74134;1;1;1.0;1.0;46,1744960000;6,6812110000;
;5;75;75117;2;2;1.0;6.0;48,8752680000;2,2947940000;
;5;74;74304;1;1;1.0;1.0;46,1386980000;6,4298080000;
;1;76;76591;2;1;1.0;1.0;49,4480244439;1,2232144475;
;5;75;75116;2;2;1.0;3.0;48,8691260000;2,2898400000;
;3;80;80362;2;1;1.0;6.0;50,0099540000;1,6422720000;
;1;75;75115;2;3;8.0;6.0;48,8445050000;2,2927920000;
;1;82;82125;1;1;1.0;6.0;43,9534060000;1,1894420000;
;1;33;33236;1;1;1.0;3.0;44,7820360000; -1,1458680000;
;5;75;75115;2;2;1.0;2.0;48,8386370000;2,3052630000;
;3;32;32012;1;1;1.0;6.0;43,6564280679;0,7796888351;
;1;63;63104;1;1;7.0;6.0;45,4896070000;3,9667510000;
;2;75;75112;2;3;8.0;3.0;48,8381950000;2,4084390000;
;3;42;42334;1;1;1.0;1.0;45,8510730000;4,3398140000;
;5;75;75112;2;3;2.0;3.0;48,8446700000;2,3691440000;
;1;29;29135;2;6;1.0;2.0;47,8325010200; -4,1797478190;
;1;75;75111;2;3;1.0;3.0;48,8610010000;2,3672100000;
;1;75;75109;2;2;1.0;3.0;48,8836110000;2,3495460000;
;1;31;31571;1;2;1.0;5.0;43,5814400000;1,7658050000;
;5;75;75108;2;3;1.0;7.0;48,8719030000;2,3009400000;
;1;02;02504;1;1;1.0;2.0;49,7352390000;3,2749240000;
;1;75;75107;2;1;1.0;6.0;48,8490470000;2,3217160000;
;1;75;75101;2;2;1.0;6.0;48,8585450000;2,3482300000;
;1;69;69383;2;2;8.0;6.0;45,7541820771;4,8469662666;
;5;69;69149;2;1;1.0;2.0;45,7198600000;4,8106100000;
;1;15;15240;1;4;1.0;3.0;45,4012320000;2,6769250000;
;2;75;75102;2;2;1.0;3.0;48,8706820000;2,3478950000;
;1;971;97120;2;1;1.0;6.0;16,2370906092; -61,5318918228;
;1;72;72012;1;1;1.0;1.0;48,1894080000;0,0776450000;
;2;75;75101;2;3;1.0;6.0;48,8697920000;2,3281750000;
;1;14;14098;1;1;1.0;1.0;49,2123830000; -0,5745080000;
;1;94;94080;2;2;1.0;6.0;48,8465100000;2,4184200000;
;1;91;91345;2;1;1.0;6.0;48,6876700000;2,2888200000;
;1;05;05164;1;1;1.0;2.0;44,5296170000;6,3973050000;
;1;94;94078;2;9;8.0;1.0;48,7248990000;2,4480050000;
;3;50;50551;1;1;1.0;6.0;49,3996570000; -1,5361230000;
;5;86;86194;2;1;1.0;6.0;46,5527790000;0,3020330000;
;5;94;94068;2;2;1.0;1.0;48,7957600000;2,5151000000;
;3;73;73010;2;1;1.0;6.0;45,7789850000;5,8914000000;
;1;94;94076;2;2;1.0;1.0;48,7845900000;2,3673300000;
;2;83;83137;2;1;1.0;1.0;43,1138490000;5,9470320000;
;1;24;24388;1;3;1.0;1.0;44,8572990000;0,9048700000;
;1;94;94011;2;1;1.0;1.0;48,7676500000;2,4786900000;
;1;81;81163;2;1;1.0;6.0;43,4912200000;2,3783000000;
;1;94;94018;2;1;1.0;6.0;48,8265000000;2,4031900000;
;1;77;77221;1;1;1.0;3.0;48,8521800000;2,7255600000;
;5;93;93070;2;1;1.0;2.0;48,9066960000;2,3253110000;
;5;67;67482;2;1;2.0;7.0;48,5925900000;7,6941800000;
;1;04;04079;1;1;1.0;4.0;44,0738350000;6,0216450000;
;2;93;93048;2;2;1.0;6.0;48,8565278461;2,4275950595;
;5;67;67482;2;1;1.0;3.0;48,5787070000;7,7810870000;
;1;66;66136;2;1;1.0;6.0;42,6879813608;2,8981568478;
;2;87;87041;2;1;1.0;1.0;46,1312630000;1,2824070000;
;5;93;93074;2;1;1.0;4.0;48,9366702955;2,5685582159;
;1;66;66136;2;1;1.0;3.0;42,6882700000;2,8748900000;
;1;52;52099;1;1;1.0;7.0;48,6134700000;5,0402190000;
;2;92;92078;2;9;1.0;6.0;48,9306284876;2,3321426511;
;5;66;66136;2;1;1.0;7.0;42,7075300000;2,8851300000;
;5;987;98734;1;1;2.0;; -17,7120000000; -149,5080000000;
;5;92;92078;2;1;1.0;3.0;48,9356131483;2,3332868814;
;1;95;95353;1;1;1.0;6.0;49,0948970000;2,3146930000;
;5;64;64445;2;3;1.0;6.0;43,3159600000; -0,3567700000;
;1;92;92040;2;3;1.0;3.0;48,8287041381;2,2649415135;
;1;973;97302;2;6;1.0;2.0;4,9272010000; -52,2900620000;
;5;64;64102;2;1;1.0;6.0;43,4974900000; -1,4854100000;
;5;92;92036;2;2;1.0;1.0;48,9356200000;2,2609000000;
;1;06;06085;2;2;1.0;3.0;43,5828200000;7,0095670000;
;1;92;92035;2;3;1.0;2.0;48,9057900000;2,2533900000;
;5;63;63113;2;2;1.0;6.0;45,7735000000;3,0900000000;
;1;92;92026;2;6;1.0;3.0;48,9054632364;2,2562602758;
;3;06;06104;1;1;1.0;6.0;43,7693390000;7,4493580000;
;5;59;59599;2;3;1.0;6.0;50,7200359268;3,1426624954;
;5;92;92025;2;3;1.0;3.0;48,9297900000;2,2460990000;
;2;64;64545;1;1;1.0;6.0;43,3515400000; -1,7177100000;
;5;59;59599;2;1;1.0;3.0;50,7446804620;3,1737763881;
;5;92;92023;2;1;8.0;2.0;48,7891700000;2,2609100000;
;5;59;59512;2;1;1.0;6.0;50,6991510198;3,1623673439;
;5;92;92012;2;2;1.0;3.0;48,8270500000;2,2383800000;
;1;34;34172;1;9;1.0;2.0;43,6044640000;3,9289860000;
;3;59;59234;1;3;1.0;3.0;50,4032700000;3,0631200000;
;5;92;92007;2;3;1.0;6.0;48,8017647266;2,3238905668;
;1;73;73296;2;1;1.0;5.0;45,4946420000;6,9259970000;
;1;974;97415;1;1;1.0;6.0; -21,0192790000;55,2587150000;
;1;57;57672;2;2;1.0;3.0;49,3624800000;6,1636400000;
;3;14;14251;1;1;5.0;6.0;48,9554600000; -0,4615760000;
;1;95;95371;2;1;1.0;3.0;49,0796404897;2,5002425909;
;5;51;51352;2;9;1.0;7.0;48,7210276664;4,6069890261;
;5;54;54300;2;1;1.0;1.0;48,6536000000;6,2328000000;
;3;971;97110;1;1;1.0;7.0;16,3258440000; -61,0261990000;
;3;84;84043;1;1;1.0;2.0;43,9940570000;4,9292670000;
;1;54;54339;2;1;1.0;6.0;48,7081600000;6,1978300000;
;1;41;41155;2;2;1.0;3.0;47,6700110000;1,5307580000;
;1;972;97206;2;1;1.0;3.0;14,4762780000; -61,0372280000;
;3;28;28178;1;1;1.0;2.0;48,7580560000;1,4887330000;
;1;45;45234;2;1;1.0;6.0;47,9041100000;1,9042700000;
;1;60;60380;2;1;5.0;1.0;49,1431450000;3,0643060000;
;5;45;45234;2;1;1.0;6.0;47,9049000000;1,8975500000;
;5;45;45285;2;1;5.0;6.0;47,9137800000;1,8680000000;
;3;44;44137;1;1;1.0;6.0;47,3578700000; -2,0485600000;
;1;66;66017;2;1;1.0;5.0;42,8195440000;3,0384280000;
;1;45;45004;2;1;1.0;6.0;47,9727269039;2,7335721552;
;2;57;57178;2;1;2.0;3.0;49,0028290000;6,8431570000;
;1;41;41018;2;1;1.0;3.0;47,6005400000;1,3425100000;
;5;91;91577;2;3;2.0;3.0;48,5939240000;2,5019970000;
;1;84;84019;2;3;1.0;1.0;44,3043320000;4,7493130000;
;1;40;40192;2;9;1.0;6.0;43,9026200000; -0,4794800000;
;5;51;51631;1;1;1.0;2.0;49,2040070000;4,0110610000;
;5;38;38151;2;3;1.0;3.0;45,1581179941;5,7089184570;
;1;19;19192;1;1;1.0;6.0;45,1409290000;1,8804970000;
;1;83;83053;2;1;1.0;7.0;43,1735474564;5,8382034302;
;5;37;37261;2;1;1.0;6.0;47,3880792808;0,7085135579;
;1;10;10216;1;1;1.0;6.0;48,6586865392;4,2262387276;
;1;35;35051;2;1;1.0;6.0;48,1263000000; -1,5991400000;
;3;12;12150;1;1;1.0;6.0;44,2590550000;1,9942920000;
;5;68;68089;2;1;1.0;7.0;47,8977580000;6,9824450000;
;1;39;39132;1;1;5.0;6.0;46,8271820000;5,4820930000;
;2;38;38126;1;1;8.0;1.0;45,2282690000;5,7688520000;
;1;33;33162;2;9;1.0;3.0;44,8796100000; -0,6268300000;
;5;84;84089;2;1;1.0;1.0;43,6914670000;5,5174220000;
;1;74;74080;2;1;1.0;1.0;45,9000480000;6,4251780000;
;3;33;33119;2;6;1.0;2.0;44,8534000000; -0,5079000000;
;3;26;26349;1;1;1.0;6.0;45,2157240000;5,0313630000;
;1;29;29232;1;6;1.0;3.0;47,9797741735; -4,0791431665;
;1;42;42155;2;2;1.0;3.0;45,8060300000;4,1561150000;
;3;64;64527;1;1;1.0;1.0;43,3329480000; -1,4884220000;
;1;69;69181;1;1;1.0;6.0;45,9706401574;4,4220585896;
;5;29;29019;2;4;1.0;3.0;48,4058430000; -4,4789260000;
;1;43;43132;1;1;8.0;7.0;45,1435390000;3,5005620000;
;1;81;81099;2;9;1.0;7.0;43,8971970000;1,8685770000;
;1;53;53074;1;1;1.0;7.0;48,2681140000; -0,6763050000;
;4;29;29019;2;6;1.0;3.0;48,3919666691; -4,4874697924;
;1;33;33001;2;1;1.0;6.0;45,0216670000; -0,1471770000;
;2;17;17071;1;1;1.0;1.0;45,8780810000; -0,3606710000;
;1;27;27701;2;1;1.0;6.0;49,2669600000;1,2033900000;
;3;17;17301;1;1;9.0;7.0;45,9977440000; -0,1672570000;
;3;29;29001;1;1;1.0;3.0;48,2365510000; -4,3153520000;
;5;88;88081;1;1;1.0;6.0;47,8889370000;6,8642540000;
;1;22;22179;1;1;1.0;7.0;48,6195150000; -2,3474850000;
;5;27;27234;1;1;5.0;4.0;49,0204887354;1,1915672294;
;1;31;31458;1;1;1.0;2.0;43,5126270000;1,3661240000;
;1;22;22162;2;1;1.0;6.0;48,7772890000; -3,0466600000;
;1;37;37010;1;1;1.0;6.0;47,5446121014;0,9813022614;
;3;35;35031;1;1;1.0;6.0;48,1962280000; -1,4239530000;
;1;01;01276;1;1;5.0;6.0;45,8169860000;5,0761560000;
;1;15;15014;2;6;7.0;6.0;44,9273300000;2,4462900000;
;1;60;60612;2;1;1.0;3.0;49,2085186430;2,6013178824;
;3;57;57413;1;1;8.0;7.0;49,1356760000;6,6463850000;
;5;13;13215;2;3;1.0;3.0;43,3608978802;5,3635665117;
;5;13;13212;2;1;1.0;1.0;43,3025010721;5,4538133603;
;3;14;14304;1;1;4.0;4.0;49,3784892210;0,2403044700;
;5;60;60009;2;2;1.0;3.0;49,4084320000;2,1124010000;
;2;80;80074;1;1;1.0;7.0;49,6909260000;2,6309040000;
;1;13;13211;2;1;1.0;1.0;43,2907945848;5,4415263552;
;3;95;95604;1;1;1.0;4.0;49,0932360000;2,5306960000;
;1;13;13211;2;9;1.0;;43,2911273069;5,4866449535;
;3;69;69282;1;1;1.0;7.0;45,7605500000;5,0309800000;
;4;78;78062;2;4;5.0;3.0;48,8471380000;1,8987040000;
;5;13;13001;2;3;1.0;3.0;43,5192900000;5,4619800000;
;3;66;66059;1;1;1.0;7.0;42,6216330000;2,9514110000;
;1;04;04143;1;1;1.0;7.0;43,9363180000;5,9133910000;
;1;10;10081;2;4;1.0;6.0;48,3075200000;4,0307900000;
;1;33;33550;1;1;1.0;4.0;44,7819490000; -0,5837980000;
;2;07;07102;2;1;9.0;7.0;44,9317500000;4,8787800000;
;1;13;13081;2;9;8.0;3.0;43,5085810000;5,2155930000;
;1;91;91086;1;1;1.0;7.0;48,6239100000;2,3790400000;
;5;68;68217;2;1;1.0;7.0;47,8634690000;7,0455310000;
;3;92;92019;1;1;1.0;2.0;48,7691670617;2,2441088204;
;1;06;06088;2;1;1.0;3.0;43,7220440000;7,2721580000;
;1;67;67408;1;1;8.0;6.0;48,6346460000;7,3783710000;
;1;33;33009;2;1;1.0;1.0;44,6628300000; -1,1759400000;
;5;06;06069;2;1;1.0;3.0;43,6345080000;6,9394250000;
;2;57;57683;2;1;1.0;6.0;49,3038740000;6,1554340000;
;1;974;97411;1;9;2.0;6.0; -20,9094400000;55,5027700000;
;1;06;06069;2;3;1.0;3.0;43,6429850000;6,9570590000;
;2;74;74224;2;1;1.0;6.0;46,0724040000;6,2992160000;
;5;974;97407;2;1;1.0;7.0; -20,9428900000;55,3006300000;
;5;42;42094;2;1;1.0;7.0;45,7424530000;4,2118250000;
;1;01;01053;2;1;8.0;6.0;46,2074000000;5,2275000000;
;1;38;38298;2;2;1.0;3.0;45,3708970000;4,7972540000;
;2;75;75110;2;7;1.0;2.0;48,8778970000;2,3516270000;
;1;974;97407;1;1;1.0;4.0; -20,9548700000;55,3102100000;
;2;69;69086;1;2;2.0;1.0;45,8294650000;4,6467230000;
;1;75;75118;2;2;1.0;3.0;48,8976220000;2,3290980000;
;1;973;97302;2;3;1.0;3.0;4,9411465333; -52,3221087456;
;3;81;81143;1;1;1.0;7.0;43,5336710000;2,1024270000;
;2;86;86189;1;1;8.0;6.0;46,2467910000;0,4948230000;
;1;973;97302;2;1;2.0;3.0;4,9199300000; -52,3218400000;
;1;75;75116;2;7;1.0;3.0;48,8641000000;2,2721790000;
;5;33;33501;2;2;1.0;6.0;44,6521810000; -0,5980150000;
;1;75;75116;2;3;1.0;2.0;48,8726377468;2,2845768929;
;5;973;97302;2;2;2.0;2.0;4,9443500000; -52,3098500000;
;1;22;22070;2;1;2.0;3.0;48,5553540000; -3,1418060000;
;1;75;75116;2;3;1.0;3.0;48,8650630000;2,2976120000;
;1;69;69383;2;2;1.0;3.0;45,7513000000;4,8938900000;
;5;35;35228;2;3;8.0;3.0;48,5814910000; -2,0585690000;
;1;75;75115;2;7;1.0;1.0;48,8453480000;2,3117920000;
;1;76;76434;2;2;1.0;6.0;49,3922690000;1,2620540000;
;1;69;69383;2;2;1.0;1.0;45,7622200000;4,8519600000;
;2;75;75101;2;2;1.0;2.0;48,8674800000;2,3336590000;
;3;60;60170;1;1;2.0;2.0;49,2200330000;2,5510660000;
;1;972;97213;2;1;1.0;3.0;14,5981000000; -60,9992600000;
;1;60;60015;1;1;8.0;7.0;49,3324313651;2,3341380056;
;5;94;94080;2;3;1.0;1.0;48,8448700000;2,4285900000;
;5;972;97213;2;1;2.0;1.0;14,6342400000; -61,0146700000;
;2;60;60559;1;1;2.0;2.0;49,4078154072;2,3143583398;
;1;69;69389;2;1;1.0;6.0;45,7608300000;4,8095700000;
;5;94;94033;2;3;1.0;3.0;48,8518500000;2,4729800000;
;1;59;59044;2;1;1.0;6.0;50,6113140000;3,2296840000;
;1;94;94017;2;1;1.0;2.0;48,8262390000;2,5052720000;
;1;59;59212;2;1;1.0;6.0;50,6440590000;2,7215360000;
;1;91;91216;2;3;1.0;3.0;48,6750100000;2,3242300000;
;1;93;93072;2;3;1.0;6.0;48,9512200000;2,3815100000;
;3;69;69256;1;1;2.0;2.0;45,7970500000;4,9395800000;
;5;91;91161;2;1;1.0;3.0;48,7132900000;2,3028900000;
;1;93;93070;2;1;1.0;6.0;48,9178942794;2,3311537052;
;1;69;69029;1;1;8.0;2.0;45,7258800000;4,8934800000;
;1;87;87085;2;1;1.0;1.0;45,8104400000;1,2590200000;
;2;93;93006;2;1;1.0;6.0;48,8760771757;2,4189967593;
;1;91;91136;1;1;1.0;3.0;48,7137000000;2,2758500000;
;1;94;94038;1;1;1.0;2.0;48,7733305121;2,3453806368;
;1;93;93014;2;2;1.0;6.0;48,9043800000;2,5483800000;
;5;87;87113;1;3;1.0;6.0;45,8720800000;1,3391100000;
;3;94;94038;1;1;1.0;3.0;48,7750900000;2,3463500000;
;1;93;93008;2;1;5.0;6.0;48,9141699410;2,4754647910;
;1;87;87050;2;1;1.0;3.0;45,8623100000;1,2398600000;
;2;92;92025;1;1;1.0;3.0;48,9274239062;2,2374158506;
;5;92;92035;2;1;1.0;3.0;48,9093240000;2,2551890000;
;1;87;87085;1;1;1.0;7.0;45,8466000000;1,2768810000;
;1;92;92024;2;6;1.0;3.0;48,9034684218;2,2895446122;
;1;78;78090;1;1;1.0;4.0;48,9695690000;1,9143050000;
;1;78;78466;1;1;1.0;7.0;48,9213350000;2,0047510000;
;1;84;84007;2;1;1.0;3.0;43,9149200000;4,8757400000;
;5;92;92007;2;2;1.0;3.0;48,7923534205;2,2988198921;
;3;95;95582;1;1;1.0;4.0;48,9756216352;2,2402402718;
;1;92;92012;2;1;1.0;3.0;48,8407111083;2,2315818071;
;5;83;83129;2;1;1.0;5.0;43,1024100000;5,8125400000;
;1;93;93005;1;1;1.0;2.0;48,9517958851;2,4740240035;
;1;01;01004;2;1;1.0;6.0;45,9605680000;5,3408310000;
;1;83;83118;2;9;1.0;2.0;43,4283100000;6,7718300000;
;3;95;95582;1;1;2.0;3.0;48,9641400000;2,2626400000;
;3;91;91294;1;1;1.0;3.0;48,3839100000;2,0943980000;
;1;78;78551;1;1;7.0;3.0;48,8907360000;2,0837180000;
;2;93;93053;1;1;1.0;3.0;48,8879400000;2,4745100000;
;3;83;83004;1;1;1.0;5.0;43,4791140000;6,4818050000;
;1;77;77307;2;2;7.0;6.0;48,8776690000;2,7314170000;
;3;88;88284;1;1;4.0;3.0;48,2035830000;7,0281390000;
;1;76;76540;2;3;1.0;2.0;49,4364100000;1,1029800000;
;1;76;76447;1;1;1.0;7.0;49,5486800000;0,1598300000;
;3;51;51569;1;1;3.0;2.0;49,2643226841;3,9349079132;
;1;51;51535;2;1;1.0;7.0;48,7149990000;3,7274340000;
;1;76;76351;2;3;1.0;6.0;49,5060600000;0,1674500000;
;1;51;51612;1;1;1.0;3.0;48,9171980000;4,0202240000;
;5;76;76351;2;1;1.0;6.0;49,5018800000;0,0974100000;
;1;51;51281;1;1;2.0;6.0;48,9621004928;3,9805644751;
;3;988;98804;2;1;1.0;6.0; -21,5129690000;165,9365990000;
;1;79;79008;1;2;8.0;2.0;46,7564470000; -0,3097090000;
;1;12;12120;1;1;2.0;6.0;44,3732420000;2,8371230000;
;1;971;97111;1;1;2.0;6.0;16,3196500000; -61,7864920000;
;1;12;12241;1;4;7.0;2.0;44,3636860000;2,6433510000;
;1;73;73029;2;3;7.0;3.0;45,5705400000;5,9487900000;
;1;33;33099;2;2;1.0;3.0;44,8132970000; -0,4775060000;
;3;29;29199;1;1;2.0;6.0;48,5792050000; -3,7158570000;
;3;01;01406;1;1;1.0;6.0;46,4299570000;5,0675590000;
;1;71;71486;2;1;1.0;1.0;46,6399738065;4,3337407708;
;1;2B;2B350;1;1;1.0;1.0;42,5225760000;9,4055710000;
;1;01;01408;1;1;8.0;6.0;46,2239390000;5,3911540000;
;2;69;69256;2;1;1.0;3.0;45,7535400000;4,9310000000;
;2;2A;2A288;1;1;1.0;6.0;41,5121930000;9,1949990000;
;1;72;72180;2;1;1.0;6.0;48,3467840000;0,3707940000;
;1;06;06079;2;1;1.0;3.0;43,5473010000;6,9427300000;
;1;69;69266;2;2;7.0;3.0;45,7694000000;4,8647000000;
;1;2A;2A041;1;1;1.0;6.0;41,4611929065;9,2181778551;
;1;14;14654;1;1;1.0;7.0;48,9880180000;0,0495240000;
;1;59;59202;1;1;1.0;2.0;50,6805342797;2,8501213789;
;1;09;09086;1;9;9.0;7.0;43,0317800000;1,0819070000;
;1;69;69290;2;2;1.0;6.0;45,6902400000;4,9373000000;
;4;66;66165;1;3;1.0;2.0;42,6494580000;2,5561340000;
;3;60;60249;1;1;1.0;7.0;49,2811530000;2,3284580000;
;3;59;59580;1;1;1.0;2.0;50,8217341557;2,5881600380;
;1;66;66008;1;6;1.0;3.0;42,5401330000;3,0367980000;
;2;67;67482;1;3;1.0;3.0;48,5818500000;7,7035000000;
;1;10;10033;2;9;1.0;3.0;48,2370330000;4,7016390000;
;1;34;34240;1;1;7.0;2.0;43,6489090000;3,9841000000;
;3;36;36239;1;1;1.0;6.0;46,5128660000;1,4721680000;
;1;59;59515;1;1;1.0;4.0;50,3288400000;3,4382600000;
;1;67;67482;2;3;1.0;3.0;48,5953200000;7,7277500000;
;1;84;84063;1;1;1.0;1.0;44,2660470000;4,6830890000;
;1;83;83053;2;1;1.0;3.0;43,1650130000;5,8295130000;
;1;16;16286;2;2;1.0;4.0;45,7783810000; -0,0699040000;
;1;67;67482;2;1;1.0;6.0;48,5739700000;7,7426000000;
;1;59;59449;1;1;1.0;4.0;50,4618662431;3,2560515404;
;1;06;06048;2;3;1.0;6.0;43,8099050000;7,3160420000;
;1;24;24220;1;1;5.0;7.0;45,0427810000;0,8567620000;
;1;64;64132;1;6;1.0;3.0;43,2911061569; -0,3312823176;
;3;04;04152;1;1;1.0;6.0;43,8220650000;5,7523080000;
;5;94;94076;1;1;1.0;2.0;48,7857500000;2,3456800000;
;1;26;26072;1;1;1.0;6.0;45,1171150000;4,8931650000;
;5;85;85084;2;3;2.0;6.0;46,7746720000; -1,2310780000;
;1;64;64122;2;1;7.0;2.0;43,4865428313; -1,5481522679;
;1;85;85222;2;6;1.0;3.0;46,7012930000; -1,9341190000;
;1;37;37143;2;2;8.0;3.0;47,1367200000;0,7943410000;
;4;64;64122;2;1;1.0;6.0;43,4791700000; -1,5423300000;
;5;92;92064;1;1;1.0;6.0;48,8466526187;2,2236981409;
;3;06;06152;1;9;1.0;6.0;43,6136380000;7,0457300000;
;1;29;29046;1;1;1.0;3.0;48,0807280000; -4,3595390000;
;1;64;64024;2;3;1.0;3.0;43,4802400000; -1,5222200000;
;1;93;93066;1;1;1.0;2.0;48,9202900000;2,3575200000;
;1;02;02163;2;9;1.0;6.0;48,9722450000;3,2817900000;
;1;02;02676;1;1;1.0;7.0;49,5488180000;3,8746230000;
;5;987;98733;2;3;2.0;2.0; -17,6899310000; -149,5483490000;
;1;93;93005;1;1;1.0;3.0;48,9543000000;2,4736600000;
;3;45;45229;1;1;1.0;6.0;47,8205490368;2,7077128887;
;3;95;95252;1;1;1.0;6.0;48,9771092205;2,2344088554;
;1;13;13210;1;1;1.0;2.0;43,2848621721;5,4182638867;
;1;59;59599;2;1;1.0;3.0;50,7446260000;3,1737610000;
;1;2A;2A247;2;1;1.0;6.0;41,5898420000;9,2830180000;
;1;13;13215;1;1;1.0;2.0;43,3415557501;5,3766105874;
;1;59;59512;2;1;1.0;6.0;50,6894085690;3,1653526425;
;3;94;94046;1;1;1.0;2.0;48,8071100000;2,4488500000;
;1;34;34090;2;7;1.0;3.0;43,6427990000;3,9361950000;
;1;13;13106;1;1;1.0;6.0;43,3908023876;5,3509949147;
;5;42;42056;2;1;1.0;6.0;45,4125660000;4,7333960000;
;1;59;59350;2;5;1.0;3.0;50,6238800000;3,0432500000;
;1;13;13005;1;1;1.0;2.0;43,2884680000;5,5483080000;
;1;974;97416;2;1;1.0;5.0; -21,3309610000;55,4555580000;
;2;38;38001;1;4;5.0;1.0;45,5009440000;5,5929480000;
;1;13;13211;1;1;1.0;2.0;43,2920401133;5,4529633172;
;1;973;97302;2;1;2.0;3.0;4,9225100000; -52,3126100000;
;1;59;59286;2;1;7.0;3.0;50,6112400000;2,9905500000;
;1;69;69242;1;1;8.0;6.0;46,1112030000;4,7544140000;
;1;13;13213;1;1;1.0;4.0;43,3283406473;5,4171822605;
;1;58;58194;2;3;1.0;3.0;46,9910100000;3,1632100000;
;1;973;97302;2;1;1.0;6.0;4,9434036828; -52,3068737984;
;1;69;69009;2;1;1.0;4.0;45,9419850000;4,7158220000;
;3;69;69227;1;1;8.0;7.0;45,6545330000;4,5761920000;
;1;33;33162;1;1;1.0;2.0;44,8781700000; -0,6296900000;
;1;54;54395;2;6;1.0;2.0;48,6861400000;6,1918500000;
;1;69;69383;2;2;1.0;6.0;45,7486000000;4,8837800000;
;3;33;33249;1;1;3.0;6.0;44,8845400000; -0,5105500000;
;1;85;85240;2;3;1.0;3.0;46,9293000000; -0,9001860000;
;1;51;51454;2;2;1.0;3.0;49,2638500000;4,0179300000;
;1;22;22070;2;2;1.0;3.0;48,5632000467; -3,1606668238;
;1;91;91468;1;1;1.0;5.0;48,5738000000;2,4670700000;
;5;972;97213;1;1;1.0;3.0;14,6154700000; -61,0135700000;
;1;62;62318;2;9;1.0;6.0;50,5158340000;1,6338150000;
;1;50;50129;1;3;7.0;3.0;49,6457600000; -1,6922400000;
;1;91;91553;1;1;1.0;2.0;48,6297000000;2,4840000000;
;5;69;69199;2;1;1.0;1.0;45,7031300000;4,8446100000;
;1;50;50129;2;6;1.0;7.0;49,6362800000; -1,5761400000;
;1;69;69381;2;3;1.0;1.0;45,7697700000;4,8169600000;
;3;91;91345;1;1;1.0;2.0;48,6885400000;2,3247600000;
;1;33;33249;1;1;1.0;2.0;44,8769110000; -0,5085270000;
;1;69;69286;2;1;1.0;6.0;45,8168262403;4,9020910263;
;2;33;33366;1;1;1.0;6.0;44,9874070000; -0,4276290000;
;1;78;78206;1;1;1.0;3.0;48,9449700000;1,9494780000;
;1;49;49328;2;3;1.0;3.0;47,2519753048; -0,0941509008;
;5;69;69381;2;1;1.0;1.0;45,7664500000;4,8383200000;
;3;33;33318;1;1;1.0;6.0;44,7890100000; -0,6447100000;
;3;95;95306;1;1;1.0;5.0;49,0009875612;2,1728333831;
;1;971;97101;1;1;1.0;3.0;16,2470700000; -61,5263700000;
;1;45;45285;2;3;1.0;7.0;47,9167000000;1,8819200000;
;5;33;33013;1;1;1.0;5.0;44,8531800000; -0,5050300000;
;1;971;97101;1;1;1.0;6.0;16,2733700000; -61,5171800000;
;1;94;94052;1;1;1.0;4.0;48,8266944100;2,4666901824;
;5;95;95388;2;1;1.0;6.0;49,0283672640;1,9890511036;
;3;44;44184;2;1;1.0;2.0;47,2844600000; -2,3012200000;
;1;94;94017;1;1;1.0;3.0;48,8301000000;2,4871000000;
;3;94;94038;1;1;1.0;3.0;48,7748700000;2,3457300000;
;5;91;91687;2;9;1.0;3.0;48,6724070000;2,3893870000;
;1;78;78029;2;1;1.0;6.0;48,9625790000;1,8574280000;
;2;93;93066;1;1;1.0;4.0;48,9099200000;2,3582400000;
;1;94;94069;1;1;1.0;2.0;48,8160300000;2,4519400000;
;1;44;44184;2;6;1.0;6.0;47,2709000000; -2,2501800000;
;1;95;95582;1;1;1.0;6.0;48,9758700000;2,2394500000;
;5;78;78172;2;3;1.0;6.0;49,0058360000;2,1103670000;
;3;93;93066;1;1;5.0;6.0;48,9287100000;2,3604300000;
;1;56;56260;2;4;1.0;7.0;47,6519450000; -2,7833050000;
;5;44;44184;2;3;1.0;3.0;47,2843100000; -2,2013900000;
;3;95;95582;1;1;1.0;6.0;48,9664042548;2,2561240196;
;1;76;76474;2;1;1.0;6.0;49,4966400000;1,0485400000;
;1;95;95582;1;1;1.0;6.0;48,9626100000;2,2629100000;
;1;38;38179;2;1;1.0;2.0;45,1881700000;5,7774100000;
;5;38;38185;2;1;1.0;3.0;45,1613800000;5,7101300000;
;2;73;73137;2;3;2.0;3.0;45,5545936616;5,9217220545;