Num_Acc;lum;departement;commune;agglomeration;intersection;meteo;type_collision;lat;long;date
;1;81;81209;1;1;1.0;7.0;43,5171480000;2,3823170000;
;1;38;38181;1;1;1.0;6.0;45,3508790000;5,9884930000;
;5;62;62908;2;3;5.0;6.0;50,7314100000;1,7076320000;
;1;972;97221;1;3;1.0;6.0;14,5200660000; -60,9392470000;
;1;84;84052;1;9;1.0;1.0;43,7623500000;5,5814650000;
;1;51;51291;1;4;5.0;7.0;49,3422487707;3,9146250486;
;1;51;51264;1;1;5.0;7.0;48,7940860000;3,6266900000;
;3;08;08402;1;1;2.0;2.0;49,5901000000;4,4938800000;
;5;56;56240;2;1;1.0;6.0;47,5248260000; -2,7697400000;
;3;83;83116;1;1;1.0;2.0;43,4565560000;5,8451660000;
;3;56;56004;1;1;1.0;6.0;47,5210550000; -2,3747630000;
;1;01;01323;2;3;1.0;1.0;46,4272880000;4,9364810000;
;3;51;51449;1;1;1.0;1.0;49,2083180000;4,1791820000;
;1;26;26328;1;1;1.0;7.0;44,6945630000;5,1584890000;
;3;79;79079;1;3;1.0;6.0;46,9336490000; -0,7687210000;
;3;76;76548;1;1;1.0;1.0;49,4633830000;1,3399030000;
;1;58;58151;1;1;1.0;6.0;46,8721180000;3,4601570000;
;1;79;79185;1;1;8.0;6.0;46,3337730000; -0,2174310000;
;1;05;05179;1;1;1.0;3.0;44,5279800000;5,8105020000;
;1;79;79066;2;6;1.0;4.0;46,4852720000; -0,4046060000;
;1;2A;2A271;1;1;1.0;7.0;41,9541370000;8,7956390000;
;2;65;65271;1;2;1.0;1.0;43,0947080000; -0,0066250000;
;1;53;53145;1;1;1.0;1.0;47,8581500000; -0,7694270000;
;1;80;80681;1;2;5.0;1.0;49,7641360000;2,4096970000;
;1;32;32319;2;3;1.0;6.0;43,6050080000;0,0484510000;
;1;49;49125;1;1;1.0;7.0;47,1905140000; -0,2102210000;
;1;53;53062;2;3;1.0;3.0;47,8230630000; -0,7106630000;
;1;12;12133;2;1;1.0;6.0;44,2923050000;2,5610540000;
;1;32;32210;1;9;1.0;6.0;43,5714990000;1,1287160000;
;1;21;21086;2;1;1.0;1.0;46,9886110000;4,8285930000;
;1;41;41059;1;2;1.0;3.0;47,3825150000;1,3150330000;
;2;61;61233;2;1;5.0;6.0;48,6412070000; -0,3535820000;
;1;24;24026;1;1;1.0;7.0;45,1581200000;0,9402540000;
;2;41;41043;1;2;5.0;3.0;47,3020080000;1,5107060000;
;1;34;34094;1;1;1.0;6.0;43,4328370000;3,2560940000;
;1;39;39013;1;1;1.0;1.0;46,8987880000;5,7453920000;
;1;85;85284;2;1;1.0;6.0;46,7970890000; -1,8995600000;
;1;68;68258;2;1;1.0;6.0;47,8375120000;7,3028180000;
;1;44;44131;2;6;1.0;3.0;47,1233040000; -2,1235210000;
;1;27;27049;1;3;7.0;3.0;49,0233770000;0,6203730000;
;1;29;29146;1;2;1.0;6.0;47,9308900000; -3,8880820000;
;4;02;02664;1;1;5.0;5.0;48,9290830000;3,4702420000;
;1;29;29004;2;3;1.0;6.0;47,9325180000; -3,6987450000;
;1;84;84089;2;1;1.0;3.0;43,6864400000;5,5021710000;
;2;30;30327;1;1;1.0;1.0;44,2288570000;4,3165760000;
;3;29;29020;1;3;5.0;3.0;48,1232360710; -4,0204639435;
;3;72;72139;1;1;1.0;6.0;48,3182750000;0,0943060000;
;1;85;85146;1;1;1.0;2.0;46,9663740000; -1,2859560000;
;3;31;31037;1;1;5.0;6.0;43,3916390000;1,7992690000;
;1;42;42041;1;1;1.0;6.0;45,6906830000;4,1564690000;
;5;58;58149;2;1;1.0;1.0;46,8022630000;3,9670300000;
;3;31;31582;1;1;5.0;2.0;43,4154290000;1,7412470000;
;1;43;43265;1;1;5.0;7.0;45,2575040000;4,1639690000;
;1;58;58095;1;9;1.0;3.0;46,8027770000;3,4708740000;
;1;69;69244;2;5;1.0;3.0;45,7582610000;4,7747880000;
;1;21;21663;1;1;1.0;6.0;47,5433480000;4,4806030000;
;1;14;14570;1;1;1.0;7.0;49,0599760000;0,3448250000;
;1;14;14194;1;1;8.0;6.0;49,0793930000;0,3762560000;
;3;21;21534;1;1;5.0;1.0;47,0408419504;4,8992497288;
;3;85;85146;1;1;1.0;6.0;47,0054870000; -1,2837709400;
;1;40;40250;1;3;1.0;3.0;43,9146040000; -0,4460940000;
;1;69;69115;1;1;1.0;4.0;45,9732140000;4,7314330000;
;1;28;28227;1;1;5.0;2.0;48,5761490000;1,5667750000;
;1;37;37282;1;1;1.0;6.0;46,7821410602;0,8692288399;
;1;988;98808;1;1;1.0;1.0; -21,3068400000;165,4858500000;
;1;27;27517;1;1;1.0;7.0;49,1050760000;1,3453960000;
;1;988;98819;1;1;8.0;7.0; -20,4160300000;164,4050800000;
;5;68;68375;2;3;1.0;1.0;47,7746520000;7,2291720000;
;2;60;60142;1;1;1.0;2.0;49,1294990000;2,5437640000;
;3;976;97607;1;1;1.0;1.0; -12,8355270000;45,1544950000;
;1;988;98805;1;1;1.0;1.0; -22,1386980000;166,4271210000;
;3;77;77219;1;1;5.0;6.0;48,7937830000;2,9433490000;
;5;91;91579;2;1;1.0;6.0;48,5357360000;2,3224710000;
;1;83;83107;1;3;1.0;5.0;43,4121090000;6,6969610000;
;1;91;91179;1;1;1.0;3.0;48,5577930000;2,4992660000;
;1;05;05079;1;1;1.0;7.0;45,0529080000;6,3943430000;
;1;66;66017;1;9;1.0;1.0;42,7895750000;3,0230860000;
;1;13;13110;1;1;1.0;1.0;43,4824460000;5,6979780000;
;3;54;54155;1;1;1.0;7.0;48,6229241970;6,4716339111;
;1;55;55122;2;2;1.0;1.0;48,7589400000;5,5833240000;
;1;73;73303;1;1;1.0;7.0;45,7648339745;6,4792143702;
;1;54;54019;1;1;1.0;6.0;48,8089973499;5,8422160150;
;1;57;57433;2;9;1.0;6.0;49,2105960000;6,1601220000;
;1;42;42051;1;2;1.0;1.0;45,4717370000;4,7210200000;
;5;01;01249;2;2;8.0;1.0;45,8252930000;4,9559870000;
;1;60;60570;1;1;1.0;7.0;49,2501140259;2,0415494441;
;3;42;42075;1;1;5.0;4.0;45,5682550000;4,2263140000;
;1;38;38317;2;1;1.0;1.0;45,1058710000;5,7036370000;
;1;13;13071;1;1;1.0;4.0;43,4134100000;5,2808700000;
;1;69;69072;1;1;5.0;6.0;45,8259000000;4,7381100000;
;5;81;81105;2;1;1.0;7.0;43,7627950000;1,9875870000;
;1;42;42209;1;1;5.0;4.0;45,8689750000;4,2747970000;
;3;31;31420;2;1;1.0;6.0;43,4956780000;1,3990110000;
;1;69;69266;1;1;5.0;2.0;45,7704763083;4,9024343491;
;3;42;42169;1;1;5.0;1.0;45,4453190000;4,1335840000;
;1;85;85226;2;1;1.0;6.0;46,7568640000; -2,0241130000;
;1;69;69239;1;1;8.0;3.0;45,9159700000;4,4916900000;
;1;01;01249;1;1;5.0;5.0;45,8141790000;4,9522930000;
;3;73;73128;1;1;1.0;2.0;45,7176000000;5,9239700000;
;1;14;14046;1;1;1.0;1.0;49,2261320000; -0,2186110000;
;4;987;98747;2;1;2.0;6.0; -17,7302320000; -149,3111510000;
;3;35;35089;1;1;1.0;6.0;47,8989641724; -1,5002010763;
;1;57;57663;1;1;1.0;5.0;49,2253300000;6,1782100000;
;2;988;98825;1;1;3.0;3.0; -21,2605000000;164,9422700000;
;1;33;33192;1;1;1.0;6.0;44,7856230000; -0,5942120000;
;1;27;27004;1;1;1.0;1.0;49,0096700000;1,4180410000;
;5;92;92023;1;1;5.0;3.0;48,7766292971;2,2331996201;
;3;988;98825;1;3;2.0;6.0; -21,1293010000;164,9030690000;
;5;78;78118;1;1;1.0;6.0;48,9828200000;1,6849100000;
;1;60;60015;2;2;1.0;1.0;49,3278250000;2,3282970000;
;5;971;97121;2;1;1.0;4.0;16,1958830000; -61,7820560000;
;1;95;95018;1;1;8.0;6.0;48,9497999702;2,2801405191;
;1;60;60575;2;2;1.0;3.0;49,2938620000;2,1988530000;
;1;95;95424;1;1;1.0;5.0;48,9913319989;2,1914076805;
;1;2B;2B042;2;1;1.0;6.0;42,5636110000;9,4410860000;
;1;95;95488;1;1;1.0;2.0;49,0114670000;2,1525680000;
;1;83;83129;1;1;1.0;3.0;43,1205351938;5,8435249329;
;3;34;34024;2;1;2.0;1.0;43,4719610000;3,6917540000;
;1;78;78043;1;1;1.0;6.0;48,8341100000;2,0864180000;
;2;93;93053;1;1;5.0;3.0;48,8990887890;2,4695956707;
;1;06;06157;1;3;1.0;1.0;43,7347400000;7,1247360000;
;1;78;78043;1;1;1.0;2.0;48,8283190000;2,0788370000;
;3;95;95306;1;1;5.0;7.0;49,0012339119;2,1723532677;
;2;05;05136;1;1;1.0;6.0;44,7122200000;6,6014740000;
;1;13;13081;2;1;1.0;1.0;43,4900590000;5,2312030000;
;1;93;93066;1;1;1.0;4.0;48,9202300000;2,3574600000;
;1;32;32123;1;1;1.0;7.0;43,6606690000;0,9149550000;
;5;988;98818;2;4;8.0;6.0; -22,2677400000;166,4350300000;
;3;77;77169;1;1;8.0;6.0;48,8310047423;2,6053121465;
;3;26;26037;1;3;8.0;1.0;44,8545760000;4,9497380000;
;2;974;97416;1;1;1.0;1.0; -21,3112000000;55,5495000000;
;1;92;92024;2;1;1.0;6.0;48,9068004730;2,3088728785;
;1;31;31299;2;2;1.0;3.0;43,4302740000;1,2297870000;
;1;974;97411;1;9;2.0;7.0; -20,8943100000;55,5024100000;
;1;43;43157;2;1;7.0;6.0;45,0429354244;3,8884842396;
;2;35;35089;1;2;1.0;3.0;47,8932690000; -1,5032170000;
;1;72;72181;2;1;8.0;6.0;47,9803000000;0,2163000000;
;2;69;69386;2;2;1.0;3.0;45,7651000000;4,8532000000;
;1;13;13215;1;1;1.0;4.0;43,3780000000;5,3557000000;
;5;64;64445;2;1;1.0;6.0;43,2960000000; -0,3590000000;
;2;974;97407;2;1;3.0;7.0; -20,9345800000;55,3197800000;
;1;69;69386;2;1;1.0;2.0;45,7757200000;4,8463300000;
;3;13;13001;1;1;1.0;2.0;43,4722600000;5,4070000000;
;1;973;97302;2;1;1.0;2.0;4,9402967603; -52,3199093342;
;1;69;69387;2;2;1.0;3.0;45,7524300000;4,8461700000;
;1;973;97302;2;3;2.0;6.0;4,9394600000; -52,3010600000;
;3;13;13071;1;1;1.0;4.0;43,4053300000;5,3380900000;
;5;69;69383;2;1;1.0;6.0;45,7593409231;4,8669326305;
;1;972;97213;1;1;2.0;3.0;14,6196200000; -60,9934400000;
;1;13;13071;1;1;1.0;2.0;43,4105000000;5,2844000000;
;1;69;69388;2;2;1.0;3.0;45,7372800000;4,8615600000;
;2;13;13211;1;1;1.0;3.0;43,2876400000;5,4407100000;
;1;972;97209;2;9;1.0;7.0;14,6081620000; -61,0565440000;
;1;69;69202;2;1;5.0;1.0;45,7371300000;4,7840600000;
;3;01;01248;1;1;1.0;3.0;45,8872900000;4,8935000000;
;2;69;69385;2;1;1.0;3.0;45,7653700000;4,8290500000;
;1;971;97105;2;3;1.0;5.0;15,9955400000; -61,7318100000;
;1;69;69281;1;1;5.0;4.0;45,6393000000;4,8952800000;
;1;91;91425;1;9;1.0;3.0;48,6477180000;2,2587880000;
;3;95;95268;1;1;1.0;1.0;48,9657760000;2,4144380000;
;3;42;42218;1;9;1.0;3.0;45,4364200000;4,4453500000;
;3;71;71499;2;1;1.0;6.0;46,6654270000;4,3166320000;
;1;95;95280;2;1;1.0;1.0;49,0212921574;2,4533790350;
;5;64;64102;2;1;1.0;7.0;43,4882600000; -1,4654700000;
;3;59;59094;1;1;1.0;5.0;50,9591400000;2,1898300000;
;1;91;91179;1;1;1.0;2.0;48,5677800000;2,4722500000;
;5;62;62040;1;1;5.0;3.0;50,7272180000;2,2936140000;
;1;88;88413;2;6;1.0;3.0;48,2874000000;6,9446600000;
;5;59;59392;2;9;5.0;6.0;50,2721553536;3,9453942775;
;2;77;77251;1;1;8.0;3.0;48,6135500000;2,5671300000;
;1;81;81060;2;1;1.0;6.0;44,0559700000;2,1563440000;
;1;59;59350;2;2;1.0;3.0;50,6459455922;3,0101171136;
;4;94;94034;1;1;1.0;2.0;48,7502900000;2,3290900000;
;5;79;79191;2;2;1.0;3.0;46,3139300000; -0,4696700000;
;1;51;51230;2;2;1.0;2.0;49,0417600000;3,9502200000;
;1;95;95572;1;1;2.0;3.0;49,0341037635;2,1120384336;
;1;77;77155;1;9;1.0;6.0;48,8981100000;2,7425100000;
;1;49;49015;2;2;1.0;3.0;47,4942000000; -0,5827800000;
;2;93;93027;1;1;4.0;6.0;48,9276852208;2,4033933878;
;1;76;76484;1;6;1.0;3.0;49,3514700000;1,0286670000;
;1;44;44055;1;2;8.0;3.0;47,2743000000; -2,3208000000;
;1;76;76497;1;1;1.0;7.0;49,3910525364;1,0418002397;
;1;77;77294;1;1;1.0;6.0;48,9675500000;2,6032800000;
;1;43;43157;2;4;1.0;3.0;45,0336400000;3,8830100000;
;1;74;74012;2;1;1.0;6.0;46,1965220000;6,2338020000;
;1;94;94028;1;1;1.0;3.0;48,7815178974;2,4409339056;
;1;42;42184;2;3;1.0;3.0;46,0457871500;4,0401511788;
;1;64;64024;2;1;1.0;1.0;43,5014500000; -1,5369200000;
;1;73;73065;2;3;1.0;6.0;45,5672500000;5,9187435083;
;5;35;35278;2;6;1.0;3.0;48,1369790910; -1,6720086336;
;1;64;64024;2;1;1.0;3.0;43,4932000000; -1,5250600000;
;4;33;33075;2;1;1.0;6.0;44,8752400000; -0,6195300000;
;5;33;33063;2;1;1.0;6.0;44,8329500000; -0,5797100000;
;5;13;13208;2;1;1.0;2.0;43,2441000000;5,3713100000;
;1;33;33009;2;1;1.0;6.0;44,6575070000; -1,1927730000;
;5;13;13208;2;1;1.0;3.0;43,2525200000;5,3758400000;
;5;73;73008;2;6;1.0;1.0;45,6942700000;5,8998000000;
;5;31;31555;2;1;1.0;7.0;43,6249300000;1,4587000000;
;5;31;31555;2;9;1.0;6.0;43,6149497275;1,4425322413;
;1;34;34324;2;3;1.0;6.0;43,2388760000;3,2769510000;
;1;69;69092;2;3;1.0;2.0;45,9823499674;4,6863619921;
;5;31;31555;2;1;1.0;2.0;43,6005640000;1,4478980000;
;1;64;64102;2;1;1.0;2.0;43,5115410000; -1,4407000000;
;5;29;29232;2;1;1.0;6.0;48,0169000000; -4,0960300000;
;1;64;64545;1;4;1.0;3.0;43,3528100000; -1,6672280000;
;1;64;64102;2;1;1.0;3.0;43,4915700000; -1,4693000000;
;2;25;25462;2;1;1.0;6.0;46,9010960000;6,3537670000;
;5;61;61169;2;1;1.0;7.0;48,7489000000; -0,5684600000;
;1;64;64269;1;3;1.0;3.0;43,2992700000; -0,3068300000;
;5;64;64445;2;1;1.0;6.0;43,2983100000; -0,3703100000;
;1;17;17306;2;1;1.0;2.0;45,6248460000; -1,0261300000;
;1;61;61001;2;1;1.0;3.0;48,4325700000;0,0862000000;
;1;15;15014;2;1;1.0;6.0;44,9145000000;2,4407000000;
;1;48;48095;2;9;7.0;1.0;44,5290220000;3,4744940000;
;5;13;13208;2;1;1.0;1.0;43,2361600000;5,3614900000;
;1;41;41018;2;1;1.0;6.0;47,5886000000;1,3313400000;
;2;37;37261;2;1;1.0;7.0;47,3933306991;0,6744736433;
;1;13;13214;2;1;1.0;3.0;43,3283500000;5,3987500000;
;1;34;34108;2;3;1.0;3.0;43,4232960000;3,7091430000;
;1;34;34172;2;1;1.0;3.0;43,5926740000;3,8590750000;
;1;33;33249;2;1;1.0;3.0;44,8655800000; -0,5183400000;
;3;29;29232;1;1;1.0;6.0;47,9484600000; -4,0745200000;
;1;13;13203;2;1;1.0;1.0;43,3136800000;5,3865000000;
;1;28;28229;1;1;1.0;1.0;48,4581200000;1,4457400000;
;3;17;17028;1;1;1.0;6.0;46,1403800000; -1,1054600000;
;4;13;13005;2;1;1.0;6.0;43,2903339726;5,5711793898;
;1;13;13209;2;1;1.0;6.0;43,2459652466;5,3998196961;
;1;09;09122;1;1;1.0;6.0;42,9505090000;1,6248430000;
;5;06;06088;2;2;1.0;3.0;43,6824500000;7,2323900000;
;2;11;11069;1;1;1.0;3.0;43,2318500000;2,3737500000;
;1;05;05061;2;1;1.0;7.0;44,5635800000;6,0895200000;
;1;01;01451;1;1;1.0;1.0;46,2855410000;5,2310350000;
;1;75;75119;2;1;1.0;4.0;48,8894500000;2,3967590000;
;1;75;75116;2;1;1.0;3.0;48,8620140000;2,2643930000;
;5;75;75116;2;1;1.0;6.0;48,8724430000;2,2822780000;
;1;75;75120;2;1;1.0;3.0;48,8634540000;2,3898020000;
;5;75;75120;2;4;1.0;2.0;48,8645620000;2,4125060000;
;1;75;75119;2;2;1.0;3.0;48,8924440000;2,3789160000;
;1;75;75119;2;2;1.0;3.0;48,8828110000;2,3703550000;
;1;75;75117;2;1;1.0;3.0;48,8780360000;2,2965110000;
;5;75;75117;2;2;1.0;3.0;48,8810770000;2,2897000000;
;1;75;75113;2;4;1.0;3.0;48,8226250000;2,3729830000;
;3;59;59266;1;9;1.0;1.0;50,5409130000;3,0011130000;
;1;33;33529;1;1;1.0;4.0;44,6174139418; -1,1157721281;
;1;75;75111;2;4;1.0;3.0;48,8664700000;2,3682080000;
;3;974;97414;2;1;1.0;2.0; -21,2841909861;55,4045516328;
;1;75;75109;2;5;1.0;3.0;48,8783110000;2,3449620000;
;3;34;34163;1;1;1.0;6.0;43,6302097719;3,7159755325;
;1;75;75114;2;2;1.0;3.0;48,8264810000;2,3415990000;
;3;62;62437;2;1;1.0;6.0;50,5465650000;1,9995710000;
;5;75;75107;2;3;1.0;6.0;48,8574980000;2,3053530000;
;3;83;83140;1;1;1.0;6.0;43,4029900000;5,9460390000;
;1;988;98818;2;3;1.0;3.0; -22,2683700000;166,4726600000;
;5;75;75107;2;4;1.0;7.0;48,8590510000;2,3226370000;
;1;57;57016;1;1;1.0;6.0;49,2818740000;6,5476160000;
;1;976;97611;2;1;1.0;1.0; -12,8112400000;45,2028200000;
;1;75;75104;2;2;1.0;7.0;48,8562840000;2,3566030000;
;1;51;51620;1;1;1.0;1.0;49,1619580000;4,8667720000;
;1;974;97416;1;1;1.0;2.0; -21,2874290000;55,5096330000;
;1;75;75103;2;4;1.0;6.0;48,8664650000;2,3604390000;
;3;81;81272;1;1;1.0;6.0;43,9210380000;1,6173670000;
;1;974;97411;2;1;1.0;7.0; -20,8771600000;55,4551700000;
;1;94;94046;2;3;7.0;3.0;48,8100900000;2,4329300000;
;3;11;11269;2;1;1.0;2.0;43,2939700000;2,9683690000;
;5;973;97302;2;1;1.0;7.0;4,9418123664; -52,3247493804;
;4;973;97302;2;1;1.0;7.0;4,9281112131; -52,2900778055;
;1;34;34175;1;1;1.0;5.0;43,6058160000;3,3692840000;
;5;94;94079;2;2;1.0;3.0;48,8195582489;2,5435307622;
;1;973;97302;2;1;1.0;3.0;4,9390212079; -52,3263680935;
;1;35;35132;2;1;7.0;1.0;48,6092920000; -1,8198040000;
;1;93;93066;2;1;1.0;3.0;48,9453852176;2,3427451551;
;3;35;35060;1;1;1.0;6.0;48,1999290000; -1,9954830000;
;1;93;93053;2;3;1.0;1.0;48,8899000000;2,4510500000;
;1;973;97302;2;2;1.0;3.0;4,9335306024; -52,3133245111;
;1;02;02071;1;1;1.0;6.0;49,4098880000;3,1284860000;
;1;973;97302;2;6;8.0;7.0;4,9331600000; -52,3096200000;
;5;93;93029;2;1;1.0;6.0;48,9162900000;2,4438100000;
;3;03;03003;1;1;1.0;6.0;46,7102600000;2,7160080000;
;1;01;01108;2;1;1.0;6.0;46,3832610000;5,3455170000;
;5;69;69382;2;3;1.0;3.0;45,7530400000;4,8339300000;
;1;92;92044;2;2;1.0;3.0;48,8930932915;2,2927031815;
;1;14;14706;2;1;1.0;1.0;49,3201780000;0,1920350000;
;1;92;92026;2;1;1.0;3.0;48,9054119323;2,2562726140;
;1;69;69381;2;3;1.0;7.0;45,7681400000;4,8378700000;
;1;50;50108;1;3;1.0;3.0;48,6259790000; -1,3830890000;
;1;69;69389;2;1;1.0;3.0;45,7734600000;4,8093200000;
;1;54;54168;1;1;1.0;7.0;48,7442385740;6,2545767319;
;5;2A;2A004;2;1;1.0;7.0;41,9336048132;8,7335434557;
;1;67;67061;1;1;1.0;2.0;48,8203290000;7,4483660000;
;1;2A;2A004;1;1;1.0;7.0;41,9159100000;8,6435300000;
;2;68;68300;1;1;1.0;3.0;47,7847880000;7,4334740000;
;1;45;45146;2;2;7.0;3.0;47,7156120000;1,9391510000;
;1;41;41252;1;9;1.0;6.0;47,6881860000;1,4265490000;
;5;95;95210;2;3;1.0;3.0;48,9660925790;2,3008807003;
;1;18;18197;2;1;1.0;6.0;46,7353830000;2,4897770000;
;3;10;10043;1;1;1.0;7.0;48,5457620000;4,0290480000;
;2;91;91589;2;1;1.0;3.0;48,6754410000;2,3395050000;
;1;50;50601;1;1;1.0;2.0;48,9977050000; -0,9137110000;
;1;14;14579;1;1;1.0;6.0;49,0504904983; -0,7152271270;
;1;53;53045;1;1;1.0;7.0;48,0759860000; -0,9879650000;
;1;84;84031;2;3;1.0;3.0;44,0425100000;5,0374600000;
;3;87;87122;1;9;1.0;6.0;46,0426310000;1,3520670000;
;3;21;21317;1;1;1.0;2.0;47,5382100000;5,1289420000;
;1;80;80021;2;1;1.0;6.0;49,8869400000;2,3161900000;
;1;62;62611;1;1;1.0;6.0;50,2442729359;2,8125288212;
;1;85;85018;2;3;7.0;6.0;46,9163990000; -2,0423010000;
;1;57;57623;1;1;1.0;1.0;48,5473645420;7,1780795407;
;1;77;77186;1;1;1.0;2.0;48,4829400000;2,6666400000;
;1;27;27210;1;1;1.0;5.0;49,1257360000;0,8349610000;
;1;56;56054;2;2;7.0;3.0;47,6375010000; -3,1520090000;
;1;76;76540;2;2;1.0;3.0;49,4381100000;1,0919300000;
;1;56;56101;1;1;1.0;7.0;47,8647160000; -3,1860350000;
;3;23;23008;2;9;1.0;7.0;45,9591230000;2,1921910000;
;2;56;56002;1;1;1.0;6.0;47,5890320000; -2,5500670000;
;1;74;74012;2;1;1.0;3.0;46,1928000000;6,2296000000;
;1;87;87051;2;1;1.0;7.0;45,6288660000;1,5724700000;
;1;56;56158;2;1;1.0;1.0;47,6834510000; -2,7975540000;
;1;72;72181;2;1;1.0;6.0;47,9751351165;0,2067410944;
;1;71;71076;2;1;1.0;2.0;46,8033000000;4,8453900000;
;1;77;77347;1;1;1.0;6.0;48,4718120000;3,2280920000;
;1;67;67436;1;9;1.0;7.0;48,4003560000;7,1225270000;
;1;69;69266;2;2;1.0;6.0;45,7654700000;4,9010800000;
;3;13;13051;1;1;1.0;5.0;43,5739240000;5,1314740000;
;3;76;76615;1;1;1.0;6.0;49,5970610000;0,2026780000;
;5;69;69266;2;3;1.0;6.0;45,7753200000;4,8700000000;
;3;01;01067;1;1;1.0;4.0;46,1137060000;5,4884000000;
;2;69;69264;2;4;1.0;1.0;45,9820000000;4,7150000000;
;1;65;65127;1;3;1.0;3.0;43,0878130000;0,3378730000;
;1;32;32032;1;1;1.0;6.0;43,6027380000;0,2560950000;
;1;64;64348;1;1;1.0;3.0;43,3489800000; -0,3799800000;
;1;01;01033;1;1;1.0;4.0;46,1636240000;5,7594610000;
;1;71;71490;2;2;1.0;3.0;46,5360930000;4,1314710000;
;5;64;64125;1;1;2.0;1.0;43,4415900000; -1,5864600000;
;3;89;89333;1;1;1.0;6.0;47,5036420000;4,0460910000;
;3;06;06004;1;1;1.0;2.0;43,6083169162;7,0967993553;
;2;62;62510;2;1;1.0;6.0;50,4260630000;2,7753740000;
;1;42;42267;2;3;1.0;3.0;46,1528450000;4,1557360000;
;5;976;97613;2;1;1.0;7.0; -12,7561440000;45,0809220000;
;1;62;62848;1;1;1.0;3.0;50,5082100000;2,6415600000;
;1;46;46083;1;1;1.0;1.0;45,0362130000;1,5050570000;
;1;971;97103;1;1;1.0;4.0;16,2525830000; -61,5812550000;
;1;60;60057;2;3;1.0;3.0;49,4365000000;2,0758100000;
;1;22;22264;1;1;3.0;1.0;48,7603830000; -3,1993390000;
;1;54;54395;2;1;1.0;2.0;48,6830850000;6,2028950000;
;3;27;27399;1;1;1.0;4.0;49,0774920000;1,3927320000;
;3;44;44072;1;1;1.0;2.0;47,4567710000; -2,3140920000;
;1;54;54395;2;3;1.0;2.0;48,7002800000;6,1667600000;
;1;988;98829;2;1;8.0;1.0; -21,6355450000;166,2007050000;
;1;29;29049;1;9;1.0;3.0;48,0436780000; -3,9126830000;
;1;971;97117;1;1;8.0;7.0;16,2816010000; -61,4225760000;
;1;54;54257;2;1;1.0;2.0;48,6516600000;6,1842700000;
;1;38;38314;1;1;1.0;1.0;45,4117530000;6,0219240000;
;3;971;97129;1;3;1.0;4.0;16,2978460000; -61,6709270000;
;1;51;51454;1;6;1.0;2.0;49,2128300000;4,0145200000;
;1;58;58267;1;1;1.0;7.0;47,1011990000;3,5207010000;
;1;51;51454;1;1;1.0;6.0;49,2449000000;4,0182000000;
;5;13;13088;2;2;1.0;2.0;43,3673880000;5,2477960000;
;1;54;54152;2;1;1.0;6.0;48,5568697560;6,3902717837;
;2;77;77115;1;1;1.0;6.0;48,2451680000;2,9747630000;
;1;14;14456;1;1;1.0;6.0;49,1212560000; -0,1390030000;
;1;50;50502;2;1;1.0;6.0;49,1079200000; -1,0714680000;
;3;95;95241;1;1;1.0;6.0;49,0402967524;2,4460995197;
;2;14;14057;1;1;1.0;6.0;49,1147680000; -0,2356480000;
;4;49;49007;2;3;1.0;3.0;47,4854600000; -0,5157800000;
;3;26;26165;1;9;1.0;2.0;44,7849570000;4,8311950000;
;2;38;38344;1;1;1.0;6.0;45,3957738300;4,8088788556;
;1;47;47201;2;1;1.0;2.0;44,1937800000;0,5959800000;
;3;90;90101;1;1;1.0;6.0;47,5779990000;7,0182920000;
;1;60;60277;2;9;1.0;2.0;49,4249400000;2,0355730000;
;1;45;45169;2;2;1.0;3.0;47,9254200000;1,8461000000;
;1;21;21195;1;1;1.0;7.0;46,9821340000;4,6438320000;
;1;44;44055;2;1;8.0;6.0;47,2792630000; -2,4226570000;
;1;88;88175;1;3;1.0;1.0;48,2159980000;6,5809230000;
;1;40;40062;1;1;1.0;7.0;43,9115280000; -0,5452180000;
;3;38;38151;2;1;1.0;1.0;45,1587000000;5,7077800000;
;5;54;54115;2;1;1.0;3.0;48,7356700000;6,1655900000;
;3;85;85022;1;2;1.0;6.0;46,4340760000; -1,4780634000;
;1;25;25462;1;1;1.0;7.0;46,9122100000;6,3331000000;
;2;63;63226;1;1;1.0;6.0;45,7565130000;3,2596830000;
;1;37;37237;2;1;1.0;1.0;47,4426890000;0,5686280000;
;1;08;08057;1;1;7.0;1.0;49,4557870000;4,8293250000;
;1;69;69174;1;1;1.0;1.0;45,9281100000;4,3859910000;
;1;17;17415;2;1;1.0;7.0;45,7453600000; -0,6228800000;
;2;81;81140;2;1;1.0;2.0;43,6988640000;1,8142350000;
;1;15;15014;2;1;1.0;3.0;44,9107200000;2,4262100000;
;1;09;09306;2;4;1.0;3.0;42,8476510000;1,6034250000;
;1;973;97309;1;1;3.0;1.0;4,8773570821; -52,2789788246;
;1;86;86095;1;1;1.0;7.0;46,7151450000;0,4152170000;
;1;34;34213;1;1;1.0;2.0;43,4800630000;3,6776730000;
;1;14;14118;2;1;1.0;2.0;49,1716200000; -0,3840900000;
;3;27;27644;1;1;1.0;7.0;49,1371930000;1,5441800000;
;1;34;34202;2;6;1.0;7.0;43,5884030000;3,7676290000;
;1;62;62811;1;1;7.0;7.0;50,6449230000;2,2563390000;
;1;13;13103;1;1;1.0;3.0;43,6756595520;5,0927072016;
;1;971;97124;2;1;1.0;6.0;16,0137390000; -61,7200500000;
;1;62;62604;1;6;1.0;7.0;50,6116080000;1,6327040000;
;3;77;77327;1;1;1.0;2.0;48,5563580000;2,9893000000;
;5;13;13208;2;1;1.0;7.0;43,2717400000;5,3773900000;
;4;59;59151;2;1;1.0;2.0;50,2543894873;4,0724802911;
;1;77;77115;1;1;1.0;7.0;48,2524620000;2,9709970000;
;1;95;95039;2;1;1.0;6.0;49,0734860000;2,1871810000;
;5;13;13208;2;1;1.0;3.0;43,2787000000;5,3878000000;
;3;2B;2B148;1;3;1.0;3.0;42,5419670000;9,4803000000;
;1;13;13215;2;1;1.0;4.0;43,3395679906;5,3660680999;
;1;34;34024;2;6;1.0;7.0;43,4640436522;3,6896658968;
;1;13;13071;1;1;1.0;4.0;43,4104700000;5,2845300000;
;1;13;13005;2;1;1.0;3.0;43,2846700000;5,5487900000;
;3;34;34151;1;1;1.0;1.0;43,6338080000;4,1321470000;
;1;13;13214;2;1;1.0;2.0;43,3298600000;5,3997100000;
;1;13;13070;2;1;1.0;3.0;43,2818100000;5,5125600000;
;5;83;83065;1;1;1.0;3.0;43,2638310000;6,6114950000;
;1;13;13212;2;1;1.0;3.0;43,3199800000;5,4223200000;
;1;11;11069;2;1;1.0;6.0;43,2138000000;2,3553000000;
;1;13;13100;1;1;1.0;1.0;43,7972860000;4,7977480000;
;2;11;11069;2;2;1.0;2.0;43,2141500000;2,3451200000;