Num_Acc;lum;departement;commune;agglomeration;intersection;meteo;type_collision;lat;long;date
;1;01;01338;2;4;1.0;6.0;45,7103150000;5,5556420000;
;2;75;75112;2;2;1.0;3.0;48,8373080000;2,3912040000;
;1;69;69290;2;2;1.0;3.0;45,7157100000;4,9617100000;
;3;01;01163;1;2;1.0;3.0;46,4041460000;5,2217670000;
;2;75;75108;2;7;1.0;3.0;48,8643620000;2,3203460000;
;3;70;70058;2;1;1.0;6.0;47,5297060000;5,6803500000;
;5;67;67043;2;3;1.0;3.0;48,6141000000;7,7521800000;
;1;62;62215;1;1;1.0;6.0;50,4800440000;2,9494840000;
;1;75;75102;2;2;1.0;3.0;48,8634040000;2,3509580000;
;1;62;62480;2;1;1.0;6.0;50,5001050000;2,6829540000;
;1;75;75103;2;1;1.0;6.0;48,8676750000;2,3567060000;
;1;60;60414;2;9;1.0;6.0;49,2558300000;2,4324700000;
;1;50;50151;1;2;7.0;3.0;49,1902380000; -1,5230870000;
;3;50;50410;1;1;1.0;6.0;48,5644800000; -1,5118800000;
;1;59;59392;2;1;1.0;6.0;50,2730600000;3,9668700000;
;1;59;59328;2;2;1.0;5.0;50,6546273489;3,0186070203;
;1;50;50468;1;1;1.0;7.0;49,2326270000; -1,1214530000;
;1;59;59486;2;1;1.0;6.0;50,4123190768;3,1333029268;
;1;59;59428;2;3;1.0;3.0;50,1875240177;3,2226204872;
;1;43;43187;1;2;1.0;3.0;45,1595460000;3,8286710000;
;1;57;57368;2;1;1.0;2.0;49,3409600000;6,0390000000;
;1;57;57283;2;9;1.0;1.0;49,2501650112;6,1696187280;
;1;55;55545;2;1;1.0;7.0;49,1653700000;5,3800100000;
;1;54;54395;2;1;1.0;6.0;48,6789550000;6,1721990000;
;3;54;54096;1;1;1.0;2.0;49,4364780000;5,8735850000;
;1;51;51242;2;1;1.0;7.0;48,9451100000;4,3332200000;
;1;49;49267;2;1;1.0;7.0;47,4667000000; -0,4903700000;
;1;45;45234;2;2;1.0;3.0;47,9148300000;1,8993900000;
;1;93;93013;1;1;1.0;5.0;48,9404700000;2,4241100000;
;1;45;45004;2;1;1.0;6.0;47,9865300000;2,7325500000;
;1;93;93027;1;1;2.0;3.0;48,9240271676;2,3870856061;
;1;44;44143;2;1;1.0;7.0;47,1917200000; -1,5517800000;
;1;93;93027;1;1;8.0;6.0;48,9273500000;2,4034700000;
;1;38;38185;2;1;1.0;3.0;45,1773600000;5,7179500000;
;1;94;94071;2;3;1.0;6.0;48,7809100000;2,5167800000;
;2;37;37233;2;2;1.0;3.0;47,3949135576;0,7220530137;
;1;37;37261;2;1;1.0;7.0;47,4053205652;0,6842258200;
;5;76;76497;2;1;2.0;6.0;49,3895500000;1,0230600000;
;1;35;35278;1;1;1.0;5.0;48,1408360000; -1,6854720000;
;1;35;35278;1;1;7.0;6.0;48,1632069672; -1,6800254211;
;1;74;74012;2;1;1.0;2.0;46,1880200000;6,2434800000;
;1;35;35055;2;1;1.0;6.0;48,0858000000; -1,6216700000;
;1;976;97611;2;1;1.0;7.0; -12,7832600000;45,2339600000;
;1;35;35238;2;1;1.0;6.0;48,1224500000; -1,7038300000;
;1;976;97611;2;1;1.0;7.0; -12,8156220000;45,1992430000;
;1;34;34129;2;1;1.0;3.0;43,5795000000;3,9319000000;
;1;34;34003;2;9;1.0;6.0;43,3118200000;3,4760900000;
;5;974;97411;2;3;1.0;3.0; -20,8898800000;55,4641000000;
;1;34;34003;2;3;1.0;3.0;43,3101500000;3,4778600000;
;1;973;97302;2;1;1.0;3.0;4,9354200000; -52,3126900000;
;1;33;33063;2;6;1.0;6.0;44,8241300000; -0,5446000000;
;1;973;97302;2;6;1.0;2.0;4,9332544680; -52,3096579313;
;1;33;33009;2;6;1.0;2.0;44,6573700000; -1,1583500000;
;1;31;31483;2;1;1.0;7.0;43,1065640000;0,7236530000;
;1;69;69388;2;2;1.0;3.0;45,7433400000;4,8742600000;
;5;69;69382;2;1;1.0;3.0;45,7474800000;4,8249700000;
;1;26;26198;2;6;1.0;3.0;44,5257900000;4,7453500000;
;1;95;95680;2;3;1.0;2.0;49,0038475010;2,4126416445;
;1;17;17300;1;1;1.0;4.0;46,1510000000; -1,1127000000;
;1;91;91339;2;1;1.0;2.0;48,6200000000;2,2600000000;
;2;13;13208;2;1;1.0;3.0;43,2617800000;5,3748400000;
;5;91;91687;2;1;1.0;4.0;48,6724350000;2,3894080000;
;1;13;13214;2;1;1.0;2.0;43,3260200000;5,3774300000;
;1;13;13204;2;1;1.0;1.0;43,3013700000;5,3925800000;
;1;87;87085;2;9;1.0;6.0;45,8742600000;1,2657300000;
;1;13;13206;2;1;1.0;6.0;43,2904100000;5,3771300000;
;1;86;86194;2;1;1.0;4.0;46,5988490000;0,3260270000;
;1;13;13215;2;1;1.0;3.0;43,3547900000;5,3704200000;
;1;84;84087;1;1;1.0;6.0;44,1528300000;4,8031200000;
;1;13;13209;2;1;1.0;3.0;43,2452038658;5,4212634561;
;2;84;84031;1;1;1.0;2.0;44,0466700000;5,0243900000;
;1;13;13215;2;1;1.0;1.0;43,3767584835;5,3568691546;
;1;83;83144;1;1;1.0;3.0;43,1372800000;5,9972200000;
;5;83;83129;2;1;1.0;2.0;43,0975700000;5,8290400000;
;1;09;09122;2;1;9.0;2.0;42,9633940000;1,6087780000;
;1;07;07008;1;1;1.0;3.0;44,7016300000;4,6497200000;
;1;83;83069;2;1;1.0;4.0;43,1210400000;6,1351400000;
;5;06;06069;2;6;1.0;6.0;43,6375250000;6,9408660000;
;1;80;80021;2;1;2.0;6.0;49,9073500000;2,2714800000;
;1;06;06069;2;1;1.0;7.0;43,6635500000;6,9161100000;
;3;78;78397;1;1;1.0;7.0;48,7533800000;1,9685000000;
;1;06;06069;2;3;1.0;3.0;43,6671310000;6,9370170000;
;1;78;78624;2;1;1.0;2.0;48,9890000000;1,9935100000;
;1;06;06029;2;1;1.0;6.0;43,5519430000;7,0170250000;
;1;77;77284;2;1;1.0;6.0;48,9574000000;2,8962900000;
;1;75;75119;2;1;1.0;4.0;48,9004790000;2,3752800000;
;1;76;76351;2;1;1.0;6.0;49,5022600000;0,1848500000;
;1;69;69290;2;1;1.0;3.0;45,7205900000;4,9277500000;
;1;75;75119;2;1;1.0;4.0;48,9003680000;2,3751870000;
;5;68;68224;2;1;1.0;4.0;47,7601100000;7,3222400000;
;1;75;75106;2;5;1.0;2.0;48,8524100000;2,3316900000;
;1;67;67482;2;1;1.0;2.0;48,5880000000;7,7571700000;
;1;75;75105;2;2;1.0;7.0;48,8480860000;2,3504800000;
;1;64;64189;2;3;1.0;3.0;43,3810839412; -1,6891050339;
;1;75;75120;2;4;1.0;3.0;48,8625780000;2,4109210000;
;1;64;64024;2;1;1.0;2.0;43,4965300000; -1,5110800000;
;1;75;75118;2;2;1.0;3.0;48,8915590000;2,3496250000;
;1;64;64140;2;2;1.0;3.0;43,5227190000; -1,4893650000;
;1;75;75115;2;3;1.0;2.0;48,8473710000;2,3030220000;
;1;75;75115;2;1;1.0;7.0;48,8400380000;2,2944640000;
;1;59;59090;2;3;1.0;3.0;50,6972165097;3,0920344591;
;1;75;75114;2;3;1.0;3.0;48,8296760000;2,3179810000;
;1;59;59508;2;3;1.0;3.0;50,7402800000;3,1318000000;
;1;75;75114;2;7;7.0;2.0;48,8372190000;2,3178970000;
;1;75;75113;2;2;1.0;6.0;48,8241640000;2,3767800000;
;5;57;57227;2;2;1.0;3.0;49,1865800000;6,8973000000;
;1;75;75112;2;3;1.0;3.0;48,8421030000;2,4490390000;
;1;56;56121;2;1;1.0;2.0;47,7497000000; -3,3872300000;
;1;49;49007;2;1;1.0;6.0;47,4765300000; -0,5473100000;
;1;75;75112;2;4;1.0;6.0;48,8394030000;2,3945110000;
;1;49;49007;2;1;1.0;7.0;47,4613600000; -0,6032400000;
;1;75;75112;2;1;1.0;6.0;48,8526930000;2,3713050000;
;1;49;49007;2;1;1.0;6.0;47,4743800000; -0,5386700000;
;1;49;49267;2;2;1.0;3.0;47,4707400000; -0,5189600000;
;1;75;75111;2;2;1.0;1.0;48,8535850000;2,3804250000;
;5;45;45004;2;9;1.0;6.0;47,9845300000;2,7497800000;
;1;44;44184;2;6;1.0;6.0;47,2735100000; -2,2062200000;
;2;41;41269;2;1;1.0;6.0;47,7946100000;1,0677500000;
;1;41;41295;2;1;1.0;6.0;47,5734000000;1,3692800000;
;1;41;41212;2;1;1.0;2.0;47,5664700000;1,3685600000;
;1;37;37261;2;6;1.0;3.0;47,3962444475;0,6838412583;
;1;37;37122;2;1;1.0;6.0;47,3489413796;0,6642182171;
;1;37;37261;2;1;1.0;6.0;47,3855714169;0,7025161386;
;1;37;37261;2;1;1.0;2.0;47,3699931123;0,6970712543;
;1;37;37261;2;1;8.0;6.0;47,3661700000;0,6987600000;
;5;35;35238;2;1;1.0;6.0;48,1085600000; -1,6881200000;
;1;35;35238;2;1;1.0;6.0;48,1252500000; -1,6853400000;
;1;33;33063;2;9;8.0;2.0;44,8316500000; -0,5570300000;
;1;33;33063;2;3;1.0;5.0;44,8669500000; -0,5484900000;
;1;29;29019;2;2;1.0;7.0;48,4025420000; -4,4819570000;
;1;26;26198;1;1;1.0;3.0;44,5656260000;4,7976740000;
;1;62;62456;1;1;3.0;6.0;50,4787730000;2,6151060000;
;1;13;13004;2;1;1.0;3.0;43,6866100000;4,6349200000;
;5;60;60057;2;1;2.0;6.0;49,4498500000;2,0999500000;
;1;06;06029;2;9;1.0;1.0;43,5536410000;7,0196380000;
;3;59;59599;2;1;3.0;6.0;50,7273599723;3,1492727995;
;1;59;59098;1;1;1.0;3.0;50,7656020000;3,0774250000;
;1;06;06123;2;1;1.0;1.0;43,6806540000;7,1808490000;
;1;59;59426;2;9;7.0;3.0;50,7476300000;3,1453700000;
;1;06;06123;2;1;1.0;1.0;43,6583730000;7,1878230000;
;5;59;59650;1;1;2.0;1.0;50,7020300000;3,2420700000;
;1;75;75119;2;1;1.0;3.0;48,8891940000;2,3965260000;
;5;59;59033;2;1;1.0;6.0;50,2068990000;3,8489150000;
;3;59;59350;2;7;3.0;6.0;50,6368800000;3,0638600000;
;1;75;75112;2;5;1.0;6.0;48,8500769956;2,3847386241;
;1;59;59350;2;1;1.0;6.0;50,6270590000;3,0501760000;
;1;59;59009;2;6;1.0;3.0;50,6510700000;3,1266100000;
;1;75;75105;2;3;1.0;3.0;48,8475239911;2,3431778513;
;1;59;59350;2;3;1.0;3.0;50,6307500000;3,0087500000;
;1;75;75119;2;1;1.0;2.0;48,8870201016;2,3679106687;
;1;59;59488;2;3;1.0;3.0;50,1818700000;3,2006900000;
;1;75;75119;2;1;1.0;6.0;48,8843780000;2,3661810000;
;1;47;47001;2;3;1.0;3.0;44,2067799432;0,6239837408;
;5;75;75119;2;1;2.0;3.0;48,8882960000;2,3754550000;
;1;45;45302;2;3;1.0;3.0;47,9522400000;1,8771800000;
;1;43;43251;2;1;2.0;2.0;45,0293400000;3,8782800000;
;1;75;75119;2;1;1.0;1.0;48,8877032892;2,3961331546;
;1;33;33063;2;1;1.0;6.0;44,8386300000; -0,5674100000;
;1;33;33063;2;1;1.0;6.0;44,8616309476; -0,5676680803;
;5;75;75117;2;5;3.0;3.0;48,8852283664;2,3072221332;
;5;31;31555;1;1;2.0;3.0;43,5635990000;1,4182860000;
;5;75;75117;2;4;1.0;7.0;48,8863369047;2,2954176165;
;1;31;31555;2;3;1.0;3.0;43,5734300000;1,4146400000;
;1;31;31555;1;1;1.0;2.0;43,6288140000;1,4782590000;
;5;28;28134;2;6;2.0;7.0;48,7343600000;1,3595600000;
;1;75;75116;2;1;1.0;4.0;48,8696665953;2,2565002278;
;1;14;14118;2;1;2.0;3.0;49,1594360000; -0,3603400000;
;1;13;13069;2;1;1.0;6.0;43,6339666356;5,1311364770;
;5;75;75113;2;7;1.0;6.0;48,8318516288;2,3558209643;
;5;13;13209;2;1;1.0;1.0;43,2336912505;5,4062873789;
;2;75;75108;2;7;1.0;3.0;48,8667875782;2,3220872446;
;1;13;13202;2;2;1.0;3.0;43,3063100000;5,3721700000;
;5;13;13201;2;1;1.0;6.0;43,2987700000;5,3847900000;
;1;75;75108;2;1;1.0;3.0;48,8756410000;2,2995130000;
;5;13;13001;2;1;1.0;2.0;43,5555744136;5,4197749479;
;5;75;75101;2;7;1.0;6.0;48,8622257801;2,3370200640;
;5;03;03185;2;2;2.0;1.0;46,3421420000;2,5891840000;
;1;75;75102;2;1;1.0;2.0;48,8713057705;2,3440458253;
;1;95;95488;1;1;1.0;6.0;49,0235187022;2,1335929231;
;2;35;35066;1;1;1.0;1.0;48,0408490000; -1,6920660000;
;1;94;94080;2;2;1.0;3.0;48,8484576607;2,4346357584;
;1;75;75113;2;1;1.0;3.0;48,8159890000;2,3626380000;
;1;94;94068;2;1;2.0;6.0;48,8081000000;2,4733900000;
;1;75;75105;2;2;1.0;6.0;48,8495890000;2,3448780000;
;1;94;94046;2;2;8.0;3.0;48,8118200000;2,4528600000;
;1;75;75120;2;7;1.0;3.0;48,8776640000;2,4082680000;
;1;94;94034;2;1;1.0;2.0;48,7653400000;2,3182500000;
;1;75;75118;2;4;8.0;6.0;48,8930650000;2,3276570000;
;5;75;75113;2;2;1.0;6.0;48,8361570000;2,3486450000;
;1;94;94002;2;3;2.0;3.0;48,7997804510;2,4262444675;
;1;75;75108;2;2;1.0;3.0;48,8675340000;2,2994060000;
;5;94;94044;2;1;1.0;3.0;48,7408430000;2,4814750000;
;5;94;94034;2;3;1.0;3.0;48,7553600000;2,3134900000;
;1;95;95527;2;3;1.0;2.0;49,0097733178;2,5321501493;
;1;93;93072;2;1;1.0;1.0;48,9648800000;2,3838900000;
;1;93;93066;2;1;1.0;3.0;48,9390530000;2,3479940000;
;1;93;93066;2;1;1.0;3.0;48,9463978503;2,3686882854;
;5;93;93055;2;6;8.0;3.0;48,8991480000;2,3969570000;
;1;93;93066;2;1;1.0;7.0;48,9381600000;2,3618400000;
;5;93;93051;2;6;1.0;6.0;48,8372000000;2,5478300000;
;1;93;93049;2;5;1.0;1.0;48,8613330000;2,5017930000;
;3;93;93005;2;2;1.0;6.0;48,9549940000;2,4978160000;
;1;93;93071;2;2;1.0;3.0;48,9334949585;2,5161816529;
;2;60;60130;2;1;1.0;6.0;49,3670080000;2,5123180000;
;1;93;93005;1;1;1.0;2.0;48,9583440000;2,4776590000;
;1;22;22209;2;1;1.0;2.0;48,5761670000; -2,1523330000;
;1;93;93001;2;2;1.0;6.0;48,9070000000;2,3760000000;
;1;06;06161;2;3;1.0;3.0;43,6360660000;7,1348760000;
;1;92;92020;2;1;1.0;7.0;48,7992915777;2,2849269211;
;1;31;31389;2;1;1.0;7.0;43,6432230000;1,5369210000;
;1;92;92004;2;1;1.0;6.0;48,9101483881;2,2773251384;
;5;83;83004;2;3;1.0;1.0;43,4625290000;6,4785860000;
;1;34;34297;1;1;1.0;1.0;43,8545830000;3,9290710000;
;5;91;91665;2;1;1.0;1.0;48,6603060000;2,2760050000;
;3;41;41018;1;1;1.0;6.0;47,6176490000;1,3233800000;
;1;47;47015;1;1;2.0;1.0;44,0269889923;0,6714423817;
;1;68;68156;2;1;1.0;7.0;47,9017180000;7,2556400000;
;1;69;69100;1;1;1.0;1.0;45,6615390000;4,8241300000;
;1;83;83019;1;1;1.0;6.0;43,1951810000;6,3818410000;
;1;44;44067;1;1;1.0;7.0;47,6751050000; -1,8171000000;
;1;69;69277;2;1;1.0;6.0;45,7325120000;4,9921380000;
;3;89;89399;2;3;1.0;6.0;48,2433780000;3,3094300000;
;1;60;60031;1;1;1.0;1.0;49,1602871393;3,0826783776;
;2;19;19160;1;1;1.0;6.0;45,5920370000;1,9783870000;
;1;23;23071;1;1;3.0;3.0;45,8310050000;2,1732970000;
;1;56;56036;1;1;2.0;1.0;47,8003430000; -3,3389210000;
;1;56;56214;1;1;1.0;7.0;47,5100358000; -2,8445041180;
;1;56;56178;2;1;1.0;2.0;48,0541890000; -2,9598820000;
;1;31;31056;1;1;1.0;7.0;43,6728310000;1,3590970000;
;1;2B;2B050;2;1;1.0;2.0;42,5519940000;8,7648530000;
;5;80;80410;2;1;1.0;6.0;49,7443010000;3,0702820000;
;1;65;65428;1;1;1.0;7.0;42,9698290000; -0,1550050000;
;1;80;80245;1;1;2.0;7.0;50,1344240000;2,0810290000;
;1;11;11397;2;1;1.0;6.0;43,2060130000;2,4353870000;
;3;55;55132;1;1;1.0;7.0;48,6427210000;5,0776150000;
;1;89;89164;1;1;2.0;6.0;47,5509870000;3,5313650000;
;1;12;12150;1;1;1.0;6.0;44,2955500000;2,0094680000;
;1;42;42021;1;1;1.0;7.0;45,5143430000;4,0907930000;
;1;39;39013;1;1;1.0;1.0;46,8940560000;5,7322800000;
;1;34;34029;1;1;1.0;1.0;43,5500720000;3,5126640000;
;3;44;44145;2;1;1.0;6.0;47,1922390000; -1,8537500000;
;1;29;29214;1;2;1.0;3.0;47,9419770000; -4,3436500000;
;1;22;22074;1;1;1.0;1.0;48,3289510000; -3,0705070000;
;3;64;64106;1;1;1.0;6.0;43,3129380000; -1,0103990000;
;1;29;29049;1;1;8.0;1.0;47,9654570520; -3,8587582113;
;1;73;73159;1;1;2.0;1.0;45,4670919772;6,0437783910;
;1;29;29217;1;1;1.0;2.0;47,8869491100; -3,7655201410;
;1;43;43268;1;1;1.0;7.0;45,1436760000;4,1001320000;
;1;40;40214;1;1;1.0;7.0;43,5715480000; -0,8762130000;
;3;24;24364;1;1;1.0;7.0;45,0436000000;1,2279370000;
;1;04;04208;1;1;1.0;6.0;43,9439510000;5,5653910000;
;1;58;58079;2;1;2.0;2.0;47,4562050000;3,5062050000;
;3;85;85187;1;2;1.0;6.0;46,7228350000; -0,8528410000;
;1;85;85090;1;1;1.0;6.0;46,8250664000; -0,9311643900;
;1;06;06059;1;1;1.0;3.0;43,7287160000;7,3717080000;
;2;28;28339;1;1;1.0;7.0;48,4326670000;1,2346640000;
;1;37;37251;1;1;1.0;1.0;47,5119833749;0,4273509979;
;2;06;06136;2;2;1.0;3.0;43,8766920000;7,4520740000;
;3;67;67296;1;1;1.0;6.0;48,6093910000;7,6999140000;
;1;73;73121;1;6;1.0;3.0;45,6240780000;6,3226430000;
;1;78;78233;1;3;1.0;3.0;48,8910760000;1,9906280000;
;1;27;27199;1;1;1.0;6.0;49,2742100000;1,6808220000;
;1;83;83001;1;1;1.0;6.0;43,5467397769;6,7914498584;
;1;27;27284;2;1;1.0;7.0;49,2812020000;1,7809650000;
;5;77;77325;2;6;1.0;3.0;48,4208850000;3,2371740000;
;1;27;27679;2;3;8.0;1.0;48,7440660000;0,9288920000;
;3;60;60494;1;1;2.0;5.0;49,1317230739;2,5602881294;
;2;49;49092;1;9;8.0;7.0;47,2438570000; -0,6739430000;
;1;77;77185;1;1;1.0;2.0;48,4450130000;2,5305760000;
;1;18;18279;1;1;1.0;2.0;47,2600680000;2,0452590000;
;1;987;98714;1;1;1.0;2.0; -16,3880000000; -151,7650000000;
;1;2B;2B274;1;1;2.0;3.0;42,5267010000;9,3695780000;
;5;988;98817;2;1;1.0;6.0; -22,2472070000;166,5704050000;
;3;34;34162;1;1;1.0;6.0;43,4875050000;3,5195520000;
;1;84;84003;2;3;1.0;3.0;43,8742350000;5,4023980000;
;3;83;83127;1;1;1.0;7.0;43,2741900000;5,7938260000;
;1;21;21194;1;3;1.0;3.0;47,0826050000;4,9284630000;
;1;67;67131;2;9;1.0;6.0;48,4894610000;7,7301040000;
;3;88;88136;1;1;8.0;2.0;48,2190110000;6,4530090000;
;3;01;01202;1;1;1.0;3.0;45,8960720000;5,3380680000;
;1;31;31263;2;1;1.0;6.0;43,4082950000;1,3920120000;
;1;65;65320;1;2;1.0;3.0;43,1288210000;0,1154370000;
;2;29;29055;2;3;2.0;3.0;48,5638520793; -4,3399143221;
;1;17;17097;1;3;1.0;3.0;45,6588360000; -0,9122790000;
;5;72;72154;2;9;1.0;6.0;47,7193080000; -0,1062530000;
;3;76;76464;1;1;2.0;7.0;49,3799280000;1,2622150000;
;3;60;60559;1;1;1.0;6.0;49,4137393878;2,2819444083;
;1;76;76448;2;1;1.0;2.0;49,4076520000;1,2405950000;
;5;59;59092;2;1;1.0;6.0;50,2849280000;3,3161330000;
;1;13;13001;1;1;1.0;3.0;43,4845400000;5,4083600000;
;1;13;13212;1;1;1.0;3.0;43,3147100000;5,4230500000;
;2;69;69259;2;9;1.0;7.0;45,7180100000;4,8676600000;
;3;33;33249;1;1;2.0;2.0;44,8764000000; -0,5083620000;
;1;13;13071;1;1;1.0;2.0;43,4126980000;5,2816690000;
;1;91;91064;1;1;1.0;4.0;48,7490900000;2,2118100000;
;1;94;94038;1;1;1.0;4.0;48,7748770719;2,3460855714;
;1;91;91553;1;1;1.0;2.0;48,6313900000;2,4949100000;
;3;78;78646;1;1;1.0;4.0;48,7918860000;2,0973860000;
;1;91;91086;1;1;1.0;3.0;48,6238500000;2,3778300000;
;3;92;92078;1;1;2.0;7.0;48,9311292993;2,3235279586;
;1;94;94034;1;1;1.0;7.0;48,7583800000;2,3376600000;
;4;93;93001;1;1;1.0;6.0;48,9212115236;2,3692000928;
;3;95;95580;1;1;3.0;2.0;49,0804359949;2,5513927497;
;1;78;78498;1;1;1.0;2.0;48,9049110000;2,0053050000;
;4;77;77058;1;1;1.0;3.0;48,8293947232;2,7161276299;
;3;95;95277;1;1;1.0;4.0;48,9702300000;2,4820100000;
;1;77;77146;1;1;1.0;2.0;48,8313160000;2,6430140000;
;3;94;94044;1;1;1.0;6.0;48,7579900000;2,4708400000;
;3;95;95563;1;1;1.0;2.0;49,0103700000;2,2301000000;
;1;50;50165;2;1;1.0;2.0;48,8460340000; -1,5820320000;
;1;88;88160;2;1;1.0;6.0;48,1837000000;6,4413600000;
;5;2A;2A004;2;1;1.0;6.0;41,9187126820;8,7368782660;
;1;75;75115;2;1;1.0;6.0;48,8520860000;2,2854360000;
;5;29;29019;2;1;2.0;6.0;48,3906400000; -4,4869700000;
;1;75;75119;2;2;1.0;6.0;48,8841780000;2,3686190000;
;1;976;97611;2;1;1.0;3.0; -12,7910600000;45,2198300000;
;5;75;75108;2;1;1.0;6.0;48,8682350000;2,3031480000;
;1;78;78015;1;1;1.0;1.0;48,9916200000;2,0571500000;
;1;976;97610;1;6;1.0;3.0; -12,7556900000;45,2328800000;
;5;988;98818;2;1;1.0;6.0; -22,2638600000;166,4552300000;
;1;974;97416;1;1;2.0;7.0; -21,2826100000;55,4637100000;
;1;974;97411;2;2;1.0;3.0; -20,8825200000;55,4553100000;
;2;974;97416;1;1;1.0;7.0; -21,2763300000;55,4693100000;
;5;973;97302;2;3;1.0;3.0;4,9375888801; -52,3159128428;
;1;973;97307;2;1;2.0;5.0;4,8849890000; -52,3357900000;
;1;973;97302;2;3;1.0;3.0;4,9355365848; -52,2950935364;
;1;973;97302;1;1;1.0;2.0;4,9040700000; -52,3238600000;
;1;973;97302;2;3;2.0;3.0;4,9357200000; -52,2954100000;
;5;69;69387;2;3;2.0;2.0;45,7449300017;4,8485782743;
;2;69;69034;2;1;1.0;2.0;45,7870200000;4,8343000000;
;5;69;69386;2;2;3.0;1.0;45,7638412730;4,8581850529;
;5;69;69385;2;1;1.0;6.0;45,7602800000;4,8281300000;
;1;69;69149;2;9;1.0;3.0;45,7173800000;4,8096900000;
;1;2B;2B120;2;1;1.0;2.0;42,6580300000;9,4413500000;
;1;971;97101;1;1;1.0;2.0;16,2998300000; -61,4895600000;
;5;91;91114;2;1;2.0;2.0;48,6962500000;2,5032000000;
;5;971;97120;2;8;1.0;6.0;16,2413800000; -61,5370600000;
;3;87;87038;1;1;1.0;4.0;45,8904000000;1,2670600000;
;3;87;87085;1;1;1.0;2.0;45,8396500000;1,2808900000;
;1;95;95127;2;1;1.0;1.0;49,0500000000;2,0316100000;
;5;83;83137;2;3;1.0;6.0;43,1241000000;5,9362480000;
;2;83;83069;2;1;1.0;3.0;43,1111500000;6,1152900000;
;1;83;83050;1;1;1.0;7.0;43,5525580000;6,4529350000;
;5;77;77061;2;3;2.0;3.0;48,3661005000;2,9817569000;
;5;77;77285;2;2;1.0;3.0;48,5429700000;2,6315700000;
;5;76;76351;2;4;1.0;6.0;49,5059600000;0,1217400000;
;5;80;80021;2;2;1.0;3.0;49,8953700000;2,3061900000;
;1;76;76351;2;3;1.0;3.0;49,4972100000;0,0959300000;
;2;71;71306;1;1;1.0;6.0;46,6743500000;4,3452000000;
;1;69;69290;2;2;1.0;1.0;45,7106800000;4,9603200000;
;1;67;67447;2;1;1.0;6.0;48,6126200000;7,7673400000;
;1;77;77333;2;3;8.0;6.0;48,2613900000;2,7026600000;
;5;64;64249;2;1;2.0;2.0;43,4213000000; -1,6052100000;
;1;72;72181;2;3;2.0;3.0;48,0045700000;0,2222500000;
;1;64;64284;2;1;1.0;3.0;43,2789100000; -0,3887900000;
;5;64;64122;2;1;2.0;3.0;43,4818400000; -1,5538700000;
;1;69;69264;2;9;1.0;2.0;45,9844800000;4,7369700000;
;1;69;69092;2;1;1.0;6.0;46,0020200000;4,7163600000;
;5;61;61001;2;1;2.0;2.0;48,4353800000;0,0967300000;
;1;59;59350;2;1;1.0;3.0;50,6456500000;2,9983600000;
;2;68;68166;2;2;1.0;3.0;47,7938400000;7,3356900000;
;5;59;59560;1;1;2.0;7.0;50,5408400000;3,0421900000;
;1;67;67482;2;3;1.0;3.0;48,5780300000;7,7040600000;
;1;57;57630;2;3;1.0;3.0;48,7403800000;7,0722600000;
;5;57;57227;2;1;1.0;7.0;49,1802504992;6,8898922204;
;5;67;67482;2;3;2.0;3.0;48,5897000000;7,7673300000;
;5;51;51454;2;1;2.0;7.0;49,2456900000;4,0406300000;
;1;67;67482;2;1;4.0;1.0;48,5611100000;7,7421800000;
;1;51;51454;2;6;1.0;3.0;49,2881400000;4,0235100000;
;1;64;64445;2;1;1.0;2.0;43,3013263658; -0,3832340240;
;5;49;49007;2;2;1.0;3.0;47,4652400000; -0,5502700000;
;1;49;49007;2;9;2.0;7.0;47,4636200000; -0,5552700000;
;1;49;49267;2;1;8.0;1.0;47,4825800000; -0,4938700000;
;1;49;49007;2;1;1.0;2.0;47,4495900000; -0,5309100000;
;1;64;64335;1;1;1.0;3.0;43,3433838304; -0,4146695137;
;3;49;49267;1;1;1.0;6.0;47,4723300000; -0,5040400000;
;1;43;43041;2;6;1.0;2.0;45,0498739127;3,9139920473;
;1;64;64122;2;1;1.0;3.0;43,4844940000; -1,5547620000;
;3;41;41295;1;1;8.0;6.0;47,5923830000;1,3615450000;
;1;64;64140;2;1;1.0;1.0;43,5261500000; -1,4936400000;
;1;37;37261;2;1;1.0;2.0;47,3764200000;0,7234800000;
;1;37;37261;2;1;1.0;2.0;47,3822298342;0,7050803304;
;1;63;63113;2;1;1.0;6.0;45,7708000000;3,0759100000;
;5;33;33063;2;1;2.0;3.0;44,8772400000; -0,5679200000;
;1;31;31069;1;1;1.0;6.0;43,6322000000;1,3810300000;
;5;31;31555;2;9;1.0;3.0;43,6476928533;1,4202699065;
;1;63;63113;2;1;1.0;5.0;45,7649000000;3,1236100000;
;3;29;29232;1;1;1.0;4.0;48,0212196508; -4,0830116270;
;5;59;59599;2;3;2.0;6.0;50,7328420000;3,1501210000;
;1;27;27701;2;1;1.0;6.0;49,2507000000;1,1810500000;
;1;22;22215;2;1;1.0;7.0;48,4933600000; -2,7778800000;
;1;54;54395;2;1;1.0;6.0;48,7013254077;6,1705344915;
;5;19;19031;2;1;1.0;3.0;45,1519100000;1,5028300000;
;1;18;18279;2;2;8.0;6.0;47,2251400000;2,0731200000;
;1;54;54395;2;1;1.0;2.0;48,6746210387;6,1973297596;
;5;17;17300;2;1;2.0;1.0;46,1669700000; -1,1505800000;
;1;51;51055;2;3;2.0;3.0;49,2707100000;4,0512800000;
;1;13;13039;2;1;1.0;3.0;43,4505200000;4,9388000000;
;1;50;50129;2;1;2.0;6.0;49,6390900000; -1,6200400000;
;1;49;49007;2;1;1.0;7.0;47,4634500000; -0,5454800000;
;1;11;11069;2;3;1.0;3.0;43,2108000000;2,3410000000;
;1;10;10387;2;1;1.0;3.0;48,2996100000;4,0895100000;
;2;45;45234;2;2;8.0;6.0;47,9086100000;1,8917400000;
;3;75;75118;2;1;1.0;2.0;48,9006160000;2,3303490000;
;5;75;75120;2;4;1.0;2.0;48,8714280000;2,4130020000;
;1;37;37122;1;9;8.0;2.0;47,3667341091;0,6543838978;
;5;75;75105;2;2;1.0;3.0;48,8494220000;2,3567160000;
;2;75;75119;2;3;8.0;7.0;48,8988540000;2,3781280000;
;1;35;35115;2;3;1.0;3.0;48,3474973795; -1,2040365860;
;5;75;75116;2;1;8.0;2.0;48,8479830000;2,2522840000;
;5;75;75115;2;2;8.0;3.0;48,8284950000;2,3013480000;
;1;34;34172;2;3;1.0;3.0;43,6184000000;3,8644900000;
;4;75;75115;2;4;2.0;2.0;48,8367460000;2,3063230000;
;1;34;34032;2;1;1.0;7.0;43,3550600000;3,2378400000;
;1;75;75115;2;2;1.0;6.0;48,8465590000;2,2886000000;
;1;33;33063;2;9;1.0;3.0;44,8399274424; -0,5603648099;