Num_Acc;lum;departement;commune;agglomeration;intersection;meteo;type_collision;lat;long;date
;5;75;75113;2;7;2.0;3.0;48,8322230000;2,3560660000;
;5;75;75111;2;4;1.0;6.0;48,8593670000;2,3828260000;
;5;75;75110;2;1;2.0;6.0;48,8793610000;2,3544450000;
;1;75;75109;2;1;1.0;6.0;48,8700180000;2,3285890000;
;5;29;29019;2;2;2.0;1.0;48,3988880000; -4,4891440000;
;1;75;75109;2;1;1.0;3.0;48,8707860000;2,3301330000;
;1;27;27229;2;1;2.0;3.0;49,0298282152;1,1705753177;
;1;94;94081;2;1;1.0;3.0;48,7739030000;2,3822000000;
;1;26;26198;2;1;1.0;6.0;44,5487800000;4,7423500000;
;5;94;94073;2;4;1.0;1.0;48,7662000000;2,3867000000;
;1;26;26198;2;1;1.0;2.0;44,5519400000;4,7662600000;
;1;93;93032;2;1;1.0;2.0;48,8832726614;2,5332276245;
;2;93;93027;2;2;1.0;3.0;48,9291812127;2,3966540876;
;1;25;25056;2;1;1.0;2.0;47,2443300000;5,9895900000;
;5;93;93010;2;2;2.0;6.0;48,9069700000;2,4883000000;
;1;93;93001;2;1;1.0;3.0;48,9128228358;2,4020190950;
;1;21;21054;2;3;1.0;6.0;47,0155000000;4,8308000000;
;2;93;93001;2;2;1.0;3.0;48,9175600000;2,3802200000;
;5;92;92020;2;1;1.0;2.0;48,8078200000;2,2950100000;
;5;18;18279;2;2;2.0;3.0;47,2191400000;2,0666000000;
;1;92;92024;2;2;1.0;1.0;48,9017100000;2,3148200000;
;2;14;14181;2;9;2.0;3.0;49,1606400000; -0,3361400000;
;5;92;92002;2;1;1.0;2.0;48,7443300000;2,3030600000;
;3;44;44180;1;1;1.0;6.0;47,5086790000; -1,1819800000;
;1;13;13103;2;1;1.0;2.0;43,6470420787;5,0565533454;
;3;95;95487;1;1;2.0;4.0;49,1507410000;2,2474010000;
;5;13;13215;2;1;1.0;7.0;43,3729200000;5,3499600000;
;1;83;83130;1;1;1.0;2.0;43,1847300000;6,0422230000;
;1;46;46063;1;3;1.0;4.0;44,2743804349;1,3431253612;
;1;13;13204;2;3;1.0;3.0;43,3032500000;5,4034900000;
;3;29;29020;1;1;2.0;6.0;48,0508880000; -4,0617670000;
;1;13;13207;2;9;1.0;6.0;43,2903000000;5,3711000000;
;1;22;22180;1;1;1.0;2.0;48,4249150000; -2,2046580000;
;1;13;13204;2;3;1.0;3.0;43,2966200000;5,4040800000;
;2;72;72008;1;6;1.0;6.0;47,9421210000;0,1835490000;
;1;13;13021;1;1;1.0;4.0;43,3318836877;5,1652166247;
;3;56;56078;1;1;1.0;1.0;47,7818540000; -3,5019890000;
;5;33;33514;2;3;1.0;6.0;45,5139860000; -1,1229120000;
;5;42;42289;2;1;1.0;6.0;45,9485910000;4,2094370000;
;1;42;42134;1;1;1.0;6.0;45,6888470000;4,0366820000;
;3;75;75113;2;1;1.0;7.0;48,8397240000;2,3693670000;
;5;75;75112;2;1;1.0;6.0;48,8379990000;2,4641020000;
;1;75;75111;2;4;1.0;6.0;48,8563410999;2,3709078133;
;1;75;75111;2;1;1.0;3.0;48,8541460000;2,3952220000;
;1;75;75109;2;5;1.0;6.0;48,8719810000;2,3400460000;
;1;75;75109;2;5;1.0;2.0;48,8719973438;2,3400543630;
;1;75;75101;2;2;1.0;6.0;48,8619910000;2,3501580000;
;1;94;94080;2;4;1.0;3.0;48,8459800000;2,4243100000;
;2;94;94003;2;1;1.0;3.0;48,7997400000;2,3392500000;
;1;93;93073;2;1;1.0;6.0;48,9413277642;2,5838497281;
;3;93;93066;2;2;1.0;3.0;48,9153240000;2,3527540000;
;1;93;93050;2;1;1.0;2.0;48,8645130000;2,5521360000;
;1;93;93007;2;2;1.0;6.0;48,9278300000;2,4741700000;
;1;92;92040;2;2;1.0;3.0;48,8217985925;2,2502837777;
;1;2A;2A065;1;1;1.0;1.0;42,1368840000;8,6122730000;
;1;38;38336;1;1;1.0;1.0;45,4824982115;4,8126764320;
;1;73;73085;1;1;1.0;7.0;45,7986687920;5,8622403133;
;1;16;16366;1;1;1.0;3.0;45,5942520000; -0,2130320000;
;3;972;97231;1;1;1.0;1.0;14,5350060000; -61,0530100000;
;1;28;28337;2;1;1.0;1.0;48,4252850000;1,3580560000;
;1;974;97414;1;1;1.0;2.0; -21,2808670000;55,3866930000;
;1;68;68315;2;3;7.0;3.0;47,8775990000;7,2201260000;
;1;71;71420;1;1;1.0;3.0;46,7064920000;5,0023200000;
;1;83;83116;2;6;1.0;3.0;43,4485299209;5,8608841896;
;1;51;51287;1;1;1.0;6.0;49,0909910000;3,9411200000;
;1;59;59130;1;1;1.0;1.0;50,8652825586;2,2147884965;
;1;59;59094;2;2;1.0;1.0;50,9443650000;2,1976140000;
;3;74;74223;1;1;1.0;1.0;46,0963070000;6,5959110000;
;1;79;79254;1;1;1.0;2.0;46,2687570000; -0,6412140000;
;1;2B;2B309;2;1;1.0;2.0;42,7465390000;9,4632840000;
;1;65;65252;2;1;1.0;6.0;43,1757170000; -0,1167710000;
;1;81;81277;1;1;1.0;6.0;43,9895570000;2,2492250000;
;1;71;71316;1;1;1.0;3.0;46,3438145298;4,4088917971;
;2;49;49048;1;3;1.0;2.0;47,5620630000; -0,5045290000;
;1;25;25099;1;3;1.0;7.0;46,9861010000;6,3521040000;
;1;44;44072;1;1;1.0;7.0;47,4870490000; -2,2972150000;
;3;44;44150;2;1;1.0;7.0;47,1215120000; -1,6351440000;
;1;31;31375;1;1;1.0;7.0;43,1773200000;1,2184100000;
;1;38;38027;1;6;1.0;3.0;45,4358490000;6,0024830000;
;2;03;03226;1;1;1.0;6.0;46,3797780000;3,8747190000;
;1;03;03297;1;1;1.0;6.0;46,5279700000;2,5877950000;
;1;54;54205;1;1;1.0;3.0;48,6702190838;5,7911682129;
;1;54;54054;2;2;1.0;6.0;48,4762640000;6,3132660000;
;1;73;73236;1;3;1.0;3.0;45,6028830747;5,6894561648;
;1;43;43267;2;1;1.0;7.0;45,1884800000;3,9099900000;
;1;36;36208;1;1;1.0;1.0;46,4841700000;2,0685360000;
;1;53;53246;1;1;1.0;6.0;48,3855280000; -0,0636010000;
;1;53;53249;1;1;2.0;6.0;48,2140930000; -0,2271940000;
;1;21;21050;1;1;1.0;1.0;46,9894090000;4,6816890000;
;1;24;24531;1;1;1.0;7.0;44,9899950000;1,1023660000;
;1;23;23102;1;1;1.0;7.0;46,2618520000;2,0311780000;
;3;87;87108;1;1;2.0;6.0;46,0555430000;0,9267430000;
;1;88;88075;1;1;1.0;3.0;48,0224800000;6,9057840000;
;1;88;88075;1;9;1.0;3.0;48,0193240000;6,8901440000;
;5;978;97801;2;6;1.0;6.0;18,0994780000; -63,0590670000;
;1;40;40152;1;1;1.0;6.0;43,9298590000; -1,1010360000;
;3;67;67506;1;1;1.0;2.0;48,6869230000;7,7288440000;
;1;57;57227;1;1;1.0;7.0;49,1782250000;6,9150780000;
;3;51;51572;1;1;1.0;7.0;49,0374460000;4,6270470000;
;3;78;78349;1;1;3.0;4.0;48,5841640000;2,0202320000;
;3;987;98729;2;1;1.0;1.0; -17,5912580000; -149,8308990000;
;5;971;97116;2;1;1.0;6.0;16,3398920000; -61,4562320000;
;1;37;37003;2;1;1.0;6.0;47,4177000000;0,9815970000;
;1;48;48119;1;1;1.0;3.0;44,5018310000;3,9169690000;
;3;06;06003;1;3;1.0;1.0;43,7706340000;6,8165070000;
;3;13;13100;1;1;1.0;3.0;43,7861180000;4,8595030000;
;1;08;08190;1;1;1.0;3.0;50,1320854121;4,8643581069;
;1;67;67151;1;1;1.0;6.0;48,6994800000;7,8777980000;
;1;55;55107;1;3;1.0;1.0;49,3010050000;5,4313230000;
;1;26;26079;1;3;1.0;3.0;44,9388590000;5,0815870000;
;1;33;33015;1;1;1.0;6.0;44,8901020000; -0,2792230000;
;1;33;33238;2;1;1.0;6.0;44,7455230000; -0,5941820000;
;1;50;50408;1;1;1.0;6.0;48,6262076000; -1,3477832000;
;1;27;27016;2;4;1.0;6.0;49,2470150000;1,4136540000;
;1;80;80185;1;1;1.0;3.0;49,7180420000;2,8450730000;
;2;13;13214;1;1;1.0;2.0;43,3322200000;5,3862100000;
;1;13;13214;1;1;1.0;6.0;43,3210670211;5,3752520988;
;1;69;69287;1;1;1.0;7.0;45,6851864492;5,0022339821;
;1;69;69029;1;1;1.0;5.0;45,7326971298;4,9000923331;
;1;69;69290;1;1;1.0;4.0;45,7109100000;4,9501900000;
;1;33;33167;1;1;3.0;5.0;44,8373900000; -0,5007100000;
;3;78;78423;1;1;1.0;6.0;48,7936900000;2,0406600000;
;1;95;95028;1;1;1.0;3.0;49,0617400000;2,3603200000;
;1;95;95277;1;1;1.0;2.0;48,9740998546;2,4904954433;
;1;93;93027;1;1;1.0;3.0;48,9346200000;2,3988600000;
;1;93;93027;1;1;1.0;2.0;48,9242100000;2,3882200000;
;1;93;93006;1;1;1.0;3.0;48,8689637416;2,4289176683;
;1;92;92036;1;1;1.0;4.0;48,9379818551;2,2973346169;
;1;93;93027;1;1;1.0;2.0;48,9274687309;2,4193219692;
;1;93;93007;1;1;1.0;2.0;48,9478800000;2,4442900000;
;3;94;94073;1;1;2.0;2.0;48,7701146919;2,3822327243;
;3;94;94081;1;9;1.0;3.0;48,7748852037;2,4115766055;
;1;94;94022;1;1;1.0;2.0;48,7761106967;2,4250518150;
;1;94;94017;1;1;1.0;4.0;48,8284416936;2,5027316394;
;1;77;77337;1;1;1.0;2.0;48,8299638999;2,6185584039;
;1;92;92026;2;9;2.0;6.0;48,8932982053;2,2523112595;
;3;79;79172;1;1;1.0;3.0;46,5062520000; -0,3357300000;
;1;69;69244;2;3;1.0;3.0;45,7638979534;4,7785592079;
;1;04;04049;2;2;1.0;3.0;44,0718790000;5,9935270000;
;3;56;56197;1;1;1.0;6.0;47,8606570000; -2,4555460000;
;1;49;49080;2;3;1.0;6.0;47,7222210000; -0,6151490000;
;1;64;64188;2;1;1.0;6.0;43,2295080000; -0,8744270000;
;1;06;06150;2;1;1.0;6.0;43,7438310000;7,4005560000;
;1;14;14203;1;1;8.0;6.0;49,2294250000; -0,0764000000;
;1;50;50484;2;1;2.0;6.0;48,5786780000; -1,0988000000;
;1;29;29108;1;4;1.0;1.0;48,0110037860; -4,3133068084;
;5;973;97311;2;1;1.0;2.0;5,4751290000; -54,0349730000;
;3;973;97305;1;1;1.0;2.0;4,9811450000; -52,4688290000;
;1;13;13100;1;1;1.0;3.0;43,7968530000;4,8424000000;
;1;69;69017;1;3;1.0;1.0;45,9167060000;4,6138720000;
;3;72;72106;1;1;1.0;6.0;47,8053030000; -0,3106920000;
;1;59;59352;2;1;5.0;6.0;50,7313667712;3,0909132957;
;1;972;97209;2;1;2.0;3.0;14,6203500000; -61,0779900000;
;1;971;97101;1;1;1.0;7.0;16,2931300000; -61,4875900000;
;5;971;97113;1;1;8.0;3.0;16,2086900000; -61,4700300000;
;5;91;91377;2;1;1.0;1.0;48,7226800000;2,3026100000;
;1;91;91687;2;2;1.0;3.0;48,6617700000;2,3628400000;
;1;83;83137;2;3;1.0;6.0;43,1183700000;5,9459600000;
;1;83;83123;2;1;1.0;6.0;43,1293800000;5,7832000000;
;5;81;81065;2;9;1.0;7.0;43,6081300000;2,2555300000;
;1;78;78146;2;1;1.0;2.0;48,8896010000;2,1573080000;
;1;77;77445;2;3;7.0;3.0;48,6047500000;2,5492500000;
;1;74;74012;2;1;1.0;1.0;46,1893000000;6,2469700000;
;5;69;69266;2;2;1.0;1.0;45,7685900000;4,8844200000;
;1;64;64445;2;1;1.0;3.0;43,3125115756; -0,3417134285;
;1;64;64284;2;6;1.0;6.0;43,2865100000; -0,3894300000;
;5;59;59350;2;5;1.0;6.0;50,6276276220;3,0576002598;
;1;57;57463;2;1;1.0;2.0;49,1473600000;6,1716100000;
;1;54;54321;1;1;1.0;4.0;49,5414000000;5,8077000000;
;1;46;46042;1;1;1.0;1.0;44,4820000000;1,4120000000;
;1;42;42316;1;6;1.0;3.0;45,4084691340;4,2493232042;
;3;38;38185;1;1;1.0;2.0;45,1649400000;5,7017100000;
;1;37;37261;2;1;1.0;4.0;47,3987600000;0,6756500000;
;1;37;37122;1;1;1.0;7.0;47,3242178367;0,6288278103;
;1;35;35051;2;6;1.0;7.0;48,1023353655; -1,6102289781;
;2;35;35238;2;1;1.0;6.0;48,0988351166; -1,6938116401;
;1;35;35115;2;3;8.0;6.0;48,3534420907; -1,1964325234;
;1;33;33063;2;3;1.0;6.0;44,8269100000; -0,5763500000;
;1;33;33522;2;1;1.0;3.0;44,8087600000; -0,5829800000;
;3;33;33063;2;7;1.0;6.0;44,8321900000; -0,5670500000;
;1;31;31555;2;1;1.0;6.0;43,5984700000;1,4847700000;
;5;30;30007;2;3;1.0;1.0;44,1335700000;4,0761400000;
;5;29;29232;2;1;1.0;2.0;47,9953571000; -4,0985260000;
;5;17;17461;2;1;1.0;7.0;45,6301290000; -1,0549260000;
;5;17;17300;2;1;1.0;3.0;46,1432740000; -1,1630040000;
;1;15;15014;2;1;1.0;2.0;44,9202700000;2,4392400000;
;1;13;13216;2;1;1.0;7.0;43,3629600000;5,3087200000;
;1;13;13209;2;1;1.0;7.0;43,2300300000;5,4008600000;
;1;13;13215;2;6;1.0;5.0;43,3491000000;5,3752700000;
;1;13;13211;2;1;1.0;3.0;43,2991612567;5,4537369775;
;5;13;13002;2;1;1.0;3.0;43,3371486638;5,4599806575;
;1;13;13002;2;1;1.0;5.0;43,3252138630;5,4817417140;
;1;12;12013;1;4;1.0;3.0;44,5134600000;2,2445000000;
;1;08;08480;2;1;1.0;2.0;49,7400833973;4,7530728578;
;3;08;08105;1;1;1.0;6.0;49,8015789111;4,7072461698;
;1;07;07116;1;1;1.0;7.0;44,6423700000;4,3695200000;
;5;06;06004;2;2;1.0;6.0;43,5699900000;7,1086500000;
;1;05;05061;2;1;1.0;7.0;44,5681000000;6,0780800000;
;1;75;75118;2;1;1.0;4.0;48,9006720000;2,3674330000;
;2;75;75119;2;1;1.0;2.0;48,9006060000;2,3739330000;
;1;75;75111;2;4;1.0;3.0;48,8632867034;2,3850041628;
;5;75;75105;2;2;1.0;7.0;48,8376853152;2,3455193639;
;1;75;75119;2;7;1.0;3.0;48,8780305626;2,3706717789;
;1;75;75119;2;1;1.0;3.0;48,8891066222;2,3942497373;
;1;75;75116;2;1;1.0;3.0;48,8510618439;2,2792688012;
;1;75;75116;2;1;1.0;3.0;48,8589240000;2,2291480000;
;1;75;75116;2;2;1.0;3.0;48,8749270000;2,2711040000;
;1;75;75116;2;2;1.0;6.0;48,8637720000;2,2906440000;
;1;75;75115;2;2;1.0;6.0;48,8454750000;2,2824390000;
;1;75;75107;2;2;1.0;2.0;48,8592161014;2,3050790280;
;1;75;75112;2;3;1.0;3.0;48,8364800000;2,4040890000;
;5;75;75112;2;4;1.0;2.0;48,8508253408;2,3756083846;
;5;94;94022;2;3;1.0;2.0;48,7701750585;2,4088597298;
;1;94;94052;2;1;1.0;2.0;48,8356500000;2,4738900000;
;1;94;94046;2;1;1.0;7.0;48,8100600000;2,4393400000;
;1;94;94046;2;1;1.0;2.0;48,8097300000;2,4549900000;
;1;94;94041;2;1;1.0;7.0;48,8144400000;2,3788000000;
;1;94;94073;2;1;1.0;2.0;48,7598930655;2,3956031789;
;1;94;94028;2;6;1.0;6.0;48,7847900000;2,4366800000;
;2;94;94002;2;1;1.0;6.0;48,8007853870;2,4221720694;
;1;93;93027;2;1;1.0;2.0;48,9284464847;2,3966382444;
;1;93;93013;2;2;1.0;6.0;48,9348040000;2,4260010000;
;1;93;93010;2;9;1.0;3.0;48,9145882727;2,4836732447;
;1;93;93001;2;2;1.0;3.0;48,9036150000;2,3918550000;
;1;93;93001;2;1;1.0;3.0;48,9152545700;2,3731876910;
;1;92;92051;2;1;1.0;2.0;48,8795000000;2,2774300000;
;5;92;92050;2;2;1.0;3.0;48,9007872768;2,1962153390;
;1;92;92048;2;1;1.0;6.0;48,8116600000;2,2450500000;
;1;92;92025;2;1;1.0;6.0;48,9136720000;2,2301940000;
;5;92;92023;2;1;1.0;6.0;48,7920444796;2,2679040134;
;1;92;92019;2;9;1.0;7.0;48,7694589646;2,2689152062;
;1;84;84043;1;1;1.0;2.0;43,9932040000;4,9145470000;
;1;45;45092;1;2;1.0;3.0;47,9785920000;2,6610460000;
;3;68;68249;1;1;1.0;6.0;48,1092790000;7,1739650000;
;1;972;97205;2;2;1.0;3.0;14,6427770000; -61,1368880000;
;1;62;62338;1;3;1.0;1.0;50,6280810000;2,8511990000;
;3;17;17222;1;6;1.0;7.0;46,2323480000; -1,1234590000;
;2;30;30334;1;1;1.0;6.0;44,0239970000;4,4377360000;
;1;88;88367;2;1;2.0;3.0;48,3478790000;6,6337550000;
;1;81;81139;1;1;3.0;6.0;43,6911176000;2,1450300000;
;3;33;33449;1;1;1.0;1.0;44,9071057470; -0,8109685779;
;1;14;14047;2;3;1.0;6.0;49,2796630000; -0,7080210000;
;3;60;60107;2;1;1.0;1.0;49,3656605605;2,4196926355;
;1;62;62557;1;2;1.0;3.0;50,3272530000;2,7230350000;
;1;59;59593;2;1;1.0;7.0;50,2263153605;3,2871343195;
;1;33;33096;1;1;1.0;3.0;44,8885070000; -0,5048420000;
;1;33;33249;1;1;1.0;4.0;44,8759200000; -0,5082100000;
;4;33;33075;1;1;2.0;6.0;44,8892310000; -0,5998740000;
;1;91;91661;1;1;8.0;7.0;48,6921400000;2,2266500000;
;2;91;91570;1;1;1.0;3.0;48,6247600000;2,3326100000;
;3;77;77251;1;1;2.0;2.0;48,6281950000;2,5373720000;
;3;91;91687;1;1;2.0;6.0;48,6611200000;2,3703500000;
;1;92;92048;1;1;1.0;2.0;48,7903363526;2,2207415556;
;1;78;78238;1;1;8.0;2.0;48,9699900000;1,8693200000;
;1;78;78423;1;1;2.0;6.0;48,7957100000;2,0393500000;
;1;92;92047;1;1;2.0;4.0;48,8329114762;2,1582348586;
;1;92;92036;1;1;2.0;2.0;48,9340855474;2,2778850497;
;1;93;93066;1;1;1.0;6.0;48,9039718811;2,3585176909;
;1;93;93005;1;1;1.0;3.0;48,9415262922;2,4786365031;
;1;93;93007;1;1;1.0;2.0;48,9354255871;2,4803820955;
;3;95;95582;1;1;2.0;6.0;48,9622906833;2,2636610270;
;3;93;93053;1;1;1.0;3.0;48,8841622784;2,4609970881;
;1;95;95582;1;1;1.0;6.0;48,9625090491;2,2642081976;
;3;92;92036;1;1;8.0;5.0;48,9481574869;2,2811960682;
;5;94;94069;1;1;3.0;4.0;48,8172046066;2,4285178250;
;3;77;77258;1;1;2.0;7.0;48,8305400000;2,6243000000;
;1;62;62108;2;1;1.0;3.0;50,4041550000;1,5957080000;
;1;62;62643;2;1;1.0;1.0;50,6987000000;1,6061000000;
;1;14;14701;1;1;1.0;6.0;49,2977300000;0,0810300000;
;1;14;14667;2;3;2.0;3.0;49,2721700000; -0,8629300000;
;5;14;14117;2;2;1.0;6.0;49,2854310000; -0,1172210000;
;1;14;14333;1;1;1.0;3.0;49,4126000000;0,2713300000;
;1;14;14079;2;1;1.0;6.0;49,3343600000;0,0187500000;
;1;14;14536;1;1;1.0;4.0;49,4073500000;0,2519900000;
;1;06;06069;2;1;1.0;6.0;43,6569100000;6,9256800000;
;5;69;69266;2;1;1.0;7.0;45,7706300000;4,8733600000;
;1;06;06069;2;1;1.0;2.0;43,6439560000;6,9137241000;
;1;07;07203;1;4;1.0;7.0;44,8032760000;4,1861340000;
;1;04;04112;2;1;1.0;2.0;43,8352800000;5,8008000000;
;1;69;69256;1;3;1.0;1.0;45,7895225899;4,9379725759;
;1;75;75118;2;1;2.0;2.0;48,9008020000;2,3698070000;
;1;03;03190;2;2;7.0;5.0;46,5408450000;3,3369430000;
;1;75;75116;2;1;1.0;3.0;48,8506050000;2,2520060000;
;1;75;75116;2;1;1.0;4.0;48,8619340000;2,2646000000;
;1;75;75107;2;2;2.0;3.0;48,8571434699;2,3043152690;
;5;75;75119;2;1;1.0;2.0;48,9003680000;2,3751870000;
;1;75;75105;2;3;2.0;6.0;48,8503346818;2,3475363851;
;1;75;75119;2;1;1.0;3.0;48,8984730000;2,3765470000;
;2;75;75116;2;1;2.0;3.0;48,8769660000;2,2680360000;
;2;75;75118;2;3;1.0;6.0;48,8844230000;2,3305450000;
;1;75;75116;2;2;3.0;3.0;48,8453480000;2,2575530000;
;1;75;75112;2;2;1.0;3.0;48,8471580000;2,4062510000;
;1;75;75115;2;1;2.0;6.0;48,8451654086;2,2942797840;
;5;75;75115;2;3;2.0;3.0;48,8446680000;2,2905090000;
;1;75;75109;2;2;1.0;3.0;48,8752630000;2,3322720000;
;1;75;75115;2;3;2.0;6.0;48,8353850000;2,3027840000;
;1;94;94028;2;3;1.0;3.0;48,7876100000;2,4358800000;
;1;75;75114;2;2;1.0;3.0;48,8278280000;2,3303380000;
;1;93;93064;2;1;7.0;6.0;48,8689300000;2,4861800000;
;1;75;75113;2;3;2.0;3.0;48,8339283711;2,3598691821;
;1;75;75112;2;3;2.0;3.0;48,8347411048;2,3878969252;
;5;93;93055;2;2;1.0;2.0;48,8925900000;2,4100300000;
;3;86;86001;2;1;5.0;6.0;46,2592490000;0,7893200000;
;1;75;75110;2;7;2.0;1.0;48,8685105643;2,3630288243;
;1;26;26323;1;1;1.0;2.0;45,0737100000;5,1492510000;
;1;75;75108;2;1;2.0;3.0;48,8785030000;2,3249390000;
;5;972;97207;2;1;1.0;1.0;14,5753520000; -60,9745310000;
;1;75;75108;2;7;8.0;3.0;48,8666744528;2,3220151663;
;5;75;75107;2;3;2.0;6.0;48,8628749821;2,3151996732;
;1;83;83036;2;1;1.0;1.0;43,1666210000;6,5197150000;
;1;94;94068;2;1;3.0;3.0;48,7989760000;2,5175130000;
;3;42;42284;1;1;1.0;6.0;46,0882670000;3,9803450000;
;1;94;94015;2;1;2.0;2.0;48,8342000000;2,5193000000;
;2;30;30334;1;1;1.0;6.0;44,0211200000;4,4375400000;
;1;94;94046;2;1;3.0;3.0;48,8138100000;2,4213200000;
;5;94;94017;2;6;2.0;2.0;48,8059471907;2,5332471728;
;1;47;47121;1;1;5.0;1.0;44,3419210000;0,1069240000;
;1;94;94004;2;1;2.0;1.0;48,7600600000;2,5081300000;
;3;82;82025;1;1;1.0;6.0;43,9535760000;1,2919130000;
;1;94;94004;2;6;1.0;1.0;48,7566500000;2,5072800000;
;3;89;89449;1;1;5.0;1.0;48,3287300000;3,0759830000;
;5;93;93073;2;9;9.0;3.0;48,9918000000;2,5223700000;
;3;76;76618;1;1;1.0;7.0;49,9575710000;1,2141180000;
;1;93;93070;2;9;2.0;3.0;48,9165552955;2,3256578205;
;1;93;93049;2;3;8.0;6.0;48,8572063202;2,5055432698;
;1;12;12133;2;1;1.0;6.0;44,2918980000;2,5625990000;
;1;93;93015;1;1;2.0;6.0;48,9219500000;2,5599500000;
;5;93;93031;2;1;2.0;6.0;48,9559768965;2,3112211982;
;5;68;68126;2;1;1.0;6.0;47,5569550000;7,5181320000;
;1;93;93027;2;6;2.0;3.0;48,9325135276;2,4122393131;
;3;22;22194;1;1;1.0;7.0;48,6676150000; -3,6153820000;
;1;25;25463;2;4;1.0;6.0;47,3825460000;6,7704210000;
;1;93;93047;2;3;2.0;3.0;48,9046603483;2,5854349136;
;3;25;25631;1;1;5.0;1.0;47,1501220000;5,9372090000;
;1;44;44146;1;1;1.0;7.0;47,7504160000; -1,3998500000;
;3;93;93030;2;9;2.0;1.0;48,9462400000;2,4360800000;
;5;34;34154;2;1;9.0;6.0;43,5483580000;3,9746660000;
;1;29;29074;1;1;1.0;6.0;48,4697984481; -4,0202727913;
;1;92;92051;2;9;1.0;2.0;48,8808945579;2,2569538951;
;5;29;29220;2;6;1.0;6.0;47,8654830000; -4,2264650000;
;1;92;92026;2;1;2.0;3.0;48,8923655938;2,2590631842;
;3;38;38095;1;6;1.0;1.0;45,1427540000;5,3056430000;
;3;03;03278;1;1;1.0;6.0;46,2171690000;3,1623240000;
;5;92;92072;2;1;2.0;6.0;48,8280121873;2,2254073620;
;3;15;15004;1;1;1.0;7.0;45,0623060000;3,0845190000;
;3;83;83054;1;1;1.0;2.0;43,1608540000;6,0489450000;
;1;14;14326;1;1;2.0;6.0;49,1576570000;0,2727700000;
;3;36;36215;1;1;5.0;3.0;46,8694386890;2,0824027061;
;1;68;68162;1;1;1.0;1.0;48,1517570000;7,2385100000;
;3;53;53218;1;1;5.0;6.0;48,2118050000; -0,3901970000;
;5;21;21511;2;1;1.0;3.0;47,7282333908;4,4604549407;
;1;972;97226;1;1;2.0;1.0;14,4391790000; -60,8668060000;
;3;21;21645;1;1;5.0;6.0;47,1374010000;5,2670940000;
;1;40;40001;2;3;7.0;6.0;43,7024630000; -0,2622180000;
;1;88;88218;1;1;2.0;1.0;48,1548500000;6,7795030000;
;1;04;04094;1;1;1.0;6.0;43,7915430000;5,8473440000;
;1;14;14061;1;1;1.0;6.0;48,9528600000; -0,7969160000;
;1;85;85047;1;1;1.0;2.0;46,8268640000; -1,7938867000;
;1;30;30135;2;1;2.0;7.0;43,8271150000;4,5594000000;
;3;85;85146;1;4;5.0;6.0;46,9523390000; -1,3297640000;
;1;51;51244;1;1;1.0;7.0;48,7921920000;4,3670230000;
;3;85;85051;1;1;5.0;5.0;46,6606300000; -0,9978510000;
;3;95;95612;1;1;1.0;3.0;49,0016867248;2,4860483408;
;1;56;56002;1;1;2.0;6.0;47,5602090000; -2,5024007000;
;1;27;27056;1;6;1.0;7.0;49,0957330000;0,5746790000;
;3;30;30241;1;3;1.0;3.0;43,9620925820;4,2744091451;
;1;80;80644;2;1;1.0;2.0;49,8735600000;2,7096430000;
;3;52;52465;1;1;5.0;6.0;47,9607160000;5,5954100000;
;1;39;39478;2;1;3.0;6.0;46,3861770000;5,8648450000;
;5;08;08311;2;1;5.0;7.0;49,6069770000;5,0851460000;
;1;08;08476;1;2;1.0;2.0;49,4982253696;4,0406002924;
;1;973;97309;2;1;1.0;3.0;4,9077030000; -52,2728040000;
;3;62;62426;1;1;5.0;2.0;50,2450640000;2,8556300000;
;1;29;29293;2;6;1.0;3.0;47,8571290000; -3,8508370000;
;1;973;97305;1;1;1.0;5.0;4,9285000000; -52,3941850000;
;4;77;77382;2;1;1.0;7.0;48,8976450000;2,8883180000;
;1;29;29047;2;3;1.0;6.0;48,5339562180; -4,3666680000;
;1;2B;2B029;1;1;1.0;1.0;42,6806290000;9,3827100000;
;1;38;38399;2;2;8.0;3.0;45,5025160000;5,1286570000;
;3;02;02558;1;1;2.0;7.0;50,0135850000;3,7711200000;
;1;2A;2A247;1;6;1.0;6.0;41,5832363578;9,2656722665;
;3;34;34145;1;1;1.0;6.0;43,6946420000;4,1364100000;
;3;83;83065;1;1;1.0;6.0;43,2443100000;6,5746260000;
;1;72;72346;1;1;2.0;3.0;47,8726690000;0,0173270000;
;3;38;38562;1;1;1.0;1.0;45,0871850000;5,7791910000;
;1;69;69270;2;1;1.0;6.0;45,6280700000;4,9344180000;
;1;14;14726;2;2;1.0;3.0;48,8538900124; -0,6649424136;
;3;33;33052;1;1;1.0;6.0;44,9586110000; -0,2430670000;
;3;35;35110;1;1;1.0;6.0;48,3395990000; -1,6368720000;
;3;50;50580;1;4;3.0;6.0;49,5430960000; -1,7555430000;
;3;60;60178;1;1;5.0;6.0;49,6104680000;2,0622910000;
;1;02;02544;2;9;1.0;6.0;49,9308850000;4,0312820000;
;3;90;90050;1;1;3.0;1.0;47,6463395663;6,9727349280;
;1;02;02221;1;1;7.0;3.0;49,0372100000;3,2545870000;
;1;64;64453;1;9;2.0;3.0;43,1968820000; -0,1295190000;
;3;69;69275;1;1;5.0;3.0;45,7769700000;4,9778200000;
;1;42;42099;1;1;1.0;5.0;45,3757100000;4,2711300000;
;1;30;30227;1;1;1.0;3.0;44,2533800000;4,1829480000;
;3;91;91434;1;1;1.0;7.0;48,6691200000;2,3513200000;
;3;19;19180;1;1;2.0;6.0;45,5171340000;2,2492580000;
;2;45;45332;1;1;2.0;7.0;47,8396480000;2,6853200000;
;5;94;94034;1;1;1.0;2.0;48,7600000000;2,3212000000;
;1;67;67194;1;1;8.0;2.0;48,7378940000;7,9025170000;
;2;94;94034;1;1;1.0;4.0;48,7599957298;2,3212385676;
;1;33;33214;1;1;1.0;4.0;45,0077020000; -1,1159060000;
;1;77;77222;2;5;1.0;3.0;48,6331990000;2,8048290000;
;1;92;92036;1;1;7.0;4.0;48,9355410302;2,2851397250;
;3;66;66114;1;1;1.0;6.0;42,6180530000;2,9228590000;
;3;92;92036;1;1;1.0;6.0;48,9341712069;2,2714914867;
;3;78;78402;1;1;1.0;1.0;48,9644800000;1,7984500000;
;1;42;42304;2;1;2.0;1.0;45,5419350000;4,1916920000;
;5;93;93066;1;1;1.0;3.0;48,9186281902;2,3576092314;
;1;95;95241;1;9;5.0;7.0;49,0468200000;2,4379570000;
;5;26;26198;2;1;1.0;3.0;44,5232550000;4,7452140000;
;3;94;94046;1;1;1.0;3.0;48,8037965270;2,4483104174;
;3;94;94042;1;1;1.0;4.0;48,8275727947;2,4704969547;