Num_Acc;lum;departement;commune;agglomeration;intersection;meteo;type_collision;lat;long;date
;2;32;32443;1;2;1.0;6.0;43,6643890000; -0,0065450000;
;1;30;30007;1;1;1.0;7.0;44,1448603757;4,1021617055;
;3;46;46052;1;1;1.0;6.0;44,6099280000;1,9481960000;
;3;46;46046;2;1;1.0;6.0;44,5185370000;1,4097050000;
;1;29;29039;1;2;1.0;3.0;47,8814700000; -3,9101600000;
;3;38;38184;1;1;5.0;1.0;45,6678507370;5,0866297688;
;1;19;19031;2;3;1.0;6.0;45,1487227650;1,5111243725;
;1;19;19031;2;1;1.0;1.0;45,1508943708;1,5110063553;
;1;06;06032;2;5;1.0;4.0;43,7245690000;7,4017740000;
;1;14;14220;2;1;7.0;6.0;49,3534200000;0,0633500000;
;3;36;36105;2;4;1.0;3.0;46,7468010000;1,0468390000;
;1;13;13103;2;2;1.0;1.0;43,6414655318;5,1033153431;
;1;53;53147;1;1;1.0;7.0;48,3087130203; -0,6478627877;
;1;13;13077;2;1;1.0;6.0;43,4195300000;4,9877200000;
;2;13;13209;2;1;1.0;7.0;43,2462600000;5,4362800000;
;1;04;04116;2;3;1.0;3.0;44,0335470000;5,9865300000;
;1;13;13002;2;1;1.0;6.0;43,3355500000;5,4769100000;
;3;28;28335;1;1;1.0;6.0;48,4485140000;0,9907540000;
;1;13;13215;2;9;1.0;2.0;43,3500000000;5,3600000000;
;3;88;88246;1;1;2.0;1.0;48,2566130000;6,1260150000;
;1;13;13203;2;1;1.0;1.0;43,3179580041;5,3715774101;
;1;33;33122;2;1;1.0;6.0;44,7784540000; -0,6974820000;
;2;13;13210;2;1;1.0;3.0;43,2759300000;5,4174700000;
;1;06;06088;1;1;1.0;3.0;43,6687210000;7,1989950000;
;1;13;13207;2;1;1.0;1.0;43,2842900000;5,3500200000;
;3;51;51571;1;1;1.0;4.0;49,1528710000;4,2016640000;
;1;75;75118;2;1;1.0;6.0;48,9003790000;2,3602820000;
;3;28;28367;1;1;8.0;6.0;48,1565310000;1,8551820000;
;1;75;75113;2;1;1.0;5.0;48,8262150000;2,3877800000;
;2;27;27099;1;1;1.0;4.0;49,0825240000;1,1882400000;
;1;75;75112;2;1;1.0;2.0;48,8287680000;2,3987160000;
;1;976;97608;2;1;1.0;6.0; -12,7871100000;45,2790190000;
;1;75;75116;2;1;1.0;2.0;48,8674120000;2,2691630000;
;1;971;97117;2;1;1.0;4.0;16,3288760000; -61,3420560000;
;3;13;13119;2;1;3.0;2.0;43,2661910000;5,5856040000;
;1;13;13015;2;3;1.0;3.0;43,4467010000;5,4118530000;
;1;75;75110;2;2;1.0;3.0;48,8806160000;2,3620230000;
;3;68;68334;2;1;3.0;6.0;47,8110940000;7,1020980000;
;5;07;07324;2;1;8.0;3.0;45,0501490000;4,8312590000;
;2;69;69005;2;1;1.0;4.0;45,9335280000;4,7244160000;
;1;75;75115;2;3;1.0;6.0;48,8391320000;2,3000580000;
;3;09;09321;1;1;1.0;6.0;42,8264580000;1,6168970000;
;1;86;86287;1;1;1.0;3.0;47,0558120000;0,1498710000;
;3;33;33227;1;1;1.0;6.0;44,5382940000; -0,2395160000;
;3;60;60139;2;1;1.0;1.0;49,1813069161;2,2354989051;
;5;75;75120;2;1;1.0;6.0;48,8742580000;2,4054140000;
;1;59;59063;1;6;2.0;7.0;50,1382920000;3,3929840000;
;3;59;59582;1;6;1.0;7.0;50,7293110000;2,6236720000;
;3;69;69283;1;1;1.0;7.0;45,6657300000;4,9249600000;
;3;69;69286;1;1;1.0;2.0;45,8102900000;4,9167500000;
;1;75;75106;2;2;1.0;2.0;48,8489840000;2,3287420000;
;1;33;33448;1;1;1.0;2.0;44,7116360000; -0,5150940000;
;5;75;75117;2;2;1.0;5.0;48,8815640000;2,3007040000;
;1;33;33122;1;1;1.0;4.0;44,7411831517; -0,7100075483;
;1;75;75115;2;3;1.0;6.0;48,8525540000;2,2926630000;
;5;75;75115;2;1;1.0;6.0;48,8322110000;2,2895080000;
;1;75;75114;2;2;1.0;3.0;48,8232600000;2,3255400000;
;5;75;75114;2;3;1.0;3.0;48,8236820000;2,3170880000;
;1;75;75114;2;2;1.0;6.0;48,8329480000;2,3162450000;
;1;75;75114;2;3;1.0;6.0;48,8280020000;2,3155030000;
;5;75;75113;2;1;1.0;6.0;48,8427860000;2,3640490000;
;1;75;75120;2;5;1.0;6.0;48,8727280000;2,3992520000;
;1;75;75108;2;2;1.0;3.0;48,8756330000;2,3189000000;
;5;75;75106;2;2;1.0;3.0;48,8515820000;2,3268190000;
;2;75;75103;2;2;1.0;6.0;48,8657750000;2,3574750000;
;1;75;75103;2;1;1.0;6.0;48,8659680000;2,3523920000;
;1;75;75104;2;7;1.0;3.0;48,8532600000;2,3685890000;
;3;94;94068;2;1;1.0;6.0;48,7910590000;2,5059080000;
;1;75;75104;2;2;1.0;3.0;48,8572480000;2,3617730000;
;1;94;94038;2;2;1.0;3.0;48,7780060000;2,3526710000;
;1;53;53216;1;1;1.0;7.0;48,3271545309; -0,5695309324;
;1;94;94068;2;2;1.0;3.0;48,7875800000;2,4803600000;
;1;94;94021;2;1;1.0;3.0;48,7640100000;2,3548300000;
;1;94;94017;2;3;1.0;3.0;48,8186500000;2,4903000000;
;1;94;94016;2;3;1.0;5.0;48,7876900000;2,3197800000;
;1;94;94079;2;1;1.0;6.0;48,8256340000;2,5417420000;
;1;93;93073;2;1;1.0;5.0;48,9663737568;2,5719424811;
;1;94;94018;2;3;1.0;6.0;48,8198100000;2,4157100000;
;1;93;93059;2;2;1.0;6.0;48,9670700000;2,3645300000;
;1;93;93070;2;1;1.0;3.0;48,9071815833;2,3321836889;
;1;21;21712;1;1;1.0;5.0;46,9943556579;4,7783954143;
;1;93;93006;2;3;1.0;6.0;48,8623641576;2,4193903925;
;1;93;93070;2;6;1.0;1.0;48,9182400000;2,3294100000;
;1;93;93031;2;2;7.0;3.0;48,9553100000;2,2902200000;
;1;92;92078;2;9;1.0;3.0;48,9252570000;2,3261190000;
;1;93;93008;2;9;1.0;3.0;48,8987950000;2,4429690000;
;1;92;92049;2;1;1.0;3.0;48,8132380048;2,3045239447;
;1;85;85156;1;1;1.0;4.0;46,4967100000; -1,4443300000;
;1;93;93007;2;9;1.0;3.0;48,9447880000;2,4349380000;
;1;92;92049;2;3;1.0;2.0;48,8197712124;2,3255154490;
;5;92;92073;2;2;1.0;6.0;48,8675344694;2,2216978669;
;5;92;92049;2;7;1.0;7.0;48,8172820850;2,3189654946;
;1;92;92072;2;1;1.0;7.0;48,8279600000;2,2251100000;
;1;92;92036;2;3;1.0;6.0;48,9296504919;2,3093170523;
;1;85;85114;2;1;1.0;6.0;46,4205489312; -1,5857380629;
;1;92;92063;2;3;1.0;3.0;48,8787700000;2,1773300000;
;5;92;92036;2;1;1.0;7.0;48,9242445617;2,3040137887;
;1;92;92046;2;4;1.0;1.0;48,8115200000;2,3002500000;
;1;92;92007;2;9;1.0;3.0;48,7958720000;2,3170420000;
;1;92;92049;2;1;1.0;3.0;48,8117524560;2,3036283553;
;1;92;92002;2;3;1.0;2.0;48,7669152748;2,3072045445;
;5;27;27062;1;1;1.0;5.0;49,3000290000;0,8417420000;
;1;92;92049;2;1;1.0;6.0;48,8096745037;2,3247807920;
;1;28;28111;1;1;1.0;7.0;48,2262640000;0,8728930000;
;1;92;92040;2;3;1.0;3.0;48,8258972527;2,2805036902;
;1;92;92026;2;1;1.0;3.0;48,9029850668;2,2712849378;
;1;972;97210;1;1;2.0;1.0;14,6019610000; -60,8762100000;
;2;03;03220;1;1;1.0;6.0;46,1410690000;3,1129070000;
;1;92;92025;2;1;1.0;3.0;48,9133280893;2,2302742302;
;1;92;92012;2;1;1.0;6.0;48,8323817571;2,2392714322;
;1;04;04033;1;1;1.0;6.0;44,4472620000;6,3590670000;
;2;92;92004;2;1;1.0;1.0;48,9057368130;2,2853763252;
;1;56;56186;2;1;1.0;1.0;47,4874480000; -3,1269150000;
;2;67;67128;1;1;1.0;2.0;48,5545310477;7,5753521919;
;2;76;76224;2;1;1.0;6.0;49,6498980000;0,3224230000;
;1;92;92014;2;1;1.0;4.0;48,7770288106;2,3142887950;
;3;2A;2A272;2;1;1.0;6.0;41,6221240000;8,9607780000;
;1;2B;2B123;1;1;1.0;2.0;42,0432120000;9,4070460000;
;4;17;17262;1;1;1.0;7.0;45,7407610000; -0,7361810000;
;3;987;98753;2;1;1.0;3.0; -23,3464320000; -149,4888530000;
;1;65;65468;1;1;1.0;7.0;43,2522470000;0,4531280000;
;1;22;22048;1;2;1.0;1.0;48,4943270000; -2,1354510000;
;3;11;11262;1;1;1.0;2.0;43,2164980791;3,0361653999;
;2;06;06161;1;1;1.0;1.0;43,6282220000;7,1339030000;
;5;971;97128;2;1;2.0;7.0;16,2243540000; -61,3818740000;
;3;11;11106;1;1;1.0;7.0;43,2603860000;3,0300160000;
;1;05;05027;1;1;8.0;7.0;44,8227300000;6,7332890000;
;1;63;63182;2;2;1.0;3.0;45,4317620206;3,3391959965;
;3;34;34151;1;1;1.0;2.0;43,5913450000;4,1049280000;
;1;51;51217;1;4;1.0;2.0;49,0653960000;3,6287820000;
;1;41;41180;1;1;1.0;6.0;47,4131080000;1,2050250000;
;3;34;34289;1;1;1.0;6.0;43,3880510000;3,4363550000;
;3;21;21247;1;1;1.0;2.0;47,4851350000;4,1630240000;
;1;13;13041;1;1;1.0;6.0;43,4483860000;5,4461500000;
;1;39;39394;1;1;1.0;6.0;46,4369840000;5,6519230000;
;1;44;44130;2;9;8.0;6.0;47,1233920000; -1,5843510000;
;1;19;19250;1;9;1.0;6.0;45,5231950000;1,5158560000;
;1;29;29020;1;6;2.0;7.0;48,0999410000; -4,0172090000;
;1;61;61076;1;2;1.0;3.0;48,5794750000;0,0269510000;
;1;83;83116;1;1;1.0;3.0;43,4586350000;5,8355530000;
;2;29;29216;1;2;1.0;6.0;47,9929816217; -4,2076885700;
;1;31;31128;1;1;8.0;7.0;43,2993960000;1,4794420000;
;1;76;76517;2;2;1.0;3.0;49,5187871310;1,1793792844;
;2;38;38015;1;1;1.0;7.0;45,5429870000;5,2035020000;
;1;29;29042;1;1;7.0;6.0;48,2500890000; -4,5114920000;
;1;2A;2A017;1;1;1.0;6.0;41,9986710000;8,7571330000;
;1;2B;2B096;2;1;1.0;7.0;42,3009130000;9,1507320000;
;1;66;66024;2;1;1.0;6.0;42,5253150000;2,8329440000;
;1;29;29179;1;1;1.0;6.0;48,5525520000; -4,3211670000;
;3;33;33506;1;1;1.0;6.0;44,6981930000; -0,1180060000;
;1;54;54080;1;1;1.0;6.0;48,6013744500;5,8468079568;
;2;32;32107;2;1;1.0;6.0;43,9541510000;0,3711640000;
;1;40;40310;2;1;1.0;1.0;43,7602540000; -1,3301930000;
;1;89;89352;1;3;1.0;2.0;47,6599820000;3,0374140000;
;1;27;27004;1;3;1.0;2.0;49,0091970000;1,4152090000;
;1;42;42097;2;3;1.0;3.0;45,4843980000;4,3438590000;
;1;27;27281;1;1;7.0;7.0;48,9457010000;1,0488080000;
;1;40;40150;1;2;1.0;1.0;43,8230100000; -1,2581060000;
;1;86;86178;2;1;7.0;1.0;46,5035590000;0,4697560000;
;1;27;27679;2;3;2.0;1.0;48,7305990000;0,9280550000;
;1;34;34101;1;2;1.0;3.0;43,3834370000;3,4485270000;
;3;76;76714;1;1;1.0;1.0;49,5519720000;0,4131890000;
;1;30;30259;1;1;1.0;6.0;44,0989000000;4,1390000000;
;1;39;39468;2;1;1.0;6.0;46,5258850000;5,5296850000;
;1;60;60701;2;1;1.0;7.0;49,5433282351;2,3562819957;
;3;39;39531;1;1;1.0;6.0;46,5130500000;5,7490790000;
;1;88;88516;2;6;1.0;6.0;48,1959560000;5,9414090000;
;3;80;80101;2;1;1.0;6.0;49,6291880000;2,7613130000;
;1;25;25180;1;1;1.0;6.0;46,9636490000;6,0151650000;
;1;24;24016;1;1;1.0;1.0;45,5616710000;0,6918110000;
;1;25;25532;1;5;7.0;3.0;47,2051490000;6,1029960000;
;1;38;38565;1;1;1.0;3.0;45,2669170000;5,6290040000;
;1;13;13212;1;1;1.0;4.0;43,3084300000;5,4254000000;
;1;44;44213;1;1;1.0;1.0;47,3965770000; -1,0655670000;
;1;27;27517;1;1;1.0;2.0;49,1260730000;1,3243680000;
;3;35;35351;1;1;1.0;6.0;48,0558670000; -1,9523260000;
;3;13;13211;1;1;1.0;2.0;43,2920178854;5,4529586434;
;2;33;33229;1;6;1.0;3.0;44,7783780000; -1,0186710000;
;1;38;38338;2;1;1.0;3.0;45,2363160000;5,5010580000;
;5;13;13214;1;1;1.0;2.0;43,3249298731;5,3785219788;
;1;02;02744;1;1;1.0;6.0;49,0952100000;3,2780560000;
;1;78;78537;1;1;1.0;3.0;48,5524210000;1,9277950000;
;1;02;02235;1;1;1.0;7.0;49,4297260000;3,7608330000;
;1;69;69297;1;1;1.0;6.0;45,5896000000;4,8055000000;
;1;77;77183;2;1;1.0;1.0;48,9430520000;3,1426050000;
;1;75;75110;2;1;1.0;3.0;48,8817590000;2,3511640000;
;1;03;03110;1;1;1.0;3.0;46,1254860000;3,3617360000;
;1;84;84034;2;9;1.0;1.0;43,9062640000;4,9541800000;
;3;78;78431;1;1;1.0;5.0;48,9395100000;1,9553400000;
;1;58;58112;1;1;1.0;2.0;46,9621550000;3,3346890000;
;1;83;83112;1;1;1.0;6.0;43,1681390000;5,7175840000;
;1;75;75108;2;2;1.0;3.0;48,8640920000;2,3201260000;
;3;83;83119;2;1;1.0;6.0;43,2588660000;6,6324220000;
;5;54;54393;2;1;1.0;6.0;48,4841390000;6,5628110000;
;4;92;92025;1;1;1.0;4.0;48,9324073982;2,2485267811;
;3;14;14743;1;1;1.0;6.0;49,1736660000;0,0100420000;
;1;75;75104;2;2;1.0;3.0;48,8544020000;2,3549450000;
;1;83;83138;1;1;1.0;3.0;43,6104560000;6,7285480000;
;1;92;92036;1;1;7.0;3.0;48,9339953804;2,3205880188;
;1;04;04245;2;3;1.0;3.0;43,8789490000;5,8458320000;
;1;14;14692;2;3;1.0;1.0;49,1774110000; -0,6190540000;
;1;93;93063;1;1;1.0;3.0;48,8792400000;2,4488600000;
;1;94;94068;2;1;1.0;3.0;48,8044500000;2,5086300000;
;1;54;54065;1;1;1.0;7.0;48,4238894600;6,8057566890;
;1;60;60535;1;1;1.0;7.0;49,5243160000;2,2190610000;
;3;77;77169;1;1;1.0;6.0;48,8035728679;2,6271817781;
;2;18;18028;1;1;7.0;1.0;47,1042660000;2,3138770000;
;1;69;69131;2;1;1.0;3.0;45,6957580000;4,6848870000;
;1;94;94021;2;3;1.0;1.0;48,7713000000;2,3614000000;
;1;76;76540;2;1;2.0;6.0;49,4278200000;1,0823500000;
;1;61;61382;2;1;1.0;6.0;48,4589600000; -0,0426260000;
;1;40;40086;1;2;1.0;3.0;43,6771713605; -0,4977343749;
;1;72;72181;2;1;1.0;2.0;48,0002370000;0,2073170000;
;1;94;94028;2;6;1.0;2.0;48,7741293806;2,4390236722;
;1;22;22093;1;1;2.0;1.0;48,4172000000; -2,4997120000;
;1;07;07019;2;1;1.0;6.0;44,6184900000;4,3830100000;
;2;24;24016;1;1;1.0;1.0;45,5732080000;0,7016120000;
;1;27;27003;1;9;1.0;1.0;49,1682040000;1,1645940000;
;1;94;94022;2;1;1.0;2.0;48,7622770000;2,4023520000;
;1;60;60682;1;1;1.0;7.0;49,2612510000;2,6301960000;
;2;85;85179;1;2;1.0;3.0;46,5141400000; -1,5421100000;
;4;972;97213;1;1;2.0;2.0;14,6249737900; -60,9827899933;
;5;93;93070;2;1;1.0;6.0;48,9149900000;2,3374900000;
;1;60;60524;1;1;1.0;7.0;49,3428630000;2,4329730000;
;1;972;97209;2;9;1.0;6.0;14,6074700000; -61,0683700000;
;1;38;38191;2;1;1.0;3.0;45,0815290000;6,0601290000;
;3;83;83027;1;1;1.0;7.0;43,1647157066;5,7670283318;
;1;69;69389;2;1;8.0;6.0;45,7723000000;4,8110100000;
;1;34;34333;1;1;1.0;1.0;43,4813950000;3,7728700000;
;1;93;93070;2;3;1.0;5.0;48,9030880000;2,3339950000;
;1;59;59260;1;1;1.0;2.0;51,0569786868;2,5615096092;
;1;2A;2A004;2;1;1.0;6.0;41,9155428977;8,7278582535;
;1;06;06030;1;1;1.0;5.0;43,5831270000;7,0211220000;
;1;91;91136;1;1;1.0;2.0;48,7127500000;2,2817000000;
;1;93;93064;2;2;1.0;3.0;48,8641670000;2,4882040000;
;3;87;87085;1;1;1.0;6.0;45,8502300000;1,2156000000;
;1;91;91689;1;1;2.0;7.0;48,7485600000;2,3266500000;
;3;28;28392;1;1;1.0;6.0;48,2365200000;1,8500700000;
;3;92;92036;1;1;1.0;6.0;48,9406783537;2,2926308104;
;1;93;93077;2;1;1.0;3.0;48,8852300000;2,5035100000;
;1;87;87085;2;3;1.0;3.0;45,8179700000;1,2890000000;
;1;94;94046;1;1;1.0;6.0;48,8118278382;2,4491292177;
;1;69;69206;1;1;1.0;2.0;46,0832330000;4,7427460000;
;3;85;85194;2;1;1.0;6.0;46,4860100000; -1,7540900000;
;3;94;94073;1;1;1.0;6.0;48,7701146919;2,3822327243;
;1;27;27469;1;1;1.0;6.0;49,2808686962;1,1279118061;
;1;93;93055;2;2;1.0;3.0;48,8942480000;2,4186410000;
;2;91;91386;2;8;1.0;6.0;48,5749130000;2,4438550000;
;1;78;78138;2;7;5.0;6.0;48,9729200000;2,0372600000;
;1;93;93055;2;1;1.0;6.0;48,8973200000;2,4080100000;
;1;14;14258;2;1;1.0;3.0;48,8837290000; -0,2052690000;
;1;77;77048;1;1;2.0;6.0;48,3276800000;2,7018600000;
;3;988;98821;1;1;1.0;6.0; -22,0785000000;166,3016400000;
;1;14;14514;1;1;1.0;3.0;49,2924972890;0,2030003071;
;1;74;74012;2;1;1.0;6.0;46,1862800000;6,2365500000;
;3;971;97118;1;1;1.0;1.0;16,1975110000; -61,6453920000;
;1;93;93053;2;9;1.0;3.0;48,8921400000;2,4439000000;
;4;988;98818;2;6;2.0;6.0; -22,2604400000;166,4444000000;
;1;64;64445;2;3;1.0;2.0;43,3313170465; -0,3581863147;
;1;83;83099;2;4;1.0;1.0;43,4590150000;6,6687550000;
;1;973;97302;2;1;1.0;2.0;4,9170800000; -52,3214500000;
;1;93;93051;2;3;1.0;3.0;48,8436796292;2,5288311839;
;5;64;64024;2;1;1.0;3.0;43,5072460000; -1,4973640000;
;1;13;13084;2;1;1.0;1.0;43,7223270000;5,3047070000;
;1;973;97302;2;3;1.0;3.0;4,9372400000; -52,3192300000;
;1;64;64102;2;1;1.0;2.0;43,4988526709; -1,4473807987;
;3;71;71342;1;1;1.0;2.0;46,4689830000;4,1172120000;
;3;972;97209;1;9;3.0;6.0;14,6122700000; -61,0777300000;
;5;93;93057;2;1;1.0;6.0;48,9112550000;2,5172900000;
;2;63;63113;1;1;1.0;7.0;45,7699200000;3,1232300000;
;1;67;67348;2;1;8.0;3.0;48,4731394027;7,4960017204;
;1;69;69034;2;3;1.0;3.0;45,7924800000;4,8249000000;
;1;91;91114;2;1;1.0;7.0;48,6877000000;2,4854000000;
;1;93;93047;2;2;1.0;3.0;48,8872100000;2,5515900000;
;1;62;62826;2;1;1.0;2.0;50,5092670000;1,5986240000;
;1;33;33012;1;1;1.0;6.0;44,9864510000; -0,6814310000;
;5;59;59426;2;1;1.0;6.0;50,7500600000;3,1544200000;
;1;93;93005;2;9;1.0;6.0;48,9436624593;2,4814655186;
;1;33;33322;2;1;1.0;1.0;44,9516240000; -0,7000360000;
;1;91;91114;2;1;1.0;5.0;48,6780100000;2,4966700000;
;1;92;92075;2;1;1.0;3.0;48,8158046480;2,2792085856;
;1;58;58194;2;1;1.0;2.0;46,9919800000;3,1232800000;
;2;33;33474;1;1;1.0;6.0;44,6733530000; -0,4910480000;
;5;92;92046;2;1;1.0;6.0;48,8158073414;2,3052014708;
;1;83;83050;1;1;1.0;7.0;43,5409770000;6,4677890000;
;1;76;76451;2;1;1.0;6.0;49,4688530000;1,0667110000;
;1;92;92072;2;1;1.0;1.0;48,8243800000;2,2165400000;
;1;85;85003;1;1;1.0;4.0;46,7312130000; -1,5834260000;
;5;51;51454;2;9;1.0;1.0;49,2702700000;4,0394800000;
;5;92;92051;2;1;1.0;2.0;48,8831636649;2,2656536400;
;5;69;69266;2;3;1.0;3.0;45,7585100000;4,8851200000;
;1;62;62354;2;1;1.0;3.0;50,5540060000;1,6968360000;
;1;49;49007;2;1;1.0;6.0;47,4520000000; -0,5559000000;
;5;64;64445;2;2;1.0;3.0;43,2958300000; -0,3660500000;
;1;92;92050;2;9;1.0;3.0;48,9074472613;2,2171690911;
;1;33;33090;1;1;1.0;6.0;44,7676359065; -0,6675106287;
;1;49;49007;2;1;1.0;7.0;47,4733700000; -0,5390100000;
;1;64;64132;2;1;1.0;6.0;43,3077907077; -0,3269988298;
;1;91;91161;1;1;1.0;7.0;48,7093700000;2,3078100000;
;1;92;92050;2;1;1.0;2.0;48,9027092272;2,2226792872;
;1;54;54395;2;3;1.0;2.0;48,7003000000;6,1764300000;
;5;47;47032;2;1;1.0;6.0;44,1824200000;0,6709700000;
;1;92;92048;2;1;1.0;6.0;48,8184367701;2,2295814156;
;1;92;92036;1;1;1.0;2.0;48,9348887042;2,2678495223;
;1;78;78423;1;1;1.0;7.0;48,7983500000;2,0020800000;
;5;45;45068;2;1;1.0;6.0;48,0274900000;2,7355300000;
;1;54;54395;2;2;1.0;3.0;48,6868000000;6,1854000000;
;1;92;92044;2;1;1.0;2.0;48,8930100000;2,2841700000;
;2;93;93006;1;1;1.0;2.0;48,8666000000;2,4242600000;
;1;44;44109;2;1;1.0;3.0;47,2469800000; -1,5774400000;
;1;93;93064;1;1;1.0;3.0;48,8817900000;2,4742900000;
;1;92;92026;2;6;1.0;2.0;48,9025830000;2,2745970000;
;1;45;45234;2;1;1.0;1.0;47,8786160000;1,9027680000;
;1;37;37214;2;6;1.0;3.0;47,4308571066;0,6676501036;
;1;94;94069;1;1;1.0;2.0;48,8172046066;2,4285178250;
;1;92;92025;2;1;1.0;6.0;48,9319604252;2,2578592747;
;1;45;45208;2;2;1.0;3.0;48,0036160000;2,7419480000;
;3;35;35278;1;1;1.0;2.0;48,1773500000; -1,7186400000;
;1;94;94017;1;1;1.0;2.0;48,8273238388;2,5090636814;
;1;92;92002;2;6;1.0;1.0;48,7377887712;2,3056282103;
;1;44;44055;2;1;1.0;3.0;47,2792600000; -2,4225670000;
;3;77;77237;1;1;1.0;6.0;48,8308200000;2,7616700000;
;3;24;24004;1;1;1.0;7.0;45,1363780000;1,0282810000;
;1;42;42127;1;3;1.0;1.0;46,0898300000;4,0757800000;
;1;35;35055;2;6;8.0;4.0;48,0904420000; -1,6157320000;
;1;09;09110;1;1;1.0;7.0;42,9628260000;1,1738370000;
;1;35;35238;2;6;1.0;3.0;48,0998900000; -1,6721300000;
;3;57;57607;1;1;1.0;6.0;49,1507100000;6,3096070000;
;1;35;35281;1;1;2.0;4.0;48,0935525885; -1,7089748383;
;1;71;71105;1;1;1.0;6.0;46,3008580000;4,7927530000;
;1;35;35238;1;1;2.0;6.0;48,0955300000; -1,7110300000;
;1;32;32013;2;1;1.0;7.0;43,6455200000;0,5878400000;
;1;33;33318;2;3;1.0;3.0;44,8000300000; -0,6177700000;
;1;67;67073;2;1;1.0;6.0;48,2737790000;7,4003650000;
;1;35;35238;2;1;1.0;6.0;48,1174000000; -1,6837200000;
;5;30;30189;2;1;1.0;3.0;43,8308000000;4,3229900000;
;1;05;05079;1;1;1.0;3.0;44,9671810000;6,5317370000;
;1;31;31149;2;6;1.0;3.0;43,6092800000;1,3527100000;
;5;35;35238;2;2;1.0;3.0;48,1217900000; -1,6627100000;
;1;976;97611;2;1;1.0;6.0; -12,7872500000;45,2225500000;
;1;34;34129;2;1;1.0;3.0;43,5847000000;3,9271000000;
;1;29;29019;2;6;1.0;3.0;48,4052850000; -4,4780320000;
;1;974;97416;1;9;1.0;1.0; -21,3071100000;55,5001400000;
;1;11;11041;2;1;1.0;4.0;43,2973700000;2,8701510000;
;1;33;33063;2;1;1.0;6.0;44,8464000000; -0,5710300000;
;2;29;29019;2;1;2.0;6.0;48,4013860000; -4,5014850000;
;1;974;97416;1;1;1.0;7.0; -21,2957600000;55,4829900000;
;1;29;29268;1;1;1.0;4.0;48,4726168699; -4,3243660811;
;1;30;30243;2;1;1.0;3.0;44,0869000000;4,0614300000;
;1;974;97416;2;1;1.0;6.0; -21,2851000000;55,4705000000;
;1;22;22278;2;1;1.0;2.0;48,5102000000; -2,7353900000;
;1;69;69387;2;1;1.0;6.0;45,7398447800;4,8491871357;
;1;25;25462;1;1;1.0;7.0;46,9355800000;6,4121100000;
;1;58;58303;2;1;1.0;3.0;47,0112350000;3,1511930000;
;1;15;15014;1;1;1.0;7.0;44,9346000000;2,4168000000;
;1;13;13102;2;9;1.0;3.0;43,4185800000;5,2338300000;
;1;62;62297;1;1;1.0;6.0;50,8232600000;2,1408940000;
;1;69;69383;2;2;1.0;1.0;45,7570700000;4,8547000000;
;1;13;13212;2;9;1.0;3.0;43,3102345343;5,4601518939;
;1;2B;2B054;1;1;1.0;6.0;42,5024540000;9,3662850000;
;5;13;13206;2;1;1.0;1.0;43,2878200000;5,3849700000;
;1;972;97213;2;1;1.0;2.0;14,6551800000; -60,9730800000;
;1;13;13047;1;1;1.0;3.0;43,5345100000;4,9746900000;
;1;13;13209;2;1;1.0;3.0;43,2614000000;5,4164200000;
;1;2B;2B207;2;1;1.0;6.0;42,4445260000;9,5079800000;
;1;69;69382;2;3;1.0;6.0;45,7531400000;4,8336300000;
;1;13;13005;2;7;1.0;3.0;43,2832040440;5,5730102721;
;3;13;13001;1;1;1.0;1.0;43,5735800000;5,3950200000;
;1;2A;2A004;1;1;1.0;6.0;41,9316700000;8,8024600000;
;1;80;80620;2;4;1.0;3.0;49,9235730000;2,9312410000;
;1;12;12145;1;1;1.0;2.0;44,0867900000;3,0987200000;
;5;12;12028;2;1;1.0;6.0;44,5804600000;2,2021700000;
;1;71;71310;2;1;1.0;6.0;46,7428850000;4,4554240000;
;1;2A;2A004;1;1;1.0;3.0;41,9274200000;8,7784100000;
;1;09;09265;1;1;1.0;7.0;43,0954880000;1,6312740000;
;5;06;06069;2;1;1.0;6.0;43,6537720000;6,9189590000;
;3;71;71482;1;1;1.0;6.0;46,8539480000;4,3203410000;
;3;95;95612;1;1;1.0;2.0;48,9966539350;2,4811881781;
;1;04;04112;1;9;1.0;3.0;43,8088200000;5,8147500000;
;1;06;06069;2;1;1.0;3.0;43,6477490000;6,9375890000;
;1;49;49050;1;1;8.0;6.0;47,3303990000; -0,4217450000;
;1;95;95427;2;1;1.0;3.0;48,9737054781;2,3498913646;
;1;12;12068;1;1;1.0;7.0;44,3730610000;2,2901990000;
;1;75;75112;2;4;1.0;3.0;48,8267520000;2,3899770000;
;1;06;06029;1;1;1.0;6.0;43,5479600000;6,9837900000;
;1;91;91312;1;1;7.0;4.0;48,7438780000;2,2230320000;
;1;75;75105;2;3;1.0;6.0;48,8517610000;2,3495550000;
;3;04;04112;2;1;1.0;6.0;43,8332085289;5,7669800520;
;1;34;34079;2;1;7.0;6.0;43,6239550000;3,4358130000;
;1;91;91514;2;1;1.0;6.0;48,6793000000;2,5350600000;
;1;75;75120;2;1;1.0;6.0;48,8509840000;2,4072570000;
;1;34;34284;1;1;1.0;7.0;43,5201120000;2,7428050000;
;5;75;75117;2;7;1.0;7.0;48,8835320000;2,3268630000;
;1;91;91326;2;2;1.0;3.0;48,6954500000;2,3597800000;
;5;75;75113;2;2;1.0;6.0;48,8240480000;2,3770160000;
;1;83;83098;2;1;1.0;1.0;43,1070030000;6,0271160000;
;2;75;75118;2;1;1.0;4.0;48,9011180000;2,3548410000;
;1;68;68264;1;4;1.0;3.0;47,5712510000;7,4104020000;
;1;83;83123;2;1;1.0;6.0;43,1185800000;5,7992400000;
;1;75;75110;2;1;1.0;3.0;48,8729650000;2,3590280000;
;1;25;25553;2;4;1.0;6.0;47,4425420000;6,4935340000;
;1;80;80725;2;1;1.0;2.0;49,8734500000;2,2643300000;
;2;75;75116;2;1;1.0;2.0;48,8359590000;2,2574680000;
;1;75;75107;2;2;1.0;3.0;48,8605240000;2,2956590000;
;1;44;44127;1;3;1.0;3.0;47,0297620000; -1,4394240000;
;5;75;75110;2;1;1.0;6.0;48,8694130000;2,3538410000;
;1;75;75106;2;2;1.0;6.0;48,8513936521;2,3431643844;
;1;77;77258;2;2;1.0;6.0;48,8377000000;2,6328700000;
;2;38;38006;2;2;1.0;6.0;45,3934250000;6,0759380000;
;1;75;75120;2;3;2.0;6.0;48,8535380000;2,4058690000;
;5;93;93032;2;3;1.0;3.0;48,8792350723;2,5466098491;
;1;93;93066;2;1;1.0;6.0;48,9282194569;2,3753749118;
;1;54;54368;1;2;1.0;1.0;48,5329758007;6,8055152895;
;1;75;75119;2;2;2.0;3.0;48,8778465191;2,3740848899;
;1;76;76351;2;2;1.0;3.0;49,5184400000;0,0967500000;
;2;72;72314;1;1;7.0;6.0;47,8156700000;0,4943000000;