Num_Acc;lum;departement;commune;agglomeration;intersection;meteo;type_collision;lat;long;date
;1;92;92051;2;3;1.0;3.0;48,8860217519;2,2574898004;
;1;92;92025;2;1;1.0;6.0;48,9145400000;2,2291700000;
;1;75;75119;2;3;1.0;3.0;48,8858085776;2,3706462979;
;1;05;05046;2;6;1.0;2.0;44,5507080000;6,4863000000;
;3;95;95353;1;1;1.0;1.0;49,0838860822;2,3221895099;
;5;75;75118;2;2;8.0;3.0;48,8845351567;2,3593971133;
;1;76;76414;1;1;1.0;2.0;49,8962700000;1,1401500000;
;1;47;47037;1;4;1.0;1.0;44,6279230000;0,7081130000;
;1;07;07349;1;1;1.0;3.0;44,7856680000;4,7697930000;
;4;75;75118;2;3;2.0;3.0;48,8897040000;2,3404860000;
;3;09;09167;2;1;1.0;6.0;43,2738740000;1,3475310000;
;2;33;33478;2;1;1.0;6.0;45,0105200000;0,0031740000;
;1;40;40178;1;2;1.0;3.0;43,8834720000; -0,4280700000;
;5;75;75116;2;2;2.0;3.0;48,8784450992;2,2798521817;
;3;41;41167;1;1;1.0;6.0;47,5080160000;1,1932950000;
;1;85;85201;2;1;1.0;1.0;46,4354020000; -1,3233800000;
;5;75;75116;2;1;1.0;3.0;48,8692490000;2,2888040000;
;1;21;21138;1;1;1.0;5.0;47,1905290000;5,3221890000;
;1;85;85046;2;9;9.0;6.0;46,6720530000; -1,2917680000;
;1;28;28173;1;1;1.0;6.0;48,4626210000;1,5550910000;
;5;75;75116;2;7;1.0;3.0;48,8781752098;2,2810243070;
;1;27;27438;1;1;1.0;1.0;48,7848288820;1,1837419868;
;3;972;97217;1;1;8.0;1.0;14,4503320000; -60,8980210000;
;1;17;17434;2;3;1.0;1.0;46,1075550000; -0,7607280000;
;5;75;75115;2;3;1.0;3.0;48,8407510000;2,3054650000;
;1;11;11405;1;1;1.0;7.0;43,2472600000;2,8449870000;
;1;51;51078;1;1;1.0;6.0;49,0696815408;4,3415361643;
;1;30;30227;2;1;7.0;6.0;44,2589010000;4,1934510000;
;1;75;75113;2;2;1.0;3.0;48,8306266887;2,3459324241;
;1;52;52260;1;1;1.0;2.0;48,2128990000;5,1236150000;
;1;44;44012;1;1;1.0;1.0;47,0922590000; -2,0342300000;
;1;75;75110;2;5;1.0;3.0;48,8785360000;2,3540360000;
;1;24;24584;2;1;1.0;6.0;44,9444750000;0,0653790000;
;3;34;34087;1;1;1.0;7.0;43,5462230000;3,7117370000;
;1;75;75109;2;2;1.0;2.0;48,8761380000;2,3311130000;
;1;76;76291;1;1;1.0;1.0;49,7158230000;0,3529570000;
;1;35;35353;1;6;1.0;3.0;48,1213530000; -1,7738200000;
;1;94;94078;2;9;8.0;6.0;48,7277200000;2,4452400000;
;1;82;82142;1;1;7.0;2.0;43,8275610000;1,3436790000;
;1;94;94046;2;1;1.0;6.0;48,8115700000;2,4344800000;
;3;79;79047;1;2;1.0;3.0;46,8328790000; -0,2605390000;
;1;976;97603;2;1;1.0;6.0; -12,9077750000;45,1933600000;
;1;2B;2B105;1;1;1.0;1.0;42,2641220000;9,2832600000;
;5;94;94046;2;4;1.0;3.0;48,8117900000;2,4225100000;
;1;65;65083;2;1;1.0;6.0;43,1712570000;0,1005720000;
;1;73;73296;1;1;1.0;1.0;45,5074450000;6,9253560000;
;2;81;81062;1;1;2.0;6.0;43,6828020000;2,5931700000;
;1;94;94003;2;1;2.0;6.0;48,8018400000;2,3380200000;
;1;17;17086;1;1;1.0;7.0;45,7314000000; -0,5121200000;
;1;63;63430;2;1;1.0;6.0;45,8487511962;3,5354197025;
;5;94;94017;2;4;1.0;3.0;48,8065713251;2,5353366137;
;1;63;63236;2;2;1.0;6.0;45,5735650000;2,8097110000;
;1;60;60505;1;1;1.0;4.0;49,1678869479;2,5992869138;
;1;93;93050;2;9;2.0;2.0;48,8586273337;2,5218181803;
;1;61;61386;1;1;8.0;6.0;48,7891610000;0,4733750000;
;1;93;93049;2;1;2.0;6.0;48,8525800000;2,5119100000;
;1;77;77283;1;2;1.0;2.0;49,0693160000;3,0182320000;
;1;61;61251;1;1;1.0;6.0;48,5232520000;0,2967220000;
;1;34;34057;2;1;1.0;1.0;43,6277160000;3,8974960000;
;1;93;93048;2;2;2.0;3.0;48,8564211022;2,4448489398;
;1;42;42224;1;1;1.0;6.0;45,3450580000;4,4832800000;
;1;84;84129;2;6;1.0;3.0;44,0167490000;4,8691990000;
;5;93;93008;1;1;1.0;6.0;48,9084400000;2,4380100000;
;1;46;46185;1;1;1.0;6.0;44,9427720000;1,5964720000;
;5;92;92050;2;1;1.0;6.0;48,8978692223;2,2194917500;
;5;57;57683;2;2;1.0;3.0;49,3031780000;6,1483100000;
;1;44;44206;1;1;1.0;1.0;46,8829430000; -1,6530560000;
;1;92;92040;2;2;1.0;3.0;48,8291500000;2,2638700000;
;1;38;38562;2;3;1.0;1.0;45,0782790000;5,7730850000;
;2;29;29024;1;1;1.0;6.0;48,2550310000; -3,6073080000;
;1;29;29160;1;1;1.0;6.0;48,5058120000; -4,3938980000;
;1;92;92024;2;3;1.0;3.0;48,9021050456;2,2956288010;
;5;69;69291;1;6;1.0;6.0;45,6389700000;4,8815240000;
;1;38;38567;1;1;1.0;6.0;45,1146830000;5,8747880000;
;1;65;65056;1;6;1.0;3.0;43,0129240000; -0,0867000000;
;5;84;84072;2;1;3.0;3.0;44,0573730000;5,1263850000;
;2;54;54513;1;2;8.0;3.0;48,4568790654;6,1278229960;
;1;56;56151;1;1;7.0;7.0;48,0437120000; -2,8966690000;
;3;03;03147;1;1;1.0;6.0;46,2712000000;3,7573000000;
;1;68;68235;1;1;1.0;6.0;47,9817809545;7,4435779169;
;1;22;22210;1;1;1.0;1.0;48,8170730000; -3,0190140000;
;1;66;66053;1;1;1.0;1.0;42,5164990000;3,0711150000;
;1;60;60612;2;6;1.0;3.0;49,2063900000;2,5895660000;
;1;19;19151;1;1;1.0;2.0;45,1103607436;1,5042729376;
;1;13;13005;1;1;1.0;2.0;43,2849143710;5,5246089399;
;1;41;41252;1;1;1.0;6.0;47,6802340000;1,4080410000;
;1;50;50564;2;2;1.0;1.0;49,2408510000; -1,3202480000;
;5;13;13202;1;1;1.0;6.0;43,2995000000;5,3635800000;
;3;60;60083;1;1;8.0;1.0;49,2874730000;2,9671240000;
;1;64;64495;1;1;2.0;1.0;43,3768870000; -1,5634060000;
;3;85;85259;1;1;1.0;6.0;46,8354920000; -0,9435580000;
;3;13;13071;1;1;1.0;3.0;43,4059000000;5,2933400000;
;2;16;16005;2;1;1.0;6.0;45,8965980000; -0,0035300000;
;1;69;69272;1;1;1.0;2.0;45,5887500000;4,8124600000;
;1;41;41072;1;2;7.0;3.0;47,7525400000;1,1134280000;
;1;67;67482;1;1;1.0;3.0;48,5890280000;7,7306990000;
;1;23;23117;1;1;1.0;7.0;46,3259864271;1,6707070560;
;1;59;59343;1;1;1.0;4.0;50,5890800000;3,0964100000;
;1;51;51183;1;1;1.0;4.0;49,3097360000;4,0247400000;
;1;56;56034;1;6;1.0;7.0;47,6386250000; -3,0486200000;
;1;59;59646;1;1;1.0;5.0;50,6712200000;3,1146400000;
;1;82;82113;1;1;1.0;6.0;44,1699282823;1,3733929396;
;5;07;07101;2;1;1.0;7.0;44,3793870000;4,2671871000;
;1;59;59350;1;1;1.0;3.0;50,6215400000;3,0827700000;
;1;65;65437;1;1;8.0;6.0;43,1849330000;0,4466630000;
;1;65;65138;2;1;1.0;6.0;42,8952980000; -0,1152680000;
;1;91;91687;1;1;1.0;3.0;48,6607400000;2,3714200000;
;1;21;21419;1;1;1.0;7.0;47,9292400000;4,3506500000;
;3;91;91161;1;1;1.0;7.0;48,7098230000;2,3074490000;
;3;71;71502;1;1;1.0;6.0;46,8429480000;4,8984620000;
;1;91;91347;1;1;1.0;4.0;48,6219400000;2,2785300000;
;1;63;63148;2;1;1.0;2.0;45,8927410000;3,2246110000;
;5;92;92050;1;1;1.0;2.0;48,8934770765;2,1888457004;
;1;61;61274;1;1;1.0;2.0;48,5199590000;0,9389880000;
;1;78;78073;1;1;1.0;6.0;48,8018500000;2,0474400000;
;1;04;04104;1;1;1.0;3.0;43,9928340000;5,7378940000;
;2;47;47239;1;3;1.0;4.0;44,4081100000;0,5739500000;
;1;93;93027;1;1;1.0;1.0;48,9281200000;2,4112500000;
;1;94;94069;1;1;1.0;3.0;48,8173161343;2,4400966677;
;1;35;35302;1;3;7.0;2.0;48,1861430000; -2,1680670000;
;3;85;85187;1;1;1.0;6.0;46,7021730000; -0,8301540000;
;3;73;73206;2;1;4.0;6.0;45,3764440000;6,7196470000;
;1;29;29113;2;1;1.0;6.0;48,6465530000; -3,7165330000;
;5;30;30133;2;1;1.0;6.0;43,5287660000;4,1493560000;
;2;70;70228;1;1;1.0;1.0;47,7548190000;6,0975840000;
;3;42;42110;1;1;1.0;5.0;45,4939900000;4,5477200000;
;3;26;26337;1;1;1.0;6.0;44,7153310000;4,7730120000;
;5;75;75112;2;1;1.0;6.0;48,8254470000;2,4563100000;
;1;93;93062;2;3;1.0;6.0;48,8934400000;2,5223200000;
;1;30;30006;1;1;7.0;1.0;43,6870000000;4,2229000000;
;1;66;66024;1;1;1.0;5.0;42,5145440000;2,8304360000;
;1;93;93010;2;2;1.0;6.0;48,9017630000;2,4752280000;
;5;30;30237;2;1;1.0;6.0;44,2692000000;4,1954000000;
;1;53;53127;1;2;1.0;6.0;48,4079960000; -0,4968740000;
;1;75;75117;2;2;1.0;5.0;48,8818850000;2,3113000000;
;1;17;17385;2;9;1.0;3.0;45,9395230000; -1,3120990000;
;1;987;98733;2;1;7.0;1.0; -17,6899310000; -149,5483490000;
;1;75;75116;2;1;1.0;6.0;48,8757660000;2,2885120000;
;1;973;97309;2;1;1.0;5.0;4,9232990000; -52,2828040000;
;1;13;13088;1;1;1.0;3.0;43,3784070000;5,2249540000;
;1;75;75120;2;7;1.0;3.0;48,8651100000;2,3983280000;
;1;37;37210;1;3;1.0;3.0;47,2297196491;0,3308317065;
;1;75;75120;2;2;1.0;6.0;48,8542810000;2,4152550000;
;1;53;53204;1;1;8.0;7.0;48,4746310000; -0,2654710000;
;1;75;75120;2;7;1.0;7.0;48,8646750000;2,4087540000;
;3;77;77153;1;4;6.0;3.0;49,0465390000;2,6768290000;
;1;75;75119;2;1;1.0;3.0;48,8928690000;2,3780600000;
;1;976;97614;1;1;1.0;1.0; -12,8365320000;45,1448820000;
;5;2A;2A041;2;1;1.0;1.0;41,3900510000;9,1698290000;
;1;75;75117;2;7;1.0;3.0;48,8796780000;2,2819310000;
;3;11;11076;1;1;1.0;6.0;43,3245220000;1,9343880000;
;2;75;75116;2;2;1.0;2.0;48,8651540000;2,2998710000;
;1;13;13042;2;1;1.0;6.0;43,2870110000;5,6228870000;
;1;08;08053;2;1;1.0;2.0;49,6815940000;4,9751280000;
;1;75;75116;2;3;1.0;2.0;48,8346600000;2,2619890000;
;1;27;27102;1;1;1.0;5.0;49,3697430000;0,7665110000;
;1;42;42147;2;1;1.0;6.0;45,6051960000;4,0683690000;
;1;75;75116;2;2;1.0;3.0;48,8726659737;2,2845768929;
;1;37;37060;1;1;1.0;1.0;47,4332838899;1,0290455818;
;2;38;38110;1;3;1.0;1.0;45,5701930000;4,8785360000;
;1;75;75115;2;1;1.0;3.0;48,8300590000;2,2946960000;
;3;26;26168;1;1;1.0;3.0;44,6836800000;5,6936570000;
;1;75;75115;2;2;1.0;3.0;48,8387410000;2,2697800000;
;1;65;65059;2;3;1.0;6.0;43,0662030000;0,1481060000;
;1;77;77430;2;2;1.0;1.0;49,0755030000;2,7873620000;
;3;33;33296;2;1;1.0;6.0;44,8360990000; -0,0058420000;
;1;75;75114;2;2;1.0;3.0;48,8198540000;2,3255140000;
;1;44;44103;2;1;1.0;3.0;47,3102800000; -2,1751600000;
;1;77;77339;1;1;1.0;6.0;48,3651950000;2,5173070000;
;1;75;75113;2;1;1.0;3.0;48,8344440000;2,3608280000;
;1;60;60088;2;1;1.0;6.0;49,1964600000;2,2067550000;
;1;75;75112;2;2;1.0;3.0;48,8373070000;2,3912090000;
;1;59;59283;2;1;1.0;6.0;50,2620240000;3,8385810000;
;2;91;91225;2;1;2.0;6.0;48,6344010000;2,4649500000;
;1;75;75112;2;2;1.0;6.0;48,8206120000;2,4453560000;
;1;75;75112;2;2;1.0;3.0;48,8337390000;2,3825290000;
;1;59;59044;2;1;1.0;6.0;50,6117796896;3,2511283904;
;3;66;66171;1;1;1.0;6.0;42,6254760000;3,0198880000;
;3;13;13211;2;1;1.0;2.0;43,2943346700;5,4599530289;
;1;75;75112;2;3;1.0;1.0;48,8480180000;2,3676690000;
;1;75;75111;2;3;1.0;3.0;48,8559110000;2,3832900000;
;1;13;13215;1;1;1.0;5.0;43,3499483530;5,3689039908;
;1;30;30039;1;1;7.0;1.0;43,8782600000;4,5035360000;
;1;75;75108;2;7;1.0;1.0;48,8650710000;2,3223290000;
;3;13;13211;1;1;1.0;2.0;43,2945900000;5,4607300000;
;1;75;75108;2;2;1.0;3.0;48,8727500000;2,3080800000;
;1;38;38544;1;2;1.0;6.0;45,5348600000;4,8721700000;
;1;75;75115;2;3;1.0;6.0;48,8373780000;2,2796340000;
;3;11;11190;1;1;1.0;7.0;43,2515937575;2,6760895572;
;5;33;33167;1;1;1.0;2.0;44,8381940000; -0,5010220000;
;1;75;75104;2;2;1.0;3.0;48,8556630000;2,3483200000;
;1;91;91521;1;1;1.0;4.0;48,6318450000;2,4007180000;
;1;75;75101;2;5;1.0;3.0;48,8638610000;2,3490420000;
;1;94;94078;2;1;1.0;6.0;48,7516400000;2,4476720000;
;3;91;91161;1;1;1.0;4.0;48,6960500000;2,3170800000;
;1;92;92047;1;1;1.0;3.0;48,8357805479;2,1815582884;
;5;94;94046;2;2;1.0;3.0;48,8154800000;2,4205600000;
;3;93;93001;1;1;1.0;6.0;48,9214100000;2,3759500000;
;1;94;94046;2;1;1.0;3.0;48,8077900000;2,4374200000;
;1;34;34092;2;2;1.0;3.0;43,3572300000;2,9417400000;
;3;93;93027;1;1;1.0;6.0;48,9281900000;2,4123300000;
;1;94;94041;2;2;1.0;3.0;48,8068200000;2,3750330000;
;1;95;95351;1;1;1.0;2.0;49,0287705873;2,5028014183;
;1;94;94041;2;1;7.0;3.0;48,8114000000;2,4024700000;
;1;95;95394;1;1;1.0;4.0;49,0529400000;2,1650900000;
;5;94;94011;2;7;1.0;3.0;48,7626300000;2,4786100000;
;1;83;83065;1;1;1.0;3.0;43,2612300000;6,5762080000;
;1;93;93048;1;1;1.0;3.0;48,8722900000;2,4339600000;
;5;94;94059;2;1;1.0;3.0;48,8072347009;2,5705794990;
;1;94;94028;1;1;1.0;2.0;48,7871908518;2,4402679311;
;1;94;94071;2;1;1.0;3.0;48,7677500000;2,5295100000;
;1;05;05079;1;1;1.0;1.0;45,0538118470;6,4025749506;
;1;91;91228;2;1;1.0;6.0;48,6277300000;2,4326100000;
;1;93;93066;2;1;1.0;6.0;48,9460600000;2,3502000000;
;1;974;97416;2;1;1.0;6.0; -21,3372190000;55,4751680000;
;1;93;93070;2;1;1.0;2.0;48,9118300000;2,3251300000;
;1;93;93062;2;3;1.0;3.0;48,8933220229;2,5222353637;
;1;973;97302;1;1;2.0;2.0;4,9112648610; -52,3262715340;
;1;71;71052;1;1;1.0;7.0;46,5983580000;4,9028580000;
;1;93;93050;2;1;1.0;3.0;48,8541900000;2,5323100000;
;1;973;97302;2;1;1.0;3.0;4,9366100000; -52,3144800000;
;5;69;69259;2;1;1.0;6.0;45,7248700000;4,8582000000;
;1;68;68262;1;1;1.0;3.0;47,9100350000;7,0497680000;
;1;93;93032;2;2;1.0;2.0;48,8769300000;2,5492500000;
;5;69;69386;2;1;1.0;6.0;45,7849437138;4,8517562430;
;1;93;93013;2;3;1.0;3.0;48,9322900000;2,4267100000;
;3;69;69288;1;1;1.0;6.0;45,6974200000;5,0709090000;
;5;69;69259;2;1;1.0;6.0;45,7172215130;4,8597671076;
;1;2B;2B033;2;1;1.0;2.0;42,6674000000;9,4430000000;
;1;93;93032;2;1;1.0;5.0;48,8991900000;2,5419000000;
;1;69;69089;2;1;1.0;3.0;45,7407610970;4,7368135303;
;1;93;93047;2;2;1.0;3.0;48,8872200000;2,5515900000;
;1;2A;2A004;2;2;1.0;3.0;41,9323100000;8,7406000000;
;1;65;65006;1;1;8.0;7.0;42,9151540000;0,2862880000;
;1;93;93014;2;3;1.0;6.0;48,9140600000;2,5491100000;
;2;91;91027;2;1;1.0;2.0;48,7102600000;2,3713000000;
;1;87;87085;2;1;1.0;3.0;45,8403800000;1,2347300000;
;1;19;19211;1;1;1.0;3.0;45,1768530000;1,6292220000;
;1;83;83137;1;1;1.0;6.0;43,1207400000;5,9313000000;
;5;93;93010;2;1;1.0;1.0;48,9177435769;2,4762684703;
;1;93;93008;2;1;1.0;6.0;48,9054207695;2,4393001199;
;1;83;83137;2;1;1.0;6.0;43,1271100000;5,9197900000;
;1;33;33383;1;1;1.0;2.0;45,3685040000; -0,8349820000;
;1;93;93007;2;1;1.0;6.0;48,9504800000;2,4467500000;
;1;81;81060;2;1;1.0;3.0;44,0505050492;2,1591016352;
;1;93;93007;2;1;1.0;3.0;48,9403391211;2,4445669056;
;1;80;80164;2;1;1.0;7.0;49,8952600000;2,3358900000;
;1;50;50519;1;3;2.0;6.0;49,5595510000; -1,6386630000;
;5;93;93007;2;6;1.0;3.0;48,9501440000;2,4664970000;
;1;27;27469;2;1;1.0;6.0;49,3038320000;1,1594650000;
;1;77;77237;1;6;1.0;3.0;48,8453100000;2,7454300000;
;1;93;93005;2;1;1.0;2.0;48,9474312920;2,5162369659;
;1;59;59534;1;2;7.0;3.0;50,1227930000;3,8935380000;
;5;76;76366;2;2;6.0;1.0;49,5097000000;1,0333600000;
;1;93;93001;2;3;1.0;3.0;48,9181058983;2,3694875836;
;2;76;76681;2;2;1.0;6.0;49,4095000000;1,0835400000;
;1;93;93001;2;2;1.0;6.0;48,9053400000;2,3872800000;
;3;91;91345;1;1;1.0;6.0;48,6871000000;2,3257700000;
;1;72;72181;2;3;1.0;3.0;48,0039400000;0,1898400000;
;1;92;92062;2;4;1.0;6.0;48,8841233897;2,2314722389;
;1;92;92062;2;1;1.0;1.0;48,8828000000;2,2479500000;
;1;72;72181;2;6;2.0;2.0;48,0089600000;0,2269500000;
;1;92;92051;2;2;1.0;3.0;48,8844431175;2,2690326869;
;2;92;92051;1;1;1.0;3.0;48,8787808442;2,2794623052;
;2;67;67447;2;1;1.0;6.0;48,6026380000;7,7458640000;
;5;92;92050;2;1;1.0;6.0;48,8884706045;2,2250506282;
;1;67;67482;2;8;1.0;3.0;48,5612700000;7,7515900000;
;1;92;92049;2;2;1.0;6.0;48,8121466107;2,3263136744;
;1;64;64445;2;1;1.0;7.0;43,3090100000; -0,3361600000;
;1;92;92044;2;1;1.0;3.0;48,8964660622;2,2960277795;
;1;93;93005;1;1;1.0;2.0;48,9518200000;2,4754700000;
;1;64;64445;2;3;7.0;3.0;43,2989900000; -0,3354400000;
;1;92;92036;2;1;1.0;6.0;48,9141850000;2,2998940000;
;1;64;64122;1;1;1.0;7.0;43,4594900000; -1,5541800000;
;1;92;92036;2;1;1.0;6.0;48,9324710322;2,2990685999;
;1;57;57463;2;9;1.0;6.0;49,1016503882;6,1987110972;
;5;53;53130;2;1;8.0;6.0;48,0844500000; -0,7523100000;
;1;92;92036;2;3;1.0;3.0;48,9206553597;2,2950947061;
;1;92;92026;2;1;1.0;6.0;48,8937300000;2,2408700000;
;1;51;51055;2;1;1.0;4.0;49,2736300000;4,0527100000;
;1;92;92025;2;1;1.0;6.0;48,9148300000;2,2287640000;
;1;51;51454;2;1;1.0;7.0;49,2538000000;4,0626800000;
;1;93;93063;1;1;1.0;4.0;48,8754700000;2,4408700000;
;1;92;92024;2;1;1.0;3.0;48,9020100000;2,3046410000;
;5;51;51108;2;2;1.0;3.0;48,9486300000;4,3401400000;
;1;49;49007;2;1;1.0;3.0;47,4744589340; -0,5520468950;
;1;92;92023;2;1;1.0;1.0;48,7991004131;2,2668563425;
;1;77;77373;1;1;1.0;2.0;48,7927270820;2,6191989810;
;1;49;49007;2;6;1.0;2.0;47,4721200000; -0,5854800000;
;1;92;92019;2;1;1.0;6.0;48,7670400000;2,2672400000;
;3;77;77175;1;1;1.0;6.0;48,6443300000;2,6237300000;
;1;45;45302;2;1;1.0;6.0;47,9542299508;1,8885460496;
;1;92;92004;2;1;1.0;2.0;48,9083721431;2,2871807813;
;5;45;45234;2;1;2.0;6.0;47,9242259614;1,8970432878;
;1;77;77053;1;1;1.0;2.0;48,6883672968;2,5961063254;
;1;92;92004;2;1;1.0;2.0;48,9205523642;2,3168183863;
;1;27;27299;2;1;1.0;6.0;49,0459100000;1,1668500000;
;2;37;37261;2;3;1.0;3.0;47,4186393883;0,6934294850;
;1;35;35328;2;1;1.0;6.0;47,7796370000; -2,0802940000;
;1;37;37261;2;1;1.0;1.0;47,3973800000;0,6764200000;
;1;974;97416;1;9;1.0;3.0; -21,2779000000;55,4676000000;
;1;37;37261;2;6;2.0;7.0;47,4074608070;0,6793311238;
;5;33;33063;2;7;1.0;6.0;44,8314500000; -0,5674300000;
;1;33;33225;1;1;1.0;6.0;44,5612670000; -0,3891260000;
;1;974;97411;2;1;1.0;2.0; -20,8765900000;55,4558300000;
;1;31;31555;2;1;1.0;2.0;43,5770600000;1,4080100000;
;1;33;33254;1;3;1.0;3.0;44,5433830000; -0,0354110000;
;2;29;29019;2;6;1.0;2.0;48,4027020000; -4,4668610000;
;1;972;97210;1;1;1.0;1.0;14,6240530000; -60,9145550000;
;1;83;83061;1;6;1.0;3.0;43,4400000000;6,7070000000;
;1;67;67437;1;1;1.0;6.0;48,7505370000;7,3388400000;
;1;13;13075;2;1;1.0;1.0;43,3392700000;5,4542100000;
;1;65;65303;1;2;1.0;3.0;43,1952430000;0,1748590000;
;5;13;13201;2;1;1.0;2.0;43,2971400000;5,3810600000;
;1;77;77296;1;6;1.0;3.0;48,6237100000;2,5621300000;
;1;72;72200;1;3;1.0;4.0;47,9092400000;0,1902100000;
;1;43;43088;1;1;1.0;2.0;45,3031650000;3,2487990000;
;2;77;77186;1;6;1.0;2.0;48,4664400000;2,6897800000;
;1;71;71578;1;3;1.0;3.0;46,9644830000;5,1749790000;
;2;76;76486;1;1;1.0;6.0;49,3155000000;0,9861000000;
;1;71;71443;2;4;1.0;3.0;46,9471110000;4,9087080000;
;1;30;30334;2;3;1.0;3.0;44,0192680000;4,4156240000;
;1;66;66050;2;1;1.0;6.0;42,7774536520;2,9158776999;
;1;76;76157;2;1;1.0;6.0;49,4417800000;1,0320300000;
;5;57;57746;2;1;1.0;6.0;49,0221280000;7,0379360000;
;1;04;04102;2;1;1.0;6.0;44,4292210000;6,4317980000;
;1;56;56185;2;6;1.0;3.0;47,7795000000; -3,4090500000;
;1;76;76159;1;1;1.0;1.0;49,7870070000;0,6473030000;
;1;72;72181;2;9;1.0;3.0;47,9679900000;0,2037000000;
;2;76;76072;1;1;1.0;1.0;49,7049650000;0,9853680000;
;1;76;76675;1;2;1.0;2.0;49,5934800000;1,0495160000;
;1;71;71540;2;1;1.0;7.0;46,7848900000;4,4258900000;
;1;2A;2A271;1;1;1.0;6.0;41,9550780000;8,8118930000;
;1;2A;2A271;1;3;1.0;3.0;41,9786110000;8,8313930000;
;1;80;80020;1;1;1.0;6.0;49,9237840000;2,3788470000;
;1;63;63011;1;1;1.0;6.0;46,1947040514;2,7570142921;
;1;49;49311;1;1;7.0;6.0;47,3829960000; -0,0846400000;
;1;25;25347;1;1;1.0;3.0;47,0030700000;6,4623430000;
;1;69;69092;2;1;1.0;6.0;46,0018880202;4,6962851286;
;1;44;44072;1;1;7.0;1.0;47,4320070000; -2,3113350000;
;1;13;13005;1;1;1.0;6.0;43,2879800000;5,5447800000;
;1;35;35201;1;1;1.0;1.0;48,1304870000; -2,1455960000;
;3;35;35184;1;1;1.0;6.0;48,2076142693; -2,0466408134;
;1;13;13001;1;1;1.0;1.0;43,5117400000;5,4210800000;
;1;11;11262;2;1;1.0;6.0;43,1856400000;2,9935500000;
;1;29;29209;1;2;1.0;6.0;48,5087440000; -4,4617470000;
;5;64;64260;2;3;1.0;3.0;43,3562200000; -1,7773000000;
;1;11;11262;2;3;1.0;3.0;43,1837900000;3,0022400000;
;1;38;38034;1;1;1.0;7.0;45,3245360000;5,0673690000;
;1;09;09122;2;3;7.0;1.0;42,9654014287;1,6011158377;
;5;06;06088;2;9;1.0;6.0;43,7000660000;7,2939790000;
;1;64;64483;2;1;1.0;3.0;43,3811954487; -1,6418957412;
;1;06;06088;2;8;1.0;6.0;43,6922280000;7,2475190000;
;1;06;06027;2;3;1.0;3.0;43,6593060000;7,1666910000;
;1;64;64335;2;1;1.0;2.0;43,3352800000; -0,4354000000;
;1;75;75113;2;1;1.0;4.0;48,8161200000;2,3599110000;
;1;75;75117;2;1;8.0;3.0;48,8779706984;2,2873992231;
;1;64;64348;2;6;1.0;3.0;43,3007108333; -0,4100829363;
;1;75;75114;2;3;1.0;3.0;48,8287550000;2,3166090000;
;1;75;75111;2;2;1.0;2.0;48,8504706394;2,3905795437;
;5;75;75111;2;7;2.0;6.0;48,8534655958;2,3695595214;
;1;75;75108;2;7;1.0;3.0;48,8658650000;2,3199060000;
;1;94;94081;2;3;1.0;6.0;48,8000200000;2,3807600000;
;5;94;94041;2;1;1.0;3.0;48,8185400000;2,4003100000;
;1;94;94034;2;1;1.0;6.0;48,7601900000;2,3190100000;
;1;94;94070;2;3;2.0;7.0;48,7252800000;2,5700600000;
;1;93;93066;2;7;1.0;3.0;48,9296520000;2,3565280000;
;1;93;93055;2;9;8.0;3.0;48,9055570000;2,3941680000;
;1;93;93055;2;3;2.0;1.0;48,8941300000;2,3987020000;
;1;93;93031;2;1;1.0;6.0;48,9627200000;2,2965800000;
;1;93;93027;2;3;2.0;2.0;48,9271700000;2,4175400000;
;2;93;93007;2;2;2.0;3.0;48,9401400000;2,4625000000;
;5;93;93001;2;1;1.0;3.0;48,9122900000;2,4013600000;
;1;92;92046;2;1;1.0;6.0;48,8207758178;2,3120118678;
;3;39;39502;1;1;1.0;1.0;47,0196910000;5,6493540000;
;1;92;92075;2;1;1.0;7.0;48,8189471243;2,2857639044;
;1;39;39252;1;1;1.0;2.0;47,0508370000;5,4331930000;
;1;92;92076;2;2;1.0;3.0;48,8368328625;2,1458765119;
;1;02;02793;1;1;1.0;6.0;49,4701040000;3,2225130000;
;1;92;92036;2;3;1.0;3.0;48,9241500000;2,3198300000;
;2;92;92024;2;1;8.0;3.0;48,9068605023;2,3006961644;
;1;92;92012;2;2;8.0;6.0;48,8350099632;2,2412702143;
;1;92;92004;2;1;1.0;3.0;48,9108800000;2,2949400000;
;3;06;06059;2;1;1.0;3.0;43,7310710000;7,3763240000;
;3;974;97415;1;1;1.0;1.0; -21,0732180000;55,3095960000;
;1;50;50391;1;2;2.0;3.0;48,6089090000; -1,1080420000;
;3;60;60318;1;1;1.0;6.0;49,3296950000;2,6434350000;
;1;24;24218;1;1;1.0;6.0;45,4999400000;1,0850290000;
;1;972;97217;2;1;1.0;1.0;14,4729130000; -60,8695470000;
;1;24;24064;1;3;1.0;3.0;45,4269500000;0,6496520000;
;1;21;21362;1;1;1.0;7.0;47,2295101897;4,5861268044;
;1;85;85047;2;6;1.0;2.0;46,8419250000; -1,8746480000;
;3;21;21210;1;1;1.0;2.0;47,2455000000;4,5737000000;
;1;27;27649;2;1;1.0;2.0;49,3512270000;1,4384690000;
;1;67;67082;1;1;1.0;6.0;48,7679290000;7,9835840000;
;1;01;01007;1;1;2.0;1.0;46,0363878629;5,3373411298;
;2;34;34270;2;9;1.0;6.0;43,5713153821;3,8446594490;
;1;74;74067;1;1;8.0;1.0;45,8782680000;6,0327820000;
;1;56;56119;1;2;1.0;6.0;47,7003900000; -3,1050750000;
;1;68;68135;1;9;1.0;6.0;47,5896030000;7,5476830000;
;1;74;74256;1;1;1.0;5.0;45,9700340000;6,6302490000;
;1;77;77239;1;3;1.0;6.0;48,6734110000;3,1196180000;
;1;80;80465;1;1;2.0;1.0;49,7606080000;2,9451300000;
;4;76;76457;1;1;3.0;5.0;49,3383220000;0,9778260000;
;1;63;63430;2;1;1.0;6.0;45,8602430000;3,5375600000;
;5;987;98712;2;1;2.0;6.0; -17,5303520000; -149,5408970000;
;1;976;97608;2;1;1.0;6.0; -12,7889200000;45,2726630000;
;1;63;63391;1;1;8.0;1.0;46,0953020000;2,9346800000;
;1;29;29209;1;1;1.0;6.0;48,5358250000; -4,4275330000;
;5;13;13088;2;1;1.0;3.0;43,3720550000;5,2618340000;
;1;29;29158;2;3;1.0;3.0;47,8141511934; -4,3349372148;
;1;45;45348;1;2;1.0;5.0;48,1312280000;2,3309440000;
;2;95;95489;1;1;1.0;6.0;49,0136794011;2,3337452223;
;1;38;38001;2;4;1.0;2.0;45,5138430000;5,5971100000;
;1;2B;2B042;2;1;1.0;7.0;42,5646020000;9,4382480000;
;5;26;26113;2;1;2.0;1.0;44,7499830000;5,3737680000;
;5;30;30155;2;7;1.0;3.0;43,8186860000;4,4729640000;