Num_Acc;lum;departement;commune;agglomeration;intersection;meteo;type_collision;lat;long;date
;1;72;72346;1;1;1.0;3.0;47,8789800000;0,0268500000;
;5;34;34090;2;6;1.0;6.0;43,6419470000;3,9434110000;
;1;60;60662;1;1;1.0;3.0;49,3867220000;1,9411170000;
;5;84;84092;1;9;2.0;3.0;43,9801280000;4,8820170000;
;2;89;89230;1;1;1.0;3.0;47,9861630000;3,4556750000;
;1;21;21027;1;3;8.0;6.0;47,3807350000;5,0335840000;
;5;57;57160;2;1;1.0;6.0;49,2107790000;6,7148640000;
;5;37;37282;2;4;2.0;6.0;46,7880316713;0,8788686991;
;3;37;37167;1;1;1.0;6.0;47,5542070524;0,5774903297;
;5;01;01249;2;1;1.0;2.0;45,8262540000;4,9628700000;
;1;01;01320;2;1;1.0;7.0;46,3021910000;4,9038610000;
;3;69;69297;2;3;3.0;3.0;45,6119610349;4,8084095120;
;1;14;14198;1;1;1.0;2.0;49,2490250000;0,0118020000;
;1;81;81099;2;1;1.0;6.0;43,8981360000;1,9025910000;
;1;65;65168;2;1;1.0;2.0;42,8751820000; -0,0033210000;
;1;30;30221;1;1;1.0;6.0;44,0572680000;4,7676960000;
;3;16;16097;1;1;1.0;6.0;45,7276860000; -0,3548670000;
;1;77;77171;2;1;1.0;6.0;48,9005660000;2,8121570000;
;3;33;33449;2;9;2.0;1.0;44,8656900000; -0,7132420000;
;1;83;83138;1;3;1.0;3.0;43,6067214740;6,7019752264;
;1;13;13079;1;9;1.0;3.0;43,5046750000;5,6390330000;
;3;60;60022;1;1;2.0;6.0;49,2347650000;2,5343470000;
;1;80;80287;2;1;1.0;7.0;50,1643640000;1,6391300000;
;3;71;71048;1;1;1.0;6.0;46,3002200000;3,9865350000;
;1;57;57052;1;1;1.0;6.0;49,0627740000;6,8133900000;
;1;33;33063;1;1;1.0;4.0;44,8801530938; -0,5383998156;
;1;94;94021;1;1;1.0;4.0;48,7708039771;2,3457780294;
;2;32;32117;1;1;1.0;7.0;43,6722950000;0,5685850000;
;3;78;78466;1;1;1.0;2.0;48,9311000000;1,9791100000;
;1;95;95154;1;1;1.0;6.0;49,0528123338;2,5480138414;
;1;02;02242;2;1;1.0;3.0;48,9788230000;3,2364770000;
;3;95;95582;1;1;1.0;2.0;48,9630455678;2,2651925683;
;1;59;59195;1;1;2.0;2.0;50,6228700000;2,9635200000;
;1;64;64483;2;1;1.0;2.0;43,3861700000; -1,6530800000;
;1;91;91589;1;1;8.0;2.0;48,6733300000;2,3433800000;
;1;974;97409;2;1;1.0;3.0; -20,9752500000;55,6458300000;
;1;94;94021;1;1;2.0;3.0;48,7717255413;2,3456940386;
;2;69;69387;2;1;1.0;3.0;45,7418800000;4,8338800000;
;1;78;78073;1;1;2.0;2.0;48,7985240000;2,0037670000;
;1;972;97209;2;1;8.0;6.0;14,6304700000; -61,0724300000;
;1;95;95018;1;1;2.0;2.0;48,9625200000;2,2662900000;
;1;69;69381;2;3;1.0;6.0;45,7701900000;4,8358800000;
;1;95;95365;1;1;1.0;5.0;49,0658436171;2,4066066742;
;1;69;69382;2;1;1.0;3.0;45,7443072771;4,8222631216;
;1;2B;2B033;2;1;1.0;3.0;42,6766200000;9,4356700000;
;1;77;77294;1;1;1.0;5.0;48,9734200000;2,5895100000;
;1;971;97105;2;9;1.0;3.0;15,9927700000; -61,7241500000;
;1;94;94018;1;1;1.0;3.0;48,8180000000;2,4123100000;
;1;94;94069;1;1;2.0;2.0;48,8173704442;2,4286139539;
;5;91;91027;2;3;1.0;3.0;48,6996100000;2,3718500000;
;1;27;27229;2;1;1.0;6.0;49,0261500000;1,1485700000;
;1;83;83144;1;1;1.0;2.0;43,1367500000;6,0029000000;
;1;77;77243;2;1;1.0;6.0;48,8731300000;2,7259500000;
;3;83;83069;1;1;1.0;3.0;43,1765900000;6,1178000000;
;4;78;78123;2;2;1.0;2.0;48,9414000000;2,0323000000;
;1;974;97411;1;1;2.0;6.0; -20,9266000000;55,4733600000;
;1;974;97411;2;1;8.0;6.0; -20,8894000000;55,4230000000;
;1;77;77111;2;1;1.0;1.0;48,8716900000;2,7642400000;
;5;974;97411;2;5;3.0;3.0; -20,8898100000;55,4639600000;
;1;77;77186;2;3;1.0;3.0;48,4023900000;2,6902000000;
;1;69;69387;1;5;1.0;3.0;45,7299700000;4,8380400000;
;1;73;73011;2;1;1.0;4.0;45,6620500000;6,3731300000;
;5;69;69386;2;2;1.0;3.0;45,7728186422;4,8465392712;
;5;69;69266;2;1;1.0;6.0;45,7652500000;4,8697400000;
;5;972;97213;1;1;2.0;6.0;14,6184300000; -61,0251400000;
;1;69;69256;2;1;1.0;6.0;45,7855093342;4,9294227362;
;1;69;69290;2;3;1.0;3.0;45,7190000000;4,9309000000;
;4;972;97213;1;1;1.0;4.0;14,6184130000; -61,0245260000;
;1;69;69389;2;1;1.0;1.0;45,7796500000;4,7996100000;
;5;64;64348;1;1;1.0;4.0;43,3486400000; -0,3799800000;
;3;971;97101;1;9;1.0;6.0;16,2515800000; -61,5212100000;
;5;64;64102;2;1;1.0;6.0;43,4960500000; -1,4815800000;
;5;971;97105;2;1;1.0;6.0;15,9903746136; -61,7278218269;
;4;62;62132;2;4;1.0;6.0;50,5130423646;2,8561267555;
;5;59;59512;2;1;1.0;6.0;50,7034000000;3,1621000000;
;1;95;95018;2;3;1.0;3.0;48,9573590000;2,2874630000;
;5;59;59488;2;1;1.0;6.0;50,1907300000;3,1661400000;
;1;91;91549;2;9;1.0;6.0;48,6528800000;2,3147900000;
;1;57;57606;2;1;1.0;3.0;49,1041810005;6,7048449442;
;1;91;91377;2;9;2.0;6.0;48,7323900000;2,2928500000;
;1;54;54339;2;1;1.0;6.0;48,7165728430;6,1842191219;
;3;54;54099;1;1;1.0;6.0;49,2426270000;5,9661720000;
;1;89;89346;2;3;1.0;3.0;47,8000000000;3,5019800000;
;1;53;53034;1;3;1.0;3.0;48,0997300000; -0,6854400000;
;2;80;80021;2;1;4.0;1.0;49,8866300000;2,2793100000;
;1;51;51454;2;1;1.0;7.0;49,2332176878;4,0314379334;
;1;80;80021;2;1;1.0;2.0;49,8963990909;2,2941899299;
;3;50;50218;1;2;1.0;3.0;48,8245900000; -1,5580900000;
;1;79;79191;2;1;1.0;7.0;46,3226700000; -0,4718500000;
;1;47;47032;1;1;7.0;2.0;44,1958300000;0,6739800000;
;1;78;78502;2;3;1.0;1.0;48,8800690000;2,1102980000;
;1;45;45284;2;3;1.0;1.0;47,9195300000;1,9643100000;
;1;78;78172;1;9;1.0;3.0;49,0072000000;2,0853200000;
;1;45;45068;2;1;1.0;6.0;48,0114210000;2,7198420000;
;1;76;76270;1;1;2.0;3.0;49,5289800000;0,1341900000;
;1;76;76351;2;1;1.0;6.0;49,5001000000;0,1598200000;
;2;44;44190;2;1;2.0;5.0;47,1895940000; -1,4812600000;
;1;71;71153;2;6;1.0;6.0;46,8006700000;4,4384600000;
;1;44;44109;1;1;1.0;4.0;47,1919400000; -1,6135200000;
;2;69;69092;2;2;1.0;6.0;45,9822100000;4,6819600000;
;1;42;42330;1;1;1.0;6.0;45,4762800000;4,3458600000;
;1;66;66136;1;1;1.0;3.0;42,6626400000;2,9212700000;
;1;59;59350;2;2;1.0;3.0;50,6304400000;3,0346500000;
;1;56;56121;2;1;1.0;3.0;47,7482000000; -3,3644300000;
;3;29;29232;1;1;1.0;4.0;48,0215000000; -4,0833700000;
;1;56;56083;2;1;1.0;6.0;47,8216300000; -3,2884700000;
;1;29;29232;2;1;1.0;7.0;47,9848343262; -4,1304132569;
;1;56;56162;1;1;1.0;1.0;47,7384900000; -3,4091100000;
;1;22;22251;1;1;1.0;7.0;48,5448750000; -2,8229930000;
;1;16;16102;2;1;8.0;7.0;45,6871500000; -0,3175600000;
;5;48;48095;2;2;1.0;3.0;44,5179200000;3,5015100000;
;1;45;45232;2;2;1.0;3.0;47,8443900000;1,9203300000;
;5;13;13208;1;1;1.0;6.0;43,2764359456;5,3949498049;
;1;38;38185;2;1;1.0;6.0;45,1810236802;5,7238281579;
;1;13;13205;2;2;1.0;3.0;43,2857400000;5,3926800000;
;1;37;37261;2;1;1.0;6.0;47,3638600000;0,6859200000;
;5;13;13028;2;1;1.0;6.0;43,1824000000;5,6147400000;
;1;33;33063;2;2;1.0;3.0;44,8283519008; -0,5796709657;
;1;13;13004;1;1;1.0;2.0;43,6606400000;4,6413100000;
;5;33;33063;2;1;1.0;6.0;44,8370100000; -0,5493300000;
;1;07;07316;1;1;1.0;6.0;44,9094400000;4,8645300000;
;5;31;31555;2;3;1.0;3.0;43,6111700000;1,4210400000;
;1;05;05061;2;3;1.0;7.0;44,5632800000;6,0838400000;
;5;04;04070;2;9;1.0;7.0;44,0954000000;6,2412000000;
;5;25;25462;2;3;8.0;6.0;46,9031300000;6,3586600000;
;1;75;75112;2;4;1.0;3.0;48,8267330000;2,3899120000;
;1;22;22278;2;1;1.0;7.0;48,5072100000; -2,7509000000;
;1;22;22106;1;3;1.0;3.0;48,4903500000; -2,6814200000;
;5;75;75118;2;2;1.0;3.0;48,8894960000;2,3495910000;
;1;13;13026;1;1;1.0;1.0;43,3924800000;5,1804500000;
;5;75;75118;2;4;1.0;3.0;48,8918680000;2,3351480000;
;5;13;13039;1;1;1.0;1.0;43,4264200000;4,9717900000;
;5;75;75120;2;3;1.0;4.0;48,8648500000;2,3998700000;
;1;13;13210;2;1;1.0;1.0;43,2782500000;5,4386100000;
;1;75;75119;2;2;1.0;2.0;48,8784110000;2,3742600000;
;1;13;13202;2;4;6.0;3.0;43,3206200000;5,3629200000;
;5;75;75118;2;3;1.0;6.0;48,8901820000;2,3602080000;
;5;13;13001;2;2;1.0;3.0;43,5321800000;5,4374300000;
;5;75;75118;2;5;1.0;3.0;48,9009720000;2,3301270000;
;3;05;05061;2;6;1.0;7.0;44,5652100000;6,0603800000;
;1;05;05061;2;1;1.0;3.0;44,5482300000;6,0606100000;
;2;75;75116;2;5;1.0;3.0;48,8513480000;2,2784900000;
;1;75;75116;2;1;1.0;3.0;48,8369800000;2,2554620000;
;5;75;75114;2;3;1.0;6.0;48,8383640000;2,3223510000;
;2;75;75106;2;2;1.0;3.0;48,8481040000;2,3279220000;
;1;75;75113;2;1;1.0;6.0;48,8349750000;2,3593200000;
;1;75;75119;2;7;1.0;5.0;48,9001540000;2,3875470000;
;1;75;75111;2;3;1.0;3.0;48,8667430000;2,3668050000;
;1;75;75119;2;2;1.0;3.0;48,8923360000;2,3715600000;
;5;93;93078;2;3;2.0;3.0;48,9671700000;2,5426800000;
;2;75;75119;2;2;1.0;3.0;48,8860160000;2,3981880000;
;1;93;93062;2;2;1.0;3.0;48,8913600000;2,5152700000;
;2;75;75118;2;1;1.0;3.0;48,8849520000;2,3494910000;
;1;93;93048;2;2;1.0;3.0;48,8571800000;2,4410400000;
;1;75;75118;2;3;1.0;2.0;48,8934200000;2,3275800000;
;1;93;93046;2;2;1.0;3.0;48,9260000000;2,5450000000;
;1;75;75118;2;5;2.0;6.0;48,8916550000;2,3349640000;
;1;92;92063;2;3;1.0;3.0;48,8860000000;2,1757000000;
;1;75;75117;2;2;1.0;3.0;48,8832390000;2,3253210000;
;5;92;92050;2;2;1.0;3.0;48,9113100000;2,2233700000;
;1;75;75116;2;3;1.0;3.0;48,8645240000;2,2665390000;
;1;92;92050;2;1;1.0;3.0;48,8791876990;2,2098792493;
;3;92;92048;2;6;1.0;1.0;48,7876600000;2,2347700000;
;1;75;75115;2;2;1.0;6.0;48,8429960000;2,3127950000;
;5;92;92025;2;1;1.0;6.0;48,9118590000;2,2411160000;
;3;39;39271;1;1;1.0;6.0;46,5940240000;5,9879730000;
;1;75;75110;2;3;8.0;5.0;48,8778290000;2,3616460000;
;1;09;09079;1;1;1.0;3.0;43,1695750000;1,3570260000;
;1;68;68178;1;1;1.0;6.0;47,9372160000;7,0967280000;
;1;75;75110;2;2;1.0;6.0;48,8735970000;2,3750720000;
;4;33;33478;2;1;1.0;1.0;45,0131470000; -0,0035200000;
;1;75;75104;2;2;1.0;3.0;48,8585322925;2,3482692987;
;5;75;75104;2;2;1.0;6.0;48,8508110000;2,3614330000;
;1;81;81036;1;3;1.0;3.0;43,4944680000;2,4267960000;
;3;81;81156;1;1;1.0;6.0;43,9113740000;2,0495510000;
;1;68;68173;2;1;1.0;3.0;48,0960500000;7,1937750000;
;1;94;94081;2;2;1.0;3.0;48,7946113976;2,4178462027;
;1;42;42271;2;1;7.0;6.0;45,4834750000;4,5744780000;
;1;85;85215;2;6;1.0;7.0;46,8583720000; -1,1734020000;
;1;94;94065;2;1;1.0;5.0;48,7525266279;2,3519883155;
;4;30;30226;1;1;1.0;1.0;44,2152000000;4,6331890000;
;5;94;94034;2;3;1.0;3.0;48,7656200000;2,3185500000;
;1;34;34088;2;1;1.0;1.0;43,5661860000;3,7321220000;
;1;94;94019;2;2;1.0;3.0;48,7902100000;2,5225700000;
;1;30;30034;1;2;1.0;3.0;43,7423820000;4,4910060000;
;1;94;94018;2;2;1.0;1.0;48,8251400000;2,4062000000;
;1;51;51030;1;6;1.0;3.0;49,0538000000;4,0423630000;
;1;93;93005;2;2;1.0;3.0;48,9558330000;2,5040140000;
;5;65;65452;2;1;1.0;6.0;43,3176960000;0,3673930000;
;1;93;93053;2;2;1.0;3.0;48,8920100000;2,4448740000;
;1;65;65344;1;1;1.0;1.0;43,1928110000; -0,0126180000;
;1;93;93001;2;2;1.0;3.0;48,9180200000;2,4076600000;
;1;49;49050;2;2;2.0;3.0;47,3182610000; -0,4080230000;
;1;93;93057;2;1;1.0;2.0;48,9091131820;2,5028234125;
;2;42;42116;1;1;1.0;7.0;45,8850160000;3,8865480000;
;1;93;93057;2;2;1.0;3.0;48,9080500000;2,4951600000;
;1;93;93008;2;1;1.0;3.0;48,9044400000;2,4194000000;
;3;86;86089;1;1;1.0;6.0;46,7711190000;0,0792650000;
;1;92;92064;2;1;1.0;2.0;48,8450331691;2,2202765644;
;5;68;68098;2;1;1.0;1.0;47,5686290000;7,1450190000;
;5;92;92012;2;1;1.0;6.0;48,8389002885;2,2489247024;
;2;25;25493;1;1;1.0;7.0;46,8663950000;6,2293370000;
;5;03;03297;2;3;1.0;3.0;46,5369310000;2,6196550000;
;1;92;92009;2;2;1.0;3.0;48,9183470000;2,2750630000;
;1;92;92004;2;1;1.0;3.0;48,9098757170;2,2949339747;
;1;01;01102;1;1;1.0;3.0;46,3922110000;4,9456500000;
;1;95;95229;2;1;1.0;2.0;49,0288820000;2,3547060000;
;1;72;72298;1;9;1.0;3.0;47,9336690000;0,5404540000;
;1;02;02776;1;1;1.0;6.0;49,9944430000;3,1847690000;
;3;57;57098;1;1;1.0;6.0;48,8802680000;6,7736080000;
;4;45;45234;1;1;1.0;2.0;47,8155470000;1,9274460000;
;1;64;64185;1;1;8.0;7.0;42,9389670000; -0,5994600000;
;1;83;83061;1;1;1.0;2.0;43,4678550000;6,7252740000;
;1;73;73191;2;1;1.0;6.0;45,5949030000;5,7712580000;
;1;83;83049;1;1;1.0;2.0;43,2141341196;6,0624589920;
;1;18;18289;2;1;1.0;;46,9721340000;2,5884430000;
;2;18;18216;1;1;1.0;7.0;46,7497420000;2,1566250000;
;1;59;59260;1;9;2.0;3.0;51,0610030000;2,5146680000;
;1;07;07258;1;1;1.0;7.0;45,1526650000;4,4702180000;
;1;58;58164;1;1;1.0;3.0;47,2227890000;3,0033340000;
;1;62;62112;1;1;2.0;7.0;50,1985040000;2,6380670000;
;2;21;21461;1;2;1.0;1.0;46,9500890000;4,6007860000;
;1;24;24114;1;1;1.0;7.0;45,2726480000;0,2425950000;
;1;95;95612;2;1;1.0;1.0;48,9950020000;2,4764300000;
;5;85;85047;2;6;8.0;6.0;46,8554370000; -1,8967830000;
;1;82;82037;2;1;1.0;3.0;44,1556340000;1,5262120000;
;1;85;85182;2;1;2.0;7.0;46,7779780000; -0,8416880000;
;1;65;65408;2;1;1.0;6.0;42,9694480000;0,3760670000;
;3;85;85187;1;6;1.0;6.0;46,7078380000; -0,8002210000;
;1;17;17057;1;2;1.0;3.0;46,1754030000; -0,8448310000;
;2;87;87033;1;1;1.0;1.0;45,9851187000;1,1572230000;
;1;48;48072;1;1;1.0;7.0;44,5066980000;3,3261860000;
;4;08;08248;2;1;1.0;6.0;49,6538800000;4,5346500000;
;1;13;13112;1;1;1.0;6.0;43,5294470000;5,2375390000;
;1;33;33199;1;1;1.0;2.0;44,6156680000; -1,1007680000;
;1;63;63210;1;1;1.0;6.0;45,9217865403;3,3388577700;
;1;42;42215;1;1;1.0;6.0;46,1693490000;4,2048760000;
;2;66;66164;1;1;1.0;7.0;42,7774694020;2,9040974379;
;1;29;29160;2;9;1.0;6.0;48,5034270000; -4,4275760000;
;1;34;34145;2;9;1.0;6.0;43,6688150000;4,1306390000;
;1;83;83068;1;1;1.0;6.0;43,2694090000;6,5410440000;
;1;26;26327;1;1;1.0;6.0;44,6907380000;5,4257600000;
;1;04;04049;2;9;1.0;3.0;44,1017280000;6,0092430000;
;4;13;13085;2;1;1.0;2.0;43,2473750000;5,5905820000;
;1;85;85284;1;1;1.0;5.0;46,8015720000; -1,8810810000;
;1;13;13066;1;1;1.0;1.0;43,8432090000;4,8958680000;
;3;28;28098;1;1;1.0;7.0;48,7551840000;1,4536290000;
;1;67;67203;1;1;1.0;1.0;48,7840630000;7,6793150000;
;5;60;60002;1;1;1.0;2.0;49,3679303289;2,1586396694;
;1;30;30212;2;1;1.0;5.0;43,9374770000;4,5570300000;
;5;13;13071;1;1;1.0;2.0;43,4152340000;5,2777920000;
;1;973;97309;2;1;1.0;3.0;4,9107340000; -52,2812100000;
;1;37;37276;1;1;1.0;1.0;47,5767871759;0,8965390921;
;3;69;69290;1;1;1.0;2.0;45,7101625007;4,9509125948;
;3;69;69296;1;1;1.0;2.0;45,6455981978;4,8308891058;
;5;69;69029;2;1;1.0;6.0;45,7428547331;4,9057549238;
;1;84;84087;1;1;1.0;2.0;44,1339740000;4,7866060000;
;1;971;97117;2;1;1.0;6.0;16,3276660000; -61,3509500000;
;3;972;97224;1;1;1.0;7.0;14,6828031000; -61,0216120000;
;3;91;91689;1;1;1.0;4.0;48,7319600000;2,3154100000;
;1;84;84036;1;1;1.0;1.0;43,9319030000;4,9282160000;
;2;67;67336;1;1;1.0;7.0;48,4401480000;7,7072630000;
;3;94;94043;1;1;1.0;4.0;48,8152816831;2,3561803913;
;1;57;57521;2;9;2.0;6.0;49,1765130000;6,9184930000;
;3;78;78402;1;1;1.0;6.0;48,9650200000;1,7652130000;
;3;69;69206;1;1;1.0;6.0;46,0737070000;4,7139070000;
;5;78;78362;1;1;2.0;4.0;48,9783100000;1,7085700000;
;1;49;49035;1;1;6.0;2.0;47,4300610000; -0,6139250000;
;1;78;78402;1;1;1.0;3.0;48,9649750000;1,7659320000;
;2;59;59212;2;3;8.0;3.0;50,6473690000;2,7283640000;
;3;93;93063;1;1;1.0;5.0;48,8766908331;2,4428673511;
;1;13;13210;1;1;1.0;2.0;43,2843550000;5,4053650000;
;3;95;95580;1;1;1.0;6.0;49,0822631727;2,5512400460;
;3;13;13071;1;1;1.0;2.0;43,4067670000;5,3279580000;
;3;33;33080;1;1;1.0;6.0;44,7352510000; -0,5326460000;
;1;93;93066;1;1;1.0;4.0;48,9174443794;2,3577070887;
;1;92;92025;1;1;1.0;2.0;48,9189886921;2,2237886747;
;3;95;95491;1;1;1.0;2.0;48,9981050923;2,2464717639;
;3;92;92048;1;1;1.0;6.0;48,8009396615;2,2155454565;
;5;26;26198;2;1;2.0;1.0;44,5520400000;4,7661700000;
;2;974;97416;1;1;3.0;7.0; -21,3325100000;55,4594100000;
;3;95;95641;1;1;2.0;5.0;49,0784360000;2,5517570000;
;1;974;97416;1;1;2.0;6.0; -21,2943500000;55,4891800000;
;3;95;95277;1;1;1.0;2.0;48,9832359629;2,5012479146;
;1;974;97416;2;1;2.0;2.0; -21,3418300000;55,4893200000;
;1;93;93005;1;1;1.0;7.0;48,9590784806;2,4732112885;
;1;974;97411;2;1;3.0;6.0; -20,8933100000;55,5023100000;
;1;77;77053;1;1;1.0;2.0;48,7031700000;2,5960440000;
;5;69;69259;2;3;1.0;3.0;45,7201000000;4,8544300000;
;3;77;77373;1;1;1.0;2.0;48,7658580000;2,6143430000;
;1;69;69387;2;2;1.0;3.0;45,7462200000;4,8437500000;
;5;76;76540;2;1;1.0;6.0;49,4417816672;1,1161697070;
;1;972;97209;1;1;3.0;2.0;14,6159600000; -61,0572400000;
;3;971;97107;2;1;1.0;6.0;16,0519900000; -61,5656300000;
;1;69;69034;2;5;1.0;3.0;45,7794900525;4,8413373509;
;5;91;91549;1;1;1.0;1.0;48,6353600000;2,3542500000;
;1;69;69382;2;3;8.0;3.0;45,7490000000;4,8300700000;
;5;91;91216;2;1;1.0;6.0;48,6677300000;2,3325000000;
;1;83;83137;2;1;1.0;1.0;43,1350000000;5,9163400000;
;3;91;91692;2;1;1.0;2.0;48,6798900000;2,1906250000;
;5;91;91027;2;3;1.0;3.0;48,7077900000;2,3789900000;
;5;83;83137;2;2;1.0;3.0;43,1256900000;5,9285500000;
;3;83;83144;2;6;1.0;1.0;43,1415600000;6,0012200000;
;5;81;81163;2;1;1.0;2.0;43,4961000000;2,3814000000;
;5;79;79191;2;3;1.0;3.0;46,3192520000; -0,4575100000;
;3;78;78220;1;1;1.0;7.0;48,7077900000;1,9170400000;
;5;77;77058;2;9;1.0;6.0;48,8381000000;2,7133700000;
;1;71;71040;2;1;1.0;7.0;46,7111800000;4,4042300000;
;1;71;71306;2;1;1.0;2.0;46,6798300000;4,3680000000;
;1;69;69290;2;9;1.0;3.0;45,6931100000;4,9512700000;
;1;64;64445;2;1;1.0;2.0;43,3151720000; -0,3775920000;
;1;64;64102;2;1;1.0;7.0;43,4976300000; -1,4890300000;
;1;60;60057;2;9;1.0;6.0;49,4368000000;2,0986000000;
;1;59;59368;2;1;1.0;6.0;50,6541500000;3,0757200000;
;5;54;54300;2;1;1.0;6.0;48,6647000000;6,2172800000;
;1;54;54395;2;3;1.0;3.0;48,6920769508;6,1761349440;
;1;62;62578;1;1;1.0;6.0;50,2407960000;2,6183940000;
;3;67;67305;2;3;1.0;6.0;48,9341804186;8,1576597691;
;5;2A;2A130;2;1;1.0;6.0;41,8808280000;8,7862810000;
;3;33;33033;1;1;1.0;7.0;44,7249900000; -0,4266100000;
;1;81;81307;1;1;1.0;6.0;43,5703060000;2,2942600000;
;1;81;81154;1;1;1.0;6.0;44,1023250000;1,8877490000;
;1;32;32119;1;3;1.0;3.0;43,8712300000;0,1231240000;
;1;32;32462;1;1;7.0;1.0;43,8009140000;0,3189790000;
;1;71;71146;1;1;1.0;6.0;46,4851040000;4,6829650000;
;1;89;89441;2;1;1.0;6.0;47,6627300000;3,7355690000;
;1;61;61168;2;1;1.0;6.0;48,5869960000; -0,3609450000;
;1;49;49374;1;4;1.0;1.0;47,2568860000; -0,0413170000;
;1;86;86082;1;1;1.0;7.0;46,2768780000;0,1940310000;
;1;68;68248;2;1;1.0;7.0;47,4883490000;7,3944050000;
;1;68;68365;1;1;1.0;1.0;48,0516720000;7,3387710000;
;1;22;22092;1;1;1.0;1.0;48,3845020000; -3,1383130000;
;3;25;25494;1;3;1.0;1.0;46,7465185188;6,2992892506;
;1;25;25029;1;1;1.0;7.0;47,0211390000;6,3027190000;
;1;25;25485;1;1;1.0;1.0;47,3810770000;6,7029260000;
;3;44;44139;1;1;1.0;7.0;47,4590200000; -1,9227360000;
;5;31;31117;2;1;1.0;6.0;43,6774683053;1,5125137568;
;5;15;15235;1;1;1.0;6.0;44,9976730000;3,0165520000;
;1;01;01239;1;1;1.0;1.0;45,7488990000;5,7622430000;
;1;70;70116;1;1;1.0;7.0;47,6163470000;6,7408204080;
;3;54;54029;1;1;1.0;6.0;49,3651720000;5,9125100000;
;1;72;72375;1;1;1.0;1.0;48,1326420000;0,6179170000;
;1;64;64495;1;1;1.0;7.0;43,2957460000; -1,5060930000;
;1;64;64256;2;6;1.0;3.0;43,3856050000; -1,3134780000;
;1;43;43018;1;1;1.0;6.0;44,9932570000;3,7324980000;
;2;07;07199;1;1;1.0;1.0;44,4840380000;4,2641330000;
;1;24;24291;2;1;1.0;7.0;45,0714280000;1,1488340000;
;1;85;85288;1;2;1.0;3.0;46,5160700000; -1,6689600000;
;1;88;88075;1;1;1.0;7.0;48,0235560000;6,8965170000;
;1;38;38345;1;2;1.0;3.0;45,2038420000;5,4649200000;
;1;69;69244;2;6;1.0;3.0;45,7656057059;4,7510826588;
;5;987;98753;2;1;1.0;3.0; -23,3448660000; -149,4802330000;
;3;988;98829;1;1;1.0;1.0; -21,7186250000;166,1154590000;
;3;973;97305;1;1;1.0;6.0;4,9109526399; -52,3705185950;
;2;77;77515;2;1;1.0;6.0;48,9806470000;2,7796540000;
;1;91;91292;2;1;1.0;3.0;48,5696870000;2,2751400000;
;1;2B;2B355;2;1;1.0;2.0;42,5065950000;9,3663330000;
;1;66;66174;1;1;1.0;6.0;42,6826220000;2,7539040000;
;1;83;83023;1;1;1.0;6.0;43,4029656674;5,9981005442;
;1;06;06099;2;1;1.0;6.0;43,9571960000;6,8961270000;
;1;13;13041;1;1;1.0;3.0;43,4713590000;5,4586870000;
;1;71;71297;1;4;1.0;1.0;46,8816230000;4,2280840000;
;1;88;88470;2;3;1.0;3.0;48,0813580000;6,7396890000;
;3;88;88367;1;6;1.0;1.0;48,3412180000;6,6531180000;
;5;73;73150;1;1;1.0;6.0;45,5500480000;6,6650620000;
;3;38;38225;1;1;1.0;6.0;45,1483630000;5,5257420000;
;5;26;26313;2;1;1.0;1.0;44,9631540000;4,9428200000;
;1;26;26235;1;2;1.0;3.0;44,4033380000;4,7000780000;
;1;69;69122;2;1;1.0;2.0;45,9132563564;4,7026446462;
;1;69;69116;1;1;1.0;1.0;45,8253180000;4,7733520000;
;1;64;64135;1;1;1.0;3.0;43,5366110000; -0,7559750000;
;1;64;64496;2;6;1.0;1.0;43,4817917139; -1,4437901974;
;1;33;33174;1;4;1.0;1.0;44,9186710000; -0,2508860000;
;1;33;33242;1;1;1.0;6.0;44,8031390000;0,1840210000;
;1;29;29161;2;6;1.0;6.0;47,9068420000; -4,0455650000;
;1;02;02163;1;9;1.0;7.0;48,9493160000;3,2632980000;
;1;13;13214;1;1;1.0;5.0;43,3343945016;5,3829110000;
;1;92;92036;1;1;1.0;4.0;48,9198744356;2,3066798923;
;1;78;78545;1;1;1.0;2.0;48,8139840000;2,0597120000;
;1;95;95572;1;1;1.0;2.0;49,0473949414;2,1319699287;
;1;95;95395;1;1;1.0;6.0;49,0679664605;2,3948210478;
;1;95;95582;1;1;1.0;2.0;48,9666578201;2,2557377815;
;4;95;95582;1;1;1.0;6.0;48,9776300000;2,2410000000;
;3;93;93064;1;1;1.0;3.0;48,8847400000;2,4713000000;
;1;93;93005;1;1;1.0;5.0;48,9590000000;2,4730900000;
;1;77;77237;1;1;1.0;3.0;48,8308290000;2,7609070000;
;5;14;14666;2;1;2.0;6.0;49,1793921000; -0,2221640000;
;1;974;97411;1;1;1.0;6.0; -20,8894610000;55,4451480000;
;1;69;69383;2;1;1.0;3.0;45,7609364278;4,8520161382;
;3;69;69034;2;1;1.0;3.0;45,8147600000;4,8514100000;
;1;69;69389;2;1;1.0;6.0;45,7841600000;4,7947400000;
;1;69;69385;2;1;1.0;3.0;45,7515000000;4,8161900000;
;5;2A;2A004;2;1;1.0;3.0;41,9139800000;8,7288800000;
;1;2A;2A004;2;1;1.0;6.0;41,9295300000;8,7391200000;
;1;95;95210;2;1;1.0;6.0;48,9737900000;2,3058300000;
;1;91;91223;1;1;1.0;7.0;48,4208700000;2,1321600000;
;1;87;87050;2;1;1.0;6.0;45,8774000000;1,2394700000;
;1;86;86194;2;2;1.0;3.0;46,5821770000;0,3678910000;
;5;82;82033;2;9;1.0;6.0;44,0566900000;1,0992900000;
;1;80;80021;2;1;1.0;3.0;49,9015500000;2,2841800000;
;1;80;80021;2;1;1.0;4.0;49,8766000000;2,3441600000;
;5;77;77373;2;6;1.0;6.0;48,7770700000;2,5955300000;
;1;77;77337;2;1;1.0;6.0;48,8413900000;2,6186000000;
;1;77;77296;2;3;7.0;3.0;48,6209000000;2,5818600000;
;1;77;77320;2;2;1.0;3.0;48,8263900000;3,0353500000;
;1;76;76231;2;1;1.0;6.0;49,2902400000;1,0128400000;
;1;76;76216;2;2;1.0;3.0;49,4690100000;1,0442100000;
;1;76;76165;2;1;1.0;6.0;49,2808850271;1,0262399912;
;1;76;76322;1;1;1.0;2.0;49,4189200000;1,0491600000;
;1;76;76681;2;3;1.0;6.0;49,4206513924;1,0966844559;
;5;76;76575;2;1;1.0;6.0;49,4069700000;1,0692400000;
;5;76;76351;2;1;1.0;7.0;49,5031800000;0,1276500000;
;1;74;74012;2;4;7.0;5.0;46,1835700000;6,2313400000;
;1;72;72181;1;1;1.0;5.0;48,0280800000;0,1756100000;
;1;72;72181;2;9;1.0;3.0;47,9830500000;0,2107500000;
;1;72;72181;2;9;1.0;3.0;47,9975800000;0,2156200000;
;5;72;72181;2;1;1.0;6.0;47,9728400000;0,2163100000;