Num_Acc;lum;departement;commune;agglomeration;intersection;meteo;type_collision;lat;long;date
;1;71;71270;2;1;1.0;6.0;46,3211900000;4,8390500000;
;1;71;71153;2;2;1.0;3.0;46,7923600000;4,4161200000;
;2;71;71118;2;1;7.0;6.0;46,7942100000;4,8204600000;
;1;69;69256;2;1;1.0;6.0;45,7727800000;4,9338900000;
;5;66;66136;2;9;1.0;1.0;42,7332017152;2,8897556663;
;1;64;64483;2;2;1.0;3.0;43,3951000000; -1,6591000000;
;1;64;64269;1;1;1.0;4.0;43,2997800000; -0,3090300000;
;1;64;64445;2;1;1.0;3.0;43,2981500000; -0,3388500000;
;1;64;64445;2;1;1.0;3.0;43,3112700000; -0,3633400000;
;1;59;59378;2;1;1.0;1.0;50,6724119234;3,0856347084;
;5;59;59350;2;2;1.0;3.0;50,6341500000;3,0115100000;
;1;59;59560;1;1;1.0;1.0;50,5626497523;3,0495429039;
;1;59;59360;2;2;1.0;1.0;50,6151400000;3,0171200000;
;1;59;59317;1;1;1.0;5.0;50,6971320000;2,9259010000;
;1;58;58194;2;1;1.0;2.0;46,9862300000;3,1601800000;
;1;57;57463;2;9;1.0;6.0;49,1094900000;6,1699900000;
;1;57;57491;2;1;1.0;3.0;49,2463100000;6,0397200000;
;1;54;54431;2;1;1.0;6.0;48,9030600000;6,0550100000;
;1;51;51454;2;1;1.0;2.0;49,2371200000;4,0278000000;
;1;51;51454;2;6;1.0;2.0;49,2135900000;4,0154900000;
;3;49;49267;2;1;1.0;6.0;47,4739005408; -0,4835915565;
;1;44;44143;2;1;1.0;6.0;47,1862700000; -1,5558000000;
;1;42;42218;2;3;1.0;6.0;45,4556600000;4,3825300000;
;1;42;42218;2;2;1.0;6.0;45,4335502865;4,3945888281;
;1;37;37261;2;6;1.0;3.0;47,4320863884;0,6977283955;
;1;37;37261;2;1;1.0;2.0;47,3742200701;0,7034656405;
;1;37;37261;2;2;1.0;3.0;47,3853200000;0,6766900000;
;1;35;35238;1;1;1.0;3.0;48,0810703523; -1,6674193740;
;1;35;35238;2;3;1.0;3.0;48,1320000000; -1,7070400000;
;1;35;35238;2;1;1.0;6.0;48,1093346864; -1,7083398253;
;1;33;33281;2;1;1.0;6.0;44,8270800000; -0,6142100000;
;1;33;33063;2;1;1.0;6.0;44,8489828901; -0,5732846260;
;2;33;33075;2;1;1.0;3.0;44,8762986068; -0,6213068962;
;1;33;33063;2;3;1.0;3.0;44,8419100000; -0,5994900000;
;5;32;32013;2;6;1.0;3.0;43,6638300000;0,5981900000;
;1;31;31555;2;2;1.0;3.0;43,6481900000;1,4554300000;
;3;31;31555;1;1;1.0;6.0;43,6070482751;1,3909935951;
;3;31;31555;2;1;1.0;2.0;43,5691255072;1,4790558815;
;1;31;31344;2;1;1.0;7.0;43,0958300000;0,7500600000;
;1;29;29232;2;6;1.0;3.0;47,9919130000; -4,1195950000;
;1;28;28220;2;6;1.0;6.0;48,4273300000;1,4632000000;
;1;27;27229;2;6;1.0;2.0;49,0096044208;1,1666160822;
;2;22;22278;2;1;1.0;1.0;48,5031200000; -2,7661500000;
;1;22;22278;2;1;7.0;6.0;48,5110100000; -2,7601800000;
;1;17;17300;2;9;1.0;7.0;46,1672710000; -1,1779010000;
;1;13;13054;2;1;1.0;2.0;43,4133056819;5,2211680261;
;1;13;13215;2;1;1.0;3.0;43,3754224761;5,3579645981;
;1;13;13210;2;1;1.0;3.0;43,2808400000;5,4124800000;
;1;13;13047;2;1;1.0;3.0;43,5064600000;4,9868900000;
;1;12;12146;1;1;1.0;6.0;44,3358600000;2,5884400000;
;1;10;10387;2;2;7.0;1.0;48,2976000000;4,0665290000;
;1;06;06069;2;1;1.0;6.0;43,6503670000;6,9225260000;
;1;06;06004;2;6;1.0;4.0;43,5993790000;7,0863780000;
;1;03;03310;2;2;1.0;3.0;46,1327600000;3,4318500000;
;1;75;75114;2;4;1.0;2.0;48,8248305620;2,3044983298;
;1;75;75112;2;1;1.0;2.0;48,8301710000;2,4021880000;
;1;75;75120;2;1;1.0;2.0;48,8599300000;2,4139820000;
;5;75;75117;2;1;1.0;2.0;48,8839810000;2,2852790000;
;1;75;75112;2;1;1.0;4.0;48,8287680000;2,3987160000;
;1;75;75120;2;3;1.0;6.0;48,8688087349;2,4083011597;
;1;75;75120;2;5;1.0;6.0;48,8629514449;2,3874865472;
;1;75;75120;2;5;1.0;6.0;48,8725965820;2,3961199075;
;5;75;75120;2;3;1.0;6.0;48,8623530000;2,4063060000;
;1;75;75119;2;1;1.0;6.0;48,8878826674;2,3731514812;
;5;75;75119;2;4;1.0;3.0;48,8891371913;2,3968125880;
;1;75;75116;2;3;1.0;2.0;48,8558469654;2,2852407396;
;1;75;75116;2;1;1.0;3.0;48,8432620000;2,2695150000;
;1;75;75115;2;1;1.0;2.0;48,8315340000;2,2829620000;
;1;75;75114;2;2;1.0;3.0;48,8396242918;2,3367391527;
;1;75;75114;2;1;1.0;6.0;48,8242289634;2,3268756671;
;5;75;75114;2;1;1.0;6.0;48,8182301956;2,3325911164;
;1;75;75113;2;3;1.0;6.0;48,8226090000;2,3626980000;
;1;75;75113;2;2;1.0;3.0;48,8225820000;2,3440470000;
;1;75;75113;2;5;1.0;3.0;48,8327372009;2,3469610512;
;1;75;75112;2;1;1.0;4.0;48,8375350000;2,4253490000;
;1;75;75112;2;4;1.0;3.0;48,8459220000;2,3744050000;
;3;75;75116;2;5;1.0;2.0;48,8773490688;2,2792795300;
;1;75;75101;2;7;1.0;3.0;48,8629126253;2,3365111649;
;5;75;75101;2;3;1.0;2.0;48,8612930585;2,3398672789;
;1;75;75101;2;3;1.0;3.0;48,8612233574;2,3497250676;
;1;94;94078;2;9;1.0;3.0;48,7394700000;2,4437300000;
;1;94;94068;2;2;1.0;2.0;48,7886400000;2,5141800000;
;1;94;94003;2;2;1.0;3.0;48,7995400000;2,3439900000;
;1;94;94028;2;1;1.0;2.0;48,7984617495;2,4545645712;
;1;94;94060;2;2;1.0;5.0;48,7819600000;2,5699900000;
;1;94;94018;2;2;1.0;6.0;48,8246500000;2,4088500000;
;1;94;94017;2;3;1.0;3.0;48,8176685633;2,5377620012;
;1;93;93078;2;3;1.0;3.0;48,9555149578;2,5390675664;
;1;93;93071;2;3;1.0;3.0;48,9317035743;2,5384429240;
;1;93;93074;2;6;1.0;3.0;48,9351190000;2,6016640000;
;5;93;93046;2;3;1.0;3.0;48,9124000000;2,5223300000;
;5;93;93007;2;1;1.0;6.0;48,9433600000;2,4432900000;
;1;93;93001;2;1;1.0;6.0;48,9088000000;2,3870220000;
;5;974;97410;2;6;2.0;2.0; -21,0344640000;55,7075070000;
;2;26;26002;2;1;5.0;6.0;45,2593630000;4,8232340000;
;1;74;74313;2;1;1.0;1.0;46,0488250000;6,1403660000;
;1;79;79005;2;1;5.0;3.0;46,8248740000; -0,1264810000;
;1;79;79322;1;1;5.0;7.0;46,6390360000; -0,2990340000;
;1;80;80494;1;1;1.0;6.0;49,7279120000;2,3949280000;
;1;71;71585;1;1;5.0;1.0;46,8400130000;4,8821140000;
;1;71;71202;1;2;5.0;3.0;46,8652010000;4,7524560000;
;1;63;63453;1;1;1.0;7.0;45,7760840000;3,2842040000;
;1;39;39434;2;1;7.0;6.0;46,8338300000;5,7086700000;
;3;40;40221;1;1;5.0;6.0;43,8748650000; -0,3083900000;
;2;88;88486;1;1;1.0;1.0;48,0183840000;6,7068740000;
;3;60;60057;1;1;5.0;6.0;49,4255179194;2,1274316310;
;1;987;98738;2;1;3.0;1.0; -17,6201750000; -149,6139330000;
;2;13;13069;1;1;1.0;3.0;43,6293210000;5,1346260000;
;5;987;98715;1;1;3.0;; -17,5613310000; -149,6103570000;
;2;06;06079;1;1;1.0;2.0;43,5358640000;6,9041450000;
;3;976;97603;2;1;1.0;7.0; -12,8794350000;45,2140000000;
;3;49;49007;1;1;5.0;1.0;47,4926320000; -0,5294470000;
;5;13;13114;1;1;1.0;3.0;43,5464800000;5,3270230000;
;1;972;97224;2;2;1.0;3.0;14,6754970000; -61,0370620000;
;5;91;91661;2;1;1.0;6.0;48,6919820000;2,2101800000;
;1;11;11315;2;1;1.0;6.0;43,2824150000;2,5847720000;
;1;83;83107;2;1;1.0;6.0;43,4639574197;6,6344014406;
;2;05;05070;2;1;1.0;6.0;44,3130690000;5,8277720000;
;5;08;08081;2;1;9.0;6.0;49,8578650000;4,7462120000;
;3;54;54269;1;1;5.0;2.0;48,6030310897;6,3821822414;
;1;03;03243;2;1;7.0;1.0;46,3272800000;3,0292870000;
;1;69;69021;2;2;1.0;3.0;45,7776570000;4,5573630000;
;1;50;50612;1;1;7.0;2.0;48,6828010000; -1,4163570000;
;1;27;27016;2;1;7.0;6.0;49,2478970000;1,4134680000;
;1;13;13212;2;1;1.0;4.0;43,2943770000;5,4243150000;
;1;13;13071;1;1;1.0;2.0;43,4127640000;5,2817470000;
;5;13;13071;1;1;1.0;2.0;43,4109200000;5,2839800000;
;1;69;69081;1;1;1.0;5.0;45,7765500000;4,7823800000;
;5;69;69259;1;1;1.0;2.0;45,7179900000;4,8650900000;
;1;94;94034;1;1;1.0;2.0;48,7595000000;2,3223000000;
;1;78;78640;1;1;7.0;2.0;48,7776290000;2,2223640000;
;3;92;92072;1;1;1.0;6.0;48,8260258853;2,2226260108;
;5;78;78455;1;1;5.0;5.0;48,8594680000;2,0495210000;
;1;60;60612;1;1;1.0;7.0;49,2062200000;2,6116300000;
;2;93;93005;1;1;1.0;3.0;48,9685112128;2,4803831289;
;3;94;94069;1;1;1.0;2.0;48,8160000000;2,4520000000;
;1;77;77121;1;1;1.0;6.0;48,8366856383;2,6648136628;
;2;60;60057;2;1;5.0;6.0;49,4414100000;2,0765500000;
;5;76;76351;2;3;1.0;6.0;49,5084400000;0,1278400000;
;5;64;64122;2;1;8.0;6.0;43,4815000000; -1,5424000000;
;1;34;34003;2;1;7.0;6.0;43,3077900000;3,4748500000;
;1;974;97416;2;1;1.0;6.0; -21,3460370000;55,4876550000;
;1;974;97411;2;9;2.0;3.0; -20,8877700000;55,4464400000;
;1;973;97302;2;2;1.0;3.0;4,9367867576; -52,3312329501;
;1;69;69387;2;2;1.0;3.0;45,7424400000;4,8401400000;
;1;69;69034;2;1;1.0;3.0;45,7841500000;4,8352500000;
;5;69;69034;2;1;1.0;4.0;45,7878884689;4,8600178957;
;5;95;95252;2;6;1.0;6.0;48,9934650651;2,2342962027;
;5;95;95306;2;2;1.0;3.0;49,0007800000;2,1822800000;
;5;91;91377;2;1;1.0;2.0;48,7207350000;2,2895630000;
;1;91;91657;2;2;1.0;5.0;48,7036840000;2,4324820000;
;1;85;85191;2;3;1.0;3.0;46,6720500000; -1,4274300000;
;2;83;83144;1;1;1.0;1.0;43,1463400000;6,0100500000;
;1;83;83137;2;1;1.0;6.0;43,1258750000;5,9275810000;
;1;83;83137;2;1;1.0;6.0;43,1305101081;5,9265482425;
;5;81;81004;2;1;5.0;6.0;43,9203552549;2,1458852291;
;2;81;81004;2;1;1.0;6.0;43,9409200000;2,1389500000;
;1;80;80021;2;3;5.0;5.0;49,9116800000;2,3016900000;
;5;80;80021;2;1;1.0;6.0;49,9105800000;2,3117400000;
;1;79;79191;2;2;1.0;3.0;46,3481700000; -0,4774300000;
;2;79;79191;2;2;1.0;3.0;46,3367000000; -0,4500100000;
;1;78;78133;2;1;8.0;3.0;48,9079600000;2,0437300000;
;1;76;76216;2;3;6.0;3.0;49,4754902548;1,0483324885;
;5;72;72181;2;1;1.0;2.0;48,0243200000;0,1822100000;
;5;69;69264;2;1;1.0;6.0;45,9978700000;4,7192200000;
;1;67;67482;2;3;1.0;6.0;48,5826500000;7,7435800000;
;1;67;67482;2;1;1.0;6.0;48,5764900000;7,7569100000;
;1;64;64445;2;1;1.0;7.0;43,2970600000; -0,3788000000;
;1;64;64445;2;3;1.0;3.0;43,3100531138; -0,3260117769;
;1;64;64269;1;2;1.0;3.0;43,2980900000; -0,3027400000;
;5;64;64122;2;2;1.0;6.0;43,4850600000; -1,5542300000;
;5;63;63113;2;2;1.0;6.0;45,7849900000;3,0779500000;
;5;63;63113;2;1;1.0;2.0;45,7844900000;3,0787800000;
;1;59;59350;2;1;2.0;6.0;50,6087200000;3,0400800000;
;1;57;57143;2;1;1.0;6.0;49,2606200000;6,0942700000;
;1;56;56121;2;1;1.0;7.0;47,7564400000; -3,3748700000;
;5;49;49007;2;1;1.0;2.0;47,4566200000; -0,5713800000;
;4;49;49007;2;3;1.0;3.0;47,4686100000; -0,5227700000;
;5;42;42187;2;1;1.0;6.0;46,0437000000;4,0669000000;
;1;38;38563;2;2;1.0;6.0;45,3690000000;5,5820000000;
;5;38;38185;2;3;1.0;3.0;45,1854760224;5,7229101643;
;1;38;38185;2;5;1.0;6.0;45,1594800000;5,7288900000;
;1;35;35281;2;1;1.0;3.0;48,0880400000; -1,6941000000;
;5;35;35238;2;1;1.0;3.0;48,1172000000; -1,6946400000;
;5;33;33249;2;1;1.0;3.0;44,8670000000; -0,5129700000;
;1;33;33200;2;2;1.0;3.0;44,8582200000; -0,6667300000;
;1;33;33550;2;9;1.0;2.0;44,7818185040; -0,5660292506;
;2;33;33318;2;3;9.0;3.0;44,8128700000; -0,6359300000;
;5;33;33550;2;3;1.0;3.0;44,7902000000; -0,5668000000;
;5;33;33039;2;3;1.0;3.0;44,8111500000; -0,5336300000;
;5;30;30007;2;6;1.0;6.0;44,1129763823;4,1064813137;
;1;18;18255;1;1;5.0;1.0;47,0471250000;2,3303800000;
;5;13;13215;2;1;1.0;1.0;43,3599800000;5,3645300000;
;2;13;13210;2;1;1.0;3.0;43,2744721600;5,4150276987;
;1;13;13213;2;1;1.0;1.0;43,3336100000;5,4312300000;
;2;13;13215;1;9;1.0;5.0;43,3449436764;5,3466323018;
;1;11;11069;2;1;1.0;1.0;43,2218580000;2,3901320000;
;1;11;11069;2;1;9.0;6.0;43,2201200000;2,3516200000;
;1;11;11069;2;1;9.0;6.0;43,2201200000;2,3516200000;
;5;10;10325;2;1;5.0;6.0;48,2676500000;4,0821800000;
;3;10;10081;1;9;5.0;7.0;48,3082300000;4,0208500000;
;1;09;09122;2;1;7.0;2.0;42,9589910000;1,6171980000;
;1;07;07019;2;3;1.0;3.0;44,6222800000;4,3839200000;
;1;06;06069;2;1;1.0;6.0;43,6453640000;6,9398980000;
;5;06;06004;2;1;1.0;3.0;43,5987230000;7,1204790000;
;1;75;75112;2;4;1.0;3.0;48,8362480000;2,4121760000;
;5;75;75117;2;4;1.0;3.0;48,8862970000;2,3261140000;
;1;75;75117;2;7;1.0;3.0;48,8826290000;2,3103760000;
;1;75;75112;2;4;1.0;3.0;48,8435810000;2,3705360000;
;1;75;75112;2;1;1.0;2.0;48,8457970000;2,3784520000;
;5;75;75112;2;4;1.0;3.0;48,8292770000;2,3903840000;
;5;75;75112;2;5;1.0;6.0;48,8446750000;2,4057510000;
;5;75;75116;2;2;1.0;3.0;48,8578460000;2,2629630000;
;1;75;75108;2;1;1.0;6.0;48,8679310000;2,3080660000;
;5;75;75101;2;1;1.0;6.0;48,8613010000;2,3289710000;
;2;94;94081;2;1;1.0;6.0;48,7760300000;2,4065800000;
;5;94;94078;2;3;1.0;6.0;48,7382000000;2,4467870000;
;1;94;94058;2;2;1.0;3.0;48,8432170000;2,5033650000;
;5;94;94028;2;1;1.0;6.0;48,7873800000;2,4679400000;
;5;94;94028;2;1;1.0;3.0;48,7912000000;2,4622000000;
;2;94;94028;2;9;1.0;6.0;48,7997000000;2,4525000000;
;1;95;95527;1;6;1.0;2.0;48,9958983862;2,5204288960;
;5;93;93066;2;1;2.0;1.0;48,9454662706;2,3427703324;
;1;93;93048;2;3;5.0;6.0;48,8621091714;2,4470007420;
;5;93;93047;2;1;1.0;6.0;48,8945700000;2,5648000000;
;5;93;93010;2;1;1.0;6.0;48,9050000000;2,4759600000;
;1;93;93007;2;3;1.0;6.0;48,9388600000;2,4610600000;
;5;92;92049;2;2;1.0;3.0;48,8106851294;2,3079215325;
;1;92;92026;2;1;5.0;7.0;48,8939281953;2,2432397604;
;5;92;92023;2;4;1.0;1.0;48,7895621484;2,2617567927;
;1;35;35245;1;1;1.0;7.0;48,2313340000; -1,8765160000;
;1;25;25410;1;1;1.0;5.0;47,2193350000;6,0697320000;
;5;06;06054;2;6;1.0;3.0;43,7548640000;7,3203570000;
;1;76;76244;1;1;1.0;2.0;49,6967000000;1,3591500000;
;1;06;06064;2;1;1.0;6.0;43,7648140000;7,2004010000;
;1;57;57695;1;1;1.0;7.0;49,1218040000;6,4449410000;
;3;57;57351;1;1;1.0;2.0;49,0709888990;6,2408566475;
;1;76;76007;2;1;7.0;6.0;49,5733110000;1,0615750000;
;2;71;71144;1;1;1.0;7.0;47,0546570000;4,3223050000;
;1;63;63118;1;1;9.0;6.0;45,8595770000;2,6168490000;
;1;63;63242;1;1;1.0;3.0;45,3926880776;3,2692312449;
;1;49;49373;1;1;9.0;6.0;47,1290130000; -0,3552640000;
;5;42;42138;2;1;9.0;6.0;45,6596660000;4,3504250000;
;1;34;34012;1;1;1.0;1.0;43,6880930000;3,6857410000;
;1;44;44003;2;1;1.0;6.0;47,3793960000; -1,1839050000;
;1;29;29062;1;1;1.0;7.0;48,1613270000; -4,0148860000;
;2;29;29220;1;1;1.0;2.0;47,8884710000; -4,2088691000;
;5;29;29215;2;1;1.0;6.0;47,9925610000; -4,4353150000;
;1;31;31327;1;1;9.0;6.0;43,1945550000;1,0425000000;
;2;31;31425;2;1;1.0;7.0;43,1640700000;1,1188840000;
;1;31;31572;1;1;5.0;7.0;43,4347140000;1,4705910000;
;2;72;72129;1;2;1.0;3.0;48,0439330000;0,3342700000;
;2;06;06079;2;6;1.0;1.0;43,5674490000;6,9477350000;
;1;05;05140;1;1;1.0;6.0;44,5033920000;6,1575790000;
;1;05;05056;1;1;1.0;1.0;44,6358950000;6,1336330000;
;1;50;50197;2;3;1.0;1.0;48,9123750000; -1,3520910000;
;1;60;60272;2;1;1.0;1.0;49,2943030000;2,8828170000;
;3;60;60492;1;1;1.0;2.0;49,5275220000;2,9462290000;
;1;18;18043;1;1;1.0;6.0;46,7912820000;2,1426670000;
;1;66;66136;2;1;1.0;5.0;42,7299548395;2,8902840614;
;1;66;66136;2;4;1.0;7.0;42,6965200000;2,9086300000;
;1;64;64445;2;1;1.0;6.0;43,2962000000; -0,3687500000;
;1;10;10116;1;1;1.0;1.0;48,1497436244;4,0141510963;
;1;64;64129;2;6;1.0;3.0;43,3087300000; -0,3849600000;
;1;64;64024;2;1;1.0;6.0;43,5182500000; -1,5238000000;
;1;40;40312;2;1;1.0;7.0;43,5394230000; -1,4702820000;
;1;64;64024;2;3;1.0;3.0;43,4948900000; -1,5317000000;
;5;37;37273;1;6;1.0;3.0;47,3815780000;0,7838860000;
;1;62;62617;2;2;2.0;3.0;50,4813120000;2,6612550000;
;1;62;62193;2;4;1.0;6.0;50,9459550000;1,8672870000;
;1;60;60414;2;1;1.0;6.0;49,2542900000;2,4275500000;
;3;49;49092;1;1;1.0;5.0;47,2451830000; -0,7126090000;
;1;59;59599;2;2;1.0;3.0;50,7107370000;3,1595120000;
;5;59;59650;2;6;2.0;2.0;50,7060590000;3,2235850000;
;3;38;38144;1;1;1.0;1.0;45,6108550000;5,0823350000;
;1;59;59512;2;1;2.0;6.0;50,6849665364;3,1609189510;
;1;59;59009;2;1;2.0;6.0;50,6392257496;3,1303900480;
;3;01;01451;1;1;1.0;2.0;46,2562020000;5,2488040000;
;1;59;59350;2;3;1.0;3.0;50,6236323764;3,0658534169;
;2;44;44026;1;1;7.0;2.0;47,3093540000; -1,4160560000;
;5;987;98722;1;1;1.0;6.0; -17,5481660000; -149,3371580000;
;1;57;57672;2;1;1.0;2.0;49,3568200000;6,1630500000;
;5;57;57672;2;1;1.0;3.0;49,3601800000;6,1712000000;
;1;56;56098;2;1;1.0;7.0;47,7588600000; -3,3376200000;
;3;974;97412;2;1;1.0;1.0; -21,3711290000;55,6751810000;
;1;52;52448;1;1;3.0;1.0;48,6611400000;4,9442900000;
;2;971;97128;2;1;7.0;6.0;16,2241797332; -61,3818812370;
;2;51;51454;2;2;1.0;3.0;49,2533000000;4,0540900000;
;1;44;44020;2;6;1.0;3.0;47,1706440000; -1,5749410000;
;5;51;51108;2;5;1.0;3.0;48,9479000000;4,3414700000;
;2;95;95241;1;1;1.0;6.0;49,0488622735;2,4415934086;
;1;50;50129;2;2;1.0;3.0;49,6399400000; -1,6340800000;
;1;71;71176;2;1;1.0;6.0;46,4790020000;3,9858220000;
;3;49;49246;2;1;1.0;7.0;47,4381100000; -0,5468100000;
;1;10;10216;2;9;1.0;7.0;48,6644870000;4,2041370000;
;3;67;67474;1;1;1.0;6.0;48,9287730000;7,8721440000;
;3;88;88044;1;1;1.0;3.0;48,3098660000;5,6679150000;
;1;49;49007;2;2;1.0;3.0;47,4570900000; -0,5540700000;
;5;38;38557;2;1;1.0;7.0;45,7909850000;5,1316450000;
;5;49;49007;2;1;8.0;6.0;47,4887900000; -0,5746500000;
;1;81;81117;1;1;5.0;6.0;43,7999380000;2,0118710000;
;5;45;45234;2;6;1.0;6.0;47,9238700000;1,9407500000;
;1;31;31395;1;1;1.0;3.0;43,4407750000;1,3402570000;
;1;45;45234;2;3;1.0;3.0;47,9114400000;1,9241300000;
;3;72;72154;1;2;1.0;3.0;47,7087510000; -0,0416920000;
;1;45;45068;2;3;3.0;6.0;48,0156300000;2,7387000000;
;3;45;45068;1;1;1.0;6.0;48,0257600000;2,7406100000;
;1;50;50058;1;4;1.0;3.0;49,0667190000; -1,5953110000;
;1;37;37122;2;1;1.0;2.0;47,3550500000;0,6967700000;
;2;76;76250;1;1;1.0;6.0;49,5641210000;0,3063810000;
;5;37;37261;2;6;1.0;6.0;47,4258305121;0,6970122457;
;1;37;37122;2;1;1.0;7.0;47,3480499955;0,6577929854;
;1;60;60575;2;1;1.0;6.0;49,2975180000;2,1893160000;
;5;62;62865;2;1;8.0;6.0;50,3273890000;2,9803960000;
;1;37;37122;2;2;1.0;6.0;47,3556294605;0,6986993551;
;1;37;37261;2;2;1.0;6.0;47,3918100000;0,6858800000;
;1;35;35278;1;1;3.0;6.0;48,1729500000; -1,6796000000;
;1;35;35238;2;3;1.0;3.0;48,0946600000; -1,6341200000;
;5;33;33063;2;6;2.0;6.0;44,8659500000; -0,5756900000;
;5;59;59092;2;1;1.0;6.0;50,2866780000;3,3170300000;
;1;33;33069;2;3;1.0;3.0;44,8661000000; -0,6057400000;
;2;33;33162;2;2;1.0;3.0;44,8795423737; -0,6269529462;
;5;33;33162;1;6;1.0;3.0;44,8846100000; -0,6642100000;
;1;33;33063;2;2;1.0;3.0;44,8645800000; -0,5638600000;
;1;31;31555;2;1;1.0;1.0;43,5732900000;1,4191300000;
;2;29;29232;1;6;2.0;6.0;47,9794100000; -4,0952200000;
;1;29;29151;2;4;1.0;1.0;48,5879110000; -3,8370840000;
;5;27;27681;2;1;1.0;6.0;49,0967635255;1,4753222466;
;5;27;27229;2;2;8.0;4.0;49,0217541690;1,1374711990;
;5;26;26281;2;1;1.0;6.0;45,0455700000;5,0479630000;
;3;25;25056;1;1;8.0;6.0;47,2256600000;6,0489400000;
;1;25;25056;2;7;7.0;2.0;47,2525800000;6,0365100000;
;1;22;22113;2;1;1.0;2.0;48,7296700000; -3,4471030000;
;1;21;21054;2;1;1.0;6.0;47,0216500000;4,8407300000;
;1;15;15014;1;1;1.0;7.0;44,9423940000;2,4477440000;
;1;14;14327;1;1;3.0;6.0;49,2105900000; -0,3218300000;
;3;13;13117;1;1;1.0;6.0;43,4301900000;5,2345300000;
;3;13;13117;1;1;2.0;5.0;43,4275400000;5,2552500000;
;1;13;13071;1;1;1.0;3.0;43,4182800000;5,3669500000;
;1;13;13117;1;1;1.0;3.0;43,4201100000;5,2701200000;
;5;13;13056;2;1;1.0;2.0;43,4116500000;5,0436700000;
;1;13;13203;2;1;1.0;3.0;43,3059309179;5,3733182527;
;5;13;13203;2;1;2.0;1.0;43,3150800000;5,3722800000;
;5;13;13209;2;9;1.0;3.0;43,2461267082;5,4178280816;
;1;13;13005;2;9;1.0;2.0;43,2956547355;5,5659359749;
;1;13;13001;2;1;1.0;1.0;43,5453300000;5,4524300000;
;2;10;10343;2;2;1.0;1.0;48,2690190280;4,0880405903;
;1;10;10321;2;9;1.0;3.0;48,2820362839;4,0235602856;
;1;07;07281;1;1;1.0;2.0;44,9285300000;4,8066500000;
;5;06;06088;2;3;1.0;3.0;43,7362400000;7,2959600000;
;1;06;06069;2;1;1.0;1.0;43,6802900000;6,9666400000;
;1;05;05061;2;1;2.0;3.0;44,5595630000;6,0832740000;
;5;75;75113;2;4;1.0;3.0;48,8244390000;2,3578220000;
;1;75;75105;2;2;1.0;3.0;48,8384620000;2,3506990000;
;1;75;75119;2;3;1.0;6.0;48,8830110000;2,3855460000;
;1;75;75119;2;3;1.0;3.0;48,8886710000;2,3733290000;
;5;75;75119;2;7;1.0;3.0;48,9001560000;2,3830200000;
;1;75;75118;2;1;8.0;3.0;48,8977400000;2,3375110000;
;1;75;75118;2;6;1.0;3.0;48,8950930000;2,3594820000;
;5;75;75117;2;3;1.0;3.0;48,8924100000;2,3170940000;
;2;75;75117;2;4;2.0;3.0;48,8800830000;2,3021950000;
;5;75;75116;2;2;2.0;2.0;48,8725180000;2,2644240000;
;1;75;75116;2;2;3.0;2.0;48,8671220000;2,2954960000;
;1;75;75116;2;1;8.0;6.0;48,8608630000;2,2679620000;
;1;75;75116;2;4;1.0;7.0;48,8522660000;2,2540560000;
;1;75;75115;2;2;3.0;3.0;48,8404580000;2,3150950000;
;5;75;75107;2;3;1.0;6.0;48,8480920000;2,3058380000;
;1;75;75113;2;4;1.0;6.0;48,8367740000;2,3517740000;
;1;75;75113;2;2;1.0;3.0;48,8349500000;2,3449920000;
;1;75;75112;2;3;1.0;3.0;48,8480920000;2,3991790000;
;1;75;75110;2;2;1.0;3.0;48,8754880000;2,3578490000;
;5;75;75108;2;2;1.0;3.0;48,8717640000;2,3141760000;
;5;75;75103;2;2;1.0;2.0;48,8628770000;2,3625680000;
;1;94;94041;2;2;1.0;6.0;48,8107300000;2,3799200000;
;1;94;94033;2;3;1.0;3.0;48,8538560100;2,4532092874;
;1;94;94022;2;2;1.0;6.0;48,7658000000;2,4055000000;
;1;93;93078;2;2;1.0;3.0;48,9755200000;2,5065600000;
;1;93;93073;2;1;1.0;3.0;48,9482491453;2,5659174944;
;1;93;93059;2;2;1.0;3.0;48,9518900000;2,3580100000;
;1;93;93051;2;1;2.0;6.0;48,8478400000;2,5544100000;
;1;93;93051;2;1;2.0;6.0;48,8476500000;2,5323500000;
;5;93;93008;2;2;1.0;3.0;48,9067266207;2,4456284098;
;1;93;93007;1;6;1.0;3.0;48,9500000000;2,4600000000;
;1;92;92077;2;3;1.0;3.0;48,8276500000;2,1844500000;
;5;92;92064;2;1;8.0;7.0;48,8444028575;2,2096896172;
;1;92;92063;2;2;1.0;3.0;48,8871009549;2,1795646548;
;1;92;92051;2;1;1.0;7.0;48,8859259822;2,2557962537;
;1;92;92020;2;1;2.0;6.0;48,8037800000;2,2882700000;
;5;92;92051;2;2;2.0;2.0;48,8883610000;2,2815590000;
;1;92;92024;2;1;1.0;6.0;48,9053731457;2,3018926978;
;5;92;92024;2;2;1.0;3.0;48,9000100000;2,3062300000;
;1;92;92012;2;1;2.0;6.0;48,8506656418;2,2360447347;
;1;92;92007;2;3;2.0;3.0;48,7990000000;2,3001600000;
;1;92;92007;2;1;1.0;1.0;48,7893900000;2,3128700000;
;1;57;57142;1;3;1.0;2.0;49,1592360000;6,2186910000;
;1;974;97415;1;1;1.0;2.0; -20,9969620000;55,2859070000;
;1;14;14458;1;1;1.0;6.0;49,0309190000; -0,4307040000;
;1;18;18035;1;9;1.0;3.0;47,1460300000;2,6737040000;
;1;31;31022;2;1;1.0;3.0;43,6730480000;1,4261140000;
;4;71;71384;1;1;8.0;6.0;46,6923350000;4,8433510000;
;1;46;46262;1;1;1.0;1.0;44,3252990000;1,2868700000;
;1;86;86031;1;1;1.0;7.0;46,6099590000;0,6212880000;
;1;67;67214;1;1;1.0;1.0;48,6202386669;7,6068735123;
;2;35;35012;1;1;1.0;4.0;47,8158640000; -1,6893630000;
;1;14;14412;1;1;2.0;3.0;49,0472896873; -0,5969008883;
;2;14;14650;1;1;2.0;6.0;49,0359765704; -0,7643206716;
;4;60;60448;2;1;2.0;6.0;49,1045700000;3,0436100000;
;3;59;59360;1;1;1.0;2.0;50,6182000000;2,9996600000;
;1;72;72124;1;1;8.0;3.0;47,8407390000;0,2622130000;
;3;91;91549;1;1;1.0;2.0;48,6266200000;2,3461500000;
;1;44;44051;2;1;1.0;1.0;47,6676940000; -1,6645200000;
;5;91;91434;1;1;2.0;2.0;48,6660000000;2,3610000000;
;3;63;63054;1;1;1.0;3.0;45,4968960000;3,2545630000;
;3;92;92048;1;1;1.0;4.0;48,7877617862;2,2219915291;
;1;15;15259;1;1;1.0;6.0;45,1091650000;3,1343920000;
;3;95;95277;1;1;1.0;7.0;48,9799824543;2,4966357228;