Num_Acc;lum;departement;commune;agglomeration;intersection;meteo;type_collision;lat;long;date
;3;64;64009;1;1;1.0;7.0;43,4034420000; -1,5687270000;
;5;92;92012;2;2;1.0;3.0;48,8373200000;2,2457800000;
;1;92;92012;2;6;1.0;2.0;48,8479119235;2,2418247610;
;3;43;43034;1;1;1.0;6.0;45,3158728782;3,9841961861;
;1;57;57630;1;1;1.0;7.0;48,7542271066;7,0357936621;
;1;16;16046;2;1;1.0;6.0;45,4730050000;0,0293760000;
;1;07;07078;2;3;1.0;6.0;45,2607960000;4,7032430000;
;1;01;01166;1;1;1.0;1.0;46,0070740000;4,7951950000;
;1;21;21501;2;1;1.0;7.0;47,2662930000;4,5384800000;
;2;24;24470;1;1;9.0;6.0;44,8429080000;1,3216640000;
;1;12;12217;1;1;8.0;1.0;44,4233694900;1,9566455484;
;1;64;64254;1;3;1.0;3.0;43,5114962775; -0,6170850992;
;1;04;04006;1;9;1.0;3.0;44,2441690000;6,6151640000;
;1;972;97221;2;3;1.0;3.0;14,5233350000; -60,9769560000;
;1;85;85047;2;1;1.0;3.0;46,8346400000; -1,8665600000;
;3;87;87203;1;1;1.0;3.0;45,6589841259;1,3987950677;
;3;85;85147;1;1;1.0;7.0;46,7541871148; -0,7806148504;
;3;36;36057;1;1;1.0;6.0;46,9015608668;1,7335653305;
;1;26;26333;2;1;7.0;2.0;45,1955180000;4,8144990000;
;2;13;13091;1;1;1.0;1.0;43,6076610000;5,3330420000;
;5;74;74242;2;1;2.0;6.0;45,8349370000;6,1618550000;
;1;34;34294;1;1;1.0;1.0;43,7021020000;4,1147230000;
;3;83;83047;1;1;1.0;1.0;43,1387730000;6,0797630000;
;1;79;79207;1;3;1.0;2.0;46,8654250000; -0,7225550000;
;1;62;62070;1;2;1.0;2.0;50,3879320000;2,4587380000;
;1;27;27412;1;1;1.0;2.0;49,2742316334;1,1318429729;
;3;11;11084;1;2;1.0;3.0;43,2346120000;2,2626690000;
;1;62;62130;2;1;1.0;6.0;50,1754140000;2,6205740000;
;2;71;71484;1;1;1.0;6.0;46,7062560000;5,2583470000;
;5;987;98750;2;1;2.0;1.0; -16,8210000000; -151,4040000000;
;1;30;30117;1;1;1.0;4.0;43,7127500000;4,6063960000;
;1;44;44009;2;1;1.0;1.0;47,1934490000; -1,4635950000;
;2;49;49331;1;2;2.0;6.0;47,7035160000; -0,8676090000;
;1;44;44009;2;1;1.0;1.0;47,1859280000; -1,4610540000;
;1;12;12090;1;1;1.0;1.0;44,3698440403;2,4791191667;
;1;35;35169;1;1;1.0;7.0;47,9899500000; -2,0330930000;
;1;62;62268;2;4;1.0;3.0;50,6687610000;1,8225940000;
;1;2B;2B083;1;1;1.0;1.0;42,3825960000;9,1403920000;
;5;51;51099;1;6;1.0;7.0;48,7807270000;4,2215180000;
;1;29;29290;1;1;1.0;6.0;48,5466640000; -4,5053280000;
;1;56;56236;1;2;1.0;3.0;47,9163350000; -2,5243610000;
;1;31;31079;2;9;1.0;2.0;43,7964220000;1,4066260000;
;2;56;56124;2;2;7.0;3.0;47,8109210000; -2,3838510000;
;1;26;26338;1;2;1.0;3.0;44,6013971107;4,8300147057;
;2;05;05081;1;1;1.0;1.0;44,4173220000;5,6528090000;
;1;76;76541;2;9;7.0;3.0;49,4998220000;0,9622380000;
;2;13;13093;1;1;1.0;1.0;43,6936240000;5,3879030000;
;1;72;72257;1;1;1.0;1.0;47,9970080000;0,1398560000;
;1;79;79079;2;2;7.0;3.0;46,9674910000; -0,8929260000;
;3;26;26252;1;1;1.0;6.0;44,8835610000;4,8680590000;
;1;2B;2B077;1;1;1.0;2.0;42,4651560000;9,4943710000;
;1;89;89171;1;1;1.0;6.0;48,2422130000;3,4871320000;
;5;80;80318;2;1;1.0;1.0;50,0114920000;2,0836230000;
;1;60;60221;2;1;1.0;2.0;49,6497770000;2,2704720000;
;1;74;74042;2;6;1.0;6.0;46,0790540000;6,4066280000;
;1;80;80512;2;1;7.0;6.0;50,0666090000;1,8317560000;
;3;82;82091;1;1;1.0;6.0;43,8820460000;0,9136090000;
;5;987;98714;1;1;1.0;3.0; -16,5137420000; -151,7451380000;
;2;73;73015;2;1;1.0;6.0;45,4046100000;6,5632190000;
;1;65;65283;1;1;9.0;7.0;42,8103020000;0,4219970000;
;1;81;81171;1;1;1.0;6.0;43,8654440000;1,8970730000;
;1;988;98817;1;1;1.0;3.0; -22,2309110000;166,5123130000;
;1;73;73285;1;4;1.0;2.0;45,6270640000;6,8303130000;
;1;32;32344;1;1;1.0;1.0;43,6192400258; -0,0508678981;
;5;42;42094;2;1;1.0;6.0;45,7411280000;4,2184280000;
;3;973;97306;1;1;1.0;2.0;5,6145340000; -53,8821030000;
;1;91;91579;1;6;2.0;7.0;48,5403280000;2,3533700000;
;1;07;07324;2;1;1.0;6.0;45,0691280000;4,8291750000;
;1;49;49214;2;1;1.0;6.0;47,5389450000; -0,6163230000;
;2;07;07259;2;1;1.0;6.0;44,2823580000;4,6166340000;
;1;84;84019;2;1;1.0;4.0;44,2962830000;4,7519840000;
;1;49;49330;1;2;9.0;1.0;47,6315000000; -0,6263230000;
;3;01;01457;2;1;1.0;6.0;46,2307930000;4,9918030000;
;1;06;06048;2;1;1.0;1.0;43,8155890000;7,3105020000;
;1;49;49109;1;1;1.0;5.0;47,1460070000; -0,6400180000;
;1;12;12259;1;1;1.0;6.0;44,2692730000;2,0485640000;
;1;13;13059;1;1;1.0;1.0;43,6170020000;5,5052660000;
;1;65;65424;1;1;1.0;1.0;42,9113340000;0,1393610000;
;1;07;07121;1;1;1.0;1.0;44,8200280000;4,0190760000;
;1;12;12145;1;1;1.0;6.0;44,0268590000;3,1476470000;
;1;54;54077;1;1;1.0;2.0;48,6010365245;6,8437213986;
;1;79;79302;2;1;7.0;1.0;46,4282310000; -0,2363190000;
;1;46;46050;1;1;1.0;7.0;44,4223330000;1,2983070000;
;1;64;64422;2;1;1.0;6.0;43,1909290000; -0,6109270000;
;1;72;72054;1;2;1.0;2.0;48,0127070000;0,3177880000;
;1;50;50099;1;1;1.0;3.0;49,2881730000; -1,2623440000;
;1;86;86193;2;3;1.0;1.0;46,7335106441;0,7630951703;
;1;60;60450;1;1;1.0;4.0;49,2098910000;2,2822860000;
;1;83;83069;1;1;1.0;7.0;43,1158337046;6,1121320724;
;1;25;25473;1;1;1.0;2.0;47,1720940000;5,9791370000;
;1;05;05036;1;1;1.0;5.0;44,6211740000;6,5351060000;
;5;94;94034;1;1;1.0;6.0;48,7610139168;2,3181271677;
;1;29;29135;2;6;1.0;3.0;47,8324378803; -4,1797403097;
;1;50;50509;1;1;1.0;6.0;49,3762820000; -1,2270680000;
;1;13;13081;1;1;1.0;2.0;43,4888330000;5,2403560000;
;1;03;03281;1;2;1.0;3.0;46,3663870000;3,1322190000;
;1;18;18197;2;2;1.0;3.0;46,7274000000;2,5120710000;
;1;15;15263;1;1;1.0;7.0;45,1152230000;2,9133830000;
;3;01;01275;1;1;1.0;6.0;45,8081320000;4,9299990000;
;1;91;91534;1;1;1.0;4.0;48,7381400000;2,1798200000;
;1;01;01058;1;1;7.0;2.0;45,6270190000;5,6375260000;
;3;95;95277;1;1;1.0;6.0;48,9747600000;2,4911900000;
;1;21;21332;1;1;1.0;5.0;47,0051840000;5,0477830000;
;1;33;33550;1;1;1.0;4.0;44,7784420000; -0,5544830000;
;1;70;70058;2;3;1.0;3.0;47,5027642328;5,6716074049;
;5;06;06029;2;1;1.0;6.0;43,5506000000;7,0292700000;
;1;17;17443;1;3;1.0;3.0;46,0605410000; -1,0127220000;
;1;93;93053;1;1;1.0;2.0;48,8978300000;2,4694200000;
;1;72;72269;2;9;1.0;1.0;47,9135460000;0,7454640000;
;1;93;93066;1;1;1.0;2.0;48,9027800000;2,3586400000;
;1;14;14437;1;6;1.0;7.0;49,1572272196; -0,2854835988;
;1;37;37067;1;1;1.0;1.0;47,2690669312;0,3935337067;
;1;976;97611;2;1;1.0;6.0; -12,7625400000;45,2259800000;
;1;93;93013;1;1;1.0;2.0;48,9404100000;2,4237200000;
;5;60;60508;2;1;1.0;3.0;49,3005840000;2,6206240000;
;1;37;37015;1;1;1.0;7.0;47,3384430000;0,8266170000;
;1;972;97209;2;1;1.0;2.0;14,6132800000; -61,0646800000;
;1;973;97309;2;1;1.0;3.0;4,9216000000; -52,2805940000;
;1;95;95028;1;1;5.0;4.0;49,0632285949;2,3654723167;
;1;64;64216;1;2;1.0;2.0;43,2474930000; -0,1660930000;
;1;10;10258;1;1;1.0;7.0;48,3899200000;4,6327380000;
;1;64;64445;2;1;7.0;6.0;43,2982400000; -0,3583800000;
;1;49;49331;1;2;1.0;2.0;47,6981910000; -0,7091220000;
;1;16;16067;1;1;1.0;6.0;45,7039752409;0,3246867657;
;1;2B;2B033;2;6;7.0;1.0;42,6760000000;9,4375600000;
;1;76;76341;1;1;2.0;6.0;49,5039467791;0,1939318209;
;1;40;40190;1;2;1.0;3.0;43,6162730000; -0,5565200000;
;5;80;80001;2;1;1.0;6.0;50,1073501481;1,8423342707;
;1;2A;2A004;2;2;1.0;3.0;41,9120737678;8,7227931620;
;1;95;95250;2;1;1.0;3.0;49,1004726211;2,5242161751;
;1;64;64445;2;1;7.0;6.0;43,3014200000; -0,3580800000;
;1;24;24460;2;3;7.0;6.0;45,2482100000;0,4182720000;
;5;76;76351;2;1;1.0;6.0;49,5091600000;0,1490600000;
;1;38;38230;1;1;1.0;3.0;45,5604710000;5,2852040000;
;1;85;85059;2;6;1.0;6.0;46,6525370000; -0,7466730000;
;5;988;98817;2;1;1.0;7.0; -22,2891780000;166,6530810000;
;1;973;97302;2;1;3.0;2.0;4,9144100000; -52,3258500000;
;1;2A;2A004;2;9;1.0;6.0;41,9276900000;8,7386000000;
;1;85;85135;1;2;7.0;2.0;46,5204100000; -1,2325200000;
;1;37;37072;2;1;1.0;6.0;47,1709750000;0,2572390000;
;1;69;69388;2;2;1.0;3.0;45,7388400000;4,8791700000;
;1;27;27210;1;2;1.0;3.0;49,1230680000;0,8468910000;
;1;28;28007;2;3;1.0;3.0;48,8562180000;1,4453350000;
;1;69;69383;2;3;1.0;3.0;45,7496200000;4,8685100000;
;1;27;27627;1;2;1.0;3.0;49,1596420000;0,5372570000;
;1;69;69387;2;2;1.0;1.0;45,7559700000;4,8402500000;
;1;45;45253;1;2;1.0;2.0;48,1660210000;2,2101290000;
;5;95;95210;2;2;1.0;3.0;48,9705600000;2,3068500000;
;1;28;28023;1;1;1.0;1.0;48,5200850000;1,6606480000;
;5;78;78062;2;4;1.0;6.0;48,8317790000;1,8401350000;
;1;17;17434;1;1;1.0;6.0;46,0976920000; -0,7611080000;
;1;972;97213;1;1;1.0;4.0;14,6163800000; -61,0154100000;
;1;30;30003;1;1;1.0;6.0;43,5620900000;4,1405150000;
;1;2B;2B042;1;1;1.0;4.0;42,5632270000;9,4342090000;
;1;69;69382;2;2;1.0;1.0;45,7446000000;4,8195500000;
;1;08;08424;1;1;1.0;7.0;49,5009720000;4,9895870000;
;1;87;87085;2;1;1.0;3.0;45,8454000000;1,2757200000;
;1;69;69034;2;1;3.0;1.0;45,7932800000;4,8718700000;
;3;31;31091;1;1;1.0;5.0;43,7053360000;1,4055320000;
;5;83;83070;2;1;1.0;1.0;43,1473060000;6,3992480000;
;1;2B;2B033;2;3;1.0;6.0;42,7013600000;9,4497400000;
;1;83;83137;2;9;1.0;6.0;43,1210030000;5,9472970000;
;1;09;09252;2;1;1.0;1.0;42,7306850000;2,0711960000;
;1;67;67130;1;1;1.0;1.0;48,3996550000;7,6980040000;
;3;2B;2B037;2;1;1.0;2.0;42,6236000000;9,4366000000;
;1;971;97101;1;1;1.0;7.0;16,2804182596; -61,4957785606;
;1;57;57206;2;1;1.0;3.0;49,3059210000;6,1041220000;
;1;06;06155;1;1;8.0;2.0;43,6023040000;7,0592740000;
;5;91;91692;2;1;2.0;6.0;48,6769750000;2,1971670000;
;2;83;83050;1;1;9.0;1.0;43,5186000000;6,4301600000;
;1;976;97604;2;1;1.0;7.0; -12,9277900000;45,1039890000;
;1;42;42066;1;3;7.0;1.0;45,7377730000;4,1785060000;
;1;91;91471;2;2;1.0;3.0;48,6989400000;2,2030000000;
;1;72;72253;1;1;1.0;6.0;47,9141850000;0,0692221000;
;1;76;76540;2;1;1.0;7.0;49,4350700000;1,0942800000;
;1;01;01376;2;1;1.0;1.0;45,8256740000;4,9826220000;
;2;91;91201;2;1;1.0;3.0;48,6883000000;2,4349000000;
;3;987;98740;2;1;1.0;7.0; -15,1200000000; -147,7470000000;
;5;69;69052;2;6;3.0;6.0;45,8699200000;4,7000670000;
;5;971;97125;2;1;1.0;1.0;16,2512380000; -61,2789760000;
;5;91;91114;2;1;1.0;3.0;48,6922300000;2,4990800000;
;1;69;69117;2;1;1.0;6.0;45,8646570000;4,7423170000;
;1;91;91228;2;1;2.0;6.0;48,6342860000;2,4539150000;
;3;65;65370;2;1;1.0;7.0;43,0923930000;0,1319490000;
;1;76;76351;2;4;1.0;1.0;49,5124600000;0,1718600000;
;2;34;34289;1;1;1.0;4.0;43,3876590000;3,3908830000;
;3;34;34145;1;1;1.0;7.0;43,6704120000;4,1027090000;
;1;16;16304;2;1;1.0;4.0;45,6865920000; -0,2866510000;
;1;34;34027;1;1;1.0;6.0;43,7327440000;4,0064900000;
;1;72;72181;2;9;1.0;3.0;47,9911200000;0,2266000000;
;1;83;83143;1;1;1.0;6.0;43,4488220000;6,0945580000;
;1;22;22136;1;1;1.0;6.0;48,1585950000; -2,7503550000;
;1;87;87085;2;3;1.0;3.0;45,8516800000;1,2725800000;
;2;71;71270;2;9;2.0;6.0;46,2947800000;4,8193500000;
;3;83;83143;1;1;1.0;7.0;43,4523814854;6,1052119732;
;1;35;35228;2;1;1.0;1.0;48,5810761068; -2,0689883083;
;1;05;05178;1;1;1.0;6.0;44,3688550000;5,9225210000;
;1;84;84080;2;1;1.0;5.0;44,0323340000;4,9985700000;
;1;35;35196;2;1;1.0;6.0;48,0724120780; -1,8507188559;
;1;13;13064;1;1;1.0;1.0;43,7875160000;4,9484610000;
;1;80;80021;2;1;6.0;1.0;49,8969900000;2,3113400000;
;1;69;69256;2;2;1.0;3.0;45,7646300000;4,9191200000;
;1;57;57356;1;1;1.0;2.0;49,4318910000;6,1169200000;
;3;13;13110;1;3;1.0;2.0;43,4584020000;5,6539250000;
;1;59;59228;2;1;1.0;6.0;50,3300848344;3,0722880363;
;5;80;80021;2;1;6.0;7.0;49,8895000000;2,2928400000;
;1;89;89085;1;1;1.0;7.0;47,9595500000;3,4885640000;
;1;69;69256;2;1;2.0;6.0;45,7835500000;4,9359600000;
;1;13;13213;1;1;1.0;2.0;43,3300000000;5,4120100000;
;2;77;77209;1;2;1.0;3.0;48,8537700000;2,6907200000;
;1;55;55351;2;3;1.0;1.0;49,5153290000;5,3715630000;
;1;59;59029;1;1;1.0;1.0;50,4854371384;3,2163119316;
;1;76;76217;2;1;1.0;2.0;49,9250800000;1,1086500000;
;1;57;57683;2;1;1.0;2.0;49,3042040000;6,1526720000;
;5;72;72181;2;1;1.0;6.0;48,0087810000;0,1993840000;
;1;78;78646;1;1;1.0;2.0;48,7912290000;2,0717980000;
;5;64;64445;2;3;1.0;3.0;43,3014600000; -0,3693700000;
;1;57;57355;1;1;1.0;6.0;49,0319840000;7,1369130000;
;1;71;71076;2;1;1.0;2.0;46,7873300000;4,8495200000;
;1;07;07232;2;3;1.0;1.0;44,6511822177;3,9619302750;
;1;78;78117;1;1;1.0;1.0;48,7882100000;2,1413710000;
;1;64;64102;2;1;2.0;6.0;43,4995800000; -1,4808000000;
;1;69;69271;2;1;1.0;2.0;45,7380000000;4,9350000000;
;1;01;01043;2;1;1.0;6.0;45,8246390000;4,9969930000;
;1;78;78646;1;1;1.0;6.0;48,7826010000;2,1609320000;
;1;65;65286;2;3;1.0;3.0;43,1051000000; -0,0415100000;
;1;17;17056;1;2;1.0;3.0;45,6054630000; -0,5215340000;
;1;78;78217;1;1;1.0;3.0;48,9656750000;1,8106850000;
;3;40;40123;1;1;1.0;6.0;43,8000310000; -1,1557530000;
;1;64;64483;2;1;1.0;2.0;43,3964376040; -1,6459604711;
;1;60;60159;2;1;1.0;3.0;49,3923000000;2,7893700000;
;5;64;64041;2;1;1.0;7.0;43,2735200000; -0,3210700000;
;1;85;85247;1;1;1.0;6.0;46,9628140000; -1,0550420000;
;1;92;92050;1;1;1.0;4.0;48,9151866286;2,2202750559;
;1;64;64284;2;1;7.0;2.0;43,2665780000; -0,3894630000;
;1;44;44026;1;2;1.0;3.0;47,2661900000; -1,4873100000;
;1;92;92050;1;1;1.0;2.0;48,8934770765;2,1888457004;
;1;59;59421;2;8;1.0;6.0;50,6967120000;3,1364290000;
;1;64;64445;2;1;8.0;4.0;43,2965300000; -0,3586700000;
;1;14;14724;2;3;1.0;3.0;49,2845220000; -0,1576040000;
;1;93;93005;1;1;1.0;4.0;48,9559829274;2,4734293654;
;1;56;56007;2;1;1.0;7.0;47,6670770000; -2,9827300000;
;2;64;64102;2;6;2.0;2.0;43,4842200000; -1,4473800000;
;1;59;59599;2;3;8.0;3.0;50,7393023891;3,1628099084;
;1;95;95018;1;1;1.0;4.0;48,9535300000;2,2792400000;
;1;29;29022;2;6;1.0;3.0;48,2717180000; -4,5874250000;
;1;62;62525;2;6;1.0;6.0;50,7389630000;2,2721110000;
;2;22;22282;2;1;1.0;6.0;48,6193780000; -2,2499230000;
;1;42;42207;1;1;1.0;4.0;45,4923700000;4,5223900000;
;3;55;55545;2;6;1.0;3.0;49,1549738402;5,3897809982;
;1;27;27003;2;5;1.0;3.0;49,1686920000;1,1820390000;
;1;13;13208;2;1;1.0;1.0;43,2618208201;5,3748627209;
;1;80;80721;2;1;1.0;6.0;50,1803920000;1,6337930000;
;1;54;54395;2;1;2.0;4.0;48,6870696117;6,1620908976;
;1;59;59220;2;3;1.0;5.0;50,5914402342;3,0727189778;
;3;974;97416;2;1;1.0;6.0; -21,3425900000;55,5139800000;
;1;54;54395;2;1;1.0;7.0;48,7048600000;6,1707800000;
;1;13;13071;1;1;1.0;4.0;43,4033800000;5,3052200000;
;1;69;69387;1;1;1.0;6.0;45,7316760824;4,8248686059;
;5;972;97213;1;1;2.0;6.0;14,6239400000; -60,9511100000;
;5;54;54395;2;3;1.0;3.0;48,7010539001;6,1477410793;
;1;59;59017;2;1;1.0;6.0;50,6844521802;2,8807193041;
;1;83;83129;1;1;1.0;4.0;43,1206400000;5,8407700000;
;1;972;97209;2;1;1.0;2.0;14,6113000000; -61,0733700000;
;1;54;54304;2;2;2.0;1.0;48,6885500000;6,1548400000;
;3;69;69116;1;1;1.0;3.0;45,8376400000;4,7557900000;
;1;54;54395;2;1;1.0;6.0;48,6954300000;6,1819400000;
;5;972;97209;1;9;1.0;3.0;14,6163500000; -61,0710200000;
;1;69;69199;1;1;1.0;7.0;45,6942901515;4,8425352573;
;1;51;51454;2;3;2.0;3.0;49,2595800000;4,0404900000;
;5;2A;2A004;2;6;1.0;7.0;41,9299500000;8,7574800000;
;1;53;53130;2;1;1.0;7.0;48,0766800000; -0,7702500000;
;1;69;69256;1;1;1.0;4.0;45,7943800000;4,9242300000;
;5;50;50129;2;2;2.0;3.0;49,6448500000; -1,6262500000;
;1;95;95280;2;9;1.0;6.0;49,0125900000;2,4719400000;
;1;69;69266;1;1;1.0;2.0;45,7834514921;4,8916734750;
;5;49;49099;2;4;8.0;6.0;47,0407700000; -0,8932800000;
;1;33;33249;1;1;1.0;6.0;44,8812060000; -0,5239390000;
;1;91;91552;2;9;1.0;3.0;48,5929200000;2,2615880000;
;1;51;51172;2;3;1.0;3.0;49,2137900000;4,0344900000;
;5;44;44184;2;1;2.0;6.0;47,2593000000; -2,2680400000;
;1;33;33090;1;1;1.0;2.0;44,7606120000; -0,6791520000;
;1;44;44109;2;1;1.0;6.0;47,2069230000; -1,5401120000;
;1;33;33013;1;1;1.0;2.0;44,8643010000; -0,5037970000;
;1;42;42127;2;1;9.0;6.0;46,0721200000;4,0659300000;
;1;50;50129;2;6;1.0;3.0;49,5996800000; -1,5978200000;
;1;59;59491;1;1;1.0;1.0;50,3871840131;3,4578824043;
;3;38;38516;1;1;1.0;3.0;45,2008966783;5,7588083323;
;2;91;91689;1;1;1.0;7.0;48,7460800000;2,3254100000;
;1;47;47001;2;7;1.0;3.0;44,2033900000;0,6245500000;
;5;69;69266;2;1;1.0;2.0;45,7725300000;4,8636900000;
;1;37;37261;2;1;1.0;6.0;47,3923400000;0,6691000000;
;1;45;45234;2;6;2.0;7.0;47,9245060000;1,9397900000;
;1;77;77251;1;1;1.0;6.0;48,6319000000;2,5267500000;
;1;37;37122;1;1;1.0;7.0;47,3330936690;0,6728629768;
;1;45;45147;2;1;1.0;6.0;47,9208000000;1,9146000000;
;5;69;69256;2;2;1.0;3.0;45,7740400000;4,9210400000;
;2;31;31555;2;3;1.0;3.0;43,5895400000;1,4142000000;
;1;91;91363;1;1;1.0;5.0;48,6683800000;2,1923400000;
;1;60;60057;2;3;1.0;2.0;49,4487200000;2,0850400000;
;1;45;45208;2;1;2.0;3.0;47,9980300000;2,7416530000;
;1;31;31483;2;1;1.0;3.0;43,1114210000;0,7411400000;
;1;92;92048;1;1;1.0;2.0;48,8033612505;2,2143421769;
;5;59;59295;1;1;1.0;6.0;50,7154300000;2,5119300000;
;1;29;29019;2;1;1.0;3.0;48,4141770000; -4,5085560000;
;1;95;95678;1;1;1.0;3.0;49,0591800000;2,2105900000;
;5;37;37261;2;1;8.0;6.0;47,3623593892;0,6958803535;
;3;54;54149;1;1;1.0;7.0;49,4365200000;5,9257500000;
;1;93;93005;1;1;1.0;3.0;48,9602419884;2,4733228737;
;1;26;26362;1;3;1.0;6.0;44,9259300000;4,9205400000;
;1;51;51454;2;2;1.0;7.0;49,2514400000;4,0419600000;
;1;35;35093;2;2;1.0;6.0;48,6329000000; -2,0549900000;
;3;93;93066;1;1;1.0;2.0;48,9227978068;2,3512841912;
;1;95;95241;1;1;1.0;2.0;49,0503500000;2,4313200000;
;1;35;35278;1;1;2.0;1.0;48,1608200000; -1,6931000000;
;1;51;51454;2;2;1.0;3.0;49,2408400000;4,0134900000;
;5;14;14118;2;2;8.0;1.0;49,1833200000; -0,3871000000;
;1;93;93078;1;1;1.0;3.0;48,9712600000;2,4980500000;
;1;50;50165;2;6;1.0;3.0;48,8538500000; -1,5650500000;
;5;13;13203;2;2;1.0;3.0;43,3078300000;5,3816800000;
;1;35;35238;2;1;1.0;6.0;48,0874220000; -1,6743590000;
;4;95;95680;2;2;1.0;1.0;49,0051706661;2,3870547116;
;1;13;13206;2;2;1.0;3.0;43,2888000000;5,3830000000;
;1;92;92025;2;1;1.0;3.0;48,9220768090;2,2424055934;
;4;37;37261;2;1;1.0;2.0;47,3965771648;0,6856021285;
;1;31;31555;2;2;1.0;3.0;43,5988630000;1,4324180000;
;1;13;13209;2;2;1.0;3.0;43,2677050842;5,4204565816;
;5;92;92078;2;1;1.0;3.0;48,9351520410;2,3276837468;
;1;37;37261;2;1;1.0;6.0;47,3676251777;0,7053505629;
;1;69;69387;2;2;1.0;3.0;45,7424677875;4,8507560678;
;3;35;35055;1;1;1.0;2.0;48,0975964223; -1,6170796752;
;1;25;25462;2;2;2.0;3.0;46,9109180000;6,3522850000;
;1;06;06029;2;1;1.0;2.0;43,5663600000;6,9920000000;
;1;93;93001;2;2;1.0;6.0;48,9087287039;2,3905496299;
;1;31;31555;2;1;1.0;2.0;43,5727900000;1,4945300000;
;1;06;06027;2;2;1.0;3.0;43,6595800000;7,1696100000;
;3;77;77372;1;1;1.0;6.0;48,8816268717;2,6677850530;
;5;31;31555;2;3;1.0;3.0;43,6086000000;1,4457400000;
;1;57;57227;2;1;7.0;6.0;49,1896251464;6,8818670511;
;5;13;13214;2;9;3.0;5.0;43,3180600000;5,3902500000;
;1;05;05061;2;1;4.0;4.0;44,5389200000;6,0551200000;
;1;75;75120;2;1;1.0;6.0;48,8745130000;2,3865770000;
;1;03;03310;2;1;1.0;6.0;46,1314800000;3,4234800000;
;3;31;31483;1;1;1.0;7.0;43,1365300000;0,6986100000;
;2;13;13206;2;2;1.0;3.0;43,2879800000;5,3790700000;
;1;2B;2B033;2;9;1.0;3.0;42,6821995451;9,4441701835;
;1;75;75116;2;1;1.0;3.0;48,8465750000;2,2548750000;
;1;25;25056;2;1;1.0;1.0;47,2206200000;5,9568900000;
;1;22;22360;1;1;1.0;7.0;48,4859940000; -2,7156410000;
;1;81;81004;2;7;1.0;2.0;43,9254200000;2,1473700000;
;1;10;10357;1;1;1.0;2.0;48,2908000000;4,1396000000;
;1;75;75112;2;1;1.0;2.0;48,8422540000;2,4136320000;
;1;77;77296;1;9;1.0;6.0;48,6287580000;2,5676680000;
;1;13;13117;2;2;1.0;3.0;43,4232270819;5,2410753071;
;1;07;07281;1;1;2.0;7.0;44,9361180000;4,8269300000;
;5;75;75113;2;1;2.0;2.0;48,8210860000;2,3779980000;
;1;69;69264;2;6;1.0;6.0;45,9960500000;4,7252600000;
;1;13;13209;1;1;1.0;1.0;43,2496877683;5,4453619259;
;1;06;06088;2;1;1.0;3.0;43,6662400000;7,2110900000;
;3;75;75116;2;1;2.0;2.0;48,8704830000;2,2725290000;
;1;42;42044;2;9;7.0;6.0;45,3951200000;4,3236000000;
;1;06;06088;2;1;1.0;6.0;43,6765000000;7,2003100000;
;1;13;13203;2;2;1.0;3.0;43,3091298639;5,3717649355;
;1;75;75120;2;1;1.0;3.0;48,8769068867;2,4093908072;
;1;13;13005;2;1;1.0;7.0;43,2945700000;5,5820100000;
;1;75;75118;2;3;2.0;6.0;48,8846690000;2,3397680000;
;1;75;75109;2;5;1.0;6.0;48,8729490000;2,3332440000;
;5;75;75117;2;1;1.0;4.0;48,8858090000;2,2883020000;
;3;09;09013;1;1;1.0;1.0;42,9775400000;1,6224100000;
;1;75;75118;2;1;2.0;3.0;48,8888038696;2,3495815694;
;2;75;75112;2;1;2.0;3.0;48,8468130000;2,3763580000;
;1;75;75116;2;1;1.0;3.0;48,8448829836;2,2585433722;
;1;81;81065;2;3;1.0;3.0;43,6014370000;2,2520880000;
;5;08;08409;2;6;1.0;6.0;49,7018860000;4,9442330000;
;5;75;75113;2;4;1.0;6.0;48,8194370166;2,3734706640;
;1;75;75108;2;2;1.0;3.0;48,8658560000;2,3198820000;
;1;33;33009;2;2;1.0;6.0;44,6618100000; -1,1853400000;
;1;07;07116;2;3;8.0;3.0;44,6434670000;4,3690300000;
;5;75;75113;2;3;2.0;3.0;48,8258700000;2,3525900000;
;1;92;92023;2;1;1.0;3.0;48,8041650140;2,2579778284;
;5;75;75107;2;5;1.0;3.0;48,8624570000;2,3019440000;
;1;04;04112;2;1;1.0;7.0;43,8325042447;5,7814411819;
;1;75;75110;2;5;1.0;1.0;48,8804960000;2,3523130000;
;1;75;75107;2;1;1.0;6.0;48,8631280000;2,3141210000;
;1;04;04070;1;1;1.0;1.0;44,0680489599;6,2085333467;
;1;75;75110;2;1;2.0;2.0;48,8800979193;2,3639233410;
;1;75;75107;2;1;1.0;7.0;48,8626560000;2,3034490000;
;1;75;75103;2;1;1.0;7.0;48,8666240000;2,3633560000;
;1;01;01451;1;2;1.0;2.0;46,2357360000;5,1834970000;
;1;75;75108;2;7;1.0;3.0;48,8697590000;2,3234560000;
;1;75;75104;2;3;1.0;3.0;48,8535370000;2,3665410000;
;5;94;94081;2;2;2.0;3.0;48,7901400000;2,3971900000;
;1;75;75116;2;1;1.0;3.0;48,8635580000;2,2657610000;
;1;94;94081;2;3;1.0;3.0;48,7826500000;2,3938900000;
;5;75;75104;2;2;1.0;3.0;48,8508190000;2,3614310000;
;2;75;75113;2;1;1.0;3.0;48,8162240000;2,3639410000;
;5;94;94003;2;1;2.0;1.0;48,8103710000;2,3290750000;
;1;94;94028;2;2;1.0;3.0;48,7778600000;2,4603300000;
;5;94;94076;2;9;2.0;3.0;48,8071000000;2,3629200000;
;5;75;75118;2;4;1.0;4.0;48,9008180000;2,3402900000;
;1;94;94017;2;9;1.0;6.0;48,8159347826;2,5384654105;
;2;94;94022;2;2;8.0;3.0;48,7728300000;2,4000800000;
;1;75;75119;2;1;1.0;7.0;48,8807490000;2,4051640000;
;5;93;93078;2;1;2.0;3.0;48,9525700000;2,5300300000;
;1;75;75119;2;1;1.0;6.0;48,8805800000;2,3747740000;
;1;94;94071;2;2;1.0;2.0;48,7679600000;2,5083900000;
;1;75;75119;2;1;1.0;3.0;48,8961940000;2,3750620000;
;1;93;93070;2;9;8.0;3.0;48,9088308380;2,3395227608;
;1;93;93077;2;2;1.0;3.0;48,8828500000;2,5142900000;
;1;75;75113;2;1;1.0;2.0;48,8237410000;2,3648990000;
;3;93;93066;2;1;2.0;6.0;48,9394393769;2,3565034002;
;5;93;93039;2;1;1.0;6.0;48,9421559352;2,3359352490;
;1;75;75109;2;7;1.0;3.0;48,8730411545;2,3310783505;
;1;93;93055;2;3;8.0;6.0;48,9109000000;2,4136700000;
;1;93;93055;2;1;1.0;3.0;48,8943929456;2,4194614292;
;1;93;93055;2;1;2.0;6.0;48,8903957135;2,3994354305;