Num_Acc;lum;departement;commune;agglomeration;intersection;meteo;type_collision;lat;long;date
;2;54;54270;1;1;4.0;1.0;49,4857650000;5,8810940000;
;1;51;51172;2;1;1.0;7.0;49,2232200000;4,0490600000;
;1;51;51454;2;1;1.0;7.0;49,2368200000;4,0047900000;
;5;50;50129;2;2;2.0;6.0;49,6291800000; -1,6410600000;
;1;49;49246;2;1;1.0;2.0;47,4381600000; -0,4897000000;
;5;49;49007;2;3;2.0;1.0;47,4621800000; -0,5625800000;
;5;44;44184;2;1;1.0;5.0;47,2575100000; -2,2407400000;
;5;37;37261;2;1;1.0;4.0;47,4247216087;0,6993880123;
;5;37;37261;2;2;1.0;1.0;47,3936843157;0,6861338764;
;1;37;37261;2;1;1.0;6.0;47,3846800000;0,6964000000;
;1;37;37122;1;3;1.0;2.0;47,3102300000;0,6529700000;
;5;37;37261;2;6;3.0;3.0;47,4107894453;0,6957542896;
;5;37;37261;2;6;3.0;3.0;47,4185700000;0,6921900000;
;5;37;37109;1;1;2.0;6.0;47,4043693187;0,6428289413;
;1;37;37122;2;1;2.0;3.0;47,3357998898;0,6458464265;
;3;35;35288;2;1;1.0;7.0;48,6210780000; -1,9891880000;
;5;35;35288;2;3;3.0;6.0;48,6448600000; -2,0086000000;
;2;35;35051;2;6;1.0;2.0;48,1135800000; -1,6207800000;
;1;35;35281;1;1;2.0;3.0;48,0750300000; -1,7168300000;
;1;33;33162;2;2;1.0;6.0;44,8832600000; -0,6550900000;
;5;33;33281;2;2;1.0;1.0;44,8541300000; -0,6549900000;
;1;33;33522;2;3;1.0;1.0;44,8137200000; -0,6006800000;
;5;31;31555;2;2;1.0;3.0;43,6050400000;1,4566000000;
;1;31;31555;2;1;1.0;6.0;43,5803765866;1,3909520209;
;1;31;31555;2;1;1.0;2.0;43,6068600000;1,4281700000;
;1;31;31555;2;1;1.0;6.0;43,6183000000;1,4269100000;
;1;31;31483;1;1;1.0;1.0;43,1026100000;0,7444200000;
;1;29;29232;2;1;8.0;6.0;48,0125200000; -4,0765600000;
;1;27;27681;1;1;2.0;6.0;49,1176900000;1,4952700000;
;4;27;27375;2;1;1.0;6.0;49,2100000000;1,1670900000;
;1;25;25204;1;1;9.0;7.0;46,9281100000;6,3598100000;
;1;17;17306;2;1;1.0;6.0;45,6328700000; -1,0330000000;
;5;17;17291;2;1;2.0;2.0;46,1814200000; -1,1244800000;
;1;16;16102;2;3;2.0;3.0;45,6938200000; -0,3177500000;
;1;15;15014;2;1;1.0;6.0;44,9125900000;2,4245600000;
;3;14;14118;1;1;1.0;6.0;49,2015300000; -0,3508400000;
;1;13;13216;1;1;1.0;3.0;43,3568900000;5,2865400000;
;1;13;13208;2;9;1.0;6.0;43,2761038135;5,3969859754;
;5;13;13209;2;3;1.0;3.0;43,2726936419;5,4008900705;
;2;13;13213;2;1;1.0;1.0;43,3409200000;5,4426400000;
;5;13;13208;2;1;1.0;3.0;43,2594362695;5,3941460162;
;1;13;13213;2;7;1.0;5.0;43,3331928854;5,4381573905;
;1;13;13098;1;4;1.0;3.0;43,4392311589;5,0171106179;
;1;10;10387;2;1;1.0;2.0;48,2947600000;4,0823100000;
;1;09;09225;2;8;1.0;6.0;43,1145700000;1,6200100000;
;5;06;06069;2;1;1.0;6.0;43,6550250000;6,9215200000;
;1;05;05061;2;3;1.0;6.0;44,5451785279;6,0580131412;
;1;05;05061;2;3;1.0;3.0;44,5487200000;6,0669600000;
;1;75;75110;2;2;1.0;3.0;48,8699980000;2,3710400000;
;5;75;75105;2;2;1.0;2.0;48,8523510000;2,3482520000;
;5;75;75106;2;7;1.0;6.0;48,8537770000;2,3443260000;
;5;75;75118;2;3;1.0;2.0;48,8933150000;2,3596430000;
;5;75;75116;2;7;1.0;3.0;48,8627470000;2,2671430000;
;1;75;75116;2;2;1.0;3.0;48,8537150000;2,2774130000;
;1;75;75115;2;2;1.0;6.0;48,8494280000;2,3037880000;
;1;75;75115;2;1;1.0;2.0;48,8375820000;2,2685430000;
;1;75;75113;2;2;1.0;6.0;48,8304890000;2,3765810000;
;5;75;75112;2;2;1.0;6.0;48,8458380000;2,3676690000;
;1;94;94043;2;1;1.0;7.0;48,8083700000;2,3625200000;
;1;94;94028;2;1;2.0;1.0;48,8013700000;2,4493200000;
;1;94;94077;2;2;1.0;3.0;48,7374100000;2,4192100000;
;1;94;94017;2;5;1.0;3.0;48,8099500000;2,5497800000;
;5;93;93070;2;1;1.0;3.0;48,9156770422;2,3310488462;
;1;93;93066;2;1;1.0;6.0;48,9175051809;2,3610574264;
;2;93;93074;2;1;5.0;6.0;48,9382610000;2,5954680000;
;1;93;93061;2;3;1.0;6.0;48,8842945707;2,4056647397;
;1;93;93008;2;1;1.0;6.0;48,9090934077;2,4183554646;
;5;93;93007;2;3;1.0;3.0;48,9505870000;2,4400820000;
;5;92;92072;2;1;1.0;3.0;48,8256318918;2,2068035603;
;5;92;92072;2;1;1.0;2.0;48,8261240731;2,2181420624;
;1;92;92033;2;1;1.0;3.0;48,8490501943;2,1937759370;
;1;92;92063;2;1;1.0;3.0;48,8736786621;2,1828508973;
;1;92;92025;2;1;1.0;6.0;48,9279270584;2,2498803735;
;5;92;92025;2;2;1.0;3.0;48,9146290000;2,2290730000;
;1;92;92012;2;1;8.0;3.0;48,8392070430;2,2316730022;
;1;66;66164;1;1;1.0;4.0;42,7743300000;2,8934810000;
;3;77;77505;1;1;5.0;6.0;48,9154490000;2,9802990000;
;1;79;79086;1;1;1.0;1.0;46,4205010000; -0,3373310000;
;3;71;71483;1;1;1.0;1.0;46,3143200000;4,2908530000;
;1;27;27065;1;1;3.0;3.0;49,3205420000;0,3177160000;
;2;76;76424;1;1;5.0;1.0;49,7658610000;1,4881970000;
;2;13;13043;1;1;1.0;6.0;43,3913689291;5,2622759341;
;3;13;13215;1;1;1.0;2.0;43,3815100000;5,3520900000;
;3;54;54571;1;1;1.0;2.0;48,6183600000;6,2172200000;
;1;54;54265;1;1;8.0;6.0;48,6403600000;6,1704200000;
;5;94;94037;1;1;1.0;7.0;48,8161900000;2,3367100000;
;1;91;91174;1;1;1.0;7.0;48,6218000000;2,4628400000;
;1;91;91216;1;1;1.0;3.0;48,6825500000;2,3296800000;
;3;78;78402;1;1;5.0;6.0;48,9639900000;1,7914100000;
;3;78;78297;1;1;5.0;6.0;48,7909770000;2,0570350000;
;4;93;93064;1;1;1.0;3.0;48,8822128144;2,4736136198;
;1;64;64260;2;2;1.0;3.0;43,3725900000; -1,7710900000;
;2;43;43157;2;1;1.0;6.0;45,0482000000;3,8931870000;
;2;24;24037;2;1;2.0;6.0;44,8532746420;0,4913538694;
;1;94;94081;2;1;1.0;3.0;48,7962200000;2,4156000000;
;5;59;59178;2;1;1.0;6.0;50,3810600000;3,0662600000;
;1;974;97407;2;1;1.0;6.0; -20,9370000000;55,2950000000;
;1;973;97302;2;9;1.0;3.0;4,9395663462; -52,3306368291;
;5;69;69388;2;2;1.0;1.0;45,7247300000;4,8730500000;
;1;972;97209;2;1;1.0;1.0;14,6391900000; -61,0409100000;
;1;91;91021;2;1;1.0;6.0;48,5800000000;2,2400000000;
;5;91;91286;2;3;1.0;3.0;48,6513100000;2,3813930000;
;1;91;91286;2;3;1.0;6.0;48,6545200000;2,3735700000;
;5;91;91223;2;1;1.0;2.0;48,4397300000;2,1520100000;
;1;87;87085;2;1;2.0;2.0;45,8293500000;1,2697800000;
;2;82;82121;2;3;7.0;3.0;44,0153170000;1,3741630000;
;5;80;80021;2;2;1.0;3.0;49,8899800000;2,2905600000;
;5;80;80021;2;1;1.0;6.0;49,8759700000;2,3284800000;
;2;79;79191;2;2;1.0;3.0;46,3503600000; -0,4781200000;
;2;77;77122;2;1;1.0;6.0;48,6605100000;2,5633600000;
;5;76;76351;2;1;1.0;6.0;49,5072000000;0,1222500000;
;5;76;76351;1;1;1.0;6.0;49,4617181021;0,1812580973;
;1;76;76351;2;2;1.0;4.0;49,5241600000;0,1229400000;
;1;76;76217;2;2;1.0;6.0;49,9136400000;1,0724900000;
;1;72;72181;2;6;1.0;6.0;48,0094000000;0,1956000000;
;5;71;71105;2;1;9.0;6.0;46,3069800000;4,8047000000;
;5;67;67482;2;1;1.0;6.0;48,5909620000;7,7459990000;
;1;65;65100;2;1;1.0;6.0;43,2548260000;0,0521810000;
;5;64;64102;2;3;8.0;2.0;43,4854300000; -1,4827200000;
;5;63;63113;2;2;1.0;6.0;45,7925400000;3,0917900000;
;1;62;62457;1;1;8.0;1.0;50,4628150000;2,5363850000;
;1;60;60322;1;2;1.0;3.0;49,3033420000;1,8840270000;
;1;80;80561;2;1;1.0;6.0;49,6478930000;2,5813530000;
;1;13;13117;1;1;1.0;3.0;43,4463202577;5,2422015501;
;5;13;13212;1;1;1.0;2.0;43,3032880000;5,4253660000;
;1;91;91377;1;1;2.0;4.0;48,7272400000;2,2441200000;
;1;94;94034;1;1;2.0;2.0;48,7606114652;2,3193595264;
;3;91;91570;1;1;1.0;2.0;48,6254600000;2,3196900000;
;1;91;91377;1;9;1.0;3.0;48,7189900000;2,2988300000;
;1;94;94034;1;1;1.0;4.0;48,7599957298;2,3212385676;
;1;78;78640;1;1;2.0;5.0;48,7776340000;2,2190130000;
;1;78;78158;1;1;1.0;3.0;48,8334000000;2,1357120000;
;5;92;92047;1;1;2.0;6.0;48,8325154834;2,1556807078;
;3;95;95241;1;1;1.0;6.0;49,0534421357;2,4262672663;
;1;93;93066;1;1;2.0;5.0;48,9104500000;2,3582600000;
;1;93;93053;1;1;1.0;4.0;48,8945800000;2,4712500000;
;5;95;95212;1;1;1.0;6.0;49,0275817117;2,5373321772;
;3;95;95682;1;1;1.0;2.0;49,0683100000;2,3844500000;
;4;69;69091;2;1;3.0;6.0;45,5919700000;4,7729400000;
;3;974;97416;1;1;1.0;6.0; -21,3278600000;55,4591000000;
;1;974;97411;1;1;1.0;2.0; -20,8990000000;55,4790000000;
;1;974;97411;2;1;1.0;7.0; -20,8940200000;55,4440430000;
;1;974;97409;2;3;1.0;6.0; -20,9422000000;55,6475200000;
;1;974;97409;1;1;1.0;6.0; -20,9688000000;55,6560800000;
;2;973;97302;2;1;1.0;3.0;4,9348818798; -52,3250846565;
;1;973;97302;2;6;1.0;3.0;4,9076500000; -52,3226000000;
;1;69;69386;2;2;1.0;3.0;45,7683600000;4,8564300000;
;1;69;69388;2;2;1.0;3.0;45,7341300000;4,8763000000;
;1;69;69387;2;2;1.0;3.0;45,7520900000;4,8466300000;
;3;69;69034;2;1;2.0;3.0;45,7981024884;4,8510135881;
;5;69;69382;2;4;2.0;6.0;45,7558400000;4,8352100000;
;1;971;97113;2;9;1.0;6.0;16,2078270291; -61,4842718840;
;1;971;97101;2;1;1.0;2.0;16,2640000000; -61,5123700000;
;1;2A;2A004;2;1;2.0;4.0;41,9342000000;8,7469200000;
;1;91;91514;2;1;1.0;1.0;48,6804200000;2,5357100000;
;1;83;83137;1;3;1.0;3.0;43,1321265015;5,9761954844;
;3;83;83069;2;1;2.0;6.0;43,1196500000;6,1520800000;
;1;76;76540;2;1;8.0;6.0;49,4410452402;1,1235746741;
;1;69;69266;2;3;3.0;1.0;45,7570300000;4,8806000000;
;5;69;69266;2;2;2.0;6.0;45,7766500000;4,8762300000;
;1;69;69264;2;1;1.0;6.0;45,9901600000;4,7238000000;
;1;68;68224;2;4;1.0;3.0;47,7729500000;7,3272700000;
;4;65;65047;2;6;8.0;3.0;43,2456120000;0,0898850000;
;5;64;64445;2;1;1.0;1.0;43,3288400000; -0,3477200000;
;1;62;62119;2;1;2.0;3.0;50,5296520000;2,6444610000;
;5;59;59365;2;1;1.0;6.0;50,2553022899;3,9479997754;
;1;59;59350;2;9;8.0;1.0;50,6344360000;3,1009610000;
;1;59;59560;2;2;2.0;3.0;50,5648783096;3,0415338278;
;3;57;57606;1;1;1.0;2.0;49,1440451218;6,7083106800;
;1;56;56098;2;1;1.0;2.0;47,7773200000; -3,3447600000;
;1;54;54395;2;1;2.0;2.0;48,6815246378;6,1747804284;
;1;54;54395;2;1;1.0;4.0;48,6972300000;6,1544100000;
;1;49;49007;2;1;8.0;7.0;47,4696200000; -0,5614600000;
;2;45;45234;2;1;1.0;6.0;47,8850624961;1,9080355950;
;5;44;44109;2;1;1.0;7.0;47,2360500000; -1,5683000000;
;1;43;43046;2;1;1.0;7.0;45,0521920000;3,8971740000;
;5;38;38185;2;1;2.0;2.0;45,1801400000;5,7132800000;
;1;37;37233;2;9;1.0;2.0;47,3778218901;0,7166594267;
;5;37;37261;2;1;1.0;6.0;47,3815900000;0,6823100000;
;5;33;33318;2;1;1.0;6.0;44,8122500000; -0,6427400000;
;1;33;33063;2;2;1.0;3.0;44,8509700000; -0,5829000000;
;5;30;30007;2;1;3.0;6.0;44,1378000000;4,1045000000;
;1;13;13211;2;9;1.0;3.0;43,2901100000;5,4379300000;
;1;13;13203;2;1;1.0;3.0;43,3184988255;5,3705299144;
;5;13;13213;2;1;2.0;2.0;43,3370800000;5,4210000000;
;5;13;13210;2;1;1.0;3.0;43,2838600000;5,3962200000;
;1;11;11069;1;2;1.0;3.0;43,1928100000;2,3395700000;
;1;03;03185;2;1;1.0;5.0;46,3538410000;2,5901770000;
;1;03;03185;2;2;1.0;7.0;46,3535000000;2,5895900000;
;1;75;75118;2;4;2.0;2.0;48,9009660000;2,3476870000;
;1;75;75119;2;1;1.0;2.0;48,8891280000;2,3962970000;
;1;75;75112;2;1;1.0;7.0;48,8431580000;2,4137070000;
;2;75;75115;2;1;1.0;4.0;48,8260870000;2,2983060000;
;5;75;75107;2;1;1.0;6.0;48,8622740000;2,3000070000;
;3;75;75118;2;4;2.0;2.0;48,9000230000;2,3586150000;
;5;72;72181;2;1;1.0;2.0;47,9840700000;0,2100800000;
;3;71;71153;2;2;1.0;7.0;46,8058000000;4,4341000000;
;5;75;75118;2;2;2.0;7.0;48,8992200000;2,3294710000;
;5;75;75113;2;1;2.0;6.0;48,8317484612;2,3591637611;
;1;75;75111;2;3;2.0;6.0;48,8523470000;2,3741410000;
;5;71;71076;2;2;3.0;1.0;46,8097291750;4,8431083560;
;5;75;75109;2;1;1.0;6.0;48,8832740000;2,3339960000;
;2;75;75107;2;2;2.0;6.0;48,8610530000;2,3132450000;
;5;69;69266;2;1;3.0;2.0;45,7770250471;4,8923528194;
;5;94;94043;2;1;1.0;5.0;48,8114210000;2,3620890000;
;1;93;93078;2;2;1.0;3.0;48,9519900000;2,5283800000;
;5;69;69282;2;2;2.0;6.0;45,7667100000;5,0034800000;
;5;93;93070;2;1;2.0;6.0;48,9081069457;2,3442151648;
;5;93;93066;2;2;2.0;6.0;48,9318419483;2,3575140116;
;5;93;93007;2;1;1.0;3.0;48,9266931558;2,4714058541;
;1;69;69266;2;1;8.0;3.0;45,7704000000;4,8748700000;
;5;69;69264;2;1;2.0;6.0;45,9807900000;4,7401900000;
;1;93;93079;2;6;1.0;3.0;48,9561400000;2,3443500000;
;5;93;93010;2;2;2.0;3.0;48,9059945291;2,4803346891;
;5;69;69259;2;9;2.0;3.0;45,7267200000;4,8598700000;
;5;93;93008;2;5;1.0;5.0;48,9073500000;2,4567300000;
;1;93;93005;2;5;1.0;1.0;48,9358309021;2,4939300716;
;1;69;69276;1;1;1.0;3.0;45,6778900000;4,8470400000;
;1;92;92047;2;1;1.0;4.0;48,8200286130;2,1509666741;
;1;92;92002;2;1;2.0;2.0;48,7588900000;2,3071200000;
;5;67;67365;2;3;1.0;3.0;48,5343100000;7,6987300000;
;2;63;63345;1;1;2.0;3.0;45,7066290000;3,0348010000;
;1;25;25612;1;1;2.0;2.0;47,3132970000;6,0727220000;
;2;67;67482;2;2;1.0;6.0;48,6113200000;7,7809700000;
;1;17;17194;2;1;1.0;3.0;46,1154852820; -1,0182832181;
;3;22;22049;1;1;1.0;7.0;48,5305300000; -2,1830870000;
;5;66;66136;2;1;1.0;6.0;42,6920462891;2,8908795118;
;5;41;41104;1;1;1.0;6.0;47,6018480000;1,4570400000;
;1;49;49070;1;1;1.0;6.0;47,0691130618; -0,7243795487;
;3;66;66136;1;1;1.0;2.0;42,7194930000;2,8740080000;
;1;83;83062;1;1;1.0;4.0;43,1497320000;6,0355870000;
;1;64;64545;2;3;1.0;1.0;43,3618000000; -1,7045400000;
;1;28;28424;1;1;8.0;1.0;48,1590330000;1,1514560000;
;5;64;64335;1;1;1.0;6.0;43,3256340000; -0,4424870000;
;1;972;97210;1;1;1.0;3.0;14,6104020000; -60,9263130000;
;1;26;26339;1;1;1.0;6.0;44,5977560000;4,7966370000;
;3;57;57428;2;1;1.0;7.0;49,1090144734;6,7348867995;
;5;60;60176;2;1;1.0;6.0;49,2318280000;2,8826800000;
;1;63;63113;2;2;1.0;3.0;45,7815000000;3,1153200000;
;3;65;65447;1;1;1.0;3.0;43,1927440000;0,2291520000;
;1;48;48009;1;1;1.0;6.0;44,7236000000;3,2794510000;
;3;34;34270;2;1;2.0;6.0;43,5753200000;3,8487960000;
;3;59;59118;1;1;2.0;6.0;50,0566543062;3,4481996298;
;5;76;76709;2;1;1.0;7.0;49,4851630000;0,8060800000;
;3;2B;2B145;1;1;2.0;7.0;42,4728290000;9,4248370000;
;5;62;62628;2;2;1.0;3.0;50,4288610000;2,8765330000;
;1;32;32107;1;1;1.0;6.0;43,9578770000;0,3520020000;
;5;62;62755;1;1;1.0;2.0;50,6998200000;1,6139500000;
;1;71;71056;1;1;1.0;6.0;46,6482210000;5,1670070000;
;1;42;42295;1;1;2.0;2.0;45,8564980000;3,8247330000;
;5;60;60159;2;1;1.0;6.0;49,4131492027;2,8136694431;
;1;47;47171;1;1;7.0;6.0;44,3171716605;0,7228704067;
;3;25;25255;1;1;1.0;6.0;47,1664340000;6,7998930000;
;1;38;38060;1;1;1.0;6.0;45,2960000000;5,3438510000;
;1;59;59650;2;1;1.0;6.0;50,6998400000;3,2156700000;
;1;38;38347;2;1;1.0;6.0;45,2562650000;5,2451030000;
;1;02;02731;1;2;7.0;3.0;49,8724260000;3,7535500000;
;1;02;02449;1;1;1.0;6.0;49,1574880000;3,2247660000;
;3;72;72358;1;1;1.0;6.0;48,0181233361;0,5047309396;
;5;59;59350;2;2;1.0;3.0;50,6195233401;3,0612319708;
;1;43;43137;2;1;1.0;3.0;45,2848360000;4,1583790000;
;1;43;43042;1;1;1.0;7.0;44,9335220000;3,8309780000;
;1;59;59378;2;9;3.0;6.0;50,6643800000;3,0756500000;
;3;24;24451;1;1;5.0;6.0;45,5025400000;0,6301290000;
;5;59;59350;2;1;1.0;6.0;50,6140400000;3,0626300000;
;3;04;04134;1;1;1.0;7.0;44,3462180000;6,0329800000;
;1;45;45060;1;1;1.0;7.0;47,7546530000;2,7198350000;
;3;976;97613;1;1;1.0;7.0; -12,7582400000;45,0847620000;
;5;59;59122;2;2;1.0;3.0;50,1759400000;3,2080500000;
;3;976;97613;1;1;1.0;1.0; -12,7582400000;45,0847620000;
;3;55;55567;1;1;2.0;6.0;49,0889250000;5,1926710000;
;5;59;59122;2;1;5.0;7.0;50,1694800000;3,2331000000;
;3;988;98825;1;1;1.0;1.0; -21,2381100000;164,9057800000;
;1;974;97417;2;1;1.0;3.0; -21,3568750000;55,7473030000;
;5;57;57306;2;1;1.0;5.0;49,3270100000;6,0554400000;
;1;971;97119;1;1;1.0;1.0;16,3808380000; -61,4558460000;
;5;57;57283;2;1;1.0;3.0;49,2450000000;6,1701900000;
;1;78;78087;1;1;1.0;1.0;48,6036590000;2,0081810000;
;1;2B;2B244;1;1;1.0;1.0;42,4257690000;9,1444230000;
;2;56;56260;2;6;1.0;6.0;47,6682530000; -2,7954300000;
;1;83;83112;2;1;1.0;7.0;43,1800520000;5,6788050000;
;3;56;56121;2;1;1.0;7.0;47,7582200000; -3,3760900000;
;5;06;06099;2;1;5.0;;43,9549480000;6,8990530000;
;1;68;68123;1;1;5.0;6.0;48,0112110000;7,3055270000;
;4;56;56098;1;1;1.0;2.0;47,7779700000; -3,3557900000;
;5;54;54397;2;1;1.0;6.0;48,6176200000;6,1051800000;
;1;56;56121;2;1;1.0;6.0;47,7537200000; -3,3712400000;
;1;03;03298;2;1;1.0;1.0;46,3392640000;3,3826120000;
;5;55;55545;2;3;1.0;3.0;49,1541100000;5,3913200000;
;1;26;26220;1;9;1.0;3.0;44,3712630000;5,1518580000;
;1;81;81038;1;1;1.0;2.0;43,8942010000;1,8932210000;
;3;55;55545;2;6;3.0;7.0;49,1676200000;5,3942100000;
;1;33;33080;1;6;1.0;1.0;44,7251757193; -0,5250518024;
;2;54;54431;2;9;8.0;6.0;48,9056700000;6,0512800000;
;2;85;85155;1;1;1.0;6.0;46,7158900000; -1,4297940000;
;3;52;52125;1;1;1.0;1.0;48,0792500000;5,1547100000;
;1;91;91340;1;1;8.0;2.0;48,6082400000;2,4338000000;
;5;51;51573;2;1;1.0;7.0;49,2523300000;3,9945400000;
;1;91;91689;1;1;1.0;6.0;48,7235100000;2,3122400000;
;5;51;51454;2;3;2.0;3.0;49,2230700000;4,0309700000;
;3;91;91235;1;1;2.0;4.0;48,6260700000;2,3548500000;
;1;91;91174;1;1;2.0;6.0;48,6104700000;2,4446700000;
;1;51;51454;2;2;1.0;3.0;49,2442469825;4,0072819591;
;1;91;91689;1;1;1.0;4.0;48,7443600000;2,3228000000;
;1;92;92072;1;1;1.0;6.0;48,8270146574;2,2242258975;
;1;51;51454;2;2;1.0;1.0;49,2593130000;4,0205100000;
;4;50;50129;1;2;1.0;3.0;49,6490500000; -1,7184600000;
;1;92;92047;1;1;8.0;4.0;48,8323157105;2,1543841825;
;1;78;78423;1;1;1.0;3.0;48,7967130000;2,0262530000;
;4;50;50129;2;1;1.0;4.0;49,6336800000; -1,6064500000;
;2;93;93064;1;1;1.0;2.0;48,8840189593;2,4716019630;
;1;92;92036;1;1;1.0;3.0;48,9441185317;2,2863882231;
;5;50;50129;2;5;2.0;3.0;49,6354900000; -1,6304500000;
;1;93;93010;1;1;1.0;2.0;48,8899192541;2,4734257208;
;3;49;49007;1;1;1.0;6.0;47,4570300000; -0,5722500000;
;1;95;95572;1;1;1.0;3.0;49,0355304583;2,1172016859;
;1;49;49007;2;1;1.0;3.0;47,4500000000; -0,5110000000;
;1;93;93066;1;1;1.0;3.0;48,9189934371;2,3572939965;
;5;49;49246;2;1;1.0;7.0;47,4144500000; -0,5231200000;
;5;49;49267;2;1;1.0;7.0;47,4650645676; -0,5097457767;
;1;95;95678;1;1;1.0;4.0;49,0603322284;2,2114652395;
;1;47;47215;1;1;1.0;2.0;44,3801280000;0,7131159000;
;2;94;94073;1;1;1.0;4.0;48,7715541339;2,3934748629;
;5;45;45169;2;1;1.0;1.0;47,9202000000;1,8324000000;
;1;92;92025;2;1;1.0;2.0;48,9210480000;2,2448010000;
;3;45;45284;2;1;8.0;6.0;47,9169000000;1,9717000000;
;1;29;29019;2;3;1.0;6.0;48,3955634723; -4,4817173481;
;1;27;27229;2;2;1.0;6.0;49,0177954000;1,1671897287;
;5;44;44109;2;1;1.0;3.0;47,2203870000; -1,5976240000;
;1;29;29019;2;3;1.0;6.0;48,3896200000; -4,4754600000;
;1;43;43157;2;3;2.0;6.0;45,0428890000;3,8918910000;
;5;987;98735;2;3;1.0;3.0; -17,5355600000; -149,5577900000;
;5;38;38053;2;2;1.0;1.0;45,5926800000;5,2382600000;
;1;37;37261;2;1;1.0;2.0;47,3860817160;0,7095676661;
;1;24;24138;1;9;1.0;6.0;45,1849600000;0,6996300000;
;1;976;97611;2;1;2.0;6.0; -12,7845400000;45,2291800000;
;1;37;37122;2;6;1.0;2.0;47,3510700000;0,6791000000;
;1;35;35278;1;6;8.0;6.0;48,1362200000; -1,6921470000;
;1;35;35334;1;1;1.0;2.0;48,1427329499; -1,5862825513;
;5;974;97411;2;3;1.0;3.0; -20,9017400000;55,4921300000;
;1;34;34172;2;1;8.0;3.0;43,5959300000;3,8368200000;
;3;34;34032;1;1;1.0;7.0;43,3568800000;3,1376700000;
;1;974;97411;2;1;1.0;7.0; -20,8872200000;55,4656000000;
;1;34;34032;2;1;1.0;7.0;43,3458700000;3,2194000000;
;1;34;34003;2;1;1.0;6.0;43,2895900000;3,5231900000;
;3;974;97407;2;3;1.0;1.0; -20,9469500000;55,2955000000;
;1;33;33063;2;2;1.0;3.0;44,8603700000; -0,5537800000;
;1;973;97302;2;1;1.0;3.0;4,9380400000; -52,2952900000;
;5;33;33281;2;1;1.0;4.0;44,8472800000; -0,7159000000;
;1;31;31555;1;1;1.0;4.0;43,5733250000;1,4716000000;
;1;973;97302;2;3;1.0;3.0;4,9297900000; -52,2903300000;
;5;31;31069;2;9;1.0;6.0;43,6417400000;1,3800410000;
;4;31;31555;2;3;8.0;3.0;43,5896640000;1,4490640000;
;5;69;69387;2;2;2.0;1.0;45,7482000000;4,8436300000;
;1;972;97209;2;1;1.0;3.0;14,6066800000; -61,0715000000;
;1;29;29232;2;3;1.0;1.0;47,9843400000; -4,1052400000;
;5;69;69382;2;9;3.0;6.0;45,7509900000;4,8233100000;
;1;2B;2B033;2;9;1.0;6.0;42,7022400000;9,4480900000;
;1;29;29232;1;1;1.0;2.0;47,9798840000; -4,1071450000;
;1;2A;2A004;2;1;1.0;3.0;41,9169700000;8,7367100000;
;3;29;29039;1;2;1.0;3.0;47,9161040000; -3,9270520000;
;1;2A;2A004;2;1;1.0;2.0;41,9236810010;8,7391286393;
;1;91;91339;2;1;1.0;6.0;48,6314850000;2,2669170000;
;1;29;29019;2;6;1.0;5.0;48,3954780000; -4,5383891000;
;5;91;91286;2;9;1.0;3.0;48,6544600000;2,3736700000;
;1;29;29019;2;3;1.0;3.0;48,3970410920; -4,4833185633;
;1;91;91479;2;2;1.0;3.0;48,7065920000;2,3675320000;
;1;27;27681;1;3;1.0;3.0;49,0767300000;1,4639700000;
;5;27;27229;2;1;1.0;6.0;49,0169319513;1,1234078373;
;1;24;24557;1;9;3.0;6.0;45,1981000000;0,7408200000;
;1;87;87113;2;1;1.0;4.0;45,8614900000;1,3214300000;
;1;87;87085;2;1;1.0;6.0;45,8251300000;1,2734200000;
;1;21;21054;2;9;1.0;3.0;47,0154350000;4,8380060000;
;1;19;19031;2;1;1.0;6.0;45,1506700000;1,5317900000;
;1;86;86194;2;2;1.0;2.0;46,5855710000;0,3662770000;
;3;84;84035;1;1;1.0;7.0;43,8690228666;5,0645685196;
;2;17;17415;1;1;1.0;4.0;45,7241250000; -0,6401690000;
;2;83;83062;2;6;7.0;3.0;43,1240700000;5,9981200000;
;5;14;14366;2;2;1.0;3.0;49,1441400000;0,2248600000;
;1;82;82121;2;1;1.0;3.0;44,0374400000;1,3632200000;
;3;14;14271;2;1;1.0;2.0;49,1473700000; -0,3729800000;
;1;80;80632;2;1;1.0;2.0;49,8751600000;2,2489100000;
;1;14;14118;2;3;5.0;1.0;49,1881230000; -0,3517440000;
;1;80;80021;2;1;1.0;3.0;49,8752000000;2,2778500000;
;1;13;13071;2;9;1.0;3.0;43,3968426942;5,3423589597;
;1;80;80021;2;1;1.0;6.0;49,9103700000;2,3092500000;
;1;57;57672;2;2;1.0;5.0;49,3580000000;6,1560000000;
;1;13;13103;2;1;8.0;3.0;43,6404870380;5,0788881801;
;1;78;78311;2;1;1.0;4.0;48,9284460000;2,1893240000;
;5;13;13212;2;1;1.0;3.0;43,3154581389;5,4149762749;
;1;78;78354;2;1;1.0;6.0;48,9756610000;1,6912030000;
;3;78;78168;2;1;8.0;6.0;48,7508300000;1,9299200000;
;1;13;13209;2;3;1.0;1.0;43,2456779637;5,4260754157;
;1;30;30189;2;3;1.0;7.0;43,8317000000;4,3609000000;
;1;95;95018;2;1;1.0;6.0;48,9341428289;2,2318366170;
;5;13;13005;2;1;2.0;1.0;43,2984153120;5,5691194773;
;1;62;62108;2;9;8.0;6.0;50,4111950000;1,5736780000;
;2;12;12145;2;4;1.0;3.0;44,1035500000;3,0798100000;
;1;62;62108;2;1;1.0;2.0;50,4100300000;1,5777500000;
;1;11;11069;2;1;1.0;6.0;43,2284100000;2,3313100000;
;1;71;71076;2;2;1.0;3.0;46,7930000000;4,8570000000;
;1;11;11069;2;6;7.0;7.0;43,2050500000;2,3332200000;
;1;11;11069;2;2;1.0;6.0;43,2113420000;2,3421840000;
;2;71;71486;2;1;1.0;3.0;46,6633700000;4,3762700000;
;1;71;71270;2;1;1.0;6.0;46,3062324901;4,8364628839;
;4;11;11069;2;3;1.0;6.0;43,2095500000;2,3496200000;
;1;52;52448;2;1;1.0;7.0;48,6482900000;4,9587800000;
;1;10;10387;2;2;8.0;3.0;48,2968100000;4,0678700000;
;5;69;69266;2;3;3.0;3.0;45,7645700000;4,9190900000;
;1;33;33529;1;1;1.0;6.0;44,6120300000; -1,1341700000;
;1;10;10325;2;6;8.0;3.0;48,2649672692;4,0411502123;
;4;69;69266;2;9;8.0;6.0;45,7875000000;4,8813600000;
;5;974;97411;2;9;1.0;6.0; -20,8857270000;55,4738490000;
;3;09;09122;1;1;9.0;7.0;43,0032230000;1,6132420000;
;1;69;69275;2;1;1.0;6.0;45,7663400000;4,9727600000;