Num_Acc;lum;departement;commune;agglomeration;intersection;meteo;type_collision;lat;long;date
;1;75;75117;2;3;4.0;2.0;48,8783440000;2,2955610000;
;1;91;91216;1;1;2.0;4.0;48,6856900000;2,3270400000;
;1;60;60461;1;1;1.0;4.0;49,4474120000;2,1525050000;
;3;66;66017;1;1;1.0;7.0;42,7872860405;3,0191320181;
;1;01;01246;1;8;1.0;7.0;46,2373370000;5,0663040000;
;1;75;75114;2;1;8.0;3.0;48,8272240000;2,3224730000;
;5;59;59408;2;1;1.0;6.0;50,4516783689;3,0756582320;
;5;83;83081;2;1;1.0;3.0;43,6027170000;6,7763190000;
;3;78;78291;1;1;1.0;2.0;48,9655100000;1,7526600000;
;1;75;75114;2;3;4.0;6.0;48,8395030000;2,3234390000;
;2;89;89257;2;4;1.0;3.0;47,9567230000;3,5050460000;
;3;83;83123;1;1;2.0;7.0;43,1331864352;5,8117246628;
;1;54;54128;1;1;7.0;6.0;48,6578892622;5,8390617372;
;2;93;93005;1;1;1.0;6.0;48,9469503739;2,4759894608;
;1;75;75113;2;3;2.0;3.0;48,8339470000;2,3538410000;
;5;75;75113;2;1;6.0;6.0;48,8251480000;2,3797430000;
;1;83;83090;1;1;2.0;2.0;43,1228192404;5,8289337158;
;1;54;54598;1;3;1.0;3.0;49,3592205225;5,7655155667;
;5;974;97409;2;2;6.0;3.0; -20,9334100000;55,6542500000;
;1;75;75108;2;2;4.0;3.0;48,8766390000;2,3177100000;
;1;14;14131;2;1;1.0;2.0;49,3133660000;0,1410090000;
;3;38;38184;1;1;1.0;2.0;45,6554000000;5,0910600000;
;2;52;52449;1;3;1.0;3.0;47,8316030000;5,3375960000;
;3;974;97409;1;1;2.0;7.0; -20,9425880000;55,6472790000;
;3;75;75108;2;7;1.0;6.0;48,8640890000;2,3201210000;
;1;91;91179;1;1;1.0;2.0;48,5649720000;2,4759090000;
;5;69;69383;2;9;1.0;7.0;45,7570753681;4,8566021025;
;1;05;05046;1;9;1.0;5.0;44,5630470000;6,5071250000;
;3;68;68298;1;1;1.0;7.0;48,2465980000;7,1433420000;
;1;75;75107;2;2;2.0;3.0;48,8588000000;2,3287500000;
;1;93;93048;1;1;1.0;3.0;48,8645671382;2,4823039923;
;1;69;69389;2;1;8.0;7.0;45,7641400000;4,7893800000;
;3;50;50003;2;1;1.0;6.0;49,0469020000; -1,5913140000;
;5;88;88261;2;3;1.0;7.0;48,1941300000;6,7039270000;
;1;75;75103;2;1;4.0;6.0;48,8640690000;2,3605650000;
;3;93;93048;1;1;1.0;2.0;48,8730079962;2,4352838986;
;1;18;18170;2;1;1.0;1.0;47,4745850000;2,5079620000;
;1;94;94074;2;3;4.0;3.0;48,7627400000;2,4483700000;
;5;69;69382;2;2;1.0;3.0;45,7592500000;4,8296100000;
;1;01;01249;2;3;7.0;3.0;45,8197551666;4,9419862032;
;1;77;77083;1;1;3.0;4.0;48,8320393099;2,6005324287;
;1;94;94068;2;5;4.0;6.0;48,8024800000;2,4860700000;
;1;18;18102;1;1;1.0;3.0;46,8403270000;2,8168760000;
;3;69;69017;1;1;1.0;3.0;45,9018902965;4,6261775494;
;1;95;95539;2;1;1.0;2.0;48,9915600000;2,3607200000;
;1;85;85054;1;1;1.0;7.0;46,6821340000; -1,7003380000;
;1;94;94058;2;1;2.0;6.0;48,8454600000;2,4972900000;
;4;95;95539;2;1;1.0;6.0;49,0062449788;2,3585736752;
;3;43;43132;1;1;1.0;7.0;45,1251850000;3,5520170000;
;1;67;67482;1;1;1.0;4.0;48,5870700000;7,7146300000;
;3;60;60133;1;1;1.0;7.0;49,5127788588;2,4013323783;
;1;94;94028;2;1;1.0;6.0;48,7879000000;2,4690800000;
;5;91;91421;1;1;2.0;2.0;48,7201000000;2,4431300000;
;1;2A;2A004;1;1;1.0;2.0;41,9350000000;8,8030500000;
;1;94;94079;2;1;2.0;3.0;48,8278550899;2,5438807905;
;1;10;10419;2;2;1.0;3.0;48,1805994870;4,2294568642;
;1;80;80618;2;2;1.0;3.0;50,1475090000;1,5989080000;
;1;83;83137;2;1;1.0;3.0;43,1263400000;5,9254500000;
;1;66;66136;2;1;1.0;6.0;42,7078700000;2,9028200000;
;5;94;94041;2;4;1.0;1.0;48,8185300000;2,4004400000;
;5;78;78172;2;1;2.0;6.0;48,9947400000;2,0985400000;
;1;59;59535;1;1;1.0;6.0;50,7658540000;2,7280590000;
;1;75;75116;1;1;1.0;3.0;48,8483567007;2,2485119104;
;1;53;53066;1;3;1.0;3.0;47,7772900000; -0,7783340000;
;1;94;94002;2;6;2.0;2.0;48,7953300000;2,4291800000;
;3;974;97416;2;1;1.0;1.0; -21,3309800000;55,4673600000;
;1;59;59592;1;2;1.0;3.0;50,4790430000;3,0705930000;
;1;93;93066;2;2;2.0;6.0;48,9387900000;2,3506600000;
;1;53;53124;1;1;1.0;1.0;47,8123440000; -0,8233980000;
;1;973;97302;2;1;1.0;2.0;4,9450200000; -52,3123000000;
;1;24;24303;1;1;1.0;7.0;45,3952860000;0,3155990000;
;1;13;13215;1;1;1.0;2.0;43,3757968472;5,3599177301;
;1;93;93077;2;1;2.0;1.0;48,8850900000;2,5050900000;
;2;69;69271;1;1;1.0;6.0;45,7449958652;4,9385690689;
;1;973;97302;2;3;1.0;3.0;4,9354056438; -52,3126807809;
;1;24;24064;1;1;1.0;7.0;45,3119999057;0,7331771851;
;1;13;13212;1;1;1.0;3.0;43,3025200000;5,4255400000;
;5;93;93046;2;7;2.0;6.0;48,9225920000;2,5334780000;
;1;04;04135;1;1;1.0;6.0;43,8145560000;6,2484530000;
;1;69;69387;2;1;1.0;6.0;45,7366900000;4,8425200000;
;1;69;69264;2;1;1.0;2.0;45,9908246623;4,7150927782;
;1;13;13210;1;1;1.0;6.0;43,2845400000;5,4146700000;
;5;93;93006;2;2;2.0;3.0;48,8710652098;2,4308565259;
;2;28;28359;1;1;1.0;2.0;48,7512940000;1,2608310000;
;5;59;59527;2;3;2.0;3.0;50,6662659633;3,0501088500;
;1;972;97213;1;1;1.0;5.0;14,6182100000; -61,0347900000;
;1;13;13203;1;1;1.0;3.0;43,3178800000;5,3773200000;
;1;93;93027;2;6;4.0;6.0;48,9322584476;2,3993431059;
;1;95;95555;2;1;2.0;1.0;48,9624679589;2,2804328799;
;3;69;69271;1;1;1.0;6.0;45,7491900000;4,9888200000;
;1;23;23073;1;1;1.0;5.0;46,0006580000;2,5444610000;
;5;59;59350;2;4;8.0;3.0;50,6299310000;3,0649530000;
;5;93;93057;2;3;1.0;5.0;48,8994259212;2,5048747659;
;1;87;87085;2;3;1.0;3.0;45,9153400000;1,2982100000;
;5;01;01275;1;1;2.0;3.0;45,8118580000;4,9412080000;
;1;30;30165;1;1;1.0;3.0;44,0957450000;4,1513410000;
;3;42;42218;2;9;9.0;6.0;45,4228500000;4,3752400000;
;1;92;92078;2;1;2.0;3.0;48,9314630000;2,3322980000;
;5;33;33550;1;1;1.0;2.0;44,7777960000; -0,5584330000;
;5;86;86194;2;1;1.0;3.0;46,5674200000;0,3660030000;
;3;987;98734;2;1;8.0;7.0; -17,7120000000; -149,5080000000;
;1;92;92072;2;1;2.0;6.0;48,8209300000;2,2017200000;
;1;59;59044;1;1;1.0;2.0;50,6013375092;3,2478459924;
;5;37;37261;2;2;1.0;3.0;47,3925971299;0,6789690256;
;1;10;10084;1;1;1.0;6.0;48,3937067448;4,1524887085;
;1;80;80021;2;6;1.0;1.0;49,9144500000;2,3103200000;
;5;92;92063;2;1;4.0;6.0;48,8697501072;2,1947749257;
;1;94;94034;1;1;1.0;2.0;48,7597943467;2,3218478062;
;5;973;97309;2;1;1.0;2.0;4,8944770000; -52,2761270000;
;1;80;80021;2;1;1.0;3.0;49,8880000000;2,2899700000;
;1;33;33318;2;2;2.0;3.0;44,8024400000; -0,6454000000;
;5;92;92062;2;1;4.0;2.0;48,8801443251;2,2446880192;
;1;92;92026;1;1;1.0;2.0;48,8890363081;2,2473751306;
;1;74;74219;1;1;1.0;7.0;45,8201860000;6,1030770000;
;1;93;93010;1;1;1.0;2.0;48,9142120519;2,4771938545;
;1;29;29151;2;7;1.0;1.0;48,5744800000; -3,8318100000;
;1;76;76351;2;4;1.0;7.0;49,4986900000;0,1070900000;
;1;92;92062;2;1;4.0;4.0;48,8798762088;2,2443776876;
;3;29;29039;1;1;1.0;6.0;47,9096000000; -3,9042900000;
;3;95;95582;1;1;1.0;2.0;48,9797000000;2,2409800000;
;1;76;76114;2;9;1.0;3.0;49,5683164873;0,4854100943;
;1;92;92044;2;1;1.0;7.0;48,8963681966;2,2960991263;
;1;33;33498;1;1;1.0;3.0;44,5632000000; -0,8325150000;
;1;74;74012;2;9;1.0;6.0;46,1878690000;6,2436160000;
;1;89;89277;1;1;1.0;6.0;47,6928830000;3,8360390000;
;1;94;94073;1;1;1.0;3.0;48,7706496736;2,3853272779;
;2;92;92012;2;1;2.0;6.0;48,8354278134;2,2424232960;
;1;72;72181;2;1;1.0;6.0;48,0094845339;0,1891279218;
;5;27;27562;1;1;6.0;6.0;49,0962400000;1,4328800000;
;5;03;03185;2;3;1.0;6.0;46,3526300000;2,5993400000;
;2;06;06004;1;1;1.0;6.0;43,6042310000;7,0878770000;
;5;69;69275;1;1;1.0;6.0;45,7566200000;4,9711200000;
;3;80;80659;1;1;1.0;1.0;50,0773580000;2,4538990000;
;1;25;25056;2;1;1.0;6.0;47,2257800000;5,9653200000;
;1;51;51211;1;1;1.0;7.0;49,0750890000;4,8404000000;
;1;67;67482;2;9;1.0;1.0;48,5977700000;7,6983600000;
;1;976;97611;2;1;1.0;1.0; -12,7598600000;45,2272700000;
;1;2B;2B299;1;9;2.0;7.0;42,4086280000;9,4307210000;
;1;22;22113;2;6;8.0;3.0;48,7333300000; -3,4666700000;
;2;973;97302;2;1;1.0;6.0;4,9265600000; -52,3244700000;
;1;67;67482;2;1;1.0;3.0;48,5922000000;7,7440700000;
;2;17;17415;2;1;1.0;7.0;45,7456900000; -0,6857700000;
;1;51;51649;2;2;1.0;3.0;48,7329730000;4,5928160000;
;1;67;67482;2;1;1.0;3.0;48,5922000000;7,7440700000;
;1;973;97302;2;2;1.0;3.0;4,9335524259; -52,3133111000;
;1;38;38134;1;1;1.0;2.0;45,4424060000;5,0169430000;
;5;973;97302;2;9;1.0;7.0;4,9299902782; -52,3088908195;
;4;13;13201;2;1;1.0;1.0;43,2939701489;5,3737986087;
;1;66;66136;1;1;1.0;4.0;42,6692740000;2,8968110000;
;2;22;22180;2;1;1.0;7.0;48,4379280000; -2,2241310000;
;1;64;64102;2;1;3.0;7.0;43,4988900000; -1,4815800000;
;5;69;69387;2;3;1.0;1.0;45,7282200000;4,8377700000;
;3;67;67312;1;1;1.0;6.0;48,7404143595;7,5880980492;
;5;972;97213;1;1;1.0;2.0;14,6148165718; -61,0126333240;
;3;38;38239;1;1;4.0;6.0;45,3382590000;5,5605090000;
;5;974;97402;2;1;1.0;2.0; -20,9996160000;55,6857220000;
;1;13;13207;2;1;1.0;3.0;43,2920300000;5,3593700000;
;1;972;97209;2;1;1.0;3.0;14,6303600000; -61,0387300000;
;3;08;08362;1;1;1.0;7.0;49,5173240000;4,3478290000;
;5;69;69382;2;3;1.0;1.0;45,7601800000;4,8377200000;
;1;37;37003;2;3;1.0;3.0;47,4062830000;0,9798650000;
;1;13;13210;2;6;1.0;5.0;43,2850590000;5,4252280000;
;1;69;69202;2;1;1.0;6.0;45,7358500000;4,7997600000;
;5;64;64024;2;1;1.0;6.0;43,4890600000; -1,5226900000;
;1;91;91132;1;1;1.0;1.0;48,5276160000;2,2067250000;
;5;13;13215;2;2;1.0;3.0;43,3739500000;5,3558100000;
;1;2A;2A004;2;2;1.0;3.0;41,9249500000;8,7380600000;
;1;63;63113;2;1;1.0;3.0;45,7644400000;3,0925300000;
;1;66;66190;1;1;1.0;7.0;42,8121590000;2,9135680000;
;1;19;19176;1;1;4.0;6.0;45,3860560000;2,0247240000;
;1;59;59386;2;3;2.0;1.0;50,6669200000;3,0440300000;
;2;2A;2A004;2;2;1.0;3.0;41,9249500000;8,7380600000;
;5;06;06029;2;1;1.0;5.0;43,5490840000;7,0316440000;
;3;95;95612;1;1;1.0;2.0;48,9986020017;2,4828337133;
;1;11;11178;1;4;1.0;3.0;43,3428810000;1,8629550000;
;1;06;06027;2;1;1.0;6.0;43,6663870000;7,1533430000;
;5;91;91286;2;6;2.0;3.0;48,6506800000;2,3874600000;
;5;57;57757;2;2;1.0;3.0;49,3576073357;6,1876418011;
;5;87;87085;2;1;1.0;7.0;45,8213200000;1,2396500000;
;3;56;56110;1;1;1.0;6.0;48,0314398000; -3,2605680000;
;3;04;04112;2;1;1.0;6.0;43,8440100000;5,8324800000;
;1;56;56260;2;1;2.0;3.0;47,6654800000; -2,7700500000;
;1;87;87085;2;2;1.0;3.0;45,8331300000;1,2484800000;
;1;2A;2A345;1;1;2.0;3.0;42,0531880000;8,9455640000;
;2;75;75115;2;4;1.0;6.0;48,8330510000;2,2791970000;
;1;56;56121;2;1;1.0;1.0;47,7619200000; -3,3858900000;
;1;86;86194;2;1;1.0;2.0;46,5908360000;0,3527650000;
;1;11;11356;1;4;1.0;2.0;43,3020470000;2,0334260000;
;3;33;33363;1;1;2.0;6.0;44,7795200000; -0,3607250000;
;1;75;75119;2;4;1.0;6.0;48,9004410000;2,3763690000;
;1;49;49007;2;1;1.0;6.0;47,4722600000; -0,6100800000;
;1;83;83065;1;1;1.0;1.0;43,2642380000;6,6227920000;
;3;12;12240;1;1;4.0;6.0;44,6269420000;2,2478590000;
;5;85;85194;2;2;1.0;3.0;46,5069700000; -1,7773600000;
;1;75;75113;2;4;1.0;7.0;48,8346580000;2,3533400000;
;1;49;49015;2;2;1.0;3.0;47,5010300000; -0,5887500000;
;1;46;46334;1;1;1.0;1.0;44,7409660000;1,4138990000;
;1;75;75119;2;4;1.0;6.0;48,8913300000;2,3722440000;
;1;13;13082;1;1;1.0;1.0;43,6950750000;5,3440980000;
;5;75;75113;2;1;2.0;6.0;48,8249260000;2,3790280000;
;1;49;49007;2;4;1.0;2.0;47,4540500000; -0,5685000000;
;3;34;34106;1;1;1.0;6.0;43,7463750000;3,3311100000;
;5;83;83137;2;2;1.0;3.0;43,1234500000;5,9480900000;
;1;13;13082;1;3;1.0;3.0;43,6624510000;5,3465600000;
;1;49;49007;2;1;1.0;7.0;47,4900300000; -0,5232800000;
;1;81;81021;2;1;1.0;6.0;43,5099000000;2,3638400000;
;5;75;75113;2;2;1.0;3.0;48,8215700000;2,3724980000;
;3;49;49015;1;1;1.0;2.0;47,5109400000; -0,6181500000;
;1;38;38344;1;1;1.0;6.0;45,3786335398;4,8047736664;
;1;49;49267;2;1;1.0;7.0;47,4696000000; -0,5195600000;
;1;50;50513;1;1;1.0;2.0;48,9853290000; -1,2762190000;
;1;77;77215;2;9;1.0;6.0;48,7411200000;2,7363100000;
;1;75;75111;2;2;1.0;3.0;48,8687940000;2,3676320000;
;1;76;76351;2;1;1.0;6.0;49,5023600000;0,1866800000;
;1;49;49267;1;1;2.0;7.0;47,4807600000; -0,4883200000;
;1;64;64160;1;1;8.0;7.0;43,3527380000; -1,3670360000;
;1;89;89136;1;1;1.0;7.0;48,2535690000;3,2773810000;
;1;76;76217;2;1;1.0;3.0;49,9217300000;1,0732400000;
;5;75;75111;2;2;1.0;1.0;48,8681020000;2,3724340000;
;3;16;16283;1;1;1.0;7.0;45,4452960000;0,2176560000;
;1;21;21261;1;1;1.0;6.0;47,2639628359;5,1358551978;
;1;43;43157;2;3;3.0;3.0;45,0555400000;3,9026100000;
;3;85;85034;1;1;1.0;7.0;46,5917800000; -1,1215600000;
;1;76;76217;2;2;1.0;3.0;49,9181800000;1,0872000000;
;3;68;68247;1;1;1.0;6.0;47,9406410000;7,0064020000;
;1;75;75110;2;2;1.0;3.0;48,8698670000;2,3607240000;
;1;43;43041;2;1;1.0;3.0;45,0490300000;3,9146500000;
;2;76;76217;2;6;2.0;3.0;49,9264200000;1,0800500000;
;1;37;37281;2;1;1.0;2.0;47,4098950000;0,7974640000;
;2;57;57205;1;1;7.0;2.0;49,2186480000;6,6411070000;
;5;75;75109;2;2;1.0;3.0;48,8774260000;2,3490920000;
;5;42;42218;2;2;1.0;3.0;45,4351400000;4,3840900000;
;1;71;71497;2;2;1.0;1.0;46,3394032668;4,8367449045;
;3;69;69199;1;1;1.0;6.0;45,7152600000;4,8423500000;
;1;03;03187;2;1;1.0;6.0;46,3251640000;3,4294620000;
;5;75;75109;2;1;1.0;6.0;48,8793800000;2,3363960000;
;1;978;97801;2;9;1.0;6.0;18,0820740000; -63,0678910000;
;1;03;03006;1;1;1.0;7.0;46,1256190000;3,7051280000;
;1;38;38185;2;1;1.0;6.0;45,1760500000;5,7152700000;
;1;69;69259;2;6;1.0;5.0;45,6973300000;4,8908600000;
;5;94;94017;2;1;1.0;3.0;48,8139200000;2,5092400000;
;1;987;98714;1;1;2.0;3.0; -16,5153770000; -151,7324780000;
;1;38;38185;2;1;1.0;6.0;45,1815300000;5,7316000000;
;3;988;98803;1;1;5.0;6.0; -21,5962700000;165,5636000000;
;1;69;69290;2;6;1.0;3.0;45,7168800000;4,9581000000;
;1;37;37233;2;1;1.0;7.0;47,3811492228;0,7433983684;
;1;988;98832;1;1;2.0;7.0; -22,1542700000;166,8230800000;
;1;94;94017;2;3;1.0;3.0;48,8218500000;2,4901300000;
;2;26;26232;1;1;1.0;6.0;44,9021230000;5,1118450000;
;2;69;69259;2;2;1.0;3.0;45,7031200000;4,8874900000;
;5;30;30214;2;1;1.0;6.0;44,0338900000;4,0991770000;
;3;93;93071;2;1;1.0;6.0;48,9317800000;2,5305000000;
;1;35;35238;2;3;2.0;3.0;48,1080400000; -1,7006000000;
;1;81;81219;2;1;1.0;1.0;43,5659600000;2,0030900000;
;1;83;83099;2;1;1.0;6.0;43,4558160000;6,6833030000;
;1;31;31069;2;1;1.0;3.0;43,6249400000;1,3989200000;
;1;69;69259;2;1;1.0;1.0;45,7177300000;4,8545700000;
;1;93;93055;2;2;1.0;6.0;48,9033800000;2,3922500000;
;5;67;67218;2;1;1.0;1.0;48,5213845654;7,7284580469;
;1;30;30028;2;3;1.0;3.0;44,1612800000;4,6244400000;
;1;67;67339;2;3;2.0;3.0;48,8983290000;7,9196750000;
;1;65;65123;1;1;1.0;3.0;42,9870240000;0,2270680000;
;1;93;93008;2;1;8.0;3.0;48,9155900000;2,4166900000;
;5;69;69052;1;1;4.0;6.0;45,8834530000;4,7063800000;
;3;67;67180;1;1;8.0;2.0;48,8627200000;7,7018490000;
;1;31;31395;2;6;1.0;1.0;43,4863420000;1,3401770000;
;1;93;93051;2;1;1.0;3.0;48,8532300000;2,5327200000;
;1;13;13005;2;1;1.0;3.0;43,2963300000;5,5957700000;
;1;69;69270;2;6;1.0;3.0;45,6310820000;4,9335800000;
;2;66;66136;2;1;1.0;3.0;42,6902700000;2,8800400000;
;1;23;23063;1;1;1.0;3.0;45,7829230000;2,1551230000;
;5;93;93046;2;3;1.0;6.0;48,9119901923;2,5207708732;
;3;69;69278;1;1;4.0;6.0;45,9006640000;4,8650340000;
;1;60;60057;2;2;1.0;6.0;49,4369500000;2,0845900000;
;1;17;17161;1;1;1.0;7.0;46,1723420000; -1,3345810000;
;1;81;81140;2;1;2.0;2.0;43,6972620000;1,8154750000;
;1;92;92051;2;3;1.0;2.0;48,8900301092;2,2717346102;
;1;60;60057;2;2;1.0;3.0;49,4370300000;2,0753300000;
;3;85;85071;1;1;1.0;6.0;46,7763200000; -1,8216980000;
;1;46;46102;2;1;1.0;6.0;44,6064790000;2,0244880000;
;5;59;59279;2;2;1.0;6.0;50,7824210000;3,1341910000;
;1;61;61279;1;1;1.0;6.0;48,4032020000; -0,0041740000;
;1;37;37123;2;3;1.0;1.0;47,3234821697;0,4077135399;
;1;47;47157;2;1;1.0;2.0;44,5043560000;0,1827940000;
;5;59;59350;2;3;1.0;3.0;50,6350400000;3,0299600000;
;3;60;60341;1;6;1.0;7.0;49,0905080000;2,7522380000;
;3;14;14258;1;1;4.0;6.0;48,8941200000; -0,2179880000;
;1;59;59566;2;1;1.0;6.0;50,6226590369;2,9880961776;
;1;60;60558;2;2;1.0;3.0;49,5913720000;2,7748950000;
;1;13;13212;1;1;1.0;2.0;43,2949280367;5,4244083166;
;1;83;83136;1;1;1.0;4.0;43,4643510000;6,2762620000;
;5;59;59648;2;1;1.0;2.0;50,5781248079;3,0328756571;
;1;33;33075;1;1;1.0;4.0;44,8891500000; -0,5980500000;
;5;59;59143;2;1;1.0;6.0;50,6706400000;2,9027300000;
;1;42;42207;1;1;1.0;6.0;45,4669900000;4,4981400000;
;1;33;33013;1;1;1.0;4.0;44,8433900000; -0,5014500000;
;2;54;54304;2;4;1.0;6.0;48,6945815401;6,1280858517;
;1;91;91086;1;1;1.0;3.0;48,6234900000;2,3833500000;
;1;59;59360;1;1;1.0;3.0;50,6198500000;3,0077800000;
;1;78;78423;1;1;8.0;6.0;48,7936200000;2,0515400000;
;1;94;94003;1;1;1.0;7.0;48,8009709861;2,3420251782;
;1;54;54578;2;2;1.0;3.0;48,6702567242;6,1582338810;
;1;78;78640;1;1;1.0;2.0;48,7785170000;2,2068820000;
;1;54;54395;2;3;1.0;3.0;48,6813015023;6,1661437154;
;1;93;93010;1;1;4.0;4.0;48,9023200000;2,4704700000;
;1;94;94076;1;1;1.0;3.0;48,7915034874;2,3446894229;
;1;52;52121;2;9;1.0;3.0;48,1018200000;5,1245400000;
;1;93;93010;1;1;1.0;4.0;48,9020759840;2,4704122732;
;1;51;51454;2;1;1.0;2.0;49,2299300000;4,0700000000;
;3;93;93051;1;1;1.0;7.0;48,8349002767;2,5774733817;
;3;95;95678;1;1;1.0;2.0;49,0702200000;2,2471200000;
;1;49;49007;2;1;1.0;1.0;47,4884200000; -0,5346900000;
;1;37;37261;2;1;1.0;6.0;47,3796454107;0,6699889898;
;1;59;59599;2;1;1.0;6.0;50,7363930000;3,1921340000;
;1;94;94081;1;1;1.0;4.0;48,7740034256;2,4056004171;
;3;34;34172;2;1;1.0;6.0;43,6068600000;3,8379700000;
;1;976;97611;2;1;1.0;6.0; -12,8199200000;45,1958500000;
;1;38;38151;2;1;8.0;3.0;45,1569600000;5,7057500000;
;1;33;33318;2;2;1.0;3.0;44,7999723247; -0,6243635416;
;1;94;94011;2;1;3.0;6.0;48,7700800000;2,4837500000;
;2;976;97611;2;1;1.0;3.0; -12,7876300000;45,2253500000;
;1;31;31555;2;1;1.0;3.0;43,5898380000;1,4517560000;
;1;974;97416;1;9;1.0;2.0; -21,3456000000;55,4985200000;
;1;30;30189;2;3;1.0;3.0;43,8517000000;4,3992600000;
;1;974;97411;2;1;1.0;6.0; -20,8896800000;55,4772900000;
;5;29;29232;1;6;2.0;6.0;47,9799120000; -4,0807071000;
;5;42;42218;2;1;1.0;6.0;45,4467500000;4,3982900000;
;1;29;29232;2;1;2.0;6.0;47,9815800000; -4,0968300000;
;1;974;97411;2;1;1.0;3.0; -20,8935700000;55,4736100000;
;1;29;29039;2;1;1.0;6.0;47,8765700000; -3,9162600000;
;1;974;97407;2;1;1.0;3.0; -20,9324800000;55,2944700000;
;1;32;32013;2;1;1.0;2.0;43,6661230000;0,6188650000;
;5;30;30243;2;1;1.0;6.0;44,0996000000;4,0846900000;
;1;28;28134;2;3;1.0;1.0;48,7434300000;1,3553700000;
;1;973;97302;2;2;1.0;3.0;4,9333332996; -52,3317204416;
;1;28;28404;2;6;1.0;2.0;48,7325000000;1,3417800000;
;1;976;97611;2;9;1.0;7.0; -12,7706300000;45,2236900000;
;1;973;97302;2;1;1.0;1.0;4,9150500000; -52,3209700000;
;1;27;27681;2;1;1.0;6.0;49,0942900000;1,4819200000;
;1;973;97302;2;1;1.0;1.0;4,9178000000; -52,3213600000;
;1;974;97411;2;1;1.0;2.0; -20,9042900000;55,4945500000;
;1;26;26362;2;6;1.0;3.0;44,9223300000;4,8908100000;
;1;69;69383;2;2;1.0;3.0;45,7521700000;4,8867300000;
;1;69;69383;2;1;1.0;6.0;45,7597300000;4,8618100000;
;1;69;69386;2;2;1.0;3.0;45,7670700000;4,8476500000;
;1;21;21231;2;3;1.0;6.0;47,3288890000;5,0633950000;
;1;17;17415;2;1;1.0;7.0;45,7379900000; -0,6434600000;
;1;972;97213;2;1;1.0;5.0;14,6182000000; -61,0194200000;
;1;17;17306;2;4;1.0;1.0;45,6230500000; -1,0103500000;
;1;972;97209;2;9;8.0;4.0;14,6165300000; -61,0714900000;
;1;14;14118;2;1;1.0;2.0;49,1702350000; -0,3730650000;
;1;69;69389;2;1;2.0;2.0;45,7844300000;4,7997900000;
;5;13;13208;2;1;1.0;2.0;43,2764000000;5,3978600000;
;2;13;13211;2;1;1.0;3.0;43,2887500000;5,4305100000;
;1;91;91286;2;2;1.0;4.0;48,6508600000;2,3825300000;
;1;13;13213;2;1;1.0;6.0;43,3297100000;5,4138600000;
;1;13;13210;2;1;1.0;3.0;43,2812685295;5,4055509285;
;1;87;87075;2;2;2.0;7.0;45,8065000000;1,2266700000;
;1;84;84087;2;1;1.0;2.0;44,1214200000;4,8407500000;
;1;76;76540;2;2;2.0;6.0;49,4464130000;1,0707940000;
;2;74;74298;2;1;2.0;6.0;46,1749800000;6,2475000000;
;1;94;94011;2;1;1.0;3.0;48,7680353496;2,4868454932;
;1;71;71270;2;1;1.0;6.0;46,2982500000;4,8286800000;
;3;11;11069;1;9;1.0;3.0;43,2059800000;2,3893100000;
;2;94;94028;2;1;1.0;3.0;48,8022100000;2,4655300000;
;1;69;69275;2;1;8.0;6.0;45,7711300000;4,9636300000;
;1;09;09122;2;1;1.0;2.0;42,9635400000;1,6070000000;
;2;94;94077;2;2;1.0;3.0;48,7350100000;2,4207500000;
;1;69;69029;2;3;1.0;3.0;45,7301100000;4,8913200000;
;1;94;94071;2;1;1.0;6.0;48,7731300000;2,4980000000;
;1;06;06069;2;1;1.0;6.0;43,6575100000;6,9220800000;
;1;67;67043;1;3;2.0;3.0;48,6299700000;7,7766300000;
;5;04;04112;2;1;1.0;1.0;43,8298600000;5,8075800000;
;1;94;94002;2;3;1.0;2.0;48,8144900000;2,4116900000;
;1;64;64269;1;1;2.0;4.0;43,2970446770; -0,2989772448;
;1;93;93005;2;1;1.0;3.0;48,9446749949;2,5083455443;
;5;75;75106;2;3;1.0;6.0;48,8527030000;2,3339250000;
;1;64;64024;2;1;8.0;6.0;43,4805000000; -1,5096600000;
;1;93;93066;2;1;1.0;3.0;48,9471224051;2,3730307817;
;2;75;75120;2;2;1.0;6.0;48,8708170000;2,3784380000;
;3;62;62510;1;9;6.0;3.0;50,4372400000;2,7502300000;
;1;93;93062;2;1;1.0;3.0;48,9005016833;2,5266006589;
;1;75;75114;2;3;1.0;6.0;48,8376680000;2,3355890000;
;1;59;59426;2;9;8.0;3.0;50,7435200000;3,1448400000;
;1;93;93062;2;3;1.0;6.0;48,8957231825;2,5143268704;
;1;59;59646;2;9;2.0;3.0;50,6727500000;3,1277300000;
;1;93;93006;2;1;7.0;6.0;48,8636300000;2,4253100000;
;1;59;59646;2;2;1.0;6.0;50,6640150000;3,1302160000;
;1;94;94028;2;1;1.0;6.0;48,7783300000;2,4551900000;
;5;59;59512;2;2;1.0;3.0;50,6875379336;3,1667546108;
;1;59;59350;2;1;1.0;6.0;50,6178383271;3,0635864138;
;1;93;93029;2;3;1.0;3.0;48,9195730000;2,4597410000;
;1;92;92049;2;1;1.0;6.0;48,8141800000;2,3203200000;
;1;59;59574;1;2;1.0;3.0;50,3796400000;3,2837400000;
;1;93;93027;2;5;9.0;3.0;48,9295700000;2,3859600000;
;5;75;75113;2;4;1.0;3.0;48,8378520000;2,3553110000;
;1;54;54575;1;1;2.0;1.0;49,4779600000;5,8564400000;
;1;93;93008;2;1;1.0;3.0;48,9083902240;2,4516718090;
;1;51;51454;2;1;1.0;6.0;49,2313800000;4,0072300000;
;5;75;75119;2;3;1.0;6.0;48,8805000000;2,3765360000;
;1;92;92078;1;1;1.0;2.0;48,9355330000;2,3342200000;
;1;50;50218;2;1;1.0;3.0;48,8309000000; -1,5750900000;
;1;92;92078;2;9;1.0;3.0;48,9390330000;2,3239790000;
;1;75;75118;2;3;1.0;3.0;48,8920230000;2,3598380000;
;1;50;50129;2;1;2.0;4.0;49,6334400000; -1,5920900000;
;1;92;92022;2;1;1.0;3.0;48,8140500000;2,1926400000;
;1;49;49007;2;1;1.0;2.0;47,4714800000; -0,6020400000;
;1;92;92062;2;9;1.0;3.0;48,8809400000;2,2453680000;
;1;75;75109;2;3;1.0;6.0;48,8846710000;2,3294110000;
;1;92;92048;2;1;1.0;1.0;48,7931192599;2,2209602594;
;1;75;75114;2;7;1.0;3.0;48,8341200000;2,3333170000;
;1;92;92044;2;1;1.0;6.0;48,8926584200;2,2959411442;
;1;92;92035;2;1;1.0;3.0;48,9098100000;2,2550300000;
;1;75;75112;2;2;1.0;3.0;48,8333440000;2,4022730000;
;1;38;38151;2;3;8.0;3.0;45,1545400000;5,7122100000;
;1;92;92062;1;1;1.0;7.0;48,8944404697;2,2397126555;