Num_Acc;lum;departement;commune;agglomeration;intersection;meteo;type_collision;lat;long;date
;1;34;34172;2;2;1.0;1.0;43,5788700000;3,8744700000;
;5;33;33550;2;6;1.0;2.0;44,7784400000; -0,5707700000;
;1;33;33249;2;1;1.0;6.0;44,8644943747; -0,5195405334;
;1;33;33063;2;1;1.0;2.0;44,8806500000; -0,5730000000;
;2;33;33063;2;6;1.0;3.0;44,8606000000; -0,6125000000;
;3;33;33009;2;1;1.0;7.0;44,6519200000; -1,1558600000;
;1;32;32013;2;1;1.0;7.0;43,6329200000;0,5880100000;
;5;31;31483;2;1;1.0;3.0;43,1143800000;0,7088600000;
;1;29;29051;1;1;1.0;6.0;48,0172770000; -4,0005370000;
;1;29;29019;2;1;1.0;6.0;48,3899531800; -4,5023733970;
;1;28;28404;2;6;1.0;3.0;48,7196100000;1,3483300000;
;1;27;27701;1;1;1.0;2.0;49,2540600000;1,1773200000;
;1;26;26058;2;6;1.0;3.0;44,9658700000;4,8839800000;
;1;25;25462;2;1;1.0;3.0;46,9139220000;6,3461620000;
;1;25;25204;2;1;1.0;3.0;46,9204100000;6,3438210000;
;2;25;25388;2;3;7.0;3.0;47,5128500000;6,8035800000;
;1;25;25388;2;1;1.0;1.0;47,5049300000;6,7990600000;
;1;25;25056;2;8;1.0;3.0;47,2494990000;6,0413950000;
;1;22;22360;1;9;1.0;2.0;48,4757200000; -2,7696300000;
;1;22;22360;1;2;1.0;3.0;48,4560800000; -2,8011200000;
;1;56;56075;2;2;8.0;6.0;47,9000200000; -2,1155230000;
;5;79;79176;2;1;9.0;6.0;46,4898610000; -0,0585040000;
;5;79;79013;2;3;2.0;3.0;46,9846040000; -0,4592690000;
;2;2B;2B096;2;9;9.0;3.0;42,3061250000;9,1555230000;
;1;19;19124;1;1;8.0;6.0;45,1540760000;1,3734360000;
;2;80;80186;2;1;9.0;1.0;49,8173090000;2,7991190000;
;3;61;61317;1;1;1.0;6.0;48,7535360000;0,3594960000;
;1;47;47310;2;2;3.0;6.0;44,3910620000;0,3075150000;
;1;03;03010;1;1;1.0;3.0;46,4446290000;2,5137450000;
;3;15;15235;1;1;1.0;1.0;45,0009770000;3,0250600000;
;3;01;01195;1;1;1.0;5.0;46,2225852676;5,3345221281;
;5;70;70137;2;1;1.0;3.0;47,5117710000;6,3398030000;
;5;50;50292;2;3;2.0;1.0;49,0988240000; -1,2441690000;
;3;60;60185;1;1;5.0;7.0;49,2107990000;2,3316660000;
;1;85;85175;1;1;9.0;6.0;46,5796900000; -1,1949620000;
;3;88;88465;1;1;8.0;6.0;48,2414240000;6,4462280000;
;1;53;53177;1;1;2.0;1.0;48,3136122174; -1,0509969957;
;1;78;78003;1;1;4.0;4.0;48,5343100000;1,8670400000;
;3;77;77248;1;1;1.0;6.0;48,9205220000;2,7951570000;
;1;13;13015;1;6;1.0;3.0;43,4327280000;5,3961270000;
;1;10;10272;1;1;1.0;6.0;48,5671982255;4,1216111183;
;2;73;73179;1;6;1.0;3.0;45,6011288578;5,8764997803;
;5;69;69255;1;3;1.0;5.0;45,7334490000;4,6766220000;
;2;33;33032;2;6;8.0;6.0;44,9021980000; -0,5066370000;
;3;29;29256;1;1;2.0;1.0;48,2174390000; -4,2952900000;
;1;59;59411;2;6;9.0;3.0;50,4794930000;3,1045820000;
;1;83;83129;1;1;1.0;4.0;43,1208968619;5,8388711214;
;3;69;69029;1;1;1.0;2.0;45,7386300000;4,9044800000;
;1;33;33249;1;1;2.0;6.0;44,8849200000; -0,5123200000;
;5;59;59128;1;1;9.0;6.0;50,6438000000;2,9706900000;
;1;59;59143;1;1;2.0;7.0;50,6568941782;2,9042395949;
;5;91;91377;2;1;2.0;3.0;48,7193500000;2,2988300000;
;1;78;78431;1;1;2.0;6.0;48,9390480000;1,9558150000;
;1;95;95678;1;1;5.0;7.0;49,0728300000;2,2273300000;
;1;95;95127;1;1;5.0;6.0;49,0430255022;2,0781111717;
;3;92;92036;1;1;9.0;2.0;48,9384432213;2,2966712184;
;1;94;94022;1;1;1.0;2.0;48,7733691177;2,4005139364;
;3;94;94079;1;1;2.0;6.0;48,8354458972;2,5387118132;
;1;988;98818;2;1;2.0;6.0; -22,2492900000;166,4515500000;
;1;69;69387;2;9;1.0;3.0;45,7501100000;4,8404400000;
;1;69;69034;2;1;2.0;5.0;45,7845200000;4,8464900000;
;1;91;91216;2;2;8.0;3.0;48,6760140000;2,3161410000;
;1;91;91339;1;1;3.0;5.0;48,6200000000;2,2500000000;
;3;91;91421;1;1;8.0;2.0;48,7148800000;2,4424600000;
;5;91;91657;2;1;2.0;6.0;48,7007100000;2,4216500000;
;5;91;91286;2;1;3.0;7.0;48,6491900000;2,3807800000;
;1;77;77243;2;4;2.0;3.0;48,8774020000;2,7206810000;
;1;76;76259;2;1;3.0;2.0;49,7527000000;0,3917500000;
;5;71;71153;2;2;2.0;3.0;46,7963344903;4,4292846322;
;5;69;69266;2;1;3.0;3.0;45,7619116670;4,9200154842;
;1;59;59128;2;2;1.0;6.0;50,6468198042;2,9587313533;
;3;53;53130;1;1;2.0;7.0;48,0835500000; -0,8017100000;
;5;45;45285;2;2;2.0;2.0;47,9113200000;1,8671900000;
;1;35;35281;2;1;2.0;3.0;48,0951400000; -1,6965500000;
;1;35;35238;2;3;8.0;3.0;48,1102346359; -1,6623339057;
;5;28;28220;2;9;9.0;6.0;48,4227607161;1,4689064040;
;5;27;27229;2;1;2.0;2.0;49,0309100000;1,1562200000;
;5;27;27229;2;1;2.0;2.0;49,0192700000;1,1522300000;
;5;13;13208;2;1;1.0;2.0;43,2500000000;5,3900000000;
;2;13;13207;2;3;1.0;3.0;43,2922000000;5,3630600000;
;5;13;13207;2;2;1.0;3.0;43,2897600000;5,3661000000;
;5;75;75120;2;1;1.0;7.0;48,8650280000;2,4129040000;
;1;75;75118;2;1;1.0;6.0;48,8908400000;2,3385150000;
;5;75;75118;2;1;2.0;1.0;48,8913260000;2,3508740000;
;1;75;75115;2;1;8.0;6.0;48,8486740000;2,2827130000;
;5;75;75114;2;2;2.0;3.0;48,8367600000;2,3207400000;
;5;75;75113;2;3;1.0;3.0;48,8323930000;2,3649070000;
;5;75;75111;2;5;1.0;6.0;48,8628330000;2,3871060000;
;5;75;75108;2;4;1.0;6.0;48,8751630000;2,3163870000;
;5;94;94018;2;4;2.0;7.0;48,8173390000;2,4193260000;
;5;94;94075;2;3;3.0;3.0;48,7274940000;2,5360110000;
;1;93;93071;2;1;2.0;2.0;48,9366500000;2,5146300000;
;5;92;92078;2;6;3.0;6.0;48,9349410000;2,3256860000;
;5;37;37063;1;2;2.0;3.0;47,5938169497;0,9019598365;
;1;76;76624;2;9;1.0;6.0;49,8759400000;1,2382870000;
;4;21;21599;1;1;9.0;2.0;47,6384730000;5,1801820000;
;3;57;57335;2;1;5.0;6.0;48,9456130000;6,9612120000;
;1;71;71591;1;1;1.0;2.0;46,4477671209;4,8717237127;
;3;972;97210;2;1;1.0;6.0;14,6126650000; -60,9055530000;
;5;972;97227;2;1;1.0;6.0;14,4665080000; -60,9280840000;
;3;68;68300;1;4;2.0;3.0;47,7950030000;7,3811740000;
;1;30;30221;2;1;1.0;3.0;44,0462880000;4,7729640000;
;1;62;62214;2;1;1.0;1.0;50,6539960000;1,7015620000;
;1;56;56120;1;3;1.0;3.0;47,7812200000; -2,7734260000;
;1;77;77032;1;1;1.0;1.0;48,6987220000;3,2715170000;
;3;76;76667;1;1;3.0;5.0;49,8494330000;1,0712740000;
;3;33;33123;1;1;2.0;2.0;45,0872690000; -0,4082140000;
;1;63;63034;1;1;1.0;5.0;45,8015500000;3,3112840000;
;3;68;68291;1;1;1.0;6.0;47,8529680000;7,5074060000;
;1;22;22216;1;3;2.0;1.0;48,4971140000; -3,3716230000;
;1;39;39421;1;1;2.0;6.0;46,7018770000;5,5682740000;
;1;66;66124;2;1;4.0;6.0;42,5051160000;2,0444820000;
;1;72;72132;2;9;1.0;6.0;48,1867600000;0,6615000000;
;3;14;14177;1;1;2.0;7.0;49,2221670000;0,2145950000;
;1;45;45061;2;1;4.0;1.0;48,0489560000;2,7430060000;
;2;43;43124;1;1;1.0;6.0;45,0862300000;3,7528000000;
;3;21;21502;1;1;2.0;1.0;47,0068252343;5,1294915675;
;1;40;40187;2;2;2.0;3.0;43,8508350000; -1,3799560000;
;1;85;85182;1;1;8.0;7.0;46,7968790000; -0,8230580000;
;1;68;68022;1;1;2.0;6.0;47,8185150000;7,3930260000;
;5;978;97801;1;1;1.0;1.0;18,0994370000; -63,0552580000;
;1;978;97801;1;9;1.0;3.0;18,0992630000; -63,0621890000;
;1;976;97604;1;1;1.0;5.0; -12,9152260000;45,0821830000;
;1;45;45067;1;1;1.0;7.0;47,8838680000;1,7453460000;
;1;2B;2B148;2;1;1.0;1.0;42,5267680000;9,4410700000;
;3;34;34081;2;1;2.0;1.0;43,3174820000;3,1376800000;
;3;83;83112;1;1;1.0;1.0;43,1701070000;5,7188240000;
;5;21;21292;1;1;1.0;6.0;47,2389409922;5,2128803729;
;1;73;73329;1;1;1.0;3.0;45,6392398992;5,8923764080;
;3;60;60035;1;1;5.0;1.0;49,6559347029;2,8747272486;
;1;13;13214;1;1;1.0;6.0;43,3325362971;5,3856288663;
;3;91;91689;1;1;1.0;2.0;48,7425910000;2,3220920000;
;1;92;92036;1;1;8.0;6.0;48,9354217595;2,2605830961;
;5;92;92026;1;1;3.0;4.0;48,8892486093;2,2466463337;
;3;92;92036;1;1;2.0;6.0;48,9335373784;2,2742431993;
;3;95;95424;1;1;2.0;6.0;48,9908391977;2,1935212612;
;1;95;95218;1;1;1.0;6.0;49,0350920209;2,0984745026;
;1;93;93005;1;1;8.0;6.0;48,9508885757;2,4745512892;
;1;92;92036;1;1;2.0;6.0;48,9384432213;2,2966712184;
;3;92;92036;1;1;3.0;6.0;48,9378886633;2,2976672190;
;3;93;93007;1;1;2.0;2.0;48,9421443682;2,4781664745;
;3;93;93073;1;1;2.0;6.0;48,9685100000;2,5654100000;
;3;93;93027;1;1;8.0;6.0;48,9282600000;2,4032100000;
;3;95;95582;1;1;3.0;2.0;48,9633942434;2,2643744946;
;1;93;93053;1;1;2.0;6.0;48,8887500000;2,4727500000;
;5;94;94073;1;1;2.0;7.0;48,7676700000;2,3786300000;
;3;94;94052;1;9;2.0;6.0;48,8343891811;2,4932068928;
;5;94;94046;2;2;2.0;6.0;48,8097800000;2,4526400000;
;1;974;97416;1;1;2.0;7.0; -21,2943500000;55,4886900000;
;1;974;97416;1;1;1.0;2.0; -21,3297200000;55,4539000000;
;3;974;97411;2;1;3.0;6.0; -20,9001700000;55,4638200000;
;1;974;97411;2;1;1.0;4.0; -20,8726370000;55,4487760000;
;1;972;97213;1;2;1.0;3.0;14,6256000000; -60,9793100000;
;2;971;97105;2;2;1.0;3.0;15,9962627992; -61,7307977378;
;5;2A;2A004;2;1;2.0;6.0;41,9164000000;8,7315000000;
;1;95;95210;2;2;3.0;3.0;48,9755400000;2,3080300000;
;5;91;91514;2;2;2.0;3.0;48,6715600000;2,5336900000;
;1;91;91223;2;9;1.0;3.0;48,4291500000;2,1468800000;
;1;83;83062;2;1;1.0;3.0;43,1075770000;5,9896770000;
;1;81;81033;2;1;2.0;5.0;44,0351100000;2,1572600000;
;5;78;78440;2;6;2.0;6.0;48,9786870000;1,9137550000;
;5;77;77014;2;3;2.0;1.0;48,4239000000;2,7394000000;
;1;76;76005;2;1;2.0;6.0;49,4182900000;1,1178900000;
;1;74;74012;2;1;1.0;6.0;46,1917400000;6,2506100000;
;1;71;71306;2;1;9.0;6.0;46,6779408547;4,3641905246;
;1;71;71059;2;1;2.0;2.0;46,8129700000;4,4865700000;
;2;69;69266;2;6;2.0;6.0;45,7726700000;4,8657900000;
;1;69;69264;2;1;2.0;2.0;45,9854300000;4,7303700000;
;5;65;65440;2;6;2.0;3.0;43,2409400000;0,0737000000;
;1;45;45338;2;2;2.0;3.0;47,9986100000;2,7098800000;
;2;42;42186;2;2;1.0;3.0;45,5270837314;4,6129353481;
;5;42;42071;2;1;1.0;6.0;46,0279600000;4,0890700000;
;5;37;37261;2;2;3.0;6.0;47,3942397024;0,6847394630;
;1;35;35238;2;1;2.0;2.0;48,1226126300; -1,7088907957;
;2;35;35115;2;6;2.0;3.0;48,3526100000; -1,1859700000;
;1;33;33119;2;1;8.0;2.0;44,8583000000; -0,5379000000;
;3;33;33529;1;9;2.0;6.0;44,6171540000; -1,1144400000;
;5;25;25056;2;1;2.0;6.0;47,2186200000;6,0179900000;
;5;16;16102;2;1;2.0;6.0;45,6857810627; -0,3517998755;
;1;13;13203;2;1;1.0;2.0;43,3044879556;5,3765196744;
;1;13;13205;2;1;1.0;6.0;43,2919800000;5,3936900000;
;5;13;13211;2;3;1.0;3.0;43,2933385026;5,4552878260;
;3;13;13044;1;1;1.0;5.0;43,6282023652;5,0178462266;
;1;13;13028;2;1;1.0;3.0;43,1780812262;5,5947521114;
;1;06;06069;2;6;7.0;3.0;43,6452660000;6,9402660000;
;5;01;01053;2;2;2.0;6.0;46,2018600000;5,2210100000;
;3;75;75105;2;2;1.0;2.0;48,8501690000;2,3481250000;
;5;75;75120;2;2;1.0;3.0;48,8530310000;2,3971830000;
;5;75;75119;2;3;2.0;6.0;48,8877770000;2,3730190000;
;5;75;75116;2;3;2.0;6.0;48,8755200000;2,2790770000;
;5;75;75115;2;2;3.0;6.0;48,8493080000;2,2816470000;
;5;75;75115;2;4;2.0;7.0;48,8457610000;2,3096070000;
;2;75;75115;2;1;2.0;6.0;48,8436550000;2,3122920000;
;1;75;75114;2;1;2.0;2.0;48,8387550000;2,3201570000;
;5;75;75114;2;2;1.0;6.0;48,8302670000;2,3340570000;
;5;75;75110;2;4;2.0;6.0;48,8732890000;2,3587440000;
;5;75;75108;2;2;1.0;3.0;48,8684380000;2,3012000000;
;5;75;75107;2;1;2.0;3.0;48,8573140000;2,3277170000;
;1;75;75101;2;1;2.0;3.0;48,8600970000;2,3404410000;
;5;94;94068;2;1;2.0;3.0;48,8003600000;2,4966200000;
;1;94;94018;2;1;2.0;1.0;48,8219500000;2,3989400000;
;3;95;95527;1;1;1.0;2.0;48,9989720000;2,5221980000;
;5;93;93059;2;1;3.0;6.0;48,9606118907;2,3587830300;
;5;93;93079;2;1;8.0;6.0;48,9504700000;2,3425600000;
;1;93;93014;2;1;2.0;4.0;48,9050441048;2,5441315770;
;5;93;93010;2;1;2.0;6.0;48,9118636653;2,4911659956;
;5;93;93008;2;3;3.0;6.0;48,9097097592;2,4673975776;
;1;93;93008;2;1;2.0;6.0;48,9066100000;2,4507680000;
;5;93;93005;2;3;2.0;3.0;48,9308171373;2,4905458176;
;1;93;93001;2;1;2.0;2.0;48,9153166664;2,3701933219;
;1;92;92025;2;1;2.0;1.0;48,9111630000;2,2364460000;
;3;54;54374;1;1;2.0;7.0;48,7648349396;6,4315938958;
;3;84;84142;1;1;1.0;6.0;43,9656930000;5,0092830000;
;1;31;31285;1;3;1.0;3.0;43,6438240000;1,6128230000;
;2;51;51454;2;2;1.0;1.0;49,2628600000;4,0570600000;
;1;49;49007;2;2;1.0;3.0;47,4541800000; -0,5679700000;
;1;47;47001;2;2;1.0;6.0;44,1954000000;0,6171000000;
;1;44;44109;2;6;1.0;2.0;47,2210000000; -1,6024500000;
;1;43;43041;2;6;1.0;7.0;45,0501000000;3,9037400000;
;1;42;42187;2;4;7.0;6.0;46,0398200000;4,0525290000;
;1;38;38185;2;1;1.0;6.0;45,1808600000;5,7414000000;
;2;33;33063;2;2;7.0;3.0;44,8559300000; -0,6267400000;
;1;33;33063;2;2;1.0;3.0;44,8401700000; -0,5809600000;
;1;33;33318;2;6;1.0;3.0;44,8048100000; -0,6104800000;
;1;33;33063;2;2;7.0;3.0;44,8316100000; -0,5588000000;
;1;33;33192;2;1;1.0;3.0;44,7739400000; -0,5989900000;
;1;33;33550;2;1;1.0;4.0;44,7979568453; -0,5689314008;
;5;31;31555;2;9;1.0;3.0;43,5669600000;1,4584100000;
;1;31;31555;1;1;1.0;2.0;43,6136370000;1,4837010000;
;2;31;31555;2;1;1.0;6.0;43,6479100000;1,4253320000;
;1;31;31555;2;1;1.0;1.0;43,6479100000;1,4221700000;
;1;28;28085;2;2;1.0;3.0;48,4416200000;1,4861240000;
;1;27;27681;2;1;1.0;6.0;49,0906040345;1,4719340801;
;1;27;27229;2;1;1.0;1.0;49,0103200000;1,1666600000;
;1;27;27299;2;1;1.0;1.0;49,0542600000;1,1770600000;
;1;26;26362;2;6;1.0;3.0;44,8960000000;4,9160000000;
;5;17;17291;1;1;1.0;7.0;46,1742000000; -1,1120000000;
;1;17;17291;2;1;1.0;3.0;46,1749500000; -1,1148500000;
;1;16;16166;1;1;1.0;1.0;45,6731750000;0,2022650000;
;1;14;14059;2;1;1.0;7.0;49,3484513591;0,0497657061;
;1;13;13210;2;1;1.0;2.0;43,2724580904;5,4210500592;
;1;13;13214;2;1;1.0;1.0;43,3325304661;5,3989101887;
;1;13;13202;2;1;1.0;3.0;43,3022594127;5,3663353622;
;2;13;13202;2;3;1.0;3.0;43,3018900000;5,3671700000;
;5;13;13070;2;6;1.0;1.0;43,2869900000;5,5138100000;
;1;13;13001;2;6;1.0;3.0;43,5389400000;5,4534100000;
;2;13;13001;2;2;1.0;2.0;43,5237500000;5,4371300000;
;1;12;12083;2;1;1.0;7.0;44,5241600000;2,2880700000;
;2;75;75117;2;1;1.0;5.0;48,9005010000;2,3248890000;
;1;75;75120;2;4;1.0;6.0;48,8685280000;2,4132110000;
;5;75;75120;2;4;1.0;6.0;48,8752800000;2,4103760000;
;5;75;75120;2;4;1.0;6.0;48,8647580000;2,4120800000;
;2;75;75119;2;1;1.0;3.0;48,8799040000;2,3704230000;
;1;75;75119;2;3;1.0;3.0;48,8832450000;2,3810850000;
;1;75;75117;2;1;1.0;3.0;48,8902110000;2,3196780000;
;1;75;75117;2;4;1.0;7.0;48,8804990000;2,3094580000;
;1;75;75115;2;2;1.0;7.0;48,8465270000;2,2854160000;
;5;75;75114;2;2;1.0;3.0;48,8230490000;2,3254900000;
;1;75;75113;2;1;1.0;6.0;48,8243180000;2,3721010000;
;1;75;75110;2;2;1.0;5.0;48,8765180000;2,3558590000;
;1;75;75107;2;2;1.0;3.0;48,8628270000;2,3134600000;
;5;75;75107;2;3;1.0;6.0;48,8625551000;2,3092520000;
;1;75;75101;2;2;1.0;3.0;48,8616940000;2,3412260000;
;1;94;94043;2;1;1.0;3.0;48,8075900000;2,3629500000;
;1;94;94073;2;1;1.0;2.0;48,7525700000;2,3763100000;
;3;62;62810;1;1;1.0;5.0;50,3465360000;2,7850030000;
;1;94;94073;2;3;1.0;6.0;48,7671472868;2,3929749218;
;1;13;13202;1;1;1.0;3.0;43,3130915342;5,3679352998;
;1;13;13071;1;1;1.0;7.0;43,4018800000;5,2969500000;
;1;94;94073;2;1;1.0;3.0;48,7525360000;2,3723640000;
;1;13;13028;1;1;1.0;4.0;43,2103891427;5,5833935738;
;1;93;93072;2;2;1.0;3.0;48,9589400000;2,3821200000;
;5;69;69152;1;1;1.0;6.0;45,6947500000;4,8261300000;
;3;67;67482;1;1;1.0;2.0;48,5869870000;7,7145310000;
;5;33;33063;2;1;1.0;7.0;44,8840370000; -0,5587220000;
;1;93;93070;2;1;1.0;2.0;48,9164774091;2,3253995235;
;3;91;91363;1;1;1.0;3.0;48,6332900000;2,2228300000;
;2;94;94038;1;1;1.0;3.0;48,7734212580;2,3459057506;
;1;93;93064;2;3;1.0;3.0;48,8728500207;2,4865263871;
;4;94;94034;1;1;1.0;2.0;48,7545800000;2,3329500000;
;3;78;78423;1;1;1.0;3.0;48,7955000000;2,0462800000;
;1;93;93050;2;1;1.0;6.0;48,8627814176;2,5404509982;
;4;92;92036;1;1;1.0;4.0;48,9407403854;2,2929114253;
;1;93;93048;2;1;1.0;7.0;48,8682500000;2,4340500000;
;1;93;93074;2;1;1.0;6.0;48,9360000000;2,5851200000;
;1;93;93064;1;1;1.0;3.0;48,8833346075;2,4918794632;
;1;93;93001;1;1;1.0;2.0;48,9215357961;2,3685407639;
;3;93;93053;1;1;1.0;4.0;48,9027800000;2,4673300000;
;1;93;93031;2;1;1.0;3.0;48,9540060000;2,3137120000;
;3;95;95277;1;1;1.0;2.0;48,9781700000;2,4556500000;
;2;93;93027;2;2;1.0;6.0;48,9243765467;2,3835966788;
;1;95;95306;1;1;1.0;2.0;49,0071131215;2,1624451876;
;1;93;93008;2;7;1.0;6.0;48,9126674395;2,4360452506;
;5;94;94022;1;1;2.0;4.0;48,7733811508;2,4011395508;
;3;94;94004;1;1;1.0;6.0;48,7518280000;2,5138070000;
;1;92;92033;2;1;1.0;2.0;48,8536100000;2,1966600000;
;1;75;75112;2;3;8.0;6.0;48,8473450000;2,3867850000;
;5;75;75116;2;1;1.0;5.0;48,8674120000;2,2691630000;
;1;92;92064;2;9;1.0;6.0;48,8514920000;2,2130130000;
;1;75;75112;2;1;1.0;5.0;48,8308070000;2,4031540000;
;1;92;92051;2;3;1.0;2.0;48,8839862117;2,2815594077;
;1;92;92050;2;1;1.0;3.0;48,8911967409;2,2153517604;
;2;75;75106;2;3;1.0;7.0;48,8443680000;2,3328910000;
;1;75;75116;2;1;1.0;3.0;48,8455750000;2,2731340000;
;1;92;92044;2;2;1.0;6.0;48,8903265202;2,2817340195;
;5;75;75115;2;1;1.0;6.0;48,8535950000;2,2971010000;
;1;92;92024;2;1;1.0;3.0;48,9020600000;2,3071200000;
;1;62;62119;2;1;1.0;6.0;50,5457210000;2,6445580000;
;5;75;75114;2;4;1.0;7.0;48,8330950000;2,3247230000;
;1;92;92023;2;1;1.0;1.0;48,7892000000;2,2516300000;
;1;61;61001;2;6;1.0;3.0;48,4311500000;0,0898200000;
;2;75;75113;2;1;1.0;6.0;48,8254200000;2,3883590000;
;1;60;60057;2;1;1.0;6.0;49,4302200000;2,0908500000;
;1;92;92007;2;2;1.0;5.0;48,7914100000;2,3197900000;
;5;75;75113;2;3;1.0;6.0;48,8271093629;2,3671433330;
;1;60;60057;2;1;1.0;2.0;49,4270247699;2,1006417273;
;1;92;92007;2;1;1.0;7.0;48,7976024310;2,2972031236;
;1;75;75112;2;1;1.0;6.0;48,8376710000;2,4008090000;
;1;60;60057;2;9;1.0;6.0;49,4255725837;2,1074813604;
;1;24;24011;1;1;1.0;3.0;45,2192240000;0,8379830000;
;5;75;75112;2;2;1.0;3.0;48,8432090000;2,3703550000;
;3;41;41204;1;1;1.0;1.0;47,6348000000;1,4155630000;
;2;75;75107;2;2;1.0;6.0;48,8610560000;2,3132360000;
;1;59;59599;2;2;1.0;5.0;50,7239505282;3,1622117758;
;1;59;59512;2;1;7.0;6.0;50,6808968525;3,1851392984;
;5;75;75104;2;3;1.0;3.0;48,8520840000;2,3654080000;
;1;12;12131;1;1;1.0;1.0;44,3852633402;2,6376199723;
;1;59;59220;2;1;1.0;3.0;50,6055848840;3,0587911604;
;5;75;75101;2;2;1.0;7.0;48,8683560000;2,3303040000;
;5;91;91665;2;1;1.0;7.0;48,6609100000;2,2689930000;
;5;94;94067;2;1;1.0;7.0;48,8384910000;2,4175560000;
;1;59;59636;2;6;1.0;3.0;50,6887900000;3,0650800000;
;1;84;84056;1;1;1.0;7.0;44,1306940000;4,9341060000;
;5;94;94015;2;1;1.0;1.0;48,8334800000;2,5294400000;
;1;59;59107;2;1;1.0;7.0;51,0720440000;2,5305730000;
;1;59;59457;2;1;1.0;3.0;50,6659200000;2,9699100000;
;5;94;94028;2;1;1.0;3.0;48,7789400000;2,4551700000;
;5;30;30282;2;2;1.0;6.0;44,1451840000;4,4892780000;
;1;59;59350;2;2;1.0;3.0;50,6183400253;3,0735728145;
;1;94;94017;2;1;1.0;6.0;48,8181900000;2,4922400000;
;2;59;59350;2;1;7.0;3.0;50,6449300000;3,0511300000;
;2;93;93062;2;6;1.0;6.0;48,8995900000;2,5176200000;
;1;30;30047;1;2;1.0;3.0;43,8126400000;4,4169710000;
;1;76;76709;2;1;1.0;6.0;49,4829460000;0,8079010000;
;3;93;93014;1;1;1.0;2.0;48,9206400000;2,5587300000;
;1;59;59272;2;2;1.0;3.0;50,9884100000;2,1107400000;
;1;76;76312;2;1;1.0;6.0;49,4845690000;1,7172570000;
;1;93;93045;2;1;8.0;6.0;48,8830217881;2,4265220761;
;1;59;59273;1;3;1.0;1.0;51,0052130309;2,1339440346;
;1;93;93045;2;1;1.0;6.0;48,8788910000;2,4126320000;
;2;33;33320;1;1;1.0;6.0;44,9913040000; -0,0641850000;
;1;57;57221;2;3;1.0;3.0;49,3162862285;6,1254682390;
;5;93;93031;2;2;1.0;7.0;48,9573100000;2,3098100000;
;1;57;57672;2;1;1.0;6.0;49,3593600000;6,1380600000;
;1;93;93008;2;1;5.0;6.0;48,9097000000;2,4472000000;
;3;69;69284;1;1;1.0;5.0;45,8763710000;4,8830580000;
;1;92;92075;2;1;8.0;3.0;48,8230240000;2,2957860000;
;1;49;49368;1;1;7.0;2.0;47,3986760000;0,0274600000;
;1;92;92073;2;3;1.0;7.0;48,8721053718;2,2335028052;
;1;57;57631;2;1;1.0;1.0;49,1100694466;7,0381025280;
;1;46;46128;1;1;1.0;5.0;44,7810510000;1,7322080000;
;1;56;56260;2;6;1.0;3.0;47,6653300000; -2,7507900000;
;1;29;29078;2;1;1.0;6.0;48,3253130000; -4,1624420000;
;5;92;92049;2;2;1.0;3.0;48,8173090000;2,3288550000;
;1;56;56162;1;6;1.0;7.0;47,7086124600; -3,4217083000;
;1;44;44116;2;6;1.0;3.0;47,2815440000; -2,0250250000;
;2;92;92049;2;1;1.0;6.0;48,8147400000;2,3088040000;
;1;56;56121;2;1;1.0;6.0;47,7342200000; -3,3890900000;
;1;29;29227;1;1;1.0;3.0;48,3272320000; -3,6254980000;
;5;92;92048;2;1;1.0;3.0;48,7821822852;2,2262804210;
;1;55;55545;2;1;7.0;7.0;49,1481800000;5,4021200000;
;5;31;31006;2;1;1.0;6.0;43,5513940000;1,7837230000;
;1;92;92025;2;3;2.0;3.0;48,9356580000;2,2608910000;
;2;03;03246;1;1;1.0;6.0;46,3252130000;2,4462010000;
;1;54;54395;2;1;1.0;3.0;48,6920344578;6,2003177404;
;5;92;92025;2;2;1.0;3.0;48,9338777627;2,2555559277;
;1;01;01374;1;1;1.0;3.0;46,1001430000;5,3223190000;
;5;92;92019;2;1;1.0;3.0;48,7708706361;2,2851642966;
;5;54;54395;2;5;1.0;3.0;48,6869300000;6,1950200000;
;1;01;01093;1;2;1.0;3.0;46,1152380000;4,9363590000;
;2;57;57694;1;3;8.0;3.0;49,1486710000;6,2473050000;
;1;22;22206;2;1;1.0;6.0;48,5424200000; -2,9695270000;
;1;72;72080;1;1;1.0;6.0;48,1681250000;0,6493090000;
;1;54;54547;2;1;1.0;2.0;48,6510616089;6,1410838366;
;1;64;64320;1;1;1.0;7.0;42,8720261780; -0,3971524595;
;3;33;33254;1;3;1.0;3.0;44,5224200000; -0,0464240000;
;1;54;54549;2;4;1.0;5.0;48,6363700000;6,3117200000;
;1;16;16081;1;1;1.0;6.0;45,8266010000;0,0539660000;
;1;16;16287;1;1;1.0;6.0;45,5755330000;0,0360600000;
;1;21;21106;1;1;8.0;3.0;47,2448040000;5,0986860000;
;1;54;54099;1;1;7.0;2.0;49,2738500000;5,9103000000;
;1;07;07020;1;1;2.0;7.0;44,5722040000;4,6317670000;
;2;83;83148;1;1;1.0;3.0;43,4265310000;6,3984330000;
;1;61;61001;2;9;1.0;7.0;48,4325800000;0,0825800000;
;1;54;54099;1;1;1.0;7.0;49,2554200000;5,9975400000;
;2;68;68254;1;1;1.0;6.0;47,7420070000;7,5051480000;
;1;40;40266;1;1;1.0;6.0;44,0970170000; -1,2323780000;
;1;35;35238;2;1;1.0;6.0;48,0971455971; -1,6647545993;
;1;51;51454;2;2;1.0;7.0;49,2560000000;4,0554000000;
;1;24;24007;1;3;1.0;7.0;45,2687730000;0,3187970000;
;1;35;35338;1;3;1.0;3.0;48,0518510000; -1,2434940000;
;1;31;31555;2;1;7.0;3.0;43,5876300000;1,4606600000;
;5;51;51454;2;5;1.0;7.0;49,2554870000;4,0464720000;
;3;06;06064;1;1;1.0;7.0;43,7710740000;7,1766300000;
;1;27;27229;2;2;1.0;6.0;49,0278100000;1,1494800000;
;1;04;04141;1;2;1.0;1.0;44,0246240000;5,7169330000;
;1;51;51454;2;2;1.0;3.0;49,2575000000;4,0494700000;
;1;83;83034;2;1;1.0;4.0;43,0985400000;6,0653700000;
;1;29;29019;2;1;1.0;6.0;48,3897580000; -4,4851940000;
;1;17;17233;1;1;1.0;7.0;45,4455220000; -0,3813780000;
;5;83;83118;2;1;1.0;7.0;43,4315400000;6,7877500000;
;1;30;30028;2;9;1.0;6.0;44,1628000000;4,6224000000;
;3;79;79079;1;1;1.0;1.0;46,9659660000; -0,8430990000;
;1;51;51454;2;1;1.0;2.0;49,2401201875;4,0205830336;
;3;37;37006;1;1;1.0;1.0;47,2744903425;0,5853062868;
;1;80;80164;2;2;6.0;3.0;49,9207500000;2,3679800000;
;1;08;08311;2;1;1.0;6.0;49,6048140000;5,0850710000;