Num_Acc;lum;departement;commune;agglomeration;intersection;meteo;type_collision;lat;long;date
;3;82;82025;1;1;2.0;6.0;43,9417340000;1,3249630000;
;5;974;97416;1;1;1.0;2.0; -21,3040800000;55,4595400000;
;1;79;79329;2;1;6.0;7.0;46,9891600000; -0,2103400000;
;1;973;97302;2;1;1.0;3.0;4,9192400000; -52,3176200000;
;1;51;51454;2;2;1.0;3.0;49,2633600000;4,0280700000;
;5;987;98738;1;1;1.0;2.0; -17,6180000000; -149,5490000000;
;2;76;76391;1;1;6.0;1.0;49,3021080000;0,9717720000;
;5;49;49218;2;2;1.0;3.0;47,2705850000; -1,0283000000;
;1;973;97302;2;1;1.0;3.0;4,9309900000; -52,3055300000;
;1;31;31254;2;6;1.0;6.0;43,5456010000;1,5059320000;
;5;76;76231;2;9;2.0;6.0;49,2899100000;1,0009400000;
;1;51;51454;2;2;1.0;1.0;49,2528730000;4,0272050000;
;3;39;39476;1;6;1.0;6.0;47,0035700000;5,3548160000;
;1;973;97302;2;1;1.0;3.0;4,9289253714; -52,3161756992;
;1;971;97107;2;1;1.0;6.0;16,1047720000; -61,5652050000;
;1;51;51454;2;1;1.0;2.0;49,2501400000;4,0525600000;
;2;77;77382;2;1;8.0;7.0;48,9008340000;2,8585130000;
;5;74;74012;2;3;2.0;3.0;46,1918100000;6,2483800000;
;1;69;69388;2;2;8.0;3.0;45,7320800000;4,8677000000;
;1;29;29030;2;1;1.0;2.0;48,6622712997; -4,1154718100;
;1;77;77349;1;1;1.0;7.0;49,0915810000;2,6354800000;
;1;50;50129;2;1;1.0;3.0;49,6482600000; -1,6436100000;
;1;74;74012;2;1;1.0;3.0;46,1917000000;6,2299000000;
;1;2B;2B182;1;1;1.0;1.0;42,5715080000;9,0150820000;
;1;50;50129;2;1;1.0;3.0;49,6299900000; -1,6178600000;
;5;972;97209;1;3;1.0;3.0;14,6150200000; -61,0618600000;
;5;73;73008;2;4;1.0;1.0;45,7045600000;5,8909100000;
;2;31;31478;1;2;2.0;3.0;43,4334600000;1,8954310000;
;3;34;34154;1;1;1.0;4.0;43,5605690000;4,0336350000;
;1;49;49007;2;2;1.0;3.0;47,4556700000; -0,5300000000;
;5;69;69382;2;5;1.0;3.0;45,7636700000;4,8384800000;
;1;72;72181;2;1;2.0;2.0;47,9938900000;0,2170800000;
;1;83;83115;2;1;1.0;6.0;43,3067440000;6,6408710000;
;1;31;31234;1;2;8.0;3.0;43,7212110000;1,0985680000;
;1;49;49353;2;6;1.0;3.0;47,4568000000; -0,5112000000;
;5;68;68224;2;2;2.0;3.0;47,7529800000;7,3557200000;
;1;69;69149;2;3;1.0;4.0;45,7179000000;4,8099000000;
;1;49;49007;2;1;1.0;7.0;47,4980700000; -0,5565000000;
;1;13;13097;2;9;1.0;3.0;43,6302980000;4,8063580000;
;2;67;67204;1;1;1.0;2.0;48,6237400000;7,7528400000;
;1;71;71571;1;1;1.0;6.0;46,4010200000;4,4536580000;
;1;49;49353;2;1;1.0;6.0;47,4419400000; -0,4843500000;
;1;03;03158;1;9;1.0;6.0;46,4407260000;2,7055440000;
;1;49;49007;2;1;1.0;7.0;47,4732400000; -0,5457800000;
;1;2B;2B033;2;1;1.0;3.0;42,7000000000;9,4500000000;
;1;66;66136;2;3;1.0;6.0;42,6895600000;2,8844700000;
;1;13;13071;2;1;1.0;3.0;43,4137800000;5,3553000000;
;3;54;54532;1;1;1.0;1.0;48,7999665660;5,9470367431;
;2;01;01098;1;1;1.0;1.0;45,7949170000;5,6824950000;
;1;2B;2B033;2;9;1.0;2.0;42,6641400000;9,4425900000;
;1;49;49246;2;1;1.0;2.0;47,4484900000; -0,5119000000;
;3;01;01163;1;1;1.0;3.0;46,3536780000;5,1429190000;
;1;13;13204;2;1;1.0;2.0;43,3165533935;5,3970745754;
;5;66;66136;2;3;1.0;3.0;42,7153500000;2,8937500000;
;5;971;97101;1;1;1.0;6.0;16,2621751190; -61,5019690990;
;1;01;01262;2;6;7.0;3.0;45,8480650000;5,0577620000;
;3;47;47323;1;1;1.0;7.0;44,4470300000;0,7389400000;
;1;13;13098;1;1;1.0;7.0;43,4553800000;5,0047600000;
;1;01;01386;1;1;1.0;6.0;45,8892540000;5,3710060000;
;5;64;64348;2;3;2.0;7.0;43,3227200000; -0,3793700000;
;1;95;95051;2;1;1.0;6.0;49,0106740929;2,1932959557;
;1;47;47323;2;1;1.0;6.0;44,4069700000;0,7080800000;
;5;13;13028;2;1;1.0;6.0;43,1762017989;5,6105964108;
;5;64;64024;2;1;2.0;6.0;43,5024800000; -1,4931400000;
;1;33;33447;2;1;1.0;6.0;45,0118660000; -0,0501680000;
;1;06;06069;2;1;1.0;7.0;43,6516700000;6,9289500000;
;3;58;58035;2;1;1.0;1.0;47,0748070000;3,4176980000;
;1;45;45234;2;1;1.0;3.0;47,8948426355;1,8956351280;
;1;95;95488;1;1;1.0;4.0;49,0129900000;2,1718600000;
;1;64;64024;2;3;1.0;3.0;43,4899200000; -1,5040200000;
;1;33;33519;1;2;1.0;3.0;44,9214140000; -0,6736480000;
;1;95;95063;2;1;1.0;6.0;48,9244400000;2,2088900000;
;1;06;06069;2;4;1.0;3.0;43,6665400000;6,9405400000;
;2;22;22274;1;1;1.0;1.0;48,3790620000; -2,0184330000;
;3;50;50639;2;1;5.0;6.0;48,8415870000; -1,2273790000;
;5;63;63113;2;3;1.0;3.0;45,7924900000;3,0916400000;
;3;59;59357;1;1;1.0;6.0;50,2694220000;3,8542270000;
;1;91;91027;2;6;1.0;3.0;48,7218800000;2,4047800000;
;1;75;75112;2;4;2.0;4.0;48,8443760000;2,4139040000;
;1;21;21208;2;1;1.0;1.0;47,5405200000;4,9673870000;
;1;45;45284;2;1;1.0;4.0;47,9243800000;1,9611800000;
;2;59;59599;2;5;6.0;1.0;50,7129500000;3,1561100000;
;1;59;59212;2;1;1.0;6.0;50,6441970000;2,7237890000;
;1;04;04123;1;1;1.0;6.0;44,2448920000;5,8906460000;
;1;44;44184;2;1;1.0;6.0;47,2985200000; -2,1863400000;
;1;91;91027;2;9;1.0;6.0;48,7167900000;2,3885400000;
;1;75;75112;2;5;1.0;3.0;48,8341980000;2,4107640000;
;1;17;17218;2;7;1.0;6.0;46,3087810000; -0,9934470000;
;5;59;59183;2;1;6.0;6.0;51,0330630928;2,3684596717;
;1;43;43157;2;1;1.0;6.0;45,0420300000;3,8840600000;
;1;91;91687;2;9;1.0;2.0;48,6633400000;2,3686880000;
;1;30;30339;1;1;9.0;7.0;44,0942490000;3,5482670000;
;3;57;57631;2;1;3.0;6.0;49,1002584000;7,0489860000;
;1;75;75113;2;2;1.0;3.0;48,8256650000;2,3820670000;
;3;30;30212;1;1;1.0;6.0;43,9473800000;4,5593800000;
;3;83;83062;1;1;1.0;2.0;43,1464800000;6,0319800000;
;1;42;42218;2;2;1.0;6.0;45,4240100000;4,3974400000;
;1;75;75112;2;1;1.0;6.0;48,8413730000;2,4510540000;
;5;89;89024;2;2;1.0;3.0;47,8010600000;3,5813200000;
;1;42;42218;2;1;2.0;6.0;45,4467300000;4,3849700000;
;1;69;69266;1;1;1.0;2.0;45,7588100000;4,9092900000;
;1;35;35352;1;1;1.0;2.0;48,0485950000; -1,6084030000;
;1;57;57019;2;4;1.0;1.0;49,2581400000;6,1343400000;
;1;88;88209;2;9;2.0;3.0;48,1956700000;6,4377000000;
;1;75;75110;2;2;1.0;2.0;48,8736390000;2,3750160000;
;3;57;57221;1;1;1.0;2.0;49,3467502903;6,1122769117;
;2;35;35210;1;6;1.0;3.0;48,1367990000; -1,7718890000;
;5;42;42187;2;2;1.0;3.0;46,0670800000;4,0788700000;
;3;56;56098;1;3;2.0;6.0;47,7806910000; -3,3088160000;
;1;87;87085;2;6;1.0;7.0;45,8808900000;1,2946300000;
;1;75;75107;2;2;2.0;3.0;48,8640670000;2,3201260000;
;2;42;42279;2;3;1.0;3.0;45,5079900000;4,2693950000;
;1;54;54498;2;1;1.0;2.0;48,7203381376;6,2670564651;
;1;86;86194;2;1;1.0;6.0;46,5900620000;0,3454846000;
;1;33;33119;1;1;1.0;4.0;44,8530720000; -0,5050910000;
;1;42;42187;2;9;1.0;3.0;46,0483414902;4,0866325371;
;5;94;94077;2;6;2.0;2.0;48,7310590000;2,4184150000;
;3;77;77001;1;9;1.0;2.0;48,3642300000;2,5708000000;
;1;45;45284;2;1;2.0;3.0;47,9174475872;1,9514223933;
;5;33;33249;1;1;1.0;3.0;44,8837210000; -0,5199790000;
;5;93;93055;2;1;1.0;6.0;48,8906607029;2,4003671046;
;2;987;98725;2;1;1.0;3.0; -17,5580060000; -149,4759840000;
;1;83;83069;2;1;6.0;3.0;43,1078700000;6,1218800000;
;1;37;37261;2;2;1.0;3.0;47,3864626212;0,6860118359;
;5;41;41018;2;1;1.0;7.0;47,5923600000;1,3081100000;
;1;92;92019;1;1;1.0;4.0;48,7598940918;2,2783368620;
;1;77;77382;2;1;2.0;3.0;48,9039800000;2,8797480000;
;1;35;35238;2;1;1.0;6.0;48,1050592427; -1,6942327917;
;1;82;82033;1;1;1.0;1.0;44,0416710000;1,1291400000;
;1;38;38185;2;3;1.0;3.0;45,1709700000;5,7237600000;
;1;92;92051;2;9;8.0;4.0;48,8813097763;2,2715751529;
;1;34;34032;2;1;1.0;7.0;43,3458000000;3,2166800000;
;1;78;78498;2;1;7.0;6.0;48,9352100000;2,0593600000;
;1;91;91338;1;9;8.0;1.0;48,6548270000;2,0694880000;
;1;91;91103;1;1;1.0;5.0;48,6232800000;2,2952300000;
;2;38;38185;2;1;1.0;3.0;45,1819700000;5,7249100000;
;1;92;92020;2;2;1.0;6.0;48,8069670221;2,2935676575;
;1;76;76540;2;1;1.0;6.0;49,4290400000;1,0951800000;
;5;33;33318;2;2;1.0;3.0;44,7823478023; -0,6889736652;
;5;2B;2B148;2;1;1.0;1.0;42,5451570000;9,4487810000;
;1;38;38179;1;1;1.0;6.0;45,1654300000;5,8008700000;
;1;78;78551;1;1;1.0;4.0;48,9125120000;2,1052610000;
;1;37;37122;2;1;1.0;7.0;47,3417451356;0,6639144570;
;1;74;74298;1;1;2.0;3.0;46,1720500000;6,2520000000;
;1;92;92062;2;4;9.0;3.0;48,8941219961;2,2373051047;
;5;33;33039;2;2;1.0;3.0;44,8041900000; -0,5584700000;
;1;66;66069;1;3;1.0;3.0;42,8039630000;2,8384910000;
;2;92;92004;1;1;1.0;4.0;48,9149443909;2,3096857048;
;1;73;73065;2;6;8.0;6.0;45,5857980000;5,9232870000;
;1;37;37261;2;1;1.0;3.0;47,4067200000;0,7055300000;
;1;92;92024;2;1;1.0;2.0;48,9034539645;2,3125740588;
;1;66;66182;2;1;1.0;7.0;42,7283418459;3,0152159929;
;1;33;33063;2;1;2.0;6.0;44,8433900000; -0,5545200000;
;1;71;71040;2;1;8.0;7.0;46,6891000000;4,3874400000;
;1;92;92036;1;1;1.0;2.0;48,9465157059;2,2827709006;
;1;37;37261;2;6;1.0;3.0;47,4247200000;0,7120800000;
;1;44;44180;2;1;1.0;6.0;47,5196930000; -1,1876230000;
;1;34;34165;1;1;1.0;1.0;43,5106820000;3,6833920000;
;1;31;31555;2;1;1.0;6.0;43,5804000000;1,4609200000;
;1;37;37195;2;1;1.0;6.0;47,3858819554;0,6577366590;
;1;13;13107;1;1;1.0;1.0;43,4290810000;5,4578550000;
;1;71;71270;2;3;1.0;3.0;46,3288300000;4,8394400000;
;1;93;93030;1;1;1.0;4.0;48,9393811589;2,4190314011;
;1;67;67535;1;1;1.0;1.0;48,9039690000;7,4372940000;
;1;30;30007;2;6;1.0;2.0;44,1388200000;4,0845500000;
;5;89;89257;2;1;1.0;7.0;47,9641400000;3,5128230000;
;3;69;69266;2;2;1.0;6.0;45,7790000000;4,8652000000;
;1;37;37214;2;1;1.0;3.0;47,3992515357;0,6738406420;
;1;93;93005;1;1;1.0;2.0;48,9538445287;2,4735206786;
;1;17;17094;2;1;1.0;1.0;46,0879550000; -1,0964980000;
;1;29;29232;1;3;1.0;6.0;47,9656800000; -4,0840900000;
;1;88;88270;2;1;1.0;2.0;48,3223810000;5,5765810000;
;1;35;35238;2;1;1.0;6.0;48,0828120748; -1,6768527031;
;5;69;69290;2;1;1.0;6.0;45,7073100000;4,8983400000;
;2;63;63113;2;1;1.0;6.0;45,7754700000;3,0962200000;
;2;28;28273;1;1;2.0;1.0;48,2160380000;0,9505750000;
;2;33;33165;2;1;2.0;6.0;44,8227410000; -0,4277210000;
;1;27;27229;2;1;1.0;6.0;49,0120000000;1,1680000000;
;1;69;69256;2;1;1.0;3.0;45,7854800000;4,9129200000;
;2;68;68162;2;1;1.0;7.0;48,1379670000;7,2686720000;
;5;27;27540;2;1;1.0;6.0;49,0832060000;1,5854320000;
;1;35;35238;1;1;1.0;2.0;48,0827792311; -1,6978441292;
;1;31;31483;2;1;1.0;6.0;43,1325700000;0,7036400000;
;1;17;17300;2;1;1.0;3.0;46,1608400000; -1,1884300000;
;1;11;11172;1;1;1.0;2.0;43,2654473457;2,7181726411;
;1;69;69266;2;2;7.0;3.0;45,7593000000;4,8903000000;
;1;27;27016;2;3;1.0;3.0;49,2442450000;1,4040130000;
;1;92;92012;2;1;1.0;2.0;48,8308207641;2,2342586517;
;5;41;41256;1;1;1.0;6.0;47,3500940000;2,0493900000;
;1;13;13206;2;9;1.0;3.0;43,2828800000;5,3924200000;
;1;35;35189;1;1;1.0;5.0;48,1491996034; -1,6994516551;
;1;69;69264;2;4;8.0;2.0;45,9896424331;4,7216094980;
;3;60;60148;1;1;1.0;3.0;49,1255660000;2,8488030000;
;1;35;35281;2;1;1.0;6.0;48,0641300000; -1,7258090000;
;1;63;63113;2;2;1.0;6.0;45,7680000000;3,0866200000;
;1;13;13214;2;1;1.0;1.0;43,3181437143;5,3802709464;
;1;28;28006;1;2;1.0;3.0;48,4544170000;1,4042710000;
;1;67;67482;2;3;1.0;3.0;48,5964800000;7,7387500000;
;2;60;60700;1;2;1.0;2.0;49,3819050000;2,1481600000;
;1;29;29019;2;2;1.0;6.0;48,3827476680; -4,5154096480;
;1;10;10387;2;3;3.0;3.0;48,2928600000;4,0910200000;
;1;35;35238;2;3;1.0;7.0;48,1059720000; -1,6777510000;
;3;22;22084;1;1;1.0;6.0;48,3660850000; -2,3268700000;
;1;66;66136;2;1;1.0;6.0;42,6814900000;2,8941200000;
;5;06;06069;2;1;1.0;;43,6544130000;6,9187600000;
;5;80;80672;2;1;1.0;1.0;49,9639200000;2,5632320000;
;1;35;35238;2;1;1.0;3.0;48,1081080000; -1,6897570000;
;1;973;97302;2;2;1.0;3.0;4,9339826615; -52,3330454528;
;1;34;34114;1;1;1.0;6.0;43,6456410000;3,5505730000;
;1;59;59400;2;6;1.0;3.0;50,6428302659;2,6411043074;
;1;66;66136;2;3;1.0;3.0;42,6953400000;2,9022500000;
;5;63;63113;2;1;1.0;6.0;45,7650500000;3,1232400000;
;1;06;06123;2;2;1.0;3.0;43,6838160000;7,1875600000;
;1;35;35281;2;3;1.0;6.0;48,0931512930; -1,7040463686;
;1;62;62361;2;1;1.0;3.0;50,2758630000;2,2962900000;
;3;13;13071;1;1;1.0;2.0;43,3745800000;5,3195700000;
;1;66;66136;2;1;1.0;1.0;42,6696300000;2,8980700000;
;1;34;34172;2;8;1.0;6.0;43,5910400000;3,8908300000;
;1;75;75102;2;3;1.0;3.0;48,8670310000;2,3529480000;
;1;75;75105;2;1;2.0;3.0;48,8421970000;2,3599210000;
;1;64;64102;2;1;3.0;1.0;43,4839000000; -1,4767200000;
;1;56;56112;1;1;1.0;6.0;47,8792830000; -2,5048400000;
;1;33;33167;1;1;1.0;2.0;44,8382290000; -0,5009750000;
;1;34;34172;2;2;1.0;1.0;43,6152190000;3,8789190000;
;1;75;75117;2;2;2.0;3.0;48,8962460000;2,3222250000;
;1;94;94075;2;3;1.0;3.0;48,7274169888;2,5310249627;
;1;33;33063;1;1;1.0;2.0;44,8799600000; -0,5371900000;
;1;63;63075;2;1;1.0;2.0;45,7741900000;3,0636700000;
;1;74;74275;1;1;1.0;5.0;45,8094180000;6,2316510000;
;1;59;59509;1;1;5.0;6.0;50,3990761600;3,1108152866;
;3;82;82023;1;1;1.0;6.0;43,9410460000;1,1322140000;
;1;59;59599;2;4;2.0;6.0;50,7360430000;3,1733500000;
;1;75;75118;2;1;1.0;5.0;48,9007010000;2,3344520000;
;1;91;91689;1;1;1.0;7.0;48,7325800000;2,3154300000;
;1;974;97416;2;3;1.0;1.0; -21,3413200000;55,4816100000;
;2;33;33063;2;3;1.0;3.0;44,8315133664; -0,5586585402;
;2;75;75116;2;1;2.0;6.0;48,8432036986;2,2694519162;
;1;91;91228;1;1;1.0;7.0;48,6227400000;2,4218400000;
;1;61;61429;1;1;1.0;1.0;48,6262930000;0,7304350000;
;1;59;59009;2;1;1.0;3.0;50,6487960756;3,1784364581;
;1;33;33318;2;1;1.0;6.0;44,8007700000; -0,6704600000;
;1;974;97416;2;1;1.0;2.0; -21,3125900000;55,4744200000;
;1;59;59350;2;1;1.0;6.0;50,6300799582;3,0647295713;
;1;75;75115;2;2;2.0;3.0;48,8501800000;2,2849090000;
;3;92;92019;1;1;1.0;2.0;48,7615359103;2,2503557508;
;1;974;97416;2;1;1.0;6.0; -21,3300000000;55,4731000000;
;1;33;33063;2;2;1.0;6.0;44,8265600000; -0,5911700000;
;1;59;59470;2;1;1.0;6.0;50,6566889937;2,9569745064;
;1;61;61339;2;2;1.0;3.0;48,7190840000; -0,2665040000;
;1;75;75115;2;1;1.0;3.0;48,8462020000;2,2918450000;
;1;91;91692;1;1;1.0;2.0;48,6748600000;2,1935900000;
;1;33;33063;2;2;1.0;3.0;44,8482136869; -0,5709242821;
;3;973;97302;2;2;1.0;3.0;4,9395783713; -52,3340405524;
;1;42;42293;2;3;1.0;6.0;46,0036650000;4,2807250000;
;1;78;78158;1;1;1.0;3.0;48,8399260000;2,1167560000;
;1;59;59648;2;1;2.0;3.0;50,5895000000;3,0510000000;
;1;75;75114;2;2;8.0;3.0;48,8278270000;2,3303420000;
;1;33;33063;2;1;1.0;6.0;44,8741500000; -0,5736900000;
;1;69;69388;2;3;1.0;2.0;45,7342300000;4,8763400000;
;3;93;93006;1;1;1.0;2.0;48,8656415092;2,4185431419;
;3;34;34096;1;1;1.0;7.0;43,5637410000;3,1765080000;
;1;75;75114;2;2;2.0;6.0;48,8375520000;2,3229510000;
;1;33;33281;2;2;1.0;3.0;44,8544205766; -0,6579566002;
;1;69;69387;2;1;1.0;2.0;45,7295900000;4,8436300000;
;2;94;94069;1;9;1.0;2.0;48,8172046066;2,4285178250;
;1;57;57463;1;1;1.0;6.0;49,1156000000;6,1973900000;
;1;75;75114;2;2;2.0;3.0;48,8226523164;2,3226562142;
;1;68;68134;1;1;1.0;6.0;48,0184920000;7,3420860000;
;1;56;56107;2;1;1.0;1.0;47,7278400000; -3,3808700000;
;5;69;69383;2;3;1.0;6.0;45,7499400000;4,8605100000;
;1;81;81144;1;1;1.0;3.0;43,9615832095;2,1776694059;
;1;75;75112;2;1;2.0;3.0;48,8470490000;2,3841500000;
;1;33;33281;2;1;1.0;3.0;44,8561000000; -0,6543500000;
;1;25;25084;1;2;2.0;3.0;47,1444670000;5,8899810000;
;5;69;69387;2;1;1.0;6.0;45,7487700000;4,8344000000;
;1;54;54547;2;1;1.0;2.0;48,6676729835;6,1899751425;
;1;95;95610;2;1;1.0;1.0;49,0838158133;1,8957504630;
;1;31;31145;2;1;1.0;6.0;43,3137790000;1,5389700000;
;1;54;54136;2;9;1.0;3.0;49,1652100000;5,8368200000;
;1;75;75112;2;3;1.0;3.0;48,8292780000;2,3903650000;
;1;31;31024;1;1;1.0;7.0;43,4006820000;1,4855580000;
;1;33;33281;2;4;1.0;3.0;44,8438711604; -0,6735523045;
;4;974;97414;2;4;1.0;6.0; -21,2829610000;55,4375640000;
;1;38;38106;2;9;1.0;6.0;45,0028240000;5,7959640000;
;1;972;97213;1;1;1.0;4.0;14,6114800000; -61,0005700000;
;1;49;49328;2;6;1.0;3.0;47,2600800000; -0,0899700000;
;1;75;75110;2;1;1.0;2.0;48,8701100000;2,3546980000;
;5;59;59650;1;6;1.0;6.0;50,7120132554;3,2011520863;
;1;49;49328;2;1;1.0;2.0;47,2479000000; -0,0921000000;
;1;972;97209;2;1;1.0;3.0;14,6104770000; -61,0477430000;
;1;58;58165;1;1;1.0;1.0;47,3894520000;3,6483190000;
;5;75;75108;2;3;1.0;3.0;48,8752970000;2,3158010000;
;1;33;33529;1;1;1.0;6.0;44,5688000000; -1,2269000000;
;1;49;49328;2;1;1.0;6.0;47,2507000000; -0,0888100000;
;1;58;58109;1;1;2.0;6.0;47,4626610000;3,2936610000;
;5;972;97209;2;1;1.0;6.0;14,6227700000; -61,0607200000;
;1;64;64024;2;3;1.0;3.0;43,4988800000; -1,5277400000;
;1;75;75108;2;7;1.0;3.0;48,8668270000;2,3221070000;
;1;32;32013;1;1;1.0;1.0;43,6357800000;0,6068000000;
;5;69;69081;2;1;1.0;6.0;45,7856700000;4,7651700000;
;1;49;49328;2;1;1.0;1.0;47,2494118133; -0,0643944740;
;1;66;66074;1;1;7.0;2.0;42,6301672597;2,4552981555;
;1;974;97407;2;1;1.0;3.0; -20,9482300000;55,2994200000;
;1;75;75108;2;5;1.0;3.0;48,8778450000;2,3269430000;
;1;32;32013;2;1;1.0;7.0;43,6339800000;0,5822600000;
;5;45;45298;2;6;1.0;7.0;47,8928500000;1,8761400000;
;2;69;69389;2;6;1.0;2.0;45,7753400000;4,8053400000;
;1;75;75107;2;3;6.0;6.0;48,8482720000;2,3157700000;
;1;54;54040;1;1;7.0;1.0;48,5010238200;6,8696951860;
;1;59;59512;2;2;1.0;3.0;50,6902955658;3,1867539883;
;1;45;45234;2;3;1.0;6.0;47,8387900000;1,9370500000;
;1;31;31555;2;3;1.0;3.0;43,5619100000;1,3909100000;
;3;14;14345;1;1;1.0;6.0;48,9701040000; -0,0979110000;
;1;75;75103;2;2;2.0;3.0;48,8654500000;2,3560940000;
;1;69;69382;2;2;1.0;3.0;45,7633700000;4,8342300000;
;1;45;45068;2;3;1.0;6.0;48,0052700000;2,7132200000;
;3;31;31555;2;6;1.0;6.0;43,5966600000;1,4520800000;
;5;06;06088;2;3;1.0;3.0;43,7100900000;7,2589900000;
;1;09;09139;1;1;1.0;3.0;42,5765330000;1,7891620000;
;1;06;06088;2;1;1.0;7.0;43,6683200000;7,2108400000;
;1;95;95539;2;3;1.0;1.0;48,9958725751;2,3572701216;
;1;45;45338;1;1;3.0;3.0;47,9801170000;2,6745470000;
;5;75;75102;2;2;2.0;5.0;48,8663440000;2,3520510000;
;1;31;31555;2;4;1.0;3.0;43,5675500000;1,3973000000;
;1;45;45093;1;1;7.0;3.0;48,0244330000;1,8644570000;
;1;85;85039;1;1;1.0;7.0;47,0008280000; -1,2120260000;
;5;44;44184;2;1;1.0;7.0;47,2388050000; -2,2859190000;
;1;94;94078;2;1;1.0;6.0;48,7513900000;2,4457300000;
;1;10;10426;1;1;1.0;7.0;48,1116690000;4,7834940000;
;1;91;91161;2;1;1.0;2.0;48,7019200000;2,3139700000;
;1;31;31555;2;1;1.0;1.0;43,5817069089;1,4090099931;
;1;971;97101;2;1;1.0;6.0;16,2542300000; -61,5288700000;
;1;44;44109;2;6;1.0;2.0;47,2181700000; -1,6038000000;
;1;94;94068;2;1;1.0;3.0;48,7948600000;2,5105800000;
;1;91;91027;2;6;7.0;6.0;48,7064000000;2,3953400000;
;1;94;94037;2;1;2.0;6.0;48,8131500000;2,3493700000;
;1;16;16280;2;1;1.0;6.0;45,7456430000;0,3842370000;
;5;77;77284;2;1;2.0;3.0;48,9619100000;2,8971700000;
;1;31;31555;2;2;1.0;3.0;43,5678200000;1,3768000000;
;1;43;43041;2;2;1.0;3.0;45,0498183273;3,9047464728;
;1;89;89387;2;9;1.0;6.0;48,1996600000;3,2815500000;
;1;04;04240;1;1;1.0;1.0;44,1624270000;6,6083620000;
;1;94;94059;2;2;8.0;5.0;48,8057100000;2,5667800000;
;1;38;38185;2;1;1.0;3.0;45,1923458274;5,7219350338;
;1;31;31483;1;1;1.0;3.0;43,1557100000;0,7516500000;
;5;54;54578;2;2;1.0;3.0;48,6717400000;6,1511300000;
;1;85;85246;1;1;1.0;7.0;46,7273700000; -1,1735670000;
;1;94;94055;2;1;1.0;3.0;48,7914000000;2,5535100000;
;5;24;24322;2;1;1.0;6.0;45,1845000000;0,7088400000;
;2;30;30189;2;1;1.0;6.0;43,8275000000;4,3746000000;
;1;38;38151;2;5;2.0;3.0;45,1576500000;5,7194000000;
;1;77;77307;2;1;1.0;6.0;48,8523000000;2,7636300000;
;5;94;94019;2;6;2.0;6.0;48,7918800000;2,5324700000;
;1;33;33063;2;1;1.0;3.0;44,8565300000; -0,5616300000;
;1;37;37203;2;1;1.0;2.0;47,4068309060;0,7443237305;
;1;30;30189;2;4;1.0;6.0;43,8251000000;4,3538000000;
;1;94;94017;2;3;1.0;3.0;48,8269200000;2,5090400000;
;1;77;77458;2;1;1.0;3.0;48,1830000000;2,7359200000;
;1;30;30189;2;1;1.0;7.0;43,8289100000;4,3777400000;
;1;94;94002;2;1;1.0;2.0;48,8048330000;2,4173880000;
;2;05;05061;2;6;1.0;3.0;44,5578650000;6,0687660000;
;1;33;33318;2;3;1.0;2.0;44,8122000000; -0,6472900000;
;1;30;30189;2;3;1.0;3.0;43,8337400000;4,3674300000;
;1;72;72181;1;2;1.0;6.0;47,9833057062;0,2215898035;
;1;93;93031;2;1;1.0;5.0;48,9479400000;2,3319900000;
;1;91;91174;2;3;1.0;6.0;48,6050600000;2,4695600000;
;1;82;82169;1;1;1.0;2.0;44,0412181575;1,0164541408;
;1;33;33039;2;1;1.0;6.0;44,8097433161; -0,5421870947;
;1;30;30027;2;1;1.0;6.0;44,0716000000;4,0503000000;
;1;72;72181;2;9;1.0;6.0;48,0120580000;0,1879010000;
;1;92;92025;2;2;2.0;6.0;48,9104410000;2,2347270000;
;1;91;91228;2;1;1.0;2.0;48,6266700000;2,4415700000;
;1;33;33032;2;1;1.0;6.0;44,8994900559; -0,5097216368;
;1;06;06029;1;9;1.0;2.0;43,5574550000;6,9573900000;
;1;71;71270;2;1;1.0;6.0;46,3069200000;4,8293400000;
;1;30;30007;2;3;1.0;3.0;44,1096000000;4,1124600000;
;1;91;91228;2;3;1.0;6.0;48,6257900000;2,4270500000;
;5;92;92024;2;1;2.0;2.0;48,9027998516;2,3064296544;
;3;988;98808;1;1;3.0;6.0; -21,2769580000;165,6159350000;
;1;32;32013;1;1;1.0;1.0;43,6665100000;0,5430700000;
;1;91;91228;2;1;2.0;6.0;48,6203400000;2,4450600000;
;1;69;69264;2;1;1.0;4.0;45,9993900000;4,7414800000;
;1;29;29051;1;6;1.0;3.0;47,9937946271; -4,0670188665;
;1;31;31555;2;1;1.0;1.0;43,5755400000;1,4208400000;
;1;91;91521;1;1;1.0;7.0;48,6426800000;2,4248300000;
;1;69;69259;2;1;1.0;3.0;45,7229664875;4,8611833155;
;1;29;29232;1;1;1.0;3.0;47,9801470000; -4,0824580000;
;5;988;98817;2;2;3.0;3.0; -22,2289450000;166,5230150000;
;5;92;92002;2;3;1.0;3.0;48,7513500000;2,3045600000;
;1;31;31555;1;1;1.0;2.0;43,6363200000;1,4212800000;
;5;69;69199;1;1;1.0;6.0;45,7111813791;4,8430341482;
;5;91;91228;1;1;1.0;1.0;48,6273200000;2,4428700000;
;1;29;29232;1;1;1.0;6.0;47,9785600000; -4,0173900000;
;4;973;97306;1;1;1.0;6.0;5,5672330000; -53,8824560000;
;1;76;76258;2;2;6.0;6.0;49,6521200000;0,5920710000;
;1;31;31483;2;1;1.0;1.0;43,1081200000;0,7164400000;
;1;29;29232;1;1;1.0;7.0;48,0046400000; -4,1318400000;
;1;30;30259;1;1;1.0;2.0;44,1040430000;4,1009900000;
;1;91;91521;2;1;1.0;6.0;48,6562200000;2,4108100000;
;3;973;97304;1;1;1.0;6.0;5,1071450000; -52,6358410000;
;2;66;66136;1;6;1.0;4.0;42,6781300000;2,8811000000;
;3;17;17401;1;1;1.0;7.0;46,0794080000; -0,4309130000;
;2;29;29051;1;1;2.0;6.0;48,0045300000; -4,0598700000;
;1;67;67322;1;1;1.0;7.0;48,8149750000;7,3049210000;
;1;29;29039;2;6;1.0;6.0;47,8898272448; -3,9168881177;
;2;50;50129;2;2;2.0;6.0;49,6539200000; -1,6492800000;
;1;28;28404;2;1;1.0;3.0;48,7263100000;1,3313100000;
;1;66;66136;2;1;1.0;5.0;42,6797077481;2,8981174529;
;1;71;71150;1;1;1.0;2.0;46,2325040000;4,7943200000;
;1;63;63048;1;1;1.0;2.0;45,6385870000;2,5694700000;
;1;29;29019;2;2;1.0;3.0;48,4011040000; -4,4839780000;
;1;22;22187;2;1;1.0;6.0;48,5347300000; -2,7602200000;
;3;971;97129;1;1;2.0;5.0;16,3464140000; -61,7202260000;
;5;64;64445;2;1;1.0;6.0;43,3140800000; -0,3587100000;
;3;71;71448;1;1;1.0;2.0;46,3834120000;4,8492410000;