Num_Acc;lum;departement;commune;agglomeration;intersection;meteo;type_collision;lat;long;date
;1;29;29019;2;3;7.0;6.0;48,3928840000; -4,4912040000;
;1;67;67343;2;9;1.0;7.0;48,6032110000;7,7010690000;
;5;28;28110;1;9;1.0;6.0;48,4155000000;1,5006300000;
;1;974;97411;1;1;1.0;5.0; -20,8910400000;55,3808700000;
;2;71;71581;1;2;1.0;3.0;46,3514380000;4,0141300000;
;1;68;68249;2;1;8.0;6.0;48,1281060000;7,1668790000;
;1;64;64445;2;2;1.0;3.0;43,2982900000; -0,3583700000;
;1;27;27681;2;1;1.0;6.0;49,0815200000;1,4783900000;
;1;49;49377;1;2;1.0;3.0;47,5887420000; -0,4232310000;
;1;52;52269;2;1;1.0;7.0;47,8575760000;5,3350420000;
;1;24;24322;2;2;1.0;3.0;45,1861800000;0,7040300000;
;1;973;97302;2;1;3.0;7.0;4,9325200000; -52,2903600000;
;1;28;28061;2;1;1.0;3.0;48,2135140000;1,1729300000;
;1;27;27701;1;3;1.0;3.0;49,2563300000;1,1893800000;
;1;64;64445;2;3;1.0;2.0;43,3313680000; -0,3582960000;
;3;22;22360;1;1;1.0;2.0;48,4897700000; -2,7633300000;
;1;13;13038;1;2;1.0;2.0;43,7338480000;4,7341470000;
;5;69;69388;2;1;1.0;3.0;45,7420000000;4,8830000000;
;1;41;41106;1;1;1.0;7.0;47,5905360000;1,9884400000;
;5;88;88196;2;2;1.0;3.0;48,0757670000;6,8822430000;
;1;27;27229;2;1;1.0;2.0;49,0210318348;1,1557102203;
;3;13;13051;1;1;1.0;2.0;43,6194760000;5,1368490000;
;3;17;17051;2;1;1.0;6.0;46,1799010000; -1,3943090000;
;1;64;64445;2;1;1.0;1.0;43,2966800000; -0,3736000000;
;3;35;35231;1;1;1.0;6.0;47,9044929282; -1,6854706407;
;5;69;69388;2;1;1.0;3.0;45,7293582824;4,8536905646;
;1;22;22278;2;1;7.0;5.0;48,5047900000; -2,7429100000;
;3;988;98827;1;1;1.0;7.0; -21,2694700000;165,2903400000;
;1;27;27229;2;1;1.0;2.0;49,0251000000;1,1385700000;
;1;58;58102;1;1;1.0;6.0;47,3876290000;3,1090660000;
;1;33;33539;1;1;1.0;6.0;44,8833100000; -0,3371860000;
;5;63;63113;2;1;1.0;1.0;45,7774200000;3,0968400000;
;1;26;26313;1;1;1.0;3.0;44,9584716719;4,9638247490;
;1;80;80570;2;1;1.0;6.0;49,7719190000;2,4827960000;
;1;988;98811;1;3;1.0;3.0; -21,0681120000;164,8669020000;
;1;17;17300;2;1;1.0;3.0;46,1724400000; -1,2003900000;
;1;91;91433;1;1;8.0;2.0;48,4431100000;2,1755470000;
;1;50;50492;1;1;1.0;4.0;49,1022420000; -0,9521040000;
;1;62;62041;2;1;1.0;3.0;50,2978173926;2,7578652799;
;1;33;33199;2;1;1.0;3.0;44,6239650000; -1,1086530000;
;1;14;14333;2;6;1.0;6.0;49,4182300000;0,2402600000;
;1;80;80806;1;1;1.0;1.0;50,3050797732;1,7189311983;
;1;26;26198;2;1;1.0;6.0;44,5711800000;4,7464300000;
;1;56;56046;1;1;1.0;1.0;47,6423300000; -2,9888770000;
;1;87;87085;1;1;2.0;4.0;45,9127200000;1,2928900000;
;3;13;13201;2;1;1.0;1.0;43,3020400000;5,3823000000;
;1;82;82108;1;1;1.0;6.0;44,0943340000;1,2244600000;
;1;60;60159;2;3;1.0;3.0;49,4200620000;2,8248840000;
;1;25;25204;2;6;7.0;3.0;46,9242300000;6,3369900000;
;3;77;77360;1;1;1.0;1.0;48,7344370000;2,9889680000;
;1;29;29161;2;9;1.0;6.0;47,9014120000; -4,0293970000;
;5;87;87085;2;3;2.0;7.0;45,8250400000;1,2314800000;
;1;60;60057;2;1;1.0;3.0;49,4187367516;2,1141600608;
;1;13;13201;2;1;1.0;3.0;43,3024300000;5,3901800000;
;1;11;11018;1;1;1.0;5.0;43,1904050718;2,2028874682;
;1;70;70285;2;3;1.0;6.0;47,5785300000;6,7590000000;
;1;66;66041;1;1;1.0;7.0;42,7878570000;2,7868040000;
;1;83;83009;2;1;1.0;6.0;43,1362916188;5,7532498240;
;1;76;76647;1;3;1.0;2.0;49,5378540000;0,3719260000;
;1;13;13212;2;7;1.0;2.0;43,3114045820;5,4466235862;
;2;25;25056;2;1;1.0;6.0;47,2537160000;6,0200690000;
;3;89;89277;1;1;1.0;1.0;47,6836640000;3,8698270000;
;5;59;59350;2;3;1.0;3.0;50,6449100000;3,0509800000;
;3;34;34058;1;6;1.0;3.0;43,6680890000;3,9744330000;
;5;25;25056;2;1;1.0;6.0;47,2550920000;6,0165580000;
;1;78;78502;2;2;8.0;2.0;48,8799020000;2,1098350000;
;1;13;13215;2;1;1.0;6.0;43,3776700000;5,3564700000;
;1;60;60259;1;1;1.0;2.0;49,2012660000;2,2633210000;
;1;57;57306;2;1;1.0;6.0;49,3297100000;6,0627900000;
;1;76;76618;2;1;7.0;3.0;49,9360130000;1,3175120000;
;1;25;25056;2;1;1.0;6.0;47,2442030000;5,9868960000;
;1;68;68309;2;3;1.0;3.0;47,6523000000;7,4572760000;
;1;60;60668;1;4;1.0;3.0;49,5034470000;2,0601400000;
;1;13;13208;2;5;1.0;3.0;43,2830700000;5,3890800000;
;2;78;78172;2;2;1.0;1.0;49,0071860000;2,1155600000;
;3;61;61129;1;1;1.0;6.0;48,4745290000;0,6017590000;
;4;67;67131;2;3;1.0;3.0;48,4841720000;7,7167950000;
;1;54;54482;2;2;1.0;3.0;48,7019100000;6,2126000000;
;1;24;24053;2;1;1.0;5.0;45,1765000000;0,7694500000;
;5;72;72181;2;1;1.0;6.0;47,9981300000;0,2148300000;
;1;01;01227;1;1;1.0;6.0;45,7764430000;5,7429310000;
;4;03;03247;1;1;1.0;7.0;46,5936660000;3,1462630000;
;1;13;13215;2;9;1.0;3.0;43,3771000000;5,3563700000;
;2;59;59249;2;3;1.0;3.0;50,0157710000;4,0719530000;
;1;21;21054;2;1;1.0;6.0;47,0149000000;4,8308300000;
;3;68;68288;1;1;2.0;7.0;47,5526650000;7,2596240000;
;5;72;72181;2;1;1.0;3.0;47,9909000000;0,1655500000;
;1;51;51454;2;2;1.0;1.0;49,2460600000;4,0468100000;
;1;51;51454;2;1;1.0;7.0;49,2277600000;4,0360400000;
;5;13;13202;1;1;1.0;2.0;43,3151400000;5,3653400000;
;1;19;19275;2;3;1.0;3.0;45,5427763894;2,3014318943;
;3;76;76647;1;1;1.0;1.0;49,5392390000;0,3759380000;
;3;69;69266;2;1;1.0;3.0;45,7820300000;4,8599400000;
;5;05;05046;2;2;1.0;3.0;44,5551770000;6,4811480000;
;1;10;10297;2;1;2.0;5.0;48,3216000000;4,0988300000;
;1;91;91659;1;1;2.0;7.0;48,5803800000;2,4605400000;
;1;17;17306;2;1;1.0;1.0;45,6242400000; -1,0284000000;
;1;51;51454;2;6;1.0;3.0;49,2136100000;4,0156200000;
;1;80;80436;2;1;1.0;1.0;49,7221210000;1,8360420000;
;1;10;10387;2;1;2.0;7.0;48,2787578483;4,0721002221;
;1;09;09086;1;1;1.0;2.0;43,0351530000;1,0506530000;
;3;93;93064;1;1;9.0;6.0;48,8866469305;2,4790584414;
;2;69;69282;2;1;1.0;3.0;45,7653800000;5,0092000000;
;3;17;17291;2;9;1.0;1.0;46,1717100000; -1,1221900000;
;3;09;09122;2;1;2.0;6.0;42,9780150000;1,6096360000;
;2;62;62265;1;1;8.0;2.0;50,6341380000;2,2393390000;
;1;51;51573;2;1;1.0;3.0;49,2417919605;3,9931306243;
;1;17;17200;1;1;1.0;6.0;46,1773000000; -1,1629900000;
;3;73;73162;1;1;2.0;5.0;45,5930200000;6,2742660000;
;4;76;76165;2;3;1.0;3.0;49,2837200000;1,0168500000;
;1;69;69029;2;3;1.0;3.0;45,7449600000;4,9298000000;
;1;51;51058;2;3;1.0;3.0;49,2235278092;4,0107098222;
;1;06;06069;2;1;1.0;3.0;43,6477850000;6,9279580000;
;1;85;85280;1;1;1.0;3.0;46,8824700000; -1,9627100000;
;1;973;97302;2;1;1.0;2.0;4,9450100000; -52,3133900000;
;3;33;33075;1;1;1.0;2.0;44,8801680000; -0,6269470000;
;1;69;69266;2;1;2.0;3.0;45,7646000000;4,8910800000;
;1;51;51454;2;9;1.0;7.0;49,2654500000;4,0606700000;
;5;15;15014;2;1;1.0;2.0;44,9180820000;2,4288540000;
;1;06;06029;2;2;1.0;1.0;43,5463250000;7,0408180000;
;1;27;27001;1;2;6.0;3.0;49,1706780000;0,6960230000;
;1;94;94034;1;1;1.0;4.0;48,7605303730;2,3196085577;
;5;69;69388;2;3;1.0;3.0;45,7292759006;4,8607662320;
;1;49;49007;2;1;1.0;3.0;47,4699700000; -0,5532000000;
;5;69;69266;2;2;2.0;3.0;45,7549625092;4,8784987525;
;1;14;14540;2;1;1.0;2.0;49,1556300000;0,2407900000;
;1;05;05061;2;9;1.0;7.0;44,5606833924;6,0804444551;
;2;27;27466;1;2;6.0;3.0;49,0709490000;0,8725120000;
;1;972;97209;2;1;1.0;6.0;14,6183700000; -61,0362800000;
;2;95;95582;1;1;1.0;4.0;48,9656566710;2,2585975521;
;1;14;14327;2;1;1.0;6.0;49,2048200000; -0,3474900000;
;5;69;69259;2;1;1.0;1.0;45,6912485405;4,8823249340;
;1;08;08250;1;1;6.0;7.0;49,3693800000;4,5746040000;
;1;49;49007;2;1;1.0;2.0;47,4640400000; -0,5483900000;
;1;04;04112;1;4;1.0;1.0;43,8323465800;5,7623497180;
;5;971;97113;2;3;1.0;3.0;16,2109005618; -61,4734143019;
;3;42;42143;1;1;1.0;7.0;45,7786280000;4,1469530000;
;3;93;93010;1;1;8.0;2.0;48,9174000000;2,4784100000;
;1;49;49007;2;1;1.0;6.0;47,4677000000; -0,5985000000;
;1;14;14327;1;1;8.0;4.0;49,2159700000; -0,3198900000;
;1;69;69029;2;5;1.0;5.0;45,7272100000;4,9271700000;
;5;75;75117;2;1;1.0;3.0;48,9005580000;2,3276200000;
;5;78;78466;2;3;1.0;3.0;48,9251290000;1,9918410000;
;5;971;97113;1;3;1.0;3.0;16,2113744653; -61,4740365744;
;3;77;77495;1;9;1.0;3.0;48,5709730000;2,6410010000;
;1;48;48095;2;1;1.0;1.0;44,5232738007;3,5081201792;
;1;14;14327;2;3;1.0;3.0;49,1879943237; -0,3331995607;
;5;67;67482;2;2;1.0;3.0;48,5780600000;7,7839500000;
;3;94;94018;1;1;1.0;6.0;48,8187818956;2,4078014994;
;1;971;97101;1;9;1.0;3.0;16,2580277779; -61,4567577839;
;1;75;75106;2;2;1.0;3.0;48,8439490000;2,3389600000;
;3;94;94079;1;1;1.0;3.0;48,8286965958;2,5272705307;
;1;45;45302;2;3;1.0;3.0;47,9369370000;1,8890570000;
;1;67;67218;2;8;1.0;3.0;48,5280400000;7,7218500000;
;3;38;38553;1;1;1.0;5.0;45,6303050000;5,1649050000;
;1;13;13071;2;1;1.0;1.0;43,4166180000;5,3642990000;
;1;2A;2A004;2;1;1.0;2.0;41,9484400000;8,7658100000;
;1;94;94017;1;1;1.0;2.0;48,8303228960;2,4893496496;
;1;75;75120;2;2;7.0;3.0;48,8537810000;2,4107480000;
;1;988;98822;1;1;1.0;6.0; -20,9227420000;165,3156190000;
;1;13;13117;2;1;1.0;2.0;43,4209100000;5,2702100000;
;5;65;65440;2;1;2.0;2.0;43,2366321141;0,0542704761;
;5;45;45298;2;1;1.0;1.0;47,8923000000;1,8849400000;
;3;77;77121;1;1;1.0;2.0;48,8317530000;2,6766380000;
;5;972;97230;2;1;1.0;6.0;14,7390910000; -60,9631140000;
;2;95;95252;2;3;2.0;3.0;48,9873542539;2,2136110067;
;1;64;64102;2;6;3.0;6.0;43,4883900000; -1,4816100000;
;2;13;13117;2;3;1.0;3.0;43,4300000000;5,2400000000;
;1;75;75118;2;2;1.0;3.0;48,8986850000;2,3590390000;
;5;48;48095;2;1;1.0;6.0;44,5330930000;3,5007520000;
;1;91;91687;2;2;8.0;6.0;48,6714000000;2,3653000000;
;1;59;59286;2;1;1.0;6.0;50,6102400000;2,9831700000;
;1;45;45340;1;1;1.0;7.0;47,6869831430;2,3646326487;
;1;13;13071;1;1;1.0;3.0;43,4140100000;5,3451300000;
;1;83;83069;2;1;1.0;3.0;43,1175900000;6,1286100000;
;1;75;75118;2;3;1.0;3.0;48,8977590000;2,3334070000;
;2;59;59356;1;1;8.0;3.0;50,6723294229;2,9815020560;
;5;37;37261;2;2;1.0;3.0;47,4188455281;0,6995549798;
;1;78;78443;1;2;1.0;3.0;48,8046020000;1,8677990000;
;1;13;13054;1;1;1.0;3.0;43,4171401009;5,2273002583;
;5;59;59414;2;1;8.0;6.0;50,3642500000;3,1932800000;
;1;83;83061;2;6;1.0;6.0;43,4412100000;6,7378400000;
;1;62;62758;2;9;1.0;3.0;50,7289670000;1,6346780000;
;1;83;83115;2;9;1.0;6.0;43,3052410000;6,6301200000;
;1;71;71540;1;1;2.0;7.0;46,7779300000;4,4433700000;
;1;13;13117;2;2;1.0;3.0;43,4212600000;5,2666800000;
;3;59;59143;1;1;1.0;2.0;50,6607350000;2,9018650000;
;2;67;67001;2;1;1.0;6.0;48,5826940000;7,6299580000;
;1;62;62160;2;3;1.0;6.0;50,7244300000;1,6094500000;
;1;13;13213;2;1;1.0;3.0;43,3247400000;5,4569000000;
;5;75;75118;2;2;1.0;6.0;48,8978000000;2,3374230000;
;1;71;71269;1;1;1.0;1.0;46,7570400000;4,8546200000;
;1;75;75116;2;2;1.0;6.0;48,8681400000;2,2755010000;
;2;57;57511;1;1;1.0;5.0;49,1750270000;6,0834650000;
;3;67;67180;2;1;1.0;7.0;48,8340000000;7,7650000000;
;1;13;13216;1;1;1.0;6.0;43,3598200000;5,2937000000;
;1;75;75116;2;7;1.0;3.0;48,8766360000;2,2752700000;
;3;01;01431;1;1;1.0;6.0;45,9291952777;5,3374738991;
;1;59;59155;2;2;1.0;3.0;51,0189300000;2,3718900000;
;1;65;65286;2;2;1.0;3.0;43,0961300000; -0,0228000000;
;2;13;13213;2;1;1.0;1.0;43,3488146711;5,4453915925;
;2;58;58194;2;3;1.0;2.0;46,9928600000;3,1679000000;
;1;19;19031;2;3;1.0;3.0;45,1608200000;1,5182500000;
;2;75;75116;2;1;1.0;6.0;48,8636460000;2,2976370000;
;3;81;81046;1;3;2.0;1.0;43,8124110000;1,9629850000;
;5;62;62516;2;1;1.0;6.0;50,5514290000;2,4920310000;
;2;13;13204;2;1;1.0;3.0;43,3000000000;5,4000000000;
;5;58;58194;2;1;1.0;1.0;46,9876900000;3,1663500000;
;1;75;75115;2;1;1.0;6.0;48,8393020000;2,2834520000;
;1;85;85092;1;1;1.0;1.0;46,4453000000; -0,8079500000;
;1;974;97416;1;1;1.0;2.0; -21,3372500000;55,5386900000;
;1;58;58194;2;1;1.0;3.0;46,9866500000;3,1594900000;
;5;60;60463;1;1;1.0;3.0;49,2740000000;2,4860000000;
;1;13;13208;2;1;1.0;2.0;43,2728862918;5,3992590308;
;1;56;56121;2;1;1.0;7.0;47,7434530000; -3,3820180000;
;3;85;85119;1;1;2.0;2.0;46,9748410000; -1,1309990000;
;1;974;97416;2;1;1.0;6.0; -21,3432800000;55,4821900000;
;1;75;75114;2;7;1.0;7.0;48,8219340000;2,3254700000;
;1;59;59043;2;3;7.0;3.0;50,7384627167;2,7294319868;
;4;974;97409;2;9;1.0;1.0; -20,9428400000;55,6475800000;
;1;54;54431;2;6;1.0;2.0;48,9011900000;6,0648500000;
;5;56;56260;2;1;1.0;6.0;47,6671359000; -2,7765584000;
;1;35;35273;1;3;1.0;5.0;48,3941160000; -1,2190590000;
;1;75;75114;2;4;3.0;3.0;48,8297014722;2,3261323571;
;1;51;51506;2;1;1.0;7.0;48,9556300000;4,3838800000;
;1;974;97407;2;1;1.0;6.0; -20,9409500000;55,2947400000;
;2;54;54547;2;1;2.0;2.0;48,6596600000;6,1598000000;
;3;27;27031;1;2;6.0;3.0;49,0549770000;1,1089110000;
;1;13;13210;2;1;1.0;2.0;43,2828865823;5,3926604421;
;1;75;75114;2;3;1.0;3.0;48,8224690000;2,3292250000;
;5;69;69387;2;2;1.0;3.0;45,7520700000;4,8466900000;
;1;48;48095;1;1;1.0;3.0;44,5111100000;3,4700400000;
;1;76;76261;1;1;1.0;6.0;49,5774880000;1,5427500000;
;3;54;54382;1;1;1.0;4.0;49,5498300000;5,7922600000;
;1;13;13213;2;3;1.0;3.0;43,3160400000;5,4008700000;
;1;972;97209;2;1;1.0;6.0;14,6059740000; -61,0601570000;
;1;75;75115;2;2;1.0;3.0;48,8436100000;2,2957660000;
;1;59;59357;1;1;6.0;6.0;50,3194798415;3,8760991395;
;1;45;45284;2;3;1.0;3.0;47,9195813160;1,9643238187;
;1;13;13209;2;2;1.0;3.0;43,2628000000;5,4047100000;
;4;54;54099;1;3;2.0;3.0;49,2720300000;5,8912700000;
;5;69;69389;2;5;1.0;3.0;45,7648000000;4,8015900000;
;1;75;75112;2;4;1.0;3.0;48,8262170000;2,4627340000;
;5;35;35238;2;1;2.0;3.0;48,1157400000; -1,7087300000;
;5;13;13207;2;1;1.0;3.0;43,2842800000;5,3496900000;
;1;51;51454;2;1;5.0;7.0;49,2499690566;4,0196308494;
;1;13;13202;1;1;1.0;3.0;43,3019482066;5,3646027613;
;5;69;69149;2;1;1.0;6.0;45,7197450059;4,8106250167;
;1;35;35238;2;1;1.0;2.0;48,0999900000; -1,6486400000;
;5;51;51454;2;1;2.0;7.0;49,2865700000;4,0272600000;
;1;13;13209;2;1;1.0;2.0;43,2674000000;5,4200500000;
;1;75;75112;2;7;1.0;3.0;48,8397370000;2,3962120000;
;5;69;69385;2;1;1.0;7.0;45,7668400000;4,8208600000;
;1;13;13212;2;1;1.0;2.0;43,3040448445;5,4102127798;
;1;34;34108;1;1;1.0;3.0;43,4707800000;3,7678100000;
;1;13;13071;1;1;1.0;2.0;43,4100800000;5,2851200000;
;1;75;75112;2;4;1.0;6.0;48,8533040000;2,3703070000;
;1;69;69034;2;9;1.0;2.0;45,7914200000;4,8408300000;
;1;13;13207;2;1;1.0;6.0;43,2921500000;5,3691100000;
;3;13;13071;1;1;1.0;6.0;43,3983050000;5,2896950000;
;1;69;69034;2;1;1.0;6.0;45,7865800000;4,8345400000;
;5;13;13208;2;1;1.0;3.0;43,2626400000;5,3742500000;
;5;50;50129;2;2;2.0;3.0;49,6334700000; -1,6174000000;
;1;75;75103;2;5;1.0;3.0;48,8648230000;2,3532730000;
;4;69;69199;1;1;1.0;6.0;45,7152700000;4,8434000000;
;1;13;13212;2;1;1.0;3.0;43,3037341669;5,4729434871;
;5;971;97113;1;1;2.0;2.0;16,2174475417; -61,5157395601;
;1;28;28134;1;1;1.0;5.0;48,7470900000;1,4005600000;
;3;49;49267;2;1;2.0;3.0;47,4850300000; -0,4980900000;
;5;13;13208;2;1;1.0;1.0;43,2654000000;5,3805800000;
;3;42;42097;1;1;1.0;2.0;45,5128492265;4,3013119092;
;1;75;75108;2;7;1.0;2.0;48,8666040000;2,3219600000;
;1;95;95488;2;3;1.0;3.0;49,0191210000;2,1587360000;
;1;49;49246;2;1;1.0;2.0;47,4357000000; -0,5205500000;
;5;13;13208;2;1;1.0;3.0;43,2554317379;5,3763782019;
;1;22;22113;2;9;1.0;7.0;48,7334483592; -3,4487554953;
;3;57;57582;1;1;3.0;1.0;49,2822000000;6,1724400000;
;1;91;91027;2;1;1.0;6.0;48,7060800000;2,3900000000;
;1;75;75107;2;1;1.0;1.0;48,8617490000;2,2975620000;
;1;47;47323;2;2;3.0;6.0;44,4061200000;0,7071400000;
;5;14;14327;1;1;1.0;1.0;49,2108976369; -0,3382372856;
;1;67;67218;1;1;1.0;6.0;48,5473100000;7,7274200000;
;1;13;13208;2;6;1.0;3.0;43,2501400000;5,3890900000;
;5;75;75107;2;7;2.0;7.0;48,8542657023;2,3054605722;
;5;87;87085;2;2;1.0;3.0;45,8285900000;1,2561600000;
;5;13;13209;2;1;1.0;7.0;43,2732100000;5,4126000000;
;5;45;45208;2;1;2.0;6.0;47,9980000000;2,7400000000;
;1;33;33192;1;1;1.0;3.0;44,7810650000; -0,6372290000;
;1;13;13209;2;1;1.0;3.0;43,2735065650;5,4133008709;
;5;87;87085;2;1;1.0;6.0;45,8202500000;1,2466800000;
;2;75;75103;2;3;1.0;3.0;48,8666360000;2,3612990000;
;5;44;44184;2;2;1.0;6.0;47,2566900000; -2,2593500000;
;1;83;83137;2;9;1.0;3.0;43,1194150000;5,9384570000;
;1;13;13208;2;3;1.0;3.0;43,2652000000;5,3939000000;
;5;13;13204;2;2;1.0;6.0;43,3030900000;5,4008400000;
;1;75;75104;2;2;1.0;6.0;48,8578760000;2,3502150000;
;1;78;78466;1;1;1.0;4.0;48,9334780000;1,9708860000;
;5;42;42259;2;1;2.0;2.0;45,5479421995;4,6007665409;
;1;95;95572;1;1;6.0;6.0;49,0338915730;2,1031093597;
;1;83;83129;2;6;1.0;7.0;43,0945484875;5,8470118046;
;1;75;75103;2;3;1.0;6.0;48,8608250000;2,3613410000;
;5;42;42187;2;1;1.0;3.0;46,0488399668;4,0766277909;
;2;06;06088;2;4;1.0;2.0;43,7073500000;7,2829200000;
;5;13;13206;2;9;1.0;3.0;43,2909400000;5,3805200000;
;1;83;83129;2;9;1.0;3.0;43,1153742394;5,8488035202;
;1;95;95351;1;1;1.0;2.0;49,0312373549;2,4937006831;
;1;05;05061;2;1;1.0;2.0;44,5317200000;6,0611300000;
;1;13;13005;2;6;1.0;1.0;43,3036000249;5,5718336223;
;2;94;94041;2;1;1.0;1.0;48,8108600000;2,3832400000;
;5;39;39198;2;3;2.0;3.0;47,0978320000;5,5034040000;
;5;81;81004;2;1;1.0;6.0;43,9308034000;2,1639717000;
;1;37;37122;1;1;1.0;7.0;47,3307100000;0,6770300000;
;3;93;93027;1;1;2.0;2.0;48,9285000000;2,4164400000;
;1;13;13005;2;9;1.0;3.0;43,2893117765;5,5983735378;
;1;94;94068;2;1;1.0;2.0;48,8108600000;2,4917000000;
;1;77;77237;2;1;1.0;2.0;48,8499500000;2,7668500000;
;1;75;75106;2;7;8.0;6.0;48,8538800000;2,3440270000;
;1;13;13005;2;1;1.0;1.0;43,2880100000;5,5766500000;
;1;94;94069;1;1;1.0;3.0;48,8175600000;2,4216900000;
;3;35;35281;1;1;1.0;4.0;48,0926600000; -1,7078000000;
;1;94;94042;2;1;2.0;3.0;48,8200920000;2,4748060000;
;1;77;77333;2;1;1.0;3.0;48,2693400000;2,7065000000;
;1;75;75119;2;3;3.0;3.0;48,8826010000;2,3904250000;
;1;95;95585;2;1;1.0;6.0;48,9745881260;2,3764318228;
;1;94;94016;2;9;1.0;2.0;48,7878900000;2,3340300000;
;3;35;35051;1;1;1.0;4.0;48,1152668462; -1,5667104721;
;1;76;76217;2;6;2.0;3.0;49,9154250000;1,0947790000;
;1;03;03185;2;3;1.0;2.0;46,3492100000;2,5833500000;
;1;75;75116;2;2;1.0;3.0;48,8711630000;2,2888550000;
;1;35;35238;2;1;8.0;6.0;48,1279657624; -1,6590468585;
;1;13;13001;1;1;1.0;1.0;43,5684400000;5,4038100000;
;1;94;94076;2;2;8.0;3.0;48,7933180000;2,3539950000;
;1;75;75114;2;1;2.0;6.0;48,8422360000;2,3286240000;
;5;69;69256;2;3;1.0;3.0;45,7865900000;4,9224000000;
;1;976;97611;1;1;1.0;3.0; -12,7931800000;45,1884500000;
;1;13;13001;2;1;1.0;3.0;43,5250183141;5,4269397682;
;1;35;35238;2;1;1.0;6.0;48,1200323665; -1,6370983422;
;5;94;94081;2;1;2.0;1.0;48,7883800000;2,4208100000;
;1;75;75110;2;1;1.0;1.0;48,8810860000;2,3700640000;
;1;69;69259;2;1;1.0;6.0;45,7207872341;4,8589771986;
;1;13;13001;1;1;1.0;3.0;43,4727525508;5,4094504291;
;1;974;97411;2;3;1.0;6.0; -20,8856000000;55,4641400000;
;1;35;35051;1;1;1.0;3.0;48,1183500000; -1,5725800000;
;1;94;94081;2;1;1.0;6.0;48,7787800000;2,3675000000;
;5;75;75103;2;3;2.0;7.0;48,8569975855;2,3673444986;
;1;69;69259;2;3;1.0;3.0;45,7246847964;4,8540392518;
;3;13;13001;1;9;1.0;2.0;43,5053600000;5,3989900000;
;1;94;94078;2;1;2.0;6.0;48,7281618767;2,4437499046;
;1;973;97302;2;1;1.0;6.0;4,9170500000; -52,2986900000;
;1;94;94055;2;3;1.0;6.0;48,7808301845;2,5240284204;
;5;35;35238;2;1;2.0;4.0;48,0837400000; -1,6738000000;
;5;67;67482;2;1;2.0;6.0;48,5560000000;7,7715600000;
;1;11;11262;2;1;1.0;2.0;43,1691600000;2,9830600000;
;1;34;34172;2;1;1.0;5.0;43,5969600000;3,8759000000;
;5;69;69383;2;2;1.0;3.0;45,7569700000;4,8646100000;
;5;66;66136;2;1;1.0;6.0;42,6940800000;2,8881100000;
;1;11;11069;2;1;1.0;7.0;43,1988000000;2,3502000000;
;1;94;94018;2;3;1.0;3.0;48,8253700000;2,4077400000;
;5;94;94042;2;2;1.0;3.0;48,8149210000;2,4631390000;
;2;11;11069;1;1;1.0;6.0;43,2252400000;2,3283200000;
;1;94;94071;2;9;1.0;6.0;48,7715569012;2,5184091926;
;1;34;34003;1;1;1.0;3.0;43,3417100000;3,4855500000;
;5;69;69386;2;1;1.0;6.0;45,7674168979;4,8545756936;
;1;66;66136;2;1;1.0;3.0;42,6712600000;2,8952900000;
;5;94;94011;2;2;1.0;2.0;48,7624096153;2,4795008727;
;5;66;66136;2;1;1.0;6.0;42,6982700000;2,8891100000;
;5;93;93071;2;1;1.0;6.0;48,9409400000;2,5106000000;
;1;11;11069;2;1;1.0;3.0;43,2356100000;2,3663000000;
;5;94;94019;2;1;1.0;7.0;48,7951930000;2,5245400000;
;5;33;33192;2;1;1.0;6.0;44,7820500000; -0,6076700000;
;1;69;69383;2;2;1.0;3.0;45,7596800000;4,8490800000;
;1;94;94037;2;1;2.0;2.0;48,8151000000;2,3329600000;
;1;64;64335;1;1;1.0;3.0;43,3446000000; -0,4304600000;
;1;10;10387;2;1;1.0;6.0;48,2748247197;4,0764856339;
;1;93;93066;2;2;1.0;6.0;48,9196570000;2,3617780000;
;2;33;33063;2;1;2.0;3.0;44,8727174996; -0,5597394705;
;1;94;94018;2;2;1.0;3.0;48,8178339988;2,4195443094;
;1;69;69259;2;1;1.0;3.0;45,7233500000;4,8652400000;
;1;64;64348;2;6;1.0;3.0;43,3220700000; -0,4013500000;
;1;10;10321;2;1;1.0;2.0;48,2915025939;4,0344285965;
;1;94;94043;2;1;8.0;4.0;48,8114693424;2,3620133399;
;1;93;93064;2;2;1.0;3.0;48,8713000000;2,4864300000;
;5;31;31555;2;1;1.0;1.0;43,6194300000;1,4667400000;
;1;93;93066;2;2;1.0;3.0;48,9296434395;2,3565376539;
;1;69;69388;2;3;1.0;3.0;45,7378900000;4,8648500000;
;1;63;63193;1;1;1.0;5.0;45,7858200000;3,2040300000;
;1;93;93050;2;1;2.0;6.0;48,8539007672;2,5388471705;
;1;31;31555;2;1;1.0;6.0;43,5682300000;1,4038500000;
;1;93;93064;2;1;1.0;6.0;48,8649664176;2,4877864122;
;1;10;10387;2;1;1.0;3.0;48,2996539222;4,0765982866;
;5;63;63113;2;1;1.0;6.0;45,7736800000;3,0801100000;
;1;93;93029;2;3;1.0;3.0;48,9172434488;2,4459859037;
;1;31;31555;2;1;1.0;6.0;43,5954900000;1,4193300000;
;1;69;69386;2;2;8.0;3.0;45,7717700000;4,8551300000;
;5;93;93050;2;1;1.0;1.0;48,8659100000;2,5235200000;
;1;10;10387;2;1;1.0;6.0;48,3030368409;4,0771293640;
;1;93;93053;2;1;1.0;2.0;48,8945900000;2,4490600000;
;1;93;93047;2;3;1.0;6.0;48,8989600000;2,5860900000;
;1;63;63113;2;1;1.0;2.0;45,7711100000;3,0900300000;
;5;69;69384;2;1;1.0;3.0;45,7727700000;4,8131200000;
;5;93;93048;2;1;1.0;6.0;48,8551780966;2,4199780449;
;1;07;07186;2;1;1.0;1.0;44,7257190000;4,6003980000;
;1;29;29039;2;6;1.0;2.0;47,8885224200; -3,9184910000;
;1;92;92062;2;1;8.0;2.0;48,8851069067;2,2392588258;
;5;59;59350;2;3;1.0;6.0;50,6199726067;3,0428910255;
;5;93;93053;2;9;8.0;3.0;48,9024661801;2,4629405737;
;5;29;29019;2;1;3.0;6.0;48,4179854235; -4,4871293915;
;5;69;69389;2;2;8.0;3.0;45,7700700000;4,8045600000;
;2;93;93046;2;1;2.0;2.0;48,9176514318;2,5341464707;
;1;06;06088;2;1;1.0;;43,6974300000;7,2731300000;
;1;92;92012;2;2;1.0;3.0;48,8255387877;2,2418863177;
;1;93;93032;2;1;1.0;1.0;48,8756900000;2,5305600000;
;1;2B;2B033;2;1;1.0;7.0;42,6959300000;9,4468600000;
;5;93;93032;2;1;1.0;6.0;48,8880000000;2,5440000000;
;2;28;28272;1;1;1.0;7.0;48,2432350000;1,1585160000;
;1;56;56121;2;3;1.0;7.0;47,7571500000; -3,3553700000;
;1;06;06088;2;2;1.0;3.0;43,6942800000;7,2566200000;