Num_Acc;lum;departement;commune;agglomeration;intersection;meteo;type_collision;lat;long;date
;1;91;91549;2;1;1.0;1.0;48,6534200000;2,3158500000;
;1;93;93030;2;3;2.0;6.0;48,9579200000;2,4158800000;
;1;93;93048;2;2;1.0;6.0;48,8633240000;2,4666580000;
;1;63;63264;1;1;8.0;7.0;45,6384000000;2,8453000000;
;3;91;91377;2;1;1.0;7.0;48,7329200000;2,3007700000;
;2;88;88492;1;1;8.0;7.0;48,0960360000;7,0244590000;
;1;06;06088;2;6;1.0;3.0;43,7309100000;7,2882700000;
;1;54;54304;2;3;1.0;6.0;48,6945483441;6,1279892921;
;5;93;93055;2;1;2.0;3.0;48,8946100000;2,4210700000;
;1;22;22278;2;1;1.0;2.0;48,5067600000; -2,7493300000;
;5;93;93006;2;2;1.0;3.0;48,8742400000;2,4280500000;
;1;06;06083;2;1;1.0;;43,7743000000;7,4924100000;
;5;54;54395;2;9;9.0;7.0;48,7000154309;6,1660712957;
;5;17;17415;2;1;1.0;7.0;45,7416630000; -0,6500860000;
;1;41;41256;1;1;2.0;2.0;47,3524460000;2,0502380000;
;1;93;93005;2;6;3.0;3.0;48,9319661713;2,4908250433;
;2;06;06104;2;1;1.0;6.0;43,7545350000;7,4424620000;
;1;93;93057;2;2;1.0;3.0;48,9102110000;2,5100930000;
;5;83;83137;2;3;1.0;3.0;43,1203362166;5,9488959610;
;1;51;51454;2;2;1.0;3.0;49,2560700000;4,0554200000;
;5;92;92064;2;1;1.0;7.0;48,8593730000;2,2102950000;
;1;25;25618;1;1;1.0;6.0;47,4313970000;6,6992570000;
;1;06;06069;1;1;1.0;2.0;43,6463140000;6,9629790000;
;1;92;92020;2;1;2.0;7.0;48,7980292946;2,2789415717;
;1;26;26002;1;1;1.0;6.0;45,2678800000;4,8238080000;
;1;93;93010;2;3;1.0;3.0;48,9070900000;2,4892000000;
;1;81;81004;2;1;2.0;6.0;43,9367987000;2,1468883000;
;1;51;51055;2;1;1.0;4.0;49,2811000000;4,0397000000;
;1;06;06069;2;1;1.0;3.0;43,6455780000;6,9143150000;
;1;92;92026;1;9;3.0;6.0;48,8901065158;2,2511989474;
;2;41;41173;2;1;1.0;6.0;47,8872550000;1,5462340000;
;1;51;51454;2;1;1.0;7.0;49,2414720865;4,0137487650;
;1;06;06029;2;1;1.0;1.0;43,5467000000;7,0322000000;
;1;93;93007;2;3;1.0;3.0;48,9505700000;2,4400700000;
;1;92;92024;2;1;8.0;6.0;48,9010987654;2,3011853993;
;1;47;47131;1;1;1.0;7.0;44,5655280000;0,1148750000;
;1;80;80632;2;2;1.0;5.0;49,8768100000;2,2589000000;
;1;06;06029;2;1;1.0;6.0;43,5530680000;7,0249380000;
;1;50;50129;2;2;2.0;4.0;49,6297040000; -1,6424150000;
;1;92;92050;2;1;1.0;6.0;48,8853186436;2,1957370341;
;1;19;19097;1;1;1.0;1.0;45,2997080000;2,0764900000;
;1;92;92024;2;2;1.0;3.0;48,9011215544;2,3136688024;
;1;92;92050;2;1;1.0;6.0;48,9187000000;2,2226700000;
;1;06;06155;2;3;1.0;6.0;43,5686940000;7,0742080000;
;1;78;78311;2;2;1.0;6.0;48,9217700000;2,1877200000;
;1;47;47001;2;1;1.0;2.0;44,2017100000;0,6319400000;
;1;76;76381;1;1;1.0;1.0;49,7745483535;1,6181015968;
;1;05;05061;1;1;1.0;7.0;44,5513070000;6,0303810000;
;1;92;92024;2;1;1.0;2.0;48,9078000000;2,2999100000;
;5;78;78586;2;1;1.0;3.0;48,9461400000;2,2039800000;
;1;92;92050;2;1;1.0;6.0;48,8874294379;2,1990490258;
;1;76;76245;1;1;1.0;7.0;49,5504050000;1,0474990000;
;4;92;92004;2;1;1.0;7.0;48,9095173244;2,2931331396;
;1;45;45169;2;3;1.0;3.0;47,9163700000;1,8301500000;
;1;05;05023;2;6;1.0;3.0;44,8957600000;6,6327700000;
;2;92;92020;2;1;8.0;2.0;48,8067799055;2,2932323813;
;1;78;78650;2;2;1.0;3.0;48,8980400000;2,1239300000;
;1;04;04112;2;1;1.0;6.0;43,8312200000;5,7844200000;
;1;49;49244;2;3;8.0;3.0;47,3493130000; -0,8666590000;
;1;92;92049;2;1;1.0;6.0;48,8151833439;2,3206611871;
;1;44;44184;2;2;1.0;3.0;47,2823600000; -2,2064200000;
;2;65;65007;1;1;1.0;6.0;43,3177550000;0,0703600000;
;1;02;02059;2;1;1.0;2.0;49,6529100000;3,3481800000;
;5;77;77296;1;1;6.0;3.0;48,6257500000;2,5761600000;
;1;01;01053;2;1;1.0;6.0;46,2071300000;5,2298000000;
;1;92;92023;2;1;1.0;4.0;48,7777900000;2,2327300000;
;1;38;38394;1;1;1.0;1.0;45,1029290000;5,2507220000;
;3;77;77505;1;1;1.0;2.0;48,9146030000;2,9772950000;
;1;37;37261;2;1;1.0;6.0;47,4312082033;0,6905400753;
;5;76;76351;2;2;2.0;6.0;49,4940800000;0,1384600000;
;1;75;75112;2;1;1.0;2.0;48,8289990000;2,4001340000;
;3;70;70206;1;1;2.0;6.0;47,6052480000;6,7722880000;
;1;92;92012;2;2;1.0;3.0;48,8400800000;2,2374500000;
;1;972;97221;1;1;1.0;3.0;14,5246820000; -60,9842970000;
;5;33;33550;2;3;1.0;3.0;44,7933094720; -0,5674843490;
;1;74;74118;2;4;1.0;2.0;46,1808000000;6,2297800000;
;1;75;75114;2;1;1.0;4.0;48,8250360000;2,3035490000;
;2;26;26105;1;1;5.0;7.0;44,4510530000;5,3706410000;
;1;33;33385;2;1;1.0;2.0;45,0795360000;0,0151010000;
;1;88;88089;1;1;3.0;3.0;48,1886790000;6,7921900000;
;1;33;33063;2;6;1.0;3.0;44,8662024773; -0,5752345920;
;3;26;26065;1;1;1.0;7.0;44,7093780000;4,9544930000;
;1;71;71270;2;1;2.0;3.0;46,2978900000;4,8195300000;
;1;75;75114;2;1;1.0;2.0;48,8219220000;2,3167330000;
;1;64;64061;2;1;8.0;6.0;43,4016530000; -0,5860570000;
;1;32;32013;2;3;1.0;6.0;43,6360300000;0,5836100000;
;1;26;26108;1;1;2.0;3.0;44,7243490000;4,9962040000;
;1;71;71076;2;6;1.0;3.0;46,7725749136;4,8590678219;
;1;33;33287;1;9;1.0;3.0;44,5699720000;0,0170640000;
;5;75;75116;2;1;1.0;2.0;48,8572460000;2,2584890000;
;1;31;31555;2;1;1.0;6.0;43,6015900000;1,4503590000;
;1;35;35006;2;1;1.0;6.0;48,0568480000; -1,1534040000;
;2;69;69256;2;1;1.0;3.0;45,7802900000;4,9140900000;
;1;75;75116;2;4;1.0;3.0;48,8448280000;2,2548020000;
;1;31;31022;2;1;1.0;1.0;43,6653500000;1,4301800000;
;1;05;05036;1;1;1.0;5.0;44,6361240000;6,5654900000;
;1;75;75117;2;1;1.0;6.0;48,8881980000;2,2923650000;
;1;69;69264;2;6;1.0;2.0;45,9953700000;4,7208000000;
;5;62;62817;2;1;8.0;6.0;50,2789310000;2,8191450000;
;1;73;73105;1;1;1.0;6.0;45,4655100000;5,7365880000;
;1;29;29051;1;1;1.0;3.0;48,0024800000; -4,0433800000;
;3;974;97422;2;1;1.0;3.0; -21,2764680000;55,4972840000;
;1;75;75117;2;1;1.0;3.0;48,8950310000;2,3065890000;
;1;62;62133;2;6;1.0;6.0;50,4222550000;2,9113990000;
;1;34;34270;2;1;7.0;2.0;43,5743050000;3,8219170000;
;1;36;36143;1;1;1.0;6.0;46,6574976961;1,9398808479;
;1;29;29232;2;1;1.0;6.0;48,0110000000; -4,0912500000;
;1;83;83048;2;6;1.0;6.0;43,1884630000;6,5810810000;
;1;59;59378;2;1;7.0;6.0;50,6667963858;3,0776336789;
;1;35;35251;1;9;1.0;2.0;48,2349500000; -1,6217000000;
;5;19;19031;2;1;1.0;2.0;45,1565700000;1,5205900000;
;1;75;75117;2;1;1.0;3.0;48,8983510000;2,3146430000;
;1;07;07129;1;1;1.0;7.0;44,9795000000;4,6158560000;
;1;51;51573;2;1;1.0;3.0;49,2405100000;3,9909300000;
;3;74;74083;2;1;1.0;6.0;45,8954260000;6,6415140000;
;5;17;17300;2;1;1.0;7.0;46,1427600000; -1,1392000000;
;1;07;07157;1;1;1.0;7.0;44,6189740000;4,7359230000;
;1;974;97413;1;1;1.0;5.0; -21,1362510000;55,2791850000;
;1;49;49015;2;1;1.0;7.0;47,5203300000; -0,5898400000;
;1;75;75114;2;1;1.0;4.0;48,8235200000;2,3103580000;
;1;14;14574;1;1;1.0;7.0;49,1153200000;0,1957000000;
;1;80;80118;2;4;2.0;6.0;50,2630370000;2,0151490000;
;1;24;24301;1;1;1.0;7.0;45,0479440000;1,3774060000;
;1;13;13117;2;1;8.0;1.0;43,4218900000;5,2868200000;
;5;49;49007;2;6;1.0;3.0;47,4678600000; -0,5207800000;
;5;75;75116;2;1;1.0;3.0;48,8705970000;2,2723520000;
;3;71;71064;1;1;1.0;1.0;46,5789820000;5,2760020000;
;5;42;42103;1;1;8.0;2.0;45,5046200000;4,5664600000;
;1;13;13213;2;1;1.0;1.0;43,3328700000;5,4363400000;
;5;75;75119;2;4;1.0;7.0;48,9001930000;2,3810270000;
;1;17;17104;1;1;1.0;2.0;45,2846550000; -0,2422360000;
;1;49;49261;1;1;1.0;1.0;47,3679840000; -0,2531150000;
;2;62;62465;1;2;1.0;3.0;50,1909150000;2,5653260000;
;1;13;13213;2;1;1.0;3.0;43,3334974806;5,4400308430;
;1;37;37214;2;1;1.0;1.0;47,3977101124;0,6679451466;
;1;08;08448;2;3;1.0;6.0;49,8846640000;4,8213080000;
;1;42;42101;1;1;1.0;6.0;45,3631820000;4,5533180000;
;2;35;35278;1;1;1.0;6.0;48,1416948687; -1,6669794917;
;1;13;13212;2;1;1.0;3.0;43,3072744575;5,4238262773;
;5;75;75119;2;4;1.0;3.0;48,8922990000;2,3953520000;
;1;57;57089;1;1;1.0;5.0;49,0501990000;7,5053410000;
;1;47;47210;1;3;1.0;3.0;44,2619360000;0,3478770000;
;1;35;35238;2;6;1.0;3.0;48,1041600000; -1,6501800000;
;1;13;13201;2;1;1.0;2.0;43,3003000000;5,3806700000;
;1;57;57169;2;1;1.0;6.0;48,7414250000;7,2339120000;
;1;34;34032;2;1;1.0;7.0;43,3433600000;3,2250200000;
;1;10;10060;1;1;1.0;1.0;48,2609842339;4,0948212147;
;1;68;68205;1;5;1.0;3.0;47,9045620000;7,4017810000;
;3;57;57727;1;1;1.0;7.0;48,8915500000;6,4132050000;
;2;976;97613;1;1;1.0;1.0; -12,7516080000;45,0916240000;
;1;33;33281;2;2;2.0;3.0;44,8507300000; -0,6785000000;
;1;06;06069;2;9;1.0;3.0;43,6361424514;6,9513577223;
;1;68;68068;2;1;2.0;6.0;47,6315580000;7,1105040000;
;1;56;56108;1;1;7.0;6.0;47,7143400000; -2,5154010000;
;5;06;06069;2;1;1.0;3.0;43,6387669142;6,9501024485;
;1;56;56011;1;1;1.0;7.0;47,6065170000; -2,2248330000;
;1;31;31555;2;1;1.0;5.0;43,6006220000;1,4645440000;
;3;28;28199;1;1;1.0;3.0;48,2037580000;1,8495550000;
;2;59;59318;1;1;1.0;6.0;50,8837410000;2,5756820000;
;1;22;22015;1;2;1.0;3.0;48,3925950000; -2,5750280000;
;5;02;02722;2;3;1.0;3.0;49,3888200000;3,3371200000;
;1;29;29051;2;1;1.0;1.0;48,0062700000; -4,0308800000;
;1;30;30189;1;1;1.0;4.0;43,8087340000;4,3394280000;
;1;44;44128;1;1;1.0;6.0;47,5741660000; -1,9188740000;
;3;988;98823;1;1;2.0;7.0; -21,0857010000;165,4174410000;
;1;74;74036;1;2;1.0;3.0;45,8731830000;6,2121220000;
;1;29;29039;1;9;8.0;1.0;47,9157900000; -3,9425700000;
;1;78;78618;2;1;1.0;6.0;48,8842550000;1,5911520000;
;5;31;31375;2;1;1.0;2.0;43,2141570000;1,2238120000;
;2;75;75108;2;2;1.0;6.0;48,8670500000;2,3206610000;
;1;27;27528;2;6;1.0;3.0;49,2530600000;1,1941500000;
;1;76;76086;1;1;1.0;1.0;49,6656672821;0,9993106127;
;2;31;31403;1;1;1.0;1.0;43,7873050000;1,3066200000;
;2;75;75101;2;2;1.0;7.0;48,8631130000;2,3497430000;
;1;83;83115;2;1;1.0;6.0;43,3079730000;6,6399320000;
;5;26;26362;1;1;1.0;7.0;44,9368000000;4,9350000000;
;1;92;92025;2;1;8.0;6.0;48,9237661662;2,2524083555;
;1;83;83113;1;1;1.0;7.0;43,7128280000;5,8567540000;
;1;31;31202;2;1;1.0;5.0;43,8314500000;1,3923450000;
;1;79;79003;1;3;1.0;7.0;46,2696580000; -0,4264010000;
;3;17;17028;1;6;3.0;6.0;46,1315700000; -1,1023800000;
;1;02;02010;1;1;8.0;6.0;49,4697870000;3,4474590000;
;1;75;75117;2;1;1.0;3.0;48,8785510000;2,2808110000;
;1;04;04171;1;1;1.0;1.0;43,7958300000;6,3824720000;
;1;79;79109;1;2;1.0;7.0;46,4237480000; -0,4083180000;
;1;13;13042;1;1;1.0;7.0;43,3060880000;5,6662630000;
;5;13;13210;2;1;1.0;1.0;43,2807690910;5,4072644368;
;2;03;03176;1;1;3.0;3.0;46,3912350000;3,3067670000;
;2;75;75112;2;1;1.0;6.0;48,8440460000;2,3692400000;
;3;71;71326;1;1;5.0;6.0;46,8601360000;5,3759120000;
;3;64;64105;1;1;2.0;7.0;43,3602900000; -1,0810270000;
;1;75;75106;2;2;1.0;6.0;48,8431220000;2,3264260000;
;1;68;68296;2;1;1.0;2.0;48,2325400000;7,3660250000;
;1;13;13002;2;3;1.0;1.0;43,3418000000;5,4715900000;
;1;75;75115;2;3;1.0;7.0;48,8446250000;2,2969000000;
;1;67;67257;1;1;1.0;7.0;48,9508870000;7,8246050000;
;1;89;89044;1;1;7.0;2.0;47,5262140000;3,7805840000;
;1;13;13201;2;1;1.0;1.0;43,2992500000;5,3858600000;
;1;68;68205;1;1;8.0;4.0;47,9079710000;7,3662900000;
;3;67;67348;1;1;1.0;1.0;48,4608880000;7,4458550000;
;1;13;13047;1;1;1.0;1.0;43,5432160000;4,9557060000;
;1;75;75112;2;1;1.0;4.0;48,8395430000;2,3752550000;
;2;74;74212;2;1;1.0;6.0;46,0156720000;6,3959820000;
;1;34;34221;1;1;1.0;7.0;43,7117040000;3,6085800000;
;1;31;31192;2;3;2.0;3.0;43,5020480000;1,6168950000;
;1;42;42193;1;1;1.0;1.0;45,8031170000;4,2738710000;
;1;12;12100;1;6;2.0;3.0;44,5425100000;2,3077600000;
;1;25;25370;2;1;1.0;7.0;47,4404180000;6,7853770000;
;5;75;75108;2;3;1.0;1.0;48,8656160000;2,3035770000;
;5;987;98747;1;1;1.0;2.0; -17,7278810000; -149,3257960000;
;1;10;10362;2;1;2.0;6.0;48,2979200000;4,0534560000;
;1;26;26169;2;1;1.0;1.0;44,4786870000;4,7392970000;
;1;25;25021;2;1;1.0;1.0;47,0338170000;5,7966880000;
;5;75;75107;2;3;1.0;3.0;48,8624260000;2,3116410000;
;1;19;19038;1;1;1.0;6.0;45,2194780000;1,7018660000;
;1;06;06088;2;1;1.0;3.0;43,6949590000;7,2674420000;
;1;75;75104;2;3;1.0;3.0;48,8546480000;2,3477230000;
;1;33;33240;2;6;1.0;3.0;45,3108350000; -0,9390470000;
;5;75;75117;2;3;1.0;6.0;48,8773880000;2,2840220000;
;1;68;68298;1;1;7.0;3.0;48,2455860000;7,2181360000;
;1;29;29216;1;1;2.0;1.0;47,9789780000; -4,2035150000;
;5;94;94078;2;6;2.0;3.0;48,7345300000;2,4638800000;
;1;76;76147;1;1;1.0;6.0;49,7343836638;1,3802486658;
;5;75;75117;2;7;2.0;6.0;48,8854010000;2,2972680000;
;1;13;13081;1;1;1.0;7.0;43,4938500000;5,2401100000;
;3;38;38134;1;1;1.0;3.0;45,4449580000;4,9960700000;
;1;75;75116;2;2;2.0;6.0;48,8622844502;2,2383154929;
;1;94;94015;2;4;1.0;6.0;48,8381820000;2,5213250000;
;1;74;74079;2;1;1.0;7.0;45,8513980000;6,3286610000;
;1;13;13215;1;1;1.0;2.0;43,3721500000;5,3613300000;
;3;01;01304;2;6;1.0;3.0;46,0494930000;5,3289140000;
;1;75;75115;2;7;2.0;3.0;48,8335740000;2,3092430000;
;2;94;94076;2;2;8.0;3.0;48,7868800000;2,3618600000;
;1;40;40257;1;3;1.0;7.0;44,3011240000; -1,1754300000;
;1;01;01058;1;1;1.0;1.0;45,6538510000;5,6064500000;
;1;67;67482;1;1;1.0;6.0;48,5885400000;7,7056200000;
;1;75;75113;2;4;1.0;6.0;48,8261580000;2,3585770000;
;1;29;29124;2;1;1.0;6.0;48,5759970000; -4,3185820000;
;1;14;14254;1;1;1.0;1.0;49,1472731800; -0,4187382400;
;1;75;75113;2;1;1.0;6.0;48,8406730000;2,3696340000;
;2;91;91235;1;1;2.0;1.0;48,6254100000;2,3554700000;
;1;94;94028;2;9;3.0;3.0;48,7809500000;2,4573300000;
;1;50;50243;2;1;1.0;6.0;49,0349560000; -1,5197830000;
;1;13;13215;1;1;1.0;2.0;43,3664780000;5,3608340000;
;5;75;75113;2;2;1.0;3.0;48,8322340000;2,3797920000;
;1;94;94043;1;1;1.0;2.0;48,8156746590;2,3565021889;
;1;43;43172;1;1;1.0;7.0;45,1420940000;4,4427250000;
;1;93;93066;2;1;1.0;3.0;48,9154409091;2,3594467694;
;1;13;13215;1;1;1.0;2.0;43,3769100000;5,3585100000;
;1;75;75111;2;2;1.0;6.0;48,8660110000;2,3662950000;
;1;91;91161;1;1;1.0;5.0;48,7103800000;2,3021000000;
;1;13;13214;1;1;1.0;3.0;43,3290000000;5,3780000000;
;5;75;75108;2;5;1.0;7.0;48,8689450000;2,3098510000;
;2;93;93051;2;2;1.0;3.0;48,8294000000;2,5741000000;
;1;36;36126;1;3;1.0;3.0;46,4978670000;1,7619740000;
;2;92;92064;1;1;1.0;6.0;48,8377471332;2,1898883645;
;5;75;75108;2;3;1.0;7.0;48,8670910000;2,3160750000;
;1;33;33063;1;1;1.0;2.0;44,8832200000; -0,5541000000;
;1;07;07181;2;6;1.0;7.0;44,7479980000;4,7460080000;
;3;92;92050;1;1;1.0;6.0;48,8923673365;2,1822202572;
;1;93;93048;2;2;1.0;2.0;48,8568300000;2,4431500000;
;5;59;59646;1;1;1.0;6.0;50,6866885682;3,1364893913;
;5;75;75108;2;7;2.0;3.0;48,8640870000;2,3201160000;
;1;93;93032;2;1;1.0;3.0;48,8835217331;2,5293941204;
;3;95;95572;1;1;1.0;4.0;49,0346875762;2,1135941148;
;1;21;21069;1;1;1.0;1.0;47,3453284520;4,4847770029;
;1;59;59160;1;1;1.0;4.0;50,4209010642;3,6344602704;
;4;77;77058;1;1;1.0;1.0;48,8298618816;2,7470483846;
;1;75;75107;2;3;1.0;2.0;48,8556630000;2,3234150000;
;1;04;04116;2;1;7.0;6.0;44,0304930000;5,9787080000;
;1;93;93027;2;1;1.0;6.0;48,9200000000;2,4100000000;
;1;78;78440;2;6;1.0;6.0;48,9745300000;1,9165800000;
;5;75;75104;2;3;1.0;6.0;48,8548090000;2,3687390000;
;1;94;94034;1;1;2.0;2.0;48,7560300000;2,3413200000;
;1;93;93027;2;2;1.0;3.0;48,9280400000;2,3853300000;
;5;988;98818;2;1;1.0;1.0; -22,2657000000;166,4113700000;
;2;85;85135;2;2;1.0;1.0;46,5392300000; -1,2336400000;
;1;75;75104;2;2;1.0;3.0;48,8535480000;2,3469290000;
;1;78;78490;1;1;1.0;2.0;48,7996750000;1,9651080000;
;1;30;30346;1;1;1.0;6.0;43,9656032396;4,5039732455;
;1;974;97407;2;1;1.0;3.0; -20,9518000000;55,3050000000;
;1;93;93010;2;1;1.0;3.0;48,9053572127;2,4803306854;
;1;75;75104;2;2;1.0;3.0;48,8578750000;2,3502090000;
;1;08;08185;2;1;1.0;6.0;49,9926345445;4,7010074258;
;1;973;97302;2;1;1.0;6.0;4,9148939176; -52,3266604543;
;1;92;92023;1;1;1.0;2.0;48,7768085494;2,2306989883;
;1;94;94081;2;2;1.0;3.0;48,7947300000;2,4179500000;
;1;93;93007;2;1;1.0;1.0;48,9467000000;2,4690400000;
;1;973;97302;2;1;1.0;2.0;4,9185900000; -52,3217100000;
;1;38;38197;1;1;1.0;5.0;45,7548280000;5,0916480000;
;1;94;94067;2;1;1.0;6.0;48,8462200000;2,4187300000;
;1;92;92073;2;1;1.0;6.0;48,8627191151;2,2123900652;
;1;69;69388;2;2;1.0;3.0;45,7268742544;4,8627644777;
;3;976;97617;2;1;1.0;7.0; -12,7898830000;45,1303660000;
;1;78;78423;1;1;1.0;5.0;48,7944380000;2,0494870000;
;1;94;94078;2;1;1.0;3.0;48,7280000000;2,4459000000;
;2;69;69387;2;2;1.0;3.0;45,7516600000;4,8535000000;
;1;92;92076;2;2;1.0;3.0;48,8422751472;2,1670639515;
;1;95;95582;1;1;2.0;3.0;48,9664899506;2,2561159730;
;2;84;84091;1;1;1.0;2.0;44,1729710000;4,7590110000;
;1;92;92051;2;1;8.0;6.0;48,8826294035;2,2769682705;
;1;95;95018;1;1;1.0;2.0;48,9615100000;2,2681600000;
;5;92;92012;2;3;2.0;6.0;48,8328760349;2,2544562220;
;1;92;92002;2;1;1.0;7.0;48,7385559517;2,2760697305;
;3;95;95582;1;1;8.0;6.0;48,9749965805;2,2427773476;
;1;83;83112;2;1;1.0;1.0;43,1747930000;5,7095380000;
;1;93;93010;1;1;1.0;7.0;48,8918257196;2,4732476664;
;1;37;37005;1;1;7.0;6.0;46,9770830000;0,5831020000;
;2;95;95500;1;1;1.0;3.0;49,0363744984;2,0938557386;
;3;12;12281;1;1;1.0;6.0;44,3784820000;2,0244620000;
;1;974;97407;2;1;1.0;6.0; -20,9365100000;55,2897200000;
;1;16;16056;1;1;1.0;2.0;45,6647310000; -0,2186320000;
;5;973;97302;2;1;1.0;6.0;4,9270342779; -52,3221489787;
;1;06;06161;2;1;1.0;6.0;43,6499840000;7,1307850000;
;1;69;69388;2;9;1.0;3.0;45,7321000000;4,8605500000;
;1;81;81077;1;1;1.0;1.0;43,9061330000;2,5376920000;
;1;91;91363;1;1;1.0;7.0;48,6456130000;2,2094320000;
;1;69;69383;2;9;1.0;6.0;45,7586800000;4,8525700000;
;3;17;17407;1;1;1.0;6.0;46,2028510000; -1,0235100000;
;1;69;69259;2;1;1.0;6.0;45,7053900000;4,8875500000;
;1;89;89239;2;1;1.0;3.0;48,1725130000;3,3397410000;
;1;972;97213;2;9;1.0;3.0;14,6175800000; -60,9886500000;
;1;59;59624;2;3;1.0;3.0;50,0366830000;3,3011880000;
;2;59;59349;1;1;1.0;6.0;50,0968410000;3,3771220000;
;5;76;76675;2;1;1.0;7.0;49,6045100000;1,0373070000;
;1;971;97101;1;1;1.0;3.0;16,2563300000; -61,5328400000;
;1;2B;2B096;2;6;1.0;3.0;42,3016980000;9,1653500000;
;1;971;97101;2;9;1.0;6.0;16,2494600000; -61,5348400000;
;1;80;80204;2;3;1.0;3.0;50,0087530000;2,8684400000;
;1;82;82127;1;1;1.0;1.0;44,1644137970;0,9994212760;
;1;971;97101;1;1;1.0;3.0;16,2524900000; -61,5147500000;
;2;61;61345;1;1;1.0;1.0;48,4476360000;0,7766600000;
;1;95;95680;2;1;2.0;1.0;49,0074556241;2,4014461040;
;3;49;49200;1;4;2.0;7.0;47,5500510000; -0,7032430000;
;1;95;95680;2;1;1.0;3.0;49,0011670454;2,4077948928;
;1;42;42019;2;2;1.0;3.0;45,7446060000;4,0050560000;
;5;87;87085;2;3;1.0;3.0;45,8285900000;1,2561500000;
;3;42;42208;1;4;2.0;6.0;45,5305610000;4,4755610000;
;1;22;22351;1;1;1.0;7.0;48,2992110000; -3,5348080000;
;1;39;39056;2;1;1.0;6.0;46,7460670000;5,4537720000;
;1;80;80021;2;1;1.0;1.0;49,9020800000;2,2969900000;
;1;44;44061;2;1;1.0;6.0;47,2439900000; -1,9343290000;
;1;35;35188;2;1;7.0;6.0;48,1357565216; -1,9600899518;
;1;78;78423;2;1;1.0;2.0;48,7775640000;2,0181430000;
;1;29;29150;2;4;1.0;3.0;47,8189000000; -3,6185150000;
;1;01;01374;2;1;1.0;6.0;46,0990177138;5,3163769841;
;5;76;76231;2;1;6.0;3.0;49,2879900000;1,0071000000;
;3;01;01046;1;1;1.0;1.0;46,2316390000;4,9130670000;
;2;76;76575;1;6;2.0;1.0;49,3678760000;1,1067500000;
;1;54;54029;2;1;1.0;6.0;49,3702800000;5,8961600000;
;1;05;05045;1;1;1.0;7.0;44,5385880000;6,4751740000;
;1;76;76552;2;3;1.0;1.0;49,5050833758;0,0862517953;
;1;76;76351;2;1;1.0;6.0;49,4994000000;0,0947100000;
;1;18;18142;1;1;1.0;;46,7426320000;2,5070710000;
;1;43;43036;2;1;1.0;3.0;45,0997680000;3,7993170000;
;1;74;74008;2;1;1.0;3.0;46,1988000000;6,2259000000;
;2;36;36042;1;1;1.0;6.0;46,6561941794;1,5006551074;
;3;16;16119;1;1;1.0;6.0;45,5642730000;0,2739090000;
;1;71;71306;2;1;1.0;6.0;46,6604680000;4,3606770000;
;1;85;85206;2;1;1.0;6.0;46,4602030000; -1,3378380000;
;1;71;71040;2;1;1.0;6.0;46,6918880782;4,3813320994;
;1;30;30276;1;1;1.0;6.0;43,5961600000;4,1957720000;
;2;69;69264;2;1;1.0;3.0;45,9822592254;4,7190517187;
;1;08;08365;2;1;1.0;3.0;49,8417220000;4,5395050000;
;3;49;49323;1;1;1.0;2.0;47,5016050000; -0,4708670000;
;1;64;64024;2;1;8.0;2.0;43,4936700000; -1,5109400000;
;3;01;01032;1;1;1.0;6.0;45,8616460000;5,1659510000;
;1;62;62270;2;1;1.0;6.0;50,4744000000;2,4890100000;
;1;59;59437;2;1;1.0;3.0;50,5695580000;3,0212290000;
;1;56;56260;2;1;1.0;6.0;47,6695000000; -2,7215060000;
;3;27;27517;1;1;2.0;4.0;49,1338230000;1,3152270000;
;1;56;56036;1;1;1.0;6.0;47,7859960000; -3,3333500000;
;1;77;77211;1;2;7.0;3.0;48,5810930000;2,9642970000;
;1;56;56098;2;2;1.0;3.0;47,7570000000; -3,3379700000;
;1;91;91129;2;1;1.0;3.0;48,4840200000;2,3331680000;
;1;56;56121;2;1;1.0;6.0;47,7375600000; -3,3822700000;
;1;30;30307;1;1;1.0;1.0;44,1931070000;4,0434760000;
;3;83;83115;1;1;1.0;6.0;43,3304730000;6,6682130000;
;1;56;56121;2;1;1.0;3.0;47,7644800000; -3,3738200000;
;1;67;67098;1;1;7.0;1.0;48,5415790000;7,4116030000;
;1;55;55545;2;1;1.0;7.0;49,1676600000;5,3939200000;
;1;57;57261;2;3;1.0;3.0;49,0622640000;7,2112990000;
;1;54;54395;2;1;1.0;6.0;48,6824419619;6,1862924695;
;1;01;01049;2;1;1.0;6.0;45,8459390000;5,0389910000;
;1;51;51454;2;1;1.0;3.0;49,2659100000;4,0268400000;
;1;01;01376;1;6;1.0;2.0;45,8210010000;4,9897080000;
;3;01;01099;1;1;1.0;1.0;45,9131380000;5,2530130000;
;1;51;51454;2;2;1.0;3.0;49,2440600000;4,0276400000;
;3;17;17199;1;1;1.0;7.0;45,2740110000; -0,3674840000;
;1;50;50294;2;3;1.0;3.0;49,6030860000; -1,6649120000;
;1;22;22076;1;1;1.0;2.0;48,5408510000; -2,3971440000;
;1;50;50129;2;3;1.0;3.0;49,6375500000; -1,5755800000;
;1;80;80212;2;2;1.0;3.0;49,9115330000;2,5024150000;
;1;49;49007;2;3;1.0;3.0;47,4704000000; -0,5476000000;
;1;13;13215;1;1;1.0;2.0;43,3794464693;5,3541746529;
;1;49;49007;2;2;1.0;3.0;47,4529500000; -0,5387100000;
;3;13;13071;1;1;1.0;4.0;43,4053000000;5,3388800000;
;3;57;57463;1;1;3.0;6.0;49,0912300000;6,2286300000;
;1;33;33162;1;1;1.0;2.0;44,8584596871; -0,6619316339;
;1;42;42218;2;2;1.0;3.0;45,4420900000;4,4083300000;
;1;94;94038;1;1;1.0;3.0;48,7802000000;2,3468000000;
;1;92;92036;1;1;1.0;3.0;48,9348887042;2,2678495223;
;1;41;41018;2;1;1.0;3.0;47,5825000000;1,2980000000;
;1;93;93064;1;1;1.0;5.0;48,8775091635;2,4774153900;
;1;41;41018;2;1;1.0;6.0;47,5825000000;1,3415000000;
;1;75;75112;1;1;1.0;2.0;48,8230000000;2,4629100000;
;3;38;38151;1;1;1.0;2.0;45,1552700000;5,7140000000;
;1;54;54395;2;1;1.0;6.0;48,6859930042;6,1619299650;
;5;75;75119;2;3;1.0;6.0;48,8892580000;2,3748290000;
;1;37;37050;1;9;2.0;6.0;47,3308226996;0,6820482016;
;1;37;37122;2;1;1.0;7.0;47,3458400000;0,6424200000;
;1;33;33192;2;1;1.0;2.0;44,7778800000; -0,5956700000;
;1;33;33318;2;1;1.0;1.0;44,8044900000; -0,6311000000;
;1;31;31555;2;6;1.0;3.0;43,6292300000;1,4493200000;
;5;30;30189;2;3;1.0;3.0;43,8333000000;4,3516200000;
;1;30;30189;2;2;1.0;3.0;43,8139400000;4,3509600000;