Num_Acc;lum;departement;commune;agglomeration;intersection;meteo;type_collision;lat;long;date
;1;27;27289;1;1;1.0;7.0;48,9699630000;0,4343030000;
;1;19;19160;1;1;5.0;3.0;45,5708810000;2,0523390000;
;1;2B;2B050;2;3;1.0;3.0;42,5510095661;8,7659525883;
;3;44;44187;1;1;2.0;6.0;47,1943020000; -2,0514390000;
;3;29;29269;1;1;2.0;6.0;47,9570225850; -3,6382091046;
;1;29;29068;1;1;3.0;1.0;48,5219480000; -3,9900380000;
;2;31;31338;1;4;2.0;1.0;43,6668160000;1,1793240000;
;1;03;03173;1;1;2.0;5.0;46,4581980000;3,9355190000;
;3;18;18011;1;1;2.0;1.0;47,5733450000;2,4004590000;
;3;36;36179;1;1;2.0;1.0;46,9315587262;1,9512909651;
;2;21;21230;2;1;2.0;6.0;47,5213000000;5,0608100000;
;1;88;88161;1;1;8.0;6.0;48,1175310000;6,1915680000;
;3;38;38399;1;1;8.0;1.0;45,5084820000;5,1692500000;
;1;11;11202;2;1;1.0;6.0;42,9054410000;3,0354130000;
;1;988;98803;1;1;1.0;6.0; -21,4978700000;165,4814900000;
;1;973;97305;1;1;1.0;3.0;4,9127440000; -52,3719660000;
;3;37;37072;1;1;2.0;2.0;47,1655550000;0,2682100000;
;5;91;91659;2;1;3.0;6.0;48,5885460000;2,4525780000;
;1;84;84047;2;1;1.0;3.0;43,8995350000;5,3570850000;
;3;84;84103;1;1;1.0;6.0;43,9231670000;5,4670290000;
;5;05;05177;2;1;1.0;6.0;44,5773230000;6,6824700000;
;3;13;13024;1;1;1.0;3.0;43,7157750000;5,2499840000;
;1;14;14191;1;2;1.0;3.0;49,3036789022; -0,4367280006;
;1;60;60022;1;1;8.0;2.0;49,2402798954;2,5187745093;
;1;60;60138;1;1;3.0;7.0;49,2220788101;2,5925858168;
;1;13;13106;1;1;1.0;7.0;43,4005000000;5,3479500000;
;5;69;69283;1;1;5.0;2.0;45,6737679179;4,9489411712;
;3;91;91521;1;1;1.0;2.0;48,6326520000;2,4058490000;
;3;94;94034;1;1;1.0;6.0;48,7577200000;2,3350200000;
;1;92;92019;1;9;1.0;6.0;48,7712223777;2,2434182043;
;1;92;92026;1;1;1.0;5.0;48,8892486093;2,2466463337;
;1;93;93064;1;1;1.0;7.0;48,8840659937;2,4915683270;
;1;92;92036;1;1;2.0;4.0;48,9406783537;2,2926308104;
;1;77;77468;1;1;1.0;2.0;48,8537209917;2,6629423098;
;1;94;94074;1;1;1.0;4.0;48,7690354532;2,4499019295;
;1;91;91549;2;9;2.0;6.0;48,6411400000;2,3373910000;
;1;86;86194;2;1;1.0;6.0;46,5662270000;0,3869240000;
;1;976;97611;2;1;1.0;2.0; -12,7994700000;45,2156000000;
;1;974;97411;2;9;1.0;3.0; -20,8976200000;55,4834800000;
;5;974;97409;2;9;2.0;3.0; -20,9515810000;55,6558420000;
;3;974;97409;2;2;2.0;3.0; -20,9688120000;55,6555570000;
;3;974;97409;2;3;1.0;3.0; -20,9688730000;55,6659600000;
;5;69;69387;2;2;1.0;6.0;45,7490800000;4,8534800000;
;5;69;69388;2;2;1.0;3.0;45,7405600000;4,8638400000;
;3;972;97209;1;1;1.0;2.0;14,6183193307; -61,0358387232;
;1;972;97209;2;9;1.0;3.0;14,6031271698; -61,0663488507;
;5;69;69382;2;2;1.0;3.0;45,7432200000;4,8228200000;
;1;69;69382;2;1;1.0;3.0;45,7634500000;4,8357600000;
;1;971;97120;2;1;1.0;6.0;16,2471400000; -61,5383500000;
;1;17;17415;2;3;3.0;3.0;45,7460010000; -0,6694630000;
;5;15;15014;2;2;2.0;3.0;44,9165530000;2,4367500000;
;1;75;75119;2;1;1.0;3.0;48,8848550000;2,3980600000;
;1;13;13205;2;1;1.0;2.0;43,2923900000;5,3967900000;
;1;75;75113;2;1;1.0;2.0;48,8252370000;2,3855290000;
;5;75;75114;2;4;1.0;3.0;48,8208300000;2,3217210000;
;1;13;13210;2;1;1.0;3.0;43,2769500000;5,4191500000;
;2;13;13212;2;1;2.0;6.0;43,3191293387;5,4472484540;
;1;75;75118;2;1;1.0;2.0;48,9008680000;2,3426450000;
;1;75;75115;2;4;1.0;2.0;48,8353030000;2,2721510000;
;2;13;13212;2;4;2.0;3.0;43,3130855623;5,4474476956;
;1;75;75116;2;1;1.0;7.0;48,8546460000;2,2288660000;
;1;75;75114;2;1;1.0;6.0;48,8295480000;2,3219860000;
;1;13;13005;2;1;1.0;3.0;43,2926300000;5,5664400000;
;1;75;75105;2;2;1.0;6.0;48,8499290000;2,3436560000;
;1;13;13001;2;1;1.0;6.0;43,5184800000;5,4634300000;
;1;75;75105;2;2;1.0;3.0;48,8396080000;2,3563080000;
;5;11;11069;2;1;1.0;6.0;43,2082960457;2,3284471035;
;1;10;10333;1;1;8.0;7.0;48,2692000000;4,0511300000;
;1;75;75113;2;2;1.0;3.0;48,8383500000;2,3571110000;
;5;10;10333;2;6;1.0;3.0;48,2896600000;4,0671100000;
;1;75;75119;2;4;1.0;3.0;48,8755400000;2,3992130000;
;1;06;06069;2;1;1.0;1.0;43,6359000000;6,9167700000;
;1;75;75119;2;1;1.0;3.0;48,8987620000;2,3737200000;
;2;06;06069;2;6;2.0;7.0;43,6503700000;6,9222100000;
;2;75;75119;2;3;1.0;6.0;48,8830970000;2,3714820000;
;1;94;94081;2;2;8.0;6.0;48,8014700000;2,4024000000;
;2;44;44109;2;1;1.0;1.0;47,2131060000; -1,5824400000;
;1;44;44109;2;1;7.0;3.0;47,2411350000; -1,5354440000;
;1;75;75118;2;3;1.0;3.0;48,8845370000;2,3269600000;
;1;44;44109;2;1;1.0;1.0;47,2080850000; -1,5451300000;
;4;75;75117;2;1;1.0;2.0;48,8896768504;2,2973603010;
;1;75;75118;2;1;1.0;2.0;48,8978070000;2,3343580000;
;1;37;37261;2;6;1.0;6.0;47,4270300000;0,7081700000;
;1;75;75117;2;1;1.0;7.0;48,8824990000;2,2930070000;
;1;75;75115;2;1;1.0;4.0;48,8342560000;2,2758694000;
;1;37;37122;2;3;1.0;2.0;47,3567778244;0,6983157992;
;5;75;75108;2;2;2.0;6.0;48,8783910000;2,3155550000;
;5;75;75117;2;3;1.0;3.0;48,8862870000;2,3261560000;
;1;35;35238;2;4;1.0;3.0;48,1018400000; -1,6599300000;
;5;75;75106;2;2;1.0;6.0;48,8515950000;2,3311230000;
;1;33;33075;2;1;1.0;2.0;44,8771399760; -0,5779650807;
;5;75;75117;2;2;1.0;3.0;48,8859710000;2,3095580000;
;1;33;33200;2;1;1.0;6.0;44,8749000000; -0,6792000000;
;1;75;75120;2;2;1.0;6.0;48,8534870000;2,4105330000;
;1;29;29019;2;1;1.0;6.0;48,4056640000; -4,4608670000;
;1;75;75117;2;5;1.0;6.0;48,8922670000;2,3010120000;
;2;29;29019;2;3;1.0;3.0;48,4104600762; -4,5135800242;
;5;75;75119;2;2;1.0;3.0;48,8828120000;2,3756590000;
;1;75;75117;2;3;1.0;6.0;48,8849380000;2,3267940000;
;1;75;75117;2;2;1.0;6.0;48,8859710000;2,3095580000;
;1;27;27299;2;1;7.0;3.0;49,0566200000;1,1671600000;
;2;75;75117;2;2;1.0;6.0;48,8864670281;2,2957684100;
;1;26;26198;1;3;1.0;2.0;44,5261980000;4,7398450000;
;5;75;75112;2;3;1.0;6.0;48,8399630000;2,3823390000;
;2;22;22215;2;1;1.0;3.0;48,4999000000; -2,7640200000;
;1;75;75117;2;4;1.0;3.0;48,8758560000;2,2965470000;
;1;75;75108;2;1;1.0;6.0;48,8720180000;2,2980320000;
;1;18;18279;1;1;1.0;2.0;47,2132160000;2,1291400000;
;1;75;75117;2;2;1.0;3.0;48,8910650000;2,3025350000;
;1;17;17415;1;6;1.0;2.0;45,7198110000; -0,6443950000;
;1;75;75116;2;3;1.0;2.0;48,8508841726;2,2604960203;
;2;75;75116;2;7;1.0;3.0;48,8740290000;2,2942430000;
;2;13;13209;2;1;1.0;4.0;43,2612912589;5,3976585588;
;1;94;94016;2;1;1.0;6.0;48,7985523901;2,3271022389;
;5;75;75116;2;1;1.0;2.0;48,8649070000;2,2433190000;
;1;13;13216;2;3;1.0;3.0;43,3607000000;5,3370900000;
;5;94;94018;2;2;1.0;1.0;48,8178269344;2,4195791781;
;1;75;75116;2;5;1.0;6.0;48,8689870000;2,2915750000;
;1;13;13211;2;1;1.0;6.0;43,2885719874;5,4543149471;
;1;75;75116;2;1;1.0;3.0;48,8618220000;2,2373400000;
;1;94;94017;2;1;1.0;6.0;48,8225551802;2,5105013698;
;1;94;94017;2;1;1.0;6.0;48,8140378678;2,5158973038;
;1;13;13209;2;3;1.0;2.0;43,2700000000;5,4100000000;
;1;75;75116;2;1;1.0;3.0;48,8591000000;2,2692030000;
;1;93;93066;2;1;1.0;6.0;48,9196101622;2,3433416312;
;5;93;93066;2;1;1.0;2.0;48,9147400000;2,3581200000;
;1;13;13063;2;1;1.0;3.0;43,5997600000;5,0066700000;
;1;75;75116;2;7;1.0;3.0;48,8512820000;2,2784130000;
;1;93;93031;2;2;1.0;2.0;48,9473800000;2,3425800000;
;1;13;13001;2;9;1.0;3.0;43,5078400000;5,3844000000;
;2;93;93077;2;2;1.0;1.0;48,8898000000;2,5055000000;
;1;75;75116;2;1;1.0;3.0;48,8604440000;2,2297140000;
;1;93;93005;2;9;1.0;3.0;48,9420226871;2,4976927015;
;1;11;11262;2;9;1.0;3.0;43,1929570000;2,9809940000;
;1;93;93053;2;1;1.0;6.0;48,8799490058;2,4600165346;
;5;92;92049;2;1;1.0;7.0;48,8158466390;2,3156988323;
;1;75;75115;2;2;1.0;3.0;48,8429910000;2,3127880000;
;1;13;13092;2;1;7.0;1.0;43,5500680000;5,0330420000;
;1;11;11069;2;1;1.0;6.0;43,2262900000;2,3317200000;
;1;93;93049;2;1;1.0;2.0;48,8608630000;2,5094580000;
;5;92;92025;2;4;2.0;6.0;48,9192040000;2,2496380000;
;1;13;13022;1;1;1.0;1.0;43,2251140000;5,5326250000;
;5;93;93048;2;1;1.0;1.0;48,8570820000;2,4417810000;
;5;92;92025;2;9;2.0;3.0;48,9221826874;2,2354917973;
;1;75;75115;2;2;1.0;3.0;48,8467010000;2,2888900000;
;1;06;06104;2;9;1.0;2.0;43,7644600000;7,4818200000;
;1;13;13062;1;2;1.0;3.0;43,4168770000;5,5173600000;
;3;22;22172;1;1;2.0;1.0;48,4991040000; -2,2282290000;
;1;93;93048;2;1;1.0;3.0;48,8556200000;2,4461400000;
;1;57;57433;2;1;1.0;6.0;49,2128770000;6,1594900000;
;1;75;75115;2;2;1.0;2.0;48,8378990000;2,2817810000;
;5;06;06027;2;3;1.0;3.0;43,6646800000;7,1720200000;
;1;03;03165;2;1;1.0;1.0;46,0728550000;3,6683370000;
;5;972;97232;1;1;1.0;2.0;14,5715440000; -60,8643380000;
;1;93;93008;2;7;5.0;6.0;48,9058457408;2,4699337107;
;1;03;03286;1;1;7.0;7.0;46,5392780000;3,4225900000;
;1;75;75115;2;2;1.0;3.0;48,8370610000;2,2744510000;
;1;29;29183;1;1;3.0;6.0;48,5704927999; -3,6132516837;
;1;06;06004;1;3;1.0;3.0;43,6081680000;7,0747510000;
;5;92;92046;2;1;1.0;6.0;48,8192100000;2,3014600000;
;1;06;06004;2;1;1.0;7.0;43,5844800000;7,1075400000;
;2;74;74018;2;3;1.0;3.0;46,0828420000;6,3656090000;
;5;75;75114;2;2;1.0;3.0;48,8367570000;2,3207400000;
;1;92;92063;2;2;1.0;6.0;48,8842800000;2,1783700000;
;1;85;85215;2;3;1.0;3.0;46,8480120000; -1,1750700000;
;1;38;38230;1;1;1.0;6.0;45,5544790000;5,2735230000;
;5;972;97213;1;1;1.0;4.0;14,6252296800; -61,0072599500;
;1;01;01289;1;2;1.0;3.0;46,1697300000;5,1908400000;
;5;92;92063;2;1;1.0;6.0;48,8687700000;2,2074500000;
;1;75;75113;2;2;1.0;6.0;48,8229460000;2,3554280000;
;3;44;44103;1;1;2.0;6.0;47,3300500000; -2,1248400000;
;1;972;97209;1;1;1.0;6.0;14,6436200000; -61,0438000000;
;1;26;26377;1;1;1.0;6.0;44,3205600000;5,0659000000;
;1;66;66021;2;6;1.0;2.0;42,7265550000;2,9466320000;
;5;75;75113;2;3;1.0;6.0;48,8357010000;2,3586490000;
;5;92;92049;2;2;1.0;6.0;48,8161800000;2,3060500000;
;2;75;75120;2;1;1.0;5.0;48,8727500000;2,3908310000;
;5;2B;2B033;1;1;1.0;2.0;42,6729700000;9,4442800000;
;1;26;26197;2;3;1.0;3.0;44,9391720000;5,0278120000;
;5;75;75113;2;4;1.0;6.0;48,8164230000;2,3601550000;
;5;92;92048;2;7;1.0;3.0;48,8147800000;2,2342400000;
;1;04;04205;2;1;1.0;6.0;44,3527160000;6,3571570000;
;1;91;91100;2;1;1.0;3.0;48,4312000000;2,2624000000;
;1;32;32331;1;1;1.0;6.0;43,7318887947;0,6226452042;
;2;75;75119;2;1;1.0;1.0;48,8977910000;2,3823610000;
;1;92;92032;2;1;1.0;6.0;48,7910190000;2,2859270000;
;3;95;95026;1;6;1.0;6.0;49,1383344885;2,3562079668;
;1;75;75113;2;3;1.0;6.0;48,8233170000;2,3656810000;
;1;91;91191;2;1;1.0;6.0;48,7147700000;2,4604200000;
;1;60;60133;1;1;1.0;3.0;49,5150120000;2,3651930000;
;1;75;75113;2;1;1.0;7.0;48,8289810000;2,3563960000;
;1;75;75119;2;3;1.0;3.0;48,8951310000;2,3827540000;
;2;92;92012;2;3;1.0;3.0;48,8528113871;2,2264695168;
;1;83;83062;1;3;1.0;6.0;43,1190900000;5,9948900000;
;5;75;75113;2;1;1.0;6.0;48,8328770000;2,3743790000;
;3;74;74236;1;1;1.0;6.0;45,8938350000;6,6928090000;
;5;92;92004;2;1;1.0;3.0;48,9159091258;2,2825008630;
;1;13;13211;2;1;1.0;4.0;43,2863175679;5,5087664723;
;1;75;75118;2;4;1.0;6.0;48,8908900000;2,3532050000;
;1;83;83137;2;1;1.0;6.0;43,1416682445;5,8922671974;
;1;11;11206;2;1;1.0;6.0;43,0549190000;2,2129990000;
;5;92;92004;1;1;1.0;7.0;48,9101200000;2,2860400000;
;1;75;75112;2;2;1.0;3.0;48,8333430000;2,4022640000;
;5;92;92004;1;1;2.0;7.0;48,9130096479;2,2832706570;
;5;33;33013;1;1;1.0;4.0;44,8558200000; -0,5051200000;
;2;75;75117;2;3;1.0;3.0;48,8866830000;2,3086270000;
;5;83;83009;2;1;1.0;6.0;43,1371900000;5,7522600000;
;3;61;61486;1;1;3.0;1.0;48,7650470000; -0,6997400000;
;1;75;75112;2;7;1.0;3.0;48,8485210000;2,3950020000;
;3;33;33003;1;1;1.0;3.0;44,9238850000; -0,4736960000;
;5;92;92004;2;1;1.0;3.0;48,9158100000;2,3083600000;
;1;75;75117;2;3;1.0;6.0;48,8868680000;2,3083370000;
;1;34;34080;1;1;1.0;1.0;43,5798230000;3,0239550000;
;1;59;59009;1;1;1.0;7.0;50,6143017819;3,1352049708;
;5;92;92004;2;2;1.0;1.0;48,9069439792;2,2824048400;
;5;75;75117;2;4;1.0;7.0;48,8773370000;2,2944930000;
;5;75;75112;2;6;1.0;3.0;48,8237960000;2,4576770000;
;1;95;95277;1;1;1.0;6.0;48,9742500000;2,4912600000;
;1;39;39368;2;3;2.0;1.0;46,5105620000;6,0294660000;
;2;77;77083;2;3;1.0;5.0;48,8417500000;2,5839700000;
;3;51;51567;1;1;5.0;3.0;48,6869440000;4,7307710000;
;1;93;93078;1;1;1.0;3.0;48,9588647959;2,5347930193;
;1;75;75116;2;4;1.0;2.0;48,8645220000;2,2698140000;
;1;75;75112;2;4;1.0;3.0;48,8435510000;2,3705460000;
;1;06;06031;1;1;1.0;7.0;43,7714918387;7,3291897774;
;1;25;25200;1;1;1.0;1.0;47,3222140000;6,0036210000;
;1;95;95256;1;1;1.0;2.0;49,0558500000;2,2036600000;
;1;75;75116;2;5;1.0;3.0;48,8761910000;2,2871670000;
;1;75;75112;2;1;1.0;3.0;48,8444370000;2,3839290000;
;1;69;69266;2;3;1.0;6.0;45,7773100000;4,8797400000;
;3;84;84043;1;1;1.0;5.0;44,0085430000;4,9419810000;
;3;44;44212;1;1;3.0;6.0;47,1534700000; -1,2013160000;
;2;93;93064;1;1;1.0;2.0;48,8849754641;2,4713546326;
;3;75;75111;2;2;1.0;6.0;48,8554570000;2,3704840000;
;1;75;75116;2;3;1.0;6.0;48,8633430000;2,2963250000;
;1;95;95252;1;1;1.0;7.0;48,9859461268;2,2120660543;
;5;38;38297;1;1;1.0;6.0;45,7143680000;5,4593250000;
;2;35;35125;2;1;1.0;6.0;47,9420170000; -1,2330810000;
;1;69;69259;2;1;1.0;3.0;45,6976300000;4,8699800000;
;1;75;75115;2;1;1.0;6.0;48,8301220000;2,2950230000;
;1;75;75111;2;2;1.0;3.0;48,8506720000;2,3944950000;
;2;03;03048;2;4;3.0;1.0;46,6183010000;2,8241010000;
;1;971;97132;1;1;1.0;1.0;15,9953460000; -61,6379140000;
;5;75;75111;2;1;1.0;3.0;48,8600040000;2,3776630000;
;2;01;01363;2;1;1.0;1.0;46,0295570000;5,3796160000;
;2;59;59056;2;1;5.0;6.0;50,6072281212;2,9099822044;
;1;95;95572;1;1;2.0;4.0;49,0471558506;2,1316212416;
;5;75;75114;2;2;1.0;3.0;48,8287380000;2,3165820000;
;1;69;69199;2;2;7.0;6.0;45,7076100000;4,8551700000;
;1;24;24520;2;3;2.0;6.0;44,8945260000;1,2155130000;
;1;75;75113;2;1;1.0;6.0;48,8234300000;2,3479350000;
;3;85;85004;1;1;2.0;7.0;46,4170200000; -1,3895400000;
;5;75;75112;2;2;1.0;3.0;48,8335140000;2,3821030000;
;1;94;94028;1;1;1.0;6.0;48,7916209426;2,4409774263;
;1;68;68066;2;3;1.0;3.0;48,0721000000;7,3585700000;
;1;75;75113;2;1;1.0;3.0;48,8171990000;2,3490380000;
;1;85;85109;2;1;1.0;1.0;46,8496810000; -1,0038110000;
;1;85;85146;2;6;1.0;2.0;46,9432820000; -1,2876320000;
;1;75;75110;2;5;1.0;6.0;48,8796880000;2,3495290000;
;1;64;64249;2;1;1.0;3.0;43,4218900000; -1,6048800000;
;1;94;94028;1;1;1.0;6.0;48,7861420858;2,4400137912;
;1;27;27112;2;3;1.0;6.0;48,8418600000;0,9035340000;
;1;30;30202;2;2;1.0;1.0;44,2546880000;4,6480190000;
;1;75;75111;2;2;1.0;3.0;48,8661970000;2,3696700000;
;1;75;75110;2;4;1.0;2.0;48,8755510000;2,3567150000;
;1;59;59599;2;3;1.0;6.0;50,7220126546;3,1770004705;
;1;77;77258;1;1;1.0;2.0;48,8300970000;2,6254260000;
;1;23;23120;1;1;2.0;6.0;46,3472380000;2,1567580000;
;3;67;67099;1;1;2.0;3.0;48,9475050000;7,1387100000;
;1;75;75109;2;1;1.0;6.0;48,8734390000;2,3311910000;
;1;75;75110;2;2;1.0;6.0;48,8693220000;2,3542660000;
;3;94;94069;1;1;1.0;2.0;48,8171389327;2,4422619339;
;1;56;56162;2;3;1.0;3.0;47,7271680000; -3,4330180000;
;1;75;75108;2;1;1.0;7.0;48,8648860000;2,3083850000;
;1;13;13010;1;1;1.0;7.0;43,8986460000;4,7015960000;
;1;76;76355;1;1;1.0;1.0;49,7017970000;0,7034090000;
;1;75;75109;2;7;1.0;3.0;48,8767040000;2,3323240000;
;3;52;52162;1;1;8.0;7.0;47,9613070000;5,5962790000;
;1;76;76400;2;1;1.0;6.0;49,8284830000;0,9124530000;
;3;45;45004;2;1;1.0;6.0;47,9844700000;2,8219000000;
;5;75;75108;2;2;1.0;3.0;48,8686520000;2,3037070000;
;1;77;77373;1;1;1.0;5.0;48,7786000000;2,6149200000;
;3;80;80143;1;1;5.0;7.0;49,8540530000;1,8206570000;
;1;75;75108;2;2;1.0;1.0;48,8737770000;2,3270250000;
;1;13;13044;2;1;1.0;2.0;43,5992430000;5,0839180000;
;1;37;37214;2;9;1.0;6.0;47,3969584479;0,6634229422;
;1;75;75108;2;7;1.0;7.0;48,8692930000;2,3239270000;
;1;94;94044;1;1;8.0;7.0;48,7580093028;2,4707581809;
;1;987;98714;1;1;1.0;7.0; -16,4954170000; -151,7388890000;
;1;75;75108;2;2;1.0;6.0;48,8705180000;2,3052490000;
;1;35;35051;2;6;1.0;6.0;48,1076100000; -1,6158600000;
;1;75;75108;2;3;1.0;6.0;48,8752380000;2,3143520000;
;1;987;98729;1;1;1.0;1.0; -17,5382330000; -149,9007650000;
;3;89;89096;1;1;1.0;4.0;47,8893850000;3,5625100000;
;5;92;92078;2;9;1.0;6.0;48,9348420000;2,3207460000;
;5;75;75108;2;2;1.0;2.0;48,8755440000;2,3266640000;
;3;61;61480;1;1;5.0;6.0;48,5584820000;0,0355180000;
;1;28;28096;2;6;1.0;3.0;48,8827480000;1,4792490000;
;1;75;75114;2;4;1.0;3.0;48,8340410000;2,3243330000;
;2;33;33529;2;6;8.0;3.0;44,6266800000; -1,1415800000;
;1;42;42184;2;1;1.0;6.0;46,0427480000;4,0468040000;
;5;75;75104;2;7;1.0;6.0;48,8560290000;2,3532350000;
;1;78;78366;1;1;1.0;3.0;48,7961500000;1,8681050000;
;1;75;75102;2;3;1.0;6.0;48,8691440000;2,3431770000;
;1;75;75116;2;1;1.0;6.0;48,8461797720;2,2708627582;
;1;29;29232;2;1;1.0;5.0;48,0230800000; -4,0845800000;
;5;66;66172;2;6;1.0;6.0;42,7259170000;2,8508290000;
;2;49;49248;1;1;1.0;5.0;47,7289900000; -1,0908220000;
;5;75;75103;2;2;1.0;3.0;48,8693310000;2,3542630000;
;1;75;75104;2;3;1.0;2.0;48,8493270000;2,3665730000;
;1;13;13108;2;1;1.0;6.0;43,8032571516;4,6596946594;
;2;11;11076;1;1;5.0;1.0;43,3290960000;1,9516130000;
;1;75;75101;2;1;1.0;6.0;48,8591740000;2,3485890000;
;1;75;75119;2;1;1.0;3.0;48,8976200000;2,3890640000;
;1;03;03052;1;2;2.0;3.0;46,3215040000;2,7218840000;
;1;75;75104;2;3;1.0;6.0;48,8565220000;2,3494820000;
;1;42;42218;2;1;1.0;6.0;45,4507000000;4,3796100000;
;1;75;75101;2;1;1.0;7.0;48,8625860000;2,3312610000;
;5;17;17200;2;1;1.0;7.0;46,1749000000; -1,1667700000;
;1;21;21585;1;1;1.0;2.0;47,2021650506;5,0821766852;
;2;01;01266;1;1;1.0;2.0;46,3320710000;5,1093400000;
;1;75;75103;2;4;1.0;6.0;48,8645550000;2,3658100000;
;3;14;14762;1;1;1.0;3.0;48,8392190000; -0,8576900000;
;1;974;97416;2;1;1.0;3.0; -21,3187900000;55,5486100000;
;5;75;75101;2;1;1.0;2.0;48,8612600000;2,3288370000;
;1;13;13054;2;3;7.0;1.0;43,4156100000;5,2167000000;
;1;21;21699;1;1;1.0;1.0;47,1978947972;5,3640489577;
;1;60;60155;1;1;5.0;7.0;49,2681370000;2,3508470000;
;1;974;97407;2;1;2.0;7.0; -20,9355100000;55,2882400000;
;1;69;69386;2;1;1.0;7.0;45,7676414217;4,8412182927;
;2;75;75109;2;2;8.0;6.0;48,8714890000;2,3430650000;
;1;68;68368;1;1;1.0;3.0;48,0431080000;7,1980030000;
;3;24;24038;1;1;5.0;6.0;45,2878520000;0,3499590000;
;5;13;13203;2;2;1.0;3.0;43,3078400000;5,3816000000;
;1;94;94081;1;1;1.0;2.0;48,7735500000;2,4040700000;
;3;31;31555;2;1;8.0;6.0;43,6219300000;1,4020000000;
;5;94;94067;2;1;1.0;6.0;48,8409800000;2,4175900000;
;3;24;24199;1;1;5.0;6.0;45,4173610000;0,4019560000;
;5;973;97302;2;2;1.0;2.0;4,9443800000; -52,3098400000;
;5;74;74211;2;1;1.0;1.0;46,1092130000;6,2755320000;
;1;13;13202;2;1;1.0;6.0;43,3034700000;5,3685700000;
;1;94;94081;2;1;1.0;6.0;48,7828300000;2,3807700000;
;1;976;97611;2;1;1.0;6.0; -12,7851000000;45,2250600000;
;2;24;24346;2;1;5.0;1.0;45,4236590000;0,7033500000;
;1;94;94068;2;1;8.0;3.0;48,8116200000;2,4687600000;
;1;42;42147;2;1;1.0;6.0;45,6113240000;4,0646810000;
;5;69;69383;2;2;1.0;3.0;45,7560292554;4,8464874923;
;1;94;94081;2;1;1.0;2.0;48,7936550000;2,3854710000;
;1;13;13209;2;3;1.0;3.0;43,2501100000;5,3959700000;
;1;974;97416;1;1;1.0;2.0; -21,3170030000;55,4907780000;
;1;94;94021;2;1;1.0;3.0;48,7655580000;2,3382210000;
;1;24;24259;1;1;1.0;1.0;44,9359600000;0,4774550000;
;1;07;07324;2;1;1.0;7.0;45,0677050000;4,8347510000;
;5;69;69388;2;2;1.0;7.0;45,7315700000;4,8738700000;
;1;13;13209;2;1;1.0;1.0;43,2335167908;5,4059297979;
;5;94;94078;2;2;1.0;1.0;48,7277200000;2,4454700000;
;1;62;62901;1;1;3.0;7.0;50,6715881071;2,4082266390;
;1;974;97411;2;2;1.0;6.0; -20,8819300000;55,4539500000;
;1;85;85234;1;3;1.0;3.0;46,8049070000; -2,0267840000;
;1;94;94022;2;1;1.0;2.0;48,7609579349;2,4076259490;
;1;972;97213;1;1;1.0;4.0;14,6211250000; -60,9907550000;
;5;60;60081;1;1;5.0;6.0;49,4635815970;2,1567642688;
;5;59;59449;2;1;1.0;6.0;50,4760790000;3,2369360000;
;1;973;97302;1;3;1.0;3.0;4,9212500000; -52,3040000000;
;1;94;94017;2;1;1.0;3.0;48,8219960000;2,5106740000;
;1;94;94044;2;9;1.0;2.0;48,7486500000;2,5007300000;
;1;13;13047;1;1;1.0;3.0;43,5430800000;4,9557100000;
;5;69;69385;2;1;1.0;6.0;45,7610600000;4,8251100000;
;1;59;59312;1;1;6.0;6.0;50,0317420000;3,2100680000;
;2;35;35206;1;1;5.0;5.0;48,0488000000; -1,6415070000;
;1;94;94068;2;1;1.0;3.0;48,8020000000;2,4909000000;
;1;973;97302;2;1;1.0;3.0;4,9382300000; -52,3262000000;
;1;94;94071;2;1;1.0;4.0;48,7731200000;2,4982700000;
;5;971;97101;1;1;1.0;3.0;16,2366751395; -61,5127462149;
;3;91;91161;1;1;1.0;2.0;48,6951100000;2,3186600000;
;1;75;75120;2;4;1.0;4.0;48,8614515766;2,4139505625;
;1;82;82169;1;1;1.0;2.0;44,0435810000;0,9993160000;
;1;94;94068;2;1;1.0;1.0;48,7887300000;2,5016100000;
;1;69;69259;2;3;2.0;6.0;45,7193100000;4,8545100000;
;5;95;95268;2;1;1.0;4.0;48,9744801432;2,4087712169;
;1;93;93059;2;2;1.0;6.0;48,9657400000;2,3636300000;
;1;91;91174;1;1;1.0;7.0;48,6116200000;2,4480000000;
;5;75;75114;2;2;1.0;3.0;48,8339570000;2,3181280000;
;1;69;69383;2;1;3.0;6.0;45,7438983217;4,8855204778;
;1;94;94042;2;5;1.0;3.0;48,8202000000;2,4671670000;
;3;68;68135;1;1;1.0;2.0;47,5924640000;7,5445710000;
;1;93;93070;2;1;1.0;3.0;48,9149000000;2,3304400000;
;3;95;95127;1;1;1.0;5.0;49,0555700000;2,0503000000;
;1;972;97213;1;1;1.0;2.0;14,6183400000; -61,0293400000;
;2;75;75119;2;3;1.0;7.0;48,8793100000;2,3843520000;
;1;91;91064;1;1;1.0;4.0;48,7433700000;2,1892000000;
;1;94;94058;2;1;1.0;3.0;48,8490900000;2,4959500000;
;1;93;93066;2;1;1.0;6.0;48,9475851690;2,3599530011;
;1;972;97209;2;9;1.0;6.0;14,6404500000; -61,0745600000;
;1;75;75118;2;1;1.0;6.0;48,8923780000;2,3309090000;
;5;91;91326;2;2;1.0;1.0;48,6929500000;2,3647600000;
;1;91;91064;1;1;1.0;2.0;48,7705400000;2,2291700000;
;1;94;94046;2;1;1.0;3.0;48,8070000000;2,4259000000;
;3;34;34270;1;1;1.0;3.0;43,5705600000;3,8573300000;
;1;75;75117;2;1;1.0;3.0;48,8942870000;2,3046430000;
;1;93;93066;2;3;1.0;3.0;48,9181852156;2,3578873509;
;1;87;87085;2;1;1.0;6.0;45,8401500000;1,2018300000;
;1;69;69381;2;2;3.0;3.0;45,7677700000;4,8378900000;
;1;94;94046;2;7;1.0;3.0;48,8100700000;2,4328600000;
;5;91;91377;1;1;1.0;3.0;48,7190000000;2,2980000000;
;5;971;97103;1;1;1.0;2.0;16,2430550000; -61,5884540000;
;5;75;75117;2;2;1.0;7.0;48,8829840000;2,3241250000;
;5;94;94016;2;9;1.0;6.0;48,7860200000;2,3272500000;
;1;78;78640;1;1;1.0;7.0;48,7731330000;2,2251090000;
;1;93;93051;2;2;1.0;3.0;48,8469900000;2,5403500000;
;5;85;85194;2;2;1.0;3.0;46,5018700000; -1,7592200000;
;1;69;69384;2;1;1.0;3.0;45,7798200000;4,8406200000;
;5;94;94043;2;1;1.0;2.0;48,8126500000;2,3615000000;
;5;75;75116;2;1;1.0;3.0;48,8454540000;2,2537500000;
;1;95;95256;1;1;1.0;2.0;49,0573800000;2,2078200000;
;1;83;83061;2;1;1.0;3.0;43,4232800000;6,7412700000;