Num_Acc;lum;departement;commune;agglomeration;intersection;meteo;type_collision;lat;long;date
;1;93;93048;2;2;1.0;3.0;48,8529222237;2,4207281562;
;1;987;98733;2;1;1.0;1.0; -17,6960000000; -149,5480000000;
;1;2B;2B033;2;3;1.0;3.0;42,6641600000;9,4363700000;
;1;73;73076;1;1;1.0;6.0;45,6899630000;5,8551550000;
;5;93;93029;2;3;1.0;6.0;48,9197600000;2,4201900000;
;1;94;94076;2;1;1.0;2.0;48,8063400000;2,3636800000;
;1;78;78158;2;2;1.0;6.0;48,8191930000;2,1265580000;
;1;75;75114;2;1;1.0;3.0;48,8252980000;2,3162600000;
;5;81;81140;2;6;1.0;6.0;43,6898043996;1,8170077801;
;1;95;95572;1;1;1.0;2.0;49,0302000000;2,1241600000;
;1;86;86055;1;1;8.0;6.0;46,1883110000;0,4002340000;
;1;76;76540;2;2;1.0;3.0;49,4441100000;1,0854700000;
;5;93;93047;2;1;1.0;3.0;48,9030100000;2,5622000000;
;1;75;75110;2;1;1.0;6.0;48,8752580000;2,3569870000;
;1;94;94041;2;1;1.0;3.0;48,8160600000;2,3769500000;
;5;971;97113;1;9;1.0;3.0;16,2106800000; -61,4779900000;
;5;76;76296;1;1;1.0;7.0;49,5173300000;0,2463200000;
;1;24;24223;2;1;1.0;6.0;44,8354560000;0,7247060000;
;3;93;93027;1;1;2.0;6.0;48,9283300000;2,4131900000;
;5;93;93008;2;1;1.0;3.0;48,9054319333;2,4393193389;
;1;94;94041;2;1;1.0;6.0;48,8175100000;2,3983600000;
;2;76;76414;2;1;1.0;3.0;49,9249581323;1,1216488481;
;5;72;72154;2;6;5.0;3.0;47,7051270000; -0,0885990000;
;1;95;95585;2;1;1.0;4.0;48,9777054377;2,3706972599;
;1;93;93008;2;7;1.0;6.0;48,9064600000;2,4385000000;
;5;94;94041;2;1;1.0;1.0;48,8180000000;2,3765000000;
;3;44;44073;1;1;1.0;6.0;47,4268350000; -1,6067240000;
;1;94;94028;1;1;8.0;4.0;48,7856800000;2,4402400000;
;1;67;67482;2;1;1.0;6.0;48,5874300000;7,7665700000;
;5;94;94081;2;6;1.0;3.0;48,7863840000;2,4026120000;
;1;94;94021;2;1;1.0;1.0;48,7709700000;2,3543770000;
;1;93;93008;2;3;1.0;3.0;48,9070555175;2,4294907539;
;1;13;13211;1;1;1.0;2.0;43,2905620000;5,4884660000;
;1;95;95280;2;3;3.0;2.0;49,0251100000;2,4638300000;
;1;67;67482;2;1;1.0;2.0;48,5631200000;7,7099000000;
;1;94;94028;1;1;1.0;3.0;48,7967800000;2,4438200000;
;1;94;94078;2;1;1.0;6.0;48,7303771088;2,4468596072;
;1;94;94033;2;1;1.0;6.0;48,8526462628;2,4604968699;
;1;93;93001;2;2;1.0;6.0;48,9062667829;2,3753411320;
;2;95;95428;2;1;2.0;2.0;48,9924200000;2,3152600000;
;1;64;64445;2;1;1.0;6.0;43,3039100000; -0,3668060000;
;1;13;13202;2;9;1.0;2.0;43,2933810000;5,3648120000;
;1;75;75112;1;1;1.0;2.0;48,8195053043;2,4587488174;
;1;94;94052;2;1;1.0;2.0;48,8396740000;2,4850820000;
;1;94;94033;2;1;7.0;3.0;48,8552400000;2,4845600000;
;1;64;64102;2;6;1.0;7.0;43,4624100000; -1,4958600000;
;1;93;93001;2;1;1.0;6.0;48,9179700000;2,3792200000;
;1;91;91021;2;1;1.0;2.0;48,5970000000;2,2460200000;
;5;94;94052;2;1;1.0;2.0;48,8363600000;2,4780000000;
;3;94;94022;1;1;1.0;2.0;48,7757700000;2,4134000000;
;5;62;62525;2;9;2.0;1.0;50,7365020000;2,2548730000;
;1;94;94011;2;1;1.0;3.0;48,7721780000;2,4841460000;
;1;92;92063;2;9;1.0;3.0;48,8870078329;2,1781248450;
;3;69;69290;1;1;1.0;4.0;45,7098800000;4,9681600000;
;5;94;94068;2;1;1.0;3.0;48,7925900000;2,5173900000;
;5;94;94077;2;1;1.0;7.0;48,7326380000;2,4073570000;
;1;61;61001;2;1;1.0;3.0;48,4329400000;0,0753900000;
;1;93;93051;1;1;1.0;5.0;48,8364860000;2,5417780000;
;1;92;92051;2;9;1.0;3.0;48,8840333047;2,2708504199;
;5;94;94069;2;1;1.0;6.0;48,8179510000;2,4413040000;
;2;94;94017;2;6;1.0;6.0;48,8298000000;2,4900600000;
;1;50;50129;1;1;1.0;6.0;49,6613900000; -1,7136500000;
;1;69;69286;1;1;1.0;2.0;45,8519700000;4,9099100000;
;1;91;91692;2;6;1.0;3.0;48,6824230000;2,1695340000;
;1;92;92049;2;1;1.0;3.0;48,8171600450;2,3304094076;
;1;94;94018;2;1;1.0;6.0;48,8251100000;2,4081950000;
;1;77;77237;1;1;2.0;4.0;48,8313600000;2,7678700000;
;5;93;93029;2;3;1.0;3.0;48,9244300000;2,4429300000;
;1;50;50129;2;3;1.0;6.0;49,6239100000; -1,6459500000;
;3;42;42097;1;1;2.0;5.0;45,4865500000;4,3261880000;
;1;91;91692;2;1;1.0;3.0;48,6826200000;2,1685000000;
;1;92;92044;2;1;1.0;3.0;48,8958261411;2,2973082661;
;1;95;95127;2;1;1.0;6.0;49,0414880000;2,0734040000;
;1;94;94002;2;2;1.0;3.0;48,8102900000;2,4169500000;
;1;49;49007;2;1;1.0;3.0;47,4683900000; -0,5503100000;
;5;92;92012;2;2;1.0;3.0;48,8390929784;2,2468505502;
;1;94;94065;1;1;1.0;4.0;48,7550217788;2,3512798051;
;1;49;49007;2;1;1.0;6.0;47,4682100000; -0,5571800000;
;1;92;92044;2;2;1.0;3.0;48,8904154917;2,2836472392;
;1;988;98818;2;3;1.0;1.0; -22,2570600000;166,4550400000;
;1;91;91201;2;1;3.0;2.0;48,6631800000;2,4179000000;
;1;35;35108;1;1;2.0;6.0;47,9494440000; -1,4220750000;
;1;41;41269;2;1;1.0;6.0;47,7788500000;1,0788800000;
;1;92;92035;2;1;1.0;6.0;48,9078000000;2,2354800000;
;3;91;91689;1;1;1.0;2.0;48,7475200000;2,3258100000;
;5;93;93073;2;6;1.0;6.0;48,9453990000;2,5667660000;
;1;976;97611;2;1;1.0;6.0; -12,7702100000;45,2202000000;
;1;63;63345;1;3;1.0;3.0;45,7121050000;3,0167020000;
;1;92;92012;2;1;1.0;7.0;48,8386894143;2,2515787482;
;1;39;39198;2;2;1.0;6.0;47,0970700000;5,4948400000;
;1;91;91201;2;1;1.0;3.0;48,6792140000;2,4251070000;
;1;93;93072;2;9;1.0;3.0;48,9558000000;2,3831300000;
;3;78;78140;1;1;1.0;2.0;48,9624000000;1,9279300000;
;1;62;62364;1;1;7.0;2.0;50,5060580000;2,1307020000;
;1;38;38185;2;1;2.0;6.0;45,1805600000;5,7206300000;
;2;91;91027;1;1;1.0;3.0;48,7174800000;2,3709800000;
;1;92;92012;2;3;1.0;6.0;48,8303300000;2,2453400000;
;3;78;78043;1;1;1.0;7.0;48,8283400000;2,0789100000;
;5;69;69387;2;2;1.0;3.0;45,7477700000;4,8336000000;
;1;93;93070;2;3;1.0;1.0;48,9020200000;2,3426900000;
;1;91;91027;2;1;1.0;6.0;48,7086010000;2,3870210000;
;1;92;92014;2;1;1.0;3.0;48,7739700000;2,3132800000;
;3;93;93066;1;1;1.0;3.0;48,9300324706;2,3648178577;
;1;35;35238;2;3;1.0;2.0;48,0973115967; -1,6750529408;
;2;69;69388;2;2;2.0;6.0;45,7373300000;4,8843000000;
;3;24;24442;1;1;1.0;3.0;45,1195380000;0,5161750000;
;1;92;92002;2;1;1.0;6.0;48,7360859675;2,3025152385;
;1;93;93070;2;7;1.0;3.0;48,9122000000;2,3340000000;
;1;95;95154;1;1;2.0;2.0;49,0517630000;2,5480150000;
;1;91;91589;2;2;1.0;3.0;48,6919280000;2,3484980000;
;5;69;69387;2;1;2.0;1.0;45,7507800000;4,8560300000;
;1;24;24372;1;1;1.0;1.0;45,1357290000;0,5398540000;
;1;91;91433;1;1;1.0;6.0;48,4399000000;2,2077000000;
;1;35;35051;2;1;1.0;2.0;48,1142425358; -1,6185227036;
;1;93;93066;2;1;1.0;3.0;48,9453029059;2,3515307307;
;1;50;50066;1;3;1.0;1.0;48,7603040000; -1,5502240000;
;1;93;93008;1;1;1.0;5.0;48,9126927783;2,4369263299;
;3;972;97213;2;1;2.0;2.0;14,6226743384; -61,0064435006;
;5;35;35055;1;6;2.0;6.0;48,0781458459; -1,6328188777;
;3;93;93048;1;1;1.0;7.0;48,8724000000;2,4344400000;
;1;93;93001;2;1;1.0;6.0;48,9150113527;2,3802338540;
;1;89;89387;2;6;1.0;6.0;48,2038100000;3,3141100000;
;1;08;08343;1;1;1.0;3.0;49,6755050000;5,0681630000;
;1;972;97209;2;1;1.0;3.0;14,6118700000; -61,0776500000;
;5;35;35238;2;1;1.0;6.0;48,0874200000; -1,6743700000;
;1;87;87085;2;1;1.0;7.0;45,8187000000;1,2298500000;
;3;38;38160;1;1;1.0;6.0;45,4920218200;4,9782846198;
;5;95;95582;1;1;1.0;2.0;48,9656566710;2,2585975521;
;5;93;93077;2;2;1.0;6.0;48,8856100000;2,4960300000;
;5;95;95428;2;1;2.0;6.0;49,0009600000;2,3200800000;
;5;84;84007;2;1;1.0;6.0;43,9365300000;4,8320500000;
;5;34;34172;2;2;1.0;2.0;43,6269400000;3,8217870000;
;1;77;77059;1;1;1.0;7.0;48,8405776335;2,6637614928;
;3;66;66190;1;1;1.0;4.0;42,8443330000;2,9162690000;
;1;973;97362;2;2;1.0;3.0;3,8084080000; -54,1517290000;
;2;93;93062;2;2;1.0;3.0;48,8920700000;2,5200600000;
;3;88;88160;2;1;2.0;3.0;48,1963700000;6,4606900000;
;1;83;83137;2;1;1.0;6.0;43,1270290000;5,9252120000;
;1;33;33063;2;1;1.0;3.0;44,8239000000; -0,5793200000;
;1;87;87085;2;1;2.0;7.0;45,8141600000;1,2895300000;
;1;17;17131;2;3;1.0;3.0;45,5802830000; -0,8367780000;
;2;76;76259;2;9;1.0;6.0;49,7541738429;0,4059219358;
;1;93;93062;2;2;1.0;3.0;48,8989300000;2,5103000000;
;1;33;33009;2;1;1.0;6.0;44,6579900000; -1,1484600000;
;1;83;83062;2;1;1.0;3.0;43,1130600000;5,9935600000;
;1;93;93062;2;1;1.0;6.0;48,8992500000;2,5147900000;
;2;87;87085;2;1;2.0;6.0;45,8336500000;1,2306400000;
;1;64;64445;2;1;3.0;6.0;43,3078100000; -0,3609600000;
;1;18;18233;2;2;1.0;3.0;47,3387020000;2,8581090000;
;1;80;80021;2;1;1.0;6.0;49,9061100000;2,2706000000;
;1;71;71383;1;1;1.0;5.0;46,4243210000;4,8675550000;
;1;29;29039;1;1;1.0;4.0;47,8612100000; -3,8851000000;
;1;87;87085;2;1;2.0;6.0;45,8351800000;1,2605000000;
;1;63;63124;2;1;1.0;6.0;45,7433938260;3,2102018595;
;1;68;68172;2;1;1.0;7.0;48,0782800000;7,5419100000;
;2;93;93055;2;9;1.0;2.0;48,8904504321;2,3993995786;
;3;83;83085;1;1;1.0;6.0;43,4945180000;6,5185460000;
;1;28;28404;2;1;1.0;6.0;48,7182200000;1,3730200000;
;3;57;57283;2;1;1.0;6.0;49,2536176706;6,1501362920;
;1;87;87085;2;1;2.0;4.0;45,8735200000;1,2692600000;
;1;93;93055;2;1;1.0;3.0;48,8946770000;2,4210200000;
;1;971;97132;1;2;2.0;5.0;15,9828523356; -61,6319543123;
;3;26;26337;1;1;1.0;6.0;44,6754430000;4,7976030000;
;5;78;78551;2;2;1.0;6.0;48,8977600000;2,0983300000;
;5;86;86194;2;1;1.0;6.0;46,5681280000;0,3104350000;
;1;73;73132;1;1;1.0;3.0;45,7509390000;6,5914370000;
;1;21;21449;1;1;1.0;6.0;47,3976960000;4,3561860000;
;1;93;93051;2;2;7.0;3.0;48,8376490000;2,5432530000;
;1;65;65010;1;2;1.0;3.0;43,1970500000;0,1564800000;
;1;73;73303;1;1;1.0;7.0;45,7532710000;6,4545320000;
;1;22;22278;2;1;1.0;2.0;48,4957300000; -2,7500300000;
;2;86;86194;2;1;2.0;3.0;46,5851290000;0,3509560000;
;4;22;22020;1;1;1.0;6.0;48,3081390000; -2,2373700000;
;1;78;78440;2;4;1.0;4.0;48,9978000000;1,9088100000;
;1;22;22187;2;1;1.0;2.0;48,5338700000; -2,7583900000;
;1;41;41149;2;4;1.0;3.0;47,7760140000;0,8012400000;
;2;73;73008;2;4;1.0;3.0;45,6719820000;5,9084360000;
;1;93;93051;2;2;1.0;6.0;48,8418397345;2,5688146055;
;1;62;62202;2;1;1.0;1.0;50,6075820000;1,9954820000;
;1;81;81065;2;3;2.0;3.0;43,6088210000;2,2583100000;
;1;18;18033;2;1;3.0;6.0;47,0937200000;2,4010000000;
;1;57;57132;2;1;1.0;3.0;48,8201350000;6,5083940000;
;1;19;19140;1;3;1.0;3.0;45,0751551281;1,9128313062;
;2;93;93049;2;1;1.0;2.0;48,8530000000;2,5144000000;
;5;17;17300;2;1;1.0;7.0;46,1617500000; -1,1394000000;
;1;80;80725;2;1;1.0;3.0;49,8669600000;2,2489400000;
;1;34;34270;1;1;1.0;3.0;43,5647320000;3,8501820000;
;3;76;76033;2;1;1.0;6.0;49,6810970000;0,3615190000;
;5;13;13209;2;9;1.0;6.0;43,2500000000;5,4200000000;
;1;93;93048;2;2;1.0;6.0;48,8509600000;2,4245300000;
;1;22;22106;2;3;1.0;3.0;48,5013247666; -2,7342197299;
;1;2B;2B277;2;3;1.0;7.0;41,9841980000;9,3350400000;
;1;89;89171;1;1;2.0;3.0;48,2268230000;3,5111270000;
;3;77;77517;1;1;1.0;6.0;48,9282280000;2,6592040000;
;4;22;22106;2;6;1.0;;48,4928000000; -2,7087300000;
;1;11;11069;2;1;1.0;3.0;43,2151600000;2,3668800000;
;1;93;93046;2;3;1.0;3.0;48,9280500000;2,5428800000;
;3;2B;2B224;1;1;1.0;1.0;42,8397430000;9,4585040000;
;5;77;77243;2;1;2.0;6.0;48,8712800000;2,7004800000;
;4;22;22106;2;1;1.0;6.0;48,4882800000; -2,6926400000;
;1;77;77251;1;1;2.0;3.0;48,6095100000;2,5551500000;
;1;51;51333;1;3;1.0;3.0;49,1702263931;4,0754503012;
;1;11;11069;2;1;1.0;2.0;43,2278000000;2,3350500000;
;1;65;65031;2;1;1.0;3.0;42,9110050000;0,3604460000;
;2;93;93063;2;1;1.0;3.0;48,8846396007;2,4383956789;
;1;76;76540;2;1;2.0;3.0;49,4371100000;1,0786400000;
;1;77;77438;2;1;1.0;6.0;48,8741300000;2,6748600000;
;1;56;56004;1;1;1.0;7.0;47,5395090000; -2,4188700000;
;2;987;98736;2;6;1.0;6.0; -17,5291800000; -149,5529350000;
;1;77;77333;2;1;1.0;6.0;48,2760900000;2,7038000000;
;2;81;81063;1;1;1.0;2.0;43,9416140000;2,0661490000;
;5;06;06088;2;2;1.0;3.0;43,6824100000;7,2320500000;
;5;76;76575;2;1;2.0;3.0;49,3892000000;1,0916410000;
;1;93;93063;2;3;1.0;6.0;48,8839000000;2,4285000000;
;5;973;97302;2;1;1.0;6.0;4,9310200000; -52,3240200000;
;1;74;74275;2;1;3.0;1.0;45,8437790000;6,2112450000;
;1;77;77186;1;1;1.0;7.0;48,4681700000;2,7388100000;
;1;22;22224;2;1;7.0;6.0;48,7224490000; -3,4788480000;
;1;06;06069;2;1;1.0;2.0;43,6402720000;6,9491800000;
;5;73;73065;2;4;1.0;1.0;45,5704400000;5,9373900000;
;1;93;93031;2;9;1.0;6.0;48,9495170000;2,3309670000;
;3;44;44131;2;1;1.0;6.0;47,1038500000; -2,0784100000;
;3;74;74123;1;1;1.0;2.0;45,7585110000;6,2654470000;
;5;69;69381;2;3;1.0;6.0;45,7686100000;4,8382200000;
;3;38;38219;1;6;1.0;6.0;45,3189760000;5,0711610000;
;1;76;76206;1;1;2.0;6.0;49,6759459320;0,2506685257;
;1;93;93008;2;1;1.0;3.0;48,9144918463;2,4402153722;
;1;69;69290;2;1;2.0;1.0;45,6970600000;4,9085500000;
;5;76;76351;2;2;1.0;5.0;49,5014100000;0,1500300000;
;5;69;69385;2;2;1.0;6.0;45,7597600000;4,7959700000;
;1;93;93027;2;5;1.0;3.0;48,9300200000;2,3852600000;
;3;65;65423;2;1;1.0;6.0;43,2643417156;0,2948176861;
;5;38;38439;2;4;1.0;1.0;45,3688470000;6,0466380000;
;1;69;69275;2;1;2.0;6.0;45,7560198398;4,9428552389;
;1;76;76351;2;3;1.0;6.0;49,4936700000;0,1525600000;
;5;95;95680;2;1;1.0;2.0;49,0103503787;2,3839634657;
;2;11;11116;2;3;1.0;3.0;43,2466700000;3,0007430000;
;5;38;38547;2;1;1.0;3.0;45,2573410000;5,9071900000;
;1;76;76329;1;1;1.0;7.0;49,5562300000;0,5013500000;
;5;75;75116;2;1;1.0;4.0;48,8414270000;2,2541480000;
;5;59;59599;2;1;2.0;6.0;50,7346262861;3,1855362654;
;1;93;93046;2;2;1.0;3.0;48,9164800000;2,5315100000;
;1;95;95306;2;1;1.0;3.0;49,0021911492;2,1793591976;
;1;74;74012;2;1;1.0;1.0;46,1910710000;6,2440910000;
;5;57;57463;2;1;2.0;6.0;49,1083900000;6,2055600000;
;1;11;11042;1;1;1.0;5.0;43,2103450502;2,5838683314;
;1;75;75119;2;1;1.0;4.0;48,8865140000;2,3970540000;
;1;93;93014;2;2;1.0;3.0;48,9045200000;2,5485600000;
;3;38;38042;1;4;1.0;6.0;45,3965360000;5,3983860000;
;1;71;71013;1;1;1.0;7.0;46,9028930000;5,2840590000;
;1;57;57463;2;1;2.0;6.0;49,1104700000;6,1828200000;
;1;72;72181;2;1;1.0;4.0;47,9826689590;0,1882946489;
;1;01;01273;2;1;1.0;3.0;46,0705470000;5,3745250000;
;3;71;71070;1;1;1.0;6.0;46,7141650000;4,7443560000;
;2;93;93014;2;2;1.0;3.0;48,9067130000;2,5561230000;
;5;91;91477;2;9;1.0;1.0;48,7135100000;2,2510700000;
;1;72;72181;2;1;1.0;2.0;47,9639460383;0,1767611501;
;1;75;75116;2;2;1.0;3.0;48,8713790000;2,2776160000;
;1;89;89341;1;1;1.0;1.0;47,7381110000;3,7678170000;
;5;53;53130;2;2;2.0;3.0;48,0692400000; -0,7651100000;
;1;01;01372;1;3;7.0;1.0;45,8613100000;5,6784510000;
;1;75;75116;2;1;1.0;7.0;48,8483000000;2,2756100000;
;1;61;61345;1;1;8.0;6.0;48,4148460000;0,8059070000;
;3;93;93005;2;2;1.0;3.0;48,9532300000;2,5025800000;
;1;58;58285;1;1;1.0;6.0;47,0525230000;3,7311030000;
;1;91;91345;2;2;8.0;3.0;48,6896700000;2,3004800000;
;1;72;72181;2;2;1.0;3.0;47,9910250000;0,2086210000;
;5;38;38185;2;2;1.0;6.0;45,1858500000;5,7171200000;
;1;75;75114;2;1;1.0;3.0;48,8345030000;2,3346180000;
;1;42;42311;2;9;7.0;3.0;45,4819800000;4,3899120000;
;1;10;10317;2;6;1.0;3.0;47,9920150000;4,3618300000;
;1;72;72181;2;1;1.0;6.0;47,9945432412;0,1915991304;
;1;37;37261;2;1;1.0;6.0;47,3915929951;0,6993725896;
;1;47;47140;2;1;2.0;6.0;44,2755470000;0,6301980000;
;1;93;93005;2;5;1.0;1.0;48,9358200000;2,4939100000;
;5;87;87085;2;3;1.0;3.0;45,8345700000;1,2642200000;
;1;75;75114;2;4;1.0;3.0;48,8247620000;2,3259890000;
;1;40;40001;2;1;1.0;2.0;43,7043670000; -0,2532970000;
;2;69;69282;2;1;2.0;6.0;45,7714300000;4,9988700000;
;1;37;37261;2;1;1.0;6.0;47,4352900000;0,6906300000;
;3;26;26065;1;1;1.0;6.0;44,7240410000;4,9553760000;
;1;87;87114;2;1;1.0;6.0;45,8341900000;1,3088000000;
;1;93;93005;2;1;1.0;2.0;48,9319210000;2,4921140000;
;1;75;75113;2;1;6.0;6.0;48,8263260000;2,3839010000;
;3;40;40181;2;1;1.0;3.0;43,8094740000; -1,3788160000;
;3;58;58134;1;1;1.0;6.0;46,9540491529;3,2916095853;
;1;69;69290;2;1;1.0;3.0;45,6969000000;4,9190400000;
;1;36;36044;2;3;1.0;3.0;46,8169600000;1,6770500000;
;1;69;69029;2;3;1.0;2.0;45,7376800000;4,8964500000;
;5;87;87085;2;2;1.0;3.0;45,8272700000;1,2395100000;
;1;66;66149;2;4;1.0;6.0;42,6183800000;2,4289600000;
;1;75;75113;2;2;8.0;6.0;48,8221560000;2,3526860000;
;2;27;27224;1;2;3.0;7.0;49,1407290000;0,8917160000;
;1;36;36063;2;6;1.0;3.0;46,8317150000;1,7206616000;
;1;72;72039;2;1;1.0;6.0;48,1745070000;0,4277480000;
;2;93;93001;2;2;1.0;3.0;48,9135580000;2,4027830000;
;5;35;35115;2;1;1.0;6.0;48,3468800000; -1,1871900000;
;5;69;69264;2;2;1.0;3.0;45,9892835615;4,7227357328;
;1;48;48027;1;1;1.0;1.0;44,5486630000;3,8157210000;
;5;06;06049;1;1;1.0;7.0;43,7361590000;6,9996400000;
;1;75;75111;2;2;1.0;3.0;48,8657730000;2,3699740000;
;1;93;93001;2;1;1.0;1.0;48,9059302595;2,3766721486;
;5;33;33281;2;4;2.0;6.0;44,8335777861; -0,6479519606;
;1;67;67482;2;1;1.0;2.0;48,5745800000;7,7762900000;
;1;94;94068;2;1;1.0;3.0;48,7990400000;2,4733200000;
;5;987;98738;1;9;2.0;3.0; -17,6180000000; -149,5490000000;
;1;92;92075;2;1;1.0;6.0;48,8209307409;2,2947248965;
;3;79;79191;1;1;1.0;7.0;46,3400270000; -0,4740700000;
;1;94;94042;2;1;1.0;3.0;48,8200000000;2,4770000000;
;1;67;67365;2;3;1.0;3.0;48,5336740000;7,6944330000;
;3;14;14709;1;1;1.0;6.0;49,3379170000; -0,6313280000;
;1;33;33249;2;3;8.0;3.0;44,8702700000; -0,5259700000;
;1;92;92064;2;1;1.0;3.0;48,8465000000;2,2221600000;
;1;94;94043;2;1;1.0;6.0;48,8100000000;2,3600000000;
;1;18;18138;1;1;1.0;2.0;47,0670530000;2,2893190000;
;1;77;77291;2;9;8.0;1.0;49,0161885172;2,6013240442;
;1;50;50433;1;1;1.0;6.0;49,6176750000; -1,2649750000;
;5;67;67218;2;1;1.0;6.0;48,5510100000;7,7330400000;
;5;31;31555;2;9;1.0;3.0;43,6043300000;1,4500400000;
;1;72;72045;1;1;1.0;7.0;48,0155470000; -0,0269330000;
;5;94;94071;2;7;1.0;3.0;48,7702100000;2,5082600000;
;1;92;92064;2;3;1.0;2.0;48,8531334329;2,2227750420;
;5;77;77459;1;1;2.0;6.0;48,5515780000;3,3202120000;
;3;50;50484;1;1;1.0;3.0;48,5893830000; -1,1469130000;
;1;67;67482;2;3;1.0;3.0;48,5965644512;7,7122461051;
;1;60;60064;1;1;1.0;6.0;49,4192510000;3,0082580000;
;1;38;38401;1;1;1.0;2.0;45,5607890000;5,4256150000;
;1;31;31555;2;3;1.0;3.0;43,6426000000;1,4284700000;
;1;93;93046;2;1;1.0;2.0;48,9244411010;2,5447846891;
;1;92;92033;2;3;1.0;6.0;48,8512809905;2,1922686696;
;1;67;67482;2;1;1.0;6.0;48,5797000000;7,7562300000;
;2;77;77216;1;9;8.0;1.0;48,3175730000;2,6760720000;
;1;988;98827;1;1;1.0;7.0; -21,4348040000;165,2780410000;
;1;66;66136;2;1;1.0;6.0;42,6866900000;2,9073500000;
;1;45;45040;2;3;8.0;1.0;47,5539500000;2,8522090000;
;1;92;92064;2;9;1.0;6.0;48,8445140000;2,2099560000;
;1;29;29232;1;1;3.0;4.0;47,9795300000; -4,0913000000;
;5;93;93066;2;2;1.0;3.0;48,9195600000;2,3613600000;
;2;43;43012;1;1;1.0;7.0;45,3809700000;4,1833880000;
;1;976;97607;1;1;1.0;2.0; -12,8608410000;45,1973570000;
;5;76;76178;2;2;2.0;3.0;49,3087500000;1,0383300000;
;1;92;92062;2;1;1.0;3.0;48,8795353727;2,2437796891;
;1;64;64545;2;6;1.0;3.0;43,3361400000; -1,6679600000;
;3;17;17267;1;1;1.0;7.0;46,2263060000; -0,9185280000;
;1;93;93066;2;4;1.0;3.0;48,9177488797;2,3633347577;
;1;29;29019;1;1;1.0;4.0;48,4158460000; -4,4793761000;
;1;974;97420;1;1;1.0;1.0; -20,9301880000;55,6321800000;
;1;76;76447;2;1;1.0;6.0;49,5649200000;0,1994700000;
;1;92;92051;2;1;1.0;6.0;48,8853305488;2,2824563384;
;1;64;64102;2;1;2.0;4.0;43,5069900000; -1,4450600000;
;3;2B;2B239;1;1;1.0;6.0;42,6709590000;9,3376880000;
;1;17;17041;1;1;1.0;6.0;46,2283620000; -0,8118720000;
;1;76;76447;2;1;1.0;6.0;49,5438100000;0,1913400000;
;1;92;92051;2;1;8.0;3.0;48,8841832259;2,2701562643;
;1;93;93051;2;3;1.0;1.0;48,8401555059;2,5741335168;
;1;64;64024;2;1;2.0;1.0;43,4567900000; -1,5061400000;
;1;34;34023;2;3;1.0;3.0;43,4518400000;3,7025930000;
;3;976;97606;1;1;1.0;1.0; -12,9382239846;45,1349955797;
;1;92;92051;2;9;1.0;2.0;48,8901731785;2,2715536952;
;1;71;71153;2;3;1.0;3.0;46,7964000000;4,4293200000;
;1;16;16015;2;3;1.0;6.0;45,6589500000;0,1613100000;
;5;93;93027;2;2;1.0;1.0;48,9280900000;2,3906000000;
;1;64;64024;2;2;1.0;3.0;43,4818300000; -1,5096100000;
;1;66;66008;2;1;1.0;7.0;42,5722562825;3,0395865440;
;1;92;92050;2;1;1.0;6.0;48,8947571778;2,2233543992;
;1;14;14118;2;1;1.0;6.0;49,1996300000; -0,3962700000;
;1;69;69264;2;1;2.0;6.0;45,9882200000;4,7150300000;
;1;93;93005;2;3;1.0;6.0;48,9342302874;2,4914403394;
;1;63;63113;2;1;1.0;3.0;45,8037581930;3,1101012826;
;1;13;13213;2;1;1.0;6.0;43,3303621033;5,4124255992;
;1;92;92050;2;1;1.0;1.0;48,8890090000;2,2151640000;
;2;77;77071;1;1;1.0;2.0;48,1936710000;2,8133150000;
;1;62;62427;1;1;1.0;6.0;50,3962005214;2,9698809385;
;5;69;69290;2;2;2.0;3.0;45,7048100000;4,9154800000;
;5;92;92078;2;1;3.0;7.0;48,9440076587;2,3136246800;
;1;83;83099;2;1;1.0;3.0;43,4529030000;6,6914300000;
;1;11;11262;2;2;1.0;6.0;43,1819400000;3,0070800000;
;1;92;92050;2;1;1.0;1.0;48,8975900000;2,1982700000;
;5;13;13001;1;1;1.0;2.0;43,5226001344;5,4106954119;
;1;59;59090;2;1;1.0;6.0;50,7042870000;3,0947560000;
;3;33;33229;1;1;3.0;6.0;44,7811020000; -0,9490520000;
;5;69;69290;2;2;2.0;3.0;45,7146300000;4,9596300000;
;5;92;92072;2;1;1.0;2.0;48,8248400000;2,2136300000;
;5;77;77490;2;1;1.0;6.0;49,0337040000;3,1127040000;
;1;71;71011;1;3;1.0;2.0;46,3094330000;4,0390420000;
;1;10;10387;2;1;8.0;3.0;48,2888661012;4,0735352039;
;1;92;92050;2;1;1.0;5.0;48,8960000000;2,2170500000;
;1;59;59560;2;3;1.0;3.0;50,5522300000;3,0539800000;
;1;67;67482;2;1;1.0;6.0;48,5434400000;7,7720400000;
;1;95;95351;1;6;1.0;2.0;49,0300880000;2,4996900000;
;1;21;21464;2;1;1.0;6.0;47,1355750000;4,9537610000;
;1;988;98802;2;3;1.0;3.0; -21,8611780000;166,0429110000;
;1;06;06088;2;1;1.0;3.0;43,7100440000;7,2825230000;
;1;92;92050;2;1;1.0;1.0;48,8904400000;2,2267300000;
;1;92;92049;2;2;1.0;3.0;48,8198360000;2,3108650000;
;1;59;59178;2;6;1.0;3.0;50,3791500000;3,0806200000;
;1;67;67482;2;3;1.0;3.0;48,5663800000;7,7081400000;
;1;92;92048;2;9;1.0;7.0;48,7837596384;2,2316984832;
;1;973;97311;1;1;2.0;1.0;5,4576410000; -54,0409330000;
;1;91;91095;2;1;1.0;1.0;48,5144560000;2,3177140000;
;5;59;59122;2;1;1.0;6.0;50,1836500000;3,2565500000;
;1;01;01053;2;2;3.0;6.0;46,2096960000;5,2299080000;
;5;66;66136;2;1;1.0;6.0;42,7108000000;2,8990800000;
;4;92;92044;2;2;1.0;3.0;48,8930200000;2,2868500000;
;1;31;31433;2;1;1.0;3.0;43,5403440000;1,4139690000;
;1;92;92048;2;1;1.0;3.0;48,8073860000;2,2427440000;
;1;58;58194;2;1;1.0;2.0;46,9949200000;3,1284000000;
;1;73;73116;1;1;2.0;6.0;45,2485910000;6,3153950000;
;5;973;97311;2;1;1.0;6.0;5,4827820000; -54,0358690000;
;1;75;75113;2;1;1.0;3.0;48,8170450000;2,3484020000;
;1;86;86121;2;1;7.0;6.0;46,6188530000;0,0802130000;
;5;63;63113;2;1;1.0;2.0;45,8068757052;3,1067973375;
;1;92;92036;2;1;1.0;6.0;48,9246180000;2,3044000000;
;1;92;92040;2;1;1.0;3.0;48,8292000000;2,2639200000;
;2;38;38316;2;1;1.0;2.0;45,7543560000;5,1771820000;
;1;58;58194;2;3;2.0;3.0;46,9857100000;3,1527400000;
;1;75;75114;2;4;1.0;6.0;48,8247843551;2,3046344519;