Num_Acc;lum;departement;commune;agglomeration;intersection;meteo;type_collision;lat;long;date
;1;971;97107;1;1;1.0;1.0;16,0111510000; -61,5896750000;
;5;22;22176;2;1;1.0;6.0;48,4611840000; -2,7410030000;
;2;63;63113;2;1;1.0;3.0;45,7688900000;3,0947200000;
;1;92;92036;2;4;1.0;6.0;48,9265909159;2,2945466637;
;1;92;92040;2;1;1.0;3.0;48,8192862537;2,2786325812;
;1;26;26317;2;1;1.0;1.0;44,2985640000;5,0095750000;
;5;75;75106;2;7;2.0;6.0;48,8537903722;2,3442801833;
;5;57;57666;2;3;1.0;6.0;49,3457611642;6,1504204170;
;1;2B;2B140;1;1;1.0;1.0;42,5029130000;9,3029520000;
;1;60;60589;1;1;1.0;2.0;49,2436740000;2,4744340000;
;1;92;92036;2;6;1.0;6.0;48,9328200000;2,3025700000;
;1;63;63014;2;1;1.0;3.0;45,7578900000;3,1261900000;
;1;64;64430;2;9;1.0;6.0;43,4827880000; -0,7564370000;
;1;56;56121;2;1;1.0;6.0;47,7690000000; -3,3750000000;
;1;75;75105;2;1;1.0;3.0;48,8513430574;2,3506410420;
;1;92;92036;2;3;1.0;3.0;48,9405627804;2,2915447354;
;1;2B;2B134;2;6;1.0;4.0;42,6337650000;8,9398830000;
;3;40;40019;1;1;1.0;7.0;44,1919130000; -1,1895280000;
;2;92;92024;2;1;1.0;3.0;48,9042400000;2,3049300000;
;1;54;54431;2;1;1.0;2.0;48,9084420000;6,0393830000;
;1;63;63113;2;4;1.0;3.0;45,7597900000;3,0939200000;
;3;2A;2A041;2;1;1.0;6.0;41,3906950000;9,2242560000;
;1;76;76684;1;1;2.0;6.0;49,4853010000;0,4633030000;
;3;33;33075;1;1;1.0;2.0;44,8833890000; -0,6225220000;
;1;92;92036;2;3;1.0;3.0;48,9145308856;2,3004947305;
;1;92;92012;2;1;1.0;1.0;48,8350380000;2,2478700000;
;1;54;54304;2;1;1.0;4.0;48,6792683345;6,1425912380;
;1;13;13005;1;1;1.0;7.0;43,2745270000;5,5883930000;
;5;62;62193;2;2;8.0;3.0;50,9454200000;1,8623940000;
;1;75;75119;2;3;2.0;4.0;48,8887950000;2,3931120000;
;5;92;92026;2;1;1.0;3.0;48,8944863184;2,2438550591;
;1;54;54289;2;1;1.0;3.0;48,7400452650;6,2700015315;
;1;59;59094;1;1;1.0;5.0;50,9659589453;2,2185301781;
;1;13;13005;1;1;1.0;7.0;43,2725000000;5,5888000000;
;1;61;61001;2;6;1.0;6.0;48,4340000000;0,0940000000;
;3;34;34299;1;1;8.0;1.0;43,2918420000;3,2906410000;
;1;54;54578;2;1;1.0;6.0;48,6707923760;6,1574144661;
;3;91;91589;1;1;1.0;7.0;48,6704200000;2,3483800000;
;5;92;92062;2;1;1.0;2.0;48,8876155920;2,2332034707;
;1;75;75119;2;3;1.0;6.0;48,8795299339;2,3883180320;
;1;59;59350;2;1;1.0;6.0;50,6564033208;3,0890625715;
;1;13;13081;1;1;1.0;2.0;43,4798390000;5,2400250000;
;1;21;21585;1;1;1.0;7.0;47,2161331266;5,0800468773;
;2;62;62696;1;2;3.0;3.0;50,5709370000;2,1729540000;
;1;91;91161;1;1;1.0;2.0;48,7109800000;2,2975000000;
;5;92;92026;2;6;1.0;3.0;48,9051866170;2,2560440898;
;5;75;75118;2;3;2.0;3.0;48,8868244690;2,3596760631;
;1;13;13001;1;1;1.0;2.0;43,4725940000;5,4071780000;
;2;73;73051;2;1;3.0;1.0;45,6436817480;5,8624059856;
;3;56;56107;1;1;1.0;2.0;47,7220800000; -3,3823900000;
;1;54;54395;2;2;1.0;5.0;48,6733954953;6,1739543080;
;1;91;91347;1;1;1.0;2.0;48,6221300000;2,2807100000;
;5;75;75117;2;1;1.0;6.0;48,8868091838;2,2954384983;
;3;38;38238;1;2;1.0;1.0;45,5009480000;5,0113530000;
;1;73;73179;1;6;1.0;3.0;45,6009420000;5,8762000000;
;1;92;92025;2;3;1.0;3.0;48,9118304365;2,2326957285;
;1;67;67482;1;1;1.0;3.0;48,5848500000;7,7248700000;
;1;53;53130;2;1;1.0;3.0;48,0687700000; -0,7620000000;
;2;26;26037;2;1;1.0;6.0;44,8726600000;4,9416580000;
;1;91;91687;1;1;1.0;3.0;48,6622500000;2,3690100000;
;1;69;69277;1;1;1.0;2.0;45,7203340000;5,0515710000;
;5;75;75117;2;2;2.0;6.0;48,8838164180;2,3047705740;
;1;92;92024;2;1;1.0;6.0;48,9038556402;2,2986588925;
;1;51;51055;2;6;1.0;3.0;49,2763600000;4,0553700000;
;1;07;07245;1;1;1.0;6.0;45,0816150000;4,7777260000;
;5;54;54329;2;3;1.0;1.0;48,5818900000;6,5042400000;
;3;94;94038;1;1;1.0;3.0;48,7779408208;2,3466768615;
;1;92;92024;2;3;1.0;6.0;48,9072855981;2,3003414422;
;2;42;42069;2;3;1.0;3.0;45,9995930000;4,0613200000;
;5;75;75113;2;5;2.0;3.0;48,8367720000;2,3518510000;
;3;01;01441;2;1;1.0;6.0;46,0765430000;5,5332790000;
;1;33;33013;1;1;1.0;5.0;44,8677300000; -0,4925800000;
;1;51;51454;2;2;2.0;3.0;49,2128852037;4,0222768486;
;1;92;92023;2;1;1.0;1.0;48,7852168567;2,2511174083;
;5;49;49099;2;7;1.0;2.0;47,0518700000; -0,8839100000;
;1;75;75111;2;1;1.0;6.0;48,8582628839;2,3839406669;
;1;92;92072;1;1;1.0;2.0;48,8205945740;2,2186143918;
;3;16;16370;1;1;1.0;6.0;45,6031120130;0,0193360440;
;3;77;77415;1;1;1.0;2.0;48,9309480000;3,0234340000;
;3;62;62852;1;1;1.0;6.0;50,9363500000;2,0654300000;
;1;51;51454;2;1;2.0;3.0;49,2630134192;4,0575210750;
;5;49;49007;2;1;2.0;3.0;47,4689800000; -0,5594800000;
;2;29;29256;1;1;1.0;6.0;48,2045590000; -4,3054930000;
;1;92;92019;2;1;1.0;2.0;48,7648036413;2,2562651038;
;5;75;75104;2;3;1.0;3.0;48,8545820000;2,3629330000;
;1;78;78158;1;1;1.0;4.0;48,8347590000;2,1321870000;
;1;51;51454;2;3;1.0;3.0;49,2696900000;4,0311100000;
;5;49;49007;2;1;1.0;6.0;47,4504900000; -0,5556200000;
;1;01;01399;1;3;1.0;3.0;46,2921880000;6,0791090000;
;5;94;94081;2;1;2.0;3.0;48,7963000000;2,4165900000;
;1;50;50147;1;1;1.0;6.0;49,0569200000; -1,4618700000;
;1;92;92012;2;1;1.0;3.0;48,8291181122;2,2451578081;
;3;91;91228;1;1;1.0;4.0;48,6124000000;2,4322000000;
;3;67;67534;1;1;1.0;2.0;48,7500740000;7,5225560000;
;1;94;94028;2;9;2.0;6.0;48,7684100000;2,4651300000;
;1;47;47031;1;6;8.0;3.0;44,1787800000;0,6186400000;
;1;50;50129;1;3;1.0;3.0;49,6202200000; -1,5822200000;
;1;92;92012;2;2;1.0;3.0;48,8369141833;2,2364829406;
;5;44;44109;2;7;2.0;6.0;47,2332400000; -1,5655800000;
;3;92;92023;1;1;1.0;4.0;48,7766292971;2,2331996201;
;1;78;78043;1;1;2.0;4.0;48,8419300000;2,1021950000;
;3;30;30202;1;6;1.0;1.0;44,2475850000;4,6510680000;
;5;94;94054;2;3;3.0;2.0;48,7447800000;2,3863200000;
;1;49;49007;2;6;1.0;3.0;47,4481330634; -0,5382388830;
;1;91;91589;1;1;1.0;4.0;48,6715800000;2,3463700000;
;1;43;43002;2;1;2.0;2.0;45,0499120000;3,8816110000;
;1;93;93007;1;1;1.0;2.0;48,9511831351;2,4502991194;
;1;92;92012;2;2;1.0;6.0;48,8467281095;2,2368529513;
;5;93;93064;2;1;2.0;3.0;48,8846667400;2,4835446327;
;1;44;44143;2;1;1.0;1.0;47,1882300000; -1,5736900000;
;1;51;51359;1;3;1.0;3.0;48,8585530000;3,5101850000;
;1;91;91228;1;1;1.0;2.0;48,6324100000;2,4066100000;
;1;95;95500;1;1;1.0;5.0;49,0378000000;2,0895900000;
;1;35;35238;2;1;1.0;3.0;48,0984634285; -1,6978999972;
;1;95;95042;1;1;1.0;2.0;49,0616820127;2,3148751259;
;2;44;44143;2;6;1.0;3.0;47,1705800000; -1,5488900000;
;1;92;92012;2;1;1.0;2.0;48,8364307367;2,2526494860;
;2;56;56122;1;1;8.0;1.0;48,0097790000; -2,3936460000;
;5;93;93031;2;2;2.0;3.0;48,9529800000;2,3159100000;
;1;34;34108;2;1;1.0;1.0;43,4207300000;3,7362300000;
;1;94;94028;1;1;2.0;3.0;48,7893256603;2,4401932752;
;1;76;76452;2;9;1.0;6.0;49,5476030000;1,0735950000;
;5;92;92004;1;1;1.0;2.0;48,9078646833;2,2731305659;
;5;33;33162;2;1;1.0;6.0;44,8638400000; -0,6599500000;
;5;44;44109;2;1;1.0;4.0;47,2117000000; -1,5426100000;
;1;93;93031;2;9;2.0;6.0;48,9529520000;2,3074690000;
;1;77;77122;1;1;1.0;7.0;48,6522206256;2,6132676949;
;1;93;93066;1;1;1.0;4.0;48,9110682904;2,3581908480;
;3;33;33345;1;1;1.0;6.0;44,6705150000;0,0783850000;
;1;78;78140;1;1;1.0;7.0;48,9593410000;1,9324770000;
;1;31;31069;2;1;2.0;3.0;43,6488500000;1,3732000000;
;1;93;93013;2;1;1.0;6.0;48,9347109671;2,4255909554;
;1;92;92004;2;9;1.0;3.0;48,9084686630;2,2929912507;
;1;32;32061;1;1;1.0;1.0;43,5373920000;0,7721870000;
;1;76;76351;2;1;1.0;6.0;49,4974400000;0,0923300000;
;3;78;78640;1;1;1.0;2.0;48,7763150000;2,2221270000;
;1;43;43157;2;1;1.0;5.0;45,0445349394;3,8788497448;
;1;29;29232;2;2;3.0;1.0;47,9822200000; -4,0970800000;
;1;93;93010;2;2;8.0;3.0;48,8998700000;2,4814800000;
;5;75;75110;2;1;1.0;6.0;48,8699952246;2,3546368629;
;1;93;93039;1;9;1.0;2.0;48,9268768080;2,3359794749;
;1;71;71509;1;1;1.0;5.0;47,0042191670;4,2055964466;
;1;93;93007;2;1;1.0;6.0;48,9369680827;2,4608954807;
;1;77;77083;1;1;1.0;5.0;48,8319150000;2,6012390000;
;5;25;25056;2;1;8.0;6.0;47,2425200000;6,0100800000;
;1;972;97209;2;4;1.0;6.0;14,6036400000; -61,0721900000;
;2;12;12047;1;1;1.0;7.0;44,4365620000;3,0786520000;
;1;92;92014;2;2;1.0;3.0;48,7879282516;2,3187397867;
;1;93;93001;2;9;8.0;6.0;48,9168790000;2,3896330000;
;1;93;93064;1;1;1.0;4.0;48,8813700000;2,4742000000;
;3;94;94028;1;1;1.0;7.0;48,7760849626;2,4295495219;
;1;25;25056;2;4;2.0;3.0;47,2354070000;5,9616990000;
;1;988;98818;2;3;1.0;2.0; -22,2379100000;166,4473000000;
;2;42;42218;1;1;1.0;1.0;45,4242269092;4,4320159251;
;1;92;92073;2;1;1.0;2.0;48,8675992215;2,2267849445;
;1;92;92002;2;2;1.0;6.0;48,7513705728;2,3044534027;
;2;25;25056;2;1;1.0;2.0;47,2584460000;6,0445750000;
;1;51;51454;2;1;1.0;7.0;49,2507102396;4,0400665998;
;1;41;41018;2;1;1.0;6.0;47,5821230000;1,3223610000;
;1;42;42150;1;3;1.0;6.0;45,7246990000;4,0450640000;
;5;973;97302;2;3;1.0;3.0;4,9395600000; -52,3010900000;
;5;92;92050;2;3;2.0;6.0;48,9118365843;2,2228276804;
;3;22;22360;1;1;2.0;7.0;48,4832228737; -2,7727781832;
;1;92;92002;2;1;1.0;6.0;48,7351047860;2,2864882350;
;1;68;68155;2;1;1.0;6.0;48,0968130000;7,3029670000;
;1;74;74305;2;1;1.0;6.0;46,2017600000;6,2584900000;
;4;69;69387;2;1;1.0;6.0;45,7499200000;4,8583200000;
;3;19;19031;1;1;1.0;7.0;45,1507110000;1,5437820000;
;1;38;38185;2;2;1.0;3.0;45,1706800000;5,7399900000;
;1;35;35294;1;1;1.0;6.0;47,6983030000; -2,0280770000;
;1;94;94081;2;1;1.0;1.0;48,7903200000;2,3801400000;
;2;973;97302;2;2;1.0;3.0;4,9389423761; -52,3283234239;
;1;39;39333;2;3;1.0;3.0;46,4345260000;5,7250250000;
;1;69;69386;1;2;1.0;3.0;45,7675600000;4,8476200000;
;5;19;19031;1;1;1.0;2.0;45,1575892565;1,4911783933;
;1;49;49063;2;6;1.0;6.0;47,3515810000; -0,7635610000;
;1;92;92020;2;2;1.0;5.0;48,8040179888;2,2885465622;
;1;37;37122;2;6;1.0;2.0;47,3503215869;0,6564304233;
;1;973;97302;2;1;1.0;6.0;4,9322345493; -52,3078688979;
;2;25;25157;1;1;2.0;1.0;46,8536280000;6,3729290000;
;1;13;13056;1;1;1.0;3.0;43,3972800000;5,0325100000;
;1;92;92050;2;2;1.0;6.0;48,8982470505;2,2200429440;
;1;69;69199;2;1;1.0;4.0;45,6973650838;4,8580545187;
;1;92;92020;2;3;8.0;7.0;48,8093547839;2,3010840118;
;1;37;37035;1;1;1.0;1.0;46,9835240000;0,3452650000;
;2;37;37261;2;9;3.0;3.0;47,3805062939;0,6663921475;
;5;973;97302;2;2;1.0;3.0;4,9415144118; -52,3289470375;
;1;25;25084;1;1;1.0;6.0;47,1520880000;5,8953130000;
;1;92;92048;2;1;1.0;6.0;48,7907923515;2,2328706086;
;3;44;44186;2;1;2.0;6.0;47,1053250000; -1,8124170000;
;1;62;62758;2;1;1.0;7.0;50,7162230000;1,6377830000;
;1;69;69387;2;1;1.0;6.0;45,7393300000;4,8345800000;
;3;35;35207;1;1;1.0;6.0;48,0989200000; -1,5188170000;
;1;92;92044;2;2;1.0;3.0;48,8956816331;2,2893729508;
;1;972;97213;1;3;1.0;5.0;14,6461600000; -60,9903900000;
;5;13;13208;2;1;3.0;2.0;43,2734200000;5,3852900000;
;1;69;69388;2;1;1.0;6.0;45,7275500000;4,8627500000;
;1;33;33393;2;3;2.0;1.0;44,9872290000; -0,1680460000;
;2;35;35220;1;1;8.0;1.0;48,0078340000; -1,4208300000;
;1;62;62108;1;1;1.0;1.0;50,4103870000;1,5939830000;
;1;37;37051;2;2;1.0;3.0;47,0641400000;0,3167530000;
;2;971;97101;1;1;1.0;3.0;16,2671875168; -61,4755439758;
;1;37;37122;2;2;1.0;1.0;47,3555131691;0,6983399391;
;3;29;29108;2;1;8.0;6.0;47,9974000000; -4,3384880000;
;2;69;69382;2;1;1.0;1.0;45,7316789947;4,8163487178;
;5;13;13047;2;1;8.0;1.0;43,4975400000;4,9807800000;
;3;33;33170;1;2;2.0;3.0;44,5676180000; -0,0316930000;
;1;37;37261;2;1;2.0;7.0;47,3864975789;0,6790924072;
;1;37;37051;1;2;1.0;3.0;47,0794873121;0,3481131792;
;1;69;69034;2;1;1.0;6.0;45,8002576427;4,8480954766;
;2;91;91657;2;3;7.0;3.0;48,6925200000;2,4448900000;
;1;62;62108;1;6;1.0;3.0;50,4049300000;1,6027300000;
;1;28;28253;1;1;7.0;7.0;48,3459820000;1,4142170000;
;5;13;13001;2;1;1.0;2.0;43,5398800000;5,4425300000;
;1;38;38384;1;9;1.0;3.0;45,3458120000;5,3644230000;
;1;37;37261;2;1;1.0;2.0;47,4185900000;0,6912400000;
;1;37;37155;1;1;1.0;6.0;47,6694150000;0,8478440000;
;1;88;88160;2;1;1.0;6.0;48,1726000000;6,4484700000;
;1;95;95555;2;1;1.0;2.0;48,9670500000;2,2835300000;
;1;10;10191;1;1;2.0;3.0;48,3311190000;4,1100880000;
;2;974;97411;2;2;1.0;6.0; -20,8920400000;55,4819100000;
;1;02;02284;2;1;2.0;1.0;49,9101650000;3,8280700000;
;1;35;35055;2;1;1.0;6.0;48,0913616182; -1,6188636795;
;1;11;11069;2;1;1.0;3.0;43,2100000000;2,3643000000;
;1;84;84007;2;1;1.0;6.0;43,9295500000;4,8186100000;
;1;12;12136;1;2;2.0;3.0;44,4227620000;2,1378060000;
;1;28;28081;1;1;1.0;3.0;48,2992330000;1,2992240000;
;5;95;95637;2;1;1.0;3.0;49,0232668159;2,0264598727;
;1;973;97302;2;1;1.0;3.0;4,9399896745; -52,3307079077;
;5;06;06069;2;1;1.0;1.0;43,6364700000;6,9333500000;
;1;84;84007;2;1;1.0;2.0;43,9532100000;4,8143100000;
;1;35;35245;2;1;1.0;6.0;48,2200723198; -1,8940620124;
;1;72;72328;1;3;1.0;5.0;48,0471800000;0,2580400000;
;1;95;95323;2;1;1.0;6.0;49,0132100000;2,0433500000;
;1;973;97302;2;1;1.0;3.0;4,9359694914; -52,2980010509;
;1;35;35206;1;1;1.0;4.0;48,0801134549; -1,6808947921;
;1;27;27355;2;3;2.0;3.0;48,8831760000;1,4605380000;
;1;06;06004;2;1;1.0;2.0;43,5738500000;7,0900560000;
;1;30;30011;2;1;1.0;3.0;43,9590100000;4,7492300000;
;2;06;06079;1;1;1.0;3.0;43,5249660000;6,9032600000;
;1;35;35238;2;1;1.0;6.0;48,1237300000; -1,7036400000;
;1;91;91161;1;9;1.0;2.0;48,7150730000;2,3036320000;
;1;69;69386;2;2;1.0;7.0;45,7648800000;4,8435700000;
;1;12;12096;1;1;2.0;3.0;44,5030100000;2,7394150000;
;2;86;86153;1;1;1.0;5.0;46,4161420000;0,6823810000;
;1;30;30011;1;1;1.0;2.0;43,9501200000;4,7611300000;
;1;05;05061;2;1;1.0;3.0;44,5555900000;6,0789980000;
;3;64;64147;1;9;1.0;3.0;43,4666560000; -1,2892200000;
;5;35;35238;2;2;8.0;1.0;48,1086100000; -1,6929700000;
;1;91;91657;2;1;1.0;3.0;48,7011000000;2,4231800000;
;1;69;69388;2;3;1.0;3.0;45,7320800000;4,8607300000;
;1;2A;2A090;1;1;1.0;1.0;42,0859460000;8,7163640000;
;1;84;84007;2;4;1.0;6.0;43,9514100000;4,8336200000;
;1;35;35238;2;1;8.0;6.0;48,0896000000; -1,6601000000;
;3;38;38517;1;1;8.0;7.0;45,3203490000;5,4643250000;
;1;75;75116;2;1;1.0;2.0;48,8697840000;2,2716840000;
;1;73;73128;2;2;8.0;3.0;45,7225530000;5,9183480000;
;1;51;51455;1;1;2.0;7.0;48,7235640000;4,6437840000;
;1;91;91027;2;3;1.0;2.0;48,7057800000;2,3676400000;
;1;43;43183;1;1;1.0;7.0;45,1369780000;3,6053400000;
;1;69;69383;2;2;1.0;5.0;45,7532700000;4,8490300000;
;1;72;72231;1;1;1.0;1.0;47,8976430000;0,4059790000;
;1;34;34172;2;1;1.0;4.0;43,6341300000;3,8226100000;
;1;83;83069;2;1;1.0;5.0;43,1134200000;6,1018100000;
;5;75;75120;2;2;8.0;3.0;48,8707676775;2,3992721736;
;1;2A;2A276;1;1;1.0;1.0;41,7354220000;8,8001560000;
;1;87;87085;2;3;1.0;3.0;45,8329400000;1,2678000000;
;1;62;62473;2;8;1.0;6.0;50,6128710000;2,4630560000;
;1;69;69386;2;4;1.0;2.0;45,7727700000;4,8527300000;
;1;01;01362;2;1;1.0;6.0;45,9474940000;4,8717730000;
;5;81;81065;2;2;1.0;3.0;43,6019610000;2,2414150000;
;1;85;85059;1;2;1.0;6.0;46,6499080000; -0,7539370000;
;5;75;75118;2;7;1.0;6.0;48,8838778566;2,3327855766;
;1;33;33069;2;6;2.0;3.0;44,8636100000; -0,6063800000;
;1;82;82125;2;3;1.0;1.0;43,9583560000;1,2331940000;
;1;87;87050;1;1;1.0;2.0;45,9154029506;1,2135057652;
;1;69;69388;2;2;1.0;6.0;45,7412400000;4,8851700000;
;1;25;25575;1;3;1.0;3.0;47,2891300000;6,1457720000;
;1;28;28140;2;1;1.0;2.0;48,6125090000;1,6713170000;
;1;81;81065;2;3;1.0;3.0;43,6082370000;2,2452910000;
;1;33;33522;2;1;1.0;3.0;44,8021000000; -0,5881000000;
;1;82;82087;1;1;2.0;1.0;44,1045070000;1,2775060000;
;1;69;69386;2;2;1.0;6.0;45,7668100000;4,8453800000;
;1;17;17455;1;1;1.0;1.0;45,8848100000; -0,8750870000;
;1;75;75117;2;4;8.0;3.0;48,8847440000;2,2985410000;
;1;13;13051;1;1;1.0;2.0;43,5764770000;5,1509380000;
;1;32;32287;1;1;8.0;6.0;43,3938220000;0,6600380000;
;2;33;33281;2;1;1.0;1.0;44,8320500000; -0,6707300000;
;1;22;22370;1;1;1.0;1.0;48,6732500000; -3,0238390000;
;3;972;97213;1;1;1.0;6.0;14,6215030000; -61,0181600000;
;1;80;80021;2;1;1.0;6.0;49,9116600000;2,3041700000;
;3;57;57119;1;1;1.0;6.0;48,7361390000;7,0857260000;
;2;41;41059;1;1;9.0;6.0;47,3932930000;1,3444880000;
;1;972;97213;1;9;1.0;3.0;14,6475300000; -61,0103900000;
;1;25;25147;1;1;7.0;7.0;47,2111150000;5,9107730000;
;1;22;22302;1;3;1.0;3.0;48,5826970000; -2,1892620000;
;5;33;33249;2;2;1.0;3.0;44,8728800000; -0,5248400000;
;1;75;75116;2;1;1.0;4.0;48,8476210000;2,2751430000;
;1;80;80021;2;1;1.0;1.0;49,9270800000;2,2854700000;
;3;60;60680;1;1;1.0;2.0;49,2678632369;2,6914777308;
;1;77;77122;2;1;1.0;6.0;48,6584800000;2,5562000000;
;5;972;97209;2;1;1.0;2.0;14,6053500000; -61,0520700000;
;2;01;01380;1;1;3.0;6.0;46,4506340000;5,1545900000;
;1;41;41034;1;1;1.0;5.0;47,6297900000;1,5140600000;
;5;80;80674;1;1;1.0;7.0;49,9065528975;2,3473334315;
;1;75;75116;2;3;2.0;6.0;48,8598650000;2,2795260000;
;5;76;76484;1;1;1.0;1.0;49,3262800000;1,0418100000;
;5;69;69034;2;1;1.0;3.0;45,8132700000;4,8604700000;
;1;01;01093;1;1;2.0;2.0;46,1513770000;4,9616800000;
;2;31;31149;2;1;1.0;3.0;43,5981800000;1,3614900000;
;5;27;27701;2;9;1.0;7.0;49,2472600000;1,1872700000;
;3;95;95116;1;1;1.0;1.0;49,1605270000;2,3276640000;
;2;14;14302;1;1;2.0;6.0;49,2872320000;0,0824990000;
;1;76;76351;2;2;1.0;3.0;49,5000000000;0,1298300000;
;1;69;69389;2;3;1.0;6.0;45,7658900000;4,8054500000;
;5;75;75115;2;5;2.0;3.0;48,8450818580;2,3200866580;
;1;29;29232;1;6;1.0;3.0;47,9836638132; -4,0747168065;
;2;22;22278;2;3;1.0;3.0;48,5162000000; -2,7759410000;
;1;77;77296;2;3;1.0;6.0;48,6273800000;2,5912800000;
;3;27;27563;1;1;1.0;5.0;49,3871470000;0,5077900000;
;1;74;74298;1;3;1.0;3.0;46,1681440000;6,2713730000;
;1;29;29039;2;6;2.0;7.0;47,8899768863; -3,9166259766;
;1;2B;2B120;1;1;1.0;4.0;42,6475200000;9,4402900000;
;3;11;11281;1;1;1.0;2.0;43,2632252477;2,0190653388;
;1;76;76552;2;1;1.0;6.0;49,5048800000;0,0803500000;
;5;17;17300;2;2;1.0;3.0;46,1601000000; -1,1465000000;
;1;75;75115;2;1;1.0;2.0;48,8476900000;2,2954210000;
;3;73;73240;1;1;1.0;1.0;45,4677460000;6,0437250000;
;1;13;13103;1;9;1.0;2.0;43,6778360000;5,0956390000;
;1;29;29019;1;1;1.0;3.0;48,3969350000; -4,5166450000;
;1;33;33001;1;1;1.0;1.0;44,9951820000; -0,1267750000;
;1;971;97113;2;1;1.0;6.0;16,2060800000; -61,4960400000;
;5;76;76447;2;1;1.0;1.0;49,5254504862;0,1830781402;
;1;72;72181;2;2;1.0;3.0;48,0131000000;0,1853500000;
;1;27;27681;2;6;3.0;6.0;49,0786355485;1,4468994139;
;1;17;17300;2;2;1.0;2.0;46,1543800000; -1,1460200000;
;3;13;13049;1;1;1.0;2.0;43,7193720837;5,0908256887;
;3;31;31113;1;1;1.0;1.0;43,5134640000;1,5267560000;
;1;75;75113;2;2;1.0;3.0;48,8267970000;2,3532930000;
;1;69;69264;2;1;1.0;6.0;45,9935200000;4,7316300000;
;3;27;27681;2;9;8.0;6.0;49,0958700000;1,4640300000;
;3;88;88224;1;1;2.0;7.0;48,3232440000;6,4448330000;
;1;74;74012;2;1;1.0;3.0;46,1904300000;6,2482200000;
;1;17;17300;2;9;1.0;1.0;46,1535940000; -1,1550260000;
;1;974;97414;1;3;1.0;3.0; -21,2844260000;55,4253980000;
;1;71;71270;1;1;1.0;6.0;46,3617500000;4,8307350000;
;1;95;95218;2;5;1.0;1.0;49,0184707455;2,0959907770;
;1;66;66136;2;3;1.0;3.0;42,7327000000;2,8899100000;
;1;22;22113;1;9;1.0;3.0;48,7366960000; -3,4345560000;
;3;31;31433;1;3;1.0;3.0;43,5355370000;1,3767240000;
;1;75;75113;2;3;1.0;3.0;48,8355310000;2,3721390000;
;1;14;14327;2;9;1.0;3.0;49,2074600000; -0,3170400000;
;1;18;18033;2;1;3.0;7.0;47,0807200000;2,3894600000;
;1;72;72181;2;2;1.0;3.0;47,9860700000;0,2251100000;
;1;972;97229;1;1;1.0;1.0;14,6217330000; -61,1062950000;
;1;75;75113;2;1;8.0;6.0;48,8212490000;2,3459300000;
;1;17;17333;2;1;1.0;6.0;45,6117780000; -0,9869520000;
;1;91;91589;2;1;1.0;3.0;48,6851000000;2,3492000000;
;3;95;95199;2;1;2.0;3.0;49,0319900000;2,3408820000;
;1;03;03186;1;1;1.0;6.0;46,3235490000;2,9264400000;
;2;65;65286;2;3;1.0;6.0;43,0922030000; -0,0461780000;
;2;83;83086;1;4;1.0;6.0;43,4665570000;6,5454700000;
;1;88;88160;2;1;1.0;6.0;48,1940500000;6,4560600000;
;1;13;13071;1;1;1.0;2.0;43,4062000000;5,3308900000;
;1;2B;2B350;1;1;1.0;3.0;42,5225600000;9,4065100000;
;1;66;66213;2;9;8.0;3.0;42,6731240000;2,8354010000;
;1;14;14366;1;1;1.0;3.0;49,1275000000;0,2250030000;
;1;64;64024;2;3;1.0;3.0;43,5018000000; -1,5205700000;
;1;64;64483;2;3;1.0;3.0;43,3924000000; -1,6530700000;
;5;75;75112;2;7;1.0;2.0;48,8397437469;2,3954674602;
;1;11;11172;1;3;7.0;3.0;43,2660890000;2,7356410000;
;1;13;13201;2;1;1.0;2.0;43,3055143681;5,3919479364;
;1;87;87085;2;1;1.0;1.0;45,8626500000;1,2715100000;
;1;2A;2A247;1;1;1.0;1.0;41,6416340000;9,2626490000;
;3;42;42334;1;1;1.0;4.0;45,8591194820;4,3447914719;
;1;59;59352;2;1;1.0;6.0;50,7401720000;3,0798420000;
;1;13;13216;2;9;1.0;2.0;43,3648900000;5,3466000000;
;1;64;64249;2;1;1.0;3.0;43,4213800000; -1,6074400000;
;3;06;06149;1;1;2.0;5.0;43,7411660000;7,3300050000;
;1;13;13206;2;2;1.0;3.0;43,2839700000;5,3849400000;
;1;87;87050;2;1;1.0;2.0;45,8669900000;1,2382200000;
;1;66;66171;2;1;7.0;2.0;42,6291206857;3,0066677928;
;3;59;59648;1;1;1.0;6.0;50,5809000000;3,0331400000;
;1;13;13203;2;1;1.0;1.0;43,3133100000;5,3715800000;
;5;75;75112;2;1;1.0;2.0;48,8446490000;2,3653860000;
;1;64;64125;2;1;1.0;1.0;43,4596100000; -1,5718500000;
;3;26;26005;1;1;1.0;5.0;44,5029950000;4,7696970000;
;2;21;21684;1;1;2.0;3.0;47,0219150000;4,8712620000;
;1;84;84087;2;1;1.0;3.0;44,1327000000;4,8141000000;
;1;13;13207;2;1;1.0;5.0;43,2896800000;5,3569400000;
;3;66;66164;1;1;1.0;6.0;42,7774320000;2,9042320000;
;5;59;59378;2;1;1.0;3.0;50,6641800000;3,0896600000;
;1;13;13206;2;2;1.0;3.0;43,2843800000;5,3806100000;
;1;23;23033;1;1;1.0;1.0;46,1797313599;1,8012428284;
;1;34;34179;1;2;1.0;1.0;43,6042350000;3,7409730000;
;1;62;62498;2;1;1.0;3.0;50,4412960000;2,8003000000;
;5;13;13001;2;1;1.0;3.0;43,5193700000;5,4333200000;
;2;83;83023;2;1;8.0;6.0;43,4074680000;6,0533170000;
;1;83;83137;2;1;1.0;3.0;43,1225500000;5,9390500000;
;1;13;13203;2;1;1.0;3.0;43,3110800000;5,3784700000;
;3;88;88106;1;1;1.0;7.0;48,1454440000;6,9780780000;
;5;75;75111;2;7;1.0;2.0;48,8490910000;2,3947220000;
;3;59;59588;2;6;1.0;3.0;51,0091440000;2,4531590000;
;3;13;13004;1;3;1.0;1.0;43,5674020000;4,7422960000;
;1;56;56162;2;6;7.0;2.0;47,7410600000; -3,4260300000;
;1;988;98827;1;1;8.0;6.0; -21,4241100000;165,2671500000;
;1;75;75119;2;1;1.0;2.0;48,9004790000;2,3752800000;
;1;83;83137;2;9;1.0;1.0;43,1401730000;5,9152720000;
;1;13;13211;2;1;1.0;3.0;43,2876143464;5,4649208678;
;1;57;57012;2;1;1.0;6.0;49,3799400000;6,0729100000;
;1;75;75110;2;1;8.0;6.0;48,8803184088;2,3575986922;
;1;89;89136;1;1;1.0;6.0;48,2648200000;3,2905450000;
;1;50;50218;2;1;7.0;6.0;48,8379000000; -1,5678100000;
;1;46;46103;1;1;7.0;1.0;44,2627350000;1,3976240000;
;1;80;80164;1;1;1.0;2.0;49,8946000000;2,3746300000;
;1;75;75120;2;4;1.0;3.0;48,8534840000;2,4143080000;