Num_Acc;lum;departement;commune;agglomeration;intersection;meteo;type_collision;lat;long;date
;1;35;35278;2;6;8.0;6.0;48,1532593388; -1,6968619823;
;1;988;98818;1;6;1.0;3.0; -22,2676500000;166,4637200000;
;1;06;06064;2;6;1.0;6.0;43,7659960000;7,2013560000;
;1;974;97411;1;1;1.0;7.0; -20,8863000000;55,4371800000;
;1;94;94076;2;1;1.0;1.0;48,7857500000;2,3668900000;
;5;35;35238;2;3;1.0;3.0;48,0968600000; -1,6335500000;
;3;68;68260;1;1;2.0;3.0;47,8784980000;7,2749340000;
;3;972;97209;1;1;1.0;1.0;14,6169900000; -61,0594500000;
;5;33;33162;2;3;1.0;3.0;44,8922900000; -0,6633600000;
;1;69;69286;2;1;1.0;1.0;45,8065400000;4,8882700000;
;1;56;56233;2;1;1.0;7.0;47,5906230000; -3,0160900000;
;1;29;29232;2;6;1.0;7.0;47,9909500000; -4,0726500000;
;1;67;67448;1;1;1.0;7.0;48,4847630000;7,1701400000;
;1;69;69382;2;9;1.0;3.0;45,7390800000;4,8175800000;
;2;29;29232;2;1;1.0;6.0;47,9970500000; -4,1002200000;
;1;12;12062;1;1;1.0;3.0;44,1575170000;2,9326630000;
;1;2A;2A004;2;1;8.0;2.0;41,9254300000;8,7388400000;
;2;25;25388;2;3;1.0;1.0;47,5216857316;6,8173438311;
;1;47;47232;1;1;1.0;3.0;44,5002210000;0,3620070000;
;1;24;24322;2;1;1.0;5.0;45,1790500000;0,7114400000;
;2;44;44072;2;1;1.0;6.0;47,4525580000; -2,2965660000;
;5;91;91425;2;1;1.0;4.0;48,6427400000;2,2693100000;
;1;50;50523;2;1;1.0;7.0;49,4034970000; -1,3239970000;
;5;19;19275;2;9;1.0;6.0;45,5497964917;2,3173427582;
;5;78;78172;2;1;1.0;7.0;48,9905500000;2,0867000000;
;1;19;19031;2;1;1.0;6.0;45,1676001054;1,5514132977;
;1;45;45341;1;4;1.0;3.0;48,0429720000;1,6727970000;
;1;74;74012;2;1;1.0;4.0;46,1913200000;6,2541500000;
;3;15;15014;2;1;1.0;6.0;44,9376170000;2,4279920000;
;1;04;04208;1;1;1.0;1.0;43,9715770000;5,5345670000;
;5;13;13214;2;1;1.0;2.0;43,3314600000;5,3772600000;
;1;69;69256;2;1;1.0;6.0;45,7890100000;4,9154400000;
;1;17;17253;1;1;1.0;2.0;45,9753710000; -0,9140180000;
;5;13;13215;2;1;1.0;1.0;43,3411400000;5,3771500000;
;1;87;87061;1;1;8.0;1.0;46,1591600000;1,1320640000;
;1;59;59431;2;2;1.0;3.0;50,7006732011;2,8639045358;
;5;13;13004;2;1;1.0;1.0;43,6854500000;4,6341800000;
;5;47;47001;2;1;1.0;6.0;44,2079500000;0,6320600000;
;1;30;30114;1;1;1.0;3.0;43,8145250000;4,0954540000;
;5;10;10333;2;1;1.0;4.0;48,2796800000;4,0430000000;
;5;45;45302;2;1;1.0;6.0;47,9654000000;1,8880200000;
;5;987;98715;1;9;1.0;7.0; -17,5845220000; -149,5685780000;
;4;10;10357;2;1;8.0;3.0;48,3027513712;4,1007971764;
;2;22;22246;1;1;8.0;;48,4767620000; -2,6120850000;
;1;45;45147;2;1;1.0;3.0;47,9255640355;1,8998789191;
;1;09;09225;1;1;1.0;2.0;43,1282900000;1,6279700000;
;1;45;45068;2;1;1.0;3.0;48,0071800000;2,7141100000;
;1;25;25157;1;3;1.0;1.0;46,8459720000;6,3704400000;
;1;06;06123;2;1;1.0;1.0;43,6651790000;7,1964690000;
;1;45;45068;2;6;1.0;3.0;48,0068800000;2,7197200000;
;3;987;98725;2;3;1.0;1.0; -17,5610800000; -149,4775240000;
;1;37;37261;2;1;1.0;2.0;47,3943300000;0,6678200000;
;1;05;05061;2;3;1.0;3.0;44,5535000000;6,0786800000;
;1;37;37261;2;2;1.0;3.0;47,3866337779;0,6921923161;
;1;987;98723;1;1;1.0;1.0; -9,7792680000; -139,0068320000;
;3;05;05061;1;1;1.0;7.0;44,5922200000;6,0819300000;
;1;33;33063;2;1;1.0;3.0;44,8349600000; -0,5729600000;
;1;971;97131;2;1;1.0;7.0;15,8639610000; -61,5809820000;
;5;75;75111;2;3;1.0;6.0;48,8606910000;2,3673550000;
;1;13;13022;1;1;1.0;6.0;43,2087180000;5,5569360000;
;1;31;31555;1;1;1.0;6.0;43,6562700000;1,4139600000;
;5;75;75119;2;1;1.0;6.0;48,8947700000;2,3943390000;
;1;13;13015;2;6;1.0;1.0;43,4326580000;5,3963580000;
;1;25;25388;2;9;3.0;3.0;47,5125940000;6,7850580000;
;2;75;75115;2;2;1.0;3.0;48,8458860000;2,2773420000;
;1;67;67282;1;1;1.0;1.0;48,6230560000;7,4737870000;
;1;13;13071;2;3;1.0;5.0;43,4166800000;5,3644900000;
;1;67;67080;2;1;1.0;1.0;48,5611620000;7,5309080000;
;1;13;13214;1;1;2.0;1.0;43,3330934266;5,3955338169;
;1;75;75115;2;2;1.0;3.0;48,8544240000;2,2886570000;
;4;73;73006;1;1;1.0;7.0;45,5455150000;6,6031640000;
;1;75;75113;2;1;1.0;6.0;48,8316820000;2,3590290000;
;1;13;13212;2;2;1.0;3.0;43,3075200000;5,4248400000;
;3;42;42147;1;3;1.0;3.0;45,5848970000;4,1005610000;
;5;13;13208;2;1;9.0;6.0;43,2798500000;5,3870800000;
;5;75;75111;2;3;1.0;3.0;48,8655920000;2,3670540000;
;1;75;75107;2;2;1.0;7.0;48,8494368928;2,3151272535;
;2;07;07072;1;1;3.0;3.0;44,7370100000;4,6153400000;
;5;38;38374;2;4;1.0;6.0;45,6311000000;5,3689720000;
;1;06;06069;1;1;1.0;6.0;43,6779110000;6,9503600000;
;5;38;38565;2;1;1.0;6.0;45,2924710000;5,6319680000;
;5;75;75101;2;7;1.0;3.0;48,8573210000;2,3468450000;
;5;01;01344;2;1;1.0;6.0;46,1984000000;5,1764600000;
;1;94;94052;2;1;1.0;6.0;48,8381000000;2,4848900000;
;1;17;17077;2;1;1.0;1.0;45,1401610000; -0,1642090000;
;1;75;75116;2;1;1.0;2.0;48,8440890000;2,2546860000;
;1;33;33237;1;1;1.0;6.0;44,5106350000; -0,3363330000;
;1;94;94081;2;1;1.0;2.0;48,7885110000;2,3753920000;
;1;75;75110;2;1;1.0;1.0;48,8686830000;2,3574430000;
;1;85;85092;2;1;1.0;3.0;46,4658700000; -0,8036870000;
;2;94;94004;1;1;1.0;2.0;48,7574200000;2,5040500000;
;1;75;75105;2;3;1.0;6.0;48,8512650000;2,3508710000;
;5;93;93049;2;1;1.0;3.0;48,8611700000;2,5088200000;
;1;50;50121;1;2;1.0;3.0;48,8117740000; -1,1668570000;
;1;93;93032;2;3;8.0;3.0;48,8749600000;2,5513000000;
;1;14;14044;1;2;1.0;3.0;49,2685360000; -0,4367710000;
;1;75;75119;2;7;1.0;2.0;48,9001600000;2,3872350000;
;1;14;14228;1;1;1.0;7.0;49,2839180000; -0,3805950000;
;5;93;93047;2;3;2.0;3.0;48,8992800000;2,5625500000;
;1;75;75119;2;1;1.0;6.0;48,8916960000;2,3783340000;
;1;22;22179;2;1;1.0;6.0;48,6287680000; -2,3586170000;
;2;93;93001;2;1;1.0;6.0;48,9069100000;2,3888800000;
;1;75;75119;2;4;1.0;3.0;48,8804170000;2,3796220000;
;5;92;92046;2;1;1.0;3.0;48,8147460000;2,2867840000;
;1;92;92050;2;1;1.0;6.0;48,9080358204;2,2282719612;
;5;75;75117;2;3;1.0;3.0;48,8832170000;2,3253370000;
;1;60;60395;2;3;1.0;3.0;49,2171749913;2,1284755468;
;1;75;75115;2;2;1.0;6.0;48,8309240000;2,2923380000;
;5;92;92044;2;4;1.0;3.0;48,8981600000;2,2770600000;
;1;59;59214;1;2;2.0;3.0;50,3003090000;3,0557440000;
;2;92;92044;2;1;1.0;7.0;48,8922140000;2,2831330000;
;5;75;75113;2;3;1.0;7.0;48,8346560000;2,3533310000;
;1;13;13212;2;1;1.0;6.0;43,3210010000;5,4224930000;
;3;25;25474;1;1;1.0;6.0;47,3379830000;6,2209290000;
;1;75;75113;2;3;1.0;3.0;48,8329630000;2,3787510000;
;1;13;13106;1;1;1.0;3.0;43,3900000000;5,3500000000;
;2;41;41045;1;1;2.0;6.0;47,4833510000;1,1991620000;
;2;13;13071;1;1;1.0;3.0;43,4152400000;5,2784100000;
;1;75;75107;2;1;1.0;2.0;48,8595100000;2,2925320000;
;3;28;28015;1;1;1.0;3.0;48,5100370000;1,7490580000;
;5;75;75112;2;1;1.0;3.0;48,8489460000;2,3731110000;
;1;83;83144;1;1;1.0;2.0;43,1343660753;5,9875059128;
;2;51;51183;1;1;2.0;1.0;49,3042090000;4,0275190000;
;1;69;69297;1;1;1.0;7.0;45,5880800000;4,7851200000;
;1;75;75111;2;2;1.0;3.0;48,8580360000;2,3716740000;
;2;19;19039;1;1;1.0;6.0;45,2871940000;1,9811480000;
;1;33;33003;1;1;1.0;7.0;44,9301070000; -0,4692990000;
;3;79;79076;2;1;1.0;6.0;46,7343310000; -0,4701700000;
;2;94;94080;2;1;1.0;6.0;48,8523820000;2,4384200000;
;3;59;59581;1;1;1.0;6.0;50,7067415016;2,7843559384;
;1;94;94073;2;3;1.0;1.0;48,7736700000;2,3987800000;
;1;31;31351;1;6;1.0;3.0;43,6719300000;1,2935060000;
;1;78;78402;1;1;1.0;6.0;48,9652300000;1,8061200000;
;1;2B;2B207;2;1;8.0;3.0;42,4451411541;9,5136129848;
;1;93;93072;2;1;1.0;3.0;48,9621509387;2,3799052835;
;1;95;95277;1;1;1.0;2.0;48,9776000000;2,4605000000;
;1;93;93066;2;1;1.0;3.0;48,9451541590;2,3521551490;
;2;80;80571;1;1;1.0;5.0;49,7662980000;2,4696600000;
;1;93;93005;1;1;1.0;3.0;48,9620300000;2,4739600000;
;1;93;93079;2;1;1.0;2.0;48,9523890000;2,3379260000;
;1;81;81204;2;1;1.0;1.0;43,5189279797;2,3583231568;
;3;75;75112;1;1;1.0;4.0;48,8234210852;2,4630671740;
;1;92;92062;2;1;1.0;2.0;48,8877624160;2,2327209413;
;1;12;12052;2;8;1.0;6.0;44,5745040000;2,0825660000;
;5;92;92051;1;1;1.0;2.0;48,8815109461;2,2715373337;
;5;75;75113;2;4;1.0;3.0;48,8197210961;2,3729221380;
;1;03;03043;2;1;1.0;6.0;46,1988260000;3,2649350000;
;2;92;92026;2;1;1.0;3.0;48,8976213027;2,2625320852;
;5;13;13214;2;1;1.0;1.0;43,3339200000;5,3701700000;
;2;83;83060;1;1;1.0;6.0;43,6187615517;6,0722284913;
;1;37;37005;2;1;7.0;6.0;46,9642471512;0,5783580244;
;5;69;69387;2;3;1.0;3.0;45,7323200000;4,8238500000;
;1;67;67176;1;6;7.0;3.0;48,8924830000;7,6608820000;
;1;47;47238;1;1;1.0;6.0;44,1636460000;0,5182800000;
;5;69;69387;2;1;1.0;6.0;45,7328094902;4,8244222999;
;5;67;67152;2;6;1.0;3.0;48,5314480000;7,6918220000;
;1;54;54301;1;1;7.0;1.0;48,8057399507;6,3177931303;
;1;69;69259;2;2;1.0;3.0;45,6947600000;4,8896400000;
;1;08;08145;2;1;1.0;7.0;49,6672490000;5,0443550000;
;1;66;66195;1;6;1.0;3.0;42,6875810000;2,8223600000;
;2;38;38131;1;1;1.0;7.0;45,4510580000;4,8501900000;
;5;972;97213;2;1;1.0;2.0;14,6078925692; -60,9977674484;
;1;06;06085;1;1;1.0;2.0;43,6087060000;6,9745750000;
;1;25;25233;1;1;1.0;7.0;47,1326440000;6,2834180000;
;1;972;97209;1;1;1.0;3.0;14,6539994719; -61,0853871703;
;1;77;77382;1;1;1.0;2.0;48,8859050000;2,8954770000;
;1;67;67478;2;1;1.0;3.0;48,7625970000;7,4171290000;
;2;2A;2A004;2;1;1.0;3.0;41,9079500000;8,7046100000;
;3;69;69019;1;1;5.0;6.0;46,1063667018;4,7565972805;
;1;974;97414;1;1;1.0;3.0; -21,2831160000;55,3958450000;
;1;2A;2A004;2;6;1.0;2.0;41,9087400000;8,7087300000;
;1;59;59309;1;1;1.0;7.0;50,9708600000;2,5773670000;
;1;974;97415;2;-1;1.0;3.0; -21,1055980000;55,2502680000;
;1;95;95323;2;1;1.0;3.0;49,0104911243;2,0408982038;
;1;83;83026;1;1;2.0;6.0;43,4178080000;6,2619660000;
;1;973;97311;2;9;1.0;6.0;5,4925430000; -54,0358690000;
;1;91;91645;2;1;1.0;2.0;48,7504860000;2,2779590000;
;3;91;91098;1;1;2.0;1.0;48,4551360000;2,0680210000;
;3;56;56066;1;1;1.0;6.0;48,0949070000; -3,6342640000;
;1;91;91657;2;9;1.0;2.0;48,7040500000;2,4334400000;
;1;2B;2B205;2;1;1.0;6.0;42,7002850816;9,3650937093;
;1;74;74131;1;1;1.0;1.0;46,0193950000;5,9162450000;
;1;67;67281;1;1;1.0;1.0;48,1301540000;7,5401030000;
;5;34;34111;2;9;1.0;3.0;43,9327100000;3,7033370000;
;1;76;76528;1;9;1.0;6.0;49,9174090000;1,5877390000;
;1;91;91514;1;1;1.0;4.0;48,6722370000;2,5252600000;
;3;2A;2A085;2;1;1.0;6.0;41,9165789882;8,9203057772;
;5;06;06048;2;1;1.0;5.0;43,7866370000;7,3335460000;
;2;04;04242;1;1;1.0;6.0;43,8756850000;5,8629870000;
;3;89;89152;1;1;3.0;1.0;47,9514840000;3,4638720000;
;1;32;32361;1;2;1.0;3.0;43,4310530000;0,5156010000;
;1;57;57360;1;1;1.0;6.0;49,1561800000;6,9734220000;
;1;32;32254;1;2;1.0;3.0;43,5402310000;0,4546530000;
;1;26;26313;2;1;1.0;7.0;44,9672800000;4,9493680000;
;1;89;89313;1;1;1.0;1.0;47,9764930000;3,2326200000;
;5;22;22136;2;3;1.0;3.0;48,1796010391; -2,7504186631;
;5;89;89365;2;1;1.0;6.0;47,6850350000;2,9968800000;
;5;27;27188;1;1;2.0;2.0;49,3031320000;1,1121080000;
;1;61;61116;1;1;1.0;1.0;48,3634990000;0,8391400000;
;1;61;61512;1;2;1.0;2.0;48,7179580000; -0,2516560000;
;5;02;02684;2;1;2.0;6.0;49,9187430000;4,1332210000;
;1;69;69389;1;1;1.0;2.0;45,7697900000;4,7930300000;
;2;42;42279;2;1;1.0;2.0;45,5044300000;4,2490160000;
;1;59;59278;1;1;1.0;6.0;50,6104463387;2,9522082210;
;1;68;68179;2;6;1.0;3.0;47,7569330000;7,0183270000;
;2;44;44211;2;1;1.0;6.0;47,3494080000; -2,5101290000;
;1;44;44182;1;1;1.0;1.0;47,1565060000; -2,1461750000;
;1;94;94043;1;1;1.0;4.0;48,8052365839;2,3449436699;
;1;29;29302;1;1;1.0;6.0;48,2703833296; -4,0822894872;
;3;78;78158;1;9;1.0;7.0;48,8314720000;2,1474190000;
;3;29;29201;1;4;1.0;6.0;48,4101805494; -4,6569943426;
;2;92;92078;1;1;1.0;6.0;48,9287532702;2,3303447346;
;3;94;94028;1;1;1.0;2.0;48,7920430655;2,4409096559;
;1;38;38095;2;1;1.0;3.0;45,1422980000;5,2895740000;
;3;94;94073;1;1;1.0;6.0;48,7620000000;2,3817000000;
;1;66;66048;2;1;1.0;3.0;42,4417974202;3,1654371321;
;5;94;94028;2;3;8.0;6.0;48,7847200000;2,4510900000;
;2;14;14269;1;1;1.0;6.0;49,2506080000;0,2240500000;
;1;973;97302;2;9;1.0;3.0;4,9390799970; -52,3264861107;
;1;83;83149;1;1;1.0;6.0;43,5591750000;6,2691140000;
;1;973;97302;2;9;1.0;6.0;4,9389365862; -52,3195418715;
;4;972;97213;1;4;2.0;7.0;14,6146300000; -61,0128400000;
;1;73;73007;1;3;1.0;1.0;45,5819680000;6,2740730000;
;1;69;69286;2;1;7.0;6.0;45,8279900000;4,9093200000;
;5;95;95019;2;1;1.0;6.0;48,9898254210;2,4182420969;
;5;95;95476;2;1;3.0;6.0;49,0632895194;2,0655369759;
;1;07;07183;1;1;1.0;4.0;44,4848400000;4,3804000000;
;1;04;04157;1;1;1.0;7.0;43,8946140000;6,0727470000;
;5;91;91103;2;6;1.0;7.0;48,5947500000;2,3030700000;
;3;17;17337;2;1;1.0;7.0;45,9836970000; -1,3093530000;
;1;91;91345;2;1;1.0;6.0;48,6909900000;2,2895200000;
;1;37;37014;1;1;1.0;5.0;47,2645240000;0,4613400000;
;1;91;91421;2;1;1.0;6.0;48,7027400000;2,4541500000;
;1;30;30227;2;1;1.0;6.0;44,2609000000;4,1983000000;
;5;91;91191;2;1;1.0;7.0;48,7143300000;2,4640200000;
;1;35;35352;1;1;1.0;2.0;48,0654369698; -1,6195473075;
;1;91;91479;2;1;7.0;6.0;48,7056900000;2,3551500000;
;3;987;98738;2;1;1.0;1.0; -17,6008910000; -149,6071390000;
;5;86;86194;2;1;1.0;1.0;46,5598240000;0,3736260000;
;1;42;42066;1;1;1.0;2.0;45,7302880000;4,1826130000;
;1;42;42295;1;1;1.0;6.0;45,8560650000;3,8135000000;
;1;11;11145;1;1;1.0;3.0;43,2276940000;3,2064630000;
;1;83;83137;2;1;1.0;6.0;43,1249400000;5,9309600000;
;1;74;74118;1;1;1.0;2.0;46,1809450000;6,2302110000;
;1;83;83098;2;1;1.0;1.0;43,1080656669;6,0165174007;
;1;988;98831;1;3;1.0;1.0; -20,8263050000;164,6202160000;
;1;83;83137;2;1;1.0;2.0;43,1235390000;5,9373680000;
;1;974;97424;1;1;1.0;7.0; -21,1785690000;55,4552290000;
;5;80;80021;2;9;2.0;6.0;49,8908200000;2,3064100000;
;1;971;97114;1;1;1.0;3.0;16,1188370000; -61,5725970000;
;1;77;77147;1;1;7.0;7.0;48,5722910000;3,0805490000;
;5;77;77306;1;3;2.0;6.0;48,5980320000;2,6861940000;
;1;77;77370;1;2;1.0;6.0;48,2516840000;2,7616830000;
;1;77;77333;2;1;1.0;6.0;48,2633200000;2,6997800000;
;1;91;91338;1;1;1.0;4.0;48,6488430000;2,0727860000;
;1;76;76322;2;1;1.0;1.0;49,4080000000;1,0350000000;
;1;83;83068;2;1;1.0;1.0;43,2687100000;6,5737720000;
;5;76;76540;2;2;2.0;7.0;49,4381500000;1,0919300000;
;5;76;76447;2;1;1.0;6.0;49,5454700000;0,1674000000;
;1;06;06070;1;1;8.0;6.0;43,8070700000;6,8921940000;
;1;72;72181;2;1;1.0;4.0;48,0149000000;0,1601200000;
;1;67;67482;2;3;2.0;6.0;48,5879939988;7,7570900000;
;5;67;67482;2;1;2.0;3.0;48,5385974910;7,7687850000;
;1;67;67447;2;3;2.0;3.0;48,6098100000;7,7115300000;
;5;67;67482;2;3;2.0;3.0;48,5806684319;7,7232344449;
;5;62;62532;2;1;3.0;6.0;50,5128720000;2,4867300000;
;3;60;60159;1;6;3.0;3.0;49,3930390000;2,8024990000;
;1;49;49007;2;1;8.0;7.0;47,4547100000; -0,5536200000;
;1;49;49267;1;1;2.0;6.0;47,4667200000; -0,5160600000;
;5;49;49353;2;1;2.0;7.0;47,4456900000; -0,4688900000;
;3;45;45004;2;1;8.0;6.0;48,0011200000;2,7686200000;
;5;45;45004;2;1;3.0;6.0;47,9904780000;2,7671850000;
;5;37;37122;2;1;1.0;6.0;47,3491276506;0,6657806039;
;2;31;31555;2;1;5.0;6.0;43,5805300000;1,4107600000;
;5;29;29019;1;1;1.0;6.0;48,3950930000; -4,4374711000;
;1;18;18279;2;1;1.0;;47,2263400000;2,0492300000;
;3;14;14181;1;1;2.0;1.0;49,1555000000; -0,3147300000;
;5;13;13210;2;1;1.0;3.0;43,2807400000;5,4215700000;
;1;13;13214;2;1;1.0;6.0;43,3472200000;5,3784300000;
;1;13;13001;2;3;6.0;3.0;43,5149024408;5,4426914360;
;1;75;75120;2;1;1.0;4.0;48,8473660000;2,4147480000;
;1;75;75120;2;4;2.0;7.0;48,8619080000;2,4140520000;
;5;75;75114;2;1;2.0;7.0;48,8168510000;2,3362100000;
;1;75;75117;2;3;1.0;6.0;48,8849380000;2,3249930000;
;5;75;75117;2;5;1.0;6.0;48,8873660000;2,3138520000;
;2;75;75117;2;2;2.0;6.0;48,8840210000;2,3185010000;
;1;75;75116;2;1;1.0;6.0;48,8644620000;2,2846390000;
;2;75;75108;2;7;1.0;6.0;48,8781230000;2,3050880000;
;1;75;75115;2;2;1.0;3.0;48,8371850000;2,3001440000;
;1;75;75115;2;3;1.0;7.0;48,8473840000;2,3030250000;
;1;75;75109;2;2;1.0;3.0;48,8731400000;2,3267530000;
;5;75;75108;2;2;1.0;3.0;48,8683750000;2,3232480000;
;1;75;75108;2;7;1.0;1.0;48,8791530000;2,3234930000;
;1;75;75101;2;3;2.0;1.0;48,8636520000;2,3427680000;
;2;75;75101;2;2;2.0;3.0;48,8584730000;2,3425440000;
;1;94;94078;2;1;1.0;6.0;48,7404200000;2,4525200000;
;1;94;94046;2;1;1.0;3.0;48,8073300000;2,4433900000;
;1;94;94028;2;2;1.0;6.0;48,7906500000;2,4629000000;
;1;94;94055;2;1;1.0;3.0;48,7930282012;2,5537590979;
;5;94;94004;2;3;1.0;1.0;48,7544600000;2,5059800000;
;2;94;94071;2;1;1.0;1.0;48,7711910135;2,5211763380;
;1;94;94002;2;3;1.0;1.0;48,7820932096;2,4196422100;
;1;93;93072;2;4;1.0;6.0;48,9515782795;2,3797964305;
;1;93;93071;2;9;1.0;3.0;48,9499643728;2,5224030018;
;1;93;93070;2;1;1.0;1.0;48,9033400000;2,3440500000;
;1;93;93070;2;9;1.0;1.0;48,9115653106;2,3337346315;
;2;93;93064;2;3;1.0;6.0;48,8810627214;2,4800077651;
;1;93;93031;2;3;1.0;6.0;48,9519300000;2,3276900000;
;1;93;93047;2;1;1.0;6.0;48,8891400000;2,5534000000;
;1;92;92073;2;1;1.0;6.0;48,8682678656;2,2246167809;
;5;92;92026;2;1;1.0;6.0;48,8981587541;2,2641344368;
;5;92;92012;2;1;1.0;3.0;48,8328062501;2,2411016375;
;5;41;41104;2;1;2.0;2.0;47,5953300000;1,4647400000;
;3;83;83004;1;1;1.0;6.0;43,4594530000;6,5228860000;
;1;64;64057;1;1;1.0;6.0;43,4846960000; -0,6094750000;
;3;19;19234;1;1;1.0;5.0;45,2884021550;1,5724324694;
;3;22;22305;2;1;1.0;6.0;48,2666300000; -2,1598060000;
;1;62;62588;2;1;1.0;7.0;50,4696650000;1,7697800000;
;1;62;62297;1;1;1.0;7.0;50,8307840000;2,1357460000;
;1;2B;2B050;2;1;1.0;6.0;42,5606990000;8,7556640000;
;5;80;80188;2;1;1.0;6.0;49,7183230000;2,3426790000;
;1;972;97213;1;9;1.0;6.0;14,6228100000; -61,0189300000;
;4;972;97213;2;1;1.0;7.0;14,6398807054; -60,9920006990;
;5;972;97209;2;4;1.0;3.0;14,6145000000; -61,0482300000;
;5;972;97209;1;9;1.0;1.0;14,6012700000; -61,0467200000;
;5;69;69389;2;2;1.0;2.0;45,7745100000;4,8016300000;
;1;2B;2B120;1;1;8.0;4.0;42,6498745872;9,4404600600;
;1;2A;2A004;2;1;8.0;5.0;41,9463192725;8,7641425054;
;1;95;95680;2;1;1.0;6.0;49,0076103063;2,4015104771;
;5;95;95268;2;1;2.0;3.0;48,9761700000;2,3945900000;
;5;91;91457;2;1;2.0;6.0;48,5845300000;2,2545500000;
;5;91;91692;2;1;2.0;6.0;48,6812250000;2,1735980000;
;5;91;91687;2;3;2.0;6.0;48,6797300000;2,3839600000;
;1;06;06006;1;1;1.0;7.0;43,7583960000;7,2474520000;
;1;84;84037;1;1;1.0;1.0;44,0593930000;4,8065210000;
;1;91;91174;2;1;1.0;6.0;48,6067800000;2,4731900000;
;1;01;01033;2;1;1.0;1.0;46,1163760000;5,8094610000;
;1;79;79180;1;1;1.0;7.0;46,1052490000;0,1827980000;
;3;91;91228;1;1;1.0;2.0;48,6309400000;2,4388600000;
;1;26;26010;2;3;1.0;3.0;45,2714020000;4,8786220000;
;1;91;91223;2;1;9.0;6.0;48,4311800000;2,1597800000;
;1;42;42271;2;1;1.0;1.0;45,4744461359;4,5847505629;
;3;78;78440;1;1;2.0;2.0;48,9924000000;1,9399700000;
;1;75;75114;2;7;2.0;6.0;48,8231630000;2,3255000000;
;1;83;83019;1;1;1.0;5.0;43,1993570000;6,3962750000;
;1;75;75113;2;2;1.0;6.0;48,8223920000;2,3716060000;
;1;76;76351;2;6;1.0;3.0;49,5200600000;0,0883900000;
;1;72;72047;1;9;1.0;3.0;47,9159680000;0,3014159000;
;2;75;75112;2;1;3.0;4.0;48,8260110000;2,4082900000;
;1;44;44149;2;1;1.0;1.0;47,5016910000; -1,5831130000;
;1;75;75112;2;1;1.0;6.0;48,8301820000;2,3923680000;
;1;71;71153;2;6;2.0;3.0;46,8073568230;4,4323343039;
;1;44;44137;1;1;1.0;7.0;47,4012130000; -2,0072340000;
;1;75;75112;2;2;1.0;3.0;48,8443030000;2,3815820000;
;1;69;69256;2;2;1.0;3.0;45,7534000000;4,9325000000;
;3;34;34064;1;1;1.0;2.0;43,8720810000;3,3124530000;
;1;75;75112;2;1;1.0;2.0;48,8385760000;2,4274160000;
;1;15;15188;1;1;1.0;2.0;44,9984770000;3,1729840000;
;5;69;69256;2;1;1.0;4.0;45,7748100000;4,9158200000;
;1;75;75110;2;2;8.0;5.0;48,8811000000;2,3651630000;
;1;64;64102;2;3;1.0;3.0;43,4933052635; -1,4616671205;
;1;41;41283;1;2;1.0;2.0;47,7027480000;1,1752470000;
;1;75;75109;2;3;1.0;3.0;48,8757000000;2,3278050000;
;1;38;38424;1;1;1.0;1.0;44,7649981765;5,6598754724;
;1;64;64024;2;6;8.0;3.0;43,4836750000; -1,5022700000;
;1;75;75107;2;1;2.0;7.0;48,8609360000;2,3255730000;
;1;45;45234;2;4;1.0;6.0;47,8877500000;1,9050100000;
;3;47;47233;1;4;1.0;7.0;44,5456252706;0,0865232625;
;1;75;75114;2;2;1.0;3.0;48,8327240000;2,3115280000;
;1;43;43002;2;1;9.0;7.0;45,0550000000;3,8840400000;
;1;87;87188;1;1;1.0;1.0;45,8561320000;1,0885910000;
;1;75;75107;2;7;1.0;2.0;48,8584100000;2,3126100000;
;1;37;37214;2;1;1.0;6.0;47,4182342147;0,6648284197;
;2;37;37216;1;9;1.0;6.0;47,1634870000;0,6287100000;
;1;75;75104;2;3;1.0;6.0;48,8551090000;2,3616970000;
;1;35;35288;2;3;1.0;7.0;48,6486900000; -2,0240800000;
;3;37;37179;1;1;1.0;6.0;47,4485640000;0,7428970000;
;1;35;35238;2;1;2.0;6.0;48,1110020000; -1,6369290000;
;1;75;75104;2;2;1.0;6.0;48,8564620000;2,3643490000;
;1;93;93048;2;9;1.0;6.0;48,8686205416;2,4611552821;
;1;44;44021;1;1;1.0;4.0;47,0536450000; -1,9266680000;
;1;93;93031;2;1;1.0;6.0;48,9616425504;2,3099988699;
;1;75;75104;2;3;1.0;6.0;48,8550940000;2,3616900000;
;1;49;49007;2;1;1.0;6.0;47,4703900000; -0,5505900000;
;1;62;62113;2;1;1.0;7.0;50,3442070000;2,5415000000;
;5;33;33063;2;2;3.0;3.0;44,8741300000; -0,5764500000;
;1;93;93029;2;3;8.0;3.0;48,9307807580;2,4290433526;
;1;49;49267;2;1;1.0;2.0;47,4775400000; -0,5108900000;
;1;94;94081;2;2;1.0;3.0;48,7925500000;2,3821700000;
;2;33;33167;2;1;2.0;6.0;44,8445100000; -0,5096400000;
;1;93;93007;2;9;1.0;6.0;48,9443602106;2,4669939280;
;1;47;47001;2;6;1.0;3.0;44,1949500000;0,6123000000;
;1;62;62754;2;2;7.0;3.0;50,1868140000;2,8581740000;
;3;92;92051;2;1;2.0;6.0;48,8787023453;2,2789866328;
;1;94;94068;2;2;1.0;3.0;48,8018200000;2,4885300000;
;1;31;31069;1;1;2.0;2.0;43,6374800000;1,3769300000;
;1;45;45285;2;1;1.0;6.0;47,9031070000;1,8621580000;
;1;92;92050;2;1;1.0;3.0;48,8870374626;2,2118005157;
;1;66;66050;2;9;1.0;6.0;42,7766120000;2,9141830000;
;1;45;45169;2;1;1.0;3.0;47,9142000000;1,8529500000;
;1;27;27351;1;1;1.0;3.0;49,2640356282;1,1623960733;
;1;92;92050;2;2;1.0;6.0;48,8888200000;2,1889200000;
;3;24;24029;1;1;1.0;7.0;45,0091120000;0,3038400000;
;1;94;94076;2;3;2.0;2.0;48,8071300000;2,3637500000;
;1;45;45234;2;2;1.0;3.0;47,8980800000;1,9042000000;
;1;92;92044;2;1;1.0;3.0;48,8995272192;2,2798908055;
;1;94;94076;2;1;1.0;6.0;48,7837130000;2,3547580000;
;1;83;83140;1;1;1.0;1.0;43,4077677600;5,9804141521;
;1;43;43157;2;1;1.0;7.0;45,0458700000;3,8796800000;
;3;25;25056;1;1;1.0;6.0;47,2831900000;6,0623200000;
;1;57;57343;1;6;1.0;6.0;49,3329180000;6,1921420000;
;1;92;92036;2;1;1.0;6.0;48,9182400000;2,2916600000;
;5;25;25056;2;1;2.0;6.0;47,2437300000;5,9953200000;
;1;94;94076;2;1;1.0;4.0;48,7857500000;2,3682200000;
;1;42;42207;2;1;1.0;2.0;45,4811350000;4,5292090000;
;1;04;04033;1;1;1.0;6.0;44,4627620000;6,2798560000;