Num_Acc;lum;departement;commune;agglomeration;intersection;meteo;type_collision;lat;long;date
;1;94;94021;2;1;1.0;3.0;48,7759500000;2,3673800000;
;5;92;92035;2;2;1.0;3.0;48,9066800000;2,2391400000;
;1;14;14304;2;3;2.0;3.0;49,3888250000;0,2399010000;
;1;42;42207;1;1;1.0;3.0;45,4413400000;4,4792100000;
;2;51;51157;2;2;1.0;3.0;48,8265560000;3,8541360000;
;5;92;92012;2;1;1.0;7.0;48,8398400000;2,2388900000;
;1;94;94068;2;3;1.0;2.0;48,8072700000;2,4749400000;
;1;37;37214;2;1;1.0;3.0;47,4292413059;0,6455111504;
;2;13;13211;2;1;1.0;3.0;43,2894431347;5,4961416583;
;1;19;19123;1;1;1.0;1.0;45,1606320000;1,5950080000;
;1;94;94028;2;2;1.0;3.0;48,7991300000;2,4536000000;
;1;92;92002;2;1;1.0;1.0;48,7438400000;2,2842500000;
;1;35;35238;2;2;1.0;3.0;48,1246768909; -1,7030753195;
;1;13;13208;2;1;1.0;2.0;43,2613075664;5,3976806221;
;1;19;19259;1;1;1.0;3.0;45,0483910000;1,9883970000;
;5;92;92002;2;1;1.0;6.0;48,7342475079;2,3122288585;
;2;94;94017;2;1;1.0;3.0;48,8130900000;2,5126600000;
;2;35;35238;1;1;1.0;3.0;48,1077090000; -1,7176420000;
;1;13;13211;2;1;1.0;1.0;43,2937200000;5,4452400000;
;1;56;56061;2;1;7.0;6.0;47,7652480000; -2,1326460000;
;1;94;94004;2;1;1.0;2.0;48,7595100000;2,4997000000;
;5;34;34172;2;4;1.0;7.0;43,6064600000;3,8827200000;
;2;49;49092;2;2;3.0;3.0;47,2870263654; -0,8491230011;
;1;13;13063;2;1;1.0;3.0;43,5806617796;5,0105100805;
;1;94;94070;2;1;2.0;4.0;48,7200000000;2,5700000000;
;3;34;34003;1;1;1.0;1.0;43,2976200000;3,4807300000;
;3;28;28085;1;1;3.0;5.0;48,4350950000;1,5218210000;
;1;13;13005;2;3;1.0;4.0;43,2894620924;5,5675311677;
;1;93;93073;1;9;2.0;2.0;49,0035964709;2,5655114651;
;1;33;33522;2;2;1.0;3.0;44,8253000000; -0,5893400000;
;1;56;56075;1;1;1.0;4.0;47,9264420000; -2,1441350000;
;5;83;83019;1;6;2.0;3.0;43,1517640000;6,3116350000;
;1;93;93072;2;1;1.0;2.0;48,9593200000;2,3985700000;
;1;72;72124;1;1;1.0;7.0;47,8226720000;0,2744270000;
;5;93;93070;2;1;1.0;6.0;48,9131800000;2,3340000000;
;1;56;56036;1;3;1.0;3.0;47,8337280000; -3,3535120000;
;1;13;13004;1;1;1.0;3.0;43,6636656206;4,6415150910;
;1;33;33281;2;6;1.0;3.0;44,8240500000; -0,6371600000;
;3;22;22193;1;6;2.0;6.0;48,4177870000; -2,4428920000;
;3;56;56101;1;1;1.0;1.0;47,8023680000; -3,1864750000;
;1;33;33063;2;3;1.0;2.0;44,8507400000; -0,5956700000;
;1;93;93070;2;9;2.0;2.0;48,9144326147;2,3184944988;
;1;06;06069;2;1;1.0;6.0;43,6570270000;6,9175190000;
;1;50;50095;1;1;1.0;7.0;49,0874990000; -1,1859660000;
;5;33;33529;2;1;1.0;3.0;44,6316800000; -1,1441500000;
;2;93;93066;2;1;1.0;3.0;48,9264200000;2,3572700000;
;1;75;75118;2;4;1.0;2.0;48,9009060789;2,3637503386;
;1;56;56034;1;1;1.0;5.0;47,6148280000; -3,0863860000;
;1;66;66028;2;6;1.0;3.0;42,6856640000;2,9400930000;
;5;93;93064;2;1;1.0;6.0;48,8627788887;2,4946418703;
;1;56;56205;1;1;1.0;7.0;47,5665910000; -2,7079150000;
;5;51;51099;1;6;5.0;7.0;48,7807270000;4,2213890000;
;1;33;33529;2;1;1.0;2.0;44,6289000000; -1,1433800000;
;3;56;56119;1;2;2.0;3.0;47,6993070000; -3,0830600000;
;5;75;75119;2;4;2.0;3.0;48,9018830000;2,3851990000;
;1;93;93051;2;1;1.0;1.0;48,8529200000;2,5330500000;
;1;59;59655;1;1;1.0;7.0;50,8083257731;2,4264281988;
;1;59;59094;1;1;1.0;6.0;50,9679540000;2,2116640000;
;1;93;93033;2;1;8.0;6.0;48,8646700000;2,5752300000;
;1;79;79355;1;3;8.0;7.0;46,3355510000; -0,3750160000;
;1;31;31555;2;1;1.0;6.0;43,6100400000;1,4497800000;
;1;75;75119;2;3;1.0;6.0;48,8762474282;2,3813717812;
;1;93;93050;2;1;1.0;6.0;48,8662590000;2,5342780000;
;1;49;49218;1;1;7.0;1.0;47,2645170000; -1,0454230000;
;1;74;74174;1;1;1.0;6.0;46,2165820000;6,5049950000;
;1;29;29232;2;1;1.0;6.0;47,9906617210; -4,1351465280;
;2;34;34186;1;1;1.0;6.0;43,6533570000;3,3181500000;
;1;75;75118;2;3;1.0;6.0;48,8926125402;2,3296889663;
;1;93;93032;2;3;2.0;6.0;48,8892110000;2,5330470000;
;1;25;25391;1;1;2.0;6.0;47,1633030000;6,6520690000;
;1;74;74104;2;1;1.0;3.0;45,7915080000;6,2151400000;
;1;29;29019;2;7;1.0;1.0;48,4005605563; -4,4983999729;
;1;29;29081;1;1;2.0;7.0;48,3597960000; -3,7657950000;
;1;93;93029;2;1;1.0;2.0;48,9246300000;2,4425000000;
;1;75;75117;2;5;8.0;6.0;48,8852280000;2,3072010000;
;1;28;28134;2;1;1.0;3.0;48,7247700000;1,3729000000;
;1;29;29172;1;1;1.0;1.0;48,1788140000; -4,1249160000;
;1;93;93029;2;3;8.0;1.0;48,9254910000;2,4486600000;
;1;74;74010;1;9;1.0;3.0;45,9199450000;6,1815480000;
;3;29;29017;1;1;1.0;1.0;48,4680861406; -4,6934752463;
;1;38;38489;1;1;1.0;7.0;44,9061720000;5,8462070000;
;1;75;75116;2;2;1.0;3.0;48,8595470000;2,2751960000;
;1;74;74299;1;1;1.0;1.0;45,8665470000;6,1871480000;
;1;93;93014;2;4;1.0;4.0;48,9074600000;2,5561530000;
;1;03;03076;1;1;2.0;6.0;46,5792210000;3,3954030000;
;3;80;80271;1;1;1.0;6.0;49,9958640000;3,1470040000;
;1;25;25056;1;1;1.0;3.0;47,2656600000;6,0047300000;
;1;75;75115;2;4;2.0;3.0;48,8333728091;2,2771900892;
;1;78;78192;1;1;1.0;3.0;48,9291330000;1,6128340000;
;5;93;93008;2;6;1.0;2.0;48,9130490000;2,4365480000;
;3;58;58245;1;1;2.0;7.0;46,7690170000;3,6259280000;
;1;80;80245;2;1;1.0;1.0;50,1464260000;2,0900040000;
;1;15;15014;2;1;1.0;6.0;44,9204100000;2,4393300000;
;2;06;06010;1;1;2.0;7.0;43,6919640000;6,9801970000;
;5;75;75115;2;3;2.0;6.0;48,8339254285;2,2951246798;
;3;81;81220;1;1;1.0;6.0;43,8726610000;1,6946200000;
;1;13;13077;2;1;1.0;3.0;43,4076400000;4,9962900000;
;1;67;67325;1;1;1.0;5.0;48,5202808078;7,3636293411;
;1;92;92046;2;1;2.0;7.0;48,8192519921;2,2961356044;
;1;71;71237;1;1;1.0;7.0;47,0524640000;4,3479900000;
;1;14;14110;2;2;1.0;3.0;49,2456200000; -0,1009400000;
;2;76;76698;1;1;1.0;6.0;49,8069000000;1,1843600000;
;1;75;75112;2;3;1.0;6.0;48,8469061118;2,3871398717;
;1;71;71545;1;1;1.0;6.0;46,2958990000;4,6132170000;
;1;13;13204;2;1;1.0;3.0;43,2991272989;5,3972343131;
;1;92;92046;2;2;1.0;3.0;48,8147600000;2,2969700000;
;1;79;79265;2;1;1.0;7.0;46,9706540000; -0,1531000000;
;1;63;63283;1;1;1.0;7.0;45,8743090000;2,6764580000;
;1;75;75111;2;3;2.0;3.0;48,8598290000;2,3887520000;
;1;13;13214;2;1;1.0;6.0;43,3190000000;5,3919000000;
;3;16;16066;1;1;1.0;3.0;45,3167050000; -0,0284100000;
;1;92;92064;2;1;1.0;3.0;48,8477509944;2,1987735629;
;1;61;61122;1;1;1.0;7.0;48,7658140000;0,2861920000;
;1;04;04209;2;1;1.0;6.0;44,1997010000;5,9448370000;
;3;2A;2A139;1;1;1.0;3.0;41,6850840000;9,3209870000;
;1;13;13028;2;1;1.0;2.0;43,1982000000;5,5975800000;
;1;75;75109;2;5;1.0;3.0;48,8737397604;2,3271804303;
;1;92;92063;2;9;2.0;3.0;48,8635600000;2,2007900000;
;1;12;12090;1;1;1.0;6.0;44,3699750000;2,4732010000;
;2;37;37050;2;1;8.0;6.0;47,3351330000;0,6906310000;
;3;2B;2B077;1;9;1.0;1.0;42,4642780000;9,4955780000;
;1;13;13070;2;1;1.0;3.0;43,2843813122;5,5141975162;
;1;92;92062;2;2;1.0;6.0;48,8796118394;2,2364124656;
;1;47;47222;1;1;1.0;2.0;44,2875320000;0,1304630000;
;1;75;75108;2;3;1.0;2.0;48,8752398483;2,3143561184;
;3;01;01283;1;1;1.0;7.0;46,2622890000;5,6357330000;
;1;2B;2B046;1;1;1.0;1.0;42,8606310000;9,4795760000;
;1;11;11262;2;1;1.0;6.0;43,1771000000;2,9943000000;
;5;92;92051;2;1;1.0;6.0;48,8885736000;2,2745781541;
;1;80;80368;1;1;1.0;7.0;50,1000880000;1,5628530000;
;2;01;01357;1;1;1.0;6.0;46,1701160000;5,7492530000;
;1;11;11262;2;1;1.0;6.0;43,1888000000;3,0049000000;
;2;39;39458;1;1;1.0;6.0;46,6225360000;5,6010410000;
;1;92;92051;2;1;1.0;2.0;48,8887801196;2,2586206197;
;1;75;75108;2;2;1.0;3.0;48,8756194205;2,3189299554;
;1;80;80262;1;1;1.0;6.0;50,0612990000;1,8932320000;
;1;09;09225;2;1;1.0;2.0;43,1111970000;1,6189040000;
;1;25;25592;1;1;1.0;1.0;46,8150070000;6,2602600000;
;1;92;92050;2;6;1.0;1.0;48,8885580801;2,1938715577;
;1;75;75107;2;3;1.0;3.0;48,8549650000;2,3096680000;
;3;83;83001;1;1;2.0;3.0;43,5463090000;6,8306640000;
;1;82;82002;2;9;1.0;2.0;44,0886410000;1,4448630000;
;1;06;06069;1;1;1.0;3.0;43,6441300000;6,9226500000;
;2;65;65218;1;1;3.0;6.0;42,9892360000;0,3748440000;
;1;38;38315;1;1;1.0;1.0;45,5346470000;5,6390330000;
;1;92;92049;2;2;1.0;3.0;48,8136210000;2,3068460000;
;5;75;75102;2;3;2.0;7.0;48,8708558898;2,3428626359;
;3;13;13051;1;2;2.0;3.0;43,5921622599;5,2541990206;
;1;33;33236;1;1;1.0;1.0;44,6719720000; -1,2499950000;
;1;92;92040;2;1;2.0;2.0;48,8319100000;2,2671700000;
;1;03;03185;2;3;7.0;3.0;46,3323700000;2,6043300000;
;5;75;75103;2;2;2.0;3.0;48,8624680000;2,3668890000;
;3;45;45075;1;1;1.0;3.0;47,9000608847;1,8475985182;
;1;02;02719;2;3;1.0;3.0;49,5982950000;3,2559070000;
;1;33;33505;1;3;7.0;3.0;44,7721440000; -0,3221120000;
;1;92;92036;2;1;1.0;2.0;48,9260840000;2,2917410000;
;1;15;15101;1;1;1.0;1.0;45,0971020000;2,7629860000;
;5;94;94081;2;2;2.0;3.0;48,7955600000;2,3916000000;
;3;69;69193;1;9;2.0;2.0;45,5127980000;4,8529310000;
;1;75;75118;2;4;1.0;2.0;48,9007280000;2,3629690000;
;5;987;98714;1;1;1.0;1.0; -16,3880000000; -151,7650000000;
;1;85;85064;1;1;1.0;6.0;46,8388300000; -1,2349120000;
;1;81;81120;1;1;1.0;1.0;43,5271290000;2,2927950000;
;5;92;92036;2;2;1.0;3.0;48,9219281470;2,2998255193;
;1;94;94074;2;1;1.0;3.0;48,7635500000;2,4419400000;
;1;75;75114;2;4;1.0;2.0;48,8219220000;2,3167330000;
;1;988;98803;1;1;1.0;2.0; -21,5912230000;165,5412570000;
;1;32;32107;2;1;1.0;6.0;43,9607500000;0,3720220000;
;1;26;26238;1;1;1.0;1.0;44,3901420000;5,2026700000;
;1;94;94068;2;2;1.0;3.0;48,8094100000;2,4816600000;
;1;92;92036;2;3;1.0;3.0;48,9219337868;2,2948392928;
;1;11;11130;1;1;1.0;7.0;42,8213590000;2,0330610000;
;5;75;75118;2;4;1.0;2.0;48,9008780000;2,3642060000;
;5;988;98817;2;3;1.0;3.0; -22,2320300000;166,5259200000;
;1;92;92035;2;1;1.0;3.0;48,9071418725;2,2424090803;
;1;94;94068;2;9;1.0;1.0;48,8043950101;2,4862360954;
;1;75;75119;2;1;1.0;2.0;48,8873610000;2,3968070000;
;3;54;54205;1;1;1.0;2.0;48,6729734880;5,7744706881;
;2;971;97107;1;1;1.0;1.0;16,0731970000; -61,5630910000;
;1;11;11136;2;1;1.0;1.0;43,1828450000;2,0325460000;
;1;94;94058;2;1;1.0;3.0;48,8492688645;2,5014109610;
;1;92;92026;2;2;1.0;2.0;48,8999200000;2,2397400000;
;1;71;71266;2;1;1.0;6.0;47,0790800000;4,2457970000;
;3;972;97230;2;1;2.0;6.0;14,7398780000; -60,9516390000;
;1;75;75116;2;1;1.0;4.0;48,8743640000;2,2759550000;
;1;60;60518;1;2;1.0;3.0;49,5743790000;2,1828460000;
;1;92;92012;2;1;1.0;6.0;48,8345660000;2,2282470000;
;1;29;29234;1;1;2.0;2.0;47,8402655740; -3,4950366845;
;1;94;94076;2;1;1.0;2.0;48,7902100000;2,3692800000;
;4;75;75114;2;2;1.0;7.0;48,8222340000;2,3303930000;
;3;89;89209;1;1;1.0;7.0;48,1541620000;2,9783200000;
;1;60;60044;2;1;1.0;1.0;49,2892510000;2,3422220000;
;3;94;94003;2;7;1.0;6.0;48,8104200000;2,3266300000;
;1;92;92002;2;1;1.0;6.0;48,7410122388;2,3123397678;
;1;94;94041;2;1;1.0;4.0;48,8116100000;2,3756200000;
;2;77;77274;1;2;1.0;4.0;49,0330850000;2,8967430000;
;5;94;94022;2;1;1.0;3.0;48,7718662256;2,4065807257;
;1;89;89086;2;1;1.0;5.0;47,8887050000;3,0980290000;
;1;75;75105;2;2;8.0;3.0;48,8506310000;2,3427740000;
;1;76;76592;1;1;1.0;3.0;49,4907510000;0,4711460000;
;1;94;94011;2;1;1.0;3.0;48,7730700000;2,4831000000;
;2;13;13082;1;1;3.0;1.0;43,6680270000;5,3530030000;
;1;73;73300;1;1;1.0;2.0;45,6795450000;5,8941570000;
;2;89;89076;1;1;1.0;7.0;48,0644000000;3,6351010000;
;5;94;94071;2;3;1.0;2.0;48,7738095095;2,5171941519;
;1;24;24444;2;3;1.0;1.0;45,0584880000;0,3883410000;
;3;89;89257;1;1;3.0;6.0;47,9759390000;3,5536150000;
;1;75;75106;2;3;9.0;5.0;48,8571750000;2,3386250000;
;1;61;61404;1;1;1.0;6.0;48,5727740000;0,5674910000;
;1;10;10334;1;1;1.0;7.0;48,4591772139;3,5419750214;
;2;94;94081;2;3;2.0;3.0;48,7773700000;2,3770700000;
;1;77;77291;1;5;1.0;3.0;49,0076487588;2,6095318207;
;1;85;85158;1;9;1.0;7.0;46,4803000000; -0,9456600000;
;2;10;10395;1;1;7.0;1.0;48,0256390000;3,9767930000;
;5;75;75105;2;1;1.0;1.0;48,8462380000;2,3619330000;
;3;61;61168;2;1;1.0;1.0;48,5836840000; -0,3652900000;
;1;42;42094;2;2;1.0;6.0;45,7436060000;4,2231810000;
;5;94;94017;2;2;1.0;3.0;48,8253607316;2,5169034003;
;5;93;93066;2;1;1.0;6.0;48,9369300000;2,3587400000;
;1;04;04138;1;1;1.0;1.0;43,9404440000;5,8323240000;
;1;22;22177;1;9;1.0;3.0;48,6335610000; -2,9709760000;
;1;75;75119;2;4;1.0;2.0;48,8904620000;2,3964810000;
;1;61;61287;1;3;1.0;3.0;48,8287000000; -0,5811430000;
;1;17;17337;2;9;7.0;6.0;45,9704210000; -1,3495210000;
;1;93;93066;2;1;1.0;3.0;48,9328100000;2,3736000000;
;1;28;28088;2;1;1.0;1.0;48,0707450000;1,3331920000;
;1;93;93073;1;1;1.0;4.0;48,9915267706;2,5755938887;
;1;65;65123;1;3;1.0;7.0;42,9910820000;0,2247720000;
;1;88;88442;1;1;1.0;6.0;48,0383880000;6,8179090000;
;1;49;49331;2;1;1.0;2.0;47,7087870000; -0,9784910000;
;1;75;75117;2;2;1.0;7.0;48,8842540000;2,3026560000;
;5;93;93066;2;1;1.0;3.0;48,9429577645;2,3418365423;
;5;93;93050;2;1;8.0;6.0;48,8660500000;2,5241300000;
;5;33;33366;2;1;1.0;6.0;44,9914400000; -0,4407510000;
;1;11;11203;1;2;1.0;3.0;43,2376960150;2,7609751754;
;1;49;49261;1;1;1.0;6.0;47,2899350000; -0,1837420000;
;1;10;10216;1;1;1.0;2.0;48,6874191058;4,1805231571;
;5;75;75115;2;7;1.0;6.0;48,8477950000;2,3016580000;
;5;93;93029;2;1;1.0;7.0;48,9164700000;2,4443300000;
;2;93;93048;2;3;1.0;3.0;48,8663500000;2,4695900000;
;1;60;60695;2;1;1.0;4.0;49,2032940000;2,4693110000;
;2;69;69244;2;3;7.0;1.0;45,7579910000;4,7756950000;
;1;11;11067;1;3;1.0;6.0;43,2125730000;2,8437640000;
;2;49;49241;1;3;1.0;3.0;47,4926200000; -0,4586470000;
;5;93;93010;2;1;2.0;6.0;48,9091400000;2,4801000000;
;5;93;93001;2;6;1.0;6.0;48,9184567552;2,3933952894;
;1;75;75115;2;3;1.0;2.0;48,8408250000;2,2884960000;
;3;13;13015;1;1;2.0;2.0;43,4432707826;5,3961932659;
;3;12;12105;2;1;1.0;6.0;44,2345920000;2,0336720000;
;1;34;34114;1;1;1.0;2.0;43,6434470000;3,5651390000;
;3;33;33080;1;1;1.0;6.0;44,7275114051; -0,5278721452;
;1;63;63265;1;9;1.0;2.0;45,8512600000;3,4095280000;
;3;12;12006;1;1;1.0;6.0;44,1281950000;2,6785080000;
;5;92;92026;2;3;1.0;2.0;48,9005200000;2,2448400000;
;5;75;75111;2;2;1.0;3.0;48,8551200000;2,3871360000;
;5;93;93001;2;2;1.0;1.0;48,9218859365;2,4001693726;
;1;36;36230;1;1;1.0;6.0;47,0305982885;1,7905569077;
;1;33;33065;1;1;2.0;5.0;44,8096200000; -0,5247300000;
;2;92;92050;2;1;2.0;2.0;48,9176307488;2,2235809788;
;1;12;12119;1;4;1.0;1.0;44,7090560000;2,8583980000;
;1;92;92012;2;1;1.0;1.0;48,8455322645;2,2267484665;
;1;71;71157;1;9;2.0;6.0;46,5018150000;5,3846530000;
;1;75;75109;2;2;1.0;6.0;48,8755820000;2,3265760000;
;1;62;62309;1;1;1.0;5.0;50,7146810000;2,1820080000;
;1;40;40297;2;1;3.0;7.0;44,1470850000; -0,5438790000;
;5;37;37074;2;1;1.0;6.0;47,2466594415;0,1625418663;
;1;33;33550;1;1;2.0;4.0;44,7785553097; -0,5576553941;
;3;76;76222;1;1;1.0;6.0;49,4666600000;0,8538650000;
;2;75;75107;2;3;1.0;3.0;48,8628870000;2,3151970000;
;3;91;91589;1;1;1.0;3.0;48,6750000000;2,3416300000;
;1;42;42149;2;2;7.0;3.0;45,6326720000;4,2408590000;
;1;27;27332;1;1;1.0;4.0;49,1897540000;1,2337630000;
;1;79;79265;1;1;1.0;1.0;46,9679680000; -0,1441960000;
;1;92;92024;2;3;1.0;3.0;48,9036200000;2,3031300000;
;1;42;42318;1;1;1.0;1.0;45,4031810000;3,9645730000;
;2;91;91377;1;1;1.0;2.0;48,7250300000;2,2998500000;
;3;62;62093;1;1;1.0;6.0;50,0708030000;2,8716370000;
;1;42;42091;1;1;1.0;6.0;45,4170920000;3,9988950000;
;1;80;80304;1;1;1.0;7.0;49,8901140000;2,8082940000;
;1;33;33355;1;3;2.0;1.0;44,6699190000; -0,3211250000;
;1;94;94076;2;1;1.0;6.0;48,7837200000;2,3622100000;
;3;78;78640;1;1;1.0;3.0;48,7817550000;2,1656720000;
;5;92;92024;2;2;1.0;5.0;48,8995614700;2,3052214533;
;3;971;97118;1;1;1.0;6.0;16,2334340000; -61,5900960000;
;1;46;46204;1;1;1.0;3.0;44,6809470000;1,5578570000;
;1;94;94041;2;1;1.0;1.0;48,8180900000;2,3767800000;
;5;977;97701;2;1;1.0;1.0;17,9023631005; -62,8366684914;
;2;46;46318;1;1;1.0;6.0;44,7437650000;1,8347490000;
;3;83;83004;1;1;1.0;5.0;43,4341890000;6,4670530000;
;1;65;65148;1;2;1.0;3.0;43,2671600000;0,5074100000;
;3;78;78466;1;1;1.0;2.0;48,9354100000;1,9647800000;
;1;92;92012;2;4;1.0;6.0;48,8352171673;2,2445315123;
;1;28;28015;2;3;1.0;2.0;48,4653670000;1,7570350000;
;1;47;47283;1;1;1.0;2.0;44,4755940000;0,9465250000;
;2;10;10081;1;1;8.0;3.0;48,3276100000;4,0634820000;
;3;81;81247;1;1;1.0;6.0;43,9611910000;2,3739700000;
;1;94;94065;2;2;1.0;5.0;48,7392350000;2,3536630000;
;1;92;92007;2;9;1.0;6.0;48,8012080424;2,3109092116;
;1;34;34151;1;4;1.0;3.0;43,6626410000;4,1604600000;
;3;35;35226;1;1;2.0;6.0;48,3954240000; -1,9108430000;
;1;41;41083;2;3;1.0;1.0;47,5387490000;1,8531110000;
;1;11;11255;1;1;1.0;1.0;43,1856220000;2,9244480000;
;1;94;94034;1;6;1.0;3.0;48,7574200000;2,3295200000;
;1;92;92009;2;1;1.0;6.0;48,9147180000;2,2616760000;
;3;95;95582;1;1;1.0;4.0;48,9684803445;2,2513608997;
;2;41;41002;2;1;1.0;6.0;47,3326740000;1,2220500000;
;1;83;83068;1;4;7.0;3.0;43,2696790000;6,5415000000;
;1;94;94028;1;1;8.0;2.0;48,7763093698;2,4351718690;
;5;94;94028;2;1;1.0;6.0;48,7726900000;2,4661300000;
;5;54;54212;2;1;1.0;7.0;49,4933210000;5,6511920000;
;1;61;61063;1;3;1.0;3.0;48,7041320000; -0,3784280000;
;1;92;92002;2;6;1.0;1.0;48,7500200000;2,3091100000;
;3;86;86072;2;4;1.0;6.0;46,7138680000;0,7014140000;
;1;83;83107;2;9;1.0;3.0;43,3500960000;6,7135770000;
;2;22;22339;1;1;1.0;7.0;48,4761900000; -2,0464890000;
;1;974;97416;1;9;1.0;1.0; -21,3044340000;55,4280430000;
;1;06;06078;1;1;1.0;1.0;43,9125750000;7,1801500000;
;1;12;12300;2;3;2.0;3.0;44,3606820000;2,0075480000;
;1;12;12032;1;3;1.0;2.0;44,2956490000;2,4047510000;
;1;86;86053;2;2;7.0;6.0;46,7164000000;0,1554200000;
;1;62;62279;1;6;7.0;3.0;50,3058800000;2,7105120000;
;1;972;97213;1;1;1.0;2.0;14,6265700000; -61,0081500000;
;1;94;94028;2;3;1.0;5.0;48,7764653425;2,4552736013;
;1;68;68171;1;1;1.0;6.0;47,9541800000;6,9827130000;
;3;34;34223;1;1;1.0;7.0;43,4267821994;3,2079233229;
;1;06;06149;2;1;1.0;1.0;43,7354760000;7,3065040000;
;4;41;41083;2;1;1.0;7.0;47,5417640000;1,8501600000;
;5;2B;2B037;2;1;1.0;2.0;42,6205000000;9,4368000000;
;1;03;03219;1;1;1.0;7.0;46,3270000000;2,9019000000;
;1;93;93055;2;1;1.0;3.0;48,9030419473;2,3915496204;
;1;06;06149;2;9;1.0;1.0;43,7491260000;7,3204030000;
;1;68;68068;2;1;1.0;6.0;47,6303550000;7,1215070000;
;1;68;68179;2;1;1.0;1.0;47,7576470000;7,0235790000;
;1;74;74127;1;1;1.0;1.0;46,3434020000;6,5496970000;
;1;22;22251;1;1;1.0;7.0;48,5573668310; -2,8264045710;
;1;79;79103;1;3;1.0;7.0;46,7998100000; -0,5804510000;
;1;25;25558;1;1;1.0;1.0;47,1766600000;6,1116710000;
;1;28;28196;1;2;2.0;3.0;48,3021230000;1,1891840000;
;1;93;93051;2;3;1.0;1.0;48,8473395593;2,5483721052;
;1;74;74056;2;1;1.0;2.0;45,9181090000;6,8619060000;
;1;13;13035;1;1;1.0;3.0;43,6846380000;5,0579700000;
;1;39;39233;1;1;7.0;1.0;47,0978680000;5,4498460000;
;4;91;91345;2;1;1.0;4.0;48,6973300000;2,2856200000;
;1;44;44063;1;2;1.0;3.0;47,0802560000; -1,1905360000;
;1;01;01238;2;1;1.0;2.0;45,9110630000;4,8406040000;
;1;2B;2B343;1;1;1.0;2.0;42,4977360000;9,4689540000;
;3;13;13007;1;1;8.0;3.0;43,3561870000;5,6271460000;
;1;93;93051;2;2;1.0;3.0;48,8470600000;2,5262500000;
;3;11;11131;1;1;1.0;6.0;42,9119950000;2,1740910000;
;1;26;26064;2;1;7.0;1.0;44,9040370000;4,9938010000;
;3;39;39399;2;1;1.0;6.0;46,9984750000;5,6687520000;
;1;44;44104;1;1;1.0;3.0;47,3897790000; -0,9605740000;
;5;56;56173;2;3;2.0;3.0;47,9585600000; -2,9747538000;
;2;13;13097;1;1;1.0;7.0;43,6398330000;4,9269390000;
;5;91;91421;2;6;1.0;7.0;48,6930400000;2,4463700000;
;2;93;93048;2;1;1.0;3.0;48,8585622550;2,4308662985;
;2;29;29274;2;1;1.0;6.0;48,0301950000; -3,7141510000;
;1;25;25157;1;1;1.0;1.0;46,8731240000;6,3772930000;
;3;56;56098;1;9;3.0;1.0;47,7826530000; -3,3404690000;
;1;71;71063;1;3;1.0;7.0;46,8990506080;4,3227801695;
;1;91;91223;1;1;1.0;2.0;48,3897000000;2,1067200000;
;1;40;40278;2;1;1.0;6.0;44,2274810000; -1,1580170000;
;1;02;02286;2;1;8.0;2.0;49,9899050000;3,7352610000;
;2;63;63128;1;1;1.0;1.0;45,8816740000;3,4388600000;
;1;93;93006;2;3;1.0;3.0;48,8713300000;2,4202000000;
;3;76;76663;1;9;3.0;6.0;49,7893410000;0,5285080000;
;1;25;25527;2;4;1.0;3.0;47,1816330000;5,8034210000;
;1;78;78146;2;9;2.0;6.0;48,8942000000;2,1473100000;
;1;40;40019;2;6;1.0;3.0;44,2145900000; -1,1881430000;
;1;57;57606;2;1;1.0;6.0;49,1074900000;6,6914600000;
;1;84;84070;2;3;1.0;2.0;44,0220340000;5,1564880000;
;1;59;59357;2;9;1.0;7.0;50,2838750000;3,8562510000;
;1;93;93010;2;1;1.0;3.0;48,9059796409;2,4818443369;
;1;79;79242;2;3;2.0;3.0;46,9452090000; -0,5154080000;
;5;78;78238;1;1;2.0;3.0;48,9676100000;1,8636900000;
;2;29;29001;1;1;1.0;6.0;48,2071150000; -4,3275730000;
;3;42;42295;1;1;1.0;6.0;45,8196570000;3,7772990000;
;3;32;32406;1;1;2.0;7.0;43,6821810000;0,8330730000;
;1;57;57620;1;9;1.0;1.0;49,1945460000;5,9873150000;
;1;60;60282;1;6;1.0;7.0;49,2056540000;2,4615810000;
;1;84;84052;2;9;1.0;1.0;43,7650270000;5,5853780000;
;2;92;92046;2;1;1.0;1.0;48,8191974207;2,3006347418;
;1;77;77058;2;3;1.0;1.0;48,8338540000;2,7124820000;
;1;69;69074;1;1;1.0;7.0;46,0135730000;4,6541260000;
;2;41;41232;1;3;2.0;3.0;47,4172390000;2,0644700000;
;1;63;63050;2;1;1.0;3.0;45,4178600000;3,3272370000;
;2;60;60581;1;1;1.0;6.0;49,5268170000;2,3977770000;
;2;03;03238;1;1;1.0;6.0;46,4780660000;3,0435670000;
;1;92;92040;2;2;8.0;3.0;48,8310700000;2,2788400000;
;5;76;76540;2;2;2.0;6.0;49,4403500000;1,1285000000;
;1;68;68304;1;1;1.0;7.0;47,7580540000;7,0650730000;
;3;55;55477;1;1;2.0;6.0;48,6107960000;5,1329640000;
;1;69;69143;2;1;1.0;2.0;45,8706235863;4,8397725821;
;3;01;01392;1;1;1.0;6.0;46,2441690000;5,5674510000;
;5;92;92025;2;1;1.0;6.0;48,9300110000;2,2458120000;
;1;25;25186;1;2;1.0;3.0;47,3139890000;5,9421030000;
;2;34;34308;1;1;7.0;6.0;43,6131720000;3,0893900000;
;1;33;33378;1;1;1.0;6.0;44,8454030000;0,3119300000;
;1;39;39106;1;1;1.0;2.0;46,4550740000;5,7141460000;
;1;80;80646;1;1;1.0;3.0;49,7916270000;2,8037240000;
;1;58;58068;1;1;1.0;7.0;47,1569730000;3,9409160000;
;1;85;85019;1;1;1.0;7.0;46,7927900000; -1,4265400000;
;3;13;13203;1;1;1.0;7.0;43,3083600000;5,3756400000;
;1;92;92004;1;1;1.0;1.0;48,9043886610;2,2830947041;
;1;39;39104;1;3;7.0;1.0;46,8184840000;5,3870800000;
;3;72;72124;2;1;1.0;6.0;47,8247530000;0,2773400000;
;1;76;76540;2;9;2.0;4.0;49,4508300000;1,0577100000;
;1;2B;2B121;1;1;1.0;7.0;42,3751670000;8,6736950000;
;3;31;31345;2;1;5.0;6.0;43,3949920000;1,4124510000;
;1;13;13071;1;1;1.0;1.0;43,3993500000;5,2911700000;
;3;44;44002;1;1;1.0;3.0;47,0830900000; -1,4167700000;
;1;72;72154;2;1;1.0;3.0;47,6993980000; -0,0588910000;
;1;83;83036;2;9;1.0;7.0;43,1827310000;6,5396390000;
;1;38;38453;1;1;9.0;6.0;45,1004870000;5,3120930000;
;3;72;72051;1;9;1.0;6.0;47,8300540000;0,1012810000;
;1;59;59524;2;1;1.0;6.0;50,5629030000;2,8992940000;
;1;44;44061;2;1;1.0;1.0;47,2435790000; -1,9347860000;