Num_Acc;lum;departement;commune;agglomeration;intersection;meteo;type_collision;lat;long;date
;1;83;83144;2;1;1.0;1.0;43,1360700000;5,9819900000;
;1;34;34032;2;2;1.0;3.0;43,3440000000;3,2205200000;
;1;972;97222;1;1;1.0;5.0;14,6694770000; -60,9603020000;
;2;78;78090;1;1;1.0;6.0;48,9703620000;1,8973520000;
;5;78;78362;2;2;1.0;1.0;48,9869580000;1,7063450000;
;1;95;95063;1;3;1.0;3.0;48,9250800000;2,2250000000;
;5;45;45234;2;2;1.0;3.0;47,8855380000;1,8971540000;
;1;69;69244;1;6;1.0;3.0;45,7640950000;4,7815040000;
;1;82;82121;1;1;1.0;2.0;44,0421700000;1,3647600000;
;1;13;13044;1;6;1.0;3.0;43,6018810000;5,0749860000;
;5;88;88118;2;1;1.0;2.0;48,4018860000;5,6864200000;
;1;35;35231;1;1;1.0;6.0;47,8886817989; -1,6900763251;
;1;92;92036;1;1;1.0;3.0;48,9348050525;2,2815014855;
;5;44;44109;2;1;1.0;3.0;47,1961810000; -1,5308400000;
;1;91;91223;1;9;1.0;2.0;48,4253100000;2,1447300000;
;2;68;68297;2;1;1.0;7.0;47,5765260000;7,5639580000;
;5;78;78358;2;1;2.0;6.0;48,9553600000;2,1386200000;
;5;33;33063;2;2;2.0;3.0;44,8353200000; -0,5888200000;
;1;01;01049;1;1;1.0;6.0;45,8400420000;5,0504550000;
;1;77;77495;2;6;1.0;6.0;48,5657100000;2,6288500000;
;1;67;67418;1;1;1.0;1.0;48,8231520000;7,9954940000;
;1;87;87085;2;2;1.0;6.0;45,8322600000;1,2646900000;
;1;95;95351;1;1;1.0;2.0;49,0394200000;2,4837200000;
;5;77;77487;2;1;1.0;6.0;48,5328900000;2,6722000000;
;5;74;74264;2;1;1.0;1.0;46,0667250000;6,5548150000;
;1;01;01249;2;1;2.0;6.0;45,8247490000;4,9548820000;
;3;42;42223;1;1;8.0;5.0;45,4392466734;4,3414573073;
;2;31;31220;1;1;1.0;6.0;43,3262911724;1,6340661049;
;2;62;62184;1;1;1.0;1.0;50,2002540000;3,0264540000;
;1;87;87065;2;1;1.0;6.0;45,8122900000;1,3226800000;
;1;06;06149;1;1;1.0;6.0;43,7434600000;7,3369900000;
;5;01;01249;2;1;8.0;6.0;45,8220710000;4,9483270000;
;2;77;77186;1;1;1.0;6.0;48,4514680000;2,7088800000;
;1;93;93001;1;1;2.0;3.0;48,9212115236;2,3692000928;
;1;77;77114;2;1;2.0;6.0;48,7235200000;2,6549900000;
;1;30;30117;1;1;1.0;7.0;43,7056064823;4,5297338962;
;1;987;98738;1;1;1.0;3.0; -17,6180000000; -149,5490000000;
;1;33;33063;2;3;1.0;3.0;44,8743400000; -0,5491100000;
;1;57;57390;2;1;1.0;1.0;49,0033010000;7,3792240000;
;1;35;35238;2;2;1.0;3.0;48,1085800000; -1,6929900000;
;1;93;93053;1;1;1.0;7.0;48,8972100000;2,4696700000;
;3;22;22170;1;1;2.0;6.0;48,4540220000; -2,8388610000;
;3;987;98729;1;1;1.0;1.0; -17,5312350000; -149,7728780000;
;5;83;83137;2;3;1.0;3.0;43,1285540000;5,9128200000;
;1;76;76410;2;3;1.0;6.0;49,4837800000;1,0456500000;
;3;59;59130;1;1;1.0;6.0;50,8613718801;2,2125434875;
;2;35;35334;1;1;2.0;6.0;48,1381652357; -1,5783244371;
;1;38;38229;1;1;1.0;2.0;45,2107020000;5,8067840000;
;1;77;77186;2;2;1.0;6.0;48,4037800000;2,6921100000;
;1;33;33318;2;1;2.0;3.0;44,8024300000; -0,6506600000;
;1;59;59105;1;1;1.0;6.0;50,4332480000;3,2302940000;
;1;83;83098;2;9;1.0;6.0;43,1070340000;6,0270730000;
;2;986;98613;2;9;1.0;3.0; -13,3367020000; -176,1880590000;
;1;74;74008;2;1;1.0;3.0;46,1993400000;6,2247500000;
;5;35;35238;2;6;1.0;3.0;48,0862100000; -1,6441500000;
;1;76;76429;2;1;1.0;6.0;49,4111000000;1,1478000000;
;5;30;30189;2;1;1.0;6.0;43,8404200000;4,3602200000;
;3;13;13005;1;1;1.0;6.0;43,2800500000;5,5833200000;
;1;21;21173;1;2;1.0;3.0;47,0492000000;4,8542300000;
;1;74;74267;2;1;1.0;4.0;45,8513020000;6,1451010000;
;5;83;83062;2;1;1.0;6.0;43,1444600000;6,0327000000;
;5;93;93066;1;1;1.0;2.0;48,9281462699;2,3577354704;
;1;45;45252;2;3;1.0;3.0;48,1878100000;2,2452450000;
;1;76;76114;2;1;3.0;1.0;49,5789687391;0,4709064960;
;5;33;33075;2;1;1.0;3.0;44,8771600000; -0,5780200000;
;2;73;73008;2;6;1.0;6.0;45,6900300000;5,9094500000;
;1;30;30189;2;1;1.0;3.0;43,8401000000;4,3637000000;
;1;13;13005;1;1;1.0;4.0;43,2849500000;5,5242500000;
;3;53;53146;1;3;1.0;6.0;48,2285260071; -0,6562760865;
;1;81;81033;2;3;1.0;3.0;44,0290400000;2,1300100000;
;1;11;11266;2;3;1.0;3.0;43,0149210000;3,0621120000;
;2;74;74012;2;1;1.0;4.0;46,1911200000;6,2505700000;
;1;94;94018;1;1;1.0;2.0;48,8205076244;2,4018322324;
;1;72;72181;2;1;1.0;6.0;48,0147000000;0,1620100000;
;2;30;30007;2;9;8.0;6.0;44,1263300000;4,0800400000;
;5;33;33162;2;1;1.0;3.0;44,8629100000; -0,6659300000;
;1;76;76307;2;2;1.0;3.0;49,6390870000;0,2232670000;
;1;67;67160;2;1;1.0;1.0;48,9515500000;7,7730100000;
;1;80;80021;2;2;1.0;3.0;49,8980400000;2,2952000000;
;5;72;72181;2;2;2.0;1.0;48,0069200000;0,1916100000;
;5;33;33529;2;1;1.0;6.0;44,6310722407; -1,1543342471;
;1;71;71306;2;6;3.0;3.0;46,6811400000;4,3702900000;
;1;77;77249;1;1;1.0;3.0;48,7597650000;2,6155970000;
;5;83;83144;1;1;1.0;2.0;43,1424000000;6,0078600000;
;1;27;27229;2;1;1.0;2.0;49,0035000000;1,1478700000;
;1;80;80116;2;6;1.0;3.0;49,7469430000;2,6721670000;
;1;71;71270;2;3;1.0;6.0;46,3208770774;4,8158962997;
;1;80;80131;1;3;1.0;3.0;49,8573100000;2,3816000000;
;1;71;71306;2;1;1.0;7.0;46,6777200000;4,3660500000;
;1;80;80211;2;1;1.0;6.0;49,7423700000;2,1564480000;
;1;31;31555;2;2;7.0;3.0;43,5930320677;1,4444285631;
;5;67;67482;2;1;2.0;6.0;48,5708400000;7,7754200000;
;2;24;24102;1;9;1.0;3.0;45,1959100000;0,6482700000;
;1;03;03298;2;3;7.0;1.0;46,3131750000;3,4207660000;
;3;91;91534;1;1;2.0;2.0;48,7287400000;2,1646300000;
;5;77;77305;2;1;1.0;6.0;48,3922200000;2,9539500000;
;1;77;77294;1;1;2.0;4.0;48,9732900000;2,5775050000;
;1;82;82126;1;1;1.0;2.0;44,1638130000;1,5534930000;
;5;65;65433;2;1;3.0;2.0;43,2053650000;0,0970090000;
;5;69;69199;2;1;1.0;2.0;45,7080100000;4,8589400000;
;1;03;03102;1;1;1.0;3.0;46,5174620000;3,6920390000;
;5;29;29039;2;6;8.0;3.0;47,8898920000; -3,9161753600;
;1;77;77131;2;1;1.0;6.0;48,8149600000;3,0837500000;
;1;65;65319;2;1;1.0;6.0;43,0661680000;0,5027260000;
;2;77;77468;1;1;1.0;6.0;48,8326400000;2,6604000000;
;5;65;65440;2;1;3.0;3.0;43,2242320000;0,0678980000;
;5;94;94003;1;1;1.0;6.0;48,8082384632;2,3401175825;
;1;74;74146;2;1;1.0;7.0;46,3669090000;6,5668680000;
;1;67;67218;2;3;1.0;3.0;48,5210700000;7,7257300000;
;5;14;14366;2;1;2.0;6.0;49,1451500000;0,2667500000;
;1;61;61281;1;1;1.0;1.0;48,8412700000; -0,6752400000;
;5;27;27681;2;2;1.0;1.0;49,0895500000;1,4880300000;
;1;69;69290;2;3;1.0;3.0;45,6972700000;4,9445900000;
;3;93;93066;1;1;1.0;6.0;48,9228077205;2,3498623726;
;5;67;67482;2;1;1.0;6.0;48,5807100000;7,7273000000;
;5;62;62457;2;2;3.0;3.0;50,4598510000;2,5494040000;
;1;38;38374;2;1;1.0;2.0;45,6420000000;5,3378840000;
;1;77;77237;1;1;1.0;2.0;48,8310240000;2,7623090000;
;1;13;13056;1;1;7.0;3.0;43,3761900000;5,0644800000;
;1;12;12133;1;2;1.0;1.0;44,3130550000;2,5599220000;
;1;69;69266;2;1;1.0;1.0;45,7842400000;4,8969000000;
;5;26;26362;2;1;1.0;2.0;44,9314500000;4,8845600000;
;1;61;61001;2;1;3.0;6.0;48,4262400000;0,0890760000;
;1;67;67482;2;3;1.0;3.0;48,5695070215;7,7631631494;
;1;93;93064;1;1;1.0;2.0;48,8612242569;2,4841007475;
;1;26;26079;2;4;1.0;1.0;44,9370460000;5,0957040000;
;1;19;19272;1;1;1.0;7.0;45,2733449683;1,7895587683;
;5;47;47004;2;1;1.0;1.0;44,3006410000;0,3366490000;
;1;06;06069;1;1;2.0;3.0;43,6321710000;6,9576900000;
;4;93;93066;1;1;1.0;5.0;48,9202730000;2,3570130000;
;1;69;69264;1;3;1.0;3.0;45,9853100000;4,7027400000;
;5;59;59599;2;2;2.0;6.0;50,7109896604;3,1519389153;
;1;64;64260;2;1;1.0;2.0;43,3734500000; -1,7553700000;
;2;94;94052;1;1;1.0;7.0;48,8344649607;2,4932511256;
;1;01;01418;2;1;1.0;1.0;45,8113890000;5,0224420000;
;1;18;18279;2;9;1.0;3.0;47,2366000000;2,0924000000;
;1;66;66136;1;1;1.0;2.0;42,7132764582;2,8721389174;
;5;44;44131;2;1;1.0;7.0;47,1198330000; -2,1047270000;
;5;75;75116;2;1;1.0;2.0;48,8594960000;2,2627270000;
;5;59;59178;2;1;1.0;1.0;50,3917168776;3,0638739467;
;3;75;75112;1;1;1.0;2.0;48,8171410884;2,4549669027;
;2;14;14701;1;1;1.0;7.0;49,3246610000;0,0639450000;
;1;69;69067;1;1;1.0;6.0;45,7476570000;4,5727370000;
;1;36;36044;2;1;1.0;6.0;46,8089356286;1,6903227568;
;3;70;70433;2;1;1.0;7.0;47,6076530000;6,1900450000;
;1;56;56121;2;1;2.0;6.0;47,7621643000; -3,3901070000;
;5;64;64445;2;6;1.0;3.0;43,2962000000; -0,3763800000;
;1;64;64445;2;6;1.0;7.0;43,3110000000; -0,3630000000;
;1;49;49267;2;1;2.0;7.0;47,4666600000; -0,5155500000;
;5;13;13117;2;1;1.0;3.0;43,4222834165;5,2867503767;
;3;79;79201;1;1;1.0;6.0;46,4186450000; -0,0510910000;
;5;75;75120;2;4;1.0;3.0;48,8521100000;2,4150570000;
;2;58;58074;1;3;9.0;7.0;46,8420460000;3,9422790000;
;1;62;62215;2;1;1.0;3.0;50,4773500000;2,9388600000;
;5;47;47001;2;1;1.0;6.0;44,2080000000;0,6200300000;
;1;31;31485;1;3;2.0;3.0;43,4746020000;1,7171980000;
;1;64;64122;2;4;1.0;3.0;43,4669365482; -1,5717208385;
;5;13;13071;1;6;8.0;3.0;43,4171600000;5,2895900000;
;1;66;66149;1;1;1.0;7.0;42,6243980000;2,4445440000;
;1;75;75120;2;5;1.0;7.0;48,8723110000;2,3977750000;
;5;94;94017;1;1;1.0;5.0;48,8270194777;2,5116058458;
;1;85;85080;1;2;1.0;5.0;46,4287890000; -0,8350940000;
;1;45;45232;2;2;1.0;3.0;47,8586065223;1,9066640139;
;5;13;13207;2;1;1.0;6.0;43,2844300000;5,3496800000;
;1;64;64024;1;1;1.0;2.0;43,4787900000; -1,5092600000;
;1;59;59350;2;2;1.0;3.0;50,6166000000;3,0630500000;
;5;45;45234;2;1;3.0;6.0;47,9151740000;1,9128570000;
;1;49;49301;1;1;1.0;7.0;47,1427520000; -1,1295530000;
;5;59;59009;2;2;1.0;1.0;50,6438500000;3,1356400000;
;1;13;13005;2;1;1.0;2.0;43,2864636782;5,5872865766;
;1;14;14527;2;2;1.0;3.0;49,1091210000;0,0069520000;
;1;59;59378;2;9;1.0;1.0;50,6825709944;3,1069157123;
;1;37;37240;1;2;1.0;3.0;47,5899300000;0,9310080000;
;5;44;44109;2;1;8.0;1.0;47,2769100000; -1,5095700000;
;1;64;64024;2;3;7.0;3.0;43,4801900000; -1,5210900000;
;1;29;29103;2;1;1.0;6.0;48,4496710000; -4,2462320000;
;2;10;10357;1;1;1.0;3.0;48,2888500000;4,1574900000;
;5;44;44109;2;8;1.0;6.0;47,2205000000; -1,5550890000;
;1;56;56121;2;1;1.0;6.0;47,7518300000; -3,3555400000;
;1;14;14491;1;1;1.0;3.0;49,1003370000; -0,6096940000;
;5;44;44109;2;1;1.0;6.0;47,2468400000; -1,5773000000;
;3;27;27439;1;1;1.0;6.0;49,0692900000;1,1809340000;
;2;05;05061;1;1;1.0;7.0;44,5105336463;6,0714800886;
;4;64;64024;2;1;1.0;2.0;43,4758800000; -1,5280100000;
;3;09;09138;1;1;1.0;1.0;42,9767170000;1,6651260000;
;1;54;54328;2;6;1.0;3.0;48,6184937910;6,1766874790;
;1;33;33009;2;6;1.0;6.0;44,6572800000; -1,1584200000;
;1;42;42184;2;1;8.0;3.0;46,0565349981;4,0624359308;
;5;75;75120;2;1;1.0;4.0;48,8501052353;2,4151280522;
;1;95;95134;2;1;1.0;4.0;49,1420110000;2,2517520000;
;1;74;74042;2;1;1.0;3.0;46,0767190000;6,4064190000;
;1;60;60338;2;3;1.0;6.0;49,3550511589;2,7763170004;
;3;45;45025;1;1;1.0;7.0;48,1557131582;2,0522546768;
;1;37;37261;2;1;1.0;7.0;47,3941514129;0,6668829918;
;5;63;63113;2;5;1.0;3.0;45,8003267717;3,1115582585;
;1;51;51454;2;2;1.0;7.0;49,2505491645;4,0524691343;
;5;73;73011;2;1;1.0;6.0;45,6610000000;6,3810000000;
;1;95;95134;1;1;1.0;6.0;49,1385216664;2,2535276413;
;1;74;74309;1;4;1.0;3.0;46,1126500000;6,0402700000;
;1;33;33522;2;1;2.0;3.0;44,7911400000; -0,5874800000;
;1;13;13043;1;1;1.0;4.0;43,3837700000;5,2312300000;
;1;60;60382;2;1;1.0;6.0;49,4274860000;2,8161310000;
;1;59;59657;1;1;1.0;7.0;50,9192255072;2,5235348940;
;1;62;62160;2;9;1.0;6.0;50,7381600000;1,6092080000;
;1;74;74197;1;3;1.0;3.0;46,1384260000;6,3148100000;
;1;59;59279;2;1;1.0;2.0;50,7768233092;3,1240922213;
;5;33;33200;2;3;1.0;3.0;44,8678800000; -0,6700900000;
;1;73;73096;1;3;1.0;3.0;45,5139200000;6,0916900000;
;3;69;69297;1;1;1.0;2.0;45,6072600000;4,8022400000;
;1;42;42271;1;1;1.0;7.0;45,4663310000;4,5498630000;
;1;51;51454;2;1;1.0;4.0;49,2381140000;4,0652560000;
;5;75;75117;2;1;1.0;3.0;48,8945610000;2,3054090000;
;1;59;59648;1;3;1.0;3.0;50,5861771853;3,0343347788;
;1;73;73171;1;1;1.0;3.0;45,4997300000;6,0429100000;
;3;42;42218;1;1;1.0;6.0;45,4583700000;4,4073800000;
;1;33;33063;2;4;1.0;6.0;44,8369609445; -0,6068095565;
;1;976;97611;2;3;1.0;2.0; -12,7726400000;45,2231200000;
;1;49;49267;2;1;1.0;3.0;47,4732800000; -0,4938300000;
;1;74;74263;2;1;1.0;6.0;46,3306910000;6,3719470000;
;1;75;75119;2;4;1.0;3.0;48,8882580000;2,3958480000;
;1;31;31555;2;1;1.0;3.0;43,6336300000;1,4313300000;
;1;10;10323;2;1;1.0;2.0;48,5115460000;3,7248100000;
;1;45;45308;2;1;1.0;7.0;47,9235100000;1,9566000000;
;5;59;59350;2;3;1.0;2.0;50,6354571822;3,0708852410;
;1;67;67482;1;1;1.0;4.0;48,5872500000;7,7127700000;
;1;976;97611;2;1;1.0;6.0; -12,7900100000;45,2204600000;
;1;31;31157;2;1;1.0;6.0;43,5363460000;1,3621970000;
;4;27;27681;1;1;1.0;1.0;49,1130400000;1,5185000000;
;1;40;40117;1;1;1.0;1.0;43,7719930000; -0,4181670000;
;1;51;51108;2;1;1.0;3.0;48,9698695345;4,3708151579;
;2;91;91228;1;1;1.0;7.0;48,6177200000;2,4284100000;
;5;75;75117;2;2;1.0;3.0;48,8842550000;2,3026760000;
;1;45;45234;2;3;1.0;3.0;47,9249615949;1,9275568575;
;1;89;89240;1;1;1.0;7.0;48,1699780000;3,3765310000;
;1;976;97611;2;9;1.0;3.0; -12,7757900000;45,2252800000;
;1;24;24237;1;6;1.0;6.0;44,8888290000;0,5512050000;
;3;27;27229;2;1;2.0;6.0;49,0026300000;1,1581300000;
;2;50;50129;2;1;1.0;6.0;49,6557500000; -1,6749500000;
;1;45;45234;2;1;1.0;6.0;47,9052833529;1,9119231552;
;1;27;27229;2;1;2.0;7.0;49,0245400000;1,1720300000;
;4;93;93066;1;9;1.0;4.0;48,9228102258;2,3450229211;
;3;27;27017;1;1;1.0;6.0;48,9748678233;1,1460371017;
;1;75;75115;2;7;1.0;6.0;48,8439460000;2,3229090000;
;1;47;47001;2;2;1.0;3.0;44,2053700000;0,6277500000;
;5;26;26362;2;3;1.0;1.0;44,9244600000;4,9278900000;
;1;75;75112;2;1;1.0;2.0;48,8329130000;2,4005960000;
;1;56;56240;1;3;2.0;1.0;47,5368900000; -2,7408860000;
;1;37;37261;2;1;1.0;6.0;47,3606000000;0,7019200000;
;1;30;30234;1;1;1.0;1.0;43,9981200000;4,1238750000;
;1;974;97416;1;1;1.0;5.0; -21,3266900000;55,4496400000;
;1;93;93066;1;9;1.0;4.0;48,9200600000;2,3575600000;
;1;25;25462;2;2;2.0;3.0;46,9023300000;6,3545400000;
;1;45;45234;2;2;1.0;3.0;47,9147400000;1,9020900000;
;1;75;75108;2;2;1.0;3.0;48,8702120000;2,3110700000;
;1;37;37261;2;3;1.0;6.0;47,3799795949;0,6951749325;
;1;94;94058;1;1;1.0;2.0;48,8434004838;2,4931471702;
;1;45;45208;2;1;1.0;6.0;48,0011700000;2,7272200000;
;5;25;25056;2;3;3.0;3.0;47,2195300000;5,9756000000;
;1;974;97411;1;1;1.0;1.0; -20,8890900000;55,4369900000;
;3;06;06085;2;6;1.0;3.0;43,6004820000;6,9861080000;
;1;37;37261;2;1;1.0;3.0;47,3902184071;0,6941235065;
;5;75;75115;2;2;1.0;3.0;48,8414900000;2,3079400000;
;1;94;94046;1;1;1.0;2.0;48,8107024269;2,4491754571;
;5;44;44109;2;1;1.0;1.0;47,2279860000; -1,5806120000;
;5;24;24557;2;6;1.0;6.0;45,1893800000;0,7497900000;
;2;35;35238;2;1;1.0;6.0;48,1113800000; -1,6792600000;
;1;974;97411;2;1;1.0;6.0; -20,9043300000;55,4876600000;
;1;75;75107;2;3;1.0;6.0;48,8592300000;2,3051390000;
;3;77;77018;1;1;1.0;6.0;48,8357847289;2,8087362763;
;1;42;42110;2;9;1.0;6.0;45,4872900000;4,5525800000;
;2;35;35238;2;1;1.0;3.0;48,1138200000; -1,7052600000;
;1;21;21054;2;1;8.0;4.0;47,0410800000;4,8483800000;
;1;75;75103;2;7;1.0;3.0;48,8665650000;2,3648290000;
;1;974;97411;2;1;1.0;2.0; -20,8934000000;55,4700400000;
;2;77;77294;1;1;1.0;6.0;48,9661856923;2,6068511155;
;1;11;11262;1;1;1.0;1.0;43,1692540000;3,1160830000;
;1;41;41295;2;6;1.0;2.0;47,5698500000;1,3732700000;
;1;21;21054;2;1;1.0;6.0;47,0345251472;4,8346012831;
;1;35;35238;2;1;1.0;6.0;48,1310100000; -1,6337000000;
;1;75;75104;2;2;1.0;6.0;48,8560700000;2,3506930000;
;1;93;93051;1;1;1.0;3.0;48,8360617958;2,5586780697;
;1;37;37233;2;1;1.0;6.0;47,3968604040;0,7093477249;
;1;17;17226;1;1;1.0;7.0;45,9185720000; -0,5820820000;
;5;14;14366;2;2;3.0;3.0;49,1520530000;0,2242850000;
;1;77;77121;1;1;1.0;6.0;48,8319679504;2,6729113959;
;1;33;33281;2;3;1.0;1.0;44,8310800000; -0,6481900000;
;5;75;75101;2;2;1.0;6.0;48,8591070000;2,3464290000;
;1;33;33005;1;6;1.0;7.0;44,7769610000; -1,0510830000;
;1;75;75116;2;1;1.0;6.0;48,8742020000;2,2617560000;
;1;13;13213;2;7;1.0;3.0;43,3264250296;5,4385691885;
;5;75;75102;2;2;1.0;7.0;48,8644440000;2,3515380000;
;1;37;37122;2;3;7.0;3.0;47,3480800000;0,6583700000;
;1;33;33281;2;3;1.0;3.0;44,8188092270; -0,6991365552;
;1;11;11202;2;1;1.0;6.0;42,8570320000;3,0375480000;
;1;33;33281;2;1;1.0;6.0;44,8442300000; -0,6396500000;
;1;13;13210;2;1;1.0;2.0;43,2745089681;5,4150978180;
;2;35;35238;2;1;1.0;6.0;48,1099800000; -1,6621800000;
;1;33;33063;2;1;1.0;3.0;44,8274200000; -0,5612600000;
;1;94;94068;2;2;1.0;2.0;48,8075900000;2,5058900000;
;1;2A;2A247;1;1;1.0;3.0;41,5435450000;9,2808510000;
;1;34;34172;2;1;1.0;6.0;43,5945430000;3,8716270000;
;5;13;13207;2;2;1.0;3.0;43,2902200000;5,3574000000;
;1;13;13085;1;1;1.0;1.0;43,2417520000;5,5939830000;
;1;30;30028;2;6;1.0;3.0;44,1550000000;4,6162900000;
;5;94;94068;2;2;1.0;3.0;48,7962100000;2,5002900000;
;1;69;69386;2;2;1.0;6.0;45,7703500000;4,8616600000;
;2;13;13005;2;1;8.0;6.0;43,2917988062;5,5614422283;
;1;13;13015;2;1;1.0;6.0;43,4301170000;5,3928750000;
;1;33;33069;2;3;1.0;3.0;44,8625600000; -0,5844500000;
;1;94;94043;2;1;1.0;3.0;48,8117740000;2,3598800000;
;5;93;93063;2;1;1.0;6.0;48,8923127112;2,4264684319;
;1;30;30243;2;3;1.0;3.0;44,0742000000;4,0907700000;
;1;10;10387;2;1;1.0;7.0;48,2949000000;4,0671300000;
;4;13;13048;2;1;1.0;1.0;43,6333340000;5,6425200000;
;1;06;06069;2;1;1.0;6.0;43,6288610000;6,9378800000;
;1;94;94021;2;1;1.0;6.0;48,7607600726;2,3536232808;
;1;22;22278;2;1;1.0;6.0;48,5177300000; -2,7991300000;
;5;93;93013;2;9;1.0;1.0;48,9363380000;2,4315210000;
;1;33;33281;1;6;1.0;3.0;44,8171260784; -0,6749390066;
;1;26;26362;1;1;7.0;6.0;44,9051050000;4,8800160000;
;1;93;93051;2;1;1.0;7.0;48,8420135780;2,5596572320;
;1;14;14327;1;1;1.0;2.0;49,1966300000; -0,3395700000;
;1;89;89059;2;1;1.0;6.0;48,0196580000;3,5122510000;
;1;973;97302;2;1;1.0;3.0;4,9343403002; -52,3206549883;
;5;04;04112;2;3;1.0;2.0;43,8341600000;5,7991600000;
;1;33;33318;2;6;1.0;3.0;44,8131700000; -0,6351600000;
;1;89;89390;1;1;1.0;6.0;48,3319740000;3,2142150000;
;2;13;13203;2;1;8.0;2.0;43,3067504491;5,3746903713;
;1;93;93027;2;1;1.0;2.0;48,9310200000;2,3862900000;
;1;33;33063;2;1;1.0;6.0;44,8487901937; -0,5628266931;
;1;75;75120;2;4;2.0;6.0;48,8648260000;2,4129960000;
;1;93;93010;2;1;1.0;6.0;48,8945083200;2,4815263036;
;1;52;52380;1;1;1.0;3.0;47,8744085026;5,3624010086;
;1;13;13211;2;1;1.0;2.0;43,2876617210;5,4488022947;
;5;69;69259;2;3;1.0;3.0;45,7159400000;4,8782700000;
;1;75;75106;2;1;2.0;6.0;48,8491920000;2,3276150000;
;1;92;92051;2;3;1.0;3.0;48,8849600000;2,2551600000;
;1;88;88243;2;2;1.0;3.0;48,3126310000;6,7159300000;
;2;972;97209;2;1;1.0;6.0;14,6078000000; -61,0696400000;
;1;13;13004;1;1;1.0;1.0;43,7188300000;4,6463500000;
;5;75;75118;2;3;2.0;7.0;48,9005210000;2,3354350000;
;5;92;92040;2;1;1.0;2.0;48,8211300000;2,2570500000;
;1;10;10333;1;1;1.0;2.0;48,2721500000;4,0478400000;
;2;74;74032;1;1;1.0;6.0;46,2561060000;6,5190770000;
;5;75;75116;2;3;2.0;3.0;48,8622240000;2,2293270000;
;3;41;41194;1;1;1.0;7.0;47,3709030000;1,7719320000;
;1;91;91421;1;1;1.0;2.0;48,6913400000;2,4522300000;
;1;03;03190;2;3;1.0;6.0;46,5600200000;3,3334000000;
;3;75;75116;2;1;2.0;3.0;48,8690670000;2,2708500000;
;1;91;91223;2;1;1.0;2.0;48,4349100000;2,1638200000;
;1;42;42134;1;2;1.0;2.0;45,6896940000;4,0368480000;
;3;01;01053;2;1;1.0;6.0;46,2092700000;5,2342800000;
;3;988;98812;1;9;2.0;3.0; -20,6057900000;164,3229500000;
;2;84;84087;2;1;1.0;1.0;44,1236400000;4,8190600000;
;5;75;75115;2;3;2.0;6.0;48,8574690000;2,2910530000;
;3;28;28006;1;6;1.0;7.0;48,4370310000;1,4309260000;
;1;38;38087;2;1;1.0;1.0;45,5835190000;4,7987910000;
;1;75;75120;2;4;1.0;2.0;48,8688270000;2,4134740000;
;1;83;83137;2;1;1.0;6.0;43,1474200000;5,9020900000;
;5;75;75112;2;3;3.0;3.0;48,8344090000;2,4098910000;
;3;35;35124;1;1;1.0;6.0;47,7672320000; -1,7102510000;
;1;75;75112;2;2;7.0;6.0;48,8375340000;2,4253510000;
;1;81;81004;2;1;1.0;6.0;43,9067000000;2,1412000000;
;1;26;26313;2;3;1.0;1.0;44,9652000000;4,9671200000;
;1;84;84037;1;1;1.0;1.0;44,0760240000;4,8326970000;
;2;75;75112;2;3;8.0;2.0;48,8432410000;2,3853510000;
;1;01;01249;2;1;1.0;6.0;45,8238340000;4,9549230000;
;1;75;75109;2;2;1.0;6.0;48,8721910000;2,3328140000;
;3;75;75107;2;2;3.0;7.0;48,8625667771;2,3104065657;
;1;75;75120;2;1;1.0;6.0;48,8745770000;2,3957380000;
;3;37;37005;1;1;1.0;1.0;46,9624770000;0,5485010000;
;1;78;78672;2;9;1.0;2.0;48,9281650000;2,0046320000;
;1;01;01405;1;3;7.0;3.0;46,1509660000;5,1942320000;
;1;75;75120;2;2;1.0;6.0;48,8696770000;2,4026340000;
;5;75;75108;2;2;3.0;3.0;48,8719070000;2,3009320000;
;1;77;77014;2;3;1.0;3.0;48,4239060000;2,7393730000;
;1;75;75119;2;1;1.0;6.0;48,8987830000;2,3751390000;
;1;09;09249;1;1;1.0;2.0;42,9294050000;1,7362150000;
;1;83;83140;1;1;1.0;1.0;43,4114700000;5,9089280000;
;3;77;77216;1;1;1.0;6.0;48,3036400000;2,6804800000;
;4;75;75108;2;3;3.0;6.0;48,8721350000;2,3129300000;
;1;51;51639;2;1;1.0;7.0;48,9617960000;3,6772820000;
;1;33;33203;2;1;1.0;6.0;45,1845720000; -1,0570270000;
;1;75;75119;2;3;1.0;3.0;48,8768600000;2,3744030000;
;1;75;75101;2;1;2.0;7.0;48,8595870000;2,3355990000;
;1;76;76575;2;1;1.0;2.0;49,4023600000;1,0655100000;
;1;56;56055;2;1;1.0;6.0;47,6584940000; -3,2060440000;
;5;75;75119;2;4;1.0;3.0;48,8954580000;2,3831410000;
;5;94;94076;2;1;2.0;3.0;48,7844620000;2,3671970000;
;1;44;44176;2;2;7.0;3.0;47,3502310000; -2,1814610000;
;5;69;69290;2;1;1.0;3.0;45,7167700000;4,9280700000;
;1;80;80008;2;2;2.0;6.0;50,0361490000;1,5979640000;
;3;94;94028;2;1;2.0;3.0;48,7728809244;2,4344560504;
;1;44;44172;2;1;1.0;3.0;47,2720730000; -1,4658390000;
;1;75;75118;2;3;1.0;3.0;48,8908800000;2,3532450000;
;1;69;69092;2;1;1.0;6.0;45,9941400000;4,7047500000;
;3;71;71208;1;9;1.0;7.0;46,8984140000;5,1576300000;
;1;94;94017;2;1;8.0;3.0;48,8272600000;2,5206000000;
;1;75;75118;2;2;1.0;3.0;48,8912660000;2,3632940000;
;1;22;22343;2;1;1.0;3.0;48,7771210000; -3,5814300000;
;1;63;63291;1;1;1.0;6.0;45,9436380000;3,4918770000;
;1;64;64445;2;1;1.0;5.0;43,3401600000; -0,3759600000;
;1;93;93066;2;4;8.0;3.0;48,9361497479;2,3645432515;
;2;55;55353;2;1;2.0;6.0;48,8885010000;5,7207230000;
;5;75;75118;2;2;1.0;3.0;48,8894830000;2,3496010000;
;5;62;62863;2;1;1.0;6.0;50,5362000000;2,7709000000;
;1;22;22143;2;6;1.0;3.0;48,5995440000; -2,2875600000;
;3;49;49310;1;1;1.0;7.0;47,1067800000; -0,5181660000;
;2;93;93053;2;2;2.0;6.0;48,8900300000;2,4527600000;
;1;75;75118;2;1;1.0;2.0;48,8846350000;2,3564550000;
;1;60;60159;1;1;1.0;6.0;49,4174400000;2,8233100000;
;3;49;49228;1;9;1.0;6.0;47,4841102227;0,1700305939;
;5;93;93029;2;1;1.0;2.0;48,9169200000;2,4454800000;
;1;59;59350;2;1;1.0;6.0;50,6333700000;3,0913400000;
;1;75;75117;2;2;1.0;3.0;48,8942280000;2,3206170000;
;1;12;12270;1;3;1.0;6.0;44,3439650000;3,0190790000;