Num_Acc;lum;departement;commune;agglomeration;intersection;meteo;type_collision;lat;long;date
;1;75;75116;2;1;1.0;6.0;48,8702260000;2,2744160000;
;3;12;12199;1;1;8.0;6.0;44,4205590000;2,3036420000;
;1;93;93008;2;7;2.0;6.0;48,9063650000;2,4387980000;
;1;59;59043;1;2;1.0;1.0;50,7359028679;2,7114611864;
;3;46;46280;1;1;1.0;6.0;44,5264930911;1,3156797904;
;1;75;75113;2;3;1.0;3.0;48,8259400000;2,3604390000;
;1;54;54439;2;1;1.0;3.0;48,6971600000;6,2551100000;
;1;93;93008;2;1;2.0;2.0;48,8998190000;2,4485690000;
;1;47;47301;1;1;1.0;6.0;44,5417117011;0,2991277544;
;1;75;75111;2;3;1.0;6.0;48,8676280000;2,3756390000;
;1;47;47001;2;1;1.0;2.0;44,2011200000;0,6120300000;
;1;92;92073;2;1;8.0;7.0;48,8724324096;2,2209341079;
;3;34;34013;1;1;1.0;2.0;43,5757570000;3,4635580000;
;1;75;75110;2;1;1.0;3.0;48,8695950000;2,3670220000;
;1;25;25228;2;1;1.0;6.0;47,5066460000;6,8589220000;
;1;44;44184;2;3;1.0;3.0;47,2904200000; -2,2659000000;
;1;75;75108;2;2;1.0;6.0;48,8687820000;2,3218320000;
;1;92;92062;2;3;2.0;2.0;48,8783231787;2,2424675524;
;1;44;44188;1;2;1.0;3.0;47,0142530000; -1,6505560000;
;1;37;37261;2;2;1.0;3.0;47,3826200000;0,6833000000;
;5;75;75107;2;3;1.0;7.0;48,8598290000;2,3088410000;
;5;75;75107;2;4;1.0;6.0;48,8601150000;2,3216100000;
;1;37;37261;2;2;1.0;3.0;47,4214473871;0,6860554218;
;2;44;44119;1;1;1.0;1.0;46,9537560000; -1,7616750000;
;2;92;92051;2;5;1.0;3.0;48,8867300000;2,2830900000;
;1;33;33522;2;1;1.0;6.0;44,8015003964; -0,5943946965;
;1;75;75102;2;2;1.0;1.0;48,8695370000;2,3367950000;
;3;35;35324;2;1;1.0;6.0;48,3341119672; -1,1667468399;
;1;38;38075;1;1;1.0;7.0;45,4774630000;5,9383090000;
;1;29;29019;2;6;1.0;2.0;48,4012620000; -4,4497050000;
;1;75;75103;2;2;1.0;6.0;48,8619900000;2,3501570000;
;1;92;92050;2;5;1.0;6.0;48,9017075874;2,2189593315;
;3;02;02238;1;3;1.0;3.0;49,5920420000;3,5412880000;
;1;94;94080;2;9;1.0;6.0;48,8478600000;2,4445000000;
;1;26;26198;1;1;1.0;7.0;44,5313400000;4,7443300000;
;5;92;92040;2;6;2.0;5.0;48,8232417264;2,2496239543;
;1;15;15208;2;1;1.0;6.0;45,0855570000;2,5289910000;
;1;94;94068;2;1;1.0;7.0;48,8063400000;2,4795330000;
;5;92;92036;2;1;3.0;6.0;48,9319020000;2,2895660000;
;1;26;26198;2;2;1.0;3.0;44,5570100000;4,7279000000;
;1;15;15083;1;1;1.0;7.0;45,0008290000;2,4046300000;
;1;94;94068;2;1;1.0;3.0;48,7908400000;2,5066000000;
;1;22;22278;2;1;7.0;2.0;48,4971900000; -2,7471100000;
;5;92;92071;2;3;3.0;6.0;48,7773022943;2,2898340225;
;1;26;26337;2;9;1.0;6.0;44,7073940000;4,8010150000;
;1;94;94042;2;9;1.0;3.0;48,8174520000;2,4674270000;
;1;19;19272;2;1;1.0;3.0;45,2475591142;1,7466866970;
;5;92;92012;2;4;2.0;6.0;48,8289178795;2,2464238107;
;3;05;05153;2;1;1.0;6.0;44,6844906174;6,1563549974;
;5;13;13117;2;1;1.0;7.0;43,4310000000;5,2584600000;
;1;92;92002;2;2;2.0;3.0;48,7625369927;2,3035676032;
;3;64;64317;1;1;1.0;6.0;43,3679410000; -1,4643680000;
;2;13;13208;2;1;1.0;3.0;43,2589000000;5,3757900000;
;1;92;92014;2;1;1.0;3.0;48,7867205102;2,3120172322;
;1;18;18036;1;1;1.0;7.0;47,1555500000;2,1531700000;
;2;13;13213;2;1;1.0;1.0;43,3332443872;5,4382803054;
;1;94;94076;2;3;1.0;3.0;48,7857500000;2,3705500000;
;1;06;06114;1;4;8.0;1.0;43,7543690000;7,2783300000;
;1;13;13208;2;1;1.0;1.0;43,2494000000;5,3965200000;
;1;94;94065;2;1;1.0;2.0;48,7526900000;2,3495700000;
;3;13;13039;1;1;1.0;7.0;43,4707100000;4,9477700000;
;1;53;53051;1;1;1.0;7.0;48,3453690000; -0,5364420000;
;2;31;31445;2;1;1.0;6.0;43,5856600000;1,5306400000;
;1;94;94017;2;3;1.0;6.0;48,8169400000;2,5105000000;
;1;11;11069;2;1;1.0;6.0;43,2106497966;2,3536437750;
;1;10;10260;1;3;1.0;3.0;48,2216325939;4,1139284301;
;1;93;93078;2;2;1.0;3.0;48,9534000000;2,5627000000;
;1;07;07281;1;1;1.0;7.0;44,9357500000;4,8254000000;
;1;93;93066;2;1;1.0;6.0;48,9091501852;2,3578628985;
;1;06;06069;1;1;1.0;2.0;43,6387980000;6,9339220000;
;2;93;93062;2;2;1.0;3.0;48,8966800000;2,5301800000;
;3;30;30127;1;1;1.0;3.0;44,0716150000;4,5814490000;
;1;75;75112;2;1;1.0;5.0;48,8275810000;2,3921450000;
;1;34;34095;2;9;1.0;6.0;43,5508290000;3,7840720000;
;1;93;93077;2;3;1.0;3.0;48,8798741858;2,4966276437;
;3;51;51535;1;1;1.0;2.0;48,7270110000;3,6905690000;
;1;75;75117;2;1;1.0;4.0;48,8870350000;2,2902900000;
;5;93;93006;2;3;1.0;6.0;48,8694600000;2,4261900000;
;1;95;95527;1;1;1.0;6.0;49,0055280000;2,5052480000;
;1;75;75105;2;3;1.0;7.0;48,8468520000;2,3609690000;
;1;93;93047;2;9;1.0;3.0;48,8974451099;2,5752941519;
;2;74;74131;2;1;1.0;3.0;46,0179130000;5,9366730000;
;1;75;75106;2;2;1.0;2.0;48,8524560000;2,3319300000;
;5;93;93008;2;3;1.0;1.0;48,9117000000;2,4680600000;
;2;81;81128;2;7;1.0;6.0;43,6627606145;2,3484715819;
;1;75;75119;2;3;1.0;7.0;48,8764220000;2,3768450000;
;3;54;54589;1;1;2.0;6.0;48,9741327200;6,0493040086;
;1;92;92020;2;1;1.0;6.0;48,8001880277;2,2826706469;
;1;75;75119;2;1;1.0;2.0;48,8835330000;2,3892850000;
;3;72;72222;2;1;2.0;1.0;48,2384790000;0,2239680000;
;1;92;92044;2;3;1.0;7.0;48,8901250000;2,2812600000;
;5;75;75118;2;2;1.0;6.0;48,8977410000;2,3293300000;
;1;75;75118;2;2;1.0;6.0;48,8977230000;2,3375130000;
;1;92;92040;2;2;1.0;3.0;48,8282439422;2,2815356702;
;2;14;14431;2;2;1.0;5.0;49,0818390000; -0,0553930000;
;5;75;75118;2;5;1.0;3.0;48,8887960000;2,3466070000;
;1;50;50567;1;1;1.0;3.0;49,5592390000; -1,4613650000;
;1;92;92040;2;1;1.0;3.0;48,8277100214;2,2752873301;
;5;75;75117;2;7;1.0;6.0;48,8818870000;2,3112790000;
;1;75;75116;2;7;1.0;2.0;48,8586040000;2,2848460000;
;5;40;40001;2;3;2.0;3.0;43,7046730000; -0,2616490000;
;1;75;75115;2;1;1.0;6.0;48,8467600000;2,2903000000;
;3;28;28386;1;1;1.0;1.0;48,5612080000;1,2732340000;
;1;75;75114;2;2;1.0;3.0;48,8212000000;2,3343150000;
;5;30;30123;2;1;1.0;3.0;43,7241180000;4,1696760000;
;3;77;77305;1;1;8.0;2.0;48,4031100000;2,9712010000;
;1;75;75113;2;2;1.0;6.0;48,8277780000;2,3645560000;
;5;69;69244;2;1;1.0;6.0;45,7532816132;4,7743607926;
;1;75;75113;2;2;1.0;6.0;48,8270210000;2,3665010000;
;1;69;69244;2;3;1.0;3.0;45,7642990000;4,7693590000;
;1;75;75112;2;2;1.0;3.0;48,8467740000;2,3817190000;
;3;95;95120;1;1;2.0;1.0;49,0836750000;2,1759510000;
;1;83;83042;2;1;1.0;3.0;43,2563150000;6,5281880000;
;1;75;75110;2;2;1.0;3.0;48,8808050000;2,3511680000;
;1;13;13074;1;1;1.0;1.0;43,6438010000;5,5506060000;
;1;75;75108;2;3;1.0;6.0;48,8667070000;2,3138970000;
;5;89;89013;2;1;1.0;2.0;47,8709380000;3,5344660000;
;1;75;75101;2;5;1.0;7.0;48,8675200000;2,3336790000;
;3;67;67188;1;6;5.0;6.0;48,5297360000;7,3808281000;
;1;75;75101;2;3;1.0;7.0;48,8614810000;2,3391210000;
;5;85;85302;2;2;1.0;3.0;46,9622280000; -1,0024540000;
;1;75;75101;2;4;1.0;6.0;48,8601900000;2,3464340000;
;1;13;13210;1;1;1.0;3.0;43,2820000000;5,3990000000;
;1;75;75103;2;2;1.0;3.0;48,8679320000;2,3549780000;
;1;92;92002;1;1;2.0;2.0;48,7606003263;2,2855849717;
;3;94;94034;1;1;2.0;7.0;48,7574100000;2,3348200000;
;3;92;92048;1;1;3.0;6.0;48,7990400000;2,2161900000;
;5;75;75102;2;2;1.0;7.0;48,8706724079;2,3478917778;
;3;78;78640;1;1;1.0;2.0;48,7849528268;2,2229145169;
;1;93;93066;1;1;2.0;7.0;48,9217100000;2,3571500000;
;2;92;92036;1;1;3.0;3.0;48,9446848956;2,2853856324;
;3;93;93027;1;1;2.0;2.0;48,9255222309;2,3965842204;
;3;93;93010;1;1;2.0;7.0;48,9043700000;2,4726000000;
;5;95;95607;1;1;3.0;4.0;49,0181900000;2,2135800000;
;3;94;94044;1;1;2.0;6.0;48,7572046351;2,4751231775;
;1;75;75119;2;4;1.0;4.0;48,9002219582;2,3763138056;
;5;75;75115;2;2;1.0;6.0;48,8406520000;2,3149910000;
;5;75;75113;2;7;3.0;6.0;48,8257110000;2,3820380000;
;5;75;75112;2;4;3.0;1.0;48,8487950000;2,3680060000;
;5;75;75111;2;1;3.0;6.0;48,8656860000;2,3668950000;
;5;75;75112;2;3;3.0;6.0;48,8506400000;2,3788150000;
;5;75;75102;2;2;1.0;3.0;48,8675200000;2,3336640000;
;5;94;94081;2;2;2.0;1.0;48,7934500000;2,3974000000;
;1;94;94081;2;1;8.0;6.0;48,7941030000;2,4002480000;
;2;94;94046;2;2;2.0;3.0;48,8065500000;2,4433000000;
;5;94;94046;2;1;2.0;6.0;48,8092200000;2,4345200000;
;5;93;93073;2;2;2.0;6.0;48,9488511211;2,5657506287;
;1;93;93073;2;1;1.0;6.0;48,9450100000;2,5772100000;
;5;93;93046;2;1;3.0;6.0;48,9324190576;2,5594383591;
;5;93;93077;2;1;2.0;6.0;48,8824000000;2,5243600000;
;5;93;93048;2;1;2.0;6.0;48,8607300000;2,4435400000;
;1;93;93048;2;1;1.0;7.0;48,8585869608;2,4299392104;
;5;93;93008;2;1;2.0;3.0;48,9148897124;2,4173462391;
;1;92;92073;2;1;1.0;3.0;48,8722900834;2,2210031748;
;1;92;92051;2;1;1.0;6.0;48,8837987213;2,2749008238;
;1;92;92026;2;3;1.0;3.0;48,8965132977;2,2523342594;
;1;62;62495;1;2;2.0;3.0;50,6434800000;1,9740780000;
;1;67;67372;2;1;3.0;6.0;48,8500080000;7,6349990000;
;4;84;84069;2;1;1.0;1.0;44,1926010000;5,1211680000;
;3;10;10003;1;1;2.0;6.0;48,2611029795;3,7406945229;
;1;972;97204;2;3;1.0;1.0;14,7071190000; -61,1833230000;
;3;26;26138;1;1;1.0;2.0;44,3843150000;4,7312240000;
;1;33;33379;1;1;1.0;6.0;44,6977810000; -0,1413740000;
;1;33;33507;1;3;1.0;6.0;44,3897341792; -0,1885389369;
;1;11;11261;1;1;8.0;6.0;43,1895052125;2,6453881965;
;3;11;11386;1;1;1.0;6.0;43,0459936423;2,6704935534;
;1;89;89119;2;3;1.0;3.0;47,5217270000;3,5399840000;
;2;47;47100;1;3;1.0;6.0;44,2694960000;0,6843710000;
;1;44;44102;1;4;1.0;3.0;47,0496970000; -1,4823980000;
;1;29;29015;1;1;2.0;6.0;48,4815130000; -4,5221610000;
;1;31;31530;1;1;1.0;6.0;43,2223700000;1,0016230000;
;1;38;38249;1;1;1.0;3.0;45,2217250000;5,8226680000;
;1;03;03275;2;7;8.0;6.0;46,5337420000;3,1914690000;
;1;26;26227;1;1;1.0;6.0;44,3890490000;5,3865570000;
;1;974;97407;2;2;1.0;3.0; -20,9463490000;55,2971300000;
;1;54;54232;2;1;1.0;6.0;48,6884610000;5,9553340000;
;1;76;76727;1;1;1.0;6.0;49,4305705020;0,6784057617;
;1;69;69388;2;2;1.0;3.0;45,7350500000;4,8822100000;
;1;50;50454;1;1;1.0;1.0;49,5569550000; -1,7477700000;
;2;60;60089;1;1;1.0;7.0;49,2322280000;1,8803790000;
;1;972;97209;2;1;1.0;6.0;14,6370300000; -61,0557800000;
;1;60;60393;2;1;1.0;2.0;49,2708941524;2,3661203382;
;5;69;69389;2;3;1.0;6.0;45,7809900000;4,8080800000;
;1;64;64461;2;1;1.0;7.0;43,5288750000; -0,9196440000;
;1;80;80685;1;2;1.0;3.0;49,6843210000;2,7891360000;
;5;69;69389;2;2;2.0;3.0;45,7736300000;4,7952200000;
;1;64;64529;1;3;1.0;6.0;43,3098470000; -0,7666400000;
;1;10;10418;1;1;1.0;6.0;48,0881945567;4,3012654781;
;4;971;97113;2;3;1.0;6.0;16,2181686750; -61,5123814344;
;1;13;13071;1;1;1.0;2.0;43,4112500000;5,3670700000;
;1;02;02280;1;1;1.0;5.0;49,1017710000;3,4523840000;
;1;40;40197;2;3;1.0;1.0;44,0260680000; -0,9215090000;
;1;13;13005;1;1;1.0;2.0;43,2948167611;5,5577480793;
;1;91;91103;2;1;1.0;3.0;48,5876900000;2,3006800000;
;3;40;40211;1;1;1.0;6.0;43,6087060000; -1,1687560000;
;1;51;51588;1;1;1.0;7.0;49,0743930000;4,7973990000;
;1;13;13071;1;1;1.0;2.0;43,4125464523;5,2818283438;
;1;91;91421;2;9;1.0;6.0;48,7185600000;2,4446200000;
;3;63;63126;1;1;1.0;6.0;45,6867560000;3,1466120000;
;1;80;80813;1;1;1.0;2.0;49,8162850000;1,9149690000;
;2;38;38553;1;3;1.0;6.0;45,6175480000;5,1497610000;
;1;79;79191;2;1;1.0;7.0;46,3278100000; -0,4476000000;
;1;72;72300;1;1;1.0;7.0;48,0543732881;0,3615760801;
;1;91;91549;1;1;1.0;2.0;48,6258800000;2,3393400000;
;1;31;31169;2;1;1.0;5.0;43,5100480000;1,5546140000;
;5;78;78029;2;6;1.0;2.0;48,9597620000;1,8411780000;
;2;13;13025;1;1;1.0;2.0;43,4814180000;5,5557350000;
;1;77;77156;1;1;1.0;3.0;48,2822600000;2,7357000000;
;5;78;78551;1;1;1.0;2.0;48,9058280000;2,0606460000;
;1;34;34270;1;1;1.0;2.0;43,5699310000;3,8540150000;
;1;51;51197;1;1;1.0;7.0;49,0479390000;4,6641250000;
;3;986;98613;1;1;1.0;7.0; -13,3404240000; -176,1972280000;
;1;93;93053;1;1;1.0;5.0;48,8825600000;2,4560600000;
;3;971;97125;1;1;1.0;5.0;16,2891240000; -61,2888190000;
;2;73;73011;2;6;1.0;6.0;45,6652500000;6,3890200000;
;1;22;22389;1;1;1.0;4.0;48,4808224899; -2,6777740034;
;1;75;75112;1;1;1.0;3.0;48,8187093953;2,4568229914;
;5;72;72181;2;1;1.0;3.0;48,0240600000;0,1821300000;
;1;11;11210;1;1;1.0;6.0;43,1706000000;2,7905380000;
;3;971;97114;1;4;1.0;7.0;16,1582867537; -61,5859892964;
;1;33;33099;1;1;8.0;6.0;44,8077190000; -0,4706980000;
;1;73;73064;2;1;1.0;7.0;45,5567620000;5,9848610000;
;5;72;72181;2;7;1.0;3.0;47,9948000000;0,2029800000;
;1;41;41071;1;1;8.0;7.0;47,6693180000;1,6286370000;
;1;971;97103;2;1;1.0;3.0;16,2428590000; -61,5605490000;
;1;73;73191;1;1;1.0;6.0;45,5633160000;5,7750670000;
;1;75;75119;2;3;1.0;2.0;48,8951377775;2,3827323318;
;1;45;45229;2;3;1.0;3.0;47,8452637942;2,7433059812;
;5;64;64269;1;1;1.0;5.0;43,2947414060; -0,3219719231;
;1;17;17425;1;1;1.0;1.0;45,6072680000; -0,9266070000;
;1;78;78033;2;3;2.0;2.0;48,9285900000;1,8475590000;
;5;83;83137;2;1;1.0;6.0;43,1292240000;5,9153630000;
;5;75;75119;2;2;1.0;1.0;48,8900270000;2,3850950000;
;1;84;84034;1;1;1.0;3.0;43,8835270000;4,9672530000;
;1;38;38053;2;9;1.0;6.0;45,5891800000;5,2743300000;
;5;31;31555;2;1;1.0;6.0;43,5854400000;1,4034200000;
;5;62;62193;2;1;1.0;5.0;50,9470630000;1,8477800000;
;3;84;84129;1;1;6.0;5.0;44,0100000000;4,8770150000;
;5;75;75117;2;3;1.0;3.0;48,8820310000;2,3010950000;
;1;31;31555;1;9;1.0;6.0;43,6107100000;1,4847900000;
;1;83;83143;1;1;1.0;1.0;43,4464073665;6,0896015167;
;5;33;33229;2;1;3.0;1.0;44,7150500000; -1,0608900000;
;1;75;75114;2;4;8.0;6.0;48,8401180000;2,3218230000;
;1;06;06097;2;1;1.0;7.0;43,8631180000;7,0913770000;
;1;42;42044;2;1;1.0;1.0;45,3885868962;4,3021098375;
;5;62;62119;2;4;3.0;6.0;50,5148510000;2,6387060000;
;1;31;31149;2;6;7.0;3.0;43,6110658069;1,3365152478;
;1;987;98725;2;1;1.0;2.0; -17,5067260000; -149,4874690000;
;1;56;56260;2;1;1.0;6.0;47,6606500000; -2,7575500000;
;4;13;13030;2;1;1.0;3.0;43,2755490000;5,7132020000;
;1;75;75112;2;4;1.0;3.0;48,8436370000;2,4471880000;
;5;49;49007;2;1;1.0;7.0;47,4460500000; -0,5370000000;
;3;28;28169;1;1;1.0;7.0;48,4366540000;1,9060850000;
;1;67;67520;2;1;1.0;7.0;48,6432160000;7,4473340000;
;1;29;29232;2;2;1.0;1.0;47,9874283900; -4,0985375940;
;1;67;67049;1;1;1.0;4.0;48,5221500000;7,6244000000;
;1;75;75112;2;1;1.0;2.0;48,8420090000;2,3719480000;
;1;74;74094;2;1;1.0;6.0;46,1805580000;6,2869530000;
;5;44;44109;2;1;1.0;2.0;47,2135500000; -1,5749500000;
;3;85;85266;1;3;1.0;6.0;46,7622120000; -0,9583850000;
;1;28;28092;1;1;1.0;7.0;48,3561943711;1,8759226797;
;1;29;29232;2;3;1.0;3.0;47,9965071054; -4,1086725891;
;5;34;34003;2;1;1.0;7.0;43,2994500000;3,4925600000;
;1;17;17243;1;1;1.0;7.0;45,2404520000; -0,2732150000;
;1;75;75108;2;4;1.0;2.0;48,8713760000;2,3025900000;
;1;28;28363;1;1;1.0;6.0;48,4039220000;1,8942400000;
;1;73;73051;1;6;1.0;3.0;45,6426195412;5,8638104797;
;5;94;94004;2;1;2.0;6.0;48,7528200000;2,4991900000;
;1;67;67482;2;1;1.0;4.0;48,5897300000;7,7317200000;
;1;52;52265;2;4;3.0;7.0;48,5426410000;5,0867660000;
;1;26;26362;2;6;1.0;3.0;44,9044700000;4,9237000000;
;1;34;34202;2;3;1.0;3.0;43,5846960000;3,7784390000;
;5;94;94041;2;1;1.0;3.0;48,8074500000;2,3749500000;
;1;33;33281;2;2;2.0;5.0;44,8558500000; -0,6710200000;
;1;38;38205;1;1;1.0;3.0;45,1182660000;5,5689950000;
;1;974;97416;2;9;1.0;3.0; -21,3300000000;55,4700000000;
;1;44;44104;1;1;1.0;3.0;47,4176340000; -0,9753960000;
;1;34;34123;2;3;1.0;3.0;43,6190440000;3,8051160000;
;5;94;94038;2;4;2.0;6.0;48,7782900000;2,3420200000;
;1;26;26212;1;1;1.0;2.0;44,8554510000;5,0375850000;
;1;974;97407;2;1;1.0;3.0; -20,9355900000;55,3163300000;
;1;33;33249;2;6;1.0;3.0;44,8778700000; -0,5104500000;
;1;93;93070;2;1;2.0;6.0;48,9052200000;2,3444500000;
;1;11;11202;1;1;6.0;6.0;42,9290460000;3,0170320000;
;1;25;25020;2;4;1.0;2.0;47,4861400000;6,8139500000;
;2;13;13051;1;1;1.0;1.0;43,6197430000;5,1367150000;
;1;973;97302;2;1;1.0;3.0;4,9388421668; -52,3304383457;
;5;69;69040;2;3;2.0;1.0;45,7947960000;4,7927960000;
;5;93;93055;2;1;2.0;6.0;48,8950100000;2,4013500000;
;5;987;98722;1;1;2.0;1.0; -17,6250450000; -149,3029120000;
;3;33;33529;2;1;1.0;3.0;44,6134349698; -1,1483126879;
;3;987;98722;1;1;2.0;5.0; -17,5269790000; -149,3877550000;
;1;25;25056;2;3;1.0;1.0;47,2193100000;5,9698400000;
;1;81;81100;1;1;1.0;6.0;43,4839045931;1,9865459204;
;3;988;98822;1;1;1.0;6.0; -20,8678600000;165,2449400000;
;1;93;93048;2;2;1.0;6.0;48,8734700000;2,4605400000;
;1;973;97302;1;1;1.0;5.0;4,9048400000; -52,3189000000;
;5;33;33529;2;1;1.0;1.0;44,6265300000; -1,2022500000;
;1;69;69069;2;1;1.0;6.0;45,7473423726;4,7379065909;
;3;14;14118;2;1;1.0;3.0;49,1895400000; -0,3452800000;
;3;976;97615;1;9;1.0;2.0; -12,7930220000;45,2714130000;
;5;69;69387;2;1;1.0;7.0;45,7565300000;4,8392000000;
;1;37;37003;2;2;7.0;3.0;47,3986941594;0,9695380926;
;1;93;93031;2;1;2.0;3.0;48,9581100000;2,3019900000;
;5;31;31555;2;1;8.0;6.0;43,6559900000;1,4320600000;
;1;974;97415;1;1;1.0;1.0; -21,0459140000;55,2314900000;
;1;81;81020;1;2;1.0;3.0;43,8659240000;2,0359040000;
;5;13;13215;2;3;1.0;3.0;43,3849800000;5,3586900000;
;1;971;97120;2;9;2.0;5.0;16,2473259977; -61,5385866165;
;3;29;29232;1;1;2.0;7.0;48,0030200000; -4,1385700000;
;3;974;97402;1;1;1.0;2.0; -20,9845010000;55,6562340000;
;1;78;78062;1;3;7.0;3.0;48,8506680000;1,8949270000;
;1;93;93005;2;3;9.0;3.0;48,9196324241;2,5062932701;
;1;09;09282;2;1;1.0;6.0;43,2352180000;1,5753740000;
;3;91;91514;1;1;1.0;7.0;48,6669800000;2,5104100000;
;1;13;13215;2;3;1.0;1.0;43,3382451832;5,3667577383;
;1;84;84144;1;1;1.0;7.0;43,8958790000;5,5478850000;
;1;971;97125;1;1;1.0;5.0;16,2538600000; -61,2244570000;
;1;09;09203;1;1;1.0;7.0;43,0065990000;1,4743860000;
;1;29;29039;1;1;2.0;4.0;47,8927400000; -3,9149500000;
;1;13;13208;2;1;1.0;6.0;43,2754800000;5,3901400000;
;1;91;91687;2;2;1.0;6.0;48,6760900000;2,3852800000;
;5;93;93005;2;9;2.0;1.0;48,9397200000;2,5075900000;
;1;971;97124;2;1;2.0;6.0;16,0064289865; -61,7009139061;
;1;71;71235;2;6;1.0;1.0;46,3560400000;4,7952530000;
;1;13;13205;2;1;1.0;3.0;43,2923000000;5,4014000000;
;1;89;89387;2;1;1.0;6.0;48,1968600000;3,2655200000;
;5;28;28134;2;1;8.0;3.0;48,7285100000;1,3666700000;
;1;92;92046;2;1;1.0;3.0;48,8244218796;2,3010274172;
;1;77;77364;1;1;1.0;7.0;49,0094030000;2,7583840000;
;1;93;93064;2;1;8.0;4.0;48,8798100000;2,4688500000;
;2;03;03298;2;1;1.0;6.0;46,3125460000;3,4157990000;
;5;87;87085;2;3;1.0;3.0;45,8246900000;1,2345700000;
;1;92;92050;2;1;1.0;2.0;48,8862600000;2,1981400000;
;1;11;11069;2;1;1.0;4.0;43,2164200000;2,3510300000;
;4;987;98735;2;1;1.0;6.0; -17,5444460000; -149,5786590000;
;1;38;38155;2;1;1.0;6.0;45,4336130000;5,7504250000;
;1;77;77257;2;3;1.0;3.0;49,0300320000;3,0253870000;
;1;87;87085;2;1;1.0;7.0;45,8500800000;1,2403100000;
;5;987;98736;2;1;1.0;6.0; -17,5300390000; -149,5517140000;
;3;26;26198;1;1;1.0;1.0;44,5367000000;4,7624500000;
;1;92;92024;2;1;1.0;2.0;48,9010100000;2,3054100000;
;1;04;04070;2;1;1.0;6.0;44,0900200000;6,2282400000;
;1;69;69019;1;1;1.0;2.0;46,0980620000;4,7309660000;
;5;25;25056;2;4;1.0;6.0;47,2379000000;6,0367600000;
;5;974;97409;2;3;2.0;3.0; -20,9399300000;55,6470800000;
;3;33;33280;2;1;1.0;6.0;45,1701890000; -0,5967950000;
;5;03;03095;2;1;1.0;6.0;46,1344700000;3,4442800000;
;1;92;92007;2;2;1.0;3.0;48,8013000000;2,3150600000;
;1;87;87085;2;2;1.0;3.0;45,8597000000;1,2697500000;
;1;77;77315;2;4;1.0;3.0;48,8882970000;2,8301760000;
;1;22;22215;2;5;1.0;1.0;48,4947400000; -2,7963700000;
;1;33;33120;1;1;2.0;6.0;44,6380750000; -0,3387360000;
;1;35;35012;2;3;1.0;3.0;47,8539580000; -1,6894320000;
;1;86;86158;1;1;1.0;3.0;46,6199560000;0,2769380000;
;1;75;75119;2;1;1.0;6.0;48,8988100000;2,3757480000;
;1;77;77219;1;1;1.0;2.0;48,8399990000;2,9644420000;
;1;27;27114;1;1;1.0;2.0;48,9581760000;1,4448510000;
;5;973;97302;2;1;1.0;5.0;4,9301706575; -52,3144108057;
;1;38;38368;1;1;8.0;1.0;45,3917640000;5,5160330000;
;1;86;86194;1;1;1.0;3.0;46,5678760000;0,3080860000;
;1;77;77141;1;1;1.0;3.0;48,8540280000;2,8501370000;
;1;75;75119;2;2;1.0;2.0;48,8772060000;2,4066800000;
;5;14;14118;2;3;1.0;3.0;49,1604120000; -0,3407750000;
;5;75;75101;2;5;1.0;6.0;48,8648380000;2,3449710000;
;2;27;27668;1;2;1.0;3.0;48,9827870000;1,2654740000;
;5;973;97302;2;2;1.0;3.0;4,9305113738; -52,3222965002;
;1;75;75119;2;1;1.0;6.0;48,8996900000;2,3891260000;
;3;76;76169;1;1;2.0;6.0;49,4929430000;0,4019880000;
;1;95;95652;1;1;1.0;1.0;49,1299388388;2,3846340179;
;1;86;86066;2;6;1.0;6.0;46,7965680000;0,5276230000;
;2;78;78062;1;4;1.0;2.0;48,8471240000;1,8986710000;
;5;92;92040;2;1;1.0;6.0;48,8323850000;2,2631500000;
;1;13;13054;2;9;1.0;3.0;43,4211170000;5,2077560000;
;1;75;75104;2;2;1.0;3.0;48,8562870000;2,3566090000;
;2;69;69276;1;1;3.0;7.0;45,6790100000;4,8466900000;
;2;78;78410;1;1;1.0;7.0;49,0604260000;1,6774640000;
;1;75;75119;2;3;1.0;6.0;48,8857960000;2,3877560000;
;1;59;59398;2;3;1.0;3.0;50,5050864955;3,1097155809;
;2;79;79204;1;2;1.0;3.0;46,1898580000; -0,2426430000;
;1;92;92035;2;1;1.0;3.0;48,9120700000;2,2541300000;
;1;69;69387;2;1;1.0;6.0;45,7353900000;4,8396100000;
;1;94;94078;2;1;1.0;1.0;48,7530100000;2,4306100000;
;1;13;13043;1;1;8.0;7.0;43,3912500000;5,2645800000;
;1;2B;2B307;1;1;1.0;2.0;42,3833380000;9,5303390000;
;5;13;13213;2;1;1.0;4.0;43,3229371900;5,4185862590;
;1;75;75118;2;2;1.0;3.0;48,8980170000;2,3442490000;
;1;85;85191;2;2;1.0;6.0;46,6698000000; -1,4274700000;
;1;92;92026;2;6;1.0;2.0;48,9026480000;2,2745860000;
;1;80;80044;2;3;1.0;3.0;50,1434110000;2,3723170000;
;1;972;97213;2;1;1.0;2.0;14,6164300000; -61,0153000000;
;1;75;75118;2;1;1.0;2.0;48,8881720000;2,3598790000;
;5;2B;2B307;1;1;1.0;1.0;42,3819910000;9,5147400000;
;5;13;13208;2;3;1.0;1.0;43,2685764251;5,3887086437;
;5;94;94074;2;1;1.0;2.0;48,7621600000;2,4486100000;
;1;82;82116;1;1;1.0;6.0;44,2360140000;1,0938810000;
;4;92;92025;2;2;1.0;3.0;48,9229454194;2,2498382628;
;3;38;38336;1;1;2.0;5.0;45,4923300000;4,8336900000;
;1;84;84007;1;9;1.0;3.0;43,9266339491;4,8095655441;
;3;2A;2A041;2;1;1.0;6.0;41,4011980000;9,1674150000;
;1;94;94052;2;1;7.0;6.0;48,8331000000;2,4760800000;
;5;13;13213;2;1;1.0;6.0;43,3271500000;5,4237800000;
;5;972;97213;1;1;1.0;6.0;14,6182500000; -61,0285100000;
;1;75;75117;2;5;1.0;6.0;48,8813970000;2,3164100000;
;1;92;92025;2;1;1.0;3.0;48,9184200000;2,2526790000;
;3;89;89397;1;1;2.0;6.0;47,8176720000;3,2442030000;
;1;83;83137;2;1;1.0;2.0;43,1154400000;5,9353300000;
;1;91;91689;1;1;1.0;2.0;48,7284610000;2,3139690000;
;1;30;30027;2;1;1.0;6.0;44,0708890000;4,0505860000;
;1;69;69034;2;1;1.0;6.0;45,7880000000;4,8280200000;
;1;94;94076;2;1;1.0;3.0;48,7885300000;2,3712100000;
;1;75;75116;2;2;1.0;3.0;48,8637630000;2,2906430000;
;5;13;13208;2;2;1.0;5.0;43,2737552279;5,3851268356;
;5;92;92025;2;2;1.0;3.0;48,9342912635;2,2558851689;
;1;34;34189;2;6;1.0;6.0;43,2843090000;2,7318670000;
;1;22;22338;1;6;1.0;7.0;48,6254185596; -3,1860293448;