Num_Acc;lum;departement;commune;agglomeration;intersection;meteo;type_collision;lat;long;date
;1;92;92050;2;1;1.0;3.0;48,8950025106;2,2118246555;
;3;31;31503;1;1;1.0;6.0;43,1275180000;0,9395350000;
;3;35;35249;2;1;1.0;6.0;47,7283860000; -1,8264450000;
;3;63;63411;1;1;1.0;5.0;45,6036480749;3,2174856664;
;1;44;44103;2;2;1.0;3.0;47,3294180000; -2,1772960000;
;1;12;12238;1;3;1.0;7.0;44,2208300000;2,9956630000;
;1;77;77307;2;3;1.0;3.0;48,8781000000;2,7493400000;
;1;66;66136;2;3;1.0;3.0;42,6927200000;2,8739800000;
;1;67;67180;1;1;2.0;3.0;48,8599800000;7,6601100000;
;1;92;92024;2;1;1.0;2.0;48,9105251539;2,3060769439;
;1;44;44110;2;9;7.0;6.0;47,4360160000; -1,5078150000;
;1;27;27136;1;1;1.0;1.0;49,0136600000;1,4448520000;
;1;01;01067;1;1;1.0;4.0;46,1237350000;5,4978810000;
;5;78;78118;1;1;1.0;6.0;48,9873200000;1,6637300000;
;5;64;64348;2;1;1.0;7.0;43,3300300000; -0,3853100000;
;1;30;30334;1;1;1.0;6.0;44,0211470000;4,4375860000;
;2;66;66136;2;6;1.0;3.0;42,6982000000;2,8654200000;
;1;92;92007;2;1;1.0;3.0;48,8020140000;2,3180850000;
;1;71;71309;1;2;1.0;2.0;46,7828800000;4,4122800000;
;1;44;44026;1;1;7.0;1.0;47,2963130000; -1,4080360000;
;5;64;64140;2;1;1.0;1.0;43,5258190000; -1,4910760000;
;1;92;92004;2;1;1.0;6.0;48,9079170000;2,2925360000;
;3;64;64300;1;1;1.0;2.0;43,4278820000; -0,6243018545;
;1;60;60446;2;1;7.0;1.0;49,1380036499;2,7984216213;
;3;66;66136;1;1;1.0;2.0;42,7005910000;2,9242600000;
;1;76;76257;1;1;1.0;7.0;49,8582010000;1,5954050000;
;2;62;62043;1;1;8.0;6.0;50,9115230000;1,9403210000;
;1;50;50041;1;6;1.0;3.0;49,6641280000; -1,8484300000;
;1;62;62413;2;1;1.0;1.0;50,4437110000;2,9036190000;
;5;65;65440;2;1;2.0;6.0;43,2312800000;0,0877100000;
;1;62;62560;2;1;7.0;3.0;50,8271820000;1,6983690000;
;1;92;92025;2;1;1.0;2.0;48,9287900000;2,2688700000;
;2;71;71267;2;1;1.0;6.0;46,4787770000;4,8131010000;
;1;29;29240;1;1;1.0;7.0;48,2637980000; -4,2020450000;
;1;69;69264;2;2;1.0;3.0;45,9822600000;4,7350300000;
;1;50;50034;1;1;1.0;6.0;49,0863960000; -1,0914660000;
;3;57;57512;1;1;2.0;6.0;49,1268310000;6,2453410000;
;3;62;62178;2;1;1.0;6.0;50,4927440000;2,5399640000;
;5;64;64445;2;1;1.0;3.0;43,3039000000; -0,3659300000;
;3;13;13071;1;1;1.0;2.0;43,4061120076;5,3363115509;
;3;89;89200;1;1;1.0;6.0;47,9270980000;3,6051030000;
;3;2B;2B188;1;1;1.0;6.0;42,6041628148;9,3570631755;
;3;60;60194;1;1;1.0;6.0;49,6988130000;1,9902530000;
;2;64;64260;2;1;1.0;3.0;43,3598897903; -1,7755194128;
;1;38;38117;2;4;1.0;1.0;45,1714110000;5,4153590000;
;1;14;14663;1;2;1.0;1.0;49,2988626651; -0,6858887793;
;5;59;59650;2;3;1.0;6.0;50,6983730000;3,2079890000;
;1;64;64348;2;6;1.0;7.0;43,3357100000; -0,3851100000;
;2;60;60013;2;1;8.0;6.0;49,3076440000;2,5073400000;
;1;63;63047;1;1;1.0;7.0;45,5637180000;2,7569680000;
;1;2B;2B298;2;1;1.0;2.0;42,6879480000;9,3130640000;
;2;06;06044;2;4;1.0;7.0;43,6848810000;7,1014860000;
;3;26;26124;1;1;2.0;7.0;44,8515490000;4,8528990000;
;3;29;29179;1;1;1.0;6.0;48,5520900000; -4,3092260000;
;5;64;64445;2;1;1.0;3.0;43,2934200000; -0,3776700000;
;1;69;69266;2;1;1.0;5.0;45,7538200000;4,9082700000;
;1;64;64445;2;1;3.0;6.0;43,2973766988; -0,3747823834;
;1;61;61036;1;1;1.0;6.0;48,5985510000;0,1046490000;
;3;84;84044;1;1;1.0;7.0;44,2314780000;5,1394020000;
;3;04;04242;1;1;1.0;3.0;43,9082430000;5,8840050000;
;5;59;59122;2;4;1.0;3.0;50,1726900000;3,2326700000;
;1;76;76556;2;1;3.0;1.0;49,5304087299;0,4929498476;
;1;42;42126;1;1;1.0;6.0;45,4518220000;4,0696410000;
;3;36;36058;1;6;1.0;7.0;46,6018648793;0,9781748056;
;5;64;64102;2;1;6.0;1.0;43,4986900000; -1,4607200000;
;1;42;42237;1;1;8.0;2.0;45,4442229157;4,4283526044;
;1;29;29124;2;1;1.0;3.0;48,5640490000; -4,3125630000;
;5;64;64102;2;1;3.0;3.0;43,4944200000; -1,4579200000;
;1;34;34078;2;1;1.0;6.0;43,8622196849;3,9058355928;
;1;13;13097;1;4;1.0;6.0;43,6346310000;4,7765850000;
;1;42;42332;1;2;7.0;3.0;45,9921430000;3,9969500000;
;1;57;57672;2;1;1.0;6.0;49,3684300000;6,1491800000;
;1;30;30259;2;1;1.0;6.0;44,1082730000;4,1169390000;
;2;47;47095;1;1;1.0;2.0;44,4096866545;0,2948049178;
;1;92;92002;1;1;1.0;3.0;48,7617103727;2,2988497317;
;3;64;64024;2;1;2.0;1.0;43,4947600000; -1,5290100000;
;1;22;22093;1;1;1.0;3.0;48,4957740000; -2,4737640000;
;1;39;39424;1;1;1.0;7.0;46,6635470000;5,9990290000;
;5;58;58160;2;1;1.0;6.0;46,9829640000;3,0931740000;
;5;59;59368;2;6;1.0;2.0;50,6486214686;3,0692571402;
;1;28;28252;1;1;1.0;6.0;48,2276460000;0,9907440000;
;1;57;57306;2;1;1.0;1.0;49,3487300000;6,0593600000;
;2;52;52197;1;1;1.0;3.0;47,7741750000;5,6566180000;
;5;62;62895;2;1;1.0;6.0;50,4961310000;2,8690370000;
;1;91;91174;1;1;1.0;2.0;48,6122400000;2,4493000000;
;1;11;11333;1;1;1.0;7.0;43,0043780000;2,0591800000;
;5;01;01376;2;1;1.0;6.0;45,8252030000;4,9850840000;
;2;35;35164;1;1;5.0;1.0;48,3830590000; -1,5980650000;
;4;49;49007;2;1;8.0;2.0;47,4524900000; -0,5706500000;
;5;54;54498;2;1;1.0;3.0;48,7179060000;6,2609600000;
;1;92;92036;1;1;1.0;2.0;48,9351292754;2,2839515454;
;1;61;61497;2;3;1.0;6.0;48,4510500000;0,1109400000;
;1;29;29043;1;1;1.0;5.0;48,3693510000; -4,2585750000;
;5;23;23001;2;5;1.0;6.0;46,0855500000;2,0452750000;
;1;59;59590;1;1;2.0;6.0;50,6589600000;2,4572470000;
;3;13;13080;1;2;1.0;3.0;43,6582050000;5,4465470000;
;1;76;76057;2;1;1.0;1.0;49,5419200000;0,9541400000;
;1;92;92050;1;1;1.0;7.0;48,9042100404;2,1968193725;
;1;44;44207;1;1;1.0;1.0;47,4704110000; -1,3772120000;
;1;49;49007;2;1;1.0;6.0;47,4730800000; -0,6024300000;
;1;60;60057;2;9;1.0;6.0;49,4307300000;2,0906300000;
;2;54;54578;2;3;1.0;2.0;48,6717300000;6,1558100000;
;1;60;60619;1;1;1.0;7.0;49,1146800000;2,7728410000;
;1;25;25050;1;2;1.0;2.0;47,1029620000;6,6212100000;
;1;54;54395;2;1;2.0;6.0;48,6957900000;6,1407800000;
;5;59;59508;2;1;1.0;3.0;50,7391300000;3,1182400000;
;2;47;47175;1;1;8.0;7.0;44,5322850000;0,7122000000;
;1;92;92078;1;1;1.0;4.0;48,9311292993;2,3235279586;
;5;35;35018;2;9;1.0;6.0;48,4443510000; -1,1059610000;
;1;60;60338;1;1;1.0;2.0;49,3780980000;2,7820190000;
;3;2A;2A065;1;1;1.0;6.0;42,1730600429;8,6101765931;
;1;18;18126;1;1;1.0;6.0;46,9388980000;2,4196050000;
;3;35;35238;2;2;1.0;3.0;48,1124700000; -1,6662800000;
;5;51;51454;2;1;1.0;7.0;49,2750000000;4,0331900000;
;1;69;69199;1;1;1.0;2.0;45,6864083825;4,8466980457;
;1;57;57221;2;3;1.0;3.0;49,3306400000;6,1347100000;
;1;65;65156;1;1;1.0;6.0;43,3245450000;0,1267930000;
;1;94;94042;1;1;1.0;4.0;48,8283679668;2,4755835633;
;1;38;38519;2;9;1.0;1.0;45,6145270000;5,0315930000;
;1;51;51454;1;1;1.0;7.0;49,2348523318;4,0757614374;
;1;80;80182;2;1;1.0;3.0;50,1772870000;1,4937170000;
;1;31;31555;2;1;1.0;2.0;43,5706100000;1,4087300000;
;1;67;67067;1;9;1.0;2.0;48,6886940000;7,7278520000;
;1;24;24264;1;1;1.0;3.0;45,0081650000;0,1347220000;
;1;57;57463;2;1;1.0;7.0;49,1112300000;6,2189200000;
;1;77;77251;1;1;2.0;2.0;48,6320070000;2,5276840000;
;5;976;97611;2;1;1.0;3.0; -12,8074000000;45,2060000000;
;1;26;26057;2;1;1.0;7.0;45,0138700000;5,0284700000;
;2;44;44131;1;1;1.0;1.0;47,1034330000; -2,0445080000;
;1;62;62318;2;9;1.0;3.0;50,5149654328;1,6348862062;
;3;38;38046;1;1;1.0;7.0;45,4531470000;5,4003600000;
;1;51;51172;2;2;1.0;3.0;49,2227000000;4,0562000000;
;1;26;26045;1;1;1.0;1.0;44,5521150000;4,9004710000;
;5;54;54304;2;3;1.0;2.0;48,6945483441;6,1280322075;
;3;93;93078;1;1;1.0;6.0;48,9634800000;2,5505600000;
;1;84;84051;1;1;1.0;1.0;43,8604630000;5,2148800000;
;5;974;97416;2;1;1.0;7.0; -21,3344000000;55,4571100000;
;1;56;56248;2;1;1.0;3.0;47,5858742000; -2,6283556200;
;3;62;62356;1;1;1.0;6.0;50,4246170000;2,5916740000;
;1;51;51454;2;1;2.0;7.0;49,2807500000;4,0228100000;
;2;988;98811;2;1;1.0;7.0; -20,9743030000;164,9926110000;
;2;15;15121;1;1;1.0;6.0;44,8647190000;3,0794820000;
;4;974;97411;2;1;2.0;6.0; -20,9016200000;55,4878100000;
;1;74;74275;2;1;1.0;6.0;45,8448310000;6,2130580000;
;1;54;54395;2;3;1.0;6.0;48,6938828702;6,1762744188;
;1;26;26231;1;1;1.0;2.0;45,0858810000;5,0477780000;
;3;49;49267;2;1;1.0;6.0;47,4658900000; -0,5182000000;
;5;14;14118;2;9;1.0;3.0;49,1912200000; -0,3813000000;
;4;59;59283;2;1;1.0;6.0;50,2598603245;3,8406684995;
;5;78;78396;1;1;1.0;5.0;48,9177530000;2,1187950000;
;1;15;15260;1;1;1.0;6.0;44,6422160000;2,4407240000;
;1;45;45283;1;2;7.0;3.0;47,9009120000;2,6932600000;
;1;76;76728;1;1;1.0;7.0;49,4933780000;0,9637770000;
;1;45;45234;2;1;1.0;6.0;47,8399400000;1,9350900000;
;4;973;97302;2;9;1.0;3.0;4,9347600000; -52,3117400000;
;1;59;59080;1;1;1.0;7.0;50,4377390000;3,2708470000;
;5;51;51454;2;1;1.0;7.0;49,2599200000;4,0214900000;
;5;13;13212;2;1;1.0;3.0;43,2948900000;5,4271800000;
;1;01;01036;2;1;1.0;6.0;45,9627810000;5,6749590000;
;1;974;97416;2;9;1.0;3.0; -21,3371900000;55,4623500000;
;1;973;97302;1;1;1.0;7.0;4,9223800000; -52,3297000000;
;1;37;37195;1;1;1.0;7.0;47,3888092810;0,6466752291;
;1;2A;2A269;1;1;1.0;3.0;41,8188240000;9,4023660000;
;1;66;66133;1;4;1.0;3.0;42,5622960000;2,9646460000;
;1;17;17045;1;2;1.0;1.0;45,8652250000; -0,8413340000;
;1;974;97411;2;1;1.0;7.0; -20,9150200000;55,4756100000;
;2;13;13211;2;1;1.0;2.0;43,2988741532;5,4999000860;
;3;72;72044;1;9;1.0;3.0;47,7394100000; -0,0545020000;
;1;51;51172;2;1;1.0;3.0;49,2140500000;4,0509900000;
;1;69;69388;1;3;1.0;6.0;45,7424000000;4,8693200000;
;1;59;59146;2;1;2.0;5.0;50,6128927629;3,2159310579;
;3;80;80360;1;6;1.0;1.0;50,0734270000;1,5885110000;
;5;69;69259;2;1;1.0;6.0;45,6902100000;4,8806900000;
;1;83;83143;1;1;1.0;3.0;43,4533280000;6,1160020000;
;2;50;50502;1;1;2.0;1.0;49,1271000000; -1,0751900000;
;1;65;65004;1;1;1.0;6.0;43,0253120000; -0,0832070000;
;3;14;14578;1;1;1.0;1.0;49,3576970000;0,1616190000;
;1;13;13210;2;1;1.0;1.0;43,2738549270;5,4140652716;
;3;52;52365;1;9;1.0;7.0;48,0751540000;4,9423240000;
;5;37;37195;2;3;2.0;2.0;47,3872000000;0,6484500000;
;1;69;69386;2;2;2.0;3.0;45,7651100000;4,8531800000;
;1;59;59436;1;1;1.0;7.0;50,7796093126;2,3849853873;
;1;05;05097;1;1;1.0;6.0;44,3154197336;5,7092968580;
;5;69;69389;2;1;1.0;2.0;45,7748768032;4,8093777895;
;1;13;13209;2;1;1.0;1.0;43,2498400000;5,4022700000;
;5;35;35055;1;6;8.0;7.0;48,0776300000; -1,6326900000;
;1;32;32344;1;1;1.0;3.0;43,6231271497; -0,0702685118;
;1;50;50591;1;1;1.0;2.0;48,5026410000; -0,8643420000;
;5;49;49007;2;1;1.0;3.0;47,4741400000; -0,5536500000;
;1;972;97213;2;1;1.0;2.0;14,6546819000; -61,0115337000;
;3;73;73085;2;1;1.0;6.0;45,8025120000;5,8565010000;
;1;91;91201;2;1;1.0;7.0;48,6868000000;2,3944500000;
;5;06;06088;2;1;1.0;6.0;43,6816700000;7,2324700000;
;1;04;04096;1;1;1.0;7.0;44,3430620000;6,7840630000;
;1;13;13056;1;1;1.0;5.0;43,3976430000;5,0790480000;
;2;83;83028;1;1;1.0;6.0;43,5731780000;6,5613060000;
;3;972;97213;1;1;1.0;7.0;14,6744300000; -60,9907600000;
;5;79;79329;2;1;1.0;6.0;46,9896600000; -0,2096800000;
;5;33;33249;2;1;1.0;6.0;44,8662000000; -0,5141000000;
;2;74;74002;1;1;1.0;6.0;45,8171880000;6,0071070000;
;1;49;49007;2;1;1.0;6.0;47,4502000000; -0,5621000000;
;2;13;13086;1;1;1.0;3.0;43,3583430000;5,6097170000;
;1;03;03013;2;1;7.0;3.0;46,5829100000;3,3192400000;
;1;13;13210;1;1;1.0;6.0;43,2878180921;5,4246074118;
;5;76;76540;1;1;1.0;6.0;49,4383300000;1,1297400000;
;1;972;97209;2;4;1.0;6.0;14,6076000000; -61,0720900000;
;2;11;11009;1;1;1.0;7.0;43,2551195134;2,1813855969;
;5;64;64231;2;9;1.0;6.0;43,2081710000; -0,9058360000;
;5;49;49007;2;9;1.0;3.0;47,4575600000; -0,5541200000;
;5;33;33063;2;3;1.0;2.0;44,8452400000; -0,5707600000;
;5;01;01053;2;1;1.0;6.0;46,2073453044;5,2378123999;
;3;57;57286;1;1;8.0;6.0;49,3897799902;6,4787304552;
;1;89;89176;1;1;1.0;7.0;47,4083700000;3,7211470000;
;1;972;97209;2;1;1.0;3.0;14,6268100000; -61,0396200000;
;5;71;71150;2;2;1.0;3.0;46,2442360000;4,7873140000;
;5;73;73008;2;4;1.0;6.0;45,7096700000;5,8961600000;
;1;75;75116;2;1;1.0;6.0;48,8592890000;2,2829240000;
;1;13;13215;1;1;1.0;2.0;43,3514900000;5,3669300000;
;5;49;49007;2;2;1.0;1.0;47,4556400000; -0,5300900000;
;5;18;18242;2;2;1.0;3.0;46,8307690000;2,9183020000;
;5;971;97107;2;1;1.0;6.0;16,0502300000; -61,5579500000;
;1;33;33529;2;1;1.0;3.0;44,6095473807; -1,1325091124;
;1;06;06161;2;1;1.0;3.0;43,6343130000;7,1338580000;
;1;63;63195;2;2;1.0;1.0;45,8278610000;3,3777270000;
;1;08;08081;2;4;1.0;6.0;49,8549474292;4,7365088761;
;1;36;36143;1;1;1.0;6.0;46,6218610000;1,9540800000;
;1;64;64445;2;2;1.0;3.0;43,2963300000; -0,3751300000;
;5;49;49007;2;1;2.0;3.0;47,4481000000; -0,5407800000;
;1;13;13215;1;1;1.0;2.0;43,3671190869;5,3608571433;
;1;63;63066;2;1;1.0;6.0;45,8695950000;3,6536140000;
;5;75;75120;2;4;1.0;4.0;48,8664810000;2,4126720000;
;1;95;95280;2;2;1.0;3.0;49,0361150000;2,4665460000;
;1;32;32013;2;3;1.0;3.0;43,6557300000;0,5638300000;
;1;49;49343;1;3;1.0;1.0;47,0138540000; -0,8513760000;
;1;67;67169;2;1;1.0;2.0;48,7532690000;7,8164170000;
;5;64;64024;2;1;1.0;7.0;43,5014950000; -1,4929430000;
;1;37;37218;1;1;1.0;4.0;46,9918400975;1,0364779830;
;5;13;13202;1;1;1.0;3.0;43,3099900000;5,3684400000;
;1;45;45208;2;1;1.0;3.0;48,0021690000;2,7381500000;
;1;29;29039;2;2;2.0;3.0;47,8902700000; -3,9230400000;
;1;42;42205;1;1;1.0;7.0;45,6712690000;3,9598420000;
;1;73;73123;2;9;1.0;6.0;45,8628508196;6,4963381291;
;1;24;24534;1;1;1.0;6.0;44,7525550000;0,4375220000;
;5;64;64024;2;1;1.0;7.0;43,4888300000; -1,5224600000;
;3;988;98812;1;2;1.0;7.0; -20,5966300000;164,3149200000;
;1;75;75118;2;4;1.0;6.0;48,8974695116;2,3442412913;
;1;80;80021;2;2;1.0;3.0;49,9075300000;2,3021300000;
;3;13;13051;1;1;1.0;2.0;43,5954550000;5,1037720000;
;1;46;46007;2;1;1.0;7.0;44,4550930000;1,5487610000;
;5;75;75116;2;1;1.0;6.0;48,8457380000;2,2587000000;
;1;29;29039;1;6;1.0;2.0;47,8895400000; -3,9157400000;
;5;37;37261;2;1;1.0;4.0;47,4066100000;0,7031000000;
;2;42;42132;1;1;1.0;1.0;45,3847750000;4,7275440000;
;5;64;64024;2;2;1.0;3.0;43,4873200000; -1,5365000000;
;3;06;06004;1;1;1.0;2.0;43,6105230000;7,1036270000;
;1;13;13070;1;1;1.0;4.0;43,2854700000;5,5152700000;
;2;31;31567;2;1;1.0;2.0;43,5942740000;1,6409590000;
;1;79;79191;2;3;1.0;3.0;46,3309500000; -0,4394400000;
;1;68;68374;2;3;8.0;1.0;48,0811040000;7,3222050000;
;5;75;75114;2;2;1.0;3.0;48,8359910000;2,3276210000;
;1;28;28134;2;6;1.0;6.0;48,7329700000;1,3729900000;
;3;35;35051;1;1;1.0;2.0;48,1037410000; -1,6057970000;
;1;81;81036;1;1;1.0;6.0;43,4928680000;2,4480840000;
;3;47;47323;2;1;1.0;3.0;44,3960081876;0,7486085302;
;1;79;79191;2;6;1.0;3.0;46,3196700000; -0,4682900000;
;2;44;44014;1;1;1.0;7.0;47,1045000000; -1,4900850000;
;1;06;06088;1;1;1.0;5.0;43,6751000000;7,1971070000;
;1;13;13071;1;1;1.0;4.0;43,4181812860;5,3659931057;
;1;01;01027;1;1;1.0;5.0;45,8223320000;5,0997970000;
;5;75;75113;2;1;1.0;3.0;48,8211588936;2,3677535355;
;2;35;35206;1;1;1.0;2.0;48,0814060387; -1,6606025398;
;1;27;27229;2;4;1.0;1.0;49,0305900000;1,1361600000;
;1;81;81167;1;1;1.0;6.0;43,8747180000;2,5467360000;
;1;44;44109;2;6;1.0;3.0;47,2296540000; -1,5723270000;
;1;29;29153;1;1;1.0;2.0;47,8388260000; -3,7944330000;
;1;75;75113;2;3;1.0;6.0;48,8314000000;2,3804800000;
;1;01;01275;2;1;1.0;2.0;45,8099490000;4,9311290000;
;3;17;17200;2;1;8.0;7.0;46,1771300000; -1,1635900000;
;5;972;97222;2;3;1.0;6.0;14,6751930000; -60,9415400000;
;1;38;38064;1;1;1.0;4.0;45,5612700000;5,3827860000;
;1;35;35238;2;1;1.0;2.0;48,1256300000; -1,6854600000;
;1;13;13214;1;1;1.0;5.0;43,3311000000;5,3873000000;
;3;13;13117;2;2;2.0;3.0;43,4273251909;5,2357260705;
;1;31;31430;2;3;1.0;1.0;43,1254000000;0,5934160000;
;2;74;74008;2;3;3.0;3.0;46,2003800000;6,2252700000;
;5;75;75108;2;2;1.0;3.0;48,8794320000;2,3142830000;
;1;34;34058;1;2;1.0;3.0;43,6802720000;4,0229700000;
;1;59;59374;2;1;1.0;2.0;50,1314572279;3,8381606340;
;1;35;35281;2;1;1.0;1.0;48,0838100000; -1,7094600000;
;1;83;83148;2;3;1.0;3.0;43,4341220000;6,4400050000;
;1;13;13214;1;1;1.0;7.0;43,3257019477;5,3785037507;
;5;13;13214;2;2;1.0;3.0;43,3189400000;5,3791700000;
;3;01;01358;1;1;1.0;6.0;45,7642500000;5,6408980000;
;1;13;13002;1;1;1.0;1.0;43,3754200000;5,5377000000;
;1;72;72181;2;3;1.0;3.0;47,9784600000;0,2272300000;
;1;68;68318;1;1;1.0;3.0;47,9692920000;7,2229750000;
;1;75;75104;2;2;1.0;3.0;48,8508076913;2,3614355922;
;5;13;13211;1;1;1.0;7.0;43,2885269982;5,4985643971;
;2;67;67263;1;1;1.0;7.0;49,0445350000;7,7572060000;
;1;13;13206;2;9;1.0;3.0;43,2881800000;5,3845400000;
;5;06;06027;2;3;1.0;3.0;43,6578730000;7,1696310000;
;1;34;34108;1;1;1.0;1.0;43,4720400000;3,7688200000;
;1;63;63013;1;1;1.0;1.0;45,9726290000;3,1792440000;
;1;71;71270;2;1;1.0;3.0;46,3247100000;4,8104800000;
;1;01;01113;1;2;1.0;3.0;46,1777936523;5,0731140375;
;1;55;55076;2;1;1.0;6.0;49,3829660000;5,3307780000;
;1;75;75118;2;3;1.0;6.0;48,8993050000;2,3441730000;
;1;59;59258;2;2;1.0;6.0;50,5320890000;3,2096600000;
;2;94;94081;2;9;1.0;2.0;48,7762000000;2,3980500000;
;5;75;75115;2;1;1.0;7.0;48,8501260000;2,2803730000;
;1;13;13071;1;1;1.0;4.0;43,4100900000;5,2850000000;
;1;94;94078;2;1;9.0;7.0;48,7507270572;2,4353213309;
;1;71;71105;2;9;1.0;6.0;46,3099800000;4,8135200000;
;1;86;86170;2;3;1.0;3.0;46,3287800000;0,8141360000;
;2;57;57582;2;1;1.0;6.0;49,2754140000;6,1705990000;
;5;13;13213;2;2;1.0;3.0;43,3268600000;5,4230100000;
;1;75;75114;2;3;1.0;6.0;48,8405390000;2,3242840000;
;1;13;13001;1;1;1.0;5.0;43,5230300000;5,4274100000;
;1;34;34032;2;2;1.0;6.0;43,3432300000;3,2380300000;
;1;14;14174;2;3;1.0;3.0;48,8494550000; -0,5543190000;
;3;94;94028;2;1;1.0;3.0;48,7873300000;2,4559300000;
;3;57;57631;1;1;1.0;6.0;49,1290070000;7,1111370000;
;5;59;59268;1;1;2.0;1.0;50,6463860000;2,7580190000;
;1;71;71059;1;1;3.0;2.0;46,8135396015;4,4912664592;
;1;01;01109;1;1;1.0;1.0;46,1460770000;5,9231280000;
;1;83;83027;1;1;1.0;6.0;43,2009370558;5,7526659966;
;1;75;75111;2;2;1.0;3.0;48,8585280000;2,3836690000;
;2;07;07279;1;1;1.0;6.0;44,4160030000;4,6538870000;
;5;33;33063;2;1;1.0;3.0;44,8360200000; -0,5673300000;
;1;58;58002;1;1;1.0;6.0;47,4349170000;3,0715800000;
;1;05;05087;1;3;1.0;3.0;44,5518930000;5,8645210000;
;1;11;11069;2;1;1.0;4.0;43,2183800000;2,3440100000;
;5;71;71540;1;9;8.0;1.0;46,7692311300;4,4511419535;
;1;01;01080;1;1;7.0;6.0;46,0104600000;5,5912740000;
;5;93;93055;2;1;1.0;7.0;48,9041153374;2,3926074485;
;1;33;33448;1;1;1.0;4.0;44,6968369838; -0,4984831810;
;5;33;33192;2;3;1.0;3.0;44,7817000000; -0,6080400000;
;1;58;58007;1;1;1.0;7.0;47,5076640000;2,9676820000;
;5;10;10387;2;1;1.0;2.0;48,3001300000;4,0801700000;
;4;10;10123;2;1;1.0;7.0;48,3543560000;4,5335610000;
;5;69;69382;1;1;1.0;2.0;45,7440864852;4,8269249475;
;1;91;91235;1;1;1.0;7.0;48,6256500000;2,3601700000;
;1;31;31395;2;1;1.0;3.0;43,4510500000;1,3332350000;
;1;94;94018;2;1;1.0;3.0;48,8235000000;2,4042800000;
;5;92;92049;2;2;1.0;2.0;48,8185000000;2,3196100000;
;1;69;69204;1;1;1.0;2.0;45,6831900000;4,8024500000;
;1;10;10333;2;6;8.0;3.0;48,2823200000;4,0542500000;
;1;69;69256;2;2;1.0;3.0;45,7587400000;4,9288100000;
;1;92;92025;1;1;1.0;3.0;48,9312978632;2,2450196770;
;1;37;37153;1;1;1.0;6.0;47,4870450000;0,7715640000;
;1;79;79083;1;4;1.0;1.0;46,1309280000; -0,0961090000;
;1;79;79049;2;1;1.0;3.0;46,8413060000; -0,5458500000;
;1;36;36204;1;2;1.0;3.0;46,7890710000;1,2012430000;
;1;93;93059;2;1;1.0;6.0;48,9507600000;2,3610400000;
;5;09;09122;2;1;1.0;2.0;42,9544680000;1,6168050000;
;5;33;33522;2;3;2.0;3.0;44,8058300000; -0,5865200000;
;1;69;69092;1;1;1.0;3.0;45,9834500000;4,6875870000;
;1;64;64422;2;9;1.0;6.0;43,1898640000; -0,6118490000;
;1;69;69029;1;1;1.0;3.0;45,7306500000;4,8988000000;
;1;17;17094;2;4;1.0;3.0;46,0632860000; -1,0922490000;
;1;78;78140;1;9;1.0;5.0;48,9636820000;1,9264040000;
;1;24;24082;1;2;1.0;1.0;44,8376850000;1,2834420000;
;1;87;87014;1;1;1.0;2.0;46,0645370000;1,3609310000;
;3;85;85268;1;1;1.0;7.0;46,6916910000; -1,8513410000;
;5;93;93008;2;2;1.0;2.0;48,9091700000;2,4487500000;
;1;36;36093;1;1;1.0;6.0;47,0145136727;1,6085046530;
;2;06;06088;2;3;2.0;1.0;43,7179700000;7,2811100000;
;1;54;54328;1;1;1.0;7.0;48,6267900000;6,1830100000;
;1;33;33281;2;3;2.0;3.0;44,8200600000; -0,6960500000;
;1;69;69091;1;1;8.0;1.0;45,5845100000;4,7424900000;
;3;14;14609;1;1;5.0;7.0;49,2607500000; -0,7171890000;
;1;27;27423;1;3;1.0;3.0;48,7794400000;1,3410560000;
;1;78;78291;1;1;1.0;4.0;48,9691780000;1,7378430000;
;1;01;01446;1;1;1.0;3.0;46,0272880000;4,8431470000;
;1;12;12270;1;1;1.0;2.0;44,3100000000;3,1030910000;
;5;92;92019;2;1;1.0;6.0;48,7811778000;2,2802100000;
;1;04;04112;1;1;1.0;3.0;43,8392600000;5,8062700000;
;1;22;22282;1;1;1.0;7.0;48,5744530000; -2,2374080000;
;1;67;67482;1;1;1.0;3.0;48,5709300000;7,7350900000;
;3;33;33318;2;1;1.0;4.0;44,7628000000; -0,7274100000;
;1;28;28298;2;1;1.0;6.0;48,5816010000;1,5699880000;
;3;30;30178;1;1;1.0;6.0;44,0753460000;4,7570370000;
;2;29;29302;1;1;1.0;4.0;48,2492262010; -4,1114803874;
;1;92;92047;1;1;1.0;2.0;48,8366424174;2,1861386528;
;1;22;22299;1;1;1.0;3.0;48,4723688313; -1,9738161564;
;1;68;68066;2;2;7.0;1.0;48,0845990000;7,3423880000;
;1;33;33096;1;1;1.0;3.0;44,9043140000; -0,4928630000;
;1;95;95018;2;1;2.0;6.0;48,9562030000;2,2559710000;
;5;92;92012;2;1;1.0;2.0;48,8311300000;2,2358200000;
;5;31;31555;2;6;1.0;3.0;43,6003270000;1,4522300000;
;1;974;97410;2;1;2.0;2.0; -21,0903060000;55,7473860000;
;1;93;93027;1;1;1.0;6.0;48,9285549771;2,4157675411;
;1;2B;2B347;1;1;1.0;3.0;42,1816600000;9,2407460000;
;1;35;35152;2;2;7.0;1.0;48,2140900000; -1,5061540000;
;3;92;92002;2;1;1.0;6.0;48,7523600000;2,2915300000;
;1;87;87187;2;2;1.0;3.0;45,5130800000;1,2031370000;
;1;33;33249;1;1;1.0;2.0;44,8781000000; -0,5091000000;
;1;86;86214;2;1;7.0;6.0;46,5627990000;0,3604360000;
;1;67;67482;2;1;1.0;6.0;48,5821400000;7,7459500000;
;5;62;62043;2;2;1.0;6.0;50,9082560000;1,9341300000;
;3;60;60307;1;1;1.0;7.0;49,3306810000;2,2634950000;
;1;2B;2B009;2;1;1.0;1.0;42,1129120000;9,5121430000;
;1;76;76640;2;2;1.0;6.0;49,2889100000;1,0414000000;
;1;65;65440;2;9;1.0;6.0;43,2368000000;0,0552000000;
;1;95;95018;1;1;1.0;4.0;48,9591888447;2,2729709744;
;1;87;87111;1;4;1.0;1.0;45,7271690000;0,8557910000;
;5;30;30189;2;3;1.0;3.0;43,8335000000;4,3516000000;
;2;62;62657;2;1;7.0;6.0;50,8733440000;1,7812280000;
;1;83;83054;1;1;1.0;6.0;43,1581150000;6,0656920000;
;5;45;45178;2;1;1.0;6.0;48,0037870000;2,5355340000;
;1;33;33032;2;6;1.0;6.0;44,9137100000; -0,5114500000;
;1;30;30028;2;1;1.0;6.0;44,1551500000;4,6170100000;
;1;59;59300;2;1;1.0;1.0;50,2552131141;3,2241252065;
;1;30;30062;1;6;1.0;3.0;43,7793360000;4,1945240000;
;1;64;64445;2;1;1.0;4.0;43,3115900000; -0,3659600000;
;2;37;37141;1;1;1.0;6.0;47,2873678072;1,0473436117;