Num_Acc;lum;departement;commune;agglomeration;intersection;meteo;type_collision;lat;long;date
;1;69;69290;2;3;1.0;3.0;45,7147400000;4,9058500000;
;5;976;97611;2;9;1.0;1.0; -12,7924800000;45,2179500000;
;1;974;97407;2;9;1.0;5.0; -20,9449000000;55,3193000000;
;1;75;75101;2;2;1.0;2.0;48,8584920000;2,3424830000;
;4;44;44009;1;1;1.0;1.0;47,2299200000; -1,4695970000;
;1;56;56083;2;6;7.0;6.0;47,8025900000; -3,2597900000;
;1;49;49112;1;1;1.0;1.0;47,1701110000; -0,1389600000;
;3;94;94018;1;1;1.0;6.0;48,8176187265;2,4186579611;
;1;94;94073;1;1;1.0;2.0;48,7661514738;2,3793425559;
;1;973;97302;2;1;1.0;6.0;4,9267087028; -52,3139709234;
;3;974;97407;2;9;1.0;7.0; -20,9538300000;55,3083800000;
;1;75;75104;2;3;1.0;6.0;48,8560350000;2,3507610000;
;1;67;67482;2;3;1.0;6.0;48,5856500000;7,7691600000;
;1;49;49002;2;1;1.0;1.0;47,2947490000;0,0219940000;
;1;56;56121;2;2;1.0;3.0;47,7501500000; -3,3618500000;
;5;94;94046;2;1;1.0;3.0;48,8062400000;2,4419800000;
;1;41;41018;1;1;1.0;3.0;47,5425000000;1,2835400000;
;1;94;94017;1;1;1.0;4.0;48,8268050000;2,5124020000;
;1;973;97302;2;3;2.0;6.0;4,9332526860; -52,3195418715;
;1;66;66136;2;1;1.0;6.0;42,6984700000;2,8993700000;
;5;973;97302;2;1;1.0;3.0;4,9251369436; -52,3125198483;
;1;94;94076;2;1;1.0;6.0;48,7883840202;2,3577469051;
;1;38;38563;2;1;7.0;6.0;45,3673700000;5,5910400000;
;1;69;69386;2;2;1.0;3.0;45,7636800000;4,8552500000;
;3;54;54482;2;7;3.0;6.0;48,7000000000;6,2046600000;
;1;75;75104;2;2;1.0;3.0;48,8575020000;2,3542500000;
;4;972;97209;2;1;1.0;6.0;14,6049400000; -61,0847200000;
;1;64;64483;2;1;1.0;6.0;43,3907296207; -1,6378748417;
;3;74;74281;1;1;1.0;2.0;46,3541500000;6,4710400000;
;1;12;12103;1;1;1.0;1.0;44,6054900000;2,6078050000;
;1;69;69387;2;7;1.0;6.0;45,7548970083;4,8440553228;
;1;38;38185;2;1;1.0;6.0;45,1796300000;5,7161100000;
;5;94;94065;2;1;1.0;1.0;48,7502900000;2,3548000000;
;1;64;64445;2;2;1.0;1.0;43,3016764227; -0,3838562965;
;1;54;54439;2;3;2.0;3.0;48,7072500000;6,2526900000;
;1;94;94076;2;2;1.0;3.0;48,7945600000;2,3602700000;
;1;12;12090;1;1;1.0;7.0;44,3572270000;2,5243880000;
;1;42;42044;2;1;1.0;6.0;45,3971600000;4,3300700000;
;1;971;97101;2;2;1.0;3.0;16,2509482571; -61,5203154087;
;1;37;37261;2;2;1.0;3.0;47,3836400000;0,6720900000;
;1;69;69389;2;2;1.0;3.0;45,7952400000;4,8250700000;
;1;64;64348;2;1;1.0;3.0;43,3118141866; -0,4140257835;
;1;51;51454;2;3;1.0;3.0;49,2408000000;4,0529300000;
;1;94;94033;2;1;1.0;3.0;48,8516831096;2,4919691560;
;3;974;97411;1;1;1.0;2.0; -20,8755300000;55,4309500000;
;5;2A;2A004;2;1;1.0;6.0;41,9090692853;8,7189479471;
;1;29;29039;2;1;1.0;6.0;47,8849058620; -3,9200261230;
;5;94;94033;2;2;1.0;1.0;48,8573692076;2,4711942673;
;2;42;42001;1;1;1.0;6.0;45,4075500000;4,1227910000;
;2;971;97101;1;9;1.0;6.0;16,2707407488; -61,5104126930;
;1;64;64102;2;1;1.0;2.0;43,4841000000; -1,4506500000;
;1;94;94054;2;1;1.0;6.0;48,7498200000;2,4184600000;
;1;51;51454;2;4;2.0;3.0;49,2325600000;4,0242000000;
;1;27;27229;2;1;1.0;6.0;49,0032703653;1,1519765854;
;5;91;91549;2;2;1.0;3.0;48,6423390000;2,3399720000;
;1;46;46128;2;6;1.0;6.0;44,7767170000;1,7330290000;
;5;64;64102;2;9;1.0;7.0;43,5031900000; -1,4637500000;
;5;94;94055;1;1;1.0;5.0;48,7805900000;2,5371800000;
;5;33;33063;2;1;1.0;2.0;44,8667800000; -0,5678000000;
;1;2A;2A004;2;6;1.0;3.0;41,9388600000;8,7420700000;
;3;973;97302;2;2;1.0;6.0;4,9336800000; -52,3304400000;
;5;76;76410;2;1;1.0;2.0;49,4789300000;1,0470100000;
;2;51;51454;2;1;2.0;7.0;49,2511351017;4,0491405129;
;1;47;47041;1;1;1.0;7.0;44,2102070000;0,4098750000;
;1;27;27229;2;1;1.0;6.0;49,0110000000;1,1700000000;
;2;94;94002;2;2;1.0;3.0;48,8079000000;2,4221000000;
;1;63;63014;2;6;1.0;3.0;45,7503937182;3,1065874547;
;1;93;93072;2;3;1.0;3.0;48,9476300000;2,3864700000;
;5;971;97113;2;1;1.0;6.0;16,2060100000; -61,4902100000;
;1;2A;2A004;2;1;1.0;3.0;41,9385300000;8,7411700000;
;1;47;47298;1;1;2.0;7.0;44,4132160000;0,2252870000;
;5;69;69266;2;2;1.0;3.0;45,7616837498;4,8820415139;
;2;51;51454;2;2;8.0;3.0;49,2441900000;4,0495500000;
;1;75;75110;2;3;1.0;7.0;48,8780530000;2,3564750000;
;1;62;62193;2;1;1.0;3.0;50,9561340000;1,8659980000;
;1;27;27681;2;1;1.0;7.0;49,1097200000;1,4893600000;
;1;93;93070;2;3;1.0;6.0;48,9088000000;2,3394400000;
;1;93;93048;2;3;1.0;3.0;48,8577295822;2,4340242351;
;1;95;95210;2;1;1.0;3.0;48,9745106601;2,3049777746;
;1;50;50502;2;1;1.0;2.0;49,1079450000; -1,0714150000;
;1;47;47100;1;1;1.0;7.0;44,2359180000;0,6355010000;
;5;69;69282;2;4;8.0;6.0;45,7657600000;5,0075700000;
;1;971;97101;1;1;1.0;2.0;16,2339100000; -61,5280100000;
;1;22;22278;2;1;1.0;7.0;48,5207900000; -2,7308300000;
;1;92;92012;2;1;1.0;6.0;48,8399810377;2,2368778288;
;5;93;93030;2;1;1.0;3.0;48,9522900000;2,4414900000;
;1;59;59350;2;3;1.0;2.0;50,6472000000;3,0027600000;
;1;64;64102;2;1;1.0;7.0;43,4776734306; -1,4928424358;
;5;93;93048;2;2;8.0;3.0;48,8533491988;2,4484000504;
;1;91;91692;2;1;1.0;2.0;48,6841300000;2,1697400000;
;1;50;50129;1;1;1.0;5.0;49,6285400000; -1,6719900000;
;1;14;14543;2;6;1.0;7.0;49,1984620000; -0,4573760000;
;1;92;92049;2;1;1.0;3.0;48,8187150000;2,3181340000;
;1;91;91421;2;2;1.0;5.0;48,6836600000;2,4896000000;
;1;54;54482;2;1;1.0;3.0;48,6977807356;6,2068526746;
;1;93;93029;2;6;1.0;3.0;48,9214900000;2,4443100000;
;5;57;57480;2;2;1.0;3.0;49,0992064315;6,1574842036;
;5;81;81065;2;1;1.0;6.0;43,5925600000;2,2011000000;
;2;50;50129;2;2;2.0;3.0;49,6334700000; -1,6174700000;
;1;14;14726;1;2;1.0;3.0;48,8840500000; -0,7895990000;
;1;54;54274;2;1;1.0;2.0;48,6618222664;6,2071785629;
;4;92;92025;2;2;1.0;1.0;48,9357509335;2,2607803345;
;1;93;93030;2;1;1.0;6.0;48,9538610864;2,4429591896;
;1;56;56260;2;1;1.0;6.0;47,6628600000; -2,7562500000;
;1;87;87085;1;9;1.0;3.0;45,7985770000;1,2956720000;
;1;17;17415;1;6;1.0;3.0;45,7456500000; -0,6917000000;
;1;49;49007;2;1;1.0;6.0;47,4649300000; -0,5599900000;
;1;973;97302;2;1;1.0;3.0;4,9372481674; -52,2979715466;
;4;56;56098;2;1;1.0;6.0;47,7495500000; -3,3230900000;
;5;51;51230;2;1;8.0;7.0;49,0363088513;3,9541420341;
;1;92;92024;2;2;1.0;6.0;48,8995610732;2,3052317798;
;1;43;43157;2;1;8.0;7.0;45,0498700000;3,8994900000;
;1;87;87085;2;1;1.0;3.0;45,8968300000;1,2829900000;
;5;13;13207;2;3;1.0;2.0;43,2883800000;5,3530900000;
;1;93;93027;2;4;1.0;3.0;48,9271647328;2,3850712180;
;1;54;54526;1;1;1.0;6.0;48,6962741753;6,2194767594;
;5;80;80595;2;1;1.0;6.0;49,7436910000;2,5157200000;
;1;973;97302;2;2;2.0;6.0;4,9390800000; -52,3305100000;
;1;87;87085;2;1;1.0;6.0;45,8299500000;1,2496400000;
;1;42;42218;2;2;1.0;3.0;45,4416800000;4,3789600000;
;5;38;38185;2;2;1.0;3.0;45,1817700000;5,7275800000;
;1;93;93010;2;3;1.0;6.0;48,9103390000;2,4802450000;
;1;54;54395;2;1;1.0;6.0;48,6887848540;6,1636385322;
;1;13;13211;2;1;1.0;3.0;43,3077733786;5,5011658077;
;3;35;35084;1;1;2.0;6.0;47,8769721747; -2,1091832221;
;1;78;78481;2;1;1.0;1.0;48,8979000000;2,1077000000;
;5;83;83123;2;1;1.0;1.0;43,1341600000;5,7796600000;
;1;77;77374;1;1;1.0;6.0;48,7960300000;2,7186200000;
;5;35;35238;2;1;1.0;6.0;48,1073000000; -1,6717000000;
;1;38;38185;2;2;8.0;3.0;45,1804700000;5,7196300000;
;1;92;92046;2;1;8.0;6.0;48,8224482022;2,2987639010;
;1;06;06088;2;1;1.0;3.0;43,6909800000;7,2003700000;
;5;51;51454;2;1;1.0;1.0;49,2613750397;4,0502053499;
;1;01;01443;1;1;1.0;6.0;45,9814860000;5,0444410000;
;5;31;31555;2;1;1.0;6.0;43,6251660000;1,4412530000;
;1;63;63113;2;1;1.0;3.0;45,7879000000;3,0575900000;
;1;92;92062;2;1;1.0;7.0;48,8739800000;2,2362600000;
;1;38;38421;2;1;1.0;3.0;45,1766700000;5,7522600000;
;1;03;03013;2;1;1.0;6.0;46,5872460000;3,3089580000;
;1;83;83069;1;1;1.0;1.0;43,1615000000;6,1246000000;
;2;83;83072;1;1;1.0;6.0;43,4978083746;6,3401255792;
;1;51;51230;2;2;7.0;3.0;49,0461098172;3,9571152627;
;5;14;14220;2;6;2.0;6.0;49,3595700000;0,0770750000;
;1;63;63075;2;2;1.0;3.0;45,7758600000;3,0679400000;
;5;37;37261;2;1;1.0;2.0;47,3800300000;0,6717200000;
;5;77;77217;1;1;1.0;2.0;48,6828500000;2,6393100000;
;5;75;75112;2;1;1.0;2.0;48,8458310000;2,4144450000;
;1;92;92040;2;1;1.0;6.0;48,8283710759;2,2674422711;
;5;11;11069;2;1;1.0;6.0;43,2041100000;2,3198600000;
;1;83;83061;2;1;1.0;2.0;43,4672800000;6,7326500000;
;1;37;37261;2;1;1.0;7.0;47,3884424663;0,6929916143;
;1;49;49328;2;2;1.0;3.0;47,2585200000; -0,0755900000;
;2;22;22311;1;1;3.0;1.0;48,5718650000; -2,2404170000;
;1;63;63113;2;1;1.0;1.0;45,7798400000;3,1173200000;
;5;92;92036;2;3;1.0;7.0;48,9239724082;2,2857394963;
;1;75;75119;2;4;1.0;2.0;48,8927250000;2,3955280000;
;5;06;06069;2;1;1.0;3.0;43,6446800000;6,9395100000;
;1;37;37233;2;2;1.0;3.0;47,3921540782;0,7298827171;
;1;49;49267;2;1;1.0;1.0;47,4856500000; -0,5079100000;
;5;75;75106;2;1;1.0;6.0;48,8573517075;2,3382773995;
;5;76;76108;2;2;6.0;3.0;49,4609700000;1,1106090000;
;1;63;63113;2;1;1.0;6.0;45,7783600000;3,0793300000;
;3;14;14579;1;1;2.0;1.0;49,0263180000; -0,6916670000;
;1;76;76351;2;1;1.0;7.0;49,4911600000;0,1417500000;
;1;01;01053;2;1;7.0;3.0;46,1974900000;5,2166400000;
;1;92;92035;2;1;1.0;3.0;48,9081527910;2,2379226834;
;1;37;37261;2;1;1.0;3.0;47,3660900000;0,6987500000;
;1;49;49007;2;1;1.0;1.0;47,4778700000; -0,5302900000;
;1;75;75106;2;3;1.0;6.0;48,8441620000;2,3229080000;
;1;63;63308;2;1;1.0;3.0;45,7571800000;3,0561700000;
;1;74;74012;2;9;1.0;6.0;46,1975900000;6,2639200000;
;1;41;41228;1;1;8.0;1.0;47,7658690000;0,9036250000;
;5;49;49246;2;1;1.0;7.0;47,4353000000; -0,5132300000;
;5;75;75115;2;4;1.0;2.0;48,8353160000;2,2694900000;
;1;75;75106;2;4;1.0;3.0;48,8469430000;2,3268600000;
;1;92;92012;2;1;1.0;6.0;48,8376004280;2,2241735458;
;1;73;73008;2;2;1.0;6.0;45,7028665368;5,9000927657;
;2;35;35238;2;6;1.0;3.0;48,1116900000; -1,6460900000;
;3;75;75106;2;3;1.0;7.0;48,8436060000;2,3247000000;
;1;41;41269;2;1;1.0;3.0;47,7979100000;1,0601900000;
;1;34;34172;1;1;1.0;3.0;43,6016600000;3,8521750000;
;1;10;10282;1;9;1.0;6.0;48,3690220000;3,9667190000;
;5;75;75113;2;1;1.0;7.0;48,8225921000;2,3721421000;
;5;63;63113;2;2;1.0;3.0;45,7822200000;3,0729800000;
;1;71;71499;2;2;1.0;3.0;46,6646100000;4,2882800000;
;1;75;75117;2;3;1.0;2.0;48,8762718310;2,2872215509;
;5;72;72181;2;1;1.0;6.0;48,0010600000;0,1870600000;
;1;35;35238;2;3;1.0;3.0;48,0975400000; -1,6571300000;
;5;75;75112;2;1;1.0;6.0;48,8310150000;2,4592850000;
;3;01;01398;2;1;1.0;6.0;45,9953890000;4,8466550000;
;2;41;41295;2;4;1.0;3.0;47,5869800000;1,3814000000;
;5;75;75110;2;3;1.0;1.0;48,8699630000;2,3527730000;
;5;71;71540;1;9;1.0;1.0;46,7639000000;4,4581600000;
;1;71;71153;2;3;1.0;3.0;46,8062600000;4,4298300000;
;1;38;38030;1;1;1.0;6.0;45,3479170000;5,4873060000;
;5;75;75111;2;2;1.0;6.0;48,8568960000;2,3722070000;
;1;35;35238;2;2;1.0;3.0;48,1249490000; -1,6670470000;
;3;56;56166;1;6;2.0;6.0;47,9017930000; -3,3357020000;
;1;38;38185;2;2;1.0;3.0;45,1723200000;5,7361700000;
;1;69;69271;2;1;1.0;3.0;45,7374547139;4,9720783453;
;5;75;75108;2;5;1.0;6.0;48,8690120000;2,3101460000;
;2;83;83047;1;3;1.0;3.0;43,1210100000;6,0570180000;
;1;75;75110;2;3;1.0;2.0;48,8761670000;2,3721260000;
;1;35;35281;2;6;1.0;3.0;48,0821000000; -1,7114500000;
;3;69;69266;2;1;1.0;4.0;45,7849000000;4,8641900000;
;1;38;38151;2;1;1.0;6.0;45,1506400000;5,7127400000;
;5;64;64445;2;1;1.0;3.0;43,3125000000; -0,3623100000;
;1;988;98818;2;6;8.0;6.0; -22,2332900000;166,4567800000;
;5;75;75101;2;3;1.0;6.0;48,8640100000;2,3313510000;
;5;75;75107;2;7;1.0;6.0;48,8584340000;2,3123980000;
;1;79;79277;1;2;1.0;3.0;47,0979780000; -0,1687970000;
;2;35;35238;2;1;2.0;6.0;48,1029800000; -1,6530000000;
;1;64;64125;2;1;1.0;7.0;43,4406400000; -1,5890900000;
;1;72;72200;1;2;1.0;3.0;47,8944100000;0,2211910000;
;1;75;75104;2;3;1.0;7.0;48,8556440000;2,3483250000;
;1;94;94074;2;1;1.0;2.0;48,7674600000;2,4413000000;
;1;976;97611;2;9;1.0;3.0; -12,7955000000;45,2158300000;
;1;35;35281;2;1;2.0;3.0;48,0912200000; -1,7045800000;
;1;35;35281;1;1;1.0;4.0;48,0668320000; -1,7147800000;
;5;2B;2B050;2;1;1.0;6.0;42,5542540000;8,7623420000;
;2;64;64024;2;1;1.0;3.0;43,4805781674; -1,5143594267;
;5;69;69266;2;2;1.0;3.0;45,7708700000;4,8671900000;
;1;62;62060;1;3;1.0;3.0;50,2243270000;2,1175250000;
;1;94;94076;2;3;1.0;1.0;48,7885400000;2,3650820000;
;1;974;97416;1;1;1.0;6.0; -21,3262100000;55,4776300000;
;5;75;75104;2;2;1.0;6.0;48,8553170000;2,3528120000;
;1;34;34172;2;1;1.0;3.0;43,6263260000;3,8876290000;
;1;35;35238;2;2;1.0;3.0;48,1069400000; -1,6706500000;
;1;94;94041;2;1;1.0;7.0;48,8168600000;2,3678300000;
;1;94;94078;2;1;1.0;6.0;48,7470200000;2,4617600000;
;1;62;62820;1;1;1.0;3.0;50,3517831280;2,5110057592;
;1;69;69013;2;1;1.0;2.0;46,0188000000;4,7069300000;
;1;60;60057;1;2;1.0;3.0;49,4340668454;2,0519341528;
;3;80;80695;1;1;6.0;1.0;50,0221070000;2,9104110000;
;1;33;33162;2;1;1.0;3.0;44,8785700000; -0,6250400000;
;1;974;97411;2;9;1.0;3.0; -20,8800460000;55,4566060000;
;2;94;94068;2;1;1.0;6.0;48,7955000000;2,4993400000;
;1;59;59669;1;1;1.0;6.0;50,8058307656;2,4523919821;
;2;94;94073;2;1;1.0;2.0;48,7550000000;2,3840000000;
;1;33;33039;2;4;1.0;3.0;44,8188500000; -0,5450700000;
;1;59;59350;2;2;7.0;6.0;50,6331200000;3,0591900000;
;2;94;94038;2;1;1.0;6.0;48,7836800000;2,3281500000;
;1;33;33069;2;6;8.0;3.0;44,8703400000; -0,5926500000;
;3;2B;2B150;1;1;1.0;1.0;42,5631880000;8,8051400000;
;1;974;97411;2;1;1.0;3.0; -20,8934600000;55,4565400000;
;3;66;66136;1;1;1.0;6.0;42,7113570000;2,9224560000;
;2;94;94038;2;1;1.0;6.0;48,7660807563;2,3302745817;
;5;94;94077;2;2;1.0;6.0;48,7374100000;2,4105900000;
;3;65;65306;1;1;1.0;6.0;43,1269220000;0,2618690000;
;1;33;33063;2;2;1.0;3.0;44,8424500000; -0,5562600000;
;1;33;33069;2;1;1.0;1.0;44,8556552194; -0,5921740830;
;5;93;93071;2;2;1.0;3.0;48,9504000000;2,5237900000;
;1;973;97302;2;2;2.0;3.0;4,9295900000; -52,3151000000;
;1;2B;2B305;2;1;1.0;2.0;42,7322650000;9,4605910000;
;1;93;93039;2;1;1.0;2.0;48,9276316473;2,3363749289;
;3;44;44162;2;1;1.0;7.0;47,2445540000; -1,6209350000;
;1;33;33063;2;6;1.0;6.0;44,8795462064; -0,5474758744;
;5;33;33063;2;1;2.0;4.0;44,8179645076; -0,5776110291;
;1;93;93070;2;1;7.0;1.0;48,9022600000;2,3441000000;
;3;71;71263;2;1;1.0;6.0;46,6293310000;5,2290080000;
;1;80;80010;1;1;1.0;6.0;49,7511710000;2,3645170000;
;1;93;93048;2;1;1.0;2.0;48,8593020000;2,4249220000;
;5;93;93064;2;1;1.0;6.0;48,8698000000;2,4942700000;
;5;37;37233;2;1;1.0;6.0;47,3949212744;0,7227922976;
;5;33;33318;2;3;1.0;3.0;44,8043600000; -0,6615000000;
;1;80;80106;1;1;1.0;1.0;49,7727560000;1,9970230000;
;4;93;93048;2;1;1.0;6.0;48,8668420699;2,4754160643;
;1;33;33039;2;8;1.0;3.0;44,7844100000; -0,5656200000;
;1;29;29232;1;1;1.0;6.0;47,9885900000; -4,0272300000;
;5;69;69386;2;2;1.0;3.0;45,7690100000;4,8605300000;
;5;92;92046;2;1;1.0;4.0;48,8124700000;2,3011600000;
;1;80;80010;2;1;1.0;6.0;49,7553720000;2,3619110000;
;1;37;37122;1;9;1.0;6.0;47,3365600000;0,6698800000;
;5;93;93006;2;1;1.0;2.0;48,8740500000;2,4222700000;
;1;92;92048;2;1;1.0;6.0;48,8097358862;2,2384251952;
;3;63;63282;1;1;1.0;3.0;45,6042951684;3,1527960739;
;1;33;33529;1;1;1.0;4.0;44,6221400000; -1,1603000000;
;1;33;33140;2;6;1.0;6.0;44,7733170000; -0,3467510000;
;1;29;29232;2;3;1.0;1.0;47,9747390000; -4,0666780000;
;5;92;92026;2;1;1.0;3.0;48,8883200000;2,2538100000;
;5;35;35238;2;9;1.0;2.0;48,1178000000; -1,7139000000;
;5;92;92024;2;2;1.0;3.0;48,9085400000;2,3001200000;
;4;972;97213;2;1;3.0;1.0;14,6157200000; -60,9947600000;
;1;31;31555;1;1;1.0;2.0;43,6275900000;1,4199000000;
;2;11;11262;1;1;1.0;3.0;43,2072400000;2,9547640000;
;1;29;29019;2;2;1.0;6.0;48,4130820000; -4,4910500000;
;1;92;92025;2;2;1.0;3.0;48,9118660000;2,2326690000;
;1;61;61339;1;1;1.0;6.0;48,7841340000; -0,3376150000;
;1;27;27701;2;1;7.0;2.0;49,2420600000;1,1876000000;
;1;45;45247;1;3;1.0;4.0;48,0152214904;2,6787855582;
;1;30;30243;2;3;1.0;3.0;44,0700000000;4,0819000000;
;1;34;34172;2;2;1.0;3.0;43,6088700000;3,8529000000;
;5;92;92002;2;2;1.0;3.0;48,7426900000;2,3028300000;
;1;22;22199;1;1;1.0;1.0;48,8143670000; -3,1490850000;
;3;63;63143;1;1;1.0;1.0;46,0575160000;3,2814790000;
;1;974;97415;2;6;1.0;3.0; -21,0565280000;55,2656940000;
;1;29;29232;1;1;1.0;3.0;47,9976460000; -4,0727300000;
;1;35;35222;2;8;1.0;3.0;48,5305320000; -1,5651010000;
;3;74;74112;1;1;1.0;1.0;45,9346060000;6,1007220000;
;1;29;29252;2;1;1.0;6.0;47,8660410000; -4,2806820000;
;3;67;67446;1;1;2.0;7.0;48,8686330000;7,5253130000;
;1;38;38113;1;1;1.0;7.0;44,8268653736;5,6288677453;
;1;25;25056;2;6;1.0;3.0;47,2427900000;6,0076300000;
;5;29;29019;2;6;2.0;6.0;48,4035600000; -4,4804700000;
;3;38;38387;1;1;1.0;6.0;45,3149320000;5,3239270000;
;2;2A;2A130;2;1;1.0;1.0;41,9064530000;8,8176330000;
;5;70;70414;2;1;1.0;6.0;47,7616420000;6,7424860000;
;1;17;17306;2;3;1.0;3.0;45,6177600000; -1,0128400000;
;1;52;52140;1;2;1.0;6.0;48,2711260000;4,9544050000;
;1;29;29019;2;1;1.0;2.0;48,4072800000; -4,4910800000;
;1;63;63360;1;2;1.0;3.0;46,1093860000;2,6009220000;
;3;17;17291;1;1;1.0;4.0;46,1730100000; -1,1173600000;
;1;42;42059;2;1;1.0;7.0;45,6376460000;4,3830410000;
;1;58;58088;2;1;1.0;6.0;47,0116670000;3,1720230000;
;3;29;29260;2;6;1.0;6.0;48,4377960000; -4,6197910000;
;5;15;15014;2;2;1.0;3.0;44,9127880000;2,4418370000;
;5;31;31182;2;1;1.0;6.0;43,6699750000;1,4107130000;
;2;02;02060;1;1;1.0;6.0;49,8444730000;3,0883810000;
;4;50;50467;1;4;1.0;6.0;49,4786760000; -1,3418450000;
;3;72;72059;1;1;1.0;3.0;47,9333950000; -0,1908450000;
;5;14;14366;2;1;1.0;2.0;49,1555758000;0,2276300000;
;1;72;72257;1;1;1.0;6.0;48,0129510000;0,1217620000;
;1;16;16245;1;3;1.0;2.0;45,8720730000;0,5182300000;
;2;14;14437;2;2;1.0;3.0;49,1688900000; -0,3305800000;
;3;53;53007;1;1;1.0;6.0;48,0944910000; -0,6889950000;
;1;06;06038;1;1;1.0;6.0;43,6771700000;6,9809300000;
;1;49;49092;1;1;1.0;1.0;47,1912327904; -0,7420087253;
;5;21;21637;2;3;5.0;6.0;47,0127570000;5,2834800000;
;1;14;14327;2;1;1.0;1.0;49,2024300000; -0,3350500000;
;1;60;60277;2;3;1.0;2.0;49,4300100000;2,0434330000;
;1;40;40118;2;9;1.0;6.0;43,5768350000; -0,9363990000;
;3;18;18030;1;1;1.0;6.0;47,5229780000;2,5470200000;
;1;13;13077;2;1;1.0;3.0;43,4051400000;4,9843400000;
;1;85;85081;1;1;1.0;6.0;46,7872520000; -1,3310442000;
;1;16;16085;1;6;1.0;7.0;45,8133480000;0,4496190000;
;1;17;17324;1;1;1.0;7.0;45,3948040000; -0,5640360000;
;1;13;13215;2;1;1.0;2.0;43,3473100000;5,3555400000;
;1;72;72241;1;1;1.0;7.0;48,0628229212;0,3980827332;
;1;21;21412;1;2;7.0;1.0;46,9886000000;4,7670000000;
;1;13;13202;2;1;1.0;6.0;43,2964100000;5,3713000000;
;1;11;11202;1;1;1.0;7.0;42,9209460000;3,0161360000;
;1;85;85201;1;1;1.0;7.0;46,4370650000; -1,3238800000;
;1;13;13201;2;1;1.0;1.0;43,2990600000;5,3863700000;
;3;988;98830;1;1;1.0;6.0; -20,7910200000;165,1523000000;
;1;17;17350;1;9;1.0;7.0;45,9195420000; -0,4972920000;
;5;13;13206;2;9;1.0;3.0;43,2878200000;5,3758000000;
;2;77;77437;2;6;1.0;3.0;49,0370630000;2,7965030000;
;1;37;37132;2;3;1.0;3.0;47,1350563252;0,9840562195;
;5;77;77231;2;1;1.0;6.0;48,9976590000;3,0020680000;
;1;13;13204;2;1;1.0;1.0;43,2958400000;5,4008600000;
;3;95;95351;1;1;1.0;6.0;49,0493770000;2,5229280000;
;1;13;13004;1;1;1.0;6.0;43,6584500000;4,6541400000;
;1;30;30223;1;3;1.0;5.0;44,1781260000;4,1749760000;
;5;91;91249;1;1;1.0;1.0;48,6356310000;2,1069720000;
;1;77;77164;1;1;1.0;2.0;48,4443480000;2,9049830000;
;5;10;10387;2;1;1.0;3.0;48,3028400000;4,0838500000;
;2;988;98805;2;1;1.0;7.0; -22,2194400000;166,4701870000;
;3;78;78068;1;1;1.0;5.0;49,0322630000;1,4666440000;
;3;66;66212;1;1;1.0;6.0;42,7611834573;3,0161784030;
;1;95;95042;1;1;1.0;7.0;49,0545060000;2,2970650000;
;3;11;11192;1;6;1.0;6.0;43,2904980000;2,0455810000;
;1;10;10325;2;2;7.0;3.0;48,2630700000;4,0590890000;
;5;987;98738;1;1;2.0;4.0; -17,5833110000; -149,6141550000;
;1;21;21194;1;1;1.0;1.0;47,0804240000;4,9346210000;
;2;03;03027;1;1;7.0;6.0;46,3241120000;2,8358240000;
;3;987;98747;1;1;1.0;7.0; -17,7648000000; -149,2130890000;
;5;01;01142;2;1;1.0;6.0;45,8512980000;5,0632630000;
;4;91;91377;1;1;5.0;2.0;48,7256700000;2,3011800000;
;1;973;97304;1;1;3.0;1.0;5,0967580000; -52,6180530000;
;3;91;91617;1;1;1.0;3.0;48,6326700000;2,5334111000;
;1;95;95042;1;1;1.0;6.0;49,0620400000;2,3191700000;
;1;94;94033;1;1;1.0;2.0;48,8521422803;2,4902740888;
;3;93;93051;1;1;1.0;6.0;48,8347200000;2,5812300000;
;2;77;77171;2;3;1.0;3.0;48,8946950000;2,8204230000;
;3;95;95134;2;1;1.0;6.0;49,1417948232;2,2553032637;
;3;22;22185;1;1;1.0;6.0;48,3877790000; -2,4134190000;
;2;63;63195;2;2;1.0;3.0;45,8289490000;3,3931610000;
;5;61;61096;2;1;1.0;7.0;48,5156450000; -0,4504610000;
;2;25;25400;1;1;1.0;6.0;47,0895850000;6,1950020000;
;3;29;29215;2;3;1.0;6.0;47,9848481000; -4,4245831000;
;1;64;64256;2;9;1.0;1.0;43,3953110000; -1,3116650000;
;5;18;18190;2;1;1.0;6.0;47,1352500000;2,1552140000;
;1;04;04219;1;1;1.0;7.0;44,1038145321;6,5697038770;
;3;30;30344;1;3;5.0;3.0;43,7369000000;4,2109000000;
;3;988;98803;1;1;1.0;1.0; -21,6590100000;165,5346000000;
;1;95;95446;2;6;1.0;3.0;49,1234867003;2,1820896864;
;5;95;95101;1;1;1.0;6.0;49,1370490000;1,6712080000;
;3;2B;2B293;1;1;1.0;6.0;42,3101650000;9,4785830000;
;3;84;84074;1;1;1.0;6.0;43,7531640000;5,2244760000;
;3;74;74001;1;1;9.0;6.0;46,2825320000;6,7328060000;
;1;81;81099;1;3;1.0;3.0;43,9272650000;1,9156370000;
;1;41;41018;2;1;1.0;2.0;47,5944040000;1,3533290000;
202100000001.0;2;30;30319;1;1;1.0;1.0;44,0389580000;4,3480220000;
202100000002.0;1;51;51544;1;3;1.0;3.0;49,2421290000;4,5545460000;
202100000003.0;1;85;85048;2;1;7.0;6.0;46,9219500000; -0,9644600000;
202100000004.0;5;93;93005;2;2;3.0;6.0;48,9493634583;2,5196639908;
202100000005.0;5;76;76429;2;1;1.0;2.0;49,4083800000;1,1458100000;
202100000006.0;1;68;68004;2;3;1.0;2.0;47,6142390000;7,2343360000;
202100000007.0;5;38;38053;2;9;1.0;1.0;45,5888000000;5,2730500000;
202100000008.0;1;987;98715;2;1;1.0;3.0; -17,5845220000; -149,5685780000;
202100000009.0;2;92;92048;2;2;2.0;3.0;48,8065500000;2,2358800000;
202100000010.0;1;93;93008;2;1;1.0;3.0;48,9075657758;2,4547603726;
202100000011.0;1;93;93008;2;2;1.0;3.0;48,9074000000;2,4568400000;
202100000012.0;3;21;21173;1;1;1.0;1.0;47,0407010000;4,8608280000;
202100000013.0;3;974;97418;1;1;1.0;2.0; -20,9310800000;55,5372190000;
202100000014.0;1;92;92063;2;2;1.0;3.0;48,8810767676;2,1844232082;
202100000015.0;1;51;51388;1;2;1.0;3.0;49,1330510000;4,3370890000;
202100000016.0;1;21;21349;2;1;2.0;6.0;47,1944320000;4,2713810000;
202100000017.0;1;51;51362;1;1;1.0;3.0;49,2759855047;3,9647179842;