Num_Acc;lum;departement;commune;agglomeration;intersection;meteo;type_collision;lat;long;date
202100000347.0;2;69;69383;2;2;1.0;5.0;45,7626800000;4,8451400000;
202100000348.0;1;02;02691;2;1;1.0;6.0;49,8597903422;3,2969641683;
202100000349.0;1;75;75108;2;3;1.0;3.0;48,8804910000;2,3129920000;
202100000350.0;3;69;69142;1;1;1.0;2.0;45,7192041632;4,8187065125;
202100000351.0;5;69;69389;2;9;1.0;6.0;45,7862900000;4,8012000000;
202100000352.0;1;87;87048;1;3;1.0;1.0;45,7775700000;1,2405400000;
202100000353.0;1;87;87085;2;1;1.0;6.0;45,8695800000;1,2977500000;
202100000354.0;1;87;87085;2;1;1.0;3.0;45,8532800000;1,2958800000;
202100000355.0;5;77;77131;2;1;1.0;7.0;48,8084628681;3,0777722016;
202100000356.0;5;69;69264;2;1;1.0;6.0;45,9945900000;4,7151700000;
202100000357.0;1;64;64445;1;1;1.0;6.0;43,3339200000; -0,3582000000;
202100000358.0;1;35;35093;2;2;1.0;1.0;48,6240600000; -2,0337500000;
202100000359.0;1;32;32013;2;6;1.0;2.0;43,6645000000;0,5931000000;
202100000360.0;1;13;13054;2;9;1.0;6.0;43,4124600000;5,2085700000;
202100000361.0;1;13;13054;2;1;1.0;3.0;43,4170600000;5,2266200000;
202100000362.0;1;13;13117;1;1;1.0;2.0;43,4231700000;5,2663500000;
202100000363.0;2;13;13102;2;1;1.0;3.0;43,4157589297;5,2459273836;
202100000364.0;1;13;13001;1;1;1.0;5.0;43,4516000000;5,3037400000;
202100000365.0;1;13;13054;2;2;1.0;3.0;43,4029000000;5,2164800000;
202100000366.0;1;13;13213;2;1;1.0;3.0;43,3294900000;5,4302200000;
202100000367.0;1;13;13213;2;1;1.0;1.0;43,3262900000;5,4392300000;
202100000368.0;2;06;06069;2;6;1.0;2.0;43,6471770000;6,9401590000;
202100000369.0;5;06;06069;2;1;1.0;6.0;43,6548370000;6,9187610000;
202100000370.0;1;06;06027;2;1;1.0;2.0;43,6580890000;7,1638370000;
202100000371.0;1;65;65417;2;6;1.0;3.0;43,2237680000;0,0941080000;
202100000372.0;5;63;63113;2;1;1.0;6.0;45,7876600000;3,0645400000;
202100000373.0;2;63;63113;2;2;1.0;3.0;45,8064710000;3,1142700000;
202100000374.0;2;57;57757;2;8;;6.0;49,3597580000;6,2104730000;
202100000375.0;1;78;78650;2;2;8.0;3.0;48,8878900000;2,1360900000;
202100000376.0;5;06;06079;2;6;1.0;3.0;43,5491080000;6,9424260000;
202100000377.0;1;33;33044;1;1;1.0;6.0;44,7686850000; -0,1721330000;
202100000378.0;1;74;74081;2;1;1.0;6.0;46,0634830000;6,5798560000;
202100000379.0;1;06;06085;2;4;1.0;3.0;43,5825010000;7,0097060000;
202100000380.0;1;33;33105;1;1;8.0;6.0;44,6687139137; -0,1676166058;
202100000381.0;5;50;50129;2;1;2.0;1.0;49,6388200000; -1,6158600000;
202100000382.0;3;33;33122;1;1;1.0;2.0;44,7177130000; -0,7410910000;
202100000383.0;1;74;74256;2;1;1.0;6.0;45,9394831000;6,6262520000;
202100000384.0;5;74;74208;1;1;1.0;6.0;45,9111310000;6,6944200000;
202100000385.0;1;74;74010;2;2;1.0;3.0;45,9058728408;6,1291070580;
202100000386.0;3;33;33279;1;1;1.0;6.0;44,5231070000; -0,2538050000;
202100000387.0;2;04;04112;2;6;1.0;3.0;43,8347000000;5,7785000000;
202100000388.0;1;25;25031;2;1;1.0;6.0;47,4853700000;6,8352800000;
202100000389.0;3;35;35285;2;1;1.0;6.0;47,7622300000; -1,9796370000;
202100000390.0;1;84;84007;2;1;1.0;3.0;43,9407000000;4,8272500000;
202100000391.0;5;64;64129;2;6;2.0;2.0;43,3050500000; -0,4018300000;
202100000392.0;5;17;17300;2;6;1.0;3.0;46,1399200000; -1,1452000000;
202100000393.0;2;13;13103;2;1;1.0;3.0;43,6476136463;5,0978875071;
202100000394.0;3;2B;2B037;1;1;1.0;4.0;42,6141310000;9,4378900000;
202100000395.0;5;94;94011;2;9;2.0;6.0;48,7695000000;2,4826600000;
202100000396.0;1;30;30352;1;1;1.0;6.0;43,7895230000;4,0925270000;
202100000397.0;1;83;83115;2;6;1.0;6.0;43,3107490000;6,6346160000;
202100000398.0;5;64;64445;2;1;2.0;2.0;43,3048200000; -0,3761500000;
202100000399.0;1;13;13071;2;1;1.0;2.0;43,4146800000;5,3671400000;
202100000400.0;5;13;13106;2;1;1.0;7.0;43,4058900000;5,3549100000;
202100000401.0;3;13;13019;1;1;1.0;1.0;43,4565900000;5,3223800000;
202100000402.0;1;13;13071;1;1;1.0;3.0;43,4131800000;5,3407400000;
202100000403.0;1;13;13071;2;9;1.0;3.0;43,4169936602;5,3558168775;
202100000404.0;2;13;13071;1;1;1.0;3.0;43,4101600000;5,3651200000;
202100000405.0;2;13;13071;2;9;1.0;1.0;43,3942500000;5,3403500000;
202100000406.0;2;13;13071;2;1;1.0;3.0;43,4071700000;5,3299800000;
202100000407.0;1;13;13001;2;6;2.0;2.0;43,5043200000;5,3954600000;
202100000408.0;5;13;13001;2;1;1.0;3.0;43,5319800000;5,4299600000;
202100000409.0;1;13;13001;2;9;1.0;7.0;43,5143800000;5,3196100000;
202100000410.0;1;69;69059;1;8;1.0;6.0;45,8567890000;4,7005280000;
202100000411.0;1;86;86213;2;8;1.0;6.0;46,4186860000;0,0410070000;
202100000412.0;2;33;33490;2;8;2.0;6.0;45,4334281000; -1,0466930000;
202100000413.0;5;87;87085;2;1;1.0;6.0;45,8374100000;1,2592200000;
202100000414.0;1;83;83137;2;1;1.0;2.0;43,1256700000;5,9286100000;
202100000415.0;1;83;83062;1;1;1.0;3.0;43,1077200000;5,9851700000;
202100000416.0;5;59;59599;2;2;1.0;3.0;50,7065450847;3,1566093788;
202100000417.0;1;33;33281;2;1;1.0;2.0;44,8481100000; -0,6413500000;
202100000418.0;3;31;31149;2;1;2.0;2.0;43,6066900000;1,3291400000;
202100000419.0;5;19;19031;2;2;1.0;3.0;45,1482600000;1,5093300000;
202100000420.0;1;06;06088;2;1;8.0;6.0;43,6921800000;7,2469000000;
202100000421.0;1;25;25474;1;1;1.0;7.0;47,3392298433;6,2296772005;
202100000422.0;1;28;28363;1;1;4.0;5.0;48,4134790000;1,8972870000;
202100000423.0;3;67;67085;2;1;1.0;6.0;48,5692715951;7,4650651217;
202100000424.0;5;73;73008;2;1;1.0;6.0;45,6892858791;5,9090058811;
202100000425.0;2;69;69259;2;1;1.0;7.0;45,6998134935;4,8623989970;
202100000426.0;5;69;69387;2;1;1.0;6.0;45,7467860510;4,8460929489;
202100000427.0;1;68;68066;2;1;1.0;6.0;48,0713000000;7,3295600000;
202100000428.0;5;27;27229;2;1;2.0;3.0;49,0181700000;1,1427600000;
202100000429.0;3;18;18267;1;1;1.0;2.0;47,0362000000;2,3890800000;
202100000430.0;5;13;13208;2;1;1.0;3.0;43,2704975943;5,3881923555;
202100000431.0;5;75;75106;2;3;1.0;6.0;48,8489880000;2,3341130000;
202100000432.0;1;67;67339;1;1;1.0;1.0;48,9121630000;7,8744290000;
202100000433.0;3;49;49018;1;2;1.0;3.0;47,4952260000; -0,1308490000;
202100000434.0;1;73;73288;1;1;1.0;2.0;45,6314040000;5,9086410000;
202100000435.0;1;95;95127;1;1;1.0;2.0;49,0406586712;2,0819080787;
202100000436.0;1;971;97107;2;9;1.0;2.0;16,0444300000; -61,5651600000;
202100000437.0;2;38;38317;2;1;1.0;3.0;45,1212041000;5,6968940000;
202100000438.0;2;38;38006;2;3;1.0;6.0;45,4014520000;6,0796451000;
202100000439.0;1;38;38307;1;2;1.0;3.0;45,4007710000;5,0683560000;
202100000440.0;1;38;38382;2;4;1.0;3.0;45,2376310000;5,6602740000;
202100000441.0;4;38;38261;2;1;1.0;1.0;45,6719610000;5,4618600000;
202100000442.0;1;38;38511;1;1;1.0;1.0;45,3528241000;5,9611990000;
202100000443.0;1;38;38544;2;1;3.0;6.0;45,5137900000;4,9166900000;
202100000444.0;1;73;73067;1;1;1.0;7.0;45,3659610000;6,2903970000;
202100000445.0;4;73;73011;2;1;1.0;6.0;45,6719110000;6,3722400000;
202100000446.0;1;73;73245;1;1;2.0;6.0;45,6934411000;5,8303500000;
202100000447.0;1;73;73330;1;1;1.0;6.0;45,7397942175;5,7804527879;
202100000448.0;2;73;73081;1;1;1.0;6.0;45,6911481000;6,1119600000;
202100000449.0;1;73;73255;2;3;2.0;3.0;45,3350169600;6,2913403820;
202100000450.0;1;25;25532;2;1;1.0;6.0;47,2197000000;6,1097400000;
202100000451.0;1;973;97309;1;1;1.0;2.0;4,8770930000; -52,2978560000;
202100000452.0;2;78;78242;2;3;1.0;6.0;48,8131000000;2,0348300000;
202100000453.0;2;972;97209;2;1;2.0;6.0;14,6143970000; -61,0490580000;
202100000454.0;4;64;64445;2;1;2.0;7.0;43,3204047836; -0,3351634741;
202100000455.0;1;45;45234;2;1;1.0;3.0;47,8832258044;1,9039821625;
202100000456.0;1;45;45298;2;1;1.0;3.0;47,8933600000;1,8762500000;
202100000457.0;5;13;13211;2;3;2.0;3.0;43,2960000000;5,4480000000;
202100000458.0;1;13;13212;2;4;1.0;3.0;43,3205500000;5,4451100000;
202100000459.0;5;13;13209;2;9;1.0;3.0;43,2495200000;5,4223600000;
202100000460.0;1;972;97209;1;1;1.0;4.0;14,6163940000; -61,0428400000;
202100000461.0;1;2A;2A004;2;1;1.0;3.0;41,9464900000;8,7646400000;
202100000462.0;1;19;19031;2;3;1.0;3.0;45,1647300000;1,5210200000;
202100000463.0;5;19;19031;2;2;3.0;2.0;45,1618800000;1,5407800000;
202100000464.0;1;19;19031;2;1;1.0;3.0;45,1534600000;1,5364300000;
202100000465.0;1;19;19031;2;1;1.0;2.0;45,1512100000;1,5491700000;
202100000466.0;1;19;19031;2;1;1.0;6.0;45,1554060216;1,5339395591;
202100000467.0;1;971;97117;2;2;1.0;3.0;16,3269760000; -61,3528700000;
202100000468.0;1;972;97209;2;3;1.0;3.0;14,6157300000; -61,0583500000;
202100000469.0;1;69;69266;2;1;1.0;6.0;45,7710400000;4,8639600000;
202100000470.0;1;66;66136;2;6;1.0;3.0;42,6884800000;2,8950200000;
202100000471.0;1;37;37122;2;1;2.0;6.0;47,3488856992;0,6479999099;
202100000472.0;1;75;75102;2;3;1.0;6.0;48,8670300000;2,3529760000;
202100000473.0;5;59;59350;2;2;1.0;5.0;50,6356700000;3,0097700000;
202100000474.0;5;30;30189;2;9;1.0;3.0;43,8614000000;4,3770000000;
202100000475.0;1;19;19031;2;3;1.0;3.0;45,1600699424;1,5406576395;
202100000476.0;1;19;19031;2;3;1.0;3.0;45,1637890746;1,5322977148;
202100000477.0;1;19;19031;2;2;1.0;3.0;45,1627745065;1,5227977382;
202100000478.0;1;19;19031;2;6;1.0;3.0;45,1478379568;1,4897847174;
202100000479.0;1;19;19031;2;3;1.0;3.0;45,1619500000;1,5532500000;
202100000480.0;1;19;19031;2;2;1.0;3.0;45,1574200000;1,5237200000;
202100000481.0;1;11;11262;2;1;1.0;2.0;43,1820700000;2,9888400000;
202100000482.0;1;24;24449;1;1;1.0;3.0;45,0204520000;0,2317000000;
202100000483.0;1;972;97226;1;1;1.0;1.0;14,4383740000; -60,8668600000;
202100000484.0;1;91;91547;1;9;1.0;3.0;48,4228360000;1,9601910000;
202100000485.0;3;13;13071;1;1;1.0;6.0;43,4180270000;5,2733750000;
202100000486.0;1;50;50129;2;1;1.0;3.0;49,6328410000; -1,6228800000;
202100000487.0;1;50;50502;2;1;1.0;6.0;49,0997710000; -1,0816800000;
202100000488.0;1;50;50002;2;1;7.0;3.0;49,1120500000; -1,1286500000;
202100000489.0;1;50;50502;2;6;1.0;6.0;49,1031710000; -1,1133600000;
202100000490.0;1;30;30028;2;1;3.0;6.0;44,1534100000;4,6175000000;
202100000491.0;1;76;76351;2;1;1.0;4.0;49,5017868881;0,1546383607;
202100000492.0;1;76;76351;2;1;1.0;2.0;49,4821030652;0,1601892332;
202100000493.0;1;76;76351;2;1;1.0;2.0;49,4927600000;0,1201600000;
202100000494.0;4;76;76351;2;2;1.0;3.0;49,5013935778;0,1500253379;
202100000495.0;5;76;76351;2;1;1.0;1.0;49,4917610000;0,1252000000;
202100000496.0;1;59;59606;2;8;1.0;6.0;50,3610386221;3,5202062130;
202100000497.0;1;95;95268;2;3;1.0;3.0;48,9746060000;2,3880100000;
202100000498.0;1;91;91201;2;9;8.0;3.0;48,6762500000;2,4116900000;
202100000499.0;5;78;78586;2;3;2.0;3.0;48,9476000000;2,1881400000;
202100000500.0;5;78;78358;2;1;3.0;6.0;48,9403200000;2,1384090000;
202100000501.0;1;78;78124;2;9;1.0;6.0;48,9071900000;2,1751900000;
202100000502.0;1;78;78440;2;3;1.0;6.0;48,9948290000;1,9135850000;
202100000503.0;1;78;78642;2;3;1.0;6.0;48,9878410000;1,9689660000;
202100000504.0;5;73;73065;2;6;1.0;4.0;45,5590414666;5,9222423745;
202100000505.0;5;67;67482;2;3;2.0;2.0;48,5774900000;7,7547800000;
202100000506.0;5;64;64102;2;6;1.0;3.0;43,4873300000; -1,4672600000;
202100000507.0;1;63;63300;1;1;1.0;4.0;45,9122000000;3,1304000000;
202100000508.0;1;42;42218;2;1;1.0;2.0;45,4614300000;4,3796500000;
202100000509.0;1;37;37122;2;6;2.0;3.0;47,3503784806;0,6562600230;
202100000510.0;1;13;13211;2;1;1.0;3.0;43,2876519986;5,4485658368;
202100000511.0;5;13;13208;2;6;1.0;1.0;43,2546200000;5,3764400000;
202100000512.0;1;13;13210;2;1;1.0;4.0;43,2747747577;5,4154868564;
202100000513.0;1;13;13209;1;1;1.0;6.0;43,2400472246;5,4570285739;
202100000514.0;1;13;13210;2;1;1.0;6.0;43,2747983435;5,4155186977;
202100000515.0;5;13;13210;2;1;1.0;2.0;43,2803600000;5,4092400000;
202100000516.0;5;13;13210;2;1;1.0;7.0;43,2804700000;5,4123400000;
202100000517.0;1;13;13063;2;2;1.0;3.0;43,5883268940;4,9940371513;
202100000518.0;1;13;13047;2;6;1.0;2.0;43,5057400000;4,9845900000;
202100000519.0;5;971;97113;2;1;1.0;6.0;16,2151200000; -61,4383300000;
202100000520.0;1;87;87085;2;1;1.0;7.0;45,8561400000;1,2918400000;
202100000521.0;5;80;80021;2;4;2.0;3.0;49,8933800000;2,2862000000;
202100000522.0;5;69;69264;2;9;5.0;2.0;45,9817200000;4,7313200000;
202100000523.0;1;56;56185;1;1;8.0;6.0;47,7712000000; -3,3777300000;
202100000524.0;1;56;56162;2;1;2.0;6.0;47,7247800000; -3,4375800000;
202100000525.0;1;42;42207;2;3;1.0;6.0;45,4768500000;4,5087700000;
202100000526.0;5;13;13203;2;9;1.0;3.0;43,3213000000;5,3731000000;
202100000527.0;5;01;01053;2;3;2.0;1.0;46,2001408249;5,2154568583;
202100000528.0;3;75;75118;2;3;1.0;6.0;48,8977370000;2,3345880000;
202100000529.0;1;75;75117;2;1;1.0;6.0;48,8975720000;2,3270110000;
202100000530.0;1;93;93001;2;2;1.0;6.0;48,9062500000;2,3753900000;
202100000531.0;2;73;73065;2;1;1.0;6.0;45,5670540000;5,9147720000;
202100000532.0;1;69;69382;2;3;1.0;3.0;45,7437700000;4,8216300000;
202100000533.0;1;69;69381;2;1;1.0;6.0;45,7659000000;4,8308700000;
202100000534.0;5;91;91691;2;1;5.0;6.0;48,7147600000;2,5012600000;
202100000535.0;1;86;86066;2;1;1.0;6.0;46,8210170791;0,5462481107;
202100000536.0;1;76;76351;2;2;1.0;6.0;49,4899000000;0,1041000000;
202100000537.0;2;72;72181;1;1;1.0;2.0;47,9599800000;0,2251500000;
202100000538.0;5;38;38421;2;1;5.0;6.0;45,1851300000;5,7495000000;
202100000539.0;1;35;35278;2;6;1.0;6.0;48,1534000000; -1,6965200000;
202100000540.0;2;35;35238;2;3;1.0;6.0;48,0855900000; -1,6918700000;
202100000541.0;4;31;31555;1;1;1.0;4.0;43,5743700000;1,4693000000;
202100000542.0;1;31;31555;2;9;1.0;7.0;43,5726300000;1,4955800000;
202100000543.0;5;13;13205;2;1;1.0;3.0;43,2903000000;5,3998300000;
202100000544.0;1;13;13202;2;1;1.0;3.0;43,2988976874;5,3650574559;
202100000545.0;2;74;74083;1;1;5.0;5.0;45,8907850000;6,6541740000;
202100000546.0;1;12;12270;1;1;1.0;2.0;44,3141610000;3,1198380000;
202100000547.0;2;44;44041;1;1;1.0;6.0;47,1003260000; -1,6004900000;
202100000548.0;1;73;73212;2;1;9.0;4.0;45,5433702918;6,3019246459;
202100000549.0;3;13;13211;1;1;1.0;3.0;43,2862240000;5,4298400000;
202100000550.0;2;57;57289;2;9;1.0;7.0;49,0549269000;7,0353568000;
202100000551.0;5;73;73008;2;3;1.0;1.0;45,6992400000;5,8864100000;
202100000552.0;1;73;73008;2;2;7.0;3.0;45,7059400000;5,9106600000;
202100000553.0;1;2A;2A004;2;1;1.0;2.0;41,9264710000;8,7388400000;
202100000554.0;5;2A;2A004;2;1;1.0;7.0;41,9276900000;8,7334200000;
202100000555.0;1;10;10387;2;2;1.0;3.0;48,2943000000;4,0783000000;
202100000556.0;2;972;97209;2;1;1.0;6.0;14,6081600000; -61,0703200000;
202100000557.0;1;91;91223;2;9;1.0;6.0;48,4351500000;2,1680400000;
202100000558.0;2;91;91223;2;3;5.0;1.0;48,4307580000;2,1716710000;
202100000559.0;1;65;65440;1;6;1.0;3.0;43,2377220000;0,0418490000;
202100000560.0;1;65;65440;2;2;1.0;3.0;43,2241690000;0,0683700000;
202100000561.0;5;56;56121;2;3;8.0;3.0;47,7514100000; -3,3708400000;
202100000562.0;2;56;56121;2;1;8.0;6.0;47,7506700000; -3,3603400000;
202100000563.0;5;49;49007;2;1;1.0;6.0;47,4633100000; -0,5371500000;
202100000564.0;1;49;49246;2;6;1.0;3.0;47,4394000000; -0,4860000000;
202100000565.0;5;37;37122;2;6;1.0;6.0;47,3518984904;0,6864476698;
202100000566.0;1;37;37261;2;2;1.0;3.0;47,4214475882;0,6860545000;
202100000567.0;1;37;37261;2;1;1.0;6.0;47,3915175836;0,6972502655;
202100000568.0;5;19;19272;2;1;1.0;7.0;45,2626741212;1,7616232917;
202100000569.0;1;13;13209;2;9;1.0;4.0;43,2644400000;5,3962600000;
202100000570.0;2;13;13210;2;2;1.0;3.0;43,2816000000;5,4270300000;
202100000571.0;1;13;13208;2;1;1.0;1.0;43,2695850021;5,3900392298;
202100000572.0;5;13;13208;2;6;1.0;1.0;43,2721000000;5,3898000000;
202100000573.0;5;13;13075;2;1;1.0;5.0;43,3395000000;5,4546000000;
202100000574.0;1;11;11262;2;1;1.0;2.0;43,1803582058;2,9965398367;
202100000575.0;5;10;10387;2;6;5.0;6.0;48,2897100000;4,0909300000;
202100000576.0;1;10;10081;1;9;1.0;6.0;48,3074157600;4,0222570500;
202100000577.0;1;10;10387;2;3;1.0;3.0;48,2922000000;4,0861700000;
202100000578.0;1;84;84007;2;1;1.0;5.0;43,9418500000;4,8231700000;
202100000579.0;2;62;62186;2;2;3.0;3.0;50,4496430000;2,7255880000;
202100000580.0;1;11;11262;2;3;1.0;3.0;43,1832645566;3,0092561245;
202100000581.0;5;94;94017;2;3;8.0;3.0;48,8193580000;2,4873960000;
202100000582.0;1;26;26324;1;1;1.0;5.0;44,3508590000;4,7378540000;
202100000583.0;3;974;97416;1;1;1.0;6.0; -21,3018500000;55,5019800000;
202100000584.0;5;59;59350;2;1;2.0;2.0;50,6360000000;3,0505500000;
202100000585.0;5;44;44129;2;1;2.0;1.0;47,4254670000; -2,0628650000;
202100000586.0;1;78;78466;1;6;1.0;3.0;48,9239440000;1,9954720000;
202100000587.0;1;67;67205;2;3;1.0;1.0;48,7002250000;7,7886820000;
202100000588.0;2;92;92004;2;1;1.0;2.0;48,9174931119;2,3199686408;
202100000589.0;3;77;77116;1;1;2.0;1.0;48,7889900000;3,2058030000;
202100000590.0;1;51;51535;2;1;1.0;7.0;48,7215640000;3,7231690000;
202100000591.0;1;37;37050;2;1;3.0;6.0;47,3371336042;0,6988017839;
202100000592.0;2;59;59350;2;7;1.0;6.0;50,6371500000;3,0628500000;
202100000593.0;1;54;54395;2;2;1.0;3.0;48,6822242291;6,1779042612;
202100000594.0;1;37;37261;2;1;1.0;7.0;47,3785431072;0,6936589639;
202100000595.0;1;37;37261;2;1;1.0;3.0;47,4222775715;0,6858560491;
202100000596.0;1;37;37261;2;6;1.0;3.0;47,3642783355;0,6841254797;
202100000597.0;5;89;89387;2;1;1.0;6.0;48,2038000000;3,2791100000;
202100000598.0;5;49;49099;2;6;2.0;3.0;47,0653600000; -0,8705200000;
202100000599.0;1;30;30028;2;9;1.0;6.0;44,1610038898;4,6188342422;
202100000600.0;1;92;92036;2;1;1.0;7.0;48,9187833189;2,2907620668;
202100000601.0;5;974;97414;2;1;1.0;2.0; -21,2882730000;55,4121930000;
202100000602.0;1;988;98831;1;1;3.0;7.0; -20,9190940000;164,7736140000;
202100000603.0;2;92;92023;2;1;1.0;6.0;48,7785500000;2,2345300000;
202100000604.0;5;987;98736;2;1;1.0;6.0; -17,5254400000; -149,5413300000;
202100000605.0;1;63;63113;2;4;1.0;1.0;45,8075500000;3,1317800000;
202100000606.0;2;63;63113;2;2;1.0;3.0;45,7769200000;3,1177100000;
202100000607.0;2;44;44109;2;1;1.0;6.0;47,2070400000; -1,5292400000;
202100000608.0;5;44;44162;2;6;1.0;3.0;47,2280000000; -1,6350000000;
202100000609.0;1;28;28218;2;1;1.0;3.0;48,4380000000;1,4620300000;
202100000610.0;1;05;05061;1;1;1.0;5.0;44,5554600000;6,0778200000;
202100000611.0;4;75;75116;2;2;1.0;6.0;48,8650500000;2,2344610000;
202100000612.0;1;80;80452;1;2;1.0;3.0;49,7557149357;2,3298652098;
202100000613.0;1;2B;2B042;1;1;8.0;1.0;42,5644760000;9,5224290000;
202100000614.0;1;68;68352;2;6;1.0;5.0;48,0128650000;7,5378980000;
202100000615.0;5;2A;2A004;2;1;1.0;1.0;41,9476200000;8,7636600000;
202100000616.0;1;19;19272;2;1;1.0;6.0;45,2696200000;1,7691400000;
202100000617.0;5;80;80021;2;1;1.0;1.0;49,9116700000;2,3069200000;
202100000618.0;2;77;77294;2;3;1.0;7.0;48,9582000000;2,5957000000;
202100000619.0;1;73;73008;2;6;1.0;3.0;45,6944490006;5,9004671732;
202100000620.0;1;60;60159;2;1;1.0;1.0;49,3966100000;2,7976200000;
202100000621.0;1;58;58194;2;1;1.0;3.0;46,9937000000;3,1360000000;
202100000622.0;5;33;33162;2;2;2.0;1.0;44,8771471987; -0,6424606859;
202100000623.0;1;02;02615;1;1;2.0;2.0;49,9047620000;3,2485710000;
202100000624.0;1;17;17411;2;1;1.0;6.0;45,8411670000; -1,2051000000;
202100000625.0;2;38;38193;2;6;2.0;3.0;45,6157670000;5,2257160000;
202100000626.0;5;31;31433;2;1;1.0;6.0;43,5206020000;1,3975270000;
202100000627.0;1;74;74106;1;1;1.0;1.0;46,3052980000;6,4687460000;
202100000628.0;1;63;63113;2;1;1.0;6.0;45,8117500000;3,1071400000;
202100000629.0;5;59;59566;2;1;2.0;6.0;50,6285200000;2,9692800000;
202100000630.0;5;30;30007;2;3;1.0;3.0;44,1256000000;4,0889000000;
202100000631.0;1;13;13028;1;3;1.0;3.0;43,1807400000;5,6718200000;
202100000632.0;5;13;13005;1;1;1.0;6.0;43,3033903107;5,5717629971;
202100000633.0;1;09;09207;2;1;1.0;2.0;42,9387420000;1,6246170000;
202100000634.0;1;92;92004;2;1;1.0;3.0;48,9195217800;2,3133140802;
202100000635.0;3;43;43102;1;1;5.0;5.0;45,1771820000;4,1734740000;
202100000636.0;5;77;77317;2;1;1.0;6.0;48,6071460000;2,8905150000;
202100000637.0;3;38;38003;1;1;1.0;6.0;45,3475130000;4,8472950000;
202100000638.0;1;92;92036;2;1;1.0;2.0;48,9144930756;2,2974005342;
202100000639.0;5;92;92036;2;1;1.0;6.0;48,9240100000;2,2859100000;
202100000640.0;5;92;92004;2;1;1.0;2.0;48,9207907407;2,2788155079;
202100000641.0;5;33;33138;2;9;1.0;3.0;45,0380900000; -0,1297900000;
202100000642.0;5;28;28088;2;1;1.0;3.0;48,0763633448;1,3487005234;
202100000643.0;2;07;07216;1;1;1.0;6.0;44,9555107000;4,6842527000;
202100000644.0;1;21;21464;2;2;1.0;6.0;47,1363230000;4,9500010000;
202100000645.0;1;60;60398;2;1;1.0;6.0;49,1579270000;2,2646430000;
202100000646.0;3;59;59178;1;1;1.0;6.0;50,3912420554;3,1242686143;
202100000647.0;1;59;59646;1;1;2.0;6.0;50,6832000000;3,1139000000;
202100000648.0;1;62;62274;1;1;1.0;5.0;50,4321000000;2,9794000000;
202100000649.0;3;59;59636;1;1;8.0;6.0;50,6733606440;3,0419621722;
202100000650.0;1;55;55545;2;1;1.0;7.0;49,1561550000;5,3885370000;
202100000651.0;1;64;64545;2;1;7.0;6.0;43,3760720000; -1,6707940000;
202100000652.0;1;64;64269;2;1;1.0;4.0;43,2990000000; -0,3058100000;
202100000653.0;1;04;04245;2;1;1.0;6.0;43,8671072369;5,8414805605;
202100000654.0;3;57;57757;2;1;2.0;5.0;49,3450000000;6,1770000000;
202100000655.0;1;973;97302;2;1;1.0;3.0;4,9337100000; -52,3103300000;
202100000656.0;1;77;77186;1;6;1.0;7.0;48,4744890000;2,6788500000;
202100000657.0;1;46;46042;2;1;1.0;;44,4430600000;1,4337000000;
202100000658.0;5;12;12145;2;6;2.0;6.0;44,0954482474;3,0764623582;
202100000659.0;3;03;03101;2;1;1.0;3.0;46,3595510000;2,5446220000;
202100000660.0;1;91;91458;1;1;1.0;2.0;48,6645930000;2,2136810000;
202100000661.0;3;41;41223;1;1;5.0;2.0;47,6161730000;1,2034750000;
202100000662.0;2;44;44056;1;3;1.0;1.0;47,4124290000; -1,7703550000;
202100000663.0;1;04;04005;1;1;5.0;7.0;43,9934320000;6,5767980000;
202100000664.0;1;36;36122;1;1;4.0;6.0;47,0964220000;1,8616680000;
202100000665.0;3;45;45175;1;1;1.0;6.0;47,7494060000;1,8609270000;
202100000666.0;1;988;98803;1;1;2.0;5.0; -21,5436100000;165,4676000000;
202100000667.0;1;971;97129;1;9;1.0;3.0;16,2941440000; -61,6706640000;
202100000668.0;1;83;83063;1;1;1.0;3.0;43,3127405678;6,4712691307;
202100000669.0;1;68;68007;1;1;1.0;2.0;48,0589940000;7,4290320000;
202100000670.0;5;38;38316;2;1;1.0;6.0;45,7548580000;5,1778580000;
202100000671.0;1;69;69122;1;1;1.0;2.0;45,9186965428;4,7308158875;
202100000672.0;2;91;91161;1;1;1.0;2.0;48,6978900000;2,3144900000;
202100000673.0;1;13;13047;2;9;1.0;2.0;43,5009200000;4,9938200000;
202100000674.0;1;13;13071;1;1;1.0;3.0;43,4129200000;5,3376100000;
202100000675.0;3;13;13001;2;1;1.0;7.0;43,5056900000;5,4472800000;