Num_Acc;lum;departement;commune;agglomeration;intersection;meteo;type_collision;lat;long;date
202100001005.0;5;53;53130;2;2;1.0;3.0;48,0653100000; -0,7549400000;
202100001006.0;1;50;50129;2;3;1.0;3.0;49,6389000000; -1,6177700000;
202100001007.0;4;49;49099;2;2;1.0;3.0;47,0670500000; -0,8904420000;
202100001008.0;1;49;49246;2;1;2.0;6.0;47,4367000000; -0,5163000000;
202100001009.0;1;49;49007;2;1;1.0;7.0;47,4740400000; -0,5557800000;
202100001010.0;2;49;49246;2;1;1.0;7.0;47,4307098331; -0,5060319903;
202100001011.0;1;49;49353;2;1;1.0;7.0;47,4454700000; -0,5034200000;
202100001012.0;5;45;45208;2;2;8.0;3.0;47,9982600000;2,7463400000;
202100001013.0;5;45;45004;2;1;8.0;3.0;47,9786292612;2,7291959524;
202100001014.0;1;44;44190;2;1;1.0;3.0;47,1977800000; -1,5089100000;
202100001015.0;1;39;39198;2;1;2.0;3.0;47,0955200000;5,4909010000;
202100001016.0;4;35;35238;2;2;1.0;3.0;48,0934800000; -1,6685300000;
202100001017.0;5;35;35238;1;1;1.0;2.0;48,1309880000; -1,7092920000;
202100001018.0;5;35;35238;2;1;1.0;6.0;48,1271100000; -1,6634100000;
202100001019.0;1;35;35238;2;1;1.0;3.0;48,1032700000; -1,7113000000;
202100001020.0;5;35;35238;2;1;2.0;6.0;48,0940700000; -1,6769500000;
202100001021.0;1;34;34032;2;1;1.0;6.0;43,3363000000;3,2220300000;
202100001022.0;5;34;34336;2;1;1.0;3.0;43,3217700000;3,2713000000;
202100001023.0;5;33;33063;2;3;2.0;3.0;44,8742100000; -0,5719400000;
202100001024.0;1;33;33281;2;3;1.0;3.0;44,8387460000; -0,6259430000;
202100001025.0;1;33;33318;2;1;3.0;6.0;44,7862300000; -0,6389000000;
202100001026.0;5;33;33063;2;2;2.0;3.0;44,8350900000; -0,5749900000;
202100001027.0;5;33;33529;2;1;1.0;7.0;44,6341760000; -1,1689740000;
202100001028.0;5;31;31555;2;1;2.0;6.0;43,5817000000;1,3886100000;
202100001029.0;3;29;29232;2;1;2.0;1.0;47,9881200000; -4,0762400000;
202100001030.0;3;29;29039;1;1;2.0;7.0;47,9210708590; -3,9012175799;
202100001031.0;5;29;29019;2;1;3.0;6.0;48,4043310000; -4,5000630000;
202100001032.0;2;27;27229;2;1;2.0;3.0;49,0299700000;1,1534500000;
202100001033.0;1;26;26198;2;1;1.0;6.0;44,5325870000;4,7643870000;
202100001034.0;2;25;25230;2;1;2.0;6.0;47,4945900000;6,8396500000;
202100001035.0;2;24;24102;1;1;1.0;1.0;45,1963200000;0,6516800000;
202100001036.0;5;19;19275;2;7;1.0;1.0;45,5528300000;2,3143700000;
202100001037.0;1;18;18033;2;2;1.0;3.0;47,0997700000;2,4069900000;
202100001038.0;1;14;14699;2;3;1.0;3.0;49,3465940000;0,1008200000;
202100001039.0;1;30;30032;1;3;1.0;1.0;43,7998000000;4,6313000000;
202100001040.0;1;13;13203;2;1;1.0;6.0;43,3148400000;5,3740300000;
202100001041.0;5;13;13213;2;1;2.0;1.0;43,3275300000;5,4268900000;
202100001042.0;5;10;10325;2;9;2.0;3.0;48,2651000000;4,0600000000;
202100001043.0;5;06;06083;2;1;1.0;2.0;43,7726070000;7,4991120000;
202100001044.0;1;06;06030;2;3;2.0;3.0;43,5665800000;6,9933500000;
202100001045.0;2;06;06027;2;1;1.0;4.0;43,6506890000;7,1519550000;
202100001046.0;2;05;05061;2;1;2.0;6.0;44,5389900000;6,0707200000;
202100001047.0;5;03;03185;2;2;2.0;3.0;46,3437500000;2,5997800000;
202100001048.0;2;02;02738;2;2;1.0;3.0;49,6537900000;3,2921100000;
202100001049.0;1;75;75117;2;4;1.0;4.0;48,8834250000;2,2841720000;
202100001050.0;1;75;75116;2;1;1.0;4.0;48,8713380000;2,2731220000;
202100001051.0;1;75;75118;2;1;1.0;2.0;48,9007920000;2,3575700000;
202100001052.0;5;75;75105;2;2;2.0;3.0;48,8384200000;2,3570250000;
202100001053.0;1;75;75105;2;7;8.0;7.0;48,8443190000;2,3649210000;
202100001054.0;1;75;75113;2;3;2.0;6.0;48,8263280000;2,3598250000;
202100001055.0;1;75;75120;2;4;2.0;6.0;48,8641660000;2,3998930000;
202100001056.0;5;75;75120;2;3;1.0;6.0;48,8479290000;2,4113280000;
202100001057.0;5;75;75119;2;3;2.0;3.0;48,8875760000;2,3803290000;
202100001058.0;5;75;75118;2;2;8.0;6.0;48,8915600000;2,3496240000;
202100001059.0;5;75;75117;2;2;1.0;3.0;48,8862020000;2,3177450000;
202100001060.0;1;75;75115;2;2;8.0;7.0;48,8320670000;2,2806780000;
202100001061.0;5;75;75115;2;1;2.0;6.0;48,8434530000;2,3055010000;
202100001062.0;2;75;75112;2;3;1.0;6.0;48,8506350000;2,3788270000;
202100001063.0;5;75;75110;2;2;1.0;3.0;48,8813300000;2,3647220000;
202100001064.0;5;75;75107;2;2;2.0;3.0;48,8624150000;2,3019440000;
202100001065.0;5;75;75104;2;3;2.0;7.0;48,8500900000;2,3589180000;
202100001066.0;5;94;94046;2;3;1.0;3.0;48,7956200000;2,4338300000;
202100001067.0;5;94;94043;2;1;1.0;6.0;48,8104600000;2,3620500000;
202100001068.0;2;94;94034;2;1;2.0;3.0;48,7640300000;2,3182000000;
202100001069.0;1;94;94028;2;1;2.0;6.0;48,7950900000;2,4560600000;
202100001070.0;2;94;94069;2;2;2.0;3.0;48,8149850000;2,4631540000;
202100001071.0;1;93;93073;2;3;2.0;6.0;48,9577000000;2,5730600000;
202100001072.0;5;93;93066;2;1;1.0;6.0;48,9444259916;2,3467421697;
202100001073.0;3;93;93066;2;2;2.0;3.0;48,9154900000;2,3575200000;
202100001074.0;1;93;93064;2;1;2.0;1.0;48,8798090000;2,4695320000;
202100001075.0;5;93;93051;2;2;2.0;1.0;48,8299700000;2,5813100000;
202100001076.0;5;93;93014;2;1;2.0;2.0;48,8977000000;2,5340400000;
202100001077.0;5;93;93057;2;1;2.0;4.0;48,9088732394;2,5012070321;
202100001078.0;2;93;93008;2;9;2.0;3.0;48,9088820000;2,4544350000;
202100001079.0;1;93;93007;2;1;1.0;3.0;48,9442394228;2,4472164978;
202100001080.0;5;93;93005;2;1;2.0;6.0;48,9519990495;2,5206107294;
202100001081.0;5;93;93005;2;1;2.0;6.0;48,9351267255;2,4982470049;
202100001082.0;2;93;93071;2;2;1.0;1.0;48,9444400000;2,5333000000;
202100001083.0;3;93;93001;2;1;2.0;6.0;48,9088953042;2,3868634606;
202100001084.0;5;92;92046;2;2;3.0;3.0;48,8227200000;2,3079050000;
202100001085.0;5;92;92077;2;1;2.0;6.0;48,8219999354;2,1964415163;
202100001086.0;1;92;92063;2;3;1.0;3.0;48,8875181499;2,1853888035;
202100001087.0;1;92;92026;2;1;2.0;3.0;48,9009001428;2,2758328915;
202100001088.0;1;92;92050;2;3;2.0;2.0;48,8986138113;2,2211855650;
202100001089.0;2;92;92044;2;9;2.0;3.0;48,8929217284;2,2941792011;
202100001090.0;5;92;92012;2;5;2.0;2.0;48,8309312499;2,2581772506;
202100001091.0;1;92;92012;2;1;2.0;7.0;48,8408946780;2,2276335955;
202100001092.0;1;92;92004;2;1;1.0;6.0;48,9111961108;2,2932484746;
202100001093.0;1;92;92004;2;1;1.0;6.0;48,9087886318;2,2893753648;
202100001094.0;4;92;92009;2;1;1.0;6.0;48,9264427960;2,2735771537;
202100001095.0;3;37;37030;1;1;2.0;1.0;47,5954851200;0,8614397049;
202100001096.0;3;81;81218;1;1;1.0;1.0;43,8799540000;2,1730610000;
202100001097.0;3;22;22004;1;1;4.0;7.0;48,6180674405; -3,3061981185;
202100001098.0;3;85;85215;1;1;2.0;6.0;46,8751410000; -1,2028430000;
202100001099.0;1;62;62207;1;1;8.0;6.0;50,4424060000;1,7220000000;
202100001100.0;1;80;80368;2;1;3.0;7.0;50,0885560000;1,5471790000;
202100001101.0;1;12;12032;1;4;1.0;3.0;44,3033660000;2,3859640000;
202100001102.0;3;42;42248;1;1;2.0;7.0;45,9060610000;3,8429400000;
202100001103.0;3;47;47246;1;1;1.0;6.0;44,2507090000;0,5493060000;
202100001104.0;5;44;44087;2;1;8.0;6.0;46,9928020000; -1,8170210000;
202100001105.0;1;26;26353;1;6;1.0;3.0;44,6681380000;4,7932580000;
202100001106.0;1;50;50236;1;3;1.0;3.0;49,2918820000; -1,5264020000;
202100001107.0;1;50;50619;2;3;2.0;6.0;49,6211820000; -1,3606580000;
202100001108.0;1;24;24551;2;1;1.0;3.0;45,4155820000;0,9183190000;
202100001109.0;1;37;37046;1;1;8.0;1.0;47,2426831196;1,1225380003;
202100001110.0;2;08;08024;1;1;8.0;7.0;49,4859140000;4,1051530000;
202100001111.0;1;67;67205;1;1;1.0;1.0;48,6778850000;7,7758100000;
202100001112.0;1;03;03118;1;1;1.0;2.0;46,1073980000;3,1393430000;
202100001113.0;1;01;01067;1;1;3.0;3.0;46,1305470000;5,5091460000;
202100001114.0;3;72;72045;1;1;1.0;1.0;48,0189690000; -0,0438170000;
202100001115.0;1;37;37123;1;1;1.0;1.0;47,3755110684;0,3890229017;
202100001116.0;1;63;63113;1;1;1.0;3.0;45,7738990000;3,1402440000;
202100001117.0;3;38;38464;1;1;2.0;2.0;45,5432840000;5,3807900000;
202100001118.0;3;27;27188;1;1;8.0;2.0;49,2910910000;1,1236040000;
202100001119.0;2;34;34009;1;2;1.0;3.0;43,4714905424;3,3755995112;
202100001120.0;1;73;73303;1;1;1.0;6.0;45,7569920000;6,4705180000;
202100001121.0;1;79;79049;2;1;1.0;7.0;46,8343980000; -0,4945190000;
202100001122.0;1;16;16232;1;1;1.0;2.0;45,6772440000;0,2658710000;
202100001123.0;1;33;33498;2;9;1.0;6.0;44,5508420000; -0,8704360000;
202100001124.0;3;27;27412;2;1;1.0;6.0;49,2480270000;1,0835430000;
202100001125.0;1;27;27331;1;2;1.0;3.0;49,1327700000;1,5477740000;
202100001126.0;1;02;02031;1;1;2.0;6.0;49,8496920000;4,1984990000;
202100001127.0;3;13;13071;1;1;1.0;2.0;43,4188476451;5,2726006508;
202100001128.0;5;13;13005;1;1;1.0;2.0;43,2885800000;5,5467000000;
202100001129.0;5;13;13055;1;1;1.0;2.0;43,2922460413;5,4243047731;
202100001130.0;5;33;33487;1;9;8.0;2.0;44,9431650000; -0,4659680000;
202100001131.0;1;33;33318;1;1;2.0;6.0;44,7894100000; -0,6233900000;
202100001132.0;5;33;33013;1;1;3.0;4.0;44,8687200000; -0,5026000000;
202100001133.0;1;33;33192;1;1;1.0;6.0;44,7885200000; -0,6013100000;
202100001134.0;2;91;91471;1;1;2.0;5.0;48,7121000000;2,1834800000;
202100001135.0;1;94;94034;1;9;2.0;3.0;48,7594300000;2,3379500000;
202100001136.0;3;91;91136;1;1;1.0;7.0;48,7161370000;2,2670790000;
202100001137.0;3;91;91521;1;1;1.0;7.0;48,6315400000;2,4003600000;
202100001138.0;1;92;92072;1;1;1.0;6.0;48,8270146574;2,2242258975;
202100001139.0;1;78;78297;1;1;2.0;6.0;48,7881470000;2,0667390000;
202100001140.0;3;78;78238;1;1;1.0;2.0;48,9705800000;1,8843900000;
202100001141.0;1;93;93027;1;1;2.0;1.0;48,9268100000;2,4033700000;
202100001142.0;1;93;93010;1;1;1.0;7.0;48,9062533918;2,4721405579;
202100001143.0;3;95;95582;1;1;1.0;3.0;48,9660426873;2,2575187683;
202100001144.0;1;95;95018;1;1;1.0;6.0;48,9583928081;2,2743201256;
202100001145.0;1;94;94017;1;1;2.0;2.0;48,8276543997;2,5065243244;
202100001146.0;1;94;94017;1;1;1.0;2.0;48,8291211439;2,4817299843;
202100001147.0;1;77;77373;1;1;1.0;2.0;48,7669700000;2,6135300000;
202100001148.0;5;64;64122;2;1;2.0;6.0;43,4786300000; -1,5637600000;
202100001149.0;1;54;54395;2;1;1.0;2.0;48,6860600000;6,1829100000;
202100001150.0;5;92;92004;2;1;1.0;3.0;48,9086965855;2,2850027692;
202100001151.0;1;974;97416;1;1;1.0;3.0; -21,3134910455;55,4386746883;
202100001152.0;5;974;97409;2;2;8.0;3.0; -20,9520400000;55,6488600000;
202100001153.0;5;973;97302;2;2;1.0;3.0;4,9295900000; -52,3151200000;
202100001154.0;5;973;97302;2;1;2.0;6.0;4,9412687438; -52,3031281829;
202100001155.0;5;973;97302;2;1;3.0;2.0;4,9260200000; -52,3243100000;
202100001156.0;5;69;69386;2;2;2.0;3.0;45,7693614549;4,8503673077;
202100001157.0;1;69;69259;2;2;2.0;3.0;45,7182804698;4,8593473434;
202100001158.0;5;972;97213;1;1;1.0;6.0;14,6217580000; -61,0191470000;
202100001159.0;4;972;97209;2;1;1.0;6.0;14,6110800000; -61,0542100000;
202100001160.0;5;69;69385;2;1;2.0;7.0;45,7543617389;4,7838056087;
202100001161.0;1;69;69149;2;3;2.0;6.0;45,7141100000;4,8062800000;
202100001162.0;1;91;91471;2;6;1.0;3.0;48,6849580000;2,1826630000;
202100001163.0;5;91;91477;2;1;2.0;6.0;48,7076600000;2,2406000000;
202100001164.0;5;90;90010;2;2;2.0;3.0;47,6419230000;6,8571340000;
202100001165.0;5;86;86157;1;6;2.0;3.0;46,5531250000;0,3999980000;
202100001166.0;1;80;80261;1;1;9.0;1.0;49,8485600000;2,2718800000;
202100001167.0;1;78;78646;2;1;1.0;6.0;48,7992650000;2,1407820000;
202100001168.0;5;77;77108;2;1;2.0;6.0;48,8747600000;2,5843000000;
202100001169.0;5;76;76217;2;1;1.0;1.0;49,9352600000;1,1087500000;
202100001170.0;1;71;71306;2;1;1.0;7.0;46,6763700000;4,3652800000;
202100001171.0;1;69;69266;2;3;3.0;3.0;45,7549057502;4,8855873942;
202100001172.0;5;69;69290;2;2;2.0;3.0;45,6962700000;4,9260900000;
202100001173.0;5;68;68066;2;1;2.0;6.0;48,0854400000;7,3308700000;
202100001174.0;1;67;67482;2;3;3.0;3.0;48,5919500000;7,7529600000;
202100001175.0;4;67;67267;2;3;2.0;3.0;48,5638400000;7,6894900000;
202100001176.0;5;67;67204;2;1;2.0;6.0;48,6237100000;7,7548700000;
202100001177.0;5;67;67482;2;3;1.0;3.0;48,5950000000;7,7101200000;
202100001178.0;1;66;66136;2;3;1.0;3.0;42,6963000000;2,8836000000;
202100001179.0;1;64;64445;2;1;2.0;7.0;43,2924194061; -0,3717219830;
202100001180.0;3;63;63193;1;1;2.0;1.0;45,7726700000;3,2176600000;
202100001181.0;2;60;60159;1;1;8.0;3.0;49,4028900000;2,8506100000;
202100001182.0;5;59;59017;2;1;2.0;6.0;50,6989580000;2,8883380000;
202100001183.0;1;56;56121;2;1;1.0;6.0;47,7531900000; -3,3739100000;
202100001184.0;5;56;56121;2;6;1.0;3.0;47,7469380000; -3,3660430000;
202100001185.0;1;54;54304;2;1;2.0;3.0;48,6945062069;6,1287982466;
202100001186.0;5;54;54339;2;1;1.0;3.0;48,7249500000;6,1795700000;
202100001187.0;5;49;49007;2;1;1.0;3.0;47,4503100000; -0,5527000000;
202100001188.0;5;41;41018;2;1;8.0;3.0;47,6073070000;1,3025250000;
202100001189.0;1;37;37261;2;2;1.0;3.0;47,3975400000;0,6994600000;
202100001190.0;1;36;36044;2;1;1.0;6.0;46,8044120000;1,6950340000;
202100001191.0;2;36;36044;2;6;1.0;7.0;46,8070600000;1,6878800000;
202100001192.0;1;35;35024;2;6;1.0;7.0;48,1552500000; -1,6252900000;
202100001193.0;1;22;22187;2;1;1.0;5.0;48,5360000000; -2,7601000000;
202100001194.0;1;19;19272;2;1;2.0;6.0;45,2739502357;1,7730045319;
202100001195.0;3;18;18050;1;1;1.0;3.0;47,0530000000;2,3160000000;
202100001196.0;3;17;17200;1;1;3.0;2.0;46,1748500000; -1,1724700000;
202100001197.0;1;17;17449;1;1;8.0;5.0;45,9505520000; -0,8694000000;
202100001198.0;5;13;13206;2;3;1.0;1.0;43,2911900000;5,3827000000;
202100001199.0;3;13;13098;1;1;1.0;1.0;43,4501500000;5,0147400000;
202100001200.0;5;13;13001;2;9;2.0;3.0;43,5343600000;5,4362100000;
202100001201.0;1;11;11069;1;1;1.0;7.0;43,2335100000;2,3687100000;
202100001202.0;5;10;10387;2;1;7.0;7.0;48,2991300000;4,0963300000;
202100001203.0;1;06;06088;2;1;2.0;6.0;43,7083200000;7,2909100000;
202100001204.0;5;05;05061;2;3;2.0;6.0;44,5549200000;6,0745600000;
202100001205.0;5;75;75120;2;2;2.0;2.0;48,8561330000;2,4055050000;
202100001206.0;1;75;75119;2;2;2.0;4.0;48,8827970000;2,3702640000;
202100001207.0;1;75;75115;2;2;1.0;3.0;48,8388640000;2,2693820000;
202100001208.0;5;75;75112;2;3;2.0;3.0;48,8409960000;2,3941010000;
202100001209.0;5;75;75111;2;3;1.0;6.0;48,8611540000;2,3778460000;
202100001210.0;1;75;75109;2;1;1.0;6.0;48,8726240000;2,3320960000;
202100001211.0;1;75;75104;2;2;1.0;3.0;48,8562850000;2,3565990000;
202100001212.0;1;94;94068;2;7;2.0;7.0;48,7941000000;2,4962100000;
202100001213.0;5;94;94037;2;9;2.0;3.0;48,8142200000;2,3495050000;
202100001214.0;1;94;94069;2;1;1.0;6.0;48,8179360000;2,4605000000;
202100001215.0;5;93;93078;2;9;8.0;3.0;48,9746300000;2,5141500000;
202100001216.0;1;93;93055;2;1;8.0;3.0;48,8932843803;2,4131453692;
202100001217.0;1;92;92063;2;1;1.0;2.0;48,8867062875;2,1713407338;
202100001218.0;5;92;92050;2;1;1.0;3.0;48,8879238117;2,2081969678;
202100001219.0;2;92;92050;2;9;2.0;3.0;48,8884946338;2,1839793026;
202100001220.0;1;92;92036;2;2;1.0;2.0;48,9173391926;2,3074601591;
202100001221.0;5;92;92036;2;3;1.0;3.0;48,9358237463;2,2797220945;
202100001222.0;5;92;92024;2;2;3.0;3.0;48,9009178188;2,3080489039;
202100001223.0;1;92;92002;2;7;2.0;4.0;48,7634600000;2,3087600000;
202100001224.0;1;22;22172;2;6;8.0;6.0;48,5210420000; -2,2309700000;
202100001225.0;1;42;42294;1;4;8.0;1.0;46,0160980000;4,1106030000;
202100001226.0;1;972;97231;2;1;1.0;1.0;14,5384740000; -61,0636690000;
202100001227.0;2;54;54067;1;2;2.0;6.0;49,4294540449;5,6862241012;
202100001228.0;4;71;71249;1;1;2.0;3.0;46,6572790000;4,8563430000;
202100001229.0;3;71;71194;1;1;2.0;3.0;46,8362290000;4,8196180000;
202100001230.0;1;41;41231;1;2;1.0;3.0;47,4995610000;1,9895550000;
202100001231.0;3;29;29294;1;1;2.0;6.0;48,4044486579; -4,1437768937;
202100001232.0;5;34;34245;2;2;9.0;1.0;43,4224020000;2,9463070000;
202100001233.0;1;22;22074;2;1;2.0;6.0;48,3335910000; -3,0260150000;
202100001234.0;3;01;01332;1;2;3.0;3.0;46,3033780000;4,9254210000;
202100001235.0;3;90;90063;2;1;2.0;6.0;47,4906450000;6,9793000000;
202100001236.0;1;90;90070;1;4;2.0;1.0;47,4613630000;6,9305650000;
202100001237.0;5;48;48080;2;1;1.0;6.0;44,7247670000;3,8533320000;
202100001238.0;3;31;31091;1;9;1.0;2.0;43,7163020000;1,4019750000;
202100001239.0;1;22;22246;1;9;1.0;2.0;48,4765630000; -2,6081800000;
202100001240.0;3;77;77534;1;1;1.0;1.0;48,6350909062;2,7452921808;
202100001241.0;5;91;91156;2;1;1.0;3.0;48,5505780000;2,2774480000;
202100001242.0;1;13;13014;2;3;1.0;3.0;43,4812510000;5,1761360000;
202100001243.0;3;38;38449;1;1;2.0;1.0;45,6397200000;5,0884190000;
202100001244.0;1;69;69268;1;3;2.0;1.0;45,6532570000;4,7509390000;
202100001245.0;1;79;79049;1;1;5.0;1.0;46,8699180000; -0,3822680000;
202100001246.0;3;33;33425;1;1;2.0;5.0;45,0542350000; -0,4757060000;
202100001247.0;1;60;60446;1;1;8.0;7.0;49,1291900000;2,7930810000;
202100001248.0;5;83;83069;1;1;1.0;2.0;43,1133420000;6,1249700000;
202100001249.0;5;33;33249;1;1;2.0;6.0;44,8850000000; -0,5113900000;
202100001250.0;1;91;91228;1;1;2.0;2.0;48,6183900000;2,4275300000;
202100001251.0;1;91;91645;1;1;2.0;2.0;48,7598784006;2,2696311721;
202100001252.0;1;78;78423;1;1;2.0;6.0;48,7934940000;2,0406720000;
202100001253.0;1;78;78524;1;9;2.0;6.0;48,8401310000;2,1117030000;
202100001254.0;5;92;92064;1;1;2.0;6.0;48,8475688239;2,2246082930;
202100001255.0;3;92;92036;1;1;2.0;6.0;48,9341712069;2,2714914867;
202100001256.0;5;92;92063;1;1;2.0;6.0;48,8716400000;2,1576200000;
202100001257.0;5;92;92063;2;1;2.0;6.0;48,8831981785;2,1656664071;
202100001258.0;1;95;95572;1;1;2.0;7.0;49,0339240000;2,1115630000;
202100001259.0;1;93;93027;1;1;1.0;7.0;48,9268900000;2,4033800000;
202100001260.0;2;93;93027;1;1;2.0;7.0;48,9285700000;2,4155400000;
202100001261.0;3;95;95572;1;1;2.0;2.0;49,0328974301;2,1075081825;
202100001262.0;1;77;77249;1;1;1.0;4.0;48,7515600000;2,6146600000;
202100001263.0;1;94;94017;1;1;2.0;4.0;48,8277200000;2,5078800000;
202100001264.0;1;94;94022;1;1;2.0;3.0;48,7767552990;2,4185973987;
202100001265.0;3;77;77373;1;1;2.0;3.0;48,7737200000;2,6119100000;
202100001266.0;5;974;97411;2;2;1.0;3.0; -20,8857100000;55,4732100000;
202100001267.0;1;974;97411;2;1;1.0;4.0; -20,8858100000;55,4738600000;
202100001268.0;1;974;97411;2;1;1.0;7.0; -20,9165000000;55,3980000000;
202100001269.0;3;974;97407;2;1;1.0;6.0; -20,9452400000;55,2926600000;
202100001270.0;5;974;97407;2;1;1.0;7.0; -20,9429000000;55,2919100000;
202100001271.0;1;973;97302;2;1;1.0;3.0;4,9207700000; -52,3126400000;
202100001272.0;5;69;69383;2;2;2.0;3.0;45,7536000000;4,8953000000;
202100001273.0;1;69;69388;2;9;1.0;2.0;45,7353400000;4,8826200000;
202100001274.0;4;971;97101;1;1;1.0;7.0;16,2455749292; -61,4945501089;
202100001275.0;3;2A;2A004;2;1;2.0;1.0;41,9305608627;8,7795795695;
202100001276.0;1;95;95539;2;1;2.0;4.0;48,9921000000;2,3602800000;
202100001277.0;5;83;83137;2;1;1.0;3.0;43,1256500000;5,9459100000;
202100001278.0;5;79;79259;1;2;1.0;3.0;46,9599300000; -0,2087700000;
202100001279.0;5;76;76540;2;1;1.0;3.0;49,4406935215;1,1310017108;
202100001280.0;5;73;73008;2;6;2.0;3.0;45,6994300000;5,9042800000;
202100001281.0;1;69;69290;2;9;1.0;6.0;45,6943900000;4,9428800000;
202100001282.0;2;61;61006;2;3;2.0;6.0;48,7468300000; -0,0259600000;
202100001283.0;5;59;59599;2;1;1.0;6.0;50,7277200000;3,1748300000;
202100001284.0;5;49;49007;2;2;1.0;3.0;47,4786000000; -0,5562100000;
202100001285.0;1;48;48095;1;1;8.0;7.0;44,5038300000;3,5123900000;
202100001286.0;1;45;45234;2;2;1.0;6.0;47,8979900000;1,9046200000;
202100001287.0;5;44;44109;2;1;2.0;3.0;47,2229500000; -1,6027000000;
202100001288.0;1;35;35051;1;1;2.0;2.0;48,1136100000; -1,5523550000;
202100001289.0;5;13;13001;2;1;1.0;1.0;43,4760200000;5,4138100000;
202100001290.0;5;06;06069;1;1;1.0;6.0;43,6260660000;6,9274910000;
202100001291.0;1;75;75112;2;4;2.0;6.0;48,8279270000;2,3948220000;
202100001292.0;3;75;75117;2;4;2.0;2.0;48,8874970000;2,3255920000;
202100001293.0;5;75;75115;2;2;2.0;3.0;48,8467590000;2,2856470000;
202100001294.0;5;75;75113;2;2;3.0;2.0;48,8201280000;2,3646550000;
202100001295.0;5;75;75111;2;7;2.0;2.0;48,8579700000;2,3803660000;
202100001296.0;5;75;75110;2;2;1.0;6.0;48,8785180000;2,3540540000;
202100001297.0;1;75;75110;2;3;1.0;2.0;48,8725630000;2,3762230000;
202100001298.0;1;75;75104;2;7;1.0;3.0;48,8532630000;2,3686020000;
202100001299.0;5;94;94034;2;1;2.0;6.0;48,7557700000;2,3280200000;
202100001300.0;1;93;93066;2;1;8.0;2.0;48,9457800000;2,3657700000;
202100001301.0;5;93;93032;2;3;1.0;2.0;48,8744300000;2,5668400000;
202100001302.0;1;92;92072;2;1;2.0;6.0;48,8282738716;2,2264212370;
202100001303.0;5;92;92050;2;2;2.0;3.0;48,8893500000;2,2041500000;
202100001304.0;3;76;76517;1;9;2.0;4.0;49,5050360000;1,1779400000;
202100001305.0;3;06;06019;2;3;8.0;1.0;43,7703580000;7,3327460000;
202100001306.0;2;71;71145;1;1;8.0;6.0;46,5364328659;4,6858385195;
202100001307.0;1;68;68269;2;1;1.0;6.0;48,1937440000;7,3227610000;
202100001308.0;1;01;01194;2;3;1.0;3.0;45,9889520000;4,7569410000;
202100001309.0;1;34;34239;1;1;2.0;5.0;43,6559070000;3,5209490000;
202100001310.0;1;15;15187;1;1;7.0;2.0;45,0599530000;3,1105900000;
202100001311.0;1;32;32033;1;3;2.0;5.0;43,6698660000;0,3384630000;
202100001312.0;3;71;71221;1;1;3.0;5.0;46,7652800000;4,7720580000;
202100001313.0;3;61;61348;1;3;2.0;3.0;48,5023350000;0,5741430000;
202100001314.0;1;39;39448;1;1;2.0;1.0;47,0037880000;5,5101100000;
202100001315.0;3;25;25002;1;1;2.0;6.0;47,1379790000;5,8905170000;
202100001316.0;1;44;44048;1;1;8.0;6.0;47,3770230000; -1,2786250000;
202100001317.0;3;31;31183;1;1;1.0;6.0;43,0935950000;0,9121170000;
202100001318.0;5;38;38499;2;1;3.0;6.0;44,9259940000;5,7781110000;
202100001319.0;5;01;01266;2;2;2.0;6.0;46,3359538903;5,1292540133;
202100001320.0;1;01;01321;2;2;2.0;6.0;46,1627184045;5,3296780586;
202100001321.0;2;72;72230;1;1;2.0;2.0;47,8538430000;0,0987270000;
202100001322.0;1;50;50618;1;2;1.0;2.0;49,6688220000; -1,3696000000;
202100001323.0;3;36;36154;1;4;3.0;6.0;46,5933200000;1,5540290000;
202100001324.0;1;40;40255;1;1;3.0;1.0;43,8866970000; -0,3347830000;
202100001325.0;1;67;67152;2;1;2.0;1.0;48,5313350000;7,6898660000;
202100001326.0;3;01;01091;1;1;2.0;3.0;46,1554150000;5,7846880000;
202100001327.0;1;976;97614;1;1;1.0;3.0; -12,8205370000;45,1296420000;
202100001328.0;1;69;69242;1;1;2.0;2.0;46,1275080000;4,7646760000;
202100001329.0;3;60;60541;1;9;3.0;3.0;49,2941210000;2,6906850000;
202100001330.0;1;987;98729;2;1;1.0;3.0; -17,4782950000; -149,7790520000;
202100001331.0;1;987;98729;2;3;1.0;3.0; -17,4949440000; -149,7632750000;
202100001332.0;3;977;97701;1;1;1.0;1.0;17,9103310000; -62,8140310000;