Num_Acc;lum;departement;commune;agglomeration;intersection;meteo;type_collision;lat;long;date
202100001333.0;2;13;13088;2;3;1.0;3.0;43,3680740000;5,2510040000;
202100001334.0;1;66;66145;1;1;1.0;6.0;42,6340810000;2,8180470000;
202100001335.0;3;13;13097;1;3;5.0;1.0;43,6656990000;4,7985360000;
202100001336.0;3;55;55351;1;1;1.0;3.0;49,5362110000;5,3607490000;
202100001337.0;3;44;44035;2;3;1.0;6.0;47,3013320000; -1,5534720000;
202100001338.0;1;33;33389;1;1;2.0;6.0;45,3157850000; -0,6330230000;
202100001339.0;4;29;29103;2;1;6.0;6.0;48,4489089508; -4,2583765983;
202100001340.0;1;62;62089;1;1;1.0;1.0;50,8310550000;1,6568010000;
202100001341.0;3;13;13071;1;1;1.0;4.0;43,4044260000;5,3166300000;
202100001342.0;3;13;13215;1;1;1.0;2.0;43,3249640000;5,3618890000;
202100001343.0;4;13;13055;2;1;3.0;6.0;43,3298300000;5,4073200000;
202100001344.0;5;94;94034;1;1;2.0;4.0;48,7604800000;2,3198800000;
202100001345.0;2;91;91340;1;1;2.0;3.0;48,6089200000;2,4353000000;
202100001346.0;1;91;91064;1;1;1.0;7.0;48,7501090000;2,2035170000;
202100001347.0;1;91;91377;1;1;8.0;4.0;48,7289500000;2,2946800000;
202100001348.0;1;91;91521;1;1;2.0;6.0;48,6340500000;2,4005600000;
202100001349.0;1;91;91521;1;1;2.0;7.0;48,6351100000;2,4056000000;
202100001350.0;3;93;93027;1;1;2.0;3.0;48,9284100000;2,4132100000;
202100001351.0;3;95;95277;1;1;2.0;2.0;48,9834466029;2,5014495850;
202100001352.0;1;95;95219;1;1;8.0;6.0;48,9895015713;2,2440755367;
202100001353.0;1;95;95572;1;1;2.0;6.0;49,0285600000;2,1279000000;
202100001354.0;1;92;92036;1;1;1.0;2.0;48,9378886633;2,2976672190;
202100001355.0;1;93;93027;1;1;2.0;6.0;48,9270300000;2,4028700000;
202100001356.0;3;95;95527;1;1;2.0;6.0;48,9854650074;2,5034236908;
202100001357.0;1;93;93078;1;1;1.0;1.0;48,9587000000;2,5265200000;
202100001358.0;1;60;60631;1;1;2.0;3.0;49,1558464804;2,5901783690;
202100001359.0;3;77;77514;1;1;5.0;6.0;48,9529986822;2,6280130814;
202100001360.0;3;974;97411;2;3;1.0;2.0; -20,8892300000;55,4629000000;
202100001361.0;5;974;97409;2;1;1.0;2.0; -20,9423000000;55,6538300000;
202100001362.0;5;974;97409;2;1;8.0;; -20,9501040000;55,6485940000;
202100001363.0;1;974;97407;1;1;2.0;7.0; -20,9534000000;55,3049800000;
202100001364.0;1;973;97302;2;1;1.0;3.0;4,9156500000; -52,3211600000;
202100001365.0;1;69;69199;2;1;1.0;6.0;45,7107400000;4,8467900000;
202100001366.0;5;91;91103;2;9;1.0;3.0;48,6033200000;2,3064800000;
202100001367.0;1;91;91345;2;2;2.0;3.0;48,6825800000;2,3110100000;
202100001368.0;3;91;91223;1;1;1.0;7.0;48,4251100000;2,1133200000;
202100001369.0;1;79;79191;2;2;1.0;7.0;46,3197300000; -0,4858800000;
202100001370.0;1;76;76217;2;1;1.0;7.0;49,9233452925;1,0720789433;
202100001371.0;1;64;64122;2;1;1.0;3.0;43,4811700000; -1,5587500000;
202100001372.0;1;45;45274;1;3;1.0;1.0;47,8629700000;1,9727500000;
202100001373.0;1;25;25230;2;1;8.0;6.0;47,5013200000;6,8425200000;
202100001374.0;3;25;25056;1;1;3.0;7.0;47,2358900000;6,0415100000;
202100001375.0;1;19;19275;2;1;1.0;6.0;45,5472624060;2,3092598386;
202100001376.0;1;13;13071;2;3;8.0;3.0;43,3920800000;5,3413100000;
202100001377.0;2;13;13004;2;2;8.0;3.0;43,6600000000;4,6300000000;
202100001378.0;1;75;75119;2;1;2.0;6.0;48,8722880000;2,3775870000;
202100001379.0;1;75;75120;2;1;2.0;3.0;48,8631620000;2,3885830000;
202100001380.0;5;75;75118;2;4;8.0;2.0;48,8994660000;2,3594100000;
202100001381.0;5;75;75117;2;2;8.0;2.0;48,8795470000;2,3049810000;
202100001382.0;5;75;75117;2;2;2.0;6.0;48,8943280000;2,3138180000;
202100001383.0;1;94;94028;2;1;8.0;3.0;48,7977800000;2,4643800000;
202100001384.0;2;93;93073;1;1;2.0;2.0;49,0017219175;2,5369620323;
202100001385.0;5;93;93066;2;1;2.0;4.0;48,9398326331;2,3565347311;
202100001386.0;5;93;93053;2;3;2.0;3.0;48,8954700000;2,4436400000;
202100001387.0;1;93;93033;2;2;2.0;3.0;48,8607800000;2,5826000000;
202100001388.0;3;92;92078;2;1;2.0;6.0;48,9427518401;2,3186463118;
202100001389.0;5;92;92050;2;3;1.0;6.0;48,8993985029;2,2091048956;
202100001390.0;5;92;92007;2;1;8.0;3.0;48,7885482586;2,3169726133;
202100001391.0;3;10;10191;1;9;1.0;6.0;48,3356270000;4,1003040000;
202100001392.0;5;974;97404;2;6;1.0;3.0; -21,2626470000;55,3620270000;
202100001393.0;1;972;97231;1;1;1.0;5.0;14,5288780000; -61,0170790000;
202100001394.0;3;33;33095;1;1;1.0;2.0;44,2638580000; -0,2411990000;
202100001395.0;1;47;47108;1;1;5.0;5.0;44,4894340000;0,1327750000;
202100001396.0;3;62;62712;1;2;5.0;6.0;50,2249160000;2,6803740000;
202100001397.0;1;56;56165;1;1;1.0;6.0;47,9201670000; -2,3571680000;
202100001398.0;1;2B;2B096;1;1;2.0;7.0;42,2947069905;9,1613423817;
202100001399.0;1;82;82168;1;1;9.0;7.0;44,2254710000;1,0138760000;
202100001400.0;3;71;71482;1;1;2.0;6.0;46,8543690000;4,3190590000;
202100001401.0;5;63;63010;2;1;1.0;6.0;45,4113120000;3,7246660000;
202100001402.0;3;47;47297;1;1;1.0;6.0;44,3321290000;0,6298260000;
202100001403.0;3;22;22061;1;1;5.0;6.0;48,1726683800; -3,3700132300;
202100001404.0;3;03;03163;1;1;1.0;2.0;46,0369490000;3,4753220000;
202100001405.0;2;85;85064;1;1;1.0;6.0;46,8285850000; -1,2233880000;
202100001406.0;1;58;58266;1;1;3.0;7.0;47,1975750000;3,5080020000;
202100001407.0;3;14;14124;1;1;2.0;6.0;49,3308300000; -1,0258860000;
202100001408.0;1;16;16337;1;1;2.0;5.0;45,9513709834;0,7140469551;
202100001409.0;2;04;04013;1;1;8.0;1.0;44,1135340000;5,9968830000;
202100001410.0;2;37;37050;2;3;2.0;1.0;47,3424855464;0,7148952037;
202100001411.0;3;30;30228;1;1;5.0;1.0;43,9422000000;4,3187000000;
202100001412.0;1;18;18167;1;9;1.0;6.0;47,1141130000;1,9024160000;
202100001413.0;3;82;82052;1;1;2.0;2.0;44,0051780000;1,2206630000;
202100001414.0;2;49;49323;1;6;1.0;2.0;47,4974300000; -0,4929900000;
202100001415.0;2;987;98748;1;1;1.0;3.0; -17,8272130000; -149,2423950000;
202100001416.0;5;988;98817;2;1;1.0;6.0; -22,2293170000;166,5236910000;
202100001417.0;3;988;98821;1;4;1.0;7.0; -22,1638680000;166,3845710000;
202100001418.0;1;986;98613;1;1;1.0;6.0; -13,2671070000; -176,1809120000;
202100001419.0;1;976;97607;1;1;1.0;5.0; -12,8371590000;45,1791070000;
202100001420.0;5;973;97305;2;1;2.0;6.0;4,9849231622; -52,4867543578;
202100001421.0;5;37;37027;2;1;3.0;6.0;47,2973408206;1,0125774890;
202100001422.0;1;13;13096;1;1;1.0;2.0;43,4505430000;4,4106890000;
202100001423.0;1;13;13027;2;1;3.0;5.0;43,8857230000;4,8666430000;
202100001424.0;2;26;26165;1;1;8.0;6.0;44,7807080000;4,8168180000;
202100001425.0;5;38;38158;2;1;1.0;6.0;45,1614600000;5,7545240000;
202100001426.0;1;64;64252;2;1;8.0;6.0;43,1602240000; -0,6002120000;
202100001427.0;3;35;35363;1;9;8.0;6.0;48,0054510000; -1,7079450000;
202100001428.0;1;13;13215;1;1;1.0;5.0;43,3318300000;5,3544700000;
202100001429.0;3;13;13117;1;1;1.0;2.0;43,4490800000;5,2402800000;
202100001430.0;5;33;33063;1;1;1.0;2.0;44,8840870000; -0,5578970000;
202100001431.0;1;91;91136;1;1;2.0;7.0;48,7108860000;2,2881460000;
202100001432.0;3;92;92064;1;1;1.0;7.0;48,8369848767;2,1873915074;
202100001433.0;2;93;93029;1;1;2.0;1.0;48,9273700000;2,4188800000;
202100001434.0;1;95;95277;1;1;2.0;2.0;48,9775317373;2,4661302567;
202100001435.0;1;95;95572;1;1;1.0;6.0;49,0308598442;2,1211767197;
202100001436.0;1;93;93005;1;1;1.0;7.0;48,9719700000;2,4951600000;
202100001437.0;5;94;94046;1;1;1.0;6.0;48,8085628803;2,4490578633;
202100001438.0;3;94;94073;1;1;2.0;6.0;48,7701146919;2,3822327243;
202100001439.0;1;94;94065;1;1;1.0;2.0;48,7535043338;2,3613490863;
202100001440.0;1;974;97411;2;2;2.0;3.0; -20,8826200000;55,4543200000;
202100001441.0;1;973;97309;2;1;1.0;5.0;4,9179100000; -52,3071400000;
202100001442.0;1;972;97213;2;2;1.0;3.0;14,6169320000; -60,9967010000;
202100001443.0;1;69;69385;2;1;1.0;1.0;45,7504200000;4,8141300000;
202100001444.0;1;69;69382;2;1;1.0;6.0;45,7581400000;4,8304900000;
202100001445.0;1;971;97113;1;3;1.0;3.0;16,2217300000; -61,5229600000;
202100001446.0;5;971;97113;2;9;1.0;6.0;16,2180600000; -61,5159400000;
202100001447.0;5;95;95268;2;2;1.0;3.0;48,9766700000;2,3920300000;
202100001448.0;5;95;95598;2;1;8.0;2.0;48,9928440000;2,3107340000;
202100001449.0;5;95;95218;2;2;1.0;6.0;49,0184900000;2,0961500000;
202100001450.0;1;91;91201;2;2;1.0;3.0;48,6846600000;2,4156500000;
202100001451.0;1;91;91657;2;1;1.0;3.0;48,7067700000;2,4210300000;
202100001452.0;1;86;86194;2;1;1.0;3.0;46,5912820000;0,3584000000;
202100001453.0;1;81;81033;2;4;1.0;1.0;44,0270500000;2,1286300000;
202100001454.0;5;76;76231;2;1;2.0;7.0;49,2735300000;0,9975000000;
202100001455.0;1;76;76540;2;1;1.0;1.0;49,4326100000;1,0895700000;
202100001456.0;1;72;72181;2;2;1.0;6.0;48,0140000000;0,2210000000;
202100001457.0;1;66;66136;2;1;1.0;1.0;42,6810800000;2,8520000000;
202100001458.0;1;64;64445;2;3;1.0;3.0;43,3212500000; -0,3399600000;
202100001459.0;5;63;63113;2;1;1.0;7.0;45,7788900000;3,1086700000;
202100001460.0;5;63;63113;2;1;1.0;6.0;45,7702700000;3,0919100000;
202100001461.0;2;59;59512;2;7;2.0;6.0;50,6892986850;3,1970214844;
202100001462.0;5;59;59203;2;3;1.0;3.0;50,3600504607;3,3087139829;
202100001463.0;2;54;54395;2;1;1.0;6.0;48,6778100000;6,2024200000;
202100001464.0;1;54;54395;2;6;2.0;3.0;48,6862400000;6,1918600000;
202100001465.0;1;49;49353;2;4;1.0;3.0;47,4541800000; -0,4828300000;
202100001466.0;1;49;49246;2;1;1.0;3.0;47,4453600000; -0,5268900000;
202100001467.0;2;49;49015;2;1;1.0;3.0;47,5067900000; -0,5898300000;
202100001468.0;5;47;47323;2;1;8.0;3.0;44,4014080000;0,7055880000;
202100001469.0;5;47;47001;2;1;2.0;1.0;44,2090000000;0,6202000000;
202100001470.0;1;45;45234;2;1;1.0;7.0;47,9018700000;1,9141600000;
202100001471.0;2;45;45234;2;6;2.0;2.0;47,8889816667;1,8959140778;
202100001472.0;1;42;42218;2;9;1.0;6.0;45,4232100000;4,3905600000;
202100001473.0;5;42;42218;2;2;1.0;6.0;45,4468400000;4,3836100000;
202100001474.0;5;42;42218;2;4;2.0;2.0;45,4542600000;4,4001200000;
202100001475.0;5;38;38185;2;2;2.0;3.0;45,1600000000;5,7000000000;
202100001476.0;1;38;38169;2;2;8.0;3.0;45,1943900000;5,6946300000;
202100001477.0;1;35;35093;2;3;1.0;6.0;48,6317000000; -2,0551700000;
202100001478.0;1;33;33281;2;1;1.0;3.0;44,8343800000; -0,6408400000;
202100001479.0;5;33;33013;2;3;1.0;3.0;44,8647000000; -0,4979800000;
202100001480.0;1;31;31555;2;1;1.0;2.0;43,6079400000;1,4558300000;
202100001481.0;1;29;29232;1;1;1.0;6.0;48,0396900000; -4,1223100000;
202100001482.0;1;29;29019;2;6;1.0;3.0;48,4124000000; -4,4756000000;
202100001483.0;5;29;29019;2;3;1.0;1.0;48,3859750000; -4,5329910000;
202100001484.0;1;25;25056;2;2;1.0;3.0;47,2287380000;6,0071950000;
202100001485.0;1;22;22187;1;3;2.0;3.0;48,5410686172; -2,8314514152;
202100001486.0;5;13;13205;2;1;2.0;6.0;43,2958500000;5,4111000000;
202100001487.0;5;10;10387;2;3;2.0;3.0;48,2706900000;4,0847200000;
202100001488.0;1;07;07186;2;4;2.0;6.0;44,7364300000;4,5982600000;
202100001489.0;1;07;07116;1;1;1.0;3.0;44,6396600000;4,3721000000;
202100001490.0;5;06;06088;2;8;1.0;7.0;43,7061100000;7,2644500000;
202100001491.0;1;06;06069;2;1;2.0;6.0;43,6560230000;6,9153890000;
202100001492.0;1;06;06069;2;1;2.0;3.0;43,6473070000;6,9368910000;
202100001493.0;1;75;75115;2;1;1.0;6.0;48,8352980000;2,2721990000;
202100001494.0;1;75;75120;2;2;2.0;3.0;48,8647940000;2,4013130000;
202100001495.0;5;75;75115;2;4;2.0;7.0;48,8356130000;2,3027780000;
202100001496.0;1;75;75113;2;2;2.0;1.0;48,8271870000;2,3800480000;
202100001497.0;5;75;75112;2;2;2.0;6.0;48,8336050000;2,3822200000;
202100001498.0;1;75;75111;2;3;8.0;6.0;48,8506040000;2,3922010000;
202100001499.0;2;75;75111;2;2;2.0;6.0;48,8543300000;2,3714340000;
202100001500.0;5;75;75108;2;2;3.0;6.0;48,8705200000;2,3052950000;
202100001501.0;1;75;75101;2;5;1.0;2.0;48,8697970000;2,3281510000;
202100001502.0;1;75;75110;2;4;1.0;6.0;48,8697060000;2,3519420000;
202100001503.0;1;75;75102;2;4;1.0;3.0;48,8717220000;2,3416200000;
202100001504.0;5;94;94068;2;2;1.0;3.0;48,7920800000;2,4971500000;
202100001505.0;1;94;94021;2;1;1.0;6.0;48,7659110343;2,3374915123;
202100001506.0;1;94;94043;2;1;2.0;3.0;48,8137800000;2,3607300000;
202100001507.0;5;94;94044;2;1;1.0;6.0;48,7513693649;2,5005269051;
202100001508.0;1;94;94002;2;2;1.0;3.0;48,7998400000;2,4270800000;
202100001509.0;1;93;93046;2;1;8.0;1.0;48,9098860000;2,5288980000;
202100001510.0;5;93;93031;2;1;2.0;6.0;48,9561095866;2,3085474378;
202100001511.0;1;93;93029;2;1;1.0;6.0;48,9342208295;2,4559570156;
202100001512.0;1;92;92078;2;3;1.0;3.0;48,9297870821;2,3258788884;
202100001513.0;1;92;92072;2;1;2.0;7.0;48,8264877649;2,2266277671;
202100001514.0;3;36;36057;1;1;2.0;6.0;46,8803760000;1,7241800000;
202100001515.0;3;41;41040;1;1;2.0;3.0;47,6566870000;1,2701980000;
202100001516.0;1;972;97215;2;1;1.0;7.0;14,8768670000; -61,1393080000;
202100001517.0;3;974;97414;2;1;1.0;1.0; -21,2871960000;55,4089240000;
202100001518.0;3;58;58002;1;1;9.0;7.0;47,4335890000;3,0728890000;
202100001519.0;3;19;19019;1;1;1.0;6.0;44,9884730000;1,8230490000;
202100001520.0;1;56;56178;2;1;1.0;5.0;48,0521360000; -2,9593560000;
202100001521.0;1;65;65278;1;1;1.0;6.0;43,0452290000;0,3006430000;
202100001522.0;1;61;61214;1;6;8.0;7.0;48,7475300000;0,5954070000;
202100001523.0;1;61;61487;1;1;2.0;6.0;48,5378560000; -0,6653270000;
202100001524.0;1;61;61494;2;4;2.0;3.0;48,8447480000;0,0289360000;
202100001525.0;1;42;42149;2;3;7.0;6.0;45,6439060000;4,2357550000;
202100001526.0;1;34;34178;1;1;1.0;6.0;43,4418150000;3,1194570000;
202100001527.0;3;44;44069;2;1;2.0;6.0;47,3170140000; -2,4474080000;
202100001528.0;3;35;35203;1;1;2.0;6.0;48,1714450000; -1,9723680000;
202100001529.0;1;29;29240;1;1;8.0;1.0;48,2826290000; -4,2483080000;
202100001530.0;1;38;38034;2;2;1.0;3.0;45,3413020000;5,0636030000;
202100001531.0;5;90;90041;2;1;2.0;6.0;47,7222670000;6,9143540000;
202100001532.0;1;21;21640;2;1;2.0;1.0;47,4940570000;4,2220000000;
202100001533.0;1;24;24229;1;1;1.0;1.0;45,1270850000;1,2543080000;
202100001534.0;2;24;24217;1;1;1.0;7.0;44,9435470000;0,9014260000;
202100001535.0;3;85;85244;1;2;2.0;3.0;46,4316880000; -0,7313010000;
202100001536.0;1;85;85267;1;1;2.0;7.0;46,3492010000; -1,0850880000;
202100001537.0;1;33;33447;1;1;1.0;2.0;45,0081680000; -0,0489290000;
202100001538.0;1;13;13080;1;1;1.0;7.0;43,6599280000;5,4767540000;
202100001539.0;1;63;63164;1;1;8.0;6.0;45,8260844610;3,1580382586;
202100001540.0;5;34;34337;1;4;9.0;1.0;43,5546270000;3,8446380000;
202100001541.0;1;973;97309;2;1;1.0;3.0;4,9233900000; -52,2830400000;
202100001542.0;3;973;97309;2;1;1.0;2.0;4,9037380000; -52,3047390000;
202100001543.0;3;82;82028;1;1;1.0;3.0;43,8632400000;1,3185450000;
202100001544.0;3;30;30169;1;1;2.0;3.0;43,7951060000;4,3056960000;
202100001545.0;3;13;13087;1;1;2.0;2.0;43,4766810000;5,6192090000;
202100001546.0;1;68;68278;2;3;1.0;6.0;47,7450860000;7,3994170000;
202100001547.0;3;27;27612;1;1;5.0;7.0;49,0715430000;1,4062980000;
202100001548.0;1;987;98729;2;1;1.0;1.0; -17,5120700000; -149,8157680000;
202100001549.0;1;974;97422;1;3;8.0;1.0; -21,2079240000;55,5675010000;
202100001550.0;5;971;97119;1;1;1.0;6.0;16,3711281058; -61,4674168825;
202100001551.0;1;13;13033;1;1;1.0;7.0;43,3679650000;5,1841740000;
202100001552.0;5;2A;2A247;1;1;1.0;6.0;41,5673540000;9,2564640000;
202100001553.0;1;34;34004;1;1;1.0;7.0;43,3473710000;2,8512950000;
202100001554.0;1;07;07152;1;1;2.0;6.0;45,0424910000;4,8233390000;
202100001555.0;5;27;27165;2;3;8.0;6.0;48,9723540000;0,9464820000;
202100001556.0;3;80;80185;1;2;2.0;3.0;49,7153090000;2,8396340000;
202100001557.0;1;13;13081;1;1;2.0;2.0;43,4976650000;5,2389900000;
202100001558.0;1;13;13005;1;1;3.0;1.0;43,2731000000;5,5890000000;
202100001559.0;1;83;83137;1;1;1.0;3.0;43,1203720000;5,9497370000;
202100001560.0;3;69;69296;1;1;1.0;2.0;45,6408300000;4,8257900000;
202100001561.0;3;69;69081;1;1;1.0;2.0;45,7932200000;4,7812500000;
202100001562.0;1;33;33096;1;1;1.0;3.0;44,9032000000; -0,4932400000;
202100001563.0;2;91;91689;1;1;1.0;3.0;48,7398310000;2,3202040000;
202100001564.0;1;91;91659;1;1;2.0;7.0;48,5865140000;2,4515430000;
202100001565.0;3;92;92072;1;1;1.0;6.0;48,8223943150;2,2223572941;
202100001566.0;3;93;93005;1;1;3.0;6.0;48,9602600000;2,4670100000;
202100001567.0;1;988;98818;2;1;1.0;2.0; -22,2715500000;166,4514500000;
202100001568.0;1;988;98818;2;2;1.0;6.0; -22,2726200000;166,4401500000;
202100001569.0;1;973;97302;2;1;1.0;1.0;4,9376200000; -52,3241600000;
202100001570.0;1;973;97302;2;2;1.0;3.0;4,9393400000; -52,3184200000;
202100001571.0;1;69;69199;2;2;1.0;6.0;45,7120100000;4,8550800000;
202100001572.0;1;69;69259;2;1;1.0;3.0;45,7193400000;4,8555200000;
202100001573.0;1;69;69383;2;1;1.0;3.0;45,7596800000;4,8495000000;
202100001574.0;5;69;69383;2;1;1.0;6.0;45,7605900000;4,8626200000;
202100001575.0;5;69;69259;2;2;1.0;6.0;45,7112500000;4,9014400000;
202100001576.0;1;972;97213;1;1;1.0;2.0;14,6160500000; -61,0154800000;
202100001577.0;5;2B;2B033;2;1;1.0;6.0;42,6947800000;9,4522100000;
202100001578.0;1;971;97120;2;1;1.0;6.0;16,2250400000; -61,5271400000;
202100001579.0;5;2A;2A004;2;6;2.0;6.0;41,9351200000;8,7532400000;
202100001580.0;5;87;87085;2;1;1.0;7.0;45,8315700000;1,2518800000;
202100001581.0;5;87;87085;2;1;1.0;2.0;45,8496800000;1,2763600000;
202100001582.0;1;73;73031;2;1;1.0;6.0;45,5745500000;5,9452300000;
202100001583.0;5;69;69256;2;1;5.0;6.0;45,7846202890;4,9323651195;
202100001584.0;2;69;69256;2;1;1.0;6.0;45,7719400000;4,9108300000;
202100001585.0;1;66;66136;2;1;1.0;4.0;42,6967400000;2,8881500000;
202100001586.0;1;66;66136;2;1;1.0;2.0;42,7198000000;2,8865600000;
202100001587.0;1;65;65440;2;7;1.0;3.0;43,2289800000;0,0835400000;
202100001588.0;5;64;64041;2;1;1.0;2.0;43,2803900000; -0,3300100000;
202100001589.0;1;64;64445;2;1;1.0;2.0;43,3116138159; -0,3772902489;
202100001590.0;2;64;64445;2;3;1.0;3.0;43,3450700000; -0,3797700000;
202100001591.0;2;64;64140;2;1;1.0;3.0;43,5286800000; -1,4793900000;
202100001592.0;1;63;63113;1;9;8.0;2.0;45,7717100000;3,1184700000;
202100001593.0;5;61;61001;2;1;1.0;2.0;48,4404400000;0,1092900000;
202100001594.0;1;59;59574;2;1;9.0;6.0;50,3569600000;3,2814000000;
202100001595.0;2;54;54265;2;1;1.0;4.0;48,6451415539;6,1818759442;
202100001596.0;5;49;49246;2;1;1.0;6.0;47,4328944025; -0,5318284034;
202100001597.0;5;49;49007;2;1;1.0;6.0;47,4868200000; -0,5730200000;
202100001598.0;1;47;47323;2;1;1.0;6.0;44,4072900000;0,7084100000;
202100001599.0;5;37;37261;2;1;1.0;3.0;47,3752429267;0,6789884716;
202100001600.0;1;35;35238;2;3;1.0;3.0;48,1102000000; -1,6631900000;
202100001601.0;1;34;34108;2;1;1.0;6.0;43,4480300000;3,7515500000;
202100001602.0;1;33;33167;2;1;1.0;5.0;44,8227800000; -0,5328400000;
202100001603.0;1;33;33063;2;1;1.0;2.0;44,8134700000; -0,5640900000;
202100001604.0;4;31;31555;2;2;1.0;3.0;43,5773000000;1,4365000000;
202100001605.0;5;29;29019;1;1;1.0;1.0;48,3920400000; -4,5466600000;
202100001606.0;1;29;29019;2;2;1.0;3.0;48,3894190814; -4,4926307201;
202100001607.0;5;27;27229;2;3;1.0;3.0;49,0217166232;1,1816073151;
202100001608.0;1;26;26362;2;1;1.0;3.0;44,9364910000;4,8985270000;
202100001609.0;1;26;26362;2;2;1.0;3.0;44,9285230000;4,8949970000;
202100001610.0;5;13;13213;2;1;1.0;3.0;43,3290700000;5,4310200000;
202100001611.0;1;13;13204;2;1;1.0;1.0;43,3148428116;5,4010914993;
202100001612.0;5;13;13210;2;1;1.0;3.0;43,2715784182;5,4223770456;
202100001613.0;1;11;11069;2;3;1.0;3.0;43,2079470000;2,3367260000;
202100001614.0;1;10;10387;2;6;8.0;7.0;48,2911123632;4,0884339807;
202100001615.0;1;09;09225;2;1;1.0;3.0;43,1213900000;1,6212100000;
202100001616.0;1;06;06004;2;6;1.0;5.0;43,6015170000;7,0745630000;
202100001617.0;1;05;05061;2;1;1.0;2.0;44,5653990000;6,0923380000;
202100001618.0;5;75;75120;2;1;1.0;2.0;48,8705630000;2,4134560000;
202100001619.0;1;75;75106;2;3;1.0;6.0;48,8507270000;2,3253320000;
202100001620.0;1;75;75117;2;1;1.0;6.0;48,9009360000;2,3264300000;
202100001621.0;1;75;75117;2;3;1.0;6.0;48,8880330000;2,3246230000;
202100001622.0;3;75;75116;2;4;1.0;6.0;48,8485450000;2,2620240000;
202100001623.0;3;75;75116;2;3;1.0;3.0;48,8386640000;2,2517750000;
202100001624.0;5;75;75116;2;7;1.0;3.0;48,8737420000;2,2940550000;
202100001625.0;3;75;75115;2;1;1.0;7.0;48,8341590000;2,2720950000;
202100001626.0;1;75;75115;2;3;1.0;6.0;48,8396550000;2,3093140000;
202100001627.0;1;75;75101;2;2;1.0;6.0;48,8600750000;2,3434030000;
202100001628.0;5;94;94017;2;3;8.0;1.0;48,8193400000;2,4874000000;
202100001629.0;1;94;94046;2;1;1.0;6.0;48,8026200000;2,4468800000;
202100001630.0;1;94;94068;2;9;1.0;3.0;48,7922000000;2,4972100000;
202100001631.0;5;94;94017;2;6;1.0;3.0;48,8097700000;2,5428400000;
202100001632.0;5;93;93072;2;1;1.0;1.0;48,9462900000;2,3867100000;
202100001633.0;5;93;93055;2;6;1.0;6.0;48,8991535066;2,3967855612;
202100001634.0;5;93;93051;2;1;1.0;3.0;48,8492500000;2,5625100000;
202100001635.0;1;93;93048;2;1;1.0;6.0;48,8490865818;2,4242224228;
202100001636.0;1;93;93046;2;1;1.0;6.0;48,9128264044;2,5343096432;
202100001637.0;1;93;93031;2;3;1.0;3.0;48,9496379155;2,3414137959;
202100001638.0;2;93;93027;2;6;8.0;5.0;48,9320800000;2,3996600000;
202100001639.0;1;93;93027;2;1;1.0;3.0;48,9305800000;2,3855700000;
202100001640.0;1;92;92050;2;3;1.0;6.0;48,8957329031;2,2242660820;
202100001641.0;5;92;92040;2;4;8.0;3.0;48,8195909429;2,2664411366;
202100001642.0;2;81;81101;1;3;1.0;6.0;43,9799080000;2,1738340000;
202100001643.0;3;91;91414;1;1;5.0;6.0;48,3530550000;2,0491330000;
202100001644.0;1;51;51298;1;1;5.0;7.0;48,9922710000;3,7154390000;
202100001645.0;1;64;64057;1;1;1.0;7.0;43,4672290000; -0,6127560000;
202100001646.0;1;14;14061;1;3;8.0;3.0;48,9140250000; -0,8246400000;
202100001647.0;3;01;01033;2;1;5.0;1.0;46,1181620000;5,8229530000;
202100001648.0;1;51;51231;1;1;2.0;2.0;48,9738790000;4,4504500000;
202100001649.0;1;76;76550;1;1;1.0;6.0;49,3743960000;0,9596510000;
202100001650.0;1;63;63178;1;1;1.0;4.0;45,5557968833;3,2727026939;
202100001651.0;3;63;63438;1;1;1.0;5.0;45,7366650000;3,4831600000;
202100001652.0;1;70;70467;2;1;9.0;6.0;47,8848770000;6,2810360000;
202100001653.0;1;72;72308;2;9;5.0;7.0;48,4148250000;0,1102520000;
202100001654.0;5;72;72132;2;1;1.0;6.0;48,1870270000;0,6466890000;
202100001655.0;1;24;24067;2;1;1.0;6.0;44,9135200000;0,9247830000;
202100001656.0;3;87;87008;1;1;2.0;6.0;46,2461870000;1,0718970000;
202100001657.0;1;76;76660;1;1;1.0;2.0;49,4912035293;0,2883857489;
202100001658.0;2;01;01134;1;1;5.0;6.0;46,2953525445;4,8979389668;
202100001659.0;1;64;64021;1;1;1.0;6.0;43,3041010000; -0,2387600000;