Num_Acc;lum;departement;commune;agglomeration;intersection;meteo;type_collision;lat;long;date
202100002645.0;5;75;75116;2;3;1.0;6.0;48,8505320000;2,2602770000;
202100002646.0;1;75;75114;2;3;1.0;7.0;48,8331980000;2,3193320000;
202100002647.0;5;75;75113;2;1;1.0;3.0;48,8295910000;2,3562130000;
202100002648.0;5;75;75107;2;1;1.0;7.0;48,8604670000;2,2952140000;
202100002649.0;5;75;75111;2;1;1.0;3.0;48,8513100000;2,3910150000;
202100002650.0;5;75;75110;2;2;1.0;3.0;48,8816070000;2,3657730000;
202100002651.0;5;94;94068;2;2;1.0;3.0;48,7890000000;2,5090000000;
202100002652.0;5;94;94003;2;1;1.0;6.0;48,7994800000;2,3377900000;
202100002653.0;1;94;94041;2;2;8.0;3.0;48,8144600000;2,3946000000;
202100002654.0;1;94;94022;2;1;1.0;6.0;48,7660500000;2,4112600000;
202100002655.0;5;94;94081;2;1;1.0;2.0;48,7824000000;2,3940800000;
202100002656.0;5;94;94017;2;1;2.0;3.0;48,8262390000;2,5052720000;
202100002657.0;5;93;93064;2;1;1.0;4.0;48,8870290359;2,4680179183;
202100002658.0;1;93;93077;2;1;1.0;3.0;48,8825100000;2,5243900000;
202100002659.0;5;93;93014;2;1;1.0;3.0;48,8993097826;2,5414466858;
202100002660.0;1;93;93057;1;1;1.0;5.0;48,8999612361;2,5090079777;
202100002661.0;1;93;93005;2;1;1.0;6.0;48,9519605689;2,5179761873;
202100002662.0;2;93;93001;2;1;1.0;3.0;48,9022978009;2,3734760284;
202100002663.0;1;92;92075;2;1;1.0;6.0;48,8190413885;2,2873368859;
202100002664.0;1;92;92062;2;1;1.0;6.0;48,8808960000;2,2376320000;
202100002665.0;5;92;92044;2;1;1.0;2.0;48,8958850000;2,2899620000;
202100002666.0;1;60;60102;1;1;8.0;1.0;49,3065320000;2,5333790000;
202100002667.0;1;37;37035;1;4;9.0;6.0;46,9982911289;0,3183135018;
202100002668.0;2;43;43040;2;3;1.0;3.0;45,2896270547;3,3867877722;
202100002669.0;3;21;21473;1;1;9.0;6.0;47,2440760000;5,0719390000;
202100002670.0;1;12;12096;2;3;1.0;6.0;44,5224430000;2,7628250000;
202100002671.0;1;35;35109;1;1;1.0;1.0;48,0893689186; -1,2334922729;
202100002672.0;1;62;62043;2;2;1.0;3.0;50,9081540000;1,9342480000;
202100002673.0;1;971;97109;1;1;3.0;1.0;15,9956810000; -61,6790650000;
202100002674.0;3;51;51265;1;1;1.0;4.0;48,6896180000;3,7851010000;
202100002675.0;3;79;79195;1;1;5.0;7.0;46,9169110000; -0,5683830000;
202100002676.0;3;80;80130;1;1;1.0;5.0;49,8911230000;2,1466260000;
202100002677.0;1;82;82112;1;3;1.0;6.0;44,1404530000;1,1032620000;
202100002678.0;2;71;71345;1;1;1.0;6.0;46,4466740000;4,7823620000;
202100002679.0;3;12;12044;1;1;1.0;6.0;43,8369490000;2,8464890000;
202100002680.0;2;41;41280;1;1;1.0;3.0;47,3173190000;1,7613210000;
202100002681.0;3;35;35081;1;1;8.0;6.0;48,1824770000; -1,8530200000;
202100002682.0;1;35;35184;1;1;1.0;5.0;48,2078260000; -2,0457050000;
202100002683.0;2;70;70433;2;6;1.0;3.0;47,6153380000;6,1679490000;
202100002684.0;1;72;72041;1;1;8.0;1.0;48,0813350000;0,6300720000;
202100002685.0;1;14;14626;1;2;1.0;3.0;49,0842020000;0,2823110000;
202100002686.0;3;60;60622;1;1;5.0;7.0;49,6849850000;1,9732900000;
202100002687.0;1;45;45026;2;1;1.0;6.0;48,1336790000;2,9875120000;
202100002688.0;5;10;10296;2;1;1.0;6.0;48,0609370000;4,3809970000;
202100002689.0;5;07;07064;2;1;1.0;6.0;44,9021600000;4,4207970000;
202100002690.0;3;53;53243;1;1;1.0;1.0;48,1354130000; -0,8975320000;
202100002691.0;2;37;37115;1;1;1.0;6.0;46,9974532934;0,7197620720;
202100002692.0;1;30;30336;1;2;7.0;3.0;43,8799690000;4,6284520000;
202100002693.0;2;30;30354;1;1;1.0;7.0;43,9500610000;4,1351830000;
202100002694.0;3;08;08361;2;1;1.0;2.0;49,8313810000;4,6030520000;
202100002695.0;1;987;98715;2;1;1.0;6.0; -17,5845220000; -149,5685780000;
202100002696.0;5;987;98715;2;9;1.0;3.0; -17,5845220000; -149,5685780000;
202100002697.0;3;22;22171;1;1;1.0;5.0;48,4203220000; -2,8227890000;
202100002698.0;1;13;13103;1;1;1.0;2.0;43,6265857465;5,1158952713;
202100002699.0;3;988;98803;1;1;5.0;6.0; -21,5209940000;165,4718690000;
202100002700.0;1;974;97424;2;1;1.0;1.0; -21,1428850000;55,4664410000;
202100002701.0;1;41;41252;2;9;1.0;2.0;47,6853910000;1,4871720000;
202100002702.0;1;34;34145;1;3;1.0;3.0;43,6916920000;4,1621660000;
202100002703.0;1;55;55255;1;1;1.0;6.0;49,4392500000;5,3851730000;
202100002704.0;5;42;42056;2;4;1.0;3.0;45,4076780000;4,7365990000;
202100002705.0;1;01;01262;1;1;1.0;6.0;45,8844110000;5,0313200000;
202100002706.0;3;16;16078;1;9;1.0;2.0;45,7304190000;0,1880550000;
202100002707.0;5;33;33056;2;1;1.0;6.0;44,9023099000; -0,6182830000;
202100002708.0;1;49;49138;1;1;1.0;6.0;47,5057800000; -0,2244470000;
202100002709.0;1;35;35228;2;1;7.0;6.0;48,5793930000; -2,0588310000;
202100002710.0;1;35;35228;1;3;7.0;3.0;48,6008810000; -2,0570400000;
202100002711.0;1;27;27644;1;2;1.0;1.0;49,1472430000;1,5352590000;
202100002712.0;1;76;76475;2;2;1.0;6.0;49,3978800000;1,1775920000;
202100002713.0;1;13;13117;1;1;1.0;2.0;43,4540190000;5,2374580000;
202100002714.0;1;13;13215;1;1;1.0;2.0;43,3789900000;5,3552800000;
202100002715.0;3;13;13071;1;1;1.0;2.0;43,4187300000;5,2728800000;
202100002716.0;3;67;67152;1;1;1.0;3.0;48,5204200000;7,6979800000;
202100002717.0;1;59;59554;1;1;1.0;6.0;50,4513692489;3,3364775777;
202100002718.0;5;94;94021;1;1;1.0;2.0;48,7710000000;2,3458500000;
202100002719.0;3;91;91560;1;1;1.0;2.0;48,6648400000;2,1892700000;
202100002720.0;1;91;91228;1;1;1.0;2.0;48,6319200000;2,4072800000;
202100002721.0;3;91;91377;1;1;1.0;4.0;48,7254440000;2,3005850000;
202100002722.0;3;78;78043;1;1;1.0;3.0;48,8456340000;2,0849610000;
202100002723.0;5;92;92050;1;1;1.0;7.0;48,8988016075;2,2157365850;
202100002724.0;3;92;92025;1;1;1.0;3.0;48,9294380860;2,2412066559;
202100002725.0;3;93;93053;1;1;1.0;6.0;48,8806300000;2,4518800000;
202100002726.0;1;94;94065;1;1;1.0;2.0;48,7547013835;2,3475797123;
202100002727.0;1;02;02738;2;1;1.0;6.0;49,6537840000;3,2918680000;
202100002728.0;5;92;92040;2;3;1.0;2.0;48,8179846923;2,2508628666;
202100002729.0;1;988;98818;2;3;8.0;3.0; -22,2723800000;166,4435700000;
202100002730.0;1;974;97411;2;1;1.0;3.0; -20,8870700000;55,4713600000;
202100002731.0;1;973;97302;2;3;1.0;3.0;4,9416834754; -52,3040864468;
202100002732.0;2;973;97302;2;9;1.0;6.0;4,9421524530; -52,3047731817;
202100002733.0;5;69;69383;2;2;1.0;3.0;45,7539625287;4,8469689488;
202100002734.0;1;69;69383;2;1;8.0;7.0;45,7508200000;4,8761500000;
202100002735.0;1;972;97213;2;1;1.0;2.0;14,6180460000; -61,0328290000;
202100002736.0;5;972;97213;1;1;1.0;6.0;14,6213100000; -60,9914000000;
202100002737.0;5;69;69142;2;1;2.0;6.0;45,7333000000;4,8128900000;
202100002738.0;5;69;69382;2;1;2.0;2.0;45,7577800000;4,8279400000;
202100002739.0;3;95;95585;2;1;1.0;4.0;48,9844600000;2,3865500000;
202100002740.0;1;95;95018;2;1;1.0;6.0;48,9441606298;2,2510385513;
202100002741.0;5;87;87085;2;3;1.0;3.0;45,8260700000;1,2680500000;
202100002742.0;1;85;85194;2;1;8.0;6.0;46,4933400000; -1,7543100000;
202100002743.0;5;77;77373;2;1;1.0;2.0;48,7850560000;2,6091390000;
202100002744.0;3;77;77048;1;1;2.0;1.0;48,3287754846;2,6879938958;
202100002745.0;5;76;76157;2;4;1.0;1.0;49,4612162965;1,0425961018;
202100002746.0;5;76;76351;2;1;1.0;3.0;49,4937290000;0,1467950000;
202100002747.0;5;76;76351;2;2;1.0;6.0;49,5000000000;0,1393000000;
202100002748.0;5;69;69266;2;2;1.0;1.0;45,7645491111;4,8894417286;
202100002749.0;5;67;67482;2;8;1.0;6.0;48,5940500000;7,7576900000;
202100002750.0;1;64;64445;2;1;7.0;3.0;43,3040100000; -0,3452500000;
202100002751.0;3;64;64102;2;1;5.0;3.0;43,4898700000; -1,4670400000;
202100002752.0;4;63;63113;2;6;1.0;6.0;45,7889800000;3,0801700000;
202100002753.0;5;62;62498;2;1;1.0;6.0;50,4320900000;2,8286000000;
202100002754.0;5;59;59183;2;1;1.0;1.0;51,0269212283;2,3375934362;
202100002755.0;1;50;50602;2;2;8.0;3.0;49,6361500000; -1,5945500000;
202100002756.0;5;48;48095;2;6;1.0;3.0;44,5180800000;3,4914400000;
202100002757.0;1;47;47001;2;1;1.0;3.0;44,1975650000;0,6269390000;
202100002758.0;2;45;45234;2;1;2.0;2.0;47,8892406654;1,8950557709;
202100002759.0;1;45;45068;2;1;2.0;6.0;48,0127300000;2,7391600000;
202100002760.0;4;41;41018;2;3;1.0;6.0;47,5990900000;1,3033800000;
202100002761.0;2;35;35281;1;1;1.0;7.0;48,0751300000; -1,7468900000;
202100002762.0;1;35;35238;2;2;1.0;3.0;48,1035030000; -1,6627320000;
202100002763.0;1;35;35238;2;1;1.0;1.0;48,1197184193; -1,6913473606;
202100002764.0;5;35;35278;1;1;1.0;2.0;48,1400460000; -1,6960520000;
202100002765.0;1;34;34172;2;1;1.0;3.0;43,6034872117;3,8904409111;
202100002766.0;4;33;33063;2;2;1.0;3.0;44,8318500000; -0,5772600000;
202100002767.0;5;33;33063;2;2;3.0;3.0;44,8299300000; -0,5809200000;
202100002768.0;2;33;33318;2;1;1.0;3.0;44,8114615853; -0,6183551252;
202100002769.0;1;31;31555;2;1;1.0;6.0;43,6149100000;1,4426100000;
202100002770.0;3;31;31149;1;1;1.0;6.0;43,6063500000;1,3093700000;
202100002771.0;5;31;31555;2;1;1.0;3.0;43,6174573129;1,4368271828;
202100002772.0;1;30;30189;2;3;1.0;6.0;43,8318200000;4,3609800000;
202100002773.0;5;30;30189;2;3;1.0;3.0;43,8203900000;4,3404900000;
202100002774.0;5;29;29232;2;1;1.0;6.0;47,9838000000; -4,1037300000;
202100002775.0;1;29;29019;2;6;1.0;3.0;48,4226297070; -4,4759808182;
202100002776.0;5;29;29019;2;1;1.0;6.0;48,4044400000; -4,4913200000;
202100002777.0;5;28;28085;2;1;1.0;1.0;48,4390200000;1,5175000000;
202100002778.0;5;25;25056;2;2;1.0;3.0;47,2275200000;5,9796700000;
202100002779.0;1;17;17306;2;1;1.0;2.0;45,6235100000; -1,0042300000;
202100002780.0;1;15;15267;1;1;1.0;7.0;44,9231800000;2,4017100000;
202100002781.0;1;13;13205;2;2;1.0;3.0;43,2957909103;5,4021990322;
202100002782.0;1;13;13205;2;1;1.0;3.0;43,2934100000;5,4031800000;
202100002783.0;5;13;13201;2;1;1.0;1.0;43,3069300000;5,3926900000;
202100002784.0;1;11;11069;1;1;1.0;3.0;43,2298361244;2,3627042770;
202100002785.0;1;06;06029;2;1;1.0;3.0;43,5515900000;7,0164200000;
202100002786.0;5;06;06123;2;1;1.0;3.0;43,6702100000;7,1947740000;
202100002787.0;5;75;75119;2;3;1.0;6.0;48,8872320000;2,3871640000;
202100002788.0;2;75;75118;2;5;1.0;3.0;48,8941710000;2,3327090000;
202100002789.0;5;75;75116;2;2;1.0;3.0;48,8585660000;2,2448790000;
202100002790.0;1;75;75116;2;1;1.0;2.0;48,8597080000;2,2904300000;
202100002791.0;1;75;75115;2;2;1.0;2.0;48,8493060000;2,2816760000;
202100002792.0;5;75;75114;2;1;1.0;6.0;48,8208900000;2,3358870000;
202100002793.0;2;75;75107;2;1;1.0;7.0;48,8585170000;2,2927570000;
202100002794.0;5;75;75114;2;2;1.0;6.0;48,8309580000;2,3122900000;
202100002795.0;5;75;75113;2;2;1.0;1.0;48,8360710000;2,3466940000;
202100002796.0;1;75;75111;2;1;1.0;6.0;48,8612690000;2,3743040000;
202100002797.0;5;75;75111;2;2;1.0;3.0;48,8506700000;2,3944980000;
202100002798.0;5;75;75108;2;2;1.0;3.0;48,8700640000;2,3009940000;
202100002799.0;1;75;75104;2;2;1.0;3.0;48,8612080000;2,3534920000;
202100002800.0;1;75;75102;2;4;1.0;3.0;48,8686950000;2,3331420000;
202100002801.0;5;94;94041;2;1;1.0;1.0;48,8134570000;2,3853140000;
202100002802.0;5;94;94081;2;1;8.0;7.0;48,7956800000;2,4000200000;
202100002803.0;1;94;94058;2;9;1.0;6.0;48,8345630000;2,5098830000;
202100002804.0;1;94;94042;2;2;8.0;3.0;48,8148800000;2,4811700000;
202100002805.0;5;94;94003;2;1;1.0;6.0;48,8063800000;2,3373300000;
202100002806.0;5;94;94068;2;2;1.0;3.0;48,7890000000;2,5090000000;
202100002807.0;1;94;94055;2;3;8.0;3.0;48,7894100000;2,5489400000;
202100002808.0;5;94;94017;2;1;1.0;3.0;48,8138300000;2,5094400000;
202100002809.0;1;93;93078;2;2;1.0;3.0;48,9581933875;2,5584638016;
202100002810.0;1;93;93064;2;1;1.0;6.0;48,8670337755;2,4985389507;
202100002811.0;1;93;93048;2;2;1.0;3.0;48,8705300000;2,4579600000;
202100002812.0;2;93;93063;2;3;1.0;3.0;48,8968300000;2,4325600000;
202100002813.0;5;93;93031;2;1;1.0;6.0;48,9491900000;2,3298600000;
202100002814.0;5;93;93079;2;9;1.0;6.0;48,9518655333;2,3385885358;
202100002815.0;1;93;93008;2;1;8.0;6.0;48,9065000000;2,4406900000;
202100002816.0;5;93;93007;2;2;1.0;3.0;48,9289527607;2,4781667020;
202100002817.0;1;92;92073;2;7;1.0;6.0;48,8645750000;2,2059390000;
202100002818.0;5;92;92040;2;1;1.0;6.0;48,8288333012;2,2646158934;
202100002819.0;1;92;92036;2;2;1.0;3.0;48,9267617686;2,2946432233;
202100002820.0;5;92;92012;2;2;1.0;3.0;48,8354200000;2,2494700000;
202100002821.0;1;92;92012;2;1;1.0;6.0;48,8327813112;2,2336819768;
202100002822.0;3;35;35317;1;1;1.0;3.0;48,2880480000; -1,8031180000;
202100002823.0;3;87;87181;1;1;9.0;6.0;46,0573150000;1,4564230000;
202100002824.0;3;38;38336;1;1;1.0;1.0;45,4856510000;4,8325900000;
202100002825.0;3;06;06161;1;1;1.0;6.0;43,6605330000;7,1018240000;
202100002826.0;1;06;06161;2;3;1.0;1.0;43,6311100000;7,1343270000;
202100002827.0;1;18;18233;2;1;8.0;6.0;47,3389350000;2,8389570000;
202100002828.0;3;77;77235;1;9;1.0;6.0;48,9794530000;3,0752920000;
202100002829.0;1;64;64396;1;3;1.0;3.0;43,4365620000; -0,6315330000;
202100002830.0;1;14;14027;2;4;1.0;6.0;49,0204290000; -0,6337900000;
202100002831.0;1;48;48005;1;1;1.0;6.0;44,5867251300;3,2508936500;
202100002832.0;3;38;38242;1;6;5.0;3.0;44,9082390000;5,6262020000;
202100002833.0;5;67;67234;2;1;1.0;2.0;48,9622610000;7,0481640000;
202100002834.0;1;76;76312;2;1;5.0;3.0;49,4810870000;1,7197630000;
202100002835.0;1;12;12125;2;1;1.0;7.0;43,8540150000;2,6266820000;
202100002836.0;1;44;44195;2;6;1.0;6.0;47,3714940000; -1,9380350000;
202100002837.0;2;44;44098;2;3;1.0;2.0;47,4822400000; -2,1625060000;
202100002838.0;3;29;29113;1;1;1.0;6.0;48,6458330000; -3,7455980000;
202100002839.0;3;31;31107;1;1;1.0;1.0;43,2996010000;1,2199510000;
202100002840.0;5;38;38453;2;1;1.0;6.0;45,1203000000;5,3315930000;
202100002841.0;2;02;02232;1;1;1.0;3.0;49,2075570000;3,0530570000;
202100002842.0;1;58;58132;2;1;1.0;6.0;47,2382100000;3,6003970000;
202100002843.0;1;72;72383;2;1;1.0;3.0;48,0868730000;0,5503300000;
202100002844.0;1;83;83038;1;1;1.0;1.0;43,5930110000;6,4691450000;
202100002845.0;2;60;60119;2;1;1.0;6.0;49,5000530000;2,9012660000;
202100002846.0;1;60;60328;1;3;5.0;7.0;49,5288540000;2,0998690000;
202100002847.0;3;45;45193;1;1;1.0;3.0;47,7624910000;1,9909950000;
202100002848.0;1;45;45081;1;1;8.0;6.0;47,9360050000;1,5528490000;
202100002849.0;1;16;16028;1;3;1.0;3.0;45,4921484370; -0,1551014185;
202100002850.0;1;16;16124;1;1;1.0;6.0;45,6843980000;0,5667730000;
202100002851.0;1;04;04094;1;1;1.0;1.0;43,7891930000;5,8647630000;
202100002852.0;3;85;85084;1;2;1.0;3.0;46,7815910000; -1,2085580000;
202100002853.0;1;27;27567;1;2;1.0;3.0;49,2556640000;1,5623550000;
202100002854.0;3;30;30004;1;3;1.0;1.0;43,7264790000;4,1931560000;
202100002855.0;2;30;30320;1;1;1.0;2.0;44,1148590000;4,2531680000;
202100002856.0;1;973;97307;2;1;1.0;3.0;4,8858750000; -52,3353700000;
202100002857.0;3;06;06084;2;1;1.0;3.0;43,6252030000;6,9976710000;
202100002858.0;3;01;01032;1;1;2.0;4.0;45,8604130000;5,1229550000;
202100002859.0;3;33;33498;1;1;5.0;1.0;44,5569350000; -0,8317640000;
202100002860.0;4;971;97103;2;1;8.0;1.0;16,2540250000; -61,5507320000;
202100002861.0;2;68;68278;2;3;8.0;6.0;47,7483850000;7,4046190000;
202100002862.0;3;77;77185;1;2;1.0;3.0;48,4638020000;2,5550940000;
202100002863.0;1;2A;2A247;2;2;1.0;3.0;41,5987080000;9,2778040000;
202100002864.0;2;84;84047;1;1;9.0;5.0;43,8668680000;5,3179840000;
202100002865.0;1;06;06077;1;1;1.0;1.0;43,8738210000;7,3518000000;
202100002866.0;2;71;71071;2;4;8.0;3.0;46,2806780000;3,9413610000;
202100002867.0;1;52;52269;2;1;1.0;7.0;47,8768400000;5,3408410000;
202100002868.0;1;01;01027;2;3;8.0;3.0;45,8492134442;5,1099045575;
202100002869.0;2;76;76432;1;1;9.0;1.0;49,6689050000;1,5107920000;
202100002870.0;3;60;60089;2;9;5.0;7.0;49,2067580000;1,8615660000;
202100002871.0;1;94;94034;1;1;1.0;2.0;48,7617385147;2,3149952887;
202100002872.0;2;92;92050;1;1;1.0;3.0;48,9158853590;2,2206609497;
202100002873.0;1;93;93053;1;1;1.0;5.0;48,8938281588;2,4719020439;
202100002874.0;1;93;93064;1;1;1.0;4.0;48,8787695858;2,4763536005;
202100002875.0;2;94;94004;1;1;1.0;2.0;48,7530000000;2,5120000000;
202100002876.0;2;2A;2A004;2;1;8.0;6.0;41,9190300000;8,7368000000;
202100002877.0;1;2A;2A004;1;1;1.0;2.0;41,9268800000;8,7823400000;
202100002878.0;5;2A;2A004;2;1;1.0;3.0;41,9308300000;8,7397300000;
202100002879.0;1;2A;2A004;2;1;1.0;5.0;41,9333600000;8,7431700000;
202100002880.0;1;2A;2A004;1;6;1.0;4.0;41,9273700000;8,7965900000;
202100002881.0;1;77;77333;2;1;1.0;6.0;48,2754500000;2,7024600000;
202100002882.0;1;974;97411;1;9;1.0;7.0; -20,9337300000;55,4923400000;
202100002883.0;1;972;97213;2;1;2.0;3.0;14,6251300000; -60,9821000000;
202100002884.0;5;972;97209;1;1;2.0;6.0;14,6102900000; -61,0691100000;
202100002885.0;5;69;69286;2;1;5.0;2.0;45,8184600000;4,9042700000;
202100002886.0;1;69;69286;2;1;1.0;6.0;45,8151265995;4,8876312375;
202100002887.0;5;69;69385;2;2;1.0;3.0;45,7561700000;4,8154200000;
202100002888.0;1;2A;2A004;2;1;1.0;6.0;41,9128600000;8,7246600000;
202100002889.0;1;95;95288;2;1;1.0;7.0;48,9852895737;2,3548762500;
202100002890.0;5;91;91691;2;9;8.0;3.0;48,7106100000;2,4853600000;
202100002891.0;4;91;91479;1;1;1.0;2.0;48,7315300000;2,3670600000;
202100002892.0;1;91;91223;2;1;8.0;6.0;48,4332000000;2,1576200000;
202100002893.0;1;87;87085;2;3;1.0;6.0;45,8365000000;1,2425800000;
202100002894.0;2;86;86158;2;1;1.0;2.0;46,6270560000;0,3550200000;
202100002895.0;1;84;84087;2;1;1.0;6.0;44,1409800000;4,8181100000;
202100002896.0;1;83;83137;2;1;1.0;6.0;43,1226290000;5,9402920000;
202100002897.0;1;83;83118;2;6;1.0;6.0;43,4250205857;6,7639651895;
202100002898.0;5;80;80021;2;1;1.0;6.0;49,8921700000;2,2873900000;
202100002899.0;5;80;80021;2;1;1.0;3.0;49,8958200000;2,3093100000;
202100002900.0;3;80;80164;1;1;1.0;3.0;49,9216000000;2,3712100000;
202100002901.0;5;78;78551;2;1;1.0;6.0;48,9014600000;2,0733000000;
202100002902.0;1;77;77186;2;1;1.0;2.0;48,4021000000;2,6871500000;
202100002903.0;2;76;76114;2;1;8.0;6.0;49,5718400000;0,4708400000;
202100002904.0;5;73;73065;2;1;1.0;6.0;45,5634000000;5,9307100000;
202100002905.0;1;71;71309;1;9;5.0;3.0;46,7991500000;4,3842800000;
202100002906.0;5;69;69282;2;8;5.0;3.0;45,7710800000;5,0036400000;
202100002907.0;5;66;66136;2;6;1.0;3.0;42,6963500000;2,8640700000;
202100002908.0;1;64;64348;2;1;1.0;2.0;43,3267308393; -0,3898537159;
202100002909.0;1;64;64445;2;2;1.0;7.0;43,3044700000; -0,3681800000;
202100002910.0;2;64;64122;2;1;1.0;3.0;43,4635100000; -1,5436700000;
202100002911.0;1;63;63070;2;1;1.0;6.0;45,7350100000;3,0681200000;
202100002912.0;3;63;63307;1;1;9.0;7.0;45,7408800000;3,1140700000;
202100002913.0;5;63;63113;2;1;1.0;6.0;45,7872800000;3,0982700000;
202100002914.0;5;63;63113;2;3;1.0;2.0;45,8064400000;3,1093400000;
202100002915.0;2;62;62727;1;1;8.0;5.0;50,4659200000;2,5795600000;
202100002916.0;1;61;61006;2;3;8.0;3.0;48,7470390000; -0,0193660000;
202100002917.0;2;59;59350;2;2;1.0;6.0;50,6325616559;3,0708611012;
202100002918.0;1;59;59350;2;3;1.0;3.0;50,6264300000;3,0804700000;
202100002919.0;2;59;59507;2;9;1.0;6.0;50,6030926836;3,1011271477;
202100002920.0;5;57;57306;2;1;1.0;3.0;49,3322800000;6,0539300000;
202100002921.0;1;57;57143;2;1;4.0;1.0;49,2603000000;6,0942000000;
202100002922.0;1;56;56083;1;1;2.0;7.0;47,8215900000; -3,2884500000;
202100002923.0;1;56;56185;1;1;2.0;7.0;47,7713000000; -3,3773200000;
202100002924.0;5;56;56098;2;2;2.0;3.0;47,7642000000; -3,3455300000;
202100002925.0;1;54;54257;2;3;5.0;6.0;48,6532565605;6,1998585462;
202100002926.0;1;51;51454;2;1;1.0;7.0;49,2433364322;4,0401014686;
202100002927.0;1;49;49246;2;1;1.0;7.0;47,4303333904; -0,5280690194;
202100002928.0;5;44;44109;2;1;1.0;3.0;47,2067000000; -1,5534000000;
202100002929.0;3;42;42218;1;1;8.0;5.0;45,4047800000;4,4007400000;
202100002930.0;5;41;41018;2;3;1.0;6.0;47,6038500000;1,3282900000;
202100002931.0;1;41;41295;2;1;1.0;7.0;47,5883200000;1,3614200000;
202100002932.0;5;37;37122;2;6;5.0;2.0;47,3518509943;0,6864825636;
202100002933.0;3;35;35238;1;1;1.0;3.0;48,1258700000; -1,7154100000;
202100002934.0;5;35;35238;2;1;8.0;2.0;48,1102441874; -1,6673630476;
202100002935.0;2;35;35281;2;1;1.0;6.0;48,0900400000; -1,6929300000;
202100002936.0;1;34;34032;2;1;1.0;7.0;43,3498600000;3,2267600000;
202100002937.0;2;33;33318;2;1;7.0;6.0;44,8141100000; -0,6118300000;
202100002938.0;5;33;33529;2;1;2.0;3.0;44,6459390000; -1,1578980000;
202100002939.0;1;31;31555;2;1;1.0;6.0;43,5992700000;1,4455100000;
202100002940.0;1;31;31555;2;9;1.0;6.0;43,6131400000;1,4022300000;
202100002941.0;1;29;29039;1;1;1.0;3.0;47,9042600000; -3,9071400000;
202100002942.0;5;29;29019;2;2;1.0;6.0;48,3848674224; -4,5009854436;
202100002943.0;2;27;27681;2;1;1.0;2.0;49,0971100000;1,4896700000;
202100002944.0;5;27;27375;2;4;1.0;6.0;49,2108900000;1,1677400000;
202100002945.0;5;27;27229;1;1;1.0;5.0;49,0154500000;1,1812500000;
202100002946.0;1;25;25056;1;1;5.0;2.0;47,2570000000;5,9981500000;
202100002947.0;5;18;18279;2;7;2.0;6.0;47,2236701588;2,0720393970;
202100002948.0;5;18;18033;2;1;1.0;1.0;47,1130000000;2,4162700000;
202100002949.0;2;14;14587;1;1;1.0;4.0;49,1930350000; -0,4122680000;
202100002950.0;5;14;14118;2;6;1.0;3.0;49,2110640000; -0,3635910000;
202100002951.0;1;13;13215;2;1;1.0;3.0;43,3628800000;5,3485600000;
202100002952.0;1;13;13207;2;1;1.0;6.0;43,2767112782;5,3576543173;
202100002953.0;1;13;13207;2;1;7.0;1.0;43,2776056736;5,3559519849;
202100002954.0;1;11;11069;2;3;1.0;2.0;43,2141000000;2,3450000000;
202100002955.0;1;11;11069;2;1;1.0;6.0;43,2087800000;2,3825200000;
202100002956.0;1;10;10387;2;1;8.0;6.0;48,3050000000;4,0828900000;
202100002957.0;1;10;10387;2;2;1.0;3.0;48,3043000000;4,0828000000;
202100002958.0;1;10;10357;2;9;2.0;3.0;48,2900000000;4,1300000000;
202100002959.0;3;07;07281;1;1;1.0;6.0;44,9399390000;4,8323960000;
202100002960.0;5;75;75116;2;1;1.0;3.0;48,8697840000;2,2716840000;
202100002961.0;1;75;75115;2;4;1.0;3.0;48,8326460000;2,2798410000;
202100002962.0;1;75;75116;2;1;1.0;2.0;48,8352700000;2,2599630000;
202100002963.0;1;75;75120;2;1;1.0;3.0;48,8642570000;2,4132790000;
202100002964.0;5;75;75120;2;2;1.0;3.0;48,8666630000;2,3971070000;
202100002965.0;5;75;75117;2;5;8.0;6.0;48,8873560000;2,3140930000;
202100002966.0;1;75;75116;2;1;1.0;7.0;48,8572230000;2,2373620000;
202100002967.0;1;75;75114;2;1;1.0;6.0;48,8273030000;2,3255610000;
202100002968.0;1;75;75113;2;2;1.0;3.0;48,8358460000;2,3525030000;
202100002969.0;5;75;75110;2;2;1.0;2.0;48,8842800000;2,3646410000;
202100002970.0;1;75;75109;2;1;1.0;2.0;48,8744950000;2,3268480000;
202100002971.0;4;75;75108;2;7;1.0;3.0;48,8666640000;2,3220100000;
202100002972.0;5;75;75104;2;1;1.0;3.0;48,8538160000;2,3564250000;