Num_Acc;lum;departement;commune;agglomeration;intersection;meteo;type_collision;lat;long;date
202100003629.0;5;54;54395;2;2;1.0;3.0;48,6840600000;6,1860200000;
202100003630.0;1;54;54526;2;1;4.0;2.0;48,6922209730;6,2113688439;
202100003631.0;1;54;54526;2;6;1.0;3.0;48,6842500000;6,2213200000;
202100003632.0;2;54;54395;2;3;1.0;3.0;48,6869800000;6,1686100000;
202100003633.0;5;54;54578;2;1;8.0;5.0;48,6671510837;6,1462154383;
202100003634.0;1;54;54395;2;3;1.0;3.0;48,6845835686;6,1691286787;
202100003635.0;1;51;51454;2;6;1.0;7.0;49,2870000000;4,0274100000;
202100003636.0;1;51;51454;2;6;8.0;2.0;49,2135800000;4,0155700000;
202100003637.0;1;51;51454;2;1;8.0;7.0;49,2403770278;4,0327361226;
202100003638.0;5;51;51454;2;3;8.0;3.0;49,2438535801;4,0064853430;
202100003639.0;1;50;50218;2;3;2.0;6.0;48,8374300000; -1,5939400000;
202100003640.0;5;50;50416;1;1;2.0;6.0;49,6675400000; -1,7018700000;
202100003641.0;5;50;50416;1;1;2.0;6.0;49,6537260000; -1,7067950000;
202100003642.0;5;50;50129;2;2;3.0;2.0;49,6674100000; -1,6968600000;
202100003643.0;5;49;49007;2;1;1.0;3.0;47,4712700000; -0,5471700000;
202100003644.0;5;49;49007;2;1;2.0;6.0;47,4734400000; -0,5554400000;
202100003645.0;1;49;49007;2;1;1.0;6.0;47,4709700000; -0,5457800000;
202100003646.0;1;49;49007;2;1;1.0;2.0;47,4733400000; -0,5765300000;
202100003647.0;1;49;49267;2;6;1.0;7.0;47,4610600000; -0,4789400000;
202100003648.0;5;47;47001;2;1;2.0;2.0;44,1954900000;0,6422500000;
202100003649.0;5;45;45147;2;1;1.0;6.0;47,9321000000;1,8951500000;
202100003650.0;1;45;45284;2;6;1.0;1.0;47,9105800000;1,9523600000;
202100003651.0;1;45;45068;2;1;9.0;2.0;48,0099726139;2,7401098609;
202100003652.0;1;44;44184;2;1;3.0;6.0;47,2686200000; -2,2362700000;
202100003653.0;5;44;44109;2;1;1.0;3.0;47,2099700000; -1,5642500000;
202100003654.0;5;44;44109;2;1;3.0;6.0;47,2035070000; -1,5509700000;
202100003655.0;5;43;43002;2;6;4.0;6.0;45,0506558928;3,8824412227;
202100003656.0;5;38;38544;2;7;1.0;3.0;45,5282900000;4,8747600000;
202100003657.0;5;37;37261;2;1;3.0;2.0;47,3826094051;0,6683421135;
202100003658.0;5;37;37261;2;3;1.0;3.0;47,3849857472;0,7003475726;
202100003659.0;1;37;37233;2;1;1.0;3.0;47,3945000308;0,7112360001;
202100003660.0;5;35;35238;2;2;2.0;6.0;48,1003200000; -1,6500200000;
202100003661.0;5;35;35238;2;1;2.0;6.0;48,1069570000; -1,7256250000;
202100003662.0;3;35;35278;1;1;3.0;6.0;48,1379290000; -1,6862470000;
202100003663.0;5;35;35055;2;6;2.0;7.0;48,0977461788; -1,6239391566;
202100003664.0;2;35;35238;2;1;3.0;2.0;48,0987850000; -1,7140350000;
202100003665.0;1;35;35238;2;1;2.0;2.0;48,1080200000; -1,7006000000;
202100003666.0;5;35;35055;2;3;1.0;1.0;48,0871500000; -1,6018400000;
202100003667.0;5;34;34172;2;1;1.0;1.0;43,5888300000;3,8657900000;
202100003668.0;1;34;34032;2;2;1.0;6.0;43,3448200000;3,2201300000;
202100003669.0;5;33;33063;2;7;2.0;6.0;44,8307700000; -0,5730700000;
202100003670.0;5;33;33075;2;6;2.0;3.0;44,8763000000; -0,5823000000;
202100003671.0;1;33;33249;2;1;8.0;6.0;44,8739500000; -0,5199300000;
202100003672.0;1;33;33281;2;6;2.0;3.0;44,8506900000; -0,6927800000;
202100003673.0;2;31;31555;2;1;3.0;6.0;43,6462700000;1,4332800000;
202100003674.0;5;31;31555;2;1;2.0;2.0;43,6068500000;1,4729200000;
202100003675.0;5;31;31149;2;1;3.0;6.0;43,6094310000;1,3363950000;
202100003676.0;1;31;31483;2;9;3.0;3.0;43,1013940000;0,7211090000;
202100003677.0;3;29;29232;1;1;2.0;2.0;47,9781500000; -4,0356600000;
202100003678.0;1;29;29232;2;1;2.0;6.0;47,9838300000; -4,1164900000;
202100003679.0;1;29;29232;2;1;1.0;2.0;48,0104800000; -4,0964800000;
202100003680.0;1;27;27681;2;2;1.0;6.0;49,0868500000;1,4739400000;
202100003681.0;1;27;27229;2;1;1.0;2.0;49,0034200000;1,1479600000;
202100003682.0;5;26;26058;2;3;2.0;1.0;44,9464480000;4,8933360000;
202100003683.0;2;26;26362;2;1;1.0;4.0;44,9129900000;4,9140300000;
202100003684.0;1;26;26198;2;1;8.0;3.0;44,5389750000;4,7461540000;
202100003685.0;1;26;26198;2;1;8.0;3.0;44,5807300000;4,7531320000;
202100003686.0;1;19;19031;2;3;1.0;3.0;45,1569500000;1,4905400000;
202100003687.0;2;18;18033;2;1;1.0;6.0;47,0740000000;2,4190000000;
202100003688.0;5;17;17300;2;9;3.0;3.0;46,1518000000; -1,1398000000;
202100003689.0;5;15;15014;2;1;1.0;1.0;44,9273720000;2,4435300000;
202100003690.0;1;14;14327;2;1;1.0;6.0;49,2007100000; -0,3308000000;
202100003691.0;1;14;14118;2;3;1.0;3.0;49,2097500000; -0,3710300000;
202100003692.0;1;14;14118;2;3;1.0;6.0;49,2102700000; -0,3675410000;
202100003693.0;2;14;14118;2;3;8.0;3.0;49,2042000000; -0,3520200000;
202100003694.0;5;13;13201;2;9;1.0;3.0;43,3000000000;5,3800000000;
202100003695.0;1;13;13203;2;3;1.0;3.0;43,3118800000;5,3772800000;
202100003696.0;5;13;13214;2;1;2.0;1.0;43,3203200000;5,3900800000;
202100003697.0;1;13;13201;2;5;1.0;3.0;43,3000400000;5,3835800000;
202100003698.0;1;13;13206;2;1;1.0;3.0;43,2856131130;5,3929885374;
202100003699.0;1;13;13212;2;1;1.0;3.0;43,3141298106;5,4323409372;
202100003700.0;1;11;11069;2;1;2.0;3.0;43,2366100000;2,3664800000;
202100003701.0;1;11;11069;2;1;2.0;2.0;43,2117500000;2,3575300000;
202100003702.0;3;10;10333;2;1;8.0;4.0;48,2769000000;4,0434600000;
202100003703.0;1;10;10333;2;2;7.0;3.0;48,2868300000;4,0454500000;
202100003704.0;2;10;10325;2;9;9.0;3.0;48,2649590000;4,0412200000;
202100003705.0;1;09;09225;2;1;2.0;7.0;43,1306000000;1,6218100000;
202100003706.0;1;08;08409;2;1;1.0;3.0;49,6981800000;4,9317500000;
202100003707.0;5;06;06083;2;1;1.0;3.0;43,7793000000;7,4936000000;
202100003708.0;5;06;06027;2;1;1.0;6.0;43,6552000000;7,1518000000;
202100003709.0;5;06;06027;2;1;1.0;2.0;43,6497130000;7,1406230000;
202100003710.0;1;06;06123;2;1;1.0;2.0;43,7029720000;7,1814890000;
202100003711.0;1;06;06123;2;1;1.0;2.0;43,6912900000;7,1840220000;
202100003712.0;1;05;05061;2;6;1.0;3.0;44,5548300000;6,0749900000;
202100003713.0;1;05;05061;1;3;4.0;3.0;44,5226100000;6,0596200000;
202100003714.0;1;03;03190;2;1;1.0;2.0;46,5711900000;3,3238100000;
202100003715.0;3;02;02408;2;1;1.0;5.0;49,5484800000;3,6181900000;
202100003716.0;5;75;75117;2;1;3.0;7.0;48,8927620000;2,3023670000;
202100003717.0;5;75;75111;2;2;2.0;6.0;48,8540170000;2,3689770000;
202100003718.0;1;75;75105;2;2;1.0;6.0;48,8390210000;2,3492350000;
202100003719.0;5;75;75120;2;2;1.0;3.0;48,8467030000;2,4158740000;
202100003720.0;1;75;75119;2;2;2.0;3.0;48,8906150672;2,3768019676;
202100003721.0;1;75;75119;2;1;2.0;2.0;48,8918850000;2,3799550000;
202100003722.0;1;75;75117;2;2;1.0;3.0;48,8823430000;2,3209590000;
202100003723.0;1;75;75108;2;7;2.0;3.0;48,8642700000;2,3015300000;
202100003724.0;5;75;75116;2;5;2.0;6.0;48,8544750000;2,2834950000;
202100003725.0;5;75;75115;2;4;1.0;6.0;48,8326870000;2,2883690000;
202100003726.0;5;75;75115;2;4;1.0;6.0;48,8484360000;2,2809030000;
202100003727.0;5;75;75115;2;2;1.0;2.0;48,8491550000;2,2980410000;
202100003728.0;1;75;75114;2;1;1.0;7.0;48,8326500000;2,3374060000;
202100003729.0;5;75;75113;2;2;2.0;3.0;48,8419190000;2,3678790000;
202100003730.0;5;75;75112;2;1;1.0;3.0;48,8330840000;2,3956990000;
202100003731.0;5;75;75111;2;7;1.0;3.0;48,8493580000;2,3953180000;
202100003732.0;1;75;75108;2;3;8.0;3.0;48,8767080000;2,3086070000;
202100003733.0;1;75;75107;2;2;1.0;6.0;48,8548680000;2,2963850000;
202100003734.0;1;75;75103;2;2;6.0;6.0;48,8644280000;2,3515110000;
202100003735.0;1;94;94003;2;1;1.0;2.0;48,8063300000;2,3371400000;
202100003736.0;5;94;94033;2;6;1.0;2.0;48,8522000000;2,4854000000;
202100003737.0;2;94;94028;2;1;1.0;2.0;48,7875010000;2,4466490000;
202100003738.0;5;94;94053;2;3;3.0;3.0;48,7728031825;2,5455987453;
202100003739.0;1;94;94071;2;1;1.0;7.0;48,7694900000;2,5106600000;
202100003740.0;1;93;93078;2;4;9.0;1.0;48,9602055932;2,5332820415;
202100003741.0;2;93;93073;2;3;2.0;6.0;48,9491611431;2,5843566656;
202100003742.0;5;93;93071;2;4;1.0;3.0;48,9453898182;2,5487146679;
202100003743.0;1;93;93066;2;9;2.0;3.0;48,9448979456;2,3537551144;
202100003744.0;1;93;93066;2;2;1.0;3.0;48,9400000000;2,3700000000;
202100003745.0;5;93;93046;2;1;1.0;3.0;48,9056029854;2,5241839886;
202100003746.0;5;93;93031;2;3;1.0;6.0;48,9582949152;2,2970593977;
202100003747.0;5;93;93010;2;1;3.0;7.0;48,8992388032;2,4834806264;
202100003748.0;1;92;92072;2;1;1.0;7.0;48,8230337002;2,2095930576;
202100003749.0;5;92;92064;2;1;1.0;6.0;48,8443330000;2,2204110000;
202100003750.0;5;92;92062;2;2;3.0;3.0;48,8808143449;2,2378420830;
202100003751.0;5;92;92050;2;1;2.0;6.0;48,8990275160;2,1913540363;
202100003752.0;5;92;92025;2;3;1.0;6.0;48,9233281689;2,2583824396;
202100003753.0;5;92;92025;2;3;1.0;3.0;48,9261620000;2,2429500000;
202100003754.0;5;92;92023;2;1;1.0;6.0;48,7771344217;2,2300422192;
202100003755.0;5;92;92023;2;9;1.0;3.0;48,7852461932;2,2511887550;
202100003756.0;1;92;92012;2;2;1.0;3.0;48,8450490000;2,2372500000;
202100003757.0;1;92;92002;2;1;6.0;3.0;48,7550600000;2,3056600000;
202100003758.0;3;49;49220;1;1;8.0;7.0;47,7106570000; -0,4216160000;
202100003759.0;3;76;76562;1;1;2.0;1.0;49,8832290000;1,1822100000;
202100003760.0;1;974;97404;2;1;1.0;6.0; -21,2670600000;55,3335700000;
202100003761.0;1;26;26324;1;1;1.0;2.0;44,3263580000;4,7392170000;
202100003762.0;3;76;76404;1;1;8.0;5.0;49,5854400000;0,2504750000;
202100003763.0;1;12;12061;1;1;1.0;6.0;44,5192140000;2,8659350000;
202100003764.0;1;62;62874;1;1;7.0;6.0;50,2718150000;2,6002410000;
202100003765.0;3;57;57691;1;1;2.0;7.0;49,2394750000;6,5135940000;
202100003766.0;3;51;51569;1;1;6.0;1.0;49,2578660000;3,9435230000;
202100003767.0;1;51;51181;2;1;1.0;7.0;49,2645350000;3,8400540000;
202100003768.0;2;56;56184;1;6;1.0;3.0;47,6800170000; -2,4223670000;
202100003769.0;3;80;80443;1;1;8.0;6.0;49,8528160000;1,8745850000;
202100003770.0;3;11;11256;1;1;2.0;6.0;43,1181210000;2,8005700000;
202100003771.0;1;11;11103;2;1;2.0;6.0;42,9428800000;2,2556680000;
202100003772.0;5;12;12056;2;1;4.0;7.0;44,2809730000;2,4280210000;
202100003773.0;3;12;12001;1;1;2.0;6.0;44,3593590000;2,6513740000;
202100003774.0;1;12;12133;1;1;2.0;1.0;44,2967940000;2,5174780000;
202100003775.0;3;68;68374;1;1;1.0;6.0;48,0739580000;7,2923540000;
202100003776.0;3;25;25304;1;1;2.0;6.0;47,4304100000;6,8877410000;
202100003777.0;5;29;29241;2;1;1.0;6.0;47,9597590000; -3,8292530000;
202100003778.0;3;03;03030;1;3;4.0;3.0;46,0718910000;3,3138910000;
202100003779.0;2;54;54426;1;1;4.0;2.0;48,6461022544;5,9035742291;
202100003780.0;3;72;72325;1;1;2.0;6.0;47,8336410000;0,4892560000;
202100003781.0;2;14;14174;2;1;7.0;6.0;48,8480130000; -0,5516180000;
202100003782.0;2;45;45182;1;1;1.0;6.0;47,7066140000;1,7925630000;
202100003783.0;3;16;16132;1;1;9.0;6.0;45,8825400000;0,7633780000;
202100003784.0;5;87;87032;2;1;1.0;6.0;45,6520280000;0,9808190000;
202100003785.0;1;87;87068;1;1;8.0;1.0;46,1536310000;1,4289950000;
202100003786.0;3;34;34157;1;1;3.0;4.0;43,4485880000;3,5805770000;
202100003787.0;3;60;60100;1;1;9.0;4.0;49,2520912614;2,6812777518;
202100003788.0;3;34;34134;1;1;1.0;1.0;43,5894520000;3,8068490000;
202100003789.0;1;987;98733;2;1;1.0;1.0; -17,7008788078; -149,5838749409;
202100003790.0;1;77;77031;1;1;1.0;6.0;48,6848830000;2,9367180000;
202100003791.0;1;34;34341;2;3;7.0;3.0;43,5002620000;3,6123830000;
202100003792.0;2;84;84129;1;1;7.0;4.0;43,9857130000;4,8904820000;
202100003793.0;1;26;26347;2;3;1.0;3.0;45,0687580000;4,8434690000;
202100003794.0;1;69;69069;2;2;2.0;6.0;45,7459310000;4,7308210000;
202100003795.0;3;85;85129;1;1;1.0;6.0;46,8323500000; -1,4772860000;
202100003796.0;2;53;53011;1;1;1.0;6.0;47,9415320000; -0,8658490000;
202100003797.0;1;22;22208;1;1;2.0;1.0;48,3169090000; -2,0211840000;
202100003798.0;2;02;02186;1;1;9.0;6.0;48,9699560000;3,3700780000;
202100003799.0;1;59;59228;1;1;1.0;2.0;50,3374080000;3,0945610000;
202100003800.0;5;59;59250;2;1;3.0;6.0;50,5863750000;2,8880980000;
202100003801.0;3;13;13071;1;1;1.0;2.0;43,3996800000;5,2933000000;
202100003802.0;2;13;13005;1;1;1.0;4.0;43,2868500000;5,5376900000;
202100003803.0;1;69;69142;1;1;2.0;7.0;45,7291400000;4,8159900000;
202100003804.0;3;69;69256;1;9;1.0;6.0;45,8043376656;4,9261354731;
202100003805.0;1;57;57206;1;9;4.0;1.0;49,3135100000;6,0954500000;
202100003806.0;4;33;33162;1;1;2.0;5.0;44,8668890000; -0,6503770000;
202100003807.0;1;33;33249;1;1;2.0;6.0;44,8845290000; -0,5104860000;
202100003808.0;2;62;62351;1;1;1.0;4.0;50,4325670000;2,9124150000;
202100003809.0;1;91;91689;1;1;2.0;4.0;48,7337610000;2,3160840000;
202100003810.0;1;91;91216;1;1;1.0;2.0;48,6843060000;2,3282530000;
202100003811.0;1;91;91477;1;1;1.0;3.0;48,7202200000;2,2269500000;
202100003812.0;1;91;91086;1;1;1.0;2.0;48,6239000000;2,3754600000;
202100003813.0;2;91;91661;1;1;2.0;7.0;48,6975760000;2,2404320000;
202100003814.0;2;91;91136;1;1;2.0;7.0;48,7106800000;2,2879300000;
202100003815.0;3;75;75116;1;1;1.0;2.0;48,8482649185;2,2422891855;
202100003816.0;1;92;92050;1;1;1.0;7.0;48,8923741657;2,1827165279;
202100003817.0;3;92;92047;1;1;2.0;6.0;48,8339754444;2,1664687519;
202100003818.0;1;93;93010;1;1;1.0;2.0;48,9133500000;2,4768300000;
202100003819.0;1;93;93010;1;1;1.0;4.0;48,8909300000;2,4735900000;
202100003820.0;3;95;95527;1;1;3.0;6.0;48,9866853985;2,5071787834;
202100003821.0;1;92;92025;2;1;1.0;2.0;48,9139000000;2,2414000000;
202100003822.0;2;92;92004;2;1;8.0;6.0;48,9149922275;2,2829756141;
202100003823.0;1;60;60613;2;1;1.0;1.0;49,2563110000;2,0185550000;
202100003824.0;5;75;75113;2;2;1.0;3.0;48,8261800000;2,3572760000;
202100003825.0;5;75;75113;2;3;1.0;3.0;48,8335290000;2,3634200000;
202100003826.0;5;75;75105;2;4;1.0;6.0;48,8431850000;2,3641560000;
202100003827.0;1;75;75120;2;3;1.0;6.0;48,8646240000;2,4056230000;
202100003828.0;5;75;75119;2;7;1.0;3.0;48,8827830000;2,3702720000;
202100003829.0;1;75;75119;2;2;1.0;3.0;48,8976170000;2,3856870000;
202100003830.0;1;75;75118;2;1;1.0;6.0;48,8979670000;2,3415130000;
202100003831.0;5;75;75117;2;2;1.0;2.0;48,8870840000;2,2895560000;
202100003832.0;5;75;75117;2;5;9.0;2.0;48,8807110000;2,2852920000;
202100003833.0;1;75;75117;2;2;1.0;3.0;48,8828340000;2,3029850000;
202100003834.0;1;75;75116;2;2;1.0;6.0;48,8527250000;2,2625020000;
202100003835.0;5;75;75115;2;5;1.0;6.0;48,8507270000;2,2923590000;
202100003836.0;5;75;75112;2;1;1.0;3.0;48,8463480000;2,4060800000;
202100003837.0;1;75;75112;2;3;1.0;6.0;48,8435110000;2,3877690000;
202100003838.0;5;75;75111;2;2;1.0;3.0;48,8558120000;2,3684870000;
202100003839.0;5;75;75110;2;1;2.0;6.0;48,8729980000;2,3757520000;
202100003840.0;5;75;75108;2;1;1.0;2.0;48,8790440000;2,3026530000;
202100003841.0;1;75;75101;2;2;1.0;7.0;48,8617030000;2,3412150000;
202100003842.0;5;75;75103;2;3;1.0;3.0;48,8681860000;2,3536210000;
202100003843.0;1;94;94044;2;1;1.0;6.0;48,7514344433;2,4893088339;
202100003844.0;5;94;94073;2;6;1.0;3.0;48,7569100000;2,3881000000;
202100003845.0;1;94;94053;2;3;1.0;3.0;48,7705900000;2,5438900000;
202100003846.0;1;94;94069;2;1;1.0;6.0;48,8203300000;2,4199200000;
202100003847.0;5;94;94071;2;9;1.0;3.0;48,7751500000;2,5211600000;
202100003848.0;5;93;93073;2;3;1.0;3.0;48,9496300000;2,5652300000;
202100003849.0;5;93;93072;2;1;1.0;1.0;48,9487300000;2,3756100000;
202100003850.0;5;93;93070;2;1;1.0;2.0;48,9014100000;2,3302800000;
202100003851.0;1;93;93055;2;9;1.0;3.0;48,9087045101;2,3991015248;
202100003852.0;1;93;93051;2;1;1.0;3.0;48,8424100000;2,5422400000;
202100003853.0;5;93;93001;2;1;1.0;3.0;48,9082800000;2,3875400000;
202100003854.0;1;93;93001;2;1;1.0;3.0;48,9077679273;2,3786473274;
202100003855.0;1;92;92064;2;1;1.0;2.0;48,8549521871;2,2227922082;
202100003856.0;5;92;92063;2;1;1.0;2.0;48,8853076202;2,1767413616;
202100003857.0;1;92;92049;2;1;1.0;6.0;48,8167489746;2,3094651103;
202100003858.0;5;92;92049;2;1;1.0;2.0;48,8145500000;2,3203400000;
202100003859.0;1;92;92036;2;2;7.0;6.0;48,9234409613;2,3214385775;
202100003860.0;5;92;92024;2;2;1.0;3.0;48,9084448856;2,3002161831;
202100003861.0;5;92;92024;2;1;1.0;1.0;48,9016583291;2,2947236896;
202100003862.0;2;92;92024;2;2;1.0;7.0;48,9085224320;2,3001229763;
202100003863.0;5;92;92012;2;2;1.0;3.0;48,8425016948;2,2308307886;
202100003864.0;5;95;95313;1;1;8.0;3.0;49,1245970000;2,2503550000;
202100003865.0;1;95;95487;2;1;1.0;6.0;49,1572250000;2,2845500000;
202100003866.0;3;76;76280;1;1;2.0;1.0;49,8235390000;1,4182230000;
202100003867.0;1;28;28196;1;1;1.0;3.0;48,2806080000;1,2218960000;
202100003868.0;2;71;71481;1;1;2.0;5.0;46,1863080000;4,7726050000;
202100003869.0;3;62;62174;1;1;9.0;6.0;50,8526160000;1,9663680000;
202100003870.0;2;52;52469;1;1;8.0;7.0;48,0411000000;5,0483840000;
202100003871.0;3;35;35338;1;2;3.0;3.0;48,0679960000; -1,2455050000;
202100003872.0;1;54;54067;1;2;8.0;3.0;49,4296040687;5,6861020607;
202100003873.0;1;76;76584;1;1;1.0;7.0;49,7491640000;1,4792920000;
202100003874.0;1;17;17264;2;7;2.0;6.0;46,2032590000; -1,1599640000;
202100003875.0;3;63;63178;1;3;2.0;3.0;45,5425770000;3,2666300000;
202100003876.0;2;62;62323;2;1;2.0;3.0;50,3012970000;2,8627570000;
202100003877.0;5;83;83116;2;1;9.0;3.0;43,4468160000;5,8604390000;
202100003878.0;3;51;51629;1;1;2.0;1.0;49,1464850000;4,0041090000;
202100003879.0;2;51;51171;2;1;8.0;7.0;49,3692249305;3,8926067948;
202100003880.0;3;67;67281;1;1;1.0;1.0;48,1528170000;7,5434120000;
202100003881.0;3;80;80373;2;1;1.0;6.0;49,9838940000;1,5611890000;
202100003882.0;1;82;82026;1;1;2.0;6.0;44,0646170000;1,6803390000;
202100003883.0;1;89;89200;1;3;8.0;3.0;47,9267030000;3,6409590000;
202100003884.0;5;63;63195;2;1;2.0;6.0;45,8238470000;3,3839730000;
202100003885.0;3;55;55574;2;1;4.0;6.0;48,4832260000;5,6093080000;
202100003886.0;3;55;55519;1;1;3.0;6.0;48,7227850000;5,2693610000;
202100003887.0;3;49;49307;1;1;1.0;1.0;47,4993110000; -0,3372610000;
202100003888.0;1;49;49377;1;1;1.0;2.0;47,5920190000; -0,4529390000;
202100003889.0;5;39;39476;2;3;1.0;3.0;47,0332520000;5,3287630000;
202100003890.0;5;44;44185;2;1;2.0;6.0;47,6452860000; -2,0747530000;
202100003891.0;2;35;35204;1;1;2.0;4.0;48,0442630000; -1,5526290000;
202100003892.0;3;35;35040;1;1;2.0;6.0;48,1417100000; -1,9174580000;
202100003893.0;3;38;38175;1;1;1.0;1.0;45,2604340000;5,9137770000;
202100003894.0;3;02;02195;1;1;2.0;1.0;49,3649220000;3,4778330000;
202100003895.0;1;03;03011;1;2;1.0;3.0;46,6708640000;3,3514090000;
202100003896.0;3;01;01134;1;1;2.0;1.0;46,2758880000;4,8616220000;
202100003897.0;1;58;58031;1;1;4.0;6.0;47,0058250000;3,4433610000;
202100003898.0;1;66;66049;2;1;1.0;6.0;42,4937130000;2,7376990000;
202100003899.0;1;50;50111;2;7;2.0;6.0;49,0258290000; -1,2840700000;
202100003900.0;3;07;07319;1;1;1.0;1.0;44,5515070000;4,6905340000;
202100003901.0;2;21;21154;2;1;2.0;6.0;47,8617954585;4,5761251938;
202100003902.0;1;28;28298;2;1;1.0;1.0;48,5841310000;1,5754330000;
202100003903.0;3;88;88408;1;1;4.0;6.0;47,9119700000;6,6540460000;
202100003904.0;3;60;60628;1;9;2.0;7.0;49,4312578003;2,1321201324;
202100003905.0;2;35;35210;1;1;2.0;4.0;48,1470490000; -1,7880360000;
202100003906.0;3;22;22277;1;1;9.0;7.0;48,3977890000; -2,8462640000;
202100003907.0;1;987;98744;1;1;1.0;6.0; -22,4648460000; -151,3697580000;
202100003908.0;5;18;18207;2;1;1.0;6.0;46,9933950000;2,2472990000;
202100003909.0;3;77;77183;1;1;1.0;6.0;48,9521460000;3,1319110000;
202100003910.0;1;78;78082;1;1;7.0;6.0;48,9673040000;1,5801110000;
202100003911.0;2;78;78346;1;1;1.0;1.0;48,9260910000;1,5731210000;
202100003912.0;1;2B;2B134;2;1;2.0;2.0;42,6317170000;8,9395240000;
202100003913.0;1;83;83107;1;3;1.0;3.0;43,4278970000;6,6693340000;
202100003914.0;3;26;26252;1;1;2.0;3.0;44,8851780000;4,8687180000;
202100003915.0;2;89;89083;1;1;1.0;3.0;47,8511540000;3,4741690000;
202100003916.0;3;89;89167;1;1;1.0;6.0;47,8797160000;3,4444910000;
202100003917.0;2;67;67339;2;1;1.0;3.0;48,8983200000;7,9239030000;
202100003918.0;3;63;63226;1;1;1.0;3.0;45,7575230000;3,2613520000;
202100003919.0;1;42;42323;2;1;1.0;2.0;45,5715750000;4,2739180000;
202100003920.0;5;79;79270;2;2;2.0;3.0;46,4133190000; -0,2056720000;
202100003921.0;5;29;29124;2;1;2.0;6.0;48,5697600000; -4,3179860000;
202100003922.0;1;60;60247;1;2;1.0;1.0;49,4356184931;2,5275973677;
202100003923.0;5;60;60307;2;1;1.0;3.0;49,3356390386;2,2594617605;
202100003924.0;1;83;83137;1;1;1.0;4.0;43,1247873678;5,9013426304;
202100003925.0;1;33;33249;1;1;1.0;6.0;44,8849400000; -0,5122100000;
202100003926.0;1;33;33013;1;1;1.0;2.0;44,8682500000; -0,4944600000;
202100003927.0;3;33;33167;1;1;1.0;4.0;44,8409400000; -0,5015100000;
202100003928.0;3;59;59523;1;1;1.0;6.0;50,5981600000;3,1426700000;
202100003929.0;5;92;92002;1;1;1.0;2.0;48,7632567814;2,3103776131;
202100003930.0;3;91;91589;1;1;1.0;2.0;48,6789100000;2,3345900000;
202100003931.0;1;91;91573;1;1;1.0;5.0;48,6316560000;2,5188420000;
202100003932.0;1;91;91340;1;1;1.0;4.0;48,6046600000;2,4367700000;
202100003933.0;1;94;94065;1;1;1.0;2.0;48,7550400000;2,3436700000;
202100003934.0;3;92;92025;1;1;2.0;2.0;48,9324073982;2,2485267811;
202100003935.0;3;78;78140;1;1;1.0;2.0;48,9589300000;1,9328900000;
202100003936.0;3;78;78640;1;1;1.0;2.0;48,7784680000;2,2079490000;
202100003937.0;3;78;78431;1;1;1.0;1.0;48,9438150000;1,9503690000;
202100003938.0;1;78;78090;1;1;1.0;2.0;48,9704830000;1,9010990000;
202100003939.0;1;93;93066;1;1;1.0;6.0;48,9305000000;2,3663700000;
202100003940.0;1;93;93027;1;1;1.0;2.0;48,9269200000;2,4045100000;
202100003941.0;1;95;95241;1;1;1.0;2.0;49,0463700000;2,4546400000;
202100003942.0;3;93;93063;1;1;1.0;3.0;48,8763800000;2,4426200000;
202100003943.0;3;95;95060;1;1;1.0;6.0;49,0353500000;2,1961000000;
202100003944.0;3;94;94017;1;1;1.0;2.0;48,8292770022;2,4819539624;
202100003945.0;1;77;77517;1;1;1.0;6.0;48,9032000000;2,6474000000;
202100003946.0;3;77;77294;1;1;1.0;2.0;48,9703960000;2,5704740000;
202100003947.0;5;94;94052;1;1;1.0;2.0;48,8433249102;2,4931240082;
202100003948.0;3;60;60057;1;1;1.0;6.0;49,4110100000;2,1023600000;
202100003949.0;5;87;87114;2;1;2.0;6.0;45,8296800000;1,2975700000;
202100003950.0;1;13;13212;2;1;1.0;1.0;43,3120000000;5,4490000000;
202100003951.0;5;976;97611;2;1;1.0;6.0; -12,7848100000;45,2227000000;
202100003952.0;5;91;91103;2;9;1.0;6.0;48,6085240000;2,2970670000;
202100003953.0;5;62;62224;2;1;1.0;6.0;50,5332500000;2,5646300000;
202100003954.0;1;64;64122;2;1;1.0;6.0;43,4842860323; -1,5554760396;
202100003955.0;1;16;16102;1;1;1.0;1.0;45,6953700000; -0,3509140000;
202100003956.0;1;75;75101;2;2;1.0;3.0;48,8666130000;2,3285740000;
202100003957.0;1;974;97416;2;9;1.0;2.0; -21,3066000000;55,4977200000;