Num_Acc;lum;departement;commune;agglomeration;intersection;meteo;type_collision;lat;long;date
202100005273.0;1;66;66136;2;1;8.0;6.0;42,6940461256;2,8879898787;
202100005274.0;5;66;66136;2;3;1.0;3.0;42,6757300000;2,8482900000;
202100005275.0;2;64;64483;2;1;1.0;2.0;43,3747700000; -1,6377700000;
202100005276.0;1;64;64445;2;1;1.0;2.0;43,3050200000; -0,3720100000;
202100005277.0;1;64;64024;2;1;1.0;3.0;43,4635000000; -1,5112600000;
202100005278.0;1;63;63300;1;1;1.0;1.0;45,8779400000;3,1267400000;
202100005279.0;5;63;63113;2;1;1.0;1.0;45,7909900000;3,0986200000;
202100005280.0;5;63;63113;2;1;1.0;3.0;45,7673100000;3,1046700000;
202100005281.0;1;63;63113;2;1;1.0;2.0;45,7780900000;3,0724100000;
202100005282.0;1;63;63113;2;5;1.0;3.0;45,8001400000;3,1124400000;
202100005283.0;5;59;59104;2;1;2.0;6.0;50,2894300000;4,0554700000;
202100005284.0;2;59;59324;2;1;1.0;6.0;50,2968537739;4,0986728668;
202100005285.0;5;59;59560;2;3;8.0;3.0;50,5590630000;3,0285360000;
202100005286.0;2;59;59350;2;9;8.0;6.0;50,6189100000;3,0763200000;
202100005287.0;1;59;59359;1;1;8.0;1.0;51,0303100000;2,2152100000;
202100005288.0;5;57;57672;2;1;3.0;6.0;49,3666600000;6,1501900000;
202100005289.0;1;57;57751;2;9;2.0;3.0;49,1486200000;6,1715800000;
202100005290.0;5;57;57049;2;2;3.0;6.0;49,1280991000;6,1468129000;
202100005291.0;5;56;56121;2;1;1.0;1.0;47,7368300000; -3,3772700000;
202100005292.0;5;54;54395;2;4;2.0;6.0;48,6722700000;6,1641500000;
202100005293.0;2;52;52121;2;1;2.0;3.0;48,0978100000;5,1410000000;
202100005294.0;1;51;51454;2;2;2.0;7.0;49,2616800000;4,0510400000;
202100005295.0;1;49;49328;2;1;1.0;3.0;47,2648500000; -0,0724600000;
202100005296.0;5;49;49246;2;1;1.0;6.0;47,4414650000; -0,5343960000;
202100005297.0;1;49;49267;2;3;1.0;3.0;47,4775400000; -0,4911500000;
202100005298.0;1;49;49007;2;1;8.0;6.0;47,4733600000; -0,5432500000;
202100005299.0;2;49;49246;2;1;1.0;7.0;47,4208962949; -0,4906682971;
202100005300.0;5;45;45147;2;6;1.0;7.0;47,9340300000;1,8948900000;
202100005301.0;5;45;45147;2;6;2.0;3.0;47,9238700784;1,9010639191;
202100005302.0;5;45;45234;2;1;2.0;3.0;47,8475000000;1,9354700000;
202100005303.0;3;45;45068;1;1;2.0;5.0;48,0243100000;2,7403100000;
202100005304.0;1;45;45338;2;2;8.0;3.0;47,9963900000;2,7073500000;
202100005305.0;3;44;44184;2;2;1.0;3.0;47,2785300000; -2,2116400000;
202100005306.0;1;44;44162;2;3;1.0;3.0;47,2502100000; -1,6458500000;
202100005307.0;1;44;44172;1;1;1.0;3.0;47,2398000000; -1,4867300000;
202100005308.0;2;38;38151;2;1;1.0;6.0;45,1550200000;5,7153600000;
202100005309.0;5;37;37122;2;1;1.0;6.0;47,3351073286;0,6598750502;
202100005310.0;1;37;37261;2;1;1.0;7.0;47,3668685424;0,6841135025;
202100005311.0;5;37;37261;2;1;1.0;1.0;47,3830316518;0,6683313847;
202100005312.0;1;37;37261;2;1;8.0;2.0;47,3742936347;0,7034897804;
202100005313.0;5;37;37214;2;1;1.0;3.0;47,4138374494;0,6707024574;
202100005314.0;5;35;35238;2;2;2.0;3.0;48,1246800000; -1,7030100000;
202100005315.0;5;35;35238;2;1;1.0;2.0;48,1140500000; -1,6347000000;
202100005316.0;5;35;35238;2;2;1.0;6.0;48,1093190000; -1,6778390000;
202100005317.0;1;35;35238;2;6;2.0;6.0;48,1336490000; -1,6853740000;
202100005318.0;5;35;35238;2;9;1.0;3.0;48,1109000000; -1,6558400000;
202100005319.0;5;35;35238;2;6;2.0;3.0;48,1384700000; -1,6531500000;
202100005320.0;2;35;35238;2;1;2.0;2.0;48,1100771549; -1,6862627417;
202100005321.0;1;33;33162;2;1;1.0;4.0;44,8839100000; -0,6335700000;
202100005322.0;2;33;33075;2;9;3.0;6.0;44,8770200000; -0,5781400000;
202100005323.0;1;33;33281;2;1;1.0;3.0;44,8533700000; -0,6720200000;
202100005324.0;1;33;33009;2;1;1.0;6.0;44,6543700000; -1,1654500000;
202100005325.0;2;32;32013;2;6;2.0;3.0;43,6408900000;0,5959700000;
202100005326.0;5;31;31555;2;1;1.0;7.0;43,5993801668;1,4331954718;
202100005327.0;1;31;31483;2;1;1.0;3.0;43,1160100000;0,7479300000;
202100005328.0;3;30;30189;1;1;2.0;7.0;43,8708000000;4,2780000000;
202100005329.0;3;30;30007;2;1;1.0;3.0;44,1401300000;4,0921100000;
202100005330.0;1;29;29051;1;1;8.0;1.0;47,9976735100; -4,0480810400;
202100005331.0;3;29;29232;2;1;8.0;7.0;47,9834400000; -4,1186100000;
202100005332.0;2;29;29039;2;4;2.0;3.0;47,8694655030; -3,9189782739;
202100005333.0;5;27;27229;2;9;2.0;3.0;49,0137800000;1,1525200000;
202100005334.0;1;27;27229;2;1;2.0;7.0;49,0185000000;1,1427900000;
202100005335.0;1;27;27229;2;1;1.0;7.0;49,0230640000;1,1406300000;
202100005336.0;1;27;27229;2;1;8.0;7.0;49,0245300000;1,1508800000;
202100005337.0;5;27;27229;2;1;2.0;6.0;49,0095900000;1,1608600000;
202100005338.0;3;25;25634;1;1;8.0;1.0;46,9341340000;6,3428240000;
202100005339.0;1;25;25056;2;3;3.0;3.0;47,2464101000;6,0562605000;
202100005340.0;5;25;25056;2;1;2.0;6.0;47,2513640000;5,9868970000;
202100005341.0;1;25;25056;2;1;2.0;3.0;47,2214700000;5,9680500000;
202100005342.0;2;17;17306;2;1;2.0;3.0;45,6311620000; -0,9970810000;
202100005343.0;1;17;17306;2;3;1.0;6.0;45,6232700000; -1,0304700000;
202100005344.0;2;14;14715;2;1;2.0;3.0;49,3625200000;0,0857900000;
202100005345.0;1;14;14118;2;2;3.0;3.0;49,1839450000; -0,3866140000;
202100005346.0;3;14;14327;2;1;1.0;3.0;49,1903800000; -0,3339800000;
202100005347.0;1;13;13203;2;1;8.0;3.0;43,3075173101;5,3871803220;
202100005348.0;1;13;13213;2;4;1.0;3.0;43,3520200000;5,4375200000;
202100005349.0;1;13;13203;2;1;1.0;1.0;43,3112700000;5,3781300000;
202100005350.0;5;13;13213;2;1;1.0;6.0;43,3282200000;5,4187300000;
202100005351.0;5;13;13213;2;3;1.0;3.0;43,3442800000;5,4433400000;
202100005352.0;5;13;13205;2;1;1.0;2.0;43,2892500000;5,3998100000;
202100005353.0;1;13;13204;2;1;1.0;2.0;43,3166000000;5,3963900000;
202100005354.0;1;13;13210;2;1;1.0;2.0;43,2824000000;5,4060800000;
202100005355.0;1;13;13201;2;2;1.0;3.0;43,2943932265;5,3754231385;
202100005356.0;1;13;13047;1;1;1.0;5.0;43,5301700000;4,9605200000;
202100005357.0;1;12;12145;2;3;2.0;3.0;44,0995885199;3,0725374818;
202100005358.0;1;11;11262;2;3;1.0;3.0;43,1788900000;2,9956000000;
202100005359.0;1;11;11069;2;6;1.0;3.0;43,2130100000;2,3717000000;
202100005360.0;1;09;09225;1;1;1.0;6.0;43,0968400000;1,6411900000;
202100005361.0;1;09;09225;2;2;1.0;3.0;43,1182730000;1,6090400000;
202100005362.0;1;08;08105;2;1;9.0;3.0;49,7624400000;4,7192400000;
202100005363.0;1;07;07102;2;6;8.0;6.0;44,9325180000;4,8696560000;
202100005364.0;1;06;06088;2;1;1.0;2.0;43,7019030000;7,2540100000;
202100005365.0;1;06;06029;2;1;1.0;3.0;43,5499260000;7,0082660000;
202100005366.0;1;05;05061;2;3;7.0;6.0;44,5698500000;6,0833200000;
202100005367.0;5;05;05061;2;3;1.0;3.0;44,5549200000;6,0745600000;
202100005368.0;1;04;04112;1;3;1.0;5.0;43,8055900000;5,7798200000;
202100005369.0;4;03;03095;2;1;2.0;6.0;46,1380500000;3,4562600000;
202100005370.0;1;03;03310;2;1;1.0;6.0;46,1212800000;3,4230700000;
202100005371.0;5;75;75113;2;3;1.0;6.0;48,8267720000;2,3571060000;
202100005372.0;1;75;75106;2;2;2.0;6.0;48,8470560000;2,3315690000;
202100005373.0;1;75;75105;2;2;3.0;3.0;48,8511310000;2,3513150000;
202100005374.0;5;75;75101;2;2;1.0;2.0;48,8543390000;2,3449030000;
202100005375.0;2;75;75119;2;2;1.0;6.0;48,8924430000;2,3789180000;
202100005376.0;5;75;75117;2;3;8.0;7.0;48,8877280000;2,3113850000;
202100005377.0;1;75;75117;2;1;8.0;7.0;48,8934510000;2,3086430000;
202100005378.0;5;75;75116;2;1;2.0;7.0;48,8446350000;2,2614030000;
202100005379.0;5;75;75115;2;2;1.0;3.0;48,8461950000;2,2951810000;
202100005380.0;5;75;75115;2;2;1.0;6.0;48,8414890000;2,3079510000;
202100005381.0;1;75;75114;2;2;1.0;3.0;48,8254610000;2,3023490000;
202100005382.0;1;75;75113;2;1;1.0;6.0;48,8285010000;2,3764940000;
202100005383.0;2;75;75110;2;1;2.0;3.0;48,8705000000;2,3530570000;
202100005384.0;1;75;75108;2;7;2.0;6.0;48,8649190000;2,3102710000;
202100005385.0;1;75;75108;2;7;2.0;3.0;48,8780720000;2,3052390000;
202100005386.0;1;75;75108;2;1;1.0;3.0;48,8726520000;2,3214420000;
202100005387.0;5;75;75104;2;2;2.0;7.0;48,8526260000;2,3673630000;
202100005388.0;2;94;94068;2;1;2.0;6.0;48,8008100000;2,4709100000;
202100005389.0;5;94;94068;2;2;1.0;3.0;48,7956000000;2,5084900000;
202100005390.0;5;93;93072;2;3;2.0;1.0;48,9517300000;2,3819900000;
202100005391.0;1;93;93071;2;1;2.0;6.0;48,9496154258;2,5231720968;
202100005392.0;1;93;93064;2;1;2.0;3.0;48,8789900000;2,4784900000;
202100005393.0;5;93;93031;2;2;8.0;6.0;48,9547000000;2,3080000000;
202100005394.0;1;93;93007;2;2;1.0;6.0;48,9401662007;2,4624878168;
202100005395.0;2;93;93005;2;1;2.0;2.0;48,9588760885;2,4858797436;
202100005396.0;1;92;92076;2;1;1.0;7.0;48,8390760000;2,1644780000;
202100005397.0;5;92;92046;2;1;1.0;3.0;48,8146300000;2,3036000000;
202100005398.0;1;92;92035;2;1;2.0;6.0;48,9078800000;2,2479200000;
202100005399.0;1;92;92023;2;1;8.0;6.0;48,7874481539;2,2566282749;
202100005400.0;1;92;92012;2;1;2.0;1.0;48,8422680641;2,2386360168;
202100005401.0;1;92;92012;2;1;1.0;3.0;48,8408370519;2,2273077071;
202100005402.0;5;92;92049;2;1;8.0;2.0;48,8099770875;2,3199766874;
202100005403.0;5;92;92004;2;1;2.0;7.0;48,9102958951;2,2859582305;
202100005404.0;5;35;35013;1;2;1.0;3.0;47,7003210000; -2,0850370000;
202100005405.0;1;49;49244;1;1;1.0;6.0;47,3565340000; -0,9288490000;
202100005406.0;3;49;49220;2;1;1.0;6.0;47,7382950000; -0,4174430000;
202100005407.0;3;21;21599;1;1;1.0;2.0;47,6052370000;5,1967850000;
202100005408.0;3;01;01166;1;6;1.0;6.0;46,0062630000;4,7679810000;
202100005409.0;3;01;01360;1;2;2.0;3.0;46,2141510000;5,9582000000;
202100005410.0;1;58;58086;2;1;1.0;1.0;47,3712860000;2,9070260000;
202100005411.0;1;43;43123;1;1;1.0;2.0;45,3125030000;3,2558960000;
202100005412.0;1;56;56213;1;1;2.0;6.0;48,1144300000; -2,9177550000;
202100005413.0;2;56;56040;1;1;1.0;1.0;47,8860900000; -3,3392230000;
202100005414.0;1;56;56184;1;1;8.0;1.0;47,6878900000; -2,4639840000;
202100005415.0;2;67;67099;1;1;4.0;7.0;48,9482940000;7,1402120000;
202100005416.0;1;79;79202;2;6;1.0;3.0;46,6449640000; -0,2511810000;
202100005417.0;1;32;32242;1;1;3.0;6.0;43,4221930000;0,5903430000;
202100005418.0;1;71;71137;1;2;3.0;6.0;46,4405846165;4,6527823642;
202100005419.0;2;68;68374;2;1;4.0;6.0;48,0602160000;7,2336390000;
202100005420.0;1;29;29227;1;1;2.0;1.0;48,3742830000; -3,6028720000;
202100005421.0;3;38;38343;1;1;2.0;1.0;45,5602210000;5,6226530000;
202100005422.0;1;01;01108;2;3;2.0;6.0;46,3875120000;5,3475580000;
202100005423.0;1;70;70248;1;1;4.0;1.0;47,6510860000;6,7612050000;
202100005424.0;1;70;70503;1;1;3.0;6.0;47,4322680000;6,0994290000;
202100005425.0;1;66;66053;1;1;1.0;6.0;42,5295320000;3,0718960000;
202100005426.0;1;66;66179;2;1;1.0;1.0;42,3868680000;2,6116990000;
202100005427.0;1;72;72168;1;3;1.0;4.0;48,0007840000; -0,1237790000;
202100005428.0;2;45;45025;1;1;5.0;5.0;48,1747860000;2,0539280000;
202100005429.0;3;16;16137;1;3;5.0;6.0;45,6077710000;0,4751690000;
202100005430.0;1;04;04035;1;1;1.0;3.0;43,9037330000;6,0308720000;
202100005431.0;1;17;17477;1;1;1.0;6.0;45,9758280000; -0,1594840000;
202100005432.0;1;37;37130;2;1;1.0;6.0;47,0420340000;0,8184490000;
202100005433.0;5;37;37203;2;1;1.0;6.0;47,4085935669;0,7576268777;
202100005434.0;3;30;30167;1;1;8.0;7.0;44,2716200000;4,1850000000;
202100005435.0;3;30;30077;1;1;1.0;3.0;44,1519850000;4,0568690000;
202100005436.0;1;52;52265;1;1;8.0;1.0;48,5418410000;5,0842240000;
202100005437.0;1;08;08311;1;1;8.0;1.0;49,6154440000;5,0658770000;
202100005438.0;3;13;13091;1;1;5.0;1.0;43,6212580000;5,3546760000;
202100005439.0;1;35;35189;1;1;1.0;7.0;48,1564460000; -1,7085730000;
202100005440.0;2;973;97309;2;1;1.0;3.0;4,8901890000; -52,2876960000;
202100005441.0;3;01;01099;1;1;2.0;2.0;45,9082500000;5,2413920000;
202100005442.0;3;37;37039;1;1;1.0;1.0;47,0518210000;1,0905430000;
202100005443.0;3;11;11262;1;1;1.0;6.0;43,1624150000;2,9932810000;
202100005444.0;3;74;74118;1;1;2.0;4.0;46,1733670000;6,2399230000;
202100005445.0;5;95;95250;2;1;1.0;6.0;49,0944420000;2,5020670000;
202100005446.0;1;987;98725;2;1;3.0;6.0; -17,5429750000; -149,4760010000;
202100005447.0;3;973;97313;1;1;2.0;6.0;4,9015860000; -52,5164250000;
202100005448.0;3;33;33199;2;1;1.0;3.0;44,6428150000; -1,0601380000;
202100005449.0;1;34;34213;1;1;2.0;3.0;43,4733840000;3,6794760000;
202100005450.0;1;34;34272;1;3;1.0;3.0;43,6514090000;4,1049390000;
202100005451.0;1;06;06077;1;1;1.0;1.0;43,8619890000;7,3471780000;
202100005452.0;1;13;13041;1;1;1.0;2.0;43,4489930000;5,4478240000;
202100005453.0;1;74;74201;2;1;2.0;1.0;46,1188410000;6,1106090000;
202100005454.0;1;38;38148;1;1;8.0;1.0;45,6151330000;5,4651190000;
202100005455.0;1;85;85247;1;1;1.0;6.0;46,9617890000; -1,0547630000;
202100005456.0;1;14;14737;1;3;3.0;1.0;48,9201500000; -0,1854240000;
202100005457.0;1;27;27275;2;4;1.0;6.0;49,1620210000;1,3379290000;
202100005458.0;1;60;60338;2;1;1.0;3.0;49,3564360000;2,7956640000;
202100005459.0;1;62;62557;2;4;1.0;3.0;50,3217170000;2,7012800000;
202100005460.0;1;69;69029;1;1;1.0;4.0;45,7283600000;4,9035600000;
202100005461.0;3;91;91086;1;1;2.0;2.0;48,6235600000;2,3910500000;
202100005462.0;1;92;92064;1;1;1.0;7.0;48,8393233433;2,2181925165;
202100005463.0;3;78;78672;1;1;2.0;4.0;48,9287010000;1,9885590000;
202100005464.0;4;93;93066;1;1;1.0;3.0;48,9252400000;2,3569200000;
202100005465.0;1;93;93027;1;1;2.0;7.0;48,9285700000;2,4151700000;
202100005466.0;3;93;93053;1;1;1.0;3.0;48,8822100000;2,4553300000;
202100005467.0;2;74;74305;2;1;2.0;6.0;46,2053690092;6,2819695473;
202100005468.0;1;74;74305;2;1;1.0;1.0;46,2015100000;6,2358700000;
202100005469.0;1;74;74229;2;3;1.0;3.0;46,2263640000;6,3147330000;
202100005470.0;1;74;74042;2;1;1.0;6.0;46,0773910000;6,4082370000;
202100005471.0;2;74;74220;1;1;1.0;1.0;46,1510671000;6,2544290000;
202100005472.0;5;94;94079;2;1;1.0;6.0;48,8241100000;2,5307740000;
202100005473.0;1;974;97416;2;1;1.0;2.0; -21,3358049524;55,4760164022;
202100005474.0;1;974;97411;1;1;2.0;3.0; -20,8968900000;55,4479700000;
202100005475.0;1;974;97411;2;2;1.0;3.0; -20,8927100000;55,4834800000;
202100005476.0;5;69;69388;2;2;1.0;6.0;45,7304792009;4,8535537720;
202100005477.0;1;69;69202;2;1;1.0;1.0;45,7429000000;4,8072000000;
202100005478.0;1;971;97113;2;2;1.0;6.0;16,2235350108; -61,5236050772;
202100005479.0;1;2A;2A004;2;1;1.0;7.0;41,9247625390;8,7379050603;
202100005480.0;1;95;95280;1;1;1.0;3.0;49,0108300000;2,4893400000;
202100005481.0;1;95;95210;2;1;1.0;6.0;48,9645642617;2,3045467745;
202100005482.0;5;91;91021;2;9;2.0;7.0;48,5988000000;2,2449500000;
202100005483.0;5;91;91657;2;2;1.0;6.0;48,7161690000;2,4372400000;
202100005484.0;5;87;87085;2;1;4.0;6.0;45,8686400000;1,2781800000;
202100005485.0;1;87;87114;2;3;1.0;3.0;45,8481300000;1,3466500000;
202100005486.0;3;87;87065;1;1;2.0;6.0;45,8102200000;1,3128200000;
202100005487.0;1;83;83144;2;4;7.0;6.0;43,1295000000;5,9901100000;
202100005488.0;5;80;80021;2;1;2.0;1.0;49,8933876513;2,2940119111;
202100005489.0;5;80;80021;2;1;1.0;7.0;49,8873400000;2,3034900000;
202100005490.0;1;80;80489;1;1;1.0;2.0;49,8814100000;2,3707100000;
202100005491.0;5;77;77288;2;1;1.0;6.0;48,5278600000;2,6537600000;
202100005492.0;5;74;74012;1;1;1.0;2.0;46,1846400000;6,2428600000;
202100005493.0;5;71;71497;2;1;2.0;5.0;46,3333253305;4,8438985814;
202100005494.0;1;67;67482;2;3;1.0;3.0;48,5512500000;7,7428000000;
202100005495.0;1;66;66136;2;1;1.0;3.0;42,6905400000;2,8743700000;
202100005496.0;1;65;65417;2;1;1.0;1.0;43,2180200000;0,1087700000;
202100005497.0;2;63;63113;2;1;1.0;3.0;45,7791100000;3,1253000000;
202100005498.0;1;63;63075;2;1;1.0;6.0;45,7812600000;3,0707400000;
202100005499.0;1;63;63113;2;2;1.0;3.0;45,7757800000;3,0854700000;
202100005500.0;1;62;62193;2;9;8.0;6.0;50,9471600000;1,8559400000;
202100005501.0;5;60;60665;1;1;3.0;6.0;49,4089960000;2,7788550000;
202100005502.0;1;59;59350;2;1;1.0;3.0;50,6239400000;3,0783600000;
202100005503.0;1;59;59378;2;1;2.0;6.0;50,6762000000;3,1096400000;
202100005504.0;5;59;59574;2;1;3.0;2.0;50,3604200000;3,2807800000;
202100005505.0;2;54;54580;2;4;1.0;6.0;49,4694350000;5,9302310000;
202100005506.0;5;51;51454;2;1;1.0;7.0;49,2771000000;4,0162170000;
202100005507.0;5;50;50218;1;1;1.0;2.0;48,8375000000; -1,5397200000;
202100005508.0;1;43;43157;2;2;1.0;6.0;45,0465600000;3,8922800000;
202100005509.0;1;38;38229;1;1;5.0;6.0;45,2054310183;5,7838685811;
202100005510.0;3;35;35238;2;1;1.0;2.0;48,1309456465; -1,6520188898;
202100005511.0;5;33;33281;2;9;1.0;6.0;44,8418800000; -0,6633200000;
202100005512.0;1;30;30007;2;1;1.0;3.0;44,1483840000;4,0943340000;
202100005513.0;4;28;28110;2;6;2.0;4.0;48,4248700000;1,5132100000;
202100005514.0;5;26;26362;2;1;1.0;2.0;44,9234230000;4,8925490000;
202100005515.0;5;14;14118;2;1;1.0;6.0;49,1882300000; -0,3513000000;
202100005516.0;1;14;14167;2;3;1.0;3.0;49,2022300000; -0,3054500000;
202100005517.0;1;14;14181;1;9;1.0;6.0;49,1523600000; -0,3164000000;
202100005518.0;5;13;13117;2;1;1.0;2.0;43,4378000000;5,2850000000;
202100005519.0;5;13;13216;2;1;1.0;3.0;43,3531400000;5,3375400000;
202100005520.0;5;13;13215;2;1;1.0;3.0;43,3541000000;5,3712800000;
202100005521.0;5;13;13208;2;1;1.0;6.0;43,2710700000;5,3920700000;
202100005522.0;5;13;13206;2;3;1.0;3.0;43,2899965656;5,3813427381;
202100005523.0;2;13;13211;2;1;1.0;3.0;43,2886400000;5,4569100000;
202100005524.0;1;13;13214;2;1;1.0;2.0;43,3243773624;5,3823505106;
202100005525.0;5;13;13205;2;1;1.0;1.0;43,2874300000;5,4003900000;
202100005526.0;1;06;06027;2;1;1.0;6.0;43,6484100000;7,1382100000;
202100005527.0;5;05;05061;2;1;1.0;2.0;44,5681200000;6,0987700000;
202100005528.0;1;04;04112;1;1;2.0;7.0;43,8408000000;5,7448600000;
202100005529.0;1;75;75117;2;1;1.0;2.0;48,8819110000;2,2827270000;
202100005530.0;5;75;75106;2;2;1.0;6.0;48,8480260000;2,3278710000;
202100005531.0;1;75;75106;2;4;1.0;6.0;48,8527050000;2,3339380000;
202100005532.0;5;75;75116;2;2;1.0;3.0;48,8529990000;2,2619020000;
202100005533.0;1;75;75115;2;7;1.0;2.0;48,8333920000;2,2770360000;
202100005534.0;5;75;75114;2;3;1.0;3.0;48,8292470000;2,3192250000;
202100005535.0;5;75;75113;2;2;1.0;6.0;48,8261810000;2,3572720000;
202100005536.0;1;75;75113;2;1;8.0;3.0;48,8410050000;2,3691620000;
202100005537.0;1;75;75113;2;3;8.0;6.0;48,8183970000;2,3635830000;
202100005538.0;1;75;75111;2;3;1.0;6.0;48,8511660000;2,3815830000;
202100005539.0;5;75;75110;2;2;1.0;6.0;48,8737730000;2,3583110000;
202100005540.0;1;75;75110;2;2;1.0;6.0;48,8736220000;2,3750460000;
202100005541.0;1;75;75101;2;7;8.0;6.0;48,8666100000;2,3285700000;
202100005542.0;1;75;75108;2;2;1.0;3.0;48,8787620000;2,3222410000;
202100005543.0;1;75;75108;2;4;8.0;7.0;48,8742360000;2,2996790000;
202100005544.0;5;75;75108;2;1;1.0;3.0;48,8726200000;2,2988010000;
202100005545.0;1;75;75107;2;1;8.0;6.0;48,8603600000;2,3248890000;
202100005546.0;1;75;75104;2;2;8.0;3.0;48,8526530000;2,3633330000;
202100005547.0;1;75;75101;2;7;8.0;3.0;48,8572630000;2,3471540000;
202100005548.0;5;94;94080;2;1;8.0;3.0;48,8458270000;2,4398600000;
202100005549.0;5;94;94068;2;1;1.0;2.0;48,8029400000;2,4854200000;
202100005550.0;2;94;94068;2;2;8.0;3.0;48,7962200000;2,5002700000;
202100005551.0;5;94;94052;2;1;9.0;3.0;48,8358500000;2,4721500000;
202100005552.0;2;94;94046;2;1;1.0;6.0;48,8020100000;2,4415400000;
202100005553.0;5;94;94041;2;1;8.0;2.0;48,8200800000;2,3956700000;
202100005554.0;5;94;94028;2;2;2.0;3.0;48,7963000000;2,4576400000;
202100005555.0;1;94;94018;2;1;8.0;6.0;48,8227500000;2,4117700000;
202100005556.0;5;94;94017;2;2;1.0;6.0;48,8234600000;2,4967900000;
202100005557.0;1;94;94075;2;1;1.0;6.0;48,7275300000;2,5255800000;
202100005558.0;1;93;93070;2;2;1.0;3.0;48,9018694321;2,3386395503;
202100005559.0;1;93;93049;2;2;1.0;3.0;48,8680018320;2,5033396425;
202100005560.0;5;93;93006;2;2;2.0;3.0;48,8762180000;2,4230860000;
202100005561.0;3;93;93001;2;1;1.0;2.0;48,9104974772;2,3912175000;
202100005562.0;2;93;93014;2;1;8.0;6.0;48,9097900000;2,5497700000;
202100005563.0;1;93;93005;2;3;2.0;3.0;48,9427000000;2,4947800000;
202100005564.0;1;92;92020;2;1;8.0;6.0;48,8076420000;2,2947140000;
202100005565.0;1;92;92044;2;1;1.0;3.0;48,8977710000;2,2948520000;
202100005566.0;1;92;92036;2;2;1.0;3.0;48,9267529572;2,2946378589;
202100005567.0;5;92;92026;2;1;1.0;7.0;48,8965801503;2,2528517246;
202100005568.0;1;92;92026;2;1;8.0;7.0;48,9005674285;2,2484850883;
202100005569.0;1;92;92026;2;9;1.0;6.0;48,9005340000;2,2563440000;
202100005570.0;1;92;92071;2;1;1.0;3.0;48,7826045965;2,2817552090;
202100005571.0;5;92;92012;2;1;1.0;2.0;48,8408346577;2,2272902727;
202100005572.0;5;92;92012;2;6;1.0;6.0;48,8334645890;2,2436329722;
202100005573.0;5;65;65304;2;1;1.0;1.0;43,4690270000;0,0346540000;
202100005574.0;1;45;45092;1;9;1.0;3.0;47,9861750000;2,6397600000;
202100005575.0;1;40;40065;2;1;1.0;6.0;43,6406440000; -1,4256550000;
202100005576.0;1;40;40065;2;9;1.0;6.0;43,6406440000; -1,4256550000;
202100005577.0;5;31;31446;2;1;5.0;6.0;43,5446150000;1,4763840000;
202100005578.0;3;67;67302;1;1;1.0;1.0;48,7430170000;7,4051500000;
202100005579.0;5;06;06064;2;3;1.0;3.0;43,7605180000;7,1909490000;
202100005580.0;3;42;42283;2;1;1.0;1.0;45,5489490000;4,5475570000;
202100005581.0;3;85;85109;1;1;1.0;7.0;46,8236360000; -0,9997440000;
202100005582.0;1;22;22305;1;2;8.0;3.0;48,2617380000; -2,1742050000;
202100005583.0;4;41;41149;2;1;2.0;6.0;47,7522950000;0,8605490000;
202100005584.0;5;95;95527;2;1;2.0;1.0;49,0015572922;2,5195619325;
202100005585.0;1;56;56110;1;1;1.0;7.0;48,0356230000; -3,2508320000;
202100005586.0;1;56;56184;1;1;2.0;6.0;47,6594670000; -2,4282080000;
202100005587.0;3;79;79007;1;2;1.0;7.0;46,5774070000; -0,4156240000;
202100005588.0;1;71;71351;1;1;1.0;3.0;46,8829830000;5,2376070000;
202100005589.0;2;76;76442;1;4;2.0;3.0;49,9941453646;1,4714089036;
202100005590.0;2;47;47065;1;1;8.0;6.0;44,3716770000;0,3557040000;
202100005591.0;1;03;03254;2;9;2.0;6.0;46,3096140000;3,2888410000;
202100005592.0;3;58;58178;1;1;8.0;7.0;46,9321660000;3,6684440000;
202100005593.0;1;66;66106;1;3;1.0;2.0;42,5020110000;2,8228960000;
202100005594.0;1;66;66015;1;1;1.0;7.0;42,5624930000;2,8719930000;
202100005595.0;5;14;14342;2;1;2.0;6.0;49,3183740000; -1,1017920000;
202100005596.0;5;60;60178;2;2;2.0;6.0;49,6072130000;2,0772150000;
202100005597.0;1;07;07240;1;6;1.0;3.0;44,8474160000;4,8210790000;
202100005598.0;1;53;53126;2;2;2.0;3.0;48,3623070000; -0,9971700000;
202100005599.0;1;52;52250;2;2;3.0;3.0;48,4418350000;5,1518690000;
202100005600.0;5;08;08363;2;1;2.0;6.0;49,9386650000;4,6410420000;
202100005601.0;2;35;35210;1;1;1.0;4.0;48,1490520000; -1,7922740000;