Num_Acc;lum;departement;commune;agglomeration;intersection;meteo;type_collision;lat;long;date
202100005602.0;1;33;33284;1;1;1.0;2.0;44,6423380000; -0,8407120000;
202100005603.0;3;83;83140;1;1;1.0;5.0;43,4334060000;5,9350040000;
202100005604.0;2;41;41252;1;1;1.0;1.0;47,6671070000;1,4760200000;
202100005605.0;1;84;84054;2;6;1.0;3.0;43,9111110000;5,0561570000;
202100005606.0;3;06;06015;1;1;1.0;1.0;43,8280870000;7,3471820000;
202100005607.0;5;57;57663;2;1;2.0;6.0;49,2273900000;6,1670210000;
202100005608.0;1;33;33003;2;1;3.0;6.0;44,9283900000; -0,5119500000;
202100005609.0;3;49;49332;1;1;8.0;2.0;47,0745500000; -0,9439230000;
202100005610.0;1;60;60170;1;1;3.0;2.0;49,2200330000;2,5510660000;
202100005611.0;3;60;60409;1;1;1.0;4.0;49,2868430000;2,4690270000;
202100005612.0;5;59;59357;2;1;3.0;6.0;50,2922810000;3,8508560000;
202100005613.0;3;13;13005;1;1;1.0;4.0;43,2890300000;5,5502100000;
202100005614.0;3;13;13215;1;1;1.0;4.0;43,3551300000;5,3638600000;
202100005615.0;3;13;13106;1;1;1.0;2.0;43,3908634045;5,3510057299;
202100005616.0;3;69;69256;1;1;1.0;4.0;45,8034600000;4,9263400000;
202100005617.0;3;69;69199;1;1;1.0;5.0;45,6858900000;4,8468500000;
202100005618.0;3;42;42186;1;1;1.0;6.0;45,5405100000;4,6429200000;
202100005619.0;3;94;94076;1;1;8.0;2.0;48,7920200000;2,3447000000;
202100005620.0;2;94;94038;1;1;1.0;4.0;48,7747980569;2,3456436183;
202100005621.0;1;91;91687;1;1;8.0;3.0;48,6615000000;2,3700000000;
202100005622.0;2;78;78640;1;1;2.0;7.0;48,7818340000;2,2230670000;
202100005623.0;3;95;95607;1;1;2.0;4.0;49,0134326151;2,2196245193;
202100005624.0;3;92;92036;1;9;1.0;3.0;48,9407403854;2,2929114253;
202100005625.0;2;94;94069;1;1;1.0;2.0;48,8173765731;2,4288368225;
202100005626.0;3;93;93051;1;1;1.0;4.0;48,8360128507;2,5598984957;
202100005627.0;2;94;94081;1;1;8.0;2.0;48,7748852037;2,4115766055;
202100005628.0;3;77;77372;1;1;1.0;4.0;48,8769189703;2,6687860297;
202100005629.0;1;14;14203;1;1;1.0;7.0;49,2371171000; -0,0805390000;
202100005630.0;5;93;93078;2;2;1.0;3.0;48,9525399066;2,5349987764;
202100005631.0;4;75;75118;2;4;1.0;6.0;48,8995110000;2,3594350000;
202100005632.0;5;92;92024;2;1;1.0;7.0;48,9029870000;2,2915940000;
202100005633.0;2;75;75117;2;1;1.0;7.0;48,8895910000;2,2974170000;
202100005634.0;5;75;75105;2;5;2.0;6.0;48,8367950000;2,3519110000;
202100005635.0;1;75;75105;2;1;1.0;3.0;48,8433800000;2,3425050000;
202100005636.0;5;75;75119;2;1;1.0;7.0;48,8899650000;2,3715930000;
202100005637.0;2;75;75119;2;2;1.0;6.0;48,8905620000;2,3758710000;
202100005638.0;1;75;75118;2;4;1.0;3.0;48,8842980000;2,3554830000;
202100005639.0;1;75;75118;2;4;1.0;6.0;48,8912750000;2,3473680000;
202100005640.0;2;75;75108;2;3;1.0;3.0;48,8710750000;2,3035320000;
202100005641.0;5;75;75116;2;2;1.0;3.0;48,8681470000;2,2755240000;
202100005642.0;5;75;75115;2;2;1.0;3.0;48,8460770000;2,2769220000;
202100005643.0;1;75;75113;2;1;1.0;3.0;48,8268300000;2,3848390000;
202100005644.0;1;75;75113;2;3;1.0;3.0;48,8331860000;2,3543760000;
202100005645.0;5;75;75113;2;7;2.0;3.0;48,8161308469;2,3442131281;
202100005646.0;5;75;75112;2;2;1.0;3.0;48,8367000000;2,4034890000;
202100005647.0;1;75;75110;2;5;1.0;3.0;48,8717390000;2,3679180000;
202100005648.0;1;75;75109;2;1;1.0;3.0;48,8842020000;2,3304230000;
202100005649.0;1;75;75108;2;1;1.0;3.0;48,8718720000;2,3083930000;
202100005650.0;5;75;75108;2;2;1.0;6.0;48,8686460000;2,3037010000;
202100005651.0;1;75;75107;2;2;1.0;3.0;48,8599650000;2,3148380000;
202100005652.0;5;75;75101;2;3;1.0;6.0;48,8697290000;2,3265020000;
202100005653.0;5;94;94080;2;4;2.0;3.0;48,8469700000;2,4215700000;
202100005654.0;5;94;94068;2;1;2.0;6.0;48,7915400000;2,4823200000;
202100005655.0;1;94;94046;2;1;1.0;2.0;48,8150000000;2,4190000000;
202100005656.0;3;94;94065;1;9;1.0;3.0;48,7547700000;2,3464700000;
202100005657.0;5;94;94021;2;9;1.0;7.0;48,7712300000;2,3466000000;
202100005658.0;1;94;94021;2;1;1.0;2.0;48,7754890000;2,3675850000;
202100005659.0;1;94;94054;2;3;1.0;6.0;48,7427400000;2,4002000000;
202100005660.0;3;94;94079;2;1;1.0;6.0;48,8345500000;2,5352300000;
202100005661.0;1;94;94017;2;1;1.0;6.0;48,8141000000;2,5104400000;
202100005662.0;1;94;94075;2;9;8.0;7.0;48,7120800000;2,5388900000;
202100005663.0;5;93;93070;2;1;1.0;6.0;48,9141775223;2,3364944693;
202100005664.0;1;93;93070;2;1;1.0;6.0;48,9013100000;2,3302400000;
202100005665.0;5;93;93066;2;1;1.0;7.0;48,9154529207;2,3595227801;
202100005666.0;5;93;93064;2;1;9.0;6.0;48,8778124150;2,4745416641;
202100005667.0;5;93;93064;2;9;2.0;3.0;48,8770591812;2,4780178070;
202100005668.0;4;93;93050;2;3;8.0;6.0;48,8686600000;2,5298800000;
202100005669.0;1;93;93005;2;1;1.0;3.0;48,9588359368;2,4858318382;
202100005670.0;1;92;92049;2;1;1.0;6.0;48,8177956741;2,3236888647;
202100005671.0;1;92;92049;2;1;1.0;2.0;48,8151800000;2,3256800000;
202100005672.0;5;92;92036;2;2;1.0;6.0;48,9335072960;2,2869560122;
202100005673.0;2;92;92009;2;1;1.0;6.0;48,9187392110;2,2742289305;
202100005674.0;5;92;92004;2;1;1.0;3.0;48,9112160968;2,2983902693;
202100005675.0;1;76;76245;1;9;1.0;5.0;49,5457760000;1,0373500000;
202100005676.0;1;73;73286;2;2;1.0;6.0;45,8812290000;5,8433370000;
202100005677.0;3;42;42331;1;1;5.0;1.0;45,9676400000;3,9416130000;
202100005678.0;3;83;83130;1;1;6.0;2.0;43,1948640000;6,0401950000;
202100005679.0;3;42;42231;1;2;8.0;3.0;46,0945580000;3,9416460000;
202100005680.0;1;06;06064;2;1;1.0;6.0;43,7611230000;7,1786410000;
202100005681.0;3;83;83049;1;6;1.0;6.0;43,2532830000;6,0642170000;
202100005682.0;3;59;59088;1;1;2.0;6.0;50,6372000000;2,8730750000;
202100005683.0;1;30;30315;1;1;1.0;5.0;43,9497910000;4,7025990000;
202100005684.0;3;57;57505;1;1;1.0;2.0;48,7021810000;7,1199350000;
202100005685.0;1;79;79242;1;1;1.0;1.0;46,9442050000; -0,5278050000;
202100005686.0;5;80;80274;2;1;2.0;6.0;49,7359050000;3,0498430000;
202100005687.0;3;65;65437;1;1;1.0;7.0;43,1807950000;0,4444530000;
202100005688.0;1;89;89276;1;1;2.0;1.0;48,0554940000;3,8007760000;
202100005689.0;3;38;38180;1;1;4.0;1.0;45,3645460000;5,2925840000;
202100005690.0;1;02;02558;2;9;2.0;6.0;50,0165800000;3,7838020000;
202100005691.0;1;06;06059;1;1;1.0;6.0;43,7364680000;7,3561840000;
202100005692.0;1;05;05087;1;3;1.0;2.0;44,5517780000;5,8645910000;
202100005693.0;3;50;50352;1;1;1.0;7.0;49,1349040000; -1,2381290000;
202100005694.0;1;45;45083;2;3;1.0;3.0;47,9324110000;2,9169610000;
202100005695.0;3;21;21272;1;1;2.0;1.0;47,4394670000;4,3111250000;
202100005696.0;1;40;40001;2;1;1.0;1.0;43,7041810000; -0,2617730000;
202100005697.0;3;85;85127;1;1;5.0;6.0;46,3786830000; -1,4653120000;
202100005698.0;1;78;78455;1;1;1.0;6.0;48,8435650000;2,0566530000;
202100005699.0;1;976;97603;1;1;1.0;2.0; -12,8880030000;45,2115830000;
202100005700.0;3;13;13114;1;1;1.0;2.0;43,5523620000;5,3137730000;
202100005701.0;4;34;34123;2;1;3.0;6.0;43,6185160000;3,7913560000;
202100005702.0;1;987;98758;1;3;1.0;3.0; -16,7429830000; -151,4577900000;
202100005703.0;2;971;97126;1;1;1.0;2.0;15,9559240000; -61,2380930000;
202100005704.0;1;77;77340;1;3;1.0;6.0;48,2770240000;2,7578040000;
202100005705.0;1;2B;2B042;2;3;1.0;6.0;42,5524640000;9,4419520000;
202100005706.0;3;34;34166;1;1;1.0;1.0;43,4006200000;3,3432770000;
202100005707.0;1;84;84138;2;1;1.0;6.0;44,3842000000;4,9876050000;
202100005708.0;3;13;13015;1;1;1.0;2.0;43,4443240000;5,4382910000;
202100005709.0;1;57;57206;2;1;7.0;6.0;49,3073220000;6,1181510000;
202100005710.0;1;42;42168;2;1;8.0;6.0;45,4165430000;4,6761200000;
202100005711.0;5;09;09160;2;1;3.0;6.0;42,9317690000;1,8513840000;
202100005712.0;1;59;59011;2;1;2.0;6.0;50,5318610000;2,9323120000;
202100005713.0;1;13;13071;1;1;3.0;2.0;43,4126100000;5,2818760000;
202100005714.0;1;13;13055;1;1;3.0;1.0;43,3011800000;5,4249100000;
202100005715.0;1;13;13019;1;1;3.0;2.0;43,4242360000;5,3747870000;
202100005716.0;3;83;83090;1;1;2.0;6.0;43,1221000000;5,8303800000;
202100005717.0;5;69;69385;1;1;1.0;2.0;45,7582392974;4,8124998808;
202100005718.0;3;54;54150;1;1;2.0;4.0;48,7744200000;6,1440900000;
202100005719.0;1;33;33122;1;1;2.0;4.0;44,7286300000; -0,7281000000;
202100005720.0;2;33;33318;1;1;2.0;7.0;44,7890390000; -0,6222050000;
202100005721.0;1;94;94038;1;1;1.0;2.0;48,7787800000;2,3462500000;
202100005722.0;1;91;91161;1;1;1.0;3.0;48,7018000000;2,3081000000;
202100005723.0;1;91;91161;1;1;1.0;2.0;48,7024100000;2,3077500000;
202100005724.0;3;91;91161;1;1;1.0;3.0;48,7105200000;2,3074900000;
202100005725.0;3;78;78423;1;1;1.0;4.0;48,7875760000;2,0363870000;
202100005726.0;2;78;78238;1;1;1.0;6.0;48,9705900000;1,8764200000;
202100005727.0;3;92;92036;1;1;1.0;3.0;48,9383700387;2,3001401108;
202100005728.0;1;93;93064;1;1;1.0;3.0;48,8860600000;2,4731500000;
202100005729.0;1;93;93053;1;1;1.0;5.0;48,8944100000;2,4718400000;
202100005730.0;2;93;93064;1;1;4.0;5.0;48,8625729081;2,4829101070;
202100005731.0;5;93;93066;1;1;1.0;6.0;48,9103099064;2,3579760625;
202100005732.0;3;92;92036;1;1;1.0;3.0;48,9464707688;2,2824191861;
202100005733.0;1;77;77258;1;1;1.0;6.0;48,8246450000;2,6156700000;
202100005734.0;1;94;94028;1;1;1.0;2.0;48,7909842153;2,4405614586;
202100005735.0;4;82;82121;2;1;1.0;6.0;44,0074300000;1,3805800000;
202100005736.0;5;987;98735;2;9;1.0;3.0; -17,5379700000; -149,5674310000;
202100005737.0;5;973;97302;2;1;1.0;6.0;4,9320800000; -52,3075900000;
202100005738.0;2;973;97302;2;1;1.0;3.0;4,9333558357; -52,3131699264;
202100005739.0;5;973;97302;2;1;1.0;6.0;4,9134536992; -52,3207468987;
202100005740.0;5;973;97302;2;1;1.0;3.0;4,9343590061; -52,3305979371;
202100005741.0;5;972;97213;1;1;1.0;6.0;14,5935000000; -60,9836000000;
202100005742.0;5;95;95268;2;1;2.0;4.0;48,9597617953;2,3990857601;
202100005743.0;1;90;90010;2;2;4.0;3.0;47,6346900000;6,8384500000;
202100005744.0;1;83;83137;2;1;1.0;6.0;43,1127531329;5,9424179792;
202100005745.0;5;83;83069;2;1;1.0;5.0;43,1135900000;6,1296300000;
202100005746.0;1;77;77186;1;4;2.0;6.0;48,3852900000;2,7210100000;
202100005747.0;1;76;76681;2;2;2.0;3.0;49,4032000000;1,1106000000;
202100005748.0;5;76;76540;2;1;2.0;7.0;49,4311500000;1,0800500000;
202100005749.0;5;71;71076;2;3;1.0;5.0;46,7823230379;4,8609721509;
202100005750.0;5;64;64102;2;1;2.0;1.0;43,4995700000; -1,4818200000;
202100005751.0;2;59;59339;2;1;2.0;6.0;50,6805506248;3,2541423654;
202100005752.0;5;59;59017;2;1;2.0;6.0;50,6864522272;2,8940126004;
202100005753.0;5;54;54395;2;3;1.0;3.0;48,6849351587;6,1753864261;
202100005754.0;1;45;45234;2;1;1.0;3.0;47,9151800000;1,9014400000;
202100005755.0;5;33;33069;2;3;1.0;3.0;44,8629000000; -0,6114200000;
202100005756.0;1;33;33249;2;1;8.0;1.0;44,8657000000; -0,5140200000;
202100005757.0;1;31;31555;2;1;1.0;3.0;43,6454900000;1,4268400000;
202100005758.0;2;31;31555;2;1;1.0;2.0;43,6467700000;1,4491100000;
202100005759.0;1;30;30007;2;1;1.0;1.0;44,1333300000;4,0696800000;
202100005760.0;1;29;29232;2;1;1.0;6.0;47,9898474000; -4,1069501000;
202100005761.0;3;27;27375;1;1;8.0;6.0;49,2286600000;1,1460500000;
202100005762.0;5;22;22278;2;1;6.0;6.0;48,5156000000; -2,7370200000;
202100005763.0;5;13;13209;2;1;1.0;2.0;43,2669929298;5,3962571254;
202100005764.0;1;13;13205;2;1;1.0;3.0;43,2880100000;5,3950400000;
202100005765.0;3;13;13047;1;1;1.0;1.0;43,5948400000;4,9621100000;
202100005766.0;5;13;13028;2;1;1.0;3.0;43,2006637440;5,6231100028;
202100005767.0;3;12;12145;1;1;1.0;5.0;44,0882900000;3,0876200000;
202100005768.0;5;06;06083;2;1;1.0;6.0;43,7747700000;7,5007400000;
202100005769.0;1;06;06083;2;1;1.0;6.0;43,7891900000;7,4927300000;
202100005770.0;5;06;06069;2;4;1.0;3.0;43,6394800000;6,9494400000;
202100005771.0;1;06;06123;2;1;1.0;3.0;43,6610960000;7,1925810000;
202100005772.0;1;75;75113;2;1;2.0;2.0;48,8183970000;2,3693470000;
202100005773.0;5;75;75120;2;2;2.0;6.0;48,8492570000;2,4161730000;
202100005774.0;1;75;75119;2;7;2.0;7.0;48,9003280000;2,3871250000;
202100005775.0;1;75;75118;2;7;2.0;1.0;48,9013920000;2,3702530000;
202100005776.0;1;75;75117;2;5;1.0;6.0;48,8830140000;2,3242600000;
202100005777.0;5;75;75117;2;4;2.0;6.0;48,8923950000;2,3170690000;
202100005778.0;5;75;75115;2;2;2.0;6.0;48,8372330000;2,2964380000;
202100005779.0;5;75;75113;2;2;2.0;7.0;48,8259450000;2,3452130000;
202100005780.0;1;75;75109;2;2;1.0;3.0;48,8744120000;2,3382170000;
202100005781.0;1;75;75107;2;2;2.0;3.0;48,8497440000;2,3080000000;
202100005782.0;5;75;75108;2;6;8.0;3.0;48,8690040000;2,3103550000;
202100005783.0;3;94;94073;1;1;8.0;3.0;48,7720000000;2,3961300000;
202100005784.0;5;93;93071;2;1;1.0;4.0;48,9389700000;2,5387100000;
202100005785.0;5;93;93039;2;1;2.0;5.0;48,9186973291;2,3286660533;
202100005786.0;5;93;93064;2;1;2.0;2.0;48,8760160000;2,4841730000;
202100005787.0;3;93;93005;2;1;1.0;6.0;48,9566100000;2,4794200000;
202100005788.0;1;92;92020;2;2;1.0;3.0;48,8069885734;2,2935555875;
202100005789.0;1;51;51334;1;1;1.0;7.0;48,7126187865;4,6386627277;
202100005790.0;1;01;01359;1;1;1.0;6.0;46,0661740000;5,0560710000;
202100005791.0;3;95;95395;1;1;2.0;5.0;49,0421580000;2,3966930000;
202100005792.0;3;17;17373;1;2;1.0;3.0;46,1455660000; -0,9854010000;
202100005793.0;5;41;41067;2;1;1.0;6.0;47,5089260000;1,4533460000;
202100005794.0;5;95;95313;2;1;1.0;2.0;49,1138080000;2,2274960000;
202100005795.0;1;01;01353;1;1;1.0;5.0;45,9754030000;4,7856620000;
202100005796.0;1;22;22190;1;1;1.0;6.0;48,5185660000; -2,0386930000;
202100005797.0;1;19;19250;1;1;1.0;2.0;45,5121060000;1,5153840000;
202100005798.0;3;60;60176;2;1;1.0;7.0;49,2249710000;2,9052300000;
202100005799.0;3;44;44033;1;1;8.0;6.0;47,3598880000; -1,9676470000;
202100005800.0;3;62;62086;2;1;4.0;3.0;50,2123940000;2,5550400000;
202100005801.0;5;34;34095;2;1;1.0;1.0;43,5463550000;3,7765930000;
202100005802.0;3;51;51278;1;1;2.0;3.0;49,0825630000;4,2808590000;
202100005803.0;1;59;59601;2;2;7.0;3.0;50,0566841238;4,1022158676;
202100005804.0;1;80;80580;1;1;8.0;7.0;50,3379300000;1,7763840000;
202100005805.0;5;89;89264;2;2;2.0;3.0;48,1728040000;3,0286320000;
202100005806.0;1;89;89086;2;3;1.0;1.0;47,8598790000;3,0410240000;
202100005807.0;1;61;61486;1;1;8.0;5.0;48,7615610000; -0,6820160000;
202100005808.0;1;44;44069;2;6;1.0;6.0;47,3356680000; -2,4285980000;
202100005809.0;5;44;44178;2;1;2.0;6.0;47,1138970000; -1,7379640000;
202100005810.0;1;38;38035;1;4;8.0;4.0;45,5093390000;5,0840950000;
202100005811.0;3;02;02671;1;1;2.0;6.0;49,5241150000;3,1963880000;
202100005812.0;5;58;58058;2;1;2.0;6.0;47,4035340000;3,3456370000;
202100005813.0;1;66;66193;1;1;1.0;7.0;42,5690120000;2,3280930000;
202100005814.0;1;14;14318;2;1;1.0;6.0;49,3278350000; -0,4769500000;
202100005815.0;3;50;50453;1;1;1.0;3.0;48,8336260000; -1,1808510000;
202100005816.0;1;16;16342;1;2;8.0;3.0;45,5440090000; -0,2731560000;
202100005817.0;1;53;53189;1;1;1.0;3.0;48,4983720000; -0,5073560000;
202100005818.0;1;85;85031;1;3;1.0;3.0;46,7896450000; -0,9308230000;
202100005819.0;1;37;37203;2;1;1.0;1.0;47,4102899751;0,7764869457;
202100005820.0;5;987;98734;1;1;1.0;7.0; -17,7220550000; -149,4046530000;
202100005821.0;5;35;35059;2;3;8.0;5.0;48,1754590000; -1,7294780000;
202100005822.0;1;33;33284;1;9;2.0;2.0;44,6229980000; -0,8492840000;
202100005823.0;1;987;98744;1;2;1.0;1.0; -22,4493830000; -151,3768230000;
202100005824.0;3;37;37060;2;2;1.0;3.0;47,4367419762;1,0584908724;
202100005825.0;5;2B;2B042;2;6;1.0;1.0;42,5589510000;9,4415480000;
202100005826.0;1;67;67300;2;5;1.0;1.0;48,5359030000;7,4985980000;
202100005827.0;3;38;38449;1;3;4.0;1.0;45,6279380000;5,0923560000;
202100005828.0;1;81;81273;1;1;2.0;6.0;43,5876619816;2,1360894665;
202100005829.0;1;65;65451;2;1;2.0;1.0;43,1013200000;0,1201200000;
202100005830.0;1;47;47263;1;1;1.0;1.0;44,4758120000;0,2175220000;
202100005831.0;3;33;33227;1;1;1.0;6.0;44,5233300000; -0,2357230000;
202100005832.0;3;33;33436;1;2;2.0;3.0;44,5213560000; -0,6268220000;
202100005833.0;1;33;33284;1;1;1.0;7.0;44,6218670000; -0,8752640000;
202100005834.0;1;22;22343;2;1;2.0;1.0;48,7782240000; -3,5792040000;
202100005835.0;5;62;62056;2;1;1.0;6.0;50,8256100000;1,5924490000;
202100005836.0;1;13;13211;1;1;8.0;2.0;43,2947808399;5,4640638827;
202100005837.0;1;69;69250;1;1;1.0;2.0;45,8199600000;4,7071600000;
202100005838.0;2;69;69294;1;1;2.0;6.0;45,6302800000;4,8177900000;
202100005839.0;5;69;69259;1;1;2.0;2.0;45,7174600000;4,8595500000;
202100005840.0;5;42;42218;1;1;2.0;2.0;45,4541500000;4,4141400000;
202100005841.0;3;33;33448;1;1;1.0;4.0;44,7187800000; -0,5210700000;
202100005842.0;3;91;91689;1;1;1.0;2.0;48,7291700000;2,3149400000;
202100005843.0;1;91;91553;1;1;1.0;6.0;48,6322300000;2,4957100000;
202100005844.0;1;77;77495;1;1;8.0;6.0;48,5946110000;2,6340370000;
202100005845.0;1;94;94037;1;1;1.0;1.0;48,8165000000;2,3367600000;
202100005846.0;3;91;91377;1;1;2.0;7.0;48,7137200000;2,2897400000;
202100005847.0;1;91;91434;1;1;2.0;5.0;48,6683400000;2,3544900000;
202100005848.0;1;78;78090;1;1;2.0;2.0;48,9705850000;1,8931330000;
202100005849.0;3;78;78140;1;1;1.0;3.0;48,9580700000;1,9337100000;
202100005850.0;1;95;95572;1;1;2.0;6.0;49,0355638582;2,1169312712;
202100005851.0;2;95;95212;1;1;3.0;6.0;49,0259652857;2,5365184787;
202100005852.0;1;92;92036;1;1;2.0;6.0;48,9482356513;2,2811222076;
202100005853.0;2;95;95582;1;1;8.0;6.0;48,9772800000;2,2410300000;
202100005854.0;3;92;92036;1;1;2.0;6.0;48,9493017533;2,2806327045;
202100005855.0;3;93;93027;1;1;2.0;6.0;48,9286700000;2,4146300000;
202100005856.0;5;95;95582;1;1;2.0;6.0;48,9644200000;2,2690600000;
202100005857.0;3;93;93027;1;1;2.0;6.0;48,9235232200;2,3832157851;
202100005858.0;1;95;95572;1;1;2.0;2.0;49,0281200000;2,1285500000;
202100005859.0;3;94;94028;1;9;1.0;2.0;48,8029887864;2,4483740330;
202100005860.0;1;94;94041;2;1;1.0;3.0;48,8225900000;2,3922100000;
202100005861.0;1;35;35288;2;3;3.0;6.0;48,6528700000; -2,0062000000;
202100005862.0;5;78;78517;2;3;2.0;6.0;48,6401800000;1,8265400000;
202100005863.0;5;14;14220;2;1;1.0;6.0;49,3500800000;0,0796700000;
202100005864.0;1;14;14699;2;1;7.0;3.0;49,3498900000;0,1068500000;
202100005865.0;1;02;02691;2;2;1.0;3.0;49,8489300000;3,2703600000;
202100005866.0;1;974;97409;2;2;1.0;1.0; -20,9652000000;55,6520300000;
202100005867.0;1;973;97302;2;1;1.0;3.0;4,9264707791; -52,3244261743;
202100005868.0;1;973;97302;2;1;1.0;3.0;4,9166551697; -52,3213484288;
202100005869.0;1;973;97302;2;2;1.0;3.0;4,9295243203; -52,3151049614;
202100005870.0;1;973;97302;2;3;1.0;3.0;4,9355013108; -52,3274792433;
202100005871.0;1;69;69259;2;3;1.0;1.0;45,7171452743;4,8704379309;
202100005872.0;5;69;69276;1;1;8.0;6.0;45,6798100000;4,8501900000;
202100005873.0;5;69;69387;2;9;1.0;6.0;45,7460892125;4,8480176926;
202100005874.0;1;69;69259;2;3;1.0;2.0;45,7067800000;4,8874500000;
202100005875.0;1;69;69383;2;2;8.0;3.0;45,7509000000;4,8608200000;
202100005876.0;2;972;97209;1;1;2.0;6.0;14,6259700000; -61,0391700000;
202100005877.0;5;69;69286;2;3;1.0;6.0;45,8173100000;4,9009200000;
202100005878.0;3;69;69286;1;1;2.0;6.0;45,8254800000;4,8804800000;
202100005879.0;1;69;69389;2;1;1.0;5.0;45,7811800000;4,8076100000;
202100005880.0;1;69;69384;2;1;2.0;5.0;45,7750339490;4,8389786482;
202100005881.0;1;69;69286;2;3;2.0;6.0;45,8191700000;4,8935900000;
202100005882.0;1;2A;2A004;2;1;3.0;6.0;41,9164100000;8,7315000000;
202100005883.0;5;91;91657;2;1;2.0;3.0;48,6996440000;2,4380300000;
202100005884.0;1;91;91027;2;3;8.0;2.0;48,7000000000;2,3710000000;
202100005885.0;5;91;91286;2;2;2.0;1.0;48,6546140000;2,3886670000;
202100005886.0;1;91;91027;2;9;8.0;3.0;48,7130400000;2,3782500000;
202100005887.0;3;91;91223;2;1;1.0;6.0;48,4257100000;2,1640200000;
202100005888.0;1;87;87085;2;1;2.0;7.0;45,8292800000;1,2601300000;
202100005889.0;5;87;87085;1;1;1.0;6.0;45,8485900000;1,2764200000;
202100005890.0;1;87;87085;2;1;1.0;6.0;45,8175700000;1,2232300000;
202100005891.0;1;86;86214;2;9;2.0;6.0;46,5604000000;0,3680400000;
202100005892.0;1;84;84031;2;1;1.0;3.0;44,0606190000;5,0487130000;
202100005893.0;5;83;83126;2;1;2.0;6.0;43,1154400000;5,8736700000;
202100005894.0;1;83;83126;2;9;1.0;3.0;43,1038943195;5,8718866110;
202100005895.0;1;83;83069;2;9;7.0;6.0;43,1127296364;6,1187571287;
202100005896.0;1;78;78498;2;1;2.0;6.0;48,9305100000;2,0385500000;
202100005897.0;1;78;78015;2;9;2.0;1.0;48,9635430000;2,0461670000;
202100005898.0;3;77;77350;1;1;2.0;6.0;48,7784200000;2,7092200000;
202100005899.0;5;77;77296;2;6;2.0;3.0;48,6290000000;2,5731100000;
202100005900.0;5;77;77152;2;9;1.0;3.0;48,5165900000;2,6262210000;
202100005901.0;1;77;77243;2;1;1.0;1.0;48,8643500000;2,7188500000;
202100005902.0;1;77;77186;2;1;1.0;6.0;48,4021050000;2,6872020000;
202100005903.0;1;76;76351;2;2;1.0;6.0;49,5125500000;0,1256800000;
202100005904.0;3;72;72181;1;1;2.0;2.0;47,9688800000;0,2350400000;
202100005905.0;5;72;72003;2;1;8.0;6.0;47,9651700000;0,1618800000;
202100005906.0;1;72;72181;2;9;1.0;6.0;48,0200100000;0,1624100000;
202100005907.0;1;72;72181;2;1;1.0;2.0;47,9779900000;0,2080600000;
202100005908.0;1;71;71306;1;2;1.0;3.0;46,6834492633;4,3445285839;
202100005909.0;3;66;66136;2;1;1.0;6.0;42,7207700000;2,8839000000;
202100005910.0;1;66;66136;2;1;3.0;1.0;42,7248500000;2,8872400000;
202100005911.0;5;64;64269;2;1;2.0;2.0;43,3010300000; -0,3066500000;
202100005912.0;5;64;64445;2;2;1.0;6.0;43,2959900000; -0,3785800000;
202100005913.0;1;64;64445;2;1;1.0;2.0;43,3134799050; -0,3775960207;
202100005914.0;1;64;64102;2;1;1.0;3.0;43,4904300000; -1,4614600000;
202100005915.0;2;63;63032;2;1;1.0;6.0;45,7524600000;3,0972100000;
202100005916.0;5;63;63075;2;1;1.0;3.0;45,7803900000;3,0629500000;
202100005917.0;2;62;62498;2;1;2.0;1.0;50,4434920000;2,8198500000;
202100005918.0;2;62;62193;1;1;8.0;2.0;50,9234600000;1,9072140000;
202100005919.0;5;62;62119;2;1;2.0;6.0;50,5346710000;2,6385850000;
202100005920.0;3;60;60175;1;1;2.0;3.0;49,2453600000;2,4584500000;
202100005921.0;1;60;60159;1;1;1.0;7.0;49,3898100000;2,7874700000;
202100005922.0;5;59;59421;2;1;2.0;2.0;50,7027000000;3,1334000000;
202100005923.0;5;59;59512;2;2;4.0;6.0;50,6767172638;3,1975017711;
202100005924.0;1;59;59017;2;3;1.0;3.0;50,6975950188;2,8876546923;
202100005925.0;2;59;59017;2;1;1.0;6.0;50,6843581454;2,8807246685;
202100005926.0;5;58;58194;2;1;2.0;3.0;47,0046000000;3,1510000000;
202100005927.0;5;57;57672;2;1;1.0;6.0;49,3578300000;6,1301800000;
202100005928.0;1;56;56260;2;1;1.0;6.0;47,6593200000; -2,7809900000;
202100005929.0;5;56;56162;2;1;1.0;7.0;47,7326500000; -3,4840700000;