Num_Acc;lum;departement;commune;agglomeration;intersection;meteo;type_collision;lat;long;date
202100005930.0;1;56;56121;2;1;1.0;2.0;47,7423464000; -3,3869110000;
202100005931.0;5;54;54304;2;9;2.0;3.0;48,6939600000;6,1352300000;
202100005932.0;5;54;54395;2;2;2.0;1.0;48,7002700000;6,1723600000;
202100005933.0;5;54;54395;2;2;1.0;6.0;48,6884107651;6,1732763774;
202100005934.0;5;54;54257;2;1;1.0;1.0;48,6571500000;6,2076400000;
202100005935.0;2;54;54197;1;1;1.0;3.0;48,6262020297;6,2181188076;
202100005936.0;5;54;54323;2;1;1.0;6.0;49,5181050000;5,7633400000;
202100005937.0;5;52;52448;2;1;1.0;1.0;48,6477000000;4,9626000000;
202100005938.0;5;51;51454;1;1;2.0;2.0;49,2241234099;4,0652954578;
202100005939.0;5;51;51454;2;1;2.0;7.0;49,2514800000;4,0470200000;
202100005940.0;5;51;51454;2;3;1.0;2.0;49,2640400000;4,0411000000;
202100005941.0;2;49;49007;1;1;1.0;2.0;47,4691500000; -0,6032800000;
202100005942.0;1;47;47001;2;3;8.0;6.0;44,2108100000;0,6463100000;
202100005943.0;5;45;45234;2;3;3.0;3.0;47,9082700000;1,9068600000;
202100005944.0;2;45;45338;2;9;1.0;3.0;47,9808000000;2,7231300000;
202100005945.0;5;44;44190;2;1;2.0;1.0;47,1921600000; -1,4971100000;
202100005946.0;5;37;37261;2;3;2.0;7.0;47,3882949225;0,6898017973;
202100005947.0;1;37;37122;2;1;2.0;7.0;47,3400208284;0,6707923233;
202100005948.0;1;37;37233;2;3;1.0;3.0;47,4004434299;0,7418252528;
202100005949.0;1;37;37261;2;3;1.0;3.0;47,3757735328;0,6791245937;
202100005950.0;3;35;35238;2;1;2.0;5.0;48,0957660000; -1,7114790000;
202100005951.0;5;35;35238;2;3;2.0;6.0;48,1046200000; -1,6490000000;
202100005952.0;5;35;35238;2;1;2.0;6.0;48,1111100000; -1,6927900000;
202100005953.0;3;34;34129;1;1;1.0;7.0;43,5576200000;3,8928300000;
202100005954.0;1;34;34172;2;3;1.0;3.0;43,6114100000;3,8626200000;
202100005955.0;5;34;34172;2;3;2.0;6.0;43,6209700000;3,8488500000;
202100005956.0;5;33;33063;2;1;2.0;2.0;44,8584600000; -0,5580200000;
202100005957.0;5;33;33522;2;6;2.0;3.0;44,8067000000; -0,5861900000;
202100005958.0;5;33;33063;2;2;1.0;3.0;44,8386300000; -0,6210000000;
202100005959.0;1;33;33162;2;1;2.0;4.0;44,8733100000; -0,6588500000;
202100005960.0;1;31;31149;2;1;2.0;6.0;43,6174500000;1,3195000000;
202100005961.0;5;31;31555;2;1;1.0;3.0;43,5990600000;1,4171300000;
202100005962.0;1;29;29232;2;1;7.0;2.0;47,9921900000; -4,0734400000;
202100005963.0;2;29;29039;1;1;1.0;7.0;47,9206000000; -3,9285900000;
202100005964.0;2;29;29039;1;1;2.0;7.0;47,8897759256; -3,9356260301;
202100005965.0;3;27;27321;1;1;2.0;7.0;49,2047600000;1,1376300000;
202100005966.0;3;27;27528;1;1;2.0;7.0;49,2603300000;1,2354700000;
202100005967.0;1;27;27229;2;1;2.0;3.0;49,0215500000;1,1408300000;
202100005968.0;5;26;26198;1;3;1.0;2.0;44,5533650000;4,7099690000;
202100005969.0;5;17;17028;2;6;2.0;3.0;46,1362800000; -1,1249100000;
202100005970.0;5;17;17300;2;2;3.0;3.0;46,1579560000; -1,1423250000;
202100005971.0;1;16;16102;2;1;1.0;2.0;45,6895962449; -0,3181153536;
202100005972.0;2;15;15014;2;1;1.0;6.0;44,9224100000;2,4401700000;
202100005973.0;5;13;13071;2;1;1.0;1.0;43,4147900000;5,3608800000;
202100005974.0;5;13;13208;2;9;1.0;3.0;43,2608600000;5,3938200000;
202100005975.0;4;13;13203;2;7;1.0;6.0;43,3091100000;5,3741400000;
202100005976.0;1;13;13204;2;1;1.0;6.0;43,3095100000;5,4026300000;
202100005977.0;1;13;13203;2;1;1.0;2.0;43,3176796556;5,3810225711;
202100005978.0;1;13;13212;2;1;1.0;3.0;43,3044079840;5,4739649215;
202100005979.0;1;13;13206;2;1;1.0;2.0;43,2864300000;5,3876600000;
202100005980.0;1;13;13214;2;1;1.0;2.0;43,3475445327;5,3779099717;
202100005981.0;1;13;13207;2;2;1.0;3.0;43,2886802680;5,3595370852;
202100005982.0;2;13;13211;2;3;2.0;1.0;43,2906000000;5,4633300000;
202100005983.0;3;13;13063;1;1;1.0;4.0;43,6051600000;5,0073500000;
202100005984.0;5;11;11069;2;2;2.0;6.0;43,2085200000;2,3302900000;
202100005985.0;5;10;10387;2;1;2.0;2.0;48,2929000000;4,0820000000;
202100005986.0;2;06;06104;2;1;1.0;1.0;43,7584500000;7,4498000000;
202100005987.0;1;03;03098;2;3;2.0;6.0;46,3541000000;2,6172000000;
202100005988.0;5;75;75120;2;2;2.0;6.0;48,8729000000;2,4086200000;
202100005989.0;1;75;75120;2;4;8.0;3.0;48,8738020000;2,3880270000;
202100005990.0;5;75;75120;2;2;2.0;2.0;48,8527010000;2,4061190000;
202100005991.0;1;75;75119;2;1;2.0;1.0;48,8779850000;2,3762140000;
202100005992.0;1;75;75116;2;2;1.0;6.0;48,8750870000;2,2839770000;
202100005993.0;5;75;75115;2;2;2.0;2.0;48,8399780000;2,2903630000;
202100005994.0;1;75;75115;2;1;2.0;3.0;48,8449410000;2,2834780000;
202100005995.0;5;75;75114;2;1;2.0;7.0;48,8209110000;2,3255290000;
202100005996.0;1;75;75111;2;2;2.0;3.0;48,8660150000;2,3663290000;
202100005997.0;5;75;75110;2;2;2.0;3.0;48,8838750000;2,3685860000;
202100005998.0;5;75;75109;2;2;2.0;2.0;48,8836100000;2,3495180000;
202100005999.0;5;75;75102;2;1;1.0;6.0;48,8718490000;2,3408300000;
202100006000.0;5;75;75103;2;7;2.0;3.0;48,8646980000;2,3644990000;
202100006001.0;5;75;75104;2;7;2.0;3.0;48,8540290000;2,3473740000;
202100006002.0;5;75;75104;2;4;2.0;2.0;48,8528730000;2,3684620000;
202100006003.0;5;94;94081;2;1;1.0;2.0;48,7751800000;2,3677300000;
202100006004.0;1;94;94068;2;1;1.0;2.0;48,8011800000;2,4722600000;
202100006005.0;5;94;94052;2;1;2.0;4.0;48,8398555523;2,4900984764;
202100006006.0;1;94;94003;2;2;2.0;7.0;48,8105100000;2,3304900000;
202100006007.0;5;94;94028;2;3;2.0;3.0;48,8002400000;2,4663900000;
202100006008.0;5;94;94028;2;1;2.0;2.0;48,7946900000;2,4597600000;
202100006009.0;1;94;94028;2;1;2.0;6.0;48,7779800000;2,4666100000;
202100006010.0;5;93;93073;2;1;2.0;4.0;48,9656800000;2,5691800000;
202100006011.0;1;93;93048;2;2;2.0;3.0;48,8528195328;2,4469216824;
202100006012.0;5;93;93006;2;2;8.0;3.0;48,8742000000;2,4280000000;
202100006013.0;5;92;92075;2;3;2.0;3.0;48,8234086943;2,2822836041;
202100006014.0;1;92;92076;2;1;1.0;2.0;48,8370167774;2,1481302381;
202100006015.0;5;92;92050;2;3;8.0;1.0;48,8866182574;2,2067720443;
202100006016.0;5;92;92025;2;1;2.0;3.0;48,9182530000;2,2389730000;
202100006017.0;1;92;92025;2;9;8.0;6.0;48,9230185593;2,2563171387;
202100006018.0;1;92;92060;2;1;2.0;2.0;48,7730406135;2,2519102693;
202100006019.0;1;92;92071;2;9;2.0;3.0;48,7755712663;2,3137378693;
202100006020.0;5;92;92012;2;2;2.0;6.0;48,8412336590;2,2253564000;
202100006021.0;5;92;92012;2;2;2.0;3.0;48,8411194887;2,2251471877;
202100006022.0;3;84;84044;1;1;1.0;7.0;44,2257660000;5,1470950000;
202100006023.0;5;84;84137;2;1;1.0;6.0;44,2417370000;5,0826790000;
202100006024.0;3;71;71090;1;1;2.0;4.0;46,2239680000;4,7907260000;
202100006025.0;5;83;83086;1;1;1.0;5.0;43,4641880000;6,5351110000;
202100006026.0;3;83;83085;1;6;1.0;6.0;43,4837030000;6,5092490000;
202100006027.0;3;46;46329;1;1;2.0;6.0;44,3356670000;1,6312980000;
202100006028.0;3;34;34270;2;1;1.0;6.0;43,5873560000;3,8321180000;
202100006029.0;2;61;61375;1;1;4.0;7.0;48,6923200000; -0,0130460000;
202100006030.0;1;27;27680;1;1;3.0;6.0;48,9244730000;0,4071810000;
202100006031.0;3;74;74010;2;4;2.0;3.0;45,9065278762;6,1465799510;
202100006032.0;2;65;65054;1;1;4.0;6.0;43,0651880000;0,3585150000;
202100006033.0;2;81;81124;2;3;2.0;6.0;43,7066380000;2,6926270000;
202100006034.0;1;46;46136;1;1;2.0;1.0;44,5114570000;1,2592810000;
202100006035.0;1;47;47106;2;1;1.0;6.0;44,4947480000;0,9653960000;
202100006036.0;3;34;34084;1;1;1.0;6.0;43,4007190000;3,1852610000;
202100006037.0;1;39;39436;1;1;2.0;1.0;46,8614670000;5,8998300000;
202100006038.0;3;31;31232;1;1;8.0;6.0;43,7459090000;1,2650590000;
202100006039.0;1;70;70473;1;1;4.0;1.0;47,7980510000;6,4033220000;
202100006040.0;3;14;14371;1;1;2.0;1.0;48,9950320000;0,3357400000;
202100006041.0;3;64;64519;2;1;3.0;7.0;43,3668340000; -0,3802080000;
202100006042.0;1;16;16200;1;2;1.0;3.0;45,8579330000;0,1653640000;
202100006043.0;1;53;53140;2;6;7.0;6.0;48,1219080000; -0,7188110000;
202100006044.0;3;85;85066;1;1;2.0;7.0;46,7083390000; -0,9416230000;
202100006045.0;1;85;85008;1;1;8.0;2.0;46,6564910000; -1,4837340000;
202100006046.0;3;88;88484;1;2;4.0;3.0;48,1104360000;6,3475550000;
202100006047.0;1;06;06085;2;1;1.0;3.0;43,6006730000;6,9699210000;
202100006048.0;1;987;98715;1;9;1.0;6.0; -17,5527360000; -149,5934750000;
202100006049.0;3;17;17213;1;1;2.0;5.0;46,0582460000; -0,5363940000;
202100006050.0;2;987;98714;1;1;1.0;1.0; -16,5389830000; -151,7362980000;
202100006051.0;3;988;98807;1;1;2.0;7.0; -20,7065850000;164,9436240000;
202100006052.0;3;971;97108;1;1;1.0;6.0;15,9173400000; -61,2165070000;
202100006053.0;1;29;29147;1;6;2.0;6.0;47,8961000000; -3,5743650000;
202100006054.0;5;30;30211;2;6;1.0;6.0;43,8257500000;4,4955750000;
202100006055.0;3;34;34329;1;6;1.0;6.0;43,2530290000;3,2531280000;
202100006056.0;5;38;38509;2;9;1.0;6.0;45,5665040000;5,4490540000;
202100006057.0;1;01;01249;1;1;2.0;1.0;45,8561130000;4,9100570000;
202100006058.0;3;69;69297;1;1;1.0;1.0;45,5964440000;4,7968520000;
202100006059.0;3;81;81271;1;1;1.0;6.0;43,7621990000;1,6877420000;
202100006060.0;3;79;79319;1;1;1.0;6.0;46,3497600000; -0,1414060000;
202100006061.0;1;17;17308;1;1;1.0;2.0;45,8715150000; -0,9689210000;
202100006062.0;5;33;33533;2;1;2.0;6.0;44,5583310000; -0,2609690000;
202100006063.0;1;33;33483;2;1;1.0;6.0;44,9124570000; -0,3931420000;
202100006064.0;1;33;33032;2;3;2.0;5.0;44,9039380000; -0,5043300000;
202100006065.0;3;49;49035;1;3;2.0;2.0;47,4339410000; -0,6140570000;
202100006066.0;5;60;60524;2;1;2.0;6.0;49,3237060000;2,4421460000;
202100006067.0;3;60;60106;1;1;3.0;1.0;49,3865910000;2,4559920000;
202100006068.0;3;59;59012;1;1;2.0;7.0;50,0024980000;4,0944670000;
202100006069.0;5;59;59581;2;1;2.0;7.0;50,6753650000;2,7906020000;
202100006070.0;5;33;33550;1;1;2.0;6.0;44,7765580000; -0,5567360000;
202100006071.0;1;92;92002;1;1;2.0;4.0;48,7631491121;2,3053935956;
202100006072.0;1;91;91521;1;1;2.0;3.0;48,6339700000;2,4006300000;
202100006073.0;1;94;94034;1;1;2.0;2.0;48,7537900000;2,3316300000;
202100006074.0;5;94;94034;2;1;2.0;2.0;48,7606114652;2,3193595264;
202100006075.0;5;94;94037;1;1;1.0;6.0;48,8176422556;2,3338754483;
202100006076.0;3;91;91174;1;1;2.0;4.0;48,6122300000;2,4486400000;
202100006077.0;1;78;78423;1;1;3.0;6.0;48,7969030000;2,0215240000;
202100006078.0;5;78;78073;1;1;1.0;6.0;48,8014720000;2,0468320000;
202100006079.0;3;78;78321;1;1;2.0;4.0;48,7987640000;1,9156840000;
202100006080.0;1;95;95572;1;1;2.0;7.0;49,0309042680;2,1213675484;
202100006081.0;3;93;93027;1;1;9.0;5.0;48,9284000000;2,4127000000;
202100006082.0;1;93;93008;1;1;1.0;2.0;48,9057111171;2,4635392427;
202100006083.0;3;94;94002;1;1;2.0;2.0;48,7763000000;2,4294000000;
202100006084.0;3;77;77141;1;1;2.0;2.0;48,8469438890;2,8316070706;
202100006085.0;5;94;94041;2;1;1.0;6.0;48,8035600000;2,3833300000;
202100006086.0;1;94;94041;2;1;1.0;3.0;48,8099600000;2,3803400000;
202100006087.0;1;94;94041;2;2;8.0;3.0;48,8192700000;2,3925600000;
202100006088.0;2;94;94041;2;1;1.0;6.0;48,8061900000;2,3754700000;
202100006089.0;5;94;94041;2;1;1.0;7.0;48,8240000000;2,3875000000;
202100006090.0;2;94;94041;2;2;2.0;1.0;48,8022960000;2,3969980000;
202100006091.0;5;75;75113;2;1;1.0;3.0;48,8167830000;2,3558550000;
202100006092.0;5;75;75116;2;4;1.0;3.0;48,8467300000;2,2545270000;
202100006093.0;1;75;75105;2;2;1.0;6.0;48,8411680000;2,3559680000;
202100006094.0;1;75;75119;2;7;2.0;3.0;48,9006190000;2,3869620000;
202100006095.0;1;75;75119;2;1;1.0;3.0;48,8763490000;2,3755910000;
202100006096.0;1;75;75119;2;2;2.0;3.0;48,8841790000;2,3685950000;
202100006097.0;5;75;75118;2;3;2.0;6.0;48,8908280000;2,3599060000;
202100006098.0;5;75;75117;2;4;2.0;6.0;48,8878300000;2,3113560000;
202100006099.0;1;75;75115;2;7;2.0;7.0;48,8480210000;2,3017230000;
202100006100.0;2;75;75114;2;3;2.0;6.0;48,8298220000;2,3260600000;
202100006101.0;1;75;75108;2;2;2.0;6.0;48,8791270000;2,3031220000;
202100006102.0;1;75;75108;2;7;1.0;3.0;48,8640780000;2,3201230000;
202100006103.0;1;75;75107;2;2;8.0;6.0;48,8518310000;2,3145170000;
202100006104.0;1;75;75107;2;4;1.0;4.0;48,8567510000;2,3270920000;
202100006105.0;1;75;75104;2;2;1.0;3.0;48,8560740000;2,3506880000;
202100006106.0;1;94;94068;2;2;2.0;1.0;48,7937900000;2,4923100000;
202100006107.0;5;94;94046;2;1;2.0;1.0;48,8119100000;2,4468000000;
202100006108.0;1;94;94076;2;1;1.0;1.0;48,7951730000;2,3479000000;
202100006109.0;5;94;94041;2;1;2.0;7.0;48,8064900000;2,3742200000;
202100006110.0;1;75;75113;2;1;8.0;5.0;48,8191600000;2,3728800000;
202100006111.0;5;94;94054;2;2;2.0;3.0;48,7496000000;2,3893400000;
202100006112.0;1;94;94038;2;1;1.0;6.0;48,7745700000;2,3396000000;
202100006113.0;3;94;94034;1;1;1.0;2.0;48,7565300000;2,3303100000;
202100006114.0;5;94;94028;2;9;2.0;3.0;48,7770000000;2,4550000000;
202100006115.0;1;94;94022;2;3;2.0;3.0;48,7693100000;2,4223700000;
202100006116.0;1;94;94022;2;2;1.0;3.0;48,7700100000;2,4181000000;
202100006117.0;3;94;94060;1;1;1.0;7.0;48,7866980000;2,5629850000;
202100006118.0;1;94;94079;2;3;1.0;3.0;48,8235400000;2,5606300000;
202100006119.0;2;93;93051;2;3;1.0;3.0;48,8400400000;2,5419500000;
202100006120.0;1;93;93048;2;1;2.0;2.0;48,8646733862;2,4679778244;
202100006121.0;1;93;93045;2;1;1.0;3.0;48,8781017102;2,4212479591;
202100006122.0;2;93;93032;2;2;8.0;3.0;48,8744607020;2,5585484505;
202100006123.0;5;93;93010;2;1;2.0;1.0;48,9038440000;2,4753680000;
202100006124.0;5;92;92046;2;2;2.0;3.0;48,8142144813;2,2782656550;
202100006125.0;5;92;92022;2;5;1.0;7.0;48,8086222470;2,1875855327;
202100006126.0;1;92;92050;2;1;2.0;3.0;48,8858077345;2,1969376769;
202100006127.0;1;92;92025;2;1;2.0;6.0;48,9241810000;2,2380500000;
202100006128.0;5;92;92012;2;1;1.0;7.0;48,8402932802;2,2336417437;
202100006129.0;5;92;92012;2;2;2.0;3.0;48,8350200000;2,2412700000;
202100006130.0;1;35;35236;2;1;1.0;6.0;47,6544340000; -2,0732220000;
202100006131.0;1;10;10340;2;1;2.0;6.0;48,2579842733;4,0307859023;
202100006132.0;3;972;97214;2;1;1.0;6.0;14,8347870000; -61,0607000000;
202100006133.0;3;84;84028;1;1;1.0;6.0;44,2262350000;4,9462290000;
202100006134.0;1;61;61170;1;1;4.0;7.0;48,7049250000; -0,0471210000;
202100006135.0;1;51;51318;1;1;9.0;7.0;49,2986270000;4,2017130000;
202100006136.0;4;56;56177;1;1;2.0;6.0;47,7525158000; -3,0214333000;
202100006137.0;1;76;76355;1;1;4.0;1.0;49,6821590000;0,7108180000;
202100006138.0;1;82;82159;1;2;2.0;3.0;44,1229620000;1,5860120000;
202100006139.0;3;89;89364;1;1;2.0;6.0;47,4704620000;3,7723930000;
202100006140.0;2;63;63180;1;1;8.0;6.0;45,8701510000;3,3031690000;
202100006141.0;1;63;63132;2;2;1.0;3.0;45,6308980000;3,5585460000;
202100006142.0;1;42;42238;1;1;4.0;6.0;45,7549330000;3,7862920000;
202100006143.0;5;68;68258;2;1;1.0;6.0;47,8373470000;7,3070990000;
202100006144.0;1;68;68056;2;1;8.0;6.0;47,7022888927;7,2959454730;
202100006145.0;3;44;44182;1;1;1.0;6.0;47,1891780000; -2,1302070000;
202100006146.0;1;35;35070;2;4;7.0;3.0;48,5569440000; -1,9301390000;
202100006147.0;1;64;64138;1;6;3.0;7.0;43,2436839516; -0,2680063248;
202100006148.0;2;18;18138;1;1;2.0;1.0;47,0798000000;2,3094200000;
202100006149.0;3;43;43078;1;1;2.0;7.0;45,0286720000;3,9323650000;
202100006150.0;3;04;04166;1;1;1.0;6.0;43,8409330000;6,1054370000;
202100006151.0;1;85;85096;2;2;1.0;3.0;46,8989970000; -1,8275650000;
202100006152.0;3;27;27340;1;2;3.0;3.0;49,3885570000;0,7985900000;
202100006153.0;1;37;37206;2;1;2.0;1.0;47,4974671682;0,6310917141;
202100006154.0;1;973;97307;2;6;1.0;3.0;4,8732770000; -52,3232350000;
202100006155.0;1;30;30036;1;1;1.0;3.0;43,7804700000;4,2924410000;
202100006156.0;1;978;97801;2;1;1.0;3.0;18,0936160000; -63,0659650000;
202100006157.0;3;988;98805;1;1;1.0;6.0; -22,1825570000;166,4319920000;
202100006158.0;1;01;01331;1;1;8.0;2.0;46,1012320000;5,4348960000;
202100006159.0;1;35;35131;1;2;1.0;3.0;48,1300640000; -1,8050350000;
202100006160.0;3;42;42169;1;1;1.0;1.0;45,4647210000;4,1223080000;
202100006161.0;1;987;98715;1;1;1.0;2.0; -17,5529480000; -149,5916520000;
202100006162.0;1;44;44184;2;2;7.0;1.0;47,2678370000; -2,2220170000;
202100006163.0;3;973;97360;1;1;1.0;6.0;5,1914750000; -54,3200540000;
202100006164.0;5;73;73304;2;1;4.0;6.0;45,4556870000;6,9694520000;
202100006165.0;1;27;27662;1;1;2.0;6.0;49,3476760289;0,4274657483;
202100006166.0;1;28;28169;1;1;8.0;2.0;48,4334820000;1,9047580000;
202100006167.0;3;988;98830;2;1;2.0;6.0; -20,7204340000;165,0270080000;
202100006168.0;1;971;97118;1;1;2.0;4.0;16,2059142031; -61,6324907541;
202100006169.0;1;28;28064;1;1;1.0;1.0;48,8101270000;1,4642250000;
202100006170.0;1;2B;2B134;2;2;2.0;6.0;42,6329050000;8,9384830000;
202100006171.0;4;71;71176;2;1;1.0;6.0;46,4817100000;3,9831770000;
202100006172.0;3;68;68287;1;1;1.0;7.0;47,9689540000;7,3030730000;
202100006173.0;3;42;42066;1;1;1.0;1.0;45,7308767457;4,1724298596;
202100006174.0;1;42;42147;1;1;1.0;2.0;45,5866010000;4,0783100000;
202100006175.0;3;26;26235;1;1;1.0;7.0;44,3221590000;4,6864460000;
202100006176.0;5;01;01049;1;1;2.0;7.0;45,8367280000;5,0614260000;
202100006177.0;2;69;69023;1;1;1.0;7.0;46,0284690000;4,6032280000;
202100006178.0;3;69;69281;2;1;1.0;6.0;45,6260310000;4,9217390000;
202100006179.0;1;69;69287;1;1;1.0;1.0;45,6718552574;5,0151572277;
202100006180.0;1;69;69143;2;6;1.0;6.0;45,8835480000;4,8454540000;
202100006181.0;3;81;81117;1;1;1.0;6.0;43,7979630000;1,9931600000;
202100006182.0;3;33;33052;1;9;8.0;2.0;44,9585200000; -0,2307000000;
202100006183.0;3;85;85119;1;1;2.0;6.0;46,9738690000; -1,1302610000;
202100006184.0;2;50;50099;2;1;2.0;6.0;49,3100360000; -1,2551080000;
202100006185.0;5;60;60223;2;1;2.0;5.0;49,4235640000;2,6363330000;
202100006186.0;2;60;60009;1;1;2.0;4.0;49,3995940000;2,1340730000;
202100006187.0;4;59;59221;1;1;3.0;6.0;50,3089330000;3,5171160000;
202100006188.0;1;13;13210;1;1;1.0;2.0;43,2850000000;5,4165000000;
202100006189.0;1;13;13005;1;1;2.0;7.0;43,2687140000;5,5880600000;
202100006190.0;1;69;69034;2;1;2.0;6.0;45,7881600000;4,8609900000;
202100006191.0;1;33;33013;1;1;2.0;4.0;44,8589500000; -0,5045400000;
202100006192.0;1;33;33249;1;1;1.0;5.0;44,8733500000; -0,5065900000;
202100006193.0;3;94;94034;1;1;2.0;2.0;48,7567600000;2,3306100000;
202100006194.0;1;91;91687;1;1;1.0;3.0;48,6600000000;2,3728000000;
202100006195.0;3;91;91179;1;1;1.0;7.0;48,5667500000;2,4732400000;
202100006196.0;1;78;78133;1;1;2.0;4.0;48,9096280000;2,0493520000;
202100006197.0;4;92;92063;1;1;1.0;1.0;48,8913353867;2,1761888757;
202100006198.0;3;78;78423;1;1;8.0;7.0;48,7979700000;2,0425700000;
202100006199.0;3;93;93027;1;1;2.0;3.0;48,9285400000;2,4138000000;
202100006200.0;1;93;93027;1;1;2.0;6.0;48,9280600000;2,4101400000;
202100006201.0;1;95;95351;1;1;1.0;2.0;49,0386000000;2,4843200000;
202100006202.0;3;95;95424;2;1;2.0;3.0;48,9935400000;2,2078300000;
202100006203.0;1;06;06029;2;1;8.0;3.0;43,5586000000;7,0167700000;
202100006204.0;1;14;14699;2;3;1.0;3.0;49,3448100000;0,0983300000;
202100006205.0;5;75;75112;2;1;1.0;6.0;48,8448620000;2,3675540000;
202100006206.0;1;976;97611;2;1;1.0;2.0; -12,7990300000;45,2156800000;
202100006207.0;1;974;97416;2;1;1.0;6.0; -21,2872000000;55,4676100000;
202100006208.0;1;974;97407;2;9;1.0;5.0; -20,9513600000;55,2883000000;
202100006209.0;1;973;97302;2;3;1.0;3.0;4,9321333590; -52,2971678227;
202100006210.0;1;973;97302;2;1;1.0;6.0;4,9315780596; -52,3295066357;
202100006211.0;5;69;69259;2;2;2.0;2.0;45,7143100000;4,8792400000;
202100006212.0;1;69;69387;2;1;1.0;6.0;45,7417500000;4,8398100000;
202100006213.0;2;69;69259;2;9;1.0;1.0;45,7023900000;4,8877400000;
202100006214.0;1;69;69389;2;2;2.0;3.0;45,7867600000;4,7904800000;
202100006215.0;1;69;69081;2;3;2.0;3.0;45,7856500000;4,7829300000;
202100006216.0;5;69;69384;2;2;1.0;3.0;45,7799849829;4,8109066486;
202100006217.0;1;2B;2B033;1;1;2.0;1.0;42,6783021456;9,4318660289;
202100006218.0;1;2B;2B033;2;4;1.0;2.0;42,6748700000;9,4438400000;
202100006219.0;5;91;91027;2;1;1.0;4.0;48,7057900000;2,3935000000;
202100006220.0;1;87;87085;2;1;2.0;3.0;45,8321900000;1,2612300000;
202100006221.0;5;87;87085;2;2;1.0;6.0;45,8235600000;1,2413200000;
202100006222.0;5;87;87085;2;2;1.0;1.0;45,8312300000;1,2403300000;
202100006223.0;1;87;87048;1;3;1.0;4.0;45,7802300000;1,2216900000;
202100006224.0;1;87;87085;2;1;1.0;6.0;45,8388000000;1,2550700000;
202100006225.0;3;85;85194;1;1;1.0;3.0;46,5150660000; -1,7403060000;
202100006226.0;5;78;78440;2;6;2.0;1.0;48,9874000000;1,9122100000;
202100006227.0;1;78;78401;2;2;8.0;2.0;49,0014700000;1,9066200000;
202100006228.0;1;74;74012;2;3;8.0;3.0;46,1848500000;6,2278300000;
202100006229.0;1;74;74133;2;2;8.0;3.0;46,1905500000;6,2114100000;
202100006230.0;1;71;71270;2;3;1.0;3.0;46,3259974199;4,8304487578;
202100006231.0;1;69;69266;2;3;2.0;7.0;45,7582700000;4,8969800000;
202100006232.0;5;67;67482;2;1;1.0;6.0;48,5845400000;7,6919500000;
202100006233.0;2;64;64260;2;1;3.0;3.0;43,3493400000; -1,7712300000;
202100006234.0;1;64;64102;2;1;2.0;3.0;43,5058211111; -1,4672380686;
202100006235.0;1;64;64024;2;1;2.0;3.0;43,4930000000; -1,5170700000;
202100006236.0;1;64;64024;2;6;2.0;7.0;43,4984100000; -1,4947000000;
202100006237.0;5;60;60159;2;1;1.0;6.0;49,4191423658;2,8226829087;
202100006238.0;1;59;59392;2;1;1.0;3.0;50,2948435387;3,9762273994;
202100006239.0;5;59;59220;1;9;1.0;3.0;50,5817100000;3,0792600000;
202100006240.0;1;57;57012;2;1;7.0;6.0;49,3558400000;6,0458100000;
202100006241.0;1;51;51454;2;1;1.0;2.0;49,2322193608;4,0141376853;
202100006242.0;1;50;50129;2;1;2.0;6.0;49,6346200000; -1,6227800000;
202100006243.0;1;49;49007;2;1;1.0;3.0;47,4517000000; -0,5530400000;
202100006244.0;5;49;49007;2;1;1.0;6.0;47,4922300000; -0,5289840000;
202100006245.0;5;45;45284;2;1;1.0;5.0;47,9245300000;1,9907400000;
202100006246.0;1;42;42186;2;1;1.0;5.0;45,5278400000;4,5943600000;
202100006247.0;1;42;42184;2;1;8.0;6.0;46,0429730302;4,0455132723;
202100006248.0;3;41;41269;1;1;1.0;2.0;47,7669300000;1,0935600000;
202100006249.0;1;38;38563;2;1;1.0;2.0;45,3686600000;5,5861500000;
202100006250.0;1;38;38421;2;3;1.0;3.0;45,1871300000;5,7470500000;
202100006251.0;5;37;37261;2;1;1.0;6.0;47,4186253229;0,6853795052;
202100006252.0;5;37;37122;2;1;1.0;6.0;47,3589482003;0,6951709092;
202100006253.0;1;37;37261;2;6;1.0;3.0;47,3795310775;0,6931845580;
202100006254.0;2;35;35238;2;1;2.0;6.0;48,1246000000; -1,6818900000;
202100006255.0;1;35;35115;2;1;1.0;3.0;48,3515800000; -1,2007400000;
202100006256.0;5;33;33063;2;1;2.0;6.0;44,8536600000; -0,5654000000;
202100006257.0;5;33;33063;2;3;1.0;3.0;44,8433400000; -0,5702200000;