Num_Acc;lum;departement;commune;agglomeration;intersection;meteo;type_collision;lat;long;date
202100006915.0;1;64;64269;2;1;2.0;7.0;43,2925700000; -0,3083900000;
202100006916.0;1;64;64445;1;1;1.0;2.0;43,3089700000; -0,3289700000;
202100006917.0;2;51;51230;2;3;8.0;7.0;49,0335870000;3,9566060000;
202100006918.0;5;49;49007;2;1;3.0;6.0;47,4727000000; -0,5570900000;
202100006919.0;5;44;44162;2;1;1.0;6.0;47,2215500000; -1,6327300000;
202100006920.0;5;35;35051;2;1;2.0;2.0;48,1355100000; -1,6260500000;
202100006921.0;1;35;35278;1;1;2.0;2.0;48,1760600000; -1,7177700000;
202100006922.0;1;35;35238;2;2;2.0;3.0;48,0837600000; -1,6751100000;
202100006923.0;1;31;31555;2;1;1.0;1.0;43,5647530000;1,4015220000;
202100006924.0;2;31;31555;1;1;1.0;2.0;43,5896900000;1,3997000000;
202100006925.0;1;29;29019;2;6;7.0;2.0;48,3929600000; -4,4792800000;
202100006926.0;5;27;27681;2;1;1.0;6.0;49,0896020242;1,4730480314;
202100006927.0;1;25;25056;1;1;5.0;4.0;47,2659100000;6,0045900000;
202100006928.0;1;17;17306;2;1;1.0;3.0;45,6271200000; -1,0130500000;
202100006929.0;5;13;13214;2;1;1.0;2.0;43,3155100000;5,3864500000;
202100006930.0;5;13;13214;2;1;1.0;3.0;43,3261300000;5,3765100000;
202100006931.0;5;13;13212;2;1;1.0;6.0;43,2949500000;5,4270800000;
202100006932.0;1;13;13001;2;9;2.0;3.0;43,5250600000;5,4380900000;
202100006933.0;5;12;12089;1;1;1.0;3.0;44,5617800000;2,2526500000;
202100006934.0;2;06;06088;2;9;8.0;3.0;43,6980500000;7,2481300000;
202100006935.0;5;75;75113;2;1;1.0;3.0;48,8172000000;2,3662540000;
202100006936.0;5;75;75112;2;1;1.0;3.0;48,8422500000;2,4138630000;
202100006937.0;1;75;75118;2;2;2.0;6.0;48,8980730000;2,3442770000;
202100006938.0;1;75;75118;2;3;2.0;6.0;48,8841810000;2,3541200000;
202100006939.0;5;75;75116;2;1;1.0;3.0;48,8717240000;2,2935190000;
202100006940.0;5;75;75116;2;1;2.0;7.0;48,8612380000;2,2397370000;
202100006941.0;5;75;75114;2;1;8.0;7.0;48,8417730000;2,3253150000;
202100006942.0;5;75;75110;2;2;8.0;6.0;48,8836100000;2,3495620000;
202100006943.0;5;75;75108;2;4;1.0;3.0;48,8740780000;2,2982120000;
202100006944.0;5;75;75107;2;2;1.0;3.0;48,8599460000;2,3131060000;
202100006945.0;1;75;75101;2;2;2.0;1.0;48,8652830000;2,3430870000;
202100006946.0;1;94;94075;2;4;2.0;3.0;48,7274500000;2,5311200000;
202100006947.0;1;94;94002;2;2;2.0;3.0;48,7858700000;2,4296000000;
202100006948.0;1;93;93078;2;2;3.0;3.0;48,9529200000;2,5531100000;
202100006949.0;1;93;93001;2;1;2.0;3.0;48,9102570407;2,3788885122;
202100006950.0;5;92;92040;2;1;1.0;3.0;48,8194722641;2,2616332769;
202100006951.0;1;92;92012;2;1;2.0;6.0;48,8254300000;2,2481600000;
202100006952.0;3;95;95313;1;1;8.0;6.0;49,1057080000;2,2597930000;
202100006953.0;5;01;01427;2;1;1.0;6.0;45,9371840000;4,7855010000;
202100006954.0;1;59;59553;2;1;2.0;1.0;50,5953640000;2,9575350000;
202100006955.0;1;51;51618;1;2;2.0;3.0;48,8079900000;3,4408560000;
202100006956.0;1;79;79076;2;2;1.0;7.0;46,7373200000; -0,4825350000;
202100006957.0;2;63;63306;1;3;1.0;3.0;45,7140050000;3,2211020000;
202100006958.0;2;29;29165;1;1;9.0;2.0;47,8353990000; -4,2263570000;
202100006959.0;2;01;01069;1;2;5.0;3.0;46,1166250000;5,2775630000;
202100006960.0;2;01;01236;1;2;1.0;5.0;46,3315510000;5,0837620000;
202100006961.0;3;70;70171;1;1;1.0;1.0;47,8890390000;6,3011740000;
202100006962.0;3;72;72226;1;1;2.0;7.0;47,8198000000;0,1110000000;
202100006963.0;3;14;14172;1;1;8.0;6.0;49,3380080000; -0,7213210000;
202100006964.0;5;18;18087;2;2;2.0;3.0;46,8851100000;2,5750330000;
202100006965.0;3;18;18265;1;1;2.0;7.0;46,9882160000;3,0027220000;
202100006966.0;1;16;16269;1;1;1.0;6.0;45,6724840000;0,3492880000;
202100006967.0;3;27;27036;1;1;1.0;7.0;48,7433018489;0,9717145913;
202100006968.0;1;31;31022;1;1;1.0;1.0;43,6699510000;1,4193390000;
202100006969.0;3;68;68234;1;1;5.0;2.0;47,9500460000;7,3652760000;
202100006970.0;1;85;85130;1;1;1.0;1.0;46,7806890000; -1,6870670000;
202100006971.0;1;30;30036;1;1;1.0;3.0;43,7737898496;4,2819857597;
202100006972.0;1;988;98832;1;1;1.0;6.0; -22,2243350000;166,8450020000;
202100006973.0;5;974;97419;2;1;1.0;1.0; -21,1329380000;55,8046410000;
202100006974.0;1;973;97304;1;1;1.0;1.0;5,1472810000; -52,7083680000;
202100006975.0;1;37;37163;2;1;2.0;6.0;47,4366911770;0,9400056303;
202100006976.0;1;06;06065;2;3;7.0;3.0;43,7217930000;7,1672110000;
202100006977.0;3;21;21265;1;1;1.0;6.0;47,2521780000;4,9763130000;
202100006978.0;2;79;79270;2;1;5.0;3.0;46,4092360000; -0,2183640000;
202100006979.0;3;35;35066;1;9;1.0;1.0;48,0504600000; -1,7136960000;
202100006980.0;1;60;60612;2;1;1.0;6.0;49,2086820000;2,5844590000;
202100006981.0;3;13;13071;1;1;1.0;2.0;43,3965200000;5,2984200000;
202100006982.0;2;13;13085;1;1;1.0;6.0;43,2607700000;5,5911300000;
202100006983.0;5;69;69382;1;1;1.0;4.0;45,7502800000;4,8245300000;
202100006984.0;1;67;67482;1;1;8.0;4.0;48,5876060763;7,7283722162;
202100006985.0;1;94;94034;1;1;2.0;1.0;48,7574500000;2,3348300000;
202100006986.0;1;78;78402;1;1;2.0;5.0;48,9643000000;1,7977000000;
202100006987.0;5;78;78126;1;1;1.0;2.0;48,8379660000;2,1237620000;
202100006988.0;3;95;95582;1;1;1.0;2.0;48,9643420000;2,2684370000;
202100006989.0;1;95;95572;1;1;2.0;6.0;49,0345920000;2,1134040000;
202100006990.0;3;77;77294;1;1;1.0;6.0;48,9702456742;2,5705678494;
202100006991.0;1;93;93051;1;1;2.0;7.0;48,8365800000;2,5454100000;
202100006992.0;1;94;94052;1;1;3.0;2.0;48,8312500000;2,4919100000;
202100006993.0;3;94;94017;1;1;1.0;4.0;48,8300542660;2,4955528834;
202100006994.0;5;94;94018;1;1;1.0;6.0;48,8239728968;2,3943068395;
202100006995.0;5;29;29019;2;2;1.0;3.0;48,3823300000; -4,5035450000;
202100006996.0;1;74;74123;1;1;1.0;1.0;45,7569350000;6,2702971000;
202100006997.0;1;91;91114;2;1;1.0;2.0;48,6817740000;2,4920370000;
202100006998.0;3;988;98818;2;1;3.0;7.0; -22,2628500000;166,3970600000;
202100006999.0;1;974;97411;2;1;1.0;2.0; -20,9010008023;55,4911816120;
202100007000.0;1;974;97407;1;1;1.0;2.0; -20,9514100000;55,3183300000;
202100007001.0;5;69;69383;2;1;1.0;7.0;45,7526200000;4,8616300000;
202100007002.0;1;972;97213;2;1;1.0;4.0;14,6177000000; -61,0179500000;
202100007003.0;1;972;97209;2;1;2.0;7.0;14,6133900000; -61,0523900000;
202100007004.0;1;971;97101;2;3;2.0;3.0;16,2876800000; -61,4947800000;
202100007005.0;1;91;91114;2;9;1.0;2.0;48,6892590000;2,4911430000;
202100007006.0;2;86;86066;1;1;1.0;3.0;46,7790700000;0,5487800000;
202100007007.0;1;83;83062;1;1;1.0;6.0;43,1410700000;6,0300300000;
202100007008.0;1;83;83126;2;1;1.0;2.0;43,0835200000;5,8956600000;
202100007009.0;3;81;81021;2;1;1.0;1.0;43,5083500000;2,3500300000;
202100007010.0;5;79;79191;2;2;1.0;3.0;46,3409100000; -0,4892000000;
202100007011.0;5;78;78311;2;3;1.0;3.0;48,9180040000;2,1844440000;
202100007012.0;1;76;76231;2;1;1.0;6.0;49,2893300000;1,0058750000;
202100007013.0;3;64;64445;2;3;1.0;1.0;43,3101200000; -0,3608500000;
202100007014.0;1;64;64445;2;1;1.0;3.0;43,3187000000; -0,3785000000;
202100007015.0;1;64;64102;2;1;1.0;7.0;43,5057500000; -1,4673100000;
202100007016.0;5;44;44109;2;1;1.0;1.0;47,2357700000; -1,5678700000;
202100007017.0;5;37;37261;2;1;1.0;6.0;47,4158241319;0,7099639218;
202100007018.0;5;37;37261;2;1;1.0;6.0;47,3849822666;0,6880410402;
202100007019.0;5;35;35238;2;1;2.0;6.0;48,1089900000; -1,7058400000;
202100007020.0;5;34;34172;2;3;1.0;1.0;43,6008100000;3,8455000000;
202100007021.0;1;34;34172;2;4;1.0;2.0;43,6088900000;3,8959000000;
202100007022.0;5;33;33192;2;6;1.0;1.0;44,7728800000; -0,6398000000;
202100007023.0;1;33;33063;2;3;1.0;3.0;44,8640300000; -0,5499000000;
202100007024.0;2;31;31555;1;1;1.0;4.0;43,6055929371;1,3678085804;
202100007025.0;1;29;29019;2;5;1.0;1.0;48,4193500000; -4,5099100000;
202100007026.0;1;27;27229;2;1;8.0;2.0;49,0196100000;1,1543800000;
202100007027.0;5;25;25388;2;9;8.0;2.0;47,5114200000;6,8085900000;
202100007028.0;5;24;24557;2;3;5.0;3.0;45,1899300000;0,7339200000;
202100007029.0;3;22;22360;1;1;1.0;4.0;48,4674582422; -2,7773437479;
202100007030.0;1;21;21054;2;1;1.0;6.0;47,0195679077;4,8354859838;
202100007031.0;1;19;19275;2;4;1.0;3.0;45,5465676175;2,3174999704;
202100007032.0;1;17;17300;2;1;9.0;6.0;46,1695200000; -1,2033700000;
202100007033.0;5;13;13208;2;1;1.0;7.0;43,2279300000;5,3512700000;
202100007034.0;5;13;13203;2;9;1.0;3.0;43,3187700000;5,3790700000;
202100007035.0;5;13;13063;2;1;1.0;3.0;43,5879000000;4,9996800000;
202100007036.0;5;13;13047;2;1;1.0;1.0;43,5001800000;4,9667600000;
202100007037.0;5;10;10387;2;1;1.0;3.0;48,2940000000;4,0660800000;
202100007038.0;1;10;10387;2;2;1.0;3.0;48,2939000000;4,0819000000;
202100007039.0;1;06;06088;2;1;1.0;3.0;43,7084600000;7,2710400000;
202100007040.0;3;06;06088;2;2;1.0;2.0;43,6815400000;7,2312850000;
202100007041.0;5;06;06083;2;1;1.0;1.0;43,7864200000;7,5259700000;
202100007042.0;5;06;06029;2;2;1.0;3.0;43,5495800000;6,9759600000;
202100007043.0;1;75;75119;2;1;1.0;4.0;48,8968970000;2,3940760000;
202100007044.0;1;75;75120;2;4;8.0;7.0;48,8705390000;2,3882470000;
202100007045.0;1;75;75119;2;5;8.0;3.0;48,8862440000;2,3967380000;
202100007046.0;1;75;75116;2;3;1.0;3.0;48,8415070000;2,2665430000;
202100007047.0;1;75;75116;2;4;1.0;6.0;48,8633430000;2,2963100000;
202100007048.0;5;75;75116;2;2;1.0;6.0;48,8453010000;2,2715910000;
202100007049.0;1;75;75115;2;3;1.0;6.0;48,8429540000;2,2987550000;
202100007050.0;5;75;75104;2;5;1.0;2.0;48,8525820000;2,3680870000;
202100007051.0;5;75;75104;2;1;1.0;4.0;48,8477180000;2,3642660000;
202100007052.0;1;94;94058;2;9;1.0;3.0;48,8501500000;2,5095200000;
202100007053.0;5;94;94041;2;1;1.0;2.0;48,8161900000;2,3680500000;
202100007054.0;5;94;94022;2;1;1.0;3.0;48,7674200000;2,4158500000;
202100007055.0;1;94;94017;2;1;8.0;4.0;48,8093253811;2,5462556270;
202100007056.0;5;94;94017;2;1;2.0;3.0;48,8224300000;2,4923200000;
202100007057.0;1;93;93078;2;2;8.0;2.0;48,9600900000;2,5530400000;
202100007058.0;5;93;93070;2;1;1.0;1.0;48,9191348372;2,3339822122;
202100007059.0;5;93;93051;2;1;1.0;3.0;48,8481700000;2,5490500000;
202100007060.0;5;93;93048;2;1;1.0;7.0;48,8605000000;2,4434500000;
202100007061.0;5;93;93027;2;1;1.0;1.0;48,9200000000;2,4070000000;
202100007062.0;5;92;92078;2;1;1.0;6.0;48,9407029303;2,3230478168;
202100007063.0;5;92;92049;2;1;1.0;4.0;48,8206502543;2,3118630052;
202100007064.0;1;92;92047;2;1;1.0;7.0;48,8300990000;2,1755810000;
202100007065.0;1;92;92023;2;1;1.0;2.0;48,7954181432;2,2522991896;
202100007066.0;1;83;83148;1;1;1.0;3.0;43,4090810000;6,4299310000;
202100007067.0;2;67;67382;2;2;1.0;3.0;48,6251330000;7,5703850000;
202100007068.0;3;54;54151;1;1;1.0;1.0;49,4945212738;5,7497549052;
202100007069.0;1;26;26325;2;1;1.0;3.0;45,2950280000;4,8127310000;
202100007070.0;5;30;30092;2;1;1.0;6.0;44,0891730000;4,5910570000;
202100007071.0;1;30;30225;1;1;1.0;6.0;44,1484580000;4,5405390000;
202100007072.0;1;95;95365;1;1;2.0;6.0;49,0684220000;2,4346840000;
202100007073.0;1;56;56081;1;1;8.0;6.0;48,0863990000; -3,6380276000;
202100007074.0;3;74;74309;1;1;5.0;1.0;46,1159820000;6,0259420000;
202100007075.0;5;2B;2B343;2;3;1.0;2.0;42,4982223494;9,4680261614;
202100007076.0;3;2B;2B043;1;1;1.0;3.0;42,7569860000;9,4570180000;
202100007077.0;1;46;46336;1;2;1.0;3.0;44,4788590000;1,0930220000;
202100007078.0;2;68;68140;1;1;5.0;1.0;47,9206200000;7,4355550000;
202100007079.0;1;01;01272;2;3;2.0;7.0;46,1608730000;5,0046690000;
202100007080.0;3;26;26183;1;1;5.0;6.0;44,6974730000;5,1376210000;
202100007081.0;1;58;58134;2;1;8.0;1.0;46,9344550000;3,2693610000;
202100007082.0;1;14;14241;1;1;3.0;7.0;49,0725070000; -0,6212690000;
202100007083.0;3;50;50481;1;1;5.0;6.0;49,2377480000; -1,6057040000;
202100007084.0;1;04;04144;1;1;1.0;7.0;43,7880580000;6,3755680000;
202100007085.0;1;37;37050;2;1;8.0;3.0;47,3359457383;0,6911194517;
202100007086.0;1;13;13051;1;1;2.0;1.0;43,5945650000;5,1048230000;
202100007087.0;3;91;91244;1;1;1.0;1.0;48,5495760000;2,4115420000;
202100007088.0;3;06;06123;1;1;1.0;6.0;43,6659510000;7,1876080000;
202100007089.0;1;02;02297;1;1;2.0;7.0;49,0771270000;3,3635760000;
202100007090.0;2;38;38052;2;3;1.0;6.0;45,0903800000;6,0116670000;
202100007091.0;3;13;13032;1;2;1.0;3.0;43,5921600000;5,2542030000;
202100007092.0;1;13;13105;1;1;1.0;2.0;43,7612380000;5,0778830000;
202100007093.0;1;971;97110;1;1;1.0;6.0;16,3316970000; -61,0233130000;
202100007094.0;4;971;97134;2;1;1.0;6.0;16,0578870000; -61,7682960000;
202100007095.0;2;54;54217;1;1;2.0;7.0;48,4745998951;6,7380201811;
202100007096.0;1;57;57474;2;6;1.0;6.0;49,2593400000;6,1587970000;
202100007097.0;3;42;42251;1;1;5.0;6.0;45,6825580000;4,2492630000;
202100007098.0;5;69;69151;2;1;5.0;6.0;46,0610340000;4,6053530000;
202100007099.0;1;81;81038;1;1;1.0;7.0;43,8906560000;1,8937470000;
202100007100.0;3;33;33449;1;1;1.0;6.0;44,8949780000; -0,8000710000;
202100007101.0;1;44;44172;1;1;1.0;5.0;47,2733910000; -1,4722110000;
202100007102.0;1;60;60103;1;2;5.0;3.0;49,4117200000;2,2672180000;
202100007103.0;3;02;02290;1;1;2.0;6.0;49,0351950000;3,3241150000;
202100007104.0;3;13;13106;1;1;1.0;6.0;43,4018050000;5,3471410000;
202100007105.0;5;13;13071;1;1;1.0;7.0;43,4173400000;5,2743900000;
202100007106.0;1;69;69204;1;1;1.0;3.0;45,6854167725;4,8073010563;
202100007107.0;3;69;69388;1;9;1.0;6.0;45,7218635002;4,8867541552;
202100007108.0;3;33;33122;1;1;1.0;6.0;44,7463930000; -0,7013430000;
202100007109.0;1;78;78402;1;1;1.0;3.0;48,9639260000;1,7766710000;
202100007110.0;3;78;78640;1;1;1.0;2.0;48,7769700000;2,2244200000;
202100007111.0;1;93;93008;1;1;2.0;3.0;48,9090585619;2,4479930020;
202100007112.0;1;60;60494;1;1;1.0;6.0;49,1282040000;2,5582350000;
202100007113.0;3;93;93007;1;1;1.0;2.0;48,9206600000;2,4796600000;
202100007114.0;5;94;94073;1;1;1.0;2.0;48,7592916531;2,3835324056;
202100007115.0;1;77;77384;1;1;1.0;7.0;48,6155700000;2,6314570000;
202100007116.0;4;94;94046;1;9;2.0;2.0;48,8085628803;2,4490578633;
202100007117.0;2;29;29019;2;1;1.0;6.0;48,4045330000; -4,4963170000;
202100007118.0;5;33;33063;2;2;1.0;6.0;44,8323400000; -0,5729800000;
202100007119.0;5;92;92012;2;1;1.0;6.0;48,8392000000;2,2456300000;
202100007120.0;2;76;76447;2;1;1.0;6.0;49,5404100000;0,1874800000;
202100007121.0;1;974;97411;2;7;1.0;6.0; -20,8820833416;55,4536843300;
202100007122.0;1;33;33119;2;3;8.0;6.0;44,8520000000; -0,5115900000;
202100007123.0;2;13;13002;2;1;1.0;2.0;43,3382000000;5,4787900000;
202100007124.0;1;29;29232;2;6;1.0;6.0;47,9879600000; -4,1092300000;
202100007125.0;1;28;28085;2;1;7.0;6.0;48,4452100000;1,5208100000;
202100007126.0;1;25;25056;2;6;1.0;2.0;47,2427900000;6,0076300000;
202100007127.0;2;988;98818;2;2;2.0;6.0; -22,2793700000;166,4485900000;
202100007128.0;2;988;98818;2;2;1.0;3.0; -22,2752500000;166,4456300000;
202100007129.0;1;988;98818;2;2;1.0;2.0; -22,3029600000;166,4453000000;
202100007130.0;5;988;98818;2;2;1.0;6.0; -22,2740100000;166,4391300000;
202100007131.0;1;974;97416;1;1;1.0;2.0; -21,3313500000;55,4663800000;
202100007132.0;1;974;97411;1;1;1.0;7.0; -20,8812200000;55,3978600000;
202100007133.0;2;974;97411;2;2;1.0;3.0; -20,8732000000;55,4498800000;
202100007134.0;1;974;97411;2;1;1.0;3.0; -20,8863500000;55,4541200000;
202100007135.0;1;974;97411;1;9;1.0;3.0; -20,8830659089;55,4297985949;
202100007136.0;1;974;97409;2;1;1.0;2.0; -20,9614800000;55,6537100000;
202100007137.0;4;973;97302;2;1;1.0;3.0;4,9356800000; -52,2953600000;
202100007138.0;1;973;97302;2;3;1.0;3.0;4,9387500000; -52,3176100000;
202100007139.0;1;973;97302;2;1;1.0;6.0;4,9316903843; -52,3201881945;
202100007140.0;1;973;97302;2;1;1.0;6.0;4,9333700000; -52,2992100000;
202100007141.0;1;973;97302;2;1;1.0;3.0;4,9096600000; -52,3216000000;
202100007142.0;1;69;69388;2;1;1.0;2.0;45,7285816186;4,8683381081;
202100007143.0;2;69;69259;2;3;1.0;3.0;45,7161380792;4,8824250698;
202100007144.0;4;69;69386;2;2;1.0;3.0;45,7670700000;4,8476500000;
202100007145.0;1;69;69386;2;3;8.0;3.0;45,7644800000;4,8458500000;
202100007146.0;1;69;69388;2;1;1.0;3.0;45,7314700000;4,8667900000;
202100007147.0;1;69;69259;2;1;1.0;2.0;45,7084700000;4,8761800000;
202100007148.0;1;69;69388;2;4;1.0;6.0;45,7383900000;4,8526400000;
202100007149.0;3;69;69386;2;3;1.0;3.0;45,7652900000;4,8588800000;
202100007150.0;1;972;97209;2;1;1.0;1.0;14,6095700000; -61,0714400000;
202100007151.0;5;69;69389;2;3;1.0;1.0;45,7853900000;4,8105500000;
202100007152.0;4;69;69152;2;1;1.0;2.0;45,6965700000;4,8255900000;
202100007153.0;1;69;69382;2;1;1.0;3.0;45,7485798726;4,8312458396;
202100007154.0;1;69;69384;2;1;1.0;2.0;45,7795719106;4,8238134061;
202100007155.0;1;69;69081;2;7;1.0;6.0;45,7744700000;4,7787200000;
202100007156.0;5;69;69034;2;1;1.0;6.0;45,7945800000;4,8468600000;
202100007157.0;1;2B;2B120;2;1;1.0;2.0;42,6493200000;9,4405400000;
202100007158.0;1;971;97120;2;1;1.0;3.0;16,2443600000; -61,5412500000;
202100007159.0;1;971;97101;1;1;1.0;3.0;16,2840500000; -61,4948800000;
202100007160.0;5;95;95268;2;2;1.0;3.0;48,9621600000;2,4022500000;
202100007161.0;1;95;95680;2;4;1.0;5.0;49,0064424926;2,3830170778;
202100007162.0;1;91;91223;2;1;1.0;2.0;48,4338300000;2,1640200000;
202100007163.0;1;88;88160;2;1;1.0;3.0;48,2015800000;6,4593000000;
202100007164.0;1;87;87085;2;1;1.0;3.0;45,8240900000;1,2454400000;
202100007165.0;5;87;87085;2;3;1.0;3.0;45,8322500000;1,2740600000;
202100007166.0;1;84;84031;2;1;1.0;6.0;44,0545900000;5,0447100000;
202100007167.0;1;83;83137;2;1;1.0;6.0;43,1234430968;5,9375578165;
202100007168.0;1;83;83137;2;1;1.0;6.0;43,1263900000;5,9400100000;
202100007169.0;1;83;83137;2;1;1.0;3.0;43,1286800000;5,8883500000;
202100007170.0;1;83;83126;2;1;1.0;2.0;43,1040100000;5,8796100000;
202100007171.0;2;81;81065;2;3;8.0;3.0;43,6022070000;2,2435840000;
202100007172.0;3;80;80164;1;1;5.0;2.0;49,9010400000;2,3684000000;
202100007173.0;5;80;80021;2;2;1.0;1.0;49,8964800000;2,2888600000;
202100007174.0;3;80;80674;1;1;2.0;5.0;49,9123400000;2,3431400000;
202100007175.0;1;78;78498;2;1;1.0;6.0;48,9324580000;2,0415240000;
202100007176.0;1;77;77532;1;1;8.0;6.0;48,5607540000;3,2210920000;
202100007177.0;1;77;77316;1;1;1.0;2.0;48,3355700000;2,7799400000;
202100007178.0;3;77;77067;1;6;5.0;1.0;48,5612100000;2,5956500000;
202100007179.0;5;77;77243;2;1;5.0;2.0;48,8777357467;2,7014112111;
202100007180.0;3;77;77186;1;1;5.0;6.0;48,4530800000;2,7229800000;
202100007181.0;1;76;76540;2;1;1.0;6.0;49,4261600000;1,0870900000;
202100007182.0;1;76;76322;1;1;1.0;2.0;49,4069500000;1,0368700000;
202100007183.0;5;76;76322;1;1;1.0;2.0;49,4153900000;1,0452900000;
202100007184.0;1;76;76351;2;2;1.0;6.0;49,4942610000;0,1384140000;
202100007185.0;5;76;76351;2;1;1.0;7.0;49,4892000000;0,1392300000;
202100007186.0;2;76;76329;1;1;2.0;7.0;49,5675243317;0,4889298160;
202100007187.0;1;74;74281;2;1;1.0;3.0;46,3809300000;6,4924400000;
202100007188.0;2;72;72181;2;1;1.0;2.0;47,9701700000;0,1800100000;
202100007189.0;5;72;72181;2;6;1.0;3.0;47,9960000000;0,1921550000;
202100007190.0;2;72;72181;2;1;1.0;3.0;48,0087410000;0,1998980000;
202100007191.0;1;72;72181;2;6;1.0;3.0;48,0156500000;0,2307000000;
202100007192.0;1;72;72181;2;6;1.0;3.0;47,9920800000;0,2164000000;
202100007193.0;5;71;71270;1;1;1.0;6.0;46,3636000000;4,8412100000;
202100007194.0;3;71;71540;1;6;2.0;7.0;46,7553196814;4,4405199246;
202100007195.0;2;69;69266;2;2;1.0;3.0;45,7711512981;4,8936635167;
202100007196.0;5;69;69256;2;3;1.0;3.0;45,7750500000;4,9320200000;
202100007197.0;1;68;68256;1;1;1.0;4.0;47,7615000000;7,3143000000;
202100007198.0;1;67;67447;2;1;8.0;6.0;48,6030200000;7,7534100000;
202100007199.0;1;67;67180;1;1;1.0;1.0;48,8957800000;7,8436000000;
202100007200.0;5;64;64284;2;3;1.0;3.0;43,2904300000; -0,3940200000;
202100007201.0;5;64;64445;2;6;1.0;3.0;43,3077600000; -0,3391800000;
202100007202.0;5;64;64284;2;6;1.0;3.0;43,2895100000; -0,3928200000;
202100007203.0;1;64;64445;2;3;1.0;3.0;43,2924300000; -0,3636400000;
202100007204.0;1;64;64445;2;2;1.0;3.0;43,2982800000; -0,3583300000;
202100007205.0;1;64;64122;2;1;1.0;6.0;43,4759600000; -1,5527200000;
202100007206.0;4;64;64024;2;1;1.0;6.0;43,4805000000; -1,5144800000;
202100007207.0;5;64;64102;2;3;1.0;1.0;43,4973500000; -1,4780000000;
202100007208.0;1;64;64024;2;1;1.0;2.0;43,4872038324; -1,5366107225;
202100007209.0;1;63;63124;2;2;1.0;3.0;45,7309400000;3,1998700000;
202100007210.0;1;63;63075;2;2;1.0;6.0;45,7743400000;3,0632800000;
202100007211.0;1;63;63113;2;2;1.0;6.0;45,7687000000;3,0782200000;
202100007212.0;5;63;63113;2;2;1.0;3.0;45,7763000000;3,0900600000;
202100007213.0;2;63;63164;2;1;1.0;4.0;45,8225200000;3,1389500000;
202100007214.0;1;59;59090;2;1;7.0;6.0;50,7150705961;3,0851315004;
202100007215.0;5;59;59068;2;9;5.0;6.0;50,2030996190;3,8125482202;
202100007216.0;5;59;59527;2;2;1.0;2.0;50,6645068042;3,0315606180;
202100007217.0;1;59;59378;2;1;1.0;6.0;50,6643764032;3,1016678403;
202100007218.0;2;59;59378;2;1;1.0;4.0;50,6602100000;3,0940800000;
202100007219.0;5;59;59378;2;1;1.0;5.0;50,6649700000;3,1110400000;
202100007220.0;1;59;59350;2;1;1.0;3.0;50,6366000000;3,0705000000;
202100007221.0;1;59;59178;2;3;1.0;6.0;50,3671100000;3,0850900000;
202100007222.0;5;57;57283;2;1;1.0;6.0;49,2446800000;6,1699900000;
202100007223.0;2;56;56260;1;1;8.0;6.0;47,6770650000; -2,7742650000;
202100007224.0;5;56;56260;2;3;1.0;3.0;47,6550360000; -2,7675310000;
202100007225.0;1;56;56121;2;4;1.0;1.0;47,7511600000; -3,3580600000;
202100007226.0;1;56;56121;2;6;1.0;3.0;47,7560500000; -3,3842600000;
202100007227.0;1;56;56121;2;3;1.0;7.0;47,7491200000; -3,3813700000;
202100007228.0;2;56;56121;2;3;8.0;2.0;47,7596300000; -3,3813000000;
202100007229.0;3;54;54184;2;1;1.0;2.0;48,7153900892;6,2416129756;
202100007230.0;5;54;54304;2;1;1.0;6.0;48,6792129985;6,1585820877;
202100007231.0;1;54;54304;2;1;1.0;6.0;48,6784900000;6,1604300000;
202100007232.0;2;54;54578;2;2;2.0;3.0;48,6702900000;6,1582800000;
202100007233.0;1;54;54395;2;1;1.0;6.0;48,7024100000;6,1638000000;
202100007234.0;3;53;53054;1;1;1.0;2.0;48,0966100000; -0,7478300000;
202100007235.0;1;51;51454;2;1;1.0;4.0;49,2334687259;4,0070258081;
202100007236.0;3;51;51172;2;6;1.0;2.0;49,2200766886;4,0412440896;
202100007237.0;1;51;51454;2;2;5.0;7.0;49,2363276285;4,0262270201;
202100007238.0;1;50;50129;2;1;1.0;7.0;49,6367800000; -1,6247400000;
202100007239.0;1;49;49099;2;6;1.0;3.0;47,0692800000; -0,8531600000;
202100007240.0;5;49;49007;2;1;1.0;6.0;47,4906000000; -0,5477400000;
202100007241.0;1;49;49007;2;1;1.0;2.0;47,4587100000; -0,5464000000;
202100007242.0;2;49;49007;2;6;1.0;3.0;47,4496500000; -0,5305300000;