Num_Acc;lum;departement;commune;agglomeration;intersection;meteo;type_collision;lat;long;date
202100007243.0;1;49;49007;2;3;1.0;3.0;47,4624600000; -0,5474100000;
202100007244.0;2;49;49353;2;6;1.0;3.0;47,4578900000; -0,5146000000;
202100007245.0;1;49;49267;1;1;1.0;2.0;47,4717100000; -0,4568400000;
202100007246.0;2;49;49007;2;6;1.0;3.0;47,4663700000; -0,5572800000;
202100007247.0;5;49;49007;2;1;1.0;7.0;47,4728100000; -0,5477300000;
202100007248.0;5;47;47323;2;2;2.0;3.0;44,4113600000;0,7283950000;
202100007249.0;1;47;47201;2;1;1.0;2.0;44,1962000000;0,5963000000;
202100007250.0;5;45;45285;2;2;1.0;3.0;47,8960300000;1,8603400000;
202100007251.0;1;45;45235;2;6;1.0;6.0;47,9484000000;1,8314800000;
202100007252.0;2;45;45286;1;1;1.0;7.0;47,8932976639;1,9225494862;
202100007253.0;1;45;45285;1;1;1.0;6.0;47,9173400000;1,8713800000;
202100007254.0;1;45;45147;2;1;1.0;6.0;47,9265100000;1,9173200000;
202100007255.0;2;45;45302;1;1;1.0;3.0;47,9453100000;1,8973200000;
202100007256.0;1;45;45338;2;6;5.0;7.0;48,0000593892;2,7159190178;
202100007257.0;1;43;43041;2;1;1.0;5.0;45,0472000000;3,9255600000;
202100007258.0;3;40;40192;2;1;1.0;3.0;43,8890500000; -0,4697000000;
202100007259.0;3;40;40178;1;1;1.0;3.0;43,8932500000; -0,4454600000;
202100007260.0;1;40;40192;2;1;1.0;3.0;43,9052411705; -0,4747939110;
202100007261.0;5;37;37122;2;4;8.0;3.0;47,3480800000;0,6530200000;
202100007262.0;1;37;37122;2;1;1.0;6.0;47,3480031997;0,6529951841;
202100007263.0;5;37;37261;2;2;8.0;1.0;47,3825435525;0,6856785990;
202100007264.0;5;37;37261;2;2;1.0;2.0;47,3809163067;0,6999208448;
202100007265.0;1;37;37261;2;1;1.0;6.0;47,3818643938;0,7056665785;
202100007266.0;3;35;35238;1;1;1.0;2.0;48,1138399691; -1,7187714279;
202100007267.0;5;35;35238;2;1;1.0;3.0;48,1053628767; -1,6901190348;
202100007268.0;5;35;35051;2;6;1.0;3.0;48,1088500000; -1,6087300000;
202100007269.0;1;35;35115;2;2;5.0;3.0;48,3441500000; -1,2008400000;
202100007270.0;1;34;34172;2;3;1.0;5.0;43,6289525766;3,8807486863;
202100007271.0;1;33;33162;2;1;1.0;2.0;44,8784500000; -0,6247600000;
202100007272.0;5;33;33063;2;7;1.0;3.0;44,8414600000; -0,5994900000;
202100007273.0;1;33;33065;1;6;1.0;2.0;44,8101000000; -0,5203000000;
202100007274.0;5;32;32013;2;6;1.0;2.0;43,6637400000;0,5992300000;
202100007275.0;3;31;31069;1;1;1.0;4.0;43,6633500000;1,3600900000;
202100007276.0;5;31;31555;2;1;1.0;4.0;43,6086500000;1,4114200000;
202100007277.0;5;31;31555;2;3;1.0;3.0;43,5912630000;1,4528080000;
202100007278.0;1;31;31555;2;2;8.0;1.0;43,5883350000;1,4587280000;
202100007279.0;1;31;31555;1;1;1.0;6.0;43,5720500000;1,4604900000;
202100007280.0;1;30;30189;2;2;1.0;6.0;43,8391800000;4,3658200000;
202100007281.0;1;30;30243;1;3;1.0;3.0;44,0767305120;4,0715389251;
202100007282.0;2;29;29051;1;1;1.0;2.0;48,0171120000; -4,0006770000;
202100007283.0;1;29;29019;2;1;1.0;6.0;48,3887000000; -4,5046600000;
202100007284.0;5;28;28085;1;2;1.0;3.0;48,4584700000;1,4878400000;
202100007285.0;5;27;27229;2;1;1.0;4.0;49,0200100000;1,1558900000;
202100007286.0;3;27;27229;2;1;1.0;2.0;49,0187000000;1,1413800000;
202100007287.0;1;26;26057;1;2;1.0;3.0;45,0090520000;5,0620820000;
202100007288.0;1;26;26198;2;1;1.0;3.0;44,5383740000;4,7464360000;
202100007289.0;1;25;25056;2;1;1.0;3.0;47,2439400000;6,0053300000;
202100007290.0;5;19;19031;2;3;1.0;6.0;45,1646314544;1,5025895834;
202100007291.0;3;18;18213;1;1;1.0;6.0;47,1135000000;2,5034100000;
202100007292.0;1;17;17461;2;1;1.0;3.0;45,6376100000; -1,0642800000;
202100007293.0;5;17;17300;2;1;8.0;6.0;46,1612800000; -1,1302000000;
202100007294.0;1;14;14220;2;3;1.0;3.0;49,3598000000;0,0699600000;
202100007295.0;3;14;14437;2;1;1.0;4.0;49,1755500000; -0,3131000000;
202100007296.0;3;14;14437;1;1;2.0;6.0;49,1636100000; -0,3063700000;
202100007297.0;5;14;14271;2;1;1.0;2.0;49,1514700000; -0,3734500000;
202100007298.0;1;14;14118;2;2;1.0;6.0;49,1830200000; -0,3560400000;
202100007299.0;5;13;13117;1;1;1.0;2.0;43,4248800000;5,2645200000;
202100007300.0;1;13;13213;2;1;1.0;6.0;43,3392519885;5,4394066846;
202100007301.0;5;13;13205;2;1;1.0;1.0;43,2870700000;5,4003200000;
202100007302.0;5;13;13205;2;2;1.0;3.0;43,2937120211;5,4015391889;
202100007303.0;2;13;13210;2;1;1.0;3.0;43,2762990232;5,3972185386;
202100007304.0;2;13;13215;2;1;1.0;3.0;43,3502385917;5,3488946777;
202100007305.0;1;13;13002;2;1;1.0;2.0;43,3635000000;5,4960200000;
202100007306.0;2;13;13063;2;1;1.0;1.0;43,5941500000;4,9949000000;
202100007307.0;1;13;13001;2;1;1.0;6.0;43,4964200000;5,4092500000;
202100007308.0;5;12;12174;1;1;1.0;6.0;44,3343800000;2,5546800000;
202100007309.0;1;11;11262;2;2;1.0;3.0;43,1896900000;3,0242600000;
202100007310.0;5;11;11069;2;1;1.0;6.0;43,2125100000;2,2983700000;
202100007311.0;2;11;11069;2;2;1.0;3.0;43,1991300000;2,3269700000;
202100007312.0;1;11;11069;2;3;1.0;6.0;43,2126100000;2,3513100000;
202100007313.0;5;10;10387;2;1;1.0;6.0;48,3050000000;4,0916000000;
202100007314.0;5;10;10387;2;1;2.0;3.0;48,2792000000;4,0812900000;
202100007315.0;1;09;09122;2;3;1.0;6.0;42,9629000000;1,6089000000;
202100007316.0;1;09;09013;1;9;8.0;1.0;42,9805090000;1,6230310000;
202100007317.0;5;06;06088;2;1;1.0;3.0;43,6951650000;7,2731220000;
202100007318.0;5;06;06088;2;1;1.0;3.0;43,7331620000;7,2889940000;
202100007319.0;1;06;06088;2;2;1.0;5.0;43,7083300000;7,2907800000;
202100007320.0;1;06;06088;2;1;1.0;7.0;43,7206290000;7,2514730000;
202100007321.0;5;06;06088;2;2;1.0;3.0;43,7080770000;7,2569700000;
202100007322.0;5;06;06069;1;1;1.0;3.0;43,6429300000;6,9086900000;
202100007323.0;1;06;06069;2;1;1.0;7.0;43,6274180000;6,9601660000;
202100007324.0;3;06;06027;2;1;2.0;2.0;43,6652940000;7,1544410000;
202100007325.0;5;06;06027;2;1;1.0;6.0;43,6581770000;7,1509130000;
202100007326.0;3;03;03098;2;1;8.0;1.0;46,3577100000;2,6210000000;
202100007327.0;1;02;02738;2;2;1.0;3.0;49,6686510000;3,2797210000;
202100007328.0;5;02;02691;2;2;1.0;3.0;49,8412500000;3,2923620000;
202100007329.0;1;75;75116;2;1;1.0;6.0;48,8601640000;2,2635540000;
202100007330.0;1;75;75113;2;4;1.0;3.0;48,8161200000;2,3599110000;
202100007331.0;1;75;75114;2;4;1.0;3.0;48,8250360000;2,3035490000;
202100007332.0;1;75;75105;2;5;1.0;7.0;48,8503540000;2,3426240000;
202100007333.0;1;75;75120;2;1;1.0;6.0;48,8509880000;2,4158990000;
202100007334.0;5;75;75119;2;7;1.0;2.0;48,8780210000;2,3706900000;
202100007335.0;1;75;75119;2;2;1.0;1.0;48,8887574278;2,3931205273;
202100007336.0;1;75;75118;2;3;8.0;3.0;48,8932430000;2,3526520000;
202100007337.0;5;75;75117;2;3;1.0;1.0;48,8936140000;2,3186080000;
202100007338.0;5;75;75116;2;3;1.0;6.0;48,8616700000;2,2290050000;
202100007339.0;1;75;75114;2;3;1.0;7.0;48,8291352692;2,3084324598;
202100007340.0;5;75;75105;2;3;1.0;6.0;48,8382760000;2,3420620000;
202100007341.0;1;75;75113;2;3;1.0;7.0;48,8204090000;2,3590910000;
202100007342.0;5;75;75109;2;1;1.0;3.0;48,8737620000;2,3406730000;
202100007343.0;1;75;75107;2;2;1.0;6.0;48,8580670000;2,3100070000;
202100007344.0;1;75;75107;2;3;1.0;1.0;48,8538360000;2,3273710000;
202100007345.0;5;75;75107;2;7;1.0;6.0;48,8624130000;2,3015950000;
202100007346.0;1;75;75107;2;3;1.0;3.0;48,8498200000;2,3232900000;
202100007347.0;1;75;75103;2;4;1.0;3.0;48,8654370000;2,3561900000;
202100007348.0;5;75;75108;2;2;1.0;3.0;48,8741970000;2,3239300000;
202100007349.0;5;94;94046;2;1;1.0;3.0;48,8119900000;2,4293000000;
202100007350.0;5;94;94003;2;7;1.0;3.0;48,8009270000;2,3315590000;
202100007351.0;5;94;94073;2;1;2.0;3.0;48,7672750000;2,3682270000;
202100007352.0;5;94;94033;2;6;8.0;3.0;48,8438700000;2,4791500000;
202100007353.0;1;94;94028;2;1;1.0;1.0;48,7988000000;2,4541000000;
202100007354.0;1;94;94011;2;1;1.0;3.0;48,7750500000;2,4810100000;
202100007355.0;1;94;94028;2;1;1.0;3.0;48,7845600000;2,4518800000;
202100007356.0;1;94;94011;2;1;2.0;2.0;48,7682160000;2,4875350000;
202100007357.0;5;94;94018;2;1;1.0;3.0;48,8267500000;2,4054800000;
202100007358.0;1;94;94017;2;1;1.0;6.0;48,8236800000;2,4968000000;
202100007359.0;1;93;93078;2;1;1.0;6.0;48,9470100000;2,5627600000;
202100007360.0;1;93;93078;2;1;1.0;2.0;48,9599200000;2,5568500000;
202100007361.0;2;93;93078;2;1;1.0;6.0;48,9576300000;2,5503000000;
202100007362.0;5;93;93015;1;3;1.0;1.0;48,9159945852;2,5838696744;
202100007363.0;1;93;93055;2;1;1.0;6.0;48,8931400000;2,4096700000;
202100007364.0;5;93;93048;2;2;1.0;1.0;48,8626300000;2,4416000000;
202100007365.0;5;93;93045;2;2;1.0;6.0;48,8794221092;2,4149575420;
202100007366.0;5;93;93032;2;9;1.0;3.0;48,8798200000;2,5453200000;
202100007367.0;1;93;93050;2;3;1.0;3.0;48,8684800000;2,5566500000;
202100007368.0;1;93;93032;2;5;1.0;3.0;48,8947700000;2,5364200000;
202100007369.0;1;93;93007;2;1;8.0;6.0;48,9476195120;2,4517381528;
202100007370.0;2;92;92046;2;9;1.0;3.0;48,8221118755;2,3057663441;
202100007371.0;1;92;92072;2;6;1.0;3.0;48,8254423843;2,2158989498;
202100007372.0;1;92;92064;2;1;1.0;1.0;48,8434754829;2,2206705809;
202100007373.0;5;92;92062;2;9;1.0;7.0;48,8897649999;2,2345671058;
202100007374.0;2;60;60137;1;2;2.0;7.0;49,4355660000;2,5276710000;
202100007375.0;3;35;35123;1;1;9.0;7.0;48,0187790000; -1,8296530000;
202100007376.0;1;35;35236;2;1;1.0;6.0;47,6601430000; -2,0735170000;
202100007377.0;3;52;52193;1;1;1.0;6.0;48,1371930000;5,0563400000;
202100007378.0;1;71;71220;1;1;2.0;3.0;46,5387020000;3,7658210000;
202100007379.0;3;41;41208;1;1;1.0;2.0;47,5817740000;1,0693730000;
202100007380.0;1;38;38373;2;1;1.0;3.0;45,3588330000;5,5581720000;
202100007381.0;1;68;68315;2;1;1.0;6.0;47,8883130000;7,2309510000;
202100007382.0;1;89;89122;1;1;8.0;7.0;48,2777810000;3,5379300000;
202100007383.0;3;51;51569;1;2;1.0;3.0;49,2573610000;3,9590490000;
202100007384.0;1;56;56008;1;2;1.0;5.0;47,6218360000; -2,8983090000;
202100007385.0;1;79;79003;2;1;1.0;2.0;46,2901650000; -0,4228500000;
202100007386.0;5;32;32286;2;1;1.0;6.0;43,7935490000;0,6305040000;
202100007387.0;1;11;11024;1;1;1.0;1.0;43,1151910000;2,9509660000;
202100007388.0;3;71;71412;1;1;2.0;5.0;46,7250950000;4,4512650000;
202100007389.0;3;63;63338;1;1;1.0;6.0;46,1656146461;2,8092070805;
202100007390.0;2;61;61461;1;2;1.0;3.0;48,8230000000;0,3834810000;
202100007391.0;3;34;34284;1;2;1.0;6.0;43,4965770000;2,7891330000;
202100007392.0;1;39;39202;1;2;1.0;3.0;46,9257250000;5,9693870000;
202100007393.0;3;44;44174;1;1;5.0;7.0;47,0492150000; -1,7430630000;
202100007394.0;3;35;35132;1;2;5.0;6.0;48,5733280000; -1,7981310000;
202100007395.0;1;72;72035;1;9;2.0;3.0;47,8327050000;0,7096700000;
202100007396.0;1;14;14174;2;1;1.0;2.0;48,8533010000; -0,5456100000;
202100007397.0;3;14;14590;1;1;1.0;6.0;49,1226250000; -0,7950440000;
202100007398.0;5;50;50044;1;1;1.0;2.0;49,0737820000; -1,3473700000;
202100007399.0;3;50;50031;1;1;2.0;2.0;49,3847890000; -1,7493800000;
202100007400.0;1;40;40201;2;3;1.0;1.0;43,7477070000; -0,7568130000;
202100007401.0;1;987;98715;2;2;1.0;3.0; -17,5890708813; -149,6132598817;
202100007402.0;3;69;69007;1;1;1.0;1.0;45,4941870000;4,8192860000;
202100007403.0;1;988;98803;1;1;3.0;6.0; -21,5879700000;165,5145910000;
202100007404.0;3;988;98821;1;1;3.0;2.0; -22,0426860000;166,2367060000;
202100007405.0;3;973;97303;1;1;1.0;3.0;5,4801846230; -53,2111483812;
202100007406.0;1;44;44020;1;1;1.0;6.0;47,1721450000; -1,6660490000;
202100007407.0;3;29;29233;1;1;1.0;1.0;47,8733530000; -3,5771710000;
202100007408.0;1;41;41155;1;3;1.0;3.0;47,6626780000;1,5339290000;
202100007409.0;3;91;91330;1;1;8.0;7.0;48,5277520000;2,2702390000;
202100007410.0;1;78;78470;1;2;1.0;3.0;48,5784030000;1,7987460000;
202100007411.0;3;68;68007;1;1;2.0;1.0;48,0529560000;7,4496320000;
202100007412.0;1;73;73176;1;1;1.0;6.0;45,6122170000;6,8514240000;
202100007413.0;5;44;44035;2;1;1.0;6.0;47,3009990000; -1,5506710000;
202100007414.0;1;69;69299;1;1;1.0;7.0;45,6985970000;5,0949100000;
202100007415.0;1;33;33494;1;1;1.0;6.0;44,9567240000; -0,8326970000;
202100007416.0;3;33;33284;1;1;1.0;1.0;44,5988180000; -0,9145790000;
202100007417.0;3;85;85080;1;1;1.0;1.0;46,4281990000; -0,8283394800;
202100007418.0;3;60;60533;2;6;1.0;7.0;49,5309740000;2,7293730000;
202100007419.0;3;80;80530;1;1;2.0;7.0;49,9468770000;2,5614770000;
202100007420.0;1;13;13005;1;1;1.0;2.0;43,2772930000;5,5871310000;
202100007421.0;1;69;69287;1;1;1.0;5.0;45,6850356087;5,0025558472;
202100007422.0;3;33;33122;1;1;1.0;2.0;44,7343700000; -0,7203900000;
202100007423.0;5;91;91161;2;9;1.0;3.0;48,7155100000;2,2985400000;
202100007424.0;1;92;92025;1;1;1.0;2.0;48,9217595598;2,2261142366;
202100007425.0;2;92;92050;1;1;1.0;2.0;48,9028960000;2,2046520000;
202100007426.0;1;92;92025;1;1;1.0;3.0;48,9199371784;2,2244346596;
202100007427.0;3;95;95127;1;1;1.0;3.0;49,0394250000;2,0845960000;
202100007428.0;3;93;93078;1;1;1.0;5.0;48,9684700000;2,5083400000;
202100007429.0;3;94;94069;1;1;1.0;6.0;48,8172046066;2,4285178250;
202100007430.0;2;77;77258;1;1;1.0;6.0;48,8301739156;2,6289266264;
202100007431.0;1;75;75114;2;7;1.0;3.0;48,8280220000;2,3269340000;
202100007432.0;2;75;75119;2;1;1.0;3.0;48,9003090000;2,3779940000;
202100007433.0;5;75;75106;2;1;1.0;1.0;48,8471650000;2,3280170000;
202100007434.0;5;75;75120;2;4;1.0;3.0;48,8646110000;2,4059870000;
202100007435.0;1;75;75120;2;1;1.0;6.0;48,8627820000;2,3999380000;
202100007436.0;1;75;75120;2;3;1.0;6.0;48,8646250000;2,4056460000;
202100007437.0;1;75;75120;2;1;1.0;1.0;48,8634349223;2,3896336555;
202100007438.0;1;75;75119;2;7;1.0;3.0;48,8896080000;2,3957570000;
202100007439.0;1;75;75117;2;7;1.0;6.0;48,8807080000;2,2852820000;
202100007440.0;1;75;75113;2;1;1.0;6.0;48,8322690000;2,3627940000;
202100007441.0;5;75;75112;2;2;1.0;3.0;48,8432100000;2,3703030000;
202100007442.0;1;75;75111;2;3;1.0;2.0;48,8570560000;2,3712030000;
202100007443.0;3;75;75110;2;1;1.0;2.0;48,8837430000;2,3592250000;
202100007444.0;1;75;75109;2;4;1.0;7.0;48,8773450000;2,3446610000;
202100007445.0;5;75;75108;2;7;1.0;6.0;48,8748600000;2,3198670000;
202100007446.0;5;75;75108;2;2;1.0;6.0;48,8646810000;2,3136540000;
202100007447.0;1;75;75107;2;1;1.0;6.0;48,8603650000;2,3249700000;
202100007448.0;1;75;75107;2;3;1.0;3.0;48,8524190000;2,3266700000;
202100007449.0;1;94;94080;2;3;1.0;1.0;48,8411700000;2,4329400000;
202100007450.0;5;94;94068;2;1;1.0;6.0;48,7965900000;2,5007800000;
202100007451.0;5;94;94058;2;4;1.0;1.0;48,8342900000;2,5144300000;
202100007452.0;1;94;94017;2;6;1.0;2.0;48,8138600000;2,5273800000;
202100007453.0;1;93;93073;2;2;1.0;3.0;49,0024300000;2,5333300000;
202100007454.0;5;93;93059;2;3;1.0;3.0;48,9719917821;2,3672801256;
202100007455.0;1;93;93013;2;2;1.0;3.0;48,9329500000;2,4236700000;
202100007456.0;1;93;93070;2;1;1.0;3.0;48,9190496040;2,3338184133;
202100007457.0;2;93;93029;2;9;1.0;2.0;48,9168900000;2,4668600000;
202100007458.0;1;93;93027;2;1;1.0;1.0;48,9243300000;2,4028600000;
202100007459.0;5;93;93057;2;1;1.0;2.0;48,9038176357;2,5059125168;
202100007460.0;5;93;93008;2;1;1.0;5.0;48,9084635812;2,4518085169;
202100007461.0;1;92;92064;2;3;1.0;4.0;48,8452395154;2,1981453896;
202100007462.0;1;92;92063;2;1;1.0;6.0;48,8663074283;2,2017610073;
202100007463.0;1;92;92050;2;2;1.0;2.0;48,8867050970;2,2052451968;
202100007464.0;1;92;92048;2;6;1.0;3.0;48,8131435089;2,2463876009;
202100007465.0;1;92;92044;2;2;1.0;3.0;48,8959151910;2,2964724898;
202100007466.0;5;92;92040;2;1;1.0;6.0;48,8282100000;2,2675000000;
202100007467.0;5;92;92035;2;1;1.0;6.0;48,9058709342;2,2358840704;
202100007468.0;5;92;92025;2;1;1.0;1.0;48,9235200000;2,2595500000;
202100007469.0;1;92;92024;2;1;1.0;2.0;48,8999957406;2,3088314951;
202100007470.0;2;92;92004;2;2;1.0;3.0;48,9108547169;2,2982910275;
202100007471.0;1;92;92036;2;3;1.0;7.0;48,9187885730;2,2954426820;
202100007472.0;1;92;92002;2;1;1.0;6.0;48,7579098055;2,2923016548;
202100007473.0;1;92;92002;2;1;1.0;6.0;48,7397616235;2,2843542695;
202100007474.0;1;37;37276;1;1;1.0;6.0;47,5453634676;0,8609046042;
202100007475.0;1;62;62549;2;9;1.0;6.0;50,3743140000;2,0304590000;
202100007476.0;3;17;17387;1;1;1.0;1.0;45,8429570000; -0,7746760000;
202100007477.0;3;76;76424;1;1;1.0;6.0;49,7603340000;1,4847260000;
202100007478.0;2;62;62472;2;1;2.0;1.0;50,5354750000;1,7846940000;
202100007479.0;1;30;30127;1;1;1.0;7.0;44,0687410000;4,5788430000;
202100007480.0;1;95;95149;1;1;1.0;3.0;49,1337670000;2,4352530000;
202100007481.0;1;51;51594;1;1;1.0;1.0;48,7432570000;4,1056040000;
202100007482.0;3;51;51409;1;1;5.0;7.0;48,8882165832;4,2939591408;
202100007483.0;1;74;74074;1;1;1.0;1.0;46,1217670000;5,9186050000;
202100007484.0;3;79;79345;1;1;1.0;6.0;46,5470850000; -0,2747870000;
202100007485.0;3;79;79103;1;1;1.0;6.0;46,7615980000; -0,5694650000;
202100007486.0;1;80;80299;1;1;1.0;7.0;49,6882890000;2,3522330000;
202100007487.0;1;82;82124;1;3;5.0;4.0;44,0227360000;1,2538170000;
202100007488.0;1;89;89464;2;1;5.0;6.0;48,0823170000;3,2944590000;
202100007489.0;1;61;61440;1;2;1.0;3.0;48,7392810000;0,7180010000;
202100007490.0;5;42;42200;2;2;1.0;2.0;45,6458930000;4,2775010000;
202100007491.0;1;41;41051;1;3;8.0;3.0;47,3559490000;1,1400890000;
202100007492.0;3;86;86271;1;1;5.0;6.0;46,7980520000;0,2367850000;
202100007493.0;1;44;44030;2;6;1.0;1.0;47,4450110000; -2,2454380000;
202100007494.0;1;44;44021;1;2;1.0;3.0;47,0686600000; -1,9054090000;
202100007495.0;1;29;29106;1;1;1.0;6.0;48,1169760000; -4,0727630000;
202100007496.0;2;31;31076;1;1;1.0;6.0;43,1124820000;0,6382910000;
202100007497.0;2;84;84133;1;1;1.0;7.0;43,7266950000;5,5625890000;
202100007498.0;5;58;58079;2;1;2.0;1.0;47,4575950000;3,5261130000;
202100007499.0;4;06;06079;2;3;1.0;3.0;43,5358700000;6,9333980000;
202100007500.0;2;64;64256;2;1;1.0;1.0;43,3890300000; -1,2959290000;
202100007501.0;1;07;07126;1;1;1.0;6.0;44,4290300000;4,4221470000;
202100007502.0;1;28;28023;1;1;1.0;7.0;48,5122550000;1,6794710000;
202100007503.0;1;87;87185;1;2;1.0;3.0;45,8960980000;1,0375800000;
202100007504.0;1;52;52189;1;1;8.0;7.0;47,6838880000;5,2046980000;
202100007505.0;3;76;76305;1;1;1.0;2.0;49,4969880000;0,2303080000;
202100007506.0;1;13;13051;1;1;1.0;3.0;43,5956490000;5,1049840000;
202100007507.0;3;13;13113;1;1;1.0;2.0;43,5920310000;5,4820890000;
202100007508.0;3;44;44094;1;1;1.0;3.0;47,3270140000; -1,4035680000;
202100007509.0;3;49;49367;1;1;5.0;1.0;47,5959770000; -0,8555600000;
202100007510.0;1;971;97103;1;1;1.0;7.0;16,2589270000; -61,5707840000;
202100007511.0;3;74;74133;1;1;1.0;5.0;46,1832920000;6,2208800000;
202100007512.0;2;987;98712;2;1;1.0;1.0; -17,5429770000; -149,5036460000;
202100007513.0;3;988;98803;1;1;1.0;6.0; -21,5026680000;165,4773620000;
202100007514.0;5;973;97306;2;1;1.0;3.0;5,6676890000; -53,7782260000;
202100007515.0;1;971;97112;2;4;1.0;3.0;15,8870250000; -61,3153650000;
202100007516.0;1;45;45072;1;1;1.0;1.0;47,9640660000;1,9275860000;
202100007517.0;3;83;83138;1;1;2.0;7.0;43,5824850000;6,7283480000;
202100007518.0;1;13;13110;2;1;1.0;5.0;43,4517780000;5,6796850000;
202100007519.0;2;10;10270;1;1;8.0;1.0;48,4088360000;4,2507220000;
202100007520.0;3;68;68352;1;3;1.0;5.0;48,0180610000;7,5690760000;
202100007521.0;1;88;88398;1;1;1.0;1.0;48,2696550000;6,8245910000;
202100007522.0;1;38;38449;1;1;1.0;2.0;45,6396530000;5,0880540000;
202100007523.0;5;69;69277;2;2;1.0;7.0;45,7345940000;5,0042190000;
202100007524.0;3;81;81117;1;1;1.0;6.0;43,7913730000;1,9971300000;
202100007525.0;1;17;17058;2;4;1.0;3.0;45,8434690000; -1,1430980000;
202100007526.0;3;44;44204;1;1;1.0;6.0;47,2925760000; -1,4232230000;
202100007527.0;1;14;14488;2;3;1.0;3.0;49,2801590000; -0,2517580000;
202100007528.0;3;56;56176;1;1;1.0;1.0;47,6859900000; -2,9366110000;
202100007529.0;1;22;22081;2;1;1.0;7.0;48,4851970000; -2,6402000000;
202100007530.0;2;27;27299;2;1;1.0;4.0;49,0478790000;1,1631290000;
202100007531.0;3;76;76465;1;1;1.0;7.0;49,7218300000;1,4701080000;
202100007532.0;3;60;60338;1;1;8.0;6.0;49,3430582359;2,7721295355;
202100007533.0;1;62;62196;1;1;2.0;4.0;50,4733400000;1,7013530000;
202100007534.0;1;59;59611;1;3;1.0;7.0;50,6934356036;2,9821765423;
202100007535.0;1;13;13070;1;1;1.0;5.0;43,2851300000;5,5172800000;
202100007536.0;1;13;13005;1;1;1.0;2.0;43,3001930000;5,5642660000;
202100007537.0;3;13;13106;1;1;1.0;2.0;43,3864800000;5,3509100000;
202100007538.0;1;13;13055;1;1;1.0;2.0;43,3095335648;5,4248671532;
202100007539.0;5;69;69259;2;1;2.0;5.0;45,7223240501;4,8878054170;
202100007540.0;5;33;33249;1;1;1.0;6.0;44,8853000000; -0,5087000000;
202100007541.0;1;91;91471;1;1;1.0;5.0;48,7148000000;2,1742900000;
202100007542.0;1;94;94034;1;1;1.0;2.0;48,7601900000;2,3212200000;
202100007543.0;2;91;91161;1;1;1.0;4.0;48,6981500000;2,3146700000;
202100007544.0;3;78;78646;1;1;1.0;2.0;48,7935110000;2,0778820000;
202100007545.0;1;92;92036;1;1;1.0;3.0;48,9348887042;2,2678495223;
202100007546.0;1;92;92036;1;1;1.0;3.0;48,9346445248;2,2690583247;
202100007547.0;5;93;93053;1;1;1.0;3.0;48,8943300000;2,4714100000;
202100007548.0;3;95;95527;1;1;1.0;3.0;49,0127000000;2,5298800000;
202100007549.0;3;92;92036;1;1;1.0;4.0;48,9436471157;2,2877561673;
202100007550.0;1;92;92078;1;1;1.0;3.0;48,9309792515;2,3233129103;
202100007551.0;1;93;93073;1;1;1.0;3.0;48,9681200000;2,5648400000;
202100007552.0;1;95;95394;1;1;1.0;6.0;49,0551400000;2,2016300000;
202100007553.0;1;95;95018;1;1;1.0;2.0;48,9567860284;2,2765879859;
202100007554.0;2;93;93005;1;1;1.0;2.0;48,9637400000;2,4729500000;
202100007555.0;3;92;92036;1;1;2.0;6.0;48,9383700387;2,3001401108;
202100007556.0;2;94;94018;1;1;1.0;3.0;48,8176000000;2,4180000000;
202100007557.0;1;91;91521;1;1;2.0;7.0;48,6345900000;2,4058600000;
202100007558.0;1;74;74236;1;1;1.0;6.0;45,8975840000;6,7211060000;
202100007559.0;1;14;14191;2;3;1.0;6.0;49,3368580000; -0,4648480000;
202100007560.0;1;74;74001;1;4;1.0;5.0;46,2864390000;6,6957490000;
202100007561.0;3;988;98818;2;1;1.0;1.0; -22,2615000000;166,4707100000;
202100007562.0;5;974;97411;2;4;1.0;2.0; -20,8898480000;55,4523850000;
202100007563.0;1;974;97411;2;3;1.0;3.0; -20,8939200000;55,4603700000;
202100007564.0;1;973;97302;2;3;1.0;3.0;4,9412000000; -52,3028800000;
202100007565.0;5;69;69383;2;1;1.0;3.0;45,7539100000;4,8611000000;
202100007566.0;2;69;69276;2;9;1.0;3.0;45,6732000000;4,8501800000;
202100007567.0;3;972;97213;1;8;2.0;3.0;14,6090600000; -61,0057000000;
202100007568.0;1;972;97213;2;1;1.0;7.0;14,6122200000; -61,0082500000;
202100007569.0;1;972;97213;2;1;1.0;2.0;14,6042100000; -61,0022400000;
202100007570.0;5;69;69081;2;9;1.0;3.0;45,7649770139;4,7722694278;