Num_Acc;lum;departement;commune;agglomeration;intersection;meteo;type_collision;lat;long;date
202100008556.0;1;05;05126;1;1;1.0;7.0;44,3769730000;5,4405020000;
202100008557.0;1;05;05016;1;3;1.0;1.0;44,4664640000;5,7506780000;
202100008558.0;2;68;68155;2;1;8.0;2.0;48,0972640000;7,3119380000;
202100008559.0;1;67;67028;1;3;5.0;1.0;48,3769910000;7,5846650000;
202100008560.0;5;57;57724;2;9;5.0;1.0;49,2711090000;6,1132480000;
202100008561.0;3;26;26084;1;1;1.0;1.0;44,9868760000;4,9469590000;
202100008562.0;5;26;26088;1;3;1.0;3.0;45,0356470000;5,0862840000;
202100008563.0;2;07;07341;2;3;1.0;3.0;44,5606010000;4,5045610000;
202100008564.0;4;01;01185;1;1;1.0;7.0;45,9250304762;5,6130239367;
202100008565.0;1;69;69219;1;1;1.0;7.0;45,6583476251;4,6925997734;
202100008566.0;3;81;81105;2;1;5.0;1.0;43,7553060000;2,0028810000;
202100008567.0;1;87;87161;1;1;1.0;6.0;45,8712910000;1,4624690000;
202100008568.0;1;86;86237;1;1;1.0;1.0;46,1472510000;0,2441610000;
202100008569.0;3;85;85302;2;1;1.0;1.0;46,9587650000; -0,9853360000;
202100008570.0;1;29;29058;2;6;1.0;2.0;47,8980310000; -4,0144730000;
202100008571.0;3;27;27611;1;1;1.0;7.0;49,0810060000;1,2585780000;
202100008572.0;2;27;27684;1;1;1.0;7.0;49,0143990000;1,2260060000;
202100008573.0;3;60;60088;1;6;1.0;6.0;49,2301710000;2,2242490000;
202100008574.0;1;13;13055;1;1;1.0;3.0;43,3300550000;5,4029840000;
202100008575.0;3;13;13071;1;1;2.0;2.0;43,3991090000;5,2964190000;
202100008576.0;1;13;13071;1;1;1.0;2.0;43,4039350000;5,3036630000;
202100008577.0;1;69;69259;1;1;1.0;4.0;45,7178900000;4,8653700000;
202100008578.0;1;91;91534;1;1;1.0;7.0;48,7337500000;2,1697900000;
202100008579.0;1;91;91521;1;9;1.0;6.0;48,6357600000;2,4010600000;
202100008580.0;3;92;92072;1;1;1.0;4.0;48,8224757424;2,2222421137;
202100008581.0;3;95;95252;1;1;1.0;4.0;48,9852769454;2,2140623054;
202100008582.0;1;95;95277;1;1;1.0;2.0;48,9826390000;2,5010670000;
202100008583.0;3;95;95061;1;1;5.0;6.0;49,0674280000;2,2562320000;
202100008584.0;1;95;95572;1;1;1.0;4.0;49,0398430000;2,1267170000;
202100008585.0;3;94;94018;1;1;1.0;2.0;48,8176874111;2,4147391319;
202100008586.0;1;77;77169;1;1;1.0;3.0;48,8246280227;2,6155684851;
202100008587.0;5;75;75116;2;1;1.0;2.0;48,8784540000;2,2809900000;
202100008588.0;2;75;75118;2;1;1.0;4.0;48,9012360000;2,3521120000;
202100008589.0;2;75;75112;2;1;1.0;3.0;48,8313440000;2,4040780000;
202100008590.0;2;75;75116;2;1;1.0;2.0;48,8758810000;2,2774510000;
202100008591.0;1;75;75116;2;1;1.0;7.0;48,8594960000;2,2627270000;
202100008592.0;5;75;75117;2;7;1.0;6.0;48,8786490000;2,2800020000;
202100008593.0;1;75;75105;2;3;1.0;6.0;48,8380350000;2,3509970000;
202100008594.0;1;75;75119;2;1;1.0;6.0;48,8844200000;2,3657750000;
202100008595.0;1;75;75116;2;5;1.0;6.0;48,8561790000;2,2778590000;
202100008596.0;5;75;75114;2;1;1.0;6.0;48,8342460000;2,3242480000;
202100008597.0;1;75;75115;2;2;1.0;7.0;48,8372340000;2,2964420000;
202100008598.0;5;75;75114;2;2;1.0;3.0;48,8287440000;2,3166030000;
202100008599.0;2;75;75113;2;2;1.0;6.0;48,8314590000;2,3760030000;
202100008600.0;1;75;75113;2;2;1.0;6.0;48,8286340000;2,3699240000;
202100008601.0;1;75;75112;2;1;1.0;7.0;48,8403820000;2,4083100000;
202100008602.0;5;75;75111;2;2;1.0;6.0;48,8532770000;2,3772970000;
202100008603.0;5;75;75110;2;1;1.0;3.0;48,8694430000;2,3558280000;
202100008604.0;1;75;75109;2;7;1.0;6.0;48,8770920000;2,3272960000;
202100008605.0;1;75;75116;2;4;1.0;3.0;48,8363940000;2,2637730000;
202100008606.0;1;75;75104;2;2;1.0;7.0;48,8520690000;2,3654440000;
202100008607.0;2;75;75103;2;3;1.0;3.0;48,8653950000;2,3604470000;
202100008608.0;1;94;94067;2;1;1.0;6.0;48,8387980000;2,4176420000;
202100008609.0;1;94;94076;2;2;1.0;3.0;48,7911600000;2,3695000000;
202100008610.0;5;94;94038;2;2;1.0;6.0;48,7783600000;2,3408900000;
202100008611.0;5;94;94073;2;1;1.0;2.0;48,7655715885;2,3975300789;
202100008612.0;1;94;94059;2;9;8.0;3.0;48,8103800000;2,5669000000;
202100008613.0;4;94;94017;2;1;5.0;6.0;48,8203600000;2,5078500000;
202100008614.0;1;93;93072;2;3;1.0;3.0;48,9532020000;2,3843740000;
202100008615.0;1;93;93070;2;1;1.0;6.0;48,9059600000;2,3461500000;
202100008616.0;5;93;93062;2;2;1.0;3.0;48,9021800000;2,5252500000;
202100008617.0;1;93;93053;2;1;1.0;3.0;48,8954600000;2,4435400000;
202100008618.0;5;93;93048;2;9;1.0;3.0;48,8601545953;2,4513360855;
202100008619.0;5;92;92072;2;1;1.0;7.0;48,8259515519;2,1997064352;
202100008620.0;2;92;92076;2;6;1.0;6.0;48,8402403646;2,1645748615;
202100008621.0;5;92;92050;2;2;1.0;6.0;48,9030077229;2,2061410546;
202100008622.0;2;92;92050;2;5;1.0;5.0;48,8796969052;2,2188547254;
202100008623.0;5;92;92050;2;2;1.0;3.0;48,8937575829;2,2119373083;
202100008624.0;5;92;92048;2;1;1.0;6.0;48,7867245306;2,2243505716;
202100008625.0;2;92;92026;2;1;1.0;7.0;48,8916308315;2,2434854507;
202100008626.0;1;92;92048;2;1;1.0;5.0;48,8078185108;2,2502177954;
202100008627.0;2;92;92002;2;3;1.0;1.0;48,7601609043;2,3133368790;
202100008628.0;5;41;41150;2;1;1.0;3.0;47,5624540000;1,4560850000;
202100008629.0;3;62;62087;1;1;1.0;1.0;50,8010320000;2,1143420000;
202100008630.0;1;58;58094;2;1;1.0;7.0;47,5054490000;3,1302670000;
202100008631.0;1;62;62105;2;1;1.0;7.0;50,7461930000;1,7587790000;
202100008632.0;3;51;51532;1;1;5.0;3.0;49,1373050000;3,9937020000;
202100008633.0;3;56;56145;1;1;5.0;6.0;48,0401350000; -2,3036630000;
202100008634.0;1;56;56119;1;2;1.0;3.0;47,7083830000; -3,1156490000;
202100008635.0;1;2B;2B152;2;1;1.0;3.0;42,8972320000;9,4243280000;
202100008636.0;1;49;49176;2;1;1.0;6.0;47,6229170000; -0,7173510000;
202100008637.0;5;49;49068;2;1;5.0;6.0;47,4124000000; -0,8628720000;
202100008638.0;3;12;12205;1;1;1.0;6.0;44,2989210000;2,0094520000;
202100008639.0;5;68;68349;2;3;1.0;3.0;47,6076970000;7,5762640000;
202100008640.0;1;29;29249;1;1;1.0;7.0;48,1532750000; -3,7801070000;
202100008641.0;3;03;03217;1;1;1.0;2.0;46,3380030000;2,6680250000;
202100008642.0;2;72;72046;1;1;1.0;6.0;48,0000300000;0,5127700000;
202100008643.0;1;64;64405;1;1;1.0;1.0;43,3384719070; -0,2622073889;
202100008644.0;3;85;85090;1;1;1.0;1.0;46,8128300000; -0,8184060000;
202100008645.0;1;28;28259;1;1;1.0;7.0;48,2344780000;1,4068080000;
202100008646.0;3;30;30012;1;1;2.0;6.0;43,8882330000;4,6491460000;
202100008647.0;1;30;30160;1;1;1.0;1.0;43,9983000000;4,1248000000;
202100008648.0;1;30;30088;1;3;1.0;3.0;43,8591010000;4,1157960000;
202100008649.0;3;52;52212;1;1;5.0;1.0;48,4031380920;5,1568472381;
202100008650.0;3;76;76239;1;1;8.0;7.0;49,5436967228;0,3296662404;
202100008651.0;1;18;18245;1;1;1.0;3.0;46,6132030000;2,5075650000;
202100008652.0;3;38;38193;1;1;1.0;7.0;45,6117860000;5,2187200000;
202100008653.0;3;13;13051;1;1;1.0;2.0;43,6196270000;5,1365800000;
202100008654.0;5;988;98804;2;2;1.0;1.0; -21,5187984296;165,9648227692;
202100008655.0;1;974;97415;2;1;1.0;1.0; -21,1058230000;55,2519640000;
202100008656.0;3;45;45089;2;4;5.0;3.0;47,9081260000;2,0339810000;
202100008657.0;1;34;34213;1;1;1.0;6.0;43,4702540000;3,6764070000;
202100008658.0;1;89;89152;2;1;5.0;3.0;47,9499530000;3,4680650000;
202100008659.0;1;89;89295;2;1;1.0;1.0;47,8182410000;3,5587230000;
202100008660.0;3;55;55552;1;1;9.0;7.0;49,5090470000;5,3354290000;
202100008661.0;2;69;69019;2;3;1.0;1.0;46,1049210000;4,7492100000;
202100008662.0;1;13;13117;1;1;3.0;2.0;43,4180880000;5,2734410000;
202100008663.0;1;83;83137;1;1;2.0;4.0;43,1207300000;5,9517600000;
202100008664.0;3;33;33080;1;1;2.0;6.0;44,7443170000; -0,5377840000;
202100008665.0;5;59;59009;1;1;1.0;2.0;50,6398457820;3,1434765458;
202100008666.0;4;91;91617;1;1;5.0;7.0;48,6316200000;2,5178400000;
202100008667.0;4;92;92002;1;1;5.0;4.0;48,7605399513;2,2840960846;
202100008668.0;1;92;92050;1;1;1.0;2.0;48,8988122859;2,1992448349;
202100008669.0;2;77;77294;1;1;1.0;6.0;48,9619319028;2,6161029937;
202100008670.0;3;94;94017;1;1;1.0;3.0;48,8271600000;2,5084200000;
202100008671.0;5;77;77152;2;1;1.0;1.0;48,5249100000;2,6425500000;
202100008672.0;1;30;30028;2;9;1.0;1.0;44,1510100000;4,6119000000;
202100008673.0;1;75;75119;2;1;1.0;6.0;48,8839030000;2,3805170000;
202100008674.0;3;974;97407;1;1;1.0;1.0; -20,9517000000;55,2870000000;
202100008675.0;5;973;97302;2;1;1.0;3.0;4,9339301959; -52,3106380105;
202100008676.0;1;973;97302;1;6;1.0;3.0;4,9075800000; -52,3226700000;
202100008677.0;1;973;97302;2;1;1.0;3.0;4,9277300000; -52,2916100000;
202100008678.0;2;69;69388;2;2;1.0;3.0;45,7431900000;4,8748200000;
202100008679.0;1;69;69259;2;9;1.0;6.0;45,7203200000;4,8677800000;
202100008680.0;1;69;69383;2;2;1.0;3.0;45,7636559893;4,8687967658;
202100008681.0;1;69;69383;2;2;1.0;3.0;45,7505700000;4,8876400000;
202100008682.0;2;69;69382;2;9;1.0;4.0;45,7513236037;4,8323958645;
202100008683.0;1;69;69034;2;1;1.0;6.0;45,8072400000;4,8437500000;
202100008684.0;1;69;69385;2;1;1.0;4.0;45,7510000000;4,7891000000;
202100008685.0;1;69;69389;2;1;1.0;3.0;45,7811400000;4,8004100000;
202100008686.0;3;69;69142;2;1;1.0;3.0;45,7236200000;4,8172900000;
202100008687.0;5;95;95585;2;1;1.0;1.0;48,9802800000;2,3736600000;
202100008688.0;5;91;91216;2;1;1.0;5.0;48,6703200000;2,3324500000;
202100008689.0;1;87;87085;2;1;1.0;3.0;45,8364800000;1,2624700000;
202100008690.0;1;30;30011;1;9;1.0;3.0;43,9581600000;4,7468000000;
202100008691.0;5;84;84007;1;3;1.0;7.0;43,9247700000;4,8490700000;
202100008692.0;3;84;84007;2;1;1.0;1.0;43,9581800000;4,8277300000;
202100008693.0;5;80;80021;2;1;1.0;6.0;49,9166700000;2,2559600000;
202100008694.0;2;79;79300;1;6;1.0;2.0;47,0143100000; -0,2009000000;
202100008695.0;5;78;78586;2;6;1.0;3.0;48,9320800000;2,1652400000;
202100008696.0;5;78;78401;2;1;2.0;6.0;49,0086300000;1,9319800000;
202100008697.0;1;77;77053;2;1;8.0;6.0;48,6845700000;2,6023860000;
202100008698.0;1;77;77372;1;1;8.0;6.0;48,8781700000;2,6689000000;
202100008699.0;1;77;77226;2;8;5.0;6.0;48,4461000000;2,7642000000;
202100008700.0;5;76;76351;2;2;1.0;3.0;49,4983400000;0,1234700000;
202100008701.0;5;72;72181;2;9;1.0;6.0;47,9885166843;0,2148520944;
202100008702.0;1;69;69275;2;1;1.0;1.0;45,7460700000;4,9329700000;
202100008703.0;1;69;69290;2;9;1.0;3.0;45,7150310000;4,9255000000;
202100008704.0;1;67;67482;2;3;2.0;6.0;48,5830100000;7,7356300000;
202100008705.0;1;67;67482;2;1;1.0;3.0;48,5780433158;7,7057370543;
202100008706.0;5;67;67482;2;3;1.0;5.0;48,5904900000;7,7482600000;
202100008707.0;1;66;66136;1;1;1.0;2.0;42,6526000000;2,8810000000;
202100008708.0;1;64;64348;2;3;1.0;2.0;43,3355261230; -0,3808093071;
202100008709.0;5;63;63113;2;1;1.0;1.0;45,7586600000;3,0866500000;
202100008710.0;1;63;63113;2;3;1.0;3.0;45,7650500000;3,1230700000;
202100008711.0;1;63;63032;2;6;1.0;3.0;45,7542700000;3,0927900000;
202100008712.0;5;63;63113;2;1;1.0;3.0;45,7702600000;3,1015600000;
202100008713.0;1;62;62727;2;6;1.0;3.0;50,4735029393;2,5915074348;
202100008714.0;1;61;61143;1;1;1.0;7.0;48,4425300000;0,0597800000;
202100008715.0;5;59;59507;2;1;1.0;3.0;50,5989500000;3,0810000000;
202100008716.0;1;59;59178;2;1;1.0;5.0;50,3987427597;3,1178889424;
202100008717.0;2;59;59178;2;1;1.0;3.0;50,3641600000;3,0789200000;
202100008718.0;1;57;57019;2;1;1.0;6.0;49,2555600000;6,1292700000;
202100008719.0;1;51;51454;2;2;1.0;2.0;49,2455800185;4,0178788904;
202100008720.0;3;49;49099;2;3;1.0;3.0;47,0597600000; -0,9253200000;
202100008721.0;1;49;49007;2;1;1.0;3.0;47,4710000000; -0,5646300000;
202100008722.0;1;47;47323;2;1;1.0;7.0;44,4113200000;0,6888100000;
202100008723.0;2;45;45302;2;1;1.0;6.0;47,9466100000;1,8924200000;
202100008724.0;1;38;38179;2;9;1.0;3.0;45,1865900000;5,8053900000;
202100008725.0;3;37;37195;1;1;1.0;4.0;47,3894778569;0,6486953235;
202100008726.0;1;35;35281;1;1;1.0;2.0;48,0857960000; -1,7018170000;
202100008727.0;1;33;33522;2;2;1.0;6.0;44,8138140000; -0,6025450000;
202100008728.0;1;33;33318;2;2;1.0;6.0;44,8028400000; -0,6133800000;
202100008729.0;5;33;33009;2;2;1.0;3.0;44,6402240000; -1,2020220000;
202100008730.0;3;31;31557;2;1;2.0;7.0;43,5757300000;1,3158200000;
202100008731.0;1;30;30007;2;1;1.0;3.0;44,1268000000;4,0813900000;
202100008732.0;5;25;25056;1;6;1.0;6.0;47,2558600000;5,9944700000;
202100008733.0;5;17;17299;2;1;1.0;3.0;45,9247000000; -0,9589000000;
202100008734.0;1;14;14327;2;3;1.0;3.0;49,2074600000; -0,3172400000;
202100008735.0;5;13;13208;2;1;1.0;1.0;43,2720900000;5,3827800000;
202100008736.0;1;13;13206;2;2;1.0;3.0;43,2875900000;5,3902300000;
202100008737.0;5;13;13207;2;1;1.0;3.0;43,2924200000;5,3673500000;
202100008738.0;1;13;13001;2;3;1.0;6.0;43,5318500000;5,4299600000;
202100008739.0;1;11;11262;2;1;1.0;6.0;43,1846500000;2,9997000000;
202100008740.0;1;10;10387;2;3;2.0;1.0;48,2869000000;4,0793500000;
202100008741.0;5;06;06088;2;2;1.0;1.0;43,7086390000;7,1925780000;
202100008742.0;1;06;06027;2;1;1.0;3.0;43,6652660000;7,1286210000;
202100008743.0;5;75;75118;2;4;1.0;3.0;48,9007920000;2,3317000000;
202100008744.0;5;75;75117;2;1;1.0;6.0;48,9001880000;2,3207810000;
202100008745.0;5;75;75105;2;2;1.0;3.0;48,8388900000;2,3397500000;
202100008746.0;2;75;75120;2;1;1.0;6.0;48,8703530000;2,3978930000;
202100008747.0;5;75;75119;2;3;1.0;3.0;48,8857880000;2,3709810000;
202100008748.0;1;75;75118;2;4;1.0;6.0;48,8857710000;2,3449840000;
202100008749.0;5;75;75117;2;3;1.0;3.0;48,8812010000;2,3155550000;
202100008750.0;1;75;75117;2;7;1.0;7.0;48,8871680000;2,2979630000;
202100008751.0;5;75;75117;2;2;1.0;3.0;48,8815670000;2,3007050000;
202100008752.0;1;75;75116;2;1;1.0;3.0;48,8568130000;2,2864700000;
202100008753.0;5;75;75115;2;3;1.0;6.0;48,8519270000;2,2886830000;
202100008754.0;5;75;75115;2;3;1.0;6.0;48,8408950000;2,3058800000;
202100008755.0;1;75;75115;2;3;1.0;7.0;48,8448440000;2,2872880000;
202100008756.0;5;75;75114;2;4;1.0;2.0;48,8209270000;2,3218280000;
202100008757.0;2;75;75112;2;3;1.0;3.0;48,8433300000;2,4053840000;
202100008758.0;1;75;75112;2;2;1.0;6.0;48,8473450000;2,3867350000;
202100008759.0;1;75;75111;2;1;1.0;1.0;48,8614880000;2,3739190000;
202100008760.0;3;75;75116;2;4;1.0;3.0;48,8383720000;2,2660000000;
202100008761.0;1;75;75107;2;2;1.0;3.0;48,8580680000;2,3100070000;
202100008762.0;1;94;94081;2;9;1.0;3.0;48,7959300000;2,4149300000;
202100008763.0;1;94;94080;2;1;1.0;3.0;48,8455900000;2,4296200000;
202100008764.0;1;94;94068;2;3;1.0;3.0;48,7918400000;2,5186600000;
202100008765.0;5;94;94046;2;1;1.0;3.0;48,8148000000;2,4379000000;
202100008766.0;5;94;94073;2;1;1.0;6.0;48,7530700000;2,4055300000;
202100008767.0;1;93;93073;2;3;1.0;3.0;48,9506548582;2,5801885128;
202100008768.0;1;93;93051;2;1;1.0;2.0;48,8408400000;2,5416400000;
202100008769.0;5;93;93029;2;6;1.0;6.0;48,9168600000;2,4293600000;
202100008770.0;5;93;93010;2;3;1.0;6.0;48,8906636094;2,4945457556;
202100008771.0;1;93;93008;2;1;1.0;6.0;48,9044817607;2,4445058689;
202100008772.0;1;92;92073;2;9;1.0;6.0;48,8738738204;2,2240957618;
202100008773.0;1;92;92050;2;1;1.0;2.0;48,8996700000;2,1900600000;
202100008774.0;1;92;92040;2;3;1.0;3.0;48,8297425982;2,2673410177;
202100008775.0;1;92;92035;2;1;1.0;6.0;48,9054530990;2,2348460555;
202100008776.0;1;92;92035;2;1;1.0;6.0;48,9047138129;2,2329443693;
202100008777.0;1;92;92026;2;1;1.0;6.0;48,8998428371;2,2501990199;
202100008778.0;1;92;92025;2;2;1.0;6.0;48,9231766028;2,2524923086;
202100008779.0;5;92;92024;2;3;1.0;6.0;48,9037660834;2,3121708765;
202100008780.0;1;92;92012;2;2;1.0;6.0;48,8458767301;2,2370240092;
202100008781.0;1;92;92012;2;2;1.0;6.0;48,8369402677;2,2364714742;
202100008782.0;1;92;92012;2;3;1.0;7.0;48,8399318300;2,2285197600;
202100008783.0;2;35;35176;2;3;1.0;3.0;47,8170340000; -1,8146750000;
202100008784.0;3;18;18125;2;3;1.0;3.0;47,4603690000;2,8775010000;
202100008785.0;1;06;06064;1;1;1.0;7.0;43,7731910000;7,1862790000;
202100008786.0;3;83;83067;1;1;2.0;5.0;43,3151120000;6,2751080000;
202100008787.0;1;83;83116;1;1;2.0;6.0;43,4213620936;5,8377420902;
202100008788.0;3;51;51525;1;1;5.0;1.0;48,9090372306;4,3989139795;
202100008789.0;4;95;95527;2;1;1.0;6.0;49,0039690000;2,5095630000;
202100008790.0;1;33;33424;1;1;1.0;6.0;45,1126160000; -0,8071580000;
202100008791.0;5;42;42052;2;1;1.0;6.0;46,1549650000;4,1635880000;
202100008792.0;1;86;86245;1;9;1.0;1.0;46,7821600000;0,6726200000;
202100008793.0;1;86;86116;2;3;1.0;6.0;46,4637100000;0,0675220000;
202100008794.0;3;35;35104;1;1;1.0;6.0;48,4728270000; -1,6926610000;
202100008795.0;1;06;06020;1;1;8.0;1.0;43,9871800000;7,3239970000;
202100008796.0;1;06;06032;2;1;1.0;1.0;43,7279870000;7,4078860000;
202100008797.0;1;09;09189;1;3;1.0;3.0;42,6352370000;1,8288160000;
202100008798.0;1;53;53147;2;1;1.0;6.0;48,3032720000; -0,6208510000;
202100008799.0;3;88;88446;1;1;1.0;5.0;48,1991580000;5,8127710000;
202100008800.0;1;60;60395;1;9;5.0;7.0;49,2374658676;2,1010642977;
202100008801.0;1;987;98729;1;1;2.0;3.0; -17,5331890000; -149,8386110000;
202100008802.0;5;976;97615;2;1;1.0;2.0; -12,8007640000;45,2787240000;
202100008803.0;1;976;97608;2;1;1.0;6.0; -12,7889230000;45,2723270000;
202100008804.0;1;37;37163;2;1;1.0;6.0;47,4239441104;0,9748644715;
202100008805.0;1;95;95489;2;1;1.0;1.0;49,0195460000;2,3520180000;
202100008806.0;3;13;13004;1;2;1.0;3.0;43,6258710000;4,7483580000;
202100008807.0;5;21;21038;2;1;5.0;6.0;47,1943590000;5,3834580000;
202100008808.0;1;74;74080;1;1;7.0;1.0;45,8736590000;6,4550100000;
202100008809.0;3;38;38110;2;4;1.0;7.0;45,5789800000;4,8806660000;
202100008810.0;5;01;01376;2;6;1.0;3.0;45,8258590000;4,9813860000;
202100008811.0;2;01;01397;1;1;1.0;6.0;46,3159004397;6,1172242463;
202100008812.0;3;81;81099;1;1;1.0;6.0;43,8899290000;1,8763020000;
202100008813.0;1;09;09331;1;1;3.0;3.0;43,1930300000;1,6104680000;
202100008814.0;1;33;33449;2;1;1.0;2.0;44,8939000000; -0,7482300000;
202100008815.0;3;33;33029;1;1;1.0;1.0;44,6418330000; -0,8045630000;
202100008816.0;1;35;35360;2;3;1.0;3.0;48,1274720000; -1,2135170000;
202100008817.0;5;62;62825;2;1;1.0;6.0;50,2891780000;3,0405520000;
202100008818.0;3;13;13081;1;1;1.0;2.0;43,4915300000;5,2403000000;
202100008819.0;1;13;13211;1;1;1.0;2.0;43,2881377701;5,4999439715;
202100008820.0;3;13;13056;1;1;1.0;2.0;43,3986139615;5,0456857681;
202100008821.0;1;13;13055;1;1;1.0;2.0;43,3066400000;5,4253100000;
202100008822.0;3;69;69290;1;1;2.0;4.0;45,6846200000;4,9619200000;
202100008823.0;5;33;33249;1;1;1.0;4.0;44,8786500000; -0,5094900000;
202100008824.0;5;59;59343;1;1;1.0;6.0;50,5999160000;3,1357140000;
202100008825.0;3;92;92002;1;1;1.0;7.0;48,7353005213;2,3150518791;
202100008826.0;3;91;91136;1;1;1.0;2.0;48,7134800000;2,2767100000;
202100008827.0;1;91;91179;1;1;1.0;2.0;48,5624200000;2,4811400000;
202100008828.0;2;91;91521;1;1;5.0;2.0;48,6324690000;2,4057230000;
202100008829.0;1;78;78322;1;1;1.0;6.0;48,7870610000;2,1491770000;
202100008830.0;3;92;92036;1;9;1.0;3.0;48,9347917950;2,3020891821;
202100008831.0;2;95;95500;1;1;1.0;2.0;49,0387160000;2,0871010000;
202100008832.0;1;95;95500;1;1;1.0;4.0;49,0365498574;2,0940611695;
202100008833.0;1;92;92036;1;9;1.0;6.0;48,9385170499;2,3000175890;
202100008834.0;1;95;95256;1;1;1.0;6.0;49,0565750000;2,2054910000;
202100008835.0;1;95;95351;1;1;1.0;2.0;49,0403130000;2,4828850000;
202100008836.0;4;93;93027;1;1;1.0;1.0;48,9284900000;2,4131600000;
202100008837.0;1;62;62031;1;1;1.0;7.0;50,8554910000;1,9192810000;
202100008838.0;1;75;75120;2;4;1.0;6.0;48,8626210000;2,4133340000;
202100008839.0;5;75;75106;2;2;1.0;3.0;48,8544720000;2,3304620000;
202100008840.0;5;75;75120;2;2;1.0;3.0;48,8526700000;2,4061170000;
202100008841.0;1;75;75120;2;5;1.0;3.0;48,8650130000;2,3955260000;
202100008842.0;1;75;75118;2;2;1.0;3.0;48,8907600000;2,3454100000;
202100008843.0;1;75;75116;2;1;1.0;2.0;48,8587670000;2,2750330000;
202100008844.0;5;75;75116;2;3;1.0;3.0;48,8618880000;2,2861310000;
202100008845.0;5;75;75115;2;2;1.0;3.0;48,8286230000;2,3014220000;
202100008846.0;1;75;75112;2;1;1.0;3.0;48,8443070000;2,4417360000;
202100008847.0;1;75;75112;2;1;1.0;6.0;48,8432380000;2,3745670000;
202100008848.0;1;75;75109;2;2;1.0;6.0;48,8801710000;2,3437670000;
202100008849.0;1;75;75108;2;2;1.0;4.0;48,8746760000;2,3200480000;
202100008850.0;1;75;75107;2;2;1.0;3.0;48,8526990000;2,3085580000;
202100008851.0;1;94;94052;2;1;1.0;3.0;48,8406275871;2,4818801880;
202100008852.0;1;94;94037;2;1;1.0;2.0;48,8133800000;2,3510600000;
202100008853.0;1;94;94017;2;1;1.0;2.0;48,8130700000;2,5296200000;
202100008854.0;4;94;94048;2;1;1.0;1.0;48,7500000000;2,5500000000;
202100008855.0;1;93;93066;2;1;1.0;3.0;48,9258900000;2,3560900000;
202100008856.0;2;93;93048;2;1;1.0;6.0;48,8595900000;2,4385000000;
202100008857.0;5;92;92076;2;1;1.0;3.0;48,8276200000;2,1514900000;
202100008858.0;1;92;92048;2;1;1.0;6.0;48,7939100000;2,2199800000;
202100008859.0;5;92;92036;2;3;1.0;6.0;48,9337945070;2,3134025931;
202100008860.0;1;92;92026;2;1;1.0;6.0;48,8982858867;2,2583851218;
202100008861.0;1;92;92026;2;1;1.0;4.0;48,9002960000;2,2742640000;
202100008862.0;1;92;92024;2;2;1.0;3.0;48,8995542730;2,3052191520;
202100008863.0;5;92;92023;2;1;1.0;6.0;48,7827200000;2,2340300000;
202100008864.0;1;92;92009;2;1;1.0;3.0;48,9200552947;2,2766335309;
202100008865.0;1;92;92014;2;1;9.0;2.0;48,7742700000;2,3133100000;
202100008866.0;5;86;86174;2;2;1.0;3.0;46,7573160000;0,4779180000;
202100008867.0;3;988;98810;1;1;5.0;7.0; -20,6807710000;164,4527580000;
202100008868.0;1;26;26312;1;1;1.0;2.0;44,6071820000;4,7936870000;
202100008869.0;1;23;23001;1;1;9.0;3.0;46,0881720000;2,0549780000;
202100008870.0;3;87;87203;1;1;1.0;4.0;45,6635470000;1,3926030000;
202100008871.0;5;974;97410;2;6;1.0;6.0; -21,0470560000;55,7167710000;
202100008872.0;3;14;14760;1;1;1.0;6.0;49,0969700000; -0,6182380000;
202100008873.0;1;34;34253;1;1;5.0;2.0;43,8459738313;3,3096460103;
202100008874.0;2;59;59194;2;2;1.0;6.0;50,1922250000;3,6391460000;
202100008875.0;1;67;67009;2;1;7.0;1.0;48,9297070000;6,9802990000;
202100008876.0;5;65;65313;2;1;2.0;6.0;43,1753340000;0,0890840000;
202100008877.0;1;81;81145;1;1;1.0;6.0;43,9075400000;1,7744640000;
202100008878.0;1;63;63047;2;1;7.0;2.0;45,5885707183;2,7296902049;
202100008879.0;1;39;39241;1;3;1.0;3.0;46,6478230000;5,4893450000;
202100008880.0;3;25;25157;1;1;1.0;5.0;46,8423240000;6,3684330000;
202100008881.0;3;29;29240;1;1;3.0;6.0;48,2684167600; -4,2384266853;
202100008882.0;1;29;29069;2;2;1.0;6.0;48,4252120000; -4,5605210000;
202100008883.0;1;14;14100;2;1;1.0;2.0;49,0504473312; -0,3198950000;
202100008884.0;2;09;09285;2;1;1.0;6.0;42,8600430000;1,1982820000;
202100008885.0;1;45;45193;1;1;7.0;3.0;47,7811400000;2,0185980000;