Num_Acc;lum;departement;commune;agglomeration;intersection;meteo;type_collision;lat;long;date
202100009214.0;1;971;97101;2;9;1.0;2.0;16,2529900000; -61,5243800000;
202100009215.0;2;95;95585;2;1;2.0;6.0;48,9824717028;2,3700513360;
202100009216.0;3;95;95582;2;1;1.0;6.0;48,9789634133;2,2441189468;
202100009217.0;1;95;95252;2;1;1.0;3.0;48,9909095986;2,2230792046;
202100009218.0;1;91;91377;2;1;1.0;5.0;48,7333300000;2,2833300000;
202100009219.0;5;91;91691;2;9;2.0;6.0;48,7064700000;2,4880800000;
202100009220.0;5;91;91027;2;2;1.0;6.0;48,7007500000;2,3621300000;
202100009221.0;3;89;89263;1;1;1.0;1.0;47,8382700000;3,5979600000;
202100009222.0;1;87;87085;2;1;1.0;6.0;45,8411100000;1,2564800000;
202100009223.0;1;81;81065;2;1;1.0;6.0;43,6004460000;2,2570760000;
202100009224.0;5;76;76217;1;6;1.0;4.0;49,9227500000;1,1112200000;
202100009225.0;5;72;72181;2;2;1.0;3.0;47,9712200000;0,2169200000;
202100009226.0;2;72;72320;1;1;1.0;4.0;48,0521680279;0,1687896251;
202100009227.0;1;71;71076;2;1;1.0;3.0;46,7861113153;4,8633327964;
202100009228.0;5;69;69275;2;1;1.0;4.0;45,7659050805;4,9369651079;
202100009229.0;5;69;69264;2;1;1.0;4.0;45,9890200000;4,7088700000;
202100009230.0;5;67;67482;2;3;1.0;3.0;48,5800600000;7,6971000000;
202100009231.0;1;67;67482;2;3;1.0;3.0;48,5952900000;7,7186900000;
202100009232.0;1;66;66136;2;3;1.0;6.0;42,6943078262;2,8724051267;
202100009233.0;1;65;65440;2;9;3.0;6.0;43,2323360000;0,0712930000;
202100009234.0;1;64;64445;2;1;2.0;6.0;43,3056900000; -0,3370100000;
202100009235.0;1;64;64024;2;1;1.0;3.0;43,4977800000; -1,5385100000;
202100009236.0;1;63;63113;2;2;8.0;6.0;45,7768900000;3,0787500000;
202100009237.0;1;59;59160;2;1;8.0;6.0;50,4037240000;3,6660460000;
202100009238.0;1;59;59152;1;9;1.0;7.0;50,7575500000;2,9917400000;
202100009239.0;1;59;59646;2;8;8.0;1.0;50,6647300000;3,1179000000;
202100009240.0;3;59;59009;1;2;1.0;3.0;50,6426200000;3,1449000000;
202100009241.0;1;54;54304;2;1;1.0;3.0;48,6944778025;6,1290474236;
202100009242.0;1;54;54526;2;1;1.0;6.0;48,6865621113;6,2098038815;
202100009243.0;1;52;52121;2;1;1.0;3.0;48,1048600000;5,1303700000;
202100009244.0;1;51;51504;2;1;2.0;1.0;48,9902000000;4,3383500000;
202100009245.0;1;44;44114;2;1;1.0;2.0;47,2529800000; -1,5974400000;
202100009246.0;5;44;44109;2;1;1.0;3.0;47,2362710000; -1,5339110000;
202100009247.0;5;38;38151;2;2;1.0;3.0;45,1500500000;5,6993800000;
202100009248.0;5;37;37261;2;1;8.0;3.0;47,3756468417;0,6798729300;
202100009249.0;5;35;35238;2;5;1.0;3.0;48,0972360000; -1,6579080000;
202100009250.0;1;35;35238;2;9;1.0;6.0;48,0974630000; -1,6422220000;
202100009251.0;1;35;35206;2;1;7.0;4.0;48,0814900000; -1,6580600000;
202100009252.0;1;35;35238;2;1;1.0;6.0;48,1055600000; -1,6743500000;
202100009253.0;2;35;35051;1;1;1.0;6.0;48,1501020000; -1,6044210000;
202100009254.0;2;35;35278;2;1;5.0;6.0;48,1459300000; -1,6569100000;
202100009255.0;1;34;34172;2;3;1.0;3.0;43,5974300000;3,8642700000;
202100009256.0;5;33;33119;2;3;1.0;1.0;44,8524900000; -0,5153900000;
202100009257.0;1;30;30189;2;1;1.0;2.0;43,8305000000;4,3232000000;
202100009258.0;1;30;30007;2;9;1.0;6.0;44,1128745746;4,1066796183;
202100009259.0;1;29;29232;2;1;1.0;4.0;47,9936300000; -4,0733100000;
202100009260.0;1;29;29232;1;6;7.0;2.0;48,0034100000; -4,0839200000;
202100009261.0;3;28;28134;2;2;1.0;6.0;48,7464300000;1,3535400000;
202100009262.0;1;27;27229;2;1;8.0;3.0;49,0325905000;1,1352107000;
202100009263.0;1;24;24322;1;3;1.0;3.0;45,1823400000;0,7443300000;
202100009264.0;5;14;14341;2;1;1.0;2.0;49,1504100000; -0,3416300000;
202100009265.0;3;14;14101;1;9;1.0;5.0;49,1799000000; -0,4264000000;
202100009266.0;5;13;13208;2;1;1.0;6.0;43,2629600000;5,3740900000;
202100009267.0;5;13;13209;2;9;1.0;3.0;43,2617500000;5,4144200000;
202100009268.0;1;13;13215;2;1;1.0;3.0;43,3593444114;5,3649780714;
202100009269.0;1;13;13211;2;1;1.0;3.0;43,2850000000;5,4424800000;
202100009270.0;1;12;12089;2;1;1.0;6.0;44,5732150007;2,2461903096;
202100009271.0;2;11;11069;2;1;1.0;7.0;43,2043000000;2,3842800000;
202100009272.0;1;11;11069;2;1;8.0;7.0;43,1921400000;2,3359800000;
202100009273.0;2;10;10333;2;2;1.0;3.0;48,2761900000;4,0563900000;
202100009274.0;5;10;10387;2;1;1.0;2.0;48,2962800000;4,0845100000;
202100009275.0;1;06;06088;2;1;1.0;3.0;43,6690400000;7,2212200000;
202100009276.0;5;06;06088;2;1;1.0;1.0;43,6976890000;7,2712510000;
202100009277.0;1;06;06030;2;1;1.0;6.0;43,5722300000;7,0167800000;
202100009278.0;5;06;06027;2;3;1.0;6.0;43,6564600000;7,1634600000;
202100009279.0;1;06;06123;2;2;1.0;3.0;43,6566840000;7,1787530000;
202100009280.0;3;02;02691;1;1;1.0;2.0;49,8364780000;3,2678190000;
202100009281.0;5;75;75113;2;1;1.0;2.0;48,8190660000;2,3719010000;
202100009282.0;1;75;75103;2;7;8.0;3.0;48,8664660000;2,3647780000;
202100009283.0;1;75;75105;2;2;1.0;6.0;48,8471020000;2,3419500000;
202100009284.0;1;75;75119;2;1;1.0;6.0;48,8988990000;2,3809590000;
202100009285.0;5;75;75118;2;1;1.0;4.0;48,8845050000;2,3637060000;
202100009286.0;1;75;75118;2;1;8.0;2.0;48,8999160000;2,3358180000;
202100009287.0;1;75;75116;2;2;1.0;3.0;48,8749330000;2,2710980000;
202100009288.0;5;75;75115;2;2;1.0;6.0;48,8436120000;2,2957460000;
202100009289.0;3;75;75115;2;3;1.0;2.0;48,8469830000;2,3052040000;
202100009290.0;1;75;75115;2;7;1.0;2.0;48,8359660000;2,2937100000;
202100009291.0;1;75;75114;2;3;1.0;6.0;48,8340770000;2,3243250000;
202100009292.0;1;75;75111;2;1;1.0;6.0;48,8565910000;2,3773710000;
202100009293.0;1;75;75111;2;4;8.0;3.0;48,8666400000;2,3673120000;
202100009294.0;5;75;75104;2;3;1.0;1.0;48,8582290000;2,3491020000;
202100009295.0;2;75;75101;2;2;1.0;6.0;48,8585080000;2,3482160000;
202100009296.0;2;94;94003;2;3;1.0;3.0;48,8011200000;2,3367600000;
202100009297.0;5;94;94041;2;1;1.0;2.0;48,8050300000;2,3812200000;
202100009298.0;5;94;94041;2;2;1.0;3.0;48,8126100000;2,4053900000;
202100009299.0;4;94;94041;2;3;2.0;6.0;48,8081200000;2,3882900000;
202100009300.0;5;94;94033;2;3;1.0;3.0;48,8525600000;2,4608100000;
202100009301.0;1;94;94028;2;6;8.0;3.0;48,7747000000;2,4393700000;
202100009302.0;1;94;94028;2;1;1.0;2.0;48,7836700000;2,4473300000;
202100009303.0;5;94;94028;1;1;3.0;1.0;48,7742400000;2,4444500000;
202100009304.0;5;94;94011;2;6;2.0;6.0;48,7706500000;2,4943500000;
202100009305.0;5;94;94077;2;3;5.0;3.0;48,7276500000;2,4374700000;
202100009306.0;2;94;94002;2;1;1.0;6.0;48,8023500000;2,4259700000;
202100009307.0;5;95;95527;1;9;1.0;3.0;48,9983000000;2,5239000000;
202100009308.0;5;93;93039;2;1;1.0;6.0;48,9357937711;2,3396571687;
202100009309.0;1;93;93051;2;1;1.0;2.0;48,8529000000;2,5331000000;
202100009310.0;1;93;93006;2;1;3.0;3.0;48,8598000000;2,4198000000;
202100009311.0;1;93;93029;2;9;2.0;3.0;48,9229710000;2,4209590000;
202100009312.0;1;93;93057;2;2;1.0;6.0;48,9042737758;2,5047048302;
202100009313.0;1;93;93007;2;3;1.0;2.0;48,9445895919;2,4484629929;
202100009314.0;5;93;93005;2;2;1.0;3.0;48,9291669698;2,4893675980;
202100009315.0;5;93;93005;2;2;1.0;6.0;48,9254886052;2,5031772064;
202100009316.0;1;93;93001;2;1;1.0;2.0;48,9047300000;2,3839000000;
202100009317.0;5;92;92064;2;1;1.0;6.0;48,8537855482;2,2157835960;
202100009318.0;1;92;92026;2;1;1.0;7.0;48,8919693807;2,2565585375;
202100009319.0;1;92;92050;2;2;1.0;6.0;48,8825254624;2,2044503453;
202100009320.0;5;92;92020;2;2;1.0;3.0;48,7997701486;2,2856658697;
202100009321.0;1;92;92048;2;9;1.0;3.0;48,8152280000;2,2214340000;
202100009322.0;5;92;92044;2;5;1.0;3.0;48,8982900000;2,2943400000;
202100009323.0;1;92;92044;2;2;1.0;3.0;48,9004400000;2,2864900000;
202100009324.0;1;92;92026;2;9;1.0;7.0;48,8947151206;2,2433459759;
202100009325.0;1;92;92026;2;3;1.0;3.0;48,8992540000;2,2577510000;
202100009326.0;1;92;92025;2;2;8.0;2.0;48,9356748610;2,2609828413;
202100009327.0;1;92;92025;2;1;1.0;3.0;48,9157270000;2,2424050000;
202100009328.0;1;974;97415;2;1;1.0;7.0; -21,0141360000;55,2648390000;
202100009329.0;3;65;65301;1;1;1.0;1.0;43,3043510000;0,2261850000;
202100009330.0;1;50;50648;1;1;1.0;6.0;49,5009810000; -1,4870810000;
202100009331.0;3;62;62869;2;6;1.0;6.0;50,2582770000;2,7413410000;
202100009332.0;1;57;57556;2;1;1.0;6.0;49,0558880000;6,9276310000;
202100009333.0;1;62;62005;1;1;1.0;6.0;50,1384610000;2,7609730000;
202100009334.0;3;19;19068;1;1;1.0;3.0;45,1686050000;1,6519400000;
202100009335.0;3;89;89093;2;1;1.0;6.0;48,3301630000;3,1067920000;
202100009336.0;1;49;49030;1;1;1.0;2.0;47,3622070000; -0,0407940000;
202100009337.0;3;12;12032;1;1;1.0;6.0;44,2775700000;2,3631390000;
202100009338.0;1;47;47265;1;1;1.0;1.0;44,4885420000;0,5833540000;
202100009339.0;1;34;34228;1;1;6.0;6.0;43,4127170000;2,7416090000;
202100009340.0;1;22;22264;1;1;1.0;1.0;48,7492990000; -3,2534710000;
202100009341.0;5;25;25240;2;1;1.0;6.0;47,0695990000;6,6196650000;
202100009342.0;1;44;44098;1;6;8.0;3.0;47,4777350000; -2,1800350000;
202100009343.0;3;29;29020;1;1;1.0;2.0;48,0585060000; -4,0230770000;
202100009344.0;1;31;31592;1;3;1.0;3.0;43,7289850000;1,1984750000;
202100009345.0;5;38;38315;2;3;8.0;6.0;45,5359980000;5,6722500000;
202100009346.0;1;54;54059;1;1;9.0;7.0;48,8737444698;6,2081873425;
202100009347.0;3;72;72013;1;1;1.0;3.0;47,6824000000;0,2481100000;
202100009348.0;1;14;14726;1;1;1.0;6.0;48,8139010000; -0,7496020000;
202100009349.0;3;64;64437;1;1;2.0;5.0;43,2638547199; -1,0394954681;
202100009350.0;2;64;64495;1;1;1.0;1.0;43,3739390000; -1,5458970000;
202100009351.0;1;10;10270;1;2;8.0;3.0;48,3953310000;4,2805050000;
202100009352.0;5;07;07132;2;1;1.0;1.0;44,5434750000;4,2940240000;
202100009353.0;3;85;85277;1;1;1.0;6.0;46,5296160000; -1,4284800000;
202100009354.0;1;87;87003;1;2;1.0;3.0;46,2770590000;1,3997700000;
202100009355.0;5;30;30212;1;1;6.0;3.0;43,9513970000;4,5673730000;
202100009356.0;3;08;08220;1;1;1.0;6.0;49,3084940000;4,4103030000;
202100009357.0;5;973;97307;2;1;2.0;5.0;4,8990450000; -52,3425260000;
202100009358.0;5;978;97801;2;1;1.0;1.0;18,0700640000; -63,0346530000;
202100009359.0;3;34;34213;1;1;1.0;2.0;43,4804920000;3,6799640000;
202100009360.0;3;59;59377;1;1;1.0;2.0;50,1019613481;3,1665058548;
202100009361.0;5;987;98748;1;1;2.0;6.0; -17,8078200000; -149,2918400000;
202100009362.0;1;988;98803;1;1;1.0;5.0; -21,6199900000;165,5483010000;
202100009363.0;3;974;97424;2;1;1.0;6.0; -21,1700660000;55,4771050000;
202100009364.0;1;971;97129;2;1;1.0;2.0;16,3274910000; -61,6918370000;
202100009365.0;2;91;91198;1;1;1.0;1.0;48,4625670000;2,3404700000;
202100009366.0;1;2A;2A247;2;3;1.0;3.0;41,6127950000;9,2794350000;
202100009367.0;1;06;06065;2;1;1.0;1.0;43,7191270000;7,1792670000;
202100009368.0;2;68;68287;2;3;2.0;3.0;47,9603730000;7,3057560000;
202100009369.0;2;73;73050;1;4;1.0;3.0;45,6669730000;5,8541360000;
202100009370.0;1;09;09194;2;1;1.0;6.0;43,0873820000;1,8750730000;
202100009371.0;3;50;50295;1;2;1.0;6.0;48,9566790000; -1,2005250000;
202100009372.0;1;22;22008;1;1;7.0;3.0;48,4139030000; -2,0963230000;
202100009373.0;1;76;76239;1;1;1.0;4.0;49,5533110000;0,3311240000;
202100009374.0;3;60;60090;1;3;1.0;1.0;49,1713790000;1,8843270000;
202100009375.0;1;60;60041;2;3;1.0;3.0;49,3853730000;2,2258740000;
202100009376.0;1;13;13211;1;1;1.0;3.0;43,2863000000;5,4333300000;
202100009377.0;1;13;13056;1;1;8.0;3.0;43,3940400000;5,0535500000;
202100009378.0;3;83;83047;1;1;1.0;2.0;43,1345800000;6,0471600000;
202100009379.0;5;69;69029;1;1;1.0;3.0;45,7246600000;4,8924400000;
202100009380.0;5;69;69290;1;1;1.0;2.0;45,7009800000;4,9707600000;
202100009381.0;1;33;33122;1;1;1.0;4.0;44,7471770000; -0,6996840000;
202100009382.0;1;91;91235;1;1;1.0;5.0;48,6250000000;2,3623400000;
202100009383.0;1;77;77251;1;1;1.0;7.0;48,6192900000;2,5526700000;
202100009384.0;3;91;91363;1;1;1.0;6.0;48,6402200000;2,2007600000;
202100009385.0;3;91;91689;1;1;1.0;6.0;48,7385900000;2,3183900000;
202100009386.0;4;78;78322;1;1;1.0;6.0;48,7808800000;2,1702600000;
202100009387.0;1;93;93006;1;1;1.0;2.0;48,8667928044;2,4255566343;
202100009388.0;3;95;95306;1;1;1.0;6.0;48,9987550000;2,1768230000;
202100009389.0;3;95;95306;1;1;2.0;6.0;49,0048800000;2,1664100000;
202100009390.0;3;95;95306;1;1;2.0;6.0;49,0048800000;2,1664100000;
202100009391.0;3;94;94065;1;1;1.0;4.0;48,7536127064;2,3611575387;
202100009392.0;1;75;75112;1;1;1.0;3.0;48,8219494658;2,4626004696;
202100009393.0;1;75;75116;2;1;1.0;6.0;48,8502330000;2,2669750000;
202100009394.0;1;988;98818;2;4;1.0;5.0; -22,2680900000;166,4374700000;
202100009395.0;1;988;98818;2;9;1.0;2.0; -22,2451100000;166,4685500000;
202100009396.0;1;974;97416;2;4;1.0;3.0; -21,2921900000;55,4706800000;
202100009397.0;1;974;97416;1;1;1.0;6.0; -21,3146300000;55,4719400000;
202100009398.0;1;974;97411;1;1;1.0;3.0; -20,8852509310;55,4429554939;
202100009399.0;5;974;97407;2;3;1.0;3.0; -20,9510400000;55,2983700000;
202100009400.0;1;973;97302;2;1;1.0;6.0;4,9296908929; -52,3133309484;
202100009401.0;1;973;97302;1;1;2.0;2.0;4,9198100000; -52,3305600000;
202100009402.0;5;69;69387;2;1;2.0;6.0;45,7491500000;4,8418600000;
202100009403.0;5;69;69387;2;4;1.0;3.0;45,7409100000;4,8274000000;
202100009404.0;1;69;69383;2;2;1.0;3.0;45,7528900000;4,8533400000;
202100009405.0;1;972;97213;1;1;1.0;2.0;14,6189500000; -61,0051600000;
202100009406.0;1;972;97209;2;1;7.0;3.0;14,6279500000; -61,0549200000;
202100009407.0;1;972;97209;2;1;1.0;3.0;14,6153000000; -61,0532000000;
202100009408.0;1;971;97120;2;1;1.0;6.0;16,2414000000; -61,5370500000;
202100009409.0;5;971;97101;2;1;1.0;6.0;16,2746500000; -61,5039000000;
202100009410.0;1;95;95427;2;3;7.0;3.0;48,9621900000;2,3302400000;
202100009411.0;1;87;87050;2;1;2.0;3.0;45,8761600000;1,2377900000;
202100009412.0;1;87;87085;2;1;2.0;2.0;45,8277300000;1,2581600000;
202100009413.0;1;86;86194;2;2;2.0;3.0;46,5674860000;0,3575630000;
202100009414.0;1;83;83069;2;1;1.0;2.0;43,1162000000;6,1133000000;
202100009415.0;1;80;80021;2;1;1.0;3.0;49,8902200000;2,2982600000;
202100009416.0;1;80;80021;2;2;1.0;3.0;49,9075400000;2,3019400000;
202100009417.0;1;77;77048;1;1;2.0;6.0;48,3242800000;2,6980600000;
202100009418.0;1;76;76640;2;3;2.0;3.0;49,2809610000;1,0391970000;
202100009419.0;1;74;74012;2;1;1.0;3.0;46,1841700000;6,2425200000;
202100009420.0;5;64;64129;2;1;2.0;1.0;43,3042614464; -0,3798812628;
202100009421.0;2;64;64132;2;1;2.0;1.0;43,2899600000; -0,3397500000;
202100009422.0;1;59;59421;2;1;1.0;6.0;50,7035883121;3,1429213285;
202100009423.0;1;59;59009;2;3;2.0;3.0;50,6197700000;3,1488200000;
202100009424.0;5;59;59220;2;1;2.0;6.0;50,5913248450;3,0704399870;
202100009425.0;1;59;59195;2;1;1.0;1.0;50,6233600000;2,9616300000;
202100009426.0;1;56;56121;1;1;1.0;2.0;47,7373100000; -3,3782800000;
202100009427.0;2;55;55029;2;1;2.0;6.0;48,7735800000;5,1734300000;
202100009428.0;5;54;54395;2;1;1.0;2.0;48,6959236639;6,1959437281;
202100009429.0;2;54;54395;2;1;2.0;2.0;48,6996100000;6,1818800000;
202100009430.0;1;50;50129;2;1;1.0;6.0;49,6270100000; -1,6467300000;
202100009431.0;5;49;49267;2;1;1.0;3.0;47,4702200000; -0,5159600000;
202100009432.0;1;49;49007;2;1;1.0;6.0;47,4680000000; -0,5211000000;
202100009433.0;1;45;45169;2;3;2.0;3.0;47,9103100000;1,8575100000;
202100009434.0;2;39;39198;2;1;2.0;6.0;47,0911200000;5,4878200000;
202100009435.0;5;37;37261;2;3;1.0;3.0;47,3808656002;0,6999380937;
202100009436.0;5;35;35238;2;3;1.0;3.0;48,0978200000; -1,6552300000;
202100009437.0;5;35;35238;1;1;2.0;2.0;48,1141100000; -1,7190200000;
202100009438.0;1;33;33281;2;1;1.0;2.0;44,8345100000; -0,6717600000;
202100009439.0;2;33;33119;2;4;2.0;3.0;44,8602570418; -0,5382946651;
202100009440.0;1;31;31555;2;1;7.0;6.0;43,5828100000;1,4167200000;
202100009441.0;1;29;29232;2;1;8.0;6.0;47,9764300000; -4,0687800000;
202100009442.0;1;28;28220;2;1;1.0;3.0;48,4181300000;1,4657300000;
202100009443.0;5;26;26198;2;1;1.0;1.0;44,5312890000;4,7445910000;
202100009444.0;1;17;17300;2;1;1.0;6.0;46,1443200000; -1,1530400000;
202100009445.0;1;17;17291;2;1;7.0;6.0;46,1748900000; -1,1163600000;
202100009446.0;1;14;14327;2;9;1.0;3.0;49,2127000000; -0,3423600000;
202100009447.0;5;13;13056;2;1;1.0;6.0;43,4066300000;5,0550500000;
202100009448.0;5;13;13056;2;1;2.0;7.0;43,4083800000;5,0547200000;
202100009449.0;1;13;13206;2;2;1.0;3.0;43,2893100000;5,3798700000;
202100009450.0;1;13;13047;2;1;1.0;3.0;43,5196800000;4,9649700000;
202100009451.0;1;13;13005;2;1;1.0;6.0;43,2879323812;5,5721860209;
202100009452.0;3;11;11069;1;1;3.0;7.0;43,1944141059;2,3431777954;
202100009453.0;1;10;10333;2;1;2.0;6.0;48,2694300000;4,0502900000;
202100009454.0;1;06;06088;2;2;1.0;3.0;43,6778420000;7,2293060000;
202100009455.0;1;02;02738;2;9;1.0;3.0;49,6630270000;3,2890220000;
202100009456.0;1;75;75112;2;1;1.0;3.0;48,8386920000;2,4129990000;
202100009457.0;1;75;75114;2;1;1.0;3.0;48,8206780000;2,3231450000;
202100009458.0;5;75;75116;2;1;1.0;3.0;48,8481120000;2,2533830000;
202100009459.0;3;75;75105;2;2;2.0;3.0;48,8376940000;2,3455070000;
202100009460.0;5;75;75115;2;2;2.0;6.0;48,8493700000;2,2815650000;
202100009461.0;2;75;75115;2;3;3.0;7.0;48,8326990000;2,2883630000;
202100009462.0;1;75;75114;2;1;8.0;6.0;48,8228390000;2,3275960000;
202100009463.0;2;75;75114;2;4;1.0;6.0;48,8288210000;2,3277180000;
202100009464.0;5;75;75113;2;2;2.0;6.0;48,8259330000;2,3827230000;
202100009465.0;1;75;75111;2;2;8.0;6.0;48,8577990000;2,3709400000;
202100009466.0;5;75;75108;2;2;2.0;7.0;48,8780590000;2,3226280000;
202100009467.0;5;75;75104;2;3;8.0;6.0;48,8504220000;2,3601090000;
202100009468.0;1;75;75101;2;1;1.0;6.0;48,8641650000;2,3401080000;
202100009469.0;5;94;94073;2;1;2.0;3.0;48,7562378032;2,3741111753;
202100009470.0;5;94;94081;2;2;2.0;6.0;48,7834600000;2,4013400000;
202100009471.0;5;94;94042;2;1;1.0;2.0;48,8201100000;2,4718600000;
202100009472.0;5;94;94046;2;2;1.0;1.0;48,8057700000;2,4409300000;
202100009473.0;2;94;94076;2;1;2.0;2.0;48,7908400000;2,3695900000;
202100009474.0;1;94;94073;2;3;1.0;1.0;48,7571010000;2,3688950000;
202100009475.0;5;94;94033;2;1;1.0;2.0;48,8529500000;2,4940000000;
202100009476.0;1;94;94011;2;1;1.0;6.0;48,7696040000;2,4847640000;
202100009477.0;1;94;94022;2;5;2.0;3.0;48,7725100000;2,4002700000;
202100009478.0;1;94;94054;2;1;3.0;2.0;48,7464600000;2,3847700000;
202100009479.0;2;94;94019;2;1;2.0;4.0;48,7865700000;2,5194100000;
202100009480.0;2;94;94002;2;9;2.0;6.0;48,8083500000;2,4229700000;
202100009481.0;1;94;94002;2;2;2.0;3.0;48,7982900000;2,4201400000;
202100009482.0;1;93;93077;2;5;1.0;3.0;48,8838000000;2,5144900000;
202100009483.0;5;93;93047;2;2;2.0;3.0;48,8894293603;2,5484642386;
202100009484.0;1;93;93057;2;1;2.0;6.0;48,9098960402;2,4987036861;
202100009485.0;1;92;92050;2;3;8.0;6.0;48,9119053555;2,2229665518;
202100009486.0;2;92;92044;2;2;3.0;3.0;48,8989429680;2,2877258062;
202100009487.0;5;92;92040;2;1;2.0;6.0;48,8195376523;2,2559416294;
202100009488.0;1;92;92025;2;2;1.0;3.0;48,9132050000;2,2391660000;
202100009489.0;5;92;92024;2;2;8.0;2.0;48,9034708020;2,2895711660;
202100009490.0;2;92;92004;2;1;1.0;2.0;48,9226026298;2,2858509421;
202100009491.0;1;92;92004;2;1;1.0;3.0;48,9079988428;2,2924786806;
202100009492.0;5;92;92002;2;1;1.0;6.0;48,7677283290;2,3107123375;
202100009493.0;1;51;51144;1;1;1.0;3.0;48,7351060000;4,9229050000;
202100009494.0;2;62;62295;1;1;3.0;6.0;50,5964780000;2,2566600000;
202100009495.0;3;91;91204;1;1;2.0;1.0;48,5709560000;2,4015430000;
202100009496.0;1;38;38425;2;1;1.0;1.0;45,3968000000;4,7843420000;
202100009497.0;1;95;95205;1;1;1.0;2.0;49,0310100000;2,3899500000;
202100009498.0;1;51;51425;1;1;1.0;7.0;49,1322550383;3,6816370437;
202100009499.0;1;972;97232;1;1;1.0;6.0;14,5223350000; -60,8594730000;
202100009500.0;3;62;62852;2;1;9.0;6.0;50,9039750000;2,0689420000;
202100009501.0;1;11;11203;2;1;1.0;2.0;43,2006340000;2,7534460000;
202100009502.0;1;64;64410;2;2;1.0;6.0;43,3653051236; -0,6261160970;
202100009503.0;1;21;21214;1;1;1.0;6.0;47,1896030000;4,6699190000;
202100009504.0;5;62;62502;2;1;3.0;2.0;50,6145150000;2,6888930000;
202100009505.0;1;34;34270;2;1;1.0;2.0;43,5789720000;3,8362830000;
202100009506.0;3;34;34217;2;1;2.0;1.0;43,7035500000;3,8673020000;
202100009507.0;5;19;19229;1;1;1.0;6.0;45,1578775938;1,4697529157;
202100009508.0;1;32;32160;1;1;8.0;2.0;43,6223200000;1,0718940000;
202100009509.0;5;42;42162;2;1;3.0;6.0;46,0192570000;3,9823970000;
202100009510.0;5;42;42323;2;1;2.0;2.0;45,5484110000;4,2822600000;
202100009511.0;3;42;42097;1;1;1.0;4.0;45,4920170000;4,3235440000;
202100009512.0;1;68;68234;1;1;8.0;7.0;47,9520380000;7,3639940000;
202100009513.0;5;68;68248;2;3;2.0;3.0;47,4925950000;7,3913310000;
202100009514.0;3;25;25222;1;1;2.0;1.0;47,1852540000;6,2666150000;
202100009515.0;1;44;44154;2;2;1.0;3.0;47,2214092436; -2,1612864733;
202100009516.0;3;35;35069;1;1;1.0;6.0;48,0425550000; -1,4464950000;
202100009517.0;1;13;13010;1;1;1.0;7.0;43,8990330000;4,7228660000;
202100009518.0;1;03;03029;1;1;1.0;1.0;46,2289380000;3,4327340000;
202100009519.0;1;01;01069;2;1;1.0;1.0;46,1539430000;5,2621940000;
202100009520.0;1;06;06127;1;1;1.0;2.0;44,0896930000;7,2495370000;
202100009521.0;3;14;14203;1;6;2.0;7.0;49,2374500000; -0,0731911100;
202100009522.0;2;36;36018;2;2;1.0;3.0;46,6310289178;1,0623345728;
202100009523.0;2;85;85051;1;1;5.0;7.0;46,6708200000; -1,0178660000;
202100009524.0;1;17;17057;1;1;1.0;7.0;46,1773340000; -0,8425140000;
202100009525.0;1;35;35210;1;2;1.0;3.0;48,1301150000; -1,8051590000;
202100009526.0;1;06;06027;1;1;3.0;2.0;43,6504050000;7,1418400000;
202100009527.0;3;988;98811;1;1;1.0;5.0; -21,0934690000;164,8870610000;
202100009528.0;1;971;97134;1;1;1.0;6.0;16,0651390000; -61,7610990000;
202100009529.0;3;77;77308;1;1;7.0;1.0;49,0379463542;2,7382165722;
202100009530.0;1;2B;2B055;1;9;8.0;3.0;42,5084258716;9,3219852450;
202100009531.0;1;05;05053;1;1;1.0;6.0;44,3529840000;5,7659720000;
202100009532.0;2;13;13015;1;1;1.0;3.0;43,4462980000;5,4415480000;
202100009533.0;2;03;03254;1;3;2.0;2.0;46,3183720000;3,3428000000;
202100009534.0;2;73;73329;1;1;1.0;2.0;45,6317160000;5,8918800000;
202100009535.0;1;38;38344;2;1;1.0;6.0;45,3740710000;4,8126350000;
202100009536.0;1;19;19038;1;1;2.0;6.0;45,2250940000;1,7056740000;
202100009537.0;3;33;33146;1;1;1.0;1.0;45,1059250000; -0,7287030000;
202100009538.0;3;22;22008;2;1;2.0;6.0;48,4135500000; -2,1033250000;
202100009539.0;1;76;76718;1;1;1.0;5.0;49,6156530000;0,6982430000;
202100009540.0;5;60;60139;1;1;2.0;3.0;49,1576184329;2,2579414858;
202100009541.0;1;60;60133;1;2;1.0;3.0;49,5359150000;2,3845270000;