Num_Acc;lum;departement;commune;agglomeration;intersection;meteo;type_collision;lat;long;date
202100009871.0;3;92;92002;1;1;1.0;3.0;48,7602583257;2,2818594708;
202100009872.0;2;91;91661;1;1;1.0;4.0;48,6954700000;2,2345100000;
202100009873.0;4;91;91086;1;1;2.0;7.0;48,6232000000;2,3889900000;
202100009874.0;3;91;91086;1;1;2.0;2.0;48,6238100000;2,3754700000;
202100009875.0;3;91;91521;1;1;8.0;2.0;48,6268790000;2,3994400000;
202100009876.0;3;91;91477;1;9;9.0;1.0;48,7237200000;2,2465600000;
202100009877.0;3;92;92012;1;1;1.0;2.0;48,8485611292;2,2295996632;
202100009878.0;5;75;75116;1;1;1.0;3.0;48,8483910000;2,2472970000;
202100009879.0;3;92;92078;1;1;2.0;2.0;48,9302088519;2,3257934269;
202100009880.0;1;95;95042;1;1;1.0;6.0;49,0566410000;2,2884200000;
202100009881.0;3;60;60421;1;1;1.0;2.0;49,1760860947;2,6022877692;
202100009882.0;3;95;95572;1;1;1.0;6.0;49,0355980000;2,1172360000;
202100009883.0;4;60;60612;1;1;8.0;4.0;49,1928020000;2,6032990000;
202100009884.0;3;95;95572;1;1;2.0;6.0;49,0338681278;2,1113988159;
202100009885.0;1;93;93039;1;1;8.0;4.0;48,9266789645;2,3358397729;
202100009886.0;1;92;92036;1;1;1.0;4.0;48,9339953804;2,3205880188;
202100009887.0;1;94;94028;1;1;1.0;2.0;48,7981580773;2,4447797986;
202100009888.0;1;77;77146;1;1;1.0;4.0;48,8319870876;2,6512725706;
202100009889.0;3;94;94073;1;1;2.0;6.0;48,7592916531;2,3835324056;
202100009890.0;5;78;78646;2;1;1.0;6.0;48,7987690000;2,1413980000;
202100009891.0;1;974;97411;2;2;1.0;3.0; -20,8766600000;55,4481900000;
202100009892.0;1;974;97411;2;1;1.0;3.0; -20,8913600000;55,4096700000;
202100009893.0;5;972;97213;1;1;1.0;2.0;14,6083610000; -61,0051120000;
202100009894.0;1;971;97105;2;9;1.0;5.0;16,0048700000; -61,7300200000;
202100009895.0;5;2A;2A004;1;1;1.0;1.0;41,9370814614;8,7359521064;
202100009896.0;5;91;91377;2;1;1.0;6.0;48,7223680000;2,2619920000;
202100009897.0;1;91;91479;2;1;1.0;4.0;48,7105400000;2,3581400000;
202100009898.0;1;83;83126;2;1;2.0;5.0;43,1146500000;5,8567700000;
202100009899.0;1;83;83009;2;1;1.0;6.0;43,1468000000;5,7652600000;
202100009900.0;5;77;77243;2;1;2.0;6.0;48,8764200000;2,7216300000;
202100009901.0;1;76;76319;1;1;1.0;7.0;49,3540300000;1,0297500000;
202100009902.0;5;69;69266;2;2;1.0;2.0;45,7693400000;4,8803200000;
202100009903.0;1;64;64102;2;1;1.0;2.0;43,4873600000; -1,4848000000;
202100009904.0;1;64;64102;2;1;1.0;7.0;43,5013500000; -1,4789600000;
202100009905.0;1;59;59650;2;2;2.0;1.0;50,7098109131;3,1936320662;
202100009906.0;1;56;56260;1;1;2.0;7.0;47,6601500000; -2,7065600000;
202100009907.0;1;44;44109;1;1;1.0;2.0;47,2663700000; -1,5848600000;
202100009908.0;1;33;33063;2;1;2.0;2.0;44,8637200000; -0,5577600000;
202100009909.0;2;31;31555;2;1;2.0;6.0;43,5635800000;1,4188400000;
202100009910.0;5;31;31555;2;1;2.0;1.0;43,5797300000;1,3965100000;
202100009911.0;1;25;25056;2;3;7.0;3.0;47,2463800000;6,0561550000;
202100009912.0;5;17;17333;2;9;1.0;6.0;45,6095580000; -1,0026400000;
202100009913.0;1;14;14715;2;9;1.0;3.0;49,3627800000;0,0851800000;
202100009914.0;3;13;13117;1;9;1.0;6.0;43,4410700000;5,2372100000;
202100009915.0;2;06;06088;2;2;2.0;3.0;43,7116800000;7,2843300000;
202100009916.0;2;75;75120;2;4;2.0;2.0;48,8765340000;2,4096450000;
202100009917.0;3;75;75114;2;3;1.0;6.0;48,8312110000;2,3297840000;
202100009918.0;5;75;75120;2;1;2.0;3.0;48,8634250000;2,3896460000;
202100009919.0;5;75;75106;2;7;1.0;7.0;48,8576660000;2,3371710000;
202100009920.0;1;75;75105;2;7;1.0;2.0;48,8465220000;2,3472550000;
202100009921.0;1;75;75120;2;3;1.0;6.0;48,8531820000;2,4088110000;
202100009922.0;1;75;75119;2;4;1.0;2.0;48,8751780000;2,3736920000;
202100009923.0;1;75;75118;2;2;1.0;3.0;48,8976260000;2,3290140000;
202100009924.0;5;75;75118;2;4;1.0;3.0;48,8926930000;2,3487500000;
202100009925.0;1;75;75117;2;2;1.0;3.0;48,8889440000;2,3179770000;
202100009926.0;1;75;75116;2;1;2.0;3.0;48,8735710000;2,2923310000;
202100009927.0;5;75;75105;2;3;2.0;6.0;48,8501660000;2,3481470000;
202100009928.0;1;75;75110;2;2;1.0;2.0;48,8795310000;2,3572220000;
202100009929.0;5;75;75107;2;2;1.0;6.0;48,8562340000;2,3049090000;
202100009930.0;5;75;75103;2;2;2.0;7.0;48,8612430000;2,3582090000;
202100009931.0;5;75;75101;2;2;1.0;6.0;48,8585410000;2,3482360000;
202100009932.0;2;94;94033;2;2;1.0;1.0;48,8521970000;2,4945110000;
202100009933.0;3;77;77291;2;1;1.0;2.0;49,0046000000;2,5845300000;
202100009934.0;2;93;93059;2;1;2.0;6.0;48,9560000000;2,3667800000;
202100009935.0;1;93;93072;2;6;1.0;3.0;48,9629740804;2,3772784951;
202100009936.0;2;93;93066;2;1;1.0;5.0;48,9188095789;2,3577934445;
202100009937.0;1;93;93047;2;3;2.0;3.0;48,8993356434;2,5595596433;
202100009938.0;1;92;92072;2;3;1.0;6.0;48,8241772293;2,2105794938;
202100009939.0;5;92;92050;2;2;1.0;3.0;48,8867033333;2,2096413374;
202100009940.0;1;92;92025;2;9;1.0;3.0;48,9222169667;2,2360342741;
202100009941.0;5;92;92012;2;1;1.0;7.0;48,8273518454;2,2470836341;
202100009942.0;1;83;83148;1;1;1.0;6.0;43,4079160000;6,4160160000;
202100009943.0;1;71;71550;1;1;1.0;2.0;46,4967820000;4,8994520000;
202100009944.0;1;62;62520;2;6;1.0;3.0;50,5705130000;2,6663410000;
202100009945.0;2;62;62839;1;1;1.0;6.0;50,1466010000;2,9171060000;
202100009946.0;1;51;51030;2;6;8.0;7.0;49,0509542025;4,0069708228;
202100009947.0;3;56;56240;1;1;1.0;6.0;47,5408610000; -2,6932810000;
202100009948.0;3;74;74165;1;1;1.0;6.0;45,8278050000;5,9885250000;
202100009949.0;3;76;76063;1;2;3.0;3.0;49,7255890000;0,9956790000;
202100009950.0;3;82;82136;1;1;2.0;6.0;43,9028710000;1,3804580000;
202100009951.0;1;32;32160;1;1;8.0;2.0;43,6317270000;1,0652230000;
202100009952.0;1;11;11397;1;1;1.0;5.0;43,2048550000;2,4656050000;
202100009953.0;1;61;61214;2;1;1.0;6.0;48,7564820000;0,6336930000;
202100009954.0;1;61;61288;1;1;1.0;6.0;48,6259930000;0,0386130000;
202100009955.0;1;46;46033;1;1;2.0;6.0;44,4003380000;1,1727910000;
202100009956.0;1;47;47217;1;1;2.0;7.0;44,1926070000;0,7716280000;
202100009957.0;3;29;29093;2;1;1.0;6.0;48,5748960000; -4,4142620000;
202100009958.0;3;38;38189;1;1;6.0;1.0;45,6117330000;5,0524230000;
202100009959.0;1;06;06103;1;1;1.0;3.0;43,9979860000;7,3170230000;
202100009960.0;1;06;06079;2;1;1.0;6.0;43,5549930000;6,9412970000;
202100009961.0;1;50;50168;2;1;7.0;6.0;48,6194250000; -1,2915940000;
202100009962.0;3;50;50589;1;1;1.0;2.0;48,5811820000; -1,4409580000;
202100009963.0;3;21;21150;1;3;2.0;3.0;46,9320960000;4,7400860000;
202100009964.0;1;40;40259;1;1;8.0;7.0;43,8573410000; -0,3046020000;
202100009965.0;3;85;85034;1;1;2.0;6.0;46,6271290000; -1,1614130000;
202100009966.0;1;06;06084;2;1;7.0;6.0;43,6224190000;6,9686150000;
202100009967.0;1;33;33042;1;1;1.0;2.0;44,4756040000; -0,8267580000;
202100009968.0;3;28;28363;1;9;2.0;2.0;48,4069990000;1,8952750000;
202100009969.0;1;973;97308;2;1;2.0;6.0;3,8903670000; -51,8007740000;
202100009970.0;1;21;21171;2;6;1.0;3.0;47,2982560000;5,1347300000;
202100009971.0;1;45;45226;2;2;1.0;3.0;47,7962780000;2,2534980000;
202100009972.0;5;11;11301;2;4;1.0;6.0;43,2225970000;2,6189090000;
202100009973.0;2;34;34023;1;9;1.0;6.0;43,4485570000;3,7074570000;
202100009974.0;1;34;34081;2;3;1.0;6.0;43,3140310000;3,1402710000;
202100009975.0;1;13;13066;1;3;1.0;1.0;43,8856760000;4,8939850000;
202100009976.0;3;08;08142;1;9;1.0;6.0;49,7142690000;4,8810630000;
202100009977.0;2;69;69200;2;1;9.0;6.0;45,8549493677;4,4712146589;
202100009978.0;1;69;69072;2;2;1.0;2.0;45,8213830000;4,7638930000;
202100009979.0;5;64;64422;2;1;3.0;3.0;43,1932330176; -0,6047844887;
202100009980.0;5;33;33227;2;2;1.0;3.0;44,5543850000; -0,2548100000;
202100009981.0;1;33;33438;1;1;1.0;4.0;44,5709040000; -0,2468600000;
202100009982.0;3;56;56263;1;1;9.0;1.0;47,7036390000; -2,9408220000;
202100009983.0;1;60;60612;1;1;1.0;2.0;49,2116174571;2,6071688775;
202100009984.0;3;59;59477;2;1;1.0;6.0;50,5121920000;2,9065920000;
202100009985.0;2;13;13055;1;1;1.0;4.0;43,3453700000;5,3741700000;
202100009986.0;3;91;91340;1;1;8.0;6.0;48,6088500000;2,4354000000;
202100009987.0;3;91;91521;1;1;1.0;6.0;48,6322000000;2,4010000000;
202100009988.0;1;60;60494;1;1;1.0;4.0;49,1169910000;2,5556070000;
202100009989.0;5;94;94033;1;1;3.0;4.0;48,8552845039;2,4893358452;
202100009990.0;3;94;94004;1;1;1.0;2.0;48,7507114953;2,5144422054;
202100009991.0;2;62;62196;1;1;1.0;6.0;50,4791760000;1,7054930000;
202100009992.0;3;974;97416;1;6;1.0;3.0; -21,3271000000;55,4935000000;
202100009993.0;1;974;97416;1;1;1.0;2.0; -21,3310700000;55,4561400000;
202100009994.0;2;69;69383;2;1;1.0;7.0;45,7579323962;4,8525989056;
202100009995.0;5;69;69383;2;1;2.0;3.0;45,7598500000;4,8413000000;
202100009996.0;3;972;97213;1;1;1.0;6.0;14,6059400000; -61,0032200000;
202100009997.0;3;972;97213;2;1;1.0;1.0;14,6157100000; -60,9899900000;
202100009998.0;5;69;69382;2;1;2.0;2.0;45,7521010000;4,8328370000;
202100009999.0;3;971;97101;1;3;1.0;3.0;16,2996000000; -61,4911700000;
202100010000.0;3;971;97101;1;1;1.0;1.0;16,2642600000; -61,4768900000;
202100010001.0;1;971;97113;1;1;1.0;1.0;16,2341100000; -61,4816900000;
202100010002.0;5;95;95019;2;1;2.0;6.0;48,9843000000;2,4220200000;
202100010003.0;5;91;91377;2;1;1.0;7.0;48,7190500000;2,2643400000;
202100010004.0;1;91;91687;2;1;3.0;6.0;48,6634300000;2,3738500000;
202100010005.0;1;91;91027;2;1;1.0;6.0;48,7058320000;2,3706200000;
202100010006.0;1;91;91469;1;2;1.0;3.0;48,3998400000;2,1745600000;
202100010007.0;1;83;83062;2;6;1.0;2.0;43,1291800000;6,0119100000;
202100010008.0;1;83;83129;2;1;3.0;3.0;43,0884500000;5,8101000000;
202100010009.0;5;78;78146;2;9;2.0;6.0;48,9003100000;2,1480200000;
202100010010.0;1;78;78486;2;1;2.0;6.0;48,6891400000;1,8515300000;
202100010011.0;1;77;77495;2;1;3.0;6.0;48,5612100000;2,6337380000;
202100010012.0;5;76;76259;2;9;1.0;3.0;49,7601700000;0,3690700000;
202100010013.0;1;69;69266;2;5;1.0;3.0;45,7520700000;4,9025600000;
202100010014.0;1;64;64132;2;1;2.0;3.0;43,3027420000; -0,3196090000;
202100010015.0;1;60;60159;2;2;2.0;3.0;49,4195700000;2,8237920000;
202100010016.0;5;54;54274;2;1;2.0;6.0;48,6667937419;6,2121328712;
202100010017.0;5;51;51454;2;3;1.0;2.0;49,2570445520;4,0231485715;
202100010018.0;5;49;49007;2;1;1.0;1.0;47,4871500000; -0,5390600000;
202100010019.0;1;49;49007;1;1;1.0;6.0;47,4645800000; -0,5734700000;
202100010020.0;4;41;41269;2;1;1.0;6.0;47,8016200000;1,0682300000;
202100010021.0;1;33;33318;2;1;1.0;6.0;44,7809700000; -0,6588900000;
202100010022.0;5;31;31069;1;1;2.0;2.0;43,6256900000;1,3849100000;
202100010023.0;5;31;31555;2;7;1.0;7.0;43,5907400000;1,4532800000;
202100010024.0;1;27;27229;2;1;3.0;3.0;49,0225700000;1,1723900000;
202100010025.0;5;25;25031;2;1;2.0;2.0;47,4831350000;6,8404460000;
202100010026.0;1;25;25056;2;1;1.0;7.0;47,2552410000;6,0324560000;
202100010027.0;1;17;17306;2;1;1.0;6.0;45,6280300000; -1,0311600000;
202100010028.0;1;14;14271;1;1;1.0;6.0;49,1395100000; -0,3670900000;
202100010029.0;3;13;13019;1;1;2.0;7.0;43,4653800000;5,3399000000;
202100010030.0;5;13;13215;2;3;1.0;3.0;43,3423708654;5,3597691433;
202100010031.0;5;13;13206;2;2;1.0;3.0;43,2903300000;5,3758200000;
202100010032.0;5;10;10387;2;2;2.0;3.0;48,2948700000;4,0818400000;
202100010033.0;1;10;10333;2;2;1.0;3.0;48,2741100000;4,0583100000;
202100010034.0;1;10;10387;2;2;1.0;3.0;48,3052200000;4,0741900000;
202100010035.0;3;06;06069;1;1;2.0;6.0;43,6452030000;6,8945750000;
202100010036.0;1;04;04112;2;1;2.0;3.0;43,8230751000;5,7876289000;
202100010037.0;1;75;75118;2;1;8.0;2.0;48,9010410000;2,3507640000;
202100010038.0;5;75;75120;2;4;1.0;3.0;48,8688350000;2,4132580000;
202100010039.0;1;75;75120;2;1;2.0;3.0;48,8535680000;2,4140400000;
202100010040.0;5;75;75117;2;4;1.0;4.0;48,8963730000;2,3103230000;
202100010041.0;1;75;75115;2;7;2.0;4.0;48,8323993837;2,2889462113;
202100010042.0;1;75;75112;2;3;2.0;3.0;48,8437000000;2,4100970000;
202100010043.0;4;75;75110;2;1;2.0;3.0;48,8767800000;2,3609870000;
202100010044.0;5;75;75109;2;1;1.0;3.0;48,8817050000;2,3368440000;
202100010045.0;1;75;75103;2;4;3.0;7.0;48,8664620000;2,3647740000;
202100010046.0;5;75;75101;2;5;1.0;2.0;48,8699100000;2,3278890000;
202100010047.0;3;94;94060;1;1;8.0;6.0;48,7815700000;2,5656400000;
202100010048.0;5;94;94017;2;1;2.0;2.0;48,8292000000;2,4931800000;
202100010049.0;1;94;94071;2;1;2.0;7.0;48,7662900000;2,5250800000;
202100010050.0;5;93;93073;2;6;2.0;6.0;48,9455200000;2,5667000000;
202100010051.0;5;93;93077;2;2;1.0;3.0;48,8828000000;2,5142700000;
202100010052.0;1;93;93050;2;9;3.0;3.0;48,8737615417;2,5317706158;
202100010053.0;5;93;93048;2;1;2.0;3.0;48,8622888708;2,4732945939;
202100010054.0;5;93;93046;2;1;1.0;2.0;48,9135900000;2,5177800000;
202100010055.0;1;93;93010;2;1;2.0;2.0;48,9081320000;2,4801860000;
202100010056.0;5;92;92040;2;1;2.0;3.0;48,8196900000;2,2564300000;
202100010057.0;5;92;92025;2;9;8.0;3.0;48,9313530000;2,2669480000;
202100010058.0;5;92;92002;2;1;1.0;7.0;48,7649000000;2,3095800000;
202100010059.0;1;37;37035;1;2;1.0;3.0;46,9850432541;0,3276259225;
202100010060.0;1;2A;2A211;1;1;2.0;6.0;41,8005390000;8,9670490000;
202100010061.0;1;41;41282;2;1;1.0;1.0;47,3597460000;1,7774270000;
202100010062.0;1;45;45187;2;6;1.0;4.0;47,8826430000;2,5180900000;
202100010063.0;5;84;84137;2;1;1.0;7.0;44,2365140000;5,0849960000;
202100010064.0;1;86;86202;1;1;1.0;6.0;46,6361090000;0,7534170000;
202100010065.0;3;54;54476;1;3;1.0;1.0;49,4566880645;5,4782724382;
202100010066.0;3;34;34270;2;1;8.0;1.0;43,5914530000;3,8192620000;
202100010067.0;3;34;34169;2;1;2.0;1.0;43,6655740000;3,8661580000;
202100010068.0;5;91;91553;2;1;2.0;7.0;48,6264870000;2,4958320000;
202100010069.0;1;51;51367;2;3;1.0;3.0;48,9508083083;4,0299517168;
202100010070.0;1;2A;2A139;1;1;2.0;6.0;41,6863980000;9,3218670000;
202100010071.0;3;61;61508;1;1;1.0;6.0;48,9188610000;0,1873250000;
202100010072.0;3;61;61284;1;1;3.0;7.0;48,5807130000;0,3412520000;
202100010073.0;1;68;68041;1;9;1.0;2.0;47,8847330000;7,5538950000;
202100010074.0;1;39;39434;2;1;1.0;7.0;46,8358490000;5,7085640000;
202100010075.0;3;25;25039;2;9;3.0;6.0;47,1359420000;6,4359440000;
202100010076.0;1;25;25156;1;1;2.0;3.0;47,3987100000;6,5087130000;
202100010077.0;1;38;38504;1;1;1.0;3.0;45,3040030000;5,9866850000;
202100010078.0;1;03;03264;1;1;1.0;6.0;46,0638470000;3,4570600000;
202100010079.0;1;58;58131;2;1;8.0;3.0;47,0868060000;3,1967850000;
202100010080.0;3;54;54010;1;1;2.0;6.0;48,5557903639;5,8220243456;
202100010081.0;1;72;72051;2;9;1.0;3.0;47,8231170000;0,0716500000;
202100010082.0;3;14;14745;1;1;2.0;7.0;49,3661170000; -0,9050420000;
202100010083.0;3;14;14547;1;1;2.0;7.0;49,2818400000; -0,8908060000;
202100010084.0;3;83;83046;1;1;1.0;7.0;43,5171710000;6,1604710000;
202100010085.0;1;64;64256;2;1;3.0;3.0;43,4000180000; -1,3127570000;
202100010086.0;1;36;36012;2;1;1.0;3.0;46,4890871883;1,5627062915;
202100010087.0;3;16;16272;1;1;1.0;7.0;45,8727480000;0,1949320000;
202100010088.0;1;21;21425;2;1;7.0;6.0;47,6268830000;4,3387570000;
202100010089.0;1;85;85234;2;1;8.0;6.0;46,8069520000; -2,1006740000;
202100010090.0;1;27;27572;1;9;1.0;7.0;49,2171695883;0,8657666548;
202100010091.0;3;17;17485;1;1;1.0;6.0;45,8686460000; -1,2310050000;
202100010092.0;3;52;52529;2;1;2.0;6.0;47,7397420000;5,2855830000;
202100010093.0;1;67;67498;2;1;8.0;7.0;48,8782350000;7,5811430000;
202100010094.0;3;38;38553;2;1;3.0;5.0;45,6100380000;5,1563160000;
202100010095.0;1;95;95042;1;1;7.0;5.0;49,0571220000;2,2970870000;
202100010096.0;3;01;01032;1;1;3.0;2.0;45,8630710000;5,1545630000;
202100010097.0;1;2B;2B059;1;1;2.0;1.0;42,4824471171;9,1977882388;
202100010098.0;2;2B;2B289;1;1;2.0;7.0;42,3571210000;9,1723180000;
202100010099.0;2;13;13013;1;1;2.0;1.0;43,4168630000;5,5800520000;
202100010100.0;1;67;67266;1;1;1.0;2.0;48,4636240000;7,6513120000;
202100010101.0;1;69;69269;1;1;1.0;1.0;45,6980340000;4,6077780000;
202100010102.0;4;33;33496;1;1;1.0;7.0;44,8309780000; -0,3994610000;
202100010103.0;1;35;35004;2;1;1.0;7.0;48,4612230000; -1,4842490000;
202100010104.0;5;60;60139;2;1;1.0;1.0;49,1613890000;2,2452880000;
202100010105.0;1;62;62867;1;1;3.0;6.0;50,7864320000;1,6734300000;
202100010106.0;3;59;59250;1;6;1.0;6.0;50,5846130000;2,9083090000;
202100010107.0;3;13;13043;1;1;1.0;7.0;43,3838200000;5,2325300000;
202100010108.0;1;13;13001;1;1;3.0;7.0;43,5140170000;5,4269500000;
202100010109.0;1;33;33096;1;1;2.0;4.0;44,8907510000; -0,5025310000;
202100010110.0;3;92;92050;1;1;1.0;6.0;48,8920240083;2,1787115629;
202100010111.0;3;60;60494;1;1;9.0;4.0;49,1281830000;2,5582510000;
202100010112.0;1;95;95582;1;1;2.0;6.0;48,9627800000;2,2631300000;
202100010113.0;1;93;93053;1;1;2.0;2.0;48,8923100000;2,4727800000;
202100010114.0;1;95;95572;1;1;3.0;2.0;49,0349790000;2,1146810000;
202100010115.0;3;95;95306;1;1;1.0;2.0;49,0035500000;2,1683000000;
202100010116.0;3;95;95572;1;1;2.0;6.0;49,0340400000;2,1128400000;
202100010117.0;1;95;95572;1;1;1.0;2.0;49,0343900000;2,1132200000;
202100010118.0;1;60;60494;1;3;2.0;3.0;49,1353300000;2,5656700000;
202100010119.0;1;93;93027;1;1;2.0;3.0;48,9286500000;2,4154700000;
202100010120.0;1;95;95572;1;1;2.0;6.0;49,0338573374;2,1113688831;
202100010121.0;1;93;93027;1;1;3.0;1.0;48,9320300000;2,4032900000;
202100010122.0;3;95;95582;1;1;2.0;4.0;48,9661269472;2,2572009594;
202100010123.0;3;75;75112;1;1;1.0;2.0;48,8188000000;2,4578000000;
202100010124.0;1;94;94028;1;1;2.0;3.0;48,7998371470;2,4462785908;
202100010125.0;1;94;94028;1;1;2.0;6.0;48,7709200000;2,4473500000;
202100010126.0;5;37;37261;2;3;2.0;3.0;47,3641670015;0,7038908062;
202100010127.0;1;971;97101;2;1;1.0;2.0;16,2703800000; -61,5160200000;
202100010128.0;1;974;97416;1;9;1.0;2.0; -21,3322000000;55,4574000000;
202100010129.0;1;973;97302;2;2;1.0;3.0;4,9214756076; -52,3193857670;
202100010130.0;1;69;69383;2;2;1.0;3.0;45,7536700000;4,8594100000;
202100010131.0;1;69;69259;2;2;1.0;6.0;45,7242200000;4,8714500000;
202100010132.0;5;69;69383;2;2;1.0;3.0;45,7526549288;4,8508554697;
202100010133.0;1;972;97213;2;1;1.0;4.0;14,6074000000; -61,0042900000;
202100010134.0;1;972;97209;2;1;2.0;3.0;14,6174500000; -61,0618900000;
202100010135.0;5;69;69385;2;1;1.0;7.0;45,7512000000;4,8159000000;
202100010136.0;1;69;69385;2;1;1.0;6.0;45,7545100000;4,7879000000;
202100010137.0;1;91;91027;2;1;2.0;2.0;48,7130100000;2,3711900000;
202100010138.0;5;76;76540;2;2;1.0;3.0;49,4325100000;1,0895000000;
202100010139.0;5;69;69275;2;3;1.0;6.0;45,7684300000;4,9403400000;
202100010140.0;1;69;69271;2;1;1.0;7.0;45,7473300000;4,9735000000;
202100010141.0;1;69;69029;2;1;1.0;3.0;45,7284621011;4,8946237564;
202100010142.0;5;64;64122;2;1;9.0;7.0;43,4780200000; -1,5406800000;
202100010143.0;5;64;64102;2;1;1.0;6.0;43,4853500000; -1,4937500000;
202100010144.0;5;59;59183;2;9;2.0;6.0;51,0346400000;2,3861300000;
202100010145.0;5;57;57672;2;1;1.0;6.0;49,3565000000;6,1544600000;
202100010146.0;5;51;51454;2;1;2.0;7.0;49,2587231037;4,0283661605;
202100010147.0;1;49;49007;2;1;1.0;3.0;47,4909200000; -0,5615600000;
202100010148.0;1;49;49267;2;1;1.0;4.0;47,4663000000; -0,5162600000;
202100010149.0;5;37;37261;2;1;8.0;2.0;47,4091970800;0,7206867635;
202100010150.0;3;37;37261;2;1;1.0;4.0;47,3710500000;0,6966200000;
202100010151.0;1;35;35055;1;1;1.0;2.0;48,0775700000; -1,6315000000;
202100010152.0;1;34;34172;2;1;1.0;6.0;43,6063000000;3,8776200000;
202100010153.0;1;34;34172;2;3;2.0;3.0;43,6018500000;3,8846600000;
202100010154.0;5;33;33063;2;2;1.0;3.0;44,8347300000; -0,5783700000;
202100010155.0;5;33;33075;2;2;1.0;3.0;44,8735800000; -0,6172500000;
202100010156.0;1;33;33063;2;3;1.0;3.0;44,8284600000; -0,5620900000;
202100010157.0;1;23;23096;2;1;1.0;2.0;46,1643100000;1,8894600000;
202100010158.0;1;18;18279;2;1;8.0;;47,2283300000;2,0447900000;
202100010159.0;1;13;13214;2;1;3.0;6.0;43,3243833641;5,3823451116;
202100010160.0;5;13;13203;2;1;2.0;7.0;43,3163000000;5,3837700000;
202100010161.0;1;06;06069;2;9;2.0;6.0;43,6602900000;6,9238700000;
202100010162.0;5;03;03185;2;1;1.0;6.0;46,3385300000;2,6045500000;
202100010163.0;5;75;75120;2;4;2.0;7.0;48,8617120000;2,4136970000;
202100010164.0;1;75;75119;2;1;1.0;2.0;48,9003270000;2,3793670000;
202100010165.0;1;75;75116;2;1;1.0;3.0;48,8465750000;2,2548750000;
202100010166.0;5;75;75120;2;2;8.0;3.0;48,8759820000;2,4025780000;
202100010167.0;5;75;75119;2;3;2.0;3.0;48,8947710000;2,3823290000;
202100010168.0;5;75;75118;2;4;1.0;3.0;48,8850595795;2,3267425597;
202100010169.0;5;75;75116;2;3;1.0;3.0;48,8708730000;2,2850450000;
202100010170.0;1;75;75116;2;3;1.0;3.0;48,8540440000;2,2778850000;
202100010171.0;5;75;75111;2;2;2.0;6.0;48,8580422972;2,3716896772;
202100010172.0;5;75;75101;2;2;2.0;6.0;48,8601450000;2,3333610000;
202100010173.0;2;94;94081;2;9;1.0;3.0;48,7945294121;2,3846554756;
202100010174.0;5;94;94028;2;1;1.0;2.0;48,7704000000;2,4561000000;
202100010175.0;1;94;94068;2;3;3.0;7.0;48,7980100000;2,4745700000;
202100010176.0;5;94;94028;2;2;2.0;3.0;48,7688200000;2,4701700000;
202100010177.0;1;94;94053;2;1;2.0;1.0;48,7767700000;2,5408500000;
202100010178.0;5;94;94002;2;1;2.0;6.0;48,8015700000;2,4163200000;
202100010179.0;1;93;93066;2;2;2.0;3.0;48,9181400000;2,3578900000;
202100010180.0;5;93;93048;2;5;2.0;3.0;48,8633400000;2,4665500000;
202100010181.0;4;93;93048;2;1;2.0;6.0;48,8553998871;2,4322056770;
202100010182.0;1;93;93031;2;1;2.0;2.0;48,9437700000;2,3391600000;
202100010183.0;5;93;93008;2;1;3.0;3.0;48,9092800000;2,4488000000;
202100010184.0;5;93;93029;2;1;2.0;2.0;48,9208300000;2,4534400000;
202100010185.0;5;92;92072;2;6;2.0;6.0;48,8264000924;2,2192986310;
202100010186.0;2;92;92062;2;3;2.0;3.0;48,8855343039;2,2514234483;
202100010187.0;1;92;92049;2;1;2.0;2.0;48,8110669391;2,3037332296;
202100010188.0;2;92;92020;2;1;1.0;2.0;48,8068740000;2,2933980000;
202100010189.0;5;92;92020;2;1;1.0;6.0;48,7968380000;2,2804760000;
202100010190.0;3;92;92036;2;1;2.0;6.0;48,9267730562;2,2902056349;
202100010191.0;1;92;92004;2;1;2.0;1.0;48,9168237819;2,3062625527;
202100010192.0;3;01;01074;1;1;2.0;6.0;45,9803200000;5,2075140000;
202100010193.0;1;86;86070;1;3;1.0;3.0;46,5718600000;0,7336040000;
202100010194.0;5;59;59088;1;1;1.0;6.0;50,6517910000;2,8804920000;
202100010195.0;3;34;34114;1;1;2.0;2.0;43,6402990000;3,5745910000;
202100010196.0;2;30;30290;1;1;2.0;6.0;44,2631270000;4,5905900000;
202100010197.0;3;50;50099;1;2;1.0;3.0;49,3080600000; -1,1800700000;
202100010198.0;5;83;83054;2;1;2.0;1.0;43,1581523631;6,0487997532;
202100010199.0;5;77;77182;2;1;2.0;1.0;48,7831050000;3,2929430000;