Num_Acc;lum;departement;commune;agglomeration;intersection;meteo;type_collision;lat;long;date
202100010200.0;3;66;66141;1;1;1.0;6.0;42,7610550000;2,8978050000;
202100010201.0;3;56;56098;1;1;1.0;6.0;47,7786310000; -3,3515270000;
202100010202.0;3;76;76020;1;9;1.0;7.0;49,4414840000;0,8885760000;
202100010203.0;1;80;80620;2;1;3.0;6.0;49,9287790000;2,9321480000;
202100010204.0;3;32;32208;1;1;5.0;6.0;43,9166990000;0,6280770000;
202100010205.0;1;71;71388;2;1;1.0;3.0;46,4970998468;4,2107949434;
202100010206.0;1;63;63072;2;1;1.0;6.0;45,8771760000;3,6976750000;
202100010207.0;3;49;49069;1;1;1.0;6.0;47,2731950000; -1,2469910000;
202100010208.0;3;39;39244;1;1;2.0;6.0;46,7833720000;5,6516270000;
202100010209.0;1;44;44195;1;1;1.0;1.0;47,3410070000; -1,8960640000;
202100010210.0;3;44;44018;1;1;1.0;5.0;47,1421240000; -1,6677330000;
202100010211.0;2;03;03311;2;1;1.0;2.0;46,1382590000;3,0914350000;
202100010212.0;1;03;03085;1;3;1.0;3.0;46,5498190000;3,2457630000;
202100010213.0;1;26;26017;1;1;1.0;6.0;44,6234880000;5,3453530000;
202100010214.0;3;60;60508;1;6;2.0;6.0;49,3080010000;2,6830240000;
202100010215.0;1;43;43007;1;1;1.0;7.0;45,0509830000;4,1804480000;
202100010216.0;3;16;16216;1;1;1.0;6.0;45,6871429662; -0,0809973478;
202100010217.0;1;40;40321;1;1;1.0;1.0;43,6443050000; -0,4359770000;
202100010218.0;5;24;24040;2;1;2.0;1.0;44,8384270000;1,1483290000;
202100010219.0;1;85;85047;2;2;1.0;3.0;46,8349340000; -1,8502270000;
202100010220.0;2;85;85046;1;1;1.0;1.0;46,7032060000; -1,2579690000;
202100010221.0;3;85;85008;1;1;1.0;6.0;46,5878780000; -1,4769970000;
202100010222.0;3;50;50446;1;1;8.0;6.0;49,1286210000; -1,0000000000;
202100010223.0;3;976;97606;1;1;1.0;1.0; -12,8993820000;45,1448500000;
202100010224.0;3;34;34270;1;1;3.0;6.0;43,5627420000;3,8314440000;
202100010225.0;5;987;98712;1;1;1.0;2.0; -17,5308420000; -149,5230670000;
202100010226.0;3;13;13090;1;1;1.0;1.0;43,5190000000;5,5970000000;
202100010227.0;5;77;77183;2;3;1.0;1.0;48,9475210000;3,1332130000;
202100010228.0;3;78;78262;1;1;8.0;1.0;48,8019720000;1,7994660000;
202100010229.0;1;34;34023;2;1;1.0;6.0;43,4376230000;3,6770680000;
202100010230.0;1;71;71360;2;1;2.0;7.0;46,3225064284;4,7521418914;
202100010231.0;1;74;74197;1;1;2.0;1.0;46,1349840000;6,3119300000;
202100010232.0;5;42;42147;2;1;1.0;1.0;45,6049620000;4,0659400000;
202100010233.0;1;38;38376;1;1;1.0;1.0;45,4264310000;5,7752570000;
202100010234.0;2;38;38376;1;1;8.0;7.0;45,4385590000;5,7655640000;
202100010235.0;1;01;01043;2;1;1.0;6.0;45,8356690000;5,0001790000;
202100010236.0;1;60;60241;1;1;1.0;7.0;49,1265220000;2,6359460000;
202100010237.0;1;59;59197;1;1;2.0;1.0;50,5479080000;3,1450720000;
202100010238.0;1;13;13071;1;1;1.0;2.0;43,4123290000;5,2814930000;
202100010239.0;1;13;13085;1;1;3.0;6.0;43,2569890000;5,5930040000;
202100010240.0;5;13;13055;1;1;1.0;7.0;43,3244300000;5,4246500000;
202100010241.0;1;13;13071;1;1;1.0;2.0;43,4125400000;5,2813750000;
202100010242.0;1;13;13215;1;1;1.0;2.0;43,3428770000;5,3761560000;
202100010243.0;1;13;13202;1;1;2.0;6.0;43,3170059801;5,3639681131;
202100010244.0;1;42;42330;1;1;1.0;3.0;45,4782100000;4,3529600000;
202100010245.0;1;54;54115;1;1;1.0;3.0;48,6944700000;6,1046000000;
202100010246.0;1;94;94034;1;1;2.0;2.0;48,7601500000;2,3210700000;
202100010247.0;1;94;94034;1;1;1.0;6.0;48,7588000000;2,3368800000;
202100010248.0;1;94;94034;1;1;2.0;4.0;48,7602012934;2,3206169189;
202100010249.0;5;92;92036;1;1;2.0;7.0;48,9346445248;2,2690583247;
202100010250.0;3;78;78297;1;1;2.0;6.0;48,7879420000;2,0638540000;
202100010251.0;3;78;78007;1;1;2.0;4.0;48,8984440000;2,0058000000;
202100010252.0;3;78;78640;1;1;1.0;3.0;48,7771920000;2,2237500000;
202100010253.0;3;93;93027;1;1;2.0;5.0;48,9384000000;2,3880700000;
202100010254.0;1;93;93005;1;1;2.0;2.0;48,9427982611;2,4781036377;
202100010255.0;1;93;93027;1;1;2.0;7.0;48,9284000000;2,4168900000;
202100010256.0;3;93;93027;1;1;3.0;6.0;48,9279200000;2,4125500000;
202100010257.0;3;93;93027;1;1;2.0;7.0;48,9282500000;2,4119300000;
202100010258.0;5;95;95277;1;1;2.0;6.0;48,9733300000;2,4863300000;
202100010259.0;3;95;95582;1;1;8.0;6.0;48,9659500000;2,2585900000;
202100010260.0;2;95;95154;1;1;3.0;4.0;49,0389500000;2,5423000000;
202100010261.0;3;76;76540;2;2;1.0;6.0;49,4347000000;1,0934700000;
202100010262.0;1;91;91521;2;1;1.0;6.0;48,6422700000;2,4132700000;
202100010263.0;1;974;97411;1;1;2.0;7.0; -20,8908000000;55,3845200000;
202100010264.0;1;973;97302;2;1;1.0;3.0;4,9323800000; -52,3269200000;
202100010265.0;5;69;69388;2;1;1.0;2.0;45,7368700000;4,8527000000;
202100010266.0;1;69;69389;2;1;1.0;6.0;45,7867000000;4,7923500000;
202100010267.0;1;69;69149;2;1;1.0;6.0;45,7195001452;4,8053904661;
202100010268.0;1;971;97120;2;2;2.0;3.0;16,2400600000; -61,5320400000;
202100010269.0;1;95;95598;2;6;7.0;6.0;48,9799330000;2,2920300000;
202100010270.0;5;91;91191;2;9;2.0;3.0;48,7139630000;2,4622600000;
202100010271.0;2;91;91223;1;3;1.0;3.0;48,4047300000;2,2138400000;
202100010272.0;5;87;87085;2;1;1.0;6.0;45,8413700000;1,2461000000;
202100010273.0;1;87;87085;2;1;1.0;2.0;45,8373000000;1,2831300000;
202100010274.0;1;87;87085;2;1;1.0;6.0;45,8379800000;1,2523900000;
202100010275.0;1;87;87085;2;2;1.0;3.0;45,8345400000;1,2265000000;
202100010276.0;2;87;87065;2;3;1.0;3.0;45,8145200000;1,3379200000;
202100010277.0;1;84;84007;2;1;1.0;6.0;43,9212800000;4,8667300000;
202100010278.0;1;77;77378;2;1;3.0;6.0;48,5269820000;2,5527740000;
202100010279.0;1;77;77296;1;1;1.0;6.0;48,6114200000;2,5926500000;
202100010280.0;5;72;72181;2;6;2.0;3.0;47,9829900000;0,2106200000;
202100010281.0;1;72;72181;2;1;1.0;6.0;48,0249900000;0,1794100000;
202100010282.0;1;70;70550;2;1;1.0;3.0;47,6195300000;6,1490000000;
202100010283.0;5;69;69266;2;1;1.0;3.0;45,7729621130;4,8656372213;
202100010284.0;1;69;69290;2;3;1.0;3.0;45,6961100000;4,9476500000;
202100010285.0;5;69;69029;2;6;1.0;3.0;45,7347300000;4,9052600000;
202100010286.0;1;69;69290;2;2;1.0;3.0;45,6943600000;4,9411600000;
202100010287.0;1;69;69266;2;1;1.0;6.0;45,7754000000;4,8639000000;
202100010288.0;3;66;66136;2;1;1.0;3.0;42,6924500000;2,8796300000;
202100010289.0;1;65;65440;2;2;2.0;3.0;43,2347850000;0,0797730000;
202100010290.0;1;65;65286;2;3;1.0;3.0;43,1049900000; -0,0414700000;
202100010291.0;5;64;64102;2;1;2.0;5.0;43,5135300000; -1,4361300000;
202100010292.0;1;64;64024;2;1;2.0;3.0;43,4970500000; -1,5066800000;
202100010293.0;1;64;64102;2;6;2.0;7.0;43,5004200000; -1,4813900000;
202100010294.0;1;64;64024;1;1;1.0;2.0;43,4533800000; -1,4976400000;
202100010295.0;1;63;63300;1;1;1.0;4.0;45,9011600000;3,1330600000;
202100010296.0;5;62;62498;2;3;1.0;3.0;50,4372440000;2,8385920000;
202100010297.0;3;62;62848;2;1;1.0;6.0;50,5067740000;2,6505840000;
202100010298.0;5;59;59279;1;1;1.0;7.0;50,7696800000;3,1050900000;
202100010299.0;1;59;59350;2;1;1.0;3.0;50,6219400000;3,0885200000;
202100010300.0;2;59;59178;2;6;1.0;3.0;50,3974000000;3,1039000000;
202100010301.0;3;58;58194;2;6;1.0;7.0;46,9952000000;3,1683000000;
202100010302.0;5;58;58194;2;3;1.0;3.0;46,9873600000;3,1364300000;
202100010303.0;1;54;54431;2;1;1.0;6.0;48,9029000000;6,0555700000;
202100010304.0;1;54;54265;1;5;1.0;3.0;48,6474400000;6,1823900000;
202100010305.0;2;54;54159;1;1;1.0;6.0;48,6290900000;6,3634400000;
202100010306.0;5;51;51454;2;2;1.0;4.0;49,2545300000;4,0482300000;
202100010307.0;5;51;51454;2;3;3.0;7.0;49,2418586986;4,0410338625;
202100010308.0;5;51;51172;2;6;1.0;7.0;49,2163646916;4,0503668242;
202100010309.0;1;49;49015;2;2;1.0;3.0;47,4970200000; -0,5890800000;
202100010310.0;1;49;49007;2;1;1.0;7.0;47,4667900000; -0,5538400000;
202100010311.0;5;49;49055;2;1;1.0;7.0;47,5155500000; -0,5695900000;
202100010312.0;5;49;49007;2;1;1.0;6.0;47,4765500000; -0,5539900000;
202100010313.0;1;47;47323;2;2;1.0;3.0;44,4079660000;0,7077060000;
202100010314.0;5;45;45234;2;7;2.0;2.0;47,9075300000;1,9062200000;
202100010315.0;2;45;45234;2;2;2.0;3.0;47,9176000000;1,8986300000;
202100010316.0;5;37;37261;2;1;1.0;6.0;47,3628100000;0,6963400000;
202100010317.0;5;37;37261;2;3;1.0;3.0;47,4103946447;0,7066217521;
202100010318.0;1;35;35238;2;1;7.0;2.0;48,1001500000; -1,6504300000;
202100010319.0;1;34;34032;2;1;1.0;3.0;43,3379100000;3,1836200000;
202100010320.0;1;34;34003;2;6;1.0;3.0;43,2857200000;3,5135600000;
202100010321.0;1;33;33281;2;9;8.0;6.0;44,8295500000; -0,6621600000;
202100010322.0;1;33;33032;2;1;1.0;3.0;44,9158300000; -0,5094900000;
202100010323.0;1;31;31555;2;1;1.0;3.0;43,6395400000;1,4111400000;
202100010324.0;1;27;27701;1;1;1.0;2.0;49,2491400000;1,1854600000;
202100010325.0;5;27;27701;2;1;1.0;1.0;49,2758800000;1,2111100000;
202100010326.0;2;19;19031;2;3;1.0;3.0;45,1687100000;1,5312100000;
202100010327.0;1;17;17300;2;1;2.0;2.0;46,1442900000; -1,1530600000;
202100010328.0;5;17;17300;2;1;1.0;6.0;46,1603700000; -1,1471800000;
202100010329.0;3;14;14167;2;1;1.0;3.0;49,2041630000; -0,3088680000;
202100010330.0;1;14;14118;2;1;1.0;6.0;49,1804000000; -0,3504200000;
202100010331.0;1;14;14437;2;9;1.0;3.0;49,1829000000; -0,3192000000;
202100010332.0;1;13;13202;2;1;1.0;2.0;43,3272800000;5,3575200000;
202100010333.0;1;13;13202;2;1;1.0;1.0;43,2991000000;5,3716600000;
202100010334.0;1;13;13205;2;2;1.0;6.0;43,2877700000;5,3901200000;
202100010335.0;2;10;10387;2;1;2.0;7.0;48,3016600000;4,0821500000;
202100010336.0;1;10;10333;2;6;1.0;3.0;48,2700240000;4,0498520000;
202100010337.0;3;06;06088;2;1;1.0;6.0;43,7097520000;7,2894280000;
202100010338.0;2;06;06027;2;1;1.0;6.0;43,6633180000;7,1471160000;
202100010339.0;1;02;02691;2;1;1.0;6.0;49,8399600000;3,2880700000;
202100010340.0;5;75;75117;2;1;1.0;2.0;48,8989860000;2,3172920000;
202100010341.0;5;75;75112;2;1;1.0;3.0;48,8367860000;2,4126110000;
202100010342.0;5;75;75113;2;1;1.0;6.0;48,8328270000;2,3445900000;
202100010343.0;1;75;75105;2;3;1.0;3.0;48,8418580000;2,3631510000;
202100010344.0;5;75;75120;2;2;1.0;3.0;48,8644210000;2,3980710000;
202100010345.0;5;75;75119;2;2;2.0;3.0;48,8784430000;2,3742900000;
202100010346.0;5;75;75119;2;5;1.0;6.0;48,8776810000;2,3956130000;
202100010347.0;1;75;75116;2;3;1.0;2.0;48,8579300000;2,2879140000;
202100010348.0;1;75;75115;2;4;1.0;7.0;48,8296850000;2,3017560000;
202100010349.0;1;75;75114;2;2;2.0;3.0;48,8375420000;2,3230240000;
202100010350.0;2;75;75114;2;4;1.0;7.0;48,8386890000;2,3366660000;
202100010351.0;5;75;75113;2;1;1.0;2.0;48,8231720000;2,3742970000;
202100010352.0;1;75;75113;2;3;3.0;2.0;48,8388530000;2,3609930000;
202100010353.0;1;75;75111;2;3;3.0;6.0;48,8554840000;2,3818180000;
202100010354.0;1;75;75110;2;3;2.0;6.0;48,8740790000;2,3703510000;
202100010355.0;5;75;75109;2;3;1.0;6.0;48,8799470000;2,3402680000;
202100010356.0;1;75;75102;2;4;1.0;3.0;48,8647540000;2,3454670000;
202100010357.0;1;75;75108;2;7;2.0;4.0;48,8667820000;2,3220810000;
202100010358.0;1;94;94068;2;9;2.0;3.0;48,8071900000;2,4753300000;
202100010359.0;1;94;94028;2;3;2.0;6.0;48,7828100000;2,4641220000;
202100010360.0;1;94;94068;2;2;7.0;6.0;48,7933900000;2,4786300000;
202100010361.0;5;94;94073;2;2;1.0;3.0;48,7604412986;2,3994555645;
202100010362.0;1;94;94073;2;9;1.0;3.0;48,7565800000;2,3691200000;
202100010363.0;2;94;94028;2;1;1.0;6.0;48,7745661383;2,4417757988;
202100010364.0;2;94;94028;2;1;1.0;1.0;48,7986700000;2,4511500000;
202100010365.0;5;94;94073;2;2;2.0;3.0;48,7706500000;2,4013300000;
202100010366.0;1;94;94073;2;1;1.0;3.0;48,7733600000;2,3995700000;
202100010367.0;5;94;94048;2;4;1.0;6.0;48,7307400000;2,5532700000;
202100010368.0;1;93;93071;2;2;2.0;3.0;48,9390356505;2,5148505972;
202100010369.0;5;93;93070;2;9;2.0;3.0;48,9113700000;2,3337000000;
202100010370.0;1;93;93066;2;1;1.0;6.0;48,9448942085;2,3537627008;
202100010371.0;1;93;93066;2;2;1.0;3.0;48,9231100000;2,3705900000;
202100010372.0;1;93;93066;2;3;1.0;3.0;48,9181622246;2,3571313876;
202100010373.0;1;93;93053;2;1;1.0;6.0;48,8904207548;2,4523967773;
202100010374.0;5;93;93053;2;1;1.0;1.0;48,8864484919;2,4468584100;
202100010375.0;1;93;93063;2;9;1.0;3.0;48,8937022380;2,4357463924;
202100010376.0;1;93;93047;2;1;2.0;3.0;48,8986700000;2,5500300000;
202100010377.0;1;93;93005;2;1;1.0;6.0;48,9420056734;2,4977325894;
202100010378.0;1;93;93001;2;9;2.0;6.0;48,9237047472;2,3692381382;
202100010379.0;1;92;92022;2;1;7.0;6.0;48,8176300000;2,1964400000;
202100010380.0;1;92;92062;2;1;2.0;5.0;48,8808740000;2,2456950000;
202100010381.0;1;92;92049;2;1;1.0;3.0;48,8135190000;2,3182690000;
202100010382.0;1;92;92040;2;1;2.0;6.0;48,8205800000;2,2631100000;
202100010383.0;1;92;92040;2;1;2.0;7.0;48,8298062073;2,2647634149;
202100010384.0;1;92;92036;2;1;2.0;7.0;48,9283720000;2,2990470000;
202100010385.0;5;92;92024;2;1;1.0;7.0;48,8994241727;2,3136810731;
202100010386.0;5;92;92024;2;2;1.0;6.0;48,9053480213;2,3102394777;
202100010387.0;1;92;92023;2;1;2.0;6.0;48,7885588615;2,2593346238;
202100010388.0;1;92;92012;2;1;3.0;7.0;48,8263545059;2,2400274500;
202100010389.0;1;92;92004;2;9;2.0;1.0;48,9112177214;2,2932667785;
202100010390.0;1;01;01443;2;1;1.0;3.0;46,0012840000;5,0228440000;
202100010391.0;3;91;91079;1;2;2.0;3.0;48,3736590000;2,1647250000;
202100010392.0;3;41;41223;1;1;2.0;7.0;47,6139890000;1,2217570000;
202100010393.0;1;83;83107;1;1;1.0;5.0;43,4592532005;6,6005086899;
202100010394.0;3;972;97210;1;1;1.0;3.0;14,6126020000; -60,9183420000;
202100010395.0;1;12;12131;1;1;1.0;6.0;44,4104780000;2,6372550000;
202100010396.0;3;22;22259;1;1;3.0;7.0;48,4603870000; -2,0718880000;
202100010397.0;3;48;48099;1;1;2.0;6.0;44,5423540000;3,2571510000;
202100010398.0;1;91;91225;1;1;2.0;2.0;48,6607950000;2,5173070000;
202100010399.0;1;51;51287;1;1;1.0;7.0;49,0933360557;3,9403481312;
202100010400.0;3;56;56136;1;1;2.0;6.0;47,8629280000; -2,1848850000;
202100010401.0;3;2B;2B343;2;1;1.0;6.0;42,4935870000;9,4723710000;
202100010402.0;1;82;82112;2;1;1.0;1.0;44,1013720109;1,0736951675;
202100010403.0;1;11;11304;1;1;1.0;7.0;42,8794230000;2,1689410000;
202100010404.0;5;63;63207;1;1;1.0;6.0;45,6580430000;3,6750130000;
202100010405.0;1;76;76435;1;1;8.0;7.0;49,9668875276;1,4559657289;
202100010406.0;3;49;49223;2;1;1.0;6.0;47,4057730000; -0,5260180000;
202100010407.0;3;42;42172;1;1;6.0;6.0;45,3795341162;4,4397651988;
202100010408.0;1;44;44029;2;6;1.0;3.0;47,2674330000; -1,3420270000;
202100010409.0;1;01;01266;2;2;1.0;7.0;46,3361060524;5,1291641593;
202100010410.0;1;14;14623;2;1;1.0;3.0;49,1091210000; -0,3742220000;
202100010411.0;1;05;05132;2;1;1.0;6.0;44,6780030000;6,0829090000;
202100010412.0;1;83;83012;1;1;1.0;6.0;43,5528922371;5,9974837303;
202100010413.0;3;07;07181;1;1;2.0;7.0;44,7560360000;4,7650520000;
202100010414.0;3;53;53158;1;1;1.0;7.0;48,0286420000; -0,9359940000;
202100010415.0;5;24;24352;2;2;8.0;6.0;45,2482550000;0,3401200000;
202100010416.0;1;04;04160;1;1;1.0;6.0;43,8661767535;5,6843733788;
202100010417.0;1;04;04219;1;1;8.0;7.0;44,0560785193;6,5786862373;
202100010418.0;3;85;85234;1;6;1.0;6.0;46,7958230000; -2,0106755000;
202100010419.0;1;85;85024;2;1;1.0;6.0;46,9380790000; -1,8719300000;
202100010420.0;4;28;28191;2;1;1.0;1.0;48,5941070000;1,6780170000;
202100010421.0;1;52;52386;1;1;1.0;7.0;48,6608370000;4,8056170000;
202100010422.0;1;35;35352;1;6;1.0;3.0;48,0446930000; -1,6076950000;
202100010423.0;3;973;97309;1;1;1.0;3.0;4,8924230000; -52,2896650000;
202100010424.0;5;987;98738;1;1;1.0;2.0; -17,6047600000; -149,6131680000;
202100010425.0;1;987;98745;2;3;3.0;3.0; -16,6308330000; -151,5040280000;
202100010426.0;1;06;06085;1;1;1.0;2.0;43,5781060000;6,9845340000;
202100010427.0;3;33;33164;1;1;2.0;1.0;44,5599050000; -0,2920030000;
202100010428.0;3;69;69077;1;1;1.0;4.0;46,1485170000;4,7699550000;
202100010429.0;3;77;77477;1;1;2.0;3.0;48,3403630000;2,5911000000;
202100010430.0;3;33;33229;1;6;1.0;2.0;44,7783700000; -1,0182440000;
202100010431.0;3;77;77031;1;1;1.0;3.0;48,6840050000;2,9385850000;
202100010432.0;1;78;78033;2;3;2.0;2.0;48,9286110000;1,8475220000;
202100010433.0;3;34;34249;1;1;2.0;6.0;43,7282720000;3,9833160000;
202100010434.0;1;05;05038;1;1;2.0;1.0;44,7677150000;6,8320210000;
202100010435.0;3;13;13007;1;1;2.0;6.0;43,3300950000;5,6828070000;
202100010436.0;1;13;13022;1;1;1.0;1.0;43,2148720000;5,5807970000;
202100010437.0;1;13;13072;1;1;1.0;7.0;43,4204480000;5,6170820000;
202100010438.0;2;71;71555;2;1;1.0;3.0;46,7141610000;4,8638560000;
202100010439.0;1;21;21292;2;1;7.0;6.0;47,2414390000;5,2233980000;
202100010440.0;5;52;52449;2;3;1.0;1.0;47,8362410000;5,3310030000;
202100010441.0;1;67;67067;2;1;7.0;6.0;48,7308350000;7,7088110000;
202100010442.0;2;38;38382;2;2;1.0;3.0;45,2427600000;5,6706890000;
202100010443.0;1;69;69069;2;3;1.0;3.0;45,7459180000;4,7323940000;
202100010444.0;1;49;49020;1;1;1.0;1.0;47,4579620000; -0,6414360000;
202100010445.0;1;22;22093;1;1;1.0;1.0;48,4947960000; -2,4990460000;
202100010446.0;1;35;35218;1;2;1.0;3.0;47,9270480000; -1,6168250000;
202100010447.0;1;76;76385;1;1;1.0;7.0;49,5988900000;0,9448600000;
202100010448.0;1;60;60257;1;1;2.0;1.0;49,2562800000;1,9903920000;
202100010449.0;1;13;13215;1;1;1.0;2.0;43,3582620000;5,3626810000;
202100010450.0;1;13;13210;1;1;1.0;2.0;43,2847980000;5,4176310000;
202100010451.0;3;69;69029;1;1;1.0;2.0;45,7275047962;4,9090525430;
202100010452.0;1;69;69266;1;1;1.0;2.0;45,7702595719;4,9027387798;
202100010453.0;1;42;42186;1;1;1.0;3.0;45,5256059548;4,6026885509;
202100010454.0;3;57;57226;1;1;1.0;7.0;49,3424584000;5,9917608000;
202100010455.0;1;92;92002;1;1;1.0;3.0;48,7606003263;2,2855849717;
202100010456.0;1;94;94034;1;1;2.0;3.0;48,7602090000;2,3205810000;
202100010457.0;1;91;91661;1;1;2.0;2.0;48,6977000000;2,2407000000;
202100010458.0;1;91;91687;1;1;2.0;7.0;48,6591000000;2,3740500000;
202100010459.0;1;91;91377;1;1;1.0;3.0;48,7279700000;2,3040400000;
202100010460.0;2;93;93027;1;1;2.0;7.0;48,9284300000;2,4126900000;
202100010461.0;1;93;93027;1;1;2.0;7.0;48,9283642663;2,4146747589;
202100010462.0;1;92;92036;1;1;1.0;3.0;48,9383700387;2,3001401108;
202100010463.0;1;93;93066;1;1;1.0;7.0;48,9237400000;2,3422500000;
202100010464.0;1;94;94052;1;1;2.0;2.0;48,8379348271;2,4939608574;
202100010465.0;1;94;94017;2;9;1.0;6.0;48,8221425450;2,5106549263;
202100010466.0;1;34;34016;1;1;1.0;4.0;43,6255000000;3,6478680000;
202100010467.0;5;976;97611;2;9;1.0;3.0; -12,7878200000;45,2185800000;
202100010468.0;5;974;97411;2;2;1.0;1.0; -20,9046300000;55,4817200000;
202100010469.0;1;973;97302;2;3;1.0;3.0;4,9346800000; -52,2919000000;
202100010470.0;2;69;69259;1;9;1.0;3.0;45,7217136949;4,8940175772;
202100010471.0;1;69;69259;2;2;1.0;6.0;45,7004200000;4,8877300000;
202100010472.0;1;69;69382;2;1;1.0;6.0;45,7551970000;4,8259300000;
202100010473.0;1;69;69034;2;1;1.0;3.0;45,7956447751;4,8469544842;
202100010474.0;5;69;69389;2;1;1.0;2.0;45,7835900000;4,8079700000;
202100010475.0;2;69;69389;2;1;7.0;6.0;45,7731000000;4,8073000000;
202100010476.0;1;971;97101;1;1;1.0;1.0;16,2687700000; -61,4900700000;
202100010477.0;1;2A;2A004;2;6;1.0;3.0;41,9296100000;8,7614400000;
202100010478.0;1;95;95060;2;3;1.0;5.0;49,0404200000;2,2092800000;
202100010479.0;5;91;91286;2;1;1.0;2.0;48,6693010000;2,3944340000;
202100010480.0;1;91;91326;2;3;1.0;6.0;48,6881550000;2,3846870000;
202100010481.0;1;91;91027;2;1;1.0;6.0;48,7058300000;2,3711100000;
202100010482.0;1;91;91027;2;2;1.0;3.0;48,7161900000;2,3707100000;
202100010483.0;4;91;91521;2;1;3.0;6.0;48,6538100000;2,4115100000;
202100010484.0;5;91;91223;2;6;1.0;3.0;48,4372700000;2,1633400000;
202100010485.0;1;86;86194;2;2;1.0;3.0;46,5826400000;0,3456800000;
202100010486.0;4;84;84007;2;1;1.0;6.0;43,9366700000;4,8461000000;
202100010487.0;1;83;83062;1;1;1.0;3.0;43,1464440000;6,0345380000;
202100010488.0;2;81;81065;2;3;1.0;3.0;43,5912830000;2,2166550000;
202100010489.0;1;80;80725;2;1;1.0;3.0;49,8711500000;2,2589500000;
202100010490.0;1;80;80261;2;1;1.0;6.0;49,8619800000;2,2784300000;
202100010491.0;1;77;77479;2;3;1.0;3.0;48,8825750074;2,6367662681;
202100010492.0;1;77;77169;2;1;1.0;2.0;48,8169500000;2,6168800000;
202100010493.0;1;77;77186;2;1;1.0;6.0;48,4148100000;2,7017100000;
202100010494.0;1;77;77186;1;1;1.0;6.0;48,3822900000;2,7471300000;
202100010495.0;3;76;76540;2;2;1.0;5.0;49,4257800000;1,0826100000;
202100010496.0;5;76;76351;2;1;1.0;7.0;49,4981400000;0,1156400000;
202100010497.0;1;76;76026;1;6;1.0;3.0;49,8759700000;1,1173300000;
202100010498.0;1;71;71059;2;1;5.0;7.0;46,8106000000;4,4749400000;
202100010499.0;1;71;71076;2;3;1.0;1.0;46,7968800000;4,8684600000;
202100010500.0;1;71;71076;2;1;1.0;7.0;46,7867234257;4,8489461358;
202100010501.0;1;71;71076;2;1;1.0;6.0;46,7950830000;4,8538210000;
202100010502.0;5;69;69091;1;1;5.0;1.0;45,5827500000;4,7434300000;
202100010503.0;1;65;65440;2;3;1.0;6.0;43,2298543645;0,0857582688;
202100010504.0;1;65;65226;1;1;1.0;6.0;43,2429727482;0,0063729286;
202100010505.0;1;65;65286;2;3;1.0;6.0;43,0942200000; -0,0463000000;
202100010506.0;1;64;64284;2;1;1.0;4.0;43,2643300000; -0,3899300000;
202100010507.0;1;64;64129;2;6;1.0;3.0;43,3048900000; -0,4018800000;
202100010508.0;1;64;64024;2;1;1.0;3.0;43,4803878444; -1,5163975954;
202100010509.0;4;63;63113;2;5;1.0;1.0;45,7879300000;3,1225200000;
202100010510.0;1;62;62525;2;1;1.0;3.0;50,7402190000;2,2761480000;
202100010511.0;2;62;62523;2;1;1.0;6.0;50,4534200000;2,8515380000;
202100010512.0;1;62;62193;2;6;7.0;6.0;50,9398800000;1,8783110000;
202100010513.0;1;61;61117;2;3;1.0;3.0;48,4290000000;0,0599500000;
202100010514.0;1;61;61001;2;1;1.0;6.0;48,4340400000;0,0942100000;
202100010515.0;3;60;60382;1;1;1.0;1.0;49,4344992557;2,7922911643;
202100010516.0;1;59;59599;2;1;1.0;6.0;50,7203700000;3,1594200000;
202100010517.0;1;59;59220;2;3;1.0;6.0;50,5988600000;3,0723600000;
202100010518.0;1;59;59286;2;1;1.0;6.0;50,6098370000;2,9757190000;
202100010519.0;1;56;56162;1;3;7.0;3.0;47,7336600000; -3,4769200000;
202100010520.0;1;49;49099;2;2;1.0;5.0;47,0441800000; -0,8995100000;
202100010521.0;1;49;49015;2;1;1.0;3.0;47,4958350000; -0,6234620000;
202100010522.0;1;49;49007;2;1;1.0;6.0;47,4620700000; -0,5588300000;
202100010523.0;1;49;49007;2;1;1.0;3.0;47,4666100000; -0,5619100000;
202100010524.0;5;49;49007;2;3;1.0;1.0;47,4907620000; -0,5761380000;
202100010525.0;1;49;49007;2;1;1.0;3.0;47,4806350000; -0,5275060000;
202100010526.0;1;45;45235;2;3;1.0;3.0;47,9459000000;1,8444100000;
202100010527.0;1;42;42207;1;1;1.0;7.0;45,4988974936;4,4594469666;