Num_Acc;lum;departement;commune;agglomeration;intersection;meteo;type_collision;lat;long;date
202100011186.0;3;93;93064;1;1;2.0;6.0;48,8848500000;2,4711400000;
202100011187.0;5;28;28134;2;6;1.0;1.0;48,7349500000;1,3613900000;
202100011188.0;5;94;94022;2;2;1.0;3.0;48,7728200000;2,4001100000;
202100011189.0;1;07;07096;1;1;1.0;1.0;44,8444290000;4,5416450000;
202100011190.0;5;69;69276;1;1;1.0;1.0;45,6877000000;4,8614900000;
202100011191.0;5;95;95197;2;1;1.0;6.0;48,9708200000;2,3308100000;
202100011192.0;5;91;91425;2;1;1.0;2.0;48,6390720000;2,2678760000;
202100011193.0;5;91;91425;2;2;1.0;1.0;48,6404500000;2,2684200000;
202100011194.0;2;83;83047;1;1;1.0;5.0;43,1266382371;6,0845847130;
202100011195.0;5;83;83118;2;1;1.0;2.0;43,4302241739;6,7925763130;
202100011196.0;5;79;79191;2;1;1.0;7.0;46,3314300000; -0,4596500000;
202100011197.0;1;76;76108;2;1;1.0;6.0;49,4586900000;1,1086800000;
202100011198.0;1;73;73065;2;6;1.0;3.0;45,5705726649;5,9175278843;
202100011199.0;5;73;73011;2;1;1.0;6.0;45,6609283823;6,3703451778;
202100011200.0;1;69;69029;2;3;1.0;6.0;45,7500800000;4,9114500000;
202100011201.0;5;69;69290;2;3;1.0;6.0;45,7002581024;4,9458672662;
202100011202.0;4;65;65440;2;4;1.0;3.0;43,2287500000;0,0726800000;
202100011203.0;5;59;59350;2;3;1.0;3.0;50,6176903877;3,0635772115;
202100011204.0;2;59;59350;2;1;1.0;6.0;50,6227500000;3,0407500000;
202100011205.0;1;59;59378;2;2;1.0;1.0;50,6669100000;3,0763100000;
202100011206.0;1;59;59220;2;1;1.0;3.0;50,5996543418;3,0538760126;
202100011207.0;1;59;59350;2;1;1.0;3.0;50,6167698333;3,0740342325;
202100011208.0;1;59;59317;2;1;1.0;1.0;50,6956300000;2,9205400000;
202100011209.0;1;56;56121;2;2;2.0;3.0;47,7524371000; -3,3630556000;
202100011210.0;1;50;50502;2;1;1.0;3.0;49,0993000000; -1,0844400000;
202100011211.0;1;47;47323;1;1;1.0;1.0;44,4278400000;0,7516100000;
202100011212.0;1;47;47215;1;1;1.0;6.0;44,3590100000;0,7057000000;
202100011213.0;1;45;45234;2;2;1.0;3.0;47,9148700000;1,9219000000;
202100011214.0;1;45;45147;1;1;1.0;5.0;47,9394000000;1,9131000000;
202100011215.0;1;45;45147;2;3;1.0;3.0;47,9231079772;1,9120931625;
202100011216.0;1;45;45285;2;1;1.0;3.0;47,9099500000;1,8815200000;
202100011217.0;5;44;44109;2;1;2.0;6.0;47,2330600000; -1,5583100000;
202100011218.0;5;35;35238;2;1;1.0;3.0;48,1178001083; -1,6852394009;
202100011219.0;5;35;35051;2;1;1.0;6.0;48,0995540000; -1,6081510000;
202100011220.0;5;34;34172;2;1;1.0;6.0;43,6357500000;3,8224700000;
202100011221.0;1;31;31555;2;2;1.0;3.0;43,6280800000;1,4793200000;
202100011222.0;3;31;31483;1;1;5.0;6.0;43,1067100000;0,6947200000;
202100011223.0;1;30;30007;2;7;1.0;2.0;44,1201000000;4,0771000000;
202100011224.0;1;27;27375;2;7;7.0;3.0;49,2102400000;1,1638300000;
202100011225.0;3;13;13001;2;1;5.0;1.0;43,4754900000;5,3979500000;
202100011226.0;5;13;13001;2;2;1.0;3.0;43,5236500000;5,4370800000;
202100011227.0;1;11;11069;2;3;1.0;6.0;43,1995000000;2,3944200000;
202100011228.0;1;01;01053;2;1;1.0;3.0;46,2010600000;5,2428100000;
202100011229.0;1;75;75112;2;1;1.0;3.0;48,8458310000;2,4144450000;
202100011230.0;1;75;75120;2;1;1.0;6.0;48,8474280000;2,4145600000;
202100011231.0;1;75;75120;2;4;1.0;6.0;48,8533690000;2,4138240000;
202100011232.0;5;75;75119;2;1;1.0;3.0;48,8882920000;2,3911540000;
202100011233.0;5;75;75118;2;3;1.0;3.0;48,8883510000;2,3496040000;
202100011234.0;5;75;75117;2;2;1.0;3.0;48,8896990000;2,3217210000;
202100011235.0;5;75;75116;2;3;1.0;3.0;48,8621660000;2,2931240000;
202100011236.0;1;75;75116;2;3;1.0;2.0;48,8444310000;2,2571050000;
202100011237.0;1;75;75115;2;4;1.0;6.0;48,8356670000;2,2897250000;
202100011238.0;4;75;75115;2;4;1.0;3.0;48,8345900000;2,2656670000;
202100011239.0;5;75;75115;2;3;1.0;3.0;48,8359510000;2,3008570000;
202100011240.0;1;75;75111;2;2;1.0;3.0;48,8623050000;2,3725720000;
202100011241.0;1;75;75115;2;2;1.0;6.0;48,8420900000;2,2903770000;
202100011242.0;1;75;75111;2;1;8.0;3.0;48,8658940000;2,3783570000;
202100011243.0;5;75;75110;2;2;1.0;3.0;48,8693190000;2,3542990000;
202100011244.0;1;75;75104;2;4;1.0;1.0;48,8471200000;2,3649740000;
202100011245.0;1;94;94073;2;1;1.0;6.0;48,7665100000;2,3861100000;
202100011246.0;1;94;94022;2;3;1.0;1.0;48,7634600000;2,4187800000;
202100011247.0;1;94;94002;2;1;1.0;6.0;48,7999600000;2,4270900000;
202100011248.0;1;93;93078;2;1;1.0;2.0;48,9615100000;2,5563100000;
202100011249.0;1;93;93070;2;1;1.0;2.0;48,9153800000;2,3313200000;
202100011250.0;5;93;93053;2;3;1.0;3.0;48,8854900000;2,4618900000;
202100011251.0;5;93;93046;2;1;1.0;5.0;48,9170917996;2,5330065218;
202100011252.0;5;93;93005;2;1;1.0;1.0;48,9520700000;2,4863100000;
202100011253.0;1;93;93001;2;9;1.0;3.0;48,9073800000;2,3847000000;
202100011254.0;1;93;93001;2;1;1.0;6.0;48,9029892398;2,3913214035;
202100011255.0;1;92;92076;2;9;1.0;2.0;48,8375446408;2,1551871300;
202100011256.0;5;92;92050;2;2;1.0;2.0;48,9029242835;2,2281914949;
202100011257.0;3;60;60495;1;2;1.0;3.0;49,5284470000;2,4553800000;
202100011258.0;1;35;35236;2;7;2.0;6.0;47,6514970000; -2,0848930000;
202100011259.0;5;80;80065;2;1;1.0;6.0;50,0775490000;2,6824340000;
202100011260.0;3;86;86262;1;1;1.0;6.0;46,4260450000;0,7947330000;
202100011261.0;3;83;83100;1;1;1.0;7.0;43,2821960000;6,1881890000;
202100011262.0;1;28;28127;1;1;1.0;7.0;48,1934610000;1,2776750000;
202100011263.0;1;972;97222;1;1;1.0;6.0;14,6670430000; -60,9646690000;
202100011264.0;2;01;01075;1;1;1.0;6.0;46,0466970000;4,7840740000;
202100011265.0;3;59;59462;1;1;1.0;1.0;50,5314620000;3,0139450000;
202100011266.0;3;58;58086;1;1;1.0;7.0;47,3847400000;2,9644846916;
202100011267.0;1;30;30295;1;1;1.0;7.0;44,0577080000;4,4384340000;
202100011268.0;1;57;57497;1;1;7.0;1.0;48,9771610000;6,8586020000;
202100011269.0;1;56;56057;1;1;1.0;3.0;48,0730830000; -3,5163410000;
202100011270.0;1;76;76646;1;2;1.0;5.0;49,8097490000;0,6684490000;
202100011271.0;1;76;76655;2;9;8.0;6.0;49,8686510000;0,7133760000;
202100011272.0;3;79;79005;1;1;1.0;1.0;46,8154510000; -0,0854230000;
202100011273.0;1;82;82079;1;2;1.0;3.0;43,9003930000;1,3700130000;
202100011274.0;1;33;33382;1;1;1.0;6.0;45,1352370000; -0,4851790000;
202100011275.0;1;69;69292;2;1;1.0;6.0;45,8212550000;4,8718280000;
202100011276.0;1;68;68195;2;7;1.0;6.0;47,7604720000;7,2776730000;
202100011277.0;1;39;39261;1;1;1.0;7.0;46,4615910000;5,4386770000;
202100011278.0;1;38;38144;2;1;1.0;3.0;45,5961810000;5,0953280000;
202100011279.0;1;38;38069;1;2;1.0;3.0;45,4364400000;5,2988590000;
202100011280.0;1;84;84014;1;1;1.0;1.0;43,7685230000;5,6936710000;
202100011281.0;3;03;03162;1;1;5.0;2.0;46,5741290000;3,2246590000;
202100011282.0;1;01;01231;2;2;5.0;3.0;46,3530450000;4,9033460000;
202100011283.0;2;85;85097;1;1;5.0;6.0;46,9257070000; -1,0239600000;
202100011284.0;1;70;70356;1;1;1.0;3.0;47,3798710000;5,9334540000;
202100011285.0;1;14;14174;1;3;2.0;3.0;48,8531103017; -0,5767312644;
202100011286.0;3;64;64268;1;3;1.0;7.0;43,1772040000; -0,9050200000;
202100011287.0;3;10;10061;1;1;1.0;7.0;48,3332450000;4,3896170000;
202100011288.0;1;16;16393;1;1;1.0;6.0;45,7586910000;0,1409660000;
202100011289.0;1;07;07040;1;1;1.0;1.0;45,0210580000;4,6916130000;
202100011290.0;1;27;27638;1;2;2.0;3.0;49,2438490000;0,9190430000;
202100011291.0;2;28;28341;1;1;5.0;1.0;48,6281150000;1,2646080000;
202100011292.0;1;87;87154;2;9;1.0;6.0;45,8924150000;0,9067060000;
202100011293.0;1;30;30071;1;1;1.0;6.0;44,0117380000;4,1118690000;
202100011294.0;3;38;38048;2;1;1.0;6.0;45,6003250000;5,1253370000;
202100011295.0;1;33;33122;1;1;1.0;2.0;44,7555010000; -0,6853500000;
202100011296.0;1;89;89341;1;1;1.0;2.0;47,7133130000;3,7753490000;
202100011297.0;3;21;21347;1;1;1.0;3.0;47,0009190000;4,8601630000;
202100011298.0;1;38;38377;2;1;1.0;3.0;45,5752170000;5,4811910000;
202100011299.0;2;987;98714;1;1;2.0;7.0; -16,4753080000; -151,7618970000;
202100011300.0;3;987;98729;2;1;3.0;7.0; -17,5331890000; -149,8386110000;
202100011301.0;2;988;98814;2;1;1.0;6.0; -20,9330640000;167,3110160000;
202100011302.0;3;971;97128;2;1;1.0;6.0;16,2267207698; -61,3830265403;
202100011303.0;1;29;29234;1;1;1.0;6.0;47,8440830000; -3,5021500000;
202100011304.0;3;77;77264;1;1;1.0;6.0;48,7036220000;2,9207320000;
202100011305.0;3;2A;2A247;2;1;1.0;1.0;41,5991090000;9,2779330000;
202100011306.0;1;06;06157;2;1;1.0;1.0;43,7202980000;7,1160900000;
202100011307.0;1;13;13004;1;4;1.0;3.0;43,6083870000;4,4776900000;
202100011308.0;3;26;26295;1;1;1.0;5.0;45,1649580000;4,8890450000;
202100011309.0;1;89;89013;2;1;1.0;7.0;47,8606780000;3,5298940000;
202100011310.0;1;89;89023;2;3;2.0;3.0;47,7635540000;3,6112620000;
202100011311.0;5;67;67550;2;1;3.0;6.0;48,9382780000;7,7434030000;
202100011312.0;2;74;74033;1;9;1.0;3.0;46,3565580000;6,6629510000;
202100011313.0;2;74;74197;2;1;1.0;3.0;46,1542630000;6,3052940000;
202100011314.0;3;69;69078;1;1;1.0;7.0;45,6849466033;4,5299935341;
202100011315.0;1;69;69204;2;1;1.0;6.0;45,6982495822;4,7904309010;
202100011316.0;1;31;31395;2;1;1.0;2.0;43,4379852350;1,3119435793;
202100011317.0;1;86;86121;2;3;1.0;3.0;46,6319600000;0,0790130000;
202100011318.0;3;27;27118;2;1;1.0;1.0;49,1134070000;1,1128810000;
202100011319.0;5;02;02163;2;1;1.0;6.0;48,9734070000;3,2822250000;
202100011320.0;1;13;13117;1;1;1.0;4.0;43,4731699760;5,2351288686;
202100011321.0;1;13;13106;1;1;1.0;2.0;43,4026040000;5,3558750000;
202100011322.0;3;92;92002;1;1;1.0;4.0;48,7368422947;2,3178362846;
202100011323.0;1;94;94038;1;1;1.0;2.0;48,7800100000;2,3468900000;
202100011324.0;1;91;91340;1;1;1.0;5.0;48,6088400000;2,4375100000;
202100011325.0;3;78;78524;1;1;1.0;5.0;48,8413000000;2,1032400000;
202100011326.0;1;92;92064;1;1;1.0;4.0;48,8371718270;2,1880133950;
202100011327.0;1;93;93078;1;1;1.0;4.0;48,9629669714;2,5486509873;
202100011328.0;1;92;92036;1;1;1.0;2.0;48,9339953804;2,3205880188;
202100011329.0;3;95;95277;1;1;1.0;2.0;48,9766100000;2,4787500000;
202100011330.0;1;92;92036;1;1;1.0;3.0;48,9354173550;2,3198823491;
202100011331.0;2;77;77372;1;1;1.0;6.0;48,8914000000;2,6671000000;
202100011332.0;1;94;94073;1;1;1.0;2.0;48,7633000000;2,3809000000;
202100011333.0;1;94;94073;1;1;1.0;6.0;48,7706496736;2,3853272779;
202100011334.0;5;94;94073;1;1;8.0;6.0;48,7634311379;2,3812866211;
202100011335.0;3;94;94069;1;1;1.0;2.0;48,8165700000;2,4449800000;
202100011336.0;2;94;94069;1;1;8.0;5.0;48,8171389327;2,4422619339;
202100011337.0;1;02;02294;1;1;2.0;7.0;49,5202880000;3,5869210000;
202100011338.0;1;976;97611;2;1;1.0;6.0; -12,7825500000;45,2235400000;
202100011339.0;1;972;97209;2;9;1.0;6.0;14,6053100000; -61,0703000000;
202100011340.0;1;91;91326;2;1;1.0;6.0;48,6910730000;2,3761330000;
202100011341.0;5;72;72181;2;1;1.0;6.0;48,0021699674;0,2072703836;
202100011342.0;1;64;64445;2;1;1.0;6.0;43,3040700000; -0,3776600000;
202100011343.0;1;75;75118;2;7;8.0;2.0;48,8959850000;2,3460290000;
202100011344.0;1;973;97302;2;2;1.0;3.0;4,9393200000; -52,3183900000;
202100011345.0;1;54;54274;2;1;1.0;6.0;48,6734893895;6,2065241804;
202100011346.0;1;987;98736;1;1;1.0;3.0; -17,5292300000; -149,5511400000;
202100011347.0;1;974;97407;1;9;1.0;2.0; -20,9531800000;55,3155000000;
202100011348.0;4;973;97302;2;1;1.0;6.0;4,9380317613; -52,3063445092;
202100011349.0;1;973;97302;1;1;1.0;2.0;4,9054400000; -52,3201600000;
202100011350.0;1;973;97302;2;1;1.0;6.0;4,9409900000; -52,3337900000;
202100011351.0;5;69;69383;2;2;1.0;3.0;45,7629400000;4,8638000000;
202100011352.0;1;69;69388;2;2;1.0;3.0;45,7405700000;4,8638600000;
202100011353.0;5;972;97209;1;1;1.0;6.0;14,6165070000; -61,0426770000;
202100011354.0;3;972;97209;1;1;1.0;3.0;14,6770800000; -61,0906900000;
202100011355.0;1;972;97209;1;1;1.0;3.0;14,6143700000; -61,0515800000;
202100011356.0;5;69;69384;2;1;1.0;1.0;45,7864800000;4,8167100000;
202100011357.0;1;971;97101;1;1;1.0;2.0;16,2386400000; -61,5231900000;
202100011358.0;5;2A;2A004;2;1;1.0;7.0;41,9331800000;8,7545600000;
202100011359.0;5;95;95680;2;1;1.0;3.0;49,0013099487;2,4073511404;
202100011360.0;1;91;91667;2;1;1.0;5.0;48,6509160000;2,3368940000;
202100011361.0;1;91;91027;2;1;1.0;2.0;48,6994800000;2,3965600000;
202100011362.0;5;91;91434;2;2;1.0;3.0;48,6597300000;2,3423500000;
202100011363.0;1;86;86157;2;1;1.0;3.0;46,5386050000;0,4029620000;
202100011364.0;1;86;86066;2;3;1.0;3.0;46,8448760000;0,5499960000;
202100011365.0;1;83;83137;2;1;1.0;3.0;43,1375380000;5,9143100000;
202100011366.0;1;83;83144;2;6;1.0;3.0;43,1363000000;5,9873800000;
202100011367.0;3;83;83069;1;1;1.0;7.0;43,1319700000;6,1710200000;
202100011368.0;1;82;82121;2;2;1.0;3.0;44,0219536859;1,3740044546;
202100011369.0;1;73;73011;2;3;1.0;3.0;45,6627972166;6,3652843677;
202100011370.0;2;65;65100;1;2;1.0;3.0;43,2680200000;0,0764700000;
202100011371.0;1;65;65440;1;9;1.0;3.0;43,2327800000;0,0547900000;
202100011372.0;1;64;64024;2;1;7.0;6.0;43,4943600000; -1,5282100000;
202100011373.0;2;62;62193;2;1;8.0;3.0;50,9471200000;1,8482600000;
202100011374.0;5;59;59508;2;1;1.0;3.0;50,7574387346;3,1227892877;
202100011375.0;5;59;59598;2;1;8.0;1.0;50,6614000000;3,2356200000;
202100011376.0;5;59;59392;2;1;1.0;5.0;50,2795200000;3,9814700000;
202100011377.0;5;54;54439;2;2;1.0;6.0;48,7046302590;6,2555455810;
202100011378.0;1;54;54304;2;2;1.0;6.0;48,6933000000;6,1281600000;
202100011379.0;5;54;54395;2;2;1.0;3.0;48,6802550984;6,1775343775;
202100011380.0;1;51;51230;2;1;1.0;3.0;49,0420432633;3,9655441046;
202100011381.0;1;49;49267;2;1;1.0;4.0;47,4850200000; -0,4979200000;
202100011382.0;1;38;38185;2;1;1.0;1.0;45,1690900000;5,7316200000;
202100011383.0;5;37;37261;2;4;1.0;3.0;47,3937078989;0,7026341335;
202100011384.0;1;37;37208;2;1;1.0;3.0;47,3632060649;0,7259965167;
202100011385.0;1;34;34129;2;1;1.0;3.0;43,5899100000;3,9083800000;
202100011386.0;5;30;30007;2;1;1.0;1.0;44,1231000000;4,0608000000;
202100011387.0;3;29;29232;1;6;1.0;7.0;48,0307367110; -4,0850731730;
202100011388.0;5;29;29019;2;1;1.0;3.0;48,4104900000; -4,5160800000;
202100011389.0;1;27;27681;2;1;1.0;6.0;49,0902300000;1,4837400000;
202100011390.0;1;21;21231;2;3;1.0;3.0;47,3366400000;5,0558500000;
202100011391.0;1;17;17306;2;6;1.0;3.0;45,6282400000; -1,0173300000;
202100011392.0;1;17;17300;2;3;1.0;3.0;46,1585100000; -1,1455900000;
202100011393.0;3;14;14437;1;1;1.0;6.0;49,1825900000; -0,3178800000;
202100011394.0;5;13;13207;2;1;1.0;6.0;43,2898600000;5,3662100000;
202100011395.0;5;13;13206;2;1;1.0;2.0;43,2864200000;5,3773800000;
202100011396.0;2;13;13212;2;1;1.0;3.0;43,3065500000;5,4223400000;
202100011397.0;1;13;13206;2;2;1.0;1.0;43,2908500000;5,3811600000;
202100011398.0;1;13;13206;2;3;1.0;3.0;43,2892193520;5,3785322261;
202100011399.0;5;13;13206;2;2;1.0;3.0;43,2831300000;5,3928000000;
202100011400.0;5;13;13213;2;6;1.0;6.0;43,3233300000;5,4490000000;
202100011401.0;5;13;13001;2;1;1.0;7.0;43,5054500000;5,3995500000;
202100011402.0;3;11;11069;2;3;1.0;6.0;43,2042100000;2,3868000000;
202100011403.0;1;11;11069;1;1;1.0;2.0;43,2337000000;2,2659000000;
202100011404.0;1;10;10387;2;3;1.0;1.0;48,2989400000;4,0767000000;
202100011405.0;1;06;06088;2;1;1.0;6.0;43,7082900000;7,2898500000;
202100011406.0;1;06;06123;2;1;1.0;2.0;43,6600920000;7,1882510000;
202100011407.0;2;01;01053;2;3;1.0;2.0;46,2039383858;5,2343059827;
202100011408.0;1;75;75120;2;1;1.0;2.0;48,8723760000;2,4125040000;
202100011409.0;2;75;75116;2;1;1.0;4.0;48,8506490000;2,2522180000;
202100011410.0;5;75;75120;2;1;1.0;2.0;48,8687650000;2,4134670000;
202100011411.0;5;75;75116;2;4;1.0;2.0;48,8445400000;2,2553500000;
202100011412.0;1;75;75116;2;1;1.0;3.0;48,8764290000;2,2783610000;
202100011413.0;1;75;75115;2;1;1.0;6.0;48,8267940000;2,2965570000;
202100011414.0;5;75;75117;2;2;1.0;6.0;48,8829800000;2,2963840000;
202100011415.0;1;75;75105;2;2;1.0;7.0;48,8488990000;2,3474630000;
202100011416.0;1;75;75119;2;2;1.0;6.0;48,8739440000;2,3854040000;
202100011417.0;1;75;75119;2;1;1.0;3.0;48,8763240000;2,3758380000;
202100011418.0;1;75;75119;2;3;1.0;7.0;48,8761460000;2,3949250000;
202100011419.0;1;75;75118;2;4;1.0;3.0;48,8908800000;2,3532460000;
202100011420.0;5;75;75117;2;2;1.0;6.0;48,8838170000;2,3136340000;
202100011421.0;5;75;75117;2;2;1.0;3.0;48,8943640000;2,3136740000;
202100011422.0;1;75;75116;2;2;1.0;3.0;48,8512800000;2,2784130000;
202100011423.0;5;75;75116;2;7;1.0;1.0;48,8648510000;2,2942250000;
202100011424.0;1;75;75113;2;1;8.0;6.0;48,8269630000;2,3420310000;
202100011425.0;5;75;75111;2;3;1.0;3.0;48,8516090000;2,3905680000;
202100011426.0;1;75;75108;2;2;1.0;3.0;48,8741810000;2,3175370000;
202100011427.0;5;75;75104;2;3;1.0;7.0;48,8510400000;2,3622460000;
202100011428.0;5;75;75104;2;2;1.0;3.0;48,8564720000;2,3643540000;
202100011429.0;1;94;94080;2;1;1.0;6.0;48,8400000000;2,4300000000;
202100011430.0;5;94;94078;2;9;1.0;3.0;48,7593500000;2,4433800000;
202100011431.0;5;94;94058;2;1;1.0;1.0;48,8302300000;2,5129100000;
202100011432.0;5;94;94011;2;9;1.0;2.0;48,7679700000;2,4877800000;
202100011433.0;1;94;94055;2;1;1.0;6.0;48,7915400000;2,5539600000;
202100011434.0;1;94;94017;2;2;1.0;3.0;48,8192700000;2,5146900000;
202100011435.0;3;93;93074;1;1;1.0;2.0;48,9344700000;2,5767600000;
202100011436.0;2;93;93070;2;2;1.0;2.0;48,9125700000;2,3346500000;
202100011437.0;5;93;93066;1;9;8.0;3.0;48,9238000000;2,3566900000;
202100011438.0;1;93;93008;2;9;1.0;3.0;48,9062600000;2,4230400000;
202100011439.0;5;92;92022;2;1;1.0;3.0;48,8187352610;2,1980676055;
202100011440.0;2;92;92062;2;9;1.0;3.0;48,8781257887;2,2427693009;
202100011441.0;1;92;92049;2;2;1.0;6.0;48,8172823499;2,3288306594;
202100011442.0;1;92;92024;2;1;1.0;3.0;48,9002654139;2,3173186183;
202100011443.0;1;37;37276;1;1;1.0;6.0;47,5671590000;0,8873390000;
202100011444.0;1;12;12301;1;2;1.0;5.0;44,4422370000;2,0299600000;
202100011445.0;3;54;54100;1;1;1.0;6.0;48,7700700000;6,3562200000;
202100011446.0;3;62;62447;2;3;1.0;1.0;50,3718740000;2,0440310000;
202100011447.0;1;17;17010;2;6;1.0;3.0;46,1074970000; -1,1052550000;
202100011448.0;5;31;31044;2;1;1.0;6.0;43,5976500000;1,5046660000;
202100011449.0;3;974;97412;1;1;1.0;1.0; -21,3726050000;55,6226870000;
202100011450.0;3;972;97227;1;1;1.0;6.0;14,4690740000; -60,9142430000;
202100011451.0;1;63;63264;1;1;1.0;7.0;45,6392480000;2,8449870000;
202100011452.0;1;51;51538;1;1;1.0;7.0;48,8890900000;4,3963230000;
202100011453.0;1;76;76709;1;1;1.0;3.0;49,4800038175;0,8181484043;
202100011454.0;1;80;80288;1;2;1.0;3.0;49,8691930000;2,8168450000;
202100011455.0;4;80;80736;2;1;1.0;6.0;50,0096420000;1,9042610000;
202100011456.0;1;82;82117;1;3;1.0;3.0;44,3224170000;1,0529870000;
202100011457.0;1;82;82189;1;1;1.0;6.0;44,1789570000;1,2771930000;
202100011458.0;1;32;32231;1;1;1.0;1.0;43,7703350000;0,3186790000;
202100011459.0;3;32;32444;1;1;1.0;6.0;43,6862930000;0,9990260000;
202100011460.0;1;61;61345;2;1;1.0;7.0;48,4322790000;0,7754110000;
202100011461.0;1;61;61005;2;1;1.0;6.0;48,3455610000;0,5565640000;
202100011462.0;1;49;49055;1;1;1.0;6.0;47,5233810000; -0,5808810000;
202100011463.0;1;12;12062;1;6;1.0;7.0;44,1466060000;3,0112080000;
202100011464.0;1;68;68138;2;9;1.0;7.0;47,5876232780;7,2543755919;
202100011465.0;5;44;44163;2;1;1.0;2.0;47,3717440000; -1,1654900000;
202100011466.0;5;35;35068;2;3;2.0;3.0;48,1049420000; -1,4116410000;
202100011467.0;3;29;29260;1;1;2.0;6.0;48,4396360000; -4,6402860000;
202100011468.0;2;03;03320;1;1;1.0;7.0;46,5636810000;2,9814470000;
202100011469.0;1;70;70561;2;1;7.0;6.0;47,5451230000;6,4312880000;
202100011470.0;1;70;70514;2;1;1.0;6.0;47,3359430000;5,6404310000;
202100011471.0;1;70;70427;2;1;1.0;7.0;47,7496350000;6,0009700000;
202100011472.0;3;58;58299;1;1;5.0;6.0;47,4529340000;3,4399650000;
202100011473.0;5;54;54189;2;1;1.0;6.0;48,4654521340;5,9526371951;
202100011474.0;1;72;72122;1;1;1.0;3.0;48,0743800000;0,5609460000;
202100011475.0;1;43;43102;1;4;1.0;7.0;45,2029810000;4,1955330000;
202100011476.0;1;10;10063;1;1;1.0;3.0;48,3636200000;4,5325470000;
202100011477.0;1;24;24412;1;1;1.0;3.0;44,9851380000;1,2807870000;
202100011478.0;3;04;04130;1;1;1.0;7.0;44,0487170000;5,8058880000;
202100011479.0;5;85;85288;2;6;1.0;6.0;46,4639840000; -1,6344850000;
202100011480.0;1;27;27341;1;2;1.0;3.0;48,7903990000;1,0069360000;
202100011481.0;1;17;17288;1;3;1.0;3.0;45,9487700000; -0,4629810000;
202100011482.0;1;37;37211;2;1;1.0;6.0;47,2293534568;0,7631675315;
202100011483.0;3;30;30284;1;1;1.0;6.0;44,1857430000;4,0818070000;
202100011484.0;1;08;08355;1;1;1.0;7.0;49,9318690000;4,4241110000;
202100011485.0;1;88;88182;1;1;1.0;1.0;48,2886400000;7,0701100000;
202100011486.0;1;88;88075;1;3;1.0;3.0;48,0141750000;6,8854240000;
202100011487.0;1;88;88157;1;2;1.0;3.0;48,0931440000;6,4363360000;
202100011488.0;1;04;04209;1;1;1.0;6.0;44,1937750000;5,9530020000;
202100011489.0;5;95;95250;2;1;1.0;1.0;49,0972960000;2,5181700000;
202100011490.0;1;974;97417;1;1;1.0;2.0; -21,3478780000;55,7926080000;
202100011491.0;2;33;33199;2;6;1.0;3.0;44,6337570000; -1,0596330000;
202100011492.0;1;2B;2B034;1;1;1.0;5.0;42,6406680000;9,0008230000;
202100011493.0;3;30;30027;2;1;1.0;1.0;44,0760170000;4,0595020000;
202100011494.0;1;34;34164;1;1;1.0;6.0;43,7463290000;3,9598590000;
202100011495.0;3;83;83143;1;1;1.0;5.0;43,4321820000;6,0717920000;
202100011496.0;5;67;67339;2;3;1.0;3.0;48,8963270000;7,9115670000;
202100011497.0;1;69;69204;2;1;7.0;1.0;45,6896190000;4,7882580000;
202100011498.0;1;86;86220;1;1;1.0;2.0;46,0989870000;0,2686930000;
202100011499.0;5;33;33213;2;1;1.0;3.0;44,6818330000; -0,5305430000;
202100011500.0;2;33;33422;1;1;1.0;6.0;44,8207580000; -0,7558350000;
202100011501.0;1;14;14762;2;1;1.0;6.0;48,8371740000; -0,8848290000;
202100011502.0;1;22;22214;2;3;1.0;1.0;48,7511740000; -2,9872080000;
202100011503.0;1;35;35253;1;1;1.0;6.0;48,2577490000; -1,4141140000;
202100011504.0;3;02;02470;1;1;1.0;7.0;49,8757590000;4,1450970000;
202100011505.0;1;59;59597;1;1;8.0;3.0;50,2017610000;3,1978640000;
202100011506.0;1;13;13019;1;1;1.0;4.0;43,4183260000;5,3663070000;
202100011507.0;5;13;13056;1;1;1.0;6.0;43,4118960000;5,0253310000;
202100011508.0;2;13;13070;1;1;1.0;6.0;43,2855957891;5,5130041665;
202100011509.0;1;13;13055;1;1;1.0;2.0;43,2949830000;5,4245190000;
202100011510.0;1;94;94034;1;1;1.0;2.0;48,7596000000;2,3215000000;
202100011511.0;1;91;91312;1;1;1.0;3.0;48,7320400000;2,2363600000;
202100011512.0;1;78;78206;1;1;1.0;3.0;48,9547400000;1,9381000000;
202100011513.0;1;92;92047;1;1;1.0;2.0;48,8331791707;2,1600237106;