Num_Acc;lum;departement;commune;agglomeration;intersection;meteo;type_collision;lat;long;date
202100011514.0;3;78;78117;1;1;1.0;5.0;48,7881200000;2,1403600000;
202100011515.0;5;92;92050;1;1;1.0;5.0;48,9024374780;2,2041828545;
202100011516.0;5;92;92050;1;1;1.0;3.0;48,9064397664;2,2110575438;
202100011517.0;1;78;78043;1;1;1.0;4.0;48,8475700000;2,0768300000;
202100011518.0;5;93;93066;1;1;1.0;7.0;48,9193634411;2,3575464282;
202100011519.0;3;93;93053;1;1;1.0;3.0;48,8953200000;2,4707300000;
202100011520.0;4;75;75112;1;1;2.0;6.0;48,8188800000;2,4573100000;
202100011521.0;1;93;93051;1;1;1.0;6.0;48,8350000000;2,5758700000;
202100011522.0;1;94;94069;1;1;1.0;6.0;48,8171389327;2,4422619339;
202100011523.0;5;75;75117;2;2;1.0;6.0;48,8917080000;2,3212190000;
202100011524.0;2;973;97302;1;1;1.0;3.0;4,9028700000; -52,3245100000;
202100011525.0;1;973;97302;2;9;1.0;3.0;4,9354239936; -52,2946801187;
202100011526.0;5;69;69386;2;2;1.0;3.0;45,7662473340;4,8592078961;
202100011527.0;5;69;69383;2;1;1.0;3.0;45,7567900000;4,8494700000;
202100011528.0;1;69;69387;2;3;1.0;3.0;45,7353100000;4,8395900000;
202100011529.0;1;69;69387;2;2;1.0;3.0;45,7266400000;4,8303700000;
202100011530.0;1;972;97209;2;1;1.0;6.0;14,6160200000; -61,0697900000;
202100011531.0;5;69;69034;2;1;1.0;6.0;45,8046500000;4,8642700000;
202100011532.0;5;69;69152;2;1;1.0;3.0;45,6999400000;4,8231900000;
202100011533.0;1;69;69389;2;2;1.0;1.0;45,7777358212;4,8015393936;
202100011534.0;5;69;69382;2;1;1.0;6.0;45,7567032583;4,8319811565;
202100011535.0;1;69;69389;2;2;1.0;3.0;45,7757451736;4,8019795941;
202100011536.0;1;69;69142;2;4;1.0;1.0;45,7259000000;4,8139400000;
202100011537.0;5;69;69382;2;3;1.0;2.0;45,7383700000;4,8216100000;
202100011538.0;1;69;69152;2;9;1.0;3.0;45,7053300000;4,8206500000;
202100011539.0;1;2B;2B033;2;1;1.0;2.0;42,7000000000;9,4500000000;
202100011540.0;5;2A;2A004;2;1;1.0;7.0;41,9331600000;8,7545900000;
202100011541.0;3;91;91216;1;1;1.0;1.0;48,6719500000;2,3045300000;
202100011542.0;2;91;91312;2;1;9.0;6.0;48,7418000000;2,2245700000;
202100011543.0;2;91;91645;2;2;1.0;3.0;48,7452300000;2,2829400000;
202100011544.0;1;91;91114;2;1;1.0;4.0;48,6886980000;2,4944670000;
202100011545.0;1;91;91421;2;3;8.0;3.0;48,7040900000;2,4606500000;
202100011546.0;5;91;91286;2;9;9.0;6.0;48,6513500000;2,3942800000;
202100011547.0;5;87;87085;2;1;1.0;6.0;45,8325700000;1,2713100000;
202100011548.0;1;87;87065;2;2;1.0;3.0;45,8082800000;1,2991600000;
202100011549.0;4;87;87085;2;2;3.0;3.0;45,8269600000;1,2623900000;
202100011550.0;1;86;86194;2;1;1.0;1.0;46,5671910000;0,3761380000;
202100011551.0;1;86;86194;2;1;2.0;2.0;46,5895080000;0,3297110000;
202100011552.0;1;83;83050;2;1;1.0;6.0;43,5356290000;6,4655110000;
202100011553.0;1;76;76540;2;1;1.0;6.0;49,4420700000;1,0776200000;
202100011554.0;5;76;76575;2;2;1.0;6.0;49,3985260000;1,0741400000;
202100011555.0;5;72;72181;2;1;1.0;6.0;47,9936300000;0,2249600000;
202100011556.0;2;71;71306;2;1;1.0;1.0;46,6650188471;4,3365707745;
202100011557.0;1;68;68066;2;2;1.0;6.0;48,0832400000;7,3556700000;
202100011558.0;5;67;67482;2;1;1.0;6.0;48,5806300000;7,7229500000;
202100011559.0;1;66;66136;2;1;1.0;2.0;42,6767600000;2,8901500000;
202100011560.0;1;66;66136;2;1;1.0;6.0;42,7156700000;2,8878800000;
202100011561.0;1;66;66136;2;1;1.0;6.0;42,6832000000;2,9038600000;
202100011562.0;1;65;65440;2;3;1.0;4.0;43,2387600000;0,0860200000;
202100011563.0;1;65;65440;2;9;1.0;2.0;43,2228200000;0,0847850000;
202100011564.0;2;65;65331;2;3;1.0;3.0;43,2129800000;0,0507800000;
202100011565.0;1;64;64445;2;9;1.0;7.0;43,3045000000; -0,3681600000;
202100011566.0;1;64;64445;2;1;1.0;2.0;43,3164600000; -0,3397000000;
202100011567.0;5;64;64102;2;1;1.0;2.0;43,4941700000; -1,4582300000;
202100011568.0;1;64;64102;1;1;1.0;3.0;43,4977505637; -1,4600149541;
202100011569.0;1;64;64102;2;9;2.0;7.0;43,4885000000; -1,4784200000;
202100011570.0;3;61;61497;1;1;1.0;7.0;48,4567000000;0,1031900000;
202100011571.0;1;61;61001;2;2;1.0;1.0;48,4165400000;0,0942400000;
202100011572.0;1;59;59599;2;1;1.0;6.0;50,7245210242;3,1538657670;
202100011573.0;2;59;59350;2;1;1.0;3.0;50,6212000000;3,0792900000;
202100011574.0;1;59;59560;2;2;1.0;3.0;50,5469400000;3,0269300000;
202100011575.0;1;59;59350;2;2;2.0;3.0;50,6208900000;3,0346900000;
202100011576.0;5;56;56098;2;3;1.0;3.0;47,7653300000; -3,3585200000;
202100011577.0;5;54;54482;2;1;1.0;6.0;48,7044479715;6,1951357126;
202100011578.0;1;54;54547;2;9;1.0;6.0;48,6622322166;6,1742718583;
202100011579.0;1;54;54197;1;1;2.0;1.0;48,6243463833;6,1947445250;
202100011580.0;2;54;54321;1;1;1.0;6.0;49,5400800000;5,8086000000;
202100011581.0;2;51;51454;2;6;1.0;3.0;49,2297840599;4,0147393106;
202100011582.0;1;51;51454;2;3;1.0;5.0;49,2349600000;4,0509800000;
202100011583.0;2;51;51454;2;2;2.0;7.0;49,2660000000;4,0528200000;
202100011584.0;5;50;50502;2;1;1.0;6.0;49,1179800000; -1,0830900000;
202100011585.0;3;49;49328;1;1;1.0;6.0;47,2388200000; -0,0434700000;
202100011586.0;1;49;49007;2;1;1.0;3.0;47,4673700000; -0,5299000000;
202100011587.0;1;49;49007;2;1;1.0;3.0;47,4697500000; -0,5616900000;
202100011588.0;2;49;49007;2;1;1.0;6.0;47,4801300000; -0,5915800000;
202100011589.0;1;49;49007;2;1;1.0;2.0;47,4812000000; -0,5240000000;
202100011590.0;1;49;49007;2;1;1.0;7.0;47,4662200000; -0,5531600000;
202100011591.0;1;45;45234;2;1;1.0;2.0;47,9145800000;1,9288700000;
202100011592.0;1;45;45234;2;2;1.0;7.0;47,9038100000;1,9097600000;
202100011593.0;1;38;38421;2;1;1.0;3.0;45,1645600000;5,7499500000;
202100011594.0;5;37;37261;2;3;1.0;3.0;47,3790156700;0,7100414917;
202100011595.0;5;37;37122;2;9;1.0;6.0;47,3407123145;0,6601271778;
202100011596.0;1;37;37261;2;1;1.0;6.0;47,3671533837;0,7081587315;
202100011597.0;2;37;37261;2;1;8.0;2.0;47,3809632918;0,7127021626;
202100011598.0;1;35;35093;2;3;1.0;3.0;48,6314200000; -2,0761200000;
202100011599.0;1;35;35051;2;1;1.0;3.0;48,1227600000; -1,6021400000;
202100011600.0;2;35;35238;2;9;1.0;3.0;48,1194800000; -1,6482700000;
202100011601.0;5;35;35238;2;2;1.0;3.0;48,0981170000; -1,6556690000;
202100011602.0;5;34;34172;2;2;1.0;1.0;43,6059140000;3,8940840000;
202100011603.0;5;34;34172;2;1;1.0;2.0;43,6169300000;3,8855600000;
202100011604.0;1;34;34172;2;1;1.0;1.0;43,6076570000;3,8302780000;
202100011605.0;5;34;34172;2;1;1.0;3.0;43,6024400000;3,8914800000;
202100011606.0;2;33;33281;1;2;1.0;3.0;44,8266500000; -0,6193300000;
202100011607.0;1;33;33032;2;2;1.0;3.0;44,8990400000; -0,5138100000;
202100011608.0;1;33;33529;2;1;8.0;6.0;44,6330300000; -1,1447100000;
202100011609.0;1;33;33529;2;1;1.0;3.0;44,6358350000; -1,1538010000;
202100011610.0;5;31;31555;2;6;1.0;1.0;43,5482900000;1,3907000000;
202100011611.0;2;31;31557;2;2;1.0;3.0;43,5878600000;1,3553400000;
202100011612.0;5;30;30007;2;3;1.0;3.0;44,1276000000;4,0731000000;
202100011613.0;1;25;25056;1;1;1.0;1.0;47,2122440000;5,9902900000;
202100011614.0;3;17;17300;1;1;1.0;6.0;46,1734020000; -1,1793450000;
202100011615.0;1;17;17300;2;1;1.0;7.0;46,1672800000; -1,1503900000;
202100011616.0;1;17;17300;2;1;1.0;2.0;46,1421000000; -1,1402600000;
202100011617.0;3;15;15014;2;1;1.0;7.0;44,9287000000;2,4259910000;
202100011618.0;5;13;13211;2;1;1.0;3.0;43,2907000000;5,4384000000;
202100011619.0;5;13;13215;2;3;1.0;2.0;43,3786300000;5,3568900000;
202100011620.0;1;13;13209;2;1;1.0;7.0;43,2731800000;5,4007900000;
202100011621.0;1;13;13206;2;1;1.0;2.0;43,2936700000;5,3823900000;
202100011622.0;1;13;13214;2;2;1.0;5.0;43,3403169012;5,3870329371;
202100011623.0;1;11;11069;2;6;1.0;2.0;43,2016800000;2,3136900000;
202100011624.0;1;10;10325;2;1;1.0;3.0;48,2611000000;4,0481000000;
202100011625.0;1;10;10297;2;1;1.0;6.0;48,3180479188;4,0982785820;
202100011626.0;5;10;10387;2;1;8.0;6.0;48,2786484035;4,0670335293;
202100011627.0;5;10;10357;2;6;8.0;3.0;48,3004170000;4,1087460000;
202100011628.0;1;06;06088;2;2;1.0;3.0;43,7039460000;7,2678510000;
202100011629.0;1;06;06027;2;6;1.0;6.0;43,6604450000;7,1436810000;
202100011630.0;1;75;75112;2;1;8.0;2.0;48,8302760000;2,4020370000;
202100011631.0;1;75;75114;2;1;1.0;2.0;48,8249360000;2,3034770000;
202100011632.0;1;75;75116;2;1;2.0;7.0;48,8705970000;2,2723520000;
202100011633.0;1;75;75120;2;7;1.0;7.0;48,8539470000;2,4130300000;
202100011634.0;5;75;75119;2;2;1.0;3.0;48,8894900000;2,3957920000;
202100011635.0;1;75;75119;2;5;1.0;3.0;48,8801410000;2,3756820000;
202100011636.0;5;75;75118;2;4;1.0;2.0;48,8843400000;2,3561390000;
202100011637.0;1;75;75116;2;2;1.0;3.0;48,8573430000;2,2646680000;
202100011638.0;1;75;75116;2;1;8.0;6.0;48,8504200000;2,2529200000;
202100011639.0;1;75;75116;2;1;3.0;3.0;48,8647870000;2,2959590000;
202100011640.0;1;75;75115;2;2;1.0;7.0;48,8430630000;2,3068530000;
202100011641.0;1;75;75114;2;7;1.0;3.0;48,8345260000;2,3326550000;
202100011642.0;1;75;75113;2;2;1.0;6.0;48,8255780000;2,3746150000;
202100011643.0;1;75;75113;2;2;1.0;6.0;48,8348150000;2,3415960000;
202100011644.0;5;75;75108;2;2;1.0;3.0;48,8751990000;2,2985510000;
202100011645.0;1;75;75114;2;2;1.0;6.0;48,8419560000;2,3295930000;
202100011646.0;5;75;75101;2;4;1.0;2.0;48,8673080000;2,3337080000;
202100011647.0;5;94;94074;2;1;1.0;2.0;48,7638100000;2,4419500000;
202100011648.0;2;94;94042;2;1;1.0;3.0;48,8122300000;2,4590000000;
202100011649.0;1;94;94043;2;1;1.0;3.0;48,8089800000;2,3625800000;
202100011650.0;5;94;94076;2;1;1.0;3.0;48,7968700000;2,3502100000;
202100011651.0;1;94;94038;2;1;1.0;6.0;48,7779300000;2,3332900000;
202100011652.0;5;94;94028;2;9;1.0;4.0;48,7752300000;2,4401200000;
202100011653.0;1;94;94011;2;9;1.0;3.0;48,7712200000;2,4774400000;
202100011654.0;1;94;94028;2;1;1.0;6.0;48,7960900000;2,4634600000;
202100011655.0;1;94;94028;2;1;1.0;2.0;48,7952400000;2,4590800000;
202100011656.0;1;94;94001;2;1;1.0;1.0;48,7244600000;2,4188300000;
202100011657.0;1;94;94077;2;1;1.0;6.0;48,7361860000;2,4241032000;
202100011658.0;5;94;94059;2;3;1.0;3.0;48,8193400000;2,5579500000;
202100011659.0;3;94;94060;2;1;1.0;2.0;48,7809360000;2,5730740000;
202100011660.0;1;94;94017;2;1;1.0;3.0;48,8145000000;2,5117000000;
202100011661.0;5;94;94017;2;1;6.0;3.0;48,8152300000;2,5072000000;
202100011662.0;1;94;94002;2;2;1.0;5.0;48,7957200000;2,4251500000;
202100011663.0;2;94;94002;2;1;1.0;3.0;48,7790600000;2,4176000000;
202100011664.0;3;77;77294;1;9;1.0;3.0;48,9912200000;2,5997300000;
202100011665.0;1;93;93005;2;1;1.0;5.0;48,9570177685;2,4936271327;
202100011666.0;1;93;93066;2;1;1.0;3.0;48,9295520000;2,3510740000;
202100011667.0;1;93;93066;2;3;2.0;3.0;48,9448213773;2,3535231297;
202100011668.0;5;93;93050;2;2;1.0;3.0;48,8582759720;2,5344776362;
202100011669.0;1;93;93046;2;3;1.0;3.0;48,9179000000;2,5270900000;
202100011670.0;5;93;93006;2;1;1.0;6.0;48,8760000000;2,4190000000;
202100011671.0;5;93;93029;2;3;8.0;2.0;48,9289117254;2,4346947670;
202100011672.0;5;93;93010;2;2;8.0;6.0;48,9071717561;2,4888619309;
202100011673.0;1;93;93008;2;1;1.0;2.0;48,9045910000;2,4444570000;
202100011674.0;5;93;93007;2;1;1.0;6.0;48,9358942391;2,4789458513;
202100011675.0;5;93;93001;2;9;1.0;1.0;48,9113400000;2,4003200000;
202100011676.0;1;92;92078;2;1;1.0;7.0;48,9413101466;2,3267760873;
202100011677.0;1;92;92073;2;1;1.0;6.0;48,8644830000;2,2189070000;
202100011678.0;1;92;92051;2;9;1.0;3.0;48,8838295876;2,2685533762;
202100011679.0;5;92;92040;2;1;1.0;7.0;48,8313100000;2,2620200000;
202100011680.0;1;92;92025;2;3;1.0;6.0;48,9286710000;2,2466280000;
202100011681.0;1;92;92024;2;1;8.0;6.0;48,9032674396;2,3052620888;
202100011682.0;1;92;92012;2;1;1.0;6.0;48,8313093574;2,2423078954;
202100011683.0;1;37;37077;1;4;1.0;3.0;47,3670243212;0,4176179320;
202100011684.0;5;06;06044;2;1;1.0;1.0;43,6843470000;7,0942890000;
202100011685.0;3;71;71105;1;1;1.0;5.0;46,3169990000;4,7981720000;
202100011686.0;3;63;63090;2;1;1.0;6.0;46,0300000000;3,1848550000;
202100011687.0;3;71;71204;1;1;1.0;6.0;46,8508880000;4,8277190000;
202100011688.0;1;83;83100;1;2;1.0;3.0;43,2866600000;6,1399570000;
202100011689.0;2;30;30060;2;6;1.0;6.0;43,7900580000;4,3871770000;
202100011690.0;2;62;62353;1;1;1.0;1.0;50,1110940000;2,8916250000;
202100011691.0;1;74;74183;1;1;1.0;7.0;46,1295830000;6,5073180000;
202100011692.0;5;74;74311;2;1;1.0;6.0;46,1509660000;6,4109300000;
202100011693.0;1;2A;2A139;2;1;1.0;7.0;41,6555990000;9,3207190000;
202100011694.0;1;82;82064;1;1;1.0;3.0;43,8084220000;1,0328380000;
202100011695.0;1;32;32290;1;1;8.0;7.0;43,9491650000;0,2142980000;
202100011696.0;3;89;89133;1;1;1.0;7.0;47,9783110000;3,1422090000;
202100011697.0;1;12;12185;1;1;1.0;1.0;44,2736680000;2,7272270000;
202100011698.0;1;42;42177;2;1;7.0;6.0;46,1427210000;4,1081920000;
202100011699.0;3;41;41059;1;1;1.0;6.0;47,4967780000;1,3364910000;
202100011700.0;1;39;39211;1;1;1.0;3.0;46,9093030000;5,4193440000;
202100011701.0;5;44;44154;2;6;1.0;6.0;47,2396690000; -2,1690570000;
202100011702.0;3;44;44061;1;1;1.0;1.0;47,2304100000; -1,9325420000;
202100011703.0;1;01;01138;2;1;1.0;6.0;45,8434500000;5,7886360000;
202100011704.0;1;06;06162;1;1;1.0;1.0;44,0770380000;7,6416560000;
202100011705.0;1;06;06038;1;1;1.0;3.0;43,6835110000;6,9732230000;
202100011706.0;1;06;06112;2;3;1.0;3.0;43,6743810000;7,0089210000;
202100011707.0;3;14;14191;1;1;1.0;3.0;49,3202830000; -0,4537650000;
202100011708.0;1;14;14342;1;2;1.0;3.0;49,3028800000; -1,1124520000;
202100011709.0;1;07;07327;1;1;1.0;4.0;44,5202310000;4,3324187000;
202100011710.0;1;53;53002;1;1;1.0;7.0;48,2359500000; -0,7518770000;
202100011711.0;1;24;24326;1;3;1.0;1.0;44,9878340000;1,0618790000;
202100011712.0;2;24;24064;2;3;1.0;1.0;45,3676520000;0,6488480000;
202100011713.0;3;24;24115;1;1;1.0;6.0;45,2713530000;0,6720970000;
202100011714.0;3;37;37050;1;6;1.0;6.0;47,3324801243;0,7465955200;
202100011715.0;2;30;30161;1;3;1.0;5.0;44,0246840000;4,1115470000;
202100011716.0;1;48;48072;1;1;1.0;7.0;44,5042490000;3,3404020000;
202100011717.0;4;52;52021;2;3;1.0;3.0;48,5252850000;4,9295060000;
202100011718.0;1;987;98715;2;1;1.0;2.0; -17,5845220000; -149,5685780000;
202100011719.0;3;973;97304;1;1;1.0;1.0;5,1210370000; -52,7412410000;
202100011720.0;1;971;97116;2;1;1.0;3.0;16,3347810000; -61,4600300000;
202100011721.0;5;971;97128;2;1;1.0;1.0;16,2257080000; -61,4096690000;
202100011722.0;3;28;28001;1;6;1.0;1.0;48,8060440000;1,4068290000;
202100011723.0;3;45;45335;1;1;1.0;6.0;47,8050270000;2,1094610000;
202100011724.0;1;66;66037;2;3;1.0;6.0;42,6950060000;3,0288310000;
202100011725.0;5;21;21173;1;1;1.0;6.0;47,0632753132;4,8664610027;
202100011726.0;5;88;88367;2;3;1.0;1.0;48,3440600000;6,6350880000;
202100011727.0;1;55;55069;1;1;7.0;3.0;48,8438300000;4,9907760000;
202100011728.0;5;03;03298;2;1;1.0;6.0;46,3113120000;3,4060780000;
202100011729.0;1;69;69243;2;1;1.0;6.0;45,8939060000;4,4358320000;
202100011730.0;1;69;69272;1;1;6.0;1.0;45,5923520000;4,8576950000;
202100011731.0;5;35;35257;2;6;1.0;2.0;48,4105200000; -1,3658340000;
202100011732.0;3;38;38544;1;1;1.0;6.0;45,5439548581;4,8425352573;
202100011733.0;2;33;33550;1;1;9.0;3.0;44,7627800000; -0,5476300000;
202100011734.0;1;33;33487;1;1;1.0;5.0;44,9404950000; -0,4664300000;
202100011735.0;2;33;33249;1;1;1.0;4.0;44,8792900000; -0,5337000000;
202100011736.0;1;59;59082;1;1;2.0;4.0;50,9707367371;2,3949309319;
202100011737.0;1;59;59588;1;1;1.0;2.0;51,0262356046;2,4222484823;
202100011738.0;1;91;91434;1;1;1.0;4.0;48,6682100000;2,3545400000;
202100011739.0;1;91;91434;1;1;1.0;2.0;48,6690193032;2,3516964912;
202100011740.0;1;91;91689;1;1;1.0;5.0;48,7296500000;2,3147400000;
202100011741.0;1;77;77251;1;1;1.0;6.0;48,6288700000;2,5368300000;
202100011742.0;1;91;91570;1;1;1.0;2.0;48,6250300000;2,3081200000;
202100011743.0;1;91;91286;1;1;2.0;4.0;48,6529700000;2,3814400000;
202100011744.0;1;78;78455;1;1;1.0;4.0;48,8605800000;2,0474000000;
202100011745.0;1;78;78206;1;1;1.0;4.0;48,9462370000;1,9478740000;
202100011746.0;3;78;78043;1;1;1.0;6.0;48,8306300000;2,0822500000;
202100011747.0;1;78;78396;1;1;1.0;6.0;48,9176770000;2,1184930000;
202100011748.0;1;93;93005;1;1;1.0;2.0;48,9469503739;2,4759894608;
202100011749.0;1;93;93005;2;1;1.0;6.0;48,9508885757;2,4745512892;
202100011750.0;3;95;95306;1;1;1.0;5.0;48,9953867530;2,1822940651;
202100011751.0;3;94;94017;1;1;1.0;3.0;48,8302008945;2,4957669959;
202100011752.0;1;69;69387;2;1;1.0;6.0;45,7397800000;4,8311500000;
202100011753.0;1;86;86194;2;1;1.0;6.0;46,5661840000;0,3503890000;
202100011754.0;1;76;76351;2;1;1.0;6.0;49,5000600000;0,1006700000;
202100011755.0;1;77;77326;2;3;1.0;6.0;48,5805326318;2,5593297202;
202100011756.0;1;86;86157;2;1;1.0;3.0;46,5366970000;0,4257660000;
202100011757.0;1;86;86194;2;1;1.0;2.0;46,5935390000;0,3404470000;
202100011758.0;1;02;02168;2;9;1.0;6.0;49,0437770000;3,3990930000;
202100011759.0;1;02;02168;2;9;1.0;2.0;49,0429080000;3,3915840000;
202100011760.0;1;74;74118;1;1;1.0;5.0;46,1809480000;6,2301980000;
202100011761.0;1;74;74042;1;1;1.0;6.0;46,0556920000;6,4424510000;
202100011762.0;1;976;97611;2;1;1.0;6.0; -12,7586300000;45,2309600000;
202100011763.0;2;974;97416;1;1;1.0;3.0; -21,3496900000;55,5039600000;
202100011764.0;3;974;97416;2;1;1.0;6.0; -21,3288100000;55,4523500000;
202100011765.0;1;974;97411;1;1;1.0;4.0; -20,8959200000;55,4736700000;
202100011766.0;5;69;69387;2;1;1.0;7.0;45,7391500000;4,8259500000;
202100011767.0;1;69;69259;2;1;8.0;3.0;45,7283400000;4,8543800000;
202100011768.0;1;972;97213;2;1;1.0;3.0;14,6295100000; -60,9781000000;
202100011769.0;5;69;69389;2;3;1.0;6.0;45,7714468558;4,7998982595;
202100011770.0;5;69;69381;2;3;1.0;3.0;45,7662780102;4,8380666971;
202100011771.0;1;91;91103;1;1;1.0;5.0;48,6105940000;2,2799880000;
202100011772.0;1;91;91114;2;3;1.0;3.0;48,7079400000;2,5188800000;
202100011773.0;5;91;91687;2;9;2.0;6.0;48,6634600000;2,3752400000;
202100011774.0;1;91;91228;2;2;1.0;6.0;48,6306870000;2,4502340000;
202100011775.0;1;85;85194;1;1;7.0;1.0;46,5282000000; -1,7525500000;
202100011776.0;3;84;84087;1;1;2.0;3.0;44,1098100000;4,7923700000;
202100011777.0;2;83;83137;2;1;1.0;3.0;43,1275100000;5,9051900000;
202100011778.0;5;81;81004;2;1;1.0;6.0;43,9212200000;2,1464300000;
202100011779.0;1;80;80021;2;1;1.0;6.0;49,8838700000;2,2865000000;
202100011780.0;1;80;80021;2;1;1.0;5.0;49,8918800000;2,2882900000;
202100011781.0;1;80;80021;2;1;1.0;6.0;49,8918700000;2,3125000000;
202100011782.0;1;77;77445;2;1;1.0;2.0;48,6054231015;2,5763439470;
202100011783.0;2;77;77186;1;1;2.0;7.0;48,3891200000;2,7119300000;
202100011784.0;1;77;77431;2;1;1.0;2.0;48,2787980000;2,6825720000;
202100011785.0;1;76;76391;1;1;1.0;7.0;49,3091043973;0,9789617483;
202100011786.0;1;76;76351;2;3;1.0;3.0;49,5232000000;0,1138200000;
202100011787.0;1;76;76351;2;3;1.0;3.0;49,5022000000;0,1846800000;
202100011788.0;1;76;76217;2;1;1.0;6.0;49,9258500000;1,0706000000;
202100011789.0;5;71;71076;2;2;1.0;6.0;46,7974200000;4,8550400000;
202100011790.0;5;69;69266;2;3;1.0;3.0;45,7569100000;4,8802300000;
202100011791.0;1;68;68224;2;1;1.0;6.0;47,7440000000;7,3350000000;
202100011792.0;1;67;67482;2;1;1.0;3.0;48,5737600000;7,7710800000;
202100011793.0;1;66;66136;1;1;1.0;2.0;42,7094700000;2,9146200000;
202100011794.0;1;66;66136;2;1;1.0;6.0;42,6862900000;2,8819600000;
202100011795.0;1;65;65440;2;1;1.0;6.0;43,2336040000;0,0743030000;
202100011796.0;1;64;64483;2;1;2.0;1.0;43,3889900000; -1,6398500000;
202100011797.0;1;62;62033;2;1;1.0;6.0;50,4631910000;2,8976700000;
202100011798.0;5;62;62193;2;1;8.0;3.0;50,9432000000;1,8716300000;
202100011799.0;3;57;57441;1;1;2.0;2.0;49,3870900000;6,1685500000;
202100011800.0;1;56;56083;2;1;1.0;1.0;47,8042308000; -3,2689710000;
202100011801.0;1;50;50129;2;1;1.0;7.0;49,6376300000; -1,6241700000;
202100011802.0;1;49;49328;2;1;1.0;6.0;47,2670900000; -0,0697100000;
202100011803.0;5;49;49099;2;6;1.0;6.0;47,0501100000; -0,8723700000;
202100011804.0;1;49;49007;2;1;1.0;3.0;47,4534500000; -0,5577900000;
202100011805.0;1;49;49007;2;1;1.0;2.0;47,4735500000; -0,5856900000;
202100011806.0;1;49;49007;2;1;2.0;7.0;47,4542100000; -0,5341200000;
202100011807.0;1;49;49007;2;1;1.0;7.0;47,4739300000; -0,5544200000;
202100011808.0;1;45;45234;2;1;1.0;3.0;47,8996259281;1,8790376186;
202100011809.0;1;45;45234;2;2;1.0;1.0;47,9128800000;1,9124900000;
202100011810.0;3;44;44184;1;6;3.0;6.0;47,2858200000; -2,2500320000;
202100011811.0;5;44;44109;2;1;1.0;6.0;47,2377800000; -1,5859700000;
202100011812.0;5;44;44109;2;1;2.0;6.0;47,2450600000; -1,5759800000;
202100011813.0;1;44;44109;2;6;1.0;3.0;47,2258760000; -1,5707170000;
202100011814.0;1;42;42218;2;1;1.0;1.0;45,4278300000;4,4064600000;
202100011815.0;5;37;37233;2;1;1.0;6.0;47,3897708163;0,7261218816;
202100011816.0;1;37;37233;2;9;1.0;6.0;47,3899833909;0,7172194947;
202100011817.0;1;37;37214;2;1;8.0;6.0;47,4291034026;0,6630527973;
202100011818.0;1;35;35238;2;1;8.0;6.0;48,1110900000; -1,6491400000;
202100011819.0;1;35;35238;2;1;1.0;6.0;48,0908100000; -1,6806100000;
202100011820.0;1;35;35238;1;9;1.0;2.0;48,1108200000; -1,7180700000;
202100011821.0;5;35;35238;2;1;1.0;6.0;48,1053000000; -1,6506200000;
202100011822.0;5;35;35115;2;1;1.0;6.0;48,3500350000; -1,1813370000;
202100011823.0;1;31;31149;2;2;1.0;2.0;43,5969200000;1,3637900000;
202100011824.0;5;28;28085;2;1;1.0;3.0;48,4292000000;1,5133100000;
202100011825.0;1;22;22113;2;1;1.0;7.0;48,7506965216; -3,4922704695;
202100011826.0;3;15;15014;1;1;3.0;6.0;44,9376690000;2,4265840000;
202100011827.0;5;13;13209;2;1;1.0;3.0;43,2461395339;5,4175267586;
202100011828.0;5;13;13215;2;9;1.0;3.0;43,3470325770;5,3679226097;
202100011829.0;1;13;13211;2;9;1.0;3.0;43,2869501681;5,5142033100;
202100011830.0;1;13;13210;2;1;2.0;6.0;43,2748685995;5,4156565539;
202100011831.0;1;13;13205;2;1;1.0;6.0;43,2984200000;5,3924300000;
202100011832.0;2;13;13047;2;1;1.0;2.0;43,4927500000;4,9998400000;
202100011833.0;1;13;13005;2;2;1.0;2.0;43,3164037751;5,5869655204;
202100011834.0;1;10;10387;2;2;2.0;3.0;48,2800400000;4,0772800000;
202100011835.0;1;10;10387;2;1;7.0;4.0;48,3054300000;4,0517900000;
202100011836.0;1;10;10362;2;1;1.0;3.0;48,2937100000;4,0535700000;
202100011837.0;5;06;06083;2;6;1.0;6.0;43,7744200000;7,5012600000;
202100011838.0;5;75;75120;2;1;1.0;4.0;48,8518140000;2,4152150000;
202100011839.0;1;75;75112;2;4;1.0;3.0;48,8301310000;2,4021310000;
202100011840.0;1;75;75119;2;1;3.0;6.0;48,8843950000;2,3660900000;
202100011841.0;5;75;75106;2;7;6.0;1.0;48,8442150000;2,3242330000;
202100011842.0;1;75;75120;2;1;1.0;6.0;48,8726750000;2,3790980000;