Num_Acc;lum;departement;commune;agglomeration;intersection;meteo;type_collision;lat;long;date
202100013158.0;2;47;47106;2;1;1.0;6.0;44,4978370000;0,9850200000;
202100013159.0;5;31;31091;1;1;1.0;2.0;43,7121260000;1,4038790000;
202100013160.0;5;31;31091;1;1;1.0;1.0;43,7126110000;1,4038570000;
202100013161.0;1;70;70309;1;1;7.0;4.0;47,4540031000;6,2267140200;
202100013162.0;1;50;50401;1;1;1.0;6.0;49,4705890000; -1,7660250000;
202100013163.0;4;50;50185;1;6;1.0;7.0;48,8510980000; -1,2339660000;
202100013164.0;1;83;83082;1;1;1.0;3.0;43,6344250000;6,4829580000;
202100013165.0;1;73;73191;2;1;7.0;1.0;45,5828898167;5,7577967048;
202100013166.0;2;36;36006;2;1;1.0;3.0;46,5779000000;1,5125300000;
202100013167.0;1;36;36225;1;1;1.0;1.0;46,9817646597;1,2471452510;
202100013168.0;1;53;53150;1;1;1.0;6.0;47,7880970000; -0,6802460000;
202100013169.0;1;85;85288;2;1;1.0;7.0;46,4717850000; -1,6045030000;
202100013170.0;2;85;85047;2;6;1.0;1.0;46,8396230000; -1,8654450000;
202100013171.0;1;27;27252;1;2;1.0;3.0;49,1702570000;0,4273780000;
202100013172.0;2;17;17267;2;3;1.0;2.0;46,2260930000; -0,9242170000;
202100013173.0;3;53;53116;1;1;1.0;1.0;48,3623230000; -0,4463200000;
202100013174.0;2;34;34157;1;1;1.0;3.0;43,4512837740;3,5947195103;
202100013175.0;4;971;97103;2;1;1.0;6.0;16,2529480000; -61,5570670000;
202100013176.0;1;95;95371;2;1;1.0;7.0;49,0956886788;2,5136429071;
202100013177.0;3;60;60369;1;1;1.0;4.0;49,3208980000;2,6876380000;
202100013178.0;1;77;77185;1;1;5.0;2.0;48,4650680000;2,5493430000;
202100013179.0;3;2A;2A247;2;1;1.0;3.0;41,5920930000;9,2138280000;
202100013180.0;1;83;83065;2;1;1.0;1.0;43,2418190000;6,5625070000;
202100013181.0;1;88;88321;1;1;1.0;7.0;48,3855700000;5,7192310000;
202100013182.0;1;38;38061;1;9;1.0;1.0;45,3163170000;5,6220500000;
202100013183.0;1;69;69136;2;9;1.0;3.0;45,6126235023;4,7703418945;
202100013184.0;3;79;79116;1;1;1.0;6.0;46,8332530000; -0,3774620000;
202100013185.0;1;33;33312;1;1;1.0;1.0;44,9507680000; -0,5548100000;
202100013186.0;3;27;27412;2;1;1.0;6.0;49,2494170000;1,0845890000;
202100013187.0;5;27;27022;2;1;1.0;6.0;49,1716600000;1,2853470000;
202100013188.0;1;59;59438;1;1;1.0;7.0;50,1342100000;3,1831170000;
202100013189.0;3;13;13019;1;1;1.0;5.0;43,4182800000;5,3660320000;
202100013190.0;5;69;69266;1;1;1.0;5.0;45,7530441329;4,9081070885;
202100013191.0;1;33;33249;1;1;1.0;2.0;44,8829680000; -0,5115360000;
202100013192.0;1;33;33487;1;1;1.0;2.0;44,9529200000; -0,4586010000;
202100013193.0;1;33;33122;1;1;1.0;4.0;44,7460900000; -0,7015480000;
202100013194.0;1;33;33192;1;1;1.0;2.0;44,7787780000; -0,6427240000;
202100013195.0;1;77;77384;1;1;1.0;5.0;48,6011200000;2,6020800000;
202100013196.0;1;78;78208;1;1;1.0;4.0;48,8000110000;1,9814460000;
202100013197.0;1;92;92050;1;1;1.0;4.0;48,8994409346;2,2132295911;
202100013198.0;1;92;92050;1;1;1.0;3.0;48,9144082563;2,2192671027;
202100013199.0;5;92;92047;1;1;1.0;2.0;48,8337781136;2,1637831213;
202100013200.0;1;92;92036;1;1;1.0;4.0;48,9353585481;2,2851630231;
202100013201.0;3;92;92078;1;1;1.0;6.0;48,9292825328;2,3293871689;
202100013202.0;1;69;69259;2;2;1.0;2.0;45,7193592420;4,8544791341;
202100013203.0;1;11;11069;2;3;1.0;3.0;43,2057300000;2,3340300000;
202100013204.0;1;976;97611;2;1;8.0;3.0; -12,7780700000;45,2255600000;
202100013205.0;5;974;97416;2;1;1.0;1.0; -21,3424500000;55,4859000000;
202100013206.0;1;974;97411;2;2;1.0;6.0; -20,8789700000;55,4500800000;
202100013207.0;5;69;69386;2;3;1.0;3.0;45,7642300000;4,8583600000;
202100013208.0;1;69;69259;2;1;1.0;3.0;45,7202700000;4,8852900000;
202100013209.0;1;69;69259;2;1;1.0;3.0;45,7156600000;4,8815500000;
202100013210.0;1;69;69259;2;4;7.0;1.0;45,7130900000;4,8768200000;
202100013211.0;1;972;97213;1;1;1.0;3.0;14,6327950000; -61,0235530000;
202100013212.0;5;69;69382;1;9;1.0;6.0;45,7492500000;4,8284100000;
202100013213.0;1;69;69381;2;1;1.0;3.0;45,7711424071;4,8380580539;
202100013214.0;1;69;69149;2;1;1.0;3.0;45,7173542447;4,8116160929;
202100013215.0;1;69;69384;2;6;1.0;6.0;45,7734110000;4,8124000000;
202100013216.0;1;2B;2B037;2;1;1.0;3.0;42,6216400000;9,4435800000;
202100013217.0;1;95;95218;2;1;1.0;6.0;49,0222350000;2,1052490000;
202100013218.0;1;95;95018;2;1;1.0;6.0;48,9497000000;2,2614400000;
202100013219.0;1;95;95176;2;3;1.0;3.0;48,9634412952;2,2008995156;
202100013220.0;1;91;91345;2;1;1.0;6.0;48,6923300000;2,3005400000;
202100013221.0;1;91;91326;2;1;1.0;6.0;48,6951500000;2,3710900000;
202100013222.0;5;87;87085;2;1;1.0;7.0;45,8188000000;1,2643300000;
202100013223.0;1;86;86194;2;2;1.0;3.0;46,5709320000;0,3545585000;
202100013224.0;3;84;84007;2;1;1.0;3.0;43,9529000000;4,8199000000;
202100013225.0;1;83;83069;2;1;1.0;3.0;43,1210200000;6,1345900000;
202100013226.0;1;80;80021;2;1;1.0;3.0;49,8856400000;2,2708900000;
202100013227.0;5;78;78490;1;1;2.0;5.0;48,8157600000;1,9588900000;
202100013228.0;1;77;77083;2;3;1.0;3.0;48,8555200000;2,5849300000;
202100013229.0;1;77;77333;2;1;1.0;3.0;48,2670000000;2,6986800000;
202100013230.0;1;77;77186;2;1;1.0;6.0;48,4060270000;2,6891320000;
202100013231.0;1;76;76575;2;1;1.0;6.0;49,3919030356;1,0914553373;
202100013232.0;1;76;76382;1;1;1.0;3.0;49,5879204449;0,5361843109;
202100013233.0;1;74;74008;2;1;1.0;3.0;46,1976564357;6,2225476530;
202100013234.0;1;74;74118;2;6;1.0;3.0;46,1770000000;6,2348500000;
202100013235.0;5;72;72181;2;1;1.0;3.0;47,9968000000;0,1935900000;
202100013236.0;1;69;69266;2;1;1.0;6.0;45,7715300000;4,8814500000;
202100013237.0;1;69;69264;2;1;1.0;2.0;45,9795600000;4,7176000000;
202100013238.0;1;66;66136;2;1;1.0;6.0;42,6870900000;2,9061000000;
202100013239.0;1;66;66136;2;3;1.0;3.0;42,6948700000;2,9010500000;
202100013240.0;1;65;65440;2;9;1.0;3.0;43,2482720000;0,0754830000;
202100013241.0;2;64;64445;2;3;1.0;3.0;43,3197842405; -0,3672909737;
202100013242.0;5;64;64269;1;1;1.0;2.0;43,2992975574; -0,3069761395;
202100013243.0;1;60;60463;2;1;5.0;6.0;49,2663000000;2,4629600000;
202100013244.0;1;59;59599;2;1;1.0;6.0;50,7279563812;3,1688700973;
202100013245.0;1;59;59456;2;3;1.0;3.0;50,3741500000;3,2259600000;
202100013246.0;5;58;58194;2;1;1.0;2.0;47,0032500000;3,1545400000;
202100013247.0;1;57;57463;2;3;1.0;6.0;49,1157800000;6,1906900000;
202100013248.0;2;56;56260;2;3;1.0;1.0;47,6710100000; -2,7683500000;
202100013249.0;1;56;56251;1;1;1.0;2.0;47,6432800000; -2,6932000000;
202100013250.0;1;54;54079;2;1;1.0;6.0;48,8834300000;6,0451900000;
202100013251.0;1;54;54328;2;4;1.0;3.0;48,6237622575;6,1737610999;
202100013252.0;1;54;54304;2;2;7.0;3.0;48,6941943614;6,1316525361;
202100013253.0;1;54;54547;2;1;1.0;3.0;48,6603709737;6,1596169498;
202100013254.0;1;54;54395;2;7;1.0;2.0;48,6933450000;6,1678550000;
202100013255.0;5;54;54395;2;2;1.0;7.0;48,6865000000;6,1842300000;
202100013256.0;1;51;51454;2;1;1.0;6.0;49,2724800000;4,0264100000;
202100013257.0;1;49;49007;1;1;1.0;2.0;47,4694660000; -0,5951220000;
202100013258.0;1;49;49007;1;1;1.0;4.0;47,4835000000; -0,5491000000;
202100013259.0;1;49;49007;2;1;1.0;7.0;47,4461200000; -0,5621000000;
202100013260.0;1;45;45285;2;1;1.0;6.0;47,8988200000;1,8735800000;
202100013261.0;1;44;44109;2;1;1.0;6.0;47,2397300000; -1,5743000000;
202100013262.0;3;42;42183;1;1;1.0;2.0;45,4187872366;4,3702336451;
202100013263.0;1;38;38185;2;1;1.0;3.0;45,1887960000;5,7183030000;
202100013264.0;1;37;37208;2;1;1.0;6.0;47,3650845480;0,7185852528;
202100013265.0;1;37;37122;2;1;1.0;6.0;47,3483838189;0,6604690321;
202100013266.0;5;37;37261;2;1;1.0;2.0;47,3710503377;0,6966233253;
202100013267.0;1;37;37214;2;1;1.0;3.0;47,4121442112;0,6595250219;
202100013268.0;1;36;36202;2;1;1.0;2.0;46,7757900000;1,6486600000;
202100013269.0;2;35;35238;2;2;1.0;3.0;48,1161000000; -1,6645600000;
202100013270.0;1;35;35238;2;3;1.0;3.0;48,1071400000; -1,7338900000;
202100013271.0;1;35;35051;2;3;7.0;6.0;48,1347000000; -1,6229800000;
202100013272.0;5;33;33063;2;1;1.0;6.0;44,8318000000; -0,5768900000;
202100013273.0;2;33;33249;2;1;1.0;6.0;44,8757300000; -0,5186500000;
202100013274.0;1;33;33063;2;1;1.0;6.0;44,8358400000; -0,5675300000;
202100013275.0;5;33;33063;2;2;1.0;5.0;44,8294600000; -0,5549300000;
202100013276.0;5;33;33529;2;3;1.0;3.0;44,6304300000; -1,1302600000;
202100013277.0;1;31;31483;2;1;1.0;7.0;43,1052100000;0,7289100000;
202100013278.0;1;30;30189;2;1;1.0;2.0;43,8279700000;4,3759100000;
202100013279.0;1;30;30243;2;6;1.0;3.0;44,0816000000;4,0777000000;
202100013280.0;3;29;29232;2;6;1.0;3.0;47,9797100000; -4,1222400000;
202100013281.0;1;29;29019;2;3;1.0;3.0;48,3898969642; -4,4855429381;
202100013282.0;2;22;22360;1;1;1.0;3.0;48,4649280000; -2,7791570000;
202100013283.0;1;22;22113;2;6;1.0;3.0;48,7463448143; -3,4666628837;
202100013284.0;1;22;22113;2;2;1.0;7.0;48,7280300000; -3,4653000000;
202100013285.0;1;17;17028;2;1;1.0;1.0;46,1276600000; -1,1283100000;
202100013286.0;1;14;14566;2;6;1.0;3.0;49,2029700000; -0,3920000000;
202100013287.0;5;14;14437;2;9;1.0;1.0;49,1806990000; -0,3267620000;
202100013288.0;1;14;14327;2;9;1.0;3.0;49,2110310000; -0,3438640000;
202100013289.0;5;13;13117;2;1;1.0;6.0;43,4289043503;5,2693682474;
202100013290.0;1;13;13210;2;3;1.0;3.0;43,2832800000;5,4014600000;
202100013291.0;5;13;13208;2;1;1.0;7.0;43,2320100000;5,3556700000;
202100013292.0;1;13;13204;2;3;1.0;1.0;43,3112500000;5,4013000000;
202100013293.0;1;13;13210;2;1;1.0;1.0;43,2762834008;5,3972078100;
202100013294.0;1;13;13001;1;9;1.0;1.0;43,4896600000;5,4074800000;
202100013295.0;1;07;07229;2;1;1.0;3.0;44,6171770000;4,4104080000;
202100013296.0;1;06;06088;2;1;1.0;6.0;43,7017840000;7,2946490000;
202100013297.0;1;06;06029;2;1;1.0;1.0;43,5549280000;7,0089700000;
202100013298.0;1;06;06027;2;1;1.0;6.0;43,6605510000;7,1494630000;
202100013299.0;1;06;06004;2;1;1.0;3.0;43,5809050000;7,1128650000;
202100013300.0;5;03;03310;2;1;1.0;3.0;46,1244800000;3,4296600000;
202100013301.0;1;75;75118;2;4;1.0;6.0;48,8937590000;2,3478860000;
202100013302.0;1;75;75117;2;3;1.0;6.0;48,8789950000;2,2927820000;
202100013303.0;2;75;75117;2;2;1.0;3.0;48,8862070000;2,3177200000;
202100013304.0;5;75;75116;2;3;1.0;6.0;48,8622940000;2,2293390000;
202100013305.0;1;75;75116;2;3;1.0;3.0;48,8372020000;2,2596010000;
202100013306.0;5;75;75114;2;1;1.0;6.0;48,8273220000;2,3266970000;
202100013307.0;1;75;75114;2;1;1.0;6.0;48,8310070000;2,3147350000;
202100013308.0;1;75;75112;2;3;1.0;3.0;48,8477918851;2,3906207085;
202100013309.0;5;75;75112;2;1;1.0;6.0;48,8378160000;2,3905980000;
202100013310.0;5;75;75112;2;3;1.0;3.0;48,8292250000;2,3903730000;
202100013311.0;5;75;75112;2;3;1.0;3.0;48,8408260000;2,3739210000;
202100013312.0;5;75;75111;2;3;1.0;6.0;48,8630990000;2,3761920000;
202100013313.0;5;75;75110;2;2;1.0;6.0;48,8722780000;2,3559350000;
202100013314.0;1;75;75108;2;3;1.0;3.0;48,8800210000;2,3215570000;
202100013315.0;1;75;75104;2;4;1.0;7.0;48,8470810000;2,3649860000;
202100013316.0;1;75;75104;2;2;1.0;3.0;48,8553470000;2,3528380000;
202100013317.0;1;94;94078;2;1;1.0;3.0;48,7482400000;2,4459700000;
202100013318.0;1;94;94068;2;2;1.0;3.0;48,8128600000;2,4796300000;
202100013319.0;5;94;94046;2;1;1.0;2.0;48,7997400000;2,4376100000;
202100013320.0;1;94;94073;1;1;1.0;3.0;48,7534700000;2,3770400000;
202100013321.0;1;94;94073;2;1;1.0;3.0;48,7727500000;2,4000600000;
202100013322.0;1;94;94033;2;1;1.0;2.0;48,8513000000;2,4511000000;
202100013323.0;1;94;94028;2;2;1.0;6.0;48,7935700000;2,4612700000;
202100013324.0;1;94;94022;2;3;1.0;6.0;48,7624400000;2,4066200000;
202100013325.0;1;94;94079;2;1;1.0;2.0;48,8270000000;2,5330000000;
202100013326.0;1;94;94017;2;6;1.0;4.0;48,8270100000;2,5103700000;
202100013327.0;5;94;94002;2;2;1.0;7.0;48,7889000000;2,4289000000;
202100013328.0;5;94;94002;2;3;1.0;3.0;48,7963200000;2,4289100000;
202100013329.0;1;93;93048;2;1;1.0;3.0;48,8575300000;2,4332000000;
202100013330.0;1;93;93006;2;1;1.0;6.0;48,8711000000;2,4308000000;
202100013331.0;1;93;93031;2;2;7.0;1.0;48,9489356728;2,3331490159;
202100013332.0;1;93;93029;2;2;1.0;3.0;48,9284900000;2,4304500000;
202100013333.0;1;93;93029;2;1;1.0;5.0;48,9189930173;2,4513586849;
202100013334.0;1;93;93010;2;1;1.0;6.0;48,8945300000;2,4992000000;
202100013335.0;1;92;92064;2;1;1.0;6.0;48,8606330854;2,2080668807;
202100013336.0;1;92;92050;2;4;1.0;3.0;48,8968800000;2,2240300000;
202100013337.0;5;92;92050;2;1;1.0;6.0;48,8794777060;2,2081384855;
202100013338.0;1;92;92050;2;1;1.0;6.0;48,8925373891;2,1958538260;
202100013339.0;2;92;92020;2;1;1.0;3.0;48,8090900000;2,2983900000;
202100013340.0;1;92;92049;2;2;1.0;3.0;48,8171980000;2,3288020000;
202100013341.0;1;54;54314;2;1;1.0;6.0;49,5030953953;5,7335811861;
202100013342.0;1;974;97414;2;1;1.0;1.0; -21,2802800000;55,4514390000;
202100013343.0;1;63;63426;1;2;7.0;3.0;45,5857830000;2,6468470000;
202100013344.0;5;31;31202;2;1;1.0;6.0;43,8309740000;1,3907150000;
202100013345.0;5;72;72080;2;6;1.0;3.0;48,1697350000;0,6692220000;
202100013346.0;1;72;72084;1;1;1.0;3.0;47,7471300000;0,0018900000;
202100013347.0;1;60;60636;1;1;1.0;2.0;49,4885680000;2,8736840000;
202100013348.0;1;16;16105;1;1;1.0;7.0;45,4180940000; -0,1487450000;
202100013349.0;1;973;97309;2;1;1.0;3.0;4,9000230000; -52,2737430000;
202100013350.0;3;01;01142;1;1;1.0;2.0;45,8426430000;5,0640960000;
202100013351.0;1;21;21086;1;1;1.0;7.0;46,9690670000;4,8385120000;
202100013352.0;2;38;38351;1;1;1.0;1.0;45,5484910000;5,2562610000;
202100013353.0;3;974;97421;1;1;1.0;6.0; -21,0082200000;55,5651780000;
202100013354.0;1;26;26235;2;6;1.0;3.0;44,3705640000;4,6958990000;
202100013355.0;3;46;46085;1;1;1.0;6.0;44,5760210000;2,1314010000;
202100013356.0;1;33;33238;2;1;1.0;3.0;44,7349970000; -0,5985400000;
202100013357.0;3;13;13112;1;1;1.0;2.0;43,5150340000;5,2313940000;
202100013358.0;3;13;13005;1;1;1.0;2.0;43,2891000000;5,5505000000;
202100013359.0;3;13;13117;1;1;1.0;1.0;43,4323700000;5,2572600000;
202100013360.0;1;33;33122;1;1;1.0;6.0;44,7549070000; -0,6878860000;
202100013361.0;5;33;33039;1;1;1.0;5.0;44,8076880000; -0,5276050000;
202100013362.0;1;77;77384;1;1;1.0;2.0;48,6037800000;2,5931700000;
202100013363.0;1;91;91689;1;1;1.0;2.0;48,7259600000;2,3131000000;
202100013364.0;1;94;94038;1;1;1.0;2.0;48,7746700000;2,3459100000;
202100013365.0;3;91;91377;1;1;1.0;4.0;48,7243000000;2,2991700000;
202100013366.0;5;78;78524;1;1;1.0;6.0;48,8404400000;2,1140700000;
202100013367.0;3;92;92078;1;1;1.0;6.0;48,9311292993;2,3235279586;
202100013368.0;1;93;93066;1;1;1.0;3.0;48,9219293849;2,3630047717;
202100013369.0;5;93;93008;1;1;1.0;3.0;48,9069000000;2,4558000000;
202100013370.0;1;93;93006;1;1;1.0;5.0;48,8695473617;2,4299369253;
202100013371.0;1;95;95582;1;1;1.0;5.0;48,9807130000;2,2410550000;
202100013372.0;3;93;93078;1;1;1.0;7.0;48,9609000000;2,5243300000;
202100013373.0;1;93;93027;1;1;1.0;5.0;48,9281222552;2,4177539349;
202100013374.0;1;94;94079;1;1;1.0;4.0;48,8354458972;2,5387118132;
202100013375.0;1;94;94028;1;9;1.0;2.0;48,8030108828;2,4483130603;
202100013376.0;1;77;77055;1;1;1.0;2.0;48,9013000000;2,6516000000;
202100013377.0;3;77;77018;2;1;1.0;2.0;48,8431600000;2,8150000000;
202100013378.0;3;75;75112;1;1;1.0;4.0;48,8220800000;2,4627800000;
202100013379.0;1;05;05023;2;4;1.0;3.0;44,8917400000;6,6368800000;
202100013380.0;1;05;05023;2;1;2.0;6.0;44,8966600000;6,6348900000;
202100013381.0;5;75;75120;2;1;1.0;2.0;48,8581330000;2,4141100000;
202100013382.0;1;75;75118;2;1;1.0;3.0;48,9006160000;2,3303490000;
202100013383.0;1;75;75112;2;1;1.0;3.0;48,8283530000;2,3975960000;
202100013384.0;1;75;75117;2;2;1.0;2.0;48,8840340000;2,3184940000;
202100013385.0;2;75;75116;2;2;1.0;3.0;48,8573450000;2,2647040000;
202100013386.0;1;75;75112;2;2;1.0;3.0;48,8480310000;2,3928910000;
202100013387.0;5;75;75111;2;3;1.0;6.0;48,8609890000;2,3748410000;
202100013388.0;1;75;75110;2;2;1.0;6.0;48,8693300000;2,3633850000;
202100013389.0;1;75;75108;2;1;1.0;3.0;48,8640277937;2,3135447502;
202100013390.0;1;75;75108;2;1;1.0;3.0;48,8662790000;2,3138420000;
202100013391.0;2;75;75103;2;3;1.0;7.0;48,8564590000;2,3643120000;
202100013392.0;1;75;75102;2;3;1.0;3.0;48,8651110000;2,3439070000;
202100013393.0;1;94;94078;2;4;1.0;2.0;48,7553500000;2,4443100000;
202100013394.0;1;94;94068;2;1;1.0;4.0;48,8080300000;2,4734200000;
202100013395.0;1;94;94058;2;2;1.0;6.0;48,8373000000;2,5036730000;
202100013396.0;1;94;94003;2;1;1.0;6.0;48,7986300000;2,3458700000;
202100013397.0;1;94;94033;2;1;1.0;3.0;48,8533400000;2,4920200000;
202100013398.0;1;94;94028;2;1;1.0;6.0;48,7947530000;2,4455280000;
202100013399.0;4;94;94022;2;1;1.0;2.0;48,7695259945;2,4094390868;
202100013400.0;3;94;94002;2;9;1.0;2.0;48,7958980000;2,4290640000;
202100013401.0;1;94;94002;2;1;1.0;6.0;48,7950680000;2,4253420000;
202100013402.0;4;93;93073;2;2;1.0;3.0;48,9425500000;2,5758500000;
202100013403.0;1;93;93039;2;1;1.0;5.0;48,9347748002;2,3425877094;
202100013404.0;5;93;93064;2;2;1.0;6.0;48,8668948454;2,4977683383;
202100013405.0;2;93;93055;2;1;1.0;3.0;48,8944582801;2,4193766713;
202100013406.0;1;93;93051;2;1;1.0;6.0;48,8451200000;2,5387500000;
202100013407.0;2;93;93048;2;1;1.0;7.0;48,8628800000;2,4582400000;
202100013408.0;5;93;93077;2;1;1.0;2.0;48,8835156911;2,5114792585;
202100013409.0;1;93;93079;2;2;7.0;1.0;48,9645063815;2,3441771744;
202100013410.0;1;93;93008;2;9;1.0;3.0;48,9086470410;2,4454772472;
202100013411.0;1;93;93027;2;6;1.0;2.0;48,9355700000;2,3873400000;
202100013412.0;1;93;93010;2;9;1.0;2.0;48,8912700000;2,4957500000;
202100013413.0;1;93;93057;2;1;1.0;1.0;48,9137290953;2,4980247784;
202100013414.0;1;92;92046;2;3;1.0;3.0;48,8195535467;2,3061525822;
202100013415.0;1;92;92073;2;1;1.0;3.0;48,8643770000;2,2266170000;
202100013416.0;1;92;92022;2;1;1.0;6.0;48,8015868506;2,1853761993;
202100013417.0;1;92;92064;2;1;1.0;3.0;48,8423200000;2,2066800000;
202100013418.0;1;92;92050;2;4;1.0;2.0;48,9068811292;2,2186964750;
202100013419.0;1;92;92049;2;1;1.0;3.0;48,8202517150;2,3157120067;
202100013420.0;5;92;92048;2;1;1.0;7.0;48,8099646861;2,2362499900;
202100013421.0;1;92;92048;2;1;1.0;6.0;48,8189400000;2,2293000000;
202100013422.0;2;92;92044;2;2;1.0;4.0;48,8958500000;2,2965500000;
202100013423.0;1;92;92026;2;1;1.0;2.0;48,8994796118;2,2717854381;
202100013424.0;1;92;92025;2;1;1.0;6.0;48,9323446475;2,2578634322;
202100013425.0;1;92;92024;2;3;1.0;3.0;48,9017158431;2,3073620469;
202100013426.0;1;92;92012;2;1;1.0;3.0;48,8402650902;2,2397638857;
202100013427.0;1;01;01333;2;1;1.0;6.0;45,9281170000;4,9525850000;
202100013428.0;1;43;43178;2;3;1.0;3.0;45,3106971192;3,5377974808;
202100013429.0;1;11;11067;1;2;1.0;3.0;43,2125420000;2,8437750000;
202100013430.0;1;28;28158;1;1;1.0;1.0;48,4092800000;1,4204000000;
202100013431.0;1;42;42032;1;1;1.0;7.0;45,5297080000;4,5145600000;
202100013432.0;1;974;97413;1;1;1.0;5.0; -21,1992090000;55,2845980000;
202100013433.0;2;50;50420;1;2;1.0;2.0;49,0609290000; -1,2024720000;
202100013434.0;1;47;47156;1;1;1.0;6.0;44,4893840000;0,0829820000;
202100013435.0;1;37;37142;1;1;1.0;3.0;47,0413226783;0,5802447146;
202100013436.0;3;57;57490;1;3;1.0;3.0;48,7738150000;6,5698400000;
202100013437.0;1;56;56078;1;1;1.0;3.0;47,7550790000; -3,5140800000;
202100013438.0;1;56;56231;1;1;1.0;6.0;47,7145738790; -2,6490850700;
202100013439.0;1;76;76509;1;1;1.0;3.0;49,4679990000;1,2301360000;
202100013440.0;1;80;80062;1;2;1.0;3.0;49,8370970000;1,7654730000;
202100013441.0;1;32;32406;1;2;7.0;3.0;43,6893460000;0,8259700000;
202100013442.0;1;42;42019;2;1;1.0;6.0;45,7475850000;4,0007990000;
202100013443.0;1;47;47049;2;1;1.0;6.0;44,4424130000;0,6250350000;
202100013444.0;1;29;29225;2;2;1.0;6.0;47,9600885605; -4,3561316651;
202100013445.0;5;31;31182;2;3;1.0;1.0;43,6727630000;1,4098440000;
202100013446.0;1;02;02318;2;1;1.0;6.0;49,5445720000;3,2904960000;
202100013447.0;2;84;84020;1;1;1.0;6.0;43,8117070000;5,3435610000;
202100013448.0;1;01;01305;1;1;1.0;6.0;46,4463740000;4,9054970000;
202100013449.0;2;26;26166;1;2;1.0;3.0;44,7408960000;4,8067550000;
202100013450.0;3;58;58110;1;1;1.0;7.0;47,1784510000;3,7252610000;
202100013451.0;1;72;72351;1;3;1.0;3.0;48,1427200000; -0,0503700000;
202100013452.0;3;60;60029;1;1;1.0;2.0;49,3578690000;1,9836370000;
202100013453.0;2;45;45222;1;1;1.0;7.0;48,0934380000;2,7366260000;
202100013454.0;1;36;36030;1;4;1.0;3.0;46,6170210000;1,7770600000;
202100013455.0;1;07;07334;1;1;1.0;7.0;44,4133480000;4,1572790000;
202100013456.0;2;53;53147;2;2;1.0;3.0;48,3088570000; -0,6232490000;
202100013457.0;1;27;27050;1;1;1.0;6.0;49,0962670000;0,7580140000;
202100013458.0;1;88;88141;1;1;5.0;1.0;48,2671270000;5,8969760000;
202100013459.0;1;49;49092;1;1;1.0;2.0;47,2762740000; -0,6155350000;
202100013460.0;1;01;01304;1;1;1.0;2.0;46,0472560000;5,3256120000;
202100013461.0;1;66;66195;1;1;1.0;3.0;42,6842500000;2,8073120000;
202100013462.0;1;06;06083;1;1;1.0;2.0;43,7972360000;7,4825260000;
202100013463.0;1;95;95379;1;1;1.0;1.0;49,1121550000;1,7857290000;
202100013464.0;1;34;34327;1;3;1.0;3.0;43,6627140000;3,9789070000;
202100013465.0;1;89;89427;1;1;1.0;4.0;47,7516570000;3,5450120000;
202100013466.0;3;58;58160;1;1;1.0;3.0;47,0001800000;3,0774000000;
202100013467.0;1;21;21038;2;2;1.0;3.0;47,1917410000;5,3914090000;
202100013468.0;2;57;57481;2;3;5.0;7.0;49,2208310000;6,0138240000;
202100013469.0;1;01;01202;1;1;1.0;6.0;45,8969000000;5,3379290000;
202100013470.0;1;17;17283;1;1;1.0;3.0;45,5938610000; -0,5511620000;
202100013471.0;1;22;22162;2;1;1.0;7.0;48,7820130000; -3,0428370000;
202100013472.0;1;35;35067;1;2;1.0;3.0;48,2166520000; -1,5914670000;
202100013473.0;1;27;27343;1;5;1.0;3.0;49,0643350000;1,3744390000;
202100013474.0;1;60;60141;2;1;1.0;6.0;49,1891990000;2,4600420000;
202100013475.0;2;59;59602;2;2;1.0;3.0;50,6093920000;3,1801770000;
202100013476.0;1;59;59581;1;1;1.0;5.0;50,6805745001;2,7584983899;
202100013477.0;4;83;83086;1;1;1.0;6.0;43,4680252239;6,5909309382;
202100013478.0;1;19;19031;2;1;1.0;1.0;45,1653900000;1,5213300000;
202100013479.0;3;974;97411;1;1;1.0;6.0; -20,8934400000;55,3790100000;
202100013480.0;1;69;69388;2;3;1.0;2.0;45,7397500000;4,8850600000;
202100013481.0;1;69;69383;2;1;1.0;2.0;45,7584014815;4,8510152979;
202100013482.0;1;69;69387;2;2;1.0;3.0;45,7497400000;4,8440800000;
202100013483.0;1;69;69386;2;2;1.0;3.0;45,7675000000;4,8527000000;
202100013484.0;5;69;69383;2;2;1.0;3.0;45,7636300000;4,8620600000;
202100013485.0;1;69;69389;2;2;1.0;1.0;45,7681700000;4,8053800000;
202100013486.0;2;95;95014;2;1;1.0;3.0;49,0078300000;2,2983900000;