Num_Acc;lum;departement;commune;agglomeration;intersection;meteo;type_collision;lat;long;date
202100013487.0;1;91;91103;2;1;1.0;6.0;48,6197500000;2,3107400000;
202100013488.0;1;91;91432;2;1;1.0;3.0;48,6962600000;2,3336900000;
202100013489.0;5;88;88383;2;3;1.0;3.0;48,0173800000;6,5933200000;
202100013490.0;1;83;83137;2;1;1.0;6.0;43,1279300000;5,9818100000;
202100013491.0;2;82;82121;2;6;1.0;3.0;43,9826600000;1,3315200000;
202100013492.0;5;80;80021;2;1;2.0;6.0;49,8869700000;2,3034000000;
202100013493.0;1;78;78124;2;6;7.0;3.0;48,9096500000;2,1871400000;
202100013494.0;1;78;78551;1;1;1.0;5.0;48,9463000000;2,0952300000;
202100013495.0;1;77;77053;2;6;7.0;1.0;48,6921820000;2,6009180000;
202100013496.0;5;77;77152;2;4;8.0;6.0;48,5307900000;2,6398300000;
202100013497.0;5;74;74012;2;1;1.0;1.0;46,1893700000;6,2330200000;
202100013498.0;1;71;71076;2;2;1.0;3.0;46,7943840183;4,8487190008;
202100013499.0;5;69;69029;2;1;1.0;3.0;45,7350086339;4,8897930980;
202100013500.0;1;69;69266;2;1;1.0;3.0;45,7721100000;4,8690000000;
202100013501.0;5;69;69266;2;2;1.0;3.0;45,7821500000;4,8909700000;
202100013502.0;1;67;67482;2;1;2.0;3.0;48,5993724248;7,7010914683;
202100013503.0;1;64;64545;1;1;1.0;5.0;43,3559246329; -1,7461535648;
202100013504.0;2;64;64545;2;1;1.0;1.0;43,3755800000; -1,6775600000;
202100013505.0;1;64;64335;2;6;1.0;3.0;43,3206246391; -0,4232686758;
202100013506.0;5;64;64445;2;1;1.0;3.0;43,3139260000; -0,3700970000;
202100013507.0;5;64;64024;2;2;1.0;3.0;43,4935500000; -1,5101000000;
202100013508.0;3;64;64140;2;1;1.0;5.0;43,5192100000; -1,4643610000;
202100013509.0;1;64;64102;2;1;1.0;7.0;43,4970000000; -1,4827200000;
202100013510.0;2;64;64102;2;1;5.0;3.0;43,5116300000; -1,4685200000;
202100013511.0;5;64;64024;2;1;5.0;6.0;43,4802200000; -1,5089300000;
202100013512.0;5;64;64102;2;1;1.0;2.0;43,4947200000; -1,4687200000;
202100013513.0;1;64;64102;2;1;1.0;6.0;43,4807560000; -1,4830400000;
202100013514.0;5;63;63014;2;1;1.0;3.0;45,7585700000;3,1213500000;
202100013515.0;2;63;63113;2;1;1.0;3.0;45,7712900000;3,1274600000;
202100013516.0;1;62;62842;2;2;1.0;3.0;50,4750200000;2,8654580000;
202100013517.0;1;59;59346;2;3;1.0;3.0;50,6179531441;3,1157398224;
202100013518.0;1;58;58194;2;7;1.0;3.0;46,9939000000;3,1654000000;
202100013519.0;1;58;58194;2;1;1.0;1.0;46,9897000000;3,1469000000;
202100013520.0;1;58;58194;2;1;1.0;3.0;46,9798400000;3,1382900000;
202100013521.0;1;53;53054;1;6;1.0;7.0;48,1149890000; -0,8538040000;
202100013522.0;1;51;51454;2;1;1.0;2.0;49,2244442188;4,0671172226;
202100013523.0;3;49;49007;2;1;1.0;2.0;47,4530600000; -0,5412320000;
202100013524.0;5;49;49007;2;1;1.0;3.0;47,4734400000; -0,5796100000;
202100013525.0;5;45;45234;2;2;1.0;3.0;47,9089346854;1,9009537697;
202100013526.0;1;44;44184;2;1;1.0;3.0;47,2570000000; -2,2616000000;
202100013527.0;5;42;42218;2;2;1.0;3.0;45,4263254326;4,3896942528;
202100013528.0;1;35;35278;1;1;1.0;7.0;48,1415200000; -1,6718000000;
202100013529.0;5;34;34172;2;2;1.0;3.0;43,5976200000;3,8862000000;
202100013530.0;1;34;34172;2;1;1.0;3.0;43,6136900000;3,8392100000;
202100013531.0;1;33;33318;2;6;1.0;3.0;44,8090500000; -0,6293800000;
202100013532.0;3;33;33032;1;1;1.0;6.0;44,9161700000; -0,5093300000;
202100013533.0;1;33;33063;2;1;1.0;6.0;44,8555200000; -0,6079500000;
202100013534.0;1;32;32013;1;1;1.0;3.0;43,6613400000;0,6449400000;
202100013535.0;1;31;31555;1;1;1.0;3.0;43,5732000000;1,4726600000;
202100013536.0;1;30;30189;2;1;1.0;6.0;43,8364700000;4,3927900000;
202100013537.0;1;29;29232;2;6;1.0;3.0;48,0059600000; -4,0972300000;
202100013538.0;1;29;29039;2;6;1.0;3.0;47,8652473283; -3,9016424417;
202100013539.0;1;29;29019;2;2;1.0;6.0;48,3946190000; -4,4792540000;
202100013540.0;1;27;27681;2;6;1.0;2.0;49,0919500000;1,4822300000;
202100013541.0;1;27;27681;2;9;1.0;6.0;49,0991111000;1,4886653000;
202100013542.0;5;27;27229;2;1;1.0;6.0;49,0244500000;1,1511900000;
202100013543.0;2;17;17028;2;3;1.0;3.0;46,1317500000; -1,1375500000;
202100013544.0;1;17;17300;2;9;1.0;6.0;46,1619100000; -1,1529800000;
202100013545.0;1;14;14715;2;1;7.0;6.0;49,3613800000;0,0859500000;
202100013546.0;1;13;13215;2;1;1.0;3.0;43,3557546266;5,3697588686;
202100013547.0;5;13;13063;2;9;1.0;3.0;43,5877000000;5,0027900000;
202100013548.0;1;10;10387;2;1;1.0;3.0;48,3041400000;4,0615000000;
202100013549.0;5;06;06088;2;1;1.0;3.0;43,7051280000;7,1889720000;
202100013550.0;1;06;06069;2;1;1.0;6.0;43,6386640000;6,9501720000;
202100013551.0;1;06;06123;2;1;1.0;5.0;43,6732950000;7,1933740000;
202100013552.0;5;05;05061;2;3;1.0;3.0;44,5597100000;6,0864800000;
202100013553.0;1;05;05061;1;1;1.0;7.0;44,5177000000;6,0644000000;
202100013554.0;1;05;05061;2;3;1.0;3.0;44,5673900000;6,0833700000;
202100013555.0;1;05;05061;1;3;1.0;7.0;44,5177000000;6,0643200000;
202100013556.0;5;03;03310;2;1;1.0;1.0;46,1141100000;3,4368400000;
202100013557.0;1;69;69276;1;1;1.0;4.0;45,6867205954;4,8641431332;
202100013558.0;2;57;57647;1;1;8.0;6.0;49,3141100000;6,0947100000;
202100013559.0;1;33;33003;1;1;1.0;2.0;44,9283300000; -0,4705990000;
202100013560.0;5;59;59009;1;1;1.0;6.0;50,6423900000;3,1445100000;
202100013561.0;1;59;59288;1;1;1.0;4.0;50,3146510000;3,4049510000;
202100013562.0;1;77;77251;1;1;1.0;3.0;48,6446760000;2,5432190000;
202100013563.0;1;94;94038;1;1;1.0;3.0;48,7832100000;2,3472100000;
202100013564.0;1;92;92062;1;1;1.0;6.0;48,8931574950;2,2336139391;
202100013565.0;1;92;92050;1;1;1.0;7.0;48,9035066810;2,2061786056;
202100013566.0;1;93;93005;1;1;1.0;3.0;48,9653374753;2,4745631267;
202100013567.0;2;93;93010;1;1;1.0;3.0;48,8909408086;2,4731648485;
202100013568.0;1;77;77294;1;1;1.0;3.0;48,9703170000;2,5704950000;
202100013569.0;3;94;94028;1;1;1.0;6.0;48,7978767905;2,4442674715;
202100013570.0;1;80;80021;2;1;1.0;2.0;49,8735800000;2,3255300000;
202100013571.0;1;80;80021;2;2;1.0;3.0;49,9352600000;2,2841700000;
202100013572.0;1;80;80021;2;2;1.0;3.0;49,8776153679;2,2828602791;
202100013573.0;1;65;65100;1;1;2.0;6.0;43,2783950000;0,0701500000;
202100013574.0;1;95;95210;2;2;7.0;3.0;48,9657570000;2,3028790000;
202100013575.0;4;971;97101;2;1;1.0;6.0;16,2473200000; -61,5287700000;
202100013576.0;5;32;32013;2;6;1.0;3.0;43,6482800000;0,5930000000;
202100013577.0;1;988;98818;2;3;1.0;5.0; -22,2743900000;166,4427900000;
202100013578.0;1;976;97611;2;1;1.0;1.0; -12,7830700000;45,2234900000;
202100013579.0;1;974;97416;1;1;2.0;1.0; -21,3265000000;55,4703000000;
202100013580.0;1;974;97411;2;1;2.0;4.0; -20,8973800000;55,4928300000;
202100013581.0;1;974;97411;2;2;3.0;3.0; -20,8777800000;55,4510600000;
202100013582.0;1;974;97407;2;6;2.0;6.0; -20,9323700000;55,2950200000;
202100013583.0;3;69;69199;2;3;1.0;1.0;45,7039300000;4,8452000000;
202100013584.0;1;69;69387;2;2;1.0;6.0;45,7482779484;4,8436859250;
202100013585.0;1;69;69383;2;2;1.0;3.0;45,7593000000;4,8437000000;
202100013586.0;1;69;69199;2;3;1.0;3.0;45,7111200000;4,8551000000;
202100013587.0;1;69;69383;2;1;1.0;6.0;45,7431392550;4,8784285784;
202100013588.0;1;69;69381;2;1;1.0;2.0;45,7710600000;4,8382200000;
202100013589.0;1;69;69382;2;1;1.0;1.0;45,7485973025;4,8312216997;
202100013590.0;1;69;69385;2;1;1.0;6.0;45,7667326662;4,8203181218;
202100013591.0;1;69;69034;2;1;1.0;7.0;45,7987100000;4,8491500000;
202100013592.0;1;971;97101;1;9;2.0;2.0;16,2395078716; -61,5200686455;
202100013593.0;1;95;95598;2;1;1.0;6.0;48,9932410000;2,2943150000;
202100013594.0;1;91;91552;2;9;1.0;6.0;48,5974770000;2,2459130000;
202100013595.0;5;91;91477;2;2;1.0;3.0;48,7084670000;2,2412720000;
202100013596.0;1;91;91097;2;1;1.0;7.0;48,6846000000;2,5310400000;
202100013597.0;5;91;91228;2;3;1.0;6.0;48,6248400000;2,4336830000;
202100013598.0;3;89;89024;1;1;1.0;1.0;47,7884970000;3,6015740000;
202100013599.0;1;87;87085;2;3;1.0;5.0;45,8182000000;1,2292400000;
202100013600.0;1;87;87085;2;1;1.0;6.0;45,8451400000;1,2711700000;
202100013601.0;5;83;83137;2;1;1.0;2.0;43,1204200000;5,9498400000;
202100013602.0;1;83;83009;2;1;1.0;7.0;43,1460500000;5,7484000000;
202100013603.0;1;83;83061;1;1;1.0;1.0;43,4443200000;6,7354100000;
202100013604.0;1;80;80021;2;1;1.0;2.0;49,8801400000;2,2896500000;
202100013605.0;1;78;78624;1;1;1.0;1.0;48,9557400000;2,0198780000;
202100013606.0;1;77;77288;2;1;1.0;6.0;48,5370600000;2,6607300000;
202100013607.0;1;76;76322;2;3;1.0;6.0;49,4071600000;1,0451800000;
202100013608.0;1;76;76351;2;2;1.0;3.0;49,4891700000;0,1086500000;
202100013609.0;1;76;76351;2;2;1.0;3.0;49,4931390000;0,1201700000;
202100013610.0;5;76;76351;2;1;1.0;2.0;49,4977600000;0,0921600000;
202100013611.0;1;74;74281;2;1;7.0;6.0;46,3705570000;6,4705240000;
202100013612.0;5;72;72181;1;1;1.0;7.0;47,9828800000;0,1882600000;
202100013613.0;1;72;72065;1;1;1.0;2.0;48,0267032877;0,1694476602;
202100013614.0;5;69;69266;2;1;1.0;3.0;45,7650700000;4,9039600000;
202100013615.0;5;69;69282;2;1;2.0;4.0;45,7651300000;4,9965580000;
202100013616.0;1;69;69282;2;3;1.0;2.0;45,7739398562;5,0179255843;
202100013617.0;5;69;69092;2;1;1.0;6.0;46,0023978662;4,7191711960;
202100013618.0;1;67;67482;2;1;1.0;6.0;48,5918048328;7,7532389760;
202100013619.0;1;67;67482;2;1;5.0;3.0;48,5867690000;7,7636620000;
202100013620.0;1;66;66136;2;1;1.0;2.0;42,6637500000;2,9205000000;
202100013621.0;1;66;66136;1;1;1.0;2.0;42,6656725877;2,9196073115;
202100013622.0;1;66;66136;1;1;1.0;4.0;42,6724480000;2,8599340000;
202100013623.0;3;66;66136;2;1;1.0;1.0;42,6862300000;2,8659200000;
202100013624.0;1;66;66136;2;1;1.0;3.0;42,6901000000;2,8850500000;
202100013625.0;1;66;66136;1;1;1.0;6.0;42,6748900000;2,8854000000;
202100013626.0;2;64;64445;2;6;1.0;3.0;43,3127600000; -0,3684100000;
202100013627.0;1;63;63113;2;1;1.0;2.0;45,7626000000;3,1048000000;
202100013628.0;1;63;63113;2;1;1.0;6.0;45,7762700000;3,0931000000;
202100013629.0;1;63;63113;2;1;1.0;6.0;45,7774200000;3,0845100000;
202100013630.0;2;63;63014;2;1;1.0;2.0;45,7506200000;3,1391100000;
202100013631.0;1;63;63113;2;1;1.0;3.0;45,7612000000;3,1326400000;
202100013632.0;1;62;62193;2;1;1.0;2.0;50,9457190000;1,8718690000;
202100013633.0;1;61;61001;2;1;1.0;6.0;48,4327500000;0,0858600000;
202100013634.0;1;59;59599;2;1;2.0;3.0;50,7245447897;3,1536691332;
202100013635.0;1;59;59648;2;9;1.0;3.0;50,5889200000;3,0395800000;
202100013636.0;1;59;59017;2;1;1.0;6.0;50,6881860462;2,8845959287;
202100013637.0;5;57;57463;2;2;2.0;3.0;49,1109957000;6,1698343000;
202100013638.0;5;56;56121;2;3;1.0;3.0;47,7438800000; -3,3681400000;
202100013639.0;1;56;56083;2;1;1.0;3.0;47,7985800000; -3,2537600000;
202100013640.0;1;54;54395;2;3;1.0;3.0;48,6696200000;6,1698100000;
202100013641.0;5;54;54578;2;2;1.0;1.0;48,6682966896;6,1475418337;
202100013642.0;1;51;51454;2;1;1.0;4.0;49,2184100000;4,0199000000;
202100013643.0;1;49;49007;2;1;1.0;3.0;47,4757100000; -0,5939100000;
202100013644.0;1;45;45234;2;3;1.0;3.0;47,9038800000;1,9102600000;
202100013645.0;1;45;45169;2;1;1.0;2.0;47,9098200000;1,8309100000;
202100013646.0;1;44;44114;1;1;1.0;3.0;47,2615300000; -1,6132500000;
202100013647.0;1;42;42207;2;3;1.0;3.0;45,4738700000;4,5083100000;
202100013648.0;1;37;37261;2;1;1.0;6.0;47,4110787511;0,7052285355;
202100013649.0;1;35;35238;2;1;1.0;6.0;48,1175600000; -1,6937500000;
202100013650.0;3;35;35278;1;1;5.0;2.0;48,1613410000; -1,6899350000;
202100013651.0;1;33;33281;2;1;1.0;3.0;44,8527200000; -0,6568900000;
202100013652.0;1;33;33119;2;3;1.0;1.0;44,8570600000; -0,5372400000;
202100013653.0;1;33;33529;2;3;1.0;6.0;44,6316600000; -1,1480000000;
202100013654.0;5;31;31555;2;1;1.0;6.0;43,6156530000;1,4464300000;
202100013655.0;1;31;31555;2;1;1.0;3.0;43,5985100000;1,4186100000;
202100013656.0;1;31;31555;2;3;1.0;1.0;43,5764400000;1,4488360000;
202100013657.0;1;31;31555;1;1;1.0;2.0;43,5979600000;1,3640700000;
202100013658.0;1;31;31555;1;1;1.0;2.0;43,5624500000;1,4877200000;
202100013659.0;4;31;31555;1;1;1.0;6.0;43,6204900000;1,4183600000;
202100013660.0;1;30;30189;1;1;1.0;6.0;43,8070000000;4,3226000000;
202100013661.0;5;29;29019;2;1;1.0;6.0;48,4126100000; -4,4912140000;
202100013662.0;2;28;28134;2;1;8.0;2.0;48,7325500000;1,3649400000;
202100013663.0;1;28;28134;2;2;1.0;3.0;48,7373326498;1,3870453835;
202100013664.0;1;25;25462;2;2;7.0;3.0;46,9108400000;6,3520900000;
202100013665.0;1;25;25056;2;1;1.0;1.0;47,2261700000;5,9767200000;
202100013666.0;3;19;19275;1;2;1.0;3.0;45,5651739770;2,3172518143;
202100013667.0;1;17;17306;2;1;1.0;2.0;45,6280211257; -0,9961422830;
202100013668.0;2;17;17300;2;3;1.0;1.0;46,1647400000; -1,1645500000;
202100013669.0;1;15;15014;2;1;1.0;2.0;44,9138477931;2,4323706329;
202100013670.0;1;13;13103;2;2;1.0;1.0;43,6524203915;5,0893843174;
202100013671.0;5;13;13207;2;1;1.0;3.0;43,2890000000;5,3540000000;
202100013672.0;5;13;13204;2;1;1.0;2.0;43,3124700000;5,4041100000;
202100013673.0;1;13;13208;2;9;1.0;5.0;43,2600000000;5,3900000000;
202100013674.0;1;13;13047;2;1;1.0;2.0;43,4982500000;4,9862300000;
202100013675.0;5;13;13004;2;9;1.0;3.0;43,6776933438;4,6438143423;
202100013676.0;1;06;06123;2;1;1.0;4.0;43,6569710000;7,1807180000;
202100013677.0;1;06;06027;2;1;1.0;2.0;43,6540510000;7,1476230000;
202100013678.0;1;06;06155;2;1;1.0;1.0;43,5882880000;7,0523400000;
202100013679.0;1;05;05061;2;1;1.0;4.0;44,5097540000;6,0459140000;
202100013680.0;1;75;75120;2;5;1.0;3.0;48,8646590000;2,4056550000;
202100013681.0;5;75;75119;2;3;1.0;3.0;48,8887750000;2,3930600000;
202100013682.0;1;75;75119;2;3;1.0;3.0;48,8870040000;2,3863440000;
202100013683.0;5;75;75119;2;1;1.0;3.0;48,8954950000;2,3831800000;
202100013684.0;5;75;75118;2;4;1.0;6.0;48,8863610000;2,3475580000;
202100013685.0;1;75;75118;2;1;1.0;6.0;48,8931490000;2,3484200000;
202100013686.0;1;75;75118;2;2;1.0;3.0;48,8959760000;2,3308870000;
202100013687.0;1;75;75117;2;5;1.0;3.0;48,8803470000;2,2867680000;
202100013688.0;1;75;75117;2;2;1.0;3.0;48,8898730000;2,3038530000;
202100013689.0;2;75;75116;2;2;1.0;3.0;48,8650840000;2,2344720000;
202100013690.0;1;75;75112;2;1;1.0;3.0;48,8493400000;2,3738010000;
202100013691.0;5;75;75111;2;2;1.0;3.0;48,8640000000;2,3706870000;
202100013692.0;1;75;75110;2;1;8.0;6.0;48,8768230000;2,3610070000;
202100013693.0;1;75;75109;2;3;1.0;3.0;48,8730720000;2,3468400000;
202100013694.0;1;75;75109;2;2;1.0;3.0;48,8758450000;2,3438690000;
202100013695.0;1;75;75108;2;1;1.0;7.0;48,8724810000;2,2983460000;
202100013696.0;2;75;75107;2;3;1.0;3.0;48,8557830000;2,3030440000;
202100013697.0;1;75;75102;2;3;1.0;6.0;48,8677520000;2,3394660000;
202100013698.0;5;94;94078;2;1;1.0;1.0;48,7458900000;2,4374900000;
202100013699.0;5;94;94046;2;1;1.0;7.0;48,8098000000;2,4549000000;
202100013700.0;5;94;94076;2;3;1.0;3.0;48,7884300000;2,3681700000;
202100013701.0;1;94;94041;2;1;1.0;6.0;48,8158900000;2,3928600000;
202100013702.0;1;94;94034;2;6;1.0;3.0;48,7538100000;2,3336100000;
202100013703.0;2;94;94028;2;1;1.0;2.0;48,7928700000;2,4592200000;
202100013704.0;2;94;94028;2;1;1.0;3.0;48,7713600000;2,4604600000;
202100013705.0;1;94;94022;2;3;1.0;3.0;48,7681700000;2,4032000000;
202100013706.0;2;94;94017;2;1;1.0;3.0;48,8138600000;2,5374600000;
202100013707.0;2;94;94011;2;1;1.0;2.0;48,7616000000;2,4944800000;
202100013708.0;2;93;93073;2;1;1.0;6.0;48,9559400000;2,5666000000;
202100013709.0;1;93;93066;2;1;1.0;6.0;48,9118600000;2,3565000000;
202100013710.0;5;93;93064;2;3;1.0;3.0;48,8728200000;2,4864100000;
202100013711.0;1;93;93055;2;1;1.0;2.0;48,8926547563;2,4103676015;
202100013712.0;1;93;93051;2;6;1.0;3.0;48,8372100000;2,5774500000;
202100013713.0;2;93;93074;2;3;1.0;1.0;48,9364679764;2,5819439517;
202100013714.0;5;93;93007;2;1;1.0;6.0;48,9292968727;2,4797059728;
202100013715.0;1;93;93063;2;1;1.0;6.0;48,8937830496;2,4351154688;
202100013716.0;1;93;93045;2;1;1.0;1.0;48,8811867539;2,4206567249;
202100013717.0;1;93;93032;2;1;1.0;1.0;48,8860600000;2,5486900000;
202100013718.0;1;93;93001;2;1;1.0;6.0;48,9220459402;2,3733112580;
202100013719.0;1;92;92073;2;9;1.0;6.0;48,8645990000;2,2189540000;
202100013720.0;2;92;92062;2;1;1.0;1.0;48,8849800000;2,2355900000;
202100013721.0;5;92;92049;2;1;1.0;6.0;48,8146100000;2,3205800000;
202100013722.0;1;92;92036;2;6;1.0;6.0;48,9305240809;2,2845742106;
202100013723.0;1;92;92012;2;1;1.0;6.0;48,8338477149;2,2610753775;
202100013724.0;2;92;92012;2;1;1.0;3.0;48,8350468620;2,2444300485;
202100013725.0;1;92;92012;2;1;1.0;4.0;48,8428914213;2,2294535541;
202100013726.0;1;92;92004;2;2;1.0;6.0;48,9044437787;2,2830004245;
202100013727.0;5;92;92004;2;4;1.0;2.0;48,9125787397;2,2844535112;
202100013728.0;1;92;92002;2;3;1.0;3.0;48,7568000000;2,3063600000;
202100013729.0;3;60;60242;1;1;5.0;6.0;49,5868270604;1,9447731970;
202100013730.0;5;38;38199;2;3;1.0;3.0;45,5053240000;4,9117470000;
202100013731.0;1;01;01004;2;1;1.0;6.0;45,9627235062;5,3528111129;
202100013732.0;1;84;84104;2;9;1.0;3.0;44,1935880000;4,9946000000;
202100013733.0;2;31;31448;1;1;1.0;7.0;43,4885330000;1,4650010000;
202100013734.0;1;28;28021;1;1;1.0;3.0;48,3634140000;1,3117330000;
202100013735.0;1;63;63116;1;1;1.0;6.0;45,9903430000;3,0760220000;
202100013736.0;1;28;28358;2;1;1.0;2.0;48,4907640000;1,5381930000;
202100013737.0;1;01;01033;1;1;1.0;3.0;46,0977310000;5,8454836000;
202100013738.0;1;60;60176;2;9;1.0;6.0;49,2335580000;2,8869880000;
202100013739.0;1;48;48009;1;1;9.0;6.0;44,7335500000;3,2903900000;
202100013740.0;1;71;71117;1;2;1.0;3.0;46,7886270000;4,9160390000;
202100013741.0;3;74;74263;1;3;8.0;3.0;46,3288910000;6,3646490000;
202100013742.0;1;83;83120;2;3;1.0;3.0;43,3828520000;5,7066090000;
202100013743.0;1;51;51555;2;3;1.0;1.0;48,7350238234;4,3002274632;
202100013744.0;2;79;79079;1;1;1.0;3.0;46,9373850000; -0,7476010000;
202100013745.0;1;80;80190;1;1;1.0;1.0;50,0849590000;1,6571330000;
202100013746.0;1;80;80336;1;2;1.0;3.0;49,9181210000;1,7316020000;
202100013747.0;1;33;33540;1;1;1.0;3.0;45,3753020000; -1,1325570000;
202100013748.0;1;11;11263;1;1;1.0;7.0;42,9019200000;2,1101900000;
202100013749.0;2;39;39149;1;1;2.0;6.0;47,0737750000;5,7546580000;
202100013750.0;1;29;29037;1;6;1.0;3.0;47,8845100000; -4,1691510000;
202100013751.0;1;66;66024;1;1;1.0;7.0;42,5167300000;2,8333140000;
202100013752.0;3;54;54205;1;1;2.0;7.0;48,6765190000;5,8022390000;
202100013753.0;3;54;54193;1;1;1.0;1.0;48,9045193048;5,9493970873;
202100013754.0;2;14;14203;1;1;1.0;7.0;49,2272110000; -0,0576780000;
202100013755.0;1;50;50484;1;3;1.0;3.0;48,5684040000; -1,0858820000;
202100013756.0;2;60;60558;1;1;5.0;6.0;49,5866290000;2,7682380000;
202100013757.0;3;40;40126;1;3;5.0;3.0;43,7055930000; -0,9488050000;
202100013758.0;1;04;04006;1;1;1.0;7.0;44,3017540000;6,5829560000;
202100013759.0;1;85;85154;1;1;1.0;1.0;46,6900570000; -0,8467730000;
202100013760.0;2;27;27206;1;1;5.0;1.0;48,7813477000;1,0751772000;
202100013761.0;1;37;37263;2;6;1.0;1.0;47,2751997322;0,8309715112;
202100013762.0;1;30;30212;2;1;1.0;2.0;43,9344950000;4,5571110000;
202100013763.0;1;03;03305;1;1;1.0;6.0;46,4118290000;2,7063660000;
202100013764.0;1;42;42042;1;1;1.0;2.0;45,4422930000;4,2044810000;
202100013765.0;1;987;98715;2;9;1.0;3.0; -17,5845220000; -149,5685780000;
202100013766.0;1;987;98715;1;1;1.0;3.0; -17,5794943000; -149,5823920000;
202100013767.0;3;63;63284;1;1;1.0;2.0;45,7934420000;3,2046600000;
202100013768.0;3;13;13109;1;1;1.0;3.0;43,5131720000;5,4793880000;
202100013769.0;5;38;38485;2;1;1.0;6.0;45,1734030000;5,6791300000;
202100013770.0;1;973;97311;1;1;1.0;7.0;5,4869053814; -53,9962341786;
202100013771.0;1;973;97304;2;1;1.0;7.0;5,1747100000; -52,6534690000;
202100013772.0;3;13;13035;1;1;1.0;2.0;43,6787320000;5,0654320000;
202100013773.0;1;13;13100;2;1;1.0;3.0;43,7912720000;4,8190610000;
202100013774.0;3;89;89108;1;1;1.0;2.0;47,7750780000;3,7097380000;
202100013775.0;1;71;71342;2;1;7.0;6.0;46,4548537492;4,1155359148;
202100013776.0;1;67;67411;1;1;1.0;6.0;48,4865660000;7,3849690000;
202100013777.0;1;88;88531;1;1;1.0;6.0;48,0624750000;6,9864410000;
202100013778.0;1;54;54397;2;1;7.0;2.0;48,6181475918;6,1052495250;
202100013779.0;1;57;57430;1;1;8.0;1.0;49,0240810000;6,5511130000;
202100013780.0;2;38;38348;2;1;1.0;1.0;45,5884220000;5,3113090000;
202100013781.0;2;17;17351;1;4;1.0;3.0;45,8212480000; -1,0843470000;
202100013782.0;1;29;29057;1;3;1.0;3.0;47,8964710000; -3,9706990000;
202100013783.0;3;13;13005;1;1;1.0;6.0;43,2889200000;5,5497700000;
202100013784.0;1;13;13215;1;1;1.0;2.0;43,3738000000;5,3545900000;
202100013785.0;1;13;13211;1;1;1.0;2.0;43,2950000000;5,4630000000;
202100013786.0;1;13;13055;1;1;1.0;2.0;43,3299660000;5,4026230000;
202100013787.0;3;69;69275;1;1;1.0;3.0;45,7615549858;4,9851107597;
202100013788.0;2;69;69259;1;1;1.0;2.0;45,6856500000;4,8768700000;
202100013789.0;1;33;33318;1;1;1.0;4.0;44,7882200000; -0,6306990000;
202100013790.0;3;59;59508;1;1;1.0;6.0;50,7351423553;3,1286251545;
202100013791.0;1;59;59288;1;1;1.0;5.0;50,3202010000;3,4224170000;
202100013792.0;1;91;91161;1;1;1.0;3.0;48,7102350000;2,3033570000;
202100013793.0;1;91;91161;1;1;1.0;3.0;48,7061000000;2,3060000000;
202100013794.0;3;60;60494;1;1;1.0;3.0;49,1324469179;2,5609230010;
202100013795.0;1;93;93005;1;1;1.0;4.0;48,9612028252;2,4736985999;
202100013796.0;1;95;95488;1;1;1.0;2.0;49,0108300000;2,1539700000;
202100013797.0;2;93;93008;1;1;1.0;3.0;48,9146200000;2,4341500000;
202100013798.0;1;95;95500;1;1;1.0;2.0;49,0383460000;2,0881290000;
202100013799.0;1;95;95572;1;1;1.0;2.0;49,0319560000;2,1149320000;
202100013800.0;1;94;94028;1;1;1.0;3.0;48,7762900000;2,4304200000;
202100013801.0;1;94;94017;1;1;1.0;2.0;48,8300542660;2,4955528834;
202100013802.0;1;75;75112;1;1;1.0;2.0;48,8229195622;2,4629276991;
202100013803.0;1;77;77249;1;1;1.0;2.0;48,7355570000;2,6116780000;
202100013804.0;1;88;88413;1;9;1.0;6.0;48,3116346783;6,9210675359;
202100013805.0;2;02;02691;2;6;1.0;3.0;49,8422000000;3,2949100000;
202100013806.0;1;64;64545;1;1;1.0;6.0;43,3763670165; -1,6693227802;
202100013807.0;1;74;74013;2;1;1.0;7.0;46,3565900000;6,4344700000;
202100013808.0;2;973;97302;2;6;1.0;2.0;4,9327500000; -52,3066800000;
202100013809.0;1;973;97302;2;1;1.0;3.0;4,9352775531; -52,3081662655;
202100013810.0;1;69;69386;2;3;1.0;3.0;45,7676800000;4,8413000000;
202100013811.0;3;972;97209;2;1;1.0;6.0;14,6014840000; -61,0824020000;
202100013812.0;5;69;69382;2;1;1.0;4.0;45,7504000000;4,8317500000;
202100013813.0;3;971;97101;1;9;2.0;2.0;16,2794021261; -61,5079021454;
202100013814.0;1;971;97113;2;3;1.0;3.0;16,2165100000; -61,5199600000;