Num_Acc;lum;departement;commune;agglomeration;intersection;meteo;type_collision;lat;long;date
202100015459.0;2;94;94046;1;1;3.0;2.0;48,8085300000;2,4487500000;
202100015460.0;3;94;94069;1;1;3.0;4.0;48,8167102311;2,4526925390;
202100015461.0;1;77;77514;1;1;2.0;3.0;48,9317759692;2,6280077907;
202100015462.0;1;04;04174;1;4;1.0;3.0;43,9709931862;6,7599539459;
202100015463.0;1;76;76239;1;1;1.0;6.0;49,5374790000;0,3167040000;
202100015464.0;1;37;37214;2;1;2.0;2.0;47,4117300000;0,6750100000;
202100015465.0;1;27;27681;2;6;1.0;2.0;49,0812500000;1,4842000000;
202100015466.0;2;27;27229;2;1;3.0;6.0;49,0234300000;1,1350400000;
202100015467.0;1;976;97611;1;1;1.0;3.0; -12,7658135438;45,2250565238;
202100015468.0;5;974;97416;2;1;1.0;7.0; -21,3375000000;55,4660900000;
202100015469.0;1;974;97411;2;1;1.0;2.0; -20,8928700000;55,4557600000;
202100015470.0;1;974;97411;2;4;1.0;3.0; -20,8796400000;55,4558200000;
202100015471.0;3;974;97407;1;1;1.0;7.0; -20,9499400000;55,3016400000;
202100015472.0;1;974;97407;2;1;1.0;3.0; -20,9435300000;55,2975200000;
202100015473.0;1;973;97302;2;1;1.0;7.0;4,9224300000; -52,3126200000;
202100015474.0;3;973;97302;2;9;1.0;3.0;4,9276861398; -52,2915623188;
202100015475.0;1;69;69386;2;1;1.0;6.0;45,7636900000;4,8470600000;
202100015476.0;1;69;69276;1;1;1.0;2.0;45,6790310265;4,8611271440;
202100015477.0;1;69;69383;2;3;1.0;3.0;45,7553100000;4,8466100000;
202100015478.0;1;69;69389;2;5;1.0;3.0;45,7804100000;4,8091700000;
202100015479.0;5;69;69389;2;1;1.0;6.0;45,7667500000;4,8115700000;
202100015480.0;2;69;69382;2;2;1.0;3.0;45,7450500000;4,8250800000;
202100015481.0;1;69;69389;2;3;1.0;3.0;45,7825200000;4,7970900000;
202100015482.0;5;69;69034;2;1;1.0;6.0;45,7916600000;4,8690100000;
202100015483.0;2;69;69382;2;1;1.0;6.0;45,7580123363;4,8368420125;
202100015484.0;1;69;69389;2;2;1.0;3.0;45,7750700000;4,8072200000;
202100015485.0;1;971;97120;2;2;1.0;6.0;16,2411100000; -61,5355800000;
202100015486.0;5;2A;2A004;2;3;1.0;1.0;41,9235000000;8,7377000000;
202100015487.0;5;2A;2A004;2;1;1.0;1.0;41,9238800000;8,7353300000;
202100015488.0;1;2A;2A004;2;1;1.0;3.0;41,9286200000;8,7659000000;
202100015489.0;1;95;95088;1;1;8.0;4.0;48,9765900000;2,4298800000;
202100015490.0;1;95;95555;2;6;1.0;3.0;48,9642143706;2,2887049998;
202100015491.0;1;95;95555;2;1;1.0;2.0;48,9669203172;2,2906785404;
202100015492.0;5;95;95555;2;9;1.0;6.0;48,9731630689;2,2759321509;
202100015493.0;1;91;91021;2;1;3.0;5.0;48,5852850000;2,2409010000;
202100015494.0;1;91;91549;2;1;1.0;6.0;48,6293600000;2,3352200000;
202100015495.0;2;91;91494;1;6;1.0;3.0;48,6120150000;2,3401340000;
202100015496.0;1;91;91471;2;1;1.0;6.0;48,7118280000;2,1832030000;
202100015497.0;3;91;91191;2;1;2.0;6.0;48,7145840000;2,4607580000;
202100015498.0;5;91;91326;2;1;2.0;4.0;48,6958200000;2,3677200000;
202100015499.0;1;91;91027;2;1;2.0;3.0;48,7059520000;2,3878460000;
202100015500.0;1;91;91479;2;3;2.0;2.0;48,7056240000;2,3571230000;
202100015501.0;1;87;87085;2;1;1.0;2.0;45,8364200000;1,2426700000;
202100015502.0;1;87;87085;2;1;1.0;6.0;45,8380700000;1,2458400000;
202100015503.0;1;87;87065;1;3;1.0;3.0;45,7982100000;1,2956500000;
202100015504.0;1;87;87075;2;1;1.0;2.0;45,8159500000;1,1742000000;
202100015505.0;5;85;85191;2;9;1.0;3.0;46,6668700000; -1,4096300000;
202100015506.0;1;83;83137;2;1;1.0;6.0;43,1254800000;5,9447100000;
202100015507.0;1;83;83144;2;1;1.0;6.0;43,1311200000;5,9889830000;
202100015508.0;1;83;83126;2;1;1.0;6.0;43,0928620000;5,9040390000;
202100015509.0;1;83;83129;2;3;1.0;5.0;43,1079840000;5,8149830000;
202100015510.0;1;83;83069;2;1;1.0;2.0;43,0650000000;6,1470000000;
202100015511.0;5;81;81065;2;1;1.0;3.0;43,6014300000;2,2389600000;
202100015512.0;1;80;80021;2;1;1.0;4.0;49,9153100000;2,2944200000;
202100015513.0;2;80;80164;2;1;1.0;3.0;49,8952181096;2,3403410582;
202100015514.0;2;77;77152;2;3;1.0;2.0;48,5211490000;2,6331050000;
202100015515.0;1;77;77458;2;1;1.0;2.0;48,1855300000;2,7319400000;
202100015516.0;1;77;77186;1;2;2.0;3.0;48,4808400000;2,6669600000;
202100015517.0;1;77;77014;2;1;1.0;4.0;48,4157060000;2,7211460000;
202100015518.0;1;76;76429;2;1;2.0;7.0;49,4065100000;1,1520700000;
202100015519.0;1;76;76351;2;1;1.0;6.0;49,4854200000;0,1155200000;
202100015520.0;1;71;71475;1;3;1.0;1.0;46,7397541064;4,8099563848;
202100015521.0;2;69;69029;2;1;1.0;2.0;45,7264979602;4,9067406356;
202100015522.0;5;69;69029;2;1;1.0;4.0;45,7267900000;4,9276700000;
202100015523.0;1;69;69290;2;1;1.0;3.0;45,7045800000;4,9462400000;
202100015524.0;1;69;69029;2;2;1.0;3.0;45,7379600000;4,9227300000;
202100015525.0;1;69;69266;2;1;1.0;6.0;45,7605070858;4,8861694336;
202100015526.0;1;69;69092;1;9;1.0;3.0;45,9971453880;4,7067672014;
202100015527.0;5;67;67447;2;1;1.0;6.0;48,6064500000;7,7534400000;
202100015528.0;1;67;67482;2;8;1.0;6.0;48,5535700000;7,7447100000;
202100015529.0;1;67;67482;2;3;1.0;3.0;48,5933200000;7,7526300000;
202100015530.0;1;66;66136;2;1;7.0;3.0;42,6901200000;2,9021900000;
202100015531.0;1;64;64545;1;1;1.0;3.0;43,3456699436; -1,6666603088;
202100015532.0;1;64;64545;1;1;1.0;4.0;43,3816000000; -1,7296000000;
202100015533.0;1;64;64445;2;2;1.0;1.0;43,3053800000; -0,3611000000;
202100015534.0;1;64;64335;2;3;1.0;3.0;43,3207000000; -0,4275600000;
202100015535.0;5;64;64445;2;3;1.0;3.0;43,2921500000; -0,3782500000;
202100015536.0;1;64;64284;2;2;1.0;4.0;43,2835100000; -0,3864100000;
202100015537.0;5;64;64122;1;6;2.0;3.0;43,4660400000; -1,5370700000;
202100015538.0;1;64;64102;2;1;1.0;3.0;43,4849900000; -1,4901100000;
202100015539.0;1;64;64102;2;1;1.0;3.0;43,4999900000; -1,4905700000;
202100015540.0;1;64;64102;2;1;1.0;2.0;43,4874500000; -1,4846300000;
202100015541.0;1;64;64102;2;1;1.0;2.0;43,5093500000; -1,4438400000;
202100015542.0;5;64;64102;2;1;1.0;3.0;43,4833800000; -1,5015900000;
202100015543.0;5;64;64024;2;3;2.0;3.0;43,4834424046; -1,5110587707;
202100015544.0;5;62;62498;2;2;1.0;3.0;50,4272100000;2,8092500000;
202100015545.0;1;62;62193;2;1;2.0;6.0;50,9541320000;1,8908350000;
202100015546.0;5;62;62041;2;1;1.0;1.0;50,2846300000;2,7633900000;
202100015547.0;1;59;59507;2;9;2.0;3.0;50,6083700000;3,0760400000;
202100015548.0;1;59;59560;2;9;1.0;6.0;50,5492659844;3,0347405237;
202100015549.0;1;59;59024;2;6;1.0;3.0;50,3335400000;3,2370900000;
202100015550.0;5;57;57751;2;1;1.0;2.0;49,1528804000;6,1384687000;
202100015551.0;1;56;56121;2;3;2.0;1.0;47,7450600000; -3,3764600000;
202100015552.0;2;56;56162;2;1;2.0;6.0;47,7324000000; -3,4290900000;
202100015553.0;1;56;56121;2;1;1.0;6.0;47,7574100000; -3,3718600000;
202100015554.0;1;56;56121;2;1;8.0;2.0;47,7508400000; -3,3680400000;
202100015555.0;1;55;55545;2;1;7.0;7.0;49,1470000000;5,3422400000;
202100015556.0;1;54;54439;2;3;1.0;3.0;48,7055900000;6,2592500000;
202100015557.0;1;54;54395;2;2;1.0;1.0;48,6806500000;6,1789000000;
202100015558.0;1;51;51454;2;3;1.0;3.0;49,2623234679;4,0190517347;
202100015559.0;5;51;51454;2;6;3.0;1.0;49,2575201660;4,0387696916;
202100015560.0;1;49;49267;2;1;3.0;7.0;47,4683770000; -0,5147330000;
202100015561.0;5;49;49007;2;1;1.0;7.0;47,4935070000; -0,5653460000;
202100015562.0;5;49;49007;2;1;1.0;7.0;47,4765790000; -0,5662450000;
202100015563.0;1;49;49267;2;1;1.0;6.0;47,4708900000; -0,5059600000;
202100015564.0;3;49;49007;2;1;1.0;6.0;47,4759400000; -0,5542700000;
202100015565.0;1;49;49007;2;1;1.0;6.0;47,4456600000; -0,5624500000;
202100015566.0;5;46;46042;2;1;1.0;3.0;44,4493200000;1,4339250000;
202100015567.0;2;45;45302;2;3;1.0;3.0;47,9413500000;1,8888700000;
202100015568.0;1;45;45004;2;6;1.0;3.0;47,9785466685;2,7331495285;
202100015569.0;1;45;45208;2;1;1.0;2.0;47,9980700000;2,7358100000;
202100015570.0;2;44;44109;1;1;1.0;4.0;47,1929300000; -1,6135400000;
202100015571.0;5;42;42095;2;1;1.0;3.0;45,3906443475;4,2779329643;
202100015572.0;1;40;40192;2;1;1.0;1.0;43,9019500000; -0,4808400000;
202100015573.0;3;38;38544;1;1;2.0;1.0;45,5247946789;4,8844132846;
202100015574.0;5;38;38421;2;3;1.0;1.0;45,1845000000;5,7677700000;
202100015575.0;1;38;38185;2;3;1.0;3.0;45,1741300000;5,7430200000;
202100015576.0;5;38;38185;2;2;1.0;1.0;45,1861700000;5,7246500000;
202100015577.0;5;37;37261;2;1;8.0;7.0;47,4237873474;0,6976536959;
202100015578.0;1;37;37261;2;1;1.0;7.0;47,3850237644;0,7002834077;
202100015579.0;1;37;37261;2;2;1.0;3.0;47,3683312815;0,7102780381;
202100015580.0;1;37;37261;2;1;1.0;4.0;47,3891968251;0,6824115370;
202100015581.0;1;37;37122;1;1;1.0;4.0;47,3666659165;0,6542263039;
202100015582.0;1;37;37261;2;1;1.0;4.0;47,3945237498;0,6692828107;
202100015583.0;1;35;35238;2;2;2.0;6.0;48,1102000000; -1,6656600000;
202100015584.0;1;35;35051;1;1;2.0;6.0;48,1543100000; -1,6244900000;
202100015585.0;1;35;35238;2;1;2.0;6.0;48,0990700000; -1,7059400000;
202100015586.0;5;33;33063;2;1;1.0;6.0;44,8280020000; -0,5522990000;
202100015587.0;5;33;33063;2;2;1.0;3.0;44,8600500000; -0,5540600000;
202100015588.0;5;33;33063;2;9;1.0;3.0;44,8619900000; -0,5559900000;
202100015589.0;5;33;33063;2;1;1.0;3.0;44,8678600000; -0,5713700000;
202100015590.0;1;33;33063;2;2;1.0;5.0;44,8564000000; -0,5774000000;
202100015591.0;1;33;33281;2;3;1.0;3.0;44,8413600000; -0,6443800000;
202100015592.0;1;33;33529;1;1;9.0;1.0;44,5725000000; -1,2196000000;
202100015593.0;4;31;31555;1;1;1.0;7.0;43,6496700000;1,4220400000;
202100015594.0;5;31;31555;1;1;1.0;6.0;43,5531000000;1,4095700000;
202100015595.0;1;31;31557;2;1;1.0;6.0;43,5853936392;1,3459183245;
202100015596.0;1;31;31555;2;1;1.0;6.0;43,6281100000;1,4556600000;
202100015597.0;1;29;29232;2;4;1.0;6.0;48,0023100000; -4,0816100000;
202100015598.0;2;29;29039;1;1;2.0;6.0;47,9250250550; -3,8969429182;
202100015599.0;3;29;29039;1;2;1.0;6.0;47,8742010000; -3,8982870000;
202100015600.0;1;29;29019;2;2;2.0;3.0;48,3952700000; -4,4606300000;
202100015601.0;1;29;29019;2;6;2.0;3.0;48,3888100000; -4,4839500000;
202100015602.0;2;27;27375;2;9;1.0;3.0;49,2073800000;1,1697300000;
202100015603.0;5;27;27229;2;1;2.0;1.0;49,0309100000;1,1790300000;
202100015604.0;1;26;26281;2;6;1.0;3.0;45,0457600000;5,0554370000;
202100015605.0;1;24;24102;2;6;1.0;3.0;45,2003800000;0,6704900000;
202100015606.0;1;24;24138;1;1;1.0;4.0;45,1851300000;0,6989500000;
202100015607.0;5;17;17306;2;6;3.0;7.0;45,6364651334; -1,0287373646;
202100015608.0;1;17;17306;2;1;1.0;6.0;45,6327300000; -1,0189400000;
202100015609.0;1;17;17306;2;1;1.0;6.0;45,6287600000; -1,0320900000;
202100015610.0;5;14;14715;2;4;2.0;7.0;49,3654110000;0,0815370000;
202100015611.0;1;14;14167;1;1;3.0;1.0;49,2048960000; -0,3103220000;
202100015612.0;5;13;13106;2;9;1.0;1.0;43,3984229881;5,3660132965;
202100015613.0;1;13;13211;2;1;1.0;1.0;43,3011859644;5,4664060184;
202100015614.0;5;13;13211;2;1;1.0;1.0;43,2880000000;5,4520000000;
202100015615.0;1;13;13213;2;1;1.0;3.0;43,3330316596;5,4369338378;
202100015616.0;1;13;13204;2;1;1.0;3.0;43,3044968480;5,4010477711;
202100015617.0;1;13;13205;2;2;1.0;3.0;43,2924700000;5,4011300000;
202100015618.0;1;13;13207;2;1;1.0;3.0;43,2923900000;5,3663800000;
202100015619.0;1;13;13214;2;1;1.0;4.0;43,3464900000;5,3817300000;
202100015620.0;1;13;13063;2;1;1.0;3.0;43,5816607040;4,9977368279;
202100015621.0;1;13;13028;1;1;1.0;3.0;43,1800700000;5,5726200000;
202100015622.0;3;13;13004;1;1;1.0;2.0;43,6533500000;4,6637110000;
202100015623.0;3;13;13004;1;1;1.0;1.0;43,6523000000;4,6683400000;
202100015624.0;1;13;13001;1;9;1.0;3.0;43,5102200000;5,3957400000;
202100015625.0;1;11;11069;2;2;1.0;3.0;43,1993000000;2,3273000000;
202100015626.0;5;10;10387;2;6;2.0;6.0;48,2909624564;4,0884447096;
202100015627.0;1;10;10387;2;1;1.0;6.0;48,2940160000;4,0681950000;
202100015628.0;1;09;09122;2;1;1.0;4.0;42,9876300000;1,6156700000;
202100015629.0;1;07;07281;1;1;1.0;3.0;44,9517499329;4,8252445161;
202100015630.0;1;06;06027;1;1;1.0;6.0;43,6669400000;7,1526780000;
202100015631.0;1;06;06027;2;9;1.0;6.0;43,6599460000;7,1381070000;
202100015632.0;1;06;06123;2;1;1.0;3.0;43,6826970000;7,1867100000;
202100015633.0;1;01;01053;2;1;1.0;7.0;46,2110565390;5,2195667293;
202100015634.0;1;75;75113;2;1;2.0;3.0;48,8178660000;2,3682270000;
202100015635.0;1;75;75112;2;1;1.0;2.0;48,8271410000;2,3910300000;
202100015636.0;1;75;75118;2;2;8.0;2.0;48,8986820000;2,3593300000;
202100015637.0;1;75;75117;2;2;2.0;6.0;48,8809160000;2,2921240000;
202100015638.0;1;75;75117;2;2;1.0;7.0;48,8918170000;2,3016190000;
202100015639.0;1;75;75115;2;3;2.0;2.0;48,8519290000;2,2852090000;
202100015640.0;5;75;75115;2;2;1.0;3.0;48,8420890000;2,2903880000;
202100015641.0;5;75;75114;2;3;2.0;3.0;48,8307940000;2,3294060000;
202100015642.0;5;75;75114;2;3;2.0;6.0;48,8420260000;2,3228170000;
202100015643.0;1;75;75111;2;2;8.0;3.0;48,8587190000;2,3785790000;
202100015644.0;5;75;75111;2;2;2.0;3.0;48,8610950000;2,3811530000;
202100015645.0;5;75;75108;2;3;2.0;1.0;48,8774650000;2,2992480000;
202100015646.0;5;75;75107;2;2;2.0;4.0;48,8628510000;2,3134360000;
202100015647.0;1;94;94068;2;1;8.0;6.0;48,8059300000;2,4783600000;
202100015648.0;5;94;94042;2;1;2.0;6.0;48,8200600000;2,4765700000;
202100015649.0;5;94;94041;2;1;2.0;3.0;48,8167300000;2,3672500000;
202100015650.0;3;94;94073;1;1;2.0;6.0;48,7537000000;2,3759000000;
202100015651.0;1;94;94028;2;1;1.0;5.0;48,7995900000;2,4670900000;
202100015652.0;5;94;94017;2;6;3.0;3.0;48,8032400000;2,5510000000;
202100015653.0;1;93;93073;1;1;2.0;2.0;49,0024200000;2,5328900000;
202100015654.0;2;93;93064;2;1;2.0;3.0;48,8676200000;2,4864200000;
202100015655.0;5;93;93077;2;6;2.0;3.0;48,8892895808;2,5112208724;
202100015656.0;2;93;93077;2;9;2.0;3.0;48,8804300000;2,5190700000;
202100015657.0;5;93;93055;2;9;2.0;3.0;48,8928671858;2,4120247364;
202100015658.0;1;93;93006;2;1;1.0;1.0;48,8634000000;2,4180000000;
202100015659.0;2;93;93013;2;1;8.0;6.0;48,9385900000;2,4260200000;
202100015660.0;1;93;93001;2;1;1.0;1.0;48,9033856879;2,3916214240;
202100015661.0;1;92;92072;2;1;8.0;2.0;48,8180800000;2,2047700000;
202100015662.0;2;92;92026;2;3;2.0;3.0;48,8927900000;2,2452400000;
202100015663.0;1;92;92048;2;1;3.0;3.0;48,8073858163;2,2360019479;
202100015664.0;1;92;92025;2;2;8.0;3.0;48,9229160000;2,2526560000;
202100015665.0;1;92;92012;2;4;1.0;3.0;48,8412778518;2,2248311983;
202100015666.0;3;54;54374;1;1;1.0;7.0;48,7622147192;6,4059734346;
202100015667.0;1;81;81074;1;1;1.0;2.0;43,9254240000;2,2056770000;
202100015668.0;1;62;62204;1;2;3.0;3.0;50,4095020000;1,8484500000;
202100015669.0;1;83;83036;2;6;1.0;3.0;43,1735810000;6,5291830000;
202100015670.0;1;29;29181;1;1;3.0;7.0;48,4886097560; -4,2556379674;
202100015671.0;1;57;57097;1;1;1.0;3.0;49,1949700000;6,4803890000;
202100015672.0;1;91;91272;2;1;1.0;6.0;48,7056020000;2,1192770000;
202100015673.0;1;67;67547;1;1;1.0;1.0;48,2721970000;7,5984410000;
202100015674.0;1;2A;2A269;1;1;1.0;2.0;41,8463710000;9,4005630000;
202100015675.0;1;31;31032;2;1;1.0;1.0;43,6780200000;1,3473970000;
202100015676.0;1;65;65360;2;1;1.0;7.0;43,1048570000; -0,1178880000;
202100015677.0;1;89;89267;1;1;6.0;6.0;47,5570090000;4,0584610000;
202100015678.0;1;63;63270;1;1;1.0;6.0;45,5352880000;3,2939830000;
202100015679.0;1;63;63040;1;2;1.0;1.0;45,7237030000;3,3542340000;
202100015680.0;2;26;26338;2;1;1.0;6.0;44,6021470000;4,8190240000;
202100015681.0;1;47;47065;1;1;1.0;7.0;44,3707720000;0,4065370000;
202100015682.0;3;03;03217;1;1;1.0;1.0;46,3387060000;2,6630690000;
202100015683.0;3;58;58282;1;1;2.0;6.0;47,5196060000;3,5210650000;
202100015684.0;1;05;05074;1;1;1.0;3.0;44,4731880000;6,0753830000;
202100015685.0;1;24;24571;1;1;1.0;6.0;45,0246830000;0,7553530000;
202100015686.0;1;04;04006;1;1;1.0;7.0;44,3017850000;6,5829510000;
202100015687.0;2;85;85172;1;3;1.0;1.0;46,8377970000; -1,9897420000;
202100015688.0;1;28;28252;1;1;9.0;6.0;48,2526590000;0,9971170000;
202100015689.0;2;28;28378;1;1;2.0;7.0;48,2798440000;0,8510570000;
202100015690.0;1;87;87174;1;1;2.0;7.0;45,7750370000;1,4387260000;
202100015691.0;3;68;68103;1;1;1.0;2.0;47,6811950000;7,4593480000;
202100015692.0;3;33;33205;1;1;1.0;2.0;44,6089850000; -0,3743100000;
202100015693.0;1;971;97112;2;2;1.0;3.0;15,8801730000; -61,3104810000;
202100015694.0;3;977;97701;2;1;1.0;3.0;17,9039910000; -62,8429900000;
202100015695.0;1;971;97104;2;3;1.0;6.0;16,0207690000; -61,7468410000;
202100015696.0;3;77;77102;1;1;1.0;6.0;48,2329690000;2,6351500000;
202100015697.0;1;2B;2B148;2;1;1.0;7.0;42,5499660000;9,4534350000;
202100015698.0;3;2A;2A114;2;1;1.0;6.0;41,5171860000;9,1083040000;
202100015699.0;1;34;34002;2;1;1.0;7.0;43,5366490000;3,4299550000;
202100015700.0;3;34;34327;1;1;1.0;6.0;43,6623190000;3,9673450000;
202100015701.0;1;13;13105;2;1;1.0;1.0;43,7461770000;5,0783390000;
202100015702.0;3;68;68327;1;1;1.0;6.0;47,6303540000;7,4250730000;
202100015703.0;3;74;74155;1;1;1.0;6.0;46,2777600000;6,5083910000;
202100015704.0;1;74;74280;2;9;1.0;5.0;45,8849020000;6,3189630000;
202100015705.0;1;65;65123;1;1;1.0;3.0;42,9437500000;0,2868680000;
202100015706.0;2;33;33042;2;2;1.0;3.0;44,4890740000; -0,7915740000;
202100015707.0;1;13;13055;1;1;1.0;3.0;43,3189900000;5,4223500000;
202100015708.0;1;13;13211;1;1;1.0;4.0;43,2945100000;5,4667700000;
202100015709.0;5;13;13215;1;1;1.0;2.0;43,3706200000;5,3610200000;
202100015710.0;1;13;13215;1;1;1.0;2.0;43,3657530000;5,3606900000;
202100015711.0;1;13;13215;1;1;1.0;2.0;43,3476100000;5,3716600000;
202100015712.0;5;69;69142;1;1;1.0;6.0;45,7307000000;4,8154100000;
202100015713.0;3;69;69256;1;1;1.0;2.0;45,8000104624;4,9280482522;
202100015714.0;3;94;94021;1;1;2.0;3.0;48,7713715480;2,3450994762;
202100015715.0;1;77;77251;1;1;3.0;6.0;48,6180219631;2,5551232951;
202100015716.0;1;94;94034;1;1;1.0;2.0;48,7619800000;2,3151000000;
202100015717.0;1;91;91661;1;1;1.0;3.0;48,6963030000;2,2363820000;
202100015718.0;3;91;91136;1;1;1.0;6.0;48,7107900000;2,2872900000;
202100015719.0;5;78;78321;1;1;2.0;2.0;48,7979230000;1,9122660000;
202100015720.0;1;95;95572;1;1;2.0;6.0;49,0339770000;2,1114900000;
202100015721.0;1;92;92036;1;1;9.0;7.0;48,9407552111;2,2929279506;
202100015722.0;3;95;95277;1;1;2.0;2.0;48,9744700000;2,4874600000;
202100015723.0;3;93;93005;1;1;1.0;2.0;48,9641400000;2,4737300000;
202100015724.0;3;93;93053;1;1;1.0;6.0;48,8985400000;2,4697500000;
202100015725.0;4;93;93027;1;1;2.0;5.0;48,9286400000;2,4146500000;
202100015726.0;3;93;93010;1;1;2.0;2.0;48,9094100000;2,4741000000;
202100015727.0;3;95;95572;1;1;3.0;6.0;49,0287500000;2,1272200000;
202100015728.0;1;92;92036;1;1;1.0;4.0;48,9436471157;2,2877561673;
202100015729.0;1;93;93008;1;1;1.0;6.0;48,9082883090;2,4514767908;
202100015730.0;1;95;95582;1;1;1.0;4.0;48,9640200874;2,2634734115;
202100015731.0;4;77;77169;1;1;2.0;7.0;48,8139923741;2,6270401260;
202100015732.0;1;75;75112;1;1;2.0;2.0;48,8199009001;2,4594354630;
202100015733.0;5;77;77169;1;1;2.0;6.0;48,8235500000;2,6145400000;
202100015734.0;3;94;94044;1;1;2.0;6.0;48,7574142875;2,4755237102;
202100015735.0;2;75;75120;2;1;1.0;4.0;48,8482630000;2,4149470000;
202100015736.0;5;75;75112;2;4;1.0;3.0;48,8443520000;2,4138940000;
202100015737.0;1;75;75117;2;2;1.0;3.0;48,8889380000;2,3179690000;
202100015738.0;5;75;75116;2;4;1.0;6.0;48,8386330000;2,2546560000;
202100015739.0;1;75;75116;2;2;1.0;6.0;48,8712830000;2,2761980000;
202100015740.0;1;75;75116;2;2;1.0;3.0;48,8407980000;2,2651600000;
202100015741.0;1;75;75115;2;3;3.0;6.0;48,8325440000;2,2976160000;
202100015742.0;5;75;75115;2;2;1.0;3.0;48,8367570000;2,2980630000;
202100015743.0;3;75;75114;2;4;2.0;6.0;48,8406080000;2,3301610000;
202100015744.0;2;75;75114;2;7;3.0;7.0;48,8336900000;2,3319470000;
202100015745.0;5;75;75114;2;1;1.0;7.0;48,8233460000;2,3162110000;
202100015746.0;2;75;75112;2;2;2.0;3.0;48,8335240000;2,3821090000;
202100015747.0;1;75;75113;2;3;1.0;3.0;48,8251290000;2,3887630000;
202100015748.0;2;75;75111;2;2;8.0;6.0;48,8663580000;2,3688310000;
202100015749.0;1;75;75110;2;5;1.0;6.0;48,8748040000;2,3573920000;
202100015750.0;1;75;75108;2;7;8.0;2.0;48,8752480000;2,3148180000;
202100015751.0;5;75;75108;2;7;1.0;6.0;48,8752490000;2,3242730000;
202100015752.0;1;75;75107;2;2;1.0;2.0;48,8610590000;2,3132390000;
202100015753.0;1;75;75104;2;2;1.0;3.0;48,8508200000;2,3614350000;
202100015754.0;5;94;94081;2;1;2.0;3.0;48,7788240000;2,3797720000;
202100015755.0;1;94;94068;2;2;1.0;3.0;48,7920800000;2,4971400000;
202100015756.0;1;94;94043;2;1;1.0;2.0;48,8124920000;2,3615500000;
202100015757.0;1;94;94016;2;1;1.0;3.0;48,7924655894;2,3328137398;
202100015758.0;1;94;94033;2;2;8.0;1.0;48,8573100000;2,4708100000;
202100015759.0;1;94;94028;2;1;1.0;6.0;48,7853000000;2,4340400000;
202100015760.0;1;94;94017;2;1;1.0;6.0;48,8183354893;2,4926271848;
202100015761.0;5;94;94075;2;2;1.0;3.0;48,7274900000;2,5310600000;
202100015762.0;5;93;93072;2;1;1.0;1.0;48,9571000000;2,3958000000;
202100015763.0;1;93;93066;2;2;1.0;3.0;48,9092890000;2,3613640000;
202100015764.0;1;93;93066;2;9;1.0;5.0;48,9322400000;2,3489300000;
202100015765.0;1;93;93064;2;1;1.0;3.0;48,8771000000;2,4688530000;
202100015766.0;1;93;93064;2;1;1.0;2.0;48,8841050000;2,4871470000;
202100015767.0;5;93;93053;2;4;1.0;1.0;48,8862930000;2,4455490000;
202100015768.0;5;93;93048;2;6;2.0;6.0;48,8652940000;2,4435360000;
202100015769.0;5;93;93031;2;3;1.0;3.0;48,9485307924;2,3360871077;
202100015770.0;5;93;93005;2;2;2.0;3.0;48,9265059299;2,4940804839;
202100015771.0;1;93;93001;2;1;1.0;3.0;48,9084140000;2,3874890000;
202100015772.0;1;92;92046;2;1;2.0;6.0;48,8192951042;2,3042334954;
202100015773.0;1;92;92064;2;1;2.0;6.0;48,8515533906;2,2181588104;
202100015774.0;1;92;92064;2;1;1.0;3.0;48,8467175416;2,2141490524;
202100015775.0;1;92;92076;2;1;1.0;3.0;48,8458250000;2,1799680000;
202100015776.0;1;92;92062;2;9;1.0;3.0;48,8843064254;2,2498530149;
202100015777.0;1;92;92050;2;1;2.0;6.0;48,8932147497;2,2128653526;
202100015778.0;5;92;92040;2;2;1.0;3.0;48,8219211952;2,2440889478;
202100015779.0;2;92;92026;2;3;3.0;3.0;48,9021700000;2,2736900000;
202100015780.0;1;92;92025;2;4;1.0;3.0;48,9334000000;2,2646650000;
202100015781.0;1;92;92024;2;2;1.0;6.0;48,9030952134;2,3093777423;
202100015782.0;5;92;92024;2;1;1.0;6.0;48,8973900000;2,3086400000;
202100015783.0;1;92;92012;2;2;1.0;6.0;48,8354435105;2,2495135444;
202100015784.0;1;92;92012;2;6;1.0;2.0;48,8479077756;2,2418090701;
202100015785.0;1;76;76281;1;4;1.0;1.0;49,5201220000;0,5748540000;
202100015786.0;5;35;35126;2;1;3.0;1.0;47,9636170000; -1,7912170000;
202100015787.0;1;16;16012;1;1;8.0;2.0;45,5991760000; -0,3199340000;