Num_Acc;lum;departement;commune;agglomeration;intersection;meteo;type_collision;lat;long;date
202100016116.0;1;77;77373;1;1;1.0;1.0;48,7759630000;2,6010830000;
202100016117.0;1;77;77373;2;1;1.0;2.0;48,7915880156;2,6133362983;
202100016118.0;1;77;77372;2;3;1.0;3.0;48,8819120000;2,6974910000;
202100016119.0;5;76;76540;2;1;1.0;6.0;49,4489700000;1,0793200000;
202100016120.0;1;76;76351;2;2;1.0;3.0;49,4878200000;0,1017600000;
202100016121.0;1;72;72181;2;1;1.0;3.0;47,9784100000;0,2130400000;
202100016122.0;2;72;72181;2;1;1.0;3.0;48,0200900000;0,1839700000;
202100016123.0;1;72;72181;2;6;1.0;6.0;47,9967700000;0,1907700000;
202100016124.0;1;71;71153;2;1;1.0;2.0;46,8085007415;4,4288931866;
202100016125.0;1;71;71445;2;6;1.0;3.0;46,7789605461;4,8956683178;
202100016126.0;1;69;69266;2;3;1.0;6.0;45,7707400000;4,8656200000;
202100016127.0;2;69;69275;2;1;1.0;3.0;45,7467900000;4,9334400000;
202100016128.0;1;69;69264;2;1;1.0;1.0;45,9832431826;4,7061065841;
202100016129.0;5;67;67482;1;3;1.0;3.0;48,5694200000;7,7782800000;
202100016130.0;1;67;67482;2;1;1.0;3.0;48,5782100000;7,7908700000;
202100016131.0;3;66;66136;2;6;1.0;3.0;42,7054300000;2,9018500000;
202100016132.0;1;66;66136;2;1;1.0;4.0;42,7071900000;2,9070200000;
202100016133.0;1;66;66136;2;1;1.0;3.0;42,6969800000;2,8872700000;
202100016134.0;1;66;66136;2;1;1.0;2.0;42,6949000000;2,9113900000;
202100016135.0;1;64;64445;2;2;8.0;6.0;43,3049400000; -0,3705200000;
202100016136.0;1;63;63113;2;2;1.0;6.0;45,7678800000;3,0840800000;
202100016137.0;1;63;63113;2;3;1.0;3.0;45,7650200000;3,1097700000;
202100016138.0;1;63;63113;2;1;1.0;3.0;45,7685200000;3,0896600000;
202100016139.0;1;61;61001;2;3;1.0;2.0;48,4345900000;0,0764300000;
202100016140.0;1;60;60175;2;1;1.0;6.0;49,2543000000;2,4872000000;
202100016141.0;1;60;60057;2;6;1.0;6.0;49,4403646241;2,1035179978;
202100016142.0;5;59;59009;2;2;1.0;3.0;50,6162000000;3,1361300000;
202100016143.0;1;59;59350;2;1;1.0;3.0;50,6290800000;3,0754500000;
202100016144.0;1;59;59122;2;3;1.0;3.0;50,1656000000;3,2592300000;
202100016145.0;1;58;58194;2;3;1.0;3.0;46,9972000000;3,1589000000;
202100016146.0;1;58;58194;2;9;1.0;2.0;47,0040500000;3,1562700000;
202100016147.0;5;54;54328;2;6;1.0;6.0;48,6202500000;6,1677100000;
202100016148.0;5;54;54395;2;2;1.0;3.0;48,6841026455;6,1767179550;
202100016149.0;5;54;54395;2;3;1.0;3.0;48,6843449823;6,1743188703;
202100016150.0;1;54;54300;1;8;1.0;3.0;48,6409016028;6,2536898520;
202100016151.0;1;54;54578;2;3;1.0;3.0;48,6568403785;6,1315673590;
202100016152.0;1;51;51454;1;2;1.0;7.0;49,2139954756;4,0195966522;
202100016153.0;2;50;50602;2;2;1.0;3.0;49,6528500000; -1,5526100000;
202100016154.0;1;50;50602;2;1;1.0;3.0;49,6359400000; -1,5810800000;
202100016155.0;1;49;49007;2;1;1.0;6.0;47,4668000000; -0,5543100000;
202100016156.0;1;49;49007;2;1;1.0;3.0;47,4735400000; -0,5873500000;
202100016157.0;1;49;49007;1;1;1.0;2.0;47,4690700000; -0,6076400000;
202100016158.0;1;45;45234;2;2;1.0;6.0;47,9125200000;1,9156500000;
202100016159.0;1;45;45286;2;1;1.0;3.0;47,8880000000;1,9213000000;
202100016160.0;1;45;45232;2;6;1.0;3.0;47,8568500000;1,9031700000;
202100016161.0;1;44;44184;2;1;1.0;6.0;47,2701400000; -2,2400000000;
202100016162.0;1;44;44162;2;1;1.0;1.0;47,2299500000; -1,6345100000;
202100016163.0;2;44;44109;2;1;1.0;6.0;47,2189200000; -1,5368700000;
202100016164.0;1;44;44109;2;1;1.0;3.0;47,2594800000; -1,5750100000;
202100016165.0;1;44;44109;1;1;1.0;1.0;47,2256490000; -1,4958560000;
202100016166.0;2;38;38185;2;1;1.0;3.0;45,1671100000;5,7284900000;
202100016167.0;1;38;38169;2;1;1.0;3.0;45,1979900000;5,6715400000;
202100016168.0;5;37;37261;2;1;1.0;6.0;47,3950168601;0,6847243513;
202100016169.0;1;37;37233;2;1;1.0;4.0;47,3792844727;0,7223211564;
202100016170.0;1;37;37122;2;1;1.0;6.0;47,3500665339;0,6628820235;
202100016171.0;1;37;37261;2;1;1.0;6.0;47,3605698107;0,7053723449;
202100016172.0;1;37;37233;2;1;1.0;6.0;47,3967454895;0,7221452594;
202100016173.0;1;37;37261;2;2;1.0;6.0;47,4236709681;0,6930945106;
202100016174.0;1;35;35241;2;1;7.0;6.0;48,6140000000; -2,0352800000;
202100016175.0;1;35;35238;2;1;1.0;6.0;48,0837300000; -1,6699990000;
202100016176.0;1;35;35238;2;1;1.0;4.0;48,1083700000; -1,6836000000;
202100016177.0;1;35;35238;2;1;1.0;6.0;48,1355300000; -1,6559300000;
202100016178.0;1;35;35281;2;3;1.0;3.0;48,0936000000; -1,7049000000;
202100016179.0;5;34;34301;2;9;1.0;3.0;43,4053745349;3,6913077968;
202100016180.0;1;34;34003;2;1;1.0;6.0;43,3028300000;3,4862000000;
202100016181.0;1;34;34003;2;1;1.0;3.0;43,2848900000;3,5024900000;
202100016182.0;1;33;33063;2;1;1.0;3.0;44,8259000000; -0,5902200000;
202100016183.0;5;33;33039;2;6;1.0;3.0;44,7905100000; -0,5353500000;
202100016184.0;1;33;33550;2;6;1.0;2.0;44,7656900000; -0,5800700000;
202100016185.0;3;33;33522;2;1;1.0;6.0;44,8123500000; -0,6063200000;
202100016186.0;1;33;33063;2;7;1.0;6.0;44,8237800000; -0,5514000000;
202100016187.0;1;33;33249;2;3;1.0;3.0;44,8690600000; -0,5123300000;
202100016188.0;1;33;33529;1;2;1.0;2.0;44,6166480000; -1,1134050000;
202100016189.0;5;31;31069;2;1;1.0;6.0;43,6438900000;1,3791100000;
202100016190.0;1;31;31555;2;3;1.0;3.0;43,5935100000;1,4425000000;
202100016191.0;5;31;31555;2;1;1.0;3.0;43,6217000000;1,4249700000;
202100016192.0;5;31;31555;2;1;1.0;3.0;43,6105238941;1,4436181962;
202100016193.0;5;31;31555;2;1;1.0;6.0;43,6067200000;1,4282100000;
202100016194.0;1;31;31555;2;1;1.0;7.0;43,6195600000;1,4574100000;
202100016195.0;1;30;30028;2;9;1.0;6.0;44,1592600000;4,6264000000;
202100016196.0;1;29;29232;1;1;1.0;6.0;47,9877220200; -4,0744525190;
202100016197.0;1;29;29232;1;1;1.0;2.0;47,9787400000; -4,0495000000;
202100016198.0;1;29;29232;2;1;1.0;6.0;48,0107600000; -4,0979100000;
202100016199.0;2;29;29039;1;1;1.0;4.0;47,8946069454; -3,9141100787;
202100016200.0;1;29;29019;2;3;3.0;3.0;48,3871583554; -4,4736586677;
202100016201.0;2;25;25056;2;1;2.0;2.0;47,2236700000;5,9674600000;
202100016202.0;2;25;25056;2;3;1.0;2.0;47,2464600000;6,0084600000;
202100016203.0;1;25;25056;2;2;1.0;6.0;47,2502700000;6,0051500000;
202100016204.0;1;24;24037;2;1;8.0;2.0;44,8434700000;0,4764200000;
202100016205.0;1;22;22215;1;1;1.0;2.0;48,4967500000; -2,7687300000;
202100016206.0;1;22;22106;2;1;1.0;1.0;48,4948100000; -2,7149900000;
202100016207.0;1;22;22278;2;1;1.0;1.0;48,5180199045; -2,7549068094;
202100016208.0;1;17;17291;1;1;1.0;4.0;46,1731500000; -1,1168000000;
202100016209.0;1;17;17300;2;1;1.0;6.0;46,1586000000; -1,1482500000;
202100016210.0;1;17;17300;2;1;1.0;3.0;46,1603600000; -1,1925100000;
202100016211.0;1;17;17274;2;3;9.0;3.0;46,1585200000; -1,1131000000;
202100016212.0;1;14;14437;2;1;8.0;6.0;49,1810100000; -0,3166800000;
202100016213.0;1;14;14437;2;1;1.0;6.0;49,1696650000; -0,3217550000;
202100016214.0;1;14;14118;2;3;1.0;3.0;49,1630200000; -0,3582400000;
202100016215.0;5;14;14566;2;1;1.0;6.0;49,2007300000; -0,3983700000;
202100016216.0;1;13;13202;2;3;1.0;3.0;43,3269300000;5,3565500000;
202100016217.0;1;13;13208;2;9;1.0;6.0;43,2695315236;5,3863810866;
202100016218.0;1;13;13208;2;1;7.0;6.0;43,2495844925;5,3900544299;
202100016219.0;1;13;13210;2;1;1.0;6.0;43,2660000000;5,4199900000;
202100016220.0;1;13;13212;2;3;1.0;3.0;43,3000000000;5,4300000000;
202100016221.0;1;13;13063;1;1;1.0;3.0;43,5787929288;5,0047607453;
202100016222.0;1;13;13001;2;2;1.0;3.0;43,5253954396;5,4509483732;
202100016223.0;5;06;06083;2;3;1.0;3.0;43,7793300000;7,4935900000;
202100016224.0;1;06;06069;1;1;1.0;3.0;43,6600150000;6,9505990000;
202100016225.0;1;06;06027;2;3;1.0;3.0;43,6583780000;7,1413990000;
202100016226.0;1;05;05061;2;6;7.0;3.0;44,5641000000;6,0934900000;
202100016227.0;1;05;05061;2;1;1.0;2.0;44,5591300000;6,0838000000;
202100016228.0;1;05;05061;1;1;1.0;7.0;44,5101400000;6,0680500000;
202100016229.0;1;05;05023;2;1;1.0;6.0;44,8957700000;6,6326100000;
202100016230.0;1;04;04112;2;1;1.0;3.0;43,8241282804;5,7876686306;
202100016231.0;2;03;03094;1;1;1.0;6.0;46,1543600000;3,4108200000;
202100016232.0;1;01;01053;2;4;1.0;6.0;46,2079300000;5,2237500000;
202100016233.0;1;01;01053;2;2;1.0;5.0;46,2035200000;5,2425810000;
202100016234.0;1;75;75114;2;4;1.0;3.0;48,8193200683;2,3286869919;
202100016235.0;1;75;75116;2;1;1.0;4.0;48,8673430000;2,2693660000;
202100016236.0;2;75;75118;2;4;1.0;3.0;48,9003664709;2,3577470484;
202100016237.0;1;75;75106;2;1;8.0;2.0;48,8462600000;2,3261750000;
202100016238.0;1;75;75105;2;2;2.0;6.0;48,8380740000;2,3559240000;
202100016239.0;1;75;75120;2;2;1.0;3.0;48,8679340000;2,4090040000;
202100016240.0;1;75;75118;2;4;1.0;6.0;48,8923270000;2,3490730000;
202100016241.0;1;75;75118;2;7;8.0;4.0;48,8836707843;2,3273608223;
202100016242.0;1;75;75118;2;3;8.0;6.0;48,8958836125;2,3284120508;
202100016243.0;5;75;75114;2;1;1.0;3.0;48,8304372775;2,3291287231;
202100016244.0;1;75;75114;2;3;1.0;2.0;48,8267590000;2,3243140000;
202100016245.0;1;75;75113;2;1;1.0;3.0;48,8270260000;2,3854190000;
202100016246.0;1;75;75113;2;7;1.0;3.0;48,8239523259;2,3535811549;
202100016247.0;2;75;75113;2;3;1.0;3.0;48,8356792795;2,3753664827;
202100016248.0;5;75;75103;2;2;1.0;3.0;48,8693600000;2,3542800000;
202100016249.0;5;75;75108;2;1;1.0;3.0;48,8695622255;2,3100787590;
202100016250.0;1;75;75107;2;2;1.0;2.0;48,8585070000;2,3231180000;
202100016251.0;1;75;75103;2;2;1.0;3.0;48,8693320000;2,3542630000;
202100016252.0;1;75;75104;2;3;1.0;3.0;48,8548154171;2,3687320498;
202100016253.0;5;94;94076;2;1;1.0;1.0;48,8015550000;2,3649340000;
202100016254.0;2;94;94041;2;1;1.0;3.0;48,8054100000;2,3764000000;
202100016255.0;1;94;94021;2;5;1.0;6.0;48,7689500000;2,3677900000;
202100016256.0;1;94;94022;2;1;1.0;6.0;48,7661990000;2,4085830000;
202100016257.0;1;94;94059;2;1;1.0;6.0;48,8145000000;2,5646300000;
202100016258.0;1;93;93048;2;1;1.0;6.0;48,8683600000;2,4415100000;
202100016259.0;1;93;93048;2;5;2.0;2.0;48,8682600000;2,4469900000;
202100016260.0;1;93;93048;2;2;2.0;3.0;48,8711500000;2,4708500000;
202100016261.0;1;93;93029;2;1;1.0;1.0;48,9130025818;2,4501415991;
202100016262.0;5;92;92077;2;4;2.0;6.0;48,8240298742;2,1973601729;
202100016263.0;1;92;92048;2;2;1.0;5.0;48,8130624041;2,2402973231;
202100016264.0;1;92;92035;2;2;8.0;7.0;48,9044458283;2,2324924171;
202100016265.0;5;92;92025;2;1;1.0;3.0;48,9169593938;2,2527064415;
202100016266.0;2;92;92025;2;3;1.0;6.0;48,9104281091;2,2347065806;
202100016267.0;1;92;92025;2;3;1.0;6.0;48,9231025819;2,2540453076;
202100016268.0;5;92;92024;2;1;1.0;1.0;48,9040497110;2,3187911510;
202100016269.0;5;92;92064;2;1;2.0;6.0;48,8436500000;2,2173800000;
202100016270.0;5;92;92049;2;1;1.0;3.0;48,8096500000;2,3253800000;
202100016271.0;1;92;92007;2;1;1.0;3.0;48,8026269035;2,3189802468;
202100016272.0;1;2A;2A189;1;1;1.0;3.0;41,6846490000;8,9208450000;
202100016273.0;1;35;35125;2;1;1.0;6.0;47,9492860000; -1,2316330000;
202100016274.0;1;84;84037;1;9;1.0;1.0;44,0426940000;4,8495090000;
202100016275.0;1;62;62652;2;3;1.0;6.0;50,4838080000;2,4146590000;
202100016276.0;1;83;83057;1;1;1.0;6.0;43,3820650000;6,1841710000;
202100016277.0;1;19;19174;1;1;1.0;7.0;45,1969630000;1,9732530000;
202100016278.0;1;19;19070;1;1;2.0;1.0;45,4323710000;2,0863720000;
202100016279.0;1;56;56236;1;2;1.0;3.0;47,9163440000; -2,5243530000;
202100016280.0;1;56;56070;1;3;1.0;3.0;47,9160470000; -2,5279270000;
202100016281.0;1;56;56094;1;1;1.0;1.0;47,7748170000; -3,2357790000;
202100016282.0;1;80;80422;1;1;1.0;1.0;50,1721830000;1,8102220000;
202100016283.0;1;80;80553;1;2;1.0;3.0;49,9880280000;2,3674890000;
202100016284.0;5;33;33236;2;1;1.0;6.0;44,7236670000; -1,2034590000;
202100016285.0;1;63;63350;1;3;1.0;4.0;45,7219930000;3,2665660000;
202100016286.0;1;49;49080;1;1;1.0;7.0;47,6988160000; -0,4593660000;
202100016287.0;1;39;39327;2;1;7.0;1.0;46,6633390000;5,5159630000;
202100016288.0;1;44;44097;2;3;1.0;3.0;47,4076910000; -2,4808130000;
202100016289.0;1;35;35040;1;9;1.0;6.0;48,1364370000; -1,9383140000;
202100016290.0;2;26;26204;2;3;1.0;6.0;44,6307410000;5,4309310000;
202100016291.0;5;72;72006;2;1;1.0;3.0;48,4089640000;0,0890920000;
202100016292.0;1;72;72321;1;1;1.0;7.0;48,0665410000; -0,1427950000;
202100016293.0;5;06;06032;2;1;1.0;6.0;43,7257800000;7,4068910000;
202100016294.0;1;50;50593;1;1;1.0;3.0;49,5915430000; -1,4134650000;
202100016295.0;1;60;60222;1;3;1.0;1.0;49,4711290000;2,2606410000;
202100016296.0;1;64;64538;2;3;1.0;4.0;43,1629550000; -1,2436760000;
202100016297.0;1;16;16337;1;2;1.0;3.0;45,9848710000;0,7110000000;
202100016298.0;1;27;27011;2;1;1.0;3.0;49,2187990000;0,9411230000;
202100016299.0;1;48;48140;2;1;1.0;6.0;44,8021710000;3,2756260000;
202100016300.0;1;88;88447;1;1;1.0;6.0;47,9451610000;6,7687690000;
202100016301.0;1;88;88250;1;1;1.0;1.0;48,1088210000;6,5852520000;
202100016302.0;3;72;72022;1;1;1.0;6.0;47,7829280000; -0,1956080000;
202100016303.0;3;89;89333;1;1;1.0;3.0;47,5044700000;4,0467450000;
202100016304.0;1;06;06149;1;1;1.0;6.0;43,7320810000;7,3054790000;
202100016305.0;1;51;51409;1;1;1.0;6.0;48,8918380000;4,2882730000;
202100016306.0;1;988;98826;1;1;1.0;1.0; -20,2500630000;164,0750000000;
202100016307.0;1;988;98817;2;1;1.0;6.0; -22,2363680000;166,5943680000;
202100016308.0;1;971;97128;2;1;1.0;3.0;16,2236840000; -61,3975350000;
202100016309.0;5;971;97122;2;1;1.0;6.0;16,4145980000; -61,5190060000;
202100016310.0;1;971;97122;1;1;1.0;1.0;16,4198050000; -61,4920660000;
202100016311.0;1;95;95253;1;1;1.0;6.0;49,0588370000;1,8690810000;
202100016312.0;3;78;78531;1;9;1.0;2.0;48,9885050000;1,6569150000;
202100016313.0;1;2B;2B093;1;3;1.0;2.0;42,6102830000;8,8891950000;
202100016314.0;1;2B;2B148;1;1;1.0;3.0;42,5310258827;9,4432854655;
202100016315.0;1;66;66217;2;6;1.0;7.0;42,6167378846;2,8112719599;
202100016316.0;1;66;66180;2;1;1.0;6.0;42,7718831973;3,0050584674;
202100016317.0;1;04;04039;1;1;1.0;7.0;43,8650730000;6,4613340000;
202100016318.0;1;04;04039;1;1;1.0;7.0;43,8440990000;6,5417580000;
202100016319.0;3;04;04242;1;2;1.0;3.0;43,8934780000;5,8747780000;
202100016320.0;2;13;13092;1;3;1.0;1.0;43,5153350000;5,1213240000;
202100016321.0;1;13;13042;1;1;1.0;1.0;43,2972660000;5,6324170000;
202100016322.0;1;13;13099;1;2;7.0;3.0;43,6986200000;5,7439610000;
202100016323.0;1;71;71025;1;1;1.0;1.0;46,4037020000;4,4131030000;
202100016324.0;3;67;67519;1;1;1.0;6.0;48,6448190000;7,7940060000;
202100016325.0;1;67;67458;1;1;1.0;3.0;48,8146530000;7,7666310000;
202100016326.0;1;73;73114;1;1;1.0;6.0;45,8189600000;6,5299990000;
202100016327.0;1;69;69236;1;1;1.0;1.0;45,5641470000;4,6995950000;
202100016328.0;1;50;50023;1;1;1.0;7.0;49,2897870000; -1,3076490000;
202100016329.0;1;14;14751;1;2;7.0;3.0;48,8546500000; -0,1027645840;
202100016330.0;3;60;60116;1;1;1.0;7.0;49,3175830000;2,3789160000;
202100016331.0;1;60;60575;1;1;1.0;2.0;49,3032798997;2,1981521861;
202100016332.0;3;60;60010;1;1;1.0;7.0;49,2222828644;2,1005816458;
202100016333.0;2;59;59263;1;6;7.0;3.0;50,3259090000;3,1097320000;
202100016334.0;3;13;13088;1;1;1.0;1.0;43,3799675652;5,2184459842;
202100016335.0;1;13;13106;1;1;1.0;2.0;43,3929200000;5,3513900000;
202100016336.0;1;33;33318;1;1;2.0;2.0;44,7889810000; -0,6226970000;
202100016337.0;1;92;92002;1;1;1.0;4.0;48,7322640013;2,3108035326;
202100016338.0;1;94;94034;1;1;1.0;4.0;48,7597943467;2,3218478062;
202100016339.0;1;91;91687;1;1;8.0;2.0;48,6600900000;2,3730500000;
202100016340.0;3;91;91549;1;1;1.0;2.0;48,6252300000;2,3345700000;
202100016341.0;1;94;94033;1;1;1.0;2.0;48,8606307802;2,4846398604;
202100016342.0;1;77;77514;1;1;1.0;2.0;48,9494200000;2,6287700000;
202100016343.0;1;77;77294;1;1;1.0;4.0;48,9579257245;2,6243545389;
202100016344.0;1;93;93071;2;9;1.0;1.0;48,9398240000;2,5151290000;
202100016345.0;1;92;92004;2;3;3.0;6.0;48,9112901352;2,2853654623;
202100016346.0;1;75;75116;2;2;1.0;6.0;48,8610150000;2,2833930000;
202100016347.0;1;75;75120;2;1;1.0;2.0;48,8569630000;2,4044670000;
202100016348.0;1;75;75118;2;2;1.0;3.0;48,8845940000;2,3540940000;
202100016349.0;1;75;75118;2;3;1.0;3.0;48,8844130000;2,3305600000;
202100016350.0;5;75;75117;2;2;1.0;3.0;48,8822140000;2,3045110000;
202100016351.0;1;75;75116;2;7;1.0;3.0;48,8479119088;2,2589282691;
202100016352.0;5;75;75114;2;3;1.0;2.0;48,8246719168;2,3135641370;
202100016353.0;1;75;75114;2;5;2.0;2.0;48,8213083226;2,3426564941;
202100016354.0;1;75;75113;2;3;1.0;3.0;48,8365508568;2,3511728868;
202100016355.0;1;75;75113;2;1;2.0;6.0;48,8235290000;2,3581100000;
202100016356.0;1;75;75113;2;2;8.0;3.0;48,8276740000;2,3713820000;
202100016357.0;1;75;75112;2;1;1.0;6.0;48,8395000000;2,3848970000;
202100016358.0;1;75;75112;2;1;1.0;2.0;48,8379536578;2,4259936810;
202100016359.0;5;75;75112;2;5;1.0;3.0;48,8440504325;2,4130949950;
202100016360.0;1;75;75111;2;2;1.0;3.0;48,8657780000;2,3699900000;
202100016361.0;1;75;75110;2;4;1.0;2.0;48,8757838351;2,3565210427;
202100016362.0;1;75;75108;2;5;1.0;3.0;48,8771467944;2,3003201187;
202100016363.0;1;94;94081;2;1;1.0;3.0;48,8034900000;2,4042200000;
202100016364.0;2;94;94003;2;2;1.0;3.0;48,7999300000;2,3439600000;
202100016365.0;1;94;94041;2;1;1.0;6.0;48,8236900000;2,3906400000;
202100016366.0;1;94;94011;2;1;1.0;2.0;48,7647500000;2,4882500000;
202100016367.0;1;94;94028;2;1;1.0;2.0;48,7953800000;2,4437900000;
202100016368.0;1;94;94077;2;1;1.0;6.0;48,7300000000;2,4400000000;
202100016369.0;1;94;94069;2;2;1.0;3.0;48,8150200000;2,4630800000;
202100016370.0;1;94;94011;2;1;1.0;2.0;48,7645000000;2,4924100000;
202100016371.0;1;93;93071;2;1;1.0;1.0;48,9398100000;2,5153540000;
202100016372.0;1;93;93066;2;1;1.0;2.0;48,9472210000;2,3729750000;
202100016373.0;5;93;93046;2;9;1.0;3.0;48,9227000000;2,5443000000;
202100016374.0;1;93;93008;2;2;1.0;3.0;48,9092930819;2,4661383035;
202100016375.0;1;93;93008;2;3;1.0;1.0;48,9090780000;2,4431360000;
202100016376.0;1;93;93001;2;1;1.0;3.0;48,9126830000;2,4017410000;
202100016377.0;5;93;93001;2;2;1.0;3.0;48,9153800000;2,3709200000;
202100016378.0;5;92;92062;2;2;1.0;3.0;48,8875284339;2,2330042885;
202100016379.0;1;92;92051;2;1;1.0;6.0;48,8857556513;2,2692574561;
202100016380.0;1;92;92049;2;1;1.0;3.0;48,8098355110;2,3214358091;
202100016381.0;1;92;92046;2;2;1.0;1.0;48,8177106576;2,3078705370;
202100016382.0;1;92;92036;2;1;1.0;1.0;48,9349991451;2,3055155575;
202100016383.0;1;92;92036;2;3;1.0;3.0;48,9255352111;2,3171684146;
202100016384.0;1;92;92036;2;3;1.0;3.0;48,9337799082;2,3133716792;
202100016385.0;1;92;92036;2;3;1.0;3.0;48,9226000000;2,3205100000;
202100016386.0;5;92;92032;2;1;1.0;6.0;48,7881243774;2,2842199314;
202100016387.0;1;92;92012;2;1;1.0;2.0;48,8351500000;2,2410800000;
202100016388.0;5;92;92012;2;3;1.0;3.0;48,8339942112;2,2611290216;
202100016389.0;1;92;92012;2;2;2.0;3.0;48,8377599139;2,2404592373;
202100016390.0;1;976;97610;1;1;1.0;3.0; -12,7464120000;45,2266310000;
202100016391.0;1;80;80766;1;1;1.0;7.0;50,0545763118;2,4858283997;
202100016392.0;1;41;41194;2;2;2.0;3.0;47,3614070000;1,7392460000;
202100016393.0;1;11;11397;1;9;1.0;2.0;43,2029000000;2,4169060000;
202100016394.0;1;13;13078;1;1;1.0;2.0;43,4499810000;4,8374960000;
202100016395.0;1;67;67437;2;9;1.0;6.0;48,7426280000;7,3729040000;
202100016396.0;1;35;35363;1;1;1.0;3.0;48,0223670000; -1,6904350000;
202100016397.0;1;59;59067;2;1;1.0;6.0;50,9710150000;2,4271470000;
202100016398.0;3;30;30286;1;1;1.0;6.0;43,9856200000;4,4574450000;
202100016399.0;1;79;79351;2;1;1.0;7.0;46,4368910000; -0,5597260000;
202100016400.0;1;81;81288;2;1;1.0;6.0;43,4582850000;2,0776180000;
202100016401.0;1;61;61199;1;2;1.0;2.0;48,7860140000; -0,1615760000;
202100016402.0;1;55;55291;2;2;2.0;7.0;48,6875290000;5,3205050000;
202100016403.0;1;42;42026;1;1;1.0;6.0;46,1744520000;4,0770010000;
202100016404.0;1;39;39415;2;1;1.0;6.0;46,9351030000;5,3431770000;
202100016405.0;3;72;72088;1;1;2.0;7.0;48,2084520000;0,2377460000;
202100016406.0;1;06;06059;1;1;1.0;5.0;43,7209940000;7,3433300000;
202100016407.0;1;07;07240;1;1;1.0;2.0;44,8468820000;4,8205260000;
202100016408.0;1;24;24296;2;6;1.0;6.0;44,8513430000;0,6163720000;
202100016409.0;1;04;04081;2;1;1.0;3.0;43,7399570000;5,9731240000;
202100016410.0;2;85;85026;1;3;1.0;3.0;46,5527960000; -1,4279010000;
202100016411.0;3;27;27248;1;1;3.0;6.0;49,1518890000;0,5610970000;
202100016412.0;1;13;13113;1;1;1.0;4.0;43,5895847008;5,4797994649;
202100016413.0;1;66;66108;1;1;1.0;5.0;42,7141330000;2,6749560000;
202100016414.0;1;34;34324;2;1;1.0;7.0;43,2554052451;3,2860601912;
202100016415.0;1;88;88417;1;1;1.0;7.0;48,3233010000;6,6385320000;
202100016416.0;3;54;54352;1;1;2.0;7.0;48,6481082914;6,0797309875;
202100016417.0;1;57;57148;2;1;1.0;6.0;49,0986840000;6,3245310000;
202100016418.0;1;63;63092;1;1;1.0;3.0;45,9015970000;2,9939150000;
202100016419.0;1;07;07034;1;1;1.0;7.0;44,3307980000;4,5419940000;
202100016420.0;2;69;69204;2;1;1.0;1.0;45,6965580000;4,8120120000;
202100016421.0;1;33;33415;1;3;1.0;1.0;45,0128370000; -0,4517150000;
202100016422.0;1;59;59212;2;9;1.0;6.0;50,6424953693;2,7128288059;
202100016423.0;1;13;13071;1;1;1.0;4.0;43,4124300000;5,2814100000;
202100016424.0;1;13;13005;1;1;1.0;4.0;43,2895110000;5,5601730000;
202100016425.0;1;33;33075;1;1;1.0;2.0;44,8880300000; -0,5812100000;
202100016426.0;1;92;92012;1;1;1.0;6.0;48,8485101306;2,2270096797;
202100016427.0;1;78;78158;1;1;1.0;5.0;48,8314300000;2,1466100000;
202100016428.0;1;78;78043;1;1;1.0;3.0;48,8402100000;2,0956200000;
202100016429.0;1;92;92036;1;1;1.0;2.0;48,9328054756;2,3021252038;
202100016430.0;1;93;93005;1;1;1.0;2.0;48,9655000000;2,4763600000;
202100016431.0;3;95;95306;1;1;1.0;2.0;49,0071283415;2,1621105752;
202100016432.0;1;77;77373;1;1;1.0;3.0;48,7732600000;2,6131800000;
202100016433.0;1;77;77438;1;1;1.0;2.0;48,8728960000;2,6701740000;
202100016434.0;1;94;94018;1;1;1.0;2.0;48,8244400000;2,3936100000;
202100016435.0;1;94;94042;1;1;1.0;3.0;48,8273000000;2,4691000000;
202100016436.0;1;77;77450;1;1;1.0;5.0;48,7069730000;2,5984060000;
202100016437.0;1;76;76351;2;2;1.0;6.0;49,4960800000;0,1268400000;
202100016438.0;1;09;09225;1;1;1.0;3.0;43,1192900000;1,6522800000;
202100016439.0;1;74;74008;2;1;3.0;2.0;46,2005600000;6,2302500000;
202100016440.0;5;974;97411;2;1;1.0;1.0; -20,8877000000;55,4805000000;
202100016441.0;1;69;69388;2;1;1.0;4.0;45,7286370733;4,8653787099;
202100016442.0;1;972;97209;2;1;1.0;6.0;14,6103600000; -61,0477100000;
202100016443.0;5;971;97101;2;1;1.0;6.0;16,2694700000; -61,5063200000;
202100016444.0;1;2A;2A004;1;1;1.0;2.0;41,9333667934;8,8074850932;