Num_Acc;lum;departement;commune;agglomeration;intersection;meteo;type_collision;lat;long;date
202100016445.0;1;91;91549;2;1;3.0;6.0;48,6386700000;2,3422000000;
202100016446.0;1;91;91589;2;1;1.0;2.0;48,6785820000;2,3466760000;
202100016447.0;1;91;91027;2;1;8.0;4.0;48,7019500000;2,3780900000;
202100016448.0;1;91;91174;2;2;1.0;6.0;48,6007600000;2,4708800000;
202100016449.0;3;87;87065;1;1;1.0;6.0;45,7988800000;1,2961700000;
202100016450.0;5;87;87085;2;3;1.0;6.0;45,8744700000;1,2951700000;
202100016451.0;1;86;86194;2;1;1.0;3.0;46,5775630000;0,3223260000;
202100016452.0;1;86;86194;2;1;1.0;6.0;46,5737860000;0,3916140000;
202100016453.0;1;84;84007;1;1;1.0;6.0;43,9223800000;4,7816200000;
202100016454.0;1;83;83137;2;1;1.0;4.0;43,1343740000;5,9166720000;
202100016455.0;1;83;83118;2;9;1.0;3.0;43,4354370000;6,8025750000;
202100016456.0;1;81;81004;1;6;1.0;3.0;43,9515100000;2,1553800000;
202100016457.0;1;78;78551;1;3;1.0;1.0;48,9630670000;2,1145540000;
202100016458.0;1;78;78361;2;1;1.0;1.0;48,9974760000;1,7142640000;
202100016459.0;1;77;77288;2;6;1.0;6.0;48,5523500000;2,6440200000;
202100016460.0;1;77;77111;2;1;2.0;2.0;48,8599500000;2,7770200000;
202100016461.0;5;76;76540;2;2;1.0;3.0;49,4338800000;1,0761100000;
202100016462.0;1;76;76497;2;3;1.0;3.0;49,3846100000;1,0216200000;
202100016463.0;3;76;76270;1;1;1.0;6.0;49,5528400000;0,1401500000;
202100016464.0;5;76;76351;2;2;1.0;1.0;49,5048200000;0,1687700000;
202100016465.0;1;68;68224;2;2;1.0;6.0;47,7549600000;7,3364400000;
202100016466.0;5;67;67482;2;3;1.0;3.0;48,5813600000;7,6992700000;
202100016467.0;1;67;67482;2;1;1.0;2.0;48,5781400000;7,7692600000;
202100016468.0;1;67;67482;2;1;1.0;2.0;48,5992900000;7,7615200000;
202100016469.0;1;66;66136;2;1;1.0;4.0;42,6913000000;2,8966400000;
202100016470.0;5;64;64024;1;1;1.0;6.0;43,4819000000; -1,5074000000;
202100016471.0;1;64;64102;2;1;1.0;7.0;43,5009240000; -1,4458380000;
202100016472.0;2;63;63113;2;2;1.0;3.0;45,7854400000;3,0646800000;
202100016473.0;1;63;63113;2;1;1.0;6.0;45,7816000000;3,0708100000;
202100016474.0;1;63;63070;2;2;1.0;3.0;45,7473500000;3,0707300000;
202100016475.0;1;63;63113;2;2;1.0;3.0;45,7816600000;3,0801200000;
202100016476.0;2;63;63019;2;5;1.0;3.0;45,7945785207;3,1628099084;
202100016477.0;1;63;63113;2;2;1.0;3.0;45,8021700000;3,1045100000;
202100016478.0;2;63;63113;2;5;2.0;6.0;45,7820044988;3,0954529345;
202100016479.0;1;63;63070;1;1;1.0;5.0;45,7395400000;3,0726600000;
202100016480.0;1;62;62587;1;4;1.0;3.0;50,4320400000;2,9220300000;
202100016481.0;1;62;62510;2;4;1.0;6.0;50,4239550000;2,7559370000;
202100016482.0;1;59;59378;1;1;3.0;6.0;50,6793800000;3,1140300000;
202100016483.0;5;56;56121;2;1;1.0;6.0;47,7454300000; -3,3865200000;
202100016484.0;3;56;56162;1;6;1.0;6.0;47,7096700000; -3,4386900000;
202100016485.0;1;56;56107;1;1;1.0;2.0;47,7221600000; -3,3822200000;
202100016486.0;1;56;56121;2;3;1.0;3.0;47,7530700000; -3,3756000000;
202100016487.0;1;54;54578;2;3;1.0;3.0;48,6688401171;6,1610654410;
202100016488.0;1;54;54273;2;2;1.0;3.0;49,1538500000;5,8758700000;
202100016489.0;1;52;52235;1;1;1.0;6.0;48,6461420000;4,9058560000;
202100016490.0;1;51;51454;2;1;1.0;3.0;49,2507400000;4,0401000000;
202100016491.0;2;50;50147;2;2;3.0;6.0;49,0520400000; -1,4434800000;
202100016492.0;1;49;49328;2;6;2.0;3.0;47,2530600000; -0,0804100000;
202100016493.0;1;49;49328;2;9;8.0;1.0;47,2662600000; -0,0912400000;
202100016494.0;1;49;49099;2;6;3.0;3.0;47,0517500000; -0,8499700000;
202100016495.0;1;49;49007;2;1;1.0;1.0;47,4794120000; -0,5584650000;
202100016496.0;1;49;49353;2;6;1.0;3.0;47,4408000000; -0,4985900000;
202100016497.0;1;45;45234;2;1;8.0;3.0;47,9022800000;1,8863700000;
202100016498.0;5;45;45004;2;6;1.0;6.0;47,9763357691;2,7843300104;
202100016499.0;1;44;44109;2;1;1.0;6.0;47,2365400000; -1,5686000000;
202100016500.0;3;41;41018;2;1;1.0;6.0;47,5685400000;1,3222100000;
202100016501.0;1;37;37261;2;1;1.0;7.0;47,4063496630;0,7115225465;
202100016502.0;1;33;33522;2;1;1.0;6.0;44,8122300000; -0,5909700000;
202100016503.0;1;33;33069;2;1;1.0;5.0;44,8643700000; -0,6048200000;
202100016504.0;5;33;33063;2;2;1.0;6.0;44,8195300000; -0,5723500000;
202100016505.0;1;31;31555;2;1;8.0;3.0;43,5901200000;1,4159800000;
202100016506.0;1;29;29232;2;6;1.0;3.0;48,0171100000; -4,0952100000;
202100016507.0;1;27;27229;2;3;1.0;3.0;49,0059694495;1,1430801086;
202100016508.0;1;25;25580;2;1;1.0;3.0;47,4763800000;6,8253200000;
202100016509.0;1;24;24037;1;1;1.0;5.0;44,8693500000;0,4566200000;
202100016510.0;5;17;17306;2;2;8.0;3.0;45,6232136328; -1,0032449410;
202100016511.0;1;13;13210;2;1;1.0;3.0;43,2833701852;5,4266676633;
202100016512.0;3;13;13212;2;1;1.0;2.0;43,2968476834;5,4426975579;
202100016513.0;1;13;13207;2;2;1.0;3.0;43,2877800000;5,3536700000;
202100016514.0;3;13;13205;2;1;2.0;6.0;43,2870700000;5,4023800000;
202100016515.0;1;13;13028;2;1;1.0;2.0;43,1794200000;5,5997400000;
202100016516.0;1;11;11262;2;1;1.0;3.0;43,1920400000;3,0287500000;
202100016517.0;1;10;10343;2;2;1.0;3.0;48,2671400000;4,0896300000;
202100016518.0;1;06;06027;2;1;1.0;6.0;43,6586600000;7,1695300000;
202100016519.0;1;92;92036;2;1;1.0;3.0;48,9137602470;2,2961150855;
202100016520.0;1;976;97611;2;1;1.0;6.0; -12,8009900000;45,2083100000;
202100016521.0;1;91;91161;2;1;1.0;6.0;48,6952970000;2,3080850000;
202100016522.0;1;78;78350;1;1;1.0;6.0;48,8484500000;2,1088100000;
202100016523.0;1;77;77186;2;3;1.0;6.0;48,4015900000;2,6966500000;
202100016524.0;1;68;68066;2;2;1.0;6.0;48,0694700000;7,3605800000;
202100016525.0;1;52;52121;2;1;1.0;6.0;48,0911000000;5,1386700000;
202100016526.0;1;42;42095;2;1;1.0;6.0;45,3912270000;4,2895630000;
202100016527.0;5;35;35238;2;2;1.0;1.0;48,1120000000; -1,7023300000;
202100016528.0;5;94;94003;2;9;1.0;1.0;48,8018175789;2,3357587865;
202100016529.0;5;94;94017;1;1;1.0;4.0;48,8275000000;2,5083200000;
202100016530.0;1;17;17415;2;1;1.0;6.0;45,7466700000; -0,6242600000;
202100016531.0;1;92;92044;2;2;1.0;3.0;48,8883726570;2,2868379951;
202100016532.0;1;75;75119;2;1;1.0;6.0;48,8996790975;2,3891969106;
202100016533.0;5;75;75117;2;3;1.0;3.0;48,8788540000;2,3017600000;
202100016534.0;5;75;75117;2;2;1.0;3.0;48,8863790000;2,3223760000;
202100016535.0;1;75;75115;2;2;8.0;6.0;48,8382240598;2,3083367293;
202100016536.0;1;75;75113;2;1;1.0;6.0;48,8301590000;2,3760140000;
202100016537.0;1;75;75113;2;2;1.0;3.0;48,8164500047;2,3603002277;
202100016538.0;5;75;75113;2;7;1.0;3.0;48,8442337908;2,3647702631;
202100016539.0;5;75;75112;2;1;1.0;6.0;48,8450590000;2,4049110000;
202100016540.0;1;75;75111;2;5;1.0;3.0;48,8503980000;2,3925170000;
202100016541.0;1;75;75108;2;3;2.0;3.0;48,8710888101;2,3034878377;
202100016542.0;5;75;75103;2;2;1.0;6.0;48,8624707594;2,3668895303;
202100016543.0;1;94;94080;2;1;1.0;2.0;48,8499600000;2,4320100000;
202100016544.0;1;94;94042;2;1;1.0;3.0;48,8142900000;2,4625100000;
202100016545.0;1;94;94046;2;1;2.0;3.0;48,8151000000;2,4204000000;
202100016546.0;1;94;94016;2;6;2.0;3.0;48,7864300000;2,3387600000;
202100016547.0;1;94;94021;2;1;1.0;6.0;48,7713500000;2,3557600000;
202100016548.0;1;94;94077;2;9;8.0;3.0;48,7325500000;2,4198100000;
202100016549.0;5;94;94077;2;2;1.0;3.0;48,7374441887;2,4192329401;
202100016550.0;5;94;94041;2;2;1.0;3.0;48,8130400000;2,3704900000;
202100016551.0;1;93;93077;2;2;1.0;3.0;48,8812000000;2,4953000000;
202100016552.0;1;93;93055;2;1;3.0;3.0;48,8918300000;2,4066000000;
202100016553.0;1;93;93063;2;1;3.0;6.0;48,8850000000;2,4340000000;
202100016554.0;5;93;93032;2;1;2.0;6.0;48,8828400000;2,5262800000;
202100016555.0;1;93;93027;2;1;1.0;6.0;48,9243800000;2,4017300000;
202100016556.0;5;93;93001;2;1;2.0;6.0;48,9160000000;2,3925000000;
202100016557.0;1;92;92075;2;2;1.0;3.0;48,8224101195;2,2899373474;
202100016558.0;1;92;92051;2;1;1.0;3.0;48,8913500000;2,2752300000;
202100016559.0;5;92;92049;2;1;1.0;3.0;48,8155671199;2,3256442929;
202100016560.0;1;92;92036;2;3;1.0;3.0;48,9447030000;2,2952390000;
202100016561.0;5;92;92035;2;1;1.0;6.0;48,9047376140;2,2394151986;
202100016562.0;2;92;92004;2;3;1.0;3.0;48,9100668863;2,2882763571;
202100016563.0;2;92;92004;2;1;1.0;6.0;48,9328433126;2,2794900835;
202100016564.0;3;51;51340;1;1;5.0;4.0;48,7434700141;4,5076158776;
202100016565.0;1;73;73330;1;1;1.0;6.0;45,7035190000;5,7728700000;
202100016566.0;2;31;31547;2;1;1.0;2.0;43,5035230000;1,2596730000;
202100016567.0;1;23;23247;1;1;1.0;6.0;46,2245030000;1,7412580000;
202100016568.0;1;40;40100;1;1;2.0;1.0;43,9329570000; -0,2330520000;
202100016569.0;1;41;41103;2;3;3.0;3.0;47,7207010000;1,0101470000;
202100016570.0;2;56;56001;1;1;1.0;7.0;47,6345830000; -2,1521620000;
202100016571.0;1;80;80684;1;1;1.0;1.0;49,7568550000;2,9489710000;
202100016572.0;1;65;65031;2;1;1.0;7.0;42,9055390000;0,3573290000;
202100016573.0;1;69;69248;1;3;8.0;3.0;46,0180090000;4,3148700000;
202100016574.0;1;61;61483;2;1;1.0;6.0;48,5570300000; -0,4126260000;
202100016575.0;1;68;68090;2;1;1.0;1.0;47,4963740000;7,3134430000;
202100016576.0;1;25;25309;2;1;1.0;6.0;46,9163890000;6,3083210000;
202100016577.0;5;29;29171;2;1;1.0;7.0;47,8439750000; -4,2788740000;
202100016578.0;1;31;31424;2;2;1.0;3.0;43,5695340000;1,2918000000;
202100016579.0;1;38;38547;2;4;1.0;3.0;45,2612200000;5,9037670000;
202100016580.0;2;38;38229;2;1;1.0;3.0;45,2086840000;5,7911470000;
202100016581.0;1;70;70335;1;1;1.0;1.0;47,4298150000;6,2604050000;
202100016582.0;3;70;70179;2;1;1.0;6.0;47,6452070000;6,1804580000;
202100016583.0;2;26;26191;1;3;1.0;3.0;44,5484140000;4,7936010000;
202100016584.0;1;07;07126;1;9;1.0;7.0;44,4212640000;4,4241430000;
202100016585.0;1;40;40234;1;2;1.0;3.0;43,9656410000; -0,3149880000;
202100016586.0;5;24;24087;2;9;1.0;6.0;44,8661850000;1,0505570000;
202100016587.0;1;04;04022;2;1;1.0;7.0;43,9529400000;6,3673550000;
202100016588.0;2;04;04108;2;3;1.0;4.0;44,0520020000;6,0229970000;
202100016589.0;1;28;28172;1;6;1.0;7.0;48,5529320000;1,6692780000;
202100016590.0;1;37;37050;2;1;1.0;6.0;47,3335460000;0,7055390000;
202100016591.0;3;29;29230;1;1;1.0;6.0;47,9502638074; -3,5202032600;
202100016592.0;1;73;73151;1;1;1.0;6.0;45,4605280000;6,0102500000;
202100016593.0;1;67;67471;2;2;1.0;6.0;48,6291080000;7,7290750000;
202100016594.0;1;13;13032;2;1;1.0;1.0;43,5684600000;5,3549930000;
202100016595.0;5;986;98613;2;2;1.0;3.0; -13,2820390000; -176,1740180000;
202100016596.0;1;29;29147;1;1;1.0;6.0;47,8975086241; -3,5907412787;
202100016597.0;1;30;30258;2;1;1.0;1.0;43,6715890000;4,4372430000;
202100016598.0;3;83;83068;1;1;1.0;1.0;43,2895532935;6,4943835189;
202100016599.0;1;19;19009;1;3;1.0;2.0;45,3056900000;1,8188030000;
202100016600.0;1;59;59341;2;1;2.0;3.0;50,0994580000;3,2702460000;
202100016601.0;1;59;59400;2;1;1.0;6.0;50,6417953353;2,6513184842;
202100016602.0;1;33;33249;1;1;1.0;4.0;44,8717270000; -0,5058520000;
202100016603.0;1;59;59426;1;1;1.0;2.0;50,7483975102;3,1439039283;
202100016604.0;1;91;91136;1;1;2.0;6.0;48,7119300000;2,2894800000;
202100016605.0;1;91;91174;1;1;2.0;7.0;48,6104600000;2,4441000000;
202100016606.0;2;91;91339;1;1;1.0;2.0;48,6225000000;2,2728000000;
202100016607.0;3;91;91553;1;1;1.0;6.0;48,6305540000;2,4865850000;
202100016608.0;3;91;91286;1;1;1.0;6.0;48,6572500000;2,3769130000;
202100016609.0;5;92;92076;1;1;1.0;6.0;48,8316944107;2,1492061257;
202100016610.0;1;93;93029;1;1;1.0;6.0;48,9140500000;2,4335500000;
202100016611.0;1;93;93029;1;1;1.0;7.0;48,9268616600;2,4205657840;
202100016612.0;1;93;93005;1;1;1.0;6.0;48,9543600000;2,4735600000;
202100016613.0;1;93;93053;1;1;2.0;6.0;48,8877200000;2,4728000000;
202100016614.0;1;93;93008;1;1;1.0;4.0;48,9127345676;2,4368072152;
202100016615.0;1;77;77249;1;1;1.0;3.0;48,7570910000;2,6155260000;
202100016616.0;1;77;77517;1;1;2.0;2.0;48,8980550000;2,6588310000;
202100016617.0;1;91;91549;2;9;1.0;6.0;48,6250140000;2,3455770000;
202100016618.0;1;25;25056;2;1;1.0;6.0;47,2651600000;6,0420800000;
202100016619.0;1;83;83050;2;4;3.0;6.0;43,5352600000;6,4636200000;
202100016620.0;1;59;59350;2;9;1.0;6.0;50,6346700000;3,0610800000;
202100016621.0;1;73;73007;1;1;1.0;3.0;45,5642370000;6,2307180000;
202100016622.0;1;73;73235;1;1;1.0;6.0;45,4322780392;6,3669295469;
202100016623.0;1;974;97411;2;3;1.0;2.0; -20,8887400000;55,4472500000;
202100016624.0;5;69;69259;2;9;1.0;3.0;45,6906700000;4,8698600000;
202100016625.0;1;69;69388;2;1;1.0;3.0;45,7351700000;4,8732100000;
202100016626.0;5;69;69386;2;2;8.0;3.0;45,7724700000;4,8431000000;
202100016627.0;1;972;97213;2;2;1.0;3.0;14,6159980000; -61,0002400000;
202100016628.0;1;972;97209;2;1;1.0;4.0;14,6195200000; -61,0780400000;
202100016629.0;1;69;69034;2;1;1.0;6.0;45,8032900000;4,8600400000;
202100016630.0;2;69;69381;2;3;1.0;6.0;45,7701500000;4,8178600000;
202100016631.0;1;91;91377;2;1;1.0;1.0;48,7373900000;2,2701200000;
202100016632.0;1;91;91657;2;9;1.0;3.0;48,6992600000;2,4172300000;
202100016633.0;3;88;88160;1;3;2.0;7.0;48,1476044917;6,4999178052;
202100016634.0;5;83;83137;2;1;9.0;2.0;43,1253780000;5,9242070000;
202100016635.0;3;83;83098;1;1;1.0;1.0;43,1091400000;6,0442600000;
202100016636.0;1;78;78440;2;6;1.0;3.0;48,9874500000;1,9122000000;
202100016637.0;1;77;77083;2;3;2.0;3.0;48,8503910000;2,5828910000;
202100016638.0;3;77;77407;1;3;1.0;2.0;48,5448700000;2,5130350000;
202100016639.0;5;76;76429;1;6;1.0;7.0;49,4123172891;1,1544024758;
202100016640.0;1;72;72181;2;1;1.0;3.0;47,9562315049;0,2070973419;
202100016641.0;5;69;69256;2;1;2.0;6.0;45,7831650532;4,9292376637;
202100016642.0;1;65;65440;2;6;1.0;3.0;43,2316100000;0,0615000000;
202100016643.0;5;59;59599;2;3;1.0;1.0;50,7386428840;3,1766912570;
202100016644.0;1;59;59599;2;1;1.0;6.0;50,7377769355;3,1608653069;
202100016645.0;5;59;59350;2;3;1.0;1.0;50,6263950000;3,0968190000;
202100016646.0;1;49;49007;2;2;8.0;3.0;47,4788800000; -0,5701600000;
202100016647.0;1;44;44109;2;1;1.0;6.0;47,2500800000; -1,5196700000;
202100016648.0;1;35;35051;1;1;1.0;2.0;48,1499800000; -1,6070400000;
202100016649.0;1;35;35281;2;1;1.0;6.0;48,0673100000; -1,7189800000;
202100016650.0;1;31;31555;1;1;1.0;5.0;43,5962000000;1,3969000000;
202100016651.0;1;31;31555;2;1;1.0;5.0;43,6065200000;1,4561500000;
202100016652.0;4;31;31555;2;1;2.0;6.0;43,5729185295;1,4376133759;
202100016653.0;1;27;27701;2;1;8.0;7.0;49,2374950000;1,1712543000;
202100016654.0;1;25;25462;2;4;1.0;3.0;46,9181700000;6,3436300000;
202100016655.0;5;17;17299;2;2;1.0;3.0;45,9352958207; -0,9645703343;
202100016656.0;1;16;16089;2;6;1.0;3.0;45,6789291954; -0,3112944961;
202100016657.0;1;13;13054;2;7;1.0;1.0;43,4175100000;5,2218000000;
202100016658.0;5;13;13215;2;1;1.0;1.0;43,3584800000;5,3576200000;
202100016659.0;5;13;13207;2;1;2.0;5.0;43,2680000000;5,3690000000;
202100016660.0;1;13;13209;2;3;1.0;3.0;43,2601800000;5,4158000000;
202100016661.0;3;13;13005;2;1;2.0;3.0;43,2936800000;5,5679000000;
202100016662.0;1;10;10387;2;1;1.0;2.0;48,3012300000;4,0979300000;
202100016663.0;1;06;06069;2;1;1.0;6.0;43,6615010000;6,9228930000;
202100016664.0;1;06;06029;2;1;2.0;3.0;43,5534130000;7,0146880000;
202100016665.0;1;06;06027;2;1;1.0;5.0;43,6600240000;7,1389860000;
202100016666.0;1;01;01283;2;1;1.0;6.0;46,2655800000;5,6575140000;
202100016667.0;1;01;01451;1;6;1.0;3.0;46,2332700000;5,2003400000;
202100016668.0;2;75;75120;2;1;1.0;4.0;48,8500990000;2,4151060000;
202100016669.0;5;75;75103;2;1;1.0;6.0;48,8683130000;2,3598890000;
202100016670.0;1;75;75120;2;2;2.0;6.0;48,8679457360;2,4088806592;
202100016671.0;1;75;75119;2;3;1.0;2.0;48,8792869984;2,3743818243;
202100016672.0;2;75;75117;2;2;2.0;2.0;48,8808150000;2,3126100000;
202100016673.0;5;75;75117;2;2;1.0;3.0;48,8922674967;2,3010157143;
202100016674.0;5;75;75117;2;1;1.0;2.0;48,8769510000;2,2850510000;
202100016675.0;1;75;75107;2;3;8.0;7.0;48,8553517013;2,3071362635;
202100016676.0;1;75;75115;2;3;3.0;6.0;48,8485290000;2,2828870000;
202100016677.0;1;75;75114;2;5;1.0;6.0;48,8298849231;2,3231232922;
202100016678.0;2;75;75114;2;2;2.0;5.0;48,8300720000;2,3288060000;
202100016679.0;5;75;75119;2;7;1.0;6.0;48,8784387356;2,3704496026;
202100016680.0;1;75;75109;2;3;2.0;3.0;48,8796830000;2,3292230000;
202100016681.0;1;75;75104;2;2;3.0;6.0;48,8556670000;2,3483580000;
202100016682.0;1;94;94015;2;1;1.0;6.0;48,8415160000;2,5224530000;
202100016683.0;5;92;92050;2;1;1.0;4.0;48,8866045667;2,2072327137;
202100016684.0;1;92;92040;2;1;1.0;3.0;48,8227927499;2,2535046449;
202100016685.0;1;92;92035;2;1;1.0;7.0;48,9099550460;2,2549974918;
202100016686.0;1;92;92060;2;1;3.0;4.0;48,7781925536;2,2595215260;
202100016687.0;1;92;92023;2;2;1.0;6.0;48,8140019357;2,2673222423;
202100016688.0;1;976;97610;1;1;1.0;3.0; -12,7386420000;45,2112620000;
202100016689.0;1;35;35120;2;6;1.0;1.0;48,2186400000; -1,7909220000;
202100016690.0;1;01;01004;2;1;1.0;6.0;45,9597030000;5,3488340000;
202100016691.0;1;43;43074;1;3;1.0;7.0;45,3373810000;3,3629750000;
202100016692.0;3;40;40296;1;1;1.0;6.0;43,7081290000; -1,4225360000;
202100016693.0;1;31;31035;2;1;1.0;1.0;43,5306830000;1,4875000000;
202100016694.0;1;21;21599;1;1;1.0;5.0;47,6074070000;5,1936150000;
202100016695.0;3;22;22185;1;9;1.0;2.0;48,3753660000; -2,3581820000;
202100016696.0;1;26;26010;1;4;1.0;1.0;45,2867680000;4,9100300000;
202100016697.0;1;68;68315;1;1;1.0;7.0;47,8730890000;7,1285420000;
202100016698.0;1;44;44194;1;9;1.0;6.0;47,2565420000; -1,6878360000;
202100016699.0;1;47;47165;1;1;1.0;7.0;44,5242860000;0,0213610000;
202100016700.0;1;30;30356;1;6;1.0;3.0;43,8250610000;4,4196150000;
202100016701.0;1;57;57465;1;2;1.0;5.0;49,3171640000;6,2934920000;
202100016702.0;1;51;51507;2;1;1.0;7.0;49,0908610000;4,8934860000;
202100016703.0;3;76;76141;1;1;1.0;4.0;49,6356200000;0,3850790000;
202100016704.0;1;76;76636;1;1;1.0;4.0;49,4959500000;0,9071870000;
202100016705.0;1;79;79351;1;2;8.0;3.0;46,4161930000; -0,5349560000;
202100016706.0;1;2B;2B096;2;1;1.0;2.0;42,3038580000;9,1512040000;
202100016707.0;1;80;80574;1;3;2.0;3.0;50,0468330000;2,0512940000;
202100016708.0;5;81;81289;2;6;1.0;2.0;43,5561767926;2,1168026730;
202100016709.0;2;71;71263;2;3;1.0;5.0;46,6239962887;5,2421968376;
202100016710.0;1;71;71282;1;1;1.0;6.0;46,8314550000;4,3745110000;
202100016711.0;1;61;61456;1;4;1.0;3.0;48,7936960000;0,6333810000;
202100016712.0;3;49;49237;1;1;1.0;6.0;47,4612250000;0,1194120000;
202100016713.0;1;49;49283;1;1;1.0;6.0;47,4049070000; -0,7497200000;
202100016714.0;1;47;47168;2;1;1.0;6.0;44,5935810000;0,3636030000;
202100016715.0;1;35;35069;2;1;1.0;6.0;48,0465120000; -1,5015220000;
202100016716.0;5;35;35297;2;4;2.0;1.0;48,1848295310; -2,1859121324;
202100016717.0;1;29;29274;2;1;1.0;1.0;48,0186640000; -3,7206750000;
202100016718.0;1;15;15151;1;1;1.0;6.0;45,1925890000;3,0827680000;
202100016719.0;2;26;26166;1;1;1.0;1.0;44,7554500000;4,7871420000;
202100016720.0;1;58;58224;1;1;1.0;7.0;47,3137770000;3,6683290000;
202100016721.0;1;66;66209;1;1;1.0;7.0;42,5263450000;2,2370160000;
202100016722.0;1;50;50142;1;4;1.0;3.0;49,6967420000; -1,3889710000;
202100016723.0;3;09;09103;1;1;1.0;3.0;43,0275840000;1,5752080000;
202100016724.0;1;60;60392;1;1;8.0;6.0;49,4829971053;2,8618483542;
202100016725.0;1;07;07130;1;1;1.0;1.0;44,7240250000;4,0049670000;
202100016726.0;1;53;53218;1;1;1.0;1.0;48,2040900000; -0,3772150000;
202100016727.0;1;88;88247;2;2;1.0;2.0;48,2747430000;6,3956040000;
202100016728.0;1;10;10095;1;1;1.0;2.0;48,5673390000;4,1919750000;
202100016729.0;1;35;35131;1;2;1.0;3.0;48,1305680000; -1,8171990000;
202100016730.0;1;69;69244;2;4;1.0;6.0;45,7608130000;4,7579330000;
202100016731.0;1;06;06152;1;2;8.0;3.0;43,6080960000;7,0548960000;
202100016732.0;3;79;79276;1;1;9.0;5.0;46,3929590000; -0,1905400000;
202100016733.0;3;17;17354;1;1;1.0;4.0;45,6159620000; -0,6051920000;
202100016734.0;1;84;84019;1;9;1.0;7.0;44,2974460000;4,7461850000;
202100016735.0;5;973;97311;2;6;1.0;7.0;5,5003440000; -54,0282240000;
202100016736.0;1;971;97119;1;1;1.0;4.0;16,3808440000; -61,4558970000;
202100016737.0;3;77;77104;1;1;1.0;7.0;48,7202020000;2,8436350000;
202100016738.0;1;95;95002;2;1;2.0;1.0;49,0938430000;1,9769540000;
202100016739.0;1;78;78683;2;1;1.0;6.0;48,8097460000;1,8829590000;
202100016740.0;2;21;21606;1;1;1.0;6.0;47,0806120000;4,8910630000;
202100016741.0;1;21;21038;2;1;1.0;7.0;47,1884330000;5,4141140000;
202100016742.0;3;67;67348;1;1;1.0;6.0;48,4539190000;7,4744260000;
202100016743.0;1;42;42155;1;2;8.0;1.0;45,8064570000;4,1405150000;
202100016744.0;1;42;42147;2;1;1.0;6.0;45,6059088327;4,0773921442;
202100016745.0;1;38;38298;2;2;1.0;3.0;45,3712590000;4,8011650000;
202100016746.0;1;26;26085;1;1;2.0;7.0;44,5231770000;4,7155170000;
202100016747.0;1;26;26064;1;6;1.0;3.0;44,9030600000;5,0086930000;
202100016748.0;1;69;69197;2;1;1.0;6.0;46,0644100000;4,6468600000;
202100016749.0;1;17;17219;1;9;1.0;7.0;45,8180330000; -1,1315270000;
202100016750.0;2;44;44073;1;2;1.0;1.0;47,4274410000; -1,6022660000;
202100016751.0;1;22;22225;1;3;1.0;1.0;48,5320160000; -3,1144920000;
202100016752.0;1;13;13202;1;1;8.0;5.0;43,3167141725;5,3640602711;
202100016753.0;5;13;13055;1;1;2.0;1.0;43,3261000000;5,4211800000;
202100016754.0;3;13;13211;1;1;1.0;2.0;43,2925000000;5,4548000000;
202100016755.0;5;13;13055;1;9;1.0;7.0;43,2857000000;5,4272700000;
202100016756.0;1;13;13106;1;1;1.0;2.0;43,4094620000;5,3638320000;
202100016757.0;1;13;13055;1;1;1.0;4.0;43,3321600000;5,3863400000;
202100016758.0;3;69;69279;1;1;1.0;2.0;45,7684000000;5,0385600000;
202100016759.0;3;94;94038;1;1;8.0;5.0;48,7752600000;2,3463500000;
202100016760.0;1;91;91689;1;1;8.0;2.0;48,7278000000;2,3141000000;
202100016761.0;1;91;91228;1;1;2.0;4.0;48,6155890000;2,4297780000;
202100016762.0;5;92;92051;1;1;1.0;3.0;48,8860757655;2,2566510737;
202100016763.0;3;78;78206;1;1;1.0;3.0;48,9511600000;1,9428800000;
202100016764.0;1;93;93005;1;1;1.0;2.0;48,9559320120;2,4732244334;
202100016765.0;1;95;95582;1;1;1.0;5.0;48,9640694995;2,2628438307;
202100016766.0;3;95;95277;1;1;1.0;2.0;48,9759100000;2,4822400000;
202100016767.0;1;93;93005;1;1;1.0;3.0;48,9569851718;2,4731607511;
202100016768.0;3;94;94017;1;1;1.0;4.0;48,8296000000;2,4822000000;
202100016769.0;1;94;94046;1;1;1.0;2.0;48,8036400000;2,4480700000;
202100016770.0;5;74;74010;2;1;1.0;4.0;45,8954100000;6,1260000000;
202100016771.0;1;94;94017;2;1;1.0;3.0;48,8199200000;2,4830900000;
202100016772.0;1;976;97611;2;9;1.0;2.0; -12,7842100000;45,2294100000;
202100016773.0;1;974;97416;1;1;1.0;2.0; -21,3340000000;55,4844000000;