Num_Acc;lum;departement;commune;agglomeration;intersection;meteo;type_collision;lat;long;date
202100017102.0;1;94;94073;2;2;1.0;3.0;48,7614400000;2,4031900000;
202100017103.0;1;94;94055;2;1;1.0;2.0;48,7900000000;2,5500000000;
202100017104.0;1;94;94019;2;1;1.0;6.0;48,7959500000;2,5604100000;
202100017105.0;5;94;94052;2;3;1.0;3.0;48,8412700000;2,4828000000;
202100017106.0;5;94;94017;2;1;1.0;3.0;48,8293500000;2,4932900000;
202100017107.0;1;94;94017;2;1;1.0;3.0;48,8086600000;2,5507100000;
202100017108.0;1;94;94017;2;1;1.0;6.0;48,8275900000;2,5024600000;
202100017109.0;1;94;94017;2;1;1.0;2.0;48,8169300000;2,5271500000;
202100017110.0;1;94;94017;2;1;1.0;6.0;48,8130997052;2,5127577782;
202100017111.0;2;94;94075;1;1;1.0;3.0;48,7323300000;2,5222800000;
202100017112.0;1;93;93078;2;2;1.0;3.0;48,9554200000;2,5528500000;
202100017113.0;5;93;93078;2;1;1.0;3.0;48,9671900000;2,5427400000;
202100017114.0;1;93;93073;2;1;1.0;6.0;48,9496000000;2,5705000000;
202100017115.0;1;93;93059;2;1;1.0;6.0;48,9665100000;2,3642900000;
202100017116.0;1;93;93027;1;1;1.0;6.0;48,9228250000;2,4062620000;
202100017117.0;1;93;93059;2;8;1.0;3.0;48,9587900000;2,3585500000;
202100017118.0;1;93;93064;2;2;1.0;3.0;48,8809300000;2,4800500000;
202100017119.0;1;93;93051;2;1;1.0;6.0;48,8487685560;2,5564976335;
202100017120.0;1;93;93048;2;1;1.0;6.0;48,8626200000;2,4481100000;
202100017121.0;2;93;93048;2;1;1.0;6.0;48,8776150000;2,4570680000;
202100017122.0;1;93;93046;2;1;1.0;3.0;48,9255100000;2,5489200000;
202100017123.0;1;93;93046;2;2;1.0;6.0;48,9246700000;2,5477700000;
202100017124.0;1;93;93046;1;1;1.0;6.0;48,9283500000;2,5521900000;
202100017125.0;1;93;93063;2;1;1.0;3.0;48,8924200000;2,4419400000;
202100017126.0;1;93;93031;2;9;1.0;6.0;48,9553700000;2,2957400000;
202100017127.0;1;93;93029;2;1;1.0;3.0;48,9226869616;2,4472260475;
202100017128.0;2;93;93013;2;9;7.0;3.0;48,9430500000;2,4324900000;
202100017129.0;1;93;93027;2;3;1.0;3.0;48,9193770000;2,3840800000;
202100017130.0;1;93;93027;2;1;1.0;3.0;48,9320200000;2,3999000000;
202100017131.0;1;93;93014;2;3;1.0;1.0;48,8979300000;2,5347100000;
202100017132.0;1;93;93010;2;3;1.0;3.0;48,8997460146;2,4936021400;
202100017133.0;1;93;93008;2;1;1.0;2.0;48,9050160843;2,4203752908;
202100017134.0;1;93;93007;2;1;1.0;6.0;48,9401500000;2,4709400000;
202100017135.0;1;93;93001;2;1;1.0;3.0;48,9134070000;2,3788850000;
202100017136.0;1;93;93001;2;9;1.0;1.0;48,9070700000;2,3762800000;
202100017137.0;1;92;92073;2;1;1.0;6.0;48,8648880000;2,2099480000;
202100017138.0;1;92;92073;2;1;1.0;2.0;48,8704690000;2,2319200000;
202100017139.0;1;92;92073;2;1;1.0;2.0;48,8718097349;2,2215731442;
202100017140.0;1;92;92073;2;1;1.0;6.0;48,8648040000;2,2049540000;
202100017141.0;5;92;92051;2;2;1.0;3.0;48,8813467516;2,2545951605;
202100017142.0;5;92;92051;2;3;1.0;3.0;48,8814031735;2,2712838650;
202100017143.0;1;92;92049;2;2;1.0;3.0;48,8185013266;2,3195991481;
202100017144.0;1;92;92040;2;9;1.0;3.0;48,8179100000;2,2489100000;
202100017145.0;1;92;92035;2;1;1.0;3.0;48,9070920687;2,2427988052;
202100017146.0;1;92;92024;2;3;1.0;6.0;48,9024835029;2,3163717985;
202100017147.0;1;92;92024;2;1;1.0;6.0;48,8971500000;2,3089000000;
202100017148.0;1;92;92012;2;1;1.0;6.0;48,8273200000;2,2464300000;
202100017149.0;1;92;92007;2;9;1.0;3.0;48,8036542087;2,3200848019;
202100017150.0;5;92;92002;2;1;1.0;6.0;48,7665306871;2,3102382571;
202100017151.0;1;63;63345;1;3;1.0;2.0;45,7459940000;2,9587770000;
202100017152.0;2;37;37077;2;1;2.0;6.0;47,3516384136;0,4745680923;
202100017153.0;1;54;54235;1;1;1.0;7.0;48,4882117871;6,0150575639;
202100017154.0;3;14;14248;2;1;1.0;6.0;49,0013580000; -0,4185160000;
202100017155.0;5;14;14689;2;4;1.0;1.0;49,0090280000; -0,5199460000;
202100017156.0;3;62;62382;1;1;1.0;6.0;50,3875900000;1,8982320000;
202100017157.0;1;52;52479;1;1;1.0;7.0;48,4161350000;4,8679730000;
202100017158.0;2;73;73245;1;1;1.0;3.0;45,6934260000;5,8297710000;
202100017159.0;2;91;91016;1;1;1.0;2.0;48,2884760000;1,9813530000;
202100017160.0;1;71;71286;1;1;1.0;6.0;46,5914210000;4,5089890000;
202100017161.0;1;22;22302;1;3;1.0;3.0;48,5803730000; -2,1967180000;
202100017162.0;3;49;49220;1;1;1.0;2.0;47,7085990000; -0,4224590000;
202100017163.0;3;31;31409;2;3;1.0;3.0;43,5029680000;1,5111270000;
202100017164.0;1;31;31573;1;1;1.0;3.0;43,6855640000;1,6704800000;
202100017165.0;3;28;28073;1;1;1.0;6.0;48,4855400000;1,6560330000;
202100017166.0;1;35;35225;1;2;1.0;1.0;48,4336520000; -1,9313080000;
202100017167.0;1;84;84028;1;1;1.0;1.0;44,2063270000;4,9429890000;
202100017168.0;1;88;88106;1;1;1.0;5.0;48,1834710000;6,9760500000;
202100017169.0;1;52;52432;1;1;1.0;6.0;47,9462464007;5,3079628946;
202100017170.0;1;28;28102;1;1;7.0;7.0;48,5409150000;1,3920990000;
202100017171.0;3;62;62252;2;1;1.0;6.0;50,5702960000;2,7062140000;
202100017172.0;1;35;35239;1;1;1.0;6.0;47,9426040000; -1,3086860000;
202100017173.0;1;58;58295;1;1;1.0;6.0;47,3362840000;2,9216780000;
202100017174.0;1;83;83100;1;3;1.0;3.0;43,2599090000;6,1092940000;
202100017175.0;1;62;62390;2;2;1.0;3.0;50,3911910000;1,6050500000;
202100017176.0;3;79;79083;1;1;1.0;7.0;46,1139290000; -0,1173520000;
202100017177.0;3;974;97414;1;1;1.0;3.0; -21,2694870000;55,4513730000;
202100017178.0;1;65;65369;1;1;1.0;1.0;43,2556590000;0,1770960000;
202100017179.0;2;72;72213;1;9;1.0;2.0;47,8941170000;0,2495310000;
202100017180.0;1;85;85109;2;1;1.0;7.0;46,8571170000; -1,0084190000;
202100017181.0;1;85;85065;2;1;7.0;6.0;46,8943520000; -1,2577410000;
202100017182.0;1;67;67106;2;1;2.0;3.0;48,7544030000;7,9435870000;
202100017183.0;1;38;38403;1;1;1.0;3.0;44,8446190000;5,7409570000;
202100017184.0;1;62;62094;1;1;1.0;3.0;50,4450710000;1,7886740000;
202100017185.0;1;30;30331;1;1;1.0;7.0;44,1225640000;4,5808980000;
202100017186.0;3;83;83140;1;1;1.0;5.0;43,4052350000;5,9327460000;
202100017187.0;1;57;57464;1;3;1.0;3.0;49,2865860000;6,3165440000;
202100017188.0;2;57;57038;1;1;5.0;6.0;49,4729340000;5,9498180000;
202100017189.0;4;19;19286;1;1;1.0;1.0;45,3313531860;1,3935239711;
202100017190.0;3;56;56110;1;1;1.0;6.0;48,0474010000; -3,2756690000;
202100017191.0;1;56;56240;2;1;1.0;3.0;47,5286970000; -2,7673700000;
202100017192.0;1;74;74088;1;3;1.0;3.0;46,0542630000;6,0865440000;
202100017193.0;1;79;79202;2;1;7.0;7.0;46,6472570000; -0,2470010000;
202100017194.0;3;2B;2B346;2;1;1.0;3.0;42,5000420000;9,4511820000;
202100017195.0;4;2B;2B077;1;1;1.0;6.0;42,4650020000;9,4945910000;
202100017196.0;1;80;80570;2;4;1.0;3.0;49,7692460000;2,4920560000;
202100017197.0;2;80;80815;1;1;8.0;6.0;50,3000450000;1,7551300000;
202100017198.0;5;33;33547;2;4;8.0;6.0;44,4610120000; -0,3678190000;
202100017199.0;3;32;32370;1;1;2.0;1.0;43,8970110000;0,7522740000;
202100017200.0;3;32;32054;1;2;1.0;6.0;43,7216720000;0,4080660000;
202100017201.0;3;32;32213;2;1;1.0;6.0;43,4743720000;0,9182170000;
202100017202.0;1;32;32334;1;1;1.0;6.0;43,5854310000;1,1516550000;
202100017203.0;1;11;11206;2;1;7.0;2.0;43,0542830000;2,2067330000;
202100017204.0;1;11;11206;2;1;9.0;6.0;43,0628050000;2,2153650000;
202100017205.0;5;11;11254;2;1;1.0;6.0;43,1997090000;2,1391420000;
202100017206.0;3;71;71379;1;3;1.0;7.0;46,5661600000;5,3014590000;
202100017207.0;2;71;71218;1;2;3.0;3.0;46,3213379589;4,3949833582;
202100017208.0;1;71;71520;1;1;1.0;7.0;46,7414490000;4,8532960000;
202100017209.0;1;63;63195;2;1;1.0;6.0;45,8272370000;3,3734040000;
202100017210.0;1;61;61474;1;1;2.0;6.0;48,7590360000;0,2029900000;
202100017211.0;2;55;55537;1;1;2.0;6.0;49,2076800000;5,4871240000;
202100017212.0;1;55;55573;2;3;1.0;6.0;48,6919940000;5,6163310000;
202100017213.0;1;12;12156;1;1;1.0;1.0;44,6328030000;2,8257290000;
202100017214.0;1;12;12138;2;3;7.0;6.0;44,4738910000;2,4650410000;
202100017215.0;1;46;46120;1;1;1.0;6.0;44,6225790000;1,2456660000;
202100017216.0;3;41;41235;1;3;1.0;6.0;47,9311630000;0,8982560000;
202100017217.0;1;29;29140;1;1;1.0;6.0;48,3961150000; -4,3041890000;
202100017218.0;1;68;68025;1;9;1.0;7.0;47,4839460000;7,2995140000;
202100017219.0;1;68;68090;2;1;7.0;6.0;47,4989340000;7,3082200000;
202100017220.0;1;44;44068;1;9;1.0;7.0;47,5549200000; -2,0131240000;
202100017221.0;1;44;44161;2;9;1.0;6.0;47,5177100000; -2,0376290000;
202100017222.0;1;44;44064;1;2;1.0;3.0;47,1138430000; -1,2932910000;
202100017223.0;2;44;44131;2;6;1.0;3.0;47,1042040000; -2,0659550000;
202100017224.0;1;35;35277;2;1;1.0;3.0;48,1143480000; -2,0661750000;
202100017225.0;1;29;29105;2;2;5.0;3.0;48,5148840000; -4,0759060000;
202100017226.0;1;29;29260;2;6;1.0;7.0;48,4353170000; -4,6186540000;
202100017227.0;1;31;31182;1;2;1.0;3.0;43,6675030000;1,4102890000;
202100017228.0;3;38;38035;1;1;1.0;7.0;45,5072040000;5,0863160000;
202100017229.0;2;38;38181;2;2;1.0;3.0;45,3449750000;5,9762190000;
202100017230.0;1;38;38434;1;2;1.0;3.0;45,5260680000;5,5522340000;
202100017231.0;3;02;02591;1;1;1.0;6.0;49,7265220000;3,6372040000;
202100017232.0;1;03;03254;2;3;1.0;3.0;46,3084120000;3,2919130000;
202100017233.0;2;03;03279;1;1;1.0;1.0;46,2486360000;2,5101610000;
202100017234.0;1;15;15174;1;1;1.0;7.0;45,1549800000;2,4790690000;
202100017235.0;3;70;70473;1;1;1.0;1.0;47,8060370000;6,4048070000;
202100017236.0;1;70;70197;1;4;1.0;3.0;47,5486970000;6,2413500000;
202100017237.0;1;26;26188;2;1;1.0;7.0;44,2352030000;5,1885130000;
202100017238.0;1;26;26178;1;1;1.0;6.0;44,6776560000;5,4444980000;
202100017239.0;1;58;58122;1;2;8.0;3.0;47,2581850000;3,0502450000;
202100017240.0;1;58;58185;1;1;1.0;6.0;47,1747160000;4,1223460000;
202100017241.0;1;58;58276;1;1;1.0;3.0;46,8671310000;3,8836880000;
202100017242.0;1;58;58303;2;6;1.0;3.0;47,0160490000;3,1490370000;
202100017243.0;1;06;06119;1;1;1.0;7.0;44,3262120000;6,8602320000;
202100017244.0;1;14;14654;1;4;1.0;3.0;49,0046630000;0,1050620000;
202100017245.0;5;14;14408;2;1;1.0;6.0;49,1026950000; -0,3757300000;
202100017246.0;1;05;05158;1;1;1.0;6.0;44,4751854195;5,8238277997;
202100017247.0;1;50;50273;2;1;1.0;7.0;49,3254790000; -1,4369560000;
202100017248.0;1;50;50370;1;1;1.0;7.0;49,4194680000; -1,5296210000;
202100017249.0;3;50;50034;1;1;1.0;6.0;49,0954730000; -1,0550630000;
202100017250.0;2;83;83046;2;1;1.0;7.0;43,5313018875;6,1482623827;
202100017251.0;3;60;60643;1;1;1.0;6.0;49,5658900000;2,5824950000;
202100017252.0;1;64;64225;1;3;1.0;3.0;43,1634130000; -0,6803530000;
202100017253.0;1;73;73124;1;8;1.0;3.0;45,6501720000;6,3359950000;
202100017254.0;1;43;43114;1;3;1.0;3.0;45,1688580000;4,2109290000;
202100017255.0;1;43;43111;1;4;1.0;2.0;44,8797530000;3,8470070000;
202100017256.0;1;43;43192;1;9;1.0;7.0;44,8358630000;3,7503640000;
202100017257.0;1;10;10209;1;1;1.0;6.0;48,2757100000;4,3025640000;
202100017258.0;3;36;36087;1;1;2.0;6.0;46,5997920000;0,9716030000;
202100017259.0;1;36;36030;1;4;1.0;3.0;46,6170100000;1,7768510000;
202100017260.0;3;21;21024;1;1;1.0;7.0;47,4323260000;4,5171190000;
202100017261.0;1;21;21180;1;1;1.0;2.0;47,2891710000;5,4882500000;
202100017262.0;1;85;85021;1;1;2.0;3.0;47,0526800000; -1,2830880000;
202100017263.0;1;28;28239;1;1;1.0;6.0;48,6724330000;1,3854790000;
202100017264.0;3;17;17337;1;1;1.0;6.0;45,9664390000; -1,2536430000;
202100017265.0;2;17;17250;1;1;8.0;6.0;45,4997450000; -0,5649590000;
202100017266.0;3;17;17250;2;1;1.0;6.0;45,5057150000; -0,5258070000;
202100017267.0;1;87;87116;2;3;1.0;3.0;46,1400430000;1,0400860000;
202100017268.0;1;37;37115;2;1;1.0;1.0;46,9890074022;0,6716034901;
202100017269.0;3;37;37156;1;1;1.0;6.0;47,4019800000;0,7901140000;
202100017270.0;2;30;30029;2;1;1.0;7.0;44,3132010000;4,3493790000;
202100017271.0;1;08;08311;1;1;1.0;7.0;49,6057000000;5,0780670000;
202100017272.0;1;08;08037;1;1;1.0;3.0;49,8587640000;4,3515190000;
202100017273.0;1;88;88467;1;3;1.0;3.0;47,9767427637;6,7272564769;
202100017274.0;1;88;88426;1;1;1.0;1.0;47,8376960000;6,8334050000;
202100017275.0;3;72;72047;1;1;1.0;6.0;47,9216340000;0,3017810000;
202100017276.0;1;973;97307;2;1;1.0;3.0;4,8764410000; -52,3237420000;
202100017277.0;3;76;76533;1;1;1.0;3.0;49,4946490000;0,2665350000;
202100017278.0;3;49;49323;1;1;1.0;6.0;47,5003000000; -0,4868100000;
202100017279.0;1;34;34159;1;1;1.0;5.0;43,5207810000;3,8269330000;
202100017280.0;1;01;01049;1;1;1.0;2.0;45,8397990000;5,0483950000;
202100017281.0;1;67;67101;1;1;1.0;3.0;48,5198520551;7,4999177450;
202100017282.0;1;82;82189;1;1;1.0;1.0;44,1891180000;1,2822042000;
202100017283.0;2;53;53243;1;1;1.0;7.0;48,1435970000; -0,9365630000;
202100017284.0;1;13;13060;1;1;1.0;2.0;43,4967210000;5,5249210000;
202100017285.0;1;42;42157;1;1;1.0;1.0;46,1398000000;4,0127170000;
202100017286.0;1;06;06088;1;1;1.0;3.0;43,6999510000;7,1883200000;
202100017287.0;1;38;38331;1;1;1.0;7.0;45,3561260000;5,5225180000;
202100017288.0;1;971;97103;2;1;1.0;6.0;16,2568420000; -61,5786910000;
202100017289.0;1;13;13051;1;1;1.0;4.0;43,5903450000;5,1870600000;
202100017290.0;1;33;33005;2;2;1.0;3.0;44,7478090000; -1,0873880000;
202100017291.0;5;987;98714;1;1;1.0;3.0; -16,5355170000; -151,7464950000;
202100017292.0;1;974;97422;1;1;1.0;1.0; -21,2062160000;55,5447700000;
202100017293.0;1;971;97125;2;1;1.0;3.0;16,2925310000; -61,2898880000;
202100017294.0;1;971;97112;2;2;1.0;6.0;15,8884540000; -61,3165590000;
202100017295.0;1;971;97129;1;1;1.0;3.0;16,3339637786; -61,7129945755;
202100017296.0;4;971;97107;1;6;1.0;7.0;16,0528450000; -61,5690350000;
202100017297.0;4;37;37027;1;1;1.0;7.0;47,2862288502;1,0073934495;
202100017298.0;3;77;77196;1;1;5.0;2.0;48,9477240000;2,7321990000;
202100017299.0;1;77;77196;1;1;1.0;1.0;48,9493650000;2,7468820000;
202100017300.0;1;77;77144;1;1;2.0;1.0;48,7578800000;2,9336650000;
202100017301.0;3;91;91587;1;1;1.0;2.0;48,6949810000;2,2865660000;
202100017302.0;5;2A;2A041;2;1;1.0;1.0;41,3876960000;9,1642450000;
202100017303.0;1;66;66217;2;1;1.0;6.0;42,6133540000;2,8108180000;
202100017304.0;1;30;30105;1;1;1.0;7.0;44,0696840000;3,4518800000;
202100017305.0;1;34;34176;1;2;1.0;7.0;43,6354230000;4,0540410000;
202100017306.0;3;83;83081;1;1;1.0;6.0;43,5974551873;6,7992871408;
202100017307.0;3;04;04039;1;1;1.0;1.0;43,8433720000;6,5325040000;
202100017308.0;1;38;38110;1;1;1.0;5.0;45,5895070000;4,8625230000;
202100017309.0;5;89;89468;1;3;1.0;3.0;48,0221620000;3,3135420000;
202100017310.0;5;89;89023;2;2;1.0;3.0;47,7658700000;3,6124260000;
202100017311.0;1;89;89438;1;1;1.0;6.0;47,8041910000;3,6347370000;
202100017312.0;3;08;08237;1;1;1.0;5.0;49,8410680000;4,7549990000;
202100017313.0;1;68;68342;1;1;1.0;7.0;47,8402380000;7,1502970000;
202100017314.0;1;68;68130;2;1;1.0;7.0;47,9697980000;7,5462560000;
202100017315.0;1;67;67438;1;1;1.0;6.0;48,4324180000;7,6139120000;
202100017316.0;5;57;57484;2;1;1.0;6.0;49,1671770000;6,8668900000;
202100017317.0;1;63;63470;1;1;1.0;6.0;45,8817670000;3,0543440000;
202100017318.0;1;42;42299;2;1;1.0;6.0;45,6069870000;4,0896120000;
202100017319.0;1;44;44066;1;2;1.0;3.0;47,3737060000; -1,6049700000;
202100017320.0;1;38;38190;1;1;1.0;7.0;45,8118300000;5,2956300000;
202100017321.0;5;38;38158;2;2;1.0;3.0;45,1479400000;5,7357310000;
202100017322.0;2;26;26271;1;2;1.0;3.0;45,0250010000;4,8682320000;
202100017323.0;5;01;01249;2;1;1.0;3.0;45,8261170000;4,9641510000;
202100017324.0;1;81;81173;1;2;1.0;3.0;43,6167637000;1,7229240000;
202100017325.0;1;79;79048;2;4;1.0;3.0;46,3485420000; -0,3091510000;
202100017326.0;1;86;86054;1;1;1.0;7.0;46,2201930000;0,3253600000;
202100017327.0;3;33;33393;1;1;2.0;6.0;45,0021790000; -0,1836350000;
202100017328.0;3;33;33262;1;1;1.0;1.0;44,9985000000; -0,5950200000;
202100017329.0;1;49;49301;1;1;1.0;2.0;47,1205200000; -1,0915360000;
202100017330.0;1;61;61419;1;3;7.0;2.0;48,5832070000; -0,1728860000;
202100017331.0;3;72;72147;1;1;1.0;6.0;48,1068570000;0,1968760000;
202100017332.0;3;29;29022;2;1;1.0;6.0;48,2722330000; -4,6038940000;
202100017333.0;3;29;29042;1;9;1.0;6.0;48,2478150000; -4,3996330000;
202100017334.0;1;29;29055;2;6;1.0;6.0;48,5631540000; -4,3353670000;
202100017335.0;1;22;22273;1;1;1.0;3.0;48,5390000000; -2,5358570000;
202100017336.0;1;22;22162;2;2;1.0;3.0;48,7760690000; -3,0374190000;
202100017337.0;1;60;60446;1;1;1.0;7.0;49,1371930000;2,7776960000;
202100017338.0;1;60;60143;1;1;1.0;3.0;49,2762610000;1,9092610000;
202100017339.0;2;59;59581;1;2;1.0;3.0;50,6624250000;2,7619680000;
202100017340.0;1;59;59592;2;2;1.0;3.0;50,4697120000;3,0699920000;
202100017341.0;1;59;59051;2;6;1.0;3.0;50,5277040000;2,8036270000;
202100017342.0;3;13;13071;1;1;1.0;3.0;43,3977490000;5,2870680000;
202100017343.0;1;13;13106;1;1;1.0;2.0;43,4042800000;5,3584500000;
202100017344.0;3;13;13215;1;1;1.0;5.0;43,3502560000;5,3683190000;
202100017345.0;2;13;13117;1;1;1.0;2.0;43,4198800000;5,2707700000;
202100017346.0;1;13;13117;1;1;1.0;7.0;43,4424200000;5,2469700000;
202100017347.0;3;01;01248;1;1;1.0;5.0;45,8859950000;4,8942880000;
202100017348.0;2;69;69382;1;1;1.0;2.0;45,7462600000;4,8288200000;
202100017349.0;1;54;54571;1;1;1.0;2.0;48,6184800000;6,2534900000;
202100017350.0;1;33;33039;1;1;1.0;2.0;44,7977440000; -0,5374660000;
202100017351.0;3;33;33366;1;1;1.0;6.0;44,9954400000; -0,4268000000;
202100017352.0;1;33;33249;2;3;1.0;3.0;44,8678790000; -0,5064750000;
202100017353.0;1;33;33249;1;1;1.0;2.0;44,8849000000; -0,5106300000;
202100017354.0;1;33;33550;1;1;1.0;4.0;44,7733490000; -0,5559360000;
202100017355.0;1;59;59271;1;1;1.0;2.0;51,0048118601;2,3132973241;
202100017356.0;1;62;62907;1;1;1.0;4.0;50,4961750000;3,0005190000;
202100017357.0;1;91;91689;1;1;1.0;3.0;48,7413700000;2,3193400000;
202100017358.0;1;91;91179;1;9;1.0;6.0;48,5573715648;2,4920940399;
202100017359.0;3;91;91377;1;1;1.0;2.0;48,7235300000;2,2977800000;
202100017360.0;1;91;91161;1;1;1.0;5.0;48,6956400000;2,3178200000;
202100017361.0;1;91;91064;1;1;1.0;2.0;48,7675500000;2,2300600000;
202100017362.0;1;91;91136;1;1;1.0;3.0;48,7133500000;2,2795700000;
202100017363.0;1;94;94021;1;1;1.0;3.0;48,7713000000;2,3450200000;
202100017364.0;1;91;91363;1;1;1.0;3.0;48,6461400000;2,1922700000;
202100017365.0;1;91;91363;1;1;1.0;3.0;48,6348480000;2,2135900000;
202100017366.0;5;94;94043;1;1;1.0;3.0;48,8058902776;2,3455568669;
202100017367.0;1;92;92036;1;1;1.0;7.0;48,9337071386;2,2742219004;
202100017368.0;1;92;92050;1;1;1.0;2.0;48,9074484080;2,2123349753;
202100017369.0;3;92;92050;1;1;1.0;3.0;48,9154302971;2,2202267987;
202100017370.0;5;92;92050;1;1;1.0;6.0;48,9000874695;2,2094467145;
202100017371.0;3;78;78073;1;9;1.0;3.0;48,8028310000;2,0478380000;
202100017372.0;3;78;78640;1;1;1.0;6.0;48,7836900000;2,2228600000;
202100017373.0;5;92;92064;1;1;1.0;2.0;48,8394936751;2,2046648274;
202100017374.0;1;92;92064;1;1;1.0;3.0;48,8428841779;2,2225132585;
202100017375.0;1;92;92047;1;1;1.0;2.0;48,8366424174;2,1861386528;
202100017376.0;5;92;92064;1;1;1.0;3.0;48,8392352667;2,2131657600;
202100017377.0;1;92;92050;1;1;1.0;4.0;48,9057500000;2,2100100000;
202100017378.0;1;93;93078;1;1;1.0;2.0;48,9571700000;2,5264300000;
202100017379.0;1;93;93027;1;1;1.0;4.0;48,9243688936;2,3881320871;
202100017380.0;1;93;93005;1;1;2.0;2.0;48,9628950000;2,4705300000;
202100017381.0;3;95;95394;1;1;1.0;6.0;49,0477600000;2,1841700000;
202100017382.0;1;93;93064;1;1;1.0;2.0;48,8838600000;2,4694400000;
202100017383.0;1;92;92036;1;1;1.0;2.0;48,9390465105;2,3061312878;
202100017384.0;1;95;95392;1;1;1.0;5.0;49,0670200000;2,2166000000;
202100017385.0;1;93;93048;1;1;1.0;4.0;48,8718400000;2,4330100000;
202100017386.0;1;93;93005;1;1;1.0;3.0;48,9543500000;2,4735600000;
202100017387.0;1;95;95563;1;1;1.0;2.0;49,0101179049;2,2314513240;
202100017388.0;1;93;93066;1;1;1.0;6.0;48,9229344984;2,3450405446;
202100017389.0;1;93;93066;1;1;1.0;4.0;48,9295728705;2,3619260807;
202100017390.0;1;95;95572;1;1;1.0;2.0;49,0494000000;2,1389200000;
202100017391.0;1;92;92036;1;1;1.0;2.0;48,9390027228;2,2956647869;
202100017392.0;1;93;93005;1;1;2.0;2.0;48,9625000000;2,4669700000;
202100017393.0;3;77;77517;1;1;1.0;6.0;48,8976190000;2,6597210000;
202100017394.0;3;93;93051;1;1;1.0;3.0;48,8366200000;2,5489400000;
202100017395.0;5;94;94017;1;1;1.0;6.0;48,8304152867;2,4904232978;
202100017396.0;1;77;77083;1;1;1.0;2.0;48,8342000000;2,5899000000;
202100017397.0;3;77;77018;1;1;1.0;2.0;48,8354440000;2,8075550000;
202100017398.0;1;93;93051;1;1;1.0;3.0;48,8363720000;2,5546090000;
202100017399.0;1;77;77175;1;1;1.0;3.0;48,6685290000;2,6123620000;
202100017400.0;1;74;74042;1;1;1.0;1.0;46,0903950000;6,3766820000;
202100017401.0;1;74;74042;2;1;8.0;6.0;46,0837060000;6,4011780000;
202100017402.0;1;976;97611;2;4;1.0;3.0; -12,7851300000;45,2283200000;
202100017403.0;1;974;97416;1;1;1.0;2.0; -21,2967200000;55,4678300000;
202100017404.0;1;974;97416;1;1;1.0;4.0; -21,3245000000;55,4455000000;
202100017405.0;1;974;97407;2;1;1.0;3.0; -20,9455900000;55,2982500000;
202100017406.0;5;69;69387;2;1;1.0;7.0;45,7213166084;4,8317696336;
202100017407.0;5;69;69383;2;2;1.0;6.0;45,7562800000;4,8402900000;
202100017408.0;1;69;69388;2;1;1.0;7.0;45,7369885716;4,8830980312;
202100017409.0;1;69;69388;2;3;1.0;4.0;45,7287841233;4,8865865171;
202100017410.0;1;971;97101;1;1;1.0;1.0;16,2355800000; -61,5036300000;
202100017411.0;1;2A;2A004;2;2;1.0;3.0;41,9345200000;8,7367100000;
202100017412.0;1;95;95019;2;2;7.0;6.0;48,9842400000;2,4175900000;
202100017413.0;1;91;91645;2;6;1.0;2.0;48,7356970000;2,2380670000;
202100017414.0;1;91;91114;2;6;1.0;6.0;48,7008100000;2,5056100000;
202100017415.0;1;91;91286;2;1;7.0;5.0;48,6515020000;2,3853040000;
202100017416.0;1;91;91286;2;3;1.0;3.0;48,6542080000;2,3941580000;
202100017417.0;1;87;87085;2;1;1.0;6.0;45,8202500000;1,2240800000;
202100017418.0;1;83;83069;2;1;1.0;3.0;43,1139214188;6,1244112253;
202100017419.0;1;80;80131;1;1;1.0;2.0;49,8414400000;2,4307300000;
202100017420.0;1;79;79191;2;3;1.0;3.0;46,3387500000; -0,4012100000;
202100017421.0;1;78;78133;2;9;1.0;3.0;48,9068960000;2,0485550000;
202100017422.0;1;77;77372;2;9;1.0;2.0;48,8814900000;2,6617500000;
202100017423.0;1;76;76429;2;2;1.0;2.0;49,4107265551;1,1428678036;
202100017424.0;5;76;76575;2;3;1.0;6.0;49,3950190000;1,0692000000;
202100017425.0;5;76;76351;2;1;1.0;6.0;49,5022300000;0,1395200000;
202100017426.0;1;76;76351;2;3;1.0;3.0;49,5175000000;0,0895800000;
202100017427.0;1;76;76026;2;1;1.0;1.0;49,8808360000;1,1211370000;
202100017428.0;1;74;74218;1;1;1.0;3.0;46,3948900000;6,5499500000;
202100017429.0;5;72;72181;2;2;1.0;1.0;48,0079915568;0,2097415922;
202100017430.0;1;72;72181;2;1;1.0;1.0;47,9960000000;0,2075700000;