Num_Acc;lum;departement;commune;agglomeration;intersection;meteo;type_collision;lat;long;date
202100017760.0;1;76;76276;1;1;1.0;7.0;49,6005830000;1,5710120000;
202100017761.0;1;59;59550;1;1;1.0;2.0;50,5400080000;2,8325020000;
202100017762.0;1;13;13071;1;1;1.0;2.0;43,4150368421;5,3649166262;
202100017763.0;1;13;13211;1;1;1.0;2.0;43,2929243949;5,4764163494;
202100017764.0;3;13;13106;1;1;1.0;2.0;43,3974100000;5,3517900000;
202100017765.0;2;13;13215;1;1;1.0;2.0;43,3678400000;5,3604200000;
202100017766.0;1;13;13071;1;1;1.0;2.0;43,4063110000;5,2918630000;
202100017767.0;1;69;69081;1;1;1.0;3.0;45,7747000000;4,7906500000;
202100017768.0;1;33;33090;1;1;1.0;4.0;44,7716380000; -0,6588360000;
202100017769.0;1;33;33075;1;1;1.0;3.0;44,8815040000; -0,6247240000;
202100017770.0;1;62;62637;1;1;1.0;6.0;50,4652520000;2,9754870000;
202100017771.0;1;91;91521;1;1;2.0;6.0;48,6319800000;2,4060400000;
202100017772.0;1;92;92036;1;1;1.0;4.0;48,9360068665;2,2884313862;
202100017773.0;1;78;78423;1;1;1.0;2.0;48,7965530000;2,0269880000;
202100017774.0;1;78;78126;1;1;1.0;7.0;48,8359960000;2,1288870000;
202100017775.0;1;93;93008;1;1;1.0;3.0;48,9064862649;2,4580740315;
202100017776.0;1;93;93007;1;1;1.0;3.0;48,9374440000;2,4800870000;
202100017777.0;1;93;93064;1;1;1.0;6.0;48,8702000000;2,4826300000;
202100017778.0;2;93;93066;1;1;1.0;3.0;48,9328000000;2,3753000000;
202100017779.0;1;95;95424;1;1;1.0;2.0;48,9894720000;2,1996990000;
202100017780.0;1;77;77122;1;1;1.0;2.0;48,6620400000;2,6135500000;
202100017781.0;4;94;94069;1;1;1.0;6.0;48,8172000000;2,4400000000;
202100017782.0;1;63;63069;2;1;8.0;6.0;45,7198900000;3,1891400000;
202100017783.0;1;59;59183;2;1;1.0;6.0;51,0423400000;2,4230100000;
202100017784.0;1;61;61234;1;6;8.0;6.0;48,4573910000;0,0365210000;
202100017785.0;1;17;17415;1;1;7.0;6.0;45,7401770000; -0,6532480000;
202100017786.0;5;78;78172;2;1;1.0;7.0;49,0070540000;2,1212540000;
202100017787.0;1;74;74282;1;1;1.0;1.0;45,9694450000;6,1725680000;
202100017788.0;1;974;97416;2;1;1.0;2.0; -21,3332900000;55,4752600000;
202100017789.0;1;974;97411;2;6;1.0;6.0; -20,9010900000;55,4964800000;
202100017790.0;1;973;97302;2;1;2.0;3.0;4,9325100000; -52,2904000000;
202100017791.0;1;69;69386;2;2;2.0;6.0;45,7729681037;4,8482638082;
202100017792.0;1;69;69386;2;2;2.0;6.0;45,7679420718;4,8440587521;
202100017793.0;1;69;69259;2;9;2.0;3.0;45,6995200000;4,8667000000;
202100017794.0;5;972;97213;1;1;1.0;6.0;14,6007900000; -61,0002200000;
202100017795.0;5;972;97209;2;1;1.0;6.0;14,6061460000; -61,0600150000;
202100017796.0;1;972;97209;1;9;1.0;6.0;14,6105000000; -61,0545500000;
202100017797.0;5;972;97209;1;1;1.0;6.0;14,6455300000; -61,0788500000;
202100017798.0;1;69;69385;2;1;2.0;7.0;45,7603500000;4,8247300000;
202100017799.0;1;2A;2A004;1;1;1.0;2.0;41,9319632449;8,8033614651;
202100017800.0;1;91;91657;2;2;1.0;3.0;48,6982500000;2,4254100000;
202100017801.0;1;91;91114;2;6;8.0;6.0;48,7013300000;2,5056200000;
202100017802.0;1;91;91434;2;6;1.0;3.0;48,6459500000;2,3518860000;
202100017803.0;1;87;87085;2;1;1.0;6.0;45,8688500000;1,2634100000;
202100017804.0;1;83;83137;2;1;1.0;6.0;43,1329306699;5,9640634060;
202100017805.0;1;80;80021;2;1;1.0;2.0;49,8853200000;2,2874700000;
202100017806.0;5;80;80021;2;2;1.0;3.0;49,8967500000;2,3004000000;
202100017807.0;1;80;80021;2;3;1.0;3.0;49,8792258371;2,3352421757;
202100017808.0;1;80;80021;2;1;1.0;2.0;49,9122500000;2,3170200000;
202100017809.0;1;80;80021;2;1;1.0;3.0;49,8885600000;2,3028800000;
202100017810.0;1;80;80632;2;1;1.0;6.0;49,8829700000;2,2506200000;
202100017811.0;1;80;80021;2;1;2.0;3.0;49,8779700000;2,2809000000;
202100017812.0;1;80;80489;2;1;1.0;4.0;49,8679487647;2,3714375496;
202100017813.0;3;78;78123;2;1;2.0;6.0;48,9383060000;2,0356250000;
202100017814.0;1;76;76216;2;1;2.0;3.0;49,4676570000;1,0509980000;
202100017815.0;1;76;76575;2;1;1.0;6.0;49,3876478806;1,0631274059;
202100017816.0;5;76;76351;2;1;1.0;6.0;49,4945100000;0,1539300000;
202100017817.0;5;76;76351;2;4;1.0;6.0;49,5084900000;0,1369500000;
202100017818.0;1;76;76552;2;1;1.0;6.0;49,5068600000;0,0754000000;
202100017819.0;1;71;71076;2;1;1.0;2.0;46,7965586556;4,8629833931;
202100017820.0;1;71;71081;2;2;1.0;3.0;46,8097163899;4,8431566244;
202100017821.0;1;69;69029;2;1;3.0;2.0;45,7304089906;4,8890233040;
202100017822.0;1;69;69290;2;8;2.0;3.0;45,7090600000;4,9386100000;
202100017823.0;1;65;65047;2;3;1.0;2.0;43,2414180000;0,0950200000;
202100017824.0;1;64;64445;2;6;2.0;3.0;43,3185600000; -0,3600700000;
202100017825.0;1;64;64102;2;1;1.0;2.0;43,4875600000; -1,4835300000;
202100017826.0;1;63;63075;2;5;1.0;3.0;45,7759100000;3,0680100000;
202100017827.0;1;63;63113;2;1;1.0;6.0;45,7769700000;3,0994100000;
202100017828.0;1;63;63113;2;2;1.0;3.0;45,7822100000;3,0728000000;
202100017829.0;5;63;63075;2;5;1.0;3.0;45,7751229511;3,0628470182;
202100017830.0;5;63;63113;2;1;1.0;6.0;45,8073831754;3,1320208311;
202100017831.0;1;63;63113;2;1;1.0;2.0;45,8052100000;3,1237600000;
202100017832.0;5;59;59350;2;1;1.0;4.0;50,6485100000;3,0681900000;
202100017833.0;1;59;59009;2;1;1.0;6.0;50,6202300000;3,1263900000;
202100017834.0;1;58;58194;2;1;1.0;6.0;46,9786000000;3,1661600000;
202100017835.0;1;57;57143;2;1;1.0;3.0;49,2592900000;6,0842300000;
202100017836.0;1;57;57591;1;1;1.0;7.0;49,2336200000;6,0638900000;
202100017837.0;1;56;56162;2;1;1.0;6.0;47,7350600000; -3,4030900000;
202100017838.0;1;54;54253;1;1;1.0;1.0;49,1963300000;5,8982200000;
202100017839.0;2;51;51454;2;6;1.0;3.0;49,2646184543;4,0101596076;
202100017840.0;3;50;50502;1;3;1.0;5.0;49,0943300000; -1,0928700000;
202100017841.0;1;50;50602;2;1;1.0;2.0;49,6347500000; -1,5862900000;
202100017842.0;5;50;50173;2;1;1.0;2.0;49,6506800000; -1,6558300000;
202100017843.0;5;44;44162;2;6;1.0;3.0;47,2193900000; -1,6215900000;
202100017844.0;1;37;37261;2;2;1.0;3.0;47,3902654162;0,6706046680;
202100017845.0;4;35;35206;1;1;1.0;2.0;48,0812000000; -1,6610600000;
202100017846.0;1;35;35238;2;3;1.0;6.0;48,1080800000; -1,6914560000;
202100017847.0;1;35;35238;2;9;1.0;2.0;48,1112600000; -1,6484100000;
202100017848.0;3;34;34129;1;1;1.0;1.0;43,5667400000;3,8699900000;
202100017849.0;1;33;33249;2;2;1.0;3.0;44,8731900000; -0,5115900000;
202100017850.0;1;33;33522;2;3;1.0;3.0;44,7992470000; -0,5982210000;
202100017851.0;1;33;33529;1;1;2.0;2.0;44,5617900000; -1,1505100000;
202100017852.0;1;31;31555;2;1;1.0;3.0;43,6052800000;1,4329500000;
202100017853.0;1;29;29019;2;1;1.0;2.0;48,4001700000; -4,4984500000;
202100017854.0;1;29;29019;2;1;1.0;6.0;48,4122875800; -4,4603204700;
202100017855.0;1;25;25388;2;4;1.0;2.0;47,5245800000;6,8117500000;
202100017856.0;2;25;25056;2;2;2.0;3.0;47,2560000000;6,0200000000;
202100017857.0;1;24;24037;2;1;1.0;3.0;44,8363900000;0,4531700000;
202100017858.0;2;22;22113;2;1;2.0;3.0;48,7225400000; -3,4599400000;
202100017859.0;1;17;17300;2;1;1.0;6.0;46,1652800000; -1,1858400000;
202100017860.0;5;17;17300;2;1;2.0;6.0;46,1617723144; -1,1558330403;
202100017861.0;1;14;14001;2;1;8.0;6.0;49,3878700000;0,2759400000;
202100017862.0;1;14;14118;2;1;1.0;3.0;49,2104000000; -0,3676000000;
202100017863.0;3;13;13039;1;1;1.0;3.0;43,4864100000;4,8857800000;
202100017864.0;1;13;13211;2;1;1.0;3.0;43,2899725213;5,4405796134;
202100017865.0;1;13;13205;2;2;1.0;3.0;43,2923900000;5,4010500000;
202100017866.0;1;13;13210;2;3;1.0;3.0;43,2793500000;5,3993000000;
202100017867.0;5;13;13201;2;1;1.0;1.0;43,2972692817;5,3873318994;
202100017868.0;5;13;13207;2;9;1.0;6.0;43,2898500000;5,3663100000;
202100017869.0;1;06;06069;2;1;1.0;1.0;43,6346750000;6,9494900000;
202100017870.0;5;06;06069;2;1;1.0;6.0;43,6383600000;6,9505600000;
202100017871.0;1;06;06123;2;1;1.0;6.0;43,6682700000;7,1919900000;
202100017872.0;1;06;06155;2;1;1.0;3.0;43,5876910000;7,0555550000;
202100017873.0;1;01;01053;2;2;2.0;6.0;46,2102900000;5,2217100000;
202100017874.0;5;75;75111;2;4;1.0;6.0;48,8718410000;2,3769860000;
202100017875.0;1;75;75119;2;3;1.0;3.0;48,8771911806;2,4065571189;
202100017876.0;5;75;75116;2;1;1.0;6.0;48,8414190615;2,2692050850;
202100017877.0;2;75;75115;2;2;2.0;3.0;48,8436140000;2,2957670000;
202100017878.0;1;75;75113;2;3;8.0;6.0;48,8345736359;2,3673703775;
202100017879.0;5;75;75111;2;7;1.0;3.0;48,8483708210;2,3974925280;
202100017880.0;1;75;75101;2;2;8.0;3.0;48,8649130000;2,3319450000;
202100017881.0;5;94;94080;2;9;1.0;3.0;48,8454900000;2,4286900000;
202100017882.0;1;94;94058;2;2;1.0;3.0;48,8432300000;2,5033800000;
202100017883.0;2;94;94046;2;3;2.0;3.0;48,8148200000;2,4173200000;
202100017884.0;1;94;94046;2;1;1.0;2.0;48,8035000000;2,4358600000;
202100017885.0;1;94;94016;2;9;2.0;2.0;48,7934200000;2,3208600000;
202100017886.0;5;94;94033;2;2;1.0;3.0;48,8430100000;2,4648500000;
202100017887.0;5;94;94078;2;3;2.0;3.0;48,7277100000;2,4455500000;
202100017888.0;1;93;93014;2;1;1.0;2.0;48,9079900000;2,5336000000;
202100017889.0;5;93;93008;2;9;1.0;3.0;48,8998328787;2,4488788828;
202100017890.0;1;93;93001;2;1;1.0;3.0;48,9062130000;2,3948140000;
202100017891.0;1;92;92064;2;1;1.0;7.0;48,8392400000;2,1962000000;
202100017892.0;1;92;92033;2;1;1.0;3.0;48,8518435460;2,2052255353;
202100017893.0;1;92;92050;2;1;1.0;3.0;48,8856698242;2,1966581047;
202100017894.0;1;92;92048;2;1;1.0;1.0;48,8221425150;2,2262147069;
202100017895.0;1;92;92040;2;3;8.0;5.0;48,8264204396;2,2784598815;
202100017896.0;1;92;92035;2;2;2.0;2.0;48,9063381299;2,2486996651;
202100017897.0;1;92;92026;2;1;2.0;2.0;48,8893964123;2,2553203662;
202100017898.0;1;92;92024;2;2;8.0;3.0;48,9084900000;2,3001600000;
202100017899.0;1;92;92019;2;3;1.0;3.0;48,7670056590;2,2658523917;
202100017900.0;5;92;92012;2;2;2.0;3.0;48,8445200000;2,2514500000;
202100017901.0;1;92;92007;2;1;1.0;2.0;48,7998900000;2,3232000000;
202100017902.0;1;92;92014;2;1;8.0;6.0;48,7860862544;2,3112112284;
202100017903.0;1;92;92009;2;9;1.0;6.0;48,9065100000;2,2595500000;
202100017904.0;1;92;92004;2;1;1.0;4.0;48,9216882863;2,2778250422;
202100017905.0;5;92;92004;2;3;1.0;6.0;48,9083415169;2,2927445654;
202100017906.0;1;92;92002;2;4;1.0;6.0;48,7517900000;2,2968700000;
202100017907.0;3;2A;2A272;1;1;1.0;6.0;41,5690320000;8,9577630000;
202100017908.0;1;51;51016;1;1;1.0;7.0;48,5842050000;4,7022990000;
202100017909.0;1;38;38017;1;1;2.0;1.0;45,4189370000;4,8745610000;
202100017910.0;1;43;43117;1;1;3.0;6.0;45,2855460000;3,4652420000;
202100017911.0;1;33;33138;2;9;1.0;6.0;45,0351970000; -0,1289050000;
202100017912.0;1;06;06161;1;9;1.0;1.0;43,6566780000;7,1065320000;
202100017913.0;1;12;12131;1;1;1.0;1.0;44,3783370000;2,6541640000;
202100017914.0;1;51;51486;1;1;1.0;7.0;49,1714258858;4,4059252739;
202100017915.0;1;14;14738;1;1;1.0;5.0;49,1642760000; -0,4372970000;
202100017916.0;2;63;63404;1;1;2.0;2.0;45,5867210000;3,2462190000;
202100017917.0;1;95;95280;2;1;1.0;3.0;49,0114486533;2,4794546817;
202100017918.0;1;56;56168;1;1;1.0;5.0;47,5932420000; -3,1319620000;
202100017919.0;1;74;74241;1;1;1.0;1.0;46,1344970000;6,4632650000;
202100017920.0;1;80;80343;1;1;1.0;1.0;49,9482970000;1,6803450000;
202100017921.0;1;33;33320;1;1;1.0;7.0;44,9940470000; -0,0642660000;
202100017922.0;1;89;89086;2;1;1.0;6.0;47,8862580000;3,0949850000;
202100017923.0;1;34;34332;2;1;1.0;6.0;43,3109033260;3,4186667109;
202100017924.0;1;22;22131;1;1;1.0;7.0;48,5326423172; -3,4714635345;
202100017925.0;1;44;44131;2;1;1.0;7.0;47,1129850000; -1,9678830000;
202100017926.0;2;44;44003;2;6;7.0;6.0;47,3708870000; -1,1773770000;
202100017927.0;1;29;29075;2;3;7.0;6.0;48,4111720000; -4,4191000000;
202100017928.0;1;29;29174;1;3;1.0;6.0;47,9195920000; -4,2841530000;
202100017929.0;1;01;01179;2;2;1.0;3.0;46,2564740000;4,8606460000;
202100017930.0;1;85;85065;1;1;1.0;1.0;46,8649450000; -1,2840700000;
202100017931.0;1;50;50388;1;3;1.0;1.0;49,0160000000; -1,5085390000;
202100017932.0;1;60;60297;1;2;1.0;1.0;49,6404000000;2,0023440000;
202100017933.0;1;10;10022;1;1;1.0;6.0;48,0166110000;4,3229060000;
202100017934.0;1;36;36070;1;1;2.0;3.0;46,4590130000;1,5996270000;
202100017935.0;1;04;04149;1;3;1.0;1.0;44,0442695764;5,9534334456;
202100017936.0;2;85;85084;1;2;1.0;3.0;46,7555820000; -1,2519530000;
202100017937.0;1;28;28051;2;6;1.0;6.0;48,1806060000;1,3898560000;
202100017938.0;3;87;87089;1;1;1.0;7.0;46,2062590000;1,1172310000;
202100017939.0;1;37;37139;2;2;1.0;1.0;47,3901996306;0,5469410894;
202100017940.0;1;973;97307;2;3;1.0;3.0;4,8813646562; -52,3446563333;
202100017941.0;1;76;76684;1;9;1.0;3.0;49,4750890000;0,4623320000;
202100017942.0;1;33;33380;1;1;2.0;7.0;45,2823150000; -0,5508610000;
202100017943.0;1;13;13011;2;1;1.0;1.0;43,7405030000;4,7898240000;
202100017944.0;1;987;98716;2;1;1.0;3.0; -16,0520620000; -145,6482630000;
202100017945.0;1;37;37110;1;1;2.0;6.0;47,3249810000;1,0838810000;
202100017946.0;1;2A;2A247;2;6;1.0;2.0;41,5955105809;9,2745454861;
202100017947.0;1;66;66088;2;5;1.0;6.0;42,6700080000;2,6225080000;
202100017948.0;1;84;84067;1;1;1.0;6.0;44,0881010000;5,0072010000;
202100017949.0;1;89;89453;1;1;1.0;2.0;47,7922450000;3,5237390000;
202100017950.0;1;68;68287;1;1;1.0;6.0;47,9458330000;7,2908180000;
202100017951.0;1;73;73051;1;1;1.0;4.0;45,6482560000;5,8775350000;
202100017952.0;1;69;69289;1;2;7.0;3.0;45,6484810000;5,0240890000;
202100017953.0;1;17;17351;1;4;1.0;3.0;45,8212480000; -1,0843530000;
202100017954.0;1;33;33449;2;3;1.0;3.0;44,8935490000; -0,7602350000;
202100017955.0;1;50;50099;1;1;1.0;7.0;49,2762190000; -1,2706160000;
202100017956.0;3;14;14630;1;6;1.0;6.0;49,2538430000; -0,6490620000;
202100017957.0;5;27;27188;1;1;8.0;6.0;49,3026510000;1,0992780000;
202100017958.0;1;13;13215;1;1;1.0;5.0;43,3426270000;5,3760950000;
202100017959.0;3;13;13015;1;1;1.0;1.0;43,4552305281;5,3984338862;
202100017960.0;3;69;69256;1;1;1.0;2.0;45,7956740704;4,9321437284;
202100017961.0;5;69;69266;2;1;1.0;4.0;45,7562700000;4,9084400000;
202100017962.0;1;33;33249;1;1;2.0;7.0;44,8787580000; -0,5094640000;
202100017963.0;1;33;33039;1;1;1.0;2.0;44,7967600000; -0,5382300000;
202100017964.0;1;62;62528;1;1;1.0;5.0;50,4519160000;2,8143290000;
202100017965.0;1;92;92019;1;1;1.0;2.0;48,7606457938;2,2867897153;
202100017966.0;1;91;91689;1;1;1.0;3.0;48,7408250000;2,3208830000;
202100017967.0;1;92;92002;1;1;1.0;6.0;48,7351000000;2,3159000000;
202100017968.0;2;92;92002;1;1;1.0;4.0;48,7635507450;2,3084565997;
202100017969.0;1;92;92063;1;1;8.0;6.0;48,8854052429;2,1653848886;
202100017970.0;2;95;95582;1;1;2.0;3.0;48,9666859939;2,2729039192;
202100017971.0;3;93;93027;1;9;2.0;7.0;48,9287300000;2,4152000000;
202100017972.0;3;93;93027;1;1;3.0;7.0;48,9263982344;2,4028344808;
202100017973.0;5;95;95527;1;1;3.0;6.0;49,0213920000;2,5341180000;
202100017974.0;1;77;77363;1;1;1.0;2.0;48,9248740000;2,6294790000;
202100017975.0;1;29;29019;2;2;1.0;2.0;48,4100900000; -4,5146500000;
202100017976.0;1;38;38563;2;3;1.0;3.0;45,3754200000;5,5807800000;
202100017977.0;1;76;76540;2;1;1.0;6.0;49,4455100000;1,0861800000;
202100017978.0;1;61;61077;1;6;2.0;7.0;48,4465119218;0,1127840376;
202100017979.0;1;22;22113;2;9;1.0;6.0;48,7338765966; -3,4422767339;
202100017980.0;1;974;97411;1;1;1.0;6.0; -20,9001650000;55,4628124000;
202100017981.0;1;973;97302;2;1;1.0;3.0;4,9207816057; -52,3303213120;
202100017982.0;5;69;69383;2;2;2.0;3.0;45,7435944929;4,8769795150;
202100017983.0;5;69;69383;2;2;3.0;3.0;45,7528000000;4,8520900000;
202100017984.0;5;69;69381;2;1;2.0;6.0;45,7698081680;4,8309650341;
202100017985.0;1;95;95428;2;2;1.0;3.0;48,9932500000;2,3234200000;
202100017986.0;5;91;91549;2;2;1.0;2.0;48,6345280000;2,3437410000;
202100017987.0;5;91;91377;2;1;2.0;7.0;48,7267370000;2,2780930000;
202100017988.0;1;91;91191;2;1;1.0;6.0;48,7212100000;2,4502400000;
202100017989.0;1;83;83137;2;1;1.0;6.0;43,1292100000;5,9241100000;
202100017990.0;1;83;83069;2;3;1.0;2.0;43,1156200000;6,1391800000;
202100017991.0;1;83;83050;1;1;1.0;1.0;43,5239200000;6,5255190000;
202100017992.0;3;82;82121;1;1;2.0;6.0;44,0326800000;1,4151100000;
202100017993.0;1;78;78638;2;2;1.0;2.0;49,0045690000;1,9671110000;
202100017994.0;5;76;76540;2;1;2.0;6.0;49,4450937660;1,0631016610;
202100017995.0;1;72;72181;2;1;1.0;2.0;47,9785600000;0,2271800000;
202100017996.0;1;69;69256;2;4;1.0;6.0;45,7863500000;4,9260300000;
202100017997.0;5;64;64129;2;1;1.0;3.0;43,3134500000; -0,3776500000;
202100017998.0;1;62;62225;2;1;1.0;1.0;50,7579350000;2,3032810000;
202100017999.0;1;60;60057;2;1;1.0;6.0;49,4330432787;2,0847279131;
202100018000.0;4;59;59009;2;2;1.0;3.0;50,6316800000;3,1406400000;
202100018001.0;1;51;51454;2;2;1.0;7.0;49,2457779495;4,0176087073;
202100018002.0;1;51;51454;2;1;1.0;2.0;49,2189448102;4,0205202948;
202100018003.0;5;38;38421;2;1;1.0;6.0;45,1706300000;5,7686500000;
202100018004.0;5;38;38185;2;1;2.0;6.0;45,1829600000;5,7184200000;
202100018005.0;3;35;35238;2;1;1.0;6.0;48,0880100000; -1,6381700000;
202100018006.0;1;34;34108;2;1;1.0;3.0;43,4594481328;3,7641740353;
202100018007.0;1;25;25056;2;1;2.0;6.0;47,2429900000;6,0172000000;
202100018008.0;1;13;13005;2;1;1.0;2.0;43,2882487404;5,5422177797;
202100018009.0;1;09;09225;1;1;2.0;6.0;43,1276000000;1,6047700000;
202100018010.0;3;07;07138;1;1;8.0;6.0;44,5923000000;4,4256700000;
202100018011.0;1;06;06088;2;1;1.0;2.0;43,6667110000;7,2150270000;
202100018012.0;2;75;75120;2;1;1.0;4.0;48,8687420000;2,4132520000;
202100018013.0;1;75;75117;2;1;1.0;3.0;48,8809920000;2,2823330000;
202100018014.0;1;75;75119;2;1;1.0;4.0;48,8953850000;2,3948020000;
202100018015.0;1;75;75112;2;1;1.0;4.0;48,8309270000;2,4029910000;
202100018016.0;2;75;75117;2;1;1.0;4.0;48,8851930000;2,2873020000;
202100018017.0;5;75;75106;2;1;1.0;6.0;48,8536660000;2,3356440000;
202100018018.0;1;75;75118;2;2;1.0;3.0;48,8839280000;2,3445790000;
202100018019.0;5;75;75116;2;1;1.0;2.0;48,8437040000;2,2567330000;
202100018020.0;3;75;75116;2;2;2.0;6.0;48,8731700000;2,2844390000;
202100018021.0;1;75;75115;2;2;1.0;6.0;48,8488260000;2,3024630000;
202100018022.0;1;75;75115;2;3;1.0;3.0;48,8369070000;2,2958210000;
202100018023.0;5;75;75115;2;1;1.0;7.0;48,8501360000;2,2941130000;
202100018024.0;5;75;75113;2;1;1.0;6.0;48,8406700000;2,3696430000;
202100018025.0;1;75;75112;2;1;1.0;4.0;48,8414460000;2,4508100000;
202100018026.0;5;75;75104;2;4;1.0;4.0;48,8472605441;2,3648966911;
202100018027.0;1;75;75111;2;2;1.0;3.0;48,8611770000;2,3858550000;
202100018028.0;1;75;75111;2;2;1.0;6.0;48,8652000000;2,3676810000;
202100018029.0;1;75;75110;2;2;1.0;6.0;48,8794750000;2,3577260000;
202100018030.0;2;75;75101;2;3;1.0;1.0;48,8605034015;2,3421397805;
202100018031.0;1;94;94078;2;1;1.0;2.0;48,7407380000;2,4467200000;
202100018032.0;1;94;94038;2;2;1.0;3.0;48,7710100000;2,3240500000;
202100018033.0;5;94;94069;2;2;1.0;3.0;48,8240700000;2,4199600000;
202100018034.0;3;93;93066;2;1;1.0;2.0;48,9323024554;2,3489661871;
202100018035.0;5;92;92002;2;1;1.0;7.0;48,7467900000;2,3036800000;
202100018036.0;3;63;63345;1;1;3.0;1.0;45,7066630000;3,0349200000;
202100018037.0;1;37;37147;1;1;1.0;1.0;47,0500027703;0,5219749290;
202100018038.0;1;76;76532;1;1;1.0;7.0;49,5936441902;1,2760538857;
202100018039.0;1;85;85034;1;1;1.0;5.0;46,6280330000; -1,1480360000;
202100018040.0;5;33;33355;2;3;8.0;1.0;44,6674590000; -0,3505920000;
202100018041.0;1;36;36233;1;1;2.0;7.0;47,2522900000;1,5442320000;
202100018042.0;1;62;62645;2;1;1.0;6.0;50,9780580000;2,0424810000;
202100018043.0;3;26;26106;1;1;2.0;2.0;44,6448950000;4,7923300000;
202100018044.0;3;17;17142;1;1;3.0;7.0;46,1828020000; -1,0833760000;
202100018045.0;3;44;44224;1;1;1.0;7.0;47,5366450000; -1,6495800000;
202100018046.0;1;58;58238;1;1;3.0;6.0;46,9972900000;3,2054330000;
202100018047.0;2;47;47233;1;4;1.0;3.0;44,5366244189;0,1096035341;
202100018048.0;1;62;62268;2;1;1.0;6.0;50,6698000000;1,8205650000;
202100018049.0;3;76;76325;1;1;1.0;5.0;49,6750290000;0,8224350000;
202100018050.0;1;76;76482;2;4;1.0;6.0;49,8691070000;1,0490440000;
202100018051.0;1;65;65473;1;1;2.0;6.0;42,9652918382; -0,0606398486;
202100018052.0;3;33;33394;1;1;2.0;6.0;44,8948520000; -0,2025410000;
202100018053.0;2;71;71430;1;3;2.0;3.0;46,8021910000;4,7047210000;
202100018054.0;1;55;55472;1;1;1.0;7.0;48,7059660000;5,4755690000;
202100018055.0;1;44;44131;1;9;1.0;3.0;47,1284110000; -2,1164240000;
202100018056.0;1;31;31517;2;9;1.0;6.0;43,3297500000;1,3223180000;
202100018057.0;3;26;26337;1;1;2.0;6.0;44,7124490000;4,8028280000;
202100018058.0;1;66;66148;1;1;1.0;1.0;42,5100836210;3,1158977374;
202100018059.0;3;72;72144;1;1;1.0;6.0;48,1340640000;0,7989170000;
202100018060.0;1;43;43163;1;1;3.0;1.0;45,2491140000;4,4380750000;
202100018061.0;1;85;85026;1;1;1.0;1.0;46,5540020000; -1,4476420000;
202100018062.0;1;30;30121;1;1;1.0;1.0;43,8420692943;4,0228997357;
202100018063.0;1;13;13051;1;1;1.0;3.0;43,5863050000;5,1288400000;
202100018064.0;1;67;67478;1;1;1.0;2.0;48,7778280000;7,4084330000;
202100018065.0;1;988;98803;1;1;1.0;6.0; -21,4523300000;165,4868500000;
202100018066.0;1;974;97415;1;1;8.0;2.0; -21,0976330000;55,2471650000;
202100018067.0;1;971;97121;2;1;1.0;1.0;16,2280620000; -61,7866320000;
202100018068.0;3;33;33214;1;1;1.0;7.0;45,0075840000; -1,1321340000;
202100018069.0;3;77;77112;1;1;2.0;6.0;48,2465900000;2,6198260000;
202100018070.0;2;95;95054;1;1;1.0;6.0;49,1510510000;1,8847160000;
202100018071.0;1;2B;2B223;1;1;1.0;6.0;42,5246290000;9,1860080000;
202100018072.0;1;2B;2B314;1;1;1.0;6.0;42,7159303757;9,2086887359;
202100018073.0;3;2B;2B055;1;1;1.0;4.0;42,5069389503;9,3308687213;
202100018074.0;5;34;34151;2;1;1.0;1.0;43,6637560000;4,1808500000;
202100018075.0;1;13;13081;1;9;1.0;3.0;43,4948060000;5,2167890000;
202100018076.0;2;13;13035;2;1;1.0;1.0;43,6949120000;5,0326820000;
202100018077.0;1;13;13110;1;1;1.0;5.0;43,4570190000;5,7066730000;
202100018078.0;1;52;52102;1;1;8.0;1.0;47,8905070000;5,3681950000;
202100018079.0;1;38;38110;1;1;1.0;7.0;45,5640380000;4,8698130000;
202100018080.0;2;38;38562;1;1;2.0;3.0;45,0833200000;5,7629730000;
202100018081.0;1;38;38562;2;6;1.0;3.0;45,0826570000;5,7661490000;
202100018082.0;1;81;81100;1;3;8.0;3.0;43,4800420000;2,0085940000;
202100018083.0;3;59;59134;1;1;1.0;6.0;50,0974500000;3,8516810000;
202100018084.0;2;59;59416;1;1;5.0;6.0;50,6842960000;2,5709340000;
202100018085.0;1;13;13216;1;1;1.0;6.0;43,3629000000;5,3413000000;
202100018086.0;2;13;13215;1;1;1.0;3.0;43,3308000000;5,3546900000;
202100018087.0;1;13;13055;1;1;1.0;4.0;43,2863501693;5,4311761116;
202100018088.0;5;13;13055;1;1;1.0;7.0;43,2958800000;5,4247400000;