Num_Acc;lum;departement;commune;agglomeration;intersection;meteo;type_collision;lat;long;date
202100018089.0;3;13;13210;1;1;1.0;6.0;43,2844000000;5,4057000000;
202100018090.0;1;94;94034;1;1;1.0;2.0;48,7593600000;2,3224700000;
202100018091.0;1;94;94034;1;1;1.0;4.0;48,7584026074;2,3255610466;
202100018092.0;1;92;92050;1;1;1.0;4.0;48,9153626913;2,2204385940;
202100018093.0;5;93;93008;1;1;1.0;2.0;48,9086200000;2,4514800000;
202100018094.0;1;93;93005;1;1;1.0;4.0;48,9577100000;2,4621400000;
202100018095.0;3;93;93007;1;1;1.0;4.0;48,9353100000;2,4797500000;
202100018096.0;1;93;93053;1;1;1.0;6.0;48,8840800000;2,4688900000;
202100018097.0;3;95;95572;1;1;2.0;6.0;49,0322300000;2,1089900000;
202100018098.0;1;92;92078;1;1;1.0;3.0;48,9283084303;2,3316245851;
202100018099.0;1;77;77258;1;1;1.0;3.0;48,8313680000;2,6416370000;
202100018100.0;2;77;77083;1;1;1.0;6.0;48,8319600000;2,6034200000;
202100018101.0;2;94;94028;1;1;1.0;3.0;48,7991400000;2,4457600000;
202100018102.0;1;76;76540;2;1;1.0;6.0;49,4462500000;1,0891700000;
202100018103.0;1;61;61001;2;1;1.0;4.0;48,4254400000;0,0780600000;
202100018104.0;2;38;38185;2;1;1.0;1.0;45,1841300000;5,7259500000;
202100018105.0;1;94;94028;2;3;1.0;3.0;48,7850500000;2,4720400000;
202100018106.0;1;33;33249;2;3;1.0;6.0;44,8688740000; -0,5223590000;
202100018107.0;1;09;09122;2;1;1.0;4.0;42,9775600000;1,6094300000;
202100018108.0;1;976;97611;1;1;1.0;7.0; -12,7891500000;45,1641900000;
202100018109.0;1;973;97302;2;1;1.0;5.0;4,9337310226; -52,3329828680;
202100018110.0;5;69;69386;2;2;8.0;1.0;45,7699700000;4,8584800000;
202100018111.0;1;69;69259;2;1;1.0;3.0;45,7151294356;4,8722648621;
202100018112.0;5;69;69387;2;2;1.0;2.0;45,7267094834;4,8269462585;
202100018113.0;1;972;97213;2;1;1.0;2.0;14,6180400000; -61,0321000000;
202100018114.0;1;972;97209;2;4;1.0;3.0;14,6101000000; -61,0737000000;
202100018115.0;1;972;97209;2;9;1.0;3.0;14,6085510000; -61,0480500000;
202100018116.0;1;69;69149;2;9;1.0;6.0;45,7138300000;4,8194700000;
202100018117.0;1;69;69034;2;1;1.0;3.0;45,7990000000;4,8526400000;
202100018118.0;1;69;69286;2;1;1.0;6.0;45,8136400000;4,9046300000;
202100018119.0;4;69;69142;2;1;1.0;6.0;45,7266290567;4,8160095710;
202100018120.0;1;2B;2B033;2;1;1.0;3.0;42,6670000000;9,4428200000;
202100018121.0;1;2B;2B033;2;6;1.0;3.0;42,6858020188;9,4453498549;
202100018122.0;5;95;95585;2;1;1.0;6.0;48,9894400000;2,3684900000;
202100018123.0;1;91;91027;2;1;1.0;5.0;48,7060100000;2,3722100000;
202100018124.0;1;83;83062;2;4;1.0;3.0;43,1203430000;6,0106660000;
202100018125.0;1;77;77445;2;1;1.0;6.0;48,5837100000;2,5831800000;
202100018126.0;5;76;76540;2;1;1.0;6.0;49,4299700000;1,0909900000;
202100018127.0;1;71;71076;2;1;1.0;6.0;46,7774757316;4,8497449322;
202100018128.0;1;71;71076;2;3;1.0;6.0;46,7862400000;4,8572500000;
202100018129.0;1;64;64445;2;1;2.0;3.0;43,2988946187; -0,3739465433;
202100018130.0;1;64;64102;2;1;1.0;7.0;43,4867322455; -1,4680266380;
202100018131.0;5;64;64024;2;1;8.0;2.0;43,4817800000; -1,5087100000;
202100018132.0;1;62;62193;2;1;1.0;2.0;50,9632700000;1,8446200000;
202100018133.0;1;59;59599;2;1;1.0;6.0;50,7367570000;3,1794100000;
202100018134.0;5;59;59350;2;2;1.0;3.0;50,6345000000;3,0485800000;
202100018135.0;1;54;54265;2;1;1.0;2.0;48,6434951454;6,1850066641;
202100018136.0;1;51;51454;2;6;1.0;1.0;49,2648265000;4,0099828300;
202100018137.0;1;51;51454;2;1;1.0;3.0;49,2568355392;4,0251605158;
202100018138.0;1;51;51230;2;1;1.0;1.0;49,0427000000;3,9683700000;
202100018139.0;1;45;45234;2;1;1.0;3.0;47,9119124247;1,9153547287;
202100018140.0;1;45;45067;1;2;1.0;5.0;47,8953295210;1,8094385862;
202100018141.0;1;37;37233;2;3;8.0;3.0;47,3957399056;0,7065137029;
202100018142.0;2;35;35238;2;2;1.0;5.0;48,0839000000; -1,6747200000;
202100018143.0;1;35;35051;1;1;2.0;2.0;48,1138660000; -1,5536400000;
202100018144.0;1;33;33529;2;1;2.0;2.0;44,6343320000; -1,1445870000;
202100018145.0;5;31;31555;2;1;2.0;5.0;43,6047800000;1,4279900000;
202100018146.0;1;31;31555;2;1;3.0;6.0;43,6356100000;1,4639400000;
202100018147.0;5;31;31555;2;1;1.0;6.0;43,5908148670;1,4179551601;
202100018148.0;1;29;29232;2;1;1.0;6.0;47,9908600000; -4,0742400000;
202100018149.0;1;29;29039;1;2;8.0;7.0;47,9109535800; -3,9040088650;
202100018150.0;2;29;29019;2;9;1.0;6.0;48,3899918031; -4,4711756110;
202100018151.0;1;28;28134;2;1;1.0;6.0;48,7384000000;1,3838000000;
202100018152.0;2;26;26362;2;3;1.0;1.0;44,9311000000;4,9185200000;
202100018153.0;1;25;25547;2;9;1.0;3.0;47,5165990000;6,8280260000;
202100018154.0;1;23;23096;2;9;3.0;6.0;46,1776400000;1,8776400000;
202100018155.0;1;17;17028;2;1;1.0;2.0;46,1315600000; -1,1034200000;
202100018156.0;3;17;17300;1;1;2.0;6.0;46,1723900000; -1,1851200000;
202100018157.0;5;13;13117;2;2;2.0;3.0;43,4232470556;5,2410889074;
202100018158.0;1;13;13206;2;1;1.0;1.0;43,2907345832;5,3832458174;
202100018159.0;3;13;13201;2;1;1.0;3.0;43,2929713335;5,3693310904;
202100018160.0;5;13;13207;2;9;1.0;3.0;43,2762608927;5,3584635543;
202100018161.0;1;13;13005;2;9;1.0;6.0;43,2848711546;5,5918407440;
202100018162.0;1;13;13005;2;1;1.0;1.0;43,2952700000;5,5605300000;
202100018163.0;1;13;13005;2;3;1.0;3.0;43,2975000000;5,5738700000;
202100018164.0;1;13;13004;2;1;1.0;3.0;43,6713086836;4,6424478840;
202100018165.0;5;10;10387;2;2;1.0;3.0;48,2990000000;4,0760000000;
202100018166.0;5;06;06159;2;1;1.0;6.0;43,7094790000;7,3103290000;
202100018167.0;1;75;75112;2;1;1.0;4.0;48,8306302199;2,4028703570;
202100018168.0;1;75;75108;2;3;1.0;2.0;48,8665100000;2,2994800000;
202100018169.0;5;75;75105;2;5;1.0;2.0;48,8508170000;2,3455280000;
202100018170.0;1;75;75120;2;1;1.0;6.0;48,8482520000;2,4008000000;
202100018171.0;1;75;75120;2;4;1.0;6.0;48,8645210000;2,4126090000;
202100018172.0;5;75;75119;2;2;1.0;3.0;48,8997240000;2,3711410000;
202100018173.0;1;75;75119;2;1;1.0;3.0;48,8894860000;2,3751430000;
202100018174.0;2;75;75113;2;3;1.0;3.0;48,8328610000;2,3555400000;
202100018175.0;1;75;75113;2;1;1.0;6.0;48,8273650000;2,3807960000;
202100018176.0;1;75;75111;2;2;1.0;3.0;48,8546930000;2,3854180000;
202100018177.0;1;75;75110;2;1;1.0;3.0;48,8684890000;2,3588000000;
202100018178.0;5;75;75110;2;2;1.0;3.0;48,8795430000;2,3572270000;
202100018179.0;5;75;75109;2;4;1.0;6.0;48,8750695430;2,3408604477;
202100018180.0;1;75;75109;2;5;1.0;6.0;48,8796670000;2,3495140000;
202100018181.0;5;75;75109;2;3;1.0;3.0;48,8760090000;2,3445160000;
202100018182.0;1;75;75108;2;2;1.0;4.0;48,8668330000;2,3102530000;
202100018183.0;5;75;75108;2;2;1.0;3.0;48,8733190000;2,3242980000;
202100018184.0;1;75;75107;2;1;1.0;6.0;48,8490420000;2,3217160000;
202100018185.0;5;75;75104;2;2;1.0;3.0;48,8560655980;2,3506920625;
202100018186.0;1;94;94052;2;1;1.0;1.0;48,8325000000;2,4776100000;
202100018187.0;1;94;94073;2;1;1.0;2.0;48,7617900000;2,3705900000;
202100018188.0;5;94;94055;2;1;1.0;1.0;48,7838410000;2,5165930000;
202100018189.0;5;94;94071;2;3;1.0;3.0;48,7720300000;2,5195400000;
202100018190.0;1;94;94048;2;1;1.0;1.0;48,7382350000;2,5535100000;
202100018191.0;1;93;93053;2;2;1.0;3.0;48,8990430000;2,4710110000;
202100018192.0;1;93;93046;1;1;1.0;6.0;48,9325400000;2,5595000000;
202100018193.0;5;93;93030;2;1;1.0;2.0;48,9464600000;2,4143300000;
202100018194.0;1;93;93008;2;2;1.0;6.0;48,9132806745;2,4664329847;
202100018195.0;5;92;92064;2;1;1.0;6.0;48,8366400000;2,2219200000;
202100018196.0;1;92;92020;2;3;1.0;3.0;48,8024200000;2,2863430000;
202100018197.0;2;92;92035;2;1;8.0;3.0;48,9118201682;2,2507287562;
202100018198.0;1;92;92026;2;6;1.0;3.0;48,8934401631;2,2521248460;
202100018199.0;1;92;92012;2;2;1.0;3.0;48,8404716435;2,2316195425;
202100018200.0;1;13;13215;1;1;1.0;2.0;43,3629000000;5,3411000000;
202100018201.0;1;13;13015;1;1;1.0;2.0;43,4296500000;5,3991730000;
202100018202.0;2;13;13071;1;1;1.0;6.0;43,4047250000;5,3396750000;
202100018203.0;1;13;13055;1;1;1.0;2.0;43,3300000000;5,4070000000;
202100018204.0;3;69;69256;1;1;1.0;2.0;45,7901003464;4,9051916599;
202100018205.0;3;33;33249;1;1;2.0;6.0;44,8849180000; -0,5110570000;
202100018206.0;1;33;33162;1;1;2.0;2.0;44,8723900000; -0,6583400000;
202100018207.0;1;91;91687;1;1;1.0;3.0;48,6636000000;2,3663500000;
202100018208.0;1;91;91434;1;1;1.0;2.0;48,6698700000;2,3491900000;
202100018209.0;3;94;94038;1;1;1.0;6.0;48,7723585357;2,3452557802;
202100018210.0;1;78;78423;1;1;1.0;6.0;48,7967510000;2,0263870000;
202100018211.0;1;93;93051;1;1;1.0;3.0;48,8355300000;2,5702600000;
202100018212.0;1;94;94033;1;1;1.0;3.0;48,8554400000;2,4893600000;
202100018213.0;3;93;93051;1;1;1.0;4.0;48,8366000000;2,5439000000;
202100018214.0;1;94;94069;1;1;1.0;2.0;48,8173129923;2,4294376373;
202100018215.0;1;54;54547;2;9;1.0;6.0;48,6616900000;6,1741200000;
202100018216.0;3;974;97415;2;1;1.0;2.0; -21,0325160000;55,2517680000;
202100018217.0;3;62;62726;1;1;1.0;1.0;50,4842900000;2,1252750000;
202100018218.0;2;80;80009;1;1;1.0;6.0;50,0790110000;1,9638490000;
202100018219.0;1;17;17183;1;2;1.0;3.0;45,6048510000; -0,8104130000;
202100018220.0;1;06;06161;2;1;1.0;6.0;43,6282170000;7,1330770000;
202100018221.0;1;57;57060;1;2;1.0;3.0;48,9020330000;6,7698150000;
202100018222.0;3;83;83130;1;1;1.0;2.0;43,2032725253;6,0482131925;
202100018223.0;2;85;85158;2;3;1.0;1.0;46,4649260000; -0,9888880000;
202100018224.0;3;62;62057;1;9;1.0;6.0;50,8638280000;2,0696350000;
202100018225.0;1;27;27507;2;3;7.0;6.0;48,9079640000;1,2754170000;
202100018226.0;3;35;35085;1;1;2.0;2.0;48,4030060000; -1,7586550000;
202100018227.0;1;12;12079;1;4;5.0;1.0;44,5475620000;2,7113490000;
202100018228.0;3;68;68315;1;1;1.0;7.0;47,8629020000;7,1325300000;
202100018229.0;1;68;68043;1;6;1.0;2.0;47,8728310000;7,2479510000;
202100018230.0;1;974;97413;1;1;1.0;5.0; -21,2483070000;55,3211460000;
202100018231.0;3;22;22193;1;1;1.0;7.0;48,4382550000; -2,4333640000;
202100018232.0;1;37;37104;1;1;2.0;6.0;47,3075354849;0,8078624360;
202100018233.0;3;62;62473;2;1;1.0;7.0;50,6261130000;2,4424460000;
202100018234.0;1;74;74005;1;2;1.0;3.0;46,3411140000;6,4620100000;
202100018235.0;3;51;51305;1;1;1.0;7.0;49,2529640000;3,8802660000;
202100018236.0;2;59;59349;2;1;1.0;6.0;50,0996150000;3,3791670000;
202100018237.0;1;56;56140;1;1;5.0;4.0;47,9367590000; -2,8090050000;
202100018238.0;1;56;56175;1;2;1.0;3.0;47,7231840000; -2,9131630000;
202100018239.0;1;76;76179;1;1;1.0;6.0;49,5918870000;1,0965620000;
202100018240.0;1;60;60130;1;1;1.0;7.0;49,3818140000;2,5132510000;
202100018241.0;1;33;33155;2;1;3.0;7.0;44,3306710000; -0,2299190000;
202100018242.0;3;63;63148;1;1;2.0;6.0;45,8837350000;3,2202170000;
202100018243.0;1;55;55232;1;1;1.0;6.0;49,0962998690;5,7391440868;
202100018244.0;3;49;49080;1;1;1.0;6.0;47,6977040000; -0,4598270000;
202100018245.0;2;68;68006;1;1;2.0;7.0;47,6962330000;7,1817330000;
202100018246.0;1;44;44028;2;1;1.0;7.0;47,3180150000; -1,3469530000;
202100018247.0;5;29;29103;2;1;2.0;6.0;48,4483970000; -4,2397680000;
202100018248.0;1;31;31278;1;1;2.0;6.0;43,1818750000;0,8072050000;
202100018249.0;1;38;38006;2;2;7.0;3.0;45,3968530000;6,0745010000;
202100018250.0;1;02;02217;1;1;1.0;1.0;49,5136740000;3,3101680000;
202100018251.0;1;70;70477;1;1;2.0;6.0;47,5624900000;6,6114030000;
202100018252.0;3;83;83122;1;1;1.0;7.0;43,7592860000;6,2181010000;
202100018253.0;1;09;09235;1;1;1.0;1.0;43,0360420000;0,9977510000;
202100018254.0;1;09;09032;1;1;1.0;7.0;42,7081800000;1,8340460000;
202100018255.0;2;10;10063;1;1;1.0;6.0;48,3700210000;4,5171190000;
202100018256.0;1;88;88108;1;1;1.0;7.0;47,9652440000;6,3190270000;
202100018257.0;3;77;77099;1;1;8.0;1.0;48,1434110000;2,7434060000;
202100018258.0;1;01;01445;1;1;1.0;7.0;46,3490310000;5,2870780000;
202100018259.0;1;06;06018;2;9;1.0;3.0;43,6266750000;7,0955030000;
202100018260.0;1;17;17283;1;2;1.0;3.0;45,5992510000; -0,5544880000;
202100018261.0;1;17;17354;1;1;1.0;2.0;45,6080370000; -0,5963090000;
202100018262.0;3;988;98823;1;1;1.0;6.0; -21,0558100000;165,4011200000;
202100018263.0;3;986;98613;1;3;1.0;7.0; -13,3312160000; -176,2186430000;
202100018264.0;1;973;97311;2;1;1.0;1.0;5,4934290000; -54,0155370000;
202100018265.0;1;971;97118;1;1;3.0;7.0;16,2137580000; -61,6005780000;
202100018266.0;1;37;37003;2;1;2.0;2.0;47,4129523233;0,9826719416;
202100018267.0;2;78;78048;1;1;1.0;1.0;48,7952030000;1,6696430000;
202100018268.0;2;2A;2A247;1;1;1.0;1.0;41,5922090000;9,2134950000;
202100018269.0;3;66;66017;1;9;1.0;6.0;42,8299600000;3,0353650000;
202100018270.0;2;30;30270;2;1;2.0;7.0;44,1016900000;4,0169710000;
202100018271.0;3;84;84003;1;1;1.0;7.0;43,8637740000;5,3687950000;
202100018272.0;1;13;13027;2;1;1.0;6.0;43,8880810000;4,8638530000;
202100018273.0;1;88;88173;1;3;1.0;6.0;48,3595270000;6,2450010000;
202100018274.0;1;74;74127;2;4;1.0;1.0;46,3586370000;6,5474450000;
202100018275.0;1;26;26220;2;1;1.0;6.0;44,3623880000;5,1291680000;
202100018276.0;1;01;01202;1;1;1.0;1.0;45,8774610000;5,3040470000;
202100018277.0;2;69;69204;2;6;7.0;3.0;45,6812050000;4,7829150000;
202100018278.0;1;81;81116;1;1;2.0;6.0;43,7000363456;1,8664231897;
202100018279.0;1;46;46085;1;1;2.0;3.0;44,5788830000;2,1291160000;
202100018280.0;3;32;32183;1;1;1.0;6.0;43,6488080000;0,6873320000;
202100018281.0;1;50;50516;2;1;1.0;3.0;48,6755190000; -1,3291330000;
202100018282.0;3;80;80395;1;1;1.0;7.0;49,7067270000;2,6615130000;
202100018283.0;1;69;69259;2;3;1.0;3.0;45,7173200000;4,8702700000;
202100018284.0;1;54;54286;2;1;1.0;6.0;49,1714800000;5,8841300000;
202100018285.0;5;33;33529;2;1;1.0;6.0;44,6363620000; -1,1445270000;
202100018286.0;1;93;93073;2;3;1.0;3.0;48,9434800000;2,5713000000;
202100018287.0;5;62;62427;2;1;1.0;6.0;50,4110590000;2,9692770000;
202100018288.0;1;45;45147;2;1;2.0;6.0;47,9366500000;1,9125100000;
202100018289.0;1;974;97416;1;1;1.0;2.0; -21,3029300000;55,4262700000;
202100018290.0;2;974;97411;2;2;1.0;3.0; -20,8732000000;55,4498500000;
202100018291.0;1;974;97409;1;1;1.0;2.0; -20,9778600000;55,6542400000;
202100018292.0;1;973;97302;2;1;1.0;3.0;4,9342915758; -52,3305864930;
202100018293.0;1;973;97302;2;1;1.0;3.0;4,9278829991; -52,2921990752;
202100018294.0;1;973;97302;2;1;1.0;3.0;4,9279886429; -52,3250906468;
202100018295.0;5;973;97302;2;1;1.0;3.0;4,9332961550; -52,3328488469;
202100018296.0;1;69;69387;2;1;1.0;3.0;45,7482203943;4,8324286938;
202100018297.0;1;69;69386;2;2;1.0;3.0;45,7662200000;4,8591700000;
202100018298.0;1;69;69383;2;2;1.0;3.0;45,7562808854;4,8402830539;
202100018299.0;1;69;69388;2;2;1.0;3.0;45,7312400000;4,8662200000;
202100018300.0;1;69;69199;2;2;1.0;3.0;45,7107768267;4,8625552654;
202100018301.0;1;69;69383;2;3;8.0;2.0;45,7491100000;4,8878800000;
202100018302.0;1;69;69389;2;4;1.0;6.0;45,7770400000;4,8072100000;
202100018303.0;1;2A;2A004;2;1;1.0;3.0;41,9465100000;8,7646600000;
202100018304.0;1;91;91103;2;1;1.0;1.0;48,6090000000;2,3180000000;
202100018305.0;1;91;91377;2;1;1.0;3.0;48,7289650000;2,2582070000;
202100018306.0;1;91;91161;2;1;1.0;3.0;48,7044860000;2,3100080000;
202100018307.0;1;91;91201;2;1;1.0;2.0;48,6868200000;2,4017670000;
202100018308.0;1;91;91479;2;1;1.0;1.0;48,7088000000;2,3700300000;
202100018309.0;1;91;91433;1;1;1.0;2.0;48,4067100000;2,2123700000;
202100018310.0;1;87;87085;2;9;2.0;7.0;45,8150200000;1,2698400000;
202100018311.0;1;86;86194;2;1;1.0;3.0;46,5879260000;0,3636680000;
202100018312.0;3;83;83137;2;1;1.0;7.0;43,1240826080;5,9648358822;
202100018313.0;1;83;83144;2;1;7.0;6.0;43,1429900000;5,9895200000;
202100018314.0;1;83;83129;2;1;1.0;6.0;43,0939180000;5,8391740000;
202100018315.0;5;77;77514;2;3;1.0;3.0;48,9405600000;2,6044100000;
202100018316.0;1;76;76366;1;1;1.0;1.0;49,5100982686;1,0230374336;
202100018317.0;2;71;71118;2;1;1.0;7.0;46,7961016400;4,8114015321;
202100018318.0;1;69;69282;2;1;1.0;6.0;45,7737300000;5,0046000000;
202100018319.0;1;69;69029;2;1;1.0;4.0;45,7494882088;4,9133080244;
202100018320.0;1;69;69266;2;1;1.0;6.0;45,7767254527;4,8754806203;
202100018321.0;1;67;67482;2;1;8.0;6.0;48,5802827452;7,7465656400;
202100018322.0;1;67;67482;2;1;1.0;6.0;48,5375400000;7,7605500000;
202100018323.0;1;67;67482;2;1;1.0;2.0;48,5838440065;7,7585437149;
202100018324.0;4;67;67447;2;1;1.0;6.0;48,6123800000;7,7082100000;
202100018325.0;1;67;67482;2;1;1.0;3.0;48,5599420000;7,7676540000;
202100018326.0;1;65;65440;2;1;1.0;4.0;43,2300000000;0,0600000000;
202100018327.0;5;64;64140;2;1;1.0;7.0;43,5279236170; -1,4688198341;
202100018328.0;1;62;62510;2;2;1.0;3.0;50,4403820000;2,7852850000;
202100018329.0;1;60;60159;2;6;1.0;3.0;49,4081200000;2,8223700000;
202100018330.0;1;60;60057;2;1;1.0;6.0;49,4295200000;2,0846100000;
202100018331.0;1;59;59279;2;1;1.0;3.0;50,7842400000;3,1305400000;
202100018332.0;5;59;59350;2;1;1.0;7.0;50,6361000000;3,0505700000;
202100018333.0;3;59;59360;2;1;1.0;1.0;50,6203200000;3,0216600000;
202100018334.0;5;59;59350;2;3;1.0;1.0;50,6272900000;3,1083100000;
202100018335.0;5;59;59350;2;2;1.0;3.0;50,6302447093;3,0566520989;
202100018336.0;1;59;59286;2;1;1.0;3.0;50,6113600000;2,9784800000;
202100018337.0;1;56;56121;2;1;1.0;6.0;47,7554500000; -3,3636200000;
202100018338.0;1;56;56083;2;1;1.0;6.0;47,8020800000; -3,2905200000;
202100018339.0;1;56;56036;1;1;1.0;2.0;47,7873200000; -3,3295300000;
202100018340.0;1;56;56121;2;1;1.0;3.0;47,7399800000; -3,3935400000;
202100018341.0;1;56;56121;2;6;1.0;3.0;47,7413200000; -3,3731900000;
202100018342.0;1;56;56162;2;1;1.0;3.0;47,7342000000; -3,4328300000;
202100018343.0;1;54;54547;2;1;1.0;1.0;48,6487400000;6,1467700000;
202100018344.0;2;54;54395;2;1;1.0;4.0;48,6966700000;6,1936800000;
202100018345.0;1;54;54395;2;1;1.0;6.0;48,6836100000;6,1747400000;
202100018346.0;1;53;53054;2;1;1.0;6.0;48,0967770000; -0,7729060000;
202100018347.0;1;51;51454;2;2;1.0;3.0;49,2763001741;4,0269988606;
202100018348.0;1;50;50602;2;2;1.0;3.0;49,6476100000; -1,5782400000;
202100018349.0;1;49;49007;2;1;1.0;6.0;47,4696720000; -0,5485870000;
202100018350.0;1;49;49007;2;1;1.0;6.0;47,4777800000; -0,5456900000;
202100018351.0;1;49;49007;2;2;1.0;3.0;47,4717200000; -0,6001600000;
202100018352.0;3;44;44184;1;1;1.0;4.0;47,2899700000; -2,2375900000;
202100018353.0;2;44;44109;2;1;1.0;2.0;47,2042600000; -1,5523700000;
202100018354.0;1;44;44162;2;1;1.0;2.0;47,2108700000; -1,6257900000;
202100018355.0;1;37;37122;2;1;1.0;6.0;47,3368878479;0,6532309439;
202100018356.0;2;37;37261;2;1;1.0;7.0;47,3615200000;0,7084600000;
202100018357.0;1;37;37261;2;1;1.0;6.0;47,3610013435;0,6970397200;
202100018358.0;5;37;37261;2;1;1.0;7.0;47,4359500000;0,7086200000;
202100018359.0;1;35;35238;2;2;1.0;2.0;48,0945100000; -1,6853600000;
202100018360.0;2;35;35238;2;1;1.0;6.0;48,1102400000; -1,6717800000;
202100018361.0;3;34;34172;2;1;1.0;6.0;43,5943700000;3,8352700000;
202100018362.0;5;33;33063;2;2;1.0;3.0;44,8449300000; -0,5705600000;
202100018363.0;1;33;33063;2;1;1.0;2.0;44,8590600000; -0,5524700000;
202100018364.0;1;33;33281;2;3;1.0;2.0;44,8437100000; -0,6728800000;
202100018365.0;1;31;31555;1;1;1.0;2.0;43,5978600000;1,3973400000;
202100018366.0;1;29;29232;2;1;2.0;6.0;47,9799600000; -4,1032700000;
202100018367.0;1;28;28134;2;1;7.0;6.0;48,7367900000;1,3461900000;
202100018368.0;1;28;28085;2;9;1.0;3.0;48,4336800000;1,5040800000;
202100018369.0;1;28;28085;2;3;1.0;2.0;48,4466000000;1,5210300000;
202100018370.0;1;27;27229;2;1;1.0;6.0;49,0251410000;1,1804320000;
202100018371.0;5;25;25462;2;6;1.0;3.0;46,9117200000;6,3476390000;
202100018372.0;1;25;25462;2;3;1.0;3.0;46,9179000000;6,3435600000;
202100018373.0;1;25;25462;1;1;1.0;1.0;46,9002700000;6,3397300000;
202100018374.0;5;25;25056;2;1;1.0;3.0;47,2391600000;6,0223600000;
202100018375.0;1;25;25056;2;1;1.0;2.0;47,2327100000;5,9824500000;
202100018376.0;1;25;25056;2;1;1.0;6.0;47,2279600000;5,9843200000;
202100018377.0;1;17;17200;2;1;1.0;3.0;46,1780400000; -1,1533600000;
202100018378.0;5;14;14118;2;1;1.0;3.0;49,1822500000; -0,3596600000;
202100018379.0;5;13;13209;2;3;1.0;3.0;43,2501698070;5,3960508176;
202100018380.0;1;13;13213;2;1;1.0;3.0;43,3266836674;5,4225641386;
202100018381.0;1;13;13207;2;1;1.0;1.0;43,2900000000;5,3600000000;
202100018382.0;1;13;13205;2;3;1.0;2.0;43,2931752928;5,3890435143;
202100018383.0;1;13;13047;1;1;1.0;2.0;43,4957635122;4,9735618770;
202100018384.0;1;13;13005;2;2;8.0;3.0;43,2954400000;5,5697100000;
202100018385.0;1;10;10362;2;1;1.0;1.0;48,2979900000;4,0404700000;
202100018386.0;5;06;06088;2;1;1.0;1.0;43,7056060000;7,2561060000;
202100018387.0;1;06;06069;2;2;1.0;3.0;43,6621800000;6,9342500000;
202100018388.0;1;06;06069;2;1;1.0;3.0;43,6475380000;6,9132570000;
202100018389.0;1;06;06029;2;1;1.0;6.0;43,5558390000;7,0242320000;
202100018390.0;1;05;05061;2;1;3.0;2.0;44,5720910000;6,0866750000;
202100018391.0;5;05;05061;2;6;2.0;6.0;44,5654600000;6,0927600000;
202100018392.0;1;75;75119;2;1;1.0;5.0;48,9006150000;2,3724800000;
202100018393.0;1;75;75114;2;1;2.0;7.0;48,8249360000;2,3034770000;
202100018394.0;1;75;75116;2;1;1.0;7.0;48,8379150000;2,2548380000;
202100018395.0;1;75;75110;2;2;1.0;6.0;48,8712440000;2,3701380000;
202100018396.0;5;75;75112;2;2;1.0;3.0;48,8486310000;2,3725420000;
202100018397.0;5;75;75119;2;4;1.0;1.0;48,8831040000;2,3880620000;
202100018398.0;5;75;75119;2;3;1.0;6.0;48,8830969818;2,3714511581;
202100018399.0;5;75;75117;2;3;1.0;3.0;48,8845370000;2,3269830000;
202100018400.0;1;75;75117;2;3;1.0;1.0;48,8865050000;2,2928610000;
202100018401.0;1;75;75117;2;2;1.0;3.0;48,8975800000;2,3241490000;
202100018402.0;1;75;75117;2;4;1.0;6.0;48,8805600000;2,3095430000;
202100018403.0;5;75;75116;2;3;1.0;3.0;48,8366320000;2,2636950000;
202100018404.0;1;75;75116;2;4;1.0;1.0;48,8395749791;2,2626918162;
202100018405.0;5;75;75114;2;1;1.0;2.0;48,8238080000;2,3090540000;
202100018406.0;1;75;75113;2;3;1.0;2.0;48,8326930000;2,3782800000;
202100018407.0;1;75;75112;2;2;1.0;3.0;48,8316580000;2,3978610000;
202100018408.0;1;75;75111;2;2;1.0;3.0;48,8506690000;2,3944930000;
202100018409.0;1;75;75101;2;2;1.0;2.0;48,8694070000;2,3252040000;
202100018410.0;5;94;94067;2;1;1.0;6.0;48,8418310000;2,4250580000;
202100018411.0;1;94;94078;2;2;1.0;3.0;48,7400600000;2,4497500000;
202100018412.0;1;94;94044;2;6;1.0;3.0;48,7424700000;2,4911900000;
202100018413.0;1;94;94068;2;1;1.0;6.0;48,7930400000;2,5157900000;
202100018414.0;5;94;94078;2;1;1.0;6.0;48,7232710000;2,4441350000;
202100018415.0;1;94;94033;2;3;1.0;2.0;48,8450000000;2,4572000000;
202100018416.0;1;94;94028;1;1;1.0;2.0;48,7647343039;2,4621159033;