Num_Acc;lum;departement;commune;agglomeration;intersection;meteo;type_collision;lat;long;date
202100020390.0;1;38;38410;1;3;1.0;2.0;45,0817600000;5,1756520000;
202100020391.0;1;03;03155;1;1;7.0;3.0;46,7039620000;2,9208340000;
202100020392.0;2;72;72013;1;2;1.0;3.0;47,6740900000;0,2217700000;
202100020393.0;2;50;50082;2;2;1.0;1.0;49,4700140000; -1,6410510000;
202100020394.0;1;50;50639;1;1;1.0;4.0;48,8477730000; -1,2135490000;
202100020395.0;1;43;43010;1;1;1.0;2.0;44,9719330498;3,9653534077;
202100020396.0;1;10;10334;1;1;1.0;5.0;48,5002162885;3,5505714425;
202100020397.0;1;24;24249;1;1;1.0;1.0;44,9627990000;0,9732730000;
202100020398.0;1;24;24577;1;1;1.0;3.0;44,8212540000;1,1566560000;
202100020399.0;1;28;28280;2;7;1.0;6.0;48,3213430000;0,8218070000;
202100020400.0;1;37;37132;2;6;1.0;6.0;47,1323594491;0,9831905365;
202100020401.0;1;52;52550;2;3;1.0;6.0;48,4917240000;4,9485660000;
202100020402.0;2;72;72168;1;1;1.0;7.0;48,0105830000; -0,1477360000;
202100020403.0;4;06;06027;1;1;1.0;6.0;43,6635250000;7,1759610000;
202100020404.0;2;07;07324;1;3;1.0;3.0;45,0646870000;4,7903610000;
202100020405.0;3;34;34022;1;1;1.0;6.0;43,6623200000;4,0024230000;
202100020406.0;3;21;21436;1;1;1.0;7.0;47,0379891000;5,0598050000;
202100020407.0;2;38;38449;1;1;1.0;5.0;45,6263740000;5,0805330000;
202100020408.0;2;69;69252;1;1;1.0;6.0;45,5246040000;4,6950650000;
202100020409.0;3;33;33214;1;1;1.0;6.0;44,9546400000; -1,0149260000;
202100020410.0;1;78;78030;1;1;1.0;3.0;48,6948260000;1,9076410000;
202100020411.0;1;2B;2B042;2;1;1.0;3.0;42,5541810000;9,4416900000;
202100020412.0;1;30;30139;1;1;1.0;6.0;44,1388870000;3,4052040000;
202100020413.0;1;34;34272;2;3;1.0;1.0;43,6530620000;4,1142080000;
202100020414.0;1;34;34022;1;1;1.0;2.0;43,6602750000;4,0223750000;
202100020415.0;1;05;05091;1;1;1.0;7.0;44,3972940000;5,5013930000;
202100020416.0;4;10;10091;2;1;1.0;6.0;48,5058430000;4,2690860000;
202100020417.0;1;68;68217;2;8;1.0;1.0;47,8611430000;7,0505510000;
202100020418.0;1;63;63077;2;1;1.0;7.0;45,5760090000;2,9222880000;
202100020419.0;3;74;74094;1;1;1.0;6.0;46,1764580000;6,3033200000;
202100020420.0;1;44;44209;1;6;1.0;3.0;47,2808380000; -1,5916340000;
202100020421.0;1;26;26169;1;2;1.0;3.0;44,4865250000;4,7421030000;
202100020422.0;1;69;69190;1;1;1.0;5.0;45,7643310000;4,6967680000;
202100020423.0;3;17;17019;1;1;1.0;7.0;46,2158140000; -1,5180200000;
202100020424.0;1;47;47157;2;1;1.0;6.0;44,5025470000;0,1673700000;
202100020425.0;1;14;14663;2;1;1.0;3.0;49,2742590000; -0,6860980000;
202100020426.0;2;22;22118;1;1;1.0;1.0;48,4600030000; -2,0174930000;
202100020427.0;5;60;60104;2;1;1.0;6.0;49,6408030000;2,2775870000;
202100020428.0;1;13;13071;1;1;1.0;4.0;43,4141000000;5,3648100000;
202100020429.0;1;13;13106;1;1;1.0;3.0;43,3907000000;5,3509500000;
202100020430.0;1;13;13055;1;1;1.0;3.0;43,2890900000;5,4247300000;
202100020431.0;1;77;77251;1;1;1.0;4.0;48,6248000000;2,5407000000;
202100020432.0;1;91;91617;1;1;1.0;2.0;48,6315560000;2,5161740000;
202100020433.0;3;91;91161;1;1;1.0;7.0;48,7070000000;2,3060000000;
202100020434.0;1;92;92025;1;1;1.0;3.0;48,9354125442;2,2611899740;
202100020435.0;1;93;93029;1;1;1.0;2.0;48,9186700000;2,4284900000;
202100020436.0;1;95;95582;1;1;1.0;2.0;48,9644300000;2,2686700000;
202100020437.0;1;92;92036;1;1;1.0;2.0;48,9491789807;2,2803631759;
202100020438.0;3;93;93066;1;1;1.0;6.0;48,9306200000;2,3668400000;
202100020439.0;1;93;93010;1;1;1.0;5.0;48,9026600000;2,4708600000;
202100020440.0;1;93;93010;1;1;1.0;3.0;48,9154600000;2,4776400000;
202100020441.0;1;77;77373;1;1;1.0;4.0;48,8021000000;2,6261200000;
202100020442.0;1;77;77146;1;1;1.0;2.0;48,8316900000;2,6483100000;
202100020443.0;1;94;94017;1;1;1.0;3.0;48,8278500000;2,5059100000;
202100020444.0;1;44;44164;1;1;1.0;3.0;47,0992120000; -1,8494800000;
202100020445.0;1;14;14366;2;1;1.0;6.0;49,1406200000;0,2271800000;
202100020446.0;1;14;14366;2;3;1.0;2.0;49,1328600000;0,2363470000;
202100020447.0;1;14;14574;1;2;1.0;3.0;49,1498500000;0,2049300000;
202100020448.0;1;62;62528;2;1;1.0;7.0;50,4564980000;2,7896850000;
202100020449.0;5;62;62119;2;9;1.0;6.0;50,5254900000;2,6545930000;
202100020450.0;1;95;95680;2;1;1.0;3.0;49,0052150000;2,4003180000;
202100020451.0;1;95;95288;2;1;1.0;2.0;48,9856433742;2,3426038027;
202100020452.0;5;95;95598;2;3;2.0;3.0;48,9906139158;2,2898125648;
202100020453.0;1;59;59328;2;1;2.0;2.0;50,6437270000;3,0345800000;
202100020454.0;1;59;59178;2;1;8.0;6.0;50,3719100000;3,0886200000;
202100020455.0;1;59;59350;2;1;7.0;6.0;50,6370500000;3,0636200000;
202100020456.0;1;59;59328;2;1;1.0;3.0;50,6472500000;3,0193400000;
202100020457.0;1;59;59378;2;3;1.0;1.0;50,6715400000;3,0775300000;
202100020458.0;1;59;59350;2;1;1.0;6.0;50,6207584915;3,0658380329;
202100020459.0;5;59;59350;2;1;1.0;6.0;50,6269200000;3,0309600000;
202100020460.0;1;59;59286;2;1;1.0;3.0;50,6118500000;2,9992100000;
202100020461.0;1;59;59350;2;2;1.0;3.0;50,6258800000;3,0516300000;
202100020462.0;1;59;59378;2;1;1.0;3.0;50,6631640000;3,0986130000;
202100020463.0;1;59;59566;2;2;1.0;3.0;50,6232200000;2,9872000000;
202100020464.0;5;59;59350;2;2;1.0;6.0;50,6260930000;3,1056410000;
202100020465.0;1;59;59350;2;3;1.0;3.0;50,6335800000;3,0503300000;
202100020466.0;5;59;59350;2;7;1.0;5.0;50,6366600000;3,0528900000;
202100020467.0;2;59;59350;2;3;1.0;3.0;50,6124600000;3,0466800000;
202100020468.0;1;59;59360;2;1;2.0;3.0;50,6156560000;3,0201300000;
202100020469.0;1;59;59378;1;2;1.0;3.0;50,6795200000;3,1148000000;
202100020470.0;1;59;59378;2;6;1.0;3.0;50,6536900000;3,1096300000;
202100020471.0;1;59;59368;2;1;1.0;6.0;50,6559970000;3,0738920000;
202100020472.0;1;69;69256;2;1;1.0;6.0;45,7855900000;4,9240500000;
202100020473.0;1;68;68271;2;1;2.0;6.0;47,7472100000;7,3581000000;
202100020474.0;1;54;54547;2;1;1.0;3.0;48,6669500000;6,1651300000;
202100020475.0;1;37;37214;2;6;1.0;7.0;47,4245015794;0,6593888998;
202100020476.0;1;26;26362;2;9;1.0;6.0;44,9422160000;4,9180290000;
202100020477.0;1;26;26198;2;1;1.0;4.0;44,5336900000;4,7334100000;
202100020478.0;1;988;98818;2;3;1.0;1.0; -22,2229400000;166,4812300000;
202100020479.0;5;69;69259;2;1;1.0;6.0;45,6954100000;4,8751800000;
202100020480.0;1;69;69259;2;1;1.0;6.0;45,7105700000;4,8833340000;
202100020481.0;1;69;69259;2;1;1.0;2.0;45,7168311113;4,8557800055;
202100020482.0;1;69;69388;2;2;1.0;6.0;45,7456400000;4,8642100000;
202100020483.0;1;972;97209;1;9;1.0;2.0;14,5974210000; -61,0435790000;
202100020484.0;1;69;69384;2;2;1.0;3.0;45,7795400000;4,8274800000;
202100020485.0;1;69;69385;2;1;1.0;2.0;45,7565377167;4,7983662082;
202100020486.0;1;69;69381;2;1;1.0;6.0;45,7719300000;4,8372400000;
202100020487.0;1;2B;2B120;2;1;1.0;2.0;42,6500000000;9,4400000000;
202100020488.0;1;95;95598;2;1;7.0;6.0;48,9940548082;2,2942728164;
202100020489.0;3;95;95476;1;1;2.0;3.0;49,0579911101;2,0352762938;
202100020490.0;1;91;91425;2;3;1.0;3.0;48,6403200000;2,2748300000;
202100020491.0;1;91;91027;2;9;1.0;3.0;48,7080300000;2,3799100000;
202100020492.0;1;91;91223;1;1;1.0;4.0;48,4424000000;2,1329100000;
202100020493.0;1;87;87085;2;1;1.0;6.0;45,8413200000;1,2581900000;
202100020494.0;1;86;86066;1;1;7.0;1.0;46,8234830000;0,5976240000;
202100020495.0;1;79;79081;1;1;1.0;2.0;46,3410800000; -0,3911400000;
202100020496.0;5;76;76351;2;4;1.0;6.0;49,5003100000;0,1267600000;
202100020497.0;1;76;76351;2;6;1.0;3.0;49,4915100000;0,1322900000;
202100020498.0;5;76;76351;2;1;1.0;6.0;49,5064000000;0,0999800000;
202100020499.0;1;76;76351;2;1;1.0;3.0;49,5125800000;0,1579000000;
202100020500.0;1;72;72181;2;1;1.0;6.0;47,9810950000;0,2155493000;
202100020501.0;1;72;72181;1;1;1.0;4.0;48,0190000000;0,1700000000;
202100020502.0;1;69;69256;2;8;7.0;5.0;45,7628500000;4,9293500000;
202100020503.0;5;67;67482;2;3;1.0;3.0;48,5559400000;7,7715700000;
202100020504.0;2;66;66136;2;1;1.0;3.0;42,6907826186;2,8747966996;
202100020505.0;1;66;66136;2;1;1.0;6.0;42,6928400000;2,8859000000;
202100020506.0;1;64;64129;2;1;1.0;6.0;43,3174300000; -0,3783400000;
202100020507.0;5;64;64102;2;1;1.0;4.0;43,4839300000; -1,4996800000;
202100020508.0;1;64;64102;2;1;1.0;4.0;43,4836800000; -1,5002500000;
202100020509.0;1;64;64024;2;3;1.0;3.0;43,5142000000; -1,5006700000;
202100020510.0;1;61;61117;2;9;1.0;6.0;48,4327000000;0,0626400000;
202100020511.0;1;59;59650;2;1;1.0;3.0;50,7240342957;3,1911849976;
202100020512.0;2;59;59650;2;5;1.0;3.0;50,7079700000;3,1866200000;
202100020513.0;3;59;59350;2;1;1.0;6.0;50,6304700000;3,0562700000;
202100020514.0;1;59;59350;2;1;1.0;6.0;50,6205900000;3,0656600000;
202100020515.0;1;51;51454;2;2;1.0;3.0;49,2752395695;4,0203111793;
202100020516.0;1;50;50532;2;6;1.0;3.0;48,7950700000; -1,5653900000;
202100020517.0;1;50;50129;2;2;1.0;3.0;49,6382100000; -1,6253100000;
202100020518.0;4;50;50602;2;2;1.0;1.0;49,6475700000; -1,5782300000;
202100020519.0;1;50;50602;1;1;1.0;6.0;49,6504100000; -1,5535300000;
202100020520.0;1;49;49007;2;1;1.0;3.0;47,4454160000; -0,5701470000;
202100020521.0;1;49;49007;2;1;1.0;6.0;47,4599900000; -0,5585900000;
202100020522.0;1;49;49007;2;1;1.0;6.0;47,4708500000; -0,5534000000;
202100020523.0;1;49;49007;2;1;1.0;7.0;47,4679500000; -0,5509100000;
202100020524.0;1;49;49007;2;1;1.0;7.0;47,4522400000; -0,5535900000;
202100020525.0;1;45;45234;2;1;1.0;2.0;47,9053700000;1,9203600000;
202100020526.0;1;42;42207;2;9;1.0;6.0;45,4744500000;4,5142900000;
202100020527.0;1;42;42127;2;1;1.0;3.0;46,0583832439;4,0610931069;
202100020528.0;1;38;38185;2;1;1.0;3.0;45,1796900000;5,7421500000;
202100020529.0;1;38;38179;2;1;1.0;3.0;45,1877483367;5,8073335370;
202100020530.0;1;37;37122;2;1;1.0;2.0;47,3407500000;0,6584200000;
202100020531.0;1;37;37261;2;1;1.0;6.0;47,3920007984;0,6995527634;
202100020532.0;3;37;37122;1;1;1.0;6.0;47,3417968407;0,6418924370;
202100020533.0;1;37;37261;2;1;1.0;6.0;47,3941914403;0,6671223512;
202100020534.0;1;35;35238;2;1;1.0;2.0;48,1204041235; -1,6507771235;
202100020535.0;1;35;35238;2;1;1.0;2.0;48,1062600000; -1,6674400000;
202100020536.0;1;35;35238;2;1;1.0;2.0;48,0947032013; -1,6361411580;
202100020537.0;1;33;33529;1;1;1.0;2.0;44,5995000000; -1,1872000000;
202100020538.0;5;31;31557;2;6;1.0;3.0;43,5778660000;1,3271370000;
202100020539.0;1;31;31555;2;1;1.0;1.0;43,5984800000;1,4184600000;
202100020540.0;1;31;31555;2;1;1.0;6.0;43,6311280000;1,4495620000;
202100020541.0;2;31;31555;2;1;1.0;2.0;43,5625043982;1,4925944807;
202100020542.0;2;30;30189;2;1;1.0;1.0;43,8212800000;4,3237400000;
202100020543.0;1;30;30028;1;1;1.0;5.0;44,1470700000;4,6565200000;
202100020544.0;1;27;27229;2;6;1.0;5.0;49,0203696000;1,1819226900;
202100020545.0;5;25;25056;2;6;1.0;3.0;47,2446700000;5,9820400000;
202100020546.0;5;21;21231;2;3;1.0;6.0;47,3351135339;5,0544815429;
202100020547.0;5;21;21231;2;3;1.0;1.0;47,3388300000;5,0490900000;
202100020548.0;1;18;18033;2;1;1.0;3.0;47,0942990000;2,4120730000;
202100020549.0;1;14;14221;1;1;1.0;4.0;49,1735200000; -0,2643500000;
202100020550.0;1;13;13004;2;9;1.0;6.0;43,6612600000;4,6525800000;
202100020551.0;1;09;09013;1;1;1.0;6.0;42,9755440000;1,6225010000;
202100020552.0;1;09;09122;2;1;1.0;2.0;42,9640750000;1,6081380000;
202100020553.0;1;06;06088;2;1;1.0;6.0;43,6922400000;7,1999300000;
202100020554.0;1;06;06029;2;1;1.0;6.0;43,5499300000;6,9685840000;
202100020555.0;2;05;05061;2;1;1.0;1.0;44,5721700000;6,0975600000;
202100020556.0;1;75;75106;2;3;1.0;3.0;48,8415450000;2,3311440000;
202100020557.0;1;75;75118;2;2;1.0;6.0;48,8903050000;2,3598810000;
202100020558.0;5;75;75118;2;7;1.0;2.0;48,8863630000;2,3475860000;
202100020559.0;5;75;75116;2;2;1.0;3.0;48,8721950000;2,2847150000;
202100020560.0;5;75;75115;2;2;1.0;3.0;48,8496010000;2,2861610000;
202100020561.0;1;75;75115;2;2;1.0;3.0;48,8345800000;2,2669370000;
202100020562.0;1;75;75107;2;1;1.0;6.0;48,8518900000;2,2997610000;
202100020563.0;1;75;75115;2;2;1.0;3.0;48,8546170000;2,2888520000;
202100020564.0;5;75;75114;2;3;1.0;6.0;48,8313660000;2,3299000000;
202100020565.0;1;75;75113;2;2;1.0;6.0;48,8332660000;2,3568280000;
202100020566.0;1;75;75113;2;1;1.0;7.0;48,8258690000;2,3515480000;
202100020567.0;5;75;75113;2;2;1.0;6.0;48,8375990000;2,3736620000;
202100020568.0;1;75;75113;2;7;1.0;6.0;48,8358720000;2,3598430000;
202100020569.0;1;75;75112;2;4;1.0;3.0;48,8443130000;2,4424010000;
202100020570.0;1;75;75112;2;2;1.0;3.0;48,8466300000;2,3767150000;
202100020571.0;1;75;75111;2;5;1.0;3.0;48,8504170000;2,3925760000;
202100020572.0;1;75;75107;2;1;1.0;7.0;48,8603020000;2,3270490000;
202100020573.0;1;75;75104;2;3;1.0;6.0;48,8557200000;2,3589810000;
202100020574.0;2;94;94078;2;2;1.0;1.0;48,7463600000;2,4465600000;
202100020575.0;1;94;94055;2;4;1.0;2.0;48,7905760326;2,5515559316;
202100020576.0;1;94;94042;2;2;1.0;3.0;48,8228500000;2,4725000000;
202100020577.0;1;94;94041;2;1;1.0;2.0;48,8093690000;2,3855660000;
202100020578.0;1;94;94060;1;1;1.0;2.0;48,7882703894;2,5616382335;
202100020579.0;1;94;94004;2;1;1.0;6.0;48,7500100000;2,5050200000;
202100020580.0;3;94;94002;2;1;1.0;1.0;48,8042200000;2,4199800000;
202100020581.0;1;93;93064;2;1;1.0;2.0;48,8780239770;2,4875732660;
202100020582.0;1;93;93079;2;9;1.0;3.0;48,9547700000;2,3341420000;
202100020583.0;1;93;93031;2;1;1.0;1.0;48,9492950156;2,3292088509;
202100020584.0;1;93;93031;2;1;1.0;2.0;48,9519200000;2,3131400000;
202100020585.0;1;93;93027;2;2;1.0;3.0;48,9261300000;2,3966600000;
202100020586.0;1;93;93027;2;3;1.0;3.0;48,9229600000;2,4070500000;
202100020587.0;5;93;93010;2;9;1.0;3.0;48,8980360000;2,4806120000;
202100020588.0;5;93;93008;2;9;1.0;2.0;48,9071578555;2,4294239026;
202100020589.0;1;93;93008;2;3;1.0;3.0;48,9057380000;2,4651520000;
202100020590.0;1;93;93001;1;1;1.0;1.0;48,9082827046;2,3766517639;
202100020591.0;1;92;92078;2;3;1.0;6.0;48,9377924396;2,3242799389;
202100020592.0;1;92;92050;2;5;1.0;3.0;48,8865100000;2,2090100000;
202100020593.0;1;92;92049;2;3;1.0;3.0;48,8170679473;2,3314341194;
202100020594.0;1;92;92040;2;3;1.0;2.0;48,8297358630;2,2673793102;
202100020595.0;1;92;92025;2;1;1.0;2.0;48,9262395601;2,2472056746;
202100020596.0;5;75;75117;2;2;1.0;6.0;48,8966583837;2,3095630109;
202100020597.0;1;92;92012;2;1;1.0;5.0;48,8339660356;2,2447070596;
202100020598.0;1;80;80009;1;1;1.0;2.0;50,0740260000;1,9732480000;
202100020599.0;1;41;41262;1;1;7.0;6.0;47,5432850000;1,5348000000;
202100020600.0;2;49;49355;1;3;1.0;6.0;47,1451310000; -0,8232880000;
202100020601.0;1;31;31082;1;1;1.0;1.0;43,5972230000;1,6979350000;
202100020602.0;1;01;01075;1;1;1.0;1.0;46,0565190000;4,8195540000;
202100020603.0;1;67;67202;2;1;1.0;4.0;48,7573880000;7,5706580000;
202100020604.0;1;58;58086;1;1;1.0;2.0;47,3739710000;2,9223740000;
202100020605.0;1;08;08397;1;1;1.0;7.0;49,3999150000;4,2445420000;
202100020606.0;1;71;71443;2;1;7.0;6.0;46,9389490000;4,9048160000;
202100020607.0;1;30;30191;1;1;1.0;3.0;44,1401340000;4,6644260000;
202100020608.0;1;59;59384;1;1;1.0;7.0;50,1192060000;3,7405120000;
202100020609.0;1;19;19023;1;1;1.0;6.0;45,1243179131;1,7562074661;
202100020610.0;1;76;76488;1;2;1.0;2.0;49,7819400000;0,5839280000;
202100020611.0;1;76;76304;2;3;7.0;3.0;49,6514770000;0,4358210000;
202100020612.0;1;76;76383;1;1;1.0;3.0;49,7467030000;0,9613360000;
202100020613.0;1;24;24020;1;9;1.0;4.0;45,1513110000;1,1675440000;
202100020614.0;1;33;33394;2;3;1.0;3.0;44,8967640000; -0,1526180000;
202100020615.0;1;11;11065;1;1;1.0;6.0;42,8699810000;2,4158430000;
202100020616.0;1;11;11018;1;1;8.0;6.0;43,2091170000;2,1873520000;
202100020617.0;1;63;63443;2;1;1.0;6.0;45,9427800000;3,1820420000;
202100020618.0;1;63;63096;2;2;1.0;7.0;45,7487270000;3,3011880000;
202100020619.0;1;63;63296;1;1;1.0;6.0;45,7752310000;3,3828020000;
202100020620.0;1;76;76192;2;3;1.0;6.0;50,0166310000;1,3187380000;
202100020621.0;1;61;61484;1;1;7.0;2.0;48,2543130000;0,6998850000;
202100020622.0;1;46;46273;2;1;1.0;2.0;44,8690020000;1,8751240000;
202100020623.0;1;47;47252;1;3;1.0;5.0;44,3849930000;0,5798560000;
202100020624.0;1;34;34142;1;1;1.0;5.0;43,7307120000;3,2821120000;
202100020625.0;1;29;29049;1;1;1.0;5.0;48,0294560000; -3,9012410000;
202100020626.0;1;29;29266;1;1;1.0;6.0;48,5186209129; -3,9284492980;
202100020627.0;5;38;38519;2;1;1.0;6.0;45,6074980000;5,0379210000;
202100020628.0;1;38;38422;1;9;1.0;3.0;45,1541250000;5,8727070000;
202100020629.0;1;70;70205;1;1;1.0;1.0;47,6557870000;6,7295710000;
202100020630.0;1;58;58115;1;9;1.0;2.0;46,8279980000;3,3369950000;
202100020631.0;1;14;14455;1;1;1.0;6.0;48,9800060000; -0,3570660000;
202100020632.0;2;14;14731;1;1;8.0;1.0;49,3130790000;0,0470190000;
202100020633.0;1;50;50568;1;1;1.0;6.0;49,0034520000; -1,4269190000;
202100020634.0;1;50;50215;2;1;1.0;3.0;49,0926450000; -1,5734210000;
202100020635.0;2;83;83012;2;1;1.0;5.0;43,5593138271;6,0122444819;
202100020636.0;3;64;64256;1;1;1.0;7.0;43,3816410000; -1,3146250000;
202100020637.0;1;73;73298;2;1;1.0;7.0;45,6485920000;6,4393910000;
202100020638.0;3;53;53012;1;1;1.0;7.0;47,8927300000; -0,9529860000;
202100020639.0;1;21;21505;1;2;1.0;3.0;47,4052920000;4,3310380000;
202100020640.0;1;24;24396;1;1;1.0;7.0;44,8908590000;1,0109460000;
202100020641.0;1;28;28232;1;1;1.0;3.0;48,5336650000;0,9341650000;
202100020642.0;1;17;17382;2;1;1.0;6.0;46,1708190000; -0,6935870000;
202100020643.0;1;30;30133;1;6;1.0;7.0;43,5655000000;4,1244000000;
202100020644.0;1;35;35275;1;1;1.0;6.0;48,1697060000; -1,8805500000;
202100020645.0;1;13;13037;1;1;1.0;1.0;43,5438280000;5,1862120000;
202100020646.0;1;44;44096;1;1;1.0;1.0;47,4143130000; -1,1893720000;
202100020647.0;3;971;97129;1;3;3.0;3.0;16,2949760000; -61,6707740000;
202100020648.0;1;91;91661;2;9;1.0;3.0;48,7003290000;2,2643530000;
202100020649.0;1;13;13015;1;1;1.0;4.0;43,4475130000;5,4439830000;
202100020650.0;1;57;57535;1;1;1.0;7.0;49,0538560000;7,3388300000;
202100020651.0;1;57;57679;1;1;1.0;2.0;49,0884260000;6,6177180000;
202100020652.0;1;38;38344;2;1;1.0;6.0;45,3646820000;4,8003820000;
202100020653.0;1;69;69157;1;1;1.0;7.0;45,8838830417;4,4808313251;
202100020654.0;5;17;17051;1;1;1.0;7.0;46,1806770000; -1,3787470000;
202100020655.0;1;33;33483;2;1;1.0;3.0;44,8954280000; -0,3624160000;
202100020656.0;3;33;33487;1;4;1.0;6.0;44,9718290000; -0,4795870000;
202100020657.0;5;72;72154;2;1;1.0;6.0;47,6971300000; -0,0670100000;
202100020658.0;1;35;35191;1;1;1.0;1.0;48,4538830000; -1,3122980000;
202100020659.0;1;60;60589;2;9;1.0;3.0;49,2378740000;2,4717520000;
202100020660.0;1;80;80685;2;1;1.0;6.0;49,6982580000;2,7925260000;
202100020661.0;1;62;62746;2;1;1.0;2.0;50,6773030000;1,6344880000;
202100020662.0;2;57;57433;1;1;1.0;7.0;49,2000000000;6,1700000000;
202100020663.0;1;91;91534;1;1;1.0;2.0;48,7381500000;2,1782200000;
202100020664.0;3;78;78640;1;1;1.0;6.0;48,7765300000;2,2212900000;
202100020665.0;1;94;94069;1;1;1.0;3.0;48,8173109429;2,4424371778;
202100020666.0;1;94;94069;1;1;1.0;2.0;48,8173109429;2,4424371778;
202100020667.0;1;94;94033;1;1;1.0;3.0;48,8501083080;2,4903935051;
202100020668.0;1;62;62525;2;3;1.0;6.0;50,7392980000;2,2643667000;
202100020669.0;1;03;03185;2;1;1.0;6.0;46,3200000000;2,5900000000;
202100020670.0;1;988;98818;2;2;2.0;2.0; -22,2809600000;166,4432700000;
202100020671.0;1;976;97611;2;1;1.0;7.0; -12,7851900000;45,2276200000;
202100020672.0;5;69;69388;2;1;1.0;7.0;45,7430000000;4,8598300000;
202100020673.0;2;972;97213;1;1;1.0;7.0;14,6118300000; -60,9619000000;
202100020674.0;5;972;97213;2;1;1.0;2.0;14,6114740000; -61,0075380000;
202100020675.0;1;972;97209;1;1;1.0;2.0;14,6165600000; -61,0587600000;
202100020676.0;5;972;97209;2;1;1.0;1.0;14,6023160000; -61,0568540000;
202100020677.0;1;69;69152;2;1;1.0;2.0;45,7019000000;4,8218700000;
202100020678.0;5;69;69034;2;1;1.0;6.0;45,7896540503;4,8579686880;
202100020679.0;1;971;97113;1;3;1.0;3.0;16,2106900000; -61,4416700000;
202100020680.0;1;91;91215;2;1;1.0;6.0;48,6919700000;2,5145400000;
202100020681.0;1;83;83090;1;1;1.0;7.0;43,1221405615;5,8422696590;
202100020682.0;1;83;83062;2;1;1.0;6.0;43,1294530000;6,0256330000;
202100020683.0;1;76;76026;1;9;1.0;3.0;49,8765344824;1,1383992434;
202100020684.0;5;69;69256;2;3;1.0;6.0;45,7646551808;4,9192491174;
202100020685.0;5;69;69256;2;1;1.0;6.0;45,7772500000;4,9250100000;
202100020686.0;1;69;69264;2;1;1.0;4.0;45,9923000000;4,7150500000;
202100020687.0;1;65;65417;2;3;1.0;3.0;43,2323000000;0,1054000000;
202100020688.0;4;64;64122;2;1;1.0;7.0;43,4649100000; -1,5351600000;
202100020689.0;5;51;51108;2;1;1.0;1.0;48,9547478607;4,3531281921;
202100020690.0;5;45;45208;2;9;1.0;3.0;47,9987200000;2,7431800000;
202100020691.0;1;45;45004;2;1;1.0;6.0;47,9772829841;2,7366634011;
202100020692.0;5;33;33063;2;2;1.0;6.0;44,8294000000; -0,5550830000;
202100020693.0;5;33;33039;2;2;1.0;1.0;44,7969390000; -0,5559080000;
202100020694.0;1;33;33529;1;1;1.0;6.0;44,6313500000; -1,1564300000;
202100020695.0;1;29;29232;2;3;1.0;4.0;47,9711900000; -4,0641400000;
202100020696.0;5;29;29232;2;1;5.0;6.0;47,9827200000; -4,0889800000;
202100020697.0;1;29;29039;2;1;1.0;6.0;47,8703781488; -3,9087488477;
202100020698.0;5;28;28085;2;2;1.0;3.0;48,4395900000;1,4820700000;
202100020699.0;1;28;28218;2;9;8.0;7.0;48,4410949041;1,4631236096;
202100020700.0;1;25;25462;2;1;7.0;5.0;46,8936300000;6,3644800000;
202100020701.0;5;25;25056;2;4;1.0;6.0;47,2546980000;6,0394360000;
202100020702.0;1;22;22113;1;1;1.0;2.0;48,7472000000; -3,4471600000;
202100020703.0;1;18;18279;2;1;1.0;3.0;47,2159600000;2,0650600000;
202100020704.0;1;15;15014;2;2;1.0;3.0;44,9127200000;2,4418500000;
202100020705.0;1;13;13203;2;2;1.0;3.0;43,3149676465;5,3878743789;
202100020706.0;1;13;13047;2;1;7.0;6.0;43,4946724088;4,9758790533;
202100020707.0;1;13;13070;2;1;1.0;7.0;43,2853900000;5,5166300000;
202100020708.0;1;13;13004;2;1;1.0;1.0;43,6658150622;4,6345687635;
202100020709.0;1;10;10362;2;2;1.0;6.0;48,2895100000;4,0466600000;
202100020710.0;1;06;06030;2;1;1.0;3.0;43,5652820000;7,0128560000;
202100020711.0;5;75;75106;2;2;2.0;2.0;48,8439490000;2,3389690000;
202100020712.0;1;75;75118;2;1;1.0;4.0;48,8829880000;2,3357730000;
202100020713.0;1;75;75117;2;2;1.0;3.0;48,8896850000;2,3217000000;
202100020714.0;5;75;75116;2;2;2.0;3.0;48,8386833532;2,2539836168;
202100020715.0;1;75;75107;2;2;1.0;6.0;48,8590340000;2,2933460000;
202100020716.0;5;75;75115;2;2;2.0;3.0;48,8493860000;2,2946320000;
202100020717.0;5;75;75113;2;3;1.0;6.0;48,8180440000;2,3628111000;
202100020718.0;1;75;75112;2;2;1.0;3.0;48,8351860000;2,3873400000;