Num_Acc;lum;departement;commune;agglomeration;intersection;meteo;type_collision;lat;long;date
202100021376.0;1;77;77382;1;1;1.0;6.0;48,9076280000;2,8884150000;
202100021377.0;5;77;77183;2;1;1.0;7.0;48,9401700000;3,1210300000;
202100021378.0;3;78;78263;1;1;8.0;5.0;48,7982600000;1,7169080000;
202100021379.0;1;83;83119;2;1;1.0;6.0;43,2692490000;6,6356670000;
202100021380.0;1;68;68185;1;1;1.0;3.0;48,2676260000;7,3134610000;
202100021381.0;1;03;03298;2;1;1.0;6.0;46,3141090000;3,4010090000;
202100021382.0;1;74;74127;1;1;8.0;6.0;46,3561820000;6,5773960000;
202100021383.0;1;38;38449;2;6;1.0;3.0;45,6389020000;5,1082130000;
202100021384.0;2;65;65413;1;1;1.0;1.0;42,8810390000; -0,0231260000;
202100021385.0;1;40;40125;1;2;1.0;3.0;43,6478210000; -1,0988770000;
202100021386.0;1;33;33548;1;3;1.0;3.0;44,9720620000; -0,3406620000;
202100021387.0;2;33;33016;1;1;1.0;1.0;44,9530150000; -0,4184090000;
202100021388.0;1;27;27448;2;9;1.0;2.0;49,0089210000;1,3905590000;
202100021389.0;1;60;60612;2;3;7.0;1.0;49,1916050000;2,5715680000;
202100021390.0;1;13;13055;1;1;1.0;2.0;43,3003840000;5,4253090000;
202100021391.0;3;67;67152;1;1;1.0;6.0;48,5287400000;7,6910700000;
202100021392.0;1;91;91216;1;1;1.0;7.0;48,6786820000;2,3352760000;
202100021393.0;3;91;91549;1;1;1.0;7.0;48,6260900000;2,3430200000;
202100021394.0;1;91;91692;1;1;1.0;3.0;48,6735000000;2,1983000000;
202100021395.0;2;78;78208;1;1;1.0;6.0;48,7992080000;1,9866330000;
202100021396.0;1;92;92047;1;1;1.0;3.0;48,8350835791;2,1757683191;
202100021397.0;1;95;95151;1;1;1.0;2.0;49,0625400000;2,2759800000;
202100021398.0;1;95;95351;1;1;1.0;2.0;49,0340200000;2,4887400000;
202100021399.0;1;95;95641;1;1;1.0;6.0;49,0695100000;2,5524900000;
202100021400.0;1;95;95488;1;1;1.0;3.0;49,0192600000;2,1396800000;
202100021401.0;1;95;95582;1;1;1.0;2.0;48,9723100000;2,2479800000;
202100021402.0;1;93;93005;1;1;1.0;6.0;48,9642723776;2,4732112885;
202100021403.0;1;77;77373;1;1;1.0;6.0;48,8011500000;2,6254900000;
202100021404.0;5;94;94069;1;1;1.0;6.0;48,8165500000;2,4452400000;
202100021405.0;1;62;62299;1;1;1.0;3.0;50,4588040000;2,3065930000;
202100021406.0;1;27;27229;2;3;1.0;6.0;49,0239400710;1,1438486718;
202100021407.0;1;33;33009;2;3;1.0;6.0;44,6599300000; -1,1666000000;
202100021408.0;1;44;44109;2;1;2.0;6.0;47,2136000000; -1,5840500000;
202100021409.0;1;974;97416;2;1;1.0;1.0; -21,3425900000;55,4805100000;
202100021410.0;1;974;97411;2;1;1.0;1.0; -20,9174900000;55,4750400000;
202100021411.0;1;974;97411;2;1;1.0;6.0; -20,9054000000;55,4903200000;
202100021412.0;5;974;97411;1;1;3.0;3.0; -20,8856100000;55,4961800000;
202100021413.0;1;973;97302;2;2;1.0;3.0;4,9340308514; -52,3292479813;
202100021414.0;1;69;69383;2;2;1.0;3.0;45,7561300000;4,8557800000;
202100021415.0;1;69;69386;2;2;1.0;6.0;45,7648723191;4,8435591722;
202100021416.0;1;69;69386;2;1;1.0;6.0;45,7694700000;4,8521100000;
202100021417.0;1;69;69383;2;1;1.0;3.0;45,7483727020;4,8635584116;
202100021418.0;5;69;69387;2;1;1.0;6.0;45,7480100000;4,8330800000;
202100021419.0;1;972;97209;2;1;1.0;6.0;14,6238800824; -61,0370886326;
202100021420.0;5;2B;2B033;2;1;1.0;2.0;42,7028700000;9,4467500000;
202100021421.0;1;91;91377;2;1;1.0;3.0;48,7326200000;2,3009600000;
202100021422.0;1;91;91421;2;3;1.0;3.0;48,7026000000;2,4631000000;
202100021423.0;5;91;91421;1;1;1.0;6.0;48,7066000000;2,4430000000;
202100021424.0;1;91;91027;1;1;1.0;2.0;48,7175590000;2,3707850000;
202100021425.0;3;89;89342;1;1;1.0;1.0;48,2186200000;3,2733400000;
202100021426.0;1;87;87113;2;3;1.0;4.0;45,8605200000;1,3182200000;
202100021427.0;1;87;87085;2;2;1.0;6.0;45,8212100000;1,2301500000;
202100021428.0;1;85;85194;2;1;1.0;3.0;46,5078400000; -1,7699000000;
202100021429.0;1;83;83123;2;1;1.0;3.0;43,1329490000;5,7909360000;
202100021430.0;1;83;83069;2;1;1.0;6.0;43,1206473745;6,1311943351;
202100021431.0;1;72;72181;2;1;1.0;2.0;47,9695250000;0,2042030000;
202100021432.0;1;72;72181;2;1;1.0;6.0;48,0196730000;0,1655490000;
202100021433.0;1;69;69275;2;2;1.0;3.0;45,7776018476;4,9506458926;
202100021434.0;1;69;69264;2;1;1.0;6.0;45,9952200000;4,7208000000;
202100021435.0;1;67;67482;2;1;1.0;6.0;48,6052160000;7,7208060000;
202100021436.0;1;67;67482;2;1;1.0;3.0;48,5852900000;7,7068600000;
202100021437.0;1;65;65251;1;3;2.0;5.0;43,2150100000;0,0718800000;
202100021438.0;1;64;64445;2;1;1.0;3.0;43,3228400000; -0,3707300000;
202100021439.0;1;64;64102;2;3;1.0;3.0;43,4942410000; -1,4676430000;
202100021440.0;5;64;64024;2;1;1.0;3.0;43,5023300000; -1,4936300000;
202100021441.0;1;63;63113;2;1;1.0;6.0;45,7813402077;3,0900737643;
202100021442.0;1;62;62250;2;1;1.0;6.0;50,4440000000;2,9440000000;
202100021443.0;1;59;59508;2;1;1.0;6.0;50,7230510000;3,1109040000;
202100021444.0;1;59;59009;2;9;1.0;3.0;50,6405400000;3,1553000000;
202100021445.0;1;59;59378;2;1;1.0;3.0;50,6883300000;3,1093770000;
202100021446.0;1;59;59234;2;1;1.0;6.0;50,3966140000;3,0624310000;
202100021447.0;1;57;57757;2;1;1.0;2.0;49,3518600000;6,1794700000;
202100021448.0;1;56;56121;2;6;1.0;4.0;47,7352300000; -3,3747700000;
202100021449.0;3;54;54525;1;1;1.0;6.0;49,4560000000;5,8691000000;
202100021450.0;1;54;54273;2;2;1.0;3.0;49,1555550000;5,8837180000;
202100021451.0;1;51;51454;2;1;1.0;7.0;49,2567700000;4,0483500000;
202100021452.0;1;50;50129;2;1;1.0;2.0;49,6310360000; -1,6178210000;
202100021453.0;1;45;45234;2;1;1.0;3.0;47,9097500000;1,9112000000;
202100021454.0;1;44;44109;2;1;1.0;3.0;47,2096670000; -1,5608430000;
202100021455.0;1;37;37261;2;3;1.0;6.0;47,3948651102;0,6713184513;
202100021456.0;1;37;37261;2;2;1.0;3.0;47,3900263648;0,6864394908;
202100021457.0;1;35;35238;2;6;1.0;3.0;48,1017300000; -1,7072500000;
202100021458.0;1;34;34172;1;1;1.0;5.0;43,6061100000;3,9344800000;
202100021459.0;1;33;33318;2;9;1.0;3.0;44,8017300000; -0,6350600000;
202100021460.0;5;31;31555;2;1;1.0;1.0;43,5898300000;1,4151300000;
202100021461.0;1;26;26362;2;6;1.0;3.0;44,9195270000;4,9179260000;
202100021462.0;1;22;22278;2;1;1.0;3.0;48,5086500000; -2,7601900000;
202100021463.0;1;14;14118;2;6;1.0;3.0;49,1810100000; -0,3700700000;
202100021464.0;5;13;13054;2;1;1.0;3.0;43,4181500000;5,2199800000;
202100021465.0;1;13;13208;2;1;1.0;6.0;43,2420888623;5,3689911609;
202100021466.0;1;13;13207;2;1;1.0;3.0;43,2906000000;5,3591900000;
202100021467.0;1;13;13201;2;1;1.0;6.0;43,2990000000;5,3830000000;
202100021468.0;1;13;13211;2;1;1.0;2.0;43,2890000000;5,4770000000;
202100021469.0;1;13;13210;2;1;1.0;5.0;43,2811310803;5,4224586058;
202100021470.0;1;13;13204;2;3;1.0;3.0;43,3102000000;5,4033100000;
202100021471.0;1;11;11262;2;6;1.0;6.0;43,2001160000;3,0120440000;
202100021472.0;1;10;10357;1;9;8.0;3.0;48,3051300000;4,1001700000;
202100021473.0;1;10;10387;2;2;8.0;3.0;48,2903955450;4,0717852861;
202100021474.0;1;06;06069;2;1;1.0;3.0;43,6569100000;6,9232800000;
202100021475.0;1;75;75114;2;2;1.0;3.0;48,8198685090;2,3255042245;
202100021476.0;1;75;75119;2;2;1.0;3.0;48,8846800000;2,3798090000;
202100021477.0;1;75;75118;2;1;1.0;3.0;48,8967001160;2,3706087470;
202100021478.0;5;75;75118;2;2;1.0;3.0;48,8894690000;2,3495910000;
202100021479.0;1;75;75116;2;4;1.0;1.0;48,8499030000;2,2771530000;
202100021480.0;1;75;75115;2;7;1.0;6.0;48,8421651640;2,2816508469;
202100021481.0;1;75;75113;2;1;1.0;7.0;48,8232660000;2,3776300000;
202100021482.0;1;75;75112;2;1;1.0;3.0;48,8456270000;2,4059490000;
202100021483.0;2;75;75112;2;2;1.0;3.0;48,8480190000;2,3928820000;
202100021484.0;1;75;75111;2;3;1.0;3.0;48,8660230000;2,3663290000;
202100021485.0;5;75;75111;2;2;1.0;3.0;48,8639960000;2,3707020000;
202100021486.0;1;75;75110;2;1;1.0;3.0;48,8795990000;2,3499720000;
202100021487.0;1;75;75104;2;3;1.0;3.0;48,8510857694;2,3622272138;
202100021488.0;1;94;94068;2;2;1.0;3.0;48,7937800000;2,4922900000;
202100021489.0;1;94;94017;2;1;1.0;5.0;48,8223500000;2,5105800000;
202100021490.0;1;94;94041;2;3;1.0;3.0;48,8084200000;2,4077500000;
202100021491.0;1;94;94041;2;1;1.0;4.0;48,8179900000;2,3694500000;
202100021492.0;5;94;94033;2;2;1.0;3.0;48,8445200000;2,4508600000;
202100021493.0;1;93;93050;2;1;1.0;4.0;48,8664110000;2,5269700000;
202100021494.0;5;93;93046;2;9;1.0;2.0;48,9141019003;2,5263862609;
202100021495.0;5;93;93061;2;1;1.0;3.0;48,8831000000;2,4106790000;
202100021496.0;1;93;93027;2;2;1.0;3.0;48,9223900000;2,4070600000;
202100021497.0;1;93;93005;2;9;1.0;3.0;48,9389840000;2,5015070000;
202100021498.0;5;92;92075;2;2;1.0;6.0;48,8234122261;2,2822916508;
202100021499.0;1;92;92064;2;9;1.0;2.0;48,8454830687;2,2201888227;
202100021500.0;1;92;92062;2;2;1.0;3.0;48,8811314592;2,2371641226;
202100021501.0;1;92;92049;2;1;1.0;6.0;48,8149400000;2,3207620000;
202100021502.0;1;92;92040;2;2;1.0;6.0;48,8225851958;2,2680464387;
202100021503.0;1;92;92071;2;1;1.0;6.0;48,7790600000;2,2903800000;
202100021504.0;5;92;92012;2;1;1.0;6.0;48,8389560036;2,2400021926;
202100021505.0;5;54;54456;2;1;1.0;6.0;48,7072931039;6,3894805293;
202100021506.0;3;67;67044;1;1;8.0;7.0;48,8925570000;7,5190260000;
202100021507.0;1;22;22182;1;1;1.0;2.0;48,5429210000; -2,9609660000;
202100021508.0;5;95;95487;2;1;1.0;6.0;49,1458160000;2,2582230000;
202100021509.0;3;35;35029;1;1;1.0;6.0;48,4854100000; -1,7356470000;
202100021510.0;1;58;58086;1;1;7.0;1.0;47,4281740000;2,9963920000;
202100021511.0;1;62;62207;1;1;1.0;6.0;50,4535490000;1,7417890000;
202100021512.0;1;44;44071;1;1;1.0;5.0;47,1759250000; -1,3848860000;
202100021513.0;2;57;57465;1;1;1.0;6.0;49,3165340000;6,2983200000;
202100021514.0;2;56;56094;1;1;1.0;1.0;47,7600700000; -3,2572960000;
202100021515.0;1;56;56004;1;6;1.0;3.0;47,5174630000; -2,3715430000;
202100021516.0;1;80;80782;1;2;1.0;3.0;49,9770870000;2,2561450000;
202100021517.0;1;65;65304;2;6;1.0;3.0;43,4711510000;0,0414560000;
202100021518.0;1;65;65062;2;4;1.0;1.0;43,2060130000;0,1215230000;
202100021519.0;1;33;33226;2;1;1.0;1.0;44,7168670000; -0,3885070000;
202100021520.0;3;47;47087;1;1;1.0;6.0;44,2485190000;0,9258880000;
202100021521.0;1;39;39326;1;1;1.0;7.0;46,5966260000;5,6859080000;
202100021522.0;1;25;25320;1;2;1.0;3.0;46,7879320000;6,2777420000;
202100021523.0;3;29;29163;1;6;1.0;6.0;48,5344664698; -3,8734060897;
202100021524.0;1;29;29260;2;3;1.0;3.0;48,4264490000; -4,6033470000;
202100021525.0;3;02;02599;1;1;1.0;7.0;49,5668090000;3,2515670000;
202100021526.0;1;85;85191;1;1;1.0;6.0;46,6728510000; -1,3459410000;
202100021527.0;1;58;58170;1;1;1.0;2.0;47,3368160000;3,6595200000;
202100021528.0;1;06;06090;2;3;1.0;2.0;43,5909440000;6,9335050000;
202100021529.0;1;83;83142;1;1;1.0;7.0;43,7301389142;6,4569339591;
202100021530.0;3;21;21422;2;1;5.0;6.0;47,3426870000;4,2032910000;
202100021531.0;1;24;24156;1;1;1.0;5.0;45,0821040000;0,8624160000;
202100021532.0;1;04;04174;1;1;1.0;1.0;43,9595770000;6,7156290000;
202100021533.0;1;87;87028;1;1;1.0;3.0;46,2589030000;0,8741000000;
202100021534.0;1;30;30011;1;1;1.0;7.0;43,9245740000;4,7347210000;
202100021535.0;1;30;30068;1;1;1.0;5.0;44,0232870000;4,0919030000;
202100021536.0;1;08;08090;2;1;1.0;6.0;49,6319230000;5,1678280000;
202100021537.0;3;63;63370;1;1;1.0;5.0;45,6604720000;2,6530690000;
202100021538.0;2;67;67389;1;1;1.0;1.0;48,6415870000;7,7774410000;
202100021539.0;1;40;40295;1;1;2.0;2.0;44,3736370000; -0,8437050000;
202100021540.0;1;68;68278;1;1;1.0;6.0;47,7650680000;7,4159700000;
202100021541.0;1;78;78478;1;1;1.0;2.0;48,4709150000;1,8657450000;
202100021542.0;1;30;30258;2;1;2.0;3.0;43,6716630000;4,4372270000;
202100021543.0;1;67;67118;2;3;7.0;3.0;48,5820690000;7,6872490000;
202100021544.0;1;55;55553;1;1;1.0;7.0;48,7776417351;5,5804109573;
202100021545.0;5;57;57052;2;1;1.0;1.0;49,0849970000;6,8167640000;
202100021546.0;1;57;57134;1;1;1.0;6.0;49,1353330000;6,0730040000;
202100021547.0;1;38;38382;2;1;1.0;3.0;45,2228450000;5,6878660000;
202100021548.0;1;69;69069;2;1;1.0;6.0;45,7473454758;4,7256877340;
202100021549.0;2;40;40123;1;1;1.0;7.0;43,7909860000; -1,1199750000;
202100021550.0;1;14;14488;2;1;1.0;7.0;49,2680710000; -0,2584790000;
202100021551.0;1;02;02282;1;1;1.0;7.0;49,5612980000;3,7422610000;
202100021552.0;1;62;62711;2;1;1.0;1.0;50,8056210000;1,7448090000;
202100021553.0;3;59;59263;1;6;1.0;7.0;50,3258750000;3,1091740000;
202100021554.0;1;13;13211;1;1;1.0;3.0;43,2886490417;5,4978089332;
202100021555.0;1;33;33039;1;1;1.0;2.0;44,7884400000; -0,5411100000;
202100021556.0;1;33;33122;1;1;1.0;4.0;44,7419000000; -0,7087300000;
202100021557.0;1;59;59094;1;1;1.0;6.0;50,9594580000;2,1961930000;
202100021558.0;1;91;91689;1;1;1.0;2.0;48,7460000000;2,3260000000;
202100021559.0;1;91;91235;1;1;1.0;7.0;48,6263800000;2,3529500000;
202100021560.0;1;94;94034;1;1;1.0;3.0;48,7562300000;2,3415800000;
202100021561.0;3;91;91434;1;1;1.0;2.0;48,6684500000;2,3540900000;
202100021562.0;3;91;91689;1;1;1.0;2.0;48,7380830000;2,3191660000;
202100021563.0;1;92;92064;1;1;1.0;2.0;48,8425158389;2,2221826762;
202100021564.0;1;78;78291;1;1;1.0;4.0;48,9654790000;1,7574690000;
202100021565.0;1;93;93006;1;1;1.0;2.0;48,8695473617;2,4299369253;
202100021566.0;1;93;93066;1;1;1.0;4.0;48,9331200000;2,3770400000;
202100021567.0;1;93;93008;1;1;1.0;2.0;48,9127200000;2,4367600000;
202100021568.0;1;93;93066;1;1;1.0;3.0;48,9076500000;2,3584400000;
202100021569.0;1;93;93073;1;1;1.0;2.0;48,9657200000;2,5570900000;
202100021570.0;3;93;93078;1;1;1.0;6.0;48,9577400000;2,5309500000;
202100021571.0;1;94;94022;1;1;1.0;6.0;48,7738000000;2,4084500000;
202100021572.0;1;73;73002;1;1;1.0;1.0;45,5320900000;6,3067320000;
202100021573.0;1;73;73053;1;6;7.0;3.0;45,5515280000;6,2086160000;
202100021574.0;1;29;29232;1;9;1.0;6.0;47,9747700000; -4,0935000000;
202100021575.0;5;988;98818;2;3;1.0;3.0; -22,3029200000;166,4450800000;
202100021576.0;1;987;98736;2;9;1.0;3.0; -17,5380400000; -149,5527000000;
202100021577.0;5;973;97302;2;9;1.0;6.0;4,9200572277; -52,3195989133;
202100021578.0;1;69;69387;2;1;1.0;3.0;45,7315000000;4,8254100000;
202100021579.0;1;69;69388;2;1;1.0;3.0;45,7343900000;4,8575100000;
202100021580.0;1;69;69383;2;2;1.0;3.0;45,7562100000;4,8461500000;
202100021581.0;1;69;69259;2;4;8.0;6.0;45,6974200000;4,8768900000;
202100021582.0;3;972;97213;1;1;1.0;4.0;14,6180600000; -61,0333300000;
202100021583.0;3;972;97209;2;1;1.0;7.0;14,6329100000; -61,0805400000;
202100021584.0;1;69;69034;2;9;1.0;1.0;45,8007900000;4,8523000000;
202100021585.0;1;69;69152;2;2;1.0;3.0;45,7008097880;4,8240692392;
202100021586.0;5;2A;2A004;2;2;1.0;1.0;41,9329692519;8,7374118358;
202100021587.0;1;95;95280;2;4;1.0;3.0;49,0341500000;2,4720800000;
202100021588.0;1;91;91027;2;1;2.0;2.0;48,7143470000;2,3712160000;
202100021589.0;3;87;87085;2;1;1.0;6.0;45,8437000000;1,2456500000;
202100021590.0;5;83;83137;2;3;1.0;3.0;43,1075413829;5,9331222337;
202100021591.0;1;83;83137;2;1;1.0;2.0;43,1273600000;5,9624700000;
202100021592.0;1;83;83137;2;9;1.0;3.0;43,1273427066;5,9176665545;
202100021593.0;1;80;80021;2;1;3.0;1.0;49,8846241352;2,3126020472;
202100021594.0;5;80;80021;2;1;1.0;6.0;49,8806552462;2,3121554196;
202100021595.0;1;76;76540;2;1;2.0;2.0;49,4358360584;1,0954999924;
202100021596.0;1;69;69266;2;2;1.0;3.0;45,7638100000;4,8831700000;
202100021597.0;5;69;69096;2;1;1.0;3.0;45,6058700000;4,7860380000;
202100021598.0;1;67;67218;1;1;3.0;2.0;48,5445900000;7,7321500000;
202100021599.0;1;66;66136;2;1;1.0;2.0;42,7089415915;2,8858550638;
202100021600.0;1;66;66136;2;3;1.0;3.0;42,7032200000;2,8870700000;
202100021601.0;1;66;66136;1;1;1.0;1.0;42,6790037978;2,8727652133;
202100021602.0;1;66;66136;2;1;1.0;2.0;42,7012805455;2,9007750201;
202100021603.0;1;65;65226;2;1;1.0;2.0;43,2392837345;0,0296115875;
202100021604.0;1;63;63245;2;1;1.0;6.0;45,8934600000;3,0963300000;
202100021605.0;1;63;63075;2;1;1.0;6.0;45,7751709741;3,0696983635;
202100021606.0;1;62;62193;2;3;8.0;3.0;50,9463930000;1,8977670000;
202100021607.0;1;59;59350;2;9;1.0;6.0;50,6369770000;2,9703000000;
202100021608.0;1;59;59143;1;1;1.0;7.0;50,6665800000;2,9093900000;
202100021609.0;1;56;56098;2;1;1.0;6.0;47,7772000000; -3,3434600000;
202100021610.0;1;56;56162;2;6;7.0;2.0;47,7082400000; -3,4211100000;
202100021611.0;1;49;49328;1;1;1.0;2.0;47,2871000000; -0,0472200000;
202100021612.0;1;49;49099;2;4;1.0;3.0;47,0573800000; -0,8479600000;
202100021613.0;1;49;49353;2;1;1.0;7.0;47,4434600000; -0,4831200000;
202100021614.0;1;49;49007;2;2;1.0;2.0;47,4664100000; -0,5528400000;
202100021615.0;1;45;45234;2;1;1.0;1.0;47,8220702442;1,9245289564;
202100021616.0;1;42;42127;1;1;1.0;3.0;46,1026700000;4,0772600000;
202100021617.0;5;38;38185;2;2;1.0;3.0;45,1848600000;5,7255200000;
202100021618.0;5;37;37261;2;2;1.0;3.0;47,3909384148;0,6838463205;
202100021619.0;1;37;37233;2;1;1.0;4.0;47,3809656276;0,7333263925;
202100021620.0;1;37;37261;2;2;1.0;6.0;47,3731255903;0,6891396903;
202100021621.0;1;35;35238;2;1;1.0;3.0;48,0896200000; -1,6831300000;
202100021622.0;1;33;33063;2;9;1.0;3.0;44,8239000000; -0,5919000000;
202100021623.0;1;33;33167;2;2;1.0;3.0;44,8470700000; -0,5102400000;
202100021624.0;1;31;31555;2;1;1.0;6.0;43,5977500000;1,4442800000;
202100021625.0;1;31;31555;1;1;1.0;4.0;43,6319800000;1,4206800000;
202100021626.0;1;27;27229;2;1;1.0;2.0;49,0264524797;1,1707636164;
202100021627.0;1;22;22278;2;1;1.0;2.0;48,5046140000; -2,7424250000;
202100021628.0;1;22;22187;1;1;1.0;4.0;48,5282300000; -2,7540200000;
202100021629.0;1;21;21231;2;1;1.0;2.0;47,3088310939;5,0172919661;
202100021630.0;5;17;17333;2;9;1.0;7.0;45,5771900000; -0,9865300000;
202100021631.0;5;13;13071;2;1;1.0;2.0;43,3871600000;5,3364700000;
202100021632.0;1;13;13211;2;1;1.0;3.0;43,2916503468;5,4605689425;
202100021633.0;1;13;13212;2;1;1.0;1.0;43,2943359460;5,4422834216;
202100021634.0;1;13;13212;2;1;1.0;3.0;43,3044065830;5,4739350641;
202100021635.0;1;13;13208;2;3;1.0;3.0;43,2638204744;5,3778341359;
202100021636.0;1;13;13211;2;1;1.0;3.0;43,2850000000;5,4820000000;
202100021637.0;1;13;13047;2;9;1.0;3.0;43,4981181311;4,9815748455;
202100021638.0;1;11;11069;2;9;1.0;6.0;43,2286000000;2,3592600000;
202100021639.0;3;11;11069;1;1;1.0;6.0;43,2333750000;2,3693820000;
202100021640.0;1;07;07186;2;1;1.0;6.0;44,7346400000;4,6083400000;
202100021641.0;1;06;06083;2;9;1.0;6.0;43,7801840000;7,4938000000;
202100021642.0;1;06;06069;1;1;1.0;3.0;43,6361300000;6,9567300000;
202100021643.0;1;06;06069;2;1;1.0;3.0;43,6561800000;6,9196820000;
202100021644.0;1;75;75113;2;1;1.0;2.0;48,8252799735;2,3855808377;
202100021645.0;1;75;75120;2;4;1.0;6.0;48,8690400000;2,3882270000;
202100021646.0;5;75;75118;2;2;1.0;3.0;48,8890370000;2,3481500000;
202100021647.0;1;75;75117;2;2;1.0;6.0;48,8840260000;2,3086980000;
202100021648.0;1;75;75117;2;1;1.0;2.0;48,8957530000;2,3112840000;
202100021649.0;5;75;75116;2;7;1.0;6.0;48,8647430000;2,2947850000;
202100021650.0;1;75;75114;2;7;1.0;3.0;48,8276063751;2,3053986211;
202100021651.0;5;75;75113;2;2;1.0;7.0;48,8362120000;2,3715180000;
202100021652.0;1;75;75113;2;2;1.0;3.0;48,8189930000;2,3595210000;
202100021653.0;5;75;75105;2;2;1.0;3.0;48,8489060000;2,3474710000;
202100021654.0;5;75;75113;2;4;1.0;2.0;48,8168860000;2,3441600000;
202100021655.0;1;75;75112;2;1;1.0;6.0;48,8414990000;2,4092960000;
202100021656.0;1;75;75111;2;3;1.0;6.0;48,8558910000;2,3833090000;
202100021657.0;1;75;75108;2;1;1.0;3.0;48,8802130000;2,3081090000;
202100021658.0;1;75;75107;2;1;1.0;7.0;48,8599760000;2,2945980000;
202100021659.0;1;94;94034;2;1;8.0;2.0;48,7537000000;2,3265000000;
202100021660.0;1;94;94055;2;1;1.0;3.0;48,7838100000;2,5358100000;
202100021661.0;5;94;94017;2;1;1.0;2.0;48,8122700000;2,5194100000;
202100021662.0;1;93;93078;1;1;1.0;2.0;48,9721000000;2,5059000000;
202100021663.0;1;93;93072;2;2;1.0;3.0;48,9589200000;2,3823300000;
202100021664.0;1;93;93051;2;1;1.0;6.0;48,8472400000;2,5417400000;
202100021665.0;1;93;93014;2;9;1.0;6.0;48,9117800000;2,5499500000;
202100021666.0;5;93;93007;2;3;1.0;3.0;48,9461200000;2,4542900000;
202100021667.0;1;93;93005;2;2;8.0;3.0;48,9494100000;2,5200600000;
202100021668.0;1;92;92062;2;9;1.0;6.0;48,8856586423;2,2274718868;
202100021669.0;5;92;92049;2;1;1.0;1.0;48,8195097926;2,3138530436;
202100021670.0;1;92;92026;2;3;1.0;3.0;48,9012950949;2,2599488497;
202100021671.0;1;92;92023;2;1;1.0;2.0;48,7876562855;2,2368764789;
202100021672.0;1;92;92002;2;3;1.0;6.0;48,7369700000;2,2884000000;
202100021673.0;1;65;65304;2;4;1.0;3.0;43,4586000000;0,0382800000;
202100021674.0;1;87;87079;1;1;1.0;3.0;46,0249040000;1,4901710000;
202100021675.0;1;38;38160;1;3;1.0;1.0;45,5006470000;4,9723110000;
202100021676.0;1;41;41086;1;1;1.0;7.0;47,4465780000;1,5401890000;
202100021677.0;1;95;95487;2;1;1.0;6.0;49,1512808440;2,2713053226;
202100021678.0;1;57;57437;2;4;1.0;3.0;49,4222310000;6,2964430000;
202100021679.0;3;21;21261;1;1;1.0;6.0;47,2718330000;5,1406360000;
202100021680.0;2;81;81133;1;1;1.0;1.0;43,8773285454;2,1559815109;
202100021681.0;1;71;71305;1;1;1.0;2.0;46,4772580000;4,8874670000;
202100021682.0;1;01;01143;2;6;1.0;3.0;46,3500814805;6,1319451250;
202100021683.0;1;01;01109;2;2;1.0;3.0;46,1410170000;5,9104940000;
202100021684.0;1;971;97109;1;1;1.0;4.0;15,9945260000; -61,6937260000;
202100021685.0;1;59;59083;1;1;1.0;7.0;50,9019200000;2,4159370000;
202100021686.0;1;44;44098;1;1;1.0;6.0;47,4799720000; -2,1856780000;
202100021687.0;1;67;67106;1;1;1.0;6.0;48,7411630000;7,9646160000;
202100021688.0;1;87;87014;1;1;1.0;6.0;46,0860310000;1,3591290000;
202100021689.0;1;57;57197;1;3;1.0;3.0;49,0614560000;6,9832440000;
202100021690.0;1;19;19151;1;1;1.0;1.0;45,0999190000;1,5307210000;
202100021691.0;2;67;67165;1;1;1.0;1.0;48,4904020000;7,1622920000;
202100021692.0;1;76;76419;1;1;1.0;7.0;49,3964380000;0,8812510000;
202100021693.0;1;2B;2B354;1;1;1.0;3.0;42,1561180000;9,1537570000;
202100021694.0;3;2B;2B224;1;1;1.0;1.0;42,8417750000;9,4540640000;
202100021695.0;1;55;55102;1;1;1.0;3.0;49,2067800000;5,3602300000;
202100021696.0;1;47;47086;1;1;1.0;6.0;44,6868170000;0,2067450000;
202100021697.0;1;34;34257;1;1;1.0;7.0;43,6749117108;3,0002099352;
202100021698.0;3;34;34154;1;1;1.0;2.0;43,5507640000;3,9883160000;
202100021699.0;1;29;29037;1;3;1.0;6.0;47,9207210000; -4,1868750000;
202100021700.0;1;29;29037;1;3;1.0;3.0;47,8847330000; -4,1720310000;
202100021701.0;1;38;38560;1;1;1.0;6.0;45,4802350000;5,4918440000;
202100021702.0;1;02;02438;1;1;1.0;7.0;49,2915460000;3,2366320000;
202100021703.0;1;72;72054;1;1;1.0;6.0;48,0162530000;0,3287850000;
202100021704.0;1;18;18140;1;1;1.0;6.0;47,1557690000;2,0160340000;