Num_Acc;lum;departement;commune;agglomeration;intersection;meteo;type_collision;lat;long;date
202100021705.0;1;07;07010;2;1;1.0;6.0;45,2495430000;4,6701870000;
202100021706.0;1;53;53147;1;1;1.0;1.0;48,3087210000; -0,6477800000;
202100021707.0;1;17;17211;1;1;1.0;1.0;46,0322410000; -0,5139650000;
202100021708.0;1;17;17347;2;7;1.0;3.0;45,9429440000; -0,5223760000;
202100021709.0;2;30;30012;1;3;7.0;3.0;43,8766130000;4,6512510000;
202100021710.0;1;88;88116;2;3;1.0;3.0;47,9549670000;6,8251340000;
202100021711.0;1;88;88075;1;1;1.0;6.0;48,0000310000;6,8541120000;
202100021712.0;1;67;67324;1;1;1.0;7.0;48,9688220000;7,6717940000;
202100021713.0;1;06;06099;1;1;1.0;5.0;43,9534580000;6,9185610000;
202100021714.0;1;67;67008;1;1;1.0;1.0;48,5176851652;7,5216436386;
202100021715.0;1;38;38040;1;1;1.0;6.0;45,0679440000;6,1583520000;
202100021716.0;1;976;97617;1;1;1.0;1.0; -12,7893610000;45,1118520000;
202100021717.0;2;27;27228;1;1;1.0;2.0;49,3716220000;0,6925710000;
202100021718.0;1;987;98714;2;1;1.0;6.0; -16,5059650000; -151,7517470000;
202100021719.0;1;95;95592;1;1;1.0;3.0;49,0469300000;1,8692800000;
202100021720.0;1;78;78381;2;2;1.0;3.0;48,7939100000;1,6109450000;
202100021721.0;3;30;30258;1;6;1.0;6.0;43,7403930000;4,4092320000;
202100021722.0;1;21;21390;2;1;1.0;6.0;47,2696780000;4,9908400000;
202100021723.0;1;63;63150;1;1;1.0;6.0;45,8972100000;3,0487060000;
202100021724.0;1;42;42299;1;2;1.0;3.0;45,6152830000;4,1165690000;
202100021725.0;1;65;65059;1;1;1.0;5.0;43,0851410000;0,1690650000;
202100021726.0;1;31;31291;2;1;1.0;3.0;43,5916260000;1,2286770000;
202100021727.0;1;19;19203;1;3;1.0;2.0;45,2214380000;1,7672320000;
202100021728.0;1;33;33433;1;1;1.0;1.0;44,9138570000; -0,4100060000;
202100021729.0;1;61;61082;1;1;1.0;5.0;48,5989760000;0,3283450000;
202100021730.0;1;27;27312;1;1;1.0;6.0;49,0424990000;1,3052490000;
202100021731.0;1;59;59146;2;3;1.0;3.0;50,6105311862;3,2065478146;
202100021732.0;1;13;13202;1;1;1.0;4.0;43,3011400000;5,3642000000;
202100021733.0;1;13;13088;1;1;1.0;2.0;43,3841900000;5,2330600000;
202100021734.0;1;13;13210;1;1;1.0;7.0;43,2829500000;5,3986000000;
202100021735.0;1;13;13022;1;1;1.0;4.0;43,2270000000;5,5830000000;
202100021736.0;1;13;13215;1;1;1.0;2.0;43,3565900000;5,3629700000;
202100021737.0;1;69;69005;1;1;1.0;5.0;45,9291321035;4,7422627620;
202100021738.0;1;91;91689;1;1;1.0;3.0;48,7287700000;2,3142900000;
202100021739.0;2;94;94034;1;1;1.0;4.0;48,7605300000;2,3196200000;
202100021740.0;1;92;92048;1;1;1.0;2.0;48,8044701920;2,2137486570;
202100021741.0;1;92;92050;1;1;1.0;6.0;48,9022570000;2,2034640000;
202100021742.0;2;95;95351;1;1;1.0;2.0;49,0392200000;2,4839600000;
202100021743.0;1;93;93066;1;1;1.0;2.0;48,9205000000;2,3572800000;
202100021744.0;1;93;93039;1;1;1.0;5.0;48,9274600000;2,3335400000;
202100021745.0;1;95;95018;1;1;1.0;3.0;48,9613000000;2,2692500000;
202100021746.0;1;93;93013;1;1;1.0;6.0;48,9408200000;2,4253800000;
202100021747.0;1;92;92036;1;1;1.0;2.0;48,9352934024;2,2847740055;
202100021748.0;1;94;94069;1;1;1.0;2.0;48,8174016454;2,4375245840;
202100021749.0;5;971;97101;2;9;1.0;6.0;16,2710900000; -61,4964300000;
202100021750.0;1;05;05061;2;1;1.0;6.0;44,5525800000;6,0718800000;
202100021751.0;1;974;97416;2;1;1.0;6.0; -21,3306082277;55,4742479322;
202100021752.0;5;988;98818;2;2;1.0;6.0; -22,2771000000;166,4477500000;
202100021753.0;1;973;97302;2;1;1.0;2.0;4,9286715036; -52,2943207026;
202100021754.0;2;69;69259;2;3;8.0;2.0;45,6963300000;4,8716100000;
202100021755.0;1;69;69259;2;2;1.0;3.0;45,7174772208;4,8588951022;
202100021756.0;1;972;97213;1;1;1.0;2.0;14,6122600000; -61,0081700000;
202100021757.0;1;971;97113;2;1;2.0;4.0;16,2176900000; -61,4929600000;
202100021758.0;1;95;95277;1;1;1.0;6.0;48,9860700000;2,4715500000;
202100021759.0;1;87;87085;2;1;1.0;2.0;45,8441600000;1,2405500000;
202100021760.0;5;87;87085;2;1;1.0;1.0;45,8469200000;1,2716200000;
202100021761.0;1;83;83069;2;1;1.0;6.0;43,1038708195;6,1741447449;
202100021762.0;1;83;83069;2;9;1.0;3.0;43,1183123540;6,1276425266;
202100021763.0;1;79;79329;2;8;1.0;2.0;46,9856230000; -0,2113400000;
202100021764.0;1;78;78350;1;9;1.0;3.0;48,8555870000;2,1073520000;
202100021765.0;1;77;77083;2;2;1.0;3.0;48,8483900000;2,5784400000;
202100021766.0;1;77;77186;2;1;1.0;1.0;48,4123600000;2,7057520000;
202100021767.0;1;71;71076;2;2;1.0;3.0;46,7959800000;4,8544000000;
202100021768.0;5;69;69290;2;9;1.0;6.0;45,7122000000;4,9726000000;
202100021769.0;1;66;66136;2;1;1.0;3.0;42,7008875997;2,8893600404;
202100021770.0;1;66;66136;2;1;1.0;6.0;42,7066800000;2,8925000000;
202100021771.0;1;64;64122;2;2;1.0;3.0;43,4828500000; -1,5565700000;
202100021772.0;1;62;62688;2;8;8.0;6.0;50,4179030000;1,6477260000;
202100021773.0;1;61;61117;2;2;1.0;2.0;48,4356400000;0,0488800000;
202100021774.0;1;56;56036;1;1;1.0;4.0;47,7743200000; -3,3683300000;
202100021775.0;1;56;56107;2;1;1.0;6.0;47,7075700000; -3,3889800000;
202100021776.0;1;54;54165;1;1;8.0;6.0;48,7186588094;6,2213636935;
202100021777.0;1;52;52121;2;1;1.0;3.0;48,1017600000;5,1445700000;
202100021778.0;1;52;52121;2;1;1.0;3.0;48,1048900000;5,1360800000;
202100021779.0;1;50;50129;2;1;1.0;1.0;49,6264100000; -1,6202000000;
202100021780.0;1;50;50602;2;6;1.0;3.0;49,6361000000; -1,5761200000;
202100021781.0;1;49;49328;2;1;1.0;7.0;47,2650500000; -0,0924600000;
202100021782.0;1;49;49007;2;1;1.0;6.0;47,4746600000; -0,5476400000;
202100021783.0;1;49;49007;2;1;1.0;6.0;47,4480000000; -0,5657000000;
202100021784.0;1;45;45068;2;3;1.0;2.0;48,0142927816;2,7171494362;
202100021785.0;5;42;42218;2;2;1.0;3.0;45,4343500000;4,3796300000;
202100021786.0;1;38;38185;2;3;1.0;3.0;45,1926900000;5,7373500000;
202100021787.0;1;35;35238;1;1;1.0;2.0;48,1256990000; -1,7229860000;
202100021788.0;1;33;33162;2;1;1.0;3.0;44,8802800000; -0,6408000000;
202100021789.0;1;33;33009;2;6;1.0;2.0;44,6460700000; -1,1904900000;
202100021790.0;1;29;29019;2;1;1.0;3.0;48,3854116727; -4,5071469599;
202100021791.0;1;28;28218;2;3;1.0;6.0;48,4437000000;1,4508800000;
202100021792.0;1;27;27234;1;1;1.0;7.0;49,0358900000;1,1866000000;
202100021793.0;1;18;18033;2;1;1.0;6.0;47,1000000000;2,4100000000;
202100021794.0;5;17;17300;2;2;1.0;3.0;46,1610170000; -1,1461930000;
202100021795.0;1;17;17300;2;1;1.0;4.0;46,1564200000; -1,1278100000;
202100021796.0;1;09;09013;1;1;1.0;5.0;42,9767560000;1,6223340000;
202100021797.0;1;05;05061;2;1;1.0;6.0;44,5626788952;6,0839626862;
202100021798.0;1;75;75114;2;1;1.0;4.0;48,8200990000;2,3257410000;
202100021799.0;5;75;75114;2;4;1.0;2.0;48,8249360000;2,3034770000;
202100021800.0;5;75;75108;2;2;1.0;5.0;48,8829880000;2,3241070000;
202100021801.0;1;75;75106;2;2;1.0;3.0;48,8482380000;2,3310400000;
202100021802.0;1;75;75120;2;1;1.0;2.0;48,8723760000;2,4125040000;
202100021803.0;1;75;75119;2;2;1.0;6.0;48,8889920000;2,3801060000;
202100021804.0;2;75;75118;2;1;1.0;3.0;48,8977410000;2,3705440000;
202100021805.0;1;75;75115;2;2;1.0;3.0;48,8345550000;2,2669630000;
202100021806.0;1;75;75115;2;1;1.0;6.0;48,8279380000;2,2711850000;
202100021807.0;5;75;75113;2;2;1.0;1.0;48,8373500000;2,3738830000;
202100021808.0;5;75;75112;2;4;1.0;2.0;48,8264400000;2,3906690000;
202100021809.0;2;75;75118;2;2;1.0;3.0;48,8985200000;2,3593600000;
202100021810.0;1;75;75108;2;2;1.0;3.0;48,8751300000;2,3229490000;
202100021811.0;1;75;75108;2;2;8.0;6.0;48,8751100000;2,2960420000;
202100021812.0;1;94;94081;2;1;1.0;6.0;48,7984500000;2,4001300000;
202100021813.0;5;94;94081;2;1;1.0;3.0;48,8077300000;2,4076700000;
202100021814.0;1;94;94068;2;1;1.0;6.0;48,8091640000;2,5134820000;
202100021815.0;5;94;94003;2;1;1.0;3.0;48,8079500000;2,3417300000;
202100021816.0;5;94;94003;2;1;1.0;6.0;48,8093900000;2,3354300000;
202100021817.0;5;94;94002;2;2;1.0;6.0;48,7999000000;2,4271200000;
202100021818.0;1;93;93078;2;2;1.0;3.0;48,9525000000;2,5350000000;
202100021819.0;5;93;93066;2;1;1.0;6.0;48,9460660000;2,3589640000;
202100021820.0;1;93;93064;2;1;1.0;3.0;48,8733010746;2,4811720848;
202100021821.0;1;93;93077;2;1;1.0;1.0;48,8894700000;2,4904200000;
202100021822.0;1;93;93032;2;1;1.0;3.0;48,8660100000;2,5633000000;
202100021823.0;1;92;92073;2;1;1.0;7.0;48,8644380000;2,2205430000;
202100021824.0;5;92;92036;2;2;1.0;3.0;48,9343125398;2,2811490297;
202100021825.0;5;92;92012;2;7;1.0;7.0;48,8253632915;2,2484198426;
202100021826.0;1;92;92009;2;3;1.0;6.0;48,9211071017;2,2783935046;
202100021827.0;1;92;92004;2;2;1.0;3.0;48,9110380514;2,2988650203;
202100021828.0;2;92;92036;2;1;1.0;3.0;48,9303100000;2,2846200000;
202100021829.0;3;26;26031;1;1;1.0;6.0;44,5548520000;4,8539940000;
202100021830.0;1;38;38157;1;1;1.0;3.0;45,5079540000;4,9266540000;
202100021831.0;1;988;98812;2;1;1.0;6.0; -20,4648720000;164,3317630000;
202100021832.0;1;26;26324;1;1;1.0;6.0;44,3374530000;4,7379300000;
202100021833.0;1;71;71170;1;1;1.0;3.0;46,8890655035;4,8209358912;
202100021834.0;1;01;01091;2;2;1.0;3.0;46,1164980000;5,8095360000;
202100021835.0;1;68;68032;2;2;1.0;1.0;47,8479070000;7,2169070000;
202100021836.0;1;60;60176;2;9;1.0;3.0;49,2389515780;2,8882092078;
202100021837.0;1;87;87107;1;2;1.0;3.0;45,9364080000;1,1864590000;
202100021838.0;1;56;56053;1;1;1.0;2.0;47,7589590000; -2,5414900000;
202100021839.0;3;67;67066;1;1;1.0;6.0;48,4366180000;7,1832990000;
202100021840.0;1;76;76328;1;1;1.0;6.0;49,6507090000;1,1791420000;
202100021841.0;1;80;80295;1;2;1.0;3.0;49,9414580000;2,6889900000;
202100021842.0;1;65;65258;1;1;1.0;6.0;43,1045880000;0,4066930000;
202100021843.0;1;81;81037;2;4;7.0;3.0;43,6292260000;2,4855660000;
202100021844.0;1;11;11220;1;1;1.0;6.0;43,2048940000;2,5686550000;
202100021845.0;1;71;71218;1;1;1.0;1.0;46,3111760000;4,3573770000;
202100021846.0;1;61;61278;2;1;1.0;3.0;48,7075590000; -0,5336360000;
202100021847.0;1;49;49214;2;2;1.0;7.0;47,5393320000; -0,6181530000;
202100021848.0;2;49;49067;1;1;1.0;1.0;47,6558780000; -0,6599090000;
202100021849.0;1;49;49323;1;1;1.0;3.0;47,5080400000; -0,4722840000;
202100021850.0;1;12;12156;1;1;1.0;6.0;44,6354980000;2,8309540000;
202100021851.0;1;41;41053;1;2;1.0;2.0;47,9856740000;0,9225140000;
202100021852.0;1;41;41092;1;1;1.0;7.0;47,4586790000;1,3285730000;
202100021853.0;1;34;34010;1;2;1.0;1.0;43,6709140000;3,5697630000;
202100021854.0;1;39;39288;1;1;1.0;7.0;46,7139380000;5,5889710000;
202100021855.0;1;44;44069;1;1;1.0;6.0;47,3411400000; -2,4380940000;
202100021856.0;1;29;29003;2;1;1.0;6.0;48,0209680000; -4,5370750000;
202100021857.0;1;31;31345;2;6;1.0;6.0;43,3703630000;1,4183470000;
202100021858.0;1;38;38180;1;1;1.0;2.0;45,3606490000;5,3066540000;
202100021859.0;1;02;02483;1;1;1.0;3.0;49,7923920000;3,3673790000;
202100021860.0;1;03;03161;1;1;1.0;7.0;46,1714620000;2,6333230000;
202100021861.0;3;85;85208;1;1;1.0;1.0;46,8362110000; -1,4199610000;
202100021862.0;1;66;66148;2;1;1.0;6.0;42,5186590000;3,1015780000;
202100021863.0;1;50;50481;1;1;1.0;1.0;49,2273790000; -1,5760070000;
202100021864.0;1;83;83007;2;1;1.0;2.0;43,6191380000;6,2228210000;
202100021865.0;1;83;83012;2;6;1.0;6.0;43,5662830000;6,0118070000;
202100021866.0;1;18;18226;1;1;1.0;3.0;47,1286950000;2,4638130000;
202100021867.0;1;53;53132;1;3;1.0;3.0;48,4194750000; -0,8923010000;
202100021868.0;1;27;27407;1;2;1.0;1.0;49,3089730000;1,4673610000;
202100021869.0;1;27;27125;1;2;1.0;3.0;49,1769130000;0,7636140000;
202100021870.0;2;30;30276;1;6;1.0;2.0;43,6278870000;4,1913320000;
202100021871.0;3;30;30006;2;7;1.0;6.0;43,6849890000;4,2095020000;
202100021872.0;1;30;30182;1;1;1.0;7.0;43,8595420000;4,1684850000;
202100021873.0;1;78;78233;1;3;1.0;5.0;48,8713630000;1,9578620000;
202100021874.0;1;973;97309;1;1;1.0;1.0;4,8841700000; -52,2900510000;
202100021875.0;3;30;30034;1;1;1.0;6.0;43,7338090000;4,4684740000;
202100021876.0;1;971;97103;2;1;1.0;3.0;16,2362770000; -61,6048590000;
202100021877.0;1;974;97415;2;3;1.0;3.0; -21,0521700000;55,2279950000;
202100021878.0;3;971;97118;1;1;1.0;1.0;16,1977170000; -61,6228290000;
202100021879.0;1;45;45077;1;1;1.0;6.0;47,8517080000;2,8543960000;
202100021880.0;1;45;45082;2;3;1.0;6.0;47,8693340000;2,2230470000;
202100021881.0;5;66;66133;2;1;1.0;6.0;42,5636970000;2,9635500000;
202100021882.0;1;84;84026;2;3;1.0;3.0;43,7346040000;5,3668290000;
202100021883.0;1;83;83104;2;1;1.0;6.0;43,6078740000;5,7638530000;
202100021884.0;2;67;67520;1;1;8.0;7.0;48,6468320000;7,4383880000;
202100021885.0;1;55;55025;1;1;1.0;6.0;49,4914970000;5,2344170000;
202100021886.0;3;74;74116;1;9;1.0;6.0;46,0725530000;6,2883000000;
202100021887.0;1;17;17219;1;2;1.0;3.0;45,8309820000; -1,1150260000;
202100021888.0;1;17;17058;1;1;1.0;1.0;45,8472550000; -1,1704520000;
202100021889.0;1;17;17161;2;1;1.0;1.0;46,1843440000; -1,3140430000;
202100021890.0;1;33;33448;2;1;1.0;7.0;44,7150980000; -0,5039070000;
202100021891.0;3;13;13117;1;1;1.0;3.0;43,4320740000;5,2578730000;
202100021892.0;1;13;13019;1;1;1.0;2.0;43,4238100000;5,3745500000;
202100021893.0;1;13;13071;1;1;1.0;4.0;43,4055595461;5,3376440677;
202100021894.0;1;83;83069;1;1;1.0;6.0;43,1183430101;6,1054497402;
202100021895.0;1;69;69266;1;1;1.0;3.0;45,7829800000;4,8914100000;
202100021896.0;1;54;54528;1;1;1.0;2.0;48,6510000000;5,8770000000;
202100021897.0;1;33;33122;1;1;1.0;4.0;44,7538670000; -0,6894270000;
202100021898.0;5;59;59350;1;1;1.0;5.0;50,6177250000;3,0813250000;
202100021899.0;5;59;59378;1;1;1.0;6.0;50,6742877908;3,1139367314;
202100021900.0;1;94;94038;1;1;1.0;2.0;48,7786000000;2,3466000000;
202100021901.0;1;94;94016;1;1;1.0;2.0;48,7976866097;2,3436401344;
202100021902.0;1;78;78126;1;1;1.0;5.0;48,8395100000;2,1183960000;
202100021903.0;1;93;93007;1;1;1.0;2.0;48,9205100000;2,4796900000;
202100021904.0;1;93;93006;1;1;1.0;2.0;48,8693100000;2,4291000000;
202100021905.0;4;93;93048;1;1;1.0;2.0;48,8703200000;2,4312800000;
202100021906.0;2;77;77495;1;1;1.0;6.0;48,5935339617;2,6356673241;
202100021907.0;5;94;94028;1;1;1.0;2.0;48,7775763894;2,4397518628;
202100021908.0;1;976;97611;2;1;1.0;6.0; -12,8010000000;45,2089100000;
202100021909.0;1;83;83016;1;1;1.0;3.0;43,2182460000;5,8109630000;
202100021910.0;1;987;98735;2;9;1.0;7.0; -17,5462930000; -149,5535540000;
202100021911.0;1;974;97416;1;1;1.0;3.0; -21,3140000000;55,4535000000;
202100021912.0;2;974;97416;2;1;1.0;1.0; -21,2982500000;55,4946900000;
202100021913.0;3;974;97416;1;1;2.0;3.0; -21,3328000000;55,4598000000;
202100021914.0;1;95;95585;2;2;1.0;6.0;48,9777420000;2,3711250000;
202100021915.0;1;95;95018;2;2;1.0;2.0;48,9454700000;2,2497000000;
202100021916.0;1;83;83137;2;9;1.0;6.0;43,1177714201;5,9755100493;
202100021917.0;2;83;83061;2;1;7.0;6.0;43,4291400000;6,7619500000;
202100021918.0;1;76;76410;2;2;1.0;3.0;49,4754000000;1,0481900000;
202100021919.0;1;74;74010;2;2;1.0;3.0;45,9056100000;6,1237500000;
202100021920.0;1;73;73065;2;4;1.0;1.0;45,5698940662;5,9214704062;
202100021921.0;1;69;69266;2;1;1.0;2.0;45,7516200000;4,9048300000;
202100021922.0;2;69;69256;2;1;1.0;7.0;45,7501100000;4,9276000000;
202100021923.0;1;65;65226;1;1;1.0;1.0;43,2409654402;0,0185206532;
202100021924.0;5;59;59360;2;2;2.0;3.0;50,6067300000;3,0170600000;
202100021925.0;1;59;59328;2;1;2.0;3.0;50,6448800000;3,0284100000;
202100021926.0;1;59;59183;2;1;1.0;1.0;51,0262400000;2,3151800000;
202100021927.0;1;56;56260;2;3;1.0;3.0;47,6554200000; -2,7722520000;
202100021928.0;1;56;56260;2;1;1.0;4.0;47,6600280000; -2,7942340000;
202100021929.0;1;47;47201;2;1;1.0;6.0;44,1953200000;0,5980800000;
202100021930.0;1;37;37261;2;1;1.0;7.0;47,3823586560;0,6920980562;
202100021931.0;5;33;33063;2;1;1.0;6.0;44,8217000000; -0,5784000000;
202100021932.0;1;30;30028;2;1;1.0;6.0;44,1550000000;4,6149700000;
202100021933.0;3;29;29232;1;1;1.0;6.0;48,0083000000; -4,0651900000;
202100021934.0;1;29;29232;1;1;1.0;7.0;47,9400500000; -4,0620300000;
202100021935.0;1;24;24037;2;9;1.0;3.0;44,8435500000;0,4845000000;
202100021936.0;2;17;17415;1;1;1.0;6.0;45,7824450000; -0,6648210000;
202100021937.0;2;13;13208;2;1;1.0;3.0;43,2700000000;5,4010000000;
202100021938.0;1;13;13203;2;1;1.0;6.0;43,3163932639;5,3743003365;
202100021939.0;1;13;13210;2;1;1.0;3.0;43,2832500000;5,4262300000;
202100021940.0;1;13;13216;2;1;1.0;1.0;43,3472260210;5,3441682112;
202100021941.0;1;11;11069;2;1;1.0;3.0;43,2307090000;2,3439900000;
202100021942.0;1;06;06088;2;1;1.0;3.0;43,7281830000;7,2840640000;
202100021943.0;5;06;06027;2;9;1.0;1.0;43,6591700000;7,1643900000;
202100021944.0;1;06;06155;2;1;1.0;1.0;43,5977000000;7,0576000000;
202100021945.0;5;75;75114;2;4;1.0;4.0;48,8195300289;2,3284015059;
202100021946.0;5;75;75113;2;1;1.0;3.0;48,8296200000;2,3562610000;
202100021947.0;5;75;75119;2;1;1.0;6.0;48,8751010000;2,3824780000;
202100021948.0;1;75;75120;2;3;1.0;6.0;48,8679290000;2,3866430000;
202100021949.0;5;75;75117;2;2;1.0;3.0;48,8869690000;2,3230400000;
202100021950.0;5;75;75115;2;1;1.0;1.0;48,8444740000;2,3200930000;
202100021951.0;1;75;75114;2;7;8.0;6.0;48,8349460000;2,3329870000;
202100021952.0;1;75;75110;2;3;8.0;6.0;48,8701790000;2,3636390000;
202100021953.0;1;75;75108;2;3;1.0;6.0;48,8664600000;2,3049770000;
202100021954.0;5;75;75108;2;1;1.0;3.0;48,8645550000;2,3081140000;
202100021955.0;2;75;75101;2;3;1.0;6.0;48,8637250000;2,3321750000;
202100021956.0;5;75;75101;2;4;1.0;6.0;48,8601500000;2,3464780000;
202100021957.0;1;94;94081;2;1;1.0;2.0;48,7912200000;2,3908500000;
202100021958.0;1;94;94033;2;3;2.0;3.0;48,8535600000;2,4750400000;
202100021959.0;1;94;94033;2;1;1.0;2.0;48,8521300000;2,4648100000;
202100021960.0;1;94;94079;2;1;1.0;6.0;48,8249900000;2,5427100000;
202100021961.0;1;94;94055;2;4;1.0;1.0;48,7894200000;2,5490200000;
202100021962.0;3;93;93074;1;1;1.0;2.0;48,9338517435;2,5851831435;
202100021963.0;5;92;92050;2;1;1.0;6.0;48,9126897503;2,2248440981;
202100021964.0;1;05;05027;1;1;1.0;3.0;44,8776160000;6,7392110000;
202100021965.0;1;83;83086;1;1;1.0;1.0;43,4683150000;6,5863900000;
202100021966.0;1;35;35337;1;1;1.0;6.0;48,3367990000; -1,8607570000;
202100021967.0;1;22;22239;1;1;8.0;2.0;48,3395350000; -2,1061990000;
202100021968.0;2;40;40200;1;1;1.0;7.0;44,3464670000; -0,7713760000;
202100021969.0;3;51;51105;1;1;1.0;1.0;49,2729440258;4,0905401884;
202100021970.0;2;74;74299;2;9;1.0;3.0;45,8956920000;6,1660030000;
202100021971.0;1;79;79148;1;3;1.0;3.0;46,2391460000; -0,0885930000;
202100021972.0;3;2A;2A104;1;1;1.0;5.0;41,9130720000;8,8428350000;
202100021973.0;1;80;80726;2;3;1.0;3.0;49,7730990000;3,0422100000;
202100021974.0;3;11;11106;1;3;1.0;3.0;43,2334080000;3,0761500000;
202100021975.0;2;11;11119;1;1;1.0;6.0;43,0496100000;2,1694510000;
202100021976.0;5;71;71310;2;6;1.0;6.0;46,7510855796;4,4681878438;
202100021977.0;2;89;89104;1;1;1.0;6.0;47,7994370000;3,8121420000;
202100021978.0;1;61;61464;1;6;1.0;7.0;48,6240130000;0,1810920000;
202100021979.0;1;55;55192;2;1;1.0;7.0;49,3710070000;5,2344720000;
202100021980.0;1;49;49235;2;1;1.0;7.0;47,2251010000;0,0104560000;
202100021981.0;3;49;49224;1;4;1.0;3.0;47,3260360000; -0,0241450000;
202100021982.0;1;49;49359;1;2;1.0;5.0;47,2181690000; -0,1628210000;
202100021983.0;3;49;49183;1;1;1.0;2.0;47,5451340000; -0,9665390000;
202100021984.0;1;12;12056;2;1;1.0;3.0;44,2800360000;2,4284610000;
202100021985.0;1;47;47195;1;1;1.0;7.0;44,1131180000;0,3672700000;
202100021986.0;1;34;34126;1;6;1.0;3.0;43,5870710000;3,0828670000;
202100021987.0;3;68;68176;1;1;8.0;7.0;47,5686720000;7,1913620000;
202100021988.0;2;25;25454;1;1;1.0;6.0;47,2520290000;5,9643580000;
202100021989.0;1;31;31427;1;1;1.0;6.0;43,0812550000;0,7667040000;
202100021990.0;1;31;31107;1;1;1.0;6.0;43,2962850000;1,2359510000;
202100021991.0;2;31;31033;1;1;1.0;6.0;43,3399970000;1,4709480000;
202100021992.0;1;38;38519;1;1;1.0;7.0;45,6009490000;5,0591300000;
202100021993.0;1;01;01236;1;1;1.0;7.0;46,3319250000;5,0870780000;
202100021994.0;1;09;09189;1;1;1.0;1.0;42,6636140000;1,8347600000;
202100021995.0;1;18;18290;1;1;1.0;1.0;47,2803060000;2,1841760000;
202100021996.0;1;43;43268;1;1;1.0;6.0;45,1271990000;4,1575420000;
202100021997.0;1;10;10251;1;1;1.0;7.0;48,1082050000;3,9515380000;
202100021998.0;2;07;07306;2;1;1.0;3.0;44,4291370000;4,3554350000;
202100021999.0;1;07;07142;1;2;7.0;2.0;44,7660010000;3,9152740000;
202100022000.0;1;24;24269;1;2;1.0;3.0;45,6033200000;0,8555170000;
202100022001.0;1;04;04013;1;3;1.0;3.0;44,1185100000;5,9507680000;
202100022002.0;5;85;85012;2;6;1.0;6.0;46,8888900000; -2,1116040000;
202100022003.0;1;85;85264;1;1;1.0;1.0;46,6781660000; -0,6706600000;
202100022004.0;3;85;85108;1;1;1.0;7.0;46,9151010000; -1,3802840000;
202100022005.0;1;17;17041;1;1;1.0;3.0;46,2152830000; -0,8095340000;
202100022006.0;1;30;30114;1;1;1.0;1.0;43,8162600000;4,0956260000;
202100022007.0;1;30;30228;1;2;1.0;5.0;43,9422210000;4,3221120000;
202100022008.0;1;80;80107;1;1;1.0;7.0;49,8570770000;2,4199320000;
202100022009.0;1;40;40261;1;1;1.0;6.0;43,6854980000; -1,2584550000;
202100022010.0;1;35;35131;2;1;1.0;6.0;48,1226670000; -1,8186420000;
202100022011.0;1;74;74010;2;6;1.0;1.0;45,8780180000;6,0935500000;
202100022012.0;3;06;06085;1;1;1.0;4.0;43,5849300000;7,0270440000;
202100022013.0;3;06;06004;1;1;1.0;4.0;43,6165820000;7,1152780000;
202100022014.0;2;971;97119;1;3;1.0;2.0;16,3654390000; -61,4584850000;
202100022015.0;3;77;77327;1;1;1.0;1.0;48,5715670000;2,9995890000;
202100022016.0;1;78;78590;1;1;1.0;6.0;48,6804670000;1,9652550000;
202100022017.0;1;34;34341;1;1;7.0;3.0;43,4915264113;3,5759155046;
202100022018.0;3;84;84034;1;3;1.0;2.0;43,8828340000;4,9650320000;
202100022019.0;2;67;67226;2;9;8.0;2.0;48,6028220000;7,5959190000;
202100022020.0;1;54;54038;1;1;8.0;3.0;48,4798914746;6,7153286936;
202100022021.0;3;54;54459;1;6;1.0;7.0;48,6084085715;6,1743485936;
202100022022.0;1;26;26169;1;1;1.0;1.0;44,4715210000;4,7421880000;
202100022023.0;1;07;07159;1;1;1.0;4.0;44,5634100000;4,4807320000;
202100022024.0;1;69;69116;2;9;1.0;3.0;45,8205960000;4,7676430000;
202100022025.0;1;44;44026;2;6;7.0;2.0;47,3082920000; -1,4805190000;
202100022026.0;1;14;14530;1;1;1.0;6.0;49,2265580000; -0,2696870000;
202100022027.0;1;56;56007;2;6;1.0;7.0;47,6714626900; -2,9941700400;
202100022028.0;2;35;35282;1;1;1.0;6.0;48,3028660000; -1,3564920000;
202100022029.0;1;02;02495;1;1;1.0;1.0;49,9716080000;4,0503930000;
202100022030.0;1;62;62014;2;1;1.0;2.0;50,6526580000;2,3944830000;
202100022031.0;3;59;59232;1;1;1.0;2.0;50,3014710000;3,7214260000;
202100022032.0;3;59;59430;1;1;1.0;6.0;50,1336620000;3,5305000000;