Num_Acc;lum;departement;commune;agglomeration;intersection;meteo;type_collision;lat;long;date
202100023346.0;1;68;68329;1;1;1.0;1.0;48,0659490000;7,0476440000;
202100023347.0;5;39;39491;2;1;1.0;7.0;46,3988890000;5,7958300000;
202100023348.0;1;44;44182;2;6;1.0;3.0;47,1794090000; -2,1538780000;
202100023349.0;1;29;29037;2;1;1.0;5.0;47,8760186832; -4,1318826377;
202100023350.0;3;01;01034;1;1;1.0;7.0;45,7575680000;5,6650190000;
202100023351.0;3;70;70257;1;1;1.0;1.0;47,4931390000;5,9315010000;
202100023352.0;1;26;26360;1;1;1.0;6.0;44,4109990000;4,8059610000;
202100023353.0;1;06;06089;1;1;1.0;1.0;43,6547400000;7,0037150000;
202100023354.0;1;05;05142;1;1;1.0;2.0;44,7744384455;6,0177675582;
202100023355.0;5;60;60577;2;1;1.0;6.0;49,4449880000;1,8117200000;
202100023356.0;1;64;64424;1;1;1.0;7.0;43,1873120000; -0,9467930000;
202100023357.0;1;18;18197;2;3;2.0;3.0;46,7213690000;2,5249780000;
202100023358.0;3;43;43120;2;1;1.0;6.0;45,3851740000;3,2735660000;
202100023359.0;2;07;07079;1;1;1.0;6.0;44,9872100000;4,5434470000;
202100023360.0;1;07;07010;1;1;1.0;1.0;45,2372000000;4,6214460000;
202100023361.0;2;07;07329;2;1;1.0;2.0;44,5982290000;4,0780740000;
202100023362.0;1;40;40062;1;6;1.0;7.0;43,9082200000; -0,5428790000;
202100023363.0;1;37;37156;2;1;1.0;6.0;47,3926261438;0,8063003478;
202100023364.0;1;30;30059;2;2;1.0;6.0;43,6731020000;4,2368010000;
202100023365.0;1;66;66055;1;1;1.0;6.0;42,6675090857;2,6672268659;
202100023366.0;1;06;06149;1;1;1.0;2.0;43,7323600000;7,3087510000;
202100023367.0;1;11;11262;2;1;1.0;7.0;43,1653890000;3,1735150000;
202100023368.0;1;975;97501;1;1;1.0;6.0;46,9217800000; -56,3263890000;
202100023369.0;1;971;97118;1;1;1.0;1.0;16,1755950000; -61,6171750000;
202100023370.0;1;971;97107;2;1;1.0;6.0;16,0441293410; -61,5931481123;
202100023371.0;5;44;44020;2;6;1.0;6.0;47,1751870000; -1,6239860000;
202100023372.0;2;91;91044;2;9;1.0;1.0;48,6701890000;2,2805750000;
202100023373.0;1;83;83068;1;1;1.0;1.0;43,2709800000;6,5605650000;
202100023374.0;1;04;04120;1;1;1.0;7.0;44,4349440000;6,8739650000;
202100023375.0;1;71;71571;1;4;1.0;2.0;46,4045734653;4,4465328628;
202100023376.0;1;71;71371;1;2;1.0;3.0;46,3512203371;4,7102384074;
202100023377.0;5;54;54043;2;1;1.0;3.0;48,5965496830;6,1035758265;
202100023378.0;1;42;42328;1;1;1.0;7.0;45,5713340000;3,9764610000;
202100023379.0;1;38;38565;1;1;1.0;4.0;45,2966450000;5,6166150000;
202100023380.0;1;46;46015;1;3;1.0;3.0;44,6704320000;2,1657710000;
202100023381.0;1;32;32207;1;9;1.0;3.0;43,6603100000;0,6583800000;
202100023382.0;1;17;17462;1;1;1.0;1.0;45,7760080000; -0,5615400000;
202100023383.0;5;33;33165;2;1;1.0;7.0;44,8249780000; -0,4387970000;
202100023384.0;1;60;60644;1;1;1.0;7.0;49,2809162892;1,7985670566;
202100023385.0;3;59;59059;1;3;1.0;3.0;50,1267252823;3,4433019161;
202100023386.0;1;59;59659;2;9;1.0;1.0;50,0181290000;4,0239040000;
202100023387.0;1;13;13005;1;1;1.0;2.0;43,2772300000;5,5871490000;
202100023388.0;1;69;69297;1;1;1.0;2.0;45,5990100000;4,7958700000;
202100023389.0;1;91;91377;1;1;1.0;3.0;48,7168000000;2,2913000000;
202100023390.0;3;91;91312;1;1;1.0;6.0;48,7354500000;2,2300600000;
202100023391.0;1;95;95678;1;1;1.0;2.0;49,0629000000;2,2131900000;
202100023392.0;1;93;93005;1;1;1.0;5.0;48,9679400000;2,4795200000;
202100023393.0;1;93;93064;1;1;1.0;2.0;48,8726800000;2,4804000000;
202100023394.0;2;77;77468;1;1;1.0;6.0;48,8507875094;2,6617147956;
202100023395.0;2;77;77373;1;1;1.0;6.0;48,7707900000;2,6122600000;
202100023396.0;1;94;94069;1;1;1.0;6.0;48,8176057496;2,4212441061;
202100023397.0;5;06;06029;2;1;1.0;6.0;43,5462300000;7,0331400000;
202100023398.0;1;92;92048;2;1;8.0;2.0;48,8201416393;2,2396418452;
202100023399.0;3;62;62510;1;1;1.0;2.0;50,4372240000;2,7474670000;
202100023400.0;1;976;97611;2;9;1.0;5.0; -12,7712900000;45,2254000000;
202100023401.0;1;973;97302;2;1;1.0;3.0;4,9404328655; -52,3198671342;
202100023402.0;5;973;97302;2;1;1.0;3.0;4,9335092241; -52,3204143048;
202100023403.0;1;973;97302;2;1;1.0;3.0;4,9404797221; -52,3302471545;
202100023404.0;1;973;97302;2;9;1.0;2.0;4,9340515171; -52,3107161524;
202100023405.0;1;972;97213;1;1;1.0;3.0;14,6207500000; -61,0180100000;
202100023406.0;1;971;97120;2;1;1.0;6.0;16,2270600000; -61,5296200000;
202100023407.0;5;95;95585;2;3;1.0;1.0;48,9912193587;2,3864632845;
202100023408.0;1;88;88413;1;4;3.0;7.0;48,2744000000;6,8994200000;
202100023409.0;5;80;80379;1;1;2.0;3.0;49,8678500000;2,3743100000;
202100023410.0;1;79;79329;2;6;1.0;7.0;46,9793000000; -0,1984000000;
202100023411.0;1;79;79081;2;1;1.0;7.0;46,3490100000; -0,4051200000;
202100023412.0;5;76;76498;2;6;2.0;7.0;49,4199190453;1,0611838102;
202100023413.0;1;74;74012;2;1;1.0;6.0;46,1908100000;6,2340200000;
202100023414.0;1;67;67482;2;1;1.0;6.0;48,5978600000;7,7068000000;
202100023415.0;1;66;66136;2;1;1.0;3.0;42,6999600000;2,8865300000;
202100023416.0;1;40;40312;2;1;1.0;1.0;43,5291100000; -1,4632100000;
202100023417.0;1;64;64102;2;6;1.0;3.0;43,4657800000; -1,4946400000;
202100023418.0;1;64;64140;2;1;1.0;6.0;43,5269080000; -1,4640350000;
202100023419.0;1;64;64102;2;1;1.0;7.0;43,5078800000; -1,4877700000;
202100023420.0;1;56;56121;2;3;1.0;3.0;47,7597500000; -3,3814800000;
202100023421.0;1;55;55545;2;1;1.0;1.0;49,1557600000;5,3604900000;
202100023422.0;1;54;54300;2;1;2.0;3.0;48,6597186387;6,2317270528;
202100023423.0;1;54;54395;2;1;1.0;2.0;48,6844557440;6,1785013229;
202100023424.0;1;51;51454;2;3;1.0;3.0;49,2476100000;4,0513300000;
202100023425.0;1;49;49099;2;9;1.0;3.0;47,0620800000; -0,8958300000;
202100023426.0;1;46;46042;2;1;1.0;6.0;44,4399410000;1,4415890000;
202100023427.0;5;45;45234;2;6;1.0;6.0;47,8340200000;1,9399400000;
202100023428.0;1;35;35238;2;2;1.0;1.0;48,1124500000; -1,6661800000;
202100023429.0;1;35;35238;2;6;1.0;3.0;48,1327150000; -1,6728220000;
202100023430.0;3;35;35051;1;9;2.0;6.0;48,1142500000; -1,5693100000;
202100023431.0;1;34;34172;2;2;1.0;3.0;43,5997200000;3,8754800000;
202100023432.0;3;34;34129;1;1;1.0;2.0;43,5760200000;3,8973500000;
202100023433.0;1;34;34172;2;1;1.0;2.0;43,5918500000;3,8583500000;
202100023434.0;2;33;33529;2;6;1.0;3.0;44,6322600000; -1,2030400000;
202100023435.0;3;29;29051;1;1;1.0;7.0;48,0026685558; -4,0551104347;
202100023436.0;1;29;29232;2;1;1.0;6.0;47,9881606455; -4,0865948796;
202100023437.0;1;25;25056;2;6;1.0;3.0;47,2488000000;5,9963620000;
202100023438.0;1;22;22106;2;1;1.0;7.0;48,4940843936; -2,7127510076;
202100023439.0;1;22;22278;2;6;1.0;2.0;48,4973168164; -2,7471711501;
202100023440.0;2;13;13209;2;1;1.0;1.0;43,2730600000;5,4082600000;
202100023441.0;5;13;13201;2;1;1.0;5.0;43,3020000000;5,3792000000;
202100023442.0;1;13;13047;1;1;1.0;1.0;43,5427360000;4,9558590000;
202100023443.0;1;13;13028;2;1;1.0;1.0;43,1962875264;5,6130073764;
202100023444.0;1;13;13001;2;9;1.0;1.0;43,5121200000;5,4251400000;
202100023445.0;1;11;11262;2;1;1.0;6.0;43,1856700000;3,0014300000;
202100023446.0;5;06;06088;2;1;1.0;6.0;43,6937200000;7,2561600000;
202100023447.0;1;06;06155;2;3;1.0;3.0;43,5722000000;7,0843000000;
202100023448.0;1;06;06004;2;1;1.0;6.0;43,6029410000;7,1144230000;
202100023449.0;1;04;04112;1;1;1.0;2.0;43,8136600100;5,8040800000;
202100023450.0;1;03;03310;2;4;1.0;6.0;46,1244200000;3,4297100000;
202100023451.0;1;75;75104;2;3;1.0;3.0;48,8569270000;2,3539260000;
202100023452.0;1;75;75105;2;2;1.0;3.0;48,8402750000;2,3460330000;
202100023453.0;1;75;75120;2;2;1.0;6.0;48,8686600000;2,3896490000;
202100023454.0;1;75;75118;2;1;1.0;3.0;48,8988850000;2,3441570000;
202100023455.0;1;75;75117;2;1;1.0;3.0;48,8797850000;2,3060900000;
202100023456.0;1;75;75117;2;1;1.0;3.0;48,8932190000;2,3026340000;
202100023457.0;1;75;75116;2;1;1.0;7.0;48,8665480000;2,2418030000;
202100023458.0;1;75;75110;2;2;8.0;6.0;48,8842640000;2,3646350000;
202100023459.0;1;75;75109;2;2;1.0;4.0;48,8767520000;2,3473190000;
202100023460.0;1;75;75107;2;1;1.0;1.0;48,8588050000;2,3315770000;
202100023461.0;5;75;75107;2;1;1.0;6.0;48,8594435829;2,2936247092;
202100023462.0;1;94;94046;2;1;1.0;3.0;48,8048900000;2,4320900000;
202100023463.0;1;94;94073;2;1;1.0;3.0;48,7583100000;2,3929000000;
202100023464.0;5;93;93048;2;9;1.0;3.0;48,8640420000;2,4673380000;
202100023465.0;2;93;93006;2;4;1.0;3.0;48,8644500000;2,4167300000;
202100023466.0;5;93;93007;2;1;1.0;2.0;48,9501300000;2,4573500000;
202100023467.0;5;92;92044;2;2;1.0;3.0;48,8930800000;2,2927400000;
202100023468.0;1;92;92025;2;1;1.0;6.0;48,9161314158;2,2269045647;
202100023469.0;1;92;92025;2;9;1.0;3.0;48,9294139419;2,2655566782;
202100023470.0;1;92;92025;2;2;1.0;3.0;48,9145420000;2,2291740000;
202100023471.0;1;92;92012;2;2;1.0;7.0;48,8372938567;2,2457486566;
202100023472.0;1;92;92002;2;1;8.0;6.0;48,7532481209;2,3059592845;
202100023473.0;1;39;39503;2;1;1.0;6.0;46,7520090000;5,9432600000;
202100023474.0;1;38;38051;1;1;1.0;7.0;45,3189010000;4,9170900000;
202100023475.0;1;86;86174;2;2;1.0;3.0;46,7732900000;0,4826080000;
202100023476.0;1;95;95313;2;1;1.0;6.0;49,1129240000;2,2255630000;
202100023477.0;1;83;83061;1;1;1.0;4.0;43,4691450021;6,7298754104;
202100023478.0;1;972;97217;1;1;1.0;1.0;14,4551050000; -60,9035360000;
202100023479.0;1;27;27355;2;3;1.0;3.0;48,8831890000;1,4587780000;
202100023480.0;1;63;63026;1;1;1.0;6.0;45,6761940000;2,9337570000;
202100023481.0;1;63;63116;1;1;1.0;7.0;45,9779200000;3,0948740000;
202100023482.0;1;12;12216;1;1;7.0;3.0;44,5111130000;2,8385980000;
202100023483.0;1;22;22004;1;1;1.0;7.0;48,6398000000; -3,3251670000;
202100023484.0;2;974;97414;2;2;1.0;1.0; -21,2712320000;55,4401770000;
202100023485.0;1;62;62081;1;2;1.0;3.0;50,2200280000;3,0511740000;
202100023486.0;1;56;56048;2;6;2.0;6.0;48,0669830000; -3,3621860000;
202100023487.0;1;56;56251;1;1;1.0;1.0;47,6358990000; -2,6637770000;
202100023488.0;1;74;74208;1;3;1.0;2.0;45,9245580000;6,6686150000;
202100023489.0;5;2B;2B123;2;1;1.0;1.0;42,0156080000;9,4049940000;
202100023490.0;1;2B;2B123;2;1;1.0;1.0;42,0168790000;9,4059650000;
202100023491.0;1;33;33290;1;1;1.0;7.0;44,9095690000; -0,0948540000;
202100023492.0;3;71;71305;1;1;1.0;3.0;46,4561592211;4,8895083220;
202100023493.0;1;49;49218;1;2;1.0;1.0;47,2705810000; -0,9856150000;
202100023494.0;1;12;12037;1;1;1.0;1.0;44,0067840000;2,7015160000;
202100023495.0;2;44;44069;2;2;2.0;3.0;47,3317550000; -2,4310310000;
202100023496.0;1;29;29106;1;1;1.0;6.0;48,1198060000; -4,0740980000;
202100023497.0;3;29;29167;1;1;3.0;7.0;47,9690800000; -4,2797110000;
202100023498.0;1;29;29003;2;1;1.0;2.0;48,0276210000; -4,5552550000;
202100023499.0;1;15;15061;1;1;1.0;6.0;45,1547760000;2,8239150000;
202100023500.0;1;26;26183;1;3;1.0;1.0;44,7084840000;5,0934590000;
202100023501.0;1;50;50370;1;1;2.0;7.0;49,4155660000; -1,5805080000;
202100023502.0;1;83;83040;1;1;1.0;7.0;43,8009030000;6,6231640000;
202100023503.0;1;09;09131;1;1;1.0;4.0;42,7678010000;1,7426850000;
202100023504.0;1;60;60129;2;1;1.0;3.0;49,5156420000;3,0135400000;
202100023505.0;1;60;60104;2;3;1.0;6.0;49,6321450000;2,2907840000;
202100023506.0;1;60;60029;1;1;1.0;3.0;49,3932950000;2,0017430000;
202100023507.0;1;73;73128;1;1;1.0;1.0;45,7352350000;5,9221960000;
202100023508.0;1;18;18036;1;1;1.0;6.0;47,1526140000;2,1352910000;
202100023509.0;1;16;16085;1;1;1.0;6.0;45,8073540000;0,4528210000;
202100023510.0;2;16;16140;1;1;1.0;6.0;45,8938990000;0,1909140000;
202100023511.0;3;07;07134;1;1;1.0;6.0;44,4982410000;4,2862590000;
202100023512.0;1;24;24520;2;1;1.0;3.0;44,9052390000;1,2079500000;
202100023513.0;1;04;04079;1;1;1.0;7.0;44,1000370000;6,0236840000;
202100023514.0;1;85;85018;1;1;1.0;2.0;46,8888600000; -2,0724790000;
202100023515.0;2;27;27156;1;1;1.0;6.0;48,7871740000;0,7885270000;
202100023516.0;1;87;87030;1;1;1.0;3.0;45,8743460000;0,8530070000;
202100023517.0;1;37;37047;1;1;1.0;3.0;47,5038193873;0,6966108159;
202100023518.0;1;30;30146;1;3;1.0;1.0;43,9913330000;4,1123840000;
202100023519.0;1;88;88426;2;3;1.0;3.0;47,8582130000;6,8286250000;
202100023520.0;1;973;97307;2;1;1.0;2.0;4,8761580000; -52,3372630000;
202100023521.0;5;976;97606;2;1;1.0;3.0; -12,9363120000;45,1478270000;
202100023522.0;1;13;13114;2;1;1.0;1.0;43,5421710000;5,2737160000;
202100023523.0;1;13;13001;1;1;1.0;2.0;43,5285480000;5,3984870000;
202100023524.0;3;987;98714;1;1;1.0;1.0; -16,4708640000; -151,7614890000;
202100023525.0;1;988;98807;1;1;1.0;7.0; -20,6592200000;164,6835210000;
202100023526.0;1;974;97415;2;1;1.0;6.0; -21,0506210000;55,2232500000;
202100023527.0;3;28;28015;2;1;1.0;6.0;48,4641930000;1,7765610000;
202100023528.0;2;77;77153;1;1;1.0;6.0;49,0545040000;2,6993890000;
202100023529.0;1;77;77259;2;3;1.0;1.0;49,0464550000;2,6648600000;
202100023530.0;1;91;91315;1;1;1.0;6.0;48,5162210000;2,3555050000;
202100023531.0;3;34;34299;1;7;1.0;6.0;43,2646590000;3,3302740000;
202100023532.0;5;05;05118;2;1;1.0;6.0;44,2256660000;5,8596070000;
202100023533.0;1;13;13004;1;2;1.0;3.0;43,5844065940;4,7648717587;
202100023534.0;1;67;67394;1;6;1.0;3.0;48,9451660000;7,8920460000;
202100023535.0;1;74;74220;1;1;1.0;1.0;46,1477180000;6,2618150000;
202100023536.0;1;74;74160;1;9;1.0;7.0;45,8714400000;6,3733520000;
202100023537.0;1;74;74302;1;1;1.0;5.0;45,9191690000;6,3846500000;
202100023538.0;1;38;38557;1;1;1.0;1.0;45,7712290000;5,1259110000;
202100023539.0;1;38;38148;1;1;1.0;3.0;45,6168460000;5,4745580000;
202100023540.0;2;26;26085;2;1;1.0;1.0;44,5143370000;4,7565920000;
202100023541.0;1;07;07324;2;1;1.0;6.0;45,0525300000;4,8422210000;
202100023542.0;1;33;33376;2;1;1.0;6.0;44,9111721910; -0,7381170989;
202100023543.0;5;33;33019;1;6;1.0;6.0;44,7184280000; -0,8813300000;
202100023544.0;2;22;22282;1;1;1.0;1.0;48,5984440000; -2,2471600000;
202100023545.0;1;22;22162;2;2;1.0;3.0;48,7688690000; -3,0636250000;
202100023546.0;1;60;60589;2;1;1.0;1.0;49,2426440000;2,4686090000;
202100023547.0;1;60;60138;1;3;1.0;3.0;49,2295090000;2,6245630000;
202100023548.0;1;59;59097;1;1;1.0;2.0;50,1444158122;3,0533891916;
202100023549.0;3;13;13215;1;1;1.0;3.0;43,3604000000;5,3619000000;
202100023550.0;1;33;33162;1;1;1.0;3.0;44,8685010000; -0,6473880000;
202100023551.0;1;33;33162;1;1;1.0;7.0;44,8641970000; -0,6543030000;
202100023552.0;1;33;33003;1;1;1.0;6.0;44,9272920000; -0,4709780000;
202100023553.0;3;62;62274;1;1;2.0;2.0;50,4325510000;2,9790170000;
202100023554.0;1;93;93078;1;1;1.0;2.0;48,9621700000;2,5462700000;
202100023555.0;1;94;94042;1;1;1.0;2.0;48,8251900000;2,4639660000;
202100023556.0;1;94;94073;1;1;8.0;2.0;48,7588800000;2,3837000000;
202100023557.0;1;19;19031;2;1;1.0;2.0;45,1656400000;1,5319100000;
202100023558.0;1;988;98818;2;6;1.0;3.0; -22,2766400000;166,4553100000;
202100023559.0;5;69;69388;2;1;1.0;2.0;45,7451500000;4,8661300000;
202100023560.0;1;69;69383;2;2;1.0;6.0;45,7626500000;4,8578700000;
202100023561.0;1;69;69383;2;1;1.0;2.0;45,7636200000;4,8626300000;
202100023562.0;1;972;97213;2;6;1.0;3.0;14,6183700000; -61,0313900000;
202100023563.0;1;69;69286;2;3;8.0;3.0;45,8136500000;4,8971800000;
202100023564.0;2;971;97101;2;6;1.0;3.0;16,2656300000; -61,5158400000;
202100023565.0;1;87;87075;2;1;1.0;2.0;45,7898100000;1,1741800000;
202100023566.0;1;87;87085;2;1;1.0;3.0;45,8349400000;1,2724500000;
202100023567.0;1;85;85194;2;1;1.0;6.0;46,4998000000; -1,7800500000;
202100023568.0;5;85;85194;2;1;3.0;6.0;46,4890700000; -1,7695300000;
202100023569.0;1;83;83069;2;1;1.0;6.0;43,1103400000;6,1697200000;
202100023570.0;1;80;80489;2;1;1.0;5.0;49,8690901963;2,3734214308;
202100023571.0;1;78;78124;2;3;1.0;6.0;48,9113200000;2,1805110000;
202100023572.0;1;76;76451;2;1;1.0;6.0;49,4569900000;1,0813200000;
202100023573.0;1;76;76429;2;1;1.0;7.0;49,4177800000;1,1465300000;
202100023574.0;1;72;72181;1;9;1.0;6.0;47,9437361052;0,2074613576;
202100023575.0;1;72;72181;2;1;1.0;4.0;47,9741500000;0,2064000000;
202100023576.0;5;64;64102;2;1;1.0;6.0;43,4998200000; -1,4926600000;
202100023577.0;1;64;64102;2;1;8.0;3.0;43,4691300000; -1,4898100000;
202100023578.0;1;64;64024;2;3;1.0;2.0;43,4747900000; -1,5306100000;
202100023579.0;5;63;63014;2;2;1.0;3.0;45,7519700000;3,1181200000;
202100023580.0;1;63;63113;2;1;1.0;2.0;45,7849000000;3,0800200000;
202100023581.0;1;58;58194;2;6;1.0;3.0;46,9924800000;3,1489800000;
202100023582.0;1;51;51454;2;1;1.0;6.0;49,2593799792;4,0447453350;
202100023583.0;1;51;51454;1;1;1.0;2.0;49,2273009922;4,0987774730;
202100023584.0;1;50;50218;2;1;1.0;3.0;48,8380200000; -1,5860800000;
202100023585.0;1;45;45234;2;3;1.0;3.0;47,8831548115;1,9094951749;
202100023586.0;1;45;45234;2;1;8.0;3.0;47,8988800000;1,9204900000;
202100023587.0;1;45;45004;2;3;2.0;3.0;47,9712730000;2,7379710000;
202100023588.0;1;42;42053;1;1;1.0;7.0;45,4976300000;4,6299500000;
202100023589.0;1;35;35238;2;9;1.0;6.0;48,1068500000; -1,7176600000;
202100023590.0;1;35;35238;2;3;1.0;6.0;48,0886300000; -1,6722900000;
202100023591.0;2;35;35238;2;9;1.0;3.0;48,1111200000; -1,6969500000;
202100023592.0;1;33;33281;2;1;1.0;2.0;44,8306600000; -0,6713000000;
202100023593.0;1;29;29232;1;3;1.0;1.0;47,9665100000; -4,0612100000;
202100023594.0;1;29;29232;2;1;1.0;1.0;47,9886500000; -4,0560100000;
202100023595.0;5;28;28134;2;1;1.0;6.0;48,7386100000;1,3605800000;
202100023596.0;1;22;22187;2;1;1.0;4.0;48,5315100000; -2,7565920000;
202100023597.0;1;22;22278;2;1;1.0;6.0;48,5111200000; -2,7604100000;
202100023598.0;5;17;17300;2;2;1.0;3.0;46,1615100000; -1,1654100000;
202100023599.0;5;14;14118;2;1;1.0;3.0;49,1942700000; -0,3949200000;
202100023600.0;1;14;14118;1;1;1.0;7.0;49,1960000000; -0,3796200000;
202100023601.0;1;14;14437;2;1;1.0;6.0;49,1802800000; -0,3168900000;
202100023602.0;1;13;13203;2;1;1.0;2.0;43,3156076511;5,3698278027;
202100023603.0;5;13;13028;2;3;1.0;3.0;43,2007600000;5,6231400000;
202100023604.0;1;11;11069;2;1;1.0;2.0;43,2259000000;2,3386100000;
202100023605.0;1;10;10387;2;1;1.0;3.0;48,2781200000;4,0676700000;
202100023606.0;1;06;06088;2;1;1.0;6.0;43,7026700000;7,2556200000;
202100023607.0;1;05;05061;2;1;1.0;2.0;44,5665500000;6,1016700000;
202100023608.0;1;05;05061;2;1;1.0;2.0;44,5550700000;6,0764510000;
202100023609.0;1;05;05061;2;1;1.0;3.0;44,5568700000;6,0771700000;
202100023610.0;1;75;75119;2;4;1.0;3.0;48,9004053318;2,3808091879;
202100023611.0;1;75;75119;2;1;1.0;4.0;48,9006230000;2,3875040000;
202100023612.0;1;75;75118;2;3;1.0;3.0;48,8964241853;2,3592988802;
202100023613.0;1;75;75116;2;1;1.0;3.0;48,8584690000;2,2886440000;
202100023614.0;1;75;75112;2;1;8.0;3.0;48,8415540000;2,3912780000;
202100023615.0;1;75;75112;2;1;1.0;3.0;48,8450190000;2,4058140000;
202100023616.0;1;75;75111;2;1;1.0;6.0;48,8687850000;2,3802390000;
202100023617.0;1;75;75110;2;3;1.0;3.0;48,8703280000;2,3495740000;
202100023618.0;5;94;94076;2;1;1.0;3.0;48,7845400000;2,3669400000;
202100023619.0;1;94;94028;2;1;8.0;6.0;48,7847500000;2,4411100000;
202100023620.0;5;94;94017;2;1;1.0;3.0;48,8277900000;2,4938800000;
202100023621.0;1;93;93005;2;2;1.0;2.0;48,9492880000;2,4889230000;
202100023622.0;1;92;92072;2;1;1.0;2.0;48,8287000000;2,2246300000;
202100023623.0;5;92;92024;2;1;1.0;3.0;48,9022577830;2,3007182075;
202100023624.0;1;06;06149;2;1;1.0;1.0;43,7469030000;7,3287660000;
202100023625.0;1;71;71231;2;3;1.0;1.0;46,5435850000;4,4543710000;
202100023626.0;1;06;06161;2;1;1.0;6.0;43,6394240000;7,1348710000;
202100023627.0;1;31;31044;2;1;7.0;3.0;43,6083560000;1,4881380000;
202100023628.0;1;28;28088;2;2;1.0;3.0;48,0712400000;1,3374140000;
202100023629.0;1;28;28330;1;1;1.0;1.0;48,0489890000;1,4500710000;
202100023630.0;1;34;34118;1;1;1.0;6.0;43,7166820000;3,9125490000;
202100023631.0;1;56;56100;2;1;2.0;6.0;48,1113390000; -3,4946180000;
202100023632.0;2;56;56081;1;1;1.0;7.0;48,0342770000; -3,6200330000;
202100023633.0;1;80;80213;1;1;1.0;7.0;49,8201960000;2,3891400000;
202100023634.0;1;89;89420;1;1;1.0;1.0;47,5667830000;3,2011200000;
202100023635.0;1;63;63122;1;1;1.0;6.0;45,5147000000;3,0447470000;
202100023636.0;1;41;41095;1;1;1.0;6.0;47,8952250000;1,2006060000;
202100023637.0;1;68;68302;2;1;1.0;7.0;47,7545580000;7,1715710000;
202100023638.0;1;38;38427;1;1;1.0;1.0;45,2849800000;5,3678300000;
202100023639.0;1;85;85224;1;1;1.0;1.0;46,9942170000; -1,3496020000;
202100023640.0;1;06;06038;1;1;1.0;3.0;43,6823580000;6,9735900000;
202100023641.0;2;14;14625;1;1;1.0;7.0;49,1103740000;0,2237184300;
202100023642.0;1;60;60021;1;2;1.0;3.0;49,5949750000;3,1213080000;
202100023643.0;1;64;64350;1;1;1.0;1.0;43,3049050000; -1,3545690000;
202100023644.0;5;24;24547;2;3;1.0;6.0;45,1316190000;1,2776110000;
202100023645.0;1;04;04204;1;1;1.0;3.0;43,9295340000;6,3942790000;
202100023646.0;1;28;28121;1;6;1.0;6.0;48,0957880000;1,8653050000;
202100023647.0;1;23;23076;2;1;1.0;6.0;46,1712570000;2,4839990000;
202100023648.0;2;37;37104;1;3;1.0;5.0;47,2804669712;0,8239818430;
202100023649.0;1;30;30146;2;1;1.0;3.0;43,9926600000;4,1054110000;
202100023650.0;5;08;08125;2;1;8.0;1.0;49,8118310000;4,6115250000;
202100023651.0;1;60;60030;1;1;1.0;6.0;49,3604330000;2,1077550000;
202100023652.0;1;06;06027;1;1;1.0;2.0;43,6634940000;7,1755740000;
202100023653.0;1;17;17367;1;2;9.0;3.0;45,9501200000; -0,3414770000;
202100023654.0;1;974;97421;1;1;8.0;7.0; -21,0152060000;55,5566330000;
202100023655.0;2;2B;2B162;1;1;1.0;1.0;42,4766950000;9,1516540000;
202100023656.0;5;2B;2B134;2;2;1.0;1.0;42,6328340000;8,9384720000;
202100023657.0;1;2B;2B257;1;1;1.0;1.0;42,5878337575;9,2959946407;
202100023658.0;1;34;34272;2;1;1.0;6.0;43,6597920000;4,1131730000;
202100023659.0;1;71;71176;2;1;1.0;6.0;46,4891470000;3,9953760000;
202100023660.0;1;67;67067;2;1;1.0;7.0;48,7384530000;7,7008800000;
202100023661.0;1;67;67101;2;9;1.0;3.0;48,5290930000;7,4980880000;
202100023662.0;1;88;88344;2;1;2.0;2.0;48,3660970000;5,6049750000;
202100023663.0;1;09;09289;2;3;1.0;3.0;43,0073420000;1,1228750000;
202100023664.0;1;17;17421;1;1;1.0;4.0;45,6717940000; -0,9415840000;
202100023665.0;1;59;59084;1;1;1.0;1.0;50,6914230000;2,4527100000;
202100023666.0;3;13;13005;1;1;1.0;2.0;43,3027680000;5,5910600000;
202100023667.0;1;67;67482;1;1;1.0;6.0;48,5710500000;7,7326400000;
202100023668.0;1;33;33122;1;1;1.0;2.0;44,7411660000; -0,7099970000;
202100023669.0;1;59;59123;1;1;8.0;2.0;50,5003220000;3,0074820000;
202100023670.0;1;92;92051;1;1;1.0;4.0;48,8808970151;2,2728550270;
202100023671.0;5;94;94033;1;1;2.0;7.0;48,8486400000;2,4915400000;
202100023672.0;2;974;97411;2;1;1.0;4.0; -20,8765230000;55,4555490000;