Num_Acc;lum;departement;commune;agglomeration;intersection;meteo;type_collision;lat;long;date
202100024002.0;1;73;73011;1;1;1.0;3.0;45,6852000000;6,4044000000;
202100024003.0;1;73;73008;2;3;1.0;6.0;45,6984051034;5,8970839381;
202100024004.0;1;69;69266;2;3;1.0;3.0;45,7876300000;4,8812600000;
202100024005.0;1;69;69256;2;1;1.0;6.0;45,7714993485;4,9086919427;
202100024006.0;1;69;69264;2;9;1.0;3.0;45,9849000000;4,7301600000;
202100024007.0;2;59;59426;2;1;1.0;6.0;50,7477900000;3,1725100000;
202100024008.0;2;59;59122;2;2;1.0;6.0;50,1610200000;3,2259400000;
202100024009.0;1;51;51230;2;2;1.0;3.0;49,0417261832;3,9502387139;
202100024010.0;1;45;45147;2;1;1.0;6.0;47,9303024354;1,9160762429;
202100024011.0;1;37;37261;2;1;1.0;7.0;47,3799375958;0,7265836356;
202100024012.0;5;33;33069;2;1;1.0;2.0;44,8539800000; -0,5934300000;
202100024013.0;1;33;33529;2;1;1.0;2.0;44,6190700000; -1,2016400000;
202100024014.0;1;29;29019;2;1;1.0;6.0;48,3972645269; -4,5150622918;
202100024015.0;1;29;29019;2;1;1.0;7.0;48,4018360000; -4,5021330000;
202100024016.0;1;28;28134;2;1;1.0;1.0;48,7386000000;1,3607200000;
202100024017.0;5;22;22113;2;6;1.0;7.0;48,7466792420; -3,4614993116;
202100024018.0;1;15;15012;1;1;1.0;7.0;44,8739240000;2,4770490000;
202100024019.0;1;14;14118;2;3;1.0;3.0;49,1787300000; -0,3612200000;
202100024020.0;5;13;13213;2;1;1.0;1.0;43,3249300000;5,4423300000;
202100024021.0;1;03;03190;2;1;1.0;3.0;46,5733400000;3,3258700000;
202100024022.0;1;75;75114;2;4;1.0;4.0;48,8192860000;2,3288900000;
202100024023.0;5;75;75114;2;3;1.0;6.0;48,8322350000;2,3305990000;
202100024024.0;1;75;75120;2;5;1.0;3.0;48,8562025326;2,4049311175;
202100024025.0;5;75;75118;2;3;1.0;3.0;48,8946160000;2,3291040000;
202100024026.0;1;75;75118;2;2;1.0;6.0;48,8904960000;2,3496450000;
202100024027.0;1;75;75116;2;2;1.0;6.0;48,8512690000;2,2785530000;
202100024028.0;1;75;75108;2;2;1.0;3.0;48,8737060000;2,3065290000;
202100024029.0;1;75;75102;2;2;1.0;3.0;48,8691800000;2,3386880000;
202100024030.0;1;75;75107;2;1;1.0;4.0;48,8598720000;2,2944490000;
202100024031.0;5;94;94081;2;2;1.0;3.0;48,8024200000;2,3973800000;
202100024032.0;1;94;94043;2;3;1.0;3.0;48,8135100000;2,3614300000;
202100024033.0;1;94;94043;2;1;1.0;3.0;48,8092600000;2,3604600000;
202100024034.0;2;94;94022;2;3;1.0;3.0;48,7688000000;2,4225400000;
202100024035.0;1;94;94022;2;1;1.0;6.0;48,7571000000;2,4121000000;
202100024036.0;2;93;93048;2;1;1.0;3.0;48,8766700000;2,4543800000;
202100024037.0;1;93;93001;2;2;1.0;1.0;48,9088450000;2,3905940000;
202100024038.0;1;92;92040;2;1;1.0;6.0;48,8227714237;2,2534404220;
202100024039.0;1;54;54411;1;1;1.0;7.0;48,4834620000;6,1869660000;
202100024040.0;1;06;06031;1;9;1.0;6.0;43,7703160000;7,3269040000;
202100024041.0;1;84;84008;1;3;1.0;3.0;44,1435410000;5,1053300000;
202100024042.0;1;62;62439;1;9;1.0;3.0;50,7990050000;1,8722520000;
202100024043.0;5;66;66021;2;6;1.0;1.0;42,7344379659;2,9366091639;
202100024044.0;3;62;62205;1;1;1.0;2.0;50,7243260000;2,3312690000;
202100024045.0;2;51;51662;2;3;1.0;3.0;49,2942942187;4,1259583797;
202100024046.0;1;19;19223;1;1;1.0;7.0;45,4666580000;1,4705800000;
202100024047.0;1;74;74177;1;3;1.0;2.0;46,0466120000;6,1833070000;
202100024048.0;1;79;79216;1;3;1.0;6.0;46,2397170000; -0,3119520000;
202100024049.0;1;65;65261;1;1;1.0;6.0;43,2383732343;0,4935460159;
202100024050.0;1;71;71520;2;1;1.0;1.0;46,7346945818;4,8374078983;
202100024051.0;3;41;41168;1;1;5.0;6.0;47,2862020000;2,1107050000;
202100024052.0;1;34;34332;1;1;1.0;1.0;43,3194010000;3,4278310000;
202100024053.0;1;25;25040;1;1;1.0;7.0;47,5080340000;6,9331560000;
202100024054.0;1;29;29018;1;1;1.0;6.0;48,3513701228; -3,8490495667;
202100024055.0;1;38;38269;1;9;1.0;6.0;44,9325650000;5,7827570000;
202100024056.0;1;02;02714;1;9;1.0;1.0;49,3711160000;3,4344210000;
202100024057.0;1;03;03118;1;1;1.0;6.0;46,1060480000;3,1509790000;
202100024058.0;3;85;85246;1;1;1.0;2.0;46,7373080000; -1,1592570000;
202100024059.0;1;70;70567;1;1;1.0;7.0;47,5440690000;6,6491590000;
202100024060.0;1;66;66106;1;3;1.0;3.0;42,5009260000;2,8211470000;
202100024061.0;1;14;14431;2;1;1.0;7.0;49,0680810000; -0,0862650000;
202100024062.0;1;14;14209;1;2;1.0;3.0;49,2562460000; -0,8167920000;
202100024063.0;1;50;50539;1;1;1.0;3.0;49,6734460000; -1,3846210000;
202100024064.0;1;36;36158;1;1;1.0;6.0;46,5314030000;1,6283800000;
202100024065.0;1;07;07260;1;1;1.0;7.0;44,6924210000;4,7163100000;
202100024066.0;1;40;40046;1;1;1.0;3.0;44,4373800000; -1,2339230000;
202100024067.0;3;24;24291;1;1;1.0;1.0;45,0549130000;1,1565150000;
202100024068.0;1;04;04204;1;1;1.0;7.0;43,8935170000;6,4210580000;
202100024069.0;1;27;27057;2;1;1.0;6.0;49,0677110000;1,0440780000;
202100024070.0;3;27;27052;2;1;1.0;6.0;49,2381140000;0,7086690000;
202100024071.0;1;28;28195;1;1;1.0;6.0;48,5742330000;1,6035100000;
202100024072.0;1;17;17367;1;1;1.0;7.0;45,9499470000; -0,3355280000;
202100024073.0;1;08;08214;1;1;1.0;7.0;50,0056430000;4,7963050000;
202100024074.0;1;80;80024;1;1;1.0;6.0;49,9321250000;2,2440170000;
202100024075.0;1;26;26129;1;1;1.0;5.0;45,0544080000;5,1831000000;
202100024076.0;1;01;01343;1;1;1.0;6.0;46,2799660000;4,9826320000;
202100024077.0;1;973;97309;2;1;1.0;3.0;4,8989030000; -52,2738720000;
202100024078.0;1;18;18063;1;1;1.0;7.0;46,8799950000;2,4216700000;
202100024079.0;1;976;97603;2;1;1.0;3.0; -12,8938860000;45,2010420000;
202100024080.0;1;973;97313;1;3;1.0;3.0;4,7828440000; -52,4226380000;
202100024081.0;1;971;97125;2;1;1.0;6.0;16,2449240000; -61,3044300000;
202100024082.0;1;77;77196;1;1;1.0;7.0;48,9485380000;2,7517370000;
202100024083.0;3;2A;2A247;1;1;1.0;3.0;41,6229500000;9,2851640000;
202100024084.0;5;83;83115;2;1;1.0;3.0;43,3176640000;6,6658720000;
202100024085.0;1;03;03113;1;1;1.0;7.0;46,0157030000;3,6640690000;
202100024086.0;1;74;74041;2;1;1.0;7.0;46,2965810000;6,6725150000;
202100024087.0;1;74;74280;2;1;1.0;6.0;45,8815970000;6,3250540000;
202100024088.0;1;38;38449;1;1;1.0;3.0;45,6406920000;5,1101230000;
202100024089.0;1;07;07312;2;1;1.0;1.0;45,1266600000;4,7722460000;
202100024090.0;1;65;65123;1;1;1.0;2.0;42,9454560000;0,2206060000;
202100024091.0;1;17;17307;1;1;1.0;7.0;45,6950030000; -0,9088080000;
202100024092.0;1;24;24080;1;2;1.0;3.0;44,7071570000;0,9236560000;
202100024093.0;1;53;53119;1;1;1.0;7.0;48,0339980000; -0,7585070000;
202100024094.0;1;61;61341;1;2;1.0;3.0;48,5004410000;0,1232530000;
202100024095.0;1;60;60589;2;1;1.0;1.0;49,2425600000;2,4704080000;
202100024096.0;1;59;59660;2;1;1.0;6.0;50,6356010000;3,2227060000;
202100024097.0;1;13;13055;1;1;1.0;2.0;43,2967300000;5,4246000000;
202100024098.0;3;13;13210;1;1;1.0;6.0;43,2850757795;5,4214364290;
202100024099.0;1;69;69283;1;1;1.0;6.0;45,6778210000;4,9581000000;
202100024100.0;3;38;38087;1;1;1.0;2.0;45,5797400000;4,8028100000;
202100024101.0;1;67;67482;1;1;1.0;4.0;48,5871700000;7,7272600000;
202100024102.0;1;94;94038;1;1;1.0;5.0;48,7891200000;2,3444900000;
202100024103.0;1;93;93048;1;1;1.0;4.0;48,8669300000;2,4820200000;
202100024104.0;3;95;95277;1;1;1.0;7.0;48,9756500000;2,4898500000;
202100024105.0;1;95;95394;1;1;1.0;6.0;49,0510714607;2,1919368565;
202100024106.0;1;93;93064;1;1;1.0;3.0;48,8775091635;2,4774153900;
202100024107.0;1;38;38185;2;2;1.0;6.0;45,1890000000;5,7227400000;
202100024108.0;5;17;17299;2;2;1.0;6.0;45,9358450000; -0,9644460000;
202100024109.0;1;974;97407;1;1;1.0;2.0; -20,9349800000;55,2995400000;
202100024110.0;2;69;69199;2;1;1.0;6.0;45,7086300000;4,8546300000;
202100024111.0;1;69;69259;2;9;1.0;2.0;45,7030300000;4,8874100000;
202100024112.0;1;69;69386;2;2;1.0;3.0;45,7669600000;4,8464150000;
202100024113.0;1;69;69382;2;1;1.0;2.0;45,7577100000;4,8351100000;
202100024114.0;1;69;69389;2;1;1.0;6.0;45,7856200000;4,8008600000;
202100024115.0;1;69;69385;2;1;1.0;7.0;45,7579000000;4,8140200000;
202100024116.0;1;95;95277;1;1;1.0;2.0;48,9644700000;2,4693600000;
202100024117.0;3;82;82121;2;1;1.0;7.0;44,0141410000;1,3063910000;
202100024118.0;1;79;79191;2;2;1.0;3.0;46,3189100000; -0,4761500000;
202100024119.0;1;78;78551;1;2;1.0;1.0;48,9394800000;2,0957800000;
202100024120.0;1;77;77450;2;1;1.0;6.0;48,7190110000;2,5895670000;
202100024121.0;1;76;76540;2;2;1.0;3.0;49,4269200000;1,0915000000;
202100024122.0;5;76;76319;2;9;1.0;3.0;49,3499770580;0,9984818101;
202100024123.0;1;71;71059;2;1;1.0;3.0;46,8110335875;4,4763363640;
202100024124.0;5;69;69256;2;1;1.0;4.0;45,7476461252;4,9222705194;
202100024125.0;1;69;69256;2;1;1.0;3.0;45,7518588207;4,9217462540;
202100024126.0;1;68;68297;2;1;1.0;3.0;47,5972080000;7,5599540000;
202100024127.0;5;59;59512;2;2;1.0;3.0;50,6971760000;3,1658790000;
202100024128.0;1;45;45302;2;3;1.0;2.0;47,9641600000;1,8883600000;
202100024129.0;1;44;44109;2;2;1.0;3.0;47,2084700000; -1,5740400000;
202100024130.0;1;31;31069;1;1;1.0;2.0;43,6218380000;1,3929220000;
202100024131.0;1;30;30007;1;1;1.0;7.0;44,0971600000;4,0685700000;
202100024132.0;1;29;29039;1;1;1.0;2.0;47,9245291192; -3,8940900564;
202100024133.0;1;25;25462;1;1;1.0;3.0;46,9242200000;6,4004400000;
202100024134.0;5;25;25056;2;2;1.0;3.0;47,2329980000;6,0193230000;
202100024135.0;3;17;17380;1;1;1.0;7.0;45,6635200000; -1,1196700000;
202100024136.0;5;17;17300;2;2;1.0;3.0;46,1664610000; -1,1509150000;
202100024137.0;5;13;13208;2;1;1.0;2.0;43,2515336256;5,3777968727;
202100024138.0;2;13;13209;2;1;1.0;6.0;43,2728100000;5,4008800000;
202100024139.0;1;13;13211;2;1;1.0;2.0;43,2874879939;5,4478899192;
202100024140.0;1;13;13210;2;1;1.0;3.0;43,2806796366;5,4074904702;
202100024141.0;1;12;12084;2;1;1.0;1.0;44,0843610000;3,0573320000;
202100024142.0;1;11;11069;1;4;1.0;1.0;43,2032400000;2,3740500000;
202100024143.0;1;10;10265;2;2;1.0;3.0;48,3021100000;4,0472700000;
202100024144.0;1;06;06069;2;1;1.0;6.0;43,6817460000;6,9612380000;
202100024145.0;1;75;75118;2;1;1.0;4.0;48,9009310000;2,3452970000;
202100024146.0;1;75;75120;2;7;1.0;3.0;48,8646990000;2,4086170000;
202100024147.0;1;75;75118;2;3;1.0;6.0;48,8902936739;2,3583242775;
202100024148.0;1;75;75114;2;1;1.0;6.0;48,8323240000;2,3207690000;
202100024149.0;1;75;75110;2;3;1.0;2.0;48,8688269663;2,3676234484;
202100024150.0;5;75;75102;2;2;1.0;3.0;48,8693660000;2,3542570000;
202100024151.0;1;75;75102;2;2;1.0;3.0;48,8695370000;2,3367970000;
202100024152.0;1;94;94068;2;4;1.0;3.0;48,8004200000;2,4718100000;
202100024153.0;1;94;94033;2;3;1.0;3.0;48,8483990616;2,4876254797;
202100024154.0;1;94;94002;2;5;1.0;7.0;48,8145900000;2,4119840000;
202100024155.0;1;93;93048;2;1;1.0;3.0;48,8662300000;2,4445900000;
202100024156.0;1;35;35167;1;1;1.0;7.0;47,8278150000; -1,3292490000;
202100024157.0;1;11;11079;1;1;1.0;7.0;43,4032858720;2,2982668877;
202100024158.0;1;06;06149;2;1;1.0;7.0;43,7409480000;7,3112240000;
202100024159.0;1;45;45092;1;3;1.0;6.0;47,9580340000;2,6169990000;
202100024160.0;1;84;84069;1;3;1.0;3.0;44,1968110000;5,1171880000;
202100024161.0;1;84;84137;1;1;1.0;1.0;44,2344800000;5,0816730000;
202100024162.0;1;83;83019;1;1;1.0;3.0;43,1559314827;6,3460830622;
202100024163.0;1;30;30334;1;1;1.0;6.0;44,0031920000;4,3965770000;
202100024164.0;5;31;31203;2;3;1.0;3.0;43,5164240000;1,3156560000;
202100024165.0;1;56;56206;1;3;2.0;1.0;47,6764950000; -2,7340450000;
202100024166.0;1;79;79061;1;1;1.0;5.0;46,2479830000; -0,1894500000;
202100024167.0;2;80;80417;2;3;1.0;6.0;49,8474640000;2,6748980000;
202100024168.0;5;69;69070;2;1;1.0;6.0;46,0189870000;4,3779200000;
202100024169.0;2;32;32365;1;1;1.0;6.0;43,3577310000;0,6945310000;
202100024170.0;1;11;11240;1;1;1.0;6.0;42,9453441000;2,2360560000;
202100024171.0;1;71;71494;1;1;1.0;1.0;46,4076420000;4,8492680000;
202100024172.0;1;46;46038;2;6;1.0;6.0;44,9169580000;1,8379350000;
202100024173.0;1;41;41145;1;1;1.0;7.0;47,4580620000;1,2950890000;
202100024174.0;2;22;22219;1;1;5.0;1.0;48,2539381744; -2,7199869792;
202100024175.0;1;25;25413;2;1;1.0;7.0;46,7155710000;6,1965160000;
202100024176.0;2;25;25325;2;9;1.0;7.0;47,2577820000;6,4663820000;
202100024177.0;1;25;25058;2;3;1.0;3.0;47,2049080000;5,9950540000;
202100024178.0;1;35;35163;1;9;1.0;3.0;48,3041090000; -1,1619350000;
202100024179.0;3;31;31341;1;1;1.0;6.0;43,7230250000;1,3274360000;
202100024180.0;2;38;38463;1;1;1.0;6.0;45,1911940000;5,3469840000;
202100024181.0;1;02;02010;1;1;1.0;6.0;49,4573850000;3,4423790000;
202100024182.0;1;15;15120;2;1;1.0;3.0;45,2146510000;2,3466060000;
202100024183.0;1;15;15122;2;1;1.0;6.0;44,7110650000;2,1975120000;
202100024184.0;1;70;70245;1;3;2.0;3.0;47,9267310000;6,4293940000;
202100024185.0;2;50;50481;1;1;1.0;6.0;49,2340280000; -1,6267700000;
202100024186.0;2;53;53104;2;1;1.0;1.0;47,8543400000; -0,6072310000;
202100024187.0;3;24;24240;1;1;1.0;6.0;44,8874460000;0,8923440000;
202100024188.0;3;28;28395;1;1;1.0;6.0;48,2891580000;0,8615630000;
202100024189.0;3;28;28339;1;1;1.0;6.0;48,4301440000;1,2728690000;
202100024190.0;1;30;30053;2;2;1.0;3.0;43,9777610000;4,2090140000;
202100024191.0;1;48;48069;1;1;1.0;6.0;44,1762850000;3,5351890000;
202100024192.0;1;08;08436;1;1;1.0;6.0;49,9122900000;4,4690430000;
202100024193.0;1;973;97307;2;2;1.0;3.0;4,8793170000; -52,3247590000;
202100024194.0;3;13;13113;1;9;1.0;1.0;43,6061570000;5,4969620000;
202100024195.0;2;01;01451;1;1;1.0;6.0;46,2363700000;5,2779430000;
202100024196.0;1;67;67033;1;1;1.0;6.0;48,7519270000;7,6921570000;
202100024197.0;1;58;58152;1;1;1.0;3.0;46,9038240000;3,1574640000;
202100024198.0;1;13;13066;1;1;1.0;6.0;43,8844080000;4,9237630000;
202100024199.0;1;60;60142;1;1;1.0;1.0;49,1295709702;2,5400691031;
202100024200.0;3;988;98814;1;1;1.0;6.0; -20,7767590000;167,2111420000;
202100024201.0;1;33;33214;1;1;7.0;3.0;45,0013910000; -1,1802750000;
202100024202.0;2;77;77234;2;9;7.0;6.0;48,9192410000;2,7582040000;
202100024203.0;3;77;77178;1;1;1.0;7.0;48,2282640000;2,6621730000;
202100024204.0;3;78;78389;1;1;1.0;2.0;48,8010920000;1,8277360000;
202100024205.0;3;34;34151;1;1;1.0;7.0;43,6218530000;4,1207870000;
202100024206.0;1;83;83068;1;1;1.0;2.0;43,2683837509;6,5528176652;
202100024207.0;1;06;06101;1;3;1.0;3.0;43,9495460000;6,9887920000;
202100024208.0;3;89;89080;1;1;1.0;6.0;48,2706260000;3,2922940000;
202100024209.0;1;71;71371;2;3;1.0;3.0;46,3451850950;4,7209559538;
202100024210.0;1;55;55258;1;1;1.0;6.0;48,7742670000;5,6937200000;
202100024211.0;1;73;73114;1;1;1.0;1.0;45,8214780000;6,5314050000;
202100024212.0;1;38;38317;1;1;1.0;5.0;45,1145410000;5,6989430000;
202100024213.0;1;09;09269;1;1;1.0;6.0;42,9912400000;1,5449990000;
202100024214.0;1;33;33449;1;1;1.0;4.0;44,8955790000; -0,7983010000;
202100024215.0;1;33;33051;2;1;1.0;6.0;44,6609080000; -0,9658530000;
202100024216.0;1;14;14088;1;3;1.0;6.0;48,9643290000; -0,2708820000;
202100024217.0;3;56;56114;1;1;1.0;3.0;47,2949490000; -3,1063630000;
202100024218.0;1;59;59161;2;1;1.0;1.0;50,1028680000;3,2461600000;
202100024219.0;1;13;13203;1;1;1.0;6.0;43,3191700000;5,3777600000;
202100024220.0;1;13;13071;1;1;1.0;4.0;43,4179580000;5,2734690000;
202100024221.0;2;94;94034;1;1;1.0;7.0;48,7587300000;2,3360900000;
202100024222.0;5;92;92012;1;1;1.0;5.0;48,8484271260;2,2390222098;
202100024223.0;2;95;95028;1;9;1.0;6.0;49,0619210000;2,3429200000;
202100024224.0;1;93;93066;1;1;1.0;3.0;48,9061500000;2,3583300000;
202100024225.0;3;77;77438;1;1;1.0;6.0;48,8672434741;2,6703641706;
202100024226.0;1;76;76351;2;1;1.0;6.0;49,5103900000;0,1792600000;
202100024227.0;1;94;94028;2;1;1.0;4.0;48,7896500000;2,4525300000;
202100024228.0;1;78;78291;1;1;1.0;2.0;48,9707750000;1,7334630000;
202100024229.0;1;976;97611;2;9;1.0;3.0; -12,7908800000;45,1788500000;
202100024230.0;2;974;97411;2;2;1.0;3.0; -20,8778000000;55,4510000000;
202100024231.0;1;974;97411;2;9;1.0;2.0; -20,8907000000;55,4549000000;
202100024232.0;1;974;97409;1;1;1.0;2.0; -20,9716905238;55,6552530942;
202100024233.0;1;973;97302;1;1;2.0;2.0;4,9056900000; -52,3231000000;
202100024234.0;1;973;97302;2;4;1.0;1.0;4,9206223351; -52,3217418195;
202100024235.0;5;69;69259;2;2;1.0;3.0;45,7005500000;4,8877300000;
202100024236.0;1;972;97209;1;1;1.0;6.0;14,6300900000; -61,0700200000;
202100024237.0;2;2A;2A004;2;2;1.0;6.0;41,9192000000;8,7368700000;
202100024238.0;1;91;91685;2;1;1.0;7.0;48,6618560000;2,3012730000;
202100024239.0;1;91;91103;2;2;1.0;3.0;48,6125200000;2,2783000000;
202100024240.0;2;91;91064;2;4;8.0;7.0;48,7739600000;2,2285800000;
202100024241.0;5;91;91326;2;1;1.0;3.0;48,6979600000;2,3719400000;
202100024242.0;1;91;91223;2;3;1.0;3.0;48,4361600000;2,1610000000;
202100024243.0;1;87;87085;1;1;1.0;7.0;45,8375500000;1,2774000000;
202100024244.0;1;86;86194;2;1;1.0;4.0;46,5920490000;0,3493202000;
202100024245.0;1;86;86194;2;9;1.0;3.0;46,6136390000;0,3483780000;
202100024246.0;1;83;83069;2;1;1.0;1.0;43,1270900000;6,1768100000;
202100024247.0;1;83;83061;2;1;1.0;3.0;43,4409500000;6,7451100000;
202100024248.0;1;80;80021;2;1;1.0;7.0;49,8968100000;2,3002700000;
202100024249.0;1;76;76231;2;1;1.0;6.0;49,2909300000;1,0073010000;
202100024250.0;1;71;71040;2;1;1.0;6.0;46,7007131010;4,3891586083;
202100024251.0;1;69;69266;2;1;1.0;6.0;45,7650300000;4,9090600000;
202100024252.0;5;69;69266;2;1;1.0;6.0;45,7638500000;4,8734000000;
202100024253.0;1;69;69256;2;3;1.0;2.0;45,7860300000;4,9240700000;
202100024254.0;1;69;69092;1;1;3.0;3.0;46,0100675992;4,7197008133;
202100024255.0;1;69;69115;2;6;1.0;7.0;45,9732300000;4,7075200000;
202100024256.0;5;67;67482;2;3;1.0;1.0;48,5823800000;7,7572900000;
202100024257.0;5;67;67482;2;1;1.0;7.0;48,5782100000;7,7344100000;
202100024258.0;1;66;66136;2;1;1.0;2.0;42,6985700000;2,9289200000;
202100024259.0;1;66;66136;2;1;1.0;5.0;42,6874298100;2,9006172717;
202100024260.0;2;64;64483;1;1;1.0;6.0;43,4206300010; -1,6216700000;
202100024261.0;1;64;64445;2;6;1.0;3.0;43,3045500000; -0,3681100000;
202100024262.0;5;64;64335;2;1;1.0;7.0;43,3300000000; -0,4342000000;
202100024263.0;1;64;64102;2;1;1.0;3.0;43,4930600000; -1,4755600000;
202100024264.0;1;64;64024;2;3;1.0;3.0;43,5033100000; -1,5053900000;
202100024265.0;1;59;59352;2;1;1.0;3.0;50,7320515141;3,0375641584;
202100024266.0;1;59;59650;2;2;1.0;6.0;50,7150800000;3,1797200000;
202100024267.0;1;54;54328;2;2;1.0;3.0;48,6220252935;6,1794622242;
202100024268.0;1;54;54526;2;1;1.0;6.0;48,6865479114;6,2085501105;
202100024269.0;1;54;54184;2;1;1.0;2.0;48,7046783398;6,2458732822;
202100024270.0;1;51;51454;2;3;1.0;7.0;49,2252283536;4,0333663017;
202100024271.0;1;51;51454;2;2;1.0;1.0;49,2490549411;4,0151865614;
202100024272.0;1;50;50129;2;2;1.0;1.0;49,6269500000; -1,6366200000;
202100024273.0;1;50;50129;2;6;1.0;7.0;49,6366200000; -1,6497800000;
202100024274.0;5;44;44109;2;2;1.0;3.0;47,2250500000; -1,5294800000;
202100024275.0;1;41;41018;2;1;1.0;6.0;47,5868700000;1,3270300000;
202100024276.0;1;34;34172;2;1;1.0;7.0;43,6378700000;3,8736600000;
202100024277.0;1;33;33063;2;4;1.0;3.0;44,8325200000; -0,5879200000;
202100024278.0;1;33;33119;2;2;1.0;3.0;44,8543900000; -0,5163400000;
202100024279.0;1;33;33162;2;3;1.0;3.0;44,8811800000; -0,6527300000;
202100024280.0;1;33;33281;2;6;1.0;3.0;44,8171900000; -0,6751600000;
202100024281.0;1;33;33063;2;3;1.0;3.0;44,8502700000; -0,5448500000;
202100024282.0;2;33;33013;2;9;1.0;3.0;44,8429300000; -0,5003500000;
202100024283.0;1;33;33009;2;1;1.0;6.0;44,6569000000; -1,1675000000;
202100024284.0;5;31;31555;2;1;1.0;3.0;43,5774000000;1,4364700000;
202100024285.0;1;31;31555;2;9;1.0;6.0;43,6103370000;1,4845510000;
202100024286.0;5;27;27681;2;2;1.0;1.0;49,0839500000;1,4782200000;
202100024287.0;1;17;17291;1;1;1.0;2.0;46,1736970000; -1,1145530000;
202100024288.0;1;17;17291;2;3;1.0;1.0;46,1863700000; -1,1214800000;
202100024289.0;1;17;17300;2;1;1.0;3.0;46,1567400000; -1,1203200000;
202100024290.0;1;16;16089;1;1;1.0;6.0;45,6813000000; -0,2946990000;
202100024291.0;1;14;14118;2;6;1.0;3.0;49,1705600000; -0,3390000000;
202100024292.0;1;13;13108;1;2;1.0;3.0;43,8051700000;4,7127100000;
202100024293.0;5;13;13203;2;1;1.0;7.0;43,3076100000;5,3738300000;
202100024294.0;1;13;13215;2;3;1.0;1.0;43,3262238383;5,3610610185;
202100024295.0;5;13;13005;2;6;1.0;1.0;43,3009000000;5,5703400000;
202100024296.0;1;11;11069;2;1;1.0;6.0;43,2114000000;2,3226000000;
202100024297.0;1;10;10387;2;3;1.0;3.0;48,2964600000;4,0749100000;
202100024298.0;3;10;10362;2;1;1.0;6.0;48,2919980000;4,0325480000;
202100024299.0;1;06;06088;2;2;1.0;6.0;43,7027790000;7,2514780000;
202100024300.0;2;06;06069;1;1;1.0;5.0;43,6410800000;6,9708750000;
202100024301.0;1;06;06069;2;1;1.0;6.0;43,6602440000;6,9223260000;
202100024302.0;1;06;06123;2;1;1.0;4.0;43,6588850000;7,1885320000;
202100024303.0;1;05;05023;2;3;1.0;3.0;44,8865800000;6,6258900000;
202100024304.0;1;04;04112;1;3;1.0;1.0;43,8003640544;5,7870663238;
202100024305.0;1;75;75114;2;1;1.0;3.0;48,8242920000;2,3063700000;
202100024306.0;1;75;75112;2;4;1.0;5.0;48,8289990000;2,4001340000;
202100024307.0;1;75;75115;2;5;1.0;3.0;48,8507110000;2,2923040000;
202100024308.0;1;75;75120;2;4;1.0;6.0;48,8671630000;2,4132300000;
202100024309.0;5;75;75105;2;2;1.0;6.0;48,8469160000;2,3428400000;
202100024310.0;1;75;75120;2;2;7.0;3.0;48,8534870000;2,4107920000;
202100024311.0;1;75;75119;2;2;1.0;3.0;48,8860070000;2,3981700000;
202100024312.0;2;75;75119;2;2;1.0;6.0;48,8823830000;2,3704100000;
202100024313.0;5;75;75119;2;3;1.0;1.0;48,8836030000;2,3733700000;
202100024314.0;5;75;75118;2;1;1.0;2.0;48,8964590000;2,3456020000;
202100024315.0;1;75;75115;2;7;1.0;7.0;48,8420960000;2,3030770000;
202100024316.0;1;75;75114;2;3;1.0;3.0;48,8269160000;2,3386450000;
202100024317.0;1;75;75108;2;4;1.0;2.0;48,8660160000;2,3191680000;
202100024318.0;1;75;75101;2;2;1.0;6.0;48,8600520000;2,3490610000;
202100024319.0;5;75;75104;2;3;1.0;7.0;48,8508890000;2,3673130000;
202100024320.0;1;94;94076;2;1;1.0;3.0;48,7856750000;2,3668630000;
202100024321.0;5;94;94021;2;1;1.0;6.0;48,7719200000;2,3579300000;
202100024322.0;5;94;94018;2;1;1.0;2.0;48,8232400000;2,4194100000;
202100024323.0;1;94;94017;2;1;1.0;6.0;48,8113760799;2,5547719002;
202100024324.0;2;93;93031;2;9;1.0;3.0;48,9566870000;2,3105510000;
202100024325.0;1;93;93047;2;2;1.0;3.0;48,8901700000;2,5520600000;
202100024326.0;1;93;93008;2;3;9.0;3.0;48,9035000000;2,4243440000;
202100024327.0;1;93;93008;2;7;1.0;2.0;48,9132200000;2,4358900000;
202100024328.0;1;92;92076;2;1;1.0;6.0;48,8319600000;2,1528000000;
202100024329.0;1;92;92050;2;6;1.0;3.0;48,8868431683;2,2004383124;