Num_Acc;lum;departement;commune;agglomeration;intersection;meteo;type_collision;lat;long;date
202100024330.0;1;92;92044;2;2;1.0;3.0;48,8981000000;2,2851500000;
202100024331.0;5;92;92019;2;1;1.0;7.0;48,7666752144;2,2639567405;
202100024332.0;5;92;92019;2;3;1.0;6.0;48,7619580375;2,2863578796;
202100024333.0;1;35;35176;2;1;1.0;1.0;47,8226250000; -1,8025610000;
202100024334.0;1;60;60335;1;1;1.0;5.0;49,5377420000;1,8717530000;
202100024335.0;2;95;95094;1;1;1.0;1.0;49,0229980000;2,4188330000;
202100024336.0;2;52;52461;1;1;1.0;7.0;48,0138560000;5,3998660000;
202100024337.0;1;73;73085;1;1;1.0;6.0;45,8339130000;5,8412290000;
202100024338.0;3;95;95313;1;1;1.0;6.0;49,1248810000;2,2459410000;
202100024339.0;1;84;84110;1;1;1.0;1.0;44,2069850000;5,2828570000;
202100024340.0;1;51;51199;1;1;1.0;7.0;49,1400050965;3,8277217550;
202100024341.0;1;23;23245;1;1;2.0;6.0;46,1714527667;1,8098902702;
202100024342.0;1;63;63093;2;1;1.0;6.0;45,9649140000;2,9990420000;
202100024343.0;2;22;22004;1;1;1.0;7.0;48,6454290000; -3,3273340000;
202100024344.0;1;14;14579;1;1;1.0;6.0;49,0353850000; -0,7020200000;
202100024345.0;3;42;42253;2;1;1.0;7.0;46,0495200000;3,9992170000;
202100024346.0;1;54;54302;1;1;1.0;7.0;49,2558740000;5,8636090000;
202100024347.0;1;34;34253;1;1;1.0;6.0;43,8462140000;3,3112030000;
202100024348.0;1;34;34064;1;1;1.0;2.0;43,8521540000;3,3060050000;
202100024349.0;1;38;38115;1;1;1.0;3.0;44,9651320000;5,6378320000;
202100024350.0;5;57;57238;2;1;1.0;6.0;48,8411400000;6,4423030000;
202100024351.0;1;95;95056;2;1;1.0;1.0;49,0921850000;2,3653780000;
202100024352.0;1;95;95149;1;1;1.0;6.0;49,1313940000;2,4331280000;
202100024353.0;1;19;19137;1;1;1.0;6.0;45,3980020000;1,8607930000;
202100024354.0;1;19;19192;1;1;1.0;1.0;45,1203560000;1,9061920000;
202100024355.0;1;76;76291;1;1;1.0;7.0;49,7104460000;0,3388060000;
202100024356.0;1;76;76144;1;2;1.0;3.0;49,7589690000;0,8690040000;
202100024357.0;1;76;76344;1;1;1.0;1.0;49,7565310000;1,7077980000;
202100024358.0;5;2A;2A006;1;6;1.0;3.0;41,9805810000;8,7779260000;
202100024359.0;1;33;33046;2;3;1.0;3.0;44,3718610000; -0,2436680000;
202100024360.0;2;33;33033;1;1;1.0;1.0;44,7265220000; -0,4494310000;
202100024361.0;1;32;32172;1;1;1.0;6.0;43,5495280000;0,4859470000;
202100024362.0;1;32;32045;1;3;1.0;1.0;43,4866180000;0,4062370000;
202100024363.0;1;71;71015;1;1;1.0;7.0;46,9272820000;4,3944560000;
202100024364.0;5;63;63178;2;2;8.0;3.0;45,5387690000;3,2440330000;
202100024365.0;1;63;63037;1;1;1.0;3.0;45,6356020000;3,6800870000;
202100024366.0;1;61;61414;1;1;1.0;6.0;48,5272000000;0,5331320000;
202100024367.0;5;61;61483;2;9;1.0;6.0;48,5577110000; -0,4186710000;
202100024368.0;1;12;12107;1;1;1.0;6.0;44,3530230000;2,9218910000;
202100024369.0;1;47;47054;1;1;9.0;7.0;44,4010970000;0,4977380000;
202100024370.0;1;47;47069;1;1;1.0;6.0;44,2165170000;0,5978720000;
202100024371.0;1;68;68182;1;1;1.0;7.0;47,4976400000;7,4770120000;
202100024372.0;1;39;39470;1;3;1.0;1.0;46,4849710000;6,0541590000;
202100024373.0;3;39;39299;1;1;1.0;7.0;46,9528850000;5,3634060000;
202100024374.0;1;39;39439;1;1;1.0;1.0;46,9931630000;5,8324530000;
202100024375.0;1;44;44133;1;2;1.0;3.0;47,1313810000; -1,8090160000;
202100024376.0;1;44;44115;1;1;1.0;3.0;47,3529840000; -1,2699830000;
202100024377.0;1;44;44115;2;1;1.0;7.0;47,3493270000; -1,2880780000;
202100024378.0;5;35;35207;2;6;1.0;3.0;48,1129080000; -1,5214990000;
202100024379.0;1;35;35162;1;1;1.0;7.0;48,4812573608; -1,0746906711;
202100024380.0;1;35;35184;2;3;1.0;1.0;48,2014660000; -2,0408500000;
202100024381.0;1;29;29146;1;1;1.0;2.0;47,9136868332; -3,8708728552;
202100024382.0;5;29;29259;2;3;1.0;6.0;48,6843180000; -3,9810740000;
202100024383.0;2;29;29227;2;1;1.0;6.0;48,3361780000; -3,6298950000;
202100024384.0;3;29;29003;2;1;1.0;7.0;48,0260652828; -4,5431497693;
202100024385.0;5;31;31390;2;1;1.0;5.0;43,0918170000;0,5608500000;
202100024386.0;2;65;65305;2;3;1.0;3.0;42,9603542713;0,5684088721;
202100024387.0;1;31;31135;2;4;1.0;3.0;43,2234650000;1,0682110000;
202100024388.0;1;38;38240;1;1;2.0;1.0;45,3925210000;4,9963970000;
202100024389.0;4;38;38029;2;1;1.0;6.0;45,5775130000;5,5209970000;
202100024390.0;1;38;38269;2;1;1.0;6.0;44,9053520000;5,7923320000;
202100024391.0;3;02;02063;1;9;1.0;3.0;49,9340000000;3,2463530000;
202100024392.0;3;84;84009;1;1;1.0;7.0;43,7798010000;5,6150330000;
202100024393.0;1;03;03158;1;1;1.0;3.0;46,4889680000;2,7141380000;
202100024394.0;1;03;03099;1;1;1.0;6.0;46,3641440000;3,0233220000;
202100024395.0;1;15;15066;1;1;1.0;7.0;45,1153970000;2,6703210000;
202100024396.0;1;70;70413;1;1;1.0;6.0;47,7248260000;6,7564090000;
202100024397.0;1;66;66137;1;1;1.0;3.0;42,4733504203;2,8562305767;
202100024398.0;1;72;72349;1;9;1.0;3.0;48,2040760000;0,2013050000;
202100024399.0;1;06;06023;1;1;1.0;2.0;43,9241620000;7,4762390000;
202100024400.0;1;14;14528;1;1;1.0;1.0;49,3295570000;0,3063240000;
202100024401.0;1;05;05164;1;3;7.0;3.0;44,5137430000;6,3722070000;
202100024402.0;1;50;50410;1;1;1.0;6.0;48,6121080000; -1,4981210000;
202100024403.0;1;83;83083;1;4;1.0;3.0;43,4738350000;6,1303930000;
202100024404.0;1;60;60127;1;2;1.0;3.0;49,5931600000;2,7976080000;
202100024405.0;5;60;60601;2;3;1.0;3.0;49,2655555371;2,3937009790;
202100024406.0;1;10;10323;2;5;1.0;3.0;48,5148960000;3,7240400000;
202100024407.0;1;10;10116;2;1;1.0;3.0;48,1478600000;4,0116410000;
202100024408.0;3;36;36142;1;1;1.0;6.0;46,8359600000;1,5928460000;
202100024409.0;1;16;16242;1;2;1.0;3.0;46,0115270000;0,3277280000;
202100024410.0;1;16;16141;1;1;1.0;6.0;45,9201030000;0,1965080000;
202100024411.0;2;53;53160;1;1;1.0;7.0;48,3911140000; -0,5076670000;
202100024412.0;2;24;24443;1;1;1.0;1.0;45,0192910000;1,0798140000;
202100024413.0;1;04;04055;1;1;1.0;5.0;43,9886000000;6,2964860000;
202100024414.0;1;85;85172;1;1;1.0;5.0;46,8275170000; -1,9479270000;
202100024415.0;2;85;85050;1;1;2.0;6.0;46,5169860000; -1,3547410000;
202100024416.0;2;85;85130;1;1;1.0;3.0;46,7620900000; -1,6759300000;
202100024417.0;1;85;85305;1;1;1.0;3.0;46,5624900000; -0,7816600000;
202100024418.0;5;27;27377;2;1;1.0;6.0;49,4010670000;1,4814700000;
202100024419.0;1;27;27208;2;1;1.0;6.0;49,1493800000;0,5103330000;
202100024420.0;1;28;28265;2;1;1.0;6.0;48,3931800000;1,0251620000;
202100024421.0;1;37;37049;1;2;1.0;3.0;47,1797924666;0,9643453136;
202100024422.0;1;37;37156;2;6;1.0;1.0;47,3845612073;0,8411504705;
202100024423.0;1;08;08291;1;1;1.0;2.0;49,6822290000;5,2860650000;
202100024424.0;1;88;88108;1;1;7.0;7.0;47,9667090000;6,3122460000;
202100024425.0;1;24;24186;2;9;1.0;3.0;44,7004280000;0,4170350000;
202100024426.0;1;68;68146;1;1;1.0;2.0;48,1251660000;7,3652600000;
202100024427.0;1;973;97309;1;1;1.0;2.0;4,8891200000; -52,2899650000;
202100024428.0;1;69;69244;2;9;1.0;3.0;45,7569270000;4,7448070000;
202100024429.0;1;69;69244;2;2;1.0;1.0;45,7640500000;4,7602450000;
202100024430.0;1;42;42279;2;1;1.0;3.0;45,5054930000;4,2622470000;
202100024431.0;1;67;67329;1;1;1.0;2.0;48,4479340000;7,5052070000;
202100024432.0;1;47;47201;1;1;1.0;2.0;44,1619650000;0,6062440000;
202100024433.0;3;53;53054;1;1;1.0;2.0;48,1144230000; -0,8009510000;
202100024434.0;1;971;97103;2;9;1.0;3.0;16,2434460000; -61,5621630000;
202100024435.0;1;17;17285;1;1;1.0;3.0;45,8164780000; -0,6512830000;
202100024436.0;1;68;68278;2;3;1.0;6.0;47,7462780000;7,3994480000;
202100024437.0;1;987;98725;2;3;1.0;3.0; -17,5074220000; -149,4836160000;
202100024438.0;3;988;98826;1;3;1.0;6.0; -20,2465400000;164,0680540000;
202100024439.0;5;971;97129;1;2;1.0;3.0;16,2822700000; -61,6699020000;
202100024440.0;1;21;21171;2;4;1.0;3.0;47,2941057979;5,1326658062;
202100024441.0;1;41;41136;2;1;1.0;6.0;47,6975160000;1,5012810000;
202100024442.0;1;45;45335;2;3;1.0;6.0;47,8007240000;2,1391530000;
202100024443.0;1;45;45089;1;9;1.0;2.0;47,9163420000;2,0098540000;
202100024444.0;1;77;77382;1;1;1.0;6.0;48,9075940000;2,8884390000;
202100024445.0;1;2B;2B168;2;3;1.0;3.0;42,6313460000;8,9503970000;
202100024446.0;1;66;66037;1;9;1.0;2.0;42,7143770000;3,0148350000;
202100024447.0;1;66;66182;2;1;1.0;5.0;42,7318630000;3,0223080000;
202100024448.0;3;83;83101;1;1;1.0;6.0;43,2465160000;6,6484770000;
202100024449.0;3;83;83101;1;1;1.0;7.0;43,2289680683;6,6125400525;
202100024450.0;1;83;83081;1;1;1.0;1.0;43,5866158834;6,7935515642;
202100024451.0;1;05;05070;2;1;1.0;7.0;44,3116403097;5,8227968216;
202100024452.0;2;04;04143;1;2;1.0;3.0;43,8848470000;5,9084160000;
202100024453.0;1;13;13007;1;1;1.0;1.0;43,3772470000;5,6843130000;
202100024454.0;1;68;68106;1;1;1.0;7.0;47,8914850000;7,1076390000;
202100024455.0;1;68;68145;2;2;1.0;3.0;48,0809740000;7,3941240000;
202100024456.0;1;67;67263;1;1;1.0;6.0;49,0315160000;7,7593300000;
202100024457.0;1;67;67101;2;1;1.0;3.0;48,5244030000;7,4916670000;
202100024458.0;3;88;88175;1;1;1.0;1.0;48,2170170000;6,5809710000;
202100024459.0;1;74;74286;1;9;1.0;7.0;46,3260580000;6,7362350000;
202100024460.0;1;73;73176;1;1;7.0;3.0;45,6235930000;6,8376990000;
202100024461.0;1;42;42005;2;1;1.0;1.0;45,5272200000;4,2756180000;
202100024462.0;1;26;26235;1;2;1.0;2.0;44,3677200000;4,6565720000;
202100024463.0;1;81;81143;1;1;1.0;1.0;43,5297270000;2,0986030000;
202100024464.0;1;09;09334;1;1;1.0;3.0;42,7729120000;1,4898710000;
202100024465.0;3;16;16291;1;1;1.0;5.0;45,6861670000;0,2050330000;
202100024466.0;1;33;33240;2;1;1.0;3.0;45,3037210000; -0,9351600000;
202100024467.0;3;33;33376;1;1;1.0;6.0;44,9340000000; -0,7154850000;
202100024468.0;2;49;49163;1;1;1.0;7.0;47,5221860000; -0,2400790000;
202100024469.0;1;22;22210;2;1;1.0;7.0;48,8157590000; -3,0179570000;
202100024470.0;1;27;27618;1;1;1.0;7.0;48,9705370000;0,8150800000;
202100024471.0;1;76;76057;2;1;1.0;1.0;49,5375580000;0,9628050000;
202100024472.0;1;80;80395;1;1;1.0;7.0;49,6946950000;2,6618130000;
202100024473.0;1;59;59139;2;9;1.0;5.0;50,1312470000;3,4237130000;
202100024474.0;1;59;59250;2;1;1.0;6.0;50,5841560000;2,8868400000;
202100024475.0;1;13;13215;1;1;1.0;4.0;43,3772500000;5,3581700000;
202100024476.0;1;83;83144;1;1;1.0;2.0;43,1403880000;5,9993280000;
202100024477.0;3;69;69275;1;1;1.0;2.0;45,7837800000;4,9564700000;
202100024478.0;1;33;33063;1;1;1.0;3.0;44,8831900000; -0,5547400000;
202100024479.0;1;33;33281;1;3;1.0;4.0;44,8218900000; -0,6723000000;
202100024480.0;1;33;33090;1;1;1.0;2.0;44,7709600000; -0,6604560000;
202100024481.0;5;93;93027;1;1;1.0;2.0;48,9337700000;2,3892200000;
202100024482.0;3;93;93066;1;1;1.0;4.0;48,9231810000;2,3435600000;
202100024483.0;5;93;93008;1;1;1.0;2.0;48,9107110000;2,4422100000;
202100024484.0;1;94;94028;1;1;1.0;2.0;48,7809800000;2,4410000000;
202100024485.0;1;77;77249;1;1;1.0;2.0;48,7521143200;2,6143782106;
202100024486.0;3;94;94073;1;1;1.0;6.0;48,7692900000;2,3794600000;
202100024487.0;1;73;73011;2;1;1.0;3.0;45,6640200000;6,3856800000;
202100024488.0;1;973;97302;2;9;1.0;2.0;4,9302300000; -52,3045700000;
202100024489.0;1;69;69388;2;2;1.0;2.0;45,7448700000;4,8732100000;
202100024490.0;1;972;97213;1;3;1.0;3.0;14,6163200000; -61,0278500000;
202100024491.0;5;69;69381;2;1;1.0;6.0;45,7697000000;4,8310600000;
202100024492.0;1;69;69149;2;1;1.0;6.0;45,7141200000;4,8064200000;
202100024493.0;1;971;97101;2;3;1.0;2.0;16,2395500000; -61,5198800000;
202100024494.0;1;86;86194;2;1;1.0;3.0;46,5705620000;0,3544400000;
202100024495.0;1;86;86194;2;3;1.0;3.0;46,5869870000;0,3649790000;
202100024496.0;1;84;84035;1;1;1.0;4.0;43,8492880000;5,0485320000;
202100024497.0;1;83;83069;1;1;1.0;3.0;43,1166700000;6,1886100000;
202100024498.0;5;83;83061;2;6;1.0;6.0;43,4233300000;6,7530490000;
202100024499.0;5;83;83061;2;1;1.0;3.0;43,4350100000;6,7259800000;
202100024500.0;1;83;83061;2;3;1.0;3.0;43,4265000000;6,7376400000;
202100024501.0;1;80;80021;2;1;1.0;2.0;49,8973800000;2,2976600000;
202100024502.0;1;77;77251;2;1;1.0;2.0;48,6180600000;2,5471300000;
202100024503.0;1;76;76540;1;1;1.0;2.0;49,4277937350;1,1028329359;
202100024504.0;1;76;76322;2;1;1.0;6.0;49,4036400000;1,0522200000;
202100024505.0;1;76;76351;2;2;1.0;3.0;49,5090300000;0,1082700000;
202100024506.0;1;76;76351;2;2;1.0;3.0;49,4975300000;0,1155500000;
202100024507.0;1;76;76447;1;3;1.0;2.0;49,5430300000;0,1662100000;
202100024508.0;1;70;70550;2;3;1.0;3.0;47,6226200000;6,1641800000;
202100024509.0;2;69;69266;2;3;3.0;7.0;45,7542607377;4,8880080879;
202100024510.0;1;66;66136;2;3;1.0;3.0;42,6846407156;2,8820612592;
202100024511.0;1;64;64545;2;1;1.0;3.0;43,3890300000; -1,6999600000;
202100024512.0;1;64;64483;2;1;8.0;3.0;43,3800000000; -1,6400000000;
202100024513.0;1;63;63063;2;2;1.0;3.0;45,8331600000;3,1004800000;
202100024514.0;1;63;63070;2;4;1.0;3.0;45,7307000000;3,0640200000;
202100024515.0;3;62;62119;2;1;1.0;6.0;50,5288450000;2,6492440000;
202100024516.0;1;56;56121;2;1;1.0;1.0;47,7687100000; -3,3758800000;
202100024517.0;1;56;56121;1;1;1.0;2.0;47,7496700000; -3,3869900000;
202100024518.0;1;54;54395;2;1;1.0;3.0;48,6841400000;6,1964000000;
202100024519.0;1;54;54395;2;2;1.0;3.0;48,6796843970;6,1760680302;
202100024520.0;1;41;41047;2;1;1.0;7.0;47,6072900000;1,3486300000;
202100024521.0;1;40;40192;2;9;1.0;3.0;43,8962000000; -0,4914200000;
202100024522.0;1;37;37261;2;3;1.0;3.0;47,3869499140;0,6981601054;
202100024523.0;1;33;33281;2;2;1.0;3.0;44,8420140000; -0,6607230000;
202100024524.0;1;33;33075;2;8;1.0;3.0;44,8723800000; -0,5912100000;
202100024525.0;1;33;33063;2;1;1.0;6.0;44,8605100000; -0,5763300000;
202100024526.0;1;32;32013;2;1;1.0;7.0;43,6301300000;0,5871800000;
202100024527.0;1;29;29151;2;6;1.0;6.0;48,5819500000; -3,8114100000;
202100024528.0;1;28;28085;2;1;1.0;1.0;48,4517300000;1,4914900000;
202100024529.0;1;27;27229;1;1;1.0;6.0;49,0140900000;1,1077600000;
202100024530.0;1;25;25031;2;4;1.0;1.0;47,4803700000;6,8565200000;
202100024531.0;5;18;18213;2;1;1.0;6.0;47,1080900000;2,4908100000;
202100024532.0;1;13;13071;2;1;1.0;1.0;43,3815900000;5,3467300000;
202100024533.0;1;13;13056;2;1;1.0;3.0;43,4103200000;5,0409000000;
202100024534.0;1;13;13208;2;1;1.0;2.0;43,2762400000;5,3895200000;
202100024535.0;1;13;13215;2;2;1.0;3.0;43,3423900000;5,3599000000;
202100024536.0;1;13;13209;2;9;1.0;3.0;43,2733844190;5,4129743441;
202100024537.0;5;13;13207;2;1;1.0;7.0;43,2757276327;5,3590191733;
202100024538.0;5;13;13063;2;1;1.0;6.0;43,5778100000;5,0112600000;
202100024539.0;1;11;11069;2;1;1.0;3.0;43,2062900000;2,3845800000;
202100024540.0;1;11;11069;2;3;1.0;3.0;43,2284100000;2,3598000000;
202100024541.0;1;10;10387;2;1;1.0;2.0;48,3031000000;4,0625000000;
202100024542.0;1;06;06083;2;1;1.0;6.0;43,7753900000;7,5070900000;
202100024543.0;1;06;06069;2;1;1.0;3.0;43,6538190000;6,9350300000;
202100024544.0;5;06;06029;2;1;1.0;6.0;43,5473200000;7,0460300000;
202100024545.0;1;02;02738;2;2;1.0;3.0;49,6629670000;3,2890970000;
202100024546.0;1;75;75115;2;1;1.0;3.0;48,8349730000;2,2733990000;
202100024547.0;1;75;75118;2;4;1.0;3.0;48,9009940000;2,3414600000;
202100024548.0;5;75;75114;2;1;1.0;3.0;48,8219220000;2,3167330000;
202100024549.0;1;75;75114;2;1;1.0;2.0;48,8234250000;2,3102740000;
202100024550.0;1;75;75117;2;1;1.0;2.0;48,8882760000;2,3044420000;
202100024551.0;5;75;75117;2;4;1.0;3.0;48,8769090000;2,2854160000;
202100024552.0;1;75;75112;2;1;1.0;2.0;48,8228110000;2,4421250000;
202100024553.0;1;75;75112;2;3;1.0;1.0;48,8446750000;2,3691440000;
202100024554.0;1;75;75110;2;2;1.0;2.0;48,8693310000;2,3542590000;
202100024555.0;1;75;75101;2;3;1.0;3.0;48,8662950000;2,3241610000;
202100024556.0;1;94;94073;2;1;1.0;3.0;48,7556200000;2,3688400000;
202100024557.0;1;94;94011;2;1;1.0;6.0;48,7722356951;2,4898079370;
202100024558.0;1;94;94079;2;1;1.0;2.0;48,8263000000;2,5403230000;
202100024559.0;1;94;94017;2;1;1.0;2.0;48,8211500000;2,4870400000;
202100024560.0;1;93;93073;1;1;1.0;7.0;48,9797000000;2,5260000000;
202100024561.0;1;93;93066;2;3;1.0;3.0;48,9453000000;2,3764000000;
202100024562.0;1;93;93070;2;1;1.0;2.0;48,9074400000;2,3413500000;
202100024563.0;5;93;93070;2;1;1.0;3.0;48,9152000000;2,3378200000;
202100024564.0;1;93;93066;2;1;1.0;1.0;48,9330666090;2,3572658301;
202100024565.0;1;93;93001;2;1;1.0;6.0;48,9205900000;2,3774100000;
202100024566.0;5;93;93050;2;2;1.0;3.0;48,8591600000;2,5242100000;
202100024567.0;1;93;93030;2;9;1.0;6.0;48,9473020000;2,4362120000;
202100024568.0;1;93;93027;2;1;1.0;3.0;48,9214700000;2,3833400000;
202100024569.0;1;93;93014;2;1;1.0;6.0;48,9055000000;2,5561400000;
202100024570.0;1;92;92078;2;2;1.0;3.0;48,9249257542;2,3254832625;
202100024571.0;1;92;92048;2;6;1.0;3.0;48,8179000000;2,2488400000;
202100024572.0;5;92;92025;2;2;1.0;3.0;48,9190350000;2,2229700000;
202100024573.0;3;13;13215;1;1;1.0;2.0;43,3494362275;5,3693138366;
202100024574.0;1;13;13088;1;1;1.0;4.0;43,3830000000;5,2205500000;
202100024575.0;1;13;13210;2;1;1.0;4.0;43,2841973998;5,4044795036;
202100024576.0;2;33;33487;1;1;1.0;3.0;44,9499400000; -0,4631000000;
202100024577.0;1;62;62186;1;1;1.0;6.0;50,4365890000;2,7417910000;
202100024578.0;1;91;91340;1;1;1.0;3.0;48,6038200000;2,4372100000;
202100024579.0;1;92;92050;1;1;1.0;2.0;48,9180852121;2,2229496253;
202100024580.0;1;93;93066;1;1;1.0;2.0;48,9253310000;2,3394300000;
202100024581.0;1;95;95252;1;1;1.0;6.0;48,9861300000;2,2116500000;
202100024582.0;1;77;77053;1;1;1.0;3.0;48,6983994113;2,5940234615;
202100024583.0;1;72;72181;2;3;1.0;3.0;47,9689300000;0,2248900000;
202100024584.0;1;26;26250;1;1;2.0;6.0;45,0267380000;4,8748610000;
202100024585.0;1;973;97302;2;4;1.0;2.0;4,9338553721; -52,3193589449;
202100024586.0;1;973;97302;2;1;1.0;1.0;4,9318400000; -52,3231100000;
202100024587.0;1;69;69387;2;2;1.0;6.0;45,7452300000;4,8417800000;
202100024588.0;1;69;69388;2;3;1.0;2.0;45,7455400000;4,8712800000;
202100024589.0;3;95;95018;2;2;1.0;3.0;48,9469300000;2,2381000000;
202100024590.0;1;91;91339;2;2;1.0;3.0;48,6350100000;2,2660600000;
202100024591.0;1;87;87085;2;1;1.0;7.0;45,8396700000;1,2295000000;
202100024592.0;5;87;87085;2;1;1.0;7.0;45,8563500000;1,2842800000;
202100024593.0;5;87;87085;2;3;1.0;3.0;45,8209000000;1,2303700000;
202100024594.0;1;77;77251;1;3;1.0;6.0;48,6148850000;2,5447730000;
202100024595.0;1;76;76540;2;9;1.0;3.0;49,4386600000;1,1079700000;
202100024596.0;1;76;76575;1;1;1.0;2.0;49,3977900000;1,1116600000;
202100024597.0;1;74;74012;2;9;1.0;5.0;46,1928900000;6,2255600000;
202100024598.0;1;72;72181;2;1;1.0;6.0;48,0129800000;0,2156400000;
202100024599.0;1;69;69029;2;1;1.0;6.0;45,7494321182;4,9031598866;
202100024600.0;1;59;59599;2;3;1.0;1.0;50,7348790000;3,1356200000;
202100024601.0;1;59;59009;2;2;1.0;3.0;50,6262000000;3,1365000000;
202100024602.0;3;57;57487;1;1;1.0;3.0;49,0982400000;6,1178900000;
202100024603.0;1;51;51172;2;6;1.0;3.0;49,2174400000;4,0464900000;
202100024604.0;1;49;49099;2;1;1.0;3.0;47,0611600000; -0,8772000000;
202100024605.0;1;45;45232;2;1;1.0;6.0;47,8612700000;1,9113400000;
202100024606.0;5;44;44109;1;2;2.0;3.0;47,2601800000; -1,4994600000;
202100024607.0;1;37;37233;1;1;1.0;1.0;47,3961488988;0,7383316755;
202100024608.0;1;37;37261;2;2;1.0;6.0;47,3840397110;0,6912592517;
202100024609.0;5;34;34172;2;1;1.0;6.0;43,6088732230;3,8419505954;
202100024610.0;1;33;33063;2;1;1.0;6.0;44,8129600000; -0,5734800000;
202100024611.0;1;33;33009;2;1;7.0;6.0;44,6587382359; -1,1515882916;
202100024612.0;1;29;29232;2;1;1.0;6.0;48,0019200000; -4,1120400000;
202100024613.0;1;29;29019;2;9;1.0;3.0;48,4030810000; -4,5063900000;
202100024614.0;1;26;26198;1;1;1.0;6.0;44,5792100000;4,7449200000;
202100024615.0;1;14;14001;2;1;2.0;7.0;49,3899700000;0,2764800000;
202100024616.0;5;14;14118;2;9;1.0;6.0;49,1732200000; -0,3745300000;
202100024617.0;1;14;14118;2;6;1.0;2.0;49,1882100000; -0,3783000000;
202100024618.0;1;13;13211;2;1;1.0;1.0;43,2891232174;5,5109548136;
202100024619.0;1;13;13206;2;1;1.0;3.0;43,2836200000;5,3873100000;
202100024620.0;1;13;13075;2;3;1.0;3.0;43,3376600000;5,4528200000;
202100024621.0;5;13;13063;2;9;1.0;3.0;43,5878800000;4,9994800000;
202100024622.0;1;12;12145;2;3;1.0;3.0;44,1055845691;3,0842374340;
202100024623.0;1;07;07281;1;1;1.0;7.0;44,9519000000;4,8235000000;
202100024624.0;1;06;06088;2;1;1.0;6.0;43,6811700000;7,2066300000;
202100024625.0;1;05;05061;2;4;1.0;2.0;44,5653420000;6,0921920000;
202100024626.0;1;75;75105;2;3;1.0;3.0;48,8418540000;2,3631480000;
202100024627.0;1;75;75116;2;2;2.0;3.0;48,8585200000;2,2448100000;
202100024628.0;1;75;75114;2;3;1.0;3.0;48,8346540000;2,3382210000;
202100024629.0;1;75;75113;2;3;1.0;3.0;48,8379450000;2,3732660000;
202100024630.0;5;75;75109;2;3;1.0;3.0;48,8781360000;2,3301160000;
202100024631.0;1;75;75101;2;2;1.0;6.0;48,8663882209;2,3234843574;
202100024632.0;5;75;75104;2;2;2.0;2.0;48,8533550000;2,3578130000;
202100024633.0;1;75;75104;2;2;1.0;3.0;48,8495140000;2,3656500000;
202100024634.0;1;94;94081;2;1;1.0;6.0;48,7843900000;2,3978900000;
202100024635.0;1;94;94068;2;2;1.0;6.0;48,8109300000;2,4694500000;
202100024636.0;5;94;94016;2;3;1.0;6.0;48,7922700000;2,3439100000;
202100024637.0;1;94;94076;2;3;1.0;3.0;48,7944700000;2,3585800000;
202100024638.0;5;93;93072;2;9;1.0;6.0;48,9656900000;2,3852700000;
202100024639.0;5;93;93066;2;2;1.0;6.0;48,9470450000;2,3574260000;
202100024640.0;5;92;92051;2;1;1.0;2.0;48,8757143571;2,2485467792;
202100024641.0;1;92;92050;2;5;1.0;6.0;48,8864939027;2,2089990982;
202100024642.0;1;92;92050;2;3;1.0;3.0;48,9040200000;2,2187000000;
202100024643.0;5;92;92062;2;9;1.0;1.0;48,8918290000;2,2378060000;
202100024644.0;1;92;92025;2;3;1.0;3.0;48,9180704930;2,2385330919;
202100024645.0;1;92;92024;2;3;1.0;3.0;48,8988810419;2,3127839502;
202100024646.0;1;92;92024;2;1;1.0;5.0;48,9039598051;2,2907553613;
202100024647.0;1;92;92004;2;3;1.0;3.0;48,9165677380;2,2890213132;
202100024648.0;1;50;50117;1;1;1.0;2.0;48,7363060000; -1,5500920000;
202100024649.0;2;40;40304;2;2;1.0;3.0;43,6572270000; -1,4290810000;
202100024650.0;1;10;10282;1;4;1.0;3.0;48,3650530000;3,9696260000;
202100024651.0;2;974;97405;1;1;1.0;2.0; -21,3679970000;55,5631720000;
202100024652.0;1;972;97225;2;1;1.0;2.0;14,7448140000; -61,1765130000;
202100024653.0;1;23;23245;1;1;3.0;6.0;46,1872290000;1,8241380000;
202100024654.0;1;46;46206;1;1;1.0;6.0;44,2849510000;1,2029390000;
202100024655.0;1;42;42253;2;1;1.0;2.0;46,0395040000;4,0150600000;
202100024656.0;3;25;25156;1;1;1.0;7.0;47,4093030000;6,5013580000;
202100024657.0;1;50;50214;1;1;1.0;4.0;48,9343700000; -1,0714240000;
202100024658.0;1;34;34169;1;1;1.0;2.0;43,6685240000;3,8682820000;