Num_Acc;lum;departement;commune;agglomeration;intersection;meteo;type_collision;lat;long;date
202100024659.0;5;31;31157;2;1;1.0;6.0;43,5423740000;1,3381760000;
202100024660.0;2;71;71263;2;2;1.0;6.0;46,6297457278;5,2254213683;
202100024661.0;4;71;71202;1;3;1.0;2.0;46,8478352948;4,8089702235;
202100024662.0;1;35;35224;2;2;7.0;3.0;48,5212720000; -1,8482060000;
202100024663.0;1;14;14403;2;7;1.0;6.0;49,1388600000;0,3726500000;
202100024664.0;1;14;14203;1;3;1.0;3.0;49,2304900000; -0,0863890000;
202100024665.0;1;60;60481;1;3;1.0;3.0;49,2897320000;2,8453100000;
202100024666.0;1;45;45234;2;3;1.0;1.0;47,8196713444;1,9467618513;
202100024667.0;1;10;10033;2;1;1.0;6.0;48,2356570000;4,7019820000;
202100024668.0;1;16;16003;2;1;1.0;2.0;45,7846700000;0,3421480000;
202100024669.0;1;24;24404;1;1;2.0;1.0;44,9962850000;0,8879830000;
202100024670.0;1;04;04022;1;3;1.0;1.0;43,9593760000;6,4323770000;
202100024671.0;1;85;85288;2;1;1.0;3.0;46,4572290000; -1,6201990000;
202100024672.0;1;28;28232;1;1;1.0;6.0;48,5373740000;0,9420310000;
202100024673.0;1;37;37270;1;2;1.0;3.0;47,4414315292;0,8443662375;
202100024674.0;1;67;67115;1;1;1.0;4.0;48,3094880000;7,4765400000;
202100024675.0;3;67;67155;1;1;1.0;6.0;48,4008450000;7,4773550000;
202100024676.0;1;56;56173;1;2;1.0;3.0;47,9533530000; -2,9996590000;
202100024677.0;1;13;13032;1;1;1.0;7.0;43,5879760000;5,2915050000;
202100024678.0;1;988;98827;2;1;7.0;6.0; -21,3292860000;164,9945530000;
202100024679.0;1;973;97312;1;1;1.0;7.0;5,3808670000; -52,9798080000;
202100024680.0;1;28;28073;1;1;1.0;1.0;48,4998190000;1,6795350000;
202100024681.0;1;45;45340;1;1;1.0;3.0;47,6893990000;2,3120960000;
202100024682.0;3;34;34209;1;1;1.0;7.0;43,3139060000;3,3506530000;
202100024683.0;1;83;83119;2;1;1.0;3.0;43,2549940000;6,6373920000;
202100024684.0;1;83;83107;2;1;1.0;2.0;43,3418335850;6,6929622513;
202100024685.0;1;13;13096;1;1;1.0;2.0;43,5461060000;4,3505000000;
202100024686.0;1;26;26002;1;1;1.0;3.0;45,2583840000;4,8363440000;
202100024687.0;1;25;25043;2;1;1.0;1.0;47,4946800000;6,7718140000;
202100024688.0;1;26;26064;2;1;1.0;1.0;44,9104350000;5,0196420000;
202100024689.0;1;81;81090;1;1;1.0;7.0;43,8589470000;2,0755150000;
202100024690.0;1;81;81116;1;1;1.0;6.0;43,6989690000;1,8523760000;
202100024691.0;1;19;19146;2;9;1.0;3.0;45,3126776949;1,7701774835;
202100024692.0;1;17;17452;1;1;1.0;6.0;45,7571860000; -1,2190690000;
202100024693.0;1;40;40063;2;1;1.0;3.0;43,7113870000; -0,9747150000;
202100024694.0;1;33;33449;2;1;1.0;3.0;44,8937110000; -0,7177300000;
202100024695.0;1;60;60628;1;1;1.0;7.0;49,4169202176;2,1728253365;
202100024696.0;5;13;13202;1;1;1.0;2.0;43,3108300000;5,3691100000;
202100024697.0;1;91;91617;1;1;1.0;6.0;48,6420000000;2,5330000000;
202100024698.0;1;94;94043;1;1;1.0;4.0;48,8083944082;2,3479803478;
202100024699.0;1;92;92064;1;1;1.0;4.0;48,8405738553;2,2205005028;
202100024700.0;3;95;95572;1;1;1.0;2.0;49,0317800000;2,1169300000;
202100024701.0;1;94;94052;1;1;1.0;2.0;48,8264700000;2,4665600000;
202100024702.0;1;94;94046;1;1;1.0;6.0;48,8107024269;2,4491754571;
202100024703.0;5;78;78158;2;6;1.0;6.0;48,8290510000;2,1175210000;
202100024704.0;5;976;97611;2;1;1.0;6.0; -12,7839000000;45,2203700000;
202100024705.0;1;71;71076;2;1;1.0;6.0;46,7843000000;4,8643000000;
202100024706.0;2;21;21231;2;3;1.0;6.0;47,3204308999;5,0044842031;
202100024707.0;1;06;06088;2;3;1.0;3.0;43,7126709538;7,2552640736;
202100024708.0;1;92;92025;2;7;1.0;5.0;48,9182420000;2,2389500000;
202100024709.0;1;974;97416;1;1;1.0;7.0; -21,3297900000;55,4975000000;
202100024710.0;1;974;97411;2;1;1.0;3.0; -20,9072000000;55,5039300000;
202100024711.0;1;974;97411;2;1;1.0;3.0; -20,8796700000;55,4558200000;
202100024712.0;1;973;97302;2;1;2.0;7.0;4,9219348012; -52,3219794631;
202100024713.0;1;69;69259;2;1;1.0;3.0;45,7181554681;4,8546051979;
202100024714.0;1;972;97209;2;1;1.0;6.0;14,6041650000; -61,0720490000;
202100024715.0;1;972;97209;2;1;1.0;6.0;14,6052500000; -61,0844600000;
202100024716.0;5;2B;2B033;2;3;1.0;3.0;42,6795600000;9,4433600000;
202100024717.0;1;2B;2B120;1;1;1.0;2.0;42,6361620000;9,4385960000;
202100024718.0;3;91;91692;1;6;1.0;6.0;48,6759100000;2,1943900000;
202100024719.0;1;91;91201;2;2;1.0;5.0;48,6834900000;2,4320400000;
202100024720.0;1;91;91433;1;1;1.0;2.0;48,4633200000;2,1802500000;
202100024721.0;1;87;87085;2;1;1.0;6.0;45,8702100000;1,2681000000;
202100024722.0;1;86;86194;2;9;1.0;1.0;46,5880940000;0,3634150000;
202100024723.0;1;83;83137;2;4;1.0;3.0;43,1220350000;5,9735090000;
202100024724.0;1;72;72181;2;9;1.0;3.0;47,9785900000;0,1700000000;
202100024725.0;1;67;67218;2;3;1.0;3.0;48,5372600000;7,7325800000;
202100024726.0;1;67;67482;2;1;1.0;3.0;48,5926500000;7,7458600000;
202100024727.0;1;66;66136;2;1;1.0;4.0;42,6743800000;2,8880600000;
202100024728.0;1;66;66136;2;3;1.0;6.0;42,7005803779;2,9024824202;
202100024729.0;1;65;65100;2;6;1.0;3.0;43,2582800000;0,0395700000;
202100024730.0;1;64;64483;2;7;1.0;3.0;43,3990200000; -1,6402900000;
202100024731.0;5;64;64102;2;1;1.0;7.0;43,4802300000; -1,4524800000;
202100024732.0;1;63;63113;2;1;1.0;6.0;45,7865100000;3,0811700000;
202100024733.0;1;63;63113;2;3;1.0;3.0;45,7872800000;3,0832200000;
202100024734.0;1;59;59350;2;1;3.0;3.0;50,6081200000;3,0595530000;
202100024735.0;1;54;54547;2;1;1.0;3.0;48,6749163779;6,1872406304;
202100024736.0;1;54;54339;2;2;1.0;7.0;48,7049920549;6,1952879280;
202100024737.0;1;54;54395;2;1;1.0;6.0;48,6878057820;6,1846809648;
202100024738.0;5;54;54329;2;1;1.0;6.0;48,6007000000;6,4920300000;
202100024739.0;1;51;51454;2;4;1.0;2.0;49,2407400000;4,0529300000;
202100024740.0;1;49;49007;2;3;1.0;1.0;47,4578145759; -0,5228403211;
202100024741.0;1;49;49007;2;1;1.0;3.0;47,4676300000; -0,5295700000;
202100024742.0;1;45;45274;1;1;1.0;2.0;47,8660400000;1,9638100000;
202100024743.0;3;45;45234;1;1;1.0;6.0;47,8364000000;1,9161900000;
202100024744.0;1;45;45004;1;1;1.0;6.0;47,9836791334;2,8257822990;
202100024745.0;1;42;42218;2;1;1.0;3.0;45,4408018321;4,4118251216;
202100024746.0;1;40;40192;2;1;1.0;1.0;43,8908200000; -0,4735600000;
202100024747.0;3;34;34108;1;1;1.0;7.0;43,4317820000;3,7691920000;
202100024748.0;1;33;33318;2;2;1.0;3.0;44,8069600000; -0,6929400000;
202100024749.0;1;33;33063;2;2;1.0;3.0;44,8459800000; -0,5766400000;
202100024750.0;1;33;33281;2;2;1.0;3.0;44,8435100000; -0,6729600000;
202100024751.0;1;33;33529;2;1;1.0;2.0;44,5273100000; -1,1708800000;
202100024752.0;1;33;33009;2;1;1.0;6.0;44,6495900000; -1,1872100000;
202100024753.0;1;29;29232;2;1;1.0;7.0;47,9800200000; -4,1210400000;
202100024754.0;5;17;17415;1;1;1.0;3.0;45,7456180000; -0,6880750000;
202100024755.0;5;17;17300;2;6;1.0;1.0;46,1538200000; -1,1806200000;
202100024756.0;1;13;13202;2;2;8.0;3.0;43,3111800000;5,3704100000;
202100024757.0;2;13;13202;2;2;1.0;3.0;43,3113600000;5,3704600000;
202100024758.0;5;11;11069;2;1;1.0;6.0;43,2086800000;2,3815100000;
202100024759.0;1;09;09225;2;1;1.0;3.0;43,1014000000;1,6239900000;
202100024760.0;1;07;07281;1;1;1.0;7.0;44,9286600000;4,8079100000;
202100024761.0;1;75;75105;2;2;1.0;3.0;48,8466000000;2,3516500000;
202100024762.0;5;75;75120;2;2;1.0;3.0;48,8490650000;2,4114900000;
202100024763.0;1;75;75119;2;3;1.0;6.0;48,8834390000;2,3957890000;
202100024764.0;1;75;75116;2;3;1.0;6.0;48,8511840000;2,2752260000;
202100024765.0;2;75;75116;2;1;1.0;2.0;48,8599250000;2,2295390000;
202100024766.0;1;75;75108;2;7;1.0;3.0;48,8647280000;2,3016520000;
202100024767.0;1;75;75115;2;1;1.0;6.0;48,8431730000;2,2943200000;
202100024768.0;1;75;75113;2;1;1.0;6.0;48,8301560000;2,3760150000;
202100024769.0;1;75;75113;2;7;1.0;2.0;48,8315890000;2,3562210000;
202100024770.0;1;75;75112;2;6;1.0;2.0;48,8340530000;2,4448330000;
202100024771.0;1;75;75112;2;2;1.0;3.0;48,8317990000;2,3977420000;
202100024772.0;1;75;75104;2;1;1.0;3.0;48,8518420000;2,3614850000;
202100024773.0;1;94;94046;2;1;1.0;3.0;48,8046000000;2,4432900000;
202100024774.0;1;94;94046;2;1;1.0;3.0;48,8098250000;2,4548780000;
202100024775.0;1;94;94022;2;1;1.0;3.0;48,7727400000;2,4001200000;
202100024776.0;1;93;93027;2;7;1.0;6.0;48,9282000000;2,3783900000;
202100024777.0;1;93;93071;2;1;1.0;3.0;48,9504200000;2,5298040000;
202100024778.0;1;93;93066;2;9;1.0;6.0;48,9411200000;2,3789620000;
202100024779.0;1;93;93031;2;6;1.0;3.0;48,9616500000;2,2949900000;
202100024780.0;1;93;93014;2;1;1.0;2.0;48,9048100000;2,5451600000;
202100024781.0;1;93;93001;2;9;1.0;6.0;48,9115205762;2,3831959884;
202100024782.0;1;92;92050;2;2;1.0;3.0;48,9098480979;2,2156306005;
202100024783.0;1;92;92050;2;1;1.0;3.0;48,8922500000;2,2093500000;
202100024784.0;1;35;35176;1;1;1.0;1.0;47,8575470000; -1,8774820000;
202100024785.0;1;69;69285;1;1;1.0;6.0;45,7645192516;5,0365233421;
202100024786.0;3;64;64367;1;1;1.0;7.0;43,4339940000; -0,6984100000;
202100024787.0;1;71;71398;1;2;1.0;3.0;46,7591390000;4,9955930000;
202100024788.0;1;77;77355;1;2;1.0;6.0;48,4869670000;3,2122510000;
202100024789.0;1;77;77522;1;2;1.0;7.0;48,4508660000;3,3776310000;
202100024790.0;1;80;80310;1;1;1.0;6.0;50,1237350000;2,2339260000;
202100024791.0;3;81;81064;1;1;1.0;7.0;43,9680210000;1,8128140000;
202100024792.0;1;55;55015;1;1;1.0;7.0;48,6412935671;5,1112926006;
202100024793.0;1;49;49331;2;1;1.0;6.0;47,6858350000; -0,8749790000;
202100024794.0;1;42;42302;2;1;1.0;3.0;45,5041400000;4,4350920000;
202100024795.0;1;46;46121;1;1;1.0;7.0;44,7198970000;1,5243850000;
202100024796.0;1;25;25464;1;1;1.0;6.0;46,7237160000;6,1523170000;
202100024797.0;1;25;25356;2;3;1.0;3.0;47,2525680000;6,8016150000;
202100024798.0;1;29;29160;1;1;1.0;7.0;48,5190075791; -4,4388279319;
202100024799.0;3;84;84121;1;1;1.0;7.0;43,7475640000;5,4913620000;
202100024800.0;1;85;85093;1;1;1.0;6.0;46,6592050000; -1,2240310000;
202100024801.0;1;14;14086;1;1;1.0;1.0;49,3388141045;0,1072068213;
202100024802.0;1;14;14543;2;2;1.0;6.0;49,1998670000; -0,4776050000;
202100024803.0;1;50;50215;1;1;1.0;7.0;49,0853770000; -1,5470020000;
202100024804.0;1;90;90063;2;1;1.0;3.0;47,4896440000;6,9760070000;
202100024805.0;1;45;45018;2;1;8.0;6.0;48,1170620000;2,4829530000;
202100024806.0;1;18;18223;1;1;1.0;7.0;47,1941310000;2,3670550000;
202100024807.0;1;85;85004;1;3;1.0;6.0;46,3978730000; -1,3973790000;
202100024808.0;1;28;28282;1;1;1.0;7.0;48,3365220000;1,1428180000;
202100024809.0;1;48;48053;1;1;1.0;6.0;44,4883770000;3,7968710000;
202100024810.0;1;49;49377;2;2;1.0;3.0;47,5195810000; -0,4361220000;
202100024811.0;1;74;74221;1;1;1.0;3.0;45,9915690000;6,4734100000;
202100024812.0;3;988;98822;1;1;1.0;6.0; -20,9449880000;165,3309990000;
202100024813.0;1;976;97608;2;1;1.0;6.0; -12,7874830000;45,2638450000;
202100024814.0;5;29;29233;2;6;1.0;3.0;47,8739491864; -3,5500516891;
202100024815.0;1;83;83065;1;1;1.0;3.0;43,2571353449;6,5941250323;
202100024816.0;2;83;83055;1;1;1.0;6.0;43,5961782301;6,6944093852;
202100024817.0;1;13;13027;1;2;1.0;2.0;43,8713070000;4,8189430000;
202100024818.0;1;55;55435;1;1;1.0;7.0;48,7437170000;5,0223080000;
202100024819.0;1;54;54258;1;1;1.0;3.0;48,6775870000;6,5639020000;
202100024820.0;2;73;73258;1;1;1.0;6.0;45,2227696376;6,4517484981;
202100024821.0;1;38;38276;1;3;1.0;6.0;45,5764450000;5,3019650000;
202100024822.0;1;38;38382;2;2;1.0;3.0;45,2282580000;5,6840890000;
202100024823.0;1;24;24022;1;1;1.0;4.0;44,8502980000;0,8026940000;
202100024824.0;1;33;33322;1;1;2.0;6.0;44,9440250000; -0,6788030000;
202100024825.0;1;49;49301;2;1;1.0;6.0;47,1154450000; -0,9932920000;
202100024826.0;1;14;14047;2;3;1.0;7.0;49,2758270000; -0,7198190000;
202100024827.0;1;27;27016;2;1;1.0;3.0;49,2466470000;1,4175210000;
202100024828.0;3;13;13071;1;1;1.0;2.0;43,4001900000;5,2969800000;
202100024829.0;1;13;13106;1;1;1.0;4.0;43,3979200000;5,3505300000;
202100024830.0;5;69;69081;1;1;1.0;2.0;45,7765400000;4,7915000000;
202100024831.0;1;69;69256;1;1;1.0;2.0;45,8036100000;4,9261200000;
202100024832.0;3;42;42186;1;1;1.0;3.0;45,5279750000;4,6085770000;
202100024833.0;3;59;59447;1;1;1.0;2.0;50,3880140000;3,6123990000;
202100024834.0;3;59;59350;1;1;1.0;6.0;50,6165072925;3,0600022534;
202100024835.0;1;91;91521;1;1;1.0;7.0;48,6324200000;2,4052700000;
202100024836.0;1;94;94034;1;1;2.0;6.0;48,7589540937;2,3243421458;
202100024837.0;1;93;93027;1;1;1.0;2.0;48,9234100000;2,3832600000;
202100024838.0;1;95;95394;1;1;2.0;6.0;49,0501800000;2,1840900000;
202100024839.0;1;93;93027;1;1;2.0;6.0;48,9228800000;2,3806000000;
202100024840.0;1;93;93005;1;1;2.0;6.0;48,9447200000;2,4769900000;
202100024841.0;5;93;93013;1;1;1.0;2.0;48,9402800000;2,4227600000;
202100024842.0;3;95;95500;1;1;1.0;2.0;49,0384100000;2,0877700000;
202100024843.0;1;94;94033;1;1;1.0;6.0;48,8530700000;2,4898900000;
202100024844.0;1;14;14118;1;1;1.0;4.0;49,1963600000; -0,3928100000;
202100024845.0;1;83;83126;2;1;1.0;6.0;43,0811700000;5,8868400000;
202100024846.0;1;59;59350;2;1;1.0;6.0;50,6199800000;3,0650000000;
202100024847.0;1;28;28012;1;1;1.0;7.0;48,0918290000;1,1211420000;
202100024848.0;1;976;97611;2;1;8.0;3.0; -12,7870900000;45,2254800000;
202100024849.0;1;974;97407;2;1;1.0;3.0; -20,9358300000;55,2909700000;
202100024850.0;2;973;97302;2;4;1.0;3.0;4,9261600000; -52,3136100000;
202100024851.0;1;69;69383;2;1;1.0;6.0;45,7531700000;4,8689300000;
202100024852.0;5;972;97209;1;1;1.0;1.0;14,6161880000; -61,0616750000;
202100024853.0;1;69;69385;2;3;1.0;3.0;45,7523000000;4,8033100000;
202100024854.0;1;69;69382;2;2;1.0;3.0;45,7343000000;4,8181000000;
202100024855.0;1;2B;2B033;2;1;1.0;4.0;42,6620799133;9,4422401723;
202100024856.0;1;2B;2B033;2;1;1.0;1.0;42,7011300000;9,4523900000;
202100024857.0;1;2A;2A004;2;1;1.0;1.0;41,9582400000;8,7801700000;
202100024858.0;1;91;91479;2;1;1.0;6.0;48,7088200000;2,3700000000;
202100024859.0;1;87;87085;2;1;1.0;2.0;45,8286600000;1,2266800000;
202100024860.0;1;84;84007;2;1;1.0;1.0;43,9357400000;4,8291900000;
202100024861.0;2;80;80021;2;2;1.0;3.0;49,8755900000;2,2811800000;
202100024862.0;1;78;78238;2;9;2.0;2.0;48,9635300000;1,8628200000;
202100024863.0;1;77;77285;2;2;1.0;3.0;48,5358900000;2,6242630000;
202100024864.0;3;67;67482;1;1;1.0;7.0;48,5365900000;7,7870600000;
202100024865.0;1;67;67482;2;1;1.0;3.0;48,5727600000;7,7160500000;
202100024866.0;1;66;66136;2;1;3.0;6.0;42,7028100000;2,8933200000;
202100024867.0;1;66;66136;2;1;2.0;6.0;42,6884000000;2,8832300000;
202100024868.0;1;65;65100;1;1;1.0;2.0;43,2600445613;0,0718080997;
202100024869.0;1;64;64102;2;1;1.0;7.0;43,4952100000; -1,4822600000;
202100024870.0;1;64;64024;2;1;1.0;7.0;43,4809800000; -1,5110900000;
202100024871.0;1;64;64102;2;1;1.0;2.0;43,4884900000; -1,4909200000;
202100024872.0;5;59;59599;2;2;1.0;3.0;50,7353400000;3,1466600000;
202100024873.0;1;59;59009;2;2;1.0;3.0;50,6642500000;3,1459100000;
202100024874.0;2;56;56098;2;1;1.0;6.0;47,7556700000; -3,3418200000;
202100024875.0;5;54;54547;2;1;1.0;6.0;48,6719336824;6,1942532659;
202100024876.0;1;53;53130;2;1;2.0;3.0;48,0601400000; -0,7774800000;
202100024877.0;1;51;51454;2;1;1.0;2.0;49,2602407449;4,0089207888;
202100024878.0;1;45;45068;2;1;1.0;3.0;48,0109894312;2,7066493034;
202100024879.0;1;41;41018;2;9;1.0;3.0;47,5947900000;1,3301500000;
202100024880.0;5;38;38185;2;3;1.0;3.0;45,1647000000;5,7285500000;
202100024881.0;1;35;35055;1;1;8.0;2.0;48,0958800000; -1,6202100000;
202100024882.0;1;33;33550;2;6;1.0;3.0;44,7781010000; -0,5705537000;
202100024883.0;1;33;33529;2;1;1.0;4.0;44,6133900000; -1,1282100000;
202100024884.0;3;33;33009;2;2;1.0;3.0;44,6575470000; -1,1467790000;
202100024885.0;1;25;25031;2;3;1.0;3.0;47,4805500000;6,8382900000;
202100024886.0;1;17;17333;2;1;1.0;6.0;45,6108300000; -0,9787100000;
202100024887.0;1;14;14437;1;1;2.0;4.0;49,1632700000; -0,3063400000;
202100024888.0;5;13;13209;2;1;1.0;3.0;43,2457000000;5,4039000000;
202100024889.0;3;13;13047;1;6;1.0;2.0;43,4762300000;4,9969000000;
202100024890.0;1;06;06069;2;3;1.0;6.0;43,6505590000;6,9214040000;
202100024891.0;1;02;02738;2;1;1.0;7.0;49,6570940000;3,3048150000;
202100024892.0;1;75;75120;2;2;1.0;6.0;48,8591630000;2,4021320000;
202100024893.0;1;75;75116;2;1;1.0;6.0;48,8636290000;2,2369690000;
202100024894.0;1;75;75115;2;1;1.0;6.0;48,8352890000;2,3091920000;
202100024895.0;1;75;75112;2;2;1.0;2.0;48,8469060000;2,4113470000;
202100024896.0;1;75;75112;2;1;1.0;4.0;48,8347640000;2,3809370000;
202100024897.0;1;75;75112;2;3;1.0;3.0;48,8292070000;2,3902660000;
202100024898.0;1;75;75111;2;2;2.0;6.0;48,8629310000;2,3875170000;
202100024899.0;1;75;75110;2;1;1.0;7.0;48,8810740000;2,3700930000;
202100024900.0;1;75;75110;2;1;2.0;6.0;48,8783160000;2,3532400000;
202100024901.0;1;75;75107;2;1;1.0;3.0;48,8615660000;2,2977130000;
202100024902.0;3;94;94046;2;1;2.0;6.0;48,7895700000;2,4353570000;
202100024903.0;1;94;94077;2;1;1.0;2.0;48,7284300000;2,4320000000;
202100024904.0;1;93;93066;2;1;1.0;6.0;48,9350170000;2,3501080000;
202100024905.0;1;93;93066;2;2;2.0;5.0;48,9153724593;2,3575440382;
202100024906.0;1;93;93051;2;2;1.0;3.0;48,8469800000;2,5403600000;
202100024907.0;1;93;93048;2;1;1.0;3.0;48,8571000000;2,4304000000;
202100024908.0;1;93;93031;2;1;1.0;3.0;48,9492800000;2,3297300000;
202100024909.0;1;93;93031;2;1;1.0;3.0;48,9565560000;2,3107180000;
202100024910.0;1;93;93047;2;1;8.0;3.0;48,9031900000;2,5771700000;
202100024911.0;1;93;93014;2;1;1.0;6.0;48,9082290000;2,5550690000;
202100024912.0;5;93;93007;2;1;1.0;2.0;48,9440900000;2,4723600000;
202100024913.0;1;93;93001;2;1;1.0;3.0;48,9066400000;2,3695310000;
202100024914.0;1;92;92050;2;1;1.0;3.0;48,8938100000;2,1777700000;
202100024915.0;1;92;92050;2;3;1.0;3.0;48,8939800000;2,2273200000;
202100024916.0;1;92;92036;2;3;1.0;6.0;48,9337766433;2,3133891972;
202100024917.0;5;92;92023;2;2;1.0;3.0;48,7834224082;2,2467102022;
202100024918.0;3;974;97415;1;1;1.0;3.0; -20,9737820000;55,3051680000;
202100024919.0;1;01;01290;1;9;1.0;3.0;45,8891490000;5,1742280000;
202100024920.0;3;17;17373;1;1;1.0;6.0;46,1461560000; -0,9845840000;
202100024921.0;1;988;98812;1;1;1.0;6.0; -20,4985570000;164,2773150000;
202100024922.0;1;05;05161;2;3;1.0;2.0;44,9438880000;6,5567460000;
202100024923.0;1;974;97412;1;6;1.0;1.0; -21,3736520000;55,6151860000;
202100024924.0;1;63;63219;1;1;8.0;7.0;45,7943250000;2,9004340000;
202100024925.0;1;67;67106;2;1;7.0;1.0;48,7570970000;7,9602440000;
202100024926.0;3;30;30221;1;1;1.0;6.0;44,0606690000;4,7706410000;
202100024927.0;1;30;30334;1;9;1.0;3.0;44,0194450000;4,4297650000;
202100024928.0;1;56;56237;1;1;1.0;5.0;48,0134320000; -2,9735290000;
202100024929.0;5;56;56161;1;6;1.0;3.0;47,6678620000; -3,0703780000;
202100024930.0;5;2B;2B251;2;1;1.0;6.0;41,9865860000;9,4011690000;
202100024931.0;1;82;82187;1;3;1.0;3.0;44,1474060000;1,8556330000;
202100024932.0;1;81;81175;1;1;1.0;6.0;43,9591750000;1,5858940000;
202100024933.0;1;32;32301;1;1;1.0;7.0;43,6873630000;0,5126880000;
202100024934.0;1;76;76618;1;2;1.0;1.0;49,9365830000;1,1683700000;
202100024935.0;5;49;49221;1;2;1.0;3.0;47,4564630000;0,0159540000;
202100024936.0;1;47;47079;1;3;1.0;3.0;44,3798830000;0,8635850000;
202100024937.0;1;34;34281;1;1;1.0;1.0;43,5277475013;3,5499022901;
202100024938.0;1;22;22181;1;1;1.0;7.0;48,2217850000; -3,1965070000;
202100024939.0;1;39;39255;1;3;1.0;3.0;46,5344190000;5,4274330000;
202100024940.0;1;31;31317;2;1;1.0;7.0;43,3068800000;1,1084070000;
202100024941.0;1;38;38370;1;1;1.0;7.0;45,1079350000;5,2376300000;
202100024942.0;1;38;38547;2;6;1.0;3.0;45,2642270000;5,9004520000;
202100024943.0;1;02;02758;1;9;1.0;6.0;49,4191960000;3,5123340000;
202100024944.0;1;84;84133;2;1;1.0;2.0;43,7215420000;5,5421320000;
202100024945.0;1;03;03247;1;1;1.0;3.0;46,5832880000;3,1746840000;
202100024946.0;5;26;26106;2;1;1.0;3.0;44,6508720000;4,7829310000;
202100024947.0;1;14;14119;2;9;1.0;3.0;49,1501380000; -0,2641920000;
202100024948.0;1;05;05050;1;1;1.0;2.0;44,4639810000;6,2224450000;
202100024949.0;1;90;90033;2;1;1.0;1.0;47,5128820000;7,0010050000;
202100024950.0;1;83;83044;1;1;1.0;6.0;43,6719486502;6,5051865889;
202100024951.0;3;45;45296;1;1;1.0;6.0;47,9820020000;1,7168390000;
202100024952.0;2;43;43152;1;1;1.0;7.0;45,0964430000;3,8521780000;
202100024953.0;1;43;43039;2;3;1.0;7.0;44,9349560000;3,8799690000;
202100024954.0;1;10;10199;2;3;7.0;2.0;48,0633930000;4,5062510000;
202100024955.0;1;07;07155;1;1;1.0;7.0;44,6183230000;4,3528520000;
202100024956.0;1;07;07288;1;3;1.0;5.0;44,7183570000;4,4929150000;
202100024957.0;1;85;85204;2;4;1.0;3.0;46,8230500000; -1,7596800000;
202100024958.0;1;87;87153;1;1;1.0;6.0;45,8346600000;1,6976450000;
202100024959.0;1;48;48094;2;1;1.0;1.0;44,3334420000;3,2211830000;
202100024960.0;1;987;98750;1;1;1.0;1.0; -16,8025740000; -151,4240780000;
202100024961.0;2;971;97125;1;9;1.0;2.0;16,2589170000; -61,2982710000;
202100024962.0;1;77;77273;1;1;2.0;1.0;49,0486840000;2,7627610000;
202100024963.0;1;84;84129;1;1;1.0;7.0;43,9930920000;4,8646470000;
202100024964.0;1;83;83042;1;1;1.0;1.0;43,2307040000;6,5191950000;
202100024965.0;1;83;83064;2;6;1.0;3.0;43,3308130000;6,0465630000;
202100024966.0;3;06;06128;1;6;1.0;6.0;43,6861630000;7,1303470000;
202100024967.0;1;89;89427;2;1;1.0;1.0;47,7477210000;3,5418620000;
202100024968.0;1;38;38190;2;3;1.0;2.0;45,8046470000;5,2882220000;
202100024969.0;1;26;26169;1;3;1.0;3.0;44,4704260000;4,7417490000;
202100024970.0;1;69;69009;1;1;1.0;2.0;45,9555250000;4,7150880000;
202100024971.0;1;81;81105;2;1;1.0;6.0;43,7608211844;1,9869174063;
202100024972.0;1;60;60589;2;3;1.0;7.0;49,2227712694;2,4554754495;
202100024973.0;3;13;13005;1;1;1.0;2.0;43,2856500000;5,5695200000;
202100024974.0;1;83;83129;1;1;1.0;1.0;43,1202970331;5,8488638741;
202100024975.0;1;33;33448;1;1;1.0;4.0;44,7013710000; -0,5028940000;
202100024976.0;1;59;59196;1;1;1.0;5.0;50,6358060187;2,9447216966;
202100024977.0;1;59;59356;1;1;1.0;3.0;50,6532880138;3,0043745041;
202100024978.0;1;94;94021;1;1;1.0;7.0;48,7596200000;2,3385900000;
202100024979.0;3;91;91286;1;1;1.0;6.0;48,6520070000;2,3825820000;
202100024980.0;1;92;92036;1;1;1.0;5.0;48,9378886633;2,2976672190;
202100024981.0;1;95;95582;1;1;2.0;6.0;48,9633900000;2,2626500000;
202100024982.0;3;94;94074;1;1;1.0;4.0;48,7668528202;2,4541433386;
202100024983.0;1;94;94052;1;1;1.0;4.0;48,8411888425;2,4928625425;
202100024984.0;1;94;94079;1;1;1.0;6.0;48,8359457627;2,5398910046;
202100024985.0;1;44;44073;1;2;1.0;3.0;47,4219125749; -1,6587209702;
202100024986.0;2;77;77108;2;1;1.0;6.0;48,8746100000;2,5846600000;