Num_Acc;lum;departement;commune;agglomeration;intersection;meteo;type_collision;lat;long;date
202100024987.0;1;973;97302;2;1;1.0;7.0;4,9359547047; -52,3306918144;
202100024988.0;1;69;69388;2;1;1.0;2.0;45,7308000000;4,8747100000;
202100024989.0;1;69;69386;2;3;1.0;3.0;45,7636192093;4,8470561206;
202100024990.0;5;95;95424;2;1;2.0;6.0;48,9834125709;2,1818938851;
202100024991.0;5;76;76259;2;1;8.0;6.0;49,7571200000;0,3630300000;
202100024992.0;2;74;74118;2;6;1.0;3.0;46,1804162500;6,2298081200;
202100024993.0;1;69;69271;2;2;1.0;3.0;45,7432641061;4,9372616403;
202100024994.0;1;59;59350;2;2;1.0;3.0;50,6166300000;3,0631200000;
202100024995.0;1;45;45147;2;2;1.0;3.0;47,9335079870;1,9214061563;
202100024996.0;2;44;44055;2;1;1.0;2.0;47,2875000000; -2,3812960000;
202100024997.0;1;43;43002;2;1;1.0;2.0;45,0502983815;3,8815051317;
202100024998.0;1;38;38185;2;2;1.0;3.0;45,1618800000;5,7156800000;
202100024999.0;3;38;38151;1;1;8.0;5.0;45,1524100000;5,6978200000;
202100025000.0;1;35;35238;1;1;1.0;2.0;48,1170400000; -1,7195400000;
202100025001.0;5;34;34032;2;1;1.0;6.0;43,3548410000;3,2397940000;
202100025002.0;1;34;34003;2;1;1.0;1.0;43,2852700000;3,5055700000;
202100025003.0;1;31;31555;2;1;1.0;;43,6539700000;1,4200900000;
202100025004.0;1;29;29019;2;3;1.0;3.0;48,4045151351; -4,5098054410;
202100025005.0;1;17;17380;1;1;1.0;1.0;45,6554000000; -1,0959000000;
202100025006.0;1;17;17291;1;1;1.0;4.0;46,1717700000; -1,1209600000;
202100025007.0;3;17;17028;2;1;2.0;6.0;46,1315500000; -1,1146600000;
202100025008.0;1;17;17291;1;1;1.0;5.0;46,1766600000; -1,1261900000;
202100025009.0;1;13;13209;2;1;1.0;1.0;43,2422500000;5,4491600000;
202100025010.0;1;13;13214;2;1;1.0;3.0;43,3333000000;5,3989000000;
202100025011.0;5;13;13205;2;9;1.0;2.0;43,2900000000;5,4000000000;
202100025012.0;1;13;13210;2;9;1.0;3.0;43,2694000000;5,4216000000;
202100025013.0;1;05;05023;2;1;1.0;6.0;44,8975500000;6,6372600000;
202100025014.0;1;75;75115;2;1;1.0;6.0;48,8349730000;2,2733990000;
202100025015.0;1;75;75105;2;2;1.0;3.0;48,8508160000;2,3455290000;
202100025016.0;1;75;75119;2;3;1.0;6.0;48,8751530000;2,3736180000;
202100025017.0;1;75;75119;2;1;1.0;3.0;48,8890610000;2,3939420000;
202100025018.0;1;75;75116;2;2;1.0;6.0;48,8709330000;2,2975080000;
202100025019.0;1;75;75114;2;3;2.0;7.0;48,8400480000;2,3216930000;
202100025020.0;5;75;75110;2;3;1.0;3.0;48,8820810000;2,3509310000;
202100025021.0;1;75;75117;2;3;1.0;3.0;48,8995850000;2,3198030000;
202100025022.0;1;75;75103;2;3;1.0;6.0;48,8626390000;2,3643790000;
202100025023.0;2;93;93066;2;1;1.0;6.0;48,9392100000;2,3559700000;
202100025024.0;1;93;93048;2;1;1.0;6.0;48,8665205988;2,4358093460;
202100025025.0;1;93;93014;2;1;1.0;6.0;48,9127630000;2,5523950000;
202100025026.0;1;71;71145;1;2;1.0;3.0;46,5292250000;4,6859600000;
202100025027.0;1;11;11148;1;1;1.0;2.0;43,1720712396;2,6958131790;
202100025028.0;1;49;49371;1;1;1.0;6.0;47,1261110000; -0,7071640000;
202100025029.0;1;57;57629;1;1;1.0;6.0;48,7793530000;7,0531290000;
202100025030.0;5;972;97210;1;1;1.0;7.0;14,5828000000; -60,9108260000;
202100025031.0;1;38;38239;2;1;1.0;3.0;45,3322970000;5,5667640000;
202100025032.0;1;34;34270;1;1;1.0;2.0;43,5892660000;3,8223410000;
202100025033.0;1;74;74165;2;2;1.0;3.0;45,8381130000;5,9632800000;
202100025034.0;1;76;76515;2;1;1.0;6.0;49,9049760000;0,9250510000;
202100025035.0;3;19;19066;1;1;2.0;6.0;45,1719330000;1,2995620000;
202100025036.0;1;82;82190;2;2;1.0;3.0;43,8486450000;1,2319440000;
202100025037.0;1;81;81192;1;1;1.0;1.0;43,7000671000;2,9222729000;
202100025038.0;1;71;71495;2;9;1.0;6.0;46,5217480000;4,6009100000;
202100025039.0;1;61;61158;1;2;1.0;2.0;48,6726710000; -0,3044250000;
202100025040.0;1;46;46239;1;1;1.0;6.0;44,8720090000;1,4111850000;
202100025041.0;1;47;47117;1;4;1.0;1.0;44,3494710000;0,7497530000;
202100025042.0;1;39;39043;1;1;1.0;1.0;46,5730520000;5,4530810000;
202100025043.0;1;25;25525;1;1;1.0;7.0;46,8181240000;6,3104120000;
202100025044.0;1;25;25364;1;1;1.0;6.0;47,1970030000;6,1714840000;
202100025045.0;1;44;44096;1;1;2.0;1.0;47,4296110000; -1,1862440000;
202100025046.0;1;03;03044;1;2;2.0;3.0;46,0698330000;3,3805970000;
202100025047.0;1;15;15017;1;1;1.0;1.0;44,9340510000;2,6462540000;
202100025048.0;1;54;54238;1;1;1.0;7.0;48,4112570000;6,2348480000;
202100025049.0;3;54;54362;1;1;1.0;3.0;49,3892170000;5,7549650000;
202100025050.0;1;06;06110;1;1;1.0;7.0;44,0843170000;7,0569780000;
202100025051.0;3;06;06094;1;1;1.0;6.0;44,0923170000;6,9319170000;
202100025052.0;1;90;90093;1;6;1.0;3.0;47,6861960000;6,8442410000;
202100025053.0;1;73;73241;1;1;1.0;6.0;45,6076649172;6,3042409353;
202100025054.0;1;43;43130;1;2;1.0;6.0;45,0610010000;4,2422490000;
202100025055.0;1;43;43016;1;1;1.0;5.0;45,3909015000;3,3530340000;
202100025056.0;1;07;07054;1;1;3.0;1.0;44,9296600000;4,3134158000;
202100025057.0;1;24;24471;1;1;1.0;6.0;44,9257060000;1,2988540000;
202100025058.0;1;85;85114;2;1;1.0;6.0;46,4242550000; -1,5745370000;
202100025059.0;1;42;42279;2;1;1.0;3.0;45,4943710000;4,2370480000;
202100025060.0;1;01;01032;1;1;1.0;2.0;45,8613280000;5,1251860000;
202100025061.0;3;976;97603;1;1;1.0;3.0; -12,9477250000;45,1624400000;
202100025062.0;2;51;51599;1;1;1.0;3.0;49,0932378535;4,2570431621;
202100025063.0;1;69;69027;2;4;1.0;1.0;45,6613010000;4,7509430000;
202100025064.0;1;91;91111;1;1;1.0;2.0;48,6231290000;2,1352760000;
202100025065.0;5;987;98747;1;1;1.0;1.0; -17,7350550000; -149,3316870000;
202100025066.0;3;988;98821;1;4;2.0;6.0; -22,1645640000;166,3877030000;
202100025067.0;1;988;98802;1;1;1.0;6.0; -21,9634650000;166,1583850000;
202100025068.0;3;974;97418;1;1;1.0;1.0; -20,9167790000;55,5413170000;
202100025069.0;1;971;97117;2;1;1.0;7.0;16,3213110000; -61,3922760000;
202100025070.0;1;66;66093;1;2;1.0;1.0;42,5365470000;2,9387910000;
202100025071.0;1;34;34213;1;3;1.0;3.0;43,4717800000;3,6797550000;
202100025072.0;1;34;34272;1;1;1.0;7.0;43,6500370000;4,0987400000;
202100025073.0;1;05;05065;1;1;1.0;3.0;44,6330400000;6,6715120000;
202100025074.0;1;05;05079;1;1;1.0;1.0;45,0380660000;6,4028250000;
202100025075.0;1;04;04120;1;1;1.0;1.0;44,4766280000;6,7791970000;
202100025076.0;5;13;13016;1;1;1.0;7.0;43,4022060000;5,5937090000;
202100025077.0;1;26;26179;1;1;1.0;4.0;45,0677010000;4,8710420000;
202100025078.0;1;71;71024;1;1;8.0;7.0;46,3166210000;4,0382590000;
202100025079.0;1;57;57620;2;1;1.0;3.0;49,1959380000;5,9972370000;
202100025080.0;2;73;73227;1;1;1.0;6.0;45,4463030000;6,5916530000;
202100025081.0;1;69;69296;1;1;1.0;3.0;45,6395250000;4,8252730000;
202100025082.0;1;49;49193;2;3;1.0;1.0;47,1297770000; -0,8970540000;
202100025083.0;1;49;49023;2;3;1.0;3.0;47,1984100000; -0,9945520000;
202100025084.0;1;14;14530;1;6;1.0;7.0;49,2407880000; -0,2691330000;
202100025085.0;1;13;13055;1;1;1.0;6.0;43,3380300000;5,3773300000;
202100025086.0;5;13;13208;1;1;1.0;1.0;43,2819740603;5,3948292732;
202100025087.0;3;13;13211;1;1;1.0;2.0;43,2930400000;5,4555300000;
202100025088.0;1;13;13033;1;1;1.0;5.0;43,3732100000;5,1863700000;
202100025089.0;3;69;69256;1;1;1.0;2.0;45,7946679497;4,9492607269;
202100025090.0;1;42;42097;1;1;1.0;2.0;45,4850002095;4,3307774093;
202100025091.0;1;67;67365;1;1;1.0;4.0;48,5350400000;7,7022500000;
202100025092.0;1;33;33192;1;1;1.0;4.0;44,7862410000; -0,5953310000;
202100025093.0;3;91;91136;1;1;2.0;3.0;48,7110700000;2,2888400000;
202100025094.0;3;78;78490;1;1;1.0;6.0;48,8004290000;1,9389060000;
202100025095.0;1;95;95018;1;1;1.0;6.0;48,9629200000;2,2653200000;
202100025096.0;4;93;93078;1;1;1.0;2.0;48,9615400000;2,5443600000;
202100025097.0;1;93;93078;1;1;2.0;2.0;48,9706200000;2,4997700000;
202100025098.0;1;94;94069;1;1;1.0;2.0;48,8173796932;2,4387983899;
202100025099.0;1;77;77373;1;1;3.0;4.0;48,7961741604;2,6215976852;
202100025100.0;1;976;97611;2;1;1.0;1.0; -12,7904200000;45,2232900000;
202100025101.0;5;974;97416;2;1;1.0;6.0; -21,3298000000;55,4722000000;
202100025102.0;1;974;97411;1;2;1.0;3.0; -20,8886600000;55,4453400000;
202100025103.0;1;973;97302;2;1;1.0;7.0;4,9330054117; -52,3131337168;
202100025104.0;5;973;97302;1;1;1.0;2.0;4,8988300000; -52,3268900000;
202100025105.0;5;69;69259;2;3;8.0;2.0;45,7066000000;4,8874700000;
202100025106.0;1;69;69388;2;1;3.0;3.0;45,7311129622;4,8860621452;
202100025107.0;1;83;83062;2;1;1.0;5.0;43,1281370000;6,0086770000;
202100025108.0;2;79;79191;2;1;1.0;6.0;46,3166200000; -0,4427900000;
202100025109.0;2;78;78638;1;9;1.0;5.0;49,0189930000;1,9804750000;
202100025110.0;1;77;77013;1;1;1.0;7.0;48,8346019650;3,0874909387;
202100025111.0;1;65;65440;2;1;1.0;6.0;43,2322740000;0,0714540000;
202100025112.0;2;64;64445;1;1;1.0;7.0;43,3155400000; -0,3034300000;
202100025113.0;1;64;64122;2;1;1.0;7.0;43,4810400000; -1,5578600000;
202100025114.0;1;64;64102;2;1;8.0;7.0;43,5020400000; -1,4787500000;
202100025115.0;3;59;59512;2;1;2.0;1.0;50,6890400000;3,2114400000;
202100025116.0;5;51;51454;2;2;1.0;3.0;49,2762933184;4,0268715885;
202100025117.0;1;51;51454;2;1;1.0;2.0;49,2537544320;4,0236381524;
202100025118.0;1;42;42218;2;1;1.0;1.0;45,4245876554;4,4176840782;
202100025119.0;5;38;38185;2;2;1.0;3.0;45,1872000000;5,7276600000;
202100025120.0;1;35;35051;2;1;1.0;7.0;48,1142000000; -1,6237500000;
202100025121.0;1;33;33063;2;2;1.0;1.0;44,8300400000; -0,5691100000;
202100025122.0;1;31;31555;2;1;1.0;6.0;43,5531572373;1,4071946660;
202100025123.0;1;29;29039;1;6;1.0;3.0;47,8624810000; -3,8888540000;
202100025124.0;5;28;28134;2;1;1.0;6.0;48,7397300000;1,3541600000;
202100025125.0;1;27;27229;2;1;2.0;6.0;49,0281300000;1,1375300000;
202100025126.0;1;27;27229;2;3;8.0;6.0;49,0255994415;1,1625931248;
202100025127.0;5;25;25462;2;3;2.0;2.0;46,9170200000;6,3443100000;
202100025128.0;5;17;17306;2;3;1.0;1.0;45,6294280000; -0,9936710000;
202100025129.0;1;17;17200;2;9;1.0;7.0;46,1791100000; -1,1532600000;
202100025130.0;5;13;13208;2;1;1.0;3.0;43,2705522778;5,3879670488;
202100025131.0;1;13;13209;2;1;1.0;2.0;43,2461551641;5,4173497328;
202100025132.0;1;13;13215;2;1;1.0;1.0;43,3533277052;5,3688317217;
202100025133.0;5;13;13208;2;1;1.0;6.0;43,2762755896;5,3971970812;
202100025134.0;1;13;13001;2;1;1.0;2.0;43,5320399791;5,4220588634;
202100025135.0;1;10;10387;2;1;1.0;1.0;48,3049300000;4,0532900000;
202100025136.0;1;06;06069;2;1;1.0;3.0;43,6420760000;6,9317720000;
202100025137.0;1;06;06069;2;1;1.0;3.0;43,6485500000;6,9354600000;
202100025138.0;1;06;06123;2;1;1.0;3.0;43,6603100000;7,1800600000;
202100025139.0;2;06;06155;1;9;1.0;1.0;43,5579040000;7,0629350000;
202100025140.0;1;75;75119;2;1;1.0;2.0;48,8995860000;2,3925950000;
202100025141.0;1;75;75105;2;2;1.0;3.0;48,8397080000;2,3565960000;
202100025142.0;1;75;75106;2;2;1.0;3.0;48,8513990000;2,3431780000;
202100025143.0;1;75;75106;2;1;1.0;6.0;48,8471390000;2,3272360000;
202100025144.0;1;75;75105;2;2;2.0;6.0;48,8385100000;2,3570490000;
202100025145.0;1;75;75119;2;5;1.0;3.0;48,8800760000;2,3984630000;
202100025146.0;1;75;75117;2;2;2.0;3.0;48,8901090000;2,3038250000;
202100025147.0;1;75;75114;2;7;1.0;3.0;48,8280250626;2,3269782588;
202100025148.0;5;75;75113;2;3;1.0;2.0;48,8164254260;2,3601384457;
202100025149.0;1;75;75112;2;1;8.0;2.0;48,8425840000;2,3715670000;
202100025150.0;5;75;75110;2;3;1.0;3.0;48,8756120000;2,3593220000;
202100025151.0;1;75;75108;2;3;2.0;3.0;48,8730440000;2,3235810000;
202100025152.0;1;75;75104;2;2;1.0;3.0;48,8495130000;2,3656270000;
202100025153.0;1;94;94034;2;1;8.0;6.0;48,7591300000;2,3246800000;
202100025154.0;1;93;93051;2;1;1.0;2.0;48,8577000000;2,5679000000;
202100025155.0;1;93;93027;2;5;1.0;3.0;48,9327447694;2,4121663570;
202100025156.0;3;92;92073;2;3;1.0;3.0;48,8646782815;2,2068934143;
202100025157.0;5;92;92051;2;1;1.0;3.0;48,8860340000;2,2561830000;
202100025158.0;2;92;92050;2;4;1.0;3.0;48,9068743858;2,2186106443;
202100025159.0;3;12;12159;1;1;1.0;6.0;44,3363270000;2,0802570000;
202100025160.0;1;14;14150;1;2;2.0;3.0;48,9928580000; -0,3932740000;
202100025161.0;2;38;38238;2;2;1.0;3.0;45,5008120000;5,0119890000;
202100025162.0;3;60;60107;1;1;8.0;6.0;49,3531270000;2,4269910000;
202100025163.0;1;95;95052;2;1;1.0;6.0;49,1414600000;2,2985390000;
202100025164.0;3;18;18117;1;1;1.0;7.0;47,4075280000;2,6735400000;
202100025165.0;1;69;69279;2;2;1.0;3.0;45,7968160000;5,0486740000;
202100025166.0;1;05;05027;1;1;1.0;3.0;44,8225620000;6,7359280000;
202100025167.0;1;01;01173;1;3;1.0;3.0;46,3501840000;6,0569140000;
202100025168.0;1;35;35191;1;1;8.0;6.0;48,4550410000; -1,3277590000;
202100025169.0;1;35;35206;1;1;1.0;4.0;48,0576240000; -1,6801090000;
202100025170.0;1;83;83019;1;1;1.0;6.0;43,1824770000;6,3491750000;
202100025171.0;2;30;30034;1;1;1.0;6.0;43,7544500000;4,4796750000;
202100025172.0;1;04;04102;1;1;1.0;3.0;44,4475830000;6,4055660000;
202100025173.0;1;19;19255;1;1;1.0;6.0;45,3875070000;1,7219730000;
202100025174.0;1;41;41211;1;1;1.0;7.0;47,2920850000;1,1512200000;
202100025175.0;1;65;65019;2;1;1.0;3.0;43,1584780000;0,1004650000;
202100025176.0;1;81;81220;1;1;1.0;6.0;43,8462710000;1,7089210000;
202100025177.0;1;32;32404;1;1;1.0;7.0;43,8793510000;0,4543340000;
202100025178.0;1;32;32147;1;2;3.0;3.0;43,6239570000;0,9091450000;
202100025179.0;2;71;71263;1;1;1.0;1.0;46,6329440000;5,2503710000;
202100025180.0;1;63;63418;1;2;8.0;3.0;45,7738914705;3,5038078576;
202100025181.0;1;61;61297;1;2;8.0;7.0;48,6590730000;0,4815320000;
202100025182.0;1;12;12208;1;1;7.0;6.0;43,9543630000;2,9315690000;
202100025183.0;1;42;42128;1;1;1.0;6.0;45,9381800000;4,2971510000;
202100025184.0;1;42;42204;2;1;2.0;6.0;45,4225140000;4,0649250000;
202100025185.0;1;46;46059;2;2;1.0;3.0;44,7180632000;1,6084300000;
202100025186.0;1;39;39478;1;1;1.0;7.0;46,4240690000;5,8578840000;
202100025187.0;1;44;44173;1;1;1.0;2.0;47,0875110000; -1,3276340000;
202100025188.0;1;29;29273;1;1;1.0;5.0;48,7068180000; -4,0153260000;
202100025189.0;1;29;29162;2;1;1.0;1.0;48,2268710000; -3,9650130000;
202100025190.0;3;31;31107;1;1;1.0;6.0;43,3253100000;1,2181140000;
202100025191.0;1;03;03127;1;1;3.0;7.0;46,4990050000;2,7076040000;
202100025192.0;3;26;26124;1;1;1.0;7.0;44,8623790000;4,8549590000;
202100025193.0;1;58;58309;2;1;1.0;3.0;46,9489000000;3,9649060000;
202100025194.0;1;54;54060;1;3;1.0;3.0;48,8157057907;6,1071324357;
202100025195.0;1;72;72363;2;1;2.0;7.0;48,1105550000;0,5222420000;
202100025196.0;1;50;50267;2;6;1.0;3.0;49,2176500000; -1,5315250000;
202100025197.0;1;50;50260;1;1;1.0;2.0;48,6764820000; -0,9852500000;
202100025198.0;1;50;50428;1;1;2.0;1.0;48,6784510000; -1,0953710000;
202100025199.0;3;18;18164;1;1;1.0;6.0;46,8806570000;3,0488800000;
202100025200.0;3;18;18230;1;1;1.0;6.0;46,6620730000;2,2913360000;
202100025201.0;1;43;43190;1;2;2.0;3.0;45,0093710000;4,0284960000;
202100025202.0;1;10;10170;1;2;1.0;6.0;48,0319230372;4,4274392724;
202100025203.0;1;40;40181;1;1;1.0;1.0;43,8236290000; -1,3270280000;
202100025204.0;3;40;40266;1;1;1.0;2.0;44,0474100000; -1,2352320000;
202100025205.0;1;24;24147;1;1;1.0;7.0;45,2307700000;0,9962250000;
202100025206.0;1;27;27511;1;2;1.0;5.0;49,1596270000;1,0015740000;
202100025207.0;2;27;27514;1;2;1.0;3.0;49,0248400000;0,5042120000;
202100025208.0;1;30;30349;1;1;1.0;6.0;43,8567420000;4,0970420000;
202100025209.0;1;19;19227;1;1;2.0;6.0;45,3072913328;1,6778376142;
202100025210.0;1;72;72058;1;1;1.0;7.0;48,0049410000;0,3118440000;
202100025211.0;1;42;42073;1;1;1.0;1.0;45,7831590000;4,3154280000;
202100025212.0;3;11;11188;1;1;1.0;6.0;42,9544910000;2,9706000000;
202100025213.0;1;17;17299;1;1;1.0;2.0;45,9635940000; -0,9654240000;
202100025214.0;2;77;77407;1;1;1.0;6.0;48,5199440000;2,5045610000;
202100025215.0;1;971;97117;2;1;1.0;7.0;16,3278720000; -61,3529780000;
202100025216.0;2;2A;2A247;2;1;1.0;6.0;41,6274370000;9,2513840000;
202100025217.0;5;83;83065;2;1;1.0;7.0;43,2626440000;6,6045000000;
202100025218.0;1;13;13073;2;1;1.0;1.0;43,3868830000;5,5557350000;
202100025219.0;4;69;69287;2;1;1.0;2.0;45,7005600000;5,0127800000;
202100025220.0;1;81;81271;2;1;1.0;2.0;43,7697240000;1,7046210000;
202100025221.0;3;87;87035;1;1;1.0;6.0;45,8285300000;1,5461110000;
202100025222.0;1;85;85178;1;2;1.0;2.0;46,7712400000; -1,4487250000;
202100025223.0;1;35;35221;1;3;1.0;3.0;47,8761810000; -1,7429320000;
202100025224.0;3;13;13071;1;1;1.0;6.0;43,3864300000;5,3085200000;
202100025225.0;1;13;13071;1;1;1.0;1.0;43,3979370000;5,2869800000;
202100025226.0;3;13;13071;1;1;1.0;3.0;43,4036100000;5,3087600000;
202100025227.0;1;13;13071;1;1;1.0;2.0;43,4142500000;5,3645700000;
202100025228.0;1;13;13215;1;1;1.0;1.0;43,3426430000;5,3759680000;
202100025229.0;5;13;13055;1;1;1.0;2.0;43,2925000000;5,4243500000;
202100025230.0;1;42;42218;1;1;2.0;6.0;45,4640171772;4,3832944035;
202100025231.0;1;33;33065;1;1;1.0;4.0;44,8114390000; -0,5222070000;
202100025232.0;3;33;33080;1;1;1.0;2.0;44,7513900000; -0,5419500000;
202100025233.0;1;91;91340;1;1;2.0;7.0;48,6090000000;2,4347400000;
202100025234.0;1;91;91659;1;1;3.0;3.0;48,5784900000;2,4629300000;
202100025235.0;1;91;91589;1;1;1.0;2.0;48,6736000000;2,3431000000;
202100025236.0;1;78;78090;1;1;1.0;4.0;48,9693100000;1,9155080000;
202100025237.0;1;78;78043;1;1;1.0;2.0;48,8422140000;2,0993560000;
202100025238.0;1;78;78073;1;1;1.0;2.0;48,7971590000;2,0195180000;
202100025239.0;1;95;95572;1;1;1.0;6.0;49,0328519522;2,1079484869;
202100025240.0;3;94;94042;1;1;1.0;2.0;48,8283679668;2,4755835633;
202100025241.0;1;94;94065;1;1;1.0;4.0;48,7539000000;2,3526000000;
202100025242.0;3;77;77258;1;1;1.0;6.0;48,8309000000;2,6350500000;
202100025243.0;3;94;94028;1;1;1.0;4.0;48,7951036154;2,4423270810;
202100025244.0;1;69;69388;2;1;1.0;1.0;45,7260600000;4,8869500000;
202100025245.0;3;976;97611;1;1;1.0;6.0; -12,8053400000;45,1994500000;
202100025246.0;1;69;69276;2;1;1.0;7.0;45,6761905975;4,8608730459;
202100025247.0;4;972;97209;1;1;1.0;2.0;14,6206032549; -61,0709542036;
202100025248.0;1;972;97209;1;1;1.0;7.0;14,6002800000; -61,0465800000;
202100025249.0;1;69;69385;2;1;1.0;6.0;45,7565000000;4,7840000000;
202100025250.0;1;971;97101;2;6;1.0;3.0;16,2501100000; -61,5292700000;
202100025251.0;1;91;91549;2;1;1.0;3.0;48,6472900000;2,3270800000;
202100025252.0;1;91;91425;2;1;1.0;6.0;48,6399700000;2,2681100000;
202100025253.0;1;91;91589;2;1;1.0;6.0;48,6763330000;2,3532240000;
202100025254.0;1;88;88429;1;1;2.0;3.0;48,0355700000;6,5798830000;
202100025255.0;1;87;87085;2;3;2.0;3.0;45,8351900000;1,2605100000;
202100025256.0;1;86;86194;2;1;1.0;3.0;46,6078330000;0,3420320000;
202100025257.0;1;83;83137;2;1;1.0;5.0;43,1269981726;5,9252303839;
202100025258.0;1;82;82121;1;1;1.0;6.0;44,0914585906;1,3214278221;
202100025259.0;1;80;80021;2;1;1.0;2.0;49,9272100000;2,3045700000;
202100025260.0;1;78;78640;2;1;1.0;2.0;48,7811800000;2,1842000000;
202100025261.0;1;77;77243;2;1;1.0;6.0;48,8728700000;2,7032700000;
202100025262.0;1;76;76497;2;1;1.0;2.0;49,3952300000;1,0242630000;
202100025263.0;1;76;76351;2;1;1.0;2.0;49,4924500000;0,1038800000;
202100025264.0;1;76;76351;2;3;1.0;3.0;49,5004900000;0,1667200000;
202100025265.0;5;74;74012;2;1;1.0;2.0;46,1966000000;6,2413000000;
202100025266.0;5;72;72181;2;1;1.0;7.0;47,9789700000;0,2050600000;
202100025267.0;1;72;72181;1;1;1.0;4.0;47,9758300000;0,1660000000;
202100025268.0;1;71;71105;2;6;1.0;3.0;46,3023540097;4,7948504951;
202100025269.0;1;69;69266;2;1;1.0;3.0;45,7645900000;4,8912900000;
202100025270.0;1;69;69282;2;8;1.0;6.0;45,7726900000;4,9903600000;
202100025271.0;5;69;69290;2;1;1.0;3.0;45,7110000000;4,9018000000;
202100025272.0;1;65;65440;2;1;1.0;7.0;43,2194340000;0,0803350000;
202100025273.0;5;64;64024;2;1;2.0;5.0;43,5205300000; -1,5024600000;
202100025274.0;1;64;64102;2;1;1.0;2.0;43,5085550102; -1,4440798759;
202100025275.0;1;64;64102;2;1;1.0;2.0;43,4855500000; -1,4914000000;
202100025276.0;1;60;60414;2;2;1.0;1.0;49,2599229743;2,4524086118;
202100025277.0;1;59;59654;2;1;1.0;7.0;50,3724420000;3,1010490000;
202100025278.0;5;54;54526;2;1;1.0;6.0;48,6887755626;6,2134747131;
202100025279.0;1;54;54395;2;3;1.0;3.0;48,6812600000;6,1934600000;
202100025280.0;1;54;54578;2;3;1.0;6.0;48,6723900000;6,1546400000;
202100025281.0;1;49;49328;1;1;1.0;1.0;47,2758100000; -0,1312200000;
202100025282.0;1;49;49007;2;1;1.0;7.0;47,4792000000; -0,5590000000;
202100025283.0;1;49;49007;2;1;1.0;7.0;47,4551000000; -0,5631000000;
202100025284.0;3;49;49267;2;1;2.0;6.0;47,4676000000; -0,5149000000;
202100025285.0;1;49;49246;2;1;1.0;6.0;47,4388500000; -0,5109600000;
202100025286.0;1;45;45302;2;2;1.0;6.0;47,9272080000;1,8757100000;
202100025287.0;1;44;44109;2;1;1.0;2.0;47,2356900000; -1,5681100000;
202100025288.0;1;44;44109;2;1;1.0;6.0;47,2167800000; -1,5183200000;
202100025289.0;1;42;42207;2;4;1.0;7.0;45,4727100000;4,5091600000;
202100025290.0;1;41;41212;1;1;3.0;2.0;47,5621400000;1,3727800000;
202100025291.0;5;38;38185;2;4;1.0;3.0;45,1676100000;5,7047100000;
202100025292.0;2;38;38151;2;1;1.0;6.0;45,1500700000;5,6968000000;
202100025293.0;1;37;37261;2;1;1.0;2.0;47,3866393450;0,6766115829;
202100025294.0;1;37;37261;2;1;2.0;7.0;47,3661547420;0,7005931456;
202100025295.0;1;35;35238;1;1;1.0;7.0;48,0794900000; -1,6762500000;
202100025296.0;1;35;35238;2;1;1.0;2.0;48,1095500000; -1,6739000000;
202100025297.0;5;34;34172;2;4;1.0;6.0;43,6176800000;3,8860000000;
202100025298.0;1;33;33063;2;2;1.0;3.0;44,8315500000; -0,5660200000;
202100025299.0;1;33;33529;2;1;1.0;6.0;44,6369300000; -1,1445900000;
202100025300.0;1;31;31555;2;1;1.0;3.0;43,6467600000;1,4228500000;
202100025301.0;4;30;30189;2;2;1.0;3.0;43,8327900000;4,3518000000;
202100025302.0;1;30;30189;2;3;1.0;3.0;43,8457000000;4,3717000000;
202100025303.0;1;29;29232;2;1;1.0;6.0;47,9937200000; -4,0903800000;
202100025304.0;1;29;29019;2;6;1.0;3.0;48,3854000000; -4,5282000000;
202100025305.0;1;28;28085;2;3;1.0;3.0;48,4419800000;1,4843700000;
202100025306.0;1;27;27299;1;1;1.0;3.0;49,0520000000;1,1787800000;
202100025307.0;1;17;17380;2;3;1.0;2.0;45,6474700000; -1,1102300000;
202100025308.0;1;14;14118;2;3;1.0;6.0;49,1851500000; -0,3956400000;
202100025309.0;1;13;13202;2;4;1.0;2.0;43,3050700000;5,3667600000;
202100025310.0;1;13;13215;2;1;1.0;3.0;43,3213600000;5,3649400000;
202100025311.0;1;13;13214;2;4;1.0;3.0;43,3311500000;5,4061500000;
202100025312.0;5;13;13203;2;2;1.0;3.0;43,3148616542;5,3886176814;
202100025313.0;5;13;13204;2;3;1.0;3.0;43,3112600000;5,4010400000;
202100025314.0;1;13;13209;2;1;1.0;3.0;43,2594200000;5,3980000000;