Num_Acc;lum;departement;commune;agglomeration;intersection;meteo;type_collision;lat;long;date
202100025315.0;1;13;13202;2;1;1.0;3.0;43,2950500000;5,3643400000;
202100025316.0;1;13;13063;2;1;1.0;2.0;43,5707100000;5,0199900000;
202100025317.0;1;11;11069;2;1;1.0;3.0;43,2035000000;2,3792000000;
202100025318.0;1;11;11069;2;1;1.0;6.0;43,2130640000;2,3206910000;
202100025319.0;1;06;06088;2;2;1.0;3.0;43,7018630000;7,2733030000;
202100025320.0;1;06;06123;2;1;1.0;6.0;43,6748210000;7,1891020000;
202100025321.0;1;06;06027;2;6;1.0;3.0;43,6627000000;7,1529980000;
202100025322.0;1;05;05061;2;3;1.0;3.0;44,5506750764;6,0695257760;
202100025323.0;1;05;05061;2;1;1.0;3.0;44,5628900000;6,0861900000;
202100025324.0;1;75;75113;2;1;1.0;2.0;48,8264910000;2,3891460000;
202100025325.0;1;75;75116;2;1;1.0;4.0;48,8642390000;2,2666410000;
202100025326.0;1;75;75120;2;4;1.0;3.0;48,8635020000;2,4134080000;
202100025327.0;1;75;75120;2;1;1.0;3.0;48,8761220000;2,4030420000;
202100025328.0;1;75;75120;2;2;1.0;3.0;48,8699560000;2,3945000000;
202100025329.0;1;75;75119;2;2;1.0;3.0;48,8739180000;2,3853250000;
202100025330.0;1;75;75119;2;1;1.0;1.0;48,8740690000;2,3842370000;
202100025331.0;5;75;75118;2;2;1.0;3.0;48,8911850000;2,3516180000;
202100025332.0;5;75;75116;2;1;1.0;2.0;48,8639780000;2,2881120000;
202100025333.0;2;75;75116;2;7;8.0;5.0;48,8740080000;2,2941100000;
202100025334.0;1;75;75115;2;2;1.0;6.0;48,8360940000;2,2939670000;
202100025335.0;1;75;75115;2;2;1.0;3.0;48,8524720000;2,2906020000;
202100025336.0;1;75;75112;2;2;1.0;3.0;48,8443160000;2,4103980000;
202100025337.0;1;75;75111;2;5;1.0;6.0;48,8628750000;2,3872720000;
202100025338.0;1;75;75101;2;2;1.0;6.0;48,8609180000;2,3408050000;
202100025339.0;1;94;94074;2;1;1.0;6.0;48,7648000000;2,4419000000;
202100025340.0;1;94;94016;2;1;1.0;7.0;48,7864100000;2,3293500000;
202100025341.0;1;94;94011;2;9;1.0;2.0;48,7581000000;2,4819700000;
202100025342.0;1;93;93008;2;1;1.0;1.0;48,9058390000;2,4683610000;
202100025343.0;5;93;93007;2;2;1.0;3.0;48,9410000000;2,4587900000;
202100025344.0;1;93;93001;2;9;1.0;3.0;48,9049800000;2,3818400000;
202100025345.0;2;92;92044;2;2;1.0;3.0;48,8969700000;2,2819300000;
202100025346.0;1;92;92025;2;2;1.0;3.0;48,9299370000;2,2603740000;
202100025347.0;1;976;97610;1;1;1.0;7.0; -12,7318300000;45,1953940000;
202100025348.0;1;81;81099;1;1;1.0;7.0;43,9236770000;1,9315340000;
202100025349.0;1;2A;2A090;2;1;1.0;3.0;42,0980150000;8,7099960000;
202100025350.0;1;60;60107;2;1;1.0;1.0;49,3650790000;2,4166110000;
202100025351.0;1;41;41194;1;1;1.0;1.0;47,3757880000;1,7325250000;
202100025352.0;1;95;95487;1;1;1.0;3.0;49,1524220000;2,2549650000;
202100025353.0;1;29;29068;1;1;2.0;6.0;48,5204408008; -4,0033733317;
202100025354.0;1;51;51036;1;1;8.0;7.0;48,6587874386;3,6855874438;
202100025355.0;1;19;19075;1;1;1.0;6.0;45,2655999316;1,9194062836;
202100025356.0;1;56;56047;1;2;1.0;3.0;48,0596680000; -2,7529390000;
202100025357.0;3;2B;2B346;1;1;1.0;6.0;42,4960550000;9,4478560000;
202100025358.0;2;33;33125;1;1;1.0;6.0;45,2122480000; -0,8766210000;
202100025359.0;3;11;11085;1;1;1.0;7.0;43,1782990000;2,3248580000;
202100025360.0;1;12;12016;1;1;2.0;5.0;44,5091310000;2,3620180000;
202100025361.0;1;46;46157;2;1;1.0;2.0;44,5215860000;1,9434540000;
202100025362.0;1;47;47082;1;1;1.0;6.0;44,2535760000;0,8449600000;
202100025363.0;1;44;44213;2;9;1.0;3.0;47,3898790000; -1,0294860000;
202100025364.0;1;31;31109;1;1;1.0;3.0;43,2268230000;0,7987800000;
202100025365.0;1;31;31426;1;1;1.0;6.0;43,0881300000;0,6327600000;
202100025366.0;1;03;03223;1;1;1.0;7.0;46,1772860000;3,5856520000;
202100025367.0;1;85;85038;1;1;1.0;7.0;46,9154300000; -1,3258100000;
202100025368.0;1;26;26305;1;2;1.0;3.0;44,6002760000;4,9015331000;
202100025369.0;1;06;06032;2;1;1.0;6.0;43,7231380000;7,3965020000;
202100025370.0;1;90;90012;1;9;2.0;3.0;47,6473600000;6,9171600000;
202100025371.0;1;45;45279;1;2;1.0;1.0;47,9810140000;2,8420200000;
202100025372.0;1;43;43212;1;1;3.0;6.0;45,3404700000;3,9909610000;
202100025373.0;1;10;10074;1;9;1.0;6.0;48,1263300000;3,9642570000;
202100025374.0;1;16;16093;1;2;1.0;3.0;45,6260440000;0,3630850000;
202100025375.0;1;30;30350;1;1;1.0;6.0;43,9920080000;3,6242170000;
202100025376.0;3;33;33122;1;1;1.0;4.0;44,6921490000; -0,7687000000;
202100025377.0;3;33;33284;1;1;1.0;6.0;44,6309170000; -0,9346530000;
202100025378.0;1;74;74264;1;1;1.0;7.0;46,0589530000;6,5659190000;
202100025379.0;1;01;01047;1;1;1.0;4.0;45,8566330000;5,2300930000;
202100025380.0;1;58;58057;1;9;1.0;3.0;46,7319040000;3,1695450000;
202100025381.0;3;68;68118;1;1;1.0;7.0;47,7225460000;7,4165460000;
202100025382.0;1;45;45085;1;1;1.0;6.0;47,8373290000;2,8911640000;
202100025383.0;1;77;77280;1;1;1.0;7.0;49,0161440000;3,0466460000;
202100025384.0;2;06;06157;2;1;1.0;1.0;43,7189840000;7,0843130000;
202100025385.0;1;89;89255;1;9;1.0;2.0;48,3222880000;3,2311330000;
202100025386.0;1;68;68294;2;1;8.0;1.0;48,2609970000;7,2149140000;
202100025387.0;1;67;67084;1;2;1.0;3.0;48,3154960000;7,4358770000;
202100025388.0;1;63;63077;1;1;1.0;7.0;45,5598270000;2,8539130000;
202100025389.0;1;74;74116;1;9;6.0;3.0;46,0724940000;6,2883320000;
202100025390.0;3;73;73099;2;1;1.0;6.0;45,4484831045;6,0970903071;
202100025391.0;1;26;26235;2;6;8.0;3.0;44,3754930000;4,6986540000;
202100025392.0;1;33;33300;2;2;1.0;3.0;45,2667620000; -1,1431600000;
202100025393.0;5;33;33085;2;3;1.0;2.0;44,7694890000; -0,4933280000;
202100025394.0;1;22;22003;2;1;1.0;7.0;48,4554810000; -2,1295510000;
202100025395.0;1;67;67471;1;1;8.0;2.0;48,6307000000;7,7239000000;
202100025396.0;1;91;91312;1;1;1.0;3.0;48,7311000000;2,2407000000;
202100025397.0;1;93;93053;1;1;1.0;3.0;48,8808400000;2,4517800000;
202100025398.0;1;93;93053;1;1;1.0;7.0;48,8954100000;2,4706500000;
202100025399.0;1;92;92036;1;1;1.0;6.0;48,9378886633;2,2976672190;
202100025400.0;3;60;60241;1;1;1.0;5.0;49,1618400000;2,5970600000;
202100025401.0;3;95;95306;1;1;1.0;2.0;49,0091900000;2,1578200000;
202100025402.0;3;92;92078;1;1;1.0;6.0;48,9283084303;2,3316245851;
202100025403.0;1;94;94069;1;1;1.0;3.0;48,8176057496;2,4212441061;
202100025404.0;1;77;77121;1;1;2.0;6.0;48,8322725439;2,6661949944;
202100025405.0;1;93;93051;1;1;1.0;6.0;48,8354000000;2,5691100000;
202100025406.0;1;92;92048;2;1;1.0;7.0;48,8021468259;2,2395885927;
202100025407.0;1;976;97611;2;1;1.0;6.0; -12,7725900000;45,2231700000;
202100025408.0;1;11;11262;2;3;1.0;6.0;43,1857530000;2,9986433000;
202100025409.0;1;11;11262;2;2;1.0;3.0;43,1797600000;3,0039800000;
202100025410.0;1;988;98818;2;3;1.0;2.0; -22,3017000000;166,4450600000;
202100025411.0;1;974;97411;2;1;1.0;6.0; -20,8855462184;55,4699720442;
202100025412.0;1;974;97411;2;2;1.0;; -20,8848386716;55,4472242660;
202100025413.0;1;974;97407;2;1;1.0;1.0; -20,9419800000;55,2927400000;
202100025414.0;1;973;97302;2;6;1.0;2.0;4,9078300000; -52,3221600000;
202100025415.0;5;973;97302;2;2;1.0;3.0;4,9394400000; -52,3319000000;
202100025416.0;1;973;97302;2;2;1.0;3.0;4,9409589419; -52,3336304426;
202100025417.0;5;69;69259;2;1;1.0;6.0;45,7259177902;4,8589272358;
202100025418.0;1;69;69387;2;1;1.0;3.0;45,7494474785;4,8528670571;
202100025419.0;1;972;97209;2;3;1.0;6.0;14,6095900000; -61,0718200000;
202100025420.0;2;69;69384;2;1;2.0;3.0;45,7746500000;4,8125000000;
202100025421.0;1;971;97101;2;3;1.0;3.0;16,2693000000; -61,5063000000;
202100025422.0;1;91;91549;2;1;1.0;6.0;48,6316890000;2,3358690000;
202100025423.0;1;87;87113;2;1;2.0;6.0;45,8711500000;1,3344600000;
202100025424.0;5;87;87113;2;1;2.0;6.0;45,8572500000;1,3118800000;
202100025425.0;5;83;83129;2;1;1.0;7.0;43,0981400000;5,8281800000;
202100025426.0;1;80;80021;2;2;1.0;3.0;49,9106700000;2,3153100000;
202100025427.0;1;79;79191;2;1;2.0;7.0;46,3443200000; -0,4762400000;
202100025428.0;1;79;79191;1;2;1.0;3.0;46,3512800000; -0,4409200000;
202100025429.0;3;77;77042;1;1;1.0;7.0;48,8154150000;3,1447770000;
202100025430.0;1;76;76540;2;1;1.0;6.0;49,4379100000;1,1185700000;
202100025431.0;1;71;71306;2;1;8.0;7.0;46,6625129321;4,3501712091;
202100025432.0;1;67;67482;2;1;1.0;6.0;48,5749000000;7,7516800000;
202100025433.0;1;66;66136;2;1;1.0;3.0;42,6885600000;2,8948600000;
202100025434.0;1;66;66136;2;1;1.0;2.0;42,7010500000;2,8835400000;
202100025435.0;1;66;66136;2;1;1.0;2.0;42,6789900000;2,8727300000;
202100025436.0;1;65;65440;2;1;1.0;6.0;43,2335074730;0,0731760263;
202100025437.0;1;65;65251;1;3;1.0;3.0;43,2148770000;0,0853750000;
202100025438.0;1;64;64545;2;1;1.0;4.0;43,3901000000; -1,7039700000;
202100025439.0;1;63;63113;2;1;1.0;6.0;45,8166100000;3,1093600000;
202100025440.0;1;60;60057;2;1;1.0;6.0;49,4218100000;2,0791600000;
202100025441.0;1;59;59599;2;3;1.0;3.0;50,7150000000;3,1641000000;
202100025442.0;5;59;59512;2;1;1.0;6.0;50,6807300000;3,1651500000;
202100025443.0;2;57;57019;2;1;7.0;1.0;49,2626100000;6,1393600000;
202100025444.0;1;56;56162;2;1;1.0;1.0;47,7346900000; -3,4032400000;
202100025445.0;1;54;54329;2;3;1.0;6.0;48,5958000000;6,4896000000;
202100025446.0;1;47;47001;2;1;2.0;6.0;44,2045600000;0,6182000000;
202100025447.0;1;47;47001;2;2;2.0;2.0;44,2086600000;0,6423100000;
202100025448.0;5;44;44109;2;1;2.0;6.0;47,2127700000; -1,5416100000;
202100025449.0;1;44;44109;2;1;1.0;3.0;47,2313400000; -1,5565400000;
202100025450.0;1;37;37261;2;3;8.0;7.0;47,3743481269;0,7039276510;
202100025451.0;1;34;34172;2;1;2.0;2.0;43,6248500000;3,8262700000;
202100025452.0;1;33;33119;2;1;1.0;3.0;44,8508700000; -0,5330900000;
202100025453.0;1;33;33063;2;4;1.0;2.0;44,8423400000; -0,5423800000;
202100025454.0;1;31;31483;1;1;1.0;2.0;43,0981260000;0,7085890000;
202100025455.0;2;27;27375;2;3;1.0;3.0;49,2110100000;1,1654600000;
202100025456.0;1;26;26362;2;1;1.0;6.0;44,9026200000;4,8846400000;
202100025457.0;2;26;26362;1;9;2.0;3.0;44,9539550000;4,9354130000;
202100025458.0;1;70;70285;2;3;2.0;2.0;47,5799900000;6,7651500000;
202100025459.0;1;22;22187;1;4;1.0;3.0;48,5410881518; -2,8289022443;
202100025460.0;1;21;21355;2;1;1.0;6.0;47,2853600000;5,0630300000;
202100025461.0;1;17;17306;2;9;2.0;2.0;45,6198000000; -1,0174900000;
202100025462.0;1;17;17449;2;6;1.0;3.0;45,9508100000; -0,9300400000;
202100025463.0;1;15;15014;2;1;1.0;4.0;44,9063490000;2,4501130000;
202100025464.0;1;14;14118;2;3;1.0;3.0;49,1767500000; -0,3683100000;
202100025465.0;3;13;13039;1;1;1.0;7.0;43,4652900000;4,9300400000;
202100025466.0;5;13;13211;2;1;1.0;1.0;43,2834218429;5,4339307708;
202100025467.0;1;13;13202;2;1;1.0;6.0;43,3051300000;5,3672300000;
202100025468.0;1;13;13216;2;1;1.0;1.0;43,3466100000;5,3467400000;
202100025469.0;1;13;13209;2;3;1.0;3.0;43,2585800000;5,3992800000;
202100025470.0;5;13;13208;2;1;1.0;7.0;43,2620700000;5,3875400000;
202100025471.0;1;13;13005;2;1;1.0;3.0;43,3047800000;5,5713090000;
202100025472.0;1;11;11069;2;1;1.0;6.0;43,2176300000;2,3493300000;
202100025473.0;1;10;10387;2;1;1.0;6.0;48,2945190000;4,0897900000;
202100025474.0;5;07;07102;2;2;8.0;3.0;44,9364300000;4,8685900000;
202100025475.0;1;06;06088;2;1;7.0;2.0;43,6686870000;7,2039120000;
202100025476.0;1;75;75105;2;2;1.0;6.0;48,8495030000;2,3528540000;
202100025477.0;1;75;75120;2;3;1.0;3.0;48,8647760000;2,4101480000;
202100025478.0;1;75;75118;2;2;1.0;3.0;48,8922620000;2,3423750000;
202100025479.0;1;75;75117;2;1;1.0;3.0;48,8940340000;2,3130390000;
202100025480.0;1;75;75117;2;1;1.0;2.0;48,8866560000;2,2886600000;
202100025481.0;1;75;75116;2;1;1.0;6.0;48,8627440000;2,2967830000;
202100025482.0;1;75;75113;2;3;1.0;3.0;48,8303340000;2,3469860000;
202100025483.0;1;75;75113;2;2;1.0;3.0;48,8328100000;2,3620620000;
202100025484.0;1;75;75111;2;3;1.0;6.0;48,8635539958;2,3788929702;
202100025485.0;2;75;75108;2;2;1.0;7.0;48,8705260000;2,3052860000;
202100025486.0;1;94;94046;2;9;1.0;4.0;48,7947000000;2,4343000000;
202100025487.0;1;94;94081;2;3;1.0;1.0;48,7960000000;2,3990000000;
202100025488.0;1;94;94015;2;6;1.0;3.0;48,8326317603;2,5313727486;
202100025489.0;5;94;94076;2;1;2.0;6.0;48,7919200000;2,3695500000;
202100025490.0;1;94;94034;2;6;1.0;2.0;48,7573200000;2,3297800000;
202100025491.0;4;94;94028;2;6;1.0;3.0;48,7711700000;2,4290100000;
202100025492.0;1;94;94022;2;1;1.0;6.0;48,7607041107;2,4154768158;
202100025493.0;1;94;94018;2;1;1.0;3.0;48,8233290000;2,4193400000;
202100025494.0;1;94;94018;2;1;1.0;3.0;48,8198900000;2,4052100000;
202100025495.0;1;94;94017;2;1;8.0;3.0;48,8172700000;2,5252200000;
202100025496.0;1;93;93073;2;4;1.0;3.0;49,0018793383;2,5370355151;
202100025497.0;5;93;93073;2;1;1.0;3.0;48,9518000000;2,5669600000;
202100025498.0;5;93;93070;2;2;1.0;3.0;48,9085000000;2,3326500000;
202100025499.0;1;93;93046;2;2;1.0;3.0;48,9164800000;2,5316000000;
202100025500.0;1;93;93063;2;9;1.0;3.0;48,8791000000;2,4331000000;
202100025501.0;1;93;93001;2;9;1.0;3.0;48,9120930000;2,3798130000;
202100025502.0;1;92;92078;2;9;1.0;6.0;48,9268300000;2,3292500000;
202100025503.0;1;92;92050;2;2;1.0;6.0;48,9011247414;2,2166565389;
202100025504.0;5;92;92049;2;1;2.0;6.0;48,8153800000;2,3173700000;
202100025505.0;2;22;22182;1;2;1.0;3.0;48,5474100000; -2,9383280000;
202100025506.0;1;31;31113;1;1;1.0;7.0;43,5217920000;1,5193750000;
202100025507.0;1;84;84029;2;2;1.0;3.0;44,1575130000;4,8717020000;
202100025508.0;1;60;60020;1;9;1.0;7.0;49,1542486245;2,9865517615;
202100025509.0;2;15;15207;1;1;1.0;2.0;45,1685660000;3,1608870000;
202100025510.0;1;30;30299;1;1;1.0;6.0;44,0227860000;4,4588180000;
202100025511.0;1;67;67330;1;1;1.0;7.0;48,9139260000;8,0329800000;
202100025512.0;1;79;79176;2;1;2.0;6.0;46,4900790000; -0,0574310000;
202100025513.0;1;2B;2B123;1;1;1.0;2.0;42,0606250000;9,4350700000;
202100025514.0;1;61;61176;1;1;1.0;2.0;48,6248530000; -0,0446210000;
202100025515.0;1;55;55118;1;1;8.0;1.0;49,3725380000;5,1479530000;
202100025516.0;1;35;35049;2;1;2.0;6.0;48,6698010000; -1,8569420000;
202100025517.0;3;29;29101;1;6;2.0;3.0;48,5914510000; -4,5842600000;
202100025518.0;1;31;31317;1;1;8.0;6.0;43,3034140000;1,1331900000;
202100025519.0;1;31;31579;1;2;1.0;3.0;43,7393790000;1,4932930000;
202100025520.0;1;02;02376;1;1;1.0;1.0;49,8765470000;3,5286770000;
202100025521.0;1;84;84020;1;1;1.0;3.0;43,8647980000;5,3017520000;
202100025522.0;1;26;26005;1;3;1.0;5.0;44,4844160000;4,7774540000;
202100025523.0;3;54;54129;1;1;2.0;7.0;48,5921360284;6,9251418116;
202100025524.0;1;72;72295;1;1;1.0;1.0;48,3403630000;0,3475180000;
202100025525.0;1;14;14556;2;3;2.0;3.0;49,1279680000; -0,3793150000;
202100025526.0;1;14;14062;1;1;1.0;1.0;49,2999420000; -0,4328870000;
202100025527.0;1;14;14745;2;1;1.0;3.0;49,3727750000; -0,9042260000;
202100025528.0;1;50;50076;2;2;1.0;3.0;48,8974670000; -1,5626760000;
202100025529.0;1;50;50580;1;3;1.0;7.0;49,5292860000; -1,7546850000;
202100025530.0;1;83;83025;1;1;1.0;6.0;43,5278923808;5,9756808900;
202100025531.0;2;09;09113;1;1;2.0;7.0;42,8363560000;1,2977870000;
202100025532.0;1;45;45272;2;6;1.0;7.0;47,8299819650;1,9700758159;
202100025533.0;1;16;16378;1;1;1.0;6.0;46,0737380000;0,2341340000;
202100025534.0;1;53;53271;1;1;1.0;7.0;48,3448550000; -0,3164790000;
202100025535.0;1;24;24170;1;1;1.0;6.0;45,3223510000;0,7227580000;
202100025536.0;1;85;85029;1;1;3.0;3.0;46,9529300000; -2,0179900000;
202100025537.0;1;85;85179;1;2;2.0;3.0;46,5141800000; -1,5420990000;
202100025538.0;1;85;85090;2;4;2.0;3.0;46,8354480000; -0,9030620000;
202100025539.0;1;17;17208;2;2;1.0;2.0;46,2242950000; -0,9941120000;
202100025540.0;3;03;03175;1;1;1.0;2.0;46,2403250000;3,0944110000;
202100025541.0;1;67;67101;1;4;1.0;6.0;48,5201790000;7,5014410000;
202100025542.0;1;64;64249;1;1;1.0;3.0;43,4169180000; -1,6050500000;
202100025543.0;1;40;40206;1;1;1.0;7.0;43,5226950000; -1,1010360000;
202100025544.0;1;17;17431;1;1;2.0;3.0;45,7727540000; -0,7752340000;
202100025545.0;2;34;34123;2;1;1.0;1.0;43,6188850000;3,7927080000;
202100025546.0;1;971;97102;1;4;7.0;5.0;16,4768100000; -61,5017650000;
202100025547.0;1;91;91226;1;1;1.0;7.0;48,4801940000;2,1922870000;
202100025548.0;1;2A;2A247;1;1;1.0;7.0;41,6036980000;9,1808150000;
202100025549.0;1;83;83064;1;3;1.0;3.0;43,3210330000;6,0446960000;
202100025550.0;1;67;67474;2;1;1.0;6.0;48,9280150000;7,8969120000;
202100025551.0;1;67;67118;2;1;1.0;7.0;48,5837260000;7,6891910000;
202100025552.0;3;01;01412;1;1;1.0;6.0;46,1659590000;4,9481120000;
202100025553.0;2;69;69140;2;1;2.0;6.0;45,8942700000;4,6999900000;
202100025554.0;1;17;17452;1;2;1.0;3.0;45,7597240000; -1,1588220000;
202100025555.0;1;40;40011;1;4;1.0;1.0;43,5639915342; -0,7839560509;
202100025556.0;1;33;33143;1;1;1.0;3.0;44,9781720000; -0,4516630000;
202100025557.0;1;27;27650;1;1;1.0;7.0;49,0834210000;0,9887900000;
202100025558.0;1;59;59477;2;3;2.0;3.0;50,5122740000;2,9137100000;
202100025559.0;1;13;13211;1;1;1.0;2.0;43,2907400000;5,4874300000;
202100025560.0;1;13;13005;1;1;1.0;7.0;43,2675200000;5,5877000000;
202100025561.0;1;13;13071;1;1;1.0;2.0;43,4165800000;5,2760100000;
202100025562.0;3;69;69275;1;1;2.0;2.0;45,7835900000;4,9565900000;
202100025563.0;1;33;33063;1;1;1.0;5.0;44,8863260000; -0,5661200000;
202100025564.0;1;92;92025;1;1;1.0;3.0;48,9324848646;2,2484916319;
202100025565.0;1;93;93039;1;1;1.0;2.0;48,9273100000;2,3341500000;
202100025566.0;1;93;93078;1;1;1.0;5.0;48,9636500000;2,5512900000;
202100025567.0;1;93;93066;1;1;1.0;3.0;48,9241800000;2,3415300000;
202100025568.0;2;94;94065;1;1;1.0;6.0;48,7543063896;2,3502602337;
202100025569.0;1;13;13056;2;1;1.0;3.0;43,4018500000;5,0467100000;
202100025570.0;1;51;51454;2;1;3.0;2.0;49,2228000000;4,1044300000;
202100025571.0;1;76;76540;2;1;1.0;6.0;49,4485600000;1,0998800000;
202100025572.0;1;85;85194;2;1;1.0;6.0;46,5073400000; -1,7773100000;
202100025573.0;1;82;82033;2;1;1.0;1.0;44,0396238105;1,1137227229;
202100025574.0;1;11;11262;2;1;1.0;6.0;43,1900300000;3,0059300000;
202100025575.0;1;988;98818;2;3;1.0;3.0; -22,2734500000;166,4418900000;
202100025576.0;1;974;97416;2;1;1.0;6.0; -21,3312600000;55,4721200000;
202100025577.0;5;974;97411;2;1;1.0;3.0; -20,8859330000;55,4754560000;
202100025578.0;1;974;97411;1;1;2.0;3.0; -20,8889000000;55,5005000000;
202100025579.0;1;69;69388;1;1;2.0;6.0;45,7272800000;4,8709200000;
202100025580.0;1;972;97209;2;1;1.0;6.0;14,6076300000; -61,0688400000;
202100025581.0;5;69;69382;2;9;2.0;6.0;45,7487000000;4,8283000000;
202100025582.0;5;69;69034;2;1;2.0;6.0;45,7953800000;4,8585300000;
202100025583.0;1;971;97101;2;1;1.0;3.0;16,2472700000; -61,5333200000;
202100025584.0;1;971;97101;1;1;1.0;6.0;16,2714600000; -61,5152400000;
202100025585.0;1;971;97113;1;1;1.0;3.0;16,2134452047; -61,4279776812;
202100025586.0;5;2A;2A004;2;1;1.0;7.0;41,9314200000;8,7404000000;
202100025587.0;1;91;91021;2;1;1.0;7.0;48,5906950000;2,2382080000;
202100025588.0;3;91;91421;1;1;2.0;7.0;48,7079500000;2,4425400000;
202100025589.0;1;89;89024;2;2;1.0;3.0;47,7996000000;3,5527400000;
202100025590.0;1;87;87113;1;1;2.0;7.0;45,8813700000;1,3294600000;
202100025591.0;1;82;82121;2;3;1.0;5.0;44,0403562516;1,3475552201;
202100025592.0;1;80;80489;2;2;1.0;3.0;49,8677100000;2,3568100000;
202100025593.0;1;78;78646;1;1;3.0;6.0;48,7829500000;2,1064700000;
202100025594.0;1;69;69256;2;3;1.0;6.0;45,7586400000;4,9311500000;
202100025595.0;1;67;67482;2;1;2.0;6.0;48,5730900000;7,7378700000;
202100025596.0;3;67;67482;2;1;1.0;6.0;48,6057080000;7,7781720000;
202100025597.0;1;67;67482;2;3;1.0;3.0;48,5879000000;7,7572260000;
202100025598.0;1;66;66136;2;1;3.0;6.0;42,6780900000;2,9049900000;
202100025599.0;1;66;66136;2;1;1.0;1.0;42,6848602775;2,9018665105;
202100025600.0;1;64;64024;2;1;1.0;6.0;43,5258400000; -1,5108500000;
202100025601.0;2;64;64024;2;1;2.0;7.0;43,4632400000; -1,5088400000;
202100025602.0;1;64;64102;2;1;8.0;3.0;43,4928000000; -1,4720800000;
202100025603.0;1;59;59360;2;9;1.0;3.0;50,6020500000;3,0378800000;
202100025604.0;5;45;45234;2;1;1.0;6.0;47,9006800000;1,9308000000;
202100025605.0;1;44;44184;2;1;2.0;6.0;47,2629400000; -2,2287300000;
202100025606.0;1;44;44184;2;2;1.0;3.0;47,2770000000; -2,2275400000;
202100025607.0;5;37;37261;2;1;1.0;7.0;47,3953425146;0,6764423847;
202100025608.0;1;37;37261;2;6;1.0;7.0;47,4101200000;0,7203200000;
202100025609.0;1;37;37261;2;1;1.0;2.0;47,3737042069;0,6847009063;
202100025610.0;5;33;33063;2;3;1.0;3.0;44,8294280000; -0,5548020000;
202100025611.0;1;33;33063;2;1;2.0;3.0;44,8478700000; -0,6019100000;
202100025612.0;1;33;33009;2;1;2.0;7.0;44,6447000000; -1,1952600000;
202100025613.0;1;26;26058;2;1;1.0;3.0;44,9696520000;4,8768400000;
202100025614.0;1;15;15014;2;1;1.0;6.0;44,9143500000;2,4334800000;
202100025615.0;1;13;13019;1;1;3.0;7.0;43,4316000000;5,3668000000;
202100025616.0;5;13;13077;2;1;1.0;2.0;43,4216900000;4,9774400000;
202100025617.0;1;13;13211;2;9;1.0;2.0;43,2846300000;5,4405900000;
202100025618.0;1;13;13209;2;1;2.0;2.0;43,2585800000;5,3992800000;
202100025619.0;1;13;13206;2;2;1.0;3.0;43,2817400000;5,3846600000;
202100025620.0;1;13;13208;2;3;1.0;3.0;43,2800000000;5,3800000000;
202100025621.0;1;13;13098;2;1;2.0;3.0;43,4367800000;5,0363800000;
202100025622.0;1;11;11262;2;1;1.0;6.0;43,1869600000;3,0013200000;
202100025623.0;1;11;11069;2;1;1.0;3.0;43,2106000000;2,3633000000;
202100025624.0;1;11;11069;2;1;1.0;6.0;43,2165800000;2,3538200000;
202100025625.0;1;11;11069;2;6;1.0;3.0;43,2075900000;2,3145000000;
202100025626.0;1;75;75116;2;4;1.0;3.0;48,8751260000;2,2766710000;
202100025627.0;1;75;75117;2;1;1.0;7.0;48,8889110000;2,2948710000;
202100025628.0;1;75;75111;2;2;1.0;2.0;48,8502870000;2,3985870000;
202100025629.0;1;75;75106;2;1;1.0;3.0;48,8567900000;2,3392660000;
202100025630.0;5;75;75116;2;2;2.0;6.0;48,8408570000;2,2652830000;
202100025631.0;1;75;75110;2;1;1.0;2.0;48,8769400000;2,3562100000;
202100025632.0;1;75;75102;2;3;1.0;3.0;48,8689020000;2,3521860000;
202100025633.0;5;75;75104;2;2;1.0;6.0;48,8567210000;2,3489340000;
202100025634.0;1;94;94078;2;3;8.0;3.0;48,7355962665;2,4468291782;
202100025635.0;1;94;94046;2;9;2.0;2.0;48,8128840000;2,4276570000;
202100025636.0;1;94;94081;2;5;1.0;3.0;48,7929700000;2,3953600000;
202100025637.0;1;94;94041;2;3;2.0;3.0;48,8145870000;2,4077250000;
202100025638.0;1;94;94073;2;8;1.0;3.0;48,7706400000;2,4013900000;
202100025639.0;1;94;94022;2;1;1.0;3.0;48,7728300000;2,3999900000;
202100025640.0;1;93;93078;2;2;1.0;6.0;48,9575900000;2,5450800000;
202100025641.0;1;93;93072;2;2;1.0;3.0;48,9558026659;2,3832982779;
202100025642.0;1;93;93055;2;2;1.0;3.0;48,8933300000;2,4221400000;
202100025643.0;1;93;93046;2;2;1.0;3.0;48,9201800000;2,5390900000;