Num_Acc;lum;departement;commune;agglomeration;intersection;meteo;type_collision;lat;long;date
202100025973.0;3;77;77288;1;6;1.0;6.0;48,5560740000;2,6632890000;
202100025974.0;1;74;74218;1;1;1.0;1.0;46,3867400000;6,5211500000;
202100025975.0;1;64;64284;2;3;1.0;2.0;43,2762000000; -0,3882000000;
202100025976.0;1;61;61397;1;1;1.0;6.0;48,4220100000;0,0573800000;
202100025977.0;1;59;59350;2;1;1.0;3.0;50,6076659879;3,0593745521;
202100025978.0;1;50;50502;2;2;2.0;3.0;49,1108700000; -1,0575500000;
202100025979.0;1;45;45234;2;1;1.0;6.0;47,9103255329;1,9079571962;
202100025980.0;5;45;45234;2;2;1.0;1.0;47,9018040000;1,9239450000;
202100025981.0;3;44;44172;1;1;1.0;2.0;47,2351200000; -1,4779800000;
202100025982.0;1;35;35238;2;1;1.0;1.0;48,1044100000; -1,6830600000;
202100025983.0;1;35;35238;2;1;1.0;6.0;48,0911860000; -1,6648110000;
202100025984.0;1;33;33063;2;1;1.0;4.0;44,8345600000; -0,5519500000;
202100025985.0;5;33;33063;2;1;2.0;6.0;44,8521800000; -0,5946500000;
202100025986.0;5;33;33063;2;2;1.0;3.0;44,8906980000; -0,5468460000;
202100025987.0;5;31;31555;2;4;1.0;1.0;43,6261000000;1,4371100000;
202100025988.0;5;31;31555;2;1;2.0;3.0;43,6036640000;1,4068550000;
202100025989.0;1;30;30007;2;3;1.0;3.0;44,1305100000;4,0722200000;
202100025990.0;1;29;29232;2;1;1.0;2.0;48,0106000000; -4,0945500000;
202100025991.0;1;29;29039;1;1;1.0;7.0;47,8782530000; -3,8565880000;
202100025992.0;1;26;26198;2;1;1.0;3.0;44,5543820000;4,7436900000;
202100025993.0;5;25;25056;2;1;1.0;6.0;47,2313200000;5,9973300000;
202100025994.0;1;22;22113;2;1;1.0;6.0;48,7339402336; -3,4430359716;
202100025995.0;1;17;17291;1;1;1.0;2.0;46,1749400000; -1,1107500000;
202100025996.0;5;13;13216;2;1;1.0;1.0;43,3578000000;5,3194700000;
202100025997.0;1;13;13205;2;2;1.0;3.0;43,2925500000;5,4001900000;
202100025998.0;2;13;13205;2;1;1.0;3.0;43,2950700000;5,4067100000;
202100025999.0;1;13;13208;2;2;1.0;3.0;43,2789900000;5,3820500000;
202100026000.0;1;13;13205;2;1;1.0;6.0;43,3008035067;5,3905386512;
202100026001.0;2;09;09225;2;3;8.0;6.0;43,1185100000;1,6218800000;
202100026002.0;1;06;06123;2;1;1.0;1.0;43,6602720000;7,1800490000;
202100026003.0;1;06;06004;1;1;1.0;3.0;43,6119100000;7,1271800000;
202100026004.0;1;04;04112;2;3;1.0;3.0;43,8205362052;5,7876756801;
202100026005.0;1;75;75113;2;1;1.0;5.0;48,8190660000;2,3719010000;
202100026006.0;5;75;75119;2;1;1.0;2.0;48,8785320000;2,4025030000;
202100026007.0;5;75;75115;2;1;1.0;6.0;48,8466310000;2,2876240000;
202100026008.0;1;75;75115;2;2;1.0;3.0;48,8387380000;2,2697110000;
202100026009.0;1;75;75108;2;1;1.0;2.0;48,8666250000;2,3175380000;
202100026010.0;1;75;75101;2;1;1.0;7.0;48,8610190000;2,3340230000;
202100026011.0;5;75;75101;2;3;1.0;3.0;48,8609430000;2,3300590000;
202100026012.0;5;75;75103;2;7;1.0;1.0;48,8666510000;2,3646130000;
202100026013.0;1;93;93066;2;1;1.0;6.0;48,9460300000;2,3667000000;
202100026014.0;1;93;93050;2;2;1.0;3.0;48,8737600000;2,5528190000;
202100026015.0;1;93;93007;2;1;1.0;3.0;48,9475400000;2,4476000000;
202100026016.0;1;92;92044;2;1;1.0;2.0;48,9001820000;2,2825310000;
202100026017.0;5;92;92024;2;2;1.0;3.0;48,9000173959;2,3062035441;
202100026018.0;1;34;34263;1;1;1.0;3.0;43,7578290000;4,0257160000;
202100026019.0;1;2A;2A360;1;1;1.0;7.0;41,8209670000;8,9627410000;
202100026020.0;1;41;41091;1;1;8.0;6.0;47,6486220000;1,2745000000;
202100026021.0;1;84;84069;2;9;7.0;2.0;44,1758410000;5,1292900000;
202100026022.0;1;31;31547;1;2;1.0;3.0;43,5042390000;1,2483000000;
202100026023.0;3;71;71195;1;1;1.0;6.0;46,5141555094;4,9110992157;
202100026024.0;3;974;97405;2;9;1.0;6.0; -21,3666780000;55,5569390000;
202100026025.0;1;974;97405;2;9;1.0;7.0; -21,3501320000;55,5622390000;
202100026026.0;1;63;63358;1;1;1.0;7.0;46,0485740000;3,0493280000;
202100026027.0;1;01;01153;1;2;1.0;3.0;46,2941031609;6,0425815685;
202100026028.0;4;17;17376;1;1;2.0;6.0;46,2474600000; -1,0417000000;
202100026029.0;1;68;68260;1;1;1.0;6.0;47,8859686874;7,2596301735;
202100026030.0;3;62;62361;1;1;1.0;6.0;50,2834470000;2,3033900000;
202100026031.0;1;41;41278;1;1;1.0;6.0;47,6563880000;0,9582870000;
202100026032.0;1;40;40246;1;1;1.0;1.0;44,1412800000; -0,7246760000;
202100026033.0;1;04;04205;1;1;1.0;1.0;44,3450440000;6,3727890000;
202100026034.0;1;19;19002;1;1;1.0;3.0;45,5837067421;2,3690424748;
202100026035.0;3;95;95612;1;1;1.0;6.0;49,0081010000;2,4648700000;
202100026036.0;3;56;56165;1;1;2.0;2.0;47,9208720000; -2,3531130000;
202100026037.0;1;76;76686;2;1;1.0;7.0;49,7674030000;0,5404600000;
202100026038.0;3;76;76068;1;1;1.0;7.0;49,7037780000;0,4574780000;
202100026039.0;1;79;79290;1;2;1.0;3.0;46,4387640000; -0,6063700000;
202100026040.0;1;33;33248;1;1;1.0;2.0;45,1020320000; -0,8027320000;
202100026041.0;1;33;33282;1;3;1.0;1.0;44,7786940000; -0,1070670000;
202100026042.0;1;81;81031;1;2;1.0;3.0;43,6173320724;2,4484508279;
202100026043.0;3;63;63162;1;1;1.0;7.0;45,5372420000;3,6075500000;
202100026044.0;1;61;61336;1;1;1.0;1.0;48,2821720000;0,4961440000;
202100026045.0;1;42;42059;1;1;2.0;7.0;45,6467330000;4,3660570000;
202100026046.0;1;47;47252;2;3;1.0;3.0;44,4030240000;0,5958260000;
202100026047.0;3;47;47110;1;1;1.0;6.0;44,4561760000;0,2891420000;
202100026048.0;1;47;47301;1;1;1.0;6.0;44,5301370000;0,2912500000;
202100026049.0;1;22;22135;1;1;2.0;1.0;48,5305180000; -3,3586620000;
202100026050.0;1;22;22013;1;2;1.0;3.0;48,4962320000; -3,1878590000;
202100026051.0;2;25;25004;1;1;1.0;1.0;47,4261640000;6,9335530000;
202100026052.0;5;44;44166;2;1;1.0;6.0;47,1958000000; -1,7239520000;
202100026053.0;1;44;44067;1;3;1.0;1.0;47,6201290000; -1,8266380000;
202100026054.0;1;44;44067;2;1;1.0;1.0;47,6274510000; -1,8289500000;
202100026055.0;1;29;29260;2;1;1.0;2.0;48,4261490689; -4,6042274062;
202100026056.0;5;29;29075;1;1;1.0;6.0;48,4223370000; -4,4224370000;
202100026057.0;1;29;29158;2;3;1.0;1.0;47,8129215560; -4,3417815864;
202100026058.0;3;31;31413;1;1;8.0;6.0;43,7331270000;1,1041050000;
202100026059.0;3;38;38134;1;1;1.0;1.0;45,4558560000;4,9952600000;
202100026060.0;1;38;38012;2;1;1.0;6.0;45,5942780000;5,6214270000;
202100026061.0;1;64;64040;2;1;2.0;7.0;43,0969880000; -0,7211230000;
202100026062.0;1;36;36165;1;2;1.0;6.0;46,7026730000;1,0386370000;
202100026063.0;1;16;16236;2;3;2.0;6.0;45,5661810000;0,1222630000;
202100026064.0;1;17;17224;2;3;1.0;3.0;45,8632230000; -0,3173380000;
202100026065.0;3;30;30237;1;1;1.0;6.0;44,2723690000;4,1890530000;
202100026066.0;1;30;30291;1;1;1.0;3.0;44,1503120000;4,0033150000;
202100026067.0;1;88;88516;2;4;1.0;6.0;48,2004386869;5,9491261840;
202100026068.0;1;24;24194;1;3;1.0;3.0;44,8384190000;0,3043990000;
202100026069.0;1;973;97307;1;1;1.0;3.0;4,8216420000; -52,3427620000;
202100026070.0;1;60;60299;1;1;3.0;6.0;49,6175219746;2,2092781694;
202100026071.0;1;06;06018;1;3;1.0;3.0;43,6216980000;7,0586600000;
202100026072.0;1;39;39233;1;1;1.0;7.0;47,0846320000;5,4252720000;
202100026073.0;1;11;11144;1;1;1.0;5.0;42,8675820000;2,9854270000;
202100026074.0;1;95;95170;1;1;1.0;1.0;49,0417890000;1,9470850000;
202100026075.0;2;95;95213;1;1;1.0;6.0;49,1229270000;2,0646730000;
202100026076.0;1;11;11322;1;1;1.0;3.0;43,0010540000;2,9694950000;
202100026077.0;5;34;34052;2;1;1.0;6.0;43,3271350000;3,0391710000;
202100026078.0;1;34;34027;1;1;1.0;7.0;43,7327320000;4,0067480000;
202100026079.0;1;04;04069;1;1;1.0;7.0;43,8797760000;6,5558980000;
202100026080.0;1;13;13089;1;2;1.0;3.0;43,8295740000;4,9312310000;
202100026081.0;1;71;71382;1;1;2.0;7.0;46,5180573630;3,8587461202;
202100026082.0;1;68;68251;1;9;8.0;7.0;47,9878350000;7,2144550000;
202100026083.0;1;57;57631;1;1;1.0;7.0;49,1095320000;7,0286700000;
202100026084.0;1;38;38565;1;1;1.0;3.0;45,3001620000;5,6379930000;
202100026085.0;1;69;69101;2;1;2.0;7.0;45,9798374927;4,6294417977;
202100026086.0;1;69;69163;1;1;1.0;1.0;45,9349160000;4,7718210000;
202100026087.0;1;44;44047;2;1;1.0;3.0;47,2134690000; -1,6823950000;
202100026088.0;1;14;14488;2;2;1.0;3.0;49,2886310000; -0,2645030000;
202100026089.0;1;60;60139;2;1;1.0;3.0;49,1534640000;2,2532540000;
202100026090.0;1;59;59105;2;1;1.0;1.0;50,4362800000;3,2449530000;
202100026091.0;1;59;59558;1;1;1.0;7.0;50,2416990000;3,4602670000;
202100026092.0;1;13;13216;2;1;1.0;7.0;43,3502500000;5,3468000000;
202100026093.0;1;13;13215;2;1;1.0;7.0;43,3499400000;5,3687200000;
202100026094.0;2;13;13210;1;1;1.0;1.0;43,2841600000;5,4045000000;
202100026095.0;1;91;91589;1;1;1.0;6.0;48,6765700000;2,3392500000;
202100026096.0;1;91;91136;1;1;1.0;4.0;48,7145600000;2,2729200000;
202100026097.0;1;91;91689;1;1;1.0;3.0;48,7434810000;2,3216660000;
202100026098.0;1;91;91377;1;9;1.0;2.0;48,7194000000;2,2990500000;
202100026099.0;1;78;78206;1;1;1.0;6.0;48,9542760000;1,9390660000;
202100026100.0;3;92;92012;1;1;1.0;6.0;48,8482342934;2,2325493297;
202100026101.0;1;93;93053;1;1;1.0;7.0;48,8876568563;2,4726906697;
202100026102.0;2;95;95277;1;1;1.0;2.0;48,9767170000;2,4923560000;
202100026103.0;1;95;95572;1;1;1.0;3.0;49,0339000000;2,1040900000;
202100026104.0;1;38;38185;2;1;1.0;6.0;45,1839800000;5,7176700000;
202100026105.0;5;29;29019;2;1;1.0;6.0;48,3917028245; -4,4604407565;
202100026106.0;1;988;98818;2;3;1.0;2.0; -22,2936200000;166,4465500000;
202100026107.0;1;973;97302;2;9;1.0;3.0;4,9351973853; -52,3079652788;
202100026108.0;5;69;69199;2;1;2.0;1.0;45,7046500000;4,8568700000;
202100026109.0;1;69;69383;2;2;8.0;6.0;45,7530329298;4,8951875567;
202100026110.0;5;972;97209;2;1;2.0;6.0;14,6161660000; -61,0540850000;
202100026111.0;1;971;97101;2;1;1.0;6.0;16,2386000000; -61,5294500000;
202100026112.0;1;971;97101;1;1;1.0;4.0;16,2380000000; -61,5228400000;
202100026113.0;1;95;95680;2;1;1.0;3.0;49,0074438945;2,3946064711;
202100026114.0;5;95;95268;2;1;1.0;1.0;48,9689058072;2,3886492848;
202100026115.0;3;95;95424;2;9;1.0;3.0;48,9865600000;2,1818300000;
202100026116.0;5;91;91103;2;1;1.0;7.0;48,6084530000;2,3003320000;
202100026117.0;1;91;91103;2;4;1.0;3.0;48,6244100000;2,2974900000;
202100026118.0;1;91;91377;2;1;1.0;3.0;48,7302000000;2,2738300000;
202100026119.0;1;91;91377;2;1;1.0;2.0;48,7266000000;2,2790000000;
202100026120.0;1;83;83069;1;1;1.0;2.0;43,1135880000;6,1009980000;
202100026121.0;3;82;82033;1;1;8.0;7.0;44,0420500000;1,1417000000;
202100026122.0;1;77;77350;2;2;1.0;3.0;48,7657161792;2,6818143299;
202100026123.0;1;69;69290;2;9;1.0;3.0;45,7037437173;4,9349790215;
202100026124.0;1;63;63113;2;1;1.0;3.0;45,8138380283;3,1072246939;
202100026125.0;1;63;63113;2;2;1.0;3.0;45,7641500000;3,1259500000;
202100026126.0;1;63;63164;2;6;1.0;2.0;45,8196418179;3,1496172428;
202100026127.0;1;62;62108;2;1;1.0;2.0;50,4017200000;1,5952500000;
202100026128.0;1;60;60057;2;9;1.0;3.0;49,4529800000;2,0746800000;
202100026129.0;1;54;54431;2;2;1.0;1.0;48,9166400000;6,0630100000;
202100026130.0;5;54;54395;2;1;1.0;6.0;48,6900000000;6,1952600000;
202100026131.0;1;54;54395;2;2;1.0;3.0;48,6875855517;6,1707450449;
202100026132.0;1;50;50502;2;1;1.0;3.0;49,1146300000; -1,0987600000;
202100026133.0;1;49;49007;2;1;1.0;3.0;47,4673700000; -0,5558500000;
202100026134.0;1;45;45338;2;1;1.0;6.0;47,9930970000;2,7039800000;
202100026135.0;1;42;42187;2;1;1.0;6.0;46,0391460000;4,0773210000;
202100026136.0;1;37;37261;2;1;1.0;1.0;47,4350184044;0,7075560093;
202100026137.0;1;35;35278;2;2;1.0;3.0;48,1541100000; -1,6967400000;
202100026138.0;1;35;35238;2;1;8.0;3.0;48,0992945942; -1,6943326592;
202100026139.0;1;33;33063;1;2;1.0;3.0;44,8468400000; -0,5919840000;
202100026140.0;3;33;33009;2;1;1.0;7.0;44,6517300000; -1,1801300000;
202100026141.0;1;31;31555;2;1;2.0;6.0;43,5781500000;1,4340600000;
202100026142.0;1;29;29019;2;1;1.0;6.0;48,3843500000; -4,4954600000;
202100026143.0;2;13;13206;2;2;1.0;3.0;43,2902400000;5,3759400000;
202100026144.0;1;13;13005;2;3;1.0;3.0;43,3149900000;5,5774500000;
202100026145.0;1;11;11069;2;1;8.0;7.0;43,2015000000;2,3598000000;
202100026146.0;1;11;11069;2;1;1.0;4.0;43,1986000000;2,3373000000;
202100026147.0;1;09;09225;2;3;2.0;3.0;43,1156100000;1,6239100000;
202100026148.0;5;06;06088;2;2;1.0;3.0;43,6986730000;7,2830920000;
202100026149.0;5;75;75119;2;1;1.0;2.0;48,9004260000;2,3888780000;
202100026150.0;1;75;75116;2;4;1.0;6.0;48,8414340000;2,2541390000;
202100026151.0;5;75;75116;2;2;1.0;3.0;48,8650340000;2,2344580000;
202100026152.0;1;75;75117;2;2;1.0;3.0;48,8829300000;2,2963800000;
202100026153.0;1;75;75115;2;7;1.0;2.0;48,8404200000;2,2715460000;
202100026154.0;2;75;75115;2;4;1.0;3.0;48,8415530000;2,3140130000;
202100026155.0;1;75;75114;2;2;1.0;2.0;48,8295910000;2,3283750000;
202100026156.0;5;75;75113;2;3;1.0;6.0;48,8354660000;2,3692900000;
202100026157.0;1;75;75111;2;1;1.0;3.0;48,8644560000;2,3788320000;
202100026158.0;1;75;75108;2;7;1.0;6.0;48,8647600000;2,3205800000;
202100026159.0;5;75;75116;2;7;1.0;2.0;48,8576750000;2,2635560000;
202100026160.0;5;75;75103;2;4;1.0;6.0;48,8667900000;2,3619000000;
202100026161.0;2;75;75101;2;2;1.0;7.0;48,8609160000;2,3408080000;
202100026162.0;2;94;94054;2;1;1.0;6.0;48,7451490000;2,3884099000;
202100026163.0;1;93;93064;1;1;1.0;3.0;48,8700000000;2,4860000000;
202100026164.0;5;93;93008;2;9;1.0;6.0;48,9000000000;2,4400000000;
202100026165.0;1;93;93005;2;2;1.0;3.0;48,9216960000;2,5040710000;
202100026166.0;1;92;92020;2;1;1.0;6.0;48,8073527845;2,2942331039;
202100026167.0;1;92;92040;2;3;1.0;3.0;48,8245300000;2,2743400000;
202100026168.0;1;92;92035;2;1;1.0;6.0;48,9085095186;2,2372077405;
202100026169.0;1;92;92002;2;1;1.0;3.0;48,7675900000;2,3106400000;
202100026170.0;1;38;38336;2;1;1.0;5.0;45,4700930000;4,8284000000;
202100026171.0;1;57;57479;1;1;1.0;1.0;49,4092180000;6,3909480000;
202100026172.0;1;17;17183;1;2;1.0;1.0;45,6048360000; -0,8104480000;
202100026173.0;3;71;71550;1;1;1.0;3.0;46,4954530000;4,8985930000;
202100026174.0;4;71;71150;1;1;1.0;2.0;46,2363460000;4,7953180000;
202100026175.0;1;28;28211;1;1;1.0;6.0;48,1583150000;1,2631110000;
202100026176.0;1;11;11360;1;1;1.0;2.0;43,2638469071;2,9028046131;
202100026177.0;1;68;68300;1;9;1.0;3.0;47,7849680000;7,4301860000;
202100026178.0;1;62;62742;1;1;1.0;6.0;50,4612060000;1,6772930000;
202100026179.0;2;50;50487;1;1;1.0;5.0;48,5269830000; -1,3452400000;
202100026180.0;1;30;30134;1;1;1.0;1.0;44,2859670000;4,4651220000;
202100026181.0;1;89;89195;1;1;1.0;1.0;48,1702880000;3,2759960000;
202100026182.0;1;95;95652;1;1;1.0;6.0;49,1129070000;2,3652900000;
202100026183.0;1;95;95612;2;1;1.0;3.0;49,0088980000;2,4724100000;
202100026184.0;1;56;56102;1;4;8.0;6.0;48,0342300000; -2,5460230000;
202100026185.0;1;67;67360;1;1;1.0;7.0;48,1948915511;7,4929118156;
202100026186.0;1;79;79321;1;1;1.0;6.0;46,9187020000; -0,1066450000;
202100026187.0;1;79;79090;2;3;1.0;3.0;46,1149550000; -0,3424640000;
202100026188.0;1;79;79126;1;2;2.0;3.0;46,1780480000; -0,3664540000;
202100026189.0;1;82;82059;1;1;1.0;1.0;43,8477670000;0,9529190000;
202100026190.0;1;81;81183;1;1;1.0;1.0;43,8033100000;2,3727730000;
202100026191.0;1;11;11049;2;1;1.0;6.0;43,2687410000;2,1324850000;
202100026192.0;3;12;12232;1;1;1.0;7.0;43,9347110000;3,0140630000;
202100026193.0;1;68;68201;2;1;1.0;6.0;47,7762160000;7,0000340000;
202100026194.0;2;29;29268;1;1;1.0;6.0;48,4624360000; -4,3006650000;
202100026195.0;1;38;38399;1;1;1.0;2.0;45,5229620000;5,1491220000;
202100026196.0;2;38;38195;1;1;2.0;1.0;45,1522000000;5,3697860000;
202100026197.0;1;84;84079;1;1;1.0;7.0;44,0826070000;5,3658830000;
202100026198.0;2;03;03122;1;1;1.0;7.0;46,5042410000;3,0272480000;
202100026199.0;1;01;01034;2;6;1.0;3.0;45,7582760000;5,7060510000;
202100026200.0;1;70;70428;1;1;1.0;5.0;47,6567810000;6,1112680000;
202100026201.0;1;14;14254;1;1;1.0;6.0;49,1465980000; -0,4183170000;
202100026202.0;1;05;05184;1;1;1.0;7.0;44,4108000000;5,9543860000;
202100026203.0;1;83;83032;1;1;1.0;1.0;43,4705672552;6,1976394037;
202100026204.0;1;43;43213;1;1;1.0;7.0;45,2510540000;4,2733920000;
202100026205.0;3;10;10427;1;1;1.0;2.0;48,1025680000;4,4353290000;
202100026206.0;4;21;21196;2;2;1.0;3.0;46,9210280000;4,7532280000;
202100026207.0;1;24;24004;1;1;8.0;1.0;45,1344920000;1,0361590000;
202100026208.0;1;85;85234;2;6;1.0;2.0;46,7957700000; -2,0483280000;
202100026209.0;3;85;85197;1;1;1.0;6.0;46,8729380000; -1,3950870000;
202100026210.0;3;85;85084;2;1;1.0;7.0;46,7650400000; -1,2498600000;
202100026211.0;3;85;85202;2;1;1.0;6.0;46,7401300000; -1,1172000000;
202100026212.0;3;27;27597;1;1;1.0;6.0;49,3838470000;0,3742540000;
202100026213.0;3;23;23255;1;1;1.0;7.0;46,2278060000;2,2384050000;
202100026214.0;2;30;30218;1;1;1.0;6.0;44,2418560000;4,2791100000;
202100026215.0;5;30;30037;2;1;1.0;6.0;44,2954500000;4,0754560000;
202100026216.0;1;72;72080;1;1;1.0;7.0;48,1353060000;0,6410690000;
202100026217.0;1;72;72031;1;1;1.0;3.0;48,0882570000;0,5053280000;
202100026218.0;2;11;11262;1;1;1.0;7.0;43,1691290000;3,0371620000;
202100026219.0;1;17;17285;1;1;1.0;3.0;45,8032260000; -0,6549530000;
202100026220.0;1;975;97502;2;2;1.0;6.0;46,7826840000; -56,1740450000;
202100026221.0;3;971;97118;1;1;1.0;1.0;16,1688660000; -61,5876170000;
202100026222.0;3;978;97801;1;1;1.0;5.0;18,0523570000; -63,0858560000;
202100026223.0;1;21;21171;2;1;1.0;7.0;47,2940570000;5,1273480000;
202100026224.0;2;45;45063;2;1;1.0;6.0;47,6334850000;2,3653010000;
202100026225.0;3;45;45290;1;1;1.0;2.0;47,8615240000;2,2496780000;
202100026226.0;5;30;30258;2;1;2.0;1.0;43,6730360000;4,4346360000;
202100026227.0;1;04;04100;1;1;1.0;7.0;44,4359710000;6,8721410000;
202100026228.0;1;13;13022;2;9;1.0;1.0;43,2315720000;5,5454350000;
202100026229.0;1;71;71123;1;1;1.0;3.0;46,2300920000;3,9503090000;
202100026230.0;1;57;57596;2;1;8.0;2.0;49,1632450000;6,8578340000;
202100026231.0;3;03;03119;1;1;1.0;6.0;46,7079400000;3,5877320000;
202100026232.0;1;73;73026;1;1;1.0;3.0;45,2089470000;6,7302370000;
202100026233.0;1;73;73262;1;1;1.0;7.0;45,7950878460;6,4838374924;
202100026234.0;1;73;73021;1;1;1.0;7.0;45,4495040000;6,1248350000;
202100026235.0;1;26;26250;1;6;1.0;3.0;45,0389311000;4,8870820000;
202100026236.0;3;09;09282;2;4;1.0;1.0;43,2335570000;1,5699930000;
202100026237.0;3;09;09042;1;1;1.0;1.0;43,0097150000;1,4138890000;
202100026238.0;3;60;60328;1;1;1.0;6.0;49,5078661880;2,0878443717;
202100026239.0;1;59;59409;1;1;1.0;1.0;50,2967420000;3,2102610000;
202100026240.0;1;59;59401;1;1;1.0;1.0;50,7394390000;2,7031920000;
202100026241.0;1;13;13055;1;1;1.0;4.0;43,3363100000;5,3802000000;
202100026242.0;1;13;13071;1;1;1.0;2.0;43,4050000000;5,3388600000;
202100026243.0;3;13;13215;1;1;1.0;1.0;43,3301900000;5,3551300000;
202100026244.0;3;13;13216;1;1;1.0;2.0;43,3632800000;5,3409900000;
202100026245.0;1;13;13106;1;1;1.0;5.0;43,3958800000;5,3504000000;
202100026246.0;3;67;67482;1;1;1.0;7.0;48,5814700000;7,7242800000;
202100026247.0;1;91;91689;1;1;1.0;4.0;48,7433890000;2,3215690000;
202100026248.0;1;95;95252;1;1;1.0;6.0;48,9839300000;2,2176200000;
202100026249.0;4;93;93001;1;1;1.0;6.0;48,9215100000;2,3764500000;
202100026250.0;1;92;92036;1;1;1.0;3.0;48,9381005247;2,2979271279;
202100026251.0;5;94;94028;1;9;1.0;6.0;48,7795200000;2,4410900000;
202100026252.0;1;91;91477;2;1;1.0;6.0;48,7034600000;2,2373600000;
202100026253.0;1;91;91589;2;1;1.0;6.0;48,6870890000;2,3538720000;
202100026254.0;1;43;43089;2;1;1.0;6.0;45,0460500000;3,8608700000;
202100026255.0;1;974;97411;1;1;2.0;6.0; -20,8722430000;55,4501030000;
202100026256.0;1;974;97411;2;2;1.0;1.0; -20,8890900000;55,4757100000;
202100026257.0;1;974;97407;2;1;1.0;3.0; -20,9384600000;55,3021500000;
202100026258.0;1;69;69386;2;1;2.0;6.0;45,7665679792;4,8565841317;
202100026259.0;5;69;69383;2;1;1.0;2.0;45,7476300000;4,8817900000;
202100026260.0;1;972;97213;1;9;1.0;6.0;14,6568500000; -60,9797900000;
202100026261.0;5;69;69386;2;4;1.0;2.0;45,7767730770;4,8438561559;
202100026262.0;1;69;69389;2;2;2.0;3.0;45,7785910150;4,8025092780;
202100026263.0;5;69;69142;2;1;1.0;1.0;45,7246800000;4,8133400000;
202100026264.0;5;971;97101;2;4;1.0;2.0;16,2495100000; -61,5284700000;
202100026265.0;1;95;95424;2;6;1.0;3.0;48,9927377478;2,1984251924;
202100026266.0;1;91;91027;2;3;1.0;3.0;48,7050100000;2,3714600000;
202100026267.0;3;91;91223;2;1;1.0;7.0;48,4017400000;2,1264200000;
202100026268.0;5;83;83126;2;1;1.0;6.0;43,1048000000;5,8786600000;
202100026269.0;1;78;78401;2;9;1.0;1.0;49,0017300000;1,9078900000;
202100026270.0;1;77;77350;2;1;1.0;3.0;48,7679300000;2,6824900000;
202100026271.0;5;77;77067;1;3;1.0;3.0;48,5832000000;2,6080000000;
202100026272.0;1;77;77320;2;3;1.0;3.0;48,8254250000;3,0375100000;
202100026273.0;1;72;72181;2;4;1.0;6.0;47,9696300000;0,2342180000;
202100026274.0;1;72;72181;2;1;1.0;2.0;47,9940741621;0,2035939691;
202100026275.0;1;72;72181;2;6;1.0;3.0;48,0152650000;0,2016670000;
202100026276.0;1;71;71040;2;1;1.0;3.0;46,6973100000;4,3889100000;
202100026277.0;1;71;71270;2;3;1.0;3.0;46,3042500000;4,8345700000;
202100026278.0;1;67;67180;2;6;1.0;7.0;48,8221900000;7,7919700000;
202100026279.0;1;66;66136;2;1;1.0;6.0;42,6790200000;2,8919900000;
202100026280.0;1;65;65047;2;1;1.0;4.0;43,2435320000;0,0958150000;
202100026281.0;1;64;64545;1;1;1.0;5.0;43,3779500000; -1,6875800000;
202100026282.0;1;64;64125;2;1;1.0;7.0;43,4270700000; -1,6038300000;
202100026283.0;1;64;64122;2;1;1.0;3.0;43,4837200000; -1,5465000000;
202100026284.0;5;64;64122;2;1;2.0;7.0;43,4778600000; -1,5572900000;
202100026285.0;1;64;64102;2;2;1.0;3.0;43,4950900000; -1,4784900000;
202100026286.0;1;62;62540;1;1;1.0;7.0;50,4587019000;2,5758480000;
202100026287.0;1;62;62193;2;9;1.0;3.0;50,9468400000;1,9136700000;
202100026288.0;1;60;60159;2;3;1.0;3.0;49,4076600000;2,8250300000;
202100026289.0;1;59;59350;2;2;1.0;3.0;50,6446000000;3,0576100000;
202100026290.0;1;59;59009;2;1;1.0;6.0;50,6651600000;3,1406300000;
202100026291.0;1;56;56083;2;6;1.0;7.0;47,8155500000; -3,2438400000;
202100026292.0;1;54;54304;2;2;1.0;3.0;48,6793281055;6,1425898969;
202100026293.0;1;51;51454;2;1;1.0;7.0;49,2797400000;4,0215400000;
202100026294.0;1;51;51454;2;1;1.0;2.0;49,2664600000;4,0037700000;
202100026295.0;1;51;51230;2;1;1.0;7.0;49,0456600000;3,9614500000;
202100026296.0;1;49;49007;2;1;1.0;1.0;47,4682800000; -0,5220100000;
202100026297.0;1;49;49007;2;1;1.0;7.0;47,4807100000; -0,5668200000;
202100026298.0;1;49;49007;2;2;1.0;6.0;47,4560000000; -0,5513000000;
202100026299.0;1;45;45208;2;1;1.0;6.0;48,0067070000;2,7419080000;
202100026300.0;5;44;44109;2;1;1.0;6.0;47,2014900000; -1,5519100000;