Num_Acc;lum;departement;commune;agglomeration;intersection;meteo;type_collision;lat;long;date
202100026958.0;1;94;94028;2;2;3.0;3.0;48,7777500000;2,4636100000;
202100026959.0;5;94;94028;2;1;1.0;2.0;48,7732600000;2,4352500000;
202100026960.0;1;94;94018;2;2;1.0;3.0;48,8198730000;2,4101540000;
202100026961.0;1;93;93078;2;3;2.0;1.0;48,9545600000;2,5490700000;
202100026962.0;1;93;93070;2;4;8.0;3.0;48,9118500000;2,3337600000;
202100026963.0;1;93;93055;2;3;1.0;1.0;48,8912430000;2,4025480000;
202100026964.0;1;93;93051;2;1;2.0;1.0;48,8478300000;2,5481400000;
202100026965.0;1;93;93049;2;3;1.0;3.0;48,8528100000;2,5132100000;
202100026966.0;1;93;93046;2;9;1.0;3.0;48,9184150000;2,5211460000;
202100026967.0;1;93;93031;2;1;1.0;6.0;48,9566800000;2,2973600000;
202100026968.0;1;92;92051;2;3;8.0;7.0;48,8891470000;2,2807430000;
202100026969.0;2;92;92036;2;1;1.0;6.0;48,9210183468;2,3016973432;
202100026970.0;1;92;92032;2;1;1.0;6.0;48,7947200000;2,2750100000;
202100026971.0;1;95;95313;1;9;3.0;7.0;49,1143040000;2,2538710000;
202100026972.0;1;2A;2A262;1;1;1.0;3.0;42,1337810000;8,8534570000;
202100026973.0;1;25;25631;1;1;1.0;5.0;47,1528800000;5,9403420000;
202100026974.0;1;41;41234;1;1;7.0;7.0;47,5650380000;1,1328970000;
202100026975.0;1;84;84044;1;1;1.0;1.0;44,2252400000;5,1470790000;
202100026976.0;1;88;88505;1;1;1.0;7.0;48,1750040000;6,8459740000;
202100026977.0;5;74;74010;2;1;1.0;6.0;45,9151240000;6,0933240000;
202100026978.0;3;974;97410;1;1;1.0;3.0; -21,1085740000;55,7492640000;
202100026979.0;3;971;97133;1;1;1.0;7.0;15,9532570000; -61,6817310000;
202100026980.0;1;41;41173;1;2;1.0;3.0;47,8861070000;1,5313480000;
202100026981.0;1;34;34217;2;1;1.0;7.0;43,6997070000;3,8623840000;
202100026982.0;1;51;51312;2;1;1.0;7.0;49,0122984492;4,2649767662;
202100026983.0;1;19;19057;1;1;1.0;1.0;45,0467160000;1,6649220000;
202100026984.0;1;56;56165;1;1;1.0;2.0;47,9180100000; -2,4046700000;
202100026985.0;1;56;56240;1;1;1.0;3.0;47,5398830000; -2,8294300000;
202100026986.0;1;79;79340;1;1;1.0;6.0;46,5390860000; -0,1227380000;
202100026987.0;1;2A;2A008;2;1;1.0;6.0;41,8592260000;8,7915620000;
202100026988.0;1;80;80015;1;1;2.0;1.0;49,9579850000;2,9725740000;
202100026989.0;3;89;89304;1;1;1.0;7.0;47,8464600000;3,3861920000;
202100026990.0;1;55;55438;1;1;1.0;1.0;49,3246050000;5,0763810000;
202100026991.0;1;12;12148;1;1;1.0;1.0;44,4729070000;2,2334110000;
202100026992.0;1;42;42009;1;2;1.0;3.0;45,7705650000;4,0045380000;
202100026993.0;1;39;39548;2;1;1.0;1.0;46,8266280000;5,7219880000;
202100026994.0;1;25;25103;1;3;1.0;3.0;47,1604530000;5,9519290000;
202100026995.0;1;31;31503;1;1;2.0;6.0;43,1373670000;0,9511220000;
202100026996.0;1;38;38078;1;1;1.0;7.0;45,3990000000;6,1390000000;
202100026997.0;3;15;15215;1;1;1.0;6.0;44,9664410000;2,4746490000;
202100026998.0;3;26;26305;1;1;1.0;6.0;44,5904750000;4,9018980000;
202100026999.0;1;58;58017;1;8;1.0;3.0;47,1024840000;3,7307650000;
202100027000.0;1;06;06090;1;1;1.0;1.0;43,5891840000;6,9170420000;
202100027001.0;1;14;14070;2;1;1.0;6.0;49,1903500000; -0,0440790000;
202100027002.0;3;64;64034;1;1;1.0;6.0;43,3469030000; -1,0012360000;
202100027003.0;1;36;36127;2;1;1.0;6.0;46,6013700000;1,9796980000;
202100027004.0;1;07;07198;1;1;1.0;7.0;44,7995050000;4,7239710000;
202100027005.0;1;21;21425;2;1;1.0;6.0;47,6245620000;4,3179760000;
202100027006.0;3;21;21492;1;1;1.0;1.0;47,0095270000;4,8093400000;
202100027007.0;1;40;40236;1;1;1.0;1.0;43,6832480000; -0,8363400000;
202100027008.0;1;40;40075;1;3;1.0;2.0;43,8616310000; -1,1628130000;
202100027009.0;2;85;85210;1;1;1.0;1.0;46,8437850000; -1,6225860000;
202100027010.0;1;88;88468;2;3;1.0;3.0;47,8771450000;6,7564520000;
202100027011.0;1;10;10380;1;1;1.0;2.0;48,5233410000;4,1789670000;
202100027012.0;1;973;97307;1;1;3.0;1.0;4,7849080000; -52,3377570000;
202100027013.0;1;42;42279;2;2;1.0;1.0;45,5039345381;4,2499109512;
202100027014.0;2;11;11145;1;1;1.0;2.0;43,2311340000;3,2004550000;
202100027015.0;3;988;98814;1;1;1.0;6.0; -21,0081400000;167,2880030000;
202100027016.0;1;988;98808;1;1;1.0;6.0; -21,2878700000;165,5593030000;
202100027017.0;1;971;97126;1;1;1.0;1.0;15,9730680000; -61,2703260000;
202100027018.0;1;91;91338;2;1;1.0;4.0;48,6526140000;2,0728940000;
202100027019.0;1;2B;2B042;2;1;1.0;2.0;42,5640890000;9,4410430000;
202100027020.0;1;83;83070;2;2;1.0;3.0;43,1376100000;6,3768070000;
202100027021.0;2;13;13018;1;1;1.0;2.0;43,8554810000;4,9579120000;
202100027022.0;1;57;57521;1;9;1.0;6.0;49,1798470000;6,9186860000;
202100027023.0;1;74;74136;1;1;1.0;7.0;45,9664540000;6,4238150000;
202100027024.0;1;38;38153;1;1;1.0;1.0;45,2034490000;5,6334970000;
202100027025.0;1;38;38382;2;5;1.0;3.0;45,2399820000;5,6661990000;
202100027026.0;1;01;01032;1;1;1.0;3.0;45,8575634993;5,1388147698;
202100027027.0;2;16;16320;1;1;1.0;6.0;45,7602720000;0,0099110000;
202100027028.0;1;85;85003;1;2;1.0;3.0;46,7501520000; -1,6517510000;
202100027029.0;1;76;76533;1;1;1.0;6.0;49,4959360000;0,2588440000;
202100027030.0;1;60;60408;1;2;1.0;3.0;49,4801710000;2,7491030000;
202100027031.0;1;80;80039;2;1;1.0;6.0;50,1063230000;1,4574100000;
202100027032.0;1;80;80685;1;1;1.0;1.0;49,7134400000;2,7907420000;
202100027033.0;1;59;59097;1;2;8.0;3.0;50,1443050000;3,0528040000;
202100027034.0;1;54;54157;1;1;1.0;2.0;48,8391100000;6,0911400000;
202100027035.0;3;59;59646;1;1;1.0;6.0;50,6714280000;3,1155230000;
202100027036.0;1;92;92063;1;1;2.0;3.0;48,8723901573;2,1569627523;
202100027037.0;1;92;92036;1;1;2.0;5.0;48,9378606491;2,2967300369;
202100027038.0;1;94;94046;1;1;1.0;7.0;48,8081300000;2,4490300000;
202100027039.0;1;94;94052;1;1;2.0;2.0;48,8442100000;2,4923300000;
202100027040.0;3;77;77384;1;1;1.0;6.0;48,6022730000;2,6341380000;
202100027041.0;3;77;77294;1;1;1.0;6.0;48,9647420000;2,6100690000;
202100027042.0;1;94;94015;1;1;1.0;6.0;48,8316000000;2,5317900000;
202100027043.0;5;93;93057;2;1;1.0;6.0;48,9111000000;2,5163500000;
202100027044.0;1;90;90091;1;6;1.0;3.0;47,6899770000;6,9597530000;
202100027045.0;5;987;98736;2;1;1.0;7.0; -17,5294450000; -149,5506930000;
202100027046.0;5;974;97411;2;3;1.0;3.0; -20,8853100000;55,4727300000;
202100027047.0;3;974;97407;1;1;1.0;3.0; -20,9492000000;55,3207100000;
202100027048.0;5;69;69383;2;1;1.0;6.0;45,7514900000;4,8653400000;
202100027049.0;1;69;69386;1;1;1.0;4.0;45,7727000000;4,8568400000;
202100027050.0;1;69;69388;2;1;1.0;6.0;45,7410000000;4,8790000000;
202100027051.0;5;69;69383;2;2;1.0;3.0;45,7621000000;4,8518000000;
202100027052.0;1;972;97213;2;1;2.0;7.0;14,6199300000; -60,9937900000;
202100027053.0;1;95;95268;2;2;1.0;2.0;48,9664933040;2,4093099728;
202100027054.0;1;95;95019;2;2;3.0;2.0;48,9854394845;2,4256698042;
202100027055.0;1;88;88160;2;1;3.0;5.0;48,1794620000;6,4559290000;
202100027056.0;5;83;83129;2;1;1.0;6.0;43,1006560000;5,8241590000;
202100027057.0;1;83;83129;2;1;1.0;3.0;43,1027530000;5,8114740000;
202100027058.0;1;77;77373;2;1;1.0;6.0;48,8001100000;2,6139300000;
202100027059.0;3;77;77494;1;1;2.0;7.0;48,4187100000;2,8590600000;
202100027060.0;5;73;73008;2;1;1.0;3.0;45,6840000000;5,9125900000;
202100027061.0;1;65;65331;2;3;1.0;1.0;43,1995040000;0,0600510000;
202100027062.0;1;65;65100;2;6;1.0;7.0;43,2675640000;0,0707550000;
202100027063.0;5;59;59585;2;2;3.0;3.0;50,5739647680;3,0531291020;
202100027064.0;1;45;45068;2;9;3.0;2.0;48,0070764638;2,7216599900;
202100027065.0;3;35;35278;1;6;1.0;6.0;48,1547540709; -1,7009228468;
202100027066.0;1;33;33529;2;1;1.0;6.0;44,6340900000; -1,1580100000;
202100027067.0;1;33;33529;1;1;1.0;6.0;44,6371800000; -1,1288020000;
202100027068.0;1;33;33529;2;6;1.0;3.0;44,6265900000; -1,1414100000;
202100027069.0;1;29;29232;2;1;1.0;2.0;47,9961800000; -4,0956900000;
202100027070.0;1;29;29232;1;1;1.0;6.0;47,9883720000; -4,0746140000;
202100027071.0;1;27;27375;2;9;1.0;6.0;49,2102702050;1,1703808900;
202100027072.0;1;22;22106;2;3;9.0;3.0;48,4944269511; -2,7142010092;
202100027073.0;1;22;22360;1;6;3.0;7.0;48,4744427068; -2,7208070750;
202100027074.0;1;22;22187;2;1;1.0;2.0;48,5530432688; -2,7799101945;
202100027075.0;1;18;18033;2;4;1.0;3.0;47,0833700000;2,3888500000;
202100027076.0;2;13;13204;2;1;1.0;6.0;43,3080200000;5,4021600000;
202100027077.0;1;13;13211;2;9;1.0;3.0;43,2875200000;5,4649500000;
202100027078.0;1;13;13209;2;1;1.0;2.0;43,2488100000;5,4091300000;
202100027079.0;1;13;13005;2;9;1.0;3.0;43,2885300000;5,5706600000;
202100027080.0;1;13;13005;1;1;1.0;1.0;43,2713700000;5,5892500000;
202100027081.0;1;75;75117;2;1;1.0;4.0;48,8870350000;2,2902900000;
202100027082.0;1;75;75114;2;1;1.0;2.0;48,8198080000;2,3270240000;
202100027083.0;1;75;75116;2;1;1.0;3.0;48,8635000000;2,2659220000;
202100027084.0;1;75;75116;2;1;1.0;2.0;48,8620140000;2,2643930000;
202100027085.0;1;75;75119;2;2;1.0;3.0;48,8844750000;2,3648080000;
202100027086.0;1;75;75119;2;7;2.0;3.0;48,8996260000;2,3876930000;
202100027087.0;1;75;75119;2;4;2.0;6.0;48,8838340000;2,3846060000;
202100027088.0;1;75;75116;2;3;1.0;3.0;48,8668590000;2,2842890000;
202100027089.0;5;75;75115;2;1;1.0;4.0;48,8428610000;2,2742090000;
202100027090.0;1;75;75111;2;2;2.0;7.0;48,8571940000;2,3728110000;
202100027091.0;1;75;75108;2;7;1.0;3.0;48,8667960000;2,3220820000;
202100027092.0;5;75;75108;2;4;3.0;4.0;48,8731280000;2,2970640000;
202100027093.0;1;93;93071;2;1;2.0;2.0;48,9384700000;2,5132500000;
202100027094.0;1;93;93066;2;1;2.0;3.0;48,9322960000;2,3489410000;
202100027095.0;1;93;93046;2;1;1.0;3.0;48,9334760000;2,5511200000;
202100027096.0;1;92;92044;2;3;1.0;2.0;48,8967717502;2,2957320258;
202100027097.0;1;11;11254;1;1;1.0;2.0;43,2244890000;2,1624680000;
202100027098.0;2;45;45259;1;1;1.0;6.0;47,9674640000;2,4299960000;
202100027099.0;1;31;31547;1;2;1.0;5.0;43,4882680000;1,2754550000;
202100027100.0;5;972;97214;2;1;1.0;6.0;14,8316420000; -61,0455210000;
202100027101.0;1;26;26339;1;1;1.0;2.0;44,5952350000;4,7976890000;
202100027102.0;1;42;42085;1;1;1.0;1.0;45,4330140000;4,5883850000;
202100027103.0;1;60;60176;2;1;1.0;7.0;49,2317250000;2,8902940000;
202100027104.0;1;50;50137;1;1;1.0;2.0;48,8650750000; -1,1877040000;
202100027105.0;1;77;77162;1;9;2.0;3.0;48,8597100000;3,1554580000;
202100027106.0;1;66;66141;1;1;1.0;6.0;42,7537665678;2,8956672549;
202100027107.0;1;27;27001;1;1;2.0;7.0;49,1622870000;0,6969450000;
202100027108.0;1;51;51631;1;1;2.0;6.0;49,2061940000;4,0120480000;
202100027109.0;1;51;51617;1;3;1.0;3.0;49,0444286696;4,3248839656;
202100027110.0;1;74;74104;2;1;1.0;6.0;45,8101060000;6,2106390000;
202100027111.0;3;41;41044;1;1;1.0;2.0;47,2950140000;1,9178810000;
202100027112.0;3;63;63148;2;1;8.0;1.0;45,8884100000;3,1853860000;
202100027113.0;1;41;41084;2;7;1.0;6.0;47,3857930000;1,9574450000;
202100027114.0;1;39;39526;2;3;7.0;3.0;47,0385440000;5,4128480000;
202100027115.0;1;25;25147;2;2;1.0;3.0;47,2231680000;5,8925180000;
202100027116.0;1;44;44111;1;5;2.0;7.0;47,3677700000; -1,7298850000;
202100027117.0;1;29;29023;1;3;1.0;1.0;48,6490090000; -3,9227840000;
202100027118.0;1;29;29267;1;1;1.0;1.0;48,1603930000; -3,8778630000;
202100027119.0;1;38;38310;1;1;1.0;7.0;45,2705240000;5,4798070000;
202100027120.0;3;38;38345;1;1;2.0;7.0;45,1790950000;5,4963830000;
202100027121.0;1;02;02445;1;1;1.0;7.0;49,9202690000;3,9651100000;
202100027122.0;1;03;03085;1;2;1.0;5.0;46,5700580000;3,2424470000;
202100027123.0;1;58;58134;2;1;1.0;3.0;46,9228480000;3,2684190000;
202100027124.0;1;54;54130;1;3;1.0;3.0;48,4684510000;6,4083450000;
202100027125.0;1;72;72204;2;4;1.0;1.0;47,9390710000;0,7027530000;
202100027126.0;1;06;06079;1;1;1.0;4.0;43,5617740000;6,9504570000;
202100027127.0;1;14;14527;1;1;1.0;6.0;49,0940470000; -0,0377230000;
202100027128.0;3;05;05164;1;1;1.0;3.0;44,5355830000;6,3846450000;
202100027129.0;1;05;05040;1;1;1.0;1.0;44,5351700000;6,3007660000;
202100027130.0;1;05;05127;1;4;1.0;7.0;44,4781740000;6,2510710000;
202100027131.0;1;90;90045;1;1;1.0;6.0;47,5090850000;6,9615550000;
202100027132.0;1;90;90033;2;1;7.0;1.0;47,5151100000;7,0055380000;
202100027133.0;1;60;60658;1;1;2.0;6.0;49,2388490000;3,0087170000;
202100027134.0;1;60;60199;1;2;8.0;3.0;49,6127820000;2,1708940000;
202100027135.0;1;64;64279;1;1;1.0;7.0;43,3075750000; -1,4083530000;
202100027136.0;3;64;64504;1;1;1.0;7.0;43,3222120000; -1,5994980000;
202100027137.0;1;73;73298;2;1;1.0;3.0;45,6610760000;6,4332350000;
202100027138.0;1;36;36046;2;4;1.0;6.0;46,5821970000;1,9906440000;
202100027139.0;1;85;85234;1;1;1.0;2.0;46,7752630000; -2,0096020000;
202100027140.0;1;27;27428;2;1;1.0;1.0;49,1522290000;0,9130400000;
202100027141.0;2;28;28267;1;1;2.0;7.0;48,7603050000;1,3950490000;
202100027142.0;1;88;88445;2;1;1.0;6.0;48,2378760000;6,9522000000;
202100027143.0;1;40;40075;1;1;1.0;7.0;43,9210190000; -1,1131380000;
202100027144.0;3;18;18279;1;4;1.0;6.0;47,2454380000;2,0673450000;
202100027145.0;1;91;91159;1;1;1.0;2.0;48,5290290000;2,4487870000;
202100027146.0;3;987;98724;1;1;1.0;6.0; -16,7273840000; -151,0112500000;
202100027147.0;2;987;98722;1;1;1.0;1.0; -17,5642150000; -149,3269440000;
202100027148.0;5;971;97128;2;1;2.0;6.0;16,2624620000; -61,3874110000;
202100027149.0;1;971;97111;2;1;1.0;6.0;16,2815490000; -61,8034820000;
202100027150.0;2;971;97106;1;1;1.0;7.0;16,1426860000; -61,7690850000;
202100027151.0;1;28;28180;1;1;1.0;7.0;48,9077770000;1,5193640000;
202100027152.0;1;45;45042;1;1;8.0;1.0;47,7984400000;2,4316210000;
202100027153.0;1;2B;2B199;1;1;1.0;7.0;42,6524580000;9,0335940000;
202100027154.0;1;66;66176;1;1;1.0;6.0;42,7772240000;2,9572600000;
202100027155.0;3;66;66017;1;1;1.0;6.0;42,8209030000;3,0311110000;
202100027156.0;1;66;66212;1;1;1.0;2.0;42,7520510000;3,0214500000;
202100027157.0;1;69;69053;1;3;1.0;3.0;46,2050429484;4,7244991915;
202100027158.0;2;26;26084;1;1;1.0;6.0;45,0284480000;4,9878310000;
202100027159.0;3;09;09185;1;1;1.0;6.0;43,2412190000;1,6646970000;
202100027160.0;1;33;33051;2;6;1.0;6.0;44,6368950000; -0,9584590000;
202100027161.0;1;22;22173;1;2;1.0;3.0;48,5452760000; -2,5814940000;
202100027162.0;1;27;27191;1;1;1.0;6.0;49,1108700000;1,2265530000;
202100027163.0;1;60;60116;1;1;2.0;4.0;49,3114813681;2,3368226875;
202100027164.0;1;59;59391;1;1;1.0;2.0;50,3035680000;3,2859640000;
202100027165.0;1;59;59087;1;1;2.0;1.0;50,6803150356;2,4600349367;
202100027166.0;1;13;13026;1;1;1.0;1.0;43,4021700000;5,1064200000;
202100027167.0;1;13;13215;1;1;1.0;3.0;43,3786600000;5,3570600000;
202100027168.0;1;13;13215;1;1;1.0;4.0;43,3458187582;5,3736421119;
202100027169.0;3;13;13005;1;1;1.0;2.0;43,2863114586;5,5348191464;
202100027170.0;1;94;94034;1;1;8.0;6.0;48,7595900000;2,3381100000;
202100027171.0;1;91;91161;1;1;1.0;1.0;48,7042600000;2,3065220000;
202100027172.0;1;91;91689;1;1;2.0;2.0;48,7290000000;2,3140000000;
202100027173.0;1;91;91589;1;1;3.0;6.0;48,6770900000;2,3389300000;
202100027174.0;1;91;91161;1;1;8.0;3.0;48,6995100000;2,3117700000;
202100027175.0;1;95;95252;1;1;2.0;4.0;48,9842885593;2,2416543564;
202100027176.0;1;95;95582;1;1;2.0;6.0;48,9642700298;2,2623306513;
202100027177.0;1;93;93027;1;1;1.0;2.0;48,9236200000;2,3846800000;
202100027178.0;1;95;95582;1;1;1.0;7.0;48,9741600000;2,2449000000;
202100027179.0;3;95;95572;1;1;1.0;6.0;49,0484700000;2,1343200000;
202100027180.0;1;77;77122;1;1;2.0;6.0;48,6639990000;2,6132810000;
202100027181.0;1;77;77258;1;1;1.0;3.0;48,8299560000;2,6226370000;
202100027182.0;1;77;77514;1;1;1.0;7.0;48,9425200000;2,6283110000;
202100027183.0;1;35;35238;2;9;2.0;6.0;48,1303710191; -1,6846999080;
202100027184.0;1;988;98818;2;2;1.0;6.0; -22,2694700000;166,4424100000;
202100027185.0;1;49;49328;2;1;1.0;6.0;47,2615900000; -0,0670500000;
202100027186.0;1;974;97416;2;1;1.0;7.0; -21,2934930000;55,4640500000;
202100027187.0;1;974;97411;2;9;1.0;3.0; -20,8723140000;55,4503820000;
202100027188.0;5;974;97407;2;1;1.0;2.0; -20,9395900000;55,3020700000;
202100027189.0;1;974;97407;1;1;1.0;2.0; -20,9538000000;55,3146500000;
202100027190.0;1;69;69259;2;2;1.0;3.0;45,6970000000;4,8877600000;
202100027191.0;1;69;69199;2;2;1.0;3.0;45,6945100000;4,8442400000;
202100027192.0;1;69;69259;2;9;2.0;3.0;45,7000278172;4,8857673258;
202100027193.0;2;69;69259;2;1;2.0;3.0;45,6950000000;4,8750000000;
202100027194.0;5;69;69389;2;2;1.0;7.0;45,7652000000;4,8014000000;
202100027195.0;1;95;95306;2;1;1.0;6.0;49,0124662116;2,1405637264;
202100027196.0;1;95;95018;2;1;1.0;6.0;48,9400000000;2,2183200000;
202100027197.0;1;78;78440;2;9;1.0;3.0;48,9787300000;1,9158600000;
202100027198.0;1;69;69386;2;1;1.0;1.0;45,7739000000;4,8545400000;
202100027199.0;1;69;69256;2;1;1.0;7.0;45,7711830851;4,9054449989;
202100027200.0;1;62;62178;2;9;1.0;1.0;50,4814150000;2,5490220000;
202100027201.0;5;62;62132;2;1;1.0;6.0;50,5164340000;2,8629710000;
202100027202.0;1;49;49007;2;1;1.0;3.0;47,4591000000; -0,5689100000;
202100027203.0;1;48;48095;2;9;1.0;3.0;44,5162000000;3,4881500000;
202100027204.0;1;48;48095;2;1;1.0;5.0;44,5210300000;3,4996300000;
202100027205.0;1;45;45068;2;1;1.0;1.0;48,0048000000;2,7184200000;
202100027206.0;1;35;35238;2;2;2.0;3.0;48,1278562475; -1,6833366307;
202100027207.0;1;35;35238;2;1;2.0;7.0;48,1296970224; -1,6740369670;
202100027208.0;1;35;35051;2;6;2.0;6.0;48,1547580000; -1,6245660000;
202100027209.0;5;33;33063;2;9;1.0;3.0;44,8168800000; -0,5757300000;
202100027210.0;3;33;33529;1;6;1.0;6.0;44,6181900000; -1,1241100000;
202100027211.0;5;31;31555;2;1;1.0;3.0;43,6567000000;1,4208200000;
202100027212.0;1;31;31555;2;1;1.0;3.0;43,6239220000;1,4748070000;
202100027213.0;3;29;29232;2;1;1.0;6.0;47,9822000000; -4,1102000000;
202100027214.0;1;27;27229;2;1;1.0;7.0;49,0190380000;1,1286580000;
202100027215.0;1;15;15014;2;1;8.0;3.0;44,9070960000;2,4288900000;
202100027216.0;1;14;14220;2;1;1.0;6.0;49,3594000000;0,0722400000;
202100027217.0;5;14;14118;2;3;1.0;1.0;49,1817000000; -0,3665700000;
202100027218.0;1;14;14167;2;1;1.0;6.0;49,2022900000; -0,2895800000;
202100027219.0;1;13;13208;2;1;1.0;1.0;43,2421084012;5,3690072541;
202100027220.0;1;11;11069;1;1;1.0;3.0;43,2214900000;2,2989100000;
202100027221.0;1;10;10387;2;1;2.0;6.0;48,3070003000;4,0596270000;
202100027222.0;1;06;06029;2;1;1.0;1.0;43,5527500000;6,9570200000;
202100027223.0;1;75;75112;2;1;1.0;6.0;48,8319810000;2,3882590000;
202100027224.0;2;75;75107;2;7;1.0;7.0;48,8622650000;2,3015460000;
202100027225.0;1;75;75113;2;1;1.0;3.0;48,8308700000;2,3441600000;
202100027226.0;5;75;75111;2;2;1.0;3.0;48,8651820000;2,3677270000;
202100027227.0;1;75;75110;2;3;1.0;3.0;48,8819710000;2,3509580000;
202100027228.0;1;75;75108;2;2;2.0;3.0;48,8646790000;2,3136560000;
202100027229.0;1;75;75104;2;3;1.0;2.0;48,8493283147;2,3665696585;
202100027230.0;1;75;75104;2;2;1.0;6.0;48,8495150000;2,3656470000;
202100027231.0;1;94;94081;2;2;1.0;3.0;48,7897800000;2,3991900000;
202100027232.0;1;94;94078;2;1;1.0;3.0;48,7613170000;2,4427740000;
202100027233.0;1;94;94078;2;1;1.0;2.0;48,7412240000;2,4468080000;
202100027234.0;1;94;94073;2;1;1.0;2.0;48,7611800000;2,3936700000;
202100027235.0;1;94;94028;2;1;8.0;3.0;48,7666700000;2,4568100000;
202100027236.0;1;94;94078;2;3;1.0;3.0;48,7536630000;2,4506990000;
202100027237.0;1;93;93063;2;1;1.0;3.0;48,8793400000;2,4339300000;
202100027238.0;1;93;93005;2;2;1.0;3.0;48,9402280000;2,5022160000;
202100027239.0;5;92;92073;2;1;1.0;6.0;48,8723307481;2,2209763527;
202100027240.0;1;92;92050;2;1;2.0;3.0;48,8944289598;2,1762935360;
202100027241.0;5;92;92048;2;1;1.0;6.0;48,8205200000;2,2377300000;
202100027242.0;1;92;92044;2;2;1.0;3.0;48,8927600000;2,2918900000;
202100027243.0;5;92;92023;2;1;1.0;6.0;48,7767614677;2,2302192450;
202100027244.0;1;44;44144;2;3;1.0;3.0;47,5170280000; -1,2937460000;
202100027245.0;1;95;95504;1;1;8.0;2.0;49,1025330000;2,2680330000;
202100027246.0;1;11;11146;1;1;1.0;4.0;43,1839630000;2,4741130000;
202100027247.0;1;06;06161;1;1;1.0;3.0;43,6573270000;7,0903120000;
202100027248.0;2;76;76624;2;1;8.0;6.0;49,8767230000;1,2122970000;
202100027249.0;1;83;83148;1;6;1.0;6.0;43,4034420000;6,3929700000;
202100027250.0;1;01;01436;1;2;2.0;3.0;46,3414910000;6,0887650000;
202100027251.0;1;76;76424;1;1;1.0;7.0;49,7604770000;1,4843990000;
202100027252.0;1;91;91665;2;1;2.0;7.0;48,6622400000;2,2717770000;
202100027253.0;3;62;62390;2;1;3.0;7.0;50,3911810000;1,6050070000;
202100027254.0;1;60;60101;1;1;2.0;7.0;49,0931500000;2,8601860000;
202100027255.0;1;72;72260;2;9;1.0;6.0;47,9362450000;0,2728660000;
202100027256.0;2;57;57540;2;1;1.0;6.0;48,7620370000;7,2719430000;
202100027257.0;3;62;62214;1;1;2.0;5.0;50,6576500000;1,7054770000;
202100027258.0;1;51;51243;2;5;1.0;3.0;48,6545410000;3,9349290000;
202100027259.0;1;31;31150;2;6;1.0;6.0;43,6406830000;1,3307300000;
202100027260.0;1;71;71318;1;1;1.0;7.0;46,5559540000;5,1842590000;
202100027261.0;1;71;71330;1;2;8.0;7.0;46,5932975279;3,9585937142;
202100027262.0;1;89;89255;1;1;1.0;7.0;48,3037690000;3,2376800000;
202100027263.0;3;89;89282;1;1;1.0;7.0;47,9665660000;3,5773370000;
202100027264.0;1;12;12198;1;1;1.0;3.0;44,2856610000;2,2225830000;
202100027265.0;3;39;39520;1;1;3.0;6.0;46,9897230000;5,5656910000;
202100027266.0;1;39;39399;1;1;1.0;7.0;47,0018850000;5,6680540000;
202100027267.0;1;44;44028;1;9;3.0;1.0;47,3367030000; -1,3567860000;
202100027268.0;1;29;29293;1;1;1.0;6.0;47,8587562540; -3,8798832891;
202100027269.0;1;29;29214;1;1;1.0;1.0;47,9136280000; -4,3496100000;
202100027270.0;1;15;15138;2;3;7.0;2.0;45,1095480000;2,8692180000;
202100027271.0;1;15;15038;1;1;2.0;3.0;45,4146620000;2,6395590000;
202100027272.0;1;15;15162;1;1;1.0;7.0;45,2706920000;2,6657970000;
202100027273.0;1;26;26288;1;1;1.0;5.0;44,4023000000;5,2485680000;
202100027274.0;2;06;06105;1;1;1.0;3.0;43,6614140000;7,0348600000;
202100027275.0;1;45;45327;1;1;1.0;6.0;47,9344880000;2,0760670000;
202100027276.0;1;45;45097;1;1;1.0;6.0;48,0193740000;2,9410690000;
202100027277.0;1;73;73032;2;1;1.0;6.0;45,6254440000;6,4487850000;
202100027278.0;1;18;18111;1;1;8.0;6.0;47,2349490000;2,6294120000;
202100027279.0;3;16;16349;1;1;2.0;6.0;45,7512980000; -0,2582120000;
202100027280.0;1;07;07334;1;1;1.0;1.0;44,4111910000;4,1536470000;
202100027281.0;1;07;07121;1;1;1.0;7.0;44,8243580000;4,0301160000;
202100027282.0;1;04;04236;1;1;1.0;6.0;43,9143720000;6,5794370000;
202100027283.0;1;27;27629;1;9;2.0;6.0;49,1345180000;0,4352370000;
202100027284.0;1;48;48016;1;1;1.0;4.0;44,4653190000;3,4167700000;
202100027285.0;1;24;24122;1;1;1.0;7.0;44,8088130000;1,0728130000;