Num_Acc;lum;departement;commune;agglomeration;intersection;meteo;type_collision;lat;long;date
202100027286.0;5;69;69244;2;2;1.0;3.0;45,7630810000;4,7804370000;
202100027287.0;1;31;31254;1;1;1.0;6.0;43,5434310000;1,5024660000;
202100027288.0;1;01;01008;1;6;1.0;7.0;45,9412500000;5,3317490000;
202100027289.0;1;974;97421;1;1;1.0;7.0; -21,0334020000;55,5343010000;
202100027290.0;3;973;97311;1;1;1.0;1.0;5,5212551023; -53,9587692375;
202100027291.0;1;37;37072;2;6;1.0;2.0;47,1784601941;0,2623839276;
202100027292.0;1;37;37230;1;1;8.0;6.0;47,4911998862;1,0093032332;
202100027293.0;2;77;77091;1;2;1.0;3.0;48,7433100000;2,8163090000;
202100027294.0;3;11;11429;1;1;1.0;1.0;43,2516190000;2,3893440000;
202100027295.0;1;13;13110;1;1;1.0;1.0;43,4639620000;5,7223320000;
202100027296.0;1;67;67510;1;6;1.0;3.0;48,7639530000;7,6966500000;
202100027297.0;1;38;38515;2;1;1.0;6.0;45,6836410000;5,3121580000;
202100027298.0;1;38;38562;2;1;1.0;7.0;45,0739830000;5,7653980000;
202100027299.0;1;69;69089;2;1;1.0;2.0;45,7320500000;4,7457690000;
202100027300.0;3;81;81046;2;3;1.0;6.0;43,8466947427;1,9807912409;
202100027301.0;1;09;09108;1;1;2.0;6.0;43,0326040000;1,3292600000;
202100027302.0;1;22;22143;2;1;1.0;3.0;48,5987740000; -2,2867010000;
202100027303.0;1;35;35012;2;1;1.0;7.0;47,8462900000; -1,6868470000;
202100027304.0;1;27;27469;1;1;1.0;1.0;49,2804220000;1,1582960000;
202100027305.0;1;13;13211;1;1;1.0;2.0;43,2868800000;5,4351800000;
202100027306.0;1;13;13070;1;1;1.0;7.0;43,2859180000;5,5119100000;
202100027307.0;3;13;13215;1;1;1.0;2.0;43,3611700000;5,3614000000;
202100027308.0;5;69;69382;2;1;1.0;3.0;45,7355700000;4,8197600000;
202100027309.0;1;67;67482;1;1;1.0;5.0;48,5801800000;7,7243400000;
202100027310.0;1;91;91521;1;1;1.0;6.0;48,6404700000;2,3946300000;
202100027311.0;4;91;91161;1;1;1.0;4.0;48,7018000000;2,3086100000;
202100027312.0;1;95;95572;1;1;1.0;2.0;49,0281700000;2,1282900000;
202100027313.0;3;95;95252;1;1;1.0;2.0;48,9855400000;2,2140000000;
202100027314.0;5;93;93066;1;1;1.0;2.0;48,9139300000;2,3579800000;
202100027315.0;1;93;93007;1;1;1.0;5.0;48,9331500000;2,4808400000;
202100027316.0;1;93;93007;2;1;7.0;6.0;48,9406600000;2,4329300000;
202100027317.0;1;974;97411;2;3;1.0;3.0; -20,8759950000;55,4476160000;
202100027318.0;1;974;97411;2;1;1.0;6.0; -20,8729700000;55,4476800000;
202100027319.0;1;974;97411;2;3;1.0;3.0; -20,8981600000;55,4914900000;
202100027320.0;1;974;97407;2;1;1.0;5.0; -20,9381100000;55,2999800000;
202100027321.0;1;973;97302;2;1;1.0;3.0;4,9226612363; -52,3113594953;
202100027322.0;5;69;69199;2;2;1.0;3.0;45,7107400000;4,8626200000;
202100027323.0;1;69;69383;2;2;1.0;3.0;45,7536225604;4,8952929676;
202100027324.0;1;69;69081;2;1;1.0;6.0;45,7906900000;4,7780200000;
202100027325.0;1;69;69389;2;1;1.0;1.0;45,7892146085;4,7985121608;
202100027326.0;1;69;69034;2;1;1.0;3.0;45,7960075689;4,8580757444;
202100027327.0;1;971;97113;1;1;1.0;5.0;16,2187100000; -61,5019800000;
202100027328.0;1;2A;2A004;2;1;1.0;1.0;41,9478963896;8,7574977279;
202100027329.0;1;91;91552;2;1;1.0;6.0;48,5961200000;2,2738900000;
202100027330.0;5;91;91570;2;1;1.0;3.0;48,6427800000;2,3080600000;
202100027331.0;1;91;91549;2;6;1.0;1.0;48,6409200000;2,3260400000;
202100027332.0;1;91;91109;2;1;1.0;1.0;48,4593700000;2,1249800000;
202100027333.0;1;91;91223;2;1;1.0;6.0;48,4267000000;2,1391200000;
202100027334.0;5;83;83137;2;1;1.0;6.0;43,1288470000;5,9668730000;
202100027335.0;1;83;83126;2;1;1.0;6.0;43,1036230000;5,8812640000;
202100027336.0;1;83;83069;1;1;1.0;4.0;43,1321200000;6,1639200000;
202100027337.0;1;83;83069;2;2;1.0;2.0;43,1160000000;6,1390000000;
202100027338.0;5;83;83034;2;1;1.0;3.0;43,1072000000;6,0519940000;
202100027339.0;1;83;83061;1;1;1.0;1.0;43,4116900000;6,7252000000;
202100027340.0;1;81;81163;2;3;1.0;3.0;43,4895087656;2,3691419140;
202100027341.0;1;81;81065;1;1;1.0;1.0;43,6219120000;2,2901940000;
202100027342.0;1;78;78643;2;3;1.0;3.0;48,9773060000;1,9837190000;
202100027343.0;1;76;76341;2;1;1.0;7.0;49,5051700000;0,1955300000;
202100027344.0;5;72;72181;2;1;1.0;6.0;48,0130000000;0,2099000000;
202100027345.0;1;72;72181;2;1;1.0;3.0;48,0003200000;0,1924400000;
202100027346.0;5;71;71306;2;2;1.0;3.0;46,6711480000;4,3767470000;
202100027347.0;1;67;67482;2;3;1.0;3.0;48,5702680000;7,7377390000;
202100027348.0;5;67;67482;2;3;1.0;3.0;48,5950000000;7,7101800000;
202100027349.0;1;64;64483;2;6;1.0;3.0;43,3993600000; -1,6408500000;
202100027350.0;1;60;60057;2;1;1.0;6.0;49,4398439216;2,1073601245;
202100027351.0;1;59;59327;2;3;1.0;3.0;50,3911800000;3,1574100000;
202100027352.0;1;56;56107;2;1;1.0;7.0;47,7216100000; -3,3828600000;
202100027353.0;1;54;54395;2;6;1.0;2.0;48,6773000000;6,2066000000;
202100027354.0;1;54;54395;2;2;1.0;3.0;48,6938500000;6,1918600000;
202100027355.0;1;54;54395;2;1;1.0;2.0;48,6908800000;6,1898700000;
202100027356.0;1;50;50129;2;1;1.0;2.0;49,6466400000; -1,6422700000;
202100027357.0;1;49;49246;2;6;1.0;2.0;47,4370500000; -0,5143300000;
202100027358.0;2;44;44184;2;2;1.0;3.0;47,2772100000; -2,2337800000;
202100027359.0;5;44;44109;2;1;1.0;2.0;47,2197800000; -1,5323200000;
202100027360.0;1;35;35238;2;3;1.0;2.0;48,1316200000; -1,6727100000;
202100027361.0;1;35;35238;2;1;1.0;6.0;48,1000000000; -1,6579300000;
202100027362.0;3;35;35206;1;1;1.0;6.0;48,0792250000; -1,6925130000;
202100027363.0;1;35;35238;1;7;1.0;3.0;48,0870900000; -1,6428700000;
202100027364.0;1;33;33318;2;3;1.0;3.0;44,7899860000; -0,6392740000;
202100027365.0;1;33;33063;2;2;1.0;3.0;44,8296900000; -0,5691800000;
202100027366.0;1;31;31555;2;9;1.0;2.0;43,6256340000;1,4779190000;
202100027367.0;5;30;30007;2;1;1.0;3.0;44,1267000000;4,0739500000;
202100027368.0;5;25;25056;2;1;1.0;3.0;47,2714770000;6,0064820000;
202100027369.0;1;19;19272;1;1;1.0;1.0;45,2773174683;1,7871236801;
202100027370.0;1;15;15014;2;1;1.0;4.0;44,9191800000;2,4388100000;
202100027371.0;1;13;13077;2;1;1.0;6.0;43,4081500000;4,9810700000;
202100027372.0;1;13;13212;2;2;1.0;1.0;43,2949124364;5,4270375391;
202100027373.0;5;13;13202;2;1;1.0;6.0;43,3048400000;5,3717200000;
202100027374.0;1;13;13208;2;1;1.0;5.0;43,2594200000;5,3989500000;
202100027375.0;1;10;10357;2;1;7.0;6.0;48,3012100000;4,0990200000;
202100027376.0;1;06;06088;2;9;1.0;6.0;43,7220610000;7,2508090000;
202100027377.0;1;06;06069;2;1;1.0;1.0;43,6521500000;6,9186690000;
202100027378.0;1;05;05061;2;1;1.0;3.0;44,5410400000;6,0576500000;
202100027379.0;1;75;75113;2;1;1.0;2.0;48,8236370000;2,3822490000;
202100027380.0;1;75;75115;2;1;1.0;3.0;48,8290650000;2,2886750000;
202100027381.0;5;75;75119;2;1;1.0;3.0;48,8879990000;2,3953550000;
202100027382.0;5;75;75118;2;2;1.0;3.0;48,8911910000;2,3516320000;
202100027383.0;1;75;75118;2;1;1.0;6.0;48,8970640000;2,3440570000;
202100027384.0;1;75;75118;2;1;1.0;6.0;48,8972020000;2,3450070000;
202100027385.0;1;75;75117;2;2;1.0;5.0;48,8745990000;2,2931130000;
202100027386.0;1;75;75117;2;4;1.0;3.0;48,8888530000;2,3042830000;
202100027387.0;1;75;75116;2;3;1.0;3.0;48,8649150000;2,2490970000;
202100027388.0;1;75;75116;2;2;1.0;3.0;48,8637650000;2,2906740000;
202100027389.0;1;75;75116;2;1;1.0;2.0;48,8618870000;2,2304200000;
202100027390.0;5;75;75104;2;3;1.0;6.0;48,8518412920;2,3664914316;
202100027391.0;1;94;94078;2;3;1.0;3.0;48,7531000000;2,4522000000;
202100027392.0;1;94;94068;2;3;1.0;3.0;48,7895400000;2,4835200000;
202100027393.0;1;94;94068;2;2;1.0;3.0;48,7857900000;2,4921500000;
202100027394.0;5;94;94068;2;2;1.0;3.0;48,7981300000;2,4840200000;
202100027395.0;1;94;94058;2;9;1.0;3.0;48,8481740000;2,4973130000;
202100027396.0;5;94;94015;2;2;1.0;3.0;48,8451300000;2,5276800000;
202100027397.0;1;94;94046;2;2;1.0;3.0;48,8058300000;2,4409400000;
202100027398.0;1;94;94021;2;1;1.0;3.0;48,7683600000;2,3678700000;
202100027399.0;1;94;94028;2;9;1.0;3.0;48,7936570000;2,4609570000;
202100027400.0;5;94;94060;2;1;1.0;6.0;48,7890000000;2,5733000000;
202100027401.0;1;93;93073;1;1;1.0;1.0;49,0030683826;2,5368440594;
202100027402.0;1;93;93073;1;9;1.0;2.0;49,0022428670;2,5369866425;
202100027403.0;1;93;93078;2;2;1.0;1.0;48,9582000000;2,5584400000;
202100027404.0;1;92;92051;2;2;1.0;6.0;48,8859858609;2,2688396434;
202100027405.0;1;92;92025;2;1;1.0;3.0;48,9304430000;2,2452520000;
202100027406.0;1;92;92002;2;1;1.0;1.0;48,7618400000;2,3049100000;
202100027407.0;5;92;92014;2;1;1.0;6.0;48,7854100000;2,3166900000;
202100027408.0;1;92;92002;2;1;1.0;3.0;48,7412100000;2,2836400000;
202100027409.0;1;11;11367;1;1;1.0;7.0;43,3580430000;2,1886180000;
202100027410.0;1;60;60106;2;1;1.0;6.0;49,3700990000;2,4565710000;
202100027411.0;1;973;97362;1;1;1.0;7.0;3,8186310000; -54,1609880000;
202100027412.0;1;06;06161;1;1;1.0;3.0;43,6461220000;7,1363390000;
202100027413.0;1;21;21298;1;1;3.0;4.0;47,3263221278;4,4855384533;
202100027414.0;1;62;62620;2;3;1.0;3.0;50,5824090000;2,4109730000;
202100027415.0;1;51;51107;1;9;1.0;3.0;48,8996740000;4,0930240000;
202100027416.0;1;56;56204;1;1;2.0;1.0;47,8931560000; -2,7528560000;
202100027417.0;1;79;79013;1;1;2.0;6.0;46,9786130000; -0,4577780000;
202100027418.0;3;82;82087;1;1;1.0;6.0;44,1236740000;1,2741730000;
202100027419.0;1;81;81128;1;1;1.0;6.0;43,6649460000;2,3917370000;
202100027420.0;3;32;32410;2;1;1.0;6.0;43,4984410000;0,9356940000;
202100027421.0;1;76;76711;2;1;1.0;6.0;50,0627560000;1,3701580000;
202100027422.0;2;61;61208;1;1;1.0;6.0;48,6718490000;0,7036720000;
202100027423.0;3;61;61456;1;1;1.0;1.0;48,7681870000;0,6435330000;
202100027424.0;1;42;42128;1;9;1.0;1.0;45,9180870000;4,3317030000;
202100027425.0;1;42;42149;2;4;1.0;6.0;45,6441650427;4,2323984206;
202100027426.0;3;46;46284;1;1;1.0;6.0;44,8787190000;1,8496940000;
202100027427.0;1;41;41078;1;6;1.0;6.0;47,8988480000;0,9325930000;
202100027428.0;1;34;34010;1;1;1.0;6.0;43,6723730000;3,5710610000;
202100027429.0;1;68;68200;2;1;1.0;2.0;47,6157470000;7,1057240000;
202100027430.0;1;29;29285;1;2;1.0;3.0;48,6347910000; -4,0916560000;
202100027431.0;1;29;29003;2;1;8.0;1.0;48,0239170000; -4,5590900000;
202100027432.0;1;31;31033;1;1;1.0;6.0;43,3690680000;1,4715510000;
202100027433.0;3;03;03236;2;1;1.0;6.0;46,1979090000;3,4325520000;
202100027434.0;3;26;26339;1;1;1.0;6.0;44,5949750000;4,7956180000;
202100027435.0;3;26;26124;1;1;1.0;7.0;44,8171290000;4,8588320000;
202100027436.0;1;72;72029;2;9;7.0;3.0;48,2260810000;0,1283950000;
202100027437.0;1;72;72195;1;9;9.0;6.0;47,8359635740; -0,0129932503;
202100027438.0;1;14;14682;1;4;2.0;6.0;49,3062560000;0,2211750000;
202100027439.0;1;64;64490;2;1;1.0;1.0;43,2373600000; -1,3108170000;
202100027440.0;1;64;64490;1;3;1.0;3.0;43,2238480000; -1,2987260000;
202100027441.0;3;43;43227;1;1;1.0;6.0;45,2874180000;4,3095050000;
202100027442.0;3;10;10404;1;1;3.0;6.0;48,0414730000;4,5588590000;
202100027443.0;3;07;07027;1;1;1.0;7.0;44,8291100000;4,7837140000;
202100027444.0;1;40;40131;1;2;1.0;6.0;43,9502390000; -0,1570060000;
202100027445.0;1;24;24291;2;1;1.0;1.0;45,0738620000;1,1712030000;
202100027446.0;1;04;04135;1;1;1.0;7.0;43,8562740000;6,1979680000;
202100027447.0;1;04;04244;2;3;1.0;3.0;44,1226690000;6,0029070000;
202100027448.0;3;85;85123;1;1;1.0;3.0;46,3651140000; -0,6953570000;
202100027449.0;1;27;27417;1;2;1.0;3.0;49,3665710000;1,5650370000;
202100027450.0;3;27;27013;2;2;1.0;6.0;49,3111730000;1,2495020000;
202100027451.0;1;27;27210;1;2;1.0;1.0;49,1306890000;0,8132300000;
202100027452.0;1;52;52371;1;9;2.0;1.0;48,2292650000;5,1141680000;
202100027453.0;1;13;13091;1;1;1.0;1.0;43,6061570000;5,3357290000;
202100027454.0;1;13;13051;1;2;1.0;3.0;43,6135220000;5,1386830000;
202100027455.0;5;973;97309;2;1;1.0;3.0;4,9160750000; -52,2756760000;
202100027456.0;1;69;69288;1;1;1.0;2.0;45,6728020000;5,0511900000;
202100027457.0;1;74;74081;2;1;1.0;6.0;46,0655190000;6,5706770000;
202100027458.0;1;988;98831;1;1;1.0;7.0; -20,9369620000;164,7180390000;
202100027459.0;1;29;29233;2;1;1.0;6.0;47,8664960000; -3,5431500000;
202100027460.0;1;37;37027;1;1;1.0;1.0;47,3225230000;0,9704420000;
202100027461.0;1;28;28279;1;1;7.0;7.0;48,6318020000;1,5334300000;
202100027462.0;1;48;48198;1;1;1.0;6.0;44,4510450000;3,9319040000;
202100027463.0;1;83;83112;2;1;1.0;1.0;43,1781290000;5,7018880000;
202100027464.0;5;83;83065;1;1;1.0;6.0;43,2637260000;6,6132120000;
202100027465.0;5;83;83068;1;1;1.0;1.0;43,2723540000;6,5737940000;
202100027466.0;1;83;83059;1;2;1.0;3.0;43,3446710000;6,0875740000;
202100027467.0;3;13;13041;1;1;1.0;5.0;43,4732280000;5,4776290000;
202100027468.0;1;68;68247;1;1;1.0;7.0;47,9503140000;7,0013590000;
202100027469.0;1;74;74160;1;1;1.0;3.0;45,8730320000;6,4169600000;
202100027470.0;1;69;69116;2;2;1.0;3.0;45,8299779402;4,7819495201;
202100027471.0;1;64;64064;1;1;1.0;6.0;43,1141890000; -0,6188820000;
202100027472.0;1;33;33238;2;1;1.0;3.0;44,7322380000; -0,5934920000;
202100027473.0;1;33;33422;1;2;8.0;3.0;44,7697710000; -0,7713390000;
202100027474.0;1;33;33422;1;1;1.0;3.0;44,8025030000; -0,8280350000;
202100027475.0;1;85;85151;1;1;2.0;4.0;46,9883400000; -0,9382300000;
202100027476.0;1;22;22067;2;1;1.0;1.0;48,5605936246; -3,1670769205;
202100027477.0;1;13;13207;1;1;1.0;2.0;43,2910179317;5,3648482661;
202100027478.0;1;13;13033;1;1;1.0;2.0;43,3754700000;5,1996700000;
202100027479.0;3;54;54483;1;1;1.0;6.0;48,6175900000;6,3118800000;
202100027480.0;1;33;33167;1;1;1.0;7.0;44,8367070000; -0,5002210000;
202100027481.0;1;33;33096;1;1;1.0;4.0;44,8907780000; -0,5025140000;
202100027482.0;1;59;59599;1;1;1.0;4.0;50,7025240000;3,1589300000;
202100027483.0;1;94;94034;1;1;1.0;6.0;48,7554800000;2,3429600000;
202100027484.0;1;91;91064;1;1;1.0;2.0;48,7701800000;2,2293100000;
202100027485.0;1;92;92002;1;1;1.0;3.0;48,7322500000;2,3107200000;
202100027486.0;3;91;91228;1;1;1.0;6.0;48,6134500000;2,4304700000;
202100027487.0;3;94;94069;1;9;1.0;6.0;48,8173924160;2,4362247214;
202100027488.0;1;75;75112;2;3;1.0;3.0;48,8453090000;2,3889560000;
202100027489.0;3;974;97416;1;1;1.0;2.0; -21,3024361106;55,5015161633;
202100027490.0;1;974;97407;2;1;1.0;3.0; -20,9325000000;55,2943000000;
202100027491.0;1;973;97302;2;9;1.0;3.0;4,9371753437; -52,3313482628;
202100027492.0;1;973;97302;2;9;1.0;3.0;4,9407170049; -52,3292470734;
202100027493.0;5;973;97302;2;1;1.0;7.0;4,9290570400; -52,3110662100;
202100027494.0;2;69;69388;2;1;1.0;1.0;45,7376900000;4,8501700000;
202100027495.0;1;69;69387;2;1;1.0;6.0;45,7566673467;4,8385387659;
202100027496.0;1;69;69383;2;1;1.0;6.0;45,7557100000;4,8443500000;
202100027497.0;1;69;69259;2;1;1.0;4.0;45,7022600000;4,8926300000;
202100027498.0;1;69;69388;2;2;1.0;3.0;45,7406800000;4,8662700000;
202100027499.0;1;69;69383;2;1;1.0;6.0;45,7594500000;4,8700000000;
202100027500.0;1;972;97209;2;1;1.0;2.0;14,6124900000; -61,0408300000;
202100027501.0;1;971;97113;1;1;1.0;1.0;16,2348106657; -61,4724755287;
202100027502.0;1;2A;2A004;2;1;1.0;3.0;41,9379183107;8,7400338650;
202100027503.0;1;95;95197;2;3;1.0;1.0;48,9753660000;2,3327750000;
202100027504.0;5;91;91103;2;1;1.0;1.0;48,6076700000;2,3039000000;
202100027505.0;1;91;91286;2;1;1.0;5.0;48,6495300000;2,3836600000;
202100027506.0;1;87;87085;2;1;1.0;7.0;45,8386241525;1,2278613902;
202100027507.0;1;87;87085;2;1;1.0;7.0;45,8877100000;1,2755300000;
202100027508.0;1;86;86194;2;3;1.0;3.0;46,5768030000;0,3783200000;
202100027509.0;5;84;84007;2;1;1.0;2.0;43,9288000000;4,8025900000;
202100027510.0;1;83;83090;1;3;1.0;3.0;43,1275900000;5,8533500000;
202100027511.0;1;83;83069;2;1;1.0;2.0;43,1103400000;6,1256000000;
202100027512.0;5;78;78551;1;1;1.0;2.0;48,9078400000;2,0916300000;
202100027513.0;1;77;77326;1;3;1.0;3.0;48,5858000000;2,5572000000;
202100027514.0;1;76;76681;2;1;1.0;6.0;49,4129300000;1,0923300000;
202100027515.0;1;74;74012;2;3;1.0;3.0;46,1871600000;6,2479100000;
202100027516.0;1;71;71076;2;3;1.0;6.0;46,7799471131;4,8452828288;
202100027517.0;1;69;69264;2;1;1.0;4.0;45,9949000000;4,7340600000;
202100027518.0;2;67;67482;2;3;1.0;3.0;48,5654000000;7,7071200000;
202100027519.0;1;67;67482;2;8;1.0;3.0;48,5828960000;7,7454240000;
202100027520.0;1;67;67218;2;3;2.0;3.0;48,5146900000;7,7059900000;
202100027521.0;1;67;67180;1;6;1.0;3.0;48,8258100000;7,7636500000;
202100027522.0;1;66;66136;2;1;1.0;3.0;42,6919000000;2,8836300000;
202100027523.0;1;64;64122;2;1;1.0;6.0;43,4620400000; -1,5548200000;
202100027524.0;5;64;64102;2;6;2.0;7.0;43,4625500000; -1,4952600000;
202100027525.0;1;64;64024;2;2;1.0;6.0;43,4873500000; -1,5364700000;
202100027526.0;1;62;62083;2;1;1.0;6.0;50,4477000000;2,6065120000;
202100027527.0;1;62;62758;2;2;1.0;6.0;50,7261900000;1,6378400000;
202100027528.0;1;59;59350;2;1;1.0;6.0;50,6411717225;2,9719305038;
202100027529.0;1;59;59350;2;9;1.0;1.0;50,6062300000;3,0486300000;
202100027530.0;1;52;52121;2;1;1.0;1.0;48,0888300000;5,1424800000;
202100027531.0;1;50;50203;2;6;1.0;3.0;49,6001100000; -1,5998300000;
202100027532.0;1;49;49007;2;3;1.0;6.0;47,4890400000; -0,5312200000;
202100027533.0;1;49;49007;2;3;1.0;6.0;47,4872100000; -0,5257200000;
202100027534.0;1;47;47323;2;1;1.0;3.0;44,4044000000;0,6911000000;
202100027535.0;1;44;44109;2;3;1.0;3.0;47,2088370000; -1,5501020000;
202100027536.0;1;37;37261;2;2;1.0;3.0;47,3818698318;0,6898829184;
202100027537.0;1;37;37214;2;2;1.0;6.0;47,4105878442;0,6737419923;
202100027538.0;1;37;37233;2;2;1.0;3.0;47,3971445494;0,7418815792;
202100027539.0;1;37;37233;2;1;1.0;6.0;47,3975796159;0,7473194227;
202100027540.0;1;35;35238;2;1;1.0;3.0;48,1064200000; -1,6679900000;
202100027541.0;1;35;35281;2;2;1.0;3.0;48,0826300000; -1,7127000000;
202100027542.0;1;35;35238;2;1;1.0;6.0;48,1114400000; -1,7081900000;
202100027543.0;5;34;34301;2;6;1.0;7.0;43,4091161591;3,7034976482;
202100027544.0;1;33;33063;2;2;1.0;1.0;44,8509900000; -0,5797300000;
202100027545.0;1;33;33529;1;1;1.0;7.0;44,6388540000; -1,1721220000;
202100027546.0;1;33;33009;2;1;1.0;3.0;44,6592400000; -1,1645300000;
202100027547.0;1;31;31555;1;1;1.0;5.0;43,6502400000;1,4222200000;
202100027548.0;1;29;29019;2;4;1.0;2.0;48,3890400000; -4,4568800000;
202100027549.0;2;27;27701;2;9;1.0;3.0;49,2737500000;1,2040900000;
202100027550.0;1;19;19031;2;1;1.0;6.0;45,1535800000;1,5311300000;
202100027551.0;1;17;17291;1;1;1.0;3.0;46,1769470000; -1,1037190000;
202100027552.0;1;15;15014;2;1;1.0;6.0;44,9272000000;2,4434000000;
202100027553.0;5;13;13210;2;1;1.0;3.0;43,2766397213;5,4268260768;
202100027554.0;1;13;13209;2;1;1.0;3.0;43,2593838879;5,4134185248;
202100027555.0;1;11;11262;2;1;1.0;6.0;43,1838030000;2,9758600000;
202100027556.0;1;11;11069;2;1;1.0;2.0;43,2111900000;2,3606900000;
202100027557.0;1;10;10387;2;2;7.0;3.0;48,2932500000;4,0820500000;
202100027558.0;1;02;02738;2;1;1.0;6.0;49,6546000000;3,2946800000;
202100027559.0;1;75;75118;2;1;1.0;2.0;48,9009110000;2,3602460000;
202100027560.0;1;75;75116;2;1;1.0;5.0;48,8481510000;2,2535690000;
202100027561.0;5;75;75112;2;3;1.0;6.0;48,8400370000;2,3819180000;
202100027562.0;1;75;75106;2;7;1.0;3.0;48,8537920000;2,3333470000;
202100027563.0;5;75;75114;2;1;1.0;6.0;48,8197080000;2,3414060000;
202100027564.0;1;75;75119;2;2;1.0;3.0;48,8865690000;2,3846580000;
202100027565.0;1;75;75119;2;1;1.0;3.0;48,8833080000;2,3719980000;
202100027566.0;2;75;75119;2;1;1.0;3.0;48,8774590000;2,3709890000;
202100027567.0;5;75;75119;2;2;1.0;3.0;48,8923180000;2,3791510000;
202100027568.0;1;75;75117;2;2;1.0;2.0;48,8818780000;2,3112960000;
202100027569.0;1;75;75115;2;2;1.0;6.0;48,8373520000;2,2894510000;
202100027570.0;1;75;75112;2;1;1.0;2.0;48,8436670000;2,3698910000;
202100027571.0;5;75;75111;2;2;1.0;3.0;48,8688960000;2,3804310000;
202100027572.0;1;75;75109;2;2;1.0;3.0;48,8715010000;2,3430640000;
202100027573.0;1;75;75108;2;1;1.0;3.0;48,8747600000;2,2957700000;
202100027574.0;1;75;75102;2;4;1.0;3.0;48,8700900000;2,3290510000;
202100027575.0;1;75;75104;2;2;1.0;7.0;48,8526520000;2,3521870000;
202100027576.0;1;75;75102;2;4;1.0;6.0;48,8661770000;2,3399970000;
202100027577.0;1;94;94068;2;1;1.0;3.0;48,7890400000;2,4901800000;
202100027578.0;1;94;94058;2;1;1.0;3.0;48,8518930000;2,5090930000;
202100027579.0;1;94;94046;2;1;1.0;7.0;48,8143710000;2,4207170000;
202100027580.0;1;94;94043;2;1;1.0;7.0;48,8085100000;2,3575900000;
202100027581.0;2;94;94041;2;1;1.0;2.0;48,8189200000;2,3991500000;
202100027582.0;1;94;94017;2;1;1.0;3.0;48,8149934176;2,5067496300;
202100027583.0;1;93;93066;2;1;1.0;6.0;48,9359000000;2,3687100000;
202100027584.0;1;93;93066;2;1;1.0;3.0;48,9254027728;2,3524024488;
202100027585.0;2;93;93064;2;1;1.0;1.0;48,8697200000;2,4853100000;
202100027586.0;1;93;93064;2;1;1.0;6.0;48,8838010000;2,4890360000;
202100027587.0;1;93;93048;2;9;1.0;3.0;48,8662040000;2,4445290000;
202100027588.0;2;92;92073;2;3;1.0;3.0;48,8741948486;2,2211319208;
202100027589.0;1;92;92073;2;1;1.0;1.0;48,8624167617;2,2123906016;
202100027590.0;2;92;92062;2;1;1.0;2.0;48,8865052260;2,2444224896;
202100027591.0;5;92;92040;2;5;1.0;3.0;48,8239730000;2,2728270000;
202100027592.0;2;92;92040;2;3;1.0;3.0;48,8268250000;2,2789940000;
202100027593.0;1;92;92035;2;2;1.0;3.0;48,9022295674;2,2394835949;
202100027594.0;1;92;92026;2;1;1.0;6.0;48,8995000000;2,2452800000;
202100027595.0;1;92;92060;2;3;1.0;3.0;48,7839390426;2,2588062286;
202100027596.0;1;92;92009;2;1;1.0;1.0;48,9228487953;2,2763518989;
202100027597.0;1;08;08427;1;1;1.0;5.0;49,5428660000;4,3820860000;
202100027598.0;1;52;52365;1;2;1.0;2.0;48,0639920000;4,9468520000;
202100027599.0;1;60;60234;1;3;1.0;2.0;49,4043950000;2,4203030000;
202100027600.0;1;22;22045;1;1;1.0;4.0;48,4662060000; -2,9483380000;
202100027601.0;2;28;28104;1;1;1.0;2.0;48,4739700000;1,6082550000;
202100027602.0;1;67;67374;1;3;1.0;3.0;48,6582370000;7,6509530000;
202100027603.0;1;85;85215;2;1;1.0;7.0;46,8515670000; -1,1705370000;
202100027604.0;1;36;36033;1;1;1.0;6.0;46,5080050000;1,5052890000;
202100027605.0;5;62;62647;2;3;1.0;3.0;50,3790140000;2,1016070000;
202100027606.0;1;77;77113;1;1;1.0;2.0;48,7336730000;3,1988440000;
202100027607.0;3;57;57097;1;1;1.0;7.0;49,1782250000;6,5169530000;
202100027608.0;1;56;56222;1;1;8.0;6.0;47,8022260000; -2,7642940000;
202100027609.0;1;2B;2B043;1;1;1.0;6.0;42,7748650000;9,4709340000;
202100027610.0;3;80;80192;2;9;1.0;7.0;49,9062240000;2,6453450000;
202100027611.0;1;33;33314;1;1;1.0;6.0;45,2223830000; -0,7481760000;
202100027612.0;1;81;81220;1;1;1.0;7.0;43,8398590000;1,7592820000;
202100027613.0;1;81;81279;1;1;1.0;1.0;43,9203700000;1,6564890000;