Num_Acc;lum;departement;commune;agglomeration;intersection;meteo;type_collision;lat;long;date
202100027942.0;1;13;13204;2;2;1.0;3.0;43,3139500000;5,4026400000;
202100027943.0;1;13;13208;2;1;1.0;3.0;43,2601000000;5,3753400000;
202100027944.0;5;13;13206;2;1;1.0;3.0;43,2924900000;5,3826300000;
202100027945.0;1;13;13004;2;9;1.0;3.0;43,6764600000;4,6375000000;
202100027946.0;1;11;11069;1;9;1.0;3.0;43,2165845991;2,3232167959;
202100027947.0;1;10;10387;2;2;7.0;6.0;48,2940100000;4,0818260000;
202100027948.0;2;06;06088;2;1;1.0;2.0;43,6653900000;7,2032500000;
202100027949.0;1;06;06004;1;6;1.0;3.0;43,6111580000;7,1266530000;
202100027950.0;1;01;01451;1;6;1.0;4.0;46,2246893226;5,2063381417;
202100027951.0;2;75;75118;2;1;1.0;2.0;48,9008870000;2,3629740000;
202100027952.0;1;75;75106;2;3;1.0;2.0;48,8542900000;2,3431740000;
202100027953.0;5;75;75105;2;5;1.0;6.0;48,8465410000;2,3516420000;
202100027954.0;5;75;75119;2;2;1.0;3.0;48,8844800000;2,3648030000;
202100027955.0;5;75;75118;2;4;1.0;6.0;48,8834070000;2,3343700000;
202100027956.0;1;75;75117;2;2;1.0;3.0;48,8808570000;2,3125450000;
202100027957.0;1;75;75117;2;1;1.0;3.0;48,8816300000;2,3129440000;
202100027958.0;1;75;75117;2;3;1.0;2.0;48,8902270000;2,3046010000;
202100027959.0;5;75;75116;2;5;1.0;6.0;48,8749250000;2,2786450000;
202100027960.0;1;75;75115;2;2;1.0;6.0;48,8429310000;2,2980200000;
202100027961.0;1;75;75115;2;3;1.0;3.0;48,8406710000;2,2888680000;
202100027962.0;5;75;75114;2;1;1.0;6.0;48,8397050000;2,3295700000;
202100027963.0;1;75;75113;2;3;1.0;2.0;48,8430700000;2,3663170000;
202100027964.0;1;75;75111;2;1;1.0;2.0;48,8613960000;2,3741010000;
202100027965.0;1;75;75111;2;3;1.0;6.0;48,8504610000;2,3865670000;
202100027966.0;1;75;75110;2;7;1.0;4.0;48,8777450000;2,3701350000;
202100027967.0;1;75;75110;2;2;1.0;6.0;48,8785400000;2,3540720000;
202100027968.0;1;75;75110;2;2;1.0;3.0;48,8797430000;2,3587200000;
202100027969.0;1;75;75109;2;1;1.0;7.0;48,8793700000;2,3314300000;
202100027970.0;1;75;75108;2;7;1.0;6.0;48,8750300000;2,3198750000;
202100027971.0;1;75;75107;2;3;1.0;2.0;48,8595390000;2,3292910000;
202100027972.0;1;75;75103;2;2;1.0;6.0;48,8581530000;2,3644690000;
202100027973.0;1;94;94081;2;2;1.0;3.0;48,7827500000;2,3941800000;
202100027974.0;1;94;94078;2;1;1.0;2.0;48,7310000000;2,4460000000;
202100027975.0;1;94;94052;2;9;1.0;6.0;48,8353900000;2,4937700000;
202100027976.0;5;94;94041;2;2;1.0;3.0;48,8137200000;2,3954200000;
202100027977.0;1;94;94041;2;2;1.0;3.0;48,8130600000;2,3704100000;
202100027978.0;1;94;94038;2;1;1.0;6.0;48,7832200000;2,3311100000;
202100027979.0;1;94;94028;2;9;1.0;3.0;48,7667400000;2,4716100000;
202100027980.0;5;94;94004;2;1;1.0;1.0;48,7565800000;2,5072300000;
202100027981.0;1;93;93066;2;1;1.0;3.0;48,9428650000;2,3749020000;
202100027982.0;1;93;93050;2;1;7.0;1.0;48,8537270000;2,5309440000;
202100027983.0;5;93;93066;2;2;1.0;1.0;48,9419700000;2,3653800000;
202100027984.0;1;92;92073;2;1;1.0;2.0;48,8654287463;2,2194635868;
202100027985.0;1;92;92051;2;1;1.0;1.0;48,8819870000;2,2629500000;
202100027986.0;1;92;92062;2;1;1.0;2.0;48,8879921445;2,2436629919;
202100027987.0;1;92;92024;2;7;1.0;6.0;48,9030076788;2,3016089201;
202100027988.0;2;01;01156;1;1;1.0;6.0;45,9140127981;5,1445010304;
202100027989.0;1;11;11254;1;1;1.0;5.0;43,2238790000;2,1640490000;
202100027990.0;1;2A;2A308;1;1;1.0;3.0;41,6970450000;9,0691920000;
202100027991.0;3;40;40304;2;1;1.0;6.0;43,6731760000; -1,4358080000;
202100027992.0;2;36;36237;1;1;1.0;7.0;47,1136560000;1,6126730000;
202100027993.0;5;31;31446;2;6;1.0;6.0;43,5379090000;1,4816090000;
202100027994.0;1;972;97225;2;1;1.0;1.0;14,7486400000; -61,1742460000;
202100027995.0;1;62;62307;2;1;1.0;1.0;50,9141110000;1,7244780000;
202100027996.0;1;26;26295;2;1;1.0;2.0;45,1721670000;4,8668360000;
202100027997.0;3;12;12082;1;1;1.0;6.0;43,9067260000;3,2694480000;
202100027998.0;5;33;33207;2;3;2.0;3.0;44,9209580000; -0,3647380000;
202100027999.0;1;04;04126;1;1;1.0;7.0;44,4120030000;6,3469860000;
202100028000.0;1;62;62845;1;2;1.0;3.0;50,6247740000;1,6888260000;
202100028001.0;1;56;56214;1;1;1.0;5.0;47,5226820000; -2,8302620000;
202100028002.0;1;74;74256;2;3;1.0;1.0;45,9680110000;6,6253650000;
202100028003.0;2;76;76189;2;1;1.0;1.0;49,8071530000;0,7224150000;
202100028004.0;1;76;76312;2;1;7.0;7.0;49,4881030000;1,7254650000;
202100028005.0;5;2A;2A139;2;1;1.0;6.0;41,6379620000;9,3421390000;
202100028006.0;1;82;82113;1;2;7.0;3.0;44,1940820000;1,4381790000;
202100028007.0;1;65;65254;1;1;1.0;7.0;43,3276640000;0,2267810000;
202100028008.0;2;33;33395;1;1;1.0;6.0;45,2320090000; -0,7477190000;
202100028009.0;1;89;89353;1;1;1.0;3.0;48,0240890000;3,1674960000;
202100028010.0;5;76;76507;2;1;1.0;6.0;50,0411050000;1,4399280000;
202100028011.0;3;61;61435;1;1;1.0;7.0;48,8296640000;0,6107820000;
202100028012.0;1;49;49180;2;4;7.0;3.0;47,3709810000; -0,1051380000;
202100028013.0;1;42;42059;2;1;1.0;6.0;45,6379830000;4,3923330000;
202100028014.0;3;42;42216;1;1;1.0;7.0;45,6192684088;4,4127416611;
202100028015.0;2;34;34215;2;1;1.0;1.0;43,6142400000;3,5169500000;
202100028016.0;2;68;68091;1;3;1.0;3.0;47,9052530000;7,5574560000;
202100028017.0;1;29;29090;1;1;1.0;6.0;48,0923558585; -4,2889595032;
202100028018.0;1;31;31135;2;1;1.0;6.0;43,2038420000;1,0766490000;
202100028019.0;5;01;01034;2;6;1.0;3.0;45,7610530000;5,6867930000;
202100028020.0;1;01;01025;1;9;1.0;7.0;46,3119990000;4,9616300000;
202100028021.0;1;54;54491;1;1;1.0;6.0;49,3632453489;5,9256863589;
202100028022.0;1;14;14431;1;2;1.0;3.0;49,0776650000; -0,0885240000;
202100028023.0;2;14;14504;1;2;1.0;3.0;49,2078760000;0,3393750000;
202100028024.0;1;83;83051;1;1;1.0;6.0;43,5322151188;6,2447395533;
202100028025.0;2;60;60272;1;1;1.0;7.0;49,3032470000;2,8848340000;
202100028026.0;2;60;60653;1;1;1.0;3.0;49,4806520000;2,4558410000;
202100028027.0;1;64;64147;1;3;1.0;7.0;43,4520410000; -1,3347290000;
202100028028.0;1;36;36005;2;2;1.0;3.0;46,7418960057;1,8312916160;
202100028029.0;3;16;16085;1;1;1.0;6.0;45,8552000000;0,4314380000;
202100028030.0;4;16;16192;2;1;1.0;3.0;45,8855650000;0,5774850000;
202100028031.0;1;07;07314;1;1;1.0;7.0;44,8801900000;4,6018710000;
202100028032.0;1;07;07130;1;1;1.0;1.0;44,7335040000;4,0020810000;
202100028033.0;3;53;53175;1;1;1.0;7.0;48,0152660000; -0,6777940000;
202100028034.0;1;24;24526;1;2;1.0;2.0;45,3582010000;1,2326710000;
202100028035.0;1;27;27467;2;1;1.0;5.0;49,3560000000;0,5150010000;
202100028036.0;3;37;37216;1;1;1.0;6.0;47,1394218255;0,5224269880;
202100028037.0;1;37;37170;1;3;7.0;3.0;47,6115622164;0,5966805611;
202100028038.0;1;35;35266;1;1;1.0;6.0;48,0202360000; -1,6282730000;
202100028039.0;1;74;74067;1;1;1.0;3.0;45,8797330000;6,0421920000;
202100028040.0;1;86;86174;1;1;1.0;3.0;46,7787290000;0,5200050000;
202100028041.0;3;988;98804;2;3;1.0;3.0; -21,5367080000;165,9842030000;
202100028042.0;1;971;97129;1;3;1.0;1.0;16,3532190000; -61,7344580000;
202100028043.0;1;977;97701;1;1;2.0;1.0;17,9149200000; -62,8551650000;
202100028044.0;5;971;97106;1;1;3.0;6.0;16,1793770000; -61,7797710000;
202100028045.0;1;28;28185;1;1;1.0;7.0;48,7726810000;1,5551770000;
202100028046.0;1;28;28015;1;1;7.0;1.0;48,4746430000;1,7839910000;
202100028047.0;1;78;78490;1;1;7.0;2.0;48,8348230000;1,9609520000;
202100028048.0;3;66;66171;1;1;1.0;7.0;42,6011300000;3,0240300000;
202100028049.0;1;34;34213;1;2;1.0;3.0;43,4953320000;3,6970660000;
202100028050.0;1;34;34058;1;9;1.0;1.0;43,6721860000;3,9953760000;
202100028051.0;1;84;84118;1;1;1.0;1.0;43,9373380000;5,4007240000;
202100028052.0;3;68;68359;1;1;2.0;6.0;47,8409029513;7,1541675925;
202100028053.0;1;57;57484;2;1;1.0;3.0;49,1711620000;6,8736330000;
202100028054.0;1;74;74175;1;1;1.0;1.0;46,4050860000;6,7341790000;
202100028055.0;1;73;73290;1;1;7.0;3.0;45,2936070000;6,9224170000;
202100028056.0;2;38;38382;2;1;1.0;7.0;45,2263420000;5,6834510000;
202100028057.0;3;01;01403;1;1;1.0;1.0;45,8278000000;5,4431000000;
202100028058.0;2;69;69009;2;1;7.0;6.0;45,9358480000;4,7218250000;
202100028059.0;1;79;79049;2;6;1.0;3.0;46,8474280000; -0,4764940000;
202100028060.0;1;40;40184;2;2;1.0;3.0;44,2082960000; -1,2959790000;
202100028061.0;1;33;33322;1;1;1.0;1.0;44,9617920000; -0,6495450000;
202100028062.0;1;29;29032;1;1;1.0;6.0;47,8878560000; -4,0989630000;
202100028063.0;1;22;22353;2;1;1.0;1.0;48,8253160000; -3,4926330000;
202100028064.0;1;27;27114;2;2;1.0;1.0;48,9622220000;1,4270670000;
202100028065.0;1;13;13071;1;1;1.0;2.0;43,4086500000;5,2866600000;
202100028066.0;1;13;13207;1;1;1.0;2.0;43,2896366904;5,3701579571;
202100028067.0;1;13;13055;1;1;1.0;2.0;43,2955200000;5,4246300000;
202100028068.0;1;13;13203;2;1;1.0;2.0;43,3069550000;5,3753500000;
202100028069.0;1;13;13026;1;1;1.0;2.0;43,3873563669;5,1455804730;
202100028070.0;5;13;13055;1;1;1.0;2.0;43,2861991975;5,4254499397;
202100028071.0;1;69;69290;1;1;1.0;2.0;45,7204669408;4,9725566804;
202100028072.0;3;69;69290;1;1;1.0;2.0;45,6925182338;4,9682454534;
202100028073.0;1;33;33550;1;1;1.0;6.0;44,7664300000; -0,5513200000;
202100028074.0;1;33;33550;1;1;1.0;2.0;44,7789210000; -0,5529570000;
202100028075.0;1;33;33075;1;1;1.0;4.0;44,8882320000; -0,5845460000;
202100028076.0;1;92;92002;1;1;1.0;2.0;48,7617000000;2,2984000000;
202100028077.0;1;91;91174;1;1;1.0;3.0;48,6112000000;2,4466000000;
202100028078.0;1;91;91553;1;1;1.0;6.0;48,6261000000;2,4739000000;
202100028079.0;1;78;78029;1;1;1.0;2.0;48,9646260000;1,8459410000;
202100028080.0;1;92;92078;1;1;1.0;2.0;48,9283084303;2,3316245851;
202100028081.0;1;92;92078;1;1;1.0;4.0;48,9294615368;2,3279731880;
202100028082.0;1;95;95277;1;1;1.0;2.0;48,9781400000;2,4568600000;
202100028083.0;3;95;95306;1;1;1.0;6.0;49,0088700000;2,1598000000;
202100028084.0;1;93;93066;1;1;1.0;2.0;48,9034100000;2,3585700000;
202100028085.0;1;95;95018;1;1;1.0;5.0;48,9617800000;2,2679700000;
202100028086.0;1;94;94018;1;1;1.0;2.0;48,8205076244;2,4018322324;
202100028087.0;1;75;75112;1;1;1.0;6.0;48,8187729748;2,4575042725;
202100028088.0;1;971;97101;1;9;1.0;4.0;16,2536500000; -61,5487900000;
202100028089.0;1;27;27229;2;3;1.0;6.0;49,0167200000;1,1231200000;
202100028090.0;1;976;97611;2;1;1.0;3.0; -12,7767700000;45,2319200000;
202100028091.0;3;974;97416;1;1;2.0;6.0; -21,3239300000;55,4869500000;
202100028092.0;1;69;69383;2;2;7.0;3.0;45,7529494602;4,8534518480;
202100028093.0;1;69;69387;2;1;1.0;3.0;45,7264698155;4,8290008307;
202100028094.0;1;69;69388;2;1;1.0;6.0;45,7366096267;4,8902678490;
202100028095.0;1;69;69259;2;3;1.0;3.0;45,7172000000;4,8704000000;
202100028096.0;1;2B;2B033;2;1;1.0;1.0;42,6986300000;9,4526400000;
202100028097.0;1;971;97113;1;1;1.0;1.0;16,2173300000; -61,4842000000;
202100028098.0;1;95;95585;2;1;1.0;6.0;48,9753820710;2,3763962735;
202100028099.0;1;95;95489;1;1;1.0;3.0;49,0144670214;2,3520398140;
202100028100.0;5;95;95572;1;2;1.0;3.0;49,0514800000;2,1324700000;
202100028101.0;5;91;91549;2;1;1.0;7.0;48,6349700000;2,3336600000;
202100028102.0;1;91;91223;1;1;1.0;7.0;48,4262120000;2,1470760000;
202100028103.0;3;85;85194;1;1;1.0;2.0;46,5204200000; -1,7426100000;
202100028104.0;1;81;81163;2;1;1.0;6.0;43,4910400000;2,3760900000;
202100028105.0;1;78;78440;2;1;1.0;3.0;48,9968360000;1,9126490000;
202100028106.0;1;78;78403;2;2;1.0;3.0;48,9982510000;1,8830200000;
202100028107.0;5;76;76540;2;1;1.0;6.0;49,4408400000;1,0829400000;
202100028108.0;5;76;76540;2;2;1.0;6.0;49,4349800000;1,0940500000;
202100028109.0;1;76;76351;1;2;1.0;3.0;49,4985900000;0,1593500000;
202100028110.0;1;72;72181;2;1;1.0;6.0;48,0097400000;0,2070600000;
202100028111.0;5;69;69266;2;2;1.0;3.0;45,7686000000;4,8844200000;
202100028112.0;1;66;66136;2;2;1.0;3.0;42,6601200000;2,8856100000;
202100028113.0;1;66;66136;1;1;1.0;2.0;42,6746400000;2,8634400000;
202100028114.0;1;64;64445;2;3;1.0;3.0;43,2964000000; -0,3742000000;
202100028115.0;1;64;64348;2;1;1.0;3.0;43,3069036134; -0,4051047564;
202100028116.0;1;64;64125;2;1;1.0;1.0;43,4323900000; -1,5965100000;
202100028117.0;5;64;64024;2;1;1.0;7.0;43,5014916581; -1,5311041305;
202100028118.0;1;64;64024;2;2;1.0;3.0;43,4873700000; -1,5364900000;
202100028119.0;1;63;63113;2;1;1.0;6.0;45,7769096630;3,0797665080;
202100028120.0;1;59;59426;2;1;1.0;2.0;50,7510473778;3,1786461089;
202100028121.0;5;56;56107;2;1;1.0;6.0;47,7262700000; -3,3835900000;
202100028122.0;5;56;56098;2;1;1.0;7.0;47,7609100000; -3,3177800000;
202100028123.0;1;56;56098;2;1;1.0;7.0;47,7640600000; -3,3330000000;
202100028124.0;1;56;56083;1;1;1.0;4.0;47,7884340000; -3,2770948000;
202100028125.0;1;51;51454;2;1;1.0;1.0;49,2440018555;4,0210191430;
202100028126.0;1;51;51454;2;1;1.0;3.0;49,2506553808;4,0518602729;
202100028127.0;1;50;50129;2;1;1.0;2.0;49,6344200000; -1,6257000000;
202100028128.0;1;49;49328;2;6;1.0;3.0;47,2537600000; -0,0854800000;
202100028129.0;1;49;49328;2;1;1.0;6.0;47,2705100000; -0,1044700000;
202100028130.0;1;49;49007;2;1;1.0;6.0;47,4735900000; -0,5488400000;
202100028131.0;1;45;45234;2;1;1.0;1.0;47,8875823315;1,9114977121;
202100028132.0;2;41;41018;2;1;3.0;2.0;47,5818000000;1,3237500000;
202100028133.0;1;38;38053;2;1;1.0;2.0;45,5801309617;5,2710020542;
202100028134.0;1;37;37261;2;9;1.0;6.0;47,4230900000;0,6881100000;
202100028135.0;5;37;37261;2;1;1.0;6.0;47,3755051653;0,7087026536;
202100028136.0;1;34;34172;2;2;1.0;1.0;43,6407200000;3,8575700000;
202100028137.0;1;33;33199;1;1;1.0;2.0;44,5776500000; -1,1036100000;
202100028138.0;1;33;33009;2;2;1.0;1.0;44,6566400000; -1,1603000000;
202100028139.0;1;31;31555;2;1;1.0;2.0;43,5731600000;1,4947400000;
202100028140.0;1;27;27681;1;3;1.0;3.0;49,0767500000;1,4640000000;
202100028141.0;2;27;27375;1;1;1.0;7.0;49,2140100000;1,1459500000;
202100028142.0;1;14;14699;2;2;1.0;3.0;49,3401070000;0,1029730000;
202100028143.0;1;14;14118;2;2;1.0;3.0;49,1754270000; -0,3896110000;
202100028144.0;1;14;14101;2;1;1.0;3.0;49,1849610000; -0,4251460000;
202100028145.0;1;13;13202;2;3;1.0;2.0;43,3025200000;5,3673900000;
202100028146.0;1;13;13212;2;1;1.0;4.0;43,3190360050;5,4592958714;
202100028147.0;1;13;13203;2;9;1.0;2.0;43,3118789308;5,3871213627;
202100028148.0;1;13;13208;2;1;1.0;2.0;43,2507176027;5,3885094774;
202100028149.0;1;13;13028;2;1;1.0;1.0;43,1890100000;5,6291600000;
202100028150.0;1;13;13028;2;2;1.0;1.0;43,1787000000;5,5975200000;
202100028151.0;1;11;11262;2;9;1.0;3.0;43,1764800000;2,9939900000;
202100028152.0;5;11;11262;2;1;1.0;2.0;43,1643200000;2,9854500000;
202100028153.0;1;10;10387;2;2;1.0;2.0;48,3052190000;4,0741900000;
202100028154.0;5;05;05061;2;3;1.0;3.0;44,5607700000;6,0773700000;
202100028155.0;1;05;05061;2;1;1.0;4.0;44,5317200000;6,0610900000;
202100028156.0;5;03;03023;2;2;1.0;6.0;46,1153800000;3,4081100000;
202100028157.0;1;03;03310;2;2;1.0;6.0;46,1233800000;3,4287100000;
202100028158.0;1;75;75112;2;1;1.0;2.0;48,8440510000;2,4138420000;
202100028159.0;1;75;75120;2;4;1.0;4.0;48,8486010000;2,4151210000;
202100028160.0;5;75;75106;2;1;1.0;2.0;48,8575170000;2,3381210000;
202100028161.0;1;75;75105;2;2;1.0;3.0;48,8495930000;2,3448730000;
202100028162.0;2;75;75119;2;3;1.0;6.0;48,8869980000;2,3871590000;
202100028163.0;1;75;75119;2;3;1.0;3.0;48,8842930000;2,3676150000;
202100028164.0;1;75;75118;2;5;1.0;3.0;48,8941730000;2,3326360000;
202100028165.0;1;75;75116;2;3;1.0;3.0;48,8617480000;2,2783350000;
202100028166.0;1;75;75115;2;2;1.0;3.0;48,8284700000;2,3013620000;
202100028167.0;1;75;75115;2;2;1.0;3.0;48,8493750000;2,2815510000;
202100028168.0;1;75;75111;2;3;1.0;2.0;48,8637590000;2,3663250000;
202100028169.0;1;75;75109;2;3;1.0;2.0;48,8821660000;2,3411360000;
202100028170.0;1;75;75108;2;7;1.0;3.0;48,8658670000;2,3198920000;
202100028171.0;5;75;75104;2;2;1.0;2.0;48,8495140000;2,3656380000;
202100028172.0;1;94;94081;2;1;1.0;3.0;48,7926700000;2,3892400000;
202100028173.0;1;94;94080;2;9;1.0;2.0;48,8487400000;2,4327000000;
202100028174.0;1;94;94054;2;1;1.0;6.0;48,7498200000;2,4103000000;
202100028175.0;1;94;94060;2;1;1.0;3.0;48,7829900000;2,5786700000;
202100028176.0;1;94;94047;2;3;1.0;3.0;48,7019800000;2,5457400000;
202100028177.0;1;93;93066;2;1;1.0;1.0;48,9144970000;2,3574430000;
202100028178.0;1;93;93066;2;1;1.0;3.0;48,9323960000;2,3488700000;
202100028179.0;1;93;93050;2;2;1.0;3.0;48,8571370000;2,5312630000;
202100028180.0;1;93;93049;2;1;1.0;2.0;48,8529000000;2,5114000000;
202100028181.0;1;93;93050;2;9;1.0;6.0;48,8690700000;2,5323600000;
202100028182.0;1;93;93046;2;1;1.0;3.0;48,9088800000;2,5311700000;
202100028183.0;1;93;93005;2;1;1.0;2.0;48,9554800000;2,5084100000;
202100028184.0;1;93;93001;2;1;1.0;1.0;48,9118980000;2,3975600000;
202100028185.0;1;92;92063;2;3;1.0;3.0;48,8773746323;2,1734623611;
202100028186.0;1;92;92026;2;1;1.0;3.0;48,8985000000;2,2650970000;
202100028187.0;1;92;92026;2;2;1.0;3.0;48,8976934217;2,2400227189;
202100028188.0;1;92;92026;2;6;1.0;3.0;48,8934360000;2,2521150000;
202100028189.0;1;92;92012;2;1;1.0;3.0;48,8339258396;2,2341236888;
202100028190.0;1;92;92007;2;1;1.0;2.0;48,7973678718;2,2980683884;
202100028191.0;1;09;09124;1;1;7.0;3.0;43,1740740000;1,4244890000;
202100028192.0;1;33;33478;2;1;1.0;2.0;45,0114130000;0,0119400000;
202100028193.0;1;59;59260;1;1;1.0;2.0;51,0224090000;2,5483230000;
202100028194.0;1;68;68260;2;1;1.0;5.0;47,8855740000;7,2721920000;
202100028195.0;1;68;68088;1;4;1.0;1.0;47,8498360000;7,2765170000;
202100028196.0;2;974;97413;2;1;1.0;1.0; -21,1666290000;55,2876450000;
202100028197.0;1;77;77472;1;1;7.0;7.0;48,8895520000;3,2181790000;
202100028198.0;1;69;69260;2;9;1.0;6.0;45,6472610000;4,8125710000;
202100028199.0;3;77;77509;1;1;1.0;4.0;48,4973840000;3,0463030000;
202100028200.0;1;2A;2A269;1;1;1.0;6.0;41,8620900000;9,3911330000;
202100028201.0;1;33;33437;1;2;1.0;3.0;44,8548000000; -0,0732830000;
202100028202.0;1;11;11304;1;1;1.0;6.0;42,8799740000;2,1652720000;
202100028203.0;1;12;12253;1;1;1.0;2.0;44,1611230000;2,8064650000;
202100028204.0;1;68;68201;2;1;1.0;3.0;47,7787030000;7,0026250000;
202100028205.0;1;22;22158;1;3;1.0;7.0;48,2100180000; -2,9178360000;
202100028206.0;1;44;44038;1;1;1.0;7.0;47,1290750000; -2,0257060000;
202100028207.0;1;31;31100;1;1;1.0;6.0;43,3109670000;1,6256230000;
202100028208.0;1;31;31135;1;1;1.0;6.0;43,2302970000;1,0971420000;
202100028209.0;1;38;38126;1;4;1.0;3.0;45,2273320000;5,7588210000;
202100028210.0;3;38;38249;1;6;1.0;6.0;45,2222090000;5,8222010000;
202100028211.0;1;38;38022;2;2;1.0;3.0;45,6346270000;5,5611100000;
202100028212.0;1;38;38323;1;1;1.0;6.0;45,5331710000;5,6324800000;
202100028213.0;1;02;02558;2;1;1.0;6.0;50,0148440000;3,7745130000;
202100028214.0;1;03;03254;1;1;1.0;4.0;46,3174730000;3,3351550000;
202100028215.0;1;01;01334;1;2;1.0;3.0;46,2208207689;4,9234011769;
202100028216.0;1;26;26303;1;1;1.0;6.0;44,3009090000;5,3687740000;
202100028217.0;1;72;72369;1;1;7.0;3.0;47,7228020000;0,2952200000;
202100028218.0;1;64;64495;1;4;1.0;7.0;43,3583510000; -1,6012360000;
202100028219.0;1;10;10094;1;1;1.0;6.0;48,5059790000;4,5672440000;
202100028220.0;1;10;10193;1;1;1.0;2.0;48,4212550000;4,4171910000;
202100028221.0;1;36;36088;2;7;1.0;6.0;46,9477020000;1,9971250000;
202100028222.0;1;16;16300;1;1;1.0;1.0;45,8641380000;0,3076400000;
202100028223.0;5;07;07269;2;1;1.0;6.0;44,9321918599;4,3611555125;
202100028224.0;1;07;07017;1;3;1.0;3.0;44,4153900000;4,1625090000;
202100028225.0;1;24;24392;2;3;1.0;3.0;44,9568420000;1,2732980000;
202100028226.0;1;85;85128;2;1;1.0;7.0;46,4510270000; -1,1547820000;
202100028227.0;1;85;85046;1;1;1.0;6.0;46,6835100000; -1,3020300000;
202100028228.0;1;27;27682;1;2;1.0;3.0;49,2369490000;1,6471500000;
202100028229.0;1;17;17218;2;1;7.0;6.0;46,3070840000; -0,9913510000;
202100028230.0;1;30;30235;1;1;1.0;1.0;43,9193810000;4,5334270000;
202100028231.0;1;48;48010;1;1;1.0;7.0;44,7742500000;3,7312420000;
202100028232.0;1;49;49261;2;9;1.0;6.0;47,3497200000; -0,2265290000;
202100028233.0;1;63;63116;1;1;1.0;5.0;45,9857810000;3,1084440000;
202100028234.0;1;90;90080;1;9;2.0;5.0;47,6608350000;6,9484020000;
202100028235.0;1;86;86083;1;1;1.0;2.0;46,5076570000;0,1813640000;
202100028236.0;1;63;63113;1;1;1.0;2.0;45,7659210000;3,1388710000;
202100028237.0;1;21;21708;1;1;1.0;2.0;47,0459140000;4,9829010000;
202100028238.0;1;13;13032;1;6;1.0;2.0;43,5419540000;5,3683560000;
202100028239.0;1;971;97103;2;1;1.0;6.0;16,2365190000; -61,6166540000;
202100028240.0;1;37;37110;2;1;1.0;6.0;47,3079039005;1,0750368924;
202100028241.0;5;2B;2B307;2;1;1.0;3.0;42,3844710000;9,5303020000;
202100028242.0;3;2B;2B337;1;1;1.0;7.0;42,4753180000;9,2625470000;
202100028243.0;5;2B;2B093;1;1;1.0;4.0;42,6113170000;8,8915010000;
202100028244.0;1;83;83115;2;3;1.0;1.0;43,3272620000;6,5929340000;
202100028245.0;1;68;68154;2;4;7.0;3.0;47,7713600000;7,3697070000;
202100028246.0;1;42;42328;1;1;1.0;1.0;45,5760510000;3,9879300000;
202100028247.0;1;38;38110;1;1;1.0;6.0;45,5678120000;4,8784550000;
202100028248.0;1;38;38158;2;1;1.0;3.0;45,1474550000;5,7571900000;
202100028249.0;1;38;38001;1;4;1.0;3.0;45,5009330000;5,5929210000;
202100028250.0;1;26;26307;2;4;1.0;1.0;45,0220210000;5,2948520000;
202100028251.0;1;07;07203;1;4;1.0;3.0;44,8084650000;4,2101880000;
202100028252.0;1;01;01249;2;1;7.0;3.0;45,8666140000;4,9126540000;
202100028253.0;2;31;31395;1;1;1.0;6.0;43,4567660000;1,2929210000;
202100028254.0;1;13;13071;1;1;1.0;2.0;43,4043400000;5,3413100000;
202100028255.0;1;13;13215;1;1;1.0;2.0;43,3602300000;5,3622800000;
202100028256.0;1;83;83129;1;1;1.0;4.0;43,1206210783;5,8429957461;
202100028257.0;1;33;33003;1;1;1.0;7.0;44,9275710000; -0,4713070000;
202100028258.0;1;62;62274;1;1;1.0;3.0;50,4393110000;2,9735400000;
202100028259.0;1;91;91377;1;1;1.0;2.0;48,7229811815;2,2972054481;
202100028260.0;1;91;91589;1;1;1.0;3.0;48,6745400000;2,3422100000;
202100028261.0;3;91;91589;1;1;1.0;2.0;48,6767550000;2,3390100000;
202100028262.0;3;95;95582;1;1;1.0;2.0;48,9701000000;2,2499000000;
202100028263.0;3;95;95241;1;1;1.0;6.0;49,0521400000;2,4281300000;
202100028264.0;1;69;69264;2;1;1.0;7.0;45,9890894887;4,7097934931;
202100028265.0;1;06;06029;2;1;1.0;6.0;43,5507000000;7,0217500000;
202100028266.0;1;74;74236;1;3;1.0;3.0;45,8947175751;6,6981625557;
202100028267.0;3;976;97611;2;1;1.0;6.0; -12,7812800000;45,2299200000;
202100028268.0;2;976;97611;2;1;1.0;6.0; -12,7770000000;45,2318300000;
202100028269.0;3;974;97416;1;1;1.0;6.0; -21,3338000000;55,4839600000;
202100028270.0;5;974;97411;1;1;3.0;6.0; -20,8856700000;55,4962900000;