Num_Acc;lum;departement;commune;agglomeration;intersection;meteo;type_collision;lat;long;date
202100028271.0;1;974;97411;2;9;1.0;6.0; -20,8782800000;55,4526400000;
202100028272.0;1;973;97302;2;1;1.0;3.0;4,9317471793; -52,3174234201;
202100028273.0;1;973;97302;2;3;1.0;3.0;4,9357300000; -52,3027200000;
202100028274.0;1;973;97302;2;1;1.0;3.0;4,9364301890; -52,2966070176;
202100028275.0;1;69;69386;2;2;1.0;3.0;45,7682000000;4,8632000000;
202100028276.0;1;972;97209;1;1;1.0;6.0;14,6164200000; -61,0745600000;
202100028277.0;1;972;97209;2;1;1.0;3.0;14,6040821089; -61,0654688784;
202100028278.0;1;69;69149;2;9;2.0;1.0;45,7094400000;4,8056100000;
202100028279.0;1;95;95323;2;1;7.0;3.0;49,0108500000;2,0461800000;
202100028280.0;1;83;83129;2;1;7.0;3.0;43,1077455676;5,8333218098;
202100028281.0;1;83;83129;2;9;1.0;3.0;43,0888830000;5,8286230000;
202100028282.0;1;79;79191;2;3;1.0;3.0;46,3246100000; -0,4669300000;
202100028283.0;3;78;78551;1;1;1.0;2.0;48,9209600000;2,0818500000;
202100028284.0;5;74;74012;2;6;1.0;2.0;46,1912700000;6,2433700000;
202100028285.0;5;69;69256;2;1;1.0;6.0;45,7478700000;4,9218600000;
202100028286.0;1;69;69256;2;3;7.0;2.0;45,7766600000;4,9211500000;
202100028287.0;1;69;69256;2;9;1.0;6.0;45,7856000000;4,9104900000;
202100028288.0;1;59;59392;2;1;1.0;7.0;50,2775947247;3,9672996104;
202100028289.0;1;59;59350;2;1;1.0;6.0;50,6299100000;3,0265000000;
202100028290.0;5;59;59350;2;3;1.0;3.0;50,6344189558;3,0487852545;
202100028291.0;1;59;59317;1;6;1.0;3.0;50,6985000000;2,9284000000;
202100028292.0;5;54;54395;2;3;1.0;3.0;48,6910900000;6,1751800000;
202100028293.0;1;50;50165;2;1;1.0;3.0;48,8529530000; -1,5631000000;
202100028294.0;2;35;35238;2;1;1.0;6.0;48,0945100000; -1,6852600000;
202100028295.0;3;33;33529;1;2;1.0;6.0;44,6139300000; -1,1192300000;
202100028296.0;1;32;32013;1;1;1.0;6.0;43,6305400000;0,5812700000;
202100028297.0;1;31;31555;2;1;1.0;2.0;43,6441800000;1,4150300000;
202100028298.0;1;26;26198;2;1;1.0;5.0;44,5539000000;4,7306000000;
202100028299.0;5;22;22113;2;9;1.0;3.0;48,7459300000; -3,4604900000;
202100028300.0;1;22;22113;2;6;1.0;3.0;48,7279900000; -3,4578200000;
202100028301.0;1;17;17306;2;1;1.0;3.0;45,6440600000; -1,0280500000;
202100028302.0;1;16;16089;1;1;1.0;1.0;45,6819500000; -0,2987200000;
202100028303.0;1;14;14333;2;6;1.0;3.0;49,4178100000;0,2399700000;
202100028304.0;2;13;13216;2;9;1.0;1.0;43,3607200000;5,2862900000;
202100028305.0;2;13;13207;2;1;1.0;2.0;43,2766456055;5,3577798601;
202100028306.0;5;13;13210;2;1;1.0;6.0;43,2765000000;5,3977400000;
202100028307.0;1;13;13204;2;1;1.0;2.0;43,3166272454;5,3975235229;
202100028308.0;1;13;13028;2;1;1.0;3.0;43,1792831791;5,6035751732;
202100028309.0;1;13;13001;2;6;1.0;3.0;43,5318600000;5,4237300000;
202100028310.0;1;06;06088;2;1;1.0;6.0;43,7131880000;7,2961110000;
202100028311.0;1;06;06123;2;9;1.0;3.0;43,6660770000;7,1902100000;
202100028312.0;1;03;03262;1;1;1.0;1.0;46,3760830000;2,5936580000;
202100028313.0;5;75;75105;2;2;1.0;3.0;48,8493930000;2,3568070000;
202100028314.0;1;75;75118;2;1;1.0;7.0;48,8970590000;2,3409390000;
202100028315.0;1;75;75118;2;5;1.0;3.0;48,8888660000;2,3465280000;
202100028316.0;2;75;75117;2;2;1.0;3.0;48,8809160000;2,2921270000;
202100028317.0;1;75;75107;2;1;1.0;6.0;48,8517510000;2,3177940000;
202100028318.0;1;75;75115;2;2;1.0;7.0;48,8355270000;2,3006890000;
202100028319.0;1;75;75113;2;2;1.0;3.0;48,8241650000;2,3768030000;
202100028320.0;1;75;75111;2;1;1.0;6.0;48,8647290000;2,3685000000;
202100028321.0;1;75;75110;2;2;1.0;3.0;48,8802400000;2,3536510000;
202100028322.0;5;75;75105;2;3;1.0;1.0;48,8468550000;2,3609670000;
202100028323.0;1;75;75107;2;3;1.0;1.0;48,8615870000;2,3193350000;
202100028324.0;3;75;75109;2;4;1.0;6.0;48,8760530000;2,3446800000;
202100028325.0;1;94;94052;2;9;1.0;7.0;48,8336600000;2,4906800000;
202100028326.0;1;94;94016;2;4;1.0;1.0;48,7917000000;2,3437000000;
202100028327.0;1;94;94028;2;1;1.0;3.0;48,7692000000;2,4657000000;
202100028328.0;1;94;94011;2;1;1.0;2.0;48,7628500000;2,4784600000;
202100028329.0;1;94;94017;2;1;1.0;3.0;48,8045000000;2,5533700000;
202100028330.0;1;93;93066;2;1;1.0;1.0;48,9355300000;2,3674000000;
202100028331.0;1;93;93066;2;1;1.0;4.0;48,9329630000;2,3740400000;
202100028332.0;3;93;93055;2;1;1.0;3.0;48,8930313052;2,4128029346;
202100028333.0;1;93;93048;2;1;1.0;2.0;48,8564300000;2,4268500000;
202100028334.0;1;93;93031;2;1;7.0;3.0;48,9533920000;2,3075710000;
202100028335.0;1;93;93001;2;2;1.0;3.0;48,9154990000;2,3999500000;
202100028336.0;5;92;92064;2;3;1.0;2.0;48,8529640000;2,2228140000;
202100028337.0;1;35;35064;1;1;1.0;6.0;47,7032930000; -1,9353960000;
202100028338.0;1;54;54311;1;1;1.0;7.0;48,6699037949;6,3233023891;
202100028339.0;1;24;24543;1;1;1.0;7.0;45,0402720000;0,3803480000;
202100028340.0;1;51;51531;2;1;1.0;1.0;48,7874443489;4,9140308285;
202100028341.0;1;22;22103;2;2;1.0;3.0;48,5614680000; -2,0068450000;
202100028342.0;1;95;95487;1;6;1.0;3.0;49,1522910000;2,2533240000;
202100028343.0;1;81;81014;2;1;1.0;6.0;43,5651170000;2,5649270000;
202100028344.0;1;28;28409;1;1;1.0;6.0;48,2765100000;1,1842060000;
202100028345.0;2;68;68367;2;1;1.0;6.0;48,0614700000;7,4800860000;
202100028346.0;3;84;84056;1;1;1.0;6.0;44,1433290000;4,9418090000;
202100028347.0;1;12;12098;1;1;1.0;1.0;44,5506430000;2,6785500000;
202100028348.0;5;83;83048;2;1;1.0;3.0;43,2011330000;6,5756450000;
202100028349.0;1;67;67366;1;1;1.0;7.0;48,7557360000;7,3302630000;
202100028350.0;3;38;38400;1;1;1.0;6.0;45,3246410000;5,5899940000;
202100028351.0;1;06;06025;1;1;1.0;2.0;43,8304250000;7,1774730000;
202100028352.0;1;83;83091;1;1;1.0;3.0;43,2268680320;6,1221144226;
202100028353.0;1;62;62233;1;2;1.0;1.0;50,3951492996;1,6892029345;
202100028354.0;1;57;57619;2;1;1.0;7.0;48,9886640000;7,3482190000;
202100028355.0;1;57;57599;1;2;1.0;4.0;49,2053770000;6,4712740000;
202100028356.0;1;04;04203;1;1;1.0;1.0;44,4028210000;6,2955310000;
202100028357.0;1;51;51214;1;1;7.0;7.0;48,9805830000;4,7637960000;
202100028358.0;1;56;56201;1;1;1.0;6.0;48,1213850000; -3,5319330000;
202100028359.0;1;76;76021;1;1;1.0;7.0;49,6887640000;0,4165690000;
202100028360.0;3;79;79242;1;3;1.0;2.0;46,9789270000; -0,5153010000;
202100028361.0;1;2A;2A139;1;1;1.0;3.0;41,6904760000;9,3294310000;
202100028362.0;1;2B;2B150;1;1;1.0;7.0;42,5901840000;8,8364410000;
202100028363.0;3;2B;2B101;1;1;1.0;6.0;42,4104750000;9,3554220000;
202100028364.0;1;80;80070;1;1;7.0;1.0;50,0721250000;2,3435210000;
202100028365.0;1;41;41126;1;9;1.0;6.0;47,2924690000;1,2811690000;
202100028366.0;1;65;65022;1;1;1.0;7.0;43,0100910000; -0,1622930000;
202100028367.0;1;71;71373;2;3;1.0;3.0;46,5026723975;5,0666026405;
202100028368.0;1;89;89197;1;1;1.0;6.0;47,5209680000;4,0955830000;
202100028369.0;1;89;89405;2;1;1.0;6.0;47,5979070000;3,4236320000;
202100028370.0;1;61;61176;1;1;1.0;6.0;48,6522940000; -0,0888830000;
202100028371.0;1;55;55461;1;1;1.0;1.0;49,3877370000;5,5126850000;
202100028372.0;1;49;49368;2;9;1.0;3.0;47,3917540000;0,0582230000;
202100028373.0;1;12;12248;2;1;1.0;6.0;43,8808510000;2,6015870000;
202100028374.0;2;42;42323;2;1;8.0;3.0;45,5612020000;4,2771580000;
202100028375.0;1;46;46165;2;1;1.0;7.0;44,7971240000;1,7594270000;
202100028376.0;1;47;47297;1;1;1.0;7.0;44,3307940000;0,6296860000;
202100028377.0;2;68;68004;2;4;1.0;6.0;47,6222660000;7,2355060000;
202100028378.0;1;39;39336;1;1;7.0;7.0;46,8280220000;5,8498880000;
202100028379.0;1;31;31451;2;1;1.0;3.0;43,4599510000;2,0029880000;
202100028380.0;1;31;31098;1;1;1.0;6.0;43,7220710000;1,0455840000;
202100028381.0;1;03;03289;1;1;1.0;7.0;46,3769660000;3,5028790000;
202100028382.0;1;15;15066;1;1;1.0;7.0;45,1499030000;2,6011850000;
202100028383.0;3;01;01252;1;1;1.0;6.0;46,1549540000;4,8161320000;
202100028384.0;3;01;01336;1;1;1.0;7.0;46,1423354892;5,1158259107;
202100028385.0;1;70;70493;1;1;1.0;6.0;47,4020230000;6,0511493000;
202100028386.0;1;26;26040;1;1;1.0;6.0;44,5501730000;5,5936290000;
202100028387.0;1;50;50391;1;1;1.0;3.0;48,6104830000; -1,0612540000;
202100028388.0;1;60;60336;1;2;7.0;3.0;49,5744065227;2,1825360059;
202100028389.0;1;45;45160;2;2;1.0;3.0;48,1822840000;2,1116170000;
202100028390.0;1;36;36046;2;2;1.0;6.0;46,5796100000;1,9855780000;
202100028391.0;2;36;36136;1;2;1.0;3.0;46,9313050000;1,1738850000;
202100028392.0;1;40;40312;2;1;1.0;3.0;43,5494430000; -1,4593270000;
202100028393.0;1;04;04135;1;1;1.0;1.0;43,8176070000;6,2435390000;
202100028394.0;1;28;28116;2;3;1.0;3.0;48,4485570000;1,2515290000;
202100028395.0;1;48;48055;1;1;1.0;1.0;44,4889740000;3,3814930000;
202100028396.0;1;08;08419;1;1;7.0;6.0;49,7211360000;4,4028780000;
202100028397.0;1;31;31181;1;1;1.0;2.0;43,3922240000;1,2863340000;
202100028398.0;1;63;63300;1;1;1.0;4.0;45,9059470000;3,1542700000;
202100028399.0;2;13;13110;1;1;1.0;7.0;43,4773540000;5,7132660000;
202100028400.0;1;62;62405;1;1;1.0;6.0;50,2839070000;2,9589110000;
202100028401.0;3;988;98830;1;1;1.0;7.0; -20,8581900000;165,2550390000;
202100028402.0;1;976;97608;2;1;1.0;2.0; -12,7774220000;45,2821040000;
202100028403.0;1;976;97615;2;1;1.0;6.0; -12,7924250000;45,2704360000;
202100028404.0;5;28;28015;1;1;1.0;7.0;48,5255580000;1,7481990000;
202100028405.0;1;28;28015;1;1;1.0;7.0;48,5241730000;1,7713520000;
202100028406.0;1;45;45191;1;1;1.0;5.0;48,2494936236;2,3436691624;
202100028407.0;1;77;77050;1;1;1.0;1.0;48,1420870000;2,8489500000;
202100028408.0;1;91;91525;2;1;1.0;1.0;48,5325600000;2,0456080000;
202100028409.0;1;78;78389;1;9;1.0;7.0;48,8011540000;1,8105130000;
202100028410.0;1;2B;2B134;2;1;7.0;1.0;42,6270720000;8,9272980000;
202100028411.0;1;2B;2B029;1;1;1.0;3.0;42,6949110000;9,3718740000;
202100028412.0;1;83;83019;1;1;1.0;1.0;43,1789560000;6,3381670000;
202100028413.0;1;52;52432;2;4;1.0;7.0;47,9509820000;5,2876370000;
202100028414.0;1;67;67033;1;1;1.0;6.0;48,7477000000;7,6773830000;
202100028415.0;1;67;67052;1;1;1.0;1.0;48,4485040000;7,3151560000;
202100028416.0;1;73;73290;1;1;1.0;1.0;45,2535353205;6,9073598385;
202100028417.0;1;73;73192;1;1;1.0;2.0;45,6673700000;6,0422870000;
202100028418.0;1;42;42304;1;1;1.0;6.0;45,5533590000;4,2138040000;
202100028419.0;1;65;65173;1;1;1.0;5.0;42,8764830000;0,0085780000;
202100028420.0;1;53;53094;1;1;7.0;7.0;47,9986020000; -0,7345600000;
202100028421.0;1;49;49301;2;3;1.0;3.0;47,0382560000; -1,1195330000;
202100028422.0;1;61;61357;1;1;1.0;7.0;48,5382540000; -0,0770220000;
202100028423.0;1;22;22306;1;2;1.0;3.0;48,3637160000; -1,9704370000;
202100028424.0;1;27;27016;2;1;1.0;7.0;49,2225240000;1,4175020000;
202100028425.0;3;27;27004;2;1;1.0;6.0;49,0104580000;1,4242740000;
202100028426.0;1;60;60355;1;1;7.0;6.0;49,4119903528;2,2018701917;
202100028427.0;3;59;59073;2;1;1.0;3.0;50,7817520000;2,6962060000;
202100028428.0;1;13;13071;1;1;1.0;2.0;43,4152000000;5,3646000000;
202100028429.0;1;13;13215;1;1;1.0;2.0;43,3692815724;5,3608748317;
202100028430.0;1;69;69199;1;1;1.0;3.0;45,7003300000;4,8455100000;
202100028431.0;1;69;69152;1;1;1.0;2.0;45,7068236241;4,8312056065;
202100028432.0;3;01;01275;1;1;1.0;2.0;45,8076800000;4,9278890000;
202100028433.0;1;94;94034;1;1;1.0;2.0;48,7596300000;2,3222300000;
202100028434.0;1;94;94034;1;1;1.0;7.0;48,7580300000;2,3362100000;
202100028435.0;1;92;92002;1;1;1.0;2.0;48,7298319230;2,3073863983;
202100028436.0;1;94;94038;1;1;1.0;4.0;48,7821629733;2,3468914366;
202100028437.0;1;94;94003;1;1;1.0;2.0;48,8000000000;2,3437000000;
202100028438.0;3;92;92002;1;1;1.0;4.0;48,7294333177;2,3064851761;
202100028439.0;1;78;78007;1;1;1.0;2.0;48,8991780000;2,0054130000;
202100028440.0;1;93;93066;1;1;1.0;2.0;48,9121300000;2,3581300000;
202100028441.0;3;95;95306;1;1;1.0;2.0;48,9984800000;2,1770900000;
202100028442.0;1;93;93010;1;1;1.0;6.0;48,8920300000;2,4732000000;
202100028443.0;1;94;94017;1;1;1.0;2.0;48,8283361632;2,5023593274;
202100028444.0;3;94;94065;1;1;1.0;3.0;48,7535100000;2,3596400000;
202100028445.0;1;75;75112;2;1;1.0;6.0;48,8320470000;2,3884040000;
202100028446.0;3;75;75117;2;2;1.0;6.0;48,8922930000;2,3009960000;
202100028447.0;1;69;69116;2;2;1.0;3.0;45,8181899346;4,7713172436;
202100028448.0;1;973;97302;1;6;1.0;3.0;4,9076725300; -52,3226205300;
202100028449.0;1;69;69387;2;2;1.0;3.0;45,7258600000;4,8405600000;
202100028450.0;1;972;97209;2;1;1.0;3.0;14,6169900000; -61,0599300000;
202100028451.0;2;69;69384;2;2;1.0;3.0;45,7802512642;4,8346057534;
202100028452.0;1;69;69286;2;1;1.0;6.0;45,8116200000;4,8941200000;
202100028453.0;5;69;69382;2;2;1.0;3.0;45,7635100000;4,8384600000;
202100028454.0;1;2B;2B037;2;1;1.0;2.0;42,6184100000;9,4372200000;
202100028455.0;2;971;97113;1;1;1.0;7.0;16,2218300000; -61,4782600000;
202100028456.0;1;971;97101;2;2;1.0;3.0;16,2701700000; -61,5095800000;
202100028457.0;1;83;83137;2;1;1.0;6.0;43,1096200000;5,9397700000;
202100028458.0;1;80;80001;2;1;1.0;6.0;50,1104545037;1,8396252394;
202100028459.0;1;77;77479;2;2;1.0;3.0;48,8710000000;2,6320000000;
202100028460.0;5;76;76540;2;1;1.0;3.0;49,4377100000;1,0939400000;
202100028461.0;1;72;72181;1;1;1.0;6.0;48,0295800000;0,1792000000;
202100028462.0;5;69;69029;1;9;1.0;2.0;45,7437589119;4,9058139324;
202100028463.0;1;69;69282;2;8;1.0;6.0;45,7699900000;5,0125600000;
202100028464.0;5;69;69091;2;4;1.0;6.0;45,5854735919;4,7745585464;
202100028465.0;1;64;64545;2;1;1.0;3.0;43,3755200000; -1,6776600000;
202100028466.0;3;59;59646;2;2;1.0;3.0;50,6898410000;3,1453460000;
202100028467.0;1;49;49007;2;2;1.0;1.0;47,4702200000; -0,5519200000;
202100028468.0;4;38;38179;2;1;1.0;1.0;45,1811500000;5,7803900000;
202100028469.0;1;37;37261;2;4;1.0;6.0;47,4027045961;0,7019689679;
202100028470.0;1;35;35238;1;1;7.0;4.0;48,1115400000; -1,7181900000;
202100028471.0;5;34;34172;2;1;1.0;6.0;43,6335700000;3,8501000000;
202100028472.0;5;34;34129;2;6;1.0;2.0;43,5762252688;3,8735557815;
202100028473.0;5;33;33063;2;1;1.0;6.0;44,8361960000; -0,5661930000;
202100028474.0;1;32;32013;2;1;1.0;6.0;43,6493100000;0,5830000000;
202100028475.0;1;31;31555;2;1;1.0;2.0;43,6163500000;1,4371700000;
202100028476.0;5;18;18279;2;2;1.0;3.0;47,2200000000;2,0600000000;
202100028477.0;1;14;14242;2;9;1.0;4.0;49,2161700000; -0,3653900000;
202100028478.0;1;13;13056;2;2;1.0;3.0;43,4220000000;5,0510000000;
202100028479.0;1;13;13209;2;1;1.0;3.0;43,2612587135;5,3976859848;
202100028480.0;1;13;13213;2;1;1.0;1.0;43,3317400000;5,4339800000;
202100028481.0;1;13;13028;2;1;1.0;3.0;43,1903456125;5,6373652288;
202100028482.0;3;13;13004;1;1;9.0;7.0;43,7188300000;4,6464200000;
202100028483.0;2;11;11069;2;1;1.0;7.0;43,2233900000;2,3413500000;
202100028484.0;1;09;09122;1;1;1.0;1.0;42,9558490000;1,6237800000;
202100028485.0;1;09;09122;2;1;1.0;6.0;42,9636040000;1,6055300000;
202100028486.0;1;06;06069;2;1;1.0;6.0;43,6379200000;6,9313080000;
202100028487.0;1;06;06027;2;1;1.0;3.0;43,6663990000;7,1691300000;
202100028488.0;5;06;06027;2;1;8.0;6.0;43,6671400000;7,1526500000;
202100028489.0;1;06;06155;2;3;1.0;1.0;43,5722490000;7,0842880000;
202100028490.0;1;06;06004;2;3;1.0;3.0;43,5684800000;7,1176400000;
202100028491.0;1;04;04112;2;3;1.0;1.0;43,8295481323;5,8049259749;
202100028492.0;1;75;75112;2;4;1.0;3.0;48,8267870000;2,3907620000;
202100028493.0;1;75;75116;2;4;1.0;5.0;48,8769420000;2,2795200000;
202100028494.0;1;75;75118;2;1;1.0;7.0;48,8961470000;2,3708770000;
202100028495.0;1;75;75118;2;3;1.0;3.0;48,8890600000;2,3599190000;
202100028496.0;5;75;75118;2;5;1.0;2.0;48,8846890000;2,3295660000;
202100028497.0;5;75;75116;2;2;1.0;3.0;48,8365380000;2,2559820000;
202100028498.0;5;75;75116;2;1;1.0;5.0;48,8719320000;2,2627470000;
202100028499.0;1;75;75114;2;4;1.0;3.0;48,8323820000;2,3250310000;
202100028500.0;1;75;75109;2;1;1.0;3.0;48,8820710000;2,3293830000;
202100028501.0;1;75;75108;2;7;1.0;3.0;48,8658570000;2,3199330000;
202100028502.0;1;75;75101;2;3;1.0;6.0;48,8590330000;2,3398760000;
202100028503.0;5;94;94046;2;1;1.0;6.0;48,7891300000;2,4355000000;
202100028504.0;1;94;94003;2;1;1.0;2.0;48,8074600000;2,3348000000;
202100028505.0;5;94;94033;2;1;1.0;3.0;48,8534800000;2,4699900000;
202100028506.0;1;93;93072;2;1;1.0;6.0;48,9647654409;2,3892259598;
202100028507.0;1;93;93005;2;1;1.0;1.0;48,9596640000;2,5027260000;
202100028508.0;5;93;93031;2;2;1.0;3.0;48,9617400000;2,2951800000;
202100028509.0;5;93;93008;2;2;1.0;3.0;48,9148300000;2,4410000000;
202100028510.0;1;92;92046;2;2;1.0;3.0;48,8129365005;2,3016504943;
202100028511.0;1;92;92022;2;1;1.0;7.0;48,7999547738;2,2005003691;
202100028512.0;1;92;92020;2;1;1.0;7.0;48,8074700000;2,2944000000;
202100028513.0;1;92;92012;2;2;1.0;3.0;48,8321900000;2,2487900000;
202100028514.0;1;87;87157;1;1;1.0;1.0;45,9481060000;1,5101050000;
202100028515.0;1;01;01279;1;1;1.0;3.0;45,9459350000;5,4794470000;
202100028516.0;1;28;28398;1;1;1.0;6.0;48,2385520000;1,0632280000;
202100028517.0;1;27;27391;2;3;1.0;7.0;48,8287280000;1,3477940000;
202100028518.0;1;71;71202;1;1;1.0;7.0;46,8595070000;4,8236220000;
202100028519.0;1;83;83019;1;1;1.0;7.0;43,1201100000;6,3246060000;
202100028520.0;3;34;34123;1;1;1.0;6.0;43,6261120000;3,7848330000;
202100028521.0;1;22;22337;1;1;1.0;7.0;48,3606370000; -2,2995950000;
202100028522.0;1;62;62870;1;1;1.0;3.0;50,4151630000;1,6915300000;
202100028523.0;1;56;56089;1;1;1.0;6.0;47,9827620000; -3,3071960000;
202100028524.0;1;74;74241;1;1;1.0;3.0;46,1351960000;6,4785540000;
202100028525.0;1;67;67281;1;1;1.0;7.0;48,1367740000;7,5439810000;
202100028526.0;1;2A;2A092;1;1;1.0;3.0;41,7275430000;9,4019430000;
202100028527.0;1;65;65025;1;1;1.0;1.0;42,9991310000; -0,1114460000;
202100028528.0;1;69;69214;1;1;1.0;3.0;46,0045340000;4,3574360000;
202100028529.0;1;71;71310;2;2;1.0;7.0;46,7375220000;4,4775890000;
202100028530.0;1;63;63319;1;1;1.0;7.0;45,5443363997;3,8869443487;
202100028531.0;1;61;61300;1;1;1.0;7.0;48,4685820000;0,8270000000;
202100028532.0;1;61;61207;2;1;7.0;3.0;48,3202470000;0,5143610000;
202100028533.0;1;34;34079;2;3;1.0;3.0;43,6257510000;3,4373370000;
202100028534.0;1;34;34293;2;1;1.0;1.0;43,6048910000;2,7016630000;
202100028535.0;3;39;39189;1;1;1.0;7.0;47,0762740000;5,4013040000;
202100028536.0;1;35;35161;2;1;1.0;1.0;48,0485920000; -1,3306340000;
202100028537.0;1;35;35227;1;6;1.0;2.0;48,1759740000; -1,9259330000;
202100028538.0;1;31;31246;1;1;1.0;6.0;43,1122280000;0,8533570000;
202100028539.0;1;84;84017;1;1;1.0;1.0;44,1201950000;5,2333660000;
202100028540.0;1;03;03178;1;1;1.0;3.0;46,2530350000;3,8034150000;
202100028541.0;3;15;15038;1;1;1.0;6.0;45,3653830000;2,5883530000;
202100028542.0;2;01;01113;1;1;1.0;6.0;46,1577820000;5,0921040000;
202100028543.0;1;26;26292;1;1;1.0;1.0;44,2871790000;5,4164310000;
202100028544.0;1;26;26357;2;1;1.0;3.0;44,2859120000;4,9295890000;
202100028545.0;1;26;26073;1;1;1.0;1.0;44,4070940000;4,8279060000;
202100028546.0;1;72;72248;2;1;1.0;1.0;47,8379900000;0,4330900000;
202100028547.0;1;14;14726;1;1;1.0;6.0;48,8540000000; -0,6541370000;
202100028548.0;1;64;64547;1;1;1.0;1.0;43,3912030000; -1,4917590000;
202100028549.0;5;64;64519;2;1;1.0;7.0;43,3730090000; -0,3602990000;
202100028550.0;1;21;21412;1;3;1.0;3.0;46,9539530000;4,7660490000;
202100028551.0;1;24;24064;2;1;1.0;6.0;45,3576640000;0,6519860000;
202100028552.0;1;85;85101;1;2;1.0;1.0;46,4919480000; -1,4125550000;
202100028553.0;2;27;27467;2;1;1.0;6.0;49,3530950000;0,4927590000;
202100028554.0;1;27;27313;2;2;1.0;3.0;49,2301110000;0,9933420000;
202100028555.0;1;28;28322;1;1;7.0;6.0;48,7079430000;0,9225910000;
202100028556.0;1;38;38450;1;1;1.0;2.0;45,2947920000;5,5547740000;
202100028557.0;1;67;67471;2;2;1.0;3.0;48,6323130000;7,7485160000;
202100028558.0;3;67;67152;1;6;1.0;6.0;48,5224710000;7,6664350000;
202100028559.0;1;06;06085;2;3;1.0;7.0;43,6110560000;6,9764390000;
202100028560.0;1;31;31145;1;1;1.0;3.0;43,2889990000;1,5372280000;
202100028561.0;3;02;02655;1;1;1.0;2.0;49,1341950000;3,6092880000;
202100028562.0;1;988;98832;1;1;1.0;7.0; -22,1671800000;166,7920900000;
202100028563.0;1;77;77148;1;1;1.0;3.0;49,0681300000;3,0756570000;
202100028564.0;3;30;30042;2;6;1.0;6.0;44,0495690000;4,0205670000;
202100028565.0;1;05;05089;1;1;1.0;3.0;44,3870210000;5,7435860000;
202100028566.0;1;13;13022;2;1;1.0;7.0;43,2154470000;5,5449570000;
202100028567.0;3;26;26072;1;1;1.0;2.0;45,1265560000;4,8963080000;
202100028568.0;1;88;88322;1;1;1.0;7.0;48,1562180000;6,6643450000;
202100028569.0;1;74;74211;1;1;1.0;1.0;46,1144490000;6,2610910000;
202100028570.0;1;73;73114;1;1;1.0;1.0;45,8529590000;6,5002690000;
202100028571.0;1;38;38548;1;1;1.0;1.0;45,0684710000;5,5350490000;
202100028572.0;1;38;38545;2;1;1.0;1.0;45,0469280000;5,6882040000;
202100028573.0;1;09;09014;1;1;1.0;6.0;42,9265930000;1,0006090000;
202100028574.0;3;31;31568;1;1;1.0;1.0;43,4744995403;1,6923558712;
202100028575.0;2;40;40202;2;3;1.0;3.0;43,6919950000; -0,9987310000;
202100028576.0;1;33;33366;2;9;1.0;3.0;45,0012620000; -0,4299450000;
202100028577.0;5;33;33551;1;1;1.0;6.0;45,0785970000; -0,6204860000;
202100028578.0;2;50;50099;1;2;7.0;1.0;49,3362390000; -1,2629660000;
202100028579.0;1;14;14068;1;2;1.0;2.0;49,2439360000; -0,3304940000;
202100028580.0;1;35;35047;2;4;7.0;2.0;48,0258260000; -1,7334580000;
202100028581.0;1;27;27439;2;3;1.0;1.0;49,0668580000;1,1727420000;
202100028582.0;1;27;27165;2;1;1.0;2.0;48,9438750000;0,9454300000;
202100028583.0;1;60;60346;2;1;1.0;6.0;49,1615440000;2,3873590000;
202100028584.0;1;60;60575;1;1;7.0;7.0;49,2878155725;2,2233506178;
202100028585.0;1;59;59634;1;9;1.0;3.0;50,7237720000;2,4717330000;
202100028586.0;3;13;13005;1;1;1.0;3.0;43,2744210000;5,5886760000;
202100028587.0;1;33;33162;1;1;1.0;4.0;44,8711210000; -0,6422920000;
202100028588.0;3;91;91553;1;1;1.0;2.0;48,6292210000;2,4827970000;
202100028589.0;4;92;92072;1;1;1.0;6.0;48,8249975760;2,2209931165;
202100028590.0;1;93;93010;1;1;1.0;2.0;48,9164200000;2,4777500000;
202100028591.0;1;93;93005;1;1;1.0;2.0;48,9680400000;2,4778300000;
202100028592.0;2;93;93010;1;1;1.0;6.0;48,8920300000;2,4732000000;
202100028593.0;1;95;95488;1;1;1.0;3.0;49,0134300000;2,1482200000;
202100028594.0;3;93;93027;2;1;1.0;3.0;48,9241000000;2,3870000000;
202100028595.0;1;93;93051;1;1;1.0;2.0;48,8355814772;2,5679362605;
202100028596.0;1;77;77373;1;1;1.0;2.0;48,7869240079;2,6174129882;
202100028597.0;1;94;94042;1;1;1.0;6.0;48,8275727947;2,4704969547;
202100028598.0;3;75;75112;1;1;2.0;3.0;48,8215162124;2,4620640278;
202100028599.0;1;64;64237;1;1;1.0;6.0;43,2790150000; -0,3757590000;