Num_Acc;lum;departement;commune;agglomeration;intersection;meteo;type_collision;lat;long;date
202100029584.0;1;72;72181;1;1;1.0;3.0;47,9605900000;0,2240900000;
202100029585.0;1;69;69029;1;3;1.0;3.0;45,7252200000;4,9247600000;
202100029586.0;1;69;69256;2;2;1.0;3.0;45,7670600000;4,9329100000;
202100029587.0;1;64;64269;1;2;1.0;2.0;43,2981200000; -0,3030100000;
202100029588.0;1;64;64269;2;1;1.0;2.0;43,2978040495; -0,3016600013;
202100029589.0;1;64;64122;2;1;1.0;3.0;43,4687400000; -1,5700200000;
202100029590.0;4;62;62160;2;2;1.0;3.0;50,7196820000;1,6202500000;
202100029591.0;5;54;54547;2;1;1.0;3.0;48,6667400000;6,1660100000;
202100029592.0;1;54;54395;2;2;1.0;1.0;48,6999900000;6,1800700000;
202100029593.0;1;49;49007;2;1;2.0;7.0;47,4650162134; -0,5704696476;
202100029594.0;1;45;45234;2;1;1.0;3.0;47,9071900000;1,8877800000;
202100029595.0;1;45;45234;2;1;1.0;2.0;47,9191050000;1,9020450000;
202100029596.0;2;44;44109;2;3;1.0;2.0;47,2459580000; -1,5766450000;
202100029597.0;1;42;42218;2;1;1.0;6.0;45,4420600000;4,4152500000;
202100029598.0;2;42;42071;2;2;1.0;2.0;46,0248700000;4,0903600000;
202100029599.0;1;37;37261;2;1;2.0;6.0;47,3782812977;0,6980712422;
202100029600.0;5;35;35238;2;2;1.0;3.0;48,0883200000; -1,6691200000;
202100029601.0;1;33;33075;2;4;1.0;3.0;44,8796500000; -0,6268000000;
202100029602.0;1;31;31555;2;9;1.0;6.0;43,6035700000;1,4067930000;
202100029603.0;1;27;27562;2;1;2.0;1.0;49,1029000000;1,4504900000;
202100029604.0;1;27;27229;2;6;2.0;7.0;49,0139948000;1,1526205000;
202100029605.0;3;13;13208;2;1;1.0;3.0;43,2613290316;5,3976323406;
202100029606.0;5;13;13214;2;9;1.0;3.0;43,3354400000;5,4001500000;
202100029607.0;1;13;13211;2;9;1.0;6.0;43,3061511055;5,5105923443;
202100029608.0;1;13;13213;2;1;1.0;1.0;43,3269600000;5,4229400000;
202100029609.0;5;13;13202;2;2;1.0;1.0;43,2953800000;5,3646000000;
202100029610.0;5;13;13214;2;1;1.0;1.0;43,3258886760;5,3943256567;
202100029611.0;5;10;10387;2;2;8.0;3.0;48,2820300000;4,0908700000;
202100029612.0;1;07;07072;1;1;1.0;3.0;44,7500800000;4,5982000000;
202100029613.0;1;07;07281;2;1;1.0;3.0;44,9475600000;4,8446200000;
202100029614.0;1;06;06088;2;3;1.0;6.0;43,6980710000;7,2726690000;
202100029615.0;1;75;75120;2;3;1.0;3.0;48,8660430000;2,3840200000;
202100029616.0;1;75;75106;2;1;2.0;3.0;48,8451960000;2,3251660000;
202100029617.0;1;75;75118;2;4;1.0;3.0;48,8872370000;2,3495710000;
202100029618.0;5;75;75118;2;1;1.0;1.0;48,8930350000;2,3407930000;
202100029619.0;5;75;75115;2;3;1.0;7.0;48,8277260000;2,3001270000;
202100029620.0;2;75;75115;2;1;1.0;6.0;48,8392860000;2,3177590000;
202100029621.0;1;75;75113;2;2;1.0;2.0;48,8366610000;2,3718860000;
202100029622.0;5;75;75113;2;3;1.0;3.0;48,8260690000;2,3552220000;
202100029623.0;1;75;75109;2;1;1.0;3.0;48,8825510000;2,3430890000;
202100029624.0;1;75;75108;2;7;2.0;3.0;48,8658640000;2,3199170000;
202100029625.0;1;75;75101;2;3;1.0;7.0;48,8643820000;2,3301240000;
202100029626.0;1;75;75104;2;2;1.0;3.0;48,8558110000;2,3685080000;
202100029627.0;1;94;94081;2;2;1.0;3.0;48,7947640000;2,4178740000;
202100029628.0;1;94;94074;2;1;2.0;6.0;48,7695590000;2,4488090000;
202100029629.0;1;94;94015;2;1;2.0;3.0;48,8305130000;2,5280610000;
202100029630.0;2;94;94028;2;9;1.0;3.0;48,7778560000;2,4656830000;
202100029631.0;1;94;94022;2;3;1.0;7.0;48,7671600000;2,4105900000;
202100029632.0;1;94;94055;2;1;1.0;5.0;48,7862000000;2,5414700000;
202100029633.0;1;94;94017;2;4;1.0;6.0;48,8127500000;2,5272500000;
202100029634.0;1;94;94002;2;1;1.0;3.0;48,7818300000;2,4219700000;
202100029635.0;1;93;93072;2;1;1.0;3.0;48,9532000000;2,3772500000;
202100029636.0;1;93;93072;2;9;1.0;1.0;48,9515820000;2,3879600000;
202100029637.0;1;93;93066;2;4;1.0;2.0;48,9403500000;2,3634800000;
202100029638.0;1;92;92050;2;1;8.0;6.0;48,8974500417;2,2031182051;
202100029639.0;1;92;92050;2;3;2.0;2.0;48,9075110000;2,2120930000;
202100029640.0;1;92;92049;2;3;1.0;6.0;48,8174700000;2,3254500000;
202100029641.0;1;14;14162;1;1;1.0;7.0;48,9206170000; -0,5199620000;
202100029642.0;1;51;51080;1;2;1.0;3.0;48,5923060405;4,5425147563;
202100029643.0;3;51;51513;1;1;1.0;7.0;48,6068628807;4,6386005608;
202100029644.0;1;01;01248;1;1;1.0;5.0;45,9123510000;4,9406530000;
202100029645.0;1;38;38019;2;1;1.0;2.0;45,4326490000;4,8181270000;
202100029646.0;1;68;68178;1;1;1.0;5.0;47,9375360000;7,0981440000;
202100029647.0;1;45;45301;1;1;1.0;6.0;48,1086920000;2,1306610000;
202100029648.0;1;28;28018;1;1;1.0;2.0;48,2037260000;0,8955570000;
202100029649.0;1;83;83073;1;1;1.0;7.0;43,4018630742;6,3050960715;
202100029650.0;1;71;71576;1;1;1.0;2.0;46,5277005047;4,9190413894;
202100029651.0;3;972;97218;1;1;1.0;6.0;14,7670470000; -61,1473380000;
202100029652.0;2;54;54277;1;1;1.0;6.0;49,1795573532;5,7831430437;
202100029653.0;5;46;46201;2;1;1.0;7.0;44,3373780000;1,2078360000;
202100029654.0;4;86;86114;1;6;1.0;7.0;46,5670620000;0,6160640000;
202100029655.0;1;67;67534;2;1;2.0;1.0;48,7482240000;7,5008510000;
202100029656.0;1;974;97414;2;1;1.0;3.0; -21,2706840000;55,4429340000;
202100029657.0;1;83;83019;2;1;1.0;5.0;43,1411122005;6,3499760117;
202100029658.0;1;83;83073;1;1;1.0;6.0;43,3958300000;6,2923580000;
202100029659.0;2;80;80606;1;1;1.0;6.0;49,9477060000;1,7757140000;
202100029660.0;1;33;33540;1;1;1.0;7.0;45,3083380000; -1,1371710000;
202100029661.0;1;11;11255;1;1;1.0;1.0;43,1826650000;2,9486540000;
202100029662.0;3;71;71248;2;4;1.0;1.0;46,5555880000;4,9338640000;
202100029663.0;1;89;89276;1;1;1.0;7.0;48,0367600000;3,7946440000;
202100029664.0;1;63;63190;1;1;1.0;7.0;45,5266226579;2,5567282128;
202100029665.0;1;63;63352;1;1;1.0;7.0;45,4492740000;3,2225880000;
202100029666.0;1;42;42081;2;2;7.0;3.0;45,6132830000;4,2641440000;
202100029667.0;1;42;42043;1;3;1.0;1.0;45,5689069357;4,3160905139;
202100029668.0;1;47;47242;1;1;1.0;7.0;44,5679770000;0,9960630000;
202100029669.0;1;34;34197;1;1;7.0;6.0;43,5668470000;3,3859660000;
202100029670.0;1;39;39510;1;1;1.0;6.0;46,3616560000;5,9097750000;
202100029671.0;1;35;35068;1;1;1.0;3.0;48,1014420000; -1,4279540000;
202100029672.0;1;29;29199;2;1;1.0;6.0;48,5696570000; -3,7050800000;
202100029673.0;1;31;31510;1;1;1.0;1.0;43,2666750000;0,7064720000;
202100029674.0;1;31;31052;1;1;1.0;1.0;43,3992560000;1,3634960000;
202100029675.0;1;03;03258;1;2;1.0;1.0;46,1820960000;3,3321730000;
202100029676.0;3;85;85191;1;1;1.0;7.0;46,6515800000; -1,3861300000;
202100029677.0;4;58;58088;2;1;1.0;3.0;47,0058950000;3,1869630000;
202100029678.0;1;06;06073;1;9;1.0;7.0;44,1971410000;7,0658600000;
202100029679.0;2;06;06079;1;1;1.0;1.0;43,5544770000;6,9212650000;
202100029680.0;3;06;06007;1;1;1.0;6.0;43,6147370000;6,9211750000;
202100029681.0;1;14;14335;1;1;1.0;7.0;49,1886810000; -0,0781860000;
202100029682.0;1;60;60059;1;1;1.0;6.0;49,5969890000;3,0653170000;
202100029683.0;1;64;64006;1;1;1.0;7.0;42,9884040000; -0,5997630000;
202100029684.0;1;73;73171;1;1;3.0;1.0;45,4981130000;6,0435860000;
202100029685.0;1;07;07314;1;1;1.0;7.0;44,8749580000;4,5862650000;
202100029686.0;3;21;21378;1;1;1.0;1.0;47,8585550000;4,4130060000;
202100029687.0;1;21;21358;1;1;3.0;3.0;47,6124150000;4,5173740000;
202100029688.0;1;17;17482;1;1;1.0;3.0;46,1520110000; -0,8124300000;
202100029689.0;1;30;30101;1;1;1.0;6.0;44,0788610000;4,1473170000;
202100029690.0;3;10;10084;1;1;1.0;2.0;48,3962360000;4,1515950000;
202100029691.0;1;76;76660;1;1;1.0;3.0;49,4526208982;0,2713590860;
202100029692.0;1;74;74010;1;3;1.0;3.0;45,8710370000;6,0747530000;
202100029693.0;3;33;33042;1;1;1.0;2.0;44,4280390000; -0,8172170000;
202100029694.0;1;38;38534;1;1;1.0;2.0;44,9846000000;6,1290600000;
202100029695.0;1;987;98738;1;4;1.0;1.0; -17,5762983048; -149,6117949486;
202100029696.0;1;72;72241;1;1;1.0;6.0;48,0635110000;0,4011730000;
202100029697.0;1;83;83116;1;1;1.0;1.0;43,4584020000;5,8697030000;
202100029698.0;2;988;98817;1;9;2.0;7.0; -22,2501440000;166,5665160000;
202100029699.0;3;77;77471;1;1;1.0;6.0;48,3534110000;2,4549940000;
202100029700.0;1;77;77211;1;2;7.0;3.0;48,5812000000;2,9643020000;
202100029701.0;3;34;34113;2;3;1.0;6.0;43,4795713921;3,6991108954;
202100029702.0;1;84;84118;1;1;1.0;5.0;43,9429000000;5,3776360000;
202100029703.0;1;83;83071;1;1;1.0;4.0;43,1274225597;6,2060598914;
202100029704.0;3;83;83065;2;1;1.0;3.0;43,2624290000;6,6006800000;
202100029705.0;1;13;13030;1;1;1.0;1.0;43,2685500000;5,7358500000;
202100029706.0;1;13;13004;2;1;1.0;3.0;43,4111250000;4,7266190000;
202100029707.0;1;71;71251;1;2;1.0;2.0;46,8983150000;4,1884570000;
202100029708.0;1;73;73089;1;1;1.0;6.0;45,5390096120;6,1326765681;
202100029709.0;2;26;26085;1;3;1.0;3.0;44,5169620000;4,7447200000;
202100029710.0;1;69;69295;1;1;1.0;3.0;45,6076280000;4,8533390000;
202100029711.0;1;46;46102;1;1;1.0;1.0;44,6049520000;2,0611170000;
202100029712.0;1;79;79049;2;3;1.0;7.0;46,8376690000; -0,4839740000;
202100029713.0;3;64;64304;1;1;1.0;7.0;43,4935810000; -1,3961540000;
202100029714.0;1;33;33435;1;1;1.0;2.0;44,5647320000; -0,2410980000;
202100029715.0;3;22;22012;1;2;1.0;3.0;48,5845070000; -2,4311110000;
202100029716.0;1;80;80313;1;1;1.0;3.0;49,9204070000;2,8513540000;
202100029717.0;1;13;13202;1;1;1.0;7.0;43,3292700000;5,3563200000;
202100029718.0;1;13;13215;1;1;1.0;3.0;43,3668500000;5,3607800000;
202100029719.0;1;13;13070;1;1;1.0;2.0;43,2855700000;5,5128800000;
202100029720.0;1;13;13055;1;1;1.0;2.0;43,3380400000;5,3924300000;
202100029721.0;1;13;13071;1;1;1.0;3.0;43,4039780000;5,3038370000;
202100029722.0;1;67;67482;1;1;1.0;6.0;48,5895000000;7,7316900000;
202100029723.0;1;33;33075;1;1;1.0;2.0;44,8882800000; -0,5858500000;
202100029724.0;3;33;33080;1;1;1.0;2.0;44,7374900000; -0,5340300000;
202100029725.0;1;94;94003;1;1;1.0;2.0;48,8026000000;2,3420000000;
202100029726.0;1;91;91136;1;1;1.0;3.0;48,7135100000;2,2785000000;
202100029727.0;1;91;91689;1;1;1.0;3.0;48,7415300000;2,3205900000;
202100029728.0;1;92;92025;1;1;1.0;2.0;48,9232300709;2,2288666058;
202100029729.0;1;92;92025;1;1;1.0;4.0;48,9217595598;2,2261142366;
202100029730.0;5;93;93066;1;1;1.0;2.0;48,9028700000;2,3586300000;
202100029731.0;1;93;93010;1;1;1.0;3.0;48,9157700000;2,4775800000;
202100029732.0;1;77;77122;1;1;1.0;6.0;48,6466701112;2,5861363461;
202100029733.0;5;64;64024;2;1;1.0;1.0;43,4978800000; -1,5404200000;
202100029734.0;1;38;38151;2;1;1.0;1.0;45,1592900000;5,7268400000;
202100029735.0;1;94;94043;2;1;1.0;6.0;48,8068000000;2,3511600000;
202100029736.0;1;974;97411;2;6;1.0;3.0; -20,9010400000;55,4968300000;
202100029737.0;1;973;97302;2;1;1.0;3.0;4,9289000000; -52,2995200000;
202100029738.0;1;69;69387;2;2;1.0;3.0;45,7466800000;4,8374500000;
202100029739.0;5;972;97213;1;1;1.0;2.0;14,6186700000; -61,0231100000;
202100029740.0;1;972;97209;2;9;1.0;6.0;14,6036700000; -61,0698700000;
202100029741.0;1;972;97209;2;1;1.0;3.0;14,6418200000; -61,0591000000;
202100029742.0;3;972;97209;1;1;1.0;3.0;14,6114200000; -61,0509000000;
202100029743.0;1;972;97209;2;1;1.0;3.0;14,6155000000; -61,0613000000;
202100029744.0;1;69;69389;2;1;1.0;2.0;45,7718651471;4,8018340766;
202100029745.0;1;2B;2B033;2;1;1.0;1.0;42,6794000000;9,4292500000;
202100029746.0;5;2A;2A004;2;1;1.0;7.0;41,9080000000;8,6850000000;
202100029747.0;1;95;95427;2;2;1.0;3.0;48,9749120725;2,3428559303;
202100029748.0;1;91;91097;2;1;1.0;6.0;48,6889000000;2,5339500000;
202100029749.0;1;91;91223;2;1;1.0;3.0;48,4268700000;2,1468800000;
202100029750.0;1;86;86194;2;1;1.0;6.0;46,5828360000;0,3592740000;
202100029751.0;5;85;85194;2;6;1.0;3.0;46,4979300000; -1,7820500000;
202100029752.0;1;83;83069;2;1;1.0;2.0;43,1096919873;6,1224827170;
202100029753.0;1;78;78224;1;3;1.0;6.0;48,8547100000;2,0643020000;
202100029754.0;5;77;77114;2;1;1.0;6.0;48,7274049212;2,6589094503;
202100029755.0;1;76;76575;2;1;1.0;3.0;49,3940000000;1,0933300000;
202100029756.0;5;76;76540;2;1;1.0;2.0;49,4429100000;1,0781000000;
202100029757.0;1;76;76351;1;3;1.0;3.0;49,5270600000;0,1300200000;
202100029758.0;1;74;74298;2;1;2.0;3.0;46,1763600000;6,2430500000;
202100029759.0;5;72;72181;2;1;1.0;6.0;47,9982700000;0,2136800000;
202100029760.0;1;72;72181;2;2;1.0;1.0;47,9842500000;0,1853300000;
202100029761.0;1;70;70550;2;1;1.0;6.0;47,6127984213;6,1527242884;
202100029762.0;1;69;69256;2;1;1.0;2.0;45,7727800000;4,9129100000;
202100029763.0;1;69;69266;2;2;1.0;3.0;45,7711900000;4,8936800000;
202100029764.0;1;69;69266;2;8;1.0;6.0;45,7569742548;4,8997682333;
202100029765.0;1;66;66136;1;1;1.0;2.0;42,7232400000;2,8761400000;
202100029766.0;1;66;66136;1;1;1.0;5.0;42,6797600000;2,8794700000;
202100029767.0;1;65;65440;2;2;8.0;3.0;43,2321600000;0,0874000000;
202100029768.0;4;64;64445;2;1;1.0;7.0;43,3241800000; -0,3577800000;
202100029769.0;1;64;64140;2;1;1.0;2.0;43,5246500000; -1,4857000000;
202100029770.0;1;64;64102;2;3;1.0;3.0;43,4786300000; -1,4955700000;
202100029771.0;1;62;62737;2;6;1.0;3.0;50,4513000000;2,6870600000;
202100029772.0;1;62;62065;2;1;1.0;3.0;50,3975200000;2,8336100000;
202100029773.0;1;58;58194;2;1;1.0;7.0;46,9947700000;3,1583500000;
202100029774.0;1;57;57757;2;1;1.0;6.0;49,3537900000;6,1795700000;
202100029775.0;1;56;56121;2;2;1.0;3.0;47,7451900000; -3,3585400000;
202100029776.0;2;56;56121;2;2;1.0;3.0;47,7488200000; -3,3630100000;
202100029777.0;1;56;56083;2;1;1.0;6.0;47,8010800000; -3,2795200000;
202100029778.0;5;56;56121;2;6;1.0;3.0;47,7635100000; -3,3950500000;
202100029779.0;1;54;54395;2;1;1.0;6.0;48,6890614077;6,1823087186;
202100029780.0;1;54;54382;2;1;1.0;3.0;49,5409700000;5,7818700000;
202100029781.0;1;51;51172;2;9;1.0;7.0;49,2152100000;4,0523800000;
202100029782.0;1;50;50602;2;2;1.0;3.0;49,6389900000; -1,5736000000;
202100029783.0;1;49;49007;2;1;1.0;6.0;47,4805800000; -0,5174400000;
202100029784.0;5;44;44109;2;1;1.0;3.0;47,2105400000; -1,5600500000;
202100029785.0;1;42;42305;2;4;1.0;6.0;45,4793100000;4,4222600000;
202100029786.0;1;40;40088;2;3;1.0;6.0;43,7089900000; -1,0548100000;
202100029787.0;1;40;40088;2;3;1.0;3.0;43,7023600000; -1,0565200000;
202100029788.0;1;38;38151;2;1;1.0;6.0;45,1396400000;5,7138900000;
202100029789.0;1;37;37122;2;1;1.0;2.0;47,3520912961;0,6869664432;
202100029790.0;1;37;37261;2;1;1.0;6.0;47,4249275734;0,6725732982;
202100029791.0;1;36;36202;1;1;1.0;2.0;46,7790000000;1,6749300000;
202100029792.0;1;36;36044;2;1;1.0;6.0;46,8058440635;1,7042917013;
202100029793.0;1;35;35238;2;1;1.0;3.0;48,0899187190; -1,6861774027;
202100029794.0;5;33;33063;2;1;9.0;6.0;44,8318000000; -0,5575000000;
202100029795.0;1;33;33200;2;3;1.0;3.0;44,8837400000; -0,6769600000;
202100029796.0;1;31;31555;1;1;1.0;3.0;43,6092200000;1,4126000000;
202100029797.0;5;30;30007;2;1;1.0;2.0;44,1402600000;4,0875700000;
202100029798.0;1;30;30243;2;1;1.0;7.0;44,0913600000;4,0682900000;
202100029799.0;1;29;29232;1;1;1.0;2.0;47,9666500000; -4,0612200000;
202100029800.0;1;29;29051;1;1;1.0;3.0;48,0030300000; -4,0554700000;
202100029801.0;5;17;17300;2;9;1.0;3.0;46,1565900000; -1,1428700000;
202100029802.0;1;14;14118;2;1;2.0;3.0;49,1841700000; -0,3615900000;
202100029803.0;1;13;13106;2;1;1.0;3.0;43,3937800000;5,3647700000;
202100029804.0;1;13;13103;1;1;1.0;1.0;43,6299095400;5,0611460209;
202100029805.0;1;13;13215;2;3;1.0;3.0;43,3681000000;5,3564000000;
202100029806.0;5;13;13208;2;1;1.0;6.0;43,2683000000;5,3880800000;
202100029807.0;1;13;13001;2;4;1.0;3.0;43,5504300000;5,4386300000;
202100029808.0;1;10;10387;2;1;1.0;3.0;48,3053550000;4,0852090000;
202100029809.0;1;10;10060;2;1;2.0;2.0;48,2545100000;4,0961800000;
202100029810.0;1;09;09122;2;1;1.0;6.0;42,9644050000;1,6028920000;
202100029811.0;5;07;07201;2;2;1.0;3.0;44,4346840000;4,3417470000;
202100029812.0;1;07;07102;2;1;1.0;3.0;44,9368100000;4,8671600000;
202100029813.0;1;06;06012;2;1;1.0;6.0;43,7425300000;7,4220730000;
202100029814.0;1;04;04112;1;1;1.0;7.0;43,8254000000;5,8055000000;
202100029815.0;1;01;01053;2;2;1.0;2.0;46,2096700000;5,2301100000;
202100029816.0;1;75;75112;2;1;1.0;2.0;48,8255910000;2,3922550000;
202100029817.0;1;75;75120;2;1;1.0;4.0;48,8723760000;2,4125040000;
202100029818.0;5;75;75106;2;3;1.0;2.0;48,8578620000;2,3362310000;
202100029819.0;1;75;75119;2;3;1.0;6.0;48,8834560000;2,3957800000;
202100029820.0;1;75;75117;2;7;8.0;3.0;48,8775470000;2,2838450000;
202100029821.0;1;75;75117;2;2;1.0;2.0;48,8821100000;2,3204140000;
202100029822.0;1;75;75115;2;1;1.0;2.0;48,8365100000;2,2800110000;
202100029823.0;1;75;75115;2;2;1.0;3.0;48,8367460000;2,2995550000;
202100029824.0;1;75;75114;2;7;1.0;6.0;48,8231490000;2,3255210000;
202100029825.0;5;75;75113;2;5;1.0;3.0;48,8264620000;2,3417750000;
202100029826.0;5;75;75113;2;4;1.0;3.0;48,8227160000;2,3730390000;
202100029827.0;1;75;75112;2;2;1.0;3.0;48,8434400000;2,3707230000;
202100029828.0;1;75;75112;2;3;1.0;6.0;48,8384660000;2,3986810000;
202100029829.0;1;75;75110;2;4;1.0;7.0;48,8795040000;2,3532200000;
202100029830.0;1;75;75110;2;3;1.0;3.0;48,8758630000;2,3602680000;
202100029831.0;1;75;75110;2;2;1.0;6.0;48,8738240000;2,3505160000;
202100029832.0;5;75;75101;2;1;1.0;1.0;48,8618060000;2,3272050000;
202100029833.0;1;75;75107;2;2;1.0;6.0;48,8527020000;2,3095650000;
202100029834.0;1;75;75107;2;1;1.0;3.0;48,8593590000;2,3057730000;
202100029835.0;1;75;75108;2;7;1.0;6.0;48,8641030000;2,3201100000;
202100029836.0;1;94;94074;2;1;1.0;7.0;48,7399100000;2,4733800000;
202100029837.0;1;94;94078;2;2;1.0;1.0;48,7398910000;2,4564200000;
202100029838.0;1;94;94068;2;2;1.0;3.0;48,7872300000;2,4885100000;
202100029839.0;1;94;94052;2;1;1.0;2.0;48,8451070000;2,4889530000;
202100029840.0;5;94;94042;2;2;1.0;7.0;48,8200600000;2,4793600000;
202100029841.0;1;94;94041;2;1;1.0;1.0;48,8120500000;2,3667500000;
202100029842.0;1;94;94033;2;1;1.0;3.0;48,8506300000;2,4882900000;
202100029843.0;1;94;94017;2;2;1.0;3.0;48,8098700000;2,5509200000;
202100029844.0;5;93;93070;2;1;1.0;2.0;48,9102370000;2,3378330000;
202100029845.0;1;93;93079;2;3;1.0;1.0;48,9522680000;2,3380020000;
202100029846.0;1;93;93048;2;1;1.0;6.0;48,8688600000;2,4617500000;
202100029847.0;1;93;93079;2;1;1.0;3.0;48,9639300000;2,3438800000;
202100029848.0;1;93;93031;2;9;1.0;6.0;48,9542220000;2,3100600000;
202100029849.0;1;93;93029;2;1;1.0;1.0;48,9256186568;2,4489051104;
202100029850.0;1;93;93008;2;1;1.0;3.0;48,9053855587;2,4393190756;
202100029851.0;1;93;93005;2;1;1.0;6.0;48,9430400000;2,4956400000;
202100029852.0;1;93;93005;2;1;1.0;2.0;48,9309920000;2,4840350000;
202100029853.0;1;92;92046;2;1;1.0;6.0;48,8211505132;2,3074573181;
202100029854.0;1;92;92050;2;1;1.0;3.0;48,9196963141;2,2215396166;
202100029855.0;1;92;92050;2;1;1.0;3.0;48,8857421147;2,1968150139;
202100029856.0;1;92;92035;2;3;1.0;3.0;48,9069175787;2,2442311049;
202100029857.0;2;92;92026;2;1;1.0;3.0;48,8962500000;2,2564200000;
202100029858.0;1;92;92025;2;1;1.0;3.0;48,9149750000;2,2420460000;
202100029859.0;1;92;92024;2;1;1.0;3.0;48,9063408503;2,3011226798;
202100029860.0;5;92;92024;2;1;1.0;2.0;48,8998400000;2,3089800000;
202100029861.0;1;92;92024;2;3;8.0;2.0;48,9031600000;2,3197100000;
202100029862.0;1;92;92002;2;3;1.0;3.0;48,7585894182;2,3070377111;
202100029863.0;1;92;92014;2;1;1.0;3.0;48,7751900000;2,3137400000;
202100029864.0;1;86;86272;2;1;1.0;2.0;46,8150245000;0,4359310000;
202100029865.0;1;68;68366;1;6;1.0;3.0;48,1098450000;7,4387100000;
202100029866.0;3;62;62759;1;1;1.0;6.0;50,6497130000;1,9010500000;
202100029867.0;1;51;51439;1;1;1.0;7.0;49,3238323999;4,1483227879;
202100029868.0;1;51;51662;2;6;1.0;3.0;49,2975110000;4,1300490000;
202100029869.0;1;51;51028;2;1;1.0;7.0;49,0692351360;4,0455110664;
202100029870.0;1;74;74256;2;1;1.0;6.0;45,9357400000;6,6300140000;
202100029871.0;1;2A;2A271;2;1;1.0;3.0;41,9576150000;8,8015290000;
202100029872.0;1;2B;2B207;2;1;1.0;2.0;42,4452800000;9,5077340000;
202100029873.0;1;12;12203;1;1;1.0;6.0;43,9795330000;2,9690100000;
202100029874.0;1;22;22265;1;3;1.0;3.0;48,7590780000; -3,3961830000;
202100029875.0;1;25;25127;1;1;1.0;7.0;47,1926580000;6,8225310000;
202100029876.0;3;25;25002;1;1;1.0;1.0;47,1273590000;5,8848850000;
202100029877.0;1;44;44127;2;1;1.0;3.0;47,0171420000; -1,4344190000;
202100029878.0;1;35;35179;2;3;8.0;6.0;48,5142110000; -1,8998100000;
202100029879.0;1;31;31490;2;1;1.0;6.0;43,7468400000;1,3729260000;
202100029880.0;3;02;02746;1;3;1.0;3.0;49,6746410000;3,3494680000;
202100029881.0;3;03;03289;1;1;1.0;6.0;46,3799780000;3,5360420000;
202100029882.0;3;15;15042;1;1;1.0;6.0;45,1982290000;3,2444540000;
202100029883.0;1;01;01057;1;2;1.0;3.0;46,4013940000;4,9202870000;
202100029884.0;3;58;58300;1;1;5.0;6.0;47,0660440000;3,1937920000;
202100029885.0;1;06;06079;2;3;1.0;3.0;43,5326670000;6,9331940000;
202100029886.0;5;06;06090;2;1;1.0;7.0;43,6030030000;6,9204210000;
202100029887.0;5;06;06079;2;3;1.0;1.0;43,5449050000;6,9377940000;
202100029888.0;1;64;64371;2;6;1.0;2.0;43,2247470000; -0,8883210000;
202100029889.0;3;10;10034;1;1;1.0;6.0;48,1298640000;4,3887380000;
202100029890.0;1;85;85034;2;1;1.0;7.0;46,6431940000; -1,1742600000;
202100029891.0;1;37;37067;1;1;1.0;1.0;47,2529733248;0,4543083208;
202100029892.0;1;30;30341;1;1;1.0;7.0;43,6045730000;4,3425610000;
202100029893.0;1;52;52426;1;2;1.0;3.0;48,2637880000;4,8745290000;
202100029894.0;2;13;13080;1;1;1.0;1.0;43,6538070000;5,4748180000;
202100029895.0;1;01;01031;1;1;1.0;6.0;46,2436750000;5,6218240000;
202100029896.0;1;18;18157;1;1;1.0;6.0;47,0627550000;2,2978380000;
202100029897.0;1;973;97309;2;1;1.0;3.0;4,9038230000; -52,2733350000;
202100029898.0;5;987;98715;2;1;1.0;6.0; -17,5845220000; -149,5685780000;
202100029899.0;1;17;17219;2;1;1.0;1.0;45,8320440000; -1,1242750000;
202100029900.0;1;28;28367;1;1;1.0;2.0;48,1438620000;1,8554990000;
202100029901.0;3;74;74197;1;1;1.0;6.0;46,1418200000;6,3171650000;
202100029902.0;5;971;97116;1;3;2.0;3.0;16,3236610000; -61,4134670000;
202100029903.0;1;21;21171;2;6;1.0;6.0;47,3035890000;5,1148920000;
202100029904.0;1;2A;2A247;2;3;1.0;1.0;41,6056240000;9,2796280000;
202100029905.0;1;84;84124;1;1;1.0;1.0;43,9190500000;5,0972190000;
202100029906.0;1;83;83071;2;1;1.0;6.0;43,1231010000;6,2346120000;
202100029907.0;3;83;83059;1;6;1.0;6.0;43,3258180000;6,0796240000;
202100029908.0;1;05;05052;1;3;1.0;3.0;44,6690760000;6,6184500000;
202100029909.0;3;21;21458;1;1;1.0;6.0;47,1991280000;5,0834460000;
202100029910.0;1;67;67544;1;1;1.0;6.0;49,0268240000;7,8914880000;
202100029911.0;1;73;73322;1;1;1.0;6.0;45,2061550000;6,6962960000;
202100029912.0;1;38;38565;1;6;1.0;3.0;45,2954030000;5,6282450000;