Num_Acc;lum;departement;commune;agglomeration;intersection;meteo;type_collision;lat;long;date
202100030242.0;1;94;94081;2;1;1.0;3.0;48,8000000000;2,3800000000;
202100030243.0;1;94;94043;2;1;1.0;6.0;48,8086200000;2,3627100000;
202100030244.0;1;94;94041;2;1;1.0;3.0;48,8067500000;2,3790900000;
202100030245.0;1;94;94060;2;2;1.0;3.0;48,7822700000;2,5782300000;
202100030246.0;1;93;93051;2;9;2.0;6.0;48,8314120000;2,5588730000;
202100030247.0;1;92;92033;2;3;1.0;3.0;48,8398340000;2,1910910000;
202100030248.0;1;92;92050;2;2;1.0;3.0;48,8884900000;2,1839400000;
202100030249.0;1;92;92050;2;1;1.0;6.0;48,8964625796;2,2110682726;
202100030250.0;1;92;92048;2;2;1.0;3.0;48,8084874144;2,2479697827;
202100030251.0;1;92;92040;2;1;1.0;2.0;48,8302894309;2,2802786529;
202100030252.0;1;92;92026;2;1;1.0;3.0;48,9028600000;2,2833100000;
202100030253.0;2;92;92024;2;2;1.0;3.0;48,9065960000;2,2988930000;
202100030254.0;1;92;92012;2;1;1.0;3.0;48,8266100000;2,2330800000;
202100030255.0;1;92;92004;2;2;3.0;3.0;48,9181822400;2,2837775946;
202100030256.0;1;92;92004;2;1;1.0;6.0;48,9301536114;2,2750543803;
202100030257.0;1;92;92002;2;1;1.0;2.0;48,7435100000;2,3030100000;
202100030258.0;1;83;83073;1;1;1.0;6.0;43,4045382354;6,2982773781;
202100030259.0;5;974;97422;2;1;1.0;1.0; -21,2658670000;55,5247680000;
202100030260.0;1;51;51217;1;1;1.0;1.0;49,0651040000;3,6275660000;
202100030261.0;1;26;26295;1;1;1.0;1.0;45,1793070000;4,8459040000;
202100030262.0;3;83;83019;1;1;1.0;6.0;43,1226670000;6,2932290000;
202100030263.0;1;974;97413;1;1;1.0;4.0; -21,1555330000;55,2831600000;
202100030264.0;1;87;87180;1;1;1.0;6.0;46,1922940000;1,2425710000;
202100030265.0;3;41;41149;2;1;3.0;6.0;47,7525760000;0,8659620000;
202100030266.0;1;30;30141;1;4;1.0;6.0;44,1006300000;4,6491800000;
202100030267.0;3;51;51044;1;1;1.0;1.0;49,1739742513;4,1689381172;
202100030268.0;1;56;56155;1;1;1.0;6.0;47,4787180000; -2,4309810000;
202100030269.0;1;74;74282;1;1;8.0;5.0;46,0358090000;6,2407390000;
202100030270.0;1;77;77246;1;2;1.0;3.0;48,5780620000;3,3696380000;
202100030271.0;1;2B;2B049;1;1;1.0;3.0;42,5271990000;8,8401420000;
202100030272.0;1;46;46137;1;1;1.0;1.0;44,3949330000;1,3647510000;
202100030273.0;1;41;41239;1;1;1.0;7.0;47,2424440000;1,3501600000;
202100030274.0;1;68;68021;1;1;8.0;6.0;47,6384150000;7,5195830000;
202100030275.0;1;31;31232;2;1;1.0;6.0;43,7609540000;1,3023200000;
202100030276.0;1;38;38070;1;1;1.0;1.0;45,2813340000;5,9223180000;
202100030277.0;4;02;02359;1;1;1.0;7.0;49,8097870000;3,2868270000;
202100030278.0;2;84;84085;2;1;1.0;7.0;43,9511190000;5,2431610000;
202100030279.0;1;01;01010;1;1;8.0;1.0;45,8851840000;5,8069180000;
202100030280.0;1;70;70325;1;1;3.0;2.0;47,4968360000;5,9760530000;
202100030281.0;1;66;66063;1;4;1.0;3.0;42,4914820000;2,8316400000;
202100030282.0;2;54;54080;1;1;2.0;6.0;48,6061845769;5,8113920697;
202100030283.0;1;06;06105;2;1;1.0;6.0;43,6662340000;7,0507710000;
202100030284.0;1;50;50101;1;1;1.0;7.0;49,6517830000; -1,4438220000;
202100030285.0;2;60;60068;2;1;1.0;7.0;49,3051050000;2,8060470000;
202100030286.0;1;45;45040;2;1;1.0;1.0;47,5563310000;2,8445610000;
202100030287.0;2;21;21525;1;1;1.0;1.0;47,4117140000;4,1787530000;
202100030288.0;1;24;24234;1;1;1.0;3.0;44,9743320000;0,4030390000;
202100030289.0;1;37;37130;1;1;3.0;1.0;47,0484002713;0,8411172370;
202100030290.0;3;37;37094;1;1;1.0;7.0;47,0347770645;0,7530377701;
202100030291.0;1;37;37018;2;6;1.0;2.0;47,3225970000;0,5981820000;
202100030292.0;1;08;08282;2;1;1.0;1.0;49,8839860000;4,4304570000;
202100030293.0;1;82;82079;1;1;1.0;2.0;43,9075125098;1,3181299745;
202100030294.0;1;976;97612;1;1;1.0;7.0; -12,6853290000;45,0784650000;
202100030295.0;1;44;44026;2;1;1.0;1.0;47,2787340000; -1,4751940000;
202100030296.0;1;62;62317;1;1;1.0;7.0;50,2645190000;2,9915260000;
202100030297.0;1;973;97304;1;1;2.0;1.0;5,1171260000; -52,6475140000;
202100030298.0;5;971;97125;1;1;1.0;1.0;16,2765390000; -61,3207700000;
202100030299.0;1;77;77144;1;1;1.0;1.0;48,7634096431;2,9231275828;
202100030300.0;1;55;55517;2;1;7.0;3.0;48,9778790000;5,0592360000;
202100030301.0;1;54;54208;1;3;1.0;3.0;48,7342749334;5,9371930369;
202100030302.0;1;69;69003;2;6;2.0;2.0;45,8636970000;4,8347300000;
202100030303.0;3;81;81104;1;1;1.0;3.0;43,7489399256;1,8027287700;
202100030304.0;1;31;31291;2;1;1.0;2.0;43,5993050000;1,2304690000;
202100030305.0;1;33;33449;2;6;8.0;6.0;44,8813010000; -0,6969170000;
202100030306.0;1;27;27469;2;1;1.0;3.0;49,2988570000;1,1586820000;
202100030307.0;1;60;60533;1;9;2.0;2.0;49,5220740000;2,7131830000;
202100030308.0;3;13;13211;1;1;1.0;2.0;43,2947300000;5,4654000000;
202100030309.0;1;33;33090;1;1;2.0;4.0;44,7747220000; -0,6521550000;
202100030310.0;1;94;94043;1;1;1.0;3.0;48,8120300591;2,3522646154;
202100030311.0;1;92;92025;1;1;1.0;7.0;48,9208583988;2,2252729604;
202100030312.0;2;92;92064;1;1;1.0;6.0;48,8378491587;2,1898092321;
202100030313.0;1;95;95572;1;1;1.0;2.0;49,0385300000;2,1243400000;
202100030314.0;3;93;93078;1;1;1.0;2.0;48,9642700000;2,5200500000;
202100030315.0;1;94;94079;1;1;1.0;6.0;48,8352511054;2,5387158104;
202100030316.0;1;94;94028;1;1;1.0;3.0;48,7977200000;2,4445100000;
202100030317.0;1;75;75108;2;3;1.0;6.0;48,8691420000;2,3045140000;
202100030318.0;1;76;76351;2;2;3.0;6.0;49,4952400000;0,1554200000;
202100030319.0;1;75;75119;2;2;1.0;3.0;48,8861000000;2,3898530000;
202100030320.0;1;01;01153;2;1;1.0;6.0;46,3023730000;6,0623860000;
202100030321.0;1;974;97411;2;2;1.0;3.0; -20,8835800000;55,4516600000;
202100030322.0;1;974;97407;1;1;1.0;2.0; -20,9530100000;55,3245700000;
202100030323.0;1;974;97407;1;1;1.0;3.0; -20,9557300000;55,3103600000;
202100030324.0;2;69;69259;2;1;2.0;4.0;45,7088948859;4,8760816455;
202100030325.0;1;69;69388;2;2;3.0;3.0;45,7345800000;4,8633400000;
202100030326.0;1;69;69387;2;2;3.0;3.0;45,7508200000;4,8424200000;
202100030327.0;1;69;69387;2;2;2.0;3.0;45,7313888341;4,8336617079;
202100030328.0;1;69;69387;2;2;1.0;3.0;45,7267000000;4,8309100000;
202100030329.0;1;69;69259;2;9;2.0;6.0;45,7150300000;4,8789700000;
202100030330.0;1;972;97209;2;1;1.0;2.0;14,6161100000; -61,0784600000;
202100030331.0;5;69;69034;2;1;1.0;2.0;45,7868500000;4,8501700000;
202100030332.0;1;69;69286;2;1;3.0;5.0;45,8044372439;4,8834475279;
202100030333.0;1;971;97101;1;1;2.0;7.0;16,2684900000; -61,5121200000;
202100030334.0;5;971;97101;2;1;1.0;6.0;16,2387000000; -61,5264400000;
202100030335.0;1;95;95268;1;1;1.0;6.0;48,9657690000;2,4145400000;
202100030336.0;1;91;91645;2;9;1.0;3.0;48,7465030000;2,2668670000;
202100030337.0;1;91;91027;2;3;1.0;3.0;48,7058100000;2,3714400000;
202100030338.0;1;89;89354;2;3;1.0;6.0;48,2124900000;3,2607400000;
202100030339.0;1;88;88383;2;1;8.0;3.0;48,0132100000;6,5864700000;
202100030340.0;1;87;87065;1;1;2.0;6.0;45,7946800000;1,2951100000;
202100030341.0;2;87;87085;2;2;1.0;3.0;45,8270500000;1,2835700000;
202100030342.0;1;86;86194;2;2;1.0;5.0;46,5673300000;0,3658100000;
202100030343.0;1;83;83069;1;1;1.0;6.0;43,1756481036;6,1178638239;
202100030344.0;1;83;83034;1;1;1.0;2.0;43,1068643710;6,0511788726;
202100030345.0;1;78;78224;2;9;1.0;1.0;48,8631100000;2,0678700000;
202100030346.0;1;78;78551;1;1;1.0;4.0;48,9015780000;2,0618080000;
202100030347.0;1;78;78220;1;1;1.0;1.0;48,6959000000;1,9369000000;
202100030348.0;1;76;76270;1;1;1.0;6.0;49,5260720000;0,1538180000;
202100030349.0;1;72;72181;2;1;8.0;6.0;48,0022400000;0,1985000000;
202100030350.0;2;69;69266;2;2;2.0;3.0;45,7581800000;4,8932600000;
202100030351.0;3;66;66136;1;1;1.0;6.0;42,6994600000;2,9103100000;
202100030352.0;5;66;66136;1;6;1.0;6.0;42,6783800000;2,8806300000;
202100030353.0;1;65;65440;2;6;8.0;6.0;43,2229640000;0,0795290000;
202100030354.0;1;64;64102;2;6;1.0;7.0;43,4599900000; -1,4960500000;
202100030355.0;1;64;64024;2;3;1.0;3.0;43,5200500000; -1,5021900000;
202100030356.0;1;62;62498;2;1;1.0;3.0;50,4330390000;2,8339310000;
202100030357.0;1;59;59599;2;1;1.0;6.0;50,7398310000;3,1800840000;
202100030358.0;1;59;59599;2;3;1.0;3.0;50,7170850000;3,1617670000;
202100030359.0;1;59;59599;2;2;1.0;3.0;50,7178540803;3,1657421792;
202100030360.0;1;59;59456;2;1;1.0;6.0;50,3772200000;3,2125600000;
202100030361.0;1;58;58194;2;6;8.0;1.0;46,9870700000;3,1615500000;
202100030362.0;1;56;56260;2;1;8.0;6.0;47,6460300000; -2,7576700000;
202100030363.0;1;54;54304;2;1;1.0;3.0;48,6818151640;6,1481257793;
202100030364.0;1;54;54521;2;1;1.0;6.0;49,4670300000;5,9132400000;
202100030365.0;1;51;51454;2;2;1.0;3.0;49,2575200000;4,0281200000;
202100030366.0;5;51;51454;2;3;1.0;3.0;49,2492021830;4,0165945888;
202100030367.0;1;51;51454;2;2;1.0;3.0;49,2613900000;4,0383300000;
202100030368.0;1;44;44109;2;1;1.0;3.0;47,2103400000; -1,5630300000;
202100030369.0;1;37;37208;2;2;1.0;3.0;47,3565443379;0,7155935839;
202100030370.0;1;37;37261;2;1;1.0;6.0;47,3884177345;0,6768014432;
202100030371.0;1;37;37261;2;3;1.0;7.0;47,4186289527;0,6916129589;
202100030372.0;1;37;37122;2;1;2.0;7.0;47,3399066880;0,6666786742;
202100030373.0;1;35;35093;2;3;2.0;6.0;48,6335000000; -2,0562840000;
202100030374.0;1;35;35055;1;3;1.0;3.0;48,0787000000; -1,6317000000;
202100030375.0;1;35;35238;2;9;1.0;3.0;48,0893780000; -1,6435130000;
202100030376.0;1;35;35238;2;7;2.0;3.0;48,1100000000; -1,6600000000;
202100030377.0;5;33;33063;2;3;1.0;3.0;44,8782100000; -0,5684100000;
202100030378.0;1;33;33065;2;4;2.0;1.0;44,8205900000; -0,5120800000;
202100030379.0;5;33;33529;2;6;1.0;6.0;44,6185120000; -1,1254340000;
202100030380.0;1;31;31555;2;9;2.0;5.0;43,6523400000;1,4299400000;
202100030381.0;1;31;31069;1;1;1.0;3.0;43,6392400000;1,3765600000;
202100030382.0;3;30;30189;1;1;1.0;6.0;43,8338038103;4,4184958935;
202100030383.0;1;28;28085;2;9;1.0;2.0;48,4322200000;1,4935000000;
202100030384.0;1;26;26198;2;1;1.0;6.0;44,5474000000;4,7470700000;
202100030385.0;5;25;25388;2;2;1.0;6.0;47,5002720000;6,7917160000;
202100030386.0;1;22;22278;2;6;1.0;3.0;48,5120083122; -2,7574465809;
202100030387.0;1;22;22113;1;1;2.0;7.0;48,7517040000; -3,4354800000;
202100030388.0;1;17;17300;2;1;1.0;2.0;46,1624200000; -1,1524900000;
202100030389.0;1;17;17300;2;1;1.0;2.0;46,1565000000; -1,1269400000;
202100030390.0;1;14;14327;1;1;8.0;2.0;49,1919700000; -0,3350400000;
202100030391.0;1;13;13103;2;1;1.0;1.0;43,6376900000;5,0977100000;
202100030392.0;1;13;13207;2;1;1.0;6.0;43,2772800000;5,3566900000;
202100030393.0;1;13;13214;2;3;1.0;3.0;43,3306700000;5,3716000000;
202100030394.0;1;13;13028;2;1;7.0;3.0;43,1924400000;5,6151100000;
202100030395.0;1;12;12305;1;1;1.0;7.0;44,5487700000;2,2177400000;
202100030396.0;1;11;11069;2;1;1.0;1.0;43,2109800000;2,3265600000;
202100030397.0;1;10;10387;2;2;1.0;3.0;48,2909000000;4,0742000000;
202100030398.0;1;08;08105;2;1;1.0;6.0;49,7605000000;4,7144800000;
202100030399.0;1;06;06088;2;1;7.0;4.0;43,6920390000;7,2493940000;
202100030400.0;1;06;06088;2;1;1.0;4.0;43,6926750000;7,2443530000;
202100030401.0;1;06;06088;2;2;1.0;6.0;43,6996100000;7,2602900000;
202100030402.0;1;06;06069;2;1;1.0;6.0;43,6336110000;6,9576440000;
202100030403.0;1;06;06123;2;1;1.0;3.0;43,6839580000;7,1883480000;
202100030404.0;2;04;04112;2;1;1.0;6.0;43,8454300000;5,8336500000;
202100030405.0;1;75;75108;2;7;1.0;3.0;48,8652820000;2,3029460000;
202100030406.0;1;75;75119;2;3;1.0;2.0;48,8885520000;2,3792260000;
202100030407.0;1;75;75119;2;1;1.0;6.0;48,8916120000;2,3744220000;
202100030408.0;1;75;75119;2;3;1.0;3.0;48,8887970000;2,3859350000;
202100030409.0;1;75;75118;2;3;1.0;3.0;48,8839760000;2,3512510000;
202100030410.0;1;75;75116;2;5;1.0;6.0;48,8580400000;2,2725980000;
202100030411.0;1;75;75115;2;3;1.0;6.0;48,8352940000;2,2809570000;
202100030412.0;1;75;75114;2;2;1.0;3.0;48,8232730000;2,3254480000;
202100030413.0;1;75;75113;2;2;1.0;3.0;48,8349600000;2,3449920000;
202100030414.0;1;75;75105;2;7;1.0;3.0;48,8436520000;2,3648270000;
202100030415.0;1;75;75113;2;4;1.0;7.0;48,8387580000;2,3609230000;
202100030416.0;2;75;75112;2;1;1.0;7.0;48,8441500000;2,3698010000;
202100030417.0;1;75;75112;2;2;1.0;2.0;48,8316580000;2,3978680000;
202100030418.0;1;75;75111;2;7;1.0;6.0;48,8578710000;2,3810900000;
202100030419.0;1;75;75111;2;3;1.0;6.0;48,8579920000;2,3815760000;
202100030420.0;1;75;75107;2;1;1.0;7.0;48,8617980000;2,3218720000;
202100030421.0;1;75;75103;2;3;1.0;3.0;48,8585510000;2,3678130000;
202100030422.0;1;75;75101;2;7;8.0;3.0;48,8624090000;2,3362620000;
202100030423.0;5;75;75108;2;7;1.0;3.0;48,8658730000;2,3199470000;
202100030424.0;1;75;75104;2;3;1.0;6.0;48,8538220000;2,3681780000;
202100030425.0;2;94;94078;2;2;8.0;1.0;48,7312500000;2,4587700000;
202100030426.0;1;94;94068;2;1;2.0;6.0;48,8066180000;2,4744990000;
202100030427.0;5;94;94042;2;2;8.0;3.0;48,8201500000;2,4671900000;
202100030428.0;1;94;94016;2;2;1.0;7.0;48,7956100000;2,3270300000;
202100030429.0;1;94;94041;2;1;1.0;7.0;48,8156600000;2,3935100000;
202100030430.0;1;94;94028;2;3;1.0;3.0;48,8004300000;2,4513000000;
202100030431.0;1;94;94028;2;9;1.0;3.0;48,7934400000;2,4610700000;
202100030432.0;1;94;94017;2;1;1.0;3.0;48,8187390000;2,4897870000;
202100030433.0;1;93;93072;2;1;1.0;3.0;48,9494000000;2,3861800000;
202100030434.0;1;93;93070;2;7;1.0;6.0;48,9124100000;2,3342200000;
202100030435.0;1;93;93066;2;1;1.0;3.0;48,9362310000;2,3633020000;
202100030436.0;5;93;93066;2;1;1.0;2.0;48,9262000000;2,3514300000;
202100030437.0;1;93;93055;2;1;1.0;2.0;48,8930170000;2,4124190000;
202100030438.0;1;93;93008;2;3;1.0;1.0;48,9113750000;2,4414150000;
202100030439.0;1;93;93048;2;1;8.0;6.0;48,8586663492;2,4280707835;
202100030440.0;1;93;93031;2;1;1.0;6.0;48,9584500000;2,3291500000;
202100030441.0;1;93;93057;2;1;1.0;1.0;48,9118220000;2,4945780000;
202100030442.0;1;92;92072;2;1;1.0;6.0;48,8258512789;2,2045721342;
202100030443.0;2;92;92064;2;3;1.0;3.0;48,8430200000;2,2139300000;
202100030444.0;1;92;92051;2;1;1.0;2.0;48,8824900000;2,2668300000;
202100030445.0;1;92;92051;2;1;1.0;3.0;48,8819767379;2,2797462344;
202100030446.0;1;92;92024;2;1;1.0;6.0;48,9016342400;2,3096689582;
202100030447.0;1;92;92012;2;3;1.0;3.0;48,8416520000;2,2358630000;
202100030448.0;1;92;92007;2;3;1.0;3.0;48,7971060000;2,3173470000;
202100030449.0;1;14;14764;1;1;2.0;6.0;48,8703750000; -0,4063440000;
202100030450.0;1;14;14689;1;1;3.0;6.0;48,9881030000; -0,4957150000;
202100030451.0;1;49;49092;2;1;1.0;6.0;47,2212770000; -0,7267390000;
202100030452.0;1;974;97412;1;1;2.0;1.0; -21,3728120000;55,5930390000;
202100030453.0;3;85;85109;1;1;2.0;1.0;46,8905004154; -1,0123354197;
202100030454.0;5;71;71256;2;1;1.0;6.0;46,7409091693;5,0918471695;
202100030455.0;1;71;71420;1;1;2.0;5.0;46,7041150000;4,9920950000;
202100030456.0;1;79;79285;1;2;1.0;3.0;46,5693870000; -0,2982000000;
202100030457.0;1;79;79062;1;2;1.0;5.0;46,8058980000; -0,6806530000;
202100030458.0;1;80;80542;1;6;1.0;1.0;49,7716230000;2,9088880000;
202100030459.0;1;80;80624;1;1;1.0;1.0;50,0058740000;2,3806940000;
202100030460.0;1;32;32083;1;1;1.0;3.0;43,8105460000;0,4272970000;
202100030461.0;1;11;11355;1;3;1.0;3.0;43,0917560000;2,2108990000;
202100030462.0;1;63;63338;2;1;1.0;1.0;46,1622180000;2,8337110000;
202100030463.0;1;47;47095;1;6;1.0;3.0;44,4270060785;0,2827391623;
202100030464.0;1;44;44151;2;3;1.0;3.0;47,3429780000; -2,3255180000;
202100030465.0;1;44;44062;1;1;1.0;1.0;47,5277210000; -1,7466760000;
202100030466.0;1;35;35306;1;9;8.0;1.0;48,5654470000; -1,9181010000;
202100030467.0;1;31;31135;2;2;1.0;4.0;43,2276900000;1,0832050000;
202100030468.0;3;72;72143;1;1;1.0;2.0;47,8700900000;0,4511500000;
202100030469.0;1;72;72166;1;1;1.0;7.0;48,0206930000; -0,0813470000;
202100030470.0;3;50;50093;1;4;1.0;6.0;49,0796990000; -1,3049910000;
202100030471.0;1;60;60466;1;2;1.0;5.0;49,4356500000;2,5275850000;
202100030472.0;1;60;60111;1;2;1.0;2.0;49,6314920000;2,4505840000;
202100030473.0;1;45;45333;2;1;1.0;6.0;47,9496920000;2,0609240000;
202100030474.0;1;43;43184;1;1;1.0;6.0;45,3687450000;4,2701200000;
202100030475.0;1;53;53250;2;1;1.0;6.0;47,9656280000; -1,0460110000;
202100030476.0;1;27;27414;1;2;1.0;3.0;48,9219490000;0,4446240000;
202100030477.0;1;17;17212;1;3;1.0;5.0;45,8350490000; -0,2107360000;
202100030478.0;1;30;30102;1;1;2.0;1.0;43,9329770000;4,2886000000;
202100030479.0;1;48;48128;1;1;1.0;6.0;44,7819873400;3,2957696900;
202100030480.0;1;68;68375;2;3;2.0;3.0;47,7974710000;7,2318200000;
202100030481.0;1;31;31462;1;1;1.0;6.0;43,6555460000;1,5413050000;
202100030482.0;2;95;95151;1;1;1.0;6.0;49,0578530000;2,2695780000;
202100030483.0;1;06;06018;1;6;1.0;7.0;43,6178170000;7,1118100000;
202100030484.0;1;06;06079;1;1;1.0;5.0;43,5345490000;6,8823340000;
202100030485.0;1;17;17271;1;2;1.0;3.0;45,9891950000; -0,4126420000;
202100030486.0;5;974;97418;2;1;1.0;6.0; -20,9097190000;55,5099030000;
202100030487.0;1;34;34183;2;7;1.0;2.0;43,2899200000;3,1283380000;
202100030488.0;1;06;06065;2;1;1.0;1.0;43,7323150000;7,1535150000;
202100030489.0;1;67;67080;1;1;2.0;7.0;48,5477860000;7,5491060000;
202100030490.0;1;73;73290;1;1;1.0;7.0;45,2946340000;6,9264290000;
202100030491.0;1;44;44209;2;6;8.0;6.0;47,3317550000; -1,6178330000;
202100030492.0;2;38;38377;1;1;8.0;6.0;45,5773880000;5,5072190000;
202100030493.0;1;69;69047;1;2;1.0;3.0;45,9057140000;4,6608260000;
202100030494.0;1;65;65310;1;1;1.0;6.0;43,0939240000;0,1858020000;
202100030495.0;1;49;49301;2;6;1.0;3.0;47,1145690000; -0,9931040000;
202100030496.0;1;22;22364;1;3;1.0;3.0;48,4411103666; -2,1019036518;
202100030497.0;1;76;76647;1;1;1.0;3.0;49,5258070000;0,3828800000;
202100030498.0;1;13;13215;1;1;1.0;2.0;43,3548700000;5,3639600000;
202100030499.0;1;13;13005;1;1;1.0;4.0;43,2780000000;5,5860000000;
202100030500.0;1;13;13022;1;1;1.0;1.0;43,2270000000;5,5830000000;
202100030501.0;1;13;13055;1;1;1.0;2.0;43,2974878396;5,4248757362;
202100030502.0;1;13;13055;1;1;1.0;2.0;43,2860667101;5,4294900969;
202100030503.0;1;13;13071;1;1;1.0;3.0;43,4040100000;5,3019100000;
202100030504.0;1;13;13071;1;1;1.0;2.0;43,4105700000;5,3638900000;
202100030505.0;1;13;13210;1;1;1.0;4.0;43,2825843163;5,3934502602;
202100030506.0;1;13;13055;1;1;1.0;3.0;43,3297700000;5,4045600000;
202100030507.0;1;69;69115;1;1;1.0;5.0;45,9633559654;4,7231432467;
202100030508.0;3;69;69294;1;1;1.0;2.0;45,6313600000;4,8186000000;
202100030509.0;1;94;94034;1;1;1.0;3.0;48,7583300000;2,3260200000;
202100030510.0;1;92;92063;1;1;1.0;2.0;48,8901110828;2,1699447278;
202100030511.0;1;93;93064;1;1;1.0;2.0;48,8745900000;2,4791100000;
202100030512.0;1;93;93005;1;1;1.0;2.0;48,9306216899;2,4812834163;
202100030513.0;1;95;95394;1;1;1.0;3.0;49,0514000000;2,1850600000;
202100030514.0;2;95;95218;1;1;1.0;3.0;49,0350000000;2,0985300000;
202100030515.0;1;93;93006;1;1;1.0;3.0;48,8663400000;2,4238400000;
202100030516.0;1;94;94052;1;1;1.0;4.0;48,8402076992;2,4930906024;
202100030517.0;1;77;77018;1;1;1.0;7.0;48,8385600000;2,8169500000;
202100030518.0;1;86;86066;2;1;1.0;6.0;46,8162700000;0,5449400000;
202100030519.0;1;69;69266;2;1;1.0;6.0;45,7605700000;4,9046600000;
202100030520.0;1;59;59350;2;1;1.0;6.0;50,6320500000;3,0071300000;
202100030521.0;1;62;62842;1;1;1.0;6.0;50,4614340000;2,8257560000;
202100030522.0;1;30;30189;2;1;1.0;6.0;43,8446000000;4,3475000000;
202100030523.0;1;988;98818;2;1;1.0;6.0; -22,2714000000;166,4526000000;
202100030524.0;5;974;97416;1;1;1.0;2.0; -21,3445660000;55,4843110000;
202100030525.0;5;973;97302;2;2;1.0;3.0;4,9399475833; -52,3266363056;
202100030526.0;1;69;69387;2;1;1.0;3.0;45,7314209857;4,8422997752;
202100030527.0;3;972;97213;1;1;8.0;2.0;14,6181013193; -61,0340523720;
202100030528.0;1;69;69389;2;1;1.0;6.0;45,7801258088;4,7936465442;
202100030529.0;1;69;69382;2;9;8.0;3.0;45,7514000000;4,8325000000;
202100030530.0;5;69;69382;2;1;1.0;2.0;45,7570200000;4,8271200000;
202100030531.0;1;91;91692;1;3;1.0;3.0;48,6818100000;2,1896700000;
202100030532.0;1;87;87085;1;1;1.0;4.0;45,8908700000;1,2784700000;
202100030533.0;2;85;85194;2;7;1.0;3.0;46,4914000000; -1,7569800000;
202100030534.0;1;82;82121;1;1;1.0;6.0;44,0524815174;1,4101646841;
202100030535.0;2;80;80021;2;1;1.0;7.0;49,8906000000;2,3062500000;
202100030536.0;1;78;78551;1;1;1.0;2.0;48,9834800000;2,0853500000;
202100030537.0;1;76;76575;2;1;2.0;1.0;49,3822000000;1,0735100000;
202100030538.0;1;76;76351;2;1;2.0;1.0;49,5091500000;0,1490500000;
202100030539.0;1;76;76341;1;1;1.0;4.0;49,5090307430;0,1976645784;
202100030540.0;1;73;73065;2;3;1.0;3.0;45,5829100000;5,9243800000;
202100030541.0;1;71;71540;1;1;2.0;7.0;46,7710162908;4,4713549057;
202100030542.0;1;71;71059;2;1;1.0;3.0;46,7780100000;4,4752100000;
202100030543.0;1;67;67482;2;1;1.0;2.0;48,6019480000;7,7225280000;
202100030544.0;1;67;67482;2;3;1.0;3.0;48,5902060000;7,7349270000;
202100030545.0;1;67;67482;2;1;1.0;6.0;48,5733020000;7,7188170000;
202100030546.0;1;64;64445;2;1;7.0;3.0;43,3136700000; -0,3718900000;
202100030547.0;1;64;64445;2;3;7.0;2.0;43,3143300000; -0,3332300000;
202100030548.0;1;64;64102;2;1;1.0;2.0;43,4996200000; -1,4898600000;
202100030549.0;5;64;64102;2;1;1.0;1.0;43,4902800000; -1,4934100000;
202100030550.0;1;63;63113;2;1;1.0;6.0;45,7824400000;3,0957500000;
202100030551.0;5;63;63113;2;2;1.0;3.0;45,7642300000;3,1254900000;
202100030552.0;2;60;60175;2;1;8.0;6.0;49,2523443636;2,4733064620;
202100030553.0;1;59;59153;2;6;1.0;3.0;50,4530531490;3,5889263538;
202100030554.0;1;59;59378;2;1;2.0;6.0;50,6520600000;3,0824400000;
202100030555.0;1;59;59350;2;1;1.0;6.0;50,6116390000;3,0417360000;
202100030556.0;1;59;59122;2;3;1.0;3.0;50,1766510000;3,2344920000;
202100030557.0;1;54;54431;2;1;1.0;6.0;48,9049700000;6,0595900000;
202100030558.0;1;54;54159;1;2;1.0;6.0;48,6025500000;6,3616400000;
202100030559.0;1;54;54342;2;3;1.0;6.0;49,2826400000;5,8966300000;
202100030560.0;5;50;50129;2;3;2.0;6.0;49,6388500000; -1,6177900000;
202100030561.0;1;50;50203;2;1;1.0;4.0;49,6097400000; -1,6001800000;
202100030562.0;1;49;49328;2;6;1.0;3.0;47,2670950000; -0,0696980000;
202100030563.0;1;42;42218;2;1;1.0;6.0;45,4249922662;4,4067192077;
202100030564.0;1;37;37233;2;1;2.0;7.0;47,3811074508;0,7348997891;
202100030565.0;2;37;37122;2;9;1.0;6.0;47,3670829084;0,6536141038;
202100030566.0;1;35;35278;2;6;2.0;6.0;48,1349500000; -1,6934100000;
202100030567.0;1;33;33063;2;1;1.0;3.0;44,8305510000; -0,5970160000;
202100030568.0;2;33;33529;2;1;1.0;3.0;44,6347970000; -1,2024160000;
202100030569.0;1;31;31555;2;6;1.0;3.0;43,5543100000;1,4049400000;