Num_Acc;lum;departement;commune;agglomeration;intersection;meteo;type_collision;lat;long;date
202100030570.0;1;31;31483;2;1;1.0;3.0;43,1149200000;0,7048500000;
202100030571.0;1;30;30189;2;1;1.0;5.0;43,8411000000;4,3189000000;
202100030572.0;1;30;30189;2;2;1.0;6.0;43,8379000000;4,3501000000;
202100030573.0;5;27;27681;2;4;1.0;6.0;49,0852400000;1,4627100000;
202100030574.0;1;27;27229;2;9;2.0;6.0;49,0243600000;1,1500000000;
202100030575.0;1;24;24037;2;1;2.0;6.0;44,8616300000;0,4967100000;
202100030576.0;1;19;19272;2;1;2.0;6.0;45,2652690015;1,7719702719;
202100030577.0;3;19;19031;2;2;1.0;3.0;45,1575500000;1,5403600000;
202100030578.0;5;17;17306;2;1;1.0;6.0;45,6318100000; -1,0318600000;
202100030579.0;1;17;17306;2;2;1.0;6.0;45,6245510000; -1,0296050000;
202100030580.0;1;14;14118;2;1;2.0;6.0;49,1613600000; -0,3619900000;
202100030581.0;1;13;13106;2;1;1.0;1.0;43,3926400000;5,3714200000;
202100030582.0;5;13;13207;2;1;1.0;3.0;43,2810500000;5,3516000000;
202100030583.0;1;13;13212;2;1;1.0;3.0;43,2939620506;5,4112510763;
202100030584.0;1;13;13208;2;1;1.0;3.0;43,2750000000;5,3910000000;
202100030585.0;3;13;13005;2;9;1.0;6.0;43,2870400000;5,5844000000;
202100030586.0;1;10;10362;2;1;1.0;6.0;48,2985900000;4,0446000000;
202100030587.0;1;09;09225;1;1;1.0;6.0;43,1292090000;1,6040190000;
202100030588.0;3;09;09225;1;1;1.0;2.0;43,1009280000;1,6330150000;
202100030589.0;1;09;09013;1;1;1.0;4.0;42,9808490000;1,6232200000;
202100030590.0;1;06;06027;2;1;1.0;3.0;43,6515070000;7,1531510000;
202100030591.0;2;05;05061;2;6;1.0;6.0;44,5431700000;6,0650900000;
202100030592.0;1;05;05061;2;1;1.0;3.0;44,5639800000;6,0887500000;
202100030593.0;1;01;01053;2;2;1.0;3.0;46,2098300000;5,2273400000;
202100030594.0;5;75;75120;2;2;1.0;2.0;48,8728520000;2,3798510000;
202100030595.0;1;75;75118;2;2;1.0;2.0;48,8917160000;2,3487300000;
202100030596.0;5;75;75118;2;2;2.0;6.0;48,8935970000;2,3510170000;
202100030597.0;1;75;75118;2;2;2.0;3.0;48,8985320000;2,3593840000;
202100030598.0;1;75;75116;2;3;1.0;3.0;48,8533500000;2,2264240000;
202100030599.0;1;75;75111;2;1;1.0;3.0;48,8648360000;2,3683120000;
202100030600.0;1;75;75103;2;3;1.0;3.0;48,8649900000;2,3582640000;
202100030601.0;1;75;75104;2;2;1.0;2.0;48,8508250000;2,3614280000;
202100030602.0;1;94;94068;2;1;1.0;6.0;48,7858494742;2,4917292595;
202100030603.0;1;94;94046;2;9;1.0;6.0;48,7949252045;2,4337935448;
202100030604.0;1;94;94073;2;2;1.0;3.0;48,7543000000;2,3751000000;
202100030605.0;5;94;94017;2;1;9.0;2.0;48,8237400000;2,4961300000;
202100030606.0;1;93;93066;1;1;2.0;2.0;48,9358200000;2,3721900000;
202100030607.0;1;93;93064;2;1;1.0;6.0;48,8674400000;2,4846100000;
202100030608.0;5;93;93008;2;6;1.0;6.0;48,9134700000;2,4164600000;
202100030609.0;5;93;93007;2;6;2.0;3.0;48,9501534941;2,4666824456;
202100030610.0;1;92;92063;2;1;1.0;2.0;48,8875657687;2,1849247813;
202100030611.0;1;92;92049;2;1;8.0;6.0;48,8180912327;2,3254618049;
202100030612.0;1;14;14570;1;1;1.0;1.0;49,0934130000;0,3363200000;
202100030613.0;5;14;14384;2;1;1.0;2.0;49,3207690000; -0,3592770000;
202100030614.0;1;13;13212;2;1;1.0;3.0;43,2987000000;5,4310800000;
202100030615.0;1;92;92004;2;1;1.0;6.0;48,9166157918;2,2821334004;
202100030616.0;1;07;07005;1;1;1.0;2.0;44,5577490000;4,6025900000;
202100030617.0;3;972;97204;1;1;1.0;1.0;14,6854810000; -61,1656090000;
202100030618.0;1;46;46263;1;1;1.0;6.0;44,3621510000;1,2281510000;
202100030619.0;1;01;01446;1;2;1.0;5.0;46,0303720000;4,8863200000;
202100030620.0;1;68;68144;2;1;3.0;6.0;47,7603190000;7,5042040000;
202100030621.0;1;62;62491;2;2;1.0;6.0;50,6281380000;2,7715340000;
202100030622.0;5;62;62736;2;1;1.0;3.0;50,6585440000;2,7708630000;
202100030623.0;1;62;62230;1;1;6.0;7.0;50,7420090000;1,8339280000;
202100030624.0;1;51;51454;1;1;1.0;7.0;49,2535490000;4,0845970000;
202100030625.0;1;19;19005;1;1;1.0;3.0;45,2570535736;1,4874190593;
202100030626.0;5;79;79195;2;6;8.0;6.0;46,9465910000; -0,5941230000;
202100030627.0;1;81;81062;1;1;1.0;6.0;43,6808420000;2,4756520000;
202100030628.0;1;89;89254;1;1;2.0;1.0;47,7099930000;3,2007120000;
202100030629.0;1;63;63453;1;8;1.0;7.0;45,7833350000;3,3080760000;
202100030630.0;1;63;63334;1;1;1.0;1.0;45,6667180000;3,4854390000;
202100030631.0;1;61;61096;1;3;1.0;3.0;48,5441460000; -0,4006790000;
202100030632.0;3;61;61070;1;1;1.0;7.0;48,8155260000; -0,6218000000;
202100030633.0;1;49;49374;1;4;1.0;3.0;47,2513810000; -0,0261680000;
202100030634.0;1;12;12025;1;1;1.0;6.0;43,8434340000;2,7334070000;
202100030635.0;1;47;47030;1;1;1.0;6.0;44,2888070000;0,8706240000;
202100030636.0;1;35;35302;1;1;3.0;1.0;48,1882530000; -2,1695850000;
202100030637.0;3;34;34154;1;1;1.0;2.0;43,5545320000;4,0075530000;
202100030638.0;1;31;31174;2;1;1.0;2.0;43,0331920000;0,8212170000;
202100030639.0;1;38;38130;1;1;1.0;1.0;45,3663100000;5,2640360000;
202100030640.0;1;02;02452;1;1;1.0;1.0;49,8863850000;3,1933900000;
202100030641.0;1;01;01368;1;3;2.0;6.0;46,1947120000;4,9540720000;
202100030642.0;1;70;70421;2;1;1.0;7.0;47,6904030000;6,0432420000;
202100030643.0;1;14;14514;2;1;1.0;4.0;49,2972720000;0,1877360000;
202100030644.0;2;64;64066;1;1;2.0;1.0;43,2044130000; -1,2738880000;
202100030645.0;1;10;10104;1;1;1.0;1.0;48,1496530000;4,1278550000;
202100030646.0;1;36;36088;2;7;1.0;6.0;46,9543340000;1,9989430000;
202100030647.0;1;21;21489;1;1;1.0;6.0;47,5962740000;4,7721380000;
202100030648.0;3;978;97801;2;1;1.0;1.0;18,0879890000; -63,0284570000;
202100030649.0;1;13;13051;1;1;1.0;1.0;43,5449030000;5,1368040000;
202100030650.0;1;973;97309;2;1;1.0;6.0;4,9081260000; -52,2727880000;
202100030651.0;3;42;42279;1;1;8.0;4.0;45,5180270000;4,2697070000;
202100030652.0;1;06;06027;1;1;1.0;4.0;43,6603900000;7,1511980000;
202100030653.0;1;976;97606;1;1;1.0;2.0; -12,9351200000;45,1267240000;
202100030654.0;1;57;57596;1;1;1.0;3.0;49,1626380000;6,8590310000;
202100030655.0;3;34;34143;1;1;1.0;2.0;43,4654340000;3,6332990000;
202100030656.0;3;69;69206;1;1;1.0;5.0;46,0427060000;4,7270180000;
202100030657.0;1;13;13001;1;1;1.0;3.0;43,5276730000;5,4002950000;
202100030658.0;1;974;97417;2;1;1.0;3.0; -21,3709720000;55,7125120000;
202100030659.0;1;974;97415;2;1;1.0;6.0; -21,0514170000;55,2257020000;
202100030660.0;1;2B;2B298;2;1;1.0;1.0;42,6775450000;9,3028070000;
202100030661.0;2;2A;2A247;1;1;1.0;7.0;41,5931400000;9,3152260000;
202100030662.0;1;83;83068;1;1;1.0;2.0;43,2703230000;6,5731860000;
202100030663.0;1;71;71283;1;1;2.0;3.0;46,7108430000;4,9315500000;
202100030664.0;2;55;55366;1;1;1.0;3.0;48,8148330000;5,1115610000;
202100030665.0;1;03;03235;1;3;8.0;3.0;46,2723870000;3,5073100000;
202100030666.0;1;73;73047;1;1;8.0;7.0;45,3925740000;7,0453050000;
202100030667.0;1;81;81105;2;1;7.0;6.0;43,7601150000;1,9880000000;
202100030668.0;1;33;33341;1;1;1.0;3.0;45,0724830000; -0,5116140000;
202100030669.0;1;49;49301;1;1;1.0;2.0;47,0910900000; -0,9973530000;
202100030670.0;1;49;49023;1;1;1.0;6.0;47,1787310000; -0,9627790000;
202100030671.0;1;22;22070;2;1;1.0;7.0;48,5638110000; -3,1519980000;
202100030672.0;1;13;13215;1;1;1.0;7.0;43,3752800000;5,3605400000;
202100030673.0;1;69;69029;1;1;1.0;2.0;45,7396200000;4,9048100000;
202100030674.0;1;42;42218;1;1;1.0;2.0;45,4489600000;4,4222400000;
202100030675.0;1;33;33039;1;1;1.0;4.0;44,8056880000; -0,5303340000;
202100030676.0;1;33;33096;1;1;3.0;2.0;44,8908880000; -0,5024310000;
202100030677.0;3;91;91521;1;1;1.0;6.0;48,6322400000;2,4011300000;
202100030678.0;1;91;91432;1;1;2.0;2.0;48,6908200000;2,3224100000;
202100030679.0;1;94;94021;1;1;3.0;6.0;48,7637200000;2,3418500000;
202100030680.0;3;78;78208;1;1;1.0;2.0;48,7995000000;1,9852000000;
202100030681.0;1;93;93066;1;1;1.0;3.0;48,9218358415;2,3654904640;
202100030682.0;1;95;95682;1;1;2.0;2.0;49,0682700000;2,3857300000;
202100030683.0;3;95;95604;1;1;2.0;4.0;49,1017200000;2,5506600000;
202100030684.0;3;95;95604;1;1;2.0;6.0;49,1035470000;2,5510390000;
202100030685.0;3;93;93078;1;1;2.0;6.0;48,9582300000;2,5301300000;
202100030686.0;1;62;62457;2;1;1.0;2.0;50,4607720000;2,5525400000;
202100030687.0;3;91;91547;1;1;9.0;7.0;48,4243020000;1,9633770000;
202100030688.0;1;91;91103;1;1;4.0;7.0;48,5783400000;2,2988600000;
202100030689.0;1;976;97611;2;1;1.0;6.0; -12,8085000000;45,2038900000;
202100030690.0;5;971;97105;2;9;2.0;6.0;16,0002033431; -61,7192709446;
202100030691.0;1;91;91345;2;1;1.0;6.0;48,6982100000;2,2904600000;
202100030692.0;1;83;83090;2;1;1.0;6.0;43,1230900000;5,8283300000;
202100030693.0;1;83;83137;2;1;1.0;6.0;43,1285490000;5,9128090000;
202100030694.0;1;972;97213;1;1;1.0;3.0;14,6485900000; -60,9888100000;
202100030695.0;2;83;83062;1;1;1.0;3.0;43,1499300000;6,0326800000;
202100030696.0;1;83;83137;2;1;1.0;3.0;43,1297700000;5,9205400000;
202100030697.0;1;74;74012;2;1;1.0;3.0;46,1949000000;6,2442000000;
202100030698.0;1;61;61169;1;1;1.0;2.0;48,7280800000; -0,6125100000;
202100030699.0;1;26;26058;2;1;1.0;6.0;44,9480200000;4,8974500000;
202100030700.0;1;81;81306;1;1;1.0;1.0;44,0429870000;2,2460550000;
202100030701.0;1;01;01351;2;1;1.0;3.0;46,1487370000;4,8654410000;
202100030702.0;1;70;70329;1;2;2.0;3.0;47,7361509849;5,7988568544;
202100030703.0;4;01;01043;2;8;1.0;1.0;45,8296156768;4,9875006080;
202100030704.0;5;988;98818;2;3;1.0;2.0; -22,2228500000;166,4812800000;
202100030705.0;5;988;98818;2;1;2.0;1.0; -22,2239700000;166,4810700000;
202100030706.0;1;988;98818;2;2;1.0;3.0; -22,2743500000;166,4428300000;
202100030707.0;1;988;98818;2;1;8.0;5.0; -22,2801400000;166,4656400000;
202100030708.0;5;987;98735;2;1;1.0;6.0; -17,5343500000; -149,5619800000;
202100030709.0;3;976;97611;2;1;1.0;7.0; -12,7758600000;45,2264700000;
202100030710.0;1;976;97611;1;1;1.0;3.0; -12,7759700000;45,2304700000;
202100030711.0;1;976;97610;2;1;1.0;3.0; -12,7550400000;45,2328300000;
202100030712.0;5;976;97611;2;1;1.0;1.0; -12,7714400000;45,2245300000;
202100030713.0;1;974;97416;1;1;1.0;7.0; -21,3187800000;55,5505100000;
202100030714.0;1;974;97416;1;1;1.0;1.0; -21,2797500000;55,4713300000;
202100030715.0;1;974;97416;1;1;1.0;2.0; -21,3010300000;55,4245500000;
202100030716.0;1;974;97416;1;1;9.0;3.0; -21,3346656861;55,4565757513;
202100030717.0;5;974;97411;2;1;1.0;1.0; -20,9026100000;55,5005600000;
202100030718.0;1;974;97411;2;2;1.0;3.0; -20,8884300000;55,4472900000;
202100030719.0;1;974;97411;2;1;1.0;3.0; -20,8756500000;55,4555500000;
202100030720.0;5;974;97411;2;9;1.0;6.0; -20,8907200000;55,4657100000;
202100030721.0;1;974;97411;2;2;1.0;3.0; -20,8867400000;55,4678100000;
202100030722.0;1;974;97411;2;2;1.0;3.0; -20,8837200000;55,4546800000;
202100030723.0;1;974;97411;2;2;1.0;3.0; -20,8884000000;55,4464300000;
202100030724.0;1;974;97407;2;2;1.0;3.0; -20,9491800000;55,2939300000;
202100030725.0;3;974;97407;2;1;1.0;6.0; -20,9332800000;55,2920800000;
202100030726.0;1;974;97407;2;9;1.0;3.0; -20,9552800000;55,3116900000;
202100030727.0;1;974;97407;2;9;1.0;3.0; -20,9456600000;55,2980200000;
202100030728.0;5;973;97302;2;9;1.0;2.0;4,9177428746; -52,3214774335;
202100030729.0;1;973;97302;2;9;1.0;3.0;4,9292014266; -52,3019969781;
202100030730.0;1;973;97302;2;1;1.0;1.0;4,9318126028; -52,3129966712;
202100030731.0;1;973;97302;2;3;1.0;3.0;4,9417800000; -52,3041000000;
202100030732.0;1;973;97302;2;1;1.0;7.0;4,9216700000; -52,3225700000;
202100030733.0;1;973;97302;2;1;1.0;6.0;4,9265827263; -52,3244739384;
202100030734.0;1;973;97302;2;1;1.0;3.0;4,9220946299; -52,3228802277;
202100030735.0;1;69;69386;2;3;3.0;3.0;45,7645700000;4,8468700000;
202100030736.0;5;69;69383;2;2;1.0;3.0;45,7534000000;4,8502700000;
202100030737.0;5;69;69387;2;9;1.0;2.0;45,7482529147;4,8323374987;
202100030738.0;1;69;69386;2;1;1.0;2.0;45,7726462367;4,8440292478;
202100030739.0;1;69;69383;2;1;2.0;3.0;45,7541368684;4,8615681115;
202100030740.0;1;69;69386;2;2;1.0;3.0;45,7636958684;4,8470520973;
202100030741.0;5;69;69259;2;3;1.0;1.0;45,6967400000;4,8768300000;
202100030742.0;1;69;69388;2;1;1.0;1.0;45,7336515041;4,8533941806;
202100030743.0;1;69;69276;2;1;1.0;2.0;45,6711890336;4,8599374294;
202100030744.0;1;69;69199;2;1;1.0;6.0;45,7057793795;4,8541760445;
202100030745.0;1;69;69386;2;1;8.0;6.0;45,7814700000;4,8465000000;
202100030746.0;1;69;69259;2;9;1.0;4.0;45,7130300000;4,8987100000;
202100030747.0;5;69;69259;2;6;1.0;6.0;45,7213100000;4,8740800000;
202100030748.0;5;69;69276;2;1;1.0;4.0;45,6759700000;4,8607600000;
202100030749.0;1;69;69383;2;3;2.0;5.0;45,7541400000;4,8463400000;
202100030750.0;1;69;69387;2;9;2.0;3.0;45,7455700000;4,8320600000;
202100030751.0;1;69;69259;2;1;1.0;2.0;45,7099553047;4,8839163780;
202100030752.0;1;69;69388;2;2;1.0;3.0;45,7318400000;4,8605200000;
202100030753.0;1;972;97213;2;1;1.0;2.0;14,5959300000; -60,9872200000;
202100030754.0;1;972;97213;2;1;1.0;2.0;14,6185788695; -61,0239672661;
202100030755.0;5;972;97213;1;1;1.0;6.0;14,5966700000; -60,9964100000;
202100030756.0;5;972;97209;2;1;2.0;6.0;14,6159488707; -61,0448026657;
202100030757.0;1;972;97209;2;1;1.0;6.0;14,5971736375; -61,0564595744;
202100030758.0;1;972;97209;1;1;2.0;6.0;14,6144400000; -61,0530100000;
202100030759.0;1;69;69034;2;1;1.0;2.0;45,7887497487;4,8447688169;
202100030760.0;1;69;69385;2;3;1.0;6.0;45,7582800000;4,7950500000;
202100030761.0;1;69;69384;2;1;8.0;7.0;45,7719500000;4,8161200000;
202100030762.0;5;69;69034;2;4;1.0;2.0;45,7857700000;4,8488800000;
202100030763.0;1;69;69389;2;3;1.0;3.0;45,7664234172;4,8182343446;
202100030764.0;1;69;69286;2;1;1.0;6.0;45,8011700000;4,8822500000;
202100030765.0;1;69;69385;2;7;1.0;6.0;45,7583900000;4,8131200000;
202100030766.0;1;69;69389;2;1;1.0;3.0;45,7735700000;4,7942300000;
202100030767.0;1;69;69389;2;3;1.0;5.0;45,7866790414;4,7929787636;
202100030768.0;1;69;69389;2;1;1.0;6.0;45,7787700000;4,8026200000;
202100030769.0;5;69;69381;2;1;1.0;6.0;45,7742600000;4,8305800000;
202100030770.0;5;2B;2B033;2;1;1.0;6.0;42,6992800000;9,4512500000;
202100030771.0;1;2B;2B037;2;3;1.0;2.0;42,6065500000;9,4335000000;
202100030772.0;1;2B;2B033;1;3;1.0;3.0;42,6827500000;9,4218700000;
202100030773.0;1;971;97113;2;2;1.0;3.0;16,2184400000; -61,5160800000;
202100030774.0;1;971;97101;2;1;1.0;3.0;16,2560300000; -61,5140100000;
202100030775.0;1;971;97101;2;1;1.0;6.0;16,2541200000; -61,5232400000;
202100030776.0;1;971;97113;1;1;1.0;6.0;16,2168000000; -61,4818300000;
202100030777.0;5;971;97113;2;1;1.0;6.0;16,2191500000; -61,5022600000;
202100030778.0;1;971;97107;2;4;1.0;3.0;16,0438337605; -61,5678548813;
202100030779.0;1;95;95268;2;2;1.0;3.0;48,9762200000;2,3945300000;
202100030780.0;2;95;95268;2;1;8.0;6.0;48,9633613715;2,4042302370;
202100030781.0;1;95;95598;2;1;1.0;3.0;48,9929900000;2,2943200000;
202100030782.0;1;95;95210;2;1;1.0;6.0;48,9626910000;2,3112360000;
202100030783.0;1;95;95210;2;1;1.0;1.0;48,9747500000;2,3045700000;
202100030784.0;1;91;91685;2;2;1.0;4.0;48,6597330000;2,3061260000;
202100030785.0;5;91;91216;2;1;1.0;6.0;48,6705130000;2,3322830000;
202100030786.0;1;91;91549;2;1;2.0;6.0;48,6256200000;2,3413000000;
202100030787.0;1;91;91103;2;1;7.0;6.0;48,6094040000;2,3050040000;
202100030788.0;1;91;91103;1;9;1.0;3.0;48,5857400000;2,3048900000;
202100030789.0;1;91;91377;2;3;1.0;3.0;48,7363640000;2,2922520000;
202100030790.0;1;64;64445;2;1;1.0;6.0;43,2960300000; -0,3822800000;
202100030791.0;2;44;44109;2;1;3.0;6.0;47,2295600000; -1,5247300000;
202100030792.0;1;91;91691;2;9;1.0;3.0;48,7074000000;2,4957800000;
202100030793.0;2;91;91657;2;2;2.0;3.0;48,7019300000;2,4260300000;
202100030794.0;1;91;91097;2;3;1.0;3.0;48,6862400000;2,5363500000;
202100030795.0;1;91;91434;2;1;1.0;3.0;48,6539690000;2,3539290000;
202100030796.0;1;91;91687;2;2;1.0;2.0;48,6600000000;2,3700000000;
202100030797.0;1;91;91027;1;9;8.0;6.0;48,7135100000;2,3732800000;
202100030798.0;1;91;91326;2;2;1.0;3.0;48,6928700000;2,3708300000;
202100030799.0;1;91;91223;2;1;1.0;1.0;48,4373300000;2,1631700000;
202100030800.0;1;87;87085;2;1;1.0;6.0;45,8179800000;1,2553400000;
202100030801.0;1;87;87085;2;2;1.0;6.0;45,8322400000;1,2646300000;
202100030802.0;1;87;87085;2;1;1.0;7.0;45,8189000000;1,2659300000;
202100030803.0;1;87;87085;1;1;2.0;6.0;45,8348500000;1,2182900000;
202100030804.0;3;87;87114;1;1;2.0;4.0;45,8312100000;1,2827000000;
202100030805.0;1;87;87085;2;2;3.0;3.0;45,8247100000;1,2345800000;
202100030806.0;1;87;87085;2;1;1.0;3.0;45,8304700000;1,2632500000;
202100030807.0;1;87;87065;1;1;1.0;2.0;45,7959500000;1,2983800000;
202100030808.0;1;87;87085;2;1;1.0;6.0;45,8126600000;1,2842900000;
202100030809.0;5;86;86194;2;1;1.0;6.0;46,5891200000;0,3605240000;
202100030810.0;1;85;85194;1;2;1.0;3.0;46,5140600000; -1,7531300000;
202100030811.0;2;84;84087;2;3;1.0;1.0;44,1683300000;4,8419300000;
202100030812.0;1;84;84087;2;3;1.0;3.0;44,1418800000;4,8131400000;
202100030813.0;1;83;83062;1;6;1.0;2.0;43,1373600000;6,0259900000;
202100030814.0;1;83;83137;2;1;1.0;3.0;43,1490800000;5,9740600000;
202100030815.0;1;83;83129;2;1;1.0;6.0;43,1031690000;5,8274980000;
202100030816.0;1;83;83123;2;1;7.0;6.0;43,1218200000;5,7960500000;
202100030817.0;1;83;83129;2;3;1.0;4.0;43,1018328230;5,8221101761;
202100030818.0;1;72;72181;2;1;1.0;6.0;48,0034525443;0,1913309095;
202100030819.0;1;83;83069;2;1;1.0;6.0;43,1139230000;6,1334830000;
202100030820.0;1;83;83069;1;1;1.0;3.0;43,0845000000;6,1114000000;
202100030821.0;1;83;83069;2;1;7.0;4.0;43,1156900000;6,1394500000;
202100030822.0;1;83;83069;2;1;1.0;6.0;43,0807400000;6,1555700000;
202100030823.0;1;82;82121;2;2;1.0;3.0;44,0170871467;1,3479568809;
202100030824.0;5;78;78498;2;2;1.0;6.0;48,9340730000;2,0407670000;
202100030825.0;1;76;76575;2;1;1.0;6.0;49,3986200000;1,0657100000;
202100030826.0;1;76;76575;2;1;1.0;7.0;49,3931100000;1,0704400000;
202100030827.0;1;76;76259;2;7;1.0;1.0;49,7552800000;0,3800000000;
202100030828.0;1;74;74010;2;3;1.0;1.0;45,8967700000;6,1121100000;
202100030829.0;1;69;69266;2;2;2.0;3.0;45,7511245415;4,9078671634;
202100030830.0;1;69;69271;2;1;1.0;4.0;45,7403913897;4,9511647224;
202100030831.0;2;64;64445;2;1;1.0;4.0;43,2966000000; -0,3860100000;
202100030832.0;1;76;76351;2;3;1.0;6.0;49,4980100000;0,0959600000;
202100030833.0;5;62;62193;2;1;1.0;6.0;50,9474390000;1,8434250000;
202100030834.0;5;61;61169;2;1;1.0;6.0;48,7463300000; -0,5534300000;
202100030835.0;3;61;61006;2;6;1.0;6.0;48,7338230000; -0,0342010000;
202100030836.0;1;60;60325;1;3;1.0;2.0;49,4045721824;2,7785241231;
202100030837.0;5;59;59512;2;1;1.0;3.0;50,6924500000;3,1833900000;
202100030838.0;1;51;51454;2;4;2.0;1.0;49,2650400000;4,0225600000;
202100030839.0;5;51;51108;2;7;8.0;4.0;48,9516400000;4,3687000000;
202100030840.0;5;49;49099;2;2;1.0;6.0;47,0646000000; -0,8673300000;
202100030841.0;1;45;45147;2;2;1.0;3.0;47,9392410000;1,9210870000;
202100030842.0;5;42;42127;2;3;1.0;6.0;46,0663150000;4,0544890000;
202100030843.0;1;37;37261;2;2;1.0;6.0;47,3925289266;0,7012681256;
202100030844.0;1;35;35238;2;2;1.0;3.0;48,0945900000; -1,6901500000;
202100030845.0;3;31;31555;2;1;3.0;3.0;43,6479500000;1,4220300000;
202100030846.0;1;30;30028;2;1;1.0;6.0;44,1576400000;4,6132600000;
202100030847.0;3;27;27701;1;1;2.0;6.0;49,2452050000;1,2039910000;
202100030848.0;5;25;25056;2;2;1.0;3.0;47,2424800000;6,0296100000;
202100030849.0;1;13;13215;2;1;1.0;3.0;43,3333152000;5,3585199000;
202100030850.0;1;09;09225;2;2;2.0;3.0;43,1108800000;1,6187900000;
202100030851.0;5;09;09225;2;1;1.0;3.0;43,1274700000;1,6513700000;
202100030852.0;1;06;06069;2;3;1.0;3.0;43,6409520000;6,9104130000;
202100030853.0;1;75;75113;2;1;1.0;4.0;48,8163170000;2,3572040000;
202100030854.0;1;75;75116;2;1;1.0;3.0;48,8734930000;2,2671180000;
202100030855.0;1;75;75118;2;2;1.0;3.0;48,8976260000;2,3290160000;
202100030856.0;1;75;75116;2;1;2.0;3.0;48,8631820000;2,2479330000;
202100030857.0;1;75;75114;2;1;2.0;6.0;48,8308240000;2,3183180000;
202100030858.0;1;75;75113;2;3;1.0;6.0;48,8343730000;2,3535500000;
202100030859.0;5;75;75112;2;1;1.0;2.0;48,8397200000;2,4021200000;
202100030860.0;1;75;75108;2;2;2.0;6.0;48,8791450000;2,3031100000;
202100030861.0;1;75;75108;2;7;2.0;3.0;48,8658570000;2,3198910000;
202100030862.0;1;75;75108;2;7;7.0;4.0;48,8731380000;2,2970960000;
202100030863.0;1;75;75107;2;2;2.0;3.0;48,8549960000;2,3245700000;
202100030864.0;1;75;75104;2;4;2.0;6.0;48,8510924362;2,3611365259;
202100030865.0;5;94;94076;2;2;1.0;3.0;48,8056900000;2,3636900000;
202100030866.0;1;93;93055;2;3;8.0;3.0;48,8931520000;2,4241460000;
202100030867.0;1;93;93051;2;1;1.0;6.0;48,8484100000;2,5526000000;
202100030868.0;1;93;93048;2;3;1.0;1.0;48,8760000000;2,4574900000;
202100030869.0;1;93;93008;2;9;1.0;2.0;48,9083648269;2,4202430248;
202100030870.0;5;92;92035;2;1;1.0;6.0;48,9116180406;2,2568307817;
202100030871.0;1;92;92026;2;1;1.0;3.0;48,9018416974;2,2645220160;
202100030872.0;2;92;92036;2;3;1.0;3.0;48,9200993574;2,3150561750;
202100030873.0;1;92;92009;2;1;1.0;3.0;48,9069410703;2,2626444697;
202100030874.0;1;40;40304;2;2;1.0;3.0;43,6562530000; -1,4332280000;
202100030875.0;1;49;49220;2;1;2.0;1.0;47,7336700000; -0,4169490000;
202100030876.0;1;83;83086;1;1;1.0;1.0;43,5051100000;6,5920110000;
202100030877.0;1;01;01173;1;1;8.0;6.0;46,3493100000;6,0512890000;
202100030878.0;1;67;67425;1;3;1.0;3.0;48,7670814635;7,3793651876;
202100030879.0;1;22;22070;1;1;1.0;7.0;48,5494980000; -3,1470890000;
202100030880.0;1;974;97410;2;1;1.0;7.0; -21,0406270000;55,7126360000;
202100030881.0;1;60;60176;2;1;3.0;7.0;49,2360950000;2,8873390000;
202100030882.0;1;21;21018;1;1;7.0;1.0;47,2821700000;4,8354970000;
202100030883.0;1;83;83087;1;1;1.0;2.0;43,4057650000;5,8189990000;
202100030884.0;1;19;19274;1;3;2.0;3.0;45,1924165796;1,4868854932;
202100030885.0;1;74;74208;2;3;1.0;7.0;45,9132090000;6,7134970000;
202100030886.0;3;80;80649;1;1;1.0;7.0;50,3312310000;1,5954320000;
202100030887.0;1;80;80655;1;1;1.0;5.0;49,9598480000;1,9878210000;
202100030888.0;1;65;65408;2;1;1.0;6.0;42,9685350000;0,3760300000;
202100030889.0;1;71;71263;2;1;1.0;3.0;46,6336479855;5,2169185279;
202100030890.0;1;71;71395;2;1;7.0;1.0;46,5283140000;4,2585540000;
202100030891.0;1;12;12288;1;1;1.0;1.0;44,4300950000;2,4460140000;
202100030892.0;5;46;46038;1;1;1.0;6.0;44,9217650000;1,8299000000;
202100030893.0;1;34;34194;1;1;1.0;1.0;43,5377580000;3,4443910000;
202100030894.0;5;68;68099;2;9;8.0;3.0;47,6861600000;7,2659810000;
202100030895.0;1;22;22055;2;2;1.0;3.0;48,6216190000; -2,8309750000;
202100030896.0;3;39;39339;1;1;1.0;6.0;46,3554990000;5,7710300000;