Num_Acc;lum;departement;commune;agglomeration;intersection;meteo;type_collision;lat;long;date
202100032542.0;1;92;92036;2;3;1.0;3.0;48,9204847350;2,2884391825;
202100032543.0;1;80;80129;2;1;1.0;1.0;50,0230820000;2,6120420000;
202100032544.0;1;14;14505;1;2;1.0;3.0;48,9675780000; -0,4104790000;
202100032545.0;1;24;24329;2;1;1.0;7.0;45,0471270000;0,1007760000;
202100032546.0;1;26;26301;1;3;2.0;3.0;45,1196520000;4,9972720000;
202100032547.0;2;10;10081;1;1;1.0;2.0;48,3297280000;4,0448250000;
202100032548.0;3;26;26337;1;1;1.0;2.0;44,7162980000;4,7851580000;
202100032549.0;3;63;63427;1;1;1.0;7.0;45,9612790000;3,0785110000;
202100032550.0;1;83;83036;1;9;1.0;6.0;43,1850820000;6,5451530000;
202100032551.0;1;35;35012;1;1;1.0;6.0;47,8189030000; -1,6891540000;
202100032552.0;1;42;42036;1;1;1.0;2.0;45,5307300000;4,5584250000;
202100032553.0;1;63;63055;1;1;1.0;6.0;45,8332250000;2,8157620000;
202100032554.0;3;30;30191;1;6;1.0;6.0;44,1331270000;4,6730520000;
202100032555.0;1;30;30092;1;1;8.0;6.0;44,0960810000;4,5990930000;
202100032556.0;5;51;51662;2;1;1.0;7.0;49,2881190000;4,1107620000;
202100032557.0;1;19;19123;1;9;1.0;3.0;45,1832070000;1,5798880000;
202100032558.0;1;79;79127;1;2;1.0;3.0;46,1980090000; -0,4922870000;
202100032559.0;1;2B;2B165;1;1;1.0;7.0;42,5046930000;8,8137390000;
202100032560.0;5;80;80561;2;1;1.0;6.0;49,6442560000;2,5628720000;
202100032561.0;1;69;69248;1;1;2.0;1.0;46,0253360000;4,2866640000;
202100032562.0;1;63;63295;2;1;1.0;3.0;46,0139300000;3,3535230000;
202100032563.0;1;49;49217;1;1;1.0;6.0;47,6488100000; -0,7094760000;
202100032564.0;1;39;39397;1;1;1.0;1.0;46,5026450000;5,6555720000;
202100032565.0;1;29;29015;1;2;2.0;3.0;48,4947690000; -4,4670280000;
202100032566.0;1;01;01266;1;1;1.0;1.0;46,3322180000;5,1067370000;
202100032567.0;1;01;01457;2;2;1.0;3.0;46,2293200000;4,9928410000;
202100032568.0;1;58;58134;2;1;1.0;6.0;46,9275130000;3,2625320000;
202100032569.0;1;54;54306;1;1;1.0;1.0;48,6831550690;5,7772421838;
202100032570.0;1;06;06079;2;6;1.0;3.0;43,5345250000;6,9455240000;
202100032571.0;1;50;50388;1;1;1.0;2.0;49,0160260000; -1,5083910000;
202100032572.0;1;60;60421;1;1;1.0;1.0;49,1846770000;2,6410960000;
202100032573.0;2;60;60248;2;1;1.0;2.0;49,7356480000;1,8237890000;
202100032574.0;1;60;60076;1;1;1.0;7.0;49,6779416844;1,7940268920;
202100032575.0;5;64;64256;2;4;1.0;7.0;43,3894640000; -1,3027380000;
202100032576.0;3;18;18004;1;1;1.0;6.0;47,2240280000;2,2678770000;
202100032577.0;3;07;07122;1;1;1.0;6.0;44,5625080000;4,3404850000;
202100032578.0;1;07;07198;1;1;1.0;7.0;44,7812080499;4,7656363249;
202100032579.0;1;24;24025;1;1;1.0;7.0;45,1076620000;1,0566940000;
202100032580.0;1;24;24019;1;1;7.0;6.0;45,1507870000;1,1050560000;
202100032581.0;1;17;17434;1;2;8.0;3.0;46,1225710000; -0,7146260000;
202100032582.0;3;17;17337;2;1;1.0;3.0;45,9724660000; -1,3755450000;
202100032583.0;1;30;30062;1;3;1.0;6.0;43,7799360000;4,1958000000;
202100032584.0;1;30;30341;2;1;1.0;3.0;43,7093930000;4,2835950000;
202100032585.0;1;30;30263;2;9;1.0;3.0;43,9606190000;3,8582070000;
202100032586.0;1;52;52110;1;1;1.0;2.0;48,3875680000;4,9852400000;
202100032587.0;1;08;08281;2;1;1.0;6.0;49,6675200000;5,1924110000;
202100032588.0;1;08;08067;2;9;2.0;6.0;49,6223050000;5,1852040000;
202100032589.0;1;08;08067;2;1;1.0;2.0;49,6215000000;5,1869730000;
202100032590.0;1;88;88496;1;2;1.0;3.0;48,2245300000;5,8174060000;
202100032591.0;1;67;67388;2;1;1.0;6.0;48,9301850000;7,6640850000;
202100032592.0;1;06;06085;2;1;1.0;3.0;43,6020010000;6,9863180000;
202100032593.0;1;39;39387;1;1;1.0;7.0;46,9830700000;5,5056530000;
202100032594.0;1;85;85047;2;1;1.0;6.0;46,8527520000; -1,8768490000;
202100032595.0;3;67;67033;1;9;1.0;6.0;48,7484360000;7,6840410000;
202100032596.0;1;06;06088;1;1;1.0;5.0;43,7346780000;7,2531220000;
202100032597.0;1;30;30344;1;1;1.0;2.0;43,7486530000;4,2073770000;
202100032598.0;1;30;30123;1;1;1.0;4.0;43,7247310000;4,1695480000;
202100032599.0;3;987;98722;1;1;2.0;3.0; -17,5653610000; -149,3274590000;
202100032600.0;1;971;97134;2;1;1.0;1.0;16,0651390000; -61,7610990000;
202100032601.0;1;77;77193;1;2;1.0;3.0;49,0548820000;2,8478410000;
202100032602.0;1;77;77168;2;1;1.0;7.0;48,1797590000;2,8730330000;
202100032603.0;2;30;30139;1;1;1.0;7.0;44,1319330000;3,4014490000;
202100032604.0;3;67;67350;1;6;1.0;6.0;48,5917670000;7,6458840000;
202100032605.0;1;73;73114;1;1;1.0;6.0;45,8393090000;6,5082510000;
202100032606.0;5;07;07127;2;1;1.0;6.0;44,6448840000;4,3254210000;
202100032607.0;1;69;69069;2;3;1.0;1.0;45,7473120000;4,7136070000;
202100032608.0;1;19;19101;1;1;1.0;6.0;45,2493130000;1,7842050000;
202100032609.0;1;33;33056;2;1;1.0;7.0;44,9126480000; -0,6412200000;
202100032610.0;1;72;72025;1;1;1.0;3.0;47,6450180000; -0,1205480000;
202100032611.0;1;14;14258;2;1;1.0;2.0;48,9063040000; -0,2083070000;
202100032612.0;2;27;27188;1;1;1.0;1.0;49,3043560000;1,1107720000;
202100032613.0;1;13;13070;1;1;1.0;2.0;43,2853000000;5,5152000000;
202100032614.0;1;13;13055;1;1;1.0;2.0;43,3300200000;5,4020600000;
202100032615.0;2;13;13071;1;1;1.0;1.0;43,4181800000;5,2734300000;
202100032616.0;1;91;91689;1;1;1.0;2.0;48,7296500000;2,3147800000;
202100032617.0;1;91;91339;1;9;1.0;6.0;48,6267600000;2,2618700000;
202100032618.0;1;92;92036;1;1;1.0;5.0;48,9360068665;2,2884313862;
202100032619.0;1;95;95018;1;1;1.0;3.0;48,9579200000;2,2751300000;
202100032620.0;1;93;93063;1;1;1.0;4.0;48,8784431814;2,4471399250;
202100032621.0;3;93;93010;1;1;1.0;6.0;48,9089551424;2,4737470043;
202100032622.0;3;93;93010;1;1;1.0;2.0;48,9087400000;2,4737700000;
202100032623.0;3;93;93007;1;1;1.0;4.0;48,9554100000;2,4585600000;
202100032624.0;1;93;93053;1;1;1.0;3.0;48,8975200000;2,4697700000;
202100032625.0;1;95;95572;1;1;1.0;6.0;49,0354400000;2,1163400000;
202100032626.0;1;93;93064;1;1;1.0;2.0;48,8830400000;2,4706000000;
202100032627.0;1;94;94081;1;1;1.0;4.0;48,7752800000;2,4118100000;
202100032628.0;5;94;94073;1;1;1.0;7.0;48,7708355223;2,3878942557;
202100032629.0;1;29;29166;1;1;1.0;1.0;48,1600850000; -4,2499070000;
202100032630.0;1;976;97611;2;9;1.0;6.0; -12,7844300000;45,2238600000;
202100032631.0;1;89;89024;2;1;1.0;6.0;47,7984400000;3,5744200000;
202100032632.0;1;33;33009;2;3;8.0;6.0;44,6624800000; -1,1697500000;
202100032633.0;1;29;29019;2;3;1.0;6.0;48,4108100000; -4,4598000000;
202100032634.0;1;974;97411;2;1;2.0;6.0; -20,9000300000;55,5067800000;
202100032635.0;1;974;97411;1;1;1.0;2.0; -20,8760100000;55,4330200000;
202100032636.0;1;974;97409;1;9;2.0;1.0; -20,9785320000;55,6360390000;
202100032637.0;1;69;69387;2;2;1.0;2.0;45,7473141509;4,8431666493;
202100032638.0;1;69;69387;2;2;1.0;6.0;45,7478400000;4,8514300000;
202100032639.0;3;972;97213;1;1;1.0;6.0;14,6194820589; -61,0219448805;
202100032640.0;5;69;69142;2;4;8.0;7.0;45,7289700000;4,8155600000;
202100032641.0;1;69;69382;2;7;1.0;6.0;45,7582000000;4,8332000000;
202100032642.0;5;95;95018;2;1;1.0;3.0;48,9533110000;2,2700690000;
202100032643.0;1;91;91174;2;1;1.0;6.0;48,6130800000;2,4834300000;
202100032644.0;1;91;91223;1;1;1.0;7.0;48,4480700000;2,1389600000;
202100032645.0;1;84;84080;1;1;1.0;3.0;44,0231500000;5,0205400000;
202100032646.0;5;83;83137;1;1;1.0;3.0;43,1329700000;5,9817200000;
202100032647.0;1;83;83069;1;1;1.0;7.0;43,1517500000;6,1433700000;
202100032648.0;1;80;80021;2;1;1.0;2.0;49,8831100000;2,3042700000;
202100032649.0;1;80;80021;2;1;1.0;3.0;49,8985500000;2,3121200000;
202100032650.0;1;80;80021;2;1;1.0;6.0;49,8827700000;2,3264900000;
202100032651.0;1;80;80489;1;6;1.0;2.0;49,8715929833;2,3671245575;
202100032652.0;1;80;80021;2;1;1.0;6.0;49,8944000000;2,3094100000;
202100032653.0;2;76;76540;2;1;1.0;2.0;49,4408300000;1,0816600000;
202100032654.0;1;72;72181;2;1;1.0;2.0;47,9807000000;0,2170000000;
202100032655.0;1;72;72181;2;1;1.0;6.0;48,0162800000;0,2150300000;
202100032656.0;1;71;71076;1;2;1.0;3.0;46,7749100000;4,8368300000;
202100032657.0;1;69;69256;2;3;1.0;3.0;45,7790600000;4,9221400000;
202100032658.0;1;69;69264;2;9;1.0;6.0;45,9940000000;4,7212200000;
202100032659.0;5;67;67482;2;8;1.0;3.0;48,5682290000;7,7680590000;
202100032660.0;1;64;64024;2;6;3.0;7.0;43,4941400000; -1,5181600000;
202100032661.0;1;64;64102;2;2;3.0;3.0;43,4926500000; -1,4786100000;
202100032662.0;1;63;63113;2;1;1.0;6.0;45,7814900000;3,1026400000;
202100032663.0;1;63;63113;2;3;2.0;3.0;45,7914000000;3,0766800000;
202100032664.0;1;56;56083;2;4;1.0;3.0;47,8052900000; -3,2869900000;
202100032665.0;1;55;55545;2;3;1.0;3.0;49,1491450000;5,3930310000;
202100032666.0;1;55;55545;2;3;1.0;7.0;49,1586532127;5,3842178988;
202100032667.0;1;50;50129;2;4;2.0;6.0;49,6452400000; -1,6380200000;
202100032668.0;1;49;49007;2;1;1.0;7.0;47,4498400000; -0,5582600000;
202100032669.0;1;35;35238;2;3;1.0;6.0;48,1247500000; -1,7031800000;
202100032670.0;1;35;35238;2;3;1.0;3.0;48,1146600000; -1,7009500000;
202100032671.0;1;34;34172;2;1;1.0;3.0;43,5894500000;3,8886500000;
202100032672.0;1;33;33318;2;1;1.0;6.0;44,7987000000; -0,6442000000;
202100032673.0;1;29;29232;1;1;2.0;6.0;47,9842900000; -4,0741200000;
202100032674.0;1;29;29232;2;1;1.0;3.0;47,9341525524; -4,0692114828;
202100032675.0;1;28;28085;2;1;1.0;1.0;48,4377700000;1,4935100000;
202100032676.0;1;26;26362;2;1;1.0;3.0;44,9300300000;4,9083500000;
202100032677.0;1;26;26198;2;1;1.0;3.0;44,5570700000;4,7292200000;
202100032678.0;1;25;25056;2;2;3.0;6.0;47,2626200000;6,0404800000;
202100032679.0;1;18;18279;2;1;1.0;1.0;47,2100000000;2,1100000000;
202100032680.0;1;13;13209;2;9;1.0;3.0;43,2353800000;5,3991700000;
202100032681.0;1;13;13209;2;1;1.0;3.0;43,2694300000;5,4024300000;
202100032682.0;1;13;13075;2;1;1.0;3.0;43,3420000000;5,4600000000;
202100032683.0;2;13;13002;2;7;1.0;6.0;43,3651196811;5,5002645097;
202100032684.0;1;13;13212;2;1;1.0;3.0;43,3142150981;5,4323767406;
202100032685.0;5;13;13210;2;1;1.0;3.0;43,2798700000;5,4098700000;
202100032686.0;5;13;13208;2;1;1.0;1.0;43,2765300000;5,3976700000;
202100032687.0;1;13;13210;2;1;1.0;3.0;43,2763695361;5,4181147376;
202100032688.0;1;06;06069;2;1;1.0;2.0;43,6502600000;6,9224100000;
202100032689.0;1;05;05061;2;1;1.0;7.0;44,5461900000;6,0615800000;
202100032690.0;1;01;01053;2;2;1.0;6.0;46,2087968529;5,2275583148;
202100032691.0;1;75;75116;2;1;1.0;3.0;48,8635000000;2,2659220000;
202100032692.0;1;75;75118;2;1;8.0;3.0;48,9008470000;2,3344370000;
202100032693.0;1;75;75113;2;1;8.0;3.0;48,8253570000;2,3853880000;
202100032694.0;1;75;75119;2;4;1.0;4.0;48,8807490000;2,4051640000;
202100032695.0;5;75;75120;2;1;8.0;2.0;48,8660240000;2,4121840000;
202100032696.0;2;75;75120;2;1;1.0;6.0;48,8660580000;2,3947180000;
202100032697.0;1;75;75120;2;3;1.0;3.0;48,8588290000;2,4115270000;
202100032698.0;1;75;75118;2;3;8.0;2.0;48,8828620000;2,3361830000;
202100032699.0;1;75;75116;2;3;1.0;2.0;48,8567890000;2,2824720000;
202100032700.0;1;75;75115;2;2;1.0;3.0;48,8371800000;2,3001390000;
202100032701.0;1;75;75115;2;2;1.0;3.0;48,8327120000;2,2883910000;
202100032702.0;5;75;75113;2;2;1.0;3.0;48,8191610000;2,3594330000;
202100032703.0;1;75;75113;2;1;1.0;2.0;48,8221810000;2,3486920000;
202100032704.0;2;75;75112;2;2;1.0;3.0;48,8473400000;2,3867920000;
202100032705.0;1;75;75110;2;1;1.0;7.0;48,8707960000;2,3589890000;
202100032706.0;1;75;75110;2;3;2.0;3.0;48,8803960000;2,3643050000;
202100032707.0;1;75;75101;2;3;8.0;6.0;48,8594760000;2,3451830000;
202100032708.0;1;94;94067;2;1;1.0;3.0;48,8416914707;2,4260687828;
202100032709.0;1;94;94078;2;1;1.0;1.0;48,7356600000;2,4468300000;
202100032710.0;1;94;94076;2;9;8.0;3.0;48,7843530000;2,3669690000;
202100032711.0;1;94;94034;2;1;1.0;6.0;48,7640010000;2,3277940000;
202100032712.0;1;94;94033;2;1;1.0;6.0;48,8562000000;2,4860000000;
202100032713.0;1;94;94028;2;1;3.0;2.0;48,7808030000;2,4448430000;
202100032714.0;1;94;94079;2;1;1.0;2.0;48,8316400000;2,5339500000;
202100032715.0;1;94;94018;2;1;1.0;3.0;48,8166600000;2,4166700000;
202100032716.0;1;93;93064;2;1;8.0;6.0;48,8809800000;2,4947600000;
202100032717.0;1;93;93062;2;3;1.0;3.0;48,8976500000;2,5159700000;
202100032718.0;1;93;93027;2;2;1.0;3.0;48,9209878155;2,3831098527;
202100032719.0;1;93;93005;2;2;8.0;3.0;48,9254400000;2,4933100000;
202100032720.0;5;93;93027;2;9;1.0;1.0;48,9320660000;2,3994150000;
202100032721.0;5;92;92075;2;1;1.0;6.0;48,8173957025;2,2769010812;
202100032722.0;1;92;92050;2;2;1.0;3.0;48,9051551468;2,2094616294;
202100032723.0;2;92;92050;2;2;8.0;2.0;48,9035933811;2,2052331269;
202100032724.0;1;92;92044;2;9;1.0;6.0;48,8930492497;2,2943047943;
202100032725.0;1;92;92040;2;1;1.0;6.0;48,8250500000;2,2576800000;
202100032726.0;1;92;92024;2;3;1.0;3.0;48,9028400000;2,3122800000;
202100032727.0;1;92;92012;2;2;1.0;3.0;48,8391087785;2,2468355298;
202100032728.0;1;92;92002;2;1;1.0;1.0;48,7343990000;2,3115340000;
202100032729.0;3;974;97415;1;1;1.0;7.0; -21,0750600000;55,2302350000;
202100032730.0;3;38;38324;1;1;8.0;6.0;45,3965590000;5,0516300000;
202100032731.0;1;63;63311;1;1;2.0;7.0;46,0412660000;3,1314580000;
202100032732.0;3;63;63311;1;1;1.0;6.0;46,0394590000;3,1398690000;
202100032733.0;2;28;28006;1;1;8.0;1.0;48,4363480000;1,4192960000;
202100032734.0;1;01;01322;1;1;1.0;6.0;45,9406760000;4,8096190000;
202100032735.0;1;21;21087;1;1;1.0;1.0;47,1204900000;4,7036930000;
202100032736.0;1;22;22190;1;1;1.0;2.0;48,5161780000; -2,0388650000;
202100032737.0;2;974;97410;2;1;1.0;3.0; -21,0416190000;55,6629290000;
202100032738.0;3;57;57096;1;1;1.0;7.0;49,3854190000;5,9468330000;
202100032739.0;1;19;19126;1;1;1.0;1.0;45,0484058838;1,7437955885;
202100032740.0;1;56;56160;1;2;1.0;4.0;47,9793800000; -2,6864790000;
202100032741.0;1;56;56233;1;1;1.0;6.0;47,5856730000; -3,0160050000;
202100032742.0;1;79;79003;1;1;1.0;5.0;46,2870540000; -0,4531860000;
202100032743.0;2;2B;2B046;1;1;1.0;1.0;42,8673420000;9,4809810000;
202100032744.0;5;69;69085;2;3;1.0;7.0;45,8574770000;4,8454750000;
202100032745.0;2;32;32027;2;3;1.0;6.0;43,7017840000; -0,2368610000;
202100032746.0;1;32;32233;2;2;2.0;3.0;43,5252440000;0,1645940000;
202100032747.0;1;63;63066;1;1;1.0;1.0;45,8672080000;3,6428310000;
202100032748.0;1;63;63430;2;1;3.0;5.0;45,8468151929;3,5276315510;
202100032749.0;1;63;63229;1;2;1.0;3.0;45,7771620000;3,3504220000;
202100032750.0;1;61;61328;1;1;1.0;7.0;48,7438810000;0,1204850000;
202100032751.0;1;42;42153;1;1;1.0;7.0;45,9661260000;4,1645640000;
202100032752.0;1;46;46145;1;1;2.0;3.0;44,9026780000;1,4777340000;
202100032753.0;1;41;41161;2;1;1.0;6.0;47,5352500000;2,0433410000;
202100032754.0;1;29;29246;1;1;1.0;6.0;48,3686920000; -4,1582050000;
202100032755.0;1;22;22271;1;2;2.0;3.0;48,4801760000; -3,1325200000;
202100032756.0;1;25;25015;1;1;1.0;2.0;47,0356630000;6,0750100000;
202100032757.0;1;38;38269;2;1;2.0;6.0;44,9043320000;5,7868440000;
202100032758.0;1;58;58300;2;1;1.0;6.0;47,0811770000;3,1993170000;
202100032759.0;1;72;72248;1;1;1.0;6.0;47,8463700000;0,4006420000;
202100032760.0;1;06;06136;1;1;1.0;3.0;43,8882590000;7,4906640000;
202100032761.0;1;14;14654;1;2;1.0;3.0;49,0299760000; -0,0255290000;
202100032762.0;1;14;14303;1;1;1.0;3.0;49,1446010000;0,3020490000;
202100032763.0;1;14;14085;1;1;1.0;6.0;49,2728400000;0,3446400000;
202100032764.0;1;83;83149;1;1;1.0;6.0;43,5563780000;6,3017320000;
202100032765.0;1;16;16276;1;1;1.0;1.0;45,4249840000; -0,2080110000;
202100032766.0;1;04;04031;2;1;1.0;3.0;43,9244500000;6,1271310000;
202100032767.0;1;85;85133;1;2;1.0;3.0;46,3708100000; -0,7309800000;
202100032768.0;1;28;28348;2;1;1.0;7.0;48,7663000000;1,1964450000;
202100032769.0;1;72;72290;1;1;1.0;7.0;48,1654950000;0,1424680000;
202100032770.0;1;02;02498;1;1;1.0;2.0;49,5518220000;3,8360100000;
202100032771.0;1;13;13051;1;1;1.0;2.0;43,5471170000;5,1606560000;
202100032772.0;1;01;01067;1;1;1.0;6.0;46,1259980000;5,4999840000;
202100032773.0;1;973;97309;2;1;2.0;1.0;4,8995670702; -52,2737738212;
202100032774.0;1;13;13001;1;1;1.0;2.0;43,5118330000;5,4442830000;
202100032775.0;1;13;13031;1;9;1.0;6.0;43,3750460000;5,6085850000;
202100032776.0;1;36;36202;1;1;1.0;4.0;46,8045030000;1,6163210000;
202100032777.0;1;977;97701;1;1;1.0;3.0;17,9077740000; -62,8468820000;
202100032778.0;1;78;78321;2;1;1.0;6.0;48,8027900000;1,9007850000;
202100032779.0;1;78;78420;2;1;1.0;7.0;48,7740030000;1,8029700000;
202100032780.0;1;34;34135;1;1;1.0;1.0;43,2905760000;3,1818940000;
202100032781.0;1;05;05070;2;7;1.0;6.0;44,3140590000;5,8226170000;
202100032782.0;1;05;05118;1;1;1.0;6.0;44,2688175931;5,8198678493;
202100032783.0;1;13;13110;1;1;1.0;1.0;43,4574200000;5,6574010000;
202100032784.0;1;13;13079;1;9;1.0;3.0;43,4908800000;5,6558560000;
202100032785.0;1;89;89257;2;6;1.0;3.0;47,9617390000;3,5045630000;
202100032786.0;1;88;88270;2;2;3.0;3.0;48,3176100000;5,5842440000;
202100032787.0;1;73;73088;1;1;1.0;6.0;45,7784841691;6,4863318802;
202100032788.0;1;38;38057;2;4;1.0;3.0;45,1420790000;5,7411340000;
202100032789.0;3;09;09149;1;1;1.0;1.0;42,9379750000;1,1758910000;
202100032790.0;1;31;31291;2;1;2.0;7.0;43,5993750000;1,2546700000;
202100032791.0;1;64;64430;2;6;1.0;3.0;43,4774460000; -0,7619220000;
202100032792.0;5;60;60138;2;4;1.0;6.0;49,2158490000;2,5967590000;
202100032793.0;3;62;62326;1;1;2.0;3.0;50,1138330000;2,8535750000;
202100032794.0;3;59;59268;2;1;1.0;6.0;50,6313700000;2,7395900000;
202100032795.0;1;59;59634;1;1;1.0;7.0;50,7168820000;2,4886390000;
202100032796.0;1;33;33162;1;1;2.0;2.0;44,8640800000; -0,6544800000;
202100032797.0;1;33;33318;1;1;1.0;6.0;44,8117220000; -0,6715990000;
202100032798.0;1;91;91521;1;1;3.0;5.0;48,6427900000;2,3914600000;
202100032799.0;1;91;91086;1;1;1.0;3.0;48,6243400000;2,3922400000;
202100032800.0;2;91;91659;1;1;1.0;2.0;48,5916100000;2,4450200000;
202100032801.0;1;78;78640;1;1;8.0;6.0;48,7814720000;2,1685090000;
202100032802.0;1;94;94018;1;1;1.0;2.0;48,8254600000;2,3931300000;
202100032803.0;4;94;94069;1;1;1.0;3.0;48,8173200000;2,4392100000;
202100032804.0;5;17;17300;2;6;1.0;2.0;46,1419300000; -1,1398700000;
202100032805.0;5;44;44109;2;1;1.0;6.0;47,2116300000; -1,5596400000;
202100032806.0;1;05;05061;2;1;1.0;7.0;44,5461600000;6,0569300000;
202100032807.0;5;93;93057;2;2;1.0;3.0;48,9124924297;2,5057227293;
202100032808.0;5;988;98818;2;1;1.0;6.0; -22,2709000000;166,4525700000;
202100032809.0;1;988;98818;2;3;1.0;3.0; -22,2945800000;166,4422600000;
202100032810.0;1;974;97416;1;3;1.0;3.0; -21,2884300000;55,4668300000;
202100032811.0;1;974;97416;2;1;1.0;3.0; -21,3436200000;55,4697800000;
202100032812.0;1;974;97411;2;1;1.0;5.0; -20,8955500000;55,4894400000;
202100032813.0;1;974;97407;2;9;1.0;7.0; -20,9341000000;55,2956200000;
202100032814.0;1;973;97302;2;1;1.0;3.0;4,9360100000; -52,2958100000;
202100032815.0;3;973;97302;2;1;1.0;2.0;4,9270200000; -52,3034700000;
202100032816.0;3;972;97209;1;5;2.0;6.0;14,6181500000; -61,0359700000;
202100032817.0;3;972;97209;1;1;1.0;3.0;14,6179400000; -61,0383300000;
202100032818.0;2;69;69381;2;3;2.0;1.0;45,7674900000;4,8289700000;
202100032819.0;1;69;69389;2;1;1.0;6.0;45,7728800000;4,8082800000;
202100032820.0;1;95;95539;2;1;8.0;2.0;48,9912263986;2,3601776361;
202100032821.0;1;95;95280;2;1;3.0;6.0;49,0210300000;2,4644800000;
202100032822.0;1;95;95428;2;1;3.0;6.0;48,9925150000;2,3153010000;
202100032823.0;1;91;91657;2;2;1.0;3.0;48,7050100000;2,4244800000;
202100032824.0;1;89;89024;2;4;1.0;3.0;47,7948400000;3,5790100000;
202100032825.0;1;87;87085;2;1;1.0;3.0;45,8335200000;1,2307400000;
202100032826.0;1;87;87085;1;1;1.0;2.0;45,8710100000;1,2817300000;
202100032827.0;1;87;87048;2;1;1.0;6.0;45,8053700000;1,2472600000;
202100032828.0;1;87;87113;1;1;2.0;6.0;45,8755100000;1,3467100000;
202100032829.0;1;87;87085;2;3;2.0;4.0;45,8247070000;1,2345800000;
202100032830.0;4;85;85194;2;1;1.0;1.0;46,5006700000; -1,7584400000;
202100032831.0;1;83;83137;2;1;1.0;2.0;43,1273500000;5,9178300000;
202100032832.0;1;83;83069;1;1;2.0;5.0;43,1209867891;6,1859464645;
202100032833.0;1;80;80674;1;1;1.0;2.0;49,9058300000;2,3486200000;
202100032834.0;1;80;80021;2;1;1.0;3.0;49,9066500000;2,2681300000;
202100032835.0;1;80;80021;2;2;1.0;3.0;49,8960900000;2,2862500000;
202100032836.0;1;80;80131;2;1;1.0;2.0;49,8626500000;2,3775700000;
202100032837.0;1;79;79329;2;1;3.0;7.0;46,9824200000; -0,2104300000;
202100032838.0;1;79;79329;2;2;3.0;3.0;46,9838000000; -0,2143300000;
202100032839.0;1;78;78158;2;6;1.0;3.0;48,8278000000;2,1204300000;
202100032840.0;1;78;78646;2;1;1.0;6.0;48,7949400000;2,1548100000;
202100032841.0;1;78;78498;1;1;3.0;5.0;48,9421600000;2,0598200000;
202100032842.0;1;69;69290;1;2;1.0;5.0;45,6919600000;4,9669900000;
202100032843.0;1;68;68166;1;1;8.0;4.0;47,7895700000;7,3152100000;
202100032844.0;1;68;68066;2;3;1.0;3.0;48,0726500000;7,3571800000;
202100032845.0;1;68;68066;2;1;1.0;3.0;48,0819500000;7,3550600000;
202100032846.0;1;67;67482;2;3;8.0;3.0;48,5865500000;7,7429600000;
202100032847.0;1;67;67482;2;3;1.0;2.0;48,5895700000;7,7410000000;
202100032848.0;1;66;66136;1;1;1.0;4.0;42,6796500000;2,8736400000;
202100032849.0;1;66;66136;1;1;1.0;2.0;42,6740350000;2,8873130000;
202100032850.0;1;66;66136;2;1;8.0;6.0;42,6870800000;2,9061000000;
202100032851.0;5;66;66136;2;1;1.0;6.0;42,6961300000;2,8883400000;
202100032852.0;1;66;66136;2;1;1.0;3.0;42,6918700000;2,8927200000;
202100032853.0;1;66;66136;2;1;1.0;3.0;42,6866800000;2,9072300000;
202100032854.0;1;64;64483;2;1;1.0;2.0;43,3869400000; -1,6579900000;
202100032855.0;1;64;64445;2;1;1.0;3.0;43,2990100000; -0,3552100000;
202100032856.0;1;64;64125;2;1;2.0;3.0;43,4303200000; -1,5992900000;
202100032857.0;1;64;64102;2;1;2.0;7.0;43,4789400000; -1,4553500000;
202100032858.0;1;64;64140;2;1;2.0;1.0;43,5206700000; -1,4887000000;
202100032859.0;1;64;64024;2;1;2.0;4.0;43,4937400000; -1,5233600000;
202100032860.0;1;64;64024;2;1;1.0;3.0;43,4806400000; -1,5302700000;
202100032861.0;1;63;63113;2;2;1.0;3.0;45,7883500000;3,0955100000;
202100032862.0;1;62;62139;2;1;1.0;3.0;50,7167820000;2,2811540000;
202100032863.0;1;59;59279;2;3;2.0;3.0;50,7817380000;3,1220320000;
202100032864.0;1;56;56098;2;1;1.0;6.0;47,7730400000; -3,3375400000;
202100032865.0;2;56;56121;2;1;1.0;6.0;47,7600700000; -3,3657400000;
202100032866.0;1;56;56121;2;1;1.0;6.0;47,7375600000; -3,3822200000;
202100032867.0;1;54;54431;1;1;1.0;5.0;48,9139300000;6,0372800000;
202100032868.0;1;54;54526;2;2;1.0;3.0;48,6815000000;6,2160000000;
202100032869.0;5;54;54395;2;1;1.0;2.0;48,6910444934;6,1773077399;