Num_Acc;lum;departement;commune;agglomeration;intersection;meteo;type_collision;lat;long;date
202100032870.0;1;54;54395;2;1;1.0;3.0;48,6789398145;6,1971477047;
202100032871.0;1;54;54159;2;1;1.0;6.0;48,6235400000;6,3485600000;
202100032872.0;1;51;51454;2;3;2.0;7.0;49,2484800000;4,0124200000;
202100032873.0;2;51;51454;2;1;1.0;7.0;49,2696600000;4,0001700000;
202100032874.0;1;51;51454;2;1;1.0;3.0;49,2483900000;4,0111500000;
202100032875.0;1;49;49007;2;5;1.0;3.0;47,4822900000; -0,5219800000;
202100032876.0;4;45;45286;2;2;1.0;3.0;47,8852500000;1,9244500000;
202100032877.0;1;45;45234;2;1;1.0;2.0;47,9076610000;1,9064240000;
202100032878.0;3;44;44190;1;1;1.0;4.0;47,2032900000; -1,4837700000;
202100032879.0;5;37;37261;2;1;3.0;2.0;47,3633443328;0,6956172365;
202100032880.0;2;37;37122;2;9;1.0;6.0;47,3488100000;0,6458600000;
202100032881.0;5;35;35238;2;6;2.0;6.0;48,1215600000; -1,6818200000;
202100032882.0;1;33;33063;2;1;1.0;2.0;44,8217652466; -0,6087916352;
202100032883.0;1;33;33550;2;9;2.0;5.0;44,7638380000; -0,5604860000;
202100032884.0;1;31;31555;1;1;1.0;3.0;43,6397100000;1,4838000000;
202100032885.0;1;31;31555;2;1;1.0;6.0;43,5471600000;1,4193900000;
202100032886.0;1;29;29019;2;6;1.0;3.0;48,4052400000; -4,4780500000;
202100032887.0;2;27;27375;2;3;2.0;3.0;49,2117000000;1,1548100000;
202100032888.0;1;26;26198;2;2;1.0;3.0;44,5614260000;4,7464160000;
202100032889.0;1;25;25056;2;6;2.0;3.0;47,2172000000;5,9677200000;
202100032890.0;1;18;18279;2;1;1.0;1.0;47,2400000000;2,0500000000;
202100032891.0;5;13;13207;2;1;1.0;2.0;43,2922400000;5,3628300000;
202100032892.0;5;13;13208;2;1;1.0;2.0;43,2551601348;5,3763052694;
202100032893.0;1;11;11069;1;1;1.0;2.0;43,2037900000;2,3809400000;
202100032894.0;5;06;06123;2;3;1.0;2.0;43,6567040000;7,1789480000;
202100032895.0;1;06;06004;2;9;1.0;6.0;43,5815270000;7,1206750000;
202100032896.0;5;02;02059;2;1;1.0;6.0;49,6499540000;3,3488700000;
202100032897.0;1;75;75117;2;1;1.0;3.0;48,8943930000;2,3055350000;
202100032898.0;5;75;75117;2;1;1.0;6.0;48,8881980000;2,2923650000;
202100032899.0;1;75;75120;2;4;1.0;6.0;48,8547440000;2,4102950000;
202100032900.0;4;75;75120;2;2;1.0;6.0;48,8671050000;2,3832940000;
202100032901.0;5;75;75116;2;1;1.0;2.0;48,8708840000;2,2882310000;
202100032902.0;2;75;75115;2;1;8.0;3.0;48,8418330000;2,3007390000;
202100032903.0;1;75;75115;2;7;1.0;3.0;48,8506580000;2,2956400000;
202100032904.0;1;75;75115;2;4;8.0;3.0;48,8344040000;2,2899360000;
202100032905.0;1;75;75112;2;2;8.0;1.0;48,8306530000;2,3863410000;
202100032906.0;1;75;75112;2;4;1.0;3.0;48,8286980000;2,4194450000;
202100032907.0;1;75;75111;2;2;1.0;3.0;48,8506690000;2,3944960000;
202100032908.0;1;75;75111;2;1;8.0;3.0;48,8675360000;2,3703640000;
202100032909.0;1;75;75111;2;2;1.0;3.0;48,8598100000;2,3887100000;
202100032910.0;5;75;75110;2;1;1.0;3.0;48,8790730000;2,3561470000;
202100032911.0;1;75;75109;2;1;1.0;6.0;48,8746120000;2,3318940000;
202100032912.0;1;75;75104;2;3;1.0;3.0;48,8511640000;2,3625070000;
202100032913.0;1;94;94081;2;1;1.0;3.0;48,7876600000;2,4068700000;
202100032914.0;1;94;94081;2;1;2.0;3.0;48,8013200000;2,3796900000;
202100032915.0;1;94;94042;2;2;2.0;3.0;48,8120500000;2,4686300000;
202100032916.0;1;94;94041;2;1;8.0;1.0;48,8180700000;2,3736700000;
202100032917.0;1;94;94028;2;9;1.0;2.0;48,7779881702;2,4672675133;
202100032918.0;1;94;94019;2;1;1.0;2.0;48,8068700000;2,5580500000;
202100032919.0;2;94;94018;2;1;1.0;3.0;48,8248600000;2,4112800000;
202100032920.0;1;94;94017;2;1;1.0;3.0;48,8063940000;2,5232630000;
202100032921.0;1;93;93073;1;4;2.0;1.0;48,9839800000;2,5417500000;
202100032922.0;1;93;93078;2;3;1.0;4.0;48,9485600000;2,5465600000;
202100032923.0;1;93;93059;2;5;1.0;3.0;48,9667600000;2,3642600000;
202100032924.0;5;93;93005;2;2;1.0;6.0;48,9537270000;2,5064390000;
202100032925.0;1;93;93070;2;1;1.0;6.0;48,9134000000;2,3272400000;
202100032926.0;1;93;93066;2;1;3.0;1.0;48,9291700000;2,3513300000;
202100032927.0;1;93;93066;2;3;2.0;3.0;48,9443600000;2,3421700000;
202100032928.0;1;93;93066;2;1;1.0;2.0;48,9274200000;2,3534600000;
202100032929.0;1;93;93077;2;2;3.0;6.0;48,8828700000;2,5143000000;
202100032930.0;1;93;93055;2;3;2.0;6.0;48,8909642485;2,4014192820;
202100032931.0;1;93;93048;2;1;2.0;6.0;48,8776970000;2,4599170000;
202100032932.0;5;93;93048;2;1;1.0;6.0;48,8688600000;2,4334100000;
202100032933.0;1;93;93029;2;1;1.0;2.0;48,9178200000;2,4504650000;
202100032934.0;1;93;93057;2;1;2.0;4.0;48,9088130000;2,5001110000;
202100032935.0;1;93;93007;2;1;1.0;2.0;48,9231140000;2,4712410000;
202100032936.0;1;92;92073;2;1;3.0;5.0;48,8715344729;2,2328585386;
202100032937.0;1;92;92064;2;1;1.0;6.0;48,8458393798;2,2136474187;
202100032938.0;1;92;92040;2;7;1.0;5.0;48,8210360000;2,2606290000;
202100032939.0;5;92;92036;2;1;1.0;1.0;48,9236760000;2,3104640000;
202100032940.0;5;92;92026;2;1;1.0;6.0;48,8954200000;2,2621900000;
202100032941.0;1;92;92025;2;3;1.0;3.0;48,9126120000;2,2317310000;
202100032942.0;2;92;92025;2;2;1.0;3.0;48,9341800000;2,2633260000;
202100032943.0;2;92;92024;2;3;8.0;3.0;48,9068881811;2,2965824604;
202100032944.0;1;92;92012;2;3;8.0;3.0;48,8312981954;2,2525191307;
202100032945.0;2;92;92007;2;1;8.0;3.0;48,8048051360;2,3223169148;
202100032946.0;1;92;92004;2;2;1.0;6.0;48,9096377731;2,2864879668;
202100032947.0;1;52;52391;1;3;1.0;3.0;48,5039720000;4,7894240000;
202100032948.0;1;972;97210;2;1;1.0;6.0;14,6129550000; -60,9025220000;
202100032949.0;4;17;17414;1;1;1.0;2.0;46,2086310000; -1,1364950000;
202100032950.0;5;83;83054;1;1;1.0;7.0;43,1577740000;6,0481610000;
202100032951.0;1;30;30141;1;1;1.0;6.0;44,1002490000;4,6634550000;
202100032952.0;1;44;44009;2;6;8.0;3.0;47,1935220000; -1,4630430000;
202100032953.0;1;57;57089;2;2;1.0;3.0;49,0557160000;7,4248960000;
202100032954.0;1;76;76159;2;1;1.0;3.0;49,7847600000;0,6406400000;
202100032955.0;3;81;81070;2;1;2.0;6.0;43,8176650000;1,7504900000;
202100032956.0;1;71;71263;2;1;1.0;6.0;46,6313890000;5,2354040000;
202100032957.0;1;46;46231;2;4;1.0;6.0;44,5035110000;1,1382280000;
202100032958.0;1;41;41176;2;1;1.0;1.0;47,5080270000;2,1471510000;
202100032959.0;1;34;34140;1;2;1.0;3.0;43,3875862528;3,1772951782;
202100032960.0;1;02;02048;1;9;1.0;5.0;49,6594610000;3,6938100000;
202100032961.0;3;72;72346;1;1;1.0;6.0;47,8679050000;0,0141190000;
202100032962.0;1;60;60150;1;2;1.0;3.0;49,5292750000;2,9843010000;
202100032963.0;3;45;45087;1;1;1.0;6.0;47,5732980000;2,7660660000;
202100032964.0;1;43;43137;1;9;1.0;5.0;45,2975745281;4,2006558180;
202100032965.0;3;07;07005;1;1;1.0;7.0;44,5399100000;4,5855700000;
202100032966.0;1;53;53211;1;1;2.0;1.0;48,3601980000; -0,8997850000;
202100032967.0;1;53;53122;1;1;1.0;1.0;48,2742820000; -0,5220440000;
202100032968.0;1;04;04241;1;1;1.0;6.0;43,8529010000;5,7255940000;
202100032969.0;1;04;04230;1;1;1.0;1.0;43,8292700000;5,8625230000;
202100032970.0;1;08;08107;1;1;1.0;7.0;49,5329210000;4,2775170000;
202100032971.0;3;971;97103;1;1;1.0;3.0;16,2598440000; -61,6223040000;
202100032972.0;1;971;97103;2;1;1.0;3.0;16,2389040000; -61,6217140000;
202100032973.0;1;69;69235;2;3;2.0;3.0;45,5288980000;4,8675440000;
202100032974.0;1;04;04019;1;1;1.0;7.0;44,3798980000;6,6290150000;
202100032975.0;1;01;01185;1;1;1.0;7.0;45,9758800000;5,6318450000;
202100032976.0;5;29;29042;2;1;1.0;3.0;48,2292380000; -4,5027960000;
202100032977.0;1;13;13055;1;1;1.0;4.0;43,3067100000;5,4249100000;
202100032978.0;1;13;13055;1;1;1.0;4.0;43,3236364488;5,4226441383;
202100032979.0;1;13;13211;1;1;1.0;2.0;43,2888973927;5,4443467416;
202100032980.0;1;13;13019;1;1;1.0;7.0;43,4187833329;5,3666603565;
202100032981.0;1;13;13033;1;1;1.0;5.0;43,3732590197;5,1851981878;
202100032982.0;1;13;13215;1;1;1.0;2.0;43,3724000000;5,3612500000;
202100032983.0;1;13;13055;1;1;1.0;2.0;43,3194700000;5,4227700000;
202100032984.0;1;69;69266;1;1;1.0;3.0;45,7873463924;4,8797568082;
202100032985.0;3;69;69142;1;1;2.0;4.0;45,7291992978;4,8158827537;
202100032986.0;1;57;57672;1;1;1.0;6.0;49,3807100000;6,1063500000;
202100032987.0;1;67;67482;1;1;1.0;2.0;48,5863600000;7,7177400000;
202100032988.0;1;67;67482;1;1;1.0;3.0;48,5885770348;7,7048948879;
202100032989.0;3;59;59507;1;1;1.0;6.0;50,5992718469;3,1033614278;
202100032990.0;3;91;91549;1;1;1.0;6.0;48,6265100000;2,3474500000;
202100032991.0;1;91;91216;1;1;2.0;2.0;48,6860000000;2,3267000000;
202100032992.0;1;91;91228;1;1;2.0;5.0;48,6219400000;2,4232400000;
202100032993.0;1;78;78466;1;1;3.0;6.0;48,9347080000;1,9664970000;
202100032994.0;1;78;78073;1;1;1.0;5.0;48,8029360000;2,0483630000;
202100032995.0;1;78;78498;1;1;1.0;2.0;48,9053940000;2,0051880000;
202100032996.0;1;78;78126;1;1;1.0;3.0;48,8356870000;2,1296830000;
202100032997.0;1;95;95527;1;1;1.0;4.0;49,0209200000;2,5337700000;
202100032998.0;1;93;93005;1;1;2.0;4.0;48,9684100000;2,4787800000;
202100032999.0;1;95;95582;1;1;2.0;6.0;48,9739100000;2,2458900000;
202100033000.0;1;95;95018;1;1;3.0;6.0;48,9564600000;2,2747200000;
202100033001.0;1;92;92036;1;1;1.0;6.0;48,9472253644;2,2815667997;
202100033002.0;1;93;93051;1;1;1.0;2.0;48,8353400000;2,5702600000;
202100033003.0;3;94;94069;1;1;1.0;4.0;48,8169850612;2,4462833637;
202100033004.0;2;78;78358;2;1;1.0;6.0;48,9498200000;2,1492400000;
202100033005.0;1;974;97411;2;1;1.0;7.0; -20,8879700000;55,4806630000;
202100033006.0;1;69;69383;2;3;7.0;6.0;45,7557615835;4,8446327448;
202100033007.0;1;974;97411;1;3;1.0;3.0; -20,9121600000;55,5023500000;
202100033008.0;5;974;97407;2;1;1.0;3.0; -20,9464090000;55,2987250000;
202100033009.0;1;973;97302;2;1;1.0;3.0;4,9278126320; -52,3249963281;
202100033010.0;1;69;69388;2;1;1.0;5.0;45,7323579455;4,8507546470;
202100033011.0;1;69;69383;2;1;1.0;3.0;45,7581700000;4,8408600000;
202100033012.0;1;972;97209;1;1;1.0;4.0;14,6183900000; -61,0367700000;
202100033013.0;1;69;69286;2;1;1.0;2.0;45,8150200000;4,8852000000;
202100033014.0;1;69;69385;2;1;3.0;4.0;45,7523200000;4,8191200000;
202100033015.0;5;91;91201;2;1;1.0;6.0;48,6819800000;2,4055100000;
202100033016.0;1;91;91114;2;1;1.0;4.0;48,6874900000;2,4934200000;
202100033017.0;1;91;91286;2;6;1.0;2.0;48,6500000000;2,3900000000;
202100033018.0;1;87;87065;1;1;3.0;6.0;45,7893000000;1,3032700000;
202100033019.0;1;87;87048;2;1;1.0;6.0;45,8103400000;1,2469200000;
202100033020.0;1;87;87085;2;1;1.0;4.0;45,8146500000;1,2535000000;
202100033021.0;1;84;84007;2;1;1.0;6.0;43,9314090000;4,8282420000;
202100033022.0;1;30;30351;1;1;1.0;2.0;43,9543800000;4,7924800000;
202100033023.0;1;83;83137;2;1;1.0;4.0;43,1345610000;5,9059570000;
202100033024.0;1;83;83123;2;1;1.0;3.0;43,1177200000;5,8008800000;
202100033025.0;1;80;80021;1;1;1.0;1.0;49,9207710843;2,3271059990;
202100033026.0;1;80;80021;2;1;1.0;6.0;49,8818200000;2,3024700000;
202100033027.0;5;78;78350;2;3;8.0;2.0;48,8623600000;2,1106800000;
202100033028.0;5;77;77337;2;3;2.0;3.0;48,8487230000;2,6209600000;
202100033029.0;1;77;77288;2;1;1.0;6.0;48,5407960000;2,6738380000;
202100033030.0;1;76;76351;1;1;1.0;7.0;49,5303600000;0,1099500000;
202100033031.0;1;71;71270;2;1;3.0;6.0;46,3161300000;4,8358900000;
202100033032.0;1;69;69290;2;1;1.0;6.0;45,6953700000;4,9488700000;
202100033033.0;1;67;67482;2;3;1.0;3.0;48,5730580000;7,7171470000;
202100033034.0;1;59;59350;2;2;1.0;3.0;50,6175100000;3,0266400000;
202100033035.0;1;59;59378;2;3;1.0;6.0;50,6629000000;3,0801900000;
202100033036.0;1;59;59414;2;1;1.0;5.0;50,3663400000;3,1786100000;
202100033037.0;1;54;54482;2;1;2.0;6.0;48,7001931207;6,2035645545;
202100033038.0;5;51;51454;2;3;2.0;3.0;49,2404724027;4,0328964112;
202100033039.0;1;50;50218;1;1;1.0;2.0;48,8258600000; -1,5538900000;
202100033040.0;1;50;50165;2;3;1.0;4.0;48,8484700000; -1,5697100000;
202100033041.0;1;49;49099;1;1;8.0;1.0;47,0702000000; -0,9173700000;
202100033042.0;1;49;49267;2;1;1.0;6.0;47,4672000000; -0,5151600000;
202100033043.0;1;49;49267;2;1;1.0;4.0;47,4665100000; -0,5162200000;
202100033044.0;1;49;49007;2;1;1.0;6.0;47,4662717251; -0,5474674793;
202100033045.0;1;45;45234;2;2;1.0;3.0;47,8997500000;1,8978100000;
202100033046.0;1;45;45302;1;3;1.0;2.0;47,9388500000;1,8936600000;
202100033047.0;1;37;37261;2;4;1.0;6.0;47,4121544212;0,6998889148;
202100033048.0;1;37;37233;2;1;1.0;2.0;47,3953567465;0,7123647855;
202100033049.0;1;35;35288;2;9;1.0;3.0;48,6291470000; -2,0057510000;
202100033050.0;1;35;35238;1;1;1.0;6.0;48,1387500000; -1,7000000000;
202100033051.0;1;35;35334;1;1;1.0;7.0;48,1455280000; -1,5903400000;
202100033052.0;2;35;35238;2;2;2.0;3.0;48,0884590000; -1,6676330000;
202100033053.0;1;34;34172;2;2;1.0;3.0;43,6048500000;3,8676100000;
202100033054.0;5;33;33063;2;1;2.0;1.0;44,8421400000; -0,5851100000;
202100033055.0;5;33;33063;2;1;1.0;6.0;44,8422143976; -0,5698091714;
202100033056.0;1;33;33063;2;3;1.0;3.0;44,8282740000; -0,5612460000;
202100033057.0;5;33;33119;2;1;1.0;1.0;44,8631500000; -0,5300800000;
202100033058.0;1;31;31555;2;1;1.0;6.0;43,5801400000;1,4116000000;
202100033059.0;1;29;29019;2;1;1.0;2.0;48,4152223509; -4,4768368283;
202100033060.0;1;28;28085;2;1;1.0;3.0;48,4425700000;1,4864600000;
202100033061.0;1;13;13056;1;1;1.0;3.0;43,3402800000;5,0807000000;
202100033062.0;1;13;13210;2;1;1.0;3.0;43,2791400000;5,4138400000;
202100033063.0;1;13;13209;2;1;1.0;5.0;43,2630000000;5,4170000000;
202100033064.0;1;13;13206;2;2;1.0;3.0;43,2921000000;5,3803800000;
202100033065.0;5;13;13208;2;1;1.0;1.0;43,2765840000;5,3890190000;
202100033066.0;1;13;13028;1;1;1.0;1.0;43,2023500000;5,5890400000;
202100033067.0;1;10;10387;2;1;1.0;6.0;48,2916700000;4,0749600000;
202100033068.0;1;05;05061;1;1;1.0;1.0;44,5103700000;6,0796000000;
202100033069.0;5;75;75118;2;4;8.0;7.0;48,9008329258;2,3338698481;
202100033070.0;1;75;75117;2;1;1.0;3.0;48,9005580000;2,3276200000;
202100033071.0;1;75;75114;2;4;1.0;3.0;48,8254380000;2,3023460000;
202100033072.0;5;75;75113;2;2;1.0;6.0;48,8272880000;2,3685330000;
202100033073.0;1;75;75105;2;1;1.0;3.0;48,8469910000;2,3538360000;
202100033074.0;1;75;75120;2;1;1.0;6.0;48,8763950000;2,4039280000;
202100033075.0;1;75;75120;2;5;1.0;3.0;48,8716840000;2,4043770000;
202100033076.0;1;75;75120;2;1;2.0;3.0;48,8701240000;2,4030220000;
202100033077.0;1;75;75119;2;1;1.0;6.0;48,8920310000;2,3787610000;
202100033078.0;1;75;75119;2;2;1.0;3.0;48,8828070000;2,3756670000;
202100033079.0;1;75;75119;2;3;1.0;1.0;48,8924890000;2,3855530000;
202100033080.0;5;75;75119;2;3;2.0;6.0;48,8796900000;2,3744070000;
202100033081.0;1;75;75118;2;1;1.0;2.0;48,8894400000;2,3599220000;
202100033082.0;1;75;75117;2;1;1.0;3.0;48,8818020000;2,3141970000;
202100033083.0;1;75;75112;2;4;1.0;3.0;48,8461040000;2,3760130000;
202100033084.0;1;75;75108;2;3;1.0;6.0;48,8772200000;2,3230750000;
202100033085.0;1;75;75103;2;2;1.0;6.0;48,8627140000;2,3542910000;
202100033086.0;1;75;75103;2;2;1.0;7.0;48,8634020000;2,3509510000;
202100033087.0;1;94;94041;2;3;1.0;5.0;48,8084000000;2,4078000000;
202100033088.0;1;94;94067;2;1;1.0;6.0;48,8444450000;2,4175870000;
202100033089.0;1;94;94078;2;7;1.0;3.0;48,7463100000;2,4465700000;
202100033090.0;1;94;94046;2;1;1.0;3.0;48,8140000000;2,4238000000;
202100033091.0;1;94;94046;2;1;1.0;6.0;48,8099347241;2,4440503120;
202100033092.0;1;94;94076;2;1;1.0;1.0;48,7869800000;2,3528100000;
202100033093.0;1;94;94022;2;6;1.0;1.0;48,7732890000;2,4094820000;
202100033094.0;1;94;94074;1;1;1.0;6.0;48,7699842103;2,4488997459;
202100033095.0;1;94;94019;2;1;3.0;4.0;48,7996300000;2,5439500000;
202100033096.0;1;93;93064;2;9;1.0;6.0;48,8839700000;2,4755630000;
202100033097.0;1;93;93050;2;1;1.0;7.0;48,8731690000;2,5323670000;
202100033098.0;1;93;93010;2;1;1.0;1.0;48,8936490000;2,4753120000;
202100033099.0;1;93;93008;2;1;1.0;6.0;48,9066800000;2,4443400000;
202100033100.0;1;92;92063;2;4;1.0;2.0;48,8651742477;2,2044961900;
202100033101.0;1;92;92036;2;3;1.0;7.0;48,9426138541;2,3029915988;
202100033102.0;1;92;92035;2;2;1.0;6.0;48,9022895362;2,2397544980;
202100033103.0;2;92;92012;2;2;1.0;3.0;48,8433400000;2,2366200000;
202100033104.0;1;92;92012;2;6;1.0;3.0;48,8406449313;2,2288875282;
202100033105.0;1;49;49127;1;1;1.0;7.0;47,6764700000; -0,2972750000;
202100033106.0;1;91;91458;1;9;1.0;1.0;48,6591930000;2,2310130000;
202100033107.0;3;34;34239;1;9;8.0;6.0;43,6569550000;3,5185530000;
202100033108.0;1;15;15168;1;1;3.0;7.0;44,9758950000;3,1862280000;
202100033109.0;1;62;62817;1;1;1.0;1.0;50,2705880000;2,8047320000;
202100033110.0;3;51;51576;1;1;1.0;7.0;49,0506974540;4,1348591441;
202100033111.0;1;56;56060;1;1;1.0;6.0;47,7320670000; -2,1826380000;
202100033112.0;1;56;56004;1;1;1.0;2.0;47,5365580000; -2,4001590000;
202100033113.0;1;76;76298;1;1;1.0;7.0;49,7340866397;0,3886145353;
202100033114.0;1;80;80241;1;1;8.0;6.0;50,0584340000;2,1150080000;
202100033115.0;1;82;82186;1;1;3.0;6.0;44,1319490000;0,8860570000;
202100033116.0;2;32;32107;1;1;1.0;7.0;43,9541340000;0,3519150000;
202100033117.0;3;55;55258;1;1;2.0;7.0;48,7873260000;5,6708850000;
202100033118.0;1;49;49010;1;9;8.0;1.0;47,7157240000; -1,1150690000;
202100033119.0;1;49;49030;1;1;1.0;2.0;47,3823040000; -0,0854770000;
202100033120.0;2;47;47097;1;1;1.0;6.0;44,2247280000;0,3589760000;
202100033121.0;2;29;29158;2;1;2.0;6.0;47,7981770000; -4,3702090000;
202100033122.0;1;31;31080;2;1;1.0;6.0;43,2858920000;0,6507250000;
202100033123.0;1;84;84057;1;2;1.0;1.0;43,9143610000;5,2545330000;
202100033124.0;1;70;70044;2;1;3.0;1.0;47,6782760000;6,1613130000;
202100033125.0;1;14;14194;1;1;3.0;1.0;49,0968290000;0,3911250000;
202100033126.0;1;60;60253;1;1;3.0;2.0;49,5877210000;2,1346090000;
202100033127.0;1;64;64477;2;1;1.0;1.0;43,1839980000; -1,3286140000;
202100033128.0;1;43;43025;1;1;1.0;7.0;45,2418650000;4,0688630000;
202100033129.0;3;43;43115;1;1;1.0;6.0;44,9773640000;4,0375450000;
202100033130.0;1;07;07110;1;9;1.0;7.0;44,4695770000;4,2314960000;
202100033131.0;1;40;40075;2;1;1.0;7.0;43,8576780000; -1,1718030000;
202100033132.0;1;85;85047;1;1;1.0;1.0;46,8292790000; -1,8760160000;
202100033133.0;1;27;27252;1;1;1.0;4.0;49,1459530000;0,4677830000;
202100033134.0;1;30;30146;1;2;1.0;3.0;43,9908580000;4,0997400000;
202100033135.0;3;48;48042;1;1;1.0;6.0;44,5846410000;3,4927190000;
202100033136.0;1;88;88465;2;1;1.0;2.0;48,2607810000;6,4425910000;
202100033137.0;1;03;03031;1;1;1.0;2.0;46,3828460000;2,7267820000;
202100033138.0;1;01;01032;1;1;1.0;2.0;45,8644030000;5,1448630000;
202100033139.0;1;67;67155;1;9;1.0;3.0;48,4075540000;7,4809170000;
202100033140.0;1;06;06088;1;1;1.0;7.0;43,6808380000;7,1929980000;
202100033141.0;1;49;49129;1;1;1.0;7.0;47,5025040000; -0,5049200000;
202100033142.0;3;45;45008;1;1;1.0;3.0;48,0741510000;1,8495230000;
202100033143.0;3;95;95002;1;1;2.0;6.0;49,0709092399;1,9677221775;
202100033144.0;1;78;78531;1;1;3.0;2.0;48,9982960000;1,6135740000;
202100033145.0;1;66;66008;1;1;9.0;7.0;42,5423700000;3,0136550000;
202100033146.0;5;83;83094;2;7;1.0;6.0;43,3402650000;6,5473000000;
202100033147.0;1;83;83029;1;1;1.0;6.0;43,6153980000;6,7413660000;
202100033148.0;1;25;25384;1;1;3.0;7.0;47,4597240000;6,3145210000;
202100033149.0;1;73;73006;1;1;1.0;6.0;45,5424120000;6,6137910000;
202100033150.0;1;69;69184;1;3;1.0;6.0;45,6046710000;4,5598730000;
202100033151.0;1;44;44026;1;3;1.0;3.0;47,2689490000; -1,4815240000;
202100033152.0;1;76;76758;2;4;1.0;6.0;49,6168300000;0,7520600000;
202100033153.0;2;76;76055;1;1;3.0;1.0;49,6377320000;0,7681100000;
202100033154.0;3;60;60241;1;1;1.0;6.0;49,1541100000;2,6674820000;
202100033155.0;1;62;62705;1;2;1.0;2.0;50,8094740000;1,7786480000;
202100033156.0;1;59;59126;1;6;2.0;7.0;50,3175860000;3,1324980000;
202100033157.0;1;13;13055;1;1;1.0;2.0;43,2992200000;5,4232800000;
202100033158.0;1;33;33119;1;1;1.0;3.0;44,8500700000; -0,5041600000;
202100033159.0;1;59;59462;1;1;1.0;6.0;50,5118334600;3,0309015512;
202100033160.0;3;94;94038;1;1;9.0;6.0;48,7733600000;2,3453700000;
202100033161.0;5;94;94043;1;1;3.0;3.0;48,8157000000;2,3566100000;
202100033162.0;1;94;94038;1;1;1.0;3.0;48,7832300000;2,3470000000;
202100033163.0;1;78;78640;1;1;1.0;6.0;48,7772100000;2,2236380000;
202100033164.0;1;78;78640;1;1;1.0;2.0;48,7795600000;2,1912400000;
202100033165.0;1;93;93078;1;1;1.0;3.0;48,9664700000;2,5150200000;
202100033166.0;3;92;92036;1;1;9.0;6.0;48,9492053212;2,2806984183;
202100033167.0;1;976;97611;2;1;1.0;6.0; -12,8021600000;45,2126200000;
202100033168.0;1;33;33522;2;3;1.0;6.0;44,8119000000; -0,5737670000;
202100033169.0;1;976;97611;2;6;1.0;3.0; -12,8026900000;45,2139300000;
202100033170.0;3;974;97416;1;1;1.0;5.0; -21,3191300000;55,4895200000;
202100033171.0;1;69;69388;2;1;1.0;7.0;45,7351800000;4,8731600000;
202100033172.0;1;69;69259;2;3;1.0;3.0;45,7172100000;4,8703900000;
202100033173.0;5;69;69387;2;1;1.0;7.0;45,7430900000;4,8504100000;
202100033174.0;1;69;69276;2;2;1.0;2.0;45,6640400000;4,8576400000;
202100033175.0;1;69;69385;2;1;1.0;7.0;45,7604100000;4,8247000000;
202100033176.0;1;69;69382;2;2;1.0;3.0;45,7443883143;4,8266154036;
202100033177.0;1;69;69034;2;3;3.0;6.0;45,7861700000;4,8336800000;
202100033178.0;2;69;69382;2;3;1.0;3.0;45,7526500000;4,8246100000;
202100033179.0;2;2A;2A004;2;1;1.0;7.0;41,9156000000;8,7306600000;
202100033180.0;5;95;95063;2;1;1.0;2.0;48,9264290000;2,2220950000;
202100033181.0;5;91;91421;2;1;1.0;3.0;48,7137600000;2,4502400000;
202100033182.0;1;91;91691;2;1;1.0;1.0;48,7058600000;2,4880700000;
202100033183.0;1;83;83069;1;1;1.0;3.0;43,1160200000;6,1481300000;
202100033184.0;1;83;83069;1;1;1.0;2.0;43,0654800000;6,1472200000;
202100033185.0;1;82;82121;2;3;1.0;3.0;44,0210000000;1,3647500000;
202100033186.0;1;68;68376;2;1;1.0;3.0;47,7991700000;7,3111500000;
202100033187.0;1;56;56260;2;1;2.0;3.0;47,6590900000; -2,7726400000;
202100033188.0;1;49;49267;2;1;1.0;1.0;47,4648600000; -0,4995900000;
202100033189.0;1;46;46042;2;2;1.0;1.0;44,4446700000;1,4416900000;
202100033190.0;1;45;45302;2;3;3.0;3.0;47,9479300000;1,9086100000;
202100033191.0;1;37;37261;2;6;2.0;6.0;47,3737900000;0,6784200000;
202100033192.0;1;37;37122;2;1;1.0;7.0;47,3483353127;0,6601144373;
202100033193.0;1;35;35238;2;1;1.0;3.0;48,1044000000; -1,6501600000;
202100033194.0;5;34;34032;2;1;1.0;6.0;43,3351910000;3,2493600000;
202100033195.0;1;34;34032;2;1;1.0;6.0;43,3637100000;3,2390100000;
202100033196.0;1;33;33550;2;4;2.0;6.0;44,7772109922; -0,5657497441;
202100033197.0;1;31;31555;2;1;1.0;4.0;43,6393400000;1,4658800000;
202100033198.0;1;27;27229;2;3;1.0;3.0;49,0115900000;1,1654600000;
202100033199.0;5;25;25056;2;2;9.0;6.0;47,2373450000;6,0066440000;