Num_Acc;lum;departement;commune;agglomeration;intersection;meteo;type_collision;lat;long;date
202100034187.0;1;29;29220;2;9;1.0;6.0;47,8679640000; -4,2196030000;
202100034188.0;5;60;60589;2;1;1.0;6.0;49,2337870000;2,4669860000;
202100034189.0;1;60;60462;2;1;1.0;3.0;49,3363500000;2,1972500000;
202100034190.0;1;60;60395;2;1;1.0;6.0;49,2221630000;2,1282270000;
202100034191.0;1;13;13215;1;1;1.0;2.0;43,3505300000;5,3680000000;
202100034192.0;3;13;13019;1;1;1.0;4.0;43,4235200000;5,3727900000;
202100034193.0;1;13;13055;1;1;1.0;2.0;43,2961600000;5,4255300000;
202100034194.0;3;01;01275;1;1;1.0;7.0;45,8100110000;4,9352340000;
202100034195.0;1;33;33143;1;1;1.0;6.0;44,9657990000; -0,4393710000;
202100034196.0;1;91;91645;1;1;1.0;2.0;48,7597600000;2,2696400000;
202100034197.0;1;92;92019;1;1;1.0;3.0;48,7615123684;2,2509306929;
202100034198.0;1;94;94021;1;1;1.0;4.0;48,7601200000;2,3388700000;
202100034199.0;1;78;78640;1;1;1.0;4.0;48,7812570000;2,1703640000;
202100034200.0;1;78;78402;1;1;1.0;6.0;48,9641350000;1,7740990000;
202100034201.0;1;93;93008;1;1;1.0;2.0;48,9094800000;2,4464100000;
202100034202.0;2;93;93010;1;1;1.0;5.0;48,9017300000;2,4704000000;
202100034203.0;1;14;14012;2;1;1.0;6.0;49,2507760000; -0,0386240000;
202100034204.0;1;75;75116;2;1;1.0;6.0;48,8583810000;2,2566470000;
202100034205.0;1;75;75114;2;1;1.0;6.0;48,8345210000;2,3192020000;
202100034206.0;1;85;85194;2;2;1.0;3.0;46,4997100000; -1,7569200000;
202100034207.0;2;19;19272;2;1;8.0;6.0;45,2671255977;1,7714520377;
202100034208.0;1;976;97610;1;2;1.0;3.0; -12,7556900000;45,2333900000;
202100034209.0;1;974;97411;2;1;2.0;2.0; -20,8913000000;55,4544500000;
202100034210.0;1;974;97411;1;1;2.0;3.0; -20,8876900000;55,4345100000;
202100034211.0;1;974;97407;2;1;1.0;6.0; -20,9407500000;55,2999200000;
202100034212.0;1;973;97302;2;1;1.0;3.0;4,9291801871; -52,3018352418;
202100034213.0;5;973;97302;2;2;1.0;5.0;4,9245400000; -52,3179100000;
202100034214.0;5;69;69386;2;5;1.0;3.0;45,7701000000;4,8570200000;
202100034215.0;1;69;69259;1;2;1.0;3.0;45,6896300000;4,9011000000;
202100034216.0;1;69;69387;2;2;1.0;3.0;45,7510300000;4,8437400000;
202100034217.0;5;972;97213;1;1;1.0;5.0;14,6175900000; -61,0184000000;
202100034218.0;5;69;69389;2;1;1.0;6.0;45,7713600000;4,7999000000;
202100034219.0;1;69;69034;2;1;1.0;6.0;45,8055100000;4,8538500000;
202100034220.0;1;69;69381;2;3;1.0;3.0;45,7684500000;4,8260200000;
202100034221.0;1;971;97101;2;6;1.0;3.0;16,2392606524; -61,5238022804;
202100034222.0;1;91;91021;2;9;1.0;2.0;48,5962720000;2,2461060000;
202100034223.0;1;91;91201;2;3;1.0;3.0;48,6833310000;2,4166700000;
202100034224.0;1;87;87085;2;1;1.0;6.0;45,8299700000;1,2316800000;
202100034225.0;1;87;87114;1;1;1.0;7.0;45,8576900000;1,3251000000;
202100034226.0;1;83;83137;2;1;1.0;6.0;43,1121100000;5,9404600000;
202100034227.0;5;83;83126;2;3;1.0;3.0;43,0828600000;5,8913200000;
202100034228.0;1;83;83069;2;1;1.0;6.0;43,1189271737;6,1286115646;
202100034229.0;5;80;80021;2;1;1.0;7.0;49,9048484603;2,3013353348;
202100034230.0;5;80;80021;2;2;1.0;1.0;49,8837000000;2,2821200000;
202100034231.0;1;80;80021;2;2;1.0;3.0;49,8918100000;2,3095900000;
202100034232.0;5;78;78586;2;1;1.0;6.0;48,9334200000;2,1623300000;
202100034233.0;5;78;78372;2;1;1.0;2.0;48,8774900000;2,0965000000;
202100034234.0;5;78;78350;2;1;1.0;6.0;48,8634190000;2,1169980000;
202100034235.0;1;77;77039;2;1;1.0;6.0;48,5255000000;2,5927500000;
202100034236.0;1;77;77284;2;3;1.0;6.0;48,9582100000;2,8797300000;
202100034237.0;1;76;76351;2;1;1.0;6.0;49,5012849989;0,1492971182;
202100034238.0;1;74;74012;2;2;1.0;3.0;46,1913000000;6,2424200000;
202100034239.0;1;69;69256;2;1;1.0;4.0;45,7879500000;4,9139100000;
202100034240.0;1;67;67482;2;8;1.0;3.0;48,5806400000;7,7273800000;
202100034241.0;1;67;67482;2;8;7.0;6.0;48,5961500000;7,6979580000;
202100034242.0;1;67;67482;2;1;1.0;3.0;48,5487700000;7,7492100000;
202100034243.0;3;67;67204;1;1;1.0;6.0;48,6245800000;7,7407500000;
202100034244.0;1;65;65100;1;3;1.0;3.0;43,2620200000;0,0572800000;
202100034245.0;1;64;64483;2;1;1.0;3.0;43,3939107160; -1,6504104169;
202100034246.0;1;64;64249;2;1;1.0;3.0;43,4239777366; -1,6048622131;
202100034247.0;1;64;64445;2;1;1.0;2.0;43,3067785230; -0,3418581605;
202100034248.0;1;64;64129;2;6;1.0;6.0;43,3007200000; -0,4096400000;
202100034249.0;1;64;64024;2;9;1.0;3.0;43,5082830000; -1,5223200000;
202100034250.0;1;64;64024;2;3;1.0;1.0;43,5135500000; -1,5003900000;
202100034251.0;1;63;63113;2;2;1.0;3.0;45,7628300000;3,0960700000;
202100034252.0;1;63;63113;2;2;1.0;3.0;45,7895200000;3,0984200000;
202100034253.0;1;63;63113;2;2;1.0;3.0;45,7649200000;3,0792000000;
202100034254.0;1;61;61397;2;1;1.0;2.0;48,4230300000;0,0641100000;
202100034255.0;5;59;59350;2;2;1.0;3.0;50,6302530000;3,0566480000;
202100034256.0;5;59;59350;2;1;1.0;6.0;50,6239000000;3,0806000000;
202100034257.0;5;59;59360;2;3;1.0;3.0;50,6059500000;3,0157200000;
202100034258.0;1;57;57306;1;1;1.0;2.0;49,3462800000;6,0678100000;
202100034259.0;5;54;54304;2;2;1.0;3.0;48,6932900000;6,1281400000;
202100034260.0;1;51;51454;2;1;1.0;4.0;49,2448831904;4,0500122309;
202100034261.0;1;50;50129;2;1;1.0;3.0;49,6316400000; -1,6092700000;
202100034262.0;1;50;50129;2;3;1.0;3.0;49,6346000000; -1,6270900000;
202100034263.0;1;49;49099;2;1;1.0;7.0;47,0540090000; -0,8900150000;
202100034264.0;1;47;47323;2;1;1.0;6.0;44,4081800000;0,7208600000;
202100034265.0;1;43;43041;2;1;1.0;2.0;45,0474500000;3,9250100000;
202100034266.0;1;41;41018;2;1;1.0;2.0;47,5898000000;1,2984400000;
202100034267.0;3;41;41212;2;6;8.0;7.0;47,5616800000;1,3732000000;
202100034268.0;1;41;41018;2;1;2.0;3.0;47,6022100000;1,3351800000;
202100034269.0;5;38;38185;2;2;1.0;3.0;45,1618700000;5,7159500000;
202100034270.0;1;38;38185;2;1;1.0;3.0;45,1844600000;5,7156400000;
202100034271.0;1;37;37261;2;3;1.0;6.0;47,3781374690;0,7095213979;
202100034272.0;1;35;35238;2;3;1.0;3.0;48,1116700000; -1,6561200000;
202100034273.0;1;34;34172;2;1;1.0;6.0;43,5989700000;3,8937300000;
202100034274.0;1;34;34172;2;1;1.0;3.0;43,5848617250;3,8631568104;
202100034275.0;1;34;34172;2;1;1.0;2.0;43,6088500000;3,9110200000;
202100034276.0;5;30;30007;2;2;1.0;6.0;44,1337500000;4,0783400000;
202100034277.0;1;30;30007;2;3;1.0;3.0;44,1276500000;4,0732300000;
202100034278.0;1;29;29232;2;1;1.0;5.0;47,9792700000; -4,0955640000;
202100034279.0;1;29;29232;2;1;1.0;6.0;47,9787400000; -4,1022430000;
202100034280.0;1;29;29019;2;1;1.0;2.0;48,4032200000; -4,4810000000;
202100034281.0;4;28;28085;2;3;1.0;3.0;48,4428500000;1,4798200000;
202100034282.0;1;27;27375;2;1;1.0;3.0;49,2100400000;1,1687100000;
202100034283.0;1;22;22278;2;1;1.0;2.0;48,5188200000; -2,7807400000;
202100034284.0;1;22;22278;1;1;1.0;3.0;48,5219690000; -2,7488960000;
202100034285.0;1;17;17306;1;9;1.0;3.0;45,6306250000; -0,9923460000;
202100034286.0;1;15;15014;2;1;1.0;3.0;44,9012600000;2,4273000000;
202100034287.0;3;14;14574;2;1;1.0;6.0;49,1344200000;0,2055500000;
202100034288.0;1;14;14327;2;1;1.0;6.0;49,1986200000; -0,3389400000;
202100034289.0;1;14;14118;2;2;1.0;3.0;49,1752000000; -0,3798000000;
202100034290.0;1;14;14254;1;1;1.0;2.0;49,1474100000; -0,4109300000;
202100034291.0;1;13;13211;2;1;1.0;2.0;43,2899126264;5,4947551327;
202100034292.0;1;13;13215;2;1;1.0;7.0;43,3493327973;5,3595001001;
202100034293.0;5;13;13207;2;3;1.0;3.0;43,2773208937;5,3567536403;
202100034294.0;1;13;13206;2;2;1.0;3.0;43,2839844875;5,3873106794;
202100034295.0;1;13;13210;2;1;1.0;3.0;43,2842500000;5,3986300000;
202100034296.0;1;13;13206;2;1;1.0;3.0;43,2901000000;5,3734700000;
202100034297.0;5;13;13210;2;1;1.0;3.0;43,2809490000;5,4221030000;
202100034298.0;2;13;13028;1;1;1.0;1.0;43,1969351427;5,5940024724;
202100034299.0;1;13;13004;2;1;1.0;3.0;43,6890600000;4,6365900000;
202100034300.0;1;11;11069;2;1;1.0;2.0;43,2110407763;2,3553174734;
202100034301.0;1;11;11069;2;1;1.0;2.0;43,2093600000;2,3800400000;
202100034302.0;1;11;11069;2;4;1.0;1.0;43,2010600000;2,3590800000;
202100034303.0;1;10;10387;2;9;1.0;3.0;48,2925300000;4,0735000000;
202100034304.0;1;08;08105;2;1;7.0;6.0;49,7371600000;4,7158900000;
202100034305.0;1;06;06069;2;1;1.0;3.0;43,6456000000;6,9395700000;
202100034306.0;1;04;04112;2;1;1.0;2.0;43,8251000000;5,7834500000;
202100034307.0;1;75;75112;2;1;1.0;2.0;48,8274660000;2,3923120000;
202100034308.0;1;75;75119;2;2;1.0;3.0;48,8830080000;2,3855630000;
202100034309.0;1;75;75117;2;2;1.0;3.0;48,8829860000;2,3241070000;
202100034310.0;5;75;75116;2;7;1.0;3.0;48,8740420000;2,2942400000;
202100034311.0;1;75;75113;2;3;1.0;3.0;48,8244240000;2,3578220000;
202100034312.0;1;75;75112;2;5;1.0;3.0;48,8458710000;2,3742940000;
202100034313.0;1;75;75104;2;1;1.0;1.0;48,8522540000;2,3607310000;
202100034314.0;1;94;94068;2;1;1.0;2.0;48,8069800000;2,5108700000;
202100034315.0;1;94;94068;2;1;1.0;3.0;48,7907400000;2,5065400000;
202100034316.0;1;94;94065;2;2;1.0;3.0;48,7424500000;2,3537000000;
202100034317.0;1;94;94022;2;1;1.0;6.0;48,7637400000;2,4061100000;
202100034318.0;1;94;94022;2;1;1.0;2.0;48,7560300000;2,4144100000;
202100034319.0;1;94;94022;2;2;1.0;3.0;48,7549300000;2,4118200000;
202100034320.0;1;94;94079;2;1;1.0;1.0;48,8209000000;2,5468000000;
202100034321.0;1;94;94018;2;1;1.0;3.0;48,8280400000;2,4035100000;
202100034322.0;1;94;94004;2;3;1.0;3.0;48,7493500000;2,5084300000;
202100034323.0;5;94;94075;2;9;1.0;6.0;48,7274400000;2,5310300000;
202100034324.0;1;94;94002;2;2;1.0;3.0;48,7981900000;2,4206300000;
202100034325.0;1;93;93051;2;1;1.0;3.0;48,8415270000;2,5808600000;
202100034326.0;1;93;93051;2;9;1.0;2.0;48,8521300000;2,5335300000;
202100034327.0;1;93;93048;2;1;1.0;6.0;48,8646370000;2,4506920000;
202100034328.0;1;93;93031;2;1;1.0;3.0;48,9494690000;2,3308560000;
202100034329.0;1;93;93001;2;9;1.0;1.0;48,9166700000;2,3833300000;
202100034330.0;5;92;92051;2;5;1.0;2.0;48,8934460707;2,2676146030;
202100034331.0;1;92;92050;2;5;1.0;2.0;48,8968717175;2,1958976984;
202100034332.0;1;92;92035;2;9;1.0;6.0;48,9065984353;2,2491878271;
202100034333.0;1;92;92026;2;1;1.0;3.0;48,8979661151;2,2635537386;
202100034334.0;1;92;92023;2;1;1.0;1.0;48,7860096890;2,2484676540;
202100034335.0;1;92;92007;2;2;7.0;1.0;48,7960082857;2,2923204303;
202100034336.0;1;92;92036;2;2;1.0;3.0;48,9292613664;2,2844610279;
202100034337.0;1;80;80615;2;2;1.0;3.0;50,0191040000;2,6881500000;
202100034338.0;1;01;01290;2;3;2.0;3.0;45,9009150000;5,1857910000;
202100034339.0;1;52;52331;1;1;1.0;2.0;48,4964280000;4,7726370000;
202100034340.0;1;42;42120;1;1;1.0;2.0;45,9977140000;3,9956330000;
202100034341.0;1;28;28177;1;1;1.0;1.0;48,4108870000;1,5401460000;
202100034342.0;1;71;71003;1;1;1.0;2.0;46,9137150000;4,9879740000;
202100034343.0;1;59;59487;2;1;1.0;6.0;50,6203490000;2,9071280000;
202100034344.0;1;27;27552;1;1;1.0;6.0;49,0144450000;0,4461750000;
202100034345.0;1;95;95527;2;1;1.0;1.0;48,9794560000;2,5014070000;
202100034346.0;2;56;56204;2;1;7.0;1.0;47,9185140000; -2,7272920000;
202100034347.0;3;76;76733;1;1;1.0;6.0;49,7167362014;1,2740521266;
202100034348.0;3;79;79171;1;1;1.0;1.0;46,9525030000; -0,2969310000;
202100034349.0;1;2B;2B226;1;1;1.0;7.0;42,2292340000;9,3525910000;
202100034350.0;1;32;32296;2;3;1.0;1.0;43,7592620000; -0,0351050000;
202100034351.0;1;11;11020;1;1;1.0;7.0;42,9089300000;2,5092710000;
202100034352.0;1;63;63273;1;3;1.0;3.0;45,7289930000;3,2507570000;
202100034353.0;1;86;86177;2;6;1.0;3.0;46,6842760000;0,2579100000;
202100034354.0;1;39;39047;1;1;1.0;7.0;46,5663000000;6,0800530000;
202100034355.0;1;44;44061;1;1;1.0;6.0;47,2409360000; -1,9486570000;
202100034356.0;1;44;44087;2;6;1.0;3.0;46,9788910000; -1,8039890000;
202100034357.0;3;44;44021;1;1;1.0;7.0;47,0640120000; -1,8894770000;
202100034358.0;1;44;44153;1;9;1.0;6.0;47,6919770000; -1,4495780000;
202100034359.0;1;29;29275;1;1;1.0;1.0;48,4405610000; -3,6670950000;
202100034360.0;1;29;29158;2;1;1.0;2.0;47,7969530000; -4,3563580000;
202100034361.0;1;02;02601;1;9;7.0;3.0;49,4067670000;4,0411390000;
202100034362.0;1;03;03022;2;2;1.0;3.0;46,2009770000;3,0791680000;
202100034363.0;5;01;01034;2;1;1.0;6.0;45,7588560000;5,6862510000;
202100034364.0;1;01;01001;1;1;1.0;1.0;46,1275040503;4,9174701422;
202100034365.0;1;58;58208;1;1;1.0;1.0;47,2232080000;3,6258580000;
202100034366.0;1;72;72156;1;3;1.0;3.0;48,1056520000;0,7168900000;
202100034367.0;2;72;72129;1;1;1.0;6.0;48,0511200000;0,3452970000;
202100034368.0;2;64;64120;1;1;1.0;7.0;43,2990720000; -1,0849430000;
202100034369.0;1;64;64275;2;1;1.0;7.0;43,1688440000; -1,2324110000;
202100034370.0;1;43;43218;1;1;1.0;1.0;45,0631850000;4,0196500000;
202100034371.0;1;16;16009;1;1;7.0;1.0;45,9536810000;0,5890150000;
202100034372.0;1;53;53055;1;1;1.0;7.0;48,4185220000; -0,5488410000;
202100034373.0;1;21;21567;1;2;1.0;3.0;47,1128090000;4,4871430000;
202100034374.0;1;04;04004;1;1;1.0;7.0;43,7974760000;6,0424700000;
202100034375.0;1;28;28029;1;1;1.0;7.0;48,1633520000;1,8205760000;
202100034376.0;1;28;28137;1;1;1.0;7.0;48,5675560000;1,6979400000;
202100034377.0;3;08;08373;2;8;1.0;3.0;49,8054290000;4,2726140000;
202100034378.0;1;88;88362;1;1;1.0;7.0;48,3974970000;7,0286320000;
202100034379.0;1;67;67049;1;1;1.0;1.0;48,5138764439;7,5970244408;
202100034380.0;5;74;74010;2;1;1.0;2.0;45,8835640000;6,0986120000;
202100034381.0;1;44;44213;1;9;1.0;3.0;47,3699100000; -1,0158760000;
202100034382.0;1;06;06088;1;1;1.0;7.0;43,7290490000;7,2580150000;
202100034383.0;3;34;34270;1;1;1.0;2.0;43,5567280000;3,8243370000;
202100034384.0;3;988;98820;1;1;1.0;1.0; -20,5559690000;166,5700940000;
202100034385.0;1;973;97311;2;1;1.0;3.0;5,4883690000; -54,0355920000;
202100034386.0;1;30;30027;1;1;1.0;3.0;44,0531260000;4,0589140000;
202100034387.0;2;34;34145;1;1;1.0;7.0;43,6944350000;4,1356120000;
202100034388.0;1;05;05006;1;1;1.0;7.0;44,7711270000;6,5613060000;
202100034389.0;1;68;68287;1;1;1.0;1.0;47,9349350000;7,2772920000;
202100034390.0;2;67;67101;2;6;1.0;2.0;48,5235400000;7,4981580000;
202100034391.0;3;03;03113;1;1;1.0;6.0;46,0348990000;3,6446290000;
202100034392.0;1;74;74146;2;9;1.0;1.0;46,3685120000;6,5713560000;
202100034393.0;3;38;38565;1;1;1.0;1.0;45,2600300000;5,6584630000;
202100034394.0;1;33;33273;2;1;7.0;3.0;44,8427260000; -0,7717260000;
202100034395.0;2;50;50592;1;1;1.0;6.0;48,9611620000; -1,0463830000;
202100034396.0;1;27;27653;1;1;1.0;1.0;49,1766400000;1,5450600000;
202100034397.0;1;60;60439;2;6;7.0;3.0;49,3101488324;2,3267111777;
202100034398.0;1;59;59482;2;3;1.0;3.0;50,7047310000;2,9872240000;
202100034399.0;1;13;13202;2;1;1.0;2.0;43,2978000000;5,3630000000;
202100034400.0;1;13;13005;1;1;1.0;4.0;43,2838673251;5,5868727580;
202100034401.0;1;13;13001;1;1;1.0;6.0;43,5225500000;5,4269500000;
202100034402.0;1;13;13215;1;1;1.0;5.0;43,3600800000;5,3617700000;
202100034403.0;3;13;13211;1;1;1.0;4.0;43,2899070000;5,4472660000;
202100034404.0;3;13;13215;1;1;1.0;2.0;43,3516462008;5,3667969703;
202100034405.0;1;69;69142;1;1;1.0;3.0;45,7300000000;4,8154000000;
202100034406.0;1;67;67152;1;1;1.0;3.0;48,5223000000;7,6968100000;
202100034407.0;1;33;33143;1;1;1.0;2.0;44,9553930000; -0,4531690000;
202100034408.0;1;33;33143;1;1;1.0;2.0;44,9657780000; -0,4392310000;
202100034409.0;1;33;33065;1;1;1.0;4.0;44,8145580000; -0,5207940000;
202100034410.0;1;33;33122;1;1;1.0;4.0;44,7246590000; -0,7332420000;
202100034411.0;3;33;33487;1;6;1.0;2.0;44,9518005082; -0,4601168633;
202100034412.0;1;91;91553;1;1;1.0;7.0;48,6250400000;2,4716000000;
202100034413.0;5;94;94043;1;1;1.0;6.0;48,8067716076;2,3462255274;
202100034414.0;1;78;78297;1;1;1.0;2.0;48,7913450000;2,0564190000;
202100034415.0;4;78;78402;1;1;1.0;6.0;48,9648000000;1,7671000000;
202100034416.0;1;93;93010;1;1;1.0;3.0;48,9053900000;2,4718200000;
202100034417.0;1;93;93007;1;1;1.0;2.0;48,9456900000;2,4406100000;
202100034418.0;1;94;94073;1;1;1.0;3.0;48,7630280253;2,3813295364;
202100034419.0;1;94;94073;1;1;1.0;6.0;48,7628606503;2,3813598274;
202100034420.0;1;94;94015;1;1;1.0;6.0;48,8312900000;2,5310700000;
202100034421.0;1;77;77258;1;1;1.0;2.0;48,8307000000;2,6327700000;
202100034422.0;1;94;94079;1;1;1.0;6.0;48,8354458972;2,5387118132;
202100034423.0;1;94;94022;1;1;1.0;4.0;48,7765946914;2,4169104610;
202100034424.0;1;75;75117;2;4;1.0;6.0;48,8797370000;2,2894820000;
202100034425.0;1;92;92012;2;2;1.0;6.0;48,8397300000;2,2471800000;
202100034426.0;2;75;75115;2;4;1.0;2.0;48,8327390000;2,2794970000;
202100034427.0;1;75;75120;2;3;1.0;3.0;48,8692010000;2,3919170000;
202100034428.0;1;75;75119;2;3;1.0;6.0;48,8845050000;2,3945830000;
202100034429.0;1;75;75118;2;3;7.0;6.0;48,8930720000;2,3277490000;
202100034430.0;1;75;75117;2;1;1.0;6.0;48,8935420000;2,3245570000;
202100034431.0;1;75;75117;2;2;1.0;3.0;48,8874920000;2,2947700000;
202100034432.0;2;75;75116;2;2;1.0;3.0;48,8479130000;2,2589220000;
202100034433.0;1;75;75107;2;1;1.0;6.0;48,8588180000;2,3315040000;
202100034434.0;2;75;75113;2;1;1.0;6.0;48,8256870000;2,3426710000;
202100034435.0;1;75;75113;2;1;1.0;1.0;48,8349660000;2,3667320000;
202100034436.0;1;75;75112;2;1;1.0;3.0;48,8463500000;2,3667210000;
202100034437.0;1;75;75112;2;1;1.0;2.0;48,8450120000;2,3956020000;
202100034438.0;1;75;75111;2;4;1.0;3.0;48,8659950000;2,3707120000;
202100034439.0;1;75;75107;2;1;1.0;3.0;48,8500330000;2,3115750000;
202100034440.0;1;75;75102;2;3;1.0;3.0;48,8687090000;2,3331280000;
202100034441.0;1;94;94052;2;2;1.0;3.0;48,8358000000;2,4886000000;
202100034442.0;1;94;94034;2;6;7.0;3.0;48,7534000000;2,3331400000;
202100034443.0;5;94;94028;2;1;1.0;6.0;48,7773500000;2,4416800000;
202100034444.0;1;94;94022;2;1;1.0;3.0;48,7573510000;2,4074450000;
202100034445.0;1;94;94022;2;9;1.0;6.0;48,7542400000;2,4137800000;
202100034446.0;1;94;94070;1;1;1.0;7.0;48,7219100000;2,5626900000;
202100034447.0;1;93;93073;2;9;7.0;5.0;49,0026084680;2,5368762016;
202100034448.0;1;93;93046;2;1;1.0;5.0;48,9113830000;2,5181060000;
202100034449.0;1;93;93007;2;5;1.0;3.0;48,9498970434;2,4670227430;
202100034450.0;1;93;93007;2;1;1.0;6.0;48,9480200000;2,4497000000;
202100034451.0;1;92;92072;2;1;1.0;3.0;48,8231579333;2,2096332908;
202100034452.0;1;92;92050;2;1;1.0;5.0;48,8856400000;2,2204300000;
202100034453.0;1;92;92049;2;1;1.0;6.0;48,8100462858;2,3192122579;
202100034454.0;1;92;92036;2;2;1.0;3.0;48,9233440000;2,3213150000;
202100034455.0;1;92;92071;2;1;1.0;2.0;48,7790574772;2,2805857658;
202100034456.0;1;60;60139;1;1;1.0;2.0;49,1538949699;2,2442622183;
202100034457.0;1;29;29277;2;1;1.0;6.0;48,3736247958; -4,0208406937;
202100034458.0;1;37;37193;1;1;7.0;3.0;47,2809403228;0,2008770884;
202100034459.0;1;35;35245;2;6;7.0;6.0;48,2160700000; -1,8895570000;
202100034460.0;1;01;01085;1;1;1.0;3.0;46,0426170000;5,0357720000;
202100034461.0;1;24;24010;2;3;1.0;3.0;45,1720920000;0,5908370000;
202100034462.0;1;41;41282;1;1;1.0;6.0;47,3527800000;1,8556590000;
202100034463.0;1;33;33327;1;2;7.0;2.0;44,6457586380; -0,3420591570;
202100034464.0;1;81;81079;1;1;1.0;1.0;43,8306570000;2,1913220000;
202100034465.0;4;10;10276;2;9;1.0;2.0;48,2342100000;3,7215490000;
202100034466.0;1;26;26337;1;9;1.0;3.0;44,7166500000;4,7854260000;
202100034467.0;1;21;21630;1;1;1.0;6.0;47,2567990000;4,5328150000;
202100034468.0;1;63;63404;1;1;1.0;4.0;45,5733470000;3,2452150000;
202100034469.0;1;62;62282;1;1;1.0;3.0;50,3874940000;2,1749070000;
202100034470.0;3;77;77182;1;1;1.0;1.0;48,7708140000;3,2925510000;
202100034471.0;1;30;30141;1;1;1.0;6.0;44,1102000000;4,6131000000;
202100034472.0;1;89;89373;2;3;7.0;1.0;48,2131520000;3,3485070000;
202100034473.0;1;56;56078;1;3;7.0;7.0;47,7954850000; -3,4652850000;
202100034474.0;1;76;76035;2;5;1.0;1.0;49,7675300000;1,7527300000;
202100034475.0;1;65;65470;1;3;1.0;3.0;43,0625257868; -0,0429609418;
202100034476.0;1;81;81202;1;1;1.0;7.0;43,8264336405;1,8615442514;
202100034477.0;1;71;71414;1;1;1.0;2.0;47,0096588416;4,2952944362;
202100034478.0;1;89;89034;1;1;1.0;7.0;47,8119120000;3,7144840000;
202100034479.0;1;61;61018;1;1;1.0;7.0;48,9314050000;0,3201820000;
202100034480.0;2;55;55254;1;1;1.0;7.0;48,9589120000;5,2880610000;
202100034481.0;1;42;42334;2;1;1.0;6.0;45,8528930000;4,3569700000;
202100034482.0;1;47;47071;1;1;1.0;1.0;44,4702286534;0,4818604201;
202100034483.0;1;39;39170;2;1;1.0;7.0;46,6748410000;5,4976920000;
202100034484.0;1;44;44014;1;3;1.0;3.0;47,1120350000; -1,4761810000;
202100034485.0;1;34;34154;2;6;1.0;3.0;43,5487890000;3,9799260000;
202100034486.0;1;29;29236;2;1;1.0;6.0;47,8453740000; -3,6958510000;
202100034487.0;1;29;29212;2;3;7.0;2.0;48,3745860000; -4,5645030000;
202100034488.0;1;29;29214;1;3;1.0;2.0;47,9419630000; -4,3436440000;
202100034489.0;1;29;29197;2;1;1.0;6.0;48,0227790000; -4,5338510000;
202100034490.0;1;38;38144;1;1;1.0;7.0;45,5779660000;5,0918090000;
202100034491.0;1;26;26166;2;2;7.0;3.0;44,7533620000;4,8176550000;
202100034492.0;5;06;06032;1;1;1.0;6.0;43,7204850000;7,3915930000;
202100034493.0;1;50;50639;1;3;1.0;3.0;48,8503890000; -1,2206360000;
202100034494.0;1;09;09324;1;1;1.0;6.0;43,0513290000;1,6408740000;
202100034495.0;1;60;60418;1;2;1.0;3.0;49,4924590000;2,5593960000;
202100034496.0;1;60;60029;1;1;1.0;4.0;49,3745350000;1,9903290000;
202100034497.0;1;64;64317;1;1;1.0;7.0;43,3663700000; -1,4245250000;
202100034498.0;1;64;64317;1;1;1.0;4.0;43,3840060000; -1,4444230000;
202100034499.0;1;18;18024;1;1;1.0;7.0;46,6231520000;2,2189590000;
202100034500.0;1;10;10375;1;6;1.0;3.0;48,2873620000;4,1622140000;
202100034501.0;1;16;16106;2;3;7.0;1.0;46,0146120000;0,6755490000;
202100034502.0;1;04;04134;1;1;1.0;1.0;44,3383530000;6,0264840000;
202100034503.0;1;85;85051;1;1;1.0;6.0;46,6656200000; -1,0954500000;
202100034504.0;1;85;85213;1;1;1.0;6.0;46,5763200458; -1,3660041243;
202100034505.0;1;27;27284;2;6;1.0;3.0;49,2762260512;1,7545284071;
202100034506.0;2;87;87106;1;1;1.0;7.0;45,6806960000;1,1700760000;
202100034507.0;1;87;87146;1;2;1.0;3.0;45,5814650000;1,4687880000;
202100034508.0;1;48;48042;1;1;1.0;1.0;44,5441250000;3,5042630000;
202100034509.0;5;987;98715;2;1;1.0;1.0; -17,5845220000; -149,5685780000;
202100034510.0;1;13;13058;1;1;1.0;1.0;43,7186680000;4,8123760000;
202100034511.0;3;30;30189;1;1;1.0;7.0;43,8063960000;4,3705630000;
202100034512.0;1;68;68278;2;2;1.0;6.0;47,7457910000;7,4090820000;
202100034513.0;1;27;27697;1;1;1.0;6.0;49,2124110000;1,2177440000;
202100034514.0;2;45;45049;1;1;1.0;4.0;47,8567390000;2,3522560000;