Num_Acc;lum;departement;commune;agglomeration;intersection;meteo;type_collision;lat;long;date
202100034515.0;1;77;77520;2;6;1.0;7.0;48,3197340000;2,6543250000;
202100034516.0;1;34;34157;1;3;1.0;3.0;43,4429800000;3,5806310000;
202100034517.0;3;83;83068;2;1;1.0;1.0;43,2722250000;6,5268800000;
202100034518.0;1;13;13111;1;1;7.0;7.0;43,5511450000;5,6595040000;
202100034519.0;1;68;68171;1;1;1.0;7.0;47,9562020000;6,9904480000;
202100034520.0;1;68;68359;1;1;1.0;7.0;47,8401800000;7,1663050000;
202100034521.0;1;68;68287;2;4;7.0;7.0;47,9639650000;7,2935490000;
202100034522.0;1;03;03235;1;2;1.0;3.0;46,2568070000;3,5210810000;
202100034523.0;1;74;74127;1;1;1.0;1.0;46,3553400000;6,5363500000;
202100034524.0;1;69;69211;2;9;1.0;3.0;46,1207808147;4,7376072407;
202100034525.0;1;69;69227;1;1;1.0;2.0;45,6279940000;4,5308090000;
202100034526.0;1;09;09111;2;1;7.0;6.0;42,9483110000;1,0592790000;
202100034527.0;1;19;19203;1;4;1.0;1.0;45,2119490000;1,7800370000;
202100034528.0;1;61;61213;1;1;1.0;1.0;48,4584230000; -0,1048850000;
202100034529.0;1;76;76069;1;9;1.0;3.0;49,3766140000;1,1255940000;
202100034530.0;1;60;60087;1;1;1.0;1.0;49,1747460000;2,6531120000;
202100034531.0;1;60;60363;1;1;7.0;6.0;49,1860034775;1,8923934102;
202100034532.0;5;60;60103;2;1;1.0;6.0;49,4065470000;2,2384640000;
202100034533.0;2;59;59212;1;1;1.0;6.0;50,6430110000;2,6975140000;
202100034534.0;3;13;13055;1;1;1.0;7.0;43,3321900000;5,3872100000;
202100034535.0;1;13;13028;1;1;1.0;6.0;43,2090400000;5,6280010000;
202100034536.0;1;83;83129;1;1;1.0;5.0;43,1204644229;5,8431324448;
202100034537.0;1;69;69199;1;1;1.0;4.0;45,7164800000;4,8508700000;
202100034538.0;1;33;33397;1;1;1.0;3.0;44,8948990000; -0,4975860000;
202100034539.0;3;59;59560;1;1;1.0;6.0;50,5399790000;3,0526570000;
202100034540.0;1;91;91064;1;1;1.0;2.0;48,7555600000;2,2236000000;
202100034541.0;1;91;91103;1;1;1.0;4.0;48,6249500000;2,3089600000;
202100034542.0;2;91;91659;1;1;1.0;5.0;48,5903000000;2,4465000000;
202100034543.0;1;92;92050;1;1;1.0;2.0;48,9011604777;2,2056742319;
202100034544.0;1;78;78402;1;1;1.0;4.0;48,9645260000;1,7996330000;
202100034545.0;1;78;78362;1;1;1.0;2.0;48,9755380000;1,7241470000;
202100034546.0;1;95;95277;1;1;1.0;2.0;48,9769400000;2,4774400000;
202100034547.0;1;95;95018;1;1;1.0;3.0;48,9556700000;2,2775500000;
202100034548.0;5;25;25056;2;1;1.0;6.0;47,2405600000;6,0209400000;
202100034549.0;1;75;75112;2;1;1.0;6.0;48,8423280000;2,3896540000;
202100034550.0;1;92;92025;2;1;1.0;6.0;48,9147780000;2,2284990000;
202100034551.0;1;974;97416;1;1;1.0;6.0; -21,3565200000;55,5167800000;
202100034552.0;1;974;97416;2;3;1.0;3.0; -21,3436000000;55,4743000000;
202100034553.0;2;69;69387;2;2;1.0;3.0;45,7464500000;4,8499300000;
202100034554.0;1;69;69387;2;2;1.0;3.0;45,7487400000;4,8493900000;
202100034555.0;1;972;97209;2;1;1.0;3.0;14,6388100000; -61,0714500000;
202100034556.0;1;972;97213;1;1;1.0;2.0;14,6329000000; -60,9620000000;
202100034557.0;1;69;69382;2;1;1.0;5.0;45,7597638761;4,8339951038;
202100034558.0;1;95;95268;2;1;1.0;6.0;48,9755340000;2,3893780000;
202100034559.0;5;83;83137;2;1;1.0;2.0;43,1249000000;5,9323300000;
202100034560.0;1;83;83069;2;1;1.0;4.0;43,0988500000;6,1334500000;
202100034561.0;1;77;77350;1;1;1.0;1.0;48,7725397853;2,7081615414;
202100034562.0;1;74;74218;2;2;1.0;5.0;46,3880300000;6,5573100000;
202100034563.0;1;72;72181;2;3;1.0;3.0;48,0048648970;0,1951691508;
202100034564.0;1;72;72181;2;3;1.0;3.0;48,0126100000;0,1897200000;
202100034565.0;1;71;71270;2;1;1.0;7.0;46,3004700000;4,8317600000;
202100034566.0;2;69;69290;1;1;1.0;6.0;45,6904131478;4,9738240242;
202100034567.0;1;69;69029;2;3;1.0;2.0;45,7386600000;4,9171600000;
202100034568.0;1;69;69029;2;3;1.0;3.0;45,7501000000;4,9115000000;
202100034569.0;1;69;69266;2;2;1.0;2.0;45,7764100000;4,8730500000;
202100034570.0;1;69;69092;2;2;1.0;3.0;46,0023000000;4,7193000000;
202100034571.0;4;64;64335;2;1;1.0;7.0;43,3271200000; -0,4399700000;
202100034572.0;1;64;64129;2;6;1.0;3.0;43,3048900000; -0,4013800000;
202100034573.0;1;64;64024;2;1;1.0;7.0;43,4821800000; -1,5051700000;
202100034574.0;1;62;62758;2;1;1.0;3.0;50,7337200000;1,6738500000;
202100034575.0;1;60;60057;1;1;1.0;4.0;49,4342800000;2,1170400000;
202100034576.0;1;51;51454;2;1;1.0;7.0;49,2648490228;4,0266578410;
202100034577.0;1;51;51454;2;2;1.0;3.0;49,2318900000;4,0141400000;
202100034578.0;1;51;51230;2;1;1.0;1.0;49,0453409478;3,9616580039;
202100034579.0;5;45;45147;2;1;1.0;4.0;47,9213900000;1,9130100000;
202100034580.0;1;44;44109;2;1;1.0;3.0;47,2208700000; -1,5554140000;
202100034581.0;1;35;35238;2;2;7.0;3.0;48,0980800000; -1,6556600000;
202100034582.0;1;35;35238;2;1;1.0;7.0;48,1016900000; -1,6559700000;
202100034583.0;1;33;33162;2;2;1.0;3.0;44,8820300000; -0,6298700000;
202100034584.0;1;33;33192;2;3;1.0;3.0;44,7929000000; -0,6053700000;
202100034585.0;1;33;33529;2;1;1.0;6.0;44,5346110000; -1,1576150000;
202100034586.0;1;30;30028;1;1;1.0;1.0;44,1792100000;4,6093900000;
202100034587.0;1;29;29039;2;2;1.0;5.0;47,8769500000; -3,9152300000;
202100034588.0;1;27;27554;1;1;1.0;3.0;49,1042200000;1,4331800000;
202100034589.0;2;27;27375;2;3;1.0;3.0;49,2104900000;1,1731600000;
202100034590.0;5;17;17274;2;1;1.0;7.0;46,1578690000; -1,1064860000;
202100034591.0;1;15;15014;2;6;1.0;3.0;44,9233700000;2,4405500000;
202100034592.0;1;14;14715;2;1;1.0;6.0;49,3643990000;0,0992230000;
202100034593.0;2;13;13215;2;1;1.0;6.0;43,3593100000;5,3576800000;
202100034594.0;1;13;13209;2;1;1.0;3.0;43,2611100000;5,4058800000;
202100034595.0;1;13;13208;2;3;1.0;3.0;43,2419900000;5,3672900000;
202100034596.0;1;13;13210;2;1;1.0;1.0;43,2867900000;5,4245300000;
202100034597.0;1;13;13207;2;1;1.0;3.0;43,2907500000;5,3560200000;
202100034598.0;1;13;13001;1;1;7.0;3.0;43,5008114374;5,3796962623;
202100034599.0;1;09;09122;2;9;1.0;3.0;42,9643560000;1,6104110000;
202100034600.0;1;09;09122;2;1;1.0;7.0;42,9635440000;1,6071700000;
202100034601.0;1;06;06088;2;1;1.0;2.0;43,6897950000;7,2397910000;
202100034602.0;1;06;06088;2;1;1.0;7.0;43,6902630000;7,2407970000;
202100034603.0;1;04;04112;1;6;1.0;7.0;43,8437700000;5,8100500000;
202100034604.0;1;75;75119;2;4;1.0;4.0;48,9003510000;2,3803850000;
202100034605.0;1;75;75119;2;1;1.0;3.0;48,8908990000;2,3958090000;
202100034606.0;1;75;75112;2;1;1.0;6.0;48,8392040000;2,3918210000;
202100034607.0;5;75;75108;2;2;1.0;3.0;48,8709260000;2,3088300000;
202100034608.0;1;75;75120;2;5;1.0;3.0;48,8649760000;2,3955260000;
202100034609.0;1;75;75119;2;2;1.0;6.0;48,8892510000;2,3712750000;
202100034610.0;2;75;75119;2;1;1.0;3.0;48,8833500000;2,3723760000;
202100034611.0;5;75;75117;2;2;1.0;3.0;48,8851330000;2,2957460000;
202100034612.0;1;75;75115;2;7;1.0;6.0;48,8478840000;2,3014080000;
202100034613.0;5;75;75115;2;1;1.0;7.0;48,8441030000;2,3077560000;
202100034614.0;1;75;75114;2;7;1.0;3.0;48,8279100000;2,3268670000;
202100034615.0;1;75;75113;2;1;1.0;2.0;48,8328660000;2,3809020000;
202100034616.0;1;75;75112;2;1;1.0;4.0;48,8262210000;2,3909210000;
202100034617.0;5;75;75112;2;4;1.0;3.0;48,8465180000;2,4139560000;
202100034618.0;2;75;75109;2;1;1.0;7.0;48,8825430000;2,3431000000;
202100034619.0;5;75;75108;2;7;1.0;1.0;48,8645620000;2,3197460000;
202100034620.0;1;94;94037;2;1;1.0;7.0;48,8123200000;2,3496500000;
202100034621.0;1;94;94043;2;1;1.0;6.0;48,8083400000;2,3630400000;
202100034622.0;1;94;94073;2;2;1.0;3.0;48,7733800000;2,3994700000;
202100034623.0;1;94;94079;2;1;1.0;1.0;48,8348000000;2,5470000000;
202100034624.0;5;93;93064;2;9;1.0;1.0;48,8626500000;2,4936000000;
202100034625.0;1;93;93053;2;6;1.0;3.0;48,8882100000;2,4564800000;
202100034626.0;2;93;93048;2;2;1.0;3.0;48,8528300000;2,4446800000;
202100034627.0;1;93;93048;2;2;1.0;3.0;48,8618400000;2,4465500000;
202100034628.0;1;93;93074;1;1;1.0;5.0;48,9332800000;2,5914100000;
202100034629.0;1;93;93047;2;1;1.0;6.0;48,9067400000;2,5709600000;
202100034630.0;1;93;93057;2;1;1.0;3.0;48,9160730000;2,4984940000;
202100034631.0;5;92;92035;2;2;1.0;6.0;48,9068493956;2,2387862206;
202100034632.0;1;92;92025;2;1;1.0;6.0;48,9281980000;2,2370160000;
202100034633.0;1;11;11367;1;1;1.0;6.0;43,3709040290;2,1561659529;
202100034634.0;1;11;11194;1;1;1.0;6.0;43,3279020000;2,3834590000;
202100034635.0;1;54;54100;2;1;1.0;6.0;48,7862000000;6,3525200000;
202100034636.0;2;26;26140;1;1;1.0;2.0;45,1173740000;5,1014910000;
202100034637.0;1;24;24442;1;1;1.0;1.0;45,1179150000;0,4987550000;
202100034638.0;1;73;73091;2;9;1.0;3.0;45,7951620000;5,8181620000;
202100034639.0;1;71;71047;1;1;1.0;2.0;46,5956040000;3,7930110000;
202100034640.0;1;45;45213;1;1;1.0;6.0;47,8550990000;2,5929450000;
202100034641.0;1;68;68231;1;1;1.0;7.0;48,0128510000;7,5308810000;
202100034642.0;2;67;67107;1;1;7.0;7.0;48,7052080000;7,5478430000;
202100034643.0;5;01;01354;1;1;1.0;2.0;46,2381960000;6,0386340000;
202100034644.0;2;01;01354;1;1;1.0;1.0;46,2470410000;6,0405810000;
202100034645.0;1;29;29116;1;1;1.0;2.0;48,4947680000; -4,2043730000;
202100034646.0;3;974;97410;1;1;1.0;6.0; -21,0288460000;55,7049210000;
202100034647.0;1;58;58187;2;1;1.0;6.0;47,4450470000;2,9329100000;
202100034648.0;1;60;60176;2;3;1.0;3.0;49,2275540000;2,9053580000;
202100034649.0;3;71;71398;1;1;1.0;1.0;46,7558825327;4,9558815832;
202100034650.0;5;62;62673;2;1;1.0;6.0;50,1786470000;2,9868930000;
202100034651.0;1;41;41287;1;1;1.0;7.0;47,7679850000;1,0375370000;
202100034652.0;3;56;56031;2;1;1.0;7.0;47,8310770000; -3,0012180000;
202100034653.0;1;74;74278;1;1;1.0;7.0;46,0759700000;6,5328040000;
202100034654.0;1;79;79226;1;1;1.0;7.0;46,5602190000; -0,4432510000;
202100034655.0;1;2A;2A098;1;1;1.0;6.0;41,8087810000;8,7644510000;
202100034656.0;1;80;80686;1;3;1.0;3.0;50,0264870000;2,3902990000;
202100034657.0;5;65;65460;2;1;1.0;7.0;43,3837070000;0,0555940000;
202100034658.0;1;32;32301;1;2;1.0;1.0;43,6825140000;0,5273650000;
202100034659.0;1;11;11063;1;3;1.0;3.0;42,9228970000;2,2177740000;
202100034660.0;1;71;71311;1;1;1.0;1.0;46,7098615351;5,3018363883;
202100034661.0;1;61;61063;2;1;1.0;7.0;48,7032110000; -0,3636750000;
202100034662.0;1;39;39149;1;1;1.0;6.0;47,0965750000;5,7437000000;
202100034663.0;1;44;44036;2;1;1.0;1.0;47,7182590000; -1,3698400000;
202100034664.0;1;29;29241;1;1;1.0;7.0;47,9521820000; -3,7704990000;
202100034665.0;1;29;29175;1;1;1.0;7.0;48,2659550000; -3,8102070000;
202100034666.0;1;29;29029;1;1;1.0;1.0;48,2517190000; -3,6415490000;
202100034667.0;1;31;31085;1;1;1.0;1.0;42,9176210000;0,7575850000;
202100034668.0;1;02;02810;1;1;1.0;6.0;49,2518680000;3,0592310000;
202100034669.0;1;84;84084;1;1;1.0;6.0;43,7583286313;5,5068111427;
202100034670.0;1;01;01232;1;1;1.0;1.0;46,3793560000;5,2525810000;
202100034671.0;1;70;70198;2;1;1.0;6.0;47,5543270000;5,6774480000;
202100034672.0;2;26;26052;1;1;1.0;6.0;44,6013770000;4,8713640000;
202100034673.0;1;72;72328;1;1;1.0;6.0;48,0588360000;0,2697120000;
202100034674.0;1;06;06079;2;1;1.0;4.0;43,5501700000;6,9464180000;
202100034675.0;3;14;14020;2;1;1.0;6.0;49,1293300000; -0,1624560000;
202100034676.0;1;05;05009;1;1;1.0;7.0;44,7992550000;5,9705260000;
202100034677.0;1;50;50591;1;1;1.0;3.0;48,5255901218; -0,9197777511;
202100034678.0;1;07;07292;1;1;1.0;3.0;45,1657000000;4,6557350000;
202100034679.0;1;07;07181;2;1;1.0;1.0;44,7598610000;4,7508140000;
202100034680.0;1;40;40201;2;1;1.0;7.0;43,7509700000; -0,7523380000;
202100034681.0;1;40;40025;1;1;1.0;6.0;43,8245890000; -0,4099920000;
202100034682.0;1;28;28121;1;3;1.0;3.0;48,1157010000;1,8945490000;
202100034683.0;2;28;28023;1;3;1.0;3.0;48,5282580000;1,6284660000;
202100034684.0;1;17;17337;2;3;1.0;2.0;45,9717600000; -1,3559850000;
202100034685.0;1;37;37047;1;2;1.0;3.0;47,5076027560;0,6728982229;
202100034686.0;1;24;24340;1;1;1.0;1.0;44,8621680000;0,4189720000;
202100034687.0;2;88;88123;1;1;1.0;7.0;48,0948720000;5,6408050000;
202100034688.0;1;33;33382;1;1;1.0;3.0;45,1498430000; -0,4792360000;
202100034689.0;1;91;91105;1;1;1.0;2.0;48,5643220000;2,1760390000;
202100034690.0;1;34;34143;1;1;1.0;6.0;43,4626460000;3,6274300000;
202100034691.0;1;69;69027;2;6;1.0;3.0;45,6744440000;4,7604260000;
202100034692.0;1;83;83140;1;1;1.0;2.0;43,4236288948;5,9630846558;
202100034693.0;5;988;98823;1;3;1.0;7.0; -21,0694060000;165,3915420000;
202100034694.0;5;971;97117;1;1;1.0;1.0;16,3152180000; -61,3177820000;
202100034695.0;2;37;37210;1;1;1.0;4.0;47,2010395450;0,3218413846;
202100034696.0;1;77;77520;2;3;1.0;3.0;48,3183860000;2,6529620000;
202100034697.0;1;78;78068;1;3;7.0;1.0;49,0357020000;1,4811370000;
202100034698.0;1;13;13027;1;3;1.0;3.0;43,8852820000;4,8290920000;
202100034699.0;1;68;68072;2;1;1.0;1.0;47,6900390000;7,3996860000;
202100034700.0;2;74;74250;1;1;1.0;7.0;46,0454760000;6,3777350000;
202100034701.0;1;42;42168;1;1;1.0;1.0;45,4254890000;4,6761520000;
202100034702.0;1;81;81105;2;9;7.0;3.0;43,7657670000;1,9797170000;
202100034703.0;1;81;81039;1;1;1.0;3.0;43,7547560000;1,9309760000;
202100034704.0;1;09;09209;1;1;1.0;7.0;42,9976640000;1,1659240000;
202100034705.0;1;86;86287;1;1;1.0;3.0;47,0553300000;0,1492270000;
202100034706.0;1;22;22364;1;1;1.0;1.0;48,4345720000; -2,0808680000;
202100034707.0;1;76;76401;1;1;1.0;1.0;49,4352200000;0,7913700000;
202100034708.0;2;60;60500;1;3;1.0;3.0;49,0932476129;2,7480429375;
202100034709.0;1;59;59126;2;1;1.0;6.0;50,3121130000;3,1175490000;
202100034710.0;1;13;13033;1;1;1.0;2.0;43,3733200000;5,1920900000;
202100034711.0;1;13;13210;1;1;1.0;2.0;43,2832500000;5,4004900000;
202100034712.0;1;13;13005;1;1;1.0;2.0;43,2865200000;5,5366600000;
202100034713.0;1;13;13210;2;1;1.0;2.0;43,2832200000;5,4000600000;
202100034714.0;1;69;69029;1;1;1.0;3.0;45,7273800000;4,8963500000;
202100034715.0;1;42;42123;1;1;1.0;4.0;45,5152000000;4,5785000000;
202100034716.0;1;42;42099;1;1;1.0;3.0;45,3748394913;4,2709123935;
202100034717.0;1;91;91235;1;1;1.0;4.0;48,6247800000;2,3706300000;
202100034718.0;1;91;91161;1;1;1.0;2.0;48,7168000000;2,3097000000;
202100034719.0;3;91;91570;1;1;1.0;2.0;48,6249000000;2,3153000000;
202100034720.0;1;92;92019;1;1;1.0;6.0;48,7697864876;2,2440132870;
202100034721.0;1;91;91216;1;1;1.0;4.0;48,6815200000;2,3307100000;
202100034722.0;1;78;78158;1;1;1.0;2.0;48,8314650000;2,1472170000;
202100034723.0;1;78;78362;1;1;1.0;6.0;48,9762770000;1,7210740000;
202100034724.0;1;78;78090;1;1;1.0;6.0;48,9696310000;1,9133240000;
202100034725.0;1;95;95277;1;1;1.0;4.0;48,9702428126;2,4830228090;
202100034726.0;1;95;95018;1;1;1.0;4.0;48,9537750808;2,2789100209;
202100034727.0;1;95;95028;1;1;1.0;6.0;49,0645100000;2,3691300000;
202100034728.0;1;93;93013;1;1;1.0;2.0;48,9402400000;2,4227800000;
202100034729.0;1;92;92078;1;1;1.0;5.0;48,9283084303;2,3316245851;
202100034730.0;1;94;94028;1;1;7.0;6.0;48,7760435069;2,4284361398;
202100034731.0;5;77;77373;1;1;1.0;6.0;48,7838100000;2,6165700000;
202100034732.0;5;987;98735;2;1;9.0;2.0; -17,5340000000; -149,5610500000;
202100034733.0;1;973;97302;2;2;1.0;3.0;4,9413200000; -52,3323500000;
202100034734.0;5;69;69383;2;2;1.0;3.0;45,7546587568;4,8675549030;
202100034735.0;2;69;69386;2;2;1.0;5.0;45,7648100000;4,8427500000;
202100034736.0;2;69;69383;2;2;1.0;3.0;45,7548586730;4,8499465503;
202100034737.0;2;69;69387;2;2;1.0;7.0;45,7475100000;4,8485700000;
202100034738.0;5;69;69383;2;2;1.0;3.0;45,7593496257;4,8678527841;
202100034739.0;1;69;69081;2;1;1.0;3.0;45,7746635917;4,7938035429;
202100034740.0;1;95;95088;2;1;1.0;7.0;48,9570500000;2,4458500000;
202100034741.0;2;91;91657;2;1;1.0;6.0;48,7014500000;2,4402800000;
202100034742.0;1;91;91027;2;1;1.0;6.0;48,6928700000;2,3894200000;
202100034743.0;2;83;83144;2;9;1.0;6.0;43,1437900000;6,0168000000;
202100034744.0;1;83;83019;1;9;1.0;3.0;43,1129240000;6,3103500000;
202100034745.0;1;83;83129;2;6;1.0;3.0;43,0954600000;5,8482000000;
202100034746.0;2;74;74010;2;1;1.0;6.0;45,9009900000;6,1179200000;
202100034747.0;1;73;73065;2;1;1.0;6.0;45,5596548825;5,9048982256;
202100034748.0;1;64;64545;2;3;1.0;3.0;43,3784640000; -1,6708229000;
202100034749.0;1;64;64122;2;1;8.0;7.0;43,4598500000; -1,5370200000;
202100034750.0;1;64;64102;2;1;1.0;4.0;43,4867000000; -1,4870500000;
202100034751.0;5;54;54395;2;2;1.0;6.0;48,6875988320;6,1707470566;
202100034752.0;1;49;49007;2;1;1.0;6.0;47,4480000000; -0,5623000000;
202100034753.0;1;45;45234;2;1;1.0;6.0;47,9017800000;1,8993500000;
202100034754.0;1;43;43041;2;1;1.0;3.0;45,0368036425;3,9348719299;
202100034755.0;3;38;38229;1;1;1.0;7.0;45,2054400000;5,7869100000;
202100034756.0;1;33;33522;2;7;1.0;3.0;44,7955500000; -0,6014000000;
202100034757.0;1;33;33063;2;1;7.0;2.0;44,8629180000; -0,5834770000;
202100034758.0;1;33;33063;2;1;1.0;6.0;44,8393800000; -0,6099800000;
202100034759.0;1;33;33162;2;1;1.0;3.0;44,8620900000; -0,6660000000;
202100034760.0;5;31;31555;2;1;1.0;2.0;43,6213000000;1,4533900000;
202100034761.0;5;31;31149;2;1;1.0;7.0;43,6018000000;1,3006700000;
202100034762.0;1;31;31555;2;1;1.0;3.0;43,6200300000;1,4529000000;
202100034763.0;1;28;28134;2;2;1.0;3.0;48,7392716760;1,3349890709;
202100034764.0;1;26;26362;2;9;1.0;3.0;44,9039500000;4,9244820000;
202100034765.0;1;24;24037;2;1;1.0;6.0;44,8586000000;0,4723200000;
202100034766.0;1;17;17300;2;6;1.0;3.0;46,1675700000; -1,1398300000;
202100034767.0;1;15;15014;2;1;1.0;6.0;44,9318500000;2,4502700000;
202100034768.0;1;14;14699;1;9;1.0;7.0;49,3454200000;0,1042400000;
202100034769.0;5;13;13208;2;3;1.0;3.0;43,2636247150;5,3894168941;
202100034770.0;1;11;11069;2;1;1.0;6.0;43,2088400000;2,3090600000;
202100034771.0;1;11;11069;2;1;1.0;3.0;43,2088500000;2,3091400000;
202100034772.0;1;10;10387;2;1;1.0;6.0;48,2997500000;4,0874700000;
202100034773.0;1;10;10362;1;9;1.0;2.0;48,3015300000;4,0244000000;
202100034774.0;5;07;07316;2;1;1.0;4.0;44,8983100000;4,8519000000;
202100034775.0;1;05;05023;2;6;1.0;3.0;44,8957420000;6,6327620000;
202100034776.0;1;75;75113;2;1;1.0;2.0;48,8257910000;2,3865890000;
202100034777.0;1;75;75116;2;1;1.0;3.0;48,8682190000;2,2697780000;
202100034778.0;1;75;75106;2;2;1.0;6.0;48,8489740000;2,3287430000;
202100034779.0;1;75;75116;2;3;1.0;4.0;48,8545300000;2,2836080000;
202100034780.0;1;75;75115;2;7;1.0;6.0;48,8416630000;2,3028330000;
202100034781.0;1;75;75115;2;3;1.0;3.0;48,8366800000;2,2792880000;
202100034782.0;1;75;75114;2;3;1.0;3.0;48,8303780000;2,3196700000;
202100034783.0;1;75;75113;2;2;1.0;3.0;48,8189940000;2,3595320000;
202100034784.0;1;75;75112;2;1;7.0;6.0;48,8384920000;2,4622760000;
202100034785.0;1;75;75112;2;2;1.0;2.0;48,8508850000;2,3756690000;
202100034786.0;1;75;75111;2;2;1.0;3.0;48,8504690000;2,3905940000;
202100034787.0;1;75;75110;2;2;1.0;6.0;48,8705270000;2,3611930000;
202100034788.0;1;75;75110;2;2;1.0;6.0;48,8808150000;2,3511740000;
202100034789.0;5;75;75109;2;1;1.0;1.0;48,8769760000;2,3481110000;
202100034790.0;1;75;75108;2;7;1.0;1.0;48,8649500000;2,3203300000;
202100034791.0;1;75;75107;2;2;1.0;3.0;48,8609650000;2,3149640000;
202100034792.0;1;75;75103;2;2;1.0;3.0;48,8686630000;2,3538900000;
202100034793.0;1;94;94081;2;3;1.0;6.0;48,7917000000;2,3834700000;
202100034794.0;1;94;94068;2;2;7.0;6.0;48,7974800000;2,5088000000;
202100034795.0;5;94;94022;2;3;1.0;4.0;48,7679000000;2,4173570000;
202100034796.0;1;93;93070;2;1;1.0;2.0;48,9074000000;2,3413200000;
202100034797.0;5;93;93070;2;7;1.0;3.0;48,9072890000;2,3262730000;
202100034798.0;1;93;93066;2;9;1.0;2.0;48,9440810000;2,3651960000;
202100034799.0;1;93;93064;2;1;1.0;3.0;48,8786640000;2,4787900000;
202100034800.0;1;93;93048;2;5;1.0;1.0;48,8681540000;2,4467620000;
202100034801.0;1;93;93063;2;9;1.0;3.0;48,8830000000;2,4296500000;
202100034802.0;1;93;93031;2;1;1.0;4.0;48,9514100000;2,3070600000;
202100034803.0;1;93;93031;2;9;1.0;3.0;48,9555430000;2,3117390000;
202100034804.0;1;93;93001;2;1;1.0;3.0;48,9094000000;2,3982000000;
202100034805.0;2;93;93001;2;9;1.0;3.0;48,9211865344;2,3765067011;
202100034806.0;1;93;93001;2;3;1.0;3.0;48,9132160000;2,3886280000;
202100034807.0;1;92;92022;2;1;1.0;2.0;48,8141067404;2,1926978230;
202100034808.0;1;92;92072;2;1;1.0;3.0;48,8227993605;2,2089385986;
202100034809.0;1;92;92050;2;1;1.0;6.0;48,9002689182;2,2143727541;
202100034810.0;1;92;92050;2;1;1.0;6.0;48,8965211225;2,1757274866;
202100034811.0;1;92;92048;2;3;1.0;3.0;48,7965000000;2,2176700000;
202100034812.0;5;92;92026;2;3;1.0;3.0;48,8980234661;2,2637213767;
202100034813.0;1;92;92025;2;1;1.0;2.0;48,9101366651;2,2350807488;
202100034814.0;5;92;92004;2;3;1.0;7.0;48,9092000000;2,2935000000;
202100034815.0;1;92;92002;2;1;1.0;6.0;48,7539709158;2,3023518843;
202100034816.0;1;92;92002;2;1;1.0;3.0;48,7636762747;2,2917249799;
202100034817.0;3;47;47076;1;1;1.0;6.0;44,0850570000;0,7287240000;
202100034818.0;1;62;62534;2;6;1.0;3.0;50,7074910000;2,1174230000;
202100034819.0;1;86;86007;1;1;1.0;3.0;46,9029240000;0,5243460000;
202100034820.0;1;68;68229;1;9;1.0;7.0;47,9047240000;7,1033160000;
202100034821.0;3;81;81209;1;1;1.0;7.0;43,5332660000;2,3894400000;
202100034822.0;2;83;83054;1;1;1.0;2.0;43,1681280000;6,0513640000;
202100034823.0;1;67;67437;2;3;1.0;1.0;48,7470780000;7,3687870000;
202100034824.0;3;85;85082;1;1;1.0;7.0;46,8734830000; -0,9413700000;
202100034825.0;1;83;83031;1;1;1.0;5.0;43,3842170000;6,3597110000;
202100034826.0;1;57;57264;1;1;1.0;3.0;49,0794180000;6,9450490000;
202100034827.0;1;51;51434;1;1;1.0;3.0;49,0146803312;4,0664916097;
202100034828.0;1;79;79102;2;1;1.0;7.0;46,9245750000; -0,3171980000;
202100034829.0;1;79;79195;1;1;1.0;6.0;46,9242420000; -0,5547560000;
202100034830.0;1;82;82030;2;1;1.0;6.0;44,0066640000;1,0927000000;
202100034831.0;1;65;65182;1;3;1.0;5.0;42,9797430000; -0,1665010000;
202100034832.0;1;32;32187;1;3;1.0;2.0;43,5602890000;0,4419740000;
202100034833.0;1;71;71546;1;1;1.0;1.0;46,3260020000;4,5245810000;
202100034834.0;1;89;89223;1;3;7.0;3.0;47,7954850000;4,0952830000;
202100034835.0;1;61;61116;1;1;1.0;7.0;48,4179800000;0,9429360000;
202100034836.0;1;61;61456;1;6;1.0;2.0;48,7746890000;0,6097840000;
202100034837.0;3;61;61081;1;1;1.0;7.0;48,6617760000;0,2229080000;
202100034838.0;1;49;49041;2;3;1.0;3.0;47,3060220000;0,0666150000;
202100034839.0;1;49;49069;1;4;1.0;4.0;47,3593890000; -1,1751230000;
202100034840.0;1;68;68042;2;6;1.0;3.0;47,6023180000;7,5069130000;
202100034841.0;1;39;39441;1;1;1.0;6.0;46,4805090000;6,0293270000;
202100034842.0;1;44;44048;1;3;1.0;2.0;47,3766670000; -1,2470560000;
202100034843.0;1;29;29105;2;1;1.0;2.0;48,5047740000; -4,0750690000;