Num_Acc;lum;departement;commune;agglomeration;intersection;meteo;type_collision;lat;long;date
202100035501.0;1;39;39198;2;1;1.0;3.0;47,0966740000;5,4975010000;
202100035502.0;1;38;38318;2;6;1.0;3.0;45,5243900000;4,9219980000;
202100035503.0;1;38;38185;2;2;1.0;3.0;45,1855900000;5,7080500000;
202100035504.0;1;37;37261;2;1;1.0;6.0;47,3935308035;0,6848834320;
202100035505.0;1;35;35238;2;1;1.0;3.0;48,1068100000; -1,7280800000;
202100035506.0;1;34;34108;2;1;1.0;3.0;43,4257718675;3,7311324477;
202100035507.0;1;34;34032;2;6;1.0;3.0;43,3533900000;3,2251900000;
202100035508.0;1;31;31555;2;1;7.0;2.0;43,5795070000;1,4059870000;
202100035509.0;1;28;28134;2;1;1.0;1.0;48,7323500000;1,3717600000;
202100035510.0;1;28;28085;2;1;1.0;3.0;48,4443400000;1,4845300000;
202100035511.0;1;25;25056;2;1;1.0;3.0;47,2368700000;5,9884700000;
202100035512.0;1;25;25056;2;2;1.0;3.0;47,2356300000;5,9825800000;
202100035513.0;1;17;17300;1;1;1.0;2.0;46,1685600000; -1,1207200000;
202100035514.0;1;13;13039;1;1;1.0;6.0;43,4420503794;4,9398994446;
202100035515.0;1;13;13056;2;1;1.0;2.0;43,4143800000;5,0379700000;
202100035516.0;1;13;13209;2;1;1.0;2.0;43,2525800000;5,4051900000;
202100035517.0;1;13;13215;2;1;1.0;3.0;43,3457600000;5,3547100000;
202100035518.0;1;13;13208;2;1;1.0;3.0;43,2828908524;5,3892633319;
202100035519.0;1;13;13213;2;1;1.0;3.0;43,3326000000;5,4356400000;
202100035520.0;1;13;13201;2;1;1.0;1.0;43,2968563248;5,3763236297;
202100035521.0;1;13;13212;2;6;1.0;7.0;43,2950000000;5,4450000000;
202100035522.0;1;11;11069;2;2;1.0;3.0;43,2134500000;2,3383100000;
202100035523.0;1;10;10333;1;6;1.0;3.0;48,2702400000;4,0502800000;
202100035524.0;1;09;09122;2;9;1.0;3.0;42,9643900000;1,6104700000;
202100035525.0;1;07;07102;2;2;1.0;3.0;44,9330900000;4,8630200000;
202100035526.0;1;75;75120;2;1;1.0;3.0;48,8572240000;2,4142340000;
202100035527.0;1;75;75116;2;1;1.0;3.0;48,8697840000;2,2716840000;
202100035528.0;1;75;75113;2;1;1.0;3.0;48,8224330000;2,3802210000;
202100035529.0;5;75;75118;2;1;1.0;2.0;48,9006160000;2,3303490000;
202100035530.0;1;75;75119;2;1;1.0;2.0;48,9003590000;2,3766420000;
202100035531.0;1;75;75116;2;1;1.0;4.0;48,8764290000;2,2783610000;
202100035532.0;1;75;75109;2;1;1.0;6.0;48,8748810000;2,3401620000;
202100035533.0;1;75;75105;2;5;1.0;3.0;48,8503040000;2,3426520000;
202100035534.0;1;75;75106;2;2;1.0;3.0;48,8503070000;2,3426520000;
202100035535.0;1;75;75118;2;2;1.0;3.0;48,8946030000;2,3471910000;
202100035536.0;1;75;75118;2;1;1.0;3.0;48,8984480000;2,3662880000;
202100035537.0;1;75;75117;2;1;1.0;6.0;48,8923920000;2,3086840000;
202100035538.0;5;75;75117;2;3;1.0;2.0;48,8820500000;2,3010600000;
202100035539.0;1;75;75115;2;2;1.0;3.0;48,8289220000;2,2941500000;
202100035540.0;1;75;75115;2;1;1.0;6.0;48,8426130000;2,3103760000;
202100035541.0;1;75;75112;2;1;1.0;2.0;48,8425250000;2,3716530000;
202100035542.0;1;75;75112;2;1;1.0;2.0;48,8343330000;2,3962280000;
202100035543.0;1;75;75111;2;4;1.0;3.0;48,8658500000;2,3715750000;
202100035544.0;1;75;75111;2;4;1.0;3.0;48,8540140000;2,3691500000;
202100035545.0;5;75;75109;2;2;1.0;2.0;48,8714790000;2,3430730000;
202100035546.0;1;75;75108;2;4;1.0;2.0;48,8799700000;2,3241610000;
202100035547.0;1;75;75108;2;2;1.0;6.0;48,8778840000;2,3181660000;
202100035548.0;5;75;75108;2;2;1.0;2.0;48,8642600000;2,3103620000;
202100035549.0;1;75;75107;2;3;1.0;3.0;48,8574350000;2,2911050000;
202100035550.0;1;75;75107;2;1;1.0;7.0;48,8628520000;2,3128410000;
202100035551.0;1;75;75104;2;1;7.0;6.0;48,8552680000;2,3608850000;
202100035552.0;1;75;75104;2;1;7.0;6.0;48,8552680000;2,3608850000;
202100035553.0;1;75;75104;2;1;1.0;6.0;48,8552680000;2,3608850000;
202100035554.0;1;75;75103;2;2;1.0;3.0;48,8654590000;2,3561170000;
202100035555.0;1;94;94068;2;1;1.0;1.0;48,8122100000;2,4853200000;
202100035556.0;1;94;94068;2;2;1.0;6.0;48,7962270000;2,5003110000;
202100035557.0;1;94;94046;2;1;1.0;1.0;48,7996900000;2,4411900000;
202100035558.0;5;94;94046;2;1;1.0;6.0;48,8063000000;2,4425400000;
202100035559.0;1;94;94028;2;1;1.0;6.0;48,7878700000;2,4465300000;
202100035560.0;2;94;94022;2;3;1.0;2.0;48,7701400000;2,4256000000;
202100035561.0;1;94;94017;2;1;1.0;7.0;48,8262390000;2,5052720000;
202100035562.0;5;94;94017;2;9;1.0;3.0;48,8133290000;2,5117340000;
202100035563.0;1;93;93073;2;3;1.0;6.0;48,9532000000;2,5739900000;
202100035564.0;1;93;93066;2;1;1.0;6.0;48,9463500000;2,3718200000;
202100035565.0;1;93;93066;2;1;1.0;2.0;48,9269000000;2,3555500000;
202100035566.0;1;93;93064;2;3;1.0;3.0;48,8769600000;2,4802900000;
202100035567.0;1;93;93051;2;3;1.0;3.0;48,8318400000;2,5815500000;
202100035568.0;1;93;93014;2;2;1.0;2.0;48,9114360000;2,5495240000;
202100035569.0;1;93;93010;2;3;1.0;1.0;48,8996670000;2,4915170000;
202100035570.0;1;93;93001;2;1;1.0;3.0;48,9035340000;2,3831830000;
202100035571.0;1;92;92072;2;4;1.0;6.0;48,8276449087;2,2254127264;
202100035572.0;1;92;92063;2;1;1.0;6.0;48,8626267419;2,1937358379;
202100035573.0;1;92;92063;2;1;1.0;2.0;48,8726400000;2,1631300000;
202100035574.0;1;92;92062;2;3;1.0;3.0;48,8855351858;2,2514207661;
202100035575.0;1;92;92050;2;5;7.0;3.0;48,8797400000;2,2189200000;
202100035576.0;1;92;92050;2;3;1.0;7.0;48,9078548989;2,2135506570;
202100035577.0;1;92;92020;2;1;1.0;1.0;48,8074100000;2,2943400000;
202100035578.0;1;92;92049;2;4;1.0;3.0;48,8180800000;2,3084900000;
202100035579.0;1;92;92044;2;2;1.0;6.0;48,8909592371;2,2947800159;
202100035580.0;1;92;92036;2;3;1.0;6.0;48,9344816922;2,3208859563;
202100035581.0;1;92;92036;2;1;1.0;2.0;48,9422967005;2,3028802872;
202100035582.0;1;92;92071;2;1;1.0;5.0;48,7759530671;2,3138505220;
202100035583.0;1;92;92007;2;1;1.0;3.0;48,8019985683;2,3170611262;
202100035584.0;1;01;01378;2;6;1.0;6.0;45,8086890000;5,1816040000;
202100035585.0;1;62;62898;1;3;1.0;3.0;50,7237130000;2,1973290000;
202100035586.0;1;91;91340;1;6;1.0;3.0;48,5927210000;2,4338850000;
202100035587.0;1;38;38425;2;1;1.0;1.0;45,3882640000;4,7829150000;
202100035588.0;1;01;01004;2;3;1.0;3.0;45,9611520000;5,3551210000;
202100035589.0;1;77;77141;1;9;1.0;7.0;48,8638430000;2,8483720000;
202100035590.0;3;83;83048;1;1;1.0;6.0;43,2043390000;6,5620570000;
202100035591.0;3;22;22193;1;1;1.0;7.0;48,4208280000; -2,4481490000;
202100035592.0;1;83;83070;2;3;1.0;6.0;43,1386430000;6,3615130000;
202100035593.0;1;85;85013;1;1;8.0;6.0;46,9145830000; -1,1349180000;
202100035594.0;1;30;30256;2;1;1.0;6.0;44,1840430000;4,5796840000;
202100035595.0;1;34;34295;1;3;1.0;3.0;43,5647510000;3,8036730000;
202100035596.0;1;51;51493;1;1;1.0;1.0;49,2221123536;4,0977609158;
202100035597.0;1;51;51582;2;1;1.0;7.0;49,2978240716;3,8950003128;
202100035598.0;1;74;74256;2;1;1.0;5.0;45,9545640000;6,6300250000;
202100035599.0;1;2A;2A271;1;6;1.0;2.0;41,9716640000;8,8190820000;
202100035600.0;1;80;80811;2;1;1.0;1.0;49,7714980000;2,9839200000;
202100035601.0;1;55;55268;1;1;1.0;7.0;48,9649340000;5,5373670000;
202100035602.0;1;12;12052;1;1;1.0;7.0;44,5496370000;2,0441010000;
202100035603.0;1;12;12254;1;1;1.0;6.0;44,4781170000;2,5215930000;
202100035604.0;1;34;34096;1;9;1.0;3.0;43,5626520000;3,1806220000;
202100035605.0;1;39;39479;1;1;1.0;1.0;46,9473620000;5,7372670000;
202100035606.0;1;44;44010;2;9;1.0;6.0;47,2728490000; -2,4425320000;
202100035607.0;1;29;29004;1;1;1.0;2.0;47,9026210000; -3,7019630000;
202100035608.0;5;38;38027;1;3;1.0;1.0;45,4265130000;5,9939830000;
202100035609.0;1;02;02820;1;2;7.0;3.0;49,6246540000;3,2713080000;
202100035610.0;1;01;01093;1;3;1.0;2.0;46,1271660000;4,9444480000;
202100035611.0;3;70;70171;1;1;2.0;7.0;47,8946650000;6,3515940000;
202100035612.0;1;72;72272;1;1;1.0;1.0;47,8991540000;0,6576880000;
202100035613.0;1;50;50342;1;1;1.0;1.0;49,6476780000; -1,2436870000;
202100035614.0;1;83;83012;1;1;1.0;1.0;43,5612690000;5,9562210000;
202100035615.0;1;45;45008;1;1;1.0;3.0;48,0578570000;1,8760980000;
202100035616.0;1;64;64458;1;1;1.0;1.0;43,2609330000; -0,7231720000;
202100035617.0;1;36;36070;1;1;1.0;6.0;46,4437720000;1,5967940000;
202100035618.0;2;16;16148;1;1;1.0;1.0;45,8112160000;0,0044570000;
202100035619.0;1;53;53062;2;3;1.0;3.0;47,8282180000; -0,7233270000;
202100035620.0;1;24;24009;1;1;1.0;7.0;45,3199950000;1,1209100000;
202100035621.0;1;27;27693;2;3;1.0;3.0;48,8947580000;1,0765640000;
202100035622.0;4;17;17349;2;1;1.0;1.0;46,2778080000; -0,8594470000;
202100035623.0;1;30;30317;1;1;1.0;7.0;43,9206900000;4,5641500000;
202100035624.0;1;24;24581;1;1;1.0;7.0;45,0341540000;0,5700230000;
202100035625.0;1;973;97309;2;2;2.0;3.0;4,9077140000; -52,2728230000;
202100035626.0;1;974;97402;1;1;1.0;6.0; -21,0051550000;55,6226740000;
202100035627.0;1;95;95462;1;1;1.0;5.0;49,1473700000;1,7309900000;
202100035628.0;2;78;78206;1;1;1.0;5.0;48,9520850000;1,9121250000;
202100035629.0;1;2A;2A247;2;2;1.0;3.0;41,6021020000;9,2787370000;
202100035630.0;1;34;34022;1;6;1.0;3.0;43,6651708000;4,0019094900;
202100035631.0;1;13;13100;1;2;1.0;3.0;43,8097140000;4,8162230000;
202100035632.0;1;89;89295;1;1;1.0;7.0;47,8162340000;3,5541270000;
202100035633.0;1;71;71448;1;1;1.0;2.0;46,3831160000;4,8676730000;
202100035634.0;1;67;67519;1;6;1.0;5.0;48,6688410000;7,7978580000;
202100035635.0;1;57;57481;1;1;1.0;6.0;49,2199940000;6,0399160000;
202100035636.0;1;79;79115;1;1;1.0;7.0;46,3527930000; -0,0810460000;
202100035637.0;1;33;33042;2;1;1.0;2.0;44,5072990000; -0,7886660000;
202100035638.0;3;85;85083;2;1;1.0;6.0;46,9842800000; -2,2724100000;
202100035639.0;1;14;14332;2;1;1.0;6.0;48,8711870000; -0,1896200000;
202100035640.0;3;29;29058;1;1;1.0;6.0;47,8742710000; -3,9969490000;
202100035641.0;1;27;27275;2;6;1.0;2.0;49,1569690000;1,3490650000;
202100035642.0;1;13;13055;1;1;1.0;4.0;43,2960200000;5,4247100000;
202100035643.0;1;13;13001;1;1;1.0;3.0;43,4922200000;5,4069300000;
202100035644.0;1;13;13202;1;1;1.0;2.0;43,2943000000;5,3639500000;
202100035645.0;3;83;83035;1;1;1.0;5.0;43,1634205514;5,7670473595;
202100035646.0;1;69;69281;1;1;1.0;4.0;45,6445000000;4,9107000000;
202100035647.0;5;69;69389;1;1;2.0;2.0;45,7636200000;4,8024800000;
202100035648.0;1;33;33281;1;1;1.0;2.0;44,8379900000; -0,6760600000;
202100035649.0;1;91;91549;1;1;1.0;2.0;48,6251200000;2,3348000000;
202100035650.0;1;94;94003;1;1;1.0;7.0;48,8008785309;2,3418099706;
202100035651.0;1;91;91136;1;1;1.0;7.0;48,7144800000;2,2724300000;
202100035652.0;1;94;94034;1;1;1.0;2.0;48,7592300000;2,3236900000;
202100035653.0;1;91;91216;1;1;1.0;2.0;48,6830900000;2,3291300000;
202100035654.0;3;91;91216;1;1;1.0;2.0;48,6830600000;2,3287800000;
202100035655.0;1;78;78043;1;1;1.0;3.0;48,8245770000;2,0742940000;
202100035656.0;1;92;92050;1;1;1.0;6.0;48,8989782331;2,1994596720;
202100035657.0;1;92;92036;1;1;1.0;3.0;48,9378800000;2,2976700000;
202100035658.0;1;93;93010;1;1;1.0;3.0;48,9105900000;2,4753600000;
202100035659.0;1;94;94073;1;1;1.0;4.0;48,7697800000;2,3805300000;
202100035660.0;1;93;93051;1;1;1.0;3.0;48,8370210000;2,5478290000;
202100035661.0;1;69;69264;2;1;1.0;6.0;45,9867230872;4,7303895950;
202100035662.0;1;988;98818;1;1;1.0;6.0; -22,2293900000;166,4581500000;
202100035663.0;1;974;97416;1;9;1.0;2.0; -21,3273900000;55,4507200000;
202100035664.0;1;974;97416;1;1;3.0;3.0; -21,2976000000;55,4554000000;
202100035665.0;1;974;97411;2;7;7.0;6.0; -20,8892103242;55,4768505268;
202100035666.0;5;974;97407;2;1;1.0;7.0; -20,9393400000;55,3023700000;
202100035667.0;5;69;69259;2;1;1.0;7.0;45,7264900000;4,8639900000;
202100035668.0;1;69;69383;2;2;1.0;3.0;45,7635848851;4,8534920812;
202100035669.0;1;69;69386;2;1;1.0;6.0;45,7674057105;4,8527190685;
202100035670.0;1;69;69385;2;1;1.0;3.0;45,7502400000;4,7914900000;
202100035671.0;1;69;69381;2;3;1.0;6.0;45,7662929788;4,8380559683;
202100035672.0;1;69;69385;2;2;1.0;3.0;45,7584713435;4,8121458292;
202100035673.0;1;971;97101;1;1;1.0;6.0;16,2941800000; -61,5019100000;
202100035674.0;1;95;95014;2;1;1.0;2.0;48,9967665625;2,2991895676;
202100035675.0;1;95;95500;2;1;1.0;5.0;49,0350350844;2,0904553370;
202100035676.0;1;95;95018;2;1;1.0;6.0;48,9395630000;2,2482850000;
202100035677.0;1;95;95063;2;1;1.0;6.0;48,9234600000;2,2172500000;
202100035678.0;1;91;91549;1;1;1.0;6.0;48,6420700000;2,3461700000;
202100035679.0;2;91;91216;2;2;1.0;2.0;48,6734790000;2,3351940000;
202100035680.0;1;91;91223;2;1;1.0;2.0;48,4404000000;2,1500000000;
202100035681.0;1;87;87050;2;1;1.0;6.0;45,8764400000;1,2378100000;
202100035682.0;1;86;86194;2;1;1.0;2.0;46,5785140000;0,3503880000;
202100035683.0;1;86;86041;2;1;1.0;3.0;46,6006700000;0,3542290000;
202100035684.0;2;84;84087;2;1;1.0;1.0;44,1444600000;4,8288100000;
202100035685.0;1;83;83050;2;1;1.0;6.0;43,5366660000;6,4665750000;
202100035686.0;1;82;82121;2;3;1.0;3.0;44,0379790000;1,3569350000;
202100035687.0;1;78;78490;1;1;1.0;6.0;48,7976000000;1,9653300000;
202100035688.0;1;77;77284;2;1;1.0;2.0;48,9516100000;2,9094240000;
202100035689.0;1;76;76319;1;1;1.0;1.0;49,3447200000;1,0124400000;
202100035690.0;1;76;76157;2;1;1.0;1.0;49,4592400000;1,0439000000;
202100035691.0;1;69;69266;2;8;1.0;6.0;45,7705000000;4,8628600000;
202100035692.0;1;69;69290;2;9;1.0;3.0;45,6924416137;4,9337893724;
202100035693.0;1;68;68224;2;1;1.0;3.0;47,7524800000;7,3320600000;
202100035694.0;1;67;67482;2;1;8.0;7.0;48,5695230322;7,7776336670;
202100035695.0;1;66;66136;2;3;1.0;3.0;42,6840000000;2,9092200000;
202100035696.0;1;65;65440;2;1;1.0;2.0;43,2235680000;0,0460960000;
202100035697.0;1;65;65440;2;1;1.0;6.0;43,2411720000;0,0782780000;
202100035698.0;1;64;64483;2;1;1.0;6.0;43,3882800000; -1,6489000000;
202100035699.0;1;64;64445;2;6;1.0;3.0;43,3147000000; -0,3573900000;
202100035700.0;1;64;64129;2;6;1.0;3.0;43,3051100000; -0,4012200000;
202100035701.0;1;64;64348;2;1;1.0;4.0;43,3129000000; -0,4160100000;
202100035702.0;1;64;64122;2;1;1.0;7.0;43,4765000000; -1,5623700000;
202100035703.0;1;64;64102;2;2;1.0;3.0;43,4940800000; -1,4525400000;
202100035704.0;1;63;63113;2;1;1.0;6.0;45,7600700000;3,0975800000;
202100035705.0;1;59;59090;2;3;1.0;3.0;50,7053570000;3,0880780000;
202100035706.0;1;59;59431;1;6;1.0;2.0;50,6860100000;2,8427300000;
202100035707.0;1;57;57606;1;9;1.0;3.0;49,1092800000;6,7286300000;
202100035708.0;1;56;56260;2;1;1.0;4.0;47,6693500000; -2,7631400000;
202100035709.0;1;56;56260;2;2;1.0;3.0;47,6612900000; -2,7552400000;
202100035710.0;1;54;54265;1;1;1.0;3.0;48,6415200000;6,1823100000;
202100035711.0;1;54;54184;2;1;1.0;6.0;48,7040500000;6,2460030000;
202100035712.0;1;50;50165;2;1;1.0;2.0;48,8443410000; -1,5857200000;
202100035713.0;1;49;49007;2;1;1.0;6.0;47,4546100000; -0,5341500000;
202100035714.0;1;47;47323;2;1;1.0;2.0;44,4040300000;0,7048600000;
202100035715.0;1;45;45234;2;1;1.0;6.0;47,8904500000;1,8970100000;
202100035716.0;1;35;35278;2;9;1.0;3.0;48,1584883248; -1,6872335225;
202100035717.0;1;35;35238;2;1;1.0;3.0;48,1108800000; -1,6858800000;
202100035718.0;1;33;33063;2;1;1.0;6.0;44,8145600000; -0,5722000000;
202100035719.0;1;33;33063;2;1;1.0;3.0;44,8487300000; -0,5926500000;
202100035720.0;5;31;31555;2;1;1.0;1.0;43,5818000000;1,3883300000;
202100035721.0;1;31;31555;2;1;1.0;3.0;43,5703520000;1,3858540000;
202100035722.0;1;31;31344;1;1;1.0;6.0;43,0974240000;0,7620780000;
202100035723.0;1;30;30189;1;2;1.0;6.0;43,8835000000;4,3794000000;
202100035724.0;2;30;30189;2;2;1.0;6.0;43,8305000000;4,3231300000;
202100035725.0;1;29;29039;2;1;1.0;6.0;47,8774139745; -3,9105222936;
202100035726.0;1;29;29019;2;1;1.0;6.0;48,4086739249; -4,4981825352;
202100035727.0;1;29;29019;2;2;1.0;3.0;48,4012360000; -4,4840510000;
202100035728.0;1;28;28218;2;1;1.0;1.0;48,4405700000;1,4703600000;
202100035729.0;1;28;28085;2;1;1.0;3.0;48,4630900000;1,4728900000;
202100035730.0;1;26;26198;2;1;1.0;2.0;44,5588320000;4,7295900000;
202100035731.0;1;24;24053;2;1;3.0;6.0;45,1332600000;0,8188100000;
202100035732.0;1;22;22278;2;1;1.0;3.0;48,5112060000; -2,7626490000;
202100035733.0;1;22;22113;2;1;1.0;1.0;48,7423940400; -3,4632538800;
202100035734.0;1;13;13211;2;1;1.0;3.0;43,2984041123;5,4988671658;
202100035735.0;1;13;13202;2;1;1.0;3.0;43,3024000000;5,3655200000;
202100035736.0;1;13;13047;1;9;1.0;1.0;43,5517989729;4,9582533232;
202100035737.0;1;13;13028;2;1;1.0;3.0;43,1714600000;5,6058500000;
202100035738.0;2;12;12176;2;1;1.0;3.0;44,3640400000;2,5878100000;
202100035739.0;1;11;11069;1;1;1.0;4.0;43,2035178866;2,3342406750;
202100035740.0;3;11;11069;1;1;1.0;6.0;43,2045000000;2,4096000000;
202100035741.0;1;10;10343;2;2;1.0;3.0;48,2689800000;4,0879400000;
202100035742.0;1;10;10387;2;2;1.0;3.0;48,2866260000;4,0774440000;
202100035743.0;1;06;06088;2;1;1.0;4.0;43,7004600000;7,2514500000;
202100035744.0;1;06;06155;2;1;1.0;6.0;43,5804220000;7,0553110000;
202100035745.0;1;03;03140;1;3;1.0;3.0;46,3094800000;2,6320400000;
202100035746.0;1;75;75120;2;1;1.0;3.0;48,8718310000;2,3920470000;
202100035747.0;1;75;75120;2;3;1.0;6.0;48,8705780000;2,3882390000;
202100035748.0;1;75;75120;2;1;1.0;6.0;48,8710560000;2,4088820000;
202100035749.0;1;75;75120;2;2;1.0;3.0;48,8649640000;2,3955370000;
202100035750.0;1;75;75119;2;3;1.0;3.0;48,8825360000;2,3817030000;
202100035751.0;1;75;75118;2;3;1.0;6.0;48,8924230000;2,3336070000;
202100035752.0;1;75;75117;2;2;1.0;6.0;48,8817440000;2,3055940000;
202100035753.0;1;75;75116;2;2;1.0;3.0;48,8499350000;2,2722260000;
202100035754.0;1;75;75116;2;1;1.0;2.0;48,8643910000;2,2882360000;
202100035755.0;1;75;75114;2;1;1.0;3.0;48,8200180000;2,3257360000;
202100035756.0;3;75;75113;2;7;1.0;3.0;48,8264150000;2,3417930000;
202100035757.0;1;75;75112;2;1;1.0;3.0;48,8267280000;2,3922710000;
202100035758.0;1;75;75112;2;2;1.0;3.0;48,8454980000;2,3712610000;
202100035759.0;1;75;75111;2;1;1.0;3.0;48,8607563284;2,3842786252;
202100035760.0;1;75;75110;2;3;1.0;3.0;48,8715730000;2,3536250000;
202100035761.0;1;75;75107;2;3;1.0;2.0;48,8591190000;2,2933680000;
202100035762.0;1;75;75103;2;4;1.0;7.0;48,8663040000;2,3598050000;
202100035763.0;1;75;75103;2;1;1.0;1.0;48,8680850000;2,3614530000;
202100035764.0;1;94;94046;2;1;1.0;6.0;48,8153700000;2,4208390000;
202100035765.0;1;94;94076;2;2;1.0;3.0;48,7884900000;2,3617200000;
202100035766.0;1;94;94003;2;3;1.0;3.0;48,8099500000;2,3275600000;
202100035767.0;1;94;94073;2;1;1.0;2.0;48,7586800000;2,3945500000;
202100035768.0;1;94;94038;2;9;1.0;6.0;48,7734900000;2,3358200000;
202100035769.0;1;94;94059;2;1;1.0;6.0;48,8074475813;2,5756716728;
202100035770.0;1;94;94071;2;1;1.0;3.0;48,7749910000;2,5131720000;
202100035771.0;1;93;93073;2;3;1.0;6.0;48,9553000000;2,5658000000;
202100035772.0;1;93;93050;2;1;1.0;3.0;48,8564000000;2,5263100000;
202100035773.0;1;93;93048;2;1;1.0;3.0;48,8754000000;2,4556000000;
202100035774.0;1;93;93074;2;2;1.0;3.0;48,9334600000;2,5668600000;
202100035775.0;1;93;93063;2;1;1.0;4.0;48,8775910000;2,4437580000;
202100035776.0;1;93;93029;2;3;1.0;6.0;48,9329200000;2,4544800000;
202100035777.0;1;93;93008;2;3;1.0;3.0;48,9083964174;2,4273625819;
202100035778.0;1;93;93007;2;1;1.0;4.0;48,9294262846;2,4804103374;
202100035779.0;1;93;93001;2;3;1.0;3.0;48,9210300000;2,3769500000;
202100035780.0;1;92;92051;2;2;1.0;3.0;48,8874902401;2,2785298526;
202100035781.0;1;92;92050;2;1;1.0;3.0;48,9198640620;2,2213089466;
202100035782.0;1;92;92048;2;3;1.0;3.0;48,7890829721;2,2332622111;
202100035783.0;1;92;92048;2;1;1.0;2.0;48,8121626842;2,2455775738;
202100035784.0;1;92;92040;2;9;1.0;3.0;48,8180818028;2,2512515449;
202100035785.0;1;92;92026;2;1;1.0;5.0;48,8987420000;2,2624270000;
202100035786.0;1;92;92012;2;1;1.0;7.0;48,8349567772;2,2413933277;
202100035787.0;1;92;92007;2;1;1.0;3.0;48,7966800000;2,3172500000;
202100035788.0;1;92;92002;2;1;1.0;3.0;48,7406425016;2,2977287516;
202100035789.0;1;17;17094;1;6;1.0;7.0;46,0632540000; -1,0635150000;
202100035790.0;1;16;16045;1;1;1.0;6.0;45,5715600000; -0,0467460000;
202100035791.0;1;68;68112;2;1;1.0;1.0;47,9003840000;7,2279310000;
202100035792.0;1;41;41223;1;1;1.0;7.0;47,6011860000;1,2200830000;
202100035793.0;1;41;41029;1;1;1.0;7.0;47,5256440000;1,2648070000;
202100035794.0;1;31;31182;1;3;1.0;3.0;43,6727610000;1,4098440000;
202100035795.0;1;11;11353;2;3;1.0;3.0;43,2468750000;2,9205230000;
202100035796.0;1;63;63013;1;1;1.0;7.0;45,9816210000;3,1814430000;
202100035797.0;1;54;54378;1;1;1.0;6.0;49,4673710477;5,6469726564;
202100035798.0;1;83;83017;2;1;1.0;2.0;43,2388600000;6,0046290000;
202100035799.0;1;51;51538;1;1;1.0;7.0;48,8910760000;4,3941180000;
202100035800.0;1;19;19199;1;1;1.0;6.0;45,5744211527;2,4573057890;
202100035801.0;1;56;56200;1;1;1.0;1.0;47,8381950000; -2,3087530000;
202100035802.0;1;56;56186;1;1;1.0;1.0;47,4949080000; -3,1459740000;
202100035803.0;1;74;74109;1;1;1.0;1.0;46,0907450000;5,8340730000;
202100035804.0;1;74;74242;2;1;1.0;3.0;45,8315650000;6,1750890000;
202100035805.0;1;67;67066;2;3;1.0;3.0;48,4783398570;7,2149464488;
202100035806.0;1;79;79202;2;1;1.0;3.0;46,6390800000; -0,2409320000;
202100035807.0;1;33;33036;1;9;1.0;3.0;44,4146280000; -0,2193780000;
202100035808.0;1;69;69209;1;3;1.0;7.0;46,2198100000;4,4625230000;
202100035809.0;1;32;32119;2;3;1.0;7.0;43,8584400000;0,1028250000;
202100035810.0;1;42;42128;1;4;1.0;1.0;45,9490010000;4,2927360000;
202100035811.0;1;42;42313;2;4;1.0;2.0;45,7266305789;4,0198681486;
202100035812.0;1;34;34300;1;1;1.0;1.0;43,3963170000;3,3126570000;
202100035813.0;1;22;22365;1;1;1.0;3.0;48,3376810026; -3,2685184479;
202100035814.0;1;31;31510;1;2;1.0;1.0;43,2645308589;0,7123373158;
202100035815.0;2;26;26108;1;1;1.0;6.0;44,7138970000;5,0078340000;
202100035816.0;1;72;72358;1;3;1.0;1.0;48,0269060000;0,5239150000;
202100035817.0;1;06;06138;2;1;1.0;1.0;43,5056750000;6,9453440000;
202100035818.0;3;14;14607;2;3;1.0;6.0;49,0971770000; -0,6671830000;
202100035819.0;1;50;50639;2;1;1.0;6.0;48,8368460000; -1,2212980000;
202100035820.0;1;60;60577;2;1;1.0;4.0;49,4488811491;1,7995200245;
202100035821.0;3;07;07260;2;1;1.0;6.0;44,6963400000;4,7180060000;
202100035822.0;2;53;53083;1;1;1.0;6.0;48,3129990000; -0,2452610000;
202100035823.0;1;85;85042;1;1;1.0;7.0;46,4072380000; -0,9817530000;
202100035824.0;1;85;85197;1;1;1.0;3.0;46,9220140000; -1,4140710000;
202100035825.0;1;27;27507;2;1;1.0;6.0;48,9048110000;1,2793390000;
202100035826.0;1;01;01320;2;1;1.0;7.0;46,2998285740;4,9004937708;
202100035827.0;1;973;97309;2;1;1.0;3.0;4,8876440000; -52,2837420000;
202100035828.0;1;38;38214;1;1;1.0;7.0;45,3017580000;5,9253640000;
202100035829.0;3;27;27517;1;1;1.0;5.0;49,1389760000;1,3085750000;