Num_Acc;lum;departement;commune;agglomeration;intersection;meteo;type_collision;lat;long;date
202100036487.0;1;93;93048;2;1;1.0;1.0;48,8575400000;2,4395830000;
202100036488.0;1;93;93047;2;3;1.0;3.0;48,8946400000;2,5590300000;
202100036489.0;4;93;93007;2;1;1.0;1.0;48,9533000000;2,4590900000;
202100036490.0;1;92;92050;2;3;1.0;6.0;48,8880316805;2,1848496795;
202100036491.0;1;92;92062;2;1;1.0;3.0;48,8827021119;2,2405084611;
202100036492.0;1;92;92062;2;9;8.0;2.0;48,8907833965;2,2342008321;
202100036493.0;1;92;92050;2;9;1.0;6.0;48,8882662304;2,1931366802;
202100036494.0;1;92;92060;2;9;1.0;3.0;48,7739700000;2,2448800000;
202100036495.0;1;92;92012;2;2;8.0;6.0;48,8350111549;2,2412806749;
202100036496.0;1;92;92012;2;6;1.0;6.0;48,8406118984;2,2288358574;
202100036497.0;1;95;95313;2;1;1.0;3.0;49,1114577856;2,2217327356;
202100036498.0;1;95;95487;2;1;1.0;3.0;49,1489350000;2,2690420000;
202100036499.0;1;42;42294;1;2;3.0;3.0;46,0081780000;4,1301140000;
202100036500.0;2;52;52312;1;1;3.0;6.0;47,8871254760;5,2231246240;
202100036501.0;1;54;54322;2;3;8.0;3.0;49,4424067505;5,5953186758;
202100036502.0;3;01;01109;1;1;2.0;6.0;46,1235370000;5,9000340000;
202100036503.0;1;29;29116;1;1;1.0;2.0;48,4968720000; -4,1928290000;
202100036504.0;2;74;74272;1;6;1.0;3.0;45,9464870000;6,0487940000;
202100036505.0;1;06;06033;1;1;1.0;1.0;43,7841780000;7,1772290000;
202100036506.0;1;74;74180;2;1;1.0;6.0;46,3520450000;6,2985780000;
202100036507.0;1;82;82179;1;1;2.0;3.0;44,1643440000;1,6044970000;
202100036508.0;1;32;32462;2;1;1.0;6.0;43,7698600000;0,3023630000;
202100036509.0;3;42;42096;1;1;3.0;1.0;45,5390700000;4,4427640000;
202100036510.0;3;46;46126;1;1;1.0;6.0;44,5783020000;1,1842920000;
202100036511.0;1;29;29078;2;1;1.0;6.0;48,3254590000; -4,1623380000;
202100036512.0;1;39;39325;1;3;1.0;7.0;46,9116810000;5,8210270000;
202100036513.0;1;38;38167;2;1;1.0;1.0;45,4677860000;5,3213630000;
202100036514.0;1;38;38313;2;1;1.0;7.0;44,8897180000;5,7960470000;
202100036515.0;5;02;02757;2;1;1.0;7.0;49,9205110000;3,5644950000;
202100036516.0;1;02;02399;2;1;8.0;3.0;49,4464910000;3,8921320000;
202100036517.0;1;84;84017;1;1;1.0;7.0;44,1190950000;5,1983790000;
202100036518.0;1;03;03120;1;9;1.0;6.0;46,6322620000;3,6557700000;
202100036519.0;1;54;54400;2;1;1.0;6.0;48,8881690000;6,2267090000;
202100036520.0;1;14;14401;1;1;7.0;7.0;49,3321840000; -0,6707020000;
202100036521.0;1;64;64371;2;3;1.0;2.0;43,2197900000; -0,8933200000;
202100036522.0;1;43;43084;1;9;2.0;6.0;44,9792500000;3,8578320000;
202100036523.0;1;10;10033;2;9;7.0;6.0;48,2320490000;4,7110180000;
202100036524.0;1;24;24448;1;1;1.0;7.0;45,3159890000;1,0516300000;
202100036525.0;1;04;04018;1;1;1.0;6.0;44,0188590000;5,6814440000;
202100036526.0;1;85;85175;1;1;1.0;6.0;46,6029730000; -1,1538000000;
202100036527.0;4;27;27638;2;1;1.0;6.0;49,2560840000;0,9263870000;
202100036528.0;1;48;48039;1;1;1.0;6.0;44,4770680000;3,3483520000;
202100036529.0;5;08;08370;2;1;1.0;6.0;49,7878690000;4,4965140000;
202100036530.0;1;13;13118;1;3;1.0;3.0;43,5503440000;5,2365570000;
202100036531.0;1;06;06018;1;3;1.0;1.0;43,6173340000;7,0595930000;
202100036532.0;1;06;06088;1;1;1.0;5.0;43,7285310000;7,2604310000;
202100036533.0;1;13;13076;1;1;1.0;2.0;43,8320120000;5,0095370000;
202100036534.0;2;987;98733;2;1;1.0;1.0; -17,6899310000; -149,5483490000;
202100036535.0;1;988;98808;1;1;1.0;7.0; -21,3188990000;165,5729550000;
202100036536.0;3;973;97311;1;1;1.0;1.0;5,5462370000; -53,9411330000;
202100036537.0;1;45;45155;2;1;3.0;6.0;47,6943680000;2,6486920000;
202100036538.0;3;2B;2B172;1;3;1.0;6.0;42,5952540000;9,3204560000;
202100036539.0;1;2B;2B042;2;1;1.0;3.0;42,5577000000;9,4414720000;
202100036540.0;1;05;05081;1;1;1.0;6.0;44,4157280000;5,6522510000;
202100036541.0;1;13;13089;1;3;1.0;3.0;43,8326690000;4,9886350000;
202100036542.0;1;89;89257;1;4;1.0;1.0;47,9583370000;3,5040650000;
202100036543.0;1;71;71420;1;1;1.0;2.0;46,6682580000;4,9501130000;
202100036544.0;1;71;71250;1;1;8.0;6.0;46,3886330000;4,8034070000;
202100036545.0;1;42;42005;2;9;3.0;6.0;45,5342020000;4,2868620000;
202100036546.0;1;38;38328;1;1;1.0;6.0;45,2508990000;5,7241210000;
202100036547.0;1;69;69192;1;1;2.0;1.0;46,0301783874;4,5378577709;
202100036548.0;1;81;81271;2;2;1.0;3.0;43,7679910000;1,6882200000;
202100036549.0;1;65;65123;1;1;8.0;6.0;42,9964180000;0,2050770000;
202100036550.0;1;79;79049;2;1;1.0;3.0;46,8414990000; -0,4902970000;
202100036551.0;2;64;64325;1;1;2.0;7.0;43,1632990000; -0,4574670000;
202100036552.0;1;33;33109;2;3;2.0;3.0;44,6959010000; -0,4404130000;
202100036553.0;2;44;44168;1;1;1.0;7.0;47,3780400000; -2,1976000000;
202100036554.0;1;27;27213;1;4;1.0;3.0;49,2184800000;1,5288380000;
202100036555.0;2;60;60141;2;2;1.0;1.0;49,1932380000;2,4651650000;
202100036556.0;5;60;60513;2;1;1.0;1.0;49,2043080000;2,3821120000;
202100036557.0;1;60;60316;1;9;1.0;3.0;49,3327500000;2,1321200000;
202100036558.0;1;80;80685;2;1;1.0;1.0;49,6985710000;2,7848790000;
202100036559.0;1;13;13071;1;1;1.0;2.0;43,3988800000;5,2920100000;
202100036560.0;1;13;13215;1;1;2.0;2.0;43,3651200000;5,3605400000;
202100036561.0;1;13;13211;1;1;1.0;2.0;43,2927800000;5,4549100000;
202100036562.0;1;13;13015;1;1;1.0;3.0;43,4289400000;5,4072240000;
202100036563.0;1;69;69281;1;1;1.0;2.0;45,6423800000;4,9001900000;
202100036564.0;1;33;33281;1;1;2.0;4.0;44,8488050000; -0,6685370000;
202100036565.0;1;59;59043;1;1;1.0;6.0;50,7162298448;2,7621761545;
202100036566.0;1;94;94034;1;1;8.0;2.0;48,7558100000;2,3423700000;
202100036567.0;3;92;92072;1;1;1.0;7.0;48,8248639427;2,2211393652;
202100036568.0;1;93;93078;1;1;3.0;2.0;48,9579300000;2,5308600000;
202100036569.0;3;95;95028;1;1;1.0;6.0;49,0637573911;2,3315233596;
202100036570.0;1;976;97611;2;1;1.0;6.0; -12,7841300000;45,2296400000;
202100036571.0;1;95;95019;2;1;1.0;6.0;48,9833700000;2,4194300000;
202100036572.0;5;93;93079;2;1;1.0;6.0;48,9519677640;2,3383698692;
202100036573.0;1;974;97416;1;1;1.0;7.0; -21,3485700000;55,4983700000;
202100036574.0;1;974;97411;2;1;2.0;7.0; -20,8870200000;55,4896800000;
202100036575.0;1;974;97411;2;1;1.0;1.0; -20,9113000000;55,4049200000;
202100036576.0;1;974;97411;1;1;1.0;6.0; -20,8767000000;55,4558300000;
202100036577.0;5;974;97407;2;6;1.0;7.0; -20,9447100000;55,3170300000;
202100036578.0;1;973;97302;2;1;1.0;3.0;4,9395600000; -52,3010900000;
202100036579.0;1;69;69383;2;1;1.0;4.0;45,7602447730;4,8461838302;
202100036580.0;5;972;97213;1;1;1.0;6.0;14,6171100000; -61,0166000000;
202100036581.0;5;972;97213;2;1;1.0;6.0;14,6211050000; -61,0285810000;
202100036582.0;1;69;69081;1;9;1.0;3.0;45,7672000000;4,7693800000;
202100036583.0;1;69;69286;2;3;7.0;3.0;45,8232300000;4,9041700000;
202100036584.0;1;95;95680;2;9;1.0;3.0;49,0042700000;2,3947500000;
202100036585.0;1;95;95598;2;1;7.0;1.0;48,9902500000;2,2984290000;
202100036586.0;1;95;95127;2;2;1.0;3.0;49,0464300000;2,0294500000;
202100036587.0;1;91;91692;2;1;1.0;2.0;48,6796900000;2,1740400000;
202100036588.0;1;91;91589;2;2;1.0;3.0;48,6768500000;2,3498300000;
202100036589.0;1;87;87085;2;2;1.0;3.0;45,8322400000;1,2646400000;
202100036590.0;1;80;80021;2;1;1.0;3.0;49,8941700000;2,2775800000;
202100036591.0;1;78;78440;2;1;1.0;6.0;48,9804240000;1,9065460000;
202100036592.0;1;74;74281;2;6;1.0;3.0;46,3780700000;6,4902700000;
202100036593.0;1;74;74012;2;2;2.0;2.0;46,1862700000;6,2477300000;
202100036594.0;1;74;74010;2;9;1.0;6.0;45,9172000000;6,1328000000;
202100036595.0;1;72;72181;2;3;1.0;3.0;47,9812300000;0,2096000000;
202100036596.0;1;71;71306;1;3;1.0;3.0;46,6632900000;4,3358000000;
202100036597.0;1;71;71270;2;1;1.0;4.0;46,3147708404;4,8362453096;
202100036598.0;1;69;69290;2;1;1.0;6.0;45,7033000000;4,9348200000;
202100036599.0;5;67;67482;2;3;1.0;3.0;48,5800500000;7,6971700000;
202100036600.0;1;67;67482;2;1;1.0;1.0;48,5835000000;7,7501900000;
202100036601.0;1;64;64102;2;1;1.0;3.0;43,4786600000; -1,4945200000;
202100036602.0;1;63;63113;2;1;1.0;6.0;45,7900600000;3,0944600000;
202100036603.0;1;63;63019;2;1;1.0;6.0;45,7952500000;3,1636400000;
202100036604.0;1;59;59560;1;1;7.0;1.0;50,5368900000;3,0279700000;
202100036605.0;2;59;59350;2;2;1.0;6.0;50,6306900000;3,0347700000;
202100036606.0;1;59;59375;2;1;1.0;3.0;50,4105700000;3,2778200000;
202100036607.0;1;56;56121;2;1;8.0;3.0;47,7534800000; -3,3665200000;
202100036608.0;1;49;49267;2;1;1.0;6.0;47,4654200000; -0,5166000000;
202100036609.0;1;49;49015;2;1;2.0;1.0;47,4936700000; -0,5761000000;
202100036610.0;2;48;48095;2;1;2.0;6.0;44,5179310000;3,5015410000;
202100036611.0;5;48;48095;2;3;2.0;7.0;44,5230960000;3,4956960000;
202100036612.0;1;44;44109;2;1;1.0;3.0;47,2153100000; -1,5477900000;
202100036613.0;1;44;44109;2;1;2.0;3.0;47,2385700000; -1,5683700000;
202100036614.0;1;42;42218;2;4;7.0;6.0;45,4345600000;4,4373800000;
202100036615.0;1;42;42183;2;9;1.0;3.0;45,4144023094;4,3752567619;
202100036616.0;1;37;37261;2;2;2.0;6.0;47,3929303241;0,6876774878;
202100036617.0;1;33;33069;2;2;1.0;3.0;44,8742600000; -0,6186300000;
202100036618.0;1;32;32013;2;6;1.0;7.0;43,6539000000;0,6112000000;
202100036619.0;1;31;31555;2;3;1.0;3.0;43,6515400000;1,4260400000;
202100036620.0;5;31;31555;2;1;1.0;7.0;43,6131510000;1,4293510000;
202100036621.0;1;31;31555;2;1;1.0;6.0;43,6049000000;1,4467400000;
202100036622.0;1;30;30189;2;1;1.0;3.0;43,8376800000;4,3203400000;
202100036623.0;1;29;29232;2;1;8.0;1.0;48,0130520361; -4,0976545914;
202100036624.0;1;27;27229;2;3;1.0;3.0;49,0286300000;1,1553300000;
202100036625.0;2;25;25462;2;1;8.0;6.0;46,9056600000;6,3499400000;
202100036626.0;1;22;22278;2;1;1.0;4.0;48,5062073475; -2,7344490588;
202100036627.0;1;17;17028;2;2;1.0;3.0;46,1296600000; -1,1165200000;
202100036628.0;2;15;15014;2;1;1.0;6.0;44,9235700000;2,4469900000;
202100036629.0;1;14;14118;2;1;1.0;2.0;49,1699300000; -0,3403400000;
202100036630.0;5;13;13203;2;9;1.0;3.0;43,3189000000;5,3788700000;
202100036631.0;5;13;13209;2;2;1.0;3.0;43,2441400000;5,3964300000;
202100036632.0;1;13;13004;2;1;1.0;3.0;43,6652200000;4,6461300000;
202100036633.0;1;12;12100;2;6;1.0;6.0;44,5400500000;2,3108600000;
202100036634.0;1;11;11069;1;3;8.0;3.0;43,2327200000;2,3620600000;
202100036635.0;5;10;10387;2;1;1.0;6.0;48,3054800000;4,0702100000;
202100036636.0;1;10;10387;2;1;1.0;1.0;48,2948600000;4,0801100000;
202100036637.0;1;10;10387;2;6;1.0;7.0;48,2912000000;4,0672800000;
202100036638.0;1;10;10060;1;1;1.0;2.0;48,2516300000;4,1104900000;
202100036639.0;1;06;06088;2;9;1.0;6.0;43,6716240000;7,2142010000;
202100036640.0;1;06;06123;1;3;1.0;3.0;43,6941460000;7,1828460000;
202100036641.0;1;05;05061;2;1;1.0;4.0;44,5508900000;6,0551500000;
202100036642.0;1;75;75118;2;1;1.0;3.0;48,9007580000;2,3371890000;
202100036643.0;1;75;75118;2;1;1.0;3.0;48,8912790000;2,3511660000;
202100036644.0;1;75;75117;2;2;1.0;3.0;48,8901170000;2,3038080000;
202100036645.0;1;75;75117;2;3;1.0;6.0;48,8849370000;2,3267550000;
202100036646.0;5;75;75116;2;3;1.0;3.0;48,8444070000;2,2570710000;
202100036647.0;1;75;75115;2;1;1.0;2.0;48,8364470000;2,2674810000;
202100036648.0;1;75;75111;2;2;1.0;3.0;48,8551230000;2,3871350000;
202100036649.0;1;75;75108;2;3;1.0;6.0;48,8711120000;2,3035210000;
202100036650.0;1;75;75107;2;2;1.0;6.0;48,8516970000;2,3190500000;
202100036651.0;1;75;75107;2;1;1.0;3.0;48,8625340000;2,3192210000;
202100036652.0;1;94;94076;2;2;1.0;6.0;48,7885800000;2,3683500000;
202100036653.0;2;94;94017;2;6;1.0;1.0;48,8115200000;2,5366100000;
202100036654.0;1;94;94002;2;1;1.0;3.0;48,8009300000;2,4223100000;
202100036655.0;1;94;94002;2;1;1.0;7.0;48,8145100000;2,4121300000;
202100036656.0;2;93;93074;2;1;1.0;3.0;48,9369500000;2,5742700000;
202100036657.0;1;93;93072;2;1;1.0;6.0;48,9531200000;2,3843700000;
202100036658.0;1;93;93066;2;1;8.0;2.0;48,9264200000;2,3663400000;
202100036659.0;1;93;93066;2;1;1.0;3.0;48,9153280000;2,3541950000;
202100036660.0;1;93;93064;2;9;1.0;6.0;48,8802500000;2,4738650000;
202100036661.0;5;93;93053;2;3;1.0;3.0;48,8867600000;2,4703400000;
202100036662.0;1;93;93048;2;1;1.0;3.0;48,8673930000;2,4401410000;
202100036663.0;1;93;93048;2;2;1.0;3.0;48,8729720000;2,4622200000;
202100036664.0;1;93;93048;2;1;1.0;6.0;48,8595400000;2,4403900000;
202100036665.0;1;93;93013;2;1;8.0;7.0;48,9393600000;2,4299900000;
202100036666.0;5;93;93013;2;2;1.0;1.0;48,9377900000;2,4286400000;
202100036667.0;1;93;93001;2;1;1.0;3.0;48,9029340000;2,3840360000;
202100036668.0;1;92;92078;2;1;1.0;3.0;48,9331910000;2,3341110000;
202100036669.0;1;92;92064;2;9;1.0;3.0;48,8374708365;2,2216433450;
202100036670.0;1;92;92049;2;2;7.0;6.0;48,8180300000;2,3223700000;
202100036671.0;1;92;92012;2;2;1.0;3.0;48,8281505782;2,2537026554;
202100036672.0;1;92;92012;2;2;1.0;3.0;48,8354443649;2,2494909167;
202100036673.0;1;92;92004;2;3;1.0;2.0;48,9132400000;2,2825600000;
202100036674.0;1;51;51167;1;1;1.0;7.0;48,7453800000;4,3972990000;
202100036675.0;1;01;01443;2;2;1.0;1.0;46,0023580000;5,0344370000;
202100036676.0;1;83;83072;2;9;1.0;6.0;43,4895100000;6,3543950000;
202100036677.0;1;02;02719;2;9;1.0;3.0;49,5954320000;3,2308110000;
202100036678.0;1;41;41032;1;1;2.0;1.0;47,5456840000;1,2929960000;
202100036679.0;1;2A;2A024;1;1;1.0;6.0;41,7751840000;9,0893840000;
202100036680.0;1;31;31044;2;1;2.0;6.0;43,5945110000;1,5051590000;
202100036681.0;1;68;68315;2;2;7.0;1.0;47,8888670000;7,2272010000;
202100036682.0;1;30;30254;1;2;1.0;5.0;44,0788000000;4,7082000000;
202100036683.0;1;77;77028;1;2;1.0;7.0;48,7407070000;3,1091900000;
202100036684.0;2;62;62297;2;1;1.0;7.0;50,8156790000;2,1460910000;
202100036685.0;1;04;04102;1;1;1.0;6.0;44,4635790000;6,3621700000;
202100036686.0;1;51;51009;2;1;1.0;7.0;48,5824520000;3,8118050000;
202100036687.0;1;51;51070;1;1;1.0;7.0;48,8432120000;3,6179190000;
202100036688.0;1;56;56204;2;2;1.0;3.0;47,9190530000; -2,7206400000;
202100036689.0;1;77;77239;1;2;5.0;3.0;48,6904790000;3,1487310000;
202100036690.0;4;76;76140;1;1;1.0;6.0;49,7808400000;0,8721300000;
202100036691.0;2;80;80085;1;1;1.0;6.0;50,1994960000;2,0866810000;
202100036692.0;1;33;33490;1;1;1.0;7.0;45,4420070000; -1,0534210000;
202100036693.0;2;47;47095;1;1;1.0;7.0;44,4232830000;0,2794650000;
202100036694.0;3;34;34139;1;8;1.0;6.0;43,4256530000;3,2473180000;
202100036695.0;1;22;22127;1;4;1.0;1.0;48,7918670000; -3,1154180000;
202100036696.0;1;38;38399;2;3;1.0;3.0;45,5024260000;5,1289150000;
202100036697.0;1;03;03293;2;2;1.0;3.0;46,6267770000;2,5895170000;
202100036698.0;1;85;85017;1;1;1.0;6.0;46,8912310000; -1,0957380000;
202100036699.0;1;06;06150;2;1;1.0;3.0;43,7481120000;7,4014310000;
202100036700.0;1;05;05056;2;1;1.0;1.0;44,6384310000;6,1428720000;
202100036701.0;1;83;83084;1;1;1.0;7.0;43,6529070000;6,1062960000;
202100036702.0;2;53;53059;1;1;1.0;5.0;48,1000230000; -0,5159710000;
202100036703.0;1;85;85261;2;1;1.0;6.0;46,5610580000; -1,1394790000;
202100036704.0;1;28;28087;1;3;1.0;1.0;48,7094840000;1,2536540000;
202100036705.0;1;37;37130;1;1;1.0;7.0;47,0367615092;0,8452945297;
202100036706.0;1;48;48009;2;6;1.0;6.0;44,7135700000;3,2855020000;
202100036707.0;1;49;49040;2;1;1.0;2.0;47,3392790000; -1,1116820000;
202100036708.0;3;973;97309;1;1;1.0;7.0;4,8763660000; -52,2786570000;
202100036709.0;1;72;72241;1;9;1.0;2.0;48,0605530000;0,3859530000;
202100036710.0;1;33;33005;2;6;1.0;3.0;44,7526990000; -1,0782320000;
202100036711.0;1;91;91461;2;2;1.0;3.0;48,5859570000;2,2211210000;
202100036712.0;1;2A;2A247;2;1;1.0;3.0;41,6001920000;9,2694890000;
202100036713.0;1;34;34127;2;2;1.0;6.0;43,6530860000;4,0736160000;
202100036714.0;1;84;84003;2;1;1.0;2.0;43,8765240000;5,3992330000;
202100036715.0;1;83;83127;1;1;1.0;1.0;43,2664720000;5,8053540000;
202100036716.0;1;06;06048;1;1;1.0;2.0;43,7886180000;7,3473210000;
202100036717.0;1;13;13081;1;1;1.0;3.0;43,4963160000;5,2154600000;
202100036718.0;1;67;67028;2;1;1.0;3.0;48,3662650000;7,5905120000;
202100036719.0;1;73;73284;1;1;1.0;6.0;45,4594755209;6,5136325501;
202100036720.0;1;38;38537;2;6;8.0;2.0;45,6326680000;5,1477220000;
202100036721.0;5;38;38298;2;6;1.0;6.0;45,3751690000;4,7983710000;
202100036722.0;1;38;38316;2;1;1.0;6.0;45,7496180000;5,1783910000;
202100036723.0;1;38;38348;2;1;2.0;1.0;45,5843500000;5,3308310000;
202100036724.0;1;07;07217;1;1;1.0;6.0;45,0661790000;4,7552890000;
202100036725.0;1;69;69298;1;4;1.0;3.0;45,6494560000;4,9871170000;
202100036726.0;2;46;46102;1;1;1.0;4.0;44,5742610000;2,0267690000;
202100036727.0;1;09;09221;2;1;1.0;3.0;42,8211900000;1,6212080000;
202100036728.0;2;17;17086;1;1;1.0;1.0;45,7253180000; -0,5740850000;
202100036729.0;3;86;86222;1;1;1.0;7.0;46,6812670000;0,3879870000;
202100036730.0;1;33;33539;2;1;1.0;1.0;44,9039340000; -0,3253790000;
202100036731.0;1;33;33100;2;6;2.0;3.0;45,1295610000; -0,6409140000;
202100036732.0;3;33;33051;1;1;3.0;6.0;44,6590230000; -0,9890970000;
202100036733.0;1;29;29256;1;3;1.0;3.0;48,2246440000; -4,2546700000;
202100036734.0;1;13;13203;1;1;1.0;4.0;43,3170520000;5,3772370000;
202100036735.0;1;13;13215;1;1;2.0;4.0;43,3715600000;5,3610700000;
202100036736.0;1;69;69116;1;1;1.0;2.0;45,8379200000;4,7537800000;
202100036737.0;5;33;33167;1;1;1.0;4.0;44,8296900000; -0,5024900000;
202100036738.0;1;91;91377;1;1;1.0;2.0;48,7216900000;2,2956500000;
202100036739.0;1;95;95527;1;1;1.0;2.0;48,9849800000;2,5068300000;
202100036740.0;3;93;93053;1;1;1.0;6.0;48,8931500000;2,4721600000;
202100036741.0;1;95;95176;1;1;1.0;2.0;48,9885514803;2,2033414109;
202100036742.0;1;93;93053;1;1;1.0;3.0;48,8928000000;2,4725100000;
202100036743.0;1;94;94028;1;1;1.0;2.0;48,7945105647;2,4421620369;
202100036744.0;1;94;94028;1;1;1.0;4.0;48,7761421973;2,4306734133;
202100036745.0;1;94;94017;1;1;1.0;2.0;48,8302800000;2,4957500000;
202100036746.0;1;91;91228;2;1;1.0;6.0;48,6344500000;2,4295940000;
202100036747.0;1;52;52534;2;1;2.0;2.0;48,6666000000;4,8998000000;
202100036748.0;1;34;34032;2;2;1.0;3.0;43,3424900000;3,2213800000;
202100036749.0;1;988;98818;2;3;1.0;6.0; -22,2334500000;166,4664900000;
202100036750.0;1;988;98818;2;1;1.0;6.0; -22,2703600000;166,4443600000;
202100036751.0;5;69;69386;2;2;1.0;3.0;45,7689700000;4,8604400000;
202100036752.0;5;69;69259;2;1;1.0;2.0;45,7143700000;4,8794400000;
202100036753.0;5;69;69383;2;1;1.0;2.0;45,7553900000;4,8590200000;
202100036754.0;2;69;69386;2;1;1.0;3.0;45,7691200000;4,8481500000;
202100036755.0;1;69;69386;2;7;1.0;6.0;45,7653500000;4,8486200000;
202100036756.0;1;69;69387;2;1;1.0;1.0;45,7381600000;4,8297700000;
202100036757.0;1;69;69386;2;1;1.0;3.0;45,7693340059;4,8576723023;
202100036758.0;5;972;97209;2;1;1.0;6.0;14,6138448500; -61,0500812531;
202100036759.0;1;69;69384;2;3;1.0;3.0;45,7798000000;4,8116200000;
202100036760.0;1;69;69286;2;1;1.0;6.0;45,8202500000;4,8873200000;
202100036761.0;1;69;69389;2;4;7.0;1.0;45,7647900000;4,8117000000;
202100036762.0;1;69;69152;2;1;1.0;2.0;45,7034500000;4,8208000000;
202100036763.0;1;69;69385;2;1;1.0;7.0;45,7594000000;4,8242000000;
202100036764.0;1;91;91689;2;1;1.0;1.0;48,7282000000;2,3174000000;
202100036765.0;1;91;91122;2;9;1.0;6.0;48,6964400000;2,1624000000;
202100036766.0;1;91;91691;2;1;1.0;6.0;48,7097200000;2,4913900000;
202100036767.0;1;91;91326;2;1;1.0;6.0;48,6900000000;2,3700000000;
202100036768.0;1;90;90010;2;1;3.0;3.0;47,6374600000;6,8627600000;
202100036769.0;1;87;87085;2;2;1.0;7.0;45,8511000000;1,2640100000;
202100036770.0;1;83;83126;2;9;2.0;6.0;43,1054200000;5,8565040000;
202100036771.0;2;78;78551;2;3;1.0;3.0;48,9013780000;2,0875270000;
202100036772.0;1;78;78138;2;2;1.0;3.0;48,9752000000;2,0317000000;
202100036773.0;1;76;76540;2;1;1.0;6.0;49,4495500000;1,1014600000;
202100036774.0;1;71;71076;2;2;1.0;6.0;46,7875123404;4,8388963083;
202100036775.0;1;69;69290;2;1;2.0;6.0;45,6878100000;4,9426500000;
202100036776.0;1;67;67482;2;8;1.0;6.0;48,5962500000;7,6984300000;
202100036777.0;1;67;67180;2;1;1.0;6.0;48,8024600000;7,7990700000;
202100036778.0;1;66;66136;2;1;1.0;6.0;42,6907700000;2,8910700000;
202100036779.0;1;64;64335;1;1;1.0;2.0;43,3250500000; -0,4383400000;
202100036780.0;1;64;64129;2;1;1.0;4.0;43,2954080000; -0,3870820000;
202100036781.0;1;64;64024;2;1;1.0;2.0;43,5034600000; -1,5266100000;
202100036782.0;1;64;64102;2;1;1.0;3.0;43,4869600000; -1,4827700000;
202100036783.0;1;64;64024;2;6;1.0;3.0;43,4969400000; -1,5097500000;
202100036784.0;1;64;64024;2;1;8.0;7.0;43,4801600000; -1,5216600000;
202100036785.0;1;63;63113;2;1;1.0;6.0;45,7885400000;3,0825800000;
202100036786.0;1;63;63075;2;1;1.0;3.0;45,7717700000;3,0596000000;
202100036787.0;1;59;59512;2;1;1.0;2.0;50,6851000000;3,2007500000;
202100036788.0;1;59;59392;2;1;1.0;1.0;50,2767300000;3,9758000000;
202100036789.0;1;59;59560;2;1;1.0;3.0;50,5480851378;3,0279886464;
202100036790.0;2;57;57221;2;3;1.0;3.0;49,3262200000;6,1258600000;
202100036791.0;1;56;56121;2;3;1.0;3.0;47,7606700000; -3,3847200000;
202100036792.0;1;56;56121;2;1;1.0;3.0;47,7729700000; -3,4048400000;
202100036793.0;1;54;54395;2;1;1.0;3.0;48,6839200714;6,1808502674;
202100036794.0;1;51;51454;2;3;7.0;3.0;49,2408000000;4,0528800000;
202100036795.0;1;49;49007;2;1;1.0;7.0;47,4740455784; -0,5753231049;
202100036796.0;1;49;49007;2;1;1.0;3.0;47,4669600000; -0,5546000000;
202100036797.0;1;44;44162;2;1;8.0;6.0;47,2068800000; -1,6132000000;
202100036798.0;1;41;41018;2;2;1.0;2.0;47,5691400000;1,3371800000;
202100036799.0;1;40;40279;2;3;1.0;1.0;43,7290786867; -1,0488898975;
202100036800.0;1;37;37261;2;1;1.0;6.0;47,3966741199;0,6808860004;
202100036801.0;1;35;35238;2;8;1.0;6.0;48,0929410000; -1,6310450000;
202100036802.0;1;34;34003;1;1;1.0;1.0;43,2987900000;3,4424800000;
202100036803.0;1;33;33550;2;3;1.0;3.0;44,7834342268; -0,5931158064;
202100036804.0;1;31;31555;2;1;1.0;6.0;43,5808900000;1,4088700000;
202100036805.0;1;31;31555;2;9;1.0;3.0;43,6163500000;1,4089100000;
202100036806.0;1;29;29232;1;6;1.0;2.0;48,0158728655; -4,0874406695;
202100036807.0;1;29;29232;2;6;1.0;1.0;48,0059117241; -4,0975025296;
202100036808.0;1;29;29019;2;1;1.0;2.0;48,3954000000; -4,4883000000;
202100036809.0;1;25;25462;2;6;1.0;3.0;46,9057300000;6,3576600000;
202100036810.0;1;25;25056;2;9;1.0;5.0;47,2178200000;6,0060800000;
202100036811.0;1;17;17300;2;2;1.0;3.0;46,1607300000; -1,1532700000;
202100036812.0;1;17;17300;2;1;1.0;1.0;46,1587950000; -1,1498670000;
202100036813.0;1;17;17200;2;6;1.0;3.0;46,1782000000; -1,1530100000;
202100036814.0;1;17;17300;2;1;1.0;6.0;46,1607300000; -1,1532900000;