Num_Acc;lum;departement;commune;agglomeration;intersection;meteo;type_collision;lat;long;date
202100036815.0;5;14;14437;1;2;1.0;3.0;49,1823500000; -0,3210100000;
202100036816.0;1;13;13208;2;1;1.0;3.0;43,2775600000;5,3761500000;
202100036817.0;1;13;13209;2;3;1.0;2.0;43,2725600000;5,4011900000;
202100036818.0;1;13;13211;2;3;1.0;1.0;43,2898890000;5,4263140000;
202100036819.0;1;13;13214;1;1;2.0;2.0;43,3397000000;5,3796700000;
202100036820.0;1;13;13047;1;1;1.0;2.0;43,4978185484;4,9663015486;
202100036821.0;1;13;13005;2;6;2.0;6.0;43,2912193916;5,5935430527;
202100036822.0;2;11;11262;2;6;1.0;3.0;43,2005000000;3,0193600000;
202100036823.0;1;11;11262;2;1;1.0;6.0;43,1855200000;2,9894300000;
202100036824.0;1;11;11069;2;1;8.0;7.0;43,2104700000;2,3495200000;
202100036825.0;1;06;06029;2;1;1.0;6.0;43,5552800000;7,0218600000;
202100036826.0;1;06;06027;2;1;1.0;3.0;43,6647480000;7,1720490000;
202100036827.0;1;75;75116;2;1;1.0;3.0;48,8539420000;2,2539860000;
202100036828.0;1;75;75117;2;4;1.0;6.0;48,8974680000;2,3122690000;
202100036829.0;1;75;75118;2;1;1.0;4.0;48,9008690000;2,3643360000;
202100036830.0;1;75;75118;2;1;1.0;4.0;48,9006820000;2,3670730000;
202100036831.0;1;75;75106;2;1;1.0;2.0;48,8431110000;2,3384690000;
202100036832.0;1;75;75120;2;2;1.0;2.0;48,8655190000;2,4117130000;
202100036833.0;1;75;75118;2;1;1.0;3.0;48,8933900000;2,3290370000;
202100036834.0;1;75;75118;2;3;1.0;3.0;48,8844690000;2,3494930000;
202100036835.0;1;75;75117;2;3;1.0;3.0;48,8902390000;2,3172200000;
202100036836.0;1;75;75116;2;3;1.0;3.0;48,8772650000;2,2785770000;
202100036837.0;1;75;75115;2;1;1.0;3.0;48,8473860000;2,3007960000;
202100036838.0;1;75;75115;2;1;1.0;3.0;48,8338860000;2,3016180000;
202100036839.0;2;75;75115;2;2;1.0;3.0;48,8361620000;2,2783440000;
202100036840.0;1;75;75114;2;3;1.0;6.0;48,8307340000;2,3338660000;
202100036841.0;1;75;75113;2;2;1.0;6.0;48,8192200000;2,3620780000;
202100036842.0;1;75;75112;2;1;1.0;3.0;48,8415600000;2,3935120000;
202100036843.0;1;75;75107;2;1;1.0;2.0;48,8577230000;2,2915550000;
202100036844.0;1;75;75107;2;2;1.0;3.0;48,8517650000;2,3138720000;
202100036845.0;1;75;75101;2;2;1.0;3.0;48,8666120000;2,3285860000;
202100036846.0;5;94;94081;2;3;1.0;7.0;48,8077300000;2,4076700000;
202100036847.0;5;94;94081;2;3;1.0;6.0;48,7764610110;2,3976159096;
202100036848.0;1;94;94078;2;1;1.0;5.0;48,7334850000;2,4518270000;
202100036849.0;1;94;94078;2;2;1.0;3.0;48,7399300000;2,4526000000;
202100036850.0;1;94;94068;2;3;1.0;3.0;48,7978800000;2,4976100000;
202100036851.0;1;94;94076;2;1;1.0;1.0;48,7844600000;2,3632700000;
202100036852.0;1;94;94003;2;1;1.0;7.0;48,8062603318;2,3338647137;
202100036853.0;1;94;94041;2;1;1.0;6.0;48,8156600000;2,3934500000;
202100036854.0;1;94;94041;2;3;1.0;6.0;48,8122400000;2,3918200000;
202100036855.0;1;94;94034;2;1;1.0;7.0;48,7542600000;2,3269300000;
202100036856.0;1;94;94022;2;2;1.0;4.0;48,7706500000;2,4014900000;
202100036857.0;1;94;94077;2;9;1.0;3.0;48,7311740000;2,4419710000;
202100036858.0;1;94;94017;2;1;1.0;6.0;48,8122030000;2,5138610000;
202100036859.0;1;93;93078;2;1;1.0;3.0;48,9553000000;2,5609300000;
202100036860.0;1;93;93070;2;1;7.0;3.0;48,9058860000;2,3441310000;
202100036861.0;1;93;93066;2;1;1.0;6.0;48,9237350000;2,3400460000;
202100036862.0;1;93;93066;2;2;1.0;2.0;48,9136350000;2,3629660000;
202100036863.0;1;93;93029;2;1;1.0;3.0;48,9200500000;2,4513900000;
202100036864.0;1;93;93013;2;1;1.0;2.0;48,9388970000;2,4295020000;
202100036865.0;2;93;93014;2;1;1.0;6.0;48,9079650000;2,5414550000;
202100036866.0;1;93;93008;2;1;1.0;6.0;48,9153300000;2,4133500000;
202100036867.0;1;93;93001;2;1;1.0;6.0;48,9087730000;2,3699350000;
202100036868.0;1;92;92046;2;1;1.0;6.0;48,8216368732;2,2976419330;
202100036869.0;1;92;92051;2;1;1.0;6.0;48,8812020915;2,2724801302;
202100036870.0;1;92;92050;2;1;1.0;3.0;48,9196334802;2,2216066718;
202100036871.0;1;92;92050;2;1;1.0;3.0;48,8954670664;2,2281223579;
202100036872.0;5;92;92050;2;2;1.0;2.0;48,8927759556;2,1875399351;
202100036873.0;4;92;92044;2;1;1.0;3.0;48,8901800564;2,2931331396;
202100036874.0;2;92;92004;2;1;1.0;5.0;48,9111000000;2,2990000000;
202100036875.0;1;37;37031;2;1;1.0;3.0;47,2773401405;0,1831841469;
202100036876.0;1;14;14689;1;1;7.0;4.0;48,9891100000; -0,4716500000;
202100036877.0;5;95;95052;2;6;1.0;6.0;49,1379975672;2,2720456123;
202100036878.0;1;33;33030;1;1;1.0;6.0;44,6199518906; -0,3239893913;
202100036879.0;1;42;42161;1;1;1.0;6.0;45,9980950000;4,1130500000;
202100036880.0;1;31;31382;1;2;1.0;3.0;43,4508240000;1,0742250000;
202100036881.0;1;31;31547;2;1;1.0;3.0;43,5056810000;1,3227470000;
202100036882.0;1;28;28085;1;1;1.0;6.0;48,4346290000;1,5216760000;
202100036883.0;3;972;97232;1;1;1.0;6.0;14,5608640000; -60,8520700000;
202100036884.0;3;972;97210;1;1;1.0;1.0;14,5809150000; -60,9267850000;
202100036885.0;1;12;12197;2;2;1.0;3.0;44,0367250000;2,5811330000;
202100036886.0;1;12;12157;1;1;1.0;6.0;44,3417670000;2,7405950000;
202100036887.0;1;51;51389;1;2;1.0;3.0;49,1330250000;4,3371860000;
202100036888.0;3;62;62439;1;1;1.0;7.0;50,8015270000;1,8760870000;
202100036889.0;1;59;59432;1;6;1.0;5.0;50,1518610000;3,2637440000;
202100036890.0;1;59;59164;1;9;1.0;3.0;50,1556560000;3,5797560000;
202100036891.0;2;79;79076;2;2;1.0;3.0;46,7378460000; -0,4749010000;
202100036892.0;1;79;79351;1;2;1.0;3.0;46,4393650000; -0,5609250000;
202100036893.0;1;2B;2B150;1;1;1.0;7.0;42,6032940000;8,8410760000;
202100036894.0;5;2B;2B318;1;1;1.0;6.0;42,4328330000;9,5233170000;
202100036895.0;1;80;80097;2;3;1.0;3.0;49,7948510000;2,9642650000;
202100036896.0;1;61;61214;2;1;1.0;6.0;48,7650980000;0,6138160000;
202100036897.0;1;49;49347;1;3;1.0;3.0;47,6008620000; -0,4682570000;
202100036898.0;1;42;42026;2;1;1.0;2.0;46,1487520000;4,0869020000;
202100036899.0;1;25;25559;1;1;1.0;6.0;47,2597840000;6,8557910000;
202100036900.0;1;25;25015;2;1;1.0;6.0;47,0375900000;6,0712500000;
202100036901.0;2;44;44096;2;3;7.0;3.0;47,4357880000; -1,2286130000;
202100036902.0;4;02;02086;2;1;1.0;6.0;49,5794440000;3,2130610000;
202100036903.0;1;01;01151;1;1;1.0;3.0;46,0729960000;5,3239110000;
202100036904.0;1;58;58182;2;1;1.0;1.0;46,9812660000;3,8068270000;
202100036905.0;1;72;72337;2;1;1.0;1.0;48,3165541094; -0,0316311226;
202100036906.0;1;50;50082;2;1;1.0;7.0;49,4764620000; -1,6212990000;
202100036907.0;1;09;09189;1;1;2.0;3.0;42,6118540000;1,8196590000;
202100036908.0;1;07;07064;2;3;1.0;1.0;44,9107010000;4,4352580000;
202100036909.0;1;53;53258;1;1;1.0;1.0;47,8305930000; -1,0444960000;
202100036910.0;1;53;53062;2;1;1.0;6.0;47,8231470000; -0,7074470000;
202100036911.0;1;04;04145;2;3;1.0;6.0;44,1351100000;5,9585810000;
202100036912.0;1;85;85022;2;1;1.0;6.0;46,4289540000; -1,4251760000;
202100036913.0;1;85;85103;2;6;1.0;7.0;46,5402090000; -1,6149370000;
202100036914.0;2;08;08336;1;2;1.0;3.0;49,6584440000;5,1691640000;
202100036915.0;1;88;88510;2;8;7.0;3.0;48,0950000000;5,7749680000;
202100036916.0;1;67;67049;2;3;1.0;7.0;48,5046350000;7,6045080000;
202100036917.0;5;973;97309;2;1;1.0;6.0;4,9246410000; -52,2849760000;
202100036918.0;1;66;66213;2;6;1.0;6.0;42,6723080000;2,8335070000;
202100036919.0;1;17;17189;1;3;1.0;2.0;45,8241951950; -1,0557969418;
202100036920.0;1;28;28367;1;1;1.0;2.0;48,1487870000;1,8557990000;
202100036921.0;1;13;13076;1;1;1.0;2.0;43,8327700000;5,0063970000;
202100036922.0;2;988;98825;1;1;1.0;6.0; -21,2585810000;165,0224590000;
202100036923.0;1;25;25446;1;2;1.0;1.0;47,2802700000;6,3894460000;
202100036924.0;1;57;57260;2;1;1.0;6.0;49,1619510000;7,0315930000;
202100036925.0;3;69;69255;1;1;1.0;6.0;45,7354733927;4,6683145117;
202100036926.0;1;72;72185;1;1;1.0;7.0;47,7087440000;0,0027360000;
202100036927.0;2;44;44025;1;1;1.0;7.0;47,4428090000; -1,9484640000;
202100036928.0;1;14;14762;1;1;1.0;7.0;48,8624840000; -0,8868240000;
202100036929.0;1;60;60341;1;1;1.0;6.0;49,0850855572;2,7311582563;
202100036930.0;1;60;60028;1;1;1.0;2.0;49,2153230000;2,5568370000;
202100036931.0;1;13;13015;1;1;1.0;2.0;43,4287700000;5,4006600000;
202100036932.0;1;13;13071;1;1;2.0;2.0;43,4141100000;5,2795600000;
202100036933.0;3;69;69283;1;1;1.0;6.0;45,6712500000;4,9372700000;
202100036934.0;1;33;33249;1;1;1.0;4.0;44,8742100000; -0,5070370000;
202100036935.0;1;59;59378;1;1;1.0;4.0;50,6588210000;3,1127810000;
202100036936.0;1;91;91687;1;1;1.0;4.0;48,6640800000;2,3657200000;
202100036937.0;1;91;91161;1;1;1.0;3.0;48,7086600000;2,3066200000;
202100036938.0;1;93;93053;1;1;1.0;4.0;48,8819000000;2,4538000000;
202100036939.0;1;95;95582;1;1;1.0;4.0;48,9636600000;2,2666000000;
202100036940.0;1;93;93001;1;1;1.0;5.0;48,9219900000;2,3654100000;
202100036941.0;3;93;93048;1;1;1.0;2.0;48,8731300000;2,4359200000;
202100036942.0;3;93;93053;1;1;1.0;7.0;48,8958000000;2,4707400000;
202100036943.0;1;11;11262;2;3;1.0;2.0;43,1848100000;2,9978500000;
202100036944.0;1;976;97611;1;1;1.0;6.0; -12,7727900000;45,2226700000;
202100036945.0;1;76;76231;2;1;1.0;6.0;49,2800200000;1,0074700000;
202100036946.0;1;75;75113;2;1;1.0;6.0;48,8336990000;2,3687780000;
202100036947.0;5;988;98818;2;2;1.0;3.0; -22,2801900000;166,4432600000;
202100036948.0;1;976;97611;2;6;1.0;2.0; -12,7964500000;45,2158800000;
202100036949.0;1;974;97411;2;1;1.0;3.0; -20,8979700000;55,4803610000;
202100036950.0;2;974;97411;1;1;1.0;2.0; -20,8927290542;55,3795543979;
202100036951.0;1;69;69259;2;1;1.0;6.0;45,6998800000;4,8876800000;
202100036952.0;1;69;69387;2;2;1.0;3.0;45,7466500000;4,8344300000;
202100036953.0;1;69;69383;2;3;1.0;3.0;45,7572500000;4,8408100000;
202100036954.0;1;69;69388;2;1;1.0;3.0;45,7448700000;4,8670900000;
202100036955.0;1;69;69387;2;2;1.0;1.0;45,7314900000;4,8299000000;
202100036956.0;1;69;69388;2;1;1.0;6.0;45,7294015881;4,8526377385;
202100036957.0;1;69;69034;2;3;1.0;3.0;45,7880900000;4,8531800000;
202100036958.0;1;95;95277;2;1;1.0;3.0;48,9882300000;2,4589500000;
202100036959.0;1;91;91549;2;1;1.0;3.0;48,6524100000;2,3154800000;
202100036960.0;1;91;91345;2;1;1.0;6.0;48,6970120000;2,3019070000;
202100036961.0;1;88;88413;2;7;2.0;7.0;48,2821700000;6,9485300000;
202100036962.0;1;87;87085;2;1;1.0;3.0;45,8850400000;1,2808200000;
202100036963.0;1;83;83137;2;1;1.0;3.0;43,1260900000;5,9225000000;
202100036964.0;1;80;80256;2;1;1.0;3.0;49,9135900000;2,2357000000;
202100036965.0;1;80;80021;2;1;1.0;2.0;49,8889700000;2,2976300000;
202100036966.0;1;80;80021;2;1;1.0;2.0;49,8752400000;2,2818800000;
202100036967.0;1;78;78092;2;3;1.0;6.0;48,8628170000;2,1395740000;
202100036968.0;1;78;78354;2;3;1.0;6.0;48,9751600000;1,6922600000;
202100036969.0;1;77;77284;2;1;1.0;7.0;48,9565400000;2,8738100000;
202100036970.0;1;77;77186;1;1;1.0;4.0;48,4847000000;2,6656600000;
202100036971.0;5;77;77070;2;2;1.0;3.0;48,7895500000;3,1240600000;
202100036972.0;1;76;76498;2;6;1.0;3.0;49,4259030000;1,0590110000;
202100036973.0;1;76;76351;2;5;1.0;7.0;49,5055200000;0,1149000000;
202100036974.0;1;71;71306;2;1;1.0;7.0;46,6741500000;4,3720200000;
202100036975.0;1;69;69275;2;1;1.0;3.0;45,7707600000;4,9824400000;
202100036976.0;1;69;69264;2;1;1.0;2.0;45,9833200000;4,7197800000;
202100036977.0;1;69;69264;1;3;1.0;3.0;45,9998044170;4,7441379858;
202100036978.0;1;68;68297;2;1;1.0;6.0;47,5806751407;7,5580170751;
202100036979.0;1;67;67482;2;1;1.0;3.0;48,5830690664;7,6956578460;
202100036980.0;1;67;67482;2;3;1.0;3.0;48,5749720000;7,7301850000;
202100036981.0;1;67;67482;2;1;1.0;3.0;48,5949380000;7,7074320000;
202100036982.0;1;66;66136;2;1;1.0;6.0;42,7035200000;2,8888700000;
202100036983.0;1;66;66136;2;3;1.0;3.0;42,7175400000;2,8893400000;
202100036984.0;1;64;64335;2;3;8.0;3.0;43,3222500000; -0,4160200000;
202100036985.0;1;64;64024;2;1;1.0;7.0;43,4812500000; -1,5111800000;
202100036986.0;1;64;64102;2;1;1.0;7.0;43,4838800000; -1,4767500000;
202100036987.0;1;64;64102;2;1;1.0;2.0;43,4627100000; -1,4952600000;
202100036988.0;1;63;63300;1;6;1.0;3.0;45,9080600000;3,1238400000;
202100036989.0;1;60;60175;2;1;1.0;3.0;49,2701311957;2,4945061538;
202100036990.0;1;57;57240;2;2;1.0;3.0;49,1510354000;6,8127871000;
202100036991.0;1;56;56121;2;2;1.0;3.0;47,7528500000; -3,3618700000;
202100036992.0;1;56;56107;1;6;1.0;2.0;47,7111914000; -3,3957865000;
202100036993.0;1;56;56107;2;1;1.0;6.0;47,7073800000; -3,3816500000;
202100036994.0;1;56;56083;2;6;1.0;6.0;47,8003632465; -3,2711134851;
202100036995.0;1;56;56121;2;3;1.0;3.0;47,7391000000; -3,3759200000;
202100036996.0;1;54;54431;2;1;1.0;4.0;48,8956300000;6,0457600000;
202100036997.0;1;51;51454;2;3;1.0;2.0;49,2664859537;4,0148844215;
202100036998.0;1;51;51454;2;1;1.0;2.0;49,2514300000;4,0531300000;
202100036999.0;1;49;49007;2;1;1.0;1.0;47,4726096868; -0,5565744638;
202100037000.0;1;49;49007;2;1;1.0;6.0;47,4721400000; -0,5664600000;
202100037001.0;1;45;45232;2;3;1.0;6.0;47,8649300000;1,9022100000;
202100037002.0;1;45;45208;2;3;1.0;6.0;48,0021878543;2,7348009646;
202100037003.0;1;42;42170;1;1;1.0;7.0;46,0201000000;4,1020500000;
202100037004.0;1;42;42316;2;1;1.0;6.0;45,3922800000;4,2712400000;
202100037005.0;5;38;38185;2;9;1.0;6.0;45,2054800000;5,6999000000;
202100037006.0;1;37;37208;2;1;1.0;7.0;47,3730723909;0,7159285506;
202100037007.0;1;35;35238;2;2;1.0;3.0;48,0936200000; -1,6744900000;
202100037008.0;1;35;35238;2;6;1.0;3.0;48,1351000000; -1,6523200000;
202100037009.0;1;34;34172;2;2;1.0;1.0;43,6113700000;3,8287000000;
202100037010.0;1;34;34172;2;1;1.0;6.0;43,6225300000;3,8154400000;
202100037011.0;1;33;33063;2;3;1.0;3.0;44,8232500000; -0,5707200000;
202100037012.0;1;33;33318;2;3;1.0;2.0;44,7814700000; -0,6544800000;
202100037013.0;1;31;31555;2;1;1.0;6.0;43,5773100000;1,4506000000;
202100037014.0;1;30;30189;2;1;1.0;6.0;43,8362800000;4,3625000000;
202100037015.0;1;30;30189;1;1;1.0;3.0;43,8112490000;4,3623930000;
202100037016.0;5;30;30189;2;2;1.0;6.0;43,8369000000;4,3768000000;
202100037017.0;1;28;28134;2;3;1.0;2.0;48,7335480000;1,3511840000;
202100037018.0;1;27;27681;2;1;1.0;6.0;49,0795100000;1,4875200000;
202100037019.0;1;25;25056;2;3;1.0;2.0;47,2521600000;6,0147800000;
202100037020.0;1;24;24037;1;1;1.0;2.0;44,8684800000;0,4463900000;
202100037021.0;1;22;22106;2;1;1.0;3.0;48,5010710000; -2,7287230000;
202100037022.0;5;19;19101;1;1;1.0;6.0;45,2496840000;1,7732390000;
202100037023.0;1;19;19272;2;1;1.0;1.0;45,2632885315;1,7633056641;
202100037024.0;1;14;14118;2;4;1.0;6.0;49,1747900000; -0,3532500000;
202100037025.0;1;14;14341;2;1;1.0;2.0;49,1524500000; -0,3510200000;
202100037026.0;1;13;13075;2;1;1.0;1.0;43,3437080000;5,4576150000;
202100037027.0;1;13;13205;2;2;1.0;2.0;43,2883200000;5,3927000000;
202100037028.0;1;13;13212;2;1;1.0;2.0;43,3039692013;5,4726189977;
202100037029.0;1;13;13201;2;1;1.0;2.0;43,2929300000;5,3772000000;
202100037030.0;1;07;07316;1;1;1.0;2.0;44,9095400000;4,8539700000;
202100037031.0;5;06;06088;2;2;1.0;3.0;43,7021600000;7,2887500000;
202100037032.0;1;06;06069;2;1;1.0;6.0;43,6603000000;6,9238200000;
202100037033.0;1;06;06027;2;9;1.0;6.0;43,6699790000;7,1453120000;
202100037034.0;1;03;03190;2;6;1.0;3.0;46,5630300000;3,3365300000;
202100037035.0;1;75;75116;2;1;1.0;3.0;48,8704830000;2,2725290000;
202100037036.0;1;75;75118;2;1;1.0;2.0;48,9011940000;2,3507470000;
202100037037.0;1;75;75112;2;4;1.0;5.0;48,8359910000;2,4120530000;
202100037038.0;1;75;75114;2;1;1.0;2.0;48,8242920000;2,3063700000;
202100037039.0;5;75;75113;2;1;1.0;2.0;48,8230400000;2,3812350000;
202100037040.0;1;75;75120;2;3;1.0;3.0;48,8646850000;2,3945160000;
202100037041.0;1;75;75119;2;3;1.0;3.0;48,8799890000;2,3743040000;
202100037042.0;1;75;75119;2;2;1.0;3.0;48,8904250000;2,3987280000;
202100037043.0;5;75;75119;2;1;1.0;6.0;48,8932730000;2,3738500000;
202100037044.0;1;75;75116;2;1;1.0;3.0;48,8649420000;2,2912190000;
202100037045.0;5;75;75116;2;3;1.0;3.0;48,8750170000;2,2581780000;
202100037046.0;1;75;75114;2;3;1.0;2.0;48,8250070000;2,3021830000;
202100037047.0;2;75;75113;2;1;1.0;6.0;48,8300550000;2,3480830000;
202100037048.0;1;75;75113;2;3;1.0;3.0;48,8259350000;2,3527430000;
202100037049.0;1;75;75112;2;1;1.0;3.0;48,8345090000;2,3809110000;
202100037050.0;1;75;75112;2;1;1.0;6.0;48,8347190000;2,3848740000;
202100037051.0;1;75;75112;2;1;1.0;6.0;48,8403610000;2,3974150000;
202100037052.0;1;75;75110;2;1;1.0;2.0;48,8732010000;2,3600210000;
202100037053.0;1;75;75107;2;4;1.0;2.0;48,8563351260;2,3098165714;
202100037054.0;1;75;75108;2;7;1.0;7.0;48,8640780000;2,3201430000;
202100037055.0;1;75;75102;2;2;1.0;3.0;48,8702430000;2,3299620000;
202100037056.0;5;75;75103;2;7;1.0;3.0;48,8671490000;2,3637250000;
202100037057.0;1;94;94044;2;1;1.0;6.0;48,7429083635;2,4832749367;
202100037058.0;1;94;94068;2;1;1.0;3.0;48,8094500000;2,4709900000;
202100037059.0;1;94;94041;2;1;1.0;1.0;48,8177400000;2,3758100000;
202100037060.0;1;94;94028;2;4;1.0;3.0;48,7854400000;2,4499300000;
202100037061.0;1;94;94041;2;4;1.0;3.0;48,8180500000;2,3948900000;
202100037062.0;2;94;94056;2;1;1.0;7.0;48,6956800000;2,5550300000;
202100037063.0;1;94;94002;2;1;1.0;3.0;48,7946100000;2,4254900000;
202100037064.0;1;94;94002;2;3;1.0;3.0;48,7982500000;2,4205300000;
202100037065.0;1;93;93073;1;6;1.0;3.0;48,9891940000;2,5200790000;
202100037066.0;1;93;93073;2;6;1.0;2.0;48,9708900000;2,5488900000;
202100037067.0;1;93;93066;2;1;1.0;3.0;48,9461730000;2,3573030000;
202100037068.0;1;93;93048;2;1;1.0;6.0;48,8590881636;2,4430534243;
202100037069.0;1;93;93046;2;2;1.0;3.0;48,9165400000;2,5314700000;
202100037070.0;1;93;93032;2;4;1.0;3.0;48,8814300000;2,5412000000;
202100037071.0;1;93;93032;2;3;1.0;6.0;48,8843000000;2,5473200000;
202100037072.0;1;93;93005;2;1;1.0;2.0;48,9580700000;2,5049800000;
202100037073.0;1;92;92072;2;1;1.0;3.0;48,8231200000;2,2095700000;
202100037074.0;1;92;92051;2;1;1.0;2.0;48,8818900000;2,2687200000;
202100037075.0;1;92;92049;2;1;1.0;7.0;48,8131136041;2,3278749619;
202100037076.0;1;92;92036;2;1;1.0;3.0;48,9211444701;2,3186033964;
202100037077.0;1;92;92026;2;6;1.0;3.0;48,9054736823;2,2561964393;
202100037078.0;1;92;92025;2;2;1.0;3.0;48,9356205486;2,2608259320;
202100037079.0;1;92;92024;2;4;1.0;3.0;48,9084686793;2,3000178581;
202100037080.0;1;973;97353;2;1;1.0;6.0;3,6405880000; -54,0291200000;
202100037081.0;2;41;41032;1;1;1.0;7.0;47,5522120000;1,2982540000;
202100037082.0;1;33;33254;1;2;1.0;3.0;44,5482610000; -0,0346000000;
202100037083.0;5;974;97422;2;1;1.0;7.0; -21,2528020000;55,5110250000;
202100037084.0;1;86;86191;1;1;1.0;6.0;46,5050310000;0,8217970000;
202100037085.0;1;79;79148;2;1;1.0;7.0;46,2634760000; -0,0100960000;
202100037086.0;1;59;59260;1;1;1.0;6.0;51,0573316098;2,4898247305;
202100037087.0;1;2B;2B143;1;1;1.0;3.0;42,2279020000;9,5269440000;
202100037088.0;1;19;19121;1;1;1.0;1.0;45,4122350000;1,4007780000;
202100037089.0;1;56;56090;1;1;1.0;6.0;47,8906110000; -3,2183180000;
202100037090.0;1;56;56251;2;1;1.0;6.0;47,6399600000; -2,5972920000;
202100037091.0;1;2B;2B319;1;1;1.0;7.0;42,4169940000;9,5290950000;
202100037092.0;1;80;80661;2;1;3.0;6.0;49,9680440000;2,3511980000;
202100037093.0;1;82;82102;1;1;1.0;1.0;44,0150710000;0,8494230000;
202100037094.0;1;11;11165;1;1;1.0;6.0;42,8715690000;2,1541790000;
202100037095.0;1;89;89208;2;1;1.0;7.0;47,6191750000;3,8677700000;
202100037096.0;1;76;76711;2;1;1.0;6.0;50,0607000000;1,3723450000;
202100037097.0;1;12;12016;1;1;1.0;1.0;44,5182890000;2,3436610000;
202100037098.0;1;41;41231;1;2;1.0;3.0;47,4995290000;1,9895770000;
202100037099.0;1;29;29072;2;1;8.0;7.0;47,7933440000; -4,2883370000;
202100037100.0;1;31;31033;2;1;1.0;6.0;43,3316870000;1,4840610000;
202100037101.0;1;38;38137;1;3;1.0;2.0;45,2657620000;5,4630700000;
202100037102.0;1;06;06150;1;9;1.0;1.0;43,7342600000;7,3962010000;
202100037103.0;1;90;90012;1;1;1.0;3.0;47,6521880000;6,9543300000;
202100037104.0;1;43;43135;2;3;1.0;3.0;44,9407100000;3,9934770000;
202100037105.0;1;85;85081;1;1;1.0;1.0;46,7726860000; -1,3636390000;
202100037106.0;1;37;37059;1;1;7.0;6.0;47,4688893101;0,6186092955;
202100037107.0;1;08;08085;1;1;1.0;7.0;49,4768350000;4,8593070000;
202100037108.0;2;88;88316;1;2;1.0;3.0;48,2346750000;5,8032440000;
202100037109.0;1;67;67324;2;1;1.0;4.0;48,9585590000;7,6465330000;
202100037110.0;2;76;76586;1;1;1.0;2.0;49,5697590000;0,3772690000;
202100037111.0;1;35;35131;1;2;1.0;3.0;48,1300970000; -1,8051430000;
202100037112.0;1;49;49284;1;2;1.0;2.0;47,4092850000; -0,7941060000;
202100037113.0;1;60;60538;1;1;1.0;4.0;49,5590520724;2,7346944809;
202100037114.0;1;988;98827;1;1;1.0;7.0; -21,3697360000;165,1895710000;
202100037115.0;3;28;28289;1;1;1.0;6.0;48,6184420000;1,4595080000;
202100037116.0;1;45;45210;1;1;1.0;6.0;47,8930390000;2,8442570000;
202100037117.0;2;34;34166;2;1;1.0;2.0;43,3984220000;3,3554430000;
202100037118.0;1;26;26002;1;1;1.0;6.0;45,2205010000;4,8596050000;
202100037119.0;3;70;70389;1;1;1.0;6.0;47,3977680000;5,6238840000;
202100037120.0;1;71;71360;1;1;1.0;1.0;46,3278690000;4,7547950000;
202100037121.0;1;67;67046;2;3;1.0;3.0;48,7660550000;7,8612920000;
202100037122.0;1;88;88196;2;3;1.0;3.0;48,0808080000;6,8964450000;
202100037123.0;1;73;73248;2;1;8.0;6.0;45,2717450000;6,3512620000;
202100037124.0;1;73;73006;2;1;1.0;7.0;45,5575770000;6,6244500000;
202100037125.0;1;19;19085;1;2;1.0;3.0;45,3266370000;1,8622200000;
202100037126.0;1;35;35360;1;1;1.0;5.0;48,0910950000; -1,2048480000;
202100037127.0;1;60;60500;2;1;1.0;7.0;49,0979460000;2,7619990000;
202100037128.0;1;62;62861;2;4;1.0;3.0;50,3682950000;2,7998940000;
202100037129.0;1;59;59595;1;1;1.0;7.0;50,2210170000;3,3083870000;
202100037130.0;1;13;13015;1;1;1.0;4.0;43,4280800000;5,3863500000;
202100037131.0;1;13;13005;1;1;1.0;6.0;43,2899700000;5,5535300000;
202100037132.0;1;13;13215;1;1;1.0;4.0;43,3692293168;5,3609404563;
202100037133.0;3;13;13215;1;1;1.0;6.0;43,3775500000;5,3580700000;
202100037134.0;1;69;69266;1;1;1.0;4.0;45,7571800000;4,9088000000;
202100037135.0;3;69;69199;1;1;1.0;2.0;45,6902400000;4,8454700000;
202100037136.0;1;69;69290;1;1;1.0;5.0;45,7090000000;4,9679200000;
202100037137.0;1;33;33096;1;1;1.0;4.0;44,9041790000; -0,4929410000;
202100037138.0;1;62;62498;1;1;1.0;2.0;50,4472300000;2,8379680000;
202100037139.0;1;59;59435;1;1;1.0;2.0;50,4906700000;3,2127100000;
202100037140.0;1;91;91363;1;1;1.0;6.0;48,6593380000;2,1843650000;
202100037141.0;1;91;91570;1;1;1.0;2.0;48,6250000000;2,3161950000;
202100037142.0;1;91;91340;1;1;1.0;5.0;48,6041100000;2,4369500000;
202100037143.0;1;94;94034;1;1;1.0;2.0;48,7600300000;2,3209900000;